<?xml version="1.0" encoding="UTF-8" ?>
<Actors>
<Actor>
  <id>72117</id>
  <Image>actors/72117.jpg</Image>
  <Name>Alex O'Loughlin</Name>
  <Role>Mick St. John</Role>
  <SortOrder>0</SortOrder>
</Actor>
<Actor>
  <id>72119</id>
  <Image>actors/72119.jpg</Image>
  <Name>Sophia Myles</Name>
  <Role>Beth Turner</Role>
  <SortOrder>1</SortOrder>
</Actor>
<Actor>
  <id>72120</id>
  <Image>actors/72120.jpg</Image>
  <Name>Jason Dohring</Name>
  <Role>Josef Kostan</Role>
  <SortOrder>2</SortOrder>
</Actor>
<Actor>
  <id>72118</id>
  <Image>actors/72118.jpg</Image>
  <Name>Shannyn Sossamon</Name>
  <Role>Coraline</Role>
  <SortOrder>3</SortOrder>
</Actor>
</Actors>