<?xml version="1.0" encoding="UTF-8" ?>
<Banners>
<Banner>
  <id>20379</id>
  <BannerPath>fanart/original/80512-3.jpg</BannerPath>
  <BannerType>fanart</BannerType>
  <BannerType2>1280x720</BannerType2>
  <Colors>|208,148,184|48,69,100|136,143,162|</Colors>
  <Language>en</Language>
  <Rating>9.0000</Rating>
  <RatingCount>5</RatingCount>
  <SeriesName>false</SeriesName>
  <ThumbnailPath>_cache/fanart/original/80512-3.jpg</ThumbnailPath>
  <VignettePath>fanart/vignette/80512-3.jpg</VignettePath>
</Banner>
<Banner>
  <id>919458</id>
  <BannerPath>fanart/original/80512-29.jpg</BannerPath>
  <BannerType>fanart</BannerType>
  <BannerType2>1920x1080</BannerType2>
  <Colors></Colors>
  <Language>fr</Language>
  <Rating>9.0000</Rating>
  <RatingCount>1</RatingCount>
  <SeriesName>false</SeriesName>
  <ThumbnailPath>_cache/fanart/original/80512-29.jpg</ThumbnailPath>
  <VignettePath>fanart/vignette/80512-29.jpg</VignettePath>
</Banner>
<Banner>
  <id>25148</id>
  <BannerPath>fanart/original/80512-6.jpg</BannerPath>
  <BannerType>fanart</BannerType>
  <BannerType2>1920x1080</BannerType2>
  <Colors></Colors>
  <Language>en</Language>
  <Rating>8.5000</Rating>
  <RatingCount>4</RatingCount>
  <SeriesName>false</SeriesName>
  <ThumbnailPath>_cache/fanart/original/80512-6.jpg</ThumbnailPath>
  <VignettePath>fanart/vignette/80512-6.jpg</VignettePath>
</Banner>
<Banner>
  <id>20164</id>
  <BannerPath>fanart/original/80512-1.jpg</BannerPath>
  <BannerType>fanart</BannerType>
  <BannerType2>1920x1080</BannerType2>
  <Colors>|152,187,241|11,23,39|209,192,202|</Colors>
  <Language>en</Language>
  <Rating>8.0000</Rating>
  <RatingCount>4</RatingCount>
  <SeriesName>false</SeriesName>
  <ThumbnailPath>_cache/fanart/original/80512-1.jpg</ThumbnailPath>
  <VignettePath>fanart/vignette/80512-1.jpg</VignettePath>
</Banner>
<Banner>
  <id>418741</id>
  <BannerPath>fanart/original/80512-26.jpg</BannerPath>
  <BannerType>fanart</BannerType>
  <BannerType2>1280x720</BannerType2>
  <Colors></Colors>
  <Language>en</Language>
  <Rating>8.0000</Rating>
  <RatingCount>1</RatingCount>
  <SeriesName>false</SeriesName>
  <ThumbnailPath>_cache/fanart/original/80512-26.jpg</ThumbnailPath>
  <VignettePath>fanart/vignette/80512-26.jpg</VignettePath>
</Banner>
<Banner>
  <id>418671</id>
  <BannerPath>fanart/original/80512-20.jpg</BannerPath>
  <BannerType>fanart</BannerType>
  <BannerType2>1280x720</BannerType2>
  <Colors></Colors>
  <Language>en</Language>
  <Rating>8.0000</Rating>
  <RatingCount>1</RatingCount>
  <SeriesName>false</SeriesName>
  <ThumbnailPath>_cache/fanart/original/80512-20.jpg</ThumbnailPath>
  <VignettePath>fanart/vignette/80512-20.jpg</VignettePath>
</Banner>
<Banner>
  <id>418681</id>
  <BannerPath>fanart/original/80512-21.jpg</BannerPath>
  <BannerType>fanart</BannerType>
  <BannerType2>1280x720</BannerType2>
  <Colors></Colors>
  <Language>en</Language>
  <Rating>7.0000</Rating>
  <RatingCount>1</RatingCount>
  <SeriesName>false</SeriesName>
  <ThumbnailPath>_cache/fanart/original/80512-21.jpg</ThumbnailPath>
  <VignettePath>fanart/vignette/80512-21.jpg</VignettePath>
</Banner>
<Banner>
  <id>418761</id>
  <BannerPath>fanart/original/80512-27.jpg</BannerPath>
  <BannerType>fanart</BannerType>
  <BannerType2>1280x720</BannerType2>
  <Colors></Colors>
  <Language>en</Language>
  <Rating>7.0000</Rating>
  <RatingCount>1</RatingCount>
  <SeriesName>false</SeriesName>
  <ThumbnailPath>_cache/fanart/original/80512-27.jpg</ThumbnailPath>
  <VignettePath>fanart/vignette/80512-27.jpg</VignettePath>
</Banner>
<Banner>
  <id>418691</id>
  <BannerPath>fanart/original/80512-22.jpg</BannerPath>
  <BannerType>fanart</BannerType>
  <BannerType2>1280x720</BannerType2>
  <Colors></Colors>
  <Language>en</Language>
  <Rating>7.0000</Rating>
  <RatingCount>1</RatingCount>
  <SeriesName>false</SeriesName>
  <ThumbnailPath>_cache/fanart/original/80512-22.jpg</ThumbnailPath>
  <VignettePath>fanart/vignette/80512-22.jpg</VignettePath>
</Banner>
<Banner>
  <id>418661</id>
  <BannerPath>fanart/original/80512-19.jpg</BannerPath>
  <BannerType>fanart</BannerType>
  <BannerType2>1280x720</BannerType2>
  <Colors></Colors>
  <Language>en</Language>
  <Rating>7.0000</Rating>
  <RatingCount>1</RatingCount>
  <SeriesName>false</SeriesName>
  <ThumbnailPath>_cache/fanart/original/80512-19.jpg</ThumbnailPath>
  <VignettePath>fanart/vignette/80512-19.jpg</VignettePath>
</Banner>
<Banner>
  <id>418651</id>
  <BannerPath>fanart/original/80512-18.jpg</BannerPath>
  <BannerType>fanart</BannerType>
  <BannerType2>1280x720</BannerType2>
  <Colors></Colors>
  <Language>en</Language>
  <Rating>7.0000</Rating>
  <RatingCount>1</RatingCount>
  <SeriesName>false</SeriesName>
  <ThumbnailPath>_cache/fanart/original/80512-18.jpg</ThumbnailPath>
  <VignettePath>fanart/vignette/80512-18.jpg</VignettePath>
</Banner>
<Banner>
  <id>418701</id>
  <BannerPath>fanart/original/80512-23.jpg</BannerPath>
  <BannerType>fanart</BannerType>
  <BannerType2>1280x720</BannerType2>
  <Colors></Colors>
  <Language>en</Language>
  <Rating>7.0000</Rating>
  <RatingCount>1</RatingCount>
  <SeriesName>false</SeriesName>
  <ThumbnailPath>_cache/fanart/original/80512-23.jpg</ThumbnailPath>
  <VignettePath>fanart/vignette/80512-23.jpg</VignettePath>
</Banner>
<Banner>
  <id>418721</id>
  <BannerPath>fanart/original/80512-24.jpg</BannerPath>
  <BannerType>fanart</BannerType>
  <BannerType2>1280x720</BannerType2>
  <Colors></Colors>
  <Language>en</Language>
  <Rating>6.0000</Rating>
  <RatingCount>1</RatingCount>
  <SeriesName>false</SeriesName>
  <ThumbnailPath>_cache/fanart/original/80512-24.jpg</ThumbnailPath>
  <VignettePath>fanart/vignette/80512-24.jpg</VignettePath>
</Banner>
<Banner>
  <id>418731</id>
  <BannerPath>fanart/original/80512-25.jpg</BannerPath>
  <BannerType>fanart</BannerType>
  <BannerType2>1280x720</BannerType2>
  <Colors></Colors>
  <Language>en</Language>
  <Rating>6.0000</Rating>
  <RatingCount>1</RatingCount>
  <SeriesName>false</SeriesName>
  <ThumbnailPath>_cache/fanart/original/80512-25.jpg</ThumbnailPath>
  <VignettePath>fanart/vignette/80512-25.jpg</VignettePath>
</Banner>
<Banner>
  <id>628031</id>
  <BannerPath>fanart/original/80512-28.jpg</BannerPath>
  <BannerType>fanart</BannerType>
  <BannerType2>1280x720</BannerType2>
  <Colors></Colors>
  <Language>de</Language>
  <Rating>5.5000</Rating>
  <RatingCount>2</RatingCount>
  <SeriesName>false</SeriesName>
  <ThumbnailPath>_cache/fanart/original/80512-28.jpg</ThumbnailPath>
  <VignettePath>fanart/vignette/80512-28.jpg</VignettePath>
</Banner>
<Banner>
  <id>89971</id>
  <BannerPath>fanart/original/80512-12.jpg</BannerPath>
  <BannerType>fanart</BannerType>
  <BannerType2>1920x1080</BannerType2>
  <Colors></Colors>
  <Language>en</Language>
  <Rating>5.5000</Rating>
  <RatingCount>2</RatingCount>
  <SeriesName>true</SeriesName>
  <ThumbnailPath>_cache/fanart/original/80512-12.jpg</ThumbnailPath>
  <VignettePath>fanart/vignette/80512-12.jpg</VignettePath>
</Banner>
<Banner>
  <id>39063</id>
  <BannerPath>fanart/original/80512-2.jpg</BannerPath>
  <BannerType>fanart</BannerType>
  <BannerType2>1280x720</BannerType2>
  <Colors></Colors>
  <Language>en</Language>
  <Rating></Rating>
  <RatingCount>0</RatingCount>
  <SeriesName>false</SeriesName>
  <ThumbnailPath>_cache/fanart/original/80512-2.jpg</ThumbnailPath>
  <VignettePath>fanart/vignette/80512-2.jpg</VignettePath>
</Banner>
<Banner>
  <id>39067</id>
  <BannerPath>fanart/original/80512-10.jpg</BannerPath>
  <BannerType>fanart</BannerType>
  <BannerType2>1280x720</BannerType2>
  <Colors></Colors>
  <Language>en</Language>
  <Rating></Rating>
  <RatingCount>0</RatingCount>
  <SeriesName>false</SeriesName>
  <ThumbnailPath>_cache/fanart/original/80512-10.jpg</ThumbnailPath>
  <VignettePath>fanart/vignette/80512-10.jpg</VignettePath>
</Banner>
<Banner>
  <id>39064</id>
  <BannerPath>fanart/original/80512-7.jpg</BannerPath>
  <BannerType>fanart</BannerType>
  <BannerType2>1280x720</BannerType2>
  <Colors></Colors>
  <Language>en</Language>
  <Rating></Rating>
  <RatingCount>0</RatingCount>
  <SeriesName>false</SeriesName>
  <ThumbnailPath>_cache/fanart/original/80512-7.jpg</ThumbnailPath>
  <VignettePath>fanart/vignette/80512-7.jpg</VignettePath>
</Banner>
<Banner>
  <id>159591</id>
  <BannerPath>fanart/original/80512-16.jpg</BannerPath>
  <BannerType>fanart</BannerType>
  <BannerType2>1280x720</BannerType2>
  <Colors></Colors>
  <Language>de</Language>
  <Rating></Rating>
  <RatingCount>0</RatingCount>
  <SeriesName>false</SeriesName>
  <ThumbnailPath>_cache/fanart/original/80512-16.jpg</ThumbnailPath>
  <VignettePath>fanart/vignette/80512-16.jpg</VignettePath>
</Banner>
<Banner>
  <id>39065</id>
  <BannerPath>fanart/original/80512-8.jpg</BannerPath>
  <BannerType>fanart</BannerType>
  <BannerType2>1280x720</BannerType2>
  <Colors></Colors>
  <Language>en</Language>
  <Rating></Rating>
  <RatingCount>0</RatingCount>
  <SeriesName>false</SeriesName>
  <ThumbnailPath>_cache/fanart/original/80512-8.jpg</ThumbnailPath>
  <VignettePath>fanart/vignette/80512-8.jpg</VignettePath>
</Banner>
<Banner>
  <id>24475</id>
  <BannerPath>fanart/original/80512-4.jpg</BannerPath>
  <BannerType>fanart</BannerType>
  <BannerType2>1280x720</BannerType2>
  <Colors></Colors>
  <Language>en</Language>
  <Rating></Rating>
  <RatingCount>0</RatingCount>
  <SeriesName>false</SeriesName>
  <ThumbnailPath>_cache/fanart/original/80512-4.jpg</ThumbnailPath>
  <VignettePath>fanart/vignette/80512-4.jpg</VignettePath>
</Banner>
<Banner>
  <id>159581</id>
  <BannerPath>fanart/original/80512-15.jpg</BannerPath>
  <BannerType>fanart</BannerType>
  <BannerType2>1920x1080</BannerType2>
  <Colors></Colors>
  <Language>de</Language>
  <Rating></Rating>
  <RatingCount>0</RatingCount>
  <SeriesName>false</SeriesName>
  <ThumbnailPath>_cache/fanart/original/80512-15.jpg</ThumbnailPath>
  <VignettePath>fanart/vignette/80512-15.jpg</VignettePath>
</Banner>
<Banner>
  <id>159601</id>
  <BannerPath>fanart/original/80512-17.jpg</BannerPath>
  <BannerType>fanart</BannerType>
  <BannerType2>1920x1080</BannerType2>
  <Colors></Colors>
  <Language>de</Language>
  <Rating></Rating>
  <RatingCount>0</RatingCount>
  <SeriesName>false</SeriesName>
  <ThumbnailPath>_cache/fanart/original/80512-17.jpg</ThumbnailPath>
  <VignettePath>fanart/vignette/80512-17.jpg</VignettePath>
</Banner>
<Banner>
  <id>39066</id>
  <BannerPath>fanart/original/80512-9.jpg</BannerPath>
  <BannerType>fanart</BannerType>
  <BannerType2>1280x720</BannerType2>
  <Colors></Colors>
  <Language>en</Language>
  <Rating></Rating>
  <RatingCount>0</RatingCount>
  <SeriesName>false</SeriesName>
  <ThumbnailPath>_cache/fanart/original/80512-9.jpg</ThumbnailPath>
  <VignettePath>fanart/vignette/80512-9.jpg</VignettePath>
</Banner>
<Banner>
  <id>39068</id>
  <BannerPath>fanart/original/80512-11.jpg</BannerPath>
  <BannerType>fanart</BannerType>
  <BannerType2>1280x720</BannerType2>
  <Colors></Colors>
  <Language>en</Language>
  <Rating></Rating>
  <RatingCount>0</RatingCount>
  <SeriesName>false</SeriesName>
  <ThumbnailPath>_cache/fanart/original/80512-11.jpg</ThumbnailPath>
  <VignettePath>fanart/vignette/80512-11.jpg</VignettePath>
</Banner>
<Banner>
  <id>159561</id>
  <BannerPath>fanart/original/80512-13.jpg</BannerPath>
  <BannerType>fanart</BannerType>
  <BannerType2>1280x720</BannerType2>
  <Colors></Colors>
  <Language>de</Language>
  <Rating></Rating>
  <RatingCount>0</RatingCount>
  <SeriesName>false</SeriesName>
  <ThumbnailPath>_cache/fanart/original/80512-13.jpg</ThumbnailPath>
  <VignettePath>fanart/vignette/80512-13.jpg</VignettePath>
</Banner>
<Banner>
  <id>24476</id>
  <BannerPath>fanart/original/80512-5.jpg</BannerPath>
  <BannerType>fanart</BannerType>
  <BannerType2>1280x720</BannerType2>
  <Colors></Colors>
  <Language>en</Language>
  <Rating></Rating>
  <RatingCount>0</RatingCount>
  <SeriesName>false</SeriesName>
  <ThumbnailPath>_cache/fanart/original/80512-5.jpg</ThumbnailPath>
  <VignettePath>fanart/vignette/80512-5.jpg</VignettePath>
</Banner>
<Banner>
  <id>193961</id>
  <BannerPath>posters/80512-2.jpg</BannerPath>
  <BannerType>poster</BannerType>
  <BannerType2>680x1000</BannerType2>
  <Language>en</Language>
  <Rating>10.0000</Rating>
  <RatingCount>1</RatingCount>
</Banner>
<Banner>
  <id>527001</id>
  <BannerPath>posters/80512-3.jpg</BannerPath>
  <BannerType>poster</BannerType>
  <BannerType2>680x1000</BannerType2>
  <Language>en</Language>
  <Rating>10.0000</Rating>
  <RatingCount>1</RatingCount>
</Banner>
<Banner>
  <id>26004</id>
  <BannerPath>posters/80512-1.jpg</BannerPath>
  <BannerType>poster</BannerType>
  <BannerType2>680x1000</BannerType2>
  <Language>en</Language>
  <Rating>7.0000</Rating>
  <RatingCount>3</RatingCount>
</Banner>
<Banner>
  <id>25165</id>
  <BannerPath>seasons/80512-1-2.jpg</BannerPath>
  <BannerType>season</BannerType>
  <BannerType2>season</BannerType2>
  <Language>en</Language>
  <Rating>9.5000</Rating>
  <RatingCount>2</RatingCount>
  <Season>1</Season>
</Banner>
<Banner>
  <id>16254</id>
  <BannerPath>seasons/80512-1.jpg</BannerPath>
  <BannerType>season</BannerType>
  <BannerType2>season</BannerType2>
  <Language>en</Language>
  <Rating>7.0000</Rating>
  <RatingCount>1</RatingCount>
  <Season>1</Season>
</Banner>
<Banner>
  <id>36581</id>
  <BannerPath>seasons/80512-1-3.jpg</BannerPath>
  <BannerType>season</BannerType>
  <BannerType2>season</BannerType2>
  <Language>de</Language>
  <Rating>4.0000</Rating>
  <RatingCount>3</RatingCount>
  <Season>1</Season>
</Banner>
<Banner>
  <id>454021</id>
  <BannerPath>graphical/80512-g3.jpg</BannerPath>
  <BannerType>series</BannerType>
  <BannerType2>graphical</BannerType2>
  <Language>en</Language>
  <Rating>10.0000</Rating>
  <RatingCount>2</RatingCount>
</Banner>
<Banner>
  <id>17656</id>
  <BannerPath>graphical/80512-g.jpg</BannerPath>
  <BannerType>series</BannerType>
  <BannerType2>graphical</BannerType2>
  <Language>en</Language>
  <Rating>7.2000</Rating>
  <RatingCount>5</RatingCount>
</Banner>
<Banner>
  <id>881649</id>
  <BannerPath>graphical/80512-g4.jpg</BannerPath>
  <BannerType>series</BannerType>
  <BannerType2>graphical</BannerType2>
  <Language>en</Language>
  <Rating>7.0000</Rating>
  <RatingCount>2</RatingCount>
</Banner>
<Banner>
  <id>16212</id>
  <BannerPath>graphical/80512-g2.jpg</BannerPath>
  <BannerType>series</BannerType>
  <BannerType2>graphical</BannerType2>
  <Language>en</Language>
  <Rating>6.6000</Rating>
  <RatingCount>5</RatingCount>
</Banner>
<Banner>
  <id>16205</id>
  <BannerPath>blank/80512.jpg</BannerPath>
  <BannerType>series</BannerType>
  <BannerType2>blank</BannerType2>
  <Language>en</Language>
  <Rating>5.7500</Rating>
  <RatingCount>4</RatingCount>
</Banner>
<Banner>
  <id>897581</id>
  <BannerPath>text/80512.jpg</BannerPath>
  <BannerType>series</BannerType>
  <BannerType2>text</BannerType2>
  <Language>pt</Language>
  <Rating></Rating>
  <RatingCount>0</RatingCount>
</Banner>
</Banners>