<?xml version="1.0" encoding="UTF-8" ?>
<Data><Series>
  <id>80512</id>
  <Actors>|Alex O'Loughlin|Sophia Myles|Jason Dohring|Shannyn Sossamon|</Actors>
  <Airs_DayOfWeek>Friday</Airs_DayOfWeek>
  <Airs_Time>9:00 PM</Airs_Time>
  <ContentRating>TV-PG</ContentRating>
  <FirstAired>2007-09-28</FirstAired>
  <Genre>|Drama|Fantasy|</Genre>
  <IMDB_ID>tt0955346</IMDB_ID>
  <Language>en</Language>
  <Network>CBS</Network>
  <NetworkID></NetworkID>
  <Overview>Moonlight follows Mick St. John, an immortal vampire and private investigator and his struggle to exist after he was bitten 60 years ago by his vampire bride on their wedding night. It also follows his internal torment as he falls in love with one he should not, one who is mortal named Beth, a news reporter, as well as his dealings with the woman who made him a vampire, his sire Coraline. 
</Overview>
  <Rating>8.5</Rating>
  <RatingCount>40</RatingCount>
  <Runtime>60</Runtime>
  <SeriesID>68684</SeriesID>
  <SeriesName>Moonlight</SeriesName>
  <Status>Ended</Status>
  <added></added>
  <addedBy></addedBy>
  <banner>graphical/80512-g3.jpg</banner>
  <fanart>fanart/original/80512-29.jpg</fanart>
  <lastupdated>1362609340</lastupdated>
  <poster>posters/80512-2.jpg</poster>
  <zap2it_id>SH931177</zap2it_id>
</Series>
<Episode>
  <id>357891</id>
  <Combined_episodenumber>1</Combined_episodenumber>
  <Combined_season>0</Combined_season>
  <DVD_chapter></DVD_chapter>
  <DVD_discid></DVD_discid>
  <DVD_episodenumber></DVD_episodenumber>
  <DVD_season></DVD_season>
  <Director></Director>
  <EpImgFlag></EpImgFlag>
  <EpisodeName>Unaired Pilot</EpisodeName>
  <EpisodeNumber>1</EpisodeNumber>
  <FirstAired></FirstAired>
  <GuestStars></GuestStars>
  <IMDB_ID></IMDB_ID>
  <Language>en</Language>
  <Overview>A string of vampire-like murders have been hitting L.A. It's up to Mick St. John, a private investigator who has special connections, to find out who's behind these murders and stop them from happening again. While he's on the case he meets a woman from his past who's going to change his future.</Overview>
  <ProductionCode></ProductionCode>
  <Rating></Rating>
  <RatingCount>0</RatingCount>
  <SeasonNumber>0</SeasonNumber>
  <Writer></Writer>
  <absolute_number></absolute_number>
  <airsafter_season></airsafter_season>
  <airsbefore_episode>1</airsbefore_episode>
  <airsbefore_season>1</airsbefore_season>
  <filename></filename>
  <lastupdated>1206278138</lastupdated>
  <seasonid>28385</seasonid>
  <seriesid>80512</seriesid>
</Episode>
<Episode>
  <id>336751</id>
  <Combined_episodenumber>1</Combined_episodenumber>
  <Combined_season>1</Combined_season>
  <DVD_chapter></DVD_chapter>
  <DVD_discid></DVD_discid>
  <DVD_episodenumber></DVD_episodenumber>
  <DVD_season></DVD_season>
  <Director>Gerard Bocaccio|Rod Holcomb</Director>
  <EpImgFlag></EpImgFlag>
  <EpisodeName>There's No Such Thing As Vampires</EpisodeName>
  <EpisodeNumber>1</EpisodeNumber>
  <FirstAired>2007-09-28</FirstAired>
  <GuestStars>Alex Fernandez|Rudolf Martin|Gigi Rice|Ali Pomerantz|Bill Parks|Julie Garibaldi|Walton|Tami Roman</GuestStars>
  <IMDB_ID></IMDB_ID>
  <Language>en</Language>
  <Overview>A string of vampire-like murders have been hitting L.A. It's up to Mick St. John to find out who's behind these murders, and while he's on the case he meets a woman from his past.</Overview>
  <ProductionCode>101</ProductionCode>
  <Rating>7.3</Rating>
  <RatingCount>19</RatingCount>
  <SeasonNumber>1</SeasonNumber>
  <Writer>Trevor Munson|Ron Koslow</Writer>
  <absolute_number></absolute_number>
  <filename>episodes/80512/336751.jpg</filename>
  <lastupdated>1315415339</lastupdated>
  <seasonid>28670</seasonid>
  <seriesid>80512</seriesid>
</Episode>
<Episode>
  <id>336752</id>
  <Combined_episodenumber>2</Combined_episodenumber>
  <Combined_season>1</Combined_season>
  <DVD_chapter></DVD_chapter>
  <DVD_discid></DVD_discid>
  <DVD_episodenumber></DVD_episodenumber>
  <DVD_season></DVD_season>
  <Director>Fred Toye</Director>
  <EpImgFlag></EpImgFlag>
  <EpisodeName>Out of the Past</EpisodeName>
  <EpisodeNumber>2</EpisodeNumber>
  <FirstAired>2007-10-05</FirstAired>
  <GuestStars>Jordan Belfi|Tami Roman|Jose Acevedo|Kevin T. McCarthy|Brian J. White|Hal Williams|Josh Wingate</GuestStars>
  <IMDB_ID></IMDB_ID>
  <Language>en</Language>
  <Overview>Our vampire PI begins to fear something worse then a stake through the heart when he learns a convicted murderer with some confidential information is being released from prison. It seems the killer is threatening to reveal Mick's undead identity.</Overview>
  <ProductionCode>102</ProductionCode>
  <Rating>7.6</Rating>
  <RatingCount>12</RatingCount>
  <SeasonNumber>1</SeasonNumber>
  <Writer>David Greenwalt</Writer>
  <absolute_number></absolute_number>
  <filename>episodes/80512/336752.jpg</filename>
  <lastupdated>1315415349</lastupdated>
  <seasonid>28670</seasonid>
  <seriesid>80512</seriesid>
</Episode>
<Episode>
  <id>337465</id>
  <Combined_episodenumber>3</Combined_episodenumber>
  <Combined_season>1</Combined_season>
  <DVD_chapter></DVD_chapter>
  <DVD_discid></DVD_discid>
  <DVD_episodenumber></DVD_episodenumber>
  <DVD_season></DVD_season>
  <Director>Scott Lautanen</Director>
  <EpImgFlag></EpImgFlag>
  <EpisodeName>Dr. Feelgood</EpisodeName>
  <EpisodeNumber>3</EpisodeNumber>
  <FirstAired>2007-10-12</FirstAired>
  <GuestStars>Diego Villarreal Garcia|Jared Ward|Countrified Cornelius Wedman|Josh Clark|Chris Payne Gilbert|Linda Friedman|Molly Culver|Brad Greenquist|James Budig|Cate Cohen|Su Sazama|Tiya Sircar|Jermaine Williams</GuestStars>
  <IMDB_ID></IMDB_ID>
  <Language>en</Language>
  <Overview>You'd think that Beth would run for the hills now that she knows the truth about Mick's secret identity. Instead she decides to help the undead PI locate and stop a newbie vampire who can't control his bloodthirst.

Mick hunts a renegade vampire who can't control his urges to kill.</Overview>
  <ProductionCode>103</ProductionCode>
  <Rating>7.3</Rating>
  <RatingCount>12</RatingCount>
  <SeasonNumber>1</SeasonNumber>
  <Writer>Gabrielle Stanton|Harry Werksman</Writer>
  <absolute_number></absolute_number>
  <filename>episodes/80512/337465.jpg</filename>
  <lastupdated>1315415365</lastupdated>
  <seasonid>28670</seasonid>
  <seriesid>80512</seriesid>
</Episode>
<Episode>
  <id>338973</id>
  <Combined_episodenumber>4</Combined_episodenumber>
  <Combined_season>1</Combined_season>
  <DVD_chapter></DVD_chapter>
  <DVD_discid></DVD_discid>
  <DVD_episodenumber></DVD_episodenumber>
  <DVD_season></DVD_season>
  <Director>Fred Toye</Director>
  <EpImgFlag></EpImgFlag>
  <EpisodeName>Fever</EpisodeName>
  <EpisodeNumber>4</EpisodeNumber>
  <FirstAired>2007-10-19</FirstAired>
  <GuestStars>Philip Hayes|Haley Pullos|Navid Negahban|Vanessa Lengies|Philip Maurice Haynes|David J. Lee|James C. Victor|Erika Ringor|Eduardo Ortiz|Derk Cheetwood|Martez Covington|Mickey Maxwell</GuestStars>
  <IMDB_ID></IMDB_ID>
  <Language>en</Language>
  <Overview>Mick has got himself injured in a process of finding a young girl who is supposedly hiding in the desert. Due to scorching sunlight and immense heat, Mick is depleted of his vampiric ability to heal himself. As a result, Beth will have to take drastic measures to save Mick's life.</Overview>
  <ProductionCode>104</ProductionCode>
  <Rating>7.5</Rating>
  <RatingCount>11</RatingCount>
  <SeasonNumber>1</SeasonNumber>
  <Writer>Jill Blotevogel</Writer>
  <absolute_number></absolute_number>
  <filename>episodes/80512/338973.jpg</filename>
  <lastupdated>1315415375</lastupdated>
  <seasonid>28670</seasonid>
  <seriesid>80512</seriesid>
</Episode>
<Episode>
  <id>339555</id>
  <Combined_episodenumber>5</Combined_episodenumber>
  <Combined_season>1</Combined_season>
  <DVD_chapter></DVD_chapter>
  <DVD_discid></DVD_discid>
  <DVD_episodenumber></DVD_episodenumber>
  <DVD_season></DVD_season>
  <Director>Michael Fields</Director>
  <EpImgFlag></EpImgFlag>
  <EpisodeName>Arrested Development</EpisodeName>
  <EpisodeNumber>5</EpisodeNumber>
  <FirstAired>2007-10-26</FirstAired>
  <GuestStars>Janelle Giumarra|Wes Robinson|Tami Roman|Casey LaBow|Christine Romeo|Tom Ohmer|Nate Mooney|Eduardo Ortiz|Roy Vongtama|Deanna Smith|Charly Emery|Asia DeMarcos</GuestStars>
  <IMDB_ID></IMDB_ID>
  <Language>en</Language>
  <Overview>Mick hunts a teenage vampire who is hunting female escorts he finds on the Internet. Meanwhile, Mick and Beth try to avoid each other after sharing an intimate moment.</Overview>
  <ProductionCode>105</ProductionCode>
  <Rating>7.1</Rating>
  <RatingCount>10</RatingCount>
  <SeasonNumber>1</SeasonNumber>
  <Writer>Chip Johannessen</Writer>
  <absolute_number></absolute_number>
  <filename>episodes/80512/339555.jpg</filename>
  <lastupdated>1315415386</lastupdated>
  <seasonid>28670</seasonid>
  <seriesid>80512</seriesid>
</Episode>
<Episode>
  <id>340126</id>
  <Combined_episodenumber>6</Combined_episodenumber>
  <Combined_season>1</Combined_season>
  <DVD_chapter></DVD_chapter>
  <DVD_discid></DVD_discid>
  <DVD_episodenumber></DVD_episodenumber>
  <DVD_season></DVD_season>
  <Director>Paul Holahan</Director>
  <EpImgFlag></EpImgFlag>
  <EpisodeName>B.C.</EpisodeName>
  <EpisodeNumber>6</EpisodeNumber>
  <FirstAired>2007-11-02</FirstAired>
  <GuestStars>|Kevin Weisman|Brian J. White|Anil Raman|Holly Valance|Josh Kelly|Patrick Fischler|Kaylee Quilling|Adam Shapiro|Frank Latten|Tim Talman|George Emil Ketsios|Michelle Lee|</GuestStars>
  <IMDB_ID></IMDB_ID>
  <Language>en</Language>
  <Overview>Mick finds himself working with Beth again to hunt a vampire linked to Josef's past and to the drug overdose Beth is investigating.</Overview>
  <ProductionCode></ProductionCode>
  <Rating>7.3</Rating>
  <RatingCount>11</RatingCount>
  <SeasonNumber>1</SeasonNumber>
  <Writer>Erin Maher|Kathryn Reindl</Writer>
  <absolute_number>6</absolute_number>
  <filename>episodes/80512/340126.jpg</filename>
  <lastupdated>1315415396</lastupdated>
  <seasonid>28670</seasonid>
  <seriesid>80512</seriesid>
</Episode>
<Episode>
  <id>340127</id>
  <Combined_episodenumber>7</Combined_episodenumber>
  <Combined_season>1</Combined_season>
  <DVD_chapter></DVD_chapter>
  <DVD_discid></DVD_discid>
  <DVD_episodenumber></DVD_episodenumber>
  <DVD_season></DVD_season>
  <Director>Chris Fisher</Director>
  <EpImgFlag></EpImgFlag>
  <EpisodeName>The Ringer</EpisodeName>
  <EpisodeNumber>7</EpisodeNumber>
  <FirstAired>2007-11-09</FirstAired>
  <GuestStars>|Tami Roman|Brian Maillard|Roddy Jessup|Rhomeyn Johnson|Stephen Jackson|</GuestStars>
  <IMDB_ID></IMDB_ID>
  <Language>en</Language>
  <Overview>Mick experiences deja vu when a fire investigation that destroys a historic Hollywood hotel seemingly replicates the night Coraline died. Mick's sense of nostalgia grows when a woman he is working with bares a striking resemblance to his ex-wife.</Overview>
  <ProductionCode></ProductionCode>
  <Rating>7.5</Rating>
  <RatingCount>12</RatingCount>
  <SeasonNumber>1</SeasonNumber>
  <Writer>Josh Pate</Writer>
  <absolute_number>7</absolute_number>
  <filename>episodes/80512/340127.jpg</filename>
  <lastupdated>1315415405</lastupdated>
  <seasonid>28670</seasonid>
  <seriesid>80512</seriesid>
</Episode>
<Episode>
  <id>342300</id>
  <Combined_episodenumber>8</Combined_episodenumber>
  <Combined_season>1</Combined_season>
  <DVD_chapter></DVD_chapter>
  <DVD_discid></DVD_discid>
  <DVD_episodenumber></DVD_episodenumber>
  <DVD_season></DVD_season>
  <Director>Dennis Smith</Director>
  <EpImgFlag></EpImgFlag>
  <EpisodeName>12:04 AM</EpisodeName>
  <EpisodeNumber>8</EpisodeNumber>
  <FirstAired>2007-11-16</FirstAired>
  <GuestStars>Sarah Foret|Gideon Emery|Paul Keeley|Mark D. Espinoza|Lorena Segura|Aisha Kabia|Christopher Guyton</GuestStars>
  <IMDB_ID></IMDB_ID>
  <Language>en</Language>
  <Overview>When a cult target a young woman based on their belief that she was responsible for their leader's death, Mick offers to help her.</Overview>
  <ProductionCode>108</ProductionCode>
  <Rating>7.3</Rating>
  <RatingCount>11</RatingCount>
  <SeasonNumber>1</SeasonNumber>
  <Writer>Jill Blotevogel</Writer>
  <absolute_number></absolute_number>
  <filename>episodes/80512/342300.jpg</filename>
  <lastupdated>1315415417</lastupdated>
  <seasonid>28670</seasonid>
  <seriesid>80512</seriesid>
</Episode>
<Episode>
  <id>342301</id>
  <Combined_episodenumber>9</Combined_episodenumber>
  <Combined_season>1</Combined_season>
  <DVD_chapter></DVD_chapter>
  <DVD_discid></DVD_discid>
  <DVD_episodenumber></DVD_episodenumber>
  <DVD_season></DVD_season>
  <Director>James Whitmore Jr.</Director>
  <EpImgFlag></EpImgFlag>
  <EpisodeName>Fleur de Lys</EpisodeName>
  <EpisodeNumber>9</EpisodeNumber>
  <FirstAired>2007-11-23</FirstAired>
  <GuestStars>Victor Webster|Kathleen Munroe|Richard Cox|Marc Anthony Samuel|Amayla Early|Bryn Early|Andrew Lin</GuestStars>
  <IMDB_ID></IMDB_ID>
  <Language>en</Language>
  <Overview>Beth gets jealous when Mick works on a case with a female photographer who bears a striking resemblance to his ex-wife. Beth then researches the woman's past and discovers the mystery lady isn't who she claims to be.</Overview>
  <ProductionCode></ProductionCode>
  <Rating>7.4</Rating>
  <RatingCount>11</RatingCount>
  <SeasonNumber>1</SeasonNumber>
  <Writer>Gabrielle Stanton|Harry Werksman</Writer>
  <absolute_number></absolute_number>
  <filename>episodes/80512/342301.jpg</filename>
  <lastupdated>1315415428</lastupdated>
  <seasonid>28670</seasonid>
  <seriesid>80512</seriesid>
</Episode>
<Episode>
  <id>343175</id>
  <Combined_episodenumber>10</Combined_episodenumber>
  <Combined_season>1</Combined_season>
  <DVD_chapter></DVD_chapter>
  <DVD_discid></DVD_discid>
  <DVD_episodenumber></DVD_episodenumber>
  <DVD_season></DVD_season>
  <Director>John T. Kretchmer</Director>
  <EpImgFlag></EpImgFlag>
  <EpisodeName>Sleeping Beauty</EpisodeName>
  <EpisodeNumber>10</EpisodeNumber>
  <FirstAired>2007-12-14</FirstAired>
  <GuestStars>Nick E Tarabay|Ian Abercrombie|Alice Greczyn|Paul Rae|Kavita Patil|Al Galvez|Robert Noble|Elizabeth Chambers|Jane Galloway Heitz|Dierdre Holder|William August|Betty A. Bridges|Edward Carnevale|</GuestStars>
  <IMDB_ID></IMDB_ID>
  <Language>en</Language>
  <Overview>Mick arrives at Josef’s office building, which is on fire. Nothing is left intact. No survivors. Someone who knew Josef was a vampire attacked him with one of the two known ways to kill a vampire. Mick and Tom, Josef’s head of security, launch in investigation into the attack. Beth does her own investigating and interviews several people from Josef’s past, none of whom have anything nice to say. The twin investigations lead Mick and Beth to New York, and yet another surprise from Josef’s past.</Overview>
  <ProductionCode></ProductionCode>
  <Rating>7.3</Rating>
  <RatingCount>7</RatingCount>
  <SeasonNumber>1</SeasonNumber>
  <Writer>Trevor Munson|Ron Koslow</Writer>
  <absolute_number></absolute_number>
  <filename>episodes/80512/343175.jpg</filename>
  <lastupdated>1315415439</lastupdated>
  <seasonid>28670</seasonid>
  <seriesid>80512</seriesid>
</Episode>
<Episode>
  <id>345094</id>
  <Combined_episodenumber>11</Combined_episodenumber>
  <Combined_season>1</Combined_season>
  <DVD_chapter></DVD_chapter>
  <DVD_discid></DVD_discid>
  <DVD_episodenumber></DVD_episodenumber>
  <DVD_season></DVD_season>
  <Director>Paul Holahan</Director>
  <EpImgFlag></EpImgFlag>
  <EpisodeName>Love Lasts Forever</EpisodeName>
  <EpisodeNumber>11</EpisodeNumber>
  <FirstAired>2008-01-11</FirstAired>
  <GuestStars>Jordan Belfi|Brian J. White|Maurice Compte|Emilio Rivera|Manuel Urrego|David Blue|Margaret Easley|Luis Fernando Moncada|Jon Emm|Shelbie Bruce|Jeremy Denzlinger|</GuestStars>
  <IMDB_ID></IMDB_ID>
  <Language>en</Language>
  <Overview>Josh is working on the biggest case of his career, a conviction against a member of the MS-13 gang, possibly the most dangerous gang in the world. In an attempt to force Josh to drop the case, the gang threatens Beth, but Josh refuses to fold and enlists Mick’s help in protecting her. Unfortunately, Josh is left unguarded and is kidnapped with devastating results.

Beth discovers an unwanted blood connection.</Overview>
  <ProductionCode></ProductionCode>
  <Rating>7.3</Rating>
  <RatingCount>7</RatingCount>
  <SeasonNumber>1</SeasonNumber>
  <Writer>Josh Pate</Writer>
  <absolute_number>11</absolute_number>
  <filename>episodes/80512/345094.jpg</filename>
  <lastupdated>1343059541</lastupdated>
  <seasonid>28670</seasonid>
  <seriesid>80512</seriesid>
</Episode>
<Episode>
  <id>345095</id>
  <Combined_episodenumber>12</Combined_episodenumber>
  <Combined_season>1</Combined_season>
  <DVD_chapter></DVD_chapter>
  <DVD_discid></DVD_discid>
  <DVD_episodenumber></DVD_episodenumber>
  <DVD_season></DVD_season>
  <Director>Eric Laneuville</Director>
  <EpImgFlag></EpImgFlag>
  <EpisodeName>The Mortal Cure</EpisodeName>
  <EpisodeNumber>12</EpisodeNumber>
  <FirstAired>2008-01-18</FirstAired>
  <GuestStars>Jason Butler Harner|Meredith Monroe|Bitsie Tulloch|Christopher Stapleton|Lonnie Hughes|Charley Rossman|David Blue|Jeremy Forte|Tasha Tae|Jill Latiano|Marques Johnson|John Everlove|</GuestStars>
  <IMDB_ID></IMDB_ID>
  <Language>en</Language>
  <Overview>While putting Josh's affairs in order, Beth discovers evidence leading her to believe Josh was cheating on her. When she investigates, however, Beth learns that Josh was about to propose to her and that the woman she thought he was cheating with was actually a consultant he hired for a confidential case - a case that turns out to involve Mick.

Coraline's disappearance from the hospital, with the assistance of an old friend, leads Mick to the discovery of a temporary 'cure' for vampirism and a surprising link to the French revolution.

Meanwhile, a startling family connection of Coraline's is revealed.</Overview>
  <ProductionCode></ProductionCode>
  <Rating>7.7</Rating>
  <RatingCount>9</RatingCount>
  <SeasonNumber>1</SeasonNumber>
  <Writer>Chip Johannessen</Writer>
  <absolute_number>12</absolute_number>
  <filename>episodes/80512/345095.jpg</filename>
  <lastupdated>1343059793</lastupdated>
  <seasonid>28670</seasonid>
  <seriesid>80512</seriesid>
</Episode>
<Episode>
  <id>357890</id>
  <Combined_episodenumber>13</Combined_episodenumber>
  <Combined_season>1</Combined_season>
  <DVD_chapter></DVD_chapter>
  <DVD_discid></DVD_discid>
  <DVD_episodenumber></DVD_episodenumber>
  <DVD_season></DVD_season>
  <Director>David M. Barrett</Director>
  <EpImgFlag>3</EpImgFlag>
  <EpisodeName>Fated to Pretend</EpisodeName>
  <EpisodeNumber>13</EpisodeNumber>
  <FirstAired>2008-04-25</FirstAired>
  <GuestStars>Jennifer Chu (Architect)|Erika Ringor (Office Novak)|Victoria Pratt (Dee Dee Dwight)|Amy Motta (Interior Designer)|Ksenia Solo (Bonnie Morrow)|Edoardo Ballerini (Pierce Anders)|Bonnie Root (Ellen Antonio Elias (Luis Perez)|David Blue(Logan)|Eric Winter</GuestStars>
  <IMDB_ID></IMDB_ID>
  <Language>en</Language>
  <Overview>Benjamin Talbot, a new A.D.A., investigates the murder of Beth's boss Maureen. Beth and Mick pursue their own investigation, Benjamin warns them not to spoil any evidence that could lead to the culprit. Mick provides some good advice and some surprising empathy to a troubled teenager Bonnie with secrets of her own.</Overview>
  <ProductionCode></ProductionCode>
  <Rating>7.2</Rating>
  <RatingCount>10</RatingCount>
  <SeasonNumber>1</SeasonNumber>
  <Writer>Gabrielle Stanton|Harry Werksman</Writer>
  <absolute_number></absolute_number>
  <filename>episodes/80512/357890.jpg</filename>
  <lastupdated>1343059972</lastupdated>
  <seasonid>28670</seasonid>
  <seriesid>80512</seriesid>
</Episode>
<Episode>
  <id>362528</id>
  <Combined_episodenumber>14</Combined_episodenumber>
  <Combined_season>1</Combined_season>
  <DVD_chapter></DVD_chapter>
  <DVD_discid></DVD_discid>
  <DVD_episodenumber></DVD_episodenumber>
  <DVD_season></DVD_season>
  <Director>Scott Lautanen</Director>
  <EpImgFlag>3</EpImgFlag>
  <EpisodeName>Click</EpisodeName>
  <EpisodeNumber>14</EpisodeNumber>
  <FirstAired>2008-05-02</FirstAired>
  <GuestStars>Robert Okumu (Paparazzo #2)|Sean Wing (Scott Walsh)|Martin Spanjers (Marshall)|William Christian (Ryan Gold)|Bryan Rasmussen (Paparazzo #1)|David Blue (Logan)|Eric Winter (A.D.A. Benjamin)|Marc Vahanian (Partygoer #2)|Lindsay Heston (Paparazzo)|Greg Pitts</GuestStars>
  <IMDB_ID></IMDB_ID>
  <Language>en</Language>
  <Overview>Mick is hired to help protect a rising Hollywood starlet who feels threatened by paparazzi, but she ends up murdered. Meanwhile, Beth gets a new boss at BuzzWire.</Overview>
  <ProductionCode></ProductionCode>
  <Rating>7.3</Rating>
  <RatingCount>9</RatingCount>
  <SeasonNumber>1</SeasonNumber>
  <Writer>Erin Maher|Kathryn Reindl</Writer>
  <absolute_number></absolute_number>
  <filename>episodes/80512/362528.jpg</filename>
  <lastupdated>1343060392</lastupdated>
  <seasonid>28670</seasonid>
  <seriesid>80512</seriesid>
</Episode>
<Episode>
  <id>362529</id>
  <Combined_episodenumber>15</Combined_episodenumber>
  <Combined_season>1</Combined_season>
  <DVD_chapter></DVD_chapter>
  <DVD_discid></DVD_discid>
  <DVD_episodenumber></DVD_episodenumber>
  <DVD_season></DVD_season>
  <Director>Chris Fisher</Director>
  <EpImgFlag>2</EpImgFlag>
  <EpisodeName>What's Left Behind</EpisodeName>
  <EpisodeNumber>15</EpisodeNumber>
  <FirstAired>2008-05-09</FirstAired>
  <GuestStars>Erika Ringor (Det. Theresa Novak)|Bonnie Burroughs (Julie Fordham)|Todd Giebenhain (Leo)|Anthony Starke (Ken Verdolino)|Justice Leak (Ray Fordham)|Mercedes Conner (Lilah Fordham)|Daniel Goldman (Jacob)|Eric Winter (ADA Benjamin Talbot)|Robin Thomas</GuestStars>
  <IMDB_ID></IMDB_ID>
  <Language>en</Language>
  <Overview>The grandson of a WWII buddy of Mick's is kidnapped, causing Beth to learn more about Mick's hidden past.</Overview>
  <ProductionCode></ProductionCode>
  <Rating>7.6</Rating>
  <RatingCount>9</RatingCount>
  <SeasonNumber>1</SeasonNumber>
  <Writer>Jill Blotevogel</Writer>
  <absolute_number></absolute_number>
  <filename>episodes/80512/362529.jpg</filename>
  <lastupdated>1344325872</lastupdated>
  <seasonid>28670</seasonid>
  <seriesid>80512</seriesid>
</Episode>
<Episode>
  <id>364974</id>
  <Combined_episodenumber>16</Combined_episodenumber>
  <Combined_season>1</Combined_season>
  <DVD_chapter></DVD_chapter>
  <DVD_discid></DVD_discid>
  <DVD_episodenumber></DVD_episodenumber>
  <DVD_season></DVD_season>
  <Director>Frederick E.O. Toye</Director>
  <EpImgFlag>2</EpImgFlag>
  <EpisodeName>Sonata</EpisodeName>
  <EpisodeNumber>16</EpisodeNumber>
  <FirstAired>2008-05-16</FirstAired>
  <GuestStars>Erika Schaefer (Lisa)|Ryan Caltagirone (Hank Bishop)|Matt Riedy (Hearst College Chancellor)|Jonathan LaPaglia (Jackson Monaghan)|Abigail Spencer (Simone Walker)|Claudia Black (The Cleaner)|Vince Pavia (Guard)|Mitch Eakins (Troy)|Jacleen Haber (Cleaner #4)</GuestStars>
  <IMDB_ID></IMDB_ID>
  <Language>en</Language>
  <Overview>A human is killed by a vampire in the heat of passion, causing Mick and Beth to face the ultimate consequences of a vampire-human relationship. The investigation of the murder puts Mick and Josef's secret identities in jeopardy, forcing them to join forces with the other vampires in Los Angeles to keep their secret safe.</Overview>
  <ProductionCode></ProductionCode>
  <Rating>7.9</Rating>
  <RatingCount>9</RatingCount>
  <SeasonNumber>1</SeasonNumber>
  <Writer></Writer>
  <absolute_number></absolute_number>
  <filename>episodes/80512/364974.jpg</filename>
  <lastupdated>1343060537</lastupdated>
  <seasonid>28670</seasonid>
  <seriesid>80512</seriesid>
</Episode>
</Data>