<?xml version="1.0" encoding="UTF-8" ?>
<Actors>
<Actor>
  <id>126101</id>
  <Image>actors/126101.jpg</Image>
  <Name>Caterina Scorsone</Name>
  <Role>Alice</Role>
  <SortOrder>0</SortOrder>
</Actor>
<Actor>
  <id>126171</id>
  <Image>actors/126171.jpg</Image>
  <Name>Phillip Winchester</Name>
  <Role>Jack Chase</Role>
  <SortOrder>3</SortOrder>
</Actor>
<Actor>
  <id>126161</id>
  <Image>actors/126161.jpg</Image>
  <Name>Andrew-Lee Potts</Name>
  <Role>Hatter</Role>
  <SortOrder>3</SortOrder>
</Actor>
<Actor>
  <id>126151</id>
  <Image>actors/126151.jpg</Image>
  <Name>Colm Meaney</Name>
  <Role>King of Hearts</Role>
  <SortOrder>3</SortOrder>
</Actor>
<Actor>
  <id>126141</id>
  <Image>actors/126141.jpg</Image>
  <Name>Matt Frewer</Name>
  <Role>White Knight</Role>
  <SortOrder>3</SortOrder>
</Actor>
<Actor>
  <id>126131</id>
  <Image>actors/126131.jpg</Image>
  <Name>Tim Curry</Name>
  <Role>Dodo</Role>
  <SortOrder>3</SortOrder>
</Actor>
<Actor>
  <id>126121</id>
  <Image>actors/126121.jpg</Image>
  <Name>Harry Dean Stanton</Name>
  <Role>Caterpillar</Role>
  <SortOrder>3</SortOrder>
</Actor>
<Actor>
  <id>126111</id>
  <Image>actors/126111.jpg</Image>
  <Name>Kathy Bates</Name>
  <Role>Queen of Hearts</Role>
  <SortOrder>3</SortOrder>
</Actor>
</Actors>