<?xml version="1.0" encoding="UTF-8" ?>
<Banners>
<Banner>
  <id>300381</id>
  <BannerPath>fanart/original/123411-1.jpg</BannerPath>
  <BannerType>fanart</BannerType>
  <BannerType2>1920x1080</BannerType2>
  <Colors></Colors>
  <Language>en</Language>
  <Rating>8.2500</Rating>
  <RatingCount>4</RatingCount>
  <SeriesName>false</SeriesName>
  <ThumbnailPath>_cache/fanart/original/123411-1.jpg</ThumbnailPath>
  <VignettePath>fanart/vignette/123411-1.jpg</VignettePath>
</Banner>
<Banner>
  <id>385041</id>
  <BannerPath>fanart/original/123411-4.jpg</BannerPath>
  <BannerType>fanart</BannerType>
  <BannerType2>1920x1080</BannerType2>
  <Colors></Colors>
  <Language>en</Language>
  <Rating>8.0000</Rating>
  <RatingCount>2</RatingCount>
  <SeriesName>false</SeriesName>
  <ThumbnailPath>_cache/fanart/original/123411-4.jpg</ThumbnailPath>
  <VignettePath>fanart/vignette/123411-4.jpg</VignettePath>
</Banner>
<Banner>
  <id>306291</id>
  <BannerPath>fanart/original/123411-2.jpg</BannerPath>
  <BannerType>fanart</BannerType>
  <BannerType2>1280x720</BannerType2>
  <Colors></Colors>
  <Language>en</Language>
  <Rating>6.5000</Rating>
  <RatingCount>4</RatingCount>
  <SeriesName>false</SeriesName>
  <ThumbnailPath>_cache/fanart/original/123411-2.jpg</ThumbnailPath>
  <VignettePath>fanart/vignette/123411-2.jpg</VignettePath>
</Banner>
<Banner>
  <id>385061</id>
  <BannerPath>fanart/original/123411-6.jpg</BannerPath>
  <BannerType>fanart</BannerType>
  <BannerType2>1920x1080</BannerType2>
  <Colors></Colors>
  <Language>en</Language>
  <Rating>6.3333</Rating>
  <RatingCount>3</RatingCount>
  <SeriesName>false</SeriesName>
  <ThumbnailPath>_cache/fanart/original/123411-6.jpg</ThumbnailPath>
  <VignettePath>fanart/vignette/123411-6.jpg</VignettePath>
</Banner>
<Banner>
  <id>385031</id>
  <BannerPath>fanart/original/123411-3.jpg</BannerPath>
  <BannerType>fanart</BannerType>
  <BannerType2>1920x1080</BannerType2>
  <Colors></Colors>
  <Language>en</Language>
  <Rating>6.0000</Rating>
  <RatingCount>1</RatingCount>
  <SeriesName>false</SeriesName>
  <ThumbnailPath>_cache/fanart/original/123411-3.jpg</ThumbnailPath>
  <VignettePath>fanart/vignette/123411-3.jpg</VignettePath>
</Banner>
<Banner>
  <id>385051</id>
  <BannerPath>fanart/original/123411-5.jpg</BannerPath>
  <BannerType>fanart</BannerType>
  <BannerType2>1920x1080</BannerType2>
  <Colors></Colors>
  <Language>en</Language>
  <Rating>6.0000</Rating>
  <RatingCount>2</RatingCount>
  <SeriesName>false</SeriesName>
  <ThumbnailPath>_cache/fanart/original/123411-5.jpg</ThumbnailPath>
  <VignettePath>fanart/vignette/123411-5.jpg</VignettePath>
</Banner>
<Banner>
  <id>385071</id>
  <BannerPath>fanart/original/123411-7.jpg</BannerPath>
  <BannerType>fanart</BannerType>
  <BannerType2>1920x1080</BannerType2>
  <Colors></Colors>
  <Language>en</Language>
  <Rating>5.3333</Rating>
  <RatingCount>3</RatingCount>
  <SeriesName>false</SeriesName>
  <ThumbnailPath>_cache/fanart/original/123411-7.jpg</ThumbnailPath>
  <VignettePath>fanart/vignette/123411-7.jpg</VignettePath>
</Banner>
<Banner>
  <id>413621</id>
  <BannerPath>fanart/original/123411-8.jpg</BannerPath>
  <BannerType>fanart</BannerType>
  <BannerType2>1280x720</BannerType2>
  <Colors></Colors>
  <Language>en</Language>
  <Rating></Rating>
  <RatingCount>0</RatingCount>
  <SeriesName>false</SeriesName>
  <ThumbnailPath>_cache/fanart/original/123411-8.jpg</ThumbnailPath>
  <VignettePath>fanart/vignette/123411-8.jpg</VignettePath>
</Banner>
<Banner>
  <id>413661</id>
  <BannerPath>fanart/original/123411-12.jpg</BannerPath>
  <BannerType>fanart</BannerType>
  <BannerType2>1280x720</BannerType2>
  <Colors></Colors>
  <Language>en</Language>
  <Rating></Rating>
  <RatingCount>0</RatingCount>
  <SeriesName>false</SeriesName>
  <ThumbnailPath>_cache/fanart/original/123411-12.jpg</ThumbnailPath>
  <VignettePath>fanart/vignette/123411-12.jpg</VignettePath>
</Banner>
<Banner>
  <id>413641</id>
  <BannerPath>fanart/original/123411-10.jpg</BannerPath>
  <BannerType>fanart</BannerType>
  <BannerType2>1280x720</BannerType2>
  <Colors></Colors>
  <Language>en</Language>
  <Rating></Rating>
  <RatingCount>0</RatingCount>
  <SeriesName>false</SeriesName>
  <ThumbnailPath>_cache/fanart/original/123411-10.jpg</ThumbnailPath>
  <VignettePath>fanart/vignette/123411-10.jpg</VignettePath>
</Banner>
<Banner>
  <id>413651</id>
  <BannerPath>fanart/original/123411-11.jpg</BannerPath>
  <BannerType>fanart</BannerType>
  <BannerType2>1280x720</BannerType2>
  <Colors></Colors>
  <Language>en</Language>
  <Rating></Rating>
  <RatingCount>0</RatingCount>
  <SeriesName>false</SeriesName>
  <ThumbnailPath>_cache/fanart/original/123411-11.jpg</ThumbnailPath>
  <VignettePath>fanart/vignette/123411-11.jpg</VignettePath>
</Banner>
<Banner>
  <id>413631</id>
  <BannerPath>fanart/original/123411-9.jpg</BannerPath>
  <BannerType>fanart</BannerType>
  <BannerType2>1280x720</BannerType2>
  <Colors></Colors>
  <Language>en</Language>
  <Rating></Rating>
  <RatingCount>0</RatingCount>
  <SeriesName>false</SeriesName>
  <ThumbnailPath>_cache/fanart/original/123411-9.jpg</ThumbnailPath>
  <VignettePath>fanart/vignette/123411-9.jpg</VignettePath>
</Banner>
<Banner>
  <id>385021</id>
  <BannerPath>posters/123411-2.jpg</BannerPath>
  <BannerType>poster</BannerType>
  <BannerType2>680x1000</BannerType2>
  <Language>en</Language>
  <Rating>9.0000</Rating>
  <RatingCount>1</RatingCount>
</Banner>
<Banner>
  <id>300891</id>
  <BannerPath>posters/123411-1.jpg</BannerPath>
  <BannerType>poster</BannerType>
  <BannerType2>680x1000</BannerType2>
  <Language>en</Language>
  <Rating>8.0000</Rating>
  <RatingCount>2</RatingCount>
</Banner>
<Banner>
  <id>905958</id>
  <BannerPath>posters/123411-3.jpg</BannerPath>
  <BannerType>poster</BannerType>
  <BannerType2>680x1000</BannerType2>
  <Language>en</Language>
  <Rating></Rating>
  <RatingCount>0</RatingCount>
</Banner>
<Banner>
  <id>410111</id>
  <BannerPath>seasons/123411-1.jpg</BannerPath>
  <BannerType>season</BannerType>
  <BannerType2>season</BannerType2>
  <Language>en</Language>
  <Rating></Rating>
  <RatingCount>0</RatingCount>
  <Season>1</Season>
</Banner>
<Banner>
  <id>910312</id>
  <BannerPath>graphical/123411-g3.jpg</BannerPath>
  <BannerType>series</BannerType>
  <BannerType2>graphical</BannerType2>
  <Language>en</Language>
  <Rating>10.0000</Rating>
  <RatingCount>1</RatingCount>
</Banner>
<Banner>
  <id>301021</id>
  <BannerPath>graphical/123411-g2.jpg</BannerPath>
  <BannerType>series</BannerType>
  <BannerType2>graphical</BannerType2>
  <Language>en</Language>
  <Rating>9.0000</Rating>
  <RatingCount>4</RatingCount>
</Banner>
</Banners>