<?xml version="1.0" encoding="UTF-8" ?>
<Data><Series>
  <id>123411</id>
  <Actors>|Caterina Scorsone|Phillip Winchester|Andrew-Lee Potts|Colm Meaney|Matt Frewer|Tim Curry|Harry Dean Stanton|Kathy Bates|</Actors>
  <Airs_DayOfWeek>Sunday</Airs_DayOfWeek>
  <Airs_Time>09:00 PM</Airs_Time>
  <ContentRating>TV-PG</ContentRating>
  <FirstAired>2009-12-06</FirstAired>
  <Genre>|Mini-Series|Fantasy|</Genre>
  <IMDB_ID>tt1461312</IMDB_ID>
  <Language>en</Language>
  <Network>Syfy</Network>
  <NetworkID></NetworkID>
  <Overview>Using the classic Lewis Carroll books Alice's Adventures in Wonderland and Through the Looking-Glass as a jumping off point, writer/director Nick Willing has created the modern-day story of Alice Hamilton (Caterina Scorsone), a fiercely independent twenty-something who suddenly finds herself on the other side of a looking glass. She is a stranger in an outlandish city of twisted towers and casinos built out of playing cards, all under the rule of the deliciously devilish Queen of Hearts (Oscar winner Kathy Bates) who's not very happy about Alice's arrival.

In the course of her adventure, Alice enlists the help of an array of characters including the resistance fighter Hatter (Andrew-Lee Potts), resistance leader Dodo (Tim Curry) and the White Knight (Matt Frewer).

Rounding out the stellar cast are Colm Meaney as the King of Hearts, Harry Dean Stanton as Caterpillar, Alessandro Juliani as 9 of Clubs, Timothy Webber as Carpenter, Alex Diakun as Ratcatcher, and Eugene Lipinski as Doctors Dee and Dum.
</Overview>
  <Rating>7.8</Rating>
  <RatingCount>8</RatingCount>
  <Runtime>120</Runtime>
  <SeriesID>78104</SeriesID>
  <SeriesName>Alice (2009)</SeriesName>
  <Status>Ended</Status>
  <added>2009-11-09 07:11:09</added>
  <addedBy>76261</addedBy>
  <banner>graphical/123411-g3.jpg</banner>
  <fanart>fanart/original/123411-1.jpg</fanart>
  <lastupdated>1355897446</lastupdated>
  <poster>posters/123411-2.jpg</poster>
  <zap2it_id></zap2it_id>
</Series>
<Episode>
  <id>1283151</id>
  <Combined_episodenumber>1.1</Combined_episodenumber>
  <Combined_season>1</Combined_season>
  <DVD_chapter></DVD_chapter>
  <DVD_discid></DVD_discid>
  <DVD_episodenumber>1.1</DVD_episodenumber>
  <DVD_season>1</DVD_season>
  <Director>Nick Willing</Director>
  <EpImgFlag>2</EpImgFlag>
  <EpisodeName>Night One</EpisodeName>
  <EpisodeNumber>1</EpisodeNumber>
  <FirstAired>2009-12-06</FirstAired>
  <GuestStars></GuestStars>
  <IMDB_ID>tt1557906</IMDB_ID>
  <Language>en</Language>
  <Overview>A young martial-arts instructor witnesses a man's abduction and tries to intervene, which results in a trip through a magic mirror to a parallel universe.</Overview>
  <ProductionCode>101</ProductionCode>
  <Rating>7.4</Rating>
  <RatingCount>7</RatingCount>
  <SeasonNumber>1</SeasonNumber>
  <Writer>Nick Willing</Writer>
  <absolute_number>1</absolute_number>
  <filename>episodes/123411/1283151.jpg</filename>
  <lastupdated>1346878051</lastupdated>
  <seasonid>143261</seasonid>
  <seriesid>123411</seriesid>
</Episode>
<Episode>
  <id>1283161</id>
  <Combined_episodenumber>1.2</Combined_episodenumber>
  <Combined_season>1</Combined_season>
  <DVD_chapter></DVD_chapter>
  <DVD_discid></DVD_discid>
  <DVD_episodenumber>1.2</DVD_episodenumber>
  <DVD_season>1</DVD_season>
  <Director>Nick Willing</Director>
  <EpImgFlag>2</EpImgFlag>
  <EpisodeName>Night Two</EpisodeName>
  <EpisodeNumber>2</EpisodeNumber>
  <FirstAired>2009-12-07</FirstAired>
  <GuestStars></GuestStars>
  <IMDB_ID>tt1557907</IMDB_ID>
  <Language>en</Language>
  <Overview>The ruthless Queen of Hearts continues her bid to obtain the Stone of Wonderland, which controls the portal to Alice's world.</Overview>
  <ProductionCode>102</ProductionCode>
  <Rating>7.9</Rating>
  <RatingCount>7</RatingCount>
  <SeasonNumber>1</SeasonNumber>
  <Writer>Nick Willing</Writer>
  <absolute_number>2</absolute_number>
  <filename>episodes/123411/1283161.jpg</filename>
  <lastupdated>1346878062</lastupdated>
  <seasonid>143261</seasonid>
  <seriesid>123411</seriesid>
</Episode>
</Data>