<?xml version="1.0" encoding="UTF-8" ?>
<Actors>
<Actor>
  <id>35589</id>
  <Image>actors/35589.jpg</Image>
  <Name>Jill Hennessy</Name>
  <Role>Dr. Jordan Cavannaugh</Role>
  <SortOrder>0</SortOrder>
</Actor>
<Actor>
  <id>91921</id>
  <Image>actors/91921.jpg</Image>
  <Name>Leslie Bibb</Name>
  <Role>Det. Tallulah &quot;Lu&quot; Simmons</Role>
  <SortOrder>3</SortOrder>
</Actor>
<Actor>
  <id>35596</id>
  <Image>actors/35596.jpg</Image>
  <Name>Miguel Ferrer</Name>
  <Role>Dr. Garret Macy</Role>
  <SortOrder>3</SortOrder>
</Actor>
<Actor>
  <id>35595</id>
  <Image>actors/35595.jpg</Image>
  <Name>Ravi Kapoor</Name>
  <Role>Dr. Mahesh &quot;Bug&quot; Vijayaraghavensatyanaryanamurthy</Role>
  <SortOrder>3</SortOrder>
</Actor>
<Actor>
  <id>35594</id>
  <Image>actors/35594.jpg</Image>
  <Name>Ivan Sergei</Name>
  <Role>Dr. Peter Winslow</Role>
  <SortOrder>3</SortOrder>
</Actor>
<Actor>
  <id>35593</id>
  <Image>actors/35593.jpg</Image>
  <Name>Kathryn Hahn</Name>
  <Role>Lily Lebowski</Role>
  <SortOrder>3</SortOrder>
</Actor>
<Actor>
  <id>35592</id>
  <Image>actors/35592.jpg</Image>
  <Name>Mahershalalhashbaz Ali</Name>
  <Role>Dr. Trey Sanders</Role>
  <SortOrder>3</SortOrder>
</Actor>
<Actor>
  <id>35591</id>
  <Image>actors/35591.jpg</Image>
  <Name>Ken Howard</Name>
  <Role>Ret. Detective Lt. Max Cavanaugh</Role>
  <SortOrder>3</SortOrder>
</Actor>
<Actor>
  <id>35590</id>
  <Image>actors/35590.jpg</Image>
  <Name>Lorraine Toussaint</Name>
  <Role>Dr. Elaine Duchamps</Role>
  <SortOrder>3</SortOrder>
</Actor>
<Actor>
  <id>35588</id>
  <Image>actors/35588.jpg</Image>
  <Name>Steve Valentine</Name>
  <Role>Dr. Nigel Townsend</Role>
  <SortOrder>3</SortOrder>
</Actor>
<Actor>
  <id>35587</id>
  <Image>actors/35587.jpg</Image>
  <Name>Jerry O'Connell</Name>
  <Role>Det. Woody Hoyt</Role>
  <SortOrder>3</SortOrder>
</Actor>
</Actors>