<?xml version="1.0" encoding="UTF-8" ?>
<Banners>
<Banner>
  <id>217061</id>
  <BannerPath>fanart/original/74922-8.jpg</BannerPath>
  <BannerType>fanart</BannerType>
  <BannerType2>1920x1080</BannerType2>
  <Colors></Colors>
  <Language>de</Language>
  <Rating>9.0000</Rating>
  <RatingCount>1</RatingCount>
  <SeriesName>false</SeriesName>
  <ThumbnailPath>_cache/fanart/original/74922-8.jpg</ThumbnailPath>
  <VignettePath>fanart/vignette/74922-8.jpg</VignettePath>
</Banner>
<Banner>
  <id>70601</id>
  <BannerPath>fanart/original/74922-5.jpg</BannerPath>
  <BannerType>fanart</BannerType>
  <BannerType2>1920x1080</BannerType2>
  <Colors></Colors>
  <Language>en</Language>
  <Rating>8.5000</Rating>
  <RatingCount>2</RatingCount>
  <SeriesName>false</SeriesName>
  <ThumbnailPath>_cache/fanart/original/74922-5.jpg</ThumbnailPath>
  <VignettePath>fanart/vignette/74922-5.jpg</VignettePath>
</Banner>
<Banner>
  <id>217051</id>
  <BannerPath>fanart/original/74922-7.jpg</BannerPath>
  <BannerType>fanart</BannerType>
  <BannerType2>1920x1080</BannerType2>
  <Colors></Colors>
  <Language>de</Language>
  <Rating>7.0000</Rating>
  <RatingCount>1</RatingCount>
  <SeriesName>false</SeriesName>
  <ThumbnailPath>_cache/fanart/original/74922-7.jpg</ThumbnailPath>
  <VignettePath>fanart/vignette/74922-7.jpg</VignettePath>
</Banner>
<Banner>
  <id>217081</id>
  <BannerPath>fanart/original/74922-10.jpg</BannerPath>
  <BannerType>fanart</BannerType>
  <BannerType2>1920x1080</BannerType2>
  <Colors></Colors>
  <Language>de</Language>
  <Rating>6.0000</Rating>
  <RatingCount>1</RatingCount>
  <SeriesName>false</SeriesName>
  <ThumbnailPath>_cache/fanart/original/74922-10.jpg</ThumbnailPath>
  <VignettePath>fanart/vignette/74922-10.jpg</VignettePath>
</Banner>
<Banner>
  <id>70571</id>
  <BannerPath>fanart/original/74922-3.jpg</BannerPath>
  <BannerType>fanart</BannerType>
  <BannerType2>1920x1080</BannerType2>
  <Colors></Colors>
  <Language>en</Language>
  <Rating>5.5000</Rating>
  <RatingCount>2</RatingCount>
  <SeriesName>false</SeriesName>
  <ThumbnailPath>_cache/fanart/original/74922-3.jpg</ThumbnailPath>
  <VignettePath>fanart/vignette/74922-3.jpg</VignettePath>
</Banner>
<Banner>
  <id>36219</id>
  <BannerPath>fanart/original/74922-1.jpg</BannerPath>
  <BannerType>fanart</BannerType>
  <BannerType2>1920x1080</BannerType2>
  <Colors>|190,179,134|0,0,0|79,50,10|</Colors>
  <Language>en</Language>
  <Rating>5.2500</Rating>
  <RatingCount>4</RatingCount>
  <SeriesName>false</SeriesName>
  <ThumbnailPath>_cache/fanart/original/74922-1.jpg</ThumbnailPath>
  <VignettePath>fanart/vignette/74922-1.jpg</VignettePath>
</Banner>
<Banner>
  <id>217071</id>
  <BannerPath>fanart/original/74922-9.jpg</BannerPath>
  <BannerType>fanart</BannerType>
  <BannerType2>1920x1080</BannerType2>
  <Colors></Colors>
  <Language>de</Language>
  <Rating>5.0000</Rating>
  <RatingCount>1</RatingCount>
  <SeriesName>false</SeriesName>
  <ThumbnailPath>_cache/fanart/original/74922-9.jpg</ThumbnailPath>
  <VignettePath>fanart/vignette/74922-9.jpg</VignettePath>
</Banner>
<Banner>
  <id>70611</id>
  <BannerPath>fanart/original/74922-6.jpg</BannerPath>
  <BannerType>fanart</BannerType>
  <BannerType2>1920x1080</BannerType2>
  <Colors>|228,178,145|244,220,194|244,200,165|</Colors>
  <Language>en</Language>
  <Rating>1.0000</Rating>
  <RatingCount>1</RatingCount>
  <SeriesName>false</SeriesName>
  <ThumbnailPath>_cache/fanart/original/74922-6.jpg</ThumbnailPath>
  <VignettePath>fanart/vignette/74922-6.jpg</VignettePath>
</Banner>
<Banner>
  <id>70581</id>
  <BannerPath>fanart/original/74922-4.jpg</BannerPath>
  <BannerType>fanart</BannerType>
  <BannerType2>1920x1080</BannerType2>
  <Colors></Colors>
  <Language>en</Language>
  <Rating>1.0000</Rating>
  <RatingCount>1</RatingCount>
  <SeriesName>false</SeriesName>
  <ThumbnailPath>_cache/fanart/original/74922-4.jpg</ThumbnailPath>
  <VignettePath>fanart/vignette/74922-4.jpg</VignettePath>
</Banner>
<Banner>
  <id>70561</id>
  <BannerPath>fanart/original/74922-2.jpg</BannerPath>
  <BannerType>fanart</BannerType>
  <BannerType2>1920x1080</BannerType2>
  <Colors></Colors>
  <Language>en</Language>
  <Rating>1.0000</Rating>
  <RatingCount>1</RatingCount>
  <SeriesName>false</SeriesName>
  <ThumbnailPath>_cache/fanart/original/74922-2.jpg</ThumbnailPath>
  <VignettePath>fanart/vignette/74922-2.jpg</VignettePath>
</Banner>
<Banner>
  <id>919904</id>
  <BannerPath>fanart/original/74922-12.jpg</BannerPath>
  <BannerType>fanart</BannerType>
  <BannerType2>1920x1080</BannerType2>
  <Colors></Colors>
  <Language>fr</Language>
  <Rating></Rating>
  <RatingCount>0</RatingCount>
  <SeriesName>false</SeriesName>
  <ThumbnailPath>_cache/fanart/original/74922-12.jpg</ThumbnailPath>
  <VignettePath>fanart/vignette/74922-12.jpg</VignettePath>
</Banner>
<Banner>
  <id>919903</id>
  <BannerPath>fanart/original/74922-11.jpg</BannerPath>
  <BannerType>fanart</BannerType>
  <BannerType2>1920x1080</BannerType2>
  <Colors></Colors>
  <Language>fr</Language>
  <Rating></Rating>
  <RatingCount>0</RatingCount>
  <SeriesName>false</SeriesName>
  <ThumbnailPath>_cache/fanart/original/74922-11.jpg</ThumbnailPath>
  <VignettePath>fanart/vignette/74922-11.jpg</VignettePath>
</Banner>
<Banner>
  <id>36214</id>
  <BannerPath>posters/74922-2.jpg</BannerPath>
  <BannerType>poster</BannerType>
  <BannerType2>680x1000</BannerType2>
  <Language>en</Language>
  <Rating>9.6667</Rating>
  <RatingCount>3</RatingCount>
</Banner>
<Banner>
  <id>579601</id>
  <BannerPath>posters/74922-1.jpg</BannerPath>
  <BannerType>poster</BannerType>
  <BannerType2>680x1000</BannerType2>
  <Language>en</Language>
  <Rating></Rating>
  <RatingCount>0</RatingCount>
</Banner>
<Banner>
  <id>12579</id>
  <BannerPath>seasons/74922-4.jpg</BannerPath>
  <BannerType>season</BannerType>
  <BannerType2>season</BannerType2>
  <Language>en</Language>
  <Rating>7.0000</Rating>
  <RatingCount>1</RatingCount>
  <Season>4</Season>
</Banner>
<Banner>
  <id>12580</id>
  <BannerPath>seasons/74922-5.jpg</BannerPath>
  <BannerType>season</BannerType>
  <BannerType2>season</BannerType2>
  <Language>en</Language>
  <Rating>7.0000</Rating>
  <RatingCount>1</RatingCount>
  <Season>5</Season>
</Banner>
<Banner>
  <id>12581</id>
  <BannerPath>seasons/74922-6.jpg</BannerPath>
  <BannerType>season</BannerType>
  <BannerType2>season</BannerType2>
  <Language>en</Language>
  <Rating>7.0000</Rating>
  <RatingCount>1</RatingCount>
  <Season>6</Season>
</Banner>
<Banner>
  <id>7698</id>
  <BannerPath>seasons/2921-1.jpg</BannerPath>
  <BannerType>season</BannerType>
  <BannerType2>season</BannerType2>
  <Language>en</Language>
  <Rating>6.0000</Rating>
  <RatingCount>1</RatingCount>
  <Season>1</Season>
</Banner>
<Banner>
  <id>12577</id>
  <BannerPath>seasons/74922-2.jpg</BannerPath>
  <BannerType>season</BannerType>
  <BannerType2>season</BannerType2>
  <Language>en</Language>
  <Rating>5.0000</Rating>
  <RatingCount>1</RatingCount>
  <Season>2</Season>
</Banner>
<Banner>
  <id>12578</id>
  <BannerPath>seasons/74922-3.jpg</BannerPath>
  <BannerType>season</BannerType>
  <BannerType2>season</BannerType2>
  <Language>en</Language>
  <Rating>4.0000</Rating>
  <RatingCount>1</RatingCount>
  <Season>3</Season>
</Banner>
<Banner>
  <id>8963</id>
  <BannerPath>seasons/2921-6.jpg</BannerPath>
  <BannerType>season</BannerType>
  <BannerType2>season</BannerType2>
  <Language>en</Language>
  <Rating></Rating>
  <RatingCount>0</RatingCount>
  <Season>6</Season>
</Banner>
<Banner>
  <id>6718</id>
  <BannerPath>seasons/2921-5.jpg</BannerPath>
  <BannerType>season</BannerType>
  <BannerType2>season</BannerType2>
  <Language>en</Language>
  <Rating></Rating>
  <RatingCount>0</RatingCount>
  <Season>5</Season>
</Banner>
<Banner>
  <id>33679</id>
  <BannerPath>seasons/74922-1.jpg</BannerPath>
  <BannerType>season</BannerType>
  <BannerType2>season</BannerType2>
  <Language>en</Language>
  <Rating></Rating>
  <RatingCount>0</RatingCount>
  <Season>1</Season>
</Banner>
<Banner>
  <id>903538</id>
  <BannerPath>seasons/74922-0.jpg</BannerPath>
  <BannerType>season</BannerType>
  <BannerType2>season</BannerType2>
  <Language>en</Language>
  <Rating></Rating>
  <RatingCount>0</RatingCount>
  <Season>0</Season>
</Banner>
<Banner>
  <id>6713</id>
  <BannerPath>graphical/2921-g2.jpg</BannerPath>
  <BannerType>series</BannerType>
  <BannerType2>graphical</BannerType2>
  <Language>en</Language>
  <Rating>8.6667</Rating>
  <RatingCount>3</RatingCount>
</Banner>
<Banner>
  <id>5800</id>
  <BannerPath>graphical/2921-g.jpg</BannerPath>
  <BannerType>series</BannerType>
  <BannerType2>graphical</BannerType2>
  <Language>en</Language>
  <Rating>8.0000</Rating>
  <RatingCount>2</RatingCount>
</Banner>
<Banner>
  <id>29407</id>
  <BannerPath>graphical/74922-g2.jpg</BannerPath>
  <BannerType>series</BannerType>
  <BannerType2>graphical</BannerType2>
  <Language>fr</Language>
  <Rating>5.5000</Rating>
  <RatingCount>2</RatingCount>
</Banner>
<Banner>
  <id>13645</id>
  <BannerPath>graphical/74922-g.jpg</BannerPath>
  <BannerType>series</BannerType>
  <BannerType2>graphical</BannerType2>
  <Language>fr</Language>
  <Rating>4.0000</Rating>
  <RatingCount>2</RatingCount>
</Banner>
</Banners>