<?xml version="1.0" encoding="UTF-8" ?>
<Actors>
<Actor>
  <id>43561</id>
  <Image>actors/43561.jpg</Image>
  <Name>Michael Weatherly</Name>
  <Role>Logan Cale</Role>
  <SortOrder>0</SortOrder>
</Actor>
<Actor>
  <id>43559</id>
  <Image>actors/43559.jpg</Image>
  <Name>Jessica Alba</Name>
  <Role>Max Guevara &quot;X5-452&quot;</Role>
  <SortOrder>0</SortOrder>
</Actor>
<Actor>
  <id>43569</id>
  <Image>actors/43569.jpg</Image>
  <Name>Valarie Rae Miller</Name>
  <Role>Cynthia 'Original Cindy' McEachin</Role>
  <SortOrder>1</SortOrder>
</Actor>
<Actor>
  <id>43567</id>
  <Image>actors/43567.jpg</Image>
  <Name>Jennifer Blanc</Name>
  <Role>Kendra Maibaum</Role>
  <SortOrder>1</SortOrder>
</Actor>
<Actor>
  <id>43566</id>
  <Image>actors/43566.jpg</Image>
  <Name>Ashley Scott</Name>
  <Role>Asha Barlowe</Role>
  <SortOrder>1</SortOrder>
</Actor>
<Actor>
  <id>43570</id>
  <Image>actors/43570.jpg</Image>
  <Name>Richard Gunn</Name>
  <Role>Calvin 'Sketchy' Theodore</Role>
  <SortOrder>2</SortOrder>
</Actor>
<Actor>
  <id>43568</id>
  <Image>actors/43568.jpg</Image>
  <Name>Martin Cummins</Name>
  <Role>Ames White</Role>
  <SortOrder>2</SortOrder>
</Actor>
<Actor>
  <id>43565</id>
  <Image>actors/43565.jpg</Image>
  <Name>J.C. MacKenzie</Name>
  <Role>Reagan 'Normal' Ronald</Role>
  <SortOrder>2</SortOrder>
</Actor>
<Actor>
  <id>43563</id>
  <Image>actors/43563.jpg</Image>
  <Name>John Savage</Name>
  <Role>Colonel Donald Michael Lydecker</Role>
  <SortOrder>2</SortOrder>
</Actor>
<Actor>
  <id>43564</id>
  <Image>actors/43564.jpg</Image>
  <Name>Kevin Durand</Name>
  <Role>Joshua</Role>
  <SortOrder>3</SortOrder>
</Actor>
<Actor>
  <id>43562</id>
  <Image>actors/43562.jpg</Image>
  <Name>Jensen Ackles</Name>
  <Role>Alec &quot;X5-494&quot; / Ben </Role>
  <SortOrder>3</SortOrder>
</Actor>
<Actor>
  <id>43560</id>
  <Image>actors/43560.jpg</Image>
  <Name>Alimi Ballard</Name>
  <Role>Herbal Thought</Role>
  <SortOrder>3</SortOrder>
</Actor>
</Actors>