<?xml version="1.0" encoding="UTF-8" ?>
<Banners>
<Banner>
  <id>24641</id>
  <BannerPath>fanart/original/76148-4.jpg</BannerPath>
  <BannerType>fanart</BannerType>
  <BannerType2>1920x1080</BannerType2>
  <Colors>|255,240,100|32,28,29|224,133,78|</Colors>
  <Language>en</Language>
  <Rating>7.7778</Rating>
  <RatingCount>9</RatingCount>
  <SeriesName>false</SeriesName>
  <ThumbnailPath>_cache/fanart/original/76148-4.jpg</ThumbnailPath>
  <VignettePath>fanart/vignette/76148-4.jpg</VignettePath>
</Banner>
<Banner>
  <id>378681</id>
  <BannerPath>fanart/original/76148-13.jpg</BannerPath>
  <BannerType>fanart</BannerType>
  <BannerType2>1920x1080</BannerType2>
  <Colors></Colors>
  <Language>en</Language>
  <Rating>7.4000</Rating>
  <RatingCount>5</RatingCount>
  <SeriesName>false</SeriesName>
  <ThumbnailPath>_cache/fanart/original/76148-13.jpg</ThumbnailPath>
  <VignettePath>fanart/vignette/76148-13.jpg</VignettePath>
</Banner>
<Banner>
  <id>40558</id>
  <BannerPath>fanart/original/76148-10.jpg</BannerPath>
  <BannerType>fanart</BannerType>
  <BannerType2>1920x1080</BannerType2>
  <Colors></Colors>
  <Language>en</Language>
  <Rating>7.2500</Rating>
  <RatingCount>4</RatingCount>
  <SeriesName>false</SeriesName>
  <ThumbnailPath>_cache/fanart/original/76148-10.jpg</ThumbnailPath>
  <VignettePath>fanart/vignette/76148-10.jpg</VignettePath>
</Banner>
<Banner>
  <id>20275</id>
  <BannerPath>fanart/original/76148-3.jpg</BannerPath>
  <BannerType>fanart</BannerType>
  <BannerType2>1280x720</BannerType2>
  <Colors>|228,203,207|29,26,35|141,130,136|</Colors>
  <Language>en</Language>
  <Rating>7.1429</Rating>
  <RatingCount>7</RatingCount>
  <SeriesName>false</SeriesName>
  <ThumbnailPath>_cache/fanart/original/76148-3.jpg</ThumbnailPath>
  <VignettePath>fanart/vignette/76148-3.jpg</VignettePath>
</Banner>
<Banner>
  <id>30536</id>
  <BannerPath>fanart/original/76148-7.jpg</BannerPath>
  <BannerType>fanart</BannerType>
  <BannerType2>1280x720</BannerType2>
  <Colors></Colors>
  <Language>en</Language>
  <Rating>7.0000</Rating>
  <RatingCount>9</RatingCount>
  <SeriesName>false</SeriesName>
  <ThumbnailPath>_cache/fanart/original/76148-7.jpg</ThumbnailPath>
  <VignettePath>fanart/vignette/76148-7.jpg</VignettePath>
</Banner>
<Banner>
  <id>378701</id>
  <BannerPath>fanart/original/76148-14.jpg</BannerPath>
  <BannerType>fanart</BannerType>
  <BannerType2>1920x1080</BannerType2>
  <Colors></Colors>
  <Language>en</Language>
  <Rating>6.8000</Rating>
  <RatingCount>5</RatingCount>
  <SeriesName>false</SeriesName>
  <ThumbnailPath>_cache/fanart/original/76148-14.jpg</ThumbnailPath>
  <VignettePath>fanart/vignette/76148-14.jpg</VignettePath>
</Banner>
<Banner>
  <id>378671</id>
  <BannerPath>fanart/original/76148-5.jpg</BannerPath>
  <BannerType>fanart</BannerType>
  <BannerType2>1920x1080</BannerType2>
  <Colors></Colors>
  <Language>en</Language>
  <Rating>6.7500</Rating>
  <RatingCount>4</RatingCount>
  <SeriesName>false</SeriesName>
  <ThumbnailPath>_cache/fanart/original/76148-5.jpg</ThumbnailPath>
  <VignettePath>fanart/vignette/76148-5.jpg</VignettePath>
</Banner>
<Banner>
  <id>40556</id>
  <BannerPath>fanart/original/76148-8.jpg</BannerPath>
  <BannerType>fanart</BannerType>
  <BannerType2>1920x1080</BannerType2>
  <Colors></Colors>
  <Language>en</Language>
  <Rating>6.6667</Rating>
  <RatingCount>3</RatingCount>
  <SeriesName>false</SeriesName>
  <ThumbnailPath>_cache/fanart/original/76148-8.jpg</ThumbnailPath>
  <VignettePath>fanart/vignette/76148-8.jpg</VignettePath>
</Banner>
<Banner>
  <id>20273</id>
  <BannerPath>fanart/original/76148-1.jpg</BannerPath>
  <BannerType>fanart</BannerType>
  <BannerType2>1280x720</BannerType2>
  <Colors>|207,194,185|25,17,14|53,85,64|</Colors>
  <Language>en</Language>
  <Rating>6.2500</Rating>
  <RatingCount>8</RatingCount>
  <SeriesName>false</SeriesName>
  <ThumbnailPath>_cache/fanart/original/76148-1.jpg</ThumbnailPath>
  <VignettePath>fanart/vignette/76148-1.jpg</VignettePath>
</Banner>
<Banner>
  <id>476161</id>
  <BannerPath>fanart/original/76148-16.jpg</BannerPath>
  <BannerType>fanart</BannerType>
  <BannerType2>1920x1080</BannerType2>
  <Colors>|255,168,32|215,138,86|42,28,19|</Colors>
  <Language>fr</Language>
  <Rating>6.0000</Rating>
  <RatingCount>4</RatingCount>
  <SeriesName>false</SeriesName>
  <ThumbnailPath>_cache/fanart/original/76148-16.jpg</ThumbnailPath>
  <VignettePath>fanart/vignette/76148-16.jpg</VignettePath>
</Banner>
<Banner>
  <id>40561</id>
  <BannerPath>fanart/original/76148-12.jpg</BannerPath>
  <BannerType>fanart</BannerType>
  <BannerType2>1920x1080</BannerType2>
  <Colors>|11,9,22|113,120,175|239,180,174|</Colors>
  <Language>en</Language>
  <Rating>6.0000</Rating>
  <RatingCount>2</RatingCount>
  <SeriesName>false</SeriesName>
  <ThumbnailPath>_cache/fanart/original/76148-12.jpg</ThumbnailPath>
  <VignettePath>fanart/vignette/76148-12.jpg</VignettePath>
</Banner>
<Banner>
  <id>476171</id>
  <BannerPath>fanart/original/76148-17.jpg</BannerPath>
  <BannerType>fanart</BannerType>
  <BannerType2>1920x1080</BannerType2>
  <Colors></Colors>
  <Language>fr</Language>
  <Rating>5.5000</Rating>
  <RatingCount>2</RatingCount>
  <SeriesName>false</SeriesName>
  <ThumbnailPath>_cache/fanart/original/76148-17.jpg</ThumbnailPath>
  <VignettePath>fanart/vignette/76148-17.jpg</VignettePath>
</Banner>
<Banner>
  <id>40559</id>
  <BannerPath>fanart/original/76148-11.jpg</BannerPath>
  <BannerType>fanart</BannerType>
  <BannerType2>1920x1080</BannerType2>
  <Colors></Colors>
  <Language>en</Language>
  <Rating>5.5000</Rating>
  <RatingCount>2</RatingCount>
  <SeriesName>false</SeriesName>
  <ThumbnailPath>_cache/fanart/original/76148-11.jpg</ThumbnailPath>
  <VignettePath>fanart/vignette/76148-11.jpg</VignettePath>
</Banner>
<Banner>
  <id>20274</id>
  <BannerPath>fanart/original/76148-2.jpg</BannerPath>
  <BannerType>fanart</BannerType>
  <BannerType2>1280x720</BannerType2>
  <Colors>|198,113,118|42,33,96|211,218,228|</Colors>
  <Language>en</Language>
  <Rating>5.0000</Rating>
  <RatingCount>4</RatingCount>
  <SeriesName>false</SeriesName>
  <ThumbnailPath>_cache/fanart/original/76148-2.jpg</ThumbnailPath>
  <VignettePath>fanart/vignette/76148-2.jpg</VignettePath>
</Banner>
<Banner>
  <id>378711</id>
  <BannerPath>fanart/original/76148-15.jpg</BannerPath>
  <BannerType>fanart</BannerType>
  <BannerType2>1280x720</BannerType2>
  <Colors></Colors>
  <Language>en</Language>
  <Rating>5.0000</Rating>
  <RatingCount>2</RatingCount>
  <SeriesName>false</SeriesName>
  <ThumbnailPath>_cache/fanart/original/76148-15.jpg</ThumbnailPath>
  <VignettePath>fanart/vignette/76148-15.jpg</VignettePath>
</Banner>
<Banner>
  <id>40557</id>
  <BannerPath>fanart/original/76148-9.jpg</BannerPath>
  <BannerType>fanart</BannerType>
  <BannerType2>1920x1080</BannerType2>
  <Colors></Colors>
  <Language>en</Language>
  <Rating>5.0000</Rating>
  <RatingCount>4</RatingCount>
  <SeriesName>false</SeriesName>
  <ThumbnailPath>_cache/fanart/original/76148-9.jpg</ThumbnailPath>
  <VignettePath>fanart/vignette/76148-9.jpg</VignettePath>
</Banner>
<Banner>
  <id>867410</id>
  <BannerPath>fanart/original/76148-18.jpg</BannerPath>
  <BannerType>fanart</BannerType>
  <BannerType2>1280x720</BannerType2>
  <Colors></Colors>
  <Language>de</Language>
  <Rating></Rating>
  <RatingCount>0</RatingCount>
  <SeriesName>false</SeriesName>
  <ThumbnailPath>_cache/fanart/original/76148-18.jpg</ThumbnailPath>
  <VignettePath>fanart/vignette/76148-18.jpg</VignettePath>
</Banner>
<Banner>
  <id>867411</id>
  <BannerPath>fanart/original/76148-6.jpg</BannerPath>
  <BannerType>fanart</BannerType>
  <BannerType2>1280x720</BannerType2>
  <Colors></Colors>
  <Language>de</Language>
  <Rating></Rating>
  <RatingCount>0</RatingCount>
  <SeriesName>false</SeriesName>
  <ThumbnailPath>_cache/fanart/original/76148-6.jpg</ThumbnailPath>
  <VignettePath>fanart/vignette/76148-6.jpg</VignettePath>
</Banner>
<Banner>
  <id>858117</id>
  <BannerPath>posters/76148-7.jpg</BannerPath>
  <BannerType>poster</BannerType>
  <BannerType2>680x1000</BannerType2>
  <Language>en</Language>
  <Rating>9.0000</Rating>
  <RatingCount>2</RatingCount>
</Banner>
<Banner>
  <id>186441</id>
  <BannerPath>posters/76148-3.jpg</BannerPath>
  <BannerType>poster</BannerType>
  <BannerType2>680x1000</BannerType2>
  <Language>en</Language>
  <Rating>8.6250</Rating>
  <RatingCount>8</RatingCount>
</Banner>
<Banner>
  <id>728551</id>
  <BannerPath>posters/76148-6.jpg</BannerPath>
  <BannerType>poster</BannerType>
  <BannerType2>680x1000</BannerType2>
  <Language>en</Language>
  <Rating>8.0000</Rating>
  <RatingCount>1</RatingCount>
</Banner>
<Banner>
  <id>186431</id>
  <BannerPath>posters/76148-2.jpg</BannerPath>
  <BannerType>poster</BannerType>
  <BannerType2>680x1000</BannerType2>
  <Language>en</Language>
  <Rating>7.3333</Rating>
  <RatingCount>3</RatingCount>
</Banner>
<Banner>
  <id>858118</id>
  <BannerPath>posters/76148-8.jpg</BannerPath>
  <BannerType>poster</BannerType>
  <BannerType2>680x1000</BannerType2>
  <Language>en</Language>
  <Rating>7.0000</Rating>
  <RatingCount>2</RatingCount>
</Banner>
<Banner>
  <id>25466</id>
  <BannerPath>posters/76148-1.jpg</BannerPath>
  <BannerType>poster</BannerType>
  <BannerType2>680x1000</BannerType2>
  <Language>en</Language>
  <Rating>6.2500</Rating>
  <RatingCount>4</RatingCount>
</Banner>
<Banner>
  <id>186451</id>
  <BannerPath>posters/76148-4.jpg</BannerPath>
  <BannerType>poster</BannerType>
  <BannerType2>680x1000</BannerType2>
  <Language>en</Language>
  <Rating>6.0000</Rating>
  <RatingCount>4</RatingCount>
</Banner>
<Banner>
  <id>378641</id>
  <BannerPath>posters/76148-5.jpg</BannerPath>
  <BannerType>poster</BannerType>
  <BannerType2>680x1000</BannerType2>
  <Language>en</Language>
  <Rating>6.0000</Rating>
  <RatingCount>1</RatingCount>
</Banner>
<Banner>
  <id>14051</id>
  <BannerPath>seasons/76148-1.jpg</BannerPath>
  <BannerType>season</BannerType>
  <BannerType2>season</BannerType2>
  <Language>en</Language>
  <Rating>8.0000</Rating>
  <RatingCount>6</RatingCount>
  <Season>1</Season>
</Banner>
<Banner>
  <id>14050</id>
  <BannerPath>seasons/76148-2.jpg</BannerPath>
  <BannerType>season</BannerType>
  <BannerType2>season</BannerType2>
  <Language>en</Language>
  <Rating>7.6000</Rating>
  <RatingCount>5</RatingCount>
  <Season>2</Season>
</Banner>
<Banner>
  <id>7149</id>
  <BannerPath>seasons/36-2.jpg</BannerPath>
  <BannerType>season</BannerType>
  <BannerType2>season</BannerType2>
  <Language>en</Language>
  <Rating>7.2500</Rating>
  <RatingCount>4</RatingCount>
  <Season>2</Season>
</Banner>
<Banner>
  <id>7148</id>
  <BannerPath>seasons/36-1.jpg</BannerPath>
  <BannerType>season</BannerType>
  <BannerType2>season</BannerType2>
  <Language>en</Language>
  <Rating>6.4000</Rating>
  <RatingCount>5</RatingCount>
  <Season>1</Season>
</Banner>
<Banner>
  <id>654241</id>
  <BannerPath>seasons/76148-0.jpg</BannerPath>
  <BannerType>season</BannerType>
  <BannerType2>season</BannerType2>
  <Language>en</Language>
  <Rating></Rating>
  <RatingCount>0</RatingCount>
  <Season>0</Season>
</Banner>
<Banner>
  <id>15475</id>
  <BannerPath>seasonswide/76148-1.jpg</BannerPath>
  <BannerType>season</BannerType>
  <BannerType2>seasonwide</BannerType2>
  <Language>es</Language>
  <Rating>7.0000</Rating>
  <RatingCount>1</RatingCount>
  <Season>1</Season>
</Banner>
<Banner>
  <id>15476</id>
  <BannerPath>seasonswide/76148-2.jpg</BannerPath>
  <BannerType>season</BannerType>
  <BannerType2>seasonwide</BannerType2>
  <Language>es</Language>
  <Rating></Rating>
  <RatingCount>0</RatingCount>
  <Season>2</Season>
</Banner>
<Banner>
  <id>5321</id>
  <BannerPath>graphical/36-g.jpg</BannerPath>
  <BannerType>series</BannerType>
  <BannerType2>graphical</BannerType2>
  <Language>en</Language>
  <Rating>8.2000</Rating>
  <RatingCount>5</RatingCount>
</Banner>
<Banner>
  <id>13444</id>
  <BannerPath>graphical/76148-g.jpg</BannerPath>
  <BannerType>series</BannerType>
  <BannerType2>graphical</BannerType2>
  <Language>en</Language>
  <Rating>7.3333</Rating>
  <RatingCount>6</RatingCount>
</Banner>
<Banner>
  <id>477121</id>
  <BannerPath>graphical/76148-g5.jpg</BannerPath>
  <BannerType>series</BannerType>
  <BannerType2>graphical</BannerType2>
  <Language>en</Language>
  <Rating>7.2000</Rating>
  <RatingCount>5</RatingCount>
</Banner>
<Banner>
  <id>882103</id>
  <BannerPath>graphical/76148-g6.jpg</BannerPath>
  <BannerType>series</BannerType>
  <BannerType2>graphical</BannerType2>
  <Language>de</Language>
  <Rating>7.0000</Rating>
  <RatingCount>1</RatingCount>
</Banner>
<Banner>
  <id>26482</id>
  <BannerPath>graphical/76148-g3.jpg</BannerPath>
  <BannerType>series</BannerType>
  <BannerType2>graphical</BannerType2>
  <Language>en</Language>
  <Rating>7.0000</Rating>
  <RatingCount>2</RatingCount>
</Banner>
<Banner>
  <id>15477</id>
  <BannerPath>graphical/76148-g2.jpg</BannerPath>
  <BannerType>series</BannerType>
  <BannerType2>graphical</BannerType2>
  <Language>en</Language>
  <Rating>6.5000</Rating>
  <RatingCount>2</RatingCount>
</Banner>
<Banner>
  <id>98211</id>
  <BannerPath>graphical/76148-g4.jpg</BannerPath>
  <BannerType>series</BannerType>
  <BannerType2>graphical</BannerType2>
  <Language>en</Language>
  <Rating>6.0000</Rating>
  <RatingCount>1</RatingCount>
</Banner>
<Banner>
  <id>9227</id>
  <BannerPath>text/36.jpg</BannerPath>
  <BannerType>series</BannerType>
  <BannerType2>text</BannerType2>
  <Language>en</Language>
  <Rating>1.0000</Rating>
  <RatingCount>1</RatingCount>
</Banner>
<Banner>
  <id>13295</id>
  <BannerPath>blank/76148.jpg</BannerPath>
  <BannerType>series</BannerType>
  <BannerType2>blank</BannerType2>
  <Language>en</Language>
  <Rating></Rating>
  <RatingCount>0</RatingCount>
</Banner>
</Banners>