<?xml version="1.0" encoding="UTF-8" ?>
<Data><Series>
  <id>76148</id>
  <Actors>|Michael Weatherly|Jessica Alba|Valarie Rae Miller|Jennifer Blanc|Ashley Scott|Richard Gunn|Martin Cummins|J.C. MacKenzie|John Savage|Kevin Durand|Jensen Ackles|Alimi Ballard|</Actors>
  <Airs_DayOfWeek></Airs_DayOfWeek>
  <Airs_Time></Airs_Time>
  <ContentRating>TV-14</ContentRating>
  <FirstAired>2000-10-03</FirstAired>
  <Genre>|Action|Adventure|Science-Fiction|</Genre>
  <IMDB_ID>tt0204993</IMDB_ID>
  <Language>en</Language>
  <Network>FOX</Network>
  <NetworkID></NetworkID>
  <Overview>Max is a genetically-enhanced human prototype hunted by her former military handlers through the edgy, underground street life of 21st Century America. Max is aided in her quest - both to avoid capture and reunite with her &quot;siblings&quot; scattered in the aftermath of their escape - by Logan Cale, an idealistic cyber-journalist battling repression and corruption in post-apocalypse.</Overview>
  <Rating>8.6</Rating>
  <RatingCount>48</RatingCount>
  <Runtime>60</Runtime>
  <SeriesID>36</SeriesID>
  <SeriesName>Dark Angel</SeriesName>
  <Status>Ended</Status>
  <added></added>
  <addedBy></addedBy>
  <banner>graphical/36-g.jpg</banner>
  <fanart>fanart/original/76148-4.jpg</fanart>
  <lastupdated>1363690255</lastupdated>
  <poster>posters/76148-7.jpg</poster>
  <zap2it_id>SH388853</zap2it_id>
</Series>
<Episode>
  <id>329027</id>
  <Combined_episodenumber>1</Combined_episodenumber>
  <Combined_season>0</Combined_season>
  <DVD_chapter></DVD_chapter>
  <DVD_discid></DVD_discid>
  <DVD_episodenumber></DVD_episodenumber>
  <DVD_season></DVD_season>
  <Director></Director>
  <EpImgFlag></EpImgFlag>
  <EpisodeName>Q&amp;A On The Set With James Cameron And Charles Eglee</EpisodeName>
  <EpisodeNumber>1</EpisodeNumber>
  <FirstAired></FirstAired>
  <GuestStars></GuestStars>
  <IMDB_ID></IMDB_ID>
  <Language>en</Language>
  <Overview></Overview>
  <ProductionCode></ProductionCode>
  <Rating></Rating>
  <RatingCount>0</RatingCount>
  <SeasonNumber>0</SeasonNumber>
  <Writer></Writer>
  <absolute_number></absolute_number>
  <airsafter_season></airsafter_season>
  <airsbefore_episode></airsbefore_episode>
  <airsbefore_season></airsbefore_season>
  <filename></filename>
  <lastupdated>1179656391</lastupdated>
  <seasonid>23606</seasonid>
  <seriesid>76148</seriesid>
</Episode>
<Episode>
  <id>329028</id>
  <Combined_episodenumber>2</Combined_episodenumber>
  <Combined_season>0</Combined_season>
  <DVD_chapter></DVD_chapter>
  <DVD_discid></DVD_discid>
  <DVD_episodenumber></DVD_episodenumber>
  <DVD_season></DVD_season>
  <Director></Director>
  <EpImgFlag></EpImgFlag>
  <EpisodeName>Interview With Jessica Alba</EpisodeName>
  <EpisodeNumber>2</EpisodeNumber>
  <FirstAired></FirstAired>
  <GuestStars></GuestStars>
  <IMDB_ID></IMDB_ID>
  <Language>en</Language>
  <Overview></Overview>
  <ProductionCode></ProductionCode>
  <Rating></Rating>
  <RatingCount>0</RatingCount>
  <SeasonNumber>0</SeasonNumber>
  <Writer></Writer>
  <absolute_number></absolute_number>
  <airsafter_season></airsafter_season>
  <airsbefore_episode></airsbefore_episode>
  <airsbefore_season></airsbefore_season>
  <filename></filename>
  <lastupdated>1179656404</lastupdated>
  <seasonid>23606</seasonid>
  <seriesid>76148</seriesid>
</Episode>
<Episode>
  <id>329029</id>
  <Combined_episodenumber>3</Combined_episodenumber>
  <Combined_season>0</Combined_season>
  <DVD_chapter></DVD_chapter>
  <DVD_discid></DVD_discid>
  <DVD_episodenumber></DVD_episodenumber>
  <DVD_season></DVD_season>
  <Director></Director>
  <EpImgFlag></EpImgFlag>
  <EpisodeName>Interview With Michael Weatherly</EpisodeName>
  <EpisodeNumber>3</EpisodeNumber>
  <FirstAired></FirstAired>
  <GuestStars></GuestStars>
  <IMDB_ID></IMDB_ID>
  <Language>en</Language>
  <Overview></Overview>
  <ProductionCode></ProductionCode>
  <Rating></Rating>
  <RatingCount>0</RatingCount>
  <SeasonNumber>0</SeasonNumber>
  <Writer></Writer>
  <absolute_number></absolute_number>
  <airsafter_season></airsafter_season>
  <airsbefore_episode></airsbefore_episode>
  <airsbefore_season></airsbefore_season>
  <filename></filename>
  <lastupdated>1179656417</lastupdated>
  <seasonid>23606</seasonid>
  <seriesid>76148</seriesid>
</Episode>
<Episode>
  <id>329030</id>
  <Combined_episodenumber>4</Combined_episodenumber>
  <Combined_season>0</Combined_season>
  <DVD_chapter></DVD_chapter>
  <DVD_discid></DVD_discid>
  <DVD_episodenumber></DVD_episodenumber>
  <DVD_season></DVD_season>
  <Director></Director>
  <EpImgFlag></EpImgFlag>
  <EpisodeName>Interview With John Savage</EpisodeName>
  <EpisodeNumber>4</EpisodeNumber>
  <FirstAired></FirstAired>
  <GuestStars></GuestStars>
  <IMDB_ID></IMDB_ID>
  <Language>en</Language>
  <Overview></Overview>
  <ProductionCode></ProductionCode>
  <Rating></Rating>
  <RatingCount>0</RatingCount>
  <SeasonNumber>0</SeasonNumber>
  <Writer></Writer>
  <absolute_number></absolute_number>
  <airsafter_season></airsafter_season>
  <airsbefore_episode></airsbefore_episode>
  <airsbefore_season></airsbefore_season>
  <filename></filename>
  <lastupdated>1179656429</lastupdated>
  <seasonid>23606</seasonid>
  <seriesid>76148</seriesid>
</Episode>
<Episode>
  <id>329031</id>
  <Combined_episodenumber>5</Combined_episodenumber>
  <Combined_season>0</Combined_season>
  <DVD_chapter></DVD_chapter>
  <DVD_discid></DVD_discid>
  <DVD_episodenumber></DVD_episodenumber>
  <DVD_season></DVD_season>
  <Director></Director>
  <EpImgFlag></EpImgFlag>
  <EpisodeName>Game Trailer - James Cameron's Dark Angel</EpisodeName>
  <EpisodeNumber>5</EpisodeNumber>
  <FirstAired></FirstAired>
  <GuestStars></GuestStars>
  <IMDB_ID></IMDB_ID>
  <Language>en</Language>
  <Overview></Overview>
  <ProductionCode></ProductionCode>
  <Rating></Rating>
  <RatingCount>0</RatingCount>
  <SeasonNumber>0</SeasonNumber>
  <Writer></Writer>
  <absolute_number></absolute_number>
  <airsafter_season></airsafter_season>
  <airsbefore_episode></airsbefore_episode>
  <airsbefore_season></airsbefore_season>
  <filename></filename>
  <lastupdated>1179656443</lastupdated>
  <seasonid>23606</seasonid>
  <seriesid>76148</seriesid>
</Episode>
<Episode>
  <id>2895651</id>
  <Combined_episodenumber>6</Combined_episodenumber>
  <Combined_season>0</Combined_season>
  <DVD_chapter></DVD_chapter>
  <DVD_discid></DVD_discid>
  <DVD_episodenumber></DVD_episodenumber>
  <DVD_season></DVD_season>
  <Director></Director>
  <EpImgFlag>1</EpImgFlag>
  <EpisodeName>Creating an X-5</EpisodeName>
  <EpisodeNumber>6</EpisodeNumber>
  <FirstAired></FirstAired>
  <GuestStars></GuestStars>
  <IMDB_ID></IMDB_ID>
  <Language>en</Language>
  <Overview></Overview>
  <ProductionCode></ProductionCode>
  <Rating></Rating>
  <RatingCount>0</RatingCount>
  <SeasonNumber>0</SeasonNumber>
  <Writer></Writer>
  <absolute_number></absolute_number>
  <airsafter_season></airsafter_season>
  <airsbefore_episode></airsbefore_episode>
  <airsbefore_season></airsbefore_season>
  <filename>episodes/76148/2895651.jpg</filename>
  <lastupdated>1285697161</lastupdated>
  <seasonid>23606</seasonid>
  <seriesid>76148</seriesid>
</Episode>
<Episode>
  <id>2895661</id>
  <Combined_episodenumber>7</Combined_episodenumber>
  <Combined_season>0</Combined_season>
  <DVD_chapter></DVD_chapter>
  <DVD_discid></DVD_discid>
  <DVD_episodenumber></DVD_episodenumber>
  <DVD_season></DVD_season>
  <Director></Director>
  <EpImgFlag>1</EpImgFlag>
  <EpisodeName>Seattle Ain't What It Used to Be</EpisodeName>
  <EpisodeNumber>7</EpisodeNumber>
  <FirstAired></FirstAired>
  <GuestStars></GuestStars>
  <IMDB_ID></IMDB_ID>
  <Language>en</Language>
  <Overview></Overview>
  <ProductionCode></ProductionCode>
  <Rating></Rating>
  <RatingCount>0</RatingCount>
  <SeasonNumber>0</SeasonNumber>
  <Writer></Writer>
  <absolute_number></absolute_number>
  <airsafter_season></airsafter_season>
  <airsbefore_episode></airsbefore_episode>
  <airsbefore_season></airsbefore_season>
  <filename>episodes/76148/2895661.jpg</filename>
  <lastupdated>1285697193</lastupdated>
  <seasonid>23606</seasonid>
  <seriesid>76148</seriesid>
</Episode>
<Episode>
  <id>2895671</id>
  <Combined_episodenumber>8</Combined_episodenumber>
  <Combined_season>0</Combined_season>
  <DVD_chapter></DVD_chapter>
  <DVD_discid></DVD_discid>
  <DVD_episodenumber></DVD_episodenumber>
  <DVD_season></DVD_season>
  <Director></Director>
  <EpImgFlag>1</EpImgFlag>
  <EpisodeName>Dark Angel Genesis</EpisodeName>
  <EpisodeNumber>8</EpisodeNumber>
  <FirstAired></FirstAired>
  <GuestStars></GuestStars>
  <IMDB_ID></IMDB_ID>
  <Language>en</Language>
  <Overview></Overview>
  <ProductionCode></ProductionCode>
  <Rating></Rating>
  <RatingCount>0</RatingCount>
  <SeasonNumber>0</SeasonNumber>
  <Writer></Writer>
  <absolute_number></absolute_number>
  <airsafter_season></airsafter_season>
  <airsbefore_episode></airsbefore_episode>
  <airsbefore_season></airsbefore_season>
  <filename>episodes/76148/2895671.jpg</filename>
  <lastupdated>1285697209</lastupdated>
  <seasonid>23606</seasonid>
  <seriesid>76148</seriesid>
</Episode>
<Episode>
  <id>3941351</id>
  <Combined_episodenumber>9</Combined_episodenumber>
  <Combined_season>0</Combined_season>
  <DVD_chapter></DVD_chapter>
  <DVD_discid></DVD_discid>
  <DVD_episodenumber></DVD_episodenumber>
  <DVD_season></DVD_season>
  <Director></Director>
  <EpImgFlag></EpImgFlag>
  <EpisodeName>Audition Tapes To Final Scene Comparisons</EpisodeName>
  <EpisodeNumber>9</EpisodeNumber>
  <FirstAired></FirstAired>
  <GuestStars></GuestStars>
  <IMDB_ID></IMDB_ID>
  <Language>en</Language>
  <Overview></Overview>
  <ProductionCode></ProductionCode>
  <Rating></Rating>
  <RatingCount>0</RatingCount>
  <SeasonNumber>0</SeasonNumber>
  <Writer></Writer>
  <absolute_number></absolute_number>
  <airsafter_season></airsafter_season>
  <airsbefore_episode></airsbefore_episode>
  <airsbefore_season></airsbefore_season>
  <filename></filename>
  <lastupdated>1300644247</lastupdated>
  <seasonid>23606</seasonid>
  <seriesid>76148</seriesid>
</Episode>
<Episode>
  <id>3941361</id>
  <Combined_episodenumber>10</Combined_episodenumber>
  <Combined_season>0</Combined_season>
  <DVD_chapter></DVD_chapter>
  <DVD_discid></DVD_discid>
  <DVD_episodenumber></DVD_episodenumber>
  <DVD_season></DVD_season>
  <Director></Director>
  <EpImgFlag></EpImgFlag>
  <EpisodeName>Season 1 Bloopers</EpisodeName>
  <EpisodeNumber>10</EpisodeNumber>
  <FirstAired></FirstAired>
  <GuestStars></GuestStars>
  <IMDB_ID></IMDB_ID>
  <Language>en</Language>
  <Overview></Overview>
  <ProductionCode></ProductionCode>
  <Rating></Rating>
  <RatingCount>0</RatingCount>
  <SeasonNumber>0</SeasonNumber>
  <Writer></Writer>
  <absolute_number></absolute_number>
  <airsafter_season></airsafter_season>
  <airsbefore_episode></airsbefore_episode>
  <airsbefore_season></airsbefore_season>
  <filename></filename>
  <lastupdated>1301271815</lastupdated>
  <seasonid>23606</seasonid>
  <seriesid>76148</seriesid>
</Episode>
<Episode>
  <id>4012871</id>
  <Combined_episodenumber>11</Combined_episodenumber>
  <Combined_season>0</Combined_season>
  <DVD_chapter></DVD_chapter>
  <DVD_discid></DVD_discid>
  <DVD_episodenumber></DVD_episodenumber>
  <DVD_season></DVD_season>
  <Director></Director>
  <EpImgFlag></EpImgFlag>
  <EpisodeName>Max Resurrected</EpisodeName>
  <EpisodeNumber>11</EpisodeNumber>
  <FirstAired></FirstAired>
  <GuestStars></GuestStars>
  <IMDB_ID></IMDB_ID>
  <Language>en</Language>
  <Overview></Overview>
  <ProductionCode></ProductionCode>
  <Rating></Rating>
  <RatingCount>0</RatingCount>
  <SeasonNumber>0</SeasonNumber>
  <Writer></Writer>
  <absolute_number></absolute_number>
  <airsafter_season></airsafter_season>
  <airsbefore_episode></airsbefore_episode>
  <airsbefore_season></airsbefore_season>
  <filename></filename>
  <lastupdated>1301447299</lastupdated>
  <seasonid>23606</seasonid>
  <seriesid>76148</seriesid>
</Episode>
<Episode>
  <id>4012881</id>
  <Combined_episodenumber>12</Combined_episodenumber>
  <Combined_season>0</Combined_season>
  <DVD_chapter></DVD_chapter>
  <DVD_discid></DVD_discid>
  <DVD_episodenumber></DVD_episodenumber>
  <DVD_season></DVD_season>
  <Director></Director>
  <EpImgFlag></EpImgFlag>
  <EpisodeName>Making the Manticore Monsters</EpisodeName>
  <EpisodeNumber>12</EpisodeNumber>
  <FirstAired></FirstAired>
  <GuestStars></GuestStars>
  <IMDB_ID></IMDB_ID>
  <Language>en</Language>
  <Overview></Overview>
  <ProductionCode></ProductionCode>
  <Rating></Rating>
  <RatingCount>0</RatingCount>
  <SeasonNumber>0</SeasonNumber>
  <Writer></Writer>
  <absolute_number></absolute_number>
  <airsafter_season></airsafter_season>
  <airsbefore_episode></airsbefore_episode>
  <airsbefore_season></airsbefore_season>
  <filename></filename>
  <lastupdated>1301447325</lastupdated>
  <seasonid>23606</seasonid>
  <seriesid>76148</seriesid>
</Episode>
<Episode>
  <id>4012891</id>
  <Combined_episodenumber>13</Combined_episodenumber>
  <Combined_season>0</Combined_season>
  <DVD_chapter></DVD_chapter>
  <DVD_discid></DVD_discid>
  <DVD_episodenumber></DVD_episodenumber>
  <DVD_season></DVD_season>
  <Director></Director>
  <EpImgFlag></EpImgFlag>
  <EpisodeName>Manticore on the Loose</EpisodeName>
  <EpisodeNumber>13</EpisodeNumber>
  <FirstAired></FirstAired>
  <GuestStars></GuestStars>
  <IMDB_ID></IMDB_ID>
  <Language>en</Language>
  <Overview></Overview>
  <ProductionCode></ProductionCode>
  <Rating></Rating>
  <RatingCount>0</RatingCount>
  <SeasonNumber>0</SeasonNumber>
  <Writer></Writer>
  <absolute_number></absolute_number>
  <airsafter_season></airsafter_season>
  <airsbefore_episode></airsbefore_episode>
  <airsbefore_season></airsbefore_season>
  <filename></filename>
  <lastupdated>1301447337</lastupdated>
  <seasonid>23606</seasonid>
  <seriesid>76148</seriesid>
</Episode>
<Episode>
  <id>4012901</id>
  <Combined_episodenumber>14</Combined_episodenumber>
  <Combined_season>0</Combined_season>
  <DVD_chapter></DVD_chapter>
  <DVD_discid></DVD_discid>
  <DVD_episodenumber></DVD_episodenumber>
  <DVD_season></DVD_season>
  <Director></Director>
  <EpImgFlag></EpImgFlag>
  <EpisodeName>Season 2 Bloopers</EpisodeName>
  <EpisodeNumber>14</EpisodeNumber>
  <FirstAired></FirstAired>
  <GuestStars></GuestStars>
  <IMDB_ID></IMDB_ID>
  <Language>en</Language>
  <Overview></Overview>
  <ProductionCode></ProductionCode>
  <Rating></Rating>
  <RatingCount>0</RatingCount>
  <SeasonNumber>0</SeasonNumber>
  <Writer></Writer>
  <absolute_number></absolute_number>
  <airsafter_season></airsafter_season>
  <airsbefore_episode></airsbefore_episode>
  <airsbefore_season></airsbefore_season>
  <filename></filename>
  <lastupdated>1301447348</lastupdated>
  <seasonid>23606</seasonid>
  <seriesid>76148</seriesid>
</Episode>
<Episode>
  <id>184483</id>
  <Combined_episodenumber>1.0</Combined_episodenumber>
  <Combined_season>1</Combined_season>
  <DVD_chapter></DVD_chapter>
  <DVD_discid></DVD_discid>
  <DVD_episodenumber>1.0</DVD_episodenumber>
  <DVD_season>1</DVD_season>
  <Director>|David Nutter|</Director>
  <EpImgFlag></EpImgFlag>
  <EpisodeName>Pilot</EpisodeName>
  <EpisodeNumber>1</EpisodeNumber>
  <FirstAired>2000-10-03</FirstAired>
  <GuestStars>|Tyler Labine|Stanley Kamel|Kristin Bauer|Paul Popowich|Kim Hawthorne|Douglas O\'Keeffe|Sarah Jane Redmond|Lauren Lee Smith|Kyley Statham|Kent O\'Connnor|Emy Aneke|Bob Wilde|Rob Freeman|Hiro Kanagawa|Marcus Moldowan|Brad Loree|Storma T. McDonald|Dee Jay J</GuestStars>
  <IMDB_ID></IMDB_ID>
  <Language>en</Language>
  <Overview>As a child, Max was part of a highly classified genetic enhancement project. She and several other children were trained in a deeply secluded compound to use their superhuman powers. At a young age, Max and several others escaped the compound and made their way in the world. Now a beautiful young bike messenger and thief, Max is trying to find her lost &quot;&quot;siblings&quot;&quot; from the project, but at the same time, Max is trying to dodge capture from her former handlers led by Lydecker, and is aided in her quest by Logan Cale, an idealistic cyber-journalist.</Overview>
  <ProductionCode>1ADE79</ProductionCode>
  <Rating>7.4</Rating>
  <RatingCount>18</RatingCount>
  <SeasonNumber>1</SeasonNumber>
  <Writer>|James Cameron|Charles H. Eglee|</Writer>
  <absolute_number></absolute_number>
  <filename>episodes/76148/184483.jpg</filename>
  <lastupdated>1236730900</lastupdated>
  <seasonid>9764</seasonid>
  <seriesid>76148</seriesid>
</Episode>
<Episode>
  <id>184485</id>
  <Combined_episodenumber>2.0</Combined_episodenumber>
  <Combined_season>1</Combined_season>
  <DVD_chapter></DVD_chapter>
  <DVD_discid></DVD_discid>
  <DVD_episodenumber>2.0</DVD_episodenumber>
  <DVD_season>1</DVD_season>
  <Director>|Michael Katleman|</Director>
  <EpImgFlag></EpImgFlag>
  <EpisodeName>Heat</EpisodeName>
  <EpisodeNumber>2</EpisodeNumber>
  <FirstAired>2000-10-10</FirstAired>
  <GuestStars>|Eileen Pedde|Christine Chatelain|Branden Williams|</GuestStars>
  <IMDB_ID></IMDB_ID>
  <Language>en</Language>
  <Overview>Max is lured further into Logan's realm when he promises her more information about her past. He tells her about the woman who picked her up roadside as a child - a woman named Hannah. Max heads out to find Hannah, and ultimately gets more clues about her biological mother. But Hannah is forced to reveal Max's whereabouts to Lydecker. Max manages yet another daring escape from Lydecker.  Also, Max's feline DNA puts her in heat and she relentlessly pursues a man, Eric. They never really hook up, but Eric is left with a huge crush on Max and gets unsuspectingly sucked into her adventure. Elsewhere, the private eye, Vogelsang, double-crosses Max and sells information about her to Lydecker.</Overview>
  <ProductionCode>1ADE01</ProductionCode>
  <Rating>7.6</Rating>
  <RatingCount>12</RatingCount>
  <SeasonNumber>1</SeasonNumber>
  <Writer>|Patrick Harbinson|</Writer>
  <absolute_number></absolute_number>
  <filename>episodes/76148/184485.jpg</filename>
  <lastupdated>1268007708</lastupdated>
  <seasonid>9764</seasonid>
  <seriesid>76148</seriesid>
</Episode>
<Episode>
  <id>184486</id>
  <Combined_episodenumber>3.0</Combined_episodenumber>
  <Combined_season>1</Combined_season>
  <DVD_chapter></DVD_chapter>
  <DVD_discid></DVD_discid>
  <DVD_episodenumber>3.0</DVD_episodenumber>
  <DVD_season>1</DVD_season>
  <Director>|Terrence O\'Hara|</Director>
  <EpImgFlag></EpImgFlag>
  <EpisodeName>Flushed</EpisodeName>
  <EpisodeNumber>3</EpisodeNumber>
  <FirstAired>2000-10-17</FirstAired>
  <GuestStars>|Robert Seckler|Abraham Benrubi|Angelo Renai|Kristie Marsden|</GuestStars>
  <IMDB_ID></IMDB_ID>
  <Language>en</Language>
  <Overview>Max's seizures increase. Low on her medication after her friends mistakenly flush it down the toilet, Max breaks into a drug clinic. She is caught and ends up in jail and more openly a target for Lydecker. When her friends find out, Cindy gets herself arrested in order to help Max break out. Meanwhile, Lydecker closes in on Max. With the help of a stranger Cindy and Max manage to breakout. Lydecker's efforts to trap Max are again thwarted by Logan's tactics.</Overview>
  <ProductionCode>1ADE03</ProductionCode>
  <Rating>7.6</Rating>
  <RatingCount>11</RatingCount>
  <SeasonNumber>1</SeasonNumber>
  <Writer>|René Echevarria|Charles H. Eglee|</Writer>
  <absolute_number></absolute_number>
  <filename>episodes/76148/184486.jpg</filename>
  <lastupdated>1268007712</lastupdated>
  <seasonid>9764</seasonid>
  <seriesid>76148</seriesid>
</Episode>
<Episode>
  <id>184487</id>
  <Combined_episodenumber>4.0</Combined_episodenumber>
  <Combined_season>1</Combined_season>
  <DVD_chapter></DVD_chapter>
  <DVD_discid></DVD_discid>
  <DVD_episodenumber>4.0</DVD_episodenumber>
  <DVD_season>1</DVD_season>
  <Director>|Chris Long|</Director>
  <EpImgFlag></EpImgFlag>
  <EpisodeName>C.R.E.A.M.</EpisodeName>
  <EpisodeNumber>4</EpisodeNumber>
  <FirstAired>2000-10-31</FirstAired>
  <GuestStars>|Michael Sunczyk|Christine Chatelain|Mike Mitchell|Murray Lowry|Tony Perez|Lisa Rodriguez|Ron Blecker|Carlene Furk|Mike Mitchell|Duane Dickenson|Bruce Pinard|Maria Fabiana Dominguez|Gavin Buhr|Sue Mathew|</GuestStars>
  <IMDB_ID></IMDB_ID>
  <Language>en</Language>
  <Overview>Max comes to Sketchy's rescue after he loses a mobstar's money filled package. Meanwhile, Logan is approached by a young woman who wants him to locate her missing father but has a hidden agenda. </Overview>
  <ProductionCode>1ADE02</ProductionCode>
  <Rating>7.9</Rating>
  <RatingCount>10</RatingCount>
  <SeasonNumber>1</SeasonNumber>
  <Writer>|David Zabel|</Writer>
  <absolute_number></absolute_number>
  <filename>episodes/76148/184487.jpg</filename>
  <lastupdated>1268007715</lastupdated>
  <seasonid>9764</seasonid>
  <seriesid>76148</seriesid>
</Episode>
<Episode>
  <id>184488</id>
  <Combined_episodenumber>5.0</Combined_episodenumber>
  <Combined_season>1</Combined_season>
  <DVD_chapter></DVD_chapter>
  <DVD_discid></DVD_discid>
  <DVD_episodenumber>5.0</DVD_episodenumber>
  <DVD_season>1</DVD_season>
  <Director>|Joe Ann Fogle|</Director>
  <EpImgFlag></EpImgFlag>
  <EpisodeName>411 on the DL</EpisodeName>
  <EpisodeNumber>5</EpisodeNumber>
  <FirstAired>2000-11-14</FirstAired>
  <GuestStars>|Brenda James|Alex Green|Rodney Rowland|Nicole G. Leier|Vince Crestejo|Le\'Mark Cruise|Ralph Alderman|Fulvio Cecere|Robert Lewis|Ellie Chapple|Warrent T. Takeuchi|Taayla Markell|</GuestStars>
  <IMDB_ID></IMDB_ID>
  <Language>en</Language>
  <Overview>Max gets called to a secret meeting after seeing a personal ad containing her bar code tattoo number. She leans that Vogelsang claims to know about the remaining children from Manticore. He insists on a large sum of money for the information. Logan questions Vogelsang's motives and his relationship to Lydeker. Mysteriously, Logan's ex-wife reappears after many years of non-contact. Max is suspicious of the ex-wife's motives, but Logan feels drawn to his ex-wife. However, Max discovers the ex-wife has dark motives for returning. Elsewhere, Herbal is fired from the messenger service after using Rastafarian drugs. Cindy and Kendra head up a protest strike.</Overview>
  <ProductionCode>1ADE04</ProductionCode>
  <Rating>7.8</Rating>
  <RatingCount>10</RatingCount>
  <SeasonNumber>1</SeasonNumber>
  <Writer>|Doris Egan|</Writer>
  <absolute_number></absolute_number>
  <filename>episodes/76148/184488.jpg</filename>
  <lastupdated>1345490623</lastupdated>
  <seasonid>9764</seasonid>
  <seriesid>76148</seriesid>
</Episode>
<Episode>
  <id>184489</id>
  <Combined_episodenumber>6.0</Combined_episodenumber>
  <Combined_season>1</Combined_season>
  <DVD_chapter></DVD_chapter>
  <DVD_discid></DVD_discid>
  <DVD_episodenumber>6.0</DVD_episodenumber>
  <DVD_season>1</DVD_season>
  <Director>|David Jackson|Charles H. Eglee|RenÃ© Echevarria|</Director>
  <EpImgFlag></EpImgFlag>
  <EpisodeName>Prodigy</EpisodeName>
  <EpisodeNumber>6</EpisodeNumber>
  <FirstAired>2000-11-21</FirstAired>
  <GuestStars>|Mike Weinberg|George Cheung|Mark Houghton|Troy Ruptash|Biannca Gurniak|Dylan Pearson|Shannon Powell|Wren Roberts|Christopher Gora|Catherine Lough Haggquist|Robert K. Weiss|</GuestStars>
  <IMDB_ID></IMDB_ID>
  <Language>en</Language>
  <Overview>Max attends conference about genetic engineering. She sees Lydecker at the conference, but he doesn't recognize her. Before she can slip away unseen, the conference attendees are taken hostage by a group of anti-genetic engineering terrorists. Max can't use her abilities to escape for fear of being noticed. Logan negotiates to free the women and children in exchange for himself. Max is able to intervene to save Logan from an almost certain death. She takes out Lydecker in the process and stops the terrorists. Meanwhile at Jam Pony, the gang are riveted by the television coverage of the hostage situation and unaware that Max is involved. Herbal insists the terrorist situation is all part of God's plan.</Overview>
  <ProductionCode>1ADE05</ProductionCode>
  <Rating>7.7</Rating>
  <RatingCount>11</RatingCount>
  <SeasonNumber>1</SeasonNumber>
  <Writer>|Patrick Harbinson|</Writer>
  <absolute_number></absolute_number>
  <filename>episodes/76148/184489.jpg</filename>
  <lastupdated>1268007726</lastupdated>
  <seasonid>9764</seasonid>
  <seriesid>76148</seriesid>
</Episode>
<Episode>
  <id>184490</id>
  <Combined_episodenumber>7.0</Combined_episodenumber>
  <Combined_season>1</Combined_season>
  <DVD_chapter></DVD_chapter>
  <DVD_discid></DVD_discid>
  <DVD_episodenumber>7.0</DVD_episodenumber>
  <DVD_season>1</DVD_season>
  <Director>|Jefrey Levy|Jefery Levy|</Director>
  <EpImgFlag></EpImgFlag>
  <EpisodeName>Cold Comfort</EpisodeName>
  <EpisodeNumber>7</EpisodeNumber>
  <FirstAired>2000-11-28</FirstAired>
  <GuestStars>|Nicole Bilderback|Robert Gossett|John Dennis Johnston|Harsh Nayyar|Rick Dobran|Gustavo Febres|Darren Moore|Josh Byer|Ronald Selmour|Chris Duggan|</GuestStars>
  <IMDB_ID></IMDB_ID>
  <Language>en</Language>
  <Overview>Zack reappears and tells Max Lydecker has captured Brin, one of their Manticore sisters, and plans to do her harm. Max decides they must kidnap Lydecker and force him to reveal Brin's whereabouts. When Max and Zack discover that Lydecker was not behind Brin's disappearance, they have no choice but to team up with Lydecker to find their lost sister.</Overview>
  <ProductionCode>1ADE06</ProductionCode>
  <Rating>7.4</Rating>
  <RatingCount>10</RatingCount>
  <SeasonNumber>1</SeasonNumber>
  <Writer>|Jose Molina|</Writer>
  <absolute_number></absolute_number>
  <filename>episodes/76148/184490.jpg</filename>
  <lastupdated>1345490635</lastupdated>
  <seasonid>9764</seasonid>
  <seriesid>76148</seriesid>
</Episode>
<Episode>
  <id>184491</id>
  <Combined_episodenumber>8.0</Combined_episodenumber>
  <Combined_season>1</Combined_season>
  <DVD_chapter></DVD_chapter>
  <DVD_discid></DVD_discid>
  <DVD_episodenumber>8.0</DVD_episodenumber>
  <DVD_season>1</DVD_season>
  <Director>|Paul Shapiro|</Director>
  <EpImgFlag></EpImgFlag>
  <EpisodeName>Blah Blah Woof Woof</EpisodeName>
  <EpisodeNumber>8</EpisodeNumber>
  <FirstAired>2000-12-12</FirstAired>
  <GuestStars>|Scantone Jones|Russel Ferrier|D. Neil Mark|Lucia Walters|Rydyr Morse|Fulvio Cecere|Leslie Spongberg|Joey Aresco|Bobby Stewart|G. Michael Gray|P.J. Johal|Aaron Joseph|Donny Lucas|Marcus Sim|Scott Bishop|</GuestStars>
  <IMDB_ID></IMDB_ID>
  <Language>en</Language>
  <Overview>Lydecker gets the local police to post &quot;&quot;Wanted&quot;&quot; posters of Max throughout the city, charging her with Vogelsang's murder. Zack returns to beg Max to leave town. Logan offers Max and Zack shelter in a countryside retreat. While saying good-bye, their attraction to each other comes to the surface and Logan and Max kiss. Zack tries again to convince Max to run away with him. Just as she's ready to do it, she learns Logan is near death. Max heads back to Seattle to give Logan a blood transfusion. Though she puts her own life at risk, she does save Logan's life.   Lydecker and the police close in on finding Max; however, the real murder confesses. It's Zack who turns himself in to police in order to spare Max. The helicopter transporting Zack back to Manticore mysteriously explodes. No one knows if Zack was killed.   Meanwhile, Logan discovers the feeling has partially returned to his paralyzed leg. And, Sketchy is put in charge at Jam Pony. He seizes the opportunity to make himself look li</Overview>
  <ProductionCode>1ADE07</ProductionCode>
  <Rating>7.7</Rating>
  <RatingCount>10</RatingCount>
  <SeasonNumber>1</SeasonNumber>
  <Writer>|Moira Kirkland Dekker|Moira Kirland|Moira Kirland Dekker|</Writer>
  <absolute_number></absolute_number>
  <filename>episodes/76148/184491.jpg</filename>
  <lastupdated>1268007733</lastupdated>
  <seasonid>9764</seasonid>
  <seriesid>76148</seriesid>
</Episode>
<Episode>
  <id>184492</id>
  <Combined_episodenumber>9.0</Combined_episodenumber>
  <Combined_season>1</Combined_season>
  <DVD_chapter></DVD_chapter>
  <DVD_discid></DVD_discid>
  <DVD_episodenumber>9.0</DVD_episodenumber>
  <DVD_season>1</DVD_season>
  <Director>|Sarah Pia Anderson|</Director>
  <EpImgFlag></EpImgFlag>
  <EpisodeName>Out</EpisodeName>
  <EpisodeNumber>9</EpisodeNumber>
  <FirstAired>2001-01-09</FirstAired>
  <GuestStars>|Owen Rilan|Lance Gibson|Thomas Hunt|Darcy Laurie|Link Baker|Jessica Crockett|James Kidnie|Jose Vargas|Kaare Anderson|Mack-10|Bethoe Shirkoff|Jim Shield|</GuestStars>
  <IMDB_ID></IMDB_ID>
  <Language>en</Language>
  <Overview>Tired of Logan's &quot;&quot;all business&quot;&quot; approach to their relationship, Max refuses to help with his latest case involving a medical supply smuggler. But when Logan gets double-crossed by his target, Max goes undercover as &quot;&quot;Eyes Only&quot;&quot; to rescue him from a certain death. Meanwhile, Normal is smitten with a woman with a secret.</Overview>
  <ProductionCode>1ADE08</ProductionCode>
  <Rating>7.0</Rating>
  <RatingCount>9</RatingCount>
  <SeasonNumber>1</SeasonNumber>
  <Writer>|David Zabel|</Writer>
  <absolute_number></absolute_number>
  <filename>episodes/76148/184492.jpg</filename>
  <lastupdated>1268007737</lastupdated>
  <seasonid>9764</seasonid>
  <seriesid>76148</seriesid>
</Episode>
<Episode>
  <id>184493</id>
  <Combined_episodenumber>10.0</Combined_episodenumber>
  <Combined_season>1</Combined_season>
  <DVD_chapter></DVD_chapter>
  <DVD_discid></DVD_discid>
  <DVD_episodenumber>10.0</DVD_episodenumber>
  <DVD_season>1</DVD_season>
  <Director>|Michael Katleman|Charles H. Eglee|RenÃ© Echevarria|</Director>
  <EpImgFlag></EpImgFlag>
  <EpisodeName>Red</EpisodeName>
  <EpisodeNumber>10</EpisodeNumber>
  <FirstAired>2001-01-16</FirstAired>
  <GuestStars>|Mark Gibbon|Patrick Kilpatrick|Douglas O\\\'Keeffe|Alex Zahara|Taras Kostyuk|Irene Chang|Angela Moore|Nancy Sivak|Jodelle Micah Ferland|Brett Le Bourveau|Judith Maxie|Zahf Hagee|Dennis P. Kelli|Jade C. Bell|David Livingstone|Christian Deans|Emy Aneke|Kei</GuestStars>
  <IMDB_ID></IMDB_ID>
  <Language>en</Language>
  <Overview>Max takes on an army of superhuman soldiers in an episode amped up on action sequences. The trouble starts when Logan recruits his favorite biker chick to protect a Federal witness with vital info on local corruption. But the operation hits a snag after Max realizes that the guy she's guarding is a face from the not-so-distant---and very painful---past, and that those who want him dead may have plans for her as well.</Overview>
  <ProductionCode>1ADE09</ProductionCode>
  <Rating>7.7</Rating>
  <RatingCount>7</RatingCount>
  <SeasonNumber>1</SeasonNumber>
  <Writer>|David Zabel|Jose Molina|</Writer>
  <absolute_number></absolute_number>
  <filename>episodes/76148/184493.jpg</filename>
  <lastupdated>1268007747</lastupdated>
  <seasonid>9764</seasonid>
  <seriesid>76148</seriesid>
</Episode>
<Episode>
  <id>184494</id>
  <Combined_episodenumber>11.0</Combined_episodenumber>
  <Combined_season>1</Combined_season>
  <DVD_chapter></DVD_chapter>
  <DVD_discid></DVD_discid>
  <DVD_episodenumber>11.0</DVD_episodenumber>
  <DVD_season>1</DVD_season>
  <Director>|James A. Contner|</Director>
  <EpImgFlag></EpImgFlag>
  <EpisodeName>Art Attack</EpisodeName>
  <EpisodeNumber>11</EpisodeNumber>
  <FirstAired>2001-02-06</FirstAired>
  <GuestStars>|Susan Hogan|Michael Benyaer|Michasha Armstrong|Master P|Carolyne Maraghi|Emily Holmes|Samantha Smith|Lawrence Pressman|Ryan Robbins|Rekha Sharma|Michael Ann Connor|Gillian Carfra|Antonio Cupo|Michael Teigen|Craig Veroni|Lurene Music|David Abbott|Rob Brun</GuestStars>
  <IMDB_ID></IMDB_ID>
  <Language>en</Language>
  <Overview>Normal is kidnapped by a gang of art thieves and the Jam Pony folks realize they have been tricked into transporting stolen paintings.
Meanwhile, Logan asks Max to be his date at a family wedding. She is snubbed at the only store that sells gowns. She decides to return to the dress store and steal the dress she has put on hold. When Logan is suspicious of how she got such a nice dress, Max confesses and says she plans on taking it back. Later, Max enlists Logan's help to rescue Normal from the art thieves</Overview>
  <ProductionCode>1ADE10</ProductionCode>
  <Rating>7.9</Rating>
  <RatingCount>7</RatingCount>
  <SeasonNumber>1</SeasonNumber>
  <Writer>|Doris Egan|</Writer>
  <absolute_number></absolute_number>
  <filename>episodes/76148/184494.jpg</filename>
  <lastupdated>1345490654</lastupdated>
  <seasonid>9764</seasonid>
  <seriesid>76148</seriesid>
</Episode>
<Episode>
  <id>184495</id>
  <Combined_episodenumber>12.0</Combined_episodenumber>
  <Combined_season>1</Combined_season>
  <DVD_chapter></DVD_chapter>
  <DVD_discid></DVD_discid>
  <DVD_episodenumber>12.0</DVD_episodenumber>
  <DVD_season>1</DVD_season>
  <Director>|Duane Clark|Jose Molina|David Zabel|</Director>
  <EpImgFlag></EpImgFlag>
  <EpisodeName>Rising</EpisodeName>
  <EpisodeNumber>12</EpisodeNumber>
  <FirstAired>2001-02-13</FirstAired>
  <GuestStars>|Alex Zahara|Peter New|Mark Gibbon|Taras Kostyuk|Patrick Kilpatrick|Shawn Reis|James Tsai|Irene Chang|Gary Chalk|Jade C. Bell|Julia Arkos|</GuestStars>
  <IMDB_ID></IMDB_ID>
  <Language>en</Language>
  <Overview>The &quot;&quot;transgenic&quot;&quot; Reds catch up with Max when her lost pager reveals her whereabouts to them. The Reds are former death row convicts seeking to combine their technology with Max's genetic material. Logan and Max, after a deadly fight with a Red, learn that the transgenics' power is controlled by a special implant placed in their bodies.    Meanwhile, the Reds take Original Cindy hostage and used to lure Max into their trap. Max risks it all and inserts the Red's implant into her own neck in hopes of gaining extra power. The implant makes her hyper violent and she kills off the Reds in order to free Original Cindy. Max then has a seizure. Logan learns the only way to save Max's life is to get the chip out of her head, but first he has to electrocute the chip in her neck. He is able to save her. Max then has to reveal to Original Cindy her Manticore secret. Also, Logan begins to regain the use of his legs and stands up.</Overview>
  <ProductionCode>1ADE11</ProductionCode>
  <Rating>7.8</Rating>
  <RatingCount>8</RatingCount>
  <SeasonNumber>1</SeasonNumber>
  <Writer>|Moira Kirkland Dekker|Doris Egan|Moira Kirland|Moira Kirland Dekker|</Writer>
  <absolute_number></absolute_number>
  <filename>episodes/76148/184495.jpg</filename>
  <lastupdated>1268007758</lastupdated>
  <seasonid>9764</seasonid>
  <seriesid>76148</seriesid>
</Episode>
<Episode>
  <id>184496</id>
  <Combined_episodenumber>13.0</Combined_episodenumber>
  <Combined_season>1</Combined_season>
  <DVD_chapter></DVD_chapter>
  <DVD_discid></DVD_discid>
  <DVD_episodenumber>13.0</DVD_episodenumber>
  <DVD_season>1</DVD_season>
  <Director>|Jeff Woolnough|</Director>
  <EpImgFlag></EpImgFlag>
  <EpisodeName>The Kidz are Aiight</EpisodeName>
  <EpisodeNumber>13</EpisodeNumber>
  <FirstAired>2001-02-20</FirstAired>
  <GuestStars>|Lisa Ann Cabasa|Rob LaBelle|</GuestStars>
  <IMDB_ID></IMDB_ID>
  <Language>en</Language>
  <Overview>Re-captured by Lydecker after his helicopter crash, Zack is tortured in an effort to get him to reveal the whereabouts of the other X5 escapees.   After a failed escape attempt, Lydecker tortures Zack even more and Zack &quot;&quot;dies.&quot;&quot; In a ingenious plan, Zack survives his burial and escapes from his coffin. He contacts Max. She meets him in a cave on the Manticore property. Unbeknownst to them, Max is wired and Lydecker and company hear all he is saying. He tells Max he's forgotten everything, but she coaches him to try and remember the whereabouts of the other X5 escapees. He does remember a few details which he tells Max. He reveals Tenga is working in a nearby bakery. This is enough information to get Lydecker on her tail.   Max and Zack piece together that Lydecker knows the whereabouts of the X5 escapees. Logan sends a warning out to the X5ers through &quot;&quot;Eyes Only.&quot;&quot; All are tipped off, but Tenga alerts Zack that she needs help escaping Lydecker. Zack and Max go to her and help her get awa</Overview>
  <ProductionCode>1ADE12</ProductionCode>
  <Rating>8.2</Rating>
  <RatingCount>9</RatingCount>
  <SeasonNumber>1</SeasonNumber>
  <Writer>|René Echevarria|Charles H. Eglee|</Writer>
  <absolute_number></absolute_number>
  <filename>episodes/76148/184496.jpg</filename>
  <lastupdated>1345490671</lastupdated>
  <seasonid>9764</seasonid>
  <seriesid>76148</seriesid>
</Episode>
<Episode>
  <id>184497</id>
  <Combined_episodenumber>14.0</Combined_episodenumber>
  <Combined_season>1</Combined_season>
  <DVD_chapter></DVD_chapter>
  <DVD_discid></DVD_discid>
  <DVD_episodenumber>14.0</DVD_episodenumber>
  <DVD_season>1</DVD_season>
  <Director>|John T. Kretchmer|</Director>
  <EpImgFlag></EpImgFlag>
  <EpisodeName>Female Trouble</EpisodeName>
  <EpisodeNumber>14</EpisodeNumber>
  <FirstAired>2001-02-27</FirstAired>
  <GuestStars>|Brenda Bakke|Shireen Crutchfield|</GuestStars>
  <IMDB_ID></IMDB_ID>
  <Language>en</Language>
  <Overview>Max discovers Logan is dealing with a back-alley medical clinic doctor who has agreed to perform experimental therapies to keep him out of his wheelchair, who Max realizes is also a former Manticore scientist. Meanwhile,Original Cindy returns to Jam Pony and continues to learn more about Max and her relationship to Logan.</Overview>
  <ProductionCode>1ADE13</ProductionCode>
  <Rating>7.8</Rating>
  <RatingCount>6</RatingCount>
  <SeasonNumber>1</SeasonNumber>
  <Writer>|Patrick Harbinson|</Writer>
  <absolute_number></absolute_number>
  <filename>episodes/76148/184497.jpg</filename>
  <lastupdated>1268007770</lastupdated>
  <seasonid>9764</seasonid>
  <seriesid>76148</seriesid>
</Episode>
<Episode>
  <id>184498</id>
  <Combined_episodenumber>15.0</Combined_episodenumber>
  <Combined_season>1</Combined_season>
  <DVD_chapter></DVD_chapter>
  <DVD_discid></DVD_discid>
  <DVD_episodenumber>15.0</DVD_episodenumber>
  <DVD_season>1</DVD_season>
  <Director>|Michael Rhodes|</Director>
  <EpImgFlag></EpImgFlag>
  <EpisodeName>Haven</EpisodeName>
  <EpisodeNumber>15</EpisodeNumber>
  <FirstAired>2001-03-27</FirstAired>
  <GuestStars>|Ashley Crow|Mark Rolston|David A. Kaye|Ian Tracey|Salvator Xuereb|</GuestStars>
  <IMDB_ID></IMDB_ID>
  <Language>en</Language>
  <Overview>Max accompanies Logan to a once-thriving community, now devastated after the pulse, to meet with the town's retired sheriff (his Eyes Only) contact. The locals are hostile toward Max and Logan, believing them to be hold-overs from the pre-pulse days. While Logan is meeting with his contact, Max starts to feel ill and having seizures. She befriends a local teen who Max comes to realize is alienated from the rest of the town.    Max sees burn marks on the boy's hands. Then the boy is threatened with his life for talking to her. Max asks Logan to help her dig deeper to uncover what appears to be a conspiracy of silence.   Max and Logan find out the boy is the only survivor of an affluent family attacked and killed by an angry mob of townspeople after the pulse.   Max becomes debilitated by a seizure. Logan heroically overcomes his disability by using his wits to fend off a mob determined to keep the truth a secret. Logan succeeds in bringing the truth to light and helping the boy discover</Overview>
  <ProductionCode>1ADE14</ProductionCode>
  <Rating>7.6</Rating>
  <RatingCount>9</RatingCount>
  <SeasonNumber>1</SeasonNumber>
  <Writer>|Jose Molina|</Writer>
  <absolute_number></absolute_number>
  <filename>episodes/76148/184498.jpg</filename>
  <lastupdated>1268007774</lastupdated>
  <seasonid>9764</seasonid>
  <seriesid>76148</seriesid>
</Episode>
<Episode>
  <id>184499</id>
  <Combined_episodenumber>16.0</Combined_episodenumber>
  <Combined_season>1</Combined_season>
  <DVD_chapter></DVD_chapter>
  <DVD_discid></DVD_discid>
  <DVD_episodenumber>16.0</DVD_episodenumber>
  <DVD_season>1</DVD_season>
  <Director>|Paul Shapiro|</Director>
  <EpImgFlag></EpImgFlag>
  <EpisodeName>Shorties in Love</EpisodeName>
  <EpisodeNumber>16</EpisodeNumber>
  <FirstAired>2001-04-17</FirstAired>
  <GuestStars>|Alex Carter|Kim Hawthorne|Tangelia Rouse|Paul Anthony|</GuestStars>
  <IMDB_ID></IMDB_ID>
  <Language>en</Language>
  <Overview>When Diamond, an old girlfriend of Original Cindy's mysteriously reappears to rekindle their relationship, Max finds her anonymity dangerously comprised by a stranger with a deadly secret. Max becomes suspicious of Diamond's presence when Max is attacked by strangers. Logan investigates the identity of the attackers. Meanwhile, Max carries out a heist at the request of Logan. Unbeknownst to her, Max is followed on the heist by Diamond. Diamond accidentally trips an alarm and Max is caught. Diamond got away with the goods from the heist and convinces Cindy to leave town with her to start a new life.   While Max is in jail, Hazmat-suited soldiers drug her and take her to a laboratory. Max escapes after she learns her captors plan to kill her because she won't reveal the whereabouts of Diamond. With the help of Logan, Max discovers Diamond is wanted because she was injected with a deadly biological poison which was given to her by a genetics corporation. The corporation is trying to cover</Overview>
  <ProductionCode>1ADE15</ProductionCode>
  <Rating>7.4</Rating>
  <RatingCount>9</RatingCount>
  <SeasonNumber>1</SeasonNumber>
  <Writer>|Adisa Iwa|</Writer>
  <absolute_number></absolute_number>
  <filename>episodes/76148/184499.jpg</filename>
  <lastupdated>1345490683</lastupdated>
  <seasonid>9764</seasonid>
  <seriesid>76148</seriesid>
</Episode>
<Episode>
  <id>184500</id>
  <Combined_episodenumber>17.0</Combined_episodenumber>
  <Combined_season>1</Combined_season>
  <DVD_chapter></DVD_chapter>
  <DVD_discid></DVD_discid>
  <DVD_episodenumber>17.0</DVD_episodenumber>
  <DVD_season>1</DVD_season>
  <Director>|Thomas J. Wright|</Director>
  <EpImgFlag></EpImgFlag>
  <EpisodeName>Pollo Loco</EpisodeName>
  <EpisodeNumber>17</EpisodeNumber>
  <FirstAired>2001-04-24</FirstAired>
  <GuestStars>|Nana Visitor|Robert Floyd|Jensen Ackles|Colin Lawrence|Rekha Sharma|Jenn Forgie|Judith McDowell|James Kirk|</GuestStars>
  <IMDB_ID></IMDB_ID>
  <Language>en</Language>
  <Overview>Logan is tipped off by a friend at the morgue to a murder victim with a bar code tattoo on his neck. He tells Max who then investigates. Max reads the bar code to be that of fellow X5 escapee, Ben. However, the murder victim is not Ben. While she is viewing the body, Lydecker shows up to confiscate the body and close the investigation. Max hides.   After another body with the same bar code shows up, Max investigates the crime scene. While at the scene, Max has several flashbacks that make it clear to her that the real Ben is re-enacting a traumatic Manticore training exercise where a prisoner was hunted down and savagely murdered. Max herself participated in the exercise. Max remembers Ben had an obsession with a religious icon after a Manticore janitor gave him a card with her image. It looks to be an image of the Virgin Mary, but the young Manticore soldiers call her the blue lady.   Max goes to a local church and a priest befriends her. Later, the priest is abducted by Ben, who tatt</Overview>
  <ProductionCode>1ADE16</ProductionCode>
  <Rating>7.9</Rating>
  <RatingCount>10</RatingCount>
  <SeasonNumber>1</SeasonNumber>
  <Writer>|Doris Egan|</Writer>
  <absolute_number></absolute_number>
  <filename>episodes/76148/184500.jpg</filename>
  <lastupdated>1268007784</lastupdated>
  <seasonid>9764</seasonid>
  <seriesid>76148</seriesid>
</Episode>
<Episode>
  <id>184501</id>
  <Combined_episodenumber>18.0</Combined_episodenumber>
  <Combined_season>1</Combined_season>
  <DVD_chapter></DVD_chapter>
  <DVD_discid></DVD_discid>
  <DVD_episodenumber>18.0</DVD_episodenumber>
  <DVD_season>1</DVD_season>
  <Director>|Jeff Woolnough|</Director>
  <EpImgFlag></EpImgFlag>
  <EpisodeName>I and I am a Camera</EpisodeName>
  <EpisodeNumber>18</EpisodeNumber>
  <FirstAired>2001-05-01</FirstAired>
  <GuestStars>|Nana Visitor|Troy Turi|Kevin McNulty|Victor Flavin|Storma T. McDonald|Cindy Lou Powell|Carson|Brad Mooney|Matthew Brevner|Keith Dallas|Sky Miles|Guyle Frazier|Jaren Brandt Bartlett|Dexter Bell|Rainn Wilson|Lawrence Pressman|</GuestStars>
  <IMDB_ID></IMDB_ID>
  <Language>en</Language>
  <Overview>Investigating a string of murders of recently paroled convicts, Max and Logan meet a &quot;&quot;Fisher King&quot;&quot;-like super hero who at first appears harmless and slightly crazy, but ultimately has a profound effect on both their personal lives. Discovering this post-pulse crusade as he follows her around Seattle, Max's original opinion of the &quot;&quot;super hero&quot;&quot; changes after she sees him actually perform super-human feats.   Bringing Logan into the mix, they discover the &quot;&quot;super hero&quot;&quot; is a former NASA janitor who managed to abscond post-pulse with a highly advanced exoskeleton that attached to one's nervous system and provides super-human abilities.    Though fascinated by the device, Logan's interest is piqued when the man's ramblings about conspiracy theories and &quot;&quot;death from the sky&quot;&quot; bear a striking resemblance to Logan's murder investigation. Digging further Logan discovers a secret police plot to equip special hover-drones with weapons that can track and kill any target, especially ex-cons.</Overview>
  <ProductionCode>1ADE17</ProductionCode>
  <Rating>7.6</Rating>
  <RatingCount>8</RatingCount>
  <SeasonNumber>1</SeasonNumber>
  <Writer>|David Simkins|</Writer>
  <absolute_number></absolute_number>
  <filename>episodes/76148/184501.jpg</filename>
  <lastupdated>1345490695</lastupdated>
  <seasonid>9764</seasonid>
  <seriesid>76148</seriesid>
</Episode>
<Episode>
  <id>184502</id>
  <Combined_episodenumber>19.0</Combined_episodenumber>
  <Combined_season>1</Combined_season>
  <DVD_chapter></DVD_chapter>
  <DVD_discid></DVD_discid>
  <DVD_episodenumber>19.0</DVD_episodenumber>
  <DVD_season>1</DVD_season>
  <Director>|James Whitmore Jr.|</Director>
  <EpImgFlag></EpImgFlag>
  <EpisodeName>Hit a Sista Back</EpisodeName>
  <EpisodeNumber>19</EpisodeNumber>
  <FirstAired>2001-05-08</FirstAired>
  <GuestStars>|Nana Visitor|Nicole Bilderback|Sebastian Spence|Lorena Gale|Malkolm Alburquenque|Lisa Ann Cabasa|Lisa Ann Cabasa|</GuestStars>
  <IMDB_ID></IMDB_ID>
  <Language>en</Language>
  <Overview>When fellow X5 escapee Tinga returns to town to save the family she left behind, Max, with the help of Zack, once again places herself in danger to battle Manticore, Lydecker, newly turned X5 Bryn, and an increasingly power-hungry Madame X.    When Tinga gives up her freedom to ensure her child's safety, she is taken to a secret government lab. Amid the double crossing, we learn Lydecker is no longer in the loop with the real Manticore higher-ups. This means Max is in more danger that she could possible imagine.</Overview>
  <ProductionCode>1ADE18</ProductionCode>
  <Rating>7.6</Rating>
  <RatingCount>7</RatingCount>
  <SeasonNumber>1</SeasonNumber>
  <Writer>|Moira Kirkland Dekker|Moira Kirland|Moira Kirland Dekker|</Writer>
  <absolute_number></absolute_number>
  <filename>episodes/76148/184502.jpg</filename>
  <lastupdated>1268007795</lastupdated>
  <seasonid>9764</seasonid>
  <seriesid>76148</seriesid>
</Episode>
<Episode>
  <id>184503</id>
  <Combined_episodenumber>20.0</Combined_episodenumber>
  <Combined_season>1</Combined_season>
  <DVD_chapter></DVD_chapter>
  <DVD_discid></DVD_discid>
  <DVD_episodenumber>20.0</DVD_episodenumber>
  <DVD_season>1</DVD_season>
  <Director>|D.J. Caruso|</Director>
  <EpImgFlag></EpImgFlag>
  <EpisodeName>Meow</EpisodeName>
  <EpisodeNumber>20</EpisodeNumber>
  <FirstAired>2001-05-15</FirstAired>
  <GuestStars>|Nana Visitor|Nicole Bilderback|Lisa Ann Cabasa|Steve Bacic|Rob DeLeeuw|</GuestStars>
  <IMDB_ID></IMDB_ID>
  <Language>en</Language>
  <Overview>Max starts to feel the stress of being controlled by her genetic urges when she goes into her bi-annual feline DNA sexual urges.</Overview>
  <ProductionCode>1ADE19</ProductionCode>
  <Rating>8.4</Rating>
  <RatingCount>9</RatingCount>
  <SeasonNumber>1</SeasonNumber>
  <Writer>|David Zabel|</Writer>
  <absolute_number></absolute_number>
  <filename>episodes/76148/184503.jpg</filename>
  <lastupdated>1268007800</lastupdated>
  <seasonid>9764</seasonid>
  <seriesid>76148</seriesid>
</Episode>
<Episode>
  <id>184504</id>
  <Combined_episodenumber>21.0</Combined_episodenumber>
  <Combined_season>1</Combined_season>
  <DVD_chapter></DVD_chapter>
  <DVD_discid></DVD_discid>
  <DVD_episodenumber>21.0</DVD_episodenumber>
  <DVD_season>1</DVD_season>
  <Director>|Joe Ann Fogle|</Director>
  <EpImgFlag></EpImgFlag>
  <EpisodeName>And Jesus Brought a Casserole</EpisodeName>
  <EpisodeNumber>21</EpisodeNumber>
  <FirstAired>2001-05-22</FirstAired>
  <GuestStars>|Nana Visitor|Nicole Bilderback|Lisa Ann Cabasa|Robert Gossett|Josh Alba|Sean Campbell|Brian Drummond|Glenn Ennis|Rob Freeman|Colin Lawrence|John Callander|Martin Budny|Greg Kean|Veena Sood|Nicki Lynn Aycox|</GuestStars>
  <IMDB_ID></IMDB_ID>
  <Language>en</Language>
  <Overview>Max escapes Manticore and Madame X's clutches with the help of Lydecker. Lydecker and two of his accomplices, knock Max out and chain her to a hotel bed. Lydecker gets drunk while Max sleeps. Max wakes up just as Lydecker is pointing a gun at her and Madam X's people are closing in on them. Lydecker tells her he'll shoot her and then himself and end it all. Max kicks the gun our off his hand, grabs him, and they escape in his Humvee.    Meanwhile, the other X5s have gathered with Logan and are trying to come up with a plan to find Max. All are shocked when Max shows up with Lydecker and tells them all she wants them to help her take down Manticore. Though they all mistrust him, eventually, they include Lydecker on the plan -- seeing as he knows the ins and outs of Manticore.   Lydecker proves useful when he gouges the eye out of a man who has access to the Manticore labs. Max and Zack use the eye to gain access to the lab. The X5s plant bombs throughout Manticore. Max and Zack plant bo</Overview>
  <ProductionCode>1ADE20</ProductionCode>
  <Rating>9.0</Rating>
  <RatingCount>7</RatingCount>
  <SeasonNumber>1</SeasonNumber>
  <Writer>|René Echevarria|Charles H. Eglee|</Writer>
  <absolute_number></absolute_number>
  <filename>episodes/76148/184504.jpg</filename>
  <lastupdated>1345490710</lastupdated>
  <seasonid>9764</seasonid>
  <seriesid>76148</seriesid>
</Episode>
<Episode>
  <id>184505</id>
  <Combined_episodenumber>1.0</Combined_episodenumber>
  <Combined_season>2</Combined_season>
  <DVD_chapter></DVD_chapter>
  <DVD_discid></DVD_discid>
  <DVD_episodenumber>1.0</DVD_episodenumber>
  <DVD_season>2</DVD_season>
  <Director>|Jeff Woolnough|</Director>
  <EpImgFlag>2</EpImgFlag>
  <EpisodeName>Designate This</EpisodeName>
  <EpisodeNumber>1</EpisodeNumber>
  <FirstAired>2001-09-28</FirstAired>
  <GuestStars>|John Savage|Robert Gossett|Nana Visitor|Yee Jee Tso|Ian Marsh|Daniel Bacon|Norman Armour|Paul J. Anderson|Sean Bockhold|Kevin Conway|David Coles|Adam Henderson|Brian Drummond|Grace Park|Ashley Scott|Antonio Cupo|</GuestStars>
  <IMDB_ID>tt0554569</IMDB_ID>
  <Language>en</Language>
  <Overview>After months of being imprisoned at Manticore, Max has resisted powerful attempts at re-programming and breeding and plans her escape from the genetics lab. She is aided in her breakout by the gentle but beast-like Joshua, an early Manticore creation, and together they release all the other Manticore creatures. Max attempts to reunite with Logan, only to discover that he is now number one on Manticore's most wanted list.</Overview>
  <ProductionCode>2ADE01</ProductionCode>
  <Rating>7.9</Rating>
  <RatingCount>11</RatingCount>
  <SeasonNumber>2</SeasonNumber>
  <Writer>|Moira Kirland|</Writer>
  <absolute_number></absolute_number>
  <filename>episodes/76148/184505.jpg</filename>
  <lastupdated>1347248046</lastupdated>
  <seasonid>9765</seasonid>
  <seriesid>76148</seriesid>
</Episode>
<Episode>
  <id>184506</id>
  <Combined_episodenumber>2.0</Combined_episodenumber>
  <Combined_season>2</Combined_season>
  <DVD_chapter></DVD_chapter>
  <DVD_discid></DVD_discid>
  <DVD_episodenumber>2.0</DVD_episodenumber>
  <DVD_season>2</DVD_season>
  <Director>|Vern Gillum|</Director>
  <EpImgFlag>2</EpImgFlag>
  <EpisodeName>Bag 'Em</EpisodeName>
  <EpisodeNumber>2</EpisodeNumber>
  <FirstAired>2001-10-05</FirstAired>
  <GuestStars>|Jamie Bell|Jesse Moss|Sarah Morris|Nana Visitor|John Savage|Nicki Clyne|Kyle Alisharan|Sean Bockhold|Chris Kramer|Colin Cunningham|Alana Husband|Andrew Francis|Catherine Lough Haggquist|Steve Archer|Lisa Calder|Claude Duhamel|Cameron McDonald|Mark Lukyn|</GuestStars>
  <IMDB_ID>tt0554561</IMDB_ID>
  <Language>en</Language>
  <Overview>Manticore sends out a signal ordering all the escapees to return to a site where unbeknownst to them, awaits their death. While harboring a group of muddle Manticore escapees, Max is captured by a man who job it is to exterminate the remaining fugitives, leaving only Alec and the X6's to rescue her. Meanwhile, Lydecker contacts Logan when he gains information about Max that could be dangerous if it falls into the wrong hands.</Overview>
  <ProductionCode>2ADE02</ProductionCode>
  <Rating>7.8</Rating>
  <RatingCount>10</RatingCount>
  <SeasonNumber>2</SeasonNumber>
  <Writer>|Marjorie David|</Writer>
  <absolute_number></absolute_number>
  <filename>episodes/76148/184506.jpg</filename>
  <lastupdated>1347248083</lastupdated>
  <seasonid>9765</seasonid>
  <seriesid>76148</seriesid>
</Episode>
<Episode>
  <id>184507</id>
  <Combined_episodenumber>3.0</Combined_episodenumber>
  <Combined_season>2</Combined_season>
  <DVD_chapter></DVD_chapter>
  <DVD_discid></DVD_discid>
  <DVD_episodenumber>3.0</DVD_episodenumber>
  <DVD_season>2</DVD_season>
  <Director>|Thomas J. Wright|</Director>
  <EpImgFlag>2</EpImgFlag>
  <EpisodeName>Proof of Purchase</EpisodeName>
  <EpisodeNumber>3</EpisodeNumber>
  <FirstAired>2001-10-12</FirstAired>
  <GuestStars>|Brendan Beiser|Jane Sowerby|Rob LaBelle|Janet Wright|John Hainsworth|John Savage|Kyle Alisharan|Kimani Ray Smith|Deb Macatumpag|Vince Walker|Nick Harrison|Angela Uyeda|Ryan de Boer|Stephen Aberle|Brittany Cuevas|Norman Armour|Shaker Paleja|Ken Kirzinger|</GuestStars>
  <IMDB_ID>tt0554591</IMDB_ID>
  <Language>en</Language>
  <Overview>Max and Logan look for Joshua, who is wandering Seattle looking for &quot;&quot;Father&quot;&quot;, the man who created him. Meanwhile, Alec fights ordinary people in an underground club but when later caught by White, he must strike a bargain to kill three transgenics to save his life.</Overview>
  <ProductionCode>2ADE03</ProductionCode>
  <Rating>7.6</Rating>
  <RatingCount>10</RatingCount>
  <SeasonNumber>2</SeasonNumber>
  <Writer>|Tommy Thompson|</Writer>
  <absolute_number></absolute_number>
  <filename>episodes/76148/184507.jpg</filename>
  <lastupdated>1347248116</lastupdated>
  <seasonid>9765</seasonid>
  <seriesid>76148</seriesid>
</Episode>
<Episode>
  <id>184508</id>
  <Combined_episodenumber>4.0</Combined_episodenumber>
  <Combined_season>2</Combined_season>
  <DVD_chapter></DVD_chapter>
  <DVD_discid></DVD_discid>
  <DVD_episodenumber>4.0</DVD_episodenumber>
  <DVD_season>2</DVD_season>
  <Director>Jeff Woolnough</Director>
  <EpImgFlag>2</EpImgFlag>
  <EpisodeName>Radar Love</EpisodeName>
  <EpisodeNumber>4</EpisodeNumber>
  <FirstAired>2001-10-26</FirstAired>
  <GuestStars>|Tyler Labine|Kris Pope|Byron Mann|Paul Jamieson|Rekha Sharma|Rick Tae|Jonross Fong|Michael David Simms|David L. Yee|Greg Chan|Zen Shane Lim|Raugi Yu|Donald Fong|Laara Cing|Ben Wilde|Winston Brown|Paul Becker|</GuestStars>
  <IMDB_ID>tt0554592</IMDB_ID>
  <Language>en</Language>
  <Overview>Max and Logan must set aside their complicated and lethal feelings for one another, when they investigate a series of unusual deaths and uncover a genocidal agenda linked to transgenic escapees.</Overview>
  <ProductionCode>2ADE04</ProductionCode>
  <Rating>7.3</Rating>
  <RatingCount>10</RatingCount>
  <SeasonNumber>2</SeasonNumber>
  <Writer>Michael Angeli</Writer>
  <absolute_number></absolute_number>
  <filename>episodes/76148/184508.jpg</filename>
  <lastupdated>1347248192</lastupdated>
  <seasonid>9765</seasonid>
  <seriesid>76148</seriesid>
</Episode>
<Episode>
  <id>184509</id>
  <Combined_episodenumber>5.0</Combined_episodenumber>
  <Combined_season>2</Combined_season>
  <DVD_chapter></DVD_chapter>
  <DVD_discid></DVD_discid>
  <DVD_episodenumber>5.0</DVD_episodenumber>
  <DVD_season>2</DVD_season>
  <Director>|Les Landau|</Director>
  <EpImgFlag>2</EpImgFlag>
  <EpisodeName>Boo</EpisodeName>
  <EpisodeNumber>5</EpisodeNumber>
  <FirstAired>2001-11-02</FirstAired>
  <GuestStars>|Todd Stashwick|Kris Pope|Sarah Carter|G. Michael Gray|Deanne Henry|Travis MacDonald|Jillian Marie Hubert|Leslie Jones|Rob DeLeeuw|Jona Ritter|Jason Albertini|Angelika Baran|French Tickner|Brian Jensen|Jillian Marie|</GuestStars>
  <IMDB_ID>tt0554563</IMDB_ID>
  <Language>en</Language>
  <Overview>On Halloween night, Max finds her &quot;&quot;normal&quot;&quot; world turned upside down when the creatures she let out of Manticore are able to walk the streets freely without fear of exposure. As she and Joshua, with a crazy band of characters, race against time to find a headless body before it carries out its intended lethal mission, Max is faced with the reality that Asha and Logan are getting closer than ever.</Overview>
  <ProductionCode>2ADE05</ProductionCode>
  <Rating>6.5</Rating>
  <RatingCount>8</RatingCount>
  <SeasonNumber>2</SeasonNumber>
  <Writer>|Charles H. Eglee|Moira Kirland|</Writer>
  <absolute_number></absolute_number>
  <filename>episodes/76148/184509.jpg</filename>
  <lastupdated>1347248223</lastupdated>
  <seasonid>9765</seasonid>
  <seriesid>76148</seriesid>
</Episode>
<Episode>
  <id>184510</id>
  <Combined_episodenumber>6.0</Combined_episodenumber>
  <Combined_season>2</Combined_season>
  <DVD_chapter></DVD_chapter>
  <DVD_discid></DVD_discid>
  <DVD_episodenumber>6.0</DVD_episodenumber>
  <DVD_season>2</DVD_season>
  <Director>Allan Kroeker</Director>
  <EpImgFlag>2</EpImgFlag>
  <EpisodeName>Two</EpisodeName>
  <EpisodeNumber>6</EpisodeNumber>
  <FirstAired>2001-11-09</FirstAired>
  <GuestStars>Michasha Armstrong|John Cassini|Fred Ewanuick|John Mann</GuestStars>
  <IMDB_ID>tt0554600</IMDB_ID>
  <Language>en</Language>
  <Overview>Disturbed by Joshua's unusual behavior, as well as Alec's new job working at Jam Pony, Max's concern for Joshua is heightened when sector police killings are attributed to a &quot;&quot;beast-like&quot;&quot; creature. As Max races to try to figure out the mystery of the killings before more are committed, she makes a surprising discovery about who the culprit actually is.</Overview>
  <ProductionCode>2ADE06</ProductionCode>
  <Rating>7.5</Rating>
  <RatingCount>8</RatingCount>
  <SeasonNumber>2</SeasonNumber>
  <Writer>Jose Molina</Writer>
  <absolute_number></absolute_number>
  <filename>episodes/76148/184510.jpg</filename>
  <lastupdated>1347253613</lastupdated>
  <seasonid>9765</seasonid>
  <seriesid>76148</seriesid>
</Episode>
<Episode>
  <id>184511</id>
  <Combined_episodenumber>7.0</Combined_episodenumber>
  <Combined_season>2</Combined_season>
  <DVD_chapter></DVD_chapter>
  <DVD_discid></DVD_discid>
  <DVD_episodenumber>7.0</DVD_episodenumber>
  <DVD_season>2</DVD_season>
  <Director>|Nick Marck|</Director>
  <EpImgFlag>2</EpImgFlag>
  <EpisodeName>Some Assembly Required</EpisodeName>
  <EpisodeNumber>7</EpisodeNumber>
  <FirstAired>2001-11-16</FirstAired>
  <GuestStars>|Michasha Armstrong|Fred Ewanuick|John Mann|Seth Ranaweera|Sonya Salomaa|Todd Fenwick|Winston Brown|Fred Keating|</GuestStars>
  <IMDB_ID>tt0554597</IMDB_ID>
  <Language>en</Language>
  <Overview>Max discovers that Zack is not only alive but apparently benefiting from some cybernetic enhancements to his genetic engineering, however he does have memory problems. Knowing that Zack sacrificed his life for hers, Max puts herself at great risk, attempting to rescue him from his new &quot;&quot;owners,&quot;&quot; a vicious Seattle gang but when an attempt is made on Logan's life, Max is faced with a very painful decision.</Overview>
  <ProductionCode>2ADE07</ProductionCode>
  <Rating>7.9</Rating>
  <RatingCount>8</RatingCount>
  <SeasonNumber>2</SeasonNumber>
  <Writer>|Robert Doherty|</Writer>
  <absolute_number></absolute_number>
  <filename>episodes/76148/184511.jpg</filename>
  <lastupdated>1347248286</lastupdated>
  <seasonid>9765</seasonid>
  <seriesid>76148</seriesid>
</Episode>
<Episode>
  <id>184512</id>
  <Combined_episodenumber>8.0</Combined_episodenumber>
  <Combined_season>2</Combined_season>
  <DVD_chapter></DVD_chapter>
  <DVD_discid></DVD_discid>
  <DVD_episodenumber>8.0</DVD_episodenumber>
  <DVD_season>2</DVD_season>
  <Director>|Bryan Spicer|</Director>
  <EpImgFlag>2</EpImgFlag>
  <EpisodeName>Gill Girl</EpisodeName>
  <EpisodeNumber>8</EpisodeNumber>
  <FirstAired>2001-12-07</FirstAired>
  <GuestStars>|Kendall Cross|Gus Lynch|Scott Heindl|Darcy Laurie|Jessica Amlee|Jesse Hutch|Anita Brown|Angela Moore|Amanda Hardy|Daryl Quon|Mark Lukyn|</GuestStars>
  <IMDB_ID>tt0554575</IMDB_ID>
  <Language>en</Language>
  <Overview>Alec and Max set out to rescue an aquatic transgenic caught at sea from White, but the creature's mate throws a wrench into Max's plans. Meanwhile, Logan has a brush with death after he and Max get a little too close while babysitting his niece.</Overview>
  <ProductionCode>2ADE08</ProductionCode>
  <Rating>8.1</Rating>
  <RatingCount>9</RatingCount>
  <SeasonNumber>2</SeasonNumber>
  <Writer>|Marjorie David|</Writer>
  <absolute_number></absolute_number>
  <filename>episodes/76148/184512.jpg</filename>
  <lastupdated>1347248314</lastupdated>
  <seasonid>9765</seasonid>
  <seriesid>76148</seriesid>
</Episode>
<Episode>
  <id>184513</id>
  <Combined_episodenumber>9.0</Combined_episodenumber>
  <Combined_season>2</Combined_season>
  <DVD_chapter></DVD_chapter>
  <DVD_discid></DVD_discid>
  <DVD_episodenumber>9.0</DVD_episodenumber>
  <DVD_season>2</DVD_season>
  <Director>|Jeff Woolnough|</Director>
  <EpImgFlag>2</EpImgFlag>
  <EpisodeName>Medium is the Message</EpisodeName>
  <EpisodeNumber>9</EpisodeNumber>
  <FirstAired>2001-12-14</FirstAired>
  <GuestStars>|Emily Holmes|Claudette Roche|Brayden Bullen|Simon Burnett|Christopher Gordon|Robert Carter|Robert Carter|</GuestStars>
  <IMDB_ID>tt0554584</IMDB_ID>
  <Language>en</Language>
  <Overview>Max and Logan find themselves caught up in a spellbinding kidnapping case, that takes surprising turns when they learn the boy is the son of the infamous Mr. White. White, upon learning of Max's quest to find his son, decides to turn the tables and capture her instead and Max must race against time to save the boy, herself and discover the truth behind White's identity.</Overview>
  <ProductionCode>2ADE09</ProductionCode>
  <Rating>7.6</Rating>
  <RatingCount>8</RatingCount>
  <SeasonNumber>2</SeasonNumber>
  <Writer>|Michael Angeli|</Writer>
  <absolute_number></absolute_number>
  <filename>episodes/76148/184513.jpg</filename>
  <lastupdated>1347248350</lastupdated>
  <seasonid>9765</seasonid>
  <seriesid>76148</seriesid>
</Episode>
<Episode>
  <id>184514</id>
  <Combined_episodenumber>10.0</Combined_episodenumber>
  <Combined_season>2</Combined_season>
  <DVD_chapter></DVD_chapter>
  <DVD_discid></DVD_discid>
  <DVD_episodenumber>10.0</DVD_episodenumber>
  <DVD_season>2</DVD_season>
  <Director>|Stephen Williams|</Director>
  <EpImgFlag>2</EpImgFlag>
  <EpisodeName>Brainiac</EpisodeName>
  <EpisodeNumber>10</EpisodeNumber>
  <FirstAired>2002-01-11</FirstAired>
  <GuestStars>|Michael Bower|Cary Shields|Noel Callaghan|Dagmar Midcap|Sarah La Greca|Thomas Milburn Jr.|Simonee Chichester|Kuba|Dean Redmond|Simon Longmore|Tiffany Knight|Darren Choo|Terry Chen|</GuestStars>
  <IMDB_ID>tt0554565</IMDB_ID>
  <Language>en</Language>
  <Overview>When Asha's militant group comes under fire, Max figures that it's all because of a Manticore-engineered military strategist, another transgenic called Brain. Brain sets out to protect Max as best he can, after he's called upon to discover who really betrayed the group.</Overview>
  <ProductionCode>2ADE10</ProductionCode>
  <Rating>8.1</Rating>
  <RatingCount>9</RatingCount>
  <SeasonNumber>2</SeasonNumber>
  <Writer>|Chip Johannessen|</Writer>
  <absolute_number></absolute_number>
  <filename>episodes/76148/184514.jpg</filename>
  <lastupdated>1347248380</lastupdated>
  <seasonid>9765</seasonid>
  <seriesid>76148</seriesid>
</Episode>
<Episode>
  <id>184515</id>
  <Combined_episodenumber>11.0</Combined_episodenumber>
  <Combined_season>2</Combined_season>
  <DVD_chapter></DVD_chapter>
  <DVD_discid></DVD_discid>
  <DVD_episodenumber>11.0</DVD_episodenumber>
  <DVD_season>2</DVD_season>
  <Director>|Thomas J. Wright|</Director>
  <EpImgFlag>2</EpImgFlag>
  <EpisodeName>The Berrisford Agenda</EpisodeName>
  <EpisodeNumber>11</EpisodeNumber>
  <FirstAired>2002-01-18</FirstAired>
  <GuestStars>|Meghan Ory|Michael Kopsa|Fulvio Cecere|Micah Gardener|Ty Olsson|Jacob Chaos|Eric Breker|Susanne Ristic|</GuestStars>
  <IMDB_ID>tt0554598</IMDB_ID>
  <Language>en</Language>
  <Overview>While being haunted by music from the past, Alec must revisit one of his Manticore missions that went bad and resulted in the loss of his one true love. Max attempts to put the pieces of Alec's past together and upon discovery of the truth sets out to help him as best she can.</Overview>
  <ProductionCode>2ADE11</ProductionCode>
  <Rating>7.7</Rating>
  <RatingCount>7</RatingCount>
  <SeasonNumber>2</SeasonNumber>
  <Writer>|Moira Kirland|</Writer>
  <absolute_number></absolute_number>
  <filename>episodes/76148/184515.jpg</filename>
  <lastupdated>1347248411</lastupdated>
  <seasonid>9765</seasonid>
  <seriesid>76148</seriesid>
</Episode>
<Episode>
  <id>184516</id>
  <Combined_episodenumber>12.0</Combined_episodenumber>
  <Combined_season>2</Combined_season>
  <DVD_chapter></DVD_chapter>
  <DVD_discid></DVD_discid>
  <DVD_episodenumber>12.0</DVD_episodenumber>
  <DVD_season>2</DVD_season>
  <Director>|David Straiton|</Director>
  <EpImgFlag>2</EpImgFlag>
  <EpisodeName>Borrowed Time</EpisodeName>
  <EpisodeNumber>12</EpisodeNumber>
  <FirstAired>2002-02-01</FirstAired>
  <GuestStars>|Dee Jay Jackson|Scott Bellis|Tony Alcantar|Fiona Hogan|Sarah Cole-Burnett|Ryan Drescher|Peter Williams|</GuestStars>
  <IMDB_ID>tt0554564</IMDB_ID>
  <Language>en</Language>
  <Overview>When Max and Logan finally find a cure for their genetically engineered virus, it turns out to be only temporary. Their time together is limited and to make matters worse they have to stop a strange Manticore creation that is on the loose in Seattle and preying on people.</Overview>
  <ProductionCode>2ADE12</ProductionCode>
  <Rating>7.1</Rating>
  <RatingCount>8</RatingCount>
  <SeasonNumber>2</SeasonNumber>
  <Writer>|Jose Molina|</Writer>
  <absolute_number></absolute_number>
  <filename>episodes/76148/184516.jpg</filename>
  <lastupdated>1347248439</lastupdated>
  <seasonid>9765</seasonid>
  <seriesid>76148</seriesid>
</Episode>
<Episode>
  <id>184517</id>
  <Combined_episodenumber>13.0</Combined_episodenumber>
  <Combined_season>2</Combined_season>
  <DVD_chapter></DVD_chapter>
  <DVD_discid></DVD_discid>
  <DVD_episodenumber>13.0</DVD_episodenumber>
  <DVD_season>2</DVD_season>
  <Director>|Kenneth Biller|</Director>
  <EpImgFlag>2</EpImgFlag>
  <EpisodeName>Harbor Lights</EpisodeName>
  <EpisodeNumber>13</EpisodeNumber>
  <FirstAired>2002-02-08</FirstAired>
  <GuestStars>|Robert Smith|Donavon Stinson|Oscar Goncalves|Mark Lukyn|Dagmar Midcap|Kaare Anderson|Ari Soloman|Laara Sadiq|Kwesi Ameyaw|Todd Talbot|Bobby Stewart|Alanis Peart|Sharon Heath|Ben Cotton|Alexander Farquharson|Tara Fynn|Jerry Wasserman|Sarah Strange|Enuka O</GuestStars>
  <IMDB_ID>tt0554576</IMDB_ID>
  <Language>en</Language>
  <Overview>After Max is shot and hospitalized, Logan must intercept White and a very curious CDC doctor in order to keep Max's transgenic identity undercover.</Overview>
  <ProductionCode>2ADE13</ProductionCode>
  <Rating>7.7</Rating>
  <RatingCount>9</RatingCount>
  <SeasonNumber>2</SeasonNumber>
  <Writer>|Robert Doherty|</Writer>
  <absolute_number></absolute_number>
  <filename>episodes/76148/184517.jpg</filename>
  <lastupdated>1347248471</lastupdated>
  <seasonid>9765</seasonid>
  <seriesid>76148</seriesid>
</Episode>
<Episode>
  <id>184518</id>
  <Combined_episodenumber>14.0</Combined_episodenumber>
  <Combined_season>2</Combined_season>
  <DVD_chapter></DVD_chapter>
  <DVD_discid></DVD_discid>
  <DVD_episodenumber>14.0</DVD_episodenumber>
  <DVD_season>2</DVD_season>
  <Director>|David Grossman|</Director>
  <EpImgFlag>2</EpImgFlag>
  <EpisodeName>Love in Vein</EpisodeName>
  <EpisodeNumber>14</EpisodeNumber>
  <FirstAired>2002-03-08</FirstAired>
  <GuestStars>|Keegan Connor Tracy|Kett Turton|Camille Sullivan|Matthew Currie Holmes|Sam Witwer|Rehka Sharma|Adria McMorran|Ian Marsh|Juliet Dunn|Sky Miles|Carolyn Tweedle|Sean Amsing|Miles Meadows|Zak Santiago Alam|Eliza Murbach|Missy Peregrym|Vishanti Moosai|Adrian|</GuestStars>
  <IMDB_ID>tt0554583</IMDB_ID>
  <Language>en</Language>
  <Overview>Max must take on a cult of superhuman-blood addicts when she learns they're being led by a Manticore mutant intent on rebuilding an X-5 army. Meanwhile, Joshua falls in with the wrong crowd after Alec tricks him into delivering his packages for Jam Pony.</Overview>
  <ProductionCode>2ADE14</ProductionCode>
  <Rating>7.6</Rating>
  <RatingCount>8</RatingCount>
  <SeasonNumber>2</SeasonNumber>
  <Writer>|Michael Angeli|</Writer>
  <absolute_number></absolute_number>
  <filename>episodes/76148/184518.jpg</filename>
  <lastupdated>1347248497</lastupdated>
  <seasonid>9765</seasonid>
  <seriesid>76148</seriesid>
</Episode>
<Episode>
  <id>184519</id>
  <Combined_episodenumber>15.0</Combined_episodenumber>
  <Combined_season>2</Combined_season>
  <DVD_chapter></DVD_chapter>
  <DVD_discid></DVD_discid>
  <DVD_episodenumber>15.0</DVD_episodenumber>
  <DVD_season>2</DVD_season>
  <Director>|Morgan Beggs|</Director>
  <EpImgFlag>2</EpImgFlag>
  <EpisodeName>Fuhgeddaboudit</EpisodeName>
  <EpisodeNumber>15</EpisodeNumber>
  <FirstAired>2002-03-15</FirstAired>
  <GuestStars>|Frankie Jay Allison|David Gianopoulos|Byron Mann|Tracy Leah Ryan|Laurie Brunetti|John Juliani|Louis Chirillo|Lee Jay Bamberry|Peter Benson|</GuestStars>
  <IMDB_ID>tt0554574</IMDB_ID>
  <Language>en</Language>
  <Overview>A genetically enhanced hypnotist targets Logan and Max, who reveals her true identity and Logan's secret activities before realizing that she is being manipulated as part of a deadly plan - but luckily she doesn't remember doing it. Meanwhile, the transgenic, Mia, also sets her sights on Alec, raising the stakes, leading him back into the boxing ring to make some money for some not-so-good fellas.</Overview>
  <ProductionCode>2ADE15</ProductionCode>
  <Rating>7.9</Rating>
  <RatingCount>9</RatingCount>
  <SeasonNumber>2</SeasonNumber>
  <Writer>|Julie Hess|</Writer>
  <absolute_number></absolute_number>
  <filename>episodes/76148/184519.jpg</filename>
  <lastupdated>1347248526</lastupdated>
  <seasonid>9765</seasonid>
  <seriesid>76148</seriesid>
</Episode>
<Episode>
  <id>184520</id>
  <Combined_episodenumber>16.0</Combined_episodenumber>
  <Combined_season>2</Combined_season>
  <DVD_chapter></DVD_chapter>
  <DVD_discid></DVD_discid>
  <DVD_episodenumber>16.0</DVD_episodenumber>
  <DVD_season>2</DVD_season>
  <Director>|Stephen Williams|</Director>
  <EpImgFlag>2</EpImgFlag>
  <EpisodeName>Exposure</EpisodeName>
  <EpisodeNumber>16</EpisodeNumber>
  <FirstAired>2002-03-22</FirstAired>
  <GuestStars>|Callum Keith Rennie|Gabrielle Rose|Garwin Sanford|Malcolm Stewart|Devin Douglas Drewitz|Emily Holmes|Aaron Douglas|Jase-Anthony Griffith|Mike Mitchell|Alex Rae|Stephen Spender|Dominika Wolski|Brayden Bullen|</GuestStars>
  <IMDB_ID>tt0554570</IMDB_ID>
  <Language>en</Language>
  <Overview>Max and Logan track Ames' kidnapped son, Ray, to a small town where the breeding cult known as the Familiars, are readying their youngest creation for a mysterious ceremony.</Overview>
  <ProductionCode>2ADE16</ProductionCode>
  <Rating>7.8</Rating>
  <RatingCount>9</RatingCount>
  <SeasonNumber>2</SeasonNumber>
  <Writer>|Moira Kirland|</Writer>
  <absolute_number></absolute_number>
  <filename>episodes/76148/184520.jpg</filename>
  <lastupdated>1347248556</lastupdated>
  <seasonid>9765</seasonid>
  <seriesid>76148</seriesid>
</Episode>
<Episode>
  <id>184521</id>
  <Combined_episodenumber>17.0</Combined_episodenumber>
  <Combined_season>2</Combined_season>
  <DVD_chapter></DVD_chapter>
  <DVD_discid></DVD_discid>
  <DVD_episodenumber>17.0</DVD_episodenumber>
  <DVD_season>2</DVD_season>
  <Director>Jeff Woolnough</Director>
  <EpImgFlag>2</EpImgFlag>
  <EpisodeName>Hello, Goodbye</EpisodeName>
  <EpisodeNumber>17</EpisodeNumber>
  <FirstAired>2002-04-05</FirstAired>
  <GuestStars>|Rehka Sharma|Noah Beggs|Jase-Anthony Griffith|Gabrielle Rose|Gerry Durand|Mike Michell|Sadie Lawrence|Paul Moniz de Sa|Evan Stewart|Kandyse McClure|</GuestStars>
  <IMDB_ID>tt0554579</IMDB_ID>
  <Language>en</Language>
  <Overview>After a near-fatal incident with Logan, Max decides to end their relationship for good. A murder committed by Alec's Manticore twin, Ben, puts him under suspicion and places all of the transgenics in jeopardy...thanks to White and his leakage to the media. Meanwhile, Joshua finds the perfect woman, but can't find the courage to confess his secret.</Overview>
  <ProductionCode>2ADE17</ProductionCode>
  <Rating>7.4</Rating>
  <RatingCount>8</RatingCount>
  <SeasonNumber>2</SeasonNumber>
  <Writer>Jose Molina</Writer>
  <absolute_number></absolute_number>
  <filename>episodes/76148/184521.jpg</filename>
  <lastupdated>1347248653</lastupdated>
  <seasonid>9765</seasonid>
  <seriesid>76148</seriesid>
</Episode>
<Episode>
  <id>184522</id>
  <Combined_episodenumber>18.0</Combined_episodenumber>
  <Combined_season>2</Combined_season>
  <DVD_chapter></DVD_chapter>
  <DVD_discid></DVD_discid>
  <DVD_episodenumber>18.0</DVD_episodenumber>
  <DVD_season>2</DVD_season>
  <Director>|Kenneth Biller|</Director>
  <EpImgFlag>2</EpImgFlag>
  <EpisodeName>Dawg Day Afternoon</EpisodeName>
  <EpisodeNumber>18</EpisodeNumber>
  <FirstAired>2002-04-12</FirstAired>
  <GuestStars>|Gabrielle Rose|Malcolm Stewart|Josh Byer|David Coles|Jorgito Vargas|Bobby Stewart|Evan Stewart|L. Harvey Gold|Mark Burgess|David Berner|J.J. Johnson|Brad Loree|Darryl Scheelar|Dion Luthor|Mike LePage|Mitchell Kosterman|Dagmar Midcap|Kandyse McClure|</GuestStars>
  <IMDB_ID>tt0554568</IMDB_ID>
  <Language>en</Language>
  <Overview>Max must break her vow to avoid Logan after Joshua's friendship with the blind woman makes him a target of a transgenic manhunt in the sewers. Meanwhile, White leaks news of the human-looking X-5s to the media, leading to a wide-scale attack against the so-called &quot;&quot;monsters&quot;&quot; running amok and to the death of a someone dear to one of the transgenics.</Overview>
  <ProductionCode>2ADE18</ProductionCode>
  <Rating>7.9</Rating>
  <RatingCount>7</RatingCount>
  <SeasonNumber>2</SeasonNumber>
  <Writer>|Robert Doherty|</Writer>
  <absolute_number></absolute_number>
  <filename>episodes/76148/184522.jpg</filename>
  <lastupdated>1347248690</lastupdated>
  <seasonid>9765</seasonid>
  <seriesid>76148</seriesid>
</Episode>
<Episode>
  <id>184523</id>
  <Combined_episodenumber>19.0</Combined_episodenumber>
  <Combined_season>2</Combined_season>
  <DVD_chapter></DVD_chapter>
  <DVD_discid></DVD_discid>
  <DVD_episodenumber>19.0</DVD_episodenumber>
  <DVD_season>2</DVD_season>
  <Director>Allan Kroeker</Director>
  <EpImgFlag>2</EpImgFlag>
  <EpisodeName>She Ain't Heavy</EpisodeName>
  <EpisodeNumber>19</EpisodeNumber>
  <FirstAired>2002-04-19</FirstAired>
  <GuestStars>|Paul Perri|Sky Miles|Jim Thorburn|Darcy Laurie|Brian Jensen|Fred Ewanuick|Malcolm Stewart|Jase-Anthony Griffith|Evan Stewart|Cameron Bright|</GuestStars>
  <IMDB_ID>tt0554595</IMDB_ID>
  <Language>en</Language>
  <Overview>Max's life is placed in more danger than ever before when she is hunted by the one person who knows her better than anyone -- her clone. Though even the existence of this exact replica is news to Max, she quickly realizes the imminent danger from an individual who can get inside her head and infiltrate her life like no one else. Dealing not only with this new threat but also the disintegration of her relationship with Logan and Joshua's disillusionment over not being able to go out in public, Max must race against time to figure out how to stop this deadly enemy before it's too late.</Overview>
  <ProductionCode>2ADE19</ProductionCode>
  <Rating>7.3</Rating>
  <RatingCount>8</RatingCount>
  <SeasonNumber>2</SeasonNumber>
  <Writer>Robert Doherty|Michael Angeli</Writer>
  <absolute_number></absolute_number>
  <filename>episodes/76148/184523.jpg</filename>
  <lastupdated>1347247884</lastupdated>
  <seasonid>9765</seasonid>
  <seriesid>76148</seriesid>
</Episode>
<Episode>
  <id>184524</id>
  <Combined_episodenumber>20.0</Combined_episodenumber>
  <Combined_season>2</Combined_season>
  <DVD_chapter></DVD_chapter>
  <DVD_discid></DVD_discid>
  <DVD_episodenumber>20.0</DVD_episodenumber>
  <DVD_season>2</DVD_season>
  <Director>|James Whitmore Jr.|</Director>
  <EpImgFlag>2</EpImgFlag>
  <EpisodeName>Love Among the Runes</EpisodeName>
  <EpisodeNumber>20</EpisodeNumber>
  <FirstAired>2002-04-26</FirstAired>
  <GuestStars>|Darcy Laurie|Brian Jensen|Fred Ewanuick|Paul Perri|Michael Sbrizzi|Dominka Wolski|Peter Shinkoda|Ronald Selmour|Darren Moore|David Haysom|Craig Lapthorne|Jase-Anthony Griffith|Henri Lubatti|Rey-Phillip Santos|Gabrielle Rose|</GuestStars>
  <IMDB_ID>tt0554582</IMDB_ID>
  <Language>en</Language>
  <Overview>Max begins to develop strange markings on her body while leading a transgenic resistance against White, when he attempts to capture one of her &quot;&quot;brothers&quot;&quot;. However, the transgenics are stunned by revealed secrets about their &quot;&quot;father&quot;&quot; that threaten all that they believe and stir up many more questions. Meanwhile, the Terminal City dwellers mount a campaign to battle the humans hunting them down, and Alec learns why Logan has been keeping his distance from his former friends.</Overview>
  <ProductionCode>2ADE20</ProductionCode>
  <Rating>7.9</Rating>
  <RatingCount>7</RatingCount>
  <SeasonNumber>2</SeasonNumber>
  <Writer>|Jose Molina|Moira Kirland|</Writer>
  <absolute_number></absolute_number>
  <filename>episodes/76148/184524.jpg</filename>
  <lastupdated>1347247940</lastupdated>
  <seasonid>9765</seasonid>
  <seriesid>76148</seriesid>
</Episode>
<Episode>
  <id>184525</id>
  <Combined_episodenumber>21.0</Combined_episodenumber>
  <Combined_season>2</Combined_season>
  <DVD_chapter></DVD_chapter>
  <DVD_discid></DVD_discid>
  <DVD_episodenumber>21.0</DVD_episodenumber>
  <DVD_season>2</DVD_season>
  <Director>James Cameron</Director>
  <EpImgFlag>2</EpImgFlag>
  <EpisodeName>Freak Nation</EpisodeName>
  <EpisodeNumber>21</EpisodeNumber>
  <FirstAired>2002-05-03</FirstAired>
  <GuestStars>|Lita|Darcy Laurie|Brian Jensen|Fred Ewanuick|Gabrielle Rose|Erin Karpluk|Jeffrey Ballard|Rick Worthy|David Purvis|Christine Willes|Tahmoh Penikett|</GuestStars>
  <IMDB_ID>tt0554573</IMDB_ID>
  <Language>en</Language>
  <Overview>Max is forced to expose her true identity to the world, when she must defend her own kind during a potentially deadly hostage situation at Jam Pony, involving Joshua and Alec.</Overview>
  <ProductionCode>2ADE21</ProductionCode>
  <Rating>8.4</Rating>
  <RatingCount>7</RatingCount>
  <SeasonNumber>2</SeasonNumber>
  <Writer>Ira Steven Behr|René Echevarria</Writer>
  <absolute_number></absolute_number>
  <filename>episodes/76148/184525.jpg</filename>
  <lastupdated>1347248007</lastupdated>
  <seasonid>9765</seasonid>
  <seriesid>76148</seriesid>
</Episode>
</Data>