<?xml version="1.0" encoding="UTF-8" ?>
<Actors>
<Actor>
  <id>61843</id>
  <Image>actors/61843.jpg</Image>
  <Name>Kate Isitt</Name>
  <Role>Sally Harper</Role>
  <SortOrder>0</SortOrder>
</Actor>
<Actor>
  <id>61842</id>
  <Image>actors/61842.jpg</Image>
  <Name>Gina Bellman</Name>
  <Role>Jane Christie</Role>
  <SortOrder>0</SortOrder>
</Actor>
<Actor>
  <id>61840</id>
  <Image>actors/61840.jpg</Image>
  <Name>Sarah Alexander</Name>
  <Role>Susan Walker</Role>
  <SortOrder>0</SortOrder>
</Actor>
<Actor>
  <id>61838</id>
  <Image>actors/61838.jpg</Image>
  <Name>Jack Davenport</Name>
  <Role>Steve Taylor</Role>
  <SortOrder>1</SortOrder>
</Actor>
<Actor>
  <id>61841</id>
  <Image>actors/61841.jpg</Image>
  <Name>Ben Miles</Name>
  <Role>Patrick Maitland</Role>
  <SortOrder>3</SortOrder>
</Actor>
<Actor>
  <id>61839</id>
  <Image>actors/61839.jpg</Image>
  <Name>Richard Coyle</Name>
  <Role>Jeffrey 'Jeff' Murdock</Role>
  <SortOrder>3</SortOrder>
</Actor>
<Actor>
  <id>61837</id>
  <Image>actors/61837.jpg</Image>
  <Name>Richard Mylan</Name>
  <Role>Oliver Morris</Role>
  <SortOrder>3</SortOrder>
</Actor>
</Actors>