<?xml version="1.0" encoding="UTF-8" ?>
<Data><Series>
  <id>78131</id>
  <Actors>|Kate Isitt|Gina Bellman|Sarah Alexander|Jack Davenport|Ben Miles|Richard Coyle|Richard Mylan|</Actors>
  <Airs_DayOfWeek></Airs_DayOfWeek>
  <Airs_Time></Airs_Time>
  <ContentRating>TV-PG</ContentRating>
  <FirstAired>2000-05-12</FirstAired>
  <Genre>|Comedy|</Genre>
  <IMDB_ID>tt0237123</IMDB_ID>
  <Language>en</Language>
  <Network>BBC Two</Network>
  <NetworkID></NetworkID>
  <Overview>On average, men and women think about sex every six seconds. Shorten that to every second, and you've got Coupling.
This series centers around Susan and Steve (who are a couple), and Sally and Patrick join the gang as friends of Susan (and then Steve), while Steve pulls in his best friend Jeff and his crazy ex Jane.</Overview>
  <Rating>9.3</Rating>
  <RatingCount>49</RatingCount>
  <Runtime>30</Runtime>
  <SeriesID>7895</SeriesID>
  <SeriesName>Coupling</SeriesName>
  <Status>Ended</Status>
  <added></added>
  <addedBy></addedBy>
  <banner>graphical/78131-g2.jpg</banner>
  <fanart>fanart/original/78131-5.jpg</fanart>
  <lastupdated>1364929657</lastupdated>
  <poster>posters/78131-1.jpg</poster>
  <zap2it_id>SH378317</zap2it_id>
</Series>
<Episode>
  <id>272769</id>
  <Combined_episodenumber>1</Combined_episodenumber>
  <Combined_season>1</Combined_season>
  <DVD_chapter></DVD_chapter>
  <DVD_discid></DVD_discid>
  <DVD_episodenumber></DVD_episodenumber>
  <DVD_season></DVD_season>
  <Director>Martin Dennis</Director>
  <EpImgFlag></EpImgFlag>
  <EpisodeName>Flushed</EpisodeName>
  <EpisodeNumber>1</EpisodeNumber>
  <FirstAired>2000-05-12</FirstAired>
  <GuestStars>Raji James</GuestStars>
  <IMDB_ID>tt0549649</IMDB_ID>
  <Language>en</Language>
  <Overview>Jeff reckons Steve is still in 'The Zone' with Jane: the time after the breakup when there can still be sex, but he wants to date Susan instead. When he has a meal in a restaurant with Jane, Susan walks in. </Overview>
  <ProductionCode>IPEA231F</ProductionCode>
  <Rating>8.1</Rating>
  <RatingCount>35</RatingCount>
  <SeasonNumber>1</SeasonNumber>
  <Writer>Steven Moffat</Writer>
  <absolute_number></absolute_number>
  <filename>episodes/78131/272769.jpg</filename>
  <lastupdated>1355470516</lastupdated>
  <seasonid>14340</seasonid>
  <seriesid>78131</seriesid>
</Episode>
<Episode>
  <id>272770</id>
  <Combined_episodenumber>2</Combined_episodenumber>
  <Combined_season>1</Combined_season>
  <DVD_chapter></DVD_chapter>
  <DVD_discid></DVD_discid>
  <DVD_episodenumber></DVD_episodenumber>
  <DVD_season></DVD_season>
  <Director>Martin Dennis</Director>
  <EpImgFlag></EpImgFlag>
  <EpisodeName>Size Matters</EpisodeName>
  <EpisodeNumber>2</EpisodeNumber>
  <FirstAired>2000-05-19</FirstAired>
  <GuestStars>Angus Deayton|Mariella Frostrup|William Scott-Masson|Adam Astill</GuestStars>
  <IMDB_ID>tt0549662</IMDB_ID>
  <Language>en</Language>
  <Overview>Susan invites Steve for a date at home, and offers to cook. Jeff warns him about 'The Sock Gap', and Patrick alerts him to her collection of remote controls. Somehow everyone's conversation seems to revolve around Patrick's size, and Jeff is asked by several people to accompany him to the toilet to check. </Overview>
  <ProductionCode>IPEA232A</ProductionCode>
  <Rating>8.2</Rating>
  <RatingCount>27</RatingCount>
  <SeasonNumber>1</SeasonNumber>
  <Writer>Steven Moffat</Writer>
  <absolute_number></absolute_number>
  <filename>episodes/78131/272770.jpg</filename>
  <lastupdated>1355470530</lastupdated>
  <seasonid>14340</seasonid>
  <seriesid>78131</seriesid>
</Episode>
<Episode>
  <id>272771</id>
  <Combined_episodenumber>3</Combined_episodenumber>
  <Combined_season>1</Combined_season>
  <DVD_chapter></DVD_chapter>
  <DVD_discid></DVD_discid>
  <DVD_episodenumber></DVD_episodenumber>
  <DVD_season></DVD_season>
  <Director>Martin Dennis</Director>
  <EpImgFlag></EpImgFlag>
  <EpisodeName>Sex, Death &amp; Nudity</EpisodeName>
  <EpisodeNumber>3</EpisodeNumber>
  <FirstAired>2000-05-26</FirstAired>
  <GuestStars>Nigel Betts|Adam Astill|Simon Bateso|Gwenllian Davies|Katharine Page|Jeremy Peters|Brian Shelley</GuestStars>
  <IMDB_ID>tt0549661</IMDB_ID>
  <Language>en</Language>
  <Overview>Jeff explains to the guys about 'The Giggle Loop': the danger that the more you try to suppress laughter in important silences, the harder you want to laugh. Jane's aunt has died, and she wants Steve to come to the funeral, pretending to be her boyfriend still. Susan invites herself, and so Patrick must come as her 'boyfriend', and all six end up going.</Overview>
  <ProductionCode>IPEA233T</ProductionCode>
  <Rating>8.4</Rating>
  <RatingCount>30</RatingCount>
  <SeasonNumber>1</SeasonNumber>
  <Writer>Steven Moffat</Writer>
  <absolute_number></absolute_number>
  <filename>episodes/78131/272771.jpg</filename>
  <lastupdated>1355470547</lastupdated>
  <seasonid>14340</seasonid>
  <seriesid>78131</seriesid>
</Episode>
<Episode>
  <id>272772</id>
  <Combined_episodenumber>4</Combined_episodenumber>
  <Combined_season>1</Combined_season>
  <DVD_chapter></DVD_chapter>
  <DVD_discid></DVD_discid>
  <DVD_episodenumber></DVD_episodenumber>
  <DVD_season></DVD_season>
  <Director>Martin Dennis</Director>
  <EpImgFlag></EpImgFlag>
  <EpisodeName>Inferno</EpisodeName>
  <EpisodeNumber>4</EpisodeNumber>
  <FirstAired>2000-06-02</FirstAired>
  <GuestStars>Elizabeth Marmur</GuestStars>
  <IMDB_ID>tt0549652</IMDB_ID>
  <Language>en</Language>
  <Overview>Steve is plunged into total panic when he suspects that Susan has found one of his porn videos. To fill the embarrassing silence, he tells her he loves her, but Susan is well-aware that he was merely panicking. Susan invites all the friends over for a dinner party. Jane brings her therapist, Jill, who everyone assumes is there as Jane's date. In front of everyone, Susan insists that Steve justify his passion for the offending porn film, Lesbian Spank Inferno.</Overview>
  <ProductionCode>IPEA234N</ProductionCode>
  <Rating>8.4</Rating>
  <RatingCount>30</RatingCount>
  <SeasonNumber>1</SeasonNumber>
  <Writer>Steven Moffat</Writer>
  <absolute_number></absolute_number>
  <filename>episodes/78131/272772.jpg</filename>
  <lastupdated>1355470582</lastupdated>
  <seasonid>14340</seasonid>
  <seriesid>78131</seriesid>
</Episode>
<Episode>
  <id>272773</id>
  <Combined_episodenumber>5</Combined_episodenumber>
  <Combined_season>1</Combined_season>
  <DVD_chapter></DVD_chapter>
  <DVD_discid></DVD_discid>
  <DVD_episodenumber></DVD_episodenumber>
  <DVD_season></DVD_season>
  <Director>Martin Dennis</Director>
  <EpImgFlag></EpImgFlag>
  <EpisodeName>The Girl with Two Breasts</EpisodeName>
  <EpisodeNumber>5</EpisodeNumber>
  <FirstAired>2000-06-09</FirstAired>
  <GuestStars>Anat Dychtwald|Ruth Lass|Sarah Joseph|Alaistair Southey</GuestStars>
  <IMDB_ID>tt0549667</IMDB_ID>
  <Language>en</Language>
  <Overview>Jeff and co. can't take their eyes of a beautiful stranger in their local bar. And the girl can't take her eyes off Jeff. Jeff goes over to talk to her, only to discover that she doesn't speak a word of English, which to Jeff of course is quite a relief. Her interpreter, Alice, tells Jeff she's Israeli, then whisks her away. The next day the girl is back and Jeff attempts to chat her up. With neither speaking a word of the other's language, it is an utter disaster.</Overview>
  <ProductionCode>IPEA235H</ProductionCode>
  <Rating>8.3</Rating>
  <RatingCount>28</RatingCount>
  <SeasonNumber>1</SeasonNumber>
  <Writer>Steven Moffat</Writer>
  <absolute_number></absolute_number>
  <filename>episodes/78131/272773.jpg</filename>
  <lastupdated>1355470604</lastupdated>
  <seasonid>14340</seasonid>
  <seriesid>78131</seriesid>
</Episode>
<Episode>
  <id>272774</id>
  <Combined_episodenumber>6</Combined_episodenumber>
  <Combined_season>1</Combined_season>
  <DVD_chapter></DVD_chapter>
  <DVD_discid></DVD_discid>
  <DVD_episodenumber></DVD_episodenumber>
  <DVD_season></DVD_season>
  <Director>Martin Dennis</Director>
  <EpImgFlag></EpImgFlag>
  <EpisodeName>The Cupboard of Patrick's Love</EpisodeName>
  <EpisodeNumber>6</EpisodeNumber>
  <FirstAired>2000-06-16</FirstAired>
  <GuestStars></GuestStars>
  <IMDB_ID>tt0756830</IMDB_ID>
  <Language>en</Language>
  <Overview>Patrick has a cupboard of video tapes of his former girlfriends, not to mention Britt Ekland in The Wicker Man. Jeff is excited, but Steve is appalled, when he realizes that Susan must be amongst them. Susan is also horrified when she realizes this in the company of the other girls. Later on, she arrives at Patrick's, and is outraged at what she finds going on there.</Overview>
  <ProductionCode>IPEA236B</ProductionCode>
  <Rating>8.2</Rating>
  <RatingCount>30</RatingCount>
  <SeasonNumber>1</SeasonNumber>
  <Writer>Steven Moffat</Writer>
  <absolute_number></absolute_number>
  <filename>episodes/78131/272774.jpg</filename>
  <lastupdated>1355470639</lastupdated>
  <seasonid>14340</seasonid>
  <seriesid>78131</seriesid>
</Episode>
<Episode>
  <id>272775</id>
  <Combined_episodenumber>1</Combined_episodenumber>
  <Combined_season>2</Combined_season>
  <DVD_chapter></DVD_chapter>
  <DVD_discid></DVD_discid>
  <DVD_episodenumber></DVD_episodenumber>
  <DVD_season></DVD_season>
  <Director>Martin Dennis</Director>
  <EpImgFlag></EpImgFlag>
  <EpisodeName>The Man with Two Legs</EpisodeName>
  <EpisodeNumber>1</EpisodeNumber>
  <FirstAired>2001-09-03</FirstAired>
  <GuestStars>Alison King|Paul Moody|Simon Chadwick|Imogen Bain</GuestStars>
  <IMDB_ID>tt0549668</IMDB_ID>
  <Language>en</Language>
  <Overview>Jeff finally gets to speak to Chrissy, the woman on the train whose leg he has been fancying for days, and tells her that he only has one leg, a lie which becomes ever harder to undo. Meanwhile, Sally is dating a &quot;surgeon&quot; called David, and Jeff wonders whether it would be easier.</Overview>
  <ProductionCode>IPEA352J</ProductionCode>
  <Rating>8.2</Rating>
  <RatingCount>22</RatingCount>
  <SeasonNumber>2</SeasonNumber>
  <Writer>Steven Moffat</Writer>
  <absolute_number></absolute_number>
  <filename>episodes/78131/272775.jpg</filename>
  <lastupdated>1355470673</lastupdated>
  <seasonid>14341</seasonid>
  <seriesid>78131</seriesid>
</Episode>
<Episode>
  <id>272776</id>
  <Combined_episodenumber>2</Combined_episodenumber>
  <Combined_season>2</Combined_season>
  <DVD_chapter></DVD_chapter>
  <DVD_discid></DVD_discid>
  <DVD_episodenumber></DVD_episodenumber>
  <DVD_season></DVD_season>
  <Director>Martin Dennis</Director>
  <EpImgFlag></EpImgFlag>
  <EpisodeName>My Dinner in Hell</EpisodeName>
  <EpisodeNumber>2</EpisodeNumber>
  <FirstAired>2001-09-10</FirstAired>
  <GuestStars>Mariella Frostrup|Wanda Ventham|James Woolley|Nick Moorcroft|Wendy Wason|Samuel Barnett</GuestStars>
  <IMDB_ID>tt0549654</IMDB_ID>
  <Language>en</Language>
  <Overview>After watching an embarrassing program on TV with Susan, Steve bumps into his dream celebrity, Mariella Frostrup, in the bar, but it is not the dream encounter he might like, as she pours her drink down his trousers. Jane and Sally's attempt to make friends with her get him into more trouble as he then has to have dinner with Susan's liberal-minded parents, which turns into a nightmare as misunderstandings multiply.</Overview>
  <ProductionCode>IPEA351P</ProductionCode>
  <Rating>8.0</Rating>
  <RatingCount>27</RatingCount>
  <SeasonNumber>2</SeasonNumber>
  <Writer>Steven Moffat</Writer>
  <absolute_number></absolute_number>
  <filename>episodes/78131/272776.jpg</filename>
  <lastupdated>1355470687</lastupdated>
  <seasonid>14341</seasonid>
  <seriesid>78131</seriesid>
</Episode>
<Episode>
  <id>272777</id>
  <Combined_episodenumber>3</Combined_episodenumber>
  <Combined_season>2</Combined_season>
  <DVD_chapter></DVD_chapter>
  <DVD_discid></DVD_discid>
  <DVD_episodenumber></DVD_episodenumber>
  <DVD_season></DVD_season>
  <Director>Martin Dennis</Director>
  <EpImgFlag></EpImgFlag>
  <EpisodeName>Her Best Friend's Bottom</EpisodeName>
  <EpisodeNumber>3</EpisodeNumber>
  <FirstAired>2001-09-17</FirstAired>
  <GuestStars>Jack Pierce|Alan Cowan</GuestStars>
  <IMDB_ID>tt0549651</IMDB_ID>
  <Language>en</Language>
  <Overview>When Steve pops into Susan's flat, he accidentally sees Sally's naked bottom. This incident leads to dilemmas and awkwardness all round, which are dealt with in the classic sequence outlined by Jeff: the prickles (an embarrassed silence), the blurts (talking too fast), followed by the &quot;head laugh&quot;.</Overview>
  <ProductionCode>IPEA355R</ProductionCode>
  <Rating>8.2</Rating>
  <RatingCount>23</RatingCount>
  <SeasonNumber>2</SeasonNumber>
  <Writer>Steven Moffat</Writer>
  <absolute_number></absolute_number>
  <filename>episodes/78131/272777.jpg</filename>
  <lastupdated>1355470742</lastupdated>
  <seasonid>14341</seasonid>
  <seriesid>78131</seriesid>
</Episode>
<Episode>
  <id>272778</id>
  <Combined_episodenumber>4</Combined_episodenumber>
  <Combined_season>2</Combined_season>
  <DVD_chapter></DVD_chapter>
  <DVD_discid></DVD_discid>
  <DVD_episodenumber></DVD_episodenumber>
  <DVD_season></DVD_season>
  <Director>Martin Dennis</Director>
  <EpImgFlag></EpImgFlag>
  <EpisodeName>The Melty Man Cometh</EpisodeName>
  <EpisodeNumber>4</EpisodeNumber>
  <FirstAired>2001-09-24</FirstAired>
  <GuestStars>Gresby Nash|Eddie Allen</GuestStars>
  <IMDB_ID>tt0549669</IMDB_ID>
  <Language>en</Language>
  <Overview>Following their disastrous encounter, Patrick seeks reassurance from Steve &amp; Jeff, who explain to him the theory of the Melty Man, and Sally seeks reassurance from Jane &amp; Susan, who try to comfort her with their own &quot;failure&quot; experiences.</Overview>
  <ProductionCode>IPEA356K</ProductionCode>
  <Rating>7.9</Rating>
  <RatingCount>25</RatingCount>
  <SeasonNumber>2</SeasonNumber>
  <Writer>Steven Moffat</Writer>
  <absolute_number></absolute_number>
  <filename>episodes/78131/272778.jpg</filename>
  <lastupdated>1355470762</lastupdated>
  <seasonid>14341</seasonid>
  <seriesid>78131</seriesid>
</Episode>
<Episode>
  <id>272779</id>
  <Combined_episodenumber>5</Combined_episodenumber>
  <Combined_season>2</Combined_season>
  <DVD_chapter></DVD_chapter>
  <DVD_discid></DVD_discid>
  <DVD_episodenumber></DVD_episodenumber>
  <DVD_season></DVD_season>
  <Director>Martin Dennis</Director>
  <EpImgFlag></EpImgFlag>
  <EpisodeName>Jane and the Truth Snake</EpisodeName>
  <EpisodeNumber>5</EpisodeNumber>
  <FirstAired>2001-10-01</FirstAired>
  <GuestStars>Susan Earl|Shaughan Seymour</GuestStars>
  <IMDB_ID>tt0549653</IMDB_ID>
  <Language>en</Language>
  <Overview>Jane gets the sack as a traffic reporter for a local radio station, and decides on a new career in children's entertainment. She starts rehearsing with a pink snake hand puppet, which turns out to have an unstoppable ability to tell the bald truth. Patrick is trying to dump his latest girlfriend Lynda, but when she says she's interested in a threesome, he desperately starts backtracking.</Overview>
  <ProductionCode>IPEA359S</ProductionCode>
  <Rating>8.2</Rating>
  <RatingCount>26</RatingCount>
  <SeasonNumber>2</SeasonNumber>
  <Writer>Steven Moffat</Writer>
  <absolute_number></absolute_number>
  <filename>episodes/78131/272779.jpg</filename>
  <lastupdated>1355470781</lastupdated>
  <seasonid>14341</seasonid>
  <seriesid>78131</seriesid>
</Episode>
<Episode>
  <id>272780</id>
  <Combined_episodenumber>6</Combined_episodenumber>
  <Combined_season>2</Combined_season>
  <DVD_chapter></DVD_chapter>
  <DVD_discid></DVD_discid>
  <DVD_episodenumber></DVD_episodenumber>
  <DVD_season></DVD_season>
  <Director>Martin Dennis</Director>
  <EpImgFlag></EpImgFlag>
  <EpisodeName>Gotcha</EpisodeName>
  <EpisodeNumber>6</EpisodeNumber>
  <FirstAired>2001-10-08</FirstAired>
  <GuestStars>Sue Kelvin|Robert Purdy|Seema Bowri</GuestStars>
  <IMDB_ID>tt0549650</IMDB_ID>
  <Language>en</Language>
  <Overview>It's one year since Steve and Susan's first date, and he is dreading questions about their future. And then a wedding invitation drops through their front door. Patrick meets an ex who appears to fail to recognize him.</Overview>
  <ProductionCode>IPEA353D</ProductionCode>
  <Rating>8.1</Rating>
  <RatingCount>24</RatingCount>
  <SeasonNumber>2</SeasonNumber>
  <Writer>Steven Moffat</Writer>
  <absolute_number></absolute_number>
  <filename>episodes/78131/272780.jpg</filename>
  <lastupdated>1355470813</lastupdated>
  <seasonid>14341</seasonid>
  <seriesid>78131</seriesid>
</Episode>
<Episode>
  <id>272781</id>
  <Combined_episodenumber>7</Combined_episodenumber>
  <Combined_season>2</Combined_season>
  <DVD_chapter></DVD_chapter>
  <DVD_discid></DVD_discid>
  <DVD_episodenumber></DVD_episodenumber>
  <DVD_season></DVD_season>
  <Director>Martin Dennis</Director>
  <EpImgFlag></EpImgFlag>
  <EpisodeName>Dressed</EpisodeName>
  <EpisodeNumber>7</EpisodeNumber>
  <FirstAired>2001-10-15</FirstAired>
  <GuestStars>Mathew Bose|Stewart Wright|Dominic Taylor|Georgia Kelly</GuestStars>
  <IMDB_ID>tt0549647</IMDB_ID>
  <Language>en</Language>
  <Overview>Patrick has boasted to his business associate, Ivan, amongst other things that he has a wife, and when Ivan comes to the bar, Patrick presses Sally and then Susan into pretending to be his wife. Things turn awkward when Steve proposes to Susan while she is pretending to be faithfully married to Patrick. Meanwhile, Jane is invited on a dinner date by Bill, a man she chatted up in a pub, but makes an unfortunate choice of clothing for the evening.</Overview>
  <ProductionCode>IPEA354X</ProductionCode>
  <Rating>8.3</Rating>
  <RatingCount>28</RatingCount>
  <SeasonNumber>2</SeasonNumber>
  <Writer>Steven Moffat</Writer>
  <absolute_number></absolute_number>
  <filename>episodes/78131/272781.jpg</filename>
  <lastupdated>1355471080</lastupdated>
  <seasonid>14341</seasonid>
  <seriesid>78131</seriesid>
</Episode>
<Episode>
  <id>272782</id>
  <Combined_episodenumber>8</Combined_episodenumber>
  <Combined_season>2</Combined_season>
  <DVD_chapter></DVD_chapter>
  <DVD_discid></DVD_discid>
  <DVD_episodenumber></DVD_episodenumber>
  <DVD_season></DVD_season>
  <Director>Martin Dennis</Director>
  <EpImgFlag></EpImgFlag>
  <EpisodeName>Naked</EpisodeName>
  <EpisodeNumber>8</EpisodeNumber>
  <FirstAired>2001-10-22</FirstAired>
  <GuestStars>Anwen Williams|Ian Ralph|Mike Sherman|Suzann McLean|Ewan Watson|Ben Homewood|Simon Clayton</GuestStars>
  <IMDB_ID>tt0549655</IMDB_ID>
  <Language>en</Language>
  <Overview>As Jeff's 30th birthday approaches, his new boss Julia Davis questions the girls about whether one should kiss a junior work colleague, while Jeff admits to the lads that he had a close encounter of the Nat (Nose Avoidance Tilt) kind in a stationery cupboard at work.</Overview>
  <ProductionCode>IPEA357E</ProductionCode>
  <Rating>8.7</Rating>
  <RatingCount>27</RatingCount>
  <SeasonNumber>2</SeasonNumber>
  <Writer>Steven Moffat</Writer>
  <absolute_number></absolute_number>
  <filename>episodes/78131/272782.jpg</filename>
  <lastupdated>1355471116</lastupdated>
  <seasonid>14341</seasonid>
  <seriesid>78131</seriesid>
</Episode>
<Episode>
  <id>272783</id>
  <Combined_episodenumber>9</Combined_episodenumber>
  <Combined_season>2</Combined_season>
  <DVD_chapter></DVD_chapter>
  <DVD_discid></DVD_discid>
  <DVD_episodenumber></DVD_episodenumber>
  <DVD_season></DVD_season>
  <Director>Martin Dennis</Director>
  <EpImgFlag></EpImgFlag>
  <EpisodeName>The End of the Line</EpisodeName>
  <EpisodeNumber>9</EpisodeNumber>
  <FirstAired>2001-10-29</FirstAired>
  <GuestStars>Mark Frost|Jules Leyser|Hazel McBride</GuestStars>
  <IMDB_ID>tt0549664</IMDB_ID>
  <Language>en</Language>
  <Overview>Steve and Susan's relationship is drifting into a new phase. They are beginning to get on each other's nerves. A bizarre set of misunderstandings brings on a crisis.</Overview>
  <ProductionCode>IPEA358Y</ProductionCode>
  <Rating>8.5</Rating>
  <RatingCount>27</RatingCount>
  <SeasonNumber>2</SeasonNumber>
  <Writer>Steven Moffat</Writer>
  <absolute_number></absolute_number>
  <filename>episodes/78131/272783.jpg</filename>
  <lastupdated>1355471135</lastupdated>
  <seasonid>14341</seasonid>
  <seriesid>78131</seriesid>
</Episode>
<Episode>
  <id>272784</id>
  <Combined_episodenumber>1.0</Combined_episodenumber>
  <Combined_season>3</Combined_season>
  <DVD_chapter></DVD_chapter>
  <DVD_discid></DVD_discid>
  <DVD_episodenumber>1.0</DVD_episodenumber>
  <DVD_season>3</DVD_season>
  <Director>Martin Dennis</Director>
  <EpImgFlag></EpImgFlag>
  <EpisodeName>Split</EpisodeName>
  <EpisodeNumber>1</EpisodeNumber>
  <FirstAired>2002-09-23</FirstAired>
  <GuestStars>Mariella Frostrup</GuestStars>
  <IMDB_ID>tt0549663</IMDB_ID>
  <Language>en</Language>
  <Overview>Steve and Susan have had an argument about their future, and Susan storms out of Steve's flat in tears. While Steve tries repeatedly to ring Susan, his courage failing every time, the girls are locked in a debate over the merits of 1471, and what it means if the phone &quot;chirps&quot;. Eventually the tension at both ends of the phone gets too much. The boys and the girls set out for &quot;the Temple of Woman': in  the girls' case, a beauty salon; in the boys' case, a lap dancing club.</Overview>
  <ProductionCode>ICEC002S</ProductionCode>
  <Rating>8.1</Rating>
  <RatingCount>23</RatingCount>
  <SeasonNumber>3</SeasonNumber>
  <Writer>Steven Moffat</Writer>
  <absolute_number></absolute_number>
  <filename>episodes/78131/272784.jpg</filename>
  <lastupdated>1355470367</lastupdated>
  <seasonid>14342</seasonid>
  <seriesid>78131</seriesid>
</Episode>
<Episode>
  <id>272785</id>
  <Combined_episodenumber>2.0</Combined_episodenumber>
  <Combined_season>3</Combined_season>
  <DVD_chapter></DVD_chapter>
  <DVD_discid></DVD_discid>
  <DVD_episodenumber>2.0</DVD_episodenumber>
  <DVD_season>3</DVD_season>
  <Director>Martin Dennis</Director>
  <EpImgFlag></EpImgFlag>
  <EpisodeName>Faithless</EpisodeName>
  <EpisodeNumber>2</EpisodeNumber>
  <FirstAired>2002-09-30</FirstAired>
  <GuestStars>Colin Michael Carmichael|Andrew Collins|Muriel Pavlo|Gerard Gilroy|Lloyd Owen|Emilia Fox</GuestStars>
  <IMDB_ID>tt0549648</IMDB_ID>
  <Language>en</Language>
  <Overview>Jane finds herself competing with the Supreme Being of the Universe and she feels it isn't fair on either of them. Jeff finds himself in the middle when he has to decide to cheat his girlfriend Julia with Wilma or not.</Overview>
  <ProductionCode>ICEC003L</ProductionCode>
  <Rating>8.0</Rating>
  <RatingCount>18</RatingCount>
  <SeasonNumber>3</SeasonNumber>
  <Writer>Steven Moffat</Writer>
  <absolute_number></absolute_number>
  <filename>episodes/78131/272785.jpg</filename>
  <lastupdated>1355470381</lastupdated>
  <seasonid>14342</seasonid>
  <seriesid>78131</seriesid>
</Episode>
<Episode>
  <id>272786</id>
  <Combined_episodenumber>3.0</Combined_episodenumber>
  <Combined_season>3</Combined_season>
  <DVD_chapter></DVD_chapter>
  <DVD_discid></DVD_discid>
  <DVD_episodenumber>3.0</DVD_episodenumber>
  <DVD_season>3</DVD_season>
  <Director>Martin Dennis</Director>
  <EpImgFlag></EpImgFlag>
  <EpisodeName>Unconditional Sex</EpisodeName>
  <EpisodeNumber>3</EpisodeNumber>
  <FirstAired>2002-10-07</FirstAired>
  <GuestStars>Emilia Fox</GuestStars>
  <IMDB_ID>tt0549671</IMDB_ID>
  <Language>en</Language>
  <Overview>Jeff is still trying to decide whether he should cheat on his girlfriend Julia with Wilma, or not. While his friends try to help him, Jeff is no match in this debate for &quot;devil woman&quot; Wilma. She knows every argument that Susan (the expert in getting her own way) has ever used. Jeff paints himself into a terrifyingly extreme conversational corner, until he blurts out that the reason he can't have sex with Wilma is that his girlfriend is dead...</Overview>
  <ProductionCode>ICEC004F</ProductionCode>
  <Rating>8.4</Rating>
  <RatingCount>18</RatingCount>
  <SeasonNumber>3</SeasonNumber>
  <Writer>Steven Moffat</Writer>
  <absolute_number></absolute_number>
  <filename>episodes/78131/272786.jpg</filename>
  <lastupdated>1355470397</lastupdated>
  <seasonid>14342</seasonid>
  <seriesid>78131</seriesid>
</Episode>
<Episode>
  <id>272787</id>
  <Combined_episodenumber>4.0</Combined_episodenumber>
  <Combined_season>3</Combined_season>
  <DVD_chapter></DVD_chapter>
  <DVD_discid></DVD_discid>
  <DVD_episodenumber>4.0</DVD_episodenumber>
  <DVD_season>3</DVD_season>
  <Director>Martin Dennis</Director>
  <EpImgFlag></EpImgFlag>
  <EpisodeName>Remember This</EpisodeName>
  <EpisodeNumber>4</EpisodeNumber>
  <FirstAired>2002-10-14</FirstAired>
  <GuestStars>Jason Bailey|Rebecca Deren|David Carter|Rachel Shelley|Ryan Philpott</GuestStars>
  <IMDB_ID>tt0549660</IMDB_ID>
  <Language>en</Language>
  <Overview>Sally is surprised to say the least when Patrick arrives at her flat at three in the morning to get rid of a spider for her. It turns out that he dreamt her distress call. What can this mean? Does Patrick subconsciously want to protect Sally? More shockingly, does Patrick have a subconscious?  Encouraged by their friends, Sally and Patrick independently tell the story of how they first met...</Overview>
  <ProductionCode>ICEC005A</ProductionCode>
  <Rating>8.2</Rating>
  <RatingCount>17</RatingCount>
  <SeasonNumber>3</SeasonNumber>
  <Writer>Steven Moffat</Writer>
  <absolute_number></absolute_number>
  <filename>episodes/78131/272787.jpg</filename>
  <lastupdated>1355470414</lastupdated>
  <seasonid>14342</seasonid>
  <seriesid>78131</seriesid>
</Episode>
<Episode>
  <id>272788</id>
  <Combined_episodenumber>5.0</Combined_episodenumber>
  <Combined_season>3</Combined_season>
  <DVD_chapter></DVD_chapter>
  <DVD_discid></DVD_discid>
  <DVD_episodenumber>5.0</DVD_episodenumber>
  <DVD_season>3</DVD_season>
  <Director>Martin Dennis</Director>
  <EpImgFlag></EpImgFlag>
  <EpisodeName>The Freckle, The Key and the Couple Who Weren't</EpisodeName>
  <EpisodeNumber>5</EpisodeNumber>
  <FirstAired>2002-10-21</FirstAired>
  <GuestStars>Marc Bannerman|Lloyd Owen</GuestStars>
  <IMDB_ID>tt0549665</IMDB_ID>
  <Language>en</Language>
  <Overview>Steve is troubled by a blemish on his bottom, which Susan hasn't noticed. James remembers where he knows Susan from. Jeff and Julia try spicing up their love life, but he loses the key to the handcuffs. Then Julia's chunky ex-boyfriend calls round, and he has to pretend that they're not a couple.</Overview>
  <ProductionCode>ICEC006T</ProductionCode>
  <Rating>8.0</Rating>
  <RatingCount>22</RatingCount>
  <SeasonNumber>3</SeasonNumber>
  <Writer>Mykola Pawluk|Steven Moffat</Writer>
  <absolute_number></absolute_number>
  <filename>episodes/78131/272788.jpg</filename>
  <lastupdated>1355470436</lastupdated>
  <seasonid>14342</seasonid>
  <seriesid>78131</seriesid>
</Episode>
<Episode>
  <id>272789</id>
  <Combined_episodenumber>6.0</Combined_episodenumber>
  <Combined_season>3</Combined_season>
  <DVD_chapter></DVD_chapter>
  <DVD_discid></DVD_discid>
  <DVD_episodenumber>6.0</DVD_episodenumber>
  <DVD_season>3</DVD_season>
  <Director>Martin Dennis</Director>
  <EpImgFlag></EpImgFlag>
  <EpisodeName>The Girl With One Heart</EpisodeName>
  <EpisodeNumber>6</EpisodeNumber>
  <FirstAired>2002-10-28</FirstAired>
  <GuestStars>Emma Pierson|Nigel Harman</GuestStars>
  <IMDB_ID>tt0549666</IMDB_ID>
  <Language>en</Language>
  <Overview>Susan has invited everyone over for dinner, which as we know is just asking for trouble. Steve is particularly worried because Susan has recently redecorated the bathroom, and removed the lock, thus robbing him of his Fortress of Solitude. Sally's worry is that Patrick is bringing his new girlfriend: she's frightened that she will overcompensate her feelings of hostility towards her new rival by being embarrassingly nice. Patrick dimly perceives there might be a problem, so has told Jennifer that Sally is a lesbian...</Overview>
  <ProductionCode>ICEC007N</ProductionCode>
  <Rating>8.2</Rating>
  <RatingCount>25</RatingCount>
  <SeasonNumber>3</SeasonNumber>
  <Writer>Steven Moffat</Writer>
  <absolute_number></absolute_number>
  <filename>episodes/78131/272789.jpg</filename>
  <lastupdated>1355470455</lastupdated>
  <seasonid>14342</seasonid>
  <seriesid>78131</seriesid>
</Episode>
<Episode>
  <id>272790</id>
  <Combined_episodenumber>7.0</Combined_episodenumber>
  <Combined_season>3</Combined_season>
  <DVD_chapter></DVD_chapter>
  <DVD_discid></DVD_discid>
  <DVD_episodenumber>7.0</DVD_episodenumber>
  <DVD_season>3</DVD_season>
  <Director>Martin Dennis</Director>
  <EpImgFlag></EpImgFlag>
  <EpisodeName>Perhaps, Perhaps, Perhaps</EpisodeName>
  <EpisodeNumber>7</EpisodeNumber>
  <FirstAired>2002-11-04</FirstAired>
  <GuestStars>Lloyd Owen|Thea Rowland|Seun Shote</GuestStars>
  <IMDB_ID>tt0549659</IMDB_ID>
  <Language>en</Language>
  <Overview>Sally is terrified that she might be pregnant, so she takes a pregnancy test and asks the other girls to do the same so that she knows what a negative result looks like. In her fluster she gets the tests muddled up. One of the girls is pregnant, but which one?</Overview>
  <ProductionCode>ICEC008H</ProductionCode>
  <Rating>8.5</Rating>
  <RatingCount>22</RatingCount>
  <SeasonNumber>3</SeasonNumber>
  <Writer>Steven Moffat</Writer>
  <absolute_number></absolute_number>
  <filename>episodes/78131/272790.jpg</filename>
  <lastupdated>1355470477</lastupdated>
  <seasonid>14342</seasonid>
  <seriesid>78131</seriesid>
</Episode>
<Episode>
  <id>272791</id>
  <Combined_episodenumber>1</Combined_episodenumber>
  <Combined_season>4</Combined_season>
  <DVD_chapter></DVD_chapter>
  <DVD_discid></DVD_discid>
  <DVD_episodenumber></DVD_episodenumber>
  <DVD_season></DVD_season>
  <Director>Martin Dennis</Director>
  <EpImgFlag></EpImgFlag>
  <EpisodeName>Nine and a Half Minutes</EpisodeName>
  <EpisodeNumber>1</EpisodeNumber>
  <FirstAired>2004-05-10</FirstAired>
  <GuestStars>Robin Kermode|Amanda Abbington|Pandora Colin</GuestStars>
  <IMDB_ID>tt0549657</IMDB_ID>
  <Language>en</Language>
  <Overview>One bar, three different points of view, the same nine and a half minutes. Susan and Steve are pregnant (mostly Susan), Patrick and Sally are discussing relationships (mostly Sally), and Jane has a blind date - but will his job be a problem? Meanwhile, in the skies above an Aegean island, terrible danger grows.</Overview>
  <ProductionCode>ICEC898P</ProductionCode>
  <Rating>8.2</Rating>
  <RatingCount>19</RatingCount>
  <SeasonNumber>4</SeasonNumber>
  <Writer>Steven Moffat</Writer>
  <absolute_number></absolute_number>
  <filename>episodes/78131/272791.jpg</filename>
  <lastupdated>1355470173</lastupdated>
  <seasonid>14343</seasonid>
  <seriesid>78131</seriesid>
</Episode>
<Episode>
  <id>272792</id>
  <Combined_episodenumber>2</Combined_episodenumber>
  <Combined_season>4</Combined_season>
  <DVD_chapter></DVD_chapter>
  <DVD_discid></DVD_discid>
  <DVD_episodenumber></DVD_episodenumber>
  <DVD_season></DVD_season>
  <Director>Martin Dennis</Director>
  <EpImgFlag></EpImgFlag>
  <EpisodeName>Night Lines</EpisodeName>
  <EpisodeNumber>2</EpisodeNumber>
  <FirstAired>2004-05-17</FirstAired>
  <GuestStars>Olivia Caffrey|Cosima Shaw|Nicholas Briggs</GuestStars>
  <IMDB_ID>tt0549656</IMDB_ID>
  <Language>en</Language>
  <Overview>A phone call between Susan and Sally grows and grows as Steve, Patrick, Oliver and Jane gradually find their way onto the line. Will the phone call ever end?</Overview>
  <ProductionCode>ICEC899J</ProductionCode>
  <Rating>7.8</Rating>
  <RatingCount>18</RatingCount>
  <SeasonNumber>4</SeasonNumber>
  <Writer>Steven Moffat</Writer>
  <absolute_number></absolute_number>
  <filename>episodes/78131/272792.jpg</filename>
  <lastupdated>1355470209</lastupdated>
  <seasonid>14343</seasonid>
  <seriesid>78131</seriesid>
</Episode>
<Episode>
  <id>272793</id>
  <Combined_episodenumber>3</Combined_episodenumber>
  <Combined_season>4</Combined_season>
  <DVD_chapter></DVD_chapter>
  <DVD_discid></DVD_discid>
  <DVD_episodenumber></DVD_episodenumber>
  <DVD_season></DVD_season>
  <Director>Martin Dennis</Director>
  <EpImgFlag></EpImgFlag>
  <EpisodeName>Bed Time</EpisodeName>
  <EpisodeNumber>3</EpisodeNumber>
  <FirstAired>2004-05-24</FirstAired>
  <GuestStars>Jack Brough|Saskia Mulder|Steve Brody|Michael Price</GuestStars>
  <IMDB_ID>tt0549645</IMDB_ID>
  <Language>en</Language>
  <Overview>Since the dawn of time, men and women have been falling in love - and men have been trying to get straight home afterwards. Can fallen playboy Patrick Maitland ever find his way home from the Enchanted Glade of his one true love and get a decent night's kip? Kate Isitt as Sally makes her singing debut.</Overview>
  <ProductionCode>ICEC900S</ProductionCode>
  <Rating>8.1</Rating>
  <RatingCount>15</RatingCount>
  <SeasonNumber>4</SeasonNumber>
  <Writer>Steven Moffat</Writer>
  <absolute_number></absolute_number>
  <filename>episodes/78131/272793.jpg</filename>
  <lastupdated>1355470227</lastupdated>
  <seasonid>14343</seasonid>
  <seriesid>78131</seriesid>
</Episode>
<Episode>
  <id>272794</id>
  <Combined_episodenumber>4</Combined_episodenumber>
  <Combined_season>4</Combined_season>
  <DVD_chapter></DVD_chapter>
  <DVD_discid></DVD_discid>
  <DVD_episodenumber></DVD_episodenumber>
  <DVD_season></DVD_season>
  <Director>Martin Dennis</Director>
  <EpImgFlag></EpImgFlag>
  <EpisodeName>Circus of the Epidurals</EpisodeName>
  <EpisodeNumber>4</EpisodeNumber>
  <FirstAired>2004-05-31</FirstAired>
  <GuestStars>Elizabeth Marmur|Olivia Caffrey|Eve Marie Bryer|Renton Skinner</GuestStars>
  <IMDB_ID>tt0549646</IMDB_ID>
  <Language>en</Language>
  <Overview>It's time to start attending antenatal classes. Susan need a back-up birth partner, Steve is haunted by the ghost of spanking lesbians past and Sally is seeking the solace of a string quartet. Meanwhile, Jane is trying to find a way to out-keen Oliver.</Overview>
  <ProductionCode>ICEC901L</ProductionCode>
  <Rating>8.1</Rating>
  <RatingCount>14</RatingCount>
  <SeasonNumber>4</SeasonNumber>
  <Writer>Steven Moffat</Writer>
  <absolute_number></absolute_number>
  <filename>episodes/78131/272794.jpg</filename>
  <lastupdated>1355470249</lastupdated>
  <seasonid>14343</seasonid>
  <seriesid>78131</seriesid>
</Episode>
<Episode>
  <id>272795</id>
  <Combined_episodenumber>5</Combined_episodenumber>
  <Combined_season>4</Combined_season>
  <DVD_chapter></DVD_chapter>
  <DVD_discid></DVD_discid>
  <DVD_episodenumber></DVD_episodenumber>
  <DVD_season></DVD_season>
  <Director>Martin Dennis</Director>
  <EpImgFlag></EpImgFlag>
  <EpisodeName>The Naked Living Room (1)</EpisodeName>
  <EpisodeNumber>5</EpisodeNumber>
  <FirstAired>2004-06-07</FirstAired>
  <GuestStars>Olivia Caffrey|Vilma Hollingbery|Su Elliott</GuestStars>
  <IMDB_ID>tt0549670</IMDB_ID>
  <Language>en</Language>
  <Overview>Oliver invites Jane to his apartment, not realizing that things such as porn and dirty dishes now replace the floor. Meanwhile Patrick lets the fact slip that he slept with Jane during a conversation with Oliver and Patrick which gets back to Sally. While all the drama unfolds Susan realizes that the pains in her stomach means the baby is finally on his way.</Overview>
  <ProductionCode>ICEC902F</ProductionCode>
  <Rating>7.8</Rating>
  <RatingCount>16</RatingCount>
  <SeasonNumber>4</SeasonNumber>
  <Writer>Steven Moffat</Writer>
  <absolute_number></absolute_number>
  <filename>episodes/78131/272795.jpg</filename>
  <lastupdated>1355470295</lastupdated>
  <seasonid>14343</seasonid>
  <seriesid>78131</seriesid>
</Episode>
<Episode>
  <id>272796</id>
  <Combined_episodenumber>6</Combined_episodenumber>
  <Combined_season>4</Combined_season>
  <DVD_chapter></DVD_chapter>
  <DVD_discid></DVD_discid>
  <DVD_episodenumber></DVD_episodenumber>
  <DVD_season></DVD_season>
  <Director>Martin Dennis</Director>
  <EpImgFlag></EpImgFlag>
  <EpisodeName>Nine and a Half Months (2)</EpisodeName>
  <EpisodeNumber>6</EpisodeNumber>
  <FirstAired>2004-06-14</FirstAired>
  <GuestStars>Samantha Spiro|Sophie Stanton|Vaughan Sivell|Janice Phayre|Jordan Long|Jim Field Smith|Joshua Iredal</GuestStars>
  <IMDB_ID>tt0549658</IMDB_ID>
  <Language>en</Language>
  <Overview>Steve panics at Susan goes into labour, Patrick panics as Sally goes Hulk-style mad after finding out he's slept with Jane, who is oblivious to all the tension and is having a blissful afternoon with Oliver.</Overview>
  <ProductionCode>ICEC903A</ProductionCode>
  <Rating>7.8</Rating>
  <RatingCount>16</RatingCount>
  <SeasonNumber>4</SeasonNumber>
  <Writer>Steven Moffat</Writer>
  <absolute_number></absolute_number>
  <filename>episodes/78131/272796.jpg</filename>
  <lastupdated>1355470331</lastupdated>
  <seasonid>14343</seasonid>
  <seriesid>78131</seriesid>
</Episode>
<Episode>
  <id>4508505</id>
  <Combined_episodenumber>10</Combined_episodenumber>
  <Combined_season>4</Combined_season>
  <DVD_chapter></DVD_chapter>
  <DVD_discid></DVD_discid>
  <DVD_episodenumber></DVD_episodenumber>
  <DVD_season></DVD_season>
  <Director></Director>
  <EpImgFlag>2</EpImgFlag>
  <EpisodeName>Season 2 Behind the Scenes</EpisodeName>
  <EpisodeNumber>10</EpisodeNumber>
  <FirstAired></FirstAired>
  <GuestStars></GuestStars>
  <IMDB_ID></IMDB_ID>
  <Language>en</Language>
  <Overview></Overview>
  <ProductionCode></ProductionCode>
  <Rating></Rating>
  <RatingCount>0</RatingCount>
  <SeasonNumber>4</SeasonNumber>
  <Writer></Writer>
  <absolute_number></absolute_number>
  <filename>episodes/78131/4508505.jpg</filename>
  <lastupdated>1361695549</lastupdated>
  <seasonid>14343</seasonid>
  <seriesid>78131</seriesid>
</Episode>
</Data>