<?xml version="1.0" encoding="UTF-8" ?>
<Actors>
<Actor>
  <id>173831</id>
  <Image>actors/173831.jpg</Image>
  <Name>James Wolk</Name>
  <Role>Robert/Bob Allen</Role>
  <SortOrder>0</SortOrder>
</Actor>
<Actor>
  <id>192051</id>
  <Image>actors/192051.jpg</Image>
  <Name>Adrianne Palicki</Name>
  <Role>Cat Thatcher</Role>
  <SortOrder>1</SortOrder>
</Actor>
<Actor>
  <id>192061</id>
  <Image>actors/192061.jpg</Image>
  <Name>Eloise Mumford</Name>
  <Role>Lindsay</Role>
  <SortOrder>2</SortOrder>
</Actor>
<Actor>
  <id>192101</id>
  <Image>actors/192101.jpg</Image>
  <Name>Jon Voight</Name>
  <Role>Clint Thatcher</Role>
  <SortOrder>3</SortOrder>
</Actor>
<Actor>
  <id>192091</id>
  <Image>actors/192091.jpg</Image>
  <Name>Bryce Johnson</Name>
  <Role>Drew Thatcher</Role>
  <SortOrder>3</SortOrder>
</Actor>
<Actor>
  <id>192081</id>
  <Image>actors/192081.jpg</Image>
  <Name>Mark Deklin</Name>
  <Role>Trammel Thatcher</Role>
  <SortOrder>3</SortOrder>
</Actor>
<Actor>
  <id>192071</id>
  <Image>actors/192071.jpg</Image>
  <Name>David Keith</Name>
  <Role>John Allen</Role>
  <SortOrder>3</SortOrder>
</Actor>
</Actors>