<?xml version="1.0" encoding="UTF-8" ?>
<Banners>
<Banner>
  <id>610171</id>
  <BannerPath>fanart/original/163991-5.jpg</BannerPath>
  <BannerType>fanart</BannerType>
  <BannerType2>1920x1080</BannerType2>
  <Colors></Colors>
  <Language>en</Language>
  <Rating>10.0000</Rating>
  <RatingCount>1</RatingCount>
  <SeriesName>false</SeriesName>
  <ThumbnailPath>_cache/fanart/original/163991-5.jpg</ThumbnailPath>
  <VignettePath>fanart/vignette/163991-5.jpg</VignettePath>
</Banner>
<Banner>
  <id>480731</id>
  <BannerPath>fanart/original/163991-1.jpg</BannerPath>
  <BannerType>fanart</BannerType>
  <BannerType2>1920x1080</BannerType2>
  <Colors></Colors>
  <Language>en</Language>
  <Rating>10.0000</Rating>
  <RatingCount>1</RatingCount>
  <SeriesName>false</SeriesName>
  <ThumbnailPath>_cache/fanart/original/163991-1.jpg</ThumbnailPath>
  <VignettePath>fanart/vignette/163991-1.jpg</VignettePath>
</Banner>
<Banner>
  <id>480741</id>
  <BannerPath>fanart/original/163991-2.jpg</BannerPath>
  <BannerType>fanart</BannerType>
  <BannerType2>1920x1080</BannerType2>
  <Colors></Colors>
  <Language>en</Language>
  <Rating>9.0000</Rating>
  <RatingCount>1</RatingCount>
  <SeriesName>false</SeriesName>
  <ThumbnailPath>_cache/fanart/original/163991-2.jpg</ThumbnailPath>
  <VignettePath>fanart/vignette/163991-2.jpg</VignettePath>
</Banner>
<Banner>
  <id>611181</id>
  <BannerPath>fanart/original/163991-6.jpg</BannerPath>
  <BannerType>fanart</BannerType>
  <BannerType2>1280x720</BannerType2>
  <Colors></Colors>
  <Language>de</Language>
  <Rating>5.5000</Rating>
  <RatingCount>2</RatingCount>
  <SeriesName>false</SeriesName>
  <ThumbnailPath>_cache/fanart/original/163991-6.jpg</ThumbnailPath>
  <VignettePath>fanart/vignette/163991-6.jpg</VignettePath>
</Banner>
<Banner>
  <id>556301</id>
  <BannerPath>fanart/original/163991-3.jpg</BannerPath>
  <BannerType>fanart</BannerType>
  <BannerType2>1920x1080</BannerType2>
  <Colors></Colors>
  <Language>de</Language>
  <Rating></Rating>
  <RatingCount>0</RatingCount>
  <SeriesName>false</SeriesName>
  <ThumbnailPath>_cache/fanart/original/163991-3.jpg</ThumbnailPath>
  <VignettePath>fanart/vignette/163991-3.jpg</VignettePath>
</Banner>
<Banner>
  <id>556321</id>
  <BannerPath>fanart/original/163991-4.jpg</BannerPath>
  <BannerType>fanart</BannerType>
  <BannerType2>1920x1080</BannerType2>
  <Colors></Colors>
  <Language>de</Language>
  <Rating></Rating>
  <RatingCount>0</RatingCount>
  <SeriesName>false</SeriesName>
  <ThumbnailPath>_cache/fanart/original/163991-4.jpg</ThumbnailPath>
  <VignettePath>fanart/vignette/163991-4.jpg</VignettePath>
</Banner>
<Banner>
  <id>611201</id>
  <BannerPath>posters/163991-1.jpg</BannerPath>
  <BannerType>poster</BannerType>
  <BannerType2>680x1000</BannerType2>
  <Language>en</Language>
  <Rating>10.0000</Rating>
  <RatingCount>1</RatingCount>
</Banner>
<Banner>
  <id>611211</id>
  <BannerPath>posters/163991-2.jpg</BannerPath>
  <BannerType>poster</BannerType>
  <BannerType2>680x1000</BannerType2>
  <Language>en</Language>
  <Rating></Rating>
  <RatingCount>0</RatingCount>
</Banner>
<Banner>
  <id>709181</id>
  <BannerPath>posters/163991-3.jpg</BannerPath>
  <BannerType>poster</BannerType>
  <BannerType2>680x1000</BannerType2>
  <Language>en</Language>
  <Rating></Rating>
  <RatingCount>0</RatingCount>
</Banner>
<Banner>
  <id>614561</id>
  <BannerPath>seasons/163991-1.jpg</BannerPath>
  <BannerType>season</BannerType>
  <BannerType2>season</BannerType2>
  <Language>en</Language>
  <Rating>10.0000</Rating>
  <RatingCount>1</RatingCount>
  <Season>1</Season>
</Banner>
<Banner>
  <id>556311</id>
  <BannerPath>graphical/163991-g2.jpg</BannerPath>
  <BannerType>series</BannerType>
  <BannerType2>graphical</BannerType2>
  <Language>de</Language>
  <Rating>10.0000</Rating>
  <RatingCount>1</RatingCount>
</Banner>
<Banner>
  <id>611151</id>
  <BannerPath>graphical/163991-g3.jpg</BannerPath>
  <BannerType>series</BannerType>
  <BannerType2>graphical</BannerType2>
  <Language>en</Language>
  <Rating>10.0000</Rating>
  <RatingCount>1</RatingCount>
</Banner>
<Banner>
  <id>482511</id>
  <BannerPath>graphical/163991-g.jpg</BannerPath>
  <BannerType>series</BannerType>
  <BannerType2>graphical</BannerType2>
  <Language>en</Language>
  <Rating></Rating>
  <RatingCount>0</RatingCount>
</Banner>
</Banners>