<?xml version="1.0" encoding="UTF-8" ?>
<Data><Series>
  <id>163991</id>
  <Actors>|James Wolk|Adrianne Palicki|Eloise Mumford|Jon Voight|Bryce Johnson|Mark Deklin|David Keith|</Actors>
  <Airs_DayOfWeek>Monday</Airs_DayOfWeek>
  <Airs_Time>9:00 PM</Airs_Time>
  <ContentRating>TV-14</ContentRating>
  <FirstAired>2010-09-20</FirstAired>
  <Genre>|Drama|Soap|</Genre>
  <IMDB_ID>tt1591490</IMDB_ID>
  <Language>en</Language>
  <Network>FOX</Network>
  <NetworkID></NetworkID>
  <Overview>ROBERT/BOB ALLEN is a charismatic and brilliant schemer who has meticulously constructed two lives in two different parts of Texas. He's juggling two identities and two women in two very different worlds - all under one mountain of lies.</Overview>
  <Rating>6.0</Rating>
  <RatingCount>4</RatingCount>
  <Runtime>60</Runtime>
  <SeriesID>78158</SeriesID>
  <SeriesName>Lone Star</SeriesName>
  <Status>Ended</Status>
  <added>2010-05-18 13:46:40</added>
  <addedBy>235</addedBy>
  <banner>graphical/163991-g2.jpg</banner>
  <fanart>fanart/original/163991-5.jpg</fanart>
  <lastupdated>1343400270</lastupdated>
  <poster>posters/163991-1.jpg</poster>
  <zap2it_id></zap2it_id>
</Series>
<Episode>
  <id>2529011</id>
  <Combined_episodenumber>1</Combined_episodenumber>
  <Combined_season>1</Combined_season>
  <DVD_chapter></DVD_chapter>
  <DVD_discid></DVD_discid>
  <DVD_episodenumber></DVD_episodenumber>
  <DVD_season></DVD_season>
  <Director>Peter Horton</Director>
  <EpImgFlag>2</EpImgFlag>
  <EpisodeName>Pilot</EpisodeName>
  <EpisodeNumber>1</EpisodeNumber>
  <FirstAired>2010-09-20</FirstAired>
  <GuestStars></GuestStars>
  <IMDB_ID></IMDB_ID>
  <Language>en</Language>
  <Overview>Robert/Bob Allen is a charismatic and brilliant schemer who has meticulously constructed two lives in two different parts of Texas. As &quot;Bob,&quot; he lives in Houston and is married to Cat, the beautiful daughter of Clint, the patriarch of an ultra-wealthy Texas oil family. More than 400 miles away in the suburban west Texas town of Midland, he's &quot;Robert,&quot; living a second life with his sweet, naive girlfriend, Lindsay. There he plays the perfect boyfriend while secretly bilking local investors of their savings. While in Houston, he's a devoted husband, charming Cat and her family to cement his position in the rich family business he aims to clean out. Now caught between a father-in-law who wants to hand him the company business and a father who wants him to take it all, Bob has to weigh the risks and make a choice.</Overview>
  <ProductionCode></ProductionCode>
  <Rating>7.5</Rating>
  <RatingCount>12</RatingCount>
  <SeasonNumber>1</SeasonNumber>
  <Writer></Writer>
  <absolute_number></absolute_number>
  <filename>episodes/163991/2529011.jpg</filename>
  <lastupdated>1285044831</lastupdated>
  <seasonid>285441</seasonid>
  <seriesid>163991</seriesid>
</Episode>
<Episode>
  <id>2784601</id>
  <Combined_episodenumber>2</Combined_episodenumber>
  <Combined_season>1</Combined_season>
  <DVD_chapter></DVD_chapter>
  <DVD_discid></DVD_discid>
  <DVD_episodenumber></DVD_episodenumber>
  <DVD_season></DVD_season>
  <Director></Director>
  <EpImgFlag>3</EpImgFlag>
  <EpisodeName>One in Every Family</EpisodeName>
  <EpisodeNumber>2</EpisodeNumber>
  <FirstAired>2010-09-27</FirstAired>
  <GuestStars></GuestStars>
  <IMDB_ID></IMDB_ID>
  <Language>en</Language>
  <Overview>In order to ease Clint's suspicions regarding the new windfarm deal, Bob recruits the man who taught him everything about being a con man to help him with the scheme: his father. Meanwhile, Lindsay begins to realize that she may not know Bob as well as she thought, and Cat is forced to repeatedly bail her brother Drew out of trouble.</Overview>
  <ProductionCode></ProductionCode>
  <Rating>7.6</Rating>
  <RatingCount>5</RatingCount>
  <SeasonNumber>1</SeasonNumber>
  <Writer></Writer>
  <absolute_number></absolute_number>
  <filename>episodes/163991/2784601.jpg</filename>
  <lastupdated>1285078671</lastupdated>
  <seasonid>285441</seasonid>
  <seriesid>163991</seriesid>
</Episode>
<Episode>
  <id>2837641</id>
  <Combined_episodenumber>3</Combined_episodenumber>
  <Combined_season>1</Combined_season>
  <DVD_chapter></DVD_chapter>
  <DVD_discid></DVD_discid>
  <DVD_episodenumber></DVD_episodenumber>
  <DVD_season></DVD_season>
  <Director></Director>
  <EpImgFlag>3</EpImgFlag>
  <EpisodeName>Unveiled</EpisodeName>
  <EpisodeNumber>3</EpisodeNumber>
  <FirstAired></FirstAired>
  <GuestStars>Andie MacDowell</GuestStars>
  <IMDB_ID></IMDB_ID>
  <Language>en</Language>
  <Overview>Lindsay and Robert prepare for their wedding; tension escalates as Trammell tries to prove that the business should stay in the family; Clint makes a new acquaintance.</Overview>
  <ProductionCode></ProductionCode>
  <Rating></Rating>
  <RatingCount>0</RatingCount>
  <SeasonNumber>1</SeasonNumber>
  <Writer></Writer>
  <absolute_number></absolute_number>
  <filename>episodes/163991/2837641.jpg</filename>
  <lastupdated>1285764924</lastupdated>
  <seasonid>285441</seasonid>
  <seriesid>163991</seriesid>
</Episode>
<Episode>
  <id>2893441</id>
  <Combined_episodenumber>4</Combined_episodenumber>
  <Combined_season>1</Combined_season>
  <DVD_chapter></DVD_chapter>
  <DVD_discid></DVD_discid>
  <DVD_episodenumber></DVD_episodenumber>
  <DVD_season></DVD_season>
  <Director></Director>
  <EpImgFlag></EpImgFlag>
  <EpisodeName>Small Time</EpisodeName>
  <EpisodeNumber>4</EpisodeNumber>
  <FirstAired></FirstAired>
  <GuestStars></GuestStars>
  <IMDB_ID></IMDB_ID>
  <Language>en</Language>
  <Overview>Clint and the Thatcher boys investigate their employees after a computer security breach puts everyone on high alert; Trammel instigates a background check on Alex when she accepts Clint's date invitation.</Overview>
  <ProductionCode></ProductionCode>
  <Rating></Rating>
  <RatingCount>0</RatingCount>
  <SeasonNumber>1</SeasonNumber>
  <Writer></Writer>
  <absolute_number></absolute_number>
  <filename></filename>
  <lastupdated>1285764901</lastupdated>
  <seasonid>285441</seasonid>
  <seriesid>163991</seriesid>
</Episode>
</Data>