<?xml version="1.0" encoding="UTF-8" ?>
<Actors>
<Actor>
  <id>81261</id>
  <Image>actors/81261.jpg</Image>
  <Name>Lizzy Caplan</Name>
  <Role>Casey Klein</Role>
  <SortOrder>0</SortOrder>
</Actor>
<Actor>
  <id>81260</id>
  <Image>actors/81260.jpg</Image>
  <Name>Ken Marino</Name>
  <Role>Ron Donald</Role>
  <SortOrder>1</SortOrder>
</Actor>
<Actor>
  <id>79631</id>
  <Image>actors/79631.jpg</Image>
  <Name>Adam Scott</Name>
  <Role>Henry Pollard</Role>
  <SortOrder>2</SortOrder>
</Actor>
<Actor>
  <id>81263</id>
  <Image>actors/81263.jpg</Image>
  <Name>Jane Lynch</Name>
  <Role>Constance Carmell</Role>
  <SortOrder>3</SortOrder>
</Actor>
<Actor>
  <id>81262</id>
  <Image>actors/81262.jpg</Image>
  <Name>Martin Starr</Name>
  <Role>Roman DeBeers</Role>
  <SortOrder>3</SortOrder>
</Actor>
<Actor>
  <id>79626</id>
  <Image>actors/79626.jpg</Image>
  <Name>Ryan Hansen</Name>
  <Role>Kyle Bradway</Role>
  <SortOrder>3</SortOrder>
</Actor>
</Actors>