<?xml version="1.0" encoding="UTF-8" ?>
<Data><Series>
  <id>83616</id>
  <Actors>|Lizzy Caplan|Ken Marino|Adam Scott|Jane Lynch|Martin Starr|Ryan Hansen|</Actors>
  <Airs_DayOfWeek>Friday</Airs_DayOfWeek>
  <Airs_Time>10:30 pm</Airs_Time>
  <ContentRating>TV-MA</ContentRating>
  <FirstAired>2009-03-20</FirstAired>
  <Genre>|Comedy|</Genre>
  <IMDB_ID>tt1073507</IMDB_ID>
  <Language>en</Language>
  <Network>Starz!</Network>
  <NetworkID></NetworkID>
  <Overview>&quot;Party Down&quot; follows a Los Angeles catering team - a sextet of Hollywood wannabes stuck working for tips while hoping for their &quot;big break.&quot; Each episode of this half-hour comedy finds the hapless catering team working a new event - and inevitably getting tangled up with the colorful guests and their absurd lives.</Overview>
  <Rating>9.1</Rating>
  <RatingCount>26</RatingCount>
  <Runtime>30</Runtime>
  <SeriesID>76305</SeriesID>
  <SeriesName>Party Down</SeriesName>
  <Status>Ended</Status>
  <added>2008-11-01 08:31:47</added>
  <addedBy>3071</addedBy>
  <banner>graphical/83616-g2.jpg</banner>
  <fanart>fanart/original/83616-3.jpg</fanart>
  <lastupdated>1360951932</lastupdated>
  <poster>posters/83616-4.jpg</poster>
  <zap2it_id></zap2it_id>
</Series>
<Episode>
  <id>2672341</id>
  <Combined_episodenumber>1</Combined_episodenumber>
  <Combined_season>0</Combined_season>
  <DVD_chapter></DVD_chapter>
  <DVD_discid></DVD_discid>
  <DVD_episodenumber></DVD_episodenumber>
  <DVD_season></DVD_season>
  <Director></Director>
  <EpImgFlag></EpImgFlag>
  <EpisodeName>A Look Behind The Scenes</EpisodeName>
  <EpisodeNumber>1</EpisodeNumber>
  <FirstAired></FirstAired>
  <GuestStars></GuestStars>
  <IMDB_ID></IMDB_ID>
  <Language>en</Language>
  <Overview></Overview>
  <ProductionCode></ProductionCode>
  <Rating></Rating>
  <RatingCount>0</RatingCount>
  <SeasonNumber>0</SeasonNumber>
  <Writer></Writer>
  <absolute_number></absolute_number>
  <airsafter_season></airsafter_season>
  <airsbefore_episode></airsbefore_episode>
  <airsbefore_season></airsbefore_season>
  <filename></filename>
  <lastupdated>1282429728</lastupdated>
  <seasonid>36785</seasonid>
  <seriesid>83616</seriesid>
</Episode>
<Episode>
  <id>4502479</id>
  <Combined_episodenumber>2</Combined_episodenumber>
  <Combined_season>0</Combined_season>
  <DVD_chapter></DVD_chapter>
  <DVD_discid></DVD_discid>
  <DVD_episodenumber></DVD_episodenumber>
  <DVD_season></DVD_season>
  <Director></Director>
  <EpImgFlag></EpImgFlag>
  <EpisodeName>What Is Party Down?</EpisodeName>
  <EpisodeNumber>2</EpisodeNumber>
  <FirstAired></FirstAired>
  <GuestStars></GuestStars>
  <IMDB_ID></IMDB_ID>
  <Language>en</Language>
  <Overview></Overview>
  <ProductionCode></ProductionCode>
  <Rating></Rating>
  <RatingCount>0</RatingCount>
  <SeasonNumber>0</SeasonNumber>
  <Writer></Writer>
  <absolute_number></absolute_number>
  <airsafter_season></airsafter_season>
  <airsbefore_episode></airsbefore_episode>
  <airsbefore_season></airsbefore_season>
  <filename></filename>
  <lastupdated>1360952098</lastupdated>
  <seasonid>36785</seasonid>
  <seriesid>83616</seriesid>
</Episode>
<Episode>
  <id>4502483</id>
  <Combined_episodenumber>3</Combined_episodenumber>
  <Combined_season>0</Combined_season>
  <DVD_chapter></DVD_chapter>
  <DVD_discid></DVD_discid>
  <DVD_episodenumber></DVD_episodenumber>
  <DVD_season></DVD_season>
  <Director></Director>
  <EpImgFlag></EpImgFlag>
  <EpisodeName>Season 1 Outtakes</EpisodeName>
  <EpisodeNumber>3</EpisodeNumber>
  <FirstAired></FirstAired>
  <GuestStars></GuestStars>
  <IMDB_ID></IMDB_ID>
  <Language>en</Language>
  <Overview></Overview>
  <ProductionCode></ProductionCode>
  <Rating></Rating>
  <RatingCount>0</RatingCount>
  <SeasonNumber>0</SeasonNumber>
  <Writer></Writer>
  <absolute_number></absolute_number>
  <airsafter_season></airsafter_season>
  <airsbefore_episode></airsbefore_episode>
  <airsbefore_season></airsbefore_season>
  <filename></filename>
  <lastupdated>1360952110</lastupdated>
  <seasonid>36785</seasonid>
  <seriesid>83616</seriesid>
</Episode>
<Episode>
  <id>4502487</id>
  <Combined_episodenumber>4</Combined_episodenumber>
  <Combined_season>0</Combined_season>
  <DVD_chapter></DVD_chapter>
  <DVD_discid></DVD_discid>
  <DVD_episodenumber></DVD_episodenumber>
  <DVD_season></DVD_season>
  <Director></Director>
  <EpImgFlag></EpImgFlag>
  <EpisodeName>Season 1 Gag Reel</EpisodeName>
  <EpisodeNumber>4</EpisodeNumber>
  <FirstAired></FirstAired>
  <GuestStars></GuestStars>
  <IMDB_ID></IMDB_ID>
  <Language>en</Language>
  <Overview></Overview>
  <ProductionCode></ProductionCode>
  <Rating></Rating>
  <RatingCount>0</RatingCount>
  <SeasonNumber>0</SeasonNumber>
  <Writer></Writer>
  <absolute_number></absolute_number>
  <airsafter_season></airsafter_season>
  <airsbefore_episode></airsbefore_episode>
  <airsbefore_season></airsbefore_season>
  <filename></filename>
  <lastupdated>1360952119</lastupdated>
  <seasonid>36785</seasonid>
  <seriesid>83616</seriesid>
</Episode>
<Episode>
  <id>4502492</id>
  <Combined_episodenumber>5</Combined_episodenumber>
  <Combined_season>0</Combined_season>
  <DVD_chapter></DVD_chapter>
  <DVD_discid></DVD_discid>
  <DVD_episodenumber></DVD_episodenumber>
  <DVD_season></DVD_season>
  <Director></Director>
  <EpImgFlag></EpImgFlag>
  <EpisodeName>Season 2 Gag Reel</EpisodeName>
  <EpisodeNumber>5</EpisodeNumber>
  <FirstAired></FirstAired>
  <GuestStars></GuestStars>
  <IMDB_ID></IMDB_ID>
  <Language>en</Language>
  <Overview></Overview>
  <ProductionCode></ProductionCode>
  <Rating></Rating>
  <RatingCount>0</RatingCount>
  <SeasonNumber>0</SeasonNumber>
  <Writer></Writer>
  <absolute_number></absolute_number>
  <airsafter_season></airsafter_season>
  <airsbefore_episode></airsbefore_episode>
  <airsbefore_season></airsbefore_season>
  <filename></filename>
  <lastupdated>1360952142</lastupdated>
  <seasonid>36785</seasonid>
  <seriesid>83616</seriesid>
</Episode>
<Episode>
  <id>4502493</id>
  <Combined_episodenumber>6</Combined_episodenumber>
  <Combined_season>0</Combined_season>
  <DVD_chapter></DVD_chapter>
  <DVD_discid></DVD_discid>
  <DVD_episodenumber></DVD_episodenumber>
  <DVD_season></DVD_season>
  <Director></Director>
  <EpImgFlag></EpImgFlag>
  <EpisodeName>Season 2 Promo</EpisodeName>
  <EpisodeNumber>6</EpisodeNumber>
  <FirstAired></FirstAired>
  <GuestStars></GuestStars>
  <IMDB_ID></IMDB_ID>
  <Language>en</Language>
  <Overview></Overview>
  <ProductionCode></ProductionCode>
  <Rating></Rating>
  <RatingCount>0</RatingCount>
  <SeasonNumber>0</SeasonNumber>
  <Writer></Writer>
  <absolute_number></absolute_number>
  <airsafter_season></airsafter_season>
  <airsbefore_episode></airsbefore_episode>
  <airsbefore_season></airsbefore_season>
  <filename></filename>
  <lastupdated>1360952149</lastupdated>
  <seasonid>36785</seasonid>
  <seriesid>83616</seriesid>
</Episode>
<Episode>
  <id>402456</id>
  <Combined_episodenumber>1</Combined_episodenumber>
  <Combined_season>1</Combined_season>
  <DVD_chapter></DVD_chapter>
  <DVD_discid></DVD_discid>
  <DVD_episodenumber></DVD_episodenumber>
  <DVD_season></DVD_season>
  <Director>Fred Savage</Director>
  <EpImgFlag>2</EpImgFlag>
  <EpisodeName>Willow Canyon Homeowners Annual Party</EpisodeName>
  <EpisodeNumber>1</EpisodeNumber>
  <FirstAired>2009-03-20</FirstAired>
  <GuestStars>Jackie Debatin|Enrico Colantoni|Rebecca Creskoff|Eden Sher|</GuestStars>
  <IMDB_ID></IMDB_ID>
  <Language>en</Language>
  <Overview>Failed actor Henry Pollard returns to work at Party Down catering. He meets his fellow employees, led by his old coworker Ron, a clean-living team leader with big dreams.</Overview>
  <ProductionCode>101</ProductionCode>
  <Rating>7.0</Rating>
  <RatingCount>21</RatingCount>
  <SeasonNumber>1</SeasonNumber>
  <Writer>Rob Thomas|Paul Rudd|John Enbom|Dan Etheridge|</Writer>
  <absolute_number></absolute_number>
  <filename>episodes/83616/402456.jpg</filename>
  <lastupdated>1357519450</lastupdated>
  <seasonid>36786</seasonid>
  <seriesid>83616</seriesid>
</Episode>
<Episode>
  <id>423506</id>
  <Combined_episodenumber>2</Combined_episodenumber>
  <Combined_season>1</Combined_season>
  <DVD_chapter></DVD_chapter>
  <DVD_discid></DVD_discid>
  <DVD_episodenumber></DVD_episodenumber>
  <DVD_season></DVD_season>
  <Director>Fred Savage</Director>
  <EpImgFlag>2</EpImgFlag>
  <EpisodeName>California College Conservative Union Caucus</EpisodeName>
  <EpisodeNumber>2</EpisodeNumber>
  <FirstAired>2009-03-27</FirstAired>
  <GuestStars>Jason Dohring|Alona Tal|Josh Gad|Ryan Pinkston|</GuestStars>
  <IMDB_ID></IMDB_ID>
  <Language>en</Language>
  <Overview>At a college conservatives event, students aim to give the Party Down team advice on success. As the event goes on, it turns out the students may not be so bright.</Overview>
  <ProductionCode>102</ProductionCode>
  <Rating>7.5</Rating>
  <RatingCount>19</RatingCount>
  <SeasonNumber>1</SeasonNumber>
  <Writer>John Enbom</Writer>
  <absolute_number></absolute_number>
  <filename>episodes/83616/423506.jpg</filename>
  <lastupdated>1290100783</lastupdated>
  <seasonid>36786</seasonid>
  <seriesid>83616</seriesid>
</Episode>
<Episode>
  <id>423507</id>
  <Combined_episodenumber>3</Combined_episodenumber>
  <Combined_season>1</Combined_season>
  <DVD_chapter></DVD_chapter>
  <DVD_discid></DVD_discid>
  <DVD_episodenumber></DVD_episodenumber>
  <DVD_season></DVD_season>
  <Director>Bryan Gordon</Director>
  <EpImgFlag>2</EpImgFlag>
  <EpisodeName>Pepper McMasters Singles Seminar</EpisodeName>
  <EpisodeNumber>3</EpisodeNumber>
  <FirstAired>2009-04-03</FirstAired>
  <GuestStars>Ed Begley Jr.||Marilu Henner|Olivia Alaina May|Traber Burns|</GuestStars>
  <IMDB_ID></IMDB_ID>
  <Language>en</Language>
  <Overview>The Party Down team caters a senior singles mixer hosted by Pepper McMasters. Constance has an awkward encounter with an old flame and Casey seeks relationship advice.</Overview>
  <ProductionCode>103</ProductionCode>
  <Rating>8.1</Rating>
  <RatingCount>15</RatingCount>
  <SeasonNumber>1</SeasonNumber>
  <Writer>John Enbom</Writer>
  <absolute_number></absolute_number>
  <filename>episodes/83616/423507.jpg</filename>
  <lastupdated>1357519543</lastupdated>
  <seasonid>36786</seasonid>
  <seriesid>83616</seriesid>
</Episode>
<Episode>
  <id>423508</id>
  <Combined_episodenumber>4</Combined_episodenumber>
  <Combined_season>1</Combined_season>
  <DVD_chapter></DVD_chapter>
  <DVD_discid></DVD_discid>
  <DVD_episodenumber></DVD_episodenumber>
  <DVD_season></DVD_season>
  <Director>Bryan Gordon</Director>
  <EpImgFlag>2</EpImgFlag>
  <EpisodeName>Investors Dinner</EpisodeName>
  <EpisodeNumber>4</EpisodeNumber>
  <FirstAired>2009-04-10</FirstAired>
  <GuestStars>Daran Norris|Ryan Devlin||Richard Fancy|</GuestStars>
  <IMDB_ID></IMDB_ID>
  <Language>en</Language>
  <Overview>A land tycoon expects flawless service from the Party Down crew, but Ron's dreams of success threaten to ruin everything. Kyle makes a friend whose lifestyle he hopes to emulate.</Overview>
  <ProductionCode>104</ProductionCode>
  <Rating>7.6</Rating>
  <RatingCount>13</RatingCount>
  <SeasonNumber>1</SeasonNumber>
  <Writer>Rob Thomas|Dan Etheridge|</Writer>
  <absolute_number></absolute_number>
  <filename>episodes/83616/423508.jpg</filename>
  <lastupdated>1357519584</lastupdated>
  <seasonid>36786</seasonid>
  <seriesid>83616</seriesid>
</Episode>
<Episode>
  <id>423509</id>
  <Combined_episodenumber>5</Combined_episodenumber>
  <Combined_season>1</Combined_season>
  <DVD_chapter></DVD_chapter>
  <DVD_discid></DVD_discid>
  <DVD_episodenumber></DVD_episodenumber>
  <DVD_season></DVD_season>
  <Director>Fred Savage</Director>
  <EpImgFlag>2</EpImgFlag>
  <EpisodeName>Sin Say Shun Awards Afterparty</EpisodeName>
  <EpisodeNumber>5</EpisodeNumber>
  <FirstAired>2009-04-17</FirstAired>
  <GuestStars>Mather Zickel|Ken Jeong|Beth Dover|Michele Nordin|Jeffrey Vincent Parise|Stormy Daniels|Diana Terranova|</GuestStars>
  <IMDB_ID></IMDB_ID>
  <Language>en</Language>
  <Overview>The Party Down team caters a porn awards afterparty. Kyle tries to teach Roman to &quot;play it cool&quot; with the porn stars. A mysterious businessman makes Ron a surprising business offer.</Overview>
  <ProductionCode>105</ProductionCode>
  <Rating>7.6</Rating>
  <RatingCount>16</RatingCount>
  <SeasonNumber>1</SeasonNumber>
  <Writer>John Enbom|Dan Etheridge|</Writer>
  <absolute_number></absolute_number>
  <filename>episodes/83616/423509.jpg</filename>
  <lastupdated>1357519663</lastupdated>
  <seasonid>36786</seasonid>
  <seriesid>83616</seriesid>
</Episode>
<Episode>
  <id>423510</id>
  <Combined_episodenumber>6</Combined_episodenumber>
  <Combined_season>1</Combined_season>
  <DVD_chapter></DVD_chapter>
  <DVD_discid></DVD_discid>
  <DVD_episodenumber></DVD_episodenumber>
  <DVD_season></DVD_season>
  <Director>Bryan Gordon</Director>
  <EpImgFlag>2</EpImgFlag>
  <EpisodeName>Taylor Stiltskin Sweet Sixteen</EpisodeName>
  <EpisodeNumber>6</EpisodeNumber>
  <FirstAired>2009-04-24</FirstAired>
  <GuestStars>J.K. Simmons|Joey Lauren Adams|Breckin Meyer|Kevin Hart|Allison Scagliotti|Maddy Curley|Oliver Adams|</GuestStars>
  <IMDB_ID></IMDB_ID>
  <Language>en</Language>
  <Overview>Taylor Stiltskin's film producer father is throwing her the perfect sweet 16--only nobody showed up! Henry runs into an old friend. Ron gets business advice from a rap duo.</Overview>
  <ProductionCode>106</ProductionCode>
  <Rating>7.5</Rating>
  <RatingCount>17</RatingCount>
  <SeasonNumber>1</SeasonNumber>
  <Writer>John Enbom</Writer>
  <absolute_number></absolute_number>
  <filename>episodes/83616/423510.jpg</filename>
  <lastupdated>1357520465</lastupdated>
  <seasonid>36786</seasonid>
  <seriesid>83616</seriesid>
</Episode>
<Episode>
  <id>423511</id>
  <Combined_episodenumber>7</Combined_episodenumber>
  <Combined_season>1</Combined_season>
  <DVD_chapter></DVD_chapter>
  <DVD_discid></DVD_discid>
  <DVD_episodenumber></DVD_episodenumber>
  <DVD_season></DVD_season>
  <Director>Fred Savage</Director>
  <EpImgFlag>2</EpImgFlag>
  <EpisodeName>Brandix Corporate Retreat</EpisodeName>
  <EpisodeNumber>7</EpisodeNumber>
  <FirstAired>2009-05-01</FirstAired>
  <GuestStars>Rick Fox||Rob Corddry|Jennifer Manley|Kathleen Parker</GuestStars>
  <IMDB_ID></IMDB_ID>
  <Language>en</Language>
  <Overview>When the Party Down team caters the Brandix corporate retreat, Casey strikes up a friendship with the sports star guest speaker, making both Henry and Roman jealous.</Overview>
  <ProductionCode>107</ProductionCode>
  <Rating>7.7</Rating>
  <RatingCount>13</RatingCount>
  <SeasonNumber>1</SeasonNumber>
  <Writer>John Enbom|Dan Etheridge|</Writer>
  <absolute_number></absolute_number>
  <filename>episodes/83616/423511.jpg</filename>
  <lastupdated>1357519785</lastupdated>
  <seasonid>36786</seasonid>
  <seriesid>83616</seriesid>
</Episode>
<Episode>
  <id>423512</id>
  <Combined_episodenumber>8</Combined_episodenumber>
  <Combined_season>1</Combined_season>
  <DVD_chapter></DVD_chapter>
  <DVD_discid></DVD_discid>
  <DVD_episodenumber></DVD_episodenumber>
  <DVD_season></DVD_season>
  <Director>Bryan Gordon</Director>
  <EpImgFlag>2</EpImgFlag>
  <EpisodeName>Celebrate Ricky Sargulesh</EpisodeName>
  <EpisodeNumber>8</EpisodeNumber>
  <FirstAired>2009-05-08</FirstAired>
  <GuestStars>Steven Weber|Vic Polizos|Maria Zyrianova|Oleg Zatsepin|</GuestStars>
  <IMDB_ID></IMDB_ID>
  <Language>en</Language>
  <Overview>The Party Down team's actors are recognized at a party and treated as stars. But when Roman and Ron discover the host is a mobster, they suspect his screenplay might be a confession.</Overview>
  <ProductionCode>108</ProductionCode>
  <Rating>7.7</Rating>
  <RatingCount>11</RatingCount>
  <SeasonNumber>1</SeasonNumber>
  <Writer>John Enbom</Writer>
  <absolute_number></absolute_number>
  <filename>episodes/83616/423512.jpg</filename>
  <lastupdated>1357519818</lastupdated>
  <seasonid>36786</seasonid>
  <seriesid>83616</seriesid>
</Episode>
<Episode>
  <id>423513</id>
  <Combined_episodenumber>9</Combined_episodenumber>
  <Combined_season>1</Combined_season>
  <DVD_chapter></DVD_chapter>
  <DVD_discid></DVD_discid>
  <DVD_episodenumber></DVD_episodenumber>
  <DVD_season></DVD_season>
  <Director>Fred Savage</Director>
  <EpImgFlag>2</EpImgFlag>
  <EpisodeName>James Rolf High School Twentieth Reunion</EpisodeName>
  <EpisodeNumber>9</EpisodeNumber>
  <FirstAired>2009-05-15</FirstAired>
  <GuestStars>Joe Lo Truglio|Molly Parker|Kyle Bornheimer|Hillary Straney</GuestStars>
  <IMDB_ID></IMDB_ID>
  <Language>en</Language>
  <Overview>Ron decides to cater his own reunion, and begins to slip back into his old drunken habits. Henry considers moving home, causing Casey to consider their &quot;casual&quot; relationship.</Overview>
  <ProductionCode>109</ProductionCode>
  <Rating>8.1</Rating>
  <RatingCount>15</RatingCount>
  <SeasonNumber>1</SeasonNumber>
  <Writer>John Enbom|Dan Etheridge|</Writer>
  <absolute_number></absolute_number>
  <filename>episodes/83616/423513.jpg</filename>
  <lastupdated>1357519861</lastupdated>
  <seasonid>36786</seasonid>
  <seriesid>83616</seriesid>
</Episode>
<Episode>
  <id>423514</id>
  <Combined_episodenumber>10</Combined_episodenumber>
  <Combined_season>1</Combined_season>
  <DVD_chapter></DVD_chapter>
  <DVD_discid></DVD_discid>
  <DVD_episodenumber></DVD_episodenumber>
  <DVD_season></DVD_season>
  <Director>Bryan Gordon</Director>
  <EpImgFlag>2</EpImgFlag>
  <EpisodeName>Stennheiser-Pong Wedding Reception</EpisodeName>
  <EpisodeNumber>10</EpisodeNumber>
  <FirstAired>2009-05-22</FirstAired>
  <GuestStars>Kristen Bell|George Takei|Ken Jeong|David Marshall Grant|Daniel Yabut|</GuestStars>
  <IMDB_ID></IMDB_ID>
  <Language>en</Language>
  <Overview>In the season finale, the team is excited to cater a lavish gay wedding, but must take a backseat to the chiseled men of the Adonis catering company. While Ron falls apart, Henry is forced to take charge.</Overview>
  <ProductionCode>110</ProductionCode>
  <Rating>7.8</Rating>
  <RatingCount>12</RatingCount>
  <SeasonNumber>1</SeasonNumber>
  <Writer>John Enbom</Writer>
  <absolute_number></absolute_number>
  <filename>episodes/83616/423514.jpg</filename>
  <lastupdated>1290101427</lastupdated>
  <seasonid>36786</seasonid>
  <seriesid>83616</seriesid>
</Episode>
<Episode>
  <id>1903361</id>
  <Combined_episodenumber>1</Combined_episodenumber>
  <Combined_season>2</Combined_season>
  <DVD_chapter></DVD_chapter>
  <DVD_discid></DVD_discid>
  <DVD_episodenumber></DVD_episodenumber>
  <DVD_season></DVD_season>
  <Director>Bryan Gordon</Director>
  <EpImgFlag>2</EpImgFlag>
  <EpisodeName>Jackal Onassis Backstage Party</EpisodeName>
  <EpisodeNumber>1</EpisodeNumber>
  <FirstAired>2010-04-23</FirstAired>
  <GuestStars>Jimmi Simpson|Aviva Baumann|Danny Woodburn|Michael Kostroff|Kristen DeLuca|Alexandra Ella|</GuestStars>
  <IMDB_ID></IMDB_ID>
  <Language>en</Language>
  <Overview>As the struggling new Party Down team leader, Henry is forced to juggle an incognito rock star, the return of of Ron Donald and Casey, the girl who broke his heart.</Overview>
  <ProductionCode></ProductionCode>
  <Rating>7.6</Rating>
  <RatingCount>12</RatingCount>
  <SeasonNumber>2</SeasonNumber>
  <Writer></Writer>
  <absolute_number></absolute_number>
  <filename>episodes/83616/1903361.jpg</filename>
  <lastupdated>1357518563</lastupdated>
  <seasonid>213391</seasonid>
  <seriesid>83616</seriesid>
</Episode>
<Episode>
  <id>1922551</id>
  <Combined_episodenumber>2</Combined_episodenumber>
  <Combined_season>2</Combined_season>
  <DVD_chapter></DVD_chapter>
  <DVD_discid></DVD_discid>
  <DVD_episodenumber></DVD_episodenumber>
  <DVD_season></DVD_season>
  <Director>Fred Savage</Director>
  <EpImgFlag>2</EpImgFlag>
  <EpisodeName>Precious Lights Pre-School Auction</EpisodeName>
  <EpisodeNumber>2</EpisodeNumber>
  <FirstAired>2010-04-30</FirstAired>
  <GuestStars>J.K. Simmons|Andrea Savage|Joey Lauren Adams|Aviva Baumann|Meagen Fay|</GuestStars>
  <IMDB_ID></IMDB_ID>
  <Language>en</Language>
  <Overview>Having trouble letting go of his leadership position, Ron and Henry clash at a fundraiser where parents will do anything to get their kids into an exclusive elementary school.</Overview>
  <ProductionCode></ProductionCode>
  <Rating>7.8</Rating>
  <RatingCount>14</RatingCount>
  <SeasonNumber>2</SeasonNumber>
  <Writer>John Enbom|Rob Thomas|Dan Etheridge|</Writer>
  <absolute_number></absolute_number>
  <filename>episodes/83616/1922551.jpg</filename>
  <lastupdated>1357518683</lastupdated>
  <seasonid>213391</seasonid>
  <seriesid>83616</seriesid>
</Episode>
<Episode>
  <id>1922561</id>
  <Combined_episodenumber>3</Combined_episodenumber>
  <Combined_season>2</Combined_season>
  <DVD_chapter></DVD_chapter>
  <DVD_discid></DVD_discid>
  <DVD_episodenumber></DVD_episodenumber>
  <DVD_season></DVD_season>
  <Director>Bryan Gordon</Director>
  <EpImgFlag>2</EpImgFlag>
  <EpisodeName>Nick Dicintio's Orgy Night</EpisodeName>
  <EpisodeNumber>3</EpisodeNumber>
  <FirstAired>2010-05-07</FirstAired>
  <GuestStars>Thomas Lennon|Rebecca Marshall|Ian Roberts|Sunah Bilsted|Adam Pilver|René Ashton|</GuestStars>
  <IMDB_ID></IMDB_ID>
  <Language>en</Language>
  <Overview>Catering an orgy proves to be the wrong place for Ron to deal with his recent breakup. Roman seizes the opportunity to help the host create the ideal orgy atmosphere.</Overview>
  <ProductionCode></ProductionCode>
  <Rating>8.0</Rating>
  <RatingCount>12</RatingCount>
  <SeasonNumber>2</SeasonNumber>
  <Writer>John Enbom|Rob Thomas|Dan Etheridge|</Writer>
  <absolute_number></absolute_number>
  <filename>episodes/83616/1922561.jpg</filename>
  <lastupdated>1357518772</lastupdated>
  <seasonid>213391</seasonid>
  <seriesid>83616</seriesid>
</Episode>
<Episode>
  <id>1922571</id>
  <Combined_episodenumber>4</Combined_episodenumber>
  <Combined_season>2</Combined_season>
  <DVD_chapter></DVD_chapter>
  <DVD_discid></DVD_discid>
  <DVD_episodenumber></DVD_episodenumber>
  <DVD_season></DVD_season>
  <Director>Fred Savage</Director>
  <EpImgFlag>2</EpImgFlag>
  <EpisodeName>James Ellison Funeral</EpisodeName>
  <EpisodeNumber>4</EpisodeNumber>
  <FirstAired>2010-05-14</FirstAired>
  <GuestStars>Loretta Devine|Tamala Jones|Arden Myrin|Lee Weaver|</GuestStars>
  <IMDB_ID></IMDB_ID>
  <Language>en</Language>
  <Overview>The funeral of a patriarch goes awry when the deceased's mistress arrives to pay her last repects. Kyle is mesmerized by the possibility of learning the blues from a real bluesman.</Overview>
  <ProductionCode></ProductionCode>
  <Rating>8.2</Rating>
  <RatingCount>17</RatingCount>
  <SeasonNumber>2</SeasonNumber>
  <Writer>John Enbom|Dan Etheridge|</Writer>
  <absolute_number></absolute_number>
  <filename>episodes/83616/1922571.jpg</filename>
  <lastupdated>1357518837</lastupdated>
  <seasonid>213391</seasonid>
  <seriesid>83616</seriesid>
</Episode>
<Episode>
  <id>1922591</id>
  <Combined_episodenumber>5</Combined_episodenumber>
  <Combined_season>2</Combined_season>
  <DVD_chapter></DVD_chapter>
  <DVD_discid></DVD_discid>
  <DVD_episodenumber></DVD_episodenumber>
  <DVD_season></DVD_season>
  <Director>Bryan Gordon</Director>
  <EpImgFlag>2</EpImgFlag>
  <EpisodeName>Steve Guttenberg's Birthday</EpisodeName>
  <EpisodeNumber>5</EpisodeNumber>
  <FirstAired>2010-05-21</FirstAired>
  <GuestStars>Steve Guttenberg|Christopher Mintz-Plasse|Lupe Ontiveros|Sarah Habel|Brad William Henke</GuestStars>
  <IMDB_ID></IMDB_ID>
  <Language>en</Language>
  <Overview>At his own birthday, Steve Guttenberg volunteers to turn his party into a writing workshop when he overhears Roman and writing partner Kent discussing their script.</Overview>
  <ProductionCode></ProductionCode>
  <Rating>8.2</Rating>
  <RatingCount>15</RatingCount>
  <SeasonNumber>2</SeasonNumber>
  <Writer>John Enbom|Dan Etheridge|</Writer>
  <absolute_number></absolute_number>
  <filename>episodes/83616/1922591.jpg</filename>
  <lastupdated>1357518883</lastupdated>
  <seasonid>213391</seasonid>
  <seriesid>83616</seriesid>
</Episode>
<Episode>
  <id>1922601</id>
  <Combined_episodenumber>6</Combined_episodenumber>
  <Combined_season>2</Combined_season>
  <DVD_chapter></DVD_chapter>
  <DVD_discid></DVD_discid>
  <DVD_episodenumber></DVD_episodenumber>
  <DVD_season></DVD_season>
  <Director>David Wain</Director>
  <EpImgFlag>2</EpImgFlag>
  <EpisodeName>Not On Your Wife Opening Night</EpisodeName>
  <EpisodeNumber>6</EpisodeNumber>
  <FirstAired>2010-05-28</FirstAired>
  <GuestStars>Rachael Harris|Jim Piddock|Sarah Burns|Zandy Hartig|Rob Huebel|Kerri Kenney|Jillian Armenante|</GuestStars>
  <IMDB_ID></IMDB_ID>
  <Language>en</Language>
  <Overview>At a community theater, the onstage farce trickles into real life as Kyle promises to help his old mentor by romancing a wealthy female patron with the funds to save the theater.</Overview>
  <ProductionCode></ProductionCode>
  <Rating>7.9</Rating>
  <RatingCount>12</RatingCount>
  <SeasonNumber>2</SeasonNumber>
  <Writer>John Enbom|Dan Etheridge|</Writer>
  <absolute_number></absolute_number>
  <filename>episodes/83616/1922601.jpg</filename>
  <lastupdated>1357518985</lastupdated>
  <seasonid>213391</seasonid>
  <seriesid>83616</seriesid>
</Episode>
<Episode>
  <id>1922611</id>
  <Combined_episodenumber>7</Combined_episodenumber>
  <Combined_season>2</Combined_season>
  <DVD_chapter></DVD_chapter>
  <DVD_discid></DVD_discid>
  <DVD_episodenumber></DVD_episodenumber>
  <DVD_season></DVD_season>
  <Director>Bryan Gordon</Director>
  <EpImgFlag>2</EpImgFlag>
  <EpisodeName>Party Down Company Picnic</EpisodeName>
  <EpisodeNumber>7</EpisodeNumber>
  <FirstAired>2010-06-04</FirstAired>
  <GuestStars>Kristen Bell|June Diane Raphael|Michael Hitchcock|Nat Faxon|Joey Kern|Kaitlyn Dever|Jill Jacobson|</GuestStars>
  <IMDB_ID></IMDB_ID>
  <Language>en</Language>
  <Overview>Competition is the word of the day as Ron competes for a job at the head office, Casey for best all around at the events and Roman and Kyle compete with Val Halla catering.</Overview>
  <ProductionCode></ProductionCode>
  <Rating>8.1</Rating>
  <RatingCount>13</RatingCount>
  <SeasonNumber>2</SeasonNumber>
  <Writer>John Enbom|Dan Etheridge|</Writer>
  <absolute_number></absolute_number>
  <filename>episodes/83616/1922611.jpg</filename>
  <lastupdated>1357519088</lastupdated>
  <seasonid>213391</seasonid>
  <seriesid>83616</seriesid>
</Episode>
<Episode>
  <id>1922701</id>
  <Combined_episodenumber>8</Combined_episodenumber>
  <Combined_season>2</Combined_season>
  <DVD_chapter></DVD_chapter>
  <DVD_discid></DVD_discid>
  <DVD_episodenumber></DVD_episodenumber>
  <DVD_season></DVD_season>
  <Director>Fred Savage</Director>
  <EpImgFlag>2</EpImgFlag>
  <EpisodeName>Joel Munt's Big Deal Party</EpisodeName>
  <EpisodeNumber>8</EpisodeNumber>
  <FirstAired>2010-06-11</FirstAired>
  <GuestStars>Paul Scheer|Dave Allen|Anastasia Ganias|Jennifer Wenger|Andre Royo|</GuestStars>
  <IMDB_ID></IMDB_ID>
  <Language>en</Language>
  <Overview>Roman is less than thrilled when he discovers the party is being thrown by his 'sell-out' writing partner who hired him to rub his face in the sale of his new spec script.</Overview>
  <ProductionCode></ProductionCode>
  <Rating>8.2</Rating>
  <RatingCount>12</RatingCount>
  <SeasonNumber>2</SeasonNumber>
  <Writer>John Enbom|Dan Etheridge|</Writer>
  <absolute_number></absolute_number>
  <filename>episodes/83616/1922701.jpg</filename>
  <lastupdated>1357519176</lastupdated>
  <seasonid>213391</seasonid>
  <seriesid>83616</seriesid>
</Episode>
<Episode>
  <id>1922711</id>
  <Combined_episodenumber>9</Combined_episodenumber>
  <Combined_season>2</Combined_season>
  <DVD_chapter></DVD_chapter>
  <DVD_discid></DVD_discid>
  <DVD_episodenumber></DVD_episodenumber>
  <DVD_season></DVD_season>
  <Director>Fred Savage</Director>
  <EpImgFlag>2</EpImgFlag>
  <EpisodeName>Cole Landry's Draft Day Party</EpisodeName>
  <EpisodeNumber>9</EpisodeNumber>
  <FirstAired>2010-06-18</FirstAired>
  <GuestStars>Aaron Hill|Rick Hall|Matt Walsh|Daniel Franzese|</GuestStars>
  <IMDB_ID></IMDB_ID>
  <Language>en</Language>
  <Overview>When top college QB Cole Landry unexpectedly slips in the draft, rumors begin circulating that tangle Casey and Henry in the secret lives of college athletes.</Overview>
  <ProductionCode></ProductionCode>
  <Rating>8.2</Rating>
  <RatingCount>10</RatingCount>
  <SeasonNumber>2</SeasonNumber>
  <Writer>Rob Thomas|Dan Etheridge|</Writer>
  <absolute_number></absolute_number>
  <filename>episodes/83616/1922711.jpg</filename>
  <lastupdated>1357519262</lastupdated>
  <seasonid>213391</seasonid>
  <seriesid>83616</seriesid>
</Episode>
<Episode>
  <id>1922721</id>
  <Combined_episodenumber>10</Combined_episodenumber>
  <Combined_season>2</Combined_season>
  <DVD_chapter></DVD_chapter>
  <DVD_discid></DVD_discid>
  <DVD_episodenumber></DVD_episodenumber>
  <DVD_season></DVD_season>
  <Director>Ken Marino</Director>
  <EpImgFlag>2</EpImgFlag>
  <EpisodeName>Constance Carmell Wedding</EpisodeName>
  <EpisodeNumber>10</EpisodeNumber>
  <FirstAired>2010-06-25</FirstAired>
  <GuestStars>Patrick Duffy|Jim Turner|Erick Avari|Alex Rocco|Michael Hitchcock|June Diane Raphael|</GuestStars>
  <IMDB_ID></IMDB_ID>
  <Language>en</Language>
  <Overview>Constance is getting married and she's hired her Party Down friends to make sure they attend. Ron, guided by Constance's wisdom to 'follow your heart', makes a desperate bid for love.</Overview>
  <ProductionCode></ProductionCode>
  <Rating>8.1</Rating>
  <RatingCount>11</RatingCount>
  <SeasonNumber>2</SeasonNumber>
  <Writer>John Enbom|Dan Etheridge|</Writer>
  <absolute_number></absolute_number>
  <filename>episodes/83616/1922721.jpg</filename>
  <lastupdated>1357519326</lastupdated>
  <seasonid>213391</seasonid>
  <seriesid>83616</seriesid>
</Episode>
</Data>