<?xml version="1.0" encoding="UTF-8" ?>
<Actors>
<Actor>
  <id>143781</id>
  <Image>actors/143781.jpg</Image>
  <Name>Mike Henry</Name>
  <Role>Cleveland Brown/Rallo</Role>
  <SortOrder>3</SortOrder>
</Actor>
<Actor>
  <id>143771</id>
  <Image>actors/143771.jpg</Image>
  <Name>Kevin Michael Richardson</Name>
  <Role>Cleveland Jr/Lester Krinklesac</Role>
  <SortOrder>3</SortOrder>
</Actor>
<Actor>
  <id>143761</id>
  <Image>actors/143761.jpg</Image>
  <Name>Sanaa Lathan</Name>
  <Role>Donna Tubbs</Role>
  <SortOrder>3</SortOrder>
</Actor>
<Actor>
  <id>143751</id>
  <Image>actors/143751.jpg</Image>
  <Name>Reagan Gomez-Preston</Name>
  <Role>Roberta Tubbs</Role>
  <SortOrder>3</SortOrder>
</Actor>
<Actor>
  <id>143741</id>
  <Image>actors/143741.jpg</Image>
  <Name>Seth MacFarlane</Name>
  <Role>Tim the Bear</Role>
  <SortOrder>3</SortOrder>
</Actor>
<Actor>
  <id>143731</id>
  <Image>actors/143731.jpg</Image>
  <Name>Jamie Kennedy</Name>
  <Role>Federline Jones</Role>
  <SortOrder>3</SortOrder>
</Actor>
</Actors>