<?xml version="1.0" encoding="UTF-8" ?>
<Banners>
<Banner>
  <id>651171</id>
  <BannerPath>fanart/original/93991-13.jpg</BannerPath>
  <BannerType>fanart</BannerType>
  <BannerType2>1920x1080</BannerType2>
  <Colors>|240,174,77|155,81,134|241,178,75|</Colors>
  <Language>en</Language>
  <Rating>9.5000</Rating>
  <RatingCount>2</RatingCount>
  <SeriesName>false</SeriesName>
  <ThumbnailPath>_cache/fanart/original/93991-13.jpg</ThumbnailPath>
  <VignettePath>fanart/vignette/93991-13.jpg</VignettePath>
</Banner>
<Banner>
  <id>367281</id>
  <BannerPath>fanart/original/93991-4.jpg</BannerPath>
  <BannerType>fanart</BannerType>
  <BannerType2>1280x720</BannerType2>
  <Colors>|175,111,172|84,32,114|128,68,156|</Colors>
  <Language>en</Language>
  <Rating>9.0000</Rating>
  <RatingCount>3</RatingCount>
  <SeriesName>true</SeriesName>
  <ThumbnailPath>_cache/fanart/original/93991-4.jpg</ThumbnailPath>
  <VignettePath>fanart/vignette/93991-4.jpg</VignettePath>
</Banner>
<Banner>
  <id>575801</id>
  <BannerPath>fanart/original/93991-10.jpg</BannerPath>
  <BannerType>fanart</BannerType>
  <BannerType2>1920x1080</BannerType2>
  <Colors></Colors>
  <Language>en</Language>
  <Rating>8.0000</Rating>
  <RatingCount>2</RatingCount>
  <SeriesName>true</SeriesName>
  <ThumbnailPath>_cache/fanart/original/93991-10.jpg</ThumbnailPath>
  <VignettePath>fanart/vignette/93991-10.jpg</VignettePath>
</Banner>
<Banner>
  <id>244291</id>
  <BannerPath>fanart/original/93991-2.jpg</BannerPath>
  <BannerType>fanart</BannerType>
  <BannerType2>1280x720</BannerType2>
  <Colors>|115,11,10|253,231,109|53,22,17|</Colors>
  <Language>en</Language>
  <Rating>7.6667</Rating>
  <RatingCount>3</RatingCount>
  <SeriesName>false</SeriesName>
  <ThumbnailPath>_cache/fanart/original/93991-2.jpg</ThumbnailPath>
  <VignettePath>fanart/vignette/93991-2.jpg</VignettePath>
</Banner>
<Banner>
  <id>651161</id>
  <BannerPath>fanart/original/93991-12.jpg</BannerPath>
  <BannerType>fanart</BannerType>
  <BannerType2>1920x1080</BannerType2>
  <Colors></Colors>
  <Language>en</Language>
  <Rating>7.5000</Rating>
  <RatingCount>2</RatingCount>
  <SeriesName>false</SeriesName>
  <ThumbnailPath>_cache/fanart/original/93991-12.jpg</ThumbnailPath>
  <VignettePath>fanart/vignette/93991-12.jpg</VignettePath>
</Banner>
<Banner>
  <id>244361</id>
  <BannerPath>fanart/original/93991-9.jpg</BannerPath>
  <BannerType>fanart</BannerType>
  <BannerType2>1280x720</BannerType2>
  <Colors>|139,215,251|168,90,51|255,231,105|</Colors>
  <Language>en</Language>
  <Rating>6.0000</Rating>
  <RatingCount>3</RatingCount>
  <SeriesName>false</SeriesName>
  <ThumbnailPath>_cache/fanart/original/93991-9.jpg</ThumbnailPath>
  <VignettePath>fanart/vignette/93991-9.jpg</VignettePath>
</Banner>
<Banner>
  <id>244301</id>
  <BannerPath>fanart/original/93991-3.jpg</BannerPath>
  <BannerType>fanart</BannerType>
  <BannerType2>1280x720</BannerType2>
  <Colors>|157,168,213|169,91,52|128,68,156|</Colors>
  <Language>en</Language>
  <Rating>6.0000</Rating>
  <RatingCount>1</RatingCount>
  <SeriesName>false</SeriesName>
  <ThumbnailPath>_cache/fanart/original/93991-3.jpg</ThumbnailPath>
  <VignettePath>fanart/vignette/93991-3.jpg</VignettePath>
</Banner>
<Banner>
  <id>575821</id>
  <BannerPath>fanart/original/93991-11.jpg</BannerPath>
  <BannerType>fanart</BannerType>
  <BannerType2>1280x720</BannerType2>
  <Colors>|178,114,175|84,32,114|128,68,156|</Colors>
  <Language>en</Language>
  <Rating>6.0000</Rating>
  <RatingCount>2</RatingCount>
  <SeriesName>true</SeriesName>
  <ThumbnailPath>_cache/fanart/original/93991-11.jpg</ThumbnailPath>
  <VignettePath>fanart/vignette/93991-11.jpg</VignettePath>
</Banner>
<Banner>
  <id>109151</id>
  <BannerPath>fanart/original/93991-1.jpg</BannerPath>
  <BannerType>fanart</BannerType>
  <BannerType2>1280x720</BannerType2>
  <Colors>|222,240,244|174,132,58|154,182,124|</Colors>
  <Language>en</Language>
  <Rating>5.7500</Rating>
  <RatingCount>4</RatingCount>
  <SeriesName>true</SeriesName>
  <ThumbnailPath>_cache/fanart/original/93991-1.jpg</ThumbnailPath>
  <VignettePath>fanart/vignette/93991-1.jpg</VignettePath>
</Banner>
<Banner>
  <id>244341</id>
  <BannerPath>fanart/original/93991-7.jpg</BannerPath>
  <BannerType>fanart</BannerType>
  <BannerType2>1280x720</BannerType2>
  <Colors>|253,254,246|17,17,25|109,141,56|</Colors>
  <Language>en</Language>
  <Rating>2.0000</Rating>
  <RatingCount>1</RatingCount>
  <SeriesName>false</SeriesName>
  <ThumbnailPath>_cache/fanart/original/93991-7.jpg</ThumbnailPath>
  <VignettePath>fanart/vignette/93991-7.jpg</VignettePath>
</Banner>
<Banner>
  <id>244331</id>
  <BannerPath>fanart/original/93991-6.jpg</BannerPath>
  <BannerType>fanart</BannerType>
  <BannerType2>1280x720</BannerType2>
  <Colors>|207,214,255|18,42,90|92,110,212|</Colors>
  <Language>en</Language>
  <Rating>2.0000</Rating>
  <RatingCount>1</RatingCount>
  <SeriesName>false</SeriesName>
  <ThumbnailPath>_cache/fanart/original/93991-6.jpg</ThumbnailPath>
  <VignettePath>fanart/vignette/93991-6.jpg</VignettePath>
</Banner>
<Banner>
  <id>244321</id>
  <BannerPath>fanart/original/93991-5.jpg</BannerPath>
  <BannerType>fanart</BannerType>
  <BannerType2>1280x720</BannerType2>
  <Colors>|200,235,239|168,89,48|74,157,79|</Colors>
  <Language>en</Language>
  <Rating>2.0000</Rating>
  <RatingCount>2</RatingCount>
  <SeriesName>false</SeriesName>
  <ThumbnailPath>_cache/fanart/original/93991-5.jpg</ThumbnailPath>
  <VignettePath>fanart/vignette/93991-5.jpg</VignettePath>
</Banner>
<Banner>
  <id>244351</id>
  <BannerPath>fanart/original/93991-8.jpg</BannerPath>
  <BannerType>fanart</BannerType>
  <BannerType2>1280x720</BannerType2>
  <Colors>|211,198,224|142,98,59|251,240,112|</Colors>
  <Language>en</Language>
  <Rating>1.0000</Rating>
  <RatingCount>1</RatingCount>
  <SeriesName>false</SeriesName>
  <ThumbnailPath>_cache/fanart/original/93991-8.jpg</ThumbnailPath>
  <VignettePath>fanart/vignette/93991-8.jpg</VignettePath>
</Banner>
<Banner>
  <id>209721</id>
  <BannerPath>posters/93991-2.jpg</BannerPath>
  <BannerType>poster</BannerType>
  <BannerType2>680x1000</BannerType2>
  <Language>en</Language>
  <Rating>7.2500</Rating>
  <RatingCount>4</RatingCount>
</Banner>
<Banner>
  <id>651191</id>
  <BannerPath>posters/93991-3.jpg</BannerPath>
  <BannerType>poster</BannerType>
  <BannerType2>680x1000</BannerType2>
  <Language>en</Language>
  <Rating>5.2500</Rating>
  <RatingCount>4</RatingCount>
</Banner>
<Banner>
  <id>102351</id>
  <BannerPath>posters/93991-1.jpg</BannerPath>
  <BannerType>poster</BannerType>
  <BannerType2>680x1000</BannerType2>
  <Language>en</Language>
  <Rating>4.5000</Rating>
  <RatingCount>4</RatingCount>
</Banner>
<Banner>
  <id>946186</id>
  <BannerPath>seasons/93991-3-2.jpg</BannerPath>
  <BannerType>season</BannerType>
  <BannerType2>season</BannerType2>
  <Language>en</Language>
  <Rating>10.0000</Rating>
  <RatingCount>1</RatingCount>
  <Season>3</Season>
</Banner>
<Banner>
  <id>480871</id>
  <BannerPath>seasons/93991-1-2.jpg</BannerPath>
  <BannerType>season</BannerType>
  <BannerType2>season</BannerType2>
  <Language>en</Language>
  <Rating>9.3333</Rating>
  <RatingCount>3</RatingCount>
  <Season>1</Season>
</Banner>
<Banner>
  <id>936447</id>
  <BannerPath>seasons/93991-4.jpg</BannerPath>
  <BannerType>season</BannerType>
  <BannerType2>season</BannerType2>
  <Language>en</Language>
  <Rating>8.0000</Rating>
  <RatingCount>2</RatingCount>
  <Season>4</Season>
</Banner>
<Banner>
  <id>644161</id>
  <BannerPath>seasons/93991-2.jpg</BannerPath>
  <BannerType>season</BannerType>
  <BannerType2>season</BannerType2>
  <Language>en</Language>
  <Rating>8.0000</Rating>
  <RatingCount>1</RatingCount>
  <Season>2</Season>
</Banner>
<Banner>
  <id>725851</id>
  <BannerPath>seasons/93991-2-2.jpg</BannerPath>
  <BannerType>season</BannerType>
  <BannerType2>season</BannerType2>
  <Language>en</Language>
  <Rating>7.5000</Rating>
  <RatingCount>2</RatingCount>
  <Season>2</Season>
</Banner>
<Banner>
  <id>881826</id>
  <BannerPath>seasons/93991-3.jpg</BannerPath>
  <BannerType>season</BannerType>
  <BannerType2>season</BannerType2>
  <Language>en</Language>
  <Rating>5.5000</Rating>
  <RatingCount>2</RatingCount>
  <Season>3</Season>
</Banner>
<Banner>
  <id>725861</id>
  <BannerPath>seasons/93991-1-3.jpg</BannerPath>
  <BannerType>season</BannerType>
  <BannerType2>season</BannerType2>
  <Language>en</Language>
  <Rating>5.5000</Rating>
  <RatingCount>2</RatingCount>
  <Season>1</Season>
</Banner>
<Banner>
  <id>878218</id>
  <BannerPath>seasons/93991-2-3.jpg</BannerPath>
  <BannerType>season</BannerType>
  <BannerType2>season</BannerType2>
  <Language>en</Language>
  <Rating></Rating>
  <RatingCount>0</RatingCount>
  <Season>2</Season>
</Banner>
<Banner>
  <id>901850</id>
  <BannerPath>seasonswide/93991-2.jpg</BannerPath>
  <BannerType>season</BannerType>
  <BannerType2>seasonwide</BannerType2>
  <Language>en</Language>
  <Rating>10.0000</Rating>
  <RatingCount>1</RatingCount>
  <Season>2</Season>
</Banner>
<Banner>
  <id>901851</id>
  <BannerPath>seasonswide/93991-3.jpg</BannerPath>
  <BannerType>season</BannerType>
  <BannerType2>seasonwide</BannerType2>
  <Language>en</Language>
  <Rating>9.0000</Rating>
  <RatingCount>1</RatingCount>
  <Season>3</Season>
</Banner>
<Banner>
  <id>901849</id>
  <BannerPath>seasonswide/93991-1.jpg</BannerPath>
  <BannerType>season</BannerType>
  <BannerType2>seasonwide</BannerType2>
  <Language>en</Language>
  <Rating>8.0000</Rating>
  <RatingCount>1</RatingCount>
  <Season>1</Season>
</Banner>
<Banner>
  <id>102331</id>
  <BannerPath>graphical/93991-g.jpg</BannerPath>
  <BannerType>series</BannerType>
  <BannerType2>graphical</BannerType2>
  <Language>en</Language>
  <Rating>9.6667</Rating>
  <RatingCount>6</RatingCount>
</Banner>
</Banners>