<?xml version="1.0" encoding="UTF-8" ?>
<Actors>
<Actor>
  <id>297847</id>
  <Image>actors/297847.jpg</Image>
  <Name>Janet Varney</Name>
  <Role>Korra</Role>
  <SortOrder>0</SortOrder>
</Actor>
<Actor>
  <id>297848</id>
  <Image>actors/297848.jpg</Image>
  <Name>J.K. Simmons</Name>
  <Role>Tenzin</Role>
  <SortOrder>1</SortOrder>
</Actor>
<Actor>
  <id>298013</id>
  <Image>actors/298013.jpg</Image>
  <Name>David Faustino</Name>
  <Role>Mako</Role>
  <SortOrder>2</SortOrder>
</Actor>
<Actor>
  <id>300637</id>
  <Image>actors/300637.jpg</Image>
  <Name>Daniel Dae Kim</Name>
  <Role>Hiroshi Sato</Role>
  <SortOrder>3</SortOrder>
</Actor>
<Actor>
  <id>300636</id>
  <Image>actors/300636.jpg</Image>
  <Name>Darcy Rose Byrnes</Name>
  <Role>Ikki</Role>
  <SortOrder>3</SortOrder>
</Actor>
<Actor>
  <id>300634</id>
  <Image>actors/300634.jpg</Image>
  <Name>Seychelle Gabriel</Name>
  <Role>Asami Sato </Role>
  <SortOrder>3</SortOrder>
</Actor>
<Actor>
  <id>300633</id>
  <Image>actors/300633.jpg</Image>
  <Name>Dee Bradley Baker </Name>
  <Role>Naga / Pabu / Additional Voices</Role>
  <SortOrder>3</SortOrder>
</Actor>
<Actor>
  <id>298021</id>
  <Image>actors/298021.jpg</Image>
  <Name>Lance Henriksen</Name>
  <Role>Lieutenant</Role>
  <SortOrder>3</SortOrder>
</Actor>
<Actor>
  <id>298020</id>
  <Image>actors/298020.jpg</Image>
  <Name>Eva Marie Saint</Name>
  <Role>Katara</Role>
  <SortOrder>3</SortOrder>
</Actor>
<Actor>
  <id>298019</id>
  <Image>actors/298019.jpg</Image>
  <Name>Steve Blum</Name>
  <Role>Amon</Role>
  <SortOrder>3</SortOrder>
</Actor>
<Actor>
  <id>298018</id>
  <Image>actors/298018.jpg</Image>
  <Name>Mindy Sterling</Name>
  <Role>Lin Beifong</Role>
  <SortOrder>3</SortOrder>
</Actor>
<Actor>
  <id>298016</id>
  <Image>actors/298016.jpg</Image>
  <Name>Kiernan Shipka</Name>
  <Role>Jinora</Role>
  <SortOrder>3</SortOrder>
</Actor>
<Actor>
  <id>298015</id>
  <Image>actors/298015.jpg</Image>
  <Name>Maria Bamford</Name>
  <Role>Pema</Role>
  <SortOrder>3</SortOrder>
</Actor>
<Actor>
  <id>298014</id>
  <Image>actors/298014.jpg</Image>
  <Name>P.J. Byrne</Name>
  <Role>Bolin</Role>
  <SortOrder>3</SortOrder>
</Actor>
<Actor>
  <id>298017</id>
  <Image></Image>
  <Name>Logan Wells</Name>
  <Role>Meelo</Role>
  <SortOrder>3</SortOrder>
</Actor>
</Actors>