<?xml version="1.0" encoding="UTF-8" ?>
<Actors>
<Actor>
  <id>2256</id>
  <Image></Image>
  <Name>Robb Wells</Name>
  <Role>Ricky</Role>
  <SortOrder>0</SortOrder>
</Actor>
<Actor>
  <id>2258</id>
  <Image></Image>
  <Name>Mike Smith</Name>
  <Role>Bubbles</Role>
  <SortOrder>1</SortOrder>
</Actor>
<Actor>
  <id>2257</id>
  <Image></Image>
  <Name>John Paul Tremblay</Name>
  <Role>Julian</Role>
  <SortOrder>2</SortOrder>
</Actor>
<Actor>
  <id>2263</id>
  <Image></Image>
  <Name>Barrie Dunn</Name>
  <Role>Ray</Role>
  <SortOrder>3</SortOrder>
</Actor>
<Actor>
  <id>2264</id>
  <Image></Image>
  <Name>Cory Bowles</Name>
  <Role>Cory</Role>
  <SortOrder>3</SortOrder>
</Actor>
<Actor>
  <id>2254</id>
  <Image></Image>
  <Name>Ellen Page</Name>
  <Role>Treena Lahey</Role>
  <SortOrder>3</SortOrder>
</Actor>
<Actor>
  <id>2260</id>
  <Image></Image>
  <Name>Jeanna Harrison-Steinhart</Name>
  <Role>Trinity</Role>
  <SortOrder>3</SortOrder>
</Actor>
<Actor>
  <id>2265</id>
  <Image></Image>
  <Name>John Dunsworth</Name>
  <Role>Jim Lahey</Role>
  <SortOrder>3</SortOrder>
</Actor>
<Actor>
  <id>2259</id>
  <Image></Image>
  <Name>Jonathan Torrens</Name>
  <Role>J-Roc</Role>
  <SortOrder>3</SortOrder>
</Actor>
<Actor>
  <id>2267</id>
  <Image></Image>
  <Name>Lucy Decoutere</Name>
  <Role>Lucy</Role>
  <SortOrder>3</SortOrder>
</Actor>
<Actor>
  <id>2262</id>
  <Image></Image>
  <Name>Michael Jackson</Name>
  <Role>Trevor</Role>
  <SortOrder>3</SortOrder>
</Actor>
<Actor>
  <id>2266</id>
  <Image></Image>
  <Name>Patrick Roach</Name>
  <Role>Randy</Role>
  <SortOrder>3</SortOrder>
</Actor>
<Actor>
  <id>2255</id>
  <Image></Image>
  <Name>Sarah E Dunsworth</Name>
  <Role>Sarah</Role>
  <SortOrder>3</SortOrder>
</Actor>
<Actor>
  <id>2261</id>
  <Image></Image>
  <Name>Shelly Thompson</Name>
  <Role>Barbara Lahey</Role>
  <SortOrder>3</SortOrder>
</Actor>
</Actors>