<?xml version="1.0" encoding="UTF-8" ?>
<Banners>
<Banner>
  <id>32700</id>
  <BannerPath>fanart/original/70566-3.jpg</BannerPath>
  <BannerType>fanart</BannerType>
  <BannerType2>1280x720</BannerType2>
  <Colors>|252,251,249|20,22,47|184,209,105|</Colors>
  <Language>en</Language>
  <Rating>7.6667</Rating>
  <RatingCount>6</RatingCount>
  <SeriesName>false</SeriesName>
  <ThumbnailPath>_cache/fanart/original/70566-3.jpg</ThumbnailPath>
  <VignettePath>fanart/vignette/70566-3.jpg</VignettePath>
</Banner>
<Banner>
  <id>22689</id>
  <BannerPath>fanart/original/70566-1.jpg</BannerPath>
  <BannerType>fanart</BannerType>
  <BannerType2>1280x720</BannerType2>
  <Colors></Colors>
  <Language>en</Language>
  <Rating>7.0000</Rating>
  <RatingCount>6</RatingCount>
  <SeriesName>false</SeriesName>
  <ThumbnailPath>_cache/fanart/original/70566-1.jpg</ThumbnailPath>
  <VignettePath>fanart/vignette/70566-1.jpg</VignettePath>
</Banner>
<Banner>
  <id>32653</id>
  <BannerPath>fanart/original/70566-2.jpg</BannerPath>
  <BannerType>fanart</BannerType>
  <BannerType2>1280x720</BannerType2>
  <Colors>|231,209,212|0,0,0|139,92,66|</Colors>
  <Language>en</Language>
  <Rating>4.7500</Rating>
  <RatingCount>4</RatingCount>
  <SeriesName>false</SeriesName>
  <ThumbnailPath>_cache/fanart/original/70566-2.jpg</ThumbnailPath>
  <VignettePath>fanart/vignette/70566-2.jpg</VignettePath>
</Banner>
<Banner>
  <id>627651</id>
  <BannerPath>fanart/original/70566-5.jpg</BannerPath>
  <BannerType>fanart</BannerType>
  <BannerType2>1920x1080</BannerType2>
  <Colors></Colors>
  <Language>en</Language>
  <Rating></Rating>
  <RatingCount>0</RatingCount>
  <SeriesName>false</SeriesName>
  <ThumbnailPath>_cache/fanart/original/70566-5.jpg</ThumbnailPath>
  <VignettePath>fanart/vignette/70566-5.jpg</VignettePath>
</Banner>
<Banner>
  <id>178311</id>
  <BannerPath>fanart/original/70566-4.jpg</BannerPath>
  <BannerType>fanart</BannerType>
  <BannerType2>1280x720</BannerType2>
  <Colors></Colors>
  <Language>en</Language>
  <Rating></Rating>
  <RatingCount>0</RatingCount>
  <SeriesName>true</SeriesName>
  <ThumbnailPath>_cache/fanart/original/70566-4.jpg</ThumbnailPath>
  <VignettePath>fanart/vignette/70566-4.jpg</VignettePath>
</Banner>
<Banner>
  <id>33167</id>
  <BannerPath>posters/70566-1.jpg</BannerPath>
  <BannerType>poster</BannerType>
  <BannerType2>680x1000</BannerType2>
  <Language>en</Language>
  <Rating>8.0000</Rating>
  <RatingCount>2</RatingCount>
</Banner>
<Banner>
  <id>904262</id>
  <BannerPath>posters/70566-2.jpg</BannerPath>
  <BannerType>poster</BannerType>
  <BannerType2>680x1000</BannerType2>
  <Language>en</Language>
  <Rating>4.5000</Rating>
  <RatingCount>2</RatingCount>
</Banner>
<Banner>
  <id>8360</id>
  <BannerPath>seasons/10334-5-2.jpg</BannerPath>
  <BannerType>season</BannerType>
  <BannerType2>season</BannerType2>
  <Language>en</Language>
  <Rating>10.0000</Rating>
  <RatingCount>1</RatingCount>
  <Season>5</Season>
</Banner>
<Banner>
  <id>8361</id>
  <BannerPath>seasons/10334-6.jpg</BannerPath>
  <BannerType>season</BannerType>
  <BannerType2>season</BannerType2>
  <Language>en</Language>
  <Rating></Rating>
  <RatingCount>0</RatingCount>
  <Season>6</Season>
</Banner>
<Banner>
  <id>6976</id>
  <BannerPath>seasons/10334-5.jpg</BannerPath>
  <BannerType>season</BannerType>
  <BannerType2>season</BannerType2>
  <Language>en</Language>
  <Rating></Rating>
  <RatingCount>0</RatingCount>
  <Season>5</Season>
</Banner>
<Banner>
  <id>524781</id>
  <BannerPath>seasons/70566-0-3.jpg</BannerPath>
  <BannerType>season</BannerType>
  <BannerType2>season</BannerType2>
  <Language>en</Language>
  <Rating></Rating>
  <RatingCount>0</RatingCount>
  <Season>0</Season>
</Banner>
<Banner>
  <id>524791</id>
  <BannerPath>seasons/70566-0-4.jpg</BannerPath>
  <BannerType>season</BannerType>
  <BannerType2>season</BannerType2>
  <Language>en</Language>
  <Rating></Rating>
  <RatingCount>0</RatingCount>
  <Season>0</Season>
</Banner>
<Banner>
  <id>20148</id>
  <BannerPath>seasons/70566-0.jpg</BannerPath>
  <BannerType>season</BannerType>
  <BannerType2>season</BannerType2>
  <Language>en</Language>
  <Rating></Rating>
  <RatingCount>0</RatingCount>
  <Season>0</Season>
</Banner>
<Banner>
  <id>941260</id>
  <BannerPath>seasons/70566-7-2.jpg</BannerPath>
  <BannerType>season</BannerType>
  <BannerType2>season</BannerType2>
  <Language>en</Language>
  <Rating></Rating>
  <RatingCount>0</RatingCount>
  <Season>7</Season>
</Banner>
<Banner>
  <id>16523</id>
  <BannerPath>seasons/70566-6.jpg</BannerPath>
  <BannerType>season</BannerType>
  <BannerType2>season</BannerType2>
  <Language>en</Language>
  <Rating></Rating>
  <RatingCount>0</RatingCount>
  <Season>6</Season>
</Banner>
<Banner>
  <id>6974</id>
  <BannerPath>seasons/10334-3.jpg</BannerPath>
  <BannerType>season</BannerType>
  <BannerType2>season</BannerType2>
  <Language>en</Language>
  <Rating></Rating>
  <RatingCount>0</RatingCount>
  <Season>3</Season>
</Banner>
<Banner>
  <id>524771</id>
  <BannerPath>seasons/70566-0-2.jpg</BannerPath>
  <BannerType>season</BannerType>
  <BannerType2>season</BannerType2>
  <Language>en</Language>
  <Rating></Rating>
  <RatingCount>0</RatingCount>
  <Season>0</Season>
</Banner>
<Banner>
  <id>6972</id>
  <BannerPath>seasons/10334-1.jpg</BannerPath>
  <BannerType>season</BannerType>
  <BannerType2>season</BannerType2>
  <Language>en</Language>
  <Rating></Rating>
  <RatingCount>0</RatingCount>
  <Season>1</Season>
</Banner>
<Banner>
  <id>12503</id>
  <BannerPath>seasons/70566-7.jpg</BannerPath>
  <BannerType>season</BannerType>
  <BannerType2>season</BannerType2>
  <Language>en</Language>
  <Rating></Rating>
  <RatingCount>0</RatingCount>
  <Season>7</Season>
</Banner>
<Banner>
  <id>524821</id>
  <BannerPath>seasons/70566-0-6.jpg</BannerPath>
  <BannerType>season</BannerType>
  <BannerType2>season</BannerType2>
  <Language>en</Language>
  <Rating></Rating>
  <RatingCount>0</RatingCount>
  <Season>0</Season>
</Banner>
<Banner>
  <id>6973</id>
  <BannerPath>seasons/10334-2.jpg</BannerPath>
  <BannerType>season</BannerType>
  <BannerType2>season</BannerType2>
  <Language>en</Language>
  <Rating></Rating>
  <RatingCount>0</RatingCount>
  <Season>2</Season>
</Banner>
<Banner>
  <id>6975</id>
  <BannerPath>seasons/10334-4.jpg</BannerPath>
  <BannerType>season</BannerType>
  <BannerType2>season</BannerType2>
  <Language>en</Language>
  <Rating></Rating>
  <RatingCount>0</RatingCount>
  <Season>4</Season>
</Banner>
<Banner>
  <id>536721</id>
  <BannerPath>graphical/70566-g4.jpg</BannerPath>
  <BannerType>series</BannerType>
  <BannerType2>graphical</BannerType2>
  <Language>en</Language>
  <Rating>10.0000</Rating>
  <RatingCount>1</RatingCount>
</Banner>
<Banner>
  <id>13553</id>
  <BannerPath>graphical/70566-g2.jpg</BannerPath>
  <BannerType>series</BannerType>
  <BannerType2>graphical</BannerType2>
  <Language>en</Language>
  <Rating>9.2000</Rating>
  <RatingCount>5</RatingCount>
</Banner>
<Banner>
  <id>442741</id>
  <BannerPath>graphical/70566-g3.jpg</BannerPath>
  <BannerType>series</BannerType>
  <BannerType2>graphical</BannerType2>
  <Language>en</Language>
  <Rating>5.5000</Rating>
  <RatingCount>2</RatingCount>
</Banner>
<Banner>
  <id>6169</id>
  <BannerPath>graphical/10334-g.jpg</BannerPath>
  <BannerType>series</BannerType>
  <BannerType2>graphical</BannerType2>
  <Language>en</Language>
  <Rating>1.0000</Rating>
  <RatingCount>1</RatingCount>
</Banner>
<Banner>
  <id>5300</id>
  <BannerPath>text/10334.jpg</BannerPath>
  <BannerType>series</BannerType>
  <BannerType2>text</BannerType2>
  <Language>en</Language>
  <Rating>1.0000</Rating>
  <RatingCount>1</RatingCount>
</Banner>
<Banner>
  <id>536921</id>
  <BannerPath>graphical/70566-g5.jpg</BannerPath>
  <BannerType>series</BannerType>
  <BannerType2>graphical</BannerType2>
  <Language>en</Language>
  <Rating>1.0000</Rating>
  <RatingCount>1</RatingCount>
</Banner>
</Banners>