<?xml version="1.0" encoding="UTF-8" ?>
<Data><Series>
  <id>70566</id>
  <Actors>|Robb Wells|Mike Smith|John Paul Tremblay|Barrie Dunn|Cory Bowles|Ellen Page|Jeanna Harrison-Steinhart|John Dunsworth|Jonathan Torrens|Lucy Decoutere|Michael Jackson|Patrick Roach|Sarah E Dunsworth|Shelly Thompson|</Actors>
  <Airs_DayOfWeek>Sunday</Airs_DayOfWeek>
  <Airs_Time>9:00 PM</Airs_Time>
  <ContentRating>TV-MA</ContentRating>
  <FirstAired>2001-04-01</FirstAired>
  <Genre>|Comedy|</Genre>
  <IMDB_ID>tt0290988</IMDB_ID>
  <Language>en</Language>
  <Network>Showcase</Network>
  <NetworkID></NetworkID>
  <Overview>Ricky and Julian are two guys whose lives were shaped by their experiences growing up in the Trailer Park. Their childhood was typical of most trailer park kids - stealing, fighting, smoking, drinking, scamming and listening to Van Halen. The Boys have had their share of trouble with the law and spend a large portion of their adult lives behind bars.</Overview>
  <Rating>9.4</Rating>
  <RatingCount>45</RatingCount>
  <Runtime>30</Runtime>
  <SeriesID>10334</SeriesID>
  <SeriesName>Trailer Park Boys</SeriesName>
  <Status>Ended</Status>
  <added></added>
  <addedBy></addedBy>
  <banner>graphical/70566-g4.jpg</banner>
  <fanart>fanart/original/70566-3.jpg</fanart>
  <lastupdated>1364609610</lastupdated>
  <poster>posters/70566-1.jpg</poster>
  <zap2it_id>SH434224</zap2it_id>
</Series>
<Episode>
  <id>3038751</id>
  <Combined_episodenumber>0</Combined_episodenumber>
  <Combined_season>0</Combined_season>
  <DVD_chapter></DVD_chapter>
  <DVD_discid></DVD_discid>
  <DVD_episodenumber></DVD_episodenumber>
  <DVD_season></DVD_season>
  <Director></Director>
  <EpImgFlag></EpImgFlag>
  <EpisodeName></EpisodeName>
  <EpisodeNumber>0</EpisodeNumber>
  <FirstAired></FirstAired>
  <GuestStars></GuestStars>
  <IMDB_ID></IMDB_ID>
  <Language>en</Language>
  <Overview></Overview>
  <ProductionCode></ProductionCode>
  <Rating></Rating>
  <RatingCount>0</RatingCount>
  <SeasonNumber>0</SeasonNumber>
  <Writer></Writer>
  <absolute_number></absolute_number>
  <airsafter_season></airsafter_season>
  <airsbefore_episode></airsbefore_episode>
  <airsbefore_season></airsbefore_season>
  <filename></filename>
  <lastupdated>1323122115</lastupdated>
  <seasonid>18035</seasonid>
  <seriesid>70566</seriesid>
</Episode>
<Episode>
  <id>3011151</id>
  <Combined_episodenumber>0</Combined_episodenumber>
  <Combined_season>0</Combined_season>
  <DVD_chapter></DVD_chapter>
  <DVD_discid></DVD_discid>
  <DVD_episodenumber></DVD_episodenumber>
  <DVD_season></DVD_season>
  <Director></Director>
  <EpImgFlag></EpImgFlag>
  <EpisodeName></EpisodeName>
  <EpisodeNumber>0</EpisodeNumber>
  <FirstAired></FirstAired>
  <GuestStars></GuestStars>
  <IMDB_ID></IMDB_ID>
  <Language>en</Language>
  <Overview></Overview>
  <ProductionCode></ProductionCode>
  <Rating></Rating>
  <RatingCount>0</RatingCount>
  <SeasonNumber>0</SeasonNumber>
  <Writer></Writer>
  <absolute_number></absolute_number>
  <airsafter_season></airsafter_season>
  <airsbefore_episode></airsbefore_episode>
  <airsbefore_season></airsbefore_season>
  <filename></filename>
  <lastupdated>1323122291</lastupdated>
  <seasonid>18035</seasonid>
  <seriesid>70566</seriesid>
</Episode>
<Episode>
  <id>3011161</id>
  <Combined_episodenumber>0</Combined_episodenumber>
  <Combined_season>0</Combined_season>
  <DVD_chapter></DVD_chapter>
  <DVD_discid></DVD_discid>
  <DVD_episodenumber></DVD_episodenumber>
  <DVD_season></DVD_season>
  <Director></Director>
  <EpImgFlag></EpImgFlag>
  <EpisodeName></EpisodeName>
  <EpisodeNumber>0</EpisodeNumber>
  <FirstAired></FirstAired>
  <GuestStars></GuestStars>
  <IMDB_ID></IMDB_ID>
  <Language>en</Language>
  <Overview></Overview>
  <ProductionCode></ProductionCode>
  <Rating></Rating>
  <RatingCount>0</RatingCount>
  <SeasonNumber>0</SeasonNumber>
  <Writer></Writer>
  <absolute_number></absolute_number>
  <airsafter_season></airsafter_season>
  <airsbefore_episode></airsbefore_episode>
  <airsbefore_season></airsbefore_season>
  <filename></filename>
  <lastupdated>1323122152</lastupdated>
  <seasonid>18035</seasonid>
  <seriesid>70566</seriesid>
</Episode>
<Episode>
  <id>3038761</id>
  <Combined_episodenumber>0</Combined_episodenumber>
  <Combined_season>0</Combined_season>
  <DVD_chapter></DVD_chapter>
  <DVD_discid></DVD_discid>
  <DVD_episodenumber></DVD_episodenumber>
  <DVD_season></DVD_season>
  <Director></Director>
  <EpImgFlag></EpImgFlag>
  <EpisodeName></EpisodeName>
  <EpisodeNumber>0</EpisodeNumber>
  <FirstAired></FirstAired>
  <GuestStars></GuestStars>
  <IMDB_ID></IMDB_ID>
  <Language>en</Language>
  <Overview></Overview>
  <ProductionCode></ProductionCode>
  <Rating></Rating>
  <RatingCount>0</RatingCount>
  <SeasonNumber>0</SeasonNumber>
  <Writer></Writer>
  <absolute_number></absolute_number>
  <airsafter_season></airsafter_season>
  <airsbefore_episode></airsbefore_episode>
  <airsbefore_season></airsbefore_season>
  <filename></filename>
  <lastupdated>1323121966</lastupdated>
  <seasonid>18035</seasonid>
  <seriesid>70566</seriesid>
</Episode>
<Episode>
  <id>3049351</id>
  <Combined_episodenumber>0</Combined_episodenumber>
  <Combined_season>0</Combined_season>
  <DVD_chapter></DVD_chapter>
  <DVD_discid></DVD_discid>
  <DVD_episodenumber></DVD_episodenumber>
  <DVD_season></DVD_season>
  <Director></Director>
  <EpImgFlag></EpImgFlag>
  <EpisodeName></EpisodeName>
  <EpisodeNumber>0</EpisodeNumber>
  <FirstAired></FirstAired>
  <GuestStars></GuestStars>
  <IMDB_ID></IMDB_ID>
  <Language>en</Language>
  <Overview></Overview>
  <ProductionCode></ProductionCode>
  <Rating></Rating>
  <RatingCount>0</RatingCount>
  <SeasonNumber>0</SeasonNumber>
  <Writer></Writer>
  <absolute_number></absolute_number>
  <airsafter_season></airsafter_season>
  <airsbefore_episode></airsbefore_episode>
  <airsbefore_season></airsbefore_season>
  <filename></filename>
  <lastupdated>1323122220</lastupdated>
  <seasonid>18035</seasonid>
  <seriesid>70566</seriesid>
</Episode>
<Episode>
  <id>3752711</id>
  <Combined_episodenumber>0</Combined_episodenumber>
  <Combined_season>0</Combined_season>
  <DVD_chapter></DVD_chapter>
  <DVD_discid></DVD_discid>
  <DVD_episodenumber></DVD_episodenumber>
  <DVD_season></DVD_season>
  <Director></Director>
  <EpImgFlag></EpImgFlag>
  <EpisodeName></EpisodeName>
  <EpisodeNumber>0</EpisodeNumber>
  <FirstAired></FirstAired>
  <GuestStars></GuestStars>
  <IMDB_ID></IMDB_ID>
  <Language>en</Language>
  <Overview></Overview>
  <ProductionCode></ProductionCode>
  <Rating></Rating>
  <RatingCount>0</RatingCount>
  <SeasonNumber>0</SeasonNumber>
  <Writer></Writer>
  <absolute_number></absolute_number>
  <airsafter_season></airsafter_season>
  <airsbefore_episode></airsbefore_episode>
  <airsbefore_season></airsbefore_season>
  <filename></filename>
  <lastupdated>1323122128</lastupdated>
  <seasonid>18035</seasonid>
  <seriesid>70566</seriesid>
</Episode>
<Episode>
  <id>4206248</id>
  <Combined_episodenumber>0</Combined_episodenumber>
  <Combined_season>0</Combined_season>
  <DVD_chapter></DVD_chapter>
  <DVD_discid></DVD_discid>
  <DVD_episodenumber></DVD_episodenumber>
  <DVD_season></DVD_season>
  <Director></Director>
  <EpImgFlag></EpImgFlag>
  <EpisodeName></EpisodeName>
  <EpisodeNumber>0</EpisodeNumber>
  <FirstAired></FirstAired>
  <GuestStars></GuestStars>
  <IMDB_ID></IMDB_ID>
  <Language>en</Language>
  <Overview></Overview>
  <ProductionCode></ProductionCode>
  <Rating></Rating>
  <RatingCount>0</RatingCount>
  <SeasonNumber>0</SeasonNumber>
  <Writer></Writer>
  <absolute_number></absolute_number>
  <airsafter_season></airsafter_season>
  <airsbefore_episode></airsbefore_episode>
  <airsbefore_season></airsbefore_season>
  <filename></filename>
  <lastupdated>1323122425</lastupdated>
  <seasonid>18035</seasonid>
  <seriesid>70566</seriesid>
</Episode>
<Episode>
  <id>2209821</id>
  <Combined_episodenumber>0</Combined_episodenumber>
  <Combined_season>0</Combined_season>
  <DVD_chapter></DVD_chapter>
  <DVD_discid></DVD_discid>
  <DVD_episodenumber></DVD_episodenumber>
  <DVD_season></DVD_season>
  <Director></Director>
  <EpImgFlag>2</EpImgFlag>
  <EpisodeName>NO DVD EXTRAS, READ THE RULES!</EpisodeName>
  <EpisodeNumber>0</EpisodeNumber>
  <FirstAired></FirstAired>
  <GuestStars></GuestStars>
  <IMDB_ID></IMDB_ID>
  <Language>en</Language>
  <Overview></Overview>
  <ProductionCode></ProductionCode>
  <Rating></Rating>
  <RatingCount>0</RatingCount>
  <SeasonNumber>0</SeasonNumber>
  <Writer></Writer>
  <absolute_number></absolute_number>
  <airsafter_season></airsafter_season>
  <airsbefore_episode></airsbefore_episode>
  <airsbefore_season></airsbefore_season>
  <filename>episodes/70566/2209821.jpg</filename>
  <lastupdated>1323126700</lastupdated>
  <seasonid>18035</seasonid>
  <seriesid>70566</seriesid>
</Episode>
<Episode>
  <id>337776</id>
  <Combined_episodenumber>0</Combined_episodenumber>
  <Combined_season>0</Combined_season>
  <DVD_chapter></DVD_chapter>
  <DVD_discid></DVD_discid>
  <DVD_episodenumber></DVD_episodenumber>
  <DVD_season></DVD_season>
  <Director></Director>
  <EpImgFlag>1</EpImgFlag>
  <EpisodeName>NO DVD EXTRAS, READ THE RULES!</EpisodeName>
  <EpisodeNumber>0</EpisodeNumber>
  <FirstAired></FirstAired>
  <GuestStars></GuestStars>
  <IMDB_ID></IMDB_ID>
  <Language>en</Language>
  <Overview></Overview>
  <ProductionCode></ProductionCode>
  <Rating></Rating>
  <RatingCount>0</RatingCount>
  <SeasonNumber>0</SeasonNumber>
  <Writer></Writer>
  <absolute_number></absolute_number>
  <airsafter_season>6</airsafter_season>
  <airsbefore_episode></airsbefore_episode>
  <airsbefore_season></airsbefore_season>
  <filename>episodes/70566/337776.jpg</filename>
  <lastupdated>1323126691</lastupdated>
  <seasonid>18035</seasonid>
  <seriesid>70566</seriesid>
</Episode>
<Episode>
  <id>2162831</id>
  <Combined_episodenumber>1</Combined_episodenumber>
  <Combined_season>0</Combined_season>
  <DVD_chapter></DVD_chapter>
  <DVD_discid></DVD_discid>
  <DVD_episodenumber></DVD_episodenumber>
  <DVD_season></DVD_season>
  <Director></Director>
  <EpImgFlag>1</EpImgFlag>
  <EpisodeName>The Cart Boy (1995)</EpisodeName>
  <EpisodeNumber>1</EpisodeNumber>
  <FirstAired></FirstAired>
  <GuestStars></GuestStars>
  <IMDB_ID>tt0431676</IMDB_ID>
  <Language>en</Language>
  <Overview>A short film about the 'Cart Boy' who later became Bubbles in Trailer Park Boys. Also features Ricky and Jason (who later became Julian) as security guards.</Overview>
  <ProductionCode></ProductionCode>
  <Rating>6.5</Rating>
  <RatingCount>2</RatingCount>
  <SeasonNumber>0</SeasonNumber>
  <Writer></Writer>
  <absolute_number></absolute_number>
  <airsafter_season></airsafter_season>
  <airsbefore_episode>1</airsbefore_episode>
  <airsbefore_season>1</airsbefore_season>
  <filename>episodes/70566/2162831.jpg</filename>
  <lastupdated>1323094782</lastupdated>
  <seasonid>18035</seasonid>
  <seriesid>70566</seriesid>
</Episode>
<Episode>
  <id>4217137</id>
  <Combined_episodenumber>2</Combined_episodenumber>
  <Combined_season>0</Combined_season>
  <DVD_chapter></DVD_chapter>
  <DVD_discid></DVD_discid>
  <DVD_episodenumber></DVD_episodenumber>
  <DVD_season></DVD_season>
  <Director></Director>
  <EpImgFlag></EpImgFlag>
  <EpisodeName>One Last Shot (1998)</EpisodeName>
  <EpisodeNumber>2</EpisodeNumber>
  <FirstAired></FirstAired>
  <GuestStars></GuestStars>
  <IMDB_ID>tt0380601</IMDB_ID>
  <Language>en</Language>
  <Overview>Ricky, Julian and Mr. Lahey appeared for the very first time in this short film.</Overview>
  <ProductionCode></ProductionCode>
  <Rating></Rating>
  <RatingCount>0</RatingCount>
  <SeasonNumber>0</SeasonNumber>
  <Writer></Writer>
  <absolute_number></absolute_number>
  <airsafter_season></airsafter_season>
  <airsbefore_episode>1</airsbefore_episode>
  <airsbefore_season>1</airsbefore_season>
  <filename></filename>
  <lastupdated>1323094790</lastupdated>
  <seasonid>18035</seasonid>
  <seriesid>70566</seriesid>
</Episode>
<Episode>
  <id>375129</id>
  <Combined_episodenumber>3</Combined_episodenumber>
  <Combined_season>0</Combined_season>
  <DVD_chapter></DVD_chapter>
  <DVD_discid></DVD_discid>
  <DVD_episodenumber></DVD_episodenumber>
  <DVD_season></DVD_season>
  <Director>Mike Clattenburg</Director>
  <EpImgFlag>1</EpImgFlag>
  <EpisodeName>Trailer Park Boys - Pilot Film</EpisodeName>
  <EpisodeNumber>3</EpisodeNumber>
  <FirstAired>1999-07-15</FirstAired>
  <GuestStars></GuestStars>
  <IMDB_ID>tt0383678</IMDB_ID>
  <Language>en</Language>
  <Overview>After a psychic predicts his death, a small-time hoodlum named Julian hires a cheap documentary film crew to document the last few days of his mis-spent life. This is the film that pioneered the show of the same name.</Overview>
  <ProductionCode>Pilot</ProductionCode>
  <Rating>10.0</Rating>
  <RatingCount>1</RatingCount>
  <SeasonNumber>0</SeasonNumber>
  <Writer>|Robb Wells|John Paul Tremblay|Mike Clattenburg|</Writer>
  <absolute_number></absolute_number>
  <airsafter_season></airsafter_season>
  <airsbefore_episode>1</airsbefore_episode>
  <airsbefore_season>1</airsbefore_season>
  <filename>episodes/70566/375129.jpg</filename>
  <lastupdated>1347998614</lastupdated>
  <seasonid>18035</seasonid>
  <seriesid>70566</seriesid>
</Episode>
<Episode>
  <id>337774</id>
  <Combined_episodenumber>4</Combined_episodenumber>
  <Combined_season>0</Combined_season>
  <DVD_chapter></DVD_chapter>
  <DVD_discid></DVD_discid>
  <DVD_episodenumber></DVD_episodenumber>
  <DVD_season></DVD_season>
  <Director>Mike Clattenburg</Director>
  <EpImgFlag>1</EpImgFlag>
  <EpisodeName>Dear Santa Claus, Go Fuck Yourself</EpisodeName>
  <EpisodeNumber>4</EpisodeNumber>
  <FirstAired>2004-12-12</FirstAired>
  <GuestStars></GuestStars>
  <IMDB_ID></IMDB_ID>
  <Language>en</Language>
  <Overview>In this holiday prequel, it's 1997 and Sunnyvale Trailer Park is getting ready for the holiday season. Julian's got a great idea to make money this Christmas, Ricky gets confused between God and Santa, and Bubbles tries to get the Boys together for an annual Christmas bonfire.

Meanwhile, Mr. Lahey is thrilled because Christmas is the only day of the year that his wife Barb allows him to have a few drinks. Directed by series creator Mike Clattenburg, this hour-long special takes place before Jamie was J-Roc, before Randy and Lahey were a couple, and before the Shitmobile was missing a door.</Overview>
  <ProductionCode></ProductionCode>
  <Rating>8.0</Rating>
  <RatingCount>1</RatingCount>
  <SeasonNumber>0</SeasonNumber>
  <Writer>Mike Clattenburg</Writer>
  <absolute_number></absolute_number>
  <airsafter_season></airsafter_season>
  <airsbefore_episode></airsbefore_episode>
  <airsbefore_season></airsbefore_season>
  <filename>episodes/70566/337774.jpg</filename>
  <lastupdated>1356748744</lastupdated>
  <seasonid>18035</seasonid>
  <seriesid>70566</seriesid>
</Episode>
<Episode>
  <id>337775</id>
  <Combined_episodenumber>5</Combined_episodenumber>
  <Combined_season>0</Combined_season>
  <DVD_chapter></DVD_chapter>
  <DVD_discid></DVD_discid>
  <DVD_episodenumber></DVD_episodenumber>
  <DVD_season></DVD_season>
  <Director>Annemarie Cassidy</Director>
  <EpImgFlag>3</EpImgFlag>
  <EpisodeName>Hearts of Dartmouth: Life of a Trailer Park Girl</EpisodeName>
  <EpisodeNumber>5</EpisodeNumber>
  <FirstAired>2006-03-05</FirstAired>
  <GuestStars></GuestStars>
  <IMDB_ID></IMDB_ID>
  <Language>en</Language>
  <Overview>Hearts of Dartmouth is an hour-long documentary that offers unlimited access behind the tightly closed doors of Trailer Park Boys, the show that has captured the hearts of a continually expanding international fan base. The doc eschews self-congratulations and instead will ask if a small group of passionate people armed with irreverence and a strong distrust of authority can change the face of television production - and if so, at what price?

Directed by Annemarie Cassidy, a TPB crew member and wife of Trailer Park Boys creator/director Mike Clattenburg, Hearts of Dartmouth will offer a brutally honest yet intimate and personal look into the world and people who create Trailer Park Boys. However, Annemarie does not interview cast members, honouring the Trailer Park Boy mockumentary myth to never show a cast member out of character. Instead, she has spent hours piecing the TPB story together by interviewing the creators of this hit show - the people behind the scenes who struggle to get this groundbreaking series to air.</Overview>
  <ProductionCode></ProductionCode>
  <Rating>8.0</Rating>
  <RatingCount>2</RatingCount>
  <SeasonNumber>0</SeasonNumber>
  <Writer>|Annemarie Cassidy|Karen Wentzell|</Writer>
  <absolute_number></absolute_number>
  <airsafter_season></airsafter_season>
  <airsbefore_episode>1</airsbefore_episode>
  <airsbefore_season>6</airsbefore_season>
  <filename>episodes/70566/337775.jpg</filename>
  <lastupdated>1323094074</lastupdated>
  <seasonid>18035</seasonid>
  <seriesid>70566</seriesid>
</Episode>
<Episode>
  <id>384212</id>
  <Combined_episodenumber>6</Combined_episodenumber>
  <Combined_season>0</Combined_season>
  <DVD_chapter></DVD_chapter>
  <DVD_discid></DVD_discid>
  <DVD_episodenumber></DVD_episodenumber>
  <DVD_season></DVD_season>
  <Director>Mike Clattenburg</Director>
  <EpImgFlag>2</EpImgFlag>
  <EpisodeName>Trailer Park Boys: The Movie</EpisodeName>
  <EpisodeNumber>6</EpisodeNumber>
  <FirstAired>2006-10-06</FirstAired>
  <GuestStars></GuestStars>
  <IMDB_ID></IMDB_ID>
  <Language>en</Language>
  <Overview>The boys get arrested for robbing an ATM machine and spend 18 months in jail. When they get out, they decide to pull off &quot;The Big Dirty&quot; which is to steal a large amount of coins and quit their life of crime forever. This is a cinematic movie and is not filmed in the familiar mockumentary format of the TV series.</Overview>
  <ProductionCode></ProductionCode>
  <Rating>10.0</Rating>
  <RatingCount>1</RatingCount>
  <SeasonNumber>0</SeasonNumber>
  <Writer>Mike Clattenburg|Robb Wells</Writer>
  <absolute_number></absolute_number>
  <airsafter_season>6</airsafter_season>
  <airsbefore_episode></airsbefore_episode>
  <airsbefore_season></airsbefore_season>
  <filename>episodes/70566/384212.jpg</filename>
  <lastupdated>1249621571</lastupdated>
  <seasonid>18035</seasonid>
  <seriesid>70566</seriesid>
</Episode>
<Episode>
  <id>337777</id>
  <Combined_episodenumber>7</Combined_episodenumber>
  <Combined_season>0</Combined_season>
  <DVD_chapter></DVD_chapter>
  <DVD_discid></DVD_discid>
  <DVD_episodenumber></DVD_episodenumber>
  <DVD_season></DVD_season>
  <Director>Mike Clattenburg</Director>
  <EpImgFlag>1</EpImgFlag>
  <EpisodeName>Trailer Park Boys 101</EpisodeName>
  <EpisodeNumber>7</EpisodeNumber>
  <FirstAired>2007-04-08</FirstAired>
  <GuestStars></GuestStars>
  <IMDB_ID></IMDB_ID>
  <Language>en</Language>
  <Overview>From his unique perspective as not only a Trailer Park Boys fan but a guest star on one of its most popular episodes, Rush's Alex Lifeson guides the audience on an insider's tour of the world of Trailer Park Boys. Packed with hilarious clips from the first six seasons as well as producer interviews, this half-hour Showcase special is a must-see for not only fans of the hit series but for those who have been wondering what all the buzz is about.</Overview>
  <ProductionCode></ProductionCode>
  <Rating>10.0</Rating>
  <RatingCount>1</RatingCount>
  <SeasonNumber>0</SeasonNumber>
  <Writer></Writer>
  <absolute_number></absolute_number>
  <airsafter_season></airsafter_season>
  <airsbefore_episode>1</airsbefore_episode>
  <airsbefore_season>7</airsbefore_season>
  <filename>episodes/70566/337777.jpg</filename>
  <lastupdated>1345368181</lastupdated>
  <seasonid>18035</seasonid>
  <seriesid>70566</seriesid>
</Episode>
<Episode>
  <id>396701</id>
  <Combined_episodenumber>8</Combined_episodenumber>
  <Combined_season>0</Combined_season>
  <DVD_chapter></DVD_chapter>
  <DVD_discid></DVD_discid>
  <DVD_episodenumber></DVD_episodenumber>
  <DVD_season></DVD_season>
  <Director>Mike Clattenburg</Director>
  <EpImgFlag>2</EpImgFlag>
  <EpisodeName>Say Goodnight To The Bad Guys</EpisodeName>
  <EpisodeNumber>8</EpisodeNumber>
  <FirstAired>2008-12-07</FirstAired>
  <GuestStars></GuestStars>
  <IMDB_ID></IMDB_ID>
  <Language>en</Language>
  <Overview>The time is one year after the boys successful &quot;Train Scam&quot; on the Maine border. Since then, Julian has insisted that they lay low and not spend any of the money, but the time finally comes that the gang will get their cut of the job. However, the boys and their money are soon parted and they are broke again, and now that they are penniless they have to deal with Lahey who has a brilliant new plan to evict them from Sunnyvale forever.</Overview>
  <ProductionCode></ProductionCode>
  <Rating></Rating>
  <RatingCount>0</RatingCount>
  <SeasonNumber>0</SeasonNumber>
  <Writer>Mike Clattenburg</Writer>
  <absolute_number></absolute_number>
  <airsafter_season>7</airsafter_season>
  <airsbefore_episode></airsbefore_episode>
  <airsbefore_season></airsbefore_season>
  <filename>episodes/70566/396701.jpg</filename>
  <lastupdated>1323094354</lastupdated>
  <seasonid>18035</seasonid>
  <seriesid>70566</seriesid>
</Episode>
<Episode>
  <id>1318221</id>
  <Combined_episodenumber>9</Combined_episodenumber>
  <Combined_season>0</Combined_season>
  <DVD_chapter></DVD_chapter>
  <DVD_discid></DVD_discid>
  <DVD_episodenumber></DVD_episodenumber>
  <DVD_season></DVD_season>
  <Director>Mike Clattenburg</Director>
  <EpImgFlag>3</EpImgFlag>
  <EpisodeName>Trailer Park Boys: Countdown to Liquor Day</EpisodeName>
  <EpisodeNumber>9</EpisodeNumber>
  <FirstAired>2009-09-25</FirstAired>
  <GuestStars></GuestStars>
  <IMDB_ID>tt1337032</IMDB_ID>
  <Language>en</Language>
  <Overview>Ricky, Julian and Bubbles are about to get out of jail, and this time, Julian vows to go straight, even open a legit business. Soon the Boys will all be rich. At least that's what they've told the parole board. But when they arrive back at the park, they find it's not the same old Sunnyvale - and it's not the same old Jim Lahey, Trailer Park Supervisor. Lahey's a new man, hasn't had a drink for two years. And he has plans - BIG PLANS - for Sunnyvale. But unfortunately for Lahey, Julian stands in his way. With his big plans for Sunnyvale going down the toilet, his relationship with Randy broken down, and having the Boys back in the park is all way too much pressure for him to bear. For Jim Lahey, the countdown to liquor day is on. Meanwhile, Julian's having problems of his own and the Boys are forced to resort to doing what they know best - breaking the law. Lahey's descent into the liquor coupled with the Boys descent into crime puts them all on a collision course to mayhem and destruction.</Overview>
  <ProductionCode></ProductionCode>
  <Rating>8.5</Rating>
  <RatingCount>2</RatingCount>
  <SeasonNumber>0</SeasonNumber>
  <Writer></Writer>
  <absolute_number></absolute_number>
  <airsafter_season>7</airsafter_season>
  <airsbefore_episode></airsbefore_episode>
  <airsbefore_season></airsbefore_season>
  <filename>episodes/70566/1318221.jpg</filename>
  <lastupdated>1323094368</lastupdated>
  <seasonid>18035</seasonid>
  <seriesid>70566</seriesid>
</Episode>
<Episode>
  <id>12553</id>
  <Combined_episodenumber>1</Combined_episodenumber>
  <Combined_season>1</Combined_season>
  <DVD_chapter></DVD_chapter>
  <DVD_discid></DVD_discid>
  <DVD_episodenumber></DVD_episodenumber>
  <DVD_season></DVD_season>
  <Director>Mike Clattenburg</Director>
  <EpImgFlag>1</EpImgFlag>
  <EpisodeName>Take Your Little Gun and Get Out of My Trailer Park</EpisodeName>
  <EpisodeNumber>1</EpisodeNumber>
  <FirstAired>2001-04-22</FirstAired>
  <GuestStars></GuestStars>
  <IMDB_ID></IMDB_ID>
  <Language>en</Language>
  <Overview>After 18 months in jail, our Trailer Park Boys, Ricky and Julian , head back home to Sunnyvale Trailer Park aiming to get their lives back together again. The problem is that neither Ricky's fiancee Lucy nor his dad Ray will let him back into their homes, and some guy named Cyrus has moved into Julian's trailer, having crowned himself the new &quot;King of the Park.&quot;</Overview>
  <ProductionCode></ProductionCode>
  <Rating>7.9</Rating>
  <RatingCount>14</RatingCount>
  <SeasonNumber>1</SeasonNumber>
  <Writer>Mike Clattenburg</Writer>
  <absolute_number></absolute_number>
  <filename>episodes/70566/12553.jpg</filename>
  <lastupdated>1277119406</lastupdated>
  <seasonid>540</seasonid>
  <seriesid>70566</seriesid>
</Episode>
<Episode>
  <id>12554</id>
  <Combined_episodenumber>2</Combined_episodenumber>
  <Combined_season>1</Combined_season>
  <DVD_chapter></DVD_chapter>
  <DVD_discid></DVD_discid>
  <DVD_episodenumber></DVD_episodenumber>
  <DVD_season></DVD_season>
  <Director></Director>
  <EpImgFlag>1</EpImgFlag>
  <EpisodeName>Fuck Community College, Let's Get Drunk and Eat Chicken Fingers</EpisodeName>
  <EpisodeNumber>2</EpisodeNumber>
  <FirstAired>2001-04-29</FirstAired>
  <GuestStars></GuestStars>
  <IMDB_ID></IMDB_ID>
  <Language>en</Language>
  <Overview>Fed up with all their demands and complaints, Julian tells everyone that he is leaving the trailer park. Ricky, who has been living in Julian's car on his front lawn, has one week to find a new place to live. Mr. Lahey, the trailer park supervisor, is thrilled to hear of Julian's imminent departure but when he hears that Ricky won't be leaving too, his worst nightmare seems about to come true.</Overview>
  <ProductionCode></ProductionCode>
  <Rating>7.6</Rating>
  <RatingCount>13</RatingCount>
  <SeasonNumber>1</SeasonNumber>
  <Writer></Writer>
  <absolute_number></absolute_number>
  <filename>episodes/70566/12554.jpg</filename>
  <lastupdated>1277119410</lastupdated>
  <seasonid>540</seasonid>
  <seriesid>70566</seriesid>
</Episode>
<Episode>
  <id>12555</id>
  <Combined_episodenumber>3</Combined_episodenumber>
  <Combined_season>1</Combined_season>
  <DVD_chapter></DVD_chapter>
  <DVD_discid></DVD_discid>
  <DVD_episodenumber></DVD_episodenumber>
  <DVD_season></DVD_season>
  <Director>Mike Clattenburg</Director>
  <EpImgFlag>1</EpImgFlag>
  <EpisodeName>Mr. Lahey's Got My Porno Tape</EpisodeName>
  <EpisodeNumber>3</EpisodeNumber>
  <FirstAired>2001-04-29</FirstAired>
  <GuestStars>|Jeremiah Sparks|</GuestStars>
  <IMDB_ID></IMDB_ID>
  <Language>en</Language>
  <Overview>In desperate need of $2,000 to buy some hydroponics gear for his dope-growing business, Ricky reluctantly agrees to star in one of J-Rock's amateur porn films to be shot in J-Rock's trailer. Ricky, however, isn't quite up to the task, and the video, entitled &quot;From Russia With The Love Bone&quot;, eventually winds up in Mr. Lahey's possession. Julian must convince Lahey that using the tape against Ricky would not be in Lahey's best interest.</Overview>
  <ProductionCode></ProductionCode>
  <Rating>7.8</Rating>
  <RatingCount>11</RatingCount>
  <SeasonNumber>1</SeasonNumber>
  <Writer>Mike Clattenburg</Writer>
  <absolute_number></absolute_number>
  <filename>episodes/70566/12555.jpg</filename>
  <lastupdated>1277119415</lastupdated>
  <seasonid>540</seasonid>
  <seriesid>70566</seriesid>
</Episode>
<Episode>
  <id>12556</id>
  <Combined_episodenumber>4</Combined_episodenumber>
  <Combined_season>1</Combined_season>
  <DVD_chapter></DVD_chapter>
  <DVD_discid></DVD_discid>
  <DVD_episodenumber></DVD_episodenumber>
  <DVD_season></DVD_season>
  <Director>Mike Clattenburg</Director>
  <EpImgFlag>1</EpImgFlag>
  <EpisodeName>Mrs. Peterson's Dog Gets Fucked Up</EpisodeName>
  <EpisodeNumber>4</EpisodeNumber>
  <FirstAired>2001-05-06</FirstAired>
  <GuestStars>|Linda Busby| Angelique Jensen| Tara Doyle|</GuestStars>
  <IMDB_ID></IMDB_ID>
  <Language>en</Language>
  <Overview>While babysitting both Trinity and Mrs. Peterson's dog, Ricky accidentally gets shot and the dog devours a tray of hash brownies. A vet treats both the dog and Ricky. In order to pay the vet, Ricky and Julian must repossess a lawn tractor owned by a former patient who hasn't paid the vet's bill. The Boys successfully recover the tractor -- but not before Ricky gets shot for the second time that day.</Overview>
  <ProductionCode></ProductionCode>
  <Rating>7.6</Rating>
  <RatingCount>8</RatingCount>
  <SeasonNumber>1</SeasonNumber>
  <Writer>Mike Clattenburg</Writer>
  <absolute_number></absolute_number>
  <filename>episodes/70566/12556.jpg</filename>
  <lastupdated>1277119421</lastupdated>
  <seasonid>540</seasonid>
  <seriesid>70566</seriesid>
</Episode>
<Episode>
  <id>12557</id>
  <Combined_episodenumber>5</Combined_episodenumber>
  <Combined_season>1</Combined_season>
  <DVD_chapter></DVD_chapter>
  <DVD_discid></DVD_discid>
  <DVD_episodenumber></DVD_episodenumber>
  <DVD_season></DVD_season>
  <Director>Mike Clattenburg</Director>
  <EpImgFlag>1</EpImgFlag>
  <EpisodeName>I'm Not Gay, I Love Lucy... Wait a Second, Maybe I am Gay</EpisodeName>
  <EpisodeNumber>5</EpisodeNumber>
  <FirstAired>2001-05-13</FirstAired>
  <GuestStars>|Jarrett  Murphy| Alma  Godwin| Craig Wood| Sam Tarasco|</GuestStars>
  <IMDB_ID></IMDB_ID>
  <Language>en</Language>
  <Overview>With Ricky's life still a mess, Julian tries to convince him that it's time to marry Lucy. Reluctant at first, Ricky changes his mind when Julian suggests that people will always think that Ricky is gay unless he marries Lucy. Julian's engagement present to Ricky is the '76 New Yorker, which for weeks was up on blocks in his front yard, and is now made operational thanks to a few purloined replacement parts.</Overview>
  <ProductionCode></ProductionCode>
  <Rating>7.9</Rating>
  <RatingCount>8</RatingCount>
  <SeasonNumber>1</SeasonNumber>
  <Writer>Mike Clattenburg</Writer>
  <absolute_number></absolute_number>
  <filename>episodes/70566/12557.jpg</filename>
  <lastupdated>1277119427</lastupdated>
  <seasonid>540</seasonid>
  <seriesid>70566</seriesid>
</Episode>
<Episode>
  <id>12558</id>
  <Combined_episodenumber>6</Combined_episodenumber>
  <Combined_season>1</Combined_season>
  <DVD_chapter></DVD_chapter>
  <DVD_discid></DVD_discid>
  <DVD_episodenumber></DVD_episodenumber>
  <DVD_season></DVD_season>
  <Director>Mike Clattenburg</Director>
  <EpImgFlag>1</EpImgFlag>
  <EpisodeName>Who the Hell Invited These Idiots to My Wedding?</EpisodeName>
  <EpisodeNumber>6</EpisodeNumber>
  <FirstAired>2001-05-20</FirstAired>
  <GuestStars>|Aaron   Armstrong|</GuestStars>
  <IMDB_ID></IMDB_ID>
  <Language>en</Language>
  <Overview>Lucy insists that Julian take over the job of organizing her wedding: which is odd since Julian isn't the groom, Ricky is. She wants lots of people and lots of food. The people part will be easy but getting that much food will be difficult on a tight budget. Julian's plan to hit a local grocery store runs into a snag when Ricky unexpectedly shows up in the middle of the heist. Shots are fired. The next day, the cops show up uninvited to the wedding.</Overview>
  <ProductionCode></ProductionCode>
  <Rating>7.6</Rating>
  <RatingCount>7</RatingCount>
  <SeasonNumber>1</SeasonNumber>
  <Writer>Mike Clattenburg</Writer>
  <absolute_number></absolute_number>
  <filename>episodes/70566/12558.jpg</filename>
  <lastupdated>1277119432</lastupdated>
  <seasonid>540</seasonid>
  <seriesid>70566</seriesid>
</Episode>
<Episode>
  <id>12559</id>
  <Combined_episodenumber>1</Combined_episodenumber>
  <Combined_season>2</Combined_season>
  <DVD_chapter></DVD_chapter>
  <DVD_discid></DVD_discid>
  <DVD_episodenumber></DVD_episodenumber>
  <DVD_season></DVD_season>
  <Director>Mike Clattenburg</Director>
  <EpImgFlag>1</EpImgFlag>
  <EpisodeName>What in the Fuck Happened to Our Trailer Park?</EpisodeName>
  <EpisodeNumber>1</EpisodeNumber>
  <FirstAired>2002-06-23</FirstAired>
  <GuestStars>|Jarret Murphy|Blain Morris|Iain MacLeod|Kim Dunn|</GuestStars>
  <IMDB_ID></IMDB_ID>
  <Language>en</Language>
  <Overview>When Ricky gets a job as a mall security guard, he puts Julian's dope-growing operation at risk and tries to arrest Bubbles for stealing shopping carts.</Overview>
  <ProductionCode></ProductionCode>
  <Rating>7.7</Rating>
  <RatingCount>9</RatingCount>
  <SeasonNumber>2</SeasonNumber>
  <Writer>Mike Clattenburg</Writer>
  <absolute_number></absolute_number>
  <filename>episodes/70566/12559.jpg</filename>
  <lastupdated>1277119438</lastupdated>
  <seasonid>541</seasonid>
  <seriesid>70566</seriesid>
</Episode>
<Episode>
  <id>12560</id>
  <Combined_episodenumber>2</Combined_episodenumber>
  <Combined_season>2</Combined_season>
  <DVD_chapter></DVD_chapter>
  <DVD_discid></DVD_discid>
  <DVD_episodenumber></DVD_episodenumber>
  <DVD_season></DVD_season>
  <Director>Mike Clattenburg</Director>
  <EpImgFlag>1</EpImgFlag>
  <EpisodeName>Jim Lahey Is a Drunk Bastard</EpisodeName>
  <EpisodeNumber>2</EpisodeNumber>
  <FirstAired>2002-06-30</FirstAired>
  <GuestStars>|Doug Barron|</GuestStars>
  <IMDB_ID></IMDB_ID>
  <Language>en</Language>
  <Overview>Julian and Ricky have to make sure that Jim Lahey wins the election for trailer park supervisor over their archrival Sam Losco.</Overview>
  <ProductionCode></ProductionCode>
  <Rating>7.5</Rating>
  <RatingCount>8</RatingCount>
  <SeasonNumber>2</SeasonNumber>
  <Writer>Mike Clattenburg</Writer>
  <absolute_number></absolute_number>
  <filename>episodes/70566/12560.jpg</filename>
  <lastupdated>1277119446</lastupdated>
  <seasonid>541</seasonid>
  <seriesid>70566</seriesid>
</Episode>
<Episode>
  <id>12561</id>
  <Combined_episodenumber>3</Combined_episodenumber>
  <Combined_season>2</Combined_season>
  <DVD_chapter></DVD_chapter>
  <DVD_discid></DVD_discid>
  <DVD_episodenumber></DVD_episodenumber>
  <DVD_season></DVD_season>
  <Director>Mike Clattenburg</Director>
  <EpImgFlag>1</EpImgFlag>
  <EpisodeName>I've Met Cats and Dogs Smarter Than Trevor and Cory</EpisodeName>
  <EpisodeNumber>3</EpisodeNumber>
  <FirstAired>2002-07-07</FirstAired>
  <GuestStars>|Robert   Klingerman| Bill Jessome|</GuestStars>
  <IMDB_ID></IMDB_ID>
  <Language>en</Language>
  <Overview>Needing extra cash to expand their dope operation, Julian and Ricky open a bar and casino in J-ROC's trailer.</Overview>
  <ProductionCode></ProductionCode>
  <Rating>7.6</Rating>
  <RatingCount>9</RatingCount>
  <SeasonNumber>2</SeasonNumber>
  <Writer>Mike Clattenburg</Writer>
  <absolute_number></absolute_number>
  <filename>episodes/70566/12561.jpg</filename>
  <lastupdated>1277119456</lastupdated>
  <seasonid>541</seasonid>
  <seriesid>70566</seriesid>
</Episode>
<Episode>
  <id>12562</id>
  <Combined_episodenumber>4</Combined_episodenumber>
  <Combined_season>2</Combined_season>
  <DVD_chapter></DVD_chapter>
  <DVD_discid></DVD_discid>
  <DVD_episodenumber></DVD_episodenumber>
  <DVD_season></DVD_season>
  <Director>Mike Clattenburg</Director>
  <EpImgFlag>1</EpImgFlag>
  <EpisodeName>A Dope Trailer Is No Place for a Kitty</EpisodeName>
  <EpisodeNumber>4</EpisodeNumber>
  <FirstAired>2002-07-14</FirstAired>
  <GuestStars>|Joanne  Hagen|</GuestStars>
  <IMDB_ID></IMDB_ID>
  <Language>en</Language>
  <Overview>When their dope plants become infested with insects, Ricky and Julian quarantine the surviving crop in Bubbles' shed, leading to a fiery conclusion.</Overview>
  <ProductionCode></ProductionCode>
  <Rating>7.1</Rating>
  <RatingCount>7</RatingCount>
  <SeasonNumber>2</SeasonNumber>
  <Writer>Mike Clattenburg</Writer>
  <absolute_number></absolute_number>
  <filename>episodes/70566/12562.jpg</filename>
  <lastupdated>1277119462</lastupdated>
  <seasonid>541</seasonid>
  <seriesid>70566</seriesid>
</Episode>
<Episode>
  <id>12563</id>
  <Combined_episodenumber>5</Combined_episodenumber>
  <Combined_season>2</Combined_season>
  <DVD_chapter></DVD_chapter>
  <DVD_discid></DVD_discid>
  <DVD_episodenumber></DVD_episodenumber>
  <DVD_season></DVD_season>
  <Director>Mike Clattenburg</Director>
  <EpImgFlag>1</EpImgFlag>
  <EpisodeName>The Bible Pimp</EpisodeName>
  <EpisodeNumber>5</EpisodeNumber>
  <FirstAired>2002-07-21</FirstAired>
  <GuestStars>|Brian Green| Jacob   Rolfe| Tania Rudolph|</GuestStars>
  <IMDB_ID></IMDB_ID>
  <Language>en</Language>
  <Overview>Ricky's worst suspicions are realized when Julian falls for the daughter of a traveling Bible Salesman.</Overview>
  <ProductionCode></ProductionCode>
  <Rating>7.3</Rating>
  <RatingCount>8</RatingCount>
  <SeasonNumber>2</SeasonNumber>
  <Writer>Mike Clattenburg</Writer>
  <absolute_number></absolute_number>
  <filename>episodes/70566/12563.jpg</filename>
  <lastupdated>1277119468</lastupdated>
  <seasonid>541</seasonid>
  <seriesid>70566</seriesid>
</Episode>
<Episode>
  <id>12564</id>
  <Combined_episodenumber>6</Combined_episodenumber>
  <Combined_season>2</Combined_season>
  <DVD_chapter></DVD_chapter>
  <DVD_discid></DVD_discid>
  <DVD_episodenumber></DVD_episodenumber>
  <DVD_season></DVD_season>
  <Director>Mike Clattenburg</Director>
  <EpImgFlag>1</EpImgFlag>
  <EpisodeName>Never Trust a Man with No Shirt On</EpisodeName>
  <EpisodeNumber>6</EpisodeNumber>
  <FirstAired>2002-07-28</FirstAired>
  <GuestStars>|Brian Green|</GuestStars>
  <IMDB_ID></IMDB_ID>
  <Language>en</Language>
  <Overview>After a big blowout with his boss, Randy quits his job and joins Julian and Ricky in their life of crime.</Overview>
  <ProductionCode></ProductionCode>
  <Rating>7.7</Rating>
  <RatingCount>6</RatingCount>
  <SeasonNumber>2</SeasonNumber>
  <Writer>Mike Clattenburg</Writer>
  <absolute_number></absolute_number>
  <filename>episodes/70566/12564.jpg</filename>
  <lastupdated>1277119476</lastupdated>
  <seasonid>541</seasonid>
  <seriesid>70566</seriesid>
</Episode>
<Episode>
  <id>12565</id>
  <Combined_episodenumber>7</Combined_episodenumber>
  <Combined_season>2</Combined_season>
  <DVD_chapter></DVD_chapter>
  <DVD_discid></DVD_discid>
  <DVD_episodenumber></DVD_episodenumber>
  <DVD_season></DVD_season>
  <Director>Mike Clattenburg</Director>
  <EpImgFlag>1</EpImgFlag>
  <EpisodeName>The Bare Pimp Project</EpisodeName>
  <EpisodeNumber>7</EpisodeNumber>
  <FirstAired>2002-08-04</FirstAired>
  <GuestStars>|Annemarie  Cassidy| Lara  Cassidy| Shuan R Clarke| Brian Green| Nicole   McLean| Celia Alida   Rutte| Michael Volpe|</GuestStars>
  <IMDB_ID></IMDB_ID>
  <Language>en</Language>
  <Overview>With their dope-filled Airstream trailer in tow, Julian, Ricky and Bubbles lead a convoy of police cars in a long chase through the countryside as a police helicopter circles overhead.</Overview>
  <ProductionCode></ProductionCode>
  <Rating>8.0</Rating>
  <RatingCount>6</RatingCount>
  <SeasonNumber>2</SeasonNumber>
  <Writer>Mike Clattenburg</Writer>
  <absolute_number></absolute_number>
  <filename>episodes/70566/12565.jpg</filename>
  <lastupdated>1277119483</lastupdated>
  <seasonid>541</seasonid>
  <seriesid>70566</seriesid>
</Episode>
<Episode>
  <id>12566</id>
  <Combined_episodenumber>1</Combined_episodenumber>
  <Combined_season>3</Combined_season>
  <DVD_chapter></DVD_chapter>
  <DVD_discid></DVD_discid>
  <DVD_episodenumber></DVD_episodenumber>
  <DVD_season></DVD_season>
  <Director>Mike Clattenburg</Director>
  <EpImgFlag>1</EpImgFlag>
  <EpisodeName>Kiss of Freedom</EpisodeName>
  <EpisodeNumber>1</EpisodeNumber>
  <FirstAired>2003-04-20</FirstAired>
  <GuestStars>|Brian Heighton| Mauralea Austin|</GuestStars>
  <IMDB_ID></IMDB_ID>
  <Language>en</Language>
  <Overview>Ricky and Julian get out of prison rich men but Ricky kisses it all away in the end.</Overview>
  <ProductionCode></ProductionCode>
  <Rating>7.8</Rating>
  <RatingCount>6</RatingCount>
  <SeasonNumber>3</SeasonNumber>
  <Writer>Mike Clattenburg</Writer>
  <absolute_number></absolute_number>
  <filename>episodes/70566/12566.jpg</filename>
  <lastupdated>1277119275</lastupdated>
  <seasonid>542</seasonid>
  <seriesid>70566</seriesid>
</Episode>
<Episode>
  <id>12567</id>
  <Combined_episodenumber>2</Combined_episodenumber>
  <Combined_season>3</Combined_season>
  <DVD_chapter></DVD_chapter>
  <DVD_discid></DVD_discid>
  <DVD_episodenumber></DVD_episodenumber>
  <DVD_season></DVD_season>
  <Director>Mike Clattenburg</Director>
  <EpImgFlag>1</EpImgFlag>
  <EpisodeName>Temporary Relief Assistant Trailer Park Supervisor</EpisodeName>
  <EpisodeNumber>2</EpisodeNumber>
  <FirstAired>2003-04-27</FirstAired>
  <GuestStars>|Jacob   Rolfe|</GuestStars>
  <IMDB_ID></IMDB_ID>
  <Language>en</Language>
  <Overview>Ricky's job as Temporary Relief Assistant Trailer Park Supervisor threatens to blow the cover on Julian's bootleg vodka operation.</Overview>
  <ProductionCode></ProductionCode>
  <Rating>7.6</Rating>
  <RatingCount>5</RatingCount>
  <SeasonNumber>3</SeasonNumber>
  <Writer>Mike Clattenburg</Writer>
  <absolute_number></absolute_number>
  <filename>episodes/70566/12567.jpg</filename>
  <lastupdated>1277119250</lastupdated>
  <seasonid>542</seasonid>
  <seriesid>70566</seriesid>
</Episode>
<Episode>
  <id>12568</id>
  <Combined_episodenumber>3</Combined_episodenumber>
  <Combined_season>3</Combined_season>
  <DVD_chapter></DVD_chapter>
  <DVD_discid></DVD_discid>
  <DVD_episodenumber></DVD_episodenumber>
  <DVD_season></DVD_season>
  <Director>Mike Clattenburg</Director>
  <EpImgFlag>1</EpImgFlag>
  <EpisodeName>If I Can't Smoke and Swear I'm Fucked</EpisodeName>
  <EpisodeNumber>3</EpisodeNumber>
  <FirstAired>2003-05-04</FirstAired>
  <GuestStars>|Jennifer Overton| Jeremy Akerman|</GuestStars>
  <IMDB_ID></IMDB_ID>
  <Language>en</Language>
  <Overview>Ricky defends himself, Julian and Bubbles in court on charges of operating an illegal gas station</Overview>
  <ProductionCode></ProductionCode>
  <Rating>8.0</Rating>
  <RatingCount>6</RatingCount>
  <SeasonNumber>3</SeasonNumber>
  <Writer>Mike Clattenburg</Writer>
  <absolute_number></absolute_number>
  <filename>episodes/70566/12568.jpg</filename>
  <lastupdated>1277119695</lastupdated>
  <seasonid>542</seasonid>
  <seriesid>70566</seriesid>
</Episode>
<Episode>
  <id>12569</id>
  <Combined_episodenumber>4</Combined_episodenumber>
  <Combined_season>3</Combined_season>
  <DVD_chapter></DVD_chapter>
  <DVD_discid></DVD_discid>
  <DVD_episodenumber></DVD_episodenumber>
  <DVD_season></DVD_season>
  <Director>Mike Clattenburg</Director>
  <EpImgFlag>1</EpImgFlag>
  <EpisodeName>Who's the Microphone Assassin?</EpisodeName>
  <EpisodeNumber>4</EpisodeNumber>
  <FirstAired>2003-05-11</FirstAired>
  <GuestStars>|Linda Busby|</GuestStars>
  <IMDB_ID></IMDB_ID>
  <Language>en</Language>
  <Overview>Caught jacking more than just tunes, J-ROC tries to redeem himself by MC'ing a rap concert in the park.</Overview>
  <ProductionCode></ProductionCode>
  <Rating>7.8</Rating>
  <RatingCount>4</RatingCount>
  <SeasonNumber>3</SeasonNumber>
  <Writer>Mike Clattenburg</Writer>
  <absolute_number></absolute_number>
  <filename>episodes/70566/12569.jpg</filename>
  <lastupdated>1277119702</lastupdated>
  <seasonid>542</seasonid>
  <seriesid>70566</seriesid>
</Episode>
<Episode>
  <id>12570</id>
  <Combined_episodenumber>5</Combined_episodenumber>
  <Combined_season>3</Combined_season>
  <DVD_chapter></DVD_chapter>
  <DVD_discid></DVD_discid>
  <DVD_episodenumber></DVD_episodenumber>
  <DVD_season></DVD_season>
  <Director>Mike Clattenburg</Director>
  <EpImgFlag>1</EpImgFlag>
  <EpisodeName>Closer to the Heart</EpisodeName>
  <EpisodeNumber>5</EpisodeNumber>
  <FirstAired>2003-05-18</FirstAired>
  <GuestStars>|Alex Lifeson|</GuestStars>
  <IMDB_ID></IMDB_ID>
  <Language>en</Language>
  <Overview>Bubbles is so devastated about not getting tickets to the RUSH concert that Ricky decides to bring Alex Lifeson (Alex Lifeson) to the park to perform a private concert.</Overview>
  <ProductionCode></ProductionCode>
  <Rating>7.7</Rating>
  <RatingCount>6</RatingCount>
  <SeasonNumber>3</SeasonNumber>
  <Writer>Mike Clattenburg</Writer>
  <absolute_number></absolute_number>
  <filename>episodes/70566/12570.jpg</filename>
  <lastupdated>1277120021</lastupdated>
  <seasonid>542</seasonid>
  <seriesid>70566</seriesid>
</Episode>
<Episode>
  <id>12571</id>
  <Combined_episodenumber>6</Combined_episodenumber>
  <Combined_season>3</Combined_season>
  <DVD_chapter></DVD_chapter>
  <DVD_discid></DVD_discid>
  <DVD_episodenumber></DVD_episodenumber>
  <DVD_season></DVD_season>
  <Director>Mike Clattenburg</Director>
  <EpImgFlag>1</EpImgFlag>
  <EpisodeName>Where in the Fuck is Randy's Barbeque?</EpisodeName>
  <EpisodeNumber>6</EpisodeNumber>
  <FirstAired>2003-05-25</FirstAired>
  <GuestStars>|P.J Crosby| Joseph Rutten| Shauna MacDonald|</GuestStars>
  <IMDB_ID></IMDB_ID>
  <Language>en</Language>
  <Overview>Julian comes up with a plan to &quot;&quot;remarket&quot;&quot; barbeques.  Ricky thinks it's a good idea to get his daughter, Trinity, and her friends in the Junior Achievers' Program to steal the barbeques since they are minors and won't go to jail.</Overview>
  <ProductionCode></ProductionCode>
  <Rating>7.7</Rating>
  <RatingCount>3</RatingCount>
  <SeasonNumber>3</SeasonNumber>
  <Writer>Mike Clattenburg</Writer>
  <absolute_number></absolute_number>
  <filename>episodes/70566/12571.jpg</filename>
  <lastupdated>1303187098</lastupdated>
  <seasonid>542</seasonid>
  <seriesid>70566</seriesid>
</Episode>
<Episode>
  <id>12572</id>
  <Combined_episodenumber>7</Combined_episodenumber>
  <Combined_season>3</Combined_season>
  <DVD_chapter></DVD_chapter>
  <DVD_discid></DVD_discid>
  <DVD_episodenumber></DVD_episodenumber>
  <DVD_season></DVD_season>
  <Director>Mike Clattenburg</Director>
  <EpImgFlag>1</EpImgFlag>
  <EpisodeName>The Delusions of Officer Jim Lahey</EpisodeName>
  <EpisodeNumber>7</EpisodeNumber>
  <FirstAired>2003-06-01</FirstAired>
  <GuestStars>|Shauna MacDonald| Francine  Deschepper|</GuestStars>
  <IMDB_ID></IMDB_ID>
  <Language>en</Language>
  <Overview>Lahey looses his mind on the anniversary of his dismissal from the police force.  He puts on his old police uniform and tells everyone in the park that he is a police officer again.  He shoots at Ricky and ultimately imprisons Ricky and Julian in a homemade shed-jail.</Overview>
  <ProductionCode></ProductionCode>
  <Rating>7.8</Rating>
  <RatingCount>5</RatingCount>
  <SeasonNumber>3</SeasonNumber>
  <Writer>Mike Clattenburg</Writer>
  <absolute_number></absolute_number>
  <filename>episodes/70566/12572.jpg</filename>
  <lastupdated>1277119732</lastupdated>
  <seasonid>542</seasonid>
  <seriesid>70566</seriesid>
</Episode>
<Episode>
  <id>12573</id>
  <Combined_episodenumber>8</Combined_episodenumber>
  <Combined_season>3</Combined_season>
  <DVD_chapter></DVD_chapter>
  <DVD_discid></DVD_discid>
  <DVD_episodenumber></DVD_episodenumber>
  <DVD_season></DVD_season>
  <Director>Mike Clattenburg</Director>
  <EpImgFlag>1</EpImgFlag>
  <EpisodeName>A Shit Leopard Can't Change its Spots</EpisodeName>
  <EpisodeNumber>8</EpisodeNumber>
  <FirstAired>2003-06-08</FirstAired>
  <GuestStars>|Shauna MacDonald| Jacob   Rolfe|</GuestStars>
  <IMDB_ID></IMDB_ID>
  <Language>en</Language>
  <Overview>Ricky gets pissed off at Julian for inviting Officer Erica Miller on the cruise.</Overview>
  <ProductionCode></ProductionCode>
  <Rating>7.7</Rating>
  <RatingCount>6</RatingCount>
  <SeasonNumber>3</SeasonNumber>
  <Writer>Mike Clattenburg</Writer>
  <absolute_number></absolute_number>
  <filename>episodes/70566/12573.jpg</filename>
  <lastupdated>1326317765</lastupdated>
  <seasonid>542</seasonid>
  <seriesid>70566</seriesid>
</Episode>
<Episode>
  <id>12574</id>
  <Combined_episodenumber>1</Combined_episodenumber>
  <Combined_season>4</Combined_season>
  <DVD_chapter></DVD_chapter>
  <DVD_discid></DVD_discid>
  <DVD_episodenumber></DVD_episodenumber>
  <DVD_season></DVD_season>
  <Director>Mike Clattenburg</Director>
  <EpImgFlag>1</EpImgFlag>
  <EpisodeName>Never Cry Shitwolf</EpisodeName>
  <EpisodeNumber>1</EpisodeNumber>
  <FirstAired>2004-04-11</FirstAired>
  <GuestStars></GuestStars>
  <IMDB_ID></IMDB_ID>
  <Language>en</Language>
  <Overview>Julian gets out of jail only to discover that Ricky is the new supervisor of Sunnyvale Trailer Park. Ricky and his assistant, Bubbles, have been carrying out various illegal activities.</Overview>
  <ProductionCode></ProductionCode>
  <Rating>6.5</Rating>
  <RatingCount>11</RatingCount>
  <SeasonNumber>4</SeasonNumber>
  <Writer>Mike Clattenburg</Writer>
  <absolute_number></absolute_number>
  <filename>episodes/70566/12574.jpg</filename>
  <lastupdated>1277120034</lastupdated>
  <seasonid>543</seasonid>
  <seriesid>70566</seriesid>
</Episode>
<Episode>
  <id>12575</id>
  <Combined_episodenumber>2</Combined_episodenumber>
  <Combined_season>4</Combined_season>
  <DVD_chapter></DVD_chapter>
  <DVD_discid></DVD_discid>
  <DVD_episodenumber></DVD_episodenumber>
  <DVD_season></DVD_season>
  <Director>Mike Clattenburg</Director>
  <EpImgFlag>1</EpImgFlag>
  <EpisodeName>A Man's Gotta Eat</EpisodeName>
  <EpisodeNumber>2</EpisodeNumber>
  <FirstAired>2004-04-18</FirstAired>
  <GuestStars>|Shauna MacDonald| Paul MacLeod| Glen   Grant|</GuestStars>
  <IMDB_ID></IMDB_ID>
  <Language>en</Language>
  <Overview>Broke, trailerless and without rum, Julian decides to leave the park and ends up living in his car in an alley. Meanwhile, Randy will do anything for a store-bought cheeseburger.</Overview>
  <ProductionCode></ProductionCode>
  <Rating>7.7</Rating>
  <RatingCount>7</RatingCount>
  <SeasonNumber>4</SeasonNumber>
  <Writer>Mike Clattenburg</Writer>
  <absolute_number></absolute_number>
  <filename>episodes/70566/12575.jpg</filename>
  <lastupdated>1277120040</lastupdated>
  <seasonid>543</seasonid>
  <seriesid>70566</seriesid>
</Episode>
<Episode>
  <id>12576</id>
  <Combined_episodenumber>3</Combined_episodenumber>
  <Combined_season>4</Combined_season>
  <DVD_chapter></DVD_chapter>
  <DVD_discid></DVD_discid>
  <DVD_episodenumber></DVD_episodenumber>
  <DVD_season></DVD_season>
  <Director>Mike Clattenburg</Director>
  <EpImgFlag>1</EpImgFlag>
  <EpisodeName>Rub 'N Tiz'zug</EpisodeName>
  <EpisodeNumber>3</EpisodeNumber>
  <FirstAired>2004-04-25</FirstAired>
  <GuestStars>|Trina Hennick| Tara Doyle| Shwan  Duggan| Novalea  Buchan| Richard Collins|</GuestStars>
  <IMDB_ID></IMDB_ID>
  <Language>en</Language>
  <Overview>Julian, Ricky and Bubbles open a massage parlour in the park. J-Roc and DVS (Detroit Velvet Smooth) attempt to get J-Roc arrested to increase his &quot;&quot;street cred.&quot;&quot;</Overview>
  <ProductionCode></ProductionCode>
  <Rating>7.3</Rating>
  <RatingCount>6</RatingCount>
  <SeasonNumber>4</SeasonNumber>
  <Writer>Mike Clattenburg</Writer>
  <absolute_number></absolute_number>
  <filename>episodes/70566/12576.jpg</filename>
  <lastupdated>1277120045</lastupdated>
  <seasonid>543</seasonid>
  <seriesid>70566</seriesid>
</Episode>
<Episode>
  <id>12577</id>
  <Combined_episodenumber>4</Combined_episodenumber>
  <Combined_season>4</Combined_season>
  <DVD_chapter></DVD_chapter>
  <DVD_discid></DVD_discid>
  <DVD_episodenumber></DVD_episodenumber>
  <DVD_season></DVD_season>
  <Director>Mike Clattenburg</Director>
  <EpImgFlag>1</EpImgFlag>
  <EpisodeName>The Green Bastard</EpisodeName>
  <EpisodeNumber>4</EpisodeNumber>
  <FirstAired>2004-05-02</FirstAired>
  <GuestStars>|Jerry   Strum| Miles  Meili| Jeffrey  Jones|</GuestStars>
  <IMDB_ID></IMDB_ID>
  <Language>en</Language>
  <Overview>On a family fun day in the Park, Mr. Lahey plans to get his old supervisor job from Ricky. Bubbles wrestles under the alias, &quot;&quot;The Green Bastard&quot;&quot;.</Overview>
  <ProductionCode></ProductionCode>
  <Rating>7.6</Rating>
  <RatingCount>5</RatingCount>
  <SeasonNumber>4</SeasonNumber>
  <Writer>Mike Clattenburg</Writer>
  <absolute_number></absolute_number>
  <filename>episodes/70566/12577.jpg</filename>
  <lastupdated>1277120051</lastupdated>
  <seasonid>543</seasonid>
  <seriesid>70566</seriesid>
</Episode>
<Episode>
  <id>12578</id>
  <Combined_episodenumber>5</Combined_episodenumber>
  <Combined_season>4</Combined_season>
  <DVD_chapter></DVD_chapter>
  <DVD_discid></DVD_discid>
  <DVD_episodenumber></DVD_episodenumber>
  <DVD_season></DVD_season>
  <Director>Mike Clattenburg</Director>
  <EpImgFlag>1</EpImgFlag>
  <EpisodeName>Conky</EpisodeName>
  <EpisodeNumber>5</EpisodeNumber>
  <FirstAired>2004-05-09</FirstAired>
  <GuestStars>|Nicola Lipman| Sam  Tarasco| Ian Tench|</GuestStars>
  <IMDB_ID></IMDB_ID>
  <Language>en</Language>
  <Overview>Bubbles has an infected tooth and the only way to get him to a hospital is with the help of his old childhood friend: a ventriloquist doll named Conky.</Overview>
  <ProductionCode></ProductionCode>
  <Rating>7.7</Rating>
  <RatingCount>6</RatingCount>
  <SeasonNumber>4</SeasonNumber>
  <Writer>Mike Clattenburg</Writer>
  <absolute_number></absolute_number>
  <filename>episodes/70566/12578.jpg</filename>
  <lastupdated>1277120057</lastupdated>
  <seasonid>543</seasonid>
  <seriesid>70566</seriesid>
</Episode>
<Episode>
  <id>12579</id>
  <Combined_episodenumber>6</Combined_episodenumber>
  <Combined_season>4</Combined_season>
  <DVD_chapter></DVD_chapter>
  <DVD_discid></DVD_discid>
  <DVD_episodenumber></DVD_episodenumber>
  <DVD_season></DVD_season>
  <Director>Mike Clattenburg</Director>
  <EpImgFlag>1</EpImgFlag>
  <EpisodeName>If You Love Something, Set it Free</EpisodeName>
  <EpisodeNumber>6</EpisodeNumber>
  <FirstAired>2004-05-16</FirstAired>
  <GuestStars></GuestStars>
  <IMDB_ID></IMDB_ID>
  <Language>en</Language>
  <Overview>Bubbles befriends a dope-addicted mountain lion that has been eating weed from the Boys' marijuana fields..</Overview>
  <ProductionCode></ProductionCode>
  <Rating>7.3</Rating>
  <RatingCount>7</RatingCount>
  <SeasonNumber>4</SeasonNumber>
  <Writer>Mike Clattenburg</Writer>
  <absolute_number></absolute_number>
  <filename>episodes/70566/12579.jpg</filename>
  <lastupdated>1326315966</lastupdated>
  <seasonid>543</seasonid>
  <seriesid>70566</seriesid>
</Episode>
<Episode>
  <id>12580</id>
  <Combined_episodenumber>7</Combined_episodenumber>
  <Combined_season>4</Combined_season>
  <DVD_chapter></DVD_chapter>
  <DVD_discid></DVD_discid>
  <DVD_episodenumber></DVD_episodenumber>
  <DVD_season></DVD_season>
  <Director>Mike Clattenburg</Director>
  <EpImgFlag>1</EpImgFlag>
  <EpisodeName>Propane, Propane</EpisodeName>
  <EpisodeNumber>7</EpisodeNumber>
  <FirstAired>2004-05-23</FirstAired>
  <GuestStars>|Jon Loverin| Stan   Carew|</GuestStars>
  <IMDB_ID></IMDB_ID>
  <Language>en</Language>
  <Overview>The Boys are finally ready to harvest and sell their dope. Barb proposes to Ricky. Mr. Lahey goes off the deep end.</Overview>
  <ProductionCode></ProductionCode>
  <Rating>7.3</Rating>
  <RatingCount>6</RatingCount>
  <SeasonNumber>4</SeasonNumber>
  <Writer>Mike Clattenburg</Writer>
  <absolute_number></absolute_number>
  <filename>episodes/70566/12580.jpg</filename>
  <lastupdated>1277120071</lastupdated>
  <seasonid>543</seasonid>
  <seriesid>70566</seriesid>
</Episode>
<Episode>
  <id>12583</id>
  <Combined_episodenumber>8</Combined_episodenumber>
  <Combined_season>4</Combined_season>
  <DVD_chapter></DVD_chapter>
  <DVD_discid></DVD_discid>
  <DVD_episodenumber></DVD_episodenumber>
  <DVD_season></DVD_season>
  <Director></Director>
  <EpImgFlag>1</EpImgFlag>
  <EpisodeName>Working Man</EpisodeName>
  <EpisodeNumber>8</EpisodeNumber>
  <FirstAired>2004-05-30</FirstAired>
  <GuestStars></GuestStars>
  <IMDB_ID></IMDB_ID>
  <Language>en</Language>
  <Overview>The Trailer Park Boys race to harvest their dope field while Jim Lahey slowly goes crazy.</Overview>
  <ProductionCode></ProductionCode>
  <Rating>8.4</Rating>
  <RatingCount>5</RatingCount>
  <SeasonNumber>4</SeasonNumber>
  <Writer></Writer>
  <absolute_number></absolute_number>
  <filename>episodes/70566/12583.jpg</filename>
  <lastupdated>1338308387</lastupdated>
  <seasonid>543</seasonid>
  <seriesid>70566</seriesid>
</Episode>
<Episode>
  <id>12584</id>
  <Combined_episodenumber>1</Combined_episodenumber>
  <Combined_season>5</Combined_season>
  <DVD_chapter></DVD_chapter>
  <DVD_discid></DVD_discid>
  <DVD_episodenumber></DVD_episodenumber>
  <DVD_season></DVD_season>
  <Director>Mike Clattenburg</Director>
  <EpImgFlag>1</EpImgFlag>
  <EpisodeName>Give Peace a Chance</EpisodeName>
  <EpisodeNumber>1</EpisodeNumber>
  <FirstAired>2005-04-17</FirstAired>
  <GuestStars>|Jim   Swansburg| Fukuko  Saito| Novalea  Buchan| Nobu Adilman| Mio Adilman|</GuestStars>
  <IMDB_ID></IMDB_ID>
  <Language>en</Language>
  <Overview>The boys get out of jail only to find that Cory and Trevor messed up againâ€”they don't own the park after all. Ray is hooked on VLTs.</Overview>
  <ProductionCode>S05E01</ProductionCode>
  <Rating>7.5</Rating>
  <RatingCount>6</RatingCount>
  <SeasonNumber>5</SeasonNumber>
  <Writer>Mike Clattenburg</Writer>
  <absolute_number></absolute_number>
  <filename>episodes/70566/12584.jpg</filename>
  <lastupdated>1277119969</lastupdated>
  <seasonid>544</seasonid>
  <seriesid>70566</seriesid>
</Episode>
<Episode>
  <id>12585</id>
  <Combined_episodenumber>2</Combined_episodenumber>
  <Combined_season>5</Combined_season>
  <DVD_chapter></DVD_chapter>
  <DVD_discid></DVD_discid>
  <DVD_episodenumber></DVD_episodenumber>
  <DVD_season></DVD_season>
  <Director>Mike Clattenburg</Director>
  <EpImgFlag>1</EpImgFlag>
  <EpisodeName>The Shit Puppets</EpisodeName>
  <EpisodeNumber>2</EpisodeNumber>
  <FirstAired>2005-04-24</FirstAired>
  <GuestStars>|Fukuko  Saito| Nobu Adilman| Mio Adilman|</GuestStars>
  <IMDB_ID></IMDB_ID>
  <Language>en</Language>
  <Overview>Cory and Trevor start to work for Julian. The boys steal drugs from Cyrus and hatch a plan to hide it all until they can find a buyer.</Overview>
  <ProductionCode>S05E02</ProductionCode>
  <Rating>7.8</Rating>
  <RatingCount>4</RatingCount>
  <SeasonNumber>5</SeasonNumber>
  <Writer>Mike Clattenburg</Writer>
  <absolute_number></absolute_number>
  <filename>episodes/70566/12585.jpg</filename>
  <lastupdated>1277119962</lastupdated>
  <seasonid>544</seasonid>
  <seriesid>70566</seriesid>
</Episode>
<Episode>
  <id>12586</id>
  <Combined_episodenumber>3</Combined_episodenumber>
  <Combined_season>5</Combined_season>
  <DVD_chapter></DVD_chapter>
  <DVD_discid></DVD_discid>
  <DVD_episodenumber></DVD_episodenumber>
  <DVD_season></DVD_season>
  <Director>Mike Clattenburg</Director>
  <EpImgFlag>1</EpImgFlag>
  <EpisodeName>The Fuckin' Way She Goes</EpisodeName>
  <EpisodeNumber>3</EpisodeNumber>
  <FirstAired>2005-05-01</FirstAired>
  <GuestStars></GuestStars>
  <IMDB_ID></IMDB_ID>
  <Language>en</Language>
  <Overview>The boys hide all of the hash by using it to pave Ray's driveway. Ray's addiction to gambling and liquor gets worse. Ricky barbecues for his family with devastating effects.</Overview>
  <ProductionCode>S05E03</ProductionCode>
  <Rating>7.5</Rating>
  <RatingCount>4</RatingCount>
  <SeasonNumber>5</SeasonNumber>
  <Writer>Mike Clattenburg</Writer>
  <absolute_number></absolute_number>
  <filename>episodes/70566/12586.jpg</filename>
  <lastupdated>1277119955</lastupdated>
  <seasonid>544</seasonid>
  <seriesid>70566</seriesid>
</Episode>
<Episode>
  <id>12587</id>
  <Combined_episodenumber>4</Combined_episodenumber>
  <Combined_season>5</Combined_season>
  <DVD_chapter></DVD_chapter>
  <DVD_discid></DVD_discid>
  <DVD_episodenumber></DVD_episodenumber>
  <DVD_season></DVD_season>
  <Director>Mike Clattenburg</Director>
  <EpImgFlag>1</EpImgFlag>
  <EpisodeName>You Got to Blame the Thing Up Here</EpisodeName>
  <EpisodeNumber>4</EpisodeNumber>
  <FirstAired>2005-05-08</FirstAired>
  <GuestStars></GuestStars>
  <IMDB_ID></IMDB_ID>
  <Language>en</Language>
  <Overview>The boys find ways to help Ray now that his trailer has burned down. Bubbles realizes that the fire was not his fault.</Overview>
  <ProductionCode>S05E04</ProductionCode>
  <Rating>7.3</Rating>
  <RatingCount>4</RatingCount>
  <SeasonNumber>5</SeasonNumber>
  <Writer>Mike Clattenburg</Writer>
  <absolute_number></absolute_number>
  <filename>episodes/70566/12587.jpg</filename>
  <lastupdated>1277119946</lastupdated>
  <seasonid>544</seasonid>
  <seriesid>70566</seriesid>
</Episode>
<Episode>
  <id>12588</id>
  <Combined_episodenumber>5</Combined_episodenumber>
  <Combined_season>5</Combined_season>
  <DVD_chapter></DVD_chapter>
  <DVD_discid></DVD_discid>
  <DVD_episodenumber></DVD_episodenumber>
  <DVD_season></DVD_season>
  <Director>Mike Clattenburg</Director>
  <EpImgFlag>1</EpImgFlag>
  <EpisodeName>Jim Lahey is a Fuckin' Drunk and He Always Will Be</EpisodeName>
  <EpisodeNumber>5</EpisodeNumber>
  <FirstAired>2005-05-15</FirstAired>
  <GuestStars>|Iain  MacLeod|</GuestStars>
  <IMDB_ID></IMDB_ID>
  <Language>en</Language>
  <Overview>Bubbles pretends to be a spaceman when the boys buy a rocket set. Ray reveals Lahey's secret and Lahey goes off the deep end.</Overview>
  <ProductionCode>S05E05</ProductionCode>
  <Rating>7.8</Rating>
  <RatingCount>4</RatingCount>
  <SeasonNumber>5</SeasonNumber>
  <Writer>Mike Clattenburg</Writer>
  <absolute_number></absolute_number>
  <filename>episodes/70566/12588.jpg</filename>
  <lastupdated>1277119940</lastupdated>
  <seasonid>544</seasonid>
  <seriesid>70566</seriesid>
</Episode>
<Episode>
  <id>12589</id>
  <Combined_episodenumber>6</Combined_episodenumber>
  <Combined_season>5</Combined_season>
  <DVD_chapter></DVD_chapter>
  <DVD_discid></DVD_discid>
  <DVD_episodenumber></DVD_episodenumber>
  <DVD_season></DVD_season>
  <Director>Mike Clattenburg</Director>
  <EpImgFlag>1</EpImgFlag>
  <EpisodeName>Don't Cross the Shit Line</EpisodeName>
  <EpisodeNumber>6</EpisodeNumber>
  <FirstAired>2005-05-22</FirstAired>
  <GuestStars></GuestStars>
  <IMDB_ID></IMDB_ID>
  <Language>en</Language>
  <Overview>The boys star in another one of J-Roc's greasy porn films. Randy and Lahey manage to get Ray arrested for disability fraud.</Overview>
  <ProductionCode>S05E06</ProductionCode>
  <Rating>8.0</Rating>
  <RatingCount>4</RatingCount>
  <SeasonNumber>5</SeasonNumber>
  <Writer>Mike Clattenburg</Writer>
  <absolute_number></absolute_number>
  <filename>episodes/70566/12589.jpg</filename>
  <lastupdated>1277119931</lastupdated>
  <seasonid>544</seasonid>
  <seriesid>70566</seriesid>
</Episode>
<Episode>
  <id>12590</id>
  <Combined_episodenumber>7</Combined_episodenumber>
  <Combined_season>5</Combined_season>
  <DVD_chapter></DVD_chapter>
  <DVD_discid></DVD_discid>
  <DVD_episodenumber></DVD_episodenumber>
  <DVD_season></DVD_season>
  <Director>Mike Clattenburg</Director>
  <EpImgFlag>1</EpImgFlag>
  <EpisodeName>The Winds of Shit</EpisodeName>
  <EpisodeNumber>7</EpisodeNumber>
  <FirstAired>2005-05-29</FirstAired>
  <GuestStars>|Collen   Zimmerman| Chase   Duffy| Chase   Duffy|</GuestStars>
  <IMDB_ID></IMDB_ID>
  <Language>en</Language>
  <Overview>Julian devises a clever plan to sell part of their driveway in order to earn extra cash. Ricky gets a job as a janitor at a local vocational school.</Overview>
  <ProductionCode></ProductionCode>
  <Rating>7.3</Rating>
  <RatingCount>4</RatingCount>
  <SeasonNumber>5</SeasonNumber>
  <Writer>Mike Clattenburg</Writer>
  <absolute_number></absolute_number>
  <filename>episodes/70566/12590.jpg</filename>
  <lastupdated>1277119925</lastupdated>
  <seasonid>544</seasonid>
  <seriesid>70566</seriesid>
</Episode>
<Episode>
  <id>12591</id>
  <Combined_episodenumber>8</Combined_episodenumber>
  <Combined_season>5</Combined_season>
  <DVD_chapter></DVD_chapter>
  <DVD_discid></DVD_discid>
  <DVD_episodenumber></DVD_episodenumber>
  <DVD_season></DVD_season>
  <Director>Mike Clattenburg</Director>
  <EpImgFlag>1</EpImgFlag>
  <EpisodeName>Dressed All Over &amp; Zesty Mordant</EpisodeName>
  <EpisodeNumber>8</EpisodeNumber>
  <FirstAired>2005-06-05</FirstAired>
  <GuestStars>|Kim  Dunn|</GuestStars>
  <IMDB_ID></IMDB_ID>
  <Language>en</Language>
  <Overview>Julian's biggest money-making scheme yet involves smuggling drugs in shopping carts. Ricky lets Trinity drive the shitmobile and she gets arrested.</Overview>
  <ProductionCode></ProductionCode>
  <Rating>7.0</Rating>
  <RatingCount>3</RatingCount>
  <SeasonNumber>5</SeasonNumber>
  <Writer>Mike Clattenburg</Writer>
  <absolute_number></absolute_number>
  <filename>episodes/70566/12591.jpg</filename>
  <lastupdated>1277119919</lastupdated>
  <seasonid>544</seasonid>
  <seriesid>70566</seriesid>
</Episode>
<Episode>
  <id>12592</id>
  <Combined_episodenumber>9</Combined_episodenumber>
  <Combined_season>5</Combined_season>
  <DVD_chapter></DVD_chapter>
  <DVD_discid></DVD_discid>
  <DVD_episodenumber></DVD_episodenumber>
  <DVD_season></DVD_season>
  <Director>Mike Clattenburg</Director>
  <EpImgFlag>1</EpImgFlag>
  <EpisodeName>I am the Liquor</EpisodeName>
  <EpisodeNumber>9</EpisodeNumber>
  <FirstAired>2005-06-12</FirstAired>
  <GuestStars>|Nobu Adilman| Mio Adilman|</GuestStars>
  <IMDB_ID></IMDB_ID>
  <Language>en</Language>
  <Overview>Ricky bails Trinity out of jail. Lahey goes on a drunk-a-thon, and finds out where the boys are hiding the hash.</Overview>
  <ProductionCode></ProductionCode>
  <Rating>7.5</Rating>
  <RatingCount>4</RatingCount>
  <SeasonNumber>5</SeasonNumber>
  <Writer>Mike Clattenburg</Writer>
  <absolute_number></absolute_number>
  <filename>episodes/70566/12592.jpg</filename>
  <lastupdated>1277119915</lastupdated>
  <seasonid>544</seasonid>
  <seriesid>70566</seriesid>
</Episode>
<Episode>
  <id>12593</id>
  <Combined_episodenumber>10</Combined_episodenumber>
  <Combined_season>5</Combined_season>
  <DVD_chapter></DVD_chapter>
  <DVD_discid></DVD_discid>
  <DVD_episodenumber></DVD_episodenumber>
  <DVD_season></DVD_season>
  <Director>Mike Clattenburg</Director>
  <EpImgFlag>1</EpImgFlag>
  <EpisodeName>Shit Blizzard</EpisodeName>
  <EpisodeNumber>10</EpisodeNumber>
  <FirstAired>2005-06-19</FirstAired>
  <GuestStars>|Fukuko  Saito| Novalea  Buchan| Nobu Adilman| Mio Adilman|</GuestStars>
  <IMDB_ID></IMDB_ID>
  <Language>en</Language>
  <Overview>Cyrus gets out of jail and goes after Ricky, Julian and Bubbles. The boys decide to surrender. Lahey saves Ricky's life.</Overview>
  <ProductionCode></ProductionCode>
  <Rating>7.5</Rating>
  <RatingCount>4</RatingCount>
  <SeasonNumber>5</SeasonNumber>
  <Writer>Mike Clattenburg</Writer>
  <absolute_number></absolute_number>
  <filename>episodes/70566/12593.jpg</filename>
  <lastupdated>1277119908</lastupdated>
  <seasonid>544</seasonid>
  <seriesid>70566</seriesid>
</Episode>
<Episode>
  <id>306962</id>
  <Combined_episodenumber>1</Combined_episodenumber>
  <Combined_season>6</Combined_season>
  <DVD_chapter></DVD_chapter>
  <DVD_discid></DVD_discid>
  <DVD_episodenumber></DVD_episodenumber>
  <DVD_season></DVD_season>
  <Director></Director>
  <EpImgFlag>3</EpImgFlag>
  <EpisodeName>The Way of the Road</EpisodeName>
  <EpisodeNumber>1</EpisodeNumber>
  <FirstAired>2006-04-16</FirstAired>
  <GuestStars>|Tyrone Parsons| Amy Kerr| Valerie Fougere| James Swansburg|</GuestStars>
  <IMDB_ID></IMDB_ID>
  <Language>en</Language>
  <Overview>First show of the 6th season. Ray who is living in his truck sleeper disposes of his urine just like a trucker. Julian has a new plan to make money. Randy goes out on his own. Bubbles makes plans for his kitties.</Overview>
  <ProductionCode></ProductionCode>
  <Rating>7.8</Rating>
  <RatingCount>4</RatingCount>
  <SeasonNumber>6</SeasonNumber>
  <Writer></Writer>
  <absolute_number></absolute_number>
  <filename>episodes/70566/306962.jpg</filename>
  <lastupdated>1235151466</lastupdated>
  <seasonid>545</seasonid>
  <seriesid>70566</seriesid>
</Episode>
<Episode>
  <id>306963</id>
  <Combined_episodenumber>2</Combined_episodenumber>
  <Combined_season>6</Combined_season>
  <DVD_chapter></DVD_chapter>
  <DVD_discid></DVD_discid>
  <DVD_episodenumber></DVD_episodenumber>
  <DVD_season></DVD_season>
  <Director>Mike Clattenburg</Director>
  <EpImgFlag>1</EpImgFlag>
  <EpisodeName>The Cheeseburger Picnic</EpisodeName>
  <EpisodeNumber>2</EpisodeNumber>
  <FirstAired>2006-04-23</FirstAired>
  <GuestStars>|Sam  Tarasco| Alvena Poole| Bill Parsons| George Green| James Swansburg| Tyrone Parsons|</GuestStars>
  <IMDB_ID></IMDB_ID>
  <Language>en</Language>
  <Overview>Randy takes over as park supervisor and plans a picnic for park morale. Mr. Lahey has a plan of his own. Lucy gets wasted and you won't believe who she turns to for comfort.</Overview>
  <ProductionCode></ProductionCode>
  <Rating>8.0</Rating>
  <RatingCount>4</RatingCount>
  <SeasonNumber>6</SeasonNumber>
  <Writer></Writer>
  <absolute_number></absolute_number>
  <filename>episodes/70566/306963.jpg</filename>
  <lastupdated>1235151479</lastupdated>
  <seasonid>545</seasonid>
  <seriesid>70566</seriesid>
</Episode>
<Episode>
  <id>307236</id>
  <Combined_episodenumber>3</Combined_episodenumber>
  <Combined_season>6</Combined_season>
  <DVD_chapter></DVD_chapter>
  <DVD_discid></DVD_discid>
  <DVD_episodenumber></DVD_episodenumber>
  <DVD_season></DVD_season>
  <Director></Director>
  <EpImgFlag>1</EpImgFlag>
  <EpisodeName>High Definition Piss Jugs</EpisodeName>
  <EpisodeNumber>3</EpisodeNumber>
  <FirstAired>2006-04-30</FirstAired>
  <GuestStars>|Doug Barron|</GuestStars>
  <IMDB_ID></IMDB_ID>
  <Language>en</Language>
  <Overview>Sunnyvale is finally going to get some publicity for their new &quot;Convenients Store&quot; and Bubbles &quot;KIttyland&quot; as a TV reporter comes to Sunnyvale. Lahey goes to the dump and finds something surprising. Randy has a new fan.</Overview>
  <ProductionCode></ProductionCode>
  <Rating>7.8</Rating>
  <RatingCount>4</RatingCount>
  <SeasonNumber>6</SeasonNumber>
  <Writer></Writer>
  <absolute_number></absolute_number>
  <filename>episodes/70566/307236.jpg</filename>
  <lastupdated>1348502903</lastupdated>
  <seasonid>545</seasonid>
  <seriesid>70566</seriesid>
</Episode>
<Episode>
  <id>307237</id>
  <Combined_episodenumber>4</Combined_episodenumber>
  <Combined_season>6</Combined_season>
  <DVD_chapter></DVD_chapter>
  <DVD_discid></DVD_discid>
  <DVD_episodenumber></DVD_episodenumber>
  <DVD_season></DVD_season>
  <Director></Director>
  <EpImgFlag>1</EpImgFlag>
  <EpisodeName>Where in the Fuck is Oscar Goldman</EpisodeName>
  <EpisodeNumber>4</EpisodeNumber>
  <FirstAired>2006-05-07</FirstAired>
  <GuestStars>|Pauline  Kaill| Corey Janes| James Swansburg|</GuestStars>
  <IMDB_ID></IMDB_ID>
  <Language>en</Language>
  <Overview>Trinity is in danger of failing grade 6. Ricky comes to the rescue. Bubbles reveals that he has a fear of chickens.</Overview>
  <ProductionCode></ProductionCode>
  <Rating>7.4</Rating>
  <RatingCount>5</RatingCount>
  <SeasonNumber>6</SeasonNumber>
  <Writer></Writer>
  <absolute_number></absolute_number>
  <filename>episodes/70566/307237.jpg</filename>
  <lastupdated>1235164045</lastupdated>
  <seasonid>545</seasonid>
  <seriesid>70566</seriesid>
</Episode>
<Episode>
  <id>307238</id>
  <Combined_episodenumber>5</Combined_episodenumber>
  <Combined_season>6</Combined_season>
  <DVD_chapter></DVD_chapter>
  <DVD_discid></DVD_discid>
  <DVD_episodenumber></DVD_episodenumber>
  <DVD_season></DVD_season>
  <Director></Director>
  <EpImgFlag>1</EpImgFlag>
  <EpisodeName>Halloween 1977</EpisodeName>
  <EpisodeNumber>5</EpisodeNumber>
  <FirstAired>2006-05-14</FirstAired>
  <GuestStars>|Liam Cyr| Hans Petterson| Bill Parsons| Alvena Poole| Valerie  Fougere| Amy Kerr| Tyrone  Parsons| Mitchell Taylor|</GuestStars>
  <IMDB_ID></IMDB_ID>
  <Language>en</Language>
  <Overview>Randy power trips as he tries to clean up the park. Lahey tries to get incriminating evidence against the boys, and finds just the thing he thinks he needs to get back on the police force.</Overview>
  <ProductionCode></ProductionCode>
  <Rating>7.4</Rating>
  <RatingCount>5</RatingCount>
  <SeasonNumber>6</SeasonNumber>
  <Writer></Writer>
  <absolute_number></absolute_number>
  <filename>episodes/70566/307238.jpg</filename>
  <lastupdated>1235151508</lastupdated>
  <seasonid>545</seasonid>
  <seriesid>70566</seriesid>
</Episode>
<Episode>
  <id>307239</id>
  <Combined_episodenumber>6</Combined_episodenumber>
  <Combined_season>6</Combined_season>
  <DVD_chapter></DVD_chapter>
  <DVD_discid></DVD_discid>
  <DVD_episodenumber></DVD_episodenumber>
  <DVD_season></DVD_season>
  <Director></Director>
  <EpImgFlag>1</EpImgFlag>
  <EpisodeName>Gimme My Fuckin' Money or Randy's Dead</EpisodeName>
  <EpisodeNumber>6</EpisodeNumber>
  <FirstAired>2006-05-21</FirstAired>
  <GuestStars>|Tyrone Parsons| Amy Kerr| Valerie Fougere| Alvena Poole| Bill Parsons| Richard Collins II| Sam Tarasco| George  Green| Jim Swansburg| Maury Chaykin|</GuestStars>
  <IMDB_ID></IMDB_ID>
  <Language>en</Language>
  <Overview>Lahey appears before the police board. Julian prepares a surprise for Ricky. Ray becomes Assistant Trailer Park Supervisor.</Overview>
  <ProductionCode></ProductionCode>
  <Rating>9.2</Rating>
  <RatingCount>5</RatingCount>
  <SeasonNumber>6</SeasonNumber>
  <Writer></Writer>
  <absolute_number></absolute_number>
  <filename>episodes/70566/307239.jpg</filename>
  <lastupdated>1235163922</lastupdated>
  <seasonid>545</seasonid>
  <seriesid>70566</seriesid>
</Episode>
<Episode>
  <id>327399</id>
  <Combined_episodenumber>1</Combined_episodenumber>
  <Combined_season>7</Combined_season>
  <DVD_chapter></DVD_chapter>
  <DVD_discid></DVD_discid>
  <DVD_episodenumber></DVD_episodenumber>
  <DVD_season></DVD_season>
  <Director>Mike Clattenburg</Director>
  <EpImgFlag>2</EpImgFlag>
  <EpisodeName>I Fuckin' Miss Cory and Trevor</EpisodeName>
  <EpisodeNumber>1</EpisodeNumber>
  <FirstAired>2007-04-08</FirstAired>
  <GuestStars>|James Swansburg| Pam Lutz| Brian Huggins| Jason Daley| Nick Lachance| Sam  Tarasco| Richard Collins II| Jacob  Rolfe| Jim   Swansburg| George Green| Tyrone  Parsons|</GuestStars>
  <IMDB_ID></IMDB_ID>
  <Language>en</Language>
  <Overview>The boys try to profit from their latest scam of selling the meat that they have stolen from the grocery store. Meanwhile, Lucy is pregnant and Julian accepts a new job that is beneath him.
</Overview>
  <ProductionCode></ProductionCode>
  <Rating>8.2</Rating>
  <RatingCount>5</RatingCount>
  <SeasonNumber>7</SeasonNumber>
  <Writer>Jean Paul Tremblay, Mike Clattenburg, Rob Wells, Iain  MacLeod, Timm Hannebohm</Writer>
  <absolute_number></absolute_number>
  <filename>episodes/70566/327399.jpg</filename>
  <lastupdated>1232262600</lastupdated>
  <seasonid>17566</seasonid>
  <seriesid>70566</seriesid>
</Episode>
<Episode>
  <id>327400</id>
  <Combined_episodenumber>2</Combined_episodenumber>
  <Combined_season>7</Combined_season>
  <DVD_chapter></DVD_chapter>
  <DVD_discid></DVD_discid>
  <DVD_episodenumber></DVD_episodenumber>
  <DVD_season></DVD_season>
  <Director></Director>
  <EpImgFlag>2</EpImgFlag>
  <EpisodeName>I Banged Lucy And Knocked Her Up ... No Big Deal</EpisodeName>
  <EpisodeNumber>2</EpisodeNumber>
  <FirstAired>2007-04-15</FirstAired>
  <GuestStars></GuestStars>
  <IMDB_ID></IMDB_ID>
  <Language>en</Language>
  <Overview>J-Roc organizes a gang of thieves who are stealing bags at the airport. We learn more about Lucy's unborn baby.
</Overview>
  <ProductionCode></ProductionCode>
  <Rating>8.0</Rating>
  <RatingCount>6</RatingCount>
  <SeasonNumber>7</SeasonNumber>
  <Writer></Writer>
  <absolute_number></absolute_number>
  <filename>episodes/70566/327400.jpg</filename>
  <lastupdated>1232263546</lastupdated>
  <seasonid>17566</seasonid>
  <seriesid>70566</seriesid>
</Episode>
<Episode>
  <id>327401</id>
  <Combined_episodenumber>3</Combined_episodenumber>
  <Combined_season>7</Combined_season>
  <DVD_chapter></DVD_chapter>
  <DVD_discid></DVD_discid>
  <DVD_episodenumber></DVD_episodenumber>
  <DVD_season></DVD_season>
  <Director></Director>
  <EpImgFlag>2</EpImgFlag>
  <EpisodeName>Three Good Men are Dead</EpisodeName>
  <EpisodeNumber>3</EpisodeNumber>
  <FirstAired>2007-04-22</FirstAired>
  <GuestStars></GuestStars>
  <IMDB_ID></IMDB_ID>
  <Language>en</Language>
  <Overview>The boys help Lahey when his fellow police officers turn against him. Ray makes plans to return to the road.</Overview>
  <ProductionCode></ProductionCode>
  <Rating>7.3</Rating>
  <RatingCount>8</RatingCount>
  <SeasonNumber>7</SeasonNumber>
  <Writer></Writer>
  <absolute_number></absolute_number>
  <filename>episodes/70566/327401.jpg</filename>
  <lastupdated>1232264474</lastupdated>
  <seasonid>17566</seasonid>
  <seriesid>70566</seriesid>
</Episode>
<Episode>
  <id>327402</id>
  <Combined_episodenumber>4</Combined_episodenumber>
  <Combined_season>7</Combined_season>
  <DVD_chapter></DVD_chapter>
  <DVD_discid></DVD_discid>
  <DVD_episodenumber></DVD_episodenumber>
  <DVD_season></DVD_season>
  <Director></Director>
  <EpImgFlag>2</EpImgFlag>
  <EpisodeName>Friends of the Road</EpisodeName>
  <EpisodeNumber>4</EpisodeNumber>
  <FirstAired>2007-04-29</FirstAired>
  <GuestStars></GuestStars>
  <IMDB_ID></IMDB_ID>
  <Language>en</Language>
  <Overview>Bubbles and the boys get to meet heavy metal singer Sebastian Bach when they travel to Maine to attend a model train convention.</Overview>
  <ProductionCode></ProductionCode>
  <Rating>7.8</Rating>
  <RatingCount>5</RatingCount>
  <SeasonNumber>7</SeasonNumber>
  <Writer></Writer>
  <absolute_number></absolute_number>
  <filename>episodes/70566/327402.jpg</filename>
  <lastupdated>1232265165</lastupdated>
  <seasonid>17566</seasonid>
  <seriesid>70566</seriesid>
</Episode>
<Episode>
  <id>327403</id>
  <Combined_episodenumber>5</Combined_episodenumber>
  <Combined_season>7</Combined_season>
  <DVD_chapter></DVD_chapter>
  <DVD_discid></DVD_discid>
  <DVD_episodenumber></DVD_episodenumber>
  <DVD_season></DVD_season>
  <Director></Director>
  <EpImgFlag>2</EpImgFlag>
  <EpisodeName>The Mustard Tiger</EpisodeName>
  <EpisodeNumber>5</EpisodeNumber>
  <FirstAired>2007-05-06</FirstAired>
  <GuestStars></GuestStars>
  <IMDB_ID></IMDB_ID>
  <Language>en</Language>
  <Overview>The boys use Bubble's love for model trains when they make a plan to smuggle marijuana across the border into Maine. They send a team consisting of Jacob and his &quot;crew&quot; to scout the location, however the scouting team goes missing.</Overview>
  <ProductionCode></ProductionCode>
  <Rating>8.0</Rating>
  <RatingCount>3</RatingCount>
  <SeasonNumber>7</SeasonNumber>
  <Writer></Writer>
  <absolute_number></absolute_number>
  <filename>episodes/70566/327403.jpg</filename>
  <lastupdated>1232265349</lastupdated>
  <seasonid>17566</seasonid>
  <seriesid>70566</seriesid>
</Episode>
<Episode>
  <id>329129</id>
  <Combined_episodenumber>6</Combined_episodenumber>
  <Combined_season>7</Combined_season>
  <DVD_chapter></DVD_chapter>
  <DVD_discid></DVD_discid>
  <DVD_episodenumber></DVD_episodenumber>
  <DVD_season></DVD_season>
  <Director></Director>
  <EpImgFlag>2</EpImgFlag>
  <EpisodeName>We Can't Call People Without Wings Angels So We Call Them Friends</EpisodeName>
  <EpisodeNumber>6</EpisodeNumber>
  <FirstAired>2007-05-13</FirstAired>
  <GuestStars></GuestStars>
  <IMDB_ID></IMDB_ID>
  <Language>en</Language>
  <Overview>On a mission to find Jacob and his crew, the boys leave the relative safety of the trailer park for a dangerous adventure in the woods on the Maine border.</Overview>
  <ProductionCode></ProductionCode>
  <Rating>8.0</Rating>
  <RatingCount>3</RatingCount>
  <SeasonNumber>7</SeasonNumber>
  <Writer></Writer>
  <absolute_number></absolute_number>
  <filename>episodes/70566/329129.jpg</filename>
  <lastupdated>1232265688</lastupdated>
  <seasonid>17566</seasonid>
  <seriesid>70566</seriesid>
</Episode>
<Episode>
  <id>329130</id>
  <Combined_episodenumber>7</Combined_episodenumber>
  <Combined_season>7</Combined_season>
  <DVD_chapter></DVD_chapter>
  <DVD_discid></DVD_discid>
  <DVD_episodenumber></DVD_episodenumber>
  <DVD_season></DVD_season>
  <Director></Director>
  <EpImgFlag>2</EpImgFlag>
  <EpisodeName>Jump the Cheeseburger</EpisodeName>
  <EpisodeNumber>7</EpisodeNumber>
  <FirstAired>2007-05-20</FirstAired>
  <GuestStars></GuestStars>
  <IMDB_ID></IMDB_ID>
  <Language>en</Language>
  <Overview>Randy and Phil Collins go into business together, opening a restaurant called &quot;The Dirty Burger&quot;. Meanwhile, Barb Lahey finally finds out who is her secret admirer.</Overview>
  <ProductionCode></ProductionCode>
  <Rating>8.3</Rating>
  <RatingCount>4</RatingCount>
  <SeasonNumber>7</SeasonNumber>
  <Writer></Writer>
  <absolute_number></absolute_number>
  <filename>episodes/70566/329130.jpg</filename>
  <lastupdated>1232266052</lastupdated>
  <seasonid>17566</seasonid>
  <seriesid>70566</seriesid>
</Episode>
<Episode>
  <id>329131</id>
  <Combined_episodenumber>8</Combined_episodenumber>
  <Combined_season>7</Combined_season>
  <DVD_chapter></DVD_chapter>
  <DVD_discid></DVD_discid>
  <DVD_episodenumber></DVD_episodenumber>
  <DVD_season></DVD_season>
  <Director></Director>
  <EpImgFlag>2</EpImgFlag>
  <EpisodeName>Let The Liquor Do The Thinking</EpisodeName>
  <EpisodeNumber>8</EpisodeNumber>
  <FirstAired>2007-05-27</FirstAired>
  <GuestStars></GuestStars>
  <IMDB_ID></IMDB_ID>
  <Language>en</Language>
  <Overview>Randy and Lahey devise a scheme to make some fast cash. To fool the police, Bubbles uses a disguise.</Overview>
  <ProductionCode></ProductionCode>
  <Rating>7.8</Rating>
  <RatingCount>4</RatingCount>
  <SeasonNumber>7</SeasonNumber>
  <Writer></Writer>
  <absolute_number></absolute_number>
  <filename>episodes/70566/329131.jpg</filename>
  <lastupdated>1232266293</lastupdated>
  <seasonid>17566</seasonid>
  <seriesid>70566</seriesid>
</Episode>
<Episode>
  <id>329132</id>
  <Combined_episodenumber>9</Combined_episodenumber>
  <Combined_season>7</Combined_season>
  <DVD_chapter></DVD_chapter>
  <DVD_discid></DVD_discid>
  <DVD_episodenumber></DVD_episodenumber>
  <DVD_season></DVD_season>
  <Director></Director>
  <EpImgFlag>2</EpImgFlag>
  <EpisodeName>Going Off the Rails on the Swayzie Train</EpisodeName>
  <EpisodeNumber>9</EpisodeNumber>
  <FirstAired>2007-06-03</FirstAired>
  <GuestStars></GuestStars>
  <IMDB_ID></IMDB_ID>
  <Language>en</Language>
  <Overview>The boys go ahead with their plan to smuggle marijuana across the border using a model train. What could possibly go wrong?</Overview>
  <ProductionCode></ProductionCode>
  <Rating>8.0</Rating>
  <RatingCount>3</RatingCount>
  <SeasonNumber>7</SeasonNumber>
  <Writer></Writer>
  <absolute_number></absolute_number>
  <filename>episodes/70566/329132.jpg</filename>
  <lastupdated>1232266633</lastupdated>
  <seasonid>17566</seasonid>
  <seriesid>70566</seriesid>
</Episode>
<Episode>
  <id>329133</id>
  <Combined_episodenumber>10</Combined_episodenumber>
  <Combined_season>7</Combined_season>
  <DVD_chapter></DVD_chapter>
  <DVD_discid></DVD_discid>
  <DVD_episodenumber></DVD_episodenumber>
  <DVD_season></DVD_season>
  <Director></Director>
  <EpImgFlag>2</EpImgFlag>
  <EpisodeName>A Shit River Runs Through It</EpisodeName>
  <EpisodeNumber>10</EpisodeNumber>
  <FirstAired>2007-06-10</FirstAired>
  <GuestStars></GuestStars>
  <IMDB_ID></IMDB_ID>
  <Language>en</Language>
  <Overview>When the boys find themselves in trouble with the authorities it is up to Ricky to bargain for a deal. But, someone has to go to jail. Who will take the fall?</Overview>
  <ProductionCode></ProductionCode>
  <Rating>8.5</Rating>
  <RatingCount>4</RatingCount>
  <SeasonNumber>7</SeasonNumber>
  <Writer></Writer>
  <absolute_number></absolute_number>
  <filename>episodes/70566/329133.jpg</filename>
  <lastupdated>1263046096</lastupdated>
  <seasonid>17566</seasonid>
  <seriesid>70566</seriesid>
</Episode>
</Data>