<?xml version="1.0" encoding="UTF-8" ?>
<Actors>
<Actor>
  <id>297063</id>
  <Image>actors/297063.jpg</Image>
  <Name>Stephen Amell</Name>
  <Role>Oliver Queen / Green Arrow</Role>
  <SortOrder>0</SortOrder>
</Actor>
<Actor>
  <id>308765</id>
  <Image>actors/308765.jpg</Image>
  <Name>Emily Bett Rickards</Name>
  <Role>Felicity Smoak</Role>
  <SortOrder>1</SortOrder>
</Actor>
<Actor>
  <id>304329</id>
  <Image>actors/304329.jpg</Image>
  <Name>David Ramsey</Name>
  <Role>John Diggle</Role>
  <SortOrder>1</SortOrder>
</Actor>
<Actor>
  <id>297062</id>
  <Image>actors/297062.jpg</Image>
  <Name>Katie Cassidy</Name>
  <Role>Dinah 'Laurel' Lance</Role>
  <SortOrder>1</SortOrder>
</Actor>
<Actor>
  <id>304330</id>
  <Image>actors/304330.jpg</Image>
  <Name>Willa Holland</Name>
  <Role>Thea Queen</Role>
  <SortOrder>2</SortOrder>
</Actor>
<Actor>
  <id>304328</id>
  <Image>actors/304328.jpg</Image>
  <Name>Colin Donnell</Name>
  <Role>Tommy Merlyn</Role>
  <SortOrder>2</SortOrder>
</Actor>
<Actor>
  <id>310794</id>
  <Image>actors/310794.jpg</Image>
  <Name>Manu Bennett</Name>
  <Role>Slade Wilson</Role>
  <SortOrder>3</SortOrder>
</Actor>
<Actor>
  <id>308764</id>
  <Image>actors/308764.jpg</Image>
  <Name>Janina Gavankar </Name>
  <Role>McKenna Hall</Role>
  <SortOrder>3</SortOrder>
</Actor>
<Actor>
  <id>304333</id>
  <Image>actors/304333.jpg</Image>
  <Name>Paul Blackthorne</Name>
  <Role>Detective Quentin Lance</Role>
  <SortOrder>3</SortOrder>
</Actor>
<Actor>
  <id>304332</id>
  <Image>actors/304332.jpg</Image>
  <Name>Colin Salmon</Name>
  <Role>Walter Steele</Role>
  <SortOrder>3</SortOrder>
</Actor>
<Actor>
  <id>304331</id>
  <Image>actors/304331.jpg</Image>
  <Name>Susanna Thompson</Name>
  <Role>Moira Queen</Role>
  <SortOrder>3</SortOrder>
</Actor>
</Actors>