<?xml version="1.0" encoding="UTF-8" ?>
<Banners>
<Banner>
  <id>928117</id>
  <BannerPath>fanart/original/257655-7.jpg</BannerPath>
  <BannerType>fanart</BannerType>
  <BannerType2>1920x1080</BannerType2>
  <Colors>|20,26,48|0,0,21|102,114,92|</Colors>
  <Language>en</Language>
  <Rating>10.2500</Rating>
  <RatingCount>4</RatingCount>
  <SeriesName>false</SeriesName>
  <ThumbnailPath>_cache/fanart/original/257655-7.jpg</ThumbnailPath>
  <VignettePath>fanart/vignette/257655-7.jpg</VignettePath>
</Banner>
<Banner>
  <id>916577</id>
  <BannerPath>fanart/original/257655-4.jpg</BannerPath>
  <BannerType>fanart</BannerType>
  <BannerType2>1920x1080</BannerType2>
  <Colors>|48,60,38|149,113,89|74,56,10|</Colors>
  <Language>en</Language>
  <Rating>10.0000</Rating>
  <RatingCount>2</RatingCount>
  <SeriesName>false</SeriesName>
  <ThumbnailPath>_cache/fanart/original/257655-4.jpg</ThumbnailPath>
  <VignettePath>fanart/vignette/257655-4.jpg</VignettePath>
</Banner>
<Banner>
  <id>914863</id>
  <BannerPath>fanart/original/257655-2.jpg</BannerPath>
  <BannerType>fanart</BannerType>
  <BannerType2>1920x1080</BannerType2>
  <Colors>|20,21,15|0,0,0|5,6,0|</Colors>
  <Language>en</Language>
  <Rating>9.0000</Rating>
  <RatingCount>7</RatingCount>
  <SeriesName>false</SeriesName>
  <ThumbnailPath>_cache/fanart/original/257655-2.jpg</ThumbnailPath>
  <VignettePath>fanart/vignette/257655-2.jpg</VignettePath>
</Banner>
<Banner>
  <id>910351</id>
  <BannerPath>fanart/original/257655-3.jpg</BannerPath>
  <BannerType>fanart</BannerType>
  <BannerType2>1920x1080</BannerType2>
  <Colors>|76,84,69|233,191,153|41,48,40|</Colors>
  <Language>en</Language>
  <Rating>8.0000</Rating>
  <RatingCount>14</RatingCount>
  <SeriesName>false</SeriesName>
  <ThumbnailPath>_cache/fanart/original/257655-3.jpg</ThumbnailPath>
  <VignettePath>fanart/vignette/257655-3.jpg</VignettePath>
</Banner>
<Banner>
  <id>902564</id>
  <BannerPath>fanart/original/257655-1.jpg</BannerPath>
  <BannerType>fanart</BannerType>
  <BannerType2>1920x1080</BannerType2>
  <Colors>|1,1,1|24,13,9|95,141,66|</Colors>
  <Language>de</Language>
  <Rating>7.1667</Rating>
  <RatingCount>6</RatingCount>
  <SeriesName>false</SeriesName>
  <ThumbnailPath>_cache/fanart/original/257655-1.jpg</ThumbnailPath>
  <VignettePath>fanart/vignette/257655-1.jpg</VignettePath>
</Banner>
<Banner>
  <id>920617</id>
  <BannerPath>fanart/original/257655-5.jpg</BannerPath>
  <BannerType>fanart</BannerType>
  <BannerType2>1920x1080</BannerType2>
  <Colors></Colors>
  <Language>en</Language>
  <Rating>5.5000</Rating>
  <RatingCount>2</RatingCount>
  <SeriesName>true</SeriesName>
  <ThumbnailPath>_cache/fanart/original/257655-5.jpg</ThumbnailPath>
  <VignettePath>fanart/vignette/257655-5.jpg</VignettePath>
</Banner>
<Banner>
  <id>928778</id>
  <BannerPath>fanart/original/257655-8.jpg</BannerPath>
  <BannerType>fanart</BannerType>
  <BannerType2>1920x1080</BannerType2>
  <Colors></Colors>
  <Language>en</Language>
  <Rating></Rating>
  <RatingCount>0</RatingCount>
  <SeriesName>false</SeriesName>
  <ThumbnailPath>_cache/fanart/original/257655-8.jpg</ThumbnailPath>
  <VignettePath>fanart/vignette/257655-8.jpg</VignettePath>
</Banner>
<Banner>
  <id>927052</id>
  <BannerPath>fanart/original/257655-6.jpg</BannerPath>
  <BannerType>fanart</BannerType>
  <BannerType2>1920x1080</BannerType2>
  <Colors></Colors>
  <Language>en</Language>
  <Rating></Rating>
  <RatingCount>0</RatingCount>
  <SeriesName>true</SeriesName>
  <ThumbnailPath>_cache/fanart/original/257655-6.jpg</ThumbnailPath>
  <VignettePath>fanart/vignette/257655-6.jpg</VignettePath>
</Banner>
<Banner>
  <id>928805</id>
  <BannerPath>fanart/original/257655-9.jpg</BannerPath>
  <BannerType>fanart</BannerType>
  <BannerType2>1920x1080</BannerType2>
  <Colors></Colors>
  <Language>en</Language>
  <Rating></Rating>
  <RatingCount>0</RatingCount>
  <SeriesName>true</SeriesName>
  <ThumbnailPath>_cache/fanart/original/257655-9.jpg</ThumbnailPath>
  <VignettePath>fanart/vignette/257655-9.jpg</VignettePath>
</Banner>
<Banner>
  <id>914861</id>
  <BannerPath>posters/257655-5.jpg</BannerPath>
  <BannerType>poster</BannerType>
  <BannerType2>680x1000</BannerType2>
  <Language>en</Language>
  <Rating>7.5000</Rating>
  <RatingCount>14</RatingCount>
</Banner>
<Banner>
  <id>927051</id>
  <BannerPath>posters/257655-7.jpg</BannerPath>
  <BannerType>poster</BannerType>
  <BannerType2>680x1000</BannerType2>
  <Language>en</Language>
  <Rating>7.3077</Rating>
  <RatingCount>13</RatingCount>
</Banner>
<Banner>
  <id>914783</id>
  <BannerPath>posters/257655-4.jpg</BannerPath>
  <BannerType>poster</BannerType>
  <BannerType2>680x1000</BannerType2>
  <Language>en</Language>
  <Rating>7.0000</Rating>
  <RatingCount>4</RatingCount>
</Banner>
<Banner>
  <id>911751</id>
  <BannerPath>posters/257655-1.jpg</BannerPath>
  <BannerType>poster</BannerType>
  <BannerType2>680x1000</BannerType2>
  <Language>en</Language>
  <Rating>6.6000</Rating>
  <RatingCount>5</RatingCount>
</Banner>
<Banner>
  <id>921927</id>
  <BannerPath>posters/257655-6.jpg</BannerPath>
  <BannerType>poster</BannerType>
  <BannerType2>680x1000</BannerType2>
  <Language>en</Language>
  <Rating>6.5556</Rating>
  <RatingCount>9</RatingCount>
</Banner>
<Banner>
  <id>928116</id>
  <BannerPath>posters/257655-8.jpg</BannerPath>
  <BannerType>poster</BannerType>
  <BannerType2>680x1000</BannerType2>
  <Language>en</Language>
  <Rating>6.5000</Rating>
  <RatingCount>2</RatingCount>
</Banner>
<Banner>
  <id>911829</id>
  <BannerPath>posters/257655-2.jpg</BannerPath>
  <BannerType>poster</BannerType>
  <BannerType2>680x1000</BannerType2>
  <Language>en</Language>
  <Rating>6.0000</Rating>
  <RatingCount>7</RatingCount>
</Banner>
<Banner>
  <id>934098</id>
  <BannerPath>posters/257655-12.jpg</BannerPath>
  <BannerType>poster</BannerType>
  <BannerType2>680x1000</BannerType2>
  <Language>en</Language>
  <Rating>4.0000</Rating>
  <RatingCount>2</RatingCount>
</Banner>
<Banner>
  <id>928112</id>
  <BannerPath>posters/257655-9.jpg</BannerPath>
  <BannerType>poster</BannerType>
  <BannerType2>680x1000</BannerType2>
  <Language>en</Language>
  <Rating>2.5000</Rating>
  <RatingCount>4</RatingCount>
</Banner>
<Banner>
  <id>930714</id>
  <BannerPath>posters/257655-11.jpg</BannerPath>
  <BannerType>poster</BannerType>
  <BannerType2>680x1000</BannerType2>
  <Language>en</Language>
  <Rating></Rating>
  <RatingCount>0</RatingCount>
</Banner>
<Banner>
  <id>928640</id>
  <BannerPath>posters/257655-10.jpg</BannerPath>
  <BannerType>poster</BannerType>
  <BannerType2>680x1000</BannerType2>
  <Language>en</Language>
  <Rating></Rating>
  <RatingCount>0</RatingCount>
</Banner>
<Banner>
  <id>946948</id>
  <BannerPath>seasons/257655-1-3.jpg</BannerPath>
  <BannerType>season</BannerType>
  <BannerType2>season</BannerType2>
  <Language>en</Language>
  <Rating>9.5000</Rating>
  <RatingCount>2</RatingCount>
  <Season>1</Season>
</Banner>
<Banner>
  <id>930775</id>
  <BannerPath>seasons/257655-1-4.jpg</BannerPath>
  <BannerType>season</BannerType>
  <BannerType2>season</BannerType2>
  <Language>en</Language>
  <Rating>7.6667</Rating>
  <RatingCount>3</RatingCount>
  <Season>1</Season>
</Banner>
<Banner>
  <id>915047</id>
  <BannerPath>seasons/257655-1-2.jpg</BannerPath>
  <BannerType>season</BannerType>
  <BannerType2>season</BannerType2>
  <Language>en</Language>
  <Rating>7.6250</Rating>
  <RatingCount>8</RatingCount>
  <Season>1</Season>
</Banner>
<Banner>
  <id>911752</id>
  <BannerPath>seasons/257655-1.jpg</BannerPath>
  <BannerType>season</BannerType>
  <BannerType2>season</BannerType2>
  <Language>en</Language>
  <Rating>7.2500</Rating>
  <RatingCount>4</RatingCount>
  <Season>1</Season>
</Banner>
<Banner>
  <id>910216</id>
  <BannerPath>graphical/257655-g.jpg</BannerPath>
  <BannerType>series</BannerType>
  <BannerType2>graphical</BannerType2>
  <Language>en</Language>
  <Rating>8.2857</Rating>
  <RatingCount>7</RatingCount>
</Banner>
<Banner>
  <id>910217</id>
  <BannerPath>graphical/257655-g3.jpg</BannerPath>
  <BannerType>series</BannerType>
  <BannerType2>graphical</BannerType2>
  <Language>en</Language>
  <Rating>8.1250</Rating>
  <RatingCount>8</RatingCount>
</Banner>
<Banner>
  <id>914868</id>
  <BannerPath>graphical/257655-g4.jpg</BannerPath>
  <BannerType>series</BannerType>
  <BannerType2>graphical</BannerType2>
  <Language>en</Language>
  <Rating>7.0000</Rating>
  <RatingCount>3</RatingCount>
</Banner>
<Banner>
  <id>927758</id>
  <BannerPath>graphical/257655-g5.jpg</BannerPath>
  <BannerType>series</BannerType>
  <BannerType2>graphical</BannerType2>
  <Language>en</Language>
  <Rating>6.8000</Rating>
  <RatingCount>5</RatingCount>
</Banner>
<Banner>
  <id>946701</id>
  <BannerPath>graphical/257655-g7.jpg</BannerPath>
  <BannerType>series</BannerType>
  <BannerType2>graphical</BannerType2>
  <Language>hu</Language>
  <Rating>5.0000</Rating>
  <RatingCount>2</RatingCount>
</Banner>
<Banner>
  <id>910196</id>
  <BannerPath>graphical/257655-g2.jpg</BannerPath>
  <BannerType>series</BannerType>
  <BannerType2>graphical</BannerType2>
  <Language>en</Language>
  <Rating>4.6667</Rating>
  <RatingCount>3</RatingCount>
</Banner>
<Banner>
  <id>934097</id>
  <BannerPath>graphical/257655-g6.jpg</BannerPath>
  <BannerType>series</BannerType>
  <BannerType2>graphical</BannerType2>
  <Language>ru</Language>
  <Rating>1.0000</Rating>
  <RatingCount>1</RatingCount>
</Banner>
</Banners>