<?xml version="1.0" encoding="UTF-8" ?>
<Data><Series>
  <id>257655</id>
  <Actors>|Stephen Amell|Emily Bett Rickards|David Ramsey|Katie Cassidy|Willa Holland|Colin Donnell|Manu Bennett|Janina Gavankar |Paul Blackthorne|Colin Salmon|Susanna Thompson|</Actors>
  <Airs_DayOfWeek>Wednesday</Airs_DayOfWeek>
  <Airs_Time>8:00 pm</Airs_Time>
  <ContentRating>TV-PG</ContentRating>
  <FirstAired>2012-10-10</FirstAired>
  <Genre>|Action|Adventure|</Genre>
  <IMDB_ID>tt2193021</IMDB_ID>
  <Language>en</Language>
  <Network>The CW</Network>
  <NetworkID></NetworkID>
  <Overview>Missing and presumed dead, billionaire playboy Oliver Queen was the lone survivor of a shipwreck, but being stranded on a remote, uncharted island for five years has changed him. Upon returning home, Oliver is determined to fulfill his father's dying wishes -- to right the wrongs of the Queen family, fight the ills of society, and restore Starling City to its former glory. To fight crime and corruption, Oliver maintains his billionaire playboy image by day, but becomes a secret vigilante by night... Arrow, a masked crusader whose weapon of choice is a bow and arrow.</Overview>
  <Rating>9.1</Rating>
  <RatingCount>59</RatingCount>
  <Runtime>60</Runtime>
  <SeriesID>158560</SeriesID>
  <SeriesName>Arrow</SeriesName>
  <Status>Continuing</Status>
  <added>2012-03-29 11:45:35</added>
  <addedBy>235</addedBy>
  <banner>graphical/257655-g.jpg</banner>
  <fanart>fanart/original/257655-7.jpg</fanart>
  <lastupdated>1364942289</lastupdated>
  <poster>posters/257655-5.jpg</poster>
  <zap2it_id>EP01569372</zap2it_id>
</Series>
<Episode>
  <id>4325893</id>
  <Combined_episodenumber>1</Combined_episodenumber>
  <Combined_season>1</Combined_season>
  <DVD_chapter></DVD_chapter>
  <DVD_discid></DVD_discid>
  <DVD_episodenumber></DVD_episodenumber>
  <DVD_season></DVD_season>
  <Director>David Nutter</Director>
  <EpImgFlag>2</EpImgFlag>
  <EpisodeName>Pilot</EpisodeName>
  <EpisodeNumber>1</EpisodeNumber>
  <FirstAired>2012-10-10</FirstAired>
  <GuestStars></GuestStars>
  <IMDB_ID>tt2340185</IMDB_ID>
  <Language>en</Language>
  <Overview>After a violent shipwreck, billionaire playboy Oliver Queen was missing and presumed dead for five years before being discovered alive on a remote island in the Pacific. Back in Starling City, Oliver slowly reconnects with those closest to him. Oliver has brought back many new skills from his time on the island and despite the watchful eye of his new bodyguard John Diggle, Oliver manages to secretly create the persona of Arrow -- a vigilante -- to right the wrongs of his family and fight the ills of society. As Arrow, Oliver will atone for the past sins of his family while he searches for the personal redemption he needs.</Overview>
  <ProductionCode>2J7301</ProductionCode>
  <Rating>7.8</Rating>
  <RatingCount>152</RatingCount>
  <SeasonNumber>1</SeasonNumber>
  <Writer>|Greg Berlanti|Marc Guggenheim|Andrew Kreisberg|</Writer>
  <absolute_number>1</absolute_number>
  <filename>episodes/257655/4325893.jpg</filename>
  <lastupdated>1363041844</lastupdated>
  <seasonid>492243</seasonid>
  <seriesid>257655</seriesid>
</Episode>
<Episode>
  <id>4365918</id>
  <Combined_episodenumber>2</Combined_episodenumber>
  <Combined_season>1</Combined_season>
  <DVD_chapter></DVD_chapter>
  <DVD_discid></DVD_discid>
  <DVD_episodenumber></DVD_episodenumber>
  <DVD_season></DVD_season>
  <Director>David Barrett</Director>
  <EpImgFlag>2</EpImgFlag>
  <EpisodeName>Honor Thy Father</EpisodeName>
  <EpisodeNumber>2</EpisodeNumber>
  <FirstAired>2012-10-17</FirstAired>
  <GuestStars></GuestStars>
  <IMDB_ID>tt2310910</IMDB_ID>
  <Language>en</Language>
  <Overview>Oliver heads to the courthouse to get his death certificate repealed and is pleasantly surprised to run into Laurel, who is there prosecuting Martin Somers (Ty Olsson), a criminal with ties to the Chinese Triad. Oliver recognizes Martin’s name from his father’s book and sets his sights on taking him down. Martin orders the Triad to &quot;take care of&quot; Laurel so they send their top mercenary -- China White (Kelly Hu) -- after her. Meanwhile, Moira and Walter (Colin Salmon) ask Oliver to take over the company.</Overview>
  <ProductionCode>2J7302</ProductionCode>
  <Rating>7.7</Rating>
  <RatingCount>144</RatingCount>
  <SeasonNumber>1</SeasonNumber>
  <Writer>|Greg Berlanti|Marc Guggenheim|Andrew Kreisberg|</Writer>
  <absolute_number>2</absolute_number>
  <filename>episodes/257655/4365918.jpg</filename>
  <lastupdated>1363684429</lastupdated>
  <seasonid>492243</seasonid>
  <seriesid>257655</seriesid>
</Episode>
<Episode>
  <id>4365919</id>
  <Combined_episodenumber>3</Combined_episodenumber>
  <Combined_season>1</Combined_season>
  <DVD_chapter></DVD_chapter>
  <DVD_discid></DVD_discid>
  <DVD_episodenumber></DVD_episodenumber>
  <DVD_season></DVD_season>
  <Director>Guy Bee</Director>
  <EpImgFlag>2</EpImgFlag>
  <EpisodeName>Lone Gunman</EpisodeName>
  <EpisodeNumber>3</EpisodeNumber>
  <FirstAired>2012-10-24</FirstAired>
  <GuestStars></GuestStars>
  <IMDB_ID>tt2310914</IMDB_ID>
  <Language>en</Language>
  <Overview>Oliver is surprised when someone shoots and kills one of his targets. As his plan is to bring people to justice vs. outright killing them, Oliver doesn't appreciate the help and searches for the gunman. He soon learns that the man, Deadshot, is taking out businessmen who are scheduled to bid at an auction on an energy company and Walter is one of the bidders. Realizing he can't protect his family and stop Deadshot at the same time, Oliver enlists Detective Lance's help, but his plan has dire consequences. Meanwhile, Laurel and Tommy get caught in an awkward situation with Oliver.</Overview>
  <ProductionCode>2J7303</ProductionCode>
  <Rating>7.8</Rating>
  <RatingCount>141</RatingCount>
  <SeasonNumber>1</SeasonNumber>
  <Writer>|Greg Berlanti|Marc Guggenheim|Andrew Kreisberg|</Writer>
  <absolute_number>3</absolute_number>
  <filename>episodes/257655/4365919.jpg</filename>
  <lastupdated>1363684442</lastupdated>
  <seasonid>492243</seasonid>
  <seriesid>257655</seriesid>
</Episode>
<Episode>
  <id>4369897</id>
  <Combined_episodenumber>4</Combined_episodenumber>
  <Combined_season>1</Combined_season>
  <DVD_chapter></DVD_chapter>
  <DVD_discid></DVD_discid>
  <DVD_episodenumber></DVD_episodenumber>
  <DVD_season></DVD_season>
  <Director>Vince Misiano</Director>
  <EpImgFlag>2</EpImgFlag>
  <EpisodeName>An Innocent Man</EpisodeName>
  <EpisodeNumber>4</EpisodeNumber>
  <FirstAired>2012-10-31</FirstAired>
  <GuestStars></GuestStars>
  <IMDB_ID>tt2319602</IMDB_ID>
  <Language>en</Language>
  <Overview>Oliver still hasn’t figured out how to get back in Laurel's good graces, but a late night bonding session with Thea gives him the inspiration he needs. Looking into a suspicious murder case, Oliver realizes an innocent man, Peter Declan, was framed by one of the targets on his list. As Arrow, he asks Laurel to help prove Declan's innocence. Meanwhile, Walter asks one of his employees, Felicity Smoak, to look into a $2.6 million withdrawal that Moira made without his knowledge.</Overview>
  <ProductionCode>2J7304</ProductionCode>
  <Rating>7.7</Rating>
  <RatingCount>140</RatingCount>
  <SeasonNumber>1</SeasonNumber>
  <Writer>|Moira Kirland|Lana Cho|</Writer>
  <absolute_number>4</absolute_number>
  <filename>episodes/257655/4369897.jpg</filename>
  <lastupdated>1363684454</lastupdated>
  <seasonid>492243</seasonid>
  <seriesid>257655</seriesid>
</Episode>
<Episode>
  <id>4378737</id>
  <Combined_episodenumber>5</Combined_episodenumber>
  <Combined_season>1</Combined_season>
  <DVD_chapter></DVD_chapter>
  <DVD_discid></DVD_discid>
  <DVD_episodenumber></DVD_episodenumber>
  <DVD_season></DVD_season>
  <Director>Michael Schultz</Director>
  <EpImgFlag>2</EpImgFlag>
  <EpisodeName>Damaged</EpisodeName>
  <EpisodeNumber>5</EpisodeNumber>
  <FirstAired>2012-11-07</FirstAired>
  <GuestStars></GuestStars>
  <IMDB_ID>tt2338426</IMDB_ID>
  <Language>en</Language>
  <Overview>After Detective Lance arrests Oliver for murder, Oliver tells Moira the only lawyer he’ll allow to represent him is Laurel. Laurel takes the case which puts her at odds with her father. Oliver offers to take a polygraph in front Detective Lance but things get tense when Lance asks him if anyone else was on the island with him. Oliver flashes back to when he got his first scar, courtesy of Deathstroke.</Overview>
  <ProductionCode>2J7305</ProductionCode>
  <Rating>7.6</Rating>
  <RatingCount>130</RatingCount>
  <SeasonNumber>1</SeasonNumber>
  <Writer>|Wendy Mericle|Ben Sokolowski|</Writer>
  <absolute_number>5</absolute_number>
  <filename>episodes/257655/4378737.jpg</filename>
  <lastupdated>1364654890</lastupdated>
  <seasonid>492243</seasonid>
  <seriesid>257655</seriesid>
</Episode>
<Episode>
  <id>4386872</id>
  <Combined_episodenumber>6</Combined_episodenumber>
  <Combined_season>1</Combined_season>
  <DVD_chapter></DVD_chapter>
  <DVD_discid></DVD_discid>
  <DVD_episodenumber></DVD_episodenumber>
  <DVD_season></DVD_season>
  <Director>John Behring</Director>
  <EpImgFlag>2</EpImgFlag>
  <EpisodeName>Legacies</EpisodeName>
  <EpisodeNumber>6</EpisodeNumber>
  <FirstAired>2012-11-14</FirstAired>
  <GuestStars>Sebastian Dunn|Currie Graham|Kyle Schmid|</GuestStars>
  <IMDB_ID>tt2377368</IMDB_ID>
  <Language>en</Language>
  <Overview>A gang of bank robbers, dubbed The Royal Flush Gang, hits a local bank and seriously wounds an off-duty police officer during a heist. Diggle tells Oliver he needs to deviate from his father's list and start helping the citizens of Starling City. Meanwhile, Tommy asks Thea for relationship advice, but things get awkward when she realizes he was asking about Laurel. Moira confronts Oliver about all of his recent disappearances in the middle of family functions.</Overview>
  <ProductionCode>2J7306</ProductionCode>
  <Rating>7.5</Rating>
  <RatingCount>128</RatingCount>
  <SeasonNumber>1</SeasonNumber>
  <Writer>|Moira Kirland|Marc Guggenheim|</Writer>
  <absolute_number>6</absolute_number>
  <filename>episodes/257655/4386872.jpg</filename>
  <lastupdated>1364654953</lastupdated>
  <seasonid>492243</seasonid>
  <seriesid>257655</seriesid>
</Episode>
<Episode>
  <id>4398273</id>
  <Combined_episodenumber>7</Combined_episodenumber>
  <Combined_season>1</Combined_season>
  <DVD_chapter></DVD_chapter>
  <DVD_discid></DVD_discid>
  <DVD_episodenumber></DVD_episodenumber>
  <DVD_season></DVD_season>
  <Director>David Grossman</Director>
  <EpImgFlag>2</EpImgFlag>
  <EpisodeName>Muse of Fire</EpisodeName>
  <EpisodeNumber>7</EpisodeNumber>
  <FirstAired>2012-11-28</FirstAired>
  <GuestStars>Jessica De Gouw|Jeffrey Nordling|</GuestStars>
  <IMDB_ID>tt2395358</IMDB_ID>
  <Language>en</Language>
  <Overview>Oliver encounters a mysterious woman, Helena Bertinelli, daughter of mob boss Frank Bertinelli, who he can finally be himself with, but he soon comes to realize she’s hiding dangerous secrets of her own. Helena is on her own personal mission of vengeance and Oliver is caught in the middle. Meanwhile, Tommy is blindsided by an unfortunate turn of events and turns to Laurel for support.</Overview>
  <ProductionCode>2J7307</ProductionCode>
  <Rating>7.5</Rating>
  <RatingCount>120</RatingCount>
  <SeasonNumber>1</SeasonNumber>
  <Writer>|Andrew Kreisberg|Geoff Johns|Marc Guggenheim||</Writer>
  <absolute_number>7</absolute_number>
  <filename>episodes/257655/4398273.jpg</filename>
  <lastupdated>1363041914</lastupdated>
  <seasonid>492243</seasonid>
  <seriesid>257655</seriesid>
</Episode>
<Episode>
  <id>4408785</id>
  <Combined_episodenumber>8</Combined_episodenumber>
  <Combined_season>1</Combined_season>
  <DVD_chapter></DVD_chapter>
  <DVD_discid></DVD_discid>
  <DVD_episodenumber></DVD_episodenumber>
  <DVD_season></DVD_season>
  <Director>Ken Fink</Director>
  <EpImgFlag>2</EpImgFlag>
  <EpisodeName>Vendetta</EpisodeName>
  <EpisodeNumber>8</EpisodeNumber>
  <FirstAired>2012-12-05</FirstAired>
  <GuestStars>Jessica De Gouw</GuestStars>
  <IMDB_ID>tt2423266</IMDB_ID>
  <Language>en</Language>
  <Overview>As Oliver and Helena grow closer, Oliver trains her to be his ally, complete with showing her how to use a crossbow. Diggle disapproves of Oliver sharing his secret with Helena as he’s not sure she can be trusted, but Oliver refuses to listen to his concerns. Helena’s quest for revenge proves to be too strong for Oliver to handle after she kills the head of the Triad and all hell breaks loose.</Overview>
  <ProductionCode>2J7308</ProductionCode>
  <Rating>7.6</Rating>
  <RatingCount>110</RatingCount>
  <SeasonNumber>1</SeasonNumber>
  <Writer>|Beth Schwartz|Andrew Kreisberg|</Writer>
  <absolute_number>8</absolute_number>
  <filename>episodes/257655/4408785.jpg</filename>
  <lastupdated>1363041923</lastupdated>
  <seasonid>492243</seasonid>
  <seriesid>257655</seriesid>
</Episode>
<Episode>
  <id>4415147</id>
  <Combined_episodenumber>9</Combined_episodenumber>
  <Combined_season>1</Combined_season>
  <DVD_chapter></DVD_chapter>
  <DVD_discid></DVD_discid>
  <DVD_episodenumber></DVD_episodenumber>
  <DVD_season></DVD_season>
  <Director>John Dahl</Director>
  <EpImgFlag>2</EpImgFlag>
  <EpisodeName>Year's End</EpisodeName>
  <EpisodeNumber>9</EpisodeNumber>
  <FirstAired>2012-12-12</FirstAired>
  <GuestStars>|Colin Salmon|Byron Mann|Sebastian Dunn|Brian Markinson|</GuestStars>
  <IMDB_ID>tt2448164</IMDB_ID>
  <Language>en</Language>
  <Overview>Oliver discovers that after he and his father went missing, Moira and Thea stopped celebrating Christmas. Determined to make up for lost time and restore a sense of normalcy to the Queen household, Oliver decides to throw the family a Christmas party. Meanwhile, Tommy asks Laurel to spend Christmas with him but she points out that Christmas was also her sister’s Sara’s birthday and she needs to be with her father. Tommy suggests changing things up might be the best way for everyone to heal but Laurel isn’t sure her father is ready for that.</Overview>
  <ProductionCode>2J7309</ProductionCode>
  <Rating>7.6</Rating>
  <RatingCount>110</RatingCount>
  <SeasonNumber>1</SeasonNumber>
  <Writer>|Greg Berlanti|Marc Guggenheim|Andrew Kreisberg|</Writer>
  <absolute_number>9</absolute_number>
  <filename>episodes/257655/4415147.jpg</filename>
  <lastupdated>1363331555</lastupdated>
  <seasonid>492243</seasonid>
  <seriesid>257655</seriesid>
</Episode>
<Episode>
  <id>4421415</id>
  <Combined_episodenumber>10</Combined_episodenumber>
  <Combined_season>1</Combined_season>
  <DVD_chapter></DVD_chapter>
  <DVD_discid></DVD_discid>
  <DVD_episodenumber></DVD_episodenumber>
  <DVD_season></DVD_season>
  <Director>Eagle Egilsson</Director>
  <EpImgFlag>2</EpImgFlag>
  <EpisodeName>Burned</EpisodeName>
  <EpisodeNumber>10</EpisodeNumber>
  <FirstAired>2013-01-16</FirstAired>
  <GuestStars>Annie Ilonzeh|Andrew Dunbar|Danny Nucci|Fraser Corbett|Michael Daingerfield|Freda Perry|Jeffrey C. Robinson|Ramon Terrell|Lee Vincent|</GuestStars>
  <IMDB_ID>tt2467064</IMDB_ID>
  <Language>en</Language>
  <Overview>Oliver’s confidence is shaken after being beaten by the Dark Archer and he takes a break from being Arrow. However, when Laurel calls Arrow for help investigating a firefighter’s suspicious death, he reluctantly agrees but his hesitance while fighting almost costs him his life. Meanwhile, Tommy throws a benefit for the firefighters and Thea tries to lift Moira out of her depressive state.</Overview>
  <ProductionCode>2J7310</ProductionCode>
  <Rating>7.5</Rating>
  <RatingCount>94</RatingCount>
  <SeasonNumber>1</SeasonNumber>
  <Writer>|Moira Kirland|Ben Sokolowski|</Writer>
  <absolute_number>10</absolute_number>
  <filename>episodes/257655/4421415.jpg</filename>
  <lastupdated>1363331606</lastupdated>
  <seasonid>492243</seasonid>
  <seriesid>257655</seriesid>
</Episode>
<Episode>
  <id>4430407</id>
  <Combined_episodenumber>11</Combined_episodenumber>
  <Combined_season>1</Combined_season>
  <DVD_chapter></DVD_chapter>
  <DVD_discid></DVD_discid>
  <DVD_episodenumber></DVD_episodenumber>
  <DVD_season></DVD_season>
  <Director>Nick Copus</Director>
  <EpImgFlag>2</EpImgFlag>
  <EpisodeName>Trust But Verify</EpisodeName>
  <EpisodeNumber>11</EpisodeNumber>
  <FirstAired>2013-01-23</FirstAired>
  <GuestStars>Ben Browder|Melissa Roxburgh|John Barrowman|</GuestStars>
  <IMDB_ID>tt2496078</IMDB_ID>
  <Language>en</Language>
  <Overview>The next person on Arrow’s list is Diggle’s commanding officer and mentor from Afghanistan, Ted Gaynor. Oliver suspects Ted is responsible for recent armoured truck robberies, but Diggle defends Ted and takes a job at Ted’s security company to keep an eye on him. Oliver decides to make a move on Ted, which puts him at odds with Diggle. Meanwhile, Thea  suspects that Moira is having an affair with Malcolm. Tommy and Laurel have an awkward dinner with Malcolm.</Overview>
  <ProductionCode>2J7311</ProductionCode>
  <Rating>7.5</Rating>
  <RatingCount>92</RatingCount>
  <SeasonNumber>1</SeasonNumber>
  <Writer>Gabrielle Stanton</Writer>
  <absolute_number>11</absolute_number>
  <filename>episodes/257655/4430407.jpg</filename>
  <lastupdated>1364760430</lastupdated>
  <seasonid>492243</seasonid>
  <seriesid>257655</seriesid>
</Episode>
<Episode>
  <id>4442088</id>
  <Combined_episodenumber>12</Combined_episodenumber>
  <Combined_season>1</Combined_season>
  <DVD_chapter></DVD_chapter>
  <DVD_discid></DVD_discid>
  <DVD_episodenumber></DVD_episodenumber>
  <DVD_season></DVD_season>
  <Director>Wendey Stanzler</Director>
  <EpImgFlag>2</EpImgFlag>
  <EpisodeName>Vertigo</EpisodeName>
  <EpisodeNumber>12</EpisodeNumber>
  <FirstAired>2013-01-30</FirstAired>
  <GuestStars>|Seth Gabel|Janina Gavankar|Sebastian Dunn|</GuestStars>
  <IMDB_ID>tt2519404</IMDB_ID>
  <Language>en</Language>
  <Overview>Thea is in trouble with the police after she gets caught using a drug called “Vertigo.” Oliver thinks the only way to keep her out of jail is to find the dealer, a man who goes by the name of “The Count”. Oliver turns to McKenna Hall, an old flame and current Vice cop, for help. Meanwhile, Laurel steps in to defend Thea, and Felicity gives Oliver some disturbing news about Moira.</Overview>
  <ProductionCode>2J7312</ProductionCode>
  <Rating>7.6</Rating>
  <RatingCount>84</RatingCount>
  <SeasonNumber>1</SeasonNumber>
  <Writer>|Wendy Mericle|Ben Sokolowski|</Writer>
  <absolute_number>12</absolute_number>
  <filename>episodes/257655/4442088.jpg</filename>
  <lastupdated>1364760476</lastupdated>
  <seasonid>492243</seasonid>
  <seriesid>257655</seriesid>
</Episode>
<Episode>
  <id>4442089</id>
  <Combined_episodenumber>13</Combined_episodenumber>
  <Combined_season>1</Combined_season>
  <DVD_chapter></DVD_chapter>
  <DVD_discid></DVD_discid>
  <DVD_episodenumber></DVD_episodenumber>
  <DVD_season></DVD_season>
  <Director>Guy Bee</Director>
  <EpImgFlag>2</EpImgFlag>
  <EpisodeName>Betrayal</EpisodeName>
  <EpisodeNumber>13</EpisodeNumber>
  <FirstAired>2013-02-06</FirstAired>
  <GuestStars>David Anders|John Barrowman</GuestStars>
  <IMDB_ID>tt2527342</IMDB_ID>
  <Language>en</Language>
  <Overview>Cyrus Vanch, a nefarious criminal, is recently released from prison and intends to re-secure his position as leader of the underworld. His first step is to take down his biggest opponent in the city – Arrow. Meanwhile, Oliver shows Moira his father’s notebook and questions her about the names on the list. Thea is miserable as she starts her internship with Laurel at the legal aid office and Detective Lance makes a deadly mistake that puts Laurel in the crosshairs of Vanch.</Overview>
  <ProductionCode>2J7313</ProductionCode>
  <Rating>7.8</Rating>
  <RatingCount>75</RatingCount>
  <SeasonNumber>1</SeasonNumber>
  <Writer>Lana Cho|Beth Schwartz|</Writer>
  <absolute_number>13</absolute_number>
  <filename>episodes/257655/4442089.jpg</filename>
  <lastupdated>1363420990</lastupdated>
  <seasonid>492243</seasonid>
  <seriesid>257655</seriesid>
</Episode>
<Episode>
  <id>4451617</id>
  <Combined_episodenumber>14</Combined_episodenumber>
  <Combined_season>1</Combined_season>
  <DVD_chapter></DVD_chapter>
  <DVD_discid></DVD_discid>
  <DVD_episodenumber></DVD_episodenumber>
  <DVD_season></DVD_season>
  <Director>John Behring</Director>
  <EpImgFlag>2</EpImgFlag>
  <EpisodeName>The Odyssey</EpisodeName>
  <EpisodeNumber>14</EpisodeNumber>
  <FirstAired>2013-02-13</FirstAired>
  <GuestStars>Sebastian Dunn|Byron Mann|</GuestStars>
  <IMDB_ID>tt2561472</IMDB_ID>
  <Language>en</Language>
  <Overview>After Oliver is shot, he turns to a surprising person for help – Felicity. Diggle is stunned when he sees Felicity walk through the front door of the lair dragging a dying Oliver behind her, and the two team up to save Oliver’s life. As Oliver hovers between life and death, he flashes back to a seminal event on the island – a daring escape attempt with his new friend Slade Wilson.</Overview>
  <ProductionCode>2J7314</ProductionCode>
  <Rating>7.6</Rating>
  <RatingCount>81</RatingCount>
  <SeasonNumber>1</SeasonNumber>
  <Writer>Greg Berlanti | Andrew Kreisberg|</Writer>
  <absolute_number>14</absolute_number>
  <filename>episodes/257655/4451617.jpg</filename>
  <lastupdated>1363421037</lastupdated>
  <seasonid>492243</seasonid>
  <seriesid>257655</seriesid>
</Episode>
<Episode>
  <id>4457361</id>
  <Combined_episodenumber>15</Combined_episodenumber>
  <Combined_season>1</Combined_season>
  <DVD_chapter></DVD_chapter>
  <DVD_discid></DVD_discid>
  <DVD_episodenumber></DVD_episodenumber>
  <DVD_season></DVD_season>
  <Director>Eagle Egilsson</Director>
  <EpImgFlag>2</EpImgFlag>
  <EpisodeName>Dodger</EpisodeName>
  <EpisodeNumber>15</EpisodeNumber>
  <FirstAired>2013-02-20</FirstAired>
  <GuestStars>Chin Han|Colton Haynes|James Callis|Jarod Joseph|Rekha Sharma|</GuestStars>
  <IMDB_ID>tt2605292</IMDB_ID>
  <Language>en</Language>
  <Overview>Felicity tells Oliver he’s all work and no play, so he asks Detective McKenna on a date. A jewel thief named Dodger hits Starling City and targets someone very close to Oliver. Meanwhile, while working with Laurel, Thea gets her purse stolen by a very fast pickpocket named Roy Harper. Moira makes a move against Malcolm.</Overview>
  <ProductionCode>2J7315</ProductionCode>
  <Rating>7.5</Rating>
  <RatingCount>76</RatingCount>
  <SeasonNumber>1</SeasonNumber>
  <Writer>Beth Schwartz</Writer>
  <absolute_number>15</absolute_number>
  <filename>episodes/257655/4457361.jpg</filename>
  <lastupdated>1364043385</lastupdated>
  <seasonid>492243</seasonid>
  <seriesid>257655</seriesid>
</Episode>
<Episode>
  <id>4486515</id>
  <Combined_episodenumber>16</Combined_episodenumber>
  <Combined_season>1</Combined_season>
  <DVD_chapter></DVD_chapter>
  <DVD_discid></DVD_discid>
  <DVD_episodenumber></DVD_episodenumber>
  <DVD_season></DVD_season>
  <Director>Glen Winter</Director>
  <EpImgFlag>2</EpImgFlag>
  <EpisodeName>Dead to Rights</EpisodeName>
  <EpisodeNumber>16</EpisodeNumber>
  <FirstAired>2013-02-27</FirstAired>
  <GuestStars>Michael Rowe|John Barrowman|Kelly Hu|Alex Kingston|</GuestStars>
  <IMDB_ID>tt2633630</IMDB_ID>
  <Language>en</Language>
  <Overview>Oliver and Diggle learn that Deadshot is still alive and his next target is Malcolm. Malcolm invites Tommy to attend a benefit honoring Malcolm for his work with Starling City but Tommy refuses to attend. Oliver encourages his friend to mend his relationship with his father while he can. Meanwhile, Oliver struggles to balance his new relationship with McKenna and his duties as Arrow.</Overview>
  <ProductionCode>2J7316</ProductionCode>
  <Rating>7.6</Rating>
  <RatingCount>71</RatingCount>
  <SeasonNumber>1</SeasonNumber>
  <Writer>Geoff Johns</Writer>
  <absolute_number>16</absolute_number>
  <filename>episodes/257655/4486515.jpg</filename>
  <lastupdated>1364043404</lastupdated>
  <seasonid>492243</seasonid>
  <seriesid>257655</seriesid>
</Episode>
<Episode>
  <id>4486516</id>
  <Combined_episodenumber>17</Combined_episodenumber>
  <Combined_season>1</Combined_season>
  <DVD_chapter></DVD_chapter>
  <DVD_discid></DVD_discid>
  <DVD_episodenumber></DVD_episodenumber>
  <DVD_season></DVD_season>
  <Director>Guy Bee</Director>
  <EpImgFlag>2</EpImgFlag>
  <EpisodeName>The Huntress Returns</EpisodeName>
  <EpisodeNumber>17</EpisodeNumber>
  <FirstAired>2013-03-20</FirstAired>
  <GuestStars>Janina Gavankar|Jessica De Gouw|Alex Kingston|Colton Haynes|</GuestStars>
  <IMDB_ID>tt2654070</IMDB_ID>
  <Language>en</Language>
  <Overview>With his nightclub set to open and a new romance brewing with McKenna, Oliver is as happy as he’s been since returning to Starling City. But when Oliver’s ex, The Huntress, suddenly returns to town, she threatens to destroy everything and everyone he cares about. Meanwhile, Laurel and her father struggle with the return of Dinah Lance who claims she has proof Sara is still alive. Thea gets Roy Harper a job at Oliver’s club, but he’s not too inclined to stop his life of crime. Oliver and Tommy are thrilled they were able to get Steve Aoki to play at the opening of their new nightclub, Verdant.</Overview>
  <ProductionCode>2J7317</ProductionCode>
  <Rating>7.5</Rating>
  <RatingCount>58</RatingCount>
  <SeasonNumber>1</SeasonNumber>
  <Writer>Jake Coburn &amp; Lana Cho</Writer>
  <absolute_number>17</absolute_number>
  <filename>episodes/257655/4486516.jpg</filename>
  <lastupdated>1364146704</lastupdated>
  <seasonid>492243</seasonid>
  <seriesid>257655</seriesid>
</Episode>
<Episode>
  <id>4506514</id>
  <Combined_episodenumber>18</Combined_episodenumber>
  <Combined_season>1</Combined_season>
  <DVD_chapter></DVD_chapter>
  <DVD_discid></DVD_discid>
  <DVD_episodenumber></DVD_episodenumber>
  <DVD_season></DVD_season>
  <Director>Nick Copus</Director>
  <EpImgFlag>2</EpImgFlag>
  <EpisodeName>Salvation</EpisodeName>
  <EpisodeNumber>18</EpisodeNumber>
  <FirstAired>2013-03-27</FirstAired>
  <GuestStars>Christopher Redman|Colton Haynes|Alex Kingston|Celina Jade|</GuestStars>
  <IMDB_ID>tt2698256</IMDB_ID>
  <Language>en</Language>
  <Overview>An angry resident of The Glades who calls himself “The Savior” embarks on a kidnapping and killing spree to punish those he believes have wronged the residents of his neighborhood. To make things worse, he broadcasts these murders online and claims he was inspired by Arrow’s vigilantism. Oliver is horrified by this statement and vows to stop “The Savior,” but his manhunt in intensified after Thea comes to him in tears and tells him Roy has been kidnapped. Laurel is surprised when her father starts to believe her mother’s claim that Sara is still alive. Meanwhile, Malcom tells Moira to find the person responsible for his attempted murder.</Overview>
  <ProductionCode>2J7318</ProductionCode>
  <Rating>7.7</Rating>
  <RatingCount>41</RatingCount>
  <SeasonNumber>1</SeasonNumber>
  <Writer>Drew Z. Greenberg|Wendy Mericle|</Writer>
  <absolute_number>18</absolute_number>
  <filename>episodes/257655/4506514.jpg</filename>
  <lastupdated>1364800913</lastupdated>
  <seasonid>492243</seasonid>
  <seriesid>257655</seriesid>
</Episode>
<Episode>
  <id>4506515</id>
  <Combined_episodenumber>19</Combined_episodenumber>
  <Combined_season>1</Combined_season>
  <DVD_chapter></DVD_chapter>
  <DVD_discid></DVD_discid>
  <DVD_episodenumber></DVD_episodenumber>
  <DVD_season></DVD_season>
  <Director>Michael Offer</Director>
  <EpImgFlag>2</EpImgFlag>
  <EpisodeName>Unfinished Business</EpisodeName>
  <EpisodeNumber>19</EpisodeNumber>
  <FirstAired>2013-04-03</FirstAired>
  <GuestStars>Roger Cross|Seth Gabel|Manu Bennett|Celina Jade|John Barrowman|</GuestStars>
  <IMDB_ID>tt2712930</IMDB_ID>
  <Language>en</Language>
  <Overview>When a young woman meets a violent death after partying at Verdant, Detective Lance and his new partner, Detective Hilton inform Oliver and Tommy that she was on the drug Vertigo. Oliver immediately pays a visit to the mental institution where The Count is locked up, but finds he is in no condition to deal drugs. However, when The Count escapes and Starling City is flooded with even more Vertigo-related violence, Oliver and Diggle make it their mission to track him down. After Detective Lance uncovers incriminating evidence against him, Tommy goes to great lengths to clear his name, and the fallout from his actions leads Tommy down a new, unexpected path. In a flashback to the island, Oliver recalls the lessons he learned from Slade and Shado.  </Overview>
  <ProductionCode>2J7319</ProductionCode>
  <Rating></Rating>
  <RatingCount>0</RatingCount>
  <SeasonNumber>1</SeasonNumber>
  <Writer>Bryan Q. Miller|Lindsey Allen|</Writer>
  <absolute_number>19</absolute_number>
  <filename>episodes/257655/4506515.jpg</filename>
  <lastupdated>1364519345</lastupdated>
  <seasonid>492243</seasonid>
  <seriesid>257655</seriesid>
</Episode>
<Episode>
  <id>4517894</id>
  <Combined_episodenumber>20</Combined_episodenumber>
  <Combined_season>1</Combined_season>
  <DVD_chapter></DVD_chapter>
  <DVD_discid></DVD_discid>
  <DVD_episodenumber></DVD_episodenumber>
  <DVD_season></DVD_season>
  <Director>Ken Fink</Director>
  <EpImgFlag></EpImgFlag>
  <EpisodeName>Home Invasion</EpisodeName>
  <EpisodeNumber>20</EpisodeNumber>
  <FirstAired>2013-04-24</FirstAired>
  <GuestStars></GuestStars>
  <IMDB_ID></IMDB_ID>
  <Language>en</Language>
  <Overview></Overview>
  <ProductionCode>2J7320</ProductionCode>
  <Rating></Rating>
  <RatingCount>0</RatingCount>
  <SeasonNumber>1</SeasonNumber>
  <Writer>Ben Sokolowski|Beth Schwartz</Writer>
  <absolute_number>20</absolute_number>
  <filename></filename>
  <lastupdated>1362990122</lastupdated>
  <seasonid>492243</seasonid>
  <seriesid>257655</seriesid>
</Episode>
<Episode>
  <id>4517949</id>
  <Combined_episodenumber>21</Combined_episodenumber>
  <Combined_season>1</Combined_season>
  <DVD_chapter></DVD_chapter>
  <DVD_discid></DVD_discid>
  <DVD_episodenumber></DVD_episodenumber>
  <DVD_season></DVD_season>
  <Director>Michael Schultz</Director>
  <EpImgFlag></EpImgFlag>
  <EpisodeName>The Undertaking</EpisodeName>
  <EpisodeNumber>21</EpisodeNumber>
  <FirstAired>2013-05-01</FirstAired>
  <GuestStars></GuestStars>
  <IMDB_ID></IMDB_ID>
  <Language>en</Language>
  <Overview></Overview>
  <ProductionCode>2J7321</ProductionCode>
  <Rating></Rating>
  <RatingCount>0</RatingCount>
  <SeasonNumber>1</SeasonNumber>
  <Writer>Jake Coburn|Lana Cho</Writer>
  <absolute_number>21</absolute_number>
  <filename></filename>
  <lastupdated>1363639513</lastupdated>
  <seasonid>492243</seasonid>
  <seriesid>257655</seriesid>
</Episode>
<Episode>
  <id>4517950</id>
  <Combined_episodenumber>22</Combined_episodenumber>
  <Combined_season>1</Combined_season>
  <DVD_chapter></DVD_chapter>
  <DVD_discid></DVD_discid>
  <DVD_episodenumber></DVD_episodenumber>
  <DVD_season></DVD_season>
  <Director></Director>
  <EpImgFlag></EpImgFlag>
  <EpisodeName>Darkness On The Edge Of Town</EpisodeName>
  <EpisodeNumber>22</EpisodeNumber>
  <FirstAired>2013-05-08</FirstAired>
  <GuestStars></GuestStars>
  <IMDB_ID></IMDB_ID>
  <Language>en</Language>
  <Overview></Overview>
  <ProductionCode></ProductionCode>
  <Rating></Rating>
  <RatingCount>0</RatingCount>
  <SeasonNumber>1</SeasonNumber>
  <Writer></Writer>
  <absolute_number></absolute_number>
  <filename></filename>
  <lastupdated>1364559932</lastupdated>
  <seasonid>492243</seasonid>
  <seriesid>257655</seriesid>
</Episode>
<Episode>
  <id>4517951</id>
  <Combined_episodenumber>23</Combined_episodenumber>
  <Combined_season>1</Combined_season>
  <DVD_chapter></DVD_chapter>
  <DVD_discid></DVD_discid>
  <DVD_episodenumber></DVD_episodenumber>
  <DVD_season></DVD_season>
  <Director></Director>
  <EpImgFlag></EpImgFlag>
  <EpisodeName>TBA</EpisodeName>
  <EpisodeNumber>23</EpisodeNumber>
  <FirstAired>2013-05-15</FirstAired>
  <GuestStars></GuestStars>
  <IMDB_ID></IMDB_ID>
  <Language>en</Language>
  <Overview></Overview>
  <ProductionCode></ProductionCode>
  <Rating></Rating>
  <RatingCount>0</RatingCount>
  <SeasonNumber>1</SeasonNumber>
  <Writer></Writer>
  <absolute_number></absolute_number>
  <filename></filename>
  <lastupdated>1362689216</lastupdated>
  <seasonid>492243</seasonid>
  <seriesid>257655</seriesid>
</Episode>
</Data>