<?xml version="1.0" encoding="UTF-8" ?>
<Actors>
<Actor>
  <id>40624</id>
  <Image>actors/40624.jpg</Image>
  <Name>Emily Deschanel</Name>
  <Role>Dr. Temperance Brennan</Role>
  <SortOrder>0</SortOrder>
</Actor>
<Actor>
  <id>40622</id>
  <Image>actors/40622.jpg</Image>
  <Name>David Boreanaz</Name>
  <Role>Seeley Booth</Role>
  <SortOrder>1</SortOrder>
</Actor>
<Actor>
  <id>40623</id>
  <Image>actors/40623.jpg</Image>
  <Name>T.J. Thyne</Name>
  <Role>Dr. Jack Hodgins</Role>
  <SortOrder>2</SortOrder>
</Actor>
<Actor>
  <id>86281</id>
  <Image>actors/86281.jpg</Image>
  <Name>John Francis Daley</Name>
  <Role>Dr. Lance Sweets</Role>
  <SortOrder>3</SortOrder>
</Actor>
<Actor>
  <id>77750</id>
  <Image>actors/77750.jpg</Image>
  <Name>Michaela Conlin</Name>
  <Role>Angela Montenegro</Role>
  <SortOrder>3</SortOrder>
</Actor>
<Actor>
  <id>77749</id>
  <Image>actors/77749.jpg</Image>
  <Name>Tamara Taylor</Name>
  <Role>Dr. Camille Saroyan</Role>
  <SortOrder>3</SortOrder>
</Actor>
<Actor>
  <id>40625</id>
  <Image>actors/40625.jpg</Image>
  <Name>Eric Millegan</Name>
  <Role>Dr. Zack Addy</Role>
  <SortOrder>3</SortOrder>
</Actor>
<Actor>
  <id>40621</id>
  <Image>actors/40621.jpg</Image>
  <Name>Jonathan Adams</Name>
  <Role>Dr. Daniel Goodman</Role>
  <SortOrder>3</SortOrder>
</Actor>
<Actor>
  <id>309890</id>
  <Image>actors/309890.jpg</Image>
  <Name>Joel Moore</Name>
  <Role>Colin Fisher</Role>
  <SortOrder>3</SortOrder>
</Actor>
<Actor>
  <id>309889</id>
  <Image>actors/309889.jpg</Image>
  <Name>Ryan Cartwright</Name>
  <Role>Vincent Nigel-Murray</Role>
  <SortOrder>3</SortOrder>
</Actor>
<Actor>
  <id>309888</id>
  <Image>actors/309888.jpg</Image>
  <Name>Eugene Byrd</Name>
  <Role>Dr. Clark Edison</Role>
  <SortOrder>3</SortOrder>
</Actor>
<Actor>
  <id>309887</id>
  <Image>actors/309887.jpg</Image>
  <Name>Patricia Belcher</Name>
  <Role>Caroline Julian</Role>
  <SortOrder>3</SortOrder>
</Actor>
<Actor>
  <id>144531</id>
  <Image>actors/144531.jpg</Image>
  <Name>Carla Gallo</Name>
  <Role>Daisy Wick</Role>
  <SortOrder>3</SortOrder>
</Actor>
<Actor>
  <id>144511</id>
  <Image>actors/144511.jpg</Image>
  <Name>Pej Vahdat</Name>
  <Role>Arastoo Vaziri</Role>
  <SortOrder>3</SortOrder>
</Actor>
<Actor>
  <id>144501</id>
  <Image>actors/144501.jpg</Image>
  <Name>Michael Grant Terry</Name>
  <Role>Wendell Bray</Role>
  <SortOrder>3</SortOrder>
</Actor>
<Actor>
  <id>144481</id>
  <Image>actors/144481.jpg</Image>
  <Name>Ryan O'Neal</Name>
  <Role>Max Brennan</Role>
  <SortOrder>3</SortOrder>
</Actor>
</Actors>