<?xml version="1.0" encoding="UTF-8" ?>
<Banners>
<Banner>
  <id>913153</id>
  <BannerPath>fanart/original/258480-6.jpg</BannerPath>
  <BannerType>fanart</BannerType>
  <BannerType2>1920x1080</BannerType2>
  <Colors></Colors>
  <Language>en</Language>
  <Rating>8.5000</Rating>
  <RatingCount>4</RatingCount>
  <SeriesName>false</SeriesName>
  <ThumbnailPath>_cache/fanart/original/258480-6.jpg</ThumbnailPath>
  <VignettePath>fanart/vignette/258480-6.jpg</VignettePath>
</Banner>
<Banner>
  <id>906480</id>
  <BannerPath>fanart/original/258480-1.jpg</BannerPath>
  <BannerType>fanart</BannerType>
  <BannerType2>1920x1080</BannerType2>
  <Colors></Colors>
  <Language>en</Language>
  <Rating>8.1250</Rating>
  <RatingCount>8</RatingCount>
  <SeriesName>false</SeriesName>
  <ThumbnailPath>_cache/fanart/original/258480-1.jpg</ThumbnailPath>
  <VignettePath>fanart/vignette/258480-1.jpg</VignettePath>
</Banner>
<Banner>
  <id>907038</id>
  <BannerPath>fanart/original/258480-4.jpg</BannerPath>
  <BannerType>fanart</BannerType>
  <BannerType2>1920x1080</BannerType2>
  <Colors>|252,252,250|6,35,41|223,245,255|</Colors>
  <Language>en</Language>
  <Rating>8.1250</Rating>
  <RatingCount>8</RatingCount>
  <SeriesName>false</SeriesName>
  <ThumbnailPath>_cache/fanart/original/258480-4.jpg</ThumbnailPath>
  <VignettePath>fanart/vignette/258480-4.jpg</VignettePath>
</Banner>
<Banner>
  <id>913156</id>
  <BannerPath>fanart/original/258480-9.jpg</BannerPath>
  <BannerType>fanart</BannerType>
  <BannerType2>1920x1080</BannerType2>
  <Colors></Colors>
  <Language>en</Language>
  <Rating>8.0000</Rating>
  <RatingCount>1</RatingCount>
  <SeriesName>false</SeriesName>
  <ThumbnailPath>_cache/fanart/original/258480-9.jpg</ThumbnailPath>
  <VignettePath>fanart/vignette/258480-9.jpg</VignettePath>
</Banner>
<Banner>
  <id>907036</id>
  <BannerPath>fanart/original/258480-2.jpg</BannerPath>
  <BannerType>fanart</BannerType>
  <BannerType2>1280x720</BannerType2>
  <Colors></Colors>
  <Language>en</Language>
  <Rating>7.7500</Rating>
  <RatingCount>4</RatingCount>
  <SeriesName>false</SeriesName>
  <ThumbnailPath>_cache/fanart/original/258480-2.jpg</ThumbnailPath>
  <VignettePath>fanart/vignette/258480-2.jpg</VignettePath>
</Banner>
<Banner>
  <id>907037</id>
  <BannerPath>fanart/original/258480-3.jpg</BannerPath>
  <BannerType>fanart</BannerType>
  <BannerType2>1280x720</BannerType2>
  <Colors>|11,13,12|235,208,139|37,97,95|</Colors>
  <Language>en</Language>
  <Rating>7.6667</Rating>
  <RatingCount>6</RatingCount>
  <SeriesName>false</SeriesName>
  <ThumbnailPath>_cache/fanart/original/258480-3.jpg</ThumbnailPath>
  <VignettePath>fanart/vignette/258480-3.jpg</VignettePath>
</Banner>
<Banner>
  <id>913155</id>
  <BannerPath>fanart/original/258480-8.jpg</BannerPath>
  <BannerType>fanart</BannerType>
  <BannerType2>1920x1080</BannerType2>
  <Colors></Colors>
  <Language>en</Language>
  <Rating>5.0000</Rating>
  <RatingCount>2</RatingCount>
  <SeriesName>false</SeriesName>
  <ThumbnailPath>_cache/fanart/original/258480-8.jpg</ThumbnailPath>
  <VignettePath>fanart/vignette/258480-8.jpg</VignettePath>
</Banner>
<Banner>
  <id>907039</id>
  <BannerPath>fanart/original/258480-5.jpg</BannerPath>
  <BannerType>fanart</BannerType>
  <BannerType2>1280x720</BannerType2>
  <Colors></Colors>
  <Language>en</Language>
  <Rating>4.0000</Rating>
  <RatingCount>3</RatingCount>
  <SeriesName>true</SeriesName>
  <ThumbnailPath>_cache/fanart/original/258480-5.jpg</ThumbnailPath>
  <VignettePath>fanart/vignette/258480-5.jpg</VignettePath>
</Banner>
<Banner>
  <id>913154</id>
  <BannerPath>fanart/original/258480-7.jpg</BannerPath>
  <BannerType>fanart</BannerType>
  <BannerType2>1920x1080</BannerType2>
  <Colors></Colors>
  <Language>en</Language>
  <Rating>1.0000</Rating>
  <RatingCount>1</RatingCount>
  <SeriesName>true</SeriesName>
  <ThumbnailPath>_cache/fanart/original/258480-7.jpg</ThumbnailPath>
  <VignettePath>fanart/vignette/258480-7.jpg</VignettePath>
</Banner>
<Banner>
  <id>910030</id>
  <BannerPath>posters/258480-3.jpg</BannerPath>
  <BannerType>poster</BannerType>
  <BannerType2>680x1000</BannerType2>
  <Language>en</Language>
  <Rating>7.8333</Rating>
  <RatingCount>6</RatingCount>
</Banner>
<Banner>
  <id>907034</id>
  <BannerPath>posters/258480-1.jpg</BannerPath>
  <BannerType>poster</BannerType>
  <BannerType2>680x1000</BannerType2>
  <Language>en</Language>
  <Rating>7.8000</Rating>
  <RatingCount>5</RatingCount>
</Banner>
<Banner>
  <id>908770</id>
  <BannerPath>posters/258480-2.jpg</BannerPath>
  <BannerType>poster</BannerType>
  <BannerType2>680x1000</BannerType2>
  <Language>en</Language>
  <Rating>6.4000</Rating>
  <RatingCount>5</RatingCount>
</Banner>
<Banner>
  <id>911968</id>
  <BannerPath>seasons/258480-0.jpg</BannerPath>
  <BannerType>season</BannerType>
  <BannerType2>season</BannerType2>
  <Language>en</Language>
  <Rating>7.7500</Rating>
  <RatingCount>4</RatingCount>
  <Season>0</Season>
</Banner>
<Banner>
  <id>913163</id>
  <BannerPath>seasons/258480-1-2.jpg</BannerPath>
  <BannerType>season</BannerType>
  <BannerType2>season</BannerType2>
  <Language>en</Language>
  <Rating>7.2000</Rating>
  <RatingCount>5</RatingCount>
  <Season>1</Season>
</Banner>
<Banner>
  <id>909395</id>
  <BannerPath>seasons/258480-1.jpg</BannerPath>
  <BannerType>season</BannerType>
  <BannerType2>season</BannerType2>
  <Language>en</Language>
  <Rating>7.0000</Rating>
  <RatingCount>6</RatingCount>
  <Season>1</Season>
</Banner>
<Banner>
  <id>913162</id>
  <BannerPath>seasons/258480-0-2.jpg</BannerPath>
  <BannerType>season</BannerType>
  <BannerType2>season</BannerType2>
  <Language>en</Language>
  <Rating>6.3333</Rating>
  <RatingCount>3</RatingCount>
  <Season>0</Season>
</Banner>
<Banner>
  <id>907061</id>
  <BannerPath>graphical/258480-g.jpg</BannerPath>
  <BannerType>series</BannerType>
  <BannerType2>graphical</BannerType2>
  <Language>en</Language>
  <Rating>10.0000</Rating>
  <RatingCount>1</RatingCount>
</Banner>
<Banner>
  <id>908769</id>
  <BannerPath>graphical/258480-g2.jpg</BannerPath>
  <BannerType>series</BannerType>
  <BannerType2>graphical</BannerType2>
  <Language>en</Language>
  <Rating>6.0000</Rating>
  <RatingCount>1</RatingCount>
</Banner>
<Banner>
  <id>909330</id>
  <BannerPath>graphical/258480-g3.jpg</BannerPath>
  <BannerType>series</BannerType>
  <BannerType2>graphical</BannerType2>
  <Language>en</Language>
  <Rating>5.5000</Rating>
  <RatingCount>2</RatingCount>
</Banner>
</Banners>