<?xml version="1.0" encoding="UTF-8" ?>
<Data><Series>
  <id>258480</id>
  <Actors>|Elijah Wood|Mandy Moore|Emmanuelle Chriqui|Fred Tatasciore|Reginald VelJohnson|Nate Cordry|Bruce Boxleitner|Paul Reubens|Lance Henriksen|</Actors>
  <Airs_DayOfWeek>Monday</Airs_DayOfWeek>
  <Airs_Time>12:00 AM</Airs_Time>
  <ContentRating>TV-Y7</ContentRating>
  <FirstAired>2012-05-18</FirstAired>
  <Genre>|Action|Adventure|Animation|Science-Fiction|</Genre>
  <IMDB_ID>tt1812523</IMDB_ID>
  <Language>en</Language>
  <Network>Disney XD</Network>
  <NetworkID></NetworkID>
  <Overview>Beck is a young program who becomes the skillful leader of a revolution inside the computer world of The Grid. His mission is to free his home and friends from the reign of the villainous Clu 2 and his henchman General Tesler. Beck will be trained by Tron - the greatest warrior the Grid has ever come to know. Tron will not only teach Beck the fighting and light cycle skills he needs to challenge this brutal military occupation, but he will be a guide and mentor to him as he grows beyond his youthful, impulsive nature into a courageous, powerful, strong leader. Destined to become the next Tron of the system, Beck adopts Tron's persona and becomes the archenemy of General Tesler and his oppressive forces.</Overview>
  <Rating>8.8</Rating>
  <RatingCount>31</RatingCount>
  <Runtime>30</Runtime>
  <SeriesID></SeriesID>
  <SeriesName>Tron: Uprising</SeriesName>
  <Status>Continuing</Status>
  <added>2012-04-25 10:04:28</added>
  <addedBy>363248</addedBy>
  <banner>graphical/258480-g.jpg</banner>
  <fanart>fanart/original/258480-6.jpg</fanart>
  <lastupdated>1364868943</lastupdated>
  <poster>posters/258480-3.jpg</poster>
  <zap2it_id></zap2it_id>
</Series>
<Episode>
  <id>4319817</id>
  <Combined_episodenumber>1</Combined_episodenumber>
  <Combined_season>0</Combined_season>
  <DVD_chapter></DVD_chapter>
  <DVD_discid></DVD_discid>
  <DVD_episodenumber></DVD_episodenumber>
  <DVD_season></DVD_season>
  <Director>Charlie Bean</Director>
  <EpImgFlag>2</EpImgFlag>
  <EpisodeName>Beck's Beginning</EpisodeName>
  <EpisodeNumber>1</EpisodeNumber>
  <FirstAired>2012-05-18</FirstAired>
  <GuestStars></GuestStars>
  <IMDB_ID>tt2402005</IMDB_ID>
  <Language>en</Language>
  <Overview>&quot;TRON: Uprising, Beck's Beginning&quot; introduces Beck, a young mechanic living in Argon City, a growing metropolis in a far off corner of The Grid that has just been occupied by General Tesler, a henchman of the notorious Clu. After his best friend Bodhi is ruthlessly derezzed by Clu's army, Beck seeks justice for his lost friend and launches a crusade against the regime. His rebellion captures the attention of Tron, the greatest warrior The Grid has ever known, who sees the potential in Beck and trains him to be his successor. Labeled with the moniker of The Renegade, Beck sparks a revolution to fight for the freedom of The Grid.</Overview>
  <ProductionCode></ProductionCode>
  <Rating>8.3</Rating>
  <RatingCount>9</RatingCount>
  <SeasonNumber>0</SeasonNumber>
  <Writer>Edward Kitsis|Adam Horowitz</Writer>
  <absolute_number></absolute_number>
  <airsafter_season></airsafter_season>
  <airsbefore_episode>1</airsbefore_episode>
  <airsbefore_season>1</airsbefore_season>
  <filename>episodes/258480/4319817.jpg</filename>
  <lastupdated>1358702000</lastupdated>
  <seasonid>491005</seasonid>
  <seriesid>258480</seriesid>
</Episode>
<Episode>
  <id>4318713</id>
  <Combined_episodenumber>1</Combined_episodenumber>
  <Combined_season>1</Combined_season>
  <DVD_chapter></DVD_chapter>
  <DVD_discid></DVD_discid>
  <DVD_episodenumber></DVD_episodenumber>
  <DVD_season></DVD_season>
  <Director>|Charlie Bean|Joseph Kosinski|Sean Bailey|</Director>
  <EpImgFlag>2</EpImgFlag>
  <EpisodeName>The Renegade (1)</EpisodeName>
  <EpisodeNumber>1</EpisodeNumber>
  <FirstAired>2012-06-07</FirstAired>
  <GuestStars></GuestStars>
  <IMDB_ID>tt2402007</IMDB_ID>
  <Language>en</Language>
  <Overview>In the premiere episode, &quot;The Renegade Part 1,&quot; Beck's training with Tron is interrupted when he's captured by a Recognizer patrol and sent to the Coliseum to fight in the games. There Beck meets a fellow prisoner Cutler, a fierce warrior program who has been inspired by The Renegade's actions. Recharged by their shared passion for freedom, Beck and Cutler fight their way out of the deadly disc games. Meanwhile, Zed and Mara head out for night on the town, but run into trouble when an enchanted Zed is lured away by Perl (voiced by Kate Mara), a program from the wrong side of the tracks. </Overview>
  <ProductionCode></ProductionCode>
  <Rating>8.1</Rating>
  <RatingCount>22</RatingCount>
  <SeasonNumber>1</SeasonNumber>
  <Writer></Writer>
  <absolute_number></absolute_number>
  <filename>episodes/258480/4318713.jpg</filename>
  <lastupdated>1358691960</lastupdated>
  <seasonid>491452</seasonid>
  <seriesid>258480</seriesid>
</Episode>
<Episode>
  <id>4330203</id>
  <Combined_episodenumber>2</Combined_episodenumber>
  <Combined_season>1</Combined_season>
  <DVD_chapter></DVD_chapter>
  <DVD_discid></DVD_discid>
  <DVD_episodenumber></DVD_episodenumber>
  <DVD_season></DVD_season>
  <Director>Charlie Bean</Director>
  <EpImgFlag>2</EpImgFlag>
  <EpisodeName>The Renegade (2)</EpisodeName>
  <EpisodeNumber>2</EpisodeNumber>
  <FirstAired>2012-06-14</FirstAired>
  <GuestStars>Kate Mara, Lance Reddick</GuestStars>
  <IMDB_ID>tt2402009</IMDB_ID>
  <Language>en</Language>
  <Overview>While Mara works with Zed to get the Chief's rare bike back, Beck must figure out a way to release his friend from a death sentence and allow the resistance to begin again with recruiting. </Overview>
  <ProductionCode></ProductionCode>
  <Rating>8.0</Rating>
  <RatingCount>22</RatingCount>
  <SeasonNumber>1</SeasonNumber>
  <Writer>Kamran Pasha, Adam Nussdorf, Bill Wolkoff</Writer>
  <absolute_number></absolute_number>
  <filename>episodes/258480/4330203.jpg</filename>
  <lastupdated>1358691984</lastupdated>
  <seasonid>491452</seasonid>
  <seriesid>258480</seriesid>
</Episode>
<Episode>
  <id>4340258</id>
  <Combined_episodenumber>3</Combined_episodenumber>
  <Combined_season>1</Combined_season>
  <DVD_chapter></DVD_chapter>
  <DVD_discid></DVD_discid>
  <DVD_episodenumber></DVD_episodenumber>
  <DVD_season></DVD_season>
  <Director></Director>
  <EpImgFlag>2</EpImgFlag>
  <EpisodeName>Blackout</EpisodeName>
  <EpisodeNumber>3</EpisodeNumber>
  <FirstAired>2012-06-21</FirstAired>
  <GuestStars></GuestStars>
  <IMDB_ID></IMDB_ID>
  <Language>en</Language>
  <Overview>As Clu's forces begin an energy mining operation near the city of Argon, it has the side effect of causing blackouts  throughout the city.  Beck and tron learn of this and decide to plant a bomb on the mining station, but a race is about to tear through tunnels which will become engulfed in flames. Can Beck save everyone in time?</Overview>
  <ProductionCode>104</ProductionCode>
  <Rating>8.1</Rating>
  <RatingCount>20</RatingCount>
  <SeasonNumber>1</SeasonNumber>
  <Writer></Writer>
  <absolute_number>4</absolute_number>
  <filename>episodes/258480/4340258.jpg</filename>
  <lastupdated>1358701967</lastupdated>
  <seasonid>491452</seasonid>
  <seriesid>258480</seriesid>
</Episode>
<Episode>
  <id>4340259</id>
  <Combined_episodenumber>4</Combined_episodenumber>
  <Combined_season>1</Combined_season>
  <DVD_chapter></DVD_chapter>
  <DVD_discid></DVD_discid>
  <DVD_episodenumber></DVD_episodenumber>
  <DVD_season></DVD_season>
  <Director></Director>
  <EpImgFlag>2</EpImgFlag>
  <EpisodeName>Identity</EpisodeName>
  <EpisodeNumber>4</EpisodeNumber>
  <FirstAired>2012-06-28</FirstAired>
  <GuestStars></GuestStars>
  <IMDB_ID></IMDB_ID>
  <Language>en</Language>
  <Overview>Beck's memory falls to pieces after his identity disc is stolen; he and Tron must find it before his alter-ego is revealed. 
</Overview>
  <ProductionCode>105</ProductionCode>
  <Rating>8.3</Rating>
  <RatingCount>20</RatingCount>
  <SeasonNumber>1</SeasonNumber>
  <Writer></Writer>
  <absolute_number>5</absolute_number>
  <filename>episodes/258480/4340259.jpg</filename>
  <lastupdated>1358691969</lastupdated>
  <seasonid>491452</seasonid>
  <seriesid>258480</seriesid>
</Episode>
<Episode>
  <id>4347660</id>
  <Combined_episodenumber>5</Combined_episodenumber>
  <Combined_season>1</Combined_season>
  <DVD_chapter></DVD_chapter>
  <DVD_discid></DVD_discid>
  <DVD_episodenumber></DVD_episodenumber>
  <DVD_season></DVD_season>
  <Director></Director>
  <EpImgFlag>2</EpImgFlag>
  <EpisodeName>Isolated</EpisodeName>
  <EpisodeNumber>5</EpisodeNumber>
  <FirstAired>2012-07-05</FirstAired>
  <GuestStars></GuestStars>
  <IMDB_ID></IMDB_ID>
  <Language>en</Language>
  <Overview>Beck and Paige are trapped together on an island that is falling apart, but they continue to fight. Paige's backstory has a few pieces filled in.</Overview>
  <ProductionCode>106</ProductionCode>
  <Rating>8.1</Rating>
  <RatingCount>17</RatingCount>
  <SeasonNumber>1</SeasonNumber>
  <Writer></Writer>
  <absolute_number>6</absolute_number>
  <filename>episodes/258480/4347660.jpg</filename>
  <lastupdated>1358691975</lastupdated>
  <seasonid>491452</seasonid>
  <seriesid>258480</seriesid>
</Episode>
<Episode>
  <id>4347661</id>
  <Combined_episodenumber>6</Combined_episodenumber>
  <Combined_season>1</Combined_season>
  <DVD_chapter></DVD_chapter>
  <DVD_discid></DVD_discid>
  <DVD_episodenumber></DVD_episodenumber>
  <DVD_season></DVD_season>
  <Director></Director>
  <EpImgFlag>2</EpImgFlag>
  <EpisodeName>Price of Power</EpisodeName>
  <EpisodeNumber>6</EpisodeNumber>
  <FirstAired>2012-07-12</FirstAired>
  <GuestStars></GuestStars>
  <IMDB_ID></IMDB_ID>
  <Language>en</Language>
  <Overview>Beck intercepts a secret weapon that gives any program who wears it increased strength and agility, but it also makes the program more aggressive and reckless.</Overview>
  <ProductionCode>107</ProductionCode>
  <Rating>8.2</Rating>
  <RatingCount>19</RatingCount>
  <SeasonNumber>1</SeasonNumber>
  <Writer></Writer>
  <absolute_number>7</absolute_number>
  <filename>episodes/258480/4347661.jpg</filename>
  <lastupdated>1358692015</lastupdated>
  <seasonid>491452</seasonid>
  <seriesid>258480</seriesid>
</Episode>
<Episode>
  <id>4421467</id>
  <Combined_episodenumber>7</Combined_episodenumber>
  <Combined_season>1</Combined_season>
  <DVD_chapter></DVD_chapter>
  <DVD_discid></DVD_discid>
  <DVD_episodenumber></DVD_episodenumber>
  <DVD_season></DVD_season>
  <Director></Director>
  <EpImgFlag>2</EpImgFlag>
  <EpisodeName>The Reward</EpisodeName>
  <EpisodeNumber>7</EpisodeNumber>
  <FirstAired>2012-10-19</FirstAired>
  <GuestStars></GuestStars>
  <IMDB_ID></IMDB_ID>
  <Language>en</Language>
  <Overview>Occupation arrests an innocent program falsely accused of being The Renegade.</Overview>
  <ProductionCode></ProductionCode>
  <Rating>7.7</Rating>
  <RatingCount>14</RatingCount>
  <SeasonNumber>1</SeasonNumber>
  <Writer></Writer>
  <absolute_number></absolute_number>
  <filename>episodes/258480/4421467.jpg</filename>
  <lastupdated>1358691995</lastupdated>
  <seasonid>491452</seasonid>
  <seriesid>258480</seriesid>
</Episode>
<Episode>
  <id>4425287</id>
  <Combined_episodenumber>8</Combined_episodenumber>
  <Combined_season>1</Combined_season>
  <DVD_chapter></DVD_chapter>
  <DVD_discid></DVD_discid>
  <DVD_episodenumber></DVD_episodenumber>
  <DVD_season></DVD_season>
  <Director></Director>
  <EpImgFlag>3</EpImgFlag>
  <EpisodeName>Scars (1)</EpisodeName>
  <EpisodeNumber>8</EpisodeNumber>
  <FirstAired>2012-10-26</FirstAired>
  <GuestStars></GuestStars>
  <IMDB_ID></IMDB_ID>
  <Language>en</Language>
  <Overview>Part 1 of 2. Tron's history before the occupation is revealed. Meanwhile, Beck tries to convince Tron to stop his planned revenge against a program named Dyson that was once his friend.</Overview>
  <ProductionCode></ProductionCode>
  <Rating>8.2</Rating>
  <RatingCount>11</RatingCount>
  <SeasonNumber>1</SeasonNumber>
  <Writer></Writer>
  <absolute_number></absolute_number>
  <filename>episodes/258480/4425287.jpg</filename>
  <lastupdated>1358692003</lastupdated>
  <seasonid>491452</seasonid>
  <seriesid>258480</seriesid>
</Episode>
<Episode>
  <id>4425288</id>
  <Combined_episodenumber>9</Combined_episodenumber>
  <Combined_season>1</Combined_season>
  <DVD_chapter></DVD_chapter>
  <DVD_discid></DVD_discid>
  <DVD_episodenumber></DVD_episodenumber>
  <DVD_season></DVD_season>
  <Director></Director>
  <EpImgFlag>2</EpImgFlag>
  <EpisodeName>Scars (2)</EpisodeName>
  <EpisodeNumber>9</EpisodeNumber>
  <FirstAired>2012-11-02</FirstAired>
  <GuestStars></GuestStars>
  <IMDB_ID></IMDB_ID>
  <Language>en</Language>
  <Overview>Part 2 of 2. Will Beck be able to stop Tron from murdering Dyson for revenge?</Overview>
  <ProductionCode></ProductionCode>
  <Rating>8.3</Rating>
  <RatingCount>17</RatingCount>
  <SeasonNumber>1</SeasonNumber>
  <Writer></Writer>
  <absolute_number></absolute_number>
  <filename>episodes/258480/4425288.jpg</filename>
  <lastupdated>1358692008</lastupdated>
  <seasonid>491452</seasonid>
  <seriesid>258480</seriesid>
</Episode>
<Episode>
  <id>4425289</id>
  <Combined_episodenumber>10</Combined_episodenumber>
  <Combined_season>1</Combined_season>
  <DVD_chapter></DVD_chapter>
  <DVD_discid></DVD_discid>
  <DVD_episodenumber></DVD_episodenumber>
  <DVD_season></DVD_season>
  <Director></Director>
  <EpImgFlag>2</EpImgFlag>
  <EpisodeName>Grounded</EpisodeName>
  <EpisodeNumber>10</EpisodeNumber>
  <FirstAired>2012-12-03</FirstAired>
  <GuestStars></GuestStars>
  <IMDB_ID></IMDB_ID>
  <Language>en</Language>
  <Overview>The Renegade is challenged by Tesler to a showdown, but Beck is grounded at the garage by Able. The situation forces Beck to choose between his duty to Able and his responsibilities as the Renegade.</Overview>
  <ProductionCode></ProductionCode>
  <Rating>8.0</Rating>
  <RatingCount>16</RatingCount>
  <SeasonNumber>1</SeasonNumber>
  <Writer></Writer>
  <absolute_number></absolute_number>
  <filename>episodes/258480/4425289.jpg</filename>
  <lastupdated>1354966833</lastupdated>
  <seasonid>491452</seasonid>
  <seriesid>258480</seriesid>
</Episode>
<Episode>
  <id>4425292</id>
  <Combined_episodenumber>11</Combined_episodenumber>
  <Combined_season>1</Combined_season>
  <DVD_chapter></DVD_chapter>
  <DVD_discid></DVD_discid>
  <DVD_episodenumber></DVD_episodenumber>
  <DVD_season></DVD_season>
  <Director></Director>
  <EpImgFlag>2</EpImgFlag>
  <EpisodeName>We Both Know How This Ends</EpisodeName>
  <EpisodeNumber>11</EpisodeNumber>
  <FirstAired>2012-12-10</FirstAired>
  <GuestStars></GuestStars>
  <IMDB_ID></IMDB_ID>
  <Language>en</Language>
  <Overview>Mara tries to prove her leadership ability when she is put in charge of the garage while Able is away.</Overview>
  <ProductionCode></ProductionCode>
  <Rating>7.9</Rating>
  <RatingCount>14</RatingCount>
  <SeasonNumber>1</SeasonNumber>
  <Writer></Writer>
  <absolute_number></absolute_number>
  <filename>episodes/258480/4425292.jpg</filename>
  <lastupdated>1355233316</lastupdated>
  <seasonid>491452</seasonid>
  <seriesid>258480</seriesid>
</Episode>
<Episode>
  <id>4425293</id>
  <Combined_episodenumber>12</Combined_episodenumber>
  <Combined_season>1</Combined_season>
  <DVD_chapter></DVD_chapter>
  <DVD_discid></DVD_discid>
  <DVD_episodenumber></DVD_episodenumber>
  <DVD_season></DVD_season>
  <Director></Director>
  <EpImgFlag>2</EpImgFlag>
  <EpisodeName>The Stranger</EpisodeName>
  <EpisodeNumber>12</EpisodeNumber>
  <FirstAired>2012-12-17</FirstAired>
  <GuestStars></GuestStars>
  <IMDB_ID></IMDB_ID>
  <Language>en</Language>
  <Overview>Beck falls into a trap and discovers a shocking secret; Able uncovers a plot to build a super weapon.</Overview>
  <ProductionCode></ProductionCode>
  <Rating>7.5</Rating>
  <RatingCount>12</RatingCount>
  <SeasonNumber>1</SeasonNumber>
  <Writer></Writer>
  <absolute_number></absolute_number>
  <filename>episodes/258480/4425293.jpg</filename>
  <lastupdated>1355800949</lastupdated>
  <seasonid>491452</seasonid>
  <seriesid>258480</seriesid>
</Episode>
<Episode>
  <id>4457203</id>
  <Combined_episodenumber>13</Combined_episodenumber>
  <Combined_season>1</Combined_season>
  <DVD_chapter></DVD_chapter>
  <DVD_discid></DVD_discid>
  <DVD_episodenumber></DVD_episodenumber>
  <DVD_season></DVD_season>
  <Director></Director>
  <EpImgFlag>2</EpImgFlag>
  <EpisodeName>Tagged</EpisodeName>
  <EpisodeNumber>13</EpisodeNumber>
  <FirstAired>2012-12-24</FirstAired>
  <GuestStars></GuestStars>
  <IMDB_ID></IMDB_ID>
  <Language>en</Language>
  <Overview>The Renegade recruits three fearless supporters who have expressed their commitment to the revolution by tagging the grid with the message that &quot;Tron Lives.&quot; After inviting them to join in the resistance, he discovers one of them is his best friend Mara and has to convince them that tagging is not the right path and devise a new plan targeting Tesler's ship.</Overview>
  <ProductionCode></ProductionCode>
  <Rating>7.7</Rating>
  <RatingCount>13</RatingCount>
  <SeasonNumber>1</SeasonNumber>
  <Writer></Writer>
  <absolute_number></absolute_number>
  <filename>episodes/258480/4457203.jpg</filename>
  <lastupdated>1356739389</lastupdated>
  <seasonid>491452</seasonid>
  <seriesid>258480</seriesid>
</Episode>
<Episode>
  <id>4457204</id>
  <Combined_episodenumber>14</Combined_episodenumber>
  <Combined_season>1</Combined_season>
  <DVD_chapter></DVD_chapter>
  <DVD_discid></DVD_discid>
  <DVD_episodenumber></DVD_episodenumber>
  <DVD_season></DVD_season>
  <Director></Director>
  <EpImgFlag>2</EpImgFlag>
  <EpisodeName>State of Mind</EpisodeName>
  <EpisodeNumber>14</EpisodeNumber>
  <FirstAired>2012-12-31</FirstAired>
  <GuestStars></GuestStars>
  <IMDB_ID></IMDB_ID>
  <Language>en</Language>
  <Overview>Tesler uses Scientist Keller's mind-control agent originally designed to liberate programs, to build his army. When Mara falls victim to supporting the Occupation and turns against the Renegade, Zed and the Renegade must form an uneasy alliance to help rescue her.</Overview>
  <ProductionCode></ProductionCode>
  <Rating>8.1</Rating>
  <RatingCount>12</RatingCount>
  <SeasonNumber>1</SeasonNumber>
  <Writer></Writer>
  <absolute_number></absolute_number>
  <filename>episodes/258480/4457204.jpg</filename>
  <lastupdated>1356948024</lastupdated>
  <seasonid>491452</seasonid>
  <seriesid>258480</seriesid>
</Episode>
<Episode>
  <id>4457206</id>
  <Combined_episodenumber>15</Combined_episodenumber>
  <Combined_season>1</Combined_season>
  <DVD_chapter></DVD_chapter>
  <DVD_discid></DVD_discid>
  <DVD_episodenumber></DVD_episodenumber>
  <DVD_season></DVD_season>
  <Director></Director>
  <EpImgFlag>2</EpImgFlag>
  <EpisodeName>Welcome Home</EpisodeName>
  <EpisodeNumber>15</EpisodeNumber>
  <FirstAired>2013-01-07</FirstAired>
  <GuestStars></GuestStars>
  <IMDB_ID></IMDB_ID>
  <Language>en</Language>
  <Overview>Beck tries to rescue a fleeing government scientist before Paige and the Occupation finds her; Paige and Beck become passengers on the same runaway train and Beck must save the innocent programs on the train without revealing his identity.</Overview>
  <ProductionCode></ProductionCode>
  <Rating>8.0</Rating>
  <RatingCount>13</RatingCount>
  <SeasonNumber>1</SeasonNumber>
  <Writer></Writer>
  <absolute_number></absolute_number>
  <filename>episodes/258480/4457206.jpg</filename>
  <lastupdated>1357620972</lastupdated>
  <seasonid>491452</seasonid>
  <seriesid>258480</seriesid>
</Episode>
<Episode>
  <id>4467418</id>
  <Combined_episodenumber>16</Combined_episodenumber>
  <Combined_season>1</Combined_season>
  <DVD_chapter></DVD_chapter>
  <DVD_discid></DVD_discid>
  <DVD_episodenumber></DVD_episodenumber>
  <DVD_season></DVD_season>
  <Director></Director>
  <EpImgFlag>2</EpImgFlag>
  <EpisodeName>Rendezvous</EpisodeName>
  <EpisodeNumber>16</EpisodeNumber>
  <FirstAired>2013-01-13</FirstAired>
  <GuestStars></GuestStars>
  <IMDB_ID></IMDB_ID>
  <Language>en</Language>
  <Overview>Beck agrees to go on a date with Paige, but their night is cut short when Paige is betrayed by Pavel and thrown into the Games; Beck thinks he may finally be able to win her Paige over by rescuing her as The Renegade.</Overview>
  <ProductionCode></ProductionCode>
  <Rating>7.8</Rating>
  <RatingCount>11</RatingCount>
  <SeasonNumber>1</SeasonNumber>
  <Writer></Writer>
  <absolute_number></absolute_number>
  <filename>episodes/258480/4467418.jpg</filename>
  <lastupdated>1358358508</lastupdated>
  <seasonid>491452</seasonid>
  <seriesid>258480</seriesid>
</Episode>
<Episode>
  <id>4467419</id>
  <Combined_episodenumber>17</Combined_episodenumber>
  <Combined_season>1</Combined_season>
  <DVD_chapter></DVD_chapter>
  <DVD_discid></DVD_discid>
  <DVD_episodenumber></DVD_episodenumber>
  <DVD_season></DVD_season>
  <Director></Director>
  <EpImgFlag>2</EpImgFlag>
  <EpisodeName>No Bounds</EpisodeName>
  <EpisodeNumber>17</EpisodeNumber>
  <FirstAired>2013-01-20</FirstAired>
  <GuestStars></GuestStars>
  <IMDB_ID></IMDB_ID>
  <Language>en</Language>
  <Overview>When 'The Stranger' returns to Argon City to plot revenge on Beck and Tron, Beck is forced to choose between saving Tron or his friends.</Overview>
  <ProductionCode></ProductionCode>
  <Rating>7.8</Rating>
  <RatingCount>13</RatingCount>
  <SeasonNumber>1</SeasonNumber>
  <Writer></Writer>
  <absolute_number></absolute_number>
  <filename>episodes/258480/4467419.jpg</filename>
  <lastupdated>1358868452</lastupdated>
  <seasonid>491452</seasonid>
  <seriesid>258480</seriesid>
</Episode>
<Episode>
  <id>4467420</id>
  <Combined_episodenumber>18</Combined_episodenumber>
  <Combined_season>1</Combined_season>
  <DVD_chapter></DVD_chapter>
  <DVD_discid></DVD_discid>
  <DVD_episodenumber></DVD_episodenumber>
  <DVD_season></DVD_season>
  <Director></Director>
  <EpImgFlag>2</EpImgFlag>
  <EpisodeName>Terminal</EpisodeName>
  <EpisodeNumber>18</EpisodeNumber>
  <FirstAired>2013-01-27</FirstAired>
  <GuestStars></GuestStars>
  <IMDB_ID></IMDB_ID>
  <Language>en</Language>
  <Overview>Tron tells Beck that he is dying and that the only way to stop his illness is to use the Occupation's new super recognizer.</Overview>
  <ProductionCode></ProductionCode>
  <Rating>8.2</Rating>
  <RatingCount>13</RatingCount>
  <SeasonNumber>1</SeasonNumber>
  <Writer></Writer>
  <absolute_number></absolute_number>
  <filename>episodes/258480/4467420.jpg</filename>
  <lastupdated>1360369167</lastupdated>
  <seasonid>491452</seasonid>
  <seriesid>258480</seriesid>
</Episode>
</Data>