<?xml version="1.0" encoding="UTF-8" ?>
<Actors>
<Actor>
  <id>293841</id>
  <Image>actors/293841.jpg</Image>
  <Name>Liam McIntyre</Name>
  <Role>Spartacus (Season 2)</Role>
  <SortOrder>0</SortOrder>
</Actor>
<Actor>
  <id>129031</id>
  <Image>actors/129031.jpg</Image>
  <Name>Andy Whitfield</Name>
  <Role>Spartacus (Season 1)</Role>
  <SortOrder>0</SortOrder>
</Actor>
<Actor>
  <id>309475</id>
  <Image>actors/309475.jpg</Image>
  <Name>Simon Merrells</Name>
  <Role>Crassus</Role>
  <SortOrder>1</SortOrder>
</Actor>
<Actor>
  <id>293836</id>
  <Image>actors/293836.jpg</Image>
  <Name>Dustin Clare</Name>
  <Role>Gannicus</Role>
  <SortOrder>1</SortOrder>
</Actor>
<Actor>
  <id>129111</id>
  <Image>actors/129111.jpg</Image>
  <Name>Manu Bennett</Name>
  <Role>Crixus</Role>
  <SortOrder>1</SortOrder>
</Actor>
<Actor>
  <id>129091</id>
  <Image>actors/129091.jpg</Image>
  <Name>Peter Mensah</Name>
  <Role>Oenomaus</Role>
  <SortOrder>1</SortOrder>
</Actor>
<Actor>
  <id>309477</id>
  <Image>actors/309477.jpg</Image>
  <Name>Christian Antidormi</Name>
  <Role>Tiberius</Role>
  <SortOrder>2</SortOrder>
</Actor>
<Actor>
  <id>309476</id>
  <Image>actors/309476.jpg</Image>
  <Name>Ellen Hollman</Name>
  <Role>Saxa</Role>
  <SortOrder>2</SortOrder>
</Actor>
<Actor>
  <id>309474</id>
  <Image>actors/309474.jpg</Image>
  <Name>Todd Lasance</Name>
  <Role>Caesar</Role>
  <SortOrder>2</SortOrder>
</Actor>
<Actor>
  <id>309472</id>
  <Image>actors/309472.jpg</Image>
  <Name>Jenna Lind </Name>
  <Role>Kore </Role>
  <SortOrder>2</SortOrder>
</Actor>
<Actor>
  <id>309471</id>
  <Image>actors/309471.jpg</Image>
  <Name>Anna Hutchison</Name>
  <Role>Laeta</Role>
  <SortOrder>2</SortOrder>
</Actor>
<Actor>
  <id>293847</id>
  <Image>actors/293847.jpg</Image>
  <Name>Cynthia Addai-Robinson</Name>
  <Role>Naevia (Season 2)</Role>
  <SortOrder>2</SortOrder>
</Actor>
<Actor>
  <id>231791</id>
  <Image>actors/231791.jpg</Image>
  <Name>Katrina Law</Name>
  <Role>Mira</Role>
  <SortOrder>2</SortOrder>
</Actor>
<Actor>
  <id>129131</id>
  <Image>actors/129131.jpg</Image>
  <Name>Jai Courtney</Name>
  <Role>Varro</Role>
  <SortOrder>2</SortOrder>
</Actor>
<Actor>
  <id>129101</id>
  <Image>actors/129101.jpg</Image>
  <Name>Nick Tarabay</Name>
  <Role>Ashur</Role>
  <SortOrder>2</SortOrder>
</Actor>
<Actor>
  <id>129081</id>
  <Image>actors/129081.jpg</Image>
  <Name>Viva Bianca</Name>
  <Role>Ilithiyia</Role>
  <SortOrder>2</SortOrder>
</Actor>
<Actor>
  <id>129071</id>
  <Image>actors/129071.jpg</Image>
  <Name>Craig Parker</Name>
  <Role>Glaber</Role>
  <SortOrder>2</SortOrder>
</Actor>
<Actor>
  <id>129051</id>
  <Image>actors/129051.jpg</Image>
  <Name>John Hannah</Name>
  <Role>Batiatus</Role>
  <SortOrder>2</SortOrder>
</Actor>
<Actor>
  <id>129041</id>
  <Image>actors/129041.jpg</Image>
  <Name>Lucy Lawless</Name>
  <Role>Lucretia</Role>
  <SortOrder>2</SortOrder>
</Actor>
<Actor>
  <id>309478</id>
  <Image>actors/309478.jpg</Image>
  <Name>Gwendoline Taylor</Name>
  <Role>Sibyl</Role>
  <SortOrder>3</SortOrder>
</Actor>
<Actor>
  <id>129151</id>
  <Image>actors/129151.jpg</Image>
  <Name>Craig Walsh Wrightson </Name>
  <Role>Solonius</Role>
  <SortOrder>3</SortOrder>
</Actor>
<Actor>
  <id>129141</id>
  <Image>actors/129141.jpg</Image>
  <Name>Lesley-Ann Brandt</Name>
  <Role>Naevia (Season 1)</Role>
  <SortOrder>3</SortOrder>
</Actor>
<Actor>
  <id>129121</id>
  <Image>actors/129121.jpg</Image>
  <Name>Antonio Te Maioho</Name>
  <Role>Barca</Role>
  <SortOrder>3</SortOrder>
</Actor>
<Actor>
  <id>129061</id>
  <Image>actors/129061.jpg</Image>
  <Name>Erin Cummings</Name>
  <Role>Sura</Role>
  <SortOrder>3</SortOrder>
</Actor>
</Actors>