<?xml version="1.0" encoding="UTF-8" ?>
<Actors>
<Actor>
  <id>72206</id>
  <Image>actors/72206.jpg</Image>
  <Name>Paul Blackthorne</Name>
  <Role>Harry Dresden</Role>
  <SortOrder>0</SortOrder>
</Actor>
<Actor>
  <id>72207</id>
  <Image>actors/72207.jpg</Image>
  <Name>Valerie Cruz</Name>
  <Role>Lt. Connie Murphy</Role>
  <SortOrder>1</SortOrder>
</Actor>
<Actor>
  <id>72208</id>
  <Image>actors/72208.jpg</Image>
  <Name>Terrence Mann</Name>
  <Role>Bob</Role>
  <SortOrder>2</SortOrder>
</Actor>
<Actor>
  <id>78340</id>
  <Image>actors/78340.jpg</Image>
  <Name>Raoul Bhaneja</Name>
  <Role>Kirmani</Role>
  <SortOrder>3</SortOrder>
</Actor>
<Actor>
  <id>78339</id>
  <Image>actors/78339.jpg</Image>
  <Name>Conrad Coates</Name>
  <Role>Morgan</Role>
  <SortOrder>3</SortOrder>
</Actor>
</Actors>