<?xml version="1.0" encoding="UTF-8" ?>
<Data><Series>
  <id>79759</id>
  <Actors>|Paul Blackthorne|Valerie Cruz|Terrence Mann|Raoul Bhaneja|Conrad Coates|</Actors>
  <Airs_DayOfWeek>Sunday</Airs_DayOfWeek>
  <Airs_Time>9:00 PM</Airs_Time>
  <ContentRating>TV-PG</ContentRating>
  <FirstAired>2007-01-21</FirstAired>
  <Genre>|Action|Adventure|Drama|Fantasy|</Genre>
  <IMDB_ID>tt0486657</IMDB_ID>
  <Language>en</Language>
  <Network>SciFi</Network>
  <NetworkID></NetworkID>
  <Overview>HARRY DRESDEN -- WIZARD
Lost Items Found. Paranormal Investigations. Consulting. Advice. Reasonable Rates.No Love Potions, Endless Purses, Parties, or Other Entertainment.
Harry Dresden is the only wizard who advertises in the Chicago yellow pages. And he's the real deal. Charms. Potions. Spells even. Dresden is a haunted man (in more ways than one) who has sinned and been sinned against. But in the darkness of his past, he finds an inner strength and a driving desire to set things right. Armed with his trusty staff (okay, it's a hockey stick) and winning personality (if you don't mind the snarky sense of humor), and aided and abetted by his annoying spiritual advisor, Bob (doomed soul, expert in magic, noodge), Dresden champions the underdog against all manner of supernatural threats -- for five hundred dollars a day. Plus expenses. Dresden doesn't do parties and he doesn't do love potions. But if the hocus starts to pocus, if the going gets... strange, if the things that go bump in the night start packing a punch, call him. He's in the book. Based on the best-selling novels by Jim Butcher, The Dresden Files has been described as being a lot like Harry Potter... if Harry Potter had been written by the illegitimate love child of Raymond Chandler and Douglas Adams.</Overview>
  <Rating>8.0</Rating>
  <RatingCount>23</RatingCount>
  <Runtime>45</Runtime>
  <SeriesID>50381</SeriesID>
  <SeriesName>The Dresden Files</SeriesName>
  <Status>Ended</Status>
  <added></added>
  <addedBy></addedBy>
  <banner>graphical/79759-g.jpg</banner>
  <fanart>fanart/original/79759-4.jpg</fanart>
  <lastupdated>1362607050</lastupdated>
  <poster>posters/79759-1.jpg</poster>
  <zap2it_id>SH883345</zap2it_id>
</Series>
<Episode>
  <id>389485</id>
  <Combined_episodenumber>1</Combined_episodenumber>
  <Combined_season>0</Combined_season>
  <DVD_chapter></DVD_chapter>
  <DVD_discid></DVD_discid>
  <DVD_episodenumber></DVD_episodenumber>
  <DVD_season></DVD_season>
  <Director>|David Carson|</Director>
  <EpImgFlag>2</EpImgFlag>
  <EpisodeName>Pilot - Storm Front (extended)</EpisodeName>
  <EpisodeNumber>1</EpisodeNumber>
  <FirstAired>2008-01-05</FirstAired>
  <GuestStars>|Jennifer Kydd| Elizabeth Thai| Rebecca McFarland| John DeSantis| Greg Bryk| Christine Tizzard| Jonathan Whittaker| Daniel Kash| Raoul Bhaneja| Sherry Miller| Shannon Boodram| Joanne Kelly|</GuestStars>
  <IMDB_ID>tt1014710</IMDB_ID>
  <Language>en</Language>
  <Overview>[This is the 2-hour pilot.]

Meet Harry Dresden, private detective and practicing wizard.  When he tries to help the Chicago Police solve a grisly murder, he finds himself the target of a homicidal magician.  And as if that isn't enough, the High Council of wizards begins to think that he is falling to the dark side, so he must elude them as well.  Now, before his time runs out, he must stop the murderer and clear his name .
</Overview>
  <ProductionCode></ProductionCode>
  <Rating></Rating>
  <RatingCount>0</RatingCount>
  <SeasonNumber>0</SeasonNumber>
  <Writer>|Robert Hewitt Wolfe|Hans Beimler|</Writer>
  <absolute_number></absolute_number>
  <airsafter_season></airsafter_season>
  <airsbefore_episode>1</airsbefore_episode>
  <airsbefore_season>1</airsbefore_season>
  <filename>episodes/79759/389485.jpg</filename>
  <lastupdated>1347812702</lastupdated>
  <seasonid>27160</seasonid>
  <seriesid>79759</seriesid>
</Episode>
<Episode>
  <id>4115719</id>
  <Combined_episodenumber>2</Combined_episodenumber>
  <Combined_season>0</Combined_season>
  <DVD_chapter></DVD_chapter>
  <DVD_discid></DVD_discid>
  <DVD_episodenumber></DVD_episodenumber>
  <DVD_season></DVD_season>
  <Director></Director>
  <EpImgFlag></EpImgFlag>
  <EpisodeName>Inside The Dresden Files</EpisodeName>
  <EpisodeNumber>2</EpisodeNumber>
  <FirstAired></FirstAired>
  <GuestStars></GuestStars>
  <IMDB_ID></IMDB_ID>
  <Language>en</Language>
  <Overview></Overview>
  <ProductionCode></ProductionCode>
  <Rating></Rating>
  <RatingCount>0</RatingCount>
  <SeasonNumber>0</SeasonNumber>
  <Writer></Writer>
  <absolute_number></absolute_number>
  <airsafter_season></airsafter_season>
  <airsbefore_episode></airsbefore_episode>
  <airsbefore_season></airsbefore_season>
  <filename></filename>
  <lastupdated>1308011141</lastupdated>
  <seasonid>27160</seasonid>
  <seriesid>79759</seriesid>
</Episode>
<Episode>
  <id>318452</id>
  <Combined_episodenumber>1.0</Combined_episodenumber>
  <Combined_season>1</Combined_season>
  <DVD_chapter></DVD_chapter>
  <DVD_discid></DVD_discid>
  <DVD_episodenumber>1.0</DVD_episodenumber>
  <DVD_season>1</DVD_season>
  <Director>Michael Robison</Director>
  <EpImgFlag></EpImgFlag>
  <EpisodeName>Birds of a Feather</EpisodeName>
  <EpisodeNumber>1</EpisodeNumber>
  <FirstAired>2007-01-21</FirstAired>
  <GuestStars>|Natalie Lisinska| Daniel Kash| Earl Pastko| Heather Hanson| Jonathan Higgins| Matthew Knight| Dylan Everett| Deborah Odell| Marie Ward|</GuestStars>
  <IMDB_ID></IMDB_ID>
  <Language>en</Language>
  <Overview>A young boy wants to hire Harry because he believes that monsters are after him and his mom. Harry doesn't want to take the kid's money, but he also knows from his own experience that a child's monsters are often all too real.
</Overview>
  <ProductionCode></ProductionCode>
  <Rating>7.8</Rating>
  <RatingCount>12</RatingCount>
  <SeasonNumber>1</SeasonNumber>
  <Writer>Peter Egan (III)</Writer>
  <absolute_number>3</absolute_number>
  <filename>episodes/79759/318452.jpg</filename>
  <lastupdated>1341923942</lastupdated>
  <seasonid>17145</seasonid>
  <seriesid>79759</seriesid>
</Episode>
<Episode>
  <id>318453</id>
  <Combined_episodenumber>2.0</Combined_episodenumber>
  <Combined_season>1</Combined_season>
  <DVD_chapter></DVD_chapter>
  <DVD_discid></DVD_discid>
  <DVD_episodenumber>2.0</DVD_episodenumber>
  <DVD_season>1</DVD_season>
  <Director>James A. Contner</Director>
  <EpImgFlag></EpImgFlag>
  <EpisodeName>The Boone Identity</EpisodeName>
  <EpisodeNumber>2</EpisodeNumber>
  <FirstAired>2007-01-28</FirstAired>
  <GuestStars>|John Robinson| Judy Marshak| Domenic Cuzzocrea| Tom Barnett| Kaleigh Nevin| C. David Johnson| Kevin Rushton|</GuestStars>
  <IMDB_ID></IMDB_ID>
  <Language>en</Language>
  <Overview>A grieving father asks Harry to help put his daughter's spirit to rest. This should be easy. All Dresden has to do is track down the killer and make sure that justice has been done. There's only one catch: the killer died only hours after the murder.
</Overview>
  <ProductionCode></ProductionCode>
  <Rating>7.3</Rating>
  <RatingCount>10</RatingCount>
  <SeasonNumber>1</SeasonNumber>
  <Writer>George Mastras</Writer>
  <absolute_number>4</absolute_number>
  <filename>episodes/79759/318453.jpg</filename>
  <lastupdated>1341923998</lastupdated>
  <seasonid>17145</seasonid>
  <seriesid>79759</seriesid>
</Episode>
<Episode>
  <id>318454</id>
  <Combined_episodenumber>3.0</Combined_episodenumber>
  <Combined_season>1</Combined_season>
  <DVD_chapter></DVD_chapter>
  <DVD_discid></DVD_discid>
  <DVD_episodenumber>3.0</DVD_episodenumber>
  <DVD_season>1</DVD_season>
  <Director>Michael Nankin</Director>
  <EpImgFlag></EpImgFlag>
  <EpisodeName>Hair of the Dog</EpisodeName>
  <EpisodeNumber>3</EpisodeNumber>
  <FirstAired>2007-02-11</FirstAired>
  <GuestStars>|Derwin Phillips| Krista Bridges| Ipsita Paul| Kathleen Munroe| Kyra Harper| Constantine Alex Karzis|</GuestStars>
  <IMDB_ID></IMDB_ID>
  <Language>en</Language>
  <Overview>A series of ritualistic murders starts to look a lot like werewolves so Harry, of course, gets dragged in. Thing is, it looks like the lycanthropes aren't the killers... they're the victims.
</Overview>
  <ProductionCode></ProductionCode>
  <Rating>7.3</Rating>
  <RatingCount>8</RatingCount>
  <SeasonNumber>1</SeasonNumber>
  <Writer>Laurence Walsh</Writer>
  <absolute_number>5</absolute_number>
  <filename>episodes/79759/318454.jpg</filename>
  <lastupdated>1341924480</lastupdated>
  <seasonid>17145</seasonid>
  <seriesid>79759</seriesid>
</Episode>
<Episode>
  <id>318455</id>
  <Combined_episodenumber>4.0</Combined_episodenumber>
  <Combined_season>1</Combined_season>
  <DVD_chapter></DVD_chapter>
  <DVD_discid></DVD_discid>
  <DVD_episodenumber>4.0</DVD_episodenumber>
  <DVD_season>1</DVD_season>
  <Director>Michael Grossman</Director>
  <EpImgFlag></EpImgFlag>
  <EpisodeName>Rules of Engagement</EpisodeName>
  <EpisodeNumber>4</EpisodeNumber>
  <FirstAired>2007-02-18</FirstAired>
  <GuestStars>|Kim Coates| Meredith Henderson| Corey Sevier| Chapelle Jaffe|</GuestStars>
  <IMDB_ID></IMDB_ID>
  <Language>en</Language>
  <Overview>A beautiful young woman asks Harry to help her recover some stolen money. Before long, Dresden discovers a connection between this case and a dark, supernatural evil, and that his lovely client has been hiding something.
</Overview>
  <ProductionCode></ProductionCode>
  <Rating>7.3</Rating>
  <RatingCount>9</RatingCount>
  <SeasonNumber>1</SeasonNumber>
  <Writer>Curtis Kheel</Writer>
  <absolute_number>2</absolute_number>
  <filename>episodes/79759/318455.jpg</filename>
  <lastupdated>1341924541</lastupdated>
  <seasonid>17145</seasonid>
  <seriesid>79759</seriesid>
</Episode>
<Episode>
  <id>318456</id>
  <Combined_episodenumber>5.0</Combined_episodenumber>
  <Combined_season>1</Combined_season>
  <DVD_chapter></DVD_chapter>
  <DVD_discid></DVD_discid>
  <DVD_episodenumber>5.0</DVD_episodenumber>
  <DVD_season>1</DVD_season>
  <Director>Rick Rosenthal</Director>
  <EpImgFlag></EpImgFlag>
  <EpisodeName>Bad Blood</EpisodeName>
  <EpisodeNumber>5</EpisodeNumber>
  <FirstAired>2007-02-25</FirstAired>
  <GuestStars>|Simon Northwood| Michael Copeman| Lyriq Bent| Layton Morrison| Laura Vandervoort| Kent Staines| Joanne Kelly| Jane McLean|</GuestStars>
  <IMDB_ID></IMDB_ID>
  <Language>en</Language>
  <Overview>After a failed hit on her life, Bianca, Chicago's most powerful vampire, calls upon Harry Dresden.  In debt to her for saving his life years before, he agrees to help her find the mastermind behind the plan to take her down.
</Overview>
  <ProductionCode></ProductionCode>
  <Rating>8.3</Rating>
  <RatingCount>7</RatingCount>
  <SeasonNumber>1</SeasonNumber>
  <Writer>Jack Bernstein</Writer>
  <absolute_number>7</absolute_number>
  <filename>episodes/79759/318456.jpg</filename>
  <lastupdated>1341924629</lastupdated>
  <seasonid>17145</seasonid>
  <seriesid>79759</seriesid>
</Episode>
<Episode>
  <id>319729</id>
  <Combined_episodenumber>6.0</Combined_episodenumber>
  <Combined_season>1</Combined_season>
  <DVD_chapter></DVD_chapter>
  <DVD_discid></DVD_discid>
  <DVD_episodenumber>6.0</DVD_episodenumber>
  <DVD_season>1</DVD_season>
  <Director>Ken Girotti</Director>
  <EpImgFlag></EpImgFlag>
  <EpisodeName>Soul Beneficiary</EpisodeName>
  <EpisodeNumber>6</EpisodeNumber>
  <FirstAired>2007-03-04</FirstAired>
  <GuestStars>|Kerry Lai Fatt| Paul Sun-Hyung Lee| Louise Nicol| Hamish McEwan| Tara Rosling| Karen Cliche|</GuestStars>
  <IMDB_ID></IMDB_ID>
  <Language>en</Language>
  <Overview>An otherwise healthy man experiencing premonitions of his own demise seeks Harry's help but ends up croaking right in his office. As the dark circumstances surrounding his death are revealed, Harry finds himself in the crosshairs of a dangerous magic-user; meanwhile, the crime that got Bob condemned to living in his own skull for all eternity finally comes to light.
</Overview>
  <ProductionCode></ProductionCode>
  <Rating>7.3</Rating>
  <RatingCount>8</RatingCount>
  <SeasonNumber>1</SeasonNumber>
  <Writer>Peter Egan (III)</Writer>
  <absolute_number>8</absolute_number>
  <filename>episodes/79759/319729.jpg</filename>
  <lastupdated>1341924748</lastupdated>
  <seasonid>17145</seasonid>
  <seriesid>79759</seriesid>
</Episode>
<Episode>
  <id>320110</id>
  <Combined_episodenumber>7.0</Combined_episodenumber>
  <Combined_season>1</Combined_season>
  <DVD_chapter></DVD_chapter>
  <DVD_discid></DVD_discid>
  <DVD_episodenumber>7.0</DVD_episodenumber>
  <DVD_season>1</DVD_season>
  <Director>John Fawcett</Director>
  <EpImgFlag></EpImgFlag>
  <EpisodeName>Walls</EpisodeName>
  <EpisodeNumber>7</EpisodeNumber>
  <FirstAired>2007-03-11</FirstAired>
  <GuestStars>|Odeen  Eccleston| Steve Byers| Kerry Dorey| Nathan Stephenson| Tyrone Savage|</GuestStars>
  <IMDB_ID></IMDB_ID>
  <Language>en</Language>
  <Overview>Harry investigates the death of a college student which leads him to a most unusual ring of thieves.  A group of students is using magick to commit a series of impossible thefts, and Harry must stop them quickly.  Not only because what they are doing is wrong, but also because the magick will eventually kill them all.
</Overview>
  <ProductionCode></ProductionCode>
  <Rating>7.3</Rating>
  <RatingCount>7</RatingCount>
  <SeasonNumber>1</SeasonNumber>
  <Writer>Hans Beimler, Robert Hewitt Wolfe</Writer>
  <absolute_number>6</absolute_number>
  <filename>episodes/79759/320110.jpg</filename>
  <lastupdated>1341925141</lastupdated>
  <seasonid>17145</seasonid>
  <seriesid>79759</seriesid>
</Episode>
<Episode>
  <id>320111</id>
  <Combined_episodenumber>8.0</Combined_episodenumber>
  <Combined_season>1</Combined_season>
  <DVD_chapter></DVD_chapter>
  <DVD_discid></DVD_discid>
  <DVD_episodenumber>8.0</DVD_episodenumber>
  <DVD_season>1</DVD_season>
  <Director>David Carson</Director>
  <EpImgFlag></EpImgFlag>
  <EpisodeName>Storm Front</EpisodeName>
  <EpisodeNumber>8</EpisodeNumber>
  <FirstAired>2007-03-18</FirstAired>
  <GuestStars>|Jennifer Kydd| Elizabeth Thai| Rebecca McFarland| John DeSantis| Greg Bryk| Christine Tizzard| Jonathan Whittaker| Daniel Kash| Raoul Bhaneja| Sherry Miller| Shannon Boodram| Joanne Kelly|</GuestStars>
  <IMDB_ID></IMDB_ID>
  <Language>en</Language>
  <Overview>We are introduced to Harry Dresden, private detective and practicing wizard.  When he tries to help the Chicago Police Department solve a grisly murder, he finds himself the target of a homicidal magician.  And as if that isn't bad enough, the High Council of wizards begins to think that he is falling to the dark side, so he must elude them as well.  Now he must stop the murderer and clear his name before his time runs out.
</Overview>
  <ProductionCode></ProductionCode>
  <Rating>7.3</Rating>
  <RatingCount>8</RatingCount>
  <SeasonNumber>1</SeasonNumber>
  <Writer></Writer>
  <absolute_number>1</absolute_number>
  <filename>episodes/79759/320111.jpg</filename>
  <lastupdated>1341924376</lastupdated>
  <seasonid>17145</seasonid>
  <seriesid>79759</seriesid>
</Episode>
<Episode>
  <id>320112</id>
  <Combined_episodenumber>9.0</Combined_episodenumber>
  <Combined_season>1</Combined_season>
  <DVD_chapter></DVD_chapter>
  <DVD_discid></DVD_discid>
  <DVD_episodenumber>9.0</DVD_episodenumber>
  <DVD_season>1</DVD_season>
  <Director>James Head</Director>
  <EpImgFlag></EpImgFlag>
  <EpisodeName>The Other Dick</EpisodeName>
  <EpisodeNumber>9</EpisodeNumber>
  <FirstAired>2007-03-25</FirstAired>
  <GuestStars>|Richard Blackburn| Claudia Black| John Boylan| Chris Owens| Stephanie Moore| Lara Kelly| Craig Brown|</GuestStars>
  <IMDB_ID></IMDB_ID>
  <Language>en</Language>
  <Overview>When Chicago PI Jim Brennan is murdered by supernatural means, Harry must team up with Brennan's assistant to find the murderer.
</Overview>
  <ProductionCode></ProductionCode>
  <Rating>7.3</Rating>
  <RatingCount>4</RatingCount>
  <SeasonNumber>1</SeasonNumber>
  <Writer>George Mastras</Writer>
  <absolute_number>10</absolute_number>
  <filename>episodes/79759/320112.jpg</filename>
  <lastupdated>1341925202</lastupdated>
  <seasonid>17145</seasonid>
  <seriesid>79759</seriesid>
</Episode>
<Episode>
  <id>323440</id>
  <Combined_episodenumber>10.0</Combined_episodenumber>
  <Combined_season>1</Combined_season>
  <DVD_chapter></DVD_chapter>
  <DVD_discid></DVD_discid>
  <DVD_episodenumber>10.0</DVD_episodenumber>
  <DVD_season>1</DVD_season>
  <Director>David Straiton</Director>
  <EpImgFlag></EpImgFlag>
  <EpisodeName>What About Bob?</EpisodeName>
  <EpisodeNumber>10</EpisodeNumber>
  <FirstAired>2007-04-01</FirstAired>
  <GuestStars>|Jordan Madley| Raoul Bhaneja| Matthew Knight| Jonathan Higgins| Conrad Coates| Daniel Kash|</GuestStars>
  <IMDB_ID></IMDB_ID>
  <Language>en</Language>
  <Overview>Things seem to be going well between Harry and his new flame until she walks out on him... and takes Bob's skull.  Now Dresden must find Bob and rescue him from the clutches of an old enemy.  But will Bob want to be rescued?</Overview>
  <ProductionCode></ProductionCode>
  <Rating>7.5</Rating>
  <RatingCount>6</RatingCount>
  <SeasonNumber>1</SeasonNumber>
  <Writer>David Simkins</Writer>
  <absolute_number>9</absolute_number>
  <filename>episodes/79759/323440.jpg</filename>
  <lastupdated>1341925304</lastupdated>
  <seasonid>17145</seasonid>
  <seriesid>79759</seriesid>
</Episode>
<Episode>
  <id>323441</id>
  <Combined_episodenumber>11.0</Combined_episodenumber>
  <Combined_season>1</Combined_season>
  <DVD_chapter></DVD_chapter>
  <DVD_discid></DVD_discid>
  <DVD_episodenumber>11.0</DVD_episodenumber>
  <DVD_season>1</DVD_season>
  <Director>Michael Grossman</Director>
  <EpImgFlag></EpImgFlag>
  <EpisodeName>Things That Go Bump</EpisodeName>
  <EpisodeNumber>11</EpisodeNumber>
  <FirstAired>2007-04-08</FirstAired>
  <GuestStars>|Jane McLean| James Binkley| Conrad Coates| Jonathan Higgins| Bobby Del Rio| Christine Horne|</GuestStars>
  <IMDB_ID></IMDB_ID>
  <Language>en</Language>
  <Overview>Morgan and Ancient Mai must come to Harry for protection and shelter from powerful enemies of Mai's.  They make it to the relative safety of Dresden's place, but suddenly find that they are all trapped by a powerful spell.  Now Harry must work with them to find a way out before the spell turns deadly.</Overview>
  <ProductionCode></ProductionCode>
  <Rating>7.3</Rating>
  <RatingCount>6</RatingCount>
  <SeasonNumber>1</SeasonNumber>
  <Writer>Robert Hewitt Wolfe</Writer>
  <absolute_number>11</absolute_number>
  <filename>episodes/79759/323441.jpg</filename>
  <lastupdated>1341925354</lastupdated>
  <seasonid>17145</seasonid>
  <seriesid>79759</seriesid>
</Episode>
<Episode>
  <id>323442</id>
  <Combined_episodenumber>12.0</Combined_episodenumber>
  <Combined_season>1</Combined_season>
  <DVD_chapter></DVD_chapter>
  <DVD_discid></DVD_discid>
  <DVD_episodenumber>12.0</DVD_episodenumber>
  <DVD_season>1</DVD_season>
  <Director>Nick Copus</Director>
  <EpImgFlag></EpImgFlag>
  <EpisodeName>Second City</EpisodeName>
  <EpisodeNumber>12</EpisodeNumber>
  <FirstAired>2007-04-15</FirstAired>
  <GuestStars>|Cheryl Quiacos| Chuck Shamata| Dan Petronijevic| Bill Lake| Yannick Bisson| Chad Camilleri| Raoul Bhaneja|</GuestStars>
  <IMDB_ID></IMDB_ID>
  <Language>en</Language>
  <Overview>Dresden and Murphy must work together to solve the mystery of a former gang member who drowns on dry land, miles from the nearest lake. Meanwhile, Murphy's father is in town, and he doesn't have a very high opinion of his daughter's freelance consultant. </Overview>
  <ProductionCode></ProductionCode>
  <Rating>7.4</Rating>
  <RatingCount>7</RatingCount>
  <SeasonNumber>1</SeasonNumber>
  <Writer>Barry M. Schkolnick</Writer>
  <absolute_number>12</absolute_number>
  <filename>episodes/79759/323442.jpg</filename>
  <lastupdated>1341925390</lastupdated>
  <seasonid>17145</seasonid>
  <seriesid>79759</seriesid>
</Episode>
</Data>