<?xml version="1.0" encoding="UTF-8" ?>
<Actors>
<Actor>
  <id>70909</id>
  <Image>actors/70909.jpg</Image>
  <Name>Bradley Whitford</Name>
  <Role>Danny Tripp</Role>
  <SortOrder>0</SortOrder>
</Actor>
<Actor>
  <id>70910</id>
  <Image>actors/70910.jpg</Image>
  <Name>Matthew Perry</Name>
  <Role>Matt Albie</Role>
  <SortOrder>1</SortOrder>
</Actor>
<Actor>
  <id>70912</id>
  <Image>actors/70912.jpg</Image>
  <Name>Amanda Peet</Name>
  <Role>Jordan McDeere</Role>
  <SortOrder>2</SortOrder>
</Actor>
<Actor>
  <id>70916</id>
  <Image>actors/70916.jpg</Image>
  <Name>D.L. Hughley</Name>
  <Role>Simon Stiles</Role>
  <SortOrder>3</SortOrder>
</Actor>
<Actor>
  <id>70915</id>
  <Image>actors/70915.jpg</Image>
  <Name>Nathan Corddry</Name>
  <Role>Tom Jeter</Role>
  <SortOrder>3</SortOrder>
</Actor>
<Actor>
  <id>70914</id>
  <Image>actors/70914.jpg</Image>
  <Name>Sarah Paulson</Name>
  <Role>Harriet Hayes</Role>
  <SortOrder>3</SortOrder>
</Actor>
<Actor>
  <id>70913</id>
  <Image>actors/70913.jpg</Image>
  <Name>Timothy Busfield</Name>
  <Role>Cal Shanley</Role>
  <SortOrder>3</SortOrder>
</Actor>
<Actor>
  <id>70911</id>
  <Image>actors/70911.jpg</Image>
  <Name>Steven Weber</Name>
  <Role>Jack Rudolph</Role>
  <SortOrder>3</SortOrder>
</Actor>
</Actors>