<?xml version="1.0" encoding="UTF-8" ?>
<Data><Series>
  <id>79343</id>
  <Actors>|Bradley Whitford|Matthew Perry|Amanda Peet|D.L. Hughley|Nathan Corddry|Sarah Paulson|Timothy Busfield|Steven Weber|</Actors>
  <Airs_DayOfWeek>Monday</Airs_DayOfWeek>
  <Airs_Time>10:00 PM</Airs_Time>
  <ContentRating>TV-PG</ContentRating>
  <FirstAired>2006-09-18</FirstAired>
  <Genre>|Comedy|Drama|</Genre>
  <IMDB_ID>tt0485842</IMDB_ID>
  <Language>en</Language>
  <Network>NBC</Network>
  <NetworkID></NetworkID>
  <Overview>Aaron Sorkin, the mastermind behind &quot;West Wing&quot; and &quot;Sports Night&quot; brings NBC's next great drama, Studio 60 on the Sunset Strip. Featuring an all-star cast in front of and behind the camera, such as &quot;Friends&quot; alum Matthew Perry, &quot;West Wing&quot; alum Bradley Whitford, plus the talented Amanda Peet, D.L. Hughley, Richard Schiff and veteran Ed Asner. Sorkin, who will handle much of the writing duties, makes sure this vehicle promises to be the fall's most buzzed about new drama.

So come take a fascinating look behind the scenes of Studio 60, a fictional sketch-comedy series on the NBS broadcast network. Problem is the series seems to be going down the tube fast. Everyone involved with the late-night dud seems to have one problem or another, including the current Executive Producer, who just had an on-air mental meltdown, and time is running out fast.

Enter the networks Chairman of the Board (Steven Weber), a new network president (Amanda Peet) looking to make her mark on the net. Her answer is move is to bring in a pair of fresh-faced writers (Matthew Perry and Bradley Whitford) to try and save the series. Will it work?</Overview>
  <Rating>9.4</Rating>
  <RatingCount>20</RatingCount>
  <Runtime>60</Runtime>
  <SeriesID>58214</SeriesID>
  <SeriesName>Studio 60 on the Sunset Strip</SeriesName>
  <Status>Ended</Status>
  <added></added>
  <addedBy></addedBy>
  <banner>graphical/58214-g2.jpg</banner>
  <fanart>fanart/original/79343-4.jpg</fanart>
  <lastupdated>1360915759</lastupdated>
  <poster>posters/79343-1.jpg</poster>
  <zap2it_id>SH844779</zap2it_id>
</Series>
<Episode>
  <id>430482</id>
  <Combined_episodenumber>1</Combined_episodenumber>
  <Combined_season>0</Combined_season>
  <DVD_chapter></DVD_chapter>
  <DVD_discid></DVD_discid>
  <DVD_episodenumber></DVD_episodenumber>
  <DVD_season></DVD_season>
  <Director></Director>
  <EpImgFlag></EpImgFlag>
  <EpisodeName>In Depth: The Evolution Of Studio 60</EpisodeName>
  <EpisodeNumber>1</EpisodeNumber>
  <FirstAired></FirstAired>
  <GuestStars></GuestStars>
  <IMDB_ID></IMDB_ID>
  <Language>en</Language>
  <Overview></Overview>
  <ProductionCode></ProductionCode>
  <Rating></Rating>
  <RatingCount>0</RatingCount>
  <SeasonNumber>0</SeasonNumber>
  <Writer></Writer>
  <absolute_number></absolute_number>
  <airsafter_season></airsafter_season>
  <airsbefore_episode></airsbefore_episode>
  <airsbefore_season></airsbefore_season>
  <filename></filename>
  <lastupdated>1233350461</lastupdated>
  <seasonid>26782</seasonid>
  <seriesid>79343</seriesid>
</Episode>
<Episode>
  <id>307805</id>
  <Combined_episodenumber>1</Combined_episodenumber>
  <Combined_season>1</Combined_season>
  <DVD_chapter></DVD_chapter>
  <DVD_discid></DVD_discid>
  <DVD_episodenumber></DVD_episodenumber>
  <DVD_season></DVD_season>
  <Director>Thomas Schlamme</Director>
  <EpImgFlag></EpImgFlag>
  <EpisodeName>Pilot</EpisodeName>
  <EpisodeNumber>1</EpisodeNumber>
  <FirstAired>2006-09-18</FirstAired>
  <GuestStars>|Anna Goldman| Rod Tate| Kate Bayley|Josh Phillips|Josh Weinstein|Vernee Watson-Johnson| Clement Blake| Anthony Friedman| Dilva Henry|Shaun Cherise Robinson|Glen Walker| Dave Clark| Jennifer Pennington| Judd Hirsch| Three 6 Mafia| Wendy Phillips| M</GuestStars>
  <IMDB_ID></IMDB_ID>
  <Language>en</Language>
  <Overview>The once great sketch comedy show 'Studio 60' is suddenly close to cancellation due not only to its less than stellar on-air product, but another, more unexpected type of action, its Executive Producer's on-air mental meltdown. So enter NBS Chairman of the board Jack Rudolph and a new network president, looking to put her mark on the struggling network, Jordan McDeere. This results in the re-hiring of Danny Tripp and Matt Albie to replace the former Executive Producer and hopefully save the show.
</Overview>
  <ProductionCode>101</ProductionCode>
  <Rating>8.7</Rating>
  <RatingCount>6</RatingCount>
  <SeasonNumber>1</SeasonNumber>
  <Writer>Aaron Sorkin</Writer>
  <absolute_number></absolute_number>
  <filename>episodes/79343/307805.jpg</filename>
  <lastupdated>1326270168</lastupdated>
  <seasonid>16323</seasonid>
  <seriesid>79343</seriesid>
</Episode>
<Episode>
  <id>307806</id>
  <Combined_episodenumber>2</Combined_episodenumber>
  <Combined_season>1</Combined_season>
  <DVD_chapter></DVD_chapter>
  <DVD_discid></DVD_discid>
  <DVD_episodenumber></DVD_episodenumber>
  <DVD_season></DVD_season>
  <Director>Thomas Schlamme</Director>
  <EpImgFlag>2</EpImgFlag>
  <EpisodeName>The Cold Open</EpisodeName>
  <EpisodeNumber>2</EpisodeNumber>
  <FirstAired>2006-09-25</FirstAired>
  <GuestStars>|Bill Escudier| Robin Karfo| Parissa Fitz- Henley| Ursula Garcia-Schmidt| Edward Stanley| Jane Yamamoto| Mark Edward Smith| John Carpenter| Bob Jesser| Terry Urdang| Amir Talai| Ben Murphy| Chris Hogan| John Ennis| John Cabrera| John Mauceri| Margaret Eas</GuestStars>
  <IMDB_ID></IMDB_ID>
  <Language>en</Language>
  <Overview>Now that they're on board, Matt and Danny try not to crumble under the pressure of putting on their first big show, where the stakes are outrageously high. Also high are the number of complaints the network is getting over the &quot;Crazy Christians&quot; sketch, which Jordan defends to Jack.
</Overview>
  <ProductionCode>102</ProductionCode>
  <Rating>8.5</Rating>
  <RatingCount>4</RatingCount>
  <SeasonNumber>1</SeasonNumber>
  <Writer>Aaron Sorkin</Writer>
  <absolute_number></absolute_number>
  <filename>episodes/79343/307806.jpg</filename>
  <lastupdated>1326270252</lastupdated>
  <seasonid>16323</seasonid>
  <seriesid>79343</seriesid>
</Episode>
<Episode>
  <id>307808</id>
  <Combined_episodenumber>3</Combined_episodenumber>
  <Combined_season>1</Combined_season>
  <DVD_chapter></DVD_chapter>
  <DVD_discid></DVD_discid>
  <DVD_episodenumber></DVD_episodenumber>
  <DVD_season></DVD_season>
  <Director>Christopher Misiano</Director>
  <EpImgFlag>2</EpImgFlag>
  <EpisodeName>The Focus Group</EpisodeName>
  <EpisodeNumber>3</EpisodeNumber>
  <FirstAired>2006-10-02</FirstAired>
  <GuestStars>|Bayani Ison| Wendy Phillips| John Ennis| Rob Reiner| Rob Nagle| Mircea Monroe| Michael Hyatt| Tom Ayers| Kirstin  Pierce| Nathan Dana Aldrich| William Stanford Davis| John Carpenter|</GuestStars>
  <IMDB_ID></IMDB_ID>
  <Language>en</Language>
  <Overview>A scare is sent through the company by a focus group that Matt and Danny's first show rating success might not carry on during the rest of the season.
</Overview>
  <ProductionCode>103</ProductionCode>
  <Rating>8.8</Rating>
  <RatingCount>4</RatingCount>
  <SeasonNumber>1</SeasonNumber>
  <Writer>Aaron Sorkin</Writer>
  <absolute_number></absolute_number>
  <filename>episodes/79343/307808.jpg</filename>
  <lastupdated>1326270265</lastupdated>
  <seasonid>16323</seasonid>
  <seriesid>79343</seriesid>
</Episode>
<Episode>
  <id>307809</id>
  <Combined_episodenumber>4</Combined_episodenumber>
  <Combined_season>1</Combined_season>
  <DVD_chapter></DVD_chapter>
  <DVD_discid></DVD_discid>
  <DVD_episodenumber></DVD_episodenumber>
  <DVD_season></DVD_season>
  <Director>Timothy Busfield</Director>
  <EpImgFlag>2</EpImgFlag>
  <EpisodeName>The West Coast Delay</EpisodeName>
  <EpisodeNumber>4</EpisodeNumber>
  <FirstAired>2006-10-09</FirstAired>
  <GuestStars>|Fred Stoller| Amita Balla| William Stanford Davis| Amy Honey| Jah Shams| Michael Hyatt| John Cabrera| Wendle Josepher| Staci B. Flood| Karla Andrade| Kasey Campbell| Telisha   Shaw| Kelvin Yu| Edward Sears| Amir Talai| Chris Hogan| John Ennis| Christine</GuestStars>
  <IMDB_ID></IMDB_ID>
  <Language>en</Language>
  <Overview>Matt fabricates a response to a gift sent by one of Harriet's fans while the show attempts to recover from 90 seconds of questionable material. An article about the show is approved by Jordan.
</Overview>
  <ProductionCode>104</ProductionCode>
  <Rating>8.8</Rating>
  <RatingCount>4</RatingCount>
  <SeasonNumber>1</SeasonNumber>
  <Writer>Aaron Sorkin, Mark Goffman</Writer>
  <absolute_number></absolute_number>
  <filename>episodes/79343/307809.jpg</filename>
  <lastupdated>1326270443</lastupdated>
  <seasonid>16323</seasonid>
  <seriesid>79343</seriesid>
</Episode>
<Episode>
  <id>307811</id>
  <Combined_episodenumber>5</Combined_episodenumber>
  <Combined_season>1</Combined_season>
  <DVD_chapter></DVD_chapter>
  <DVD_discid></DVD_discid>
  <DVD_episodenumber></DVD_episodenumber>
  <DVD_season></DVD_season>
  <Director>David Petrarca</Director>
  <EpImgFlag>2</EpImgFlag>
  <EpisodeName>The Long Lead Story</EpisodeName>
  <EpisodeNumber>5</EpisodeNumber>
  <FirstAired>2006-10-16</FirstAired>
  <GuestStars>|Liza de Weerd| Stephanie Jeffrey| John F. Carpenter| Christine Lahti| Sting| Lauren Graham| Edward Asner| Zeb Newman| Harry Van Gorkum|</GuestStars>
  <IMDB_ID></IMDB_ID>
  <Language>en</Language>
  <Overview>During cast rehearsals with Lauren Graham and Sting, a reporter attempts to get the real story on Matt and Harriet. Meanwhile Jordan passes on a tasteless new reality series.
</Overview>
  <ProductionCode>105</ProductionCode>
  <Rating>8.0</Rating>
  <RatingCount>5</RatingCount>
  <SeasonNumber>1</SeasonNumber>
  <Writer></Writer>
  <absolute_number></absolute_number>
  <filename>episodes/79343/307811.jpg</filename>
  <lastupdated>1326270458</lastupdated>
  <seasonid>16323</seasonid>
  <seriesid>79343</seriesid>
</Episode>
<Episode>
  <id>307813</id>
  <Combined_episodenumber>6</Combined_episodenumber>
  <Combined_season>1</Combined_season>
  <DVD_chapter></DVD_chapter>
  <DVD_discid></DVD_discid>
  <DVD_episodenumber></DVD_episodenumber>
  <DVD_season></DVD_season>
  <Director>David Semel</Director>
  <EpImgFlag>4</EpImgFlag>
  <EpisodeName>The Wrap Party</EpisodeName>
  <EpisodeNumber>6</EpisodeNumber>
  <FirstAired>2006-10-23</FirstAired>
  <GuestStars>|Eli Wallach| Mystro Clark| Sarah Smith| Lauren Graham| Nancy Lenehan| Randy Oglesby| Diana-Maria Riva| Edward Sears|</GuestStars>
  <IMDB_ID></IMDB_ID>
  <Language>en</Language>
  <Overview>A drunken Jordan makes friends with the cast during an after-show party, Danny tries to get Matt's mind off Harriet with the help of three sexy women, Simon  makes a plea to hire more black writers and Cal deals with a mysterious man backstage (guest star Eli Wallach).
</Overview>
  <ProductionCode>106</ProductionCode>
  <Rating>8.5</Rating>
  <RatingCount>4</RatingCount>
  <SeasonNumber>1</SeasonNumber>
  <Writer></Writer>
  <absolute_number></absolute_number>
  <filename>episodes/79343/307813.jpg</filename>
  <lastupdated>1326270467</lastupdated>
  <seasonid>16323</seasonid>
  <seriesid>79343</seriesid>
</Episode>
<Episode>
  <id>310836</id>
  <Combined_episodenumber>7</Combined_episodenumber>
  <Combined_season>1</Combined_season>
  <DVD_chapter></DVD_chapter>
  <DVD_discid></DVD_discid>
  <DVD_episodenumber></DVD_episodenumber>
  <DVD_season></DVD_season>
  <Director>Timothy Busfield, Lesli Linka Glatter</Director>
  <EpImgFlag>2</EpImgFlag>
  <EpisodeName>Nevada Day (1)</EpisodeName>
  <EpisodeNumber>7</EpisodeNumber>
  <FirstAired>2006-11-06</FirstAired>
  <GuestStars>|Daniel R. Escobar| John Goodman| Simon Helberg| Michael Kostroff| Jay Paulson| Raymond Ma| Josh Dubose| Larry A. Macias| Christopher Shea| Joshua Wolf Coleman| Chris Flanders| Ron Ostrow|</GuestStars>
  <IMDB_ID></IMDB_ID>
  <Language>en</Language>
  <Overview>Studio 60 staff must travel to Nevada to free Tom from jail in time for the show. Meanwhile, a judge who doesn't care for the show complicates matters.
</Overview>
  <ProductionCode></ProductionCode>
  <Rating>8.6</Rating>
  <RatingCount>5</RatingCount>
  <SeasonNumber>1</SeasonNumber>
  <Writer>Aaron Sorkin</Writer>
  <absolute_number></absolute_number>
  <filename>episodes/79343/310836.jpg</filename>
  <lastupdated>1326270478</lastupdated>
  <seasonid>16323</seasonid>
  <seriesid>79343</seriesid>
</Episode>
<Episode>
  <id>313582</id>
  <Combined_episodenumber>8</Combined_episodenumber>
  <Combined_season>1</Combined_season>
  <DVD_chapter></DVD_chapter>
  <DVD_discid></DVD_discid>
  <DVD_episodenumber></DVD_episodenumber>
  <DVD_season></DVD_season>
  <Director>Timothy Busfield</Director>
  <EpImgFlag>2</EpImgFlag>
  <EpisodeName>Nevada Day (2)</EpisodeName>
  <EpisodeNumber>8</EpisodeNumber>
  <FirstAired>2006-11-13</FirstAired>
  <GuestStars>|John Goodman| Raymond Ma| Simon Helberg| D. David Morin| Jennifer Lee| Jah Shams| Jay Paulson| Michael Kostroff|</GuestStars>
  <IMDB_ID></IMDB_ID>
  <Language>en</Language>
  <Overview>Jack pleads with the local Nevada judge (John Goodman) to free Tom so he can make it back to the Friday night show. Meanwhile, tension heats up between Matt and Harriet on the set.

</Overview>
  <ProductionCode></ProductionCode>
  <Rating>8.3</Rating>
  <RatingCount>4</RatingCount>
  <SeasonNumber>1</SeasonNumber>
  <Writer>Aaron Sorkin</Writer>
  <absolute_number></absolute_number>
  <filename>episodes/79343/313582.jpg</filename>
  <lastupdated>1326270489</lastupdated>
  <seasonid>16323</seasonid>
  <seriesid>79343</seriesid>
</Episode>
<Episode>
  <id>313583</id>
  <Combined_episodenumber>9</Combined_episodenumber>
  <Combined_season>1</Combined_season>
  <DVD_chapter></DVD_chapter>
  <DVD_discid></DVD_discid>
  <DVD_episodenumber></DVD_episodenumber>
  <DVD_season></DVD_season>
  <Director>John Fortenberry</Director>
  <EpImgFlag>4</EpImgFlag>
  <EpisodeName>The Option Period</EpisodeName>
  <EpisodeNumber>9</EpisodeNumber>
  <FirstAired>2006-11-20</FirstAired>
  <GuestStars>|Evan Handler| Carlos Jacott|</GuestStars>
  <IMDB_ID></IMDB_ID>
  <Language>en</Language>
  <Overview>Word of Ricky and Ron planning to leave the show along with the writing staff causes trouble at Studio 60. Meanwhile, Harriet considers doing a sexy lingerie spread in a magazine and Jordan and Danny wrestle with pending budget cuts.
</Overview>
  <ProductionCode></ProductionCode>
  <Rating>8.2</Rating>
  <RatingCount>5</RatingCount>
  <SeasonNumber>1</SeasonNumber>
  <Writer></Writer>
  <absolute_number></absolute_number>
  <filename>episodes/79343/313583.jpg</filename>
  <lastupdated>1326270500</lastupdated>
  <seasonid>16323</seasonid>
  <seriesid>79343</seriesid>
</Episode>
<Episode>
  <id>313785</id>
  <Combined_episodenumber>10</Combined_episodenumber>
  <Combined_season>1</Combined_season>
  <DVD_chapter></DVD_chapter>
  <DVD_discid></DVD_discid>
  <DVD_episodenumber></DVD_episodenumber>
  <DVD_season></DVD_season>
  <Director>Bryan Gordon</Director>
  <EpImgFlag>4</EpImgFlag>
  <EpisodeName>B-12</EpisodeName>
  <EpisodeNumber>10</EpisodeNumber>
  <FirstAired>2006-11-27</FirstAired>
  <GuestStars>|Monica Garcia| Christopher Murphy Carley| William Stanford Davis| John Carpenter| Amanda Tepe| Howie Mandel| Corinne Bailey Rae| Wendy Phillips| Simon Helberg| Stephen Alvarez| Christine Lahti| Todd Stashwick| Tate Hanyok| Amy Honey|</GuestStars>
  <IMDB_ID></IMDB_ID>
  <Language>en</Language>
  <Overview>A virus threatens the staff while Matt has to cope with a reduced writing staff. Jordan    tells Danny a little secret which could affect the whole NBS network.
</Overview>
  <ProductionCode></ProductionCode>
  <Rating>8.5</Rating>
  <RatingCount>4</RatingCount>
  <SeasonNumber>1</SeasonNumber>
  <Writer>Aaron Sorkin, Eli Attie</Writer>
  <absolute_number></absolute_number>
  <filename>episodes/79343/313785.jpg</filename>
  <lastupdated>1326270507</lastupdated>
  <seasonid>16323</seasonid>
  <seriesid>79343</seriesid>
</Episode>
<Episode>
  <id>313786</id>
  <Combined_episodenumber>11</Combined_episodenumber>
  <Combined_season>1</Combined_season>
  <DVD_chapter></DVD_chapter>
  <DVD_discid></DVD_discid>
  <DVD_episodenumber></DVD_episodenumber>
  <DVD_season></DVD_season>
  <Director>Daniel Attias</Director>
  <EpImgFlag>2</EpImgFlag>
  <EpisodeName>The Christmas Show</EpisodeName>
  <EpisodeNumber>11</EpisodeNumber>
  <FirstAired>2006-12-04</FirstAired>
  <GuestStars>|Kevin Eubanks| William Stanford Davis| John Mahon| Teresa Huang| Mimi Cozzens| Josh Stamberg| Ben Bode| Scott Lawrence|</GuestStars>
  <IMDB_ID></IMDB_ID>
  <Language>en</Language>
  <Overview>With a holiday show on the horizon, Matt is determined to bring the Christmas spirit to Studio 60. Which works romantic wonders for him. Meanwhile, Danny has to confront his true feelings for Jordan.
</Overview>
  <ProductionCode></ProductionCode>
  <Rating>8.0</Rating>
  <RatingCount>4</RatingCount>
  <SeasonNumber>1</SeasonNumber>
  <Writer></Writer>
  <absolute_number></absolute_number>
  <filename>episodes/79343/313786.jpg</filename>
  <lastupdated>1326270517</lastupdated>
  <seasonid>16323</seasonid>
  <seriesid>79343</seriesid>
</Episode>
<Episode>
  <id>315248</id>
  <Combined_episodenumber>12</Combined_episodenumber>
  <Combined_season>1</Combined_season>
  <DVD_chapter></DVD_chapter>
  <DVD_discid></DVD_discid>
  <DVD_episodenumber></DVD_episodenumber>
  <DVD_season></DVD_season>
  <Director>Lawrence Trilling</Director>
  <EpImgFlag>2</EpImgFlag>
  <EpisodeName>Monday</EpisodeName>
  <EpisodeNumber>12</EpisodeNumber>
  <FirstAired>2007-01-22</FirstAired>
  <GuestStars>|Raymond Ma| Columbus Short| Stephanie Childers| Amy Jo Brogan| Kurt Fuller| Kelvin Yu|</GuestStars>
  <IMDB_ID></IMDB_ID>
  <Language>en</Language>
  <Overview>Danny continues his pursuit of Jordan while Matt competes on an online bid for a date with Harriet. Jack and Wilson must deal with their pending situation about Macau, while Jordan meets with Hallie Gallway regarding a new reality show pitch.
</Overview>
  <ProductionCode></ProductionCode>
  <Rating>8.5</Rating>
  <RatingCount>4</RatingCount>
  <SeasonNumber>1</SeasonNumber>
  <Writer></Writer>
  <absolute_number></absolute_number>
  <filename>episodes/79343/315248.jpg</filename>
  <lastupdated>1326270525</lastupdated>
  <seasonid>16323</seasonid>
  <seriesid>79343</seriesid>
</Episode>
<Episode>
  <id>318692</id>
  <Combined_episodenumber>13</Combined_episodenumber>
  <Combined_season>1</Combined_season>
  <DVD_chapter></DVD_chapter>
  <DVD_discid></DVD_discid>
  <DVD_episodenumber></DVD_episodenumber>
  <DVD_season></DVD_season>
  <Director>Timothy Busfield</Director>
  <EpImgFlag>2</EpImgFlag>
  <EpisodeName>The Harriet Dinner (1)</EpisodeName>
  <EpisodeNumber>13</EpisodeNumber>
  <FirstAired>2007-01-29</FirstAired>
  <GuestStars>|Masi Oka| Christian Camargo| Casey Sander| John Mahon| Vernee Watson-Johnson| Nate Torrence| Camille Chen| Josh Stamberg| Jacqueline Johnson| Richard Wharton| Lisa Haskins| Hilary Griffiths| Eddie Hassell| Ross Mackenzie| Brian Hatton| Nina Mann| Sean Do</GuestStars>
  <IMDB_ID></IMDB_ID>
  <Language>en</Language>
  <Overview>Danny and Jordan cannot get down from the roof of the theater; staff members attend a dinner honoring Harriet; Harriet and Matt's relationship begins to unravel.
</Overview>
  <ProductionCode></ProductionCode>
  <Rating>8.2</Rating>
  <RatingCount>5</RatingCount>
  <SeasonNumber>1</SeasonNumber>
  <Writer></Writer>
  <absolute_number></absolute_number>
  <filename>episodes/79343/318692.jpg</filename>
  <lastupdated>1326270540</lastupdated>
  <seasonid>16323</seasonid>
  <seriesid>79343</seriesid>
</Episode>
<Episode>
  <id>318693</id>
  <Combined_episodenumber>14</Combined_episodenumber>
  <Combined_season>1</Combined_season>
  <DVD_chapter></DVD_chapter>
  <DVD_discid></DVD_discid>
  <DVD_episodenumber></DVD_episodenumber>
  <DVD_season></DVD_season>
  <Director>John Fortenberry</Director>
  <EpImgFlag>2</EpImgFlag>
  <EpisodeName>The Harriet Dinner (2)</EpisodeName>
  <EpisodeNumber>14</EpisodeNumber>
  <FirstAired>2007-02-05</FirstAired>
  <GuestStars>|Lucy Davis| Raymond Ma| Columbus Short| Molly Price| Elizabeth Sung| Camille Chen| Nate Torrence| Casey Sander|</GuestStars>
  <IMDB_ID></IMDB_ID>
  <Language>en</Language>
  <Overview>Danny and Jordan cannot get down from the roof of the theater; staff members attend a dinner honoring Harriet; Harriet and Matt's relationship begins to unravel.
</Overview>
  <ProductionCode></ProductionCode>
  <Rating>8.3</Rating>
  <RatingCount>3</RatingCount>
  <SeasonNumber>1</SeasonNumber>
  <Writer></Writer>
  <absolute_number></absolute_number>
  <filename>episodes/79343/318693.jpg</filename>
  <lastupdated>1326270549</lastupdated>
  <seasonid>16323</seasonid>
  <seriesid>79343</seriesid>
</Episode>
<Episode>
  <id>319775</id>
  <Combined_episodenumber>15</Combined_episodenumber>
  <Combined_season>1</Combined_season>
  <DVD_chapter></DVD_chapter>
  <DVD_discid></DVD_discid>
  <DVD_episodenumber></DVD_episodenumber>
  <DVD_season></DVD_season>
  <Director>Thomas Schlamme</Director>
  <EpImgFlag>2</EpImgFlag>
  <EpisodeName>The Friday Night Slaughter</EpisodeName>
  <EpisodeNumber>15</EpisodeNumber>
  <FirstAired>2007-02-12</FirstAired>
  <GuestStars>|Nate Torrence| Mark McKinney| Gina LaPiana| Josh Stamberg| Stephanie Childers| John Ennis| Wendle Josepher| Lisa M. Haskins| Jennifer Peo| Valerie Ross| Stephen Tobolowsky| Joseph Lyle Taylor| Emiko Parise| Diana-Maria Riva| Stephanie Childers|</GuestStars>
  <IMDB_ID></IMDB_ID>
  <Language>en</Language>
  <Overview>Matt takes a stroll down memory lane and recalls how he met Harriet
</Overview>
  <ProductionCode></ProductionCode>
  <Rating>8.0</Rating>
  <RatingCount>4</RatingCount>
  <SeasonNumber>1</SeasonNumber>
  <Writer></Writer>
  <absolute_number></absolute_number>
  <filename>episodes/79343/319775.jpg</filename>
  <lastupdated>1326270558</lastupdated>
  <seasonid>16323</seasonid>
  <seriesid>79343</seriesid>
</Episode>
<Episode>
  <id>319776</id>
  <Combined_episodenumber>16</Combined_episodenumber>
  <Combined_season>1</Combined_season>
  <DVD_chapter></DVD_chapter>
  <DVD_discid></DVD_discid>
  <DVD_episodenumber></DVD_episodenumber>
  <DVD_season></DVD_season>
  <Director></Director>
  <EpImgFlag>2</EpImgFlag>
  <EpisodeName>4am Miracle</EpisodeName>
  <EpisodeNumber>16</EpisodeNumber>
  <FirstAired>2007-02-19</FirstAired>
  <GuestStars>|Columbus Short| Lucy Davis| Josh Stamberg| Kari Matchett| Mark McKinney|</GuestStars>
  <IMDB_ID></IMDB_ID>
  <Language>en</Language>
  <Overview>Matt is stuck on a Wednesday night with writer's block and also has to contend with a young lawyer who's investigating a sexual harassment claim while Harriet continues shooting her movie. In addition, Jordan and Danny enter into a contest to see who'd make the better parent.
</Overview>
  <ProductionCode></ProductionCode>
  <Rating>8.3</Rating>
  <RatingCount>3</RatingCount>
  <SeasonNumber>1</SeasonNumber>
  <Writer></Writer>
  <absolute_number></absolute_number>
  <filename>episodes/79343/319776.jpg</filename>
  <lastupdated>1326270568</lastupdated>
  <seasonid>16323</seasonid>
  <seriesid>79343</seriesid>
</Episode>
<Episode>
  <id>319777</id>
  <Combined_episodenumber>17</Combined_episodenumber>
  <Combined_season>1</Combined_season>
  <DVD_chapter></DVD_chapter>
  <DVD_discid></DVD_discid>
  <DVD_episodenumber></DVD_episodenumber>
  <DVD_season></DVD_season>
  <Director>Thomas Schlamme</Director>
  <EpImgFlag>2</EpImgFlag>
  <EpisodeName>The Disaster Show</EpisodeName>
  <EpisodeNumber>17</EpisodeNumber>
  <FirstAired>2007-05-24</FirstAired>
  <GuestStars>|Allison Janney|</GuestStars>
  <IMDB_ID></IMDB_ID>
  <Language>en</Language>
  <Overview>Allison Janney, as herself, is the guest host of a show that goes haywire when the propmasters and cue card workers stage a last minute wildcat strike.
</Overview>
  <ProductionCode>3TS071</ProductionCode>
  <Rating>8.3</Rating>
  <RatingCount>4</RatingCount>
  <SeasonNumber>1</SeasonNumber>
  <Writer></Writer>
  <absolute_number></absolute_number>
  <filename>episodes/79343/319777.jpg</filename>
  <lastupdated>1326270578</lastupdated>
  <seasonid>16323</seasonid>
  <seriesid>79343</seriesid>
</Episode>
<Episode>
  <id>329416</id>
  <Combined_episodenumber>18</Combined_episodenumber>
  <Combined_season>1</Combined_season>
  <DVD_chapter></DVD_chapter>
  <DVD_discid></DVD_discid>
  <DVD_episodenumber></DVD_episodenumber>
  <DVD_season></DVD_season>
  <Director></Director>
  <EpImgFlag>2</EpImgFlag>
  <EpisodeName>Breaking News</EpisodeName>
  <EpisodeNumber>18</EpisodeNumber>
  <FirstAired>2007-05-31</FirstAired>
  <GuestStars></GuestStars>
  <IMDB_ID></IMDB_ID>
  <Language>en</Language>
  <Overview>During a live show, Jordan has problems with her pregnancy while an even bigger problem is in store for Tom. Meanwhile, Matt's rampant pill use is discovered by a member of staff.</Overview>
  <ProductionCode></ProductionCode>
  <Rating>8.2</Rating>
  <RatingCount>5</RatingCount>
  <SeasonNumber>1</SeasonNumber>
  <Writer></Writer>
  <absolute_number></absolute_number>
  <filename>episodes/79343/329416.jpg</filename>
  <lastupdated>1326270590</lastupdated>
  <seasonid>16323</seasonid>
  <seriesid>79343</seriesid>
</Episode>
<Episode>
  <id>329977</id>
  <Combined_episodenumber>19</Combined_episodenumber>
  <Combined_season>1</Combined_season>
  <DVD_chapter></DVD_chapter>
  <DVD_discid></DVD_discid>
  <DVD_episodenumber></DVD_episodenumber>
  <DVD_season></DVD_season>
  <Director></Director>
  <EpImgFlag>2</EpImgFlag>
  <EpisodeName>K &amp; R (1)</EpisodeName>
  <EpisodeNumber>19</EpisodeNumber>
  <FirstAired>2007-06-07</FirstAired>
  <GuestStars></GuestStars>
  <IMDB_ID></IMDB_ID>
  <Language>en</Language>
  <Overview>Jordan is rushed into surgery as the situation with Tom's brother grows more grim.</Overview>
  <ProductionCode></ProductionCode>
  <Rating>8.7</Rating>
  <RatingCount>3</RatingCount>
  <SeasonNumber>1</SeasonNumber>
  <Writer></Writer>
  <absolute_number></absolute_number>
  <filename>episodes/79343/329977.jpg</filename>
  <lastupdated>1326270600</lastupdated>
  <seasonid>16323</seasonid>
  <seriesid>79343</seriesid>
</Episode>
<Episode>
  <id>330136</id>
  <Combined_episodenumber>20</Combined_episodenumber>
  <Combined_season>1</Combined_season>
  <DVD_chapter></DVD_chapter>
  <DVD_discid></DVD_discid>
  <DVD_episodenumber></DVD_episodenumber>
  <DVD_season></DVD_season>
  <Director></Director>
  <EpImgFlag>2</EpImgFlag>
  <EpisodeName>K &amp; R (2)</EpisodeName>
  <EpisodeNumber>20</EpisodeNumber>
  <FirstAired>2007-06-14</FirstAired>
  <GuestStars></GuestStars>
  <IMDB_ID></IMDB_ID>
  <Language>en</Language>
  <Overview>Tom's Brother is still captive; Simon talks to the press; the lawyer talks to the ransom liaisons. Matt flashes back to 9/11 censorship. Jordan has her baby.</Overview>
  <ProductionCode></ProductionCode>
  <Rating>8.5</Rating>
  <RatingCount>4</RatingCount>
  <SeasonNumber>1</SeasonNumber>
  <Writer></Writer>
  <absolute_number></absolute_number>
  <filename>episodes/79343/330136.jpg</filename>
  <lastupdated>1326270612</lastupdated>
  <seasonid>16323</seasonid>
  <seriesid>79343</seriesid>
</Episode>
<Episode>
  <id>330137</id>
  <Combined_episodenumber>21</Combined_episodenumber>
  <Combined_season>1</Combined_season>
  <DVD_chapter></DVD_chapter>
  <DVD_discid></DVD_discid>
  <DVD_episodenumber></DVD_episodenumber>
  <DVD_season></DVD_season>
  <Director></Director>
  <EpImgFlag>2</EpImgFlag>
  <EpisodeName>K &amp; R (3)</EpisodeName>
  <EpisodeNumber>21</EpisodeNumber>
  <FirstAired>2007-06-21</FirstAired>
  <GuestStars></GuestStars>
  <IMDB_ID></IMDB_ID>
  <Language>en</Language>
  <Overview>The long day's journey into night continues as we learn more, in flashback, about how Matt and Danny came to be fired. Jack tries to convince Simon to apologize for his statement to the press. Matt continues to explore paying a ransom to free Tom’s brother over the objections of Captain Boyle. Harriet sits with and act as a distraction for Danny who is keeping vigil for Jordan at the hospital.</Overview>
  <ProductionCode></ProductionCode>
  <Rating>8.7</Rating>
  <RatingCount>3</RatingCount>
  <SeasonNumber>1</SeasonNumber>
  <Writer></Writer>
  <absolute_number></absolute_number>
  <filename>episodes/79343/330137.jpg</filename>
  <lastupdated>1326270627</lastupdated>
  <seasonid>16323</seasonid>
  <seriesid>79343</seriesid>
</Episode>
<Episode>
  <id>330138</id>
  <Combined_episodenumber>22</Combined_episodenumber>
  <Combined_season>1</Combined_season>
  <DVD_chapter></DVD_chapter>
  <DVD_discid></DVD_discid>
  <DVD_episodenumber></DVD_episodenumber>
  <DVD_season></DVD_season>
  <Director></Director>
  <EpImgFlag>2</EpImgFlag>
  <EpisodeName>What Kind of Day Has It Been</EpisodeName>
  <EpisodeNumber>22</EpisodeNumber>
  <FirstAired>2007-06-28</FirstAired>
  <GuestStars></GuestStars>
  <IMDB_ID></IMDB_ID>
  <Language>en</Language>
  <Overview>Danny, Jordan, Tom, and Simon's long day finally comes to an end. Meanwhile, Matt and Harriet have a new start in their relationship.
 </Overview>
  <ProductionCode></ProductionCode>
  <Rating>9.3</Rating>
  <RatingCount>3</RatingCount>
  <SeasonNumber>1</SeasonNumber>
  <Writer></Writer>
  <absolute_number></absolute_number>
  <filename>episodes/79343/330138.jpg</filename>
  <lastupdated>1326270638</lastupdated>
  <seasonid>16323</seasonid>
  <seriesid>79343</seriesid>
</Episode>
</Data>