<?xml version="1.0" encoding="UTF-8" ?>
<Actors>
<Actor>
  <id>175691</id>
  <Image>actors/175691.jpg</Image>
  <Name>Frank Grillo</Name>
  <Role>Nick Monohan</Role>
  <SortOrder>0</SortOrder>
</Actor>
<Actor>
  <id>175631</id>
  <Image>actors/175631.jpg</Image>
  <Name>Luke Mably</Name>
  <Role>Dylan Radcliff</Role>
  <SortOrder>1</SortOrder>
</Actor>
<Actor>
  <id>175611</id>
  <Image>actors/175611.jpg</Image>
  <Name>Rhona Mitra</Name>
  <Role>Claire Radcliff</Role>
  <SortOrder>2</SortOrder>
</Actor>
<Actor>
  <id>175701</id>
  <Image>actors/175701.jpg</Image>
  <Name>Janina Gavankar</Name>
  <Role>Leigh Turner</Role>
  <SortOrder>3</SortOrder>
</Actor>
<Actor>
  <id>175681</id>
  <Image>actors/175681.jpg</Image>
  <Name>Travis Caldwell</Name>
  <Role>Charlie Monohan</Role>
  <SortOrder>3</SortOrder>
</Actor>
<Actor>
  <id>175671</id>
  <Image>actors/175671.jpg</Image>
  <Name>Skyler Samuels</Name>
  <Role>Andie Bates</Role>
  <SortOrder>3</SortOrder>
</Actor>
<Actor>
  <id>175661</id>
  <Image>actors/175661.jpg</Image>
  <Name>Colton Haynes</Name>
  <Role>Brett Crezski</Role>
  <SortOrder>3</SortOrder>
</Actor>
<Actor>
  <id>175651</id>
  <Image>actors/175651.jpg</Image>
  <Name>Chandra West</Name>
  <Role>Devon</Role>
  <SortOrder>3</SortOrder>
</Actor>
<Actor>
  <id>175641</id>
  <Image>actors/175641.jpg</Image>
  <Name>Justin Miles</Name>
  <Role>Marcus Jordan</Role>
  <SortOrder>3</SortOrder>
</Actor>
<Actor>
  <id>175621</id>
  <Image>actors/175621.jpg</Image>
  <Name>Marisol Nichols</Name>
  <Role>Sarah Monahan</Role>
  <SortOrder>3</SortOrder>
</Actor>
</Actors>