<?xml version="1.0" encoding="UTF-8" ?>
<Data><Series>
  <id>158671</id>
  <Actors>|Frank Grillo|Luke Mably|Rhona Mitra|Janina Gavankar|Travis Caldwell|Skyler Samuels|Colton Haynes|Chandra West|Justin Miles|Marisol Nichols|</Actors>
  <Airs_DayOfWeek>Sunday</Airs_DayOfWeek>
  <Airs_Time>09:00 PM</Airs_Time>
  <ContentRating></ContentRating>
  <FirstAired>2010-06-20</FirstAired>
  <Genre>|Drama|</Genre>
  <IMDB_ID>tt1599357</IMDB_ID>
  <Language>en</Language>
  <Network>ABC</Network>
  <NetworkID></NetworkID>
  <Overview>Nestled inside a private mountain community are The Gates. The image of perpetual suburban bliss, each street is lined with perfectly manicured homes protected by the massive iron gates, but a dark and delicious secret is buried just beneath the surface of this picturesque neighborhood.

Like most families that settle inside The Gates, the Monahans are unmoored from a complicated life they abandoned in Chicago. Named the new police chief of The Gates, Nick Monahan is expecting a change of pace in this quiet suburb. Nick's wife, Sarah, and their children, Charlie and Dana, are embarking on new adventures as well. Their house is to die for, but amidst the excitement, Sarah is still burdened with the revelation that her husband may not be the man she thought he was. Charlie and Dana will also face some challenges of their own: Along with navigating the trials and tribulations of adolescence, they'll also face the daunting task of fitting into their new upscale school, where their new friends run in tight-knit packs.</Overview>
  <Rating>7.1</Rating>
  <RatingCount>18</RatingCount>
  <Runtime>60</Runtime>
  <SeriesID>78769</SeriesID>
  <SeriesName>The Gates</SeriesName>
  <Status>Ended</Status>
  <added>2010-04-23 01:25:04</added>
  <addedBy>76261</addedBy>
  <banner>graphical/158671-g.jpg</banner>
  <fanart>fanart/original/158671-1.jpg</fanart>
  <lastupdated>1346981848</lastupdated>
  <poster>posters/158671-1.jpg</poster>
  <zap2it_id></zap2it_id>
</Series>
<Episode>
  <id>2111921</id>
  <Combined_episodenumber>1</Combined_episodenumber>
  <Combined_season>1</Combined_season>
  <DVD_chapter></DVD_chapter>
  <DVD_discid></DVD_discid>
  <DVD_episodenumber></DVD_episodenumber>
  <DVD_season></DVD_season>
  <Director>Terry McDonough</Director>
  <EpImgFlag>3</EpImgFlag>
  <EpisodeName>Settling In</EpisodeName>
  <EpisodeNumber>1</EpisodeNumber>
  <FirstAired>2010-06-20</FirstAired>
  <GuestStars>McKaley Miller</GuestStars>
  <IMDB_ID>tt1669488</IMDB_ID>
  <Language>en</Language>
  <Overview>The Monohan family move into their new home in The Gates, an exclusive community of perfectly manicured lawns and friendly neighbors. But things grow complicated when Nick Monohan, the new Chief of Police, has to investigate those neighbors in a missing persons case during his first day on the job. Claire and Dylan Radcliff fight to hide not only their involvement in Nick's case, but their rather unusual family secret. Meanwhile, Charlie Monohan tries to adjust to his new school, finding a friend in the beautiful but unavailable Andie Bates. Just when his family is finally settling in, Nick's world is rocked by a late-night caller with some terrible news.</Overview>
  <ProductionCode></ProductionCode>
  <Rating>7.4</Rating>
  <RatingCount>37</RatingCount>
  <SeasonNumber>1</SeasonNumber>
  <Writer>Grant Scharbo|Richard Hatem</Writer>
  <absolute_number></absolute_number>
  <filename>episodes/158671/2111921.jpg</filename>
  <lastupdated>1346951155</lastupdated>
  <seasonid>235131</seasonid>
  <seriesid>158671</seriesid>
</Episode>
<Episode>
  <id>2371441</id>
  <Combined_episodenumber>2</Combined_episodenumber>
  <Combined_season>1</Combined_season>
  <DVD_chapter></DVD_chapter>
  <DVD_discid></DVD_discid>
  <DVD_episodenumber></DVD_episodenumber>
  <DVD_season></DVD_season>
  <Director>David Barrett</Director>
  <EpImgFlag>2</EpImgFlag>
  <EpisodeName>What Lies Beneath</EpisodeName>
  <EpisodeNumber>2</EpisodeNumber>
  <FirstAired>2010-06-27</FirstAired>
  <GuestStars>McKaley Miller</GuestStars>
  <IMDB_ID>tt1669489</IMDB_ID>
  <Language>en</Language>
  <Overview>Nick investigates the death of the last Chief of Police, disturbed by what he's starting to discover about The Gates. Claire Radcliff deals with the repercussions from her recent transgression, fighting to put the past behind her. At school, Andie struggles to sort out her blossoming feelings for Charlie. And Brett works hard to keep dating Andie while fighting off Lukas' tempting offer to &quot;come running&quot; .</Overview>
  <ProductionCode></ProductionCode>
  <Rating>7.3</Rating>
  <RatingCount>36</RatingCount>
  <SeasonNumber>1</SeasonNumber>
  <Writer>Grant Scharbo</Writer>
  <absolute_number></absolute_number>
  <filename>episodes/158671/2371441.jpg</filename>
  <lastupdated>1346951214</lastupdated>
  <seasonid>235131</seasonid>
  <seriesid>158671</seriesid>
</Episode>
<Episode>
  <id>2371451</id>
  <Combined_episodenumber>3</Combined_episodenumber>
  <Combined_season>1</Combined_season>
  <DVD_chapter></DVD_chapter>
  <DVD_discid></DVD_discid>
  <DVD_episodenumber></DVD_episodenumber>
  <DVD_season></DVD_season>
  <Director>Terry McDonough</Director>
  <EpImgFlag>2</EpImgFlag>
  <EpisodeName>Breach</EpisodeName>
  <EpisodeNumber>3</EpisodeNumber>
  <FirstAired>2010-07-11</FirstAired>
  <GuestStars></GuestStars>
  <IMDB_ID>tt1677430</IMDB_ID>
  <Language>en</Language>
  <Overview>There's been a robbery at the McCallisters', setting off a series of similar mysterious robberies around town. Meanwhile Brett does his best to get his relationship back on track with Andie, though she still finds herself drawn to Charlie; Lukas encourages Brett to join the pack and blow off a little steam; Leigh is not herself when she loses an important package, and possibly her connection with Marcus; and Claire reunites with an old friend who questions her transformation to a humble housewife.</Overview>
  <ProductionCode></ProductionCode>
  <Rating>7.4</Rating>
  <RatingCount>29</RatingCount>
  <SeasonNumber>1</SeasonNumber>
  <Writer>Richard Hatem</Writer>
  <absolute_number></absolute_number>
  <filename>episodes/158671/2371451.jpg</filename>
  <lastupdated>1346951270</lastupdated>
  <seasonid>235131</seasonid>
  <seriesid>158671</seriesid>
</Episode>
<Episode>
  <id>2371461</id>
  <Combined_episodenumber>4</Combined_episodenumber>
  <Combined_season>1</Combined_season>
  <DVD_chapter></DVD_chapter>
  <DVD_discid></DVD_discid>
  <DVD_episodenumber></DVD_episodenumber>
  <DVD_season></DVD_season>
  <Director>Paul A. Edwards</Director>
  <EpImgFlag>2</EpImgFlag>
  <EpisodeName>The Monster Within</EpisodeName>
  <EpisodeNumber>4</EpisodeNumber>
  <FirstAired>2010-07-18</FirstAired>
  <GuestStars>McKaley Miller</GuestStars>
  <IMDB_ID>tt1677437</IMDB_ID>
  <Language>en</Language>
  <Overview>A missing hunter casts unwanted attention on Brett and the pack, creating tension with Coach Ross. Meanwhile Nick and Dylan try to put their differences aside during The Gates Father/Daughter Dance, with mixed results; and Andie and Charlie's relationship looks like it's headed for smooth sailing, until an unexpected secret turns everything upside down.</Overview>
  <ProductionCode></ProductionCode>
  <Rating>7.8</Rating>
  <RatingCount>30</RatingCount>
  <SeasonNumber>1</SeasonNumber>
  <Writer>Gabrielle G. Stanton</Writer>
  <absolute_number></absolute_number>
  <filename>episodes/158671/2371461.jpg</filename>
  <lastupdated>1346951314</lastupdated>
  <seasonid>235131</seasonid>
  <seriesid>158671</seriesid>
</Episode>
<Episode>
  <id>2371471</id>
  <Combined_episodenumber>5</Combined_episodenumber>
  <Combined_season>1</Combined_season>
  <DVD_chapter></DVD_chapter>
  <DVD_discid></DVD_discid>
  <DVD_episodenumber></DVD_episodenumber>
  <DVD_season></DVD_season>
  <Director>David Solomon</Director>
  <EpImgFlag>2</EpImgFlag>
  <EpisodeName>Repercussions</EpisodeName>
  <EpisodeNumber>5</EpisodeNumber>
  <FirstAired>2010-07-25</FirstAired>
  <GuestStars></GuestStars>
  <IMDB_ID>tt1677436</IMDB_ID>
  <Language>en</Language>
  <Overview>Nick is forced into an alliance with a vampire; Marcus looks into Teresa's disappearance; a recent discovery threatens Andie's new relationship.</Overview>
  <ProductionCode></ProductionCode>
  <Rating>7.4</Rating>
  <RatingCount>33</RatingCount>
  <SeasonNumber>1</SeasonNumber>
  <Writer>Scott Nimerfro</Writer>
  <absolute_number></absolute_number>
  <filename>episodes/158671/2371471.jpg</filename>
  <lastupdated>1346981688</lastupdated>
  <seasonid>235131</seasonid>
  <seriesid>158671</seriesid>
</Episode>
<Episode>
  <id>2371481</id>
  <Combined_episodenumber>6</Combined_episodenumber>
  <Combined_season>1</Combined_season>
  <DVD_chapter></DVD_chapter>
  <DVD_discid></DVD_discid>
  <DVD_episodenumber></DVD_episodenumber>
  <DVD_season></DVD_season>
  <Director>David Grossman</Director>
  <EpImgFlag>2</EpImgFlag>
  <EpisodeName>Jurisdiction</EpisodeName>
  <EpisodeNumber>6</EpisodeNumber>
  <FirstAired>2010-08-01</FirstAired>
  <GuestStars></GuestStars>
  <IMDB_ID>tt1677434</IMDB_ID>
  <Language>en</Language>
  <Overview>Nick asks Dylan for help finding the killer when a neighbor is murdered by a vampire; Claire tries to end her arrangement with Christian; Andie decides to not take her medicine.</Overview>
  <ProductionCode></ProductionCode>
  <Rating>7.7</Rating>
  <RatingCount>29</RatingCount>
  <SeasonNumber>1</SeasonNumber>
  <Writer>Jared Romero</Writer>
  <absolute_number></absolute_number>
  <filename>episodes/158671/2371481.jpg</filename>
  <lastupdated>1346981725</lastupdated>
  <seasonid>235131</seasonid>
  <seriesid>158671</seriesid>
</Episode>
<Episode>
  <id>2371491</id>
  <Combined_episodenumber>7</Combined_episodenumber>
  <Combined_season>1</Combined_season>
  <DVD_chapter></DVD_chapter>
  <DVD_discid></DVD_discid>
  <DVD_episodenumber></DVD_episodenumber>
  <DVD_season></DVD_season>
  <Director>Fred Gerber</Director>
  <EpImgFlag>2</EpImgFlag>
  <EpisodeName>Digging the Dirt</EpisodeName>
  <EpisodeNumber>7</EpisodeNumber>
  <FirstAired>2010-08-08</FirstAired>
  <GuestStars></GuestStars>
  <IMDB_ID>tt1677431</IMDB_ID>
  <Language>en</Language>
  <Overview>Dylan and Nick search for a damaging secret about Frank; social politics threaten Sarah's pool party; Devon experiments with Internet dating.</Overview>
  <ProductionCode></ProductionCode>
  <Rating>7.7</Rating>
  <RatingCount>28</RatingCount>
  <SeasonNumber>1</SeasonNumber>
  <Writer>Robert Hewitt Wolfe</Writer>
  <absolute_number></absolute_number>
  <filename>episodes/158671/2371491.jpg</filename>
  <lastupdated>1346981759</lastupdated>
  <seasonid>235131</seasonid>
  <seriesid>158671</seriesid>
</Episode>
<Episode>
  <id>2371501</id>
  <Combined_episodenumber>8</Combined_episodenumber>
  <Combined_season>1</Combined_season>
  <DVD_chapter></DVD_chapter>
  <DVD_discid></DVD_discid>
  <DVD_episodenumber></DVD_episodenumber>
  <DVD_season></DVD_season>
  <Director>David Barrett</Director>
  <EpImgFlag>2</EpImgFlag>
  <EpisodeName>Dog Eat Dog</EpisodeName>
  <EpisodeNumber>8</EpisodeNumber>
  <FirstAired>2010-08-15</FirstAired>
  <GuestStars></GuestStars>
  <IMDB_ID>tt1677432</IMDB_ID>
  <Language>en</Language>
  <Overview>Nick tries to defuse a possible turf war between werewolves and vampires; Brett and Andie's relationship rekindles; Mia turns to Devon for guidance.</Overview>
  <ProductionCode></ProductionCode>
  <Rating>7.5</Rating>
  <RatingCount>26</RatingCount>
  <SeasonNumber>1</SeasonNumber>
  <Writer>Gabrielle G. Stanton</Writer>
  <absolute_number></absolute_number>
  <filename>episodes/158671/2371501.jpg</filename>
  <lastupdated>1346981811</lastupdated>
  <seasonid>235131</seasonid>
  <seriesid>158671</seriesid>
</Episode>
<Episode>
  <id>2371511</id>
  <Combined_episodenumber>9</Combined_episodenumber>
  <Combined_season>1</Combined_season>
  <DVD_chapter></DVD_chapter>
  <DVD_discid></DVD_discid>
  <DVD_episodenumber></DVD_episodenumber>
  <DVD_season></DVD_season>
  <Director>Steve Miner</Director>
  <EpImgFlag>3</EpImgFlag>
  <EpisodeName>Identity Crisis</EpisodeName>
  <EpisodeNumber>9</EpisodeNumber>
  <FirstAired>2010-08-22</FirstAired>
  <GuestStars>McKaley Miller</GuestStars>
  <IMDB_ID>tt1677433</IMDB_ID>
  <Language>en</Language>
  <Overview>An FBI agent searches for a criminal who may have taken refuge in The Gates; Andie grows weaker by the day; Charlie finds himself with an unexpected new crush; Dylan and Claire struggle to repair their bond.</Overview>
  <ProductionCode></ProductionCode>
  <Rating>7.4</Rating>
  <RatingCount>27</RatingCount>
  <SeasonNumber>1</SeasonNumber>
  <Writer>Scott Nimerfro</Writer>
  <absolute_number></absolute_number>
  <filename>episodes/158671/2371511.jpg</filename>
  <lastupdated>1346951365</lastupdated>
  <seasonid>235131</seasonid>
  <seriesid>158671</seriesid>
</Episode>
<Episode>
  <id>2371521</id>
  <Combined_episodenumber>10</Combined_episodenumber>
  <Combined_season>1</Combined_season>
  <DVD_chapter></DVD_chapter>
  <DVD_discid></DVD_discid>
  <DVD_episodenumber></DVD_episodenumber>
  <DVD_season></DVD_season>
  <Director>Steve Shill</Director>
  <EpImgFlag>2</EpImgFlag>
  <EpisodeName>Little Girl Lost</EpisodeName>
  <EpisodeNumber>10</EpisodeNumber>
  <FirstAired>2010-09-05</FirstAired>
  <GuestStars></GuestStars>
  <IMDB_ID>tt1677435</IMDB_ID>
  <Language>en</Language>
  <Overview>Dylan and Claire ask Nick for help after Emily is kidnapped. Nick's search will lead him outside The Gates and to some horrific truths about their vampire past. Sarah, who's feeling left out, presses Nick for details about the case. The realities of Brett's relationship with Andie surface while Charlie becomes aware that those around him are not human.</Overview>
  <ProductionCode></ProductionCode>
  <Rating>8.0</Rating>
  <RatingCount>23</RatingCount>
  <SeasonNumber>1</SeasonNumber>
  <Writer>Robert Hewitt Wolfe</Writer>
  <absolute_number></absolute_number>
  <filename>episodes/158671/2371521.jpg</filename>
  <lastupdated>1346981867</lastupdated>
  <seasonid>235131</seasonid>
  <seriesid>158671</seriesid>
</Episode>
<Episode>
  <id>2371531</id>
  <Combined_episodenumber>11</Combined_episodenumber>
  <Combined_season>1</Combined_season>
  <DVD_chapter></DVD_chapter>
  <DVD_discid></DVD_discid>
  <DVD_episodenumber></DVD_episodenumber>
  <DVD_season></DVD_season>
  <Director>Holly Dale</Director>
  <EpImgFlag>2</EpImgFlag>
  <EpisodeName>Surfacing</EpisodeName>
  <EpisodeNumber>11</EpisodeNumber>
  <FirstAired>2010-09-12</FirstAired>
  <GuestStars>McKaley Miller</GuestStars>
  <IMDB_ID>tt1695326</IMDB_ID>
  <Language>en</Language>
  <Overview>Nick's past comes back to haunt him - again. Emily's Aunt Nancy shows up with a social worker to find out all about the Radcliffe's home life and Claire fears this could be dangerous for her family. Dana makes a concerted effort to reunite Charlie and Andie but romance is put on the back burner when someone or something schemes to torment the Monohan family.</Overview>
  <ProductionCode></ProductionCode>
  <Rating>7.7</Rating>
  <RatingCount>29</RatingCount>
  <SeasonNumber>1</SeasonNumber>
  <Writer>Grant Scharbo</Writer>
  <absolute_number></absolute_number>
  <filename>episodes/158671/2371531.jpg</filename>
  <lastupdated>1346951425</lastupdated>
  <seasonid>235131</seasonid>
  <seriesid>158671</seriesid>
</Episode>
<Episode>
  <id>2371541</id>
  <Combined_episodenumber>12</Combined_episodenumber>
  <Combined_season>1</Combined_season>
  <DVD_chapter></DVD_chapter>
  <DVD_discid></DVD_discid>
  <DVD_episodenumber></DVD_episodenumber>
  <DVD_season></DVD_season>
  <Director>Arthur Albert</Director>
  <EpImgFlag>2</EpImgFlag>
  <EpisodeName>Bad Moon Rising</EpisodeName>
  <EpisodeNumber>12</EpisodeNumber>
  <FirstAired>2010-09-19</FirstAired>
  <GuestStars>McKaley Miller</GuestStars>
  <IMDB_ID>tt1695325</IMDB_ID>
  <Language>en</Language>
  <Overview>Vanessa and Frank's latest decision may just tear apart The Gates. Sarah shuns those around her and seeks temporary relief with Devon after learning that The Gates abounds with Supernaturals, but she's going to learn that Devon is the one person she can't trust. Brett is enraged that Andie and Charlie are back together but his extreme actions to remedy this will have far-reaching effects.</Overview>
  <ProductionCode></ProductionCode>
  <Rating>7.7</Rating>
  <RatingCount>26</RatingCount>
  <SeasonNumber>1</SeasonNumber>
  <Writer>Richard Hatem|Jared Romero</Writer>
  <absolute_number></absolute_number>
  <filename>episodes/158671/2371541.jpg</filename>
  <lastupdated>1346951476</lastupdated>
  <seasonid>235131</seasonid>
  <seriesid>158671</seriesid>
</Episode>
<Episode>
  <id>2371551</id>
  <Combined_episodenumber>13</Combined_episodenumber>
  <Combined_season>1</Combined_season>
  <DVD_chapter></DVD_chapter>
  <DVD_discid></DVD_discid>
  <DVD_episodenumber></DVD_episodenumber>
  <DVD_season></DVD_season>
  <Director>Fred Gerber</Director>
  <EpImgFlag>2</EpImgFlag>
  <EpisodeName>Moving Day</EpisodeName>
  <EpisodeNumber>13</EpisodeNumber>
  <FirstAired>2010-09-19</FirstAired>
  <GuestStars>McKaley Miller</GuestStars>
  <IMDB_ID>tt1720776</IMDB_ID>
  <Language>en</Language>
  <Overview>Devastated by recent events, the Monohans decide to leave The Gates; the Radcliffes pursue Devon; Brett desperately searches for Andie.</Overview>
  <ProductionCode></ProductionCode>
  <Rating>7.5</Rating>
  <RatingCount>27</RatingCount>
  <SeasonNumber>1</SeasonNumber>
  <Writer>Grant Scharbo|Gabrielle G. Stanton</Writer>
  <absolute_number></absolute_number>
  <filename>episodes/158671/2371551.jpg</filename>
  <lastupdated>1346951528</lastupdated>
  <seasonid>235131</seasonid>
  <seriesid>158671</seriesid>
</Episode>
</Data>