<?xml version="1.0" encoding="UTF-8" ?>
<Actors>
<Actor>
  <id>16019</id>
  <Image></Image>
  <Name>André Sogliuzzo</Name>
  <Role>ARC Captain</Role>
  <SortOrder>3</SortOrder>
</Actor>
<Actor>
  <id>16021</id>
  <Image></Image>
  <Name>Anthony Daniels</Name>
  <Role>C-3PO</Role>
  <SortOrder>3</SortOrder>
</Actor>
<Actor>
  <id>16015</id>
  <Image></Image>
  <Name>Corey Burton</Name>
  <Role>Count Dooku</Role>
  <SortOrder>3</SortOrder>
</Actor>
<Actor>
  <id>16016</id>
  <Image></Image>
  <Name>Frank Welker</Name>
  <Role></Role>
  <SortOrder>3</SortOrder>
</Actor>
<Actor>
  <id>16014</id>
  <Image></Image>
  <Name>Grey Delisle</Name>
  <Role>Asajj Ventress</Role>
  <SortOrder>3</SortOrder>
</Actor>
<Actor>
  <id>16013</id>
  <Image></Image>
  <Name>James Arnold Taylor</Name>
  <Role>Obi-Wan Kenobi</Role>
  <SortOrder>3</SortOrder>
</Actor>
<Actor>
  <id>16017</id>
  <Image></Image>
  <Name>Mat Lucas</Name>
  <Role>Anakin Skywalker</Role>
  <SortOrder>3</SortOrder>
</Actor>
<Actor>
  <id>16018</id>
  <Image></Image>
  <Name>Matthew Wood</Name>
  <Role></Role>
  <SortOrder>3</SortOrder>
</Actor>
<Actor>
  <id>16020</id>
  <Image></Image>
  <Name>Nick Jameson</Name>
  <Role>Supreme Chancellor Palpatine</Role>
  <SortOrder>3</SortOrder>
</Actor>
<Actor>
  <id>16022</id>
  <Image></Image>
  <Name>Tom Kane</Name>
  <Role>Yoda</Role>
  <SortOrder>3</SortOrder>
</Actor>
</Actors>