<?xml version="1.0" encoding="UTF-8" ?>
<Actors>
<Actor>
  <id>258261</id>
  <Image>actors/258261.jpg</Image>
  <Name>Liam Cunningham</Name>
  <Role>Richard Tate</Role>
  <SortOrder>0</SortOrder>
</Actor>
<Actor>
  <id>258281</id>
  <Image>actors/258281.jpg</Image>
  <Name>Amy Manson</Name>
  <Role>Fleur Morgan</Role>
  <SortOrder>1</SortOrder>
</Actor>
<Actor>
  <id>258291</id>
  <Image>actors/258291.jpg</Image>
  <Name>Daniel Mays</Name>
  <Role>Cass Cromwell</Role>
  <SortOrder>2</SortOrder>
</Actor>
<Actor>
  <id>258341</id>
  <Image>actors/258341.jpg</Image>
  <Name>Langley Kirkwood</Name>
  <Role>Rudi</Role>
  <SortOrder>3</SortOrder>
</Actor>
<Actor>
  <id>258331</id>
  <Image>actors/258331.jpg</Image>
  <Name>Michael Legge</Name>
  <Role>Tipper Malone</Role>
  <SortOrder>3</SortOrder>
</Actor>
<Actor>
  <id>258321</id>
  <Image>actors/258321.jpg</Image>
  <Name>Eric Mabius</Name>
  <Role>Julius Berger</Role>
  <SortOrder>3</SortOrder>
</Actor>
<Actor>
  <id>258311</id>
  <Image>actors/258311.jpg</Image>
  <Name>Ashley Walters</Name>
  <Role>Jack Holt</Role>
  <SortOrder>3</SortOrder>
</Actor>
<Actor>
  <id>258301</id>
  <Image>actors/258301.jpg</Image>
  <Name>Jamie Bamber</Name>
  <Role>Mitchell Hoban</Role>
  <SortOrder>3</SortOrder>
</Actor>
<Actor>
  <id>258271</id>
  <Image>actors/258271.jpg</Image>
  <Name>Hermione Norris</Name>
  <Role>Stella Isen</Role>
  <SortOrder>3</SortOrder>
</Actor>
<Actor>
  <id>258351</id>
  <Image></Image>
  <Name>Jeanne Kietzmann</Name>
  <Role>Lily Isen</Role>
  <SortOrder>3</SortOrder>
</Actor>
<Actor>
  <id>258251</id>
  <Image></Image>
  <Name>Patrick Lyster</Name>
  <Role>CT9 Commander</Role>
  <SortOrder>3</SortOrder>
</Actor>
</Actors>