<?xml version="1.0" encoding="UTF-8" ?>
<Data><Series>
  <id>185251</id>
  <Actors>|Liam Cunningham|Amy Manson|Daniel Mays|Langley Kirkwood|Michael Legge|Eric Mabius|Ashley Walters|Jamie Bamber|Hermione Norris|Jeanne Kietzmann|Patrick Lyster|</Actors>
  <Airs_DayOfWeek>Thursday</Airs_DayOfWeek>
  <Airs_Time>22:00</Airs_Time>
  <ContentRating>TV-14</ContentRating>
  <FirstAired>2011-02-07</FirstAired>
  <Genre>|Drama|Science-Fiction|</Genre>
  <IMDB_ID>tt1697793</IMDB_ID>
  <Language>en</Language>
  <Network>BBC One</Network>
  <NetworkID></NetworkID>
  <Overview>Settled in the town of Forthaven on Carpathia, the Outcasts are passionate about their jobs, confident of their ideals and optimistic about the future. They work hard to preserve what they've built on this planet they now call home, having embraced all the challenges that come with forging a new beginning.
They are a diverse group of individuals who left their old lives behind in extraordinary circumstances; promised a second chance at life they created a society, far away from their home, friends, family... and their pasts.
The planet offers the possibility for both corruption and redemption; while they try to avoid the mistakes made on Earth, inevitably our heroes cannot escape the human pitfalls of love, greed, lust, loss, and a longing for those they've left behind.</Overview>
  <Rating>8.5</Rating>
  <RatingCount>26</RatingCount>
  <Runtime>60</Runtime>
  <SeriesID>78530</SeriesID>
  <SeriesName>Outcasts</SeriesName>
  <Status>Ended</Status>
  <added>2010-08-27 07:26:33</added>
  <addedBy>218711</addedBy>
  <banner>graphical/185251-g2.jpg</banner>
  <fanart>fanart/original/185251-2.jpg</fanart>
  <lastupdated>1364416094</lastupdated>
  <poster>posters/185251-2.jpg</poster>
  <zap2it_id></zap2it_id>
</Series>
<Episode>
  <id>3584991</id>
  <Combined_episodenumber>1</Combined_episodenumber>
  <Combined_season>1</Combined_season>
  <DVD_chapter></DVD_chapter>
  <DVD_discid></DVD_discid>
  <DVD_episodenumber></DVD_episodenumber>
  <DVD_season></DVD_season>
  <Director>Bharat Nalluri</Director>
  <EpImgFlag>2</EpImgFlag>
  <EpisodeName>Episode 1</EpisodeName>
  <EpisodeNumber>1</EpisodeNumber>
  <FirstAired>2011-02-07</FirstAired>
  <GuestStars></GuestStars>
  <IMDB_ID>tt1710089</IMDB_ID>
  <Language>en</Language>
  <Overview>The arrival of the last known transporter from Earth gives some new hope for the residents of Carpathia. Loyalties end up being tested though as the head of Forthaven's expeditionaries attempts to break away from the settlement.</Overview>
  <ProductionCode></ProductionCode>
  <Rating>7.1</Rating>
  <RatingCount>46</RatingCount>
  <SeasonNumber>1</SeasonNumber>
  <Writer>Ben Richards</Writer>
  <absolute_number>1</absolute_number>
  <filename>episodes/185251/3584991.jpg</filename>
  <lastupdated>1339945383</lastupdated>
  <seasonid>403971</seasonid>
  <seriesid>185251</seriesid>
</Episode>
<Episode>
  <id>3585001</id>
  <Combined_episodenumber>2</Combined_episodenumber>
  <Combined_season>1</Combined_season>
  <DVD_chapter></DVD_chapter>
  <DVD_discid></DVD_discid>
  <DVD_episodenumber></DVD_episodenumber>
  <DVD_season></DVD_season>
  <Director>Bharat Nalluri</Director>
  <EpImgFlag>2</EpImgFlag>
  <EpisodeName>Episode 2</EpisodeName>
  <EpisodeNumber>2</EpisodeNumber>
  <FirstAired>2011-02-08</FirstAired>
  <GuestStars></GuestStars>
  <IMDB_ID>tt1712428</IMDB_ID>
  <Language>en</Language>
  <Overview>Cass, Fleur and Jack leave the settlement to try and find a a missing survival shuttle. Stella and Tate are confronted by their former foe Julius Berger.</Overview>
  <ProductionCode></ProductionCode>
  <Rating>7.2</Rating>
  <RatingCount>30</RatingCount>
  <SeasonNumber>1</SeasonNumber>
  <Writer>Ben Richards</Writer>
  <absolute_number>2</absolute_number>
  <filename>episodes/185251/3585001.jpg</filename>
  <lastupdated>1339945470</lastupdated>
  <seasonid>403971</seasonid>
  <seriesid>185251</seriesid>
</Episode>
<Episode>
  <id>3653811</id>
  <Combined_episodenumber>3</Combined_episodenumber>
  <Combined_season>1</Combined_season>
  <DVD_chapter></DVD_chapter>
  <DVD_discid></DVD_discid>
  <DVD_episodenumber></DVD_episodenumber>
  <DVD_season></DVD_season>
  <Director>Omar Madha</Director>
  <EpImgFlag>2</EpImgFlag>
  <EpisodeName>Episode 3</EpisodeName>
  <EpisodeNumber>3</EpisodeNumber>
  <FirstAired>2011-02-14</FirstAired>
  <GuestStars></GuestStars>
  <IMDB_ID>tt1712429</IMDB_ID>
  <Language>en</Language>
  <Overview>It is predicted that a super whiteout of unprecedented strength could hit Forthaven. Stella uses Tipper's mathematical ability to predict exactly when the it could happen and Tate begins to lock down Forthaven. Fleur, unaware of what could happen takes the AC baby back to Rudi. Cass ends up running into an old flame called Trix who is about to be married the following day. </Overview>
  <ProductionCode></ProductionCode>
  <Rating>7.4</Rating>
  <RatingCount>31</RatingCount>
  <SeasonNumber>1</SeasonNumber>
  <Writer>|Ben Richards|Simon Block|</Writer>
  <absolute_number>3</absolute_number>
  <filename>episodes/185251/3653811.jpg</filename>
  <lastupdated>1339945541</lastupdated>
  <seasonid>403971</seasonid>
  <seriesid>185251</seriesid>
</Episode>
<Episode>
  <id>3653821</id>
  <Combined_episodenumber>4</Combined_episodenumber>
  <Combined_season>1</Combined_season>
  <DVD_chapter></DVD_chapter>
  <DVD_discid></DVD_discid>
  <DVD_episodenumber></DVD_episodenumber>
  <DVD_season></DVD_season>
  <Director>Omar Madha</Director>
  <EpImgFlag>2</EpImgFlag>
  <EpisodeName>Episode 4</EpisodeName>
  <EpisodeNumber>4</EpisodeNumber>
  <FirstAired>2011-02-15</FirstAired>
  <GuestStars></GuestStars>
  <IMDB_ID>tt1712430</IMDB_ID>
  <Language>en</Language>
  <Overview>A rogue AC enters Forthaven and ends up attacking one of the citizens which prompts the PAS officers to take action in an effort to control the situation.</Overview>
  <ProductionCode></ProductionCode>
  <Rating>7.2</Rating>
  <RatingCount>26</RatingCount>
  <SeasonNumber>1</SeasonNumber>
  <Writer>Jack Lothian</Writer>
  <absolute_number>4</absolute_number>
  <filename>episodes/185251/3653821.jpg</filename>
  <lastupdated>1339945576</lastupdated>
  <seasonid>403971</seasonid>
  <seriesid>185251</seriesid>
</Episode>
<Episode>
  <id>3661571</id>
  <Combined_episodenumber>5</Combined_episodenumber>
  <Combined_season>1</Combined_season>
  <DVD_chapter></DVD_chapter>
  <DVD_discid></DVD_discid>
  <DVD_episodenumber></DVD_episodenumber>
  <DVD_season></DVD_season>
  <Director>Andy Goddard</Director>
  <EpImgFlag>2</EpImgFlag>
  <EpisodeName>Episode 5</EpisodeName>
  <EpisodeNumber>5</EpisodeNumber>
  <FirstAired>2011-02-21</FirstAired>
  <GuestStars></GuestStars>
  <IMDB_ID>tt1712431</IMDB_ID>
  <Language>en</Language>
  <Overview>A man arrives at a bar in Forthaven with a load of diamonds and stories of &quot;bodies&quot; outside the compound. He claims that he lives by Carpathia's ocean which seems to be impossible as it's known as a radiation hotspot. After a fight breaks out and Cass and Fleur are called in and they end up following the man.</Overview>
  <ProductionCode></ProductionCode>
  <Rating>8.1</Rating>
  <RatingCount>21</RatingCount>
  <SeasonNumber>1</SeasonNumber>
  <Writer>|Ben Richards|Jimmy Gardner|</Writer>
  <absolute_number>5</absolute_number>
  <filename>episodes/185251/3661571.jpg</filename>
  <lastupdated>1339945605</lastupdated>
  <seasonid>403971</seasonid>
  <seriesid>185251</seriesid>
</Episode>
<Episode>
  <id>3661581</id>
  <Combined_episodenumber>6</Combined_episodenumber>
  <Combined_season>1</Combined_season>
  <DVD_chapter></DVD_chapter>
  <DVD_discid></DVD_discid>
  <DVD_episodenumber></DVD_episodenumber>
  <DVD_season></DVD_season>
  <Director>Andy Goddard</Director>
  <EpImgFlag>2</EpImgFlag>
  <EpisodeName>Episode 6</EpisodeName>
  <EpisodeNumber>6</EpisodeNumber>
  <FirstAired>2011-02-27</FirstAired>
  <GuestStars></GuestStars>
  <IMDB_ID>tt1712432</IMDB_ID>
  <Language>en</Language>
  <Overview>When missing expeditionary Josie Hunter walks back into the settlement, unharmed, the jubilant air quickly takes a darker tone. Josie is different, her children cannot communicate with her, and reports of her violent behaviour circulate. Tate and Stella must find out what is behind this changed Josie, and begin to come to terms with what is really at work on the planet.</Overview>
  <ProductionCode></ProductionCode>
  <Rating>7.6</Rating>
  <RatingCount>25</RatingCount>
  <SeasonNumber>1</SeasonNumber>
  <Writer>David Farr</Writer>
  <absolute_number>6</absolute_number>
  <filename>episodes/185251/3661581.jpg</filename>
  <lastupdated>1339945667</lastupdated>
  <seasonid>403971</seasonid>
  <seriesid>185251</seriesid>
</Episode>
<Episode>
  <id>3661591</id>
  <Combined_episodenumber>7</Combined_episodenumber>
  <Combined_season>1</Combined_season>
  <DVD_chapter></DVD_chapter>
  <DVD_discid></DVD_discid>
  <DVD_episodenumber></DVD_episodenumber>
  <DVD_season></DVD_season>
  <Director>Jamie Payne</Director>
  <EpImgFlag>2</EpImgFlag>
  <EpisodeName>Episode 7</EpisodeName>
  <EpisodeNumber>7</EpisodeNumber>
  <FirstAired>2011-03-06</FirstAired>
  <GuestStars></GuestStars>
  <IMDB_ID>tt1712433</IMDB_ID>
  <Language>en</Language>
  <Overview>Cass's past smashes into his present when he finds a note threatening to expose his real identity. Stella and Tate must now face the prospect of another, superior, hostile life force on Carpathia and discover a way to communicate with it.</Overview>
  <ProductionCode></ProductionCode>
  <Rating>7.6</Rating>
  <RatingCount>27</RatingCount>
  <SeasonNumber>1</SeasonNumber>
  <Writer>David Farr</Writer>
  <absolute_number>7</absolute_number>
  <filename>episodes/185251/3661591.jpg</filename>
  <lastupdated>1339945712</lastupdated>
  <seasonid>403971</seasonid>
  <seriesid>185251</seriesid>
</Episode>
<Episode>
  <id>3661601</id>
  <Combined_episodenumber>8</Combined_episodenumber>
  <Combined_season>1</Combined_season>
  <DVD_chapter></DVD_chapter>
  <DVD_discid></DVD_discid>
  <DVD_episodenumber></DVD_episodenumber>
  <DVD_season></DVD_season>
  <Director>Jamie Payne</Director>
  <EpImgFlag>2</EpImgFlag>
  <EpisodeName>Episode 8</EpisodeName>
  <EpisodeNumber>8</EpisodeNumber>
  <FirstAired>2011-03-13</FirstAired>
  <GuestStars></GuestStars>
  <IMDB_ID>tt1712434</IMDB_ID>
  <Language>en</Language>
  <Overview>A new virus - C24 - hits Forthaven. Berger seizes his opportunity, blaming the virus on the ACs, and exposing Fleur's true origins in an attempt to undermine confidence in President Tate.</Overview>
  <ProductionCode></ProductionCode>
  <Rating>8.0</Rating>
  <RatingCount>26</RatingCount>
  <SeasonNumber>1</SeasonNumber>
  <Writer>Ben Richards</Writer>
  <absolute_number>8</absolute_number>
  <filename>episodes/185251/3661601.jpg</filename>
  <lastupdated>1339945754</lastupdated>
  <seasonid>403971</seasonid>
  <seriesid>185251</seriesid>
</Episode>
</Data>