<?xml version="1.0" encoding="UTF-8" ?>
<Actors>
<Actor>
  <id>26028</id>
  <Image>actors/26028.jpg</Image>
  <Name>Edward James Olmos</Name>
  <Role>William &quot;Husker&quot; Adama</Role>
  <SortOrder>0</SortOrder>
</Actor>
<Actor>
  <id>26025</id>
  <Image>actors/26025.jpg</Image>
  <Name>Katee Sackhoff</Name>
  <Role>Kara &quot;Starbuck&quot; Thrace</Role>
  <SortOrder>1</SortOrder>
</Actor>
<Actor>
  <id>26024</id>
  <Image>actors/26024.jpg</Image>
  <Name>Jamie Bamber</Name>
  <Role>Lee &quot;Apollo&quot; Adama</Role>
  <SortOrder>1</SortOrder>
</Actor>
<Actor>
  <id>26023</id>
  <Image>actors/26023.jpg</Image>
  <Name>Tricia Helfer</Name>
  <Role>Six</Role>
  <SortOrder>1</SortOrder>
</Actor>
<Actor>
  <id>26027</id>
  <Image>actors/26027.jpg</Image>
  <Name>James Callis</Name>
  <Role>Gaius Baltar</Role>
  <SortOrder>2</SortOrder>
</Actor>
<Actor>
  <id>26026</id>
  <Image>actors/26026.jpg</Image>
  <Name>Mary McDonnell</Name>
  <Role>Laura Roslin</Role>
  <SortOrder>2</SortOrder>
</Actor>
<Actor>
  <id>81293</id>
  <Image>actors/81293.jpg</Image>
  <Name>Kate Vernon</Name>
  <Role>Ellen Tigh</Role>
  <SortOrder>3</SortOrder>
</Actor>
<Actor>
  <id>80016</id>
  <Image>actors/80016.jpg</Image>
  <Name>Michael Trucco</Name>
  <Role>Samuel T. Anders</Role>
  <SortOrder>3</SortOrder>
</Actor>
<Actor>
  <id>77760</id>
  <Image>actors/77760.jpg</Image>
  <Name>Michael Hogan</Name>
  <Role>Saul Tigh</Role>
  <SortOrder>3</SortOrder>
</Actor>
<Actor>
  <id>77759</id>
  <Image>actors/77759.jpg</Image>
  <Name>Kandyse McClure</Name>
  <Role>Anastasia Dualla</Role>
  <SortOrder>3</SortOrder>
</Actor>
<Actor>
  <id>77758</id>
  <Image>actors/77758.jpg</Image>
  <Name>Grace Park</Name>
  <Role>Sharon &quot;Boomer&quot; Valerii|Sharon &quot;Athena&quot; Agathon</Role>
  <SortOrder>3</SortOrder>
</Actor>
<Actor>
  <id>217651</id>
  <Image>actors/217651.jpg</Image>
  <Name>Rekha Sharma</Name>
  <Role>Tory Foster</Role>
  <SortOrder>3</SortOrder>
</Actor>
<Actor>
  <id>149741</id>
  <Image>actors/149741.jpg</Image>
  <Name>Nicki Clyne</Name>
  <Role>Crewman Specialist Cally Henderson</Role>
  <SortOrder>3</SortOrder>
</Actor>
<Actor>
  <id>149671</id>
  <Image>actors/149671.jpg</Image>
  <Name>Alessandro Juliani</Name>
  <Role>Lt. Felix Gaeta</Role>
  <SortOrder>3</SortOrder>
</Actor>
<Actor>
  <id>149631</id>
  <Image>actors/149631.jpg</Image>
  <Name>Tahmoh Penikett</Name>
  <Role>Captain Karl 'Helo' Agathon</Role>
  <SortOrder>3</SortOrder>
</Actor>
<Actor>
  <id>149601</id>
  <Image>actors/149601.jpg</Image>
  <Name>Aaron Douglas</Name>
  <Role>Chief Galen Tyrol</Role>
  <SortOrder>3</SortOrder>
</Actor>
<Actor>
  <id>149551</id>
  <Image>actors/149551.jpg</Image>
  <Name>Lucy Lawless</Name>
  <Role>D'Anna Biers</Role>
  <SortOrder>3</SortOrder>
</Actor>
<Actor>
  <id>297769</id>
  <Image></Image>
  <Name>Callum Keith Rennie</Name>
  <Role>Leoben Conoy</Role>
  <SortOrder>3</SortOrder>
</Actor>
</Actors>