<?xml version="1.0" encoding="UTF-8" ?>
<Banners>
<Banner>
  <id>22643</id>
  <BannerPath>fanart/original/73545-12.jpg</BannerPath>
  <BannerType>fanart</BannerType>
  <BannerType2>1920x1080</BannerType2>
  <Colors>|162,24,37|24,16,14|164,172,131|</Colors>
  <Language>en</Language>
  <Rating>7.6829</Rating>
  <RatingCount>41</RatingCount>
  <SeriesName>false</SeriesName>
  <ThumbnailPath>_cache/fanart/original/73545-12.jpg</ThumbnailPath>
  <VignettePath>fanart/vignette/73545-12.jpg</VignettePath>
</Banner>
<Banner>
  <id>20260</id>
  <BannerPath>fanart/original/73545-3.jpg</BannerPath>
  <BannerType>fanart</BannerType>
  <BannerType2>1280x720</BannerType2>
  <Colors>|121,39,61|18,46,58|100,133,124|</Colors>
  <Language>en</Language>
  <Rating>7.6250</Rating>
  <RatingCount>32</RatingCount>
  <SeriesName>false</SeriesName>
  <ThumbnailPath>_cache/fanart/original/73545-3.jpg</ThumbnailPath>
  <VignettePath>fanart/vignette/73545-3.jpg</VignettePath>
</Banner>
<Banner>
  <id>20100</id>
  <BannerPath>fanart/original/73545-1.jpg</BannerPath>
  <BannerType>fanart</BannerType>
  <BannerType2>1920x1080</BannerType2>
  <Colors>|116,1,8|249,246,241|103,93,83|</Colors>
  <Language>en</Language>
  <Rating>7.4242</Rating>
  <RatingCount>33</RatingCount>
  <SeriesName>false</SeriesName>
  <ThumbnailPath>_cache/fanart/original/73545-1.jpg</ThumbnailPath>
  <VignettePath>fanart/vignette/73545-1.jpg</VignettePath>
</Banner>
<Banner>
  <id>30539</id>
  <BannerPath>fanart/original/73545-22.jpg</BannerPath>
  <BannerType>fanart</BannerType>
  <BannerType2>1920x1080</BannerType2>
  <Colors>|11,24,14|23,35,21|126,152,123|</Colors>
  <Language>en</Language>
  <Rating>7.2500</Rating>
  <RatingCount>16</RatingCount>
  <SeriesName>false</SeriesName>
  <ThumbnailPath>_cache/fanart/original/73545-22.jpg</ThumbnailPath>
  <VignettePath>fanart/vignette/73545-22.jpg</VignettePath>
</Banner>
<Banner>
  <id>55201</id>
  <BannerPath>fanart/original/73545-36.jpg</BannerPath>
  <BannerType>fanart</BannerType>
  <BannerType2>1280x720</BannerType2>
  <Colors>|132,108,96|131,54,38|248,238,179|</Colors>
  <Language>en</Language>
  <Rating>7.2000</Rating>
  <RatingCount>10</RatingCount>
  <SeriesName>false</SeriesName>
  <ThumbnailPath>_cache/fanart/original/73545-36.jpg</ThumbnailPath>
  <VignettePath>fanart/vignette/73545-36.jpg</VignettePath>
</Banner>
<Banner>
  <id>41543</id>
  <BannerPath>fanart/original/73545-30.jpg</BannerPath>
  <BannerType>fanart</BannerType>
  <BannerType2>1280x720</BannerType2>
  <Colors>|226,226,226|1,1,1|57,66,47|</Colors>
  <Language>en</Language>
  <Rating>7.1818</Rating>
  <RatingCount>11</RatingCount>
  <SeriesName>false</SeriesName>
  <ThumbnailPath>_cache/fanart/original/73545-30.jpg</ThumbnailPath>
  <VignettePath>fanart/vignette/73545-30.jpg</VignettePath>
</Banner>
<Banner>
  <id>55271</id>
  <BannerPath>fanart/original/73545-41.jpg</BannerPath>
  <BannerType>fanart</BannerType>
  <BannerType2>1280x720</BannerType2>
  <Colors>|152,142,133|17,17,17|180,42,32|</Colors>
  <Language>en</Language>
  <Rating>7.1429</Rating>
  <RatingCount>7</RatingCount>
  <SeriesName>false</SeriesName>
  <ThumbnailPath>_cache/fanart/original/73545-41.jpg</ThumbnailPath>
  <VignettePath>fanart/vignette/73545-41.jpg</VignettePath>
</Banner>
<Banner>
  <id>22025</id>
  <BannerPath>fanart/original/73545-8.jpg</BannerPath>
  <BannerType>fanart</BannerType>
  <BannerType2>1280x720</BannerType2>
  <Colors>|172,131,129|20,22,19|115,119,118|</Colors>
  <Language>en</Language>
  <Rating>6.7692</Rating>
  <RatingCount>13</RatingCount>
  <SeriesName>false</SeriesName>
  <ThumbnailPath>_cache/fanart/original/73545-8.jpg</ThumbnailPath>
  <VignettePath>fanart/vignette/73545-8.jpg</VignettePath>
</Banner>
<Banner>
  <id>24672</id>
  <BannerPath>fanart/original/73545-14.jpg</BannerPath>
  <BannerType>fanart</BannerType>
  <BannerType2>1920x1080</BannerType2>
  <Colors>|197,194,187|249,244,240|122,7,14|</Colors>
  <Language>en</Language>
  <Rating>6.5000</Rating>
  <RatingCount>10</RatingCount>
  <SeriesName>false</SeriesName>
  <ThumbnailPath>_cache/fanart/original/73545-14.jpg</ThumbnailPath>
  <VignettePath>fanart/vignette/73545-14.jpg</VignettePath>
</Banner>
<Banner>
  <id>20145</id>
  <BannerPath>fanart/original/73545-2.jpg</BannerPath>
  <BannerType>fanart</BannerType>
  <BannerType2>1920x1080</BannerType2>
  <Colors>|89,111,134|6,7,9|32,44,60|</Colors>
  <Language>en</Language>
  <Rating>6.5000</Rating>
  <RatingCount>12</RatingCount>
  <SeriesName>false</SeriesName>
  <ThumbnailPath>_cache/fanart/original/73545-2.jpg</ThumbnailPath>
  <VignettePath>fanart/vignette/73545-2.jpg</VignettePath>
</Banner>
<Banner>
  <id>26722</id>
  <BannerPath>fanart/original/73545-17.jpg</BannerPath>
  <BannerType>fanart</BannerType>
  <BannerType2>1280x720</BannerType2>
  <Colors>|255,255,255|7,6,2|247,66,81|</Colors>
  <Language>en</Language>
  <Rating>6.5000</Rating>
  <RatingCount>8</RatingCount>
  <SeriesName>false</SeriesName>
  <ThumbnailPath>_cache/fanart/original/73545-17.jpg</ThumbnailPath>
  <VignettePath>fanart/vignette/73545-17.jpg</VignettePath>
</Banner>
<Banner>
  <id>24671</id>
  <BannerPath>fanart/original/73545-9.jpg</BannerPath>
  <BannerType>fanart</BannerType>
  <BannerType2>1920x1080</BannerType2>
  <Colors>|51,25,36|166,5,11|185,202,209|</Colors>
  <Language>en</Language>
  <Rating>6.4444</Rating>
  <RatingCount>9</RatingCount>
  <SeriesName>false</SeriesName>
  <ThumbnailPath>_cache/fanart/original/73545-9.jpg</ThumbnailPath>
  <VignettePath>fanart/vignette/73545-9.jpg</VignettePath>
</Banner>
<Banner>
  <id>296601</id>
  <BannerPath>fanart/original/73545-25.jpg</BannerPath>
  <BannerType>fanart</BannerType>
  <BannerType2>1920x1080</BannerType2>
  <Colors>|181,168,124|99,11,33|1,4,11|</Colors>
  <Language>en</Language>
  <Rating>6.4000</Rating>
  <RatingCount>5</RatingCount>
  <SeriesName>false</SeriesName>
  <ThumbnailPath>_cache/fanart/original/73545-25.jpg</ThumbnailPath>
  <VignettePath>fanart/vignette/73545-25.jpg</VignettePath>
</Banner>
<Banner>
  <id>22464</id>
  <BannerPath>fanart/original/73545-11.jpg</BannerPath>
  <BannerType>fanart</BannerType>
  <BannerType2>1280x720</BannerType2>
  <Colors>|228,225,220|19,28,23|162,176,163|</Colors>
  <Language>en</Language>
  <Rating>6.3000</Rating>
  <RatingCount>10</RatingCount>
  <SeriesName>false</SeriesName>
  <ThumbnailPath>_cache/fanart/original/73545-11.jpg</ThumbnailPath>
  <VignettePath>fanart/vignette/73545-11.jpg</VignettePath>
</Banner>
<Banner>
  <id>42603</id>
  <BannerPath>fanart/original/73545-31.jpg</BannerPath>
  <BannerType>fanart</BannerType>
  <BannerType2>1920x1080</BannerType2>
  <Colors>|248,243,239|5,7,4|84,97,116|</Colors>
  <Language>en</Language>
  <Rating>6.2500</Rating>
  <RatingCount>4</RatingCount>
  <SeriesName>false</SeriesName>
  <ThumbnailPath>_cache/fanart/original/73545-31.jpg</ThumbnailPath>
  <VignettePath>fanart/vignette/73545-31.jpg</VignettePath>
</Banner>
<Banner>
  <id>20340</id>
  <BannerPath>fanart/original/73545-6.jpg</BannerPath>
  <BannerType>fanart</BannerType>
  <BannerType2>1920x1080</BannerType2>
  <Colors>|254,254,254|47,53,67|116,74,62|</Colors>
  <Language>en</Language>
  <Rating>6.2222</Rating>
  <RatingCount>9</RatingCount>
  <SeriesName>false</SeriesName>
  <ThumbnailPath>_cache/fanart/original/73545-6.jpg</ThumbnailPath>
  <VignettePath>fanart/vignette/73545-6.jpg</VignettePath>
</Banner>
<Banner>
  <id>55261</id>
  <BannerPath>fanart/original/73545-40.jpg</BannerPath>
  <BannerType>fanart</BannerType>
  <BannerType2>1280x720</BannerType2>
  <Colors></Colors>
  <Language>en</Language>
  <Rating>6.0000</Rating>
  <RatingCount>4</RatingCount>
  <SeriesName>false</SeriesName>
  <ThumbnailPath>_cache/fanart/original/73545-40.jpg</ThumbnailPath>
  <VignettePath>fanart/vignette/73545-40.jpg</VignettePath>
</Banner>
<Banner>
  <id>336181</id>
  <BannerPath>fanart/original/73545-48.jpg</BannerPath>
  <BannerType>fanart</BannerType>
  <BannerType2>1920x1080</BannerType2>
  <Colors></Colors>
  <Language>en</Language>
  <Rating>6.0000</Rating>
  <RatingCount>1</RatingCount>
  <SeriesName>false</SeriesName>
  <ThumbnailPath>_cache/fanart/original/73545-48.jpg</ThumbnailPath>
  <VignettePath>fanart/vignette/73545-48.jpg</VignettePath>
</Banner>
<Banner>
  <id>55321</id>
  <BannerPath>fanart/original/73545-46.jpg</BannerPath>
  <BannerType>fanart</BannerType>
  <BannerType2>1280x720</BannerType2>
  <Colors>|0,0,0|9,30,31|10,20,21|</Colors>
  <Language>en</Language>
  <Rating>6.0000</Rating>
  <RatingCount>2</RatingCount>
  <SeriesName>false</SeriesName>
  <ThumbnailPath>_cache/fanart/original/73545-46.jpg</ThumbnailPath>
  <VignettePath>fanart/vignette/73545-46.jpg</VignettePath>
</Banner>
<Banner>
  <id>55251</id>
  <BannerPath>fanart/original/73545-39.jpg</BannerPath>
  <BannerType>fanart</BannerType>
  <BannerType2>1280x720</BannerType2>
  <Colors></Colors>
  <Language>en</Language>
  <Rating>6.0000</Rating>
  <RatingCount>2</RatingCount>
  <SeriesName>false</SeriesName>
  <ThumbnailPath>_cache/fanart/original/73545-39.jpg</ThumbnailPath>
  <VignettePath>fanart/vignette/73545-39.jpg</VignettePath>
</Banner>
<Banner>
  <id>28632</id>
  <BannerPath>fanart/original/73545-20.jpg</BannerPath>
  <BannerType>fanart</BannerType>
  <BannerType2>1280x720</BannerType2>
  <Colors>|229,184,161|17,17,19|174,152,129|</Colors>
  <Language>en</Language>
  <Rating>6.0000</Rating>
  <RatingCount>7</RatingCount>
  <SeriesName>false</SeriesName>
  <ThumbnailPath>_cache/fanart/original/73545-20.jpg</ThumbnailPath>
  <VignettePath>fanart/vignette/73545-20.jpg</VignettePath>
</Banner>
<Banner>
  <id>147361</id>
  <BannerPath>fanart/original/73545-68.jpg</BannerPath>
  <BannerType>fanart</BannerType>
  <BannerType2>1280x720</BannerType2>
  <Colors>|4,2,7|143,127,104|187,143,116|</Colors>
  <Language>en</Language>
  <Rating>6.0000</Rating>
  <RatingCount>3</RatingCount>
  <SeriesName>false</SeriesName>
  <ThumbnailPath>_cache/fanart/original/73545-68.jpg</ThumbnailPath>
  <VignettePath>fanart/vignette/73545-68.jpg</VignettePath>
</Banner>
<Banner>
  <id>25088</id>
  <BannerPath>fanart/original/73545-15.jpg</BannerPath>
  <BannerType>fanart</BannerType>
  <BannerType2>1280x720</BannerType2>
  <Colors>|213,206,196|70,40,38|0,0,0|</Colors>
  <Language>en</Language>
  <Rating>5.5556</Rating>
  <RatingCount>9</RatingCount>
  <SeriesName>false</SeriesName>
  <ThumbnailPath>_cache/fanart/original/73545-15.jpg</ThumbnailPath>
  <VignettePath>fanart/vignette/73545-15.jpg</VignettePath>
</Banner>
<Banner>
  <id>296621</id>
  <BannerPath>fanart/original/73545-27.jpg</BannerPath>
  <BannerType>fanart</BannerType>
  <BannerType2>1920x1080</BannerType2>
  <Colors></Colors>
  <Language>en</Language>
  <Rating>5.5000</Rating>
  <RatingCount>2</RatingCount>
  <SeriesName>false</SeriesName>
  <ThumbnailPath>_cache/fanart/original/73545-27.jpg</ThumbnailPath>
  <VignettePath>fanart/vignette/73545-27.jpg</VignettePath>
</Banner>
<Banner>
  <id>296581</id>
  <BannerPath>fanart/original/73545-18.jpg</BannerPath>
  <BannerType>fanart</BannerType>
  <BannerType2>1920x1080</BannerType2>
  <Colors></Colors>
  <Language>en</Language>
  <Rating>5.5000</Rating>
  <RatingCount>2</RatingCount>
  <SeriesName>false</SeriesName>
  <ThumbnailPath>_cache/fanart/original/73545-18.jpg</ThumbnailPath>
  <VignettePath>fanart/vignette/73545-18.jpg</VignettePath>
</Banner>
<Banner>
  <id>20261</id>
  <BannerPath>fanart/original/73545-4.jpg</BannerPath>
  <BannerType>fanart</BannerType>
  <BannerType2>1280x720</BannerType2>
  <Colors>|212,210,211|23,23,25|183,146,120|</Colors>
  <Language>en</Language>
  <Rating>5.5000</Rating>
  <RatingCount>6</RatingCount>
  <SeriesName>false</SeriesName>
  <ThumbnailPath>_cache/fanart/original/73545-4.jpg</ThumbnailPath>
  <VignettePath>fanart/vignette/73545-4.jpg</VignettePath>
</Banner>
<Banner>
  <id>90101</id>
  <BannerPath>fanart/original/73545-55.jpg</BannerPath>
  <BannerType>fanart</BannerType>
  <BannerType2>1920x1080</BannerType2>
  <Colors>|255,255,255|117,3,11|187,183,174|</Colors>
  <Language>en</Language>
  <Rating>5.4286</Rating>
  <RatingCount>7</RatingCount>
  <SeriesName>true</SeriesName>
  <ThumbnailPath>_cache/fanart/original/73545-55.jpg</ThumbnailPath>
  <VignettePath>fanart/vignette/73545-55.jpg</VignettePath>
</Banner>
<Banner>
  <id>57731</id>
  <BannerPath>fanart/original/73545-35.jpg</BannerPath>
  <BannerType>fanart</BannerType>
  <BannerType2>1280x720</BannerType2>
  <Colors></Colors>
  <Language>en</Language>
  <Rating>5.3750</Rating>
  <RatingCount>8</RatingCount>
  <SeriesName>false</SeriesName>
  <ThumbnailPath>_cache/fanart/original/73545-35.jpg</ThumbnailPath>
  <VignettePath>fanart/vignette/73545-35.jpg</VignettePath>
</Banner>
<Banner>
  <id>26721</id>
  <BannerPath>fanart/original/73545-16.jpg</BannerPath>
  <BannerType>fanart</BannerType>
  <BannerType2>1280x720</BannerType2>
  <Colors>|170,168,169|23,47,83|124,151,170|</Colors>
  <Language>en</Language>
  <Rating>5.3333</Rating>
  <RatingCount>6</RatingCount>
  <SeriesName>false</SeriesName>
  <ThumbnailPath>_cache/fanart/original/73545-16.jpg</ThumbnailPath>
  <VignettePath>fanart/vignette/73545-16.jpg</VignettePath>
</Banner>
<Banner>
  <id>22692</id>
  <BannerPath>fanart/original/73545-13.jpg</BannerPath>
  <BannerType>fanart</BannerType>
  <BannerType2>1920x1080</BannerType2>
  <Colors>|158,30,31|49,46,39|163,156,148|</Colors>
  <Language>en</Language>
  <Rating>5.2000</Rating>
  <RatingCount>5</RatingCount>
  <SeriesName>false</SeriesName>
  <ThumbnailPath>_cache/fanart/original/73545-13.jpg</ThumbnailPath>
  <VignettePath>fanart/vignette/73545-13.jpg</VignettePath>
</Banner>
<Banner>
  <id>80791</id>
  <BannerPath>fanart/original/73545-52.jpg</BannerPath>
  <BannerType>fanart</BannerType>
  <BannerType2>1280x720</BannerType2>
  <Colors></Colors>
  <Language>en</Language>
  <Rating>5.0000</Rating>
  <RatingCount>5</RatingCount>
  <SeriesName>false</SeriesName>
  <ThumbnailPath>_cache/fanart/original/73545-52.jpg</ThumbnailPath>
  <VignettePath>fanart/vignette/73545-52.jpg</VignettePath>
</Banner>
<Banner>
  <id>55291</id>
  <BannerPath>fanart/original/73545-43.jpg</BannerPath>
  <BannerType>fanart</BannerType>
  <BannerType2>1280x720</BannerType2>
  <Colors></Colors>
  <Language>en</Language>
  <Rating>5.0000</Rating>
  <RatingCount>3</RatingCount>
  <SeriesName>false</SeriesName>
  <ThumbnailPath>_cache/fanart/original/73545-43.jpg</ThumbnailPath>
  <VignettePath>fanart/vignette/73545-43.jpg</VignettePath>
</Banner>
<Banner>
  <id>42702</id>
  <BannerPath>fanart/original/73545-33.jpg</BannerPath>
  <BannerType>fanart</BannerType>
  <BannerType2>1280x720</BannerType2>
  <Colors></Colors>
  <Language>en</Language>
  <Rating>5.0000</Rating>
  <RatingCount>6</RatingCount>
  <SeriesName>false</SeriesName>
  <ThumbnailPath>_cache/fanart/original/73545-33.jpg</ThumbnailPath>
  <VignettePath>fanart/vignette/73545-33.jpg</VignettePath>
</Banner>
<Banner>
  <id>42703</id>
  <BannerPath>fanart/original/73545-34.jpg</BannerPath>
  <BannerType>fanart</BannerType>
  <BannerType2>1280x720</BannerType2>
  <Colors></Colors>
  <Language>en</Language>
  <Rating>4.8333</Rating>
  <RatingCount>6</RatingCount>
  <SeriesName>false</SeriesName>
  <ThumbnailPath>_cache/fanart/original/73545-34.jpg</ThumbnailPath>
  <VignettePath>fanart/vignette/73545-34.jpg</VignettePath>
</Banner>
<Banner>
  <id>85871</id>
  <BannerPath>fanart/original/73545-51.jpg</BannerPath>
  <BannerType>fanart</BannerType>
  <BannerType2>1920x1080</BannerType2>
  <Colors></Colors>
  <Language>en</Language>
  <Rating>4.6667</Rating>
  <RatingCount>3</RatingCount>
  <SeriesName>false</SeriesName>
  <ThumbnailPath>_cache/fanart/original/73545-51.jpg</ThumbnailPath>
  <VignettePath>fanart/vignette/73545-51.jpg</VignettePath>
</Banner>
<Banner>
  <id>55231</id>
  <BannerPath>fanart/original/73545-38.jpg</BannerPath>
  <BannerType>fanart</BannerType>
  <BannerType2>1280x720</BannerType2>
  <Colors></Colors>
  <Language>en</Language>
  <Rating>4.6667</Rating>
  <RatingCount>3</RatingCount>
  <SeriesName>false</SeriesName>
  <ThumbnailPath>_cache/fanart/original/73545-38.jpg</ThumbnailPath>
  <VignettePath>fanart/vignette/73545-38.jpg</VignettePath>
</Banner>
<Banner>
  <id>131921</id>
  <BannerPath>fanart/original/73545-59.jpg</BannerPath>
  <BannerType>fanart</BannerType>
  <BannerType2>1920x1080</BannerType2>
  <Colors></Colors>
  <Language>de</Language>
  <Rating>4.6667</Rating>
  <RatingCount>3</RatingCount>
  <SeriesName>false</SeriesName>
  <ThumbnailPath>_cache/fanart/original/73545-59.jpg</ThumbnailPath>
  <VignettePath>fanart/vignette/73545-59.jpg</VignettePath>
</Banner>
<Banner>
  <id>131991</id>
  <BannerPath>fanart/original/73545-66.jpg</BannerPath>
  <BannerType>fanart</BannerType>
  <BannerType2>1920x1080</BannerType2>
  <Colors></Colors>
  <Language>de</Language>
  <Rating>4.6667</Rating>
  <RatingCount>3</RatingCount>
  <SeriesName>false</SeriesName>
  <ThumbnailPath>_cache/fanart/original/73545-66.jpg</ThumbnailPath>
  <VignettePath>fanart/vignette/73545-66.jpg</VignettePath>
</Banner>
<Banner>
  <id>262461</id>
  <BannerPath>fanart/original/73545-29.jpg</BannerPath>
  <BannerType>fanart</BannerType>
  <BannerType2>1280x720</BannerType2>
  <Colors>|32,15,5|13,12,7|35,18,8|</Colors>
  <Language>en</Language>
  <Rating>4.3333</Rating>
  <RatingCount>3</RatingCount>
  <SeriesName>false</SeriesName>
  <ThumbnailPath>_cache/fanart/original/73545-29.jpg</ThumbnailPath>
  <VignettePath>fanart/vignette/73545-29.jpg</VignettePath>
</Banner>
<Banner>
  <id>28631</id>
  <BannerPath>fanart/original/73545-19.jpg</BannerPath>
  <BannerType>fanart</BannerType>
  <BannerType2>1280x720</BannerType2>
  <Colors>|34,45,63|66,64,65|57,63,63|</Colors>
  <Language>en</Language>
  <Rating>4.3333</Rating>
  <RatingCount>3</RatingCount>
  <SeriesName>false</SeriesName>
  <ThumbnailPath>_cache/fanart/original/73545-19.jpg</ThumbnailPath>
  <VignettePath>fanart/vignette/73545-19.jpg</VignettePath>
</Banner>
<Banner>
  <id>28633</id>
  <BannerPath>fanart/original/73545-21.jpg</BannerPath>
  <BannerType>fanart</BannerType>
  <BannerType2>1280x720</BannerType2>
  <Colors></Colors>
  <Language>en</Language>
  <Rating>4.2500</Rating>
  <RatingCount>4</RatingCount>
  <SeriesName>false</SeriesName>
  <ThumbnailPath>_cache/fanart/original/73545-21.jpg</ThumbnailPath>
  <VignettePath>fanart/vignette/73545-21.jpg</VignettePath>
</Banner>
<Banner>
  <id>21677</id>
  <BannerPath>fanart/original/73545-7.jpg</BannerPath>
  <BannerType>fanart</BannerType>
  <BannerType2>1920x1080</BannerType2>
  <Colors>|194,68,46|30,31,26|66,62,51|</Colors>
  <Language>en</Language>
  <Rating>4.2000</Rating>
  <RatingCount>5</RatingCount>
  <SeriesName>false</SeriesName>
  <ThumbnailPath>_cache/fanart/original/73545-7.jpg</ThumbnailPath>
  <VignettePath>fanart/vignette/73545-7.jpg</VignettePath>
</Banner>
<Banner>
  <id>31289</id>
  <BannerPath>fanart/original/73545-23.jpg</BannerPath>
  <BannerType>fanart</BannerType>
  <BannerType2>1280x720</BannerType2>
  <Colors></Colors>
  <Language>en</Language>
  <Rating>4.0000</Rating>
  <RatingCount>3</RatingCount>
  <SeriesName>false</SeriesName>
  <ThumbnailPath>_cache/fanart/original/73545-23.jpg</ThumbnailPath>
  <VignettePath>fanart/vignette/73545-23.jpg</VignettePath>
</Banner>
<Banner>
  <id>131911</id>
  <BannerPath>fanart/original/73545-58.jpg</BannerPath>
  <BannerType>fanart</BannerType>
  <BannerType2>1280x720</BannerType2>
  <Colors></Colors>
  <Language>de</Language>
  <Rating>4.0000</Rating>
  <RatingCount>2</RatingCount>
  <SeriesName>false</SeriesName>
  <ThumbnailPath>_cache/fanart/original/73545-58.jpg</ThumbnailPath>
  <VignettePath>fanart/vignette/73545-58.jpg</VignettePath>
</Banner>
<Banner>
  <id>131961</id>
  <BannerPath>fanart/original/73545-63.jpg</BannerPath>
  <BannerType>fanart</BannerType>
  <BannerType2>1280x720</BannerType2>
  <Colors></Colors>
  <Language>de</Language>
  <Rating>4.0000</Rating>
  <RatingCount>2</RatingCount>
  <SeriesName>false</SeriesName>
  <ThumbnailPath>_cache/fanart/original/73545-63.jpg</ThumbnailPath>
  <VignettePath>fanart/vignette/73545-63.jpg</VignettePath>
</Banner>
<Banner>
  <id>55361</id>
  <BannerPath>fanart/original/73545-50.jpg</BannerPath>
  <BannerType>fanart</BannerType>
  <BannerType2>1280x720</BannerType2>
  <Colors></Colors>
  <Language>en</Language>
  <Rating>4.0000</Rating>
  <RatingCount>3</RatingCount>
  <SeriesName>false</SeriesName>
  <ThumbnailPath>_cache/fanart/original/73545-50.jpg</ThumbnailPath>
  <VignettePath>fanart/vignette/73545-50.jpg</VignettePath>
</Banner>
<Banner>
  <id>131951</id>
  <BannerPath>fanart/original/73545-62.jpg</BannerPath>
  <BannerType>fanart</BannerType>
  <BannerType2>1280x720</BannerType2>
  <Colors></Colors>
  <Language>de</Language>
  <Rating>4.0000</Rating>
  <RatingCount>2</RatingCount>
  <SeriesName>false</SeriesName>
  <ThumbnailPath>_cache/fanart/original/73545-62.jpg</ThumbnailPath>
  <VignettePath>fanart/vignette/73545-62.jpg</VignettePath>
</Banner>
<Banner>
  <id>131981</id>
  <BannerPath>fanart/original/73545-65.jpg</BannerPath>
  <BannerType>fanart</BannerType>
  <BannerType2>1920x1080</BannerType2>
  <Colors></Colors>
  <Language>de</Language>
  <Rating>4.0000</Rating>
  <RatingCount>2</RatingCount>
  <SeriesName>false</SeriesName>
  <ThumbnailPath>_cache/fanart/original/73545-65.jpg</ThumbnailPath>
  <VignettePath>fanart/vignette/73545-65.jpg</VignettePath>
</Banner>
<Banner>
  <id>55281</id>
  <BannerPath>fanart/original/73545-42.jpg</BannerPath>
  <BannerType>fanart</BannerType>
  <BannerType2>1280x720</BannerType2>
  <Colors>|46,45,50|248,251,244|21,14,30|</Colors>
  <Language>en</Language>
  <Rating>4.0000</Rating>
  <RatingCount>2</RatingCount>
  <SeriesName>false</SeriesName>
  <ThumbnailPath>_cache/fanart/original/73545-42.jpg</ThumbnailPath>
  <VignettePath>fanart/vignette/73545-42.jpg</VignettePath>
</Banner>
<Banner>
  <id>262471</id>
  <BannerPath>fanart/original/73545-5.jpg</BannerPath>
  <BannerType>fanart</BannerType>
  <BannerType2>1280x720</BannerType2>
  <Colors></Colors>
  <Language>en</Language>
  <Rating>4.0000</Rating>
  <RatingCount>2</RatingCount>
  <SeriesName>false</SeriesName>
  <ThumbnailPath>_cache/fanart/original/73545-5.jpg</ThumbnailPath>
  <VignettePath>fanart/vignette/73545-5.jpg</VignettePath>
</Banner>
<Banner>
  <id>85861</id>
  <BannerPath>fanart/original/73545-28.jpg</BannerPath>
  <BannerType>fanart</BannerType>
  <BannerType2>1920x1080</BannerType2>
  <Colors></Colors>
  <Language>en</Language>
  <Rating>3.5000</Rating>
  <RatingCount>2</RatingCount>
  <SeriesName>false</SeriesName>
  <ThumbnailPath>_cache/fanart/original/73545-28.jpg</ThumbnailPath>
  <VignettePath>fanart/vignette/73545-28.jpg</VignettePath>
</Banner>
<Banner>
  <id>22385</id>
  <BannerPath>fanart/original/73545-10.jpg</BannerPath>
  <BannerType>fanart</BannerType>
  <BannerType2>1280x720</BannerType2>
  <Colors>|122,44,60|7,12,18|72,79,85|</Colors>
  <Language>en</Language>
  <Rating>3.3750</Rating>
  <RatingCount>8</RatingCount>
  <SeriesName>false</SeriesName>
  <ThumbnailPath>_cache/fanart/original/73545-10.jpg</ThumbnailPath>
  <VignettePath>fanart/vignette/73545-10.jpg</VignettePath>
</Banner>
<Banner>
  <id>55311</id>
  <BannerPath>fanart/original/73545-45.jpg</BannerPath>
  <BannerType>fanart</BannerType>
  <BannerType2>1280x720</BannerType2>
  <Colors></Colors>
  <Language>en</Language>
  <Rating>1.0000</Rating>
  <RatingCount>2</RatingCount>
  <SeriesName>false</SeriesName>
  <ThumbnailPath>_cache/fanart/original/73545-45.jpg</ThumbnailPath>
  <VignettePath>fanart/vignette/73545-45.jpg</VignettePath>
</Banner>
<Banner>
  <id>865363</id>
  <BannerPath>fanart/original/73545-53.jpg</BannerPath>
  <BannerType>fanart</BannerType>
  <BannerType2>1920x1080</BannerType2>
  <Colors></Colors>
  <Language>de</Language>
  <Rating>1.0000</Rating>
  <RatingCount>1</RatingCount>
  <SeriesName>false</SeriesName>
  <ThumbnailPath>_cache/fanart/original/73545-53.jpg</ThumbnailPath>
  <VignettePath>fanart/vignette/73545-53.jpg</VignettePath>
</Banner>
<Banner>
  <id>55221</id>
  <BannerPath>fanart/original/73545-37.jpg</BannerPath>
  <BannerType>fanart</BannerType>
  <BannerType2>1280x720</BannerType2>
  <Colors></Colors>
  <Language>en</Language>
  <Rating></Rating>
  <RatingCount>0</RatingCount>
  <SeriesName>false</SeriesName>
  <ThumbnailPath>_cache/fanart/original/73545-37.jpg</ThumbnailPath>
  <VignettePath>fanart/vignette/73545-37.jpg</VignettePath>
</Banner>
<Banner>
  <id>131971</id>
  <BannerPath>fanart/original/73545-64.jpg</BannerPath>
  <BannerType>fanart</BannerType>
  <BannerType2>1920x1080</BannerType2>
  <Colors>|21,21,23|253,253,253|229,201,187|</Colors>
  <Language>de</Language>
  <Rating></Rating>
  <RatingCount>0</RatingCount>
  <SeriesName>false</SeriesName>
  <ThumbnailPath>_cache/fanart/original/73545-64.jpg</ThumbnailPath>
  <VignettePath>fanart/vignette/73545-64.jpg</VignettePath>
</Banner>
<Banner>
  <id>296661</id>
  <BannerPath>fanart/original/73545-47.jpg</BannerPath>
  <BannerType>fanart</BannerType>
  <BannerType2>1920x1080</BannerType2>
  <Colors></Colors>
  <Language>en</Language>
  <Rating></Rating>
  <RatingCount>0</RatingCount>
  <SeriesName>false</SeriesName>
  <ThumbnailPath>_cache/fanart/original/73545-47.jpg</ThumbnailPath>
  <VignettePath>fanart/vignette/73545-47.jpg</VignettePath>
</Banner>
<Banner>
  <id>55301</id>
  <BannerPath>fanart/original/73545-44.jpg</BannerPath>
  <BannerType>fanart</BannerType>
  <BannerType2>1280x720</BannerType2>
  <Colors></Colors>
  <Language>en</Language>
  <Rating></Rating>
  <RatingCount>0</RatingCount>
  <SeriesName>false</SeriesName>
  <ThumbnailPath>_cache/fanart/original/73545-44.jpg</ThumbnailPath>
  <VignettePath>fanart/vignette/73545-44.jpg</VignettePath>
</Banner>
<Banner>
  <id>85881</id>
  <BannerPath>fanart/original/73545-32.jpg</BannerPath>
  <BannerType>fanart</BannerType>
  <BannerType2>1920x1080</BannerType2>
  <Colors></Colors>
  <Language>en</Language>
  <Rating></Rating>
  <RatingCount>0</RatingCount>
  <SeriesName>false</SeriesName>
  <ThumbnailPath>_cache/fanart/original/73545-32.jpg</ThumbnailPath>
  <VignettePath>fanart/vignette/73545-32.jpg</VignettePath>
</Banner>
<Banner>
  <id>147391</id>
  <BannerPath>fanart/original/73545-71.jpg</BannerPath>
  <BannerType>fanart</BannerType>
  <BannerType2>1280x720</BannerType2>
  <Colors></Colors>
  <Language>en</Language>
  <Rating></Rating>
  <RatingCount>0</RatingCount>
  <SeriesName>false</SeriesName>
  <ThumbnailPath>_cache/fanart/original/73545-71.jpg</ThumbnailPath>
  <VignettePath>fanart/vignette/73545-71.jpg</VignettePath>
</Banner>
<Banner>
  <id>356931</id>
  <BannerPath>fanart/original/73545-49.jpg</BannerPath>
  <BannerType>fanart</BannerType>
  <BannerType2>1280x720</BannerType2>
  <Colors></Colors>
  <Language>en</Language>
  <Rating></Rating>
  <RatingCount>0</RatingCount>
  <SeriesName>false</SeriesName>
  <ThumbnailPath>_cache/fanart/original/73545-49.jpg</ThumbnailPath>
  <VignettePath>fanart/vignette/73545-49.jpg</VignettePath>
</Banner>
<Banner>
  <id>147381</id>
  <BannerPath>fanart/original/73545-70.jpg</BannerPath>
  <BannerType>fanart</BannerType>
  <BannerType2>1280x720</BannerType2>
  <Colors>|254,254,254|38,37,43|212,169,134|</Colors>
  <Language>en</Language>
  <Rating></Rating>
  <RatingCount>0</RatingCount>
  <SeriesName>false</SeriesName>
  <ThumbnailPath>_cache/fanart/original/73545-70.jpg</ThumbnailPath>
  <VignettePath>fanart/vignette/73545-70.jpg</VignettePath>
</Banner>
<Banner>
  <id>131931</id>
  <BannerPath>fanart/original/73545-60.jpg</BannerPath>
  <BannerType>fanart</BannerType>
  <BannerType2>1920x1080</BannerType2>
  <Colors></Colors>
  <Language>de</Language>
  <Rating></Rating>
  <RatingCount>0</RatingCount>
  <SeriesName>false</SeriesName>
  <ThumbnailPath>_cache/fanart/original/73545-60.jpg</ThumbnailPath>
  <VignettePath>fanart/vignette/73545-60.jpg</VignettePath>
</Banner>
<Banner>
  <id>296591</id>
  <BannerPath>fanart/original/73545-24.jpg</BannerPath>
  <BannerType>fanart</BannerType>
  <BannerType2>1920x1080</BannerType2>
  <Colors></Colors>
  <Language>en</Language>
  <Rating></Rating>
  <RatingCount>0</RatingCount>
  <SeriesName>false</SeriesName>
  <ThumbnailPath>_cache/fanart/original/73545-24.jpg</ThumbnailPath>
  <VignettePath>fanart/vignette/73545-24.jpg</VignettePath>
</Banner>
<Banner>
  <id>131901</id>
  <BannerPath>fanart/original/73545-57.jpg</BannerPath>
  <BannerType>fanart</BannerType>
  <BannerType2>1280x720</BannerType2>
  <Colors></Colors>
  <Language>de</Language>
  <Rating></Rating>
  <RatingCount>0</RatingCount>
  <SeriesName>false</SeriesName>
  <ThumbnailPath>_cache/fanart/original/73545-57.jpg</ThumbnailPath>
  <VignettePath>fanart/vignette/73545-57.jpg</VignettePath>
</Banner>
<Banner>
  <id>132001</id>
  <BannerPath>fanart/original/73545-67.jpg</BannerPath>
  <BannerType>fanart</BannerType>
  <BannerType2>1920x1080</BannerType2>
  <Colors></Colors>
  <Language>de</Language>
  <Rating></Rating>
  <RatingCount>0</RatingCount>
  <SeriesName>false</SeriesName>
  <ThumbnailPath>_cache/fanart/original/73545-67.jpg</ThumbnailPath>
  <VignettePath>fanart/vignette/73545-67.jpg</VignettePath>
</Banner>
<Banner>
  <id>296611</id>
  <BannerPath>fanart/original/73545-26.jpg</BannerPath>
  <BannerType>fanart</BannerType>
  <BannerType2>1920x1080</BannerType2>
  <Colors></Colors>
  <Language>en</Language>
  <Rating></Rating>
  <RatingCount>0</RatingCount>
  <SeriesName>false</SeriesName>
  <ThumbnailPath>_cache/fanart/original/73545-26.jpg</ThumbnailPath>
  <VignettePath>fanart/vignette/73545-26.jpg</VignettePath>
</Banner>
<Banner>
  <id>147371</id>
  <BannerPath>fanart/original/73545-69.jpg</BannerPath>
  <BannerType>fanart</BannerType>
  <BannerType2>1280x720</BannerType2>
  <Colors></Colors>
  <Language>en</Language>
  <Rating></Rating>
  <RatingCount>0</RatingCount>
  <SeriesName>false</SeriesName>
  <ThumbnailPath>_cache/fanart/original/73545-69.jpg</ThumbnailPath>
  <VignettePath>fanart/vignette/73545-69.jpg</VignettePath>
</Banner>
<Banner>
  <id>25405</id>
  <BannerPath>posters/73545-2.jpg</BannerPath>
  <BannerType>poster</BannerType>
  <BannerType2>680x1000</BannerType2>
  <Language>en</Language>
  <Rating>7.2000</Rating>
  <RatingCount>25</RatingCount>
</Banner>
<Banner>
  <id>25404</id>
  <BannerPath>posters/73545-1.jpg</BannerPath>
  <BannerType>poster</BannerType>
  <BannerType2>680x1000</BannerType2>
  <Language>en</Language>
  <Rating>7.0588</Rating>
  <RatingCount>17</RatingCount>
</Banner>
<Banner>
  <id>80781</id>
  <BannerPath>posters/73545-10.jpg</BannerPath>
  <BannerType>poster</BannerType>
  <BannerType2>680x1000</BannerType2>
  <Language>en</Language>
  <Rating>6.8462</Rating>
  <RatingCount>13</RatingCount>
</Banner>
<Banner>
  <id>25406</id>
  <BannerPath>posters/73545-3.jpg</BannerPath>
  <BannerType>poster</BannerType>
  <BannerType2>680x1000</BannerType2>
  <Language>en</Language>
  <Rating>6.3000</Rating>
  <RatingCount>10</RatingCount>
</Banner>
<Banner>
  <id>36809</id>
  <BannerPath>posters/73545-11.jpg</BannerPath>
  <BannerType>poster</BannerType>
  <BannerType2>680x1000</BannerType2>
  <Language>en</Language>
  <Rating>6.2857</Rating>
  <RatingCount>7</RatingCount>
</Banner>
<Banner>
  <id>90321</id>
  <BannerPath>posters/73545-12.jpg</BannerPath>
  <BannerType>poster</BannerType>
  <BannerType2>680x1000</BannerType2>
  <Language>en</Language>
  <Rating>6.1667</Rating>
  <RatingCount>12</RatingCount>
</Banner>
<Banner>
  <id>358021</id>
  <BannerPath>posters/73545-15.jpg</BannerPath>
  <BannerType>poster</BannerType>
  <BannerType2>680x1000</BannerType2>
  <Language>en</Language>
  <Rating>6.0000</Rating>
  <RatingCount>6</RatingCount>
</Banner>
<Banner>
  <id>907159</id>
  <BannerPath>posters/73545-18.jpg</BannerPath>
  <BannerType>poster</BannerType>
  <BannerType2>680x1000</BannerType2>
  <Language>en</Language>
  <Rating>6.0000</Rating>
  <RatingCount>2</RatingCount>
</Banner>
<Banner>
  <id>254481</id>
  <BannerPath>posters/73545-13.jpg</BannerPath>
  <BannerType>poster</BannerType>
  <BannerType2>680x1000</BannerType2>
  <Language>en</Language>
  <Rating>6.0000</Rating>
  <RatingCount>3</RatingCount>
</Banner>
<Banner>
  <id>35433</id>
  <BannerPath>posters/73545-9.jpg</BannerPath>
  <BannerType>poster</BannerType>
  <BannerType2>680x1000</BannerType2>
  <Language>en</Language>
  <Rating>6.0000</Rating>
  <RatingCount>11</RatingCount>
</Banner>
<Banner>
  <id>254491</id>
  <BannerPath>posters/73545-14.jpg</BannerPath>
  <BannerType>poster</BannerType>
  <BannerType2>680x1000</BannerType2>
  <Language>en</Language>
  <Rating>6.0000</Rating>
  <RatingCount>3</RatingCount>
</Banner>
<Banner>
  <id>34784</id>
  <BannerPath>posters/73545-8.jpg</BannerPath>
  <BannerType>poster</BannerType>
  <BannerType2>680x1000</BannerType2>
  <Language>en</Language>
  <Rating>5.7143</Rating>
  <RatingCount>7</RatingCount>
</Banner>
<Banner>
  <id>30533</id>
  <BannerPath>posters/73545-7.jpg</BannerPath>
  <BannerType>poster</BannerType>
  <BannerType2>680x1000</BannerType2>
  <Language>en</Language>
  <Rating>5.5000</Rating>
  <RatingCount>4</RatingCount>
</Banner>
<Banner>
  <id>698111</id>
  <BannerPath>posters/73545-17.jpg</BannerPath>
  <BannerType>poster</BannerType>
  <BannerType2>680x1000</BannerType2>
  <Language>en</Language>
  <Rating>5.5000</Rating>
  <RatingCount>4</RatingCount>
</Banner>
<Banner>
  <id>685661</id>
  <BannerPath>posters/73545-16.jpg</BannerPath>
  <BannerType>poster</BannerType>
  <BannerType2>680x1000</BannerType2>
  <Language>en</Language>
  <Rating>5.5000</Rating>
  <RatingCount>8</RatingCount>
</Banner>
<Banner>
  <id>26064</id>
  <BannerPath>posters/73545-4.jpg</BannerPath>
  <BannerType>poster</BannerType>
  <BannerType2>680x1000</BannerType2>
  <Language>en</Language>
  <Rating>5.5000</Rating>
  <RatingCount>4</RatingCount>
</Banner>
<Banner>
  <id>30532</id>
  <BannerPath>posters/73545-6.jpg</BannerPath>
  <BannerType>poster</BannerType>
  <BannerType2>680x1000</BannerType2>
  <Language>en</Language>
  <Rating>5.3333</Rating>
  <RatingCount>6</RatingCount>
</Banner>
<Banner>
  <id>30530</id>
  <BannerPath>posters/73545-5.jpg</BannerPath>
  <BannerType>poster</BannerType>
  <BannerType2>680x1000</BannerType2>
  <Language>en</Language>
  <Rating>4.6667</Rating>
  <RatingCount>3</RatingCount>
</Banner>
<Banner>
  <id>950608</id>
  <BannerPath>posters/73545-21.jpg</BannerPath>
  <BannerType>poster</BannerType>
  <BannerType2>680x1000</BannerType2>
  <Language>en</Language>
  <Rating></Rating>
  <RatingCount>0</RatingCount>
</Banner>
<Banner>
  <id>911833</id>
  <BannerPath>posters/73545-19.jpg</BannerPath>
  <BannerType>poster</BannerType>
  <BannerType2>680x1000</BannerType2>
  <Language>en</Language>
  <Rating></Rating>
  <RatingCount>0</RatingCount>
</Banner>
<Banner>
  <id>945482</id>
  <BannerPath>posters/73545-20.jpg</BannerPath>
  <BannerType>poster</BannerType>
  <BannerType2>680x1000</BannerType2>
  <Language>en</Language>
  <Rating></Rating>
  <RatingCount>0</RatingCount>
</Banner>
<Banner>
  <id>26242</id>
  <BannerPath>seasons/73545-1-4.jpg</BannerPath>
  <BannerType>season</BannerType>
  <BannerType2>season</BannerType2>
  <Language>en</Language>
  <Rating>8.3333</Rating>
  <RatingCount>15</RatingCount>
  <Season>1</Season>
</Banner>
<Banner>
  <id>26241</id>
  <BannerPath>seasons/73545-2-5.jpg</BannerPath>
  <BannerType>season</BannerType>
  <BannerType2>season</BannerType2>
  <Language>en</Language>
  <Rating>8.1538</Rating>
  <RatingCount>13</RatingCount>
  <Season>2</Season>
</Banner>
<Banner>
  <id>26240</id>
  <BannerPath>seasons/73545-3-5.jpg</BannerPath>
  <BannerType>season</BannerType>
  <BannerType2>season</BannerType2>
  <Language>en</Language>
  <Rating>7.9000</Rating>
  <RatingCount>10</RatingCount>
  <Season>3</Season>
</Banner>
<Banner>
  <id>805121</id>
  <BannerPath>seasons/73545-0-10.jpg</BannerPath>
  <BannerType>season</BannerType>
  <BannerType2>season</BannerType2>
  <Language>en</Language>
  <Rating>7.8333</Rating>
  <RatingCount>6</RatingCount>
  <Season>0</Season>
</Banner>
<Banner>
  <id>9290</id>
  <BannerPath>seasons/23557-1-3.jpg</BannerPath>
  <BannerType>season</BannerType>
  <BannerType2>season</BannerType2>
  <Language>en</Language>
  <Rating>7.7500</Rating>
  <RatingCount>4</RatingCount>
  <Season>1</Season>
</Banner>
<Banner>
  <id>26238</id>
  <BannerPath>seasons/73545-2-4.jpg</BannerPath>
  <BannerType>season</BannerType>
  <BannerType2>season</BannerType2>
  <Language>en</Language>
  <Rating>7.7000</Rating>
  <RatingCount>10</RatingCount>
  <Season>2</Season>
</Banner>
<Banner>
  <id>26237</id>
  <BannerPath>seasons/73545-1-3.jpg</BannerPath>
  <BannerType>season</BannerType>
  <BannerType2>season</BannerType2>
  <Language>en</Language>
  <Rating>7.6667</Rating>
  <RatingCount>9</RatingCount>
  <Season>1</Season>
</Banner>
<Banner>
  <id>816721</id>
  <BannerPath>seasons/73545-1-9.jpg</BannerPath>
  <BannerType>season</BannerType>
  <BannerType2>season</BannerType2>
  <Language>en</Language>
  <Rating>7.5000</Rating>
  <RatingCount>2</RatingCount>
  <Season>1</Season>
</Banner>
<Banner>
  <id>47791</id>
  <BannerPath>seasons/73545-3-8.jpg</BannerPath>
  <BannerType>season</BannerType>
  <BannerType2>season</BannerType2>
  <Language>en</Language>
  <Rating>7.4444</Rating>
  <RatingCount>9</RatingCount>
  <Season>3</Season>
</Banner>
<Banner>
  <id>40990</id>
  <BannerPath>seasons/73545-1-7.jpg</BannerPath>
  <BannerType>season</BannerType>
  <BannerType2>season</BannerType2>
  <Language>en</Language>
  <Rating>7.3333</Rating>
  <RatingCount>3</RatingCount>
  <Season>1</Season>
</Banner>
<Banner>
  <id>26239</id>
  <BannerPath>seasons/73545-4-2.jpg</BannerPath>
  <BannerType>season</BannerType>
  <BannerType2>season</BannerType2>
  <Language>en</Language>
  <Rating>7.2273</Rating>
  <RatingCount>22</RatingCount>
  <Season>4</Season>
</Banner>
<Banner>
  <id>26234</id>
  <BannerPath>seasons/73545-1-2.jpg</BannerPath>
  <BannerType>season</BannerType>
  <BannerType2>season</BannerType2>
  <Language>en</Language>
  <Rating>7.1667</Rating>
  <RatingCount>6</RatingCount>
  <Season>1</Season>
</Banner>
<Banner>
  <id>25830</id>
  <BannerPath>seasons/73545-0-3.jpg</BannerPath>
  <BannerType>season</BannerType>
  <BannerType2>season</BannerType2>
  <Language>de</Language>
  <Rating>7.1250</Rating>
  <RatingCount>8</RatingCount>
  <Season>0</Season>
</Banner>
<Banner>
  <id>18009</id>
  <BannerPath>seasons/73545-2-2.jpg</BannerPath>
  <BannerType>season</BannerType>
  <BannerType2>season</BannerType2>
  <Language>en</Language>
  <Rating>7.0000</Rating>
  <RatingCount>2</RatingCount>
  <Season>2</Season>
</Banner>
<Banner>
  <id>26235</id>
  <BannerPath>seasons/73545-2-3.jpg</BannerPath>
  <BannerType>season</BannerType>
  <BannerType2>season</BannerType2>
  <Language>en</Language>
  <Rating>7.0000</Rating>
  <RatingCount>4</RatingCount>
  <Season>2</Season>
</Banner>
<Banner>
  <id>9289</id>
  <BannerPath>seasons/23557-3-2.jpg</BannerPath>
  <BannerType>season</BannerType>
  <BannerType2>season</BannerType2>
  <Language>en</Language>
  <Rating>7.0000</Rating>
  <RatingCount>2</RatingCount>
  <Season>3</Season>
</Banner>
<Banner>
  <id>31099</id>
  <BannerPath>seasons/73545-2-6.jpg</BannerPath>
  <BannerType>season</BannerType>
  <BannerType2>season</BannerType2>
  <Language>fr</Language>
  <Rating>7.0000</Rating>
  <RatingCount>2</RatingCount>
  <Season>2</Season>
</Banner>
<Banner>
  <id>482611</id>
  <BannerPath>seasons/73545-4-8.jpg</BannerPath>
  <BannerType>season</BannerType>
  <BannerType2>season</BannerType2>
  <Language>en</Language>
  <Rating>6.9167</Rating>
  <RatingCount>12</RatingCount>
  <Season>4</Season>
</Banner>
<Banner>
  <id>175771</id>
  <BannerPath>seasons/73545-0-9.jpg</BannerPath>
  <BannerType>season</BannerType>
  <BannerType2>season</BannerType2>
  <Language>fr</Language>
  <Rating>6.6667</Rating>
  <RatingCount>3</RatingCount>
  <Season>0</Season>
</Banner>
<Banner>
  <id>26236</id>
  <BannerPath>seasons/73545-3-4.jpg</BannerPath>
  <BannerType>season</BannerType>
  <BannerType2>season</BannerType2>
  <Language>en</Language>
  <Rating>6.5000</Rating>
  <RatingCount>4</RatingCount>
  <Season>3</Season>
</Banner>
<Banner>
  <id>13906</id>
  <BannerPath>seasons/73545-0-2.jpg</BannerPath>
  <BannerType>season</BannerType>
  <BannerType2>season</BannerType2>
  <Language>en</Language>
  <Rating>6.3750</Rating>
  <RatingCount>8</RatingCount>
  <Season>0</Season>
</Banner>
<Banner>
  <id>33857</id>
  <BannerPath>seasons/73545-4-4.jpg</BannerPath>
  <BannerType>season</BannerType>
  <BannerType2>season</BannerType2>
  <Language>en</Language>
  <Rating>6.3333</Rating>
  <RatingCount>9</RatingCount>
  <Season>4</Season>
</Banner>
<Banner>
  <id>34621</id>
  <BannerPath>seasons/73545-4-6.jpg</BannerPath>
  <BannerType>season</BannerType>
  <BannerType2>season</BannerType2>
  <Language>en</Language>
  <Rating>6.0000</Rating>
  <RatingCount>7</RatingCount>
  <Season>4</Season>
</Banner>
<Banner>
  <id>9291</id>
  <BannerPath>seasons/23557-2-3.jpg</BannerPath>
  <BannerType>season</BannerType>
  <BannerType2>season</BannerType2>
  <Language>en</Language>
  <Rating>6.0000</Rating>
  <RatingCount>3</RatingCount>
  <Season>2</Season>
</Banner>
<Banner>
  <id>31098</id>
  <BannerPath>seasons/73545-1-5.jpg</BannerPath>
  <BannerType>season</BannerType>
  <BannerType2>season</BannerType2>
  <Language>fr</Language>
  <Rating>6.0000</Rating>
  <RatingCount>3</RatingCount>
  <Season>1</Season>
</Banner>
<Banner>
  <id>9418</id>
  <BannerPath>seasons/23557-0-2.jpg</BannerPath>
  <BannerType>season</BannerType>
  <BannerType2>season</BannerType2>
  <Language>en</Language>
  <Rating>5.6000</Rating>
  <RatingCount>5</RatingCount>
  <Season>0</Season>
</Banner>
<Banner>
  <id>16369</id>
  <BannerPath>seasons/73545-4.jpg</BannerPath>
  <BannerType>season</BannerType>
  <BannerType2>season</BannerType2>
  <Language>en</Language>
  <Rating>5.2500</Rating>
  <RatingCount>4</RatingCount>
  <Season>4</Season>
</Banner>
<Banner>
  <id>816731</id>
  <BannerPath>seasons/73545-2-10.jpg</BannerPath>
  <BannerType>season</BannerType>
  <BannerType2>season</BannerType2>
  <Language>en</Language>
  <Rating>5.0000</Rating>
  <RatingCount>2</RatingCount>
  <Season>2</Season>
</Banner>
<Banner>
  <id>816741</id>
  <BannerPath>seasons/73545-3-11.jpg</BannerPath>
  <BannerType>season</BannerType>
  <BannerType2>season</BannerType2>
  <Language>en</Language>
  <Rating>5.0000</Rating>
  <RatingCount>2</RatingCount>
  <Season>3</Season>
</Banner>
<Banner>
  <id>175751</id>
  <BannerPath>seasons/73545-0-6.jpg</BannerPath>
  <BannerType>season</BannerType>
  <BannerType2>season</BannerType2>
  <Language>fr</Language>
  <Rating>5.0000</Rating>
  <RatingCount>1</RatingCount>
  <Season>0</Season>
</Banner>
<Banner>
  <id>13909</id>
  <BannerPath>seasons/73545-3.jpg</BannerPath>
  <BannerType>season</BannerType>
  <BannerType2>season</BannerType2>
  <Language>en</Language>
  <Rating>4.5000</Rating>
  <RatingCount>2</RatingCount>
  <Season>3</Season>
</Banner>
<Banner>
  <id>40993</id>
  <BannerPath>seasons/73545-4-7.jpg</BannerPath>
  <BannerType>season</BannerType>
  <BannerType2>season</BannerType2>
  <Language>en</Language>
  <Rating>4.5000</Rating>
  <RatingCount>4</RatingCount>
  <Season>4</Season>
</Banner>
<Banner>
  <id>816751</id>
  <BannerPath>seasons/73545-4-10.jpg</BannerPath>
  <BannerType>season</BannerType>
  <BannerType2>season</BannerType2>
  <Language>en</Language>
  <Rating>4.5000</Rating>
  <RatingCount>2</RatingCount>
  <Season>4</Season>
</Banner>
<Banner>
  <id>40989</id>
  <BannerPath>seasons/73545-0-5.jpg</BannerPath>
  <BannerType>season</BannerType>
  <BannerType2>season</BannerType2>
  <Language>en</Language>
  <Rating>4.4000</Rating>
  <RatingCount>5</RatingCount>
  <Season>0</Season>
</Banner>
<Banner>
  <id>26505</id>
  <BannerPath>seasons/73545-4-3.jpg</BannerPath>
  <BannerType>season</BannerType>
  <BannerType2>season</BannerType2>
  <Language>de</Language>
  <Rating>4.0000</Rating>
  <RatingCount>3</RatingCount>
  <Season>4</Season>
</Banner>
<Banner>
  <id>789521</id>
  <BannerPath>seasons/73545-4-9.jpg</BannerPath>
  <BannerType>season</BannerType>
  <BannerType2>season</BannerType2>
  <Language>en</Language>
  <Rating>3.2500</Rating>
  <RatingCount>4</RatingCount>
  <Season>4</Season>
</Banner>
<Banner>
  <id>18257</id>
  <BannerPath>seasons/73545-0.jpg</BannerPath>
  <BannerType>season</BannerType>
  <BannerType2>season</BannerType2>
  <Language>fr</Language>
  <Rating>3.0000</Rating>
  <RatingCount>4</RatingCount>
  <Season>0</Season>
</Banner>
<Banner>
  <id>9417</id>
  <BannerPath>seasons/23557-0.jpg</BannerPath>
  <BannerType>season</BannerType>
  <BannerType2>season</BannerType2>
  <Language>en</Language>
  <Rating>2.3333</Rating>
  <RatingCount>3</RatingCount>
  <Season>0</Season>
</Banner>
<Banner>
  <id>6725</id>
  <BannerPath>seasons/23557-1.jpg</BannerPath>
  <BannerType>season</BannerType>
  <BannerType2>season</BannerType2>
  <Language>en</Language>
  <Rating>1.0000</Rating>
  <RatingCount>1</RatingCount>
  <Season>1</Season>
</Banner>
<Banner>
  <id>57971</id>
  <BannerPath>seasons/73545-0-8.jpg</BannerPath>
  <BannerType>season</BannerType>
  <BannerType2>season</BannerType2>
  <Language>hu</Language>
  <Rating>1.0000</Rating>
  <RatingCount>1</RatingCount>
  <Season>0</Season>
</Banner>
<Banner>
  <id>34420</id>
  <BannerPath>seasons/73545-0-4.jpg</BannerPath>
  <BannerType>season</BannerType>
  <BannerType2>season</BannerType2>
  <Language>hu</Language>
  <Rating>1.0000</Rating>
  <RatingCount>1</RatingCount>
  <Season>0</Season>
</Banner>
<Banner>
  <id>34417</id>
  <BannerPath>seasons/73545-1-6.jpg</BannerPath>
  <BannerType>season</BannerType>
  <BannerType2>season</BannerType2>
  <Language>hu</Language>
  <Rating>1.0000</Rating>
  <RatingCount>1</RatingCount>
  <Season>1</Season>
</Banner>
<Banner>
  <id>175761</id>
  <BannerPath>seasons/73545-0-7.jpg</BannerPath>
  <BannerType>season</BannerType>
  <BannerType2>season</BannerType2>
  <Language>fr</Language>
  <Rating>1.0000</Rating>
  <RatingCount>1</RatingCount>
  <Season>0</Season>
</Banner>
<Banner>
  <id>34508</id>
  <BannerPath>seasons/73545-4-5.jpg</BannerPath>
  <BannerType>season</BannerType>
  <BannerType2>season</BannerType2>
  <Language>hu</Language>
  <Rating>1.0000</Rating>
  <RatingCount>2</RatingCount>
  <Season>4</Season>
</Banner>
<Banner>
  <id>18010</id>
  <BannerPath>seasons/73545-3-2.jpg</BannerPath>
  <BannerType>season</BannerType>
  <BannerType2>season</BannerType2>
  <Language>es</Language>
  <Rating></Rating>
  <RatingCount>0</RatingCount>
  <Season>3</Season>
</Banner>
<Banner>
  <id>937963</id>
  <BannerPath>seasons/73545-4-11.jpg</BannerPath>
  <BannerType>season</BannerType>
  <BannerType2>season</BannerType2>
  <Language>fr</Language>
  <Rating></Rating>
  <RatingCount>0</RatingCount>
  <Season>4</Season>
</Banner>
<Banner>
  <id>6727</id>
  <BannerPath>seasons/23557-1-2.jpg</BannerPath>
  <BannerType>season</BannerType>
  <BannerType2>season</BannerType2>
  <Language>en</Language>
  <Rating></Rating>
  <RatingCount>0</RatingCount>
  <Season>1</Season>
</Banner>
<Banner>
  <id>563751</id>
  <BannerPath>seasons/73545-2-9.jpg</BannerPath>
  <BannerType>season</BannerType>
  <BannerType2>season</BannerType2>
  <Language>ru</Language>
  <Rating></Rating>
  <RatingCount>0</RatingCount>
  <Season>2</Season>
</Banner>
<Banner>
  <id>175741</id>
  <BannerPath>seasons/73545-3-10.jpg</BannerPath>
  <BannerType>season</BannerType>
  <BannerType2>season</BannerType2>
  <Language>fr</Language>
  <Rating></Rating>
  <RatingCount>0</RatingCount>
  <Season>3</Season>
</Banner>
<Banner>
  <id>25831</id>
  <BannerPath>seasons/73545-3-3.jpg</BannerPath>
  <BannerType>season</BannerType>
  <BannerType2>season</BannerType2>
  <Language>de</Language>
  <Rating></Rating>
  <RatingCount>0</RatingCount>
  <Season>3</Season>
</Banner>
<Banner>
  <id>110781</id>
  <BannerPath>seasons/73545-3-9.jpg</BannerPath>
  <BannerType>season</BannerType>
  <BannerType2>season</BannerType2>
  <Language>hu</Language>
  <Rating></Rating>
  <RatingCount>0</RatingCount>
  <Season>3</Season>
</Banner>
<Banner>
  <id>6728</id>
  <BannerPath>seasons/23557-2-2.jpg</BannerPath>
  <BannerType>season</BannerType>
  <BannerType2>season</BannerType2>
  <Language>en</Language>
  <Rating></Rating>
  <RatingCount>0</RatingCount>
  <Season>2</Season>
</Banner>
<Banner>
  <id>563741</id>
  <BannerPath>seasons/73545-1-8.jpg</BannerPath>
  <BannerType>season</BannerType>
  <BannerType2>season</BannerType2>
  <Language>ru</Language>
  <Rating></Rating>
  <RatingCount>0</RatingCount>
  <Season>1</Season>
</Banner>
<Banner>
  <id>34507</id>
  <BannerPath>seasons/73545-3-6.jpg</BannerPath>
  <BannerType>season</BannerType>
  <BannerType2>season</BannerType2>
  <Language>hu</Language>
  <Rating></Rating>
  <RatingCount>0</RatingCount>
  <Season>3</Season>
</Banner>
<Banner>
  <id>9288</id>
  <BannerPath>seasons/23557-3.jpg</BannerPath>
  <BannerType>season</BannerType>
  <BannerType2>season</BannerType2>
  <Language>en</Language>
  <Rating></Rating>
  <RatingCount>0</RatingCount>
  <Season>3</Season>
</Banner>
<Banner>
  <id>40992</id>
  <BannerPath>seasons/73545-3-7.jpg</BannerPath>
  <BannerType>season</BannerType>
  <BannerType2>season</BannerType2>
  <Language>en</Language>
  <Rating></Rating>
  <RatingCount>0</RatingCount>
  <Season>3</Season>
</Banner>
<Banner>
  <id>34418</id>
  <BannerPath>seasons/73545-2-7.jpg</BannerPath>
  <BannerType>season</BannerType>
  <BannerType2>season</BannerType2>
  <Language>hu</Language>
  <Rating></Rating>
  <RatingCount>0</RatingCount>
  <Season>2</Season>
</Banner>
<Banner>
  <id>6726</id>
  <BannerPath>seasons/23557-2.jpg</BannerPath>
  <BannerType>season</BannerType>
  <BannerType2>season</BannerType2>
  <Language>en</Language>
  <Rating></Rating>
  <RatingCount>0</RatingCount>
  <Season>2</Season>
</Banner>
<Banner>
  <id>40991</id>
  <BannerPath>seasons/73545-2-8.jpg</BannerPath>
  <BannerType>season</BannerType>
  <BannerType2>season</BannerType2>
  <Language>en</Language>
  <Rating></Rating>
  <RatingCount>0</RatingCount>
  <Season>2</Season>
</Banner>
<Banner>
  <id>13907</id>
  <BannerPath>seasons/73545-1.jpg</BannerPath>
  <BannerType>season</BannerType>
  <BannerType2>season</BannerType2>
  <Language>en</Language>
  <Rating></Rating>
  <RatingCount>0</RatingCount>
  <Season>1</Season>
</Banner>
<Banner>
  <id>941527</id>
  <BannerPath>seasons/73545-1-10.jpg</BannerPath>
  <BannerType>season</BannerType>
  <BannerType2>season</BannerType2>
  <Language>de</Language>
  <Rating></Rating>
  <RatingCount>0</RatingCount>
  <Season>1</Season>
</Banner>
<Banner>
  <id>13908</id>
  <BannerPath>seasons/73545-2.jpg</BannerPath>
  <BannerType>season</BannerType>
  <BannerType2>season</BannerType2>
  <Language>en</Language>
  <Rating></Rating>
  <RatingCount>0</RatingCount>
  <Season>2</Season>
</Banner>
<Banner>
  <id>840791</id>
  <BannerPath>seasonswide/73545-3-2.jpg</BannerPath>
  <BannerType>season</BannerType>
  <BannerType2>seasonwide</BannerType2>
  <Language>en</Language>
  <Rating>10.0000</Rating>
  <RatingCount>1</RatingCount>
  <Season>3</Season>
</Banner>
<Banner>
  <id>840781</id>
  <BannerPath>seasonswide/73545-2-2.jpg</BannerPath>
  <BannerType>season</BannerType>
  <BannerType2>seasonwide</BannerType2>
  <Language>en</Language>
  <Rating>10.0000</Rating>
  <RatingCount>1</RatingCount>
  <Season>2</Season>
</Banner>
<Banner>
  <id>840751</id>
  <BannerPath>seasonswide/73545-0.jpg</BannerPath>
  <BannerType>season</BannerType>
  <BannerType2>seasonwide</BannerType2>
  <Language>en</Language>
  <Rating>10.0000</Rating>
  <RatingCount>2</RatingCount>
  <Season>0</Season>
</Banner>
<Banner>
  <id>840761</id>
  <BannerPath>seasonswide/73545-1-2.jpg</BannerPath>
  <BannerType>season</BannerType>
  <BannerType2>seasonwide</BannerType2>
  <Language>en</Language>
  <Rating>10.0000</Rating>
  <RatingCount>1</RatingCount>
  <Season>1</Season>
</Banner>
<Banner>
  <id>18833</id>
  <BannerPath>seasonswide/73545-2.jpg</BannerPath>
  <BannerType>season</BannerType>
  <BannerType2>seasonwide</BannerType2>
  <Language>es</Language>
  <Rating>10.0000</Rating>
  <RatingCount>1</RatingCount>
  <Season>2</Season>
</Banner>
<Banner>
  <id>18834</id>
  <BannerPath>seasonswide/73545-3.jpg</BannerPath>
  <BannerType>season</BannerType>
  <BannerType2>seasonwide</BannerType2>
  <Language>es</Language>
  <Rating></Rating>
  <RatingCount>0</RatingCount>
  <Season>3</Season>
</Banner>
<Banner>
  <id>225861</id>
  <BannerPath>seasonswide/73545-0-3.jpg</BannerPath>
  <BannerType>season</BannerType>
  <BannerType2>seasonwide</BannerType2>
  <Language>en</Language>
  <Rating></Rating>
  <RatingCount>0</RatingCount>
  <Season>0</Season>
</Banner>
<Banner>
  <id>840801</id>
  <BannerPath>seasonswide/73545-4.jpg</BannerPath>
  <BannerType>season</BannerType>
  <BannerType2>seasonwide</BannerType2>
  <Language>en</Language>
  <Rating></Rating>
  <RatingCount>0</RatingCount>
  <Season>4</Season>
</Banner>
<Banner>
  <id>18832</id>
  <BannerPath>seasonswide/73545-1.jpg</BannerPath>
  <BannerType>season</BannerType>
  <BannerType2>seasonwide</BannerType2>
  <Language>es</Language>
  <Rating></Rating>
  <RatingCount>0</RatingCount>
  <Season>1</Season>
</Banner>
<Banner>
  <id>22919</id>
  <BannerPath>graphical/73545-g11.jpg</BannerPath>
  <BannerType>series</BannerType>
  <BannerType2>graphical</BannerType2>
  <Language>en</Language>
  <Rating>8.2917</Rating>
  <RatingCount>24</RatingCount>
</Banner>
<Banner>
  <id>916450</id>
  <BannerPath>graphical/73545-g21.jpg</BannerPath>
  <BannerType>series</BannerType>
  <BannerType2>graphical</BannerType2>
  <Language>en</Language>
  <Rating>8.2000</Rating>
  <RatingCount>5</RatingCount>
</Banner>
<Banner>
  <id>916451</id>
  <BannerPath>graphical/73545-g23.jpg</BannerPath>
  <BannerType>series</BannerType>
  <BannerType2>graphical</BannerType2>
  <Language>en</Language>
  <Rating>8.0000</Rating>
  <RatingCount>3</RatingCount>
</Banner>
<Banner>
  <id>916684</id>
  <BannerPath>graphical/73545-g26.jpg</BannerPath>
  <BannerType>series</BannerType>
  <BannerType2>graphical</BannerType2>
  <Language>en</Language>
  <Rating>7.6667</Rating>
  <RatingCount>3</RatingCount>
</Banner>
<Banner>
  <id>14107</id>
  <BannerPath>graphical/73545-g3.jpg</BannerPath>
  <BannerType>series</BannerType>
  <BannerType2>graphical</BannerType2>
  <Language>en</Language>
  <Rating>7.5385</Rating>
  <RatingCount>13</RatingCount>
</Banner>
<Banner>
  <id>38286</id>
  <BannerPath>graphical/73545-g17.jpg</BannerPath>
  <BannerType>series</BannerType>
  <BannerType2>graphical</BannerType2>
  <Language>en</Language>
  <Rating>7.4615</Rating>
  <RatingCount>13</RatingCount>
</Banner>
<Banner>
  <id>302181</id>
  <BannerPath>graphical/73545-g20.jpg</BannerPath>
  <BannerType>series</BannerType>
  <BannerType2>graphical</BannerType2>
  <Language>en</Language>
  <Rating>7.3333</Rating>
  <RatingCount>9</RatingCount>
</Banner>
<Banner>
  <id>916683</id>
  <BannerPath>graphical/73545-g25.jpg</BannerPath>
  <BannerType>series</BannerType>
  <BannerType2>graphical</BannerType2>
  <Language>en</Language>
  <Rating>7.2500</Rating>
  <RatingCount>4</RatingCount>
</Banner>
<Banner>
  <id>37187</id>
  <BannerPath>graphical/73545-g15.jpg</BannerPath>
  <BannerType>series</BannerType>
  <BannerType2>graphical</BannerType2>
  <Language>en</Language>
  <Rating>7.2222</Rating>
  <RatingCount>9</RatingCount>
</Banner>
<Banner>
  <id>13894</id>
  <BannerPath>graphical/73545-g.jpg</BannerPath>
  <BannerType>series</BannerType>
  <BannerType2>graphical</BannerType2>
  <Language>en</Language>
  <Rating>7.2000</Rating>
  <RatingCount>5</RatingCount>
</Banner>
<Banner>
  <id>15356</id>
  <BannerPath>graphical/73545-g7.jpg</BannerPath>
  <BannerType>series</BannerType>
  <BannerType2>graphical</BannerType2>
  <Language>en</Language>
  <Rating>7.1818</Rating>
  <RatingCount>11</RatingCount>
</Banner>
<Banner>
  <id>15885</id>
  <BannerPath>graphical/73545-g5.jpg</BannerPath>
  <BannerType>series</BannerType>
  <BannerType2>graphical</BannerType2>
  <Language>en</Language>
  <Rating>7.0909</Rating>
  <RatingCount>11</RatingCount>
</Banner>
<Banner>
  <id>9292</id>
  <BannerPath>graphical/23557-g2.jpg</BannerPath>
  <BannerType>series</BannerType>
  <BannerType2>graphical</BannerType2>
  <Language>en</Language>
  <Rating>7.0000</Rating>
  <RatingCount>9</RatingCount>
</Banner>
<Banner>
  <id>22925</id>
  <BannerPath>graphical/73545-g12.jpg</BannerPath>
  <BannerType>series</BannerType>
  <BannerType2>graphical</BannerType2>
  <Language>en</Language>
  <Rating>7.0000</Rating>
  <RatingCount>5</RatingCount>
</Banner>
<Banner>
  <id>15354</id>
  <BannerPath>graphical/73545-g6.jpg</BannerPath>
  <BannerType>series</BannerType>
  <BannerType2>graphical</BannerType2>
  <Language>en</Language>
  <Rating>7.0000</Rating>
  <RatingCount>3</RatingCount>
</Banner>
<Banner>
  <id>21582</id>
  <BannerPath>graphical/73545-g8.jpg</BannerPath>
  <BannerType>series</BannerType>
  <BannerType2>graphical</BannerType2>
  <Language>en</Language>
  <Rating>7.0000</Rating>
  <RatingCount>8</RatingCount>
</Banner>
<Banner>
  <id>40227</id>
  <BannerPath>graphical/73545-g19.jpg</BannerPath>
  <BannerType>series</BannerType>
  <BannerType2>graphical</BannerType2>
  <Language>en</Language>
  <Rating>6.7500</Rating>
  <RatingCount>4</RatingCount>
</Banner>
<Banner>
  <id>5287</id>
  <BannerPath>graphical/23557-g.jpg</BannerPath>
  <BannerType>series</BannerType>
  <BannerType2>graphical</BannerType2>
  <Language>en</Language>
  <Rating>6.6000</Rating>
  <RatingCount>5</RatingCount>
</Banner>
<Banner>
  <id>18258</id>
  <BannerPath>graphical/73545-g9.jpg</BannerPath>
  <BannerType>series</BannerType>
  <BannerType2>graphical</BannerType2>
  <Language>en</Language>
  <Rating>6.5714</Rating>
  <RatingCount>7</RatingCount>
</Banner>
<Banner>
  <id>24435</id>
  <BannerPath>graphical/73545-g13.jpg</BannerPath>
  <BannerType>series</BannerType>
  <BannerType2>graphical</BannerType2>
  <Language>en</Language>
  <Rating>6.5000</Rating>
  <RatingCount>4</RatingCount>
</Banner>
<Banner>
  <id>22505</id>
  <BannerPath>graphical/73545-g10.jpg</BannerPath>
  <BannerType>series</BannerType>
  <BannerType2>graphical</BannerType2>
  <Language>en</Language>
  <Rating>6.4000</Rating>
  <RatingCount>5</RatingCount>
</Banner>
<Banner>
  <id>15114</id>
  <BannerPath>graphical/73545-g4.jpg</BannerPath>
  <BannerType>series</BannerType>
  <BannerType2>graphical</BannerType2>
  <Language>en</Language>
  <Rating>5.9091</Rating>
  <RatingCount>11</RatingCount>
</Banner>
<Banner>
  <id>38485</id>
  <BannerPath>graphical/73545-g18.jpg</BannerPath>
  <BannerType>series</BannerType>
  <BannerType2>graphical</BannerType2>
  <Language>en</Language>
  <Rating>5.7500</Rating>
  <RatingCount>4</RatingCount>
</Banner>
<Banner>
  <id>38285</id>
  <BannerPath>graphical/73545-g16.jpg</BannerPath>
  <BannerType>series</BannerType>
  <BannerType2>graphical</BannerType2>
  <Language>en</Language>
  <Rating>5.6667</Rating>
  <RatingCount>3</RatingCount>
</Banner>
<Banner>
  <id>13895</id>
  <BannerPath>graphical/73545-g2.jpg</BannerPath>
  <BannerType>series</BannerType>
  <BannerType2>graphical</BannerType2>
  <Language>en</Language>
  <Rating>5.6667</Rating>
  <RatingCount>3</RatingCount>
</Banner>
<Banner>
  <id>12805</id>
  <BannerPath>blank/73545.jpg</BannerPath>
  <BannerType>series</BannerType>
  <BannerType2>blank</BannerType2>
  <Language>en</Language>
  <Rating>4.0000</Rating>
  <RatingCount>3</RatingCount>
</Banner>
<Banner>
  <id>405561</id>
  <BannerPath>graphical/73545-g22.jpg</BannerPath>
  <BannerType>series</BannerType>
  <BannerType2>graphical</BannerType2>
  <Language>en</Language>
  <Rating>2.0000</Rating>
  <RatingCount>1</RatingCount>
</Banner>
<Banner>
  <id>22852</id>
  <BannerPath>text/73545.jpg</BannerPath>
  <BannerType>series</BannerType>
  <BannerType2>text</BannerType2>
  <Language>en</Language>
  <Rating>1.5000</Rating>
  <RatingCount>4</RatingCount>
</Banner>
<Banner>
  <id>15359</id>
  <BannerPath>blank/73545-2.jpg</BannerPath>
  <BannerType>series</BannerType>
  <BannerType2>blank</BannerType2>
  <Language>en</Language>
  <Rating>1.0000</Rating>
  <RatingCount>2</RatingCount>
</Banner>
<Banner>
  <id>916511</id>
  <BannerPath>graphical/73545-g24.jpg</BannerPath>
  <BannerType>series</BannerType>
  <BannerType2>graphical</BannerType2>
  <Language>en</Language>
  <Rating></Rating>
  <RatingCount>0</RatingCount>
</Banner>
<Banner>
  <id>34423</id>
  <BannerPath>graphical/73545-g14.jpg</BannerPath>
  <BannerType>series</BannerType>
  <BannerType2>graphical</BannerType2>
  <Language>hu</Language>
  <Rating></Rating>
  <RatingCount>0</RatingCount>
</Banner>
</Banners>