<?xml version="1.0" encoding="UTF-8" ?>
<Actors>
<Actor>
  <id>298925</id>
  <Image>actors/298925.jpg</Image>
  <Name>Daisy Betts</Name>
  <Role>Lieutenant Grace Shepard</Role>
  <SortOrder>0</SortOrder>
</Actor>
<Actor>
  <id>298816</id>
  <Image>actors/298816.jpg</Image>
  <Name>Andre Braugher</Name>
  <Role>Capt. Marcus Chaplin</Role>
  <SortOrder>0</SortOrder>
</Actor>
<Actor>
  <id>298811</id>
  <Image>actors/298811.jpg</Image>
  <Name>Scott Speedman</Name>
  <Role>XO Sam Kendal</Role>
  <SortOrder>0</SortOrder>
</Actor>
<Actor>
  <id>298926</id>
  <Image>actors/298926.jpg</Image>
  <Name>Camille De Pazzis</Name>
  <Role>Sophie Girard</Role>
  <SortOrder>1</SortOrder>
</Actor>
<Actor>
  <id>298815</id>
  <Image>actors/298815.jpg</Image>
  <Name>Dichen Lachman</Name>
  <Role>Tani Tumrenjack</Role>
  <SortOrder>1</SortOrder>
</Actor>
<Actor>
  <id>298814</id>
  <Image>actors/298814.jpg</Image>
  <Name>Autumn Reeser</Name>
  <Role>Kylie Sinclair</Role>
  <SortOrder>1</SortOrder>
</Actor>
<Actor>
  <id>298813</id>
  <Image>actors/298813.jpg</Image>
  <Name>Jessy Schram</Name>
  <Role>Christine Kendal</Role>
  <SortOrder>1</SortOrder>
</Actor>
<Actor>
  <id>298927</id>
  <Image>actors/298927.jpg</Image>
  <Name>Daniel Lissing</Name>
  <Role>James King</Role>
  <SortOrder>2</SortOrder>
</Actor>
<Actor>
  <id>298812</id>
  <Image>actors/298812.jpg</Image>
  <Name>Robert Patrick</Name>
  <Role>Master Chief Joseph Prosser</Role>
  <SortOrder>2</SortOrder>
</Actor>
<Actor>
  <id>298928</id>
  <Image>actors/298928.jpg</Image>
  <Name>Sahr Ngaujah</Name>
  <Role>Mayor Julian Serrat</Role>
  <SortOrder>3</SortOrder>
</Actor>
</Actors>