<?xml version="1.0" encoding="UTF-8" ?>
<Data><Series>
  <id>255413</id>
  <Actors>|Daisy Betts|Andre Braugher|Scott Speedman|Camille De Pazzis|Dichen Lachman|Autumn Reeser|Jessy Schram|Daniel Lissing|Robert Patrick|Sahr Ngaujah|</Actors>
  <Airs_DayOfWeek>Thursday</Airs_DayOfWeek>
  <Airs_Time>8:00 PM</Airs_Time>
  <ContentRating>TV-14</ContentRating>
  <FirstAired>2012-09-27</FirstAired>
  <Genre>|Drama|</Genre>
  <IMDB_ID>tt2172103</IMDB_ID>
  <Language>en</Language>
  <Network>ABC</Network>
  <NetworkID></NetworkID>
  <Overview>500 feet beneath the ocean's surface, the U.S. ballistic missile submarine Colorado receives their orders. Through a radio channel designed to be used if the main base has been wiped out, they're told to fire nuclear weapons at Pakistan. Captain Marcus Chaplin (Andre Braugher) demands confirmation of the orders only to be unceremoniously relieved of duty by the White House. XO Sam Kendal (Scott Speedman) suddenly finds himself in charge of the submarine and facing the same difficult decision. When he also refuses to fire without official confirmation of the orders, the Colorado is targeted, fired upon, and hit. With their submarine crippled, and their own nation against them, the crew of the Colorado must survive unprecedented odds and set up a base of operations on a nearby island. Armed with a cache of nuclear missiles and a team of Navy SEAL's, this is their new home, and this is their last resort.</Overview>
  <Rating>8.1</Rating>
  <RatingCount>32</RatingCount>
  <Runtime>60</Runtime>
  <SeriesID>81879</SeriesID>
  <SeriesName>Last Resort</SeriesName>
  <Status>Ended</Status>
  <added>2012-01-21 17:33:41</added>
  <addedBy>235881</addedBy>
  <banner>graphical/255413-g3.jpg</banner>
  <fanart>fanart/original/255413-3.jpg</fanart>
  <lastupdated>1365595303</lastupdated>
  <poster>posters/255413-3.jpg</poster>
  <zap2it_id>EP01568271</zap2it_id>
</Series>
<Episode>
  <id>4246759</id>
  <Combined_episodenumber>1</Combined_episodenumber>
  <Combined_season>1</Combined_season>
  <DVD_chapter></DVD_chapter>
  <DVD_discid></DVD_discid>
  <DVD_episodenumber></DVD_episodenumber>
  <DVD_season></DVD_season>
  <Director>Martin Campbell</Director>
  <EpImgFlag>2</EpImgFlag>
  <EpisodeName>Captain</EpisodeName>
  <EpisodeNumber>1</EpisodeNumber>
  <FirstAired>2012-09-27</FirstAired>
  <GuestStars>Matt Gerald|Omid Abtahi|Max Adler|David Rees Snell|Michael Ng|Jessica Camacho|Will Rothhaar|Bruce Davison</GuestStars>
  <IMDB_ID>tt2163522</IMDB_ID>
  <Language>en</Language>
  <Overview>The submarine &quot;USS Colorado&quot; receives orders to fire nuclear weapons at Pakistan. When the Captain and XO demand confirmation, the Colorado crew are declared rogue enemies of their own country.</Overview>
  <ProductionCode></ProductionCode>
  <Rating>7.9</Rating>
  <RatingCount>95</RatingCount>
  <SeasonNumber>1</SeasonNumber>
  <Writer>Shawn Ryan|Karl Gajdusek</Writer>
  <absolute_number>1</absolute_number>
  <filename>episodes/255413/4246759.jpg</filename>
  <lastupdated>1363002195</lastupdated>
  <seasonid>483338</seasonid>
  <seriesid>255413</seriesid>
</Episode>
<Episode>
  <id>4392580</id>
  <Combined_episodenumber>2</Combined_episodenumber>
  <Combined_season>1</Combined_season>
  <DVD_chapter></DVD_chapter>
  <DVD_discid></DVD_discid>
  <DVD_episodenumber></DVD_episodenumber>
  <DVD_season></DVD_season>
  <Director>Kevin Hooks</Director>
  <EpImgFlag>2</EpImgFlag>
  <EpisodeName>Blue on Blue</EpisodeName>
  <EpisodeNumber>2</EpisodeNumber>
  <FirstAired>2012-10-04</FirstAired>
  <GuestStars>Jay Hernandez|Jay Karnes|Michael Ng|Omid Abtahi|John Prosky|Assaf Cohen|Jenny Cooper|Ilia Volok|Chad Michael Collins</GuestStars>
  <IMDB_ID>tt2369594</IMDB_ID>
  <Language>en</Language>
  <Overview>More than 20 warships close in on the Colorado. As Kendal is forced into a battle on the ground, Prosser questions Marcus' judgement.</Overview>
  <ProductionCode></ProductionCode>
  <Rating>7.5</Rating>
  <RatingCount>85</RatingCount>
  <SeasonNumber>1</SeasonNumber>
  <Writer>Karl Gajdusek</Writer>
  <absolute_number>2</absolute_number>
  <filename>episodes/255413/4392580.jpg</filename>
  <lastupdated>1363002313</lastupdated>
  <seasonid>483338</seasonid>
  <seriesid>255413</seriesid>
</Episode>
<Episode>
  <id>4404511</id>
  <Combined_episodenumber>3</Combined_episodenumber>
  <Combined_season>1</Combined_season>
  <DVD_chapter></DVD_chapter>
  <DVD_discid></DVD_discid>
  <DVD_episodenumber></DVD_episodenumber>
  <DVD_season></DVD_season>
  <Director>Michael Offer</Director>
  <EpImgFlag>2</EpImgFlag>
  <EpisodeName>Eight Bells</EpisodeName>
  <EpisodeNumber>3</EpisodeNumber>
  <FirstAired>2012-10-11</FirstAired>
  <GuestStars>Jay Karnes|Jessica Camacho|Will Rothhaar|Michael Gaston|April Grace|Michael Ng|Chad Michael Collins|Carlos Leal|Tyler Tuione|Bruce Davison</GuestStars>
  <IMDB_ID>tt2406714</IMDB_ID>
  <Language>en</Language>
  <Overview>A search for missing crew members leads to Serrat's compound and an ominous demand. A clandestine meeting between Kylie and Admiral Shepard confirms that the fire order came through a back channel.</Overview>
  <ProductionCode></ProductionCode>
  <Rating>7.6</Rating>
  <RatingCount>70</RatingCount>
  <SeasonNumber>1</SeasonNumber>
  <Writer>Eileen Myers</Writer>
  <absolute_number>3</absolute_number>
  <filename>episodes/255413/4404511.jpg</filename>
  <lastupdated>1364685146</lastupdated>
  <seasonid>483338</seasonid>
  <seriesid>255413</seriesid>
</Episode>
<Episode>
  <id>4407487</id>
  <Combined_episodenumber>4</Combined_episodenumber>
  <Combined_season>1</Combined_season>
  <DVD_chapter></DVD_chapter>
  <DVD_discid></DVD_discid>
  <DVD_episodenumber></DVD_episodenumber>
  <DVD_season></DVD_season>
  <Director>Steven DePaul</Director>
  <EpImgFlag>2</EpImgFlag>
  <EpisodeName>Voluntold</EpisodeName>
  <EpisodeNumber>4</EpisodeNumber>
  <FirstAired>2012-10-18</FirstAired>
  <GuestStars>Jay Karnes|Jessica Camacho|Will Rothhaar|Michael Gaston|David Rees Snell|Michael Mosley|Michael Ng|Bruce Davison|Jay Hernandez</GuestStars>
  <IMDB_ID>tt2428762</IMDB_ID>
  <Language>en</Language>
  <Overview>Even as Marcus and Sam learn that they have been charged with treason against the United States, a greater threat within their own crew is brewing. Meanwhile, an old friend of Sam's, Paul Wells, pays Christine a visit and tries to ease her fears about her husband.</Overview>
  <ProductionCode></ProductionCode>
  <Rating>7.6</Rating>
  <RatingCount>71</RatingCount>
  <SeasonNumber>1</SeasonNumber>
  <Writer>Patrick Massett|John Zinman</Writer>
  <absolute_number>4</absolute_number>
  <filename>episodes/255413/4407487.jpg</filename>
  <lastupdated>1363002378</lastupdated>
  <seasonid>483338</seasonid>
  <seriesid>255413</seriesid>
</Episode>
<Episode>
  <id>4407488</id>
  <Combined_episodenumber>5</Combined_episodenumber>
  <Combined_season>1</Combined_season>
  <DVD_chapter></DVD_chapter>
  <DVD_discid></DVD_discid>
  <DVD_episodenumber></DVD_episodenumber>
  <DVD_season></DVD_season>
  <Director>Michael Offer</Director>
  <EpImgFlag>1</EpImgFlag>
  <EpisodeName>Skeleton Crew</EpisodeName>
  <EpisodeNumber>5</EpisodeNumber>
  <FirstAired>2012-10-25</FirstAired>
  <GuestStars>Jay Karnes|April Grace|Omid Abtahi|Michael Ng|Bruce Davison|Jay Hernandez</GuestStars>
  <IMDB_ID>tt2438162</IMDB_ID>
  <Language>en</Language>
  <Overview>In an attempt to end the standoff on Sainte Marina, Marcus and Sam enter into tense negotiations with the U.S. Government. Meanwhile, when a critical system fails, Grace must take command of the Colorado on a perilous repair operation.</Overview>
  <ProductionCode></ProductionCode>
  <Rating>7.9</Rating>
  <RatingCount>69</RatingCount>
  <SeasonNumber>1</SeasonNumber>
  <Writer>David Wiener</Writer>
  <absolute_number>5</absolute_number>
  <filename>episodes/255413/4407488.jpg</filename>
  <lastupdated>1359220657</lastupdated>
  <seasonid>483338</seasonid>
  <seriesid>255413</seriesid>
</Episode>
<Episode>
  <id>4417782</id>
  <Combined_episodenumber>6</Combined_episodenumber>
  <Combined_season>1</Combined_season>
  <DVD_chapter></DVD_chapter>
  <DVD_discid></DVD_discid>
  <DVD_episodenumber></DVD_episodenumber>
  <DVD_season></DVD_season>
  <Director>Christopher Misiano</Director>
  <EpImgFlag>2</EpImgFlag>
  <EpisodeName>Another Fine Navy Day</EpisodeName>
  <EpisodeNumber>6</EpisodeNumber>
  <FirstAired>2012-11-08</FirstAired>
  <GuestStars>Gideon Emery|Omid Abtahi|David Rees Snell|Jessica Camacho|Michael Ng|Jay Hernandez</GuestStars>
  <IMDB_ID>tt2473842</IMDB_ID>
  <Language>en</Language>
  <Overview>The crew is hit with an attack by an unknown force unlike anything they’ve seen before. As confusion and aggression take hold, Marcus and Sam can no longer trust their own senses even as they race to save the sub and defend the island.</Overview>
  <ProductionCode></ProductionCode>
  <Rating>7.5</Rating>
  <RatingCount>62</RatingCount>
  <SeasonNumber>1</SeasonNumber>
  <Writer>Ron Fitzgerald</Writer>
  <absolute_number>6</absolute_number>
  <filename>episodes/255413/4417782.jpg</filename>
  <lastupdated>1359220600</lastupdated>
  <seasonid>483338</seasonid>
  <seriesid>255413</seriesid>
</Episode>
<Episode>
  <id>4417783</id>
  <Combined_episodenumber>7</Combined_episodenumber>
  <Combined_season>1</Combined_season>
  <DVD_chapter></DVD_chapter>
  <DVD_discid></DVD_discid>
  <DVD_episodenumber></DVD_episodenumber>
  <DVD_season></DVD_season>
  <Director>Michael Offer</Director>
  <EpImgFlag>2</EpImgFlag>
  <EpisodeName>Nuke it Out</EpisodeName>
  <EpisodeNumber>7</EpisodeNumber>
  <FirstAired>2012-11-15</FirstAired>
  <GuestStars>Jay Karnes|Gideon Emery|Jessica Camacho|Will Rothhaar|David Rees Snell|Adrian LaTourelle|Martha Hackett|Jay Hernandez</GuestStars>
  <IMDB_ID>tt2473720</IMDB_ID>
  <Language>en</Language>
  <Overview>As Marcus and Sam hunt for the traitor in their ranks who stole their nuclear launch key, Prosser disobeys orders and starts a small war he can’t control. Meanwhile Grace and James must work together to defuse a dangerous situation, as back in D.C. Christine is indicted as Sam's co-conspirator.</Overview>
  <ProductionCode></ProductionCode>
  <Rating>7.7</Rating>
  <RatingCount>58</RatingCount>
  <SeasonNumber>1</SeasonNumber>
  <Writer>Nick Antosca|Ned Vizzini</Writer>
  <absolute_number>7</absolute_number>
  <filename>episodes/255413/4417783.jpg</filename>
  <lastupdated>1359220565</lastupdated>
  <seasonid>483338</seasonid>
  <seriesid>255413</seriesid>
</Episode>
<Episode>
  <id>4428407</id>
  <Combined_episodenumber>8</Combined_episodenumber>
  <Combined_season>1</Combined_season>
  <DVD_chapter></DVD_chapter>
  <DVD_discid></DVD_discid>
  <DVD_episodenumber></DVD_episodenumber>
  <DVD_season></DVD_season>
  <Director>Gwyneth Horder-Payton</Director>
  <EpImgFlag>2</EpImgFlag>
  <EpisodeName>Big Chicken Dinner</EpisodeName>
  <EpisodeNumber>8</EpisodeNumber>
  <FirstAired>2012-11-29</FirstAired>
  <GuestStars>Jay Karnes|Gideon Emery|Jessica Camacho|Michael Mosley|Michael Ng|Tyler Tuione|Jay Hernandez</GuestStars>
  <IMDB_ID>tt2506230</IMDB_ID>
  <Language>en</Language>
  <Overview>Marcus brings the islanders and the members of the Colorado together for a feast in the spirit of Thanksgiving; Grace searches for the truth when an essential crew member is accused of a crime.</Overview>
  <ProductionCode></ProductionCode>
  <Rating>7.5</Rating>
  <RatingCount>53</RatingCount>
  <SeasonNumber>1</SeasonNumber>
  <Writer>Julie Siege</Writer>
  <absolute_number>8</absolute_number>
  <filename>episodes/255413/4428407.jpg</filename>
  <lastupdated>1364985069</lastupdated>
  <seasonid>483338</seasonid>
  <seriesid>255413</seriesid>
</Episode>
<Episode>
  <id>4428408</id>
  <Combined_episodenumber>9</Combined_episodenumber>
  <Combined_season>1</Combined_season>
  <DVD_chapter></DVD_chapter>
  <DVD_discid></DVD_discid>
  <DVD_episodenumber></DVD_episodenumber>
  <DVD_season></DVD_season>
  <Director>Lesli Linka Glatter</Director>
  <EpImgFlag>2</EpImgFlag>
  <EpisodeName>Cinderella Liberty</EpisodeName>
  <EpisodeNumber>9</EpisodeNumber>
  <FirstAired>2012-12-06</FirstAired>
  <GuestStars>Jay Karnes|Jessica Camacho|Michael Gaston|David Rees Snell|Cas Anvar|Shaun Toub|Nazneen Contractor|Sam Page|Mitchell Fink|Jay Hernandez</GuestStars>
  <IMDB_ID>tt2515586</IMDB_ID>
  <Language>en</Language>
  <Overview>The crew waits for a visit from its families; Marcus must contemplate the unthinkable; the reason for the attack on Pakistan is revealed.</Overview>
  <ProductionCode></ProductionCode>
  <Rating>7.9</Rating>
  <RatingCount>54</RatingCount>
  <SeasonNumber>1</SeasonNumber>
  <Writer>Morenike Balogun</Writer>
  <absolute_number>9</absolute_number>
  <filename>episodes/255413/4428408.jpg</filename>
  <lastupdated>1364985045</lastupdated>
  <seasonid>483338</seasonid>
  <seriesid>255413</seriesid>
</Episode>
<Episode>
  <id>4428409</id>
  <Combined_episodenumber>10</Combined_episodenumber>
  <Combined_season>1</Combined_season>
  <DVD_chapter></DVD_chapter>
  <DVD_discid></DVD_discid>
  <DVD_episodenumber></DVD_episodenumber>
  <DVD_season></DVD_season>
  <Director>Bill Gierhart</Director>
  <EpImgFlag>2</EpImgFlag>
  <EpisodeName>Blue Water</EpisodeName>
  <EpisodeNumber>10</EpisodeNumber>
  <FirstAired>2012-12-13</FirstAired>
  <GuestStars>Jason Beghe|Chin Han|David Rees Snell|Will Rothhaar</GuestStars>
  <IMDB_ID>tt2515590</IMDB_ID>
  <Language>en</Language>
  <Overview>Sam and James depart the island in a daring rescue attempt. Back on the island of Sainte Marina, a Chinese diplomat arrives to make a deal with Marcus. With scarcity and a prison problem plaguing him, Marcus finds himself treading down a more treacherous path than he could have imagined.</Overview>
  <ProductionCode></ProductionCode>
  <Rating>7.7</Rating>
  <RatingCount>50</RatingCount>
  <SeasonNumber>1</SeasonNumber>
  <Writer>Eileen Myers|Julie Siege</Writer>
  <absolute_number>10</absolute_number>
  <filename>episodes/255413/4428409.jpg</filename>
  <lastupdated>1364984990</lastupdated>
  <seasonid>483338</seasonid>
  <seriesid>255413</seriesid>
</Episode>
<Episode>
  <id>4444143</id>
  <Combined_episodenumber>11</Combined_episodenumber>
  <Combined_season>1</Combined_season>
  <DVD_chapter></DVD_chapter>
  <DVD_discid></DVD_discid>
  <DVD_episodenumber></DVD_episodenumber>
  <DVD_season></DVD_season>
  <Director>Clark Johnson</Director>
  <EpImgFlag>2</EpImgFlag>
  <EpisodeName>Damn the Torpedoes</EpisodeName>
  <EpisodeNumber>11</EpisodeNumber>
  <FirstAired>2013-01-10</FirstAired>
  <GuestStars>Bruce Davison|Daniel Bess|Jessica Camacho|David Rees Snell</GuestStars>
  <IMDB_ID>tt2572570</IMDB_ID>
  <Language>en</Language>
  <Overview>A typhoon, a mutiny and a Washington coup d'etat will force Marcus and his crew into unlikely alliances. As Sam's grief strains his loyalty to Marcus, will Sainte Marina get the supplies it so desperately needs? How far will Marcus go to ensure the crew's survival -- will it cost him his life?</Overview>
  <ProductionCode></ProductionCode>
  <Rating>7.5</Rating>
  <RatingCount>36</RatingCount>
  <SeasonNumber>1</SeasonNumber>
  <Writer>Patrick Masset|John Zinman</Writer>
  <absolute_number>11</absolute_number>
  <filename>episodes/255413/4444143.jpg</filename>
  <lastupdated>1364984972</lastupdated>
  <seasonid>483338</seasonid>
  <seriesid>255413</seriesid>
</Episode>
<Episode>
  <id>4444144</id>
  <Combined_episodenumber>12</Combined_episodenumber>
  <Combined_season>1</Combined_season>
  <DVD_chapter></DVD_chapter>
  <DVD_discid></DVD_discid>
  <DVD_episodenumber></DVD_episodenumber>
  <DVD_season></DVD_season>
  <Director>Paris Barclay</Director>
  <EpImgFlag>2</EpImgFlag>
  <EpisodeName>The Pointy End of the Spear</EpisodeName>
  <EpisodeNumber>12</EpisodeNumber>
  <FirstAired>2013-01-17</FirstAired>
  <GuestStars>David Rees Snell|Jessica Camacho|Michael Gaston|Ernie Hudson|Will Rothhaar|Michael Mosley|Chin Han|Michael Ng|Bruce Davison</GuestStars>
  <IMDB_ID>tt2572576</IMDB_ID>
  <Language>en</Language>
  <Overview>Kylie works with Admiral Shepard to bring down the President, using evidence of what really happened in Pakistan. This affords Marcus the opportunity to surrender the Colorado, if all goes according to plan. Meanwhile, Speaker of the House Conrad Buell, meets with a small group of Washington heavyweights to discuss the unthinkable when Kylie’s video information helps persuade him to participate in a risky and treasonous maneuver.</Overview>
  <ProductionCode></ProductionCode>
  <Rating>7.7</Rating>
  <RatingCount>41</RatingCount>
  <SeasonNumber>1</SeasonNumber>
  <Writer>Ron Fitzgerald</Writer>
  <absolute_number>12</absolute_number>
  <filename>episodes/255413/4444144.jpg</filename>
  <lastupdated>1364984952</lastupdated>
  <seasonid>483338</seasonid>
  <seriesid>255413</seriesid>
</Episode>
<Episode>
  <id>4444145</id>
  <Combined_episodenumber>13</Combined_episodenumber>
  <Combined_season>1</Combined_season>
  <DVD_chapter></DVD_chapter>
  <DVD_discid></DVD_discid>
  <DVD_episodenumber></DVD_episodenumber>
  <DVD_season></DVD_season>
  <Director>Michael Offer</Director>
  <EpImgFlag>2</EpImgFlag>
  <EpisodeName>Controlled Flight Into Terrain</EpisodeName>
  <EpisodeNumber>13</EpisodeNumber>
  <FirstAired>2013-01-24</FirstAired>
  <GuestStars>Will Rothhaar|Jessica Camacho|Michael Mosley|David Rees Snell|Michael Gaston|Jason Beghe|Chin Han|Michael Ng</GuestStars>
  <IMDB_ID>tt2583204</IMDB_ID>
  <Language>en</Language>
  <Overview>In the exciting series finale, a violent battle for control erupts on the submarine, which leaves the Colorado vulnerable to capture by a third party — one with an exploitative plan. Can Marcus and Sam take control of the sub before it’s too late?</Overview>
  <ProductionCode></ProductionCode>
  <Rating>8.1</Rating>
  <RatingCount>41</RatingCount>
  <SeasonNumber>1</SeasonNumber>
  <Writer>Karl Gajdusek|David Wiener</Writer>
  <absolute_number>13</absolute_number>
  <filename>episodes/255413/4444145.jpg</filename>
  <lastupdated>1364984903</lastupdated>
  <seasonid>483338</seasonid>
  <seriesid>255413</seriesid>
</Episode>
</Data>