<?xml version="1.0" encoding="UTF-8" ?>
<Banners>
<Banner>
  <id>188151</id>
  <BannerPath>fanart/original/80301-10.jpg</BannerPath>
  <BannerType>fanart</BannerType>
  <BannerType2>1920x1080</BannerType2>
  <Colors></Colors>
  <Language>de</Language>
  <Rating>10.0000</Rating>
  <RatingCount>1</RatingCount>
  <SeriesName>false</SeriesName>
  <ThumbnailPath>_cache/fanart/original/80301-10.jpg</ThumbnailPath>
  <VignettePath>fanart/vignette/80301-10.jpg</VignettePath>
</Banner>
<Banner>
  <id>188221</id>
  <BannerPath>fanart/original/80301-13.jpg</BannerPath>
  <BannerType>fanart</BannerType>
  <BannerType2>1920x1080</BannerType2>
  <Colors></Colors>
  <Language>de</Language>
  <Rating>10.0000</Rating>
  <RatingCount>1</RatingCount>
  <SeriesName>false</SeriesName>
  <ThumbnailPath>_cache/fanart/original/80301-13.jpg</ThumbnailPath>
  <VignettePath>fanart/vignette/80301-13.jpg</VignettePath>
</Banner>
<Banner>
  <id>28604</id>
  <BannerPath>fanart/original/80301-3.jpg</BannerPath>
  <BannerType>fanart</BannerType>
  <BannerType2>1920x1080</BannerType2>
  <Colors></Colors>
  <Language>en</Language>
  <Rating>10.0000</Rating>
  <RatingCount>1</RatingCount>
  <SeriesName>false</SeriesName>
  <ThumbnailPath>_cache/fanart/original/80301-3.jpg</ThumbnailPath>
  <VignettePath>fanart/vignette/80301-3.jpg</VignettePath>
</Banner>
<Banner>
  <id>365731</id>
  <BannerPath>fanart/original/80301-16.jpg</BannerPath>
  <BannerType>fanart</BannerType>
  <BannerType2>1280x720</BannerType2>
  <Colors></Colors>
  <Language>en</Language>
  <Rating>5.5000</Rating>
  <RatingCount>2</RatingCount>
  <SeriesName>true</SeriesName>
  <ThumbnailPath>_cache/fanart/original/80301-16.jpg</ThumbnailPath>
  <VignettePath>fanart/vignette/80301-16.jpg</VignettePath>
</Banner>
<Banner>
  <id>65631</id>
  <BannerPath>fanart/original/80301-5.jpg</BannerPath>
  <BannerType>fanart</BannerType>
  <BannerType2>1280x720</BannerType2>
  <Colors></Colors>
  <Language>en</Language>
  <Rating>5.5000</Rating>
  <RatingCount>2</RatingCount>
  <SeriesName>false</SeriesName>
  <ThumbnailPath>_cache/fanart/original/80301-5.jpg</ThumbnailPath>
  <VignettePath>fanart/vignette/80301-5.jpg</VignettePath>
</Banner>
<Banner>
  <id>65641</id>
  <BannerPath>fanart/original/80301-6.jpg</BannerPath>
  <BannerType>fanart</BannerType>
  <BannerType2>1280x720</BannerType2>
  <Colors></Colors>
  <Language>en</Language>
  <Rating>5.5000</Rating>
  <RatingCount>2</RatingCount>
  <SeriesName>false</SeriesName>
  <ThumbnailPath>_cache/fanart/original/80301-6.jpg</ThumbnailPath>
  <VignettePath>fanart/vignette/80301-6.jpg</VignettePath>
</Banner>
<Banner>
  <id>23149</id>
  <BannerPath>fanart/original/80301-1.jpg</BannerPath>
  <BannerType>fanart</BannerType>
  <BannerType2>1920x1080</BannerType2>
  <Colors></Colors>
  <Language>en</Language>
  <Rating>1.0000</Rating>
  <RatingCount>1</RatingCount>
  <SeriesName>false</SeriesName>
  <ThumbnailPath>_cache/fanart/original/80301-1.jpg</ThumbnailPath>
  <VignettePath>fanart/vignette/80301-1.jpg</VignettePath>
</Banner>
<Banner>
  <id>37139</id>
  <BannerPath>fanart/original/80301-4.jpg</BannerPath>
  <BannerType>fanart</BannerType>
  <BannerType2>1280x720</BannerType2>
  <Colors></Colors>
  <Language>en</Language>
  <Rating>1.0000</Rating>
  <RatingCount>1</RatingCount>
  <SeriesName>false</SeriesName>
  <ThumbnailPath>_cache/fanart/original/80301-4.jpg</ThumbnailPath>
  <VignettePath>fanart/vignette/80301-4.jpg</VignettePath>
</Banner>
<Banner>
  <id>131351</id>
  <BannerPath>fanart/original/80301-9.jpg</BannerPath>
  <BannerType>fanart</BannerType>
  <BannerType2>1920x1080</BannerType2>
  <Colors></Colors>
  <Language>de</Language>
  <Rating></Rating>
  <RatingCount>0</RatingCount>
  <SeriesName>false</SeriesName>
  <ThumbnailPath>_cache/fanart/original/80301-9.jpg</ThumbnailPath>
  <VignettePath>fanart/vignette/80301-9.jpg</VignettePath>
</Banner>
<Banner>
  <id>815231</id>
  <BannerPath>fanart/original/80301-19.jpg</BannerPath>
  <BannerType>fanart</BannerType>
  <BannerType2>1920x1080</BannerType2>
  <Colors></Colors>
  <Language>en</Language>
  <Rating></Rating>
  <RatingCount>0</RatingCount>
  <SeriesName>false</SeriesName>
  <ThumbnailPath>_cache/fanart/original/80301-19.jpg</ThumbnailPath>
  <VignettePath>fanart/vignette/80301-19.jpg</VignettePath>
</Banner>
<Banner>
  <id>23255</id>
  <BannerPath>fanart/original/80301-2.jpg</BannerPath>
  <BannerType>fanart</BannerType>
  <BannerType2>1280x720</BannerType2>
  <Colors></Colors>
  <Language>en</Language>
  <Rating></Rating>
  <RatingCount>0</RatingCount>
  <SeriesName>false</SeriesName>
  <ThumbnailPath>_cache/fanart/original/80301-2.jpg</ThumbnailPath>
  <VignettePath>fanart/vignette/80301-2.jpg</VignettePath>
</Banner>
<Banner>
  <id>131321</id>
  <BannerPath>fanart/original/80301-7.jpg</BannerPath>
  <BannerType>fanart</BannerType>
  <BannerType2>1920x1080</BannerType2>
  <Colors></Colors>
  <Language>de</Language>
  <Rating></Rating>
  <RatingCount>0</RatingCount>
  <SeriesName>false</SeriesName>
  <ThumbnailPath>_cache/fanart/original/80301-7.jpg</ThumbnailPath>
  <VignettePath>fanart/vignette/80301-7.jpg</VignettePath>
</Banner>
<Banner>
  <id>188191</id>
  <BannerPath>fanart/original/80301-12.jpg</BannerPath>
  <BannerType>fanart</BannerType>
  <BannerType2>1920x1080</BannerType2>
  <Colors></Colors>
  <Language>de</Language>
  <Rating></Rating>
  <RatingCount>0</RatingCount>
  <SeriesName>false</SeriesName>
  <ThumbnailPath>_cache/fanart/original/80301-12.jpg</ThumbnailPath>
  <VignettePath>fanart/vignette/80301-12.jpg</VignettePath>
</Banner>
<Banner>
  <id>188171</id>
  <BannerPath>fanart/original/80301-11.jpg</BannerPath>
  <BannerType>fanart</BannerType>
  <BannerType2>1920x1080</BannerType2>
  <Colors></Colors>
  <Language>de</Language>
  <Rating></Rating>
  <RatingCount>0</RatingCount>
  <SeriesName>false</SeriesName>
  <ThumbnailPath>_cache/fanart/original/80301-11.jpg</ThumbnailPath>
  <VignettePath>fanart/vignette/80301-11.jpg</VignettePath>
</Banner>
<Banner>
  <id>815221</id>
  <BannerPath>fanart/original/80301-18.jpg</BannerPath>
  <BannerType>fanart</BannerType>
  <BannerType2>1920x1080</BannerType2>
  <Colors></Colors>
  <Language>en</Language>
  <Rating></Rating>
  <RatingCount>0</RatingCount>
  <SeriesName>false</SeriesName>
  <ThumbnailPath>_cache/fanart/original/80301-18.jpg</ThumbnailPath>
  <VignettePath>fanart/vignette/80301-18.jpg</VignettePath>
</Banner>
<Banner>
  <id>131331</id>
  <BannerPath>fanart/original/80301-8.jpg</BannerPath>
  <BannerType>fanart</BannerType>
  <BannerType2>1920x1080</BannerType2>
  <Colors></Colors>
  <Language>de</Language>
  <Rating></Rating>
  <RatingCount>0</RatingCount>
  <SeriesName>false</SeriesName>
  <ThumbnailPath>_cache/fanart/original/80301-8.jpg</ThumbnailPath>
  <VignettePath>fanart/vignette/80301-8.jpg</VignettePath>
</Banner>
<Banner>
  <id>563471</id>
  <BannerPath>fanart/original/80301-17.jpg</BannerPath>
  <BannerType>fanart</BannerType>
  <BannerType2>1280x720</BannerType2>
  <Colors></Colors>
  <Language>de</Language>
  <Rating></Rating>
  <RatingCount>0</RatingCount>
  <SeriesName>false</SeriesName>
  <ThumbnailPath>_cache/fanart/original/80301-17.jpg</ThumbnailPath>
  <VignettePath>fanart/vignette/80301-17.jpg</VignettePath>
</Banner>
<Banner>
  <id>223731</id>
  <BannerPath>fanart/original/80301-14.jpg</BannerPath>
  <BannerType>fanart</BannerType>
  <BannerType2>1280x720</BannerType2>
  <Colors></Colors>
  <Language>en</Language>
  <Rating></Rating>
  <RatingCount>0</RatingCount>
  <SeriesName>false</SeriesName>
  <ThumbnailPath>_cache/fanart/original/80301-14.jpg</ThumbnailPath>
  <VignettePath>fanart/vignette/80301-14.jpg</VignettePath>
</Banner>
<Banner>
  <id>223741</id>
  <BannerPath>fanart/original/80301-15.jpg</BannerPath>
  <BannerType>fanart</BannerType>
  <BannerType2>1280x720</BannerType2>
  <Colors></Colors>
  <Language>en</Language>
  <Rating></Rating>
  <RatingCount>0</RatingCount>
  <SeriesName>false</SeriesName>
  <ThumbnailPath>_cache/fanart/original/80301-15.jpg</ThumbnailPath>
  <VignettePath>fanart/vignette/80301-15.jpg</VignettePath>
</Banner>
<Banner>
  <id>35582</id>
  <BannerPath>posters/80301-1.jpg</BannerPath>
  <BannerType>poster</BannerType>
  <BannerType2>680x1000</BannerType2>
  <Language>en</Language>
  <Rating></Rating>
  <RatingCount>0</RatingCount>
</Banner>
<Banner>
  <id>850041</id>
  <BannerPath>seasons/80301-1-4.jpg</BannerPath>
  <BannerType>season</BannerType>
  <BannerType2>season</BannerType2>
  <Language>en</Language>
  <Rating>10.0000</Rating>
  <RatingCount>1</RatingCount>
  <Season>1</Season>
</Banner>
<Banner>
  <id>850111</id>
  <BannerPath>seasons/80301-3-3.jpg</BannerPath>
  <BannerType>season</BannerType>
  <BannerType2>season</BannerType2>
  <Language>en</Language>
  <Rating>10.0000</Rating>
  <RatingCount>1</RatingCount>
  <Season>3</Season>
</Banner>
<Banner>
  <id>21484</id>
  <BannerPath>seasons/80301-1.jpg</BannerPath>
  <BannerType>season</BannerType>
  <BannerType2>season</BannerType2>
  <Language>en</Language>
  <Rating>10.0000</Rating>
  <RatingCount>1</RatingCount>
  <Season>1</Season>
</Banner>
<Banner>
  <id>850081</id>
  <BannerPath>seasons/80301-2-5.jpg</BannerPath>
  <BannerType>season</BannerType>
  <BannerType2>season</BannerType2>
  <Language>en</Language>
  <Rating>10.0000</Rating>
  <RatingCount>1</RatingCount>
  <Season>2</Season>
</Banner>
<Banner>
  <id>850031</id>
  <BannerPath>seasons/80301-1-3.jpg</BannerPath>
  <BannerType>season</BannerType>
  <BannerType2>season</BannerType2>
  <Language>en</Language>
  <Rating></Rating>
  <RatingCount>0</RatingCount>
  <Season>1</Season>
</Banner>
<Banner>
  <id>850071</id>
  <BannerPath>seasons/80301-2-4.jpg</BannerPath>
  <BannerType>season</BannerType>
  <BannerType2>season</BannerType2>
  <Language>en</Language>
  <Rating></Rating>
  <RatingCount>0</RatingCount>
  <Season>2</Season>
</Banner>
<Banner>
  <id>876756</id>
  <BannerPath>seasons/80301-4.jpg</BannerPath>
  <BannerType>season</BannerType>
  <BannerType2>season</BannerType2>
  <Language>en</Language>
  <Rating></Rating>
  <RatingCount>0</RatingCount>
  <Season>4</Season>
</Banner>
<Banner>
  <id>850101</id>
  <BannerPath>seasons/80301-3-2.jpg</BannerPath>
  <BannerType>season</BannerType>
  <BannerType2>season</BannerType2>
  <Language>en</Language>
  <Rating></Rating>
  <RatingCount>0</RatingCount>
  <Season>3</Season>
</Banner>
<Banner>
  <id>29263</id>
  <BannerPath>seasons/80301-2.jpg</BannerPath>
  <BannerType>season</BannerType>
  <BannerType2>season</BannerType2>
  <Language>en</Language>
  <Rating></Rating>
  <RatingCount>0</RatingCount>
  <Season>2</Season>
</Banner>
<Banner>
  <id>850091</id>
  <BannerPath>seasons/80301-2-6.jpg</BannerPath>
  <BannerType>season</BannerType>
  <BannerType2>season</BannerType2>
  <Language>en</Language>
  <Rating></Rating>
  <RatingCount>0</RatingCount>
  <Season>2</Season>
</Banner>
<Banner>
  <id>850021</id>
  <BannerPath>seasons/80301-1-2.jpg</BannerPath>
  <BannerType>season</BannerType>
  <BannerType2>season</BannerType2>
  <Language>en</Language>
  <Rating></Rating>
  <RatingCount>0</RatingCount>
  <Season>1</Season>
</Banner>
<Banner>
  <id>850061</id>
  <BannerPath>seasons/80301-2-3.jpg</BannerPath>
  <BannerType>season</BannerType>
  <BannerType2>season</BannerType2>
  <Language>en</Language>
  <Rating></Rating>
  <RatingCount>0</RatingCount>
  <Season>2</Season>
</Banner>
<Banner>
  <id>850121</id>
  <BannerPath>seasons/80301-3-4.jpg</BannerPath>
  <BannerType>season</BannerType>
  <BannerType2>season</BannerType2>
  <Language>en</Language>
  <Rating></Rating>
  <RatingCount>0</RatingCount>
  <Season>3</Season>
</Banner>
<Banner>
  <id>62711</id>
  <BannerPath>graphical/80301-g3.jpg</BannerPath>
  <BannerType>series</BannerType>
  <BannerType2>graphical</BannerType2>
  <Language>en</Language>
  <Rating>7.6667</Rating>
  <RatingCount>3</RatingCount>
</Banner>
<Banner>
  <id>23006</id>
  <BannerPath>graphical/80301-g2.jpg</BannerPath>
  <BannerType>series</BannerType>
  <BannerType2>graphical</BannerType2>
  <Language>en</Language>
  <Rating>6.0000</Rating>
  <RatingCount>4</RatingCount>
</Banner>
<Banner>
  <id>16294</id>
  <BannerPath>blank/80301.jpg</BannerPath>
  <BannerType>series</BannerType>
  <BannerType2>blank</BannerType2>
  <Language>en</Language>
  <Rating>4.0000</Rating>
  <RatingCount>2</RatingCount>
</Banner>
<Banner>
  <id>14535</id>
  <BannerPath>graphical/80301-g.jpg</BannerPath>
  <BannerType>series</BannerType>
  <BannerType2>graphical</BannerType2>
  <Language>en</Language>
  <Rating>3.0000</Rating>
  <RatingCount>2</RatingCount>
</Banner>
<Banner>
  <id>349911</id>
  <BannerPath>graphical/80301-g4.jpg</BannerPath>
  <BannerType>series</BannerType>
  <BannerType2>graphical</BannerType2>
  <Language>en</Language>
  <Rating>2.0000</Rating>
  <RatingCount>1</RatingCount>
</Banner>
<Banner>
  <id>349921</id>
  <BannerPath>graphical/80301-g5.jpg</BannerPath>
  <BannerType>series</BannerType>
  <BannerType2>graphical</BannerType2>
  <Language>en</Language>
  <Rating>2.0000</Rating>
  <RatingCount>1</RatingCount>
</Banner>
</Banners>