<?xml version="1.0" encoding="UTF-8" ?>
<Data><Series>
  <id>82824</id>
  <Actors>|Diedrich Bader|John Di Maggio|</Actors>
  <Airs_DayOfWeek>Friday</Airs_DayOfWeek>
  <Airs_Time>7:30 PM</Airs_Time>
  <ContentRating>TV-G</ContentRating>
  <FirstAired>2008-11-14</FirstAired>
  <Genre>|Action|Adventure|Animation|Children|</Genre>
  <IMDB_ID>tt1213218</IMDB_ID>
  <Language>en</Language>
  <Network>Cartoon Network</Network>
  <NetworkID></NetworkID>
  <Overview>Batman isn't going at it alone this time! From Warner Bros. Animation comes the latest interpretation of the classic Batman franchise. Our caped crusader is teamed up with heroes from across the DC Universe, delivering nonstop action and adventure with a touch of comic relief. Blue Beetle, Green Arrow, Aquaman and countless others will get a chance to uphold justice alongside Batman. Though still based in Gotham, Batman will frequently find himself outside city limits, facing situations that are both unfamiliar and exhilarating. With formidable foes around every corner, Batman will still rely on his stealth, resourcefulness and limitless supply of cool gadgets to bring justice home.  </Overview>
  <Rating>8.7</Rating>
  <RatingCount>18</RatingCount>
  <Runtime>25</Runtime>
  <SeriesID>75449</SeriesID>
  <SeriesName>Batman: The Brave and the Bold</SeriesName>
  <Status>Ended</Status>
  <added></added>
  <addedBy></addedBy>
  <banner>graphical/82824-g4.jpg</banner>
  <fanart>fanart/original/82824-8.jpg</fanart>
  <lastupdated>1365335986</lastupdated>
  <poster>posters/82824-7.jpg</poster>
  <zap2it_id>EP01099016</zap2it_id>
</Series>
<Episode>
  <id>383454</id>
  <Combined_episodenumber>1</Combined_episodenumber>
  <Combined_season>1</Combined_season>
  <DVD_chapter></DVD_chapter>
  <DVD_discid></DVD_discid>
  <DVD_episodenumber></DVD_episodenumber>
  <DVD_season></DVD_season>
  <Director>Ben Jones</Director>
  <EpImgFlag>2</EpImgFlag>
  <EpisodeName>Rise of the Blue Beetle!</EpisodeName>
  <EpisodeNumber>1</EpisodeNumber>
  <FirstAired>2008-11-14</FirstAired>
  <GuestStars></GuestStars>
  <IMDB_ID>tt1309749</IMDB_ID>
  <Language>en</Language>
  <Overview>Batman and Blue Beetle go on a mission to destroy an asteroid heading for a space station, only to go up against the deadly Kanjar Ro.</Overview>
  <ProductionCode></ProductionCode>
  <Rating>7.0</Rating>
  <RatingCount>8</RatingCount>
  <SeasonNumber>1</SeasonNumber>
  <Writer>Michael Jelenic</Writer>
  <absolute_number></absolute_number>
  <filename>episodes/82824/383454.jpg</filename>
  <lastupdated>1300800651</lastupdated>
  <seasonid>34612</seasonid>
  <seriesid>82824</seriesid>
</Episode>
<Episode>
  <id>406602</id>
  <Combined_episodenumber>2</Combined_episodenumber>
  <Combined_season>1</Combined_season>
  <DVD_chapter></DVD_chapter>
  <DVD_discid></DVD_discid>
  <DVD_episodenumber></DVD_episodenumber>
  <DVD_season></DVD_season>
  <Director>Brandon Vietti</Director>
  <EpImgFlag>2</EpImgFlag>
  <EpisodeName>Terror on Dinosaur Island</EpisodeName>
  <EpisodeNumber>2</EpisodeNumber>
  <FirstAired>2008-11-21</FirstAired>
  <GuestStars></GuestStars>
  <IMDB_ID></IMDB_ID>
  <Language>en</Language>
  <Overview>When Gorilla Grodd creates a machine that will turn humans into primates, it's up to Batman and Plastic Man to save the day.</Overview>
  <ProductionCode></ProductionCode>
  <Rating>7.1</Rating>
  <RatingCount>7</RatingCount>
  <SeasonNumber>1</SeasonNumber>
  <Writer>Steven Melching</Writer>
  <absolute_number></absolute_number>
  <filename>episodes/82824/406602.jpg</filename>
  <lastupdated>1300801861</lastupdated>
  <seasonid>34612</seasonid>
  <seriesid>82824</seriesid>
</Episode>
<Episode>
  <id>406603</id>
  <Combined_episodenumber>3</Combined_episodenumber>
  <Combined_season>1</Combined_season>
  <DVD_chapter></DVD_chapter>
  <DVD_discid></DVD_discid>
  <DVD_episodenumber></DVD_episodenumber>
  <DVD_season></DVD_season>
  <Director>Michael Chang</Director>
  <EpImgFlag>2</EpImgFlag>
  <EpisodeName>Evil Under the Sea!</EpisodeName>
  <EpisodeNumber>3</EpisodeNumber>
  <FirstAired>2008-12-05</FirstAired>
  <GuestStars></GuestStars>
  <IMDB_ID></IMDB_ID>
  <Language>en</Language>
  <Overview>Batman investigates seismic activity and pays a visit to Aquaman, who is unaware that his brother Orm is conspiring with Black Manta to conquer Atlantis.</Overview>
  <ProductionCode></ProductionCode>
  <Rating>7.4</Rating>
  <RatingCount>10</RatingCount>
  <SeasonNumber>1</SeasonNumber>
  <Writer>Joseph Kuhr</Writer>
  <absolute_number></absolute_number>
  <filename>episodes/82824/406603.jpg</filename>
  <lastupdated>1300801846</lastupdated>
  <seasonid>34612</seasonid>
  <seriesid>82824</seriesid>
</Episode>
<Episode>
  <id>415439</id>
  <Combined_episodenumber>4</Combined_episodenumber>
  <Combined_season>1</Combined_season>
  <DVD_chapter></DVD_chapter>
  <DVD_discid></DVD_discid>
  <DVD_episodenumber></DVD_episodenumber>
  <DVD_season></DVD_season>
  <Director>Brandon Vietti</Director>
  <EpImgFlag>2</EpImgFlag>
  <EpisodeName>Invasion of the Secret Santas!</EpisodeName>
  <EpisodeNumber>4</EpisodeNumber>
  <FirstAired>2008-12-12</FirstAired>
  <GuestStars>Corey Burton, Will Friedle, Gary Anthony Williams</GuestStars>
  <IMDB_ID>tt1326333</IMDB_ID>
  <Language>en</Language>
  <Overview>The evil Fun Haus plans to steal Christmas with his army of robot Santas and killer toys, including Dynamite Dolly and the Presto Play Pals! Red Tornado teams up with Batman to save the day and in the process, finds his holiday spirit. In our weekly teaser, Batman and Blue Beetle throw Sportsmaster a perfect strike when he sets up a deadly game with human bowling pins at the alley!</Overview>
  <ProductionCode></ProductionCode>
  <Rating>7.6</Rating>
  <RatingCount>5</RatingCount>
  <SeasonNumber>1</SeasonNumber>
  <Writer>Adam Beechen</Writer>
  <absolute_number></absolute_number>
  <filename>episodes/82824/415439.jpg</filename>
  <lastupdated>1300801881</lastupdated>
  <seasonid>34612</seasonid>
  <seriesid>82824</seriesid>
</Episode>
<Episode>
  <id>420483</id>
  <Combined_episodenumber>5</Combined_episodenumber>
  <Combined_season>1</Combined_season>
  <DVD_chapter></DVD_chapter>
  <DVD_discid></DVD_discid>
  <DVD_episodenumber></DVD_episodenumber>
  <DVD_season></DVD_season>
  <Director>Ben Jones</Director>
  <EpImgFlag>1</EpImgFlag>
  <EpisodeName>Day of the Dark Knight!</EpisodeName>
  <EpisodeNumber>5</EpisodeNumber>
  <FirstAired>2009-01-02</FirstAired>
  <GuestStars></GuestStars>
  <IMDB_ID></IMDB_ID>
  <Language>en</Language>
  <Overview>The evil Morgaine Le Fey has taken over Camelot and Etrigan and turned everyone to stone! To thwart her plans, Merlin transports Batman and Green Arrow back in time to retrieve Excalibur, battle dragons and return King Arthur to the throne.</Overview>
  <ProductionCode></ProductionCode>
  <Rating>6.8</Rating>
  <RatingCount>5</RatingCount>
  <SeasonNumber>1</SeasonNumber>
  <Writer>J.M. DeMatteis</Writer>
  <absolute_number></absolute_number>
  <filename>episodes/82824/420483.jpg</filename>
  <lastupdated>1300801896</lastupdated>
  <seasonid>34612</seasonid>
  <seriesid>82824</seriesid>
</Episode>
<Episode>
  <id>421580</id>
  <Combined_episodenumber>6</Combined_episodenumber>
  <Combined_season>1</Combined_season>
  <DVD_chapter></DVD_chapter>
  <DVD_discid></DVD_discid>
  <DVD_episodenumber></DVD_episodenumber>
  <DVD_season></DVD_season>
  <Director>Michael Chang</Director>
  <EpImgFlag>2</EpImgFlag>
  <EpisodeName>Enter the Outsiders!</EpisodeName>
  <EpisodeNumber>6</EpisodeNumber>
  <FirstAired>2009-01-09</FirstAired>
  <GuestStars></GuestStars>
  <IMDB_ID></IMDB_ID>
  <Language>en</Language>
  <Overview>Batman teams up with the super-powered animal master B'wana Beast to take on Black Manta. Then he joins forces with Wildcat, his old mentor, to take down three super-powered teenage criminals known as &quot;The Outsiders.&quot;</Overview>
  <ProductionCode></ProductionCode>
  <Rating>6.7</Rating>
  <RatingCount>6</RatingCount>
  <SeasonNumber>1</SeasonNumber>
  <Writer>Todd Casey</Writer>
  <absolute_number></absolute_number>
  <filename>episodes/82824/421580.jpg</filename>
  <lastupdated>1300801911</lastupdated>
  <seasonid>34612</seasonid>
  <seriesid>82824</seriesid>
</Episode>
<Episode>
  <id>421581</id>
  <Combined_episodenumber>7</Combined_episodenumber>
  <Combined_season>1</Combined_season>
  <DVD_chapter></DVD_chapter>
  <DVD_discid></DVD_discid>
  <DVD_episodenumber></DVD_episodenumber>
  <DVD_season></DVD_season>
  <Director>Ben Jones</Director>
  <EpImgFlag>2</EpImgFlag>
  <EpisodeName>Dawn of the Deadman!</EpisodeName>
  <EpisodeNumber>7</EpisodeNumber>
  <FirstAired>2009-01-16</FirstAired>
  <GuestStars></GuestStars>
  <IMDB_ID></IMDB_ID>
  <Language>en</Language>
  <Overview>Batman teams up with Deadman to take down Gentleman Ghost.</Overview>
  <ProductionCode></ProductionCode>
  <Rating>7.7</Rating>
  <RatingCount>10</RatingCount>
  <SeasonNumber>1</SeasonNumber>
  <Writer>Steven Melching</Writer>
  <absolute_number></absolute_number>
  <filename>episodes/82824/421581.jpg</filename>
  <lastupdated>1300801932</lastupdated>
  <seasonid>34612</seasonid>
  <seriesid>82824</seriesid>
</Episode>
<Episode>
  <id>421583</id>
  <Combined_episodenumber>8</Combined_episodenumber>
  <Combined_season>1</Combined_season>
  <DVD_chapter></DVD_chapter>
  <DVD_discid></DVD_discid>
  <DVD_episodenumber></DVD_episodenumber>
  <DVD_season></DVD_season>
  <Director>Brandon Vietti</Director>
  <EpImgFlag>2</EpImgFlag>
  <EpisodeName>Fall of the Blue Beetle!</EpisodeName>
  <EpisodeNumber>8</EpisodeNumber>
  <FirstAired>2009-01-23</FirstAired>
  <GuestStars></GuestStars>
  <IMDB_ID></IMDB_ID>
  <Language>en</Language>
  <Overview>Batman and Ted Kord (the second Blue Beetle) try to regain the scarab from Jarvis Kord to whom Ted Kord lent it in order to find a way to get it to work. Two years later, the current Blue Beetle researches his roots following Batman's battle with Doctor Polaris. This leads him to Hub City and the lair of the Blue Beetle. Using Ted's Bug vehicle, Jaime finds himself on Science Island where he encounters Jarvis Kord (who is posing as Ted Kord). He asks the Beetle to activate an army of peaceful robots. His true goal is conquer the world and put an end to all the wars.</Overview>
  <ProductionCode>108</ProductionCode>
  <Rating>7.8</Rating>
  <RatingCount>6</RatingCount>
  <SeasonNumber>1</SeasonNumber>
  <Writer>James Krieg</Writer>
  <absolute_number></absolute_number>
  <filename>episodes/82824/421583.jpg</filename>
  <lastupdated>1300801954</lastupdated>
  <seasonid>34612</seasonid>
  <seriesid>82824</seriesid>
</Episode>
<Episode>
  <id>421584</id>
  <Combined_episodenumber>9</Combined_episodenumber>
  <Combined_season>1</Combined_season>
  <DVD_chapter></DVD_chapter>
  <DVD_discid></DVD_discid>
  <DVD_episodenumber></DVD_episodenumber>
  <DVD_season></DVD_season>
  <Director>Michael Chang</Director>
  <EpImgFlag>2</EpImgFlag>
  <EpisodeName>Journey to the Centre of the Bat!</EpisodeName>
  <EpisodeNumber>9</EpisodeNumber>
  <FirstAired>2009-01-30</FirstAired>
  <GuestStars></GuestStars>
  <IMDB_ID></IMDB_ID>
  <Language>en</Language>
  <Overview>When Batman is stricken down by a disease, the Atom must miniaturize himself and with Aquaman must travel into the Caped Crusader's body to cure him.</Overview>
  <ProductionCode></ProductionCode>
  <Rating>6.4</Rating>
  <RatingCount>7</RatingCount>
  <SeasonNumber>1</SeasonNumber>
  <Writer>Matt Wayne</Writer>
  <absolute_number></absolute_number>
  <filename>episodes/82824/421584.jpg</filename>
  <lastupdated>1300801972</lastupdated>
  <seasonid>34612</seasonid>
  <seriesid>82824</seriesid>
</Episode>
<Episode>
  <id>432997</id>
  <Combined_episodenumber>10</Combined_episodenumber>
  <Combined_season>1</Combined_season>
  <DVD_chapter></DVD_chapter>
  <DVD_discid></DVD_discid>
  <DVD_episodenumber></DVD_episodenumber>
  <DVD_season></DVD_season>
  <Director>Ben Jones</Director>
  <EpImgFlag>2</EpImgFlag>
  <EpisodeName>The Eyes of Despero!</EpisodeName>
  <EpisodeNumber>10</EpisodeNumber>
  <FirstAired>2009-02-06</FirstAired>
  <GuestStars></GuestStars>
  <IMDB_ID></IMDB_ID>
  <Language>en</Language>
  <Overview>Batman teams up with G'nort, Guy Gardner and Sinestro to battle Despero, a three-eyed alien conqueror who plans to destroy the Green Lantern Corps.</Overview>
  <ProductionCode></ProductionCode>
  <Rating>7.2</Rating>
  <RatingCount>6</RatingCount>
  <SeasonNumber>1</SeasonNumber>
  <Writer>J.M. DeMatteis</Writer>
  <absolute_number></absolute_number>
  <filename>episodes/82824/432997.jpg</filename>
  <lastupdated>1300801990</lastupdated>
  <seasonid>34612</seasonid>
  <seriesid>82824</seriesid>
</Episode>
<Episode>
  <id>433090</id>
  <Combined_episodenumber>11</Combined_episodenumber>
  <Combined_season>1</Combined_season>
  <DVD_chapter></DVD_chapter>
  <DVD_discid></DVD_discid>
  <DVD_episodenumber></DVD_episodenumber>
  <DVD_season></DVD_season>
  <Director>Brandon Vietti</Director>
  <EpImgFlag>2</EpImgFlag>
  <EpisodeName>Return of the Fearsome Fangs!</EpisodeName>
  <EpisodeNumber>11</EpisodeNumber>
  <FirstAired>2009-02-20</FirstAired>
  <GuestStars></GuestStars>
  <IMDB_ID></IMDB_ID>
  <Language>en</Language>
  <Overview>Batman and the Bronze Tiger team up for a kungfu battle against the Terrible Trio.</Overview>
  <ProductionCode></ProductionCode>
  <Rating>7.3</Rating>
  <RatingCount>8</RatingCount>
  <SeasonNumber>1</SeasonNumber>
  <Writer>Todd Casey</Writer>
  <absolute_number></absolute_number>
  <filename>episodes/82824/433090.jpg</filename>
  <lastupdated>1300802010</lastupdated>
  <seasonid>34612</seasonid>
  <seriesid>82824</seriesid>
</Episode>
<Episode>
  <id>433091</id>
  <Combined_episodenumber>12</Combined_episodenumber>
  <Combined_season>1</Combined_season>
  <DVD_chapter></DVD_chapter>
  <DVD_discid></DVD_discid>
  <DVD_episodenumber></DVD_episodenumber>
  <DVD_season></DVD_season>
  <Director>Michael Chang</Director>
  <EpImgFlag>2</EpImgFlag>
  <EpisodeName>Deep Cover for Batman! </EpisodeName>
  <EpisodeNumber>12</EpisodeNumber>
  <FirstAired>2009-02-27</FirstAired>
  <GuestStars></GuestStars>
  <IMDB_ID></IMDB_ID>
  <Language>en</Language>
  <Overview>Batman takes the place of his villainous counterpart Owlman to infiltrate a parallel world's Crime Syndicate.</Overview>
  <ProductionCode></ProductionCode>
  <Rating>7.5</Rating>
  <RatingCount>6</RatingCount>
  <SeasonNumber>1</SeasonNumber>
  <Writer>Joseph Kuhr</Writer>
  <absolute_number></absolute_number>
  <filename>episodes/82824/433091.jpg</filename>
  <lastupdated>1300802054</lastupdated>
  <seasonid>34612</seasonid>
  <seriesid>82824</seriesid>
</Episode>
<Episode>
  <id>433092</id>
  <Combined_episodenumber>13</Combined_episodenumber>
  <Combined_season>1</Combined_season>
  <DVD_chapter></DVD_chapter>
  <DVD_discid></DVD_discid>
  <DVD_episodenumber></DVD_episodenumber>
  <DVD_season></DVD_season>
  <Director>Ben Jones</Director>
  <EpImgFlag>2</EpImgFlag>
  <EpisodeName>Game Over for Owlman!</EpisodeName>
  <EpisodeNumber>13</EpisodeNumber>
  <FirstAired>2009-03-06</FirstAired>
  <GuestStars></GuestStars>
  <IMDB_ID></IMDB_ID>
  <Language>en</Language>
  <Overview>While Batman battles the Crime Syndicate on an alternate Earth, his counterpart Owlman assembles a host of villains to run rampant across Batman's world.</Overview>
  <ProductionCode></ProductionCode>
  <Rating>7.3</Rating>
  <RatingCount>7</RatingCount>
  <SeasonNumber>1</SeasonNumber>
  <Writer>Joseph Kuhr</Writer>
  <absolute_number></absolute_number>
  <filename>episodes/82824/433092.jpg</filename>
  <lastupdated>1300802079</lastupdated>
  <seasonid>34612</seasonid>
  <seriesid>82824</seriesid>
</Episode>
<Episode>
  <id>444838</id>
  <Combined_episodenumber>14</Combined_episodenumber>
  <Combined_season>1</Combined_season>
  <DVD_chapter></DVD_chapter>
  <DVD_discid></DVD_discid>
  <DVD_episodenumber></DVD_episodenumber>
  <DVD_season></DVD_season>
  <Director>Brandon Vietti</Director>
  <EpImgFlag>2</EpImgFlag>
  <EpisodeName>Mystery in Space!</EpisodeName>
  <EpisodeNumber>14</EpisodeNumber>
  <FirstAired>2009-03-13</FirstAired>
  <GuestStars></GuestStars>
  <IMDB_ID></IMDB_ID>
  <Language>en</Language>
  <Overview>Batman comes to the aid of the Question, who has been captured by the balance-obsessed Equinox. Then Batman travels to the planet Ranagar to help Adam Strange repel alien invaders. Along the way Batman picks up a strangely depressed Aquaman who lacks his typical exuberance.</Overview>
  <ProductionCode></ProductionCode>
  <Rating>7.3</Rating>
  <RatingCount>4</RatingCount>
  <SeasonNumber>1</SeasonNumber>
  <Writer>James Krieg</Writer>
  <absolute_number></absolute_number>
  <filename>episodes/82824/444838.jpg</filename>
  <lastupdated>1300802100</lastupdated>
  <seasonid>34612</seasonid>
  <seriesid>82824</seriesid>
</Episode>
<Episode>
  <id>444839</id>
  <Combined_episodenumber>15</Combined_episodenumber>
  <Combined_season>1</Combined_season>
  <DVD_chapter></DVD_chapter>
  <DVD_discid></DVD_discid>
  <DVD_episodenumber></DVD_episodenumber>
  <DVD_season></DVD_season>
  <Director>Michael Chang</Director>
  <EpImgFlag>2</EpImgFlag>
  <EpisodeName>Trials of the Demon!</EpisodeName>
  <EpisodeNumber>15</EpisodeNumber>
  <FirstAired>2009-03-20</FirstAired>
  <GuestStars></GuestStars>
  <IMDB_ID></IMDB_ID>
  <Language>en</Language>
  <Overview>In 19th century London, Jason Blood aka The Demon Etrigan has been framed for supernatural attacks perpetrated by Gentleman Ghost.</Overview>
  <ProductionCode></ProductionCode>
  <Rating>7.3</Rating>
  <RatingCount>4</RatingCount>
  <SeasonNumber>1</SeasonNumber>
  <Writer>Todd Casey</Writer>
  <absolute_number></absolute_number>
  <filename>episodes/82824/444839.jpg</filename>
  <lastupdated>1300802131</lastupdated>
  <seasonid>34612</seasonid>
  <seriesid>82824</seriesid>
</Episode>
<Episode>
  <id>626871</id>
  <Combined_episodenumber>16</Combined_episodenumber>
  <Combined_season>1</Combined_season>
  <DVD_chapter></DVD_chapter>
  <DVD_discid></DVD_discid>
  <DVD_episodenumber></DVD_episodenumber>
  <DVD_season></DVD_season>
  <Director>Ben Jones</Director>
  <EpImgFlag>1</EpImgFlag>
  <EpisodeName>Night of the Huntress!</EpisodeName>
  <EpisodeNumber>16</EpisodeNumber>
  <FirstAired>2009-05-08</FirstAired>
  <GuestStars></GuestStars>
  <IMDB_ID></IMDB_ID>
  <Language>en</Language>
  <Overview>Blue Beetle develops a crush on the slightly older and far-more-dangerous femme fatale Huntress, but there is little time for love with Baby Face busting his gang out of prison for a major heist! </Overview>
  <ProductionCode></ProductionCode>
  <Rating>7.4</Rating>
  <RatingCount>5</RatingCount>
  <SeasonNumber>1</SeasonNumber>
  <Writer>Adam Beechen</Writer>
  <absolute_number></absolute_number>
  <filename>episodes/82824/626871.jpg</filename>
  <lastupdated>1300802147</lastupdated>
  <seasonid>34612</seasonid>
  <seriesid>82824</seriesid>
</Episode>
<Episode>
  <id>626881</id>
  <Combined_episodenumber>17</Combined_episodenumber>
  <Combined_season>1</Combined_season>
  <DVD_chapter></DVD_chapter>
  <DVD_discid></DVD_discid>
  <DVD_episodenumber></DVD_episodenumber>
  <DVD_season></DVD_season>
  <Director>Ben Jones</Director>
  <EpImgFlag>2</EpImgFlag>
  <EpisodeName>Menace of the Conqueror Caveman!</EpisodeName>
  <EpisodeNumber>17</EpisodeNumber>
  <FirstAired>2009-05-15</FirstAired>
  <GuestStars></GuestStars>
  <IMDB_ID></IMDB_ID>
  <Language>en</Language>
  <Overview>31st Century Booster Gold travels back 100 centuries to join Batman and become a celebrity hero. In his quest for fame, he unwittingly enables the immortal tyrant Vandal Savage to carry out his nefarious plot of turning everyone into cavemen and taking over the world!</Overview>
  <ProductionCode></ProductionCode>
  <Rating>6.7</Rating>
  <RatingCount>3</RatingCount>
  <SeasonNumber>1</SeasonNumber>
  <Writer>Matt Wayne</Writer>
  <absolute_number></absolute_number>
  <filename>episodes/82824/626881.jpg</filename>
  <lastupdated>1320026510</lastupdated>
  <seasonid>34612</seasonid>
  <seriesid>82824</seriesid>
</Episode>
<Episode>
  <id>626891</id>
  <Combined_episodenumber>18</Combined_episodenumber>
  <Combined_season>1</Combined_season>
  <DVD_chapter></DVD_chapter>
  <DVD_discid></DVD_discid>
  <DVD_episodenumber></DVD_episodenumber>
  <DVD_season></DVD_season>
  <Director>Michael Chang</Director>
  <EpImgFlag>2</EpImgFlag>
  <EpisodeName>The Color of Revenge!</EpisodeName>
  <EpisodeNumber>18</EpisodeNumber>
  <FirstAired>2009-05-22</FirstAired>
  <GuestStars></GuestStars>
  <IMDB_ID></IMDB_ID>
  <Language>en</Language>
  <Overview>Batman and Robin team up again, but it's not like it always was -- there was a reason Robin left to go work on his own. As Crazy Quilt comes after Robin for revenge, all the dirty laundry comes out between the dynamic duo!</Overview>
  <ProductionCode></ProductionCode>
  <Rating>8.2</Rating>
  <RatingCount>5</RatingCount>
  <SeasonNumber>1</SeasonNumber>
  <Writer>Todd Casey</Writer>
  <absolute_number></absolute_number>
  <filename>episodes/82824/626891.jpg</filename>
  <lastupdated>1300802190</lastupdated>
  <seasonid>34612</seasonid>
  <seriesid>82824</seriesid>
</Episode>
<Episode>
  <id>626901</id>
  <Combined_episodenumber>19</Combined_episodenumber>
  <Combined_season>1</Combined_season>
  <DVD_chapter></DVD_chapter>
  <DVD_discid></DVD_discid>
  <DVD_episodenumber></DVD_episodenumber>
  <DVD_season></DVD_season>
  <Director>Ben Jones</Director>
  <EpImgFlag>2</EpImgFlag>
  <EpisodeName>Legends of the Dark Mite!</EpisodeName>
  <EpisodeNumber>19</EpisodeNumber>
  <FirstAired>2009-05-29</FirstAired>
  <GuestStars></GuestStars>
  <IMDB_ID></IMDB_ID>
  <Language>en</Language>
  <Overview>Batman's biggest fan, BatMite, is also his biggest nightmare when the 5th dimensional imp pops up and in an effort to make Batman a better hero, throws Gotham City into chaos. Kidnapping the Dark Knight and traveling to the surreal 5th dimension, the adventure continues with references to many of the classic villains.</Overview>
  <ProductionCode></ProductionCode>
  <Rating>7.0</Rating>
  <RatingCount>3</RatingCount>
  <SeasonNumber>1</SeasonNumber>
  <Writer>Paul Dini</Writer>
  <absolute_number></absolute_number>
  <filename>episodes/82824/626901.jpg</filename>
  <lastupdated>1300802373</lastupdated>
  <seasonid>34612</seasonid>
  <seriesid>82824</seriesid>
</Episode>
<Episode>
  <id>726471</id>
  <Combined_episodenumber>20</Combined_episodenumber>
  <Combined_season>1</Combined_season>
  <DVD_chapter></DVD_chapter>
  <DVD_discid></DVD_discid>
  <DVD_episodenumber></DVD_episodenumber>
  <DVD_season></DVD_season>
  <Director>Brandon Vietti</Director>
  <EpImgFlag>2</EpImgFlag>
  <EpisodeName>Hail the Tornado Tyrant!</EpisodeName>
  <EpisodeNumber>20</EpisodeNumber>
  <FirstAired>2009-06-05</FirstAired>
  <GuestStars></GuestStars>
  <IMDB_ID></IMDB_ID>
  <Language>en</Language>
  <Overview>Red Tornado decides to create a &quot;son,&quot; but a villain's attack transform his newborn into a villain calling itself the Tornado Tyrant! But before assisting the android hero, Batman must first team up with Green Arrow to battle the Joker and Catwoman.</Overview>
  <ProductionCode></ProductionCode>
  <Rating>6.3</Rating>
  <RatingCount>3</RatingCount>
  <SeasonNumber>1</SeasonNumber>
  <Writer>J.M. DeMatteis</Writer>
  <absolute_number></absolute_number>
  <filename>episodes/82824/726471.jpg</filename>
  <lastupdated>1320026621</lastupdated>
  <seasonid>34612</seasonid>
  <seriesid>82824</seriesid>
</Episode>
<Episode>
  <id>748071</id>
  <Combined_episodenumber>21</Combined_episodenumber>
  <Combined_season>1</Combined_season>
  <DVD_chapter></DVD_chapter>
  <DVD_discid></DVD_discid>
  <DVD_episodenumber></DVD_episodenumber>
  <DVD_season></DVD_season>
  <Director>Michael Chang</Director>
  <EpImgFlag>1</EpImgFlag>
  <EpisodeName>Duel of the Double Crossers!</EpisodeName>
  <EpisodeNumber>21</EpisodeNumber>
  <FirstAired>2009-06-12</FirstAired>
  <GuestStars></GuestStars>
  <IMDB_ID></IMDB_ID>
  <Language>en</Language>
  <Overview>When Mongul recruits Jonah Hex to bring new gladiators to War World, the Old West bounty hunter wrangles the Dark Knight. After a change of heart, Hex and Batman team up to take down the violent empire.</Overview>
  <ProductionCode></ProductionCode>
  <Rating>7.0</Rating>
  <RatingCount>2</RatingCount>
  <SeasonNumber>1</SeasonNumber>
  <Writer>Todd Casey</Writer>
  <absolute_number></absolute_number>
  <filename>episodes/82824/748071.jpg</filename>
  <lastupdated>1300802398</lastupdated>
  <seasonid>34612</seasonid>
  <seriesid>82824</seriesid>
</Episode>
<Episode>
  <id>748081</id>
  <Combined_episodenumber>22</Combined_episodenumber>
  <Combined_season>1</Combined_season>
  <DVD_chapter></DVD_chapter>
  <DVD_discid></DVD_discid>
  <DVD_episodenumber></DVD_episodenumber>
  <DVD_season></DVD_season>
  <Director>Ben Jones</Director>
  <EpImgFlag>1</EpImgFlag>
  <EpisodeName>The Last Bat on Earth!</EpisodeName>
  <EpisodeNumber>22</EpisodeNumber>
  <FirstAired>2009-06-19</FirstAired>
  <GuestStars></GuestStars>
  <IMDB_ID></IMDB_ID>
  <Language>en</Language>
  <Overview>Gorilla Grodd travels to the future where intelligent animals rule humans -- Batman follows him and teams with Kamandi (the Last Boy on Earth) to bring him down.</Overview>
  <ProductionCode></ProductionCode>
  <Rating>7.8</Rating>
  <RatingCount>4</RatingCount>
  <SeasonNumber>1</SeasonNumber>
  <Writer>Steven Melching</Writer>
  <absolute_number></absolute_number>
  <filename>episodes/82824/748081.jpg</filename>
  <lastupdated>1300802426</lastupdated>
  <seasonid>34612</seasonid>
  <seriesid>82824</seriesid>
</Episode>
<Episode>
  <id>748091</id>
  <Combined_episodenumber>23</Combined_episodenumber>
  <Combined_season>1</Combined_season>
  <DVD_chapter></DVD_chapter>
  <DVD_discid></DVD_discid>
  <DVD_episodenumber></DVD_episodenumber>
  <DVD_season></DVD_season>
  <Director>Brandon Vietti</Director>
  <EpImgFlag>1</EpImgFlag>
  <EpisodeName>When OMAC Attacks!</EpisodeName>
  <EpisodeNumber>23</EpisodeNumber>
  <FirstAired>2009-06-26</FirstAired>
  <GuestStars></GuestStars>
  <IMDB_ID></IMDB_ID>
  <Language>en</Language>
  <Overview>The all-American fighting machine OMAC is pitted against the equally destructive Shrapnel in a chaotic fight to the finish, but the architect behind the battle is the mysterious, balance-obsessed villain Libra.</Overview>
  <ProductionCode></ProductionCode>
  <Rating>5.7</Rating>
  <RatingCount>3</RatingCount>
  <SeasonNumber>1</SeasonNumber>
  <Writer>Stan Berkowitz</Writer>
  <absolute_number></absolute_number>
  <filename>episodes/82824/748091.jpg</filename>
  <lastupdated>1300802492</lastupdated>
  <seasonid>34612</seasonid>
  <seriesid>82824</seriesid>
</Episode>
<Episode>
  <id>748111</id>
  <Combined_episodenumber>24</Combined_episodenumber>
  <Combined_season>1</Combined_season>
  <DVD_chapter></DVD_chapter>
  <DVD_discid></DVD_discid>
  <DVD_episodenumber></DVD_episodenumber>
  <DVD_season></DVD_season>
  <Director>Michael Jelenic</Director>
  <EpImgFlag>1</EpImgFlag>
  <EpisodeName>Mayhem of the Music Meister!</EpisodeName>
  <EpisodeNumber>24</EpisodeNumber>
  <FirstAired>2009-10-23</FirstAired>
  <GuestStars>Neil Patrick Harris</GuestStars>
  <IMDB_ID>tt1447251</IMDB_ID>
  <Language>en</Language>
  <Overview>The Music Meister causes mayhem so Batman and Canary will have to stop him. </Overview>
  <ProductionCode></ProductionCode>
  <Rating>7.6</Rating>
  <RatingCount>5</RatingCount>
  <SeasonNumber>1</SeasonNumber>
  <Writer>Michael Jelenic</Writer>
  <absolute_number></absolute_number>
  <filename>episodes/82824/748111.jpg</filename>
  <lastupdated>1300802576</lastupdated>
  <seasonid>34612</seasonid>
  <seriesid>82824</seriesid>
</Episode>
<Episode>
  <id>748101</id>
  <Combined_episodenumber>25</Combined_episodenumber>
  <Combined_season>1</Combined_season>
  <DVD_chapter></DVD_chapter>
  <DVD_discid></DVD_discid>
  <DVD_episodenumber></DVD_episodenumber>
  <DVD_season></DVD_season>
  <Director>Brandon Vietti</Director>
  <EpImgFlag>1</EpImgFlag>
  <EpisodeName>Inside the Outsiders!</EpisodeName>
  <EpisodeNumber>25</EpisodeNumber>
  <FirstAired>2009-11-06</FirstAired>
  <GuestStars></GuestStars>
  <IMDB_ID></IMDB_ID>
  <Language>en</Language>
  <Overview>Granny Goodness and Darksied want revenge on slugs death on the outsiders by conquering earth. </Overview>
  <ProductionCode></ProductionCode>
  <Rating>7.3</Rating>
  <RatingCount>4</RatingCount>
  <SeasonNumber>1</SeasonNumber>
  <Writer>Alexx Van Dyne</Writer>
  <absolute_number></absolute_number>
  <filename>episodes/82824/748101.jpg</filename>
  <lastupdated>1300802629</lastupdated>
  <seasonid>34612</seasonid>
  <seriesid>82824</seriesid>
</Episode>
<Episode>
  <id>748121</id>
  <Combined_episodenumber>26</Combined_episodenumber>
  <Combined_season>1</Combined_season>
  <DVD_chapter></DVD_chapter>
  <DVD_discid></DVD_discid>
  <DVD_episodenumber></DVD_episodenumber>
  <DVD_season></DVD_season>
  <Director>Michael Chang</Director>
  <EpImgFlag>1</EpImgFlag>
  <EpisodeName>The Fate of Equinox!</EpisodeName>
  <EpisodeNumber>26</EpisodeNumber>
  <FirstAired>2009-11-13</FirstAired>
  <GuestStars></GuestStars>
  <IMDB_ID></IMDB_ID>
  <Language>en</Language>
  <Overview>Batman has his final battle with the balance-obsessed villain Equinox as the maniac tried to remake the universe in his own image.</Overview>
  <ProductionCode></ProductionCode>
  <Rating>8.0</Rating>
  <RatingCount>3</RatingCount>
  <SeasonNumber>1</SeasonNumber>
  <Writer>Joseph Kuhr</Writer>
  <absolute_number></absolute_number>
  <filename>episodes/82824/748121.jpg</filename>
  <lastupdated>1300802659</lastupdated>
  <seasonid>34612</seasonid>
  <seriesid>82824</seriesid>
</Episode>
<Episode>
  <id>1314941</id>
  <Combined_episodenumber>1</Combined_episodenumber>
  <Combined_season>2</Combined_season>
  <DVD_chapter></DVD_chapter>
  <DVD_discid></DVD_discid>
  <DVD_episodenumber></DVD_episodenumber>
  <DVD_season></DVD_season>
  <Director>Greg Weisman</Director>
  <EpImgFlag>2</EpImgFlag>
  <EpisodeName>Death Race to Oblivion!</EpisodeName>
  <EpisodeNumber>1</EpisodeNumber>
  <FirstAired>2009-11-20</FirstAired>
  <GuestStars></GuestStars>
  <IMDB_ID></IMDB_ID>
  <Language>en</Language>
  <Overview>Mongul forces heroes (Batman, Green Arrow, Guy Gardner, Huntress, Plastic Man and Woozy Winks) and villains (Black Manta, Catwoman, Gentleman Ghost, Joker, and Steppenwolf) alike to race for Earth's survival.</Overview>
  <ProductionCode></ProductionCode>
  <Rating>7.1</Rating>
  <RatingCount>8</RatingCount>
  <SeasonNumber>2</SeasonNumber>
  <Writer>Greg Weisman</Writer>
  <absolute_number></absolute_number>
  <filename>episodes/82824/1314941.jpg</filename>
  <lastupdated>1261396261</lastupdated>
  <seasonid>147421</seasonid>
  <seriesid>82824</seriesid>
</Episode>
<Episode>
  <id>1404631</id>
  <Combined_episodenumber>2</Combined_episodenumber>
  <Combined_season>2</Combined_season>
  <DVD_chapter></DVD_chapter>
  <DVD_discid></DVD_discid>
  <DVD_episodenumber></DVD_episodenumber>
  <DVD_season></DVD_season>
  <Director>Ben Jones</Director>
  <EpImgFlag>2</EpImgFlag>
  <EpisodeName>Long Arm of the Law!</EpisodeName>
  <EpisodeNumber>2</EpisodeNumber>
  <FirstAired>2009-12-11</FirstAired>
  <GuestStars></GuestStars>
  <IMDB_ID></IMDB_ID>
  <Language>en</Language>
  <Overview>After helping Batman save some Camp Scouts, Plastic Man asks for his ally's help when two villains, Rubberneck and Kite Man, seek revenge on Plaz by going after his loved ones.</Overview>
  <ProductionCode></ProductionCode>
  <Rating>7.6</Rating>
  <RatingCount>10</RatingCount>
  <SeasonNumber>2</SeasonNumber>
  <Writer>James Krieg</Writer>
  <absolute_number></absolute_number>
  <filename>episodes/82824/1404631.jpg</filename>
  <lastupdated>1266135219</lastupdated>
  <seasonid>147421</seasonid>
  <seriesid>82824</seriesid>
</Episode>
<Episode>
  <id>1427681</id>
  <Combined_episodenumber>3</Combined_episodenumber>
  <Combined_season>2</Combined_season>
  <DVD_chapter></DVD_chapter>
  <DVD_discid></DVD_discid>
  <DVD_episodenumber></DVD_episodenumber>
  <DVD_season></DVD_season>
  <Director>Michael Chang</Director>
  <EpImgFlag>2</EpImgFlag>
  <EpisodeName>Revenge of the Reach!</EpisodeName>
  <EpisodeNumber>3</EpisodeNumber>
  <FirstAired>2010-01-02</FirstAired>
  <GuestStars></GuestStars>
  <IMDB_ID></IMDB_ID>
  <Language>en</Language>
  <Overview>The Reach, a race of alien invaders, have a connection to the Blue Beetle's scarab, that may prove the key to the hero, Batman, and the Green Lantern Corps defeating them.</Overview>
  <ProductionCode></ProductionCode>
  <Rating>7.3</Rating>
  <RatingCount>9</RatingCount>
  <SeasonNumber>2</SeasonNumber>
  <Writer>J.M. DeMatteis</Writer>
  <absolute_number></absolute_number>
  <filename>episodes/82824/1427681.jpg</filename>
  <lastupdated>1265072999</lastupdated>
  <seasonid>147421</seasonid>
  <seriesid>82824</seriesid>
</Episode>
<Episode>
  <id>1478071</id>
  <Combined_episodenumber>4</Combined_episodenumber>
  <Combined_season>2</Combined_season>
  <DVD_chapter></DVD_chapter>
  <DVD_discid></DVD_discid>
  <DVD_episodenumber></DVD_episodenumber>
  <DVD_season></DVD_season>
  <Director>Ben Jones</Director>
  <EpImgFlag>2</EpImgFlag>
  <EpisodeName>Aquaman's Outrageous Adventure!</EpisodeName>
  <EpisodeNumber>4</EpisodeNumber>
  <FirstAired>2010-01-08</FirstAired>
  <GuestStars></GuestStars>
  <IMDB_ID></IMDB_ID>
  <Language>en</Language>
  <Overview>Aquaman inadvertently finds trouble while going on vacation with his son and wife, and is forced to rescue Batman from the Penguin. </Overview>
  <ProductionCode></ProductionCode>
  <Rating>7.3</Rating>
  <RatingCount>8</RatingCount>
  <SeasonNumber>2</SeasonNumber>
  <Writer>Steven Melching</Writer>
  <absolute_number></absolute_number>
  <filename>episodes/82824/1478071.jpg</filename>
  <lastupdated>1266135349</lastupdated>
  <seasonid>147421</seasonid>
  <seriesid>82824</seriesid>
</Episode>
<Episode>
  <id>1478081</id>
  <Combined_episodenumber>5</Combined_episodenumber>
  <Combined_season>2</Combined_season>
  <DVD_chapter></DVD_chapter>
  <DVD_discid></DVD_discid>
  <DVD_episodenumber></DVD_episodenumber>
  <DVD_season></DVD_season>
  <Director>Michael Chang</Director>
  <EpImgFlag>2</EpImgFlag>
  <EpisodeName>The Golden Age of Justice!</EpisodeName>
  <EpisodeNumber>5</EpisodeNumber>
  <FirstAired>2010-01-15</FirstAired>
  <GuestStars></GuestStars>
  <IMDB_ID></IMDB_ID>
  <Language>en</Language>
  <Overview>Batman's mentors, the Justice Society of America, come to him for help when their old foe, Per Degaton, strikes.</Overview>
  <ProductionCode></ProductionCode>
  <Rating>8.1</Rating>
  <RatingCount>8</RatingCount>
  <SeasonNumber>2</SeasonNumber>
  <Writer>Todd Casey</Writer>
  <absolute_number></absolute_number>
  <filename>episodes/82824/1478081.jpg</filename>
  <lastupdated>1265072944</lastupdated>
  <seasonid>147421</seasonid>
  <seriesid>82824</seriesid>
</Episode>
<Episode>
  <id>1478091</id>
  <Combined_episodenumber>6</Combined_episodenumber>
  <Combined_season>2</Combined_season>
  <DVD_chapter></DVD_chapter>
  <DVD_discid></DVD_discid>
  <DVD_episodenumber></DVD_episodenumber>
  <DVD_season></DVD_season>
  <Director>Michael Chang</Director>
  <EpImgFlag>1</EpImgFlag>
  <EpisodeName>Sidekicks Assemble!</EpisodeName>
  <EpisodeNumber>6</EpisodeNumber>
  <FirstAired>2010-01-22</FirstAired>
  <GuestStars></GuestStars>
  <IMDB_ID></IMDB_ID>
  <Language>en</Language>
  <Overview>Aqualad, Speedy, and Robin decide to team up for their own adventure, and battle Batman's archnemesis Ra's Al Ghul.</Overview>
  <ProductionCode></ProductionCode>
  <Rating>8.6</Rating>
  <RatingCount>9</RatingCount>
  <SeasonNumber>2</SeasonNumber>
  <Writer>Marsha F. Griffin</Writer>
  <absolute_number></absolute_number>
  <filename>episodes/82824/1478091.jpg</filename>
  <lastupdated>1264277963</lastupdated>
  <seasonid>147421</seasonid>
  <seriesid>82824</seriesid>
</Episode>
<Episode>
  <id>1478101</id>
  <Combined_episodenumber>7</Combined_episodenumber>
  <Combined_season>2</Combined_season>
  <DVD_chapter></DVD_chapter>
  <DVD_discid></DVD_discid>
  <DVD_episodenumber></DVD_episodenumber>
  <DVD_season></DVD_season>
  <Director>Michael Goguen</Director>
  <EpImgFlag>2</EpImgFlag>
  <EpisodeName>Clash of the Metal Men!</EpisodeName>
  <EpisodeNumber>7</EpisodeNumber>
  <FirstAired>2010-01-29</FirstAired>
  <GuestStars></GuestStars>
  <IMDB_ID></IMDB_ID>
  <Language>en</Language>
  <Overview>The team of element-based robots known as the Metal Men turn to Batman for help when the Gas Gang abduct their creator, Dr. Magnus.</Overview>
  <ProductionCode></ProductionCode>
  <Rating>7.5</Rating>
  <RatingCount>6</RatingCount>
  <SeasonNumber>2</SeasonNumber>
  <Writer>Dean Stephan</Writer>
  <absolute_number></absolute_number>
  <filename>episodes/82824/1478101.jpg</filename>
  <lastupdated>1265072904</lastupdated>
  <seasonid>147421</seasonid>
  <seriesid>82824</seriesid>
</Episode>
<Episode>
  <id>1654811</id>
  <Combined_episodenumber>8</Combined_episodenumber>
  <Combined_season>2</Combined_season>
  <DVD_chapter></DVD_chapter>
  <DVD_discid></DVD_discid>
  <DVD_episodenumber></DVD_episodenumber>
  <DVD_season></DVD_season>
  <Director>Ben Jones</Director>
  <EpImgFlag>2</EpImgFlag>
  <EpisodeName>A Bat Divided!</EpisodeName>
  <EpisodeNumber>8</EpisodeNumber>
  <FirstAired>2010-02-05</FirstAired>
  <GuestStars></GuestStars>
  <IMDB_ID></IMDB_ID>
  <Language>en</Language>
  <Overview>Batman is unwittingly besides himself when a lab explosion splits him into three separate Caped Crusaders, each unaware of the others. Meanwhile, the same explosion gives birth to a new hero: Firestorm, the Nuclear Man!</Overview>
  <ProductionCode></ProductionCode>
  <Rating>7.9</Rating>
  <RatingCount>7</RatingCount>
  <SeasonNumber>2</SeasonNumber>
  <Writer>Thomas Pugsley</Writer>
  <absolute_number></absolute_number>
  <filename>episodes/82824/1654811.jpg</filename>
  <lastupdated>1265586714</lastupdated>
  <seasonid>147421</seasonid>
  <seriesid>82824</seriesid>
</Episode>
<Episode>
  <id>1654821</id>
  <Combined_episodenumber>9</Combined_episodenumber>
  <Combined_season>2</Combined_season>
  <DVD_chapter></DVD_chapter>
  <DVD_discid></DVD_discid>
  <DVD_episodenumber></DVD_episodenumber>
  <DVD_season></DVD_season>
  <Director>Michael Goguen</Director>
  <EpImgFlag>2</EpImgFlag>
  <EpisodeName>The Super-Batman of Planet X!</EpisodeName>
  <EpisodeNumber>9</EpisodeNumber>
  <FirstAired>2010-02-12</FirstAired>
  <GuestStars></GuestStars>
  <IMDB_ID></IMDB_ID>
  <Language>en</Language>
  <Overview>Batman travels to a distant planet to aid the Batman-like hero of that planet, and discovers that he has super-powers... and a super-weakness.</Overview>
  <ProductionCode></ProductionCode>
  <Rating>7.3</Rating>
  <RatingCount>4</RatingCount>
  <SeasonNumber>2</SeasonNumber>
  <Writer>Adam Beechen</Writer>
  <absolute_number></absolute_number>
  <filename>episodes/82824/1654821.jpg</filename>
  <lastupdated>1269995273</lastupdated>
  <seasonid>147421</seasonid>
  <seriesid>82824</seriesid>
</Episode>
<Episode>
  <id>1654831</id>
  <Combined_episodenumber>10</Combined_episodenumber>
  <Combined_season>2</Combined_season>
  <DVD_chapter></DVD_chapter>
  <DVD_discid></DVD_discid>
  <DVD_episodenumber></DVD_episodenumber>
  <DVD_season></DVD_season>
  <Director>Ben Jones</Director>
  <EpImgFlag>2</EpImgFlag>
  <EpisodeName>The Power of Shazam!</EpisodeName>
  <EpisodeNumber>10</EpisodeNumber>
  <FirstAired>2010-02-19</FirstAired>
  <GuestStars></GuestStars>
  <IMDB_ID></IMDB_ID>
  <Language>en</Language>
  <Overview>Captain Marvel's arch-enemies Black Adam and Dr. Sivana unite to strip the World's Mightiest Mortal of his powers, and Batman must aid the hero before it's too late.</Overview>
  <ProductionCode></ProductionCode>
  <Rating>7.8</Rating>
  <RatingCount>5</RatingCount>
  <SeasonNumber>2</SeasonNumber>
  <Writer>Steven Melching</Writer>
  <absolute_number></absolute_number>
  <filename>episodes/82824/1654831.jpg</filename>
  <lastupdated>1269995304</lastupdated>
  <seasonid>147421</seasonid>
  <seriesid>82824</seriesid>
</Episode>
<Episode>
  <id>1654841</id>
  <Combined_episodenumber>11</Combined_episodenumber>
  <Combined_season>2</Combined_season>
  <DVD_chapter></DVD_chapter>
  <DVD_discid></DVD_discid>
  <DVD_episodenumber></DVD_episodenumber>
  <DVD_season></DVD_season>
  <Director>Michael Chang</Director>
  <EpImgFlag>2</EpImgFlag>
  <EpisodeName>Chill of the Night!</EpisodeName>
  <EpisodeNumber>11</EpisodeNumber>
  <FirstAired>2010-02-26</FirstAired>
  <GuestStars></GuestStars>
  <IMDB_ID></IMDB_ID>
  <Language>en</Language>
  <Overview>While the Phantom Stranger and the Spectre observe his efforts, Batman attempts to solve the ultimately mystery: who murdered his father.</Overview>
  <ProductionCode></ProductionCode>
  <Rating>8.4</Rating>
  <RatingCount>5</RatingCount>
  <SeasonNumber>2</SeasonNumber>
  <Writer>Paul Dini</Writer>
  <absolute_number></absolute_number>
  <filename>episodes/82824/1654841.jpg</filename>
  <lastupdated>1269995347</lastupdated>
  <seasonid>147421</seasonid>
  <seriesid>82824</seriesid>
</Episode>
<Episode>
  <id>1960671</id>
  <Combined_episodenumber>12</Combined_episodenumber>
  <Combined_season>2</Combined_season>
  <DVD_chapter></DVD_chapter>
  <DVD_discid></DVD_discid>
  <DVD_episodenumber></DVD_episodenumber>
  <DVD_season></DVD_season>
  <Director>Michael Goguen</Director>
  <EpImgFlag>2</EpImgFlag>
  <EpisodeName>Gorillas in Our Midst!</EpisodeName>
  <EpisodeNumber>12</EpisodeNumber>
  <FirstAired>2010-04-16</FirstAired>
  <GuestStars></GuestStars>
  <IMDB_ID></IMDB_ID>
  <Language>en</Language>
  <Overview>When Gorilla Grodd and his super secret ape alliance replace all of Gotham City's entire human population with gorillas, Batman teams with Detective Chimp, B'wana Beast and Vixen to thwart Gorilla Grodd's plans. </Overview>
  <ProductionCode></ProductionCode>
  <Rating>7.0</Rating>
  <RatingCount>2</RatingCount>
  <SeasonNumber>2</SeasonNumber>
  <Writer>Todd Casey</Writer>
  <absolute_number></absolute_number>
  <filename>episodes/82824/1960671.jpg</filename>
  <lastupdated>1299367663</lastupdated>
  <seasonid>147421</seasonid>
  <seriesid>82824</seriesid>
</Episode>
<Episode>
  <id>2374241</id>
  <Combined_episodenumber>13</Combined_episodenumber>
  <Combined_season>2</Combined_season>
  <DVD_chapter></DVD_chapter>
  <DVD_discid></DVD_discid>
  <DVD_episodenumber></DVD_episodenumber>
  <DVD_season></DVD_season>
  <Director>Ben Jones</Director>
  <EpImgFlag>2</EpImgFlag>
  <EpisodeName>The Siege of Starro! (Part One)</EpisodeName>
  <EpisodeNumber>13</EpisodeNumber>
  <FirstAired>2010-09-17</FirstAired>
  <GuestStars></GuestStars>
  <IMDB_ID></IMDB_ID>
  <Language>en</Language>
  <Overview>Batman and Booster Gold team up with Firestorm, B'wana Beast and Captain Marvel to battle the Faceless Hunter and thwart the invasion of Starro.</Overview>
  <ProductionCode></ProductionCode>
  <Rating>7.2</Rating>
  <RatingCount>6</RatingCount>
  <SeasonNumber>2</SeasonNumber>
  <Writer>Joseph Kuhr</Writer>
  <absolute_number></absolute_number>
  <filename>episodes/82824/2374241.jpg</filename>
  <lastupdated>1299365817</lastupdated>
  <seasonid>147421</seasonid>
  <seriesid>82824</seriesid>
</Episode>
<Episode>
  <id>2563301</id>
  <Combined_episodenumber>14</Combined_episodenumber>
  <Combined_season>2</Combined_season>
  <DVD_chapter></DVD_chapter>
  <DVD_discid></DVD_discid>
  <DVD_episodenumber></DVD_episodenumber>
  <DVD_season></DVD_season>
  <Director>Michael Goguen</Director>
  <EpImgFlag>2</EpImgFlag>
  <EpisodeName>The Siege of Starro! (Part Two)</EpisodeName>
  <EpisodeNumber>14</EpisodeNumber>
  <FirstAired>2010-09-24</FirstAired>
  <GuestStars></GuestStars>
  <IMDB_ID></IMDB_ID>
  <Language>en</Language>
  <Overview>Star Conqueror may be defeated, but Faceless Hunter is not! The alien warrior manipulates B'Wana Beast, forcing him to combine the tiny Starros into one massive beast he plans to use to destroy the planet! But Batman has his own back-up -- the Metal Men!</Overview>
  <ProductionCode></ProductionCode>
  <Rating>8.0</Rating>
  <RatingCount>3</RatingCount>
  <SeasonNumber>2</SeasonNumber>
  <Writer>Joseph Kuhr</Writer>
  <absolute_number></absolute_number>
  <filename>episodes/82824/2563301.jpg</filename>
  <lastupdated>1299365829</lastupdated>
  <seasonid>147421</seasonid>
  <seriesid>82824</seriesid>
</Episode>
<Episode>
  <id>2288311</id>
  <Combined_episodenumber>15</Combined_episodenumber>
  <Combined_season>2</Combined_season>
  <DVD_chapter></DVD_chapter>
  <DVD_discid></DVD_discid>
  <DVD_episodenumber></DVD_episodenumber>
  <DVD_season></DVD_season>
  <Director>Michael Chang</Director>
  <EpImgFlag>2</EpImgFlag>
  <EpisodeName>Requiem for a Scarlet Speedster</EpisodeName>
  <EpisodeNumber>15</EpisodeNumber>
  <FirstAired>2010-10-01</FirstAired>
  <GuestStars></GuestStars>
  <IMDB_ID></IMDB_ID>
  <Language>en</Language>
  <Overview>Two years ago, Barry Allen and Batman worked together to save themselves from villains like Gorilla Grodd, Captain Boomerang, and Mirror Master. Two years later, the Rogues (consisting of Heat Wave, Weather Wizard and Captain Cold), Jay Garrick and Kid Flash are depressed over Barry Allen's apparent death. However, after seeing the mysterious ghost of Barry Allen, Batman and the two Flashes use the help of the Cosmic treadmill to travel to the 25th century, where Professor Zoom has taken over as the conqueror. </Overview>
  <ProductionCode></ProductionCode>
  <Rating>7.8</Rating>
  <RatingCount>5</RatingCount>
  <SeasonNumber>2</SeasonNumber>
  <Writer>Greg Weisman</Writer>
  <absolute_number></absolute_number>
  <filename>episodes/82824/2288311.jpg</filename>
  <lastupdated>1285908560</lastupdated>
  <seasonid>147421</seasonid>
  <seriesid>82824</seriesid>
</Episode>
<Episode>
  <id>2798611</id>
  <Combined_episodenumber>16</Combined_episodenumber>
  <Combined_season>2</Combined_season>
  <DVD_chapter></DVD_chapter>
  <DVD_discid></DVD_discid>
  <DVD_episodenumber></DVD_episodenumber>
  <DVD_season></DVD_season>
  <Director>Ben Jones</Director>
  <EpImgFlag>2</EpImgFlag>
  <EpisodeName>The Last Patrol!</EpisodeName>
  <EpisodeNumber>16</EpisodeNumber>
  <FirstAired>2010-10-08</FirstAired>
  <GuestStars></GuestStars>
  <IMDB_ID></IMDB_ID>
  <Language>en</Language>
  <Overview>The Doom Patrol comes out of retirement when a group of villains tries to assassinate them...or perhaps bring them together? </Overview>
  <ProductionCode></ProductionCode>
  <Rating>7.4</Rating>
  <RatingCount>7</RatingCount>
  <SeasonNumber>2</SeasonNumber>
  <Writer>J.M. DeMatteis</Writer>
  <absolute_number></absolute_number>
  <filename>episodes/82824/2798611.jpg</filename>
  <lastupdated>1291457989</lastupdated>
  <seasonid>147421</seasonid>
  <seriesid>82824</seriesid>
</Episode>
<Episode>
  <id>2898321</id>
  <Combined_episodenumber>17</Combined_episodenumber>
  <Combined_season>2</Combined_season>
  <DVD_chapter></DVD_chapter>
  <DVD_discid></DVD_discid>
  <DVD_episodenumber></DVD_episodenumber>
  <DVD_season></DVD_season>
  <Director>Michael Goguen</Director>
  <EpImgFlag>2</EpImgFlag>
  <EpisodeName>Menace of the Madniks!</EpisodeName>
  <EpisodeNumber>17</EpisodeNumber>
  <FirstAired>2010-10-15</FirstAired>
  <GuestStars></GuestStars>
  <IMDB_ID></IMDB_ID>
  <Language>en</Language>
  <Overview>Booster Gold travels back in time to hang out with his old friend, the second Blue Beetle. His time traveling changes the present. Batman and Booster Gold must fix the timeline.</Overview>
  <ProductionCode>218</ProductionCode>
  <Rating>7.2</Rating>
  <RatingCount>5</RatingCount>
  <SeasonNumber>2</SeasonNumber>
  <Writer>James Krieg</Writer>
  <absolute_number></absolute_number>
  <filename>episodes/82824/2898321.jpg</filename>
  <lastupdated>1299054120</lastupdated>
  <seasonid>147421</seasonid>
  <seriesid>82824</seriesid>
</Episode>
<Episode>
  <id>2898331</id>
  <Combined_episodenumber>18</Combined_episodenumber>
  <Combined_season>2</Combined_season>
  <DVD_chapter></DVD_chapter>
  <DVD_discid></DVD_discid>
  <DVD_episodenumber></DVD_episodenumber>
  <DVD_season></DVD_season>
  <Director>Ben Jones</Director>
  <EpImgFlag>2</EpImgFlag>
  <EpisodeName>Emperor Joker!</EpisodeName>
  <EpisodeNumber>18</EpisodeNumber>
  <FirstAired>2010-10-22</FirstAired>
  <GuestStars></GuestStars>
  <IMDB_ID></IMDB_ID>
  <Language>en</Language>
  <Overview>The Joker steals Bat-Mite's powers and uses them to remake the world in his own image.</Overview>
  <ProductionCode>219</ProductionCode>
  <Rating>8.0</Rating>
  <RatingCount>6</RatingCount>
  <SeasonNumber>2</SeasonNumber>
  <Writer>Steven Melching</Writer>
  <absolute_number></absolute_number>
  <filename>episodes/82824/2898331.jpg</filename>
  <lastupdated>1299054118</lastupdated>
  <seasonid>147421</seasonid>
  <seriesid>82824</seriesid>
</Episode>
<Episode>
  <id>3035001</id>
  <Combined_episodenumber>19</Combined_episodenumber>
  <Combined_season>2</Combined_season>
  <DVD_chapter></DVD_chapter>
  <DVD_discid></DVD_discid>
  <DVD_episodenumber></DVD_episodenumber>
  <DVD_season></DVD_season>
  <Director>Michael Goguen</Director>
  <EpImgFlag>2</EpImgFlag>
  <EpisodeName>The Criss Cross Conspiracy!</EpisodeName>
  <EpisodeNumber>19</EpisodeNumber>
  <FirstAired>2010-10-29</FirstAired>
  <GuestStars></GuestStars>
  <IMDB_ID></IMDB_ID>
  <Language>en</Language>
  <Overview>The long-retired Batwoman sees an opportunity for revenge against the villain who humiliated her: The Riddler. In order to get back at him, she hires the sorcerer Felix Faust to swap her body with Batman's.</Overview>
  <ProductionCode>221</ProductionCode>
  <Rating>7.3</Rating>
  <RatingCount>7</RatingCount>
  <SeasonNumber>2</SeasonNumber>
  <Writer>Marsha Griffin</Writer>
  <absolute_number></absolute_number>
  <filename>episodes/82824/3035001.jpg</filename>
  <lastupdated>1299054133</lastupdated>
  <seasonid>147421</seasonid>
  <seriesid>82824</seriesid>
</Episode>
<Episode>
  <id>3103271</id>
  <Combined_episodenumber>20</Combined_episodenumber>
  <Combined_season>2</Combined_season>
  <DVD_chapter></DVD_chapter>
  <DVD_discid></DVD_discid>
  <DVD_episodenumber></DVD_episodenumber>
  <DVD_season></DVD_season>
  <Director>Michael Goguen</Director>
  <EpImgFlag>2</EpImgFlag>
  <EpisodeName>The Plague of the Prototypes!</EpisodeName>
  <EpisodeNumber>20</EpisodeNumber>
  <FirstAired>2010-11-05</FirstAired>
  <GuestStars></GuestStars>
  <IMDB_ID></IMDB_ID>
  <Language>en</Language>
  <Overview>When Batman is on call, Gotham is kept safe by his squad of trusty Bat-Robots, but when Black Mask reprograms the unstoppable soldiers to do his bidding, Batman must blow the dust off his bumbling beta-test robot &quot;Proto&quot; to help him stop him.</Overview>
  <ProductionCode></ProductionCode>
  <Rating>7.0</Rating>
  <RatingCount>7</RatingCount>
  <SeasonNumber>2</SeasonNumber>
  <Writer>Dean Stephan</Writer>
  <absolute_number></absolute_number>
  <filename>episodes/82824/3103271.jpg</filename>
  <lastupdated>1299054127</lastupdated>
  <seasonid>147421</seasonid>
  <seriesid>82824</seriesid>
</Episode>
<Episode>
  <id>3103281</id>
  <Combined_episodenumber>21</Combined_episodenumber>
  <Combined_season>2</Combined_season>
  <DVD_chapter></DVD_chapter>
  <DVD_discid></DVD_discid>
  <DVD_episodenumber></DVD_episodenumber>
  <DVD_season></DVD_season>
  <Director>Ben Jones</Director>
  <EpImgFlag>2</EpImgFlag>
  <EpisodeName>Cry Freedom Fighters!</EpisodeName>
  <EpisodeNumber>21</EpisodeNumber>
  <FirstAired>2010-11-12</FirstAired>
  <GuestStars></GuestStars>
  <IMDB_ID></IMDB_ID>
  <Language>en</Language>
  <Overview>The Supreme Chairman of Qward attempts to invade Earth with his forces and it is up to the Freedom Fighters (consisting of Uncle Sam, Doll Man, Black Condor, Human Bomb, Ray, and Phantom Lady), Batman, and a patriotic Plastic Man to save the day.</Overview>
  <ProductionCode></ProductionCode>
  <Rating>6.8</Rating>
  <RatingCount>6</RatingCount>
  <SeasonNumber>2</SeasonNumber>
  <Writer>Thomas Pugsley</Writer>
  <absolute_number></absolute_number>
  <filename>episodes/82824/3103281.jpg</filename>
  <lastupdated>1299054132</lastupdated>
  <seasonid>147421</seasonid>
  <seriesid>82824</seriesid>
</Episode>
<Episode>
  <id>3103291</id>
  <Combined_episodenumber>22</Combined_episodenumber>
  <Combined_season>2</Combined_season>
  <DVD_chapter></DVD_chapter>
  <DVD_discid></DVD_discid>
  <DVD_episodenumber></DVD_episodenumber>
  <DVD_season></DVD_season>
  <Director>Michael Chang</Director>
  <EpImgFlag>2</EpImgFlag>
  <EpisodeName>The Knights of Tomorrow!</EpisodeName>
  <EpisodeNumber>22</EpisodeNumber>
  <FirstAired>2010-11-19</FirstAired>
  <GuestStars></GuestStars>
  <IMDB_ID></IMDB_ID>
  <Language>en</Language>
  <Overview>In the future, Batman retires and marries Catwoman, with whom he has a son named Damian Wayne, while Dick Grayson has become the new Batman. When the Joker returns and brings his son Joker Jr. along, a reluctant Damian will have to assume his parents' legacy by becoming the new Robin to stop Joker and Joker Jr.</Overview>
  <ProductionCode></ProductionCode>
  <Rating>4.5</Rating>
  <RatingCount>2</RatingCount>
  <SeasonNumber>2</SeasonNumber>
  <Writer>Jake Black</Writer>
  <absolute_number></absolute_number>
  <filename>episodes/82824/3103291.jpg</filename>
  <lastupdated>1299054139</lastupdated>
  <seasonid>147421</seasonid>
  <seriesid>82824</seriesid>
</Episode>
<Episode>
  <id>2871101</id>
  <Combined_episodenumber>23</Combined_episodenumber>
  <Combined_season>2</Combined_season>
  <DVD_chapter></DVD_chapter>
  <DVD_discid></DVD_discid>
  <DVD_episodenumber></DVD_episodenumber>
  <DVD_season></DVD_season>
  <Director>Michael Chang</Director>
  <EpImgFlag>2</EpImgFlag>
  <EpisodeName>Darkseid Descending! </EpisodeName>
  <EpisodeNumber>23</EpisodeNumber>
  <FirstAired>2010-12-03</FirstAired>
  <GuestStars></GuestStars>
  <IMDB_ID></IMDB_ID>
  <Language>en</Language>
  <Overview>When Darkseid attacks Earth and the Justice League is unavailable, Batman must assemble a new team of heroes. However, internal squabbling may split the team before Darkseid has the chance to destroy them.</Overview>
  <ProductionCode></ProductionCode>
  <Rating>7.9</Rating>
  <RatingCount>9</RatingCount>
  <SeasonNumber>2</SeasonNumber>
  <Writer>Gail Simone</Writer>
  <absolute_number></absolute_number>
  <filename>episodes/82824/2871101.jpg</filename>
  <lastupdated>1299054149</lastupdated>
  <seasonid>147421</seasonid>
  <seriesid>82824</seriesid>
</Episode>
<Episode>
  <id>3256231</id>
  <Combined_episodenumber>24</Combined_episodenumber>
  <Combined_season>2</Combined_season>
  <DVD_chapter></DVD_chapter>
  <DVD_discid></DVD_discid>
  <DVD_episodenumber></DVD_episodenumber>
  <DVD_season></DVD_season>
  <Director></Director>
  <EpImgFlag>2</EpImgFlag>
  <EpisodeName>The Masks of Matches Malone!</EpisodeName>
  <EpisodeNumber>24</EpisodeNumber>
  <FirstAired></FirstAired>
  <GuestStars></GuestStars>
  <IMDB_ID></IMDB_ID>
  <Language>en</Language>
  <Overview>After a team-up with Black Orchid, Batman goes after Catwoman as she tries to steal the Cloak of Neferteri. However, Black Canary and Huntress arrive, on the trail of Two-face. Catwoman aids the heroes, but when Batman gets amnesia, he believes he's his undercover identity of Matches Malone... and goes on a criminal rampage.</Overview>
  <ProductionCode></ProductionCode>
  <Rating>7.5</Rating>
  <RatingCount>2</RatingCount>
  <SeasonNumber>2</SeasonNumber>
  <Writer></Writer>
  <absolute_number></absolute_number>
  <filename>episodes/82824/3256231.jpg</filename>
  <lastupdated>1301771289</lastupdated>
  <seasonid>147421</seasonid>
  <seriesid>82824</seriesid>
</Episode>
<Episode>
  <id>3914061</id>
  <Combined_episodenumber>25</Combined_episodenumber>
  <Combined_season>2</Combined_season>
  <DVD_chapter></DVD_chapter>
  <DVD_discid></DVD_discid>
  <DVD_episodenumber></DVD_episodenumber>
  <DVD_season></DVD_season>
  <Director>Ben Jones</Director>
  <EpImgFlag>2</EpImgFlag>
  <EpisodeName>Battle of the Superheroes!</EpisodeName>
  <EpisodeNumber>25</EpisodeNumber>
  <FirstAired>2011-03-25</FirstAired>
  <GuestStars></GuestStars>
  <IMDB_ID></IMDB_ID>
  <Language>en</Language>
  <Overview>Following fights with Metallo, Mister Mxyzptlk, and Toyman, Superman and Batman fight each other when Superman is infected with a red kryptonite necklace given to Lois Lane by Lex Luthor. Now, Batman must find a way to undo the effects of the red kryptonite so that he and Superman can stop Lex Luthor's latest plot.</Overview>
  <ProductionCode>305</ProductionCode>
  <Rating>8.0</Rating>
  <RatingCount>9</RatingCount>
  <SeasonNumber>2</SeasonNumber>
  <Writer>Steven Melching</Writer>
  <absolute_number></absolute_number>
  <filename>episodes/82824/3914061.jpg</filename>
  <lastupdated>1324541077</lastupdated>
  <seasonid>147421</seasonid>
  <seriesid>82824</seriesid>
</Episode>
<Episode>
  <id>3914071</id>
  <Combined_episodenumber>26</Combined_episodenumber>
  <Combined_season>3</Combined_season>
  <DVD_chapter></DVD_chapter>
  <DVD_discid></DVD_discid>
  <DVD_episodenumber></DVD_episodenumber>
  <DVD_season>3</DVD_season>
  <Director>Ben Jones</Director>
  <EpImgFlag>2</EpImgFlag>
  <EpisodeName>Bat-Mite Presents: Batman's Strangest Cases!</EpisodeName>
  <EpisodeNumber>26</EpisodeNumber>
  <FirstAired>2011-04-01</FirstAired>
  <GuestStars></GuestStars>
  <IMDB_ID>tt1717772</IMDB_ID>
  <Language>en</Language>
  <Overview>Bat-Mite presents three strange tales of the Batman of alternate dimensions: Batboy and Rubin tracking down a mysterious killer; Bat-Manga Batman fighting Lord Death Man; and Batman and Robin helping Scooby-Doo and the Mystery Inc. Gang take on the Footlight Phantom, who threatens to make Special Guest Star Weird Al Yankovic disappear for good.</Overview>
  <ProductionCode></ProductionCode>
  <Rating>7.0</Rating>
  <RatingCount>5</RatingCount>
  <SeasonNumber>2</SeasonNumber>
  <Writer>Paul Dini</Writer>
  <absolute_number></absolute_number>
  <filename>episodes/82824/3914071.jpg</filename>
  <lastupdated>1324541077</lastupdated>
  <seasonid>147421</seasonid>
  <seriesid>82824</seriesid>
</Episode>
<Episode>
  <id>3914081</id>
  <Combined_episodenumber>1</Combined_episodenumber>
  <Combined_season>3</Combined_season>
  <DVD_chapter></DVD_chapter>
  <DVD_discid></DVD_discid>
  <DVD_episodenumber></DVD_episodenumber>
  <DVD_season></DVD_season>
  <Director>Michael Goguen|Michael Chang</Director>
  <EpImgFlag>2</EpImgFlag>
  <EpisodeName>The Malicious Mr. Mind!</EpisodeName>
  <EpisodeNumber>1</EpisodeNumber>
  <FirstAired>2011-04-08</FirstAired>
  <GuestStars></GuestStars>
  <IMDB_ID></IMDB_ID>
  <Language>en</Language>
  <Overview>Batman and the Marvel family take on the evil Dr. Sivana and the Monster Society!</Overview>
  <ProductionCode></ProductionCode>
  <Rating>7.5</Rating>
  <RatingCount>2</RatingCount>
  <SeasonNumber>3</SeasonNumber>
  <Writer>Dani Michaeli</Writer>
  <absolute_number></absolute_number>
  <filename>episodes/82824/3914081.jpg</filename>
  <lastupdated>1302914383</lastupdated>
  <seasonid>444651</seasonid>
  <seriesid>82824</seriesid>
</Episode>
<Episode>
  <id>4061771</id>
  <Combined_episodenumber>2</Combined_episodenumber>
  <Combined_season>3</Combined_season>
  <DVD_chapter></DVD_chapter>
  <DVD_discid></DVD_discid>
  <DVD_episodenumber></DVD_episodenumber>
  <DVD_season></DVD_season>
  <Director></Director>
  <EpImgFlag>2</EpImgFlag>
  <EpisodeName>Joker: The Vile and Villainous!</EpisodeName>
  <EpisodeNumber>2</EpisodeNumber>
  <FirstAired>2011-04-15</FirstAired>
  <GuestStars></GuestStars>
  <IMDB_ID></IMDB_ID>
  <Language>en</Language>
  <Overview>Joker teams up with the Weeper to stop Batman!</Overview>
  <ProductionCode></ProductionCode>
  <Rating>7.6</Rating>
  <RatingCount>5</RatingCount>
  <SeasonNumber>3</SeasonNumber>
  <Writer></Writer>
  <absolute_number></absolute_number>
  <filename>episodes/82824/4061771.jpg</filename>
  <lastupdated>1309746244</lastupdated>
  <seasonid>444651</seasonid>
  <seriesid>82824</seriesid>
</Episode>
<Episode>
  <id>4061781</id>
  <Combined_episodenumber>3</Combined_episodenumber>
  <Combined_season>3</Combined_season>
  <DVD_chapter></DVD_chapter>
  <DVD_discid></DVD_discid>
  <DVD_episodenumber></DVD_episodenumber>
  <DVD_season></DVD_season>
  <Director></Director>
  <EpImgFlag>2</EpImgFlag>
  <EpisodeName>Shadow of the Bat!</EpisodeName>
  <EpisodeNumber>3</EpisodeNumber>
  <FirstAired>2011-04-22</FirstAired>
  <GuestStars></GuestStars>
  <IMDB_ID></IMDB_ID>
  <Language>en</Language>
  <Overview>Batman gets infected by a vampire bite, and proceeds to attack his JLI friends!</Overview>
  <ProductionCode></ProductionCode>
  <Rating>8.3</Rating>
  <RatingCount>3</RatingCount>
  <SeasonNumber>3</SeasonNumber>
  <Writer></Writer>
  <absolute_number></absolute_number>
  <filename>episodes/82824/4061781.jpg</filename>
  <lastupdated>1309746267</lastupdated>
  <seasonid>444651</seasonid>
  <seriesid>82824</seriesid>
</Episode>
<Episode>
  <id>4061791</id>
  <Combined_episodenumber>4</Combined_episodenumber>
  <Combined_season>3</Combined_season>
  <DVD_chapter></DVD_chapter>
  <DVD_discid></DVD_discid>
  <DVD_episodenumber></DVD_episodenumber>
  <DVD_season></DVD_season>
  <Director></Director>
  <EpImgFlag>2</EpImgFlag>
  <EpisodeName>Night of the Batmen!</EpisodeName>
  <EpisodeNumber>4</EpisodeNumber>
  <FirstAired>2011-04-29</FirstAired>
  <GuestStars></GuestStars>
  <IMDB_ID></IMDB_ID>
  <Language>en</Language>
  <Overview>When Batman gets hurt, his friends Capt Marvel, Aquaman, Green Arrow, and Plastic Man attempt to fill his cowl</Overview>
  <ProductionCode></ProductionCode>
  <Rating>8.0</Rating>
  <RatingCount>2</RatingCount>
  <SeasonNumber>3</SeasonNumber>
  <Writer></Writer>
  <absolute_number></absolute_number>
  <filename>episodes/82824/4061791.jpg</filename>
  <lastupdated>1309746288</lastupdated>
  <seasonid>444651</seasonid>
  <seriesid>82824</seriesid>
</Episode>
<Episode>
  <id>4104782</id>
  <Combined_episodenumber>5</Combined_episodenumber>
  <Combined_season>3</Combined_season>
  <DVD_chapter></DVD_chapter>
  <DVD_discid></DVD_discid>
  <DVD_episodenumber></DVD_episodenumber>
  <DVD_season></DVD_season>
  <Director></Director>
  <EpImgFlag>2</EpImgFlag>
  <EpisodeName>Scorn of the Star Sapphire!</EpisodeName>
  <EpisodeNumber>5</EpisodeNumber>
  <FirstAired>2011-05-27</FirstAired>
  <GuestStars></GuestStars>
  <IMDB_ID></IMDB_ID>
  <Language>en</Language>
  <Overview>Batman and Wonder Woman team up to defeat Baroness Paula Von Gunther and her army of robots, as well as to save Col. Steve Trevor. Batman teams up with Hal Jordan to fight Star Sapphire and her Zamaron army. </Overview>
  <ProductionCode></ProductionCode>
  <Rating>9.0</Rating>
  <RatingCount>2</RatingCount>
  <SeasonNumber>3</SeasonNumber>
  <Writer></Writer>
  <absolute_number></absolute_number>
  <filename>episodes/82824/4104782.jpg</filename>
  <lastupdated>1309746307</lastupdated>
  <seasonid>444651</seasonid>
  <seriesid>82824</seriesid>
</Episode>
<Episode>
  <id>4104783</id>
  <Combined_episodenumber>6</Combined_episodenumber>
  <Combined_season>3</Combined_season>
  <DVD_chapter></DVD_chapter>
  <DVD_discid></DVD_discid>
  <DVD_episodenumber></DVD_episodenumber>
  <DVD_season></DVD_season>
  <Director></Director>
  <EpImgFlag>2</EpImgFlag>
  <EpisodeName>Time Out for Vengeance!</EpisodeName>
  <EpisodeNumber>6</EpisodeNumber>
  <FirstAired>2011-06-03</FirstAired>
  <GuestStars></GuestStars>
  <IMDB_ID></IMDB_ID>
  <Language>en</Language>
  <Overview>Batman and the Justice League International travel to the past to stop an evil force from wiping out all the incarnations of Batman throughout time. </Overview>
  <ProductionCode></ProductionCode>
  <Rating>8.0</Rating>
  <RatingCount>2</RatingCount>
  <SeasonNumber>3</SeasonNumber>
  <Writer></Writer>
  <absolute_number></absolute_number>
  <filename>episodes/82824/4104783.jpg</filename>
  <lastupdated>1309746317</lastupdated>
  <seasonid>444651</seasonid>
  <seriesid>82824</seriesid>
</Episode>
<Episode>
  <id>4114876</id>
  <Combined_episodenumber>7</Combined_episodenumber>
  <Combined_season>3</Combined_season>
  <DVD_chapter></DVD_chapter>
  <DVD_discid></DVD_discid>
  <DVD_episodenumber></DVD_episodenumber>
  <DVD_season></DVD_season>
  <Director></Director>
  <EpImgFlag>2</EpImgFlag>
  <EpisodeName>Sword of the Atom!</EpisodeName>
  <EpisodeNumber>7</EpisodeNumber>
  <FirstAired>2011-06-11</FirstAired>
  <GuestStars></GuestStars>
  <IMDB_ID></IMDB_ID>
  <Language>en</Language>
  <Overview>Two years ago, Batman and the second Atom (Ray Palmer) worked together to save themselves from villains like Cannoneer and Thinker. Ray later retired and Ryan Choi takes up the mantle. Two years later, Palmer's arch-nemesis Chronos plans an attack and Batman goes looking for him. When Batman disappears, Aquaman and Atom (Ryan Choi) must shrink to a microscopic size in the Amazon Jungle to save the Caped Crusader and Ray Palmer from tiny aliens.</Overview>
  <ProductionCode></ProductionCode>
  <Rating>8.0</Rating>
  <RatingCount>4</RatingCount>
  <SeasonNumber>3</SeasonNumber>
  <Writer></Writer>
  <absolute_number></absolute_number>
  <filename>episodes/82824/4114876.jpg</filename>
  <lastupdated>1309896628</lastupdated>
  <seasonid>444651</seasonid>
  <seriesid>82824</seriesid>
</Episode>
<Episode>
  <id>4119030</id>
  <Combined_episodenumber>8</Combined_episodenumber>
  <Combined_season>3</Combined_season>
  <DVD_chapter></DVD_chapter>
  <DVD_discid></DVD_discid>
  <DVD_episodenumber></DVD_episodenumber>
  <DVD_season></DVD_season>
  <Director></Director>
  <EpImgFlag>2</EpImgFlag>
  <EpisodeName>Triumvirate of Terror!</EpisodeName>
  <EpisodeNumber>8</EpisodeNumber>
  <FirstAired>2011-06-18</FirstAired>
  <GuestStars></GuestStars>
  <IMDB_ID></IMDB_ID>
  <Language>en</Language>
  <Overview>Batman teams up with Superman and Wonder Woman when their arch-enemies The Joker, Lex Luthor and Cheetah team up to defeat them by adopting a strategy of attacking a different hero: &quot;Wonder Woman&quot; vs &quot;Joker&quot;, &quot;Superman&quot; vs &quot;Cheetah&quot;, and &quot;Batman&quot; vs &quot;Luthor&quot;.</Overview>
  <ProductionCode></ProductionCode>
  <Rating>8.0</Rating>
  <RatingCount>2</RatingCount>
  <SeasonNumber>3</SeasonNumber>
  <Writer>Paul Gla</Writer>
  <absolute_number></absolute_number>
  <filename>episodes/82824/4119030.jpg</filename>
  <lastupdated>1309896729</lastupdated>
  <seasonid>444651</seasonid>
  <seriesid>82824</seriesid>
</Episode>
<Episode>
  <id>4121144</id>
  <Combined_episodenumber>9</Combined_episodenumber>
  <Combined_season>3</Combined_season>
  <DVD_chapter></DVD_chapter>
  <DVD_discid></DVD_discid>
  <DVD_episodenumber></DVD_episodenumber>
  <DVD_season></DVD_season>
  <Director></Director>
  <EpImgFlag>2</EpImgFlag>
  <EpisodeName>Bold Beginnings!</EpisodeName>
  <EpisodeNumber>9</EpisodeNumber>
  <FirstAired>2011-06-25</FirstAired>
  <GuestStars></GuestStars>
  <IMDB_ID></IMDB_ID>
  <Language>en</Language>
  <Overview>When Green Arrow, Aquaman and Plastic Man are captured by Mr. Freeze, they reminisce about the early days of their careers when they first worked with Batman against the Cavalier, Black Manta, Baby-Face and his crew, and Ruby Ryder.</Overview>
  <ProductionCode></ProductionCode>
  <Rating>8.7</Rating>
  <RatingCount>3</RatingCount>
  <SeasonNumber>3</SeasonNumber>
  <Writer></Writer>
  <absolute_number></absolute_number>
  <filename>episodes/82824/4121144.jpg</filename>
  <lastupdated>1309896800</lastupdated>
  <seasonid>444651</seasonid>
  <seriesid>82824</seriesid>
</Episode>
<Episode>
  <id>4150812</id>
  <Combined_episodenumber>10</Combined_episodenumber>
  <Combined_season>3</Combined_season>
  <DVD_chapter></DVD_chapter>
  <DVD_discid></DVD_discid>
  <DVD_episodenumber></DVD_episodenumber>
  <DVD_season></DVD_season>
  <Director></Director>
  <EpImgFlag>2</EpImgFlag>
  <EpisodeName>Powerless!</EpisodeName>
  <EpisodeNumber>10</EpisodeNumber>
  <FirstAired>2011-10-21</FirstAired>
  <GuestStars></GuestStars>
  <IMDB_ID></IMDB_ID>
  <Language>en</Language>
  <Overview>The Jokers of All Nations gatecrash the headquarters of the Batmen of All Nations in a bid to destroy them all.
Captain Atom, the newest member of the Justice League International, is drained of his powers when the team takes on his old enemy Major Force. As the League try to stop the villain's rampage, Captain Atom struggles to fit in without powers. </Overview>
  <ProductionCode></ProductionCode>
  <Rating>8.5</Rating>
  <RatingCount>2</RatingCount>
  <SeasonNumber>3</SeasonNumber>
  <Writer></Writer>
  <absolute_number></absolute_number>
  <filename>episodes/82824/4150812.jpg</filename>
  <lastupdated>1319913283</lastupdated>
  <seasonid>444651</seasonid>
  <seriesid>82824</seriesid>
</Episode>
<Episode>
  <id>4150813</id>
  <Combined_episodenumber>11</Combined_episodenumber>
  <Combined_season>3</Combined_season>
  <DVD_chapter></DVD_chapter>
  <DVD_discid></DVD_discid>
  <DVD_episodenumber></DVD_episodenumber>
  <DVD_season></DVD_season>
  <Director></Director>
  <EpImgFlag>2</EpImgFlag>
  <EpisodeName>Crisis 22,300 Miles Above Earth!</EpisodeName>
  <EpisodeNumber>11</EpisodeNumber>
  <FirstAired>2011-10-28</FirstAired>
  <GuestStars></GuestStars>
  <IMDB_ID></IMDB_ID>
  <Language>en</Language>
  <Overview>The Joker, the Penguin, Grodd, Kite Man, Black Manta, Two-Face, Gentleman Ghost, Mr. Freeze, Riddler, Poison Ivy, Clock King, and Solomon Grundy conduct a roast of Batman, and Jeffrey Ross is brought in as the star guest, but he distracts the villains while Batman escapes from the death trap, leaving the Dark Knight free to take down his enemies. The Justice League International host a party on the Watchtower for themselves and the Justice Society of America, but the two teams fail to get along and a brawl breaks out. Meanwhile, Batman attempts to stop Ra's al Ghul's latest scheme but runs into trouble.</Overview>
  <ProductionCode></ProductionCode>
  <Rating>7.7</Rating>
  <RatingCount>3</RatingCount>
  <SeasonNumber>3</SeasonNumber>
  <Writer></Writer>
  <absolute_number></absolute_number>
  <filename>episodes/82824/4150813.jpg</filename>
  <lastupdated>1319911285</lastupdated>
  <seasonid>444651</seasonid>
  <seriesid>82824</seriesid>
</Episode>
<Episode>
  <id>4150814</id>
  <Combined_episodenumber>12</Combined_episodenumber>
  <Combined_season>3</Combined_season>
  <DVD_chapter></DVD_chapter>
  <DVD_discid></DVD_discid>
  <DVD_episodenumber></DVD_episodenumber>
  <DVD_season></DVD_season>
  <Director></Director>
  <EpImgFlag>2</EpImgFlag>
  <EpisodeName>Four Star Spectacular!</EpisodeName>
  <EpisodeNumber>12</EpisodeNumber>
  <FirstAired>2011-11-04</FirstAired>
  <GuestStars></GuestStars>
  <IMDB_ID></IMDB_ID>
  <Language>en</Language>
  <Overview>A compilation of four short stories, Batman appears as a cameo and a secondary character in all shorts:
Adam Strange in Worlds War – Having picked up an anniversary gift for Alanna on Earth, Adam Strange spots that the zeta beams are firing everywhere in erratic fashion, and learns that Kanjar Ro, who is attempting to destroy Rann and take over the universe, is responsible.
Flash in Double Jeopardy – After saving him from Captain Boomerang, Flash tells Batman about an encounter he just had with Mirror Master and Abra Kadabra.
'Mazing Man in Kitty Catastrophe – 'Mazing Man cat-sits for a couple while they are out, but inadvertently causes extreme damage to their home.
The Creature Commandos in The War That Time Forgot – The Creature Commandos go to Dinosaur Island to investigate the disappearances of some of the Allies, including Batman, and end up confronting the brains behind the plan: the Ultra-Humanite.</Overview>
  <ProductionCode></ProductionCode>
  <Rating>6.3</Rating>
  <RatingCount>4</RatingCount>
  <SeasonNumber>3</SeasonNumber>
  <Writer></Writer>
  <absolute_number></absolute_number>
  <filename>episodes/82824/4150814.jpg</filename>
  <lastupdated>1320462896</lastupdated>
  <seasonid>444651</seasonid>
  <seriesid>82824</seriesid>
</Episode>
<Episode>
  <id>4150815</id>
  <Combined_episodenumber>13</Combined_episodenumber>
  <Combined_season>3</Combined_season>
  <DVD_chapter></DVD_chapter>
  <DVD_discid></DVD_discid>
  <DVD_episodenumber></DVD_episodenumber>
  <DVD_season></DVD_season>
  <Director></Director>
  <EpImgFlag>2</EpImgFlag>
  <EpisodeName>Mitefall!</EpisodeName>
  <EpisodeNumber>13</EpisodeNumber>
  <FirstAired>2011-11-18</FirstAired>
  <GuestStars></GuestStars>
  <IMDB_ID></IMDB_ID>
  <Language>en</Language>
  <Overview>In the year 1865, in parallel universe 5501, Batman helps foil an assassination attempt on the life of Abraham Lincoln by a steampunk armored John Wilkes Booth. Bat-Mite has grown weary of Batman: The Brave and the Bold, deeming its formula to be tired and repetitive, so he concocts a scheme to make it so bad that the network will have to cancel the show to make way for a darker one. Can Ambush Bug thwart his plan before it's too late? </Overview>
  <ProductionCode></ProductionCode>
  <Rating>8.0</Rating>
  <RatingCount>3</RatingCount>
  <SeasonNumber>3</SeasonNumber>
  <Writer></Writer>
  <absolute_number></absolute_number>
  <filename>episodes/82824/4150815.jpg</filename>
  <lastupdated>1321707571</lastupdated>
  <seasonid>444651</seasonid>
  <seriesid>82824</seriesid>
</Episode>
</Data>