<?xml version="1.0" encoding="UTF-8" ?>
<Actors>
<Actor>
  <id>80114</id>
  <Image>actors/80114.jpg</Image>
  <Name>Jay Harrington</Name>
  <Role>Ted Crisp</Role>
  <SortOrder>0</SortOrder>
</Actor>
<Actor>
  <id>80113</id>
  <Image>actors/80113.jpg</Image>
  <Name>Andrea Anders</Name>
  <Role>Linda</Role>
  <SortOrder>1</SortOrder>
</Actor>
<Actor>
  <id>80117</id>
  <Image>actors/80117.jpg</Image>
  <Name>Portia de Rossi</Name>
  <Role>Veronica</Role>
  <SortOrder>3</SortOrder>
</Actor>
<Actor>
  <id>80116</id>
  <Image>actors/80116.jpg</Image>
  <Name>Malcolm Barrett</Name>
  <Role>Lem</Role>
  <SortOrder>3</SortOrder>
</Actor>
<Actor>
  <id>80115</id>
  <Image>actors/80115.jpg</Image>
  <Name>Jonathan Slavin</Name>
  <Role>Phil</Role>
  <SortOrder>3</SortOrder>
</Actor>
</Actors>