<?xml version="1.0" encoding="UTF-8" ?>
<Banners>
<Banner>
  <id>364971</id>
  <BannerPath>fanart/original/84021-8.jpg</BannerPath>
  <BannerType>fanart</BannerType>
  <BannerType2>1920x1080</BannerType2>
  <Colors></Colors>
  <Language>en</Language>
  <Rating>8.8000</Rating>
  <RatingCount>5</RatingCount>
  <SeriesName>false</SeriesName>
  <ThumbnailPath>_cache/fanart/original/84021-8.jpg</ThumbnailPath>
  <VignettePath>fanart/vignette/84021-8.jpg</VignettePath>
</Banner>
<Banner>
  <id>73711</id>
  <BannerPath>fanart/original/84021-2.jpg</BannerPath>
  <BannerType>fanart</BannerType>
  <BannerType2>1280x720</BannerType2>
  <Colors></Colors>
  <Language>en</Language>
  <Rating>7.3333</Rating>
  <RatingCount>3</RatingCount>
  <SeriesName>false</SeriesName>
  <ThumbnailPath>_cache/fanart/original/84021-2.jpg</ThumbnailPath>
  <VignettePath>fanart/vignette/84021-2.jpg</VignettePath>
</Banner>
<Banner>
  <id>837991</id>
  <BannerPath>fanart/original/84021-10.jpg</BannerPath>
  <BannerType>fanart</BannerType>
  <BannerType2>1920x1080</BannerType2>
  <Colors></Colors>
  <Language>en</Language>
  <Rating>7.0000</Rating>
  <RatingCount>2</RatingCount>
  <SeriesName>false</SeriesName>
  <ThumbnailPath>_cache/fanart/original/84021-10.jpg</ThumbnailPath>
  <VignettePath>fanart/vignette/84021-10.jpg</VignettePath>
</Banner>
<Banner>
  <id>284411</id>
  <BannerPath>fanart/original/84021-5.jpg</BannerPath>
  <BannerType>fanart</BannerType>
  <BannerType2>1920x1080</BannerType2>
  <Colors></Colors>
  <Language>en</Language>
  <Rating>7.0000</Rating>
  <RatingCount>3</RatingCount>
  <SeriesName>false</SeriesName>
  <ThumbnailPath>_cache/fanart/original/84021-5.jpg</ThumbnailPath>
  <VignettePath>fanart/vignette/84021-5.jpg</VignettePath>
</Banner>
<Banner>
  <id>82521</id>
  <BannerPath>fanart/original/84021-3.jpg</BannerPath>
  <BannerType>fanart</BannerType>
  <BannerType2>1280x720</BannerType2>
  <Colors>|45,35,34|32,28,25|183,179,180|</Colors>
  <Language>en</Language>
  <Rating>7.0000</Rating>
  <RatingCount>3</RatingCount>
  <SeriesName>false</SeriesName>
  <ThumbnailPath>_cache/fanart/original/84021-3.jpg</ThumbnailPath>
  <VignettePath>fanart/vignette/84021-3.jpg</VignettePath>
</Banner>
<Banner>
  <id>701571</id>
  <BannerPath>fanart/original/84021-6.jpg</BannerPath>
  <BannerType>fanart</BannerType>
  <BannerType2>1920x1080</BannerType2>
  <Colors></Colors>
  <Language>en</Language>
  <Rating>6.4000</Rating>
  <RatingCount>5</RatingCount>
  <SeriesName>false</SeriesName>
  <ThumbnailPath>_cache/fanart/original/84021-6.jpg</ThumbnailPath>
  <VignettePath>fanart/vignette/84021-6.jpg</VignettePath>
</Banner>
<Banner>
  <id>364991</id>
  <BannerPath>fanart/original/84021-9.jpg</BannerPath>
  <BannerType>fanart</BannerType>
  <BannerType2>1920x1080</BannerType2>
  <Colors></Colors>
  <Language>en</Language>
  <Rating>5.0000</Rating>
  <RatingCount>1</RatingCount>
  <SeriesName>false</SeriesName>
  <ThumbnailPath>_cache/fanart/original/84021-9.jpg</ThumbnailPath>
  <VignettePath>fanart/vignette/84021-9.jpg</VignettePath>
</Banner>
<Banner>
  <id>47111</id>
  <BannerPath>fanart/original/84021-1.jpg</BannerPath>
  <BannerType>fanart</BannerType>
  <BannerType2>1280x720</BannerType2>
  <Colors></Colors>
  <Language>en</Language>
  <Rating>3.0000</Rating>
  <RatingCount>2</RatingCount>
  <SeriesName>false</SeriesName>
  <ThumbnailPath>_cache/fanart/original/84021-1.jpg</ThumbnailPath>
  <VignettePath>fanart/vignette/84021-1.jpg</VignettePath>
</Banner>
<Banner>
  <id>305451</id>
  <BannerPath>fanart/original/84021-7.jpg</BannerPath>
  <BannerType>fanart</BannerType>
  <BannerType2>1280x720</BannerType2>
  <Colors></Colors>
  <Language>en</Language>
  <Rating></Rating>
  <RatingCount>0</RatingCount>
  <SeriesName>true</SeriesName>
  <ThumbnailPath>_cache/fanart/original/84021-7.jpg</ThumbnailPath>
  <VignettePath>fanart/vignette/84021-7.jpg</VignettePath>
</Banner>
<Banner>
  <id>284401</id>
  <BannerPath>fanart/original/84021-4.jpg</BannerPath>
  <BannerType>fanart</BannerType>
  <BannerType2>1920x1080</BannerType2>
  <Colors></Colors>
  <Language>en</Language>
  <Rating></Rating>
  <RatingCount>0</RatingCount>
  <SeriesName>false</SeriesName>
  <ThumbnailPath>_cache/fanart/original/84021-4.jpg</ThumbnailPath>
  <VignettePath>fanart/vignette/84021-4.jpg</VignettePath>
</Banner>
<Banner>
  <id>143351</id>
  <BannerPath>posters/84021-2.jpg</BannerPath>
  <BannerType>poster</BannerType>
  <BannerType2>680x1000</BannerType2>
  <Language>en</Language>
  <Rating>8.5000</Rating>
  <RatingCount>4</RatingCount>
</Banner>
<Banner>
  <id>943154</id>
  <BannerPath>posters/84021-5.jpg</BannerPath>
  <BannerType>poster</BannerType>
  <BannerType2>680x1000</BannerType2>
  <Language>en</Language>
  <Rating>7.0000</Rating>
  <RatingCount>1</RatingCount>
</Banner>
<Banner>
  <id>321111</id>
  <BannerPath>posters/84021-3.jpg</BannerPath>
  <BannerType>poster</BannerType>
  <BannerType2>680x1000</BannerType2>
  <Language>en</Language>
  <Rating>6.2000</Rating>
  <RatingCount>5</RatingCount>
</Banner>
<Banner>
  <id>43511</id>
  <BannerPath>posters/84021-1.jpg</BannerPath>
  <BannerType>poster</BannerType>
  <BannerType2>680x1000</BannerType2>
  <Language>en</Language>
  <Rating>5.5000</Rating>
  <RatingCount>2</RatingCount>
</Banner>
<Banner>
  <id>415311</id>
  <BannerPath>seasons/84021-1-2.jpg</BannerPath>
  <BannerType>season</BannerType>
  <BannerType2>season</BannerType2>
  <Language>en</Language>
  <Rating>8.0000</Rating>
  <RatingCount>1</RatingCount>
  <Season>1</Season>
</Banner>
<Banner>
  <id>343621</id>
  <BannerPath>seasons/84021-2-2.jpg</BannerPath>
  <BannerType>season</BannerType>
  <BannerType2>season</BannerType2>
  <Language>en</Language>
  <Rating>8.0000</Rating>
  <RatingCount>2</RatingCount>
  <Season>2</Season>
</Banner>
<Banner>
  <id>150251</id>
  <BannerPath>seasons/84021-1.jpg</BannerPath>
  <BannerType>season</BannerType>
  <BannerType2>season</BannerType2>
  <Language>en</Language>
  <Rating>5.0000</Rating>
  <RatingCount>1</RatingCount>
  <Season>1</Season>
</Banner>
<Banner>
  <id>303291</id>
  <BannerPath>seasons/84021-2.jpg</BannerPath>
  <BannerType>season</BannerType>
  <BannerType2>season</BannerType2>
  <Language>en</Language>
  <Rating>4.0000</Rating>
  <RatingCount>1</RatingCount>
  <Season>2</Season>
</Banner>
<Banner>
  <id>497471</id>
  <BannerPath>seasonswide/84021-1.jpg</BannerPath>
  <BannerType>season</BannerType>
  <BannerType2>seasonwide</BannerType2>
  <Language>en</Language>
  <Rating></Rating>
  <RatingCount>0</RatingCount>
  <Season>1</Season>
</Banner>
<Banner>
  <id>497481</id>
  <BannerPath>seasonswide/84021-2.jpg</BannerPath>
  <BannerType>season</BannerType>
  <BannerType2>seasonwide</BannerType2>
  <Language>en</Language>
  <Rating></Rating>
  <RatingCount>0</RatingCount>
  <Season>2</Season>
</Banner>
<Banner>
  <id>43383</id>
  <BannerPath>graphical/84021-g3.jpg</BannerPath>
  <BannerType>series</BannerType>
  <BannerType2>graphical</BannerType2>
  <Language>en</Language>
  <Rating>8.5000</Rating>
  <RatingCount>6</RatingCount>
</Banner>
<Banner>
  <id>334521</id>
  <BannerPath>graphical/84021-g.jpg</BannerPath>
  <BannerType>series</BannerType>
  <BannerType2>graphical</BannerType2>
  <Language>en</Language>
  <Rating>7.4000</Rating>
  <RatingCount>5</RatingCount>
</Banner>
<Banner>
  <id>166781</id>
  <BannerPath>blank/84021.jpg</BannerPath>
  <BannerType>series</BannerType>
  <BannerType2>blank</BannerType2>
  <Language></Language>
  <Rating>4.0000</Rating>
  <RatingCount>1</RatingCount>
</Banner>
<Banner>
  <id>43396</id>
  <BannerPath>graphical/84021-g4.jpg</BannerPath>
  <BannerType>series</BannerType>
  <BannerType2>graphical</BannerType2>
  <Language>en</Language>
  <Rating>3.0000</Rating>
  <RatingCount>1</RatingCount>
</Banner>
<Banner>
  <id>43382</id>
  <BannerPath>graphical/84021-g2.jpg</BannerPath>
  <BannerType>series</BannerType>
  <BannerType2>graphical</BannerType2>
  <Language>en</Language>
  <Rating>3.0000</Rating>
  <RatingCount>4</RatingCount>
</Banner>
</Banners>