<?xml version="1.0" encoding="UTF-8" ?>
<Data><Series>
  <id>84021</id>
  <Actors>|Jay Harrington|Andrea Anders|Portia de Rossi|Malcolm Barrett|Jonathan Slavin|</Actors>
  <Airs_DayOfWeek></Airs_DayOfWeek>
  <Airs_Time></Airs_Time>
  <ContentRating>TV-PG</ContentRating>
  <FirstAired>2009-03-18</FirstAired>
  <Genre>|Comedy|</Genre>
  <IMDB_ID>tt1235547</IMDB_ID>
  <Language>en</Language>
  <Network>ABC</Network>
  <NetworkID></NetworkID>
  <Overview>As the head of the research and development department at Veridian Dynamics, Ted Crisp loves every day on the job. He loves turning the impossible into the plausible. But with his job come hazy ethical boundaries.
 </Overview>
  <Rating>8.8</Rating>
  <RatingCount>88</RatingCount>
  <Runtime>30</Runtime>
  <SeriesID>75230</SeriesID>
  <SeriesName>Better Off Ted</SeriesName>
  <Status>Ended</Status>
  <added>2008-12-08 05:44:15</added>
  <addedBy>3071</addedBy>
  <banner>graphical/84021-g3.jpg</banner>
  <fanart>fanart/original/84021-8.jpg</fanart>
  <lastupdated>1361729287</lastupdated>
  <poster>posters/84021-2.jpg</poster>
  <zap2it_id>SH01085611</zap2it_id>
</Series>
<Episode>
  <id>3020841</id>
  <Combined_episodenumber>1</Combined_episodenumber>
  <Combined_season>0</Combined_season>
  <DVD_chapter></DVD_chapter>
  <DVD_discid></DVD_discid>
  <DVD_episodenumber></DVD_episodenumber>
  <DVD_season></DVD_season>
  <Director></Director>
  <EpImgFlag></EpImgFlag>
  <EpisodeName>Behind the Scenes - 1</EpisodeName>
  <EpisodeNumber>1</EpisodeNumber>
  <FirstAired></FirstAired>
  <GuestStars></GuestStars>
  <IMDB_ID></IMDB_ID>
  <Language>en</Language>
  <Overview></Overview>
  <ProductionCode></ProductionCode>
  <Rating></Rating>
  <RatingCount>0</RatingCount>
  <SeasonNumber>0</SeasonNumber>
  <Writer></Writer>
  <absolute_number></absolute_number>
  <airsafter_season></airsafter_season>
  <airsbefore_episode></airsbefore_episode>
  <airsbefore_season></airsbefore_season>
  <filename></filename>
  <lastupdated>1287863090</lastupdated>
  <seasonid>37939</seasonid>
  <seriesid>84021</seriesid>
</Episode>
<Episode>
  <id>413862</id>
  <Combined_episodenumber>1</Combined_episodenumber>
  <Combined_season>1</Combined_season>
  <DVD_chapter></DVD_chapter>
  <DVD_discid></DVD_discid>
  <DVD_episodenumber></DVD_episodenumber>
  <DVD_season></DVD_season>
  <Director>Michael Fresco</Director>
  <EpImgFlag>2</EpImgFlag>
  <EpisodeName>Pilot</EpisodeName>
  <EpisodeNumber>1</EpisodeNumber>
  <FirstAired>2009-03-18</FirstAired>
  <GuestStars></GuestStars>
  <IMDB_ID>tt1346400</IMDB_ID>
  <Language>en</Language>
  <Overview>Ted Crisp works at Veridian Technologies in the research and development department and loves his job. However, Ted is taken aback when he learns the company has cryogenically frozen one of the scientists in his department. </Overview>
  <ProductionCode></ProductionCode>
  <Rating>7.5</Rating>
  <RatingCount>52</RatingCount>
  <SeasonNumber>1</SeasonNumber>
  <Writer>Victor Fresco</Writer>
  <absolute_number></absolute_number>
  <filename>episodes/84021/413862.jpg</filename>
  <lastupdated>1297333448</lastupdated>
  <seasonid>37940</seasonid>
  <seriesid>84021</seriesid>
</Episode>
<Episode>
  <id>446636</id>
  <Combined_episodenumber>2</Combined_episodenumber>
  <Combined_season>1</Combined_season>
  <DVD_chapter></DVD_chapter>
  <DVD_discid></DVD_discid>
  <DVD_episodenumber></DVD_episodenumber>
  <DVD_season></DVD_season>
  <Director>Michael Fresco</Director>
  <EpImgFlag>2</EpImgFlag>
  <EpisodeName>Heroes</EpisodeName>
  <EpisodeNumber>2</EpisodeNumber>
  <FirstAired>2009-03-25</FirstAired>
  <GuestStars></GuestStars>
  <IMDB_ID>tt1402241</IMDB_ID>
  <Language>en</Language>
  <Overview>Due to Phil's after effects from the cryogenic experiment, Ted tries to get him to sign a waiver to protect Veridian from possible future litigation. Elsewhere, Phil and Lem try to create beef despite having no meat in the lab. </Overview>
  <ProductionCode></ProductionCode>
  <Rating>7.3</Rating>
  <RatingCount>47</RatingCount>
  <SeasonNumber>1</SeasonNumber>
  <Writer>Victor Fresco</Writer>
  <absolute_number></absolute_number>
  <filename>episodes/84021/446636.jpg</filename>
  <lastupdated>1313230884</lastupdated>
  <seasonid>37940</seasonid>
  <seriesid>84021</seriesid>
</Episode>
<Episode>
  <id>446637</id>
  <Combined_episodenumber>3</Combined_episodenumber>
  <Combined_season>1</Combined_season>
  <DVD_chapter></DVD_chapter>
  <DVD_discid></DVD_discid>
  <DVD_episodenumber></DVD_episodenumber>
  <DVD_season></DVD_season>
  <Director>Michael Fresco</Director>
  <EpImgFlag>2</EpImgFlag>
  <EpisodeName>Through Rose-Colored HAZMAT Suits</EpisodeName>
  <EpisodeNumber>3</EpisodeNumber>
  <FirstAired>2009-04-01</FirstAired>
  <GuestStars></GuestStars>
  <IMDB_ID>tt1346401</IMDB_ID>
  <Language>en</Language>
  <Overview>When Ted's nanny calls in sick, he is forced to take his daughter Rose to work where Veronica bonds with her. Meanwhile, Ted learns where he stands with Linda when her ex-boyfriend arrives in town.</Overview>
  <ProductionCode></ProductionCode>
  <Rating>7.5</Rating>
  <RatingCount>42</RatingCount>
  <SeasonNumber>1</SeasonNumber>
  <Writer>Justin Adler</Writer>
  <absolute_number></absolute_number>
  <filename>episodes/84021/446637.jpg</filename>
  <lastupdated>1313230838</lastupdated>
  <seasonid>37940</seasonid>
  <seriesid>84021</seriesid>
</Episode>
<Episode>
  <id>446638</id>
  <Combined_episodenumber>4</Combined_episodenumber>
  <Combined_season>1</Combined_season>
  <DVD_chapter></DVD_chapter>
  <DVD_discid></DVD_discid>
  <DVD_episodenumber></DVD_episodenumber>
  <DVD_season></DVD_season>
  <Director>Paul Lazarus</Director>
  <EpImgFlag>2</EpImgFlag>
  <EpisodeName>Racial Sensitivity</EpisodeName>
  <EpisodeNumber>4</EpisodeNumber>
  <FirstAired>2009-04-08</FirstAired>
  <GuestStars></GuestStars>
  <IMDB_ID>tt1346402</IMDB_ID>
  <Language>en</Language>
  <Overview>Ted discovers Veridian has a problem when their new motion detection system proves unable to recognize black people.</Overview>
  <ProductionCode></ProductionCode>
  <Rating>7.9</Rating>
  <RatingCount>41</RatingCount>
  <SeasonNumber>1</SeasonNumber>
  <Writer>Michael Glouberman</Writer>
  <absolute_number></absolute_number>
  <filename>episodes/84021/446638.jpg</filename>
  <lastupdated>1297333512</lastupdated>
  <seasonid>37940</seasonid>
  <seriesid>84021</seriesid>
</Episode>
<Episode>
  <id>446639</id>
  <Combined_episodenumber>5</Combined_episodenumber>
  <Combined_season>1</Combined_season>
  <DVD_chapter></DVD_chapter>
  <DVD_discid></DVD_discid>
  <DVD_episodenumber></DVD_episodenumber>
  <DVD_season></DVD_season>
  <Director>Michael Fresco</Director>
  <EpImgFlag>2</EpImgFlag>
  <EpisodeName>Win Some, Dose Some</EpisodeName>
  <EpisodeNumber>5</EpisodeNumber>
  <FirstAired>2009-04-15</FirstAired>
  <GuestStars></GuestStars>
  <IMDB_ID>tt1345991</IMDB_ID>
  <Language>en</Language>
  <Overview>Linda is given some experimental drugs that has some unusual side effects.</Overview>
  <ProductionCode></ProductionCode>
  <Rating>7.4</Rating>
  <RatingCount>41</RatingCount>
  <SeasonNumber>1</SeasonNumber>
  <Writer>|Elijah Aron|Jordan Young</Writer>
  <absolute_number></absolute_number>
  <filename>episodes/84021/446639.jpg</filename>
  <lastupdated>1313230766</lastupdated>
  <seasonid>37940</seasonid>
  <seriesid>84021</seriesid>
</Episode>
<Episode>
  <id>446640</id>
  <Combined_episodenumber>6</Combined_episodenumber>
  <Combined_season>1</Combined_season>
  <DVD_chapter></DVD_chapter>
  <DVD_discid></DVD_discid>
  <DVD_episodenumber></DVD_episodenumber>
  <DVD_season></DVD_season>
  <Director>Michael Spiller</Director>
  <EpImgFlag>2</EpImgFlag>
  <EpisodeName>Goodbye, Mr. Chips</EpisodeName>
  <EpisodeNumber>6</EpisodeNumber>
  <FirstAired>2009-04-22</FirstAired>
  <GuestStars></GuestStars>
  <IMDB_ID>tt1408460</IMDB_ID>
  <Language>en</Language>
  <Overview>Ted inadvertently deletes himself from Veridian's system when he tries to fix his employee ID, and, as the lab falls into chaos, his peers try to remedy the situation.</Overview>
  <ProductionCode></ProductionCode>
  <Rating>7.3</Rating>
  <RatingCount>38</RatingCount>
  <SeasonNumber>1</SeasonNumber>
  <Writer>|Becky Mann|Audra Sielaff</Writer>
  <absolute_number></absolute_number>
  <filename>episodes/84021/446640.jpg</filename>
  <lastupdated>1307286527</lastupdated>
  <seasonid>37940</seasonid>
  <seriesid>84021</seriesid>
</Episode>
<Episode>
  <id>446641</id>
  <Combined_episodenumber>7</Combined_episodenumber>
  <Combined_season>1</Combined_season>
  <DVD_chapter></DVD_chapter>
  <DVD_discid></DVD_discid>
  <DVD_episodenumber></DVD_episodenumber>
  <DVD_season></DVD_season>
  <Director>Gail Mancuso</Director>
  <EpImgFlag>2</EpImgFlag>
  <EpisodeName>Get Happy</EpisodeName>
  <EpisodeNumber>7</EpisodeNumber>
  <FirstAired>2009-05-05</FirstAired>
  <GuestStars></GuestStars>
  <IMDB_ID>tt1345992</IMDB_ID>
  <Language>en</Language>
  <Overview>After a survey reveals that the staff is unhappy, Veronica tries to improve their morale. </Overview>
  <ProductionCode></ProductionCode>
  <Rating>7.4</Rating>
  <RatingCount>35</RatingCount>
  <SeasonNumber>1</SeasonNumber>
  <Writer>Mike Teverbaugh</Writer>
  <absolute_number></absolute_number>
  <filename>episodes/84021/446641.jpg</filename>
  <lastupdated>1307286494</lastupdated>
  <seasonid>37940</seasonid>
  <seriesid>84021</seriesid>
</Episode>
<Episode>
  <id>446642</id>
  <Combined_episodenumber>8</Combined_episodenumber>
  <Combined_season>1</Combined_season>
  <DVD_chapter></DVD_chapter>
  <DVD_discid></DVD_discid>
  <DVD_episodenumber></DVD_episodenumber>
  <DVD_season></DVD_season>
  <Director>Michael Spiller</Director>
  <EpImgFlag>2</EpImgFlag>
  <EpisodeName>You Are the Boss of Me</EpisodeName>
  <EpisodeNumber>8</EpisodeNumber>
  <FirstAired>2009-06-23</FirstAired>
  <GuestStars></GuestStars>
  <IMDB_ID>tt1459589</IMDB_ID>
  <Language>en</Language>
  <Overview>Lem and Phil reluctantly invite Ted to their Medieval Fight Club. Linda tries to befriend Veronica. </Overview>
  <ProductionCode></ProductionCode>
  <Rating>7.4</Rating>
  <RatingCount>38</RatingCount>
  <SeasonNumber>1</SeasonNumber>
  <Writer>|Becky Mann|Audra Sieleff</Writer>
  <absolute_number></absolute_number>
  <filename>episodes/84021/446642.jpg</filename>
  <lastupdated>1311013956</lastupdated>
  <seasonid>37940</seasonid>
  <seriesid>84021</seriesid>
</Episode>
<Episode>
  <id>446643</id>
  <Combined_episodenumber>9</Combined_episodenumber>
  <Combined_season>1</Combined_season>
  <DVD_chapter></DVD_chapter>
  <DVD_discid></DVD_discid>
  <DVD_episodenumber></DVD_episodenumber>
  <DVD_season></DVD_season>
  <Director>Michael Fresco</Director>
  <EpImgFlag>2</EpImgFlag>
  <EpisodeName>Bioshuffle</EpisodeName>
  <EpisodeNumber>9</EpisodeNumber>
  <FirstAired>2009-06-30</FirstAired>
  <GuestStars></GuestStars>
  <IMDB_ID>tt1459587</IMDB_ID>
  <Language>en</Language>
  <Overview>When Veronica, Linda, and Ted end up having to share offices, tensions grow between them.</Overview>
  <ProductionCode></ProductionCode>
  <Rating>7.6</Rating>
  <RatingCount>31</RatingCount>
  <SeasonNumber>1</SeasonNumber>
  <Writer>|Elijah Aron|Jordon Young</Writer>
  <absolute_number></absolute_number>
  <filename>episodes/84021/446643.jpg</filename>
  <lastupdated>1307286604</lastupdated>
  <seasonid>37940</seasonid>
  <seriesid>84021</seriesid>
</Episode>
<Episode>
  <id>446644</id>
  <Combined_episodenumber>10</Combined_episodenumber>
  <Combined_season>1</Combined_season>
  <DVD_chapter></DVD_chapter>
  <DVD_discid></DVD_discid>
  <DVD_episodenumber></DVD_episodenumber>
  <DVD_season></DVD_season>
  <Director>Michael Fresco</Director>
  <EpImgFlag>2</EpImgFlag>
  <EpisodeName>Trust and Consequences</EpisodeName>
  <EpisodeNumber>10</EpisodeNumber>
  <FirstAired>2009-07-14</FirstAired>
  <GuestStars></GuestStars>
  <IMDB_ID>tt1459588</IMDB_ID>
  <Language>en</Language>
  <Overview>Veridian blames Linda for a perfume with unexpected side effects, and friends fall out when they're forced to testify.</Overview>
  <ProductionCode></ProductionCode>
  <Rating>7.5</Rating>
  <RatingCount>38</RatingCount>
  <SeasonNumber>1</SeasonNumber>
  <Writer>Michael A. Ross</Writer>
  <absolute_number></absolute_number>
  <filename>episodes/84021/446644.jpg</filename>
  <lastupdated>1307286637</lastupdated>
  <seasonid>37940</seasonid>
  <seriesid>84021</seriesid>
</Episode>
<Episode>
  <id>446645</id>
  <Combined_episodenumber>11</Combined_episodenumber>
  <Combined_season>1</Combined_season>
  <DVD_chapter></DVD_chapter>
  <DVD_discid></DVD_discid>
  <DVD_episodenumber></DVD_episodenumber>
  <DVD_season></DVD_season>
  <Director>Lee Shallat-Chemel</Director>
  <EpImgFlag>7</EpImgFlag>
  <EpisodeName>Father, Can You Hair Me?</EpisodeName>
  <EpisodeNumber>11</EpisodeNumber>
  <FirstAired>2009-07-21</FirstAired>
  <GuestStars></GuestStars>
  <IMDB_ID>tt1474956</IMDB_ID>
  <Language>en</Language>
  <Overview>A shocking piece of news impacts the rivalry between Veronica and her father, who is the CEO of another big company. Elsewhere, Ted thinks Phil and Lem's potential cure for baldness will impress his hard-to-please dad.</Overview>
  <ProductionCode></ProductionCode>
  <Rating>7.4</Rating>
  <RatingCount>37</RatingCount>
  <SeasonNumber>1</SeasonNumber>
  <Writer>Mike Teverbaugh</Writer>
  <absolute_number></absolute_number>
  <filename>episodes/84021/446645.jpg</filename>
  <lastupdated>1307286672</lastupdated>
  <seasonid>37940</seasonid>
  <seriesid>84021</seriesid>
</Episode>
<Episode>
  <id>446646</id>
  <Combined_episodenumber>12</Combined_episodenumber>
  <Combined_season>1</Combined_season>
  <DVD_chapter></DVD_chapter>
  <DVD_discid></DVD_discid>
  <DVD_episodenumber></DVD_episodenumber>
  <DVD_season></DVD_season>
  <Director>Michael Fresco</Director>
  <EpImgFlag>2</EpImgFlag>
  <EpisodeName>Jabberwocky</EpisodeName>
  <EpisodeNumber>12</EpisodeNumber>
  <FirstAired>2009-08-11</FirstAired>
  <GuestStars></GuestStars>
  <IMDB_ID>tt1479423</IMDB_ID>
  <Language>en</Language>
  <Overview>Ted creates a phony project for Linda after she hears that Veridian is going green, which becomes problematic when other staffers want to join the cause.</Overview>
  <ProductionCode></ProductionCode>
  <Rating>7.9</Rating>
  <RatingCount>36</RatingCount>
  <SeasonNumber>1</SeasonNumber>
  <Writer>Michael Ross</Writer>
  <absolute_number></absolute_number>
  <filename>episodes/84021/446646.jpg</filename>
  <lastupdated>1307286706</lastupdated>
  <seasonid>37940</seasonid>
  <seriesid>84021</seriesid>
</Episode>
<Episode>
  <id>446647</id>
  <Combined_episodenumber>13</Combined_episodenumber>
  <Combined_season>1</Combined_season>
  <DVD_chapter></DVD_chapter>
  <DVD_discid></DVD_discid>
  <DVD_episodenumber></DVD_episodenumber>
  <DVD_season></DVD_season>
  <Director>Michael Spiller</Director>
  <EpImgFlag>2</EpImgFlag>
  <EpisodeName>Secrets and Lives</EpisodeName>
  <EpisodeNumber>13</EpisodeNumber>
  <FirstAired>2009-08-11</FirstAired>
  <GuestStars></GuestStars>
  <IMDB_ID>tt1482497</IMDB_ID>
  <Language>en</Language>
  <Overview>The team learns a shocking secret about Veronica when an invention goes awry. Meanwhile, Linda tries to set up Ted with another woman.</Overview>
  <ProductionCode></ProductionCode>
  <Rating>7.2</Rating>
  <RatingCount>33</RatingCount>
  <SeasonNumber>1</SeasonNumber>
  <Writer>|Dan O'Shannon|Mike Teverbaugh|</Writer>
  <absolute_number></absolute_number>
  <filename>episodes/84021/446647.jpg</filename>
  <lastupdated>1307286738</lastupdated>
  <seasonid>37940</seasonid>
  <seriesid>84021</seriesid>
</Episode>
<Episode>
  <id>1358881</id>
  <Combined_episodenumber>1</Combined_episodenumber>
  <Combined_season>2</Combined_season>
  <DVD_chapter></DVD_chapter>
  <DVD_discid></DVD_discid>
  <DVD_episodenumber></DVD_episodenumber>
  <DVD_season></DVD_season>
  <Director>Michael Fresco</Director>
  <EpImgFlag>2</EpImgFlag>
  <EpisodeName>Love Blurts</EpisodeName>
  <EpisodeNumber>1</EpisodeNumber>
  <FirstAired>2009-12-08</FirstAired>
  <GuestStars></GuestStars>
  <IMDB_ID></IMDB_ID>
  <Language>en</Language>
  <Overview>Veridian Dynamics tries matchmaking employees based on their genetic compatibility in hopes of saving on health insurance bills from imperfectly bred children. Ted and Linda balk at this until they meet their supposed matches -- Greg for Linda and Danielle for Ted -- and are instantly attracted despite themselves. Meanwhile, after Veronica finds out Lem is her perfect genetic match, she hounds him to make a donation to a sperm bank</Overview>
  <ProductionCode></ProductionCode>
  <Rating>7.6</Rating>
  <RatingCount>38</RatingCount>
  <SeasonNumber>2</SeasonNumber>
  <Writer>Kat Likkel|John Hoberg</Writer>
  <absolute_number></absolute_number>
  <filename>episodes/84021/1358881.jpg</filename>
  <lastupdated>1334353204</lastupdated>
  <seasonid>146911</seasonid>
  <seriesid>84021</seriesid>
</Episode>
<Episode>
  <id>1309681</id>
  <Combined_episodenumber>2</Combined_episodenumber>
  <Combined_season>2</Combined_season>
  <DVD_chapter></DVD_chapter>
  <DVD_discid></DVD_discid>
  <DVD_episodenumber></DVD_episodenumber>
  <DVD_season></DVD_season>
  <Director>Chris Koch</Director>
  <EpImgFlag>2</EpImgFlag>
  <EpisodeName>The Lawyer, The Lemur and the Little Listener</EpisodeName>
  <EpisodeNumber>2</EpisodeNumber>
  <FirstAired>2009-12-15</FirstAired>
  <GuestStars>|Chelsey Crisp|Brandon Molale|Matt Miller|Terry Rhoads|</GuestStars>
  <IMDB_ID></IMDB_ID>
  <Language>en</Language>
  <Overview>When a wave of layoff hits Veridian and little Rose seems to have inside info because of a friend in her Hive playgroup, Veronica tries to pump her for information, much to Ted's disapproval. Meanwhile, Linda is elated to sell her first children's book -- until someone points out that her lead character, a lemur, is the spitting image of Phil -- and Lem starts a passionate affair with one of the company lawyers, only to find out that his paycheck is being docked for the &quot;billable hours&quot; he's spending with his new girlfriend.</Overview>
  <ProductionCode></ProductionCode>
  <Rating>7.7</Rating>
  <RatingCount>33</RatingCount>
  <SeasonNumber>2</SeasonNumber>
  <Writer>Tim Doyle</Writer>
  <absolute_number></absolute_number>
  <filename>episodes/84021/1309681.jpg</filename>
  <lastupdated>1334353385</lastupdated>
  <seasonid>146911</seasonid>
  <seriesid>84021</seriesid>
</Episode>
<Episode>
  <id>1409171</id>
  <Combined_episodenumber>3</Combined_episodenumber>
  <Combined_season>2</Combined_season>
  <DVD_chapter></DVD_chapter>
  <DVD_discid></DVD_discid>
  <DVD_episodenumber></DVD_episodenumber>
  <DVD_season></DVD_season>
  <Director>Marc Buckland</Director>
  <EpImgFlag>2</EpImgFlag>
  <EpisodeName>Battle of the Bulbs</EpisodeName>
  <EpisodeNumber>3</EpisodeNumber>
  <FirstAired>2009-12-22</FirstAired>
  <GuestStars>|Khandi Alexander|Maz Jobrani|Terry Rhoads|</GuestStars>
  <IMDB_ID></IMDB_ID>
  <Language>en</Language>
  <Overview>Lem flips out when his mother, a brilliant scientist who has always intimidated him, comes to visit and begins an affair with Dr. Bhamba. Meanwhile, Ted gets miffed when Linda suddenly gets all the credit after she makes a suggestion to improve on his prize project, a light bulb that burns forever.</Overview>
  <ProductionCode></ProductionCode>
  <Rating>7.3</Rating>
  <RatingCount>34</RatingCount>
  <SeasonNumber>2</SeasonNumber>
  <Writer>Michael Shipley</Writer>
  <absolute_number></absolute_number>
  <filename>episodes/84021/1409171.jpg</filename>
  <lastupdated>1346453115</lastupdated>
  <seasonid>146911</seasonid>
  <seriesid>84021</seriesid>
</Episode>
<Episode>
  <id>1409181</id>
  <Combined_episodenumber>4</Combined_episodenumber>
  <Combined_season>2</Combined_season>
  <DVD_chapter></DVD_chapter>
  <DVD_discid></DVD_discid>
  <DVD_episodenumber></DVD_episodenumber>
  <DVD_season></DVD_season>
  <Director>Marc Buckland</Director>
  <EpImgFlag>2</EpImgFlag>
  <EpisodeName>It's Nothing Business, It's Just Personal</EpisodeName>
  <EpisodeNumber>4</EpisodeNumber>
  <FirstAired>2009-12-29</FirstAired>
  <GuestStars>|Mark Deklin|Carla Jimenez|Gary Rubenstein|Bill Stevenson|</GuestStars>
  <IMDB_ID></IMDB_ID>
  <Language>en</Language>
  <Overview>When Veronica's sexy magician boyfriend Mordor comes to town and she starts slacking off at work big time, Ted tries to interfere in her love life to get her back on track. Meanwhile, Lem is perplexed when he is mysteriously given a bright red lab coat while everyone else has plain white ones... Is someone at Veridian trying to tell him something?</Overview>
  <ProductionCode></ProductionCode>
  <Rating>7.5</Rating>
  <RatingCount>30</RatingCount>
  <SeasonNumber>2</SeasonNumber>
  <Writer>Victor Fresco</Writer>
  <absolute_number></absolute_number>
  <filename>episodes/84021/1409181.jpg</filename>
  <lastupdated>1334353553</lastupdated>
  <seasonid>146911</seasonid>
  <seriesid>84021</seriesid>
</Episode>
<Episode>
  <id>1409191</id>
  <Combined_episodenumber>5</Combined_episodenumber>
  <Combined_season>2</Combined_season>
  <DVD_chapter></DVD_chapter>
  <DVD_discid></DVD_discid>
  <DVD_episodenumber></DVD_episodenumber>
  <DVD_season></DVD_season>
  <Director>Reggie Hudlin</Director>
  <EpImgFlag>2</EpImgFlag>
  <EpisodeName>The Great Repression</EpisodeName>
  <EpisodeNumber>5</EpisodeNumber>
  <FirstAired>2010-01-01</FirstAired>
  <GuestStars>|Merrin Dungey|Jake Dogias|Jennifer Irwin|Jake Dogias|Jerry Kernion|Said Farid|Chistina Ferraro|Kristi Clainos|Wilmer Calderon|</GuestStars>
  <IMDB_ID></IMDB_ID>
  <Language>en</Language>
  <Overview>When a misunderstanding leads oddball Sheila to falsely accuse both Ted and Linda of sexual harassment, Veronica comes up with a solution to avoid having them punished. She convinces Veridian to classify sexual harassment as a disease so anyone accused of it can't be held responsible. But when the employees get wind of the new rule, things start to get a little crazy in the office.</Overview>
  <ProductionCode></ProductionCode>
  <Rating>7.6</Rating>
  <RatingCount>30</RatingCount>
  <SeasonNumber>2</SeasonNumber>
  <Writer>|Becky Mann|Audra Sielaaf|</Writer>
  <absolute_number></absolute_number>
  <filename>episodes/84021/1409191.jpg</filename>
  <lastupdated>1334353638</lastupdated>
  <seasonid>146911</seasonid>
  <seriesid>84021</seriesid>
</Episode>
<Episode>
  <id>1309701</id>
  <Combined_episodenumber>6</Combined_episodenumber>
  <Combined_season>2</Combined_season>
  <DVD_chapter></DVD_chapter>
  <DVD_discid></DVD_discid>
  <DVD_episodenumber></DVD_episodenumber>
  <DVD_season></DVD_season>
  <Director>Marc Buckland</Director>
  <EpImgFlag>2</EpImgFlag>
  <EpisodeName>Beating a Dead Workforce</EpisodeName>
  <EpisodeNumber>6</EpisodeNumber>
  <FirstAired>2010-01-05</FirstAired>
  <GuestStars>|Merrin Dungey|Warren Sweeney|Brad Raider|Graham Norris|</GuestStars>
  <IMDB_ID></IMDB_ID>
  <Language>en</Language>
  <Overview>After an employee literally drops dead in the midst of Veridian's big push to finish a major project -- a machine that ironically will get people to sleep -- Veronica tries to use the incident as inspiration to make the staff work even harder.</Overview>
  <ProductionCode></ProductionCode>
  <Rating>7.3</Rating>
  <RatingCount>33</RatingCount>
  <SeasonNumber>2</SeasonNumber>
  <Writer>Ingrid Escajeda</Writer>
  <absolute_number></absolute_number>
  <filename>episodes/84021/1309701.jpg</filename>
  <lastupdated>1334353677</lastupdated>
  <seasonid>146911</seasonid>
  <seriesid>84021</seriesid>
</Episode>
<Episode>
  <id>1309691</id>
  <Combined_episodenumber>7</Combined_episodenumber>
  <Combined_season>2</Combined_season>
  <DVD_chapter></DVD_chapter>
  <DVD_discid></DVD_discid>
  <DVD_episodenumber></DVD_episodenumber>
  <DVD_season></DVD_season>
  <Director>Lee Shallat Chemel</Director>
  <EpImgFlag>2</EpImgFlag>
  <EpisodeName>Change We Can't Believe In</EpisodeName>
  <EpisodeNumber>7</EpisodeNumber>
  <FirstAired>2010-01-05</FirstAired>
  <GuestStars>|Chip Chinery|Creed Bratton|Lydia Blanco|</GuestStars>
  <IMDB_ID></IMDB_ID>
  <Language>en</Language>
  <Overview>Ted struggles with an overly talkative security guard who worships him and wants to be his best friend. Meanwhile, a terrified Phil and Lem face the prospect of working alone with Veronica for the first time.</Overview>
  <ProductionCode></ProductionCode>
  <Rating>7.4</Rating>
  <RatingCount>26</RatingCount>
  <SeasonNumber>2</SeasonNumber>
  <Writer>|Elijah Aron|Jordan Young|</Writer>
  <absolute_number></absolute_number>
  <filename>episodes/84021/1309691.jpg</filename>
  <lastupdated>1334353746</lastupdated>
  <seasonid>146911</seasonid>
  <seriesid>84021</seriesid>
</Episode>
<Episode>
  <id>1419801</id>
  <Combined_episodenumber>8</Combined_episodenumber>
  <Combined_season>2</Combined_season>
  <DVD_chapter></DVD_chapter>
  <DVD_discid></DVD_discid>
  <DVD_episodenumber></DVD_episodenumber>
  <DVD_season></DVD_season>
  <Director>Michael Fresco</Director>
  <EpImgFlag>2</EpImgFlag>
  <EpisodeName>The Impertence of Communicationizing</EpisodeName>
  <EpisodeNumber>8</EpisodeNumber>
  <FirstAired>2010-01-12</FirstAired>
  <GuestStars>|Chris Parnell|Patricia Belcher|Vivian Bang|Jake Dogias|Richard Robichaux|</GuestStars>
  <IMDB_ID></IMDB_ID>
  <Language>en</Language>
  <Overview>When a typo in a memo about inappropriate behavior at Veridian Dynamics orders employees to now engage in offensive language, Ted tries to convince the company to correct the error, but not before the insults start flying. Meanwhile, Veronica is afraid, and guilty. If the company can make such a stupid mistake, can it be that her own promotion is the result of a typo on a memo meant for W. Palmer and not V. Palmer?</Overview>
  <ProductionCode></ProductionCode>
  <Rating>7.7</Rating>
  <RatingCount>28</RatingCount>
  <SeasonNumber>2</SeasonNumber>
  <Writer>Mike Teverbaugh</Writer>
  <absolute_number></absolute_number>
  <filename>episodes/84021/1419801.jpg</filename>
  <lastupdated>1334353821</lastupdated>
  <seasonid>146911</seasonid>
  <seriesid>84021</seriesid>
</Episode>
<Episode>
  <id>1419811</id>
  <Combined_episodenumber>9</Combined_episodenumber>
  <Combined_season>2</Combined_season>
  <DVD_chapter></DVD_chapter>
  <DVD_discid></DVD_discid>
  <DVD_episodenumber></DVD_episodenumber>
  <DVD_season></DVD_season>
  <Director>Michael Spiller</Director>
  <EpImgFlag>2</EpImgFlag>
  <EpisodeName>The Long and Winding High Road</EpisodeName>
  <EpisodeNumber>9</EpisodeNumber>
  <FirstAired>2010-01-12</FirstAired>
  <GuestStars>|Kyle Bornheimer|Carla Jimenez|Martha Boles|Terry Rhoads|Leanne Wilson|Omi Vaiya|</GuestStars>
  <IMDB_ID></IMDB_ID>
  <Language>en</Language>
  <Overview>Ted insists on taking the high road after his nemesis at work comes up with almost the exact same project that Ted's team has been working on. But Veronica will stop at nothing to get the upper hand, enlisting Linda and even little Rose's help in sabotaging the rival project</Overview>
  <ProductionCode></ProductionCode>
  <Rating>7.7</Rating>
  <RatingCount>27</RatingCount>
  <SeasonNumber>2</SeasonNumber>
  <Writer>Michael A. Ross</Writer>
  <absolute_number></absolute_number>
  <filename>episodes/84021/1419811.jpg</filename>
  <lastupdated>1334353872</lastupdated>
  <seasonid>146911</seasonid>
  <seriesid>84021</seriesid>
</Episode>
<Episode>
  <id>1412581</id>
  <Combined_episodenumber>10</Combined_episodenumber>
  <Combined_season>2</Combined_season>
  <DVD_chapter></DVD_chapter>
  <DVD_discid></DVD_discid>
  <DVD_episodenumber></DVD_episodenumber>
  <DVD_season></DVD_season>
  <Director>Lee Shallat Chemel</Director>
  <EpImgFlag>2</EpImgFlag>
  <EpisodeName>Lust in Translation</EpisodeName>
  <EpisodeNumber>10</EpisodeNumber>
  <FirstAired>2010-01-19</FirstAired>
  <GuestStars>|Stefanie von Pfetten|Rizwan Manji|Stefan Marks|Hans Tester|</GuestStars>
  <IMDB_ID></IMDB_ID>
  <Language>en</Language>
  <Overview>Ted romances a beautiful German executive who can't speak a word of English. It doesn't matter Veridian is developing a translation device for her company, enabling the two to communicate. The problem is, the voice of the device is Phil's, which ruins the mood for Ted.</Overview>
  <ProductionCode></ProductionCode>
  <Rating>8.0</Rating>
  <RatingCount>24</RatingCount>
  <SeasonNumber>2</SeasonNumber>
  <Writer>Michael Shipley</Writer>
  <absolute_number></absolute_number>
  <filename>episodes/84021/1412581.jpg</filename>
  <lastupdated>1334353953</lastupdated>
  <seasonid>146911</seasonid>
  <seriesid>84021</seriesid>
</Episode>
<Episode>
  <id>1531711</id>
  <Combined_episodenumber>11</Combined_episodenumber>
  <Combined_season>2</Combined_season>
  <DVD_chapter></DVD_chapter>
  <DVD_discid></DVD_discid>
  <DVD_episodenumber></DVD_episodenumber>
  <DVD_season></DVD_season>
  <Director>Marc Buckland</Director>
  <EpImgFlag>2</EpImgFlag>
  <EpisodeName>Mess of a Salesman</EpisodeName>
  <EpisodeNumber>11</EpisodeNumber>
  <FirstAired>2010-01-26</FirstAired>
  <GuestStars>Eddie McClintock</GuestStars>
  <IMDB_ID></IMDB_ID>
  <Language>en</Language>
  <Overview>Ted helps his fast talking brother, Billy, get a job selling lab equipment for one of Veridian's biggest suppliers, but no good deed goes unpunished, as Billy proceeds to sell Veridian more equipment than they could ever use and corrupts Phil and Lem in the process. Meanwhile, a charity for girls that Veridian supports gives Veronica an award, but when she and Linda learn that the company actually gives very little of the money it raises to the charity, they set out to make things right.</Overview>
  <ProductionCode></ProductionCode>
  <Rating>7.7</Rating>
  <RatingCount>29</RatingCount>
  <SeasonNumber>2</SeasonNumber>
  <Writer>Tim Doyle</Writer>
  <absolute_number></absolute_number>
  <filename>episodes/84021/1531711.jpg</filename>
  <lastupdated>1334354026</lastupdated>
  <seasonid>146911</seasonid>
  <seriesid>84021</seriesid>
</Episode>
<Episode>
  <id>2302071</id>
  <Combined_episodenumber>12</Combined_episodenumber>
  <Combined_season>2</Combined_season>
  <DVD_chapter></DVD_chapter>
  <DVD_discid></DVD_discid>
  <DVD_episodenumber></DVD_episodenumber>
  <DVD_season></DVD_season>
  <Director>Michael Spiller</Director>
  <EpImgFlag>2</EpImgFlag>
  <EpisodeName>It's My Party and I'll Lie If I Want To</EpisodeName>
  <EpisodeNumber>12</EpisodeNumber>
  <FirstAired>2010-08-17</FirstAired>
  <GuestStars></GuestStars>
  <IMDB_ID></IMDB_ID>
  <Language>en</Language>
  <Overview>Veronica is suspicious that Ted might be using his daughter to bond with the boss in an effort to advance his career. Meanwhile, Phil and Lem tentatively start a friendship with Linda.      </Overview>
  <ProductionCode></ProductionCode>
  <Rating>7.7</Rating>
  <RatingCount>31</RatingCount>
  <SeasonNumber>2</SeasonNumber>
  <Writer>Mike Teverbaugh</Writer>
  <absolute_number></absolute_number>
  <filename>episodes/84021/2302071.jpg</filename>
  <lastupdated>1334354120</lastupdated>
  <seasonid>146911</seasonid>
  <seriesid>84021</seriesid>
</Episode>
<Episode>
  <id>2302081</id>
  <Combined_episodenumber>13</Combined_episodenumber>
  <Combined_season>2</Combined_season>
  <DVD_chapter></DVD_chapter>
  <DVD_discid></DVD_discid>
  <DVD_episodenumber></DVD_episodenumber>
  <DVD_season></DVD_season>
  <Director>Lee Shallat-Chemel</Director>
  <EpImgFlag>2</EpImgFlag>
  <EpisodeName>Swag the Dog</EpisodeName>
  <EpisodeNumber>13</EpisodeNumber>
  <FirstAired>2010-08-24</FirstAired>
  <GuestStars></GuestStars>
  <IMDB_ID></IMDB_ID>
  <Language>en</Language>
  <Overview>Phil and Lem embark on a quest to gain respect around the office, Veronica goes on a reluctant treasure hunt inside the Veridian building, and Ted has to confront rumors of staff favoritism. </Overview>
  <ProductionCode></ProductionCode>
  <Rating>7.9</Rating>
  <RatingCount>32</RatingCount>
  <SeasonNumber>2</SeasonNumber>
  <Writer>Michael A. Ross</Writer>
  <absolute_number></absolute_number>
  <filename>episodes/84021/2302081.jpg</filename>
  <lastupdated>1334354153</lastupdated>
  <seasonid>146911</seasonid>
  <seriesid>84021</seriesid>
</Episode>
</Data>