<?xml version="1.0" encoding="UTF-8" ?>
<Actors>
<Actor>
  <id>52799</id>
  <Image>actors/52799.jpg</Image>
  <Name>Carey Means</Name>
  <Role>Frylock</Role>
  <SortOrder>3</SortOrder>
</Actor>
<Actor>
  <id>52798</id>
  <Image>actors/52798.jpg</Image>
  <Name>Dave Willis</Name>
  <Role>Meatwad and Carl</Role>
  <SortOrder>3</SortOrder>
</Actor>
<Actor>
  <id>52797</id>
  <Image>actors/52797.jpg</Image>
  <Name>Dana Snyder</Name>
  <Role>Master Shake</Role>
  <SortOrder>3</SortOrder>
</Actor>
<Actor>
  <id>52796</id>
  <Image>actors/52796.jpg</Image>
  <Name>Schoolly D</Name>
  <Role>Narrator</Role>
  <SortOrder>3</SortOrder>
</Actor>
<Actor>
  <id>52800</id>
  <Image></Image>
  <Name>C. Martin Croker</Name>
  <Role></Role>
  <SortOrder>3</SortOrder>
</Actor>
</Actors>