<?xml version="1.0" encoding="UTF-8" ?>
<Actors>
<Actor>
  <id>71839</id>
  <Image></Image>
  <Name>David Oyelowo</Name>
  <Role></Role>
  <SortOrder>3</SortOrder>
</Actor>
<Actor>
  <id>71843</id>
  <Image></Image>
  <Name>Edward Woodward</Name>
  <Role></Role>
  <SortOrder>3</SortOrder>
</Actor>
<Actor>
  <id>71840</id>
  <Image></Image>
  <Name>Hugh Bonneville</Name>
  <Role></Role>
  <SortOrder>3</SortOrder>
</Actor>
<Actor>
  <id>71842</id>
  <Image></Image>
  <Name>Janet McTeer</Name>
  <Role></Role>
  <SortOrder>3</SortOrder>
</Actor>
<Actor>
  <id>71841</id>
  <Image></Image>
  <Name>Sarah Smart</Name>
  <Role></Role>
  <SortOrder>3</SortOrder>
</Actor>
</Actors>