<?xml version="1.0" encoding="UTF-8" ?>
<Data><Series>
  <id>80895</id>
  <Actors>|David Oyelowo|Edward Woodward|Hugh Bonneville|Janet McTeer|Sarah Smart|</Actors>
  <Airs_DayOfWeek>Tuesday</Airs_DayOfWeek>
  <Airs_Time>19:00</Airs_Time>
  <ContentRating>TV-PG</ContentRating>
  <FirstAired>2007-10-02</FirstAired>
  <Genre>|Drama|</Genre>
  <IMDB_ID>tt0840094</IMDB_ID>
  <Language>en</Language>
  <Network>BBC One</Network>
  <NetworkID></NetworkID>
  <Overview>HBO Films presents this five-part mini-series in association with the BBC. This thriller tracks the five intense days following an abduction of a young mother in the suburbs of England. It originally aired on the BBC.</Overview>
  <Rating>8.0</Rating>
  <RatingCount>2</RatingCount>
  <Runtime>60</Runtime>
  <SeriesID>74747</SeriesID>
  <SeriesName>Five Days</SeriesName>
  <Status>Continuing</Status>
  <added></added>
  <addedBy></addedBy>
  <banner>graphical/80895-g.jpg</banner>
  <fanart>fanart/original/80895-1.jpg</fanart>
  <lastupdated>1314637831</lastupdated>
  <poster>posters/80895-1.jpg</poster>
  <zap2it_id>SH960860</zap2it_id>
</Series>
<Episode>
  <id>1077251</id>
  <Combined_episodenumber>1</Combined_episodenumber>
  <Combined_season>0</Combined_season>
  <DVD_chapter></DVD_chapter>
  <DVD_discid></DVD_discid>
  <DVD_episodenumber></DVD_episodenumber>
  <DVD_season></DVD_season>
  <Director></Director>
  <EpImgFlag></EpImgFlag>
  <EpisodeName>Making of Five Days</EpisodeName>
  <EpisodeNumber>1</EpisodeNumber>
  <FirstAired></FirstAired>
  <GuestStars></GuestStars>
  <IMDB_ID></IMDB_ID>
  <Language>en</Language>
  <Overview></Overview>
  <ProductionCode></ProductionCode>
  <Rating></Rating>
  <RatingCount>0</RatingCount>
  <SeasonNumber>0</SeasonNumber>
  <Writer></Writer>
  <absolute_number></absolute_number>
  <airsafter_season></airsafter_season>
  <airsbefore_episode></airsbefore_episode>
  <airsbefore_season></airsbefore_season>
  <filename></filename>
  <lastupdated>1252985775</lastupdated>
  <seasonid>29541</seasonid>
  <seriesid>80895</seriesid>
</Episode>
<Episode>
  <id>1108771</id>
  <Combined_episodenumber>2</Combined_episodenumber>
  <Combined_season>0</Combined_season>
  <DVD_chapter></DVD_chapter>
  <DVD_discid></DVD_discid>
  <DVD_episodenumber></DVD_episodenumber>
  <DVD_season></DVD_season>
  <Director></Director>
  <EpImgFlag></EpImgFlag>
  <EpisodeName>Day 79 (Alternate Ending)</EpisodeName>
  <EpisodeNumber>2</EpisodeNumber>
  <FirstAired></FirstAired>
  <GuestStars></GuestStars>
  <IMDB_ID></IMDB_ID>
  <Language>en</Language>
  <Overview></Overview>
  <ProductionCode></ProductionCode>
  <Rating></Rating>
  <RatingCount>0</RatingCount>
  <SeasonNumber>0</SeasonNumber>
  <Writer></Writer>
  <absolute_number></absolute_number>
  <airsafter_season>1</airsafter_season>
  <airsbefore_episode></airsbefore_episode>
  <airsbefore_season></airsbefore_season>
  <filename></filename>
  <lastupdated>1253757209</lastupdated>
  <seasonid>29541</seasonid>
  <seriesid>80895</seriesid>
</Episode>
<Episode>
  <id>343689</id>
  <Combined_episodenumber>1</Combined_episodenumber>
  <Combined_season>1</Combined_season>
  <DVD_chapter></DVD_chapter>
  <DVD_discid></DVD_discid>
  <DVD_episodenumber></DVD_episodenumber>
  <DVD_season></DVD_season>
  <Director>Otto Bathurst</Director>
  <EpImgFlag></EpImgFlag>
  <EpisodeName>Day 1</EpisodeName>
  <EpisodeNumber>1</EpisodeNumber>
  <FirstAired>2007-10-02</FirstAired>
  <GuestStars></GuestStars>
  <IMDB_ID></IMDB_ID>
  <Language>en</Language>
  <Overview>While on a trip to visit her grandfather, an attractive mother and two of her children mysteriously disappear. This leads to a desperate search to find them before it's too late.</Overview>
  <ProductionCode>101</ProductionCode>
  <Rating></Rating>
  <RatingCount>0</RatingCount>
  <SeasonNumber>1</SeasonNumber>
  <Writer>Gwyneth Hughes</Writer>
  <absolute_number>1</absolute_number>
  <filename>episodes/80895/343689.jpg</filename>
  <lastupdated>1309604021</lastupdated>
  <seasonid>29542</seasonid>
  <seriesid>80895</seriesid>
</Episode>
<Episode>
  <id>343690</id>
  <Combined_episodenumber>2</Combined_episodenumber>
  <Combined_season>1</Combined_season>
  <DVD_chapter></DVD_chapter>
  <DVD_discid></DVD_discid>
  <DVD_episodenumber></DVD_episodenumber>
  <DVD_season></DVD_season>
  <Director>Otto Bathurst</Director>
  <EpImgFlag></EpImgFlag>
  <EpisodeName>Day 3</EpisodeName>
  <EpisodeNumber>2</EpisodeNumber>
  <FirstAired>2007-10-09</FirstAired>
  <GuestStars></GuestStars>
  <IMDB_ID></IMDB_ID>
  <Language>en</Language>
  <Overview>Matt learns the shocking news that his missing wife, Leanne, is pregnant while attending a press conference organized by press officer Defne Topcu; Hazel is suspicious that her son Kyle may have been involved with the abduction and makes a call to the police; a major breakthrough happens when the flower seller is located.</Overview>
  <ProductionCode></ProductionCode>
  <Rating></Rating>
  <RatingCount>0</RatingCount>
  <SeasonNumber>1</SeasonNumber>
  <Writer>Gwyneth Hughes</Writer>
  <absolute_number>2</absolute_number>
  <filename>episodes/80895/343690.jpg</filename>
  <lastupdated>1309604128</lastupdated>
  <seasonid>29542</seasonid>
  <seriesid>80895</seriesid>
</Episode>
<Episode>
  <id>343691</id>
  <Combined_episodenumber>3</Combined_episodenumber>
  <Combined_season>1</Combined_season>
  <DVD_chapter></DVD_chapter>
  <DVD_discid></DVD_discid>
  <DVD_episodenumber></DVD_episodenumber>
  <DVD_season></DVD_season>
  <Director>Otto Bathurst</Director>
  <EpImgFlag>1</EpImgFlag>
  <EpisodeName>Day 28</EpisodeName>
  <EpisodeNumber>3</EpisodeNumber>
  <FirstAired>2007-10-16</FirstAired>
  <GuestStars></GuestStars>
  <IMDB_ID></IMDB_ID>
  <Language>en</Language>
  <Overview>Following the 28-day police review Barclay has turned Leanne's missing persons case in a murder investigation and Kyle Betts is the prime suspect; Matt spends his birthday in the company of Sarah, much to the displeasure of Leanne's parents; Farnes and Matt also discover that that Leanne bought a one-way airplane ticket to France, where her ex-husband lives, days before her disappearance.</Overview>
  <ProductionCode>103</ProductionCode>
  <Rating></Rating>
  <RatingCount>0</RatingCount>
  <SeasonNumber>1</SeasonNumber>
  <Writer>Gwyneth Hughes</Writer>
  <absolute_number>3</absolute_number>
  <filename>episodes/80895/343691.jpg</filename>
  <lastupdated>1309604332</lastupdated>
  <seasonid>29542</seasonid>
  <seriesid>80895</seriesid>
</Episode>
<Episode>
  <id>343692</id>
  <Combined_episodenumber>4</Combined_episodenumber>
  <Combined_season>1</Combined_season>
  <DVD_chapter></DVD_chapter>
  <DVD_discid></DVD_discid>
  <DVD_episodenumber></DVD_episodenumber>
  <DVD_season></DVD_season>
  <Director>Simon Curtis</Director>
  <EpImgFlag>1</EpImgFlag>
  <EpisodeName>Day 33</EpisodeName>
  <EpisodeNumber>4</EpisodeNumber>
  <FirstAired>2007-10-23</FirstAired>
  <GuestStars></GuestStars>
  <IMDB_ID></IMDB_ID>
  <Language>en</Language>
  <Overview>With the investigation in it’s fourth week, Matt become further estranged from Leanne’s parents in part because he gives an interview with a TV crew and also because of the constant presence of Sarah Wheeler in his life. Tanya and her estranged father attend a local fair which ends with a grisly discovery.</Overview>
  <ProductionCode></ProductionCode>
  <Rating>7.0</Rating>
  <RatingCount>1</RatingCount>
  <SeasonNumber>1</SeasonNumber>
  <Writer>Gwyneth Hughes</Writer>
  <absolute_number>4</absolute_number>
  <filename>episodes/80895/343692.jpg</filename>
  <lastupdated>1309604445</lastupdated>
  <seasonid>29542</seasonid>
  <seriesid>80895</seriesid>
</Episode>
<Episode>
  <id>343693</id>
  <Combined_episodenumber>5</Combined_episodenumber>
  <Combined_season>1</Combined_season>
  <DVD_chapter></DVD_chapter>
  <DVD_discid></DVD_discid>
  <DVD_episodenumber></DVD_episodenumber>
  <DVD_season></DVD_season>
  <Director>Simon Curtis</Director>
  <EpImgFlag>1</EpImgFlag>
  <EpisodeName>Day 79</EpisodeName>
  <EpisodeNumber>5</EpisodeNumber>
  <FirstAired>2007-10-30</FirstAired>
  <GuestStars></GuestStars>
  <IMDB_ID></IMDB_ID>
  <Language>en</Language>
  <Overview>The discovery of a burnt out van offers some new evidence to Barclay's investigation, as the suspect slips away; Matt joins Gary with the police, in a stakeout at the home of Hazel Betts; Amy celebrates her retirement with a party at a pub; several new clues bring Barclay and his team close to solving the case.</Overview>
  <ProductionCode></ProductionCode>
  <Rating></Rating>
  <RatingCount>0</RatingCount>
  <SeasonNumber>1</SeasonNumber>
  <Writer>Gwyneth Hughes</Writer>
  <absolute_number>5</absolute_number>
  <filename>episodes/80895/343693.jpg</filename>
  <lastupdated>1309604632</lastupdated>
  <seasonid>29542</seasonid>
  <seriesid>80895</seriesid>
</Episode>
<Episode>
  <id>1794531</id>
  <Combined_episodenumber>1</Combined_episodenumber>
  <Combined_season>2</Combined_season>
  <DVD_chapter></DVD_chapter>
  <DVD_discid></DVD_discid>
  <DVD_episodenumber></DVD_episodenumber>
  <DVD_season></DVD_season>
  <Director></Director>
  <EpImgFlag>2</EpImgFlag>
  <EpisodeName>Day 1</EpisodeName>
  <EpisodeNumber>1</EpisodeNumber>
  <FirstAired>2010-03-01</FirstAired>
  <GuestStars></GuestStars>
  <IMDB_ID></IMDB_ID>
  <Language>en</Language>
  <Overview>Off-duty police officer Laurie Franklin finds herself caught up in a strange sequence of events after a person falls in front of her train.</Overview>
  <ProductionCode></ProductionCode>
  <Rating>8.0</Rating>
  <RatingCount>1</RatingCount>
  <SeasonNumber>2</SeasonNumber>
  <Writer></Writer>
  <absolute_number></absolute_number>
  <filename>episodes/80895/1794531.jpg</filename>
  <lastupdated>1286105213</lastupdated>
  <seasonid>201501</seasonid>
  <seriesid>80895</seriesid>
</Episode>
<Episode>
  <id>1794541</id>
  <Combined_episodenumber>2</Combined_episodenumber>
  <Combined_season>2</Combined_season>
  <DVD_chapter></DVD_chapter>
  <DVD_discid></DVD_discid>
  <DVD_episodenumber></DVD_episodenumber>
  <DVD_season></DVD_season>
  <Director></Director>
  <EpImgFlag>2</EpImgFlag>
  <EpisodeName>Day 2</EpisodeName>
  <EpisodeNumber>2</EpisodeNumber>
  <FirstAired>2010-03-02</FirstAired>
  <GuestStars></GuestStars>
  <IMDB_ID></IMDB_ID>
  <Language>en</Language>
  <Overview>One day later the police are struggling to find out more about how the victim died, and the abandoned baby's identity is still a mystery.</Overview>
  <ProductionCode></ProductionCode>
  <Rating>8.0</Rating>
  <RatingCount>1</RatingCount>
  <SeasonNumber>2</SeasonNumber>
  <Writer></Writer>
  <absolute_number></absolute_number>
  <filename>episodes/80895/1794541.jpg</filename>
  <lastupdated>1286105354</lastupdated>
  <seasonid>201501</seasonid>
  <seriesid>80895</seriesid>
</Episode>
<Episode>
  <id>1794551</id>
  <Combined_episodenumber>3</Combined_episodenumber>
  <Combined_season>2</Combined_season>
  <DVD_chapter></DVD_chapter>
  <DVD_discid></DVD_discid>
  <DVD_episodenumber></DVD_episodenumber>
  <DVD_season></DVD_season>
  <Director></Director>
  <EpImgFlag>2</EpImgFlag>
  <EpisodeName>Day 8</EpisodeName>
  <EpisodeNumber>3</EpisodeNumber>
  <FirstAired>2010-03-03</FirstAired>
  <GuestStars></GuestStars>
  <IMDB_ID></IMDB_ID>
  <Language>en</Language>
  <Overview>A week on, the police carry out a reconstruction of events. Meanwhile, family tensions mount for Nusrat and Danny.</Overview>
  <ProductionCode></ProductionCode>
  <Rating>8.0</Rating>
  <RatingCount>1</RatingCount>
  <SeasonNumber>2</SeasonNumber>
  <Writer></Writer>
  <absolute_number></absolute_number>
  <filename>episodes/80895/1794551.jpg</filename>
  <lastupdated>1286105478</lastupdated>
  <seasonid>201501</seasonid>
  <seriesid>80895</seriesid>
</Episode>
<Episode>
  <id>1794561</id>
  <Combined_episodenumber>4</Combined_episodenumber>
  <Combined_season>2</Combined_season>
  <DVD_chapter></DVD_chapter>
  <DVD_discid></DVD_discid>
  <DVD_episodenumber></DVD_episodenumber>
  <DVD_season></DVD_season>
  <Director></Director>
  <EpImgFlag>2</EpImgFlag>
  <EpisodeName>Day 37</EpisodeName>
  <EpisodeNumber>4</EpisodeNumber>
  <FirstAired>2010-03-04</FirstAired>
  <GuestStars></GuestStars>
  <IMDB_ID></IMDB_ID>
  <Language>en</Language>
  <Overview>A month has passed. A royal visit to the town turns nasty, and one character receives a visit from someone who seems to know more about what happened on the bridge.</Overview>
  <ProductionCode></ProductionCode>
  <Rating>7.0</Rating>
  <RatingCount>1</RatingCount>
  <SeasonNumber>2</SeasonNumber>
  <Writer></Writer>
  <absolute_number></absolute_number>
  <filename>episodes/80895/1794561.jpg</filename>
  <lastupdated>1286105586</lastupdated>
  <seasonid>201501</seasonid>
  <seriesid>80895</seriesid>
</Episode>
<Episode>
  <id>1794571</id>
  <Combined_episodenumber>5</Combined_episodenumber>
  <Combined_season>2</Combined_season>
  <DVD_chapter></DVD_chapter>
  <DVD_discid></DVD_discid>
  <DVD_episodenumber></DVD_episodenumber>
  <DVD_season></DVD_season>
  <Director></Director>
  <EpImgFlag>2</EpImgFlag>
  <EpisodeName>Day 102</EpisodeName>
  <EpisodeNumber>5</EpisodeNumber>
  <FirstAired>2010-03-05</FirstAired>
  <GuestStars></GuestStars>
  <IMDB_ID></IMDB_ID>
  <Language>en</Language>
  <Overview>A couple of months have passed. Will the police get to the bottom of what really happened on day one? And what does the future hold for baby Michael?</Overview>
  <ProductionCode></ProductionCode>
  <Rating></Rating>
  <RatingCount>0</RatingCount>
  <SeasonNumber>2</SeasonNumber>
  <Writer></Writer>
  <absolute_number></absolute_number>
  <filename>episodes/80895/1794571.jpg</filename>
  <lastupdated>1286105692</lastupdated>
  <seasonid>201501</seasonid>
  <seriesid>80895</seriesid>
</Episode>
</Data>