<?xml version="1.0" encoding="UTF-8" ?>
<Actors>
<Actor>
  <id>45244</id>
  <Image>actors/45244.jpg</Image>
  <Name>George Newbern</Name>
  <Role>Superman</Role>
  <SortOrder>0</SortOrder>
</Actor>
<Actor>
  <id>45242</id>
  <Image>actors/45242.jpg</Image>
  <Name>Kevin Conroy</Name>
  <Role>Batman</Role>
  <SortOrder>1</SortOrder>
</Actor>
<Actor>
  <id>45241</id>
  <Image>actors/45241.jpg</Image>
  <Name>Susan Eisenberg</Name>
  <Role>Wonder Woman</Role>
  <SortOrder>2</SortOrder>
</Actor>
<Actor>
  <id>45245</id>
  <Image>actors/45245.jpg</Image>
  <Name>Maria Canals</Name>
  <Role>Hawkgirl</Role>
  <SortOrder>3</SortOrder>
</Actor>
<Actor>
  <id>45243</id>
  <Image>actors/45243.jpg</Image>
  <Name>Phil LaMarr</Name>
  <Role>Green Lantern</Role>
  <SortOrder>3</SortOrder>
</Actor>
<Actor>
  <id>45240</id>
  <Image>actors/45240.jpg</Image>
  <Name>Michael Rosenbaum</Name>
  <Role>The Flash</Role>
  <SortOrder>3</SortOrder>
</Actor>
<Actor>
  <id>45239</id>
  <Image>actors/45239.jpg</Image>
  <Name>Carl Lumbly</Name>
  <Role>Martian Manhunter</Role>
  <SortOrder>3</SortOrder>
</Actor>
</Actors>