<?xml version="1.0" encoding="UTF-8" ?>
<Banners>
<Banner>
  <id>39030</id>
  <BannerPath>fanart/original/76320-4.jpg</BannerPath>
  <BannerType>fanart</BannerType>
  <BannerType2>1280x720</BannerType2>
  <Colors>|176,13,34|55,140,107|15,54,113|</Colors>
  <Language>en</Language>
  <Rating>9.3333</Rating>
  <RatingCount>6</RatingCount>
  <SeriesName>false</SeriesName>
  <ThumbnailPath>_cache/fanart/original/76320-4.jpg</ThumbnailPath>
  <VignettePath>fanart/vignette/76320-4.jpg</VignettePath>
</Banner>
<Banner>
  <id>901863</id>
  <BannerPath>fanart/original/76320-10.jpg</BannerPath>
  <BannerType>fanart</BannerType>
  <BannerType2>1920x1080</BannerType2>
  <Colors></Colors>
  <Language>en</Language>
  <Rating>7.0000</Rating>
  <RatingCount>3</RatingCount>
  <SeriesName>false</SeriesName>
  <ThumbnailPath>_cache/fanart/original/76320-10.jpg</ThumbnailPath>
  <VignettePath>fanart/vignette/76320-10.jpg</VignettePath>
</Banner>
<Banner>
  <id>29595</id>
  <BannerPath>fanart/original/76320-3.jpg</BannerPath>
  <BannerType>fanart</BannerType>
  <BannerType2>1280x720</BannerType2>
  <Colors></Colors>
  <Language>en</Language>
  <Rating>5.1667</Rating>
  <RatingCount>6</RatingCount>
  <SeriesName>false</SeriesName>
  <ThumbnailPath>_cache/fanart/original/76320-3.jpg</ThumbnailPath>
  <VignettePath>fanart/vignette/76320-3.jpg</VignettePath>
</Banner>
<Banner>
  <id>21499</id>
  <BannerPath>fanart/original/76320-1.jpg</BannerPath>
  <BannerType>fanart</BannerType>
  <BannerType2>1280x720</BannerType2>
  <Colors></Colors>
  <Language>en</Language>
  <Rating>2.7500</Rating>
  <RatingCount>4</RatingCount>
  <SeriesName>false</SeriesName>
  <ThumbnailPath>_cache/fanart/original/76320-1.jpg</ThumbnailPath>
  <VignettePath>fanart/vignette/76320-1.jpg</VignettePath>
</Banner>
<Banner>
  <id>29594</id>
  <BannerPath>fanart/original/76320-2.jpg</BannerPath>
  <BannerType>fanart</BannerType>
  <BannerType2>1280x720</BannerType2>
  <Colors>|220,220,220|226,132,34|2,4,3|</Colors>
  <Language>en</Language>
  <Rating>1.0000</Rating>
  <RatingCount>2</RatingCount>
  <SeriesName>false</SeriesName>
  <ThumbnailPath>_cache/fanart/original/76320-2.jpg</ThumbnailPath>
  <VignettePath>fanart/vignette/76320-2.jpg</VignettePath>
</Banner>
<Banner>
  <id>868947</id>
  <BannerPath>fanart/original/76320-5.jpg</BannerPath>
  <BannerType>fanart</BannerType>
  <BannerType2>1920x1080</BannerType2>
  <Colors></Colors>
  <Language>en</Language>
  <Rating></Rating>
  <RatingCount>0</RatingCount>
  <SeriesName>false</SeriesName>
  <ThumbnailPath>_cache/fanart/original/76320-5.jpg</ThumbnailPath>
  <VignettePath>fanart/vignette/76320-5.jpg</VignettePath>
</Banner>
<Banner>
  <id>887287</id>
  <BannerPath>fanart/original/76320-9.jpg</BannerPath>
  <BannerType>fanart</BannerType>
  <BannerType2>1920x1080</BannerType2>
  <Colors></Colors>
  <Language>en</Language>
  <Rating></Rating>
  <RatingCount>0</RatingCount>
  <SeriesName>false</SeriesName>
  <ThumbnailPath>_cache/fanart/original/76320-9.jpg</ThumbnailPath>
  <VignettePath>fanart/vignette/76320-9.jpg</VignettePath>
</Banner>
<Banner>
  <id>887286</id>
  <BannerPath>fanart/original/76320-8.jpg</BannerPath>
  <BannerType>fanart</BannerType>
  <BannerType2>1920x1080</BannerType2>
  <Colors></Colors>
  <Language>en</Language>
  <Rating></Rating>
  <RatingCount>0</RatingCount>
  <SeriesName>false</SeriesName>
  <ThumbnailPath>_cache/fanart/original/76320-8.jpg</ThumbnailPath>
  <VignettePath>fanart/vignette/76320-8.jpg</VignettePath>
</Banner>
<Banner>
  <id>887285</id>
  <BannerPath>fanart/original/76320-7.jpg</BannerPath>
  <BannerType>fanart</BannerType>
  <BannerType2>1920x1080</BannerType2>
  <Colors></Colors>
  <Language>en</Language>
  <Rating></Rating>
  <RatingCount>0</RatingCount>
  <SeriesName>false</SeriesName>
  <ThumbnailPath>_cache/fanart/original/76320-7.jpg</ThumbnailPath>
  <VignettePath>fanart/vignette/76320-7.jpg</VignettePath>
</Banner>
<Banner>
  <id>887284</id>
  <BannerPath>fanart/original/76320-6.jpg</BannerPath>
  <BannerType>fanart</BannerType>
  <BannerType2>1920x1080</BannerType2>
  <Colors></Colors>
  <Language>en</Language>
  <Rating></Rating>
  <RatingCount>0</RatingCount>
  <SeriesName>false</SeriesName>
  <ThumbnailPath>_cache/fanart/original/76320-6.jpg</ThumbnailPath>
  <VignettePath>fanart/vignette/76320-6.jpg</VignettePath>
</Banner>
<Banner>
  <id>39031</id>
  <BannerPath>posters/76320-2.jpg</BannerPath>
  <BannerType>poster</BannerType>
  <BannerType2>680x1000</BannerType2>
  <Language>en</Language>
  <Rating>8.3333</Rating>
  <RatingCount>3</RatingCount>
</Banner>
<Banner>
  <id>6538</id>
  <BannerPath>seasons/3914-2.jpg</BannerPath>
  <BannerType>season</BannerType>
  <BannerType2>season</BannerType2>
  <Language>en</Language>
  <Rating>10.0000</Rating>
  <RatingCount>1</RatingCount>
  <Season>2</Season>
</Banner>
<Banner>
  <id>6537</id>
  <BannerPath>seasons/3914-1.jpg</BannerPath>
  <BannerType>season</BannerType>
  <BannerType2>season</BannerType2>
  <Language>en</Language>
  <Rating>10.0000</Rating>
  <RatingCount>1</RatingCount>
  <Season>1</Season>
</Banner>
<Banner>
  <id>6540</id>
  <BannerPath>seasons/3914-4.jpg</BannerPath>
  <BannerType>season</BannerType>
  <BannerType2>season</BannerType2>
  <Language>en</Language>
  <Rating>10.0000</Rating>
  <RatingCount>1</RatingCount>
  <Season>4</Season>
</Banner>
<Banner>
  <id>39029</id>
  <BannerPath>seasons/76320-0.jpg</BannerPath>
  <BannerType>season</BannerType>
  <BannerType2>season</BannerType2>
  <Language>en</Language>
  <Rating>10.0000</Rating>
  <RatingCount>1</RatingCount>
  <Season>0</Season>
</Banner>
<Banner>
  <id>8005</id>
  <BannerPath>seasons/3914-5.jpg</BannerPath>
  <BannerType>season</BannerType>
  <BannerType2>season</BannerType2>
  <Language>en</Language>
  <Rating>10.0000</Rating>
  <RatingCount>1</RatingCount>
  <Season>5</Season>
</Banner>
<Banner>
  <id>6539</id>
  <BannerPath>seasons/3914-3.jpg</BannerPath>
  <BannerType>season</BannerType>
  <BannerType2>season</BannerType2>
  <Language>en</Language>
  <Rating>10.0000</Rating>
  <RatingCount>1</RatingCount>
  <Season>3</Season>
</Banner>
<Banner>
  <id>9429</id>
  <BannerPath>graphical/3914-g.jpg</BannerPath>
  <BannerType>series</BannerType>
  <BannerType2>graphical</BannerType2>
  <Language>en</Language>
  <Rating>8.5455</Rating>
  <RatingCount>11</RatingCount>
</Banner>
<Banner>
  <id>917351</id>
  <BannerPath>graphical/76320-g3.jpg</BannerPath>
  <BannerType>series</BannerType>
  <BannerType2>graphical</BannerType2>
  <Language>en</Language>
  <Rating>8.3333</Rating>
  <RatingCount>3</RatingCount>
</Banner>
<Banner>
  <id>820531</id>
  <BannerPath>graphical/76320-g.jpg</BannerPath>
  <BannerType>series</BannerType>
  <BannerType2>graphical</BannerType2>
  <Language>en</Language>
  <Rating>8.0000</Rating>
  <RatingCount>1</RatingCount>
</Banner>
<Banner>
  <id>905907</id>
  <BannerPath>graphical/76320-g2.jpg</BannerPath>
  <BannerType>series</BannerType>
  <BannerType2>graphical</BannerType2>
  <Language>fr</Language>
  <Rating>5.5000</Rating>
  <RatingCount>2</RatingCount>
</Banner>
<Banner>
  <id>12838</id>
  <BannerPath>blank/76320.jpg</BannerPath>
  <BannerType>series</BannerType>
  <BannerType2>blank</BannerType2>
  <Language>en</Language>
  <Rating>4.2500</Rating>
  <RatingCount>4</RatingCount>
</Banner>
<Banner>
  <id>9246</id>
  <BannerPath>text/3914.jpg</BannerPath>
  <BannerType>series</BannerType>
  <BannerType2>text</BannerType2>
  <Language>en</Language>
  <Rating>1.0000</Rating>
  <RatingCount>2</RatingCount>
</Banner>
</Banners>