<?xml version="1.0" encoding="UTF-8" ?>
<Actors>
<Actor>
  <id>73053</id>
  <Image>actors/73053.jpg</Image>
  <Name>Amanda Tapping</Name>
  <Role>Dr. Helen Magnus</Role>
  <SortOrder>0</SortOrder>
</Actor>
<Actor>
  <id>73054</id>
  <Image>actors/73054.jpg</Image>
  <Name>Robin Dunne</Name>
  <Role>Will Zimmerman</Role>
  <SortOrder>1</SortOrder>
</Actor>
<Actor>
  <id>80072</id>
  <Image>actors/80072.jpg</Image>
  <Name>Ryan Robbins</Name>
  <Role>Henry Foss</Role>
  <SortOrder>2</SortOrder>
</Actor>
<Actor>
  <id>73056</id>
  <Image>actors/73056.jpg</Image>
  <Name>Christopher Heyerdahl</Name>
  <Role>John Druitt</Role>
  <SortOrder>2</SortOrder>
</Actor>
<Actor>
  <id>73055</id>
  <Image>actors/73055.jpg</Image>
  <Name>Emilie Ullerup</Name>
  <Role>Ashley Magnus </Role>
  <SortOrder>2</SortOrder>
</Actor>
<Actor>
  <id>309797</id>
  <Image>actors/309797.jpg</Image>
  <Name>Christopher Heyerdahl</Name>
  <Role>Bigfoot</Role>
  <SortOrder>2</SortOrder>
</Actor>
<Actor>
  <id>118211</id>
  <Image>actors/118211.jpg</Image>
  <Name>Agam Darshi</Name>
  <Role>Kate Freelander</Role>
  <SortOrder>3</SortOrder>
</Actor>
</Actors>