<?xml version="1.0" encoding="UTF-8" ?>
<Data><Series>
  <id>80159</id>
  <Actors>|Amanda Tapping|Robin Dunne|Ryan Robbins|Christopher Heyerdahl|Emilie Ullerup|Christopher Heyerdahl|Agam Darshi|</Actors>
  <Airs_DayOfWeek>Friday</Airs_DayOfWeek>
  <Airs_Time>10:00 PM</Airs_Time>
  <ContentRating>TV-PG</ContentRating>
  <FirstAired>2007-05-14</FirstAired>
  <Genre>|Action|Adventure|Science-Fiction|</Genre>
  <IMDB_ID>tt0965394</IMDB_ID>
  <Language>en</Language>
  <Network>Syfy</Network>
  <NetworkID></NetworkID>
  <Overview>Sanctuary follows the adventures of the beautiful, enigmatic and always surprising Dr. Helen Magnus, a brilliant scientist who holds the secrets of a clandestine population called Abnormals - a group of strange and sometimes terrifying beings that hide among humans. Magnus seeks to protect this threatened phenomena as well as unlock the mysteries behind their existence.</Overview>
  <Rating>8.1</Rating>
  <RatingCount>149</RatingCount>
  <Runtime>60</Runtime>
  <SeriesID>22115</SeriesID>
  <SeriesName>Sanctuary</SeriesName>
  <Status>Ended</Status>
  <added></added>
  <addedBy></addedBy>
  <banner>graphical/80159-g6.jpg</banner>
  <fanart>fanart/original/80159-12.jpg</fanart>
  <lastupdated>1364842528</lastupdated>
  <poster>posters/80159-4.jpg</poster>
  <zap2it_id>EP01085421</zap2it_id>
</Series>
<Episode>
  <id>328953</id>
  <Combined_episodenumber>1</Combined_episodenumber>
  <Combined_season>0</Combined_season>
  <DVD_chapter></DVD_chapter>
  <DVD_discid></DVD_discid>
  <DVD_episodenumber></DVD_episodenumber>
  <DVD_season></DVD_season>
  <Director>Martin Wood</Director>
  <EpImgFlag></EpImgFlag>
  <EpisodeName>Webisode 1</EpisodeName>
  <EpisodeNumber>1</EpisodeNumber>
  <FirstAired>2007-05-14</FirstAired>
  <GuestStars>|Dan Payne|Sarah Sands|Lorena Gale|Sheri Noel|Diana Pavlovska|Malik McCall|Cainan Wiebe|Kavan Smith|Michael Adamthwaite|</GuestStars>
  <IMDB_ID></IMDB_ID>
  <Language>en</Language>
  <Overview>While tracking a young boy with dangerous powers, Dr. Helen Magnus encounters Will Zimmerman, a psychiatric resident who may have what it takes to become her new protégé. </Overview>
  <ProductionCode>101</ProductionCode>
  <Rating>8.0</Rating>
  <RatingCount>4</RatingCount>
  <SeasonNumber>0</SeasonNumber>
  <Writer>Damian Kindler|Martin Wood</Writer>
  <absolute_number></absolute_number>
  <airsafter_season></airsafter_season>
  <airsbefore_episode></airsbefore_episode>
  <airsbefore_season></airsbefore_season>
  <filename>episodes/80159/328953.jpg</filename>
  <lastupdated>1223234120</lastupdated>
  <seasonid>27498</seasonid>
  <seriesid>80159</seriesid>
</Episode>
<Episode>
  <id>330108</id>
  <Combined_episodenumber>2</Combined_episodenumber>
  <Combined_season>0</Combined_season>
  <DVD_chapter></DVD_chapter>
  <DVD_discid></DVD_discid>
  <DVD_episodenumber></DVD_episodenumber>
  <DVD_season></DVD_season>
  <Director>Martin Wood</Director>
  <EpImgFlag></EpImgFlag>
  <EpisodeName>Webisode 2</EpisodeName>
  <EpisodeNumber>2</EpisodeNumber>
  <FirstAired>2007-05-28</FirstAired>
  <GuestStars>Cainan Wiebe|Chuck Campbell|Don Thompson|Dan Joffre|Brent Chapman</GuestStars>
  <IMDB_ID></IMDB_ID>
  <Language>en</Language>
  <Overview>Will Zimmerman is drawn further into Magnus' mysterious world and finds himself confronting his oldest fear. Elsewhere, forces converge on the target of their hunt - including someone from Magnus' distant past.</Overview>
  <ProductionCode>102</ProductionCode>
  <Rating>8.3</Rating>
  <RatingCount>3</RatingCount>
  <SeasonNumber>0</SeasonNumber>
  <Writer>Martin Wood|Damian Kindler</Writer>
  <absolute_number></absolute_number>
  <airsafter_season></airsafter_season>
  <airsbefore_episode></airsbefore_episode>
  <airsbefore_season></airsbefore_season>
  <filename>episodes/80159/330108.jpg</filename>
  <lastupdated>1223233900</lastupdated>
  <seasonid>27498</seasonid>
  <seriesid>80159</seriesid>
</Episode>
<Episode>
  <id>330109</id>
  <Combined_episodenumber>3</Combined_episodenumber>
  <Combined_season>0</Combined_season>
  <DVD_chapter></DVD_chapter>
  <DVD_discid></DVD_discid>
  <DVD_episodenumber></DVD_episodenumber>
  <DVD_season></DVD_season>
  <Director>Martin Wood</Director>
  <EpImgFlag></EpImgFlag>
  <EpisodeName>Webisode 3</EpisodeName>
  <EpisodeNumber>3</EpisodeNumber>
  <FirstAired>2007-06-11</FirstAired>
  <GuestStars>Peter DeLuise|Cainan Wiebe</GuestStars>
  <IMDB_ID></IMDB_ID>
  <Language>en</Language>
  <Overview>The origins of the mysterious mutant boy are revealed, as is the relationship between Magnus and her old flame, John Druitt. Meanwhile Ashley Magnus (Emilie Ullerup) seeks out Ernie Watts (Peter Deluise) a weapons dealer and fellow monster hunter - only to find herself in mortal danger.</Overview>
  <ProductionCode>103</ProductionCode>
  <Rating>9.5</Rating>
  <RatingCount>2</RatingCount>
  <SeasonNumber>0</SeasonNumber>
  <Writer>Martin Wood|Damian Kindler</Writer>
  <absolute_number></absolute_number>
  <airsafter_season></airsafter_season>
  <airsbefore_episode></airsbefore_episode>
  <airsbefore_season></airsbefore_season>
  <filename>episodes/80159/330109.jpg</filename>
  <lastupdated>1223233913</lastupdated>
  <seasonid>27498</seasonid>
  <seriesid>80159</seriesid>
</Episode>
<Episode>
  <id>330888</id>
  <Combined_episodenumber>4</Combined_episodenumber>
  <Combined_season>0</Combined_season>
  <DVD_chapter></DVD_chapter>
  <DVD_discid></DVD_discid>
  <DVD_episodenumber></DVD_episodenumber>
  <DVD_season></DVD_season>
  <Director>Martin Wood</Director>
  <EpImgFlag></EpImgFlag>
  <EpisodeName>Webisode 4</EpisodeName>
  <EpisodeNumber>4</EpisodeNumber>
  <FirstAired>2007-06-25</FirstAired>
  <GuestStars>Robin Dunne|Cainan Wiebe</GuestStars>
  <IMDB_ID></IMDB_ID>
  <Language>en</Language>
  <Overview>Helen and Will confront John Druitt with deadly results for a member of the Sanctuary team. Ultimately, Will is forced to choose between his old life and the strange world of Dr. Helen Magnus.</Overview>
  <ProductionCode>104</ProductionCode>
  <Rating>8.0</Rating>
  <RatingCount>2</RatingCount>
  <SeasonNumber>0</SeasonNumber>
  <Writer>Damian Kindler|Martin Wood</Writer>
  <absolute_number></absolute_number>
  <airsafter_season></airsafter_season>
  <airsbefore_episode></airsbefore_episode>
  <airsbefore_season></airsbefore_season>
  <filename>episodes/80159/330888.jpg</filename>
  <lastupdated>1223233924</lastupdated>
  <seasonid>27498</seasonid>
  <seriesid>80159</seriesid>
</Episode>
<Episode>
  <id>330889</id>
  <Combined_episodenumber>5</Combined_episodenumber>
  <Combined_season>0</Combined_season>
  <DVD_chapter></DVD_chapter>
  <DVD_discid></DVD_discid>
  <DVD_episodenumber></DVD_episodenumber>
  <DVD_season></DVD_season>
  <Director>Martin Wood</Director>
  <EpImgFlag></EpImgFlag>
  <EpisodeName>Webisode 5</EpisodeName>
  <EpisodeNumber>5</EpisodeNumber>
  <FirstAired>2007-07-16</FirstAired>
  <GuestStars>Laura Mennell|Miranda Frigon|Leah Cairns|Ryan Robbins|Jim Brynes|Emily Tennant|Christopher Gaze|Simon Webb|Ian Browne</GuestStars>
  <IMDB_ID></IMDB_ID>
  <Language>en</Language>
  <Overview>While investigating an ancient crypt on a remote island, Magnus and her team encounter deadly creatures and three women with a mysterious past. Ashley decides to address the issues of her father's existence head-on. </Overview>
  <ProductionCode>105</ProductionCode>
  <Rating>8.0</Rating>
  <RatingCount>2</RatingCount>
  <SeasonNumber>0</SeasonNumber>
  <Writer>Damian Kindler|Martin Wood</Writer>
  <absolute_number></absolute_number>
  <airsafter_season></airsafter_season>
  <airsbefore_episode></airsbefore_episode>
  <airsbefore_season></airsbefore_season>
  <filename>episodes/80159/330889.jpg</filename>
  <lastupdated>1223233933</lastupdated>
  <seasonid>27498</seasonid>
  <seriesid>80159</seriesid>
</Episode>
<Episode>
  <id>330890</id>
  <Combined_episodenumber>6</Combined_episodenumber>
  <Combined_season>0</Combined_season>
  <DVD_chapter></DVD_chapter>
  <DVD_discid></DVD_discid>
  <DVD_episodenumber></DVD_episodenumber>
  <DVD_season></DVD_season>
  <Director>Martin Wood</Director>
  <EpImgFlag></EpImgFlag>
  <EpisodeName>Webisode 6</EpisodeName>
  <EpisodeNumber>6</EpisodeNumber>
  <FirstAired>2007-07-30</FirstAired>
  <GuestStars>Leah Cairns|Miranda Frigon|Laura Mennell|Paul McGillion|Jim Brynes</GuestStars>
  <IMDB_ID></IMDB_ID>
  <Language>en</Language>
  <Overview>The investigation into the three women found in the crypt continues, confirming Magnus' theory that they are much more than they appear. Ashley's hunt for contraband creatures yields mixed results. </Overview>
  <ProductionCode>106</ProductionCode>
  <Rating>8.0</Rating>
  <RatingCount>1</RatingCount>
  <SeasonNumber>0</SeasonNumber>
  <Writer>Martin Wood|Damian Kindler,</Writer>
  <absolute_number></absolute_number>
  <airsafter_season></airsafter_season>
  <airsbefore_episode></airsbefore_episode>
  <airsbefore_season></airsbefore_season>
  <filename>episodes/80159/330890.jpg</filename>
  <lastupdated>1223233942</lastupdated>
  <seasonid>27498</seasonid>
  <seriesid>80159</seriesid>
</Episode>
<Episode>
  <id>330891</id>
  <Combined_episodenumber>7</Combined_episodenumber>
  <Combined_season>0</Combined_season>
  <DVD_chapter></DVD_chapter>
  <DVD_discid></DVD_discid>
  <DVD_episodenumber></DVD_episodenumber>
  <DVD_season></DVD_season>
  <Director>Martin Wood</Director>
  <EpImgFlag></EpImgFlag>
  <EpisodeName>Webisode 7</EpisodeName>
  <EpisodeNumber>7</EpisodeNumber>
  <FirstAired>2007-08-17</FirstAired>
  <GuestStars>Leah Cairns|Miranda Frigon|Laura Mennell|Ryan Robbins</GuestStars>
  <IMDB_ID></IMDB_ID>
  <Language>en</Language>
  <Overview>Will falls victim to the three women's growing powers, while Magnus seeks proof of their true identities via a former resident of the Sanctuary. Ashley's luck in her monster hunt begins to run out. </Overview>
  <ProductionCode>107</ProductionCode>
  <Rating>8.0</Rating>
  <RatingCount>2</RatingCount>
  <SeasonNumber>0</SeasonNumber>
  <Writer>Damian Kindler|Martin Wood</Writer>
  <absolute_number></absolute_number>
  <airsafter_season></airsafter_season>
  <airsbefore_episode></airsbefore_episode>
  <airsbefore_season></airsbefore_season>
  <filename>episodes/80159/330891.jpg</filename>
  <lastupdated>1223233951</lastupdated>
  <seasonid>27498</seasonid>
  <seriesid>80159</seriesid>
</Episode>
<Episode>
  <id>330892</id>
  <Combined_episodenumber>8</Combined_episodenumber>
  <Combined_season>0</Combined_season>
  <DVD_chapter></DVD_chapter>
  <DVD_discid></DVD_discid>
  <DVD_episodenumber></DVD_episodenumber>
  <DVD_season></DVD_season>
  <Director>Martin Wood</Director>
  <EpImgFlag></EpImgFlag>
  <EpisodeName>Webisode 8</EpisodeName>
  <EpisodeNumber>8</EpisodeNumber>
  <FirstAired>2007-08-30</FirstAired>
  <GuestStars>Dan Payne|Ryan Robbins|Leah Cairns|Miranda Frigon|Laura Mennell</GuestStars>
  <IMDB_ID></IMDB_ID>
  <Language>en</Language>
  <Overview>Magnus, Will and Bigfoot defend the Sanctuary against a deadly assault, while Ashley struggles to survive her encounter with a nearly unbeatable foe. </Overview>
  <ProductionCode>108</ProductionCode>
  <Rating>8.0</Rating>
  <RatingCount>1</RatingCount>
  <SeasonNumber>0</SeasonNumber>
  <Writer>Martin Wood|Damian Kindler</Writer>
  <absolute_number></absolute_number>
  <airsafter_season></airsafter_season>
  <airsbefore_episode></airsbefore_episode>
  <airsbefore_season></airsbefore_season>
  <filename>episodes/80159/330892.jpg</filename>
  <lastupdated>1223233962</lastupdated>
  <seasonid>27498</seasonid>
  <seriesid>80159</seriesid>
</Episode>
<Episode>
  <id>401051</id>
  <Combined_episodenumber>1.0</Combined_episodenumber>
  <Combined_season>1</Combined_season>
  <DVD_chapter></DVD_chapter>
  <DVD_discid></DVD_discid>
  <DVD_episodenumber>1.0</DVD_episodenumber>
  <DVD_season>1</DVD_season>
  <Director>Martin Wood</Director>
  <EpImgFlag>2</EpImgFlag>
  <EpisodeName>Sanctuary for All (1)</EpisodeName>
  <EpisodeNumber>1</EpisodeNumber>
  <FirstAired>2008-10-03</FirstAired>
  <GuestStars>|Ryan Robbins|Kavan Smith|Kandyse McClure|Cainan Wiebe|Peter Shinkoda|Chuck Campbell|Brad Proctor|Darien Provost|Nicholas Podbrey|Michael Adamthwaite|Malik McCall|</GuestStars>
  <IMDB_ID></IMDB_ID>
  <Language>en</Language>
  <Overview>The enigmatic Dr. Helen Magnus recruits insightful forensic psychiatrist Will Zimmerman to join her in the quest to track, study and protect the strange and often terrifying creatures that secretly populate our world. </Overview>
  <ProductionCode>101</ProductionCode>
  <Rating>7.4</Rating>
  <RatingCount>84</RatingCount>
  <SeasonNumber>1</SeasonNumber>
  <Writer>|Damian Kindler|Sam Egan|</Writer>
  <absolute_number>1</absolute_number>
  <filename>episodes/80159/401051.jpg</filename>
  <lastupdated>1335889302</lastupdated>
  <seasonid>27499</seasonid>
  <seriesid>80159</seriesid>
</Episode>
<Episode>
  <id>389374</id>
  <Combined_episodenumber>2.0</Combined_episodenumber>
  <Combined_season>1</Combined_season>
  <DVD_chapter></DVD_chapter>
  <DVD_discid></DVD_discid>
  <DVD_episodenumber>2.0</DVD_episodenumber>
  <DVD_season>1</DVD_season>
  <Director>Martin Wood</Director>
  <EpImgFlag>2</EpImgFlag>
  <EpisodeName>Sanctuary for All (2)</EpisodeName>
  <EpisodeNumber>2</EpisodeNumber>
  <FirstAired>2008-10-03</FirstAired>
  <GuestStars>|Ryan Robbins|Cainan Wiebe|Darien Provost|Nichols Podbrey|Kristen Robek|Sheri Noel|</GuestStars>
  <IMDB_ID></IMDB_ID>
  <Language>en</Language>
  <Overview>As Will attempts to help Alexi cope with his abnormality, Helen gets a visitor from her past.</Overview>
  <ProductionCode>102</ProductionCode>
  <Rating>7.1</Rating>
  <RatingCount>36</RatingCount>
  <SeasonNumber>1</SeasonNumber>
  <Writer>|Damian Kindler|Sam Egan|</Writer>
  <absolute_number>2</absolute_number>
  <filename>episodes/80159/389374.jpg</filename>
  <lastupdated>1335889341</lastupdated>
  <seasonid>27499</seasonid>
  <seriesid>80159</seriesid>
</Episode>
<Episode>
  <id>389376</id>
  <Combined_episodenumber>3.0</Combined_episodenumber>
  <Combined_season>1</Combined_season>
  <DVD_chapter></DVD_chapter>
  <DVD_discid></DVD_discid>
  <DVD_episodenumber>3.0</DVD_episodenumber>
  <DVD_season>1</DVD_season>
  <Director>Martin Wood</Director>
  <EpImgFlag>2</EpImgFlag>
  <EpisodeName>Fata Morgana</EpisodeName>
  <EpisodeNumber>3</EpisodeNumber>
  <FirstAired>2008-10-10</FirstAired>
  <GuestStars>|Kandyse McClure|Miranda Frigon|Leah Cairns|Chuck Campbell|Laura Mennell|R. Nelson Brown|Peter Bryant|Nigel Vonas|Brad Proctor|Lee Wilson|</GuestStars>
  <IMDB_ID></IMDB_ID>
  <Language>en</Language>
  <Overview>Dr. Helen Magnus, her daughter Ashley, and new to the Sanctuary, Dr. Will Zimmerman release three women from a mysterious crypt in Scotland, bringing them back to the Sanctuary for refuge. Unbeknownst to the team, and the women themselves, they have extraordinary powers. And their disappearance does not go undetected by a powerful cabal, resolute on reclaiming what it determines is theirs.</Overview>
  <ProductionCode>103</ProductionCode>
  <Rating>7.2</Rating>
  <RatingCount>67</RatingCount>
  <SeasonNumber>1</SeasonNumber>
  <Writer>|Damian Kindler|Martin Wood|</Writer>
  <absolute_number>3</absolute_number>
  <filename>episodes/80159/389376.jpg</filename>
  <lastupdated>1334173180</lastupdated>
  <seasonid>27499</seasonid>
  <seriesid>80159</seriesid>
</Episode>
<Episode>
  <id>389377</id>
  <Combined_episodenumber>4.0</Combined_episodenumber>
  <Combined_season>1</Combined_season>
  <DVD_chapter></DVD_chapter>
  <DVD_discid></DVD_discid>
  <DVD_episodenumber>4.0</DVD_episodenumber>
  <DVD_season>1</DVD_season>
  <Director>James Head</Director>
  <EpImgFlag>2</EpImgFlag>
  <EpisodeName>Folding Man</EpisodeName>
  <EpisodeNumber>4</EpisodeNumber>
  <FirstAired>2008-10-17</FirstAired>
  <GuestStars>|Alex Zahara|Peter Outerbridge|Mackenzie Gray|Matthew Walker|David Richmond-Peck|James Kirk|Jeb Beach|</GuestStars>
  <IMDB_ID></IMDB_ID>
  <Language>en</Language>
  <Overview>An investigation into a string of bizarre robberies leads Magnus and Will to a crime ring of thieves who seem to be able to slip between the cracks of the law…literally.</Overview>
  <ProductionCode>104</ProductionCode>
  <Rating>7.2</Rating>
  <RatingCount>57</RatingCount>
  <SeasonNumber>1</SeasonNumber>
  <Writer>Sam Egan</Writer>
  <absolute_number>4</absolute_number>
  <filename>episodes/80159/389377.jpg</filename>
  <lastupdated>1334172111</lastupdated>
  <seasonid>27499</seasonid>
  <seriesid>80159</seriesid>
</Episode>
<Episode>
  <id>393901</id>
  <Combined_episodenumber>5.0</Combined_episodenumber>
  <Combined_season>1</Combined_season>
  <DVD_chapter></DVD_chapter>
  <DVD_discid></DVD_discid>
  <DVD_episodenumber>5.0</DVD_episodenumber>
  <DVD_season>1</DVD_season>
  <Director>Martin Wood</Director>
  <EpImgFlag>2</EpImgFlag>
  <EpisodeName>Kush</EpisodeName>
  <EpisodeNumber>5</EpisodeNumber>
  <FirstAired>2008-10-24</FirstAired>
  <GuestStars>|Sarah Strange|David Nykl|Adrien Dorval|Panou|Adrien Dorval|Thia-Hoa Le|Kristen Robek|Daniel Bruce|Michael No|</GuestStars>
  <IMDB_ID></IMDB_ID>
  <Language>en</Language>
  <Overview>Returning with an abnormal captured in the Himalayas, Magnus and Will are stranded from civilization and aid after their plane goes down in a desolate mountain range. While anxiously waiting for a rescue team, the surviving passengers begin to fall victim to vicious and deadly attacks throughout the night. It becomes chillingly apparent that surviving the cold is the least of their worries and no one, not even Magnus and Will, is above suspicion.</Overview>
  <ProductionCode>105</ProductionCode>
  <Rating>7.3</Rating>
  <RatingCount>57</RatingCount>
  <SeasonNumber>1</SeasonNumber>
  <Writer>Damian Kindler</Writer>
  <absolute_number>5</absolute_number>
  <filename>episodes/80159/393901.jpg</filename>
  <lastupdated>1319807039</lastupdated>
  <seasonid>27499</seasonid>
  <seriesid>80159</seriesid>
</Episode>
<Episode>
  <id>393902</id>
  <Combined_episodenumber>6.0</Combined_episodenumber>
  <Combined_season>1</Combined_season>
  <DVD_chapter></DVD_chapter>
  <DVD_discid></DVD_discid>
  <DVD_episodenumber>6.0</DVD_episodenumber>
  <DVD_season>1</DVD_season>
  <Director>Peter DeLuise</Director>
  <EpImgFlag>2</EpImgFlag>
  <EpisodeName>Nubbins</EpisodeName>
  <EpisodeNumber>6</EpisodeNumber>
  <FirstAired>2008-11-07</FirstAired>
  <GuestStars>|Ryan Robbins|Katharine Isabelle|</GuestStars>
  <IMDB_ID></IMDB_ID>
  <Language>en</Language>
  <Overview>When a mating pair of cute, furry and seemingly harmless abnormals is brought in for scientific study, the Sanctuary team begins to exhibit some hidden animal attractions for one another.</Overview>
  <ProductionCode>106</ProductionCode>
  <Rating>7.3</Rating>
  <RatingCount>57</RatingCount>
  <SeasonNumber>1</SeasonNumber>
  <Writer>Sam Egan</Writer>
  <absolute_number>6</absolute_number>
  <filename>episodes/80159/393902.jpg</filename>
  <lastupdated>1319807167</lastupdated>
  <seasonid>27499</seasonid>
  <seriesid>80159</seriesid>
</Episode>
<Episode>
  <id>396259</id>
  <Combined_episodenumber>7.0</Combined_episodenumber>
  <Combined_season>1</Combined_season>
  <DVD_chapter></DVD_chapter>
  <DVD_discid></DVD_discid>
  <DVD_episodenumber>7.0</DVD_episodenumber>
  <DVD_season>1</DVD_season>
  <Director>Martin Wood</Director>
  <EpImgFlag>2</EpImgFlag>
  <EpisodeName>The Five</EpisodeName>
  <EpisodeNumber>7</EpisodeNumber>
  <FirstAired>2008-11-14</FirstAired>
  <GuestStars>|Ryan Robbins|Jonathon Young|Chuck Campbell|Peter Bryant|Brad Proctor|</GuestStars>
  <IMDB_ID></IMDB_ID>
  <Language>en</Language>
  <Overview>While leading a covert meeting in Rome, Magnus encounters an old friend from her past who confides that the cabal has come to exact revenge on her for the events in &quot;Fata Morgana.&quot;</Overview>
  <ProductionCode>107</ProductionCode>
  <Rating>7.4</Rating>
  <RatingCount>53</RatingCount>
  <SeasonNumber>1</SeasonNumber>
  <Writer>Damian Kindler</Writer>
  <absolute_number>7</absolute_number>
  <filename>episodes/80159/396259.jpg</filename>
  <lastupdated>1319807190</lastupdated>
  <seasonid>27499</seasonid>
  <seriesid>80159</seriesid>
</Episode>
<Episode>
  <id>400963</id>
  <Combined_episodenumber>8.0</Combined_episodenumber>
  <Combined_season>1</Combined_season>
  <DVD_chapter></DVD_chapter>
  <DVD_discid></DVD_discid>
  <DVD_episodenumber>8.0</DVD_episodenumber>
  <DVD_season>1</DVD_season>
  <Director>Brenton Spencer</Director>
  <EpImgFlag>2</EpImgFlag>
  <EpisodeName>Edward</EpisodeName>
  <EpisodeNumber>8</EpisodeNumber>
  <FirstAired>2008-11-21</FirstAired>
  <GuestStars>|Ryan Robbins|Gabrielle Rose|Michael Eisner|Kavan Smith|</GuestStars>
  <IMDB_ID></IMDB_ID>
  <Language>en</Language>
  <Overview>A young artist with an uncanny ability to draw remarkably detailed pictures from memory may be the key to solving a case surrounding the suspicious death of his abusive father.</Overview>
  <ProductionCode>108</ProductionCode>
  <Rating>7.5</Rating>
  <RatingCount>58</RatingCount>
  <SeasonNumber>1</SeasonNumber>
  <Writer>Sam Egan</Writer>
  <absolute_number>8</absolute_number>
  <filename>episodes/80159/400963.jpg</filename>
  <lastupdated>1319807216</lastupdated>
  <seasonid>27499</seasonid>
  <seriesid>80159</seriesid>
</Episode>
<Episode>
  <id>412726</id>
  <Combined_episodenumber>9.0</Combined_episodenumber>
  <Combined_season>1</Combined_season>
  <DVD_chapter></DVD_chapter>
  <DVD_discid></DVD_discid>
  <DVD_episodenumber>9.0</DVD_episodenumber>
  <DVD_season>1</DVD_season>
  <Director>Martin Wood</Director>
  <EpImgFlag>2</EpImgFlag>
  <EpisodeName>Requiem</EpisodeName>
  <EpisodeNumber>9</EpisodeNumber>
  <FirstAired>2008-12-05</FirstAired>
  <GuestStars></GuestStars>
  <IMDB_ID>tt0965394</IMDB_ID>
  <Language>en</Language>
  <Overview>Magnus and Will investigate a distressing call for help deep below the Bermuda Triangle resulting in a deadly battle to save Magnus’s life.</Overview>
  <ProductionCode>109</ProductionCode>
  <Rating>7.2</Rating>
  <RatingCount>58</RatingCount>
  <SeasonNumber>1</SeasonNumber>
  <Writer>Damian Kindler</Writer>
  <absolute_number>9</absolute_number>
  <filename>episodes/80159/412726.jpg</filename>
  <lastupdated>1319807244</lastupdated>
  <seasonid>27499</seasonid>
  <seriesid>80159</seriesid>
</Episode>
<Episode>
  <id>414788</id>
  <Combined_episodenumber>10.0</Combined_episodenumber>
  <Combined_season>1</Combined_season>
  <DVD_chapter></DVD_chapter>
  <DVD_discid></DVD_discid>
  <DVD_episodenumber>10.0</DVD_episodenumber>
  <DVD_season>1</DVD_season>
  <Director>Brenton Spencer</Director>
  <EpImgFlag>2</EpImgFlag>
  <EpisodeName>Warriors</EpisodeName>
  <EpisodeNumber>10</EpisodeNumber>
  <FirstAired>2008-12-12</FirstAired>
  <GuestStars>|Byron Lawson|Jim Byrnes|Lynda Boyd|Daryl Shuttleworth|Rukiya Bernard|Darren Shahlavi|Brock Johnson|Steven Man|Emily Tennant|Christopher Gaze|</GuestStars>
  <IMDB_ID></IMDB_ID>
  <Language>en</Language>
  <Overview>Investigating the disappearance of an old college friend, Will finds himself caught in an underground fight club where the combatants are genetically engineered abnormals who fight to the death like modern day gladiators.</Overview>
  <ProductionCode>110</ProductionCode>
  <Rating>7.1</Rating>
  <RatingCount>56</RatingCount>
  <SeasonNumber>1</SeasonNumber>
  <Writer>Peter Mohan</Writer>
  <absolute_number>10</absolute_number>
  <filename>episodes/80159/414788.jpg</filename>
  <lastupdated>1319807269</lastupdated>
  <seasonid>27499</seasonid>
  <seriesid>80159</seriesid>
</Episode>
<Episode>
  <id>416731</id>
  <Combined_episodenumber>11.0</Combined_episodenumber>
  <Combined_season>1</Combined_season>
  <DVD_chapter></DVD_chapter>
  <DVD_discid></DVD_discid>
  <DVD_episodenumber>11.0</DVD_episodenumber>
  <DVD_season>1</DVD_season>
  <Director>S.A. Adelson</Director>
  <EpImgFlag>2</EpImgFlag>
  <EpisodeName>Instinct</EpisodeName>
  <EpisodeNumber>11</EpisodeNumber>
  <FirstAired>2008-12-19</FirstAired>
  <GuestStars>|Matty Finochio|Rekha Sharma|John Tench|</GuestStars>
  <IMDB_ID></IMDB_ID>
  <Language>en</Language>
  <Overview>Magnus and the Sanctuary team attempt to capture a rare and deadly creature - all under the watchful eye of a local news crew.</Overview>
  <ProductionCode>111</ProductionCode>
  <Rating>7.0</Rating>
  <RatingCount>50</RatingCount>
  <SeasonNumber>1</SeasonNumber>
  <Writer>Damian Kindler</Writer>
  <absolute_number>11</absolute_number>
  <filename>episodes/80159/416731.jpg</filename>
  <lastupdated>1352712006</lastupdated>
  <seasonid>27499</seasonid>
  <seriesid>80159</seriesid>
</Episode>
<Episode>
  <id>416735</id>
  <Combined_episodenumber>12.0</Combined_episodenumber>
  <Combined_season>1</Combined_season>
  <DVD_chapter></DVD_chapter>
  <DVD_discid></DVD_discid>
  <DVD_episodenumber>12.0</DVD_episodenumber>
  <DVD_season>1</DVD_season>
  <Director>Martin Wood</Director>
  <EpImgFlag>2</EpImgFlag>
  <EpisodeName>Revelations (1)</EpisodeName>
  <EpisodeNumber>12</EpisodeNumber>
  <FirstAired>2009-01-02</FirstAired>
  <GuestStars>|Lynda Boyd|Christine Chatelain|Alex Diakun|David Lyle|Peter Wingfield|Jonathon Young|</GuestStars>
  <IMDB_ID></IMDB_ID>
  <Language>en</Language>
  <Overview>Abnormals in remote regions are subjected to an airborne biological agent that compels them to launch a violent string of murders</Overview>
  <ProductionCode>112</ProductionCode>
  <Rating>7.3</Rating>
  <RatingCount>57</RatingCount>
  <SeasonNumber>1</SeasonNumber>
  <Writer>|Damian Kindler|Sam Egan|</Writer>
  <absolute_number>12</absolute_number>
  <filename>episodes/80159/416735.jpg</filename>
  <lastupdated>1321437732</lastupdated>
  <seasonid>27499</seasonid>
  <seriesid>80159</seriesid>
</Episode>
<Episode>
  <id>416740</id>
  <Combined_episodenumber>13.0</Combined_episodenumber>
  <Combined_season>1</Combined_season>
  <DVD_chapter></DVD_chapter>
  <DVD_discid></DVD_discid>
  <DVD_episodenumber>13.0</DVD_episodenumber>
  <DVD_season>1</DVD_season>
  <Director>Martin Wood</Director>
  <EpImgFlag>2</EpImgFlag>
  <EpisodeName>Revelations (2)</EpisodeName>
  <EpisodeNumber>13</EpisodeNumber>
  <FirstAired>2009-01-09</FirstAired>
  <GuestStars>|Jonathon Young|Peter Wingfield|Christine Chatelain|Alex Diakun|Lynda Boyd|</GuestStars>
  <IMDB_ID></IMDB_ID>
  <Language>en</Language>
  <Overview>The Five, led by Magnus, attempt to find the secret labyrinth in the decimated city of Bhalasaam. Once located, they must complete a series of cryptic tests that can only be achieved using each of their unique powers.

</Overview>
  <ProductionCode>113</ProductionCode>
  <Rating>7.7</Rating>
  <RatingCount>49</RatingCount>
  <SeasonNumber>1</SeasonNumber>
  <Writer>Damian Kindler</Writer>
  <absolute_number>13</absolute_number>
  <filename>episodes/80159/416740.jpg</filename>
  <lastupdated>1321437743</lastupdated>
  <seasonid>27499</seasonid>
  <seriesid>80159</seriesid>
</Episode>
<Episode>
  <id>998431</id>
  <Combined_episodenumber>1.0</Combined_episodenumber>
  <Combined_season>2</Combined_season>
  <DVD_chapter></DVD_chapter>
  <DVD_discid></DVD_discid>
  <DVD_episodenumber>1.0</DVD_episodenumber>
  <DVD_season>2</DVD_season>
  <Director>Martin Wood</Director>
  <EpImgFlag>2</EpImgFlag>
  <EpisodeName>End of Nights (1)</EpisodeName>
  <EpisodeNumber>1</EpisodeNumber>
  <FirstAired>2009-10-09</FirstAired>
  <GuestStars>|Jonathon Young|Christine Chatelain|Lynda Boyd|Quelemia Sparrow|Michael Benyaer|Doug Abrahams|</GuestStars>
  <IMDB_ID></IMDB_ID>
  <Language>en</Language>
  <Overview>The search for Ashley puts Magnus and her allies in the path of Kate Freelander (Agam Darshi), a con artist with ties to the Cabal who divulges the location of a secret facility</Overview>
  <ProductionCode></ProductionCode>
  <Rating>7.6</Rating>
  <RatingCount>48</RatingCount>
  <SeasonNumber>2</SeasonNumber>
  <Writer>Damian Kindler</Writer>
  <absolute_number>14</absolute_number>
  <filename>episodes/80159/998431.jpg</filename>
  <lastupdated>1337199662</lastupdated>
  <seasonid>39630</seasonid>
  <seriesid>80159</seriesid>
</Episode>
<Episode>
  <id>998441</id>
  <Combined_episodenumber>2.0</Combined_episodenumber>
  <Combined_season>2</Combined_season>
  <DVD_chapter></DVD_chapter>
  <DVD_discid></DVD_discid>
  <DVD_episodenumber>2.0</DVD_episodenumber>
  <DVD_season>2</DVD_season>
  <Director>Martin Wood</Director>
  <EpImgFlag>2</EpImgFlag>
  <EpisodeName>End of Nights (2)</EpisodeName>
  <EpisodeNumber>2</EpisodeNumber>
  <FirstAired>2009-10-16</FirstAired>
  <GuestStars>|Jonathon Young|Christine Chatelain|Robert Lawrenson|Maiko Yamamoto|Stanley Tsang|Darren A. Hebert|Lynda Boyd|</GuestStars>
  <IMDB_ID></IMDB_ID>
  <Language>en</Language>
  <Overview>Furious at being duped into a trap, Magnus takes on Kate, demanding information and complete access to her Cabal contacts. The Cabal’s true agenda is revealed and Magnus realizes that they are not only holding Ashley as ransom to obtain complete control of the Sanctuary Network, but turning her into the ultimate weapon. Now transformed into a Super Abnormal with devastating powers, Ashley and her newly cloned fighters begin their onslaught, destroying Sanctuaries in cities around the world. Tesla and Henry attempt to create a weapon that can stop the attacks…without killing Ashley. As the team prepares to defend the Sanctuary with Tesla’s new weapon, Magnus must come to the realization that they may not be able to stop the Cabal’s attacks without harming Ashley. She realizes she might have to choose between saving her only daughter, or losing the Sanctuary and all the lives and secrets within it.</Overview>
  <ProductionCode></ProductionCode>
  <Rating>7.7</Rating>
  <RatingCount>50</RatingCount>
  <SeasonNumber>2</SeasonNumber>
  <Writer>Damian Kindler</Writer>
  <absolute_number>15</absolute_number>
  <filename>episodes/80159/998441.jpg</filename>
  <lastupdated>1337199638</lastupdated>
  <seasonid>39630</seasonid>
  <seriesid>80159</seriesid>
</Episode>
<Episode>
  <id>1147381</id>
  <Combined_episodenumber>3.0</Combined_episodenumber>
  <Combined_season>2</Combined_season>
  <DVD_chapter></DVD_chapter>
  <DVD_discid></DVD_discid>
  <DVD_episodenumber>3.0</DVD_episodenumber>
  <DVD_season>2</DVD_season>
  <Director>Brenton Spencer</Director>
  <EpImgFlag>2</EpImgFlag>
  <EpisodeName>Eulogy</EpisodeName>
  <EpisodeNumber>3</EpisodeNumber>
  <FirstAired>2009-10-23</FirstAired>
  <GuestStars>|Lynda Boyd|Hiro Kanagawa|Jason Schombig|Chuck Campbell|Paul Stanley|Brenda McDonald|Addison Tessema|</GuestStars>
  <IMDB_ID></IMDB_ID>
  <Language>en</Language>
  <Overview>With chaos all around them, the team must come to terms with how to rebuild after the Cabal’s attacks. Magnus takes a methodical approach to prove Ashley is still alive, while Will and Henry take on the daunting task of processing the hundreds of Abnormals who now seek refuge at the Sanctuary.</Overview>
  <ProductionCode></ProductionCode>
  <Rating>7.5</Rating>
  <RatingCount>46</RatingCount>
  <SeasonNumber>2</SeasonNumber>
  <Writer>Sara B. Cooper</Writer>
  <absolute_number>16</absolute_number>
  <filename>episodes/80159/1147381.jpg</filename>
  <lastupdated>1339673015</lastupdated>
  <seasonid>39630</seasonid>
  <seriesid>80159</seriesid>
</Episode>
<Episode>
  <id>1147391</id>
  <Combined_episodenumber>4.0</Combined_episodenumber>
  <Combined_season>2</Combined_season>
  <DVD_chapter></DVD_chapter>
  <DVD_discid></DVD_discid>
  <DVD_episodenumber>4.0</DVD_episodenumber>
  <DVD_season>2</DVD_season>
  <Director>Martin Wood</Director>
  <EpImgFlag>2</EpImgFlag>
  <EpisodeName>Hero</EpisodeName>
  <EpisodeNumber>4</EpisodeNumber>
  <FirstAired>2009-10-30</FirstAired>
  <GuestStars>|Chris Gauthier|Shayan Bayat|Robert Lawrenson|Timothy Paul Perez|Dean McKenzie|Challen Cates|</GuestStars>
  <IMDB_ID></IMDB_ID>
  <Language>en</Language>
  <Overview>A superhero is trapped by Magnus, and his lack of finesse affects the team's work. Elsewhere, Will and Declan go on the search for a creature that's loose in the city, after the discovery of an eggshell.</Overview>
  <ProductionCode></ProductionCode>
  <Rating>7.2</Rating>
  <RatingCount>44</RatingCount>
  <SeasonNumber>2</SeasonNumber>
  <Writer>Alan McCullough</Writer>
  <absolute_number>17</absolute_number>
  <filename>episodes/80159/1147391.jpg</filename>
  <lastupdated>1337199593</lastupdated>
  <seasonid>39630</seasonid>
  <seriesid>80159</seriesid>
</Episode>
<Episode>
  <id>1147401</id>
  <Combined_episodenumber>5.0</Combined_episodenumber>
  <Combined_season>2</Combined_season>
  <DVD_chapter></DVD_chapter>
  <DVD_discid></DVD_discid>
  <DVD_episodenumber>5.0</DVD_episodenumber>
  <DVD_season>2</DVD_season>
  <Director>Brenton Spencer</Director>
  <EpImgFlag>2</EpImgFlag>
  <EpisodeName>Pavor Nocturnus</EpisodeName>
  <EpisodeNumber>5</EpisodeNumber>
  <FirstAired>2009-11-06</FirstAired>
  <GuestStars>|Nicole Munoz|Darren Shalavi|Sean Tyson|</GuestStars>
  <IMDB_ID></IMDB_ID>
  <Language>en</Language>
  <Overview>A disoriented Magnus wakes up to find the Sanctuary in ruins and the entire city decimated, with no memory of how the devastation occurred.
While surveying the destruction, she is attacked by an inhuman creature but saved by two armed men who stun her and take her to an abandoned warehouse.
After being hosed down and left shivering and exhausted, Magnus fears the worst when a battle-scarred figure enters the room.</Overview>
  <ProductionCode></ProductionCode>
  <Rating>7.0</Rating>
  <RatingCount>50</RatingCount>
  <SeasonNumber>2</SeasonNumber>
  <Writer>Damian Kindler|James Thorpe</Writer>
  <absolute_number>18</absolute_number>
  <filename>episodes/80159/1147401.jpg</filename>
  <lastupdated>1337199702</lastupdated>
  <seasonid>39630</seasonid>
  <seriesid>80159</seriesid>
</Episode>
<Episode>
  <id>1147411</id>
  <Combined_episodenumber>6.0</Combined_episodenumber>
  <Combined_season>2</Combined_season>
  <DVD_chapter></DVD_chapter>
  <DVD_discid></DVD_discid>
  <DVD_episodenumber>6.0</DVD_episodenumber>
  <DVD_season>2</DVD_season>
  <Director>S.A. Adelson</Director>
  <EpImgFlag>2</EpImgFlag>
  <EpisodeName>Fragments</EpisodeName>
  <EpisodeNumber>6</EpisodeNumber>
  <FirstAired>2009-11-13</FirstAired>
  <GuestStars>|Anne Marie DeLuise|Colin Cunningham|Mandy May|</GuestStars>
  <IMDB_ID></IMDB_ID>
  <Language>en</Language>
  <Overview>Dr. Helen Magnus fights to save the life of one of the Sanctuary’s research scientists who was viciously attacked by a seemingly docile Abnormal. Baffled by the creature’s uncharacteristic behavior, Henry tries to figure out what, or who, caused the domesticated Abnormal to react so violently.</Overview>
  <ProductionCode></ProductionCode>
  <Rating>7.1</Rating>
  <RatingCount>48</RatingCount>
  <SeasonNumber>2</SeasonNumber>
  <Writer>Sara B. Cooper</Writer>
  <absolute_number>19</absolute_number>
  <filename>episodes/80159/1147411.jpg</filename>
  <lastupdated>1337199738</lastupdated>
  <seasonid>39630</seasonid>
  <seriesid>80159</seriesid>
</Episode>
<Episode>
  <id>1299721</id>
  <Combined_episodenumber>7.0</Combined_episodenumber>
  <Combined_season>2</Combined_season>
  <DVD_chapter></DVD_chapter>
  <DVD_discid></DVD_discid>
  <DVD_episodenumber>7.0</DVD_episodenumber>
  <DVD_season>2</DVD_season>
  <Director>Amanda Tapping</Director>
  <EpImgFlag>2</EpImgFlag>
  <EpisodeName>Veritas</EpisodeName>
  <EpisodeNumber>7</EpisodeNumber>
  <FirstAired>2009-11-20</FirstAired>
  <GuestStars>|Erica Cerra|Colin Lawrence|Robert Lawrenson|John Paul McGlynn|Michael Challenger|</GuestStars>
  <IMDB_ID></IMDB_ID>
  <Language>en</Language>
  <Overview>Will goes up against the heads of the Sanctuary Network to defend Magnus who is charged with a shocking murder. But as the evidence stacks up against her, even Will has trouble finding a way to convincingly defend her innocence.</Overview>
  <ProductionCode></ProductionCode>
  <Rating>7.6</Rating>
  <RatingCount>51</RatingCount>
  <SeasonNumber>2</SeasonNumber>
  <Writer>Alan McCullough</Writer>
  <absolute_number>20</absolute_number>
  <filename>episodes/80159/1299721.jpg</filename>
  <lastupdated>1337199775</lastupdated>
  <seasonid>39630</seasonid>
  <seriesid>80159</seriesid>
</Episode>
<Episode>
  <id>1300261</id>
  <Combined_episodenumber>8.0</Combined_episodenumber>
  <Combined_season>2</Combined_season>
  <DVD_chapter></DVD_chapter>
  <DVD_discid></DVD_discid>
  <DVD_episodenumber>8.0</DVD_episodenumber>
  <DVD_season>2</DVD_season>
  <Director>Martin Wood</Director>
  <EpImgFlag>2</EpImgFlag>
  <EpisodeName>Next Tuesday</EpisodeName>
  <EpisodeNumber>8</EpisodeNumber>
  <FirstAired>2009-12-04</FirstAired>
  <GuestStars>|Richard Zeman|</GuestStars>
  <IMDB_ID></IMDB_ID>
  <Language>en</Language>
  <Overview>Magnus and Will are called to make a straightforward retrieval of a rare Abnormal off the coast of Louisiana. With a commissioned helicopter, the retrieval is successful and their cargo securely on board. But as the pair starts heading back to the mainland, something causes the unusual sea creature to break loose. Unable to control the Abnormal and the helicopter simultaneously, Magnus and Will make a crash landing and find themselves entangled in guy wire, precariously dangling over an abandoned oil bore well several feet above the water in the middle of the Gulf of Mexico.

With the Abnormal nowhere to be found, Magnus concludes it has made its getaway into the depths of the water. But their solitude doesn’t last long. Not only does the Abnormal return, it’s even angrier than before. And Magnus and Will quickly learn they must escape or become its next victim.</Overview>
  <ProductionCode></ProductionCode>
  <Rating>6.9</Rating>
  <RatingCount>50</RatingCount>
  <SeasonNumber>2</SeasonNumber>
  <Writer>Damian Kindler</Writer>
  <absolute_number>21</absolute_number>
  <filename>episodes/80159/1300261.jpg</filename>
  <lastupdated>1337199804</lastupdated>
  <seasonid>39630</seasonid>
  <seriesid>80159</seriesid>
</Episode>
<Episode>
  <id>1300271</id>
  <Combined_episodenumber>9.0</Combined_episodenumber>
  <Combined_season>2</Combined_season>
  <DVD_chapter></DVD_chapter>
  <DVD_discid></DVD_discid>
  <DVD_episodenumber>9.0</DVD_episodenumber>
  <DVD_season>2</DVD_season>
  <Director>Brenton Spencer</Director>
  <EpImgFlag>2</EpImgFlag>
  <EpisodeName>Penance</EpisodeName>
  <EpisodeNumber>9</EpisodeNumber>
  <FirstAired>2009-12-11</FirstAired>
  <GuestStars>|Michael Shanks|Aleks Paunovic|Jason Bryden|Leslie Woolman|Dean Redman|</GuestStars>
  <IMDB_ID></IMDB_ID>
  <Language>en</Language>
  <Overview>Magnus is reunited with an old friend, Jimmy who is transporting a valuable elemental Abnormal to the Sanctuary for safety.

But an underground mob accustomed to cashing in on the Abnormal black market, tracks down Jimmy and his valuable cargo before the delivery is complete. Magnus and Jimmy find themselves in a dangerous shootout, determined to save the Abnormal. Will, Kate and Henry are quick on the scene as backup. Kate proves her worth when she manages to get Jimmy and the Abnormal to safety. But not before taking a shot from one of the mobsters herself.

Hiding out in an abandoned, derelict motel room until the immediate danger of the mob passes, Jimmy tends to Kate’s gunshot wound. With little to do but talk and wait for Magnus to find them, Jimmy and Kate discover an unexpected common history.</Overview>
  <ProductionCode></ProductionCode>
  <Rating>7.0</Rating>
  <RatingCount>51</RatingCount>
  <SeasonNumber>2</SeasonNumber>
  <Writer>Alan McCullough</Writer>
  <absolute_number>22</absolute_number>
  <filename>episodes/80159/1300271.jpg</filename>
  <lastupdated>1337199837</lastupdated>
  <seasonid>39630</seasonid>
  <seriesid>80159</seriesid>
</Episode>
<Episode>
  <id>1302641</id>
  <Combined_episodenumber>10.0</Combined_episodenumber>
  <Combined_season>2</Combined_season>
  <DVD_chapter></DVD_chapter>
  <DVD_discid></DVD_discid>
  <DVD_episodenumber>10.0</DVD_episodenumber>
  <DVD_season>2</DVD_season>
  <Director>Steven A. Adelson</Director>
  <EpImgFlag>2</EpImgFlag>
  <EpisodeName>Sleepers</EpisodeName>
  <EpisodeNumber>10</EpisodeNumber>
  <FirstAired>2009-12-18</FirstAired>
  <GuestStars>|Ryan Kennedy|Jonathon Young|Chad Rook|Adrienne Carter|Steve Archer|Monica Mustelier|Melissa Pol|</GuestStars>
  <IMDB_ID></IMDB_ID>
  <Language>en</Language>
  <Overview>Magnus and Will investigate a number of inexplicable teenage disappearances. The common denominator in the case seems to be that they all recently spent time at an exclusive rehab clinic in Mexico.

Paying a visit to the clinic, Magnus and Will are surprised to meet the program’s director…none other than a disguised Nikola Tesla, one of the original Five.

Tesla portentously explains he has been working on a treatment that cures the teens of their addictions in merely a week. Magnus and Will know Tesla has an ulterior motive and press him to disclose the real purpose for the clinic. Unable to hold back his excitement, Tesla reveals he is actually turning his patients into Vampires.

Tesla’s treatment is designed to create a time-release of the Vampire gene, evolving his unsuspecting patients into Vampires over a 30-year period. But when one of his patients discovers the formula to speed up the process, they find themselves up against a powerful and determined group of new Vampires. Unless they can be stopped, Magnus fears Tesla may have unleashed the resurrection of the deadliest race of Abnormals ever to roam the Earth.</Overview>
  <ProductionCode></ProductionCode>
  <Rating>7.7</Rating>
  <RatingCount>54</RatingCount>
  <SeasonNumber>2</SeasonNumber>
  <Writer>James Thorpe</Writer>
  <absolute_number>23</absolute_number>
  <filename>episodes/80159/1302641.jpg</filename>
  <lastupdated>1337199868</lastupdated>
  <seasonid>39630</seasonid>
  <seriesid>80159</seriesid>
</Episode>
<Episode>
  <id>1363491</id>
  <Combined_episodenumber>11.0</Combined_episodenumber>
  <Combined_season>2</Combined_season>
  <DVD_chapter></DVD_chapter>
  <DVD_discid></DVD_discid>
  <DVD_episodenumber>11.0</DVD_episodenumber>
  <DVD_season>2</DVD_season>
  <Director>Peter DeLuise</Director>
  <EpImgFlag>2</EpImgFlag>
  <EpisodeName>Haunted</EpisodeName>
  <EpisodeNumber>11</EpisodeNumber>
  <FirstAired>2010-01-08</FirstAired>
  <GuestStars>|Ntsiki Kheswa|Hamza Fouad|Marcia Moulton|</GuestStars>
  <IMDB_ID></IMDB_ID>
  <Language>en</Language>
  <Overview>The team rescues the occupants of a sinking ship off the coast of South Africa and teleport them to the Sanctuary. However, Magnus suspects Druitt of murdering one of the passengers during the rescue.</Overview>
  <ProductionCode></ProductionCode>
  <Rating>7.5</Rating>
  <RatingCount>57</RatingCount>
  <SeasonNumber>2</SeasonNumber>
  <Writer>Damian Kindler	|James Thorpe</Writer>
  <absolute_number>24</absolute_number>
  <filename>episodes/80159/1363491.jpg</filename>
  <lastupdated>1337199908</lastupdated>
  <seasonid>39630</seasonid>
  <seriesid>80159</seriesid>
</Episode>
<Episode>
  <id>1363501</id>
  <Combined_episodenumber>12.0</Combined_episodenumber>
  <Combined_season>2</Combined_season>
  <DVD_chapter></DVD_chapter>
  <DVD_discid></DVD_discid>
  <DVD_episodenumber>12.0</DVD_episodenumber>
  <DVD_season>2</DVD_season>
  <Director>Martin Wood</Director>
  <EpImgFlag>2</EpImgFlag>
  <EpisodeName>Kali (1)</EpisodeName>
  <EpisodeNumber>12</EpisodeNumber>
  <FirstAired>2010-01-15</FirstAired>
  <GuestStars>|Callum Blue|Shaker Paleja|Paul McGillion|Sahar Biniaz|Robert Lawrenson|Terry Chen|Balinder Johal|</GuestStars>
  <IMDB_ID></IMDB_ID>
  <Language>en</Language>
  <Overview>The team investigate a murder in Mumbai, and find a connection to the ancient cult of Kali, whose followers can foretell disaster. However, Will falls ill and disappears, and is somehow linked to the mystery.</Overview>
  <ProductionCode></ProductionCode>
  <Rating>7.8</Rating>
  <RatingCount>53</RatingCount>
  <SeasonNumber>2</SeasonNumber>
  <Writer>Alan McCullough</Writer>
  <absolute_number>25</absolute_number>
  <filename>episodes/80159/1363501.jpg</filename>
  <lastupdated>1337199956</lastupdated>
  <seasonid>39630</seasonid>
  <seriesid>80159</seriesid>
</Episode>
<Episode>
  <id>1363511</id>
  <Combined_episodenumber>13.0</Combined_episodenumber>
  <Combined_season>2</Combined_season>
  <DVD_chapter></DVD_chapter>
  <DVD_discid></DVD_discid>
  <DVD_episodenumber>13.0</DVD_episodenumber>
  <DVD_season>2</DVD_season>
  <Director>Martin Wood</Director>
  <EpImgFlag>2</EpImgFlag>
  <EpisodeName>Kali (2)</EpisodeName>
  <EpisodeNumber>13</EpisodeNumber>
  <FirstAired>2010-01-15</FirstAired>
  <GuestStars>|Callum Blue|Shaker Paleja|Paul McGillion|Sahar Biniaz|Robert Lawrenson|Terry Chen|Balinder Johal|</GuestStars>
  <IMDB_ID></IMDB_ID>
  <Language>en</Language>
  <Overview>Will begins to experience strange visions that are connected to the Cult of Kali. Magnus has difficulty with finding the solution to their problems.</Overview>
  <ProductionCode></ProductionCode>
  <Rating>7.9</Rating>
  <RatingCount>37</RatingCount>
  <SeasonNumber>2</SeasonNumber>
  <Writer>Damian Kindler</Writer>
  <absolute_number>26</absolute_number>
  <filename>episodes/80159/1363511.jpg</filename>
  <lastupdated>1337199998</lastupdated>
  <seasonid>39630</seasonid>
  <seriesid>80159</seriesid>
</Episode>
<Episode>
  <id>2447071</id>
  <Combined_episodenumber>1</Combined_episodenumber>
  <Combined_season>3</Combined_season>
  <DVD_chapter></DVD_chapter>
  <DVD_discid></DVD_discid>
  <DVD_episodenumber></DVD_episodenumber>
  <DVD_season></DVD_season>
  <Director>Martin Wood</Director>
  <EpImgFlag>2</EpImgFlag>
  <EpisodeName>Kali (3)</EpisodeName>
  <EpisodeNumber>1</EpisodeNumber>
  <FirstAired>2010-10-15</FirstAired>
  <GuestStars>Callum Blue|Shaker Paleja|Paul McGillion|Sahar Biniaz|Robert Lawrenson|Terry Chen|Balinder Johal</GuestStars>
  <IMDB_ID></IMDB_ID>
  <Language>en</Language>
  <Overview>The Sanctuary team must find and stop Kali before the tidal wave could kill millions. Meanwhile, in Mumbai, Will is still fighting for his life.</Overview>
  <ProductionCode></ProductionCode>
  <Rating>7.7</Rating>
  <RatingCount>70</RatingCount>
  <SeasonNumber>3</SeasonNumber>
  <Writer>Alan McCullough</Writer>
  <absolute_number>27</absolute_number>
  <filename>episodes/80159/2447071.jpg</filename>
  <lastupdated>1337200094</lastupdated>
  <seasonid>274171</seasonid>
  <seriesid>80159</seriesid>
</Episode>
<Episode>
  <id>2920401</id>
  <Combined_episodenumber>2</Combined_episodenumber>
  <Combined_season>3</Combined_season>
  <DVD_chapter></DVD_chapter>
  <DVD_discid></DVD_discid>
  <DVD_episodenumber></DVD_episodenumber>
  <DVD_season></DVD_season>
  <Director>Martin Wood</Director>
  <EpImgFlag>2</EpImgFlag>
  <EpisodeName>Firewall</EpisodeName>
  <EpisodeNumber>2</EpisodeNumber>
  <FirstAired>2010-10-22</FirstAired>
  <GuestStars>Jim Byrnes|Paul McGillion|Sahar Biniaz|Robert Lawrenson</GuestStars>
  <IMDB_ID></IMDB_ID>
  <Language>en</Language>
  <Overview>Will suffers from amnesia regarding the events of his near-death experience, but some unwanted visitors become intent on finding out what is locked in his memory.</Overview>
  <ProductionCode></ProductionCode>
  <Rating>7.7</Rating>
  <RatingCount>67</RatingCount>
  <SeasonNumber>3</SeasonNumber>
  <Writer>Damian Kindler</Writer>
  <absolute_number>28</absolute_number>
  <filename>episodes/80159/2920401.jpg</filename>
  <lastupdated>1320268633</lastupdated>
  <seasonid>274171</seasonid>
  <seriesid>80159</seriesid>
</Episode>
<Episode>
  <id>3017231</id>
  <Combined_episodenumber>3</Combined_episodenumber>
  <Combined_season>3</Combined_season>
  <DVD_chapter></DVD_chapter>
  <DVD_discid></DVD_discid>
  <DVD_episodenumber></DVD_episodenumber>
  <DVD_season></DVD_season>
  <Director>Peter Deluise</Director>
  <EpImgFlag>2</EpImgFlag>
  <EpisodeName>Bank Job</EpisodeName>
  <EpisodeNumber>3</EpisodeNumber>
  <FirstAired>2010-10-29</FirstAired>
  <GuestStars>Peter Flemming|Gary Jones|Robin Mossley|Mary Black|Chasty Ballasteros|Jason Poulsen|Tobias Slezak|Eric Keenleyside</GuestStars>
  <IMDB_ID></IMDB_ID>
  <Language>en</Language>
  <Overview>The team goes on a routine mission to retrieve an Abnormal and take it to safety. But the mission becomes anything but routine when they are forced to stage a bank heist in order to protect the public from harm.</Overview>
  <ProductionCode></ProductionCode>
  <Rating>7.4</Rating>
  <RatingCount>73</RatingCount>
  <SeasonNumber>3</SeasonNumber>
  <Writer>James Thorpe</Writer>
  <absolute_number>29</absolute_number>
  <filename>episodes/80159/3017231.jpg</filename>
  <lastupdated>1320268851</lastupdated>
  <seasonid>274171</seasonid>
  <seriesid>80159</seriesid>
</Episode>
<Episode>
  <id>3090701</id>
  <Combined_episodenumber>4</Combined_episodenumber>
  <Combined_season>3</Combined_season>
  <DVD_chapter></DVD_chapter>
  <DVD_discid></DVD_discid>
  <DVD_episodenumber></DVD_episodenumber>
  <DVD_season></DVD_season>
  <Director>Steven A. Adelson</Director>
  <EpImgFlag>2</EpImgFlag>
  <EpisodeName>Trail of Blood</EpisodeName>
  <EpisodeNumber>4</EpisodeNumber>
  <FirstAired>2010-11-05</FirstAired>
  <GuestStars>Jonathon Young|Martin Christopher|Michael Rogers</GuestStars>
  <IMDB_ID></IMDB_ID>
  <Language>en</Language>
  <Overview>Nikola Tesla surfaces, sending Helen an SOS from the Colombian Highlands - but Will doesn't think he can be trusted.</Overview>
  <ProductionCode></ProductionCode>
  <Rating>7.5</Rating>
  <RatingCount>66</RatingCount>
  <SeasonNumber>3</SeasonNumber>
  <Writer>Gillian Horvath</Writer>
  <absolute_number>30</absolute_number>
  <filename>episodes/80159/3090701.jpg</filename>
  <lastupdated>1321702917</lastupdated>
  <seasonid>274171</seasonid>
  <seriesid>80159</seriesid>
</Episode>
<Episode>
  <id>3090711</id>
  <Combined_episodenumber>5</Combined_episodenumber>
  <Combined_season>3</Combined_season>
  <DVD_chapter></DVD_chapter>
  <DVD_discid></DVD_discid>
  <DVD_episodenumber></DVD_episodenumber>
  <DVD_season></DVD_season>
  <Director>Mairzee Almas</Director>
  <EpImgFlag>2</EpImgFlag>
  <EpisodeName>Hero II: Broken Arrow</EpisodeName>
  <EpisodeNumber>5</EpisodeNumber>
  <FirstAired>2010-11-12</FirstAired>
  <GuestStars>Matty Finochio|Chris Gauthier</GuestStars>
  <IMDB_ID></IMDB_ID>
  <Language>en</Language>
  <Overview>Kate gains super-hero-like abilities when an Abnormal attaches itself to her for safe keeping.</Overview>
  <ProductionCode></ProductionCode>
  <Rating>7.4</Rating>
  <RatingCount>66</RatingCount>
  <SeasonNumber>3</SeasonNumber>
  <Writer>Alan McCullough</Writer>
  <absolute_number>31</absolute_number>
  <filename>episodes/80159/3090711.jpg</filename>
  <lastupdated>1321703625</lastupdated>
  <seasonid>274171</seasonid>
  <seriesid>80159</seriesid>
</Episode>
<Episode>
  <id>3090721</id>
  <Combined_episodenumber>6</Combined_episodenumber>
  <Combined_season>3</Combined_season>
  <DVD_chapter></DVD_chapter>
  <DVD_discid></DVD_discid>
  <DVD_episodenumber></DVD_episodenumber>
  <DVD_season></DVD_season>
  <Director>Martin Wood</Director>
  <EpImgFlag>2</EpImgFlag>
  <EpisodeName>Animus</EpisodeName>
  <EpisodeNumber>6</EpisodeNumber>
  <FirstAired>2010-11-19</FirstAired>
  <GuestStars>Robert Lawrenson|Jonathon Young|Pauline Egan|Allison Hossack|Adrian Hough|Michael Patrick</GuestStars>
  <IMDB_ID></IMDB_ID>
  <Language>en</Language>
  <Overview>Word of a possible werewolf sighting prompts Henry and Will to visit an English psychiatric facility. As they probe a potential connection to Henry's Hyper Accelerated Protean past - and future - Magnus and Tesla investigate the mysterious holographic city.</Overview>
  <ProductionCode></ProductionCode>
  <Rating>7.6</Rating>
  <RatingCount>67</RatingCount>
  <SeasonNumber>3</SeasonNumber>
  <Writer>Miranda Kwok</Writer>
  <absolute_number>32</absolute_number>
  <filename>episodes/80159/3090721.jpg</filename>
  <lastupdated>1322907707</lastupdated>
  <seasonid>274171</seasonid>
  <seriesid>80159</seriesid>
</Episode>
<Episode>
  <id>3090731</id>
  <Combined_episodenumber>7</Combined_episodenumber>
  <Combined_season>3</Combined_season>
  <DVD_chapter></DVD_chapter>
  <DVD_discid></DVD_discid>
  <DVD_episodenumber></DVD_episodenumber>
  <DVD_season></DVD_season>
  <Director>Martin Wood</Director>
  <EpImgFlag>2</EpImgFlag>
  <EpisodeName>Breach</EpisodeName>
  <EpisodeNumber>7</EpisodeNumber>
  <FirstAired>2010-11-26</FirstAired>
  <GuestStars>Ian Tracey</GuestStars>
  <IMDB_ID>tt1721663</IMDB_ID>
  <Language>en</Language>
  <Overview>Magnus responds to an anonymous call for help at an abandoned building.  But when she gets trapped inside, she discovers whoever made the call has a very different agenda.</Overview>
  <ProductionCode></ProductionCode>
  <Rating>7.8</Rating>
  <RatingCount>64</RatingCount>
  <SeasonNumber>3</SeasonNumber>
  <Writer>Damian Kindler</Writer>
  <absolute_number>33</absolute_number>
  <filename>episodes/80159/3090731.jpg</filename>
  <lastupdated>1325349117</lastupdated>
  <seasonid>274171</seasonid>
  <seriesid>80159</seriesid>
</Episode>
<Episode>
  <id>3090741</id>
  <Combined_episodenumber>8</Combined_episodenumber>
  <Combined_season>3</Combined_season>
  <DVD_chapter></DVD_chapter>
  <DVD_discid></DVD_discid>
  <DVD_episodenumber></DVD_episodenumber>
  <DVD_season></DVD_season>
  <Director>Lee Wilson</Director>
  <EpImgFlag>2</EpImgFlag>
  <EpisodeName>For King and Country</EpisodeName>
  <EpisodeNumber>8</EpisodeNumber>
  <FirstAired>2010-12-03</FirstAired>
  <GuestStars>Ian Tracey|Jonathon Young|Peter Wingfield|Vincent Gale</GuestStars>
  <IMDB_ID>tt1721664</IMDB_ID>
  <Language>en</Language>
  <Overview>With Adam on lockdown at the Sanctuary, Magnus investigates his connection to Hollow Earth - and Druitt - while being forced to reveal dark secrets about the chaotic origins of the Five.</Overview>
  <ProductionCode></ProductionCode>
  <Rating>7.6</Rating>
  <RatingCount>64</RatingCount>
  <SeasonNumber>3</SeasonNumber>
  <Writer>James Thorpe</Writer>
  <absolute_number>34</absolute_number>
  <filename>episodes/80159/3090741.jpg</filename>
  <lastupdated>1323604764</lastupdated>
  <seasonid>274171</seasonid>
  <seriesid>80159</seriesid>
</Episode>
<Episode>
  <id>3253081</id>
  <Combined_episodenumber>9</Combined_episodenumber>
  <Combined_season>3</Combined_season>
  <DVD_chapter></DVD_chapter>
  <DVD_discid></DVD_discid>
  <DVD_episodenumber></DVD_episodenumber>
  <DVD_season></DVD_season>
  <Director>Steven A. Adelson</Director>
  <EpImgFlag>2</EpImgFlag>
  <EpisodeName>Vigilante</EpisodeName>
  <EpisodeNumber>9</EpisodeNumber>
  <FirstAired>2010-12-10</FirstAired>
  <GuestStars>Ian Tracey|Jonathon Young|Pascale Hutton|Martin Christopher|John Emmet Tracy|Slyvesta Stewart|Denton Winn</GuestStars>
  <IMDB_ID>tt1721665</IMDB_ID>
  <Language>en</Language>
  <Overview>Will takes command of the Sanctuary while Magnus and Druitt search for a critical artifact in London. Knowing that Magnus's only hope for a cure lies in the secret subterranean city, Will ignores her warnings and releases Adam-Hyde in the hope that he will lead them to an access point for Hollow Earth.</Overview>
  <ProductionCode></ProductionCode>
  <Rating>7.7</Rating>
  <RatingCount>64</RatingCount>
  <SeasonNumber>3</SeasonNumber>
  <Writer>Alan McCullough</Writer>
  <absolute_number>35</absolute_number>
  <filename>episodes/80159/3253081.jpg</filename>
  <lastupdated>1325103573</lastupdated>
  <seasonid>274171</seasonid>
  <seriesid>80159</seriesid>
</Episode>
<Episode>
  <id>3253101</id>
  <Combined_episodenumber>10</Combined_episodenumber>
  <Combined_season>3</Combined_season>
  <DVD_chapter></DVD_chapter>
  <DVD_discid></DVD_discid>
  <DVD_episodenumber></DVD_episodenumber>
  <DVD_season></DVD_season>
  <Director>Martin Wood</Director>
  <EpImgFlag>2</EpImgFlag>
  <EpisodeName>Hollow Men</EpisodeName>
  <EpisodeNumber>10</EpisodeNumber>
  <FirstAired>2010-12-17</FirstAired>
  <GuestStars>Ian Tracey|Jonathon Young|Nels Lennarson|Scott McNeil|Luvia Petersen|Valin Sinyei|Alexander Kambolis</GuestStars>
  <IMDB_ID>tt1721656</IMDB_ID>
  <Language>en</Language>
  <Overview>Seeking a gateway to the secret subterranean city, Magnus leads a treacherous mission to Tibet - telling a bitter Adam that he must stay behind while promising to bring back a cure for their radiation sickness. Because of their source blood, Magnus insists that Tesla and Druitt stay behind as well, taking the only shield Tesla was able to construct for herself. The hidden city, however, is rigged with deadly security traps - and death awaits the team at every turn.</Overview>
  <ProductionCode></ProductionCode>
  <Rating>7.6</Rating>
  <RatingCount>68</RatingCount>
  <SeasonNumber>3</SeasonNumber>
  <Writer>James Thorpe</Writer>
  <absolute_number>36</absolute_number>
  <filename>episodes/80159/3253101.jpg</filename>
  <lastupdated>1325103772</lastupdated>
  <seasonid>274171</seasonid>
  <seriesid>80159</seriesid>
</Episode>
<Episode>
  <id>3323351</id>
  <Combined_episodenumber>11</Combined_episodenumber>
  <Combined_season>3</Combined_season>
  <DVD_chapter></DVD_chapter>
  <DVD_discid></DVD_discid>
  <DVD_episodenumber></DVD_episodenumber>
  <DVD_season></DVD_season>
  <Director>Martin Wood</Director>
  <EpImgFlag>2</EpImgFlag>
  <EpisodeName>Pax Romana</EpisodeName>
  <EpisodeNumber>11</EpisodeNumber>
  <FirstAired>2011-04-15</FirstAired>
  <GuestStars>Polly Walker|Jim Byrnes|Ian Tracey|Jody Thompson|Neis Lennarson</GuestStars>
  <IMDB_ID></IMDB_ID>
  <Language>en</Language>
  <Overview>Magnus is revived to answer Ranna's questions and soon figures out that despite Ranna's efforts the city is in great deal of trouble and the fall of Praxis could also threaten the surface world however Magnus is able to help. Magnus and Ranna makes an understanding to help and she revives rest of the gang. Magnus manages to save the city with the help from Gregory Magnus meanwhile Will tries to breakdown Adam's plan that can cause huge trouble. </Overview>
  <ProductionCode></ProductionCode>
  <Rating>7.5</Rating>
  <RatingCount>65</RatingCount>
  <SeasonNumber>3</SeasonNumber>
  <Writer>Damian Kindler</Writer>
  <absolute_number>37</absolute_number>
  <filename>episodes/80159/3323351.jpg</filename>
  <lastupdated>1325348906</lastupdated>
  <seasonid>274171</seasonid>
  <seriesid>80159</seriesid>
</Episode>
<Episode>
  <id>3323361</id>
  <Combined_episodenumber>12</Combined_episodenumber>
  <Combined_season>3</Combined_season>
  <DVD_chapter></DVD_chapter>
  <DVD_discid></DVD_discid>
  <DVD_episodenumber></DVD_episodenumber>
  <DVD_season></DVD_season>
  <Director>Andy Mikita</Director>
  <EpImgFlag>2</EpImgFlag>
  <EpisodeName>Hangover</EpisodeName>
  <EpisodeNumber>12</EpisodeNumber>
  <FirstAired>2011-04-22</FirstAired>
  <GuestStars>Francoise Yip</GuestStars>
  <IMDB_ID></IMDB_ID>
  <Language>en</Language>
  <Overview>Returning home from an overnight trip, Magnus is stunned to find the Sanctuary in a complete and utter shambles - only hours before a scheduled inspection by a UN Security Team. A bruised and battered Henry only adds to the mystery by claiming that he was attacked by Will.</Overview>
  <ProductionCode></ProductionCode>
  <Rating>7.4</Rating>
  <RatingCount>54</RatingCount>
  <SeasonNumber>3</SeasonNumber>
  <Writer>James Thorpe</Writer>
  <absolute_number>38</absolute_number>
  <filename>episodes/80159/3323361.jpg</filename>
  <lastupdated>1325962544</lastupdated>
  <seasonid>274171</seasonid>
  <seriesid>80159</seriesid>
</Episode>
<Episode>
  <id>3323371</id>
  <Combined_episodenumber>13</Combined_episodenumber>
  <Combined_season>3</Combined_season>
  <DVD_chapter></DVD_chapter>
  <DVD_discid></DVD_discid>
  <DVD_episodenumber></DVD_episodenumber>
  <DVD_season></DVD_season>
  <Director>Amanda Tapping</Director>
  <EpImgFlag>2</EpImgFlag>
  <EpisodeName>One Night</EpisodeName>
  <EpisodeNumber>13</EpisodeNumber>
  <FirstAired>2011-04-25</FirstAired>
  <GuestStars>James Pizzinato|Edward Foy|Tinsel Korey|Pascale Hutton|Robert Lawrenson</GuestStars>
  <IMDB_ID></IMDB_ID>
  <Language>en</Language>
  <Overview>Looking to share a quiet, &quot;normal&quot; evening out with Abby, Will and his date are abducted en route to the restaurant by a desperate gang leader who faces certain death without their help. Then, upon learning the abductor's identity, Magnus suddenly ceases all attempts at rescue. </Overview>
  <ProductionCode></ProductionCode>
  <Rating>7.3</Rating>
  <RatingCount>63</RatingCount>
  <SeasonNumber>3</SeasonNumber>
  <Writer>Damian Kindler</Writer>
  <absolute_number>39</absolute_number>
  <filename>episodes/80159/3323371.jpg</filename>
  <lastupdated>1328211649</lastupdated>
  <seasonid>274171</seasonid>
  <seriesid>80159</seriesid>
</Episode>
<Episode>
  <id>3760221</id>
  <Combined_episodenumber>14</Combined_episodenumber>
  <Combined_season>3</Combined_season>
  <DVD_chapter></DVD_chapter>
  <DVD_discid></DVD_discid>
  <DVD_episodenumber></DVD_episodenumber>
  <DVD_season></DVD_season>
  <Director>Andy Mikita</Director>
  <EpImgFlag>2</EpImgFlag>
  <EpisodeName>Metamorphosis</EpisodeName>
  <EpisodeNumber>14</EpisodeNumber>
  <FirstAired>2011-05-02</FirstAired>
  <GuestStars></GuestStars>
  <IMDB_ID></IMDB_ID>
  <Language>en</Language>
  <Overview>Will's transformation has him literally climbing the walls.</Overview>
  <ProductionCode></ProductionCode>
  <Rating>7.2</Rating>
  <RatingCount>55</RatingCount>
  <SeasonNumber>3</SeasonNumber>
  <Writer>Alan McCullough</Writer>
  <absolute_number>40</absolute_number>
  <filename>episodes/80159/3760221.jpg</filename>
  <lastupdated>1328211718</lastupdated>
  <seasonid>274171</seasonid>
  <seriesid>80159</seriesid>
</Episode>
<Episode>
  <id>3760231</id>
  <Combined_episodenumber>15</Combined_episodenumber>
  <Combined_season>3</Combined_season>
  <DVD_chapter></DVD_chapter>
  <DVD_discid></DVD_discid>
  <DVD_episodenumber></DVD_episodenumber>
  <DVD_season></DVD_season>
  <Director>Peter DeLuise</Director>
  <EpImgFlag>2</EpImgFlag>
  <EpisodeName>Wingman</EpisodeName>
  <EpisodeNumber>15</EpisodeNumber>
  <FirstAired>2011-05-09</FirstAired>
  <GuestStars>Pascale Hutton|Pauline Egan|Peter DeLuise</GuestStars>
  <IMDB_ID></IMDB_ID>
  <Language>en</Language>
  <Overview>Will and Henry's double date goes awry when Magnus tasks them with an Abnormal delivery.</Overview>
  <ProductionCode></ProductionCode>
  <Rating>7.0</Rating>
  <RatingCount>52</RatingCount>
  <SeasonNumber>3</SeasonNumber>
  <Writer>Miranda Kwok</Writer>
  <absolute_number>41</absolute_number>
  <filename>episodes/80159/3760231.jpg</filename>
  <lastupdated>1328217104</lastupdated>
  <seasonid>274171</seasonid>
  <seriesid>80159</seriesid>
</Episode>
<Episode>
  <id>3760241</id>
  <Combined_episodenumber>16</Combined_episodenumber>
  <Combined_season>3</Combined_season>
  <DVD_chapter></DVD_chapter>
  <DVD_discid></DVD_discid>
  <DVD_episodenumber></DVD_episodenumber>
  <DVD_season></DVD_season>
  <Director>Lee Wilson</Director>
  <EpImgFlag>2</EpImgFlag>
  <EpisodeName>Awakening</EpisodeName>
  <EpisodeNumber>16</EpisodeNumber>
  <FirstAired>2011-05-16</FirstAired>
  <GuestStars>Jonathon Young|Aliyah O'Brien</GuestStars>
  <IMDB_ID></IMDB_ID>
  <Language>en</Language>
  <Overview>Magnus and Tesla investigate a former Praxian stronghold and unintentionally stumble on vampiric secrets.</Overview>
  <ProductionCode></ProductionCode>
  <Rating>7.7</Rating>
  <RatingCount>55</RatingCount>
  <SeasonNumber>3</SeasonNumber>
  <Writer>Gillian Horvath</Writer>
  <absolute_number>42</absolute_number>
  <filename>episodes/80159/3760241.jpg</filename>
  <lastupdated>1328217176</lastupdated>
  <seasonid>274171</seasonid>
  <seriesid>80159</seriesid>
</Episode>
<Episode>
  <id>3760251</id>
  <Combined_episodenumber>17</Combined_episodenumber>
  <Combined_season>3</Combined_season>
  <DVD_chapter></DVD_chapter>
  <DVD_discid></DVD_discid>
  <DVD_episodenumber></DVD_episodenumber>
  <DVD_season></DVD_season>
  <Director>Martin Wood</Director>
  <EpImgFlag>2</EpImgFlag>
  <EpisodeName>Normandy</EpisodeName>
  <EpisodeNumber>17</EpisodeNumber>
  <FirstAired>2011-05-23</FirstAired>
  <GuestStars>Erin Lacourciere|Jonathon Young|Peter Wingfield|Vincent Gale|Douglas O'Keefe|Richard De Klerk|</GuestStars>
  <IMDB_ID></IMDB_ID>
  <Language>en</Language>
  <Overview>Discover Magnus' role in a turning point of World War II history. </Overview>
  <ProductionCode></ProductionCode>
  <Rating>7.6</Rating>
  <RatingCount>57</RatingCount>
  <SeasonNumber>3</SeasonNumber>
  <Writer>Damian Kindler</Writer>
  <absolute_number>43</absolute_number>
  <filename>episodes/80159/3760251.jpg</filename>
  <lastupdated>1328884969</lastupdated>
  <seasonid>274171</seasonid>
  <seriesid>80159</seriesid>
</Episode>
<Episode>
  <id>3760261</id>
  <Combined_episodenumber>18</Combined_episodenumber>
  <Combined_season>3</Combined_season>
  <DVD_chapter></DVD_chapter>
  <DVD_discid></DVD_discid>
  <DVD_episodenumber></DVD_episodenumber>
  <DVD_season></DVD_season>
  <Director>Steven A. Adelson</Director>
  <EpImgFlag>1</EpImgFlag>
  <EpisodeName>Carentan</EpisodeName>
  <EpisodeNumber>18</EpisodeNumber>
  <FirstAired>2011-06-06</FirstAired>
  <GuestStars>Andrew Halliwell|Jordana Largy|Robert Lawrenson|Elysia Rotaru</GuestStars>
  <IMDB_ID></IMDB_ID>
  <Language>en</Language>
  <Overview>A colleague vanishes amid unexplained disappearances in Normandy, France, where Magnus and her team run into a military blockade during their investigation</Overview>
  <ProductionCode></ProductionCode>
  <Rating>7.7</Rating>
  <RatingCount>58</RatingCount>
  <SeasonNumber>3</SeasonNumber>
  <Writer>James Thorpe</Writer>
  <absolute_number>44</absolute_number>
  <filename>episodes/80159/3760261.jpg</filename>
  <lastupdated>1330165405</lastupdated>
  <seasonid>274171</seasonid>
  <seriesid>80159</seriesid>
</Episode>
<Episode>
  <id>3760271</id>
  <Combined_episodenumber>19</Combined_episodenumber>
  <Combined_season>3</Combined_season>
  <DVD_chapter></DVD_chapter>
  <DVD_discid></DVD_discid>
  <DVD_episodenumber></DVD_episodenumber>
  <DVD_season></DVD_season>
  <Director>Martin Wood</Director>
  <EpImgFlag>2</EpImgFlag>
  <EpisodeName>Out of the Blue</EpisodeName>
  <EpisodeNumber>19</EpisodeNumber>
  <FirstAired>2011-06-13</FirstAired>
  <GuestStars>Shaker Paleja</GuestStars>
  <IMDB_ID>tt1751632</IMDB_ID>
  <Language>en</Language>
  <Overview>Helen and Will find themselves in an alternate reality, living as suburban neighbors, who experience unsettling dreams that disrupt their new careers.</Overview>
  <ProductionCode></ProductionCode>
  <Rating>7.4</Rating>
  <RatingCount>52</RatingCount>
  <SeasonNumber>3</SeasonNumber>
  <Writer>Damian Kindler</Writer>
  <absolute_number>45</absolute_number>
  <filename>episodes/80159/3760271.jpg</filename>
  <lastupdated>1349327378</lastupdated>
  <seasonid>274171</seasonid>
  <seriesid>80159</seriesid>
</Episode>
<Episode>
  <id>3760281</id>
  <Combined_episodenumber>20</Combined_episodenumber>
  <Combined_season>3</Combined_season>
  <DVD_chapter></DVD_chapter>
  <DVD_discid></DVD_discid>
  <DVD_episodenumber></DVD_episodenumber>
  <DVD_season></DVD_season>
  <Director>Damian Kindler</Director>
  <EpImgFlag>2</EpImgFlag>
  <EpisodeName>Into the Black</EpisodeName>
  <EpisodeNumber>20</EpisodeNumber>
  <FirstAired>2011-06-20</FirstAired>
  <GuestStars>Fraser Aitcheson|Adam Copeland|David Milchard|Jody Thompson</GuestStars>
  <IMDB_ID>tt1751633</IMDB_ID>
  <Language>en</Language>
  <Overview>Receiving word that a large group of Abnormals has been spotted near a South Dakotan cave entrance, Magnus realizes it's the first wave of Abnormals emerging from Hollow Earth. 
</Overview>
  <ProductionCode></ProductionCode>
  <Rating>7.8</Rating>
  <RatingCount>52</RatingCount>
  <SeasonNumber>3</SeasonNumber>
  <Writer>Alan McCullough</Writer>
  <absolute_number>46</absolute_number>
  <filename>episodes/80159/3760281.jpg</filename>
  <lastupdated>1349327326</lastupdated>
  <seasonid>274171</seasonid>
  <seriesid>80159</seriesid>
</Episode>
<Episode>
  <id>4536849</id>
  <Combined_episodenumber>0</Combined_episodenumber>
  <Combined_season>4</Combined_season>
  <DVD_chapter></DVD_chapter>
  <DVD_discid></DVD_discid>
  <DVD_episodenumber></DVD_episodenumber>
  <DVD_season></DVD_season>
  <Director></Director>
  <EpImgFlag>1</EpImgFlag>
  <EpisodeName>Please delete</EpisodeName>
  <EpisodeNumber>0</EpisodeNumber>
  <FirstAired></FirstAired>
  <GuestStars></GuestStars>
  <IMDB_ID></IMDB_ID>
  <Language>en</Language>
  <Overview></Overview>
  <ProductionCode></ProductionCode>
  <Rating>7.0</Rating>
  <RatingCount>1</RatingCount>
  <SeasonNumber>4</SeasonNumber>
  <Writer></Writer>
  <absolute_number></absolute_number>
  <filename>episodes/80159/4536849.jpg</filename>
  <lastupdated>1364842529</lastupdated>
  <seasonid>463868</seasonid>
  <seriesid>80159</seriesid>
</Episode>
<Episode>
  <id>4179686</id>
  <Combined_episodenumber>1</Combined_episodenumber>
  <Combined_season>4</Combined_season>
  <DVD_chapter></DVD_chapter>
  <DVD_discid></DVD_discid>
  <DVD_episodenumber></DVD_episodenumber>
  <DVD_season></DVD_season>
  <Director>Martin Wood</Director>
  <EpImgFlag>3</EpImgFlag>
  <EpisodeName>Tempus</EpisodeName>
  <EpisodeNumber>1</EpisodeNumber>
  <FirstAired>2011-10-07</FirstAired>
  <GuestStars>Ian Tracey|Peter Wingfield</GuestStars>
  <IMDB_ID></IMDB_ID>
  <Language>en</Language>
  <Overview>Magnus has pursued Adam Worth back to 1898 London to stop him from altering and quite possibly completely destroying the future. As she battles to stop Worth, stay hidden from her past-self, and avoid taking any action that might change the events of history, Magnus must also figure out how to get back to her own present day timeline.</Overview>
  <ProductionCode></ProductionCode>
  <Rating>7.7</Rating>
  <RatingCount>60</RatingCount>
  <SeasonNumber>4</SeasonNumber>
  <Writer>Damian Kindler</Writer>
  <absolute_number></absolute_number>
  <filename>episodes/80159/4179686.jpg</filename>
  <lastupdated>1364763397</lastupdated>
  <seasonid>463868</seasonid>
  <seriesid>80159</seriesid>
</Episode>
<Episode>
  <id>4179687</id>
  <Combined_episodenumber>2</Combined_episodenumber>
  <Combined_season>4</Combined_season>
  <DVD_chapter></DVD_chapter>
  <DVD_discid></DVD_discid>
  <DVD_episodenumber></DVD_episodenumber>
  <DVD_season></DVD_season>
  <Director>Amanda Tapping</Director>
  <EpImgFlag>2</EpImgFlag>
  <EpisodeName>Uprising</EpisodeName>
  <EpisodeNumber>2</EpisodeNumber>
  <FirstAired>2011-10-14</FirstAired>
  <GuestStars>Pascale Hutton|Jody Thompson|Franciose Yip|Tom McBeath|Robert Lawrenson|David Milchard</GuestStars>
  <IMDB_ID></IMDB_ID>
  <Language>en</Language>
  <Overview>As Hollow Earth Abnormals continue to arrive at the surface in droves, Will, Henry, Kate and Bigfoot scramble to prevent all-out war with the Lotus Security Forces. All the while, they are worrying about the whereabouts and safety of Magnus who was last seen heading to Praxis just before the city was destroyed.</Overview>
  <ProductionCode></ProductionCode>
  <Rating>7.5</Rating>
  <RatingCount>50</RatingCount>
  <SeasonNumber>4</SeasonNumber>
  <Writer>James Thorpe</Writer>
  <absolute_number></absolute_number>
  <filename>episodes/80159/4179687.jpg</filename>
  <lastupdated>1364763428</lastupdated>
  <seasonid>463868</seasonid>
  <seriesid>80159</seriesid>
</Episode>
<Episode>
  <id>4179688</id>
  <Combined_episodenumber>3</Combined_episodenumber>
  <Combined_season>4</Combined_season>
  <DVD_chapter></DVD_chapter>
  <DVD_discid></DVD_discid>
  <DVD_episodenumber></DVD_episodenumber>
  <DVD_season></DVD_season>
  <Director>Steven A. Adelson</Director>
  <EpImgFlag>2</EpImgFlag>
  <EpisodeName>Untouchable</EpisodeName>
  <EpisodeNumber>3</EpisodeNumber>
  <FirstAired>2011-10-21</FirstAired>
  <GuestStars>Pauline Egan|Brian Markinson|Lara Gilchrist</GuestStars>
  <IMDB_ID></IMDB_ID>
  <Language>en</Language>
  <Overview>With a government inspector threatening to cut off the Sanctuary's funding, Magnus and Will must explain a mission gone wrong. Meanwhile, Henry has a surprise visitor with some shocking news.</Overview>
  <ProductionCode></ProductionCode>
  <Rating>7.5</Rating>
  <RatingCount>57</RatingCount>
  <SeasonNumber>4</SeasonNumber>
  <Writer>Gillian Horvath</Writer>
  <absolute_number></absolute_number>
  <filename>episodes/80159/4179688.jpg</filename>
  <lastupdated>1364763453</lastupdated>
  <seasonid>463868</seasonid>
  <seriesid>80159</seriesid>
</Episode>
<Episode>
  <id>4179689</id>
  <Combined_episodenumber>4</Combined_episodenumber>
  <Combined_season>4</Combined_season>
  <DVD_chapter></DVD_chapter>
  <DVD_discid></DVD_discid>
  <DVD_episodenumber></DVD_episodenumber>
  <DVD_season></DVD_season>
  <Director>Martin Wood</Director>
  <EpImgFlag>2</EpImgFlag>
  <EpisodeName>Monsoon</EpisodeName>
  <EpisodeNumber>4</EpisodeNumber>
  <FirstAired>2011-10-28</FirstAired>
  <GuestStars>Pascale Hutton|Sandrine Holt|Carlo Rota|John Novak|Martin Cummins|Tora Hylands|Charlie Carrick|Kurt Evans|Sage Brocklebank|</GuestStars>
  <IMDB_ID></IMDB_ID>
  <Language>en</Language>
  <Overview>Magnus flies to a remote island in Africa to meet with the Sanctuary's new top secret advisor, but lands herself in the middle of a deadly hostage situation.</Overview>
  <ProductionCode></ProductionCode>
  <Rating>7.8</Rating>
  <RatingCount>60</RatingCount>
  <SeasonNumber>4</SeasonNumber>
  <Writer>Damian Kindler</Writer>
  <absolute_number></absolute_number>
  <filename>episodes/80159/4179689.jpg</filename>
  <lastupdated>1364764139</lastupdated>
  <seasonid>463868</seasonid>
  <seriesid>80159</seriesid>
</Episode>
<Episode>
  <id>4179690</id>
  <Combined_episodenumber>5</Combined_episodenumber>
  <Combined_season>4</Combined_season>
  <DVD_chapter></DVD_chapter>
  <DVD_discid></DVD_discid>
  <DVD_episodenumber></DVD_episodenumber>
  <DVD_season></DVD_season>
  <Director>Lee Wilson</Director>
  <EpImgFlag>2</EpImgFlag>
  <EpisodeName>Resistance</EpisodeName>
  <EpisodeNumber>5</EpisodeNumber>
  <FirstAired>2011-11-04</FirstAired>
  <GuestStars>Jonathon Young|Richard Howland|Jenn MacLean-Angus</GuestStars>
  <IMDB_ID></IMDB_ID>
  <Language>en</Language>
  <Overview>The team tracks an аbnormal fugitive, and discovers that Tesla is the head of a secret research lab for a Homeland Security agency that conducts tests on Abnormals.</Overview>
  <ProductionCode></ProductionCode>
  <Rating>7.3</Rating>
  <RatingCount>58</RatingCount>
  <SeasonNumber>4</SeasonNumber>
  <Writer>Alan McCullough</Writer>
  <absolute_number></absolute_number>
  <filename>episodes/80159/4179690.jpg</filename>
  <lastupdated>1364763484</lastupdated>
  <seasonid>463868</seasonid>
  <seriesid>80159</seriesid>
</Episode>
<Episode>
  <id>4184892</id>
  <Combined_episodenumber>6</Combined_episodenumber>
  <Combined_season>4</Combined_season>
  <DVD_chapter></DVD_chapter>
  <DVD_discid></DVD_discid>
  <DVD_episodenumber></DVD_episodenumber>
  <DVD_season></DVD_season>
  <Director>Robin Dunne</Director>
  <EpImgFlag>2</EpImgFlag>
  <EpisodeName>Homecoming</EpisodeName>
  <EpisodeNumber>6</EpisodeNumber>
  <FirstAired>2011-11-11</FirstAired>
  <GuestStars>Adam Greydon Reid|Caroline Cave|Al Sapienza|Conrad Coates|Brent Stait|Alex Ferris</GuestStars>
  <IMDB_ID></IMDB_ID>
  <Language>en</Language>
  <Overview>Will runs into unexpected trouble and personal revelations on a trip to the Liberian Sanctuary in Monorovia. Meanwhile, Magnus has her hands full when a couple of ne'er-do-well flying Abnormals recruit her help with a questionable scheme.</Overview>
  <ProductionCode></ProductionCode>
  <Rating>7.3</Rating>
  <RatingCount>54</RatingCount>
  <SeasonNumber>4</SeasonNumber>
  <Writer>|Damian Kindler|James Thorpe|</Writer>
  <absolute_number></absolute_number>
  <filename>episodes/80159/4184892.jpg</filename>
  <lastupdated>1364763499</lastupdated>
  <seasonid>463868</seasonid>
  <seriesid>80159</seriesid>
</Episode>
<Episode>
  <id>4184893</id>
  <Combined_episodenumber>7</Combined_episodenumber>
  <Combined_season>4</Combined_season>
  <DVD_chapter></DVD_chapter>
  <DVD_discid></DVD_discid>
  <DVD_episodenumber></DVD_episodenumber>
  <DVD_season></DVD_season>
  <Director></Director>
  <EpImgFlag>1</EpImgFlag>
  <EpisodeName>Icebreaker</EpisodeName>
  <EpisodeNumber>7</EpisodeNumber>
  <FirstAired>2011-11-18</FirstAired>
  <GuestStars>Robert Lawrenson|Michael Patric|Jodi Balfour|Scott North</GuestStars>
  <IMDB_ID></IMDB_ID>
  <Language>en</Language>
  <Overview>When a team from the UK Sanctuary gets in trouble on a stranded icebreaker in the Bering Sea, Magnus and Will must figure out who is behind the mysterious happenings at sea.</Overview>
  <ProductionCode></ProductionCode>
  <Rating>7.3</Rating>
  <RatingCount>56</RatingCount>
  <SeasonNumber>4</SeasonNumber>
  <Writer></Writer>
  <absolute_number></absolute_number>
  <filename>episodes/80159/4184893.jpg</filename>
  <lastupdated>1364763514</lastupdated>
  <seasonid>463868</seasonid>
  <seriesid>80159</seriesid>
</Episode>
<Episode>
  <id>4184894</id>
  <Combined_episodenumber>8</Combined_episodenumber>
  <Combined_season>4</Combined_season>
  <DVD_chapter></DVD_chapter>
  <DVD_discid></DVD_discid>
  <DVD_episodenumber></DVD_episodenumber>
  <DVD_season></DVD_season>
  <Director>Damian Kindler</Director>
  <EpImgFlag>1</EpImgFlag>
  <EpisodeName>Fugue</EpisodeName>
  <EpisodeNumber>8</EpisodeNumber>
  <FirstAired>2011-11-25</FirstAired>
  <GuestStars>Pascale Hutton|Jum Byrnes|Carlo Rota|Robert Lawrenson|Kurt Evans|Anjali Jay|Conrad Coates</GuestStars>
  <IMDB_ID></IMDB_ID>
  <Language>en</Language>
  <Overview>A mysterious abnormal attacks Abby, and Magnus and Will discover there's only one way to communicate with this unusual enemy - through music.</Overview>
  <ProductionCode></ProductionCode>
  <Rating>6.5</Rating>
  <RatingCount>57</RatingCount>
  <SeasonNumber>4</SeasonNumber>
  <Writer>Damian Kindler</Writer>
  <absolute_number></absolute_number>
  <filename>episodes/80159/4184894.jpg</filename>
  <lastupdated>1364763533</lastupdated>
  <seasonid>463868</seasonid>
  <seriesid>80159</seriesid>
</Episode>
<Episode>
  <id>4195180</id>
  <Combined_episodenumber>9</Combined_episodenumber>
  <Combined_season>4</Combined_season>
  <DVD_chapter></DVD_chapter>
  <DVD_discid></DVD_discid>
  <DVD_episodenumber></DVD_episodenumber>
  <DVD_season></DVD_season>
  <Director>Martin Wood</Director>
  <EpImgFlag>1</EpImgFlag>
  <EpisodeName>Chimera</EpisodeName>
  <EpisodeNumber>9</EpisodeNumber>
  <FirstAired>2011-11-29</FirstAired>
  <GuestStars>Jonathon Young|Ian Tracey</GuestStars>
  <IMDB_ID></IMDB_ID>
  <Language>en</Language>
  <Overview>Just when Magnus thought Adam Worth was gone forever, she and Tesla become trapped in a virtual Sanctuary, where they are attacked by an avatar of Worth – who is determined to enter the “real” world.</Overview>
  <ProductionCode></ProductionCode>
  <Rating>7.4</Rating>
  <RatingCount>55</RatingCount>
  <SeasonNumber>4</SeasonNumber>
  <Writer>James Thorpe</Writer>
  <absolute_number></absolute_number>
  <filename>episodes/80159/4195180.jpg</filename>
  <lastupdated>1364763548</lastupdated>
  <seasonid>463868</seasonid>
  <seriesid>80159</seriesid>
</Episode>
<Episode>
  <id>4195181</id>
  <Combined_episodenumber>10</Combined_episodenumber>
  <Combined_season>4</Combined_season>
  <DVD_chapter></DVD_chapter>
  <DVD_discid></DVD_discid>
  <DVD_episodenumber></DVD_episodenumber>
  <DVD_season></DVD_season>
  <Director>Lee Wilson</Director>
  <EpImgFlag>1</EpImgFlag>
  <EpisodeName>Acolyte</EpisodeName>
  <EpisodeNumber>10</EpisodeNumber>
  <FirstAired>2011-12-09</FirstAired>
  <GuestStars>Brian Markinson|Robert Lawrenson</GuestStars>
  <IMDB_ID></IMDB_ID>
  <Language>en</Language>
  <Overview>Kate returns from Hollow Earth with word that insurgents are about to strike an above-ground target – and may have inside help from a trusted member of Team Sanctuary.</Overview>
  <ProductionCode></ProductionCode>
  <Rating>7.5</Rating>
  <RatingCount>55</RatingCount>
  <SeasonNumber>4</SeasonNumber>
  <Writer>Alan McCullough</Writer>
  <absolute_number></absolute_number>
  <filename>episodes/80159/4195181.jpg</filename>
  <lastupdated>1364763579</lastupdated>
  <seasonid>463868</seasonid>
  <seriesid>80159</seriesid>
</Episode>
<Episode>
  <id>4195895</id>
  <Combined_episodenumber>11</Combined_episodenumber>
  <Combined_season>4</Combined_season>
  <DVD_chapter></DVD_chapter>
  <DVD_discid></DVD_discid>
  <DVD_episodenumber></DVD_episodenumber>
  <DVD_season></DVD_season>
  <Director>Martin Wood</Director>
  <EpImgFlag>1</EpImgFlag>
  <EpisodeName>The Depths</EpisodeName>
  <EpisodeNumber>11</EpisodeNumber>
  <FirstAired>2011-12-16</FirstAired>
  <GuestStars>Brenda Campbell</GuestStars>
  <IMDB_ID></IMDB_ID>
  <Language>en</Language>
  <Overview>A quest to capture a legendary Abnormal in Bolivia leaves Will and Magnus injured and trapped in a cave-in, where they confront truths about themselves and their relationship. Henry records video letters to a special someone while working on an invention.</Overview>
  <ProductionCode></ProductionCode>
  <Rating>7.3</Rating>
  <RatingCount>50</RatingCount>
  <SeasonNumber>4</SeasonNumber>
  <Writer>Gillian Horvath</Writer>
  <absolute_number></absolute_number>
  <filename>episodes/80159/4195895.jpg</filename>
  <lastupdated>1364763600</lastupdated>
  <seasonid>463868</seasonid>
  <seriesid>80159</seriesid>
</Episode>
<Episode>
  <id>4195896</id>
  <Combined_episodenumber>12</Combined_episodenumber>
  <Combined_season>4</Combined_season>
  <DVD_chapter></DVD_chapter>
  <DVD_discid></DVD_discid>
  <DVD_episodenumber></DVD_episodenumber>
  <DVD_season></DVD_season>
  <Director>Damian Kindler</Director>
  <EpImgFlag>1</EpImgFlag>
  <EpisodeName>Sanctuary for None (1)</EpisodeName>
  <EpisodeNumber>12</EpisodeNumber>
  <FirstAired>2011-12-23</FirstAired>
  <GuestStars>Gil Bellows|Jonathon Young|Pascale Hutton|Carlo Rota|Brian Markinson|Venus Terzo</GuestStars>
  <IMDB_ID></IMDB_ID>
  <Language>en</Language>
  <Overview>Magnus is approached by a notorious leader in Hollow Earth who is looking for assistance in building a new home on the surface for his insurgents, but problems arise when the world's government gets involved. Addison reactivates Will's federal commission.</Overview>
  <ProductionCode></ProductionCode>
  <Rating>7.4</Rating>
  <RatingCount>45</RatingCount>
  <SeasonNumber>4</SeasonNumber>
  <Writer>James Thorpe</Writer>
  <absolute_number></absolute_number>
  <filename>episodes/80159/4195896.jpg</filename>
  <lastupdated>1364763632</lastupdated>
  <seasonid>463868</seasonid>
  <seriesid>80159</seriesid>
</Episode>
<Episode>
  <id>4195897</id>
  <Combined_episodenumber>13</Combined_episodenumber>
  <Combined_season>4</Combined_season>
  <DVD_chapter></DVD_chapter>
  <DVD_discid></DVD_discid>
  <DVD_episodenumber></DVD_episodenumber>
  <DVD_season></DVD_season>
  <Director>Damian Kindler|</Director>
  <EpImgFlag>1</EpImgFlag>
  <EpisodeName>Sanctuary for None (2)</EpisodeName>
  <EpisodeNumber>13</EpisodeNumber>
  <FirstAired>2011-12-30</FirstAired>
  <GuestStars>Pascale Hutton|Brian Markinson|Gil Bellows|Jonathon Young</GuestStars>
  <IMDB_ID></IMDB_ID>
  <Language>en</Language>
  <Overview>With the new Abnormal Homeland now openly under threat, Henry and Tesla learn that the SCIU weaponized Tesla's work to use against Abnormals. Bigfoot and Kate investigate Caleb's rise to power while Will and Abby look into Magnus' past.</Overview>
  <ProductionCode></ProductionCode>
  <Rating>8.1</Rating>
  <RatingCount>42</RatingCount>
  <SeasonNumber>4</SeasonNumber>
  <Writer>Damian Kindler|</Writer>
  <absolute_number></absolute_number>
  <filename>episodes/80159/4195897.jpg</filename>
  <lastupdated>1364785154</lastupdated>
  <seasonid>463868</seasonid>
  <seriesid>80159</seriesid>
</Episode>
</Data>