<?xml version="1.0" encoding="UTF-8" ?>
<Actors>
<Actor>
  <id>77961</id>
  <Image>actors/77961.jpg</Image>
  <Name>Jordana Spiro</Name>
  <Role>P.J. Franklin</Role>
  <SortOrder>0</SortOrder>
</Actor>
<Actor>
  <id>78053</id>
  <Image>actors/78053.jpg</Image>
  <Name>Kellee Stewart</Name>
  <Role>Stephanie</Role>
  <SortOrder>1</SortOrder>
</Actor>
<Actor>
  <id>78051</id>
  <Image>actors/78051.jpg</Image>
  <Name>Kyle Howard</Name>
  <Role>Bobby Newman</Role>
  <SortOrder>2</SortOrder>
</Actor>
<Actor>
  <id>78054</id>
  <Image>actors/78054.jpg</Image>
  <Name>Jamie Kaler</Name>
  <Role>Mike Callahan</Role>
  <SortOrder>3</SortOrder>
</Actor>
<Actor>
  <id>78052</id>
  <Image>actors/78052.jpg</Image>
  <Name>Michael Bunin</Name>
  <Role>Kenny Morittori</Role>
  <SortOrder>3</SortOrder>
</Actor>
<Actor>
  <id>78050</id>
  <Image>actors/78050.jpg</Image>
  <Name>Jim Gaffigan</Name>
  <Role>Andy Franklin</Role>
  <SortOrder>3</SortOrder>
</Actor>
<Actor>
  <id>78049</id>
  <Image>actors/78049.jpg</Image>
  <Name>Reid Scott</Name>
  <Role>Brendan Dorff</Role>
  <SortOrder>3</SortOrder>
</Actor>
</Actors>