<?xml version="1.0" encoding="UTF-8" ?>
<Actors>
<Actor>
  <id>77108</id>
  <Image>actors/77108.jpg</Image>
  <Name>Timothy Hutton</Name>
  <Role>Nate Ford</Role>
  <SortOrder>0</SortOrder>
</Actor>
<Actor>
  <id>77112</id>
  <Image>actors/77112.jpg</Image>
  <Name>Gina Bellman</Name>
  <Role>Sophie Devereaux</Role>
  <SortOrder>1</SortOrder>
</Actor>
<Actor>
  <id>77111</id>
  <Image>actors/77111.jpg</Image>
  <Name>Christian Kane</Name>
  <Role>Eliot Spencer</Role>
  <SortOrder>1</SortOrder>
</Actor>
<Actor>
  <id>77110</id>
  <Image>actors/77110.jpg</Image>
  <Name>Aldis Hodge</Name>
  <Role>Alec Hardison</Role>
  <SortOrder>1</SortOrder>
</Actor>
<Actor>
  <id>77109</id>
  <Image>actors/77109.jpg</Image>
  <Name>Beth Riesgraf</Name>
  <Role>Parker</Role>
  <SortOrder>1</SortOrder>
</Actor>
<Actor>
  <id>286364</id>
  <Image>actors/286364.jpg</Image>
  <Name>Kari Matchett</Name>
  <Role>Maggie Collins</Role>
  <SortOrder>2</SortOrder>
</Actor>
<Actor>
  <id>172581</id>
  <Image>actors/172581.jpg</Image>
  <Name>Jeri Ryan</Name>
  <Role>Tara Cole</Role>
  <SortOrder>2</SortOrder>
</Actor>
<Actor>
  <id>172571</id>
  <Image>actors/172571.jpg</Image>
  <Name>Mark Sheppard</Name>
  <Role>Jim Sterling</Role>
  <SortOrder>2</SortOrder>
</Actor>
<Actor>
  <id>289002</id>
  <Image>actors/289002.jpg</Image>
  <Name>Elisabetta Canalis</Name>
  <Role>The Italian</Role>
  <SortOrder>3</SortOrder>
</Actor>
</Actors>