<?xml version="1.0" encoding="UTF-8" ?>
<Data><Series>
  <id>82339</id>
  <Actors>|Timothy Hutton|Gina Bellman|Christian Kane|Aldis Hodge|Beth Riesgraf|Kari Matchett|Jeri Ryan|Mark Sheppard|Elisabetta Canalis|</Actors>
  <Airs_DayOfWeek>Tuesday</Airs_DayOfWeek>
  <Airs_Time>10:00 PM</Airs_Time>
  <ContentRating>TV-14</ContentRating>
  <FirstAired>2008-12-07</FirstAired>
  <Genre>|Action|Adventure|Drama|</Genre>
  <IMDB_ID>tt1103987</IMDB_ID>
  <Language>en</Language>
  <Network>TNT</Network>
  <NetworkID></NetworkID>
  <Overview>Meet Nathan Ford, a former insurance investigator who spent his professional career dedicated to the company that refused a potentially life saving medical  procedure for his son. Unemployed and teetering on the edge, Nate enlists the help of the best thieves and grifters in the business, and with their help, he steals from the rich and gives to the poor to help balance the crooks in high power positions. He and his team help provide... leverage. </Overview>
  <Rating>8.5</Rating>
  <RatingCount>134</RatingCount>
  <Runtime>60</Runtime>
  <SeriesID>75367</SeriesID>
  <SeriesName>Leverage</SeriesName>
  <Status>Ended</Status>
  <added></added>
  <addedBy></addedBy>
  <banner>graphical/82339-g4.jpg</banner>
  <fanart>fanart/original/82339-17.jpg</fanart>
  <lastupdated>1364851905</lastupdated>
  <poster>posters/82339-8.jpg</poster>
  <zap2it_id>EP01087016</zap2it_id>
</Series>
<Episode>
  <id>372567</id>
  <Combined_episodenumber>1.0</Combined_episodenumber>
  <Combined_season>1</Combined_season>
  <DVD_chapter></DVD_chapter>
  <DVD_discid></DVD_discid>
  <DVD_episodenumber>1.0</DVD_episodenumber>
  <DVD_season>1</DVD_season>
  <Director>Dean Devlin</Director>
  <EpImgFlag>2</EpImgFlag>
  <EpisodeName>The Nigerian Job</EpisodeName>
  <EpisodeNumber>1</EpisodeNumber>
  <FirstAired>2008-12-07</FirstAired>
  <GuestStars>Adeoye Mabogunje|Brian King|Nicky Margolis|Philip Vanlear|Jamie Vann|Andy-John G. Kalkounos|Cedric Young|</GuestStars>
  <IMDB_ID>tt1287615</IMDB_ID>
  <Language>en</Language>
  <Overview>Nate Ford, a once-loyal corporate employee has recovered millions of dollars in stolen goods for his employer. But when that employer denied his son’s insurance claims and allowed the boy to die, he realized he could no longer work for such an entity.

Out of work and descending into alcoholism, Ford is hired by an aeronautics executive to recover airplane designs the executive claims were stolen by a rival company. Helping him are four highly skilled team members: Parker, an expert thief; Alex Hardison, a specialist in Internet and computer fraud; Eliot Spencer, a high-octane “retrieval specialist” who can take out a gang of henchmen without breaking a sweat; and Sophie Devereaux, a grifter who could win awards for her acting skills during difficult scams. 

At first the newly formed team is hesitant to trust each other after so many years working alone but being double-crossed changes the dynamic, ultimately forcing them to unite.</Overview>
  <ProductionCode></ProductionCode>
  <Rating>7.7</Rating>
  <RatingCount>99</RatingCount>
  <SeasonNumber>1</SeasonNumber>
  <Writer>Chris Downey|John Rogers</Writer>
  <absolute_number>1</absolute_number>
  <filename>episodes/82339/372567.jpg</filename>
  <lastupdated>1341361800</lastupdated>
  <seasonid>33295</seasonid>
  <seriesid>82339</seriesid>
</Episode>
<Episode>
  <id>413377</id>
  <Combined_episodenumber>2.0</Combined_episodenumber>
  <Combined_season>1</Combined_season>
  <DVD_chapter></DVD_chapter>
  <DVD_discid></DVD_discid>
  <DVD_episodenumber>2.0</DVD_episodenumber>
  <DVD_season>1</DVD_season>
  <Director>Dean Devlin</Director>
  <EpImgFlag>2</EpImgFlag>
  <EpisodeName>The Homecoming Job</EpisodeName>
  <EpisodeNumber>2</EpisodeNumber>
  <FirstAired>2008-12-09</FirstAired>
  <GuestStars>Jake McLaughlin (Corporal Robert Perry)|     Inger Tudor (Dr. Laroque)|     Jonathan Kowalsky (PFC Dwight Caplan)|     Ben O'Rourke (Guard #1)|     Tisha Terrasini Banker (News Reporter)|     Robert Pine (Congressman Robert Jenkins)|     Richard Cox (</GuestStars>
  <IMDB_ID>tt1293988</IMDB_ID>
  <Language>en</Language>
  <Overview>The team is hired to investigate the injuries a military reservist sustained while in Iraq. </Overview>
  <ProductionCode></ProductionCode>
  <Rating>7.7</Rating>
  <RatingCount>74</RatingCount>
  <SeasonNumber>1</SeasonNumber>
  <Writer>Dean Devlin|John Rogers|John Rogers</Writer>
  <absolute_number>2</absolute_number>
  <filename>episodes/82339/413377.jpg</filename>
  <lastupdated>1340384201</lastupdated>
  <seasonid>33295</seasonid>
  <seriesid>82339</seriesid>
</Episode>
<Episode>
  <id>413378</id>
  <Combined_episodenumber>7.0</Combined_episodenumber>
  <Combined_season>1</Combined_season>
  <DVD_chapter></DVD_chapter>
  <DVD_discid></DVD_discid>
  <DVD_episodenumber>7.0</DVD_episodenumber>
  <DVD_season>1</DVD_season>
  <Director>Craig R. Baxley</Director>
  <EpImgFlag>2</EpImgFlag>
  <EpisodeName>The Two-Horse Job</EpisodeName>
  <EpisodeNumber>3</EpisodeNumber>
  <FirstAired>2008-12-16</FirstAired>
  <GuestStars>Rick Hoffman|Jaime Ray Newman|Mark Sheppard|Theo Kypri|Jessica Jann|Kaylee Dodson|Van Allen|</GuestStars>
  <IMDB_ID>tt1290275</IMDB_ID>
  <Language>en</Language>
  <Overview>After a Wall Street broker sets fire to his stable—killing his underachieving racehorses in the process, the team visits Kentucky to help the heartsick trainer, Eliot’s high school love.</Overview>
  <ProductionCode></ProductionCode>
  <Rating>7.5</Rating>
  <RatingCount>66</RatingCount>
  <SeasonNumber>1</SeasonNumber>
  <Writer>Jessica Rieder|Melissa Glenn</Writer>
  <absolute_number>3</absolute_number>
  <filename>episodes/82339/413378.jpg</filename>
  <lastupdated>1352264895</lastupdated>
  <seasonid>33295</seasonid>
  <seriesid>82339</seriesid>
</Episode>
<Episode>
  <id>413379</id>
  <Combined_episodenumber>6.0</Combined_episodenumber>
  <Combined_season>1</Combined_season>
  <DVD_chapter></DVD_chapter>
  <DVD_discid></DVD_discid>
  <DVD_episodenumber>6.0</DVD_episodenumber>
  <DVD_season>1</DVD_season>
  <Director>Arvin Brown</Director>
  <EpImgFlag>2</EpImgFlag>
  <EpisodeName>The Miracle Job</EpisodeName>
  <EpisodeNumber>4</EpisodeNumber>
  <FirstAired>2008-12-23</FirstAired>
  <GuestStars>D.B. Sweeney|Scott Lowell|Andres Saenz-Hudson|Hollie Overton|Patrick A. Horton|Jaime Zevallos|Norma Jean Riddick|Luis Fernando Moncada</GuestStars>
  <IMDB_ID>tt1290273</IMDB_ID>
  <Language>en</Language>
  <Overview>Nate's childhood best friend seeks the help of Leverage Consulting &amp; Associates in preventing the demolition of his church... by stealing a miracle.</Overview>
  <ProductionCode></ProductionCode>
  <Rating>7.3</Rating>
  <RatingCount>61</RatingCount>
  <SeasonNumber>1</SeasonNumber>
  <Writer>Christine Boylan</Writer>
  <absolute_number>4</absolute_number>
  <filename>episodes/82339/413379.jpg</filename>
  <lastupdated>1352264874</lastupdated>
  <seasonid>33295</seasonid>
  <seriesid>82339</seriesid>
</Episode>
<Episode>
  <id>413382</id>
  <Combined_episodenumber>8.0</Combined_episodenumber>
  <Combined_season>1</Combined_season>
  <DVD_chapter></DVD_chapter>
  <DVD_discid></DVD_discid>
  <DVD_episodenumber>8.0</DVD_episodenumber>
  <DVD_season>1</DVD_season>
  <Director>Dean Devlin</Director>
  <EpImgFlag>2</EpImgFlag>
  <EpisodeName>The Bank Shot Job</EpisodeName>
  <EpisodeNumber>5</EpisodeNumber>
  <FirstAired>2008-12-30</FirstAired>
  <GuestStars>Michael O'Neill|Michael McGrady|Mark Doerr|Devon Graye|Rick Overton|Gerald Downey|Ezra Buzzington|John Rezig|Cheryl Ann L|</GuestStars>
  <IMDB_ID>tt1291599</IMDB_ID>
  <Language>en</Language>
  <Overview>Sophie and Nate find themselves taken hostage during a bank robbery. They soon learn they are trapped inside with their latest target: a corrupt judge.</Overview>
  <ProductionCode></ProductionCode>
  <Rating>7.8</Rating>
  <RatingCount>62</RatingCount>
  <SeasonNumber>1</SeasonNumber>
  <Writer>Amy Berg</Writer>
  <absolute_number>5</absolute_number>
  <filename>episodes/82339/413382.jpg</filename>
  <lastupdated>1352264918</lastupdated>
  <seasonid>33295</seasonid>
  <seriesid>82339</seriesid>
</Episode>
<Episode>
  <id>413381</id>
  <Combined_episodenumber>9.0</Combined_episodenumber>
  <Combined_season>1</Combined_season>
  <DVD_chapter></DVD_chapter>
  <DVD_discid></DVD_discid>
  <DVD_episodenumber>9.0</DVD_episodenumber>
  <DVD_season>1</DVD_season>
  <Director>Marc Roskin</Director>
  <EpImgFlag>2</EpImgFlag>
  <EpisodeName>The Stork Job</EpisodeName>
  <EpisodeNumber>6</EpisodeNumber>
  <FirstAired>2009-01-06</FirstAired>
  <GuestStars>David S. Lee|Kathleen Gati|Laura Simms|George Williams|Stacey Moseley|Jennifer Andreacola|David Castellani|</GuestStars>
  <IMDB_ID>tt1290274</IMDB_ID>
  <Language>en</Language>
  <Overview>The Leverage team works to take down an adoption agency that has been stealing money from American couples.</Overview>
  <ProductionCode></ProductionCode>
  <Rating>7.5</Rating>
  <RatingCount>56</RatingCount>
  <SeasonNumber>1</SeasonNumber>
  <Writer>Albert Kim</Writer>
  <absolute_number>6</absolute_number>
  <filename>episodes/82339/413381.jpg</filename>
  <lastupdated>1352264945</lastupdated>
  <seasonid>33295</seasonid>
  <seriesid>82339</seriesid>
</Episode>
<Episode>
  <id>413380</id>
  <Combined_episodenumber>3.0</Combined_episodenumber>
  <Combined_season>1</Combined_season>
  <DVD_chapter></DVD_chapter>
  <DVD_discid></DVD_discid>
  <DVD_episodenumber>3.0</DVD_episodenumber>
  <DVD_season>1</DVD_season>
  <Director>Jonathan Frakes</Director>
  <EpImgFlag>2</EpImgFlag>
  <EpisodeName>The Wedding Job</EpisodeName>
  <EpisodeNumber>7</EpisodeNumber>
  <FirstAired>2009-01-13</FirstAired>
  <GuestStars>Andrew Divoff|Dan Lauria|Nicole Sullivan|Tony Domino|Brady Romberg|Bianca Bonciu|Maritza Cabrera|Tom Christensen</GuestStars>
  <IMDB_ID>tt1289052</IMDB_ID>
  <Language>en</Language>
  <Overview>To pull of a heist, the team poses as wedding planners in order to get money promised to a family after they took the fall for a Mafia boss.</Overview>
  <ProductionCode></ProductionCode>
  <Rating>7.4</Rating>
  <RatingCount>56</RatingCount>
  <SeasonNumber>1</SeasonNumber>
  <Writer>Chris Downey</Writer>
  <absolute_number>7</absolute_number>
  <filename>episodes/82339/413380.jpg</filename>
  <lastupdated>1352264793</lastupdated>
  <seasonid>33295</seasonid>
  <seriesid>82339</seriesid>
</Episode>
<Episode>
  <id>413383</id>
  <Combined_episodenumber>5.0</Combined_episodenumber>
  <Combined_season>1</Combined_season>
  <DVD_chapter></DVD_chapter>
  <DVD_discid></DVD_discid>
  <DVD_episodenumber>5.0</DVD_episodenumber>
  <DVD_season>1</DVD_season>
  <Director>Rob Minkoff</Director>
  <EpImgFlag>2</EpImgFlag>
  <EpisodeName>The Mile High Job</EpisodeName>
  <EpisodeNumber>8</EpisodeNumber>
  <FirstAired>2009-01-20</FirstAired>
  <GuestStars>Sara Rue (Marissa Devins)|     Owen Martin (Flight Attendant)|     Sandi McCree (Monica)|     Angela Oh (Cheryl)|     Tom Ohmer (Captain)|     Andrew J. Lee (Japanese Tourist)|     Bob Jesser (Mark Jameson)|     Tony Donno (Dan Erlick)|     Lucia Sull</GuestStars>
  <IMDB_ID>tt1284839</IMDB_ID>
  <Language>en</Language>
  <Overview>The Leverage team attempts to expose a conglomerate’s cover-up of their toxic fertilizer, which has resulted in the death of a young girl. But the CEO has put all of the damning evidence on a plane to the Cayman Islands. The team races to catch the flight but, once airborne, they discover that the CEO’s intentions are far more sinister and that to avenge one life they’ll have to save their own.</Overview>
  <ProductionCode></ProductionCode>
  <Rating>7.4</Rating>
  <RatingCount>56</RatingCount>
  <SeasonNumber>1</SeasonNumber>
  <Writer>Amy Berg</Writer>
  <absolute_number>8</absolute_number>
  <filename>episodes/82339/413383.jpg</filename>
  <lastupdated>1352264845</lastupdated>
  <seasonid>33295</seasonid>
  <seriesid>82339</seriesid>
</Episode>
<Episode>
  <id>413384</id>
  <Combined_episodenumber>4.0</Combined_episodenumber>
  <Combined_season>1</Combined_season>
  <DVD_chapter></DVD_chapter>
  <DVD_discid></DVD_discid>
  <DVD_episodenumber>4.0</DVD_episodenumber>
  <DVD_season>1</DVD_season>
  <Director>Tony Bill</Director>
  <EpImgFlag>2</EpImgFlag>
  <EpisodeName>The Snow Job</EpisodeName>
  <EpisodeNumber>9</EpisodeNumber>
  <FirstAired>2009-01-27</FirstAired>
  <GuestStars>Sam Anderson (Henry Retzing)|     Jonathan Chase (Randy Retzing)|     Danny Strong (Dennis Retzing)|</GuestStars>
  <IMDB_ID>tt1283408</IMDB_ID>
  <Language>en</Language>
  <Overview>While helping a National Guardsman, Nate puts his team on the line when he slips back into his alcoholic ways.</Overview>
  <ProductionCode></ProductionCode>
  <Rating>7.6</Rating>
  <RatingCount>56</RatingCount>
  <SeasonNumber>1</SeasonNumber>
  <Writer>Albert Kim</Writer>
  <absolute_number>9</absolute_number>
  <filename>episodes/82339/413384.jpg</filename>
  <lastupdated>1352264820</lastupdated>
  <seasonid>33295</seasonid>
  <seriesid>82339</seriesid>
</Episode>
<Episode>
  <id>413386</id>
  <Combined_episodenumber>11.0</Combined_episodenumber>
  <Combined_season>1</Combined_season>
  <DVD_chapter></DVD_chapter>
  <DVD_discid></DVD_discid>
  <DVD_episodenumber>11.0</DVD_episodenumber>
  <DVD_season>1</DVD_season>
  <Director>Rod Hardy</Director>
  <EpImgFlag>2</EpImgFlag>
  <EpisodeName>The 12-Step Job</EpisodeName>
  <EpisodeNumber>10</EpisodeNumber>
  <FirstAired>2009-02-03</FirstAired>
  <GuestStars>Denice J. Sealy|Marisa Guterman|Drew Powell|Cisco Reyes|Mark A. Sheppard|Krista Vendy|Marcus Young|Chase Kim|Mario Perez|</GuestStars>
  <IMDB_ID>tt1322096</IMDB_ID>
  <Language>en</Language>
  <Overview>The team works to recover a large amount of money stolen from a charity by an investment broker. However, the team learns the banker isn't as bad of a person as they assumed he would be.</Overview>
  <ProductionCode></ProductionCode>
  <Rating>7.4</Rating>
  <RatingCount>55</RatingCount>
  <SeasonNumber>1</SeasonNumber>
  <Writer>Amy Berg|Chris Downey</Writer>
  <absolute_number>10</absolute_number>
  <filename>episodes/82339/413386.jpg</filename>
  <lastupdated>1352265014</lastupdated>
  <seasonid>33295</seasonid>
  <seriesid>82339</seriesid>
</Episode>
<Episode>
  <id>413385</id>
  <Combined_episodenumber>10.0</Combined_episodenumber>
  <Combined_season>1</Combined_season>
  <DVD_chapter></DVD_chapter>
  <DVD_discid></DVD_discid>
  <DVD_episodenumber>10.0</DVD_episodenumber>
  <DVD_season>1</DVD_season>
  <Director>Jonathan Frakes</Director>
  <EpImgFlag>2</EpImgFlag>
  <EpisodeName>The Juror #6 Job</EpisodeName>
  <EpisodeNumber>11</EpisodeNumber>
  <FirstAired>2009-02-10</FirstAired>
  <GuestStars>David Basila|Sanjay Chandani|Jeremy Cohenour|Kahlil Joseph|Norma Michael|Lisa Schurga|Kitty Swink|David Shatraw|Armin Shimerman|Brent Spiner</GuestStars>
  <IMDB_ID>tt1300991</IMDB_ID>
  <Language>en</Language>
  <Overview>While at jury duty, Parker learns someone is trying to sway the trial's verdict.</Overview>
  <ProductionCode></ProductionCode>
  <Rating>7.8</Rating>
  <RatingCount>61</RatingCount>
  <SeasonNumber>1</SeasonNumber>
  <Writer>Rebecca Kirsch</Writer>
  <absolute_number>11</absolute_number>
  <filename>episodes/82339/413385.jpg</filename>
  <lastupdated>1352264990</lastupdated>
  <seasonid>33295</seasonid>
  <seriesid>82339</seriesid>
</Episode>
<Episode>
  <id>413387</id>
  <Combined_episodenumber>12.0</Combined_episodenumber>
  <Combined_season>1</Combined_season>
  <DVD_chapter></DVD_chapter>
  <DVD_discid></DVD_discid>
  <DVD_episodenumber>12.0</DVD_episodenumber>
  <DVD_season>1</DVD_season>
  <Director>Dead Devlin</Director>
  <EpImgFlag>2</EpImgFlag>
  <EpisodeName>The First David Job</EpisodeName>
  <EpisodeNumber>12</EpisodeNumber>
  <FirstAired>2009-02-17</FirstAired>
  <GuestStars>Alex Carter</GuestStars>
  <IMDB_ID>tt1321677</IMDB_ID>
  <Language>en</Language>
  <Overview>The team puts together a plan to steal Nate's former boss's prized Michelangelo Maquette and sell it back to him.</Overview>
  <ProductionCode></ProductionCode>
  <Rating>8.1</Rating>
  <RatingCount>55</RatingCount>
  <SeasonNumber>1</SeasonNumber>
  <Writer>John Rogers</Writer>
  <absolute_number>12</absolute_number>
  <filename>episodes/82339/413387.jpg</filename>
  <lastupdated>1355964297</lastupdated>
  <seasonid>33295</seasonid>
  <seriesid>82339</seriesid>
</Episode>
<Episode>
  <id>413388</id>
  <Combined_episodenumber>13.0</Combined_episodenumber>
  <Combined_season>1</Combined_season>
  <DVD_chapter></DVD_chapter>
  <DVD_discid></DVD_discid>
  <DVD_episodenumber>13.0</DVD_episodenumber>
  <DVD_season>1</DVD_season>
  <Director>Dean Devlin</Director>
  <EpImgFlag>2</EpImgFlag>
  <EpisodeName>The Second David Job</EpisodeName>
  <EpisodeNumber>13</EpisodeNumber>
  <FirstAired>2009-02-24</FirstAired>
  <GuestStars>Alex Carter</GuestStars>
  <IMDB_ID>tt1321678</IMDB_ID>
  <Language>en</Language>
  <Overview>Nate tries to piece together his team after coming out of hiding. However, the high stakes involved in his latest con could spell disaster for him and his friends.</Overview>
  <ProductionCode></ProductionCode>
  <Rating>7.9</Rating>
  <RatingCount>56</RatingCount>
  <SeasonNumber>1</SeasonNumber>
  <Writer>John Rogers|Chris Downey</Writer>
  <absolute_number>13</absolute_number>
  <filename>episodes/82339/413388.jpg</filename>
  <lastupdated>1355964306</lastupdated>
  <seasonid>33295</seasonid>
  <seriesid>82339</seriesid>
</Episode>
<Episode>
  <id>610831</id>
  <Combined_episodenumber>1.0</Combined_episodenumber>
  <Combined_season>2</Combined_season>
  <DVD_chapter></DVD_chapter>
  <DVD_discid></DVD_discid>
  <DVD_episodenumber>1.0</DVD_episodenumber>
  <DVD_season>2</DVD_season>
  <Director>Dean Devlin</Director>
  <EpImgFlag>2</EpImgFlag>
  <EpisodeName>The Beantown Bailout Job</EpisodeName>
  <EpisodeNumber>1</EpisodeNumber>
  <FirstAired>2009-07-15</FirstAired>
  <GuestStars></GuestStars>
  <IMDB_ID>tt1466363</IMDB_ID>
  <Language>en</Language>
  <Overview>Nate, now sober, grudgingly reassembles the team to pit the local Irish mob against a banker who is gaming a government bailout. If they live, Nate has four thieves to deal with who believe he needs them in his life, whether he likes it or not.</Overview>
  <ProductionCode></ProductionCode>
  <Rating>7.5</Rating>
  <RatingCount>63</RatingCount>
  <SeasonNumber>2</SeasonNumber>
  <Writer>Chris Downey|John Rogers</Writer>
  <absolute_number></absolute_number>
  <filename>episodes/82339/610831.jpg</filename>
  <lastupdated>1331659273</lastupdated>
  <seasonid>61021</seasonid>
  <seriesid>82339</seriesid>
</Episode>
<Episode>
  <id>900161</id>
  <Combined_episodenumber>2.0</Combined_episodenumber>
  <Combined_season>2</Combined_season>
  <DVD_chapter></DVD_chapter>
  <DVD_discid></DVD_discid>
  <DVD_episodenumber>2.0</DVD_episodenumber>
  <DVD_season>2</DVD_season>
  <Director>Marc Roskin</Director>
  <EpImgFlag>2</EpImgFlag>
  <EpisodeName>The Tap Out Job</EpisodeName>
  <EpisodeNumber>2</EpisodeNumber>
  <FirstAired>2009-07-22</FirstAired>
  <GuestStars></GuestStars>
  <IMDB_ID>tt1466364</IMDB_ID>
  <Language>en</Language>
  <Overview>The crew work to get a corrupt mixed martial arts promoter to invest all he has into a phony cable network, but their con is discovered. Now it is Elliot's job to throw a fight.</Overview>
  <ProductionCode></ProductionCode>
  <Rating>7.4</Rating>
  <RatingCount>64</RatingCount>
  <SeasonNumber>2</SeasonNumber>
  <Writer>John Rogers|Chris Downey</Writer>
  <absolute_number></absolute_number>
  <filename>episodes/82339/900161.jpg</filename>
  <lastupdated>1331659413</lastupdated>
  <seasonid>61021</seasonid>
  <seriesid>82339</seriesid>
</Episode>
<Episode>
  <id>900171</id>
  <Combined_episodenumber>3.0</Combined_episodenumber>
  <Combined_season>2</Combined_season>
  <DVD_chapter></DVD_chapter>
  <DVD_discid></DVD_discid>
  <DVD_episodenumber>3.0</DVD_episodenumber>
  <DVD_season>2</DVD_season>
  <Director>Rod Hardy</Director>
  <EpImgFlag>2</EpImgFlag>
  <EpisodeName>The Order 23 Job</EpisodeName>
  <EpisodeNumber>3</EpisodeNumber>
  <FirstAired>2009-07-29</FirstAired>
  <GuestStars></GuestStars>
  <IMDB_ID>tt1473607</IMDB_ID>
  <Language>en</Language>
  <Overview>The team must commandeer a full hospital floor in order to quarantine a convicted felon and get him to reveal the location of the stolen money, or die.</Overview>
  <ProductionCode></ProductionCode>
  <Rating>7.9</Rating>
  <RatingCount>57</RatingCount>
  <SeasonNumber>2</SeasonNumber>
  <Writer>Chris Downey</Writer>
  <absolute_number></absolute_number>
  <filename>episodes/82339/900171.jpg</filename>
  <lastupdated>1331659379</lastupdated>
  <seasonid>61021</seasonid>
  <seriesid>82339</seriesid>
</Episode>
<Episode>
  <id>900191</id>
  <Combined_episodenumber>4.0</Combined_episodenumber>
  <Combined_season>2</Combined_season>
  <DVD_chapter></DVD_chapter>
  <DVD_discid></DVD_discid>
  <DVD_episodenumber>4.0</DVD_episodenumber>
  <DVD_season>2</DVD_season>
  <Director>Jonathan Frakes</Director>
  <EpImgFlag>2</EpImgFlag>
  <EpisodeName>The Fairy Godparents Job</EpisodeName>
  <EpisodeNumber>4</EpisodeNumber>
  <FirstAired>2009-08-05</FirstAired>
  <GuestStars></GuestStars>
  <IMDB_ID>tt1473606</IMDB_ID>
  <Language>en</Language>
  <Overview>Nate and his team continue to remove greed by focusing in on a avaricious investment banker. They'll pose as &quot;fairy godparents&quot; to the awkward son of the white collar crook.</Overview>
  <ProductionCode></ProductionCode>
  <Rating>7.8</Rating>
  <RatingCount>60</RatingCount>
  <SeasonNumber>2</SeasonNumber>
  <Writer>Amy Berg</Writer>
  <absolute_number></absolute_number>
  <filename>episodes/82339/900191.jpg</filename>
  <lastupdated>1331659448</lastupdated>
  <seasonid>61021</seasonid>
  <seriesid>82339</seriesid>
</Episode>
<Episode>
  <id>900201</id>
  <Combined_episodenumber>5.0</Combined_episodenumber>
  <Combined_season>2</Combined_season>
  <DVD_chapter></DVD_chapter>
  <DVD_discid></DVD_discid>
  <DVD_episodenumber>5.0</DVD_episodenumber>
  <DVD_season>2</DVD_season>
  <Director>Marc Roskin</Director>
  <EpImgFlag>2</EpImgFlag>
  <EpisodeName>The Three Days of the Hunter Job</EpisodeName>
  <EpisodeNumber>5</EpisodeNumber>
  <FirstAired>2009-08-12</FirstAired>
  <GuestStars></GuestStars>
  <IMDB_ID></IMDB_ID>
  <Language>en</Language>
  <Overview>The crew uses the world of government conspiracies to raise paranoia and expose a callous tabloid newscaster as a fraud.</Overview>
  <ProductionCode></ProductionCode>
  <Rating>7.7</Rating>
  <RatingCount>59</RatingCount>
  <SeasonNumber>2</SeasonNumber>
  <Writer>Melissa Glenn|Jessica Rieder</Writer>
  <absolute_number></absolute_number>
  <filename>episodes/82339/900201.jpg</filename>
  <lastupdated>1331659476</lastupdated>
  <seasonid>61021</seasonid>
  <seriesid>82339</seriesid>
</Episode>
<Episode>
  <id>900211</id>
  <Combined_episodenumber>6.0</Combined_episodenumber>
  <Combined_season>2</Combined_season>
  <DVD_chapter></DVD_chapter>
  <DVD_discid></DVD_discid>
  <DVD_episodenumber>6.0</DVD_episodenumber>
  <DVD_season>2</DVD_season>
  <Director>Peter O'Fallon</Director>
  <EpImgFlag>2</EpImgFlag>
  <EpisodeName>The Top Hat Job</EpisodeName>
  <EpisodeNumber>6</EpisodeNumber>
  <FirstAired>2009-08-19</FirstAired>
  <GuestStars></GuestStars>
  <IMDB_ID></IMDB_ID>
  <Language>en</Language>
  <Overview>The crew takes on a corrupt corporation which is marketing tainted foods. The scheme team needs to be tricky: they will put on a fake magic show so they can slip by the tight security.</Overview>
  <ProductionCode></ProductionCode>
  <Rating>7.7</Rating>
  <RatingCount>55</RatingCount>
  <SeasonNumber>2</SeasonNumber>
  <Writer>M. Scott Veach|Christine Boylan</Writer>
  <absolute_number></absolute_number>
  <filename>episodes/82339/900211.jpg</filename>
  <lastupdated>1331659502</lastupdated>
  <seasonid>61021</seasonid>
  <seriesid>82339</seriesid>
</Episode>
<Episode>
  <id>900221</id>
  <Combined_episodenumber>7.0</Combined_episodenumber>
  <Combined_season>2</Combined_season>
  <DVD_chapter></DVD_chapter>
  <DVD_discid></DVD_discid>
  <DVD_episodenumber>7.0</DVD_episodenumber>
  <DVD_season>2</DVD_season>
  <Director>Dean Devlin</Director>
  <EpImgFlag>2</EpImgFlag>
  <EpisodeName>The Two Live Crew Job</EpisodeName>
  <EpisodeNumber>7</EpisodeNumber>
  <FirstAired>2009-08-26</FirstAired>
  <GuestStars></GuestStars>
  <IMDB_ID></IMDB_ID>
  <Language>en</Language>
  <Overview>Nate and his crew square off against a band of thieves in order to retrieve priceless stolen artwork.</Overview>
  <ProductionCode></ProductionCode>
  <Rating>7.6</Rating>
  <RatingCount>62</RatingCount>
  <SeasonNumber>2</SeasonNumber>
  <Writer>Amy Berg|John Rogers</Writer>
  <absolute_number></absolute_number>
  <filename>episodes/82339/900221.jpg</filename>
  <lastupdated>1331659541</lastupdated>
  <seasonid>61021</seasonid>
  <seriesid>82339</seriesid>
</Episode>
<Episode>
  <id>900231</id>
  <Combined_episodenumber>8.0</Combined_episodenumber>
  <Combined_season>2</Combined_season>
  <DVD_chapter></DVD_chapter>
  <DVD_discid></DVD_discid>
  <DVD_episodenumber>8.0</DVD_episodenumber>
  <DVD_season>2</DVD_season>
  <Director>Jeremiah S. Chechik</Director>
  <EpImgFlag>2</EpImgFlag>
  <EpisodeName>The Ice Man Job</EpisodeName>
  <EpisodeNumber>8</EpisodeNumber>
  <FirstAired>2009-09-02</FirstAired>
  <GuestStars></GuestStars>
  <IMDB_ID></IMDB_ID>
  <Language>en</Language>
  <Overview>Hardison fills in for Sophie as the inside man when the team sets their sights on an unscrupulous diamond merchant.</Overview>
  <ProductionCode></ProductionCode>
  <Rating>7.7</Rating>
  <RatingCount>61</RatingCount>
  <SeasonNumber>2</SeasonNumber>
  <Writer>Christine Boylan</Writer>
  <absolute_number></absolute_number>
  <filename>episodes/82339/900231.jpg</filename>
  <lastupdated>1331659568</lastupdated>
  <seasonid>61021</seasonid>
  <seriesid>82339</seriesid>
</Episode>
<Episode>
  <id>900241</id>
  <Combined_episodenumber>9.0</Combined_episodenumber>
  <Combined_season>2</Combined_season>
  <DVD_chapter></DVD_chapter>
  <DVD_discid></DVD_discid>
  <DVD_episodenumber>9.0</DVD_episodenumber>
  <DVD_season>2</DVD_season>
  <Director>Peter Winther</Director>
  <EpImgFlag>2</EpImgFlag>
  <EpisodeName>The Lost Heir Job</EpisodeName>
  <EpisodeNumber>9</EpisodeNumber>
  <FirstAired>2009-09-09</FirstAired>
  <GuestStars></GuestStars>
  <IMDB_ID>tt1480093</IMDB_ID>
  <Language>en</Language>
  <Overview>Summer season finale. The Leverage team targets a shady lawyer looking to usurp his client's estate, with Parker playing the client's long-lost daughter. With Sophie still out of the picture, the team works with an uptight lawyer as a chaperone, but there may be more to her than meets the eye. </Overview>
  <ProductionCode></ProductionCode>
  <Rating>7.8</Rating>
  <RatingCount>67</RatingCount>
  <SeasonNumber>2</SeasonNumber>
  <Writer>Chris Downey</Writer>
  <absolute_number></absolute_number>
  <filename>episodes/82339/900241.jpg</filename>
  <lastupdated>1331659596</lastupdated>
  <seasonid>61021</seasonid>
  <seriesid>82339</seriesid>
</Episode>
<Episode>
  <id>900251</id>
  <Combined_episodenumber>10.0</Combined_episodenumber>
  <Combined_season>2</Combined_season>
  <DVD_chapter></DVD_chapter>
  <DVD_discid></DVD_discid>
  <DVD_episodenumber>10.0</DVD_episodenumber>
  <DVD_season>2</DVD_season>
  <Director>Marc Roskin</Director>
  <EpImgFlag>2</EpImgFlag>
  <EpisodeName>The Runway Job</EpisodeName>
  <EpisodeNumber>10</EpisodeNumber>
  <FirstAired>2010-01-13</FirstAired>
  <GuestStars></GuestStars>
  <IMDB_ID></IMDB_ID>
  <Language>en</Language>
  <Overview>The Leverage team cons the owners of a clothing company after their employees are mistreated.</Overview>
  <ProductionCode></ProductionCode>
  <Rating>7.7</Rating>
  <RatingCount>63</RatingCount>
  <SeasonNumber>2</SeasonNumber>
  <Writer>Albert Kim</Writer>
  <absolute_number></absolute_number>
  <filename>episodes/82339/900251.jpg</filename>
  <lastupdated>1331659619</lastupdated>
  <seasonid>61021</seasonid>
  <seriesid>82339</seriesid>
</Episode>
<Episode>
  <id>1431451</id>
  <Combined_episodenumber>11.0</Combined_episodenumber>
  <Combined_season>2</Combined_season>
  <DVD_chapter></DVD_chapter>
  <DVD_discid></DVD_discid>
  <DVD_episodenumber>11.0</DVD_episodenumber>
  <DVD_season>2</DVD_season>
  <Director>Jonathan Frakes</Director>
  <EpImgFlag>2</EpImgFlag>
  <EpisodeName>The Bottle Job</EpisodeName>
  <EpisodeNumber>11</EpisodeNumber>
  <FirstAired>2010-01-20</FirstAired>
  <GuestStars></GuestStars>
  <IMDB_ID></IMDB_ID>
  <Language>en</Language>
  <Overview>The LEVERAGE team runs a high-tech version of a classic con on a predatory loan shark in order to save McRory’s bar.</Overview>
  <ProductionCode></ProductionCode>
  <Rating>7.8</Rating>
  <RatingCount>59</RatingCount>
  <SeasonNumber>2</SeasonNumber>
  <Writer>Christine Boylan</Writer>
  <absolute_number></absolute_number>
  <filename>episodes/82339/1431451.jpg</filename>
  <lastupdated>1331659642</lastupdated>
  <seasonid>61021</seasonid>
  <seriesid>82339</seriesid>
</Episode>
<Episode>
  <id>1431511</id>
  <Combined_episodenumber>12.0</Combined_episodenumber>
  <Combined_season>2</Combined_season>
  <DVD_chapter></DVD_chapter>
  <DVD_discid></DVD_discid>
  <DVD_episodenumber>12.0</DVD_episodenumber>
  <DVD_season>2</DVD_season>
  <Director>Jeremiah Chechik</Director>
  <EpImgFlag>2</EpImgFlag>
  <EpisodeName>The Zanzibar Marketplace Job</EpisodeName>
  <EpisodeNumber>12</EpisodeNumber>
  <FirstAired>2010-01-27</FirstAired>
  <GuestStars>|Mark A. Sheppard|Kari Matchett|Matt Keeslar|Andrew Harris|Marty Ryan|</GuestStars>
  <IMDB_ID></IMDB_ID>
  <Language>en</Language>
  <Overview>The team is forced to work with their old enemy Sterling in order to free Nate’s ex-wife, Maggie from a Ukrainian jail and clear her name.</Overview>
  <ProductionCode></ProductionCode>
  <Rating>7.8</Rating>
  <RatingCount>61</RatingCount>
  <SeasonNumber>2</SeasonNumber>
  <Writer>Melissa Glenn|Jessica Rieder</Writer>
  <absolute_number></absolute_number>
  <filename>episodes/82339/1431511.jpg</filename>
  <lastupdated>1331659666</lastupdated>
  <seasonid>61021</seasonid>
  <seriesid>82339</seriesid>
</Episode>
<Episode>
  <id>1431521</id>
  <Combined_episodenumber>13.0</Combined_episodenumber>
  <Combined_season>2</Combined_season>
  <DVD_chapter></DVD_chapter>
  <DVD_discid></DVD_discid>
  <DVD_episodenumber>13.0</DVD_episodenumber>
  <DVD_season>2</DVD_season>
  <Director>Marc Roskin</Director>
  <EpImgFlag>2</EpImgFlag>
  <EpisodeName>The Future Job</EpisodeName>
  <EpisodeNumber>13</EpisodeNumber>
  <FirstAired>2010-02-03</FirstAired>
  <GuestStars>Luke Perry</GuestStars>
  <IMDB_ID></IMDB_ID>
  <Language>en</Language>
  <Overview>The team goes after a con man masquerading as a psychic medium in order to drain the life savings of his bereaved clients.</Overview>
  <ProductionCode></ProductionCode>
  <Rating>7.8</Rating>
  <RatingCount>62</RatingCount>
  <SeasonNumber>2</SeasonNumber>
  <Writer>|Amy Berg|Chris Downey|</Writer>
  <absolute_number></absolute_number>
  <filename>episodes/82339/1431521.jpg</filename>
  <lastupdated>1331659692</lastupdated>
  <seasonid>61021</seasonid>
  <seriesid>82339</seriesid>
</Episode>
<Episode>
  <id>1431531</id>
  <Combined_episodenumber>14.0</Combined_episodenumber>
  <Combined_season>2</Combined_season>
  <DVD_chapter></DVD_chapter>
  <DVD_discid></DVD_discid>
  <DVD_episodenumber>14.0</DVD_episodenumber>
  <DVD_season>2</DVD_season>
  <Director>Dean Devlin</Director>
  <EpImgFlag>2</EpImgFlag>
  <EpisodeName>The Three Strikes Job</EpisodeName>
  <EpisodeNumber>14</EpisodeNumber>
  <FirstAired>2010-02-10</FirstAired>
  <GuestStars></GuestStars>
  <IMDB_ID></IMDB_ID>
  <Language>en</Language>
  <Overview>While trying to take down a corrupt local mayor exploiting his love of baseball, the Leverage team runs into an unexpected complication.</Overview>
  <ProductionCode></ProductionCode>
  <Rating>7.8</Rating>
  <RatingCount>60</RatingCount>
  <SeasonNumber>2</SeasonNumber>
  <Writer>John Rogers</Writer>
  <absolute_number></absolute_number>
  <filename>episodes/82339/1431531.jpg</filename>
  <lastupdated>1331659714</lastupdated>
  <seasonid>61021</seasonid>
  <seriesid>82339</seriesid>
</Episode>
<Episode>
  <id>1431541</id>
  <Combined_episodenumber>15.0</Combined_episodenumber>
  <Combined_season>2</Combined_season>
  <DVD_chapter></DVD_chapter>
  <DVD_discid></DVD_discid>
  <DVD_episodenumber>15.0</DVD_episodenumber>
  <DVD_season>2</DVD_season>
  <Director>Dean Devlin</Director>
  <EpImgFlag>2</EpImgFlag>
  <EpisodeName>The Maltese Falcon Job</EpisodeName>
  <EpisodeNumber>15</EpisodeNumber>
  <FirstAired>2010-02-17</FirstAired>
  <GuestStars></GuestStars>
  <IMDB_ID></IMDB_ID>
  <Language>en</Language>
  <Overview>Surrounded by FBI, the team decides to hide in plain sight, while continuing to take down the corrupt mayor and his gunrunning partner. Little do they suspect that Nate has a different endgame in mind for them all.</Overview>
  <ProductionCode></ProductionCode>
  <Rating>8.0</Rating>
  <RatingCount>65</RatingCount>
  <SeasonNumber>2</SeasonNumber>
  <Writer>John Rogers</Writer>
  <absolute_number></absolute_number>
  <filename>episodes/82339/1431541.jpg</filename>
  <lastupdated>1331659753</lastupdated>
  <seasonid>61021</seasonid>
  <seriesid>82339</seriesid>
</Episode>
<Episode>
  <id>1750921</id>
  <Combined_episodenumber>1.0</Combined_episodenumber>
  <Combined_season>3</Combined_season>
  <DVD_chapter></DVD_chapter>
  <DVD_discid></DVD_discid>
  <DVD_episodenumber>1.0</DVD_episodenumber>
  <DVD_season>3</DVD_season>
  <Director>Dean Devlin</Director>
  <EpImgFlag>2</EpImgFlag>
  <EpisodeName>The Jailhouse Job</EpisodeName>
  <EpisodeNumber>1</EpisodeNumber>
  <FirstAired>2010-06-20</FirstAired>
  <GuestStars>Elisabetta Canalis|Edwin Hodge|Dennis Bateman</GuestStars>
  <IMDB_ID></IMDB_ID>
  <Language>en</Language>
  <Overview>In order to save the life of an innocent inmate, Nate must bring down the corrupt warden of the Super-Max prison where he’s currently incarcerated and escape… whether he wants to or not.</Overview>
  <ProductionCode></ProductionCode>
  <Rating>7.7</Rating>
  <RatingCount>85</RatingCount>
  <SeasonNumber>3</SeasonNumber>
  <Writer>John Rogers</Writer>
  <absolute_number></absolute_number>
  <filename>episodes/82339/1750921.jpg</filename>
  <lastupdated>1359925477</lastupdated>
  <seasonid>195571</seasonid>
  <seriesid>82339</seriesid>
</Episode>
<Episode>
  <id>1990481</id>
  <Combined_episodenumber>3.0</Combined_episodenumber>
  <Combined_season>3</Combined_season>
  <DVD_chapter></DVD_chapter>
  <DVD_discid></DVD_discid>
  <DVD_episodenumber>3.0</DVD_episodenumber>
  <DVD_season>3</DVD_season>
  <Director>Jonathan Frakes</Director>
  <EpImgFlag>2</EpImgFlag>
  <EpisodeName>The Reunion Job</EpisodeName>
  <EpisodeNumber>2</EpisodeNumber>
  <FirstAired>2010-06-20</FirstAired>
  <GuestStars>Arye Gross|Anthony Azizi</GuestStars>
  <IMDB_ID></IMDB_ID>
  <Language>en</Language>
  <Overview>To uncover a password, the team infiltrates the high school reunion of an amoral software magnate who’s the IT department for the Axis of Evil.</Overview>
  <ProductionCode></ProductionCode>
  <Rating>7.7</Rating>
  <RatingCount>86</RatingCount>
  <SeasonNumber>3</SeasonNumber>
  <Writer>Michael Colton|John Aboud</Writer>
  <absolute_number></absolute_number>
  <filename>episodes/82339/1990481.jpg</filename>
  <lastupdated>1359925523</lastupdated>
  <seasonid>195571</seasonid>
  <seriesid>82339</seriesid>
</Episode>
<Episode>
  <id>2237081</id>
  <Combined_episodenumber>5.0</Combined_episodenumber>
  <Combined_season>3</Combined_season>
  <DVD_chapter></DVD_chapter>
  <DVD_discid></DVD_discid>
  <DVD_episodenumber>5.0</DVD_episodenumber>
  <DVD_season>3</DVD_season>
  <Director>John Rogers</Director>
  <EpImgFlag>2</EpImgFlag>
  <EpisodeName>The Inside Job</EpisodeName>
  <EpisodeNumber>3</EpisodeNumber>
  <FirstAired>2010-06-27</FirstAired>
  <GuestStars>Richard Chamberlain|Lisa Brenner</GuestStars>
  <IMDB_ID></IMDB_ID>
  <Language>en</Language>
  <Overview>When Parker is trapped in an unknown location while working a theft for her mentor, the LEVERAGE team must race the clock to find her and free her.</Overview>
  <ProductionCode></ProductionCode>
  <Rating>7.9</Rating>
  <RatingCount>78</RatingCount>
  <SeasonNumber>3</SeasonNumber>
  <Writer>Geoffrey Thorne</Writer>
  <absolute_number></absolute_number>
  <filename>episodes/82339/2237081.jpg</filename>
  <lastupdated>1359925548</lastupdated>
  <seasonid>195571</seasonid>
  <seriesid>82339</seriesid>
</Episode>
<Episode>
  <id>1990441</id>
  <Combined_episodenumber>2.0</Combined_episodenumber>
  <Combined_season>3</Combined_season>
  <DVD_chapter></DVD_chapter>
  <DVD_discid></DVD_discid>
  <DVD_episodenumber>2.0</DVD_episodenumber>
  <DVD_season>3</DVD_season>
  <Director>Peter Winther</Director>
  <EpImgFlag>2</EpImgFlag>
  <EpisodeName>The Scheherazade Job</EpisodeName>
  <EpisodeNumber>4</EpisodeNumber>
  <FirstAired>2010-06-27</FirstAired>
  <GuestStars>Giancarlo Esposito|Elisabetta Canalis|Nnamdi Asomugha|</GuestStars>
  <IMDB_ID></IMDB_ID>
  <Language>en</Language>
  <Overview>To rob an African kleptocrat's Boston vault, the LEVERAGE team has to time their heist to a symphony concert nearby, where amateur violinist Hardison must play a solo for a sell-out crowd.</Overview>
  <ProductionCode></ProductionCode>
  <Rating>7.8</Rating>
  <RatingCount>77</RatingCount>
  <SeasonNumber>3</SeasonNumber>
  <Writer>Chris Downey</Writer>
  <absolute_number></absolute_number>
  <filename>episodes/82339/1990441.jpg</filename>
  <lastupdated>1359925572</lastupdated>
  <seasonid>195571</seasonid>
  <seriesid>82339</seriesid>
</Episode>
<Episode>
  <id>1990501</id>
  <Combined_episodenumber>4.0</Combined_episodenumber>
  <Combined_season>3</Combined_season>
  <DVD_chapter></DVD_chapter>
  <DVD_discid></DVD_discid>
  <DVD_episodenumber>4.0</DVD_episodenumber>
  <DVD_season>3</DVD_season>
  <Director>Marc Roskin</Director>
  <EpImgFlag>2</EpImgFlag>
  <EpisodeName>The Double-Blind Job</EpisodeName>
  <EpisodeNumber>5</EpisodeNumber>
  <FirstAired>2010-07-11</FirstAired>
  <GuestStars>Michael O'Keefe|Katie Lowes|Tracy Gaillard</GuestStars>
  <IMDB_ID></IMDB_ID>
  <Language>en</Language>
  <Overview>Nate and the team infiltrate the world of Big Pharma to take down a corrupt CEO before he can release a drug that will kill thousands.</Overview>
  <ProductionCode></ProductionCode>
  <Rating>7.9</Rating>
  <RatingCount>77</RatingCount>
  <SeasonNumber>3</SeasonNumber>
  <Writer>Melissa Glenn|Jessica Rieder|</Writer>
  <absolute_number></absolute_number>
  <filename>episodes/82339/1990501.jpg</filename>
  <lastupdated>1359925621</lastupdated>
  <seasonid>195571</seasonid>
  <seriesid>82339</seriesid>
</Episode>
<Episode>
  <id>2237141</id>
  <Combined_episodenumber>6.0</Combined_episodenumber>
  <Combined_season>3</Combined_season>
  <DVD_chapter></DVD_chapter>
  <DVD_discid></DVD_discid>
  <DVD_episodenumber>6.0</DVD_episodenumber>
  <DVD_season>3</DVD_season>
  <Director>Jonathan Frakes</Director>
  <EpImgFlag>2</EpImgFlag>
  <EpisodeName>The Studio Job</EpisodeName>
  <EpisodeNumber>6</EpisodeNumber>
  <FirstAired>2010-07-18</FirstAired>
  <GuestStars>John Schneider|Alona Tal</GuestStars>
  <IMDB_ID></IMDB_ID>
  <Language>en</Language>
  <Overview>To take down a corrupt record executive, the LEVERAGE crew infiltrates the world of country &amp; western music, inadvertently turning Eliot into a genuine country music star.</Overview>
  <ProductionCode></ProductionCode>
  <Rating>7.8</Rating>
  <RatingCount>74</RatingCount>
  <SeasonNumber>3</SeasonNumber>
  <Writer>M. Scott Veach</Writer>
  <absolute_number></absolute_number>
  <filename>episodes/82339/2237141.jpg</filename>
  <lastupdated>1359925637</lastupdated>
  <seasonid>195571</seasonid>
  <seriesid>82339</seriesid>
</Episode>
<Episode>
  <id>2237151</id>
  <Combined_episodenumber>7.0</Combined_episodenumber>
  <Combined_season>3</Combined_season>
  <DVD_chapter></DVD_chapter>
  <DVD_discid></DVD_discid>
  <DVD_episodenumber>7.0</DVD_episodenumber>
  <DVD_season>3</DVD_season>
  <Director>Marc Roskin</Director>
  <EpImgFlag>2</EpImgFlag>
  <EpisodeName>The Gone-Fishin' Job</EpisodeName>
  <EpisodeNumber>7</EpisodeNumber>
  <FirstAired>2010-07-25</FirstAired>
  <GuestStars>Clancy Brown|Garland Lyons|Gavin Hoffman</GuestStars>
  <IMDB_ID></IMDB_ID>
  <Language>en</Language>
  <Overview>The LEVERAGE crew aims to turn the tables on a greedy debt collector stealing from innocent taxpayers, but finds themselves in over their heads when they discover that their target is also a domestic terrorist funding an armed militia.</Overview>
  <ProductionCode></ProductionCode>
  <Rating>7.6</Rating>
  <RatingCount>75</RatingCount>
  <SeasonNumber>3</SeasonNumber>
  <Writer>Rebecca Kirsch</Writer>
  <absolute_number></absolute_number>
  <filename>episodes/82339/2237151.jpg</filename>
  <lastupdated>1359925655</lastupdated>
  <seasonid>195571</seasonid>
  <seriesid>82339</seriesid>
</Episode>
<Episode>
  <id>2237091</id>
  <Combined_episodenumber>8.0</Combined_episodenumber>
  <Combined_season>3</Combined_season>
  <DVD_chapter></DVD_chapter>
  <DVD_discid></DVD_discid>
  <DVD_episodenumber>8.0</DVD_episodenumber>
  <DVD_season>3</DVD_season>
  <Director>Marc Roskin</Director>
  <EpImgFlag>2</EpImgFlag>
  <EpisodeName>The Boost Job</EpisodeName>
  <EpisodeNumber>8</EpisodeNumber>
  <FirstAired>2010-08-01</FirstAired>
  <GuestStars>Bill Engvall|Don Alder|Malese Jow</GuestStars>
  <IMDB_ID></IMDB_ID>
  <Language>en</Language>
  <Overview>The LEVERAGE team dives into the high-octane world of master car thieves in order to take down a crooked car dealer.</Overview>
  <ProductionCode></ProductionCode>
  <Rating>7.8</Rating>
  <RatingCount>71</RatingCount>
  <SeasonNumber>3</SeasonNumber>
  <Writer>Albert Kim</Writer>
  <absolute_number></absolute_number>
  <filename>episodes/82339/2237091.jpg</filename>
  <lastupdated>1359925693</lastupdated>
  <seasonid>195571</seasonid>
  <seriesid>82339</seriesid>
</Episode>
<Episode>
  <id>2237161</id>
  <Combined_episodenumber>9.0</Combined_episodenumber>
  <Combined_season>3</Combined_season>
  <DVD_chapter></DVD_chapter>
  <DVD_discid></DVD_discid>
  <DVD_episodenumber>9.0</DVD_episodenumber>
  <DVD_season>3</DVD_season>
  <Director>Dean Devlin</Director>
  <EpImgFlag>2</EpImgFlag>
  <EpisodeName>The Three-Card Monte Job</EpisodeName>
  <EpisodeNumber>9</EpisodeNumber>
  <FirstAired>2010-08-08</FirstAired>
  <GuestStars>Tom Skerritt|David Meunier</GuestStars>
  <IMDB_ID></IMDB_ID>
  <Language>en</Language>
  <Overview>When innocent small businessmen are blackmailed into committing crimes, the team's investigation reveals an unlikely foe behind the scheme: Jimmy Ford, Nate’s father.</Overview>
  <ProductionCode></ProductionCode>
  <Rating>7.8</Rating>
  <RatingCount>71</RatingCount>
  <SeasonNumber>3</SeasonNumber>
  <Writer>Christine Boylan</Writer>
  <absolute_number></absolute_number>
  <filename>episodes/82339/2237161.jpg</filename>
  <lastupdated>1359925705</lastupdated>
  <seasonid>195571</seasonid>
  <seriesid>82339</seriesid>
</Episode>
<Episode>
  <id>2237171</id>
  <Combined_episodenumber>10.0</Combined_episodenumber>
  <Combined_season>3</Combined_season>
  <DVD_chapter></DVD_chapter>
  <DVD_discid></DVD_discid>
  <DVD_episodenumber>10.0</DVD_episodenumber>
  <DVD_season>3</DVD_season>
  <Director>Marc Roskin</Director>
  <EpImgFlag>2</EpImgFlag>
  <EpisodeName>The Underground Job</EpisodeName>
  <EpisodeNumber>10</EpisodeNumber>
  <FirstAired>2010-08-15</FirstAired>
  <GuestStars>Bruce Davison|Annie Fitzgerald|Colton Lasater</GuestStars>
  <IMDB_ID></IMDB_ID>
  <Language>en</Language>
  <Overview>In the aftermath of a deadly mine explosion, the team infiltrates the coal mines of West Virginia to put an end to the dangerous practices of the mine’s owner.  But what the team digs up will threaten the livelihood of everyone in this tight-knit community.</Overview>
  <ProductionCode></ProductionCode>
  <Rating>7.7</Rating>
  <RatingCount>71</RatingCount>
  <SeasonNumber>3</SeasonNumber>
  <Writer>Melissa Glenn|Jessica Rieder</Writer>
  <absolute_number></absolute_number>
  <filename>episodes/82339/2237171.jpg</filename>
  <lastupdated>1359925748</lastupdated>
  <seasonid>195571</seasonid>
  <seriesid>82339</seriesid>
</Episode>
<Episode>
  <id>2371561</id>
  <Combined_episodenumber>14.0</Combined_episodenumber>
  <Combined_season>3</Combined_season>
  <DVD_chapter></DVD_chapter>
  <DVD_discid></DVD_discid>
  <DVD_episodenumber>14.0</DVD_episodenumber>
  <DVD_season>3</DVD_season>
  <Director>Arwin Brown</Director>
  <EpImgFlag>2</EpImgFlag>
  <EpisodeName>The Rashomon Job</EpisodeName>
  <EpisodeNumber>11</EpisodeNumber>
  <FirstAired>2010-08-22</FirstAired>
  <GuestStars>John Billingsley|Traber Burns</GuestStars>
  <IMDB_ID></IMDB_ID>
  <Language>en</Language>
  <Overview>The team discover that viewpoints differ, when they compare notes and find out that five years ago, each of them tried to steal the same rare artifact.</Overview>
  <ProductionCode></ProductionCode>
  <Rating>7.8</Rating>
  <RatingCount>75</RatingCount>
  <SeasonNumber>3</SeasonNumber>
  <Writer>John Rogers</Writer>
  <absolute_number></absolute_number>
  <filename>episodes/82339/2371561.jpg</filename>
  <lastupdated>1359925797</lastupdated>
  <seasonid>195571</seasonid>
  <seriesid>82339</seriesid>
</Episode>
<Episode>
  <id>2455761</id>
  <Combined_episodenumber>12.0</Combined_episodenumber>
  <Combined_season>3</Combined_season>
  <DVD_chapter></DVD_chapter>
  <DVD_discid></DVD_discid>
  <DVD_episodenumber>12.0</DVD_episodenumber>
  <DVD_season>3</DVD_season>
  <Director>Millicent Shelton</Director>
  <EpImgFlag>2</EpImgFlag>
  <EpisodeName>The King George Job</EpisodeName>
  <EpisodeNumber>12</EpisodeNumber>
  <FirstAired>2010-08-29</FirstAired>
  <GuestStars>James Frain</GuestStars>
  <IMDB_ID></IMDB_ID>
  <Language>en</Language>
  <Overview>When the team finds out that an antiquities trafficker working for Moreau is using refugee children as mules to smuggle artifacts, they travel to London to lure him into an Auction House scam. While there, Sophie confronts the consequences of her past. James Frain guest-stars.</Overview>
  <ProductionCode></ProductionCode>
  <Rating>7.8</Rating>
  <RatingCount>68</RatingCount>
  <SeasonNumber>3</SeasonNumber>
  <Writer>Christine Boylan</Writer>
  <absolute_number></absolute_number>
  <filename>episodes/82339/2455761.jpg</filename>
  <lastupdated>1359925811</lastupdated>
  <seasonid>195571</seasonid>
  <seriesid>82339</seriesid>
</Episode>
<Episode>
  <id>2483931</id>
  <Combined_episodenumber>11.0</Combined_episodenumber>
  <Combined_season>3</Combined_season>
  <DVD_chapter></DVD_chapter>
  <DVD_discid></DVD_discid>
  <DVD_episodenumber>11.0</DVD_episodenumber>
  <DVD_season>3</DVD_season>
  <Director>Jonathan Frakes</Director>
  <EpImgFlag>2</EpImgFlag>
  <EpisodeName>The Morning After Job</EpisodeName>
  <EpisodeNumber>13</EpisodeNumber>
  <FirstAired>2010-09-05</FirstAired>
  <GuestStars>Spencer Garrett</GuestStars>
  <IMDB_ID></IMDB_ID>
  <Language>en</Language>
  <Overview>To get a violent hedge fund manager to reveal information that could lead to Damien Moreau, the Leverage team convinces the man that he has murdered Parker, not knowing that their con has made the rogue financier the target of assassins.</Overview>
  <ProductionCode></ProductionCode>
  <Rating>7.8</Rating>
  <RatingCount>71</RatingCount>
  <SeasonNumber>3</SeasonNumber>
  <Writer>Chris Downey</Writer>
  <absolute_number></absolute_number>
  <filename>episodes/82339/2483931.jpg</filename>
  <lastupdated>1359925834</lastupdated>
  <seasonid>195571</seasonid>
  <seriesid>82339</seriesid>
</Episode>
<Episode>
  <id>3134801</id>
  <Combined_episodenumber>13.0</Combined_episodenumber>
  <Combined_season>3</Combined_season>
  <DVD_chapter></DVD_chapter>
  <DVD_discid></DVD_discid>
  <DVD_episodenumber>13.0</DVD_episodenumber>
  <DVD_season>3</DVD_season>
  <Director>Marc Roskin</Director>
  <EpImgFlag>2</EpImgFlag>
  <EpisodeName>The Ho, Ho, Ho Job</EpisodeName>
  <EpisodeNumber>14</EpisodeNumber>
  <FirstAired>2010-12-12</FirstAired>
  <GuestStars>Dave Foley|Wil Wheaton</GuestStars>
  <IMDB_ID></IMDB_ID>
  <Language>en</Language>
  <Overview>The team takes over a mall on Christmas Eve and uncovers a scheme perpetrated by an old nemesis; Eliot goes undercover as Santa Claus; Parker and Hardison are Santa's helpers.</Overview>
  <ProductionCode></ProductionCode>
  <Rating>8.0</Rating>
  <RatingCount>73</RatingCount>
  <SeasonNumber>3</SeasonNumber>
  <Writer>Michael Colton|John Aboud</Writer>
  <absolute_number></absolute_number>
  <filename>episodes/82339/3134801.jpg</filename>
  <lastupdated>1359925906</lastupdated>
  <seasonid>195571</seasonid>
  <seriesid>82339</seriesid>
</Episode>
<Episode>
  <id>3186401</id>
  <Combined_episodenumber>15.0</Combined_episodenumber>
  <Combined_season>3</Combined_season>
  <DVD_chapter></DVD_chapter>
  <DVD_discid></DVD_discid>
  <DVD_episodenumber>15.0</DVD_episodenumber>
  <DVD_season>3</DVD_season>
  <Director>Marc Roskin</Director>
  <EpImgFlag>2</EpImgFlag>
  <EpisodeName>The Big Bang Job</EpisodeName>
  <EpisodeNumber>15</EpisodeNumber>
  <FirstAired>2010-12-19</FirstAired>
  <GuestStars>Goran Visnjic|Timothy Carhart|Geoffrey Blake|Michael E. Rodgers|Ginger Williams</GuestStars>
  <IMDB_ID></IMDB_ID>
  <Language>en</Language>
  <Overview>The team infiltrates a government research lab to stop Damien Moreau from auctioning information to international terrorists.</Overview>
  <ProductionCode></ProductionCode>
  <Rating>7.9</Rating>
  <RatingCount>74</RatingCount>
  <SeasonNumber>3</SeasonNumber>
  <Writer>Chris Downey|Geoffrey Thorne</Writer>
  <absolute_number></absolute_number>
  <filename>episodes/82339/3186401.jpg</filename>
  <lastupdated>1359925935</lastupdated>
  <seasonid>195571</seasonid>
  <seriesid>82339</seriesid>
</Episode>
<Episode>
  <id>3186411</id>
  <Combined_episodenumber>16.0</Combined_episodenumber>
  <Combined_season>3</Combined_season>
  <DVD_chapter></DVD_chapter>
  <DVD_discid></DVD_discid>
  <DVD_episodenumber>16.0</DVD_episodenumber>
  <DVD_season>3</DVD_season>
  <Director>Marc Roskin</Director>
  <EpImgFlag>2</EpImgFlag>
  <EpisodeName>The San Lorenzo Job</EpisodeName>
  <EpisodeNumber>16</EpisodeNumber>
  <FirstAired>2010-12-19</FirstAired>
  <GuestStars>Goran Visnjic|Alastair Duncan|Tim Blough|Gilberto Martin Del Campo -</GuestStars>
  <IMDB_ID></IMDB_ID>
  <Language>en</Language>
  <Overview>After following Moreau to San Lorenzo, the team discovers that he is chief advisor to the current President.</Overview>
  <ProductionCode></ProductionCode>
  <Rating>8.0</Rating>
  <RatingCount>73</RatingCount>
  <SeasonNumber>3</SeasonNumber>
  <Writer>John Rogers|M. Scott Veach</Writer>
  <absolute_number></absolute_number>
  <filename>episodes/82339/3186411.jpg</filename>
  <lastupdated>1359925951</lastupdated>
  <seasonid>195571</seasonid>
  <seriesid>82339</seriesid>
</Episode>
<Episode>
  <id>3473351</id>
  <Combined_episodenumber>1</Combined_episodenumber>
  <Combined_season>4</Combined_season>
  <DVD_chapter></DVD_chapter>
  <DVD_discid></DVD_discid>
  <DVD_episodenumber></DVD_episodenumber>
  <DVD_season></DVD_season>
  <Director>Dean Devlin</Director>
  <EpImgFlag>2</EpImgFlag>
  <EpisodeName>The Long Way Down Job</EpisodeName>
  <EpisodeNumber>1</EpisodeNumber>
  <FirstAired>2011-06-26</FirstAired>
  <GuestStars></GuestStars>
  <IMDB_ID></IMDB_ID>
  <Language>en</Language>
  <Overview>To take down a corrupt financier, the LEVERAGE team must recover lost evidence high up on a mountain, racing hired guns and killer weather.</Overview>
  <ProductionCode></ProductionCode>
  <Rating>7.6</Rating>
  <RatingCount>66</RatingCount>
  <SeasonNumber>4</SeasonNumber>
  <Writer>|Joe Hortua|John Rogers|</Writer>
  <absolute_number></absolute_number>
  <filename>episodes/82339/3473351.jpg</filename>
  <lastupdated>1359926109</lastupdated>
  <seasonid>396191</seasonid>
  <seriesid>82339</seriesid>
</Episode>
<Episode>
  <id>4105664</id>
  <Combined_episodenumber>2</Combined_episodenumber>
  <Combined_season>4</Combined_season>
  <DVD_chapter></DVD_chapter>
  <DVD_discid></DVD_discid>
  <DVD_episodenumber></DVD_episodenumber>
  <DVD_season></DVD_season>
  <Director>Arvin Brown</Director>
  <EpImgFlag>2</EpImgFlag>
  <EpisodeName>The 10 Li'l Grifters Job</EpisodeName>
  <EpisodeNumber>2</EpisodeNumber>
  <FirstAired>2011-07-03</FirstAired>
  <GuestStars></GuestStars>
  <IMDB_ID></IMDB_ID>
  <Language>en</Language>
  <Overview>When a mark is killed suddenly in the middle of a sting, the team must scramble to complete the con and find the killer…before Nate goes down for murder.

</Overview>
  <ProductionCode></ProductionCode>
  <Rating>7.4</Rating>
  <RatingCount>61</RatingCount>
  <SeasonNumber>4</SeasonNumber>
  <Writer>Geoffrey Thorne</Writer>
  <absolute_number></absolute_number>
  <filename>episodes/82339/4105664.jpg</filename>
  <lastupdated>1359926221</lastupdated>
  <seasonid>396191</seasonid>
  <seriesid>82339</seriesid>
</Episode>
<Episode>
  <id>4105665</id>
  <Combined_episodenumber>3</Combined_episodenumber>
  <Combined_season>4</Combined_season>
  <DVD_chapter></DVD_chapter>
  <DVD_discid></DVD_discid>
  <DVD_episodenumber></DVD_episodenumber>
  <DVD_season></DVD_season>
  <Director>Marc Roskin</Director>
  <EpImgFlag>2</EpImgFlag>
  <EpisodeName>The 15 Minutes Job</EpisodeName>
  <EpisodeNumber>3</EpisodeNumber>
  <FirstAired>2011-07-10</FirstAired>
  <GuestStars></GuestStars>
  <IMDB_ID></IMDB_ID>
  <Language>en</Language>
  <Overview>To take down a corrupt PR consultant, the LEVERAGE team must build him up as a hero, then use his own methods against him.</Overview>
  <ProductionCode></ProductionCode>
  <Rating>7.7</Rating>
  <RatingCount>58</RatingCount>
  <SeasonNumber>4</SeasonNumber>
  <Writer>Josh Schaer</Writer>
  <absolute_number></absolute_number>
  <filename>episodes/82339/4105665.jpg</filename>
  <lastupdated>1359926270</lastupdated>
  <seasonid>396191</seasonid>
  <seriesid>82339</seriesid>
</Episode>
<Episode>
  <id>4105667</id>
  <Combined_episodenumber>4</Combined_episodenumber>
  <Combined_season>4</Combined_season>
  <DVD_chapter></DVD_chapter>
  <DVD_discid></DVD_discid>
  <DVD_episodenumber></DVD_episodenumber>
  <DVD_season></DVD_season>
  <Director>John Rogers</Director>
  <EpImgFlag>2</EpImgFlag>
  <EpisodeName>The Van Gogh Job</EpisodeName>
  <EpisodeNumber>4</EpisodeNumber>
  <FirstAired>2011-07-17</FirstAired>
  <GuestStars></GuestStars>
  <IMDB_ID></IMDB_ID>
  <Language>en</Language>
  <Overview>On the trail of a lost Van Gogh, the team learns the painting was the center of a World War II love story between a black soldier and the white heiress he was forced to leave behind.
</Overview>
  <ProductionCode></ProductionCode>
  <Rating>7.8</Rating>
  <RatingCount>60</RatingCount>
  <SeasonNumber>4</SeasonNumber>
  <Writer>Chris Downey</Writer>
  <absolute_number></absolute_number>
  <filename>episodes/82339/4105667.jpg</filename>
  <lastupdated>1359926359</lastupdated>
  <seasonid>396191</seasonid>
  <seriesid>82339</seriesid>
</Episode>
<Episode>
  <id>4105666</id>
  <Combined_episodenumber>5</Combined_episodenumber>
  <Combined_season>4</Combined_season>
  <DVD_chapter></DVD_chapter>
  <DVD_discid></DVD_discid>
  <DVD_episodenumber></DVD_episodenumber>
  <DVD_season></DVD_season>
  <Director>John Harrison</Director>
  <EpImgFlag>2</EpImgFlag>
  <EpisodeName>The Hot Potato Job</EpisodeName>
  <EpisodeNumber>5</EpisodeNumber>
  <FirstAired>2011-07-24</FirstAired>
  <GuestStars></GuestStars>
  <IMDB_ID></IMDB_ID>
  <Language>en</Language>
  <Overview>The LEVERAGE team infiltrates the corrupt world of corporate agriculture to recover a stolen object worth millions: a one-of-a-kind potato.
</Overview>
  <ProductionCode></ProductionCode>
  <Rating>7.7</Rating>
  <RatingCount>60</RatingCount>
  <SeasonNumber>4</SeasonNumber>
  <Writer>Jenn Kao</Writer>
  <absolute_number></absolute_number>
  <filename>episodes/82339/4105666.jpg</filename>
  <lastupdated>1359926403</lastupdated>
  <seasonid>396191</seasonid>
  <seriesid>82339</seriesid>
</Episode>
<Episode>
  <id>4105668</id>
  <Combined_episodenumber>6</Combined_episodenumber>
  <Combined_season>4</Combined_season>
  <DVD_chapter></DVD_chapter>
  <DVD_discid></DVD_discid>
  <DVD_episodenumber></DVD_episodenumber>
  <DVD_season></DVD_season>
  <Director>Frank Oz</Director>
  <EpImgFlag>3</EpImgFlag>
  <EpisodeName>The Carnival Job</EpisodeName>
  <EpisodeNumber>6</EpisodeNumber>
  <FirstAired>2011-07-31</FirstAired>
  <GuestStars></GuestStars>
  <IMDB_ID>tt1884817</IMDB_ID>
  <Language>en</Language>
  <Overview>The LEVERAGE team infiltrates a high-tech home to steal a revolutionary computer chip, only to have the family’s child abducted from a carnival during the heist.
</Overview>
  <ProductionCode></ProductionCode>
  <Rating>7.9</Rating>
  <RatingCount>61</RatingCount>
  <SeasonNumber>4</SeasonNumber>
  <Writer>|M. Scott Veach|Paul Guyot|</Writer>
  <absolute_number></absolute_number>
  <filename>episodes/82339/4105668.jpg</filename>
  <lastupdated>1359926477</lastupdated>
  <seasonid>396191</seasonid>
  <seriesid>82339</seriesid>
</Episode>
<Episode>
  <id>4108875</id>
  <Combined_episodenumber>7</Combined_episodenumber>
  <Combined_season>4</Combined_season>
  <DVD_chapter></DVD_chapter>
  <DVD_discid></DVD_discid>
  <DVD_episodenumber></DVD_episodenumber>
  <DVD_season></DVD_season>
  <Director>John Harrison</Director>
  <EpImgFlag>2</EpImgFlag>
  <EpisodeName>The Grave Danger Job</EpisodeName>
  <EpisodeNumber>7</EpisodeNumber>
  <FirstAired>2011-08-14</FirstAired>
  <GuestStars></GuestStars>
  <IMDB_ID></IMDB_ID>
  <Language>en</Language>
  <Overview>The LEVERAGE crew aims their sights on a charming funeral director who embezzles money from her grieving mourners, then discovers she is also selling the identities of the recently deceased to a deadly Mexican drug cartel.</Overview>
  <ProductionCode></ProductionCode>
  <Rating>7.8</Rating>
  <RatingCount>60</RatingCount>
  <SeasonNumber>4</SeasonNumber>
  <Writer>Rebecca Kirsch</Writer>
  <absolute_number></absolute_number>
  <filename>episodes/82339/4108875.jpg</filename>
  <lastupdated>1359926512</lastupdated>
  <seasonid>396191</seasonid>
  <seriesid>82339</seriesid>
</Episode>
<Episode>
  <id>4108877</id>
  <Combined_episodenumber>8</Combined_episodenumber>
  <Combined_season>4</Combined_season>
  <DVD_chapter></DVD_chapter>
  <DVD_discid></DVD_discid>
  <DVD_episodenumber></DVD_episodenumber>
  <DVD_season></DVD_season>
  <Director>Arvin Brown</Director>
  <EpImgFlag>2</EpImgFlag>
  <EpisodeName>The Boiler Room Job</EpisodeName>
  <EpisodeNumber>8</EpisodeNumber>
  <FirstAired>2011-08-14</FirstAired>
  <GuestStars></GuestStars>
  <IMDB_ID></IMDB_ID>
  <Language>en</Language>
  <Overview>When the LEVERAGE team goes up against a conman from a long lineage of greats, they must pull off the biggest con of their careers.
</Overview>
  <ProductionCode></ProductionCode>
  <Rating>7.9</Rating>
  <RatingCount>59</RatingCount>
  <SeasonNumber>4</SeasonNumber>
  <Writer>Paul Guyot</Writer>
  <absolute_number></absolute_number>
  <filename>episodes/82339/4108877.jpg</filename>
  <lastupdated>1359926566</lastupdated>
  <seasonid>396191</seasonid>
  <seriesid>82339</seriesid>
</Episode>
<Episode>
  <id>4108876</id>
  <Combined_episodenumber>9</Combined_episodenumber>
  <Combined_season>4</Combined_season>
  <DVD_chapter></DVD_chapter>
  <DVD_discid></DVD_discid>
  <DVD_episodenumber></DVD_episodenumber>
  <DVD_season></DVD_season>
  <Director>P. J. Pesce</Director>
  <EpImgFlag>2</EpImgFlag>
  <EpisodeName>The Cross My Heart Job</EpisodeName>
  <EpisodeNumber>9</EpisodeNumber>
  <FirstAired>2011-08-21</FirstAired>
  <GuestStars></GuestStars>
  <IMDB_ID></IMDB_ID>
  <Language>en</Language>
  <Overview>The team goes after an ailing defense contractor who steals a young girl's intended heart for his own. With time running out before the girl dies, the team has to run the con at an airport while they're stuck on a layover.</Overview>
  <ProductionCode></ProductionCode>
  <Rating>7.8</Rating>
  <RatingCount>59</RatingCount>
  <SeasonNumber>4</SeasonNumber>
  <Writer>|Ben Fast|Scott Wolman|</Writer>
  <absolute_number></absolute_number>
  <filename>episodes/82339/4108876.jpg</filename>
  <lastupdated>1359926647</lastupdated>
  <seasonid>396191</seasonid>
  <seriesid>82339</seriesid>
</Episode>
<Episode>
  <id>4108878</id>
  <Combined_episodenumber>10</Combined_episodenumber>
  <Combined_season>4</Combined_season>
  <DVD_chapter></DVD_chapter>
  <DVD_discid></DVD_discid>
  <DVD_episodenumber></DVD_episodenumber>
  <DVD_season></DVD_season>
  <Director>Jonathan Frakes</Director>
  <EpImgFlag>2</EpImgFlag>
  <EpisodeName>The Queen's Gambit Job</EpisodeName>
  <EpisodeNumber>10</EpisodeNumber>
  <FirstAired>2011-08-28</FirstAired>
  <GuestStars></GuestStars>
  <IMDB_ID></IMDB_ID>
  <Language>en</Language>
  <Overview>Jim Sterling asks Nate for help taking down a researcher who has designed a nuclear weight that will allow a terrorist nation to manufacture enriched uranium. However, it soon becomes clear that the Interpol agent has an ulterior motive, one which isolates Nate, gets Sophie arrested, and takes Eliot out of commission. </Overview>
  <ProductionCode></ProductionCode>
  <Rating>7.9</Rating>
  <RatingCount>62</RatingCount>
  <SeasonNumber>4</SeasonNumber>
  <Writer>|M. Scott Veach|Rebecca Kirsch|</Writer>
  <absolute_number></absolute_number>
  <filename>episodes/82339/4108878.jpg</filename>
  <lastupdated>1359926685</lastupdated>
  <seasonid>396191</seasonid>
  <seriesid>82339</seriesid>
</Episode>
<Episode>
  <id>4157579</id>
  <Combined_episodenumber>11</Combined_episodenumber>
  <Combined_season>4</Combined_season>
  <DVD_chapter></DVD_chapter>
  <DVD_discid></DVD_discid>
  <DVD_episodenumber></DVD_episodenumber>
  <DVD_season></DVD_season>
  <Director>Jonathan Frakes</Director>
  <EpImgFlag>2</EpImgFlag>
  <EpisodeName>The Experimental Job</EpisodeName>
  <EpisodeNumber>11</EpisodeNumber>
  <FirstAired>2011-11-27</FirstAired>
  <GuestStars></GuestStars>
  <IMDB_ID></IMDB_ID>
  <Language>en</Language>
  <Overview>When homeless veterans in the Boston area begin disappearing, the team must go back to college and infiltrate the world of Skull &amp; Bones secret societies</Overview>
  <ProductionCode></ProductionCode>
  <Rating>7.9</Rating>
  <RatingCount>60</RatingCount>
  <SeasonNumber>4</SeasonNumber>
  <Writer>M. Scott Veach</Writer>
  <absolute_number></absolute_number>
  <filename>episodes/82339/4157579.jpg</filename>
  <lastupdated>1359926717</lastupdated>
  <seasonid>396191</seasonid>
  <seriesid>82339</seriesid>
</Episode>
<Episode>
  <id>4164074</id>
  <Combined_episodenumber>12</Combined_episodenumber>
  <Combined_season>4</Combined_season>
  <DVD_chapter></DVD_chapter>
  <DVD_discid></DVD_discid>
  <DVD_episodenumber></DVD_episodenumber>
  <DVD_season></DVD_season>
  <Director>Jonathan Frakes</Director>
  <EpImgFlag>2</EpImgFlag>
  <EpisodeName>The Office Job</EpisodeName>
  <EpisodeNumber>12</EpisodeNumber>
  <FirstAired>2011-12-04</FirstAired>
  <GuestStars></GuestStars>
  <IMDB_ID></IMDB_ID>
  <Language>en</Language>
  <Overview>Uncovering a simple embezzlement scam becomes anything but simple when the team becomes part of a documentary shooting at the company they’re trying to save.</Overview>
  <ProductionCode></ProductionCode>
  <Rating>7.1</Rating>
  <RatingCount>56</RatingCount>
  <SeasonNumber>4</SeasonNumber>
  <Writer>|Jeremy Bernstein|Josh Schaer|</Writer>
  <absolute_number></absolute_number>
  <filename>episodes/82339/4164074.jpg</filename>
  <lastupdated>1359926852</lastupdated>
  <seasonid>396191</seasonid>
  <seriesid>82339</seriesid>
</Episode>
<Episode>
  <id>4164075</id>
  <Combined_episodenumber>13</Combined_episodenumber>
  <Combined_season>4</Combined_season>
  <DVD_chapter></DVD_chapter>
  <DVD_discid></DVD_discid>
  <DVD_episodenumber></DVD_episodenumber>
  <DVD_season></DVD_season>
  <Director>Marc Roskin</Director>
  <EpImgFlag>2</EpImgFlag>
  <EpisodeName>The Girls' Night Out Job</EpisodeName>
  <EpisodeNumber>13</EpisodeNumber>
  <FirstAired>2011-12-11</FirstAired>
  <GuestStars>Jeri Ryan</GuestStars>
  <IMDB_ID></IMDB_ID>
  <Language>en</Language>
  <Overview>When a James-Bond-like thief targets Parker's friend Peggy, Parker recruits Sophie and Tara to help her and, together, the women of Leverage follow the thief to the Venezuelan Consulate, where they discover an international conspiracy.</Overview>
  <ProductionCode></ProductionCode>
  <Rating>7.4</Rating>
  <RatingCount>60</RatingCount>
  <SeasonNumber>4</SeasonNumber>
  <Writer>|Chris Downey|Jenn Kao|</Writer>
  <absolute_number></absolute_number>
  <filename>episodes/82339/4164075.jpg</filename>
  <lastupdated>1359926881</lastupdated>
  <seasonid>396191</seasonid>
  <seriesid>82339</seriesid>
</Episode>
<Episode>
  <id>4164076</id>
  <Combined_episodenumber>14</Combined_episodenumber>
  <Combined_season>4</Combined_season>
  <DVD_chapter></DVD_chapter>
  <DVD_discid></DVD_discid>
  <DVD_episodenumber></DVD_episodenumber>
  <DVD_season></DVD_season>
  <Director>John Rogers</Director>
  <EpImgFlag>2</EpImgFlag>
  <EpisodeName>The Boys' Night Out Job</EpisodeName>
  <EpisodeNumber>14</EpisodeNumber>
  <FirstAired>2011-12-18</FirstAired>
  <GuestStars>|Drew Powell|Robert Blanche|Sean Faris|Lisa Schurga|Sofia Pernas|</GuestStars>
  <IMDB_ID></IMDB_ID>
  <Language>en</Language>
  <Overview>Nate, Eliot and Hardison are forced to intervene when Hurley returns, embroiled with the best of intentions in a three-way drug deal.</Overview>
  <ProductionCode></ProductionCode>
  <Rating>7.9</Rating>
  <RatingCount>59</RatingCount>
  <SeasonNumber>4</SeasonNumber>
  <Writer>John Rogers</Writer>
  <absolute_number></absolute_number>
  <filename>episodes/82339/4164076.jpg</filename>
  <lastupdated>1359926971</lastupdated>
  <seasonid>396191</seasonid>
  <seriesid>82339</seriesid>
</Episode>
<Episode>
  <id>4164077</id>
  <Combined_episodenumber>15</Combined_episodenumber>
  <Combined_season>4</Combined_season>
  <DVD_chapter></DVD_chapter>
  <DVD_discid></DVD_discid>
  <DVD_episodenumber></DVD_episodenumber>
  <DVD_season></DVD_season>
  <Director>Jonathan Frakes</Director>
  <EpImgFlag>2</EpImgFlag>
  <EpisodeName>The Lonely Hearts Job</EpisodeName>
  <EpisodeNumber>15</EpisodeNumber>
  <FirstAired>2011-12-25</FirstAired>
  <GuestStars></GuestStars>
  <IMDB_ID></IMDB_ID>
  <Language>en</Language>
  <Overview>While searching for a philanthropist’s missing wife, the team comes up against a grifter ring running a web of sophisticated “Sweetheart Scams”. Now, Nate must learn how to steal hearts… or risk losing Sophie’s for good.</Overview>
  <ProductionCode></ProductionCode>
  <Rating>7.9</Rating>
  <RatingCount>58</RatingCount>
  <SeasonNumber>4</SeasonNumber>
  <Writer>Kerry Glover</Writer>
  <absolute_number></absolute_number>
  <filename>episodes/82339/4164077.jpg</filename>
  <lastupdated>1359927054</lastupdated>
  <seasonid>396191</seasonid>
  <seriesid>82339</seriesid>
</Episode>
<Episode>
  <id>4164078</id>
  <Combined_episodenumber>16</Combined_episodenumber>
  <Combined_season>4</Combined_season>
  <DVD_chapter></DVD_chapter>
  <DVD_discid></DVD_discid>
  <DVD_episodenumber></DVD_episodenumber>
  <DVD_season></DVD_season>
  <Director>Marc Roskin</Director>
  <EpImgFlag>2</EpImgFlag>
  <EpisodeName>The Gold Job</EpisodeName>
  <EpisodeNumber>16</EpisodeNumber>
  <FirstAired>2012-01-01</FirstAired>
  <GuestStars></GuestStars>
  <IMDB_ID></IMDB_ID>
  <Language>en</Language>
  <Overview>The Leverage team hits the recession-driven Cash-for-Gold industry by targeting a corrupt brother-sister team and steering them through an elaborate treasure hunt.</Overview>
  <ProductionCode></ProductionCode>
  <Rating>7.7</Rating>
  <RatingCount>54</RatingCount>
  <SeasonNumber>4</SeasonNumber>
  <Writer>Joe Hortua</Writer>
  <absolute_number></absolute_number>
  <filename>episodes/82339/4164078.jpg</filename>
  <lastupdated>1359927074</lastupdated>
  <seasonid>396191</seasonid>
  <seriesid>82339</seriesid>
</Episode>
<Episode>
  <id>4164079</id>
  <Combined_episodenumber>17</Combined_episodenumber>
  <Combined_season>4</Combined_season>
  <DVD_chapter></DVD_chapter>
  <DVD_discid></DVD_discid>
  <DVD_episodenumber></DVD_episodenumber>
  <DVD_season></DVD_season>
  <Director>Dean Devlin</Director>
  <EpImgFlag>2</EpImgFlag>
  <EpisodeName>The Radio Job</EpisodeName>
  <EpisodeNumber>17</EpisodeNumber>
  <FirstAired>2012-01-08</FirstAired>
  <GuestStars>Tom Skerritt</GuestStars>
  <IMDB_ID></IMDB_ID>
  <Language>en</Language>
  <Overview>When Latimer hires Nate’s father to pull off a heist in an ultra-secure government office, the Leverage team must stage a fake hostage stand-off when they’re trapped inside and the feds lay siege to the building.</Overview>
  <ProductionCode></ProductionCode>
  <Rating>7.9</Rating>
  <RatingCount>59</RatingCount>
  <SeasonNumber>4</SeasonNumber>
  <Writer>|Chris Downey|Paul Guyot|</Writer>
  <absolute_number></absolute_number>
  <filename>episodes/82339/4164079.jpg</filename>
  <lastupdated>1359927093</lastupdated>
  <seasonid>396191</seasonid>
  <seriesid>82339</seriesid>
</Episode>
<Episode>
  <id>4164080</id>
  <Combined_episodenumber>18</Combined_episodenumber>
  <Combined_season>4</Combined_season>
  <DVD_chapter></DVD_chapter>
  <DVD_discid></DVD_discid>
  <DVD_episodenumber></DVD_episodenumber>
  <DVD_season></DVD_season>
  <Director>Dean Devlin</Director>
  <EpImgFlag>2</EpImgFlag>
  <EpisodeName>The Last Dam Job</EpisodeName>
  <EpisodeNumber>18</EpisodeNumber>
  <FirstAired>2012-01-15</FirstAired>
  <GuestStars></GuestStars>
  <IMDB_ID></IMDB_ID>
  <Language>en</Language>
  <Overview>The Leverage team must recruit old friends and rivals in order to take down Latimer and a foe from their past.</Overview>
  <ProductionCode></ProductionCode>
  <Rating>8.0</Rating>
  <RatingCount>59</RatingCount>
  <SeasonNumber>4</SeasonNumber>
  <Writer>John Rogers</Writer>
  <absolute_number></absolute_number>
  <filename>episodes/82339/4164080.jpg</filename>
  <lastupdated>1359927119</lastupdated>
  <seasonid>396191</seasonid>
  <seriesid>82339</seriesid>
</Episode>
<Episode>
  <id>4286604</id>
  <Combined_episodenumber>1</Combined_episodenumber>
  <Combined_season>5</Combined_season>
  <DVD_chapter></DVD_chapter>
  <DVD_discid></DVD_discid>
  <DVD_episodenumber></DVD_episodenumber>
  <DVD_season></DVD_season>
  <Director>John Rogers</Director>
  <EpImgFlag>2</EpImgFlag>
  <EpisodeName>The (Very) Big Bird Job</EpisodeName>
  <EpisodeNumber>1</EpisodeNumber>
  <FirstAired>2012-07-15</FirstAired>
  <GuestStars></GuestStars>
  <IMDB_ID>tt2358039</IMDB_ID>
  <Language>en</Language>
  <Overview>When a shipping CEO’s cost-cutting measures result in a plane crash, the Leverage team cons him into buying the largest plane ever built – the Spruce Goose – in order to expose him before a merger is completed that would put more lives at risk.</Overview>
  <ProductionCode></ProductionCode>
  <Rating>7.7</Rating>
  <RatingCount>43</RatingCount>
  <SeasonNumber>5</SeasonNumber>
  <Writer>John Rogers</Writer>
  <absolute_number></absolute_number>
  <filename>episodes/82339/4286604.jpg</filename>
  <lastupdated>1359927263</lastupdated>
  <seasonid>487738</seasonid>
  <seriesid>82339</seriesid>
</Episode>
<Episode>
  <id>4332045</id>
  <Combined_episodenumber>2</Combined_episodenumber>
  <Combined_season>5</Combined_season>
  <DVD_chapter></DVD_chapter>
  <DVD_discid></DVD_discid>
  <DVD_episodenumber></DVD_episodenumber>
  <DVD_season></DVD_season>
  <Director>Marc Roskin</Director>
  <EpImgFlag>2</EpImgFlag>
  <EpisodeName>The Blue Line Job</EpisodeName>
  <EpisodeNumber>2</EpisodeNumber>
  <FirstAired>2012-07-22</FirstAired>
  <GuestStars></GuestStars>
  <IMDB_ID>tt2341145</IMDB_ID>
  <Language>en</Language>
  <Overview>While trying to save a stubborn hockey enforcer from sustaining permanent injury in the playoffs, the Leverage crew discovers that someone has nefarious designs on the team.</Overview>
  <ProductionCode></ProductionCode>
  <Rating>7.5</Rating>
  <RatingCount>40</RatingCount>
  <SeasonNumber>5</SeasonNumber>
  <Writer>|M. Scott Veach|Paul Guyot|</Writer>
  <absolute_number></absolute_number>
  <filename>episodes/82339/4332045.jpg</filename>
  <lastupdated>1359927304</lastupdated>
  <seasonid>487738</seasonid>
  <seriesid>82339</seriesid>
</Episode>
<Episode>
  <id>4332056</id>
  <Combined_episodenumber>3</Combined_episodenumber>
  <Combined_season>5</Combined_season>
  <DVD_chapter></DVD_chapter>
  <DVD_discid></DVD_discid>
  <DVD_episodenumber></DVD_episodenumber>
  <DVD_season></DVD_season>
  <Director>Jonathan Frakes</Director>
  <EpImgFlag>2</EpImgFlag>
  <EpisodeName>The First Contact Job</EpisodeName>
  <EpisodeNumber>3</EpisodeNumber>
  <FirstAired>2012-08-05</FirstAired>
  <GuestStars></GuestStars>
  <IMDB_ID>tt2273874</IMDB_ID>
  <Language>en</Language>
  <Overview>The Leverage team takes down a wealthy scientist who stole his former research partner's discovery and ruined his reputation. Their tactic is to convince him he's made first contact with aliens.</Overview>
  <ProductionCode></ProductionCode>
  <Rating>7.8</Rating>
  <RatingCount>37</RatingCount>
  <SeasonNumber>5</SeasonNumber>
  <Writer>Aaron Denius Garcia</Writer>
  <absolute_number></absolute_number>
  <filename>episodes/82339/4332056.jpg</filename>
  <lastupdated>1359927319</lastupdated>
  <seasonid>487738</seasonid>
  <seriesid>82339</seriesid>
</Episode>
<Episode>
  <id>4332057</id>
  <Combined_episodenumber>4</Combined_episodenumber>
  <Combined_season>5</Combined_season>
  <DVD_chapter></DVD_chapter>
  <DVD_discid></DVD_discid>
  <DVD_episodenumber></DVD_episodenumber>
  <DVD_season></DVD_season>
  <Director>Tawnia McTiernan</Director>
  <EpImgFlag>2</EpImgFlag>
  <EpisodeName>The French Connection Job</EpisodeName>
  <EpisodeNumber>4</EpisodeNumber>
  <FirstAired>2012-08-12</FirstAired>
  <GuestStars></GuestStars>
  <IMDB_ID>tt2273880</IMDB_ID>
  <Language>en</Language>
  <Overview>The Leverage team goes inside the world of culinary schools and celebrity chefs to bring down a corrupt restaurateur who destroys lives in his pursuit of fame and money.</Overview>
  <ProductionCode></ProductionCode>
  <Rating>7.8</Rating>
  <RatingCount>41</RatingCount>
  <SeasonNumber>5</SeasonNumber>
  <Writer>Paul Guyot</Writer>
  <absolute_number></absolute_number>
  <filename>episodes/82339/4332057.jpg</filename>
  <lastupdated>1359927340</lastupdated>
  <seasonid>487738</seasonid>
  <seriesid>82339</seriesid>
</Episode>
<Episode>
  <id>4332058</id>
  <Combined_episodenumber>5</Combined_episodenumber>
  <Combined_season>5</Combined_season>
  <DVD_chapter></DVD_chapter>
  <DVD_discid></DVD_discid>
  <DVD_episodenumber></DVD_episodenumber>
  <DVD_season></DVD_season>
  <Director>Jonathan Frakes</Director>
  <EpImgFlag>2</EpImgFlag>
  <EpisodeName>The Gimme a K Street Job</EpisodeName>
  <EpisodeNumber>5</EpisodeNumber>
  <FirstAired>2012-08-19</FirstAired>
  <GuestStars></GuestStars>
  <IMDB_ID>tt2273882</IMDB_ID>
  <Language>en</Language>
  <Overview>To take down a competitive cheerleading company that profits by putting teenage girls at risk, the team must tackle its most corrupt foe yet: Congress.</Overview>
  <ProductionCode></ProductionCode>
  <Rating>7.6</Rating>
  <RatingCount>33</RatingCount>
  <SeasonNumber>5</SeasonNumber>
  <Writer>Jeremy Bernstein</Writer>
  <absolute_number></absolute_number>
  <filename>episodes/82339/4332058.jpg</filename>
  <lastupdated>1363101809</lastupdated>
  <seasonid>487738</seasonid>
  <seriesid>82339</seriesid>
</Episode>
<Episode>
  <id>4332059</id>
  <Combined_episodenumber>6</Combined_episodenumber>
  <Combined_season>5</Combined_season>
  <DVD_chapter></DVD_chapter>
  <DVD_discid></DVD_discid>
  <DVD_episodenumber></DVD_episodenumber>
  <DVD_season></DVD_season>
  <Director>Marc Roskin</Director>
  <EpImgFlag>2</EpImgFlag>
  <EpisodeName>The D.B. Cooper Job</EpisodeName>
  <EpisodeNumber>6</EpisodeNumber>
  <FirstAired>2012-08-26</FirstAired>
  <GuestStars></GuestStars>
  <IMDB_ID>tt2401131</IMDB_ID>
  <Language>en</Language>
  <Overview>A dying FBI Agent's greatest failure – allowing skyjacker D.B. Cooper to escape justice –becomes Nate's obsession as he looks back to the '70s to solve one of America's great mysteries.</Overview>
  <ProductionCode></ProductionCode>
  <Rating>7.5</Rating>
  <RatingCount>33</RatingCount>
  <SeasonNumber>5</SeasonNumber>
  <Writer>Chris Downey</Writer>
  <absolute_number></absolute_number>
  <filename>episodes/82339/4332059.jpg</filename>
  <lastupdated>1359927414</lastupdated>
  <seasonid>487738</seasonid>
  <seriesid>82339</seriesid>
</Episode>
<Episode>
  <id>4332060</id>
  <Combined_episodenumber>7</Combined_episodenumber>
  <Combined_season>5</Combined_season>
  <DVD_chapter></DVD_chapter>
  <DVD_discid></DVD_discid>
  <DVD_episodenumber></DVD_episodenumber>
  <DVD_season></DVD_season>
  <Director>John Harrison</Director>
  <EpImgFlag>2</EpImgFlag>
  <EpisodeName>The Real Fake Car Job</EpisodeName>
  <EpisodeNumber>7</EpisodeNumber>
  <FirstAired>2012-09-02</FirstAired>
  <GuestStars></GuestStars>
  <IMDB_ID>tt2401133</IMDB_ID>
  <Language>en</Language>
  <Overview>The Leverage team fakes the discovery of a legendary antique car in order to convince a Wall Street fraud to break the immunity deal that protects him from prosecution.</Overview>
  <ProductionCode></ProductionCode>
  <Rating>7.7</Rating>
  <RatingCount>38</RatingCount>
  <SeasonNumber>5</SeasonNumber>
  <Writer>Josh Schaer</Writer>
  <absolute_number></absolute_number>
  <filename>episodes/82339/4332060.jpg</filename>
  <lastupdated>1361414934</lastupdated>
  <seasonid>487738</seasonid>
  <seriesid>82339</seriesid>
</Episode>
<Episode>
  <id>4332061</id>
  <Combined_episodenumber>8</Combined_episodenumber>
  <Combined_season>5</Combined_season>
  <DVD_chapter></DVD_chapter>
  <DVD_discid></DVD_discid>
  <DVD_episodenumber></DVD_episodenumber>
  <DVD_season></DVD_season>
  <Director>John Harrison</Director>
  <EpImgFlag>2</EpImgFlag>
  <EpisodeName>The Broken Wing Job</EpisodeName>
  <EpisodeNumber>8</EpisodeNumber>
  <FirstAired>2012-09-09</FirstAired>
  <GuestStars>Mark Sheppard</GuestStars>
  <IMDB_ID>tt2273956</IMDB_ID>
  <Language>en</Language>
  <Overview>When a broken leg leaves Parker behind on the crew’s latest job, she spies on the Brew Pub’s customers for fun and discovers a group of thieves planning a heist.</Overview>
  <ProductionCode></ProductionCode>
  <Rating>7.7</Rating>
  <RatingCount>43</RatingCount>
  <SeasonNumber>5</SeasonNumber>
  <Writer>|Rebecca Kirsch|M. Scott Veach|</Writer>
  <absolute_number></absolute_number>
  <filename>episodes/82339/4332061.jpg</filename>
  <lastupdated>1347731377</lastupdated>
  <seasonid>487738</seasonid>
  <seriesid>82339</seriesid>
</Episode>
<Episode>
  <id>4343291</id>
  <Combined_episodenumber>9</Combined_episodenumber>
  <Combined_season>5</Combined_season>
  <DVD_chapter></DVD_chapter>
  <DVD_discid></DVD_discid>
  <DVD_episodenumber></DVD_episodenumber>
  <DVD_season></DVD_season>
  <Director>Dean Devlin</Director>
  <EpImgFlag>2</EpImgFlag>
  <EpisodeName>The Rundown Job</EpisodeName>
  <EpisodeNumber>9</EpisodeNumber>
  <FirstAired>2012-09-16</FirstAired>
  <GuestStars></GuestStars>
  <IMDB_ID>tt2273980</IMDB_ID>
  <Language>en</Language>
  <Overview>Eliot, Hardison and Parker join Colonel Vance in a race to stop a terrorist from launching a biological attack on Washington, D.C.</Overview>
  <ProductionCode></ProductionCode>
  <Rating>7.6</Rating>
  <RatingCount>39</RatingCount>
  <SeasonNumber>5</SeasonNumber>
  <Writer>|Chris Downey|Josh Schaer|</Writer>
  <absolute_number></absolute_number>
  <filename>episodes/82339/4343291.jpg</filename>
  <lastupdated>1349176260</lastupdated>
  <seasonid>487738</seasonid>
  <seriesid>82339</seriesid>
</Episode>
<Episode>
  <id>4332062</id>
  <Combined_episodenumber>10</Combined_episodenumber>
  <Combined_season>5</Combined_season>
  <DVD_chapter></DVD_chapter>
  <DVD_discid></DVD_discid>
  <DVD_episodenumber></DVD_episodenumber>
  <DVD_season></DVD_season>
  <Director>Marc Roskin</Director>
  <EpImgFlag>2</EpImgFlag>
  <EpisodeName>The Frame-Up Job</EpisodeName>
  <EpisodeNumber>10</EpisodeNumber>
  <FirstAired>2012-09-16</FirstAired>
  <GuestStars></GuestStars>
  <IMDB_ID>tt2273960</IMDB_ID>
  <Language>en</Language>
  <Overview>When Sophie is implicated in the theft of a valuable painting, Nate must use all his skills as an investigator to find the real culprit and clear her name.</Overview>
  <ProductionCode></ProductionCode>
  <Rating>7.7</Rating>
  <RatingCount>38</RatingCount>
  <SeasonNumber>5</SeasonNumber>
  <Writer>|Geoffrey Thorne|Jeremy Bernstein|</Writer>
  <absolute_number></absolute_number>
  <filename>episodes/82339/4332062.jpg</filename>
  <lastupdated>1349176272</lastupdated>
  <seasonid>487738</seasonid>
  <seriesid>82339</seriesid>
</Episode>
<Episode>
  <id>4410009</id>
  <Combined_episodenumber>11</Combined_episodenumber>
  <Combined_season>5</Combined_season>
  <DVD_chapter></DVD_chapter>
  <DVD_discid></DVD_discid>
  <DVD_episodenumber></DVD_episodenumber>
  <DVD_season></DVD_season>
  <Director>Tawnia McKiernan</Director>
  <EpImgFlag>2</EpImgFlag>
  <EpisodeName>The Low Low Price Job</EpisodeName>
  <EpisodeNumber>11</EpisodeNumber>
  <FirstAired>2012-11-27</FirstAired>
  <GuestStars>Willa Ford</GuestStars>
  <IMDB_ID></IMDB_ID>
  <Language>en</Language>
  <Overview>To take out a crooked super-store owner who threatens a small town, the Leverage team must sabotage his operation.</Overview>
  <ProductionCode></ProductionCode>
  <Rating>7.8</Rating>
  <RatingCount>32</RatingCount>
  <SeasonNumber>5</SeasonNumber>
  <Writer>Rebecca Kirsch</Writer>
  <absolute_number></absolute_number>
  <filename>episodes/82339/4410009.jpg</filename>
  <lastupdated>1354969585</lastupdated>
  <seasonid>487738</seasonid>
  <seriesid>82339</seriesid>
</Episode>
<Episode>
  <id>4443802</id>
  <Combined_episodenumber>12</Combined_episodenumber>
  <Combined_season>5</Combined_season>
  <DVD_chapter></DVD_chapter>
  <DVD_discid></DVD_discid>
  <DVD_episodenumber></DVD_episodenumber>
  <DVD_season></DVD_season>
  <Director>P.J. Pesce</Director>
  <EpImgFlag>2</EpImgFlag>
  <EpisodeName>The White Rabbit Job</EpisodeName>
  <EpisodeNumber>12</EpisodeNumber>
  <FirstAired>2012-12-04</FirstAired>
  <GuestStars>Andrew Bowen</GuestStars>
  <IMDB_ID></IMDB_ID>
  <Language>en</Language>
  <Overview>To stop a businessman from selling off his company and ruining the town that survives because of it, the Leverage team must pull off the most difficult con ever.</Overview>
  <ProductionCode></ProductionCode>
  <Rating>7.5</Rating>
  <RatingCount>32</RatingCount>
  <SeasonNumber>5</SeasonNumber>
  <Writer>Geoffrey Thorne</Writer>
  <absolute_number></absolute_number>
  <filename>episodes/82339/4443802.jpg</filename>
  <lastupdated>1355043568</lastupdated>
  <seasonid>487738</seasonid>
  <seriesid>82339</seriesid>
</Episode>
<Episode>
  <id>4443803</id>
  <Combined_episodenumber>13</Combined_episodenumber>
  <Combined_season>5</Combined_season>
  <DVD_chapter></DVD_chapter>
  <DVD_discid></DVD_discid>
  <DVD_episodenumber></DVD_episodenumber>
  <DVD_season></DVD_season>
  <Director>Marc Roskin</Director>
  <EpImgFlag>2</EpImgFlag>
  <EpisodeName>The Corkscrew Job</EpisodeName>
  <EpisodeNumber>13</EpisodeNumber>
  <FirstAired>2012-12-11</FirstAired>
  <GuestStars></GuestStars>
  <IMDB_ID></IMDB_ID>
  <Language>en</Language>
  <Overview>The team travels into Oregon wine country to steal a rare bottle of wine as part of their current con.</Overview>
  <ProductionCode></ProductionCode>
  <Rating>7.6</Rating>
  <RatingCount>35</RatingCount>
  <SeasonNumber>5</SeasonNumber>
  <Writer>Jenn Kao</Writer>
  <absolute_number></absolute_number>
  <filename>episodes/82339/4443803.jpg</filename>
  <lastupdated>1355595657</lastupdated>
  <seasonid>487738</seasonid>
  <seriesid>82339</seriesid>
</Episode>
<Episode>
  <id>4443804</id>
  <Combined_episodenumber>14</Combined_episodenumber>
  <Combined_season>5</Combined_season>
  <DVD_chapter></DVD_chapter>
  <DVD_discid></DVD_discid>
  <DVD_episodenumber></DVD_episodenumber>
  <DVD_season></DVD_season>
  <Director>Jonathan Frakes</Director>
  <EpImgFlag>2</EpImgFlag>
  <EpisodeName>The Toy Job</EpisodeName>
  <EpisodeNumber>14</EpisodeNumber>
  <FirstAired>2012-12-18</FirstAired>
  <GuestStars>Gregg Henry</GuestStars>
  <IMDB_ID></IMDB_ID>
  <Language>en</Language>
  <Overview>To stop a crooked CEO who is going to release a dangerous toy onto the market, the Leverage team creates a global toy craze.</Overview>
  <ProductionCode></ProductionCode>
  <Rating>7.6</Rating>
  <RatingCount>34</RatingCount>
  <SeasonNumber>5</SeasonNumber>
  <Writer>Joe Hortua</Writer>
  <absolute_number></absolute_number>
  <filename>episodes/82339/4443804.jpg</filename>
  <lastupdated>1356399398</lastupdated>
  <seasonid>487738</seasonid>
  <seriesid>82339</seriesid>
</Episode>
<Episode>
  <id>4443805</id>
  <Combined_episodenumber>15</Combined_episodenumber>
  <Combined_season>5</Combined_season>
  <DVD_chapter></DVD_chapter>
  <DVD_discid></DVD_discid>
  <DVD_episodenumber></DVD_episodenumber>
  <DVD_season></DVD_season>
  <Director>Dean Devlin</Director>
  <EpImgFlag>2</EpImgFlag>
  <EpisodeName>The Long Goodbye Job</EpisodeName>
  <EpisodeNumber>15</EpisodeNumber>
  <FirstAired>2012-12-25</FirstAired>
  <GuestStars>|Mark Sheppard|Catherine Dent|</GuestStars>
  <IMDB_ID>tt2584700</IMDB_ID>
  <Language>en</Language>
  <Overview>Nate puts everything on the line for himself and his team when he takes on a case that is connected to his son's death.</Overview>
  <ProductionCode></ProductionCode>
  <Rating>7.9</Rating>
  <RatingCount>28</RatingCount>
  <SeasonNumber>5</SeasonNumber>
  <Writer>|John Rogers|Chris Downey|</Writer>
  <absolute_number>77</absolute_number>
  <filename>episodes/82339/4443805.jpg</filename>
  <lastupdated>1356870061</lastupdated>
  <seasonid>487738</seasonid>
  <seriesid>82339</seriesid>
</Episode>
</Data>