<?xml version="1.0" encoding="UTF-8" ?>
<Actors>
<Actor>
  <id>79746</id>
  <Image>actors/79746.jpg</Image>
  <Name>Amber Tamblyn</Name>
  <Role>Det. Casey Shraeger</Role>
  <SortOrder>0</SortOrder>
</Actor>
<Actor>
  <id>79747</id>
  <Image>actors/79747.jpg</Image>
  <Name>Jeremy Renner</Name>
  <Role>Det. Jason Walsh</Role>
  <SortOrder>1</SortOrder>
</Actor>
<Actor>
  <id>79745</id>
  <Image>actors/79745.jpg</Image>
  <Name>Harold Perrineau Jr.</Name>
  <Role>Det. Leo Banks</Role>
  <SortOrder>2</SortOrder>
</Actor>
<Actor>
  <id>83111</id>
  <Image>actors/83111.jpg</Image>
  <Name>Josh Close</Name>
  <Role>Det. Henry Cole</Role>
  <SortOrder>3</SortOrder>
</Actor>
<Actor>
  <id>83101</id>
  <Image>actors/83101.jpg</Image>
  <Name>Kai Lennox</Name>
  <Role>Det. Ed Alvarez</Role>
  <SortOrder>3</SortOrder>
</Actor>
<Actor>
  <id>83091</id>
  <Image>actors/83091.jpg</Image>
  <Name>Terry Kinney</Name>
  <Role>Sgt. Harvey Brown</Role>
  <SortOrder>3</SortOrder>
</Actor>
<Actor>
  <id>79744</id>
  <Image>actors/79744.jpg</Image>
  <Name>Adam Goldberg</Name>
  <Role>Det. Eric Delahoy</Role>
  <SortOrder>3</SortOrder>
</Actor>
<Actor>
  <id>79743</id>
  <Image>actors/79743.jpg</Image>
  <Name>Monique Gabriela Curnen</Name>
  <Role>Det. Allison Beaumont</Role>
  <SortOrder>3</SortOrder>
</Actor>
</Actors>