<?xml version="1.0" encoding="UTF-8" ?>
<Banners>
<Banner>
  <id>48981</id>
  <BannerPath>fanart/original/83661-1.jpg</BannerPath>
  <BannerType>fanart</BannerType>
  <BannerType2>1920x1080</BannerType2>
  <Colors>|188,159,57|43,34,37|211,203,190|</Colors>
  <Language>en</Language>
  <Rating>8.0000</Rating>
  <RatingCount>3</RatingCount>
  <SeriesName>false</SeriesName>
  <ThumbnailPath>_cache/fanart/original/83661-1.jpg</ThumbnailPath>
  <VignettePath>fanart/vignette/83661-1.jpg</VignettePath>
</Banner>
<Banner>
  <id>48991</id>
  <BannerPath>fanart/original/83661-2.jpg</BannerPath>
  <BannerType>fanart</BannerType>
  <BannerType2>1920x1080</BannerType2>
  <Colors></Colors>
  <Language>en</Language>
  <Rating>7.0000</Rating>
  <RatingCount>3</RatingCount>
  <SeriesName>false</SeriesName>
  <ThumbnailPath>_cache/fanart/original/83661-2.jpg</ThumbnailPath>
  <VignettePath>fanart/vignette/83661-2.jpg</VignettePath>
</Banner>
<Banner>
  <id>64891</id>
  <BannerPath>posters/83661-1.jpg</BannerPath>
  <BannerType>poster</BannerType>
  <BannerType2>680x1000</BannerType2>
  <Language>en</Language>
  <Rating>10.0000</Rating>
  <RatingCount>1</RatingCount>
</Banner>
<Banner>
  <id>72111</id>
  <BannerPath>seasons/83661-1.jpg</BannerPath>
  <BannerType>season</BannerType>
  <BannerType2>season</BannerType2>
  <Language>en</Language>
  <Rating>8.0000</Rating>
  <RatingCount>1</RatingCount>
  <Season>1</Season>
</Banner>
<Banner>
  <id>72591</id>
  <BannerPath>graphical/83661-g2.jpg</BannerPath>
  <BannerType>series</BannerType>
  <BannerType2>graphical</BannerType2>
  <Language>en</Language>
  <Rating>9.0000</Rating>
  <RatingCount>1</RatingCount>
</Banner>
<Banner>
  <id>64871</id>
  <BannerPath>graphical/83661-g.jpg</BannerPath>
  <BannerType>series</BannerType>
  <BannerType2>graphical</BannerType2>
  <Language>en</Language>
  <Rating>7.0000</Rating>
  <RatingCount>2</RatingCount>
</Banner>
<Banner>
  <id>78581</id>
  <BannerPath>graphical/83661-g3.jpg</BannerPath>
  <BannerType>series</BannerType>
  <BannerType2>graphical</BannerType2>
  <Language>en</Language>
  <Rating>1.0000</Rating>
  <RatingCount>1</RatingCount>
</Banner>
</Banners>