<?xml version="1.0" encoding="UTF-8" ?>
<Data><Series>
  <id>83661</id>
  <Actors>|Amber Tamblyn|Jeremy Renner|Harold Perrineau Jr.|Josh Close|Kai Lennox|Terry Kinney|Adam Goldberg|Monique Gabriela Curnen|</Actors>
  <Airs_DayOfWeek>Wednesday</Airs_DayOfWeek>
  <Airs_Time>10:00 PM</Airs_Time>
  <ContentRating></ContentRating>
  <FirstAired>2009-04-08</FirstAired>
  <Genre>|Comedy|Drama|</Genre>
  <IMDB_ID>tt1240976</IMDB_ID>
  <Language>en</Language>
  <Network>ABC</Network>
  <NetworkID></NetworkID>
  <Overview>Detective Casey Shraeger has just been transferred to the NYPD's Homicide unit from Vice and is instantly thrown into a setting of bullets and bodies. As she begins her new assignment, Casey finds that the squad is full of secrets, which serves her well, since she's keeping a few of her own.</Overview>
  <Rating>8.2</Rating>
  <RatingCount>11</RatingCount>
  <Runtime>60</Runtime>
  <SeriesID>75393</SeriesID>
  <SeriesName>The Unusuals</SeriesName>
  <Status>Ended</Status>
  <added>2008-11-06 07:34:16</added>
  <addedBy>3071</addedBy>
  <banner>graphical/83661-g2.jpg</banner>
  <fanart>fanart/original/83661-1.jpg</fanart>
  <lastupdated>1364747535</lastupdated>
  <poster>posters/83661-1.jpg</poster>
  <zap2it_id></zap2it_id>
</Series>
<Episode>
  <id>3290961</id>
  <Combined_episodenumber>1</Combined_episodenumber>
  <Combined_season>0</Combined_season>
  <DVD_chapter></DVD_chapter>
  <DVD_discid></DVD_discid>
  <DVD_episodenumber></DVD_episodenumber>
  <DVD_season></DVD_season>
  <Director></Director>
  <EpImgFlag></EpImgFlag>
  <EpisodeName>Behind the Scenes</EpisodeName>
  <EpisodeNumber>1</EpisodeNumber>
  <FirstAired></FirstAired>
  <GuestStars></GuestStars>
  <IMDB_ID></IMDB_ID>
  <Language>en</Language>
  <Overview></Overview>
  <ProductionCode></ProductionCode>
  <Rating></Rating>
  <RatingCount>0</RatingCount>
  <SeasonNumber>0</SeasonNumber>
  <Writer></Writer>
  <absolute_number></absolute_number>
  <airsafter_season></airsafter_season>
  <airsbefore_episode></airsbefore_episode>
  <airsbefore_season></airsbefore_season>
  <filename></filename>
  <lastupdated>1292355591</lastupdated>
  <seasonid>36946</seasonid>
  <seriesid>83661</seriesid>
</Episode>
<Episode>
  <id>403820</id>
  <Combined_episodenumber>1</Combined_episodenumber>
  <Combined_season>1</Combined_season>
  <DVD_chapter></DVD_chapter>
  <DVD_discid></DVD_discid>
  <DVD_episodenumber></DVD_episodenumber>
  <DVD_season></DVD_season>
  <Director>Stephen Hopkins</Director>
  <EpImgFlag>2</EpImgFlag>
  <EpisodeName>Pilot</EpisodeName>
  <EpisodeNumber>1</EpisodeNumber>
  <FirstAired>2009-04-08</FirstAired>
  <GuestStars></GuestStars>
  <IMDB_ID></IMDB_ID>
  <Language>en</Language>
  <Overview>Det. Casey Shraeger meets the other zany but secretive detectives which make up the homicide squad in which she was just transferred to. Her partner will be Det. Jason Welsh, who is already working on a case of who killed his former partner. </Overview>
  <ProductionCode></ProductionCode>
  <Rating>7.6</Rating>
  <RatingCount>9</RatingCount>
  <SeasonNumber>1</SeasonNumber>
  <Writer>Noah Hawley</Writer>
  <absolute_number></absolute_number>
  <filename>episodes/83661/403820.jpg</filename>
  <lastupdated>1363086870</lastupdated>
  <seasonid>36947</seasonid>
  <seriesid>83661</seriesid>
</Episode>
<Episode>
  <id>536461</id>
  <Combined_episodenumber>2</Combined_episodenumber>
  <Combined_season>1</Combined_season>
  <DVD_chapter></DVD_chapter>
  <DVD_discid></DVD_discid>
  <DVD_episodenumber></DVD_episodenumber>
  <DVD_season></DVD_season>
  <Director></Director>
  <EpImgFlag>2</EpImgFlag>
  <EpisodeName>Boorland Day</EpisodeName>
  <EpisodeNumber>2</EpisodeNumber>
  <FirstAired>2009-04-15</FirstAired>
  <GuestStars></GuestStars>
  <IMDB_ID></IMDB_ID>
  <Language>en</Language>
  <Overview>A family of criminals has the detectives running all over the city until Walsh and Shraeger discover their motives and negotiate a stop to all the crime. Brown has Shraeger investigate Walsh's past because her former partner turned out to be a dirty cop. Meanwhile, Cole's former partner in crime returns, making it even more difficult for Cole to continue to hide his criminal past.</Overview>
  <ProductionCode></ProductionCode>
  <Rating>7.5</Rating>
  <RatingCount>8</RatingCount>
  <SeasonNumber>1</SeasonNumber>
  <Writer></Writer>
  <absolute_number></absolute_number>
  <filename>episodes/83661/536461.jpg</filename>
  <lastupdated>1363086906</lastupdated>
  <seasonid>36947</seasonid>
  <seriesid>83661</seriesid>
</Episode>
<Episode>
  <id>536471</id>
  <Combined_episodenumber>3</Combined_episodenumber>
  <Combined_season>1</Combined_season>
  <DVD_chapter></DVD_chapter>
  <DVD_discid></DVD_discid>
  <DVD_episodenumber></DVD_episodenumber>
  <DVD_season></DVD_season>
  <Director></Director>
  <EpImgFlag>2</EpImgFlag>
  <EpisodeName>One Man Band</EpisodeName>
  <EpisodeNumber>3</EpisodeNumber>
  <FirstAired>2009-04-21</FirstAired>
  <GuestStars></GuestStars>
  <IMDB_ID></IMDB_ID>
  <Language>en</Language>
  <Overview>Banks and Delahoy investigate a store selling murder weapons and instructions on how to get rid of the body. Nixon asks Casey to help get a client's son out of trouble on a bogus charge.</Overview>
  <ProductionCode></ProductionCode>
  <Rating>8.3</Rating>
  <RatingCount>8</RatingCount>
  <SeasonNumber>1</SeasonNumber>
  <Writer></Writer>
  <absolute_number></absolute_number>
  <filename>episodes/83661/536471.jpg</filename>
  <lastupdated>1363086984</lastupdated>
  <seasonid>36947</seasonid>
  <seriesid>83661</seriesid>
</Episode>
<Episode>
  <id>536481</id>
  <Combined_episodenumber>4</Combined_episodenumber>
  <Combined_season>1</Combined_season>
  <DVD_chapter></DVD_chapter>
  <DVD_discid></DVD_discid>
  <DVD_episodenumber></DVD_episodenumber>
  <DVD_season></DVD_season>
  <Director></Director>
  <EpImgFlag>2</EpImgFlag>
  <EpisodeName>Crime Slut</EpisodeName>
  <EpisodeNumber>4</EpisodeNumber>
  <FirstAired>2009-04-22</FirstAired>
  <GuestStars></GuestStars>
  <IMDB_ID></IMDB_ID>
  <Language>en</Language>
  <Overview>When Beaumont is in a pawn shop to get some cash the shop is robbed by a man and a woman. The woman is later the target of Shraeger and Walsh's investigation when she robs a bridal store with a different man.</Overview>
  <ProductionCode></ProductionCode>
  <Rating>8.0</Rating>
  <RatingCount>7</RatingCount>
  <SeasonNumber>1</SeasonNumber>
  <Writer></Writer>
  <absolute_number></absolute_number>
  <filename>episodes/83661/536481.jpg</filename>
  <lastupdated>1363087049</lastupdated>
  <seasonid>36947</seasonid>
  <seriesid>83661</seriesid>
</Episode>
<Episode>
  <id>569711</id>
  <Combined_episodenumber>5</Combined_episodenumber>
  <Combined_season>1</Combined_season>
  <DVD_chapter></DVD_chapter>
  <DVD_discid></DVD_discid>
  <DVD_episodenumber></DVD_episodenumber>
  <DVD_season></DVD_season>
  <Director>Matt Earl Beesley</Director>
  <EpImgFlag>2</EpImgFlag>
  <EpisodeName>42</EpisodeName>
  <EpisodeNumber>5</EpisodeNumber>
  <FirstAired>2009-04-29</FirstAired>
  <GuestStars></GuestStars>
  <IMDB_ID></IMDB_ID>
  <Language>en</Language>
  <Overview>Beaumont is struck when Lutz pulls a gun at Walsh's diner. While investigating, Walsh and Schraeger uncover Lutz and Cole's past connection. Elsewhere, Banks and Delahoy get help from a clairvoyant passenger when they investigate a rash of bus robberies. </Overview>
  <ProductionCode></ProductionCode>
  <Rating>7.0</Rating>
  <RatingCount>6</RatingCount>
  <SeasonNumber>1</SeasonNumber>
  <Writer>Sarah Watson</Writer>
  <absolute_number></absolute_number>
  <filename>episodes/83661/569711.jpg</filename>
  <lastupdated>1363087108</lastupdated>
  <seasonid>36947</seasonid>
  <seriesid>83661</seriesid>
</Episode>
<Episode>
  <id>569721</id>
  <Combined_episodenumber>6</Combined_episodenumber>
  <Combined_season>1</Combined_season>
  <DVD_chapter></DVD_chapter>
  <DVD_discid></DVD_discid>
  <DVD_episodenumber></DVD_episodenumber>
  <DVD_season></DVD_season>
  <Director></Director>
  <EpImgFlag>2</EpImgFlag>
  <EpisodeName>The Circle Line</EpisodeName>
  <EpisodeNumber>6</EpisodeNumber>
  <FirstAired>2009-05-06</FirstAired>
  <GuestStars></GuestStars>
  <IMDB_ID></IMDB_ID>
  <Language>en</Language>
  <Overview>Walsh and Shraeger try to help Powell, who fears he may have killed someone during an alcohol-induced blackout. Meanwhile, becoming victims of identity theft inspires Banks and Delahoy to make some changes in their lives. </Overview>
  <ProductionCode></ProductionCode>
  <Rating>7.3</Rating>
  <RatingCount>6</RatingCount>
  <SeasonNumber>1</SeasonNumber>
  <Writer></Writer>
  <absolute_number></absolute_number>
  <filename>episodes/83661/569721.jpg</filename>
  <lastupdated>1298665654</lastupdated>
  <seasonid>36947</seasonid>
  <seriesid>83661</seriesid>
</Episode>
<Episode>
  <id>628811</id>
  <Combined_episodenumber>7</Combined_episodenumber>
  <Combined_season>1</Combined_season>
  <DVD_chapter></DVD_chapter>
  <DVD_discid></DVD_discid>
  <DVD_episodenumber></DVD_episodenumber>
  <DVD_season></DVD_season>
  <Director></Director>
  <EpImgFlag>2</EpImgFlag>
  <EpisodeName>The Tape Delay</EpisodeName>
  <EpisodeNumber>7</EpisodeNumber>
  <FirstAired>2009-05-27</FirstAired>
  <GuestStars></GuestStars>
  <IMDB_ID></IMDB_ID>
  <Language>en</Language>
  <Overview>Casey and Walsh are placed on protection detail of a wealthy businessman, George Reed, who had recent threats made on his life. Responding to screams they hear, they leave their post in front of Reed's hotel room and, when they return, find his room is trashed and him gone. Then a ransom call is made asking for $10 million for his safe return. Meanwhile, Banks and Delahoy are put on the case of an 87- year-old man on a geriatric crime spree.</Overview>
  <ProductionCode></ProductionCode>
  <Rating>7.2</Rating>
  <RatingCount>5</RatingCount>
  <SeasonNumber>1</SeasonNumber>
  <Writer></Writer>
  <absolute_number></absolute_number>
  <filename>episodes/83661/628811.jpg</filename>
  <lastupdated>1299230977</lastupdated>
  <seasonid>36947</seasonid>
  <seriesid>83661</seriesid>
</Episode>
<Episode>
  <id>628821</id>
  <Combined_episodenumber>8</Combined_episodenumber>
  <Combined_season>1</Combined_season>
  <DVD_chapter></DVD_chapter>
  <DVD_discid></DVD_discid>
  <DVD_episodenumber></DVD_episodenumber>
  <DVD_season></DVD_season>
  <Director></Director>
  <EpImgFlag>2</EpImgFlag>
  <EpisodeName>The Dentist</EpisodeName>
  <EpisodeNumber>8</EpisodeNumber>
  <FirstAired>2009-06-03</FirstAired>
  <GuestStars></GuestStars>
  <IMDB_ID></IMDB_ID>
  <Language>en</Language>
  <Overview>Alvarez takes over while Sergeant Brown is away. Things go south when Alvarez releases Bo Keebler, a man who recently tried to rob a Chinese restaurant, into the custody of U.S. Marshall Foster. Casey Alvarez, and Walsh discover information that suggests Foster isn't exactly who he claims to be after the precinct receives a bomb threat. Banks tries to stay in his apartment until after his 43rd birthday to keep from being killed. </Overview>
  <ProductionCode></ProductionCode>
  <Rating>8.3</Rating>
  <RatingCount>4</RatingCount>
  <SeasonNumber>1</SeasonNumber>
  <Writer></Writer>
  <absolute_number></absolute_number>
  <filename>episodes/83661/628821.jpg</filename>
  <lastupdated>1299834504</lastupdated>
  <seasonid>36947</seasonid>
  <seriesid>83661</seriesid>
</Episode>
<Episode>
  <id>628831</id>
  <Combined_episodenumber>9</Combined_episodenumber>
  <Combined_season>1</Combined_season>
  <DVD_chapter></DVD_chapter>
  <DVD_discid></DVD_discid>
  <DVD_episodenumber></DVD_episodenumber>
  <DVD_season></DVD_season>
  <Director></Director>
  <EpImgFlag>2</EpImgFlag>
  <EpisodeName>The Apology Line</EpisodeName>
  <EpisodeNumber>9</EpisodeNumber>
  <FirstAired>2009-06-10</FirstAired>
  <GuestStars></GuestStars>
  <IMDB_ID></IMDB_ID>
  <Language>en</Language>
  <Overview>When a drug store owner is shot while running down the street naked, Walsh and Shraeger investigate. Information from the boyfriend of the victim's daughter leads the detectives to a loan shark that the victim had an argument with a few nights earlier. After a series of tapes from an apology line service turn up missing Beaumont and Cole look into the theft. Meanwhile Delahoy convinces the medical examiner to give him an MRI, and he receives some unexpected news. </Overview>
  <ProductionCode></ProductionCode>
  <Rating>8.3</Rating>
  <RatingCount>3</RatingCount>
  <SeasonNumber>1</SeasonNumber>
  <Writer></Writer>
  <absolute_number></absolute_number>
  <filename>episodes/83661/628831.jpg</filename>
  <lastupdated>1295572823</lastupdated>
  <seasonid>36947</seasonid>
  <seriesid>83661</seriesid>
</Episode>
<Episode>
  <id>628841</id>
  <Combined_episodenumber>10</Combined_episodenumber>
  <Combined_season>1</Combined_season>
  <DVD_chapter></DVD_chapter>
  <DVD_discid></DVD_discid>
  <DVD_episodenumber></DVD_episodenumber>
  <DVD_season></DVD_season>
  <Director></Director>
  <EpImgFlag>2</EpImgFlag>
  <EpisodeName>E.I.D.</EpisodeName>
  <EpisodeNumber>10</EpisodeNumber>
  <FirstAired>2009-06-17</FirstAired>
  <GuestStars></GuestStars>
  <IMDB_ID></IMDB_ID>
  <Language>en</Language>
  <Overview>Beaumont and Cole interview a couple after their apartment is broken into. When nothing turns up missing the couple discovers that an adult film they rented was filmed in their apartment. The film leads Delahoy and Banks to a series of bizarre adult films shot in several local apartments. Cole investigates a link between all of the tenants. In an effort to solve the case Beaumont and Cole go undercover and try attract the film maker for another movie. Shraeger finds herself emotionally invested when she takes a 10 year old case involving a violent attack. </Overview>
  <ProductionCode></ProductionCode>
  <Rating>7.3</Rating>
  <RatingCount>4</RatingCount>
  <SeasonNumber>1</SeasonNumber>
  <Writer></Writer>
  <absolute_number></absolute_number>
  <filename>episodes/83661/628841.jpg</filename>
  <lastupdated>1301218517</lastupdated>
  <seasonid>36947</seasonid>
  <seriesid>83661</seriesid>
</Episode>
</Data>