<?xml version="1.0" encoding="UTF-8" ?>
<Banners>
<Banner>
  <id>234871</id>
  <BannerPath>fanart/original/74543-27.jpg</BannerPath>
  <BannerType>fanart</BannerType>
  <BannerType2>1280x720</BannerType2>
  <Colors></Colors>
  <Language>en</Language>
  <Rating>10.0000</Rating>
  <RatingCount>1</RatingCount>
  <SeriesName>false</SeriesName>
  <ThumbnailPath>_cache/fanart/original/74543-27.jpg</ThumbnailPath>
  <VignettePath>fanart/vignette/74543-27.jpg</VignettePath>
</Banner>
<Banner>
  <id>33756</id>
  <BannerPath>fanart/original/74543-13.jpg</BannerPath>
  <BannerType>fanart</BannerType>
  <BannerType2>1280x720</BannerType2>
  <Colors></Colors>
  <Language>en</Language>
  <Rating>10.0000</Rating>
  <RatingCount>1</RatingCount>
  <SeriesName>false</SeriesName>
  <ThumbnailPath>_cache/fanart/original/74543-13.jpg</ThumbnailPath>
  <VignettePath>fanart/vignette/74543-13.jpg</VignettePath>
</Banner>
<Banner>
  <id>234331</id>
  <BannerPath>fanart/original/74543-23.jpg</BannerPath>
  <BannerType>fanart</BannerType>
  <BannerType2>1920x1080</BannerType2>
  <Colors></Colors>
  <Language>de</Language>
  <Rating>10.0000</Rating>
  <RatingCount>1</RatingCount>
  <SeriesName>false</SeriesName>
  <ThumbnailPath>_cache/fanart/original/74543-23.jpg</ThumbnailPath>
  <VignettePath>fanart/vignette/74543-23.jpg</VignettePath>
</Banner>
<Banner>
  <id>33752</id>
  <BannerPath>fanart/original/74543-9.jpg</BannerPath>
  <BannerType>fanart</BannerType>
  <BannerType2>1280x720</BannerType2>
  <Colors></Colors>
  <Language>en</Language>
  <Rating>8.0000</Rating>
  <RatingCount>1</RatingCount>
  <SeriesName>false</SeriesName>
  <ThumbnailPath>_cache/fanart/original/74543-9.jpg</ThumbnailPath>
  <VignettePath>fanart/vignette/74543-9.jpg</VignettePath>
</Banner>
<Banner>
  <id>20284</id>
  <BannerPath>fanart/original/74543-1.jpg</BannerPath>
  <BannerType>fanart</BannerType>
  <BannerType2>1280x720</BannerType2>
  <Colors>|207,223,236|64,2,3|195,93,53|</Colors>
  <Language>en</Language>
  <Rating>7.8000</Rating>
  <RatingCount>15</RatingCount>
  <SeriesName>false</SeriesName>
  <ThumbnailPath>_cache/fanart/original/74543-1.jpg</ThumbnailPath>
  <VignettePath>fanart/vignette/74543-1.jpg</VignettePath>
</Banner>
<Banner>
  <id>29501</id>
  <BannerPath>fanart/original/74543-8.jpg</BannerPath>
  <BannerType>fanart</BannerType>
  <BannerType2>1280x720</BannerType2>
  <Colors>|243,245,244|210,221,215|17,17,17|</Colors>
  <Language>en</Language>
  <Rating>7.3158</Rating>
  <RatingCount>19</RatingCount>
  <SeriesName>false</SeriesName>
  <ThumbnailPath>_cache/fanart/original/74543-8.jpg</ThumbnailPath>
  <VignettePath>fanart/vignette/74543-8.jpg</VignettePath>
</Banner>
<Banner>
  <id>24628</id>
  <BannerPath>fanart/original/74543-3.jpg</BannerPath>
  <BannerType>fanart</BannerType>
  <BannerType2>1920x1080</BannerType2>
  <Colors>|7,150,182|249,244,241|10,93,47|</Colors>
  <Language>en</Language>
  <Rating>7.1429</Rating>
  <RatingCount>7</RatingCount>
  <SeriesName>false</SeriesName>
  <ThumbnailPath>_cache/fanart/original/74543-3.jpg</ThumbnailPath>
  <VignettePath>fanart/vignette/74543-3.jpg</VignettePath>
</Banner>
<Banner>
  <id>867330</id>
  <BannerPath>fanart/original/74543-29.jpg</BannerPath>
  <BannerType>fanart</BannerType>
  <BannerType2>1920x1080</BannerType2>
  <Colors></Colors>
  <Language>en</Language>
  <Rating>6.3333</Rating>
  <RatingCount>3</RatingCount>
  <SeriesName>false</SeriesName>
  <ThumbnailPath>_cache/fanart/original/74543-29.jpg</ThumbnailPath>
  <VignettePath>fanart/vignette/74543-29.jpg</VignettePath>
</Banner>
<Banner>
  <id>23992</id>
  <BannerPath>fanart/original/74543-2.jpg</BannerPath>
  <BannerType>fanart</BannerType>
  <BannerType2>1920x1080</BannerType2>
  <Colors>|149,202,236|6,10,11|106,128,167|</Colors>
  <Language>en</Language>
  <Rating>6.2222</Rating>
  <RatingCount>9</RatingCount>
  <SeriesName>false</SeriesName>
  <ThumbnailPath>_cache/fanart/original/74543-2.jpg</ThumbnailPath>
  <VignettePath>fanart/vignette/74543-2.jpg</VignettePath>
</Banner>
<Banner>
  <id>872655</id>
  <BannerPath>fanart/original/74543-30.jpg</BannerPath>
  <BannerType>fanart</BannerType>
  <BannerType2>1280x720</BannerType2>
  <Colors></Colors>
  <Language>en</Language>
  <Rating>6.0000</Rating>
  <RatingCount>4</RatingCount>
  <SeriesName>false</SeriesName>
  <ThumbnailPath>_cache/fanart/original/74543-30.jpg</ThumbnailPath>
  <VignettePath>fanart/vignette/74543-30.jpg</VignettePath>
</Banner>
<Banner>
  <id>96401</id>
  <BannerPath>fanart/original/74543-18.jpg</BannerPath>
  <BannerType>fanart</BannerType>
  <BannerType2>1280x720</BannerType2>
  <Colors>|180,186,174|8,25,41|4,23,38|</Colors>
  <Language>en</Language>
  <Rating>5.8571</Rating>
  <RatingCount>7</RatingCount>
  <SeriesName>true</SeriesName>
  <ThumbnailPath>_cache/fanart/original/74543-18.jpg</ThumbnailPath>
  <VignettePath>fanart/vignette/74543-18.jpg</VignettePath>
</Banner>
<Banner>
  <id>234341</id>
  <BannerPath>fanart/original/74543-24.jpg</BannerPath>
  <BannerType>fanart</BannerType>
  <BannerType2>1280x720</BannerType2>
  <Colors></Colors>
  <Language>de</Language>
  <Rating>5.0000</Rating>
  <RatingCount>3</RatingCount>
  <SeriesName>false</SeriesName>
  <ThumbnailPath>_cache/fanart/original/74543-24.jpg</ThumbnailPath>
  <VignettePath>fanart/vignette/74543-24.jpg</VignettePath>
</Banner>
<Banner>
  <id>210151</id>
  <BannerPath>fanart/original/74543-21.jpg</BannerPath>
  <BannerType>fanart</BannerType>
  <BannerType2>1280x720</BannerType2>
  <Colors></Colors>
  <Language>en</Language>
  <Rating>4.6667</Rating>
  <RatingCount>3</RatingCount>
  <SeriesName>false</SeriesName>
  <ThumbnailPath>_cache/fanart/original/74543-21.jpg</ThumbnailPath>
  <VignettePath>fanart/vignette/74543-21.jpg</VignettePath>
</Banner>
<Banner>
  <id>24741</id>
  <BannerPath>fanart/original/74543-4.jpg</BannerPath>
  <BannerType>fanart</BannerType>
  <BannerType2>1920x1080</BannerType2>
  <Colors>|206,217,219|60,60,60|113,123,125|</Colors>
  <Language>en</Language>
  <Rating>2.5000</Rating>
  <RatingCount>2</RatingCount>
  <SeriesName>false</SeriesName>
  <ThumbnailPath>_cache/fanart/original/74543-4.jpg</ThumbnailPath>
  <VignettePath>fanart/vignette/74543-4.jpg</VignettePath>
</Banner>
<Banner>
  <id>24742</id>
  <BannerPath>fanart/original/74543-5.jpg</BannerPath>
  <BannerType>fanart</BannerType>
  <BannerType2>1280x720</BannerType2>
  <Colors>|255,255,255|46,59,75|194,228,255|</Colors>
  <Language>en</Language>
  <Rating>2.0000</Rating>
  <RatingCount>1</RatingCount>
  <SeriesName>false</SeriesName>
  <ThumbnailPath>_cache/fanart/original/74543-5.jpg</ThumbnailPath>
  <VignettePath>fanart/vignette/74543-5.jpg</VignettePath>
</Banner>
<Banner>
  <id>875701</id>
  <BannerPath>fanart/original/74543-32.jpg</BannerPath>
  <BannerType>fanart</BannerType>
  <BannerType2>1920x1080</BannerType2>
  <Colors></Colors>
  <Language>en</Language>
  <Rating>2.0000</Rating>
  <RatingCount>1</RatingCount>
  <SeriesName>false</SeriesName>
  <ThumbnailPath>_cache/fanart/original/74543-32.jpg</ThumbnailPath>
  <VignettePath>fanart/vignette/74543-32.jpg</VignettePath>
</Banner>
<Banner>
  <id>234861</id>
  <BannerPath>fanart/original/74543-26.jpg</BannerPath>
  <BannerType>fanart</BannerType>
  <BannerType2>1280x720</BannerType2>
  <Colors></Colors>
  <Language>en</Language>
  <Rating>1.0000</Rating>
  <RatingCount>1</RatingCount>
  <SeriesName>false</SeriesName>
  <ThumbnailPath>_cache/fanart/original/74543-26.jpg</ThumbnailPath>
  <VignettePath>fanart/vignette/74543-26.jpg</VignettePath>
</Banner>
<Banner>
  <id>33754</id>
  <BannerPath>fanart/original/74543-11.jpg</BannerPath>
  <BannerType>fanart</BannerType>
  <BannerType2>1280x720</BannerType2>
  <Colors>|234,235,229|34,34,42|129,188,255|</Colors>
  <Language>en</Language>
  <Rating>1.0000</Rating>
  <RatingCount>1</RatingCount>
  <SeriesName>false</SeriesName>
  <ThumbnailPath>_cache/fanart/original/74543-11.jpg</ThumbnailPath>
  <VignettePath>fanart/vignette/74543-11.jpg</VignettePath>
</Banner>
<Banner>
  <id>93721</id>
  <BannerPath>fanart/original/74543-16.jpg</BannerPath>
  <BannerType>fanart</BannerType>
  <BannerType2>1280x720</BannerType2>
  <Colors>|255,255,255|220,216,205|37,41,42|</Colors>
  <Language>en</Language>
  <Rating>1.0000</Rating>
  <RatingCount>2</RatingCount>
  <SeriesName>true</SeriesName>
  <ThumbnailPath>_cache/fanart/original/74543-16.jpg</ThumbnailPath>
  <VignettePath>fanart/vignette/74543-16.jpg</VignettePath>
</Banner>
<Banner>
  <id>93711</id>
  <BannerPath>fanart/original/74543-15.jpg</BannerPath>
  <BannerType>fanart</BannerType>
  <BannerType2>1280x720</BannerType2>
  <Colors></Colors>
  <Language>en</Language>
  <Rating>1.0000</Rating>
  <RatingCount>2</RatingCount>
  <SeriesName>true</SeriesName>
  <ThumbnailPath>_cache/fanart/original/74543-15.jpg</ThumbnailPath>
  <VignettePath>fanart/vignette/74543-15.jpg</VignettePath>
</Banner>
<Banner>
  <id>24924</id>
  <BannerPath>fanart/original/74543-7.jpg</BannerPath>
  <BannerType>fanart</BannerType>
  <BannerType2>1280x720</BannerType2>
  <Colors>|207,223,161|15,18,37|161,106,67|</Colors>
  <Language>en</Language>
  <Rating>1.0000</Rating>
  <RatingCount>1</RatingCount>
  <SeriesName>false</SeriesName>
  <ThumbnailPath>_cache/fanart/original/74543-7.jpg</ThumbnailPath>
  <VignettePath>fanart/vignette/74543-7.jpg</VignettePath>
</Banner>
<Banner>
  <id>91711</id>
  <BannerPath>fanart/original/74543-14.jpg</BannerPath>
  <BannerType>fanart</BannerType>
  <BannerType2>1280x720</BannerType2>
  <Colors></Colors>
  <Language>en</Language>
  <Rating>1.0000</Rating>
  <RatingCount>2</RatingCount>
  <SeriesName>true</SeriesName>
  <ThumbnailPath>_cache/fanart/original/74543-14.jpg</ThumbnailPath>
  <VignettePath>fanart/vignette/74543-14.jpg</VignettePath>
</Banner>
<Banner>
  <id>234851</id>
  <BannerPath>fanart/original/74543-25.jpg</BannerPath>
  <BannerType>fanart</BannerType>
  <BannerType2>1280x720</BannerType2>
  <Colors></Colors>
  <Language>en</Language>
  <Rating>1.0000</Rating>
  <RatingCount>1</RatingCount>
  <SeriesName>false</SeriesName>
  <ThumbnailPath>_cache/fanart/original/74543-25.jpg</ThumbnailPath>
  <VignettePath>fanart/vignette/74543-25.jpg</VignettePath>
</Banner>
<Banner>
  <id>24923</id>
  <BannerPath>fanart/original/74543-6.jpg</BannerPath>
  <BannerType>fanart</BannerType>
  <BannerType2>1280x720</BannerType2>
  <Colors>|187,186,192|37,90,156|183,148,82|</Colors>
  <Language>en</Language>
  <Rating>1.0000</Rating>
  <RatingCount>1</RatingCount>
  <SeriesName>false</SeriesName>
  <ThumbnailPath>_cache/fanart/original/74543-6.jpg</ThumbnailPath>
  <VignettePath>fanart/vignette/74543-6.jpg</VignettePath>
</Banner>
<Banner>
  <id>33753</id>
  <BannerPath>fanart/original/74543-10.jpg</BannerPath>
  <BannerType>fanart</BannerType>
  <BannerType2>1280x720</BannerType2>
  <Colors></Colors>
  <Language>en</Language>
  <Rating>1.0000</Rating>
  <RatingCount>1</RatingCount>
  <SeriesName>false</SeriesName>
  <ThumbnailPath>_cache/fanart/original/74543-10.jpg</ThumbnailPath>
  <VignettePath>fanart/vignette/74543-10.jpg</VignettePath>
</Banner>
<Banner>
  <id>33755</id>
  <BannerPath>fanart/original/74543-12.jpg</BannerPath>
  <BannerType>fanart</BannerType>
  <BannerType2>1280x720</BannerType2>
  <Colors></Colors>
  <Language>en</Language>
  <Rating>1.0000</Rating>
  <RatingCount>1</RatingCount>
  <SeriesName>false</SeriesName>
  <ThumbnailPath>_cache/fanart/original/74543-12.jpg</ThumbnailPath>
  <VignettePath>fanart/vignette/74543-12.jpg</VignettePath>
</Banner>
<Banner>
  <id>210141</id>
  <BannerPath>fanart/original/74543-20.jpg</BannerPath>
  <BannerType>fanart</BannerType>
  <BannerType2>1280x720</BannerType2>
  <Colors></Colors>
  <Language>en</Language>
  <Rating>1.0000</Rating>
  <RatingCount>1</RatingCount>
  <SeriesName>false</SeriesName>
  <ThumbnailPath>_cache/fanart/original/74543-20.jpg</ThumbnailPath>
  <VignettePath>fanart/vignette/74543-20.jpg</VignettePath>
</Banner>
<Banner>
  <id>867329</id>
  <BannerPath>fanart/original/74543-28.jpg</BannerPath>
  <BannerType>fanart</BannerType>
  <BannerType2>1920x1080</BannerType2>
  <Colors></Colors>
  <Language>en</Language>
  <Rating>1.0000</Rating>
  <RatingCount>1</RatingCount>
  <SeriesName>false</SeriesName>
  <ThumbnailPath>_cache/fanart/original/74543-28.jpg</ThumbnailPath>
  <VignettePath>fanart/vignette/74543-28.jpg</VignettePath>
</Banner>
<Banner>
  <id>210161</id>
  <BannerPath>fanart/original/74543-22.jpg</BannerPath>
  <BannerType>fanart</BannerType>
  <BannerType2>1280x720</BannerType2>
  <Colors></Colors>
  <Language>en</Language>
  <Rating>1.0000</Rating>
  <RatingCount>1</RatingCount>
  <SeriesName>false</SeriesName>
  <ThumbnailPath>_cache/fanart/original/74543-22.jpg</ThumbnailPath>
  <VignettePath>fanart/vignette/74543-22.jpg</VignettePath>
</Banner>
<Banner>
  <id>93731</id>
  <BannerPath>fanart/original/74543-17.jpg</BannerPath>
  <BannerType>fanart</BannerType>
  <BannerType2>1280x720</BannerType2>
  <Colors>|248,186,163|0,0,0|193,208,205|</Colors>
  <Language>en</Language>
  <Rating>1.0000</Rating>
  <RatingCount>2</RatingCount>
  <SeriesName>true</SeriesName>
  <ThumbnailPath>_cache/fanart/original/74543-17.jpg</ThumbnailPath>
  <VignettePath>fanart/vignette/74543-17.jpg</VignettePath>
</Banner>
<Banner>
  <id>875700</id>
  <BannerPath>fanart/original/74543-31.jpg</BannerPath>
  <BannerType>fanart</BannerType>
  <BannerType2>1920x1080</BannerType2>
  <Colors></Colors>
  <Language>en</Language>
  <Rating>1.0000</Rating>
  <RatingCount>1</RatingCount>
  <SeriesName>false</SeriesName>
  <ThumbnailPath>_cache/fanart/original/74543-31.jpg</ThumbnailPath>
  <VignettePath>fanart/vignette/74543-31.jpg</VignettePath>
</Banner>
<Banner>
  <id>210131</id>
  <BannerPath>fanart/original/74543-19.jpg</BannerPath>
  <BannerType>fanart</BannerType>
  <BannerType2>1280x720</BannerType2>
  <Colors>|245,219,0|52,53,57|228,157,127|</Colors>
  <Language>en</Language>
  <Rating>1.0000</Rating>
  <RatingCount>1</RatingCount>
  <SeriesName>false</SeriesName>
  <ThumbnailPath>_cache/fanart/original/74543-19.jpg</ThumbnailPath>
  <VignettePath>fanart/vignette/74543-19.jpg</VignettePath>
</Banner>
<Banner>
  <id>919020</id>
  <BannerPath>fanart/original/74543-37.jpg</BannerPath>
  <BannerType>fanart</BannerType>
  <BannerType2>1920x1080</BannerType2>
  <Colors></Colors>
  <Language>fr</Language>
  <Rating></Rating>
  <RatingCount>0</RatingCount>
  <SeriesName>false</SeriesName>
  <ThumbnailPath>_cache/fanart/original/74543-37.jpg</ThumbnailPath>
  <VignettePath>fanart/vignette/74543-37.jpg</VignettePath>
</Banner>
<Banner>
  <id>919019</id>
  <BannerPath>fanart/original/74543-36.jpg</BannerPath>
  <BannerType>fanart</BannerType>
  <BannerType2>1920x1080</BannerType2>
  <Colors></Colors>
  <Language>fr</Language>
  <Rating></Rating>
  <RatingCount>0</RatingCount>
  <SeriesName>false</SeriesName>
  <ThumbnailPath>_cache/fanart/original/74543-36.jpg</ThumbnailPath>
  <VignettePath>fanart/vignette/74543-36.jpg</VignettePath>
</Banner>
<Banner>
  <id>903459</id>
  <BannerPath>fanart/original/74543-33.jpg</BannerPath>
  <BannerType>fanart</BannerType>
  <BannerType2>1920x1080</BannerType2>
  <Colors></Colors>
  <Language>fr</Language>
  <Rating></Rating>
  <RatingCount>0</RatingCount>
  <SeriesName>false</SeriesName>
  <ThumbnailPath>_cache/fanart/original/74543-33.jpg</ThumbnailPath>
  <VignettePath>fanart/vignette/74543-33.jpg</VignettePath>
</Banner>
<Banner>
  <id>919017</id>
  <BannerPath>fanart/original/74543-34.jpg</BannerPath>
  <BannerType>fanart</BannerType>
  <BannerType2>1920x1080</BannerType2>
  <Colors></Colors>
  <Language>fr</Language>
  <Rating></Rating>
  <RatingCount>0</RatingCount>
  <SeriesName>false</SeriesName>
  <ThumbnailPath>_cache/fanart/original/74543-34.jpg</ThumbnailPath>
  <VignettePath>fanart/vignette/74543-34.jpg</VignettePath>
</Banner>
<Banner>
  <id>919018</id>
  <BannerPath>fanart/original/74543-35.jpg</BannerPath>
  <BannerType>fanart</BannerType>
  <BannerType2>1920x1080</BannerType2>
  <Colors></Colors>
  <Language>fr</Language>
  <Rating></Rating>
  <RatingCount>0</RatingCount>
  <SeriesName>false</SeriesName>
  <ThumbnailPath>_cache/fanart/original/74543-35.jpg</ThumbnailPath>
  <VignettePath>fanart/vignette/74543-35.jpg</VignettePath>
</Banner>
<Banner>
  <id>25494</id>
  <BannerPath>posters/74543-2.jpg</BannerPath>
  <BannerType>poster</BannerType>
  <BannerType2>680x1000</BannerType2>
  <Language>en</Language>
  <Rating>9.0833</Rating>
  <RatingCount>12</RatingCount>
</Banner>
<Banner>
  <id>25493</id>
  <BannerPath>posters/74543-1.jpg</BannerPath>
  <BannerType>poster</BannerType>
  <BannerType2>680x1000</BannerType2>
  <Language>en</Language>
  <Rating>6.7000</Rating>
  <RatingCount>10</RatingCount>
</Banner>
<Banner>
  <id>943888</id>
  <BannerPath>posters/74543-6.jpg</BannerPath>
  <BannerType>poster</BannerType>
  <BannerType2>680x1000</BannerType2>
  <Language>en</Language>
  <Rating>5.5000</Rating>
  <RatingCount>2</RatingCount>
</Banner>
<Banner>
  <id>25495</id>
  <BannerPath>posters/74543-3.jpg</BannerPath>
  <BannerType>poster</BannerType>
  <BannerType2>680x1000</BannerType2>
  <Language>en</Language>
  <Rating>4.7500</Rating>
  <RatingCount>8</RatingCount>
</Banner>
<Banner>
  <id>567291</id>
  <BannerPath>posters/74543-4.jpg</BannerPath>
  <BannerType>poster</BannerType>
  <BannerType2>680x1000</BannerType2>
  <Language>en</Language>
  <Rating>4.5000</Rating>
  <RatingCount>2</RatingCount>
</Banner>
<Banner>
  <id>912201</id>
  <BannerPath>posters/74543-5.jpg</BannerPath>
  <BannerType>poster</BannerType>
  <BannerType2>680x1000</BannerType2>
  <Language>en</Language>
  <Rating>1.0000</Rating>
  <RatingCount>2</RatingCount>
</Banner>
<Banner>
  <id>875666</id>
  <BannerPath>seasons/74543-5-3.jpg</BannerPath>
  <BannerType>season</BannerType>
  <BannerType2>season</BannerType2>
  <Language>en</Language>
  <Rating>10.0000</Rating>
  <RatingCount>1</RatingCount>
  <Season>5</Season>
</Banner>
<Banner>
  <id>875667</id>
  <BannerPath>seasons/74543-6-3.jpg</BannerPath>
  <BannerType>season</BannerType>
  <BannerType2>season</BannerType2>
  <Language>en</Language>
  <Rating>10.0000</Rating>
  <RatingCount>1</RatingCount>
  <Season>6</Season>
</Banner>
<Banner>
  <id>875668</id>
  <BannerPath>seasons/74543-7-3.jpg</BannerPath>
  <BannerType>season</BannerType>
  <BannerType2>season</BannerType2>
  <Language>en</Language>
  <Rating>10.0000</Rating>
  <RatingCount>1</RatingCount>
  <Season>7</Season>
</Banner>
<Banner>
  <id>875664</id>
  <BannerPath>seasons/74543-3-2.jpg</BannerPath>
  <BannerType>season</BannerType>
  <BannerType2>season</BannerType2>
  <Language>en</Language>
  <Rating>10.0000</Rating>
  <RatingCount>3</RatingCount>
  <Season>3</Season>
</Banner>
<Banner>
  <id>875665</id>
  <BannerPath>seasons/74543-4.jpg</BannerPath>
  <BannerType>season</BannerType>
  <BannerType2>season</BannerType2>
  <Language>en</Language>
  <Rating>10.0000</Rating>
  <RatingCount>1</RatingCount>
  <Season>4</Season>
</Banner>
<Banner>
  <id>901106</id>
  <BannerPath>seasons/74543-8-4.jpg</BannerPath>
  <BannerType>season</BannerType>
  <BannerType2>season</BannerType2>
  <Language>en</Language>
  <Rating>10.0000</Rating>
  <RatingCount>2</RatingCount>
  <Season>8</Season>
</Banner>
<Banner>
  <id>875673</id>
  <BannerPath>seasons/74543-1-2.jpg</BannerPath>
  <BannerType>season</BannerType>
  <BannerType2>season</BannerType2>
  <Language>en</Language>
  <Rating>7.6667</Rating>
  <RatingCount>3</RatingCount>
  <Season>1</Season>
</Banner>
<Banner>
  <id>875674</id>
  <BannerPath>seasons/74543-2.jpg</BannerPath>
  <BannerType>season</BannerType>
  <BannerType2>season</BannerType2>
  <Language>en</Language>
  <Rating>7.0000</Rating>
  <RatingCount>3</RatingCount>
  <Season>2</Season>
</Banner>
<Banner>
  <id>499251</id>
  <BannerPath>seasons/74543-6-2.jpg</BannerPath>
  <BannerType>season</BannerType>
  <BannerType2>season</BannerType2>
  <Language>en</Language>
  <Rating>7.0000</Rating>
  <RatingCount>3</RatingCount>
  <Season>6</Season>
</Banner>
<Banner>
  <id>130171</id>
  <BannerPath>seasons/74543-5-2.jpg</BannerPath>
  <BannerType>season</BannerType>
  <BannerType2>season</BannerType2>
  <Language>en</Language>
  <Rating>7.0000</Rating>
  <RatingCount>4</RatingCount>
  <Season>5</Season>
</Banner>
<Banner>
  <id>25222</id>
  <BannerPath>seasons/74543-4-3.jpg</BannerPath>
  <BannerType>season</BannerType>
  <BannerType2>season</BannerType2>
  <Language>en</Language>
  <Rating>6.6667</Rating>
  <RatingCount>3</RatingCount>
  <Season>4</Season>
</Banner>
<Banner>
  <id>6524</id>
  <BannerPath>seasons/27346-2.jpg</BannerPath>
  <BannerType>season</BannerType>
  <BannerType2>season</BannerType2>
  <Language>en</Language>
  <Rating>6.3333</Rating>
  <RatingCount>3</RatingCount>
  <Season>2</Season>
</Banner>
<Banner>
  <id>6523</id>
  <BannerPath>seasons/27346-1.jpg</BannerPath>
  <BannerType>season</BannerType>
  <BannerType2>season</BannerType2>
  <Language>en</Language>
  <Rating>6.3333</Rating>
  <RatingCount>3</RatingCount>
  <Season>1</Season>
</Banner>
<Banner>
  <id>8760</id>
  <BannerPath>seasons/27346-3.jpg</BannerPath>
  <BannerType>season</BannerType>
  <BannerType2>season</BannerType2>
  <Language>en</Language>
  <Rating>6.2500</Rating>
  <RatingCount>4</RatingCount>
  <Season>3</Season>
</Banner>
<Banner>
  <id>895761</id>
  <BannerPath>seasons/74543-4-4.jpg</BannerPath>
  <BannerType>season</BannerType>
  <BannerType2>season</BannerType2>
  <Language>he</Language>
  <Rating>5.5000</Rating>
  <RatingCount>2</RatingCount>
  <Season>4</Season>
</Banner>
<Banner>
  <id>895762</id>
  <BannerPath>seasons/74543-5-4.jpg</BannerPath>
  <BannerType>season</BannerType>
  <BannerType2>season</BannerType2>
  <Language>he</Language>
  <Rating>5.5000</Rating>
  <RatingCount>2</RatingCount>
  <Season>5</Season>
</Banner>
<Banner>
  <id>895760</id>
  <BannerPath>seasons/74543-3-3.jpg</BannerPath>
  <BannerType>season</BannerType>
  <BannerType2>season</BannerType2>
  <Language>he</Language>
  <Rating>5.5000</Rating>
  <RatingCount>2</RatingCount>
  <Season>3</Season>
</Banner>
<Banner>
  <id>895763</id>
  <BannerPath>seasons/74543-6-4.jpg</BannerPath>
  <BannerType>season</BannerType>
  <BannerType2>season</BannerType2>
  <Language>he</Language>
  <Rating>5.5000</Rating>
  <RatingCount>2</RatingCount>
  <Season>6</Season>
</Banner>
<Banner>
  <id>895764</id>
  <BannerPath>seasons/74543-7-4.jpg</BannerPath>
  <BannerType>season</BannerType>
  <BannerType2>season</BannerType2>
  <Language>he</Language>
  <Rating>5.5000</Rating>
  <RatingCount>2</RatingCount>
  <Season>7</Season>
</Banner>
<Banner>
  <id>565961</id>
  <BannerPath>seasons/74543-7-2.jpg</BannerPath>
  <BannerType>season</BannerType>
  <BannerType2>season</BannerType2>
  <Language>en</Language>
  <Rating>5.5000</Rating>
  <RatingCount>2</RatingCount>
  <Season>7</Season>
</Banner>
<Banner>
  <id>895758</id>
  <BannerPath>seasons/74543-1.jpg</BannerPath>
  <BannerType>season</BannerType>
  <BannerType2>season</BannerType2>
  <Language>en</Language>
  <Rating>5.5000</Rating>
  <RatingCount>4</RatingCount>
  <Season>1</Season>
</Banner>
<Banner>
  <id>14435</id>
  <BannerPath>seasons/74543-4-2.jpg</BannerPath>
  <BannerType>season</BannerType>
  <BannerType2>season</BannerType2>
  <Language>en</Language>
  <Rating>4.6667</Rating>
  <RatingCount>3</RatingCount>
  <Season>4</Season>
</Banner>
<Banner>
  <id>29500</id>
  <BannerPath>seasons/74543-5.jpg</BannerPath>
  <BannerType>season</BannerType>
  <BannerType2>season</BannerType2>
  <Language>en</Language>
  <Rating>4.3333</Rating>
  <RatingCount>3</RatingCount>
  <Season>5</Season>
</Banner>
<Banner>
  <id>895759</id>
  <BannerPath>seasons/74543-2-2.jpg</BannerPath>
  <BannerType>season</BannerType>
  <BannerType2>season</BannerType2>
  <Language>he</Language>
  <Rating>4.0000</Rating>
  <RatingCount>3</RatingCount>
  <Season>2</Season>
</Banner>
<Banner>
  <id>518591</id>
  <BannerPath>seasons/74543-7.jpg</BannerPath>
  <BannerType>season</BannerType>
  <BannerType2>season</BannerType2>
  <Language>en</Language>
  <Rating>3.5000</Rating>
  <RatingCount>2</RatingCount>
  <Season>7</Season>
</Banner>
<Banner>
  <id>153611</id>
  <BannerPath>seasons/74543-6.jpg</BannerPath>
  <BannerType>season</BannerType>
  <BannerType2>season</BannerType2>
  <Language>en</Language>
  <Rating>3.0000</Rating>
  <RatingCount>2</RatingCount>
  <Season>6</Season>
</Banner>
<Banner>
  <id>14080</id>
  <BannerPath>seasons/74543-3.jpg</BannerPath>
  <BannerType>season</BannerType>
  <BannerType2>season</BannerType2>
  <Language>he</Language>
  <Rating>1.0000</Rating>
  <RatingCount>1</RatingCount>
  <Season>3</Season>
</Banner>
<Banner>
  <id>895765</id>
  <BannerPath>seasons/74543-8-3.jpg</BannerPath>
  <BannerType>season</BannerType>
  <BannerType2>season</BannerType2>
  <Language>he</Language>
  <Rating></Rating>
  <RatingCount>0</RatingCount>
  <Season>8</Season>
</Banner>
<Banner>
  <id>865576</id>
  <BannerPath>seasons/74543-8.jpg</BannerPath>
  <BannerType>season</BannerType>
  <BannerType2>season</BannerType2>
  <Language>en</Language>
  <Rating></Rating>
  <RatingCount>0</RatingCount>
  <Season>8</Season>
</Banner>
<Banner>
  <id>881224</id>
  <BannerPath>seasons/74543-0.jpg</BannerPath>
  <BannerType>season</BannerType>
  <BannerType2>season</BannerType2>
  <Language>en</Language>
  <Rating></Rating>
  <RatingCount>0</RatingCount>
  <Season>0</Season>
</Banner>
<Banner>
  <id>30040</id>
  <BannerPath>seasonswide/74543-5.jpg</BannerPath>
  <BannerType>season</BannerType>
  <BannerType2>seasonwide</BannerType2>
  <Language>en</Language>
  <Rating></Rating>
  <RatingCount>0</RatingCount>
  <Season>5</Season>
</Banner>
<Banner>
  <id>859512</id>
  <BannerPath>seasonswide/74543-6.jpg</BannerPath>
  <BannerType>season</BannerType>
  <BannerType2>seasonwide</BannerType2>
  <Language>de</Language>
  <Rating></Rating>
  <RatingCount>0</RatingCount>
  <Season>6</Season>
</Banner>
<Banner>
  <id>859510</id>
  <BannerPath>seasonswide/74543-5-2.jpg</BannerPath>
  <BannerType>season</BannerType>
  <BannerType2>seasonwide</BannerType2>
  <Language>de</Language>
  <Rating></Rating>
  <RatingCount>0</RatingCount>
  <Season>5</Season>
</Banner>
<Banner>
  <id>903461</id>
  <BannerPath>graphical/74543-g8.jpg</BannerPath>
  <BannerType>series</BannerType>
  <BannerType2>graphical</BannerType2>
  <Language>fr</Language>
  <Rating>10.0000</Rating>
  <RatingCount>1</RatingCount>
</Banner>
<Banner>
  <id>943890</id>
  <BannerPath>graphical/74543-g9.jpg</BannerPath>
  <BannerType>series</BannerType>
  <BannerType2>graphical</BannerType2>
  <Language>en</Language>
  <Rating>10.0000</Rating>
  <RatingCount>1</RatingCount>
</Banner>
<Banner>
  <id>33959</id>
  <BannerPath>graphical/74543-g2.jpg</BannerPath>
  <BannerType>series</BannerType>
  <BannerType2>graphical</BannerType2>
  <Language>en</Language>
  <Rating>9.2000</Rating>
  <RatingCount>5</RatingCount>
</Banner>
<Banner>
  <id>5572</id>
  <BannerPath>graphical/27346-g.jpg</BannerPath>
  <BannerType>series</BannerType>
  <BannerType2>graphical</BannerType2>
  <Language>en</Language>
  <Rating>8.5000</Rating>
  <RatingCount>8</RatingCount>
</Banner>
<Banner>
  <id>22736</id>
  <BannerPath>graphical/74543-g.jpg</BannerPath>
  <BannerType>series</BannerType>
  <BannerType2>graphical</BannerType2>
  <Language>en</Language>
  <Rating>6.5000</Rating>
  <RatingCount>8</RatingCount>
</Banner>
<Banner>
  <id>870809</id>
  <BannerPath>graphical/74543-g6.jpg</BannerPath>
  <BannerType>series</BannerType>
  <BannerType2>graphical</BannerType2>
  <Language>en</Language>
  <Rating>5.5000</Rating>
  <RatingCount>2</RatingCount>
</Banner>
<Banner>
  <id>161301</id>
  <BannerPath>graphical/74543-g3.jpg</BannerPath>
  <BannerType>series</BannerType>
  <BannerType2>graphical</BannerType2>
  <Language>en</Language>
  <Rating>5.3333</Rating>
  <RatingCount>3</RatingCount>
</Banner>
<Banner>
  <id>12813</id>
  <BannerPath>blank/74543.jpg</BannerPath>
  <BannerType>series</BannerType>
  <BannerType2>blank</BannerType2>
  <Language>en</Language>
  <Rating>4.4000</Rating>
  <RatingCount>5</RatingCount>
</Banner>
<Banner>
  <id>167491</id>
  <BannerPath>blank/74543-2.jpg</BannerPath>
  <BannerType>series</BannerType>
  <BannerType2>blank</BannerType2>
  <Language></Language>
  <Rating>3.5000</Rating>
  <RatingCount>2</RatingCount>
</Banner>
<Banner>
  <id>408161</id>
  <BannerPath>graphical/74543-g5.jpg</BannerPath>
  <BannerType>series</BannerType>
  <BannerType2>graphical</BannerType2>
  <Language>en</Language>
  <Rating>2.5000</Rating>
  <RatingCount>2</RatingCount>
</Banner>
<Banner>
  <id>408151</id>
  <BannerPath>graphical/74543-g4.jpg</BannerPath>
  <BannerType>series</BannerType>
  <BannerType2>graphical</BannerType2>
  <Language>en</Language>
  <Rating>2.5000</Rating>
  <RatingCount>2</RatingCount>
</Banner>
<Banner>
  <id>167511</id>
  <BannerPath>blank/74543-4.jpg</BannerPath>
  <BannerType>series</BannerType>
  <BannerType2>blank</BannerType2>
  <Language></Language>
  <Rating>2.3333</Rating>
  <RatingCount>3</RatingCount>
</Banner>
<Banner>
  <id>167501</id>
  <BannerPath>blank/74543-3.jpg</BannerPath>
  <BannerType>series</BannerType>
  <BannerType2>blank</BannerType2>
  <Language></Language>
  <Rating>1.3333</Rating>
  <RatingCount>3</RatingCount>
</Banner>
<Banner>
  <id>5460</id>
  <BannerPath>text/27346.jpg</BannerPath>
  <BannerType>series</BannerType>
  <BannerType2>text</BannerType2>
  <Language>en</Language>
  <Rating>1.0000</Rating>
  <RatingCount>4</RatingCount>
</Banner>
<Banner>
  <id>933979</id>
  <BannerPath>graphical/74543-g7.jpg</BannerPath>
  <BannerType>series</BannerType>
  <BannerType2>graphical</BannerType2>
  <Language>hu</Language>
  <Rating></Rating>
  <RatingCount>0</RatingCount>
</Banner>
</Banners>