<?xml version="1.0" encoding="UTF-8" ?>
<Actors>
<Actor>
  <id>38763</id>
  <Image>actors/38763.jpg</Image>
  <Name>Jason Lee</Name>
  <Role>Earl Hickey</Role>
  <SortOrder>0</SortOrder>
</Actor>
<Actor>
  <id>38765</id>
  <Image>actors/38765.jpg</Image>
  <Name>Ethan Suplee</Name>
  <Role>Randy Hickey</Role>
  <SortOrder>1</SortOrder>
</Actor>
<Actor>
  <id>38766</id>
  <Image>actors/38766.jpg</Image>
  <Name>Jaime Pressly</Name>
  <Role>Joy Turner</Role>
  <SortOrder>2</SortOrder>
</Actor>
<Actor>
  <id>38764</id>
  <Image>actors/38764.jpg</Image>
  <Name>Eddie Steeples</Name>
  <Role>Darnell Turner</Role>
  <SortOrder>3</SortOrder>
</Actor>
<Actor>
  <id>38762</id>
  <Image>actors/38762.jpg</Image>
  <Name>Nadine Velazquez</Name>
  <Role>Catalina</Role>
  <SortOrder>3</SortOrder>
</Actor>
</Actors>