<?xml version="1.0" encoding="UTF-8" ?>
<Banners>
<Banner>
  <id>788081</id>
  <BannerPath>fanart/original/75397-17.jpg</BannerPath>
  <BannerType>fanart</BannerType>
  <BannerType2>1920x1080</BannerType2>
  <Colors></Colors>
  <Language>en</Language>
  <Rating>9.6667</Rating>
  <RatingCount>3</RatingCount>
  <SeriesName>false</SeriesName>
  <ThumbnailPath>_cache/fanart/original/75397-17.jpg</ThumbnailPath>
  <VignettePath>fanart/vignette/75397-17.jpg</VignettePath>
</Banner>
<Banner>
  <id>825321</id>
  <BannerPath>fanart/original/75397-21.jpg</BannerPath>
  <BannerType>fanart</BannerType>
  <BannerType2>1920x1080</BannerType2>
  <Colors></Colors>
  <Language>en</Language>
  <Rating>9.5000</Rating>
  <RatingCount>2</RatingCount>
  <SeriesName>false</SeriesName>
  <ThumbnailPath>_cache/fanart/original/75397-21.jpg</ThumbnailPath>
  <VignettePath>fanart/vignette/75397-21.jpg</VignettePath>
</Banner>
<Banner>
  <id>825311</id>
  <BannerPath>fanart/original/75397-20.jpg</BannerPath>
  <BannerType>fanart</BannerType>
  <BannerType2>1920x1080</BannerType2>
  <Colors></Colors>
  <Language>en</Language>
  <Rating>9.3333</Rating>
  <RatingCount>3</RatingCount>
  <SeriesName>false</SeriesName>
  <ThumbnailPath>_cache/fanart/original/75397-20.jpg</ThumbnailPath>
  <VignettePath>fanart/vignette/75397-20.jpg</VignettePath>
</Banner>
<Banner>
  <id>825301</id>
  <BannerPath>fanart/original/75397-19.jpg</BannerPath>
  <BannerType>fanart</BannerType>
  <BannerType2>1920x1080</BannerType2>
  <Colors></Colors>
  <Language>en</Language>
  <Rating>9.0000</Rating>
  <RatingCount>1</RatingCount>
  <SeriesName>false</SeriesName>
  <ThumbnailPath>_cache/fanart/original/75397-19.jpg</ThumbnailPath>
  <VignettePath>fanart/vignette/75397-19.jpg</VignettePath>
</Banner>
<Banner>
  <id>788071</id>
  <BannerPath>fanart/original/75397-16.jpg</BannerPath>
  <BannerType>fanart</BannerType>
  <BannerType2>1920x1080</BannerType2>
  <Colors></Colors>
  <Language>en</Language>
  <Rating>9.0000</Rating>
  <RatingCount>1</RatingCount>
  <SeriesName>false</SeriesName>
  <ThumbnailPath>_cache/fanart/original/75397-16.jpg</ThumbnailPath>
  <VignettePath>fanart/vignette/75397-16.jpg</VignettePath>
</Banner>
<Banner>
  <id>20385</id>
  <BannerPath>fanart/original/75397-3.jpg</BannerPath>
  <BannerType>fanart</BannerType>
  <BannerType2>1920x1080</BannerType2>
  <Colors>|180,143,2|56,70,71|157,121,69|</Colors>
  <Language>en</Language>
  <Rating>8.6667</Rating>
  <RatingCount>9</RatingCount>
  <SeriesName>false</SeriesName>
  <ThumbnailPath>_cache/fanart/original/75397-3.jpg</ThumbnailPath>
  <VignettePath>fanart/vignette/75397-3.jpg</VignettePath>
</Banner>
<Banner>
  <id>825341</id>
  <BannerPath>fanart/original/75397-22.jpg</BannerPath>
  <BannerType>fanart</BannerType>
  <BannerType2>1920x1080</BannerType2>
  <Colors></Colors>
  <Language>en</Language>
  <Rating>8.5000</Rating>
  <RatingCount>2</RatingCount>
  <SeriesName>false</SeriesName>
  <ThumbnailPath>_cache/fanart/original/75397-22.jpg</ThumbnailPath>
  <VignettePath>fanart/vignette/75397-22.jpg</VignettePath>
</Banner>
<Banner>
  <id>99031</id>
  <BannerPath>fanart/original/75397-13.jpg</BannerPath>
  <BannerType>fanart</BannerType>
  <BannerType2>1920x1080</BannerType2>
  <Colors></Colors>
  <Language>en</Language>
  <Rating>8.5000</Rating>
  <RatingCount>2</RatingCount>
  <SeriesName>false</SeriesName>
  <ThumbnailPath>_cache/fanart/original/75397-13.jpg</ThumbnailPath>
  <VignettePath>fanart/vignette/75397-13.jpg</VignettePath>
</Banner>
<Banner>
  <id>124041</id>
  <BannerPath>fanart/original/75397-14.jpg</BannerPath>
  <BannerType>fanart</BannerType>
  <BannerType2>1280x720</BannerType2>
  <Colors></Colors>
  <Language>en</Language>
  <Rating>8.1667</Rating>
  <RatingCount>6</RatingCount>
  <SeriesName>true</SeriesName>
  <ThumbnailPath>_cache/fanart/original/75397-14.jpg</ThumbnailPath>
  <VignettePath>fanart/vignette/75397-14.jpg</VignettePath>
</Banner>
<Banner>
  <id>876298</id>
  <BannerPath>fanart/original/75397-27.jpg</BannerPath>
  <BannerType>fanart</BannerType>
  <BannerType2>1280x720</BannerType2>
  <Colors>|241,233,222|33,13,2|240,216,178|</Colors>
  <Language>en</Language>
  <Rating>7.5000</Rating>
  <RatingCount>2</RatingCount>
  <SeriesName>false</SeriesName>
  <ThumbnailPath>_cache/fanart/original/75397-27.jpg</ThumbnailPath>
  <VignettePath>fanart/vignette/75397-27.jpg</VignettePath>
</Banner>
<Banner>
  <id>20375</id>
  <BannerPath>fanart/original/75397-2.jpg</BannerPath>
  <BannerType>fanart</BannerType>
  <BannerType2>1280x720</BannerType2>
  <Colors>|202,177,74|129,16,12|110,69,13|</Colors>
  <Language>en</Language>
  <Rating>7.2500</Rating>
  <RatingCount>4</RatingCount>
  <SeriesName>false</SeriesName>
  <ThumbnailPath>_cache/fanart/original/75397-2.jpg</ThumbnailPath>
  <VignettePath>fanart/vignette/75397-2.jpg</VignettePath>
</Banner>
<Banner>
  <id>24913</id>
  <BannerPath>fanart/original/75397-6.jpg</BannerPath>
  <BannerType>fanart</BannerType>
  <BannerType2>1920x1080</BannerType2>
  <Colors></Colors>
  <Language>en</Language>
  <Rating>7.0000</Rating>
  <RatingCount>2</RatingCount>
  <SeriesName>false</SeriesName>
  <ThumbnailPath>_cache/fanart/original/75397-6.jpg</ThumbnailPath>
  <VignettePath>fanart/vignette/75397-6.jpg</VignettePath>
</Banner>
<Banner>
  <id>875503</id>
  <BannerPath>fanart/original/75397-4.jpg</BannerPath>
  <BannerType>fanart</BannerType>
  <BannerType2>1920x1080</BannerType2>
  <Colors></Colors>
  <Language>de</Language>
  <Rating>7.0000</Rating>
  <RatingCount>1</RatingCount>
  <SeriesName>false</SeriesName>
  <ThumbnailPath>_cache/fanart/original/75397-4.jpg</ThumbnailPath>
  <VignettePath>fanart/vignette/75397-4.jpg</VignettePath>
</Banner>
<Banner>
  <id>876297</id>
  <BannerPath>fanart/original/75397-26.jpg</BannerPath>
  <BannerType>fanart</BannerType>
  <BannerType2>1920x1080</BannerType2>
  <Colors>|255,255,253|7,7,5|209,162,144|</Colors>
  <Language>en</Language>
  <Rating>6.6667</Rating>
  <RatingCount>3</RatingCount>
  <SeriesName>false</SeriesName>
  <ThumbnailPath>_cache/fanart/original/75397-26.jpg</ThumbnailPath>
  <VignettePath>fanart/vignette/75397-26.jpg</VignettePath>
</Banner>
<Banner>
  <id>99011</id>
  <BannerPath>fanart/original/75397-11.jpg</BannerPath>
  <BannerType>fanart</BannerType>
  <BannerType2>1920x1080</BannerType2>
  <Colors></Colors>
  <Language>en</Language>
  <Rating>6.5000</Rating>
  <RatingCount>2</RatingCount>
  <SeriesName>false</SeriesName>
  <ThumbnailPath>_cache/fanart/original/75397-11.jpg</ThumbnailPath>
  <VignettePath>fanart/vignette/75397-11.jpg</VignettePath>
</Banner>
<Banner>
  <id>124051</id>
  <BannerPath>fanart/original/75397-15.jpg</BannerPath>
  <BannerType>fanart</BannerType>
  <BannerType2>1280x720</BannerType2>
  <Colors></Colors>
  <Language>en</Language>
  <Rating>6.3333</Rating>
  <RatingCount>3</RatingCount>
  <SeriesName>false</SeriesName>
  <ThumbnailPath>_cache/fanart/original/75397-15.jpg</ThumbnailPath>
  <VignettePath>fanart/vignette/75397-15.jpg</VignettePath>
</Banner>
<Banner>
  <id>22567</id>
  <BannerPath>fanart/original/75397-5.jpg</BannerPath>
  <BannerType>fanart</BannerType>
  <BannerType2>1280x720</BannerType2>
  <Colors>|247,164,130|26,17,12|219,202,176|</Colors>
  <Language>en</Language>
  <Rating>6.3333</Rating>
  <RatingCount>6</RatingCount>
  <SeriesName>false</SeriesName>
  <ThumbnailPath>_cache/fanart/original/75397-5.jpg</ThumbnailPath>
  <VignettePath>fanart/vignette/75397-5.jpg</VignettePath>
</Banner>
<Banner>
  <id>86351</id>
  <BannerPath>fanart/original/75397-9.jpg</BannerPath>
  <BannerType>fanart</BannerType>
  <BannerType2>1280x720</BannerType2>
  <Colors></Colors>
  <Language>en</Language>
  <Rating>6.0000</Rating>
  <RatingCount>6</RatingCount>
  <SeriesName>false</SeriesName>
  <ThumbnailPath>_cache/fanart/original/75397-9.jpg</ThumbnailPath>
  <VignettePath>fanart/vignette/75397-9.jpg</VignettePath>
</Banner>
<Banner>
  <id>99021</id>
  <BannerPath>fanart/original/75397-12.jpg</BannerPath>
  <BannerType>fanart</BannerType>
  <BannerType2>1920x1080</BannerType2>
  <Colors></Colors>
  <Language>en</Language>
  <Rating>6.0000</Rating>
  <RatingCount>1</RatingCount>
  <SeriesName>false</SeriesName>
  <ThumbnailPath>_cache/fanart/original/75397-12.jpg</ThumbnailPath>
  <VignettePath>fanart/vignette/75397-12.jpg</VignettePath>
</Banner>
<Banner>
  <id>876419</id>
  <BannerPath>fanart/original/75397-1.jpg</BannerPath>
  <BannerType>fanart</BannerType>
  <BannerType2>1920x1080</BannerType2>
  <Colors>|255,234,211|80,49,5|131,130,82|</Colors>
  <Language>en</Language>
  <Rating>6.0000</Rating>
  <RatingCount>2</RatingCount>
  <SeriesName>false</SeriesName>
  <ThumbnailPath>_cache/fanart/original/75397-1.jpg</ThumbnailPath>
  <VignettePath>fanart/vignette/75397-1.jpg</VignettePath>
</Banner>
<Banner>
  <id>88341</id>
  <BannerPath>fanart/original/75397-10.jpg</BannerPath>
  <BannerType>fanart</BannerType>
  <BannerType2>1280x720</BannerType2>
  <Colors></Colors>
  <Language>en</Language>
  <Rating>5.2500</Rating>
  <RatingCount>4</RatingCount>
  <SeriesName>false</SeriesName>
  <ThumbnailPath>_cache/fanart/original/75397-10.jpg</ThumbnailPath>
  <VignettePath>fanart/vignette/75397-10.jpg</VignettePath>
</Banner>
<Banner>
  <id>876296</id>
  <BannerPath>fanart/original/75397-25.jpg</BannerPath>
  <BannerType>fanart</BannerType>
  <BannerType2>1920x1080</BannerType2>
  <Colors>|164,183,200|32,31,29|198,22,45|</Colors>
  <Language>en</Language>
  <Rating>5.0000</Rating>
  <RatingCount>2</RatingCount>
  <SeriesName>false</SeriesName>
  <ThumbnailPath>_cache/fanart/original/75397-25.jpg</ThumbnailPath>
  <VignettePath>fanart/vignette/75397-25.jpg</VignettePath>
</Banner>
<Banner>
  <id>25063</id>
  <BannerPath>fanart/original/75397-7.jpg</BannerPath>
  <BannerType>fanart</BannerType>
  <BannerType2>1920x1080</BannerType2>
  <Colors>|229,228,233|89,89,89|179,188,221|</Colors>
  <Language>en</Language>
  <Rating>4.7500</Rating>
  <RatingCount>4</RatingCount>
  <SeriesName>false</SeriesName>
  <ThumbnailPath>_cache/fanart/original/75397-7.jpg</ThumbnailPath>
  <VignettePath>fanart/vignette/75397-7.jpg</VignettePath>
</Banner>
<Banner>
  <id>30880</id>
  <BannerPath>posters/75397-2.jpg</BannerPath>
  <BannerType>poster</BannerType>
  <BannerType2>680x1000</BannerType2>
  <Language>en</Language>
  <Rating>7.5000</Rating>
  <RatingCount>8</RatingCount>
</Banner>
<Banner>
  <id>26345</id>
  <BannerPath>posters/75397-1.jpg</BannerPath>
  <BannerType>poster</BannerType>
  <BannerType2>680x1000</BannerType2>
  <Language>en</Language>
  <Rating>6.4000</Rating>
  <RatingCount>5</RatingCount>
</Banner>
<Banner>
  <id>876288</id>
  <BannerPath>posters/75397-4.jpg</BannerPath>
  <BannerType>poster</BannerType>
  <BannerType2>680x1000</BannerType2>
  <Language>en</Language>
  <Rating>6.2500</Rating>
  <RatingCount>4</RatingCount>
</Banner>
<Banner>
  <id>527381</id>
  <BannerPath>posters/75397-3.jpg</BannerPath>
  <BannerType>poster</BannerType>
  <BannerType2>680x1000</BannerType2>
  <Language>en</Language>
  <Rating>2.0000</Rating>
  <RatingCount>2</RatingCount>
</Banner>
<Banner>
  <id>331211</id>
  <BannerPath>seasons/75397-4-2.jpg</BannerPath>
  <BannerType>season</BannerType>
  <BannerType2>season</BannerType2>
  <Language>en</Language>
  <Rating>10.0000</Rating>
  <RatingCount>1</RatingCount>
  <Season>4</Season>
</Banner>
<Banner>
  <id>18878</id>
  <BannerPath>seasons/75397-2.jpg</BannerPath>
  <BannerType>season</BannerType>
  <BannerType2>season</BannerType2>
  <Language>en</Language>
  <Rating>9.3333</Rating>
  <RatingCount>3</RatingCount>
  <Season>2</Season>
</Banner>
<Banner>
  <id>27652</id>
  <BannerPath>seasons/75397-3-2.jpg</BannerPath>
  <BannerType>season</BannerType>
  <BannerType2>season</BannerType2>
  <Language>en</Language>
  <Rating>7.0000</Rating>
  <RatingCount>3</RatingCount>
  <Season>3</Season>
</Banner>
<Banner>
  <id>12305</id>
  <BannerPath>seasons/75397-1.jpg</BannerPath>
  <BannerType>season</BannerType>
  <BannerType2>season</BannerType2>
  <Language>en</Language>
  <Rating>6.4000</Rating>
  <RatingCount>5</RatingCount>
  <Season>1</Season>
</Banner>
<Banner>
  <id>10302</id>
  <BannerPath>seasons/75397-3.jpg</BannerPath>
  <BannerType>season</BannerType>
  <BannerType2>season</BannerType2>
  <Language>en</Language>
  <Rating>6.2000</Rating>
  <RatingCount>5</RatingCount>
  <Season>3</Season>
</Banner>
<Banner>
  <id>6544</id>
  <BannerPath>seasons/31988-1.jpg</BannerPath>
  <BannerType>season</BannerType>
  <BannerType2>season</BannerType2>
  <Language>en</Language>
  <Rating>6.0000</Rating>
  <RatingCount>3</RatingCount>
  <Season>1</Season>
</Banner>
<Banner>
  <id>31636</id>
  <BannerPath>seasons/75397-4.jpg</BannerPath>
  <BannerType>season</BannerType>
  <BannerType2>season</BannerType2>
  <Language>en</Language>
  <Rating>5.3333</Rating>
  <RatingCount>3</RatingCount>
  <Season>4</Season>
</Banner>
<Banner>
  <id>12306</id>
  <BannerPath>seasons/75397-1-2.jpg</BannerPath>
  <BannerType>season</BannerType>
  <BannerType2>season</BannerType2>
  <Language>en</Language>
  <Rating>3.5000</Rating>
  <RatingCount>2</RatingCount>
  <Season>1</Season>
</Banner>
<Banner>
  <id>8935</id>
  <BannerPath>seasons/31988-2.jpg</BannerPath>
  <BannerType>season</BannerType>
  <BannerType2>season</BannerType2>
  <Language>en</Language>
  <Rating>3.3333</Rating>
  <RatingCount>3</RatingCount>
  <Season>2</Season>
</Banner>
<Banner>
  <id>727921</id>
  <BannerPath>seasons/75397-0-2.jpg</BannerPath>
  <BannerType>season</BannerType>
  <BannerType2>season</BannerType2>
  <Language>en</Language>
  <Rating></Rating>
  <RatingCount>0</RatingCount>
  <Season>0</Season>
</Banner>
<Banner>
  <id>327481</id>
  <BannerPath>seasons/75397-3-3.jpg</BannerPath>
  <BannerType>season</BannerType>
  <BannerType2>season</BannerType2>
  <Language>es</Language>
  <Rating></Rating>
  <RatingCount>0</RatingCount>
  <Season>3</Season>
</Banner>
<Banner>
  <id>392871</id>
  <BannerPath>seasons/75397-0.jpg</BannerPath>
  <BannerType>season</BannerType>
  <BannerType2>season</BannerType2>
  <Language>en</Language>
  <Rating></Rating>
  <RatingCount>0</RatingCount>
  <Season>0</Season>
</Banner>
<Banner>
  <id>12546</id>
  <BannerPath>seasonswide/75397-2.jpg</BannerPath>
  <BannerType>season</BannerType>
  <BannerType2>seasonwide</BannerType2>
  <Language>en</Language>
  <Rating></Rating>
  <RatingCount>0</RatingCount>
  <Season>2</Season>
</Banner>
<Banner>
  <id>12545</id>
  <BannerPath>seasonswide/75397-1.jpg</BannerPath>
  <BannerType>season</BannerType>
  <BannerType2>seasonwide</BannerType2>
  <Language>en</Language>
  <Rating></Rating>
  <RatingCount>0</RatingCount>
  <Season>1</Season>
</Banner>
<Banner>
  <id>6559</id>
  <BannerPath>graphical/31988-g2.jpg</BannerPath>
  <BannerType>series</BannerType>
  <BannerType2>graphical</BannerType2>
  <Language>en</Language>
  <Rating>8.2500</Rating>
  <RatingCount>12</RatingCount>
</Banner>
<Banner>
  <id>31700</id>
  <BannerPath>graphical/75397-g4.jpg</BannerPath>
  <BannerType>series</BannerType>
  <BannerType2>graphical</BannerType2>
  <Language>en</Language>
  <Rating>7.7500</Rating>
  <RatingCount>4</RatingCount>
</Banner>
<Banner>
  <id>13901</id>
  <BannerPath>graphical/75397-g.jpg</BannerPath>
  <BannerType>series</BannerType>
  <BannerType2>graphical</BannerType2>
  <Language>en</Language>
  <Rating>5.8000</Rating>
  <RatingCount>5</RatingCount>
</Banner>
<Banner>
  <id>20066</id>
  <BannerPath>graphical/75397-g2.jpg</BannerPath>
  <BannerType>series</BannerType>
  <BannerType2>graphical</BannerType2>
  <Language>en</Language>
  <Rating>5.3333</Rating>
  <RatingCount>3</RatingCount>
</Banner>
<Banner>
  <id>40162</id>
  <BannerPath>graphical/75397-g5.jpg</BannerPath>
  <BannerType>series</BannerType>
  <BannerType2>graphical</BannerType2>
  <Language>en</Language>
  <Rating>5.0000</Rating>
  <RatingCount>3</RatingCount>
</Banner>
<Banner>
  <id>5364</id>
  <BannerPath>graphical/31988-g.jpg</BannerPath>
  <BannerType>series</BannerType>
  <BannerType2>graphical</BannerType2>
  <Language>en</Language>
  <Rating>3.5000</Rating>
  <RatingCount>4</RatingCount>
</Banner>
<Banner>
  <id>12833</id>
  <BannerPath>blank/75397.jpg</BannerPath>
  <BannerType>series</BannerType>
  <BannerType2>blank</BannerType2>
  <Language>en</Language>
  <Rating>3.0000</Rating>
  <RatingCount>4</RatingCount>
</Banner>
</Banners>