<?xml version="1.0" encoding="UTF-8" ?>
<Actors>
<Actor>
  <id>77136</id>
  <Image>actors/77136.jpg</Image>
  <Name>Christian Slater</Name>
  <Role>Henry Spivey / Edward Albright</Role>
  <SortOrder>0</SortOrder>
</Actor>
<Actor>
  <id>79190</id>
  <Image>actors/79190.jpg</Image>
  <Name>Mädchen Amick</Name>
  <Role>Angie Spivey</Role>
  <SortOrder>1</SortOrder>
</Actor>
<Actor>
  <id>79194</id>
  <Image>actors/79194.jpg</Image>
  <Name>Alfre Woodard</Name>
  <Role>Mavis Heller</Role>
  <SortOrder>3</SortOrder>
</Actor>
<Actor>
  <id>79193</id>
  <Image>actors/79193.jpg</Image>
  <Name>Mike O'Malley</Name>
  <Role>Tom Grady/Raymond Carter</Role>
  <SortOrder>3</SortOrder>
</Actor>
<Actor>
  <id>79192</id>
  <Image>actors/79192.jpg</Image>
  <Name>Bella Thorne</Name>
  <Role>Ruthy Spivey</Role>
  <SortOrder>3</SortOrder>
</Actor>
<Actor>
  <id>79191</id>
  <Image>actors/79191.jpg</Image>
  <Name>Taylor Lautner</Name>
  <Role>Jack Spivey</Role>
  <SortOrder>3</SortOrder>
</Actor>
<Actor>
  <id>77137</id>
  <Image>actors/77137.jpg</Image>
  <Name>Saffron Burrows</Name>
  <Role>Dr. Norah Skinner</Role>
  <SortOrder>3</SortOrder>
</Actor>
</Actors>