<?xml version="1.0" encoding="UTF-8" ?>
<Data><Series>
  <id>82122</id>
  <Actors>|Christian Slater|Mädchen Amick|Alfre Woodard|Mike O'Malley|Bella Thorne|Taylor Lautner|Saffron Burrows|</Actors>
  <Airs_DayOfWeek>Monday</Airs_DayOfWeek>
  <Airs_Time>10:00 PM</Airs_Time>
  <ContentRating>TV-14</ContentRating>
  <FirstAired>2008-10-13</FirstAired>
  <Genre>|Drama|</Genre>
  <IMDB_ID>tt1217239</IMDB_ID>
  <Language>en</Language>
  <Network>NBC</Network>
  <NetworkID></NetworkID>
  <Overview>Henry Spivey  is an average thirtysomething, middle class man, living in the suburbs with his wife and two kids. Edward Albright, a trained-to-kill operative fluent in 19 languages, is the polar opposite of Henry; however, they have one thing in common -- the same body. When the wall between Henry and Edward begins to break down, each man is placed in a very unfamiliar environment forcing them each to wonder who they can trust when they can't even trust themselves. </Overview>
  <Rating>7.4</Rating>
  <RatingCount>14</RatingCount>
  <Runtime>60</Runtime>
  <SeriesID>75339</SeriesID>
  <SeriesName>My Own Worst Enemy</SeriesName>
  <Status>Ended</Status>
  <added></added>
  <addedBy></addedBy>
  <banner>graphical/82122-g5.jpg</banner>
  <fanart>fanart/original/82122-4.jpg</fanart>
  <lastupdated>1358490638</lastupdated>
  <poster>posters/82122-1.jpg</poster>
  <zap2it_id>SH01046945</zap2it_id>
</Series>
<Episode>
  <id>394750</id>
  <Combined_episodenumber>1.0</Combined_episodenumber>
  <Combined_season>1</Combined_season>
  <DVD_chapter></DVD_chapter>
  <DVD_discid></DVD_discid>
  <DVD_episodenumber>1.0</DVD_episodenumber>
  <DVD_season>1</DVD_season>
  <Director>David Semel</Director>
  <EpImgFlag>2</EpImgFlag>
  <EpisodeName>Breakdown</EpisodeName>
  <EpisodeNumber>1</EpisodeNumber>
  <FirstAired>2008-10-13</FirstAired>
  <GuestStars>Omid Abtahi|Mark Ivanir|Delaina Mitchell|Erica Ferlito|Dimitri Diatchenko|Michael Enright|Konstantin Lavysh|Marc Patrick Shaffer|Roy Hausmann|Roman Mitchyan</GuestStars>
  <IMDB_ID>tt1236297</IMDB_ID>
  <Language>en</Language>
  <Overview>Meet Henry, an average man with a wife, two kids and a dog. Meet Edward, an operative who speaks several different languages and is trained to kill. What do they have in common? They are the same person. When Henry finds out about Edward he is unsure of who and what he can believe in.</Overview>
  <ProductionCode></ProductionCode>
  <Rating>8.0</Rating>
  <RatingCount>4</RatingCount>
  <SeasonNumber>1</SeasonNumber>
  <Writer>Jason Smilovic</Writer>
  <absolute_number></absolute_number>
  <filename>episodes/82122/394750.jpg</filename>
  <lastupdated>1350677353</lastupdated>
  <seasonid>35887</seasonid>
  <seriesid>82122</seriesid>
</Episode>
<Episode>
  <id>394751</id>
  <Combined_episodenumber>2.0</Combined_episodenumber>
  <Combined_season>1</Combined_season>
  <DVD_chapter></DVD_chapter>
  <DVD_discid></DVD_discid>
  <DVD_episodenumber>2.0</DVD_episodenumber>
  <DVD_season>1</DVD_season>
  <Director>Félix Enríquez Alcalá</Director>
  <EpImgFlag>2</EpImgFlag>
  <EpisodeName>The Hummingbird</EpisodeName>
  <EpisodeNumber>2</EpisodeNumber>
  <FirstAired>2008-10-20</FirstAired>
  <GuestStars>Omid Abtahi|Jeanine Giovanni|Ryan Adkisson|James Cromwell</GuestStars>
  <IMDB_ID>tt1236302</IMDB_ID>
  <Language>en</Language>
  <Overview>Edward and Raymond must kidnap a German software engineer with information about a possible terrorist attack. Henry tries to deal with the fact that all his childhood memories were made up.</Overview>
  <ProductionCode></ProductionCode>
  <Rating>7.0</Rating>
  <RatingCount>2</RatingCount>
  <SeasonNumber>1</SeasonNumber>
  <Writer>Jason Smilovic</Writer>
  <absolute_number></absolute_number>
  <filename>episodes/82122/394751.jpg</filename>
  <lastupdated>1350675044</lastupdated>
  <seasonid>35887</seasonid>
  <seriesid>82122</seriesid>
</Episode>
<Episode>
  <id>394752</id>
  <Combined_episodenumber>3.0</Combined_episodenumber>
  <Combined_season>1</Combined_season>
  <DVD_chapter></DVD_chapter>
  <DVD_discid></DVD_discid>
  <DVD_episodenumber>3.0</DVD_episodenumber>
  <DVD_season>1</DVD_season>
  <Director>Bryan Spicer</Director>
  <EpImgFlag>2</EpImgFlag>
  <EpisodeName>Hello, Henry</EpisodeName>
  <EpisodeNumber>3</EpisodeNumber>
  <FirstAired>2008-10-27</FirstAired>
  <GuestStars>Omid Abtahi|Danny Arroyo|Ilia Volok|Louis Giambalvo|Eugenia Yuan|Julio Oscar Mechoso|James Cromwell|Missy Yager|Tim Kelleher|Jimmy Ortega</GuestStars>
  <IMDB_ID>tt1236303</IMDB_ID>
  <Language>en</Language>
  <Overview>Edward must go to Mexico and get schematics to Russia's next generation nuclear bomb; Tom's wife becomes suspicious of his many business trips and hires a private investigator.</Overview>
  <ProductionCode></ProductionCode>
  <Rating>7.5</Rating>
  <RatingCount>2</RatingCount>
  <SeasonNumber>1</SeasonNumber>
  <Writer>Tyler Mitchell</Writer>
  <absolute_number></absolute_number>
  <filename>episodes/82122/394752.jpg</filename>
  <lastupdated>1350675783</lastupdated>
  <seasonid>35887</seasonid>
  <seriesid>82122</seriesid>
</Episode>
<Episode>
  <id>401717</id>
  <Combined_episodenumber>4.0</Combined_episodenumber>
  <Combined_season>1</Combined_season>
  <DVD_chapter></DVD_chapter>
  <DVD_discid></DVD_discid>
  <DVD_episodenumber>4.0</DVD_episodenumber>
  <DVD_season>1</DVD_season>
  <Director>Frederick King Keller</Director>
  <EpImgFlag>2</EpImgFlag>
  <EpisodeName>That Is Not My Son</EpisodeName>
  <EpisodeNumber>4</EpisodeNumber>
  <FirstAired>2008-11-10</FirstAired>
  <GuestStars>Michelle Krusiec|Missy Yager</GuestStars>
  <IMDB_ID>tt1236304</IMDB_ID>
  <Language>en</Language>
  <Overview>Henry wakes up and finds himself in the midst of gunfire; Mary Grady discovers that her suspicions about Tom are true; a relationship between Edward and Dr. Skinner is revealed.</Overview>
  <ProductionCode></ProductionCode>
  <Rating></Rating>
  <RatingCount>0</RatingCount>
  <SeasonNumber>1</SeasonNumber>
  <Writer>Kim Clements</Writer>
  <absolute_number></absolute_number>
  <filename>episodes/82122/401717.jpg</filename>
  <lastupdated>1350675833</lastupdated>
  <seasonid>35887</seasonid>
  <seriesid>82122</seriesid>
</Episode>
<Episode>
  <id>401718</id>
  <Combined_episodenumber>5.0</Combined_episodenumber>
  <Combined_season>1</Combined_season>
  <DVD_chapter></DVD_chapter>
  <DVD_discid></DVD_discid>
  <DVD_episodenumber>5.0</DVD_episodenumber>
  <DVD_season>1</DVD_season>
  <Director>David Semel</Director>
  <EpImgFlag>2</EpImgFlag>
  <EpisodeName>The Night Train To Moscow</EpisodeName>
  <EpisodeNumber>5</EpisodeNumber>
  <FirstAired>2008-11-17</FirstAired>
  <GuestStars></GuestStars>
  <IMDB_ID>tt1236305</IMDB_ID>
  <Language>en</Language>
  <Overview>Henry suspects his wife is a spy. Edward makes a deal which could cost him dear in exchange for information with the KGB Agent Mariam Shefer. Dr. Norah Skinner investigates Angie and in the process realizing how much Edward means to her.</Overview>
  <ProductionCode></ProductionCode>
  <Rating></Rating>
  <RatingCount>0</RatingCount>
  <SeasonNumber>1</SeasonNumber>
  <Writer>Rafe Judkins</Writer>
  <absolute_number></absolute_number>
  <filename>episodes/82122/401718.jpg</filename>
  <lastupdated>1350675893</lastupdated>
  <seasonid>35887</seasonid>
  <seriesid>82122</seriesid>
</Episode>
<Episode>
  <id>406629</id>
  <Combined_episodenumber>6.0</Combined_episodenumber>
  <Combined_season>1</Combined_season>
  <DVD_chapter></DVD_chapter>
  <DVD_discid></DVD_discid>
  <DVD_episodenumber>6.0</DVD_episodenumber>
  <DVD_season>1</DVD_season>
  <Director>Adam Kane</Director>
  <EpImgFlag>2</EpImgFlag>
  <EpisodeName>High Crimes and Turducken</EpisodeName>
  <EpisodeNumber>6</EpisodeNumber>
  <FirstAired>2008-11-24</FirstAired>
  <GuestStars>Stephen McDonald Howard|Missy Yager</GuestStars>
  <IMDB_ID>tt1236306</IMDB_ID>
  <Language>en</Language>
  <Overview>Edward risks national security to find the identity of his parent's killer; Angie prepares for bad news when her father visits for the holidays; Tom and his wife Mary rekindle their strained relationship.</Overview>
  <ProductionCode></ProductionCode>
  <Rating></Rating>
  <RatingCount>0</RatingCount>
  <SeasonNumber>1</SeasonNumber>
  <Writer>Mark Rosner</Writer>
  <absolute_number></absolute_number>
  <filename>episodes/82122/406629.jpg</filename>
  <lastupdated>1350675936</lastupdated>
  <seasonid>35887</seasonid>
  <seriesid>82122</seriesid>
</Episode>
<Episode>
  <id>411897</id>
  <Combined_episodenumber>7.0</Combined_episodenumber>
  <Combined_season>1</Combined_season>
  <DVD_chapter></DVD_chapter>
  <DVD_discid></DVD_discid>
  <DVD_episodenumber>7.0</DVD_episodenumber>
  <DVD_season>1</DVD_season>
  <Director>Michael W. Watkins</Director>
  <EpImgFlag>2</EpImgFlag>
  <EpisodeName>Down Rio Way</EpisodeName>
  <EpisodeNumber>7</EpisodeNumber>
  <FirstAired>2008-12-01</FirstAired>
  <GuestStars>Missy Yager|James Cromwell</GuestStars>
  <IMDB_ID>tt1236307</IMDB_ID>
  <Language>en</Language>
  <Overview>Edward confronts Alistair Trumbull as he continues to investigate his parents' death. In order to clear up a dangerous accident, Raymond must meddle with Tom and Mary's wedding. Henry is not happy when Jack buys himself a used car.</Overview>
  <ProductionCode></ProductionCode>
  <Rating></Rating>
  <RatingCount>0</RatingCount>
  <SeasonNumber>1</SeasonNumber>
  <Writer>Daniel Knauf</Writer>
  <absolute_number></absolute_number>
  <filename>episodes/82122/411897.jpg</filename>
  <lastupdated>1350675971</lastupdated>
  <seasonid>35887</seasonid>
  <seriesid>82122</seriesid>
</Episode>
<Episode>
  <id>412076</id>
  <Combined_episodenumber>8.0</Combined_episodenumber>
  <Combined_season>1</Combined_season>
  <DVD_chapter></DVD_chapter>
  <DVD_discid></DVD_discid>
  <DVD_episodenumber>8.0</DVD_episodenumber>
  <DVD_season>1</DVD_season>
  <Director>Gwyneth Horder-Payton</Director>
  <EpImgFlag>2</EpImgFlag>
  <EpisodeName>Love In All The Wrong Places</EpisodeName>
  <EpisodeNumber>8</EpisodeNumber>
  <FirstAired>2008-12-08</FirstAired>
  <GuestStars></GuestStars>
  <IMDB_ID>tt1236308</IMDB_ID>
  <Language>en</Language>
  <Overview>Mavis and Alistair disagree on how the American hostages in Angola should be rescued, in which Edward and Raymond found. Also, Edward's relationship with Dr. Skinner is questioned.</Overview>
  <ProductionCode></ProductionCode>
  <Rating></Rating>
  <RatingCount>0</RatingCount>
  <SeasonNumber>1</SeasonNumber>
  <Writer>Scott Murphy</Writer>
  <absolute_number></absolute_number>
  <filename>episodes/82122/412076.jpg</filename>
  <lastupdated>1350676004</lastupdated>
  <seasonid>35887</seasonid>
  <seriesid>82122</seriesid>
</Episode>
<Episode>
  <id>413158</id>
  <Combined_episodenumber>9.0</Combined_episodenumber>
  <Combined_season>1</Combined_season>
  <DVD_chapter></DVD_chapter>
  <DVD_discid></DVD_discid>
  <DVD_episodenumber>9.0</DVD_episodenumber>
  <DVD_season>1</DVD_season>
  <Director>David Straiton</Director>
  <EpImgFlag>2</EpImgFlag>
  <EpisodeName>Henry &amp; the Terrible, Horrible No Good Very Bad Day</EpisodeName>
  <EpisodeNumber>9</EpisodeNumber>
  <FirstAired>2008-12-15</FirstAired>
  <GuestStars></GuestStars>
  <IMDB_ID>tt1236309</IMDB_ID>
  <Language>en</Language>
  <Overview>Edward figures a way to change identities on his own, but it may be risky. Tom meets up with a stranger who is aware of his alter ego, and Edward is sent on a secret mission by Mavis and Alistair on his own without the usual backup.</Overview>
  <ProductionCode></ProductionCode>
  <Rating></Rating>
  <RatingCount>0</RatingCount>
  <SeasonNumber>1</SeasonNumber>
  <Writer>Tyler Mitchell</Writer>
  <absolute_number></absolute_number>
  <filename>episodes/82122/413158.jpg</filename>
  <lastupdated>1350677398</lastupdated>
  <seasonid>35887</seasonid>
  <seriesid>82122</seriesid>
</Episode>
</Data>