<?xml version="1.0" encoding="UTF-8" ?>
<Actors>
<Actor>
  <id>121601</id>
  <Image>actors/121601.jpg</Image>
  <Name>Stephen Rannazzisi</Name>
  <Role>Kevin</Role>
  <SortOrder>0</SortOrder>
</Actor>
<Actor>
  <id>113531</id>
  <Image>actors/113531.jpg</Image>
  <Name>Nick Kroll</Name>
  <Role>Ruxin</Role>
  <SortOrder>0</SortOrder>
</Actor>
<Actor>
  <id>113521</id>
  <Image>actors/113521.jpg</Image>
  <Name>Mark Duplass</Name>
  <Role>Pete</Role>
  <SortOrder>0</SortOrder>
</Actor>
<Actor>
  <id>121591</id>
  <Image>actors/121591.jpg</Image>
  <Name>Jon Lajoie</Name>
  <Role>Taco</Role>
  <SortOrder>1</SortOrder>
</Actor>
<Actor>
  <id>113541</id>
  <Image>actors/113541.jpg</Image>
  <Name>Paul Scheer</Name>
  <Role>Andre</Role>
  <SortOrder>1</SortOrder>
</Actor>
<Actor>
  <id>121611</id>
  <Image>actors/121611.jpg</Image>
  <Name>Katie Aselton</Name>
  <Role>Jenny</Role>
  <SortOrder>2</SortOrder>
</Actor>
<Actor>
  <id>308012</id>
  <Image></Image>
  <Name>Jason Mantzoukas</Name>
  <Role>Rafi</Role>
  <SortOrder>2</SortOrder>
</Actor>
<Actor>
  <id>113561</id>
  <Image></Image>
  <Name>Nadine Velazquez</Name>
  <Role>Sofia</Role>
  <SortOrder>2</SortOrder>
</Actor>
<Actor>
  <id>113551</id>
  <Image></Image>
  <Name>Leslie Bibb</Name>
  <Role>Meegan</Role>
  <SortOrder>3</SortOrder>
</Actor>
</Actors>