<?xml version="1.0" encoding="UTF-8" ?>
<Data><Series>
  <id>114701</id>
  <Actors>|Stephen Rannazzisi|Nick Kroll|Mark Duplass|Jon Lajoie|Paul Scheer|Katie Aselton|Jason Mantzoukas|Nadine Velazquez|Leslie Bibb|</Actors>
  <Airs_DayOfWeek>Thursday</Airs_DayOfWeek>
  <Airs_Time>10:30 PM</Airs_Time>
  <ContentRating>TV-MA</ContentRating>
  <FirstAired>2009-10-29</FirstAired>
  <Genre>|Comedy|</Genre>
  <IMDB_ID>tt1480684</IMDB_ID>
  <Language>en</Language>
  <Network>FX</Network>
  <NetworkID></NetworkID>
  <Overview>Set against the backdrop of a Fantasy Football league The League, created by the husband-and-wife team of Jeff Schaffer (Curb Your Enthusiasm, Seinfeld) and Jackie Marcus Schaffer (Disturbia), is a comedy about marriage, male friendship, parenting, suburbia, and growing up... or refusing to grow up.</Overview>
  <Rating>8.5</Rating>
  <RatingCount>37</RatingCount>
  <Runtime>30</Runtime>
  <SeriesID>77568</SeriesID>
  <SeriesName>The League</SeriesName>
  <Status>Continuing</Status>
  <added>2009-09-20 19:28:59</added>
  <addedBy>1576</addedBy>
  <banner>graphical/114701-g3.jpg</banner>
  <fanart>fanart/original/114701-2.jpg</fanart>
  <lastupdated>1365421759</lastupdated>
  <poster>posters/114701-3.jpg</poster>
  <zap2it_id>SH01190320</zap2it_id>
</Series>
<Episode>
  <id>3439351</id>
  <Combined_episodenumber>1</Combined_episodenumber>
  <Combined_season>0</Combined_season>
  <DVD_chapter></DVD_chapter>
  <DVD_discid></DVD_discid>
  <DVD_episodenumber></DVD_episodenumber>
  <DVD_season></DVD_season>
  <Director></Director>
  <EpImgFlag></EpImgFlag>
  <EpisodeName>Season One Deleted Scenes</EpisodeName>
  <EpisodeNumber>1</EpisodeNumber>
  <FirstAired></FirstAired>
  <GuestStars></GuestStars>
  <IMDB_ID></IMDB_ID>
  <Language>en</Language>
  <Overview></Overview>
  <ProductionCode></ProductionCode>
  <Rating></Rating>
  <RatingCount>0</RatingCount>
  <SeasonNumber>0</SeasonNumber>
  <Writer></Writer>
  <absolute_number></absolute_number>
  <airsafter_season></airsafter_season>
  <airsbefore_episode></airsbefore_episode>
  <airsbefore_season></airsbefore_season>
  <filename></filename>
  <lastupdated>1294508931</lastupdated>
  <seasonid>120461</seasonid>
  <seriesid>114701</seriesid>
</Episode>
<Episode>
  <id>3439361</id>
  <Combined_episodenumber>2</Combined_episodenumber>
  <Combined_season>0</Combined_season>
  <DVD_chapter></DVD_chapter>
  <DVD_discid></DVD_discid>
  <DVD_episodenumber></DVD_episodenumber>
  <DVD_season></DVD_season>
  <Director></Director>
  <EpImgFlag></EpImgFlag>
  <EpisodeName>Andre: Dress With Style, Win With Style</EpisodeName>
  <EpisodeNumber>2</EpisodeNumber>
  <FirstAired></FirstAired>
  <GuestStars></GuestStars>
  <IMDB_ID></IMDB_ID>
  <Language>en</Language>
  <Overview></Overview>
  <ProductionCode></ProductionCode>
  <Rating></Rating>
  <RatingCount>0</RatingCount>
  <SeasonNumber>0</SeasonNumber>
  <Writer></Writer>
  <absolute_number></absolute_number>
  <airsafter_season></airsafter_season>
  <airsbefore_episode></airsbefore_episode>
  <airsbefore_season></airsbefore_season>
  <filename></filename>
  <lastupdated>1294508948</lastupdated>
  <seasonid>120461</seasonid>
  <seriesid>114701</seriesid>
</Episode>
<Episode>
  <id>3439371</id>
  <Combined_episodenumber>3</Combined_episodenumber>
  <Combined_season>0</Combined_season>
  <DVD_chapter></DVD_chapter>
  <DVD_discid></DVD_discid>
  <DVD_episodenumber></DVD_episodenumber>
  <DVD_season></DVD_season>
  <Director></Director>
  <EpImgFlag></EpImgFlag>
  <EpisodeName>Legalize Kevin's Pubic Smoke</EpisodeName>
  <EpisodeNumber>3</EpisodeNumber>
  <FirstAired></FirstAired>
  <GuestStars></GuestStars>
  <IMDB_ID></IMDB_ID>
  <Language>en</Language>
  <Overview></Overview>
  <ProductionCode></ProductionCode>
  <Rating></Rating>
  <RatingCount>0</RatingCount>
  <SeasonNumber>0</SeasonNumber>
  <Writer></Writer>
  <absolute_number></absolute_number>
  <airsafter_season></airsafter_season>
  <airsbefore_episode></airsbefore_episode>
  <airsbefore_season></airsbefore_season>
  <filename></filename>
  <lastupdated>1294508983</lastupdated>
  <seasonid>120461</seasonid>
  <seriesid>114701</seriesid>
</Episode>
<Episode>
  <id>3439381</id>
  <Combined_episodenumber>4</Combined_episodenumber>
  <Combined_season>0</Combined_season>
  <DVD_chapter></DVD_chapter>
  <DVD_discid></DVD_discid>
  <DVD_episodenumber></DVD_episodenumber>
  <DVD_season></DVD_season>
  <Director></Director>
  <EpImgFlag></EpImgFlag>
  <EpisodeName>Season One Blooper Reel</EpisodeName>
  <EpisodeNumber>4</EpisodeNumber>
  <FirstAired></FirstAired>
  <GuestStars></GuestStars>
  <IMDB_ID></IMDB_ID>
  <Language>en</Language>
  <Overview></Overview>
  <ProductionCode></ProductionCode>
  <Rating></Rating>
  <RatingCount>0</RatingCount>
  <SeasonNumber>0</SeasonNumber>
  <Writer></Writer>
  <absolute_number></absolute_number>
  <airsafter_season></airsafter_season>
  <airsbefore_episode></airsbefore_episode>
  <airsbefore_season></airsbefore_season>
  <filename></filename>
  <lastupdated>1294508992</lastupdated>
  <seasonid>120461</seasonid>
  <seriesid>114701</seriesid>
</Episode>
<Episode>
  <id>3439391</id>
  <Combined_episodenumber>5</Combined_episodenumber>
  <Combined_season>0</Combined_season>
  <DVD_chapter></DVD_chapter>
  <DVD_discid></DVD_discid>
  <DVD_episodenumber></DVD_episodenumber>
  <DVD_season></DVD_season>
  <Director></Director>
  <EpImgFlag></EpImgFlag>
  <EpisodeName>Alt Nation</EpisodeName>
  <EpisodeNumber>5</EpisodeNumber>
  <FirstAired></FirstAired>
  <GuestStars></GuestStars>
  <IMDB_ID></IMDB_ID>
  <Language>en</Language>
  <Overview></Overview>
  <ProductionCode></ProductionCode>
  <Rating></Rating>
  <RatingCount>0</RatingCount>
  <SeasonNumber>0</SeasonNumber>
  <Writer></Writer>
  <absolute_number></absolute_number>
  <airsafter_season></airsafter_season>
  <airsbefore_episode></airsbefore_episode>
  <airsbefore_season></airsbefore_season>
  <filename></filename>
  <lastupdated>1294508998</lastupdated>
  <seasonid>120461</seasonid>
  <seriesid>114701</seriesid>
</Episode>
<Episode>
  <id>3439401</id>
  <Combined_episodenumber>6</Combined_episodenumber>
  <Combined_season>0</Combined_season>
  <DVD_chapter></DVD_chapter>
  <DVD_discid></DVD_discid>
  <DVD_episodenumber></DVD_episodenumber>
  <DVD_season></DVD_season>
  <Director></Director>
  <EpImgFlag></EpImgFlag>
  <EpisodeName>Mr. McGibblet's Fun House &amp; Dojo</EpisodeName>
  <EpisodeNumber>6</EpisodeNumber>
  <FirstAired></FirstAired>
  <GuestStars></GuestStars>
  <IMDB_ID></IMDB_ID>
  <Language>en</Language>
  <Overview></Overview>
  <ProductionCode></ProductionCode>
  <Rating></Rating>
  <RatingCount>0</RatingCount>
  <SeasonNumber>0</SeasonNumber>
  <Writer></Writer>
  <absolute_number></absolute_number>
  <airsafter_season></airsafter_season>
  <airsbefore_episode></airsbefore_episode>
  <airsbefore_season></airsbefore_season>
  <filename></filename>
  <lastupdated>1294509005</lastupdated>
  <seasonid>120461</seasonid>
  <seriesid>114701</seriesid>
</Episode>
<Episode>
  <id>3439411</id>
  <Combined_episodenumber>7</Combined_episodenumber>
  <Combined_season>0</Combined_season>
  <DVD_chapter></DVD_chapter>
  <DVD_discid></DVD_discid>
  <DVD_episodenumber></DVD_episodenumber>
  <DVD_season></DVD_season>
  <Director></Director>
  <EpImgFlag></EpImgFlag>
  <EpisodeName>Birthday Song</EpisodeName>
  <EpisodeNumber>7</EpisodeNumber>
  <FirstAired></FirstAired>
  <GuestStars></GuestStars>
  <IMDB_ID></IMDB_ID>
  <Language>en</Language>
  <Overview></Overview>
  <ProductionCode></ProductionCode>
  <Rating></Rating>
  <RatingCount>0</RatingCount>
  <SeasonNumber>0</SeasonNumber>
  <Writer></Writer>
  <absolute_number></absolute_number>
  <airsafter_season></airsafter_season>
  <airsbefore_episode></airsbefore_episode>
  <airsbefore_season></airsbefore_season>
  <filename></filename>
  <lastupdated>1294509010</lastupdated>
  <seasonid>120461</seasonid>
  <seriesid>114701</seriesid>
</Episode>
<Episode>
  <id>3439421</id>
  <Combined_episodenumber>8</Combined_episodenumber>
  <Combined_season>0</Combined_season>
  <DVD_chapter></DVD_chapter>
  <DVD_discid></DVD_discid>
  <DVD_episodenumber></DVD_episodenumber>
  <DVD_season></DVD_season>
  <Director></Director>
  <EpImgFlag></EpImgFlag>
  <EpisodeName>Three Penis Wine</EpisodeName>
  <EpisodeNumber>8</EpisodeNumber>
  <FirstAired></FirstAired>
  <GuestStars></GuestStars>
  <IMDB_ID></IMDB_ID>
  <Language>en</Language>
  <Overview></Overview>
  <ProductionCode></ProductionCode>
  <Rating></Rating>
  <RatingCount>0</RatingCount>
  <SeasonNumber>0</SeasonNumber>
  <Writer></Writer>
  <absolute_number></absolute_number>
  <airsafter_season></airsafter_season>
  <airsbefore_episode></airsbefore_episode>
  <airsbefore_season></airsbefore_season>
  <filename></filename>
  <lastupdated>1294509014</lastupdated>
  <seasonid>120461</seasonid>
  <seriesid>114701</seriesid>
</Episode>
<Episode>
  <id>3439431</id>
  <Combined_episodenumber>9</Combined_episodenumber>
  <Combined_season>0</Combined_season>
  <DVD_chapter></DVD_chapter>
  <DVD_discid></DVD_discid>
  <DVD_episodenumber></DVD_episodenumber>
  <DVD_season></DVD_season>
  <Director></Director>
  <EpImgFlag></EpImgFlag>
  <EpisodeName>Vaginal Hubris Extended</EpisodeName>
  <EpisodeNumber>9</EpisodeNumber>
  <FirstAired></FirstAired>
  <GuestStars></GuestStars>
  <IMDB_ID></IMDB_ID>
  <Language>en</Language>
  <Overview></Overview>
  <ProductionCode></ProductionCode>
  <Rating></Rating>
  <RatingCount>0</RatingCount>
  <SeasonNumber>0</SeasonNumber>
  <Writer></Writer>
  <absolute_number></absolute_number>
  <airsafter_season></airsafter_season>
  <airsbefore_episode></airsbefore_episode>
  <airsbefore_season></airsbefore_season>
  <filename></filename>
  <lastupdated>1294509019</lastupdated>
  <seasonid>120461</seasonid>
  <seriesid>114701</seriesid>
</Episode>
<Episode>
  <id>4418758</id>
  <Combined_episodenumber>10</Combined_episodenumber>
  <Combined_season>0</Combined_season>
  <DVD_chapter></DVD_chapter>
  <DVD_discid></DVD_discid>
  <DVD_episodenumber></DVD_episodenumber>
  <DVD_season></DVD_season>
  <Director></Director>
  <EpImgFlag></EpImgFlag>
  <EpisodeName>Carmenjello Extended Episode</EpisodeName>
  <EpisodeNumber>10</EpisodeNumber>
  <FirstAired></FirstAired>
  <GuestStars></GuestStars>
  <IMDB_ID></IMDB_ID>
  <Language>en</Language>
  <Overview></Overview>
  <ProductionCode></ProductionCode>
  <Rating></Rating>
  <RatingCount>0</RatingCount>
  <SeasonNumber>0</SeasonNumber>
  <Writer></Writer>
  <absolute_number></absolute_number>
  <airsafter_season></airsafter_season>
  <airsbefore_episode></airsbefore_episode>
  <airsbefore_season></airsbefore_season>
  <filename></filename>
  <lastupdated>1350351824</lastupdated>
  <seasonid>120461</seasonid>
  <seriesid>114701</seriesid>
</Episode>
<Episode>
  <id>4418759</id>
  <Combined_episodenumber>11</Combined_episodenumber>
  <Combined_season>0</Combined_season>
  <DVD_chapter></DVD_chapter>
  <DVD_discid></DVD_discid>
  <DVD_episodenumber></DVD_episodenumber>
  <DVD_season></DVD_season>
  <Director></Director>
  <EpImgFlag></EpImgFlag>
  <EpisodeName>Thanksgiving Extended Episode</EpisodeName>
  <EpisodeNumber>11</EpisodeNumber>
  <FirstAired></FirstAired>
  <GuestStars></GuestStars>
  <IMDB_ID></IMDB_ID>
  <Language>en</Language>
  <Overview></Overview>
  <ProductionCode></ProductionCode>
  <Rating></Rating>
  <RatingCount>0</RatingCount>
  <SeasonNumber>0</SeasonNumber>
  <Writer></Writer>
  <absolute_number></absolute_number>
  <airsafter_season></airsafter_season>
  <airsbefore_episode></airsbefore_episode>
  <airsbefore_season></airsbefore_season>
  <filename></filename>
  <lastupdated>1350351836</lastupdated>
  <seasonid>120461</seasonid>
  <seriesid>114701</seriesid>
</Episode>
<Episode>
  <id>4418760</id>
  <Combined_episodenumber>12</Combined_episodenumber>
  <Combined_season>0</Combined_season>
  <DVD_chapter></DVD_chapter>
  <DVD_discid></DVD_discid>
  <DVD_episodenumber></DVD_episodenumber>
  <DVD_season></DVD_season>
  <Director></Director>
  <EpImgFlag></EpImgFlag>
  <EpisodeName>The Out of Towner Extended Episode</EpisodeName>
  <EpisodeNumber>12</EpisodeNumber>
  <FirstAired></FirstAired>
  <GuestStars></GuestStars>
  <IMDB_ID></IMDB_ID>
  <Language>en</Language>
  <Overview></Overview>
  <ProductionCode></ProductionCode>
  <Rating></Rating>
  <RatingCount>0</RatingCount>
  <SeasonNumber>0</SeasonNumber>
  <Writer></Writer>
  <absolute_number></absolute_number>
  <airsafter_season></airsafter_season>
  <airsbefore_episode></airsbefore_episode>
  <airsbefore_season></airsbefore_season>
  <filename></filename>
  <lastupdated>1350351914</lastupdated>
  <seasonid>120461</seasonid>
  <seriesid>114701</seriesid>
</Episode>
<Episode>
  <id>4418761</id>
  <Combined_episodenumber>13</Combined_episodenumber>
  <Combined_season>0</Combined_season>
  <DVD_chapter></DVD_chapter>
  <DVD_discid></DVD_discid>
  <DVD_episodenumber></DVD_episodenumber>
  <DVD_season></DVD_season>
  <Director></Director>
  <EpImgFlag></EpImgFlag>
  <EpisodeName>St. Pete Extended Episode</EpisodeName>
  <EpisodeNumber>13</EpisodeNumber>
  <FirstAired></FirstAired>
  <GuestStars></GuestStars>
  <IMDB_ID></IMDB_ID>
  <Language>en</Language>
  <Overview></Overview>
  <ProductionCode></ProductionCode>
  <Rating></Rating>
  <RatingCount>0</RatingCount>
  <SeasonNumber>0</SeasonNumber>
  <Writer></Writer>
  <absolute_number></absolute_number>
  <airsafter_season></airsafter_season>
  <airsbefore_episode></airsbefore_episode>
  <airsbefore_season></airsbefore_season>
  <filename></filename>
  <lastupdated>1350351925</lastupdated>
  <seasonid>120461</seasonid>
  <seriesid>114701</seriesid>
</Episode>
<Episode>
  <id>4418762</id>
  <Combined_episodenumber>14</Combined_episodenumber>
  <Combined_season>0</Combined_season>
  <DVD_chapter></DVD_chapter>
  <DVD_discid></DVD_discid>
  <DVD_episodenumber></DVD_episodenumber>
  <DVD_season></DVD_season>
  <Director></Director>
  <EpImgFlag></EpImgFlag>
  <EpisodeName>The Funeral Extended Episode</EpisodeName>
  <EpisodeNumber>14</EpisodeNumber>
  <FirstAired></FirstAired>
  <GuestStars></GuestStars>
  <IMDB_ID></IMDB_ID>
  <Language>en</Language>
  <Overview></Overview>
  <ProductionCode></ProductionCode>
  <Rating></Rating>
  <RatingCount>0</RatingCount>
  <SeasonNumber>0</SeasonNumber>
  <Writer></Writer>
  <absolute_number></absolute_number>
  <airsafter_season></airsafter_season>
  <airsbefore_episode></airsbefore_episode>
  <airsbefore_season></airsbefore_season>
  <filename></filename>
  <lastupdated>1350351949</lastupdated>
  <seasonid>120461</seasonid>
  <seriesid>114701</seriesid>
</Episode>
<Episode>
  <id>1108971</id>
  <Combined_episodenumber>1.0</Combined_episodenumber>
  <Combined_season>1</Combined_season>
  <DVD_chapter></DVD_chapter>
  <DVD_discid></DVD_discid>
  <DVD_episodenumber>1.0</DVD_episodenumber>
  <DVD_season>1</DVD_season>
  <Director>Jeff Schaffer</Director>
  <EpImgFlag>2</EpImgFlag>
  <EpisodeName>The Draft</EpisodeName>
  <EpisodeNumber>1</EpisodeNumber>
  <FirstAired>2009-10-29</FirstAired>
  <GuestStars>|Leslie Bibb|Alyssa Casa|Tonita Castro|Natalie Cohen|Noel Gugliemi|Rob Huebel|Paulie Litt|Matt Walsh|Alina Foley|</GuestStars>
  <IMDB_ID></IMDB_ID>
  <Language>en</Language>
  <Overview>A group of friends from Chicago begin their annual fantasy football league by preparing the league draft, but three-time defending champ Pete has a problem: his wife Meegan doesn't want him to play this season.</Overview>
  <ProductionCode></ProductionCode>
  <Rating>7.7</Rating>
  <RatingCount>25</RatingCount>
  <SeasonNumber>1</SeasonNumber>
  <Writer>Jeff Schaffer|Jackie Marcus Schaffer</Writer>
  <absolute_number></absolute_number>
  <filename>episodes/114701/1108971.jpg</filename>
  <lastupdated>1359852975</lastupdated>
  <seasonid>122161</seasonid>
  <seriesid>114701</seriesid>
</Episode>
<Episode>
  <id>1247141</id>
  <Combined_episodenumber>2.0</Combined_episodenumber>
  <Combined_season>1</Combined_season>
  <DVD_chapter></DVD_chapter>
  <DVD_discid></DVD_discid>
  <DVD_episodenumber>2.0</DVD_episodenumber>
  <DVD_season>1</DVD_season>
  <Director>Jeff Schaffer</Director>
  <EpImgFlag>2</EpImgFlag>
  <EpisodeName>The Bounce Test</EpisodeName>
  <EpisodeNumber>2</EpisodeNumber>
  <FirstAired>2009-11-05</FirstAired>
  <GuestStars>|Alina Foley|Meghan Markle|Jason Matthew Smith|Da'Vone McDonald|</GuestStars>
  <IMDB_ID></IMDB_ID>
  <Language>en</Language>
  <Overview>Pete's split with Meegan intrudes upon Ruxin's marriage, as Sofia is neglecting him sexually in order to spend her time helping Meegan deal with the break-up. Meanwhile, Jenny reveals to Sofia the sexual secrets that ensure that Kevin will never leave her.</Overview>
  <ProductionCode></ProductionCode>
  <Rating>8.1</Rating>
  <RatingCount>27</RatingCount>
  <SeasonNumber>1</SeasonNumber>
  <Writer>Jeff Schaffer|Jackie Marcus Schaffer</Writer>
  <absolute_number></absolute_number>
  <filename>episodes/114701/1247141.jpg</filename>
  <lastupdated>1359852995</lastupdated>
  <seasonid>122161</seasonid>
  <seriesid>114701</seriesid>
</Episode>
<Episode>
  <id>1274541</id>
  <Combined_episodenumber>3.0</Combined_episodenumber>
  <Combined_season>1</Combined_season>
  <DVD_chapter></DVD_chapter>
  <DVD_discid></DVD_discid>
  <DVD_episodenumber>3.0</DVD_episodenumber>
  <DVD_season>1</DVD_season>
  <Director>Jeff Schaffer</Director>
  <EpImgFlag>2</EpImgFlag>
  <EpisodeName>Sunday at Ruxin's</EpisodeName>
  <EpisodeNumber>3</EpisodeNumber>
  <FirstAired>2009-11-12</FirstAired>
  <GuestStars>|Heather Elizabeth Parkhurst|Terry Bradshaw|Alina Foley|</GuestStars>
  <IMDB_ID></IMDB_ID>
  <Language>en</Language>
  <Overview>Ruxin invites everyone over on Sunday to watch the games, see the baby, and have lunch. His guests get much more lunch than they expected, as Ruxin and Sofia forbid the gang from watching football during their meal.</Overview>
  <ProductionCode></ProductionCode>
  <Rating>7.7</Rating>
  <RatingCount>20</RatingCount>
  <SeasonNumber>1</SeasonNumber>
  <Writer>Jeff Schaffer|Jackie Marcus Schaffer</Writer>
  <absolute_number></absolute_number>
  <filename>episodes/114701/1274541.jpg</filename>
  <lastupdated>1359853011</lastupdated>
  <seasonid>122161</seasonid>
  <seriesid>114701</seriesid>
</Episode>
<Episode>
  <id>1313201</id>
  <Combined_episodenumber>4.0</Combined_episodenumber>
  <Combined_season>1</Combined_season>
  <DVD_chapter></DVD_chapter>
  <DVD_discid></DVD_discid>
  <DVD_episodenumber>4.0</DVD_episodenumber>
  <DVD_season>1</DVD_season>
  <Director>Jeff Schaffer</Director>
  <EpImgFlag>2</EpImgFlag>
  <EpisodeName>Mr. McGibblets</EpisodeName>
  <EpisodeNumber>4</EpisodeNumber>
  <FirstAired>2009-11-19</FirstAired>
  <GuestStars>|Claire Coffee|Alina Foley|Antonio Gates|Will McLaughlin|</GuestStars>
  <IMDB_ID></IMDB_ID>
  <Language>en</Language>
  <Overview>The guys join Pete on what was supposed to be his 5th-anniversary spa trip. Meanwhile, Kevin enlists Taco to scare his daughter off of her new toy, which Kevin hates.</Overview>
  <ProductionCode></ProductionCode>
  <Rating>8.0</Rating>
  <RatingCount>22</RatingCount>
  <SeasonNumber>1</SeasonNumber>
  <Writer>Jeff Schaffer|Jackie Marcus Schaffer|Craig DiGregorio</Writer>
  <absolute_number></absolute_number>
  <filename>episodes/114701/1313201.jpg</filename>
  <lastupdated>1359853025</lastupdated>
  <seasonid>122161</seasonid>
  <seriesid>114701</seriesid>
</Episode>
<Episode>
  <id>1313471</id>
  <Combined_episodenumber>5.0</Combined_episodenumber>
  <Combined_season>1</Combined_season>
  <DVD_chapter></DVD_chapter>
  <DVD_discid></DVD_discid>
  <DVD_episodenumber>5.0</DVD_episodenumber>
  <DVD_season>1</DVD_season>
  <Director>Jeff Schaffer</Director>
  <EpImgFlag>2</EpImgFlag>
  <EpisodeName>The Usual Bet</EpisodeName>
  <EpisodeNumber>5</EpisodeNumber>
  <FirstAired>2009-12-03</FirstAired>
  <GuestStars>|Bobby Lee|Thomas Lennon|Steve Zissis|Larry Chang|Janina Gavankar|Guy Stevenson|Leonard Robinson|</GuestStars>
  <IMDB_ID></IMDB_ID>
  <Language>en</Language>
  <Overview>Pete and Kevin get stuck at a terrible Christmas party instead of watching the games, while Ruxin and Taco go to Chinatown on a very special mission.</Overview>
  <ProductionCode></ProductionCode>
  <Rating>8.0</Rating>
  <RatingCount>19</RatingCount>
  <SeasonNumber>1</SeasonNumber>
  <Writer>Jeff Schaffer|Jackie Marcus Schaffer</Writer>
  <absolute_number></absolute_number>
  <filename>episodes/114701/1313471.jpg</filename>
  <lastupdated>1359853055</lastupdated>
  <seasonid>122161</seasonid>
  <seriesid>114701</seriesid>
</Episode>
<Episode>
  <id>1391281</id>
  <Combined_episodenumber>6.0</Combined_episodenumber>
  <Combined_season>1</Combined_season>
  <DVD_chapter></DVD_chapter>
  <DVD_discid></DVD_discid>
  <DVD_episodenumber>6.0</DVD_episodenumber>
  <DVD_season>1</DVD_season>
  <Director>Jeff Schaffer</Director>
  <EpImgFlag>2</EpImgFlag>
  <EpisodeName>The Shiva Bowl</EpisodeName>
  <EpisodeNumber>6</EpisodeNumber>
  <FirstAired>2009-12-10</FirstAired>
  <GuestStars>|Janina Gavankar|Eric Winzenried|Amanda Danielle|Dale Stern|</GuestStars>
  <IMDB_ID></IMDB_ID>
  <Language>en</Language>
  <Overview>The guys try to hide the Shiva Trophy from their high school classmate - the actual Shiva. Taco gets a &quot;real person job at a Volkswagen dealership.</Overview>
  <ProductionCode></ProductionCode>
  <Rating>8.5</Rating>
  <RatingCount>21</RatingCount>
  <SeasonNumber>1</SeasonNumber>
  <Writer>Jeff Schaffer|Jackie Marcus Schaffer</Writer>
  <absolute_number></absolute_number>
  <filename>episodes/114701/1391281.jpg</filename>
  <lastupdated>1359853388</lastupdated>
  <seasonid>122161</seasonid>
  <seriesid>114701</seriesid>
</Episode>
<Episode>
  <id>2742671</id>
  <Combined_episodenumber>1</Combined_episodenumber>
  <Combined_season>2</Combined_season>
  <DVD_chapter></DVD_chapter>
  <DVD_discid></DVD_discid>
  <DVD_episodenumber></DVD_episodenumber>
  <DVD_season></DVD_season>
  <Director>Jeff Schaffer</Director>
  <EpImgFlag>2</EpImgFlag>
  <EpisodeName>Vegas Draft</EpisodeName>
  <EpisodeNumber>1</EpisodeNumber>
  <FirstAired>2010-09-16</FirstAired>
  <GuestStars>|Jason Mantzoukas|Janet Montgomery|Cort McCown|Gary Johnson|Lucille Soong|Chad Ochocinco</GuestStars>
  <IMDB_ID>1722361</IMDB_ID>
  <Language>en</Language>
  <Overview>Andre plans an extravagant trip to Vegas for the league's 2010 fantasy draft, but the group credits Pete to mess with Andre. The gang must choose between Jenny and Ruxin's creepy brother-in-law, Raffi, when a spot on the league opens up during the trip.</Overview>
  <ProductionCode>LE02001</ProductionCode>
  <Rating>8.1</Rating>
  <RatingCount>20</RatingCount>
  <SeasonNumber>2</SeasonNumber>
  <Writer>Jeff Schaffer|Jackie Marcus Schaffer</Writer>
  <absolute_number></absolute_number>
  <filename>episodes/114701/2742671.jpg</filename>
  <lastupdated>1324087097</lastupdated>
  <seasonid>307711</seasonid>
  <seriesid>114701</seriesid>
</Episode>
<Episode>
  <id>2832721</id>
  <Combined_episodenumber>2</Combined_episodenumber>
  <Combined_season>2</Combined_season>
  <DVD_chapter></DVD_chapter>
  <DVD_discid></DVD_discid>
  <DVD_episodenumber></DVD_episodenumber>
  <DVD_season></DVD_season>
  <Director>Jeff Schaffer</Director>
  <EpImgFlag>2</EpImgFlag>
  <EpisodeName>Bro-Lo El Cuñado</EpisodeName>
  <EpisodeNumber>2</EpisodeNumber>
  <FirstAired>2010-09-23</FirstAired>
  <GuestStars>|Craig Bierko|Jason Mantzoukas|Brooke Nevin|Molly Schade|</GuestStars>
  <IMDB_ID></IMDB_ID>
  <Language>en</Language>
  <Overview>The married guys atone for Vegas with an adult weekend for Kevin and Jenny and 'Terrific Lady Day' for Ruxin and Sofia. Raffi continues to plague the league with his abrasive personality and creepy mannerisms.</Overview>
  <ProductionCode></ProductionCode>
  <Rating>7.6</Rating>
  <RatingCount>19</RatingCount>
  <SeasonNumber>2</SeasonNumber>
  <Writer>Jeff Schaffer|Jackie Marcus Schaffer</Writer>
  <absolute_number></absolute_number>
  <filename>episodes/114701/2832721.jpg</filename>
  <lastupdated>1326435503</lastupdated>
  <seasonid>307711</seasonid>
  <seriesid>114701</seriesid>
</Episode>
<Episode>
  <id>2832761</id>
  <Combined_episodenumber>3</Combined_episodenumber>
  <Combined_season>2</Combined_season>
  <DVD_chapter></DVD_chapter>
  <DVD_discid></DVD_discid>
  <DVD_episodenumber></DVD_episodenumber>
  <DVD_season></DVD_season>
  <Director>Jeff Schaffer</Director>
  <EpImgFlag>2</EpImgFlag>
  <EpisodeName>The White Knuckler</EpisodeName>
  <EpisodeNumber>3</EpisodeNumber>
  <FirstAired>2010-09-30</FirstAired>
  <GuestStars>|Lake Bell|Josh Cribbs|Brandon Johnson|Will Shadley|</GuestStars>
  <IMDB_ID></IMDB_ID>
  <Language>en</Language>
  <Overview>Andre brings in a new partner to expand his medical practice. Ruxin uses a sick kid to meet NFL star Josh Cribbs and Pete deals with the complications of dating Kevin's ex-girlfriend.</Overview>
  <ProductionCode></ProductionCode>
  <Rating>8.0</Rating>
  <RatingCount>20</RatingCount>
  <SeasonNumber>2</SeasonNumber>
  <Writer>Jeff Schaffer|Jackie Marcus Schaffer</Writer>
  <absolute_number></absolute_number>
  <filename>episodes/114701/2832761.jpg</filename>
  <lastupdated>1324145911</lastupdated>
  <seasonid>307711</seasonid>
  <seriesid>114701</seriesid>
</Episode>
<Episode>
  <id>2940711</id>
  <Combined_episodenumber>4</Combined_episodenumber>
  <Combined_season>2</Combined_season>
  <DVD_chapter></DVD_chapter>
  <DVD_discid></DVD_discid>
  <DVD_episodenumber></DVD_episodenumber>
  <DVD_season></DVD_season>
  <Director>Jeff Schaffer</Director>
  <EpImgFlag>2</EpImgFlag>
  <EpisodeName>The Kluenberg</EpisodeName>
  <EpisodeNumber>4</EpisodeNumber>
  <FirstAired>2010-10-07</FirstAired>
  <GuestStars>Rob Huebel</GuestStars>
  <IMDB_ID></IMDB_ID>
  <Language>en</Language>
  <Overview>Jenny and the guys catch up with their old friend Russell, and the guys all try to get Rafi out of the league by pretending that it's being ended. Meanwhile, Taco finds a toilet seat in a dumpster, and Andre buys an &quot;interesting&quot; expensive painting.</Overview>
  <ProductionCode></ProductionCode>
  <Rating>8.0</Rating>
  <RatingCount>16</RatingCount>
  <SeasonNumber>2</SeasonNumber>
  <Writer>Jeff Schaffer|Jackie Marcus Schaffer</Writer>
  <absolute_number></absolute_number>
  <filename>episodes/114701/2940711.jpg</filename>
  <lastupdated>1324227875</lastupdated>
  <seasonid>307711</seasonid>
  <seriesid>114701</seriesid>
</Episode>
<Episode>
  <id>2971821</id>
  <Combined_episodenumber>5</Combined_episodenumber>
  <Combined_season>2</Combined_season>
  <DVD_chapter></DVD_chapter>
  <DVD_discid></DVD_discid>
  <DVD_episodenumber></DVD_episodenumber>
  <DVD_season></DVD_season>
  <Director>Jackie Marcus Schaffer</Director>
  <EpImgFlag>2</EpImgFlag>
  <EpisodeName>The Marathon</EpisodeName>
  <EpisodeNumber>5</EpisodeNumber>
  <FirstAired>2010-10-14</FirstAired>
  <GuestStars></GuestStars>
  <IMDB_ID></IMDB_ID>
  <Language>en</Language>
  <Overview>Pete spares Andre no grief after announcing plans to run a marathon. Kevin and Jenny seek balance between conflicting roles as both spouses and league adversaries. Ruxin offends a colleague, but Taco's new venture as a notary may be the solution.</Overview>
  <ProductionCode></ProductionCode>
  <Rating>7.9</Rating>
  <RatingCount>17</RatingCount>
  <SeasonNumber>2</SeasonNumber>
  <Writer>Craig DiGregorio</Writer>
  <absolute_number></absolute_number>
  <filename>episodes/114701/2971821.jpg</filename>
  <lastupdated>1324229035</lastupdated>
  <seasonid>307711</seasonid>
  <seriesid>114701</seriesid>
</Episode>
<Episode>
  <id>3011241</id>
  <Combined_episodenumber>6</Combined_episodenumber>
  <Combined_season>2</Combined_season>
  <DVD_chapter></DVD_chapter>
  <DVD_discid></DVD_discid>
  <DVD_episodenumber></DVD_episodenumber>
  <DVD_season></DVD_season>
  <Director>Jeff Schaffer</Director>
  <EpImgFlag>2</EpImgFlag>
  <EpisodeName>The Anniversary Party</EpisodeName>
  <EpisodeNumber>6</EpisodeNumber>
  <FirstAired>2010-10-21</FirstAired>
  <GuestStars>Leslie Bibb</GuestStars>
  <IMDB_ID></IMDB_ID>
  <Language>en</Language>
  <Overview>Ruxin throws Sofia an anniversary party on the same day as Jenny's birthday. Meegan returns with a 'plus one.'</Overview>
  <ProductionCode></ProductionCode>
  <Rating>7.9</Rating>
  <RatingCount>19</RatingCount>
  <SeasonNumber>2</SeasonNumber>
  <Writer>Nick Kroll|Paul Scheer</Writer>
  <absolute_number></absolute_number>
  <filename>episodes/114701/3011241.jpg</filename>
  <lastupdated>1324231189</lastupdated>
  <seasonid>307711</seasonid>
  <seriesid>114701</seriesid>
</Episode>
<Episode>
  <id>3052671</id>
  <Combined_episodenumber>7</Combined_episodenumber>
  <Combined_season>2</Combined_season>
  <DVD_chapter></DVD_chapter>
  <DVD_discid></DVD_discid>
  <DVD_episodenumber></DVD_episodenumber>
  <DVD_season></DVD_season>
  <Director>Jeff Schaffer</Director>
  <EpImgFlag>2</EpImgFlag>
  <EpisodeName>Ghost Monkey</EpisodeName>
  <EpisodeNumber>7</EpisodeNumber>
  <FirstAired>2010-10-28</FirstAired>
  <GuestStars></GuestStars>
  <IMDB_ID></IMDB_ID>
  <Language>en</Language>
  <Overview>Kevin convinces everyone to come to the suburbs for Halloween. Meanwhile, Pete has given Ruxin the privilege of selecting his opponent's team for their upcoming match. Taco feels responsible for events relating to a petting-zoo monkey.</Overview>
  <ProductionCode></ProductionCode>
  <Rating>7.8</Rating>
  <RatingCount>18</RatingCount>
  <SeasonNumber>2</SeasonNumber>
  <Writer>Jeff Schaffer|Jackie Marcus Schaffer</Writer>
  <absolute_number></absolute_number>
  <filename>episodes/114701/3052671.jpg</filename>
  <lastupdated>1324233688</lastupdated>
  <seasonid>307711</seasonid>
  <seriesid>114701</seriesid>
</Episode>
<Episode>
  <id>3052681</id>
  <Combined_episodenumber>8</Combined_episodenumber>
  <Combined_season>2</Combined_season>
  <DVD_chapter></DVD_chapter>
  <DVD_discid></DVD_discid>
  <DVD_episodenumber></DVD_episodenumber>
  <DVD_season></DVD_season>
  <Director>Jackie Marcus Schaffer</Director>
  <EpImgFlag>2</EpImgFlag>
  <EpisodeName>The Tie</EpisodeName>
  <EpisodeNumber>8</EpisodeNumber>
  <FirstAired>2010-11-04</FirstAired>
  <GuestStars>Cody Horstman</GuestStars>
  <IMDB_ID></IMDB_ID>
  <Language>en</Language>
  <Overview>Andre and Ruxin refuse to accept a tie, adding to Kevin's current frustrations as league commissioner. Pete has a connection for great Bears tickets, but the gang warns him about what he may have to provide in return. Taco discovers Western medicine.</Overview>
  <ProductionCode></ProductionCode>
  <Rating>7.8</Rating>
  <RatingCount>16</RatingCount>
  <SeasonNumber>2</SeasonNumber>
  <Writer>Dan O'Keefe</Writer>
  <absolute_number></absolute_number>
  <filename>episodes/114701/3052681.jpg</filename>
  <lastupdated>1324328035</lastupdated>
  <seasonid>307711</seasonid>
  <seriesid>114701</seriesid>
</Episode>
<Episode>
  <id>3095341</id>
  <Combined_episodenumber>9</Combined_episodenumber>
  <Combined_season>2</Combined_season>
  <DVD_chapter></DVD_chapter>
  <DVD_discid></DVD_discid>
  <DVD_episodenumber></DVD_episodenumber>
  <DVD_season></DVD_season>
  <Director>Jeff Schaffer</Director>
  <EpImgFlag>2</EpImgFlag>
  <EpisodeName>Expert Witness</EpisodeName>
  <EpisodeNumber>9</EpisodeNumber>
  <FirstAired>2010-11-11</FirstAired>
  <GuestStars>Alia Shawkat</GuestStars>
  <IMDB_ID></IMDB_ID>
  <Language>en</Language>
  <Overview>Andre prepares for his turn as an expert witness in Ruxin's big case, but thinks Pete is trying to steal his thunder. Ruxin tries to ferret out collusion between Kevin and Jenny. Taco needs a nude portrait to impress the courtroom artist.</Overview>
  <ProductionCode></ProductionCode>
  <Rating>8.2</Rating>
  <RatingCount>17</RatingCount>
  <SeasonNumber>2</SeasonNumber>
  <Writer>Nick Kroll|Paul Scheer</Writer>
  <absolute_number></absolute_number>
  <filename>episodes/114701/3095341.jpg</filename>
  <lastupdated>1324329880</lastupdated>
  <seasonid>307711</seasonid>
  <seriesid>114701</seriesid>
</Episode>
<Episode>
  <id>3162511</id>
  <Combined_episodenumber>10</Combined_episodenumber>
  <Combined_season>2</Combined_season>
  <DVD_chapter></DVD_chapter>
  <DVD_discid></DVD_discid>
  <DVD_episodenumber></DVD_episodenumber>
  <DVD_season></DVD_season>
  <Director>Jeff Schaffer</Director>
  <EpImgFlag>2</EpImgFlag>
  <EpisodeName>High School Reunion</EpisodeName>
  <EpisodeNumber>10</EpisodeNumber>
  <FirstAired>2010-11-18</FirstAired>
  <GuestStars>Martin Starr</GuestStars>
  <IMDB_ID></IMDB_ID>
  <Language>en</Language>
  <Overview>It's high-school reunion time, and Andre is looking forward to basking in his success while Ruxin wants to show off Sofia. Meanwhile, Pete needs a name for the new Last Place Trophy and everyone learns the history of the Shiva blast.</Overview>
  <ProductionCode></ProductionCode>
  <Rating>8.2</Rating>
  <RatingCount>20</RatingCount>
  <SeasonNumber>2</SeasonNumber>
  <Writer>Jeff Schaffer|Jackie Marcus Schaffer</Writer>
  <absolute_number></absolute_number>
  <filename>episodes/114701/3162511.jpg</filename>
  <lastupdated>1324412556</lastupdated>
  <seasonid>307711</seasonid>
  <seriesid>114701</seriesid>
</Episode>
<Episode>
  <id>3162521</id>
  <Combined_episodenumber>11</Combined_episodenumber>
  <Combined_season>2</Combined_season>
  <DVD_chapter></DVD_chapter>
  <DVD_discid></DVD_discid>
  <DVD_episodenumber></DVD_episodenumber>
  <DVD_season></DVD_season>
  <Director>Jeff Schaffer</Director>
  <EpImgFlag>2</EpImgFlag>
  <EpisodeName>Ramona Neopolitano</EpisodeName>
  <EpisodeNumber>11</EpisodeNumber>
  <FirstAired>2010-12-02</FirstAired>
  <GuestStars></GuestStars>
  <IMDB_ID></IMDB_ID>
  <Language>en</Language>
  <Overview>During the last week before the playoffs, Andre's special diet makes him exceptionally emotional about his matchup. Kevin gets in a fight with fantasy football gurus John Hansen and Adam Caplan, and Ruxin begs the guys to cover for him when he lies to Sofia.</Overview>
  <ProductionCode></ProductionCode>
  <Rating>7.7</Rating>
  <RatingCount>19</RatingCount>
  <SeasonNumber>2</SeasonNumber>
  <Writer>Jeff Schaffer|Jackie Marcus Schaffer|Dan O'Keefe</Writer>
  <absolute_number></absolute_number>
  <filename>episodes/114701/3162521.jpg</filename>
  <lastupdated>1324502921</lastupdated>
  <seasonid>307711</seasonid>
  <seriesid>114701</seriesid>
</Episode>
<Episode>
  <id>3162531</id>
  <Combined_episodenumber>12</Combined_episodenumber>
  <Combined_season>2</Combined_season>
  <DVD_chapter></DVD_chapter>
  <DVD_discid></DVD_discid>
  <DVD_episodenumber></DVD_episodenumber>
  <DVD_season></DVD_season>
  <Director>Jeff Schaffer</Director>
  <EpImgFlag>2</EpImgFlag>
  <EpisodeName>Kegel the Elf</EpisodeName>
  <EpisodeNumber>12</EpisodeNumber>
  <FirstAired>2010-12-09</FirstAired>
  <GuestStars></GuestStars>
  <IMDB_ID></IMDB_ID>
  <Language>en</Language>
  <Overview>It's Christmas and more importantly it's the playoffs, so tension runs high. While Ruxin's revenge gift to Kevin goes terribly awry, Ellie suddenly acting up at school causes Jenny to worry that all this attention to fantasy football is making her a bad mom. Meanwhile Taco's eggs turn one year old.</Overview>
  <ProductionCode></ProductionCode>
  <Rating>7.9</Rating>
  <RatingCount>16</RatingCount>
  <SeasonNumber>2</SeasonNumber>
  <Writer>Jeff Schaffer|Jackie Marcus Schaffer</Writer>
  <absolute_number></absolute_number>
  <filename>episodes/114701/3162531.jpg</filename>
  <lastupdated>1324669862</lastupdated>
  <seasonid>307711</seasonid>
  <seriesid>114701</seriesid>
</Episode>
<Episode>
  <id>3268261</id>
  <Combined_episodenumber>13</Combined_episodenumber>
  <Combined_season>2</Combined_season>
  <DVD_chapter></DVD_chapter>
  <DVD_discid></DVD_discid>
  <DVD_episodenumber></DVD_episodenumber>
  <DVD_season></DVD_season>
  <Director>Jeff Schaffer</Director>
  <EpImgFlag>2</EpImgFlag>
  <EpisodeName>The Sacko Bowl</EpisodeName>
  <EpisodeNumber>13</EpisodeNumber>
  <FirstAired>2010-12-09</FirstAired>
  <GuestStars></GuestStars>
  <IMDB_ID></IMDB_ID>
  <Language>en</Language>
  <Overview>At season's end, Jenny and Ruxin are vying for the Shiva while Andre and Taco duel it out for the Sacko. Kevin learns to read lips by watching porn. Pete buys a Crown Vic and is mistaken for a cop.</Overview>
  <ProductionCode></ProductionCode>
  <Rating>8.5</Rating>
  <RatingCount>11</RatingCount>
  <SeasonNumber>2</SeasonNumber>
  <Writer>Jeff Schaffer|Jackie Marcus Schaffer</Writer>
  <absolute_number></absolute_number>
  <filename>episodes/114701/3268261.jpg</filename>
  <lastupdated>1324672220</lastupdated>
  <seasonid>307711</seasonid>
  <seriesid>114701</seriesid>
</Episode>
<Episode>
  <id>4145217</id>
  <Combined_episodenumber>1</Combined_episodenumber>
  <Combined_season>3</Combined_season>
  <DVD_chapter></DVD_chapter>
  <DVD_discid></DVD_discid>
  <DVD_episodenumber></DVD_episodenumber>
  <DVD_season></DVD_season>
  <Director>Jeff Schaffer</Director>
  <EpImgFlag>2</EpImgFlag>
  <EpisodeName>The Lockout</EpisodeName>
  <EpisodeNumber>1</EpisodeNumber>
  <FirstAired>2011-10-06</FirstAired>
  <GuestStars>Seth Rogen</GuestStars>
  <IMDB_ID></IMDB_ID>
  <Language>en</Language>
  <Overview>The terrible reign of Ruxin as League Champion continues while the guys devise a grand plan with Rafi and Dirty Randy for Andre's final Sacko punishment.</Overview>
  <ProductionCode></ProductionCode>
  <Rating>8.1</Rating>
  <RatingCount>17</RatingCount>
  <SeasonNumber>3</SeasonNumber>
  <Writer>Jeff Schaffer|Jackie Marcus Schaffer</Writer>
  <absolute_number></absolute_number>
  <filename>episodes/114701/4145217.jpg</filename>
  <lastupdated>1328012611</lastupdated>
  <seasonid>471034</seasonid>
  <seriesid>114701</seriesid>
</Episode>
<Episode>
  <id>4145218</id>
  <Combined_episodenumber>2</Combined_episodenumber>
  <Combined_season>3</Combined_season>
  <DVD_chapter></DVD_chapter>
  <DVD_discid></DVD_discid>
  <DVD_episodenumber></DVD_episodenumber>
  <DVD_season></DVD_season>
  <Director>Jeff Schaffer</Director>
  <EpImgFlag>2</EpImgFlag>
  <EpisodeName>The Sukkah</EpisodeName>
  <EpisodeNumber>2</EpisodeNumber>
  <FirstAired>2011-10-13</FirstAired>
  <GuestStars></GuestStars>
  <IMDB_ID></IMDB_ID>
  <Language>en</Language>
  <Overview>Everyone is disappointed with their draft, but no one trusts each other enough to trade. Jenny goes back to work as a realtor. Ruxin tries to get Baby Geoffrey into a Jewish pre-school.</Overview>
  <ProductionCode></ProductionCode>
  <Rating>8.1</Rating>
  <RatingCount>18</RatingCount>
  <SeasonNumber>3</SeasonNumber>
  <Writer>Jeff Schaffer|Jackie Marcus Schaffer</Writer>
  <absolute_number></absolute_number>
  <filename>episodes/114701/4145218.jpg</filename>
  <lastupdated>1328013011</lastupdated>
  <seasonid>471034</seasonid>
  <seriesid>114701</seriesid>
</Episode>
<Episode>
  <id>4145219</id>
  <Combined_episodenumber>3</Combined_episodenumber>
  <Combined_season>3</Combined_season>
  <DVD_chapter></DVD_chapter>
  <DVD_discid></DVD_discid>
  <DVD_episodenumber></DVD_episodenumber>
  <DVD_season></DVD_season>
  <Director>Jeff Schaffer</Director>
  <EpImgFlag>2</EpImgFlag>
  <EpisodeName>The Au Pair</EpisodeName>
  <EpisodeNumber>3</EpisodeNumber>
  <FirstAired>2011-10-20</FirstAired>
  <GuestStars>Brie Larson</GuestStars>
  <IMDB_ID></IMDB_ID>
  <Language>en</Language>
  <Overview>Ruxin hires a hot Au Pair for Baby Geoffrey, and is afraid Taco will sleep with her. Andre explores online dating, and Kevin cheats on Jenny with ESPN fantasy football analyst Matthew Berry.</Overview>
  <ProductionCode></ProductionCode>
  <Rating>7.9</Rating>
  <RatingCount>16</RatingCount>
  <SeasonNumber>3</SeasonNumber>
  <Writer>Jeff Schaffer|Jackie Marcus Schaffer</Writer>
  <absolute_number></absolute_number>
  <filename>episodes/114701/4145219.jpg</filename>
  <lastupdated>1328013519</lastupdated>
  <seasonid>471034</seasonid>
  <seriesid>114701</seriesid>
</Episode>
<Episode>
  <id>4193091</id>
  <Combined_episodenumber>4</Combined_episodenumber>
  <Combined_season>3</Combined_season>
  <DVD_chapter></DVD_chapter>
  <DVD_discid></DVD_discid>
  <DVD_episodenumber></DVD_episodenumber>
  <DVD_season></DVD_season>
  <Director>Jeff Schaffer</Director>
  <EpImgFlag>2</EpImgFlag>
  <EpisodeName>Ol' Smoke Crotch</EpisodeName>
  <EpisodeNumber>4</EpisodeNumber>
  <FirstAired>2011-10-27</FirstAired>
  <GuestStars></GuestStars>
  <IMDB_ID></IMDB_ID>
  <Language>en</Language>
  <Overview>Kevin struggles with getting older. Ruxin is so desperate to get rid of his au pair that he gets Rafi's help. Taco finds a market for Kevin and Jenny's wedding cocktail napkins and Pete learns a new sexual position, which he regrets.</Overview>
  <ProductionCode></ProductionCode>
  <Rating>7.9</Rating>
  <RatingCount>18</RatingCount>
  <SeasonNumber>3</SeasonNumber>
  <Writer>Jeff Schaffer|Jackie Marcus Schaffer</Writer>
  <absolute_number></absolute_number>
  <filename>episodes/114701/4193091.jpg</filename>
  <lastupdated>1328013707</lastupdated>
  <seasonid>471034</seasonid>
  <seriesid>114701</seriesid>
</Episode>
<Episode>
  <id>4194094</id>
  <Combined_episodenumber>5</Combined_episodenumber>
  <Combined_season>3</Combined_season>
  <DVD_chapter></DVD_chapter>
  <DVD_discid></DVD_discid>
  <DVD_episodenumber></DVD_episodenumber>
  <DVD_season></DVD_season>
  <Director>Jeff Schaffer</Director>
  <EpImgFlag>2</EpImgFlag>
  <EpisodeName>Bobbum Man</EpisodeName>
  <EpisodeNumber>5</EpisodeNumber>
  <FirstAired>2011-11-03</FirstAired>
  <GuestStars></GuestStars>
  <IMDB_ID></IMDB_ID>
  <Language>en</Language>
  <Overview>Jenny forgets a special anniversary with Kevin. Andre seeks line-up Nirvana. Kevin is haunted by Pete's imaginary character, the &quot;Bobbum Man,&quot; which takes on a life of its own through Taco's offline social network called &quot;My-face.&quot;</Overview>
  <ProductionCode></ProductionCode>
  <Rating>8.2</Rating>
  <RatingCount>13</RatingCount>
  <SeasonNumber>3</SeasonNumber>
  <Writer>Dan O'Keefe</Writer>
  <absolute_number></absolute_number>
  <filename>episodes/114701/4194094.jpg</filename>
  <lastupdated>1328013984</lastupdated>
  <seasonid>471034</seasonid>
  <seriesid>114701</seriesid>
</Episode>
<Episode>
  <id>4194095</id>
  <Combined_episodenumber>6</Combined_episodenumber>
  <Combined_season>3</Combined_season>
  <DVD_chapter></DVD_chapter>
  <DVD_discid></DVD_discid>
  <DVD_episodenumber></DVD_episodenumber>
  <DVD_season></DVD_season>
  <Director>Jeff Schaffer</Director>
  <EpImgFlag>2</EpImgFlag>
  <EpisodeName>Yobogoya!</EpisodeName>
  <EpisodeNumber>6</EpisodeNumber>
  <FirstAired>2011-11-10</FirstAired>
  <GuestStars>Ray Liotta</GuestStars>
  <IMDB_ID></IMDB_ID>
  <Language>en</Language>
  <Overview>Jenny jeopardizes Ruxin's chance to work on a big case with his boss, Mr. Hudabega. Taco competes in a jingle contest for a disgusting fast food restaurant. Pete holds a grudge against a traffic cop.</Overview>
  <ProductionCode></ProductionCode>
  <Rating>8.2</Rating>
  <RatingCount>14</RatingCount>
  <SeasonNumber>3</SeasonNumber>
  <Writer>Jeff Schaffer|Jackie Marcus Schaffer</Writer>
  <absolute_number></absolute_number>
  <filename>episodes/114701/4194095.jpg</filename>
  <lastupdated>1328014238</lastupdated>
  <seasonid>471034</seasonid>
  <seriesid>114701</seriesid>
</Episode>
<Episode>
  <id>4202548</id>
  <Combined_episodenumber>7</Combined_episodenumber>
  <Combined_season>3</Combined_season>
  <DVD_chapter></DVD_chapter>
  <DVD_discid></DVD_discid>
  <DVD_episodenumber></DVD_episodenumber>
  <DVD_season></DVD_season>
  <Director>Jeff Schaffer</Director>
  <EpImgFlag>2</EpImgFlag>
  <EpisodeName>Carmenjello</EpisodeName>
  <EpisodeNumber>7</EpisodeNumber>
  <FirstAired>2011-11-10</FirstAired>
  <GuestStars></GuestStars>
  <IMDB_ID></IMDB_ID>
  <Language>en</Language>
  <Overview>Kevin and Jenny search for the perfect paint color to get back their privacy. Sofia accuses Ruxin of breast favoritism, and Andre is honored at his former high school for a donation.</Overview>
  <ProductionCode></ProductionCode>
  <Rating>7.8</Rating>
  <RatingCount>12</RatingCount>
  <SeasonNumber>3</SeasonNumber>
  <Writer>Justin Hurwitz</Writer>
  <absolute_number></absolute_number>
  <filename>episodes/114701/4202548.jpg</filename>
  <lastupdated>1328014429</lastupdated>
  <seasonid>471034</seasonid>
  <seriesid>114701</seriesid>
</Episode>
<Episode>
  <id>4202550</id>
  <Combined_episodenumber>8</Combined_episodenumber>
  <Combined_season>3</Combined_season>
  <DVD_chapter></DVD_chapter>
  <DVD_discid></DVD_discid>
  <DVD_episodenumber></DVD_episodenumber>
  <DVD_season></DVD_season>
  <Director>Jeff Schaffer</Director>
  <EpImgFlag>2</EpImgFlag>
  <EpisodeName>Thanksgiving</EpisodeName>
  <EpisodeNumber>8</EpisodeNumber>
  <FirstAired>2011-11-17</FirstAired>
  <GuestStars>Jeff Goldblum|Sarah Silverman</GuestStars>
  <IMDB_ID></IMDB_ID>
  <Language>en</Language>
  <Overview>Ruxin gets an unexpected visit from his father, and Andre's sister is on the prowl at the gang's Thanksgiving dinner. Taco makes an edible investment. Kevin and Jenny have a problem with Ellie's class pet.</Overview>
  <ProductionCode></ProductionCode>
  <Rating>8.7</Rating>
  <RatingCount>16</RatingCount>
  <SeasonNumber>3</SeasonNumber>
  <Writer>Jeff Schaffer|Jackie Marcus Schaffer</Writer>
  <absolute_number></absolute_number>
  <filename>episodes/114701/4202550.jpg</filename>
  <lastupdated>1328014729</lastupdated>
  <seasonid>471034</seasonid>
  <seriesid>114701</seriesid>
</Episode>
<Episode>
  <id>4212324</id>
  <Combined_episodenumber>9</Combined_episodenumber>
  <Combined_season>3</Combined_season>
  <DVD_chapter></DVD_chapter>
  <DVD_discid></DVD_discid>
  <DVD_episodenumber></DVD_episodenumber>
  <DVD_season></DVD_season>
  <Director>Jeff Schaffer</Director>
  <EpImgFlag>2</EpImgFlag>
  <EpisodeName>The Out of Towner</EpisodeName>
  <EpisodeNumber>9</EpisodeNumber>
  <FirstAired>2011-12-01</FirstAired>
  <GuestStars>Will Forte</GuestStars>
  <IMDB_ID></IMDB_ID>
  <Language>en</Language>
  <Overview>The group's old buddy, Chuck, visits and is not at all like what the guys remember him to be. Meanwhile, Kevin and Jenny get in over their heads with a drug dealer, and Taco goes on a radical diet.</Overview>
  <ProductionCode></ProductionCode>
  <Rating>7.7</Rating>
  <RatingCount>15</RatingCount>
  <SeasonNumber>3</SeasonNumber>
  <Writer>Nick Kroll|Paul Scheer</Writer>
  <absolute_number></absolute_number>
  <filename>episodes/114701/4212324.jpg</filename>
  <lastupdated>1328015103</lastupdated>
  <seasonid>471034</seasonid>
  <seriesid>114701</seriesid>
</Episode>
<Episode>
  <id>4212325</id>
  <Combined_episodenumber>10</Combined_episodenumber>
  <Combined_season>3</Combined_season>
  <DVD_chapter></DVD_chapter>
  <DVD_discid></DVD_discid>
  <DVD_episodenumber></DVD_episodenumber>
  <DVD_season></DVD_season>
  <Director>Jackie Marcus Schaffer</Director>
  <EpImgFlag>2</EpImgFlag>
  <EpisodeName>The Light of Genesis</EpisodeName>
  <EpisodeNumber>10</EpisodeNumber>
  <FirstAired>2011-12-08</FirstAired>
  <GuestStars>Eliza Dushku</GuestStars>
  <IMDB_ID></IMDB_ID>
  <Language>en</Language>
  <Overview>Kevin suspects that his Krav Maga teacher might be hitting on him. Meanwhile, Ruxin joins a cult in order to gain their Fantasy Football knowledge, and Jenny entrusts Andre with a secret.</Overview>
  <ProductionCode></ProductionCode>
  <Rating>8.4</Rating>
  <RatingCount>13</RatingCount>
  <SeasonNumber>3</SeasonNumber>
  <Writer>Craig DiGregorio|David King</Writer>
  <absolute_number></absolute_number>
  <filename>episodes/114701/4212325.jpg</filename>
  <lastupdated>1328015264</lastupdated>
  <seasonid>471034</seasonid>
  <seriesid>114701</seriesid>
</Episode>
<Episode>
  <id>4222272</id>
  <Combined_episodenumber>11</Combined_episodenumber>
  <Combined_season>3</Combined_season>
  <DVD_chapter></DVD_chapter>
  <DVD_discid></DVD_discid>
  <DVD_episodenumber></DVD_episodenumber>
  <DVD_season></DVD_season>
  <Director>Jeff Schaffer</Director>
  <EpImgFlag>2</EpImgFlag>
  <EpisodeName>The Guest Bong</EpisodeName>
  <EpisodeNumber>11</EpisodeNumber>
  <FirstAired>2011-12-15</FirstAired>
  <GuestStars>Brett Gelman|Elizabeth Schmidt|Chris Tallman|Elizabeth Tripp|Allison Williams|</GuestStars>
  <IMDB_ID>tt2119261</IMDB_ID>
  <Language>en</Language>
  <Overview>Pete's new girlfriend wants to help him with his line up. Kevin's past at the DA's office has him running scared. Ruxin runs afoul of his company's email policies, and auto-correct gets everybody in trouble.</Overview>
  <ProductionCode></ProductionCode>
  <Rating>8.4</Rating>
  <RatingCount>14</RatingCount>
  <SeasonNumber>3</SeasonNumber>
  <Writer>Jeff Schaffer|Jackie Marcus Schaffer|Dan O'Keefe</Writer>
  <absolute_number></absolute_number>
  <filename>episodes/114701/4222272.jpg</filename>
  <lastupdated>1358102192</lastupdated>
  <seasonid>471034</seasonid>
  <seriesid>114701</seriesid>
</Episode>
<Episode>
  <id>4222376</id>
  <Combined_episodenumber>12</Combined_episodenumber>
  <Combined_season>3</Combined_season>
  <DVD_chapter></DVD_chapter>
  <DVD_discid></DVD_discid>
  <DVD_episodenumber></DVD_episodenumber>
  <DVD_season></DVD_season>
  <Director>Jackie Marcus Schaffer</Director>
  <EpImgFlag>2</EpImgFlag>
  <EpisodeName>St. Pete</EpisodeName>
  <EpisodeNumber>12</EpisodeNumber>
  <FirstAired>2011-12-22</FirstAired>
  <GuestStars></GuestStars>
  <IMDB_ID></IMDB_ID>
  <Language>en</Language>
  <Overview>Kevin and Jenny make a bold bet on the play-offs. Taco enlists Ruxin to get more involved with Taco Corp, and Pete has devilish plan to send Ruxin to the Sacko.</Overview>
  <ProductionCode></ProductionCode>
  <Rating>8.1</Rating>
  <RatingCount>16</RatingCount>
  <SeasonNumber>3</SeasonNumber>
  <Writer>Jeff Schaffer|Jackie Marcus Schaffer</Writer>
  <absolute_number></absolute_number>
  <filename>episodes/114701/4222376.jpg</filename>
  <lastupdated>1328015944</lastupdated>
  <seasonid>471034</seasonid>
  <seriesid>114701</seriesid>
</Episode>
<Episode>
  <id>4222377</id>
  <Combined_episodenumber>13</Combined_episodenumber>
  <Combined_season>3</Combined_season>
  <DVD_chapter></DVD_chapter>
  <DVD_discid></DVD_discid>
  <DVD_episodenumber></DVD_episodenumber>
  <DVD_season></DVD_season>
  <Director>Jeff Schaffer</Director>
  <EpImgFlag>2</EpImgFlag>
  <EpisodeName>The Funeral</EpisodeName>
  <EpisodeNumber>13</EpisodeNumber>
  <FirstAired>2011-12-22</FirstAired>
  <GuestStars>Matt Forte</GuestStars>
  <IMDB_ID></IMDB_ID>
  <Language>en</Language>
  <Overview>The race is on for the Shiva and the Sacko. Taco teams up with Chicago Bears' Running Back Matt Forte, and Ruxin is unable to manage his own team for the big game, leaving League to figure out who will run it for him.</Overview>
  <ProductionCode></ProductionCode>
  <Rating>7.8</Rating>
  <RatingCount>15</RatingCount>
  <SeasonNumber>3</SeasonNumber>
  <Writer>Jeff Schaffer|Jackie Marcus Schaffer</Writer>
  <absolute_number></absolute_number>
  <filename>episodes/114701/4222377.jpg</filename>
  <lastupdated>1328016174</lastupdated>
  <seasonid>471034</seasonid>
  <seriesid>114701</seriesid>
</Episode>
<Episode>
  <id>4315940</id>
  <Combined_episodenumber>1</Combined_episodenumber>
  <Combined_season>4</Combined_season>
  <DVD_chapter></DVD_chapter>
  <DVD_discid></DVD_discid>
  <DVD_episodenumber></DVD_episodenumber>
  <DVD_season></DVD_season>
  <Director>Jeff Schaffer</Director>
  <EpImgFlag>2</EpImgFlag>
  <EpisodeName>Training Camp</EpisodeName>
  <EpisodeNumber>1</EpisodeNumber>
  <FirstAired>2012-10-11</FirstAired>
  <GuestStars>Janina Gavankar|Dan Bakkedahl|</GuestStars>
  <IMDB_ID></IMDB_ID>
  <Language>en</Language>
  <Overview>The League prepares for the draft and the arrival of Kevin and Jenny's baby boy. Taco's business dealings with Jerry Jones get the guys invited to the Dallas Cowboys' Training Camp.</Overview>
  <ProductionCode></ProductionCode>
  <Rating>7.7</Rating>
  <RatingCount>10</RatingCount>
  <SeasonNumber>4</SeasonNumber>
  <Writer>|Jeff Schaffer|Jackie Marcus Schaffer|</Writer>
  <absolute_number></absolute_number>
  <filename>episodes/114701/4315940.jpg</filename>
  <lastupdated>1356155633</lastupdated>
  <seasonid>491136</seasonid>
  <seriesid>114701</seriesid>
</Episode>
<Episode>
  <id>4415630</id>
  <Combined_episodenumber>2</Combined_episodenumber>
  <Combined_season>4</Combined_season>
  <DVD_chapter></DVD_chapter>
  <DVD_discid></DVD_discid>
  <DVD_episodenumber></DVD_episodenumber>
  <DVD_season></DVD_season>
  <Director>Jeff Schaffer</Director>
  <EpImgFlag>2</EpImgFlag>
  <EpisodeName>The Hoodie</EpisodeName>
  <EpisodeNumber>2</EpisodeNumber>
  <FirstAired>2012-10-18</FirstAired>
  <GuestStars>Janina Gavankar|Ben Lawson|Melissa Ordway|Alina Foley|</GuestStars>
  <IMDB_ID></IMDB_ID>
  <Language>en</Language>
  <Overview>Kevin and Jenny argue over whether or not their son will be circumcised and everyone takes sides, including Shiva.</Overview>
  <ProductionCode></ProductionCode>
  <Rating>7.7</Rating>
  <RatingCount>11</RatingCount>
  <SeasonNumber>4</SeasonNumber>
  <Writer>|Jeff Schaffer|Jackie Marcus Schaffer|David King|</Writer>
  <absolute_number></absolute_number>
  <filename>episodes/114701/4415630.jpg</filename>
  <lastupdated>1352490984</lastupdated>
  <seasonid>491136</seasonid>
  <seriesid>114701</seriesid>
</Episode>
<Episode>
  <id>4415639</id>
  <Combined_episodenumber>3</Combined_episodenumber>
  <Combined_season>4</Combined_season>
  <DVD_chapter></DVD_chapter>
  <DVD_discid></DVD_discid>
  <DVD_episodenumber></DVD_episodenumber>
  <DVD_season></DVD_season>
  <Director>Jeff Schaffer</Director>
  <EpImgFlag>2</EpImgFlag>
  <EpisodeName>The Freeze Out</EpisodeName>
  <EpisodeNumber>3</EpisodeNumber>
  <FirstAired>2012-10-25</FirstAired>
  <GuestStars>Timothy Olyphant|Jason Mantzoukas|Ryan Hansen|Elizabeth Hendrickson|</GuestStars>
  <IMDB_ID>tt2381272</IMDB_ID>
  <Language>en</Language>
  <Overview>A kid's birthday party interferes with Pete's planned paintball outing. Meanwhile, Ruxin has a run-in with a sushi chef.</Overview>
  <ProductionCode></ProductionCode>
  <Rating>7.9</Rating>
  <RatingCount>9</RatingCount>
  <SeasonNumber>4</SeasonNumber>
  <Writer>|Jeff Schaffer|Jackie Marcus Schaffer|</Writer>
  <absolute_number></absolute_number>
  <filename>episodes/114701/4415639.jpg</filename>
  <lastupdated>1352490934</lastupdated>
  <seasonid>491136</seasonid>
  <seriesid>114701</seriesid>
</Episode>
<Episode>
  <id>4417974</id>
  <Combined_episodenumber>4</Combined_episodenumber>
  <Combined_season>4</Combined_season>
  <DVD_chapter></DVD_chapter>
  <DVD_discid></DVD_discid>
  <DVD_episodenumber></DVD_episodenumber>
  <DVD_season></DVD_season>
  <Director>Jeff Schaffer</Director>
  <EpImgFlag>2</EpImgFlag>
  <EpisodeName>The Breastalyzer</EpisodeName>
  <EpisodeNumber>4</EpisodeNumber>
  <FirstAired>2012-11-01</FirstAired>
  <GuestStars>|Julia Duffy|Kristin Cavallari|Jason Mantzoukas|Andrea Savage|Amanda Lund|</GuestStars>
  <IMDB_ID></IMDB_ID>
  <Language>en</Language>
  <Overview>Kevin and Jenny realize that Kristin Cavallari is in their baby group. Meanwhile, Rafi is entrusted to take Ruxin's son to his swim class.</Overview>
  <ProductionCode></ProductionCode>
  <Rating>7.9</Rating>
  <RatingCount>11</RatingCount>
  <SeasonNumber>4</SeasonNumber>
  <Writer>|Jeff Schaffer|Jackie Marcus Schaffer|</Writer>
  <absolute_number></absolute_number>
  <filename>episodes/114701/4417974.jpg</filename>
  <lastupdated>1356155501</lastupdated>
  <seasonid>491136</seasonid>
  <seriesid>114701</seriesid>
</Episode>
<Episode>
  <id>4424987</id>
  <Combined_episodenumber>5</Combined_episodenumber>
  <Combined_season>4</Combined_season>
  <DVD_chapter></DVD_chapter>
  <DVD_discid></DVD_discid>
  <DVD_episodenumber></DVD_episodenumber>
  <DVD_season></DVD_season>
  <Director>Jeff Schaffer</Director>
  <EpImgFlag>2</EpImgFlag>
  <EpisodeName>Judge MacArthur</EpisodeName>
  <EpisodeNumber>5</EpisodeNumber>
  <FirstAired>2012-11-08</FirstAired>
  <GuestStars>Phil Reeves|</GuestStars>
  <IMDB_ID>tt2381276</IMDB_ID>
  <Language>en</Language>
  <Overview>Kevin runs into NFL quarterback Ryan Fitzpatrick at a charity event. Meanwhile, the guys attempt to determine who among them is the smartest.</Overview>
  <ProductionCode></ProductionCode>
  <Rating>7.4</Rating>
  <RatingCount>9</RatingCount>
  <SeasonNumber>4</SeasonNumber>
  <Writer>|Jeff Schaffer|Jackie Marcus Schaffer|</Writer>
  <absolute_number>37</absolute_number>
  <filename>episodes/114701/4424987.jpg</filename>
  <lastupdated>1356155445</lastupdated>
  <seasonid>491136</seasonid>
  <seriesid>114701</seriesid>
</Episode>
<Episode>
  <id>4432529</id>
  <Combined_episodenumber>6</Combined_episodenumber>
  <Combined_season>4</Combined_season>
  <DVD_chapter></DVD_chapter>
  <DVD_discid></DVD_discid>
  <DVD_episodenumber></DVD_episodenumber>
  <DVD_season></DVD_season>
  <Director>Jeff Schaffer</Director>
  <EpImgFlag>2</EpImgFlag>
  <EpisodeName>The Tailgate</EpisodeName>
  <EpisodeNumber>6</EpisodeNumber>
  <FirstAired>2012-11-15</FirstAired>
  <GuestStars>Jim McMahon|Ken Marino|Ike Barinholtz|</GuestStars>
  <IMDB_ID></IMDB_ID>
  <Language>en</Language>
  <Overview>Andre's plan to take the guys tailgating is thwarted when their high school nemesis Frank &quot;The Body&quot; Gibiatti and his gang have the same idea. Taco tries to sell knockoff merchandise and has a run in with Chicago Great Jim McMahon.</Overview>
  <ProductionCode></ProductionCode>
  <Rating>8.0</Rating>
  <RatingCount>6</RatingCount>
  <SeasonNumber>4</SeasonNumber>
  <Writer>|Nick Kroll|Paul Scheer|</Writer>
  <absolute_number></absolute_number>
  <filename>episodes/114701/4432529.jpg</filename>
  <lastupdated>1353111211</lastupdated>
  <seasonid>491136</seasonid>
  <seriesid>114701</seriesid>
</Episode>
<Episode>
  <id>4437921</id>
  <Combined_episodenumber>7</Combined_episodenumber>
  <Combined_season>4</Combined_season>
  <DVD_chapter></DVD_chapter>
  <DVD_discid></DVD_discid>
  <DVD_episodenumber></DVD_episodenumber>
  <DVD_season></DVD_season>
  <Director>Jeff Schaffer</Director>
  <EpImgFlag>2</EpImgFlag>
  <EpisodeName>The Vapora Sport</EpisodeName>
  <EpisodeNumber>7</EpisodeNumber>
  <FirstAired>2012-11-29</FirstAired>
  <GuestStars>|J.B. Smoove|Meredith Giangrande|Ingrid Haas|Rick Overton|Sabina Gadecki|</GuestStars>
  <IMDB_ID>tt2397166</IMDB_ID>
  <Language>en</Language>
  <Overview>Pete fights over a pair of shoes with a man in a wheelchair. Taco teaches a dog to recognize the scent of sex. Jenny and Kevin get Ellie a piano.</Overview>
  <ProductionCode></ProductionCode>
  <Rating>8.0</Rating>
  <RatingCount>8</RatingCount>
  <SeasonNumber>4</SeasonNumber>
  <Writer>Justin Hurwitz</Writer>
  <absolute_number></absolute_number>
  <filename>episodes/114701/4437921.jpg</filename>
  <lastupdated>1356155366</lastupdated>
  <seasonid>491136</seasonid>
  <seriesid>114701</seriesid>
</Episode>
<Episode>
  <id>4444874</id>
  <Combined_episodenumber>8</Combined_episodenumber>
  <Combined_season>4</Combined_season>
  <DVD_chapter></DVD_chapter>
  <DVD_discid></DVD_discid>
  <DVD_episodenumber></DVD_episodenumber>
  <DVD_season></DVD_season>
  <Director>Jackie Marcus Schaffer</Director>
  <EpImgFlag>2</EpImgFlag>
  <EpisodeName>The Anchor Baby</EpisodeName>
  <EpisodeNumber>8</EpisodeNumber>
  <FirstAired>2012-12-06</FirstAired>
  <GuestStars>Heather Hegeman|Zach Woods|</GuestStars>
  <IMDB_ID></IMDB_ID>
  <Language>en</Language>
  <Overview>Ruxin is worried that Sofia has soured on their marriage. The guys try to shake free of an undesirable acquaintance. Jenny uses insider information to make a dirty trade.</Overview>
  <ProductionCode></ProductionCode>
  <Rating>8.4</Rating>
  <RatingCount>11</RatingCount>
  <SeasonNumber>4</SeasonNumber>
  <Writer>Dan O'Keefe</Writer>
  <absolute_number></absolute_number>
  <filename>episodes/114701/4444874.jpg</filename>
  <lastupdated>1356155296</lastupdated>
  <seasonid>491136</seasonid>
  <seriesid>114701</seriesid>
</Episode>
<Episode>
  <id>4444873</id>
  <Combined_episodenumber>9</Combined_episodenumber>
  <Combined_season>4</Combined_season>
  <DVD_chapter></DVD_chapter>
  <DVD_discid></DVD_discid>
  <DVD_episodenumber></DVD_episodenumber>
  <DVD_season></DVD_season>
  <Director>Jeff Schaffer</Director>
  <EpImgFlag>2</EpImgFlag>
  <EpisodeName>Bro-lo El Cordero</EpisodeName>
  <EpisodeNumber>9</EpisodeNumber>
  <FirstAired>2012-12-06</FirstAired>
  <GuestStars>Robert Wagner|Jason Mantzoukas|Lee Meriwether|Eve Brenner|John Ross Bowie|</GuestStars>
  <IMDB_ID></IMDB_ID>
  <Language>en</Language>
  <Overview>Andre takes advantage of Kevin after his colonoscopy. Pete suspects his Grandpa Duke is committing adultery. The group enlists Rafi to settle a League dispute when no one trusts Ruxin to do it.</Overview>
  <ProductionCode></ProductionCode>
  <Rating>7.9</Rating>
  <RatingCount>10</RatingCount>
  <SeasonNumber>4</SeasonNumber>
  <Writer>|Jeff Schaffer|Jackie Marcus Schaffer|</Writer>
  <absolute_number></absolute_number>
  <filename>episodes/114701/4444873.jpg</filename>
  <lastupdated>1356155228</lastupdated>
  <seasonid>491136</seasonid>
  <seriesid>114701</seriesid>
</Episode>
<Episode>
  <id>4444875</id>
  <Combined_episodenumber>10</Combined_episodenumber>
  <Combined_season>4</Combined_season>
  <DVD_chapter></DVD_chapter>
  <DVD_discid></DVD_discid>
  <DVD_episodenumber></DVD_episodenumber>
  <DVD_season></DVD_season>
  <Director>Jeff Schaffer</Director>
  <EpImgFlag>2</EpImgFlag>
  <EpisodeName>Our Dinner With Andre</EpisodeName>
  <EpisodeNumber>10</EpisodeNumber>
  <FirstAired>2012-12-13</FirstAired>
  <GuestStars>Brooklyn Decker|Lindsay Sloane|Connor Kalopsis|Andrew Secunda|</GuestStars>
  <IMDB_ID></IMDB_ID>
  <Language>en</Language>
  <Overview>Kevin is blackmailed by Ellie's boyfriend, Taco helps Ruxin with his fertility issues, and Pete re-connects with his high school crush Gina Gibiatti.</Overview>
  <ProductionCode></ProductionCode>
  <Rating>7.8</Rating>
  <RatingCount>12</RatingCount>
  <SeasonNumber>4</SeasonNumber>
  <Writer>|Jeff Schaffer|Jackie Marcus Schaffer|</Writer>
  <absolute_number></absolute_number>
  <filename>episodes/114701/4444875.jpg</filename>
  <lastupdated>1356155170</lastupdated>
  <seasonid>491136</seasonid>
  <seriesid>114701</seriesid>
</Episode>
<Episode>
  <id>4444876</id>
  <Combined_episodenumber>11</Combined_episodenumber>
  <Combined_season>4</Combined_season>
  <DVD_chapter></DVD_chapter>
  <DVD_discid></DVD_discid>
  <DVD_episodenumber></DVD_episodenumber>
  <DVD_season></DVD_season>
  <Director>Jeff Schaffer</Director>
  <EpImgFlag>2</EpImgFlag>
  <EpisodeName>12.12.12</EpisodeName>
  <EpisodeNumber>11</EpisodeNumber>
  <FirstAired>2012-12-13</FirstAired>
  <GuestStars>Brooklyn Decker|Seth Rogen|Ike Barinholtz|Jayma Mays|</GuestStars>
  <IMDB_ID></IMDB_ID>
  <Language>en</Language>
  <Overview>Andre starts dating his interior decorator and discovers that the buyer of his old loft is Deion Sanders. Rafi and Dirty Randy prepare for the end of the world.</Overview>
  <ProductionCode></ProductionCode>
  <Rating>8.3</Rating>
  <RatingCount>12</RatingCount>
  <SeasonNumber>4</SeasonNumber>
  <Writer>|Jeff Schaffer|Jackie Marcus Schaffer|</Writer>
  <absolute_number></absolute_number>
  <filename>episodes/114701/4444876.jpg</filename>
  <lastupdated>1355546826</lastupdated>
  <seasonid>491136</seasonid>
  <seriesid>114701</seriesid>
</Episode>
<Episode>
  <id>4444878</id>
  <Combined_episodenumber>12</Combined_episodenumber>
  <Combined_season>4</Combined_season>
  <DVD_chapter></DVD_chapter>
  <DVD_discid></DVD_discid>
  <DVD_episodenumber></DVD_episodenumber>
  <DVD_season></DVD_season>
  <Director>Jeff Schaffer</Director>
  <EpImgFlag>2</EpImgFlag>
  <EpisodeName>A Krampus Carol</EpisodeName>
  <EpisodeNumber>12</EpisodeNumber>
  <FirstAired>2012-12-20</FirstAired>
  <GuestStars>Jeff Goldblum|Jayma Mays|Bob Odenkirk|Janina Gavankar|</GuestStars>
  <IMDB_ID></IMDB_ID>
  <Language>en</Language>
  <Overview>Andre and Trixie's relationship is put to the test. Jenny and Pete make special offerings to Shiva. Rupert Ruxin has a gift for his son while Taco challenges the Mall Santa.</Overview>
  <ProductionCode></ProductionCode>
  <Rating>7.1</Rating>
  <RatingCount>8</RatingCount>
  <SeasonNumber>4</SeasonNumber>
  <Writer>|Jeff Schaffer|Jackie Marcus Schaffer|</Writer>
  <absolute_number></absolute_number>
  <filename>episodes/114701/4444878.jpg</filename>
  <lastupdated>1356138560</lastupdated>
  <seasonid>491136</seasonid>
  <seriesid>114701</seriesid>
</Episode>
<Episode>
  <id>4444880</id>
  <Combined_episodenumber>13</Combined_episodenumber>
  <Combined_season>4</Combined_season>
  <DVD_chapter></DVD_chapter>
  <DVD_discid></DVD_discid>
  <DVD_episodenumber></DVD_episodenumber>
  <DVD_season></DVD_season>
  <Director>Jeff Schaffer</Director>
  <EpImgFlag>2</EpImgFlag>
  <EpisodeName>The Curse of Shiva</EpisodeName>
  <EpisodeNumber>13</EpisodeNumber>
  <FirstAired>2012-12-20</FirstAired>
  <GuestStars>Brooklyn Decker|Janina Gavankar|Jayma Mays|Adrian Peterson|</GuestStars>
  <IMDB_ID></IMDB_ID>
  <Language>en</Language>
  <Overview>Gina Gibiatti returns and Pete has a decision to make. Ruxin enlists Rafi to protect himself during Scrote Season. Taco Corp has a New Years Eve bash.</Overview>
  <ProductionCode></ProductionCode>
  <Rating>7.3</Rating>
  <RatingCount>8</RatingCount>
  <SeasonNumber>4</SeasonNumber>
  <Writer>|Jeff Schaffer|Jackie Marcus Schaffer|</Writer>
  <absolute_number></absolute_number>
  <filename>episodes/114701/4444880.jpg</filename>
  <lastupdated>1356155040</lastupdated>
  <seasonid>491136</seasonid>
  <seriesid>114701</seriesid>
</Episode>
</Data>