<?xml version="1.0" encoding="UTF-8" ?>
<Actors>
<Actor>
  <id>47710</id>
  <Image>actors/47710.jpg</Image>
  <Name>Jeremy Piven</Name>
  <Role>Cupid/Trevor Hale</Role>
  <SortOrder>0</SortOrder>
</Actor>
<Actor>
  <id>47711</id>
  <Image>actors/47711.jpg</Image>
  <Name>Paula Marshall</Name>
  <Role>Dr. Claire Allen</Role>
  <SortOrder>1</SortOrder>
</Actor>
<Actor>
  <id>47712</id>
  <Image></Image>
  <Name>Jeffrey D. Sams</Name>
  <Role>Champ Terrace</Role>
  <SortOrder>2</SortOrder>
</Actor>
</Actors>