<?xml version="1.0" encoding="UTF-8" ?>
<Data><Series>
  <id>76612</id>
  <Actors>|Jeremy Piven|Paula Marshall|Jeffrey D. Sams|</Actors>
  <Airs_DayOfWeek></Airs_DayOfWeek>
  <Airs_Time></Airs_Time>
  <ContentRating></ContentRating>
  <FirstAired>1998-09-26</FirstAired>
  <Genre>|Drama|Science-Fiction|</Genre>
  <IMDB_ID>tt0168326</IMDB_ID>
  <Language>en</Language>
  <Network>ABC</Network>
  <NetworkID></NetworkID>
  <Overview>This is the story of a man, Trevor Hale (Jeremy Piven), who claims to be Cupid, the God of Love, sent to Earth as a punishment. To earn his place back on Mount Olympus, he must reunite a hundred couples without the use of magic. He has been stripped of his powers and has become a normal human being for the length of his stay among us.  Because of his claims, Trevor is thought to be delusional and placed under psychology study. He must attend Claire's (Paula Marshall) therapy groups on a regular basis, where he usually likes to interfere and contradict her.  Although the show is based on a fantasy premise, it is mostly an excuse. There have been no proofs so far that Trevor really is Cupid and for all we know, he really could be just another nutcase. Yet, his ability to bring couples together, his great knowledge of Greek mythology and many other elements can only make one wonder.</Overview>
  <Rating>10.0</Rating>
  <RatingCount>1</RatingCount>
  <Runtime>60</Runtime>
  <SeriesID>448</SeriesID>
  <SeriesName>Cupid</SeriesName>
  <Status>Ended</Status>
  <added></added>
  <addedBy></addedBy>
  <banner>graphical/448-g.jpg</banner>
  <fanart>fanart/original/76612-1.jpg</fanart>
  <lastupdated>1361633404</lastupdated>
  <poster>posters/76612-1.jpg</poster>
  <zap2it_id></zap2it_id>
</Series>
<Episode>
  <id>203366</id>
  <Combined_episodenumber>1</Combined_episodenumber>
  <Combined_season>1</Combined_season>
  <DVD_chapter></DVD_chapter>
  <DVD_discid></DVD_discid>
  <DVD_episodenumber></DVD_episodenumber>
  <DVD_season></DVD_season>
  <Director>|Scott Winant|</Director>
  <EpImgFlag>1</EpImgFlag>
  <EpisodeName>Pilot</EpisodeName>
  <EpisodeNumber>1</EpisodeNumber>
  <FirstAired>1998-09-26</FirstAired>
  <GuestStars>|Connie Britton|Laura Pallas|Ellie Harvie|George Newbern|Tony Nappa|Charles Siegel|Sarah Strange|Christine Willes|Doug Abrahams|Benz Antoine|Tim Dixon|William Goodlet|Cameron Kirkwood|Ty Olsson|Lara Phillips|Steve Soucy|Haig Sutherland|Ken Tremblett|</GuestStars>
  <IMDB_ID></IMDB_ID>
  <Language>en</Language>
  <Overview>When a man claims to be Cupid, he is placed in the care of a psychiatrist who takes him under her wing. Obsessed with his mission on Earth, the man now known as Trevor Hale decides to help a woman find her true love.</Overview>
  <ProductionCode>100</ProductionCode>
  <Rating>8.0</Rating>
  <RatingCount>1</RatingCount>
  <SeasonNumber>1</SeasonNumber>
  <Writer>|Rob Thomas (II)|</Writer>
  <absolute_number></absolute_number>
  <filename>episodes/76612/203366.jpg</filename>
  <lastupdated>1242601390</lastupdated>
  <seasonid>10905</seasonid>
  <seriesid>76612</seriesid>
</Episode>
<Episode>
  <id>203367</id>
  <Combined_episodenumber>2</Combined_episodenumber>
  <Combined_season>1</Combined_season>
  <DVD_chapter></DVD_chapter>
  <DVD_discid></DVD_discid>
  <DVD_episodenumber></DVD_episodenumber>
  <DVD_season></DVD_season>
  <Director>|Scott Winant|</Director>
  <EpImgFlag>1</EpImgFlag>
  <EpisodeName>The Linguist</EpisodeName>
  <EpisodeNumber>2</EpisodeNumber>
  <FirstAired>1998-10-03</FirstAired>
  <GuestStars>|Tim DeKay|Hollis Resnik|Jessica Lundy|Elisa Taylor|Tria Smith|Robert Bundy|Ilyssa Fradin|Brian Stepanek|Heather Prete|James Whiting|James Deuter|Rengin Altay|Mary Kay Cook|</GuestStars>
  <IMDB_ID></IMDB_ID>
  <Language>en</Language>
  <Overview>Still intrigued with Trevor, wondering who he really is and where he comes from, Claire jumps on the opportunity when she meets a linguist who seems able to tell someone's origins just from his patterns of speech. She introduces him to Trevor, who - of course - cannot resist helping the man when he learns that he is still a virgin.</Overview>
  <ProductionCode>101</ProductionCode>
  <Rating>7.0</Rating>
  <RatingCount>1</RatingCount>
  <SeasonNumber>1</SeasonNumber>
  <Writer>|Rob Thomas (II)|</Writer>
  <absolute_number></absolute_number>
  <filename>episodes/76612/203367.jpg</filename>
  <lastupdated>1242601400</lastupdated>
  <seasonid>10905</seasonid>
  <seriesid>76612</seriesid>
</Episode>
<Episode>
  <id>203368</id>
  <Combined_episodenumber>3</Combined_episodenumber>
  <Combined_season>1</Combined_season>
  <DVD_chapter></DVD_chapter>
  <DVD_discid></DVD_discid>
  <DVD_episodenumber></DVD_episodenumber>
  <DVD_season></DVD_season>
  <Director>|Michael Engler|</Director>
  <EpImgFlag>1</EpImgFlag>
  <EpisodeName>Heaven, He's in Heaven</EpisodeName>
  <EpisodeNumber>3</EpisodeNumber>
  <FirstAired>1998-10-10</FirstAired>
  <GuestStars>|Harry Groener|Joan McMurtrey|David Johansen|Hollis Resnik|Byrne Piven|</GuestStars>
  <IMDB_ID></IMDB_ID>
  <Language>en</Language>
  <Overview>A woman seeks Claire's help when she fears her marriage is in jeopardy because her husband feels frequent and sudden urges to sing and dance in public.</Overview>
  <ProductionCode>102</ProductionCode>
  <Rating></Rating>
  <RatingCount>0</RatingCount>
  <SeasonNumber>1</SeasonNumber>
  <Writer>|Jeff Reno|Ron Osborn|</Writer>
  <absolute_number></absolute_number>
  <filename>episodes/76612/203368.jpg</filename>
  <lastupdated>1242601410</lastupdated>
  <seasonid>10905</seasonid>
  <seriesid>76612</seriesid>
</Episode>
<Episode>
  <id>203369</id>
  <Combined_episodenumber>4</Combined_episodenumber>
  <Combined_season>1</Combined_season>
  <DVD_chapter></DVD_chapter>
  <DVD_discid></DVD_discid>
  <DVD_episodenumber></DVD_episodenumber>
  <DVD_season></DVD_season>
  <Director>|Elodie Keene|</Director>
  <EpImgFlag>1</EpImgFlag>
  <EpisodeName>A Truly Fractured Fairy Tale</EpisodeName>
  <EpisodeNumber>4</EpisodeNumber>
  <FirstAired>1998-10-17</FirstAired>
  <GuestStars>|Robert Mailhouse|Kate Hodge|David Johansen|Tim Gregory|Oksana Fedunyszyn|Nambi E. Kelley|Chris Erwin|</GuestStars>
  <IMDB_ID></IMDB_ID>
  <Language>en</Language>
  <Overview>Claire is receiving strange gifts from a secret admirer. While she slowly begins to fall for him, Trevor helps one of her patients meet the man of her dreams - a man she sees everyday on a billboard across the street from her work! In the meantime, Champ is asked to do some modelling ; reluctant, he finally decides to go for it when he realizes how much this exposure can help his burgeoning career as an actor. Structured like a fairy tale (&quot;&quot;once upon a time, there was a princess...&quot;&quot;), this episode is a wonderful example of television at its best. Also, Trevor's feelings for Claire become quite obvious with this episode.</Overview>
  <ProductionCode>103</ProductionCode>
  <Rating></Rating>
  <RatingCount>0</RatingCount>
  <SeasonNumber>1</SeasonNumber>
  <Writer>|Elle Triedman|</Writer>
  <absolute_number></absolute_number>
  <filename>episodes/76612/203369.jpg</filename>
  <lastupdated>1242601420</lastupdated>
  <seasonid>10905</seasonid>
  <seriesid>76612</seriesid>
</Episode>
<Episode>
  <id>203370</id>
  <Combined_episodenumber>5</Combined_episodenumber>
  <Combined_season>1</Combined_season>
  <DVD_chapter></DVD_chapter>
  <DVD_discid></DVD_discid>
  <DVD_episodenumber></DVD_episodenumber>
  <DVD_season></DVD_season>
  <Director>|Patrick Norris|</Director>
  <EpImgFlag>1</EpImgFlag>
  <EpisodeName>First Loves</EpisodeName>
  <EpisodeNumber>5</EpisodeNumber>
  <FirstAired>1998-10-24</FirstAired>
  <GuestStars>|Lisa Loeb|Hollis Resnik|Marc Vann|Wayne Brown|Olivia Miller|Kevin Michael Doyle|Kathryn Jaeck|Sean Bradley|Brett Ryback|Jeff DeRango|Sheila Carrosco|Ryan Marek|Will Malnati|Barrie Buckner|Tai'Isha Davis|David Lively|Tai'Isha Davis|</GuestStars>
  <IMDB_ID></IMDB_ID>
  <Language>en</Language>
  <Overview>Champ introduces Claire and Trevor to his long-time friend Sophie, a would-be singer who just signed a contract with a record company. When Sophie claims she does not believe in love, Trevor feels obliged to prove her wrong. They start discussing the past and Sophie's one-time crush, when she was a kid, comes to the surface. They decide to go back to her hometown and see what her old love interest has become, hoping that maybe something magical will happen. Claire is concerned and quite against the whole idea until her superior says that Trevor may have to be committed to a mental institute. She then feels that this little adventure may help her further her knowledge of Trevor and help decide on what to do with him... This episode contains a number of black &amp; white flashbacks, offering scenes of Sophie's, Champ's and Claire's youth. Obviously, Trevor was left out of the loop...</Overview>
  <ProductionCode>104</ProductionCode>
  <Rating></Rating>
  <RatingCount>0</RatingCount>
  <SeasonNumber>1</SeasonNumber>
  <Writer>|Hart Hanson|</Writer>
  <absolute_number></absolute_number>
  <filename>episodes/76612/203370.jpg</filename>
  <lastupdated>1242601428</lastupdated>
  <seasonid>10905</seasonid>
  <seriesid>76612</seriesid>
</Episode>
<Episode>
  <id>203371</id>
  <Combined_episodenumber>6</Combined_episodenumber>
  <Combined_season>1</Combined_season>
  <DVD_chapter></DVD_chapter>
  <DVD_discid></DVD_discid>
  <DVD_episodenumber></DVD_episodenumber>
  <DVD_season></DVD_season>
  <Director>|Michael Fields|</Director>
  <EpImgFlag>1</EpImgFlag>
  <EpisodeName>Meat Market</EpisodeName>
  <EpisodeNumber>6</EpisodeNumber>
  <FirstAired>1998-10-31</FirstAired>
  <GuestStars>|Anna Chlumsky|Joe Flanigan|Kate Walsh|Liza Cruzat|Margaret Travolta|Michael Guido|Luisa Strus|Kirk Anderson|Ian Vogt|Ed Bevan|Jennifer McComb|</GuestStars>
  <IMDB_ID></IMDB_ID>
  <Language>en</Language>
  <Overview>Champ tells Trevor that everytime he meets a girl, he ends up in a relationship. For once, he would like to experiment a one-night stand, to know how it feels. With Halloween just around the corner, Trevor feels this is the perfect opportunity to make his friend's dream come true. He also invites Claire's other patients to the party, telling them to forget their inhibitions and to just have fun. As for Claire, he challenges her, certain that she would turn down any man even if he were perfect for her. To prove his point, he searches and finds Alex, who seems a perfect match. While Claire first does seem reluctant, she finally falls under the man's charm - much to Trevor's dismay.</Overview>
  <ProductionCode>105</ProductionCode>
  <Rating></Rating>
  <RatingCount>0</RatingCount>
  <SeasonNumber>1</SeasonNumber>
  <Writer>|Rob Thomas (II)|</Writer>
  <absolute_number></absolute_number>
  <filename>episodes/76612/203371.jpg</filename>
  <lastupdated>1242601435</lastupdated>
  <seasonid>10905</seasonid>
  <seriesid>76612</seriesid>
</Episode>
<Episode>
  <id>203372</id>
  <Combined_episodenumber>7</Combined_episodenumber>
  <Combined_season>1</Combined_season>
  <DVD_chapter></DVD_chapter>
  <DVD_discid></DVD_discid>
  <DVD_episodenumber></DVD_episodenumber>
  <DVD_season></DVD_season>
  <Director>|Tucker Gates|</Director>
  <EpImgFlag>1</EpImgFlag>
  <EpisodeName>Pick-Up Schticks</EpisodeName>
  <EpisodeNumber>7</EpisodeNumber>
  <FirstAired>1998-11-07</FirstAired>
  <GuestStars>|Sherilyn Fenn|Todd Field|Joe Flanigan|Pat Caldwell|Geryll Robinson|Christian Stolte|Ed Kross|Daniel Ruben|Bob Rusch|</GuestStars>
  <IMDB_ID></IMDB_ID>
  <Language>en</Language>
  <Overview>Trevor is growing desperate. Caught between his desire to return home and his jealousy at seeing Claire having a serious relationship with Alex, he makes his first mistakes as a love counselor. On one side, he encourages a man to use a &quot;&quot;sure score&quot;&quot; pick-up technique that gets him the woman he wants but leaves him distressed and disgusted with himself for he feels he cannot be with a woman that would fall for such a trick. On the other end of the tunnel, his friend and roommate Champ is starting a new relationship and Trevor can't help but intervene - and in ways that pushes the woman away rather than bring her closer. And somewhere in the middle, Trevor himself is caught up in a strange relationship with Helen Davis, a woman he met at the bar. They're both attracted to each other, but Trevor tells Champ he can't have a relationship with a mortal, or he'll lose his immortality. And yet, he might just be desperate enough to not want it anymore...</Overview>
  <ProductionCode>106</ProductionCode>
  <Rating></Rating>
  <RatingCount>0</RatingCount>
  <SeasonNumber>1</SeasonNumber>
  <Writer>|Michael Conathan|Rob Thomas (II)|</Writer>
  <absolute_number></absolute_number>
  <filename>episodes/76612/203372.jpg</filename>
  <lastupdated>1242601444</lastupdated>
  <seasonid>10905</seasonid>
  <seriesid>76612</seriesid>
</Episode>
<Episode>
  <id>203373</id>
  <Combined_episodenumber>8</Combined_episodenumber>
  <Combined_season>1</Combined_season>
  <DVD_chapter></DVD_chapter>
  <DVD_discid></DVD_discid>
  <DVD_episodenumber></DVD_episodenumber>
  <DVD_season></DVD_season>
  <Director>|Michael Engler|</Director>
  <EpImgFlag>1</EpImgFlag>
  <EpisodeName>Heart of the Matter</EpisodeName>
  <EpisodeNumber>8</EpisodeNumber>
  <FirstAired>1998-11-21</FirstAired>
  <GuestStars>|Katy Selverstone|Joe Flanigan|Matt Roth|Guy Barile|Darren Bochat|Tobiasz Daszkiewicz|Linda Perlin|</GuestStars>
  <IMDB_ID></IMDB_ID>
  <Language>en</Language>
  <Overview>While looking for good romance videos to rent, Trevor meets Dan, the coach of a local hockey team. He invites him to a party at the bar, deciding that he should help him find his true love - namely, his neighbor Susan, a woman who seems to keep to herself, avoiding conversation and all contact with other people. Meanwhile, Claire is wondering why Alex seems to be avoiding her and fears that he may want to dump her. But the truth is that he is falling in love with her and afraid of his own feelings for her. Trevor finally manages to draw Susan to the party and have her meet Dan. But when she realizes that the man is trying to set her up, she flees. She later explains to Trevor that she cannot start a relationship because she only has six months left to live.</Overview>
  <ProductionCode>107</ProductionCode>
  <Rating></Rating>
  <RatingCount>0</RatingCount>
  <SeasonNumber>1</SeasonNumber>
  <Writer>|Karen Hall|</Writer>
  <absolute_number></absolute_number>
  <filename>episodes/76612/203373.jpg</filename>
  <lastupdated>1242601454</lastupdated>
  <seasonid>10905</seasonid>
  <seriesid>76612</seriesid>
</Episode>
<Episode>
  <id>203374</id>
  <Combined_episodenumber>9</Combined_episodenumber>
  <Combined_season>1</Combined_season>
  <DVD_chapter></DVD_chapter>
  <DVD_discid></DVD_discid>
  <DVD_episodenumber></DVD_episodenumber>
  <DVD_season></DVD_season>
  <Director>|Peter O'Fallon|</Director>
  <EpImgFlag>1</EpImgFlag>
  <EpisodeName>The End of an Eros</EpisodeName>
  <EpisodeNumber>9</EpisodeNumber>
  <FirstAired>1998-12-12</FirstAired>
  <GuestStars>|Amy Farrington|Joe Flanigan|Garrison Hershberger|Jennifer Crystal|Deborah Puette|Gwendolyn Whiteside|Heidi Kettenring|Turk Muller|Eric Johnson|</GuestStars>
  <IMDB_ID></IMDB_ID>
  <Language>en</Language>
  <Overview>Claire is delighted when her old professor, Dr. Wyatt, shows up at her office. She announces that she has just published a book and Claire invites her to attend her next singles group. But when her mentor speaks up at the meeting, she is startled to hear her claim that love is a myth. Needless to say, Trevor is just as baffled and, for once, the two of them are in agreement. Then Alex tells Claire that he was offered an important job - but in another city. Claire starts to doubt and lose her faith in the power of love...</Overview>
  <ProductionCode>108</ProductionCode>
  <Rating></Rating>
  <RatingCount>0</RatingCount>
  <SeasonNumber>1</SeasonNumber>
  <Writer>|Michael Green|</Writer>
  <absolute_number></absolute_number>
  <filename>episodes/76612/203374.jpg</filename>
  <lastupdated>1242601473</lastupdated>
  <seasonid>10905</seasonid>
  <seriesid>76612</seriesid>
</Episode>
<Episode>
  <id>203375</id>
  <Combined_episodenumber>10</Combined_episodenumber>
  <Combined_season>1</Combined_season>
  <DVD_chapter></DVD_chapter>
  <DVD_discid></DVD_discid>
  <DVD_episodenumber></DVD_episodenumber>
  <DVD_season></DVD_season>
  <Director>|David Petrarca|Hart Hanson|Rob Thomas (II)|</Director>
  <EpImgFlag>1</EpImgFlag>
  <EpisodeName>Hung Jury</EpisodeName>
  <EpisodeNumber>10</EpisodeNumber>
  <FirstAired>1998-12-19</FirstAired>
  <GuestStars>|Kim Fields|Shawn Michael Howard|Brian Baker|Mike Nussbaum|Matt DeCaro|B.J. Jones|Joey Hansa|Julio Godinez|Steven Fristoe|Geryll Robinson|</GuestStars>
  <IMDB_ID></IMDB_ID>
  <Language>en</Language>
  <Overview>While Christmas shopping, Claire and Trevor get caught up in jury duty. Claire has plans to spend the holidays with Alex and so - like most of the other jurors - would like to get this over with as quickly as possible. But Trevor, who was going to spend Christmas alone anyway, spots two possible matches and voluntarily votes differently then the others. He then desperately tries to convince everyone that the man who is being judged actually is innocent...</Overview>
  <ProductionCode>110</ProductionCode>
  <Rating></Rating>
  <RatingCount>0</RatingCount>
  <SeasonNumber>1</SeasonNumber>
  <Writer>|Michael Green|Michael Conathan|</Writer>
  <absolute_number></absolute_number>
  <filename>episodes/76612/203375.jpg</filename>
  <lastupdated>1242601483</lastupdated>
  <seasonid>10905</seasonid>
  <seriesid>76612</seriesid>
</Episode>
<Episode>
  <id>203376</id>
  <Combined_episodenumber>11</Combined_episodenumber>
  <Combined_season>1</Combined_season>
  <DVD_chapter></DVD_chapter>
  <DVD_discid></DVD_discid>
  <DVD_episodenumber></DVD_episodenumber>
  <DVD_season></DVD_season>
  <Director>|Deran Sarafian|</Director>
  <EpImgFlag>1</EpImgFlag>
  <EpisodeName>A Great Personality</EpisodeName>
  <EpisodeNumber>11</EpisodeNumber>
  <FirstAired>1999-01-07</FirstAired>
  <GuestStars>|Christine Taylor|Marc Vann|Grant Heslov|Geryll Robinson|Tim Decker|Joe Petcka|Laurie Fortier|Hanna Dworkin|Jodi Wright|Owen Smith|</GuestStars>
  <IMDB_ID></IMDB_ID>
  <Language>en</Language>
  <Overview>Trevor tries to help a new member of the singles group, a woman who wants to be loved for her personality rather than her looks, while Claire revisits an old nemesis in hopes of discovering clues to Trevor's true identity.</Overview>
  <ProductionCode>112</ProductionCode>
  <Rating></Rating>
  <RatingCount>0</RatingCount>
  <SeasonNumber>1</SeasonNumber>
  <Writer>|Rob Thomas (II)|</Writer>
  <absolute_number></absolute_number>
  <filename>episodes/76612/203376.jpg</filename>
  <lastupdated>1242601493</lastupdated>
  <seasonid>10905</seasonid>
  <seriesid>76612</seriesid>
</Episode>
<Episode>
  <id>203377</id>
  <Combined_episodenumber>12</Combined_episodenumber>
  <Combined_season>1</Combined_season>
  <DVD_chapter></DVD_chapter>
  <DVD_discid></DVD_discid>
  <DVD_episodenumber></DVD_episodenumber>
  <DVD_season></DVD_season>
  <Director>|Nick Marck|</Director>
  <EpImgFlag>1</EpImgFlag>
  <EpisodeName>Grand Delusions</EpisodeName>
  <EpisodeNumber>12</EpisodeNumber>
  <FirstAired>1999-01-14</FirstAired>
  <GuestStars>|Barry Newman|Patrick Fabian|Daphne Ashbrook|Tony Fitzpatrick|Sephus Booker|Tom Lowell|Mike Vieau|</GuestStars>
  <IMDB_ID></IMDB_ID>
  <Language>en</Language>
  <Overview>Trevor tries to arrange a match between a man who thinks he's Don Quixote and an exotic dancer, while Claire has a reunion with her jazz-musician father.</Overview>
  <ProductionCode>111</ProductionCode>
  <Rating></Rating>
  <RatingCount>0</RatingCount>
  <SeasonNumber>1</SeasonNumber>
  <Writer>|Sy Dukane|Denise Moss|</Writer>
  <absolute_number></absolute_number>
  <filename>episodes/76612/203377.jpg</filename>
  <lastupdated>1242601501</lastupdated>
  <seasonid>10905</seasonid>
  <seriesid>76612</seriesid>
</Episode>
<Episode>
  <id>203378</id>
  <Combined_episodenumber>13</Combined_episodenumber>
  <Combined_season>1</Combined_season>
  <DVD_chapter></DVD_chapter>
  <DVD_discid></DVD_discid>
  <DVD_episodenumber></DVD_episodenumber>
  <DVD_season></DVD_season>
  <Director>|Stephen Cragg|</Director>
  <EpImgFlag>1</EpImgFlag>
  <EpisodeName>Bachelorette Party</EpisodeName>
  <EpisodeNumber>13</EpisodeNumber>
  <FirstAired>1999-01-28</FirstAired>
  <GuestStars>|Jessica Tuck|Scott Atkinson|Karin Anglin|Mindy Hester|Wendy Carter|Denise Odom|Julie Greenberg|Kelly Miller|</GuestStars>
  <IMDB_ID></IMDB_ID>
  <Language>en</Language>
  <Overview>Trevor ruins a bachelorette party Claire is giving for her best friend when he reveals that her fiance has been having a long-term affair with a promiscuous former classmate.</Overview>
  <ProductionCode>109</ProductionCode>
  <Rating></Rating>
  <RatingCount>0</RatingCount>
  <SeasonNumber>1</SeasonNumber>
  <Writer>|Dahlia Borthwick|</Writer>
  <absolute_number></absolute_number>
  <filename>episodes/76612/203378.jpg</filename>
  <lastupdated>1242601527</lastupdated>
  <seasonid>10905</seasonid>
  <seriesid>76612</seriesid>
</Episode>
<Episode>
  <id>203379</id>
  <Combined_episodenumber>14</Combined_episodenumber>
  <Combined_season>1</Combined_season>
  <DVD_chapter></DVD_chapter>
  <DVD_discid></DVD_discid>
  <DVD_episodenumber></DVD_episodenumber>
  <DVD_season></DVD_season>
  <Director>|Michael Katleman|</Director>
  <EpImgFlag>1</EpImgFlag>
  <EpisodeName>The Children's Hour</EpisodeName>
  <EpisodeNumber>14</EpisodeNumber>
  <FirstAired>1999-02-11</FirstAired>
  <GuestStars>|Tiffani-Amber Thiessen|Ben Bode|Jaime Renee Smith|Joey Zimmermann|Stephnie Weir|Mary Ann Thebus|Lucina Paquet|Joe Foust|Aaron Himelstein|Jacob Miller|Joe Forbrich|Jamie Renee Smith|</GuestStars>
  <IMDB_ID></IMDB_ID>
  <Language>en</Language>
  <Overview>Precocious twins ask Trevor to find a match for their single, down-on-men mom, triggering Champ's memories of a former relationship.</Overview>
  <ProductionCode>113</ProductionCode>
  <Rating></Rating>
  <RatingCount>0</RatingCount>
  <SeasonNumber>1</SeasonNumber>
  <Writer>|Hart Hanson|</Writer>
  <absolute_number></absolute_number>
  <filename>episodes/76612/203379.jpg</filename>
  <lastupdated>1242601538</lastupdated>
  <seasonid>10905</seasonid>
  <seriesid>76612</seriesid>
</Episode>
<Episode>
  <id>203380</id>
  <Combined_episodenumber>15</Combined_episodenumber>
  <Combined_season>1</Combined_season>
  <DVD_chapter></DVD_chapter>
  <DVD_discid></DVD_discid>
  <DVD_episodenumber></DVD_episodenumber>
  <DVD_season></DVD_season>
  <Director>|James Whitmore Jr.|</Director>
  <EpImgFlag>1</EpImgFlag>
  <EpisodeName>Botched Makeover</EpisodeName>
  <EpisodeNumber>15</EpisodeNumber>
  <FirstAired></FirstAired>
  <GuestStars>|Laura Leighton|Lance Baker|Billie Worley|Dan Gauthier|Stephnie Weir|Rebekah Louise Smith|Tami Sagher|Gillain Vigman|Sam Derence|Tab Baker|Jill Kraft|Doug James|</GuestStars>
  <IMDB_ID></IMDB_ID>
  <Language>en</Language>
  <Overview>When Trevor visits the set of Champ's TV-show he meets an intelligent, modest assistant who never got much respect from her colleagues. When he hears she sends herself flowers to spice up her boring life, he invites her for one of Claire's sessions. During the first session she already gets in contact with Tom Caighne, a first class womanizer.</Overview>
  <ProductionCode>114</ProductionCode>
  <Rating></Rating>
  <RatingCount>0</RatingCount>
  <SeasonNumber>1</SeasonNumber>
  <Writer>|Vanessa Taylor|Rob Thomas (II)|</Writer>
  <absolute_number></absolute_number>
  <filename>episodes/76612/203380.jpg</filename>
  <lastupdated>1242601547</lastupdated>
  <seasonid>10905</seasonid>
  <seriesid>76612</seriesid>
</Episode>
<Episode>
  <id>203381</id>
  <Combined_episodenumber>16</Combined_episodenumber>
  <Combined_season>1</Combined_season>
  <DVD_chapter></DVD_chapter>
  <DVD_discid></DVD_discid>
  <DVD_episodenumber></DVD_episodenumber>
  <DVD_season></DVD_season>
  <Director></Director>
  <EpImgFlag></EpImgFlag>
  <EpisodeName>Company Pier</EpisodeName>
  <EpisodeNumber>16</EpisodeNumber>
  <FirstAired></FirstAired>
  <GuestStars></GuestStars>
  <IMDB_ID></IMDB_ID>
  <Language>en</Language>
  <Overview>While Champ finally has some luck with the ladies, he has trouble deciding if she's using her job to get him or not. At the same time a vicious nurse gives &quot;&quot;the love police&quot;&quot; at human resources proof that suggests that Trevor and Claire are having an affair. The hospital doesn't permit this of course, and during the investigation, Trevor gets another doctor, who thinks that Trevor would be easy to crack.</Overview>
  <ProductionCode></ProductionCode>
  <Rating></Rating>
  <RatingCount>0</RatingCount>
  <SeasonNumber>1</SeasonNumber>
  <Writer></Writer>
  <absolute_number></absolute_number>
  <filename></filename>
  <lastupdated>1163101692</lastupdated>
  <seasonid>10905</seasonid>
  <seriesid>76612</seriesid>
</Episode>
<Episode>
  <id>203382</id>
  <Combined_episodenumber>17</Combined_episodenumber>
  <Combined_season>1</Combined_season>
  <DVD_chapter></DVD_chapter>
  <DVD_discid></DVD_discid>
  <DVD_episodenumber></DVD_episodenumber>
  <DVD_season></DVD_season>
  <Director></Director>
  <EpImgFlag></EpImgFlag>
  <EpisodeName>Chapter Six</EpisodeName>
  <EpisodeNumber>17</EpisodeNumber>
  <FirstAired></FirstAired>
  <GuestStars></GuestStars>
  <IMDB_ID></IMDB_ID>
  <Language>en</Language>
  <Overview></Overview>
  <ProductionCode></ProductionCode>
  <Rating></Rating>
  <RatingCount>0</RatingCount>
  <SeasonNumber>1</SeasonNumber>
  <Writer></Writer>
  <absolute_number></absolute_number>
  <filename></filename>
  <lastupdated>1163101692</lastupdated>
  <seasonid>10905</seasonid>
  <seriesid>76612</seriesid>
</Episode>
</Data>