<?xml version="1.0" encoding="UTF-8" ?>
<Actors>
<Actor>
  <id>9690</id>
  <Image>actors/9690.jpg</Image>
  <Name>Patrick Stewart</Name>
  <Role>Jean-Luc Picard</Role>
  <SortOrder>0</SortOrder>
</Actor>
<Actor>
  <id>9691</id>
  <Image>actors/9691.jpg</Image>
  <Name>Jonathan Frakes</Name>
  <Role>William T. Riker</Role>
  <SortOrder>1</SortOrder>
</Actor>
<Actor>
  <id>9687</id>
  <Image>actors/9687.jpg</Image>
  <Name>Marina Sirtis</Name>
  <Role>Deanna Troi</Role>
  <SortOrder>1</SortOrder>
</Actor>
<Actor>
  <id>9692</id>
  <Image>actors/9692.jpg</Image>
  <Name>Michael Dorn</Name>
  <Role>Worf</Role>
  <SortOrder>2</SortOrder>
</Actor>
<Actor>
  <id>9688</id>
  <Image>actors/9688.jpg</Image>
  <Name>Brent Spiner</Name>
  <Role>Data</Role>
  <SortOrder>2</SortOrder>
</Actor>
<Actor>
  <id>9694</id>
  <Image>actors/9694.jpg</Image>
  <Name>Gates McFadden</Name>
  <Role>Beverly Crusher</Role>
  <SortOrder>3</SortOrder>
</Actor>
<Actor>
  <id>9693</id>
  <Image>actors/9693.jpg</Image>
  <Name>LeVar Burton</Name>
  <Role>Geordi LaForge</Role>
  <SortOrder>3</SortOrder>
</Actor>
<Actor>
  <id>85401</id>
  <Image>actors/85401.jpg</Image>
  <Name>Michelle Forbes</Name>
  <Role>Ro Laren</Role>
  <SortOrder>3</SortOrder>
</Actor>
<Actor>
  <id>85381</id>
  <Image>actors/85381.jpg</Image>
  <Name>Denise Crosby</Name>
  <Role>Tasha Yar</Role>
  <SortOrder>3</SortOrder>
</Actor>
<Actor>
  <id>84611</id>
  <Image>actors/84611.jpg</Image>
  <Name>Colm Meaney</Name>
  <Role>Miles O'Brien</Role>
  <SortOrder>3</SortOrder>
</Actor>
<Actor>
  <id>84601</id>
  <Image>actors/84601.jpg</Image>
  <Name>Wil Wheaton</Name>
  <Role>Wesley Crusher</Role>
  <SortOrder>3</SortOrder>
</Actor>
<Actor>
  <id>84591</id>
  <Image>actors/84591.jpg</Image>
  <Name>Whoopi Goldberg</Name>
  <Role>Guinan</Role>
  <SortOrder>3</SortOrder>
</Actor>
</Actors>