<?xml version="1.0" encoding="UTF-8" ?>
<Banners>
<Banner>
  <id>231381</id>
  <BannerPath>fanart/original/71470-28.jpg</BannerPath>
  <BannerType>fanart</BannerType>
  <BannerType2>1920x1080</BannerType2>
  <Colors>|164,143,60|69,15,5|74,116,188|</Colors>
  <Language>en</Language>
  <Rating>7.6000</Rating>
  <RatingCount>15</RatingCount>
  <SeriesName>false</SeriesName>
  <ThumbnailPath>_cache/fanart/original/71470-28.jpg</ThumbnailPath>
  <VignettePath>fanart/vignette/71470-28.jpg</VignettePath>
</Banner>
<Banner>
  <id>235281</id>
  <BannerPath>fanart/original/71470-31.jpg</BannerPath>
  <BannerType>fanart</BannerType>
  <BannerType2>1920x1080</BannerType2>
  <Colors>|198,138,88|10,41,106|116,117,135|</Colors>
  <Language>en</Language>
  <Rating>7.5556</Rating>
  <RatingCount>9</RatingCount>
  <SeriesName>false</SeriesName>
  <ThumbnailPath>_cache/fanart/original/71470-31.jpg</ThumbnailPath>
  <VignettePath>fanart/vignette/71470-31.jpg</VignettePath>
</Banner>
<Banner>
  <id>42774</id>
  <BannerPath>fanart/original/71470-14.jpg</BannerPath>
  <BannerType>fanart</BannerType>
  <BannerType2>1280x720</BannerType2>
  <Colors>|119,48,64|125,132,160|67,101,147|</Colors>
  <Language>en</Language>
  <Rating>7.4000</Rating>
  <RatingCount>10</RatingCount>
  <SeriesName>false</SeriesName>
  <ThumbnailPath>_cache/fanart/original/71470-14.jpg</ThumbnailPath>
  <VignettePath>fanart/vignette/71470-14.jpg</VignettePath>
</Banner>
<Banner>
  <id>226921</id>
  <BannerPath>fanart/original/71470-27.jpg</BannerPath>
  <BannerType>fanart</BannerType>
  <BannerType2>1920x1080</BannerType2>
  <Colors>|105,65,66|12,17,49|23,30,36|</Colors>
  <Language>en</Language>
  <Rating>7.0000</Rating>
  <RatingCount>8</RatingCount>
  <SeriesName>false</SeriesName>
  <ThumbnailPath>_cache/fanart/original/71470-27.jpg</ThumbnailPath>
  <VignettePath>fanart/vignette/71470-27.jpg</VignettePath>
</Banner>
<Banner>
  <id>231421</id>
  <BannerPath>fanart/original/71470-29.jpg</BannerPath>
  <BannerType>fanart</BannerType>
  <BannerType2>1920x1080</BannerType2>
  <Colors>|217,111,49|79,134,255|80,82,94|</Colors>
  <Language>en</Language>
  <Rating>6.9167</Rating>
  <RatingCount>12</RatingCount>
  <SeriesName>false</SeriesName>
  <ThumbnailPath>_cache/fanart/original/71470-29.jpg</ThumbnailPath>
  <VignettePath>fanart/vignette/71470-29.jpg</VignettePath>
</Banner>
<Banner>
  <id>226911</id>
  <BannerPath>fanart/original/71470-25.jpg</BannerPath>
  <BannerType>fanart</BannerType>
  <BannerType2>1920x1080</BannerType2>
  <Colors>|120,177,254|84,30,54|77,91,118|</Colors>
  <Language>en</Language>
  <Rating>6.5000</Rating>
  <RatingCount>4</RatingCount>
  <SeriesName>false</SeriesName>
  <ThumbnailPath>_cache/fanart/original/71470-25.jpg</ThumbnailPath>
  <VignettePath>fanart/vignette/71470-25.jpg</VignettePath>
</Banner>
<Banner>
  <id>118541</id>
  <BannerPath>fanart/original/71470-23.jpg</BannerPath>
  <BannerType>fanart</BannerType>
  <BannerType2>1280x720</BannerType2>
  <Colors></Colors>
  <Language>de</Language>
  <Rating>6.4286</Rating>
  <RatingCount>7</RatingCount>
  <SeriesName>false</SeriesName>
  <ThumbnailPath>_cache/fanart/original/71470-23.jpg</ThumbnailPath>
  <VignettePath>fanart/vignette/71470-23.jpg</VignettePath>
</Banner>
<Banner>
  <id>20537</id>
  <BannerPath>fanart/original/71470-1.jpg</BannerPath>
  <BannerType>fanart</BannerType>
  <BannerType2>1280x720</BannerType2>
  <Colors>|170,220,255|253,129,121|17,37,61|</Colors>
  <Language>en</Language>
  <Rating>6.4000</Rating>
  <RatingCount>10</RatingCount>
  <SeriesName>false</SeriesName>
  <ThumbnailPath>_cache/fanart/original/71470-1.jpg</ThumbnailPath>
  <VignettePath>fanart/vignette/71470-1.jpg</VignettePath>
</Banner>
<Banner>
  <id>235151</id>
  <BannerPath>fanart/original/71470-2.jpg</BannerPath>
  <BannerType>fanart</BannerType>
  <BannerType2>1920x1080</BannerType2>
  <Colors>|200,50,62|24,26,47|106,150,177|</Colors>
  <Language>en</Language>
  <Rating>6.2000</Rating>
  <RatingCount>5</RatingCount>
  <SeriesName>false</SeriesName>
  <ThumbnailPath>_cache/fanart/original/71470-2.jpg</ThumbnailPath>
  <VignettePath>fanart/vignette/71470-2.jpg</VignettePath>
</Banner>
<Banner>
  <id>378791</id>
  <BannerPath>fanart/original/71470-4.jpg</BannerPath>
  <BannerType>fanart</BannerType>
  <BannerType2>1280x720</BannerType2>
  <Colors>|53,101,141|89,131,189|70,9,14|</Colors>
  <Language>en</Language>
  <Rating>6.0000</Rating>
  <RatingCount>2</RatingCount>
  <SeriesName>false</SeriesName>
  <ThumbnailPath>_cache/fanart/original/71470-4.jpg</ThumbnailPath>
  <VignettePath>fanart/vignette/71470-4.jpg</VignettePath>
</Banner>
<Banner>
  <id>919185</id>
  <BannerPath>fanart/original/71470-32.jpg</BannerPath>
  <BannerType>fanart</BannerType>
  <BannerType2>1920x1080</BannerType2>
  <Colors></Colors>
  <Language>en</Language>
  <Rating>6.0000</Rating>
  <RatingCount>1</RatingCount>
  <SeriesName>false</SeriesName>
  <ThumbnailPath>_cache/fanart/original/71470-32.jpg</ThumbnailPath>
  <VignettePath>fanart/vignette/71470-32.jpg</VignettePath>
</Banner>
<Banner>
  <id>928341</id>
  <BannerPath>fanart/original/71470-33.jpg</BannerPath>
  <BannerType>fanart</BannerType>
  <BannerType2>1920x1080</BannerType2>
  <Colors></Colors>
  <Language>de</Language>
  <Rating>6.0000</Rating>
  <RatingCount>1</RatingCount>
  <SeriesName>false</SeriesName>
  <ThumbnailPath>_cache/fanart/original/71470-33.jpg</ThumbnailPath>
  <VignettePath>fanart/vignette/71470-33.jpg</VignettePath>
</Banner>
<Banner>
  <id>235161</id>
  <BannerPath>fanart/original/71470-3.jpg</BannerPath>
  <BannerType>fanart</BannerType>
  <BannerType2>1920x1080</BannerType2>
  <Colors>|92,158,52|47,89,171|127,128,120|</Colors>
  <Language>en</Language>
  <Rating>5.8333</Rating>
  <RatingCount>6</RatingCount>
  <SeriesName>false</SeriesName>
  <ThumbnailPath>_cache/fanart/original/71470-3.jpg</ThumbnailPath>
  <VignettePath>fanart/vignette/71470-3.jpg</VignettePath>
</Banner>
<Banner>
  <id>64811</id>
  <BannerPath>fanart/original/71470-16.jpg</BannerPath>
  <BannerType>fanart</BannerType>
  <BannerType2>1280x720</BannerType2>
  <Colors></Colors>
  <Language>en</Language>
  <Rating>5.8000</Rating>
  <RatingCount>5</RatingCount>
  <SeriesName>false</SeriesName>
  <ThumbnailPath>_cache/fanart/original/71470-16.jpg</ThumbnailPath>
  <VignettePath>fanart/vignette/71470-16.jpg</VignettePath>
</Banner>
<Banner>
  <id>32451</id>
  <BannerPath>fanart/original/71470-5.jpg</BannerPath>
  <BannerType>fanart</BannerType>
  <BannerType2>1280x720</BannerType2>
  <Colors>|252,242,253|1,1,1|47,116,211|</Colors>
  <Language>en</Language>
  <Rating>5.6250</Rating>
  <RatingCount>8</RatingCount>
  <SeriesName>false</SeriesName>
  <ThumbnailPath>_cache/fanart/original/71470-5.jpg</ThumbnailPath>
  <VignettePath>fanart/vignette/71470-5.jpg</VignettePath>
</Banner>
<Banner>
  <id>383721</id>
  <BannerPath>fanart/original/71470-11.jpg</BannerPath>
  <BannerType>fanart</BannerType>
  <BannerType2>1280x720</BannerType2>
  <Colors></Colors>
  <Language>en</Language>
  <Rating>5.5000</Rating>
  <RatingCount>2</RatingCount>
  <SeriesName>false</SeriesName>
  <ThumbnailPath>_cache/fanart/original/71470-11.jpg</ThumbnailPath>
  <VignettePath>fanart/vignette/71470-11.jpg</VignettePath>
</Banner>
<Banner>
  <id>383691</id>
  <BannerPath>fanart/original/71470-10.jpg</BannerPath>
  <BannerType>fanart</BannerType>
  <BannerType2>1280x720</BannerType2>
  <Colors></Colors>
  <Language>en</Language>
  <Rating>5.5000</Rating>
  <RatingCount>2</RatingCount>
  <SeriesName>false</SeriesName>
  <ThumbnailPath>_cache/fanart/original/71470-10.jpg</ThumbnailPath>
  <VignettePath>fanart/vignette/71470-10.jpg</VignettePath>
</Banner>
<Banner>
  <id>36067</id>
  <BannerPath>fanart/original/71470-8.jpg</BannerPath>
  <BannerType>fanart</BannerType>
  <BannerType2>1280x720</BannerType2>
  <Colors></Colors>
  <Language>en</Language>
  <Rating>5.3333</Rating>
  <RatingCount>6</RatingCount>
  <SeriesName>false</SeriesName>
  <ThumbnailPath>_cache/fanart/original/71470-8.jpg</ThumbnailPath>
  <VignettePath>fanart/vignette/71470-8.jpg</VignettePath>
</Banner>
<Banner>
  <id>42773</id>
  <BannerPath>fanart/original/71470-13.jpg</BannerPath>
  <BannerType>fanart</BannerType>
  <BannerType2>1280x720</BannerType2>
  <Colors></Colors>
  <Language>en</Language>
  <Rating>4.5000</Rating>
  <RatingCount>2</RatingCount>
  <SeriesName>false</SeriesName>
  <ThumbnailPath>_cache/fanart/original/71470-13.jpg</ThumbnailPath>
  <VignettePath>fanart/vignette/71470-13.jpg</VignettePath>
</Banner>
<Banner>
  <id>118631</id>
  <BannerPath>fanart/original/71470-26.jpg</BannerPath>
  <BannerType>fanart</BannerType>
  <BannerType2>1280x720</BannerType2>
  <Colors></Colors>
  <Language>de</Language>
  <Rating>4.3333</Rating>
  <RatingCount>3</RatingCount>
  <SeriesName>false</SeriesName>
  <ThumbnailPath>_cache/fanart/original/71470-26.jpg</ThumbnailPath>
  <VignettePath>fanart/vignette/71470-26.jpg</VignettePath>
</Banner>
<Banner>
  <id>36065</id>
  <BannerPath>fanart/original/71470-6.jpg</BannerPath>
  <BannerType>fanart</BannerType>
  <BannerType2>1280x720</BannerType2>
  <Colors></Colors>
  <Language>en</Language>
  <Rating>4.2500</Rating>
  <RatingCount>4</RatingCount>
  <SeriesName>false</SeriesName>
  <ThumbnailPath>_cache/fanart/original/71470-6.jpg</ThumbnailPath>
  <VignettePath>fanart/vignette/71470-6.jpg</VignettePath>
</Banner>
<Banner>
  <id>65471</id>
  <BannerPath>fanart/original/71470-20.jpg</BannerPath>
  <BannerType>fanart</BannerType>
  <BannerType2>1280x720</BannerType2>
  <Colors></Colors>
  <Language>en</Language>
  <Rating>4.2000</Rating>
  <RatingCount>5</RatingCount>
  <SeriesName>false</SeriesName>
  <ThumbnailPath>_cache/fanart/original/71470-20.jpg</ThumbnailPath>
  <VignettePath>fanart/vignette/71470-20.jpg</VignettePath>
</Banner>
<Banner>
  <id>65481</id>
  <BannerPath>fanart/original/71470-21.jpg</BannerPath>
  <BannerType>fanart</BannerType>
  <BannerType2>1280x720</BannerType2>
  <Colors></Colors>
  <Language>en</Language>
  <Rating>4.0000</Rating>
  <RatingCount>5</RatingCount>
  <SeriesName>false</SeriesName>
  <ThumbnailPath>_cache/fanart/original/71470-21.jpg</ThumbnailPath>
  <VignettePath>fanart/vignette/71470-21.jpg</VignettePath>
</Banner>
<Banner>
  <id>64821</id>
  <BannerPath>fanart/original/71470-17.jpg</BannerPath>
  <BannerType>fanart</BannerType>
  <BannerType2>1280x720</BannerType2>
  <Colors></Colors>
  <Language>en</Language>
  <Rating>4.0000</Rating>
  <RatingCount>5</RatingCount>
  <SeriesName>false</SeriesName>
  <ThumbnailPath>_cache/fanart/original/71470-17.jpg</ThumbnailPath>
  <VignettePath>fanart/vignette/71470-17.jpg</VignettePath>
</Banner>
<Banner>
  <id>36066</id>
  <BannerPath>fanart/original/71470-7.jpg</BannerPath>
  <BannerType>fanart</BannerType>
  <BannerType2>1280x720</BannerType2>
  <Colors></Colors>
  <Language>en</Language>
  <Rating>4.0000</Rating>
  <RatingCount>3</RatingCount>
  <SeriesName>false</SeriesName>
  <ThumbnailPath>_cache/fanart/original/71470-7.jpg</ThumbnailPath>
  <VignettePath>fanart/vignette/71470-7.jpg</VignettePath>
</Banner>
<Banner>
  <id>64801</id>
  <BannerPath>fanart/original/71470-15.jpg</BannerPath>
  <BannerType>fanart</BannerType>
  <BannerType2>1280x720</BannerType2>
  <Colors></Colors>
  <Language>en</Language>
  <Rating>3.8000</Rating>
  <RatingCount>5</RatingCount>
  <SeriesName>false</SeriesName>
  <ThumbnailPath>_cache/fanart/original/71470-15.jpg</ThumbnailPath>
  <VignettePath>fanart/vignette/71470-15.jpg</VignettePath>
</Banner>
<Banner>
  <id>36068</id>
  <BannerPath>fanart/original/71470-9.jpg</BannerPath>
  <BannerType>fanart</BannerType>
  <BannerType2>1280x720</BannerType2>
  <Colors></Colors>
  <Language>en</Language>
  <Rating>3.7500</Rating>
  <RatingCount>4</RatingCount>
  <SeriesName>false</SeriesName>
  <ThumbnailPath>_cache/fanart/original/71470-9.jpg</ThumbnailPath>
  <VignettePath>fanart/vignette/71470-9.jpg</VignettePath>
</Banner>
<Banner>
  <id>179901</id>
  <BannerPath>fanart/original/71470-24.jpg</BannerPath>
  <BannerType>fanart</BannerType>
  <BannerType2>1280x720</BannerType2>
  <Colors></Colors>
  <Language>fr</Language>
  <Rating>3.5000</Rating>
  <RatingCount>2</RatingCount>
  <SeriesName>false</SeriesName>
  <ThumbnailPath>_cache/fanart/original/71470-24.jpg</ThumbnailPath>
  <VignettePath>fanart/vignette/71470-24.jpg</VignettePath>
</Banner>
<Banner>
  <id>65461</id>
  <BannerPath>fanart/original/71470-19.jpg</BannerPath>
  <BannerType>fanart</BannerType>
  <BannerType2>1280x720</BannerType2>
  <Colors></Colors>
  <Language>en</Language>
  <Rating>3.2500</Rating>
  <RatingCount>4</RatingCount>
  <SeriesName>false</SeriesName>
  <ThumbnailPath>_cache/fanart/original/71470-19.jpg</ThumbnailPath>
  <VignettePath>fanart/vignette/71470-19.jpg</VignettePath>
</Banner>
<Banner>
  <id>37517</id>
  <BannerPath>fanart/original/71470-12.jpg</BannerPath>
  <BannerType>fanart</BannerType>
  <BannerType2>1920x1080</BannerType2>
  <Colors>|245,217,177|103,92,72|151,72,67|</Colors>
  <Language>en</Language>
  <Rating>2.0000</Rating>
  <RatingCount>3</RatingCount>
  <SeriesName>false</SeriesName>
  <ThumbnailPath>_cache/fanart/original/71470-12.jpg</ThumbnailPath>
  <VignettePath>fanart/vignette/71470-12.jpg</VignettePath>
</Banner>
<Banner>
  <id>448131</id>
  <BannerPath>fanart/original/71470-18.jpg</BannerPath>
  <BannerType>fanart</BannerType>
  <BannerType2>1280x720</BannerType2>
  <Colors></Colors>
  <Language>en</Language>
  <Rating>1.5000</Rating>
  <RatingCount>2</RatingCount>
  <SeriesName>true</SeriesName>
  <ThumbnailPath>_cache/fanart/original/71470-18.jpg</ThumbnailPath>
  <VignettePath>fanart/vignette/71470-18.jpg</VignettePath>
</Banner>
<Banner>
  <id>873198</id>
  <BannerPath>fanart/original/71470-22.jpg</BannerPath>
  <BannerType>fanart</BannerType>
  <BannerType2>1280x720</BannerType2>
  <Colors></Colors>
  <Language>de</Language>
  <Rating></Rating>
  <RatingCount>0</RatingCount>
  <SeriesName>false</SeriesName>
  <ThumbnailPath>_cache/fanart/original/71470-22.jpg</ThumbnailPath>
  <VignettePath>fanart/vignette/71470-22.jpg</VignettePath>
</Banner>
<Banner>
  <id>30240</id>
  <BannerPath>posters/71470-2.jpg</BannerPath>
  <BannerType>poster</BannerType>
  <BannerType2>680x1000</BannerType2>
  <Language>en</Language>
  <Rating>7.3333</Rating>
  <RatingCount>18</RatingCount>
</Banner>
<Banner>
  <id>235351</id>
  <BannerPath>posters/71470-4.jpg</BannerPath>
  <BannerType>poster</BannerType>
  <BannerType2>680x1000</BannerType2>
  <Language>en</Language>
  <Rating>7.1875</Rating>
  <RatingCount>16</RatingCount>
</Banner>
<Banner>
  <id>226771</id>
  <BannerPath>posters/71470-3.jpg</BannerPath>
  <BannerType>poster</BannerType>
  <BannerType2>680x1000</BannerType2>
  <Language>en</Language>
  <Rating>6.5556</Rating>
  <RatingCount>9</RatingCount>
</Banner>
<Banner>
  <id>28417</id>
  <BannerPath>posters/71470-1.jpg</BannerPath>
  <BannerType>poster</BannerType>
  <BannerType2>680x1000</BannerType2>
  <Language>en</Language>
  <Rating>6.5000</Rating>
  <RatingCount>6</RatingCount>
</Banner>
<Banner>
  <id>6478</id>
  <BannerPath>seasons/137-1.jpg</BannerPath>
  <BannerType>season</BannerType>
  <BannerType2>season</BannerType2>
  <Language>en</Language>
  <Rating>7.6250</Rating>
  <RatingCount>16</RatingCount>
  <Season>1</Season>
</Banner>
<Banner>
  <id>6482</id>
  <BannerPath>seasons/137-5.jpg</BannerPath>
  <BannerType>season</BannerType>
  <BannerType2>season</BannerType2>
  <Language>en</Language>
  <Rating>7.4545</Rating>
  <RatingCount>11</RatingCount>
  <Season>5</Season>
</Banner>
<Banner>
  <id>892588</id>
  <BannerPath>seasons/71470-1-4.jpg</BannerPath>
  <BannerType>season</BannerType>
  <BannerType2>season</BannerType2>
  <Language>en</Language>
  <Rating>7.4286</Rating>
  <RatingCount>7</RatingCount>
  <Season>1</Season>
</Banner>
<Banner>
  <id>256761</id>
  <BannerPath>seasons/71470-0.jpg</BannerPath>
  <BannerType>season</BannerType>
  <BannerType2>season</BannerType2>
  <Language>en</Language>
  <Rating>7.4000</Rating>
  <RatingCount>5</RatingCount>
  <Season>0</Season>
</Banner>
<Banner>
  <id>6483</id>
  <BannerPath>seasons/137-6.jpg</BannerPath>
  <BannerType>season</BannerType>
  <BannerType2>season</BannerType2>
  <Language>en</Language>
  <Rating>7.3000</Rating>
  <RatingCount>10</RatingCount>
  <Season>6</Season>
</Banner>
<Banner>
  <id>6484</id>
  <BannerPath>seasons/137-7.jpg</BannerPath>
  <BannerType>season</BannerType>
  <BannerType2>season</BannerType2>
  <Language>en</Language>
  <Rating>7.1818</Rating>
  <RatingCount>11</RatingCount>
  <Season>7</Season>
</Banner>
<Banner>
  <id>916739</id>
  <BannerPath>seasons/71470-1-5.jpg</BannerPath>
  <BannerType>season</BannerType>
  <BannerType2>season</BannerType2>
  <Language>en</Language>
  <Rating>7.0000</Rating>
  <RatingCount>4</RatingCount>
  <Season>1</Season>
</Banner>
<Banner>
  <id>919343</id>
  <BannerPath>seasons/71470-1-6.jpg</BannerPath>
  <BannerType>season</BannerType>
  <BannerType2>season</BannerType2>
  <Language>en</Language>
  <Rating>7.0000</Rating>
  <RatingCount>3</RatingCount>
  <Season>1</Season>
</Banner>
<Banner>
  <id>892590</id>
  <BannerPath>seasons/71470-3-3.jpg</BannerPath>
  <BannerType>season</BannerType>
  <BannerType2>season</BannerType2>
  <Language>en</Language>
  <Rating>7.0000</Rating>
  <RatingCount>8</RatingCount>
  <Season>3</Season>
</Banner>
<Banner>
  <id>6481</id>
  <BannerPath>seasons/137-4.jpg</BannerPath>
  <BannerType>season</BannerType>
  <BannerType2>season</BannerType2>
  <Language>en</Language>
  <Rating>6.8182</Rating>
  <RatingCount>11</RatingCount>
  <Season>4</Season>
</Banner>
<Banner>
  <id>892591</id>
  <BannerPath>seasons/71470-4-3.jpg</BannerPath>
  <BannerType>season</BannerType>
  <BannerType2>season</BannerType2>
  <Language>en</Language>
  <Rating>6.5714</Rating>
  <RatingCount>7</RatingCount>
  <Season>4</Season>
</Banner>
<Banner>
  <id>6480</id>
  <BannerPath>seasons/137-3.jpg</BannerPath>
  <BannerType>season</BannerType>
  <BannerType2>season</BannerType2>
  <Language>en</Language>
  <Rating>6.5000</Rating>
  <RatingCount>10</RatingCount>
  <Season>3</Season>
</Banner>
<Banner>
  <id>6479</id>
  <BannerPath>seasons/137-2.jpg</BannerPath>
  <BannerType>season</BannerType>
  <BannerType2>season</BannerType2>
  <Language>en</Language>
  <Rating>6.4375</Rating>
  <RatingCount>16</RatingCount>
  <Season>2</Season>
</Banner>
<Banner>
  <id>892589</id>
  <BannerPath>seasons/71470-2-5.jpg</BannerPath>
  <BannerType>season</BannerType>
  <BannerType2>season</BannerType2>
  <Language>en</Language>
  <Rating>6.4286</Rating>
  <RatingCount>7</RatingCount>
  <Season>2</Season>
</Banner>
<Banner>
  <id>916740</id>
  <BannerPath>seasons/71470-2-6.jpg</BannerPath>
  <BannerType>season</BannerType>
  <BannerType2>season</BannerType2>
  <Language>en</Language>
  <Rating>6.2000</Rating>
  <RatingCount>5</RatingCount>
  <Season>2</Season>
</Banner>
<Banner>
  <id>30170</id>
  <BannerPath>seasons/71470-0-4.jpg</BannerPath>
  <BannerType>season</BannerType>
  <BannerType2>season</BannerType2>
  <Language>de</Language>
  <Rating>6.0000</Rating>
  <RatingCount>7</RatingCount>
  <Season>0</Season>
</Banner>
<Banner>
  <id>892593</id>
  <BannerPath>seasons/71470-6-3.jpg</BannerPath>
  <BannerType>season</BannerType>
  <BannerType2>season</BannerType2>
  <Language>en</Language>
  <Rating>5.7500</Rating>
  <RatingCount>8</RatingCount>
  <Season>6</Season>
</Banner>
<Banner>
  <id>29982</id>
  <BannerPath>seasons/71470-1-2.jpg</BannerPath>
  <BannerType>season</BannerType>
  <BannerType2>season</BannerType2>
  <Language>en</Language>
  <Rating>5.7500</Rating>
  <RatingCount>8</RatingCount>
  <Season>1</Season>
</Banner>
<Banner>
  <id>892594</id>
  <BannerPath>seasons/71470-7-3.jpg</BannerPath>
  <BannerType>season</BannerType>
  <BannerType2>season</BannerType2>
  <Language>en</Language>
  <Rating>5.7500</Rating>
  <RatingCount>8</RatingCount>
  <Season>7</Season>
</Banner>
<Banner>
  <id>26939</id>
  <BannerPath>seasons/71470-1.jpg</BannerPath>
  <BannerType>season</BannerType>
  <BannerType2>season</BannerType2>
  <Language>de</Language>
  <Rating>5.6667</Rating>
  <RatingCount>6</RatingCount>
  <Season>1</Season>
</Banner>
<Banner>
  <id>29987</id>
  <BannerPath>seasons/71470-6-2.jpg</BannerPath>
  <BannerType>season</BannerType>
  <BannerType2>season</BannerType2>
  <Language>en</Language>
  <Rating>5.5714</Rating>
  <RatingCount>7</RatingCount>
  <Season>6</Season>
</Banner>
<Banner>
  <id>916741</id>
  <BannerPath>seasons/71470-3-4.jpg</BannerPath>
  <BannerType>season</BannerType>
  <BannerType2>season</BannerType2>
  <Language>en</Language>
  <Rating>5.5000</Rating>
  <RatingCount>2</RatingCount>
  <Season>3</Season>
</Banner>
<Banner>
  <id>916745</id>
  <BannerPath>seasons/71470-7-4.jpg</BannerPath>
  <BannerType>season</BannerType>
  <BannerType2>season</BannerType2>
  <Language>en</Language>
  <Rating>5.5000</Rating>
  <RatingCount>2</RatingCount>
  <Season>7</Season>
</Banner>
<Banner>
  <id>916742</id>
  <BannerPath>seasons/71470-4-4.jpg</BannerPath>
  <BannerType>season</BannerType>
  <BannerType2>season</BannerType2>
  <Language>en</Language>
  <Rating>5.5000</Rating>
  <RatingCount>2</RatingCount>
  <Season>4</Season>
</Banner>
<Banner>
  <id>916744</id>
  <BannerPath>seasons/71470-6-4.jpg</BannerPath>
  <BannerType>season</BannerType>
  <BannerType2>season</BannerType2>
  <Language>en</Language>
  <Rating>5.5000</Rating>
  <RatingCount>2</RatingCount>
  <Season>6</Season>
</Banner>
<Banner>
  <id>916743</id>
  <BannerPath>seasons/71470-5-5.jpg</BannerPath>
  <BannerType>season</BannerType>
  <BannerType2>season</BannerType2>
  <Language>en</Language>
  <Rating>5.5000</Rating>
  <RatingCount>2</RatingCount>
  <Season>5</Season>
</Banner>
<Banner>
  <id>29986</id>
  <BannerPath>seasons/71470-5-2.jpg</BannerPath>
  <BannerType>season</BannerType>
  <BannerType2>season</BannerType2>
  <Language>en</Language>
  <Rating>5.3333</Rating>
  <RatingCount>6</RatingCount>
  <Season>5</Season>
</Banner>
<Banner>
  <id>29985</id>
  <BannerPath>seasons/71470-4-2.jpg</BannerPath>
  <BannerType>season</BannerType>
  <BannerType2>season</BannerType2>
  <Language>en</Language>
  <Rating>5.3333</Rating>
  <RatingCount>6</RatingCount>
  <Season>4</Season>
</Banner>
<Banner>
  <id>29988</id>
  <BannerPath>seasons/71470-7-2.jpg</BannerPath>
  <BannerType>season</BannerType>
  <BannerType2>season</BannerType2>
  <Language>en</Language>
  <Rating>5.3333</Rating>
  <RatingCount>6</RatingCount>
  <Season>7</Season>
</Banner>
<Banner>
  <id>29984</id>
  <BannerPath>seasons/71470-3-2.jpg</BannerPath>
  <BannerType>season</BannerType>
  <BannerType2>season</BannerType2>
  <Language>en</Language>
  <Rating>5.3333</Rating>
  <RatingCount>6</RatingCount>
  <Season>3</Season>
</Banner>
<Banner>
  <id>892592</id>
  <BannerPath>seasons/71470-5-4.jpg</BannerPath>
  <BannerType>season</BannerType>
  <BannerType2>season</BannerType2>
  <Language>en</Language>
  <Rating>5.2857</Rating>
  <RatingCount>7</RatingCount>
  <Season>5</Season>
</Banner>
<Banner>
  <id>29983</id>
  <BannerPath>seasons/71470-2-2.jpg</BannerPath>
  <BannerType>season</BannerType>
  <BannerType2>season</BannerType2>
  <Language>en</Language>
  <Rating>5.2222</Rating>
  <RatingCount>9</RatingCount>
  <Season>2</Season>
</Banner>
<Banner>
  <id>24805</id>
  <BannerPath>seasons/71470-0-2.jpg</BannerPath>
  <BannerType>season</BannerType>
  <BannerType2>season</BannerType2>
  <Language>en</Language>
  <Rating>5.0000</Rating>
  <RatingCount>1</RatingCount>
  <Season>0</Season>
</Banner>
<Banner>
  <id>26940</id>
  <BannerPath>seasons/71470-2.jpg</BannerPath>
  <BannerType>season</BannerType>
  <BannerType2>season</BannerType2>
  <Language>de</Language>
  <Rating>4.7143</Rating>
  <RatingCount>7</RatingCount>
  <Season>2</Season>
</Banner>
<Banner>
  <id>26945</id>
  <BannerPath>seasons/71470-7.jpg</BannerPath>
  <BannerType>season</BannerType>
  <BannerType2>season</BannerType2>
  <Language>de</Language>
  <Rating>4.6000</Rating>
  <RatingCount>5</RatingCount>
  <Season>7</Season>
</Banner>
<Banner>
  <id>26944</id>
  <BannerPath>seasons/71470-6.jpg</BannerPath>
  <BannerType>season</BannerType>
  <BannerType2>season</BannerType2>
  <Language>de</Language>
  <Rating>4.6000</Rating>
  <RatingCount>5</RatingCount>
  <Season>6</Season>
</Banner>
<Banner>
  <id>26943</id>
  <BannerPath>seasons/71470-5.jpg</BannerPath>
  <BannerType>season</BannerType>
  <BannerType2>season</BannerType2>
  <Language>de</Language>
  <Rating>4.6000</Rating>
  <RatingCount>5</RatingCount>
  <Season>5</Season>
</Banner>
<Banner>
  <id>26941</id>
  <BannerPath>seasons/71470-3.jpg</BannerPath>
  <BannerType>season</BannerType>
  <BannerType2>season</BannerType2>
  <Language>de</Language>
  <Rating>4.6000</Rating>
  <RatingCount>5</RatingCount>
  <Season>3</Season>
</Banner>
<Banner>
  <id>226801</id>
  <BannerPath>seasons/71470-1-3.jpg</BannerPath>
  <BannerType>season</BannerType>
  <BannerType2>season</BannerType2>
  <Language>en</Language>
  <Rating>4.3750</Rating>
  <RatingCount>8</RatingCount>
  <Season>1</Season>
</Banner>
<Banner>
  <id>26942</id>
  <BannerPath>seasons/71470-4.jpg</BannerPath>
  <BannerType>season</BannerType>
  <BannerType2>season</BannerType2>
  <Language>de</Language>
  <Rating>4.0000</Rating>
  <RatingCount>6</RatingCount>
  <Season>4</Season>
</Banner>
<Banner>
  <id>256701</id>
  <BannerPath>seasons/71470-2-3.jpg</BannerPath>
  <BannerType>season</BannerType>
  <BannerType2>season</BannerType2>
  <Language>en</Language>
  <Rating>3.6667</Rating>
  <RatingCount>6</RatingCount>
  <Season>2</Season>
</Banner>
<Banner>
  <id>24806</id>
  <BannerPath>seasons/71470-0-3.jpg</BannerPath>
  <BannerType>season</BannerType>
  <BannerType2>season</BannerType2>
  <Language>en</Language>
  <Rating>2.0000</Rating>
  <RatingCount>2</RatingCount>
  <Season>0</Season>
</Banner>
<Banner>
  <id>947761</id>
  <BannerPath>seasons/71470-4-5.jpg</BannerPath>
  <BannerType>season</BannerType>
  <BannerType2>season</BannerType2>
  <Language>en</Language>
  <Rating></Rating>
  <RatingCount>0</RatingCount>
  <Season>4</Season>
</Banner>
<Banner>
  <id>947766</id>
  <BannerPath>seasons/71470-7-5.jpg</BannerPath>
  <BannerType>season</BannerType>
  <BannerType2>season</BannerType2>
  <Language>en</Language>
  <Rating></Rating>
  <RatingCount>0</RatingCount>
  <Season>7</Season>
</Banner>
<Banner>
  <id>947759</id>
  <BannerPath>seasons/71470-2-8.jpg</BannerPath>
  <BannerType>season</BannerType>
  <BannerType2>season</BannerType2>
  <Language>en</Language>
  <Rating></Rating>
  <RatingCount>0</RatingCount>
  <Season>2</Season>
</Banner>
<Banner>
  <id>947760</id>
  <BannerPath>seasons/71470-3-5.jpg</BannerPath>
  <BannerType>season</BannerType>
  <BannerType2>season</BannerType2>
  <Language>en</Language>
  <Rating></Rating>
  <RatingCount>0</RatingCount>
  <Season>3</Season>
</Banner>
<Banner>
  <id>947765</id>
  <BannerPath>seasons/71470-6-5.jpg</BannerPath>
  <BannerType>season</BannerType>
  <BannerType2>season</BannerType2>
  <Language>en</Language>
  <Rating></Rating>
  <RatingCount>0</RatingCount>
  <Season>6</Season>
</Banner>
<Banner>
  <id>947758</id>
  <BannerPath>seasons/71470-1-7.jpg</BannerPath>
  <BannerType>season</BannerType>
  <BannerType2>season</BannerType2>
  <Language>en</Language>
  <Rating></Rating>
  <RatingCount>0</RatingCount>
  <Season>1</Season>
</Banner>
<Banner>
  <id>928342</id>
  <BannerPath>seasons/71470-2-7.jpg</BannerPath>
  <BannerType>season</BannerType>
  <BannerType2>season</BannerType2>
  <Language>en</Language>
  <Rating></Rating>
  <RatingCount>0</RatingCount>
  <Season>2</Season>
</Banner>
<Banner>
  <id>947763</id>
  <BannerPath>seasons/71470-5-3.jpg</BannerPath>
  <BannerType>season</BannerType>
  <BannerType2>season</BannerType2>
  <Language>de</Language>
  <Rating></Rating>
  <RatingCount>0</RatingCount>
  <Season>5</Season>
</Banner>
<Banner>
  <id>947764</id>
  <BannerPath>seasons/71470-5-6.jpg</BannerPath>
  <BannerType>season</BannerType>
  <BannerType2>season</BannerType2>
  <Language>en</Language>
  <Rating></Rating>
  <RatingCount>0</RatingCount>
  <Season>5</Season>
</Banner>
<Banner>
  <id>256721</id>
  <BannerPath>seasonswide/71470-2.jpg</BannerPath>
  <BannerType>season</BannerType>
  <BannerType2>seasonwide</BannerType2>
  <Language>en</Language>
  <Rating>7.0000</Rating>
  <RatingCount>1</RatingCount>
  <Season>2</Season>
</Banner>
<Banner>
  <id>226871</id>
  <BannerPath>seasonswide/71470-1-2.jpg</BannerPath>
  <BannerType>season</BannerType>
  <BannerType2>seasonwide</BannerType2>
  <Language>en</Language>
  <Rating></Rating>
  <RatingCount>0</RatingCount>
  <Season>1</Season>
</Banner>
<Banner>
  <id>256751</id>
  <BannerPath>seasonswide/71470-0.jpg</BannerPath>
  <BannerType>season</BannerType>
  <BannerType2>seasonwide</BannerType2>
  <Language>en</Language>
  <Rating></Rating>
  <RatingCount>0</RatingCount>
  <Season>0</Season>
</Banner>
<Banner>
  <id>655991</id>
  <BannerPath>graphical/71470-g8.jpg</BannerPath>
  <BannerType>series</BannerType>
  <BannerType2>graphical</BannerType2>
  <Language>en</Language>
  <Rating>8.6667</Rating>
  <RatingCount>3</RatingCount>
</Banner>
<Banner>
  <id>5612</id>
  <BannerPath>graphical/137-g.jpg</BannerPath>
  <BannerType>series</BannerType>
  <BannerType2>graphical</BannerType2>
  <Language>en</Language>
  <Rating>8.0000</Rating>
  <RatingCount>10</RatingCount>
</Banner>
<Banner>
  <id>410541</id>
  <BannerPath>graphical/71470-g4.jpg</BannerPath>
  <BannerType>series</BannerType>
  <BannerType2>graphical</BannerType2>
  <Language>en</Language>
  <Rating>8.0000</Rating>
  <RatingCount>2</RatingCount>
</Banner>
<Banner>
  <id>53871</id>
  <BannerPath>graphical/71470-g.jpg</BannerPath>
  <BannerType>series</BannerType>
  <BannerType2>graphical</BannerType2>
  <Language>en</Language>
  <Rating>7.7500</Rating>
  <RatingCount>8</RatingCount>
</Banner>
<Banner>
  <id>226901</id>
  <BannerPath>graphical/71470-g3.jpg</BannerPath>
  <BannerType>series</BannerType>
  <BannerType2>graphical</BannerType2>
  <Language>en</Language>
  <Rating>7.0000</Rating>
  <RatingCount>3</RatingCount>
</Banner>
<Banner>
  <id>865361</id>
  <BannerPath>graphical/71470-g10.jpg</BannerPath>
  <BannerType>series</BannerType>
  <BannerType2>graphical</BannerType2>
  <Language>en</Language>
  <Rating>7.0000</Rating>
  <RatingCount>5</RatingCount>
</Banner>
<Banner>
  <id>410561</id>
  <BannerPath>graphical/71470-g6.jpg</BannerPath>
  <BannerType>series</BannerType>
  <BannerType2>graphical</BannerType2>
  <Language>en</Language>
  <Rating>6.0000</Rating>
  <RatingCount>2</RatingCount>
</Banner>
<Banner>
  <id>410551</id>
  <BannerPath>graphical/71470-g5.jpg</BannerPath>
  <BannerType>series</BannerType>
  <BannerType2>graphical</BannerType2>
  <Language>en</Language>
  <Rating>6.0000</Rating>
  <RatingCount>3</RatingCount>
</Banner>
<Banner>
  <id>5613</id>
  <BannerPath>graphical/137-g2.jpg</BannerPath>
  <BannerType>series</BannerType>
  <BannerType2>graphical</BannerType2>
  <Language>en</Language>
  <Rating>5.8333</Rating>
  <RatingCount>6</RatingCount>
</Banner>
<Banner>
  <id>53911</id>
  <BannerPath>graphical/71470-g2.jpg</BannerPath>
  <BannerType>series</BannerType>
  <BannerType2>graphical</BannerType2>
  <Language>en</Language>
  <Rating>5.6000</Rating>
  <RatingCount>5</RatingCount>
</Banner>
<Banner>
  <id>410581</id>
  <BannerPath>graphical/71470-g7.jpg</BannerPath>
  <BannerType>series</BannerType>
  <BannerType2>graphical</BannerType2>
  <Language>en</Language>
  <Rating>5.2000</Rating>
  <RatingCount>5</RatingCount>
</Banner>
<Banner>
  <id>13201</id>
  <BannerPath>blank/71470.jpg</BannerPath>
  <BannerType>series</BannerType>
  <BannerType2>blank</BannerType2>
  <Language>en</Language>
  <Rating>4.0000</Rating>
  <RatingCount>1</RatingCount>
</Banner>
<Banner>
  <id>9252</id>
  <BannerPath>text/137.jpg</BannerPath>
  <BannerType>series</BannerType>
  <BannerType2>text</BannerType2>
  <Language>en</Language>
  <Rating>1.6667</Rating>
  <RatingCount>3</RatingCount>
</Banner>
<Banner>
  <id>900956</id>
  <BannerPath>graphical/71470-g11.jpg</BannerPath>
  <BannerType>series</BannerType>
  <BannerType2>graphical</BannerType2>
  <Language>de</Language>
  <Rating></Rating>
  <RatingCount>0</RatingCount>
</Banner>
<Banner>
  <id>920142</id>
  <BannerPath>graphical/71470-g12.jpg</BannerPath>
  <BannerType>series</BannerType>
  <BannerType2>graphical</BannerType2>
  <Language>en</Language>
  <Rating></Rating>
  <RatingCount>0</RatingCount>
</Banner>
<Banner>
  <id>822871</id>
  <BannerPath>graphical/71470-g9.jpg</BannerPath>
  <BannerType>series</BannerType>
  <BannerType2>graphical</BannerType2>
  <Language>en</Language>
  <Rating></Rating>
  <RatingCount>0</RatingCount>
</Banner>
</Banners>