<?xml version="1.0" encoding="UTF-8" ?>
<Actors>
<Actor>
  <id>21027</id>
  <Image>actors/21027.jpg</Image>
  <Name>Fred Savage</Name>
  <Role>Kevin Arnold</Role>
  <SortOrder>0</SortOrder>
</Actor>
<Actor>
  <id>21026</id>
  <Image>actors/21026.jpg</Image>
  <Name>Danica McKellar</Name>
  <Role>Gwendoline &quot;Winnie&quot; Cooper</Role>
  <SortOrder>1</SortOrder>
</Actor>
<Actor>
  <id>21030</id>
  <Image>actors/21030.jpg</Image>
  <Name>Josh Saviano</Name>
  <Role>Paul Pfeiffer</Role>
  <SortOrder>2</SortOrder>
</Actor>
<Actor>
  <id>21033</id>
  <Image>actors/21033.jpg</Image>
  <Name>Dan Lauria</Name>
  <Role>Jack Arnold</Role>
  <SortOrder>3</SortOrder>
</Actor>
<Actor>
  <id>21032</id>
  <Image>actors/21032.jpg</Image>
  <Name>Jason Hervey</Name>
  <Role>Wayne Arnold</Role>
  <SortOrder>3</SortOrder>
</Actor>
<Actor>
  <id>21031</id>
  <Image>actors/21031.jpg</Image>
  <Name>Alley Mills</Name>
  <Role>Norma Arnold</Role>
  <SortOrder>3</SortOrder>
</Actor>
<Actor>
  <id>21029</id>
  <Image>actors/21029.jpg</Image>
  <Name>Olivia d'Abo</Name>
  <Role>Karen Arnold</Role>
  <SortOrder>3</SortOrder>
</Actor>
<Actor>
  <id>21028</id>
  <Image></Image>
  <Name>Daniel Stern</Name>
  <Role>Narrator|Adult Kevin</Role>
  <SortOrder>3</SortOrder>
</Actor>
</Actors>