<?xml version="1.0" encoding="UTF-8" ?>
<Banners>
<Banner>
  <id>29330</id>
  <BannerPath>fanart/original/79501-18.jpg</BannerPath>
  <BannerType>fanart</BannerType>
  <BannerType2>1920x1080</BannerType2>
  <Colors>|184,197,205|33,33,33|157,157,133|</Colors>
  <Language>en</Language>
  <Rating>8.6087</Rating>
  <RatingCount>23</RatingCount>
  <SeriesName>false</SeriesName>
  <ThumbnailPath>_cache/fanart/original/79501-18.jpg</ThumbnailPath>
  <VignettePath>fanart/vignette/79501-18.jpg</VignettePath>
</Banner>
<Banner>
  <id>22820</id>
  <BannerPath>fanart/original/79501-8.jpg</BannerPath>
  <BannerType>fanart</BannerType>
  <BannerType2>1280x720</BannerType2>
  <Colors>|107,127,74|97,85,43|224,219,200|</Colors>
  <Language>en</Language>
  <Rating>8.0000</Rating>
  <RatingCount>10</RatingCount>
  <SeriesName>false</SeriesName>
  <ThumbnailPath>_cache/fanart/original/79501-8.jpg</ThumbnailPath>
  <VignettePath>fanart/vignette/79501-8.jpg</VignettePath>
</Banner>
<Banner>
  <id>20235</id>
  <BannerPath>fanart/original/79501-2.jpg</BannerPath>
  <BannerType>fanart</BannerType>
  <BannerType2>1280x720</BannerType2>
  <Colors>|157,163,163|9,0,1|195,162,111|</Colors>
  <Language>en</Language>
  <Rating>7.9583</Rating>
  <RatingCount>24</RatingCount>
  <SeriesName>false</SeriesName>
  <ThumbnailPath>_cache/fanart/original/79501-2.jpg</ThumbnailPath>
  <VignettePath>fanart/vignette/79501-2.jpg</VignettePath>
</Banner>
<Banner>
  <id>27772</id>
  <BannerPath>fanart/original/79501-13.jpg</BannerPath>
  <BannerType>fanart</BannerType>
  <BannerType2>1920x1080</BannerType2>
  <Colors>|255,242,190|42,22,11|247,188,88|</Colors>
  <Language>en</Language>
  <Rating>7.6923</Rating>
  <RatingCount>13</RatingCount>
  <SeriesName>false</SeriesName>
  <ThumbnailPath>_cache/fanart/original/79501-13.jpg</ThumbnailPath>
  <VignettePath>fanart/vignette/79501-13.jpg</VignettePath>
</Banner>
<Banner>
  <id>27773</id>
  <BannerPath>fanart/original/79501-14.jpg</BannerPath>
  <BannerType>fanart</BannerType>
  <BannerType2>1920x1080</BannerType2>
  <Colors>|255,255,255|4,18,18|131,158,141|</Colors>
  <Language>en</Language>
  <Rating>7.6000</Rating>
  <RatingCount>5</RatingCount>
  <SeriesName>false</SeriesName>
  <ThumbnailPath>_cache/fanart/original/79501-14.jpg</ThumbnailPath>
  <VignettePath>fanart/vignette/79501-14.jpg</VignettePath>
</Banner>
<Banner>
  <id>23556</id>
  <BannerPath>fanart/original/79501-10.jpg</BannerPath>
  <BannerType>fanart</BannerType>
  <BannerType2>1920x1080</BannerType2>
  <Colors>|222,221,235|26,26,28|172,137,105|</Colors>
  <Language>en</Language>
  <Rating>7.5000</Rating>
  <RatingCount>10</RatingCount>
  <SeriesName>false</SeriesName>
  <ThumbnailPath>_cache/fanart/original/79501-10.jpg</ThumbnailPath>
  <VignettePath>fanart/vignette/79501-10.jpg</VignettePath>
</Banner>
<Banner>
  <id>505631</id>
  <BannerPath>fanart/original/79501-32.jpg</BannerPath>
  <BannerType>fanart</BannerType>
  <BannerType2>1280x720</BannerType2>
  <Colors></Colors>
  <Language>en</Language>
  <Rating>7.5000</Rating>
  <RatingCount>2</RatingCount>
  <SeriesName>false</SeriesName>
  <ThumbnailPath>_cache/fanart/original/79501-32.jpg</ThumbnailPath>
  <VignettePath>fanart/vignette/79501-32.jpg</VignettePath>
</Banner>
<Banner>
  <id>28439</id>
  <BannerPath>fanart/original/79501-17.jpg</BannerPath>
  <BannerType>fanart</BannerType>
  <BannerType2>1920x1080</BannerType2>
  <Colors>|254,254,254|34,15,11|246,157,55|</Colors>
  <Language>en</Language>
  <Rating>7.4444</Rating>
  <RatingCount>9</RatingCount>
  <SeriesName>false</SeriesName>
  <ThumbnailPath>_cache/fanart/original/79501-17.jpg</ThumbnailPath>
  <VignettePath>fanart/vignette/79501-17.jpg</VignettePath>
</Banner>
<Banner>
  <id>30497</id>
  <BannerPath>fanart/original/79501-21.jpg</BannerPath>
  <BannerType>fanart</BannerType>
  <BannerType2>1280x720</BannerType2>
  <Colors>|254,254,254|16,48,63|163,200,216|</Colors>
  <Language>en</Language>
  <Rating>7.4444</Rating>
  <RatingCount>9</RatingCount>
  <SeriesName>false</SeriesName>
  <ThumbnailPath>_cache/fanart/original/79501-21.jpg</ThumbnailPath>
  <VignettePath>fanart/vignette/79501-21.jpg</VignettePath>
</Banner>
<Banner>
  <id>28233</id>
  <BannerPath>fanart/original/79501-16.jpg</BannerPath>
  <BannerType>fanart</BannerType>
  <BannerType2>1920x1080</BannerType2>
  <Colors>|255,255,255|20,63,70|121,161,161|</Colors>
  <Language>en</Language>
  <Rating>7.4000</Rating>
  <RatingCount>5</RatingCount>
  <SeriesName>false</SeriesName>
  <ThumbnailPath>_cache/fanart/original/79501-16.jpg</ThumbnailPath>
  <VignettePath>fanart/vignette/79501-16.jpg</VignettePath>
</Banner>
<Banner>
  <id>30496</id>
  <BannerPath>fanart/original/79501-20.jpg</BannerPath>
  <BannerType>fanart</BannerType>
  <BannerType2>1280x720</BannerType2>
  <Colors>|254,254,254|51,52,47|179,163,78|</Colors>
  <Language>en</Language>
  <Rating>7.2000</Rating>
  <RatingCount>5</RatingCount>
  <SeriesName>false</SeriesName>
  <ThumbnailPath>_cache/fanart/original/79501-20.jpg</ThumbnailPath>
  <VignettePath>fanart/vignette/79501-20.jpg</VignettePath>
</Banner>
<Banner>
  <id>505611</id>
  <BannerPath>fanart/original/79501-31.jpg</BannerPath>
  <BannerType>fanart</BannerType>
  <BannerType2>1280x720</BannerType2>
  <Colors></Colors>
  <Language>en</Language>
  <Rating>7.0000</Rating>
  <RatingCount>2</RatingCount>
  <SeriesName>false</SeriesName>
  <ThumbnailPath>_cache/fanart/original/79501-31.jpg</ThumbnailPath>
  <VignettePath>fanart/vignette/79501-31.jpg</VignettePath>
</Banner>
<Banner>
  <id>27252</id>
  <BannerPath>fanart/original/79501-11.jpg</BannerPath>
  <BannerType>fanart</BannerType>
  <BannerType2>1280x720</BannerType2>
  <Colors>|253,247,247|31,23,21|171,137,125|</Colors>
  <Language>en</Language>
  <Rating>7.0000</Rating>
  <RatingCount>6</RatingCount>
  <SeriesName>false</SeriesName>
  <ThumbnailPath>_cache/fanart/original/79501-11.jpg</ThumbnailPath>
  <VignettePath>fanart/vignette/79501-11.jpg</VignettePath>
</Banner>
<Banner>
  <id>83031</id>
  <BannerPath>fanart/original/79501-28.jpg</BannerPath>
  <BannerType>fanart</BannerType>
  <BannerType2>1920x1080</BannerType2>
  <Colors>|64,43,22|255,255,255|214,189,158|</Colors>
  <Language>en</Language>
  <Rating>6.3333</Rating>
  <RatingCount>3</RatingCount>
  <SeriesName>false</SeriesName>
  <ThumbnailPath>_cache/fanart/original/79501-28.jpg</ThumbnailPath>
  <VignettePath>fanart/vignette/79501-28.jpg</VignettePath>
</Banner>
<Banner>
  <id>864577</id>
  <BannerPath>fanart/original/79501-34.jpg</BannerPath>
  <BannerType>fanart</BannerType>
  <BannerType2>1280x720</BannerType2>
  <Colors></Colors>
  <Language>de</Language>
  <Rating>6.0000</Rating>
  <RatingCount>4</RatingCount>
  <SeriesName>false</SeriesName>
  <ThumbnailPath>_cache/fanart/original/79501-34.jpg</ThumbnailPath>
  <VignettePath>fanart/vignette/79501-34.jpg</VignettePath>
</Banner>
<Banner>
  <id>20175</id>
  <BannerPath>fanart/original/79501-1.jpg</BannerPath>
  <BannerType>fanart</BannerType>
  <BannerType2>1920x1080</BannerType2>
  <Colors>|233,231,232|131,11,46|124,129,135|</Colors>
  <Language>en</Language>
  <Rating>5.8000</Rating>
  <RatingCount>10</RatingCount>
  <SeriesName>false</SeriesName>
  <ThumbnailPath>_cache/fanart/original/79501-1.jpg</ThumbnailPath>
  <VignettePath>fanart/vignette/79501-1.jpg</VignettePath>
</Banner>
<Banner>
  <id>35333</id>
  <BannerPath>fanart/original/79501-15.jpg</BannerPath>
  <BannerType>fanart</BannerType>
  <BannerType2>1920x1080</BannerType2>
  <Colors>|254,255,151|45,46,51|110,116,128|</Colors>
  <Language>en</Language>
  <Rating>5.5000</Rating>
  <RatingCount>8</RatingCount>
  <SeriesName>false</SeriesName>
  <ThumbnailPath>_cache/fanart/original/79501-15.jpg</ThumbnailPath>
  <VignettePath>fanart/vignette/79501-15.jpg</VignettePath>
</Banner>
<Banner>
  <id>30498</id>
  <BannerPath>fanart/original/79501-22.jpg</BannerPath>
  <BannerType>fanart</BannerType>
  <BannerType2>1280x720</BannerType2>
  <Colors>|254,254,254|12,15,24|168,171,180|</Colors>
  <Language>en</Language>
  <Rating>5.3333</Rating>
  <RatingCount>3</RatingCount>
  <SeriesName>false</SeriesName>
  <ThumbnailPath>_cache/fanart/original/79501-22.jpg</ThumbnailPath>
  <VignettePath>fanart/vignette/79501-22.jpg</VignettePath>
</Banner>
<Banner>
  <id>111461</id>
  <BannerPath>fanart/original/79501-29.jpg</BannerPath>
  <BannerType>fanart</BannerType>
  <BannerType2>1920x1080</BannerType2>
  <Colors></Colors>
  <Language>en</Language>
  <Rating>5.0000</Rating>
  <RatingCount>1</RatingCount>
  <SeriesName>true</SeriesName>
  <ThumbnailPath>_cache/fanart/original/79501-29.jpg</ThumbnailPath>
  <VignettePath>fanart/vignette/79501-29.jpg</VignettePath>
</Banner>
<Banner>
  <id>20419</id>
  <BannerPath>fanart/original/79501-6.jpg</BannerPath>
  <BannerType>fanart</BannerType>
  <BannerType2>1280x720</BannerType2>
  <Colors>|146,190,235|4,3,9|65,69,81|</Colors>
  <Language>en</Language>
  <Rating>4.8000</Rating>
  <RatingCount>10</RatingCount>
  <SeriesName>false</SeriesName>
  <ThumbnailPath>_cache/fanart/original/79501-6.jpg</ThumbnailPath>
  <VignettePath>fanart/vignette/79501-6.jpg</VignettePath>
</Banner>
<Banner>
  <id>20418</id>
  <BannerPath>fanart/original/79501-5.jpg</BannerPath>
  <BannerType>fanart</BannerType>
  <BannerType2>1280x720</BannerType2>
  <Colors>|109,159,222|5,3,14|141,138,45|</Colors>
  <Language>en</Language>
  <Rating>4.6667</Rating>
  <RatingCount>6</RatingCount>
  <SeriesName>false</SeriesName>
  <ThumbnailPath>_cache/fanart/original/79501-5.jpg</ThumbnailPath>
  <VignettePath>fanart/vignette/79501-5.jpg</VignettePath>
</Banner>
<Banner>
  <id>83011</id>
  <BannerPath>fanart/original/79501-27.jpg</BannerPath>
  <BannerType>fanart</BannerType>
  <BannerType2>1920x1080</BannerType2>
  <Colors></Colors>
  <Language>en</Language>
  <Rating>4.5000</Rating>
  <RatingCount>2</RatingCount>
  <SeriesName>false</SeriesName>
  <ThumbnailPath>_cache/fanart/original/79501-27.jpg</ThumbnailPath>
  <VignettePath>fanart/vignette/79501-27.jpg</VignettePath>
</Banner>
<Banner>
  <id>27253</id>
  <BannerPath>fanart/original/79501-12.jpg</BannerPath>
  <BannerType>fanart</BannerType>
  <BannerType2>1280x720</BannerType2>
  <Colors>|213,200,183|33,31,34|100,67,50|</Colors>
  <Language>en</Language>
  <Rating>4.4000</Rating>
  <RatingCount>5</RatingCount>
  <SeriesName>false</SeriesName>
  <ThumbnailPath>_cache/fanart/original/79501-12.jpg</ThumbnailPath>
  <VignettePath>fanart/vignette/79501-12.jpg</VignettePath>
</Banner>
<Banner>
  <id>20237</id>
  <BannerPath>fanart/original/79501-4.jpg</BannerPath>
  <BannerType>fanart</BannerType>
  <BannerType2>1280x720</BannerType2>
  <Colors>|239,234,228|62,59,54|130,126,117|</Colors>
  <Language>en</Language>
  <Rating>4.3333</Rating>
  <RatingCount>6</RatingCount>
  <SeriesName>false</SeriesName>
  <ThumbnailPath>_cache/fanart/original/79501-4.jpg</ThumbnailPath>
  <VignettePath>fanart/vignette/79501-4.jpg</VignettePath>
</Banner>
<Banner>
  <id>20236</id>
  <BannerPath>fanart/original/79501-3.jpg</BannerPath>
  <BannerType>fanart</BannerType>
  <BannerType2>1280x720</BannerType2>
  <Colors>|215,202,186|35,30,26|203,160,107|</Colors>
  <Language>en</Language>
  <Rating>4.0000</Rating>
  <RatingCount>6</RatingCount>
  <SeriesName>false</SeriesName>
  <ThumbnailPath>_cache/fanart/original/79501-3.jpg</ThumbnailPath>
  <VignettePath>fanart/vignette/79501-3.jpg</VignettePath>
</Banner>
<Banner>
  <id>22506</id>
  <BannerPath>fanart/original/79501-7.jpg</BannerPath>
  <BannerType>fanart</BannerType>
  <BannerType2>1920x1080</BannerType2>
  <Colors>|193,219,232|5,2,11|98,105,115|</Colors>
  <Language>en</Language>
  <Rating>3.7500</Rating>
  <RatingCount>8</RatingCount>
  <SeriesName>false</SeriesName>
  <ThumbnailPath>_cache/fanart/original/79501-7.jpg</ThumbnailPath>
  <VignettePath>fanart/vignette/79501-7.jpg</VignettePath>
</Banner>
<Banner>
  <id>22821</id>
  <BannerPath>fanart/original/79501-9.jpg</BannerPath>
  <BannerType>fanart</BannerType>
  <BannerType2>1280x720</BannerType2>
  <Colors>|240,227,174|152,73,14|156,104,28|</Colors>
  <Language>en</Language>
  <Rating>3.7500</Rating>
  <RatingCount>4</RatingCount>
  <SeriesName>false</SeriesName>
  <ThumbnailPath>_cache/fanart/original/79501-9.jpg</ThumbnailPath>
  <VignettePath>fanart/vignette/79501-9.jpg</VignettePath>
</Banner>
<Banner>
  <id>30068</id>
  <BannerPath>fanart/original/79501-19.jpg</BannerPath>
  <BannerType>fanart</BannerType>
  <BannerType2>1280x720</BannerType2>
  <Colors>|126,153,183|57,47,71|139,112,103|</Colors>
  <Language>en</Language>
  <Rating>3.7143</Rating>
  <RatingCount>7</RatingCount>
  <SeriesName>false</SeriesName>
  <ThumbnailPath>_cache/fanart/original/79501-19.jpg</ThumbnailPath>
  <VignettePath>fanart/vignette/79501-19.jpg</VignettePath>
</Banner>
<Banner>
  <id>82981</id>
  <BannerPath>fanart/original/79501-26.jpg</BannerPath>
  <BannerType>fanart</BannerType>
  <BannerType2>1280x720</BannerType2>
  <Colors>|188,151,106|45,37,26|248,233,200|</Colors>
  <Language>en</Language>
  <Rating>3.5000</Rating>
  <RatingCount>2</RatingCount>
  <SeriesName>false</SeriesName>
  <ThumbnailPath>_cache/fanart/original/79501-26.jpg</ThumbnailPath>
  <VignettePath>fanart/vignette/79501-26.jpg</VignettePath>
</Banner>
<Banner>
  <id>52191</id>
  <BannerPath>fanart/original/79501-25.jpg</BannerPath>
  <BannerType>fanart</BannerType>
  <BannerType2>1280x720</BannerType2>
  <Colors>|255,255,255|51,51,49|190,158,119|</Colors>
  <Language>en</Language>
  <Rating></Rating>
  <RatingCount>0</RatingCount>
  <SeriesName>false</SeriesName>
  <ThumbnailPath>_cache/fanart/original/79501-25.jpg</ThumbnailPath>
  <VignettePath>fanart/vignette/79501-25.jpg</VignettePath>
</Banner>
<Banner>
  <id>505641</id>
  <BannerPath>fanart/original/79501-33.jpg</BannerPath>
  <BannerType>fanart</BannerType>
  <BannerType2>1280x720</BannerType2>
  <Colors></Colors>
  <Language>en</Language>
  <Rating></Rating>
  <RatingCount>0</RatingCount>
  <SeriesName>true</SeriesName>
  <ThumbnailPath>_cache/fanart/original/79501-33.jpg</ThumbnailPath>
  <VignettePath>fanart/vignette/79501-33.jpg</VignettePath>
</Banner>
<Banner>
  <id>52171</id>
  <BannerPath>fanart/original/79501-23.jpg</BannerPath>
  <BannerType>fanart</BannerType>
  <BannerType2>1280x720</BannerType2>
  <Colors></Colors>
  <Language>en</Language>
  <Rating></Rating>
  <RatingCount>0</RatingCount>
  <SeriesName>false</SeriesName>
  <ThumbnailPath>_cache/fanart/original/79501-23.jpg</ThumbnailPath>
  <VignettePath>fanart/vignette/79501-23.jpg</VignettePath>
</Banner>
<Banner>
  <id>267541</id>
  <BannerPath>fanart/original/79501-30.jpg</BannerPath>
  <BannerType>fanart</BannerType>
  <BannerType2>1280x720</BannerType2>
  <Colors></Colors>
  <Language>en</Language>
  <Rating></Rating>
  <RatingCount>0</RatingCount>
  <SeriesName>false</SeriesName>
  <ThumbnailPath>_cache/fanart/original/79501-30.jpg</ThumbnailPath>
  <VignettePath>fanart/vignette/79501-30.jpg</VignettePath>
</Banner>
<Banner>
  <id>52181</id>
  <BannerPath>fanart/original/79501-24.jpg</BannerPath>
  <BannerType>fanart</BannerType>
  <BannerType2>1280x720</BannerType2>
  <Colors></Colors>
  <Language>en</Language>
  <Rating></Rating>
  <RatingCount>0</RatingCount>
  <SeriesName>false</SeriesName>
  <ThumbnailPath>_cache/fanart/original/79501-24.jpg</ThumbnailPath>
  <VignettePath>fanart/vignette/79501-24.jpg</VignettePath>
</Banner>
<Banner>
  <id>25913</id>
  <BannerPath>posters/79501-2.jpg</BannerPath>
  <BannerType>poster</BannerType>
  <BannerType2>680x1000</BannerType2>
  <Language>en</Language>
  <Rating>8.6471</Rating>
  <RatingCount>17</RatingCount>
</Banner>
<Banner>
  <id>25912</id>
  <BannerPath>posters/79501-1.jpg</BannerPath>
  <BannerType>poster</BannerType>
  <BannerType2>680x1000</BannerType2>
  <Language>en</Language>
  <Rating>7.8182</Rating>
  <RatingCount>11</RatingCount>
</Banner>
<Banner>
  <id>30614</id>
  <BannerPath>posters/79501-4.jpg</BannerPath>
  <BannerType>poster</BannerType>
  <BannerType2>680x1000</BannerType2>
  <Language>en</Language>
  <Rating>7.6000</Rating>
  <RatingCount>5</RatingCount>
</Banner>
<Banner>
  <id>30613</id>
  <BannerPath>posters/79501-3.jpg</BannerPath>
  <BannerType>poster</BannerType>
  <BannerType2>680x1000</BannerType2>
  <Language>en</Language>
  <Rating>6.6667</Rating>
  <RatingCount>3</RatingCount>
</Banner>
<Banner>
  <id>30615</id>
  <BannerPath>posters/79501-5.jpg</BannerPath>
  <BannerType>poster</BannerType>
  <BannerType2>680x1000</BannerType2>
  <Language>en</Language>
  <Rating>6.6667</Rating>
  <RatingCount>3</RatingCount>
</Banner>
<Banner>
  <id>30616</id>
  <BannerPath>posters/79501-6.jpg</BannerPath>
  <BannerType>poster</BannerType>
  <BannerType2>680x1000</BannerType2>
  <Language>en</Language>
  <Rating>6.5000</Rating>
  <RatingCount>4</RatingCount>
</Banner>
<Banner>
  <id>30617</id>
  <BannerPath>posters/79501-7.jpg</BannerPath>
  <BannerType>poster</BannerType>
  <BannerType2>680x1000</BannerType2>
  <Language>en</Language>
  <Rating>6.3333</Rating>
  <RatingCount>3</RatingCount>
</Banner>
<Banner>
  <id>201081</id>
  <BannerPath>posters/79501-9.jpg</BannerPath>
  <BannerType>poster</BannerType>
  <BannerType2>680x1000</BannerType2>
  <Language>en</Language>
  <Rating>5.5000</Rating>
  <RatingCount>2</RatingCount>
</Banner>
<Banner>
  <id>912926</id>
  <BannerPath>posters/79501-17.jpg</BannerPath>
  <BannerType>poster</BannerType>
  <BannerType2>680x1000</BannerType2>
  <Language>en</Language>
  <Rating>4.5000</Rating>
  <RatingCount>2</RatingCount>
</Banner>
<Banner>
  <id>170261</id>
  <BannerPath>posters/79501-8.jpg</BannerPath>
  <BannerType>poster</BannerType>
  <BannerType2>680x1000</BannerType2>
  <Language>en</Language>
  <Rating>1.5000</Rating>
  <RatingCount>2</RatingCount>
</Banner>
<Banner>
  <id>505581</id>
  <BannerPath>posters/79501-16.jpg</BannerPath>
  <BannerType>poster</BannerType>
  <BannerType2>680x1000</BannerType2>
  <Language>en</Language>
  <Rating></Rating>
  <RatingCount>0</RatingCount>
</Banner>
<Banner>
  <id>498891</id>
  <BannerPath>posters/79501-13.jpg</BannerPath>
  <BannerType>poster</BannerType>
  <BannerType2>680x1000</BannerType2>
  <Language>en</Language>
  <Rating></Rating>
  <RatingCount>0</RatingCount>
</Banner>
<Banner>
  <id>498861</id>
  <BannerPath>posters/79501-10.jpg</BannerPath>
  <BannerType>poster</BannerType>
  <BannerType2>680x1000</BannerType2>
  <Language>en</Language>
  <Rating></Rating>
  <RatingCount>0</RatingCount>
</Banner>
<Banner>
  <id>498901</id>
  <BannerPath>posters/79501-14.jpg</BannerPath>
  <BannerType>poster</BannerType>
  <BannerType2>680x1000</BannerType2>
  <Language>en</Language>
  <Rating></Rating>
  <RatingCount>0</RatingCount>
</Banner>
<Banner>
  <id>505571</id>
  <BannerPath>posters/79501-15.jpg</BannerPath>
  <BannerType>poster</BannerType>
  <BannerType2>680x1000</BannerType2>
  <Language>en</Language>
  <Rating></Rating>
  <RatingCount>0</RatingCount>
</Banner>
<Banner>
  <id>498871</id>
  <BannerPath>posters/79501-11.jpg</BannerPath>
  <BannerType>poster</BannerType>
  <BannerType2>680x1000</BannerType2>
  <Language>en</Language>
  <Rating></Rating>
  <RatingCount>0</RatingCount>
</Banner>
<Banner>
  <id>498881</id>
  <BannerPath>posters/79501-12.jpg</BannerPath>
  <BannerType>poster</BannerType>
  <BannerType2>680x1000</BannerType2>
  <Language>en</Language>
  <Rating></Rating>
  <RatingCount>0</RatingCount>
</Banner>
<Banner>
  <id>51171</id>
  <BannerPath>seasons/79501-0-2.jpg</BannerPath>
  <BannerType>season</BannerType>
  <BannerType2>season</BannerType2>
  <Language>en</Language>
  <Rating>10.0000</Rating>
  <RatingCount>2</RatingCount>
  <Season>0</Season>
</Banner>
<Banner>
  <id>495831</id>
  <BannerPath>seasons/79501-4-6.jpg</BannerPath>
  <BannerType>season</BannerType>
  <BannerType2>season</BannerType2>
  <Language>en</Language>
  <Rating>8.5714</Rating>
  <RatingCount>7</RatingCount>
  <Season>4</Season>
</Banner>
<Banner>
  <id>495841</id>
  <BannerPath>seasons/79501-3-5.jpg</BannerPath>
  <BannerType>season</BannerType>
  <BannerType2>season</BannerType2>
  <Language>en</Language>
  <Rating>8.5000</Rating>
  <RatingCount>6</RatingCount>
  <Season>3</Season>
</Banner>
<Banner>
  <id>29664</id>
  <BannerPath>seasons/79501-1-11.jpg</BannerPath>
  <BannerType>season</BannerType>
  <BannerType2>season</BannerType2>
  <Language>en</Language>
  <Rating>7.8333</Rating>
  <RatingCount>6</RatingCount>
  <Season>1</Season>
</Banner>
<Banner>
  <id>29667</id>
  <BannerPath>seasons/79501-4-2.jpg</BannerPath>
  <BannerType>season</BannerType>
  <BannerType2>season</BannerType2>
  <Language>en</Language>
  <Rating>7.7143</Rating>
  <RatingCount>7</RatingCount>
  <Season>4</Season>
</Banner>
<Banner>
  <id>13910</id>
  <BannerPath>seasons/79501-1-3.jpg</BannerPath>
  <BannerType>season</BannerType>
  <BannerType2>season</BannerType2>
  <Language>en</Language>
  <Rating>7.5000</Rating>
  <RatingCount>6</RatingCount>
  <Season>1</Season>
</Banner>
<Banner>
  <id>15878</id>
  <BannerPath>seasons/79501-1-6.jpg</BannerPath>
  <BannerType>season</BannerType>
  <BannerType2>season</BannerType2>
  <Language>en</Language>
  <Rating>7.0000</Rating>
  <RatingCount>1</RatingCount>
  <Season>1</Season>
</Banner>
<Banner>
  <id>29665</id>
  <BannerPath>seasons/79501-2-8.jpg</BannerPath>
  <BannerType>season</BannerType>
  <BannerType2>season</BannerType2>
  <Language>en</Language>
  <Rating>6.8750</Rating>
  <RatingCount>8</RatingCount>
  <Season>2</Season>
</Banner>
<Banner>
  <id>30607</id>
  <BannerPath>seasons/79501-3-3.jpg</BannerPath>
  <BannerType>season</BannerType>
  <BannerType2>season</BannerType2>
  <Language>en</Language>
  <Rating>6.8571</Rating>
  <RatingCount>7</RatingCount>
  <Season>3</Season>
</Banner>
<Banner>
  <id>16270</id>
  <BannerPath>seasons/79501-2-2.jpg</BannerPath>
  <BannerType>season</BannerType>
  <BannerType2>season</BannerType2>
  <Language>en</Language>
  <Rating>6.7500</Rating>
  <RatingCount>4</RatingCount>
  <Season>2</Season>
</Banner>
<Banner>
  <id>15097</id>
  <BannerPath>seasons/79501-1-5.jpg</BannerPath>
  <BannerType>season</BannerType>
  <BannerType2>season</BannerType2>
  <Language>fr</Language>
  <Rating>6.5000</Rating>
  <RatingCount>2</RatingCount>
  <Season>1</Season>
</Banner>
<Banner>
  <id>30611</id>
  <BannerPath>seasons/79501-3-7.jpg</BannerPath>
  <BannerType>season</BannerType>
  <BannerType2>season</BannerType2>
  <Language>en</Language>
  <Rating>6.2500</Rating>
  <RatingCount>4</RatingCount>
  <Season>3</Season>
</Banner>
<Banner>
  <id>30608</id>
  <BannerPath>seasons/79501-3-4.jpg</BannerPath>
  <BannerType>season</BannerType>
  <BannerType2>season</BannerType2>
  <Language>en</Language>
  <Rating>6.2500</Rating>
  <RatingCount>4</RatingCount>
  <Season>3</Season>
</Banner>
<Banner>
  <id>13868</id>
  <BannerPath>seasons/79501-2.jpg</BannerPath>
  <BannerType>season</BannerType>
  <BannerType2>season</BannerType2>
  <Language>en</Language>
  <Rating>6.2000</Rating>
  <RatingCount>5</RatingCount>
  <Season>2</Season>
</Banner>
<Banner>
  <id>27694</id>
  <BannerPath>seasons/79501-2-5.jpg</BannerPath>
  <BannerType>season</BannerType>
  <BannerType2>season</BannerType2>
  <Language>fr</Language>
  <Rating>6.0000</Rating>
  <RatingCount>2</RatingCount>
  <Season>2</Season>
</Banner>
<Banner>
  <id>28393</id>
  <BannerPath>seasons/79501-2-6.jpg</BannerPath>
  <BannerType>season</BannerType>
  <BannerType2>season</BannerType2>
  <Language>en</Language>
  <Rating>6.0000</Rating>
  <RatingCount>4</RatingCount>
  <Season>2</Season>
</Banner>
<Banner>
  <id>13867</id>
  <BannerPath>seasons/79501-1.jpg</BannerPath>
  <BannerType>season</BannerType>
  <BannerType2>season</BannerType2>
  <Language>en</Language>
  <Rating>6.0000</Rating>
  <RatingCount>5</RatingCount>
  <Season>1</Season>
</Banner>
<Banner>
  <id>30751</id>
  <BannerPath>seasons/79501-3-8.jpg</BannerPath>
  <BannerType>season</BannerType>
  <BannerType2>season</BannerType2>
  <Language>fr</Language>
  <Rating>6.0000</Rating>
  <RatingCount>4</RatingCount>
  <Season>3</Season>
</Banner>
<Banner>
  <id>631481</id>
  <BannerPath>seasons/79501-4-7.jpg</BannerPath>
  <BannerType>season</BannerType>
  <BannerType2>season</BannerType2>
  <Language>es</Language>
  <Rating>6.0000</Rating>
  <RatingCount>2</RatingCount>
  <Season>4</Season>
</Banner>
<Banner>
  <id>29663</id>
  <BannerPath>seasons/79501-2-7.jpg</BannerPath>
  <BannerType>season</BannerType>
  <BannerType2>season</BannerType2>
  <Language>en</Language>
  <Rating>5.8000</Rating>
  <RatingCount>5</RatingCount>
  <Season>2</Season>
</Banner>
<Banner>
  <id>13869</id>
  <BannerPath>seasons/79501-3.jpg</BannerPath>
  <BannerType>season</BannerType>
  <BannerType2>season</BannerType2>
  <Language>en</Language>
  <Rating>5.8000</Rating>
  <RatingCount>5</RatingCount>
  <Season>3</Season>
</Banner>
<Banner>
  <id>13870</id>
  <BannerPath>seasons/79501-4.jpg</BannerPath>
  <BannerType>season</BannerType>
  <BannerType2>season</BannerType2>
  <Language>en</Language>
  <Rating>5.6667</Rating>
  <RatingCount>3</RatingCount>
  <Season>4</Season>
</Banner>
<Banner>
  <id>862902</id>
  <BannerPath>seasons/79501-4-8.jpg</BannerPath>
  <BannerType>season</BannerType>
  <BannerType2>season</BannerType2>
  <Language>pt</Language>
  <Rating>5.5000</Rating>
  <RatingCount>2</RatingCount>
  <Season>4</Season>
</Banner>
<Banner>
  <id>862900</id>
  <BannerPath>seasons/79501-2-10.jpg</BannerPath>
  <BannerType>season</BannerType>
  <BannerType2>season</BannerType2>
  <Language>pt</Language>
  <Rating>5.5000</Rating>
  <RatingCount>2</RatingCount>
  <Season>2</Season>
</Banner>
<Banner>
  <id>339981</id>
  <BannerPath>seasons/79501-4-5.jpg</BannerPath>
  <BannerType>season</BannerType>
  <BannerType2>season</BannerType2>
  <Language>fr</Language>
  <Rating>5.5000</Rating>
  <RatingCount>2</RatingCount>
  <Season>4</Season>
</Banner>
<Banner>
  <id>862899</id>
  <BannerPath>seasons/79501-1-14.jpg</BannerPath>
  <BannerType>season</BannerType>
  <BannerType2>season</BannerType2>
  <Language>pt</Language>
  <Rating>5.5000</Rating>
  <RatingCount>2</RatingCount>
  <Season>1</Season>
</Banner>
<Banner>
  <id>862901</id>
  <BannerPath>seasons/79501-3-9.jpg</BannerPath>
  <BannerType>season</BannerType>
  <BannerType2>season</BannerType2>
  <Language>pt</Language>
  <Rating>5.5000</Rating>
  <RatingCount>2</RatingCount>
  <Season>3</Season>
</Banner>
<Banner>
  <id>51151</id>
  <BannerPath>seasons/79501-1-12.jpg</BannerPath>
  <BannerType>season</BannerType>
  <BannerType2>season</BannerType2>
  <Language>en</Language>
  <Rating>5.3333</Rating>
  <RatingCount>3</RatingCount>
  <Season>1</Season>
</Banner>
<Banner>
  <id>29662</id>
  <BannerPath>seasons/79501-1-10.jpg</BannerPath>
  <BannerType>season</BannerType>
  <BannerType2>season</BannerType2>
  <Language>en</Language>
  <Rating>5.2500</Rating>
  <RatingCount>4</RatingCount>
  <Season>1</Season>
</Banner>
<Banner>
  <id>705531</id>
  <BannerPath>seasons/79501-1-13.jpg</BannerPath>
  <BannerType>season</BannerType>
  <BannerType2>season</BannerType2>
  <Language>en</Language>
  <Rating>5.0000</Rating>
  <RatingCount>2</RatingCount>
  <Season>1</Season>
</Banner>
<Banner>
  <id>8669</id>
  <BannerPath>seasons/17552-1.jpg</BannerPath>
  <BannerType>season</BannerType>
  <BannerType2>season</BannerType2>
  <Language>en</Language>
  <Rating>5.0000</Rating>
  <RatingCount>1</RatingCount>
  <Season>1</Season>
</Banner>
<Banner>
  <id>13898</id>
  <BannerPath>seasons/79501-1-2.jpg</BannerPath>
  <BannerType>season</BannerType>
  <BannerType2>season</BannerType2>
  <Language>en</Language>
  <Rating>5.0000</Rating>
  <RatingCount>1</RatingCount>
  <Season>1</Season>
</Banner>
<Banner>
  <id>402901</id>
  <BannerPath>seasons/79501-3-2.jpg</BannerPath>
  <BannerType>season</BannerType>
  <BannerType2>season</BannerType2>
  <Language>es</Language>
  <Rating>4.6667</Rating>
  <RatingCount>3</RatingCount>
  <Season>3</Season>
</Banner>
<Banner>
  <id>51581</id>
  <BannerPath>seasons/79501-2-9.jpg</BannerPath>
  <BannerType>season</BannerType>
  <BannerType2>season</BannerType2>
  <Language>en</Language>
  <Rating>4.3333</Rating>
  <RatingCount>3</RatingCount>
  <Season>2</Season>
</Banner>
<Banner>
  <id>235011</id>
  <BannerPath>seasons/79501-4-3.jpg</BannerPath>
  <BannerType>season</BannerType>
  <BannerType2>season</BannerType2>
  <Language>en</Language>
  <Rating>4.0000</Rating>
  <RatingCount>2</RatingCount>
  <Season>4</Season>
</Banner>
<Banner>
  <id>334201</id>
  <BannerPath>seasons/79501-4-4.jpg</BannerPath>
  <BannerType>season</BannerType>
  <BannerType2>season</BannerType2>
  <Language>en</Language>
  <Rating>1.0000</Rating>
  <RatingCount>1</RatingCount>
  <Season>4</Season>
</Banner>
<Banner>
  <id>13978</id>
  <BannerPath>seasons/79501-1-4.jpg</BannerPath>
  <BannerType>season</BannerType>
  <BannerType2>season</BannerType2>
  <Language>he</Language>
  <Rating></Rating>
  <RatingCount>0</RatingCount>
  <Season>1</Season>
</Banner>
<Banner>
  <id>918011</id>
  <BannerPath>seasons/79501-2-11.jpg</BannerPath>
  <BannerType>season</BannerType>
  <BannerType2>season</BannerType2>
  <Language>fr</Language>
  <Rating></Rating>
  <RatingCount>0</RatingCount>
  <Season>2</Season>
</Banner>
<Banner>
  <id>22164</id>
  <BannerPath>seasons/79501-0.jpg</BannerPath>
  <BannerType>season</BannerType>
  <BannerType2>season</BannerType2>
  <Language>en</Language>
  <Rating></Rating>
  <RatingCount>0</RatingCount>
  <Season>0</Season>
</Banner>
<Banner>
  <id>918016</id>
  <BannerPath>seasons/79501-3-10.jpg</BannerPath>
  <BannerType>season</BannerType>
  <BannerType2>season</BannerType2>
  <Language>fr</Language>
  <Rating></Rating>
  <RatingCount>0</RatingCount>
  <Season>3</Season>
</Banner>
<Banner>
  <id>17131</id>
  <BannerPath>seasons/79501-1-7.jpg</BannerPath>
  <BannerType>season</BannerType>
  <BannerType2>season</BannerType2>
  <Language>de</Language>
  <Rating></Rating>
  <RatingCount>0</RatingCount>
  <Season>1</Season>
</Banner>
<Banner>
  <id>27399</id>
  <BannerPath>seasons/79501-2-4.jpg</BannerPath>
  <BannerType>season</BannerType>
  <BannerType2>season</BannerType2>
  <Language>es</Language>
  <Rating></Rating>
  <RatingCount>0</RatingCount>
  <Season>2</Season>
</Banner>
<Banner>
  <id>917988</id>
  <BannerPath>seasons/79501-1-15.jpg</BannerPath>
  <BannerType>season</BannerType>
  <BannerType2>season</BannerType2>
  <Language>fr</Language>
  <Rating></Rating>
  <RatingCount>0</RatingCount>
  <Season>1</Season>
</Banner>
<Banner>
  <id>917990</id>
  <BannerPath>seasons/79501-1-17.jpg</BannerPath>
  <BannerType>season</BannerType>
  <BannerType2>season</BannerType2>
  <Language>fr</Language>
  <Rating></Rating>
  <RatingCount>0</RatingCount>
  <Season>1</Season>
</Banner>
<Banner>
  <id>30610</id>
  <BannerPath>seasons/79501-3-6.jpg</BannerPath>
  <BannerType>season</BannerType>
  <BannerType2>season</BannerType2>
  <Language>en</Language>
  <Rating></Rating>
  <RatingCount>0</RatingCount>
  <Season>3</Season>
</Banner>
<Banner>
  <id>27343</id>
  <BannerPath>seasons/79501-1-8.jpg</BannerPath>
  <BannerType>season</BannerType>
  <BannerType2>season</BannerType2>
  <Language>es</Language>
  <Rating></Rating>
  <RatingCount>0</RatingCount>
  <Season>1</Season>
</Banner>
<Banner>
  <id>27334</id>
  <BannerPath>seasons/79501-2-3.jpg</BannerPath>
  <BannerType>season</BannerType>
  <BannerType2>season</BannerType2>
  <Language>es</Language>
  <Rating></Rating>
  <RatingCount>0</RatingCount>
  <Season>2</Season>
</Banner>
<Banner>
  <id>918021</id>
  <BannerPath>seasons/79501-4-9.jpg</BannerPath>
  <BannerType>season</BannerType>
  <BannerType2>season</BannerType2>
  <Language>fr</Language>
  <Rating></Rating>
  <RatingCount>0</RatingCount>
  <Season>4</Season>
</Banner>
<Banner>
  <id>27404</id>
  <BannerPath>seasons/79501-1-9.jpg</BannerPath>
  <BannerType>season</BannerType>
  <BannerType2>season</BannerType2>
  <Language>es</Language>
  <Rating></Rating>
  <RatingCount>0</RatingCount>
  <Season>1</Season>
</Banner>
<Banner>
  <id>897924</id>
  <BannerPath>seasonswide/79501-3-4.jpg</BannerPath>
  <BannerType>season</BannerType>
  <BannerType2>seasonwide</BannerType2>
  <Language>en</Language>
  <Rating>10.0000</Rating>
  <RatingCount>1</RatingCount>
  <Season>3</Season>
</Banner>
<Banner>
  <id>897925</id>
  <BannerPath>seasonswide/79501-4-5.jpg</BannerPath>
  <BannerType>season</BannerType>
  <BannerType2>seasonwide</BannerType2>
  <Language>en</Language>
  <Rating>10.0000</Rating>
  <RatingCount>1</RatingCount>
  <Season>4</Season>
</Banner>
<Banner>
  <id>897923</id>
  <BannerPath>seasonswide/79501-2-4.jpg</BannerPath>
  <BannerType>season</BannerType>
  <BannerType2>seasonwide</BannerType2>
  <Language>en</Language>
  <Rating>10.0000</Rating>
  <RatingCount>1</RatingCount>
  <Season>2</Season>
</Banner>
<Banner>
  <id>897922</id>
  <BannerPath>seasonswide/79501-1-6.jpg</BannerPath>
  <BannerType>season</BannerType>
  <BannerType2>seasonwide</BannerType2>
  <Language>en</Language>
  <Rating>10.0000</Rating>
  <RatingCount>1</RatingCount>
  <Season>1</Season>
</Banner>
<Banner>
  <id>334391</id>
  <BannerPath>seasonswide/79501-3-3.jpg</BannerPath>
  <BannerType>season</BannerType>
  <BannerType2>seasonwide</BannerType2>
  <Language>en</Language>
  <Rating>9.0000</Rating>
  <RatingCount>2</RatingCount>
  <Season>3</Season>
</Banner>
<Banner>
  <id>334381</id>
  <BannerPath>seasonswide/79501-4-3.jpg</BannerPath>
  <BannerType>season</BannerType>
  <BannerType2>seasonwide</BannerType2>
  <Language>en</Language>
  <Rating>9.0000</Rating>
  <RatingCount>2</RatingCount>
  <Season>4</Season>
</Banner>
<Banner>
  <id>334411</id>
  <BannerPath>seasonswide/79501-1-5.jpg</BannerPath>
  <BannerType>season</BannerType>
  <BannerType2>seasonwide</BannerType2>
  <Language>en</Language>
  <Rating>8.0000</Rating>
  <RatingCount>2</RatingCount>
  <Season>1</Season>
</Banner>
<Banner>
  <id>30499</id>
  <BannerPath>seasonswide/79501-3.jpg</BannerPath>
  <BannerType>season</BannerType>
  <BannerType2>seasonwide</BannerType2>
  <Language>en</Language>
  <Rating>6.0000</Rating>
  <RatingCount>1</RatingCount>
  <Season>3</Season>
</Banner>
<Banner>
  <id>334401</id>
  <BannerPath>seasonswide/79501-2-3.jpg</BannerPath>
  <BannerType>season</BannerType>
  <BannerType2>seasonwide</BannerType2>
  <Language>en</Language>
  <Rating>5.5000</Rating>
  <RatingCount>2</RatingCount>
  <Season>2</Season>
</Banner>
<Banner>
  <id>631491</id>
  <BannerPath>seasonswide/79501-4-4.jpg</BannerPath>
  <BannerType>season</BannerType>
  <BannerType2>seasonwide</BannerType2>
  <Language>es</Language>
  <Rating>5.5000</Rating>
  <RatingCount>2</RatingCount>
  <Season>4</Season>
</Banner>
<Banner>
  <id>334341</id>
  <BannerPath>seasonswide/79501-1-4.jpg</BannerPath>
  <BannerType>season</BannerType>
  <BannerType2>seasonwide</BannerType2>
  <Language>fr</Language>
  <Rating>1.0000</Rating>
  <RatingCount>1</RatingCount>
  <Season>1</Season>
</Banner>
<Banner>
  <id>334371</id>
  <BannerPath>seasonswide/79501-4-2.jpg</BannerPath>
  <BannerType>season</BannerType>
  <BannerType2>seasonwide</BannerType2>
  <Language>fr</Language>
  <Rating>1.0000</Rating>
  <RatingCount>1</RatingCount>
  <Season>4</Season>
</Banner>
<Banner>
  <id>27693</id>
  <BannerPath>seasonswide/79501-2.jpg</BannerPath>
  <BannerType>season</BannerType>
  <BannerType2>seasonwide</BannerType2>
  <Language>fr</Language>
  <Rating>1.0000</Rating>
  <RatingCount>1</RatingCount>
  <Season>2</Season>
</Banner>
<Banner>
  <id>334361</id>
  <BannerPath>seasonswide/79501-3-2.jpg</BannerPath>
  <BannerType>season</BannerType>
  <BannerType2>seasonwide</BannerType2>
  <Language>fr</Language>
  <Rating>1.0000</Rating>
  <RatingCount>1</RatingCount>
  <Season>3</Season>
</Banner>
<Banner>
  <id>268911</id>
  <BannerPath>seasonswide/79501-4.jpg</BannerPath>
  <BannerType>season</BannerType>
  <BannerType2>seasonwide</BannerType2>
  <Language>en</Language>
  <Rating>1.0000</Rating>
  <RatingCount>1</RatingCount>
  <Season>4</Season>
</Banner>
<Banner>
  <id>334351</id>
  <BannerPath>seasonswide/79501-2-2.jpg</BannerPath>
  <BannerType>season</BannerType>
  <BannerType2>seasonwide</BannerType2>
  <Language>fr</Language>
  <Rating>1.0000</Rating>
  <RatingCount>1</RatingCount>
  <Season>2</Season>
</Banner>
<Banner>
  <id>870945</id>
  <BannerPath>seasonswide/79501-0.jpg</BannerPath>
  <BannerType>season</BannerType>
  <BannerType2>seasonwide</BannerType2>
  <Language>en</Language>
  <Rating></Rating>
  <RatingCount>0</RatingCount>
  <Season>0</Season>
</Banner>
<Banner>
  <id>33957</id>
  <BannerPath>graphical/79501-g21.jpg</BannerPath>
  <BannerType>series</BannerType>
  <BannerType2>graphical</BannerType2>
  <Language>en</Language>
  <Rating>7.4167</Rating>
  <RatingCount>12</RatingCount>
</Banner>
<Banner>
  <id>16038</id>
  <BannerPath>graphical/79501-g6.jpg</BannerPath>
  <BannerType>series</BannerType>
  <BannerType2>graphical</BannerType2>
  <Language>en</Language>
  <Rating>7.1250</Rating>
  <RatingCount>8</RatingCount>
</Banner>
<Banner>
  <id>12724</id>
  <BannerPath>graphical/79501-g3.jpg</BannerPath>
  <BannerType>series</BannerType>
  <BannerType2>graphical</BannerType2>
  <Language>en</Language>
  <Rating>7.1111</Rating>
  <RatingCount>18</RatingCount>
</Banner>
<Banner>
  <id>9438</id>
  <BannerPath>graphical/17552-g3.jpg</BannerPath>
  <BannerType>series</BannerType>
  <BannerType2>graphical</BannerType2>
  <Language>en</Language>
  <Rating>7.0667</Rating>
  <RatingCount>15</RatingCount>
</Banner>
<Banner>
  <id>69931</id>
  <BannerPath>graphical/79501-g30.jpg</BannerPath>
  <BannerType>series</BannerType>
  <BannerType2>graphical</BannerType2>
  <Language>en</Language>
  <Rating>7.0000</Rating>
  <RatingCount>1</RatingCount>
</Banner>
<Banner>
  <id>70011</id>
  <BannerPath>graphical/79501-g38.jpg</BannerPath>
  <BannerType>series</BannerType>
  <BannerType2>graphical</BannerType2>
  <Language>en</Language>
  <Rating>7.0000</Rating>
  <RatingCount>5</RatingCount>
</Banner>
<Banner>
  <id>12723</id>
  <BannerPath>graphical/79501-g2.jpg</BannerPath>
  <BannerType>series</BannerType>
  <BannerType2>graphical</BannerType2>
  <Language>en</Language>
  <Rating>7.0000</Rating>
  <RatingCount>7</RatingCount>
</Banner>
<Banner>
  <id>32029</id>
  <BannerPath>graphical/79501-g17.jpg</BannerPath>
  <BannerType>series</BannerType>
  <BannerType2>graphical</BannerType2>
  <Language>en</Language>
  <Rating>7.0000</Rating>
  <RatingCount>3</RatingCount>
</Banner>
<Banner>
  <id>29354</id>
  <BannerPath>graphical/79501-g15.jpg</BannerPath>
  <BannerType>series</BannerType>
  <BannerType2>graphical</BannerType2>
  <Language>en</Language>
  <Rating>6.9545</Rating>
  <RatingCount>22</RatingCount>
</Banner>
<Banner>
  <id>12722</id>
  <BannerPath>graphical/79501-g.jpg</BannerPath>
  <BannerType>series</BannerType>
  <BannerType2>graphical</BannerType2>
  <Language>en</Language>
  <Rating>6.8333</Rating>
  <RatingCount>12</RatingCount>
</Banner>
<Banner>
  <id>25610</id>
  <BannerPath>graphical/79501-g10.jpg</BannerPath>
  <BannerType>series</BannerType>
  <BannerType2>graphical</BannerType2>
  <Language>en</Language>
  <Rating>6.7143</Rating>
  <RatingCount>7</RatingCount>
</Banner>
<Banner>
  <id>69921</id>
  <BannerPath>graphical/79501-g29.jpg</BannerPath>
  <BannerType>series</BannerType>
  <BannerType2>graphical</BannerType2>
  <Language>en</Language>
  <Rating>6.6667</Rating>
  <RatingCount>3</RatingCount>
</Banner>
<Banner>
  <id>13896</id>
  <BannerPath>graphical/79501-g4.jpg</BannerPath>
  <BannerType>series</BannerType>
  <BannerType2>graphical</BannerType2>
  <Language>en</Language>
  <Rating>6.6250</Rating>
  <RatingCount>8</RatingCount>
</Banner>
<Banner>
  <id>8928</id>
  <BannerPath>graphical/17552-g2.jpg</BannerPath>
  <BannerType>series</BannerType>
  <BannerType2>graphical</BannerType2>
  <Language>en</Language>
  <Rating>6.5714</Rating>
  <RatingCount>7</RatingCount>
</Banner>
<Banner>
  <id>69911</id>
  <BannerPath>graphical/79501-g28.jpg</BannerPath>
  <BannerType>series</BannerType>
  <BannerType2>graphical</BannerType2>
  <Language>en</Language>
  <Rating>6.5000</Rating>
  <RatingCount>4</RatingCount>
</Banner>
<Banner>
  <id>69941</id>
  <BannerPath>graphical/79501-g31.jpg</BannerPath>
  <BannerType>series</BannerType>
  <BannerType2>graphical</BannerType2>
  <Language>en</Language>
  <Rating>6.5000</Rating>
  <RatingCount>2</RatingCount>
</Banner>
<Banner>
  <id>12802</id>
  <BannerPath>blank/79501.jpg</BannerPath>
  <BannerType>series</BannerType>
  <BannerType2>blank</BannerType2>
  <Language>en</Language>
  <Rating>6.2000</Rating>
  <RatingCount>5</RatingCount>
</Banner>
<Banner>
  <id>21042</id>
  <BannerPath>graphical/79501-g8.jpg</BannerPath>
  <BannerType>series</BannerType>
  <BannerType2>graphical</BannerType2>
  <Language>en</Language>
  <Rating>6.0000</Rating>
  <RatingCount>4</RatingCount>
</Banner>
<Banner>
  <id>32028</id>
  <BannerPath>graphical/79501-g16.jpg</BannerPath>
  <BannerType>series</BannerType>
  <BannerType2>graphical</BannerType2>
  <Language>en</Language>
  <Rating>6.0000</Rating>
  <RatingCount>2</RatingCount>
</Banner>
<Banner>
  <id>16037</id>
  <BannerPath>graphical/79501-g5.jpg</BannerPath>
  <BannerType>series</BannerType>
  <BannerType2>graphical</BannerType2>
  <Language>en</Language>
  <Rating>5.6923</Rating>
  <RatingCount>13</RatingCount>
</Banner>
<Banner>
  <id>25611</id>
  <BannerPath>graphical/79501-g11.jpg</BannerPath>
  <BannerType>series</BannerType>
  <BannerType2>graphical</BannerType2>
  <Language>en</Language>
  <Rating>5.6000</Rating>
  <RatingCount>5</RatingCount>
</Banner>
<Banner>
  <id>123901</id>
  <BannerPath>graphical/79501-g14.jpg</BannerPath>
  <BannerType>series</BannerType>
  <BannerType2>graphical</BannerType2>
  <Language>en</Language>
  <Rating>5.5000</Rating>
  <RatingCount>2</RatingCount>
</Banner>
<Banner>
  <id>23831</id>
  <BannerPath>graphical/79501-g9.jpg</BannerPath>
  <BannerType>series</BannerType>
  <BannerType2>graphical</BannerType2>
  <Language>en</Language>
  <Rating>4.6667</Rating>
  <RatingCount>6</RatingCount>
</Banner>
<Banner>
  <id>25612</id>
  <BannerPath>graphical/79501-g12.jpg</BannerPath>
  <BannerType>series</BannerType>
  <BannerType2>graphical</BannerType2>
  <Language>en</Language>
  <Rating>4.6667</Rating>
  <RatingCount>3</RatingCount>
</Banner>
<Banner>
  <id>25613</id>
  <BannerPath>graphical/79501-g13.jpg</BannerPath>
  <BannerType>series</BannerType>
  <BannerType2>graphical</BannerType2>
  <Language>en</Language>
  <Rating>4.6667</Rating>
  <RatingCount>3</RatingCount>
</Banner>
<Banner>
  <id>16580</id>
  <BannerPath>graphical/79501-g7.jpg</BannerPath>
  <BannerType>series</BannerType>
  <BannerType2>graphical</BannerType2>
  <Language>en</Language>
  <Rating>4.1000</Rating>
  <RatingCount>10</RatingCount>
</Banner>
<Banner>
  <id>40045</id>
  <BannerPath>graphical/79501-g23.jpg</BannerPath>
  <BannerType>series</BannerType>
  <BannerType2>graphical</BannerType2>
  <Language>en</Language>
  <Rating>4.0000</Rating>
  <RatingCount>2</RatingCount>
</Banner>
<Banner>
  <id>33524</id>
  <BannerPath>graphical/79501-g19.jpg</BannerPath>
  <BannerType>series</BannerType>
  <BannerType2>graphical</BannerType2>
  <Language>it</Language>
  <Rating>4.0000</Rating>
  <RatingCount>1</RatingCount>
</Banner>
<Banner>
  <id>34260</id>
  <BannerPath>graphical/79501-g22.jpg</BannerPath>
  <BannerType>series</BannerType>
  <BannerType2>graphical</BannerType2>
  <Language>en</Language>
  <Rating>3.7500</Rating>
  <RatingCount>4</RatingCount>
</Banner>
<Banner>
  <id>8668</id>
  <BannerPath>graphical/17552-g.jpg</BannerPath>
  <BannerType>series</BannerType>
  <BannerType2>graphical</BannerType2>
  <Language>en</Language>
  <Rating>3.3333</Rating>
  <RatingCount>3</RatingCount>
</Banner>
<Banner>
  <id>912925</id>
  <BannerPath>graphical/79501-g20.jpg</BannerPath>
  <BannerType>series</BannerType>
  <BannerType2>graphical</BannerType2>
  <Language>ru</Language>
  <Rating>3.2500</Rating>
  <RatingCount>4</RatingCount>
</Banner>
<Banner>
  <id>32760</id>
  <BannerPath>graphical/79501-g18.jpg</BannerPath>
  <BannerType>series</BannerType>
  <BannerType2>graphical</BannerType2>
  <Language>it</Language>
  <Rating>2.0000</Rating>
  <RatingCount>1</RatingCount>
</Banner>
<Banner>
  <id>9570</id>
  <BannerPath>text/79501.jpg</BannerPath>
  <BannerType>series</BannerType>
  <BannerType2>text</BannerType2>
  <Language>en</Language>
  <Rating>1.0000</Rating>
  <RatingCount>2</RatingCount>
</Banner>
<Banner>
  <id>934001</id>
  <BannerPath>graphical/79501-g24.jpg</BannerPath>
  <BannerType>series</BannerType>
  <BannerType2>graphical</BannerType2>
  <Language>hu</Language>
  <Rating></Rating>
  <RatingCount>0</RatingCount>
</Banner>
<Banner>
  <id>337951</id>
  <BannerPath>text/79501-2.jpg</BannerPath>
  <BannerType>series</BannerType>
  <BannerType2>text</BannerType2>
  <Language>ru</Language>
  <Rating></Rating>
  <RatingCount>0</RatingCount>
</Banner>
</Banners>