<?xml version="1.0" encoding="UTF-8" ?>
<Banners>
<Banner>
  <id>926854</id>
  <BannerPath>fanart/original/82066-80.jpg</BannerPath>
  <BannerType>fanart</BannerType>
  <BannerType2>1920x1080</BannerType2>
  <Colors></Colors>
  <Language>en</Language>
  <Rating>8.0000</Rating>
  <RatingCount>1</RatingCount>
  <SeriesName>false</SeriesName>
  <ThumbnailPath>_cache/fanart/original/82066-80.jpg</ThumbnailPath>
  <VignettePath>fanart/vignette/82066-80.jpg</VignettePath>
</Banner>
<Banner>
  <id>925842</id>
  <BannerPath>fanart/original/82066-79.jpg</BannerPath>
  <BannerType>fanart</BannerType>
  <BannerType2>1920x1080</BannerType2>
  <Colors>|225,222,205|3,5,4|130,131,115|</Colors>
  <Language>en</Language>
  <Rating>7.6667</Rating>
  <RatingCount>6</RatingCount>
  <SeriesName>false</SeriesName>
  <ThumbnailPath>_cache/fanart/original/82066-79.jpg</ThumbnailPath>
  <VignettePath>fanart/vignette/82066-79.jpg</VignettePath>
</Banner>
<Banner>
  <id>920614</id>
  <BannerPath>fanart/original/82066-78.jpg</BannerPath>
  <BannerType>fanart</BannerType>
  <BannerType2>1920x1080</BannerType2>
  <Colors>|38,59,104|22,22,30|21,22,27|</Colors>
  <Language>en</Language>
  <Rating>7.6000</Rating>
  <RatingCount>5</RatingCount>
  <SeriesName>false</SeriesName>
  <ThumbnailPath>_cache/fanart/original/82066-78.jpg</ThumbnailPath>
  <VignettePath>fanart/vignette/82066-78.jpg</VignettePath>
</Banner>
<Banner>
  <id>30926</id>
  <BannerPath>fanart/original/82066-13.jpg</BannerPath>
  <BannerType>fanart</BannerType>
  <BannerType2>1920x1080</BannerType2>
  <Colors>|241,247,245|32,45,61|65,95,106|</Colors>
  <Language>en</Language>
  <Rating>7.3421</Rating>
  <RatingCount>38</RatingCount>
  <SeriesName>false</SeriesName>
  <ThumbnailPath>_cache/fanart/original/82066-13.jpg</ThumbnailPath>
  <VignettePath>fanart/vignette/82066-13.jpg</VignettePath>
</Banner>
<Banner>
  <id>850231</id>
  <BannerPath>fanart/original/82066-72.jpg</BannerPath>
  <BannerType>fanart</BannerType>
  <BannerType2>1920x1080</BannerType2>
  <Colors></Colors>
  <Language>en</Language>
  <Rating>7.3333</Rating>
  <RatingCount>6</RatingCount>
  <SeriesName>false</SeriesName>
  <ThumbnailPath>_cache/fanart/original/82066-72.jpg</ThumbnailPath>
  <VignettePath>fanart/vignette/82066-72.jpg</VignettePath>
</Banner>
<Banner>
  <id>628071</id>
  <BannerPath>fanart/original/82066-52.jpg</BannerPath>
  <BannerType>fanart</BannerType>
  <BannerType2>1920x1080</BannerType2>
  <Colors>|202,160,40|32,19,10|101,46,7|</Colors>
  <Language>de</Language>
  <Rating>7.2400</Rating>
  <RatingCount>25</RatingCount>
  <SeriesName>false</SeriesName>
  <ThumbnailPath>_cache/fanart/original/82066-52.jpg</ThumbnailPath>
  <VignettePath>fanart/vignette/82066-52.jpg</VignettePath>
</Banner>
<Banner>
  <id>29661</id>
  <BannerPath>fanart/original/82066-10.jpg</BannerPath>
  <BannerType>fanart</BannerType>
  <BannerType2>1920x1080</BannerType2>
  <Colors>|230,249,253|0,51,68|8,158,193|</Colors>
  <Language>en</Language>
  <Rating>7.0400</Rating>
  <RatingCount>25</RatingCount>
  <SeriesName>false</SeriesName>
  <ThumbnailPath>_cache/fanart/original/82066-10.jpg</ThumbnailPath>
  <VignettePath>fanart/vignette/82066-10.jpg</VignettePath>
</Banner>
<Banner>
  <id>883541</id>
  <BannerPath>fanart/original/82066-70.jpg</BannerPath>
  <BannerType>fanart</BannerType>
  <BannerType2>1920x1080</BannerType2>
  <Colors>|234,232,191|66,77,71|169,188,192|</Colors>
  <Language>en</Language>
  <Rating>6.7857</Rating>
  <RatingCount>14</RatingCount>
  <SeriesName>true</SeriesName>
  <ThumbnailPath>_cache/fanart/original/82066-70.jpg</ThumbnailPath>
  <VignettePath>fanart/vignette/82066-70.jpg</VignettePath>
</Banner>
<Banner>
  <id>917869</id>
  <BannerPath>fanart/original/82066-77.jpg</BannerPath>
  <BannerType>fanart</BannerType>
  <BannerType2>1920x1080</BannerType2>
  <Colors></Colors>
  <Language>de</Language>
  <Rating>6.7500</Rating>
  <RatingCount>4</RatingCount>
  <SeriesName>false</SeriesName>
  <ThumbnailPath>_cache/fanart/original/82066-77.jpg</ThumbnailPath>
  <VignettePath>fanart/vignette/82066-77.jpg</VignettePath>
</Banner>
<Banner>
  <id>185771</id>
  <BannerPath>fanart/original/82066-6.jpg</BannerPath>
  <BannerType>fanart</BannerType>
  <BannerType2>1920x1080</BannerType2>
  <Colors>|83,127,188|171,172,166|165,124,102|</Colors>
  <Language>de</Language>
  <Rating>6.4118</Rating>
  <RatingCount>17</RatingCount>
  <SeriesName>false</SeriesName>
  <ThumbnailPath>_cache/fanart/original/82066-6.jpg</ThumbnailPath>
  <VignettePath>fanart/vignette/82066-6.jpg</VignettePath>
</Banner>
<Banner>
  <id>31038</id>
  <BannerPath>fanart/original/82066-14.jpg</BannerPath>
  <BannerType>fanart</BannerType>
  <BannerType2>1280x720</BannerType2>
  <Colors>|40,53,59|166,228,253|116,185,214|</Colors>
  <Language>en</Language>
  <Rating>6.4000</Rating>
  <RatingCount>10</RatingCount>
  <SeriesName>false</SeriesName>
  <ThumbnailPath>_cache/fanart/original/82066-14.jpg</ThumbnailPath>
  <VignettePath>fanart/vignette/82066-14.jpg</VignettePath>
</Banner>
<Banner>
  <id>171701</id>
  <BannerPath>fanart/original/82066-19.jpg</BannerPath>
  <BannerType>fanart</BannerType>
  <BannerType2>1920x1080</BannerType2>
  <Colors>|61,55,39|79,72,53|65,52,18|</Colors>
  <Language>en</Language>
  <Rating>6.3636</Rating>
  <RatingCount>11</RatingCount>
  <SeriesName>false</SeriesName>
  <ThumbnailPath>_cache/fanart/original/82066-19.jpg</ThumbnailPath>
  <VignettePath>fanart/vignette/82066-19.jpg</VignettePath>
</Banner>
<Banner>
  <id>232221</id>
  <BannerPath>fanart/original/82066-38.jpg</BannerPath>
  <BannerType>fanart</BannerType>
  <BannerType2>1920x1080</BannerType2>
  <Colors>|168,165,146|167,164,145|167,164,149|</Colors>
  <Language>en</Language>
  <Rating>6.3333</Rating>
  <RatingCount>3</RatingCount>
  <SeriesName>true</SeriesName>
  <ThumbnailPath>_cache/fanart/original/82066-38.jpg</ThumbnailPath>
  <VignettePath>fanart/vignette/82066-38.jpg</VignettePath>
</Banner>
<Banner>
  <id>30482</id>
  <BannerPath>fanart/original/82066-12.jpg</BannerPath>
  <BannerType>fanart</BannerType>
  <BannerType2>1280x720</BannerType2>
  <Colors>|244,228,213|78,63,42|208,180,140|</Colors>
  <Language>en</Language>
  <Rating>6.3000</Rating>
  <RatingCount>10</RatingCount>
  <SeriesName>false</SeriesName>
  <ThumbnailPath>_cache/fanart/original/82066-12.jpg</ThumbnailPath>
  <VignettePath>fanart/vignette/82066-12.jpg</VignettePath>
</Banner>
<Banner>
  <id>305471</id>
  <BannerPath>fanart/original/82066-45.jpg</BannerPath>
  <BannerType>fanart</BannerType>
  <BannerType2>1280x720</BannerType2>
  <Colors>|18,33,36|23,41,43|10,24,27|</Colors>
  <Language>en</Language>
  <Rating>6.2857</Rating>
  <RatingCount>7</RatingCount>
  <SeriesName>false</SeriesName>
  <ThumbnailPath>_cache/fanart/original/82066-45.jpg</ThumbnailPath>
  <VignettePath>fanart/vignette/82066-45.jpg</VignettePath>
</Banner>
<Banner>
  <id>23526</id>
  <BannerPath>fanart/original/82066-1.jpg</BannerPath>
  <BannerType>fanart</BannerType>
  <BannerType2>1920x1080</BannerType2>
  <Colors>|123,191,204|38,38,38|137,121,105|</Colors>
  <Language>en</Language>
  <Rating>6.2500</Rating>
  <RatingCount>4</RatingCount>
  <SeriesName>false</SeriesName>
  <ThumbnailPath>_cache/fanart/original/82066-1.jpg</ThumbnailPath>
  <VignettePath>fanart/vignette/82066-1.jpg</VignettePath>
</Banner>
<Banner>
  <id>875103</id>
  <BannerPath>fanart/original/82066-74.jpg</BannerPath>
  <BannerType>fanart</BannerType>
  <BannerType2>1920x1080</BannerType2>
  <Colors></Colors>
  <Language>de</Language>
  <Rating>6.2222</Rating>
  <RatingCount>9</RatingCount>
  <SeriesName>false</SeriesName>
  <ThumbnailPath>_cache/fanart/original/82066-74.jpg</ThumbnailPath>
  <VignettePath>fanart/vignette/82066-74.jpg</VignettePath>
</Banner>
<Banner>
  <id>29881</id>
  <BannerPath>fanart/original/82066-9.jpg</BannerPath>
  <BannerType>fanart</BannerType>
  <BannerType2>1920x1080</BannerType2>
  <Colors>|238,237,243|20,17,10|207,191,139|</Colors>
  <Language>en</Language>
  <Rating>6.1250</Rating>
  <RatingCount>8</RatingCount>
  <SeriesName>false</SeriesName>
  <ThumbnailPath>_cache/fanart/original/82066-9.jpg</ThumbnailPath>
  <VignettePath>fanart/vignette/82066-9.jpg</VignettePath>
</Banner>
<Banner>
  <id>29882</id>
  <BannerPath>fanart/original/82066-11.jpg</BannerPath>
  <BannerType>fanart</BannerType>
  <BannerType2>1920x1080</BannerType2>
  <Colors>|242,239,232|41,37,34|95,95,95|</Colors>
  <Language>en</Language>
  <Rating>6.0526</Rating>
  <RatingCount>19</RatingCount>
  <SeriesName>false</SeriesName>
  <ThumbnailPath>_cache/fanart/original/82066-11.jpg</ThumbnailPath>
  <VignettePath>fanart/vignette/82066-11.jpg</VignettePath>
</Banner>
<Banner>
  <id>768291</id>
  <BannerPath>fanart/original/82066-67.jpg</BannerPath>
  <BannerType>fanart</BannerType>
  <BannerType2>1920x1080</BannerType2>
  <Colors></Colors>
  <Language>en</Language>
  <Rating>6.0000</Rating>
  <RatingCount>6</RatingCount>
  <SeriesName>false</SeriesName>
  <ThumbnailPath>_cache/fanart/original/82066-67.jpg</ThumbnailPath>
  <VignettePath>fanart/vignette/82066-67.jpg</VignettePath>
</Banner>
<Banner>
  <id>945975</id>
  <BannerPath>fanart/original/82066-83.jpg</BannerPath>
  <BannerType>fanart</BannerType>
  <BannerType2>1920x1080</BannerType2>
  <Colors></Colors>
  <Language>de</Language>
  <Rating>6.0000</Rating>
  <RatingCount>1</RatingCount>
  <SeriesName>false</SeriesName>
  <ThumbnailPath>_cache/fanart/original/82066-83.jpg</ThumbnailPath>
  <VignettePath>fanart/vignette/82066-83.jpg</VignettePath>
</Banner>
<Banner>
  <id>225741</id>
  <BannerPath>fanart/original/82066-36.jpg</BannerPath>
  <BannerType>fanart</BannerType>
  <BannerType2>1280x720</BannerType2>
  <Colors></Colors>
  <Language>de</Language>
  <Rating>5.8750</Rating>
  <RatingCount>8</RatingCount>
  <SeriesName>false</SeriesName>
  <ThumbnailPath>_cache/fanart/original/82066-36.jpg</ThumbnailPath>
  <VignettePath>fanart/vignette/82066-36.jpg</VignettePath>
</Banner>
<Banner>
  <id>874684</id>
  <BannerPath>fanart/original/82066-75.jpg</BannerPath>
  <BannerType>fanart</BannerType>
  <BannerType2>1920x1080</BannerType2>
  <Colors></Colors>
  <Language>en</Language>
  <Rating>5.8571</Rating>
  <RatingCount>7</RatingCount>
  <SeriesName>false</SeriesName>
  <ThumbnailPath>_cache/fanart/original/82066-75.jpg</ThumbnailPath>
  <VignettePath>fanart/vignette/82066-75.jpg</VignettePath>
</Banner>
<Banner>
  <id>305421</id>
  <BannerPath>fanart/original/82066-42.jpg</BannerPath>
  <BannerType>fanart</BannerType>
  <BannerType2>1280x720</BannerType2>
  <Colors>|244,231,215|4,2,5|33,4,0|</Colors>
  <Language>en</Language>
  <Rating>5.8000</Rating>
  <RatingCount>5</RatingCount>
  <SeriesName>false</SeriesName>
  <ThumbnailPath>_cache/fanart/original/82066-42.jpg</ThumbnailPath>
  <VignettePath>fanart/vignette/82066-42.jpg</VignettePath>
</Banner>
<Banner>
  <id>221801</id>
  <BannerPath>fanart/original/82066-33.jpg</BannerPath>
  <BannerType>fanart</BannerType>
  <BannerType2>1280x720</BannerType2>
  <Colors>|249,250,245|32,27,24|96,72,26|</Colors>
  <Language>en</Language>
  <Rating>5.8000</Rating>
  <RatingCount>10</RatingCount>
  <SeriesName>false</SeriesName>
  <ThumbnailPath>_cache/fanart/original/82066-33.jpg</ThumbnailPath>
  <VignettePath>fanart/vignette/82066-33.jpg</VignettePath>
</Banner>
<Banner>
  <id>842121</id>
  <BannerPath>fanart/original/82066-68.jpg</BannerPath>
  <BannerType>fanart</BannerType>
  <BannerType2>1920x1080</BannerType2>
  <Colors>|255,255,255|18,19,23|90,90,90|</Colors>
  <Language>en</Language>
  <Rating>5.7778</Rating>
  <RatingCount>9</RatingCount>
  <SeriesName>false</SeriesName>
  <ThumbnailPath>_cache/fanart/original/82066-68.jpg</ThumbnailPath>
  <VignettePath>fanart/vignette/82066-68.jpg</VignettePath>
</Banner>
<Banner>
  <id>27571</id>
  <BannerPath>fanart/original/82066-8.jpg</BannerPath>
  <BannerType>fanart</BannerType>
  <BannerType2>1920x1080</BannerType2>
  <Colors>|203,197,201|0,0,0|198,165,112|</Colors>
  <Language>en</Language>
  <Rating>5.7273</Rating>
  <RatingCount>11</RatingCount>
  <SeriesName>false</SeriesName>
  <ThumbnailPath>_cache/fanart/original/82066-8.jpg</ThumbnailPath>
  <VignettePath>fanart/vignette/82066-8.jpg</VignettePath>
</Banner>
<Banner>
  <id>26310</id>
  <BannerPath>fanart/original/82066-3.jpg</BannerPath>
  <BannerType>fanart</BannerType>
  <BannerType2>1920x1080</BannerType2>
  <Colors>|255,255,255|25,33,56|164,162,173|</Colors>
  <Language>en</Language>
  <Rating>5.6667</Rating>
  <RatingCount>6</RatingCount>
  <SeriesName>false</SeriesName>
  <ThumbnailPath>_cache/fanart/original/82066-3.jpg</ThumbnailPath>
  <VignettePath>fanart/vignette/82066-3.jpg</VignettePath>
</Banner>
<Banner>
  <id>879975</id>
  <BannerPath>fanart/original/82066-30.jpg</BannerPath>
  <BannerType>fanart</BannerType>
  <BannerType2>1920x1080</BannerType2>
  <Colors></Colors>
  <Language>de</Language>
  <Rating>5.6667</Rating>
  <RatingCount>3</RatingCount>
  <SeriesName>false</SeriesName>
  <ThumbnailPath>_cache/fanart/original/82066-30.jpg</ThumbnailPath>
  <VignettePath>fanart/vignette/82066-30.jpg</VignettePath>
</Banner>
<Banner>
  <id>611981</id>
  <BannerPath>fanart/original/82066-62.jpg</BannerPath>
  <BannerType>fanart</BannerType>
  <BannerType2>1920x1080</BannerType2>
  <Colors>|192,169,99|6,6,6|99,64,24|</Colors>
  <Language>de</Language>
  <Rating>5.6364</Rating>
  <RatingCount>11</RatingCount>
  <SeriesName>false</SeriesName>
  <ThumbnailPath>_cache/fanart/original/82066-62.jpg</ThumbnailPath>
  <VignettePath>fanart/vignette/82066-62.jpg</VignettePath>
</Banner>
<Banner>
  <id>874759</id>
  <BannerPath>fanart/original/82066-76.jpg</BannerPath>
  <BannerType>fanart</BannerType>
  <BannerType2>1920x1080</BannerType2>
  <Colors></Colors>
  <Language>de</Language>
  <Rating>5.6000</Rating>
  <RatingCount>5</RatingCount>
  <SeriesName>false</SeriesName>
  <ThumbnailPath>_cache/fanart/original/82066-76.jpg</ThumbnailPath>
  <VignettePath>fanart/vignette/82066-76.jpg</VignettePath>
</Banner>
<Banner>
  <id>598061</id>
  <BannerPath>fanart/original/82066-5.jpg</BannerPath>
  <BannerType>fanart</BannerType>
  <BannerType2>1920x1080</BannerType2>
  <Colors></Colors>
  <Language>de</Language>
  <Rating>5.5000</Rating>
  <RatingCount>2</RatingCount>
  <SeriesName>false</SeriesName>
  <ThumbnailPath>_cache/fanart/original/82066-5.jpg</ThumbnailPath>
  <VignettePath>fanart/vignette/82066-5.jpg</VignettePath>
</Banner>
<Banner>
  <id>39547</id>
  <BannerPath>fanart/original/82066-18.jpg</BannerPath>
  <BannerType>fanart</BannerType>
  <BannerType2>1280x720</BannerType2>
  <Colors>|182,130,80|20,9,5|242,245,254|</Colors>
  <Language>en</Language>
  <Rating>5.5000</Rating>
  <RatingCount>4</RatingCount>
  <SeriesName>false</SeriesName>
  <ThumbnailPath>_cache/fanart/original/82066-18.jpg</ThumbnailPath>
  <VignettePath>fanart/vignette/82066-18.jpg</VignettePath>
</Banner>
<Banner>
  <id>611991</id>
  <BannerPath>fanart/original/82066-63.jpg</BannerPath>
  <BannerType>fanart</BannerType>
  <BannerType2>1920x1080</BannerType2>
  <Colors></Colors>
  <Language>de</Language>
  <Rating>5.5000</Rating>
  <RatingCount>2</RatingCount>
  <SeriesName>false</SeriesName>
  <ThumbnailPath>_cache/fanart/original/82066-63.jpg</ThumbnailPath>
  <VignettePath>fanart/vignette/82066-63.jpg</VignettePath>
</Banner>
<Banner>
  <id>225711</id>
  <BannerPath>fanart/original/82066-34.jpg</BannerPath>
  <BannerType>fanart</BannerType>
  <BannerType2>1280x720</BannerType2>
  <Colors></Colors>
  <Language>en</Language>
  <Rating>5.5000</Rating>
  <RatingCount>2</RatingCount>
  <SeriesName>true</SeriesName>
  <ThumbnailPath>_cache/fanart/original/82066-34.jpg</ThumbnailPath>
  <VignettePath>fanart/vignette/82066-34.jpg</VignettePath>
</Banner>
<Banner>
  <id>612001</id>
  <BannerPath>fanart/original/82066-64.jpg</BannerPath>
  <BannerType>fanart</BannerType>
  <BannerType2>1920x1080</BannerType2>
  <Colors></Colors>
  <Language>de</Language>
  <Rating>5.5000</Rating>
  <RatingCount>2</RatingCount>
  <SeriesName>false</SeriesName>
  <ThumbnailPath>_cache/fanart/original/82066-64.jpg</ThumbnailPath>
  <VignettePath>fanart/vignette/82066-64.jpg</VignettePath>
</Banner>
<Banner>
  <id>894103</id>
  <BannerPath>fanart/original/82066-73.jpg</BannerPath>
  <BannerType>fanart</BannerType>
  <BannerType2>1920x1080</BannerType2>
  <Colors></Colors>
  <Language>de</Language>
  <Rating>5.5000</Rating>
  <RatingCount>2</RatingCount>
  <SeriesName>false</SeriesName>
  <ThumbnailPath>_cache/fanart/original/82066-73.jpg</ThumbnailPath>
  <VignettePath>fanart/vignette/82066-73.jpg</VignettePath>
</Banner>
<Banner>
  <id>227551</id>
  <BannerPath>fanart/original/82066-37.jpg</BannerPath>
  <BannerType>fanart</BannerType>
  <BannerType2>1280x720</BannerType2>
  <Colors></Colors>
  <Language>en</Language>
  <Rating>5.5000</Rating>
  <RatingCount>2</RatingCount>
  <SeriesName>true</SeriesName>
  <ThumbnailPath>_cache/fanart/original/82066-37.jpg</ThumbnailPath>
  <VignettePath>fanart/vignette/82066-37.jpg</VignettePath>
</Banner>
<Banner>
  <id>413431</id>
  <BannerPath>fanart/original/82066-54.jpg</BannerPath>
  <BannerType>fanart</BannerType>
  <BannerType2>1280x720</BannerType2>
  <Colors></Colors>
  <Language>en</Language>
  <Rating>5.5000</Rating>
  <RatingCount>2</RatingCount>
  <SeriesName>false</SeriesName>
  <ThumbnailPath>_cache/fanart/original/82066-54.jpg</ThumbnailPath>
  <VignettePath>fanart/vignette/82066-54.jpg</VignettePath>
</Banner>
<Banner>
  <id>674931</id>
  <BannerPath>fanart/original/82066-65.jpg</BannerPath>
  <BannerType>fanart</BannerType>
  <BannerType2>1920x1080</BannerType2>
  <Colors></Colors>
  <Language>de</Language>
  <Rating>5.5000</Rating>
  <RatingCount>2</RatingCount>
  <SeriesName>false</SeriesName>
  <ThumbnailPath>_cache/fanart/original/82066-65.jpg</ThumbnailPath>
  <VignettePath>fanart/vignette/82066-65.jpg</VignettePath>
</Banner>
<Banner>
  <id>190311</id>
  <BannerPath>fanart/original/82066-28.jpg</BannerPath>
  <BannerType>fanart</BannerType>
  <BannerType2>1280x720</BannerType2>
  <Colors></Colors>
  <Language>en</Language>
  <Rating>5.3333</Rating>
  <RatingCount>3</RatingCount>
  <SeriesName>true</SeriesName>
  <ThumbnailPath>_cache/fanart/original/82066-28.jpg</ThumbnailPath>
  <VignettePath>fanart/vignette/82066-28.jpg</VignettePath>
</Banner>
<Banner>
  <id>844501</id>
  <BannerPath>fanart/original/82066-71.jpg</BannerPath>
  <BannerType>fanart</BannerType>
  <BannerType2>1920x1080</BannerType2>
  <Colors></Colors>
  <Language>en</Language>
  <Rating>5.3333</Rating>
  <RatingCount>6</RatingCount>
  <SeriesName>true</SeriesName>
  <ThumbnailPath>_cache/fanart/original/82066-71.jpg</ThumbnailPath>
  <VignettePath>fanart/vignette/82066-71.jpg</VignettePath>
</Banner>
<Banner>
  <id>930826</id>
  <BannerPath>fanart/original/82066-49.jpg</BannerPath>
  <BannerType>fanart</BannerType>
  <BannerType2>1280x720</BannerType2>
  <Colors></Colors>
  <Language>en</Language>
  <Rating>5.3333</Rating>
  <RatingCount>3</RatingCount>
  <SeriesName>false</SeriesName>
  <ThumbnailPath>_cache/fanart/original/82066-49.jpg</ThumbnailPath>
  <VignettePath>fanart/vignette/82066-49.jpg</VignettePath>
</Banner>
<Banner>
  <id>27549</id>
  <BannerPath>fanart/original/82066-4.jpg</BannerPath>
  <BannerType>fanart</BannerType>
  <BannerType2>1280x720</BannerType2>
  <Colors>|247,242,248|28,28,30|56,92,142|</Colors>
  <Language>en</Language>
  <Rating>5.2500</Rating>
  <RatingCount>4</RatingCount>
  <SeriesName>false</SeriesName>
  <ThumbnailPath>_cache/fanart/original/82066-4.jpg</ThumbnailPath>
  <VignettePath>fanart/vignette/82066-4.jpg</VignettePath>
</Banner>
<Banner>
  <id>185791</id>
  <BannerPath>fanart/original/82066-24.jpg</BannerPath>
  <BannerType>fanart</BannerType>
  <BannerType2>1280x720</BannerType2>
  <Colors></Colors>
  <Language>de</Language>
  <Rating>5.2000</Rating>
  <RatingCount>5</RatingCount>
  <SeriesName>false</SeriesName>
  <ThumbnailPath>_cache/fanart/original/82066-24.jpg</ThumbnailPath>
  <VignettePath>fanart/vignette/82066-24.jpg</VignettePath>
</Banner>
<Banner>
  <id>185801</id>
  <BannerPath>fanart/original/82066-25.jpg</BannerPath>
  <BannerType>fanart</BannerType>
  <BannerType2>1280x720</BannerType2>
  <Colors></Colors>
  <Language>de</Language>
  <Rating>5.2000</Rating>
  <RatingCount>5</RatingCount>
  <SeriesName>false</SeriesName>
  <ThumbnailPath>_cache/fanart/original/82066-25.jpg</ThumbnailPath>
  <VignettePath>fanart/vignette/82066-25.jpg</VignettePath>
</Banner>
<Banner>
  <id>122031</id>
  <BannerPath>fanart/original/82066-21.jpg</BannerPath>
  <BannerType>fanart</BannerType>
  <BannerType2>1280x720</BannerType2>
  <Colors></Colors>
  <Language>de</Language>
  <Rating>5.0000</Rating>
  <RatingCount>1</RatingCount>
  <SeriesName>false</SeriesName>
  <ThumbnailPath>_cache/fanart/original/82066-21.jpg</ThumbnailPath>
  <VignettePath>fanart/vignette/82066-21.jpg</VignettePath>
</Banner>
<Banner>
  <id>305501</id>
  <BannerPath>fanart/original/82066-48.jpg</BannerPath>
  <BannerType>fanart</BannerType>
  <BannerType2>1280x720</BannerType2>
  <Colors>|0,0,0|255,255,255|255,255,255|</Colors>
  <Language>en</Language>
  <Rating>5.0000</Rating>
  <RatingCount>3</RatingCount>
  <SeriesName>true</SeriesName>
  <ThumbnailPath>_cache/fanart/original/82066-48.jpg</ThumbnailPath>
  <VignettePath>fanart/vignette/82066-48.jpg</VignettePath>
</Banner>
<Banner>
  <id>27569</id>
  <BannerPath>fanart/original/82066-7.jpg</BannerPath>
  <BannerType>fanart</BannerType>
  <BannerType2>1920x1080</BannerType2>
  <Colors>|209,207,212|0,0,0|155,151,166|</Colors>
  <Language>en</Language>
  <Rating>5.0000</Rating>
  <RatingCount>4</RatingCount>
  <SeriesName>false</SeriesName>
  <ThumbnailPath>_cache/fanart/original/82066-7.jpg</ThumbnailPath>
  <VignettePath>fanart/vignette/82066-7.jpg</VignettePath>
</Banner>
<Banner>
  <id>122041</id>
  <BannerPath>fanart/original/82066-22.jpg</BannerPath>
  <BannerType>fanart</BannerType>
  <BannerType2>1280x720</BannerType2>
  <Colors></Colors>
  <Language>de</Language>
  <Rating>5.0000</Rating>
  <RatingCount>3</RatingCount>
  <SeriesName>false</SeriesName>
  <ThumbnailPath>_cache/fanart/original/82066-22.jpg</ThumbnailPath>
  <VignettePath>fanart/vignette/82066-22.jpg</VignettePath>
</Banner>
<Banner>
  <id>244721</id>
  <BannerPath>fanart/original/82066-40.jpg</BannerPath>
  <BannerType>fanart</BannerType>
  <BannerType2>1280x720</BannerType2>
  <Colors></Colors>
  <Language>en</Language>
  <Rating>5.0000</Rating>
  <RatingCount>1</RatingCount>
  <SeriesName>false</SeriesName>
  <ThumbnailPath>_cache/fanart/original/82066-40.jpg</ThumbnailPath>
  <VignettePath>fanart/vignette/82066-40.jpg</VignettePath>
</Banner>
<Banner>
  <id>33509</id>
  <BannerPath>fanart/original/82066-15.jpg</BannerPath>
  <BannerType>fanart</BannerType>
  <BannerType2>1920x1080</BannerType2>
  <Colors>|255,255,255|15,15,13|57,54,49|</Colors>
  <Language>en</Language>
  <Rating>5.0000</Rating>
  <RatingCount>5</RatingCount>
  <SeriesName>false</SeriesName>
  <ThumbnailPath>_cache/fanart/original/82066-15.jpg</ThumbnailPath>
  <VignettePath>fanart/vignette/82066-15.jpg</VignettePath>
</Banner>
<Banner>
  <id>190641</id>
  <BannerPath>fanart/original/82066-29.jpg</BannerPath>
  <BannerType>fanart</BannerType>
  <BannerType2>1280x720</BannerType2>
  <Colors></Colors>
  <Language>en</Language>
  <Rating>5.0000</Rating>
  <RatingCount>3</RatingCount>
  <SeriesName>true</SeriesName>
  <ThumbnailPath>_cache/fanart/original/82066-29.jpg</ThumbnailPath>
  <VignettePath>fanart/vignette/82066-29.jpg</VignettePath>
</Banner>
<Banner>
  <id>25992</id>
  <BannerPath>fanart/original/82066-2.jpg</BannerPath>
  <BannerType>fanart</BannerType>
  <BannerType2>1920x1080</BannerType2>
  <Colors>|231,227,226|41,39,44|115,98,82|</Colors>
  <Language>en</Language>
  <Rating>4.7500</Rating>
  <RatingCount>4</RatingCount>
  <SeriesName>false</SeriesName>
  <ThumbnailPath>_cache/fanart/original/82066-2.jpg</ThumbnailPath>
  <VignettePath>fanart/vignette/82066-2.jpg</VignettePath>
</Banner>
<Banner>
  <id>71961</id>
  <BannerPath>fanart/original/82066-20.jpg</BannerPath>
  <BannerType>fanart</BannerType>
  <BannerType2>1920x1080</BannerType2>
  <Colors>|28,13,6|14,48,155|0,0,0|</Colors>
  <Language>en</Language>
  <Rating>4.7500</Rating>
  <RatingCount>4</RatingCount>
  <SeriesName>false</SeriesName>
  <ThumbnailPath>_cache/fanart/original/82066-20.jpg</ThumbnailPath>
  <VignettePath>fanart/vignette/82066-20.jpg</VignettePath>
</Banner>
<Banner>
  <id>768271</id>
  <BannerPath>fanart/original/82066-66.jpg</BannerPath>
  <BannerType>fanart</BannerType>
  <BannerType2>1920x1080</BannerType2>
  <Colors></Colors>
  <Language>en</Language>
  <Rating>4.6667</Rating>
  <RatingCount>3</RatingCount>
  <SeriesName>false</SeriesName>
  <ThumbnailPath>_cache/fanart/original/82066-66.jpg</ThumbnailPath>
  <VignettePath>fanart/vignette/82066-66.jpg</VignettePath>
</Banner>
<Banner>
  <id>39546</id>
  <BannerPath>fanart/original/82066-17.jpg</BannerPath>
  <BannerType>fanart</BannerType>
  <BannerType2>1280x720</BannerType2>
  <Colors>|0,0,0|0,0,0|99,162,193|</Colors>
  <Language>en</Language>
  <Rating>4.5000</Rating>
  <RatingCount>2</RatingCount>
  <SeriesName>false</SeriesName>
  <ThumbnailPath>_cache/fanart/original/82066-17.jpg</ThumbnailPath>
  <VignettePath>fanart/vignette/82066-17.jpg</VignettePath>
</Banner>
<Banner>
  <id>547581</id>
  <BannerPath>fanart/original/82066-58.jpg</BannerPath>
  <BannerType>fanart</BannerType>
  <BannerType2>1920x1080</BannerType2>
  <Colors></Colors>
  <Language>en</Language>
  <Rating>4.5000</Rating>
  <RatingCount>2</RatingCount>
  <SeriesName>false</SeriesName>
  <ThumbnailPath>_cache/fanart/original/82066-58.jpg</ThumbnailPath>
  <VignettePath>fanart/vignette/82066-58.jpg</VignettePath>
</Banner>
<Banner>
  <id>190301</id>
  <BannerPath>fanart/original/82066-27.jpg</BannerPath>
  <BannerType>fanart</BannerType>
  <BannerType2>1280x720</BannerType2>
  <Colors></Colors>
  <Language>en</Language>
  <Rating>4.5000</Rating>
  <RatingCount>4</RatingCount>
  <SeriesName>true</SeriesName>
  <ThumbnailPath>_cache/fanart/original/82066-27.jpg</ThumbnailPath>
  <VignettePath>fanart/vignette/82066-27.jpg</VignettePath>
</Banner>
<Banner>
  <id>190671</id>
  <BannerPath>fanart/original/82066-31.jpg</BannerPath>
  <BannerType>fanart</BannerType>
  <BannerType2>1280x720</BannerType2>
  <Colors></Colors>
  <Language>en</Language>
  <Rating>4.5000</Rating>
  <RatingCount>2</RatingCount>
  <SeriesName>true</SeriesName>
  <ThumbnailPath>_cache/fanart/original/82066-31.jpg</ThumbnailPath>
  <VignettePath>fanart/vignette/82066-31.jpg</VignettePath>
</Banner>
<Banner>
  <id>190681</id>
  <BannerPath>fanart/original/82066-32.jpg</BannerPath>
  <BannerType>fanart</BannerType>
  <BannerType2>1280x720</BannerType2>
  <Colors>|40,45,48|229,210,193|227,210,190|</Colors>
  <Language>en</Language>
  <Rating>4.0000</Rating>
  <RatingCount>2</RatingCount>
  <SeriesName>true</SeriesName>
  <ThumbnailPath>_cache/fanart/original/82066-32.jpg</ThumbnailPath>
  <VignettePath>fanart/vignette/82066-32.jpg</VignettePath>
</Banner>
<Banner>
  <id>39545</id>
  <BannerPath>fanart/original/82066-16.jpg</BannerPath>
  <BannerType>fanart</BannerType>
  <BannerType2>1280x720</BannerType2>
  <Colors>|212,238,251|0,0,0|249,252,223|</Colors>
  <Language>en</Language>
  <Rating>4.0000</Rating>
  <RatingCount>2</RatingCount>
  <SeriesName>false</SeriesName>
  <ThumbnailPath>_cache/fanart/original/82066-16.jpg</ThumbnailPath>
  <VignettePath>fanart/vignette/82066-16.jpg</VignettePath>
</Banner>
<Banner>
  <id>305481</id>
  <BannerPath>fanart/original/82066-46.jpg</BannerPath>
  <BannerType>fanart</BannerType>
  <BannerType2>1280x720</BannerType2>
  <Colors></Colors>
  <Language>en</Language>
  <Rating>3.5000</Rating>
  <RatingCount>2</RatingCount>
  <SeriesName>true</SeriesName>
  <ThumbnailPath>_cache/fanart/original/82066-46.jpg</ThumbnailPath>
  <VignettePath>fanart/vignette/82066-46.jpg</VignettePath>
</Banner>
<Banner>
  <id>185811</id>
  <BannerPath>fanart/original/82066-26.jpg</BannerPath>
  <BannerType>fanart</BannerType>
  <BannerType2>1280x720</BannerType2>
  <Colors></Colors>
  <Language>de</Language>
  <Rating>1.0000</Rating>
  <RatingCount>1</RatingCount>
  <SeriesName>false</SeriesName>
  <ThumbnailPath>_cache/fanart/original/82066-26.jpg</ThumbnailPath>
  <VignettePath>fanart/vignette/82066-26.jpg</VignettePath>
</Banner>
<Banner>
  <id>413421</id>
  <BannerPath>fanart/original/82066-53.jpg</BannerPath>
  <BannerType>fanart</BannerType>
  <BannerType2>1280x720</BannerType2>
  <Colors></Colors>
  <Language>en</Language>
  <Rating>1.0000</Rating>
  <RatingCount>1</RatingCount>
  <SeriesName>false</SeriesName>
  <ThumbnailPath>_cache/fanart/original/82066-53.jpg</ThumbnailPath>
  <VignettePath>fanart/vignette/82066-53.jpg</VignettePath>
</Banner>
<Banner>
  <id>580061</id>
  <BannerPath>fanart/original/82066-59.jpg</BannerPath>
  <BannerType>fanart</BannerType>
  <BannerType2>1920x1080</BannerType2>
  <Colors></Colors>
  <Language>fr</Language>
  <Rating>1.0000</Rating>
  <RatingCount>1</RatingCount>
  <SeriesName>false</SeriesName>
  <ThumbnailPath>_cache/fanart/original/82066-59.jpg</ThumbnailPath>
  <VignettePath>fanart/vignette/82066-59.jpg</VignettePath>
</Banner>
<Banner>
  <id>440031</id>
  <BannerPath>fanart/original/82066-56.jpg</BannerPath>
  <BannerType>fanart</BannerType>
  <BannerType2>1920x1080</BannerType2>
  <Colors></Colors>
  <Language>en</Language>
  <Rating>1.0000</Rating>
  <RatingCount>1</RatingCount>
  <SeriesName>false</SeriesName>
  <ThumbnailPath>_cache/fanart/original/82066-56.jpg</ThumbnailPath>
  <VignettePath>fanart/vignette/82066-56.jpg</VignettePath>
</Banner>
<Banner>
  <id>185781</id>
  <BannerPath>fanart/original/82066-23.jpg</BannerPath>
  <BannerType>fanart</BannerType>
  <BannerType2>1920x1080</BannerType2>
  <Colors></Colors>
  <Language>de</Language>
  <Rating>1.0000</Rating>
  <RatingCount>1</RatingCount>
  <SeriesName>false</SeriesName>
  <ThumbnailPath>_cache/fanart/original/82066-23.jpg</ThumbnailPath>
  <VignettePath>fanart/vignette/82066-23.jpg</VignettePath>
</Banner>
<Banner>
  <id>225731</id>
  <BannerPath>fanart/original/82066-35.jpg</BannerPath>
  <BannerType>fanart</BannerType>
  <BannerType2>1280x720</BannerType2>
  <Colors></Colors>
  <Language>en</Language>
  <Rating>1.0000</Rating>
  <RatingCount>1</RatingCount>
  <SeriesName>true</SeriesName>
  <ThumbnailPath>_cache/fanart/original/82066-35.jpg</ThumbnailPath>
  <VignettePath>fanart/vignette/82066-35.jpg</VignettePath>
</Banner>
<Banner>
  <id>332921</id>
  <BannerPath>fanart/original/82066-50.jpg</BannerPath>
  <BannerType>fanart</BannerType>
  <BannerType2>1280x720</BannerType2>
  <Colors></Colors>
  <Language>en</Language>
  <Rating>1.0000</Rating>
  <RatingCount>1</RatingCount>
  <SeriesName>false</SeriesName>
  <ThumbnailPath>_cache/fanart/original/82066-50.jpg</ThumbnailPath>
  <VignettePath>fanart/vignette/82066-50.jpg</VignettePath>
</Banner>
<Banner>
  <id>305491</id>
  <BannerPath>fanart/original/82066-47.jpg</BannerPath>
  <BannerType>fanart</BannerType>
  <BannerType2>1280x720</BannerType2>
  <Colors></Colors>
  <Language>en</Language>
  <Rating>1.0000</Rating>
  <RatingCount>1</RatingCount>
  <SeriesName>false</SeriesName>
  <ThumbnailPath>_cache/fanart/original/82066-47.jpg</ThumbnailPath>
  <VignettePath>fanart/vignette/82066-47.jpg</VignettePath>
</Banner>
<Banner>
  <id>580071</id>
  <BannerPath>fanart/original/82066-60.jpg</BannerPath>
  <BannerType>fanart</BannerType>
  <BannerType2>1920x1080</BannerType2>
  <Colors></Colors>
  <Language>fr</Language>
  <Rating>1.0000</Rating>
  <RatingCount>2</RatingCount>
  <SeriesName>false</SeriesName>
  <ThumbnailPath>_cache/fanart/original/82066-60.jpg</ThumbnailPath>
  <VignettePath>fanart/vignette/82066-60.jpg</VignettePath>
</Banner>
<Banner>
  <id>413441</id>
  <BannerPath>fanart/original/82066-55.jpg</BannerPath>
  <BannerType>fanart</BannerType>
  <BannerType2>1280x720</BannerType2>
  <Colors></Colors>
  <Language>en</Language>
  <Rating>1.0000</Rating>
  <RatingCount>1</RatingCount>
  <SeriesName>false</SeriesName>
  <ThumbnailPath>_cache/fanart/original/82066-55.jpg</ThumbnailPath>
  <VignettePath>fanart/vignette/82066-55.jpg</VignettePath>
</Banner>
<Banner>
  <id>547571</id>
  <BannerPath>fanart/original/82066-57.jpg</BannerPath>
  <BannerType>fanart</BannerType>
  <BannerType2>1920x1080</BannerType2>
  <Colors></Colors>
  <Language>en</Language>
  <Rating>1.0000</Rating>
  <RatingCount>1</RatingCount>
  <SeriesName>false</SeriesName>
  <ThumbnailPath>_cache/fanart/original/82066-57.jpg</ThumbnailPath>
  <VignettePath>fanart/vignette/82066-57.jpg</VignettePath>
</Banner>
<Banner>
  <id>883374</id>
  <BannerPath>fanart/original/82066-44.jpg</BannerPath>
  <BannerType>fanart</BannerType>
  <BannerType2>1920x1080</BannerType2>
  <Colors></Colors>
  <Language>de</Language>
  <Rating>1.0000</Rating>
  <RatingCount>1</RatingCount>
  <SeriesName>false</SeriesName>
  <ThumbnailPath>_cache/fanart/original/82066-44.jpg</ThumbnailPath>
  <VignettePath>fanart/vignette/82066-44.jpg</VignettePath>
</Banner>
<Banner>
  <id>405881</id>
  <BannerPath>fanart/original/82066-51.jpg</BannerPath>
  <BannerType>fanart</BannerType>
  <BannerType2>1280x720</BannerType2>
  <Colors></Colors>
  <Language>en</Language>
  <Rating>1.0000</Rating>
  <RatingCount>1</RatingCount>
  <SeriesName>false</SeriesName>
  <ThumbnailPath>_cache/fanart/original/82066-51.jpg</ThumbnailPath>
  <VignettePath>fanart/vignette/82066-51.jpg</VignettePath>
</Banner>
<Banner>
  <id>227571</id>
  <BannerPath>fanart/original/82066-39.jpg</BannerPath>
  <BannerType>fanart</BannerType>
  <BannerType2>1280x720</BannerType2>
  <Colors></Colors>
  <Language>en</Language>
  <Rating>1.0000</Rating>
  <RatingCount>1</RatingCount>
  <SeriesName>true</SeriesName>
  <ThumbnailPath>_cache/fanart/original/82066-39.jpg</ThumbnailPath>
  <VignettePath>fanart/vignette/82066-39.jpg</VignettePath>
</Banner>
<Banner>
  <id>843601</id>
  <BannerPath>fanart/original/82066-69.jpg</BannerPath>
  <BannerType>fanart</BannerType>
  <BannerType2>1920x1080</BannerType2>
  <Colors></Colors>
  <Language>en</Language>
  <Rating>1.0000</Rating>
  <RatingCount>1</RatingCount>
  <SeriesName>true</SeriesName>
  <ThumbnailPath>_cache/fanart/original/82066-69.jpg</ThumbnailPath>
  <VignettePath>fanart/vignette/82066-69.jpg</VignettePath>
</Banner>
<Banner>
  <id>305441</id>
  <BannerPath>fanart/original/82066-43.jpg</BannerPath>
  <BannerType>fanart</BannerType>
  <BannerType2>1280x720</BannerType2>
  <Colors></Colors>
  <Language>en</Language>
  <Rating>1.0000</Rating>
  <RatingCount>1</RatingCount>
  <SeriesName>false</SeriesName>
  <ThumbnailPath>_cache/fanart/original/82066-43.jpg</ThumbnailPath>
  <VignettePath>fanart/vignette/82066-43.jpg</VignettePath>
</Banner>
<Banner>
  <id>580081</id>
  <BannerPath>fanart/original/82066-61.jpg</BannerPath>
  <BannerType>fanart</BannerType>
  <BannerType2>1920x1080</BannerType2>
  <Colors></Colors>
  <Language>fr</Language>
  <Rating>1.0000</Rating>
  <RatingCount>1</RatingCount>
  <SeriesName>false</SeriesName>
  <ThumbnailPath>_cache/fanart/original/82066-61.jpg</ThumbnailPath>
  <VignettePath>fanart/vignette/82066-61.jpg</VignettePath>
</Banner>
<Banner>
  <id>928969</id>
  <BannerPath>fanart/original/82066-41.jpg</BannerPath>
  <BannerType>fanart</BannerType>
  <BannerType2>1920x1080</BannerType2>
  <Colors></Colors>
  <Language>de</Language>
  <Rating></Rating>
  <RatingCount>0</RatingCount>
  <SeriesName>false</SeriesName>
  <ThumbnailPath>_cache/fanart/original/82066-41.jpg</ThumbnailPath>
  <VignettePath>fanart/vignette/82066-41.jpg</VignettePath>
</Banner>
<Banner>
  <id>943129</id>
  <BannerPath>fanart/original/82066-81.jpg</BannerPath>
  <BannerType>fanart</BannerType>
  <BannerType2>1920x1080</BannerType2>
  <Colors></Colors>
  <Language>de</Language>
  <Rating></Rating>
  <RatingCount>0</RatingCount>
  <SeriesName>false</SeriesName>
  <ThumbnailPath>_cache/fanart/original/82066-81.jpg</ThumbnailPath>
  <VignettePath>fanart/vignette/82066-81.jpg</VignettePath>
</Banner>
<Banner>
  <id>945974</id>
  <BannerPath>fanart/original/82066-84.jpg</BannerPath>
  <BannerType>fanart</BannerType>
  <BannerType2>1920x1080</BannerType2>
  <Colors></Colors>
  <Language>en</Language>
  <Rating></Rating>
  <RatingCount>0</RatingCount>
  <SeriesName>true</SeriesName>
  <ThumbnailPath>_cache/fanart/original/82066-84.jpg</ThumbnailPath>
  <VignettePath>fanart/vignette/82066-84.jpg</VignettePath>
</Banner>
<Banner>
  <id>944784</id>
  <BannerPath>fanart/original/82066-82.jpg</BannerPath>
  <BannerType>fanart</BannerType>
  <BannerType2>1920x1080</BannerType2>
  <Colors></Colors>
  <Language>en</Language>
  <Rating></Rating>
  <RatingCount>0</RatingCount>
  <SeriesName>false</SeriesName>
  <ThumbnailPath>_cache/fanart/original/82066-82.jpg</ThumbnailPath>
  <VignettePath>fanart/vignette/82066-82.jpg</VignettePath>
</Banner>
<Banner>
  <id>945976</id>
  <BannerPath>fanart/original/82066-85.jpg</BannerPath>
  <BannerType>fanart</BannerType>
  <BannerType2>1280x720</BannerType2>
  <Colors></Colors>
  <Language>de</Language>
  <Rating></Rating>
  <RatingCount>0</RatingCount>
  <SeriesName>false</SeriesName>
  <ThumbnailPath>_cache/fanart/original/82066-85.jpg</ThumbnailPath>
  <VignettePath>fanart/vignette/82066-85.jpg</VignettePath>
</Banner>
<Banner>
  <id>878307</id>
  <BannerPath>posters/82066-1.jpg</BannerPath>
  <BannerType>poster</BannerType>
  <BannerType2>680x1000</BannerType2>
  <Language>en</Language>
  <Rating>7.3000</Rating>
  <RatingCount>10</RatingCount>
</Banner>
<Banner>
  <id>861390</id>
  <BannerPath>posters/82066-68.jpg</BannerPath>
  <BannerType>poster</BannerType>
  <BannerType2>680x1000</BannerType2>
  <Language>en</Language>
  <Rating>7.2500</Rating>
  <RatingCount>8</RatingCount>
</Banner>
<Banner>
  <id>27537</id>
  <BannerPath>posters/82066-6.jpg</BannerPath>
  <BannerType>poster</BannerType>
  <BannerType2>680x1000</BannerType2>
  <Language>en</Language>
  <Rating>7.2500</Rating>
  <RatingCount>24</RatingCount>
</Banner>
<Banner>
  <id>202271</id>
  <BannerPath>posters/82066-25.jpg</BannerPath>
  <BannerType>poster</BannerType>
  <BannerType2>680x1000</BannerType2>
  <Language>en</Language>
  <Rating>7.2105</Rating>
  <RatingCount>19</RatingCount>
</Banner>
<Banner>
  <id>585911</id>
  <BannerPath>posters/82066-46.jpg</BannerPath>
  <BannerType>poster</BannerType>
  <BannerType2>680x1000</BannerType2>
  <Language>en</Language>
  <Rating>7.1667</Rating>
  <RatingCount>6</RatingCount>
</Banner>
<Banner>
  <id>27538</id>
  <BannerPath>posters/82066-7.jpg</BannerPath>
  <BannerType>poster</BannerType>
  <BannerType2>680x1000</BannerType2>
  <Language>en</Language>
  <Rating>7.0833</Rating>
  <RatingCount>12</RatingCount>
</Banner>
<Banner>
  <id>873208</id>
  <BannerPath>posters/82066-53.jpg</BannerPath>
  <BannerType>poster</BannerType>
  <BannerType2>680x1000</BannerType2>
  <Language>en</Language>
  <Rating>7.0769</Rating>
  <RatingCount>13</RatingCount>
</Banner>
<Banner>
  <id>879508</id>
  <BannerPath>posters/82066-10.jpg</BannerPath>
  <BannerType>poster</BannerType>
  <BannerType2>680x1000</BannerType2>
  <Language>en</Language>
  <Rating>7.0000</Rating>
  <RatingCount>3</RatingCount>
</Banner>
<Banner>
  <id>606561</id>
  <BannerPath>posters/82066-48.jpg</BannerPath>
  <BannerType>poster</BannerType>
  <BannerType2>680x1000</BannerType2>
  <Language>en</Language>
  <Rating>7.0000</Rating>
  <RatingCount>7</RatingCount>
</Banner>
<Banner>
  <id>25845</id>
  <BannerPath>posters/82066-3.jpg</BannerPath>
  <BannerType>poster</BannerType>
  <BannerType2>680x1000</BannerType2>
  <Language>en</Language>
  <Rating>6.9000</Rating>
  <RatingCount>10</RatingCount>
</Banner>
<Banner>
  <id>29720</id>
  <BannerPath>posters/82066-19.jpg</BannerPath>
  <BannerType>poster</BannerType>
  <BannerType2>680x1000</BannerType2>
  <Language>en</Language>
  <Rating>6.8333</Rating>
  <RatingCount>6</RatingCount>
</Banner>
<Banner>
  <id>29721</id>
  <BannerPath>posters/82066-20.jpg</BannerPath>
  <BannerType>poster</BannerType>
  <BannerType2>680x1000</BannerType2>
  <Language>en</Language>
  <Rating>6.8333</Rating>
  <RatingCount>6</RatingCount>
</Banner>
<Banner>
  <id>29719</id>
  <BannerPath>posters/82066-18.jpg</BannerPath>
  <BannerType>poster</BannerType>
  <BannerType2>680x1000</BannerType2>
  <Language>en</Language>
  <Rating>6.7778</Rating>
  <RatingCount>9</RatingCount>
</Banner>
<Banner>
  <id>611971</id>
  <BannerPath>posters/82066-49.jpg</BannerPath>
  <BannerType>poster</BannerType>
  <BannerType2>680x1000</BannerType2>
  <Language>en</Language>
  <Rating>6.5000</Rating>
  <RatingCount>4</RatingCount>
</Banner>
<Banner>
  <id>27539</id>
  <BannerPath>posters/82066-8.jpg</BannerPath>
  <BannerType>poster</BannerType>
  <BannerType2>680x1000</BannerType2>
  <Language>en</Language>
  <Rating>6.0000</Rating>
  <RatingCount>4</RatingCount>
</Banner>
<Banner>
  <id>926853</id>
  <BannerPath>posters/82066-32.jpg</BannerPath>
  <BannerType>poster</BannerType>
  <BannerType2>680x1000</BannerType2>
  <Language>en</Language>
  <Rating>6.0000</Rating>
  <RatingCount>2</RatingCount>
</Banner>
<Banner>
  <id>189131</id>
  <BannerPath>posters/82066-22.jpg</BannerPath>
  <BannerType>poster</BannerType>
  <BannerType2>680x1000</BannerType2>
  <Language>en</Language>
  <Rating>5.6667</Rating>
  <RatingCount>3</RatingCount>
</Banner>
<Banner>
  <id>880524</id>
  <BannerPath>posters/82066-11.jpg</BannerPath>
  <BannerType>poster</BannerType>
  <BannerType2>680x1000</BannerType2>
  <Language>en</Language>
  <Rating>5.5000</Rating>
  <RatingCount>2</RatingCount>
</Banner>
<Banner>
  <id>28582</id>
  <BannerPath>posters/82066-14.jpg</BannerPath>
  <BannerType>poster</BannerType>
  <BannerType2>680x1000</BannerType2>
  <Language>en</Language>
  <Rating>5.3333</Rating>
  <RatingCount>3</RatingCount>
</Banner>
<Banner>
  <id>920612</id>
  <BannerPath>posters/82066-17.jpg</BannerPath>
  <BannerType>poster</BannerType>
  <BannerType2>680x1000</BannerType2>
  <Language>en</Language>
  <Rating>5.3333</Rating>
  <RatingCount>3</RatingCount>
</Banner>
<Banner>
  <id>28580</id>
  <BannerPath>posters/82066-12.jpg</BannerPath>
  <BannerType>poster</BannerType>
  <BannerType2>680x1000</BannerType2>
  <Language>en</Language>
  <Rating>5.2500</Rating>
  <RatingCount>4</RatingCount>
</Banner>
<Banner>
  <id>28585</id>
  <BannerPath>posters/82066-16.jpg</BannerPath>
  <BannerType>poster</BannerType>
  <BannerType2>680x1000</BannerType2>
  <Language>en</Language>
  <Rating>5.0000</Rating>
  <RatingCount>3</RatingCount>
</Banner>
<Banner>
  <id>389371</id>
  <BannerPath>posters/82066-29.jpg</BannerPath>
  <BannerType>poster</BannerType>
  <BannerType2>680x1000</BannerType2>
  <Language>en</Language>
  <Rating>5.0000</Rating>
  <RatingCount>2</RatingCount>
</Banner>
<Banner>
  <id>28474</id>
  <BannerPath>posters/82066-9.jpg</BannerPath>
  <BannerType>poster</BannerType>
  <BannerType2>680x1000</BannerType2>
  <Language>en</Language>
  <Rating>5.0000</Rating>
  <RatingCount>3</RatingCount>
</Banner>
<Banner>
  <id>27533</id>
  <BannerPath>posters/82066-5.jpg</BannerPath>
  <BannerType>poster</BannerType>
  <BannerType2>680x1000</BannerType2>
  <Language>en</Language>
  <Rating>5.0000</Rating>
  <RatingCount>3</RatingCount>
</Banner>
<Banner>
  <id>873874</id>
  <BannerPath>posters/82066-54.jpg</BannerPath>
  <BannerType>poster</BannerType>
  <BannerType2>680x1000</BannerType2>
  <Language>en</Language>
  <Rating>5.0000</Rating>
  <RatingCount>8</RatingCount>
</Banner>
<Banner>
  <id>683561</id>
  <BannerPath>posters/82066-50.jpg</BannerPath>
  <BannerType>poster</BannerType>
  <BannerType2>680x1000</BannerType2>
  <Language>en</Language>
  <Rating>5.0000</Rating>
  <RatingCount>2</RatingCount>
</Banner>
<Banner>
  <id>674941</id>
  <BannerPath>posters/82066-26.jpg</BannerPath>
  <BannerType>poster</BannerType>
  <BannerType2>680x1000</BannerType2>
  <Language>en</Language>
  <Rating>4.5000</Rating>
  <RatingCount>2</RatingCount>
</Banner>
<Banner>
  <id>389361</id>
  <BannerPath>posters/82066-28.jpg</BannerPath>
  <BannerType>poster</BannerType>
  <BannerType2>680x1000</BannerType2>
  <Language>en</Language>
  <Rating>4.3333</Rating>
  <RatingCount>3</RatingCount>
</Banner>
<Banner>
  <id>704021</id>
  <BannerPath>posters/82066-52.jpg</BannerPath>
  <BannerType>poster</BannerType>
  <BannerType2>680x1000</BannerType2>
  <Language>en</Language>
  <Rating>4.0000</Rating>
  <RatingCount>2</RatingCount>
</Banner>
<Banner>
  <id>492781</id>
  <BannerPath>posters/82066-30.jpg</BannerPath>
  <BannerType>poster</BannerType>
  <BannerType2>680x1000</BannerType2>
  <Language>en</Language>
  <Rating>4.0000</Rating>
  <RatingCount>2</RatingCount>
</Banner>
<Banner>
  <id>332911</id>
  <BannerPath>posters/82066-27.jpg</BannerPath>
  <BannerType>poster</BannerType>
  <BannerType2>680x1000</BannerType2>
  <Language>en</Language>
  <Rating>4.0000</Rating>
  <RatingCount>2</RatingCount>
</Banner>
<Banner>
  <id>28584</id>
  <BannerPath>posters/82066-15.jpg</BannerPath>
  <BannerType>poster</BannerType>
  <BannerType2>680x1000</BannerType2>
  <Language>en</Language>
  <Rating>4.0000</Rating>
  <RatingCount>4</RatingCount>
</Banner>
<Banner>
  <id>492841</id>
  <BannerPath>posters/82066-36.jpg</BannerPath>
  <BannerType>poster</BannerType>
  <BannerType2>680x1000</BannerType2>
  <Language>en</Language>
  <Rating>3.5000</Rating>
  <RatingCount>2</RatingCount>
</Banner>
<Banner>
  <id>492911</id>
  <BannerPath>posters/82066-43.jpg</BannerPath>
  <BannerType>poster</BannerType>
  <BannerType2>680x1000</BannerType2>
  <Language>en</Language>
  <Rating>3.5000</Rating>
  <RatingCount>2</RatingCount>
</Banner>
<Banner>
  <id>492831</id>
  <BannerPath>posters/82066-35.jpg</BannerPath>
  <BannerType>poster</BannerType>
  <BannerType2>680x1000</BannerType2>
  <Language>en</Language>
  <Rating>3.5000</Rating>
  <RatingCount>2</RatingCount>
</Banner>
<Banner>
  <id>189151</id>
  <BannerPath>posters/82066-24.jpg</BannerPath>
  <BannerType>poster</BannerType>
  <BannerType2>680x1000</BannerType2>
  <Language>en</Language>
  <Rating>3.0000</Rating>
  <RatingCount>2</RatingCount>
</Banner>
<Banner>
  <id>492861</id>
  <BannerPath>posters/82066-38.jpg</BannerPath>
  <BannerType>poster</BannerType>
  <BannerType2>680x1000</BannerType2>
  <Language>en</Language>
  <Rating>3.0000</Rating>
  <RatingCount>2</RatingCount>
</Banner>
<Banner>
  <id>189141</id>
  <BannerPath>posters/82066-23.jpg</BannerPath>
  <BannerType>poster</BannerType>
  <BannerType2>680x1000</BannerType2>
  <Language>en</Language>
  <Rating>3.0000</Rating>
  <RatingCount>2</RatingCount>
</Banner>
<Banner>
  <id>492941</id>
  <BannerPath>posters/82066-45.jpg</BannerPath>
  <BannerType>poster</BannerType>
  <BannerType2>680x1000</BannerType2>
  <Language>en</Language>
  <Rating>3.0000</Rating>
  <RatingCount>2</RatingCount>
</Banner>
<Banner>
  <id>492881</id>
  <BannerPath>posters/82066-40.jpg</BannerPath>
  <BannerType>poster</BannerType>
  <BannerType2>680x1000</BannerType2>
  <Language>en</Language>
  <Rating>2.5000</Rating>
  <RatingCount>2</RatingCount>
</Banner>
<Banner>
  <id>492821</id>
  <BannerPath>posters/82066-34.jpg</BannerPath>
  <BannerType>poster</BannerType>
  <BannerType2>680x1000</BannerType2>
  <Language>en</Language>
  <Rating>2.5000</Rating>
  <RatingCount>2</RatingCount>
</Banner>
<Banner>
  <id>492871</id>
  <BannerPath>posters/82066-39.jpg</BannerPath>
  <BannerType>poster</BannerType>
  <BannerType2>680x1000</BannerType2>
  <Language>en</Language>
  <Rating>2.5000</Rating>
  <RatingCount>2</RatingCount>
</Banner>
<Banner>
  <id>189121</id>
  <BannerPath>posters/82066-21.jpg</BannerPath>
  <BannerType>poster</BannerType>
  <BannerType2>680x1000</BannerType2>
  <Language>en</Language>
  <Rating>2.5000</Rating>
  <RatingCount>2</RatingCount>
</Banner>
<Banner>
  <id>492791</id>
  <BannerPath>posters/82066-31.jpg</BannerPath>
  <BannerType>poster</BannerType>
  <BannerType2>680x1000</BannerType2>
  <Language>en</Language>
  <Rating>2.5000</Rating>
  <RatingCount>2</RatingCount>
</Banner>
<Banner>
  <id>492931</id>
  <BannerPath>posters/82066-44.jpg</BannerPath>
  <BannerType>poster</BannerType>
  <BannerType2>680x1000</BannerType2>
  <Language>en</Language>
  <Rating>2.5000</Rating>
  <RatingCount>2</RatingCount>
</Banner>
<Banner>
  <id>25887</id>
  <BannerPath>posters/82066-4.jpg</BannerPath>
  <BannerType>poster</BannerType>
  <BannerType2>680x1000</BannerType2>
  <Language>en</Language>
  <Rating>2.0000</Rating>
  <RatingCount>2</RatingCount>
</Banner>
<Banner>
  <id>25844</id>
  <BannerPath>posters/82066-2.jpg</BannerPath>
  <BannerType>poster</BannerType>
  <BannerType2>680x1000</BannerType2>
  <Language>en</Language>
  <Rating>2.0000</Rating>
  <RatingCount>2</RatingCount>
</Banner>
<Banner>
  <id>492891</id>
  <BannerPath>posters/82066-41.jpg</BannerPath>
  <BannerType>poster</BannerType>
  <BannerType2>680x1000</BannerType2>
  <Language>en</Language>
  <Rating>2.0000</Rating>
  <RatingCount>2</RatingCount>
</Banner>
<Banner>
  <id>492901</id>
  <BannerPath>posters/82066-42.jpg</BannerPath>
  <BannerType>poster</BannerType>
  <BannerType2>680x1000</BannerType2>
  <Language>en</Language>
  <Rating>2.0000</Rating>
  <RatingCount>2</RatingCount>
</Banner>
<Banner>
  <id>696541</id>
  <BannerPath>posters/82066-51.jpg</BannerPath>
  <BannerType>poster</BannerType>
  <BannerType2>680x1000</BannerType2>
  <Language>en</Language>
  <Rating>1.3333</Rating>
  <RatingCount>3</RatingCount>
</Banner>
<Banner>
  <id>883372</id>
  <BannerPath>posters/82066-13.jpg</BannerPath>
  <BannerType>poster</BannerType>
  <BannerType2>680x1000</BannerType2>
  <Language>en</Language>
  <Rating>1.0000</Rating>
  <RatingCount>1</RatingCount>
</Banner>
<Banner>
  <id>800171</id>
  <BannerPath>posters/82066-66.jpg</BannerPath>
  <BannerType>poster</BannerType>
  <BannerType2>680x1000</BannerType2>
  <Language>en</Language>
  <Rating>1.0000</Rating>
  <RatingCount>2</RatingCount>
</Banner>
<Banner>
  <id>874760</id>
  <BannerPath>posters/82066-56.jpg</BannerPath>
  <BannerType>poster</BannerType>
  <BannerType2>680x1000</BannerType2>
  <Language>en</Language>
  <Rating>1.0000</Rating>
  <RatingCount>1</RatingCount>
</Banner>
<Banner>
  <id>945018</id>
  <BannerPath>posters/82066-33.jpg</BannerPath>
  <BannerType>poster</BannerType>
  <BannerType2>680x1000</BannerType2>
  <Language>en</Language>
  <Rating></Rating>
  <RatingCount>0</RatingCount>
</Banner>
<Banner>
  <id>950657</id>
  <BannerPath>posters/82066-37.jpg</BannerPath>
  <BannerType>poster</BannerType>
  <BannerType2>680x1000</BannerType2>
  <Language>en</Language>
  <Rating></Rating>
  <RatingCount>0</RatingCount>
</Banner>
<Banner>
  <id>865693</id>
  <BannerPath>seasons/82066-0-2.jpg</BannerPath>
  <BannerType>season</BannerType>
  <BannerType2>season</BannerType2>
  <Language>en</Language>
  <Rating>10.0000</Rating>
  <RatingCount>2</RatingCount>
  <Season>0</Season>
</Banner>
<Banner>
  <id>914603</id>
  <BannerPath>seasons/82066-4-6.jpg</BannerPath>
  <BannerType>season</BannerType>
  <BannerType2>season</BannerType2>
  <Language>en</Language>
  <Rating>8.7143</Rating>
  <RatingCount>7</RatingCount>
  <Season>4</Season>
</Banner>
<Banner>
  <id>865092</id>
  <BannerPath>seasons/82066-3-5.jpg</BannerPath>
  <BannerType>season</BannerType>
  <BannerType2>season</BannerType2>
  <Language>en</Language>
  <Rating>8.5556</Rating>
  <RatingCount>9</RatingCount>
  <Season>3</Season>
</Banner>
<Banner>
  <id>949771</id>
  <BannerPath>seasons/82066-4-7.jpg</BannerPath>
  <BannerType>season</BannerType>
  <BannerType2>season</BannerType2>
  <Language>de</Language>
  <Rating>8.5000</Rating>
  <RatingCount>2</RatingCount>
  <Season>4</Season>
</Banner>
<Banner>
  <id>949768</id>
  <BannerPath>seasons/82066-1-7.jpg</BannerPath>
  <BannerType>season</BannerType>
  <BannerType2>season</BannerType2>
  <Language>de</Language>
  <Rating>8.5000</Rating>
  <RatingCount>2</RatingCount>
  <Season>1</Season>
</Banner>
<Banner>
  <id>949769</id>
  <BannerPath>seasons/82066-2-7.jpg</BannerPath>
  <BannerType>season</BannerType>
  <BannerType2>season</BannerType2>
  <Language>de</Language>
  <Rating>8.5000</Rating>
  <RatingCount>2</RatingCount>
  <Season>2</Season>
</Banner>
<Banner>
  <id>499281</id>
  <BannerPath>seasons/82066-2-2.jpg</BannerPath>
  <BannerType>season</BannerType>
  <BannerType2>season</BannerType2>
  <Language>en</Language>
  <Rating>8.3636</Rating>
  <RatingCount>11</RatingCount>
  <Season>2</Season>
</Banner>
<Banner>
  <id>925086</id>
  <BannerPath>seasons/82066-5-4.jpg</BannerPath>
  <BannerType>season</BannerType>
  <BannerType2>season</BannerType2>
  <Language>en</Language>
  <Rating>8.2500</Rating>
  <RatingCount>4</RatingCount>
  <Season>5</Season>
</Banner>
<Banner>
  <id>859816</id>
  <BannerPath>seasons/82066-1-4.jpg</BannerPath>
  <BannerType>season</BannerType>
  <BannerType2>season</BannerType2>
  <Language>en</Language>
  <Rating>8.2000</Rating>
  <RatingCount>5</RatingCount>
  <Season>1</Season>
</Banner>
<Banner>
  <id>949770</id>
  <BannerPath>seasons/82066-3-8.jpg</BannerPath>
  <BannerType>season</BannerType>
  <BannerType2>season</BannerType2>
  <Language>de</Language>
  <Rating>8.0000</Rating>
  <RatingCount>2</RatingCount>
  <Season>3</Season>
</Banner>
<Banner>
  <id>949772</id>
  <BannerPath>seasons/82066-5-8.jpg</BannerPath>
  <BannerType>season</BannerType>
  <BannerType2>season</BannerType2>
  <Language>de</Language>
  <Rating>8.0000</Rating>
  <RatingCount>2</RatingCount>
  <Season>5</Season>
</Banner>
<Banner>
  <id>915111</id>
  <BannerPath>seasons/82066-5-2.jpg</BannerPath>
  <BannerType>season</BannerType>
  <BannerType2>season</BannerType2>
  <Language>en</Language>
  <Rating>7.7143</Rating>
  <RatingCount>7</RatingCount>
  <Season>5</Season>
</Banner>
<Banner>
  <id>873210</id>
  <BannerPath>seasons/82066-4-3.jpg</BannerPath>
  <BannerType>season</BannerType>
  <BannerType2>season</BannerType2>
  <Language>en</Language>
  <Rating>7.6667</Rating>
  <RatingCount>9</RatingCount>
  <Season>4</Season>
</Banner>
<Banner>
  <id>118941</id>
  <BannerPath>seasons/82066-1-10.jpg</BannerPath>
  <BannerType>season</BannerType>
  <BannerType2>season</BannerType2>
  <Language>en</Language>
  <Rating>7.5556</Rating>
  <RatingCount>9</RatingCount>
  <Season>1</Season>
</Banner>
<Banner>
  <id>874652</id>
  <BannerPath>seasons/82066-4-2.jpg</BannerPath>
  <BannerType>season</BannerType>
  <BannerType2>season</BannerType2>
  <Language>en</Language>
  <Rating>7.2308</Rating>
  <RatingCount>13</RatingCount>
  <Season>4</Season>
</Banner>
<Banner>
  <id>118961</id>
  <BannerPath>seasons/82066-1-11.jpg</BannerPath>
  <BannerType>season</BannerType>
  <BannerType2>season</BannerType2>
  <Language>en</Language>
  <Rating>7.1429</Rating>
  <RatingCount>7</RatingCount>
  <Season>1</Season>
</Banner>
<Banner>
  <id>873875</id>
  <BannerPath>seasons/82066-4-4.jpg</BannerPath>
  <BannerType>season</BannerType>
  <BannerType2>season</BannerType2>
  <Language>en</Language>
  <Rating>7.1250</Rating>
  <RatingCount>8</RatingCount>
  <Season>4</Season>
</Banner>
<Banner>
  <id>942092</id>
  <BannerPath>seasons/82066-5-6.jpg</BannerPath>
  <BannerType>season</BannerType>
  <BannerType2>season</BannerType2>
  <Language>en</Language>
  <Rating>7.0000</Rating>
  <RatingCount>3</RatingCount>
  <Season>5</Season>
</Banner>
<Banner>
  <id>908347</id>
  <BannerPath>seasons/82066-4.jpg</BannerPath>
  <BannerType>season</BannerType>
  <BannerType2>season</BannerType2>
  <Language>en</Language>
  <Rating>7.0000</Rating>
  <RatingCount>3</RatingCount>
  <Season>4</Season>
</Banner>
<Banner>
  <id>26436</id>
  <BannerPath>seasons/82066-1-2.jpg</BannerPath>
  <BannerType>season</BannerType>
  <BannerType2>season</BannerType2>
  <Language>en</Language>
  <Rating>6.8000</Rating>
  <RatingCount>5</RatingCount>
  <Season>1</Season>
</Banner>
<Banner>
  <id>924178</id>
  <BannerPath>seasons/82066-5-3.jpg</BannerPath>
  <BannerType>season</BannerType>
  <BannerType2>season</BannerType2>
  <Language>en</Language>
  <Rating>6.7500</Rating>
  <RatingCount>4</RatingCount>
  <Season>5</Season>
</Banner>
<Banner>
  <id>229301</id>
  <BannerPath>seasons/82066-2.jpg</BannerPath>
  <BannerType>season</BannerType>
  <BannerType2>season</BannerType2>
  <Language>en</Language>
  <Rating>6.6667</Rating>
  <RatingCount>6</RatingCount>
  <Season>2</Season>
</Banner>
<Banner>
  <id>865688</id>
  <BannerPath>seasons/82066-1-6.jpg</BannerPath>
  <BannerType>season</BannerType>
  <BannerType2>season</BannerType2>
  <Language>en</Language>
  <Rating>6.6667</Rating>
  <RatingCount>6</RatingCount>
  <Season>1</Season>
</Banner>
<Banner>
  <id>865691</id>
  <BannerPath>seasons/82066-3-6.jpg</BannerPath>
  <BannerType>season</BannerType>
  <BannerType2>season</BannerType2>
  <Language>en</Language>
  <Rating>6.5000</Rating>
  <RatingCount>6</RatingCount>
  <Season>3</Season>
</Banner>
<Banner>
  <id>865690</id>
  <BannerPath>seasons/82066-2-5.jpg</BannerPath>
  <BannerType>season</BannerType>
  <BannerType2>season</BannerType2>
  <Language>en</Language>
  <Rating>6.4000</Rating>
  <RatingCount>5</RatingCount>
  <Season>2</Season>
</Banner>
<Banner>
  <id>862897</id>
  <BannerPath>seasons/82066-1-5.jpg</BannerPath>
  <BannerType>season</BannerType>
  <BannerType2>season</BannerType2>
  <Language>pt</Language>
  <Rating>6.3333</Rating>
  <RatingCount>3</RatingCount>
  <Season>1</Season>
</Banner>
<Banner>
  <id>862898</id>
  <BannerPath>seasons/82066-2-4.jpg</BannerPath>
  <BannerType>season</BannerType>
  <BannerType2>season</BannerType2>
  <Language>pt</Language>
  <Rating>6.0000</Rating>
  <RatingCount>1</RatingCount>
  <Season>2</Season>
</Banner>
<Banner>
  <id>584801</id>
  <BannerPath>seasons/82066-3.jpg</BannerPath>
  <BannerType>season</BannerType>
  <BannerType2>season</BannerType2>
  <Language>en</Language>
  <Rating>5.6000</Rating>
  <RatingCount>5</RatingCount>
  <Season>3</Season>
</Banner>
<Banner>
  <id>859796</id>
  <BannerPath>seasons/82066-3-4.jpg</BannerPath>
  <BannerType>season</BannerType>
  <BannerType2>season</BannerType2>
  <Language>en</Language>
  <Rating>5.5000</Rating>
  <RatingCount>2</RatingCount>
  <Season>3</Season>
</Banner>
<Banner>
  <id>914317</id>
  <BannerPath>seasons/82066-5.jpg</BannerPath>
  <BannerType>season</BannerType>
  <BannerType2>season</BannerType2>
  <Language>de</Language>
  <Rating>5.5000</Rating>
  <RatingCount>2</RatingCount>
  <Season>5</Season>
</Banner>
<Banner>
  <id>691041</id>
  <BannerPath>seasons/82066-3-3.jpg</BannerPath>
  <BannerType>season</BannerType>
  <BannerType2>season</BannerType2>
  <Language>en</Language>
  <Rating>5.0000</Rating>
  <RatingCount>2</RatingCount>
  <Season>3</Season>
</Banner>
<Banner>
  <id>883371</id>
  <BannerPath>seasons/82066-2-6.jpg</BannerPath>
  <BannerType>season</BannerType>
  <BannerType2>season</BannerType2>
  <Language>de</Language>
  <Rating>5.0000</Rating>
  <RatingCount>2</RatingCount>
  <Season>2</Season>
</Banner>
<Banner>
  <id>637581</id>
  <BannerPath>seasons/82066-3-2.jpg</BannerPath>
  <BannerType>season</BannerType>
  <BannerType2>season</BannerType2>
  <Language>en</Language>
  <Rating>5.0000</Rating>
  <RatingCount>2</RatingCount>
  <Season>3</Season>
</Banner>
<Banner>
  <id>914316</id>
  <BannerPath>seasons/82066-4-5.jpg</BannerPath>
  <BannerType>season</BannerType>
  <BannerType2>season</BannerType2>
  <Language>de</Language>
  <Rating></Rating>
  <RatingCount>0</RatingCount>
  <Season>4</Season>
</Banner>
<Banner>
  <id>938925</id>
  <BannerPath>seasons/82066-5-5.jpg</BannerPath>
  <BannerType>season</BannerType>
  <BannerType2>season</BannerType2>
  <Language>en</Language>
  <Rating></Rating>
  <RatingCount>0</RatingCount>
  <Season>5</Season>
</Banner>
<Banner>
  <id>785791</id>
  <BannerPath>seasons/82066-2-3.jpg</BannerPath>
  <BannerType>season</BannerType>
  <BannerType2>season</BannerType2>
  <Language>en</Language>
  <Rating></Rating>
  <RatingCount>0</RatingCount>
  <Season>2</Season>
</Banner>
<Banner>
  <id>914827</id>
  <BannerPath>seasons/82066-3-7.jpg</BannerPath>
  <BannerType>season</BannerType>
  <BannerType2>season</BannerType2>
  <Language>pt</Language>
  <Rating></Rating>
  <RatingCount>0</RatingCount>
  <Season>3</Season>
</Banner>
<Banner>
  <id>519081</id>
  <BannerPath>seasons/82066-1.jpg</BannerPath>
  <BannerType>season</BannerType>
  <BannerType2>season</BannerType2>
  <Language>fr</Language>
  <Rating></Rating>
  <RatingCount>0</RatingCount>
  <Season>1</Season>
</Banner>
<Banner>
  <id>945016</id>
  <BannerPath>seasons/82066-5-7.jpg</BannerPath>
  <BannerType>season</BannerType>
  <BannerType2>season</BannerType2>
  <Language>en</Language>
  <Rating></Rating>
  <RatingCount>0</RatingCount>
  <Season>5</Season>
</Banner>
<Banner>
  <id>785781</id>
  <BannerPath>seasons/82066-1-3.jpg</BannerPath>
  <BannerType>season</BannerType>
  <BannerType2>season</BannerType2>
  <Language>en</Language>
  <Rating></Rating>
  <RatingCount>0</RatingCount>
  <Season>1</Season>
</Banner>
<Banner>
  <id>164941</id>
  <BannerPath>seasons/82066-1-12.jpg</BannerPath>
  <BannerType>season</BannerType>
  <BannerType2>season</BannerType2>
  <Language>de</Language>
  <Rating></Rating>
  <RatingCount>0</RatingCount>
  <Season>1</Season>
</Banner>
<Banner>
  <id>894908</id>
  <BannerPath>seasonswide/82066-4.jpg</BannerPath>
  <BannerType>season</BannerType>
  <BannerType2>seasonwide</BannerType2>
  <Language>en</Language>
  <Rating>10.0000</Rating>
  <RatingCount>2</RatingCount>
  <Season>4</Season>
</Banner>
<Banner>
  <id>894905</id>
  <BannerPath>seasonswide/82066-1.jpg</BannerPath>
  <BannerType>season</BannerType>
  <BannerType2>seasonwide</BannerType2>
  <Language>en</Language>
  <Rating>10.0000</Rating>
  <RatingCount>1</RatingCount>
  <Season>1</Season>
</Banner>
<Banner>
  <id>894909</id>
  <BannerPath>seasonswide/82066-0.jpg</BannerPath>
  <BannerType>season</BannerType>
  <BannerType2>seasonwide</BannerType2>
  <Language>en</Language>
  <Rating>10.0000</Rating>
  <RatingCount>1</RatingCount>
  <Season>0</Season>
</Banner>
<Banner>
  <id>894906</id>
  <BannerPath>seasonswide/82066-2.jpg</BannerPath>
  <BannerType>season</BannerType>
  <BannerType2>seasonwide</BannerType2>
  <Language>en</Language>
  <Rating>10.0000</Rating>
  <RatingCount>1</RatingCount>
  <Season>2</Season>
</Banner>
<Banner>
  <id>894907</id>
  <BannerPath>seasonswide/82066-3-2.jpg</BannerPath>
  <BannerType>season</BannerType>
  <BannerType2>seasonwide</BannerType2>
  <Language>en</Language>
  <Rating>10.0000</Rating>
  <RatingCount>1</RatingCount>
  <Season>3</Season>
</Banner>
<Banner>
  <id>823501</id>
  <BannerPath>seasonswide/82066-3.jpg</BannerPath>
  <BannerType>season</BannerType>
  <BannerType2>seasonwide</BannerType2>
  <Language>de</Language>
  <Rating></Rating>
  <RatingCount>0</RatingCount>
  <Season>3</Season>
</Banner>
<Banner>
  <id>336121</id>
  <BannerPath>graphical/82066-g20.jpg</BannerPath>
  <BannerType>series</BannerType>
  <BannerType2>graphical</BannerType2>
  <Language>en</Language>
  <Rating>7.9524</Rating>
  <RatingCount>21</RatingCount>
</Banner>
<Banner>
  <id>28821</id>
  <BannerPath>graphical/82066-g7.jpg</BannerPath>
  <BannerType>series</BannerType>
  <BannerType2>graphical</BannerType2>
  <Language>en</Language>
  <Rating>7.5385</Rating>
  <RatingCount>13</RatingCount>
</Banner>
<Banner>
  <id>218561</id>
  <BannerPath>graphical/82066-g18.jpg</BannerPath>
  <BannerType>series</BannerType>
  <BannerType2>graphical</BannerType2>
  <Language>en</Language>
  <Rating>7.4167</Rating>
  <RatingCount>12</RatingCount>
</Banner>
<Banner>
  <id>357021</id>
  <BannerPath>graphical/82066-g24.jpg</BannerPath>
  <BannerType>series</BannerType>
  <BannerType2>graphical</BannerType2>
  <Language>en</Language>
  <Rating>7.2727</Rating>
  <RatingCount>11</RatingCount>
</Banner>
<Banner>
  <id>928692</id>
  <BannerPath>graphical/82066-g38.jpg</BannerPath>
  <BannerType>series</BannerType>
  <BannerType2>graphical</BannerType2>
  <Language>en</Language>
  <Rating>7.2500</Rating>
  <RatingCount>4</RatingCount>
</Banner>
<Banner>
  <id>137181</id>
  <BannerPath>graphical/82066-g17.jpg</BannerPath>
  <BannerType>series</BannerType>
  <BannerType2>graphical</BannerType2>
  <Language>en</Language>
  <Rating>7.2000</Rating>
  <RatingCount>5</RatingCount>
</Banner>
<Banner>
  <id>71621</id>
  <BannerPath>graphical/82066-g15.jpg</BannerPath>
  <BannerType>series</BannerType>
  <BannerType2>graphical</BannerType2>
  <Language>en</Language>
  <Rating>7.1000</Rating>
  <RatingCount>10</RatingCount>
</Banner>
<Banner>
  <id>598131</id>
  <BannerPath>graphical/82066-g26.jpg</BannerPath>
  <BannerType>series</BannerType>
  <BannerType2>graphical</BannerType2>
  <Language>en</Language>
  <Rating>7.0000</Rating>
  <RatingCount>4</RatingCount>
</Banner>
<Banner>
  <id>874767</id>
  <BannerPath>graphical/82066-g33.jpg</BannerPath>
  <BannerType>series</BannerType>
  <BannerType2>graphical</BannerType2>
  <Language>en</Language>
  <Rating>6.8000</Rating>
  <RatingCount>5</RatingCount>
</Banner>
<Banner>
  <id>33962</id>
  <BannerPath>graphical/82066-g12.jpg</BannerPath>
  <BannerType>series</BannerType>
  <BannerType2>graphical</BannerType2>
  <Language>en</Language>
  <Rating>6.7143</Rating>
  <RatingCount>7</RatingCount>
</Banner>
<Banner>
  <id>313421</id>
  <BannerPath>graphical/82066-g22.jpg</BannerPath>
  <BannerType>series</BannerType>
  <BannerType2>graphical</BannerType2>
  <Language>en</Language>
  <Rating>6.3333</Rating>
  <RatingCount>3</RatingCount>
</Banner>
<Banner>
  <id>873212</id>
  <BannerPath>graphical/82066-g30.jpg</BannerPath>
  <BannerType>series</BannerType>
  <BannerType2>graphical</BannerType2>
  <Language>en</Language>
  <Rating>6.2500</Rating>
  <RatingCount>4</RatingCount>
</Banner>
<Banner>
  <id>25585</id>
  <BannerPath>graphical/82066-g6.jpg</BannerPath>
  <BannerType>series</BannerType>
  <BannerType2>graphical</BannerType2>
  <Language>en</Language>
  <Rating>6.1111</Rating>
  <RatingCount>9</RatingCount>
</Banner>
<Banner>
  <id>23474</id>
  <BannerPath>graphical/82066-g.jpg</BannerPath>
  <BannerType>series</BannerType>
  <BannerType2>graphical</BannerType2>
  <Language>en</Language>
  <Rating>6.0000</Rating>
  <RatingCount>5</RatingCount>
</Banner>
<Banner>
  <id>874620</id>
  <BannerPath>graphical/82066-g31.jpg</BannerPath>
  <BannerType>series</BannerType>
  <BannerType2>graphical</BannerType2>
  <Language>en</Language>
  <Rating>6.0000</Rating>
  <RatingCount>3</RatingCount>
</Banner>
<Banner>
  <id>357031</id>
  <BannerPath>graphical/82066-g25.jpg</BannerPath>
  <BannerType>series</BannerType>
  <BannerType2>graphical</BannerType2>
  <Language>en</Language>
  <Rating>5.7500</Rating>
  <RatingCount>4</RatingCount>
</Banner>
<Banner>
  <id>23477</id>
  <BannerPath>graphical/82066-g4.jpg</BannerPath>
  <BannerType>series</BannerType>
  <BannerType2>graphical</BannerType2>
  <Language>en</Language>
  <Rating>5.7500</Rating>
  <RatingCount>4</RatingCount>
</Banner>
<Banner>
  <id>23478</id>
  <BannerPath>graphical/82066-g5.jpg</BannerPath>
  <BannerType>series</BannerType>
  <BannerType2>graphical</BannerType2>
  <Language>en</Language>
  <Rating>5.7500</Rating>
  <RatingCount>4</RatingCount>
</Banner>
<Banner>
  <id>29752</id>
  <BannerPath>graphical/82066-g8.jpg</BannerPath>
  <BannerType>series</BannerType>
  <BannerType2>graphical</BannerType2>
  <Language>en</Language>
  <Rating>5.7500</Rating>
  <RatingCount>4</RatingCount>
</Banner>
<Banner>
  <id>64311</id>
  <BannerPath>graphical/82066-g13.jpg</BannerPath>
  <BannerType>series</BannerType>
  <BannerType2>graphical</BannerType2>
  <Language>en</Language>
  <Rating>5.6667</Rating>
  <RatingCount>3</RatingCount>
</Banner>
<Banner>
  <id>29753</id>
  <BannerPath>graphical/82066-g9.jpg</BannerPath>
  <BannerType>series</BannerType>
  <BannerType2>graphical</BannerType2>
  <Language>en</Language>
  <Rating>5.5000</Rating>
  <RatingCount>2</RatingCount>
</Banner>
<Banner>
  <id>313411</id>
  <BannerPath>graphical/82066-g21.jpg</BannerPath>
  <BannerType>series</BannerType>
  <BannerType2>graphical</BannerType2>
  <Language>en</Language>
  <Rating>5.3333</Rating>
  <RatingCount>3</RatingCount>
</Banner>
<Banner>
  <id>137161</id>
  <BannerPath>graphical/82066-g16.jpg</BannerPath>
  <BannerType>series</BannerType>
  <BannerType2>graphical</BannerType2>
  <Language>en</Language>
  <Rating>5.0000</Rating>
  <RatingCount>1</RatingCount>
</Banner>
<Banner>
  <id>885318</id>
  <BannerPath>graphical/82066-g36.jpg</BannerPath>
  <BannerType>series</BannerType>
  <BannerType2>graphical</BannerType2>
  <Language>en</Language>
  <Rating>4.6667</Rating>
  <RatingCount>3</RatingCount>
</Banner>
<Banner>
  <id>23476</id>
  <BannerPath>graphical/82066-g3.jpg</BannerPath>
  <BannerType>series</BannerType>
  <BannerType2>graphical</BannerType2>
  <Language>en</Language>
  <Rating>4.6667</Rating>
  <RatingCount>3</RatingCount>
</Banner>
<Banner>
  <id>23475</id>
  <BannerPath>graphical/82066-g2.jpg</BannerPath>
  <BannerType>series</BannerType>
  <BannerType2>graphical</BannerType2>
  <Language>en</Language>
  <Rating>4.6667</Rating>
  <RatingCount>3</RatingCount>
</Banner>
<Banner>
  <id>31665</id>
  <BannerPath>graphical/82066-g10.jpg</BannerPath>
  <BannerType>series</BannerType>
  <BannerType2>graphical</BannerType2>
  <Language>fr</Language>
  <Rating>4.0000</Rating>
  <RatingCount>1</RatingCount>
</Banner>
<Banner>
  <id>123331</id>
  <BannerPath>graphical/82066-g14.jpg</BannerPath>
  <BannerType>series</BannerType>
  <BannerType2>graphical</BannerType2>
  <Language>en</Language>
  <Rating>4.0000</Rating>
  <RatingCount>1</RatingCount>
</Banner>
<Banner>
  <id>261351</id>
  <BannerPath>graphical/82066-g19.jpg</BannerPath>
  <BannerType>series</BannerType>
  <BannerType2>graphical</BannerType2>
  <Language>en</Language>
  <Rating>3.8750</Rating>
  <RatingCount>8</RatingCount>
</Banner>
<Banner>
  <id>313431</id>
  <BannerPath>graphical/82066-g23.jpg</BannerPath>
  <BannerType>series</BannerType>
  <BannerType2>graphical</BannerType2>
  <Language>en</Language>
  <Rating>3.7500</Rating>
  <RatingCount>4</RatingCount>
</Banner>
<Banner>
  <id>877701</id>
  <BannerPath>graphical/82066-g34.jpg</BannerPath>
  <BannerType>series</BannerType>
  <BannerType2>graphical</BannerType2>
  <Language>en</Language>
  <Rating>3.3333</Rating>
  <RatingCount>3</RatingCount>
</Banner>
<Banner>
  <id>31890</id>
  <BannerPath>graphical/82066-g11.jpg</BannerPath>
  <BannerType>series</BannerType>
  <BannerType2>graphical</BannerType2>
  <Language>en</Language>
  <Rating>2.6667</Rating>
  <RatingCount>3</RatingCount>
</Banner>
<Banner>
  <id>878360</id>
  <BannerPath>graphical/82066-g35.jpg</BannerPath>
  <BannerType>series</BannerType>
  <BannerType2>graphical</BannerType2>
  <Language>en</Language>
  <Rating></Rating>
  <RatingCount>0</RatingCount>
</Banner>
<Banner>
  <id>864227</id>
  <BannerPath>graphical/82066-g29.jpg</BannerPath>
  <BannerType>series</BannerType>
  <BannerType2>graphical</BannerType2>
  <Language>en</Language>
  <Rating></Rating>
  <RatingCount>0</RatingCount>
</Banner>
<Banner>
  <id>874766</id>
  <BannerPath>graphical/82066-g32.jpg</BannerPath>
  <BannerType>series</BannerType>
  <BannerType2>graphical</BannerType2>
  <Language>en</Language>
  <Rating></Rating>
  <RatingCount>0</RatingCount>
</Banner>
<Banner>
  <id>931452</id>
  <BannerPath>graphical/82066-g41.jpg</BannerPath>
  <BannerType>series</BannerType>
  <BannerType2>graphical</BannerType2>
  <Language>ru</Language>
  <Rating></Rating>
  <RatingCount>0</RatingCount>
</Banner>
<Banner>
  <id>843611</id>
  <BannerPath>graphical/82066-g28.jpg</BannerPath>
  <BannerType>series</BannerType>
  <BannerType2>graphical</BannerType2>
  <Language>en</Language>
  <Rating></Rating>
  <RatingCount>0</RatingCount>
</Banner>
<Banner>
  <id>933902</id>
  <BannerPath>graphical/82066-g42.jpg</BannerPath>
  <BannerType>series</BannerType>
  <BannerType2>graphical</BannerType2>
  <Language>hu</Language>
  <Rating></Rating>
  <RatingCount>0</RatingCount>
</Banner>
<Banner>
  <id>930573</id>
  <BannerPath>graphical/82066-g39.jpg</BannerPath>
  <BannerType>series</BannerType>
  <BannerType2>graphical</BannerType2>
  <Language>en</Language>
  <Rating></Rating>
  <RatingCount>0</RatingCount>
</Banner>
<Banner>
  <id>762091</id>
  <BannerPath>graphical/82066-g27.jpg</BannerPath>
  <BannerType>series</BannerType>
  <BannerType2>graphical</BannerType2>
  <Language>en</Language>
  <Rating></Rating>
  <RatingCount>0</RatingCount>
</Banner>
<Banner>
  <id>930727</id>
  <BannerPath>graphical/82066-g40.jpg</BannerPath>
  <BannerType>series</BannerType>
  <BannerType2>graphical</BannerType2>
  <Language>pt</Language>
  <Rating></Rating>
  <RatingCount>0</RatingCount>
</Banner>
<Banner>
  <id>921835</id>
  <BannerPath>graphical/82066-g37.jpg</BannerPath>
  <BannerType>series</BannerType>
  <BannerType2>graphical</BannerType2>
  <Language>en</Language>
  <Rating></Rating>
  <RatingCount>0</RatingCount>
</Banner>
<Banner>
  <id>897536</id>
  <BannerPath>text/82066.jpg</BannerPath>
  <BannerType>series</BannerType>
  <BannerType2>text</BannerType2>
  <Language>pt</Language>
  <Rating></Rating>
  <RatingCount>0</RatingCount>
</Banner>
</Banners>