<?xml version="1.0" encoding="UTF-8" ?>
<Actors>
<Actor>
  <id>284303</id>
  <Image>actors/284303.jpg</Image>
  <Name>Jim Caviezel</Name>
  <Role>John Reese</Role>
  <SortOrder>0</SortOrder>
</Actor>
<Actor>
  <id>284302</id>
  <Image>actors/284302.jpg</Image>
  <Name>Michael Emerson</Name>
  <Role>Mr Finch</Role>
  <SortOrder>1</SortOrder>
</Actor>
<Actor>
  <id>289130</id>
  <Image>actors/289130.jpg</Image>
  <Name>Taraji P. Henson</Name>
  <Role>Det. Carter</Role>
  <SortOrder>2</SortOrder>
</Actor>
<Actor>
  <id>310250</id>
  <Image>actors/310250.jpg</Image>
  <Name>Paige Turco</Name>
  <Role>Zoe Morgan</Role>
  <SortOrder>3</SortOrder>
</Actor>
<Actor>
  <id>310249</id>
  <Image>actors/310249.jpg</Image>
  <Name>Brett Cullen</Name>
  <Role>Nathan Ingram</Role>
  <SortOrder>3</SortOrder>
</Actor>
<Actor>
  <id>310248</id>
  <Image>actors/310248.jpg</Image>
  <Name>Amy Acker</Name>
  <Role>Root</Role>
  <SortOrder>3</SortOrder>
</Actor>
<Actor>
  <id>291124</id>
  <Image>actors/291124.jpg</Image>
  <Name>Kevin Chapman</Name>
  <Role>Det. Lionel Fusco</Role>
  <SortOrder>3</SortOrder>
</Actor>
</Actors>