<?xml version="1.0" encoding="UTF-8" ?>
<Banners>
<Banner>
  <id>925256</id>
  <BannerPath>fanart/original/248742-9.jpg</BannerPath>
  <BannerType>fanart</BannerType>
  <BannerType2>1920x1080</BannerType2>
  <Colors></Colors>
  <Language>en</Language>
  <Rating>9.0000</Rating>
  <RatingCount>3</RatingCount>
  <SeriesName>false</SeriesName>
  <ThumbnailPath>_cache/fanart/original/248742-9.jpg</ThumbnailPath>
  <VignettePath>fanart/vignette/248742-9.jpg</VignettePath>
</Banner>
<Banner>
  <id>873800</id>
  <BannerPath>fanart/original/248742-2.jpg</BannerPath>
  <BannerType>fanart</BannerType>
  <BannerType2>1920x1080</BannerType2>
  <Colors>|249,247,248|6,6,6|44,40,31|</Colors>
  <Language>en</Language>
  <Rating>8.9231</Rating>
  <RatingCount>13</RatingCount>
  <SeriesName>false</SeriesName>
  <ThumbnailPath>_cache/fanart/original/248742-2.jpg</ThumbnailPath>
  <VignettePath>fanart/vignette/248742-2.jpg</VignettePath>
</Banner>
<Banner>
  <id>913226</id>
  <BannerPath>fanart/original/248742-8.jpg</BannerPath>
  <BannerType>fanart</BannerType>
  <BannerType2>1920x1080</BannerType2>
  <Colors>|179,173,161|26,27,32|112,125,133|</Colors>
  <Language>de</Language>
  <Rating>8.8000</Rating>
  <RatingCount>5</RatingCount>
  <SeriesName>false</SeriesName>
  <ThumbnailPath>_cache/fanart/original/248742-8.jpg</ThumbnailPath>
  <VignettePath>fanart/vignette/248742-8.jpg</VignettePath>
</Banner>
<Banner>
  <id>899012</id>
  <BannerPath>fanart/original/248742-5.jpg</BannerPath>
  <BannerType>fanart</BannerType>
  <BannerType2>1920x1080</BannerType2>
  <Colors></Colors>
  <Language>en</Language>
  <Rating>6.5000</Rating>
  <RatingCount>4</RatingCount>
  <SeriesName>true</SeriesName>
  <ThumbnailPath>_cache/fanart/original/248742-5.jpg</ThumbnailPath>
  <VignettePath>fanart/vignette/248742-5.jpg</VignettePath>
</Banner>
<Banner>
  <id>879506</id>
  <BannerPath>fanart/original/248742-4.jpg</BannerPath>
  <BannerType>fanart</BannerType>
  <BannerType2>1920x1080</BannerType2>
  <Colors></Colors>
  <Language>en</Language>
  <Rating>6.5000</Rating>
  <RatingCount>2</RatingCount>
  <SeriesName>false</SeriesName>
  <ThumbnailPath>_cache/fanart/original/248742-4.jpg</ThumbnailPath>
  <VignettePath>fanart/vignette/248742-4.jpg</VignettePath>
</Banner>
<Banner>
  <id>873869</id>
  <BannerPath>fanart/original/248742-3.jpg</BannerPath>
  <BannerType>fanart</BannerType>
  <BannerType2>1920x1080</BannerType2>
  <Colors>|132,129,96|50,44,32|99,76,45|</Colors>
  <Language>en</Language>
  <Rating>5.7500</Rating>
  <RatingCount>4</RatingCount>
  <SeriesName>false</SeriesName>
  <ThumbnailPath>_cache/fanart/original/248742-3.jpg</ThumbnailPath>
  <VignettePath>fanart/vignette/248742-3.jpg</VignettePath>
</Banner>
<Banner>
  <id>863534</id>
  <BannerPath>fanart/original/248742-1.jpg</BannerPath>
  <BannerType>fanart</BannerType>
  <BannerType2>1280x720</BannerType2>
  <Colors></Colors>
  <Language>en</Language>
  <Rating>4.8000</Rating>
  <RatingCount>5</RatingCount>
  <SeriesName>false</SeriesName>
  <ThumbnailPath>_cache/fanart/original/248742-1.jpg</ThumbnailPath>
  <VignettePath>fanart/vignette/248742-1.jpg</VignettePath>
</Banner>
<Banner>
  <id>909836</id>
  <BannerPath>fanart/original/248742-7.jpg</BannerPath>
  <BannerType>fanart</BannerType>
  <BannerType2>1920x1080</BannerType2>
  <Colors></Colors>
  <Language>en</Language>
  <Rating>1.0000</Rating>
  <RatingCount>1</RatingCount>
  <SeriesName>false</SeriesName>
  <ThumbnailPath>_cache/fanart/original/248742-7.jpg</ThumbnailPath>
  <VignettePath>fanart/vignette/248742-7.jpg</VignettePath>
</Banner>
<Banner>
  <id>909835</id>
  <BannerPath>fanart/original/248742-6.jpg</BannerPath>
  <BannerType>fanart</BannerType>
  <BannerType2>1920x1080</BannerType2>
  <Colors></Colors>
  <Language>en</Language>
  <Rating>1.0000</Rating>
  <RatingCount>1</RatingCount>
  <SeriesName>false</SeriesName>
  <ThumbnailPath>_cache/fanart/original/248742-6.jpg</ThumbnailPath>
  <VignettePath>fanart/vignette/248742-6.jpg</VignettePath>
</Banner>
<Banner>
  <id>950795</id>
  <BannerPath>fanart/original/248742-12.jpg</BannerPath>
  <BannerType>fanart</BannerType>
  <BannerType2>1920x1080</BannerType2>
  <Colors></Colors>
  <Language>en</Language>
  <Rating></Rating>
  <RatingCount>0</RatingCount>
  <SeriesName>true</SeriesName>
  <ThumbnailPath>_cache/fanart/original/248742-12.jpg</ThumbnailPath>
  <VignettePath>fanart/vignette/248742-12.jpg</VignettePath>
</Banner>
<Banner>
  <id>929942</id>
  <BannerPath>fanart/original/248742-11.jpg</BannerPath>
  <BannerType>fanart</BannerType>
  <BannerType2>1920x1080</BannerType2>
  <Colors></Colors>
  <Language>en</Language>
  <Rating></Rating>
  <RatingCount>0</RatingCount>
  <SeriesName>false</SeriesName>
  <ThumbnailPath>_cache/fanart/original/248742-11.jpg</ThumbnailPath>
  <VignettePath>fanart/vignette/248742-11.jpg</VignettePath>
</Banner>
<Banner>
  <id>929940</id>
  <BannerPath>fanart/original/248742-10.jpg</BannerPath>
  <BannerType>fanart</BannerType>
  <BannerType2>1920x1080</BannerType2>
  <Colors></Colors>
  <Language>en</Language>
  <Rating></Rating>
  <RatingCount>0</RatingCount>
  <SeriesName>false</SeriesName>
  <ThumbnailPath>_cache/fanart/original/248742-10.jpg</ThumbnailPath>
  <VignettePath>fanart/vignette/248742-10.jpg</VignettePath>
</Banner>
<Banner>
  <id>909290</id>
  <BannerPath>posters/248742-5.jpg</BannerPath>
  <BannerType>poster</BannerType>
  <BannerType2>680x1000</BannerType2>
  <Language>en</Language>
  <Rating>9.2500</Rating>
  <RatingCount>4</RatingCount>
</Banner>
<Banner>
  <id>873799</id>
  <BannerPath>posters/248742-1.jpg</BannerPath>
  <BannerType>poster</BannerType>
  <BannerType2>680x1000</BannerType2>
  <Language>en</Language>
  <Rating>9.1538</Rating>
  <RatingCount>13</RatingCount>
</Banner>
<Banner>
  <id>913607</id>
  <BannerPath>posters/248742-8.jpg</BannerPath>
  <BannerType>poster</BannerType>
  <BannerType2>680x1000</BannerType2>
  <Language>en</Language>
  <Rating>8.7500</Rating>
  <RatingCount>4</RatingCount>
</Banner>
<Banner>
  <id>873881</id>
  <BannerPath>posters/248742-2.jpg</BannerPath>
  <BannerType>poster</BannerType>
  <BannerType2>680x1000</BannerType2>
  <Language>en</Language>
  <Rating>7.6000</Rating>
  <RatingCount>5</RatingCount>
</Banner>
<Banner>
  <id>873867</id>
  <BannerPath>posters/248742-3.jpg</BannerPath>
  <BannerType>poster</BannerType>
  <BannerType2>680x1000</BannerType2>
  <Language>en</Language>
  <Rating>7.6000</Rating>
  <RatingCount>5</RatingCount>
</Banner>
<Banner>
  <id>879516</id>
  <BannerPath>posters/248742-4.jpg</BannerPath>
  <BannerType>poster</BannerType>
  <BannerType2>680x1000</BannerType2>
  <Language>en</Language>
  <Rating>6.3333</Rating>
  <RatingCount>3</RatingCount>
</Banner>
<Banner>
  <id>895527</id>
  <BannerPath>posters/248742-6.jpg</BannerPath>
  <BannerType>poster</BannerType>
  <BannerType2>680x1000</BannerType2>
  <Language>en</Language>
  <Rating>1.0000</Rating>
  <RatingCount>2</RatingCount>
</Banner>
<Banner>
  <id>950612</id>
  <BannerPath>posters/248742-9.jpg</BannerPath>
  <BannerType>poster</BannerType>
  <BannerType2>680x1000</BannerType2>
  <Language>en</Language>
  <Rating></Rating>
  <RatingCount>0</RatingCount>
</Banner>
<Banner>
  <id>911867</id>
  <BannerPath>posters/248742-7.jpg</BannerPath>
  <BannerType>poster</BannerType>
  <BannerType2>680x1000</BannerType2>
  <Language>en</Language>
  <Rating></Rating>
  <RatingCount>0</RatingCount>
</Banner>
<Banner>
  <id>873879</id>
  <BannerPath>seasons/248742-0.jpg</BannerPath>
  <BannerType>season</BannerType>
  <BannerType2>season</BannerType2>
  <Language>en</Language>
  <Rating>9.0000</Rating>
  <RatingCount>2</RatingCount>
  <Season>0</Season>
</Banner>
<Banner>
  <id>920498</id>
  <BannerPath>seasons/248742-1-3.jpg</BannerPath>
  <BannerType>season</BannerType>
  <BannerType2>season</BannerType2>
  <Language>en</Language>
  <Rating>8.0000</Rating>
  <RatingCount>4</RatingCount>
  <Season>1</Season>
</Banner>
<Banner>
  <id>873878</id>
  <BannerPath>seasons/248742-1.jpg</BannerPath>
  <BannerType>season</BannerType>
  <BannerType2>season</BannerType2>
  <Language>en</Language>
  <Rating>8.0000</Rating>
  <RatingCount>10</RatingCount>
  <Season>1</Season>
</Banner>
<Banner>
  <id>899218</id>
  <BannerPath>seasons/248742-1-2.jpg</BannerPath>
  <BannerType>season</BannerType>
  <BannerType2>season</BannerType2>
  <Language>en</Language>
  <Rating>7.0000</Rating>
  <RatingCount>3</RatingCount>
  <Season>1</Season>
</Banner>
<Banner>
  <id>915263</id>
  <BannerPath>seasons/248742-2.jpg</BannerPath>
  <BannerType>season</BannerType>
  <BannerType2>season</BannerType2>
  <Language>en</Language>
  <Rating>6.5556</Rating>
  <RatingCount>9</RatingCount>
  <Season>2</Season>
</Banner>
<Banner>
  <id>915696</id>
  <BannerPath>seasons/248742-2-2.jpg</BannerPath>
  <BannerType>season</BannerType>
  <BannerType2>season</BannerType2>
  <Language>en</Language>
  <Rating>6.1250</Rating>
  <RatingCount>8</RatingCount>
  <Season>2</Season>
</Banner>
<Banner>
  <id>875529</id>
  <BannerPath>graphical/248742-g5.jpg</BannerPath>
  <BannerType>series</BannerType>
  <BannerType2>graphical</BannerType2>
  <Language>en</Language>
  <Rating>8.8000</Rating>
  <RatingCount>5</RatingCount>
</Banner>
<Banner>
  <id>876417</id>
  <BannerPath>graphical/248742-g6.jpg</BannerPath>
  <BannerType>series</BannerType>
  <BannerType2>graphical</BannerType2>
  <Language>en</Language>
  <Rating>8.5000</Rating>
  <RatingCount>4</RatingCount>
</Banner>
<Banner>
  <id>873877</id>
  <BannerPath>graphical/248742-g.jpg</BannerPath>
  <BannerType>series</BannerType>
  <BannerType2>graphical</BannerType2>
  <Language>en</Language>
  <Rating>8.1429</Rating>
  <RatingCount>7</RatingCount>
</Banner>
<Banner>
  <id>874430</id>
  <BannerPath>graphical/248742-g4.jpg</BannerPath>
  <BannerType>series</BannerType>
  <BannerType2>graphical</BannerType2>
  <Language>en</Language>
  <Rating>8.0000</Rating>
  <RatingCount>3</RatingCount>
</Banner>
<Banner>
  <id>909834</id>
  <BannerPath>graphical/248742-g7.jpg</BannerPath>
  <BannerType>series</BannerType>
  <BannerType2>graphical</BannerType2>
  <Language>en</Language>
  <Rating>8.0000</Rating>
  <RatingCount>1</RatingCount>
</Banner>
<Banner>
  <id>873880</id>
  <BannerPath>graphical/248742-g3.jpg</BannerPath>
  <BannerType>series</BannerType>
  <BannerType2>graphical</BannerType2>
  <Language>en</Language>
  <Rating>4.8000</Rating>
  <RatingCount>5</RatingCount>
</Banner>
<Banner>
  <id>933907</id>
  <BannerPath>graphical/248742-g8.jpg</BannerPath>
  <BannerType>series</BannerType>
  <BannerType2>graphical</BannerType2>
  <Language>hu</Language>
  <Rating></Rating>
  <RatingCount>0</RatingCount>
</Banner>
<Banner>
  <id>874519</id>
  <BannerPath>graphical/248742-g2.jpg</BannerPath>
  <BannerType>series</BannerType>
  <BannerType2>graphical</BannerType2>
  <Language>en</Language>
  <Rating></Rating>
  <RatingCount>0</RatingCount>
</Banner>
</Banners>