<?xml version="1.0" encoding="UTF-8" ?>
<Data><Series>
  <id>248742</id>
  <Actors>|Jim Caviezel|Michael Emerson|Taraji P. Henson|Paige Turco|Brett Cullen|Amy Acker|Kevin Chapman|</Actors>
  <Airs_DayOfWeek>Thursday</Airs_DayOfWeek>
  <Airs_Time>9:00 PM</Airs_Time>
  <ContentRating>TV-14</ContentRating>
  <FirstAired>2011-09-22</FirstAired>
  <Genre>|Action|Adventure|Drama|</Genre>
  <IMDB_ID>tt1839578</IMDB_ID>
  <Language>en</Language>
  <Network>CBS</Network>
  <NetworkID></NetworkID>
  <Overview>PERSON OF INTEREST stars Jim Caviezel, Emmy Award winner Michael Emerson and Academy Award nominee Taraji P. Henson in a crime thriller about a presumed dead former-CIA agent, Reese, who teams up with a mysterious billionaire, Finch, to prevent violent crimes by using their own brand of vigilante justice. Reese's special training in covert operations appeals to Finch, a software genius who invented a program that uses pattern recognition to identify people about to be involved in violent crimes. Using state-of-the-art surveillance technology, the two work outside of the law, using Reese's adept skills and Finch's unlimited wealth to unravel the mystery of the &quot;person of interest&quot; and stop the crime before it happens. Reese's actions draw the attention of the NYPD, including homicide detective Carter, and Fusco, a cop whom Reese uses to his advantage. With infinite crimes to investigate, Reese and Finch find that the right person, with the right information, at the right time, can change everything. </Overview>
  <Rating>9.0</Rating>
  <RatingCount>106</RatingCount>
  <Runtime>60</Runtime>
  <SeriesID>80967</SeriesID>
  <SeriesName>Person of Interest</SeriesName>
  <Status>Continuing</Status>
  <added>2011-05-14 07:42:59</added>
  <addedBy>235881</addedBy>
  <banner>graphical/248742-g5.jpg</banner>
  <fanart>fanart/original/248742-9.jpg</fanart>
  <lastupdated>1364957542</lastupdated>
  <poster>posters/248742-5.jpg</poster>
  <zap2it_id>EP01419847</zap2it_id>
</Series>
<Episode>
  <id>4388933</id>
  <Combined_episodenumber>1</Combined_episodenumber>
  <Combined_season>0</Combined_season>
  <DVD_chapter></DVD_chapter>
  <DVD_discid></DVD_discid>
  <DVD_episodenumber></DVD_episodenumber>
  <DVD_season></DVD_season>
  <Director>David Semel</Director>
  <EpImgFlag>2</EpImgFlag>
  <EpisodeName>Extended Pilot</EpisodeName>
  <EpisodeNumber>1</EpisodeNumber>
  <FirstAired></FirstAired>
  <GuestStars>|Natalie Zea|Kevin Chapman|James Hanlon|</GuestStars>
  <IMDB_ID></IMDB_ID>
  <Language>en</Language>
  <Overview>When the social security number of a young prosecutor comes up, Reese and Finch work together to figure out if their person of interest is the victim or perpetrator. </Overview>
  <ProductionCode></ProductionCode>
  <Rating>9.0</Rating>
  <RatingCount>2</RatingCount>
  <SeasonNumber>0</SeasonNumber>
  <Writer>Jonathan Nolan</Writer>
  <absolute_number></absolute_number>
  <airsafter_season></airsafter_season>
  <airsbefore_episode>1</airsbefore_episode>
  <airsbefore_season>1</airsbefore_season>
  <filename>episodes/248742/4388933.jpg</filename>
  <lastupdated>1348685618</lastupdated>
  <seasonid>465949</seasonid>
  <seriesid>248742</seriesid>
</Episode>
<Episode>
  <id>4500698</id>
  <Combined_episodenumber>2</Combined_episodenumber>
  <Combined_season>0</Combined_season>
  <DVD_chapter></DVD_chapter>
  <DVD_discid></DVD_discid>
  <DVD_episodenumber></DVD_episodenumber>
  <DVD_season></DVD_season>
  <Director></Director>
  <EpImgFlag></EpImgFlag>
  <EpisodeName>Living in the Age of Surveillance</EpisodeName>
  <EpisodeNumber>2</EpisodeNumber>
  <FirstAired></FirstAired>
  <GuestStars></GuestStars>
  <IMDB_ID></IMDB_ID>
  <Language>en</Language>
  <Overview></Overview>
  <ProductionCode></ProductionCode>
  <Rating></Rating>
  <RatingCount>0</RatingCount>
  <SeasonNumber>0</SeasonNumber>
  <Writer></Writer>
  <absolute_number></absolute_number>
  <airsafter_season></airsafter_season>
  <airsbefore_episode></airsbefore_episode>
  <airsbefore_season></airsbefore_season>
  <filename></filename>
  <lastupdated>1360721253</lastupdated>
  <seasonid>465949</seasonid>
  <seriesid>248742</seriesid>
</Episode>
<Episode>
  <id>4099507</id>
  <Combined_episodenumber>1</Combined_episodenumber>
  <Combined_season>1</Combined_season>
  <DVD_chapter></DVD_chapter>
  <DVD_discid></DVD_discid>
  <DVD_episodenumber></DVD_episodenumber>
  <DVD_season></DVD_season>
  <Director>David Semel</Director>
  <EpImgFlag>2</EpImgFlag>
  <EpisodeName>Pilot</EpisodeName>
  <EpisodeNumber>1</EpisodeNumber>
  <FirstAired>2011-09-22</FirstAired>
  <GuestStars>|Natalie Zea|Kevin Chapman|James Hanlon|</GuestStars>
  <IMDB_ID>tt1941917</IMDB_ID>
  <Language>en</Language>
  <Overview>Reese and Finch must figure out whether a young prosecutor is a victim or a suspect.</Overview>
  <ProductionCode>296807</ProductionCode>
  <Rating>7.7</Rating>
  <RatingCount>203</RatingCount>
  <SeasonNumber>1</SeasonNumber>
  <Writer>Jonathan Nolan</Writer>
  <absolute_number></absolute_number>
  <filename>episodes/248742/4099507.jpg</filename>
  <lastupdated>1361613922</lastupdated>
  <seasonid>465950</seasonid>
  <seriesid>248742</seriesid>
</Episode>
<Episode>
  <id>4140794</id>
  <Combined_episodenumber>2</Combined_episodenumber>
  <Combined_season>1</Combined_season>
  <DVD_chapter></DVD_chapter>
  <DVD_discid></DVD_discid>
  <DVD_episodenumber></DVD_episodenumber>
  <DVD_season></DVD_season>
  <Director>Richard J. Lewis</Director>
  <EpImgFlag>2</EpImgFlag>
  <EpisodeName>Ghosts</EpisodeName>
  <EpisodeNumber>2</EpisodeNumber>
  <FirstAired>2011-09-29</FirstAired>
  <GuestStars>|Valentina de Angelis|Ritchie Coster|Molly Price|</GuestStars>
  <IMDB_ID>tt2007219</IMDB_ID>
  <Language>en</Language>
  <Overview>Reese and Finch question the machine's reliability when it prompts the investigation of a teenager who was killed years earlier; Finch recalls the origin of the machine.</Overview>
  <ProductionCode>2J6202</ProductionCode>
  <Rating>7.7</Rating>
  <RatingCount>166</RatingCount>
  <SeasonNumber>1</SeasonNumber>
  <Writer>Greg Plageman</Writer>
  <absolute_number></absolute_number>
  <filename>episodes/248742/4140794.jpg</filename>
  <lastupdated>1362177975</lastupdated>
  <seasonid>465950</seasonid>
  <seriesid>248742</seriesid>
</Episode>
<Episode>
  <id>4140795</id>
  <Combined_episodenumber>3</Combined_episodenumber>
  <Combined_season>1</Combined_season>
  <DVD_chapter></DVD_chapter>
  <DVD_discid></DVD_discid>
  <DVD_episodenumber></DVD_episodenumber>
  <DVD_season></DVD_season>
  <Director>Steven DePaul</Director>
  <EpImgFlag>2</EpImgFlag>
  <EpisodeName>Mission Creep</EpisodeName>
  <EpisodeNumber>3</EpisodeNumber>
  <FirstAired>2011-10-06</FirstAired>
  <GuestStars>|James Carpinello|Ruben Santiago-Hudson|Lili Mirojnick|</GuestStars>
  <IMDB_ID>tt2013850</IMDB_ID>
  <Language>en</Language>
  <Overview>Reese infiltrates a gang to get closer to a former Marine that the machine tagged.</Overview>
  <ProductionCode>2J6203</ProductionCode>
  <Rating>7.7</Rating>
  <RatingCount>163</RatingCount>
  <SeasonNumber>1</SeasonNumber>
  <Writer>Patrick Harbinson</Writer>
  <absolute_number></absolute_number>
  <filename>episodes/248742/4140795.jpg</filename>
  <lastupdated>1362948118</lastupdated>
  <seasonid>465950</seasonid>
  <seriesid>248742</seriesid>
</Episode>
<Episode>
  <id>4164091</id>
  <Combined_episodenumber>4</Combined_episodenumber>
  <Combined_season>1</Combined_season>
  <DVD_chapter></DVD_chapter>
  <DVD_discid></DVD_discid>
  <DVD_episodenumber></DVD_episodenumber>
  <DVD_season></DVD_season>
  <Director>Charles Beeson</Director>
  <EpImgFlag>2</EpImgFlag>
  <EpisodeName>Cura Te Ipsum</EpisodeName>
  <EpisodeNumber>4</EpisodeNumber>
  <FirstAired>2011-10-13</FirstAired>
  <GuestStars>Linda Cardellini</GuestStars>
  <IMDB_ID>tt2033779</IMDB_ID>
  <Language>en</Language>
  <Overview>Reese and Finch try to unravel a threat to a promising young doctor (Linda Cardellini).</Overview>
  <ProductionCode>2J6204</ProductionCode>
  <Rating>7.8</Rating>
  <RatingCount>165</RatingCount>
  <SeasonNumber>1</SeasonNumber>
  <Writer>Denise Thé</Writer>
  <absolute_number></absolute_number>
  <filename>episodes/248742/4164091.jpg</filename>
  <lastupdated>1363727024</lastupdated>
  <seasonid>465950</seasonid>
  <seriesid>248742</seriesid>
</Episode>
<Episode>
  <id>4164092</id>
  <Combined_episodenumber>5</Combined_episodenumber>
  <Combined_season>1</Combined_season>
  <DVD_chapter></DVD_chapter>
  <DVD_discid></DVD_discid>
  <DVD_episodenumber></DVD_episodenumber>
  <DVD_season></DVD_season>
  <Director>Colin Bucksey</Director>
  <EpImgFlag>2</EpImgFlag>
  <EpisodeName>Judgement</EpisodeName>
  <EpisodeNumber>5</EpisodeNumber>
  <FirstAired>2011-10-20</FirstAired>
  <GuestStars>|David Costabile|Meredith Patterson|</GuestStars>
  <IMDB_ID>tt2043518</IMDB_ID>
  <Language>en</Language>
  <Overview>Reese and Finch have the added challenge of investigating a Person of Interest who wants nothing to do with their brand of vigilante justice.</Overview>
  <ProductionCode>2J6205</ProductionCode>
  <Rating>7.8</Rating>
  <RatingCount>144</RatingCount>
  <SeasonNumber>1</SeasonNumber>
  <Writer>David Slack</Writer>
  <absolute_number></absolute_number>
  <filename>episodes/248742/4164092.jpg</filename>
  <lastupdated>1363727065</lastupdated>
  <seasonid>465950</seasonid>
  <seriesid>248742</seriesid>
</Episode>
<Episode>
  <id>4173060</id>
  <Combined_episodenumber>6</Combined_episodenumber>
  <Combined_season>1</Combined_season>
  <DVD_chapter></DVD_chapter>
  <DVD_discid></DVD_discid>
  <DVD_episodenumber></DVD_episodenumber>
  <DVD_season></DVD_season>
  <Director>Dennis Smith</Director>
  <EpImgFlag>2</EpImgFlag>
  <EpisodeName>The Fix</EpisodeName>
  <EpisodeNumber>6</EpisodeNumber>
  <FirstAired>2011-10-27</FirstAired>
  <GuestStars>|Paige Turco|Tim Guinee|</GuestStars>
  <IMDB_ID>tt2051590</IMDB_ID>
  <Language>en</Language>
  <Overview>Reese becomes romantically involved with the newest Person of Interest: an attractive woman who isn't all that she seems. </Overview>
  <ProductionCode>2J6206</ProductionCode>
  <Rating>7.9</Rating>
  <RatingCount>152</RatingCount>
  <SeasonNumber>1</SeasonNumber>
  <Writer>Nic Van Zeebroeck|Michael Sopczynski</Writer>
  <absolute_number></absolute_number>
  <filename>episodes/248742/4173060.jpg</filename>
  <lastupdated>1363727100</lastupdated>
  <seasonid>465950</seasonid>
  <seriesid>248742</seriesid>
</Episode>
<Episode>
  <id>4194091</id>
  <Combined_episodenumber>7</Combined_episodenumber>
  <Combined_season>1</Combined_season>
  <DVD_chapter></DVD_chapter>
  <DVD_discid></DVD_discid>
  <DVD_episodenumber></DVD_episodenumber>
  <DVD_season></DVD_season>
  <Director>Fred Toye</Director>
  <EpImgFlag>2</EpImgFlag>
  <EpisodeName>Witness</EpisodeName>
  <EpisodeNumber>7</EpisodeNumber>
  <FirstAired>2011-11-03</FirstAired>
  <GuestStars>|Enrico Colantoni|Enver Gjokaj|Michael McGlone|</GuestStars>
  <IMDB_ID>tt2069479</IMDB_ID>
  <Language>en</Language>
  <Overview>The Machine identifies a school teacher who witnessed a mob hit as their next POI and Reese and Finch rush to save his life.</Overview>
  <ProductionCode>2J6207</ProductionCode>
  <Rating>7.8</Rating>
  <RatingCount>145</RatingCount>
  <SeasonNumber>1</SeasonNumber>
  <Writer>Amanda Segel</Writer>
  <absolute_number></absolute_number>
  <filename>episodes/248742/4194091.jpg</filename>
  <lastupdated>1363727127</lastupdated>
  <seasonid>465950</seasonid>
  <seriesid>248742</seriesid>
</Episode>
<Episode>
  <id>4197333</id>
  <Combined_episodenumber>8</Combined_episodenumber>
  <Combined_season>1</Combined_season>
  <DVD_chapter></DVD_chapter>
  <DVD_discid></DVD_discid>
  <DVD_episodenumber></DVD_episodenumber>
  <DVD_season></DVD_season>
  <Director>Milan Cheylov</Director>
  <EpImgFlag>2</EpImgFlag>
  <EpisodeName>Foe</EpisodeName>
  <EpisodeNumber>8</EpisodeNumber>
  <FirstAired>2011-11-17</FirstAired>
  <GuestStars>Alan Dale</GuestStars>
  <IMDB_ID>tt2078287</IMDB_ID>
  <Language>en</Language>
  <Overview>When Reese and Finch discover that their latest POI has connections to Cold War Soviet espionage circles, they quickly learn how covert ops were handled in a world before The Machine.</Overview>
  <ProductionCode>2J6208</ProductionCode>
  <Rating>7.6</Rating>
  <RatingCount>152</RatingCount>
  <SeasonNumber>1</SeasonNumber>
  <Writer>Sean Hennen</Writer>
  <absolute_number></absolute_number>
  <filename>episodes/248742/4197333.jpg</filename>
  <lastupdated>1347979711</lastupdated>
  <seasonid>465950</seasonid>
  <seriesid>248742</seriesid>
</Episode>
<Episode>
  <id>4199512</id>
  <Combined_episodenumber>9</Combined_episodenumber>
  <Combined_season>1</Combined_season>
  <DVD_chapter></DVD_chapter>
  <DVD_discid></DVD_discid>
  <DVD_episodenumber></DVD_episodenumber>
  <DVD_season></DVD_season>
  <Director>Alex Zakrzewski</Director>
  <EpImgFlag>2</EpImgFlag>
  <EpisodeName>Get Carter</EpisodeName>
  <EpisodeNumber>9</EpisodeNumber>
  <FirstAired>2011-12-08</FirstAired>
  <GuestStars></GuestStars>
  <IMDB_ID>tt2089317</IMDB_ID>
  <Language>en</Language>
  <Overview>Reese and Finch’s game of cat and mouse with Detective Carter becomes infinitely more complicated when The Machine declares that she is their newest POI.</Overview>
  <ProductionCode>2J6209</ProductionCode>
  <Rating>7.8</Rating>
  <RatingCount>146</RatingCount>
  <SeasonNumber>1</SeasonNumber>
  <Writer>|Greg Plageman|Denise Thé|</Writer>
  <absolute_number></absolute_number>
  <filename>episodes/248742/4199512.jpg</filename>
  <lastupdated>1347979736</lastupdated>
  <seasonid>465950</seasonid>
  <seriesid>248742</seriesid>
</Episode>
<Episode>
  <id>4211100</id>
  <Combined_episodenumber>10</Combined_episodenumber>
  <Combined_season>1</Combined_season>
  <DVD_chapter></DVD_chapter>
  <DVD_discid></DVD_discid>
  <DVD_episodenumber></DVD_episodenumber>
  <DVD_season></DVD_season>
  <Director>Jeffrey G. Hunt</Director>
  <EpImgFlag>2</EpImgFlag>
  <EpisodeName>Number Crunch</EpisodeName>
  <EpisodeNumber>10</EpisodeNumber>
  <FirstAired>2011-12-15</FirstAired>
  <GuestStars>|Michael Kelly|Bridget Regan|Michael Murphy|Jack Gwaltney|Melonie Diaz|J. Bernard Calloway|</GuestStars>
  <IMDB_ID></IMDB_ID>
  <Language>en</Language>
  <Overview>As Detective Carter deals with the fallout from her recent encounter with Reese and Finch, The Machine ups the ante for the duo by giving them four Social Security numbers instead of one.</Overview>
  <ProductionCode>2J6210</ProductionCode>
  <Rating>8.0</Rating>
  <RatingCount>147</RatingCount>
  <SeasonNumber>1</SeasonNumber>
  <Writer>Patrick Harbinson</Writer>
  <absolute_number></absolute_number>
  <filename>episodes/248742/4211100.jpg</filename>
  <lastupdated>1347979405</lastupdated>
  <seasonid>465950</seasonid>
  <seriesid>248742</seriesid>
</Episode>
<Episode>
  <id>4217999</id>
  <Combined_episodenumber>11</Combined_episodenumber>
  <Combined_season>1</Combined_season>
  <DVD_chapter></DVD_chapter>
  <DVD_discid></DVD_discid>
  <DVD_episodenumber></DVD_episodenumber>
  <DVD_season></DVD_season>
  <Director>Stephen Williams</Director>
  <EpImgFlag>2</EpImgFlag>
  <EpisodeName>Super</EpisodeName>
  <EpisodeNumber>11</EpisodeNumber>
  <FirstAired>2012-01-12</FirstAired>
  <GuestStars></GuestStars>
  <IMDB_ID></IMDB_ID>
  <Language>en</Language>
  <Overview>Reese is confined to a wheelchair recovering from his gunshot wound, but Finch sets him up in an apartment where he’s to keep an eye on the Super, who is their latest POI. Also, Finch approaches Carter and gives her a POI to show her what they do.</Overview>
  <ProductionCode></ProductionCode>
  <Rating>7.9</Rating>
  <RatingCount>136</RatingCount>
  <SeasonNumber>1</SeasonNumber>
  <Writer>David Slack</Writer>
  <absolute_number></absolute_number>
  <filename>episodes/248742/4217999.jpg</filename>
  <lastupdated>1350541387</lastupdated>
  <seasonid>465950</seasonid>
  <seriesid>248742</seriesid>
</Episode>
<Episode>
  <id>4223183</id>
  <Combined_episodenumber>12</Combined_episodenumber>
  <Combined_season>1</Combined_season>
  <DVD_chapter></DVD_chapter>
  <DVD_discid></DVD_discid>
  <DVD_episodenumber></DVD_episodenumber>
  <DVD_season></DVD_season>
  <Director>Brad Anderson</Director>
  <EpImgFlag>2</EpImgFlag>
  <EpisodeName>Legacy</EpisodeName>
  <EpisodeNumber>12</EpisodeNumber>
  <FirstAired>2012-01-19</FirstAired>
  <GuestStars></GuestStars>
  <IMDB_ID></IMDB_ID>
  <Language>en</Language>
  <Overview>When Carter finally comes face-to-face with Reese, he urges her to join forces to help with their latest POI, a scrappy young woman from the wrong side of the tracks who turned her life around and became a lawyer.</Overview>
  <ProductionCode></ProductionCode>
  <Rating>7.8</Rating>
  <RatingCount>134</RatingCount>
  <SeasonNumber>1</SeasonNumber>
  <Writer>Amanda Segel</Writer>
  <absolute_number></absolute_number>
  <filename>episodes/248742/4223183.jpg</filename>
  <lastupdated>1350541351</lastupdated>
  <seasonid>465950</seasonid>
  <seriesid>248742</seriesid>
</Episode>
<Episode>
  <id>4245579</id>
  <Combined_episodenumber>13</Combined_episodenumber>
  <Combined_season>1</Combined_season>
  <DVD_chapter></DVD_chapter>
  <DVD_discid></DVD_discid>
  <DVD_episodenumber></DVD_episodenumber>
  <DVD_season></DVD_season>
  <Director>Richard J. Lewis</Director>
  <EpImgFlag>2</EpImgFlag>
  <EpisodeName>Root Cause</EpisodeName>
  <EpisodeNumber>13</EpisodeNumber>
  <FirstAired>2012-02-02</FirstAired>
  <GuestStars></GuestStars>
  <IMDB_ID></IMDB_ID>
  <Language>en</Language>
  <Overview>The Machine gives Reese and Finch the number of a down-and-out man who has been pushed too far, and they're forced to turn to former Person of Interest Zoe Morgan for help.</Overview>
  <ProductionCode></ProductionCode>
  <Rating>7.9</Rating>
  <RatingCount>144</RatingCount>
  <SeasonNumber>1</SeasonNumber>
  <Writer>Erik Mountain</Writer>
  <absolute_number></absolute_number>
  <filename>episodes/248742/4245579.jpg</filename>
  <lastupdated>1350541332</lastupdated>
  <seasonid>465950</seasonid>
  <seriesid>248742</seriesid>
</Episode>
<Episode>
  <id>4253998</id>
  <Combined_episodenumber>14</Combined_episodenumber>
  <Combined_season>1</Combined_season>
  <DVD_chapter></DVD_chapter>
  <DVD_discid></DVD_discid>
  <DVD_episodenumber></DVD_episodenumber>
  <DVD_season></DVD_season>
  <Director>Chris Fisher</Director>
  <EpImgFlag>2</EpImgFlag>
  <EpisodeName>Wolf and Cub</EpisodeName>
  <EpisodeNumber>14</EpisodeNumber>
  <FirstAired>2012-02-09</FirstAired>
  <GuestStars>Malik Yoba</GuestStars>
  <IMDB_ID></IMDB_ID>
  <Language>en</Language>
  <Overview>The Machine identifies Darren, a teenager whose brother was just murdered, as the next POI. Meanwhile, Finch is growing concerned that the son of his former business partner is dangerously close to finding out about the Machine.</Overview>
  <ProductionCode></ProductionCode>
  <Rating>7.9</Rating>
  <RatingCount>124</RatingCount>
  <SeasonNumber>1</SeasonNumber>
  <Writer>Nic Van Zeebroeck | Michael Sopczynski</Writer>
  <absolute_number></absolute_number>
  <filename>episodes/248742/4253998.jpg</filename>
  <lastupdated>1352892415</lastupdated>
  <seasonid>465950</seasonid>
  <seriesid>248742</seriesid>
</Episode>
<Episode>
  <id>4255380</id>
  <Combined_episodenumber>15</Combined_episodenumber>
  <Combined_season>1</Combined_season>
  <DVD_chapter></DVD_chapter>
  <DVD_discid></DVD_discid>
  <DVD_episodenumber></DVD_episodenumber>
  <DVD_season></DVD_season>
  <Director>David Von Ancken</Director>
  <EpImgFlag>2</EpImgFlag>
  <EpisodeName>Blue Code</EpisodeName>
  <EpisodeNumber>15</EpisodeNumber>
  <FirstAired>2012-02-16</FirstAired>
  <GuestStars></GuestStars>
  <IMDB_ID></IMDB_ID>
  <Language>en</Language>
  <Overview>Reese discovers there’s more to the story after he infiltrates a smuggling ring to get close to his latest POI.</Overview>
  <ProductionCode></ProductionCode>
  <Rating>7.9</Rating>
  <RatingCount>136</RatingCount>
  <SeasonNumber>1</SeasonNumber>
  <Writer>Denise Thé</Writer>
  <absolute_number></absolute_number>
  <filename>episodes/248742/4255380.jpg</filename>
  <lastupdated>1352892403</lastupdated>
  <seasonid>465950</seasonid>
  <seriesid>248742</seriesid>
</Episode>
<Episode>
  <id>4261650</id>
  <Combined_episodenumber>16</Combined_episodenumber>
  <Combined_season>1</Combined_season>
  <DVD_chapter></DVD_chapter>
  <DVD_discid></DVD_discid>
  <DVD_episodenumber></DVD_episodenumber>
  <DVD_season></DVD_season>
  <Director>Jeff T. Thomas</Director>
  <EpImgFlag>2</EpImgFlag>
  <EpisodeName>Risk</EpisodeName>
  <EpisodeNumber>16</EpisodeNumber>
  <FirstAired>2012-02-23</FirstAired>
  <GuestStars></GuestStars>
  <IMDB_ID></IMDB_ID>
  <Language>en</Language>
  <Overview>The Machine leads Reese and Finch to Wall Street when a sharp young trader at a major investment bank becomes embroiled in a multi-million dollar financial scam.</Overview>
  <ProductionCode></ProductionCode>
  <Rating>7.8</Rating>
  <RatingCount>123</RatingCount>
  <SeasonNumber>1</SeasonNumber>
  <Writer>Sean Hennan</Writer>
  <absolute_number></absolute_number>
  <filename>episodes/248742/4261650.jpg</filename>
  <lastupdated>1352892389</lastupdated>
  <seasonid>465950</seasonid>
  <seriesid>248742</seriesid>
</Episode>
<Episode>
  <id>4270706</id>
  <Combined_episodenumber>17</Combined_episodenumber>
  <Combined_season>1</Combined_season>
  <DVD_chapter></DVD_chapter>
  <DVD_discid></DVD_discid>
  <DVD_episodenumber></DVD_episodenumber>
  <DVD_season></DVD_season>
  <Director></Director>
  <EpImgFlag>2</EpImgFlag>
  <EpisodeName>Baby Blue</EpisodeName>
  <EpisodeNumber>17</EpisodeNumber>
  <FirstAired>2012-03-08</FirstAired>
  <GuestStars></GuestStars>
  <IMDB_ID></IMDB_ID>
  <Language>en</Language>
  <Overview>Reese and Finch are puzzled when the machine names a 6-month-old baby as the latest person of interest; Detective Carter questions her allegiances when Elias resurfaces.</Overview>
  <ProductionCode></ProductionCode>
  <Rating>7.8</Rating>
  <RatingCount>123</RatingCount>
  <SeasonNumber>1</SeasonNumber>
  <Writer></Writer>
  <absolute_number></absolute_number>
  <filename>episodes/248742/4270706.jpg</filename>
  <lastupdated>1360737217</lastupdated>
  <seasonid>465950</seasonid>
  <seriesid>248742</seriesid>
</Episode>
<Episode>
  <id>4283325</id>
  <Combined_episodenumber>18</Combined_episodenumber>
  <Combined_season>1</Combined_season>
  <DVD_chapter></DVD_chapter>
  <DVD_discid></DVD_discid>
  <DVD_episodenumber></DVD_episodenumber>
  <DVD_season></DVD_season>
  <Director></Director>
  <EpImgFlag>2</EpImgFlag>
  <EpisodeName>Identity Crisis</EpisodeName>
  <EpisodeNumber>18</EpisodeNumber>
  <FirstAired>2012-03-29</FirstAired>
  <GuestStars>Sarah Wynter|Rhys Coiro</GuestStars>
  <IMDB_ID></IMDB_ID>
  <Language>en</Language>
  <Overview>The Machine's latest number presents a unique challenge for Reese and Finch since the person has virtually no digital footprint - and appears to be leading a double life.</Overview>
  <ProductionCode></ProductionCode>
  <Rating>7.8</Rating>
  <RatingCount>120</RatingCount>
  <SeasonNumber>1</SeasonNumber>
  <Writer></Writer>
  <absolute_number></absolute_number>
  <filename>episodes/248742/4283325.jpg</filename>
  <lastupdated>1359654741</lastupdated>
  <seasonid>465950</seasonid>
  <seriesid>248742</seriesid>
</Episode>
<Episode>
  <id>4290585</id>
  <Combined_episodenumber>19</Combined_episodenumber>
  <Combined_season>1</Combined_season>
  <DVD_chapter></DVD_chapter>
  <DVD_discid></DVD_discid>
  <DVD_episodenumber></DVD_episodenumber>
  <DVD_season></DVD_season>
  <Director></Director>
  <EpImgFlag>2</EpImgFlag>
  <EpisodeName>Flesh and Blood</EpisodeName>
  <EpisodeNumber>19</EpisodeNumber>
  <FirstAired>2012-04-05</FirstAired>
  <GuestStars></GuestStars>
  <IMDB_ID></IMDB_ID>
  <Language>en</Language>
  <Overview>When The Machine spits out five numbers, naming the Don of each of New York’s crime families, Reese and Finch suspect Elias is planning to eliminate his competition.</Overview>
  <ProductionCode></ProductionCode>
  <Rating>7.9</Rating>
  <RatingCount>128</RatingCount>
  <SeasonNumber>1</SeasonNumber>
  <Writer></Writer>
  <absolute_number></absolute_number>
  <filename>episodes/248742/4290585.jpg</filename>
  <lastupdated>1356184359</lastupdated>
  <seasonid>465950</seasonid>
  <seriesid>248742</seriesid>
</Episode>
<Episode>
  <id>4293928</id>
  <Combined_episodenumber>20</Combined_episodenumber>
  <Combined_season>1</Combined_season>
  <DVD_chapter></DVD_chapter>
  <DVD_discid></DVD_discid>
  <DVD_episodenumber></DVD_episodenumber>
  <DVD_season></DVD_season>
  <Director></Director>
  <EpImgFlag>7</EpImgFlag>
  <EpisodeName>Matsya Nyaya</EpisodeName>
  <EpisodeNumber>20</EpisodeNumber>
  <FirstAired>2012-04-26</FirstAired>
  <GuestStars></GuestStars>
  <IMDB_ID></IMDB_ID>
  <Language>en</Language>
  <Overview>To track the latest person of interest, Reese goes under cover as part of an armored truck crew; throughout the case, Reese is reminded of tough decisions he was forced to make during his last CIA mission.</Overview>
  <ProductionCode></ProductionCode>
  <Rating>7.9</Rating>
  <RatingCount>124</RatingCount>
  <SeasonNumber>1</SeasonNumber>
  <Writer></Writer>
  <absolute_number></absolute_number>
  <filename>episodes/248742/4293928.jpg</filename>
  <lastupdated>1355397614</lastupdated>
  <seasonid>465950</seasonid>
  <seriesid>248742</seriesid>
</Episode>
<Episode>
  <id>4293929</id>
  <Combined_episodenumber>21</Combined_episodenumber>
  <Combined_season>1</Combined_season>
  <DVD_chapter></DVD_chapter>
  <DVD_discid></DVD_discid>
  <DVD_episodenumber></DVD_episodenumber>
  <DVD_season></DVD_season>
  <Director></Director>
  <EpImgFlag>2</EpImgFlag>
  <EpisodeName>Many Happy Returns</EpisodeName>
  <EpisodeNumber>21</EpisodeNumber>
  <FirstAired>2012-05-03</FirstAired>
  <GuestStars></GuestStars>
  <IMDB_ID></IMDB_ID>
  <Language>en</Language>
  <Overview>On Reese's birthday, Finch gives him the day off in hope of keeping him away from the latest person of interest.</Overview>
  <ProductionCode></ProductionCode>
  <Rating>8.1</Rating>
  <RatingCount>125</RatingCount>
  <SeasonNumber>1</SeasonNumber>
  <Writer></Writer>
  <absolute_number></absolute_number>
  <filename>episodes/248742/4293929.jpg</filename>
  <lastupdated>1357462033</lastupdated>
  <seasonid>465950</seasonid>
  <seriesid>248742</seriesid>
</Episode>
<Episode>
  <id>4293930</id>
  <Combined_episodenumber>22</Combined_episodenumber>
  <Combined_season>1</Combined_season>
  <DVD_chapter></DVD_chapter>
  <DVD_discid></DVD_discid>
  <DVD_episodenumber></DVD_episodenumber>
  <DVD_season></DVD_season>
  <Director></Director>
  <EpImgFlag>2</EpImgFlag>
  <EpisodeName>No Good Deed</EpisodeName>
  <EpisodeNumber>22</EpisodeNumber>
  <FirstAired>2012-05-10</FirstAired>
  <GuestStars></GuestStars>
  <IMDB_ID></IMDB_ID>
  <Language>en</Language>
  <Overview>A person of interest winds up in the middle of a dark government conspiracy that Finch is all too familiar with; Reese makes a discovery about Finch's past.</Overview>
  <ProductionCode></ProductionCode>
  <Rating>8.1</Rating>
  <RatingCount>121</RatingCount>
  <SeasonNumber>1</SeasonNumber>
  <Writer></Writer>
  <absolute_number></absolute_number>
  <filename>episodes/248742/4293930.jpg</filename>
  <lastupdated>1357461268</lastupdated>
  <seasonid>465950</seasonid>
  <seriesid>248742</seriesid>
</Episode>
<Episode>
  <id>4293931</id>
  <Combined_episodenumber>23</Combined_episodenumber>
  <Combined_season>1</Combined_season>
  <DVD_chapter></DVD_chapter>
  <DVD_discid></DVD_discid>
  <DVD_episodenumber></DVD_episodenumber>
  <DVD_season></DVD_season>
  <Director></Director>
  <EpImgFlag>2</EpImgFlag>
  <EpisodeName>Firewall</EpisodeName>
  <EpisodeNumber>23</EpisodeNumber>
  <FirstAired>2012-05-17</FirstAired>
  <GuestStars></GuestStars>
  <IMDB_ID></IMDB_ID>
  <Language>en</Language>
  <Overview>Reese becomes trapped with his POI in a heavily surveilled part of the city and must rely on Finch, Carter and Fusco's help.</Overview>
  <ProductionCode></ProductionCode>
  <Rating>8.4</Rating>
  <RatingCount>129</RatingCount>
  <SeasonNumber>1</SeasonNumber>
  <Writer></Writer>
  <absolute_number></absolute_number>
  <filename>episodes/248742/4293931.jpg</filename>
  <lastupdated>1357461115</lastupdated>
  <seasonid>465950</seasonid>
  <seriesid>248742</seriesid>
</Episode>
<Episode>
  <id>4520687</id>
  <Combined_episodenumber>0</Combined_episodenumber>
  <Combined_season>2</Combined_season>
  <DVD_chapter></DVD_chapter>
  <DVD_discid></DVD_discid>
  <DVD_episodenumber></DVD_episodenumber>
  <DVD_season></DVD_season>
  <Director></Director>
  <EpImgFlag></EpImgFlag>
  <EpisodeName></EpisodeName>
  <EpisodeNumber>0</EpisodeNumber>
  <FirstAired></FirstAired>
  <GuestStars></GuestStars>
  <IMDB_ID></IMDB_ID>
  <Language>en</Language>
  <Overview></Overview>
  <ProductionCode></ProductionCode>
  <Rating></Rating>
  <RatingCount>0</RatingCount>
  <SeasonNumber>2</SeasonNumber>
  <Writer></Writer>
  <absolute_number></absolute_number>
  <filename></filename>
  <lastupdated>1364617762</lastupdated>
  <seasonid>495875</seasonid>
  <seriesid>248742</seriesid>
</Episode>
<Episode>
  <id>4355296</id>
  <Combined_episodenumber>1</Combined_episodenumber>
  <Combined_season>2</Combined_season>
  <DVD_chapter></DVD_chapter>
  <DVD_discid></DVD_discid>
  <DVD_episodenumber></DVD_episodenumber>
  <DVD_season></DVD_season>
  <Director>Richard J. Lewis</Director>
  <EpImgFlag>2</EpImgFlag>
  <EpisodeName>The Contingency</EpisodeName>
  <EpisodeNumber>1</EpisodeNumber>
  <FirstAired>2012-09-27</FirstAired>
  <GuestStars>|Amy Acker|Jay O. Sanders|Cotter Smith|Boris McGiver|Terry Serpico|Bill Sage|Ken Leung|</GuestStars>
  <IMDB_ID></IMDB_ID>
  <Language>en</Language>
  <Overview>Reese asks Detectives Carter and Fusco for help finding Finch, who was kidnapped by his nemesis (Amy Acker).</Overview>
  <ProductionCode></ProductionCode>
  <Rating>7.9</Rating>
  <RatingCount>83</RatingCount>
  <SeasonNumber>2</SeasonNumber>
  <Writer>Denise Thé|Jonathan Nolan</Writer>
  <absolute_number></absolute_number>
  <filename>episodes/248742/4355296.jpg</filename>
  <lastupdated>1360739208</lastupdated>
  <seasonid>495875</seasonid>
  <seriesid>248742</seriesid>
</Episode>
<Episode>
  <id>4368070</id>
  <Combined_episodenumber>2</Combined_episodenumber>
  <Combined_season>2</Combined_season>
  <DVD_chapter></DVD_chapter>
  <DVD_discid></DVD_discid>
  <DVD_episodenumber></DVD_episodenumber>
  <DVD_season></DVD_season>
  <Director>John Cassar</Director>
  <EpImgFlag>2</EpImgFlag>
  <EpisodeName>Bad Code</EpisodeName>
  <EpisodeNumber>2</EpisodeNumber>
  <FirstAired>2012-10-04</FirstAired>
  <GuestStars></GuestStars>
  <IMDB_ID>tt2341524</IMDB_ID>
  <Language>en</Language>
  <Overview>As Reese investigates a cold case, he gets closer to Finch and his kidnapper, Root.</Overview>
  <ProductionCode></ProductionCode>
  <Rating>7.8</Rating>
  <RatingCount>88</RatingCount>
  <SeasonNumber>2</SeasonNumber>
  <Writer>Greg Plageman|Patrick Harbinson</Writer>
  <absolute_number></absolute_number>
  <filename>episodes/248742/4368070.jpg</filename>
  <lastupdated>1364231325</lastupdated>
  <seasonid>495875</seasonid>
  <seriesid>248742</seriesid>
</Episode>
<Episode>
  <id>4368071</id>
  <Combined_episodenumber>3</Combined_episodenumber>
  <Combined_season>2</Combined_season>
  <DVD_chapter></DVD_chapter>
  <DVD_discid></DVD_discid>
  <DVD_episodenumber></DVD_episodenumber>
  <DVD_season></DVD_season>
  <Director>Jeff Hunt</Director>
  <EpImgFlag>2</EpImgFlag>
  <EpisodeName>Masquerade</EpisodeName>
  <EpisodeNumber>3</EpisodeNumber>
  <FirstAired>2012-10-18</FirstAired>
  <GuestStars></GuestStars>
  <IMDB_ID></IMDB_ID>
  <Language>en</Language>
  <Overview>Reese protects the spoiled daughter of a Brazilian diplomat.</Overview>
  <ProductionCode></ProductionCode>
  <Rating>7.9</Rating>
  <RatingCount>83</RatingCount>
  <SeasonNumber>2</SeasonNumber>
  <Writer>Melissa Scrivner-Lov</Writer>
  <absolute_number></absolute_number>
  <filename>episodes/248742/4368071.jpg</filename>
  <lastupdated>1364231280</lastupdated>
  <seasonid>495875</seasonid>
  <seriesid>248742</seriesid>
</Episode>
<Episode>
  <id>4379429</id>
  <Combined_episodenumber>4</Combined_episodenumber>
  <Combined_season>2</Combined_season>
  <DVD_chapter></DVD_chapter>
  <DVD_discid></DVD_discid>
  <DVD_episodenumber></DVD_episodenumber>
  <DVD_season></DVD_season>
  <Director>James Whitmore, Jr.</Director>
  <EpImgFlag>2</EpImgFlag>
  <EpisodeName>Triggerman</EpisodeName>
  <EpisodeNumber>4</EpisodeNumber>
  <FirstAired>2012-10-25</FirstAired>
  <GuestStars>Jonathan Tucker|Enrico Colantoni</GuestStars>
  <IMDB_ID>tt2341532</IMDB_ID>
  <Language>en</Language>
  <Overview>Reese and Finch wonder if they should intervene when they learn that a mob enforcer's life is in danger; Finch turns to an unexpected source for help.</Overview>
  <ProductionCode></ProductionCode>
  <Rating>7.8</Rating>
  <RatingCount>79</RatingCount>
  <SeasonNumber>2</SeasonNumber>
  <Writer>Erik Mountain</Writer>
  <absolute_number></absolute_number>
  <filename>episodes/248742/4379429.jpg</filename>
  <lastupdated>1364231234</lastupdated>
  <seasonid>495875</seasonid>
  <seriesid>248742</seriesid>
</Episode>
<Episode>
  <id>4379430</id>
  <Combined_episodenumber>5</Combined_episodenumber>
  <Combined_season>2</Combined_season>
  <DVD_chapter></DVD_chapter>
  <DVD_discid></DVD_discid>
  <DVD_episodenumber></DVD_episodenumber>
  <DVD_season></DVD_season>
  <Director>Jeff Hunt</Director>
  <EpImgFlag>2</EpImgFlag>
  <EpisodeName>Bury the Lede</EpisodeName>
  <EpisodeNumber>5</EpisodeNumber>
  <FirstAired>2012-11-01</FirstAired>
  <GuestStars>|Paige Turco|Robert John Burke|Gloria Votsis|Brennan Brown|Clarke Peters|John Ventimiglia|James Saito|</GuestStars>
  <IMDB_ID>tt2341536</IMDB_ID>
  <Language>en</Language>
  <Overview>Reese must surreptitiously protect an investigative reporter without becoming a part of her story.</Overview>
  <ProductionCode></ProductionCode>
  <Rating>7.7</Rating>
  <RatingCount>76</RatingCount>
  <SeasonNumber>2</SeasonNumber>
  <Writer>David Slack</Writer>
  <absolute_number></absolute_number>
  <filename>episodes/248742/4379430.jpg</filename>
  <lastupdated>1358275297</lastupdated>
  <seasonid>495875</seasonid>
  <seriesid>248742</seriesid>
</Episode>
<Episode>
  <id>4386680</id>
  <Combined_episodenumber>6</Combined_episodenumber>
  <Combined_season>2</Combined_season>
  <DVD_chapter></DVD_chapter>
  <DVD_discid></DVD_discid>
  <DVD_episodenumber></DVD_episodenumber>
  <DVD_season></DVD_season>
  <Director>Félix Enríquez Alcalá</Director>
  <EpImgFlag>2</EpImgFlag>
  <EpisodeName>The High Road</EpisodeName>
  <EpisodeNumber>6</EpisodeNumber>
  <FirstAired>2012-11-08</FirstAired>
  <GuestStars>Paige Turco|Brett Cullen|Alicia Witt|Dominic Fumusa|Carrie Preston|Victor Verhaeghe|David Denman</GuestStars>
  <IMDB_ID>tt2368860</IMDB_ID>
  <Language>en</Language>
  <Overview>The Machine’s latest number sends Reese to the suburbs.</Overview>
  <ProductionCode></ProductionCode>
  <Rating>7.7</Rating>
  <RatingCount>68</RatingCount>
  <SeasonNumber>2</SeasonNumber>
  <Writer>Nic Van Zeebroeck|Micheal Sopczynski</Writer>
  <absolute_number></absolute_number>
  <filename>episodes/248742/4386680.jpg</filename>
  <lastupdated>1364774864</lastupdated>
  <seasonid>495875</seasonid>
  <seriesid>248742</seriesid>
</Episode>
<Episode>
  <id>4393602</id>
  <Combined_episodenumber>7</Combined_episodenumber>
  <Combined_season>2</Combined_season>
  <DVD_chapter></DVD_chapter>
  <DVD_discid></DVD_discid>
  <DVD_episodenumber></DVD_episodenumber>
  <DVD_season></DVD_season>
  <Director>Fred Toye</Director>
  <EpImgFlag>2</EpImgFlag>
  <EpisodeName>Critical</EpisodeName>
  <EpisodeNumber>7</EpisodeNumber>
  <FirstAired>2012-11-15</FirstAired>
  <GuestStars>|Michael Kelly|Ken Leung|Sharon Leal|Erica Leerhsen|Geneva Carr|Julian Sands|Sam Freed|Bryce Pinkham|Nick Stevenson|Geoffrey Cantor|Gilbert Cruz|Mia Ellis|Aaron Sholomenko|Lohrasp Kansara|</GuestStars>
  <IMDB_ID>tt2384950</IMDB_ID>
  <Language>en</Language>
  <Overview>A resourceful third party raises the stakes as Finch and Reese try to protect their latest person of interest, a brilliant surgeon.</Overview>
  <ProductionCode></ProductionCode>
  <Rating>7.7</Rating>
  <RatingCount>67</RatingCount>
  <SeasonNumber>2</SeasonNumber>
  <Writer>Sean Hennen</Writer>
  <absolute_number></absolute_number>
  <filename>episodes/248742/4393602.jpg</filename>
  <lastupdated>1363246616</lastupdated>
  <seasonid>495875</seasonid>
  <seriesid>248742</seriesid>
</Episode>
<Episode>
  <id>4401590</id>
  <Combined_episodenumber>8</Combined_episodenumber>
  <Combined_season>2</Combined_season>
  <DVD_chapter></DVD_chapter>
  <DVD_discid></DVD_discid>
  <DVD_episodenumber></DVD_episodenumber>
  <DVD_season></DVD_season>
  <Director>Helen Shaver</Director>
  <EpImgFlag>2</EpImgFlag>
  <EpisodeName>Til Death</EpisodeName>
  <EpisodeNumber>8</EpisodeNumber>
  <FirstAired>2012-11-29</FirstAired>
  <GuestStars>Mark Pellegrino|Sterling K. Brown|Brett Cullen|Carrie Preston</GuestStars>
  <IMDB_ID>tt2484360</IMDB_ID>
  <Language>en</Language>
  <Overview>The team faces a challenge when the numbers of both a man and his wife come up in the machine.</Overview>
  <ProductionCode></ProductionCode>
  <Rating>7.9</Rating>
  <RatingCount>61</RatingCount>
  <SeasonNumber>2</SeasonNumber>
  <Writer>Amanda Segel</Writer>
  <absolute_number></absolute_number>
  <filename>episodes/248742/4401590.jpg</filename>
  <lastupdated>1364780036</lastupdated>
  <seasonid>495875</seasonid>
  <seriesid>248742</seriesid>
</Episode>
<Episode>
  <id>4410695</id>
  <Combined_episodenumber>9</Combined_episodenumber>
  <Combined_season>2</Combined_season>
  <DVD_chapter></DVD_chapter>
  <DVD_discid></DVD_discid>
  <DVD_episodenumber></DVD_episodenumber>
  <DVD_season></DVD_season>
  <Director>Clark Johnson</Director>
  <EpImgFlag>2</EpImgFlag>
  <EpisodeName>C.O.D.</EpisodeName>
  <EpisodeNumber>9</EpisodeNumber>
  <FirstAired>2012-12-06</FirstAired>
  <GuestStars></GuestStars>
  <IMDB_ID>tt2484372</IMDB_ID>
  <Language>en</Language>
  <Overview>When the machine names a New York cabdriver as a person of interest, any of his passengers could be a part of the impending crime.</Overview>
  <ProductionCode></ProductionCode>
  <Rating>7.8</Rating>
  <RatingCount>65</RatingCount>
  <SeasonNumber>2</SeasonNumber>
  <Writer>Ray Utarnachitt</Writer>
  <absolute_number></absolute_number>
  <filename>episodes/248742/4410695.jpg</filename>
  <lastupdated>1364780052</lastupdated>
  <seasonid>495875</seasonid>
  <seriesid>248742</seriesid>
</Episode>
<Episode>
  <id>4427769</id>
  <Combined_episodenumber>10</Combined_episodenumber>
  <Combined_season>2</Combined_season>
  <DVD_chapter></DVD_chapter>
  <DVD_discid></DVD_discid>
  <DVD_episodenumber></DVD_episodenumber>
  <DVD_season></DVD_season>
  <Director>Stephen Surjik</Director>
  <EpImgFlag>2</EpImgFlag>
  <EpisodeName>Shadow Box</EpisodeName>
  <EpisodeNumber>10</EpisodeNumber>
  <FirstAired>2012-12-13</FirstAired>
  <GuestStars></GuestStars>
  <IMDB_ID>tt2532054</IMDB_ID>
  <Language>en</Language>
  <Overview>As the FBI pursues &quot;the man in the suit,&quot; Reese is even more determined to protect the latest person of interest after learning she is the sister of a soldier who was killed in action.</Overview>
  <ProductionCode></ProductionCode>
  <Rating>8.0</Rating>
  <RatingCount>70</RatingCount>
  <SeasonNumber>2</SeasonNumber>
  <Writer>Patrick Harbinson</Writer>
  <absolute_number></absolute_number>
  <filename>episodes/248742/4427769.jpg</filename>
  <lastupdated>1364780068</lastupdated>
  <seasonid>495875</seasonid>
  <seriesid>248742</seriesid>
</Episode>
<Episode>
  <id>4427770</id>
  <Combined_episodenumber>11</Combined_episodenumber>
  <Combined_season>2</Combined_season>
  <DVD_chapter></DVD_chapter>
  <DVD_discid></DVD_discid>
  <DVD_episodenumber></DVD_episodenumber>
  <DVD_season></DVD_season>
  <Director>Richard J. Lewis</Director>
  <EpImgFlag>2</EpImgFlag>
  <EpisodeName>2πR</EpisodeName>
  <EpisodeNumber>11</EpisodeNumber>
  <FirstAired>2013-01-03</FirstAired>
  <GuestStars></GuestStars>
  <IMDB_ID>tt2558980</IMDB_ID>
  <Language>en</Language>
  <Overview>Finch goes under cover to protect a youth who reminds him of himself; Carter goes on a dangerous mission for the FBI.</Overview>
  <ProductionCode></ProductionCode>
  <Rating>8.0</Rating>
  <RatingCount>63</RatingCount>
  <SeasonNumber>2</SeasonNumber>
  <Writer>Dan Dietz</Writer>
  <absolute_number></absolute_number>
  <filename>episodes/248742/4427770.jpg</filename>
  <lastupdated>1361117383</lastupdated>
  <seasonid>495875</seasonid>
  <seriesid>248742</seriesid>
</Episode>
<Episode>
  <id>4433777</id>
  <Combined_episodenumber>12</Combined_episodenumber>
  <Combined_season>2</Combined_season>
  <DVD_chapter></DVD_chapter>
  <DVD_discid></DVD_discid>
  <DVD_episodenumber></DVD_episodenumber>
  <DVD_season></DVD_season>
  <Director>Chris Fisher</Director>
  <EpImgFlag>2</EpImgFlag>
  <EpisodeName>Prisoner's Dilemma</EpisodeName>
  <EpisodeNumber>12</EpisodeNumber>
  <FirstAired>2013-01-10</FirstAired>
  <GuestStars>Karolina Kurkova</GuestStars>
  <IMDB_ID>tt2562802</IMDB_ID>
  <Language>en</Language>
  <Overview>Carter tries to help Reese by engaging in mental warfare with the FBI; Reese has encounters with old and new enemies; Detective Fusco must protect supermodel Karolina Kurkova, the latest person of interest.</Overview>
  <ProductionCode></ProductionCode>
  <Rating>8.1</Rating>
  <RatingCount>60</RatingCount>
  <SeasonNumber>2</SeasonNumber>
  <Writer>David Slack</Writer>
  <absolute_number></absolute_number>
  <filename>episodes/248742/4433777.jpg</filename>
  <lastupdated>1364780127</lastupdated>
  <seasonid>495875</seasonid>
  <seriesid>248742</seriesid>
</Episode>
<Episode>
  <id>4440229</id>
  <Combined_episodenumber>13</Combined_episodenumber>
  <Combined_season>2</Combined_season>
  <DVD_chapter></DVD_chapter>
  <DVD_discid></DVD_discid>
  <DVD_episodenumber></DVD_episodenumber>
  <DVD_season></DVD_season>
  <Director>John Dahl</Director>
  <EpImgFlag>2</EpImgFlag>
  <EpisodeName>Dead Reckoning</EpisodeName>
  <EpisodeNumber>13</EpisodeNumber>
  <FirstAired>2013-01-31</FirstAired>
  <GuestStars>Annie Parisse|Michael Kelly|Brennan Brown</GuestStars>
  <IMDB_ID>tt2562804</IMDB_ID>
  <Language>en</Language>
  <Overview>Reese is captured by a former acquaintance planning a massive and potentially deadly act of cyber-warfare.</Overview>
  <ProductionCode>2J7213</ProductionCode>
  <Rating>7.9</Rating>
  <RatingCount>67</RatingCount>
  <SeasonNumber>2</SeasonNumber>
  <Writer>Erik Mountain</Writer>
  <absolute_number>36</absolute_number>
  <filename>episodes/248742/4440229.jpg</filename>
  <lastupdated>1363131883</lastupdated>
  <seasonid>495875</seasonid>
  <seriesid>248742</seriesid>
</Episode>
<Episode>
  <id>4448261</id>
  <Combined_episodenumber>14</Combined_episodenumber>
  <Combined_season>2</Combined_season>
  <DVD_chapter></DVD_chapter>
  <DVD_discid></DVD_discid>
  <DVD_episodenumber></DVD_episodenumber>
  <DVD_season></DVD_season>
  <Director>Chris Fisher</Director>
  <EpImgFlag>2</EpImgFlag>
  <EpisodeName>One Percent</EpisodeName>
  <EpisodeNumber>14</EpisodeNumber>
  <FirstAired>2013-02-07</FirstAired>
  <GuestStars></GuestStars>
  <IMDB_ID>tt2562806</IMDB_ID>
  <Language>en</Language>
  <Overview>Finch and Reese meet their match: a tech billionaire whose curiosity and endless resources could expose their identities and ruin their efforts to save his life.</Overview>
  <ProductionCode>2J7214</ProductionCode>
  <Rating>7.9</Rating>
  <RatingCount>58</RatingCount>
  <SeasonNumber>2</SeasonNumber>
  <Writer>Denise Thé|Melissa Scrivner-Love</Writer>
  <absolute_number>37</absolute_number>
  <filename>episodes/248742/4448261.jpg</filename>
  <lastupdated>1360098835</lastupdated>
  <seasonid>495875</seasonid>
  <seriesid>248742</seriesid>
</Episode>
<Episode>
  <id>4454448</id>
  <Combined_episodenumber>15</Combined_episodenumber>
  <Combined_season>2</Combined_season>
  <DVD_chapter></DVD_chapter>
  <DVD_discid></DVD_discid>
  <DVD_episodenumber></DVD_episodenumber>
  <DVD_season></DVD_season>
  <Director>Frederick E.O. Toye</Director>
  <EpImgFlag>2</EpImgFlag>
  <EpisodeName>Booked Solid</EpisodeName>
  <EpisodeNumber>15</EpisodeNumber>
  <FirstAired>2013-02-14</FirstAired>
  <GuestStars>Mia Maestro</GuestStars>
  <IMDB_ID>tt2613404</IMDB_ID>
  <Language>en</Language>
  <Overview>As Reese and Finch try to save a hotel maid's life, they encounter a litany of suspects; Detective Carter considers a significant offer from the FBI.</Overview>
  <ProductionCode>2J7215</ProductionCode>
  <Rating>7.9</Rating>
  <RatingCount>56</RatingCount>
  <SeasonNumber>2</SeasonNumber>
  <Writer>Nic Van Zeebroeck|Michael Sopczynski</Writer>
  <absolute_number>38</absolute_number>
  <filename>episodes/248742/4454448.jpg</filename>
  <lastupdated>1360868720</lastupdated>
  <seasonid>495875</seasonid>
  <seriesid>248742</seriesid>
</Episode>
<Episode>
  <id>4474203</id>
  <Combined_episodenumber>16</Combined_episodenumber>
  <Combined_season>2</Combined_season>
  <DVD_chapter></DVD_chapter>
  <DVD_discid></DVD_discid>
  <DVD_episodenumber></DVD_episodenumber>
  <DVD_season></DVD_season>
  <Director>Jonathan Nolan</Director>
  <EpImgFlag>2</EpImgFlag>
  <EpisodeName>Relevance</EpisodeName>
  <EpisodeNumber>16</EpisodeNumber>
  <FirstAired>2013-02-21</FirstAired>
  <GuestStars>Sarah Shahi</GuestStars>
  <IMDB_ID>tt2646630</IMDB_ID>
  <Language>en</Language>
  <Overview>The latest POI -- a deadly yet sexy government operative (Sarah Shahi) who tackles terrorist threats -- proves difficult for Reese and Finch to protect.</Overview>
  <ProductionCode>2J7216</ProductionCode>
  <Rating>8.1</Rating>
  <RatingCount>52</RatingCount>
  <SeasonNumber>2</SeasonNumber>
  <Writer>Amanda Segel|Jonathan Nolan</Writer>
  <absolute_number>39</absolute_number>
  <filename>episodes/248742/4474203.jpg</filename>
  <lastupdated>1363246717</lastupdated>
  <seasonid>495875</seasonid>
  <seriesid>248742</seriesid>
</Episode>
<Episode>
  <id>4484663</id>
  <Combined_episodenumber>17</Combined_episodenumber>
  <Combined_season>2</Combined_season>
  <DVD_chapter></DVD_chapter>
  <DVD_discid></DVD_discid>
  <DVD_episodenumber></DVD_episodenumber>
  <DVD_season></DVD_season>
  <Director>Kenneth Fink</Director>
  <EpImgFlag>2</EpImgFlag>
  <EpisodeName>Proteus</EpisodeName>
  <EpisodeNumber>17</EpisodeNumber>
  <FirstAired>2013-03-07</FirstAired>
  <GuestStars>Becky Ann Baker</GuestStars>
  <IMDB_ID>tt2725454</IMDB_ID>
  <Language>en</Language>
  <Overview>As Finch and Reese try to protect six people simultaneously, clues lead them to a coastal town; when a storm forces Finch and Reese to seek shelter in a police station with a group of locals, they realize a killer may be in their midst.</Overview>
  <ProductionCode></ProductionCode>
  <Rating>7.8</Rating>
  <RatingCount>52</RatingCount>
  <SeasonNumber>2</SeasonNumber>
  <Writer>Sean Hennen</Writer>
  <absolute_number></absolute_number>
  <filename>episodes/248742/4484663.jpg</filename>
  <lastupdated>1364780222</lastupdated>
  <seasonid>495875</seasonid>
  <seriesid>248742</seriesid>
</Episode>
<Episode>
  <id>4501003</id>
  <Combined_episodenumber>18</Combined_episodenumber>
  <Combined_season>2</Combined_season>
  <DVD_chapter></DVD_chapter>
  <DVD_discid></DVD_discid>
  <DVD_episodenumber></DVD_episodenumber>
  <DVD_season></DVD_season>
  <Director>Tricia Brock</Director>
  <EpImgFlag>2</EpImgFlag>
  <EpisodeName>All In</EpisodeName>
  <EpisodeNumber>18</EpisodeNumber>
  <FirstAired>2013-03-14</FirstAired>
  <GuestStars>Ken Leung</GuestStars>
  <IMDB_ID>tt2721856</IMDB_ID>
  <Language>en</Language>
  <Overview>Finch and Reese head to Atlantic City to protect the latest person of interest, an elderly gambler; Carter tries to clear another detective's name.</Overview>
  <ProductionCode></ProductionCode>
  <Rating>7.9</Rating>
  <RatingCount>49</RatingCount>
  <SeasonNumber>2</SeasonNumber>
  <Writer>Lucas O’Connor</Writer>
  <absolute_number></absolute_number>
  <filename>episodes/248742/4501003.jpg</filename>
  <lastupdated>1364780239</lastupdated>
  <seasonid>495875</seasonid>
  <seriesid>248742</seriesid>
</Episode>
<Episode>
  <id>4503551</id>
  <Combined_episodenumber>19</Combined_episodenumber>
  <Combined_season>2</Combined_season>
  <DVD_chapter></DVD_chapter>
  <DVD_discid></DVD_discid>
  <DVD_episodenumber></DVD_episodenumber>
  <DVD_season></DVD_season>
  <Director>Jeffrey Hunt</Director>
  <EpImgFlag>2</EpImgFlag>
  <EpisodeName>Trojan Horse</EpisodeName>
  <EpisodeNumber>19</EpisodeNumber>
  <FirstAired>2013-04-04</FirstAired>
  <GuestStars>Traci Thoms|Larry Bryggman|Dan Bittner|Andrew Rothenberg</GuestStars>
  <IMDB_ID>tt2757448</IMDB_ID>
  <Language>en</Language>
  <Overview>Finch infiltrates a tech corporation to gather intel on an executive whose number has come up; Carter questions Beecher's integrity.</Overview>
  <ProductionCode></ProductionCode>
  <Rating></Rating>
  <RatingCount>0</RatingCount>
  <SeasonNumber>2</SeasonNumber>
  <Writer>Dan Dietz|Erik Mountain</Writer>
  <absolute_number>42</absolute_number>
  <filename>episodes/248742/4503551.jpg</filename>
  <lastupdated>1364771175</lastupdated>
  <seasonid>495875</seasonid>
  <seriesid>248742</seriesid>
</Episode>
<Episode>
  <id>4510255</id>
  <Combined_episodenumber>20</Combined_episodenumber>
  <Combined_season>2</Combined_season>
  <DVD_chapter></DVD_chapter>
  <DVD_discid></DVD_discid>
  <DVD_episodenumber></DVD_episodenumber>
  <DVD_season></DVD_season>
  <Director></Director>
  <EpImgFlag></EpImgFlag>
  <EpisodeName>In Extremis</EpisodeName>
  <EpisodeNumber>20</EpisodeNumber>
  <FirstAired>2013-04-25</FirstAired>
  <GuestStars></GuestStars>
  <IMDB_ID>tt2734238</IMDB_ID>
  <Language>en</Language>
  <Overview></Overview>
  <ProductionCode></ProductionCode>
  <Rating></Rating>
  <RatingCount>0</RatingCount>
  <SeasonNumber>2</SeasonNumber>
  <Writer></Writer>
  <absolute_number>43</absolute_number>
  <filename></filename>
  <lastupdated>1364617662</lastupdated>
  <seasonid>495875</seasonid>
  <seriesid>248742</seriesid>
</Episode>
<Episode>
  <id>4518294</id>
  <Combined_episodenumber>21</Combined_episodenumber>
  <Combined_season>2</Combined_season>
  <DVD_chapter></DVD_chapter>
  <DVD_discid></DVD_discid>
  <DVD_episodenumber></DVD_episodenumber>
  <DVD_season></DVD_season>
  <Director></Director>
  <EpImgFlag></EpImgFlag>
  <EpisodeName>Zero Day</EpisodeName>
  <EpisodeNumber>21</EpisodeNumber>
  <FirstAired>2013-05-02</FirstAired>
  <GuestStars></GuestStars>
  <IMDB_ID></IMDB_ID>
  <Language>en</Language>
  <Overview></Overview>
  <ProductionCode></ProductionCode>
  <Rating></Rating>
  <RatingCount>0</RatingCount>
  <SeasonNumber>2</SeasonNumber>
  <Writer></Writer>
  <absolute_number></absolute_number>
  <filename></filename>
  <lastupdated>1364617685</lastupdated>
  <seasonid>495875</seasonid>
  <seriesid>248742</seriesid>
</Episode>
<Episode>
  <id>4520686</id>
  <Combined_episodenumber>22</Combined_episodenumber>
  <Combined_season>2</Combined_season>
  <DVD_chapter></DVD_chapter>
  <DVD_discid></DVD_discid>
  <DVD_episodenumber></DVD_episodenumber>
  <DVD_season></DVD_season>
  <Director></Director>
  <EpImgFlag></EpImgFlag>
  <EpisodeName>God Mode</EpisodeName>
  <EpisodeNumber>22</EpisodeNumber>
  <FirstAired>2013-05-09</FirstAired>
  <GuestStars></GuestStars>
  <IMDB_ID></IMDB_ID>
  <Language>en</Language>
  <Overview></Overview>
  <ProductionCode></ProductionCode>
  <Rating></Rating>
  <RatingCount>0</RatingCount>
  <SeasonNumber>2</SeasonNumber>
  <Writer></Writer>
  <absolute_number></absolute_number>
  <filename></filename>
  <lastupdated>1364617703</lastupdated>
  <seasonid>495875</seasonid>
  <seriesid>248742</seriesid>
</Episode>
</Data>