<?xml version="1.0" encoding="UTF-8" ?>
<Actors>
<Actor>
  <id>24718</id>
  <Image>actors/24718.jpg</Image>
  <Name>Jamie Hyneman</Name>
  <Role>Himself</Role>
  <SortOrder>0</SortOrder>
</Actor>
<Actor>
  <id>24712</id>
  <Image>actors/24712.jpg</Image>
  <Name>Adam Savage</Name>
  <Role>Himself</Role>
  <SortOrder>1</SortOrder>
</Actor>
<Actor>
  <id>24716</id>
  <Image>actors/24716.jpg</Image>
  <Name>Kari Byron</Name>
  <Role>Herself</Role>
  <SortOrder>2</SortOrder>
</Actor>
<Actor>
  <id>24715</id>
  <Image>actors/24715.jpg</Image>
  <Name>Grant Imahara</Name>
  <Role>Himself</Role>
  <SortOrder>2</SortOrder>
</Actor>
<Actor>
  <id>24713</id>
  <Image>actors/24713.jpg</Image>
  <Name>Tory Belleci</Name>
  <Role>Himself</Role>
  <SortOrder>2</SortOrder>
</Actor>
<Actor>
  <id>24720</id>
  <Image>actors/24720.jpg</Image>
  <Name>Scottie Chapman</Name>
  <Role></Role>
  <SortOrder>3</SortOrder>
</Actor>
<Actor>
  <id>24719</id>
  <Image>actors/24719.jpg</Image>
  <Name>Heather Joseph-Witham</Name>
  <Role></Role>
  <SortOrder>3</SortOrder>
</Actor>
<Actor>
  <id>128171</id>
  <Image>actors/128171.jpg</Image>
  <Name>Jessi Combs</Name>
  <Role></Role>
  <SortOrder>3</SortOrder>
</Actor>
<Actor>
  <id>24717</id>
  <Image></Image>
  <Name>Christine Chamberlain</Name>
  <Role></Role>
  <SortOrder>3</SortOrder>
</Actor>
<Actor>
  <id>24711</id>
  <Image></Image>
  <Name>Robert Lee</Name>
  <Role>USA Narrator</Role>
  <SortOrder>3</SortOrder>
</Actor>
</Actors>