<?xml version="1.0" encoding="UTF-8" ?>
<Actors>
<Actor>
  <id>73514</id>
  <Image>actors/73514.jpg</Image>
  <Name>David Duchovny</Name>
  <Role>Hank Moody</Role>
  <SortOrder>0</SortOrder>
</Actor>
<Actor>
  <id>73518</id>
  <Image>actors/73518.jpg</Image>
  <Name>Natascha McElhone</Name>
  <Role>Karen Van Der Beek</Role>
  <SortOrder>1</SortOrder>
</Actor>
<Actor>
  <id>73515</id>
  <Image>actors/73515.jpg</Image>
  <Name>Evan Handler</Name>
  <Role>Charlie Runkle</Role>
  <SortOrder>1</SortOrder>
</Actor>
<Actor>
  <id>80204</id>
  <Image>actors/80204.jpg</Image>
  <Name>Pamela Adlon</Name>
  <Role>Marcy Runkle</Role>
  <SortOrder>2</SortOrder>
</Actor>
<Actor>
  <id>73516</id>
  <Image>actors/73516.jpg</Image>
  <Name>Madeleine Martin</Name>
  <Role>Rebecca</Role>
  <SortOrder>2</SortOrder>
</Actor>
<Actor>
  <id>303627</id>
  <Image>actors/303627.jpg</Image>
  <Name>Camilla Luddington</Name>
  <Role>Lizzie</Role>
  <SortOrder>2</SortOrder>
</Actor>
<Actor>
  <id>99961</id>
  <Image>actors/99961.jpg</Image>
  <Name>Carla Gallo</Name>
  <Role>Daisy</Role>
  <SortOrder>3</SortOrder>
</Actor>
<Actor>
  <id>73517</id>
  <Image>actors/73517.jpg</Image>
  <Name>Madeline Zima</Name>
  <Role>Mia Cross</Role>
  <SortOrder>3</SortOrder>
</Actor>
<Actor>
  <id>290003</id>
  <Image>actors/290003.jpg</Image>
  <Name>Carla Gugino</Name>
  <Role>Abby Rhodes</Role>
  <SortOrder>3</SortOrder>
</Actor>
<Actor>
  <id>151631</id>
  <Image>actors/151631.jpg</Image>
  <Name>Rachel Miner</Name>
  <Role>Dani</Role>
  <SortOrder>3</SortOrder>
</Actor>
<Actor>
  <id>290004</id>
  <Image></Image>
  <Name>Addison Timlin </Name>
  <Role>Sasha Bingham</Role>
  <SortOrder>3</SortOrder>
</Actor>
<Actor>
  <id>297770</id>
  <Image></Image>
  <Name>Callum Keith Rennie</Name>
  <Role>Lew Ashby</Role>
  <SortOrder>3</SortOrder>
</Actor>
<Actor>
  <id>308388</id>
  <Image></Image>
  <Name>Jason Beghe</Name>
  <Role>Richard Bates</Role>
  <SortOrder>3</SortOrder>
</Actor>
<Actor>
  <id>308386</id>
  <Image></Image>
  <Name>Stephen Tobolowsky</Name>
  <Role>Stu Beggs</Role>
  <SortOrder>3</SortOrder>
</Actor>
</Actors>