<?xml version="1.0" encoding="UTF-8" ?>
<Banners>
<Banner>
  <id>934285</id>
  <BannerPath>fanart/original/80349-45.jpg</BannerPath>
  <BannerType>fanart</BannerType>
  <BannerType2>1920x1080</BannerType2>
  <Colors></Colors>
  <Language>en</Language>
  <Rating>8.0000</Rating>
  <RatingCount>1</RatingCount>
  <SeriesName>false</SeriesName>
  <ThumbnailPath>_cache/fanart/original/80349-45.jpg</ThumbnailPath>
  <VignettePath>fanart/vignette/80349-45.jpg</VignettePath>
</Banner>
<Banner>
  <id>265541</id>
  <BannerPath>fanart/original/80349-40.jpg</BannerPath>
  <BannerType>fanart</BannerType>
  <BannerType2>1920x1080</BannerType2>
  <Colors></Colors>
  <Language>en</Language>
  <Rating>7.7500</Rating>
  <RatingCount>8</RatingCount>
  <SeriesName>false</SeriesName>
  <ThumbnailPath>_cache/fanart/original/80349-40.jpg</ThumbnailPath>
  <VignettePath>fanart/vignette/80349-40.jpg</VignettePath>
</Banner>
<Banner>
  <id>202351</id>
  <BannerPath>fanart/original/80349-29.jpg</BannerPath>
  <BannerType>fanart</BannerType>
  <BannerType2>1920x1080</BannerType2>
  <Colors>|224,176,140|156,130,105|151,101,52|</Colors>
  <Language>de</Language>
  <Rating>7.5714</Rating>
  <RatingCount>7</RatingCount>
  <SeriesName>false</SeriesName>
  <ThumbnailPath>_cache/fanart/original/80349-29.jpg</ThumbnailPath>
  <VignettePath>fanart/vignette/80349-29.jpg</VignettePath>
</Banner>
<Banner>
  <id>202361</id>
  <BannerPath>fanart/original/80349-30.jpg</BannerPath>
  <BannerType>fanart</BannerType>
  <BannerType2>1920x1080</BannerType2>
  <Colors>|127,94,75|247,216,188|111,92,88|</Colors>
  <Language>de</Language>
  <Rating>7.5000</Rating>
  <RatingCount>14</RatingCount>
  <SeriesName>false</SeriesName>
  <ThumbnailPath>_cache/fanart/original/80349-30.jpg</ThumbnailPath>
  <VignettePath>fanart/vignette/80349-30.jpg</VignettePath>
</Banner>
<Banner>
  <id>20308</id>
  <BannerPath>fanart/original/80349-3.jpg</BannerPath>
  <BannerType>fanart</BannerType>
  <BannerType2>1920x1080</BannerType2>
  <Colors>|220,29,45|16,16,18|187,201,214|</Colors>
  <Language>en</Language>
  <Rating>7.4545</Rating>
  <RatingCount>11</RatingCount>
  <SeriesName>false</SeriesName>
  <ThumbnailPath>_cache/fanart/original/80349-3.jpg</ThumbnailPath>
  <VignettePath>fanart/vignette/80349-3.jpg</VignettePath>
</Banner>
<Banner>
  <id>839241</id>
  <BannerPath>fanart/original/80349-41.jpg</BannerPath>
  <BannerType>fanart</BannerType>
  <BannerType2>1920x1080</BannerType2>
  <Colors></Colors>
  <Language>en</Language>
  <Rating>7.4286</Rating>
  <RatingCount>7</RatingCount>
  <SeriesName>false</SeriesName>
  <ThumbnailPath>_cache/fanart/original/80349-41.jpg</ThumbnailPath>
  <VignettePath>fanart/vignette/80349-41.jpg</VignettePath>
</Banner>
<Banner>
  <id>31218</id>
  <BannerPath>fanart/original/80349-19.jpg</BannerPath>
  <BannerType>fanart</BannerType>
  <BannerType2>1920x1080</BannerType2>
  <Colors>|255,255,255|77,18,14|213,108,43|</Colors>
  <Language>en</Language>
  <Rating>7.3636</Rating>
  <RatingCount>11</RatingCount>
  <SeriesName>false</SeriesName>
  <ThumbnailPath>_cache/fanart/original/80349-19.jpg</ThumbnailPath>
  <VignettePath>fanart/vignette/80349-19.jpg</VignettePath>
</Banner>
<Banner>
  <id>39903</id>
  <BannerPath>fanart/original/80349-23.jpg</BannerPath>
  <BannerType>fanart</BannerType>
  <BannerType2>1920x1080</BannerType2>
  <Colors></Colors>
  <Language>en</Language>
  <Rating>7.3333</Rating>
  <RatingCount>6</RatingCount>
  <SeriesName>false</SeriesName>
  <ThumbnailPath>_cache/fanart/original/80349-23.jpg</ThumbnailPath>
  <VignettePath>fanart/vignette/80349-23.jpg</VignettePath>
</Banner>
<Banner>
  <id>265531</id>
  <BannerPath>fanart/original/80349-39.jpg</BannerPath>
  <BannerType>fanart</BannerType>
  <BannerType2>1920x1080</BannerType2>
  <Colors></Colors>
  <Language>en</Language>
  <Rating>7.3333</Rating>
  <RatingCount>9</RatingCount>
  <SeriesName>false</SeriesName>
  <ThumbnailPath>_cache/fanart/original/80349-39.jpg</ThumbnailPath>
  <VignettePath>fanart/vignette/80349-39.jpg</VignettePath>
</Banner>
<Banner>
  <id>839251</id>
  <BannerPath>fanart/original/80349-42.jpg</BannerPath>
  <BannerType>fanart</BannerType>
  <BannerType2>1920x1080</BannerType2>
  <Colors></Colors>
  <Language>en</Language>
  <Rating>7.3333</Rating>
  <RatingCount>6</RatingCount>
  <SeriesName>false</SeriesName>
  <ThumbnailPath>_cache/fanart/original/80349-42.jpg</ThumbnailPath>
  <VignettePath>fanart/vignette/80349-42.jpg</VignettePath>
</Banner>
<Banner>
  <id>233891</id>
  <BannerPath>fanart/original/80349-32.jpg</BannerPath>
  <BannerType>fanart</BannerType>
  <BannerType2>1920x1080</BannerType2>
  <Colors></Colors>
  <Language>en</Language>
  <Rating>7.2857</Rating>
  <RatingCount>7</RatingCount>
  <SeriesName>false</SeriesName>
  <ThumbnailPath>_cache/fanart/original/80349-32.jpg</ThumbnailPath>
  <VignettePath>fanart/vignette/80349-32.jpg</VignettePath>
</Banner>
<Banner>
  <id>25893</id>
  <BannerPath>fanart/original/80349-12.jpg</BannerPath>
  <BannerType>fanart</BannerType>
  <BannerType2>1920x1080</BannerType2>
  <Colors>|254,254,254|20,19,25|138,138,138|</Colors>
  <Language>en</Language>
  <Rating>7.2000</Rating>
  <RatingCount>5</RatingCount>
  <SeriesName>false</SeriesName>
  <ThumbnailPath>_cache/fanart/original/80349-12.jpg</ThumbnailPath>
  <VignettePath>fanart/vignette/80349-12.jpg</VignettePath>
</Banner>
<Banner>
  <id>764751</id>
  <BannerPath>fanart/original/80349-31.jpg</BannerPath>
  <BannerType>fanart</BannerType>
  <BannerType2>1920x1080</BannerType2>
  <Colors></Colors>
  <Language>en</Language>
  <Rating>7.1429</Rating>
  <RatingCount>7</RatingCount>
  <SeriesName>false</SeriesName>
  <ThumbnailPath>_cache/fanart/original/80349-31.jpg</ThumbnailPath>
  <VignettePath>fanart/vignette/80349-31.jpg</VignettePath>
</Banner>
<Banner>
  <id>21032</id>
  <BannerPath>fanart/original/80349-5.jpg</BannerPath>
  <BannerType>fanart</BannerType>
  <BannerType2>1280x720</BannerType2>
  <Colors>|255,226,216|0,49,53|55,122,128|</Colors>
  <Language>en</Language>
  <Rating>7.0000</Rating>
  <RatingCount>2</RatingCount>
  <SeriesName>false</SeriesName>
  <ThumbnailPath>_cache/fanart/original/80349-5.jpg</ThumbnailPath>
  <VignettePath>fanart/vignette/80349-5.jpg</VignettePath>
</Banner>
<Banner>
  <id>251671</id>
  <BannerPath>fanart/original/80349-37.jpg</BannerPath>
  <BannerType>fanart</BannerType>
  <BannerType2>1280x720</BannerType2>
  <Colors></Colors>
  <Language>en</Language>
  <Rating>7.0000</Rating>
  <RatingCount>2</RatingCount>
  <SeriesName>false</SeriesName>
  <ThumbnailPath>_cache/fanart/original/80349-37.jpg</ThumbnailPath>
  <VignettePath>fanart/vignette/80349-37.jpg</VignettePath>
</Banner>
<Banner>
  <id>27679</id>
  <BannerPath>fanart/original/80349-15.jpg</BannerPath>
  <BannerType>fanart</BannerType>
  <BannerType2>1280x720</BannerType2>
  <Colors>|245,234,212|24,23,19|199,182,152|</Colors>
  <Language>en</Language>
  <Rating>7.0000</Rating>
  <RatingCount>6</RatingCount>
  <SeriesName>false</SeriesName>
  <ThumbnailPath>_cache/fanart/original/80349-15.jpg</ThumbnailPath>
  <VignettePath>fanart/vignette/80349-15.jpg</VignettePath>
</Banner>
<Banner>
  <id>888133</id>
  <BannerPath>fanart/original/80349-44.jpg</BannerPath>
  <BannerType>fanart</BannerType>
  <BannerType2>1920x1080</BannerType2>
  <Colors></Colors>
  <Language>en</Language>
  <Rating>7.0000</Rating>
  <RatingCount>2</RatingCount>
  <SeriesName>false</SeriesName>
  <ThumbnailPath>_cache/fanart/original/80349-44.jpg</ThumbnailPath>
  <VignettePath>fanart/vignette/80349-44.jpg</VignettePath>
</Banner>
<Banner>
  <id>31340</id>
  <BannerPath>fanart/original/80349-21.jpg</BannerPath>
  <BannerType>fanart</BannerType>
  <BannerType2>1920x1080</BannerType2>
  <Colors>|238,229,224|16,24,27|202,20,35|</Colors>
  <Language>en</Language>
  <Rating>7.0000</Rating>
  <RatingCount>6</RatingCount>
  <SeriesName>false</SeriesName>
  <ThumbnailPath>_cache/fanart/original/80349-21.jpg</ThumbnailPath>
  <VignettePath>fanart/vignette/80349-21.jpg</VignettePath>
</Banner>
<Banner>
  <id>877424</id>
  <BannerPath>fanart/original/80349-14.jpg</BannerPath>
  <BannerType>fanart</BannerType>
  <BannerType2>1920x1080</BannerType2>
  <Colors></Colors>
  <Language>en</Language>
  <Rating>7.0000</Rating>
  <RatingCount>3</RatingCount>
  <SeriesName>true</SeriesName>
  <ThumbnailPath>_cache/fanart/original/80349-14.jpg</ThumbnailPath>
  <VignettePath>fanart/vignette/80349-14.jpg</VignettePath>
</Banner>
<Banner>
  <id>23332</id>
  <BannerPath>fanart/original/80349-11.jpg</BannerPath>
  <BannerType>fanart</BannerType>
  <BannerType2>1920x1080</BannerType2>
  <Colors>|200,223,237|72,36,24|180,177,80|</Colors>
  <Language>en</Language>
  <Rating>6.9231</Rating>
  <RatingCount>13</RatingCount>
  <SeriesName>false</SeriesName>
  <ThumbnailPath>_cache/fanart/original/80349-11.jpg</ThumbnailPath>
  <VignettePath>fanart/vignette/80349-11.jpg</VignettePath>
</Banner>
<Banner>
  <id>30230</id>
  <BannerPath>fanart/original/80349-18.jpg</BannerPath>
  <BannerType>fanart</BannerType>
  <BannerType2>1920x1080</BannerType2>
  <Colors>|224,244,251|4,25,70|109,172,216|</Colors>
  <Language>en</Language>
  <Rating>6.9167</Rating>
  <RatingCount>12</RatingCount>
  <SeriesName>false</SeriesName>
  <ThumbnailPath>_cache/fanart/original/80349-18.jpg</ThumbnailPath>
  <VignettePath>fanart/vignette/80349-18.jpg</VignettePath>
</Banner>
<Banner>
  <id>23017</id>
  <BannerPath>fanart/original/80349-8.jpg</BannerPath>
  <BannerType>fanart</BannerType>
  <BannerType2>1280x720</BannerType2>
  <Colors>|226,226,228|28,28,30|142,142,142|</Colors>
  <Language>en</Language>
  <Rating>6.6667</Rating>
  <RatingCount>6</RatingCount>
  <SeriesName>false</SeriesName>
  <ThumbnailPath>_cache/fanart/original/80349-8.jpg</ThumbnailPath>
  <VignettePath>fanart/vignette/80349-8.jpg</VignettePath>
</Banner>
<Banner>
  <id>233871</id>
  <BannerPath>fanart/original/80349-33.jpg</BannerPath>
  <BannerType>fanart</BannerType>
  <BannerType2>1920x1080</BannerType2>
  <Colors></Colors>
  <Language>en</Language>
  <Rating>6.5000</Rating>
  <RatingCount>2</RatingCount>
  <SeriesName>false</SeriesName>
  <ThumbnailPath>_cache/fanart/original/80349-33.jpg</ThumbnailPath>
  <VignettePath>fanart/vignette/80349-33.jpg</VignettePath>
</Banner>
<Banner>
  <id>251661</id>
  <BannerPath>fanart/original/80349-36.jpg</BannerPath>
  <BannerType>fanart</BannerType>
  <BannerType2>1280x720</BannerType2>
  <Colors></Colors>
  <Language>en</Language>
  <Rating>6.5000</Rating>
  <RatingCount>2</RatingCount>
  <SeriesName>false</SeriesName>
  <ThumbnailPath>_cache/fanart/original/80349-36.jpg</ThumbnailPath>
  <VignettePath>fanart/vignette/80349-36.jpg</VignettePath>
</Banner>
<Banner>
  <id>26502</id>
  <BannerPath>fanart/original/80349-13.jpg</BannerPath>
  <BannerType>fanart</BannerType>
  <BannerType2>1920x1080</BannerType2>
  <Colors>|229,231,226|27,23,22|167,205,214|</Colors>
  <Language>en</Language>
  <Rating>6.4286</Rating>
  <RatingCount>7</RatingCount>
  <SeriesName>false</SeriesName>
  <ThumbnailPath>_cache/fanart/original/80349-13.jpg</ThumbnailPath>
  <VignettePath>fanart/vignette/80349-13.jpg</VignettePath>
</Banner>
<Banner>
  <id>31339</id>
  <BannerPath>fanart/original/80349-20.jpg</BannerPath>
  <BannerType>fanart</BannerType>
  <BannerType2>1920x1080</BannerType2>
  <Colors>|240,232,211|21,31,33|221,199,160|</Colors>
  <Language>en</Language>
  <Rating>6.4000</Rating>
  <RatingCount>5</RatingCount>
  <SeriesName>false</SeriesName>
  <ThumbnailPath>_cache/fanart/original/80349-20.jpg</ThumbnailPath>
  <VignettePath>fanart/vignette/80349-20.jpg</VignettePath>
</Banner>
<Banner>
  <id>20170</id>
  <BannerPath>fanart/original/80349-1.jpg</BannerPath>
  <BannerType>fanart</BannerType>
  <BannerType2>1920x1080</BannerType2>
  <Colors>|176,212,224|52,25,16|146,145,53|</Colors>
  <Language>en</Language>
  <Rating>6.2500</Rating>
  <RatingCount>4</RatingCount>
  <SeriesName>false</SeriesName>
  <ThumbnailPath>_cache/fanart/original/80349-1.jpg</ThumbnailPath>
  <VignettePath>fanart/vignette/80349-1.jpg</VignettePath>
</Banner>
<Banner>
  <id>21033</id>
  <BannerPath>fanart/original/80349-6.jpg</BannerPath>
  <BannerType>fanart</BannerType>
  <BannerType2>1280x720</BannerType2>
  <Colors>|252,243,238|7,48,54|45,122,128|</Colors>
  <Language>en</Language>
  <Rating>6.2500</Rating>
  <RatingCount>4</RatingCount>
  <SeriesName>false</SeriesName>
  <ThumbnailPath>_cache/fanart/original/80349-6.jpg</ThumbnailPath>
  <VignettePath>fanart/vignette/80349-6.jpg</VignettePath>
</Banner>
<Banner>
  <id>20464</id>
  <BannerPath>fanart/original/80349-4.jpg</BannerPath>
  <BannerType>fanart</BannerType>
  <BannerType2>1280x720</BannerType2>
  <Colors>|255,244,238|50,107,127|3,62,68|</Colors>
  <Language>en</Language>
  <Rating>6.2000</Rating>
  <RatingCount>5</RatingCount>
  <SeriesName>false</SeriesName>
  <ThumbnailPath>_cache/fanart/original/80349-4.jpg</ThumbnailPath>
  <VignettePath>fanart/vignette/80349-4.jpg</VignettePath>
</Banner>
<Banner>
  <id>23331</id>
  <BannerPath>fanart/original/80349-10.jpg</BannerPath>
  <BannerType>fanart</BannerType>
  <BannerType2>1920x1080</BannerType2>
  <Colors>|199,195,106|41,20,15|97,90,36|</Colors>
  <Language>en</Language>
  <Rating>6.2000</Rating>
  <RatingCount>5</RatingCount>
  <SeriesName>false</SeriesName>
  <ThumbnailPath>_cache/fanart/original/80349-10.jpg</ThumbnailPath>
  <VignettePath>fanart/vignette/80349-10.jpg</VignettePath>
</Banner>
<Banner>
  <id>251631</id>
  <BannerPath>fanart/original/80349-22.jpg</BannerPath>
  <BannerType>fanart</BannerType>
  <BannerType2>1280x720</BannerType2>
  <Colors></Colors>
  <Language>en</Language>
  <Rating>6.0000</Rating>
  <RatingCount>2</RatingCount>
  <SeriesName>false</SeriesName>
  <ThumbnailPath>_cache/fanart/original/80349-22.jpg</ThumbnailPath>
  <VignettePath>fanart/vignette/80349-22.jpg</VignettePath>
</Banner>
<Banner>
  <id>251641</id>
  <BannerPath>fanart/original/80349-24.jpg</BannerPath>
  <BannerType>fanart</BannerType>
  <BannerType2>1280x720</BannerType2>
  <Colors></Colors>
  <Language>en</Language>
  <Rating>6.0000</Rating>
  <RatingCount>1</RatingCount>
  <SeriesName>false</SeriesName>
  <ThumbnailPath>_cache/fanart/original/80349-24.jpg</ThumbnailPath>
  <VignettePath>fanart/vignette/80349-24.jpg</VignettePath>
</Banner>
<Banner>
  <id>251651</id>
  <BannerPath>fanart/original/80349-35.jpg</BannerPath>
  <BannerType>fanart</BannerType>
  <BannerType2>1280x720</BannerType2>
  <Colors></Colors>
  <Language>en</Language>
  <Rating>6.0000</Rating>
  <RatingCount>1</RatingCount>
  <SeriesName>false</SeriesName>
  <ThumbnailPath>_cache/fanart/original/80349-35.jpg</ThumbnailPath>
  <VignettePath>fanart/vignette/80349-35.jpg</VignettePath>
</Banner>
<Banner>
  <id>23126</id>
  <BannerPath>fanart/original/80349-9.jpg</BannerPath>
  <BannerType>fanart</BannerType>
  <BannerType2>1280x720</BannerType2>
  <Colors>|217,188,190|16,19,26|190,164,137|</Colors>
  <Language>en</Language>
  <Rating>5.7500</Rating>
  <RatingCount>4</RatingCount>
  <SeriesName>false</SeriesName>
  <ThumbnailPath>_cache/fanart/original/80349-9.jpg</ThumbnailPath>
  <VignettePath>fanart/vignette/80349-9.jpg</VignettePath>
</Banner>
<Banner>
  <id>233881</id>
  <BannerPath>fanart/original/80349-34.jpg</BannerPath>
  <BannerType>fanart</BannerType>
  <BannerType2>1920x1080</BannerType2>
  <Colors></Colors>
  <Language>en</Language>
  <Rating>5.0000</Rating>
  <RatingCount>3</RatingCount>
  <SeriesName>false</SeriesName>
  <ThumbnailPath>_cache/fanart/original/80349-34.jpg</ThumbnailPath>
  <VignettePath>fanart/vignette/80349-34.jpg</VignettePath>
</Banner>
<Banner>
  <id>99711</id>
  <BannerPath>fanart/original/80349-25.jpg</BannerPath>
  <BannerType>fanart</BannerType>
  <BannerType2>1280x720</BannerType2>
  <Colors></Colors>
  <Language>en</Language>
  <Rating>4.6000</Rating>
  <RatingCount>5</RatingCount>
  <SeriesName>true</SeriesName>
  <ThumbnailPath>_cache/fanart/original/80349-25.jpg</ThumbnailPath>
  <VignettePath>fanart/vignette/80349-25.jpg</VignettePath>
</Banner>
<Banner>
  <id>21034</id>
  <BannerPath>fanart/original/80349-7.jpg</BannerPath>
  <BannerType>fanart</BannerType>
  <BannerType2>1280x720</BannerType2>
  <Colors>|235,216,202|3,40,46|54,129,135|</Colors>
  <Language>en</Language>
  <Rating>4.0000</Rating>
  <RatingCount>2</RatingCount>
  <SeriesName>false</SeriesName>
  <ThumbnailPath>_cache/fanart/original/80349-7.jpg</ThumbnailPath>
  <VignettePath>fanart/vignette/80349-7.jpg</VignettePath>
</Banner>
<Banner>
  <id>166901</id>
  <BannerPath>fanart/original/80349-27.jpg</BannerPath>
  <BannerType>fanart</BannerType>
  <BannerType2>1280x720</BannerType2>
  <Colors></Colors>
  <Language>en</Language>
  <Rating>1.0000</Rating>
  <RatingCount>1</RatingCount>
  <SeriesName>true</SeriesName>
  <ThumbnailPath>_cache/fanart/original/80349-27.jpg</ThumbnailPath>
  <VignettePath>fanart/vignette/80349-27.jpg</VignettePath>
</Banner>
<Banner>
  <id>166911</id>
  <BannerPath>fanart/original/80349-28.jpg</BannerPath>
  <BannerType>fanart</BannerType>
  <BannerType2>1280x720</BannerType2>
  <Colors></Colors>
  <Language>en</Language>
  <Rating>1.0000</Rating>
  <RatingCount>1</RatingCount>
  <SeriesName>true</SeriesName>
  <ThumbnailPath>_cache/fanart/original/80349-28.jpg</ThumbnailPath>
  <VignettePath>fanart/vignette/80349-28.jpg</VignettePath>
</Banner>
<Banner>
  <id>241121</id>
  <BannerPath>fanart/original/80349-2.jpg</BannerPath>
  <BannerType>fanart</BannerType>
  <BannerType2>1280x720</BannerType2>
  <Colors>|255,255,255|157,213,238|0,4,3|</Colors>
  <Language>en</Language>
  <Rating>1.0000</Rating>
  <RatingCount>1</RatingCount>
  <SeriesName>true</SeriesName>
  <ThumbnailPath>_cache/fanart/original/80349-2.jpg</ThumbnailPath>
  <VignettePath>fanart/vignette/80349-2.jpg</VignettePath>
</Banner>
<Banner>
  <id>166891</id>
  <BannerPath>fanart/original/80349-26.jpg</BannerPath>
  <BannerType>fanart</BannerType>
  <BannerType2>1280x720</BannerType2>
  <Colors>|132,167,171|254,255,255|19,14,18|</Colors>
  <Language>en</Language>
  <Rating>1.0000</Rating>
  <RatingCount>1</RatingCount>
  <SeriesName>true</SeriesName>
  <ThumbnailPath>_cache/fanart/original/80349-26.jpg</ThumbnailPath>
  <VignettePath>fanart/vignette/80349-26.jpg</VignettePath>
</Banner>
<Banner>
  <id>265521</id>
  <BannerPath>fanart/original/80349-38.jpg</BannerPath>
  <BannerType>fanart</BannerType>
  <BannerType2>1920x1080</BannerType2>
  <Colors></Colors>
  <Language>en</Language>
  <Rating></Rating>
  <RatingCount>0</RatingCount>
  <SeriesName>false</SeriesName>
  <ThumbnailPath>_cache/fanart/original/80349-38.jpg</ThumbnailPath>
  <VignettePath>fanart/vignette/80349-38.jpg</VignettePath>
</Banner>
<Banner>
  <id>878831</id>
  <BannerPath>fanart/original/80349-43.jpg</BannerPath>
  <BannerType>fanart</BannerType>
  <BannerType2>1920x1080</BannerType2>
  <Colors></Colors>
  <Language>en</Language>
  <Rating></Rating>
  <RatingCount>0</RatingCount>
  <SeriesName>true</SeriesName>
  <ThumbnailPath>_cache/fanart/original/80349-43.jpg</ThumbnailPath>
  <VignettePath>fanart/vignette/80349-43.jpg</VignettePath>
</Banner>
<Banner>
  <id>251621</id>
  <BannerPath>fanart/original/80349-17.jpg</BannerPath>
  <BannerType>fanart</BannerType>
  <BannerType2>1280x720</BannerType2>
  <Colors></Colors>
  <Language>en</Language>
  <Rating></Rating>
  <RatingCount>0</RatingCount>
  <SeriesName>false</SeriesName>
  <ThumbnailPath>_cache/fanart/original/80349-17.jpg</ThumbnailPath>
  <VignettePath>fanart/vignette/80349-17.jpg</VignettePath>
</Banner>
<Banner>
  <id>251611</id>
  <BannerPath>fanart/original/80349-16.jpg</BannerPath>
  <BannerType>fanart</BannerType>
  <BannerType2>1280x720</BannerType2>
  <Colors></Colors>
  <Language>en</Language>
  <Rating></Rating>
  <RatingCount>0</RatingCount>
  <SeriesName>false</SeriesName>
  <ThumbnailPath>_cache/fanart/original/80349-16.jpg</ThumbnailPath>
  <VignettePath>fanart/vignette/80349-16.jpg</VignettePath>
</Banner>
<Banner>
  <id>31219</id>
  <BannerPath>posters/80349-5.jpg</BannerPath>
  <BannerType>poster</BannerType>
  <BannerType2>680x1000</BannerType2>
  <Language>en</Language>
  <Rating>7.7500</Rating>
  <RatingCount>12</RatingCount>
</Banner>
<Banner>
  <id>265511</id>
  <BannerPath>posters/80349-7.jpg</BannerPath>
  <BannerType>poster</BannerType>
  <BannerType2>680x1000</BannerType2>
  <Language>en</Language>
  <Rating>7.0909</Rating>
  <RatingCount>11</RatingCount>
</Banner>
<Banner>
  <id>891251</id>
  <BannerPath>posters/80349-12.jpg</BannerPath>
  <BannerType>poster</BannerType>
  <BannerType2>680x1000</BannerType2>
  <Language>en</Language>
  <Rating>7.0000</Rating>
  <RatingCount>6</RatingCount>
</Banner>
<Banner>
  <id>27682</id>
  <BannerPath>posters/80349-4.jpg</BannerPath>
  <BannerType>poster</BannerType>
  <BannerType2>680x1000</BannerType2>
  <Language>en</Language>
  <Rating>6.3333</Rating>
  <RatingCount>3</RatingCount>
</Banner>
<Banner>
  <id>35636</id>
  <BannerPath>posters/80349-6.jpg</BannerPath>
  <BannerType>poster</BannerType>
  <BannerType2>680x1000</BannerType2>
  <Language>en</Language>
  <Rating>6.1250</Rating>
  <RatingCount>8</RatingCount>
</Banner>
<Banner>
  <id>26270</id>
  <BannerPath>posters/80349-2.jpg</BannerPath>
  <BannerType>poster</BannerType>
  <BannerType2>680x1000</BannerType2>
  <Language>en</Language>
  <Rating>5.8333</Rating>
  <RatingCount>6</RatingCount>
</Banner>
<Banner>
  <id>26396</id>
  <BannerPath>posters/80349-3.jpg</BannerPath>
  <BannerType>poster</BannerType>
  <BannerType2>680x1000</BannerType2>
  <Language>en</Language>
  <Rating>5.6667</Rating>
  <RatingCount>3</RatingCount>
</Banner>
<Banner>
  <id>934281</id>
  <BannerPath>posters/80349-13.jpg</BannerPath>
  <BannerType>poster</BannerType>
  <BannerType2>680x1000</BannerType2>
  <Language>en</Language>
  <Rating>5.5000</Rating>
  <RatingCount>2</RatingCount>
</Banner>
<Banner>
  <id>940495</id>
  <BannerPath>posters/80349-14.jpg</BannerPath>
  <BannerType>poster</BannerType>
  <BannerType2>680x1000</BannerType2>
  <Language>en</Language>
  <Rating>5.5000</Rating>
  <RatingCount>2</RatingCount>
</Banner>
<Banner>
  <id>411721</id>
  <BannerPath>posters/80349-8.jpg</BannerPath>
  <BannerType>poster</BannerType>
  <BannerType2>680x1000</BannerType2>
  <Language>en</Language>
  <Rating>5.1667</Rating>
  <RatingCount>6</RatingCount>
</Banner>
<Banner>
  <id>888131</id>
  <BannerPath>posters/80349-11.jpg</BannerPath>
  <BannerType>poster</BannerType>
  <BannerType2>680x1000</BannerType2>
  <Language>en</Language>
  <Rating>5.0000</Rating>
  <RatingCount>1</RatingCount>
</Banner>
<Banner>
  <id>25433</id>
  <BannerPath>posters/80349-1.jpg</BannerPath>
  <BannerType>poster</BannerType>
  <BannerType2>680x1000</BannerType2>
  <Language>en</Language>
  <Rating>4.5000</Rating>
  <RatingCount>2</RatingCount>
</Banner>
<Banner>
  <id>861687</id>
  <BannerPath>posters/80349-10.jpg</BannerPath>
  <BannerType>poster</BannerType>
  <BannerType2>680x1000</BannerType2>
  <Language>en</Language>
  <Rating>4.0000</Rating>
  <RatingCount>2</RatingCount>
</Banner>
<Banner>
  <id>801391</id>
  <BannerPath>posters/80349-9.jpg</BannerPath>
  <BannerType>poster</BannerType>
  <BannerType2>680x1000</BannerType2>
  <Language>en</Language>
  <Rating>1.0000</Rating>
  <RatingCount>1</RatingCount>
</Banner>
<Banner>
  <id>901485</id>
  <BannerPath>seasons/80349-2-12.jpg</BannerPath>
  <BannerType>season</BannerType>
  <BannerType2>season</BannerType2>
  <Language>en</Language>
  <Rating>10.0000</Rating>
  <RatingCount>3</RatingCount>
  <Season>2</Season>
</Banner>
<Banner>
  <id>945991</id>
  <BannerPath>seasons/80349-6-2.jpg</BannerPath>
  <BannerType>season</BannerType>
  <BannerType2>season</BannerType2>
  <Language>en</Language>
  <Rating>10.0000</Rating>
  <RatingCount>2</RatingCount>
  <Season>6</Season>
</Banner>
<Banner>
  <id>926466</id>
  <BannerPath>seasons/80349-5-6.jpg</BannerPath>
  <BannerType>season</BannerType>
  <BannerType2>season</BannerType2>
  <Language>en</Language>
  <Rating>10.0000</Rating>
  <RatingCount>2</RatingCount>
  <Season>5</Season>
</Banner>
<Banner>
  <id>901487</id>
  <BannerPath>seasons/80349-4-8.jpg</BannerPath>
  <BannerType>season</BannerType>
  <BannerType2>season</BannerType2>
  <Language>en</Language>
  <Rating>10.0000</Rating>
  <RatingCount>3</RatingCount>
  <Season>4</Season>
</Banner>
<Banner>
  <id>895441</id>
  <BannerPath>seasons/80349-0.jpg</BannerPath>
  <BannerType>season</BannerType>
  <BannerType2>season</BannerType2>
  <Language>he</Language>
  <Rating>10.0000</Rating>
  <RatingCount>1</RatingCount>
  <Season>0</Season>
</Banner>
<Banner>
  <id>901486</id>
  <BannerPath>seasons/80349-3-15.jpg</BannerPath>
  <BannerType>season</BannerType>
  <BannerType2>season</BannerType2>
  <Language>en</Language>
  <Rating>9.5000</Rating>
  <RatingCount>4</RatingCount>
  <Season>3</Season>
</Banner>
<Banner>
  <id>721881</id>
  <BannerPath>seasons/80349-4-2.jpg</BannerPath>
  <BannerType>season</BannerType>
  <BannerType2>season</BannerType2>
  <Language>en</Language>
  <Rating>9.0000</Rating>
  <RatingCount>2</RatingCount>
  <Season>4</Season>
</Banner>
<Banner>
  <id>901484</id>
  <BannerPath>seasons/80349-1-15.jpg</BannerPath>
  <BannerType>season</BannerType>
  <BannerType2>season</BannerType2>
  <Language>en</Language>
  <Rating>9.0000</Rating>
  <RatingCount>3</RatingCount>
  <Season>1</Season>
</Banner>
<Banner>
  <id>721911</id>
  <BannerPath>seasons/80349-1-5.jpg</BannerPath>
  <BannerType>season</BannerType>
  <BannerType2>season</BannerType2>
  <Language>en</Language>
  <Rating>9.0000</Rating>
  <RatingCount>4</RatingCount>
  <Season>1</Season>
</Banner>
<Banner>
  <id>483941</id>
  <BannerPath>seasons/80349-3-2.jpg</BannerPath>
  <BannerType>season</BannerType>
  <BannerType2>season</BannerType2>
  <Language>en</Language>
  <Rating>8.5000</Rating>
  <RatingCount>2</RatingCount>
  <Season>3</Season>
</Banner>
<Banner>
  <id>721921</id>
  <BannerPath>seasons/80349-3-3.jpg</BannerPath>
  <BannerType>season</BannerType>
  <BannerType2>season</BannerType2>
  <Language>en</Language>
  <Rating>8.2000</Rating>
  <RatingCount>5</RatingCount>
  <Season>3</Season>
</Banner>
<Banner>
  <id>764561</id>
  <BannerPath>seasons/80349-3-4.jpg</BannerPath>
  <BannerType>season</BannerType>
  <BannerType2>season</BannerType2>
  <Language>en</Language>
  <Rating>8.0000</Rating>
  <RatingCount>2</RatingCount>
  <Season>3</Season>
</Banner>
<Banner>
  <id>881413</id>
  <BannerPath>seasons/80349-4-5.jpg</BannerPath>
  <BannerType>season</BannerType>
  <BannerType2>season</BannerType2>
  <Language>en</Language>
  <Rating>8.0000</Rating>
  <RatingCount>1</RatingCount>
  <Season>4</Season>
</Banner>
<Banner>
  <id>881412</id>
  <BannerPath>seasons/80349-4-4.jpg</BannerPath>
  <BannerType>season</BannerType>
  <BannerType2>season</BannerType2>
  <Language>en</Language>
  <Rating>8.0000</Rating>
  <RatingCount>1</RatingCount>
  <Season>4</Season>
</Banner>
<Banner>
  <id>901488</id>
  <BannerPath>seasons/80349-5-5.jpg</BannerPath>
  <BannerType>season</BannerType>
  <BannerType2>season</BannerType2>
  <Language>en</Language>
  <Rating>7.7500</Rating>
  <RatingCount>4</RatingCount>
  <Season>5</Season>
</Banner>
<Banner>
  <id>15189</id>
  <BannerPath>seasons/80349-1.jpg</BannerPath>
  <BannerType>season</BannerType>
  <BannerType2>season</BannerType2>
  <Language>en</Language>
  <Rating>7.6000</Rating>
  <RatingCount>5</RatingCount>
  <Season>1</Season>
</Banner>
<Banner>
  <id>30233</id>
  <BannerPath>seasons/80349-2-3.jpg</BannerPath>
  <BannerType>season</BannerType>
  <BannerType2>season</BannerType2>
  <Language>en</Language>
  <Rating>7.5000</Rating>
  <RatingCount>4</RatingCount>
  <Season>2</Season>
</Banner>
<Banner>
  <id>16718</id>
  <BannerPath>seasons/80349-1-2.jpg</BannerPath>
  <BannerType>season</BannerType>
  <BannerType2>season</BannerType2>
  <Language>en</Language>
  <Rating>7.3333</Rating>
  <RatingCount>6</RatingCount>
  <Season>1</Season>
</Banner>
<Banner>
  <id>721901</id>
  <BannerPath>seasons/80349-2-4.jpg</BannerPath>
  <BannerType>season</BannerType>
  <BannerType2>season</BannerType2>
  <Language>en</Language>
  <Rating>7.0000</Rating>
  <RatingCount>1</RatingCount>
  <Season>2</Season>
</Banner>
<Banner>
  <id>22047</id>
  <BannerPath>seasons/80349-1-4.jpg</BannerPath>
  <BannerType>season</BannerType>
  <BannerType2>season</BannerType2>
  <Language>en</Language>
  <Rating>6.8333</Rating>
  <RatingCount>6</RatingCount>
  <Season>1</Season>
</Banner>
<Banner>
  <id>892701</id>
  <BannerPath>seasons/80349-5-2.jpg</BannerPath>
  <BannerType>season</BannerType>
  <BannerType2>season</BannerType2>
  <Language>en</Language>
  <Rating>6.8333</Rating>
  <RatingCount>6</RatingCount>
  <Season>5</Season>
</Banner>
<Banner>
  <id>863330</id>
  <BannerPath>seasons/80349-1-7.jpg</BannerPath>
  <BannerType>season</BannerType>
  <BannerType2>season</BannerType2>
  <Language>fr</Language>
  <Rating>6.5000</Rating>
  <RatingCount>2</RatingCount>
  <Season>1</Season>
</Banner>
<Banner>
  <id>863331</id>
  <BannerPath>seasons/80349-2-6.jpg</BannerPath>
  <BannerType>season</BannerType>
  <BannerType2>season</BannerType2>
  <Language>fr</Language>
  <Rating>6.0000</Rating>
  <RatingCount>2</RatingCount>
  <Season>2</Season>
</Banner>
<Banner>
  <id>863332</id>
  <BannerPath>seasons/80349-3-5.jpg</BannerPath>
  <BannerType>season</BannerType>
  <BannerType2>season</BannerType2>
  <Language>fr</Language>
  <Rating>6.0000</Rating>
  <RatingCount>2</RatingCount>
  <Season>3</Season>
</Banner>
<Banner>
  <id>29575</id>
  <BannerPath>seasons/80349-2-2.jpg</BannerPath>
  <BannerType>season</BannerType>
  <BannerType2>season</BannerType2>
  <Language>en</Language>
  <Rating>6.0000</Rating>
  <RatingCount>3</RatingCount>
  <Season>2</Season>
</Banner>
<Banner>
  <id>29574</id>
  <BannerPath>seasons/80349-2.jpg</BannerPath>
  <BannerType>season</BannerType>
  <BannerType2>season</BannerType2>
  <Language>en</Language>
  <Rating>5.7500</Rating>
  <RatingCount>4</RatingCount>
  <Season>2</Season>
</Banner>
<Banner>
  <id>764551</id>
  <BannerPath>seasons/80349-2-5.jpg</BannerPath>
  <BannerType>season</BannerType>
  <BannerType2>season</BannerType2>
  <Language>en</Language>
  <Rating>5.5000</Rating>
  <RatingCount>2</RatingCount>
  <Season>2</Season>
</Banner>
<Banner>
  <id>764541</id>
  <BannerPath>seasons/80349-1-6.jpg</BannerPath>
  <BannerType>season</BannerType>
  <BannerType2>season</BannerType2>
  <Language>en</Language>
  <Rating>5.5000</Rating>
  <RatingCount>2</RatingCount>
  <Season>1</Season>
</Banner>
<Banner>
  <id>895447</id>
  <BannerPath>seasons/80349-4-6.jpg</BannerPath>
  <BannerType>season</BannerType>
  <BannerType2>season</BannerType2>
  <Language>he</Language>
  <Rating>5.5000</Rating>
  <RatingCount>2</RatingCount>
  <Season>4</Season>
</Banner>
<Banner>
  <id>895445</id>
  <BannerPath>seasons/80349-2-11.jpg</BannerPath>
  <BannerType>season</BannerType>
  <BannerType2>season</BannerType2>
  <Language>he</Language>
  <Rating>5.5000</Rating>
  <RatingCount>2</RatingCount>
  <Season>2</Season>
</Banner>
<Banner>
  <id>888267</id>
  <BannerPath>seasons/80349-5.jpg</BannerPath>
  <BannerType>season</BannerType>
  <BannerType2>season</BannerType2>
  <Language>en</Language>
  <Rating>5.5000</Rating>
  <RatingCount>2</RatingCount>
  <Season>5</Season>
</Banner>
<Banner>
  <id>895442</id>
  <BannerPath>seasons/80349-1-13.jpg</BannerPath>
  <BannerType>season</BannerType>
  <BannerType2>season</BannerType2>
  <Language>he</Language>
  <Rating>5.5000</Rating>
  <RatingCount>2</RatingCount>
  <Season>1</Season>
</Banner>
<Banner>
  <id>20626</id>
  <BannerPath>seasons/80349-1-3.jpg</BannerPath>
  <BannerType>season</BannerType>
  <BannerType2>season</BannerType2>
  <Language>en</Language>
  <Rating>4.2000</Rating>
  <RatingCount>5</RatingCount>
  <Season>1</Season>
</Banner>
<Banner>
  <id>895446</id>
  <BannerPath>seasons/80349-3-13.jpg</BannerPath>
  <BannerType>season</BannerType>
  <BannerType2>season</BannerType2>
  <Language>he</Language>
  <Rating>4.0000</Rating>
  <RatingCount>3</RatingCount>
  <Season>3</Season>
</Banner>
<Banner>
  <id>895448</id>
  <BannerPath>seasons/80349-5-3.jpg</BannerPath>
  <BannerType>season</BannerType>
  <BannerType2>season</BannerType2>
  <Language>he</Language>
  <Rating>3.2500</Rating>
  <RatingCount>4</RatingCount>
  <Season>5</Season>
</Banner>
<Banner>
  <id>895462</id>
  <BannerPath>seasons/80349-4-7.jpg</BannerPath>
  <BannerType>season</BannerType>
  <BannerType2>season</BannerType2>
  <Language>he</Language>
  <Rating>1.0000</Rating>
  <RatingCount>1</RatingCount>
  <Season>4</Season>
</Banner>
<Banner>
  <id>895460</id>
  <BannerPath>seasons/80349-1-14.jpg</BannerPath>
  <BannerType>season</BannerType>
  <BannerType2>season</BannerType2>
  <Language>he</Language>
  <Rating>1.0000</Rating>
  <RatingCount>1</RatingCount>
  <Season>1</Season>
</Banner>
<Banner>
  <id>895463</id>
  <BannerPath>seasons/80349-5-4.jpg</BannerPath>
  <BannerType>season</BannerType>
  <BannerType2>season</BannerType2>
  <Language>he</Language>
  <Rating>1.0000</Rating>
  <RatingCount>3</RatingCount>
  <Season>5</Season>
</Banner>
<Banner>
  <id>895461</id>
  <BannerPath>seasons/80349-3-14.jpg</BannerPath>
  <BannerType>season</BannerType>
  <BannerType2>season</BannerType2>
  <Language>he</Language>
  <Rating>1.0000</Rating>
  <RatingCount>2</RatingCount>
  <Season>3</Season>
</Banner>
<Banner>
  <id>881410</id>
  <BannerPath>seasons/80349-3-12.jpg</BannerPath>
  <BannerType>season</BannerType>
  <BannerType2>season</BannerType2>
  <Language>en</Language>
  <Rating></Rating>
  <RatingCount>0</RatingCount>
  <Season>3</Season>
</Banner>
<Banner>
  <id>881434</id>
  <BannerPath>seasons/80349-3-9.jpg</BannerPath>
  <BannerType>season</BannerType>
  <BannerType2>season</BannerType2>
  <Language>en</Language>
  <Rating></Rating>
  <RatingCount>0</RatingCount>
  <Season>3</Season>
</Banner>
<Banner>
  <id>881411</id>
  <BannerPath>seasons/80349-4-3.jpg</BannerPath>
  <BannerType>season</BannerType>
  <BannerType2>season</BannerType2>
  <Language>en</Language>
  <Rating></Rating>
  <RatingCount>0</RatingCount>
  <Season>4</Season>
</Banner>
<Banner>
  <id>717511</id>
  <BannerPath>seasons/80349-4.jpg</BannerPath>
  <BannerType>season</BannerType>
  <BannerType2>season</BannerType2>
  <Language>en</Language>
  <Rating></Rating>
  <RatingCount>0</RatingCount>
  <Season>4</Season>
</Banner>
<Banner>
  <id>881402</id>
  <BannerPath>seasons/80349-2-8.jpg</BannerPath>
  <BannerType>season</BannerType>
  <BannerType2>season</BannerType2>
  <Language>en</Language>
  <Rating></Rating>
  <RatingCount>0</RatingCount>
  <Season>2</Season>
</Banner>
<Banner>
  <id>881438</id>
  <BannerPath>seasons/80349-1-11.jpg</BannerPath>
  <BannerType>season</BannerType>
  <BannerType2>season</BannerType2>
  <Language>en</Language>
  <Rating></Rating>
  <RatingCount>0</RatingCount>
  <Season>1</Season>
</Banner>
<Banner>
  <id>881404</id>
  <BannerPath>seasons/80349-3-6.jpg</BannerPath>
  <BannerType>season</BannerType>
  <BannerType2>season</BannerType2>
  <Language>en</Language>
  <Rating></Rating>
  <RatingCount>0</RatingCount>
  <Season>3</Season>
</Banner>
<Banner>
  <id>881409</id>
  <BannerPath>seasons/80349-3-11.jpg</BannerPath>
  <BannerType>season</BannerType>
  <BannerType2>season</BannerType2>
  <Language>en</Language>
  <Rating></Rating>
  <RatingCount>0</RatingCount>
  <Season>3</Season>
</Banner>
<Banner>
  <id>881439</id>
  <BannerPath>seasons/80349-1-12.jpg</BannerPath>
  <BannerType>season</BannerType>
  <BannerType2>season</BannerType2>
  <Language>en</Language>
  <Rating></Rating>
  <RatingCount>0</RatingCount>
  <Season>1</Season>
</Banner>
<Banner>
  <id>881437</id>
  <BannerPath>seasons/80349-1-10.jpg</BannerPath>
  <BannerType>season</BannerType>
  <BannerType2>season</BannerType2>
  <Language>en</Language>
  <Rating></Rating>
  <RatingCount>0</RatingCount>
  <Season>1</Season>
</Banner>
<Banner>
  <id>881405</id>
  <BannerPath>seasons/80349-3-7.jpg</BannerPath>
  <BannerType>season</BannerType>
  <BannerType2>season</BannerType2>
  <Language>en</Language>
  <Rating></Rating>
  <RatingCount>0</RatingCount>
  <Season>3</Season>
</Banner>
<Banner>
  <id>881436</id>
  <BannerPath>seasons/80349-1-9.jpg</BannerPath>
  <BannerType>season</BannerType>
  <BannerType2>season</BannerType2>
  <Language>en</Language>
  <Rating></Rating>
  <RatingCount>0</RatingCount>
  <Season>1</Season>
</Banner>
<Banner>
  <id>895459</id>
  <BannerPath>seasons/80349-0-2.jpg</BannerPath>
  <BannerType>season</BannerType>
  <BannerType2>season</BannerType2>
  <Language>he</Language>
  <Rating></Rating>
  <RatingCount>0</RatingCount>
  <Season>0</Season>
</Banner>
<Banner>
  <id>940084</id>
  <BannerPath>seasons/80349-6.jpg</BannerPath>
  <BannerType>season</BannerType>
  <BannerType2>season</BannerType2>
  <Language>en</Language>
  <Rating></Rating>
  <RatingCount>0</RatingCount>
  <Season>6</Season>
</Banner>
<Banner>
  <id>895444</id>
  <BannerPath>seasons/80349-2-10.jpg</BannerPath>
  <BannerType>season</BannerType>
  <BannerType2>season</BannerType2>
  <Language>he</Language>
  <Rating></Rating>
  <RatingCount>0</RatingCount>
  <Season>2</Season>
</Banner>
<Banner>
  <id>881435</id>
  <BannerPath>seasons/80349-1-8.jpg</BannerPath>
  <BannerType>season</BannerType>
  <BannerType2>season</BannerType2>
  <Language>en</Language>
  <Rating></Rating>
  <RatingCount>0</RatingCount>
  <Season>1</Season>
</Banner>
<Banner>
  <id>881408</id>
  <BannerPath>seasons/80349-3-10.jpg</BannerPath>
  <BannerType>season</BannerType>
  <BannerType2>season</BannerType2>
  <Language>en</Language>
  <Rating></Rating>
  <RatingCount>0</RatingCount>
  <Season>3</Season>
</Banner>
<Banner>
  <id>895443</id>
  <BannerPath>seasons/80349-2-7.jpg</BannerPath>
  <BannerType>season</BannerType>
  <BannerType2>season</BannerType2>
  <Language>he</Language>
  <Rating></Rating>
  <RatingCount>0</RatingCount>
  <Season>2</Season>
</Banner>
<Banner>
  <id>214711</id>
  <BannerPath>seasons/80349-3.jpg</BannerPath>
  <BannerType>season</BannerType>
  <BannerType2>season</BannerType2>
  <Language>en</Language>
  <Rating></Rating>
  <RatingCount>0</RatingCount>
  <Season>3</Season>
</Banner>
<Banner>
  <id>881403</id>
  <BannerPath>seasons/80349-2-9.jpg</BannerPath>
  <BannerType>season</BannerType>
  <BannerType2>season</BannerType2>
  <Language>en</Language>
  <Rating></Rating>
  <RatingCount>0</RatingCount>
  <Season>2</Season>
</Banner>
<Banner>
  <id>881406</id>
  <BannerPath>seasons/80349-3-8.jpg</BannerPath>
  <BannerType>season</BannerType>
  <BannerType2>season</BannerType2>
  <Language>en</Language>
  <Rating></Rating>
  <RatingCount>0</RatingCount>
  <Season>3</Season>
</Banner>
<Banner>
  <id>823491</id>
  <BannerPath>seasonswide/80349-4.jpg</BannerPath>
  <BannerType>season</BannerType>
  <BannerType2>seasonwide</BannerType2>
  <Language>de</Language>
  <Rating></Rating>
  <RatingCount>0</RatingCount>
  <Season>4</Season>
</Banner>
<Banner>
  <id>891264</id>
  <BannerPath>graphical/80349-g11.jpg</BannerPath>
  <BannerType>series</BannerType>
  <BannerType2>graphical</BannerType2>
  <Language>en</Language>
  <Rating>8.5000</Rating>
  <RatingCount>2</RatingCount>
</Banner>
<Banner>
  <id>34020</id>
  <BannerPath>graphical/80349-g6.jpg</BannerPath>
  <BannerType>series</BannerType>
  <BannerType2>graphical</BannerType2>
  <Language>en</Language>
  <Rating>7.6190</Rating>
  <RatingCount>21</RatingCount>
</Banner>
<Banner>
  <id>29421</id>
  <BannerPath>graphical/80349-g4.jpg</BannerPath>
  <BannerType>series</BannerType>
  <BannerType2>graphical</BannerType2>
  <Language>en</Language>
  <Rating>7.5000</Rating>
  <RatingCount>16</RatingCount>
</Banner>
<Banner>
  <id>894961</id>
  <BannerPath>graphical/80349-g13.jpg</BannerPath>
  <BannerType>series</BannerType>
  <BannerType2>graphical</BannerType2>
  <Language>en</Language>
  <Rating>7.0000</Rating>
  <RatingCount>2</RatingCount>
</Banner>
<Banner>
  <id>786111</id>
  <BannerPath>graphical/80349-g10.jpg</BannerPath>
  <BannerType>series</BannerType>
  <BannerType2>graphical</BannerType2>
  <Language>en</Language>
  <Rating>7.0000</Rating>
  <RatingCount>5</RatingCount>
</Banner>
<Banner>
  <id>14823</id>
  <BannerPath>graphical/80349-g.jpg</BannerPath>
  <BannerType>series</BannerType>
  <BannerType2>graphical</BannerType2>
  <Language>en</Language>
  <Rating>6.7222</Rating>
  <RatingCount>18</RatingCount>
</Banner>
<Banner>
  <id>14824</id>
  <BannerPath>graphical/80349-g2.jpg</BannerPath>
  <BannerType>series</BannerType>
  <BannerType2>graphical</BannerType2>
  <Language>en</Language>
  <Rating>5.7000</Rating>
  <RatingCount>10</RatingCount>
</Banner>
<Banner>
  <id>29422</id>
  <BannerPath>graphical/80349-g5.jpg</BannerPath>
  <BannerType>series</BannerType>
  <BannerType2>graphical</BannerType2>
  <Language>en</Language>
  <Rating>5.2857</Rating>
  <RatingCount>7</RatingCount>
</Banner>
<Banner>
  <id>25586</id>
  <BannerPath>graphical/80349-g3.jpg</BannerPath>
  <BannerType>series</BannerType>
  <BannerType2>graphical</BannerType2>
  <Language>en</Language>
  <Rating>5.1111</Rating>
  <RatingCount>9</RatingCount>
</Banner>
<Banner>
  <id>722421</id>
  <BannerPath>graphical/80349-g9.jpg</BannerPath>
  <BannerType>series</BannerType>
  <BannerType2>graphical</BannerType2>
  <Language>en</Language>
  <Rating>5.0000</Rating>
  <RatingCount>3</RatingCount>
</Banner>
<Banner>
  <id>935633</id>
  <BannerPath>graphical/80349-g16.jpg</BannerPath>
  <BannerType>series</BannerType>
  <BannerType2>graphical</BannerType2>
  <Language>en</Language>
  <Rating>4.0000</Rating>
  <RatingCount>1</RatingCount>
</Banner>
<Banner>
  <id>15130</id>
  <BannerPath>text/80349.jpg</BannerPath>
  <BannerType>series</BannerType>
  <BannerType2>text</BannerType2>
  <Language>en</Language>
  <Rating>3.5000</Rating>
  <RatingCount>8</RatingCount>
</Banner>
<Banner>
  <id>249041</id>
  <BannerPath>graphical/80349-g8.jpg</BannerPath>
  <BannerType>series</BannerType>
  <BannerType2>graphical</BannerType2>
  <Language>en</Language>
  <Rating>3.2500</Rating>
  <RatingCount>8</RatingCount>
</Banner>
<Banner>
  <id>934286</id>
  <BannerPath>graphical/80349-g15.jpg</BannerPath>
  <BannerType>series</BannerType>
  <BannerType2>graphical</BannerType2>
  <Language>en</Language>
  <Rating>3.0000</Rating>
  <RatingCount>1</RatingCount>
</Banner>
<Banner>
  <id>234761</id>
  <BannerPath>graphical/80349-g7.jpg</BannerPath>
  <BannerType>series</BannerType>
  <BannerType2>graphical</BannerType2>
  <Language>en</Language>
  <Rating>2.6667</Rating>
  <RatingCount>3</RatingCount>
</Banner>
<Banner>
  <id>15131</id>
  <BannerPath>blank/80349.jpg</BannerPath>
  <BannerType>series</BannerType>
  <BannerType2>blank</BannerType2>
  <Language>en</Language>
  <Rating>1.6667</Rating>
  <RatingCount>3</RatingCount>
</Banner>
<Banner>
  <id>933892</id>
  <BannerPath>graphical/80349-g14.jpg</BannerPath>
  <BannerType>series</BannerType>
  <BannerType2>graphical</BannerType2>
  <Language>hu</Language>
  <Rating>1.0000</Rating>
  <RatingCount>1</RatingCount>
</Banner>
<Banner>
  <id>887997</id>
  <BannerPath>graphical/80349-g12.jpg</BannerPath>
  <BannerType>series</BannerType>
  <BannerType2>graphical</BannerType2>
  <Language>he</Language>
  <Rating>1.0000</Rating>
  <RatingCount>1</RatingCount>
</Banner>
<Banner>
  <id>940682</id>
  <BannerPath>graphical/80349-g19.jpg</BannerPath>
  <BannerType>series</BannerType>
  <BannerType2>graphical</BannerType2>
  <Language>en</Language>
  <Rating></Rating>
  <RatingCount>0</RatingCount>
</Banner>
<Banner>
  <id>940680</id>
  <BannerPath>graphical/80349-g17.jpg</BannerPath>
  <BannerType>series</BannerType>
  <BannerType2>graphical</BannerType2>
  <Language>en</Language>
  <Rating></Rating>
  <RatingCount>0</RatingCount>
</Banner>
<Banner>
  <id>940681</id>
  <BannerPath>graphical/80349-g18.jpg</BannerPath>
  <BannerType>series</BannerType>
  <BannerType2>graphical</BannerType2>
  <Language>en</Language>
  <Rating></Rating>
  <RatingCount>0</RatingCount>
</Banner>
</Banners>