<?xml version="1.0" encoding="UTF-8" ?>
<Data><Series>
  <id>80349</id>
  <Actors>|David Duchovny|Natascha McElhone|Evan Handler|Pamela Adlon|Madeleine Martin|Camilla Luddington|Carla Gallo|Madeline Zima|Carla Gugino|Rachel Miner|Addison Timlin |Callum Keith Rennie|Jason Beghe|Stephen Tobolowsky|</Actors>
  <Airs_DayOfWeek>Sunday</Airs_DayOfWeek>
  <Airs_Time>10:30 PM</Airs_Time>
  <ContentRating>TV-MA</ContentRating>
  <FirstAired>2007-08-13</FirstAired>
  <Genre>|Comedy|</Genre>
  <IMDB_ID>tt0904208</IMDB_ID>
  <Language>en</Language>
  <Network>Showtime</Network>
  <NetworkID></NetworkID>
  <Overview>David Duchovny returns to TV with his Golden Globe-winning portrayal of author Hank Moody in the critically-acclaimed Showtime hit Californication. Author Hank Moody's life is spinning gloriously out of control as he juggles his sex and drug addictions while raising a daughter and trying to win back the love of his life in this edgy new series. </Overview>
  <Rating>8.9</Rating>
  <RatingCount>295</RatingCount>
  <Runtime>30</Runtime>
  <SeriesID>68749</SeriesID>
  <SeriesName>Californication</SeriesName>
  <Status>Continuing</Status>
  <added></added>
  <addedBy></addedBy>
  <banner>graphical/80349-g11.jpg</banner>
  <fanart>fanart/original/80349-45.jpg</fanart>
  <lastupdated>1364955138</lastupdated>
  <poster>posters/80349-5.jpg</poster>
  <zap2it_id>SH942836</zap2it_id>
</Series>
<Episode>
  <id>2334731</id>
  <Combined_episodenumber>1</Combined_episodenumber>
  <Combined_season>0</Combined_season>
  <DVD_chapter></DVD_chapter>
  <DVD_discid></DVD_discid>
  <DVD_episodenumber></DVD_episodenumber>
  <DVD_season></DVD_season>
  <Director></Director>
  <EpImgFlag></EpImgFlag>
  <EpisodeName>Heart, Balls &amp; Swagger</EpisodeName>
  <EpisodeNumber>1</EpisodeNumber>
  <FirstAired></FirstAired>
  <GuestStars></GuestStars>
  <IMDB_ID></IMDB_ID>
  <Language>en</Language>
  <Overview></Overview>
  <ProductionCode></ProductionCode>
  <Rating>7.0</Rating>
  <RatingCount>1</RatingCount>
  <SeasonNumber>0</SeasonNumber>
  <Writer></Writer>
  <absolute_number></absolute_number>
  <airsafter_season></airsafter_season>
  <airsbefore_episode></airsbefore_episode>
  <airsbefore_season></airsbefore_season>
  <filename></filename>
  <lastupdated>1275841677</lastupdated>
  <seasonid>27986</seasonid>
  <seriesid>80349</seriesid>
</Episode>
<Episode>
  <id>4106742</id>
  <Combined_episodenumber>2</Combined_episodenumber>
  <Combined_season>0</Combined_season>
  <DVD_chapter></DVD_chapter>
  <DVD_discid></DVD_discid>
  <DVD_episodenumber></DVD_episodenumber>
  <DVD_season></DVD_season>
  <Director></Director>
  <EpImgFlag></EpImgFlag>
  <EpisodeName>Californiaction:  A Sit-Down With David Duchovny</EpisodeName>
  <EpisodeNumber>2</EpisodeNumber>
  <FirstAired></FirstAired>
  <GuestStars></GuestStars>
  <IMDB_ID></IMDB_ID>
  <Language>en</Language>
  <Overview></Overview>
  <ProductionCode></ProductionCode>
  <Rating>8.0</Rating>
  <RatingCount>1</RatingCount>
  <SeasonNumber>0</SeasonNumber>
  <Writer></Writer>
  <absolute_number></absolute_number>
  <airsafter_season></airsafter_season>
  <airsbefore_episode></airsbefore_episode>
  <airsbefore_season></airsbefore_season>
  <filename></filename>
  <lastupdated>1306612842</lastupdated>
  <seasonid>27986</seasonid>
  <seriesid>80349</seriesid>
</Episode>
<Episode>
  <id>4106743</id>
  <Combined_episodenumber>3</Combined_episodenumber>
  <Combined_season>0</Combined_season>
  <DVD_chapter></DVD_chapter>
  <DVD_discid></DVD_discid>
  <DVD_episodenumber></DVD_episodenumber>
  <DVD_season></DVD_season>
  <Director></Director>
  <EpImgFlag></EpImgFlag>
  <EpisodeName>Marcy's Waxing Salon</EpisodeName>
  <EpisodeNumber>3</EpisodeNumber>
  <FirstAired></FirstAired>
  <GuestStars></GuestStars>
  <IMDB_ID></IMDB_ID>
  <Language>en</Language>
  <Overview></Overview>
  <ProductionCode></ProductionCode>
  <Rating></Rating>
  <RatingCount>0</RatingCount>
  <SeasonNumber>0</SeasonNumber>
  <Writer></Writer>
  <absolute_number></absolute_number>
  <airsafter_season></airsafter_season>
  <airsbefore_episode></airsbefore_episode>
  <airsbefore_season></airsbefore_season>
  <filename></filename>
  <lastupdated>1306613094</lastupdated>
  <seasonid>27986</seasonid>
  <seriesid>80349</seriesid>
</Episode>
<Episode>
  <id>4109108</id>
  <Combined_episodenumber>4</Combined_episodenumber>
  <Combined_season>0</Combined_season>
  <DVD_chapter></DVD_chapter>
  <DVD_discid></DVD_discid>
  <DVD_episodenumber></DVD_episodenumber>
  <DVD_season></DVD_season>
  <Director></Director>
  <EpImgFlag></EpImgFlag>
  <EpisodeName>Season 3 Blooper Reel</EpisodeName>
  <EpisodeNumber>4</EpisodeNumber>
  <FirstAired></FirstAired>
  <GuestStars></GuestStars>
  <IMDB_ID></IMDB_ID>
  <Language>en</Language>
  <Overview></Overview>
  <ProductionCode></ProductionCode>
  <Rating>7.0</Rating>
  <RatingCount>1</RatingCount>
  <SeasonNumber>0</SeasonNumber>
  <Writer></Writer>
  <absolute_number></absolute_number>
  <airsafter_season></airsafter_season>
  <airsbefore_episode></airsbefore_episode>
  <airsbefore_season></airsbefore_season>
  <filename></filename>
  <lastupdated>1307067136</lastupdated>
  <seasonid>27986</seasonid>
  <seriesid>80349</seriesid>
</Episode>
<Episode>
  <id>4109109</id>
  <Combined_episodenumber>5</Combined_episodenumber>
  <Combined_season>0</Combined_season>
  <DVD_chapter></DVD_chapter>
  <DVD_discid></DVD_discid>
  <DVD_episodenumber></DVD_episodenumber>
  <DVD_season></DVD_season>
  <Director></Director>
  <EpImgFlag></EpImgFlag>
  <EpisodeName>Marcie's Pajama Party</EpisodeName>
  <EpisodeNumber>5</EpisodeNumber>
  <FirstAired></FirstAired>
  <GuestStars></GuestStars>
  <IMDB_ID></IMDB_ID>
  <Language>en</Language>
  <Overview></Overview>
  <ProductionCode></ProductionCode>
  <Rating>3.0</Rating>
  <RatingCount>1</RatingCount>
  <SeasonNumber>0</SeasonNumber>
  <Writer></Writer>
  <absolute_number></absolute_number>
  <airsafter_season></airsafter_season>
  <airsbefore_episode></airsbefore_episode>
  <airsbefore_season></airsbefore_season>
  <filename></filename>
  <lastupdated>1307067217</lastupdated>
  <seasonid>27986</seasonid>
  <seriesid>80349</seriesid>
</Episode>
<Episode>
  <id>4190631</id>
  <Combined_episodenumber>6</Combined_episodenumber>
  <Combined_season>0</Combined_season>
  <DVD_chapter></DVD_chapter>
  <DVD_discid></DVD_discid>
  <DVD_episodenumber></DVD_episodenumber>
  <DVD_season></DVD_season>
  <Director></Director>
  <EpImgFlag></EpImgFlag>
  <EpisodeName>Sho Original</EpisodeName>
  <EpisodeNumber>6</EpisodeNumber>
  <FirstAired></FirstAired>
  <GuestStars></GuestStars>
  <IMDB_ID></IMDB_ID>
  <Language>en</Language>
  <Overview></Overview>
  <ProductionCode></ProductionCode>
  <Rating>10.0</Rating>
  <RatingCount>1</RatingCount>
  <SeasonNumber>0</SeasonNumber>
  <Writer></Writer>
  <absolute_number></absolute_number>
  <airsafter_season>4</airsafter_season>
  <airsbefore_episode></airsbefore_episode>
  <airsbefore_season></airsbefore_season>
  <filename></filename>
  <lastupdated>1340280669</lastupdated>
  <seasonid>27986</seasonid>
  <seriesid>80349</seriesid>
</Episode>
<Episode>
  <id>4196502</id>
  <Combined_episodenumber>7</Combined_episodenumber>
  <Combined_season>0</Combined_season>
  <DVD_chapter></DVD_chapter>
  <DVD_discid></DVD_discid>
  <DVD_episodenumber></DVD_episodenumber>
  <DVD_season></DVD_season>
  <Director></Director>
  <EpImgFlag></EpImgFlag>
  <EpisodeName>David Duchovny Directing</EpisodeName>
  <EpisodeNumber>7</EpisodeNumber>
  <FirstAired></FirstAired>
  <GuestStars></GuestStars>
  <IMDB_ID></IMDB_ID>
  <Language>en</Language>
  <Overview></Overview>
  <ProductionCode></ProductionCode>
  <Rating>7.0</Rating>
  <RatingCount>1</RatingCount>
  <SeasonNumber>0</SeasonNumber>
  <Writer></Writer>
  <absolute_number></absolute_number>
  <airsafter_season>4</airsafter_season>
  <airsbefore_episode></airsbefore_episode>
  <airsbefore_season></airsbefore_season>
  <filename></filename>
  <lastupdated>1340280715</lastupdated>
  <seasonid>27986</seasonid>
  <seriesid>80349</seriesid>
</Episode>
<Episode>
  <id>332180</id>
  <Combined_episodenumber>1.0</Combined_episodenumber>
  <Combined_season>1</Combined_season>
  <DVD_chapter></DVD_chapter>
  <DVD_discid></DVD_discid>
  <DVD_episodenumber>1.0</DVD_episodenumber>
  <DVD_season>1</DVD_season>
  <Director>Stephen Hopkins</Director>
  <EpImgFlag></EpImgFlag>
  <EpisodeName>Pilot</EpisodeName>
  <EpisodeNumber>1</EpisodeNumber>
  <FirstAired>2007-08-13</FirstAired>
  <GuestStars>|Amy Price-Francis|Pamela Adlon|Michelle Nordin|Camille Langfield|Stephen Sowan|Craig T. Kelly Abernathy|Michael H Barnett|Craig T. Kelly|</GuestStars>
  <IMDB_ID>tt0946832</IMDB_ID>
  <Language>en</Language>
  <Overview>We meet 30ish year old Hank Moody in a church asking God to help him get his life back on track. He is then distracted by a hot nun. Moody also has to interact with ex-wife Karen who might still love him. With her, they share the custody of their 12 year old daughter Becca who is wise beyond her years but is starting to have a sex life, which freaks out both of her parents.</Overview>
  <ProductionCode></ProductionCode>
  <Rating>7.8</Rating>
  <RatingCount>122</RatingCount>
  <SeasonNumber>1</SeasonNumber>
  <Writer>Tom Kapinos</Writer>
  <absolute_number>1</absolute_number>
  <filename>episodes/80349/332180.jpg</filename>
  <lastupdated>1323877038</lastupdated>
  <seasonid>27987</seasonid>
  <seriesid>80349</seriesid>
</Episode>
<Episode>
  <id>332181</id>
  <Combined_episodenumber>2.0</Combined_episodenumber>
  <Combined_season>1</Combined_season>
  <DVD_chapter></DVD_chapter>
  <DVD_discid></DVD_discid>
  <DVD_episodenumber>2.0</DVD_episodenumber>
  <DVD_season>1</DVD_season>
  <Director>Stephen Hopkins</Director>
  <EpImgFlag></EpImgFlag>
  <EpisodeName>Hell-A Woman</EpisodeName>
  <EpisodeNumber>2</EpisodeNumber>
  <FirstAired>2007-08-20</FirstAired>
  <GuestStars>|Paula Marshall|Damian Young|</GuestStars>
  <IMDB_ID>tt1039933</IMDB_ID>
  <Language>en</Language>
  <Overview>Becca invites Hank to her Mom and Bill's house for a dinner party with some mutual friends. After he arrives, however, he realizes that Karen has planned a little setup for Hank with a scientologist friend of hers, which doesn't thrill Hank all that much. But, Hank gets a nice laugh out of it after the rest of the party people walk in on him and Sonja in the bedroom. Hank also gets a little news about the job he recently accepted.</Overview>
  <ProductionCode></ProductionCode>
  <Rating>7.6</Rating>
  <RatingCount>112</RatingCount>
  <SeasonNumber>1</SeasonNumber>
  <Writer>Tom Kapinos</Writer>
  <absolute_number>2</absolute_number>
  <filename>episodes/80349/332181.jpg</filename>
  <lastupdated>1323879327</lastupdated>
  <seasonid>27987</seasonid>
  <seriesid>80349</seriesid>
</Episode>
<Episode>
  <id>332182</id>
  <Combined_episodenumber>3.0</Combined_episodenumber>
  <Combined_season>1</Combined_season>
  <DVD_chapter></DVD_chapter>
  <DVD_discid></DVD_discid>
  <DVD_episodenumber>3.0</DVD_episodenumber>
  <DVD_season>1</DVD_season>
  <Director>Stephen Hopkins</Director>
  <EpImgFlag></EpImgFlag>
  <EpisodeName>The Whore of Babylon</EpisodeName>
  <EpisodeNumber>3</EpisodeNumber>
  <FirstAired>2007-08-27</FirstAired>
  <GuestStars>Damian Young</GuestStars>
  <IMDB_ID>tt1039934</IMDB_ID>
  <Language>en</Language>
  <Overview>Hank and Todd Carr, the director of &quot;A Crazy Little Thing Called Love&quot;, the movie adaptation of Hank's book, start a fight, after which Hank ends up in jail. Bill bails him out and Hank finds a new connection to Meredith. Meanwhile, Charlie learns about a different side of his assistant Dani.</Overview>
  <ProductionCode></ProductionCode>
  <Rating>7.6</Rating>
  <RatingCount>101</RatingCount>
  <SeasonNumber>1</SeasonNumber>
  <Writer>Tom Kapinos</Writer>
  <absolute_number>3</absolute_number>
  <filename>episodes/80349/332182.jpg</filename>
  <lastupdated>1323879343</lastupdated>
  <seasonid>27987</seasonid>
  <seriesid>80349</seriesid>
</Episode>
<Episode>
  <id>334481</id>
  <Combined_episodenumber>4.0</Combined_episodenumber>
  <Combined_season>1</Combined_season>
  <DVD_chapter></DVD_chapter>
  <DVD_discid></DVD_discid>
  <DVD_episodenumber>4.0</DVD_episodenumber>
  <DVD_season>1</DVD_season>
  <Director>Michael Lembeck</Director>
  <EpImgFlag></EpImgFlag>
  <EpisodeName>Fear and Loathing at the Fundraiser</EpisodeName>
  <EpisodeNumber>4</EpisodeNumber>
  <FirstAired>2007-09-03</FirstAired>
  <GuestStars>John Scarangello|Chris Williams|Camille Langfield|Amy Price-Francis|Robert Merrill|Kathy Christopherson</GuestStars>
  <IMDB_ID>tt1039935</IMDB_ID>
  <Language>en</Language>
  <Overview>Meredith convinces Hank to escort her to an environmental fundraiser. Coincidentally Bill and Karen are at the same event, where Karen makes a scene. Also, Hank runs into Dani and Charlie while they are in his office.</Overview>
  <ProductionCode></ProductionCode>
  <Rating>7.6</Rating>
  <RatingCount>95</RatingCount>
  <SeasonNumber>1</SeasonNumber>
  <Writer>Daisy Gardner</Writer>
  <absolute_number>4</absolute_number>
  <filename>episodes/80349/334481.jpg</filename>
  <lastupdated>1323879362</lastupdated>
  <seasonid>27987</seasonid>
  <seriesid>80349</seriesid>
</Episode>
<Episode>
  <id>332183</id>
  <Combined_episodenumber>5.0</Combined_episodenumber>
  <Combined_season>1</Combined_season>
  <DVD_chapter></DVD_chapter>
  <DVD_discid></DVD_discid>
  <DVD_episodenumber>5.0</DVD_episodenumber>
  <DVD_season>1</DVD_season>
  <Director>Bart Freundlich</Director>
  <EpImgFlag></EpImgFlag>
  <EpisodeName>LOL</EpisodeName>
  <EpisodeNumber>5</EpisodeNumber>
  <FirstAired>2007-09-10</FirstAired>
  <GuestStars>Lance Barber|Henry Rollins|Camille Langfield|Amy Price-Francis|Jaoquin Pastor|Amy Okuda</GuestStars>
  <IMDB_ID>tt1039936</IMDB_ID>
  <Language>en</Language>
  <Overview>Bill asks Hank to step in as a guest speaker at Mia's creative writing class. During a radio interview, Hank talks about his writing and motivations. Meanwhile, Becca develops a crush on her guitar teacher Dave, but he ends up with Mia.</Overview>
  <ProductionCode></ProductionCode>
  <Rating>7.5</Rating>
  <RatingCount>97</RatingCount>
  <SeasonNumber>1</SeasonNumber>
  <Writer>Susan McMartin</Writer>
  <absolute_number>5</absolute_number>
  <filename>episodes/80349/332183.jpg</filename>
  <lastupdated>1323879388</lastupdated>
  <seasonid>27987</seasonid>
  <seriesid>80349</seriesid>
</Episode>
<Episode>
  <id>334482</id>
  <Combined_episodenumber>6.0</Combined_episodenumber>
  <Combined_season>1</Combined_season>
  <DVD_chapter></DVD_chapter>
  <DVD_discid></DVD_discid>
  <DVD_episodenumber>6.0</DVD_episodenumber>
  <DVD_season>1</DVD_season>
  <Director>Ken Whittingham</Director>
  <EpImgFlag></EpImgFlag>
  <EpisodeName>Absinthe Makes the Heart Grow Fonder</EpisodeName>
  <EpisodeNumber>6</EpisodeNumber>
  <FirstAired>2007-09-17</FirstAired>
  <GuestStars>Michelle Lombardo|Lance Barber|Daisy Gardner|Dana Michael Woods|Robert Gilling|Jory Glick|Shira Kreitenberg|Myles Trifon</GuestStars>
  <IMDB_ID>tt1039937</IMDB_ID>
  <Language>en</Language>
  <Overview>Hank spends the night with a sexy surfer girl and in return she robs him.
Mia wants more of Hank's writing to pass her class, instead he offers her to help her with her own writing.
Charlie wants to spice up the sex life with his wife, but she is not as fond of spanking as Dani is.</Overview>
  <ProductionCode></ProductionCode>
  <Rating>7.7</Rating>
  <RatingCount>86</RatingCount>
  <SeasonNumber>1</SeasonNumber>
  <Writer>Eric Weinberg|Tom Kapinos</Writer>
  <absolute_number>6</absolute_number>
  <filename>episodes/80349/334482.jpg</filename>
  <lastupdated>1323877080</lastupdated>
  <seasonid>27987</seasonid>
  <seriesid>80349</seriesid>
</Episode>
<Episode>
  <id>334483</id>
  <Combined_episodenumber>7.0</Combined_episodenumber>
  <Combined_season>1</Combined_season>
  <DVD_chapter></DVD_chapter>
  <DVD_discid></DVD_discid>
  <DVD_episodenumber>7.0</DVD_episodenumber>
  <DVD_season>1</DVD_season>
  <Director>Tucker Gates</Director>
  <EpImgFlag></EpImgFlag>
  <EpisodeName>Girls, Interrupted</EpisodeName>
  <EpisodeNumber>7</EpisodeNumber>
  <FirstAired>2007-09-24</FirstAired>
  <GuestStars>Lance Barber|Chris Williams</GuestStars>
  <IMDB_ID>tt1039938</IMDB_ID>
  <Language>en</Language>
  <Overview>Hank is disturbed by Becca's negative reaction towards the concept of happy endings, even more so when he finds out that it is partially his fault.
Marcy comes up with the idea of a threesome with Charlie and Dani, but it ends unexpectedly.</Overview>
  <ProductionCode></ProductionCode>
  <Rating>7.5</Rating>
  <RatingCount>83</RatingCount>
  <SeasonNumber>1</SeasonNumber>
  <Writer>Gina Fattore</Writer>
  <absolute_number>7</absolute_number>
  <filename>episodes/80349/334483.jpg</filename>
  <lastupdated>1323877089</lastupdated>
  <seasonid>27987</seasonid>
  <seriesid>80349</seriesid>
</Episode>
<Episode>
  <id>334484</id>
  <Combined_episodenumber>8.0</Combined_episodenumber>
  <Combined_season>1</Combined_season>
  <DVD_chapter></DVD_chapter>
  <DVD_discid></DVD_discid>
  <DVD_episodenumber>8.0</DVD_episodenumber>
  <DVD_season>1</DVD_season>
  <Director>Scott Winant</Director>
  <EpImgFlag></EpImgFlag>
  <EpisodeName>California Son</EpisodeName>
  <EpisodeNumber>8</EpisodeNumber>
  <FirstAired>2007-10-01</FirstAired>
  <GuestStars>Mark Margolis|Judy Greer|Kathryn Adams|Nick Barnes|Chris Williams|Amber Heard</GuestStars>
  <IMDB_ID>tt1039939</IMDB_ID>
  <Language>en</Language>
  <Overview>Hank's father dies. Despite the memories of his father floating to the surface, he doesn't want to go to the funeral. To ease his pain, he goes to bed with a hooker named Trixie, despite the fact he doesn't have enough money to pay her. Meanwhile, Karen does her best to help him overcome the pain.</Overview>
  <ProductionCode></ProductionCode>
  <Rating>7.4</Rating>
  <RatingCount>82</RatingCount>
  <SeasonNumber>1</SeasonNumber>
  <Writer>Tom Kapinos</Writer>
  <absolute_number>8</absolute_number>
  <filename>episodes/80349/334484.jpg</filename>
  <lastupdated>1323876916</lastupdated>
  <seasonid>27987</seasonid>
  <seriesid>80349</seriesid>
</Episode>
<Episode>
  <id>337566</id>
  <Combined_episodenumber>9.0</Combined_episodenumber>
  <Combined_season>1</Combined_season>
  <DVD_chapter></DVD_chapter>
  <DVD_discid></DVD_discid>
  <DVD_episodenumber>9.0</DVD_episodenumber>
  <DVD_season>1</DVD_season>
  <Director>Scott Burns</Director>
  <EpImgFlag></EpImgFlag>
  <EpisodeName>Filthy Lucre</EpisodeName>
  <EpisodeNumber>9</EpisodeNumber>
  <FirstAired>2007-10-08</FirstAired>
  <GuestStars></GuestStars>
  <IMDB_ID>tt1039940</IMDB_ID>
  <Language>en</Language>
  <Overview>After the funeral of Hank's father Al, Hank comes back to L.A. with a new manuscript, that he wants Karen to read. After receiving a bonus paycheck, he buys a new car for himself and a new guitar for Becca.</Overview>
  <ProductionCode></ProductionCode>
  <Rating>7.7</Rating>
  <RatingCount>87</RatingCount>
  <SeasonNumber>1</SeasonNumber>
  <Writer>Ildy Modrovich</Writer>
  <absolute_number>9</absolute_number>
  <filename>episodes/80349/337566.jpg</filename>
  <lastupdated>1323876947</lastupdated>
  <seasonid>27987</seasonid>
  <seriesid>80349</seriesid>
</Episode>
<Episode>
  <id>337929</id>
  <Combined_episodenumber>10.0</Combined_episodenumber>
  <Combined_season>1</Combined_season>
  <DVD_chapter></DVD_chapter>
  <DVD_discid></DVD_discid>
  <DVD_episodenumber>10.0</DVD_episodenumber>
  <DVD_season>1</DVD_season>
  <Director>John Dahl</Director>
  <EpImgFlag></EpImgFlag>
  <EpisodeName>The Devil's Threesome</EpisodeName>
  <EpisodeNumber>10</EpisodeNumber>
  <FirstAired>2007-10-15</FirstAired>
  <GuestStars>|Laura Niles|</GuestStars>
  <IMDB_ID>tt1039930</IMDB_ID>
  <Language>en</Language>
  <Overview>A new threesome including Hank and Charlie evolves from a meeting at the gym, while Karen and Marcy have a girl's night out at which they decide to surprise Hank and Charlie.</Overview>
  <ProductionCode></ProductionCode>
  <Rating>7.9</Rating>
  <RatingCount>91</RatingCount>
  <SeasonNumber>1</SeasonNumber>
  <Writer>Tom Kapinos</Writer>
  <absolute_number>10</absolute_number>
  <filename>episodes/80349/337929.jpg</filename>
  <lastupdated>1323876965</lastupdated>
  <seasonid>27987</seasonid>
  <seriesid>80349</seriesid>
</Episode>
<Episode>
  <id>337930</id>
  <Combined_episodenumber>11.0</Combined_episodenumber>
  <Combined_season>1</Combined_season>
  <DVD_chapter></DVD_chapter>
  <DVD_discid></DVD_discid>
  <DVD_episodenumber>11.0</DVD_episodenumber>
  <DVD_season>1</DVD_season>
  <Director>David Von Ancken</Director>
  <EpImgFlag></EpImgFlag>
  <EpisodeName>Turn the Page</EpisodeName>
  <EpisodeNumber>11</EpisodeNumber>
  <FirstAired>2007-10-22</FirstAired>
  <GuestStars>|Damian Young|Mo Collins|Mike Metz</GuestStars>
  <IMDB_ID>tt1039931</IMDB_ID>
  <Language>en</Language>
  <Overview>Charlie and Dani represent Mia after she wrote a book that seems to have come out of Hank's feather.
Becca decides to move out of Bill and Karen's home to live with her dad Hank.</Overview>
  <ProductionCode></ProductionCode>
  <Rating>7.6</Rating>
  <RatingCount>85</RatingCount>
  <SeasonNumber>1</SeasonNumber>
  <Writer>Gina Fattore|Eric Weinberg</Writer>
  <absolute_number>11</absolute_number>
  <filename>episodes/80349/337930.jpg</filename>
  <lastupdated>1323876985</lastupdated>
  <seasonid>27987</seasonid>
  <seriesid>80349</seriesid>
</Episode>
<Episode>
  <id>337931</id>
  <Combined_episodenumber>12.0</Combined_episodenumber>
  <Combined_season>1</Combined_season>
  <DVD_chapter></DVD_chapter>
  <DVD_discid></DVD_discid>
  <DVD_episodenumber>12.0</DVD_episodenumber>
  <DVD_season>1</DVD_season>
  <Director>David Von Ancken</Director>
  <EpImgFlag></EpImgFlag>
  <EpisodeName>The Last Waltz</EpisodeName>
  <EpisodeNumber>12</EpisodeNumber>
  <FirstAired>2007-10-29</FirstAired>
  <GuestStars>Christen Sussin|Charlie Mattera|Lyn Alicia Henderson|John C. McLaughlin|Myles Trifon|Robert Gilling|Jory Glick|Shira Kreitenberg</GuestStars>
  <IMDB_ID>tt1039932</IMDB_ID>
  <Language>en</Language>
  <Overview>As Karen's wedding to Bill nears, Hank struggles with accepting what appears to be inevitable. Bill informs Mia that he will not allow her book to be published and Hank has a unique solution to dealing with Becca's surprise visitor. </Overview>
  <ProductionCode></ProductionCode>
  <Rating>8.1</Rating>
  <RatingCount>77</RatingCount>
  <SeasonNumber>1</SeasonNumber>
  <Writer>Gina Fattore|Eric Weinberg|Tom Kapinos</Writer>
  <absolute_number>12</absolute_number>
  <filename>episodes/80349/337931.jpg</filename>
  <lastupdated>1323877007</lastupdated>
  <seasonid>27987</seasonid>
  <seriesid>80349</seriesid>
</Episode>
<Episode>
  <id>380966</id>
  <Combined_episodenumber>1</Combined_episodenumber>
  <Combined_season>2</Combined_season>
  <DVD_chapter></DVD_chapter>
  <DVD_discid>1</DVD_discid>
  <DVD_episodenumber></DVD_episodenumber>
  <DVD_season>2</DVD_season>
  <Director>David Duchovny</Director>
  <EpImgFlag>2</EpImgFlag>
  <EpisodeName>Slip of the Tongue</EpisodeName>
  <EpisodeNumber>1</EpisodeNumber>
  <FirstAired>2008-09-28</FirstAired>
  <GuestStars>Angus MacFadyen|Callum Keith Rennie|Paula Marshall|Brian Posehn|Pete Wentz</GuestStars>
  <IMDB_ID>tt1143241</IMDB_ID>
  <Language>en</Language>
  <Overview>After reuniting at the end of Season One, Hank and Karen decide to pack up and head to New York. As part of the reconciliation, Hank undergoes a grueling vasectomy at Karen's request. Hank has an accident when he confuses a partygoer for Karen. Hank gets arrested for driving under the influence and assaulting an officer.</Overview>
  <ProductionCode>201</ProductionCode>
  <Rating>7.7</Rating>
  <RatingCount>92</RatingCount>
  <SeasonNumber>2</SeasonNumber>
  <Writer>Tom Kapinos</Writer>
  <absolute_number></absolute_number>
  <filename>episodes/80349/380966.jpg</filename>
  <lastupdated>1338069864</lastupdated>
  <seasonid>34326</seasonid>
  <seriesid>80349</seriesid>
</Episode>
<Episode>
  <id>385774</id>
  <Combined_episodenumber>2</Combined_episodenumber>
  <Combined_season>2</Combined_season>
  <DVD_chapter></DVD_chapter>
  <DVD_discid>1</DVD_discid>
  <DVD_episodenumber></DVD_episodenumber>
  <DVD_season>2</DVD_season>
  <Director>David Von Ancken</Director>
  <EpImgFlag>2</EpImgFlag>
  <EpisodeName>The Great Ashby</EpisodeName>
  <EpisodeNumber>2</EpisodeNumber>
  <FirstAired>2008-10-05</FirstAired>
  <GuestStars>Callum Keith Rennie|Carla Gallo|Paula Marshall|Alexis Arquette</GuestStars>
  <IMDB_ID>tt1281153</IMDB_ID>
  <Language>en</Language>
  <Overview>Hank finds himself in jail after assaulting a mouthy police officer. Karen, still upset at Hank for his accident at the party, refuses to bail him out.
Meanwhile, Charlie gets fired after his former assistant, Dani, plays the agency president a montage of Charlie’s self-pleasuring office sessions.</Overview>
  <ProductionCode></ProductionCode>
  <Rating>7.6</Rating>
  <RatingCount>84</RatingCount>
  <SeasonNumber>2</SeasonNumber>
  <Writer>Tom Kapinos</Writer>
  <absolute_number></absolute_number>
  <filename>episodes/80349/385774.jpg</filename>
  <lastupdated>1338069910</lastupdated>
  <seasonid>34326</seasonid>
  <seriesid>80349</seriesid>
</Episode>
<Episode>
  <id>385778</id>
  <Combined_episodenumber>3</Combined_episodenumber>
  <Combined_season>2</Combined_season>
  <DVD_chapter></DVD_chapter>
  <DVD_discid>1</DVD_discid>
  <DVD_episodenumber></DVD_episodenumber>
  <DVD_season>2</DVD_season>
  <Director>John Dahl</Director>
  <EpImgFlag>2</EpImgFlag>
  <EpisodeName>No Way to Treat a Lady</EpisodeName>
  <EpisodeNumber>3</EpisodeNumber>
  <FirstAired>2008-10-12</FirstAired>
  <GuestStars>Angus MacFadyen|Callum Keith Rennie|Carla Gallo|Judy Greer|Paula Marshall</GuestStars>
  <IMDB_ID>tt1282604</IMDB_ID>
  <Language>en</Language>
  <Overview>Charlie wants to help Daisy with her porn career, while Hanks starts writing Lew Ashby's biography. Becca has her first day at a private school, while Karen meets Sonja and Julian again.</Overview>
  <ProductionCode></ProductionCode>
  <Rating>7.4</Rating>
  <RatingCount>76</RatingCount>
  <SeasonNumber>2</SeasonNumber>
  <Writer>Gina Fattore</Writer>
  <absolute_number></absolute_number>
  <filename>episodes/80349/385778.jpg</filename>
  <lastupdated>1338070026</lastupdated>
  <seasonid>34326</seasonid>
  <seriesid>80349</seriesid>
</Episode>
<Episode>
  <id>385779</id>
  <Combined_episodenumber>4</Combined_episodenumber>
  <Combined_season>2</Combined_season>
  <DVD_chapter></DVD_chapter>
  <DVD_discid>1</DVD_discid>
  <DVD_episodenumber></DVD_episodenumber>
  <DVD_season>2</DVD_season>
  <Director>David Von Ancken</Director>
  <EpImgFlag>2</EpImgFlag>
  <EpisodeName>The Raw &amp; The Cooked</EpisodeName>
  <EpisodeNumber>4</EpisodeNumber>
  <FirstAired>2008-10-19</FirstAired>
  <GuestStars>Angus MacFadyen|Callum Keith Rennie|Paula Marshall</GuestStars>
  <IMDB_ID>tt1282605</IMDB_ID>
  <Language>en</Language>
  <Overview>Hank proposes to Karen right before a dinner party, to which Mia, Charlie, Marcy, Lew Ashby, Sonja and Julian are invited. Drugs and special circumstances turn the evening in an unexpected direction.</Overview>
  <ProductionCode></ProductionCode>
  <Rating>7.7</Rating>
  <RatingCount>84</RatingCount>
  <SeasonNumber>2</SeasonNumber>
  <Writer>Tom Kapinos</Writer>
  <absolute_number></absolute_number>
  <filename>episodes/80349/385779.jpg</filename>
  <lastupdated>1338070082</lastupdated>
  <seasonid>34326</seasonid>
  <seriesid>80349</seriesid>
</Episode>
<Episode>
  <id>385780</id>
  <Combined_episodenumber>5</Combined_episodenumber>
  <Combined_season>2</Combined_season>
  <DVD_chapter></DVD_chapter>
  <DVD_discid>1</DVD_discid>
  <DVD_episodenumber></DVD_episodenumber>
  <DVD_season>2</DVD_season>
  <Director>Ken Whittingham</Director>
  <EpImgFlag>2</EpImgFlag>
  <EpisodeName>Vaginatown</EpisodeName>
  <EpisodeNumber>5</EpisodeNumber>
  <FirstAired>2008-10-26</FirstAired>
  <GuestStars>Callum Keith Rennie|Carla Gallo|Meredith Monroe|Hal Ozsan</GuestStars>
  <IMDB_ID>tt1282606</IMDB_ID>
  <Language>en</Language>
  <Overview>In order to distract Hank from his heartbreak, Ashby arranges a sex session with popular, yet incredibly annoying, celebrity chef, Chloe Metz. Charlie takes on a new client who’s eager to land the lead in a porn film called Vaginatown. Charlie meets with the film’s director and secures her the part, but only after investing $100,000 of his own savings.</Overview>
  <ProductionCode></ProductionCode>
  <Rating>7.4</Rating>
  <RatingCount>87</RatingCount>
  <SeasonNumber>2</SeasonNumber>
  <Writer>Jay Dyer</Writer>
  <absolute_number></absolute_number>
  <filename>episodes/80349/385780.jpg</filename>
  <lastupdated>1338070234</lastupdated>
  <seasonid>34326</seasonid>
  <seriesid>80349</seriesid>
</Episode>
<Episode>
  <id>385781</id>
  <Combined_episodenumber>6</Combined_episodenumber>
  <Combined_season>2</Combined_season>
  <DVD_chapter></DVD_chapter>
  <DVD_discid></DVD_discid>
  <DVD_episodenumber></DVD_episodenumber>
  <DVD_season></DVD_season>
  <Director>Michael Lehmann</Director>
  <EpImgFlag>2</EpImgFlag>
  <EpisodeName>Coke Dick &amp; First Kick</EpisodeName>
  <EpisodeNumber>6</EpisodeNumber>
  <FirstAired>2008-11-02</FirstAired>
  <GuestStars>Paula Marshall|Angus MacFadyen|Callum Keith Rennie|Carla Gallo|Madchen Amick|Hal Ozsan|Carly Pope|Vincent Angel</GuestStars>
  <IMDB_ID></IMDB_ID>
  <Language>en</Language>
  <Overview>Hank decides to seek out Lew Ashby’s long lost love, Janie Jones. Hank accidentally walks in on Julian going at it with a rocker chick he’s “mentoring”. Mia spends the day trailed by Rolling Stone reporter Annika Staley. The Runkle residence is transformed into the set of Vaginatown.</Overview>
  <ProductionCode></ProductionCode>
  <Rating>7.6</Rating>
  <RatingCount>79</RatingCount>
  <SeasonNumber>2</SeasonNumber>
  <Writer>Gina Fattore|Gabriel Roth</Writer>
  <absolute_number></absolute_number>
  <filename>episodes/80349/385781.jpg</filename>
  <lastupdated>1323879782</lastupdated>
  <seasonid>34326</seasonid>
  <seriesid>80349</seriesid>
</Episode>
<Episode>
  <id>400443</id>
  <Combined_episodenumber>7</Combined_episodenumber>
  <Combined_season>2</Combined_season>
  <DVD_chapter></DVD_chapter>
  <DVD_discid></DVD_discid>
  <DVD_episodenumber></DVD_episodenumber>
  <DVD_season></DVD_season>
  <Director>Jake Kasdan</Director>
  <EpImgFlag>2</EpImgFlag>
  <EpisodeName>In a Lonely Place</EpisodeName>
  <EpisodeNumber>7</EpisodeNumber>
  <FirstAired>2008-11-09</FirstAired>
  <GuestStars>Callum Keith Rennie|Carla Gallo|Madchen Amick|Ezra Miller|Justine Bateman|Colin Malone</GuestStars>
  <IMDB_ID></IMDB_ID>
  <Language>en</Language>
  <Overview>Hank attempts to find a love interest for Becca's teacher. Charlie uncovers Marcy's secret which could have fatal effects on their finances.</Overview>
  <ProductionCode></ProductionCode>
  <Rating>7.4</Rating>
  <RatingCount>85</RatingCount>
  <SeasonNumber>2</SeasonNumber>
  <Writer>Tom Kapinos</Writer>
  <absolute_number></absolute_number>
  <filename>episodes/80349/400443.jpg</filename>
  <lastupdated>1323879825</lastupdated>
  <seasonid>34326</seasonid>
  <seriesid>80349</seriesid>
</Episode>
<Episode>
  <id>400444</id>
  <Combined_episodenumber>8</Combined_episodenumber>
  <Combined_season>2</Combined_season>
  <DVD_chapter></DVD_chapter>
  <DVD_discid></DVD_discid>
  <DVD_episodenumber></DVD_episodenumber>
  <DVD_season></DVD_season>
  <Director>Daniel Ducovny</Director>
  <EpImgFlag>2</EpImgFlag>
  <EpisodeName>Going Down and Out in Beverly Hills</EpisodeName>
  <EpisodeNumber>8</EpisodeNumber>
  <FirstAired>2008-11-16</FirstAired>
  <GuestStars>Callum Keith Rennie|Carla Gallo|Madchen Amick|Vincent Angell|Paola Turbay|Michaela Watkins</GuestStars>
  <IMDB_ID></IMDB_ID>
  <Language>en</Language>
  <Overview>Hank tries to get the truth about Ashby; Karen confronts the record producer; Marcy detoxes at her mother's house; Charlie succumbs to temptation.</Overview>
  <ProductionCode></ProductionCode>
  <Rating>7.4</Rating>
  <RatingCount>84</RatingCount>
  <SeasonNumber>2</SeasonNumber>
  <Writer>Daisy Gardner</Writer>
  <absolute_number></absolute_number>
  <filename>episodes/80349/400444.jpg</filename>
  <lastupdated>1323879873</lastupdated>
  <seasonid>34326</seasonid>
  <seriesid>80349</seriesid>
</Episode>
<Episode>
  <id>400445</id>
  <Combined_episodenumber>9</Combined_episodenumber>
  <Combined_season>2</Combined_season>
  <DVD_chapter></DVD_chapter>
  <DVD_discid></DVD_discid>
  <DVD_episodenumber></DVD_episodenumber>
  <DVD_season></DVD_season>
  <Director>Adam Bernstein</Director>
  <EpImgFlag>2</EpImgFlag>
  <EpisodeName>La Ronde</EpisodeName>
  <EpisodeNumber>9</EpisodeNumber>
  <FirstAired>2008-11-23</FirstAired>
  <GuestStars>Paula Marshall|Angus MacFadyen|Callum Keith Rennie|Carla Gallo|Madchen Amick</GuestStars>
  <IMDB_ID></IMDB_ID>
  <Language>en</Language>
  <Overview>Hank turns down an offer of sex which is unthinkable (for him). Karen gives in to Ashby's asking and agrees to date him. Charlie and Daisy have a bonding moment over the film Dirty Dancing, while Marcy is still in rehab.</Overview>
  <ProductionCode></ProductionCode>
  <Rating>7.3</Rating>
  <RatingCount>85</RatingCount>
  <SeasonNumber>2</SeasonNumber>
  <Writer>Gina Fattore</Writer>
  <absolute_number></absolute_number>
  <filename>episodes/80349/400445.jpg</filename>
  <lastupdated>1323879942</lastupdated>
  <seasonid>34326</seasonid>
  <seriesid>80349</seriesid>
</Episode>
<Episode>
  <id>408803</id>
  <Combined_episodenumber>10</Combined_episodenumber>
  <Combined_season>2</Combined_season>
  <DVD_chapter></DVD_chapter>
  <DVD_discid></DVD_discid>
  <DVD_episodenumber></DVD_episodenumber>
  <DVD_season></DVD_season>
  <Director>David Von Ancken</Director>
  <EpImgFlag>2</EpImgFlag>
  <EpisodeName>In Utero</EpisodeName>
  <EpisodeNumber>10</EpisodeNumber>
  <FirstAired>2008-11-30</FirstAired>
  <GuestStars>Callum Keith Rennie|Carla Gallo|Paul Lieber</GuestStars>
  <IMDB_ID></IMDB_ID>
  <Language>en</Language>
  <Overview>Hank awaits test results and reflects on his early days with Karen; Charlie begs Daisy to move out.</Overview>
  <ProductionCode></ProductionCode>
  <Rating>7.3</Rating>
  <RatingCount>82</RatingCount>
  <SeasonNumber>2</SeasonNumber>
  <Writer>Tom Kapinos</Writer>
  <absolute_number></absolute_number>
  <filename>episodes/80349/408803.jpg</filename>
  <lastupdated>1330080294</lastupdated>
  <seasonid>34326</seasonid>
  <seriesid>80349</seriesid>
</Episode>
<Episode>
  <id>409264</id>
  <Combined_episodenumber>11</Combined_episodenumber>
  <Combined_season>2</Combined_season>
  <DVD_chapter></DVD_chapter>
  <DVD_discid></DVD_discid>
  <DVD_episodenumber></DVD_episodenumber>
  <DVD_season></DVD_season>
  <Director>Michael Lehmann</Director>
  <EpImgFlag>2</EpImgFlag>
  <EpisodeName>Blues from Laurel Canyon</EpisodeName>
  <EpisodeNumber>11</EpisodeNumber>
  <FirstAired>2008-12-07</FirstAired>
  <GuestStars>Callum Keith Rennie|Carla Gallo|Madchen Amick|Ezra Miller|Hal Ozsan|Carly Pope</GuestStars>
  <IMDB_ID></IMDB_ID>
  <Language>en</Language>
  <Overview>Ashby hosts a party to celebrate the publication of Mia's book. Becca is devastated to catch Damien cheating on her.</Overview>
  <ProductionCode></ProductionCode>
  <Rating>7.6</Rating>
  <RatingCount>86</RatingCount>
  <SeasonNumber>2</SeasonNumber>
  <Writer>Gina Fattore</Writer>
  <absolute_number></absolute_number>
  <filename>episodes/80349/409264.jpg</filename>
  <lastupdated>1323879996</lastupdated>
  <seasonid>34326</seasonid>
  <seriesid>80349</seriesid>
</Episode>
<Episode>
  <id>409265</id>
  <Combined_episodenumber>12</Combined_episodenumber>
  <Combined_season>2</Combined_season>
  <DVD_chapter></DVD_chapter>
  <DVD_discid></DVD_discid>
  <DVD_episodenumber></DVD_episodenumber>
  <DVD_season></DVD_season>
  <Director>Bart Freundlich</Director>
  <EpImgFlag>2</EpImgFlag>
  <EpisodeName>La Petite Mort</EpisodeName>
  <EpisodeNumber>12</EpisodeNumber>
  <FirstAired>2008-12-14</FirstAired>
  <GuestStars>Paula Marshall|Angus MacFadyen|Callum Keith Rennie|Carla Gallo|Ezra Miller|Michelle Lombardo|Nick Steele</GuestStars>
  <IMDB_ID></IMDB_ID>
  <Language>en</Language>
  <Overview>Hank completes his biography of Ashby. Charlie is reduced to working at a car dealership. Sonja gives birth. Karen accepts a job offer back home in New York, forcing Hank and Becca to make painful choices.</Overview>
  <ProductionCode></ProductionCode>
  <Rating>7.7</Rating>
  <RatingCount>90</RatingCount>
  <SeasonNumber>2</SeasonNumber>
  <Writer>Tom Kapinos</Writer>
  <absolute_number></absolute_number>
  <filename>episodes/80349/409265.jpg</filename>
  <lastupdated>1323880024</lastupdated>
  <seasonid>34326</seasonid>
  <seriesid>80349</seriesid>
</Episode>
<Episode>
  <id>937491</id>
  <Combined_episodenumber>1</Combined_episodenumber>
  <Combined_season>3</Combined_season>
  <DVD_chapter></DVD_chapter>
  <DVD_discid></DVD_discid>
  <DVD_episodenumber></DVD_episodenumber>
  <DVD_season></DVD_season>
  <Director>David Duchovny</Director>
  <EpImgFlag>2</EpImgFlag>
  <EpisodeName>Wish You Were Here</EpisodeName>
  <EpisodeNumber>1</EpisodeNumber>
  <FirstAired>2009-09-27</FirstAired>
  <GuestStars>Kathleen Turner|Peter Gallagher|Embeth Davidtz|Diane Farr|Ellen Davis Woglom|Jason Beghe|Alicia Witt|Craig Aldrich|Kristine Blackport|Bruce Katzman|Luenell</GuestStars>
  <IMDB_ID></IMDB_ID>
  <Language>en</Language>
  <Overview>With Karen gone, Hank has to deal with a more and more rebellious Becca. Meanwhile, Charlie and Marcy move back together though they still plan to divorce each other.</Overview>
  <ProductionCode></ProductionCode>
  <Rating>7.7</Rating>
  <RatingCount>105</RatingCount>
  <SeasonNumber>3</SeasonNumber>
  <Writer>Tom Kapinos</Writer>
  <absolute_number>25</absolute_number>
  <filename>episodes/80349/937491.jpg</filename>
  <lastupdated>1347784209</lastupdated>
  <seasonid>100911</seasonid>
  <seriesid>80349</seriesid>
</Episode>
<Episode>
  <id>1085311</id>
  <Combined_episodenumber>2</Combined_episodenumber>
  <Combined_season>3</Combined_season>
  <DVD_chapter></DVD_chapter>
  <DVD_discid></DVD_discid>
  <DVD_episodenumber></DVD_episodenumber>
  <DVD_season></DVD_season>
  <Director>Bart Freundlich</Director>
  <EpImgFlag>2</EpImgFlag>
  <EpisodeName>The Land of Rape and Honey</EpisodeName>
  <EpisodeNumber>2</EpisodeNumber>
  <FirstAired>2009-10-04</FirstAired>
  <GuestStars>Kathleen Turner|Peter Gallagher|Embeth Davidtz|Diane Farr|Eva Amurri|Billy Brown|Ed Westwick|K.T. Tatara|Maggie Reid|Sean Vickers|Arshad Aslam</GuestStars>
  <IMDB_ID></IMDB_ID>
  <Language>en</Language>
  <Overview>Hank starts working as college professor and soon gets into trouble while Charlie interferes with Marcie's romantic life.</Overview>
  <ProductionCode></ProductionCode>
  <Rating>7.5</Rating>
  <RatingCount>94</RatingCount>
  <SeasonNumber>3</SeasonNumber>
  <Writer>Tom Kapinos</Writer>
  <absolute_number>26</absolute_number>
  <filename>episodes/80349/1085311.jpg</filename>
  <lastupdated>1347784234</lastupdated>
  <seasonid>100911</seasonid>
  <seriesid>80349</seriesid>
</Episode>
<Episode>
  <id>1128971</id>
  <Combined_episodenumber>3</Combined_episodenumber>
  <Combined_season>3</Combined_season>
  <DVD_chapter></DVD_chapter>
  <DVD_discid></DVD_discid>
  <DVD_episodenumber></DVD_episodenumber>
  <DVD_season></DVD_season>
  <Director>David Von Ancken</Director>
  <EpImgFlag>2</EpImgFlag>
  <EpisodeName>Verities &amp; Balderdash</EpisodeName>
  <EpisodeNumber>3</EpisodeNumber>
  <FirstAired>2009-10-11</FirstAired>
  <GuestStars></GuestStars>
  <IMDB_ID></IMDB_ID>
  <Language>en</Language>
  <Overview>Hank attends a university mixer and consoles his jilted assistant; Charlie celebrates his first talent signing.</Overview>
  <ProductionCode></ProductionCode>
  <Rating>7.7</Rating>
  <RatingCount>102</RatingCount>
  <SeasonNumber>3</SeasonNumber>
  <Writer>Gina Fattore</Writer>
  <absolute_number>27</absolute_number>
  <filename>episodes/80349/1128971.jpg</filename>
  <lastupdated>1347784252</lastupdated>
  <seasonid>100911</seasonid>
  <seriesid>80349</seriesid>
</Episode>
<Episode>
  <id>1128981</id>
  <Combined_episodenumber>4</Combined_episodenumber>
  <Combined_season>3</Combined_season>
  <DVD_chapter></DVD_chapter>
  <DVD_discid></DVD_discid>
  <DVD_episodenumber></DVD_episodenumber>
  <DVD_season></DVD_season>
  <Director>Bart Freundlich</Director>
  <EpImgFlag>2</EpImgFlag>
  <EpisodeName>Zoso</EpisodeName>
  <EpisodeNumber>4</EpisodeNumber>
  <FirstAired>2009-10-18</FirstAired>
  <GuestStars></GuestStars>
  <IMDB_ID></IMDB_ID>
  <Language>en</Language>
  <Overview>Hank objects to Becca's adult fashion sense; Hank and Charlie visit a strip club to discover the secret life of a talented student; Charlie and Marcy's house sale goes awry.</Overview>
  <ProductionCode></ProductionCode>
  <Rating>7.7</Rating>
  <RatingCount>105</RatingCount>
  <SeasonNumber>3</SeasonNumber>
  <Writer>Tom Kapinos</Writer>
  <absolute_number>28</absolute_number>
  <filename>episodes/80349/1128981.jpg</filename>
  <lastupdated>1347784282</lastupdated>
  <seasonid>100911</seasonid>
  <seriesid>80349</seriesid>
</Episode>
<Episode>
  <id>1128991</id>
  <Combined_episodenumber>5</Combined_episodenumber>
  <Combined_season>3</Combined_season>
  <DVD_chapter></DVD_chapter>
  <DVD_discid></DVD_discid>
  <DVD_episodenumber></DVD_episodenumber>
  <DVD_season></DVD_season>
  <Director>David Von Ancken</Director>
  <EpImgFlag>1</EpImgFlag>
  <EpisodeName>Slow Happy Boys</EpisodeName>
  <EpisodeNumber>5</EpisodeNumber>
  <FirstAired>2009-10-25</FirstAired>
  <GuestStars></GuestStars>
  <IMDB_ID></IMDB_ID>
  <Language>en</Language>
  <Overview>Hank has the apartment all to his bad self when Becca visits Karen in New York. Hank's old buddy from Long Island pays a visit. Hank shows him an epic time. Hank and his talented pupil Jackie take their student / teacher relationship to the next level. Charlie and Marcy are finally hitting the sheets again.</Overview>
  <ProductionCode></ProductionCode>
  <Rating>7.7</Rating>
  <RatingCount>107</RatingCount>
  <SeasonNumber>3</SeasonNumber>
  <Writer>Tom Kapinos</Writer>
  <absolute_number>29</absolute_number>
  <filename>episodes/80349/1128991.jpg</filename>
  <lastupdated>1347784303</lastupdated>
  <seasonid>100911</seasonid>
  <seriesid>80349</seriesid>
</Episode>
<Episode>
  <id>1185971</id>
  <Combined_episodenumber>6</Combined_episodenumber>
  <Combined_season>3</Combined_season>
  <DVD_chapter></DVD_chapter>
  <DVD_discid></DVD_discid>
  <DVD_episodenumber></DVD_episodenumber>
  <DVD_season></DVD_season>
  <Director>Michael Lehmann</Director>
  <EpImgFlag>2</EpImgFlag>
  <EpisodeName>Glass Houses</EpisodeName>
  <EpisodeNumber>6</EpisodeNumber>
  <FirstAired>2009-11-01</FirstAired>
  <GuestStars>Kathleen Turner</GuestStars>
  <IMDB_ID></IMDB_ID>
  <Language>en</Language>
  <Overview>Karen hatches a plan to move the family back to New York for good. Hank's mighty pleased, but Becca's crestfallen about leaving her new best friend, Chelsea. After inviting herself to Hank's class, Karen meets the comely ladies of the university: T.A. Jill Robinson and sexpot student Jackie. Later on, tempers flare when Becca and Chelsea get into some serious trouble and Hank and Karen are forced to pay a tense visit to Chelsea's parents, Felicia and Stacy Koons.
Charlie is crushed when Marcy loudly consummates her girlhood-crush on Rick Springfield. But Sue Collini thinks up a creative way to restore Charlie's confidence.</Overview>
  <ProductionCode></ProductionCode>
  <Rating>7.5</Rating>
  <RatingCount>105</RatingCount>
  <SeasonNumber>3</SeasonNumber>
  <Writer>Gina Fattore</Writer>
  <absolute_number>30</absolute_number>
  <filename>episodes/80349/1185971.jpg</filename>
  <lastupdated>1347784325</lastupdated>
  <seasonid>100911</seasonid>
  <seriesid>80349</seriesid>
</Episode>
<Episode>
  <id>1095931</id>
  <Combined_episodenumber>7</Combined_episodenumber>
  <Combined_season>3</Combined_season>
  <DVD_chapter></DVD_chapter>
  <DVD_discid></DVD_discid>
  <DVD_episodenumber></DVD_episodenumber>
  <DVD_season></DVD_season>
  <Director>John Dahl</Director>
  <EpImgFlag>2</EpImgFlag>
  <EpisodeName>So Here's The Thing...</EpisodeName>
  <EpisodeNumber>7</EpisodeNumber>
  <FirstAired>2009-11-08</FirstAired>
  <GuestStars></GuestStars>
  <IMDB_ID></IMDB_ID>
  <Language>en</Language>
  <Overview>Hank's attempts to set things right with Karen lead to even deeper entanglements with the campus ladies. In the meantime, Charlie tries to prevent Sue's top client from leaving the agency and Becca scolds Hank for being a terrible role model for her.</Overview>
  <ProductionCode></ProductionCode>
  <Rating>7.5</Rating>
  <RatingCount>102</RatingCount>
  <SeasonNumber>3</SeasonNumber>
  <Writer>Daisy Gardner</Writer>
  <absolute_number>31</absolute_number>
  <filename>episodes/80349/1095931.jpg</filename>
  <lastupdated>1347784343</lastupdated>
  <seasonid>100911</seasonid>
  <seriesid>80349</seriesid>
</Episode>
<Episode>
  <id>1230371</id>
  <Combined_episodenumber>8</Combined_episodenumber>
  <Combined_season>3</Combined_season>
  <DVD_chapter></DVD_chapter>
  <DVD_discid></DVD_discid>
  <DVD_episodenumber></DVD_episodenumber>
  <DVD_season></DVD_season>
  <Director>Adam Bernstein</Director>
  <EpImgFlag>1</EpImgFlag>
  <EpisodeName>The Apartment</EpisodeName>
  <EpisodeNumber>8</EpisodeNumber>
  <FirstAired>2009-11-15</FirstAired>
  <GuestStars></GuestStars>
  <IMDB_ID></IMDB_ID>
  <Language>en</Language>
  <Overview>Hank's in for a hedonistic night to remember when Jackie and two stripper friends arrive at his doorstep, unannounced. The next morning, before Hank can escort his new friends from the apartment, Charlie shows up with a verbally abusive Rick Springfield. Hank’s forced to hide the hung-over party girls all over the house after Jill and Felicia pay surprise visits. The charade reaches its boiling point when Dean Koons arrives on the scene, resulting in a messy catharsis by fire.</Overview>
  <ProductionCode></ProductionCode>
  <Rating>8.2</Rating>
  <RatingCount>108</RatingCount>
  <SeasonNumber>3</SeasonNumber>
  <Writer>Tom Kapinos</Writer>
  <absolute_number>32</absolute_number>
  <filename>episodes/80349/1230371.jpg</filename>
  <lastupdated>1347784377</lastupdated>
  <seasonid>100911</seasonid>
  <seriesid>80349</seriesid>
</Episode>
<Episode>
  <id>1230381</id>
  <Combined_episodenumber>9</Combined_episodenumber>
  <Combined_season>3</Combined_season>
  <DVD_chapter></DVD_chapter>
  <DVD_discid></DVD_discid>
  <DVD_episodenumber></DVD_episodenumber>
  <DVD_season></DVD_season>
  <Director>John Dahl</Director>
  <EpImgFlag>3</EpImgFlag>
  <EpisodeName>Mr. Bad Example</EpisodeName>
  <EpisodeNumber>9</EpisodeNumber>
  <FirstAired>2009-11-22</FirstAired>
  <GuestStars>Kathleen Turner</GuestStars>
  <IMDB_ID></IMDB_ID>
  <Language>en</Language>
  <Overview>When Becca and her friend Chelsea get into a brawl on campus, it leads to the revelation of one of Hank's affairs. In the meantime, Charlie risks his job trying to hold Marcy off drug addict Rick Springfield.</Overview>
  <ProductionCode></ProductionCode>
  <Rating>7.3</Rating>
  <RatingCount>101</RatingCount>
  <SeasonNumber>3</SeasonNumber>
  <Writer>Gina Fattore|Matt Patterson</Writer>
  <absolute_number>33</absolute_number>
  <filename>episodes/80349/1230381.jpg</filename>
  <lastupdated>1347784399</lastupdated>
  <seasonid>100911</seasonid>
  <seriesid>80349</seriesid>
</Episode>
<Episode>
  <id>1230391</id>
  <Combined_episodenumber>10</Combined_episodenumber>
  <Combined_season>3</Combined_season>
  <DVD_chapter></DVD_chapter>
  <DVD_discid></DVD_discid>
  <DVD_episodenumber></DVD_episodenumber>
  <DVD_season></DVD_season>
  <Director>Seith Mann</Director>
  <EpImgFlag>2</EpImgFlag>
  <EpisodeName>Dogtown</EpisodeName>
  <EpisodeNumber>10</EpisodeNumber>
  <FirstAired>2009-11-29</FirstAired>
  <GuestStars>|Kathleen Turner|Rick Springfield|</GuestStars>
  <IMDB_ID></IMDB_ID>
  <Language>en</Language>
  <Overview>Hank takes Charlie out on the town to drown his sorrows after Sue Collini fires him for causing client Rick Springfield to leave the agency. Meanwhile, Karen, still miffed by Hank's dalliance with Felicia, organizes a girls' night out with Becca and Marcy.</Overview>
  <ProductionCode></ProductionCode>
  <Rating>7.5</Rating>
  <RatingCount>90</RatingCount>
  <SeasonNumber>3</SeasonNumber>
  <Writer>|Tom Kapinos|Gina Fattore|</Writer>
  <absolute_number>34</absolute_number>
  <filename>episodes/80349/1230391.jpg</filename>
  <lastupdated>1347784428</lastupdated>
  <seasonid>100911</seasonid>
  <seriesid>80349</seriesid>
</Episode>
<Episode>
  <id>1311011</id>
  <Combined_episodenumber>11</Combined_episodenumber>
  <Combined_season>3</Combined_season>
  <DVD_chapter></DVD_chapter>
  <DVD_discid></DVD_discid>
  <DVD_episodenumber></DVD_episodenumber>
  <DVD_season></DVD_season>
  <Director>David Von Ancken</Director>
  <EpImgFlag>2</EpImgFlag>
  <EpisodeName>Comings &amp; Goings</EpisodeName>
  <EpisodeNumber>11</EpisodeNumber>
  <FirstAired>2009-12-06</FirstAired>
  <GuestStars></GuestStars>
  <IMDB_ID></IMDB_ID>
  <Language>en</Language>
  <Overview>Karen drags Hank to an end of the semester goodbye luncheon at Felicia’s. Hank realizes he’s walked into a hornet’s nest as Felicia, Jackie and Jill all gang up on him. The Hank bashing is interrupted when Richard Bates, the novelist / professor Hank replaced at the college, pays a surprise visit. </Overview>
  <ProductionCode></ProductionCode>
  <Rating>7.5</Rating>
  <RatingCount>101</RatingCount>
  <SeasonNumber>3</SeasonNumber>
  <Writer>Gina Fattore|Daisy Gardner</Writer>
  <absolute_number>35</absolute_number>
  <filename>episodes/80349/1311011.jpg</filename>
  <lastupdated>1347784453</lastupdated>
  <seasonid>100911</seasonid>
  <seriesid>80349</seriesid>
</Episode>
<Episode>
  <id>1311031</id>
  <Combined_episodenumber>12</Combined_episodenumber>
  <Combined_season>3</Combined_season>
  <DVD_chapter></DVD_chapter>
  <DVD_discid></DVD_discid>
  <DVD_episodenumber></DVD_episodenumber>
  <DVD_season></DVD_season>
  <Director>Stephen Hopkins</Director>
  <EpImgFlag>2</EpImgFlag>
  <EpisodeName>Mia Culpa</EpisodeName>
  <EpisodeNumber>12</EpisodeNumber>
  <FirstAired>2009-12-13</FirstAired>
  <GuestStars></GuestStars>
  <IMDB_ID></IMDB_ID>
  <Language>en</Language>
  <Overview>As the Moodys at last prepare to move to New York, Becca tells Hank about an intimate coming of age experience she had. Hank’s stunned when Mia shows up at the house unannounced, in town with her slimy boyfriend / manager PAUL for a book signing. Hank fails to prevent Mia and Paul from hatching a devious publicity stunt, forcing Hank to finally share the long-buried heartbreaking secret with Karen. gives Charlie a career opportunity of a lifetime, but Charlie must confront the fact that he might be losing Marcy for good.</Overview>
  <ProductionCode></ProductionCode>
  <Rating>7.9</Rating>
  <RatingCount>94</RatingCount>
  <SeasonNumber>3</SeasonNumber>
  <Writer>Tom Kapinos</Writer>
  <absolute_number>36</absolute_number>
  <filename>episodes/80349/1311031.jpg</filename>
  <lastupdated>1347784475</lastupdated>
  <seasonid>100911</seasonid>
  <seriesid>80349</seriesid>
</Episode>
<Episode>
  <id>1918471</id>
  <Combined_episodenumber>1</Combined_episodenumber>
  <Combined_season>4</Combined_season>
  <DVD_chapter></DVD_chapter>
  <DVD_discid></DVD_discid>
  <DVD_episodenumber></DVD_episodenumber>
  <DVD_season></DVD_season>
  <Director>David Von Ancken</Director>
  <EpImgFlag>3</EpImgFlag>
  <EpisodeName>Exile On Main St.</EpisodeName>
  <EpisodeNumber>1</EpisodeNumber>
  <FirstAired>2011-01-09</FirstAired>
  <GuestStars></GuestStars>
  <IMDB_ID>1656236</IMDB_ID>
  <Language>en</Language>
  <Overview>Just as Hank is released from a 72 hour jail period for assault he is picked up by Charlie and dragged off to show the recent events of F&amp;P with Mia becoming public and dropped into a meeting with a young actress that wants to capitalize on the publicity, and make a movie out of F&amp;P. whom which he later re-enacts F&amp;P in her hotel room. The episode ends with Hank hearing from his lawyer that the assault charges have been dropped and he is then arrested for statutory rape.
</Overview>
  <ProductionCode></ProductionCode>
  <Rating>7.9</Rating>
  <RatingCount>145</RatingCount>
  <SeasonNumber>4</SeasonNumber>
  <Writer>Tom Kapinos</Writer>
  <absolute_number></absolute_number>
  <filename>episodes/80349/1918471.jpg</filename>
  <lastupdated>1347784626</lastupdated>
  <seasonid>215381</seasonid>
  <seriesid>80349</seriesid>
</Episode>
<Episode>
  <id>2350481</id>
  <Combined_episodenumber>2</Combined_episodenumber>
  <Combined_season>4</Combined_season>
  <DVD_chapter></DVD_chapter>
  <DVD_discid></DVD_discid>
  <DVD_episodenumber></DVD_episodenumber>
  <DVD_season></DVD_season>
  <Director>David Duchovny</Director>
  <EpImgFlag>3</EpImgFlag>
  <EpisodeName>Suicide Solution</EpisodeName>
  <EpisodeNumber>2</EpisodeNumber>
  <FirstAired>2011-01-16</FirstAired>
  <GuestStars></GuestStars>
  <IMDB_ID></IMDB_ID>
  <Language>en</Language>
  <Overview>Hank is told he faces 3 years in prison because the DA wants to make an example of him. There are signs Marcy is pregnant. Hank tries to fix things with Becca. The episode ends as Hank high on drugs and liquor writes a letter to Becca and then passes out.</Overview>
  <ProductionCode></ProductionCode>
  <Rating>7.8</Rating>
  <RatingCount>145</RatingCount>
  <SeasonNumber>4</SeasonNumber>
  <Writer>Tom Kapinos</Writer>
  <absolute_number></absolute_number>
  <filename>episodes/80349/2350481.jpg</filename>
  <lastupdated>1347784650</lastupdated>
  <seasonid>215381</seasonid>
  <seriesid>80349</seriesid>
</Episode>
<Episode>
  <id>2350491</id>
  <Combined_episodenumber>3</Combined_episodenumber>
  <Combined_season>4</Combined_season>
  <DVD_chapter></DVD_chapter>
  <DVD_discid></DVD_discid>
  <DVD_episodenumber></DVD_episodenumber>
  <DVD_season></DVD_season>
  <Director>Adam Bernstein</Director>
  <EpImgFlag>3</EpImgFlag>
  <EpisodeName>Home Sweet Home</EpisodeName>
  <EpisodeNumber>3</EpisodeNumber>
  <FirstAired>2011-01-23</FirstAired>
  <GuestStars></GuestStars>
  <IMDB_ID></IMDB_ID>
  <Language>en</Language>
  <Overview>Hank takes advantage of the misperception that he tried to commit suicide and moves back home with Karen and Becca, but his daughter knows the truth; Charlie sets out to reach a sexual benchmark while a wealthy producer pursues Marcy. </Overview>
  <ProductionCode></ProductionCode>
  <Rating>7.6</Rating>
  <RatingCount>138</RatingCount>
  <SeasonNumber>4</SeasonNumber>
  <Writer>Tom Kapinos</Writer>
  <absolute_number></absolute_number>
  <filename>episodes/80349/2350491.jpg</filename>
  <lastupdated>1347784673</lastupdated>
  <seasonid>215381</seasonid>
  <seriesid>80349</seriesid>
</Episode>
<Episode>
  <id>2350501</id>
  <Combined_episodenumber>4</Combined_episodenumber>
  <Combined_season>4</Combined_season>
  <DVD_chapter></DVD_chapter>
  <DVD_discid></DVD_discid>
  <DVD_episodenumber></DVD_episodenumber>
  <DVD_season></DVD_season>
  <Director>Bart Freundlich</Director>
  <EpImgFlag>2</EpImgFlag>
  <EpisodeName>Monkey Business</EpisodeName>
  <EpisodeNumber>4</EpisodeNumber>
  <FirstAired>2011-01-30</FirstAired>
  <GuestStars></GuestStars>
  <IMDB_ID></IMDB_ID>
  <Language>en</Language>
  <Overview>Hank Moody is notified by his attorney Abby that he will be going to trial for statutory rape. But not before Hank hands the completed F&amp;P script to Charlie, who promptly drags him to a meeting with the Director, producer Stu Beggs and eccentric financier Zig Samitaur, setting off a chain of events that leads to Hank and Charlie having to explain why there’s a dead billionaire in the bathroom. </Overview>
  <ProductionCode></ProductionCode>
  <Rating>7.8</Rating>
  <RatingCount>136</RatingCount>
  <SeasonNumber>4</SeasonNumber>
  <Writer>|Gabe Roth|Matt Patterson|</Writer>
  <absolute_number></absolute_number>
  <filename>episodes/80349/2350501.jpg</filename>
  <lastupdated>1364217175</lastupdated>
  <seasonid>215381</seasonid>
  <seriesid>80349</seriesid>
</Episode>
<Episode>
  <id>2350511</id>
  <Combined_episodenumber>5</Combined_episodenumber>
  <Combined_season>4</Combined_season>
  <DVD_chapter></DVD_chapter>
  <DVD_discid></DVD_discid>
  <DVD_episodenumber></DVD_episodenumber>
  <DVD_season></DVD_season>
  <Director>Beth McCarthy Miller</Director>
  <EpImgFlag>2</EpImgFlag>
  <EpisodeName>Freeze Frame</EpisodeName>
  <EpisodeNumber>5</EpisodeNumber>
  <FirstAired>2011-02-06</FirstAired>
  <GuestStars></GuestStars>
  <IMDB_ID></IMDB_ID>
  <Language>en</Language>
  <Overview>After a personal grooming mishap, Charlie discovers that his vasectomy was botched and that Marcy's baby could be his; Hank's relationship with lawyer Abby gets more personal but a good deed yields a compromising photo that could ruin Hank's life.</Overview>
  <ProductionCode></ProductionCode>
  <Rating>7.6</Rating>
  <RatingCount>137</RatingCount>
  <SeasonNumber>4</SeasonNumber>
  <Writer>Tom Kapinos</Writer>
  <absolute_number></absolute_number>
  <filename>episodes/80349/2350511.jpg</filename>
  <lastupdated>1347784730</lastupdated>
  <seasonid>215381</seasonid>
  <seriesid>80349</seriesid>
</Episode>
<Episode>
  <id>2350521</id>
  <Combined_episodenumber>6</Combined_episodenumber>
  <Combined_season>4</Combined_season>
  <DVD_chapter></DVD_chapter>
  <DVD_discid></DVD_discid>
  <DVD_episodenumber></DVD_episodenumber>
  <DVD_season></DVD_season>
  <Director>John Dahl</Director>
  <EpImgFlag>2</EpImgFlag>
  <EpisodeName>Lawyers, Guns and Money</EpisodeName>
  <EpisodeNumber>6</EpisodeNumber>
  <FirstAired>2011-02-13</FirstAired>
  <GuestStars>Rob Lowe</GuestStars>
  <IMDB_ID></IMDB_ID>
  <Language>en</Language>
  <Overview>A sensational photo derails Hank's case and threatens to destroy his movie project until his sincere love for Becca rescues his career, while Karen resuscitates her ex-husband's relationship with his beautiful lawyer.</Overview>
  <ProductionCode></ProductionCode>
  <Rating>7.7</Rating>
  <RatingCount>130</RatingCount>
  <SeasonNumber>4</SeasonNumber>
  <Writer>Vanessa Reisen</Writer>
  <absolute_number></absolute_number>
  <filename>episodes/80349/2350521.jpg</filename>
  <lastupdated>1347784754</lastupdated>
  <seasonid>215381</seasonid>
  <seriesid>80349</seriesid>
</Episode>
<Episode>
  <id>2350531</id>
  <Combined_episodenumber>7</Combined_episodenumber>
  <Combined_season>4</Combined_season>
  <DVD_chapter></DVD_chapter>
  <DVD_discid></DVD_discid>
  <DVD_episodenumber></DVD_episodenumber>
  <DVD_season></DVD_season>
  <Director>Michael Weaver</Director>
  <EpImgFlag>2</EpImgFlag>
  <EpisodeName>The Recused</EpisodeName>
  <EpisodeNumber>7</EpisodeNumber>
  <FirstAired>2011-02-20</FirstAired>
  <GuestStars></GuestStars>
  <IMDB_ID></IMDB_ID>
  <Language>en</Language>
  <Overview>Forced by her relationship with Hank to recuse herself as his lawyer, Abby pitches the case to a senior partner on the golf course; Hank is dismayed by Karen's growing relationship with artist Ben; Marcy and Stu ask Charlie to help them pitch a TV project.</Overview>
  <ProductionCode></ProductionCode>
  <Rating>7.5</Rating>
  <RatingCount>133</RatingCount>
  <SeasonNumber>4</SeasonNumber>
  <Writer>Tom Kapinos</Writer>
  <absolute_number></absolute_number>
  <filename>episodes/80349/2350531.jpg</filename>
  <lastupdated>1347784776</lastupdated>
  <seasonid>215381</seasonid>
  <seriesid>80349</seriesid>
</Episode>
<Episode>
  <id>2350541</id>
  <Combined_episodenumber>8</Combined_episodenumber>
  <Combined_season>4</Combined_season>
  <DVD_chapter></DVD_chapter>
  <DVD_discid></DVD_discid>
  <DVD_episodenumber></DVD_episodenumber>
  <DVD_season></DVD_season>
  <Director>Adam Bernstein</Director>
  <EpImgFlag>2</EpImgFlag>
  <EpisodeName>Lights. Camera. Asshole</EpisodeName>
  <EpisodeNumber>8</EpisodeNumber>
  <FirstAired>2011-02-27</FirstAired>
  <GuestStars></GuestStars>
  <IMDB_ID></IMDB_ID>
  <Language>en</Language>
  <Overview>Hank takes a gig rewriting dialogue on a zombie sequel but threatens his job when he hooks up with a sexy woman with close ties to the film's female lead; Marcy tells Stu she's pregnant but not that the baby may be Charlie's.

</Overview>
  <ProductionCode></ProductionCode>
  <Rating>7.7</Rating>
  <RatingCount>127</RatingCount>
  <SeasonNumber>4</SeasonNumber>
  <Writer>Tom Kapinos</Writer>
  <absolute_number></absolute_number>
  <filename>episodes/80349/2350541.jpg</filename>
  <lastupdated>1347784801</lastupdated>
  <seasonid>215381</seasonid>
  <seriesid>80349</seriesid>
</Episode>
<Episode>
  <id>2350551</id>
  <Combined_episodenumber>9</Combined_episodenumber>
  <Combined_season>4</Combined_season>
  <DVD_chapter></DVD_chapter>
  <DVD_discid></DVD_discid>
  <DVD_episodenumber></DVD_episodenumber>
  <DVD_season></DVD_season>
  <Director>Michael Lehmann</Director>
  <EpImgFlag>2</EpImgFlag>
  <EpisodeName>Another Perfect Day</EpisodeName>
  <EpisodeNumber>9</EpisodeNumber>
  <FirstAired>2011-03-06</FirstAired>
  <GuestStars></GuestStars>
  <IMDB_ID></IMDB_ID>
  <Language>en</Language>
  <Overview>Evicted from his apartment, Hank moves back in with Karen and Becca while he prepares for his trial and teaches his daughter to drive; while Karen's out on a date with Ben, Becca and Pearl steal the Porsche and wreck it. </Overview>
  <ProductionCode></ProductionCode>
  <Rating>7.5</Rating>
  <RatingCount>123</RatingCount>
  <SeasonNumber>4</SeasonNumber>
  <Writer>Tom Kapinos|Gabriel Roth</Writer>
  <absolute_number></absolute_number>
  <filename>episodes/80349/2350551.jpg</filename>
  <lastupdated>1347784824</lastupdated>
  <seasonid>215381</seasonid>
  <seriesid>80349</seriesid>
</Episode>
<Episode>
  <id>2350561</id>
  <Combined_episodenumber>10</Combined_episodenumber>
  <Combined_season>4</Combined_season>
  <DVD_chapter></DVD_chapter>
  <DVD_discid></DVD_discid>
  <DVD_episodenumber></DVD_episodenumber>
  <DVD_season></DVD_season>
  <Director>Seith Mann</Director>
  <EpImgFlag>2</EpImgFlag>
  <EpisodeName>The Trial</EpisodeName>
  <EpisodeNumber>10</EpisodeNumber>
  <FirstAired>2011-03-13</FirstAired>
  <GuestStars></GuestStars>
  <IMDB_ID></IMDB_ID>
  <Language>en</Language>
  <Overview>A nervous Hank discovers that he's got good reason to panic when his trial turns into an all-out character assassination, with even friendly witnesses Charlie and Karen unable to portray him as anything other than a drunken, oversexed lout.</Overview>
  <ProductionCode></ProductionCode>
  <Rating>7.6</Rating>
  <RatingCount>130</RatingCount>
  <SeasonNumber>4</SeasonNumber>
  <Writer>Tom Kapinos</Writer>
  <absolute_number></absolute_number>
  <filename>episodes/80349/2350561.jpg</filename>
  <lastupdated>1347784846</lastupdated>
  <seasonid>215381</seasonid>
  <seriesid>80349</seriesid>
</Episode>
<Episode>
  <id>2350571</id>
  <Combined_episodenumber>11</Combined_episodenumber>
  <Combined_season>4</Combined_season>
  <DVD_chapter></DVD_chapter>
  <DVD_discid></DVD_discid>
  <DVD_episodenumber></DVD_episodenumber>
  <DVD_season></DVD_season>
  <Director>John Dahl</Director>
  <EpImgFlag>2</EpImgFlag>
  <EpisodeName>The Last Supper</EpisodeName>
  <EpisodeNumber>11</EpisodeNumber>
  <FirstAired>2011-03-20</FirstAired>
  <GuestStars></GuestStars>
  <IMDB_ID></IMDB_ID>
  <Language>en</Language>
  <Overview>Found guilty of statutory rape, Hank buys a used Porsche and considers fleeing from Los Angeles, but instead enjoys one last night in the company of his friends and family.</Overview>
  <ProductionCode></ProductionCode>
  <Rating>7.5</Rating>
  <RatingCount>132</RatingCount>
  <SeasonNumber>4</SeasonNumber>
  <Writer>Tom Kapinos</Writer>
  <absolute_number></absolute_number>
  <filename>episodes/80349/2350571.jpg</filename>
  <lastupdated>1347784873</lastupdated>
  <seasonid>215381</seasonid>
  <seriesid>80349</seriesid>
</Episode>
<Episode>
  <id>2350581</id>
  <Combined_episodenumber>12</Combined_episodenumber>
  <Combined_season>4</Combined_season>
  <DVD_chapter></DVD_chapter>
  <DVD_discid></DVD_discid>
  <DVD_episodenumber></DVD_episodenumber>
  <DVD_season></DVD_season>
  <Director>Adam Bernstein</Director>
  <EpImgFlag>2</EpImgFlag>
  <EpisodeName>...And Justice for All</EpisodeName>
  <EpisodeNumber>12</EpisodeNumber>
  <FirstAired>2011-03-27</FirstAired>
  <GuestStars></GuestStars>
  <IMDB_ID></IMDB_ID>
  <Language>en</Language>
  <Overview>As Hank awaits sentencing, the lines between his real life and the movie based on his life blur as the film's star hits on his ex-wife and he feels stirrings of passion for the actress hired to play Karen.</Overview>
  <ProductionCode></ProductionCode>
  <Rating>8.1</Rating>
  <RatingCount>125</RatingCount>
  <SeasonNumber>4</SeasonNumber>
  <Writer>Tom Kapinos</Writer>
  <absolute_number></absolute_number>
  <filename>episodes/80349/2350581.jpg</filename>
  <lastupdated>1355684072</lastupdated>
  <seasonid>215381</seasonid>
  <seriesid>80349</seriesid>
</Episode>
<Episode>
  <id>4226914</id>
  <Combined_episodenumber>1</Combined_episodenumber>
  <Combined_season>5</Combined_season>
  <DVD_chapter></DVD_chapter>
  <DVD_discid></DVD_discid>
  <DVD_episodenumber></DVD_episodenumber>
  <DVD_season></DVD_season>
  <Director>John Dahl</Director>
  <EpImgFlag>2</EpImgFlag>
  <EpisodeName>JFK to LAX</EpisodeName>
  <EpisodeNumber>1</EpisodeNumber>
  <FirstAired>2012-01-08</FirstAired>
  <GuestStars></GuestStars>
  <IMDB_ID>1928453</IMDB_ID>
  <Language>en</Language>
  <Overview>In the Season 5 premiere, a few years have passed and Hank is living in New York but looking for a ticket out of town after his latest breakup. He accepts an invitation from Charlie to come to Los Angeles for a job writing a film starring rapper/actor Samurai Apolcaypse, then reunites with Karen, her former professor and now-husband Richard, and his daughter Becca, who now has a boyfriend named Tyler that is the spitting image of Hank himself ... in the worst possible way.</Overview>
  <ProductionCode></ProductionCode>
  <Rating>7.7</Rating>
  <RatingCount>100</RatingCount>
  <SeasonNumber>5</SeasonNumber>
  <Writer>Tom Kapinos</Writer>
  <absolute_number>49</absolute_number>
  <filename>episodes/80349/4226914.jpg</filename>
  <lastupdated>1362479085</lastupdated>
  <seasonid>471103</seasonid>
  <seriesid>80349</seriesid>
</Episode>
<Episode>
  <id>4226915</id>
  <Combined_episodenumber>2</Combined_episodenumber>
  <Combined_season>5</Combined_season>
  <DVD_chapter></DVD_chapter>
  <DVD_discid></DVD_discid>
  <DVD_episodenumber></DVD_episodenumber>
  <DVD_season></DVD_season>
  <Director>David Duchovny</Director>
  <EpImgFlag>2</EpImgFlag>
  <EpisodeName>The Way of the Fist</EpisodeName>
  <EpisodeNumber>2</EpisodeNumber>
  <FirstAired>2012-01-15</FirstAired>
  <GuestStars>Vanessa Angel, Jason Beghe</GuestStars>
  <IMDB_ID></IMDB_ID>
  <Language>en</Language>
  <Overview>Hank passes on writing Samurai Apocalypse's new movie but Sam won't take no for an answer and drags Hank to a meeting with director Peter Berg, where they discover that Hank and Peter have shared more than just a love of the written word. Sam takes it on himself to get rid of Tyler, which makes things worse between Hank and Becca. Co-parents Charlie, Marcy and Stu have their hands full when Little Stuart exposes himself to a preschool classmate, and Charlie takes it upon himself to mend fences with the offended girl's attractive mother.</Overview>
  <ProductionCode></ProductionCode>
  <Rating>7.7</Rating>
  <RatingCount>116</RatingCount>
  <SeasonNumber>5</SeasonNumber>
  <Writer>Tom Kapinos</Writer>
  <absolute_number>50</absolute_number>
  <filename>episodes/80349/4226915.jpg</filename>
  <lastupdated>1362479097</lastupdated>
  <seasonid>471103</seasonid>
  <seriesid>80349</seriesid>
</Episode>
<Episode>
  <id>4226916</id>
  <Combined_episodenumber>3</Combined_episodenumber>
  <Combined_season>5</Combined_season>
  <DVD_chapter></DVD_chapter>
  <DVD_discid></DVD_discid>
  <DVD_episodenumber></DVD_episodenumber>
  <DVD_season></DVD_season>
  <Director>Seith Mann</Director>
  <EpImgFlag>2</EpImgFlag>
  <EpisodeName>Boys &amp; Girls</EpisodeName>
  <EpisodeNumber>3</EpisodeNumber>
  <FirstAired>2012-01-22</FirstAired>
  <GuestStars></GuestStars>
  <IMDB_ID></IMDB_ID>
  <Language>en</Language>
  <Overview>Hank hands a completed draft of &quot;Santa Monica Cop&quot; over to Samurai Apocalypse, but he still finds himself stuck in L.A. when he's asked to take Kali, his &quot;acquaintance&quot; from the flight to Los Angles, out for a night on the town. Tyler crashes at Karen and Becca's house while he recovers from his injuries. Charlie is rescued from  a serious parental crisis by Stuart's nanny, Lizzie.</Overview>
  <ProductionCode></ProductionCode>
  <Rating>7.5</Rating>
  <RatingCount>115</RatingCount>
  <SeasonNumber>5</SeasonNumber>
  <Writer>Tom Kapinos</Writer>
  <absolute_number></absolute_number>
  <filename>episodes/80349/4226916.jpg</filename>
  <lastupdated>1362479109</lastupdated>
  <seasonid>471103</seasonid>
  <seriesid>80349</seriesid>
</Episode>
<Episode>
  <id>4226917</id>
  <Combined_episodenumber>4</Combined_episodenumber>
  <Combined_season>5</Combined_season>
  <DVD_chapter></DVD_chapter>
  <DVD_discid></DVD_discid>
  <DVD_episodenumber></DVD_episodenumber>
  <DVD_season></DVD_season>
  <Director>Bart Freundlich</Director>
  <EpImgFlag>2</EpImgFlag>
  <EpisodeName>Waiting for the Miracle</EpisodeName>
  <EpisodeNumber>4</EpisodeNumber>
  <FirstAired>2012-01-29</FirstAired>
  <GuestStars></GuestStars>
  <IMDB_ID></IMDB_ID>
  <Language>en</Language>
  <Overview>Hank receives an unwelcome surprise in the form of Carrie, ex-girlfriend and arsonist that he's forced to invite along when Karen and Becca show up to invite him to a dinner party. Stu, Marcy and Bates' talk of sexual proclivities leaves the Moodys searching for the nearest exit, but the party gets even more out of control when Carrie has a realization about Hank. Meanwhile, Charlie goes on a blind date with Mary, a &quot;nice girl&quot; who's more than a little inexperienced.</Overview>
  <ProductionCode></ProductionCode>
  <Rating>7.7</Rating>
  <RatingCount>112</RatingCount>
  <SeasonNumber>5</SeasonNumber>
  <Writer>Tom Kapinos</Writer>
  <absolute_number></absolute_number>
  <filename>episodes/80349/4226917.jpg</filename>
  <lastupdated>1362479121</lastupdated>
  <seasonid>471103</seasonid>
  <seriesid>80349</seriesid>
</Episode>
<Episode>
  <id>4226918</id>
  <Combined_episodenumber>5</Combined_episodenumber>
  <Combined_season>5</Combined_season>
  <DVD_chapter></DVD_chapter>
  <DVD_discid></DVD_discid>
  <DVD_episodenumber></DVD_episodenumber>
  <DVD_season></DVD_season>
  <Director>Millicent Shelton</Director>
  <EpImgFlag>2</EpImgFlag>
  <EpisodeName>The Ride Along</EpisodeName>
  <EpisodeNumber>5</EpisodeNumber>
  <FirstAired>2012-02-05</FirstAired>
  <GuestStars></GuestStars>
  <IMDB_ID></IMDB_ID>
  <Language>en</Language>
  <Overview>Charlie's boyhood dream is realized and Hank's worst nightmare comes true when Samurai Apocalypse invites the boys on a ride-along with the Santa Monica Police Department and takes them on a joyride that goes sexually awry for Charlie; Richard hits the bottle at a crowded Venice restaurant but Hank and the boys arrive to save the day for Karen and Becca, and Tyler realizes he's seen Sam somewhere before.</Overview>
  <ProductionCode></ProductionCode>
  <Rating>7.8</Rating>
  <RatingCount>112</RatingCount>
  <SeasonNumber>5</SeasonNumber>
  <Writer>Tom Kapinos</Writer>
  <absolute_number></absolute_number>
  <filename>episodes/80349/4226918.jpg</filename>
  <lastupdated>1360350640</lastupdated>
  <seasonid>471103</seasonid>
  <seriesid>80349</seriesid>
</Episode>
<Episode>
  <id>4226919</id>
  <Combined_episodenumber>6</Combined_episodenumber>
  <Combined_season>5</Combined_season>
  <DVD_chapter></DVD_chapter>
  <DVD_discid></DVD_discid>
  <DVD_episodenumber></DVD_episodenumber>
  <DVD_season></DVD_season>
  <Director>Eric Stoltz</Director>
  <EpImgFlag>2</EpImgFlag>
  <EpisodeName>Love Song</EpisodeName>
  <EpisodeNumber>6</EpisodeNumber>
  <FirstAired>2012-02-12</FirstAired>
  <GuestStars></GuestStars>
  <IMDB_ID></IMDB_ID>
  <Language>en</Language>
  <Overview>When Samurai Apocalypse hits a lyrical roadblock with his protege, he calls on the best writer he knows: Hank Moody, who unites with Kali to imbibe, bear his soul, and write a song that takes Hank back in time to an era when he, Karen and Charlie were happier and life was simpler before &quot;A Crazy Little Thing Called Love.&quot; But the present comes roaring back when Karen shows up at Hank's door, worried that she made a mistake.</Overview>
  <ProductionCode></ProductionCode>
  <Rating>7.7</Rating>
  <RatingCount>104</RatingCount>
  <SeasonNumber>5</SeasonNumber>
  <Writer>Tom Kapinos</Writer>
  <absolute_number></absolute_number>
  <filename>episodes/80349/4226919.jpg</filename>
  <lastupdated>1360350656</lastupdated>
  <seasonid>471103</seasonid>
  <seriesid>80349</seriesid>
</Episode>
<Episode>
  <id>4226920</id>
  <Combined_episodenumber>7</Combined_episodenumber>
  <Combined_season>5</Combined_season>
  <DVD_chapter></DVD_chapter>
  <DVD_discid></DVD_discid>
  <DVD_episodenumber></DVD_episodenumber>
  <DVD_season></DVD_season>
  <Director>Michael Weaver</Director>
  <EpImgFlag>2</EpImgFlag>
  <EpisodeName>Here I Go Again</EpisodeName>
  <EpisodeNumber>7</EpisodeNumber>
  <FirstAired>2012-02-19</FirstAired>
  <GuestStars>Drea De Matteo</GuestStars>
  <IMDB_ID></IMDB_ID>
  <Language>en</Language>
  <Overview>Hank saves Karen from embarrassment with a drunk Richard, then covers for Richard by pretending to be dating a stripper named Holly, who takes a liking to Tyler and offends his girlfriend, Becca. Meanwhile, when she's fired after an inappropriate encounter with Stu, nanny Lizzie calls on Charlie and allows their relationship to progress, only to have Marcy beg for her return.</Overview>
  <ProductionCode></ProductionCode>
  <Rating>7.7</Rating>
  <RatingCount>103</RatingCount>
  <SeasonNumber>5</SeasonNumber>
  <Writer>Tom Kapinos</Writer>
  <absolute_number></absolute_number>
  <filename>episodes/80349/4226920.jpg</filename>
  <lastupdated>1362486076</lastupdated>
  <seasonid>471103</seasonid>
  <seriesid>80349</seriesid>
</Episode>
<Episode>
  <id>4145966</id>
  <Combined_episodenumber>8</Combined_episodenumber>
  <Combined_season>5</Combined_season>
  <DVD_chapter></DVD_chapter>
  <DVD_discid></DVD_discid>
  <DVD_episodenumber></DVD_episodenumber>
  <DVD_season></DVD_season>
  <Director>Bart Freundlich</Director>
  <EpImgFlag>2</EpImgFlag>
  <EpisodeName>Raw</EpisodeName>
  <EpisodeNumber>8</EpisodeNumber>
  <FirstAired>2012-03-04</FirstAired>
  <GuestStars></GuestStars>
  <IMDB_ID></IMDB_ID>
  <Language>en</Language>
  <Overview>Hank is stuck reading Tyler's screenplay but discovers some talent under that head of hair, even though the script appears to be disturbingly autobiographical account of the author's relationship with Becca. Charlie and Lizzie's love quadrangle with Stu and Marcy heats up, but when their bedroom games hit too close to home for Charlie, it may be off to therapy for all four of them.</Overview>
  <ProductionCode></ProductionCode>
  <Rating>7.8</Rating>
  <RatingCount>100</RatingCount>
  <SeasonNumber>5</SeasonNumber>
  <Writer>Tom Kapinos</Writer>
  <absolute_number></absolute_number>
  <filename>episodes/80349/4145966.jpg</filename>
  <lastupdated>1362486103</lastupdated>
  <seasonid>471103</seasonid>
  <seriesid>80349</seriesid>
</Episode>
<Episode>
  <id>4220086</id>
  <Combined_episodenumber>9</Combined_episodenumber>
  <Combined_season>5</Combined_season>
  <DVD_chapter></DVD_chapter>
  <DVD_discid></DVD_discid>
  <DVD_episodenumber></DVD_episodenumber>
  <DVD_season></DVD_season>
  <Director>Helen Hunt</Director>
  <EpImgFlag>2</EpImgFlag>
  <EpisodeName>At the Movies</EpisodeName>
  <EpisodeNumber>9</EpisodeNumber>
  <FirstAired>2012-03-11</FirstAired>
  <GuestStars>Sarah Power</GuestStars>
  <IMDB_ID></IMDB_ID>
  <Language>en</Language>
  <Overview>On the first day of production on Hank Moody's latest movie &quot;Santa Monica Cop,&quot; Stu has brought back his &quot;F--king and Punching&quot; director in hopes of creating a cinematic masterpiece, but Hank's rendezvous with the film's leading lady puts his relationship with Sam in jeopardy. Luckily for Hank, Stu and the production's crew, Charlie has a backup plan.</Overview>
  <ProductionCode></ProductionCode>
  <Rating>7.6</Rating>
  <RatingCount>101</RatingCount>
  <SeasonNumber>5</SeasonNumber>
  <Writer>Tom Kapinos</Writer>
  <absolute_number></absolute_number>
  <filename>episodes/80349/4220086.jpg</filename>
  <lastupdated>1364299347</lastupdated>
  <seasonid>471103</seasonid>
  <seriesid>80349</seriesid>
</Episode>
<Episode>
  <id>4220087</id>
  <Combined_episodenumber>10</Combined_episodenumber>
  <Combined_season>5</Combined_season>
  <DVD_chapter></DVD_chapter>
  <DVD_discid></DVD_discid>
  <DVD_episodenumber></DVD_episodenumber>
  <DVD_season></DVD_season>
  <Director>Bart Freundlich</Director>
  <EpImgFlag>2</EpImgFlag>
  <EpisodeName>Perverts &amp; Whores</EpisodeName>
  <EpisodeNumber>10</EpisodeNumber>
  <FirstAired>2012-03-18</FirstAired>
  <GuestStars></GuestStars>
  <IMDB_ID></IMDB_ID>
  <Language>en</Language>
  <Overview>Minus one agent and best friend, Hank crashes with his two favorite ladies, Karen and Becca. Looking for new representation, he meets with Hollywood power agent Larry Levine, who quickly sets a meeting with world-class filmmaker and Hank Moody idol Lars Manderhoff. It may be a match made in heaven when Lars surprises Hank with one of his favorite working girls, Trixie (guest star Judy Greer). Distraught over his personal losses, Charlie seeks comfort from Marcy while Lizzie enjoys her big break, a part in &quot;Santa Monica Cop&quot; courtesy of Stu.</Overview>
  <ProductionCode></ProductionCode>
  <Rating>7.6</Rating>
  <RatingCount>94</RatingCount>
  <SeasonNumber>5</SeasonNumber>
  <Writer>Tom Kapinos</Writer>
  <absolute_number></absolute_number>
  <filename>episodes/80349/4220087.jpg</filename>
  <lastupdated>1362486236</lastupdated>
  <seasonid>471103</seasonid>
  <seriesid>80349</seriesid>
</Episode>
<Episode>
  <id>4220088</id>
  <Combined_episodenumber>11</Combined_episodenumber>
  <Combined_season>5</Combined_season>
  <DVD_chapter></DVD_chapter>
  <DVD_discid></DVD_discid>
  <DVD_episodenumber></DVD_episodenumber>
  <DVD_season></DVD_season>
  <Director>Michael Lehmann</Director>
  <EpImgFlag>2</EpImgFlag>
  <EpisodeName>The Party</EpisodeName>
  <EpisodeNumber>11</EpisodeNumber>
  <FirstAired>2012-03-25</FirstAired>
  <GuestStars></GuestStars>
  <IMDB_ID></IMDB_ID>
  <Language>en</Language>
  <Overview>Hank overstays his welcome at the house of Karen and Richard and hits the road with one last stop at Malibar, where he runs into Lizzie, who uses her newly acquired acting chops to lure him back to the Runkle Manor. Once there, Hank is surprised by everyone he loves and loathes: Karen, Becca, Charlie, Marcy, Stu, Richard and his creepy sponsor, Gabriel. Even Sam and Kali show up, but it's not a party until someone gets hurt and luckily for these partygoers, Hank has it in him for one final run-in with Tyler.</Overview>
  <ProductionCode></ProductionCode>
  <Rating>7.7</Rating>
  <RatingCount>91</RatingCount>
  <SeasonNumber>5</SeasonNumber>
  <Writer>Tom Kapinos</Writer>
  <absolute_number></absolute_number>
  <filename>episodes/80349/4220088.jpg</filename>
  <lastupdated>1364299330</lastupdated>
  <seasonid>471103</seasonid>
  <seriesid>80349</seriesid>
</Episode>
<Episode>
  <id>4226913</id>
  <Combined_episodenumber>12</Combined_episodenumber>
  <Combined_season>5</Combined_season>
  <DVD_chapter></DVD_chapter>
  <DVD_discid></DVD_discid>
  <DVD_episodenumber></DVD_episodenumber>
  <DVD_season></DVD_season>
  <Director>Adam Bernstein</Director>
  <EpImgFlag>2</EpImgFlag>
  <EpisodeName>Hell Ain't a Bad Place to Be</EpisodeName>
  <EpisodeNumber>12</EpisodeNumber>
  <FirstAired>2012-04-01</FirstAired>
  <GuestStars></GuestStars>
  <IMDB_ID></IMDB_ID>
  <Language>en</Language>
  <Overview>Hank discovers the bartender at a local watering hole is his late friend Lew Ashby and wonders if he's in Hell. Richard makes a startling announcement about Hank and Karen. Hank tries to make things right with Becca, but her news about Tyler leaves him stunned. On the set of &quot;Santa Monica Cop,&quot; Sam's jealousy and fondness for firearms give Charlie an opportunity to show how much he loves his best friend and number-one client; Hank's arsonist ex-girlfriend surprises him with a way for them to be together forever.</Overview>
  <ProductionCode></ProductionCode>
  <Rating>7.7</Rating>
  <RatingCount>85</RatingCount>
  <SeasonNumber>5</SeasonNumber>
  <Writer>Tom Kapinos</Writer>
  <absolute_number></absolute_number>
  <filename>episodes/80349/4226913.jpg</filename>
  <lastupdated>1362486281</lastupdated>
  <seasonid>471103</seasonid>
  <seriesid>80349</seriesid>
</Episode>
<Episode>
  <id>4292738</id>
  <Combined_episodenumber>1</Combined_episodenumber>
  <Combined_season>6</Combined_season>
  <DVD_chapter></DVD_chapter>
  <DVD_discid></DVD_discid>
  <DVD_episodenumber></DVD_episodenumber>
  <DVD_season></DVD_season>
  <Director>David Duchovny</Director>
  <EpImgFlag>2</EpImgFlag>
  <EpisodeName>The Unforgiven</EpisodeName>
  <EpisodeNumber>1</EpisodeNumber>
  <FirstAired>2013-01-13</FirstAired>
  <GuestStars>Alexandra Barreto|Chris Gann|Kristina Kruz|Elizabeth Nicole|Carter Sand|Lyndon Smith|</GuestStars>
  <IMDB_ID>tt2340325</IMDB_ID>
  <Language>en</Language>
  <Overview>Hank Moody narrowly survives the aftermath of his scorned ex-lover Carrie; her attempted suicide to see them both together, free from the constraints around them. Charlie takes Hank to see Atticus Fetch, a rocker who is interested in turning &quot;A Crazy Little Thing Called Love&quot; into a Broadway show. Meanwhile, Karen, Marcy and Charlie have to deal with Hank, after a revelation about Becca.</Overview>
  <ProductionCode></ProductionCode>
  <Rating>7.6</Rating>
  <RatingCount>52</RatingCount>
  <SeasonNumber>6</SeasonNumber>
  <Writer>Tom Kapinos</Writer>
  <absolute_number></absolute_number>
  <filename>episodes/80349/4292738.jpg</filename>
  <lastupdated>1364299495</lastupdated>
  <seasonid>488427</seasonid>
  <seriesid>80349</seriesid>
</Episode>
<Episode>
  <id>4342563</id>
  <Combined_episodenumber>2</Combined_episodenumber>
  <Combined_season>6</Combined_season>
  <DVD_chapter></DVD_chapter>
  <DVD_discid></DVD_discid>
  <DVD_episodenumber></DVD_episodenumber>
  <DVD_season></DVD_season>
  <Director>John Dahl</Director>
  <EpImgFlag>2</EpImgFlag>
  <EpisodeName>Quitters</EpisodeName>
  <EpisodeNumber>2</EpisodeNumber>
  <FirstAired>2013-01-20</FirstAired>
  <GuestStars>Maggie Grace</GuestStars>
  <IMDB_ID>tt2395677</IMDB_ID>
  <Language>en</Language>
  <Overview>Hank reluctantly heeds the advice from his family and friends, but Faith, muse to many-a-rock-star, may be his light at the end of the tunnel. Charlie runs into out-and-proud movie star Robbie Mac and finds himself taking drastic action in order to land the award winner as a client. Marcy loses her resolve with Stu, while Karen lands a new job.</Overview>
  <ProductionCode></ProductionCode>
  <Rating>7.5</Rating>
  <RatingCount>49</RatingCount>
  <SeasonNumber>6</SeasonNumber>
  <Writer>Tom Kapinos</Writer>
  <absolute_number>62</absolute_number>
  <filename>episodes/80349/4342563.jpg</filename>
  <lastupdated>1364810194</lastupdated>
  <seasonid>488427</seasonid>
  <seriesid>80349</seriesid>
</Episode>
<Episode>
  <id>4342564</id>
  <Combined_episodenumber>3</Combined_episodenumber>
  <Combined_season>6</Combined_season>
  <DVD_chapter></DVD_chapter>
  <DVD_discid></DVD_discid>
  <DVD_episodenumber></DVD_episodenumber>
  <DVD_season></DVD_season>
  <Director>Adam Bernstein</Director>
  <EpImgFlag>2</EpImgFlag>
  <EpisodeName>Dead Rock Stars</EpisodeName>
  <EpisodeNumber>3</EpisodeNumber>
  <FirstAired>2013-01-27</FirstAired>
  <GuestStars>Patrick Fischler|Maggie Grace|</GuestStars>
  <IMDB_ID>tt2402285</IMDB_ID>
  <Language>en</Language>
  <Overview>Hank and Faith attend a funeral. Later, Karen finds Hank in a compromising position. Robbie Mac and Ken take Charlie out on the town, which doesn't sit well with Marcy.</Overview>
  <ProductionCode></ProductionCode>
  <Rating>7.7</Rating>
  <RatingCount>44</RatingCount>
  <SeasonNumber>6</SeasonNumber>
  <Writer>Tom Kapinos</Writer>
  <absolute_number>63</absolute_number>
  <filename>episodes/80349/4342564.jpg</filename>
  <lastupdated>1364809472</lastupdated>
  <seasonid>488427</seasonid>
  <seriesid>80349</seriesid>
</Episode>
<Episode>
  <id>4345573</id>
  <Combined_episodenumber>4</Combined_episodenumber>
  <Combined_season>6</Combined_season>
  <DVD_chapter></DVD_chapter>
  <DVD_discid></DVD_discid>
  <DVD_episodenumber></DVD_episodenumber>
  <DVD_season></DVD_season>
  <Director>David Von Ancken</Director>
  <EpImgFlag>2</EpImgFlag>
  <EpisodeName>Hell Bent for Leather</EpisodeName>
  <EpisodeNumber>4</EpisodeNumber>
  <FirstAired>2013-02-10</FirstAired>
  <GuestStars>Alissa Dean|Allison McAtee|Desiree Perry|Johann Urb|Maggie Wheeler|</GuestStars>
  <IMDB_ID>tt2402287</IMDB_ID>
  <Language>en</Language>
  <Overview>Hank and Charlie's meeting with Robbie Mac isn't as promising as they hoped; and later, Hank reconnects with an entertainment exec he'd worked with. Meanwhile, Marcy, Ophelia and Karen swap tales over dinner, while Becca proves she's her father's daughter at a reading of her work.</Overview>
  <ProductionCode></ProductionCode>
  <Rating>7.6</Rating>
  <RatingCount>38</RatingCount>
  <SeasonNumber>6</SeasonNumber>
  <Writer>Tom Kapinos</Writer>
  <absolute_number></absolute_number>
  <filename>episodes/80349/4345573.jpg</filename>
  <lastupdated>1364809515</lastupdated>
  <seasonid>488427</seasonid>
  <seriesid>80349</seriesid>
</Episode>
<Episode>
  <id>4345574</id>
  <Combined_episodenumber>5</Combined_episodenumber>
  <Combined_season>6</Combined_season>
  <DVD_chapter></DVD_chapter>
  <DVD_discid></DVD_discid>
  <DVD_episodenumber></DVD_episodenumber>
  <DVD_season></DVD_season>
  <Director>David Von Ancken</Director>
  <EpImgFlag>2</EpImgFlag>
  <EpisodeName>Rock and a Hard Place</EpisodeName>
  <EpisodeNumber>5</EpisodeNumber>
  <FirstAired>2013-02-17</FirstAired>
  <GuestStars>Meghan Falcone</GuestStars>
  <IMDB_ID>tt2170308</IMDB_ID>
  <Language>en</Language>
  <Overview>Ken discovers Charlie’s secret. Atticus sends Hank and Charlie on a hunt, so they enlist the help of Hank’s daughter Becca. Marcy makes a decision about Stu that is influenced by her man-hating spiritual guide, Ophelia Robbins.</Overview>
  <ProductionCode></ProductionCode>
  <Rating>7.4</Rating>
  <RatingCount>35</RatingCount>
  <SeasonNumber>6</SeasonNumber>
  <Writer>Tom Kapinos</Writer>
  <absolute_number></absolute_number>
  <filename>episodes/80349/4345574.jpg</filename>
  <lastupdated>1364809543</lastupdated>
  <seasonid>488427</seasonid>
  <seriesid>80349</seriesid>
</Episode>
<Episode>
  <id>4345575</id>
  <Combined_episodenumber>6</Combined_episodenumber>
  <Combined_season>6</Combined_season>
  <DVD_chapter></DVD_chapter>
  <DVD_discid></DVD_discid>
  <DVD_episodenumber></DVD_episodenumber>
  <DVD_season></DVD_season>
  <Director></Director>
  <EpImgFlag>2</EpImgFlag>
  <EpisodeName>In the Clouds</EpisodeName>
  <EpisodeNumber>6</EpisodeNumber>
  <FirstAired>2013-02-24</FirstAired>
  <GuestStars></GuestStars>
  <IMDB_ID>tt2231856</IMDB_ID>
  <Language>en</Language>
  <Overview>Karen asks Hank to intervene with Becca. Later, the boys board Air Force 69 with Atticus Fetch to fly to NYC to present the songs for the Broadway adaptation of &quot;A Crazy Little Thing Called Love.&quot; Charlie faces a serious case of aerophobia. Atticus is surprised by Faith, while his wife surprises Hank.</Overview>
  <ProductionCode></ProductionCode>
  <Rating>7.8</Rating>
  <RatingCount>40</RatingCount>
  <SeasonNumber>6</SeasonNumber>
  <Writer></Writer>
  <absolute_number></absolute_number>
  <filename>episodes/80349/4345575.jpg</filename>
  <lastupdated>1364809564</lastupdated>
  <seasonid>488427</seasonid>
  <seriesid>80349</seriesid>
</Episode>
<Episode>
  <id>4442878</id>
  <Combined_episodenumber>7</Combined_episodenumber>
  <Combined_season>6</Combined_season>
  <DVD_chapter></DVD_chapter>
  <DVD_discid></DVD_discid>
  <DVD_episodenumber></DVD_episodenumber>
  <DVD_season></DVD_season>
  <Director>Michael Weaver</Director>
  <EpImgFlag>2</EpImgFlag>
  <EpisodeName>The Dope Show</EpisodeName>
  <EpisodeNumber>7</EpisodeNumber>
  <FirstAired>2013-03-03</FirstAired>
  <GuestStars>Marilyn Manson|Stacey Scowley|Tim Minchin|</GuestStars>
  <IMDB_ID>tt2247946</IMDB_ID>
  <Language>en</Language>
  <Overview>Hank returns from his trip to find Becca spiraling, but his plan to help her backfires when they go to visit Atticus and meet his current house guest (guest star MARILYN MANSON as himself). Hank has an encounter that puts him in a very awkward position with Karen. Charlie takes Stuart out for the day and has an encounter of his own.</Overview>
  <ProductionCode></ProductionCode>
  <Rating>7.8</Rating>
  <RatingCount>36</RatingCount>
  <SeasonNumber>6</SeasonNumber>
  <Writer>Tom Kapinos</Writer>
  <absolute_number></absolute_number>
  <filename>episodes/80349/4442878.jpg</filename>
  <lastupdated>1364809584</lastupdated>
  <seasonid>488427</seasonid>
  <seriesid>80349</seriesid>
</Episode>
<Episode>
  <id>4442879</id>
  <Combined_episodenumber>8</Combined_episodenumber>
  <Combined_season>6</Combined_season>
  <DVD_chapter></DVD_chapter>
  <DVD_discid></DVD_discid>
  <DVD_episodenumber></DVD_episodenumber>
  <DVD_season></DVD_season>
  <Director>Seith Mann</Director>
  <EpImgFlag>2</EpImgFlag>
  <EpisodeName>Everybody's a Fucking Critic</EpisodeName>
  <EpisodeNumber>8</EpisodeNumber>
  <FirstAired>2013-03-10</FirstAired>
  <GuestStars></GuestStars>
  <IMDB_ID>tt2325020</IMDB_ID>
  <Language>en</Language>
  <Overview>Becca contemplates career choices. Charlie and Stu try to win back Marcy.</Overview>
  <ProductionCode></ProductionCode>
  <Rating>7.7</Rating>
  <RatingCount>34</RatingCount>
  <SeasonNumber>6</SeasonNumber>
  <Writer>Tom Kapinos</Writer>
  <absolute_number></absolute_number>
  <filename>episodes/80349/4442879.jpg</filename>
  <lastupdated>1364810670</lastupdated>
  <seasonid>488427</seasonid>
  <seriesid>80349</seriesid>
</Episode>
<Episode>
  <id>4442880</id>
  <Combined_episodenumber>9</Combined_episodenumber>
  <Combined_season>6</Combined_season>
  <DVD_chapter></DVD_chapter>
  <DVD_discid></DVD_discid>
  <DVD_episodenumber></DVD_episodenumber>
  <DVD_season></DVD_season>
  <Director></Director>
  <EpImgFlag>2</EpImgFlag>
  <EpisodeName>Mad Dogs and Englishmen</EpisodeName>
  <EpisodeNumber>9</EpisodeNumber>
  <FirstAired>2013-03-17</FirstAired>
  <GuestStars></GuestStars>
  <IMDB_ID>tt2325024</IMDB_ID>
  <Language>en</Language>
  <Overview>Atticus throws a party. Faith provides the girls, The Dealer provides the recreation and Hank's old friend provides the entertainment. Hank gets a taste of his own medicine with Karen. Atticus tries to recreate rock and roll folklore with one of his biggest fans while Charlie reunites with The Widow.</Overview>
  <ProductionCode></ProductionCode>
  <Rating>7.5</Rating>
  <RatingCount>33</RatingCount>
  <SeasonNumber>6</SeasonNumber>
  <Writer></Writer>
  <absolute_number></absolute_number>
  <filename>episodes/80349/4442880.jpg</filename>
  <lastupdated>1364809678</lastupdated>
  <seasonid>488427</seasonid>
  <seriesid>80349</seriesid>
</Episode>
<Episode>
  <id>4442881</id>
  <Combined_episodenumber>10</Combined_episodenumber>
  <Combined_season>6</Combined_season>
  <DVD_chapter></DVD_chapter>
  <DVD_discid></DVD_discid>
  <DVD_episodenumber></DVD_episodenumber>
  <DVD_season></DVD_season>
  <Director></Director>
  <EpImgFlag>2</EpImgFlag>
  <EpisodeName>Blind Faith</EpisodeName>
  <EpisodeNumber>10</EpisodeNumber>
  <FirstAired>2013-03-24</FirstAired>
  <GuestStars></GuestStars>
  <IMDB_ID>tt2291482</IMDB_ID>
  <Language>en</Language>
  <Overview>Hank seeks comfort from Faith, only to find her with Beckett. Hank meets two very important people in Faith’s life. On the home front, Becca has some big news.</Overview>
  <ProductionCode></ProductionCode>
  <Rating>7.5</Rating>
  <RatingCount>26</RatingCount>
  <SeasonNumber>6</SeasonNumber>
  <Writer></Writer>
  <absolute_number></absolute_number>
  <filename>episodes/80349/4442881.jpg</filename>
  <lastupdated>1364914313</lastupdated>
  <seasonid>488427</seasonid>
  <seriesid>80349</seriesid>
</Episode>
<Episode>
  <id>4442883</id>
  <Combined_episodenumber>11</Combined_episodenumber>
  <Combined_season>6</Combined_season>
  <DVD_chapter></DVD_chapter>
  <DVD_discid></DVD_discid>
  <DVD_episodenumber></DVD_episodenumber>
  <DVD_season></DVD_season>
  <Director>Michael Weaver</Director>
  <EpImgFlag>2</EpImgFlag>
  <EpisodeName>The Abby</EpisodeName>
  <EpisodeNumber>11</EpisodeNumber>
  <FirstAired>2013-03-31</FirstAired>
  <GuestStars></GuestStars>
  <IMDB_ID>tt2325036</IMDB_ID>
  <Language>en</Language>
  <Overview>Hank and Faith join forces to track down Atticus, but Becca is the only person who can really help. Marcy's outing with Ophelia leaves her a little tied up and Charlie's response to a curious message reveals the true feelings between the two exes. Karen has an epiphany about Becca.</Overview>
  <ProductionCode></ProductionCode>
  <Rating>8.1</Rating>
  <RatingCount>22</RatingCount>
  <SeasonNumber>6</SeasonNumber>
  <Writer>Tom Kapinos</Writer>
  <absolute_number></absolute_number>
  <filename>episodes/80349/4442883.jpg</filename>
  <lastupdated>1364914327</lastupdated>
  <seasonid>488427</seasonid>
  <seriesid>80349</seriesid>
</Episode>
<Episode>
  <id>4442884</id>
  <Combined_episodenumber>12</Combined_episodenumber>
  <Combined_season>6</Combined_season>
  <DVD_chapter></DVD_chapter>
  <DVD_discid></DVD_discid>
  <DVD_episodenumber></DVD_episodenumber>
  <DVD_season></DVD_season>
  <Director></Director>
  <EpImgFlag>2</EpImgFlag>
  <EpisodeName>I'll Lay My Monsters Down</EpisodeName>
  <EpisodeNumber>12</EpisodeNumber>
  <FirstAired>2013-04-07</FirstAired>
  <GuestStars></GuestStars>
  <IMDB_ID>tt2325042</IMDB_ID>
  <Language>en</Language>
  <Overview>Hank makes a big decision about his future, which affects Faith. Charlie and Marcy also make a decision. The troops are rallied to ensure Atticus makes it to the Greek Theatre for his co-headlining gig with Marilyn Manson. A call from Becca and a visit from a dearly departed friend set Hank in motion.</Overview>
  <ProductionCode></ProductionCode>
  <Rating>7.9</Rating>
  <RatingCount>14</RatingCount>
  <SeasonNumber>6</SeasonNumber>
  <Writer></Writer>
  <absolute_number></absolute_number>
  <filename>episodes/80349/4442884.jpg</filename>
  <lastupdated>1364941422</lastupdated>
  <seasonid>488427</seasonid>
  <seriesid>80349</seriesid>
</Episode>
</Data>