<?xml version="1.0" encoding="UTF-8" ?>
<Actors>
<Actor>
  <id>178051</id>
  <Image>actors/178051.jpg</Image>
  <Name>Alex O'Loughlin</Name>
  <Role>Commandant Steve McGarrett</Role>
  <SortOrder>0</SortOrder>
</Actor>
<Actor>
  <id>178081</id>
  <Image>actors/178081.jpg</Image>
  <Name>Scott Caan</Name>
  <Role>Detective Danny &quot;Danno&quot; William</Role>
  <SortOrder>1</SortOrder>
</Actor>
<Actor>
  <id>178111</id>
  <Image>actors/178111.jpg</Image>
  <Name>Grace Park</Name>
  <Role>Officer Kono Kalakaua</Role>
  <SortOrder>2</SortOrder>
</Actor>
<Actor>
  <id>299790</id>
  <Image>actors/299790.jpg</Image>
  <Name>Larisa Oleynik</Name>
  <Role>Jenna Kaye</Role>
  <SortOrder>3</SortOrder>
</Actor>
<Actor>
  <id>297011</id>
  <Image>actors/297011.jpg</Image>
  <Name>Mark Dacascos</Name>
  <Role>Wo Fat</Role>
  <SortOrder>3</SortOrder>
</Actor>
<Actor>
  <id>297010</id>
  <Image>actors/297010.jpg</Image>
  <Name>Terry O'Quinn</Name>
  <Role>Lieutenant Commander Joe White</Role>
  <SortOrder>3</SortOrder>
</Actor>
<Actor>
  <id>296951</id>
  <Image>actors/296951.jpg</Image>
  <Name>Michelle Borth</Name>
  <Role>Catherine Rollins</Role>
  <SortOrder>3</SortOrder>
</Actor>
<Actor>
  <id>292057</id>
  <Image>actors/292057.jpg</Image>
  <Name>Taylor Wily</Name>
  <Role>Kamekona</Role>
  <SortOrder>3</SortOrder>
</Actor>
<Actor>
  <id>292056</id>
  <Image>actors/292056.jpg</Image>
  <Name>Lauren German</Name>
  <Role>Lori Weston</Role>
  <SortOrder>3</SortOrder>
</Actor>
<Actor>
  <id>292055</id>
  <Image>actors/292055.jpg</Image>
  <Name>Masi Oka</Name>
  <Role>Dr. Max Bergman</Role>
  <SortOrder>3</SortOrder>
</Actor>
<Actor>
  <id>178101</id>
  <Image>actors/178101.jpg</Image>
  <Name>Daniel Dae Kim</Name>
  <Role>Officer Chin Ho Kelly</Role>
  <SortOrder>3</SortOrder>
</Actor>
</Actors>