<?xml version="1.0" encoding="UTF-8" ?>
<Banners>
<Banner>
  <id>563041</id>
  <BannerPath>fanart/original/164541-1.jpg</BannerPath>
  <BannerType>fanart</BannerType>
  <BannerType2>1920x1080</BannerType2>
  <Colors>|112,166,176|192,185,113|183,171,157|</Colors>
  <Language>de</Language>
  <Rating>8.4000</Rating>
  <RatingCount>15</RatingCount>
  <SeriesName>false</SeriesName>
  <ThumbnailPath>_cache/fanart/original/164541-1.jpg</ThumbnailPath>
  <VignettePath>fanart/vignette/164541-1.jpg</VignettePath>
</Banner>
<Banner>
  <id>876198</id>
  <BannerPath>fanart/original/164541-11.jpg</BannerPath>
  <BannerType>fanart</BannerType>
  <BannerType2>1920x1080</BannerType2>
  <Colors></Colors>
  <Language>en</Language>
  <Rating>8.0000</Rating>
  <RatingCount>5</RatingCount>
  <SeriesName>false</SeriesName>
  <ThumbnailPath>_cache/fanart/original/164541-11.jpg</ThumbnailPath>
  <VignettePath>fanart/vignette/164541-11.jpg</VignettePath>
</Banner>
<Banner>
  <id>579741</id>
  <BannerPath>fanart/original/164541-2.jpg</BannerPath>
  <BannerType>fanart</BannerType>
  <BannerType2>1920x1080</BannerType2>
  <Colors>|21,21,21|255,255,255|203,150,110|</Colors>
  <Language>en</Language>
  <Rating>7.8000</Rating>
  <RatingCount>5</RatingCount>
  <SeriesName>false</SeriesName>
  <ThumbnailPath>_cache/fanart/original/164541-2.jpg</ThumbnailPath>
  <VignettePath>fanart/vignette/164541-2.jpg</VignettePath>
</Banner>
<Banner>
  <id>781021</id>
  <BannerPath>fanart/original/164541-7.jpg</BannerPath>
  <BannerType>fanart</BannerType>
  <BannerType2>1920x1080</BannerType2>
  <Colors></Colors>
  <Language>en</Language>
  <Rating>7.5000</Rating>
  <RatingCount>2</RatingCount>
  <SeriesName>false</SeriesName>
  <ThumbnailPath>_cache/fanart/original/164541-7.jpg</ThumbnailPath>
  <VignettePath>fanart/vignette/164541-7.jpg</VignettePath>
</Banner>
<Banner>
  <id>661841</id>
  <BannerPath>fanart/original/164541-4.jpg</BannerPath>
  <BannerType>fanart</BannerType>
  <BannerType2>1920x1080</BannerType2>
  <Colors></Colors>
  <Language>en</Language>
  <Rating>7.2000</Rating>
  <RatingCount>5</RatingCount>
  <SeriesName>false</SeriesName>
  <ThumbnailPath>_cache/fanart/original/164541-4.jpg</ThumbnailPath>
  <VignettePath>fanart/vignette/164541-4.jpg</VignettePath>
</Banner>
<Banner>
  <id>857017</id>
  <BannerPath>fanart/original/164541-10.jpg</BannerPath>
  <BannerType>fanart</BannerType>
  <BannerType2>1920x1080</BannerType2>
  <Colors></Colors>
  <Language>en</Language>
  <Rating>7.2000</Rating>
  <RatingCount>5</RatingCount>
  <SeriesName>false</SeriesName>
  <ThumbnailPath>_cache/fanart/original/164541-10.jpg</ThumbnailPath>
  <VignettePath>fanart/vignette/164541-10.jpg</VignettePath>
</Banner>
<Banner>
  <id>782801</id>
  <BannerPath>fanart/original/164541-9.jpg</BannerPath>
  <BannerType>fanart</BannerType>
  <BannerType2>1280x720</BannerType2>
  <Colors></Colors>
  <Language>de</Language>
  <Rating>6.3333</Rating>
  <RatingCount>6</RatingCount>
  <SeriesName>false</SeriesName>
  <ThumbnailPath>_cache/fanart/original/164541-9.jpg</ThumbnailPath>
  <VignettePath>fanart/vignette/164541-9.jpg</VignettePath>
</Banner>
<Banner>
  <id>879512</id>
  <BannerPath>fanart/original/164541-12.jpg</BannerPath>
  <BannerType>fanart</BannerType>
  <BannerType2>1280x720</BannerType2>
  <Colors></Colors>
  <Language>de</Language>
  <Rating>6.0000</Rating>
  <RatingCount>2</RatingCount>
  <SeriesName>false</SeriesName>
  <ThumbnailPath>_cache/fanart/original/164541-12.jpg</ThumbnailPath>
  <VignettePath>fanart/vignette/164541-12.jpg</VignettePath>
</Banner>
<Banner>
  <id>621511</id>
  <BannerPath>fanart/original/164541-3.jpg</BannerPath>
  <BannerType>fanart</BannerType>
  <BannerType2>1920x1080</BannerType2>
  <Colors>|65,208,204|53,168,186|1,53,74|</Colors>
  <Language>en</Language>
  <Rating>6.0000</Rating>
  <RatingCount>5</RatingCount>
  <SeriesName>true</SeriesName>
  <ThumbnailPath>_cache/fanart/original/164541-3.jpg</ThumbnailPath>
  <VignettePath>fanart/vignette/164541-3.jpg</VignettePath>
</Banner>
<Banner>
  <id>661851</id>
  <BannerPath>fanart/original/164541-5.jpg</BannerPath>
  <BannerType>fanart</BannerType>
  <BannerType2>1920x1080</BannerType2>
  <Colors>|156,208,221|31,32,34|225,143,96|</Colors>
  <Language>de</Language>
  <Rating>5.5000</Rating>
  <RatingCount>4</RatingCount>
  <SeriesName>false</SeriesName>
  <ThumbnailPath>_cache/fanart/original/164541-5.jpg</ThumbnailPath>
  <VignettePath>fanart/vignette/164541-5.jpg</VignettePath>
</Banner>
<Banner>
  <id>920633</id>
  <BannerPath>fanart/original/164541-13.jpg</BannerPath>
  <BannerType>fanart</BannerType>
  <BannerType2>1920x1080</BannerType2>
  <Colors></Colors>
  <Language>en</Language>
  <Rating>5.5000</Rating>
  <RatingCount>2</RatingCount>
  <SeriesName>false</SeriesName>
  <ThumbnailPath>_cache/fanart/original/164541-13.jpg</ThumbnailPath>
  <VignettePath>fanart/vignette/164541-13.jpg</VignettePath>
</Banner>
<Banner>
  <id>781031</id>
  <BannerPath>fanart/original/164541-8.jpg</BannerPath>
  <BannerType>fanart</BannerType>
  <BannerType2>1920x1080</BannerType2>
  <Colors></Colors>
  <Language>en</Language>
  <Rating>5.0000</Rating>
  <RatingCount>1</RatingCount>
  <SeriesName>false</SeriesName>
  <ThumbnailPath>_cache/fanart/original/164541-8.jpg</ThumbnailPath>
  <VignettePath>fanart/vignette/164541-8.jpg</VignettePath>
</Banner>
<Banner>
  <id>781011</id>
  <BannerPath>fanart/original/164541-6.jpg</BannerPath>
  <BannerType>fanart</BannerType>
  <BannerType2>1920x1080</BannerType2>
  <Colors></Colors>
  <Language>en</Language>
  <Rating>5.0000</Rating>
  <RatingCount>1</RatingCount>
  <SeriesName>false</SeriesName>
  <ThumbnailPath>_cache/fanart/original/164541-6.jpg</ThumbnailPath>
  <VignettePath>fanart/vignette/164541-6.jpg</VignettePath>
</Banner>
<Banner>
  <id>914705</id>
  <BannerPath>posters/164541-9.jpg</BannerPath>
  <BannerType>poster</BannerType>
  <BannerType2>680x1000</BannerType2>
  <Language>en</Language>
  <Rating>10.0000</Rating>
  <RatingCount>1</RatingCount>
</Banner>
<Banner>
  <id>877828</id>
  <BannerPath>posters/164541-8.jpg</BannerPath>
  <BannerType>poster</BannerType>
  <BannerType2>680x1000</BannerType2>
  <Language>en</Language>
  <Rating>8.5000</Rating>
  <RatingCount>4</RatingCount>
</Banner>
<Banner>
  <id>563021</id>
  <BannerPath>posters/164541-1.jpg</BannerPath>
  <BannerType>poster</BannerType>
  <BannerType2>680x1000</BannerType2>
  <Language>en</Language>
  <Rating>8.2222</Rating>
  <RatingCount>9</RatingCount>
</Banner>
<Banner>
  <id>862017</id>
  <BannerPath>posters/164541-5.jpg</BannerPath>
  <BannerType>poster</BannerType>
  <BannerType2>680x1000</BannerType2>
  <Language>en</Language>
  <Rating>8.0000</Rating>
  <RatingCount>3</RatingCount>
</Banner>
<Banner>
  <id>621501</id>
  <BannerPath>posters/164541-2.jpg</BannerPath>
  <BannerType>poster</BannerType>
  <BannerType2>680x1000</BannerType2>
  <Language>en</Language>
  <Rating>6.8000</Rating>
  <RatingCount>5</RatingCount>
</Banner>
<Banner>
  <id>864736</id>
  <BannerPath>posters/164541-6.jpg</BannerPath>
  <BannerType>poster</BannerType>
  <BannerType2>680x1000</BannerType2>
  <Language>en</Language>
  <Rating>4.5000</Rating>
  <RatingCount>2</RatingCount>
</Banner>
<Banner>
  <id>782811</id>
  <BannerPath>posters/164541-3.jpg</BannerPath>
  <BannerType>poster</BannerType>
  <BannerType2>680x1000</BannerType2>
  <Language>en</Language>
  <Rating>4.0000</Rating>
  <RatingCount>3</RatingCount>
</Banner>
<Banner>
  <id>865813</id>
  <BannerPath>posters/164541-7.jpg</BannerPath>
  <BannerType>poster</BannerType>
  <BannerType2>680x1000</BannerType2>
  <Language>en</Language>
  <Rating>3.5000</Rating>
  <RatingCount>4</RatingCount>
</Banner>
<Banner>
  <id>861630</id>
  <BannerPath>posters/164541-4.jpg</BannerPath>
  <BannerType>poster</BannerType>
  <BannerType2>680x1000</BannerType2>
  <Language>en</Language>
  <Rating>3.0000</Rating>
  <RatingCount>2</RatingCount>
</Banner>
<Banner>
  <id>914704</id>
  <BannerPath>seasons/164541-2-3.jpg</BannerPath>
  <BannerType>season</BannerType>
  <BannerType2>season</BannerType2>
  <Language>en</Language>
  <Rating>10.0000</Rating>
  <RatingCount>2</RatingCount>
  <Season>2</Season>
</Banner>
<Banner>
  <id>877241</id>
  <BannerPath>seasons/164541-1-2.jpg</BannerPath>
  <BannerType>season</BannerType>
  <BannerType2>season</BannerType2>
  <Language>en</Language>
  <Rating>9.7500</Rating>
  <RatingCount>4</RatingCount>
  <Season>1</Season>
</Banner>
<Banner>
  <id>781301</id>
  <BannerPath>seasons/164541-1.jpg</BannerPath>
  <BannerType>season</BannerType>
  <BannerType2>season</BannerType2>
  <Language>en</Language>
  <Rating>8.3333</Rating>
  <RatingCount>3</RatingCount>
  <Season>1</Season>
</Banner>
<Banner>
  <id>940244</id>
  <BannerPath>seasons/164541-3-2.jpg</BannerPath>
  <BannerType>season</BannerType>
  <BannerType2>season</BannerType2>
  <Language>en</Language>
  <Rating>7.7500</Rating>
  <RatingCount>4</RatingCount>
  <Season>3</Season>
</Banner>
<Banner>
  <id>877830</id>
  <BannerPath>seasons/164541-2-2.jpg</BannerPath>
  <BannerType>season</BannerType>
  <BannerType2>season</BannerType2>
  <Language>en</Language>
  <Rating>6.7500</Rating>
  <RatingCount>4</RatingCount>
  <Season>2</Season>
</Banner>
<Banner>
  <id>916403</id>
  <BannerPath>seasons/164541-3.jpg</BannerPath>
  <BannerType>season</BannerType>
  <BannerType2>season</BannerType2>
  <Language>en</Language>
  <Rating>6.2000</Rating>
  <RatingCount>5</RatingCount>
  <Season>3</Season>
</Banner>
<Banner>
  <id>877238</id>
  <BannerPath>seasons/164541-2.jpg</BannerPath>
  <BannerType>season</BannerType>
  <BannerType2>season</BannerType2>
  <Language>en</Language>
  <Rating>4.5000</Rating>
  <RatingCount>4</RatingCount>
  <Season>2</Season>
</Banner>
<Banner>
  <id>940243</id>
  <BannerPath>seasons/164541-2-4.jpg</BannerPath>
  <BannerType>season</BannerType>
  <BannerType2>season</BannerType2>
  <Language>en</Language>
  <Rating></Rating>
  <RatingCount>0</RatingCount>
  <Season>2</Season>
</Banner>
<Banner>
  <id>944447</id>
  <BannerPath>seasons/164541-0.jpg</BannerPath>
  <BannerType>season</BannerType>
  <BannerType2>season</BannerType2>
  <Language>en</Language>
  <Rating></Rating>
  <RatingCount>0</RatingCount>
  <Season>0</Season>
</Banner>
<Banner>
  <id>940242</id>
  <BannerPath>seasons/164541-1-3.jpg</BannerPath>
  <BannerType>season</BannerType>
  <BannerType2>season</BannerType2>
  <Language>en</Language>
  <Rating></Rating>
  <RatingCount>0</RatingCount>
  <Season>1</Season>
</Banner>
<Banner>
  <id>930548</id>
  <BannerPath>seasonswide/164541-1-2.jpg</BannerPath>
  <BannerType>season</BannerType>
  <BannerType2>seasonwide</BannerType2>
  <Language>fr</Language>
  <Rating></Rating>
  <RatingCount>0</RatingCount>
  <Season>1</Season>
</Banner>
<Banner>
  <id>874238</id>
  <BannerPath>seasonswide/164541-2.jpg</BannerPath>
  <BannerType>season</BannerType>
  <BannerType2>seasonwide</BannerType2>
  <Language>de</Language>
  <Rating></Rating>
  <RatingCount>0</RatingCount>
  <Season>2</Season>
</Banner>
<Banner>
  <id>930547</id>
  <BannerPath>seasonswide/164541-1.jpg</BannerPath>
  <BannerType>season</BannerType>
  <BannerType2>seasonwide</BannerType2>
  <Language>fr</Language>
  <Rating></Rating>
  <RatingCount>0</RatingCount>
  <Season>1</Season>
</Banner>
<Banner>
  <id>584841</id>
  <BannerPath>graphical/164541-g5.jpg</BannerPath>
  <BannerType>series</BannerType>
  <BannerType2>graphical</BannerType2>
  <Language>en</Language>
  <Rating>9.3333</Rating>
  <RatingCount>6</RatingCount>
</Banner>
<Banner>
  <id>579771</id>
  <BannerPath>graphical/164541-g4.jpg</BannerPath>
  <BannerType>series</BannerType>
  <BannerType2>graphical</BannerType2>
  <Language>en</Language>
  <Rating>8.0000</Rating>
  <RatingCount>4</RatingCount>
</Banner>
<Banner>
  <id>563031</id>
  <BannerPath>graphical/164541-g3.jpg</BannerPath>
  <BannerType>series</BannerType>
  <BannerType2>graphical</BannerType2>
  <Language>en</Language>
  <Rating>7.9000</Rating>
  <RatingCount>10</RatingCount>
</Banner>
<Banner>
  <id>623851</id>
  <BannerPath>graphical/164541-g7.jpg</BannerPath>
  <BannerType>series</BannerType>
  <BannerType2>graphical</BannerType2>
  <Language>en</Language>
  <Rating>6.0000</Rating>
  <RatingCount>3</RatingCount>
</Banner>
<Banner>
  <id>623801</id>
  <BannerPath>graphical/164541-g6.jpg</BannerPath>
  <BannerType>series</BannerType>
  <BannerType2>graphical</BannerType2>
  <Language>en</Language>
  <Rating>1.6667</Rating>
  <RatingCount>3</RatingCount>
</Banner>
<Banner>
  <id>494711</id>
  <BannerPath>graphical/164541-g.jpg</BannerPath>
  <BannerType>series</BannerType>
  <BannerType2>graphical</BannerType2>
  <Language>en</Language>
  <Rating>1.0000</Rating>
  <RatingCount>2</RatingCount>
</Banner>
<Banner>
  <id>494721</id>
  <BannerPath>graphical/164541-g2.jpg</BannerPath>
  <BannerType>series</BannerType>
  <BannerType2>graphical</BannerType2>
  <Language>en</Language>
  <Rating>1.0000</Rating>
  <RatingCount>2</RatingCount>
</Banner>
</Banners>