<?xml version="1.0" encoding="UTF-8" ?>
<Data><Series>
  <id>164541</id>
  <Actors>|Alex O'Loughlin|Scott Caan|Grace Park|Larisa Oleynik|Mark Dacascos|Terry O'Quinn|Michelle Borth|Taylor Wily|Lauren German|Masi Oka|Daniel Dae Kim|</Actors>
  <Airs_DayOfWeek>Monday</Airs_DayOfWeek>
  <Airs_Time>10:00 PM</Airs_Time>
  <ContentRating>TV-14</ContentRating>
  <FirstAired>2010-09-20</FirstAired>
  <Genre>|Action|Adventure|Drama|</Genre>
  <IMDB_ID>tt1600194</IMDB_ID>
  <Language>en</Language>
  <Network>CBS</Network>
  <NetworkID></NetworkID>
  <Overview></Overview>
  <Rating>7.9</Rating>
  <RatingCount>107</RatingCount>
  <Runtime>60</Runtime>
  <SeriesID>78112</SeriesID>
  <SeriesName>Hawaii Five-0</SeriesName>
  <Status>Continuing</Status>
  <added>2010-05-21 16:31:03</added>
  <addedBy>140571</addedBy>
  <banner>graphical/164541-g5.jpg</banner>
  <fanart>fanart/original/164541-1.jpg</fanart>
  <lastupdated>1364934543</lastupdated>
  <poster>posters/164541-9.jpg</poster>
  <zap2it_id>EP01280063</zap2it_id>
</Series>
<Episode>
  <id>4477575</id>
  <Combined_episodenumber>0</Combined_episodenumber>
  <Combined_season>0</Combined_season>
  <DVD_chapter></DVD_chapter>
  <DVD_discid></DVD_discid>
  <DVD_episodenumber></DVD_episodenumber>
  <DVD_season></DVD_season>
  <Director></Director>
  <EpImgFlag></EpImgFlag>
  <EpisodeName></EpisodeName>
  <EpisodeNumber>0</EpisodeNumber>
  <FirstAired></FirstAired>
  <GuestStars></GuestStars>
  <IMDB_ID></IMDB_ID>
  <Language>en</Language>
  <Overview></Overview>
  <ProductionCode></ProductionCode>
  <Rating></Rating>
  <RatingCount>0</RatingCount>
  <SeasonNumber>0</SeasonNumber>
  <Writer></Writer>
  <absolute_number></absolute_number>
  <airsafter_season></airsafter_season>
  <airsbefore_episode></airsbefore_episode>
  <airsbefore_season></airsbefore_season>
  <filename></filename>
  <lastupdated>1358270987</lastupdated>
  <seasonid>250091</seasonid>
  <seriesid>164541</seriesid>
</Episode>
<Episode>
  <id>4361051</id>
  <Combined_episodenumber>1</Combined_episodenumber>
  <Combined_season>0</Combined_season>
  <DVD_chapter></DVD_chapter>
  <DVD_discid></DVD_discid>
  <DVD_episodenumber></DVD_episodenumber>
  <DVD_season></DVD_season>
  <Director></Director>
  <EpImgFlag></EpImgFlag>
  <EpisodeName>Ultimate Look Back: Season 2</EpisodeName>
  <EpisodeNumber>1</EpisodeNumber>
  <FirstAired></FirstAired>
  <GuestStars></GuestStars>
  <IMDB_ID></IMDB_ID>
  <Language>en</Language>
  <Overview></Overview>
  <ProductionCode></ProductionCode>
  <Rating></Rating>
  <RatingCount>0</RatingCount>
  <SeasonNumber>0</SeasonNumber>
  <Writer></Writer>
  <absolute_number></absolute_number>
  <airsafter_season>1</airsafter_season>
  <airsbefore_episode>1</airsbefore_episode>
  <airsbefore_season>2</airsbefore_season>
  <filename></filename>
  <lastupdated>1358271274</lastupdated>
  <seasonid>250091</seasonid>
  <seriesid>164541</seriesid>
</Episode>
<Episode>
  <id>4319806</id>
  <Combined_episodenumber>2</Combined_episodenumber>
  <Combined_season>0</Combined_season>
  <DVD_chapter></DVD_chapter>
  <DVD_discid></DVD_discid>
  <DVD_episodenumber></DVD_episodenumber>
  <DVD_season></DVD_season>
  <Director></Director>
  <EpImgFlag>2</EpImgFlag>
  <EpisodeName>Touch of Death (2)</EpisodeName>
  <EpisodeNumber>2</EpisodeNumber>
  <FirstAired>2012-05-01</FirstAired>
  <GuestStars></GuestStars>
  <IMDB_ID></IMDB_ID>
  <Language>en</Language>
  <Overview>The joint NCIS: Los Angeles and Hawaii Five-0 task force travel from Hawaii to Los Angeles, when the lead suspect in the case moves to the mainland with a deadly virus in tow.
Series crossover part 1 is Hawaii Five-0 S02E21 .
Series crossover part 2 is NCIS: Los Angeles S03E21.</Overview>
  <ProductionCode></ProductionCode>
  <Rating>4.0</Rating>
  <RatingCount>1</RatingCount>
  <SeasonNumber>0</SeasonNumber>
  <Writer></Writer>
  <absolute_number></absolute_number>
  <airsafter_season></airsafter_season>
  <airsbefore_episode>22</airsbefore_episode>
  <airsbefore_season>2</airsbefore_season>
  <filename>episodes/164541/4319806.jpg</filename>
  <lastupdated>1358271259</lastupdated>
  <seasonid>250091</seasonid>
  <seriesid>164541</seriesid>
</Episode>
<Episode>
  <id>4477167</id>
  <Combined_episodenumber>3</Combined_episodenumber>
  <Combined_season>0</Combined_season>
  <DVD_chapter></DVD_chapter>
  <DVD_discid></DVD_discid>
  <DVD_episodenumber></DVD_episodenumber>
  <DVD_season></DVD_season>
  <Director></Director>
  <EpImgFlag>2</EpImgFlag>
  <EpisodeName>Kapu (Alternative Ending #1)</EpisodeName>
  <EpisodeNumber>3</EpisodeNumber>
  <FirstAired>2013-01-14</FirstAired>
  <GuestStars></GuestStars>
  <IMDB_ID></IMDB_ID>
  <Language>en</Language>
  <Overview>Alternative Ending #1 of 3x12 Episode.

The first alternative ending from &quot;Your Vote - Your Ending&quot;. In this ending the murderer is Bram Helms, the Technical Assistant of the victim. </Overview>
  <ProductionCode></ProductionCode>
  <Rating>3.0</Rating>
  <RatingCount>1</RatingCount>
  <SeasonNumber>0</SeasonNumber>
  <Writer></Writer>
  <absolute_number></absolute_number>
  <airsafter_season></airsafter_season>
  <airsbefore_episode>13</airsbefore_episode>
  <airsbefore_season>3</airsbefore_season>
  <filename>episodes/164541/4477167.jpg</filename>
  <lastupdated>1364066035</lastupdated>
  <seasonid>250091</seasonid>
  <seriesid>164541</seriesid>
</Episode>
<Episode>
  <id>4477368</id>
  <Combined_episodenumber>4</Combined_episodenumber>
  <Combined_season>0</Combined_season>
  <DVD_chapter></DVD_chapter>
  <DVD_discid></DVD_discid>
  <DVD_episodenumber></DVD_episodenumber>
  <DVD_season></DVD_season>
  <Director></Director>
  <EpImgFlag>2</EpImgFlag>
  <EpisodeName>Kapu (Alternative Ending #2)</EpisodeName>
  <EpisodeNumber>4</EpisodeNumber>
  <FirstAired>2013-01-14</FirstAired>
  <GuestStars></GuestStars>
  <IMDB_ID></IMDB_ID>
  <Language>en</Language>
  <Overview>Alternative Ending #2 of 3x12 Episode.

The second alternative ending from &quot;Your Vote - Your Ending&quot;. In this ending the murderer is Tyler Brown, a student of the victim. </Overview>
  <ProductionCode></ProductionCode>
  <Rating></Rating>
  <RatingCount>0</RatingCount>
  <SeasonNumber>0</SeasonNumber>
  <Writer></Writer>
  <absolute_number></absolute_number>
  <airsafter_season></airsafter_season>
  <airsbefore_episode>13</airsbefore_episode>
  <airsbefore_season>3</airsbefore_season>
  <filename>episodes/164541/4477368.jpg</filename>
  <lastupdated>1364066077</lastupdated>
  <seasonid>250091</seasonid>
  <seriesid>164541</seriesid>
</Episode>
<Episode>
  <id>2465451</id>
  <Combined_episodenumber>1</Combined_episodenumber>
  <Combined_season>1</Combined_season>
  <DVD_chapter></DVD_chapter>
  <DVD_discid></DVD_discid>
  <DVD_episodenumber></DVD_episodenumber>
  <DVD_season></DVD_season>
  <Director>Len Wiseman</Director>
  <EpImgFlag>7</EpImgFlag>
  <EpisodeName>Pilot</EpisodeName>
  <EpisodeNumber>1</EpisodeNumber>
  <FirstAired>2010-09-20</FirstAired>
  <GuestStars>Jean Smart|Will Yun Lee|Norman Reedus|James Marsters|William Sadler</GuestStars>
  <IMDB_ID></IMDB_ID>
  <Language>en</Language>
  <Overview>Steve McGarrett is summoned home to the island of Honolulu to bury his father after he is murdered by a madman. Governor Jameson wants Steve to head up a new elite police unit and she will give him full authority to get the job done. Initially he turns down the job, but when he meets the man in charge of the unit, he changes his mind.</Overview>
  <ProductionCode></ProductionCode>
  <Rating>7.7</Rating>
  <RatingCount>129</RatingCount>
  <SeasonNumber>1</SeasonNumber>
  <Writer>Peter M. Lenkov|Alex Kurtzman|Roberto Orci</Writer>
  <absolute_number></absolute_number>
  <filename>episodes/164541/2465451.jpg</filename>
  <lastupdated>1362474503</lastupdated>
  <seasonid>276791</seasonid>
  <seriesid>164541</seriesid>
</Episode>
<Episode>
  <id>2784531</id>
  <Combined_episodenumber>2</Combined_episodenumber>
  <Combined_season>1</Combined_season>
  <DVD_chapter></DVD_chapter>
  <DVD_discid></DVD_discid>
  <DVD_episodenumber></DVD_episodenumber>
  <DVD_season></DVD_season>
  <Director>Brad Turner</Director>
  <EpImgFlag>3</EpImgFlag>
  <EpisodeName>Ohana</EpisodeName>
  <EpisodeNumber>2</EpisodeNumber>
  <FirstAired>2010-09-27</FirstAired>
  <GuestStars>Scott Cohen|Ivana Milicevic|Colin Ford|Peter Stormare|Martin Starr</GuestStars>
  <IMDB_ID></IMDB_ID>
  <Language>en</Language>
  <Overview>Following the abduction of a former NSA cyberterrorism expert, the team must rescue the man and prevent a breach of national security.</Overview>
  <ProductionCode></ProductionCode>
  <Rating>7.5</Rating>
  <RatingCount>119</RatingCount>
  <SeasonNumber>1</SeasonNumber>
  <Writer>Sarah Goldfinger|Paul Zbyszewski</Writer>
  <absolute_number></absolute_number>
  <filename>episodes/164541/2784531.jpg</filename>
  <lastupdated>1362474516</lastupdated>
  <seasonid>276791</seasonid>
  <seriesid>164541</seriesid>
</Episode>
<Episode>
  <id>2784541</id>
  <Combined_episodenumber>3</Combined_episodenumber>
  <Combined_season>1</Combined_season>
  <DVD_chapter></DVD_chapter>
  <DVD_discid></DVD_discid>
  <DVD_episodenumber></DVD_episodenumber>
  <DVD_season></DVD_season>
  <Director>Alex Zakrzewski</Director>
  <EpImgFlag>3</EpImgFlag>
  <EpisodeName>Malama Ka Aina</EpisodeName>
  <EpisodeNumber>3</EpisodeNumber>
  <FirstAired>2010-10-04</FirstAired>
  <GuestStars></GuestStars>
  <IMDB_ID></IMDB_ID>
  <Language>en</Language>
  <Overview>An escalating gang war spills into the stands of a high-school football game, killing several people; an unlikely partnership arises.</Overview>
  <ProductionCode></ProductionCode>
  <Rating>7.4</Rating>
  <RatingCount>115</RatingCount>
  <SeasonNumber>1</SeasonNumber>
  <Writer>|Alex Kurtzman|Peter M. Lenkov|</Writer>
  <absolute_number></absolute_number>
  <filename>episodes/164541/2784541.jpg</filename>
  <lastupdated>1362474536</lastupdated>
  <seasonid>276791</seasonid>
  <seriesid>164541</seriesid>
</Episode>
<Episode>
  <id>2922421</id>
  <Combined_episodenumber>4</Combined_episodenumber>
  <Combined_season>1</Combined_season>
  <DVD_chapter></DVD_chapter>
  <DVD_discid></DVD_discid>
  <DVD_episodenumber></DVD_episodenumber>
  <DVD_season></DVD_season>
  <Director>Alex Zakrzewski</Director>
  <EpImgFlag>2</EpImgFlag>
  <EpisodeName>Lanakila</EpisodeName>
  <EpisodeNumber>4</EpisodeNumber>
  <FirstAired>2010-10-11</FirstAired>
  <GuestStars>Kenneth Mitchell|Balthazar Gettty</GuestStars>
  <IMDB_ID></IMDB_ID>
  <Language>en</Language>
  <Overview>A violent convict escapes from prison and kidnaps a young couple on vacation; McGarrett's estranged sister comes to town.</Overview>
  <ProductionCode></ProductionCode>
  <Rating>7.4</Rating>
  <RatingCount>99</RatingCount>
  <SeasonNumber>1</SeasonNumber>
  <Writer>|Peter M. Lenkov|Alex Kurtzman|Roberto Orci|</Writer>
  <absolute_number></absolute_number>
  <filename>episodes/164541/2922421.jpg</filename>
  <lastupdated>1362474547</lastupdated>
  <seasonid>276791</seasonid>
  <seriesid>164541</seriesid>
</Episode>
<Episode>
  <id>2784551</id>
  <Combined_episodenumber>5</Combined_episodenumber>
  <Combined_season>1</Combined_season>
  <DVD_chapter></DVD_chapter>
  <DVD_discid></DVD_discid>
  <DVD_episodenumber></DVD_episodenumber>
  <DVD_season></DVD_season>
  <Director>Brad Turner</Director>
  <EpImgFlag>3</EpImgFlag>
  <EpisodeName>Nalowale</EpisodeName>
  <EpisodeNumber>5</EpisodeNumber>
  <FirstAired>2010-10-18</FirstAired>
  <GuestStars>Wood Harris, Michelle Borth, Jacqueline McKenzie, Masi Oka</GuestStars>
  <IMDB_ID></IMDB_ID>
  <Language>en</Language>
  <Overview>When the daughter of the U.S. ambassador to the Philippines is found dead, the governor tasks Five-0 with finding her abducted sister.</Overview>
  <ProductionCode></ProductionCode>
  <Rating>7.5</Rating>
  <RatingCount>94</RatingCount>
  <SeasonNumber>1</SeasonNumber>
  <Writer>Alex Kurtzman</Writer>
  <absolute_number></absolute_number>
  <filename>episodes/164541/2784551.jpg</filename>
  <lastupdated>1362474557</lastupdated>
  <seasonid>276791</seasonid>
  <seriesid>164541</seriesid>
</Episode>
<Episode>
  <id>2784561</id>
  <Combined_episodenumber>6</Combined_episodenumber>
  <Combined_season>1</Combined_season>
  <DVD_chapter></DVD_chapter>
  <DVD_discid></DVD_discid>
  <DVD_episodenumber></DVD_episodenumber>
  <DVD_season></DVD_season>
  <Director>Matt Earl Beesley</Director>
  <EpImgFlag>3</EpImgFlag>
  <EpisodeName>Ko'olauloa</EpisodeName>
  <EpisodeNumber>6</EpisodeNumber>
  <FirstAired>2010-10-25</FirstAired>
  <GuestStars></GuestStars>
  <IMDB_ID></IMDB_ID>
  <Language>en</Language>
  <Overview>When the CEO of a successful surf company is murdered, Kono revisits her past; Five-0 is thrown into the varied but interconnected worlds of North Shore surfing.</Overview>
  <ProductionCode></ProductionCode>
  <Rating>7.5</Rating>
  <RatingCount>94</RatingCount>
  <SeasonNumber>1</SeasonNumber>
  <Writer>|Carol Barbee|Kyle Harimoto|</Writer>
  <absolute_number></absolute_number>
  <filename>episodes/164541/2784561.jpg</filename>
  <lastupdated>1362474622</lastupdated>
  <seasonid>276791</seasonid>
  <seriesid>164541</seriesid>
</Episode>
<Episode>
  <id>2817221</id>
  <Combined_episodenumber>7</Combined_episodenumber>
  <Combined_season>1</Combined_season>
  <DVD_chapter></DVD_chapter>
  <DVD_discid></DVD_discid>
  <DVD_episodenumber></DVD_episodenumber>
  <DVD_season></DVD_season>
  <Director>James Whitmore Jr</Director>
  <EpImgFlag>3</EpImgFlag>
  <EpisodeName>Ho'apono</EpisodeName>
  <EpisodeNumber>7</EpisodeNumber>
  <FirstAired>2010-11-01</FirstAired>
  <GuestStars>Kelly Hu</GuestStars>
  <IMDB_ID></IMDB_ID>
  <Language>en</Language>
  <Overview>When a Navy SEAL, who's on the run for a murder he swears he didn't commit, takes hostages and safe haven aboard the U.S.S. Missouri memorial battleship, McGarrett must use every SEAL skill in his arsenal to diffuse the situation.</Overview>
  <ProductionCode></ProductionCode>
  <Rating>7.4</Rating>
  <RatingCount>89</RatingCount>
  <SeasonNumber>1</SeasonNumber>
  <Writer>Peter M. Lenkov | Jim Galasso</Writer>
  <absolute_number></absolute_number>
  <filename>episodes/164541/2817221.jpg</filename>
  <lastupdated>1362474653</lastupdated>
  <seasonid>276791</seasonid>
  <seriesid>164541</seriesid>
</Episode>
<Episode>
  <id>2817231</id>
  <Combined_episodenumber>8</Combined_episodenumber>
  <Combined_season>1</Combined_season>
  <DVD_chapter></DVD_chapter>
  <DVD_discid></DVD_discid>
  <DVD_episodenumber></DVD_episodenumber>
  <DVD_season></DVD_season>
  <Director>Matt Earl Beesley</Director>
  <EpImgFlag>2</EpImgFlag>
  <EpisodeName>Mana'O</EpisodeName>
  <EpisodeNumber>8</EpisodeNumber>
  <FirstAired>2010-11-08</FirstAired>
  <GuestStars></GuestStars>
  <IMDB_ID></IMDB_ID>
  <Language>en</Language>
  <Overview>When Danny's ex-partner is found dead at a Hawaiian luau the Five-0 team's investigation leads them to some dirty cops and a powerful cocaine cartel. </Overview>
  <ProductionCode></ProductionCode>
  <Rating>7.5</Rating>
  <RatingCount>94</RatingCount>
  <SeasonNumber>1</SeasonNumber>
  <Writer>|Paul Zbyszewski|Jim Galasso|</Writer>
  <absolute_number></absolute_number>
  <filename>episodes/164541/2817231.jpg</filename>
  <lastupdated>1362476995</lastupdated>
  <seasonid>276791</seasonid>
  <seriesid>164541</seriesid>
</Episode>
<Episode>
  <id>2922841</id>
  <Combined_episodenumber>9</Combined_episodenumber>
  <Combined_season>1</Combined_season>
  <DVD_chapter></DVD_chapter>
  <DVD_discid></DVD_discid>
  <DVD_episodenumber></DVD_episodenumber>
  <DVD_season></DVD_season>
  <Director>Brad Turner</Director>
  <EpImgFlag>2</EpImgFlag>
  <EpisodeName>Po'ipu</EpisodeName>
  <EpisodeNumber>9</EpisodeNumber>
  <FirstAired>2010-11-15</FirstAired>
  <GuestStars></GuestStars>
  <IMDB_ID></IMDB_ID>
  <Language>en</Language>
  <Overview>When a member of the security detail for an upcoming Aid Summit is murdered before he can reveal the details of an assassination plot, Five-0 is brought in to investigate the murder and protect the target, a ruthless dictator.
</Overview>
  <ProductionCode></ProductionCode>
  <Rating>7.5</Rating>
  <RatingCount>96</RatingCount>
  <SeasonNumber>1</SeasonNumber>
  <Writer>|Peter M. Lenkov|Shane Salerno|</Writer>
  <absolute_number></absolute_number>
  <filename>episodes/164541/2922841.jpg</filename>
  <lastupdated>1362477240</lastupdated>
  <seasonid>276791</seasonid>
  <seriesid>164541</seriesid>
</Episode>
<Episode>
  <id>2922851</id>
  <Combined_episodenumber>10</Combined_episodenumber>
  <Combined_season>1</Combined_season>
  <DVD_chapter></DVD_chapter>
  <DVD_discid></DVD_discid>
  <DVD_episodenumber></DVD_episodenumber>
  <DVD_season></DVD_season>
  <Director>Elodie Keene</Director>
  <EpImgFlag>2</EpImgFlag>
  <EpisodeName>Heihei</EpisodeName>
  <EpisodeNumber>10</EpisodeNumber>
  <FirstAired>2010-11-22</FirstAired>
  <GuestStars></GuestStars>
  <IMDB_ID></IMDB_ID>
  <Language>en</Language>
  <Overview>Five-0 is baffled when a highly skilled ring of thieves pulls off a heist of an armored car, killing two security guards but leaving the money behind. Their only lead in the case requires Danny to reluctantly ask his ex-wife for a favor.
</Overview>
  <ProductionCode></ProductionCode>
  <Rating>7.6</Rating>
  <RatingCount>85</RatingCount>
  <SeasonNumber>1</SeasonNumber>
  <Writer>Sarah Goldfinger</Writer>
  <absolute_number></absolute_number>
  <filename>episodes/164541/2922851.jpg</filename>
  <lastupdated>1362477247</lastupdated>
  <seasonid>276791</seasonid>
  <seriesid>164541</seriesid>
</Episode>
<Episode>
  <id>3173791</id>
  <Combined_episodenumber>11</Combined_episodenumber>
  <Combined_season>1</Combined_season>
  <DVD_chapter></DVD_chapter>
  <DVD_discid></DVD_discid>
  <DVD_episodenumber></DVD_episodenumber>
  <DVD_season></DVD_season>
  <Director>Fred Toye</Director>
  <EpImgFlag>2</EpImgFlag>
  <EpisodeName>Palekaiko</EpisodeName>
  <EpisodeNumber>11</EpisodeNumber>
  <FirstAired>2010-12-06</FirstAired>
  <GuestStars>|Masi Oka|</GuestStars>
  <IMDB_ID></IMDB_ID>
  <Language>en</Language>
  <Overview>The wife of a newlywed couple is found disoriented with amnesia in Kahana State Park with the husband currently missing. The mother of the husband suspects the wife for staging the whole thing although Five-0 &amp; M.E. Bergman may have discovered a potential newlywed serial killer.</Overview>
  <ProductionCode>111</ProductionCode>
  <Rating>7.5</Rating>
  <RatingCount>86</RatingCount>
  <SeasonNumber>1</SeasonNumber>
  <Writer>|David Wolkove|J. R. Orci|</Writer>
  <absolute_number></absolute_number>
  <filename>episodes/164541/3173791.jpg</filename>
  <lastupdated>1362477255</lastupdated>
  <seasonid>276791</seasonid>
  <seriesid>164541</seriesid>
</Episode>
<Episode>
  <id>3173801</id>
  <Combined_episodenumber>12</Combined_episodenumber>
  <Combined_season>1</Combined_season>
  <DVD_chapter></DVD_chapter>
  <DVD_discid></DVD_discid>
  <DVD_episodenumber></DVD_episodenumber>
  <DVD_season></DVD_season>
  <Director>Chris Fisher</Director>
  <EpImgFlag>2</EpImgFlag>
  <EpisodeName>Hana 'a'a Makehewa</EpisodeName>
  <EpisodeNumber>12</EpisodeNumber>
  <FirstAired>2010-12-13</FirstAired>
  <GuestStars>James Marsters</GuestStars>
  <IMDB_ID></IMDB_ID>
  <Language>en</Language>
  <Overview>It's Christmas in Hawaii, but instead of celebrating, Five-0 is negotiating a hostage situation when the man who killed McGarrett's father resurfaces. The murderer, Victor Hesse, threatens to detonate an explosive that he's strapped to Chin Ho's chest.</Overview>
  <ProductionCode></ProductionCode>
  <Rating>7.6</Rating>
  <RatingCount>87</RatingCount>
  <SeasonNumber>1</SeasonNumber>
  <Writer>|Peter M. Lenkov|Carol Barbee|Kyle Harimoto|</Writer>
  <absolute_number></absolute_number>
  <filename>episodes/164541/3173801.jpg</filename>
  <lastupdated>1362477263</lastupdated>
  <seasonid>276791</seasonid>
  <seriesid>164541</seriesid>
</Episode>
<Episode>
  <id>3271241</id>
  <Combined_episodenumber>13</Combined_episodenumber>
  <Combined_season>1</Combined_season>
  <DVD_chapter></DVD_chapter>
  <DVD_discid></DVD_discid>
  <DVD_episodenumber></DVD_episodenumber>
  <DVD_season></DVD_season>
  <Director>Brad Turner</Director>
  <EpImgFlag>2</EpImgFlag>
  <EpisodeName>Ke Kinohi</EpisodeName>
  <EpisodeNumber>13</EpisodeNumber>
  <FirstAired>2011-01-03</FirstAired>
  <GuestStars></GuestStars>
  <IMDB_ID></IMDB_ID>
  <Language>en</Language>
  <Overview>McGarrett discovers new clues in his mother's murder when his sister is kidnapped.</Overview>
  <ProductionCode>113</ProductionCode>
  <Rating>7.6</Rating>
  <RatingCount>88</RatingCount>
  <SeasonNumber>1</SeasonNumber>
  <Writer>|Peter M. Lenkov|Nicole Ranadive|</Writer>
  <absolute_number></absolute_number>
  <filename>episodes/164541/3271241.jpg</filename>
  <lastupdated>1362477271</lastupdated>
  <seasonid>276791</seasonid>
  <seriesid>164541</seriesid>
</Episode>
<Episode>
  <id>3390341</id>
  <Combined_episodenumber>14</Combined_episodenumber>
  <Combined_season>1</Combined_season>
  <DVD_chapter></DVD_chapter>
  <DVD_discid></DVD_discid>
  <DVD_episodenumber></DVD_episodenumber>
  <DVD_season></DVD_season>
  <Director>Chris Fisher</Director>
  <EpImgFlag>2</EpImgFlag>
  <EpisodeName>He Kane Hewa'ole</EpisodeName>
  <EpisodeNumber>14</EpisodeNumber>
  <FirstAired>2011-01-17</FirstAired>
  <GuestStars>|Jordan Belfi|Greg Germann|Amanda Schull|Tzi Ma|Reiko Aylesworth|Masi Oka|</GuestStars>
  <IMDB_ID>tt1794145</IMDB_ID>
  <Language>en</Language>
  <Overview>After a high-speed chase, the team makes a gruesome discovery; Chin Ho and his ex-fiancee are awkwardly reunited.</Overview>
  <ProductionCode></ProductionCode>
  <Rating>7.5</Rating>
  <RatingCount>82</RatingCount>
  <SeasonNumber>1</SeasonNumber>
  <Writer>|Paul Zbyszewski|Peter M. Lenkov|</Writer>
  <absolute_number></absolute_number>
  <filename>episodes/164541/3390341.jpg</filename>
  <lastupdated>1362477339</lastupdated>
  <seasonid>276791</seasonid>
  <seriesid>164541</seriesid>
</Episode>
<Episode>
  <id>3492231</id>
  <Combined_episodenumber>15</Combined_episodenumber>
  <Combined_season>1</Combined_season>
  <DVD_chapter></DVD_chapter>
  <DVD_discid></DVD_discid>
  <DVD_episodenumber></DVD_episodenumber>
  <DVD_season></DVD_season>
  <Director>Duane Clark</Director>
  <EpImgFlag>2</EpImgFlag>
  <EpisodeName>Kai e'e</EpisodeName>
  <EpisodeNumber>15</EpisodeNumber>
  <FirstAired>2011-01-23</FirstAired>
  <GuestStars>|Dennis Chun|Tamayo Perry|Agnes Bruckner|Jojo Courtney|Brian Goodman|Joel David Moore|Michelle Borth|Al Harrington|</GuestStars>
  <IMDB_ID>tt1809615</IMDB_ID>
  <Language>en</Language>
  <Overview>Five-0 struggles to stay a step ahead of a major tsunami that has the island evacuating its shores as they investigate the disappearance of the head of the Tsunami Warning Center.</Overview>
  <ProductionCode></ProductionCode>
  <Rating>7.5</Rating>
  <RatingCount>79</RatingCount>
  <SeasonNumber>1</SeasonNumber>
  <Writer>|Jessica Rieder|Melissa Glenn|</Writer>
  <absolute_number></absolute_number>
  <filename>episodes/164541/3492231.jpg</filename>
  <lastupdated>1362477350</lastupdated>
  <seasonid>276791</seasonid>
  <seriesid>164541</seriesid>
</Episode>
<Episode>
  <id>3492271</id>
  <Combined_episodenumber>16</Combined_episodenumber>
  <Combined_season>1</Combined_season>
  <DVD_chapter></DVD_chapter>
  <DVD_discid></DVD_discid>
  <DVD_episodenumber></DVD_episodenumber>
  <DVD_season></DVD_season>
  <Director>Brad Turner</Director>
  <EpImgFlag>2</EpImgFlag>
  <EpisodeName>E Malama</EpisodeName>
  <EpisodeNumber>16</EpisodeNumber>
  <FirstAired>2011-02-07</FirstAired>
  <GuestStars></GuestStars>
  <IMDB_ID>tt1819933</IMDB_ID>
  <Language>en</Language>
  <Overview>When the sole witness in a high-profile murder case disappears, Five-0 must head into the jungle to locate and protect her from assassins who are closing in fast.</Overview>
  <ProductionCode></ProductionCode>
  <Rating>7.3</Rating>
  <RatingCount>80</RatingCount>
  <SeasonNumber>1</SeasonNumber>
  <Writer>|Kyle Harimoto|Shane Salerno|Carol Barbee</Writer>
  <absolute_number></absolute_number>
  <filename>episodes/164541/3492271.jpg</filename>
  <lastupdated>1362477358</lastupdated>
  <seasonid>276791</seasonid>
  <seriesid>164541</seriesid>
</Episode>
<Episode>
  <id>3492301</id>
  <Combined_episodenumber>17</Combined_episodenumber>
  <Combined_season>1</Combined_season>
  <DVD_chapter></DVD_chapter>
  <DVD_discid></DVD_discid>
  <DVD_episodenumber></DVD_episodenumber>
  <DVD_season></DVD_season>
  <Director>Brad Turner</Director>
  <EpImgFlag>2</EpImgFlag>
  <EpisodeName>Powa Maka Moana</EpisodeName>
  <EpisodeNumber>17</EpisodeNumber>
  <FirstAired>2011-02-14</FirstAired>
  <GuestStars></GuestStars>
  <IMDB_ID></IMDB_ID>
  <Language>en</Language>
  <Overview>Five-0 is first on the scene when a pirate attack turns an afternoon pleasure cruise into a kidnap-and-ransom nightmare for a group of wealthy spring breakers.</Overview>
  <ProductionCode></ProductionCode>
  <Rating>7.5</Rating>
  <RatingCount>80</RatingCount>
  <SeasonNumber>1</SeasonNumber>
  <Writer>Joe Halpin</Writer>
  <absolute_number></absolute_number>
  <filename>episodes/164541/3492301.jpg</filename>
  <lastupdated>1362477368</lastupdated>
  <seasonid>276791</seasonid>
  <seriesid>164541</seriesid>
</Episode>
<Episode>
  <id>3492311</id>
  <Combined_episodenumber>18</Combined_episodenumber>
  <Combined_season>1</Combined_season>
  <DVD_chapter></DVD_chapter>
  <DVD_discid></DVD_discid>
  <DVD_episodenumber></DVD_episodenumber>
  <DVD_season></DVD_season>
  <Director>Joe Halpin</Director>
  <EpImgFlag>2</EpImgFlag>
  <EpisodeName>Loa Aloha</EpisodeName>
  <EpisodeNumber>18</EpisodeNumber>
  <FirstAired>2011-02-21</FirstAired>
  <GuestStars></GuestStars>
  <IMDB_ID></IMDB_ID>
  <Language>en</Language>
  <Overview>While Five-0 races to stop a mad bomber before he kills again, Danny gets an unexpected visit from his little brother, Matt, a fun-loving, Wall Street broker. The family reunion is cut short, however, when Danny discovers the real reason that Matt is in Hawaii.</Overview>
  <ProductionCode></ProductionCode>
  <Rating>7.3</Rating>
  <RatingCount>83</RatingCount>
  <SeasonNumber>1</SeasonNumber>
  <Writer>|Mike Schaub|Paul Zbyszewski|</Writer>
  <absolute_number></absolute_number>
  <filename>episodes/164541/3492311.jpg</filename>
  <lastupdated>1362477375</lastupdated>
  <seasonid>276791</seasonid>
  <seriesid>164541</seriesid>
</Episode>
<Episode>
  <id>3492321</id>
  <Combined_episodenumber>19</Combined_episodenumber>
  <Combined_season>1</Combined_season>
  <DVD_chapter></DVD_chapter>
  <DVD_discid></DVD_discid>
  <DVD_episodenumber></DVD_episodenumber>
  <DVD_season></DVD_season>
  <Director>Matt Earl Beesley</Director>
  <EpImgFlag>1</EpImgFlag>
  <EpisodeName>Ne Me'e Laua Na Paio</EpisodeName>
  <EpisodeNumber>19</EpisodeNumber>
  <FirstAired>2011-03-21</FirstAired>
  <GuestStars></GuestStars>
  <IMDB_ID></IMDB_ID>
  <Language>en</Language>
  <Overview>Five-0 combs a convention to find the killer of a sci-fi fan who was thrown out of a high-rise window. A CIA agent who's interested in the Yakuza that killed McGarrett's parents shows up in town to meet with Steve.</Overview>
  <ProductionCode></ProductionCode>
  <Rating>7.4</Rating>
  <RatingCount>86</RatingCount>
  <SeasonNumber>1</SeasonNumber>
  <Writer>|David Wolkove|J. R. Orci|</Writer>
  <absolute_number></absolute_number>
  <filename>episodes/164541/3492321.jpg</filename>
  <lastupdated>1362477388</lastupdated>
  <seasonid>276791</seasonid>
  <seriesid>164541</seriesid>
</Episode>
<Episode>
  <id>3940391</id>
  <Combined_episodenumber>20</Combined_episodenumber>
  <Combined_season>1</Combined_season>
  <DVD_chapter></DVD_chapter>
  <DVD_discid></DVD_discid>
  <DVD_episodenumber></DVD_episodenumber>
  <DVD_season></DVD_season>
  <Director>Larry Teng</Director>
  <EpImgFlag>2</EpImgFlag>
  <EpisodeName>Ma Ke Kahakai</EpisodeName>
  <EpisodeNumber>20</EpisodeNumber>
  <FirstAired>2011-04-11</FirstAired>
  <GuestStars></GuestStars>
  <IMDB_ID></IMDB_ID>
  <Language>en</Language>
  <Overview>While hiking in a remote area of the jungle to see the famed petroglyphs, McGarrett and Danny instead find a homicide victim. Meanwhile, their aunt's failing health leads Kono and Chin Ho to visit home, where Kono finally learns the truth about the scandal that ended her cousin's career with the Honolulu Police Department.</Overview>
  <ProductionCode></ProductionCode>
  <Rating>7.3</Rating>
  <RatingCount>80</RatingCount>
  <SeasonNumber>1</SeasonNumber>
  <Writer>Elwood Reid</Writer>
  <absolute_number></absolute_number>
  <filename>episodes/164541/3940391.jpg</filename>
  <lastupdated>1362477399</lastupdated>
  <seasonid>276791</seasonid>
  <seriesid>164541</seriesid>
</Episode>
<Episode>
  <id>4077375</id>
  <Combined_episodenumber>21</Combined_episodenumber>
  <Combined_season>1</Combined_season>
  <DVD_chapter></DVD_chapter>
  <DVD_discid></DVD_discid>
  <DVD_episodenumber></DVD_episodenumber>
  <DVD_season></DVD_season>
  <Director>Duane Clark</Director>
  <EpImgFlag>2</EpImgFlag>
  <EpisodeName>Ho'opa'i</EpisodeName>
  <EpisodeNumber>21</EpisodeNumber>
  <FirstAired>2011-04-18</FirstAired>
  <GuestStars></GuestStars>
  <IMDB_ID></IMDB_ID>
  <Language>en</Language>
  <Overview>When a crime lord moves against the family of an undercover NYPD detective who infiltrated his organization, it's up to Five-0 to stop the policeman from exacting revenge.</Overview>
  <ProductionCode></ProductionCode>
  <Rating>7.3</Rating>
  <RatingCount>85</RatingCount>
  <SeasonNumber>1</SeasonNumber>
  <Writer>|Shane Salerno|Peter M. Lenkov|Shane Salerno</Writer>
  <absolute_number></absolute_number>
  <filename>episodes/164541/4077375.jpg</filename>
  <lastupdated>1362477410</lastupdated>
  <seasonid>276791</seasonid>
  <seriesid>164541</seriesid>
</Episode>
<Episode>
  <id>4077376</id>
  <Combined_episodenumber>22</Combined_episodenumber>
  <Combined_season>1</Combined_season>
  <DVD_chapter></DVD_chapter>
  <DVD_discid></DVD_discid>
  <DVD_episodenumber></DVD_episodenumber>
  <DVD_season></DVD_season>
  <Director>Brad Turner</Director>
  <EpImgFlag>2</EpImgFlag>
  <EpisodeName>Ho'ohuli Na'au</EpisodeName>
  <EpisodeNumber>22</EpisodeNumber>
  <FirstAired>2011-05-02</FirstAired>
  <GuestStars></GuestStars>
  <IMDB_ID></IMDB_ID>
  <Language>en</Language>
  <Overview>It's the worst kind of overexposure when world-renowned photographer Renny Sinclair is murdered while on assignment in Hawaii shooting the annual swimsuit edition of a top sports magazine.</Overview>
  <ProductionCode></ProductionCode>
  <Rating>7.4</Rating>
  <RatingCount>77</RatingCount>
  <SeasonNumber>1</SeasonNumber>
  <Writer>|Kyle Harimoto|Peter M. Lenkov|</Writer>
  <absolute_number></absolute_number>
  <filename>episodes/164541/4077376.jpg</filename>
  <lastupdated>1362477418</lastupdated>
  <seasonid>276791</seasonid>
  <seriesid>164541</seriesid>
</Episode>
<Episode>
  <id>4094984</id>
  <Combined_episodenumber>23</Combined_episodenumber>
  <Combined_season>1</Combined_season>
  <DVD_chapter></DVD_chapter>
  <DVD_discid></DVD_discid>
  <DVD_episodenumber></DVD_episodenumber>
  <DVD_season></DVD_season>
  <Director>Steve Boyum</Director>
  <EpImgFlag>2</EpImgFlag>
  <EpisodeName>Ua Hiki Mai Kapalena Pau</EpisodeName>
  <EpisodeNumber>23</EpisodeNumber>
  <FirstAired>2011-05-09</FirstAired>
  <GuestStars></GuestStars>
  <IMDB_ID></IMDB_ID>
  <Language>en</Language>
  <Overview>With the invaluable information that was shared by Agent Jenna Kaye, Five-0 is closer than ever to capturing Wo Fat. Their mission takes an abrupt turn, however, when Danny is exposed to a lethal neurological agent that presents an even greater threat: bio-terrorism on the island.</Overview>
  <ProductionCode></ProductionCode>
  <Rating>7.7</Rating>
  <RatingCount>76</RatingCount>
  <SeasonNumber>1</SeasonNumber>
  <Writer>|David Wolkove|Peter M. Lenkov|</Writer>
  <absolute_number></absolute_number>
  <filename>episodes/164541/4094984.jpg</filename>
  <lastupdated>1362477427</lastupdated>
  <seasonid>276791</seasonid>
  <seriesid>164541</seriesid>
</Episode>
<Episode>
  <id>4094985</id>
  <Combined_episodenumber>24</Combined_episodenumber>
  <Combined_season>1</Combined_season>
  <DVD_chapter></DVD_chapter>
  <DVD_discid></DVD_discid>
  <DVD_episodenumber></DVD_episodenumber>
  <DVD_season></DVD_season>
  <Director>Brad Turner</Director>
  <EpImgFlag>2</EpImgFlag>
  <EpisodeName>Oia'i'o</EpisodeName>
  <EpisodeNumber>24</EpisodeNumber>
  <FirstAired>2011-05-16</FirstAired>
  <GuestStars></GuestStars>
  <IMDB_ID></IMDB_ID>
  <Language>en</Language>
  <Overview>When Five-0 gets too close to the truth about Wo Fat and his associates, the criminal mastermind retaliates by trying to destroy the team. They've always played by their own rules, but when the Governor can no longer protect them, it's time for Five-0 to pay the consequences of their actions.</Overview>
  <ProductionCode></ProductionCode>
  <Rating>8.1</Rating>
  <RatingCount>77</RatingCount>
  <SeasonNumber>1</SeasonNumber>
  <Writer>|Paul Zbyszewski|Peter M. Lenkov|</Writer>
  <absolute_number></absolute_number>
  <filename>episodes/164541/4094985.jpg</filename>
  <lastupdated>1362477435</lastupdated>
  <seasonid>276791</seasonid>
  <seriesid>164541</seriesid>
</Episode>
<Episode>
  <id>4149409</id>
  <Combined_episodenumber>1</Combined_episodenumber>
  <Combined_season>2</Combined_season>
  <DVD_chapter></DVD_chapter>
  <DVD_discid></DVD_discid>
  <DVD_episodenumber></DVD_episodenumber>
  <DVD_season></DVD_season>
  <Director>Steve Boyum</Director>
  <EpImgFlag>2</EpImgFlag>
  <EpisodeName>Ha'i'ole</EpisodeName>
  <EpisodeNumber>1</EpisodeNumber>
  <FirstAired>2011-09-19</FirstAired>
  <GuestStars>William Sadler|James Marsters|Larisa Oleynik|Erik Passoja|Mark Dacosos|Richard T. Jones|Terry O'Quinn</GuestStars>
  <IMDB_ID>tt1982323</IMDB_ID>
  <Language>en</Language>
  <Overview>While McGarrett sits in prison awaiting trial for the murder of the governor, Danny brings him a surprise visitor to help clear him. Meanwhile, Kono is suspended from the force, pending an internal investigation.</Overview>
  <ProductionCode></ProductionCode>
  <Rating>7.8</Rating>
  <RatingCount>78</RatingCount>
  <SeasonNumber>2</SeasonNumber>
  <Writer>Peter M. Lenkov|Paul Zbyszewski</Writer>
  <absolute_number></absolute_number>
  <filename>episodes/164541/4149409.jpg</filename>
  <lastupdated>1357090894</lastupdated>
  <seasonid>471501</seasonid>
  <seriesid>164541</seriesid>
</Episode>
<Episode>
  <id>4151827</id>
  <Combined_episodenumber>2</Combined_episodenumber>
  <Combined_season>2</Combined_season>
  <DVD_chapter></DVD_chapter>
  <DVD_discid></DVD_discid>
  <DVD_episodenumber></DVD_episodenumber>
  <DVD_season></DVD_season>
  <Director>Duane Clark</Director>
  <EpImgFlag>2</EpImgFlag>
  <EpisodeName>Ua Lawe Wale</EpisodeName>
  <EpisodeNumber>2</EpisodeNumber>
  <FirstAired>2011-09-26</FirstAired>
  <GuestStars>Larisa Oleynik|Tom Sizemore|Hayley Chase|Bruce Davison|Emily Bergl|Richard T. Jones|Lauren German|</GuestStars>
  <IMDB_ID>tt1991525</IMDB_ID>
  <Language>en</Language>
  <Overview>Gov. Denning assigns Officer Lori Weston to Five-0 to make sure McGarrett and team follow the new rules set by him and also apply her excellent profiling skills to the task force. Meanwhile, as Five-0 investigates the kidnapping of a teenage paddleboard champion, Internal Affairs Capt. Vince Fryer continues his interrogation of Kono. </Overview>
  <ProductionCode></ProductionCode>
  <Rating>7.4</Rating>
  <RatingCount>81</RatingCount>
  <SeasonNumber>2</SeasonNumber>
  <Writer>|Jessica Rieder|Melissa Glenn|</Writer>
  <absolute_number></absolute_number>
  <filename>episodes/164541/4151827.jpg</filename>
  <lastupdated>1357090922</lastupdated>
  <seasonid>471501</seasonid>
  <seriesid>164541</seriesid>
</Episode>
<Episode>
  <id>4151828</id>
  <Combined_episodenumber>3</Combined_episodenumber>
  <Combined_season>2</Combined_season>
  <DVD_chapter></DVD_chapter>
  <DVD_discid></DVD_discid>
  <DVD_episodenumber></DVD_episodenumber>
  <DVD_season></DVD_season>
  <Director>Jeffrey G. Hunt</Director>
  <EpImgFlag>2</EpImgFlag>
  <EpisodeName>Kame'e</EpisodeName>
  <EpisodeNumber>3</EpisodeNumber>
  <FirstAired>2011-10-03</FirstAired>
  <GuestStars>Brian Yang|William Baldwin|David Keith|Sarah Roemer|Dash Mihok|Terry O'Quinn</GuestStars>
  <IMDB_ID>tt2012911</IMDB_ID>
  <Language>en</Language>
  <Overview>At his mentor's request, McGarrett persuades Max to redo the autopsy on a SEAL, thought to have committed suicide, in order to investigate his murder. Meanwhile, Chin Ho worries about Kono hanging out with a group of dirty ex-cops, including Frank Delano.</Overview>
  <ProductionCode></ProductionCode>
  <Rating>7.5</Rating>
  <RatingCount>78</RatingCount>
  <SeasonNumber>2</SeasonNumber>
  <Writer>Elwood Reid</Writer>
  <absolute_number></absolute_number>
  <filename>episodes/164541/4151828.jpg</filename>
  <lastupdated>1357090951</lastupdated>
  <seasonid>471501</seasonid>
  <seriesid>164541</seriesid>
</Episode>
<Episode>
  <id>4178791</id>
  <Combined_episodenumber>4</Combined_episodenumber>
  <Combined_season>2</Combined_season>
  <DVD_chapter></DVD_chapter>
  <DVD_discid></DVD_discid>
  <DVD_episodenumber></DVD_episodenumber>
  <DVD_season>2</DVD_season>
  <Director>Duane Clark</Director>
  <EpImgFlag>2</EpImgFlag>
  <EpisodeName>Mea Makamae</EpisodeName>
  <EpisodeNumber>4</EpisodeNumber>
  <FirstAired>2011-10-10</FirstAired>
  <GuestStars>Brian Yang|Brian Guest|Patty Duke|Peter Fonda|Autumn Resser|William Baldwin|Michelle Borth|Terry O'Quinn</GuestStars>
  <IMDB_ID>tt2009995</IMDB_ID>
  <Language>en</Language>
  <Overview>The Five-0 take to the beautiful waters off Hawaii to investigate the murder of a deep sea diver known for his valuable shipwreck finds.</Overview>
  <ProductionCode></ProductionCode>
  <Rating>7.6</Rating>
  <RatingCount>74</RatingCount>
  <SeasonNumber>2</SeasonNumber>
  <Writer>Alex Kurtzman</Writer>
  <absolute_number></absolute_number>
  <filename>episodes/164541/4178791.jpg</filename>
  <lastupdated>1357090970</lastupdated>
  <seasonid>471501</seasonid>
  <seriesid>164541</seriesid>
</Episode>
<Episode>
  <id>4182022</id>
  <Combined_episodenumber>5</Combined_episodenumber>
  <Combined_season>2</Combined_season>
  <DVD_chapter></DVD_chapter>
  <DVD_discid></DVD_discid>
  <DVD_episodenumber></DVD_episodenumber>
  <DVD_season></DVD_season>
  <Director>Steve Boyum</Director>
  <EpImgFlag>2</EpImgFlag>
  <EpisodeName>Ma'ema'e</EpisodeName>
  <EpisodeNumber>5</EpisodeNumber>
  <FirstAired>2011-10-17</FirstAired>
  <GuestStars>William Baldwin|Reiko Aylesworth|Tom Sizemore|Meredith Monroe|Tania Raymonde</GuestStars>
  <IMDB_ID>tt2046837</IMDB_ID>
  <Language>en</Language>
  <Overview>The FIVE-0’s investigation into the murder of the state’s women’s volleyball coach leads them to find out more bad news about Kono, and Chin Ho reconnects with his former fiancée, Malia.</Overview>
  <ProductionCode></ProductionCode>
  <Rating>7.7</Rating>
  <RatingCount>74</RatingCount>
  <SeasonNumber>2</SeasonNumber>
  <Writer>Stephanie Sengupta</Writer>
  <absolute_number></absolute_number>
  <filename>episodes/164541/4182022.jpg</filename>
  <lastupdated>1357091008</lastupdated>
  <seasonid>471501</seasonid>
  <seriesid>164541</seriesid>
</Episode>
<Episode>
  <id>4186019</id>
  <Combined_episodenumber>6</Combined_episodenumber>
  <Combined_season>2</Combined_season>
  <DVD_chapter></DVD_chapter>
  <DVD_discid></DVD_discid>
  <DVD_episodenumber></DVD_episodenumber>
  <DVD_season></DVD_season>
  <Director>Larry Teng</Director>
  <EpImgFlag>2</EpImgFlag>
  <EpisodeName>Ka Hakaka Maika'i</EpisodeName>
  <EpisodeNumber>6</EpisodeNumber>
  <FirstAired>2011-10-24</FirstAired>
  <GuestStars>Daniela Ruah|Mark Dacosos|Shawn Hatosy|Annie Wershing|Samantha Martel|Gino Anthony Pesi|Chuck Liddell|Terry O'Quinn</GuestStars>
  <IMDB_ID>tt2049122</IMDB_ID>
  <Language>en</Language>
  <Overview>The FIVE-0’s investigation into the murder of a wealthy restaurant owner causes McGarrett to take part in a charity MMA fight to the finish.  Meanwhile, NCIS Agent Kensi Blye lends her expertise to McGarrett and Lt. Commander White when they ask her to examine a video of McGarrett’s father.</Overview>
  <ProductionCode></ProductionCode>
  <Rating>7.5</Rating>
  <RatingCount>79</RatingCount>
  <SeasonNumber>2</SeasonNumber>
  <Writer>Kyle Harimoto</Writer>
  <absolute_number></absolute_number>
  <filename>episodes/164541/4186019.jpg</filename>
  <lastupdated>1357091026</lastupdated>
  <seasonid>471501</seasonid>
  <seriesid>164541</seriesid>
</Episode>
<Episode>
  <id>4186021</id>
  <Combined_episodenumber>7</Combined_episodenumber>
  <Combined_season>2</Combined_season>
  <DVD_chapter></DVD_chapter>
  <DVD_discid></DVD_discid>
  <DVD_episodenumber></DVD_episodenumber>
  <DVD_season></DVD_season>
  <Director>Joe Dante</Director>
  <EpImgFlag>2</EpImgFlag>
  <EpisodeName>Ka Iwi Kapu</EpisodeName>
  <EpisodeNumber>7</EpisodeNumber>
  <FirstAired>2011-10-31</FirstAired>
  <GuestStars>Robert Englund|Autumn Resser|Ryan Devlin|Erin Way|Mary Pat Gleason|Brian Yang</GuestStars>
  <IMDB_ID>tt2090079</IMDB_ID>
  <Language>en</Language>
  <Overview>When the Five-0s investigate the murder of a young couple filming a spooky documentary about a traditional Hawaiian burial site, they are threatened by a drifter who puts a curse on Danny.</Overview>
  <ProductionCode></ProductionCode>
  <Rating>7.4</Rating>
  <RatingCount>79</RatingCount>
  <SeasonNumber>2</SeasonNumber>
  <Writer>|Tara Butters|Michele Fazekas|</Writer>
  <absolute_number></absolute_number>
  <filename>episodes/164541/4186021.jpg</filename>
  <lastupdated>1357091049</lastupdated>
  <seasonid>471501</seasonid>
  <seriesid>164541</seriesid>
</Episode>
<Episode>
  <id>4197134</id>
  <Combined_episodenumber>8</Combined_episodenumber>
  <Combined_season>2</Combined_season>
  <DVD_chapter></DVD_chapter>
  <DVD_discid></DVD_discid>
  <DVD_episodenumber></DVD_episodenumber>
  <DVD_season></DVD_season>
  <Director>Steve Boyum</Director>
  <EpImgFlag>2</EpImgFlag>
  <EpisodeName>Lapa'au</EpisodeName>
  <EpisodeNumber>8</EpisodeNumber>
  <FirstAired>2011-11-07</FirstAired>
  <GuestStars>Greg Grunberg|Jon Gries|Ronnie Gene Blevins|Brian Yang</GuestStars>
  <IMDB_ID>tt2095258</IMDB_ID>
  <Language>en</Language>
  <Overview>FIVE-0's investigation into the suspicious plane crash and death of a customs agent takes an unexpected turn when it is revealed that the victim was dead before takeoff. Meanwhile, Danny finds himself the proud caretaker of an orphaned dog.</Overview>
  <ProductionCode></ProductionCode>
  <Rating>7.6</Rating>
  <RatingCount>73</RatingCount>
  <SeasonNumber>2</SeasonNumber>
  <Writer>Joe Halpin</Writer>
  <absolute_number></absolute_number>
  <filename>episodes/164541/4197134.jpg</filename>
  <lastupdated>1357091074</lastupdated>
  <seasonid>471501</seasonid>
  <seriesid>164541</seriesid>
</Episode>
<Episode>
  <id>4197135</id>
  <Combined_episodenumber>9</Combined_episodenumber>
  <Combined_season>2</Combined_season>
  <DVD_chapter></DVD_chapter>
  <DVD_discid></DVD_discid>
  <DVD_episodenumber></DVD_episodenumber>
  <DVD_season></DVD_season>
  <Director>Bryan Spicer</Director>
  <EpImgFlag>2</EpImgFlag>
  <EpisodeName>Ike Maka</EpisodeName>
  <EpisodeNumber>9</EpisodeNumber>
  <FirstAired>2011-11-14</FirstAired>
  <GuestStars>Chris Bauer|Hank Stratton|Courtney Ford|Zack Ward|Tony Curran|</GuestStars>
  <IMDB_ID>tt2097512</IMDB_ID>
  <Language>en</Language>
  <Overview>When the Five-0 discover a John Doe in the trunk of a stolen car, they not only have to find a killer, but also need to figure out who the physically-altered victim was. Meanwhile, a homeless Danno is sleeping on McGarrett’s couch.</Overview>
  <ProductionCode></ProductionCode>
  <Rating>7.5</Rating>
  <RatingCount>73</RatingCount>
  <SeasonNumber>2</SeasonNumber>
  <Writer>Mike Schaub</Writer>
  <absolute_number></absolute_number>
  <filename>episodes/164541/4197135.jpg</filename>
  <lastupdated>1357091098</lastupdated>
  <seasonid>471501</seasonid>
  <seriesid>164541</seriesid>
</Episode>
<Episode>
  <id>4201197</id>
  <Combined_episodenumber>10</Combined_episodenumber>
  <Combined_season>2</Combined_season>
  <DVD_chapter></DVD_chapter>
  <DVD_discid></DVD_discid>
  <DVD_episodenumber></DVD_episodenumber>
  <DVD_season></DVD_season>
  <Director>Kate Woods</Director>
  <EpImgFlag>2</EpImgFlag>
  <EpisodeName>Ki'ilua</EpisodeName>
  <EpisodeNumber>10</EpisodeNumber>
  <FirstAired>2011-11-21</FirstAired>
  <GuestStars>Jimmy Buffett|Mark Dacosos|Larisa Oleynik|Reiko Aylesworth|David Keith|Terry O'Quinn</GuestStars>
  <IMDB_ID>tt2097513</IMDB_ID>
  <Language>en</Language>
  <Overview>McGarrett finds himself in need of the Five-0’s help when he goes to North Korea with Jenna Kaye to deliver a ransom to rebels who are holding her fiancé hostage. Meanwhile, the Five-0 investigate the murder of an investigative reporter who seems to have ties to Jenna. </Overview>
  <ProductionCode></ProductionCode>
  <Rating>8.0</Rating>
  <RatingCount>73</RatingCount>
  <SeasonNumber>2</SeasonNumber>
  <Writer>|Peter Lenkov|Paul Zbyszewski|</Writer>
  <absolute_number></absolute_number>
  <filename>episodes/164541/4201197.jpg</filename>
  <lastupdated>1357091348</lastupdated>
  <seasonid>471501</seasonid>
  <seriesid>164541</seriesid>
</Episode>
<Episode>
  <id>4210469</id>
  <Combined_episodenumber>11</Combined_episodenumber>
  <Combined_season>2</Combined_season>
  <DVD_chapter></DVD_chapter>
  <DVD_discid></DVD_discid>
  <DVD_episodenumber></DVD_episodenumber>
  <DVD_season></DVD_season>
  <Director>Paul Edwards</Director>
  <EpImgFlag>2</EpImgFlag>
  <EpisodeName>Pahele</EpisodeName>
  <EpisodeNumber>11</EpisodeNumber>
  <FirstAired>2011-12-05</FirstAired>
  <GuestStars>Cary-Hiroyuki Tagawa|Aimee Garcia|Ian Anthony Dale|Rick Gomez|Richard T. Jones|Terry O'Quinn</GuestStars>
  <IMDB_ID>tt2108758</IMDB_ID>
  <Language>en</Language>
  <Overview>McGarrett and the Five-0 search for a busload of kidnapped school children as well as the people responsible.</Overview>
  <ProductionCode></ProductionCode>
  <Rating>7.6</Rating>
  <RatingCount>70</RatingCount>
  <SeasonNumber>2</SeasonNumber>
  <Writer>Melissa Glenn|Jessica Rieder</Writer>
  <absolute_number></absolute_number>
  <filename>episodes/164541/4210469.jpg</filename>
  <lastupdated>1357091404</lastupdated>
  <seasonid>471501</seasonid>
  <seriesid>164541</seriesid>
</Episode>
<Episode>
  <id>4217588</id>
  <Combined_episodenumber>12</Combined_episodenumber>
  <Combined_season>2</Combined_season>
  <DVD_chapter></DVD_chapter>
  <DVD_discid></DVD_discid>
  <DVD_episodenumber></DVD_episodenumber>
  <DVD_season></DVD_season>
  <Director>Jeff Thomas</Director>
  <EpImgFlag>2</EpImgFlag>
  <EpisodeName>Alaheo Pau'ole</EpisodeName>
  <EpisodeNumber>12</EpisodeNumber>
  <FirstAired>2011-12-12</FirstAired>
  <GuestStars>Tom Sizemore|Reiko Aylesworth|Ian Anthony Dale|Terry O'Quinn</GuestStars>
  <IMDB_ID>tt2108058</IMDB_ID>
  <Language>en</Language>
  <Overview>On the eve of Chin Ho’s wedding to Malia, the Five-0’s investigation into a man left for dead in an abandoned WWII bunker crosses paths with Capt. Fryer’s case of a Jane Doe.</Overview>
  <ProductionCode></ProductionCode>
  <Rating>7.6</Rating>
  <RatingCount>71</RatingCount>
  <SeasonNumber>2</SeasonNumber>
  <Writer>Elwood Reid</Writer>
  <absolute_number></absolute_number>
  <filename>episodes/164541/4217588.jpg</filename>
  <lastupdated>1357091592</lastupdated>
  <seasonid>471501</seasonid>
  <seriesid>164541</seriesid>
</Episode>
<Episode>
  <id>4225164</id>
  <Combined_episodenumber>13</Combined_episodenumber>
  <Combined_season>2</Combined_season>
  <DVD_chapter></DVD_chapter>
  <DVD_discid></DVD_discid>
  <DVD_episodenumber></DVD_episodenumber>
  <DVD_season></DVD_season>
  <Director>Steve Boyum</Director>
  <EpImgFlag>2</EpImgFlag>
  <EpisodeName>Ka Ho'oponopono</EpisodeName>
  <EpisodeNumber>13</EpisodeNumber>
  <FirstAired>2012-01-02</FirstAired>
  <GuestStars>Blaise Embry|Terry O'Quinn|Christopher Cousins|Sam Anderson|Courtney Coleman|Stephanie Conching|Ian Anthony Dale|Brian Yang</GuestStars>
  <IMDB_ID>tt2118223</IMDB_ID>
  <Language>en</Language>
  <Overview>When the Five-0 team discover that the murder of a High School girl was a professional hit, they must find out why she was targeted before they can find her killer.</Overview>
  <ProductionCode></ProductionCode>
  <Rating>7.5</Rating>
  <RatingCount>74</RatingCount>
  <SeasonNumber>2</SeasonNumber>
  <Writer>Stephanie Sengupta</Writer>
  <absolute_number></absolute_number>
  <filename>episodes/164541/4225164.jpg</filename>
  <lastupdated>1357091617</lastupdated>
  <seasonid>471501</seasonid>
  <seriesid>164541</seriesid>
</Episode>
<Episode>
  <id>4227806</id>
  <Combined_episodenumber>14</Combined_episodenumber>
  <Combined_season>2</Combined_season>
  <DVD_chapter></DVD_chapter>
  <DVD_discid></DVD_discid>
  <DVD_episodenumber></DVD_episodenumber>
  <DVD_season></DVD_season>
  <Director>Christine Moore</Director>
  <EpImgFlag>2</EpImgFlag>
  <EpisodeName>Pu'olo</EpisodeName>
  <EpisodeNumber>14</EpisodeNumber>
  <FirstAired>2012-01-16</FirstAired>
  <GuestStars>Ian Anthony Dale|Terry O'Quinn</GuestStars>
  <IMDB_ID>tt2118224</IMDB_ID>
  <Language>en</Language>
  <Overview>Chin Ho shares news about Joe White that rocks McGarrett to his core; Danny is forced to play midwife when his ex goes into early labor.</Overview>
  <ProductionCode></ProductionCode>
  <Rating>7.5</Rating>
  <RatingCount>74</RatingCount>
  <SeasonNumber>2</SeasonNumber>
  <Writer>Peter M. Lenkov|David Wolkove</Writer>
  <absolute_number></absolute_number>
  <filename>episodes/164541/4227806.jpg</filename>
  <lastupdated>1357091650</lastupdated>
  <seasonid>471501</seasonid>
  <seriesid>164541</seriesid>
</Episode>
<Episode>
  <id>4236059</id>
  <Combined_episodenumber>15</Combined_episodenumber>
  <Combined_season>2</Combined_season>
  <DVD_chapter></DVD_chapter>
  <DVD_discid></DVD_discid>
  <DVD_episodenumber></DVD_episodenumber>
  <DVD_season></DVD_season>
  <Director>Larry Teng</Director>
  <EpImgFlag>2</EpImgFlag>
  <EpisodeName>Mai Ka Wa Kahiko</EpisodeName>
  <EpisodeNumber>15</EpisodeNumber>
  <FirstAired>2012-02-06</FirstAired>
  <GuestStars>Gloria Votsis</GuestStars>
  <IMDB_ID>tt2117285</IMDB_ID>
  <Language>en</Language>
  <Overview>When Danno and his family are targeted by a vengeful dirty cop from Danno's past, the team steps in to help.</Overview>
  <ProductionCode></ProductionCode>
  <Rating>7.6</Rating>
  <RatingCount>73</RatingCount>
  <SeasonNumber>2</SeasonNumber>
  <Writer>Bill Nuss</Writer>
  <absolute_number></absolute_number>
  <filename>episodes/164541/4236059.jpg</filename>
  <lastupdated>1357091676</lastupdated>
  <seasonid>471501</seasonid>
  <seriesid>164541</seriesid>
</Episode>
<Episode>
  <id>4256260</id>
  <Combined_episodenumber>16</Combined_episodenumber>
  <Combined_season>2</Combined_season>
  <DVD_chapter></DVD_chapter>
  <DVD_discid></DVD_discid>
  <DVD_episodenumber></DVD_episodenumber>
  <DVD_season></DVD_season>
  <Director>Eric Laneuville</Director>
  <EpImgFlag>2</EpImgFlag>
  <EpisodeName>I Helu Pu</EpisodeName>
  <EpisodeNumber>16</EpisodeNumber>
  <FirstAired>2012-02-13</FirstAired>
  <GuestStars>Richard T. Jones</GuestStars>
  <IMDB_ID>tt2230043</IMDB_ID>
  <Language>en</Language>
  <Overview>When the team almost causes an international incident, Lt. Gov. Denning decides that one of them should be fired; Chin Ho faces the harrowing task of choosing a Valentine's Day gift for Malia.
</Overview>
  <ProductionCode>216</ProductionCode>
  <Rating>7.7</Rating>
  <RatingCount>68</RatingCount>
  <SeasonNumber>2</SeasonNumber>
  <Writer>Paul Zbyszewski</Writer>
  <absolute_number></absolute_number>
  <filename>episodes/164541/4256260.jpg</filename>
  <lastupdated>1357091701</lastupdated>
  <seasonid>471501</seasonid>
  <seriesid>164541</seriesid>
</Episode>
<Episode>
  <id>4261911</id>
  <Combined_episodenumber>17</Combined_episodenumber>
  <Combined_season>2</Combined_season>
  <DVD_chapter></DVD_chapter>
  <DVD_discid></DVD_discid>
  <DVD_episodenumber></DVD_episodenumber>
  <DVD_season></DVD_season>
  <Director>Steve Boyum</Director>
  <EpImgFlag>2</EpImgFlag>
  <EpisodeName>Kupale</EpisodeName>
  <EpisodeNumber>17</EpisodeNumber>
  <FirstAired>2012-02-20</FirstAired>
  <GuestStars>|Apolo Ohno|Shane Victorino|Patrick Fabian|Autum Reeser|</GuestStars>
  <IMDB_ID>tt2208585</IMDB_ID>
  <Language>en</Language>
  <Overview>Five-0 investigates the murder of a man dressed as a Hawaiian NaKoa warrior found in the jungle near the site of a historical war reenactment

</Overview>
  <ProductionCode>217</ProductionCode>
  <Rating>7.5</Rating>
  <RatingCount>69</RatingCount>
  <SeasonNumber>2</SeasonNumber>
  <Writer>|Noah Nelson|Lisa Schultz|</Writer>
  <absolute_number>217</absolute_number>
  <filename>episodes/164541/4261911.jpg</filename>
  <lastupdated>1357091730</lastupdated>
  <seasonid>471501</seasonid>
  <seriesid>164541</seriesid>
</Episode>
<Episode>
  <id>4264957</id>
  <Combined_episodenumber>18</Combined_episodenumber>
  <Combined_season>2</Combined_season>
  <DVD_chapter></DVD_chapter>
  <DVD_discid></DVD_discid>
  <DVD_episodenumber></DVD_episodenumber>
  <DVD_season></DVD_season>
  <Director>Bryan Spicer</Director>
  <EpImgFlag>2</EpImgFlag>
  <EpisodeName>Lekio</EpisodeName>
  <EpisodeNumber>18</EpisodeNumber>
  <FirstAired>2012-02-27</FirstAired>
  <GuestStars>James Caan</GuestStars>
  <IMDB_ID>tt2257343</IMDB_ID>
  <Language>en</Language>
  <Overview>Five-0 crosses paths with Tony Archer, a retired NYPD bomb expert who is now a private investigator on Oahu, when they investigate the death of famous talk radio DJ Bobby Raines.</Overview>
  <ProductionCode></ProductionCode>
  <Rating>7.8</Rating>
  <RatingCount>68</RatingCount>
  <SeasonNumber>2</SeasonNumber>
  <Writer>Kyle Harimoto</Writer>
  <absolute_number></absolute_number>
  <filename>episodes/164541/4264957.jpg</filename>
  <lastupdated>1357091832</lastupdated>
  <seasonid>471501</seasonid>
  <seriesid>164541</seriesid>
</Episode>
<Episode>
  <id>4271547</id>
  <Combined_episodenumber>19</Combined_episodenumber>
  <Combined_season>2</Combined_season>
  <DVD_chapter></DVD_chapter>
  <DVD_discid></DVD_discid>
  <DVD_episodenumber></DVD_episodenumber>
  <DVD_season></DVD_season>
  <Director>Frederick E. O. Toye</Director>
  <EpImgFlag>2</EpImgFlag>
  <EpisodeName>Kalele</EpisodeName>
  <EpisodeNumber>19</EpisodeNumber>
  <FirstAired>2012-03-19</FirstAired>
  <GuestStars>Ed Asner</GuestStars>
  <IMDB_ID>tt2293675</IMDB_ID>
  <Language>en</Language>
  <Overview>When McGarrett's sister is arrested for smuggling diamonds, he enlists the help of an ex-con to set up a sting.</Overview>
  <ProductionCode></ProductionCode>
  <Rating>7.6</Rating>
  <RatingCount>64</RatingCount>
  <SeasonNumber>2</SeasonNumber>
  <Writer>Joe Halpin</Writer>
  <absolute_number></absolute_number>
  <filename>episodes/164541/4271547.jpg</filename>
  <lastupdated>1357091931</lastupdated>
  <seasonid>471501</seasonid>
  <seriesid>164541</seriesid>
</Episode>
<Episode>
  <id>4290811</id>
  <Combined_episodenumber>20</Combined_episodenumber>
  <Combined_season>2</Combined_season>
  <DVD_chapter></DVD_chapter>
  <DVD_discid></DVD_discid>
  <DVD_episodenumber></DVD_episodenumber>
  <DVD_season></DVD_season>
  <Director>Jerry Levine</Director>
  <EpImgFlag>2</EpImgFlag>
  <EpisodeName>Ha'alele</EpisodeName>
  <EpisodeNumber>20</EpisodeNumber>
  <FirstAired>2012-04-09</FirstAired>
  <GuestStars>Elise Levin|Stacy Haiduk|Keahu Kahuanui|Adrian Wilson|Pruitt Taylor Vince|Kevin Dobson|James Michael Connor|Max Perlich|Bill Ogilvie</GuestStars>
  <IMDB_ID>tt2329637</IMDB_ID>
  <Language>en</Language>
  <Overview>A murder case hits close to home for Max when he is convinced that The Trashman, a serial killer with ties to his past, is on the loose. In order to convince Five-0 of his suspicions, Max reveals shocking information about his childhood.</Overview>
  <ProductionCode></ProductionCode>
  <Rating>7.7</Rating>
  <RatingCount>68</RatingCount>
  <SeasonNumber>2</SeasonNumber>
  <Writer>Elwood Reid</Writer>
  <absolute_number></absolute_number>
  <filename>episodes/164541/4290811.jpg</filename>
  <lastupdated>1357091969</lastupdated>
  <seasonid>471501</seasonid>
  <seriesid>164541</seriesid>
</Episode>
<Episode>
  <id>4303843</id>
  <Combined_episodenumber>21</Combined_episodenumber>
  <Combined_season>2</Combined_season>
  <DVD_chapter></DVD_chapter>
  <DVD_discid></DVD_discid>
  <DVD_episodenumber></DVD_episodenumber>
  <DVD_season></DVD_season>
  <Director>Bryan Spicer</Director>
  <EpImgFlag>2</EpImgFlag>
  <EpisodeName>Pa Make Loa (1)</EpisodeName>
  <EpisodeNumber>21</EpisodeNumber>
  <FirstAired>2012-04-30</FirstAired>
  <GuestStars>Chris O'Donnell|LL COOL J</GuestStars>
  <IMDB_ID>tt2365211</IMDB_ID>
  <Language>en</Language>
  <Overview>Five-0 and the NCIS: Los Angeles task force team up in Hawaii when there’s a suspect on the loose who is threatening to release a deadly virus into the population. Series crossover part 2 is NCIS: Los Angeles S03E21.</Overview>
  <ProductionCode></ProductionCode>
  <Rating>7.7</Rating>
  <RatingCount>68</RatingCount>
  <SeasonNumber>2</SeasonNumber>
  <Writer>Michele Fazekas|Tara Butters|R. Scott Gemmill</Writer>
  <absolute_number></absolute_number>
  <filename>episodes/164541/4303843.jpg</filename>
  <lastupdated>1357092028</lastupdated>
  <seasonid>471501</seasonid>
  <seriesid>164541</seriesid>
</Episode>
<Episode>
  <id>4303844</id>
  <Combined_episodenumber>22</Combined_episodenumber>
  <Combined_season>2</Combined_season>
  <DVD_chapter></DVD_chapter>
  <DVD_discid></DVD_discid>
  <DVD_episodenumber></DVD_episodenumber>
  <DVD_season></DVD_season>
  <Director>Larry Teng</Director>
  <EpImgFlag>2</EpImgFlag>
  <EpisodeName>Ua Hopu</EpisodeName>
  <EpisodeNumber>22</EpisodeNumber>
  <FirstAired>2012-05-07</FirstAired>
  <GuestStars>Mark Dacoscos</GuestStars>
  <IMDB_ID>tt2389569</IMDB_ID>
  <Language>en</Language>
  <Overview>Just as McGarrett finally gets his hands on his arch nemesis Wo Fat in a special ops raid, he’s blindsided when he finds that the Japanese Yakuza is hot on their trail and wants them both dead.
</Overview>
  <ProductionCode></ProductionCode>
  <Rating>7.9</Rating>
  <RatingCount>60</RatingCount>
  <SeasonNumber>2</SeasonNumber>
  <Writer>Stephanie Sengupta</Writer>
  <absolute_number></absolute_number>
  <filename>episodes/164541/4303844.jpg</filename>
  <lastupdated>1357092061</lastupdated>
  <seasonid>471501</seasonid>
  <seriesid>164541</seriesid>
</Episode>
<Episode>
  <id>4303845</id>
  <Combined_episodenumber>23</Combined_episodenumber>
  <Combined_season>2</Combined_season>
  <DVD_chapter></DVD_chapter>
  <DVD_discid></DVD_discid>
  <DVD_episodenumber></DVD_episodenumber>
  <DVD_season></DVD_season>
  <Director>Steve Boyum</Director>
  <EpImgFlag>2</EpImgFlag>
  <EpisodeName>Ua Hala</EpisodeName>
  <EpisodeNumber>23</EpisodeNumber>
  <FirstAired>2012-05-14</FirstAired>
  <GuestStars>Terry O'Quinn|Taylor Cole|William Baldwin</GuestStars>
  <IMDB_ID>tt2389567</IMDB_ID>
  <Language>en</Language>
  <Overview>Five-0 is in hot pursuit of a shooter who guns down one of their own, while another team member is forced to choose which of their kidnapped loved ones will live.</Overview>
  <ProductionCode></ProductionCode>
  <Rating>8.1</Rating>
  <RatingCount>59</RatingCount>
  <SeasonNumber>2</SeasonNumber>
  <Writer>Peter M. Lenkov|Paul Zbyszewski|Elwood Reid</Writer>
  <absolute_number></absolute_number>
  <filename>episodes/164541/4303845.jpg</filename>
  <lastupdated>1357092087</lastupdated>
  <seasonid>471501</seasonid>
  <seriesid>164541</seriesid>
</Episode>
<Episode>
  <id>4357943</id>
  <Combined_episodenumber>1</Combined_episodenumber>
  <Combined_season>3</Combined_season>
  <DVD_chapter></DVD_chapter>
  <DVD_discid></DVD_discid>
  <DVD_episodenumber></DVD_episodenumber>
  <DVD_season></DVD_season>
  <Director></Director>
  <EpImgFlag>2</EpImgFlag>
  <EpisodeName>La O Na Makuahine</EpisodeName>
  <EpisodeNumber>1</EpisodeNumber>
  <FirstAired>2012-09-24</FirstAired>
  <GuestStars></GuestStars>
  <IMDB_ID></IMDB_ID>
  <Language>en</Language>
  <Overview>The team goes after Wo Fat and Delano for the death of an important person. Steve must resolve the issues between him and his &quot;dead&quot; mother, once he finds her alive and well.</Overview>
  <ProductionCode></ProductionCode>
  <Rating>7.6</Rating>
  <RatingCount>50</RatingCount>
  <SeasonNumber>3</SeasonNumber>
  <Writer></Writer>
  <absolute_number></absolute_number>
  <filename>episodes/164541/4357943.jpg</filename>
  <lastupdated>1364742508</lastupdated>
  <seasonid>489807</seasonid>
  <seriesid>164541</seriesid>
</Episode>
<Episode>
  <id>4364433</id>
  <Combined_episodenumber>2</Combined_episodenumber>
  <Combined_season>3</Combined_season>
  <DVD_chapter></DVD_chapter>
  <DVD_discid></DVD_discid>
  <DVD_episodenumber></DVD_episodenumber>
  <DVD_season></DVD_season>
  <Director>Fred Toye</Director>
  <EpImgFlag>2</EpImgFlag>
  <EpisodeName>Kanalua</EpisodeName>
  <EpisodeNumber>2</EpisodeNumber>
  <FirstAired>2012-10-01</FirstAired>
  <GuestStars>Adam Kaufman|Carlos Bernard|Missy Yager|Edward Asner|Brian Yang|Dennis Chun|</GuestStars>
  <IMDB_ID>tt2387482</IMDB_ID>
  <Language>en</Language>
  <Overview>Steve goes to Cat for help finding his mother. When an art heist turns deadly, Five-0 turns to August March.</Overview>
  <ProductionCode></ProductionCode>
  <Rating>7.6</Rating>
  <RatingCount>50</RatingCount>
  <SeasonNumber>3</SeasonNumber>
  <Writer>Joe Halpin</Writer>
  <absolute_number></absolute_number>
  <filename>episodes/164541/4364433.jpg</filename>
  <lastupdated>1360453863</lastupdated>
  <seasonid>489807</seasonid>
  <seriesid>164541</seriesid>
</Episode>
<Episode>
  <id>4404655</id>
  <Combined_episodenumber>3</Combined_episodenumber>
  <Combined_season>3</Combined_season>
  <DVD_chapter></DVD_chapter>
  <DVD_discid></DVD_discid>
  <DVD_episodenumber></DVD_episodenumber>
  <DVD_season></DVD_season>
  <Director>Steve Boyum</Director>
  <EpImgFlag>2</EpImgFlag>
  <EpisodeName>Lana I Ka Moana</EpisodeName>
  <EpisodeNumber>3</EpisodeNumber>
  <FirstAired>2012-10-08</FirstAired>
  <GuestStars>Michael McGrady|Julie McNiven</GuestStars>
  <IMDB_ID>tt2298956</IMDB_ID>
  <Language>en</Language>
  <Overview>Steve and Danny take some time off to enjoy a little fishing only to find themselves stranded and facing pirates.</Overview>
  <ProductionCode></ProductionCode>
  <Rating>7.6</Rating>
  <RatingCount>50</RatingCount>
  <SeasonNumber>3</SeasonNumber>
  <Writer>Elwood Reid</Writer>
  <absolute_number></absolute_number>
  <filename>episodes/164541/4404655.jpg</filename>
  <lastupdated>1360454123</lastupdated>
  <seasonid>489807</seasonid>
  <seriesid>164541</seriesid>
</Episode>
<Episode>
  <id>4405260</id>
  <Combined_episodenumber>4</Combined_episodenumber>
  <Combined_season>3</Combined_season>
  <DVD_chapter></DVD_chapter>
  <DVD_discid></DVD_discid>
  <DVD_episodenumber></DVD_episodenumber>
  <DVD_season></DVD_season>
  <Director>Christine Moore</Director>
  <EpImgFlag>2</EpImgFlag>
  <EpisodeName>Popilikia</EpisodeName>
  <EpisodeNumber>4</EpisodeNumber>
  <FirstAired>2012-10-15</FirstAired>
  <GuestStars>Christine Lahti|Jere Burns|Bai Ling|Robbie Amell|Jack Dimich|Guy Wilson</GuestStars>
  <IMDB_ID>tt2375714</IMDB_ID>
  <Language>en</Language>
  <Overview>The death of a polo player who literally loses his head is investigated. Meanwhile, McGarrett’s mother pays him an unexpected visit.</Overview>
  <ProductionCode></ProductionCode>
  <Rating>7.5</Rating>
  <RatingCount>45</RatingCount>
  <SeasonNumber>3</SeasonNumber>
  <Writer>Stephanie Sengupta</Writer>
  <absolute_number></absolute_number>
  <filename>episodes/164541/4405260.jpg</filename>
  <lastupdated>1360454170</lastupdated>
  <seasonid>489807</seasonid>
  <seriesid>164541</seriesid>
</Episode>
<Episode>
  <id>4405261</id>
  <Combined_episodenumber>5</Combined_episodenumber>
  <Combined_season>3</Combined_season>
  <DVD_chapter></DVD_chapter>
  <DVD_discid></DVD_discid>
  <DVD_episodenumber></DVD_episodenumber>
  <DVD_season></DVD_season>
  <Director></Director>
  <EpImgFlag>2</EpImgFlag>
  <EpisodeName>Mohai</EpisodeName>
  <EpisodeNumber>5</EpisodeNumber>
  <FirstAired>2012-11-05</FirstAired>
  <GuestStars></GuestStars>
  <IMDB_ID></IMDB_ID>
  <Language>en</Language>
  <Overview>A grisly murder leads Five-0 to discover a ritualistic killing on Halloween, and the evidence suggests that the murderer will soon strike again.</Overview>
  <ProductionCode></ProductionCode>
  <Rating>7.6</Rating>
  <RatingCount>43</RatingCount>
  <SeasonNumber>3</SeasonNumber>
  <Writer></Writer>
  <absolute_number></absolute_number>
  <filename>episodes/164541/4405261.jpg</filename>
  <lastupdated>1362073927</lastupdated>
  <seasonid>489807</seasonid>
  <seriesid>164541</seriesid>
</Episode>
<Episode>
  <id>4405262</id>
  <Combined_episodenumber>6</Combined_episodenumber>
  <Combined_season>3</Combined_season>
  <DVD_chapter></DVD_chapter>
  <DVD_discid></DVD_discid>
  <DVD_episodenumber></DVD_episodenumber>
  <DVD_season></DVD_season>
  <Director></Director>
  <EpImgFlag>2</EpImgFlag>
  <EpisodeName>I Ka Wa Mamua</EpisodeName>
  <EpisodeNumber>6</EpisodeNumber>
  <FirstAired>2012-11-12</FirstAired>
  <GuestStars></GuestStars>
  <IMDB_ID></IMDB_ID>
  <Language>en</Language>
  <Overview>When Danny is forced to remain completely still while bomb technicians disarm a bomb that he has accidentally almost triggered, McGarrett distracts him by getting his partner to tell the story about his toughest and most emotional case from his days as a cop in New Jersey.</Overview>
  <ProductionCode></ProductionCode>
  <Rating>7.6</Rating>
  <RatingCount>43</RatingCount>
  <SeasonNumber>3</SeasonNumber>
  <Writer></Writer>
  <absolute_number></absolute_number>
  <filename>episodes/164541/4405262.jpg</filename>
  <lastupdated>1362073933</lastupdated>
  <seasonid>489807</seasonid>
  <seriesid>164541</seriesid>
</Episode>
<Episode>
  <id>4405263</id>
  <Combined_episodenumber>7</Combined_episodenumber>
  <Combined_season>3</Combined_season>
  <DVD_chapter></DVD_chapter>
  <DVD_discid></DVD_discid>
  <DVD_episodenumber></DVD_episodenumber>
  <DVD_season></DVD_season>
  <Director>Larry Teng</Director>
  <EpImgFlag>2</EpImgFlag>
  <EpisodeName>Ohuna</EpisodeName>
  <EpisodeNumber>7</EpisodeNumber>
  <FirstAired>2012-11-19</FirstAired>
  <GuestStars></GuestStars>
  <IMDB_ID></IMDB_ID>
  <Language>en</Language>
  <Overview>While the team investigates the murder of a young computer hacker, McGarrett tries to stage a long-needed reunion between his mother and his sister.</Overview>
  <ProductionCode></ProductionCode>
  <Rating>7.6</Rating>
  <RatingCount>43</RatingCount>
  <SeasonNumber>3</SeasonNumber>
  <Writer>Mike Schaub</Writer>
  <absolute_number></absolute_number>
  <filename>episodes/164541/4405263.jpg</filename>
  <lastupdated>1362983546</lastupdated>
  <seasonid>489807</seasonid>
  <seriesid>164541</seriesid>
</Episode>
<Episode>
  <id>4422500</id>
  <Combined_episodenumber>8</Combined_episodenumber>
  <Combined_season>3</Combined_season>
  <DVD_chapter></DVD_chapter>
  <DVD_discid></DVD_discid>
  <DVD_episodenumber></DVD_episodenumber>
  <DVD_season></DVD_season>
  <Director>Steve Boyum</Director>
  <EpImgFlag>2</EpImgFlag>
  <EpisodeName>Wahine'inoloa</EpisodeName>
  <EpisodeNumber>8</EpisodeNumber>
  <FirstAired>2012-11-26</FirstAired>
  <GuestStars></GuestStars>
  <IMDB_ID></IMDB_ID>
  <Language>en</Language>
  <Overview>McGarrett plays cat and mouse with a smart and seductive therapist he believes murdered her patient. Meanwhile, Catherine must hunt down one of Doris's old targets who is now seeking revenge.

</Overview>
  <ProductionCode></ProductionCode>
  <Rating>7.8</Rating>
  <RatingCount>39</RatingCount>
  <SeasonNumber>3</SeasonNumber>
  <Writer>Stephanie Sengupta|Courtney Kemp Agboh</Writer>
  <absolute_number></absolute_number>
  <filename>episodes/164541/4422500.jpg</filename>
  <lastupdated>1362983633</lastupdated>
  <seasonid>489807</seasonid>
  <seriesid>164541</seriesid>
</Episode>
<Episode>
  <id>4422501</id>
  <Combined_episodenumber>9</Combined_episodenumber>
  <Combined_season>3</Combined_season>
  <DVD_chapter></DVD_chapter>
  <DVD_discid></DVD_discid>
  <DVD_episodenumber></DVD_episodenumber>
  <DVD_season></DVD_season>
  <Director>Gwyneth Horder-Payton</Director>
  <EpImgFlag>2</EpImgFlag>
  <EpisodeName>Ha'awe Make Loa</EpisodeName>
  <EpisodeNumber>9</EpisodeNumber>
  <FirstAired>2012-12-03</FirstAired>
  <GuestStars></GuestStars>
  <IMDB_ID></IMDB_ID>
  <Language>en</Language>
  <Overview>Max and his crush (Rumer Willis) get put in harm’s way when a botched bank robbery leads the team to determine that the criminals had very unexpected motives. Meanwhile, Danny is stuck with the tough task of coming to the rescue of the most beautiful women in the world when a stalker goes after a Victoria’s Secret model.</Overview>
  <ProductionCode></ProductionCode>
  <Rating>7.7</Rating>
  <RatingCount>33</RatingCount>
  <SeasonNumber>3</SeasonNumber>
  <Writer>Bill Haynes</Writer>
  <absolute_number></absolute_number>
  <filename>episodes/164541/4422501.jpg</filename>
  <lastupdated>1363589086</lastupdated>
  <seasonid>489807</seasonid>
  <seriesid>164541</seriesid>
</Episode>
<Episode>
  <id>4422502</id>
  <Combined_episodenumber>10</Combined_episodenumber>
  <Combined_season>3</Combined_season>
  <DVD_chapter></DVD_chapter>
  <DVD_discid></DVD_discid>
  <DVD_episodenumber></DVD_episodenumber>
  <DVD_season></DVD_season>
  <Director>Eric Laneuville</Director>
  <EpImgFlag>2</EpImgFlag>
  <EpisodeName>Huaka'l Kula</EpisodeName>
  <EpisodeNumber>10</EpisodeNumber>
  <FirstAired>2012-12-10</FirstAired>
  <GuestStars></GuestStars>
  <IMDB_ID></IMDB_ID>
  <Language>en</Language>
  <Overview>An Aloha Girls camping trip with Grace turns deadly when an armed man takes McGarrett and a little girl hostage. Meanwhile, Adam introduces Kono to his dangerous brother who was recently released from prison.</Overview>
  <ProductionCode></ProductionCode>
  <Rating>7.7</Rating>
  <RatingCount>32</RatingCount>
  <SeasonNumber>3</SeasonNumber>
  <Writer>|Michele Fazekas |Tara Butters|</Writer>
  <absolute_number></absolute_number>
  <filename>episodes/164541/4422502.jpg</filename>
  <lastupdated>1363589126</lastupdated>
  <seasonid>489807</seasonid>
  <seriesid>164541</seriesid>
</Episode>
<Episode>
  <id>4422503</id>
  <Combined_episodenumber>11</Combined_episodenumber>
  <Combined_season>3</Combined_season>
  <DVD_chapter></DVD_chapter>
  <DVD_discid></DVD_discid>
  <DVD_episodenumber></DVD_episodenumber>
  <DVD_season></DVD_season>
  <Director></Director>
  <EpImgFlag>2</EpImgFlag>
  <EpisodeName>Kahu</EpisodeName>
  <EpisodeNumber>11</EpisodeNumber>
  <FirstAired>2012-12-17</FirstAired>
  <GuestStars></GuestStars>
  <IMDB_ID></IMDB_ID>
  <Language>en</Language>
  <Overview>After a carjack attempt on Steve and Catherine, they meet a boy whose father is missing and could be a grave danger.</Overview>
  <ProductionCode></ProductionCode>
  <Rating>7.5</Rating>
  <RatingCount>31</RatingCount>
  <SeasonNumber>3</SeasonNumber>
  <Writer></Writer>
  <absolute_number></absolute_number>
  <filename>episodes/164541/4422503.jpg</filename>
  <lastupdated>1364923911</lastupdated>
  <seasonid>489807</seasonid>
  <seriesid>164541</seriesid>
</Episode>
<Episode>
  <id>4457503</id>
  <Combined_episodenumber>12</Combined_episodenumber>
  <Combined_season>3</Combined_season>
  <DVD_chapter></DVD_chapter>
  <DVD_discid></DVD_discid>
  <DVD_episodenumber></DVD_episodenumber>
  <DVD_season></DVD_season>
  <Director>Steven DePaul</Director>
  <EpImgFlag>2</EpImgFlag>
  <EpisodeName>Kapu</EpisodeName>
  <EpisodeNumber>12</EpisodeNumber>
  <FirstAired>2013-01-14</FirstAired>
  <GuestStars></GuestStars>
  <IMDB_ID></IMDB_ID>
  <Language>en</Language>
  <Overview>Danny and McGarrett investigate the murder of an Oahu University professor whose body is found decomposing in a tub of acid and his boss, his teaching assistant and a student who he busted for cheating are all viable suspects.</Overview>
  <ProductionCode></ProductionCode>
  <Rating>7.6</Rating>
  <RatingCount>29</RatingCount>
  <SeasonNumber>3</SeasonNumber>
  <Writer>David Wolkove</Writer>
  <absolute_number></absolute_number>
  <filename>episodes/164541/4457503.jpg</filename>
  <lastupdated>1364923935</lastupdated>
  <seasonid>489807</seasonid>
  <seriesid>164541</seriesid>
</Episode>
<Episode>
  <id>4472041</id>
  <Combined_episodenumber>13</Combined_episodenumber>
  <Combined_season>3</Combined_season>
  <DVD_chapter></DVD_chapter>
  <DVD_discid></DVD_discid>
  <DVD_episodenumber></DVD_episodenumber>
  <DVD_season></DVD_season>
  <Director>Steve Boyum</Director>
  <EpImgFlag>2</EpImgFlag>
  <EpisodeName>Olelo Ho'Opa'I Make</EpisodeName>
  <EpisodeNumber>13</EpisodeNumber>
  <FirstAired>2013-01-20</FirstAired>
  <GuestStars></GuestStars>
  <IMDB_ID></IMDB_ID>
  <Language>en</Language>
  <Overview>Chin Ho becomes a victim of deception, after waking up behind bars with no memory as to how he got there.</Overview>
  <ProductionCode></ProductionCode>
  <Rating>7.6</Rating>
  <RatingCount>26</RatingCount>
  <SeasonNumber>3</SeasonNumber>
  <Writer>Steve Cwik</Writer>
  <absolute_number></absolute_number>
  <filename>episodes/164541/4472041.jpg</filename>
  <lastupdated>1363772493</lastupdated>
  <seasonid>489807</seasonid>
  <seriesid>164541</seriesid>
</Episode>
<Episode>
  <id>4472042</id>
  <Combined_episodenumber>14</Combined_episodenumber>
  <Combined_season>3</Combined_season>
  <DVD_chapter></DVD_chapter>
  <DVD_discid></DVD_discid>
  <DVD_episodenumber></DVD_episodenumber>
  <DVD_season></DVD_season>
  <Director>Larry Teng</Director>
  <EpImgFlag>2</EpImgFlag>
  <EpisodeName>Hana I Wa'Ia</EpisodeName>
  <EpisodeNumber>14</EpisodeNumber>
  <FirstAired>2013-01-21</FirstAired>
  <GuestStars></GuestStars>
  <IMDB_ID></IMDB_ID>
  <Language>en</Language>
  <Overview>The team is directed to investigate when a prostitute is murdered in a Congressman's home, who is nowhere to be found. Danny has his own drama as the custody hearing regarding Grace goes to court.</Overview>
  <ProductionCode></ProductionCode>
  <Rating>7.8</Rating>
  <RatingCount>26</RatingCount>
  <SeasonNumber>3</SeasonNumber>
  <Writer>Mike Schaub</Writer>
  <absolute_number></absolute_number>
  <filename>episodes/164541/4472042.jpg</filename>
  <lastupdated>1363772504</lastupdated>
  <seasonid>489807</seasonid>
  <seriesid>164541</seriesid>
</Episode>
<Episode>
  <id>4480323</id>
  <Combined_episodenumber>15</Combined_episodenumber>
  <Combined_season>3</Combined_season>
  <DVD_chapter></DVD_chapter>
  <DVD_discid></DVD_discid>
  <DVD_episodenumber></DVD_episodenumber>
  <DVD_season></DVD_season>
  <Director>Peter Weller</Director>
  <EpImgFlag>2</EpImgFlag>
  <EpisodeName>Hookman</EpisodeName>
  <EpisodeNumber>15</EpisodeNumber>
  <FirstAired>2013-02-04</FirstAired>
  <GuestStars>Peter Weller</GuestStars>
  <IMDB_ID></IMDB_ID>
  <Language>en</Language>
  <Overview>A double amputee goes after the police officers responsible for his injuries -- including McGarrett's father.</Overview>
  <ProductionCode></ProductionCode>
  <Rating>7.8</Rating>
  <RatingCount>27</RatingCount>
  <SeasonNumber>3</SeasonNumber>
  <Writer>Joe Halpin / Glen Olson / Rod Baker</Writer>
  <absolute_number></absolute_number>
  <filename>episodes/164541/4480323.jpg</filename>
  <lastupdated>1363772514</lastupdated>
  <seasonid>489807</seasonid>
  <seriesid>164541</seriesid>
</Episode>
<Episode>
  <id>4480324</id>
  <Combined_episodenumber>16</Combined_episodenumber>
  <Combined_season>3</Combined_season>
  <DVD_chapter></DVD_chapter>
  <DVD_discid></DVD_discid>
  <DVD_episodenumber></DVD_episodenumber>
  <DVD_season></DVD_season>
  <Director>Larry Teng</Director>
  <EpImgFlag>2</EpImgFlag>
  <EpisodeName>Kekoa</EpisodeName>
  <EpisodeNumber>16</EpisodeNumber>
  <FirstAired>2013-02-11</FirstAired>
  <GuestStars>Summer Glau | Treat Williams</GuestStars>
  <IMDB_ID></IMDB_ID>
  <Language>en</Language>
  <Overview>Five-0 investigates the murder of a traditional Hawaiian fighting master. Meanwhile, McGarrett hires a private investigator to follow his mother.</Overview>
  <ProductionCode></ProductionCode>
  <Rating>8.0</Rating>
  <RatingCount>22</RatingCount>
  <SeasonNumber>3</SeasonNumber>
  <Writer>Turi Meyer | Al Septien</Writer>
  <absolute_number></absolute_number>
  <filename>episodes/164541/4480324.jpg</filename>
  <lastupdated>1363772528</lastupdated>
  <seasonid>489807</seasonid>
  <seriesid>164541</seriesid>
</Episode>
<Episode>
  <id>4480325</id>
  <Combined_episodenumber>17</Combined_episodenumber>
  <Combined_season>3</Combined_season>
  <DVD_chapter></DVD_chapter>
  <DVD_discid></DVD_discid>
  <DVD_episodenumber></DVD_episodenumber>
  <DVD_season></DVD_season>
  <Director>Jeffrey G. Hunt</Director>
  <EpImgFlag>2</EpImgFlag>
  <EpisodeName>Pa'ani</EpisodeName>
  <EpisodeNumber>17</EpisodeNumber>
  <FirstAired>2013-02-18</FirstAired>
  <GuestStars></GuestStars>
  <IMDB_ID></IMDB_ID>
  <Language>en</Language>
  <Overview>As the island prepares itself for the Pro Bowl, an executive from a California technology company is found dead after a tactical ops team building exercise. Unexpectedly, a star running back from the football game (Arian Foster) winds up helping Five-0 during the investigation.</Overview>
  <ProductionCode></ProductionCode>
  <Rating>7.6</Rating>
  <RatingCount>23</RatingCount>
  <SeasonNumber>3</SeasonNumber>
  <Writer>Kyle Harimoto | David Wolkove</Writer>
  <absolute_number></absolute_number>
  <filename>episodes/164541/4480325.jpg</filename>
  <lastupdated>1363772545</lastupdated>
  <seasonid>489807</seasonid>
  <seriesid>164541</seriesid>
</Episode>
<Episode>
  <id>4510297</id>
  <Combined_episodenumber>18</Combined_episodenumber>
  <Combined_season>3</Combined_season>
  <DVD_chapter></DVD_chapter>
  <DVD_discid></DVD_discid>
  <DVD_episodenumber></DVD_episodenumber>
  <DVD_season></DVD_season>
  <Director>Duane Clark</Director>
  <EpImgFlag>2</EpImgFlag>
  <EpisodeName>Na Ki'i</EpisodeName>
  <EpisodeNumber>18</EpisodeNumber>
  <FirstAired>2013-03-18</FirstAired>
  <GuestStars></GuestStars>
  <IMDB_ID></IMDB_ID>
  <Language>en</Language>
  <Overview>While apprehending his latest fugitive, Dog the Bounty Hunter is witness to a woman falling off a balcony to her death. Five-0's trail leads them to discover that the victim lead a double life as a roller derby player. Unable to get any useful information about the victim from her teammates, Catherine is asked to go undercover as the team's jammer. Doris comes home to find a burglar robbing her stash of sensitive information. </Overview>
  <ProductionCode></ProductionCode>
  <Rating>7.5</Rating>
  <RatingCount>18</RatingCount>
  <SeasonNumber>3</SeasonNumber>
  <Writer>Stephanie Sengupta</Writer>
  <absolute_number></absolute_number>
  <filename>episodes/164541/4510297.jpg</filename>
  <lastupdated>1363699915</lastupdated>
  <seasonid>489807</seasonid>
  <seriesid>164541</seriesid>
</Episode>
<Episode>
  <id>4510298</id>
  <Combined_episodenumber>19</Combined_episodenumber>
  <Combined_season>3</Combined_season>
  <DVD_chapter></DVD_chapter>
  <DVD_discid></DVD_discid>
  <DVD_episodenumber></DVD_episodenumber>
  <DVD_season></DVD_season>
  <Director>Jeff Cadiente</Director>
  <EpImgFlag>2</EpImgFlag>
  <EpisodeName>Hoa Pili</EpisodeName>
  <EpisodeNumber>19</EpisodeNumber>
  <FirstAired>2013-03-25</FirstAired>
  <GuestStars></GuestStars>
  <IMDB_ID></IMDB_ID>
  <Language>en</Language>
  <Overview>When threats turn deadly against a tour company that endangers the local shark population, Five-0 faces the difficult task of narrowing down the suspect list. Meanwhile, the team debates whether or not Kamekona will earn his helicopter license.</Overview>
  <ProductionCode></ProductionCode>
  <Rating>7.5</Rating>
  <RatingCount>14</RatingCount>
  <SeasonNumber>3</SeasonNumber>
  <Writer>Kyle Harimoto|Richard Arthur</Writer>
  <absolute_number></absolute_number>
  <filename>episodes/164541/4510298.jpg</filename>
  <lastupdated>1363926512</lastupdated>
  <seasonid>489807</seasonid>
  <seriesid>164541</seriesid>
</Episode>
<Episode>
  <id>4537615</id>
  <Combined_episodenumber>20</Combined_episodenumber>
  <Combined_season>3</Combined_season>
  <DVD_chapter></DVD_chapter>
  <DVD_discid></DVD_discid>
  <DVD_episodenumber></DVD_episodenumber>
  <DVD_season></DVD_season>
  <Director></Director>
  <EpImgFlag></EpImgFlag>
  <EpisodeName>Olelo Pa'a (The Promise)</EpisodeName>
  <EpisodeNumber>20</EpisodeNumber>
  <FirstAired>2013-04-15</FirstAired>
  <GuestStars></GuestStars>
  <IMDB_ID></IMDB_ID>
  <Language>en</Language>
  <Overview></Overview>
  <ProductionCode></ProductionCode>
  <Rating></Rating>
  <RatingCount>0</RatingCount>
  <SeasonNumber>3</SeasonNumber>
  <Writer></Writer>
  <absolute_number></absolute_number>
  <filename></filename>
  <lastupdated>1364853784</lastupdated>
  <seasonid>489807</seasonid>
  <seriesid>164541</seriesid>
</Episode>
<Episode>
  <id>4537616</id>
  <Combined_episodenumber>21</Combined_episodenumber>
  <Combined_season>3</Combined_season>
  <DVD_chapter></DVD_chapter>
  <DVD_discid></DVD_discid>
  <DVD_episodenumber></DVD_episodenumber>
  <DVD_season></DVD_season>
  <Director></Director>
  <EpImgFlag></EpImgFlag>
  <EpisodeName>Imi Loko Ka 'Uhane</EpisodeName>
  <EpisodeNumber>21</EpisodeNumber>
  <FirstAired>2013-04-29</FirstAired>
  <GuestStars></GuestStars>
  <IMDB_ID></IMDB_ID>
  <Language>en</Language>
  <Overview></Overview>
  <ProductionCode></ProductionCode>
  <Rating></Rating>
  <RatingCount>0</RatingCount>
  <SeasonNumber>3</SeasonNumber>
  <Writer></Writer>
  <absolute_number></absolute_number>
  <filename></filename>
  <lastupdated>1364853798</lastupdated>
  <seasonid>489807</seasonid>
  <seriesid>164541</seriesid>
</Episode>
<Episode>
  <id>4537617</id>
  <Combined_episodenumber>22</Combined_episodenumber>
  <Combined_season>3</Combined_season>
  <DVD_chapter></DVD_chapter>
  <DVD_discid></DVD_discid>
  <DVD_episodenumber></DVD_episodenumber>
  <DVD_season></DVD_season>
  <Director></Director>
  <EpImgFlag></EpImgFlag>
  <EpisodeName>Ho'opio</EpisodeName>
  <EpisodeNumber>22</EpisodeNumber>
  <FirstAired>2013-05-06</FirstAired>
  <GuestStars></GuestStars>
  <IMDB_ID></IMDB_ID>
  <Language>en</Language>
  <Overview></Overview>
  <ProductionCode></ProductionCode>
  <Rating></Rating>
  <RatingCount>0</RatingCount>
  <SeasonNumber>3</SeasonNumber>
  <Writer></Writer>
  <absolute_number></absolute_number>
  <filename></filename>
  <lastupdated>1364853817</lastupdated>
  <seasonid>489807</seasonid>
  <seriesid>164541</seriesid>
</Episode>
<Episode>
  <id>4537618</id>
  <Combined_episodenumber>23</Combined_episodenumber>
  <Combined_season>3</Combined_season>
  <DVD_chapter></DVD_chapter>
  <DVD_discid></DVD_discid>
  <DVD_episodenumber></DVD_episodenumber>
  <DVD_season></DVD_season>
  <Director></Director>
  <EpImgFlag></EpImgFlag>
  <EpisodeName>He Welo 'Oihana</EpisodeName>
  <EpisodeNumber>23</EpisodeNumber>
  <FirstAired>2013-05-13</FirstAired>
  <GuestStars></GuestStars>
  <IMDB_ID></IMDB_ID>
  <Language>en</Language>
  <Overview></Overview>
  <ProductionCode></ProductionCode>
  <Rating></Rating>
  <RatingCount>0</RatingCount>
  <SeasonNumber>3</SeasonNumber>
  <Writer></Writer>
  <absolute_number></absolute_number>
  <filename></filename>
  <lastupdated>1364853828</lastupdated>
  <seasonid>489807</seasonid>
  <seriesid>164541</seriesid>
</Episode>
<Episode>
  <id>4537619</id>
  <Combined_episodenumber>24</Combined_episodenumber>
  <Combined_season>3</Combined_season>
  <DVD_chapter></DVD_chapter>
  <DVD_discid></DVD_discid>
  <DVD_episodenumber></DVD_episodenumber>
  <DVD_season></DVD_season>
  <Director></Director>
  <EpImgFlag></EpImgFlag>
  <EpisodeName>Aloha. Malama Pono</EpisodeName>
  <EpisodeNumber>24</EpisodeNumber>
  <FirstAired>2013-05-20</FirstAired>
  <GuestStars></GuestStars>
  <IMDB_ID></IMDB_ID>
  <Language>en</Language>
  <Overview></Overview>
  <ProductionCode></ProductionCode>
  <Rating></Rating>
  <RatingCount>0</RatingCount>
  <SeasonNumber>3</SeasonNumber>
  <Writer></Writer>
  <absolute_number></absolute_number>
  <filename></filename>
  <lastupdated>1364853841</lastupdated>
  <seasonid>489807</seasonid>
  <seriesid>164541</seriesid>
</Episode>
</Data>