<?xml version="1.0" encoding="UTF-8" ?>
<Actors>
<Actor>
  <id>25655</id>
  <Image>actors/25655.jpg</Image>
  <Name>Joel Gretsch</Name>
  <Role>Tom Baldwin</Role>
  <SortOrder>0</SortOrder>
</Actor>
<Actor>
  <id>25654</id>
  <Image>actors/25654.jpg</Image>
  <Name>Jacqueline McKenzie</Name>
  <Role>Diana Skouris</Role>
  <SortOrder>0</SortOrder>
</Actor>
<Actor>
  <id>77873</id>
  <Image>actors/77873.jpg</Image>
  <Name>Bill Campbell</Name>
  <Role>Jordan Collier</Role>
  <SortOrder>1</SortOrder>
</Actor>
<Actor>
  <id>25650</id>
  <Image>actors/25650.jpg</Image>
  <Name>Patrick Flueger</Name>
  <Role>Shawn Farrell</Role>
  <SortOrder>2</SortOrder>
</Actor>
<Actor>
  <id>78346</id>
  <Image>actors/78346.jpg</Image>
  <Name>Karina Lombard</Name>
  <Role>Alana Mareva </Role>
  <SortOrder>3</SortOrder>
</Actor>
<Actor>
  <id>77875</id>
  <Image>actors/77875.jpg</Image>
  <Name>Kavan Smith</Name>
  <Role>Jed Garrity</Role>
  <SortOrder>3</SortOrder>
</Actor>
<Actor>
  <id>77874</id>
  <Image>actors/77874.jpg</Image>
  <Name>Megalyn Echikunwoke</Name>
  <Role>Isabelle Tyler</Role>
  <SortOrder>3</SortOrder>
</Actor>
<Actor>
  <id>77872</id>
  <Image>actors/77872.jpg</Image>
  <Name>Richard Kahan</Name>
  <Role>Marco Pacella</Role>
  <SortOrder>3</SortOrder>
</Actor>
<Actor>
  <id>306727</id>
  <Image>actors/306727.jpg</Image>
  <Name>Tristin Leffler</Name>
  <Role>Cassie Dunleavy</Role>
  <SortOrder>3</SortOrder>
</Actor>
<Actor>
  <id>306726</id>
  <Image>actors/306726.jpg</Image>
  <Name>Jenni Baird</Name>
  <Role>Meghan Doyle</Role>
  <SortOrder>3</SortOrder>
</Actor>
<Actor>
  <id>306725</id>
  <Image>actors/306725.jpg</Image>
  <Name>Summer Glau</Name>
  <Role>Tess Doerner</Role>
  <SortOrder>3</SortOrder>
</Actor>
<Actor>
  <id>306724</id>
  <Image>actors/306724.jpg</Image>
  <Name>Brooke Nevin</Name>
  <Role>Nikki Hudson</Role>
  <SortOrder>3</SortOrder>
</Actor>
<Actor>
  <id>306723</id>
  <Image>actors/306723.jpg</Image>
  <Name>Jeffrey Combs</Name>
  <Role>Dr. Kevin Burkoff</Role>
  <SortOrder>3</SortOrder>
</Actor>
<Actor>
  <id>25659</id>
  <Image>actors/25659.jpg</Image>
  <Name>Laura Allen</Name>
  <Role>Lily Moore Tyler</Role>
  <SortOrder>3</SortOrder>
</Actor>
<Actor>
  <id>25658</id>
  <Image>actors/25658.jpg</Image>
  <Name>Samantha Ferris</Name>
  <Role>Nina Jarvis</Role>
  <SortOrder>3</SortOrder>
</Actor>
<Actor>
  <id>25657</id>
  <Image>actors/25657.jpg</Image>
  <Name>Conchita Campbell</Name>
  <Role>Maia Rutledge</Role>
  <SortOrder>3</SortOrder>
</Actor>
<Actor>
  <id>25656</id>
  <Image>actors/25656.jpg</Image>
  <Name>Kaj-Erik Eriksen</Name>
  <Role>Danny Farrell</Role>
  <SortOrder>3</SortOrder>
</Actor>
<Actor>
  <id>25653</id>
  <Image>actors/25653.jpg</Image>
  <Name>Rhonda Dent</Name>
  <Role>Elise Appelbaum</Role>
  <SortOrder>3</SortOrder>
</Actor>
<Actor>
  <id>25652</id>
  <Image>actors/25652.jpg</Image>
  <Name>Natasha Gregson Wagner</Name>
  <Role>April Skouris</Role>
  <SortOrder>3</SortOrder>
</Actor>
<Actor>
  <id>25651</id>
  <Image>actors/25651.jpg</Image>
  <Name>Chad Faust</Name>
  <Role>Kyle Baldwin</Role>
  <SortOrder>3</SortOrder>
</Actor>
<Actor>
  <id>25649</id>
  <Image>actors/25649.jpg</Image>
  <Name>Mahershalalhashbaz Ali</Name>
  <Role>Richard Tyler</Role>
  <SortOrder>3</SortOrder>
</Actor>
<Actor>
  <id>25648</id>
  <Image>actors/25648.jpg</Image>
  <Name>Peter Coyote</Name>
  <Role>Dennis Ryland</Role>
  <SortOrder>3</SortOrder>
</Actor>
</Actors>