<?xml version="1.0" encoding="UTF-8" ?>
<Data><Series>
  <id>73507</id>
  <Actors>|Joel Gretsch|Jacqueline McKenzie|Bill Campbell|Patrick Flueger|Karina Lombard|Kavan Smith|Megalyn Echikunwoke|Richard Kahan|Tristin Leffler|Jenni Baird|Summer Glau|Brooke Nevin|Jeffrey Combs|Laura Allen|Samantha Ferris|Conchita Campbell|Kaj-Erik Eriksen|Rhonda Dent|Natasha Gregson Wagner|Chad Faust|Mahershalalhashbaz Ali|Peter Coyote|</Actors>
  <Airs_DayOfWeek>Sunday</Airs_DayOfWeek>
  <Airs_Time>9:00 PM</Airs_Time>
  <ContentRating>TV-PG</ContentRating>
  <FirstAired>2004-07-11</FirstAired>
  <Genre>|Drama|Science-Fiction|</Genre>
  <IMDB_ID>tt0389564</IMDB_ID>
  <Language>en</Language>
  <Network>USA Network</Network>
  <NetworkID></NetworkID>
  <Overview>The 4400 tells the stories of 4,400 abductees after they are returned to earth. In the words of the executive producers, these are stories of people dealing with traumatic changes, driven by the mystery of what happened and why. Some of them have been affected in mysterious ways, and some will have certain abilities, both good and bad, so part of the drama will be watching them adjust to these changes within themselves. The series kicks off with a ball of light sailing toward Earth, but rather than the expected catastrophic event, thousands of returned abductees are left with no memory of their otherworldly experiences. Each has been gone anywhere from a few months to several decades but none has aged a day.</Overview>
  <Rating>7.7</Rating>
  <RatingCount>82</RatingCount>
  <Runtime>60</Runtime>
  <SeriesID>23350</SeriesID>
  <SeriesName>The 4400</SeriesName>
  <Status>Ended</Status>
  <added></added>
  <addedBy></addedBy>
  <banner>graphical/73507-g.jpg</banner>
  <fanart>fanart/original/73507-8.jpg</fanart>
  <lastupdated>1365547463</lastupdated>
  <poster>posters/73507-3.jpg</poster>
  <zap2it_id>SH665214</zap2it_id>
</Series>
<Episode>
  <id>307891</id>
  <Combined_episodenumber>1.0</Combined_episodenumber>
  <Combined_season>0</Combined_season>
  <DVD_chapter></DVD_chapter>
  <DVD_discid></DVD_discid>
  <DVD_episodenumber>1.0</DVD_episodenumber>
  <DVD_season></DVD_season>
  <Director></Director>
  <EpImgFlag>2</EpImgFlag>
  <EpisodeName>The 4400: Unlocking the Secrets</EpisodeName>
  <EpisodeNumber>1</EpisodeNumber>
  <FirstAired>2006-06-04</FirstAired>
  <GuestStars></GuestStars>
  <IMDB_ID></IMDB_ID>
  <Language>en</Language>
  <Overview>A retrospective in the show in an NBC special. Narrated by Jacqueline McKenzie, &quot;The 4400: Unlocking the Secrets&quot; summarises the events of seasons one and two.</Overview>
  <ProductionCode>300</ProductionCode>
  <Rating>7.0</Rating>
  <RatingCount>1</RatingCount>
  <SeasonNumber>0</SeasonNumber>
  <Writer>Tim Herbstrith</Writer>
  <absolute_number></absolute_number>
  <airsafter_season></airsafter_season>
  <airsbefore_episode>1</airsbefore_episode>
  <airsbefore_season>3</airsbefore_season>
  <filename>episodes/73507/307891.jpg</filename>
  <lastupdated>1344184189</lastupdated>
  <seasonid>20970</seasonid>
  <seriesid>73507</seriesid>
</Episode>
<Episode>
  <id>1166821</id>
  <Combined_episodenumber>2.0</Combined_episodenumber>
  <Combined_season>0</Combined_season>
  <DVD_chapter></DVD_chapter>
  <DVD_discid></DVD_discid>
  <DVD_episodenumber>2.0</DVD_episodenumber>
  <DVD_season></DVD_season>
  <Director></Director>
  <EpImgFlag></EpImgFlag>
  <EpisodeName>The 4400: A Stitch In Time</EpisodeName>
  <EpisodeNumber>2</EpisodeNumber>
  <FirstAired></FirstAired>
  <GuestStars></GuestStars>
  <IMDB_ID></IMDB_ID>
  <Language>en</Language>
  <Overview></Overview>
  <ProductionCode></ProductionCode>
  <Rating></Rating>
  <RatingCount>0</RatingCount>
  <SeasonNumber>0</SeasonNumber>
  <Writer></Writer>
  <absolute_number></absolute_number>
  <airsafter_season>2</airsafter_season>
  <airsbefore_episode></airsbefore_episode>
  <airsbefore_season></airsbefore_season>
  <filename></filename>
  <lastupdated>1294327361</lastupdated>
  <seasonid>20970</seasonid>
  <seriesid>73507</seriesid>
</Episode>
<Episode>
  <id>1166831</id>
  <Combined_episodenumber>3.0</Combined_episodenumber>
  <Combined_season>0</Combined_season>
  <DVD_chapter></DVD_chapter>
  <DVD_discid></DVD_discid>
  <DVD_episodenumber>3.0</DVD_episodenumber>
  <DVD_season></DVD_season>
  <Director></Director>
  <EpImgFlag></EpImgFlag>
  <EpisodeName>The 4400: Creating The Ball Of Light</EpisodeName>
  <EpisodeNumber>3</EpisodeNumber>
  <FirstAired></FirstAired>
  <GuestStars></GuestStars>
  <IMDB_ID></IMDB_ID>
  <Language>en</Language>
  <Overview></Overview>
  <ProductionCode></ProductionCode>
  <Rating></Rating>
  <RatingCount>0</RatingCount>
  <SeasonNumber>0</SeasonNumber>
  <Writer></Writer>
  <absolute_number></absolute_number>
  <airsafter_season>2</airsafter_season>
  <airsbefore_episode></airsbefore_episode>
  <airsbefore_season></airsbefore_season>
  <filename></filename>
  <lastupdated>1294327372</lastupdated>
  <seasonid>20970</seasonid>
  <seriesid>73507</seriesid>
</Episode>
<Episode>
  <id>1166841</id>
  <Combined_episodenumber>4.0</Combined_episodenumber>
  <Combined_season>0</Combined_season>
  <DVD_chapter></DVD_chapter>
  <DVD_discid></DVD_discid>
  <DVD_episodenumber>4.0</DVD_episodenumber>
  <DVD_season></DVD_season>
  <Director></Director>
  <EpImgFlag></EpImgFlag>
  <EpisodeName>The 4400: Return Of The 4000</EpisodeName>
  <EpisodeNumber>4</EpisodeNumber>
  <FirstAired></FirstAired>
  <GuestStars></GuestStars>
  <IMDB_ID></IMDB_ID>
  <Language>en</Language>
  <Overview></Overview>
  <ProductionCode></ProductionCode>
  <Rating></Rating>
  <RatingCount>0</RatingCount>
  <SeasonNumber>0</SeasonNumber>
  <Writer></Writer>
  <absolute_number></absolute_number>
  <airsafter_season>2</airsafter_season>
  <airsbefore_episode></airsbefore_episode>
  <airsbefore_season></airsbefore_season>
  <filename></filename>
  <lastupdated>1294327384</lastupdated>
  <seasonid>20970</seasonid>
  <seriesid>73507</seriesid>
</Episode>
<Episode>
  <id>1738211</id>
  <Combined_episodenumber>5.0</Combined_episodenumber>
  <Combined_season>0</Combined_season>
  <DVD_chapter></DVD_chapter>
  <DVD_discid></DVD_discid>
  <DVD_episodenumber>5.0</DVD_episodenumber>
  <DVD_season></DVD_season>
  <Director></Director>
  <EpImgFlag></EpImgFlag>
  <EpisodeName>Season 4 Bonus</EpisodeName>
  <EpisodeNumber>5</EpisodeNumber>
  <FirstAired></FirstAired>
  <GuestStars></GuestStars>
  <IMDB_ID></IMDB_ID>
  <Language>en</Language>
  <Overview></Overview>
  <ProductionCode></ProductionCode>
  <Rating></Rating>
  <RatingCount>0</RatingCount>
  <SeasonNumber>0</SeasonNumber>
  <Writer></Writer>
  <absolute_number></absolute_number>
  <airsafter_season></airsafter_season>
  <airsbefore_episode></airsbefore_episode>
  <airsbefore_season></airsbefore_season>
  <filename></filename>
  <lastupdated>1294327394</lastupdated>
  <seasonid>20970</seasonid>
  <seriesid>73507</seriesid>
</Episode>
<Episode>
  <id>3208541</id>
  <Combined_episodenumber>6.0</Combined_episodenumber>
  <Combined_season>0</Combined_season>
  <DVD_chapter></DVD_chapter>
  <DVD_discid></DVD_discid>
  <DVD_episodenumber>6.0</DVD_episodenumber>
  <DVD_season></DVD_season>
  <Director></Director>
  <EpImgFlag></EpImgFlag>
  <EpisodeName>The 4400: The Architecture of Series Storytelling</EpisodeName>
  <EpisodeNumber>6</EpisodeNumber>
  <FirstAired></FirstAired>
  <GuestStars></GuestStars>
  <IMDB_ID></IMDB_ID>
  <Language>en</Language>
  <Overview></Overview>
  <ProductionCode></ProductionCode>
  <Rating></Rating>
  <RatingCount>0</RatingCount>
  <SeasonNumber>0</SeasonNumber>
  <Writer></Writer>
  <absolute_number></absolute_number>
  <airsafter_season>3</airsafter_season>
  <airsbefore_episode></airsbefore_episode>
  <airsbefore_season></airsbefore_season>
  <filename></filename>
  <lastupdated>1294327405</lastupdated>
  <seasonid>20970</seasonid>
  <seriesid>73507</seriesid>
</Episode>
<Episode>
  <id>3208551</id>
  <Combined_episodenumber>7</Combined_episodenumber>
  <Combined_season>0</Combined_season>
  <DVD_chapter></DVD_chapter>
  <DVD_discid></DVD_discid>
  <DVD_episodenumber></DVD_episodenumber>
  <DVD_season></DVD_season>
  <Director></Director>
  <EpImgFlag></EpImgFlag>
  <EpisodeName>The 4400: Power Grids</EpisodeName>
  <EpisodeNumber>7</EpisodeNumber>
  <FirstAired></FirstAired>
  <GuestStars></GuestStars>
  <IMDB_ID></IMDB_ID>
  <Language>en</Language>
  <Overview></Overview>
  <ProductionCode></ProductionCode>
  <Rating></Rating>
  <RatingCount>0</RatingCount>
  <SeasonNumber>0</SeasonNumber>
  <Writer></Writer>
  <absolute_number></absolute_number>
  <airsafter_season></airsafter_season>
  <airsbefore_episode></airsbefore_episode>
  <airsbefore_season></airsbefore_season>
  <filename></filename>
  <lastupdated>1290825085</lastupdated>
  <seasonid>20970</seasonid>
  <seriesid>73507</seriesid>
</Episode>
<Episode>
  <id>3208561</id>
  <Combined_episodenumber>8.0</Combined_episodenumber>
  <Combined_season>0</Combined_season>
  <DVD_chapter></DVD_chapter>
  <DVD_discid></DVD_discid>
  <DVD_episodenumber>8.0</DVD_episodenumber>
  <DVD_season></DVD_season>
  <Director></Director>
  <EpImgFlag></EpImgFlag>
  <EpisodeName>The 4400: TVFX</EpisodeName>
  <EpisodeNumber>8</EpisodeNumber>
  <FirstAired></FirstAired>
  <GuestStars></GuestStars>
  <IMDB_ID></IMDB_ID>
  <Language>en</Language>
  <Overview></Overview>
  <ProductionCode></ProductionCode>
  <Rating></Rating>
  <RatingCount>0</RatingCount>
  <SeasonNumber>0</SeasonNumber>
  <Writer></Writer>
  <absolute_number></absolute_number>
  <airsafter_season></airsafter_season>
  <airsbefore_episode></airsbefore_episode>
  <airsbefore_season></airsbefore_season>
  <filename></filename>
  <lastupdated>1294327423</lastupdated>
  <seasonid>20970</seasonid>
  <seriesid>73507</seriesid>
</Episode>
<Episode>
  <id>3208571</id>
  <Combined_episodenumber>9.0</Combined_episodenumber>
  <Combined_season>0</Combined_season>
  <DVD_chapter></DVD_chapter>
  <DVD_discid></DVD_discid>
  <DVD_episodenumber>9.0</DVD_episodenumber>
  <DVD_season></DVD_season>
  <Director></Director>
  <EpImgFlag></EpImgFlag>
  <EpisodeName>The 4400: Gag Reel</EpisodeName>
  <EpisodeNumber>9</EpisodeNumber>
  <FirstAired></FirstAired>
  <GuestStars></GuestStars>
  <IMDB_ID></IMDB_ID>
  <Language>en</Language>
  <Overview></Overview>
  <ProductionCode></ProductionCode>
  <Rating></Rating>
  <RatingCount>0</RatingCount>
  <SeasonNumber>0</SeasonNumber>
  <Writer></Writer>
  <absolute_number></absolute_number>
  <airsafter_season>3</airsafter_season>
  <airsbefore_episode></airsbefore_episode>
  <airsbefore_season></airsbefore_season>
  <filename></filename>
  <lastupdated>1294327434</lastupdated>
  <seasonid>20970</seasonid>
  <seriesid>73507</seriesid>
</Episode>
<Episode>
  <id>3208581</id>
  <Combined_episodenumber>10.0</Combined_episodenumber>
  <Combined_season>0</Combined_season>
  <DVD_chapter></DVD_chapter>
  <DVD_discid></DVD_discid>
  <DVD_episodenumber>10.0</DVD_episodenumber>
  <DVD_season></DVD_season>
  <Director></Director>
  <EpImgFlag></EpImgFlag>
  <EpisodeName>The 4400: Character Tree - Nina Jarvis</EpisodeName>
  <EpisodeNumber>10</EpisodeNumber>
  <FirstAired></FirstAired>
  <GuestStars></GuestStars>
  <IMDB_ID></IMDB_ID>
  <Language>en</Language>
  <Overview></Overview>
  <ProductionCode></ProductionCode>
  <Rating></Rating>
  <RatingCount>0</RatingCount>
  <SeasonNumber>0</SeasonNumber>
  <Writer></Writer>
  <absolute_number></absolute_number>
  <airsafter_season>3</airsafter_season>
  <airsbefore_episode></airsbefore_episode>
  <airsbefore_season></airsbefore_season>
  <filename></filename>
  <lastupdated>1294327445</lastupdated>
  <seasonid>20970</seasonid>
  <seriesid>73507</seriesid>
</Episode>
<Episode>
  <id>3208591</id>
  <Combined_episodenumber>11.0</Combined_episodenumber>
  <Combined_season>0</Combined_season>
  <DVD_chapter></DVD_chapter>
  <DVD_discid></DVD_discid>
  <DVD_episodenumber>11.0</DVD_episodenumber>
  <DVD_season></DVD_season>
  <Director></Director>
  <EpImgFlag></EpImgFlag>
  <EpisodeName>The 4400: Character Tree - Marco Pacella</EpisodeName>
  <EpisodeNumber>11</EpisodeNumber>
  <FirstAired></FirstAired>
  <GuestStars></GuestStars>
  <IMDB_ID></IMDB_ID>
  <Language>en</Language>
  <Overview></Overview>
  <ProductionCode></ProductionCode>
  <Rating></Rating>
  <RatingCount>0</RatingCount>
  <SeasonNumber>0</SeasonNumber>
  <Writer></Writer>
  <absolute_number></absolute_number>
  <airsafter_season>3</airsafter_season>
  <airsbefore_episode></airsbefore_episode>
  <airsbefore_season></airsbefore_season>
  <filename></filename>
  <lastupdated>1294327461</lastupdated>
  <seasonid>20970</seasonid>
  <seriesid>73507</seriesid>
</Episode>
<Episode>
  <id>3208601</id>
  <Combined_episodenumber>12.0</Combined_episodenumber>
  <Combined_season>0</Combined_season>
  <DVD_chapter></DVD_chapter>
  <DVD_discid></DVD_discid>
  <DVD_episodenumber>12.0</DVD_episodenumber>
  <DVD_season></DVD_season>
  <Director></Director>
  <EpImgFlag></EpImgFlag>
  <EpisodeName>The 4400: Character Tree - Maia Skouris</EpisodeName>
  <EpisodeNumber>12</EpisodeNumber>
  <FirstAired></FirstAired>
  <GuestStars></GuestStars>
  <IMDB_ID></IMDB_ID>
  <Language>en</Language>
  <Overview></Overview>
  <ProductionCode></ProductionCode>
  <Rating></Rating>
  <RatingCount>0</RatingCount>
  <SeasonNumber>0</SeasonNumber>
  <Writer></Writer>
  <absolute_number></absolute_number>
  <airsafter_season>3</airsafter_season>
  <airsbefore_episode></airsbefore_episode>
  <airsbefore_season></airsbefore_season>
  <filename></filename>
  <lastupdated>1294327471</lastupdated>
  <seasonid>20970</seasonid>
  <seriesid>73507</seriesid>
</Episode>
<Episode>
  <id>3208611</id>
  <Combined_episodenumber>13.0</Combined_episodenumber>
  <Combined_season>0</Combined_season>
  <DVD_chapter></DVD_chapter>
  <DVD_discid></DVD_discid>
  <DVD_episodenumber>13.0</DVD_episodenumber>
  <DVD_season></DVD_season>
  <Director></Director>
  <EpImgFlag></EpImgFlag>
  <EpisodeName>The 4400: Character Tree - Diana Skouris</EpisodeName>
  <EpisodeNumber>13</EpisodeNumber>
  <FirstAired></FirstAired>
  <GuestStars></GuestStars>
  <IMDB_ID></IMDB_ID>
  <Language>en</Language>
  <Overview></Overview>
  <ProductionCode></ProductionCode>
  <Rating></Rating>
  <RatingCount>0</RatingCount>
  <SeasonNumber>0</SeasonNumber>
  <Writer></Writer>
  <absolute_number></absolute_number>
  <airsafter_season>3</airsafter_season>
  <airsbefore_episode></airsbefore_episode>
  <airsbefore_season></airsbefore_season>
  <filename></filename>
  <lastupdated>1294327484</lastupdated>
  <seasonid>20970</seasonid>
  <seriesid>73507</seriesid>
</Episode>
<Episode>
  <id>3208621</id>
  <Combined_episodenumber>14.0</Combined_episodenumber>
  <Combined_season>0</Combined_season>
  <DVD_chapter></DVD_chapter>
  <DVD_discid></DVD_discid>
  <DVD_episodenumber>14.0</DVD_episodenumber>
  <DVD_season></DVD_season>
  <Director></Director>
  <EpImgFlag></EpImgFlag>
  <EpisodeName>The 4400: Character Tree - Mathew Ross</EpisodeName>
  <EpisodeNumber>14</EpisodeNumber>
  <FirstAired></FirstAired>
  <GuestStars></GuestStars>
  <IMDB_ID></IMDB_ID>
  <Language>en</Language>
  <Overview></Overview>
  <ProductionCode></ProductionCode>
  <Rating></Rating>
  <RatingCount>0</RatingCount>
  <SeasonNumber>0</SeasonNumber>
  <Writer></Writer>
  <absolute_number></absolute_number>
  <airsafter_season>3</airsafter_season>
  <airsbefore_episode></airsbefore_episode>
  <airsbefore_season></airsbefore_season>
  <filename></filename>
  <lastupdated>1294327496</lastupdated>
  <seasonid>20970</seasonid>
  <seriesid>73507</seriesid>
</Episode>
<Episode>
  <id>3208631</id>
  <Combined_episodenumber>15.0</Combined_episodenumber>
  <Combined_season>0</Combined_season>
  <DVD_chapter></DVD_chapter>
  <DVD_discid></DVD_discid>
  <DVD_episodenumber>15.0</DVD_episodenumber>
  <DVD_season></DVD_season>
  <Director></Director>
  <EpImgFlag></EpImgFlag>
  <EpisodeName>The 4400: Character Tree - Jordan Collier</EpisodeName>
  <EpisodeNumber>15</EpisodeNumber>
  <FirstAired></FirstAired>
  <GuestStars></GuestStars>
  <IMDB_ID></IMDB_ID>
  <Language>en</Language>
  <Overview></Overview>
  <ProductionCode></ProductionCode>
  <Rating></Rating>
  <RatingCount>0</RatingCount>
  <SeasonNumber>0</SeasonNumber>
  <Writer></Writer>
  <absolute_number></absolute_number>
  <airsafter_season>3</airsafter_season>
  <airsbefore_episode></airsbefore_episode>
  <airsbefore_season></airsbefore_season>
  <filename></filename>
  <lastupdated>1294327518</lastupdated>
  <seasonid>20970</seasonid>
  <seriesid>73507</seriesid>
</Episode>
<Episode>
  <id>3208641</id>
  <Combined_episodenumber>16.0</Combined_episodenumber>
  <Combined_season>0</Combined_season>
  <DVD_chapter></DVD_chapter>
  <DVD_discid></DVD_discid>
  <DVD_episodenumber>16.0</DVD_episodenumber>
  <DVD_season></DVD_season>
  <Director></Director>
  <EpImgFlag></EpImgFlag>
  <EpisodeName>The 4400: Character Tree - Alana Mareva</EpisodeName>
  <EpisodeNumber>16</EpisodeNumber>
  <FirstAired></FirstAired>
  <GuestStars></GuestStars>
  <IMDB_ID></IMDB_ID>
  <Language>en</Language>
  <Overview></Overview>
  <ProductionCode></ProductionCode>
  <Rating></Rating>
  <RatingCount>0</RatingCount>
  <SeasonNumber>0</SeasonNumber>
  <Writer></Writer>
  <absolute_number></absolute_number>
  <airsafter_season>3</airsafter_season>
  <airsbefore_episode></airsbefore_episode>
  <airsbefore_season></airsbefore_season>
  <filename></filename>
  <lastupdated>1294327535</lastupdated>
  <seasonid>20970</seasonid>
  <seriesid>73507</seriesid>
</Episode>
<Episode>
  <id>3208651</id>
  <Combined_episodenumber>17.0</Combined_episodenumber>
  <Combined_season>0</Combined_season>
  <DVD_chapter></DVD_chapter>
  <DVD_discid></DVD_discid>
  <DVD_episodenumber>17.0</DVD_episodenumber>
  <DVD_season></DVD_season>
  <Director></Director>
  <EpImgFlag></EpImgFlag>
  <EpisodeName>The 4400: Character Tree - Tom Baldwin</EpisodeName>
  <EpisodeNumber>17</EpisodeNumber>
  <FirstAired></FirstAired>
  <GuestStars></GuestStars>
  <IMDB_ID></IMDB_ID>
  <Language>en</Language>
  <Overview></Overview>
  <ProductionCode></ProductionCode>
  <Rating></Rating>
  <RatingCount>0</RatingCount>
  <SeasonNumber>0</SeasonNumber>
  <Writer></Writer>
  <absolute_number></absolute_number>
  <airsafter_season>3</airsafter_season>
  <airsbefore_episode></airsbefore_episode>
  <airsbefore_season></airsbefore_season>
  <filename></filename>
  <lastupdated>1294327547</lastupdated>
  <seasonid>20970</seasonid>
  <seriesid>73507</seriesid>
</Episode>
<Episode>
  <id>3208661</id>
  <Combined_episodenumber>18.0</Combined_episodenumber>
  <Combined_season>0</Combined_season>
  <DVD_chapter></DVD_chapter>
  <DVD_discid></DVD_discid>
  <DVD_episodenumber>18.0</DVD_episodenumber>
  <DVD_season></DVD_season>
  <Director></Director>
  <EpImgFlag></EpImgFlag>
  <EpisodeName>The 4400: Character Tree - Isabelle Tyler</EpisodeName>
  <EpisodeNumber>18</EpisodeNumber>
  <FirstAired></FirstAired>
  <GuestStars></GuestStars>
  <IMDB_ID></IMDB_ID>
  <Language>en</Language>
  <Overview></Overview>
  <ProductionCode></ProductionCode>
  <Rating></Rating>
  <RatingCount>0</RatingCount>
  <SeasonNumber>0</SeasonNumber>
  <Writer></Writer>
  <absolute_number></absolute_number>
  <airsafter_season>3</airsafter_season>
  <airsbefore_episode></airsbefore_episode>
  <airsbefore_season></airsbefore_season>
  <filename></filename>
  <lastupdated>1294327560</lastupdated>
  <seasonid>20970</seasonid>
  <seriesid>73507</seriesid>
</Episode>
<Episode>
  <id>3208671</id>
  <Combined_episodenumber>19.0</Combined_episodenumber>
  <Combined_season>0</Combined_season>
  <DVD_chapter></DVD_chapter>
  <DVD_discid></DVD_discid>
  <DVD_episodenumber>19.0</DVD_episodenumber>
  <DVD_season></DVD_season>
  <Director></Director>
  <EpImgFlag></EpImgFlag>
  <EpisodeName>The 4400: Character Tree - Shawn Farrell</EpisodeName>
  <EpisodeNumber>19</EpisodeNumber>
  <FirstAired></FirstAired>
  <GuestStars></GuestStars>
  <IMDB_ID></IMDB_ID>
  <Language>en</Language>
  <Overview></Overview>
  <ProductionCode></ProductionCode>
  <Rating></Rating>
  <RatingCount>0</RatingCount>
  <SeasonNumber>0</SeasonNumber>
  <Writer></Writer>
  <absolute_number></absolute_number>
  <airsafter_season>3</airsafter_season>
  <airsbefore_episode></airsbefore_episode>
  <airsbefore_season></airsbefore_season>
  <filename></filename>
  <lastupdated>1294327574</lastupdated>
  <seasonid>20970</seasonid>
  <seriesid>73507</seriesid>
</Episode>
<Episode>
  <id>3208681</id>
  <Combined_episodenumber>20.0</Combined_episodenumber>
  <Combined_season>0</Combined_season>
  <DVD_chapter></DVD_chapter>
  <DVD_discid></DVD_discid>
  <DVD_episodenumber>20.0</DVD_episodenumber>
  <DVD_season></DVD_season>
  <Director></Director>
  <EpImgFlag></EpImgFlag>
  <EpisodeName>The 4400: Character Tree - Richard Tyler</EpisodeName>
  <EpisodeNumber>20</EpisodeNumber>
  <FirstAired></FirstAired>
  <GuestStars></GuestStars>
  <IMDB_ID></IMDB_ID>
  <Language>en</Language>
  <Overview></Overview>
  <ProductionCode></ProductionCode>
  <Rating></Rating>
  <RatingCount>0</RatingCount>
  <SeasonNumber>0</SeasonNumber>
  <Writer></Writer>
  <absolute_number></absolute_number>
  <airsafter_season>3</airsafter_season>
  <airsbefore_episode></airsbefore_episode>
  <airsbefore_season></airsbefore_season>
  <filename></filename>
  <lastupdated>1294327587</lastupdated>
  <seasonid>20970</seasonid>
  <seriesid>73507</seriesid>
</Episode>
<Episode>
  <id>3208691</id>
  <Combined_episodenumber>21.0</Combined_episodenumber>
  <Combined_season>0</Combined_season>
  <DVD_chapter></DVD_chapter>
  <DVD_discid></DVD_discid>
  <DVD_episodenumber>21.0</DVD_episodenumber>
  <DVD_season></DVD_season>
  <Director></Director>
  <EpImgFlag></EpImgFlag>
  <EpisodeName>The 4400: Character Tree - Kevin Burkhoff</EpisodeName>
  <EpisodeNumber>21</EpisodeNumber>
  <FirstAired></FirstAired>
  <GuestStars></GuestStars>
  <IMDB_ID></IMDB_ID>
  <Language>en</Language>
  <Overview></Overview>
  <ProductionCode></ProductionCode>
  <Rating></Rating>
  <RatingCount>0</RatingCount>
  <SeasonNumber>0</SeasonNumber>
  <Writer></Writer>
  <absolute_number></absolute_number>
  <airsafter_season>3</airsafter_season>
  <airsbefore_episode></airsbefore_episode>
  <airsbefore_season></airsbefore_season>
  <filename></filename>
  <lastupdated>1294327599</lastupdated>
  <seasonid>20970</seasonid>
  <seriesid>73507</seriesid>
</Episode>
<Episode>
  <id>3208701</id>
  <Combined_episodenumber>22.0</Combined_episodenumber>
  <Combined_season>0</Combined_season>
  <DVD_chapter></DVD_chapter>
  <DVD_discid></DVD_discid>
  <DVD_episodenumber>22.0</DVD_episodenumber>
  <DVD_season></DVD_season>
  <Director></Director>
  <EpImgFlag></EpImgFlag>
  <EpisodeName>The 4400: What is the Ultimate Purpose and Fate of the 4400</EpisodeName>
  <EpisodeNumber>22</EpisodeNumber>
  <FirstAired></FirstAired>
  <GuestStars></GuestStars>
  <IMDB_ID></IMDB_ID>
  <Language>en</Language>
  <Overview>Fan question answer</Overview>
  <ProductionCode></ProductionCode>
  <Rating></Rating>
  <RatingCount>0</RatingCount>
  <SeasonNumber>0</SeasonNumber>
  <Writer></Writer>
  <absolute_number></absolute_number>
  <airsafter_season>3</airsafter_season>
  <airsbefore_episode></airsbefore_episode>
  <airsbefore_season></airsbefore_season>
  <filename></filename>
  <lastupdated>1294327611</lastupdated>
  <seasonid>20970</seasonid>
  <seriesid>73507</seriesid>
</Episode>
<Episode>
  <id>3208711</id>
  <Combined_episodenumber>23.0</Combined_episodenumber>
  <Combined_season>0</Combined_season>
  <DVD_chapter></DVD_chapter>
  <DVD_discid></DVD_discid>
  <DVD_episodenumber>23.0</DVD_episodenumber>
  <DVD_season></DVD_season>
  <Director></Director>
  <EpImgFlag></EpImgFlag>
  <EpisodeName>The 4400: Which Other Charater Would You Be</EpisodeName>
  <EpisodeNumber>23</EpisodeNumber>
  <FirstAired></FirstAired>
  <GuestStars></GuestStars>
  <IMDB_ID></IMDB_ID>
  <Language>en</Language>
  <Overview>Fan question answer</Overview>
  <ProductionCode></ProductionCode>
  <Rating></Rating>
  <RatingCount>0</RatingCount>
  <SeasonNumber>0</SeasonNumber>
  <Writer></Writer>
  <absolute_number></absolute_number>
  <airsafter_season>3</airsafter_season>
  <airsbefore_episode></airsbefore_episode>
  <airsbefore_season></airsbefore_season>
  <filename></filename>
  <lastupdated>1294327625</lastupdated>
  <seasonid>20970</seasonid>
  <seriesid>73507</seriesid>
</Episode>
<Episode>
  <id>3208721</id>
  <Combined_episodenumber>24.0</Combined_episodenumber>
  <Combined_season>0</Combined_season>
  <DVD_chapter></DVD_chapter>
  <DVD_discid></DVD_discid>
  <DVD_episodenumber>24.0</DVD_episodenumber>
  <DVD_season></DVD_season>
  <Director></Director>
  <EpImgFlag></EpImgFlag>
  <EpisodeName>The 4400: Do You Believe in Other Life in the Universe</EpisodeName>
  <EpisodeNumber>24</EpisodeNumber>
  <FirstAired></FirstAired>
  <GuestStars></GuestStars>
  <IMDB_ID></IMDB_ID>
  <Language>en</Language>
  <Overview>Fan question answer</Overview>
  <ProductionCode></ProductionCode>
  <Rating></Rating>
  <RatingCount>0</RatingCount>
  <SeasonNumber>0</SeasonNumber>
  <Writer></Writer>
  <absolute_number></absolute_number>
  <airsafter_season>3</airsafter_season>
  <airsbefore_episode></airsbefore_episode>
  <airsbefore_season></airsbefore_season>
  <filename></filename>
  <lastupdated>1294327638</lastupdated>
  <seasonid>20970</seasonid>
  <seriesid>73507</seriesid>
</Episode>
<Episode>
  <id>3208731</id>
  <Combined_episodenumber>25.0</Combined_episodenumber>
  <Combined_season>0</Combined_season>
  <DVD_chapter></DVD_chapter>
  <DVD_discid></DVD_discid>
  <DVD_episodenumber>25.0</DVD_episodenumber>
  <DVD_season></DVD_season>
  <Director></Director>
  <EpImgFlag></EpImgFlag>
  <EpisodeName>The 4400: Would You Like to be Abducted</EpisodeName>
  <EpisodeNumber>25</EpisodeNumber>
  <FirstAired></FirstAired>
  <GuestStars></GuestStars>
  <IMDB_ID></IMDB_ID>
  <Language>en</Language>
  <Overview>Fan question answer</Overview>
  <ProductionCode></ProductionCode>
  <Rating></Rating>
  <RatingCount>0</RatingCount>
  <SeasonNumber>0</SeasonNumber>
  <Writer></Writer>
  <absolute_number></absolute_number>
  <airsafter_season>3</airsafter_season>
  <airsbefore_episode></airsbefore_episode>
  <airsbefore_season></airsbefore_season>
  <filename></filename>
  <lastupdated>1294327652</lastupdated>
  <seasonid>20970</seasonid>
  <seriesid>73507</seriesid>
</Episode>
<Episode>
  <id>3208741</id>
  <Combined_episodenumber>26.0</Combined_episodenumber>
  <Combined_season>0</Combined_season>
  <DVD_chapter></DVD_chapter>
  <DVD_discid></DVD_discid>
  <DVD_episodenumber>26.0</DVD_episodenumber>
  <DVD_season></DVD_season>
  <Director></Director>
  <EpImgFlag></EpImgFlag>
  <EpisodeName>The 4400: Factions At War</EpisodeName>
  <EpisodeNumber>26</EpisodeNumber>
  <FirstAired></FirstAired>
  <GuestStars></GuestStars>
  <IMDB_ID></IMDB_ID>
  <Language>en</Language>
  <Overview></Overview>
  <ProductionCode></ProductionCode>
  <Rating></Rating>
  <RatingCount>0</RatingCount>
  <SeasonNumber>0</SeasonNumber>
  <Writer></Writer>
  <absolute_number></absolute_number>
  <airsafter_season>4</airsafter_season>
  <airsbefore_episode></airsbefore_episode>
  <airsbefore_season></airsbefore_season>
  <filename></filename>
  <lastupdated>1294327664</lastupdated>
  <seasonid>20970</seasonid>
  <seriesid>73507</seriesid>
</Episode>
<Episode>
  <id>3208751</id>
  <Combined_episodenumber>27.0</Combined_episodenumber>
  <Combined_season>0</Combined_season>
  <DVD_chapter></DVD_chapter>
  <DVD_discid></DVD_discid>
  <DVD_episodenumber>27.0</DVD_episodenumber>
  <DVD_season></DVD_season>
  <Director></Director>
  <EpImgFlag></EpImgFlag>
  <EpisodeName>The 4400: Jordan Collier - The Grey Man</EpisodeName>
  <EpisodeNumber>27</EpisodeNumber>
  <FirstAired></FirstAired>
  <GuestStars></GuestStars>
  <IMDB_ID></IMDB_ID>
  <Language>en</Language>
  <Overview></Overview>
  <ProductionCode></ProductionCode>
  <Rating></Rating>
  <RatingCount>0</RatingCount>
  <SeasonNumber>0</SeasonNumber>
  <Writer></Writer>
  <absolute_number></absolute_number>
  <airsafter_season>4</airsafter_season>
  <airsbefore_episode></airsbefore_episode>
  <airsbefore_season></airsbefore_season>
  <filename></filename>
  <lastupdated>1294327675</lastupdated>
  <seasonid>20970</seasonid>
  <seriesid>73507</seriesid>
</Episode>
<Episode>
  <id>3208761</id>
  <Combined_episodenumber>28.0</Combined_episodenumber>
  <Combined_season>0</Combined_season>
  <DVD_chapter></DVD_chapter>
  <DVD_discid></DVD_discid>
  <DVD_episodenumber>28.0</DVD_episodenumber>
  <DVD_season></DVD_season>
  <Director></Director>
  <EpImgFlag></EpImgFlag>
  <EpisodeName>The 4400: Season 4 - Blooper Reel</EpisodeName>
  <EpisodeNumber>28</EpisodeNumber>
  <FirstAired></FirstAired>
  <GuestStars></GuestStars>
  <IMDB_ID></IMDB_ID>
  <Language>en</Language>
  <Overview></Overview>
  <ProductionCode></ProductionCode>
  <Rating></Rating>
  <RatingCount>0</RatingCount>
  <SeasonNumber>0</SeasonNumber>
  <Writer></Writer>
  <absolute_number></absolute_number>
  <airsafter_season>4</airsafter_season>
  <airsbefore_episode></airsbefore_episode>
  <airsbefore_season></airsbefore_season>
  <filename></filename>
  <lastupdated>1294327688</lastupdated>
  <seasonid>20970</seasonid>
  <seriesid>73507</seriesid>
</Episode>
<Episode>
  <id>3208771</id>
  <Combined_episodenumber>29.0</Combined_episodenumber>
  <Combined_season>0</Combined_season>
  <DVD_chapter></DVD_chapter>
  <DVD_discid></DVD_discid>
  <DVD_episodenumber>29.0</DVD_episodenumber>
  <DVD_season></DVD_season>
  <Director></Director>
  <EpImgFlag></EpImgFlag>
  <EpisodeName>The 4400: Season 4 Deleted Scene - The Wrath Of Graham</EpisodeName>
  <EpisodeNumber>29</EpisodeNumber>
  <FirstAired></FirstAired>
  <GuestStars></GuestStars>
  <IMDB_ID></IMDB_ID>
  <Language>en</Language>
  <Overview></Overview>
  <ProductionCode></ProductionCode>
  <Rating></Rating>
  <RatingCount>0</RatingCount>
  <SeasonNumber>0</SeasonNumber>
  <Writer></Writer>
  <absolute_number></absolute_number>
  <airsafter_season>4</airsafter_season>
  <airsbefore_episode></airsbefore_episode>
  <airsbefore_season></airsbefore_season>
  <filename></filename>
  <lastupdated>1294327702</lastupdated>
  <seasonid>20970</seasonid>
  <seriesid>73507</seriesid>
</Episode>
<Episode>
  <id>3208781</id>
  <Combined_episodenumber>30.0</Combined_episodenumber>
  <Combined_season>0</Combined_season>
  <DVD_chapter></DVD_chapter>
  <DVD_discid></DVD_discid>
  <DVD_episodenumber>30.0</DVD_episodenumber>
  <DVD_season></DVD_season>
  <Director></Director>
  <EpImgFlag></EpImgFlag>
  <EpisodeName>The 4400: Season 4 Deleted Scene - Fear Itself</EpisodeName>
  <EpisodeNumber>30</EpisodeNumber>
  <FirstAired></FirstAired>
  <GuestStars></GuestStars>
  <IMDB_ID></IMDB_ID>
  <Language>en</Language>
  <Overview></Overview>
  <ProductionCode></ProductionCode>
  <Rating></Rating>
  <RatingCount>0</RatingCount>
  <SeasonNumber>0</SeasonNumber>
  <Writer></Writer>
  <absolute_number></absolute_number>
  <airsafter_season>4</airsafter_season>
  <airsbefore_episode></airsbefore_episode>
  <airsbefore_season></airsbefore_season>
  <filename></filename>
  <lastupdated>1294327715</lastupdated>
  <seasonid>20970</seasonid>
  <seriesid>73507</seriesid>
</Episode>
<Episode>
  <id>3208791</id>
  <Combined_episodenumber>31.0</Combined_episodenumber>
  <Combined_season>0</Combined_season>
  <DVD_chapter></DVD_chapter>
  <DVD_discid></DVD_discid>
  <DVD_episodenumber>31.0</DVD_episodenumber>
  <DVD_season></DVD_season>
  <Director></Director>
  <EpImgFlag></EpImgFlag>
  <EpisodeName>The 4400: Season 4 Deleted Scene - The Truth and Nothing But the Truth</EpisodeName>
  <EpisodeNumber>31</EpisodeNumber>
  <FirstAired></FirstAired>
  <GuestStars></GuestStars>
  <IMDB_ID></IMDB_ID>
  <Language>en</Language>
  <Overview></Overview>
  <ProductionCode></ProductionCode>
  <Rating></Rating>
  <RatingCount>0</RatingCount>
  <SeasonNumber>0</SeasonNumber>
  <Writer></Writer>
  <absolute_number></absolute_number>
  <airsafter_season>4</airsafter_season>
  <airsbefore_episode></airsbefore_episode>
  <airsbefore_season></airsbefore_season>
  <filename></filename>
  <lastupdated>1294327726</lastupdated>
  <seasonid>20970</seasonid>
  <seriesid>73507</seriesid>
</Episode>
<Episode>
  <id>3208801</id>
  <Combined_episodenumber>32.0</Combined_episodenumber>
  <Combined_season>0</Combined_season>
  <DVD_chapter></DVD_chapter>
  <DVD_discid></DVD_discid>
  <DVD_episodenumber>32.0</DVD_episodenumber>
  <DVD_season></DVD_season>
  <Director></Director>
  <EpImgFlag></EpImgFlag>
  <EpisodeName>The 4400: Season 4 Deleted Scene - Try the Pie</EpisodeName>
  <EpisodeNumber>32</EpisodeNumber>
  <FirstAired></FirstAired>
  <GuestStars></GuestStars>
  <IMDB_ID></IMDB_ID>
  <Language>en</Language>
  <Overview></Overview>
  <ProductionCode></ProductionCode>
  <Rating></Rating>
  <RatingCount>0</RatingCount>
  <SeasonNumber>0</SeasonNumber>
  <Writer></Writer>
  <absolute_number></absolute_number>
  <airsafter_season>4</airsafter_season>
  <airsbefore_episode></airsbefore_episode>
  <airsbefore_season></airsbefore_season>
  <filename></filename>
  <lastupdated>1294327739</lastupdated>
  <seasonid>20970</seasonid>
  <seriesid>73507</seriesid>
</Episode>
<Episode>
  <id>3208811</id>
  <Combined_episodenumber>33.0</Combined_episodenumber>
  <Combined_season>0</Combined_season>
  <DVD_chapter></DVD_chapter>
  <DVD_discid></DVD_discid>
  <DVD_episodenumber>33.0</DVD_episodenumber>
  <DVD_season></DVD_season>
  <Director></Director>
  <EpImgFlag></EpImgFlag>
  <EpisodeName>The 4400: Season 4 Deleted Scene - The Marked</EpisodeName>
  <EpisodeNumber>33</EpisodeNumber>
  <FirstAired></FirstAired>
  <GuestStars></GuestStars>
  <IMDB_ID></IMDB_ID>
  <Language>en</Language>
  <Overview></Overview>
  <ProductionCode></ProductionCode>
  <Rating></Rating>
  <RatingCount>0</RatingCount>
  <SeasonNumber>0</SeasonNumber>
  <Writer></Writer>
  <absolute_number></absolute_number>
  <airsafter_season>4</airsafter_season>
  <airsbefore_episode></airsbefore_episode>
  <airsbefore_season></airsbefore_season>
  <filename></filename>
  <lastupdated>1294327754</lastupdated>
  <seasonid>20970</seasonid>
  <seriesid>73507</seriesid>
</Episode>
<Episode>
  <id>3208821</id>
  <Combined_episodenumber>34.0</Combined_episodenumber>
  <Combined_season>0</Combined_season>
  <DVD_chapter></DVD_chapter>
  <DVD_discid></DVD_discid>
  <DVD_episodenumber>34.0</DVD_episodenumber>
  <DVD_season></DVD_season>
  <Director></Director>
  <EpImgFlag></EpImgFlag>
  <EpisodeName>The 4400: Season 4 Deleted Scene - No Exit</EpisodeName>
  <EpisodeNumber>34</EpisodeNumber>
  <FirstAired></FirstAired>
  <GuestStars></GuestStars>
  <IMDB_ID></IMDB_ID>
  <Language>en</Language>
  <Overview></Overview>
  <ProductionCode></ProductionCode>
  <Rating></Rating>
  <RatingCount>0</RatingCount>
  <SeasonNumber>0</SeasonNumber>
  <Writer></Writer>
  <absolute_number></absolute_number>
  <airsafter_season>4</airsafter_season>
  <airsbefore_episode></airsbefore_episode>
  <airsbefore_season></airsbefore_season>
  <filename></filename>
  <lastupdated>1294327766</lastupdated>
  <seasonid>20970</seasonid>
  <seriesid>73507</seriesid>
</Episode>
<Episode>
  <id>3208831</id>
  <Combined_episodenumber>35.0</Combined_episodenumber>
  <Combined_season>0</Combined_season>
  <DVD_chapter></DVD_chapter>
  <DVD_discid></DVD_discid>
  <DVD_episodenumber>35.0</DVD_episodenumber>
  <DVD_season></DVD_season>
  <Director></Director>
  <EpImgFlag></EpImgFlag>
  <EpisodeName>The 4400: Season 4 Deleted Scene - Daddy's Little Girl</EpisodeName>
  <EpisodeNumber>35</EpisodeNumber>
  <FirstAired></FirstAired>
  <GuestStars></GuestStars>
  <IMDB_ID></IMDB_ID>
  <Language>en</Language>
  <Overview></Overview>
  <ProductionCode></ProductionCode>
  <Rating></Rating>
  <RatingCount>0</RatingCount>
  <SeasonNumber>0</SeasonNumber>
  <Writer></Writer>
  <absolute_number></absolute_number>
  <airsafter_season>4</airsafter_season>
  <airsbefore_episode></airsbefore_episode>
  <airsbefore_season></airsbefore_season>
  <filename></filename>
  <lastupdated>1294327780</lastupdated>
  <seasonid>20970</seasonid>
  <seriesid>73507</seriesid>
</Episode>
<Episode>
  <id>3208841</id>
  <Combined_episodenumber>36.0</Combined_episodenumber>
  <Combined_season>0</Combined_season>
  <DVD_chapter></DVD_chapter>
  <DVD_discid></DVD_discid>
  <DVD_episodenumber>36.0</DVD_episodenumber>
  <DVD_season></DVD_season>
  <Director></Director>
  <EpImgFlag></EpImgFlag>
  <EpisodeName>The 4400: Season 4 Deleted Scene - Ghost in the Machine</EpisodeName>
  <EpisodeNumber>36</EpisodeNumber>
  <FirstAired></FirstAired>
  <GuestStars></GuestStars>
  <IMDB_ID></IMDB_ID>
  <Language>en</Language>
  <Overview></Overview>
  <ProductionCode></ProductionCode>
  <Rating></Rating>
  <RatingCount>0</RatingCount>
  <SeasonNumber>0</SeasonNumber>
  <Writer></Writer>
  <absolute_number></absolute_number>
  <airsafter_season>4</airsafter_season>
  <airsbefore_episode></airsbefore_episode>
  <airsbefore_season></airsbefore_season>
  <filename></filename>
  <lastupdated>1294327793</lastupdated>
  <seasonid>20970</seasonid>
  <seriesid>73507</seriesid>
</Episode>
<Episode>
  <id>3208851</id>
  <Combined_episodenumber>37.0</Combined_episodenumber>
  <Combined_season>0</Combined_season>
  <DVD_chapter></DVD_chapter>
  <DVD_discid></DVD_discid>
  <DVD_episodenumber>37.0</DVD_episodenumber>
  <DVD_season></DVD_season>
  <Director></Director>
  <EpImgFlag></EpImgFlag>
  <EpisodeName>The 4400: Season 4 Deleted Scene - Tiny Machines</EpisodeName>
  <EpisodeNumber>37</EpisodeNumber>
  <FirstAired></FirstAired>
  <GuestStars></GuestStars>
  <IMDB_ID></IMDB_ID>
  <Language>en</Language>
  <Overview></Overview>
  <ProductionCode></ProductionCode>
  <Rating></Rating>
  <RatingCount>0</RatingCount>
  <SeasonNumber>0</SeasonNumber>
  <Writer></Writer>
  <absolute_number></absolute_number>
  <airsafter_season>4</airsafter_season>
  <airsbefore_episode></airsbefore_episode>
  <airsbefore_season></airsbefore_season>
  <filename></filename>
  <lastupdated>1294327806</lastupdated>
  <seasonid>20970</seasonid>
  <seriesid>73507</seriesid>
</Episode>
<Episode>
  <id>116955</id>
  <Combined_episodenumber>1.0</Combined_episodenumber>
  <Combined_season>1</Combined_season>
  <DVD_chapter></DVD_chapter>
  <DVD_discid></DVD_discid>
  <DVD_episodenumber>1.0</DVD_episodenumber>
  <DVD_season>1</DVD_season>
  <Director>Yves Simoneau</Director>
  <EpImgFlag>2</EpImgFlag>
  <EpisodeName>The Return</EpisodeName>
  <EpisodeNumber>1</EpisodeNumber>
  <FirstAired>2004-07-11</FirstAired>
  <GuestStars>|Michael Moriarty| Craig March| Jason Low| Terry Chen| Jesse Hutch| Ross Douglas| Sheila Paterson| Eric Breker| Eileen Pedde| Genevieve Buechner| Adrian Holmes| Roger Haskett| Carrie Fleming| Keith Martin Gordey| Pamela Hart| Patti Allan| Link Baker| Kari</GuestStars>
  <IMDB_ID></IMDB_ID>
  <Language>en</Language>
  <Overview>Everyone on Earth is excited about a comet passing by, but as soon as its trajectory changes to a collision course, everyone starts to panic. The comet turns out to be a giant ball of light that, after exploding, leaves behind 4400 people. They are missing persons who have been gone from a few months to 60 years, and none have aged a day. The 4400 are put in quarantine and eventually released. Some of the returnees begin to exhibit strange and uncontrollable new abilities. Tom Baldwin and Diana Skouris, two Homeland Security agents, are appointed to find out what happened to the 4400.
</Overview>
  <ProductionCode>TFH-101</ProductionCode>
  <Rating>7.6</Rating>
  <RatingCount>33</RatingCount>
  <SeasonNumber>1</SeasonNumber>
  <Writer>Scott Peters|René Echevarria</Writer>
  <absolute_number></absolute_number>
  <filename>episodes/73507/116955.jpg</filename>
  <lastupdated>1304917681</lastupdated>
  <seasonid>5897</seasonid>
  <seriesid>73507</seriesid>
</Episode>
<Episode>
  <id>116956</id>
  <Combined_episodenumber>2.0</Combined_episodenumber>
  <Combined_season>1</Combined_season>
  <DVD_chapter></DVD_chapter>
  <DVD_discid></DVD_discid>
  <DVD_episodenumber>2.0</DVD_episodenumber>
  <DVD_season>1</DVD_season>
  <Director>Helen Shaver</Director>
  <EpImgFlag>2</EpImgFlag>
  <EpisodeName>The New &amp; Improved Carl Morrissey</EpisodeName>
  <EpisodeNumber>2</EpisodeNumber>
  <FirstAired>2004-07-18</FirstAired>
  <GuestStars>|Kathleen Wilhoite| David Eigenberg| Peter Grasso| Georgina Hegedos| Ali Liebert| Garfield Wilson| Genevieve Buechner| Lucas Margetson| Wendy Russell| James Michalopoulos| Fraser Aitcheson| Robin Mossley| Derek J. Lowe| Jonathan Holmes|</GuestStars>
  <IMDB_ID></IMDB_ID>
  <Language>en</Language>
  <Overview>Carl Morrissey is a lowly supermarket employee who happens to be one of the 4400 returned abductees. He uses his new found powers - enhanced reflexes and strength - to become a vigilante and fight crime in his neighborhood. Meanwhile, Lily is thrown in jail for violating the restraining order while looking in on her daughter and ex-husband's new life. After picking up Lily from the police, Richard and Lily go back to the apartment they now share and we see the romance between the two begin to become more serious. Also, Shawn begins to learn more about his healing powers, and we are left with a cliffhanger ending of whether he will heal his cousin.
</Overview>
  <ProductionCode>TFH-102</ProductionCode>
  <Rating>7.3</Rating>
  <RatingCount>20</RatingCount>
  <SeasonNumber>1</SeasonNumber>
  <Writer>Ira Steven Behr</Writer>
  <absolute_number></absolute_number>
  <filename>episodes/73507/116956.jpg</filename>
  <lastupdated>1304917689</lastupdated>
  <seasonid>5897</seasonid>
  <seriesid>73507</seriesid>
</Episode>
<Episode>
  <id>116957</id>
  <Combined_episodenumber>3.0</Combined_episodenumber>
  <Combined_season>1</Combined_season>
  <DVD_chapter></DVD_chapter>
  <DVD_discid></DVD_discid>
  <DVD_episodenumber>3.0</DVD_episodenumber>
  <DVD_season>1</DVD_season>
  <Director>David Straiton</Director>
  <EpImgFlag>2</EpImgFlag>
  <EpisodeName>Becoming</EpisodeName>
  <EpisodeNumber>3</EpisodeNumber>
  <FirstAired>2004-07-25</FirstAired>
  <GuestStars>|Peter LaCroix| Shaine Jones| Helen Shaver| Stanley Katz| Preston Cook| Miranda Frigon| Lee Tergesen| Andrew McIlroy| Bill Dow| Christine Anton| Murile Kauffmann| Claudine Grant| Amanda MacKay|</GuestStars>
  <IMDB_ID></IMDB_ID>
  <Language>en</Language>
  <Overview>Tom and Diana are sent out to investigate a homicide that resembles the MO of a serial killer who was never caught nor heard of for 21 years. The first suspect is Oliver Knox, a member of the 4400. However, Knox has an alibi for the night of the murder and another man confesses to all the crimes. Tom and Diana suspect that Knox is luring people to kill for him and try to lay a trap on him. Meanwhile, people begin to turn hostile toward the 4400, and Jordan Collier decides to organize his fellow returnees. But Richard feels uneasy about Collier's interest in them.
</Overview>
  <ProductionCode>TFH-103</ProductionCode>
  <Rating>7.3</Rating>
  <RatingCount>18</RatingCount>
  <SeasonNumber>1</SeasonNumber>
  <Writer>Craig Sweeny</Writer>
  <absolute_number></absolute_number>
  <filename>episodes/73507/116957.jpg</filename>
  <lastupdated>1341583101</lastupdated>
  <seasonid>5897</seasonid>
  <seriesid>73507</seriesid>
</Episode>
<Episode>
  <id>116958</id>
  <Combined_episodenumber>4.0</Combined_episodenumber>
  <Combined_season>1</Combined_season>
  <DVD_chapter></DVD_chapter>
  <DVD_discid></DVD_discid>
  <DVD_episodenumber>4.0</DVD_episodenumber>
  <DVD_season>1</DVD_season>
  <Director>Nick Gomez</Director>
  <EpImgFlag>2</EpImgFlag>
  <EpisodeName>Trial By Fire</EpisodeName>
  <EpisodeNumber>4</EpisodeNumber>
  <FirstAired>2004-08-01</FirstAired>
  <GuestStars>|Jonathan Holmes| Mark Valley| Michael Eklund| Shane Meier| Helen Shaver| Jason Low| Anna Hagan| Sean Millington| Joe Do Serro|</GuestStars>
  <IMDB_ID></IMDB_ID>
  <Language>en</Language>
  <Overview>The 4400 are attacked by a series of fire-bombings after Barbara Yates made their names and addresses known to the public. Tom, Diana, and Ryland try to put an end to the bombings at the same time as Tom tries to deal with the disturbing behavior of Kyle, and Diana tries real hard to be a good substitute mother to Maia. However, the arrival of a Homeland Security agent from Washington, Warren Lyttel, makes their work even harder. Jordan Collier tries to provide his followers with safe shelter, but Richard and Lily begin to question his intentions as the bombings intensify.
</Overview>
  <ProductionCode>TFH-104</ProductionCode>
  <Rating>7.2</Rating>
  <RatingCount>23</RatingCount>
  <SeasonNumber>1</SeasonNumber>
  <Writer>Robert Hewitt Wolfe</Writer>
  <absolute_number></absolute_number>
  <filename>episodes/73507/116958.jpg</filename>
  <lastupdated>1341583114</lastupdated>
  <seasonid>5897</seasonid>
  <seriesid>73507</seriesid>
</Episode>
<Episode>
  <id>116959</id>
  <Combined_episodenumber>5.0</Combined_episodenumber>
  <Combined_season>1</Combined_season>
  <DVD_chapter></DVD_chapter>
  <DVD_discid></DVD_discid>
  <DVD_episodenumber>5.0</DVD_episodenumber>
  <DVD_season>1</DVD_season>
  <Director>Tim Hunter</Director>
  <EpImgFlag>2</EpImgFlag>
  <EpisodeName>White Light</EpisodeName>
  <EpisodeNumber>5</EpisodeNumber>
  <FirstAired>2004-08-08</FirstAired>
  <GuestStars>|Gillian Barber| Mark Valley| Jonathan Holmes| Louis Chirillo| Jason Low| Shawn Reis| Leanne Adachi| Dawn Mander|</GuestStars>
  <IMDB_ID></IMDB_ID>
  <Language>en</Language>
  <Overview>Tom is furious upon finding out that Lyttel took his son Kyle into custody. Diana offers him help in getting Kyle back. Meanwhile, Richard suspects that Collier is trying to take control of Lily's life, and as soon as Collier reveals his intentions, Richard and Lily leave Arcadia Estates. Elsewhere, Danny snaps at Shawn when he finds out that he and Nikki have slept together. Tom and Diana finally find out what really happened to the 4400, which leaves a disturbing question: is this the end - or just the beginning?
</Overview>
  <ProductionCode>TFH-105</ProductionCode>
  <Rating>7.4</Rating>
  <RatingCount>20</RatingCount>
  <SeasonNumber>1</SeasonNumber>
  <Writer>Scott Peters</Writer>
  <absolute_number></absolute_number>
  <filename>episodes/73507/116959.jpg</filename>
  <lastupdated>1341583123</lastupdated>
  <seasonid>5897</seasonid>
  <seriesid>73507</seriesid>
</Episode>
<Episode>
  <id>116960</id>
  <Combined_episodenumber>1.1</Combined_episodenumber>
  <Combined_season>2</Combined_season>
  <DVD_chapter></DVD_chapter>
  <DVD_discid>201</DVD_discid>
  <DVD_episodenumber>1.1</DVD_episodenumber>
  <DVD_season>2</DVD_season>
  <Director>Leslie Libman</Director>
  <EpImgFlag></EpImgFlag>
  <EpisodeName>Wake Up Call (1)</EpisodeName>
  <EpisodeNumber>1</EpisodeNumber>
  <FirstAired>2005-06-05</FirstAired>
  <GuestStars>|Dawn  Chubai|Sean Tyson|Charles Napier|Jason Griffith|Grace Bauer|Darryl Quon|Avery Tiplady|Nick Misura|Trevor Roberts|Noah Beggs|Julian Christopher|Michael Ryan|Patricia Harras|Graeme Duffy|Bill Mondy|Hiro Kanagawa|Rob LaBelle|Summer Glau</GuestStars>
  <IMDB_ID></IMDB_ID>
  <Language>en</Language>
  <Overview>It's been one year since the 4400 returned.  After a period of intense medical observation, Tom has returned to NTAC in a limited capacity, assigned only to desk duty.  Diana, having been through a series of inept partners, finally finds a way to cut through the red tape and get Tom back, all while in the midst of formally adopting Maia.  Meanwhile, Richard, Lily and the baby are still living in meager conditions in a mountain cabin far away from Jordan.  Jordan has now closed Arcadia Estates, and is on the verge of opening &quot;The 4400 Centers,&quot; a place for non-members of the 4400 to discover &quot;the 4400 within themselves.&quot;  Collier becomes Shawn's guardian, and enlists him to heal important benefactors of the Centers.
</Overview>
  <ProductionCode>201</ProductionCode>
  <Rating>7.2</Rating>
  <RatingCount>20</RatingCount>
  <SeasonNumber>2</SeasonNumber>
  <Writer>Craig Sweeny, Ira Steven Behr</Writer>
  <absolute_number></absolute_number>
  <filename>episodes/73507/116960.jpg</filename>
  <lastupdated>1303382970</lastupdated>
  <seasonid>5898</seasonid>
  <seriesid>73507</seriesid>
</Episode>
<Episode>
  <id>116961</id>
  <Combined_episodenumber>1.2</Combined_episodenumber>
  <Combined_season>2</Combined_season>
  <DVD_chapter></DVD_chapter>
  <DVD_discid>201</DVD_discid>
  <DVD_episodenumber>1.2</DVD_episodenumber>
  <DVD_season>2</DVD_season>
  <Director>Leslie Libman</Director>
  <EpImgFlag>2</EpImgFlag>
  <EpisodeName>Wake Up Call (2)</EpisodeName>
  <EpisodeNumber>2</EpisodeNumber>
  <FirstAired>2005-06-05</FirstAired>
  <GuestStars>|Dawn  Chubai|Sean Tyson|Charles Napier|Jason Griffith|Grace Bauer|Darryl Quon|Avery Tiplady|Nick Misura|Trevor Roberts|Noah Beggs|Julian Christopher|Michael Ryan|Patricia Harras|Graeme Duffy|Bill Mondy|Hiro Kanagawa|Rob LaBelle|Summer Glau</GuestStars>
  <IMDB_ID></IMDB_ID>
  <Language>en</Language>
  <Overview>It's been one year since the 4400 returned.  After a period of intense medical observation, Tom has returned to NTAC in a limited capacity, assigned only to desk duty.  Diana, having been through a series of inept partners, finally finds a way to cut through the red tape and get Tom back, all while in the midst of formally adopting Maia.  Meanwhile, Richard, Lily and the baby are still living in meager conditions in a mountain cabin far away from Jordan.  Jordan has now closed Arcadia Estates, and is on the verge of opening &quot;The 4400 Centers,&quot; a place for non-members of the 4400 to discover &quot;the 4400 within themselves.&quot;  Collier becomes Shawn's guardian, and enlists him to heal important benefactors of the Centers.</Overview>
  <ProductionCode>201</ProductionCode>
  <Rating>7.2</Rating>
  <RatingCount>13</RatingCount>
  <SeasonNumber>2</SeasonNumber>
  <Writer>Craig Sweeny, Ira Steven Behr</Writer>
  <absolute_number></absolute_number>
  <filename>episodes/73507/116961.jpg</filename>
  <lastupdated>1303383443</lastupdated>
  <seasonid>5898</seasonid>
  <seriesid>73507</seriesid>
</Episode>
<Episode>
  <id>116962</id>
  <Combined_episodenumber>3.0</Combined_episodenumber>
  <Combined_season>2</Combined_season>
  <DVD_chapter></DVD_chapter>
  <DVD_discid>204</DVD_discid>
  <DVD_episodenumber>3.0</DVD_episodenumber>
  <DVD_season>2</DVD_season>
  <Director>Vincent Misiano</Director>
  <EpImgFlag></EpImgFlag>
  <EpisodeName>Voices Carry</EpisodeName>
  <EpisodeNumber>3</EpisodeNumber>
  <FirstAired>2005-06-12</FirstAired>
  <GuestStars>|Lexa Doig| Candus Churchill| Stephen McHattie| Sharif Atkins| Parker  Holdsworth| Jennifer Gibson| Robert Seckler| Richard  De Kler| Darren E. Scott| Doug Abrahams| John Dadey| P.J. Prinsloo| Woody Jeffreys|</GuestStars>
  <IMDB_ID>419312</IMDB_ID>
  <Language>en</Language>
  <Overview>Gary Navarro, a minor league baseball player back after a 30-year absence, finds that hearing everyone's unspoken thoughts is driving him to the edge of madness. When he seeks help from NTAC, the higher-ups are more interested in how he can unearth information about Jordan Collier than how they can assist Gary with getting his life back. As the case occupies the majority of his time, Tom finds himself struggling with his responsibilities as a single father. Meanwhile, Kyle starts to get his life back through the prospect of a new relationship, Diana finds herself dealing with the unexpected arrival of her younger sister April, and as Richard, Lily, and Isabelle continue their life on the run, Richard grows increasingly disturbed by his daughter's apparent abilities.
</Overview>
  <ProductionCode>203</ProductionCode>
  <Rating>7.2</Rating>
  <RatingCount>18</RatingCount>
  <SeasonNumber>2</SeasonNumber>
  <Writer>Lisa Melamed</Writer>
  <absolute_number></absolute_number>
  <filename>episodes/73507/116962.jpg</filename>
  <lastupdated>1303382380</lastupdated>
  <seasonid>5898</seasonid>
  <seriesid>73507</seriesid>
</Episode>
<Episode>
  <id>116963</id>
  <Combined_episodenumber>2.0</Combined_episodenumber>
  <Combined_season>2</Combined_season>
  <DVD_chapter></DVD_chapter>
  <DVD_discid>203</DVD_discid>
  <DVD_episodenumber>2.0</DVD_episodenumber>
  <DVD_season>2</DVD_season>
  <Director>Oz Scott</Director>
  <EpImgFlag></EpImgFlag>
  <EpisodeName>Weight of the World</EpisodeName>
  <EpisodeNumber>4</EpisodeNumber>
  <FirstAired>2005-06-19</FirstAired>
  <GuestStars>|Glen Gould| Lucia Walters| Carmen Moore| Noah Danby| Katey Wright| Colin Lawrence| Peter Hanlon| Peter Huck| Paul Jarrett| Rhonda Dent| Michael Rogers| Robert Picardo| Noa Tishby| Lexa Doig|</GuestStars>
  <IMDB_ID></IMDB_ID>
  <Language>en</Language>
  <Overview>Someone puts his 4400 ability up for auction, and the Supreme Court will have a special session to determine if it's legal and if the auction can continue. Diana and Tom are ordered to investigate. Meanwhile, pop diva Chloe Granger is at the 4400 Center and claims that Jordan's book was a revelation to her. She even cut her tour short because she felt she needed to come to the 4400 Center and become a student. Jordan makes sure this new &quot;recruit&quot; is well treated as it will profit the center. Shawn is working on a recruitment video for the 4400 Center. Richard and Lily travel to Montana where they meet with Eric Papequash, who disappeared in 1955.
</Overview>
  <ProductionCode>202</ProductionCode>
  <Rating>7.3</Rating>
  <RatingCount>19</RatingCount>
  <SeasonNumber>2</SeasonNumber>
  <Writer>Scott Peters</Writer>
  <absolute_number></absolute_number>
  <filename>episodes/73507/116963.jpg</filename>
  <lastupdated>1303382423</lastupdated>
  <seasonid>5898</seasonid>
  <seriesid>73507</seriesid>
</Episode>
<Episode>
  <id>116964</id>
  <Combined_episodenumber>4.0</Combined_episodenumber>
  <Combined_season>2</Combined_season>
  <DVD_chapter></DVD_chapter>
  <DVD_discid>205</DVD_discid>
  <DVD_episodenumber>4.0</DVD_episodenumber>
  <DVD_season>2</DVD_season>
  <Director>Vincent Misiano</Director>
  <EpImgFlag></EpImgFlag>
  <EpisodeName>Suffer the Children</EpisodeName>
  <EpisodeNumber>5</EpisodeNumber>
  <FirstAired>2005-06-26</FirstAired>
  <GuestStars>|Edd  Wright| Stefan  Thordarson| Santana   Shaw-Garlock| Mylene Robic| Rick Dobran| Sean Owen Roberts| Ben Cotton| Kyle  Falconer| D. Harlan Cutshall| Rob Hayter| Brett Delaney| Bruce Dawson| Jaren Brandt Bartlett| Lindy Booth| Kathryn Gordon| Reece Thom</GuestStars>
  <IMDB_ID></IMDB_ID>
  <Language>en</Language>
  <Overview>A school teacher terrifies parents with her supernatural ability to inspire artistic students.  Meanwhile, Richard and Lily are confronted by police, and Jordan warns Shawn not to overuse his healing gift.
</Overview>
  <ProductionCode>204</ProductionCode>
  <Rating>7.4</Rating>
  <RatingCount>19</RatingCount>
  <SeasonNumber>2</SeasonNumber>
  <Writer>Frederick Rappaport</Writer>
  <absolute_number></absolute_number>
  <filename>episodes/73507/116964.jpg</filename>
  <lastupdated>1303382451</lastupdated>
  <seasonid>5898</seasonid>
  <seriesid>73507</seriesid>
</Episode>
<Episode>
  <id>116965</id>
  <Combined_episodenumber>5.0</Combined_episodenumber>
  <Combined_season>2</Combined_season>
  <DVD_chapter></DVD_chapter>
  <DVD_discid>206</DVD_discid>
  <DVD_episodenumber>5.0</DVD_episodenumber>
  <DVD_season>2</DVD_season>
  <Director>Nick Gomez</Director>
  <EpImgFlag></EpImgFlag>
  <EpisodeName>As Fate Would Have It</EpisodeName>
  <EpisodeNumber>6</EpisodeNumber>
  <FirstAired>2005-07-10</FirstAired>
  <GuestStars>|Lindy Booth| Genevieve Buechner| Robert Clarke| Alistair Abell| Lexa Doig| Igor Morozov| Andrew Airlie| Sean Owen Roberts|</GuestStars>
  <IMDB_ID></IMDB_ID>
  <Language>en</Language>
  <Overview>Maia sees a vision of Jordan Collier's death. Kyle's frightening blackouts are disrupting Tom's personal life. Diana is asked to hand over Maia's diary to NTAC.
</Overview>
  <ProductionCode>205</ProductionCode>
  <Rating>7.5</Rating>
  <RatingCount>20</RatingCount>
  <SeasonNumber>2</SeasonNumber>
  <Writer>Craig Sweeny</Writer>
  <absolute_number></absolute_number>
  <filename>episodes/73507/116965.jpg</filename>
  <lastupdated>1303382476</lastupdated>
  <seasonid>5898</seasonid>
  <seriesid>73507</seriesid>
</Episode>
<Episode>
  <id>116966</id>
  <Combined_episodenumber>6.0</Combined_episodenumber>
  <Combined_season>2</Combined_season>
  <DVD_chapter></DVD_chapter>
  <DVD_discid>207</DVD_discid>
  <DVD_episodenumber>6.0</DVD_episodenumber>
  <DVD_season>2</DVD_season>
  <Director>Michael Watkins</Director>
  <EpImgFlag></EpImgFlag>
  <EpisodeName>Life Interrupted</EpisodeName>
  <EpisodeNumber>7</EpisodeNumber>
  <FirstAired>2005-07-17</FirstAired>
  <GuestStars>|Marshall  Caplan| Allison Warnyca| Don MacKay| Mark Burgess| Richard Hendery| Maureen Thomas| Brooke Nevin|</GuestStars>
  <IMDB_ID></IMDB_ID>
  <Language>en</Language>
  <Overview>Tom and Diana track down a man to a museum, and during the chase, Tom finds a mysterious lab that only he can see. Later at the office, Tom finds that all his 4400 case files are gone, and no one has ever heard of the 4400.
</Overview>
  <ProductionCode>206</ProductionCode>
  <Rating>7.3</Rating>
  <RatingCount>22</RatingCount>
  <SeasonNumber>2</SeasonNumber>
  <Writer>Ira Steven Behr</Writer>
  <absolute_number></absolute_number>
  <filename>episodes/73507/116966.jpg</filename>
  <lastupdated>1303382511</lastupdated>
  <seasonid>5898</seasonid>
  <seriesid>73507</seriesid>
</Episode>
<Episode>
  <id>116967</id>
  <Combined_episodenumber>7.0</Combined_episodenumber>
  <Combined_season>2</Combined_season>
  <DVD_chapter></DVD_chapter>
  <DVD_discid>207</DVD_discid>
  <DVD_episodenumber>7.0</DVD_episodenumber>
  <DVD_season>2</DVD_season>
  <Director>Leslie Libman</Director>
  <EpImgFlag></EpImgFlag>
  <EpisodeName>Carrier</EpisodeName>
  <EpisodeNumber>8</EpisodeNumber>
  <FirstAired>2005-07-24</FirstAired>
  <GuestStars>|Craig March| Sean Devine| Daniel Bacon| Jason  Benson| Daniella Evangelista| Matias  Hacker| Sage Brocklebank| David Purvis| Julius Chapple| Sherilyn Fenn|</GuestStars>
  <IMDB_ID></IMDB_ID>
  <Language>en</Language>
  <Overview>After living for 8 years in an alternate world that only Tom and Alana remember the world with the 4400 has returned as it was at the second the 8 years started. A 30 year old 4400 woman wakes up and finds everybody else in her local community dead. Maia puts April's love for her to a test.</Overview>
  <ProductionCode>207</ProductionCode>
  <Rating>7.1</Rating>
  <RatingCount>18</RatingCount>
  <SeasonNumber>2</SeasonNumber>
  <Writer>Douglas Petrie</Writer>
  <absolute_number></absolute_number>
  <filename>episodes/73507/116967.jpg</filename>
  <lastupdated>1303382564</lastupdated>
  <seasonid>5898</seasonid>
  <seriesid>73507</seriesid>
</Episode>
<Episode>
  <id>116968</id>
  <Combined_episodenumber>8.0</Combined_episodenumber>
  <Combined_season>2</Combined_season>
  <DVD_chapter></DVD_chapter>
  <DVD_discid>208</DVD_discid>
  <DVD_episodenumber>8.0</DVD_episodenumber>
  <DVD_season>2</DVD_season>
  <Director>Milan Cheylov</Director>
  <EpImgFlag></EpImgFlag>
  <EpisodeName>Rebirth</EpisodeName>
  <EpisodeNumber>9</EpisodeNumber>
  <FirstAired>2005-07-31</FirstAired>
  <GuestStars>|Jodie Graham| Matias  Hacker| Suzette Meyers| Myfanwy Meilen| Lovie Eli| Brandi Alexander| John R. Taylor| Patricia Drake| Beau Starr| Luke Askew| Michael Jonsson| Link Baker| Hill Harper|</GuestStars>
  <IMDB_ID></IMDB_ID>
  <Language>en</Language>
  <Overview>A male 4400 originally from Rwanda repairs bad chromosomes of unborn. Kyle is utterly despaired as he suddenly remembers what he did during his blackout. Rishard attends a co-veteran's funeral. Diana takes s hard family decision.
</Overview>
  <ProductionCode>208</ProductionCode>
  <Rating>7.0</Rating>
  <RatingCount>20</RatingCount>
  <SeasonNumber>2</SeasonNumber>
  <Writer>Lisa Melamed</Writer>
  <absolute_number></absolute_number>
  <filename>episodes/73507/116968.jpg</filename>
  <lastupdated>1303382582</lastupdated>
  <seasonid>5898</seasonid>
  <seriesid>73507</seriesid>
</Episode>
<Episode>
  <id>295410</id>
  <Combined_episodenumber>9.0</Combined_episodenumber>
  <Combined_season>2</Combined_season>
  <DVD_chapter></DVD_chapter>
  <DVD_discid>209</DVD_discid>
  <DVD_episodenumber>9.0</DVD_episodenumber>
  <DVD_season>2</DVD_season>
  <Director>Vincent Misiano</Director>
  <EpImgFlag></EpImgFlag>
  <EpisodeName>Hidden</EpisodeName>
  <EpisodeNumber>10</EpisodeNumber>
  <FirstAired>2005-08-07</FirstAired>
  <GuestStars>|Lindy Booth| Jared Keeso| Simon Hayama| Amy Adamson| Gary Sekhon| Elizabeth Thai| Katia Khatchadourian| Lexa Doig| Teach|</GuestStars>
  <IMDB_ID></IMDB_ID>
  <Language>en</Language>
  <Overview>NTAC is keen to find Jordan Collier's killer as Tom is desperate to find Kyle.</Overview>
  <ProductionCode>209</ProductionCode>
  <Rating>7.2</Rating>
  <RatingCount>18</RatingCount>
  <SeasonNumber>2</SeasonNumber>
  <Writer>Frederick Rappaport</Writer>
  <absolute_number></absolute_number>
  <filename>episodes/73507/295410.jpg</filename>
  <lastupdated>1303382624</lastupdated>
  <seasonid>5898</seasonid>
  <seriesid>73507</seriesid>
</Episode>
<Episode>
  <id>296169</id>
  <Combined_episodenumber>10.0</Combined_episodenumber>
  <Combined_season>2</Combined_season>
  <DVD_chapter></DVD_chapter>
  <DVD_discid>210</DVD_discid>
  <DVD_episodenumber>10.0</DVD_episodenumber>
  <DVD_season>2</DVD_season>
  <Director>Douglas Petrie</Director>
  <EpImgFlag></EpImgFlag>
  <EpisodeName>Lockdown</EpisodeName>
  <EpisodeNumber>11</EpisodeNumber>
  <FirstAired>2005-08-14</FirstAired>
  <GuestStars>|Colleen Winton| Karen Austin| Tyler McClendon| Rob Lee| Arnold  Cheng| Leanne Adachi| Tony Parsons| Hiro Kanagawa| Tom Verica| Roger R. Cross| Sean Devine| Valerie Sing Turner| Mark Gibbon| Cheryl Mullen| Erica Cerra| Daniella Evangelista| Graeme Duffy|</GuestStars>
  <IMDB_ID></IMDB_ID>
  <Language>en</Language>
  <Overview>On John Colliers' birthday NTAC receives threatening e-mails and gets attacked by terror. Kyle is concerned that an innocent will be convicted for killing Collier. Maia gets a mysterious infection and is treated at NTAC. Isabelle has broken off her special communication with her mother and transfers it to her father. At school a girl is very interested in Kyle.</Overview>
  <ProductionCode>210</ProductionCode>
  <Rating>7.3</Rating>
  <RatingCount>20</RatingCount>
  <SeasonNumber>2</SeasonNumber>
  <Writer>Douglas Petrie</Writer>
  <absolute_number></absolute_number>
  <filename>episodes/73507/296169.jpg</filename>
  <lastupdated>1303382662</lastupdated>
  <seasonid>5898</seasonid>
  <seriesid>73507</seriesid>
</Episode>
<Episode>
  <id>296516</id>
  <Combined_episodenumber>11.0</Combined_episodenumber>
  <Combined_season>2</Combined_season>
  <DVD_chapter></DVD_chapter>
  <DVD_discid>211</DVD_discid>
  <DVD_episodenumber>11.0</DVD_episodenumber>
  <DVD_season>2</DVD_season>
  <Director>Scott Peters</Director>
  <EpImgFlag></EpImgFlag>
  <EpisodeName>The Fifth Page (1)</EpisodeName>
  <EpisodeNumber>12</EpisodeNumber>
  <FirstAired>2005-08-21</FirstAired>
  <GuestStars>|Maria  Dimou| J. Douglas Stewart| Christie Wilkes| Ken Jones| Nicolas Von Zill| Peter Benson| Valerie Sing Turner| Keegan Connor Tracy| Tom Verica| Harris Allan| Colleen Winton|</GuestStars>
  <IMDB_ID></IMDB_ID>
  <Language>en</Language>
  <Overview>The authorities led by Dennis Hyland wants to quarantine every 4400, as several of them are sick with the same as Maia. Hunted by bad conscience Kyle somehow contacts Marsden's girlfriend.</Overview>
  <ProductionCode>211</ProductionCode>
  <Rating>7.1</Rating>
  <RatingCount>21</RatingCount>
  <SeasonNumber>2</SeasonNumber>
  <Writer>Ira Steven Behr, Craig Sweeny</Writer>
  <absolute_number></absolute_number>
  <filename>episodes/73507/296516.jpg</filename>
  <lastupdated>1303382844</lastupdated>
  <seasonid>5898</seasonid>
  <seriesid>73507</seriesid>
</Episode>
<Episode>
  <id>296517</id>
  <Combined_episodenumber>12.0</Combined_episodenumber>
  <Combined_season>2</Combined_season>
  <DVD_chapter></DVD_chapter>
  <DVD_discid>212</DVD_discid>
  <DVD_episodenumber>12.0</DVD_episodenumber>
  <DVD_season>2</DVD_season>
  <Director>John Behring</Director>
  <EpImgFlag></EpImgFlag>
  <EpisodeName>Mommy's Bosses (2)</EpisodeName>
  <EpisodeNumber>13</EpisodeNumber>
  <FirstAired>2005-08-28</FirstAired>
  <GuestStars>|Tom Verica| Keegan Connor Tracy| Jonah  Bay| Nancy Sorel| Christie Wilkes| Christie Laing|</GuestStars>
  <IMDB_ID></IMDB_ID>
  <Language>en</Language>
  <Overview>7 of the 4400 have died and Maia gets worse all the time Out of suspicion and despair Diana threatens Dr. Hudson with a gun. Lily has run away with Isabelle and Richard pleads he to come back. Marsdem seems unable to avoid a long prison term which makes Alison contact Kyle.</Overview>
  <ProductionCode>212</ProductionCode>
  <Rating>7.8</Rating>
  <RatingCount>19</RatingCount>
  <SeasonNumber>2</SeasonNumber>
  <Writer>Craig Sweeny, Ira Steven Behr</Writer>
  <absolute_number></absolute_number>
  <filename>episodes/73507/296517.jpg</filename>
  <lastupdated>1303382868</lastupdated>
  <seasonid>5898</seasonid>
  <seriesid>73507</seriesid>
</Episode>
<Episode>
  <id>307892</id>
  <Combined_episodenumber>1.1</Combined_episodenumber>
  <Combined_season>3</Combined_season>
  <DVD_chapter></DVD_chapter>
  <DVD_discid>301</DVD_discid>
  <DVD_episodenumber>1.1</DVD_episodenumber>
  <DVD_season>3</DVD_season>
  <Director>Vincent Misiano</Director>
  <EpImgFlag></EpImgFlag>
  <EpisodeName>The New World (1)</EpisodeName>
  <EpisodeNumber>1</EpisodeNumber>
  <FirstAired>2006-06-11</FirstAired>
  <GuestStars>|Peter Bryant| Matthew Gray| Jocelyn  Loewen| Andrew Kavadas| Ian Tracey| Leanne  Adachi| Fred Henderson| Sharif Atkins| Tippi Hedren|</GuestStars>
  <IMDB_ID></IMDB_ID>
  <Language>en</Language>
  <Overview>Ryland and other government officials are on trial for withholding vital information that they discovered about the returnees when a disturbing sound is heard the courtroom. Tom and Diana, with the help of Gary Navarro, try and track down T.J Kim, who they believe is responsible for the piercing sound heard in the courtroom. Richard and Lily are forced to deal with a now grown Isabelle While Lily also suffers from a rapid aging disease that Shawn is unable to heal. Tom and Diana also investigate a radical organisation called the Nova Group that appears to have ties with Shawn and the 4400 Center.</Overview>
  <ProductionCode>301</ProductionCode>
  <Rating>7.4</Rating>
  <RatingCount>18</RatingCount>
  <SeasonNumber>3</SeasonNumber>
  <Writer>Ira Steven Behr, Frederick Rappaport</Writer>
  <absolute_number></absolute_number>
  <filename>episodes/73507/307892.jpg</filename>
  <lastupdated>1303382924</lastupdated>
  <seasonid>16333</seasonid>
  <seriesid>73507</seriesid>
</Episode>
<Episode>
  <id>307893</id>
  <Combined_episodenumber>1.2</Combined_episodenumber>
  <Combined_season>3</Combined_season>
  <DVD_chapter></DVD_chapter>
  <DVD_discid>302</DVD_discid>
  <DVD_episodenumber>1.2</DVD_episodenumber>
  <DVD_season>3</DVD_season>
  <Director>Vincent Misiano</Director>
  <EpImgFlag></EpImgFlag>
  <EpisodeName>The New World (2)</EpisodeName>
  <EpisodeNumber>2</EpisodeNumber>
  <FirstAired>2006-06-11</FirstAired>
  <GuestStars>|Peter Coyote| Tippi Hedren| Sharif Atkins| Jeffrey Combs|</GuestStars>
  <IMDB_ID></IMDB_ID>
  <Language>en</Language>
  <Overview>Gary Navarro is arrested for the second attempt to assassinate Dennis Ryland.  Knowing she is the key to her mother's survival, Isabelle attempts to kill herself by jumping off the 4400 center building only to survive without a scratch. Matthew Ross expresses his displeasure at her actions and tells her of the destiny she is to face.  Isabelle is troubled about what Matthew told her, but after a discussion with Shawn she decides it's her choice with what she does with her life. Matthew  gives Isabelle a substance that can kill her if it's injected.</Overview>
  <ProductionCode>301.2</ProductionCode>
  <Rating>6.8</Rating>
  <RatingCount>8</RatingCount>
  <SeasonNumber>3</SeasonNumber>
  <Writer>Ira Steven Behr, Frederick Rappaport</Writer>
  <absolute_number></absolute_number>
  <filename>episodes/73507/307893.jpg</filename>
  <lastupdated>1303383424</lastupdated>
  <seasonid>16333</seasonid>
  <seriesid>73507</seriesid>
</Episode>
<Episode>
  <id>307894</id>
  <Combined_episodenumber>2.0</Combined_episodenumber>
  <Combined_season>3</Combined_season>
  <DVD_chapter></DVD_chapter>
  <DVD_discid>303</DVD_discid>
  <DVD_episodenumber>2.0</DVD_episodenumber>
  <DVD_season>3</DVD_season>
  <Director>Colin  Bucksey</Director>
  <EpImgFlag></EpImgFlag>
  <EpisodeName>Being Tom Baldwin</EpisodeName>
  <EpisodeNumber>3</EpisodeNumber>
  <FirstAired>2006-06-18</FirstAired>
  <GuestStars>|Leanne  Adachi| Barbara Tyson| Mike Power| Sean Marquette| Cameron McDonald|</GuestStars>
  <IMDB_ID></IMDB_ID>
  <Language>en</Language>
  <Overview>Tom is accused of murdering TJ Kim. 17 year old Boyd Gelder has the ability to change his appearance whenever he chooses. Meanwhile, Shawn and Isabelle grow closer.</Overview>
  <ProductionCode>302</ProductionCode>
  <Rating>7.4</Rating>
  <RatingCount>19</RatingCount>
  <SeasonNumber>3</SeasonNumber>
  <Writer>Shintaro  Shimosawa, James Morris</Writer>
  <absolute_number></absolute_number>
  <filename>episodes/73507/307894.jpg</filename>
  <lastupdated>1303383042</lastupdated>
  <seasonid>16333</seasonid>
  <seriesid>73507</seriesid>
</Episode>
<Episode>
  <id>307895</id>
  <Combined_episodenumber>3.0</Combined_episodenumber>
  <Combined_season>3</Combined_season>
  <DVD_chapter></DVD_chapter>
  <DVD_discid>304</DVD_discid>
  <DVD_episodenumber>3.0</DVD_episodenumber>
  <DVD_season>3</DVD_season>
  <Director>Morgan Beggs</Director>
  <EpImgFlag></EpImgFlag>
  <EpisodeName>Gone (1)</EpisodeName>
  <EpisodeNumber>4</EpisodeNumber>
  <FirstAired>2006-06-25</FirstAired>
  <GuestStars>|Alice Krige| Kathryn Gordon| Sophie Barnett| Cainan Wiebe| Alexia Fast| Matthew Gray| Julia Tortolano|</GuestStars>
  <IMDB_ID></IMDB_ID>
  <Language>en</Language>
  <Overview>Someone is targeting young 4400's and Maia gets kidnapped. A mistake from Shawn's past comes back to haunt him. Richard is given a position of authority at the 4400 Center.</Overview>
  <ProductionCode>303</ProductionCode>
  <Rating>7.5</Rating>
  <RatingCount>20</RatingCount>
  <SeasonNumber>3</SeasonNumber>
  <Writer>Bruce Miller</Writer>
  <absolute_number></absolute_number>
  <filename>episodes/73507/307895.jpg</filename>
  <lastupdated>1303383091</lastupdated>
  <seasonid>16333</seasonid>
  <seriesid>73507</seriesid>
</Episode>
<Episode>
  <id>308688</id>
  <Combined_episodenumber>4.0</Combined_episodenumber>
  <Combined_season>3</Combined_season>
  <DVD_chapter></DVD_chapter>
  <DVD_discid>305</DVD_discid>
  <DVD_episodenumber>4.0</DVD_episodenumber>
  <DVD_season>3</DVD_season>
  <Director>Scott Peters</Director>
  <EpImgFlag></EpImgFlag>
  <EpisodeName>Gone (2)</EpisodeName>
  <EpisodeNumber>5</EpisodeNumber>
  <FirstAired>2006-07-02</FirstAired>
  <GuestStars>|Sophie Barnett| Cainan Wiebe| Alexia Fast| Matthew Gray| Julian Christopher| Kevin McNulty| Alice Krige| Ian Tracey| Jonathan Holmes|</GuestStars>
  <IMDB_ID></IMDB_ID>
  <Language>en</Language>
  <Overview>Tom and Diana continue to investigate the disappearance of the 4400 children. Isabelle and Shawn's relationship becomes public.</Overview>
  <ProductionCode>304</ProductionCode>
  <Rating>7.3</Rating>
  <RatingCount>22</RatingCount>
  <SeasonNumber>3</SeasonNumber>
  <Writer>Darcy Meyers</Writer>
  <absolute_number></absolute_number>
  <filename>episodes/73507/308688.jpg</filename>
  <lastupdated>1303383116</lastupdated>
  <seasonid>16333</seasonid>
  <seriesid>73507</seriesid>
</Episode>
<Episode>
  <id>308689</id>
  <Combined_episodenumber>5.0</Combined_episodenumber>
  <Combined_season>3</Combined_season>
  <DVD_chapter></DVD_chapter>
  <DVD_discid>306</DVD_discid>
  <DVD_episodenumber>5.0</DVD_episodenumber>
  <DVD_season>3</DVD_season>
  <Director>Aaron Lipstadt</Director>
  <EpImgFlag></EpImgFlag>
  <EpisodeName>Graduation Day</EpisodeName>
  <EpisodeNumber>6</EpisodeNumber>
  <FirstAired>2006-07-09</FirstAired>
  <GuestStars>|Kurt Fuller| Erica Carroll| Emilio Salituro| Deni De Lory| Danny Dorosh| Ulla Friis| Julia Tortolano| Rob LaBelle| Ian Tracey| Carter Jenkins|</GuestStars>
  <IMDB_ID></IMDB_ID>
  <Language>en</Language>
  <Overview>Isabelle seeks revenge on the Nova Group after they attack Shawn. Alana confronts the man responsible for killing her husband and son in a car accident nine years ago.</Overview>
  <ProductionCode>305</ProductionCode>
  <Rating>7.1</Rating>
  <RatingCount>22</RatingCount>
  <SeasonNumber>3</SeasonNumber>
  <Writer>Craig Sweeny</Writer>
  <absolute_number></absolute_number>
  <filename>episodes/73507/308689.jpg</filename>
  <lastupdated>1303383158</lastupdated>
  <seasonid>16333</seasonid>
  <seriesid>73507</seriesid>
</Episode>
<Episode>
  <id>308690</id>
  <Combined_episodenumber>6.0</Combined_episodenumber>
  <Combined_season>3</Combined_season>
  <DVD_chapter></DVD_chapter>
  <DVD_discid>307</DVD_discid>
  <DVD_episodenumber>6.0</DVD_episodenumber>
  <DVD_season>3</DVD_season>
  <Director>Nick Copus</Director>
  <EpImgFlag></EpImgFlag>
  <EpisodeName>The Home Front</EpisodeName>
  <EpisodeNumber>7</EpisodeNumber>
  <FirstAired>2006-07-16</FirstAired>
  <GuestStars>|Julia Tortolano| Hilary Strang| Sharif Atkins| Brooke Nevin| Aaron Craven| Lloyd Adams| David Mackay| Kathryn Gordon|</GuestStars>
  <IMDB_ID></IMDB_ID>
  <Language>en</Language>
  <Overview>With the help of Dennis Ryland, NTAC track down the remining members of the NOVA group. Nikki pays Shawn a visit.</Overview>
  <ProductionCode>306</ProductionCode>
  <Rating>7.2</Rating>
  <RatingCount>20</RatingCount>
  <SeasonNumber>3</SeasonNumber>
  <Writer>Ira Steven Behr, Craig Sweeny</Writer>
  <absolute_number></absolute_number>
  <filename>episodes/73507/308690.jpg</filename>
  <lastupdated>1303383203</lastupdated>
  <seasonid>16333</seasonid>
  <seriesid>73507</seriesid>
</Episode>
<Episode>
  <id>308691</id>
  <Combined_episodenumber>7.0</Combined_episodenumber>
  <Combined_season>3</Combined_season>
  <DVD_chapter></DVD_chapter>
  <DVD_discid>308</DVD_discid>
  <DVD_episodenumber>7.0</DVD_episodenumber>
  <DVD_season>3</DVD_season>
  <Director>Colin Bucksey</Director>
  <EpImgFlag></EpImgFlag>
  <EpisodeName>Blink</EpisodeName>
  <EpisodeNumber>8</EpisodeNumber>
  <FirstAired>2006-07-23</FirstAired>
  <GuestStars>|Matt Anderson| Reynaldo Rosales| Paul Belsito| Adam Battrick| Mercedes De La Zerda| Nancy Sivak| Christopher Kennedy| Brian Dennehy| John Prowse| Aili Storen| Richard Kahan| Chilton Crane| Linda Darlow|</GuestStars>
  <IMDB_ID></IMDB_ID>
  <Language>en</Language>
  <Overview>Tom and Diana are drugged with a hallucinogen, that was created from oil that was secreted from the hands of a 4400.</Overview>
  <ProductionCode>307</ProductionCode>
  <Rating>7.4</Rating>
  <RatingCount>18</RatingCount>
  <SeasonNumber>3</SeasonNumber>
  <Writer>Andrew Colville| Amy Berg</Writer>
  <absolute_number></absolute_number>
  <filename>episodes/73507/308691.jpg</filename>
  <lastupdated>1303383224</lastupdated>
  <seasonid>16333</seasonid>
  <seriesid>73507</seriesid>
</Episode>
<Episode>
  <id>308692</id>
  <Combined_episodenumber>8.0</Combined_episodenumber>
  <Combined_season>3</Combined_season>
  <DVD_chapter></DVD_chapter>
  <DVD_discid>309</DVD_discid>
  <DVD_episodenumber>8.0</DVD_episodenumber>
  <DVD_season>3</DVD_season>
  <Director>Scott Peters</Director>
  <EpImgFlag>2</EpImgFlag>
  <EpisodeName>The Ballad of Kevin and Tess</EpisodeName>
  <EpisodeNumber>9</EpisodeNumber>
  <FirstAired>2006-07-30</FirstAired>
  <GuestStars>|Erin Borgfjord| David Milchard| Conrad Burek| Grace Sherman| Brandy Heidrick| Danielle Kremeniuk| Nancy Sivak| Michael Kopsa| Richard Kahan| Neil Hopkins| Kathryn Gordon|</GuestStars>
  <IMDB_ID></IMDB_ID>
  <Language>en</Language>
  <Overview>Kevin Burkoff  becomes a marked man when his research on promicin is discovered. When Tom and Diana search for him, they discover how far he will go to protect his work. Shawn meets his idol at the 4400 Center.</Overview>
  <ProductionCode>308</ProductionCode>
  <Rating>7.3</Rating>
  <RatingCount>20</RatingCount>
  <SeasonNumber>3</SeasonNumber>
  <Writer>Ira Steven Behr| Craig Sweeny</Writer>
  <absolute_number></absolute_number>
  <filename>episodes/73507/308692.jpg</filename>
  <lastupdated>1303383250</lastupdated>
  <seasonid>16333</seasonid>
  <seriesid>73507</seriesid>
</Episode>
<Episode>
  <id>308693</id>
  <Combined_episodenumber>9.0</Combined_episodenumber>
  <Combined_season>3</Combined_season>
  <DVD_chapter></DVD_chapter>
  <DVD_discid>310</DVD_discid>
  <DVD_episodenumber>9.0</DVD_episodenumber>
  <DVD_season>3</DVD_season>
  <Director>Allison Liddi</Director>
  <EpImgFlag>2</EpImgFlag>
  <EpisodeName>The Starzl Mutation</EpisodeName>
  <EpisodeNumber>10</EpisodeNumber>
  <FirstAired>2006-08-06</FirstAired>
  <GuestStars>|Chilton Crane| Yee Jee Tso| Philip Lyall| Brian George| Yurij Kis| Malcolm Scott| Gardiner Miller| Daniel Arnold| Darcy Cadman| Donna Yamamoto| Randal Edwards| Jamie Martz| J. August Richards| Kaj-Erik Eriksen| Ken Camroux| Nancy Sivak| Bill Campbell| Ka</GuestStars>
  <IMDB_ID></IMDB_ID>
  <Language>en</Language>
  <Overview>Tom and Diana's investigation into a series of gruesome murders leads them to uncover another conspiracy within the government. At the 4400 Center, Shawn receives a gift from another returnee that allows him to see his future.</Overview>
  <ProductionCode>309</ProductionCode>
  <Rating>7.3</Rating>
  <RatingCount>19</RatingCount>
  <SeasonNumber>3</SeasonNumber>
  <Writer>Amy Berg| Craig Sweeny</Writer>
  <absolute_number></absolute_number>
  <filename>episodes/73507/308693.jpg</filename>
  <lastupdated>1303383293</lastupdated>
  <seasonid>16333</seasonid>
  <seriesid>73507</seriesid>
</Episode>
<Episode>
  <id>308694</id>
  <Combined_episodenumber>10.0</Combined_episodenumber>
  <Combined_season>3</Combined_season>
  <DVD_chapter></DVD_chapter>
  <DVD_discid>311</DVD_discid>
  <DVD_episodenumber>10.0</DVD_episodenumber>
  <DVD_season>3</DVD_season>
  <Director>Frederick E.O Toye</Director>
  <EpImgFlag>2</EpImgFlag>
  <EpisodeName>The Gospel According to Collier</EpisodeName>
  <EpisodeNumber>11</EpisodeNumber>
  <FirstAired>2006-08-13</FirstAired>
  <GuestStars>|Bill Campbell| Chilton Crane| Chad Faust| Jody Thompson| Natasha Gregson Wagner| Brennan Elliott| Tom McBeath| Jill Morrison| Judith Maxie| Kavan Smith|</GuestStars>
  <IMDB_ID></IMDB_ID>
  <Language>en</Language>
  <Overview>NTAC and the 4400 Center work together to find Jordan Collier. Kyle Baldwin gets a surprising visitor at the state prison.</Overview>
  <ProductionCode>310</ProductionCode>
  <Rating>7.3</Rating>
  <RatingCount>19</RatingCount>
  <SeasonNumber>3</SeasonNumber>
  <Writer>Ira Steven Behr, Craig Sweeny</Writer>
  <absolute_number></absolute_number>
  <filename>episodes/73507/308694.jpg</filename>
  <lastupdated>1303383344</lastupdated>
  <seasonid>16333</seasonid>
  <seriesid>73507</seriesid>
</Episode>
<Episode>
  <id>308695</id>
  <Combined_episodenumber>11.0</Combined_episodenumber>
  <Combined_season>3</Combined_season>
  <DVD_chapter></DVD_chapter>
  <DVD_discid>312</DVD_discid>
  <DVD_episodenumber>11.0</DVD_episodenumber>
  <DVD_season>3</DVD_season>
  <Director>Scott Peters</Director>
  <EpImgFlag>2</EpImgFlag>
  <EpisodeName>Terrible Swift Sword</EpisodeName>
  <EpisodeNumber>12</EpisodeNumber>
  <FirstAired>2006-08-20</FirstAired>
  <GuestStars>|Jody Thompson| Bill Campbell| Sean Marquette| Natasha Gregson Wagner| Brennan Elliott| Kavan Smith| Chad Faust| Tanya   Hubbard| Cameron Park| Sean Pratt| Mark Brandon| Patricia Nudd| Chris Davis| Stephen Powell| Michael Daingerfield| Michael Bean|</GuestStars>
  <IMDB_ID></IMDB_ID>
  <Language>en</Language>
  <Overview>NOVA group members that were in the custody of NTAC escape from jail with outside help from Jordan Collier. Diana tells April about her relationship with Ben. Shawn and Richard learn that Isabelle is working with Dennis Ryland.</Overview>
  <ProductionCode>311</ProductionCode>
  <Rating>7.6</Rating>
  <RatingCount>18</RatingCount>
  <SeasonNumber>3</SeasonNumber>
  <Writer>Bruce Miller, Ira Steven Behr</Writer>
  <absolute_number></absolute_number>
  <filename>episodes/73507/308695.jpg</filename>
  <lastupdated>1303383386</lastupdated>
  <seasonid>16333</seasonid>
  <seriesid>73507</seriesid>
</Episode>
<Episode>
  <id>311878</id>
  <Combined_episodenumber>12.0</Combined_episodenumber>
  <Combined_season>3</Combined_season>
  <DVD_chapter></DVD_chapter>
  <DVD_discid>313</DVD_discid>
  <DVD_episodenumber>12.0</DVD_episodenumber>
  <DVD_season>3</DVD_season>
  <Director>Nick Copus</Director>
  <EpImgFlag>2</EpImgFlag>
  <EpisodeName>Fifty-Fifty</EpisodeName>
  <EpisodeNumber>13</EpisodeNumber>
  <FirstAired>2006-08-27</FirstAired>
  <GuestStars>|Sean Marquette| Brennan Elliott| Natasha Gregson Wagner| Peter Coyote| Kavan Smith| Richard Kahan| Bill Campbell| Jody Thompson| Chad Faust|</GuestStars>
  <IMDB_ID></IMDB_ID>
  <Language>en</Language>
  <Overview>Tom and Diana continue their investigation on Jordan Collier's plan for mankind. Dennis Ryland rejoins NTAC. Isabelle prepares for battle.</Overview>
  <ProductionCode>312</ProductionCode>
  <Rating>7.7</Rating>
  <RatingCount>19</RatingCount>
  <SeasonNumber>3</SeasonNumber>
  <Writer>Ira Steven Behr, Craig Sweeny</Writer>
  <absolute_number></absolute_number>
  <filename>episodes/73507/311878.jpg</filename>
  <lastupdated>1303383404</lastupdated>
  <seasonid>16333</seasonid>
  <seriesid>73507</seriesid>
</Episode>
<Episode>
  <id>329367</id>
  <Combined_episodenumber>1.0</Combined_episodenumber>
  <Combined_season>4</Combined_season>
  <DVD_chapter></DVD_chapter>
  <DVD_discid></DVD_discid>
  <DVD_episodenumber>1.0</DVD_episodenumber>
  <DVD_season>4</DVD_season>
  <Director>Ernest R. Dickerson</Director>
  <EpImgFlag>1</EpImgFlag>
  <EpisodeName>The Wrath of Graham</EpisodeName>
  <EpisodeNumber>1</EpisodeNumber>
  <FirstAired>2007-06-17</FirstAired>
  <GuestStars></GuestStars>
  <IMDB_ID></IMDB_ID>
  <Language>en</Language>
  <Overview>A high school student develops an ability after injecting promicin. Tom visits Isabelle in jail, while Diana searches for her missing sister. 

Following the advice of a young woman, named Cassie, Kyle is able to wake Shawn from his coma. Jordan Collier's conscience gets to him. Meanwhile, NTAC gets a new director.</Overview>
  <ProductionCode></ProductionCode>
  <Rating>7.5</Rating>
  <RatingCount>15</RatingCount>
  <SeasonNumber>4</SeasonNumber>
  <Writer>Scott Peters and René Echevarria</Writer>
  <absolute_number></absolute_number>
  <filename>episodes/73507/329367.jpg</filename>
  <lastupdated>1297113715</lastupdated>
  <seasonid>27557</seasonid>
  <seriesid>73507</seriesid>
</Episode>
<Episode>
  <id>329368</id>
  <Combined_episodenumber>2.0</Combined_episodenumber>
  <Combined_season>4</Combined_season>
  <DVD_chapter></DVD_chapter>
  <DVD_discid></DVD_discid>
  <DVD_episodenumber>2.0</DVD_episodenumber>
  <DVD_season>4</DVD_season>
  <Director>Nick Copus</Director>
  <EpImgFlag>1</EpImgFlag>
  <EpisodeName>Fear Itself</EpisodeName>
  <EpisodeNumber>2</EpisodeNumber>
  <FirstAired>2007-06-24</FirstAired>
  <GuestStars></GuestStars>
  <IMDB_ID></IMDB_ID>
  <Language>en</Language>
  <Overview>Tom and Diana search for someone who has the ability to make people's worst fears come true. 

Danny seeks Shawn's help to find a promicin shot. Meanwhile, Cassie leads Kyle to a book that contains a prophecy about Jordan Collier.</Overview>
  <ProductionCode></ProductionCode>
  <Rating>7.3</Rating>
  <RatingCount>12</RatingCount>
  <SeasonNumber>4</SeasonNumber>
  <Writer>Amy Berg</Writer>
  <absolute_number></absolute_number>
  <filename>episodes/73507/329368.jpg</filename>
  <lastupdated>1297113912</lastupdated>
  <seasonid>27557</seasonid>
  <seriesid>73507</seriesid>
</Episode>
<Episode>
  <id>329369</id>
  <Combined_episodenumber>3.0</Combined_episodenumber>
  <Combined_season>4</Combined_season>
  <DVD_chapter></DVD_chapter>
  <DVD_discid></DVD_discid>
  <DVD_episodenumber>3.0</DVD_episodenumber>
  <DVD_season>4</DVD_season>
  <Director>Colin Bucksey</Director>
  <EpImgFlag>3</EpImgFlag>
  <EpisodeName>Audrey Parker's Come and Gone</EpisodeName>
  <EpisodeNumber>3</EpisodeNumber>
  <FirstAired>2007-07-01</FirstAired>
  <GuestStars></GuestStars>
  <IMDB_ID></IMDB_ID>
  <Language>en</Language>
  <Overview>An elderly woman develops the ability to astral project unseen by others, but she is stuck in limbo when her body is murdered, and she must find a way to contact Tom and Diana to help catch her killer. 

Elsewhere, Shawn decides to start healing people again despite threats.</Overview>
  <ProductionCode></ProductionCode>
  <Rating>7.5</Rating>
  <RatingCount>14</RatingCount>
  <SeasonNumber>4</SeasonNumber>
  <Writer>Nick Wauters</Writer>
  <absolute_number></absolute_number>
  <filename>episodes/73507/329369.jpg</filename>
  <lastupdated>1297114172</lastupdated>
  <seasonid>27557</seasonid>
  <seriesid>73507</seriesid>
</Episode>
<Episode>
  <id>329370</id>
  <Combined_episodenumber>4.0</Combined_episodenumber>
  <Combined_season>4</Combined_season>
  <DVD_chapter></DVD_chapter>
  <DVD_discid></DVD_discid>
  <DVD_episodenumber>4.0</DVD_episodenumber>
  <DVD_season>4</DVD_season>
  <Director>Scott Peters</Director>
  <EpImgFlag>3</EpImgFlag>
  <EpisodeName>The Truth &amp; Nothing But The Truth</EpisodeName>
  <EpisodeNumber>4</EpisodeNumber>
  <FirstAired>2007-07-08</FirstAired>
  <GuestStars></GuestStars>
  <IMDB_ID></IMDB_ID>
  <Language>en</Language>
  <Overview>April's new ability takes her in a danger. Meanwhile, Shawn is approached to run for public office. Kyle helps Isabelle.</Overview>
  <ProductionCode></ProductionCode>
  <Rating>7.5</Rating>
  <RatingCount>17</RatingCount>
  <SeasonNumber>4</SeasonNumber>
  <Writer>Mark Kruger</Writer>
  <absolute_number></absolute_number>
  <filename>episodes/73507/329370.jpg</filename>
  <lastupdated>1297114409</lastupdated>
  <seasonid>27557</seasonid>
  <seriesid>73507</seriesid>
</Episode>
<Episode>
  <id>329371</id>
  <Combined_episodenumber>5.0</Combined_episodenumber>
  <Combined_season>4</Combined_season>
  <DVD_chapter></DVD_chapter>
  <DVD_discid></DVD_discid>
  <DVD_episodenumber>5.0</DVD_episodenumber>
  <DVD_season>4</DVD_season>
  <Director>Craig Ross Jr.</Director>
  <EpImgFlag>3</EpImgFlag>
  <EpisodeName>Try The Pie</EpisodeName>
  <EpisodeNumber>5</EpisodeNumber>
  <FirstAired>2007-07-15</FirstAired>
  <GuestStars></GuestStars>
  <IMDB_ID></IMDB_ID>
  <Language>en</Language>
  <Overview>Tom tracks Jordan to a small town, where he meets a woman who can relieve people's stress by talking to them. Meanwhile, Marco and Diana have a nice talk. Maia's visions are giving her nightmares.</Overview>
  <ProductionCode></ProductionCode>
  <Rating>7.5</Rating>
  <RatingCount>16</RatingCount>
  <SeasonNumber>4</SeasonNumber>
  <Writer>Michael Narducci</Writer>
  <absolute_number></absolute_number>
  <filename>episodes/73507/329371.jpg</filename>
  <lastupdated>1297114574</lastupdated>
  <seasonid>27557</seasonid>
  <seriesid>73507</seriesid>
</Episode>
<Episode>
  <id>329372</id>
  <Combined_episodenumber>6.0</Combined_episodenumber>
  <Combined_season>4</Combined_season>
  <DVD_chapter></DVD_chapter>
  <DVD_discid></DVD_discid>
  <DVD_episodenumber>6.0</DVD_episodenumber>
  <DVD_season>4</DVD_season>
  <Director>Leslie Libman</Director>
  <EpImgFlag>3</EpImgFlag>
  <EpisodeName>The Marked</EpisodeName>
  <EpisodeNumber>6</EpisodeNumber>
  <FirstAired>2007-07-22</FirstAired>
  <GuestStars></GuestStars>
  <IMDB_ID>tt1049218</IMDB_ID>
  <Language>en</Language>
  <Overview>Jordan wants Shawn to rejoin the movement. Meanwhile, a 4400 with an amazing ability disappears.</Overview>
  <ProductionCode></ProductionCode>
  <Rating>7.5</Rating>
  <RatingCount>13</RatingCount>
  <SeasonNumber>4</SeasonNumber>
  <Writer>Craig Sweeny</Writer>
  <absolute_number></absolute_number>
  <filename>episodes/73507/329372.jpg</filename>
  <lastupdated>1303349736</lastupdated>
  <seasonid>27557</seasonid>
  <seriesid>73507</seriesid>
</Episode>
<Episode>
  <id>329373</id>
  <Combined_episodenumber>7.0</Combined_episodenumber>
  <Combined_season>4</Combined_season>
  <DVD_chapter></DVD_chapter>
  <DVD_discid></DVD_discid>
  <DVD_episodenumber>7.0</DVD_episodenumber>
  <DVD_season>4</DVD_season>
  <Director>Scott Peters</Director>
  <EpImgFlag>3</EpImgFlag>
  <EpisodeName>Till We Have Built Jerusalem</EpisodeName>
  <EpisodeNumber>7</EpisodeNumber>
  <FirstAired>2007-07-29</FirstAired>
  <GuestStars></GuestStars>
  <IMDB_ID>tt1049220</IMDB_ID>
  <Language>en</Language>
  <Overview>When Jordan Collier and his followers seize control of most of Seattle, the government sends a Delta Force of enhanced soldiers to capture Collier dead or alive.</Overview>
  <ProductionCode></ProductionCode>
  <Rating>7.4</Rating>
  <RatingCount>16</RatingCount>
  <SeasonNumber>4</SeasonNumber>
  <Writer>Robert Hewitt Wolfe</Writer>
  <absolute_number></absolute_number>
  <filename>episodes/73507/329373.jpg</filename>
  <lastupdated>1303349776</lastupdated>
  <seasonid>27557</seasonid>
  <seriesid>73507</seriesid>
</Episode>
<Episode>
  <id>329374</id>
  <Combined_episodenumber>8.0</Combined_episodenumber>
  <Combined_season>4</Combined_season>
  <DVD_chapter></DVD_chapter>
  <DVD_discid></DVD_discid>
  <DVD_episodenumber>8.0</DVD_episodenumber>
  <DVD_season>4</DVD_season>
  <Director>Tony Westman</Director>
  <EpImgFlag>3</EpImgFlag>
  <EpisodeName>No Exit</EpisodeName>
  <EpisodeNumber>8</EpisodeNumber>
  <FirstAired>2007-08-05</FirstAired>
  <GuestStars></GuestStars>
  <IMDB_ID></IMDB_ID>
  <Language>en</Language>
  <Overview>P.J. took the Promicin shot 2 months ago. Now he has an ability...</Overview>
  <ProductionCode></ProductionCode>
  <Rating>7.2</Rating>
  <RatingCount>16</RatingCount>
  <SeasonNumber>4</SeasonNumber>
  <Writer>Adam Levy</Writer>
  <absolute_number></absolute_number>
  <filename>episodes/73507/329374.jpg</filename>
  <lastupdated>1297114902</lastupdated>
  <seasonid>27557</seasonid>
  <seriesid>73507</seriesid>
</Episode>
<Episode>
  <id>329375</id>
  <Combined_episodenumber>9.0</Combined_episodenumber>
  <Combined_season>4</Combined_season>
  <DVD_chapter></DVD_chapter>
  <DVD_discid></DVD_discid>
  <DVD_episodenumber>9.0</DVD_episodenumber>
  <DVD_season>4</DVD_season>
  <Director>Nick Copus</Director>
  <EpImgFlag></EpImgFlag>
  <EpisodeName>Daddy's Little Girl</EpisodeName>
  <EpisodeNumber>9</EpisodeNumber>
  <FirstAired>2007-08-12</FirstAired>
  <GuestStars></GuestStars>
  <IMDB_ID></IMDB_ID>
  <Language>en</Language>
  <Overview>Richard returns from hiding to abduct Isabelle from Promise City, hoping to &quot;start over.&quot;  

Meanwhile, Tess, her schizophrenia out of control, uses her ability to take control of a diner full of people.</Overview>
  <ProductionCode></ProductionCode>
  <Rating>7.4</Rating>
  <RatingCount>18</RatingCount>
  <SeasonNumber>4</SeasonNumber>
  <Writer>Ira Steven Behr, Amy E. Berg</Writer>
  <absolute_number></absolute_number>
  <filename>episodes/73507/329375.jpg</filename>
  <lastupdated>1297115131</lastupdated>
  <seasonid>27557</seasonid>
  <seriesid>73507</seriesid>
</Episode>
<Episode>
  <id>330164</id>
  <Combined_episodenumber>10.0</Combined_episodenumber>
  <Combined_season>4</Combined_season>
  <DVD_chapter></DVD_chapter>
  <DVD_discid></DVD_discid>
  <DVD_episodenumber>10.0</DVD_episodenumber>
  <DVD_season>4</DVD_season>
  <Director>Scott Peters</Director>
  <EpImgFlag>3</EpImgFlag>
  <EpisodeName>One of Us</EpisodeName>
  <EpisodeNumber>10</EpisodeNumber>
  <FirstAired>2007-08-19</FirstAired>
  <GuestStars></GuestStars>
  <IMDB_ID></IMDB_ID>
  <Language>en</Language>
  <Overview>Tom and Diana look for Richard, but Tom is distracted by his dreams about the future. 

Meanwhile, Collier is threatened by Shawn's test that could determine who would die from a Promicin shot.</Overview>
  <ProductionCode></ProductionCode>
  <Rating>7.1</Rating>
  <RatingCount>14</RatingCount>
  <SeasonNumber>4</SeasonNumber>
  <Writer>Craig Sweeny, Michael Narducci</Writer>
  <absolute_number></absolute_number>
  <filename>episodes/73507/330164.jpg</filename>
  <lastupdated>1297115282</lastupdated>
  <seasonid>27557</seasonid>
  <seriesid>73507</seriesid>
</Episode>
<Episode>
  <id>334443</id>
  <Combined_episodenumber>11.0</Combined_episodenumber>
  <Combined_season>4</Combined_season>
  <DVD_chapter></DVD_chapter>
  <DVD_discid></DVD_discid>
  <DVD_episodenumber>11.0</DVD_episodenumber>
  <DVD_season>4</DVD_season>
  <Director>Morgan Beggs</Director>
  <EpImgFlag>3</EpImgFlag>
  <EpisodeName>Ghost in the Machine</EpisodeName>
  <EpisodeNumber>11</EpisodeNumber>
  <FirstAired>2007-08-26</FirstAired>
  <GuestStars></GuestStars>
  <IMDB_ID>tt1085595</IMDB_ID>
  <Language>en</Language>
  <Overview>Tom and Diana must race to find the source of a computer virus that could bring down Ubient software, one of the world's largest software companies that is run by suspected member of the marked, Drew Imroth. Meanwhile, Maia visits Promise City where she receives an unexpected birthday surprise: a visit from her birth parents.</Overview>
  <ProductionCode></ProductionCode>
  <Rating>7.4</Rating>
  <RatingCount>16</RatingCount>
  <SeasonNumber>4</SeasonNumber>
  <Writer>Frederick Rappaport</Writer>
  <absolute_number></absolute_number>
  <filename>episodes/73507/334443.jpg</filename>
  <lastupdated>1303349929</lastupdated>
  <seasonid>27557</seasonid>
  <seriesid>73507</seriesid>
</Episode>
<Episode>
  <id>335190</id>
  <Combined_episodenumber>12.0</Combined_episodenumber>
  <Combined_season>4</Combined_season>
  <DVD_chapter></DVD_chapter>
  <DVD_discid></DVD_discid>
  <DVD_episodenumber>12.0</DVD_episodenumber>
  <DVD_season>4</DVD_season>
  <Director>Allison Liddi-brown</Director>
  <EpImgFlag>3</EpImgFlag>
  <EpisodeName>Tiny Machines</EpisodeName>
  <EpisodeNumber>12</EpisodeNumber>
  <FirstAired>2007-09-09</FirstAired>
  <GuestStars></GuestStars>
  <IMDB_ID>tt1085597</IMDB_ID>
  <Language>en</Language>
  <Overview>Meghan and Diana learn how to remove the entity from Tom, but the procedure is dangerous. 

Meanwhile, Shawn finds help in his attempt to rescue Kevin from Promise City; and Jordan is betrayed by someone close.</Overview>
  <ProductionCode></ProductionCode>
  <Rating>7.2</Rating>
  <RatingCount>14</RatingCount>
  <SeasonNumber>4</SeasonNumber>
  <Writer>Ira Steven Behr, Craig Sweeny</Writer>
  <absolute_number></absolute_number>
  <filename>episodes/73507/335190.jpg</filename>
  <lastupdated>1303350037</lastupdated>
  <seasonid>27557</seasonid>
  <seriesid>73507</seriesid>
</Episode>
<Episode>
  <id>335652</id>
  <Combined_episodenumber>13.0</Combined_episodenumber>
  <Combined_season>4</Combined_season>
  <DVD_chapter></DVD_chapter>
  <DVD_discid></DVD_discid>
  <DVD_episodenumber>13.0</DVD_episodenumber>
  <DVD_season>4</DVD_season>
  <Director>Scott Peters</Director>
  <EpImgFlag>3</EpImgFlag>
  <EpisodeName>The Great Leap Forward</EpisodeName>
  <EpisodeNumber>13</EpisodeNumber>
  <FirstAired>2007-09-16</FirstAired>
  <GuestStars></GuestStars>
  <IMDB_ID>tt1085596</IMDB_ID>
  <Language>en</Language>
  <Overview>Paramedics try to resuscitate Susan Farrell. They believe that she took promicin and lost the 50/50 lotto that comes with it. Danny is certain that she did not take the shot. After arriving at the hospital with the paramedics, things get complicated as everyone around Danny start to die. Garrity and another NTAC agent are sent to the hospital to assess the situation.</Overview>
  <ProductionCode></ProductionCode>
  <Rating>7.6</Rating>
  <RatingCount>15</RatingCount>
  <SeasonNumber>4</SeasonNumber>
  <Writer>Ira Steven Behr, Craig Sweeny</Writer>
  <absolute_number></absolute_number>
  <filename>episodes/73507/335652.jpg</filename>
  <lastupdated>1303350187</lastupdated>
  <seasonid>27557</seasonid>
  <seriesid>73507</seriesid>
</Episode>
</Data>