<?xml version="1.0" encoding="UTF-8" ?>
<Banners>
<Banner>
  <id>917048</id>
  <BannerPath>fanart/original/210841-18.jpg</BannerPath>
  <BannerType>fanart</BannerType>
  <BannerType2>1920x1080</BannerType2>
  <Colors></Colors>
  <Language>en</Language>
  <Rating>9.5000</Rating>
  <RatingCount>2</RatingCount>
  <SeriesName>false</SeriesName>
  <ThumbnailPath>_cache/fanart/original/210841-18.jpg</ThumbnailPath>
  <VignettePath>fanart/vignette/210841-18.jpg</VignettePath>
</Banner>
<Banner>
  <id>866483</id>
  <BannerPath>fanart/original/210841-5.jpg</BannerPath>
  <BannerType>fanart</BannerType>
  <BannerType2>1920x1080</BannerType2>
  <Colors></Colors>
  <Language>en</Language>
  <Rating>8.8571</Rating>
  <RatingCount>7</RatingCount>
  <SeriesName>false</SeriesName>
  <ThumbnailPath>_cache/fanart/original/210841-5.jpg</ThumbnailPath>
  <VignettePath>fanart/vignette/210841-5.jpg</VignettePath>
</Banner>
<Banner>
  <id>867710</id>
  <BannerPath>fanart/original/210841-12.jpg</BannerPath>
  <BannerType>fanart</BannerType>
  <BannerType2>1920x1080</BannerType2>
  <Colors></Colors>
  <Language>en</Language>
  <Rating>8.5000</Rating>
  <RatingCount>2</RatingCount>
  <SeriesName>false</SeriesName>
  <ThumbnailPath>_cache/fanart/original/210841-12.jpg</ThumbnailPath>
  <VignettePath>fanart/vignette/210841-12.jpg</VignettePath>
</Banner>
<Banner>
  <id>867706</id>
  <BannerPath>fanart/original/210841-8.jpg</BannerPath>
  <BannerType>fanart</BannerType>
  <BannerType2>1920x1080</BannerType2>
  <Colors></Colors>
  <Language>en</Language>
  <Rating>8.5000</Rating>
  <RatingCount>2</RatingCount>
  <SeriesName>false</SeriesName>
  <ThumbnailPath>_cache/fanart/original/210841-8.jpg</ThumbnailPath>
  <VignettePath>fanart/vignette/210841-8.jpg</VignettePath>
</Banner>
<Banner>
  <id>866481</id>
  <BannerPath>fanart/original/210841-3.jpg</BannerPath>
  <BannerType>fanart</BannerType>
  <BannerType2>1920x1080</BannerType2>
  <Colors>|208,208,208|18,18,18|193,148,117|</Colors>
  <Language>en</Language>
  <Rating>8.0000</Rating>
  <RatingCount>4</RatingCount>
  <SeriesName>false</SeriesName>
  <ThumbnailPath>_cache/fanart/original/210841-3.jpg</ThumbnailPath>
  <VignettePath>fanart/vignette/210841-3.jpg</VignettePath>
</Banner>
<Banner>
  <id>867709</id>
  <BannerPath>fanart/original/210841-11.jpg</BannerPath>
  <BannerType>fanart</BannerType>
  <BannerType2>1920x1080</BannerType2>
  <Colors></Colors>
  <Language>en</Language>
  <Rating>8.0000</Rating>
  <RatingCount>2</RatingCount>
  <SeriesName>false</SeriesName>
  <ThumbnailPath>_cache/fanart/original/210841-11.jpg</ThumbnailPath>
  <VignettePath>fanart/vignette/210841-11.jpg</VignettePath>
</Banner>
<Banner>
  <id>867708</id>
  <BannerPath>fanart/original/210841-10.jpg</BannerPath>
  <BannerType>fanart</BannerType>
  <BannerType2>1920x1080</BannerType2>
  <Colors>|235,224,220|172,206,231|42,111,152|</Colors>
  <Language>en</Language>
  <Rating>7.8000</Rating>
  <RatingCount>5</RatingCount>
  <SeriesName>true</SeriesName>
  <ThumbnailPath>_cache/fanart/original/210841-10.jpg</ThumbnailPath>
  <VignettePath>fanart/vignette/210841-10.jpg</VignettePath>
</Banner>
<Banner>
  <id>867705</id>
  <BannerPath>fanart/original/210841-7.jpg</BannerPath>
  <BannerType>fanart</BannerType>
  <BannerType2>1920x1080</BannerType2>
  <Colors></Colors>
  <Language>en</Language>
  <Rating>7.0000</Rating>
  <RatingCount>2</RatingCount>
  <SeriesName>false</SeriesName>
  <ThumbnailPath>_cache/fanart/original/210841-7.jpg</ThumbnailPath>
  <VignettePath>fanart/vignette/210841-7.jpg</VignettePath>
</Banner>
<Banner>
  <id>867704</id>
  <BannerPath>fanart/original/210841-6.jpg</BannerPath>
  <BannerType>fanart</BannerType>
  <BannerType2>1920x1080</BannerType2>
  <Colors></Colors>
  <Language>en</Language>
  <Rating>6.0000</Rating>
  <RatingCount>3</RatingCount>
  <SeriesName>true</SeriesName>
  <ThumbnailPath>_cache/fanart/original/210841-6.jpg</ThumbnailPath>
  <VignettePath>fanart/vignette/210841-6.jpg</VignettePath>
</Banner>
<Banner>
  <id>867714</id>
  <BannerPath>fanart/original/210841-15.jpg</BannerPath>
  <BannerType>fanart</BannerType>
  <BannerType2>1920x1080</BannerType2>
  <Colors></Colors>
  <Language>en</Language>
  <Rating>5.5000</Rating>
  <RatingCount>2</RatingCount>
  <SeriesName>true</SeriesName>
  <ThumbnailPath>_cache/fanart/original/210841-15.jpg</ThumbnailPath>
  <VignettePath>fanart/vignette/210841-15.jpg</VignettePath>
</Banner>
<Banner>
  <id>867715</id>
  <BannerPath>fanart/original/210841-16.jpg</BannerPath>
  <BannerType>fanart</BannerType>
  <BannerType2>1920x1080</BannerType2>
  <Colors></Colors>
  <Language>en</Language>
  <Rating>5.5000</Rating>
  <RatingCount>2</RatingCount>
  <SeriesName>true</SeriesName>
  <ThumbnailPath>_cache/fanart/original/210841-16.jpg</ThumbnailPath>
  <VignettePath>fanart/vignette/210841-16.jpg</VignettePath>
</Banner>
<Banner>
  <id>867716</id>
  <BannerPath>fanart/original/210841-17.jpg</BannerPath>
  <BannerType>fanart</BannerType>
  <BannerType2>1920x1080</BannerType2>
  <Colors></Colors>
  <Language>en</Language>
  <Rating>5.5000</Rating>
  <RatingCount>2</RatingCount>
  <SeriesName>true</SeriesName>
  <ThumbnailPath>_cache/fanart/original/210841-17.jpg</ThumbnailPath>
  <VignettePath>fanart/vignette/210841-17.jpg</VignettePath>
</Banner>
<Banner>
  <id>867712</id>
  <BannerPath>fanart/original/210841-13.jpg</BannerPath>
  <BannerType>fanart</BannerType>
  <BannerType2>1920x1080</BannerType2>
  <Colors></Colors>
  <Language>en</Language>
  <Rating>5.5000</Rating>
  <RatingCount>2</RatingCount>
  <SeriesName>true</SeriesName>
  <ThumbnailPath>_cache/fanart/original/210841-13.jpg</ThumbnailPath>
  <VignettePath>fanart/vignette/210841-13.jpg</VignettePath>
</Banner>
<Banner>
  <id>867713</id>
  <BannerPath>fanart/original/210841-14.jpg</BannerPath>
  <BannerType>fanart</BannerType>
  <BannerType2>1920x1080</BannerType2>
  <Colors></Colors>
  <Language>en</Language>
  <Rating>5.5000</Rating>
  <RatingCount>2</RatingCount>
  <SeriesName>true</SeriesName>
  <ThumbnailPath>_cache/fanart/original/210841-14.jpg</ThumbnailPath>
  <VignettePath>fanart/vignette/210841-14.jpg</VignettePath>
</Banner>
<Banner>
  <id>866482</id>
  <BannerPath>fanart/original/210841-4.jpg</BannerPath>
  <BannerType>fanart</BannerType>
  <BannerType2>1920x1080</BannerType2>
  <Colors></Colors>
  <Language>en</Language>
  <Rating>5.3333</Rating>
  <RatingCount>3</RatingCount>
  <SeriesName>false</SeriesName>
  <ThumbnailPath>_cache/fanart/original/210841-4.jpg</ThumbnailPath>
  <VignettePath>fanart/vignette/210841-4.jpg</VignettePath>
</Banner>
<Banner>
  <id>867707</id>
  <BannerPath>fanart/original/210841-9.jpg</BannerPath>
  <BannerType>fanart</BannerType>
  <BannerType2>1920x1080</BannerType2>
  <Colors></Colors>
  <Language>en</Language>
  <Rating>4.2500</Rating>
  <RatingCount>4</RatingCount>
  <SeriesName>true</SeriesName>
  <ThumbnailPath>_cache/fanart/original/210841-9.jpg</ThumbnailPath>
  <VignettePath>fanart/vignette/210841-9.jpg</VignettePath>
</Banner>
<Banner>
  <id>861339</id>
  <BannerPath>fanart/original/210841-1.jpg</BannerPath>
  <BannerType>fanart</BannerType>
  <BannerType2>1920x1080</BannerType2>
  <Colors></Colors>
  <Language>en</Language>
  <Rating>4.2500</Rating>
  <RatingCount>4</RatingCount>
  <SeriesName>true</SeriesName>
  <ThumbnailPath>_cache/fanart/original/210841-1.jpg</ThumbnailPath>
  <VignettePath>fanart/vignette/210841-1.jpg</VignettePath>
</Banner>
<Banner>
  <id>861340</id>
  <BannerPath>fanart/original/210841-2.jpg</BannerPath>
  <BannerType>fanart</BannerType>
  <BannerType2>1920x1080</BannerType2>
  <Colors></Colors>
  <Language>en</Language>
  <Rating>4.0000</Rating>
  <RatingCount>3</RatingCount>
  <SeriesName>true</SeriesName>
  <ThumbnailPath>_cache/fanart/original/210841-2.jpg</ThumbnailPath>
  <VignettePath>fanart/vignette/210841-2.jpg</VignettePath>
</Banner>
<Banner>
  <id>867794</id>
  <BannerPath>posters/210841-8.jpg</BannerPath>
  <BannerType>poster</BannerType>
  <BannerType2>680x1000</BannerType2>
  <Language>en</Language>
  <Rating>9.8333</Rating>
  <RatingCount>6</RatingCount>
</Banner>
<Banner>
  <id>910024</id>
  <BannerPath>posters/210841-10.jpg</BannerPath>
  <BannerType>poster</BannerType>
  <BannerType2>680x1000</BannerType2>
  <Language>en</Language>
  <Rating>9.7500</Rating>
  <RatingCount>4</RatingCount>
</Banner>
<Banner>
  <id>863374</id>
  <BannerPath>posters/210841-1.jpg</BannerPath>
  <BannerType>poster</BannerType>
  <BannerType2>680x1000</BannerType2>
  <Language>en</Language>
  <Rating>8.3333</Rating>
  <RatingCount>6</RatingCount>
</Banner>
<Banner>
  <id>861343</id>
  <BannerPath>posters/210841-3.jpg</BannerPath>
  <BannerType>poster</BannerType>
  <BannerType2>680x1000</BannerType2>
  <Language>en</Language>
  <Rating>6.0000</Rating>
  <RatingCount>3</RatingCount>
</Banner>
<Banner>
  <id>861315</id>
  <BannerPath>posters/210841-2.jpg</BannerPath>
  <BannerType>poster</BannerType>
  <BannerType2>680x1000</BannerType2>
  <Language>en</Language>
  <Rating>5.0000</Rating>
  <RatingCount>1</RatingCount>
</Banner>
<Banner>
  <id>896582</id>
  <BannerPath>posters/210841-9.jpg</BannerPath>
  <BannerType>poster</BannerType>
  <BannerType2>680x1000</BannerType2>
  <Language>en</Language>
  <Rating>1.0000</Rating>
  <RatingCount>1</RatingCount>
</Banner>
<Banner>
  <id>866006</id>
  <BannerPath>posters/210841-7.jpg</BannerPath>
  <BannerType>poster</BannerType>
  <BannerType2>680x1000</BannerType2>
  <Language>en</Language>
  <Rating></Rating>
  <RatingCount>0</RatingCount>
</Banner>
<Banner>
  <id>866003</id>
  <BannerPath>posters/210841-6.jpg</BannerPath>
  <BannerType>poster</BannerType>
  <BannerType2>680x1000</BannerType2>
  <Language>en</Language>
  <Rating></Rating>
  <RatingCount>0</RatingCount>
</Banner>
<Banner>
  <id>866002</id>
  <BannerPath>posters/210841-5.jpg</BannerPath>
  <BannerType>poster</BannerType>
  <BannerType2>680x1000</BannerType2>
  <Language>en</Language>
  <Rating></Rating>
  <RatingCount>0</RatingCount>
</Banner>
<Banner>
  <id>866000</id>
  <BannerPath>posters/210841-4.jpg</BannerPath>
  <BannerType>poster</BannerType>
  <BannerType2>680x1000</BannerType2>
  <Language>en</Language>
  <Rating></Rating>
  <RatingCount>0</RatingCount>
</Banner>
<Banner>
  <id>910025</id>
  <BannerPath>posters/210841-11.jpg</BannerPath>
  <BannerType>poster</BannerType>
  <BannerType2>680x1000</BannerType2>
  <Language>en</Language>
  <Rating></Rating>
  <RatingCount>0</RatingCount>
</Banner>
<Banner>
  <id>911874</id>
  <BannerPath>posters/210841-12.jpg</BannerPath>
  <BannerType>poster</BannerType>
  <BannerType2>680x1000</BannerType2>
  <Language>en</Language>
  <Rating></Rating>
  <RatingCount>0</RatingCount>
</Banner>
<Banner>
  <id>930449</id>
  <BannerPath>posters/210841-13.jpg</BannerPath>
  <BannerType>poster</BannerType>
  <BannerType2>680x1000</BannerType2>
  <Language>en</Language>
  <Rating></Rating>
  <RatingCount>0</RatingCount>
</Banner>
<Banner>
  <id>915399</id>
  <BannerPath>seasons/210841-2.jpg</BannerPath>
  <BannerType>season</BannerType>
  <BannerType2>season</BannerType2>
  <Language>en</Language>
  <Rating>10.0000</Rating>
  <RatingCount>1</RatingCount>
  <Season>2</Season>
</Banner>
<Banner>
  <id>915396</id>
  <BannerPath>seasons/210841-1-3.jpg</BannerPath>
  <BannerType>season</BannerType>
  <BannerType2>season</BannerType2>
  <Language>en</Language>
  <Rating>10.0000</Rating>
  <RatingCount>1</RatingCount>
  <Season>1</Season>
</Banner>
<Banner>
  <id>909419</id>
  <BannerPath>seasons/210841-1-2.jpg</BannerPath>
  <BannerType>season</BannerType>
  <BannerType2>season</BannerType2>
  <Language>en</Language>
  <Rating>8.3333</Rating>
  <RatingCount>3</RatingCount>
  <Season>1</Season>
</Banner>
<Banner>
  <id>898387</id>
  <BannerPath>seasons/210841-1.jpg</BannerPath>
  <BannerType>season</BannerType>
  <BannerType2>season</BannerType2>
  <Language>fr</Language>
  <Rating>6.0000</Rating>
  <RatingCount>2</RatingCount>
  <Season>1</Season>
</Banner>
<Banner>
  <id>916172</id>
  <BannerPath>graphical/210841-g5.jpg</BannerPath>
  <BannerType>series</BannerType>
  <BannerType2>graphical</BannerType2>
  <Language>en</Language>
  <Rating>9.0000</Rating>
  <RatingCount>1</RatingCount>
</Banner>
<Banner>
  <id>921067</id>
  <BannerPath>graphical/210841-g7.jpg</BannerPath>
  <BannerType>series</BannerType>
  <BannerType2>graphical</BannerType2>
  <Language>en</Language>
  <Rating>8.0000</Rating>
  <RatingCount>1</RatingCount>
</Banner>
<Banner>
  <id>867624</id>
  <BannerPath>graphical/210841-g3.jpg</BannerPath>
  <BannerType>series</BannerType>
  <BannerType2>graphical</BannerType2>
  <Language>en</Language>
  <Rating>7.6667</Rating>
  <RatingCount>6</RatingCount>
</Banner>
<Banner>
  <id>863410</id>
  <BannerPath>graphical/210841-g.jpg</BannerPath>
  <BannerType>series</BannerType>
  <BannerType2>graphical</BannerType2>
  <Language>en</Language>
  <Rating>6.8750</Rating>
  <RatingCount>8</RatingCount>
</Banner>
<Banner>
  <id>863412</id>
  <BannerPath>graphical/210841-g2.jpg</BannerPath>
  <BannerType>series</BannerType>
  <BannerType2>graphical</BannerType2>
  <Language>en</Language>
  <Rating>6.6000</Rating>
  <RatingCount>5</RatingCount>
</Banner>
<Banner>
  <id>918413</id>
  <BannerPath>graphical/210841-g6.jpg</BannerPath>
  <BannerType>series</BannerType>
  <BannerType2>graphical</BannerType2>
  <Language>en</Language>
  <Rating>5.5000</Rating>
  <RatingCount>2</RatingCount>
</Banner>
<Banner>
  <id>947740</id>
  <BannerPath>graphical/210841-g8.jpg</BannerPath>
  <BannerType>series</BannerType>
  <BannerType2>graphical</BannerType2>
  <Language>en</Language>
  <Rating></Rating>
  <RatingCount>0</RatingCount>
</Banner>
<Banner>
  <id>916138</id>
  <BannerPath>graphical/210841-g4.jpg</BannerPath>
  <BannerType>series</BannerType>
  <BannerType2>graphical</BannerType2>
  <Language>en</Language>
  <Rating></Rating>
  <RatingCount>0</RatingCount>
</Banner>
</Banners>