<?xml version="1.0" encoding="UTF-8" ?>
<Data><Series>
  <id>210841</id>
  <Actors>|Warren Christie|Laura Mennell|Azita Ghanizada|David Strathairn|Ryan Cartwright|Malik Yoba|Erin Way|Mahershala Ali|</Actors>
  <Airs_DayOfWeek>Monday</Airs_DayOfWeek>
  <Airs_Time>8:00 PM</Airs_Time>
  <ContentRating>TV-14</ContentRating>
  <FirstAired>2011-07-11</FirstAired>
  <Genre>|Action|Adventure|Drama|Science-Fiction|</Genre>
  <IMDB_ID>tt1183865</IMDB_ID>
  <Language>en</Language>
  <Network>Syfy</Network>
  <NetworkID></NetworkID>
  <Overview>Alphas is an action-packed thriller about five ordinary people who are brought together to form one extraordinary team of Alphas -- people with the unique power to stretch the capabilities of the human mind giving them superhuman physical and mental abilities.</Overview>
  <Rating>7.9</Rating>
  <RatingCount>60</RatingCount>
  <Runtime>60</Runtime>
  <SeriesID>75264</SeriesID>
  <SeriesName>Alphas</SeriesName>
  <Status>Ended</Status>
  <added>2010-12-07 21:33:52</added>
  <addedBy>135271</addedBy>
  <banner>graphical/210841-g5.jpg</banner>
  <fanart>fanart/original/210841-18.jpg</fanart>
  <lastupdated>1365406688</lastupdated>
  <poster>posters/210841-8.jpg</poster>
  <zap2it_id>SH01410873</zap2it_id>
</Series>
<Episode>
  <id>4116412</id>
  <Combined_episodenumber>1</Combined_episodenumber>
  <Combined_season>0</Combined_season>
  <DVD_chapter></DVD_chapter>
  <DVD_discid></DVD_discid>
  <DVD_episodenumber></DVD_episodenumber>
  <DVD_season></DVD_season>
  <Director></Director>
  <EpImgFlag>2</EpImgFlag>
  <EpisodeName>Behind the Scenes Sneak Peek</EpisodeName>
  <EpisodeNumber>1</EpisodeNumber>
  <FirstAired>2011-06-13</FirstAired>
  <GuestStars></GuestStars>
  <IMDB_ID></IMDB_ID>
  <Language>en</Language>
  <Overview></Overview>
  <ProductionCode></ProductionCode>
  <Rating>8.0</Rating>
  <RatingCount>1</RatingCount>
  <SeasonNumber>0</SeasonNumber>
  <Writer></Writer>
  <absolute_number></absolute_number>
  <airsafter_season>1</airsafter_season>
  <airsbefore_episode></airsbefore_episode>
  <airsbefore_season></airsbefore_season>
  <filename>episodes/210841/4116412.jpg</filename>
  <lastupdated>1326015805</lastupdated>
  <seasonid>369251</seasonid>
  <seriesid>210841</seriesid>
</Episode>
<Episode>
  <id>4040201</id>
  <Combined_episodenumber>1</Combined_episodenumber>
  <Combined_season>1</Combined_season>
  <DVD_chapter></DVD_chapter>
  <DVD_discid></DVD_discid>
  <DVD_episodenumber></DVD_episodenumber>
  <DVD_season></DVD_season>
  <Director>Jack Bender</Director>
  <EpImgFlag>2</EpImgFlag>
  <EpisodeName>Pilot</EpisodeName>
  <EpisodeNumber>1</EpisodeNumber>
  <FirstAired>2011-07-11</FirstAired>
  <GuestStars>Jeff Seymour|Callum Keith Rennie|Joe Pingue|Jane Moffat|Daniel Kash|Rachel Crawford|</GuestStars>
  <IMDB_ID>tt1185995</IMDB_ID>
  <Language>en</Language>
  <Overview>Operating within the Defense Criminal Investigation Service of the U.S. Department of Defense and led by preeminent neurologist and psychiatrist Dr. Lee Rosen, an expert in Alpha phenomena, the team investigates cases that point to others with Alpha abilities. As they work against the clock to solve this new brand of crime, they must prevent their own personality differences and disparate backgrounds from interfering with their ultimate mission to catch the enemy. </Overview>
  <ProductionCode></ProductionCode>
  <Rating>7.4</Rating>
  <RatingCount>156</RatingCount>
  <SeasonNumber>1</SeasonNumber>
  <Writer>Zak Penn|Michael Karnow</Writer>
  <absolute_number></absolute_number>
  <filename>episodes/210841/4040201.jpg</filename>
  <lastupdated>1356891112</lastupdated>
  <seasonid>458911</seasonid>
  <seriesid>210841</seriesid>
</Episode>
<Episode>
  <id>4129999</id>
  <Combined_episodenumber>2</Combined_episodenumber>
  <Combined_season>1</Combined_season>
  <DVD_chapter></DVD_chapter>
  <DVD_discid></DVD_discid>
  <DVD_episodenumber></DVD_episodenumber>
  <DVD_season></DVD_season>
  <Director>Constantine Makris</Director>
  <EpImgFlag>2</EpImgFlag>
  <EpisodeName>Cause &amp; Effect</EpisodeName>
  <EpisodeNumber>2</EpisodeNumber>
  <FirstAired>2011-07-18</FirstAired>
  <GuestStars>Valerie Cruz|Kathleen Gati|Will McCormack|Mahershala Ali|Raoul Bhajena|Deborah O'Dell|</GuestStars>
  <IMDB_ID>tt1185997</IMDB_ID>
  <Language>en</Language>
  <Overview>A problematic former patient of Rosen's escapes as Rosen is getting acquainted with his Department of Defense liaison, and the rest of the team tries to balance their normal lives with their work as Alphas. </Overview>
  <ProductionCode></ProductionCode>
  <Rating>7.6</Rating>
  <RatingCount>135</RatingCount>
  <SeasonNumber>1</SeasonNumber>
  <Writer>Julie Siege</Writer>
  <absolute_number></absolute_number>
  <filename>episodes/210841/4129999.jpg</filename>
  <lastupdated>1361734391</lastupdated>
  <seasonid>458911</seasonid>
  <seriesid>210841</seriesid>
</Episode>
<Episode>
  <id>4130000</id>
  <Combined_episodenumber>3</Combined_episodenumber>
  <Combined_season>1</Combined_season>
  <DVD_chapter></DVD_chapter>
  <DVD_discid></DVD_discid>
  <DVD_episodenumber></DVD_episodenumber>
  <DVD_season></DVD_season>
  <Director>Nick Copus</Director>
  <EpImgFlag>2</EpImgFlag>
  <EpisodeName>Anger Management</EpisodeName>
  <EpisodeNumber>3</EpisodeNumber>
  <FirstAired>2011-07-25</FirstAired>
  <GuestStars>Devon Graye|Tatiana Maslany|Mahershala Ali|Callum Keith Rennie|Kathleen Gati|Bill Lake</GuestStars>
  <IMDB_ID>tt1185996</IMDB_ID>
  <Language>en</Language>
  <Overview>The team moves to new offices following the attack on Rosen; violent riots break out on the east coast, which are linked to a runaway teen.</Overview>
  <ProductionCode></ProductionCode>
  <Rating>7.8</Rating>
  <RatingCount>124</RatingCount>
  <SeasonNumber>1</SeasonNumber>
  <Writer>Ira Steven Behr|Robert Hewitt Wolfe</Writer>
  <absolute_number></absolute_number>
  <filename>episodes/210841/4130000.jpg</filename>
  <lastupdated>1361734426</lastupdated>
  <seasonid>458911</seasonid>
  <seriesid>210841</seriesid>
</Episode>
<Episode>
  <id>4130005</id>
  <Combined_episodenumber>4</Combined_episodenumber>
  <Combined_season>1</Combined_season>
  <DVD_chapter></DVD_chapter>
  <DVD_discid></DVD_discid>
  <DVD_episodenumber></DVD_episodenumber>
  <DVD_season></DVD_season>
  <Director>Karen Gaviola</Director>
  <EpImgFlag>2</EpImgFlag>
  <EpisodeName>Rosetta</EpisodeName>
  <EpisodeNumber>4</EpisodeNumber>
  <FirstAired>2011-08-01</FirstAired>
  <GuestStars>Valerie Cruz|Liane Balaban|Jane Moffat|Dean Armstrong|Mike Tyrell|</GuestStars>
  <IMDB_ID>tt1185998</IMDB_ID>
  <Language>en</Language>
  <Overview>The Alpha team closes in on Red Flag and rescues an autistic woman, Anna, with the ability to translate any language. The team tries to figure out Red Flag’s plan while Gary bonds with Anna.</Overview>
  <ProductionCode></ProductionCode>
  <Rating>7.6</Rating>
  <RatingCount>110</RatingCount>
  <SeasonNumber>1</SeasonNumber>
  <Writer>Zak Penn</Writer>
  <absolute_number></absolute_number>
  <filename>episodes/210841/4130005.jpg</filename>
  <lastupdated>1361734455</lastupdated>
  <seasonid>458911</seasonid>
  <seriesid>210841</seriesid>
</Episode>
<Episode>
  <id>4130006</id>
  <Combined_episodenumber>5</Combined_episodenumber>
  <Combined_season>1</Combined_season>
  <DVD_chapter></DVD_chapter>
  <DVD_discid></DVD_discid>
  <DVD_episodenumber></DVD_episodenumber>
  <DVD_season></DVD_season>
  <Director>Jeffrey Hunt</Director>
  <EpImgFlag>2</EpImgFlag>
  <EpisodeName>Never Let Me Go</EpisodeName>
  <EpisodeNumber>5</EpisodeNumber>
  <FirstAired>2011-08-08</FirstAired>
  <GuestStars>Isabella Hofmann|Kathleen Gati|Lindsay Wagner|Shane Daly|David Sparrow|Steve Lund|John White</GuestStars>
  <IMDB_ID>tt1185999</IMDB_ID>
  <Language>en</Language>
  <Overview>Rachel goes on a date that ends with a powerful kiss; Rosen's team officially joins the Defense Criminal Investigation Service, and their first case is to probe a series of deaths linked to a high school in Pennsylvania.</Overview>
  <ProductionCode></ProductionCode>
  <Rating>7.4</Rating>
  <RatingCount>115</RatingCount>
  <SeasonNumber>1</SeasonNumber>
  <Writer>Jordan Rosenberg</Writer>
  <absolute_number></absolute_number>
  <filename>episodes/210841/4130006.jpg</filename>
  <lastupdated>1361734481</lastupdated>
  <seasonid>458911</seasonid>
  <seriesid>210841</seriesid>
</Episode>
<Episode>
  <id>4130007</id>
  <Combined_episodenumber>6</Combined_episodenumber>
  <Combined_season>1</Combined_season>
  <DVD_chapter></DVD_chapter>
  <DVD_discid></DVD_discid>
  <DVD_episodenumber></DVD_episodenumber>
  <DVD_season></DVD_season>
  <Director>Leslie Libman</Director>
  <EpImgFlag>2</EpImgFlag>
  <EpisodeName>Bill and Gary's Excellent Adventure</EpisodeName>
  <EpisodeNumber>6</EpisodeNumber>
  <FirstAired>2011-08-15</FirstAired>
  <GuestStars>Alaina Huffman|Peter Wingfield|Rachel Crawford|Melissa Hood|Conrad Pla|Brandon McGibbon|Richard Quesnel|Paulino Nunes|John Cleland</GuestStars>
  <IMDB_ID>tt1977150</IMDB_ID>
  <Language>en</Language>
  <Overview>While Bill and Gary take on a case of their own, Nina and Cameron grow closer.</Overview>
  <ProductionCode></ProductionCode>
  <Rating>7.8</Rating>
  <RatingCount>110</RatingCount>
  <SeasonNumber>1</SeasonNumber>
  <Writer>Adam Levy</Writer>
  <absolute_number></absolute_number>
  <filename>episodes/210841/4130007.jpg</filename>
  <lastupdated>1361734527</lastupdated>
  <seasonid>458911</seasonid>
  <seriesid>210841</seriesid>
</Episode>
<Episode>
  <id>4130008</id>
  <Combined_episodenumber>7</Combined_episodenumber>
  <Combined_season>1</Combined_season>
  <DVD_chapter></DVD_chapter>
  <DVD_discid></DVD_discid>
  <DVD_episodenumber></DVD_episodenumber>
  <DVD_season></DVD_season>
  <Director>Kevin Hooks</Director>
  <EpImgFlag>2</EpImgFlag>
  <EpisodeName>Catch and Release</EpisodeName>
  <EpisodeNumber>7</EpisodeNumber>
  <FirstAired>2011-08-22</FirstAired>
  <GuestStars>Summer Glau|Mahershala Ali|Valerie Cruz|Rachel Crawford|Jane Moffat|Marqus Bobesich|Skyler Wexler</GuestStars>
  <IMDB_ID>tt1186000</IMDB_ID>
  <Language>en</Language>
  <Overview>The team is ordered to find and protect Skylar, an Alpha with skills that could be dangerous in the wrong hands. </Overview>
  <ProductionCode></ProductionCode>
  <Rating>7.7</Rating>
  <RatingCount>107</RatingCount>
  <SeasonNumber>1</SeasonNumber>
  <Writer>Michael Karnow</Writer>
  <absolute_number></absolute_number>
  <filename>episodes/210841/4130008.jpg</filename>
  <lastupdated>1361734566</lastupdated>
  <seasonid>458911</seasonid>
  <seriesid>210841</seriesid>
</Episode>
<Episode>
  <id>4130009</id>
  <Combined_episodenumber>8</Combined_episodenumber>
  <Combined_season>1</Combined_season>
  <DVD_chapter></DVD_chapter>
  <DVD_discid></DVD_discid>
  <DVD_episodenumber></DVD_episodenumber>
  <DVD_season></DVD_season>
  <Director>John Showalter</Director>
  <EpImgFlag>2</EpImgFlag>
  <EpisodeName>A Short Time in Paradise</EpisodeName>
  <EpisodeNumber>8</EpisodeNumber>
  <FirstAired>2011-08-29</FirstAired>
  <GuestStars>Garret Dillahunt|Daniel Kash|Kathleen Gati|Neil Girvan|Ethan Hektor|Dmitry Chepovetsky|Maria Nahri|Peter DaCunha</GuestStars>
  <IMDB_ID>tt1990458</IMDB_ID>
  <Language>en</Language>
  <Overview>Hicks and Nina are entranced by a deadly cult leader named Jonas.</Overview>
  <ProductionCode></ProductionCode>
  <Rating>7.6</Rating>
  <RatingCount>95</RatingCount>
  <SeasonNumber>1</SeasonNumber>
  <Writer>Michael Chamoy</Writer>
  <absolute_number></absolute_number>
  <filename>episodes/210841/4130009.jpg</filename>
  <lastupdated>1361734594</lastupdated>
  <seasonid>458911</seasonid>
  <seriesid>210841</seriesid>
</Episode>
<Episode>
  <id>4143774</id>
  <Combined_episodenumber>9</Combined_episodenumber>
  <Combined_season>1</Combined_season>
  <DVD_chapter></DVD_chapter>
  <DVD_discid></DVD_discid>
  <DVD_episodenumber></DVD_episodenumber>
  <DVD_season></DVD_season>
  <Director>Michael Watkins</Director>
  <EpImgFlag>2</EpImgFlag>
  <EpisodeName>Blind Spot</EpisodeName>
  <EpisodeNumber>9</EpisodeNumber>
  <FirstAired>2011-09-12</FirstAired>
  <GuestStars>Rebecca Mader|Brent Spiner</GuestStars>
  <IMDB_ID>tt2008041</IMDB_ID>
  <Language>en</Language>
  <Overview>The team finds themselves under siege by an undetectable Alpha when they bring in a potential Red Flag member for questioning.</Overview>
  <ProductionCode></ProductionCode>
  <Rating>7.5</Rating>
  <RatingCount>92</RatingCount>
  <SeasonNumber>1</SeasonNumber>
  <Writer>Ira Steven Behr|Robert Hewitt Wolfe</Writer>
  <absolute_number></absolute_number>
  <filename>episodes/210841/4143774.jpg</filename>
  <lastupdated>1361734630</lastupdated>
  <seasonid>458911</seasonid>
  <seriesid>210841</seriesid>
</Episode>
<Episode>
  <id>4150267</id>
  <Combined_episodenumber>10</Combined_episodenumber>
  <Combined_season>1</Combined_season>
  <DVD_chapter></DVD_chapter>
  <DVD_discid></DVD_discid>
  <DVD_episodenumber></DVD_episodenumber>
  <DVD_season></DVD_season>
  <Director>J. Miller Tobin</Director>
  <EpImgFlag>2</EpImgFlag>
  <EpisodeName>The Unusual Suspects</EpisodeName>
  <EpisodeNumber>10</EpisodeNumber>
  <FirstAired>2011-09-19</FirstAired>
  <GuestStars>Mahershala Ali|Tom Barnett|Evan Sabba|Peter Messaline|Trey Smith|Matthew Lyons|Rafal Mickiewicz</GuestStars>
  <IMDB_ID>tt2008042</IMDB_ID>
  <Language>en</Language>
  <Overview>The DoD imprisons Rosen and his team after they suspect that one of the members is a Red Flag traitor.</Overview>
  <ProductionCode></ProductionCode>
  <Rating>7.7</Rating>
  <RatingCount>93</RatingCount>
  <SeasonNumber>1</SeasonNumber>
  <Writer>Marc Bernardin</Writer>
  <absolute_number></absolute_number>
  <filename>episodes/210841/4150267.jpg</filename>
  <lastupdated>1361734657</lastupdated>
  <seasonid>458911</seasonid>
  <seriesid>210841</seriesid>
</Episode>
<Episode>
  <id>4152251</id>
  <Combined_episodenumber>11</Combined_episodenumber>
  <Combined_season>1</Combined_season>
  <DVD_chapter></DVD_chapter>
  <DVD_discid></DVD_discid>
  <DVD_episodenumber></DVD_episodenumber>
  <DVD_season></DVD_season>
  <Director>Nick Copus</Director>
  <EpImgFlag>2</EpImgFlag>
  <EpisodeName>Original Sin</EpisodeName>
  <EpisodeNumber>11</EpisodeNumber>
  <FirstAired>2011-09-26</FirstAired>
  <GuestStars>Valerie Cruz|John Pyper-Ferguson|Kathleen Munroe|Liane Balaban|Evan Sabba|Jonathan Collard|Greg Ellwand|May Nguyen</GuestStars>
  <IMDB_ID>tt2015548</IMDB_ID>
  <Language>en</Language>
  <Overview>Rosen and his team find out about a secret red flag meeting.  Things come to ahead for the team and the future is cloudy.</Overview>
  <ProductionCode></ProductionCode>
  <Rating>8.1</Rating>
  <RatingCount>87</RatingCount>
  <SeasonNumber>1</SeasonNumber>
  <Writer>Zak Penn|Michael Karnow|Ira Steven Behr|Robert Hewitt Wolfe|</Writer>
  <absolute_number></absolute_number>
  <filename>episodes/210841/4152251.jpg</filename>
  <lastupdated>1361734697</lastupdated>
  <seasonid>458911</seasonid>
  <seriesid>210841</seriesid>
</Episode>
<Episode>
  <id>4237078</id>
  <Combined_episodenumber>1</Combined_episodenumber>
  <Combined_season>2</Combined_season>
  <DVD_chapter></DVD_chapter>
  <DVD_discid></DVD_discid>
  <DVD_episodenumber></DVD_episodenumber>
  <DVD_season></DVD_season>
  <Director>Matt Hastings</Director>
  <EpImgFlag>2</EpImgFlag>
  <EpisodeName>Wake Up Call</EpisodeName>
  <EpisodeNumber>1</EpisodeNumber>
  <FirstAired>2012-07-23</FirstAired>
  <GuestStars>Mahershala Ali|John Pyper-Ferguson|Kathleen Munroe|Elias Toufexis</GuestStars>
  <IMDB_ID>tt2081607</IMDB_ID>
  <Language>en</Language>
  <Overview>When two of their own team are taken hostage, the team must come back together to save their lives.</Overview>
  <ProductionCode></ProductionCode>
  <Rating>7.6</Rating>
  <RatingCount>78</RatingCount>
  <SeasonNumber>2</SeasonNumber>
  <Writer>Robert Hewitt Wolfe</Writer>
  <absolute_number></absolute_number>
  <filename>episodes/210841/4237078.jpg</filename>
  <lastupdated>1361118287</lastupdated>
  <seasonid>477373</seasonid>
  <seriesid>210841</seriesid>
</Episode>
<Episode>
  <id>4327734</id>
  <Combined_episodenumber>2</Combined_episodenumber>
  <Combined_season>2</Combined_season>
  <DVD_chapter></DVD_chapter>
  <DVD_discid></DVD_discid>
  <DVD_episodenumber></DVD_episodenumber>
  <DVD_season></DVD_season>
  <Director>Michael Nankin</Director>
  <EpImgFlag>2</EpImgFlag>
  <EpisodeName>The Quick and the Dead</EpisodeName>
  <EpisodeNumber>2</EpisodeNumber>
  <FirstAired>2012-07-30</FirstAired>
  <GuestStars>C. Thomas Howell|Kathleen Munroe|John Pyper-Ferguson|Mahershala Ali</GuestStars>
  <IMDB_ID>tt2245448</IMDB_ID>
  <Language>en</Language>
  <Overview>On the hunt for a killer, the team realizes the search has lead him directly to them with a deadly consequences.</Overview>
  <ProductionCode></ProductionCode>
  <Rating>7.7</Rating>
  <RatingCount>77</RatingCount>
  <SeasonNumber>2</SeasonNumber>
  <Writer>Michael Karnow</Writer>
  <absolute_number></absolute_number>
  <filename>episodes/210841/4327734.jpg</filename>
  <lastupdated>1361118253</lastupdated>
  <seasonid>477373</seasonid>
  <seriesid>210841</seriesid>
</Episode>
<Episode>
  <id>4327735</id>
  <Combined_episodenumber>3</Combined_episodenumber>
  <Combined_season>2</Combined_season>
  <DVD_chapter></DVD_chapter>
  <DVD_discid></DVD_discid>
  <DVD_episodenumber></DVD_episodenumber>
  <DVD_season></DVD_season>
  <Director>Nick Copus</Director>
  <EpImgFlag>2</EpImgFlag>
  <EpisodeName>Alpha Dogs</EpisodeName>
  <EpisodeNumber>3</EpisodeNumber>
  <FirstAired>2012-08-06</FirstAired>
  <GuestStars>Erin Way|John Pyper-Ferguson|Steve Byers</GuestStars>
  <IMDB_ID>tt2383113</IMDB_ID>
  <Language>en</Language>
  <Overview>While going undercover at a Fight Club, Harken and Hicks rescue Kat from the bad guys and invite her to join their family.</Overview>
  <ProductionCode></ProductionCode>
  <Rating>7.6</Rating>
  <RatingCount>76</RatingCount>
  <SeasonNumber>2</SeasonNumber>
  <Writer>Eric Tuchman</Writer>
  <absolute_number></absolute_number>
  <filename>episodes/210841/4327735.jpg</filename>
  <lastupdated>1361118311</lastupdated>
  <seasonid>477373</seasonid>
  <seriesid>210841</seriesid>
</Episode>
<Episode>
  <id>4327736</id>
  <Combined_episodenumber>4</Combined_episodenumber>
  <Combined_season>2</Combined_season>
  <DVD_chapter></DVD_chapter>
  <DVD_discid></DVD_discid>
  <DVD_episodenumber></DVD_episodenumber>
  <DVD_season></DVD_season>
  <Director>Omar Madha</Director>
  <EpImgFlag>2</EpImgFlag>
  <EpisodeName>When Push Comes to Shove</EpisodeName>
  <EpisodeNumber>4</EpisodeNumber>
  <FirstAired>2012-08-13</FirstAired>
  <GuestStars>Erin Way|Mahershala Ali|Steve Byers|Morgan Kelly</GuestStars>
  <IMDB_ID>tt2156046</IMDB_ID>
  <Language>en</Language>
  <Overview>While investigating a string of crimes, the team realizes that they are looking for Nina, who had gone AWOL, and try to stop her before she hurts herself.</Overview>
  <ProductionCode></ProductionCode>
  <Rating>7.7</Rating>
  <RatingCount>67</RatingCount>
  <SeasonNumber>2</SeasonNumber>
  <Writer>Adam Levy</Writer>
  <absolute_number></absolute_number>
  <filename>episodes/210841/4327736.jpg</filename>
  <lastupdated>1360449590</lastupdated>
  <seasonid>477373</seasonid>
  <seriesid>210841</seriesid>
</Episode>
<Episode>
  <id>4327737</id>
  <Combined_episodenumber>5</Combined_episodenumber>
  <Combined_season>2</Combined_season>
  <DVD_chapter></DVD_chapter>
  <DVD_discid></DVD_discid>
  <DVD_episodenumber></DVD_episodenumber>
  <DVD_season></DVD_season>
  <Director>Leslie Libman</Director>
  <EpImgFlag>2</EpImgFlag>
  <EpisodeName>Gaslight</EpisodeName>
  <EpisodeNumber>5</EpisodeNumber>
  <FirstAired>2012-08-20</FirstAired>
  <GuestStars>Liane Balaban|Lauren Holly|Noah Reid</GuestStars>
  <IMDB_ID>tt2162166</IMDB_ID>
  <Language>en</Language>
  <Overview>An Alpha loses his mind and kidnaps Rachel; the team loses touch with reality while trying to find Rachel.</Overview>
  <ProductionCode></ProductionCode>
  <Rating>7.5</Rating>
  <RatingCount>77</RatingCount>
  <SeasonNumber>2</SeasonNumber>
  <Writer>Terri Hughes Burton|Ron Milbauer</Writer>
  <absolute_number></absolute_number>
  <filename>episodes/210841/4327737.jpg</filename>
  <lastupdated>1361118371</lastupdated>
  <seasonid>477373</seasonid>
  <seriesid>210841</seriesid>
</Episode>
<Episode>
  <id>4327739</id>
  <Combined_episodenumber>6</Combined_episodenumber>
  <Combined_season>2</Combined_season>
  <DVD_chapter></DVD_chapter>
  <DVD_discid></DVD_discid>
  <DVD_episodenumber></DVD_episodenumber>
  <DVD_season></DVD_season>
  <Director>Nick Copus</Director>
  <EpImgFlag>2</EpImgFlag>
  <EpisodeName>Alphaville</EpisodeName>
  <EpisodeNumber>6</EpisodeNumber>
  <FirstAired>2012-08-27</FirstAired>
  <GuestStars>John Pyper-Ferguson|Steve Byers|Elias Toufexis|Kathleen Munroe|Summer Glau</GuestStars>
  <IMDB_ID>tt2175108</IMDB_ID>
  <Language>en</Language>
  <Overview>Rosen enlists Skylar's help to decode Parish's Alpha technology and endangers her life and the life of her daughter.</Overview>
  <ProductionCode></ProductionCode>
  <Rating>7.6</Rating>
  <RatingCount>73</RatingCount>
  <SeasonNumber>2</SeasonNumber>
  <Writer>Michael Chamoy</Writer>
  <absolute_number></absolute_number>
  <filename>episodes/210841/4327739.jpg</filename>
  <lastupdated>1361118397</lastupdated>
  <seasonid>477373</seasonid>
  <seriesid>210841</seriesid>
</Episode>
<Episode>
  <id>4327740</id>
  <Combined_episodenumber>7</Combined_episodenumber>
  <Combined_season>2</Combined_season>
  <DVD_chapter></DVD_chapter>
  <DVD_discid></DVD_discid>
  <DVD_episodenumber></DVD_episodenumber>
  <DVD_season></DVD_season>
  <Director>Mairzee Almas</Director>
  <EpImgFlag>2</EpImgFlag>
  <EpisodeName>Gods and Monsters</EpisodeName>
  <EpisodeNumber>7</EpisodeNumber>
  <FirstAired>2012-09-10</FirstAired>
  <GuestStars>John Pyper-Ferguson|Lauren Holly|Kathleen Munroe|Connor Price</GuestStars>
  <IMDB_ID>tt2174950</IMDB_ID>
  <Language>en</Language>
  <Overview>The team is confronted with evidence of Parish's evil agenda; a young Alpha reveals a deadly ability.</Overview>
  <ProductionCode></ProductionCode>
  <Rating>7.7</Rating>
  <RatingCount>66</RatingCount>
  <SeasonNumber>2</SeasonNumber>
  <Writer>Kira Snyder</Writer>
  <absolute_number></absolute_number>
  <filename>episodes/210841/4327740.jpg</filename>
  <lastupdated>1361118427</lastupdated>
  <seasonid>477373</seasonid>
  <seriesid>210841</seriesid>
</Episode>
<Episode>
  <id>4340044</id>
  <Combined_episodenumber>8</Combined_episodenumber>
  <Combined_season>2</Combined_season>
  <DVD_chapter></DVD_chapter>
  <DVD_discid></DVD_discid>
  <DVD_episodenumber></DVD_episodenumber>
  <DVD_season></DVD_season>
  <Director>Nick Copus</Director>
  <EpImgFlag>2</EpImgFlag>
  <EpisodeName>Falling</EpisodeName>
  <EpisodeNumber>8</EpisodeNumber>
  <FirstAired>2012-09-17</FirstAired>
  <GuestStars>Kathleen Munroe|Mahershala Ali|Steve Byers</GuestStars>
  <IMDB_ID>tt2207724</IMDB_ID>
  <Language>en</Language>
  <Overview>Rosen discovers the identity of the mole; Kat tracks a mysterious new street drug that makes users temporarily invincible.</Overview>
  <ProductionCode></ProductionCode>
  <Rating>7.6</Rating>
  <RatingCount>65</RatingCount>
  <SeasonNumber>2</SeasonNumber>
  <Writer>Nina Fiore|John Hererra</Writer>
  <absolute_number></absolute_number>
  <filename>episodes/210841/4340044.jpg</filename>
  <lastupdated>1361118455</lastupdated>
  <seasonid>477373</seasonid>
  <seriesid>210841</seriesid>
</Episode>
<Episode>
  <id>4361219</id>
  <Combined_episodenumber>9</Combined_episodenumber>
  <Combined_season>2</Combined_season>
  <DVD_chapter></DVD_chapter>
  <DVD_discid></DVD_discid>
  <DVD_episodenumber></DVD_episodenumber>
  <DVD_season></DVD_season>
  <Director>Matthew Hastings</Director>
  <EpImgFlag>2</EpImgFlag>
  <EpisodeName>The Devil Will Drag You Under</EpisodeName>
  <EpisodeNumber>9</EpisodeNumber>
  <FirstAired>2012-09-24</FirstAired>
  <GuestStars>Kathleen Munroe|John Pyper-Ferguson|Elias Toufexis|Kandyse McClure</GuestStars>
  <IMDB_ID>tt2250968</IMDB_ID>
  <Language>en</Language>
  <Overview>Hicks turns defector and begins working for Parish; the team uncovers a plot to cause a massive, deadly blackout.</Overview>
  <ProductionCode></ProductionCode>
  <Rating>7.7</Rating>
  <RatingCount>62</RatingCount>
  <SeasonNumber>2</SeasonNumber>
  <Writer>Robert Hewitt Wolfe</Writer>
  <absolute_number></absolute_number>
  <filename>episodes/210841/4361219.jpg</filename>
  <lastupdated>1361781814</lastupdated>
  <seasonid>477373</seasonid>
  <seriesid>210841</seriesid>
</Episode>
<Episode>
  <id>4399411</id>
  <Combined_episodenumber>10</Combined_episodenumber>
  <Combined_season>2</Combined_season>
  <DVD_chapter></DVD_chapter>
  <DVD_discid></DVD_discid>
  <DVD_episodenumber></DVD_episodenumber>
  <DVD_season></DVD_season>
  <Director>J. Miller Tobin</Director>
  <EpImgFlag>2</EpImgFlag>
  <EpisodeName>Life After Death</EpisodeName>
  <EpisodeNumber>10</EpisodeNumber>
  <FirstAired>2012-10-01</FirstAired>
  <GuestStars>Mahershala Ali|Steve Byers</GuestStars>
  <IMDB_ID>tt2303338</IMDB_ID>
  <Language>en</Language>
  <Overview>Rosen and the team grasp for lifelines; Rosen tries to find a way through his grief.</Overview>
  <ProductionCode></ProductionCode>
  <Rating>7.6</Rating>
  <RatingCount>60</RatingCount>
  <SeasonNumber>2</SeasonNumber>
  <Writer>Eric Tuchman</Writer>
  <absolute_number></absolute_number>
  <filename>episodes/210841/4399411.jpg</filename>
  <lastupdated>1361781566</lastupdated>
  <seasonid>477373</seasonid>
  <seriesid>210841</seriesid>
</Episode>
<Episode>
  <id>4399412</id>
  <Combined_episodenumber>11</Combined_episodenumber>
  <Combined_season>2</Combined_season>
  <DVD_chapter></DVD_chapter>
  <DVD_discid></DVD_discid>
  <DVD_episodenumber></DVD_episodenumber>
  <DVD_season></DVD_season>
  <Director>Allan Kroeker</Director>
  <EpImgFlag>2</EpImgFlag>
  <EpisodeName>If Memory Serves</EpisodeName>
  <EpisodeNumber>11</EpisodeNumber>
  <FirstAired>2012-10-08</FirstAired>
  <GuestStars>Sean Astin|John Pyper-Ferguson|Lauren Holly|Mahershala Ali</GuestStars>
  <IMDB_ID>tt2270976</IMDB_ID>
  <Language>en</Language>
  <Overview>Hicks and Kat transport a valuable Parish asset; Roland holds the strategic intel they need to stop Parish.</Overview>
  <ProductionCode></ProductionCode>
  <Rating>7.7</Rating>
  <RatingCount>61</RatingCount>
  <SeasonNumber>2</SeasonNumber>
  <Writer>Terri Hughes Burton|Ron Milbauer</Writer>
  <absolute_number></absolute_number>
  <filename>episodes/210841/4399412.jpg</filename>
  <lastupdated>1363013214</lastupdated>
  <seasonid>477373</seasonid>
  <seriesid>210841</seriesid>
</Episode>
<Episode>
  <id>4399416</id>
  <Combined_episodenumber>12</Combined_episodenumber>
  <Combined_season>2</Combined_season>
  <DVD_chapter></DVD_chapter>
  <DVD_discid></DVD_discid>
  <DVD_episodenumber></DVD_episodenumber>
  <DVD_season></DVD_season>
  <Director>Nick Copus</Director>
  <EpImgFlag>2</EpImgFlag>
  <EpisodeName>Need to Know</EpisodeName>
  <EpisodeNumber>12</EpisodeNumber>
  <FirstAired>2012-10-15</FirstAired>
  <GuestStars>Sean Astin|John Pyper-Ferguson|Steve Byers|Elias Toufexis|Summer Glau</GuestStars>
  <IMDB_ID>tt2389318</IMDB_ID>
  <Language>en</Language>
  <Overview>Rose kidnaps and interrogates an Alpha prisoner; Harken and Gary search for Skylar.</Overview>
  <ProductionCode></ProductionCode>
  <Rating>7.9</Rating>
  <RatingCount>54</RatingCount>
  <SeasonNumber>2</SeasonNumber>
  <Writer>Michael Karnow|Adam Levy</Writer>
  <absolute_number></absolute_number>
  <filename>episodes/210841/4399416.jpg</filename>
  <lastupdated>1363013202</lastupdated>
  <seasonid>477373</seasonid>
  <seriesid>210841</seriesid>
</Episode>
<Episode>
  <id>4399419</id>
  <Combined_episodenumber>13</Combined_episodenumber>
  <Combined_season>2</Combined_season>
  <DVD_chapter></DVD_chapter>
  <DVD_discid></DVD_discid>
  <DVD_episodenumber></DVD_episodenumber>
  <DVD_season></DVD_season>
  <Director>Matthew Hastings</Director>
  <EpImgFlag>2</EpImgFlag>
  <EpisodeName>God's Eye</EpisodeName>
  <EpisodeNumber>13</EpisodeNumber>
  <FirstAired>2012-10-22</FirstAired>
  <GuestStars>John Pyper-Ferguson|Kathleen Munroe|Mahershala Ali|Steve Byers|Lisa Ryder|Summer Glau</GuestStars>
  <IMDB_ID>tt2389320</IMDB_ID>
  <Language>en</Language>
  <Overview>Rosen starts having hallucinations about his daughter; Rosen seeks a final confrontation with Alpha leader Stanton Parish.</Overview>
  <ProductionCode></ProductionCode>
  <Rating>7.9</Rating>
  <RatingCount>52</RatingCount>
  <SeasonNumber>2</SeasonNumber>
  <Writer>Bruce Miller</Writer>
  <absolute_number></absolute_number>
  <filename>episodes/210841/4399419.jpg</filename>
  <lastupdated>1363015315</lastupdated>
  <seasonid>477373</seasonid>
  <seriesid>210841</seriesid>
</Episode>
</Data>