<?xml version="1.0" encoding="UTF-8" ?>
<Actors>
<Actor>
  <id>72931</id>
  <Image>actors/72931.jpg</Image>
  <Name>Jennifer Westfeldt</Name>
  <Role>Lauren Stone</Role>
  <SortOrder>0</SortOrder>
</Actor>
<Actor>
  <id>72929</id>
  <Image>actors/72929.jpg</Image>
  <Name>Peter Cambor</Name>
  <Role>Andrew Stone</Role>
  <SortOrder>1</SortOrder>
</Actor>
<Actor>
  <id>79372</id>
  <Image>actors/79372.jpg</Image>
  <Name>Melanie Paxson</Name>
  <Role>Julie</Role>
  <SortOrder>2</SortOrder>
</Actor>
<Actor>
  <id>79373</id>
  <Image>actors/79373.jpg</Image>
  <Name>Sunkrish Bala</Name>
  <Role>Eric</Role>
  <SortOrder>3</SortOrder>
</Actor>
<Actor>
  <id>79371</id>
  <Image>actors/79371.jpg</Image>
  <Name>Michael Weaver</Name>
  <Role>Danny</Role>
  <SortOrder>3</SortOrder>
</Actor>
<Actor>
  <id>72930</id>
  <Image>actors/72930.jpg</Image>
  <Name>Rachael Harris</Name>
  <Role>Cooper</Role>
  <SortOrder>3</SortOrder>
</Actor>
</Actors>