<?xml version="1.0" encoding="UTF-8" ?>
<Data><Series>
  <id>80129</id>
  <Actors>|Jennifer Westfeldt|Peter Cambor|Melanie Paxson|Sunkrish Bala|Michael Weaver|Rachael Harris|</Actors>
  <Airs_DayOfWeek>Wednesday</Airs_DayOfWeek>
  <Airs_Time>9:30</Airs_Time>
  <ContentRating></ContentRating>
  <FirstAired>2007-04-11</FirstAired>
  <Genre>|Comedy|</Genre>
  <IMDB_ID>tt0801428</IMDB_ID>
  <Language>en</Language>
  <Network>ABC</Network>
  <NetworkID></NetworkID>
  <Overview>Everyone knows that when you have a baby your life changes, but no one points out that the very first way that it changes is that you have to lie to everyone you know for the first three months until it's safe to tell people. Andrew and Lauren have just found out they're going to be having a baby, and are having a slightly difficult time following rule number one – keeping it secret. </Overview>
  <Rating>6.0</Rating>
  <RatingCount>1</RatingCount>
  <Runtime>30</Runtime>
  <SeriesID>58464</SeriesID>
  <SeriesName>Notes from the Underbelly</SeriesName>
  <Status>Ended</Status>
  <added></added>
  <addedBy></addedBy>
  <banner>graphical/80129-g.jpg</banner>
  <fanart>fanart/original/80129-1.jpg</fanart>
  <lastupdated>1344369067</lastupdated>
  <poster>posters/80129-1.jpg</poster>
  <zap2it_id>SH848733</zap2it_id>
</Series>
<Episode>
  <id>329417</id>
  <Combined_episodenumber>1</Combined_episodenumber>
  <Combined_season>1</Combined_season>
  <DVD_chapter></DVD_chapter>
  <DVD_discid></DVD_discid>
  <DVD_episodenumber></DVD_episodenumber>
  <DVD_season></DVD_season>
  <Director>Barry Sonnenfeld</Director>
  <EpImgFlag>1</EpImgFlag>
  <EpisodeName>Pilot</EpisodeName>
  <EpisodeNumber>1</EpisodeNumber>
  <FirstAired>2007-04-12</FirstAired>
  <GuestStars></GuestStars>
  <IMDB_ID></IMDB_ID>
  <Language>en</Language>
  <Overview>Andrew and Lauren are deciding if they really want a family or not. But the advice from their friends is not helping them at all! Are they going to have a baby or are they going to continue their lives without one?</Overview>
  <ProductionCode>276011</ProductionCode>
  <Rating></Rating>
  <RatingCount>0</RatingCount>
  <SeasonNumber>1</SeasonNumber>
  <Writer>Stacy Traub</Writer>
  <absolute_number></absolute_number>
  <filename>episodes/80129/329417.jpg</filename>
  <lastupdated>1257678213</lastupdated>
  <seasonid>27567</seasonid>
  <seriesid>80129</seriesid>
</Episode>
<Episode>
  <id>329418</id>
  <Combined_episodenumber>2</Combined_episodenumber>
  <Combined_season>1</Combined_season>
  <DVD_chapter></DVD_chapter>
  <DVD_discid></DVD_discid>
  <DVD_episodenumber></DVD_episodenumber>
  <DVD_season></DVD_season>
  <Director>Barry Sonnenfeld</Director>
  <EpImgFlag>1</EpImgFlag>
  <EpisodeName>Animal Style</EpisodeName>
  <EpisodeNumber>2</EpisodeNumber>
  <FirstAired>2007-04-12</FirstAired>
  <GuestStars></GuestStars>
  <IMDB_ID></IMDB_ID>
  <Language>en</Language>
  <Overview>Andrew and Lauren are discovering that changes in their life is inevitable. While Lauren must trade her Mini Cooper for a mini-van, Andrew must get read of his hockey table. But things are getting complicated for Lauren when she learns that her driver license is expired and that she must do all of her tests all over again.</Overview>
  <ProductionCode>3T5901</ProductionCode>
  <Rating></Rating>
  <RatingCount>0</RatingCount>
  <SeasonNumber>1</SeasonNumber>
  <Writer>Stacy Traub</Writer>
  <absolute_number></absolute_number>
  <filename>episodes/80129/329418.jpg</filename>
  <lastupdated>1257678276</lastupdated>
  <seasonid>27567</seasonid>
  <seriesid>80129</seriesid>
</Episode>
<Episode>
  <id>329419</id>
  <Combined_episodenumber>3</Combined_episodenumber>
  <Combined_season>1</Combined_season>
  <DVD_chapter></DVD_chapter>
  <DVD_discid></DVD_discid>
  <DVD_episodenumber></DVD_episodenumber>
  <DVD_season></DVD_season>
  <Director>Barry Sonnenfeld</Director>
  <EpImgFlag>1</EpImgFlag>
  <EpisodeName>Million Dollar Baby</EpisodeName>
  <EpisodeNumber>3</EpisodeNumber>
  <FirstAired>2007-04-18</FirstAired>
  <GuestStars></GuestStars>
  <IMDB_ID>tt0879122</IMDB_ID>
  <Language>en</Language>
  <Overview>Because of the overwhelming impending costs of having a baby, Andrew looks for a way to save some money... at Lauren's expense. He decides to ask for Danny's help and takes additional landscaping jobs, even if neither are equipped for manual labor. During the meantime, Lauren wonders is she should continue to work or leave her job since he's not getting through to the students she counsels.</Overview>
  <ProductionCode>3T5902</ProductionCode>
  <Rating></Rating>
  <RatingCount>0</RatingCount>
  <SeasonNumber>1</SeasonNumber>
  <Writer>Mitch Hunter, Jana Hunter</Writer>
  <absolute_number></absolute_number>
  <filename>episodes/80129/329419.jpg</filename>
  <lastupdated>1257678328</lastupdated>
  <seasonid>27567</seasonid>
  <seriesid>80129</seriesid>
</Episode>
<Episode>
  <id>329420</id>
  <Combined_episodenumber>4</Combined_episodenumber>
  <Combined_season>1</Combined_season>
  <DVD_chapter></DVD_chapter>
  <DVD_discid></DVD_discid>
  <DVD_episodenumber></DVD_episodenumber>
  <DVD_season></DVD_season>
  <Director>Michael Patrick Jann</Director>
  <EpImgFlag>1</EpImgFlag>
  <EpisodeName>Oleander</EpisodeName>
  <EpisodeNumber>4</EpisodeNumber>
  <FirstAired>2007-04-25</FirstAired>
  <GuestStars></GuestStars>
  <IMDB_ID>tt0850988</IMDB_ID>
  <Language>en</Language>
  <Overview>With Lauren pregnant, the couple quickly find out the pros and cons of pregnancy. Lauren's pregnancy gets in the way of the couple when they try to have some intimacy. Meanwhile, Lauren's highly noticeable &quot;pregnancy&quot; breasts attires the attention of the rich students she counsels</Overview>
  <ProductionCode>3T5903</ProductionCode>
  <Rating></Rating>
  <RatingCount>0</RatingCount>
  <SeasonNumber>1</SeasonNumber>
  <Writer>Steve Joe</Writer>
  <absolute_number></absolute_number>
  <filename>episodes/80129/329420.jpg</filename>
  <lastupdated>1257678385</lastupdated>
  <seasonid>27567</seasonid>
  <seriesid>80129</seriesid>
</Episode>
<Episode>
  <id>329421</id>
  <Combined_episodenumber>5</Combined_episodenumber>
  <Combined_season>1</Combined_season>
  <DVD_chapter></DVD_chapter>
  <DVD_discid></DVD_discid>
  <DVD_episodenumber></DVD_episodenumber>
  <DVD_season></DVD_season>
  <Director>Barry Sonnenfeld</Director>
  <EpImgFlag>1</EpImgFlag>
  <EpisodeName>Julie &amp; Eric’s Baby</EpisodeName>
  <EpisodeNumber>5</EpisodeNumber>
  <FirstAired>2007-05-02</FirstAired>
  <GuestStars></GuestStars>
  <IMDB_ID>tt0851813</IMDB_ID>
  <Language>en</Language>
  <Overview>During a trip to the mall for makeup, Julie's water prematurely breaks. With Eric rushing home from a business trip, Julie ask her friends to be present during the birth. Andrew and Lauren must abruptly abandon their romantic weekend getaway. Danny offers to help by ensuring that their hotel plans don't go to waste.</Overview>
  <ProductionCode>104</ProductionCode>
  <Rating></Rating>
  <RatingCount>0</RatingCount>
  <SeasonNumber>1</SeasonNumber>
  <Writer>Gary Murphy</Writer>
  <absolute_number></absolute_number>
  <filename>episodes/80129/329421.jpg</filename>
  <lastupdated>1257678455</lastupdated>
  <seasonid>27567</seasonid>
  <seriesid>80129</seriesid>
</Episode>
<Episode>
  <id>329422</id>
  <Combined_episodenumber>6</Combined_episodenumber>
  <Combined_season>1</Combined_season>
  <DVD_chapter></DVD_chapter>
  <DVD_discid></DVD_discid>
  <DVD_episodenumber></DVD_episodenumber>
  <DVD_season></DVD_season>
  <Director>Barry Sonnenfeld</Director>
  <EpImgFlag>1</EpImgFlag>
  <EpisodeName>Mothers Milk</EpisodeName>
  <EpisodeNumber>6</EpisodeNumber>
  <FirstAired>2007-05-09</FirstAired>
  <GuestStars></GuestStars>
  <IMDB_ID>tt1026007</IMDB_ID>
  <Language>en</Language>
  <Overview>Breastfeeding! This will be the next dilemma for the couple. While Lauren isn't convinced it's necessary, Andrew refuse to changes his mind and claims that being a breastfed baby is the reason why he is successful today.. as a Landscaper Architect.

During the meantime, Julie and Eric relation isn't going better and the couple tries to reconnect after the birth of Baby Perry, while Cooper falls for an awesome employee.</Overview>
  <ProductionCode>105</ProductionCode>
  <Rating></Rating>
  <RatingCount>0</RatingCount>
  <SeasonNumber>1</SeasonNumber>
  <Writer>Lesley Wake Webster</Writer>
  <absolute_number></absolute_number>
  <filename>episodes/80129/329422.jpg</filename>
  <lastupdated>1257678542</lastupdated>
  <seasonid>27567</seasonid>
  <seriesid>80129</seriesid>
</Episode>
<Episode>
  <id>329423</id>
  <Combined_episodenumber>7</Combined_episodenumber>
  <Combined_season>1</Combined_season>
  <DVD_chapter></DVD_chapter>
  <DVD_discid></DVD_discid>
  <DVD_episodenumber></DVD_episodenumber>
  <DVD_season></DVD_season>
  <Director>James Frawley</Director>
  <EpImgFlag>1</EpImgFlag>
  <EpisodeName>Keeping Up Appearances</EpisodeName>
  <EpisodeNumber>7</EpisodeNumber>
  <FirstAired>2007-05-16</FirstAired>
  <GuestStars></GuestStars>
  <IMDB_ID>tt0863912</IMDB_ID>
  <Language>en</Language>
  <Overview>While Lauren tries to prove to her co-workers, and to herself, that being pregnant won't affect her job. But things don't turn out as planned, and the advice she gave to one of her students put her job in jeopardy. During the meantime, Julie and Cooper realize that they have only on thing in common --Lauren.</Overview>
  <ProductionCode>106</ProductionCode>
  <Rating></Rating>
  <RatingCount>0</RatingCount>
  <SeasonNumber>1</SeasonNumber>
  <Writer>John Quaintance</Writer>
  <absolute_number></absolute_number>
  <filename>episodes/80129/329423.jpg</filename>
  <lastupdated>1257678577</lastupdated>
  <seasonid>27567</seasonid>
  <seriesid>80129</seriesid>
</Episode>
<Episode>
  <id>329424</id>
  <Combined_episodenumber>8</Combined_episodenumber>
  <Combined_season>1</Combined_season>
  <DVD_chapter></DVD_chapter>
  <DVD_discid></DVD_discid>
  <DVD_episodenumber></DVD_episodenumber>
  <DVD_season></DVD_season>
  <Director>Victoria Hochberg</Director>
  <EpImgFlag>1</EpImgFlag>
  <EpisodeName>Surprise</EpisodeName>
  <EpisodeNumber>8</EpisodeNumber>
  <FirstAired>2007-05-16</FirstAired>
  <GuestStars></GuestStars>
  <IMDB_ID>tt0878006</IMDB_ID>
  <Language>en</Language>
  <Overview>Today is Andrew's birthday. Everyone has gathered to celebrate this special day. Even Andrew's old college buddy is there to celebrate. But the only problem is that Andrew doesn't like him --at all. Sadly, this day will turn for the worse when some of the biggest secrets are gonna be revealed.</Overview>
  <ProductionCode>107</ProductionCode>
  <Rating></Rating>
  <RatingCount>0</RatingCount>
  <SeasonNumber>1</SeasonNumber>
  <Writer>Steve Joe</Writer>
  <absolute_number></absolute_number>
  <filename>episodes/80129/329424.jpg</filename>
  <lastupdated>1257678639</lastupdated>
  <seasonid>27567</seasonid>
  <seriesid>80129</seriesid>
</Episode>
<Episode>
  <id>343436</id>
  <Combined_episodenumber>1</Combined_episodenumber>
  <Combined_season>2</Combined_season>
  <DVD_chapter></DVD_chapter>
  <DVD_discid></DVD_discid>
  <DVD_episodenumber></DVD_episodenumber>
  <DVD_season></DVD_season>
  <Director>Barry Sonnenfeld</Director>
  <EpImgFlag>1</EpImgFlag>
  <EpisodeName>She's Gotta Have It</EpisodeName>
  <EpisodeNumber>1</EpisodeNumber>
  <FirstAired>2007-11-26</FirstAired>
  <GuestStars></GuestStars>
  <IMDB_ID>tt0758768</IMDB_ID>
  <Language>en</Language>
  <Overview>Realizing he may be a pushover, Andrew forces himself to be more assertive. It proves to be a big turn-on for Lauren, until he embraces his opinions to the point where the delicate balance of their relationship is threatened. Eric and Julie hire a nanny who refuses to disavow the secret swaddling technique that instantly calms Baby Perry. Meanwhile, Danny and Cooper find themselves &quot;accidentally dating&quot; when he starts cooking for her in return for legal aide.</Overview>
  <ProductionCode></ProductionCode>
  <Rating></Rating>
  <RatingCount>0</RatingCount>
  <SeasonNumber>2</SeasonNumber>
  <Writer>Risa Green | Stacy Traub</Writer>
  <absolute_number></absolute_number>
  <filename>episodes/80129/343436.jpg</filename>
  <lastupdated>1263556919</lastupdated>
  <seasonid>29518</seasonid>
  <seriesid>80129</seriesid>
</Episode>
<Episode>
  <id>343437</id>
  <Combined_episodenumber>2</Combined_episodenumber>
  <Combined_season>2</Combined_season>
  <DVD_chapter></DVD_chapter>
  <DVD_discid></DVD_discid>
  <DVD_episodenumber></DVD_episodenumber>
  <DVD_season></DVD_season>
  <Director>Peter Lauer</Director>
  <EpImgFlag>1</EpImgFlag>
  <EpisodeName>The Blackout</EpisodeName>
  <EpisodeNumber>2</EpisodeNumber>
  <FirstAired>2007-12-03</FirstAired>
  <GuestStars></GuestStars>
  <IMDB_ID>tt0902719</IMDB_ID>
  <Language>en</Language>
  <Overview>After a power outage, Lauren suddenly becomes paranoid about every little thing and worries that she isn't ready to take care of a baby. Andrew, on the other hand, is feeling very confident about his parenting abilities -- until he kills a mock &quot;baby&quot; at their infant CPR class. Meanwhile Andrew's friend, Danny, excels in class by flirting with the 52-year-old-teacher, and Cooper uses Julie's sexy baby blog as a way to bond with the &quot;brown baggers&quot; at her firm.</Overview>
  <ProductionCode></ProductionCode>
  <Rating></Rating>
  <RatingCount>0</RatingCount>
  <SeasonNumber>2</SeasonNumber>
  <Writer>Risa Green | Aaron Korsh</Writer>
  <absolute_number></absolute_number>
  <filename>episodes/80129/343437.jpg</filename>
  <lastupdated>1263556947</lastupdated>
  <seasonid>29518</seasonid>
  <seriesid>80129</seriesid>
</Episode>
<Episode>
  <id>343438</id>
  <Combined_episodenumber>3</Combined_episodenumber>
  <Combined_season>2</Combined_season>
  <DVD_chapter></DVD_chapter>
  <DVD_discid></DVD_discid>
  <DVD_episodenumber></DVD_episodenumber>
  <DVD_season></DVD_season>
  <Director>Lev L. Spiro</Director>
  <EpImgFlag>1</EpImgFlag>
  <EpisodeName>Heather's Visit</EpisodeName>
  <EpisodeNumber>3</EpisodeNumber>
  <FirstAired>2007-12-10</FirstAired>
  <GuestStars></GuestStars>
  <IMDB_ID>tt0886986</IMDB_ID>
  <Language>en</Language>
  <Overview>When Lauren's cool younger sister, Heather, visits for a job interview, Lauren launches a campaign to convince her to move to Los Angeles. She would love to have Heather nearby when the baby's born, but will her aggressive attempts to sell her sister on LA end up pushing her away? Meanwhile, as Lauren's consumed with her sister's visit, Julie convinces Cooper to keep her company while Eric's away on business. But when new mom Julie falls asleep from exhaustion, Cooper is confronted with one of her greatest fears -- a crying baby Perry.</Overview>
  <ProductionCode></ProductionCode>
  <Rating></Rating>
  <RatingCount>0</RatingCount>
  <SeasonNumber>2</SeasonNumber>
  <Writer>Risa Green | Gary Murphy</Writer>
  <absolute_number></absolute_number>
  <filename>episodes/80129/343438.jpg</filename>
  <lastupdated>1263556989</lastupdated>
  <seasonid>29518</seasonid>
  <seriesid>80129</seriesid>
</Episode>
<Episode>
  <id>343439</id>
  <Combined_episodenumber>4</Combined_episodenumber>
  <Combined_season>2</Combined_season>
  <DVD_chapter></DVD_chapter>
  <DVD_discid></DVD_discid>
  <DVD_episodenumber></DVD_episodenumber>
  <DVD_season></DVD_season>
  <Director>Barnet Kellman</Director>
  <EpImgFlag>1</EpImgFlag>
  <EpisodeName>Not Without My Noodles</EpisodeName>
  <EpisodeNumber>4</EpisodeNumber>
  <FirstAired>2007-12-17</FirstAired>
  <GuestStars></GuestStars>
  <IMDB_ID>tt0883794</IMDB_ID>
  <Language>en</Language>
  <Overview>Cooper hopes that making a new friend will help take her mind off of Lauren’s baby issues. Andrew fixes up Julie and Eric’s yard for Perry’s party. This could cause problems for Eric and Julie, because Danny wants a job playing piano at the party. Can Eric and Julie have the party and keep their friendship with Danny?</Overview>
  <ProductionCode></ProductionCode>
  <Rating></Rating>
  <RatingCount>0</RatingCount>
  <SeasonNumber>2</SeasonNumber>
  <Writer>Risa Green | Jana Hunter</Writer>
  <absolute_number></absolute_number>
  <filename>episodes/80129/343439.jpg</filename>
  <lastupdated>1263557028</lastupdated>
  <seasonid>29518</seasonid>
  <seriesid>80129</seriesid>
</Episode>
<Episode>
  <id>343440</id>
  <Combined_episodenumber>5</Combined_episodenumber>
  <Combined_season>2</Combined_season>
  <DVD_chapter></DVD_chapter>
  <DVD_discid></DVD_discid>
  <DVD_episodenumber></DVD_episodenumber>
  <DVD_season></DVD_season>
  <Director>Joanna Kerns</Director>
  <EpImgFlag>1</EpImgFlag>
  <EpisodeName>If the Shoe Fits</EpisodeName>
  <EpisodeNumber>5</EpisodeNumber>
  <FirstAired>2008-01-14</FirstAired>
  <GuestStars></GuestStars>
  <IMDB_ID>tt1031305</IMDB_ID>
  <Language>en</Language>
  <Overview>Lauren and Andrew have to choose a guardian their daughter after a meeting with a lawyer doesn’t go so well, Lauren and Andrew decide to see how their neighbors will do as guardians. Plans to tell the neighbors the good news only get worse when Andrew lets the cat out of the bag too soon.</Overview>
  <ProductionCode></ProductionCode>
  <Rating></Rating>
  <RatingCount>0</RatingCount>
  <SeasonNumber>2</SeasonNumber>
  <Writer>Risa Green | Aaron Korsh</Writer>
  <absolute_number></absolute_number>
  <filename>episodes/80129/343440.jpg</filename>
  <lastupdated>1263557066</lastupdated>
  <seasonid>29518</seasonid>
  <seriesid>80129</seriesid>
</Episode>
<Episode>
  <id>352024</id>
  <Combined_episodenumber>6</Combined_episodenumber>
  <Combined_season>2</Combined_season>
  <DVD_chapter></DVD_chapter>
  <DVD_discid></DVD_discid>
  <DVD_episodenumber></DVD_episodenumber>
  <DVD_season></DVD_season>
  <Director>Barry Sonnenfeld</Director>
  <EpImgFlag>1</EpImgFlag>
  <EpisodeName>My Baby's Doctor</EpisodeName>
  <EpisodeNumber>6</EpisodeNumber>
  <FirstAired>2008-01-21</FirstAired>
  <GuestStars></GuestStars>
  <IMDB_ID>tt0891844</IMDB_ID>
  <Language>en</Language>
  <Overview>Julie and Andrew try to get Lauren’s mind off the pregnancy and on to something else. Danny wants to find a girl he hopes baby Perry will help him do that.</Overview>
  <ProductionCode></ProductionCode>
  <Rating></Rating>
  <RatingCount>0</RatingCount>
  <SeasonNumber>2</SeasonNumber>
  <Writer>Risa Green | Stacy Traub</Writer>
  <absolute_number></absolute_number>
  <filename>episodes/80129/352024.jpg</filename>
  <lastupdated>1263557102</lastupdated>
  <seasonid>29518</seasonid>
  <seriesid>80129</seriesid>
</Episode>
<Episode>
  <id>352025</id>
  <Combined_episodenumber>7</Combined_episodenumber>
  <Combined_season>2</Combined_season>
  <DVD_chapter></DVD_chapter>
  <DVD_discid></DVD_discid>
  <DVD_episodenumber></DVD_episodenumber>
  <DVD_season></DVD_season>
  <Director>Barnet Kellman</Director>
  <EpImgFlag>1</EpImgFlag>
  <EpisodeName>Friends and Neighbours</EpisodeName>
  <EpisodeNumber>7</EpisodeNumber>
  <FirstAired>2008-02-11</FirstAired>
  <GuestStars></GuestStars>
  <IMDB_ID>tt1031307</IMDB_ID>
  <Language>en</Language>
  <Overview>Lauren and Andrew's baby arrives well at a concert they soon discover there having a little trouble getting to the hospital.</Overview>
  <ProductionCode></ProductionCode>
  <Rating></Rating>
  <RatingCount>0</RatingCount>
  <SeasonNumber>2</SeasonNumber>
  <Writer>Risa Green | Aaron Korsh</Writer>
  <absolute_number></absolute_number>
  <filename>episodes/80129/352025.jpg</filename>
  <lastupdated>1263557145</lastupdated>
  <seasonid>29518</seasonid>
  <seriesid>80129</seriesid>
</Episode>
<Episode>
  <id>1552401</id>
  <Combined_episodenumber>8</Combined_episodenumber>
  <Combined_season>2</Combined_season>
  <DVD_chapter></DVD_chapter>
  <DVD_discid></DVD_discid>
  <DVD_episodenumber></DVD_episodenumber>
  <DVD_season></DVD_season>
  <Director></Director>
  <EpImgFlag>3</EpImgFlag>
  <EpisodeName>The List</EpisodeName>
  <EpisodeNumber>8</EpisodeNumber>
  <FirstAired></FirstAired>
  <GuestStars></GuestStars>
  <IMDB_ID></IMDB_ID>
  <Language>en</Language>
  <Overview></Overview>
  <ProductionCode></ProductionCode>
  <Rating></Rating>
  <RatingCount>0</RatingCount>
  <SeasonNumber>2</SeasonNumber>
  <Writer></Writer>
  <absolute_number></absolute_number>
  <filename>episodes/80129/1552401.jpg</filename>
  <lastupdated>1263557736</lastupdated>
  <seasonid>29518</seasonid>
  <seriesid>80129</seriesid>
</Episode>
<Episode>
  <id>1552411</id>
  <Combined_episodenumber>9</Combined_episodenumber>
  <Combined_season>2</Combined_season>
  <DVD_chapter></DVD_chapter>
  <DVD_discid></DVD_discid>
  <DVD_episodenumber></DVD_episodenumber>
  <DVD_season></DVD_season>
  <Director></Director>
  <EpImgFlag>3</EpImgFlag>
  <EpisodeName>Baby On Board</EpisodeName>
  <EpisodeNumber>9</EpisodeNumber>
  <FirstAired></FirstAired>
  <GuestStars></GuestStars>
  <IMDB_ID></IMDB_ID>
  <Language>en</Language>
  <Overview></Overview>
  <ProductionCode></ProductionCode>
  <Rating></Rating>
  <RatingCount>0</RatingCount>
  <SeasonNumber>2</SeasonNumber>
  <Writer></Writer>
  <absolute_number></absolute_number>
  <filename>episodes/80129/1552411.jpg</filename>
  <lastupdated>1263557750</lastupdated>
  <seasonid>29518</seasonid>
  <seriesid>80129</seriesid>
</Episode>
<Episode>
  <id>1552421</id>
  <Combined_episodenumber>10</Combined_episodenumber>
  <Combined_season>2</Combined_season>
  <DVD_chapter></DVD_chapter>
  <DVD_discid></DVD_discid>
  <DVD_episodenumber></DVD_episodenumber>
  <DVD_season></DVD_season>
  <Director></Director>
  <EpImgFlag>3</EpImgFlag>
  <EpisodeName>Odd Man Out</EpisodeName>
  <EpisodeNumber>10</EpisodeNumber>
  <FirstAired></FirstAired>
  <GuestStars></GuestStars>
  <IMDB_ID></IMDB_ID>
  <Language>en</Language>
  <Overview></Overview>
  <ProductionCode></ProductionCode>
  <Rating></Rating>
  <RatingCount>0</RatingCount>
  <SeasonNumber>2</SeasonNumber>
  <Writer></Writer>
  <absolute_number></absolute_number>
  <filename>episodes/80129/1552421.jpg</filename>
  <lastupdated>1263557762</lastupdated>
  <seasonid>29518</seasonid>
  <seriesid>80129</seriesid>
</Episode>
<Episode>
  <id>1552431</id>
  <Combined_episodenumber>11</Combined_episodenumber>
  <Combined_season>2</Combined_season>
  <DVD_chapter></DVD_chapter>
  <DVD_discid></DVD_discid>
  <DVD_episodenumber></DVD_episodenumber>
  <DVD_season></DVD_season>
  <Director></Director>
  <EpImgFlag>3</EpImgFlag>
  <EpisodeName>First Night Out</EpisodeName>
  <EpisodeNumber>11</EpisodeNumber>
  <FirstAired></FirstAired>
  <GuestStars></GuestStars>
  <IMDB_ID></IMDB_ID>
  <Language>en</Language>
  <Overview></Overview>
  <ProductionCode></ProductionCode>
  <Rating></Rating>
  <RatingCount>0</RatingCount>
  <SeasonNumber>2</SeasonNumber>
  <Writer></Writer>
  <absolute_number></absolute_number>
  <filename>episodes/80129/1552431.jpg</filename>
  <lastupdated>1263557906</lastupdated>
  <seasonid>29518</seasonid>
  <seriesid>80129</seriesid>
</Episode>
<Episode>
  <id>1552441</id>
  <Combined_episodenumber>12</Combined_episodenumber>
  <Combined_season>2</Combined_season>
  <DVD_chapter></DVD_chapter>
  <DVD_discid></DVD_discid>
  <DVD_episodenumber></DVD_episodenumber>
  <DVD_season></DVD_season>
  <Director></Director>
  <EpImgFlag>3</EpImgFlag>
  <EpisodeName>The Circle of Life</EpisodeName>
  <EpisodeNumber>12</EpisodeNumber>
  <FirstAired></FirstAired>
  <GuestStars></GuestStars>
  <IMDB_ID></IMDB_ID>
  <Language>en</Language>
  <Overview></Overview>
  <ProductionCode></ProductionCode>
  <Rating></Rating>
  <RatingCount>0</RatingCount>
  <SeasonNumber>2</SeasonNumber>
  <Writer></Writer>
  <absolute_number></absolute_number>
  <filename>episodes/80129/1552441.jpg</filename>
  <lastupdated>1263557916</lastupdated>
  <seasonid>29518</seasonid>
  <seriesid>80129</seriesid>
</Episode>
<Episode>
  <id>1552451</id>
  <Combined_episodenumber>13</Combined_episodenumber>
  <Combined_season>2</Combined_season>
  <DVD_chapter></DVD_chapter>
  <DVD_discid></DVD_discid>
  <DVD_episodenumber></DVD_episodenumber>
  <DVD_season></DVD_season>
  <Director></Director>
  <EpImgFlag>3</EpImgFlag>
  <EpisodeName>Spinning Out Of Control</EpisodeName>
  <EpisodeNumber>13</EpisodeNumber>
  <FirstAired></FirstAired>
  <GuestStars></GuestStars>
  <IMDB_ID></IMDB_ID>
  <Language>en</Language>
  <Overview></Overview>
  <ProductionCode></ProductionCode>
  <Rating></Rating>
  <RatingCount>0</RatingCount>
  <SeasonNumber>2</SeasonNumber>
  <Writer></Writer>
  <absolute_number></absolute_number>
  <filename>episodes/80129/1552451.jpg</filename>
  <lastupdated>1263557935</lastupdated>
  <seasonid>29518</seasonid>
  <seriesid>80129</seriesid>
</Episode>
<Episode>
  <id>1552461</id>
  <Combined_episodenumber>14</Combined_episodenumber>
  <Combined_season>2</Combined_season>
  <DVD_chapter></DVD_chapter>
  <DVD_discid></DVD_discid>
  <DVD_episodenumber></DVD_episodenumber>
  <DVD_season></DVD_season>
  <Director></Director>
  <EpImgFlag>3</EpImgFlag>
  <EpisodeName>Accidental Family Bed</EpisodeName>
  <EpisodeNumber>14</EpisodeNumber>
  <FirstAired></FirstAired>
  <GuestStars></GuestStars>
  <IMDB_ID></IMDB_ID>
  <Language>en</Language>
  <Overview></Overview>
  <ProductionCode></ProductionCode>
  <Rating></Rating>
  <RatingCount>0</RatingCount>
  <SeasonNumber>2</SeasonNumber>
  <Writer></Writer>
  <absolute_number></absolute_number>
  <filename>episodes/80129/1552461.jpg</filename>
  <lastupdated>1263557953</lastupdated>
  <seasonid>29518</seasonid>
  <seriesid>80129</seriesid>
</Episode>
<Episode>
  <id>1552471</id>
  <Combined_episodenumber>15</Combined_episodenumber>
  <Combined_season>2</Combined_season>
  <DVD_chapter></DVD_chapter>
  <DVD_discid></DVD_discid>
  <DVD_episodenumber></DVD_episodenumber>
  <DVD_season></DVD_season>
  <Director></Director>
  <EpImgFlag>3</EpImgFlag>
  <EpisodeName>The Weekend</EpisodeName>
  <EpisodeNumber>15</EpisodeNumber>
  <FirstAired></FirstAired>
  <GuestStars></GuestStars>
  <IMDB_ID></IMDB_ID>
  <Language>en</Language>
  <Overview></Overview>
  <ProductionCode></ProductionCode>
  <Rating></Rating>
  <RatingCount>0</RatingCount>
  <SeasonNumber>2</SeasonNumber>
  <Writer></Writer>
  <absolute_number></absolute_number>
  <filename>episodes/80129/1552471.jpg</filename>
  <lastupdated>1263557965</lastupdated>
  <seasonid>29518</seasonid>
  <seriesid>80129</seriesid>
</Episode>
</Data>