<?xml version="1.0" encoding="UTF-8" ?>
<Actors>
<Actor>
  <id>68636</id>
  <Image>actors/68636.jpg</Image>
  <Name>Lake Bell</Name>
  <Role>Dr. Laura Daughtery (15 episodes, 2005-2006)</Role>
  <SortOrder>0</SortOrder>
</Actor>
<Actor>
  <id>68635</id>
  <Image>actors/68635.jpg</Image>
  <Name>Carter Jenkins</Name>
  <Role>Miles Barnett (15 episodes, 2005-2006)</Role>
  <SortOrder>1</SortOrder>
</Actor>
<Actor>
  <id>68637</id>
  <Image>actors/68637.jpg</Image>
  <Name>Jay R. Ferguson</Name>
  <Role>Rich Connelly (15 episodes, 2005-2006)</Role>
  <SortOrder>2</SortOrder>
</Actor>
<Actor>
  <id>68639</id>
  <Image>actors/68639.jpg</Image>
  <Name>Ian Anthony Dale</Name>
  <Role>Davis Lee (11 episodes, 2005-2006)</Role>
  <SortOrder>3</SortOrder>
</Actor>
<Actor>
  <id>68638</id>
  <Image>actors/68638.jpg</Image>
  <Name>Eddie Hassell</Name>
  <Role>Phil Nance (10 episodes, 2005-2006)</Role>
  <SortOrder>3</SortOrder>
</Actor>
<Actor>
  <id>68634</id>
  <Image>actors/68634.jpg</Image>
  <Name>Leighton Meester</Name>
  <Role>Savannah Barnett (12 episodes, 2005-2006)</Role>
  <SortOrder>3</SortOrder>
</Actor>
<Actor>
  <id>270041</id>
  <Image>actors/270041.jpg</Image>
  <Name>Bobby Coleman</Name>
  <Role>Jesse Daughtery (7 episodes, 2005-2006)</Role>
  <SortOrder>3</SortOrder>
</Actor>
<Actor>
  <id>158721</id>
  <Image>actors/158721.jpg</Image>
  <Name>Austin Nichols</Name>
  <Role>Jackson Holden (4 episodes, 2005-2006)</Role>
  <SortOrder>3</SortOrder>
</Actor>
<Actor>
  <id>158711</id>
  <Image>actors/158711.jpg</Image>
  <Name>Rade Serbedzija</Name>
  <Role>Dr. Aleksander Cirko (6 episodes, 2005)</Role>
  <SortOrder>3</SortOrder>
</Actor>
<Actor>
  <id>145231</id>
  <Image>actors/145231.jpg</Image>
  <Name>Linsey Godfrey</Name>
  <Role>Caitlin Blum (5 episodes, 2006)</Role>
  <SortOrder>3</SortOrder>
</Actor>
</Actors>