<?xml version="1.0" encoding="UTF-8" ?>
<Banners>
<Banner>
  <id>58981</id>
  <BannerPath>fanart/original/78906-5.jpg</BannerPath>
  <BannerType>fanart</BannerType>
  <BannerType2>1280x720</BannerType2>
  <Colors></Colors>
  <Language>en</Language>
  <Rating>10.0000</Rating>
  <RatingCount>1</RatingCount>
  <SeriesName>false</SeriesName>
  <ThumbnailPath>_cache/fanart/original/78906-5.jpg</ThumbnailPath>
  <VignettePath>fanart/vignette/78906-5.jpg</VignettePath>
</Banner>
<Banner>
  <id>28167</id>
  <BannerPath>fanart/original/78906-4.jpg</BannerPath>
  <BannerType>fanart</BannerType>
  <BannerType2>1920x1080</BannerType2>
  <Colors></Colors>
  <Language>en</Language>
  <Rating>8.0000</Rating>
  <RatingCount>2</RatingCount>
  <SeriesName>false</SeriesName>
  <ThumbnailPath>_cache/fanart/original/78906-4.jpg</ThumbnailPath>
  <VignettePath>fanart/vignette/78906-4.jpg</VignettePath>
</Banner>
<Banner>
  <id>420171</id>
  <BannerPath>fanart/original/78906-7.jpg</BannerPath>
  <BannerType>fanart</BannerType>
  <BannerType2>1280x720</BannerType2>
  <Colors></Colors>
  <Language>en</Language>
  <Rating>7.0000</Rating>
  <RatingCount>1</RatingCount>
  <SeriesName>false</SeriesName>
  <ThumbnailPath>_cache/fanart/original/78906-7.jpg</ThumbnailPath>
  <VignettePath>fanart/vignette/78906-7.jpg</VignettePath>
</Banner>
<Banner>
  <id>420191</id>
  <BannerPath>fanart/original/78906-9.jpg</BannerPath>
  <BannerType>fanart</BannerType>
  <BannerType2>1280x720</BannerType2>
  <Colors></Colors>
  <Language>en</Language>
  <Rating>7.0000</Rating>
  <RatingCount>1</RatingCount>
  <SeriesName>false</SeriesName>
  <ThumbnailPath>_cache/fanart/original/78906-9.jpg</ThumbnailPath>
  <VignettePath>fanart/vignette/78906-9.jpg</VignettePath>
</Banner>
<Banner>
  <id>420211</id>
  <BannerPath>fanart/original/78906-10.jpg</BannerPath>
  <BannerType>fanart</BannerType>
  <BannerType2>1280x720</BannerType2>
  <Colors></Colors>
  <Language>en</Language>
  <Rating>7.0000</Rating>
  <RatingCount>1</RatingCount>
  <SeriesName>false</SeriesName>
  <ThumbnailPath>_cache/fanart/original/78906-10.jpg</ThumbnailPath>
  <VignettePath>fanart/vignette/78906-10.jpg</VignettePath>
</Banner>
<Banner>
  <id>420181</id>
  <BannerPath>fanart/original/78906-8.jpg</BannerPath>
  <BannerType>fanart</BannerType>
  <BannerType2>1280x720</BannerType2>
  <Colors></Colors>
  <Language>en</Language>
  <Rating>7.0000</Rating>
  <RatingCount>1</RatingCount>
  <SeriesName>false</SeriesName>
  <ThumbnailPath>_cache/fanart/original/78906-8.jpg</ThumbnailPath>
  <VignettePath>fanart/vignette/78906-8.jpg</VignettePath>
</Banner>
<Banner>
  <id>261611</id>
  <BannerPath>fanart/original/78906-6.jpg</BannerPath>
  <BannerType>fanart</BannerType>
  <BannerType2>1280x720</BannerType2>
  <Colors></Colors>
  <Language>en</Language>
  <Rating>7.0000</Rating>
  <RatingCount>1</RatingCount>
  <SeriesName>true</SeriesName>
  <ThumbnailPath>_cache/fanart/original/78906-6.jpg</ThumbnailPath>
  <VignettePath>fanart/vignette/78906-6.jpg</VignettePath>
</Banner>
<Banner>
  <id>420231</id>
  <BannerPath>fanart/original/78906-11.jpg</BannerPath>
  <BannerType>fanart</BannerType>
  <BannerType2>1280x720</BannerType2>
  <Colors></Colors>
  <Language>en</Language>
  <Rating>7.0000</Rating>
  <RatingCount>1</RatingCount>
  <SeriesName>false</SeriesName>
  <ThumbnailPath>_cache/fanart/original/78906-11.jpg</ThumbnailPath>
  <VignettePath>fanart/vignette/78906-11.jpg</VignettePath>
</Banner>
<Banner>
  <id>24311</id>
  <BannerPath>fanart/original/78906-2.jpg</BannerPath>
  <BannerType>fanart</BannerType>
  <BannerType2>1920x1080</BannerType2>
  <Colors></Colors>
  <Language>en</Language>
  <Rating>6.6667</Rating>
  <RatingCount>3</RatingCount>
  <SeriesName>false</SeriesName>
  <ThumbnailPath>_cache/fanart/original/78906-2.jpg</ThumbnailPath>
  <VignettePath>fanart/vignette/78906-2.jpg</VignettePath>
</Banner>
<Banner>
  <id>28166</id>
  <BannerPath>fanart/original/78906-3.jpg</BannerPath>
  <BannerType>fanart</BannerType>
  <BannerType2>1280x720</BannerType2>
  <Colors></Colors>
  <Language>en</Language>
  <Rating>6.0000</Rating>
  <RatingCount>1</RatingCount>
  <SeriesName>false</SeriesName>
  <ThumbnailPath>_cache/fanart/original/78906-3.jpg</ThumbnailPath>
  <VignettePath>fanart/vignette/78906-3.jpg</VignettePath>
</Banner>
<Banner>
  <id>21331</id>
  <BannerPath>fanart/original/78906-1.jpg</BannerPath>
  <BannerType>fanart</BannerType>
  <BannerType2>1280x720</BannerType2>
  <Colors>|57,255,255|0,2,15|1,33,44|</Colors>
  <Language>en</Language>
  <Rating>3.0000</Rating>
  <RatingCount>1</RatingCount>
  <SeriesName>false</SeriesName>
  <ThumbnailPath>_cache/fanart/original/78906-1.jpg</ThumbnailPath>
  <VignettePath>fanart/vignette/78906-1.jpg</VignettePath>
</Banner>
<Banner>
  <id>58971</id>
  <BannerPath>posters/78906-2.jpg</BannerPath>
  <BannerType>poster</BannerType>
  <BannerType2>680x1000</BannerType2>
  <Language>en</Language>
  <Rating>6.3333</Rating>
  <RatingCount>3</RatingCount>
</Banner>
<Banner>
  <id>921806</id>
  <BannerPath>posters/78906-4.jpg</BannerPath>
  <BannerType>poster</BannerType>
  <BannerType2>680x1000</BannerType2>
  <Language>en</Language>
  <Rating></Rating>
  <RatingCount>0</RatingCount>
</Banner>
<Banner>
  <id>28168</id>
  <BannerPath>posters/78906-1.jpg</BannerPath>
  <BannerType>poster</BannerType>
  <BannerType2>680x1000</BannerType2>
  <Language>en</Language>
  <Rating></Rating>
  <RatingCount>0</RatingCount>
</Banner>
<Banner>
  <id>292871</id>
  <BannerPath>posters/78906-3.jpg</BannerPath>
  <BannerType>poster</BannerType>
  <BannerType2>680x1000</BannerType2>
  <Language>en</Language>
  <Rating></Rating>
  <RatingCount>0</RatingCount>
</Banner>
<Banner>
  <id>7697</id>
  <BannerPath>seasons/32412-1-2.jpg</BannerPath>
  <BannerType>season</BannerType>
  <BannerType2>season</BannerType2>
  <Language>en</Language>
  <Rating></Rating>
  <RatingCount>0</RatingCount>
  <Season>1</Season>
</Banner>
<Banner>
  <id>15105</id>
  <BannerPath>seasons/78906-1.jpg</BannerPath>
  <BannerType>season</BannerType>
  <BannerType2>season</BannerType2>
  <Language>fr</Language>
  <Rating></Rating>
  <RatingCount>0</RatingCount>
  <Season>1</Season>
</Banner>
<Banner>
  <id>6772</id>
  <BannerPath>seasons/32412-1.jpg</BannerPath>
  <BannerType>season</BannerType>
  <BannerType2>season</BannerType2>
  <Language>en</Language>
  <Rating></Rating>
  <RatingCount>0</RatingCount>
  <Season>1</Season>
</Banner>
<Banner>
  <id>926765</id>
  <BannerPath>graphical/78906-g3.jpg</BannerPath>
  <BannerType>series</BannerType>
  <BannerType2>graphical</BannerType2>
  <Language>en</Language>
  <Rating>7.0000</Rating>
  <RatingCount>1</RatingCount>
</Banner>
<Banner>
  <id>5284</id>
  <BannerPath>graphical/32412-g.jpg</BannerPath>
  <BannerType>series</BannerType>
  <BannerType2>graphical</BannerType2>
  <Language>en</Language>
  <Rating>7.0000</Rating>
  <RatingCount>1</RatingCount>
</Banner>
<Banner>
  <id>418461</id>
  <BannerPath>graphical/78906-g.jpg</BannerPath>
  <BannerType>series</BannerType>
  <BannerType2>graphical</BannerType2>
  <Language>en</Language>
  <Rating>6.0000</Rating>
  <RatingCount>1</RatingCount>
</Banner>
<Banner>
  <id>418471</id>
  <BannerPath>graphical/78906-g2.jpg</BannerPath>
  <BannerType>series</BannerType>
  <BannerType2>graphical</BannerType2>
  <Language>en</Language>
  <Rating></Rating>
  <RatingCount>0</RatingCount>
</Banner>
<Banner>
  <id>12910</id>
  <BannerPath>blank/78906.jpg</BannerPath>
  <BannerType>series</BannerType>
  <BannerType2>blank</BannerType2>
  <Language>en</Language>
  <Rating></Rating>
  <RatingCount>0</RatingCount>
</Banner>
<Banner>
  <id>9444</id>
  <BannerPath>text/32412.jpg</BannerPath>
  <BannerType>series</BannerType>
  <BannerType2>text</BannerType2>
  <Language>en</Language>
  <Rating></Rating>
  <RatingCount>0</RatingCount>
</Banner>
</Banners>