<?xml version="1.0" encoding="UTF-8" ?>
<Data><Series>
  <id>78906</id>
  <Actors>|Lake Bell|Carter Jenkins|Jay R. Ferguson|Ian Anthony Dale|Eddie Hassell|Leighton Meester|Bobby Coleman|Austin Nichols|Rade Serbedzija|Linsey Godfrey|</Actors>
  <Airs_DayOfWeek>Monday</Airs_DayOfWeek>
  <Airs_Time>8:00 PM</Airs_Time>
  <ContentRating>TV-PG</ContentRating>
  <FirstAired>2005-09-19</FirstAired>
  <Genre>|Science-Fiction|</Genre>
  <IMDB_ID>tt0452718</IMDB_ID>
  <Language>en</Language>
  <Network>NBC</Network>
  <NetworkID></NetworkID>
  <Overview>Ever wonder what life would be like if a new form of sea life began to appear in locales all over the earth? Surface is an expansive drama and undersea adventure that centers on the appearance of mysterious sea creatures in the deep ocean - and tracks the lives of four characters. They are: Daughtery Carstarphen (Lake Bell, Boston Legal), the young oceanographer who discovers the secret; Dr. Aleksander Cirko (Rade Sherbedgia, Snatch), the government scientist who tries to keep things under wraps; Richard Owen (Jay R. Ferguson, Judging Amy), the Louisiana fisherman who loses his brother in a suspicious diving accident; and Miles (Carter Jenkins, CSI: New York), the young boy who brings the creatures ashore. The mystery ensnares a spectrum of people, including naval officers in the South Antarctic Sea, a family in San Diego, scientists from the Oceanographic Institute in Monterey, and fishermen in the Gulf of Mexico.</Overview>
  <Rating>7.4</Rating>
  <RatingCount>20</RatingCount>
  <Runtime>60</Runtime>
  <SeriesID>32412</SeriesID>
  <SeriesName>Surface</SeriesName>
  <Status>Ended</Status>
  <added></added>
  <addedBy></addedBy>
  <banner>graphical/32412-g.jpg</banner>
  <fanart>fanart/original/78906-5.jpg</fanart>
  <lastupdated>1359840231</lastupdated>
  <poster>posters/78906-2.jpg</poster>
  <zap2it_id>SH753827</zap2it_id>
</Series>
<Episode>
  <id>1143081</id>
  <Combined_episodenumber>1</Combined_episodenumber>
  <Combined_season>0</Combined_season>
  <DVD_chapter></DVD_chapter>
  <DVD_discid></DVD_discid>
  <DVD_episodenumber></DVD_episodenumber>
  <DVD_season></DVD_season>
  <Director></Director>
  <EpImgFlag></EpImgFlag>
  <EpisodeName>Sci-Fi Special Effects</EpisodeName>
  <EpisodeNumber>1</EpisodeNumber>
  <FirstAired></FirstAired>
  <GuestStars></GuestStars>
  <IMDB_ID></IMDB_ID>
  <Language>en</Language>
  <Overview></Overview>
  <ProductionCode></ProductionCode>
  <Rating></Rating>
  <RatingCount>0</RatingCount>
  <SeasonNumber>0</SeasonNumber>
  <Writer></Writer>
  <absolute_number></absolute_number>
  <airsafter_season></airsafter_season>
  <airsbefore_episode></airsbefore_episode>
  <airsbefore_season></airsbefore_season>
  <filename></filename>
  <lastupdated>1254583597</lastupdated>
  <seasonid>26358</seasonid>
  <seriesid>78906</seriesid>
</Episode>
<Episode>
  <id>298859</id>
  <Combined_episodenumber>1</Combined_episodenumber>
  <Combined_season>1</Combined_season>
  <DVD_chapter></DVD_chapter>
  <DVD_discid></DVD_discid>
  <DVD_episodenumber></DVD_episodenumber>
  <DVD_season></DVD_season>
  <Director>|Jonas Pate|Josh Pate|</Director>
  <EpImgFlag></EpImgFlag>
  <EpisodeName>There's something strange going on in the world's oceans</EpisodeName>
  <EpisodeNumber>1</EpisodeNumber>
  <FirstAired>2005-09-19</FirstAired>
  <GuestStars>|Austin Tichenor| Ramon Chavez| Anson Scoville| Grant Garrison| Randy Oglesby| Bill Bolender| Brian Patrick Wade| Travis  Brorsen| Donn Swaby| Eric Pierpoint| John Aylward| Susan Merson| Don Tai| Johanna Braddy| Stephanie Siemiller| Kristen Ariza| Brent Se|</GuestStars>
  <IMDB_ID></IMDB_ID>
  <Language>en</Language>
  <Overview>People all over the world experience bizarre encounters involving strange new creatures in the oceans. Among those people are Laura Daughtery, a marine biologist and single mother working in California, Richard Connelly, a Louisiana family man fishing in the Gulf of Mexico, and Miles Bennett, a North Carolina teen who finds one of the creatures' eggs.
</Overview>
  <ProductionCode></ProductionCode>
  <Rating>7.3</Rating>
  <RatingCount>7</RatingCount>
  <SeasonNumber>1</SeasonNumber>
  <Writer>|Josh Pate|Jonas Pate|</Writer>
  <absolute_number>1</absolute_number>
  <filename>episodes/78906/298859.jpg</filename>
  <lastupdated>1325594656</lastupdated>
  <seasonid>15837</seasonid>
  <seriesid>78906</seriesid>
</Episode>
<Episode>
  <id>298860</id>
  <Combined_episodenumber>2</Combined_episodenumber>
  <Combined_season>1</Combined_season>
  <DVD_chapter></DVD_chapter>
  <DVD_discid></DVD_discid>
  <DVD_episodenumber></DVD_episodenumber>
  <DVD_season></DVD_season>
  <Director>Jeffrey Reiner</Director>
  <EpImgFlag></EpImgFlag>
  <EpisodeName>The mystery of the ocean is now on land</EpisodeName>
  <EpisodeNumber>2</EpisodeNumber>
  <FirstAired>2005-09-26</FirstAired>
  <GuestStars>|Dwayne Boyd|Melinda M. Jackson|Conor O'Farrell|Scott  Kirkpatrick|Daniel Newman|Sam  Robson|Victoria  Staley|Stephen Delaney|Dan Cox|Darrell Vanterpool|Chandler McIntyre|Allen  Fortier|Brent Sexton|James  Middleton|Leslea Fisher|</GuestStars>
  <IMDB_ID></IMDB_ID>
  <Language>en</Language>
  <Overview>After a mysterious animal carcass is discovered on the shore of Sullivan's Island, Laura and Rich head there to look for some answers but instead get detained for questioning. Also, a team of scientists face a hazardous autopsy of the deceased creature.  Meanwhile, Miles decides to name his new discovery Nimrod but faces panic and trouble when Savannah throws a party at which point Nimrod ends up escaping.
</Overview>
  <ProductionCode>102</ProductionCode>
  <Rating>7.1</Rating>
  <RatingCount>7</RatingCount>
  <SeasonNumber>1</SeasonNumber>
  <Writer>Josh Pate</Writer>
  <absolute_number>2</absolute_number>
  <filename>episodes/78906/298860.jpg</filename>
  <lastupdated>1325594764</lastupdated>
  <seasonid>15837</seasonid>
  <seriesid>78906</seriesid>
</Episode>
<Episode>
  <id>298861</id>
  <Combined_episodenumber>3</Combined_episodenumber>
  <Combined_season>1</Combined_season>
  <DVD_chapter></DVD_chapter>
  <DVD_discid></DVD_discid>
  <DVD_episodenumber></DVD_episodenumber>
  <DVD_season></DVD_season>
  <Director>Aaron Lipstadt</Director>
  <EpImgFlag></EpImgFlag>
  <EpisodeName>Things are heating up under the ocean</EpisodeName>
  <EpisodeNumber>3</EpisodeNumber>
  <FirstAired>2005-10-03</FirstAired>
  <GuestStars>|Jennifer Badger|David Sherrell|Emily Labelle|Adam Heffernan|Max Darby|Denise Bass Dayahtry|Kate Leahey|Thomas Elliott|Ben Jones|Fred Maske|Carver Johns|Rob Trevelier|Eric Paisley|Billy White|Monica Williamson|Lucinda Carmicheal|Vict|</GuestStars>
  <IMDB_ID></IMDB_ID>
  <Language>en</Language>
  <Overview>The phenomena becomes more widespread as similar creatures wreak havoc on the coast of Texas. Laura gets more upset after she loses her job, while Rich still has a difficult time getting over the loss of his brother. Rich's situation gets worse when he starts to hear his brother's voice when he is near water. Cirko and Lee find that the creatures have been digging under the ocean bed, which could link them to global warming. Meanwhile, Miles discovers that it's not safe to raise Nimrod in the backyard when lightning strikes.
</Overview>
  <ProductionCode></ProductionCode>
  <Rating>7.0</Rating>
  <RatingCount>6</RatingCount>
  <SeasonNumber>1</SeasonNumber>
  <Writer>Jonas Pate</Writer>
  <absolute_number>3</absolute_number>
  <filename>episodes/78906/298861.jpg</filename>
  <lastupdated>1325594951</lastupdated>
  <seasonid>15837</seasonid>
  <seriesid>78906</seriesid>
</Episode>
<Episode>
  <id>298862</id>
  <Combined_episodenumber>4</Combined_episodenumber>
  <Combined_season>1</Combined_season>
  <DVD_chapter></DVD_chapter>
  <DVD_discid></DVD_discid>
  <DVD_episodenumber></DVD_episodenumber>
  <DVD_season></DVD_season>
  <Director>Felix Enriquez Alcala</Director>
  <EpImgFlag></EpImgFlag>
  <EpisodeName>It is time to track these unidentified species</EpisodeName>
  <EpisodeNumber>4</EpisodeNumber>
  <FirstAired>2005-10-10</FirstAired>
  <GuestStars>|Brent Sexton|Austin Nichols|David Silverhorn|Samuel Elliotte Whisnant|Taylor Kowalski|Calvin Brown|Brenda Lo|Stephanie Siemiller|Mimmye Goode|Deacon Dawson|Sarah Sullivan|Michael Harding|Sharon Graci|Bill Roberson|E. Roger Mitchell|</GuestStars>
  <IMDB_ID></IMDB_ID>
  <Language>en</Language>
  <Overview>Laura and Jackson head out to sea where she ends up using a GPS device to track one of the creatures. Rich finds proof that the sinkholes in his visions are real causing him to continue obsessing over his brother's death. Meanwhile, Lee tries to talk Cirko out of telling the Pentagon that the new species should be considered extremely dangerous.
</Overview>
  <ProductionCode></ProductionCode>
  <Rating>7.0</Rating>
  <RatingCount>5</RatingCount>
  <SeasonNumber>1</SeasonNumber>
  <Writer>David Greenwalt</Writer>
  <absolute_number>4</absolute_number>
  <filename>episodes/78906/298862.jpg</filename>
  <lastupdated>1325595124</lastupdated>
  <seasonid>15837</seasonid>
  <seriesid>78906</seriesid>
</Episode>
<Episode>
  <id>300561</id>
  <Combined_episodenumber>5</Combined_episodenumber>
  <Combined_season>1</Combined_season>
  <DVD_chapter></DVD_chapter>
  <DVD_discid></DVD_discid>
  <DVD_episodenumber></DVD_episodenumber>
  <DVD_season></DVD_season>
  <Director>Jeff Woolnough</Director>
  <EpImgFlag></EpImgFlag>
  <EpisodeName>Who turned out the lights</EpisodeName>
  <EpisodeNumber>5</EpisodeNumber>
  <FirstAired>2005-10-17</FirstAired>
  <GuestStars>|Victoria  Staley|Lori Beth Edgeman|Maggie Alexander|Chris Jarman|Ann Pierce|Joe Inscoe|Joe Chrest|Jackson Sowell|Jason Sauder|Dan Morris|Craig Calloway|David Andrews|</GuestStars>
  <IMDB_ID></IMDB_ID>
  <Language>en</Language>
  <Overview>Laura and Richard reunite and use a GPS device to track one of the creatures to a local pier in California while Cirko and Lee consider asking Laura to join them in their investigation. Meanwhile, Miles and Phil fight to keep Nimrod a secret when suspicious Animal Control officers search for a missing neighborhood dog.
</Overview>
  <ProductionCode></ProductionCode>
  <Rating>7.0</Rating>
  <RatingCount>5</RatingCount>
  <SeasonNumber>1</SeasonNumber>
  <Writer>Jason Cahill</Writer>
  <absolute_number>5</absolute_number>
  <filename>episodes/78906/300561.jpg</filename>
  <lastupdated>1325595210</lastupdated>
  <seasonid>15837</seasonid>
  <seriesid>78906</seriesid>
</Episode>
<Episode>
  <id>300905</id>
  <Combined_episodenumber>6</Combined_episodenumber>
  <Combined_season>1</Combined_season>
  <DVD_chapter></DVD_chapter>
  <DVD_discid></DVD_discid>
  <DVD_episodenumber></DVD_episodenumber>
  <DVD_season></DVD_season>
  <Director>Sergio Mimica-Gezzan</Director>
  <EpImgFlag></EpImgFlag>
  <EpisodeName>Another one bites the dust</EpisodeName>
  <EpisodeNumber>6</EpisodeNumber>
  <FirstAired>2005-10-24</FirstAired>
  <GuestStars>|Kelly Collins|Dexter Tillis|Rebecca Koon|Ashlee Payne|Richard Fullerton|Lori Beth Edgeman|Michael Burgess|Carl McIntyre|Maggie Alexander|Chuck Carrington|David Andrews|</GuestStars>
  <IMDB_ID></IMDB_ID>
  <Language>en</Language>
  <Overview>Cirko's life is in danger after he discovers the origin of the mysterious new species. Laura and Rich begin to fear for their own safety when they come into possession of a much sought after sea orchid. Miles sneaks Nimrod out of the house when his parents realize that he's been secretly keeping the animal as a pet.
</Overview>
  <ProductionCode></ProductionCode>
  <Rating>7.0</Rating>
  <RatingCount>4</RatingCount>
  <SeasonNumber>1</SeasonNumber>
  <Writer>Josh Pate</Writer>
  <absolute_number>6</absolute_number>
  <filename>episodes/78906/300905.jpg</filename>
  <lastupdated>1325595311</lastupdated>
  <seasonid>15837</seasonid>
  <seriesid>78906</seriesid>
</Episode>
<Episode>
  <id>306083</id>
  <Combined_episodenumber>7</Combined_episodenumber>
  <Combined_season>1</Combined_season>
  <DVD_chapter></DVD_chapter>
  <DVD_discid></DVD_discid>
  <DVD_episodenumber></DVD_episodenumber>
  <DVD_season></DVD_season>
  <Director>Rick Wallace</Director>
  <EpImgFlag></EpImgFlag>
  <EpisodeName>On the run</EpisodeName>
  <EpisodeNumber>7</EpisodeNumber>
  <FirstAired>2005-11-07</FirstAired>
  <GuestStars>|Mike Pniewski|David Andrews|Jon Stafford|Pete Burris|Dikran Tulaine|Vaughn Wilson|Brett Gentile|Barbara Weetman|Mark Joy|Austin Nichols|Dexter Tillis|</GuestStars>
  <IMDB_ID></IMDB_ID>
  <Language>en</Language>
  <Overview>Jackson comes to Laura and Rich's aid after they find that Laura's home has been broken into. Miles gets in trouble with the law in his attempt to free Nimrod. And Lee discusses Cirko and the creatures with his superiors.
</Overview>
  <ProductionCode>107</ProductionCode>
  <Rating>7.0</Rating>
  <RatingCount>4</RatingCount>
  <SeasonNumber>1</SeasonNumber>
  <Writer>Chip Johannessen</Writer>
  <absolute_number>7</absolute_number>
  <filename>episodes/78906/306083.jpg</filename>
  <lastupdated>1325595389</lastupdated>
  <seasonid>15837</seasonid>
  <seriesid>78906</seriesid>
</Episode>
<Episode>
  <id>306084</id>
  <Combined_episodenumber>8</Combined_episodenumber>
  <Combined_season>1</Combined_season>
  <DVD_chapter></DVD_chapter>
  <DVD_discid></DVD_discid>
  <DVD_episodenumber></DVD_episodenumber>
  <DVD_season></DVD_season>
  <Director>John Behring</Director>
  <EpImgFlag></EpImgFlag>
  <EpisodeName>Submersible Setback</EpisodeName>
  <EpisodeNumber>8</EpisodeNumber>
  <FirstAired>2005-11-14</FirstAired>
  <GuestStars>|Ashlee Payne|Daniel Newman|Annie Maleski|Leslea Fisher|Renneker Jenkins|Jack Landry|Austin Nichols|</GuestStars>
  <IMDB_ID></IMDB_ID>
  <Language>en</Language>
  <Overview>Jackson helps Laura and Rich build a submersible so that they can visit a site where the creatures spawn. Meanwhile, the Bennett's consider boot camp as a way to discipline Miles.
</Overview>
  <ProductionCode>108</ProductionCode>
  <Rating>7.3</Rating>
  <RatingCount>4</RatingCount>
  <SeasonNumber>1</SeasonNumber>
  <Writer>Jay Beattie</Writer>
  <absolute_number>8</absolute_number>
  <filename>episodes/78906/306084.jpg</filename>
  <lastupdated>1325595469</lastupdated>
  <seasonid>15837</seasonid>
  <seriesid>78906</seriesid>
</Episode>
<Episode>
  <id>306085</id>
  <Combined_episodenumber>9</Combined_episodenumber>
  <Combined_season>1</Combined_season>
  <DVD_chapter></DVD_chapter>
  <DVD_discid></DVD_discid>
  <DVD_episodenumber></DVD_episodenumber>
  <DVD_season></DVD_season>
  <Director>Bill Eagles</Director>
  <EpImgFlag></EpImgFlag>
  <EpisodeName>Race against time</EpisodeName>
  <EpisodeNumber>9</EpisodeNumber>
  <FirstAired>2005-11-21</FirstAired>
  <GuestStars>|Eli Harris|R. Keith Harris|Jack Landry|Mark Jeffrey Miller|Tim Parati|</GuestStars>
  <IMDB_ID></IMDB_ID>
  <Language>en</Language>
  <Overview>Trapped in the submersible, Laura fears survival is impossible while Rich begins to hallucinate. Miles worries about Nimrod when he hears of trouble at the marine docks. Phil helps Miles look for Nimrod but they discover something else.
</Overview>
  <ProductionCode>109</ProductionCode>
  <Rating>7.0</Rating>
  <RatingCount>5</RatingCount>
  <SeasonNumber>1</SeasonNumber>
  <Writer>Thomas Wheeler</Writer>
  <absolute_number>9</absolute_number>
  <filename>episodes/78906/306085.jpg</filename>
  <lastupdated>1325595518</lastupdated>
  <seasonid>15837</seasonid>
  <seriesid>78906</seriesid>
</Episode>
<Episode>
  <id>306086</id>
  <Combined_episodenumber>10</Combined_episodenumber>
  <Combined_season>1</Combined_season>
  <DVD_chapter></DVD_chapter>
  <DVD_discid></DVD_discid>
  <DVD_episodenumber></DVD_episodenumber>
  <DVD_season></DVD_season>
  <Director>Jeffrey Reiner</Director>
  <EpImgFlag></EpImgFlag>
  <EpisodeName>Laura and Rich return from plunge to the ocean floor - with no boat in sight</EpisodeName>
  <EpisodeNumber>10</EpisodeNumber>
  <FirstAired>2005-11-28</FirstAired>
  <GuestStars>|Leslea Fisher|Jennifer Massey|Daniel Newman|Greg Thompson|Louanne  Cooper|</GuestStars>
  <IMDB_ID></IMDB_ID>
  <Language>en</Language>
  <Overview>Laura and Rich are in for another shock when they leave the ocean floor and return to the surface. Meanwhile, Savannah suspects that Nimrod's responsible for Miles ending up in the hospital.
</Overview>
  <ProductionCode>110</ProductionCode>
  <Rating>7.4</Rating>
  <RatingCount>5</RatingCount>
  <SeasonNumber>1</SeasonNumber>
  <Writer>Darcy Meyers</Writer>
  <absolute_number>10</absolute_number>
  <filename>episodes/78906/306086.jpg</filename>
  <lastupdated>1325595567</lastupdated>
  <seasonid>15837</seasonid>
  <seriesid>78906</seriesid>
</Episode>
<Episode>
  <id>306087</id>
  <Combined_episodenumber>11</Combined_episodenumber>
  <Combined_season>1</Combined_season>
  <DVD_chapter></DVD_chapter>
  <DVD_discid></DVD_discid>
  <DVD_episodenumber></DVD_episodenumber>
  <DVD_season></DVD_season>
  <Director>Michael Robison</Director>
  <EpImgFlag></EpImgFlag>
  <EpisodeName>The story's out</EpisodeName>
  <EpisodeNumber>11</EpisodeNumber>
  <FirstAired>2006-01-02</FirstAired>
  <GuestStars>|Cullen Moss|Dwayne Boyd|Neil Brown Jr.|Jason Horgan|Jack Landry|Melissa Ponzio|David Temple|Kelly Collins|Noah Michael Levine|</GuestStars>
  <IMDB_ID></IMDB_ID>
  <Language>en</Language>
  <Overview>Rich and Laura try to get the footage of their trip to the ocean bottom to a news station before Lee can stop them. Meanwhile, Miles must watch as doctors prepare Nim for an autopsy.
</Overview>
  <ProductionCode>111</ProductionCode>
  <Rating>8.0</Rating>
  <RatingCount>5</RatingCount>
  <SeasonNumber>1</SeasonNumber>
  <Writer>|Jay Beattie|Dan Dworkin|</Writer>
  <absolute_number>11</absolute_number>
  <filename>episodes/78906/306087.jpg</filename>
  <lastupdated>1325595641</lastupdated>
  <seasonid>15837</seasonid>
  <seriesid>78906</seriesid>
</Episode>
<Episode>
  <id>306088</id>
  <Combined_episodenumber>12</Combined_episodenumber>
  <Combined_season>1</Combined_season>
  <DVD_chapter></DVD_chapter>
  <DVD_discid></DVD_discid>
  <DVD_episodenumber></DVD_episodenumber>
  <DVD_season></DVD_season>
  <Director>Marita Grabiak</Director>
  <EpImgFlag></EpImgFlag>
  <EpisodeName>Fugitives on the run</EpisodeName>
  <EpisodeNumber>12</EpisodeNumber>
  <FirstAired>2006-01-09</FirstAired>
  <GuestStars>|Martha Plimpton|Melissa Ponzio|</GuestStars>
  <IMDB_ID></IMDB_ID>
  <Language>en</Language>
  <Overview>On the run with Rich, Laura encounters a mysterious person who claims to know the origin of the creatures. Meanwhile, Miles fears the worst when two of Caitlin's friends vanish at the beach.
</Overview>
  <ProductionCode>112</ProductionCode>
  <Rating>6.8</Rating>
  <RatingCount>4</RatingCount>
  <SeasonNumber>1</SeasonNumber>
  <Writer>Chip Johannessen</Writer>
  <absolute_number>12</absolute_number>
  <filename>episodes/78906/306088.jpg</filename>
  <lastupdated>1325595693</lastupdated>
  <seasonid>15837</seasonid>
  <seriesid>78906</seriesid>
</Episode>
<Episode>
  <id>306089</id>
  <Combined_episodenumber>13</Combined_episodenumber>
  <Combined_season>1</Combined_season>
  <DVD_chapter></DVD_chapter>
  <DVD_discid></DVD_discid>
  <DVD_episodenumber></DVD_episodenumber>
  <DVD_season></DVD_season>
  <Director>Brad Anderson</Director>
  <EpImgFlag></EpImgFlag>
  <EpisodeName>Experiment gone awry</EpisodeName>
  <EpisodeNumber>13</EpisodeNumber>
  <FirstAired>2006-01-23</FirstAired>
  <GuestStars>|Jack Landry|Kelly Collins-Lintz|</GuestStars>
  <IMDB_ID></IMDB_ID>
  <Language>en</Language>
  <Overview>The search for the mysterious force responsible for the creatures leads Laura and Rich to an abandoned lab. Meanwhile, Miles joins the aquarium crew in searching for the field of unhatched eggs.
</Overview>
  <ProductionCode>113</ProductionCode>
  <Rating>7.2</Rating>
  <RatingCount>6</RatingCount>
  <SeasonNumber>1</SeasonNumber>
  <Writer>Jonas Pate</Writer>
  <absolute_number>13</absolute_number>
  <filename>episodes/78906/306089.jpg</filename>
  <lastupdated>1325595726</lastupdated>
  <seasonid>15837</seasonid>
  <seriesid>78906</seriesid>
</Episode>
<Episode>
  <id>306090</id>
  <Combined_episodenumber>14</Combined_episodenumber>
  <Combined_season>1</Combined_season>
  <DVD_chapter></DVD_chapter>
  <DVD_discid></DVD_discid>
  <DVD_episodenumber></DVD_episodenumber>
  <DVD_season></DVD_season>
  <Director>Jean de Segonzac</Director>
  <EpImgFlag></EpImgFlag>
  <EpisodeName>Fears are rising</EpisodeName>
  <EpisodeNumber>14</EpisodeNumber>
  <FirstAired>2006-01-30</FirstAired>
  <GuestStars>|Jason Davis| Kelly Collins-Lintz| Bobby Coleman| Daniel Newman|</GuestStars>
  <IMDB_ID></IMDB_ID>
  <Language>en</Language>
  <Overview>Laura and Rich decide that it's time to get some answers from Lee as Laura considers going back home. Meanwhile, Miles gets in trouble with the local residents after a violent incident with a bully.
</Overview>
  <ProductionCode>114</ProductionCode>
  <Rating>7.7</Rating>
  <RatingCount>3</RatingCount>
  <SeasonNumber>1</SeasonNumber>
  <Writer>Jay Beattie, Dan Dworkin</Writer>
  <absolute_number>14</absolute_number>
  <filename>episodes/78906/306090.jpg</filename>
  <lastupdated>1325594397</lastupdated>
  <seasonid>15837</seasonid>
  <seriesid>78906</seriesid>
</Episode>
<Episode>
  <id>306091</id>
  <Combined_episodenumber>15</Combined_episodenumber>
  <Combined_season>1</Combined_season>
  <DVD_chapter></DVD_chapter>
  <DVD_discid></DVD_discid>
  <DVD_episodenumber></DVD_episodenumber>
  <DVD_season></DVD_season>
  <Director>Jeffrey Reiner</Director>
  <EpImgFlag></EpImgFlag>
  <EpisodeName>Who will be left behind?</EpisodeName>
  <EpisodeNumber>15</EpisodeNumber>
  <FirstAired>2006-02-06</FirstAired>
  <GuestStars>|Ric Reitz| Stephen Michael Ayers| Shane Brewer| Kelly Collins-Lintz| E. Michael Hewett|</GuestStars>
  <IMDB_ID></IMDB_ID>
  <Language>en</Language>
  <Overview>As a massive tsunami heads for the east coast, Laura must save Rich by heading to North Carolina where Miles and his family are trying to escape with their lives.
</Overview>
  <ProductionCode>115</ProductionCode>
  <Rating>8.0</Rating>
  <RatingCount>5</RatingCount>
  <SeasonNumber>1</SeasonNumber>
  <Writer>Josh Pate</Writer>
  <absolute_number>15</absolute_number>
  <filename>episodes/78906/306091.jpg</filename>
  <lastupdated>1325594410</lastupdated>
  <seasonid>15837</seasonid>
  <seriesid>78906</seriesid>
</Episode>
</Data>