<?xml version="1.0" encoding="UTF-8" ?>
<Banners>
<Banner>
  <id>27548</id>
  <BannerPath>fanart/original/80344-18.jpg</BannerPath>
  <BannerType>fanart</BannerType>
  <BannerType2>1280x720</BannerType2>
  <Colors>|212,188,154|16,18,13|104,107,100|</Colors>
  <Language>en</Language>
  <Rating>7.4167</Rating>
  <RatingCount>12</RatingCount>
  <SeriesName>false</SeriesName>
  <ThumbnailPath>_cache/fanart/original/80344-18.jpg</ThumbnailPath>
  <VignettePath>fanart/vignette/80344-18.jpg</VignettePath>
</Banner>
<Banner>
  <id>24647</id>
  <BannerPath>fanart/original/80344-13.jpg</BannerPath>
  <BannerType>fanart</BannerType>
  <BannerType2>1920x1080</BannerType2>
  <Colors>|255,250,246|16,15,20|102,102,104|</Colors>
  <Language>en</Language>
  <Rating>6.9231</Rating>
  <RatingCount>13</RatingCount>
  <SeriesName>false</SeriesName>
  <ThumbnailPath>_cache/fanart/original/80344-13.jpg</ThumbnailPath>
  <VignettePath>fanart/vignette/80344-13.jpg</VignettePath>
</Banner>
<Banner>
  <id>27560</id>
  <BannerPath>fanart/original/80344-20.jpg</BannerPath>
  <BannerType>fanart</BannerType>
  <BannerType2>1920x1080</BannerType2>
  <Colors>|255,253,220|15,34,40|124,145,140|</Colors>
  <Language>en</Language>
  <Rating>6.8750</Rating>
  <RatingCount>8</RatingCount>
  <SeriesName>false</SeriesName>
  <ThumbnailPath>_cache/fanart/original/80344-20.jpg</ThumbnailPath>
  <VignettePath>fanart/vignette/80344-20.jpg</VignettePath>
</Banner>
<Banner>
  <id>27561</id>
  <BannerPath>fanart/original/80344-21.jpg</BannerPath>
  <BannerType>fanart</BannerType>
  <BannerType2>1920x1080</BannerType2>
  <Colors>|202,206,179|41,35,23|171,176,172|</Colors>
  <Language>en</Language>
  <Rating>6.8571</Rating>
  <RatingCount>14</RatingCount>
  <SeriesName>false</SeriesName>
  <ThumbnailPath>_cache/fanart/original/80344-21.jpg</ThumbnailPath>
  <VignettePath>fanart/vignette/80344-21.jpg</VignettePath>
</Banner>
<Banner>
  <id>27544</id>
  <BannerPath>fanart/original/80344-19.jpg</BannerPath>
  <BannerType>fanart</BannerType>
  <BannerType2>1920x1080</BannerType2>
  <Colors>|242,244,243|19,17,18|167,169,158|</Colors>
  <Language>en</Language>
  <Rating>6.8333</Rating>
  <RatingCount>18</RatingCount>
  <SeriesName>false</SeriesName>
  <ThumbnailPath>_cache/fanart/original/80344-19.jpg</ThumbnailPath>
  <VignettePath>fanart/vignette/80344-19.jpg</VignettePath>
</Banner>
<Banner>
  <id>20538</id>
  <BannerPath>fanart/original/80344-11.jpg</BannerPath>
  <BannerType>fanart</BannerType>
  <BannerType2>1280x720</BannerType2>
  <Colors>|252,57,63|42,48,72|143,176,221|</Colors>
  <Language>en</Language>
  <Rating>6.3333</Rating>
  <RatingCount>3</RatingCount>
  <SeriesName>false</SeriesName>
  <ThumbnailPath>_cache/fanart/original/80344-11.jpg</ThumbnailPath>
  <VignettePath>fanart/vignette/80344-11.jpg</VignettePath>
</Banner>
<Banner>
  <id>20532</id>
  <BannerPath>fanart/original/80344-7.jpg</BannerPath>
  <BannerType>fanart</BannerType>
  <BannerType2>1280x720</BannerType2>
  <Colors>|232,213,206|40,40,40|127,105,107|</Colors>
  <Language>en</Language>
  <Rating>6.3333</Rating>
  <RatingCount>9</RatingCount>
  <SeriesName>false</SeriesName>
  <ThumbnailPath>_cache/fanart/original/80344-7.jpg</ThumbnailPath>
  <VignettePath>fanart/vignette/80344-7.jpg</VignettePath>
</Banner>
<Banner>
  <id>27562</id>
  <BannerPath>fanart/original/80344-22.jpg</BannerPath>
  <BannerType>fanart</BannerType>
  <BannerType2>1920x1080</BannerType2>
  <Colors>|144,172,176|6,6,6|103,143,132|</Colors>
  <Language>en</Language>
  <Rating>6.2857</Rating>
  <RatingCount>7</RatingCount>
  <SeriesName>false</SeriesName>
  <ThumbnailPath>_cache/fanart/original/80344-22.jpg</ThumbnailPath>
  <VignettePath>fanart/vignette/80344-22.jpg</VignettePath>
</Banner>
<Banner>
  <id>25072</id>
  <BannerPath>fanart/original/80344-15.jpg</BannerPath>
  <BannerType>fanart</BannerType>
  <BannerType2>1920x1080</BannerType2>
  <Colors>|235,234,232|1,5,8|118,137,144|</Colors>
  <Language>en</Language>
  <Rating>6.1667</Rating>
  <RatingCount>6</RatingCount>
  <SeriesName>false</SeriesName>
  <ThumbnailPath>_cache/fanart/original/80344-15.jpg</ThumbnailPath>
  <VignettePath>fanart/vignette/80344-15.jpg</VignettePath>
</Banner>
<Banner>
  <id>39686</id>
  <BannerPath>fanart/original/80344-30.jpg</BannerPath>
  <BannerType>fanart</BannerType>
  <BannerType2>1280x720</BannerType2>
  <Colors></Colors>
  <Language>en</Language>
  <Rating>6.1667</Rating>
  <RatingCount>6</RatingCount>
  <SeriesName>false</SeriesName>
  <ThumbnailPath>_cache/fanart/original/80344-30.jpg</ThumbnailPath>
  <VignettePath>fanart/vignette/80344-30.jpg</VignettePath>
</Banner>
<Banner>
  <id>30618</id>
  <BannerPath>fanart/original/80344-28.jpg</BannerPath>
  <BannerType>fanart</BannerType>
  <BannerType2>1920x1080</BannerType2>
  <Colors>|215,211,208|34,32,37|85,88,103|</Colors>
  <Language>en</Language>
  <Rating>6.1111</Rating>
  <RatingCount>9</RatingCount>
  <SeriesName>false</SeriesName>
  <ThumbnailPath>_cache/fanart/original/80344-28.jpg</ThumbnailPath>
  <VignettePath>fanart/vignette/80344-28.jpg</VignettePath>
</Banner>
<Banner>
  <id>20223</id>
  <BannerPath>fanart/original/80344-3.jpg</BannerPath>
  <BannerType>fanart</BannerType>
  <BannerType2>1280x720</BannerType2>
  <Colors>|241,241,239|32,32,34|232,231,229|</Colors>
  <Language>en</Language>
  <Rating>6.0000</Rating>
  <RatingCount>7</RatingCount>
  <SeriesName>false</SeriesName>
  <ThumbnailPath>_cache/fanart/original/80344-3.jpg</ThumbnailPath>
  <VignettePath>fanart/vignette/80344-3.jpg</VignettePath>
</Banner>
<Banner>
  <id>581921</id>
  <BannerPath>fanart/original/80344-54.jpg</BannerPath>
  <BannerType>fanart</BannerType>
  <BannerType2>1920x1080</BannerType2>
  <Colors></Colors>
  <Language>fr</Language>
  <Rating>6.0000</Rating>
  <RatingCount>1</RatingCount>
  <SeriesName>false</SeriesName>
  <ThumbnailPath>_cache/fanart/original/80344-54.jpg</ThumbnailPath>
  <VignettePath>fanart/vignette/80344-54.jpg</VignettePath>
</Banner>
<Banner>
  <id>39687</id>
  <BannerPath>fanart/original/80344-31.jpg</BannerPath>
  <BannerType>fanart</BannerType>
  <BannerType2>1280x720</BannerType2>
  <Colors>|68,101,92|36,59,53|62,51,47|</Colors>
  <Language>en</Language>
  <Rating>6.0000</Rating>
  <RatingCount>2</RatingCount>
  <SeriesName>false</SeriesName>
  <ThumbnailPath>_cache/fanart/original/80344-31.jpg</ThumbnailPath>
  <VignettePath>fanart/vignette/80344-31.jpg</VignettePath>
</Banner>
<Banner>
  <id>20226</id>
  <BannerPath>fanart/original/80344-4.jpg</BannerPath>
  <BannerType>fanart</BannerType>
  <BannerType2>1280x720</BannerType2>
  <Colors>|211,206,212|5,5,5|135,146,168|</Colors>
  <Language>en</Language>
  <Rating>6.0000</Rating>
  <RatingCount>3</RatingCount>
  <SeriesName>false</SeriesName>
  <ThumbnailPath>_cache/fanart/original/80344-4.jpg</ThumbnailPath>
  <VignettePath>fanart/vignette/80344-4.jpg</VignettePath>
</Banner>
<Banner>
  <id>20321</id>
  <BannerPath>fanart/original/80344-6.jpg</BannerPath>
  <BannerType>fanart</BannerType>
  <BannerType2>1280x720</BannerType2>
  <Colors>|234,248,248|76,105,103|162,189,206|</Colors>
  <Language>en</Language>
  <Rating>6.0000</Rating>
  <RatingCount>5</RatingCount>
  <SeriesName>false</SeriesName>
  <ThumbnailPath>_cache/fanart/original/80344-6.jpg</ThumbnailPath>
  <VignettePath>fanart/vignette/80344-6.jpg</VignettePath>
</Banner>
<Banner>
  <id>29393</id>
  <BannerPath>fanart/original/80344-24.jpg</BannerPath>
  <BannerType>fanart</BannerType>
  <BannerType2>1280x720</BannerType2>
  <Colors>|254,255,239|21,29,18|65,78,60|</Colors>
  <Language>en</Language>
  <Rating>6.0000</Rating>
  <RatingCount>7</RatingCount>
  <SeriesName>false</SeriesName>
  <ThumbnailPath>_cache/fanart/original/80344-24.jpg</ThumbnailPath>
  <VignettePath>fanart/vignette/80344-24.jpg</VignettePath>
</Banner>
<Banner>
  <id>22179</id>
  <BannerPath>fanart/original/80344-12.jpg</BannerPath>
  <BannerType>fanart</BannerType>
  <BannerType2>1920x1080</BannerType2>
  <Colors>|255,255,255|12,14,13|35,31,28|</Colors>
  <Language>en</Language>
  <Rating>5.8750</Rating>
  <RatingCount>8</RatingCount>
  <SeriesName>false</SeriesName>
  <ThumbnailPath>_cache/fanart/original/80344-12.jpg</ThumbnailPath>
  <VignettePath>fanart/vignette/80344-12.jpg</VignettePath>
</Banner>
<Banner>
  <id>20320</id>
  <BannerPath>fanart/original/80344-5.jpg</BannerPath>
  <BannerType>fanart</BannerType>
  <BannerType2>1280x720</BannerType2>
  <Colors>|255,255,255|48,91,98|152,147,117|</Colors>
  <Language>en</Language>
  <Rating>5.7143</Rating>
  <RatingCount>7</RatingCount>
  <SeriesName>false</SeriesName>
  <ThumbnailPath>_cache/fanart/original/80344-5.jpg</ThumbnailPath>
  <VignettePath>fanart/vignette/80344-5.jpg</VignettePath>
</Banner>
<Banner>
  <id>20535</id>
  <BannerPath>fanart/original/80344-9.jpg</BannerPath>
  <BannerType>fanart</BannerType>
  <BannerType2>1280x720</BannerType2>
  <Colors>|239,180,148|143,34,31|178,123,59|</Colors>
  <Language>en</Language>
  <Rating>5.6667</Rating>
  <RatingCount>3</RatingCount>
  <SeriesName>false</SeriesName>
  <ThumbnailPath>_cache/fanart/original/80344-9.jpg</ThumbnailPath>
  <VignettePath>fanart/vignette/80344-9.jpg</VignettePath>
</Banner>
<Banner>
  <id>20536</id>
  <BannerPath>fanart/original/80344-10.jpg</BannerPath>
  <BannerType>fanart</BannerType>
  <BannerType2>1280x720</BannerType2>
  <Colors>|242,218,170|41,37,26|153,87,29|</Colors>
  <Language>en</Language>
  <Rating>5.6667</Rating>
  <RatingCount>6</RatingCount>
  <SeriesName>false</SeriesName>
  <ThumbnailPath>_cache/fanart/original/80344-10.jpg</ThumbnailPath>
  <VignettePath>fanart/vignette/80344-10.jpg</VignettePath>
</Banner>
<Banner>
  <id>27563</id>
  <BannerPath>fanart/original/80344-23.jpg</BannerPath>
  <BannerType>fanart</BannerType>
  <BannerType2>1920x1080</BannerType2>
  <Colors></Colors>
  <Language>en</Language>
  <Rating>5.5000</Rating>
  <RatingCount>6</RatingCount>
  <SeriesName>false</SeriesName>
  <ThumbnailPath>_cache/fanart/original/80344-23.jpg</ThumbnailPath>
  <VignettePath>fanart/vignette/80344-23.jpg</VignettePath>
</Banner>
<Banner>
  <id>25842</id>
  <BannerPath>fanart/original/80344-17.jpg</BannerPath>
  <BannerType>fanart</BannerType>
  <BannerType2>1920x1080</BannerType2>
  <Colors>|255,255,255|105,98,82|226,200,183|</Colors>
  <Language>en</Language>
  <Rating>5.5000</Rating>
  <RatingCount>6</RatingCount>
  <SeriesName>false</SeriesName>
  <ThumbnailPath>_cache/fanart/original/80344-17.jpg</ThumbnailPath>
  <VignettePath>fanart/vignette/80344-17.jpg</VignettePath>
</Banner>
<Banner>
  <id>29394</id>
  <BannerPath>fanart/original/80344-25.jpg</BannerPath>
  <BannerType>fanart</BannerType>
  <BannerType2>1280x720</BannerType2>
  <Colors>|227,223,238|3,3,3|43,46,51|</Colors>
  <Language>en</Language>
  <Rating>5.3333</Rating>
  <RatingCount>3</RatingCount>
  <SeriesName>false</SeriesName>
  <ThumbnailPath>_cache/fanart/original/80344-25.jpg</ThumbnailPath>
  <VignettePath>fanart/vignette/80344-25.jpg</VignettePath>
</Banner>
<Banner>
  <id>39692</id>
  <BannerPath>fanart/original/80344-36.jpg</BannerPath>
  <BannerType>fanart</BannerType>
  <BannerType2>1280x720</BannerType2>
  <Colors></Colors>
  <Language>en</Language>
  <Rating>5.0000</Rating>
  <RatingCount>1</RatingCount>
  <SeriesName>false</SeriesName>
  <ThumbnailPath>_cache/fanart/original/80344-36.jpg</ThumbnailPath>
  <VignettePath>fanart/vignette/80344-36.jpg</VignettePath>
</Banner>
<Banner>
  <id>25071</id>
  <BannerPath>fanart/original/80344-14.jpg</BannerPath>
  <BannerType>fanart</BannerType>
  <BannerType2>1920x1080</BannerType2>
  <Colors>|246,242,239|29,29,29|96,95,93|</Colors>
  <Language>en</Language>
  <Rating>5.0000</Rating>
  <RatingCount>5</RatingCount>
  <SeriesName>false</SeriesName>
  <ThumbnailPath>_cache/fanart/original/80344-14.jpg</ThumbnailPath>
  <VignettePath>fanart/vignette/80344-14.jpg</VignettePath>
</Banner>
<Banner>
  <id>25700</id>
  <BannerPath>fanart/original/80344-16.jpg</BannerPath>
  <BannerType>fanart</BannerType>
  <BannerType2>1280x720</BannerType2>
  <Colors>|219,225,223|11,15,16|128,150,161|</Colors>
  <Language>en</Language>
  <Rating>5.0000</Rating>
  <RatingCount>3</RatingCount>
  <SeriesName>false</SeriesName>
  <ThumbnailPath>_cache/fanart/original/80344-16.jpg</ThumbnailPath>
  <VignettePath>fanart/vignette/80344-16.jpg</VignettePath>
</Banner>
<Banner>
  <id>123401</id>
  <BannerPath>fanart/original/80344-46.jpg</BannerPath>
  <BannerType>fanart</BannerType>
  <BannerType2>1280x720</BannerType2>
  <Colors>|251,253,250|204,214,239|242,225,207|</Colors>
  <Language>en</Language>
  <Rating>5.0000</Rating>
  <RatingCount>1</RatingCount>
  <SeriesName>true</SeriesName>
  <ThumbnailPath>_cache/fanart/original/80344-46.jpg</ThumbnailPath>
  <VignettePath>fanart/vignette/80344-46.jpg</VignettePath>
</Banner>
<Banner>
  <id>179671</id>
  <BannerPath>fanart/original/80344-51.jpg</BannerPath>
  <BannerType>fanart</BannerType>
  <BannerType2>1280x720</BannerType2>
  <Colors>|170,128,103|2,0,1|29,4,0|</Colors>
  <Language>en</Language>
  <Rating>5.0000</Rating>
  <RatingCount>4</RatingCount>
  <SeriesName>false</SeriesName>
  <ThumbnailPath>_cache/fanart/original/80344-51.jpg</ThumbnailPath>
  <VignettePath>fanart/vignette/80344-51.jpg</VignettePath>
</Banner>
<Banner>
  <id>123431</id>
  <BannerPath>fanart/original/80344-48.jpg</BannerPath>
  <BannerType>fanart</BannerType>
  <BannerType2>1280x720</BannerType2>
  <Colors></Colors>
  <Language>en</Language>
  <Rating>5.0000</Rating>
  <RatingCount>1</RatingCount>
  <SeriesName>true</SeriesName>
  <ThumbnailPath>_cache/fanart/original/80344-48.jpg</ThumbnailPath>
  <VignettePath>fanart/vignette/80344-48.jpg</VignettePath>
</Banner>
<Banner>
  <id>20199</id>
  <BannerPath>fanart/original/80344-2.jpg</BannerPath>
  <BannerType>fanart</BannerType>
  <BannerType2>1280x720</BannerType2>
  <Colors>|209,213,212|36,36,36|81,88,94|</Colors>
  <Language>en</Language>
  <Rating>4.7500</Rating>
  <RatingCount>4</RatingCount>
  <SeriesName>false</SeriesName>
  <ThumbnailPath>_cache/fanart/original/80344-2.jpg</ThumbnailPath>
  <VignettePath>fanart/vignette/80344-2.jpg</VignettePath>
</Banner>
<Banner>
  <id>20198</id>
  <BannerPath>fanart/original/80344-1.jpg</BannerPath>
  <BannerType>fanart</BannerType>
  <BannerType2>1280x720</BannerType2>
  <Colors>|126,153,138|44,45,49|81,90,95|</Colors>
  <Language>en</Language>
  <Rating>4.6667</Rating>
  <RatingCount>3</RatingCount>
  <SeriesName>false</SeriesName>
  <ThumbnailPath>_cache/fanart/original/80344-1.jpg</ThumbnailPath>
  <VignettePath>fanart/vignette/80344-1.jpg</VignettePath>
</Banner>
<Banner>
  <id>37853</id>
  <BannerPath>fanart/original/80344-29.jpg</BannerPath>
  <BannerType>fanart</BannerType>
  <BannerType2>1920x1080</BannerType2>
  <Colors></Colors>
  <Language>en</Language>
  <Rating>4.6000</Rating>
  <RatingCount>5</RatingCount>
  <SeriesName>false</SeriesName>
  <ThumbnailPath>_cache/fanart/original/80344-29.jpg</ThumbnailPath>
  <VignettePath>fanart/vignette/80344-29.jpg</VignettePath>
</Banner>
<Banner>
  <id>43184</id>
  <BannerPath>fanart/original/80344-41.jpg</BannerPath>
  <BannerType>fanart</BannerType>
  <BannerType2>1280x720</BannerType2>
  <Colors>|214,177,168|21,21,21|90,88,101|</Colors>
  <Language>en</Language>
  <Rating>4.3333</Rating>
  <RatingCount>3</RatingCount>
  <SeriesName>false</SeriesName>
  <ThumbnailPath>_cache/fanart/original/80344-41.jpg</ThumbnailPath>
  <VignettePath>fanart/vignette/80344-41.jpg</VignettePath>
</Banner>
<Banner>
  <id>179681</id>
  <BannerPath>fanart/original/80344-52.jpg</BannerPath>
  <BannerType>fanart</BannerType>
  <BannerType2>1280x720</BannerType2>
  <Colors></Colors>
  <Language>en</Language>
  <Rating>4.0000</Rating>
  <RatingCount>1</RatingCount>
  <SeriesName>false</SeriesName>
  <ThumbnailPath>_cache/fanart/original/80344-52.jpg</ThumbnailPath>
  <VignettePath>fanart/vignette/80344-52.jpg</VignettePath>
</Banner>
<Banner>
  <id>29396</id>
  <BannerPath>fanart/original/80344-26.jpg</BannerPath>
  <BannerType>fanart</BannerType>
  <BannerType2>1280x720</BannerType2>
  <Colors>|253,252,224|29,29,31|21,49,73|</Colors>
  <Language>en</Language>
  <Rating>4.0000</Rating>
  <RatingCount>2</RatingCount>
  <SeriesName>false</SeriesName>
  <ThumbnailPath>_cache/fanart/original/80344-26.jpg</ThumbnailPath>
  <VignettePath>fanart/vignette/80344-26.jpg</VignettePath>
</Banner>
<Banner>
  <id>39691</id>
  <BannerPath>fanart/original/80344-35.jpg</BannerPath>
  <BannerType>fanart</BannerType>
  <BannerType2>1280x720</BannerType2>
  <Colors></Colors>
  <Language>en</Language>
  <Rating>4.0000</Rating>
  <RatingCount>1</RatingCount>
  <SeriesName>false</SeriesName>
  <ThumbnailPath>_cache/fanart/original/80344-35.jpg</ThumbnailPath>
  <VignettePath>fanart/vignette/80344-35.jpg</VignettePath>
</Banner>
<Banner>
  <id>20534</id>
  <BannerPath>fanart/original/80344-8.jpg</BannerPath>
  <BannerType>fanart</BannerType>
  <BannerType2>1280x720</BannerType2>
  <Colors>|171,170,176|221,105,140|81,84,93|</Colors>
  <Language>en</Language>
  <Rating>3.6667</Rating>
  <RatingCount>6</RatingCount>
  <SeriesName>false</SeriesName>
  <ThumbnailPath>_cache/fanart/original/80344-8.jpg</ThumbnailPath>
  <VignettePath>fanart/vignette/80344-8.jpg</VignettePath>
</Banner>
<Banner>
  <id>30322</id>
  <BannerPath>fanart/original/80344-27.jpg</BannerPath>
  <BannerType>fanart</BannerType>
  <BannerType2>1920x1080</BannerType2>
  <Colors></Colors>
  <Language>en</Language>
  <Rating>3.5000</Rating>
  <RatingCount>2</RatingCount>
  <SeriesName>false</SeriesName>
  <ThumbnailPath>_cache/fanart/original/80344-27.jpg</ThumbnailPath>
  <VignettePath>fanart/vignette/80344-27.jpg</VignettePath>
</Banner>
<Banner>
  <id>39693</id>
  <BannerPath>fanart/original/80344-37.jpg</BannerPath>
  <BannerType>fanart</BannerType>
  <BannerType2>1280x720</BannerType2>
  <Colors></Colors>
  <Language>en</Language>
  <Rating>2.0000</Rating>
  <RatingCount>1</RatingCount>
  <SeriesName>false</SeriesName>
  <ThumbnailPath>_cache/fanart/original/80344-37.jpg</ThumbnailPath>
  <VignettePath>fanart/vignette/80344-37.jpg</VignettePath>
</Banner>
<Banner>
  <id>82671</id>
  <BannerPath>fanart/original/80344-43.jpg</BannerPath>
  <BannerType>fanart</BannerType>
  <BannerType2>1920x1080</BannerType2>
  <Colors></Colors>
  <Language>en</Language>
  <Rating>1.0000</Rating>
  <RatingCount>1</RatingCount>
  <SeriesName>false</SeriesName>
  <ThumbnailPath>_cache/fanart/original/80344-43.jpg</ThumbnailPath>
  <VignettePath>fanart/vignette/80344-43.jpg</VignettePath>
</Banner>
<Banner>
  <id>82661</id>
  <BannerPath>fanart/original/80344-42.jpg</BannerPath>
  <BannerType>fanart</BannerType>
  <BannerType2>1920x1080</BannerType2>
  <Colors></Colors>
  <Language>en</Language>
  <Rating>1.0000</Rating>
  <RatingCount>1</RatingCount>
  <SeriesName>false</SeriesName>
  <ThumbnailPath>_cache/fanart/original/80344-42.jpg</ThumbnailPath>
  <VignettePath>fanart/vignette/80344-42.jpg</VignettePath>
</Banner>
<Banner>
  <id>83411</id>
  <BannerPath>fanart/original/80344-44.jpg</BannerPath>
  <BannerType>fanart</BannerType>
  <BannerType2>1920x1080</BannerType2>
  <Colors></Colors>
  <Language>en</Language>
  <Rating>1.0000</Rating>
  <RatingCount>1</RatingCount>
  <SeriesName>false</SeriesName>
  <ThumbnailPath>_cache/fanart/original/80344-44.jpg</ThumbnailPath>
  <VignettePath>fanart/vignette/80344-44.jpg</VignettePath>
</Banner>
<Banner>
  <id>179651</id>
  <BannerPath>fanart/original/80344-49.jpg</BannerPath>
  <BannerType>fanart</BannerType>
  <BannerType2>1280x720</BannerType2>
  <Colors></Colors>
  <Language>en</Language>
  <Rating></Rating>
  <RatingCount>0</RatingCount>
  <SeriesName>false</SeriesName>
  <ThumbnailPath>_cache/fanart/original/80344-49.jpg</ThumbnailPath>
  <VignettePath>fanart/vignette/80344-49.jpg</VignettePath>
</Banner>
<Banner>
  <id>39694</id>
  <BannerPath>fanart/original/80344-38.jpg</BannerPath>
  <BannerType>fanart</BannerType>
  <BannerType2>1280x720</BannerType2>
  <Colors></Colors>
  <Language>en</Language>
  <Rating></Rating>
  <RatingCount>0</RatingCount>
  <SeriesName>false</SeriesName>
  <ThumbnailPath>_cache/fanart/original/80344-38.jpg</ThumbnailPath>
  <VignettePath>fanart/vignette/80344-38.jpg</VignettePath>
</Banner>
<Banner>
  <id>39688</id>
  <BannerPath>fanart/original/80344-32.jpg</BannerPath>
  <BannerType>fanart</BannerType>
  <BannerType2>1280x720</BannerType2>
  <Colors></Colors>
  <Language>en</Language>
  <Rating></Rating>
  <RatingCount>0</RatingCount>
  <SeriesName>false</SeriesName>
  <ThumbnailPath>_cache/fanart/original/80344-32.jpg</ThumbnailPath>
  <VignettePath>fanart/vignette/80344-32.jpg</VignettePath>
</Banner>
<Banner>
  <id>179661</id>
  <BannerPath>fanart/original/80344-50.jpg</BannerPath>
  <BannerType>fanart</BannerType>
  <BannerType2>1280x720</BannerType2>
  <Colors></Colors>
  <Language>en</Language>
  <Rating></Rating>
  <RatingCount>0</RatingCount>
  <SeriesName>false</SeriesName>
  <ThumbnailPath>_cache/fanart/original/80344-50.jpg</ThumbnailPath>
  <VignettePath>fanart/vignette/80344-50.jpg</VignettePath>
</Banner>
<Banner>
  <id>39695</id>
  <BannerPath>fanart/original/80344-39.jpg</BannerPath>
  <BannerType>fanart</BannerType>
  <BannerType2>1280x720</BannerType2>
  <Colors></Colors>
  <Language>en</Language>
  <Rating></Rating>
  <RatingCount>0</RatingCount>
  <SeriesName>false</SeriesName>
  <ThumbnailPath>_cache/fanart/original/80344-39.jpg</ThumbnailPath>
  <VignettePath>fanart/vignette/80344-39.jpg</VignettePath>
</Banner>
<Banner>
  <id>581911</id>
  <BannerPath>fanart/original/80344-53.jpg</BannerPath>
  <BannerType>fanart</BannerType>
  <BannerType2>1920x1080</BannerType2>
  <Colors></Colors>
  <Language>fr</Language>
  <Rating></Rating>
  <RatingCount>0</RatingCount>
  <SeriesName>false</SeriesName>
  <ThumbnailPath>_cache/fanart/original/80344-53.jpg</ThumbnailPath>
  <VignettePath>fanart/vignette/80344-53.jpg</VignettePath>
</Banner>
<Banner>
  <id>123421</id>
  <BannerPath>fanart/original/80344-47.jpg</BannerPath>
  <BannerType>fanart</BannerType>
  <BannerType2>1280x720</BannerType2>
  <Colors></Colors>
  <Language>en</Language>
  <Rating></Rating>
  <RatingCount>0</RatingCount>
  <SeriesName>true</SeriesName>
  <ThumbnailPath>_cache/fanart/original/80344-47.jpg</ThumbnailPath>
  <VignettePath>fanart/vignette/80344-47.jpg</VignettePath>
</Banner>
<Banner>
  <id>123391</id>
  <BannerPath>fanart/original/80344-45.jpg</BannerPath>
  <BannerType>fanart</BannerType>
  <BannerType2>1280x720</BannerType2>
  <Colors></Colors>
  <Language>en</Language>
  <Rating></Rating>
  <RatingCount>0</RatingCount>
  <SeriesName>true</SeriesName>
  <ThumbnailPath>_cache/fanart/original/80344-45.jpg</ThumbnailPath>
  <VignettePath>fanart/vignette/80344-45.jpg</VignettePath>
</Banner>
<Banner>
  <id>39690</id>
  <BannerPath>fanart/original/80344-34.jpg</BannerPath>
  <BannerType>fanart</BannerType>
  <BannerType2>1280x720</BannerType2>
  <Colors></Colors>
  <Language>en</Language>
  <Rating></Rating>
  <RatingCount>0</RatingCount>
  <SeriesName>false</SeriesName>
  <ThumbnailPath>_cache/fanart/original/80344-34.jpg</ThumbnailPath>
  <VignettePath>fanart/vignette/80344-34.jpg</VignettePath>
</Banner>
<Banner>
  <id>39689</id>
  <BannerPath>fanart/original/80344-33.jpg</BannerPath>
  <BannerType>fanart</BannerType>
  <BannerType2>1280x720</BannerType2>
  <Colors></Colors>
  <Language>en</Language>
  <Rating></Rating>
  <RatingCount>0</RatingCount>
  <SeriesName>false</SeriesName>
  <ThumbnailPath>_cache/fanart/original/80344-33.jpg</ThumbnailPath>
  <VignettePath>fanart/vignette/80344-33.jpg</VignettePath>
</Banner>
<Banner>
  <id>39696</id>
  <BannerPath>fanart/original/80344-40.jpg</BannerPath>
  <BannerType>fanart</BannerType>
  <BannerType2>1280x720</BannerType2>
  <Colors></Colors>
  <Language>en</Language>
  <Rating></Rating>
  <RatingCount>0</RatingCount>
  <SeriesName>false</SeriesName>
  <ThumbnailPath>_cache/fanart/original/80344-40.jpg</ThumbnailPath>
  <VignettePath>fanart/vignette/80344-40.jpg</VignettePath>
</Banner>
<Banner>
  <id>29303</id>
  <BannerPath>posters/80344-11.jpg</BannerPath>
  <BannerType>poster</BannerType>
  <BannerType2>680x1000</BannerType2>
  <Language>en</Language>
  <Rating>8.5000</Rating>
  <RatingCount>12</RatingCount>
</Banner>
<Banner>
  <id>28980</id>
  <BannerPath>posters/80344-8.jpg</BannerPath>
  <BannerType>poster</BannerType>
  <BannerType2>680x1000</BannerType2>
  <Language>en</Language>
  <Rating>7.5714</Rating>
  <RatingCount>7</RatingCount>
</Banner>
<Banner>
  <id>28979</id>
  <BannerPath>posters/80344-7.jpg</BannerPath>
  <BannerType>poster</BannerType>
  <BannerType2>680x1000</BannerType2>
  <Language>en</Language>
  <Rating>7.3333</Rating>
  <RatingCount>3</RatingCount>
</Banner>
<Banner>
  <id>30503</id>
  <BannerPath>posters/80344-16.jpg</BannerPath>
  <BannerType>poster</BannerType>
  <BannerType2>680x1000</BannerType2>
  <Language>en</Language>
  <Rating>7.0000</Rating>
  <RatingCount>4</RatingCount>
</Banner>
<Banner>
  <id>28221</id>
  <BannerPath>posters/80344-5.jpg</BannerPath>
  <BannerType>poster</BannerType>
  <BannerType2>680x1000</BannerType2>
  <Language>en</Language>
  <Rating>7.0000</Rating>
  <RatingCount>5</RatingCount>
</Banner>
<Banner>
  <id>58931</id>
  <BannerPath>posters/80344-26.jpg</BannerPath>
  <BannerType>poster</BannerType>
  <BannerType2>680x1000</BannerType2>
  <Language>en</Language>
  <Rating>7.0000</Rating>
  <RatingCount>4</RatingCount>
</Banner>
<Banner>
  <id>30506</id>
  <BannerPath>posters/80344-19.jpg</BannerPath>
  <BannerType>poster</BannerType>
  <BannerType2>680x1000</BannerType2>
  <Language>en</Language>
  <Rating>7.0000</Rating>
  <RatingCount>8</RatingCount>
</Banner>
<Banner>
  <id>28982</id>
  <BannerPath>posters/80344-10.jpg</BannerPath>
  <BannerType>poster</BannerType>
  <BannerType2>680x1000</BannerType2>
  <Language>en</Language>
  <Rating>7.0000</Rating>
  <RatingCount>4</RatingCount>
</Banner>
<Banner>
  <id>29392</id>
  <BannerPath>posters/80344-15.jpg</BannerPath>
  <BannerType>poster</BannerType>
  <BannerType2>680x1000</BannerType2>
  <Language>en</Language>
  <Rating>7.0000</Rating>
  <RatingCount>3</RatingCount>
</Banner>
<Banner>
  <id>28771</id>
  <BannerPath>posters/80344-6.jpg</BannerPath>
  <BannerType>poster</BannerType>
  <BannerType2>680x1000</BannerType2>
  <Language>en</Language>
  <Rating>6.7500</Rating>
  <RatingCount>4</RatingCount>
</Banner>
<Banner>
  <id>58911</id>
  <BannerPath>posters/80344-24.jpg</BannerPath>
  <BannerType>poster</BannerType>
  <BannerType2>680x1000</BannerType2>
  <Language>en</Language>
  <Rating>6.6000</Rating>
  <RatingCount>5</RatingCount>
</Banner>
<Banner>
  <id>27310</id>
  <BannerPath>posters/80344-4.jpg</BannerPath>
  <BannerType>poster</BannerType>
  <BannerType2>680x1000</BannerType2>
  <Language>en</Language>
  <Rating>6.6000</Rating>
  <RatingCount>5</RatingCount>
</Banner>
<Banner>
  <id>30508</id>
  <BannerPath>posters/80344-20.jpg</BannerPath>
  <BannerType>poster</BannerType>
  <BannerType2>680x1000</BannerType2>
  <Language>en</Language>
  <Rating>6.5000</Rating>
  <RatingCount>4</RatingCount>
</Banner>
<Banner>
  <id>29307</id>
  <BannerPath>posters/80344-13.jpg</BannerPath>
  <BannerType>poster</BannerType>
  <BannerType2>680x1000</BannerType2>
  <Language>en</Language>
  <Rating>6.5000</Rating>
  <RatingCount>2</RatingCount>
</Banner>
<Banner>
  <id>29391</id>
  <BannerPath>posters/80344-14.jpg</BannerPath>
  <BannerType>poster</BannerType>
  <BannerType2>680x1000</BannerType2>
  <Language>en</Language>
  <Rating>6.3333</Rating>
  <RatingCount>3</RatingCount>
</Banner>
<Banner>
  <id>33675</id>
  <BannerPath>posters/80344-22.jpg</BannerPath>
  <BannerType>poster</BannerType>
  <BannerType2>680x1000</BannerType2>
  <Language>en</Language>
  <Rating>6.2000</Rating>
  <RatingCount>5</RatingCount>
</Banner>
<Banner>
  <id>58901</id>
  <BannerPath>posters/80344-23.jpg</BannerPath>
  <BannerType>poster</BannerType>
  <BannerType2>680x1000</BannerType2>
  <Language>en</Language>
  <Rating>6.0000</Rating>
  <RatingCount>5</RatingCount>
</Banner>
<Banner>
  <id>58921</id>
  <BannerPath>posters/80344-25.jpg</BannerPath>
  <BannerType>poster</BannerType>
  <BannerType2>680x1000</BannerType2>
  <Language>en</Language>
  <Rating>6.0000</Rating>
  <RatingCount>3</RatingCount>
</Banner>
<Banner>
  <id>30847</id>
  <BannerPath>posters/80344-21.jpg</BannerPath>
  <BannerType>poster</BannerType>
  <BannerType2>680x1000</BannerType2>
  <Language>en</Language>
  <Rating>6.0000</Rating>
  <RatingCount>3</RatingCount>
</Banner>
<Banner>
  <id>27273</id>
  <BannerPath>posters/80344-2.jpg</BannerPath>
  <BannerType>poster</BannerType>
  <BannerType2>680x1000</BannerType2>
  <Language>en</Language>
  <Rating>5.3333</Rating>
  <RatingCount>3</RatingCount>
</Banner>
<Banner>
  <id>27275</id>
  <BannerPath>posters/80344-3.jpg</BannerPath>
  <BannerType>poster</BannerType>
  <BannerType2>680x1000</BannerType2>
  <Language>en</Language>
  <Rating>5.3333</Rating>
  <RatingCount>3</RatingCount>
</Banner>
<Banner>
  <id>58941</id>
  <BannerPath>posters/80344-27.jpg</BannerPath>
  <BannerType>poster</BannerType>
  <BannerType2>680x1000</BannerType2>
  <Language>en</Language>
  <Rating>5.2500</Rating>
  <RatingCount>4</RatingCount>
</Banner>
<Banner>
  <id>30504</id>
  <BannerPath>posters/80344-17.jpg</BannerPath>
  <BannerType>poster</BannerType>
  <BannerType2>680x1000</BannerType2>
  <Language>en</Language>
  <Rating>5.0000</Rating>
  <RatingCount>1</RatingCount>
</Banner>
<Banner>
  <id>28981</id>
  <BannerPath>posters/80344-9.jpg</BannerPath>
  <BannerType>poster</BannerType>
  <BannerType2>680x1000</BannerType2>
  <Language>en</Language>
  <Rating>5.0000</Rating>
  <RatingCount>1</RatingCount>
</Banner>
<Banner>
  <id>30507</id>
  <BannerPath>posters/80344-18.jpg</BannerPath>
  <BannerType>poster</BannerType>
  <BannerType2>680x1000</BannerType2>
  <Language>en</Language>
  <Rating>5.0000</Rating>
  <RatingCount>1</RatingCount>
</Banner>
<Banner>
  <id>27274</id>
  <BannerPath>posters/80344-1.jpg</BannerPath>
  <BannerType>poster</BannerType>
  <BannerType2>680x1000</BannerType2>
  <Language>en</Language>
  <Rating>4.0000</Rating>
  <RatingCount>2</RatingCount>
</Banner>
<Banner>
  <id>29306</id>
  <BannerPath>posters/80344-12.jpg</BannerPath>
  <BannerType>poster</BannerType>
  <BannerType2>680x1000</BannerType2>
  <Language>en</Language>
  <Rating>3.0000</Rating>
  <RatingCount>1</RatingCount>
</Banner>
<Banner>
  <id>896348</id>
  <BannerPath>posters/80344-29.jpg</BannerPath>
  <BannerType>poster</BannerType>
  <BannerType2>680x1000</BannerType2>
  <Language>en</Language>
  <Rating></Rating>
  <RatingCount>0</RatingCount>
</Banner>
<Banner>
  <id>896347</id>
  <BannerPath>posters/80344-28.jpg</BannerPath>
  <BannerType>poster</BannerType>
  <BannerType2>680x1000</BannerType2>
  <Language>en</Language>
  <Rating></Rating>
  <RatingCount>0</RatingCount>
</Banner>
<Banner>
  <id>896349</id>
  <BannerPath>posters/80344-30.jpg</BannerPath>
  <BannerType>poster</BannerType>
  <BannerType2>680x1000</BannerType2>
  <Language>en</Language>
  <Rating></Rating>
  <RatingCount>0</RatingCount>
</Banner>
<Banner>
  <id>912167</id>
  <BannerPath>posters/80344-31.jpg</BannerPath>
  <BannerType>poster</BannerType>
  <BannerType2>680x1000</BannerType2>
  <Language>en</Language>
  <Rating></Rating>
  <RatingCount>0</RatingCount>
</Banner>
<Banner>
  <id>928067</id>
  <BannerPath>posters/80344-33.jpg</BannerPath>
  <BannerType>poster</BannerType>
  <BannerType2>680x1000</BannerType2>
  <Language>en</Language>
  <Rating></Rating>
  <RatingCount>0</RatingCount>
</Banner>
<Banner>
  <id>30687</id>
  <BannerPath>seasons/80344-1-8.jpg</BannerPath>
  <BannerType>season</BannerType>
  <BannerType2>season</BannerType2>
  <Language>en</Language>
  <Rating>10.0000</Rating>
  <RatingCount>1</RatingCount>
  <Season>1</Season>
</Banner>
<Banner>
  <id>34120</id>
  <BannerPath>seasons/80344-1-16.jpg</BannerPath>
  <BannerType>season</BannerType>
  <BannerType2>season</BannerType2>
  <Language>en</Language>
  <Rating>9.0000</Rating>
  <RatingCount>4</RatingCount>
  <Season>1</Season>
</Banner>
<Banner>
  <id>30689</id>
  <BannerPath>seasons/80344-1-10.jpg</BannerPath>
  <BannerType>season</BannerType>
  <BannerType2>season</BannerType2>
  <Language>en</Language>
  <Rating>9.0000</Rating>
  <RatingCount>2</RatingCount>
  <Season>1</Season>
</Banner>
<Banner>
  <id>884690</id>
  <BannerPath>seasons/80344-1-17.jpg</BannerPath>
  <BannerType>season</BannerType>
  <BannerType2>season</BannerType2>
  <Language>en</Language>
  <Rating>8.5000</Rating>
  <RatingCount>2</RatingCount>
  <Season>1</Season>
</Banner>
<Banner>
  <id>33180</id>
  <BannerPath>seasons/80344-1-15.jpg</BannerPath>
  <BannerType>season</BannerType>
  <BannerType2>season</BannerType2>
  <Language>de</Language>
  <Rating>8.3333</Rating>
  <RatingCount>3</RatingCount>
  <Season>1</Season>
</Banner>
<Banner>
  <id>21579</id>
  <BannerPath>seasons/80344-1-20.jpg</BannerPath>
  <BannerType>season</BannerType>
  <BannerType2>season</BannerType2>
  <Language>en</Language>
  <Rating>8.0000</Rating>
  <RatingCount>1</RatingCount>
  <Season>1</Season>
</Banner>
<Banner>
  <id>30691</id>
  <BannerPath>seasons/80344-2-5.jpg</BannerPath>
  <BannerType>season</BannerType>
  <BannerType2>season</BannerType2>
  <Language>en</Language>
  <Rating>7.8000</Rating>
  <RatingCount>5</RatingCount>
  <Season>2</Season>
</Banner>
<Banner>
  <id>18324</id>
  <BannerPath>seasons/81150-1.jpg</BannerPath>
  <BannerType>season</BannerType>
  <BannerType2>season</BannerType2>
  <Language>en</Language>
  <Rating>7.5000</Rating>
  <RatingCount>2</RatingCount>
  <Season>1</Season>
</Banner>
<Banner>
  <id>21572</id>
  <BannerPath>seasons/80344-1-13.jpg</BannerPath>
  <BannerType>season</BannerType>
  <BannerType2>season</BannerType2>
  <Language>en</Language>
  <Rating>7.0000</Rating>
  <RatingCount>2</RatingCount>
  <Season>1</Season>
</Banner>
<Banner>
  <id>17353</id>
  <BannerPath>seasons/80344-1-3.jpg</BannerPath>
  <BannerType>season</BannerType>
  <BannerType2>season</BannerType2>
  <Language>en</Language>
  <Rating>7.0000</Rating>
  <RatingCount>1</RatingCount>
  <Season>1</Season>
</Banner>
<Banner>
  <id>27552</id>
  <BannerPath>seasons/80344-2.jpg</BannerPath>
  <BannerType>season</BannerType>
  <BannerType2>season</BannerType2>
  <Language>en</Language>
  <Rating>6.8000</Rating>
  <RatingCount>5</RatingCount>
  <Season>2</Season>
</Banner>
<Banner>
  <id>21573</id>
  <BannerPath>seasons/80344-1-14.jpg</BannerPath>
  <BannerType>season</BannerType>
  <BannerType2>season</BannerType2>
  <Language>en</Language>
  <Rating>6.3333</Rating>
  <RatingCount>3</RatingCount>
  <Season>1</Season>
</Banner>
<Banner>
  <id>17365</id>
  <BannerPath>seasons/80344-1.jpg</BannerPath>
  <BannerType>season</BannerType>
  <BannerType2>season</BannerType2>
  <Language>en</Language>
  <Rating>6.0000</Rating>
  <RatingCount>2</RatingCount>
  <Season>1</Season>
</Banner>
<Banner>
  <id>97301</id>
  <BannerPath>seasons/80344-2-9.jpg</BannerPath>
  <BannerType>season</BannerType>
  <BannerType2>season</BannerType2>
  <Language>en</Language>
  <Rating>6.0000</Rating>
  <RatingCount>5</RatingCount>
  <Season>2</Season>
</Banner>
<Banner>
  <id>30692</id>
  <BannerPath>seasons/80344-2-6.jpg</BannerPath>
  <BannerType>season</BannerType>
  <BannerType2>season</BannerType2>
  <Language>en</Language>
  <Rating>6.0000</Rating>
  <RatingCount>1</RatingCount>
  <Season>2</Season>
</Banner>
<Banner>
  <id>30848</id>
  <BannerPath>seasons/80344-2-8.jpg</BannerPath>
  <BannerType>season</BannerType>
  <BannerType2>season</BannerType2>
  <Language>en</Language>
  <Rating>6.0000</Rating>
  <RatingCount>3</RatingCount>
  <Season>2</Season>
</Banner>
<Banner>
  <id>30693</id>
  <BannerPath>seasons/80344-2-7.jpg</BannerPath>
  <BannerType>season</BannerType>
  <BannerType2>season</BannerType2>
  <Language>en</Language>
  <Rating>5.6667</Rating>
  <RatingCount>3</RatingCount>
  <Season>2</Season>
</Banner>
<Banner>
  <id>27553</id>
  <BannerPath>seasons/80344-2-2.jpg</BannerPath>
  <BannerType>season</BannerType>
  <BannerType2>season</BannerType2>
  <Language>en</Language>
  <Rating>5.6667</Rating>
  <RatingCount>3</RatingCount>
  <Season>2</Season>
</Banner>
<Banner>
  <id>30690</id>
  <BannerPath>seasons/80344-2-4.jpg</BannerPath>
  <BannerType>season</BannerType>
  <BannerType2>season</BannerType2>
  <Language>en</Language>
  <Rating>5.6667</Rating>
  <RatingCount>3</RatingCount>
  <Season>2</Season>
</Banner>
<Banner>
  <id>884691</id>
  <BannerPath>seasons/80344-2-10.jpg</BannerPath>
  <BannerType>season</BannerType>
  <BannerType2>season</BannerType2>
  <Language>en</Language>
  <Rating>5.5000</Rating>
  <RatingCount>2</RatingCount>
  <Season>2</Season>
</Banner>
<Banner>
  <id>29282</id>
  <BannerPath>seasons/80344-2-3.jpg</BannerPath>
  <BannerType>season</BannerType>
  <BannerType2>season</BannerType2>
  <Language>en</Language>
  <Rating>5.3333</Rating>
  <RatingCount>3</RatingCount>
  <Season>2</Season>
</Banner>
<Banner>
  <id>30688</id>
  <BannerPath>seasons/80344-1-9.jpg</BannerPath>
  <BannerType>season</BannerType>
  <BannerType2>season</BannerType2>
  <Language>en</Language>
  <Rating>5.0000</Rating>
  <RatingCount>2</RatingCount>
  <Season>1</Season>
</Banner>
<Banner>
  <id>26822</id>
  <BannerPath>seasons/80344-1-7.jpg</BannerPath>
  <BannerType>season</BannerType>
  <BannerType2>season</BannerType2>
  <Language>en</Language>
  <Rating>3.0000</Rating>
  <RatingCount>1</RatingCount>
  <Season>1</Season>
</Banner>
<Banner>
  <id>21580</id>
  <BannerPath>seasons/80344-1-21.jpg</BannerPath>
  <BannerType>season</BannerType>
  <BannerType2>season</BannerType2>
  <Language>en</Language>
  <Rating></Rating>
  <RatingCount>0</RatingCount>
  <Season>1</Season>
</Banner>
<Banner>
  <id>941700</id>
  <BannerPath>seasons/80344-2-11.jpg</BannerPath>
  <BannerType>season</BannerType>
  <BannerType2>season</BannerType2>
  <Language>de</Language>
  <Rating></Rating>
  <RatingCount>0</RatingCount>
  <Season>2</Season>
</Banner>
<Banner>
  <id>35989</id>
  <BannerPath>seasons/80344-0.jpg</BannerPath>
  <BannerType>season</BannerType>
  <BannerType2>season</BannerType2>
  <Language>en</Language>
  <Rating></Rating>
  <RatingCount>0</RatingCount>
  <Season>0</Season>
</Banner>
<Banner>
  <id>15592</id>
  <BannerPath>seasons/80344-1-2.jpg</BannerPath>
  <BannerType>season</BannerType>
  <BannerType2>season</BannerType2>
  <Language>en</Language>
  <Rating></Rating>
  <RatingCount>0</RatingCount>
  <Season>1</Season>
</Banner>
<Banner>
  <id>19601</id>
  <BannerPath>seasons/80344-1-5.jpg</BannerPath>
  <BannerType>season</BannerType>
  <BannerType2>season</BannerType2>
  <Language>en</Language>
  <Rating></Rating>
  <RatingCount>0</RatingCount>
  <Season>1</Season>
</Banner>
<Banner>
  <id>21571</id>
  <BannerPath>seasons/80344-1-12.jpg</BannerPath>
  <BannerType>season</BannerType>
  <BannerType2>season</BannerType2>
  <Language>en</Language>
  <Rating></Rating>
  <RatingCount>0</RatingCount>
  <Season>1</Season>
</Banner>
<Banner>
  <id>21570</id>
  <BannerPath>seasons/80344-1-11.jpg</BannerPath>
  <BannerType>season</BannerType>
  <BannerType2>season</BannerType2>
  <Language>en</Language>
  <Rating></Rating>
  <RatingCount>0</RatingCount>
  <Season>1</Season>
</Banner>
<Banner>
  <id>18325</id>
  <BannerPath>seasons/81150-1-2.jpg</BannerPath>
  <BannerType>season</BannerType>
  <BannerType2>season</BannerType2>
  <Language>en</Language>
  <Rating></Rating>
  <RatingCount>0</RatingCount>
  <Season>1</Season>
</Banner>
<Banner>
  <id>18326</id>
  <BannerPath>seasons/81150-1-3.jpg</BannerPath>
  <BannerType>season</BannerType>
  <BannerType2>season</BannerType2>
  <Language>en</Language>
  <Rating></Rating>
  <RatingCount>0</RatingCount>
  <Season>1</Season>
</Banner>
<Banner>
  <id>17355</id>
  <BannerPath>seasons/80344-1-4.jpg</BannerPath>
  <BannerType>season</BannerType>
  <BannerType2>season</BannerType2>
  <Language>en</Language>
  <Rating></Rating>
  <RatingCount>0</RatingCount>
  <Season>1</Season>
</Banner>
<Banner>
  <id>26471</id>
  <BannerPath>seasons/80344-1-6.jpg</BannerPath>
  <BannerType>season</BannerType>
  <BannerType2>season</BannerType2>
  <Language>de</Language>
  <Rating></Rating>
  <RatingCount>0</RatingCount>
  <Season>1</Season>
</Banner>
<Banner>
  <id>941697</id>
  <BannerPath>seasons/80344-1-18.jpg</BannerPath>
  <BannerType>season</BannerType>
  <BannerType2>season</BannerType2>
  <Language>de</Language>
  <Rating></Rating>
  <RatingCount>0</RatingCount>
  <Season>1</Season>
</Banner>
<Banner>
  <id>18647</id>
  <BannerPath>seasonswide/80344-1-2.jpg</BannerPath>
  <BannerType>season</BannerType>
  <BannerType2>seasonwide</BannerType2>
  <Language>en</Language>
  <Rating></Rating>
  <RatingCount>0</RatingCount>
  <Season>1</Season>
</Banner>
<Banner>
  <id>870950</id>
  <BannerPath>seasonswide/80344-1-3.jpg</BannerPath>
  <BannerType>season</BannerType>
  <BannerType2>seasonwide</BannerType2>
  <Language>en</Language>
  <Rating></Rating>
  <RatingCount>0</RatingCount>
  <Season>1</Season>
</Banner>
<Banner>
  <id>18312</id>
  <BannerPath>seasonswide/80344-1.jpg</BannerPath>
  <BannerType>season</BannerType>
  <BannerType2>seasonwide</BannerType2>
  <Language>en</Language>
  <Rating></Rating>
  <RatingCount>0</RatingCount>
  <Season>1</Season>
</Banner>
<Banner>
  <id>870948</id>
  <BannerPath>seasonswide/80344-2.jpg</BannerPath>
  <BannerType>season</BannerType>
  <BannerType2>seasonwide</BannerType2>
  <Language>en</Language>
  <Rating></Rating>
  <RatingCount>0</RatingCount>
  <Season>2</Season>
</Banner>
<Banner>
  <id>37177</id>
  <BannerPath>graphical/80344-g11.jpg</BannerPath>
  <BannerType>series</BannerType>
  <BannerType2>graphical</BannerType2>
  <Language>en</Language>
  <Rating>8.3333</Rating>
  <RatingCount>6</RatingCount>
</Banner>
<Banner>
  <id>18310</id>
  <BannerPath>graphical/80344-g3.jpg</BannerPath>
  <BannerType>series</BannerType>
  <BannerType2>graphical</BannerType2>
  <Language>en</Language>
  <Rating>8.1250</Rating>
  <RatingCount>8</RatingCount>
</Banner>
<Banner>
  <id>19782</id>
  <BannerPath>graphical/80344-g6.jpg</BannerPath>
  <BannerType>series</BannerType>
  <BannerType2>graphical</BannerType2>
  <Language>en</Language>
  <Rating>7.9167</Rating>
  <RatingCount>12</RatingCount>
</Banner>
<Banner>
  <id>44021</id>
  <BannerPath>graphical/80344-g13.jpg</BannerPath>
  <BannerType>series</BannerType>
  <BannerType2>graphical</BannerType2>
  <Language>en</Language>
  <Rating>7.5000</Rating>
  <RatingCount>2</RatingCount>
</Banner>
<Banner>
  <id>18327</id>
  <BannerPath>graphical/81150-g2.jpg</BannerPath>
  <BannerType>series</BannerType>
  <BannerType2>graphical</BannerType2>
  <Language>en</Language>
  <Rating>7.0000</Rating>
  <RatingCount>6</RatingCount>
</Banner>
<Banner>
  <id>19783</id>
  <BannerPath>graphical/80344-g7.jpg</BannerPath>
  <BannerType>series</BannerType>
  <BannerType2>graphical</BannerType2>
  <Language>en</Language>
  <Rating>6.6000</Rating>
  <RatingCount>5</RatingCount>
</Banner>
<Banner>
  <id>19886</id>
  <BannerPath>graphical/80344-g8.jpg</BannerPath>
  <BannerType>series</BannerType>
  <BannerType2>graphical</BannerType2>
  <Language>en</Language>
  <Rating>6.3333</Rating>
  <RatingCount>6</RatingCount>
</Banner>
<Banner>
  <id>18329</id>
  <BannerPath>graphical/81150-g3.jpg</BannerPath>
  <BannerType>series</BannerType>
  <BannerType2>graphical</BannerType2>
  <Language>en</Language>
  <Rating>6.0000</Rating>
  <RatingCount>3</RatingCount>
</Banner>
<Banner>
  <id>42056</id>
  <BannerPath>graphical/80344-g12.jpg</BannerPath>
  <BannerType>series</BannerType>
  <BannerType2>graphical</BannerType2>
  <Language>en</Language>
  <Rating>6.0000</Rating>
  <RatingCount>2</RatingCount>
</Banner>
<Banner>
  <id>19781</id>
  <BannerPath>graphical/80344-g5.jpg</BannerPath>
  <BannerType>series</BannerType>
  <BannerType2>graphical</BannerType2>
  <Language>en</Language>
  <Rating>5.7500</Rating>
  <RatingCount>4</RatingCount>
</Banner>
<Banner>
  <id>18311</id>
  <BannerPath>graphical/80344-g4.jpg</BannerPath>
  <BannerType>series</BannerType>
  <BannerType2>graphical</BannerType2>
  <Language>en</Language>
  <Rating>5.6000</Rating>
  <RatingCount>5</RatingCount>
</Banner>
<Banner>
  <id>740081</id>
  <BannerPath>graphical/80344-g15.jpg</BannerPath>
  <BannerType>series</BannerType>
  <BannerType2>graphical</BannerType2>
  <Language>pt</Language>
  <Rating>5.5000</Rating>
  <RatingCount>2</RatingCount>
</Banner>
<Banner>
  <id>892733</id>
  <BannerPath>graphical/80344-g16.jpg</BannerPath>
  <BannerType>series</BannerType>
  <BannerType2>graphical</BannerType2>
  <Language>en</Language>
  <Rating>5.5000</Rating>
  <RatingCount>2</RatingCount>
</Banner>
<Banner>
  <id>28861</id>
  <BannerPath>graphical/80344-g2.jpg</BannerPath>
  <BannerType>series</BannerType>
  <BannerType2>graphical</BannerType2>
  <Language>en</Language>
  <Rating>5.0000</Rating>
  <RatingCount>3</RatingCount>
</Banner>
<Banner>
  <id>18323</id>
  <BannerPath>graphical/81150-g.jpg</BannerPath>
  <BannerType>series</BannerType>
  <BannerType2>graphical</BannerType2>
  <Language>en</Language>
  <Rating>4.0000</Rating>
  <RatingCount>2</RatingCount>
</Banner>
<Banner>
  <id>14774</id>
  <BannerPath>graphical/80344-g.jpg</BannerPath>
  <BannerType>series</BannerType>
  <BannerType2>graphical</BannerType2>
  <Language>en</Language>
  <Rating>3.5000</Rating>
  <RatingCount>2</RatingCount>
</Banner>
<Banner>
  <id>897546</id>
  <BannerPath>text/80344.jpg</BannerPath>
  <BannerType>series</BannerType>
  <BannerType2>text</BannerType2>
  <Language>pt</Language>
  <Rating></Rating>
  <RatingCount>0</RatingCount>
</Banner>
<Banner>
  <id>24071</id>
  <BannerPath>graphical/80344-g9.jpg</BannerPath>
  <BannerType>series</BannerType>
  <BannerType2>graphical</BannerType2>
  <Language>pl</Language>
  <Rating></Rating>
  <RatingCount>0</RatingCount>
</Banner>
<Banner>
  <id>68961</id>
  <BannerPath>graphical/80344-g14.jpg</BannerPath>
  <BannerType>series</BannerType>
  <BannerType2>graphical</BannerType2>
  <Language>en</Language>
  <Rating></Rating>
  <RatingCount>0</RatingCount>
</Banner>
<Banner>
  <id>32622</id>
  <BannerPath>graphical/80344-g10.jpg</BannerPath>
  <BannerType>series</BannerType>
  <BannerType2>graphical</BannerType2>
  <Language>it</Language>
  <Rating></Rating>
  <RatingCount>0</RatingCount>
</Banner>
</Banners>