<?xml version="1.0" encoding="UTF-8" ?>
<Data><Series>
  <id>80344</id>
  <Actors>|Lena Headey|Thomas Dekker|Summer Glau|Stephanie Chaves-Jacobsen|Garret Dillahunt|Brian Austin Green|Shirley Manson|Leven Rambin|Richard T. Jones|</Actors>
  <Airs_DayOfWeek>Friday</Airs_DayOfWeek>
  <Airs_Time>8:00 PM</Airs_Time>
  <ContentRating>TV-14</ContentRating>
  <FirstAired>2008-01-13</FirstAired>
  <Genre>|Action|Adventure|Drama|Science-Fiction|</Genre>
  <IMDB_ID>tt0851851</IMDB_ID>
  <Language>en</Language>
  <Network>FOX</Network>
  <NetworkID></NetworkID>
  <Overview>The series picks up four years after the events of Terminator 2: Judgment Day with John and Sarah Connor hiding from the government. After two years in one place Sarah decides they need a change of scenery. Cameron Phillips, a reprogrammed Terminator sent to protect John, informs them that Judgment Day was not stopped and will take place in 2011.</Overview>
  <Rating>8.1</Rating>
  <RatingCount>230</RatingCount>
  <Runtime>60</Runtime>
  <SeriesID>68708</SeriesID>
  <SeriesName>Terminator: The Sarah Connor Chronicles</SeriesName>
  <Status>Ended</Status>
  <added></added>
  <addedBy></addedBy>
  <banner>graphical/80344-g11.jpg</banner>
  <fanart>fanart/original/80344-18.jpg</fanart>
  <lastupdated>1364474069</lastupdated>
  <poster>posters/80344-11.jpg</poster>
  <zap2it_id>SH931007</zap2it_id>
</Series>
<Episode>
  <id>348316</id>
  <Combined_episodenumber>1</Combined_episodenumber>
  <Combined_season>0</Combined_season>
  <DVD_chapter></DVD_chapter>
  <DVD_discid></DVD_discid>
  <DVD_episodenumber></DVD_episodenumber>
  <DVD_season></DVD_season>
  <Director></Director>
  <EpImgFlag></EpImgFlag>
  <EpisodeName>Unaired Pilot</EpisodeName>
  <EpisodeNumber>1</EpisodeNumber>
  <FirstAired></FirstAired>
  <GuestStars></GuestStars>
  <IMDB_ID></IMDB_ID>
  <Language>en</Language>
  <Overview>Original screener pilot</Overview>
  <ProductionCode></ProductionCode>
  <Rating></Rating>
  <RatingCount>0</RatingCount>
  <SeasonNumber>0</SeasonNumber>
  <Writer></Writer>
  <absolute_number></absolute_number>
  <airsafter_season></airsafter_season>
  <airsbefore_episode>1</airsbefore_episode>
  <airsbefore_season>1</airsbefore_season>
  <filename>episodes/80344/348316.jpg</filename>
  <lastupdated>1250519669</lastupdated>
  <seasonid>27975</seasonid>
  <seriesid>80344</seriesid>
</Episode>
<Episode>
  <id>398783</id>
  <Combined_episodenumber>2</Combined_episodenumber>
  <Combined_season>0</Combined_season>
  <DVD_chapter></DVD_chapter>
  <DVD_discid></DVD_discid>
  <DVD_episodenumber></DVD_episodenumber>
  <DVD_season></DVD_season>
  <Director>Fay Gibson</Director>
  <EpImgFlag>2</EpImgFlag>
  <EpisodeName>The Story So Far</EpisodeName>
  <EpisodeNumber>2</EpisodeNumber>
  <FirstAired>2008-10-16</FirstAired>
  <GuestStars>Sarah Cawood</GuestStars>
  <IMDB_ID></IMDB_ID>
  <Language>en</Language>
  <Overview>Compelling documentary giving you viewers a unique chance to catch up on all the gripping action and futuristic storylines of the sci-fi drama series.</Overview>
  <ProductionCode></ProductionCode>
  <Rating></Rating>
  <RatingCount>0</RatingCount>
  <SeasonNumber>0</SeasonNumber>
  <Writer></Writer>
  <absolute_number></absolute_number>
  <airsafter_season>1</airsafter_season>
  <airsbefore_episode>1</airsbefore_episode>
  <airsbefore_season>2</airsbefore_season>
  <filename>episodes/80344/398783.jpg</filename>
  <lastupdated>1274650979</lastupdated>
  <seasonid>27975</seasonid>
  <seriesid>80344</seriesid>
</Episode>
<Episode>
  <id>399415</id>
  <Combined_episodenumber>3</Combined_episodenumber>
  <Combined_season>0</Combined_season>
  <DVD_chapter></DVD_chapter>
  <DVD_discid></DVD_discid>
  <DVD_episodenumber></DVD_episodenumber>
  <DVD_season></DVD_season>
  <Director>Fay Gibson</Director>
  <EpImgFlag>2</EpImgFlag>
  <EpisodeName>Behind the Scenes</EpisodeName>
  <EpisodeNumber>3</EpisodeNumber>
  <FirstAired>2008-10-16</FirstAired>
  <GuestStars>Sarah Cawood</GuestStars>
  <IMDB_ID></IMDB_ID>
  <Language>en</Language>
  <Overview>A unique, access-all-areas look at the secrets behind the hit sci-fi series, including a tour of the set and revealing interviews with the show’s stars.</Overview>
  <ProductionCode></ProductionCode>
  <Rating>1.0</Rating>
  <RatingCount>1</RatingCount>
  <SeasonNumber>0</SeasonNumber>
  <Writer></Writer>
  <absolute_number></absolute_number>
  <airsafter_season>1</airsafter_season>
  <airsbefore_episode>1</airsbefore_episode>
  <airsbefore_season>2</airsbefore_season>
  <filename>episodes/80344/399415.jpg</filename>
  <lastupdated>1274650988</lastupdated>
  <seasonid>27975</seasonid>
  <seriesid>80344</seriesid>
</Episode>
<Episode>
  <id>332184</id>
  <Combined_episodenumber>1.0</Combined_episodenumber>
  <Combined_season>1</Combined_season>
  <DVD_chapter></DVD_chapter>
  <DVD_discid></DVD_discid>
  <DVD_episodenumber>1.0</DVD_episodenumber>
  <DVD_season>1</DVD_season>
  <Director>|David Nutter|</Director>
  <EpImgFlag>2</EpImgFlag>
  <EpisodeName>Pilot</EpisodeName>
  <EpisodeNumber>1</EpisodeNumber>
  <FirstAired>2008-01-13</FirstAired>
  <GuestStars>Deborah Martinez|Sonya Walger|Chad Brummett|Dave Colon|Arron Shiver|Babak Tafti|Joe Manuel Gallegos|Aaron Cash|Jason Grutter|Gary Houston|Brandon Molale|Kenneth Miller|Owain Yeoman|Aurora Antonio|Genia Michaela|Danielle Lozeau|Peggy Ann O'Neal|Kirby Kleeb</GuestStars>
  <IMDB_ID>tt0898023</IMDB_ID>
  <Language>en</Language>
  <Overview>After two years in one spot Sarah Connor feels the need to move on before they get too comfortable. They move to a new city where John starts school and meets a mysterious girl. However, danger strikes, and Sarah and John are caught in another struggle for their survival. </Overview>
  <ProductionCode>276022</ProductionCode>
  <Rating>7.8</Rating>
  <RatingCount>50</RatingCount>
  <SeasonNumber>1</SeasonNumber>
  <Writer>|Josh Friedman|</Writer>
  <absolute_number></absolute_number>
  <filename>episodes/80344/332184.jpg</filename>
  <lastupdated>1353860410</lastupdated>
  <seasonid>27988</seasonid>
  <seriesid>80344</seriesid>
</Episode>
<Episode>
  <id>348399</id>
  <Combined_episodenumber>2.0</Combined_episodenumber>
  <Combined_season>1</Combined_season>
  <DVD_chapter></DVD_chapter>
  <DVD_discid></DVD_discid>
  <DVD_episodenumber>2.0</DVD_episodenumber>
  <DVD_season>1</DVD_season>
  <Director>|David Nutter|</Director>
  <EpImgFlag>2</EpImgFlag>
  <EpisodeName>Gnothi Seauton</EpisodeName>
  <EpisodeNumber>2</EpisodeNumber>
  <FirstAired>2008-01-14</FirstAired>
  <GuestStars>Tony Amendola|Sasha Roiz|Sonya Walger|Omid Abtahi|Kellan Rhude|Jonathan Sadowski|David Kilde|Floriana Lima|Catherine Dent|Tiya Sircar|Alessandra Torresani|Brendan Hines|Edoardo Ballerini|Kristina Apgar|Dean Winters|</GuestStars>
  <IMDB_ID></IMDB_ID>
  <Language>en</Language>
  <Overview>Sarah makes contact with an old friend to ask a favor, while John decides to pay a visit to Sarah's ex and Cameron makes a new friend. Together they infiltrate a resistance safe house and discover they are not alone. Meanwhile, Agent Ellison realizes that Sarah is still alive and a dangerous person from Sarah's past is reawakened.</Overview>
  <ProductionCode>102</ProductionCode>
  <Rating>7.2</Rating>
  <RatingCount>34</RatingCount>
  <SeasonNumber>1</SeasonNumber>
  <Writer>|Josh Friedman|</Writer>
  <absolute_number></absolute_number>
  <filename>episodes/80344/348399.jpg</filename>
  <lastupdated>1353860425</lastupdated>
  <seasonid>27988</seasonid>
  <seriesid>80344</seriesid>
</Episode>
<Episode>
  <id>348400</id>
  <Combined_episodenumber>3.0</Combined_episodenumber>
  <Combined_season>1</Combined_season>
  <DVD_chapter></DVD_chapter>
  <DVD_discid></DVD_discid>
  <DVD_episodenumber>3.0</DVD_episodenumber>
  <DVD_season>1</DVD_season>
  <Director>|Paul Edwards|</Director>
  <EpImgFlag>2</EpImgFlag>
  <EpisodeName>The Turk</EpisodeName>
  <EpisodeNumber>3</EpisodeNumber>
  <FirstAired>2008-01-21</FirstAired>
  <GuestStars>|Charlayne Woodard|Alessandra Torresani|Sabrina Perez|Floriana Lima|David Ortiz|Brendan Hines|Keith Pillow|Bashir Sulahuddin|Tiya Sircar|Cameron Van Hoy|Adam Godley|Bernard White|Jesse Garcia|Catherine Dent|</GuestStars>
  <IMDB_ID></IMDB_ID>
  <Language>en</Language>
  <Overview>Sarah visits Miles Dyson's widow to find the  creator of Skynet. She leads her to a man named Andy Goode who used to work with Dyson and is building a chess-playing computer named &quot;The Turk.&quot; John and Cameron try their best to fit in on their first day at a new high school.</Overview>
  <ProductionCode>103</ProductionCode>
  <Rating>7.4</Rating>
  <RatingCount>30</RatingCount>
  <SeasonNumber>1</SeasonNumber>
  <Writer>|John Wirth|</Writer>
  <absolute_number></absolute_number>
  <filename>episodes/80344/348400.jpg</filename>
  <lastupdated>1353860439</lastupdated>
  <seasonid>27988</seasonid>
  <seriesid>80344</seriesid>
</Episode>
<Episode>
  <id>348401</id>
  <Combined_episodenumber>4.0</Combined_episodenumber>
  <Combined_season>1</Combined_season>
  <DVD_chapter></DVD_chapter>
  <DVD_discid></DVD_discid>
  <DVD_episodenumber>4.0</DVD_episodenumber>
  <DVD_season>1</DVD_season>
  <Director>|Sergio Mimica-Gezzan|</Director>
  <EpImgFlag>2</EpImgFlag>
  <EpisodeName>Heavy Metal</EpisodeName>
  <EpisodeNumber>4</EpisodeNumber>
  <FirstAired>2008-02-04</FirstAired>
  <GuestStars>|Taira Soo|Douglas Bennett|Greg Eagles|Michael Dempsey|Sean Smith|Linda Shing|Andy Umberger|Lee Thompson Young|Catherine Dent|Garret Dillahunt|Brian Bloom|Hector Atreyu Ruiz|Mark Adair-Rios|</GuestStars>
  <IMDB_ID></IMDB_ID>
  <Language>en</Language>
  <Overview>While searching for some stolen cargo, John becomes separated from Sarah and Cameron. Meanwhile, Agent Ellison's murder investigation leads him to a surprising suspect.</Overview>
  <ProductionCode>104</ProductionCode>
  <Rating>7.3</Rating>
  <RatingCount>27</RatingCount>
  <SeasonNumber>1</SeasonNumber>
  <Writer>|John Enbom|</Writer>
  <absolute_number></absolute_number>
  <filename>episodes/80344/348401.jpg</filename>
  <lastupdated>1353860454</lastupdated>
  <seasonid>27988</seasonid>
  <seriesid>80344</seriesid>
</Episode>
<Episode>
  <id>348402</id>
  <Combined_episodenumber>5.0</Combined_episodenumber>
  <Combined_season>1</Combined_season>
  <DVD_chapter></DVD_chapter>
  <DVD_discid></DVD_discid>
  <DVD_episodenumber>5.0</DVD_episodenumber>
  <DVD_season>1</DVD_season>
  <Director>|Matt Earl Beesley|</Director>
  <EpImgFlag>2</EpImgFlag>
  <EpisodeName>Queen's Gambit</EpisodeName>
  <EpisodeNumber>5</EpisodeNumber>
  <FirstAired>2008-02-11</FirstAired>
  <GuestStars>|Matt McColm|Neil Hopkins|Brian Austin Green|Garret Dillahunt|Brendan Hines|Sonya Walger|Jose Luis Chavez|Mark Ivanir|Josue Aguirre|John De Vito|Troy Cephers|Ray Chavez|Ally Maki|Jacob Witkin|</GuestStars>
  <IMDB_ID></IMDB_ID>
  <Language>en</Language>
  <Overview>Sarah reevaluates the capabilities of her friend Andy's computer after he enters it in a chess competition.  During the competition Sarah meets a stranger with a history similar to hers. Meanwhile, Agent Ellison finds remnants from a past terminator battle.</Overview>
  <ProductionCode>105</ProductionCode>
  <Rating>7.4</Rating>
  <RatingCount>31</RatingCount>
  <SeasonNumber>1</SeasonNumber>
  <Writer>|Natalie Chaidez|</Writer>
  <absolute_number></absolute_number>
  <filename>episodes/80344/348402.jpg</filename>
  <lastupdated>1353860470</lastupdated>
  <seasonid>27988</seasonid>
  <seriesid>80344</seriesid>
</Episode>
<Episode>
  <id>348403</id>
  <Combined_episodenumber>6.0</Combined_episodenumber>
  <Combined_season>1</Combined_season>
  <DVD_chapter></DVD_chapter>
  <DVD_discid></DVD_discid>
  <DVD_episodenumber>6.0</DVD_episodenumber>
  <DVD_season>1</DVD_season>
  <Director>|Jeffrey G. Hunt|</Director>
  <EpImgFlag>2</EpImgFlag>
  <EpisodeName>Dungeons &amp; Dragons</EpisodeName>
  <EpisodeNumber>6</EpisodeNumber>
  <FirstAired>2008-02-18</FirstAired>
  <GuestStars>|Brian Austin Green|Brendan Hines|</GuestStars>
  <IMDB_ID></IMDB_ID>
  <Language>en</Language>
  <Overview>Flashing in and out of consciousness, fighting for his life, the Stranger from last week recalls his future life battling the machines in 2027.  Meanwhile, Sarah tries to explain the past to Charley.</Overview>
  <ProductionCode>3T6858</ProductionCode>
  <Rating>7.1</Rating>
  <RatingCount>31</RatingCount>
  <SeasonNumber>1</SeasonNumber>
  <Writer>|Ashley Edward Miller|Zack Stentz|</Writer>
  <absolute_number></absolute_number>
  <filename>episodes/80344/348403.jpg</filename>
  <lastupdated>1353860482</lastupdated>
  <seasonid>27988</seasonid>
  <seriesid>80344</seriesid>
</Episode>
<Episode>
  <id>352429</id>
  <Combined_episodenumber>7.0</Combined_episodenumber>
  <Combined_season>1</Combined_season>
  <DVD_chapter></DVD_chapter>
  <DVD_discid></DVD_discid>
  <DVD_episodenumber>7.0</DVD_episodenumber>
  <DVD_season>1</DVD_season>
  <Director>|Charles Beeson|</Director>
  <EpImgFlag>2</EpImgFlag>
  <EpisodeName>The Demon Hand</EpisodeName>
  <EpisodeNumber>7</EpisodeNumber>
  <FirstAired>2008-02-25</FirstAired>
  <GuestStars>|Omid Abtahi|Ron Butler|David Kilde|Mark Kubr|Bruce Davison|Mark Bloom|Keith Pillow|Jose Luis Chavez|Mark Ivanir|Matthew Angel|Traber Burns|Angela Gots|Alex Veadov|</GuestStars>
  <IMDB_ID></IMDB_ID>
  <Language>en</Language>
  <Overview>Sarah breaks into Agent Ellison's apartment and discovers a file on her from her time at the mental hospital, leading her to Dr. Silberman, now a doomsday convert. Meanwhile Cameron signs up for a ballet class and John finds out how his mom escaped the mental hospital.</Overview>
  <ProductionCode>3T6855</ProductionCode>
  <Rating>7.7</Rating>
  <RatingCount>25</RatingCount>
  <SeasonNumber>1</SeasonNumber>
  <Writer>|Toni Graphia|</Writer>
  <absolute_number></absolute_number>
  <filename>episodes/80344/352429.jpg</filename>
  <lastupdated>1353860497</lastupdated>
  <seasonid>27988</seasonid>
  <seriesid>80344</seriesid>
</Episode>
<Episode>
  <id>352430</id>
  <Combined_episodenumber>8.0</Combined_episodenumber>
  <Combined_season>1</Combined_season>
  <DVD_chapter></DVD_chapter>
  <DVD_discid></DVD_discid>
  <DVD_episodenumber>8.0</DVD_episodenumber>
  <DVD_season>1</DVD_season>
  <Director>|J. Miller Tobin|</Director>
  <EpImgFlag>2</EpImgFlag>
  <EpisodeName>Vick's Chip (1)</EpisodeName>
  <EpisodeNumber>8</EpisodeNumber>
  <FirstAired>2008-03-03</FirstAired>
  <GuestStars>|Edoardo Ballerini|Jwaundace Candece|Jonathan Sadowski|Tony Wilde|Garret Dillahunt|</GuestStars>
  <IMDB_ID></IMDB_ID>
  <Language>en</Language>
  <Overview>Derek finds the brain chip from Vick that Cameron had kept. John builds an interface for it and they discover a computerized traffic system is important to Skynet. Sarah decides it must be sabotaged. Meanwhile, Cromartie is checking through school records in search of John.</Overview>
  <ProductionCode>3T6857</ProductionCode>
  <Rating>7.8</Rating>
  <RatingCount>29</RatingCount>
  <SeasonNumber>1</SeasonNumber>
  <Writer>|Daniel T. Thomsen|</Writer>
  <absolute_number></absolute_number>
  <filename>episodes/80344/352430.jpg</filename>
  <lastupdated>1353860511</lastupdated>
  <seasonid>27988</seasonid>
  <seriesid>80344</seriesid>
</Episode>
<Episode>
  <id>352431</id>
  <Combined_episodenumber>9.0</Combined_episodenumber>
  <Combined_season>1</Combined_season>
  <DVD_chapter></DVD_chapter>
  <DVD_discid></DVD_discid>
  <DVD_episodenumber>9.0</DVD_episodenumber>
  <DVD_season>1</DVD_season>
  <Director>|Mike Rohl|</Director>
  <EpImgFlag>2</EpImgFlag>
  <EpisodeName>What He Beheld (2)</EpisodeName>
  <EpisodeNumber>9</EpisodeNumber>
  <FirstAired>2008-03-03</FirstAired>
  <GuestStars>|Garret Dillahunt|Catherine Dent|</GuestStars>
  <IMDB_ID></IMDB_ID>
  <Language>en</Language>
  <Overview>John defends Cameron against a damning accusation by Derek, putting him and Derek at odds, while Sarah finds herself in a business transaction with a mysterious business man. Meanwhile, Cromartie closes in on John and Agent Ellison discovers a nemesis at the agency. Part two of Season 1 Finale.</Overview>
  <ProductionCode>3T6856</ProductionCode>
  <Rating>7.9</Rating>
  <RatingCount>30</RatingCount>
  <SeasonNumber>1</SeasonNumber>
  <Writer>|Ian Goldberg|</Writer>
  <absolute_number></absolute_number>
  <filename>episodes/80344/352431.jpg</filename>
  <lastupdated>1353860526</lastupdated>
  <seasonid>27988</seasonid>
  <seriesid>80344</seriesid>
</Episode>
<Episode>
  <id>383006</id>
  <Combined_episodenumber>1.0</Combined_episodenumber>
  <Combined_season>2</Combined_season>
  <DVD_chapter></DVD_chapter>
  <DVD_discid></DVD_discid>
  <DVD_episodenumber>1.0</DVD_episodenumber>
  <DVD_season>2</DVD_season>
  <Director>David Nutter</Director>
  <EpImgFlag>2</EpImgFlag>
  <EpisodeName>Samson &amp; Delilah</EpisodeName>
  <EpisodeNumber>1</EpisodeNumber>
  <FirstAired>2008-09-08</FirstAired>
  <GuestStars>|Dean Winters|Sandra Purpuro|Marcus Chait|James Urbaniak|Shane Edelman|Carlos Sanz|Noemi Amarilla|Max Perlich|</GuestStars>
  <IMDB_ID>tt1245068</IMDB_ID>
  <Language>en</Language>
  <Overview>After the Jeep explosion, John's 16th birthday makes him confront the fact that he's destined to be alone. Meanwhile, after Cromartie's massacre, Agent Ellison must face off against both the Feds and his faith.</Overview>
  <ProductionCode>201</ProductionCode>
  <Rating>7.9</Rating>
  <RatingCount>47</RatingCount>
  <SeasonNumber>2</SeasonNumber>
  <Writer>Josh Friedman</Writer>
  <absolute_number></absolute_number>
  <filename>episodes/80344/383006.jpg</filename>
  <lastupdated>1353860584</lastupdated>
  <seasonid>34250</seasonid>
  <seriesid>80344</seriesid>
</Episode>
<Episode>
  <id>383007</id>
  <Combined_episodenumber>2.0</Combined_episodenumber>
  <Combined_season>2</Combined_season>
  <DVD_chapter></DVD_chapter>
  <DVD_discid></DVD_discid>
  <DVD_episodenumber>2.0</DVD_episodenumber>
  <DVD_season>2</DVD_season>
  <Director>Jeffrey G. Hunt</Director>
  <EpImgFlag>2</EpImgFlag>
  <EpisodeName>Automatic for the People</EpisodeName>
  <EpisodeNumber>2</EpisodeNumber>
  <FirstAired>2008-09-15</FirstAired>
  <GuestStars>|Dean Winters|Sonya Walger|Busy Philipps|Paul Schulze|Dean Norris|Tommy Hicks|Obren Milanovic|Zack Ward|Debra Wilson Skelton|Cory Tucker|Vinni Ali'i Mesa|Johnny D'Agostino|</GuestStars>
  <IMDB_ID>tt1245067</IMDB_ID>
  <Language>en</Language>
  <Overview>Cameron and Sarah take the initiative to investigate a nuclear powerplant. Meanwhile, John loses interest in academics, but becomes more popular at school with a new friend's help.</Overview>
  <ProductionCode>202</ProductionCode>
  <Rating>7.7</Rating>
  <RatingCount>40</RatingCount>
  <SeasonNumber>2</SeasonNumber>
  <Writer>Natalie Chaidez</Writer>
  <absolute_number></absolute_number>
  <filename>episodes/80344/383007.jpg</filename>
  <lastupdated>1353860600</lastupdated>
  <seasonid>34250</seasonid>
  <seriesid>80344</seriesid>
</Episode>
<Episode>
  <id>383008</id>
  <Combined_episodenumber>3.0</Combined_episodenumber>
  <Combined_season>2</Combined_season>
  <DVD_chapter></DVD_chapter>
  <DVD_discid></DVD_discid>
  <DVD_episodenumber>3.0</DVD_episodenumber>
  <DVD_season>2</DVD_season>
  <Director>Bryan Spicer</Director>
  <EpImgFlag>2</EpImgFlag>
  <EpisodeName>The Mousetrap</EpisodeName>
  <EpisodeNumber>3</EpisodeNumber>
  <FirstAired>2008-09-22</FirstAired>
  <GuestStars>|Dean Winters|Lisa Canning|Busy Philipps|Sonya Walger|William C. Mitchell|</GuestStars>
  <IMDB_ID>tt1245069</IMDB_ID>
  <Language>en</Language>
  <Overview>Derek and Sarah must outwit Cromartie after he kidnaps Charley's wife, and they must weigh the consequences in rescuing her. Meanwhile, John finds himself unable to choose between Cameron and Riley.</Overview>
  <ProductionCode>205</ProductionCode>
  <Rating>7.4</Rating>
  <RatingCount>36</RatingCount>
  <SeasonNumber>2</SeasonNumber>
  <Writer>John Wirth</Writer>
  <absolute_number></absolute_number>
  <filename>episodes/80344/383008.jpg</filename>
  <lastupdated>1353860621</lastupdated>
  <seasonid>34250</seasonid>
  <seriesid>80344</seriesid>
</Episode>
<Episode>
  <id>386434</id>
  <Combined_episodenumber>4.0</Combined_episodenumber>
  <Combined_season>2</Combined_season>
  <DVD_chapter></DVD_chapter>
  <DVD_discid></DVD_discid>
  <DVD_episodenumber>4.0</DVD_episodenumber>
  <DVD_season>2</DVD_season>
  <Director>Charles Beeson</Director>
  <EpImgFlag>2</EpImgFlag>
  <EpisodeName>Allison from Palmdale</EpisodeName>
  <EpisodeNumber>4</EpisodeNumber>
  <FirstAired>2008-09-29</FirstAired>
  <GuestStars>|Busy Philipps|Leah Pipes|Jon Huertas|Jillian Armenante|Garvin Funches|Fay Wolf|Enrico Natale|Roberto Sanchez|Jeff Leaf|Ralph Cole|Amy Tolsky|Ali Chen|</GuestStars>
  <IMDB_ID>tt1245336</IMDB_ID>
  <Language>en</Language>
  <Overview>A software glitch causes Cameron to forget who she is. She goes missing from the Connors and is taken in by a street kid named Jody. Cameron and Jody end up at a halfway house where Cameron meets with a social worker who uncovers some of Cameron’s distant memories. Meanwhile, Catherine Weaver meets with Agent Ellison to discuss his future at Zeira Corp, and Ellison does some digging into Weaver’s past.</Overview>
  <ProductionCode>204</ProductionCode>
  <Rating>7.8</Rating>
  <RatingCount>36</RatingCount>
  <SeasonNumber>2</SeasonNumber>
  <Writer>Toni Graphia</Writer>
  <absolute_number></absolute_number>
  <filename>episodes/80344/386434.jpg</filename>
  <lastupdated>1353860633</lastupdated>
  <seasonid>34250</seasonid>
  <seriesid>80344</seriesid>
</Episode>
<Episode>
  <id>386435</id>
  <Combined_episodenumber>5.0</Combined_episodenumber>
  <Combined_season>2</Combined_season>
  <DVD_chapter></DVD_chapter>
  <DVD_discid></DVD_discid>
  <DVD_episodenumber>5.0</DVD_episodenumber>
  <DVD_season>2</DVD_season>
  <Director>Bill Eagles</Director>
  <EpImgFlag>2</EpImgFlag>
  <EpisodeName>Goodbye to All That</EpisodeName>
  <EpisodeNumber>5</EpisodeNumber>
  <FirstAired>2008-10-06</FirstAired>
  <GuestStars>Patrick Kilpatrick|Will Rothhaar|Beau Billingslea|Dean Norris|Jonathan Jackson|Alexandra Raines</GuestStars>
  <IMDB_ID>tt1245066</IMDB_ID>
  <Language>en</Language>
  <Overview>John and Derek infiltrate a military academy in order to protect an integral member of the future resistance. 
Meanwhile, Weaver’s first assignment for Ellison takes an interesting turn of events when he discovers a specter from his own past.</Overview>
  <ProductionCode>203</ProductionCode>
  <Rating>8.1</Rating>
  <RatingCount>37</RatingCount>
  <SeasonNumber>2</SeasonNumber>
  <Writer>Ashley Edward Miller|Zack Stentz</Writer>
  <absolute_number></absolute_number>
  <filename>episodes/80344/386435.jpg</filename>
  <lastupdated>1353860722</lastupdated>
  <seasonid>34250</seasonid>
  <seriesid>80344</seriesid>
</Episode>
<Episode>
  <id>386438</id>
  <Combined_episodenumber>6.0</Combined_episodenumber>
  <Combined_season>2</Combined_season>
  <DVD_chapter></DVD_chapter>
  <DVD_discid></DVD_discid>
  <DVD_episodenumber>6.0</DVD_episodenumber>
  <DVD_season>2</DVD_season>
  <Director>Tawnia McKiernan</Director>
  <EpImgFlag>2</EpImgFlag>
  <EpisodeName>The Tower is Tall, But the Fall is Short</EpisodeName>
  <EpisodeNumber>6</EpisodeNumber>
  <FirstAired>2008-10-20</FirstAired>
  <GuestStars>|Dorian Harewood|Shane Edelman|Stephanie Jacobsen|Mackenzie Smith|Christopher DeMaci|Jennifer Chang|Kit Pongetti|Derek Riddell|Preston James Hillier|Jake Soldera|Aixa I. Maldonado|Michael D. Cheng|</GuestStars>
  <IMDB_ID>tt1245337</IMDB_ID>
  <Language>en</Language>
  <Overview>Why would a T-1001 ever need to visit a doctor? Sarah, John and Cameron hope to find out as they track another name from their list. Meanwhile, a woman who Derek once knew in the past surprises him by appearing in the present.</Overview>
  <ProductionCode>208</ProductionCode>
  <Rating>7.7</Rating>
  <RatingCount>34</RatingCount>
  <SeasonNumber>2</SeasonNumber>
  <Writer>Denise Thé</Writer>
  <absolute_number></absolute_number>
  <filename>episodes/80344/386438.jpg</filename>
  <lastupdated>1353860736</lastupdated>
  <seasonid>34250</seasonid>
  <seriesid>80344</seriesid>
</Episode>
<Episode>
  <id>386436</id>
  <Combined_episodenumber>7.0</Combined_episodenumber>
  <Combined_season>2</Combined_season>
  <DVD_chapter></DVD_chapter>
  <DVD_discid></DVD_discid>
  <DVD_episodenumber>7.0</DVD_episodenumber>
  <DVD_season>2</DVD_season>
  <Director>Milan Cheylov</Director>
  <EpImgFlag>2</EpImgFlag>
  <EpisodeName>Brothers of Nablus</EpisodeName>
  <EpisodeNumber>7</EpisodeNumber>
  <FirstAired>2008-11-03</FirstAired>
  <GuestStars>Busy Philipps|Jillian Armenante|Leah Pipes|Stephanie Chaves-Jacobsen|Glenn Taranto|James Gleason|Jeanette O'Connor|Joe Hursley</GuestStars>
  <IMDB_ID>tt1245338</IMDB_ID>
  <Language>en</Language>
  <Overview>The Connors find themselves on high alert and in odd company after their house is robbed. A Terminator terrorizes Ellison, while another gets dangerously close to John Connor. Derek and Jesse continue to get reacquainted. </Overview>
  <ProductionCode></ProductionCode>
  <Rating>7.5</Rating>
  <RatingCount>35</RatingCount>
  <SeasonNumber>2</SeasonNumber>
  <Writer>Ian Goldberg</Writer>
  <absolute_number></absolute_number>
  <filename>episodes/80344/386436.jpg</filename>
  <lastupdated>1353860749</lastupdated>
  <seasonid>34250</seasonid>
  <seriesid>80344</seriesid>
</Episode>
<Episode>
  <id>386437</id>
  <Combined_episodenumber>8.0</Combined_episodenumber>
  <Combined_season>2</Combined_season>
  <DVD_chapter></DVD_chapter>
  <DVD_discid></DVD_discid>
  <DVD_episodenumber>8.0</DVD_episodenumber>
  <DVD_season>2</DVD_season>
  <Director>Michael Nankin</Director>
  <EpImgFlag>2</EpImgFlag>
  <EpisodeName>Mr. Ferguson is Ill Today</EpisodeName>
  <EpisodeNumber>8</EpisodeNumber>
  <FirstAired>2008-11-10</FirstAired>
  <GuestStars>|Danny Mora|Emilio Rivera|</GuestStars>
  <IMDB_ID>tt1245339</IMDB_ID>
  <Language>en</Language>
  <Overview>Cromartie kidnaps Sarah and races to Mexico to find John. When Derek, Cameron and Ellison discover what has happened, they come to their defense, which leads to one final deadly confrontation with Cromartie.</Overview>
  <ProductionCode>SCC-211</ProductionCode>
  <Rating>8.0</Rating>
  <RatingCount>41</RatingCount>
  <SeasonNumber>2</SeasonNumber>
  <Writer>Daniel Thomsen</Writer>
  <absolute_number></absolute_number>
  <filename>episodes/80344/386437.jpg</filename>
  <lastupdated>1353860766</lastupdated>
  <seasonid>34250</seasonid>
  <seriesid>80344</seriesid>
</Episode>
<Episode>
  <id>386439</id>
  <Combined_episodenumber>9.0</Combined_episodenumber>
  <Combined_season>2</Combined_season>
  <DVD_chapter></DVD_chapter>
  <DVD_discid></DVD_discid>
  <DVD_episodenumber>9.0</DVD_episodenumber>
  <DVD_season>2</DVD_season>
  <Director>Steven DePaul</Director>
  <EpImgFlag>2</EpImgFlag>
  <EpisodeName>Complications</EpisodeName>
  <EpisodeNumber>9</EpisodeNumber>
  <FirstAired>2008-11-17</FirstAired>
  <GuestStars>|Richard Schiff|Dorian Harewood|Stephanie Jacobsen|Adam Busch|John Kelly|</GuestStars>
  <IMDB_ID>tt1245340</IMDB_ID>
  <Language>en</Language>
  <Overview>Sarah finds that the strange dreams she's been having while she sleeps are slowly beginning to creep into her waking life, but she has no idea what the dreams mean for her and John. Derek and Jesse investigate a possible Skynet conspirator.</Overview>
  <ProductionCode>209</ProductionCode>
  <Rating>7.6</Rating>
  <RatingCount>36</RatingCount>
  <SeasonNumber>2</SeasonNumber>
  <Writer>|John Wirth|Ian Goldberg|</Writer>
  <absolute_number></absolute_number>
  <filename>episodes/80344/386439.jpg</filename>
  <lastupdated>1353860782</lastupdated>
  <seasonid>34250</seasonid>
  <seriesid>80344</seriesid>
</Episode>
<Episode>
  <id>406627</id>
  <Combined_episodenumber>10.0</Combined_episodenumber>
  <Combined_season>2</Combined_season>
  <DVD_chapter></DVD_chapter>
  <DVD_discid></DVD_discid>
  <DVD_episodenumber>10.0</DVD_episodenumber>
  <DVD_season>2</DVD_season>
  <Director>Scott Peters</Director>
  <EpImgFlag>2</EpImgFlag>
  <EpisodeName>Strange Things Happen at the One-Two Point</EpisodeName>
  <EpisodeNumber>10</EpisodeNumber>
  <FirstAired>2008-11-24</FirstAired>
  <GuestStars>Richard Schiff|John Kelly|Adam Busch|Stephanie Chaves-Jacobsen|Javier Grajeda|Dorian Harewood|Eddie Shin|Eric Steinberg|Shane Edelman</GuestStars>
  <IMDB_ID>tt1245332</IMDB_ID>
  <Language>en</Language>
  <Overview>Sarah's preoccupation with the three dots takes her to a place she believes is holding Andy Goode's Turk. Meanwhile, Jesse's plans have come complications and Weaver makes an important introduction.</Overview>
  <ProductionCode>210</ProductionCode>
  <Rating>7.4</Rating>
  <RatingCount>38</RatingCount>
  <SeasonNumber>2</SeasonNumber>
  <Writer>|Ashley Edward Miller|Jack Stentz|</Writer>
  <absolute_number></absolute_number>
  <filename>episodes/80344/406627.jpg</filename>
  <lastupdated>1353860794</lastupdated>
  <seasonid>34250</seasonid>
  <seriesid>80344</seriesid>
</Episode>
<Episode>
  <id>405699</id>
  <Combined_episodenumber>11.0</Combined_episodenumber>
  <Combined_season>2</Combined_season>
  <DVD_chapter></DVD_chapter>
  <DVD_discid></DVD_discid>
  <DVD_episodenumber>11.0</DVD_episodenumber>
  <DVD_season>2</DVD_season>
  <Director>Holly Dale</Director>
  <EpImgFlag>2</EpImgFlag>
  <EpisodeName>Self Made Man</EpisodeName>
  <EpisodeNumber>11</EpisodeNumber>
  <FirstAired>2008-12-01</FirstAired>
  <GuestStars>David Michie|Elsie Ivy|Ray Laska|Yolanda Lloyd Delgado|Eric Callero|Jody Jaress|Justin Alston|Mary Alexandra Steifvater|Branden Morgan|Toni Monsion|Lou George|Billy Lush|Oren Dayan|Todd Stashwick|Symba Smith</GuestStars>
  <IMDB_ID>tt1245333</IMDB_ID>
  <Language>en</Language>
  <Overview>Cameron learns that a terminator was accidentally sent back to 1920s Los Angeles, and she tries to find out what happened to him. Meanwhile, John has a run-in with a group of punks while taking Riley home from a party.</Overview>
  <ProductionCode>211</ProductionCode>
  <Rating>7.6</Rating>
  <RatingCount>42</RatingCount>
  <SeasonNumber>2</SeasonNumber>
  <Writer>Toni Graphia</Writer>
  <absolute_number></absolute_number>
  <filename>episodes/80344/405699.jpg</filename>
  <lastupdated>1353860814</lastupdated>
  <seasonid>34250</seasonid>
  <seriesid>80344</seriesid>
</Episode>
<Episode>
  <id>410672</id>
  <Combined_episodenumber>12.0</Combined_episodenumber>
  <Combined_season>2</Combined_season>
  <DVD_chapter></DVD_chapter>
  <DVD_discid></DVD_discid>
  <DVD_episodenumber>12.0</DVD_episodenumber>
  <DVD_season>2</DVD_season>
  <Director>|Charles Besson| Bryan Spicer|</Director>
  <EpImgFlag>2</EpImgFlag>
  <EpisodeName>Alpine Fields</EpisodeName>
  <EpisodeNumber>12</EpisodeNumber>
  <FirstAired>2008-12-08</FirstAired>
  <GuestStars>|Stephanie Jacobsen|Fay Wolf|Rebecca Creskoff|Samantha Krutzfeldt|Carlos Jacott|Yolanda Lloyd Delgado|Oren Dayan|Johnny Sneed|Jullian Dulce Vida|Peter Mensah|Haley Hudson|</GuestStars>
  <IMDB_ID>tt1245334</IMDB_ID>
  <Language>en</Language>
  <Overview>Terminators come after a family whose unborn daughter plays an important role in the war against the Machines, and Sarah, Cameron, and Derek try to protect them.</Overview>
  <ProductionCode>212</ProductionCode>
  <Rating>7.3</Rating>
  <RatingCount>39</RatingCount>
  <SeasonNumber>2</SeasonNumber>
  <Writer>John Enbom</Writer>
  <absolute_number></absolute_number>
  <filename>episodes/80344/410672.jpg</filename>
  <lastupdated>1353860825</lastupdated>
  <seasonid>34250</seasonid>
  <seriesid>80344</seriesid>
</Episode>
<Episode>
  <id>412085</id>
  <Combined_episodenumber>13.0</Combined_episodenumber>
  <Combined_season>2</Combined_season>
  <DVD_chapter></DVD_chapter>
  <DVD_discid></DVD_discid>
  <DVD_episodenumber>13.0</DVD_episodenumber>
  <DVD_season>2</DVD_season>
  <Director>Felix Enriquez Alcalá</Director>
  <EpImgFlag>2</EpImgFlag>
  <EpisodeName>Earthlings Welcome Here</EpisodeName>
  <EpisodeNumber>13</EpisodeNumber>
  <FirstAired>2008-12-15</FirstAired>
  <GuestStars>|Stephanie Jacobsen|Dinah Lenney|Michael Hyatt|Barry Livingston|William Stanford Davis|Ned Bellamy|</GuestStars>
  <IMDB_ID>tt1245335</IMDB_ID>
  <Language>en</Language>
  <Overview>Sarah turns to a UFO convention for answers about the &quot;three dots,&quot; more details about Riley's mission are revealed, and Ellison begins working with Catherine Weaver's AI prototype, &quot;John Henry.&quot;</Overview>
  <ProductionCode>213</ProductionCode>
  <Rating>7.2</Rating>
  <RatingCount>36</RatingCount>
  <SeasonNumber>2</SeasonNumber>
  <Writer>Natalie Chaidez</Writer>
  <absolute_number></absolute_number>
  <filename>episodes/80344/412085.jpg</filename>
  <lastupdated>1353860838</lastupdated>
  <seasonid>34250</seasonid>
  <seriesid>80344</seriesid>
</Episode>
<Episode>
  <id>412086</id>
  <Combined_episodenumber>14.0</Combined_episodenumber>
  <Combined_season>2</Combined_season>
  <DVD_chapter></DVD_chapter>
  <DVD_discid></DVD_discid>
  <DVD_episodenumber>14.0</DVD_episodenumber>
  <DVD_season>2</DVD_season>
  <Director>Jeff Woolnough</Director>
  <EpImgFlag>2</EpImgFlag>
  <EpisodeName>The Good Wound</EpisodeName>
  <EpisodeNumber>14</EpisodeNumber>
  <FirstAired>2009-02-13</FirstAired>
  <GuestStars>|Jonathan Jackson|Stephanie Jacobsen|Laura Regan|Connor Trinneer|Jamison Jones|Chad Lindberg|Sanjay Madhav|Julie Remala|Patrick Faucette|Nicole Pettis|Clark Koelsch|</GuestStars>
  <IMDB_ID>tt1329925</IMDB_ID>
  <Language>en</Language>
  <Overview>While fighting to stay alive, Sarah is guided by the image of John's father. Weaver's attempt to protect John Henry has deadly consequences.</Overview>
  <ProductionCode></ProductionCode>
  <Rating>7.3</Rating>
  <RatingCount>37</RatingCount>
  <SeasonNumber>2</SeasonNumber>
  <Writer>Ashley Edward Miller, Zack Stentz</Writer>
  <absolute_number></absolute_number>
  <filename>episodes/80344/412086.jpg</filename>
  <lastupdated>1353860849</lastupdated>
  <seasonid>34250</seasonid>
  <seriesid>80344</seriesid>
</Episode>
<Episode>
  <id>412087</id>
  <Combined_episodenumber>15.0</Combined_episodenumber>
  <Combined_season>2</Combined_season>
  <DVD_chapter></DVD_chapter>
  <DVD_discid></DVD_discid>
  <DVD_episodenumber>15.0</DVD_episodenumber>
  <DVD_season>2</DVD_season>
  <Director>J. Miller Tobin</Director>
  <EpImgFlag>2</EpImgFlag>
  <EpisodeName>Desert Cantos</EpisodeName>
  <EpisodeNumber>15</EpisodeNumber>
  <FirstAired>2009-02-20</FirstAired>
  <GuestStars>|Mackenzie Smith|Alanna Masterson|Adam Wylie|Susan Floyd|Thomas Garner|Cyd Strittmatter|Shane Edelman|Jim Jansen|John Pyper-Ferguson|Max Perlich|Ned Bellamy|</GuestStars>
  <IMDB_ID>tt1329926</IMDB_ID>
  <Language>en</Language>
  <Overview>The Connors visit a town connected to the destroyed factory; Weaver sends a man into town in search of a survivor.</Overview>
  <ProductionCode></ProductionCode>
  <Rating>7.1</Rating>
  <RatingCount>44</RatingCount>
  <SeasonNumber>2</SeasonNumber>
  <Writer>|John Wirth|Ian Goldberg|</Writer>
  <absolute_number></absolute_number>
  <filename>episodes/80344/412087.jpg</filename>
  <lastupdated>1353860862</lastupdated>
  <seasonid>34250</seasonid>
  <seriesid>80344</seriesid>
</Episode>
<Episode>
  <id>435275</id>
  <Combined_episodenumber>16.0</Combined_episodenumber>
  <Combined_season>2</Combined_season>
  <DVD_chapter></DVD_chapter>
  <DVD_discid></DVD_discid>
  <DVD_episodenumber>16.0</DVD_episodenumber>
  <DVD_season>2</DVD_season>
  <Director>Scott Lautanen</Director>
  <EpImgFlag>2</EpImgFlag>
  <EpisodeName>Some Must Watch, While Some Must Sleep</EpisodeName>
  <EpisodeNumber>16</EpisodeNumber>
  <FirstAired>2009-02-27</FirstAired>
  <GuestStars></GuestStars>
  <IMDB_ID>tt1329927</IMDB_ID>
  <Language>en</Language>
  <Overview>Haunted by nightmares of the man she killed in the factory, Sarah checks in to a sleep clinic. When suspicious things begin happening, Sarah suspects Skynet may be using the facility for brain-mapping.</Overview>
  <ProductionCode></ProductionCode>
  <Rating>6.5</Rating>
  <RatingCount>41</RatingCount>
  <SeasonNumber>2</SeasonNumber>
  <Writer>|Natalie Chaidez|Denise Thé|</Writer>
  <absolute_number></absolute_number>
  <filename>episodes/80344/435275.jpg</filename>
  <lastupdated>1353860877</lastupdated>
  <seasonid>34250</seasonid>
  <seriesid>80344</seriesid>
</Episode>
<Episode>
  <id>435276</id>
  <Combined_episodenumber>17.0</Combined_episodenumber>
  <Combined_season>2</Combined_season>
  <DVD_chapter></DVD_chapter>
  <DVD_discid></DVD_discid>
  <DVD_episodenumber>17.0</DVD_episodenumber>
  <DVD_season>2</DVD_season>
  <Director>Jeff Woolnough</Director>
  <EpImgFlag>2</EpImgFlag>
  <EpisodeName>Ourselves Alone</EpisodeName>
  <EpisodeNumber>17</EpisodeNumber>
  <FirstAired>2009-03-06</FirstAired>
  <GuestStars>|Stephanie Jacobsen|Mackenzie Smith|Gregg Perrie|Leslie Thurston|Alex Carter|Tina Casciani|Alison Martin|</GuestStars>
  <IMDB_ID>tt1329928</IMDB_ID>
  <Language>en</Language>
  <Overview>Cameron's glitch resurfaces, resulting in unfortunate consequences for everyone. Riley is afraid that Cameron has discovered her secret.</Overview>
  <ProductionCode></ProductionCode>
  <Rating>7.4</Rating>
  <RatingCount>40</RatingCount>
  <SeasonNumber>2</SeasonNumber>
  <Writer>|Toni Graphia|Daniel T. Thomsen|</Writer>
  <absolute_number></absolute_number>
  <filename>episodes/80344/435276.jpg</filename>
  <lastupdated>1353860914</lastupdated>
  <seasonid>34250</seasonid>
  <seriesid>80344</seriesid>
</Episode>
<Episode>
  <id>435949</id>
  <Combined_episodenumber>18.0</Combined_episodenumber>
  <Combined_season>2</Combined_season>
  <DVD_chapter></DVD_chapter>
  <DVD_discid></DVD_discid>
  <DVD_episodenumber>18.0</DVD_episodenumber>
  <DVD_season>2</DVD_season>
  <Director>Guy Bee</Director>
  <EpImgFlag>2</EpImgFlag>
  <EpisodeName>Today is the Day (1)</EpisodeName>
  <EpisodeNumber>18</EpisodeNumber>
  <FirstAired>2009-03-13</FirstAired>
  <GuestStars>|Busy Philipps|Stephanie Jacobsen|Chad L. Coleman|Drew Rausch|Theo Rossi|Chris Ellis|Yuri Lowenthal|Gregg Perrie|Erin Fleming|Krishna Cole|Mackenzie Smith|</GuestStars>
  <IMDB_ID>tt1329929</IMDB_ID>
  <Language>en</Language>
  <Overview>Jesse has a flashback to a mission aboard her submarine, the Jimmy Carter. John and Sarah make plans to leave their house.</Overview>
  <ProductionCode></ProductionCode>
  <Rating>7.6</Rating>
  <RatingCount>45</RatingCount>
  <SeasonNumber>2</SeasonNumber>
  <Writer>|Ashley E. Miller|Zack Stentz|</Writer>
  <absolute_number></absolute_number>
  <filename>episodes/80344/435949.jpg</filename>
  <lastupdated>1353860929</lastupdated>
  <seasonid>34250</seasonid>
  <seriesid>80344</seriesid>
</Episode>
<Episode>
  <id>435950</id>
  <Combined_episodenumber>19.0</Combined_episodenumber>
  <Combined_season>2</Combined_season>
  <DVD_chapter></DVD_chapter>
  <DVD_discid></DVD_discid>
  <DVD_episodenumber>19.0</DVD_episodenumber>
  <DVD_season>2</DVD_season>
  <Director>Guy Bee</Director>
  <EpImgFlag>2</EpImgFlag>
  <EpisodeName>Today is the Day (2)</EpisodeName>
  <EpisodeNumber>19</EpisodeNumber>
  <FirstAired>2009-03-20</FirstAired>
  <GuestStars>|Busy Philipps|Stephanie Jacobsen|Chad L. Coleman|Drew Rausch|Theo Rossi|Chris Ellis|Yuri Lowenthal|Krishna Cole|Erin Fleming|Bill Tangradi|</GuestStars>
  <IMDB_ID>tt1329930</IMDB_ID>
  <Language>en</Language>
  <Overview>Jesse's submarine mission in the future takes a fatal turn that has unforeseen effects on John, Sarah and Derek in the present. Before heading out, Sarah deals with Cameron and John makes a tough choice.</Overview>
  <ProductionCode></ProductionCode>
  <Rating>7.7</Rating>
  <RatingCount>42</RatingCount>
  <SeasonNumber>2</SeasonNumber>
  <Writer>|Ashley E. Miller|Zack Stentz|</Writer>
  <absolute_number></absolute_number>
  <filename>episodes/80344/435950.jpg</filename>
  <lastupdated>1353860944</lastupdated>
  <seasonid>34250</seasonid>
  <seriesid>80344</seriesid>
</Episode>
<Episode>
  <id>440277</id>
  <Combined_episodenumber>20.0</Combined_episodenumber>
  <Combined_season>2</Combined_season>
  <DVD_chapter></DVD_chapter>
  <DVD_discid></DVD_discid>
  <DVD_episodenumber>20.0</DVD_episodenumber>
  <DVD_season>2</DVD_season>
  <Director>Guy Ferland</Director>
  <EpImgFlag>2</EpImgFlag>
  <EpisodeName>To the Lighthouse</EpisodeName>
  <EpisodeNumber>20</EpisodeNumber>
  <FirstAired>2009-03-27</FirstAired>
  <GuestStars>|John De Vito|Dean Winters|Mackenzie Smith|Gina Gallego|Luisa Vitor|Massi Furlan|Dominic Flores|Shane Edelman|</GuestStars>
  <IMDB_ID>tt1329931</IMDB_ID>
  <Language>en</Language>
  <Overview>Fearing for her life, Sarah stashes John in a safe house. Cameron and Derek struggle to work together after she reveals a big secret. John Henry becomes compromised.</Overview>
  <ProductionCode></ProductionCode>
  <Rating>7.8</Rating>
  <RatingCount>49</RatingCount>
  <SeasonNumber>2</SeasonNumber>
  <Writer>Natalie Chaidez</Writer>
  <absolute_number></absolute_number>
  <filename>episodes/80344/440277.jpg</filename>
  <lastupdated>1353860964</lastupdated>
  <seasonid>34250</seasonid>
  <seriesid>80344</seriesid>
</Episode>
<Episode>
  <id>440279</id>
  <Combined_episodenumber>21.0</Combined_episodenumber>
  <Combined_season>2</Combined_season>
  <DVD_chapter></DVD_chapter>
  <DVD_discid></DVD_discid>
  <DVD_episodenumber>21.0</DVD_episodenumber>
  <DVD_season>2</DVD_season>
  <Director>Charles Beeson</Director>
  <EpImgFlag>2</EpImgFlag>
  <EpisodeName>Adam Raised a Cain</EpisodeName>
  <EpisodeNumber>21</EpisodeNumber>
  <FirstAired>2009-04-03</FirstAired>
  <GuestStars>|Larry Cedar|Mackenzie Smith|Jeffrey Pierce|Austin Highsmith|Jill Remez|</GuestStars>
  <IMDB_ID>tt1329932</IMDB_ID>
  <Language>en</Language>
  <Overview>When John attempts to rescue Skynet’s latest target he finds himself closing in on Weaver, but at what cost? Game plans change, causing Sarah and Ellison to reunite. Meanwhile, Weaver learns Ellison’s secrets.</Overview>
  <ProductionCode></ProductionCode>
  <Rating>8.0</Rating>
  <RatingCount>46</RatingCount>
  <SeasonNumber>2</SeasonNumber>
  <Writer>Toni Graphia</Writer>
  <absolute_number></absolute_number>
  <filename>episodes/80344/440279.jpg</filename>
  <lastupdated>1353860975</lastupdated>
  <seasonid>34250</seasonid>
  <seriesid>80344</seriesid>
</Episode>
<Episode>
  <id>440282</id>
  <Combined_episodenumber>22.0</Combined_episodenumber>
  <Combined_season>2</Combined_season>
  <DVD_chapter></DVD_chapter>
  <DVD_discid></DVD_discid>
  <DVD_episodenumber>22.0</DVD_episodenumber>
  <DVD_season>2</DVD_season>
  <Director>Jeffrey Hunt</Director>
  <EpImgFlag>2</EpImgFlag>
  <EpisodeName>Born to Run</EpisodeName>
  <EpisodeNumber>22</EpisodeNumber>
  <FirstAired>2009-04-10</FirstAired>
  <GuestStars></GuestStars>
  <IMDB_ID>tt1329933</IMDB_ID>
  <Language>en</Language>
  <Overview>Fate is changed forever on the explosive season finale episode! The Connors come face-to-face with Weaver in a confrontation that shakes John to the core and changes his reality. Nothing will be the same.</Overview>
  <ProductionCode></ProductionCode>
  <Rating>8.4</Rating>
  <RatingCount>49</RatingCount>
  <SeasonNumber>2</SeasonNumber>
  <Writer>Josh Friedman</Writer>
  <absolute_number></absolute_number>
  <filename>episodes/80344/440282.jpg</filename>
  <lastupdated>1353861003</lastupdated>
  <seasonid>34250</seasonid>
  <seriesid>80344</seriesid>
</Episode>
</Data>