<?xml version="1.0" encoding="UTF-8" ?>
<Actors>
<Actor>
  <id>17099</id>
  <Image>actors/17099.jpg</Image>
  <Name>John Lithgow</Name>
  <Role>Dick Solomon</Role>
  <SortOrder>0</SortOrder>
</Actor>
<Actor>
  <id>17095</id>
  <Image>actors/17095.jpg</Image>
  <Name>Kristen Johnston</Name>
  <Role>Security Officer Lieutenant Sally Solomon</Role>
  <SortOrder>0</SortOrder>
</Actor>
<Actor>
  <id>17098</id>
  <Image>actors/17098.jpg</Image>
  <Name>French Stewart</Name>
  <Role>Communicator Harry Solomon</Role>
  <SortOrder>1</SortOrder>
</Actor>
<Actor>
  <id>17094</id>
  <Image>actors/17094.jpg</Image>
  <Name>Joseph Gordon-Levitt</Name>
  <Role>Information Officer Tommy Solomon</Role>
  <SortOrder>1</SortOrder>
</Actor>
<Actor>
  <id>17096</id>
  <Image>actors/17096.jpg</Image>
  <Name>Jane Curtin</Name>
  <Role>Dr. Mary Albright</Role>
  <SortOrder>2</SortOrder>
</Actor>
<Actor>
  <id>17097</id>
  <Image>actors/17097.jpg</Image>
  <Name>Elmarie Wendel</Name>
  <Role>Mrs. Dubcek</Role>
  <SortOrder>3</SortOrder>
</Actor>
<Actor>
  <id>17093</id>
  <Image>actors/17093.jpg</Image>
  <Name>Simbi Khali</Name>
  <Role>Nina Campbell</Role>
  <SortOrder>3</SortOrder>
</Actor>
<Actor>
  <id>17092</id>
  <Image>actors/17092.jpg</Image>
  <Name>Wayne Knight</Name>
  <Role>Don</Role>
  <SortOrder>3</SortOrder>
</Actor>
</Actors>