<?xml version="1.0" encoding="UTF-8" ?>
<Banners>
<Banner>
  <id>950407</id>
  <BannerPath>fanart/original/259669-7.jpg</BannerPath>
  <BannerType>fanart</BannerType>
  <BannerType2>1920x1080</BannerType2>
  <Colors></Colors>
  <Language>en</Language>
  <Rating>10.0000</Rating>
  <RatingCount>1</RatingCount>
  <SeriesName>false</SeriesName>
  <ThumbnailPath>_cache/fanart/original/259669-7.jpg</ThumbnailPath>
  <VignettePath>fanart/vignette/259669-7.jpg</VignettePath>
</Banner>
<Banner>
  <id>931181</id>
  <BannerPath>fanart/original/259669-2.jpg</BannerPath>
  <BannerType>fanart</BannerType>
  <BannerType2>1920x1080</BannerType2>
  <Colors></Colors>
  <Language>en</Language>
  <Rating>10.0000</Rating>
  <RatingCount>1</RatingCount>
  <SeriesName>false</SeriesName>
  <ThumbnailPath>_cache/fanart/original/259669-2.jpg</ThumbnailPath>
  <VignettePath>fanart/vignette/259669-2.jpg</VignettePath>
</Banner>
<Banner>
  <id>931182</id>
  <BannerPath>fanart/original/259669-3.jpg</BannerPath>
  <BannerType>fanart</BannerType>
  <BannerType2>1920x1080</BannerType2>
  <Colors></Colors>
  <Language>en</Language>
  <Rating></Rating>
  <RatingCount>0</RatingCount>
  <SeriesName>false</SeriesName>
  <ThumbnailPath>_cache/fanart/original/259669-3.jpg</ThumbnailPath>
  <VignettePath>fanart/vignette/259669-3.jpg</VignettePath>
</Banner>
<Banner>
  <id>950409</id>
  <BannerPath>fanart/original/259669-9.jpg</BannerPath>
  <BannerType>fanart</BannerType>
  <BannerType2>1920x1080</BannerType2>
  <Colors></Colors>
  <Language>en</Language>
  <Rating></Rating>
  <RatingCount>0</RatingCount>
  <SeriesName>false</SeriesName>
  <ThumbnailPath>_cache/fanart/original/259669-9.jpg</ThumbnailPath>
  <VignettePath>fanart/vignette/259669-9.jpg</VignettePath>
</Banner>
<Banner>
  <id>947937</id>
  <BannerPath>fanart/original/259669-6.jpg</BannerPath>
  <BannerType>fanart</BannerType>
  <BannerType2>1920x1080</BannerType2>
  <Colors></Colors>
  <Language>en</Language>
  <Rating></Rating>
  <RatingCount>0</RatingCount>
  <SeriesName>true</SeriesName>
  <ThumbnailPath>_cache/fanart/original/259669-6.jpg</ThumbnailPath>
  <VignettePath>fanart/vignette/259669-6.jpg</VignettePath>
</Banner>
<Banner>
  <id>941164</id>
  <BannerPath>fanart/original/259669-4.jpg</BannerPath>
  <BannerType>fanart</BannerType>
  <BannerType2>1280x720</BannerType2>
  <Colors></Colors>
  <Language>en</Language>
  <Rating></Rating>
  <RatingCount>0</RatingCount>
  <SeriesName>false</SeriesName>
  <ThumbnailPath>_cache/fanart/original/259669-4.jpg</ThumbnailPath>
  <VignettePath>fanart/vignette/259669-4.jpg</VignettePath>
</Banner>
<Banner>
  <id>947932</id>
  <BannerPath>fanart/original/259669-5.jpg</BannerPath>
  <BannerType>fanart</BannerType>
  <BannerType2>1920x1080</BannerType2>
  <Colors></Colors>
  <Language>en</Language>
  <Rating></Rating>
  <RatingCount>0</RatingCount>
  <SeriesName>false</SeriesName>
  <ThumbnailPath>_cache/fanart/original/259669-5.jpg</ThumbnailPath>
  <VignettePath>fanart/vignette/259669-5.jpg</VignettePath>
</Banner>
<Banner>
  <id>931180</id>
  <BannerPath>fanart/original/259669-1.jpg</BannerPath>
  <BannerType>fanart</BannerType>
  <BannerType2>1920x1080</BannerType2>
  <Colors></Colors>
  <Language>en</Language>
  <Rating></Rating>
  <RatingCount>0</RatingCount>
  <SeriesName>false</SeriesName>
  <ThumbnailPath>_cache/fanart/original/259669-1.jpg</ThumbnailPath>
  <VignettePath>fanart/vignette/259669-1.jpg</VignettePath>
</Banner>
<Banner>
  <id>950408</id>
  <BannerPath>fanart/original/259669-8.jpg</BannerPath>
  <BannerType>fanart</BannerType>
  <BannerType2>1920x1080</BannerType2>
  <Colors></Colors>
  <Language>en</Language>
  <Rating></Rating>
  <RatingCount>0</RatingCount>
  <SeriesName>false</SeriesName>
  <ThumbnailPath>_cache/fanart/original/259669-8.jpg</ThumbnailPath>
  <VignettePath>fanart/vignette/259669-8.jpg</VignettePath>
</Banner>
<Banner>
  <id>943844</id>
  <BannerPath>posters/259669-3.jpg</BannerPath>
  <BannerType>poster</BannerType>
  <BannerType2>680x1000</BannerType2>
  <Language>en</Language>
  <Rating>10.0000</Rating>
  <RatingCount>1</RatingCount>
</Banner>
<Banner>
  <id>941167</id>
  <BannerPath>posters/259669-2.jpg</BannerPath>
  <BannerType>poster</BannerType>
  <BannerType2>680x1000</BannerType2>
  <Language>en</Language>
  <Rating>8.5000</Rating>
  <RatingCount>2</RatingCount>
</Banner>
<Banner>
  <id>923120</id>
  <BannerPath>posters/259669-1.jpg</BannerPath>
  <BannerType>poster</BannerType>
  <BannerType2>680x1000</BannerType2>
  <Language>en</Language>
  <Rating></Rating>
  <RatingCount>0</RatingCount>
</Banner>
<Banner>
  <id>916501</id>
  <BannerPath>seasons/259669-1.jpg</BannerPath>
  <BannerType>season</BannerType>
  <BannerType2>season</BannerType2>
  <Language>en</Language>
  <Rating></Rating>
  <RatingCount>0</RatingCount>
  <Season>1</Season>
</Banner>
<Banner>
  <id>947058</id>
  <BannerPath>graphical/259669-g.jpg</BannerPath>
  <BannerType>series</BannerType>
  <BannerType2>graphical</BannerType2>
  <Language>en</Language>
  <Rating></Rating>
  <RatingCount>0</RatingCount>
</Banner>
<Banner>
  <id>947056</id>
  <BannerPath>graphical/259669-g3.jpg</BannerPath>
  <BannerType>series</BannerType>
  <BannerType2>graphical</BannerType2>
  <Language>en</Language>
  <Rating></Rating>
  <RatingCount>0</RatingCount>
</Banner>
<Banner>
  <id>947057</id>
  <BannerPath>graphical/259669-g2.jpg</BannerPath>
  <BannerType>series</BannerType>
  <BannerType2>graphical</BannerType2>
  <Language>en</Language>
  <Rating></Rating>
  <RatingCount>0</RatingCount>
</Banner>
</Banners>