<?xml version="1.0" encoding="UTF-8" ?>
<Data><Series>
  <id>259669</id>
  <Actors>|Laura Haddock|Lara Pulver|Tom Riley|Elliot Cowan|Hera Hilmar|Blake Ritson|Gregg Chillin|Eros Vlahos|James Faulkner|Tom Bateman|Alexander Siddig|</Actors>
  <Airs_DayOfWeek>Friday</Airs_DayOfWeek>
  <Airs_Time>10:00 pm</Airs_Time>
  <ContentRating>TV-MA</ContentRating>
  <FirstAired>2013-04-12</FirstAired>
  <Genre>|Adventure|Drama|</Genre>
  <IMDB_ID>tt2094262</IMDB_ID>
  <Language>en</Language>
  <Network>Starz!</Network>
  <NetworkID></NetworkID>
  <Overview></Overview>
  <Rating>10.0</Rating>
  <RatingCount>1</RatingCount>
  <Runtime>60</Runtime>
  <SeriesID></SeriesID>
  <SeriesName>Da Vinci's Demons</SeriesName>
  <Status>Continuing</Status>
  <added>2012-06-04 08:08:57</added>
  <addedBy>364135</addedBy>
  <banner>graphical/259669-g.jpg</banner>
  <fanart>fanart/original/259669-7.jpg</fanart>
  <lastupdated>1365763262</lastupdated>
  <poster>posters/259669-3.jpg</poster>
  <zap2it_id></zap2it_id>
</Series>
<Episode>
  <id>4398150</id>
  <Combined_episodenumber>1</Combined_episodenumber>
  <Combined_season>1</Combined_season>
  <DVD_chapter></DVD_chapter>
  <DVD_discid></DVD_discid>
  <DVD_episodenumber></DVD_episodenumber>
  <DVD_season></DVD_season>
  <Director>David S. Goyer</Director>
  <EpImgFlag>2</EpImgFlag>
  <EpisodeName>The Hanged Man</EpisodeName>
  <EpisodeNumber>1</EpisodeNumber>
  <FirstAired>2013-04-12</FirstAired>
  <GuestStars></GuestStars>
  <IMDB_ID>tt2218444</IMDB_ID>
  <Language>en</Language>
  <Overview>Rising artisan Leonardo da Vinci is hired by the powerful Medicis to create an Easter spectacle in Florence. Da Vinci is commissioned to engineer war machines. A mysterious Turk captures Leonardo’s interest.
</Overview>
  <ProductionCode></ProductionCode>
  <Rating></Rating>
  <RatingCount>0</RatingCount>
  <SeasonNumber>1</SeasonNumber>
  <Writer>David S. Goyer</Writer>
  <absolute_number></absolute_number>
  <filename>episodes/259669/4398150.jpg</filename>
  <lastupdated>1365756866</lastupdated>
  <seasonid>496577</seasonid>
  <seriesid>259669</seriesid>
</Episode>
<Episode>
  <id>4507086</id>
  <Combined_episodenumber>2</Combined_episodenumber>
  <Combined_season>1</Combined_season>
  <DVD_chapter></DVD_chapter>
  <DVD_discid></DVD_discid>
  <DVD_episodenumber></DVD_episodenumber>
  <DVD_season></DVD_season>
  <Director>David S. Goyer</Director>
  <EpImgFlag></EpImgFlag>
  <EpisodeName>The Serpent</EpisodeName>
  <EpisodeNumber>2</EpisodeNumber>
  <FirstAired>2013-04-19</FirstAired>
  <GuestStars></GuestStars>
  <IMDB_ID>tt2218448</IMDB_ID>
  <Language>en</Language>
  <Overview></Overview>
  <ProductionCode></ProductionCode>
  <Rating></Rating>
  <RatingCount>0</RatingCount>
  <SeasonNumber>1</SeasonNumber>
  <Writer>David S. Goyer|Scott M. Gimple</Writer>
  <absolute_number></absolute_number>
  <filename></filename>
  <lastupdated>1365756772</lastupdated>
  <seasonid>496577</seasonid>
  <seriesid>259669</seriesid>
</Episode>
<Episode>
  <id>4507087</id>
  <Combined_episodenumber>3</Combined_episodenumber>
  <Combined_season>1</Combined_season>
  <DVD_chapter></DVD_chapter>
  <DVD_discid></DVD_discid>
  <DVD_episodenumber></DVD_episodenumber>
  <DVD_season></DVD_season>
  <Director>Jamie Payne</Director>
  <EpImgFlag></EpImgFlag>
  <EpisodeName>The Prisoner</EpisodeName>
  <EpisodeNumber>3</EpisodeNumber>
  <FirstAired>2013-04-26</FirstAired>
  <GuestStars></GuestStars>
  <IMDB_ID>tt2238920</IMDB_ID>
  <Language>en</Language>
  <Overview></Overview>
  <ProductionCode></ProductionCode>
  <Rating></Rating>
  <RatingCount>0</RatingCount>
  <SeasonNumber>1</SeasonNumber>
  <Writer>Scott M. Gimple|David S. Goyer</Writer>
  <absolute_number></absolute_number>
  <filename></filename>
  <lastupdated>1365443322</lastupdated>
  <seasonid>496577</seasonid>
  <seriesid>259669</seriesid>
</Episode>
<Episode>
  <id>4507088</id>
  <Combined_episodenumber>4</Combined_episodenumber>
  <Combined_season>1</Combined_season>
  <DVD_chapter></DVD_chapter>
  <DVD_discid></DVD_discid>
  <DVD_episodenumber></DVD_episodenumber>
  <DVD_season></DVD_season>
  <Director>Jamie Payne</Director>
  <EpImgFlag></EpImgFlag>
  <EpisodeName>The Magician</EpisodeName>
  <EpisodeNumber>4</EpisodeNumber>
  <FirstAired>2013-05-03</FirstAired>
  <GuestStars></GuestStars>
  <IMDB_ID>tt2238912</IMDB_ID>
  <Language>en</Language>
  <Overview></Overview>
  <ProductionCode></ProductionCode>
  <Rating></Rating>
  <RatingCount>0</RatingCount>
  <SeasonNumber>1</SeasonNumber>
  <Writer>David S. Goyer|Jami O’Brien</Writer>
  <absolute_number></absolute_number>
  <filename></filename>
  <lastupdated>1365443350</lastupdated>
  <seasonid>496577</seasonid>
  <seriesid>259669</seriesid>
</Episode>
<Episode>
  <id>4507089</id>
  <Combined_episodenumber>5</Combined_episodenumber>
  <Combined_season>1</Combined_season>
  <DVD_chapter></DVD_chapter>
  <DVD_discid></DVD_discid>
  <DVD_episodenumber></DVD_episodenumber>
  <DVD_season></DVD_season>
  <Director>Paul Wilmshurst</Director>
  <EpImgFlag></EpImgFlag>
  <EpisodeName>The Tower</EpisodeName>
  <EpisodeNumber>5</EpisodeNumber>
  <FirstAired>2013-05-10</FirstAired>
  <GuestStars></GuestStars>
  <IMDB_ID>tt2239644</IMDB_ID>
  <Language>en</Language>
  <Overview></Overview>
  <ProductionCode></ProductionCode>
  <Rating></Rating>
  <RatingCount>0</RatingCount>
  <SeasonNumber>1</SeasonNumber>
  <Writer>Joe Ahearne</Writer>
  <absolute_number></absolute_number>
  <filename></filename>
  <lastupdated>1365443370</lastupdated>
  <seasonid>496577</seasonid>
  <seriesid>259669</seriesid>
</Episode>
<Episode>
  <id>4507090</id>
  <Combined_episodenumber>6</Combined_episodenumber>
  <Combined_season>1</Combined_season>
  <DVD_chapter></DVD_chapter>
  <DVD_discid></DVD_discid>
  <DVD_episodenumber></DVD_episodenumber>
  <DVD_season></DVD_season>
  <Director>Paul Wilmshur</Director>
  <EpImgFlag></EpImgFlag>
  <EpisodeName>The Devil</EpisodeName>
  <EpisodeNumber>6</EpisodeNumber>
  <FirstAired>2013-05-17</FirstAired>
  <GuestStars></GuestStars>
  <IMDB_ID>tt2239646</IMDB_ID>
  <Language>en</Language>
  <Overview></Overview>
  <ProductionCode></ProductionCode>
  <Rating></Rating>
  <RatingCount>0</RatingCount>
  <SeasonNumber>1</SeasonNumber>
  <Writer>Brian Nelson|Marco Ramirez</Writer>
  <absolute_number></absolute_number>
  <filename></filename>
  <lastupdated>1365443392</lastupdated>
  <seasonid>496577</seasonid>
  <seriesid>259669</seriesid>
</Episode>
<Episode>
  <id>4507091</id>
  <Combined_episodenumber>7</Combined_episodenumber>
  <Combined_season>1</Combined_season>
  <DVD_chapter></DVD_chapter>
  <DVD_discid></DVD_discid>
  <DVD_episodenumber></DVD_episodenumber>
  <DVD_season></DVD_season>
  <Director>Michael J. Bassett</Director>
  <EpImgFlag></EpImgFlag>
  <EpisodeName>The Hierophant</EpisodeName>
  <EpisodeNumber>7</EpisodeNumber>
  <FirstAired>2013-05-31</FirstAired>
  <GuestStars></GuestStars>
  <IMDB_ID>tt2239648</IMDB_ID>
  <Language>en</Language>
  <Overview></Overview>
  <ProductionCode></ProductionCode>
  <Rating></Rating>
  <RatingCount>0</RatingCount>
  <SeasonNumber>1</SeasonNumber>
  <Writer>Sarah Goldfinger|Corey Reed</Writer>
  <absolute_number></absolute_number>
  <filename></filename>
  <lastupdated>1365443420</lastupdated>
  <seasonid>496577</seasonid>
  <seriesid>259669</seriesid>
</Episode>
<Episode>
  <id>4507092</id>
  <Combined_episodenumber>8</Combined_episodenumber>
  <Combined_season>1</Combined_season>
  <DVD_chapter></DVD_chapter>
  <DVD_discid></DVD_discid>
  <DVD_episodenumber></DVD_episodenumber>
  <DVD_season></DVD_season>
  <Director>Michael J. Bassett</Director>
  <EpImgFlag></EpImgFlag>
  <EpisodeName>The Lovers</EpisodeName>
  <EpisodeNumber>8</EpisodeNumber>
  <FirstAired>2013-06-07</FirstAired>
  <GuestStars></GuestStars>
  <IMDB_ID>tt2239650</IMDB_ID>
  <Language>en</Language>
  <Overview></Overview>
  <ProductionCode></ProductionCode>
  <Rating></Rating>
  <RatingCount>0</RatingCount>
  <SeasonNumber>1</SeasonNumber>
  <Writer>David S. Goyer|Brian Nelson|Corey Reed</Writer>
  <absolute_number></absolute_number>
  <filename></filename>
  <lastupdated>1365443452</lastupdated>
  <seasonid>496577</seasonid>
  <seriesid>259669</seriesid>
</Episode>
</Data>