<?xml version="1.0" encoding="UTF-8" ?>
<Actors>
<Actor>
  <id>27324</id>
  <Image>actors/27324.jpg</Image>
  <Name>Gary Sinise</Name>
  <Role>Mac Taylor</Role>
  <SortOrder>0</SortOrder>
</Actor>
<Actor>
  <id>239091</id>
  <Image>actors/239091.jpg</Image>
  <Name>Sela Ward</Name>
  <Role>Jo Danville</Role>
  <SortOrder>1</SortOrder>
</Actor>
<Actor>
  <id>27326</id>
  <Image>actors/27326.jpg</Image>
  <Name>Carmine Giovinazzo</Name>
  <Role>Danny Messer</Role>
  <SortOrder>2</SortOrder>
</Actor>
<Actor>
  <id>91251</id>
  <Image>actors/91251.jpg</Image>
  <Name>Robert Joy</Name>
  <Role>Dr. Sid Hammerback</Role>
  <SortOrder>3</SortOrder>
</Actor>
<Actor>
  <id>91241</id>
  <Image>actors/91241.jpg</Image>
  <Name>A.J. Buckley</Name>
  <Role>Adam Ross</Role>
  <SortOrder>3</SortOrder>
</Actor>
<Actor>
  <id>91231</id>
  <Image>actors/91231.jpg</Image>
  <Name>Emmanuelle Vaugier</Name>
  <Role>Jennifer Angel</Role>
  <SortOrder>3</SortOrder>
</Actor>
<Actor>
  <id>78030</id>
  <Image>actors/78030.jpg</Image>
  <Name>Claire Forlani</Name>
  <Role>Peyton Driscoll</Role>
  <SortOrder>3</SortOrder>
</Actor>
<Actor>
  <id>78029</id>
  <Image>actors/78029.jpg</Image>
  <Name>Anna Belknap</Name>
  <Role>Lindsay Monroe</Role>
  <SortOrder>3</SortOrder>
</Actor>
<Actor>
  <id>27329</id>
  <Image>actors/27329.jpg</Image>
  <Name>Hill Harper</Name>
  <Role>Sheldon Hawkes</Role>
  <SortOrder>3</SortOrder>
</Actor>
<Actor>
  <id>27328</id>
  <Image>actors/27328.jpg</Image>
  <Name>Eddie Cahill</Name>
  <Role>Don Flack</Role>
  <SortOrder>3</SortOrder>
</Actor>
<Actor>
  <id>27327</id>
  <Image>actors/27327.jpg</Image>
  <Name>Vanessa Ferlito</Name>
  <Role>Aiden Burn</Role>
  <SortOrder>3</SortOrder>
</Actor>
<Actor>
  <id>27325</id>
  <Image>actors/27325.jpg</Image>
  <Name>Melina Kanakaredes</Name>
  <Role>Stella Bonasera</Role>
  <SortOrder>3</SortOrder>
</Actor>
</Actors>