<?xml version="1.0" encoding="UTF-8" ?>
<Actors>
<Actor>
  <id>53462</id>
  <Image>actors/53462.jpg</Image>
  <Name>Leslie Nielsen</Name>
  <Role>Det. Frank Drebin</Role>
  <SortOrder>0</SortOrder>
</Actor>
<Actor>
  <id>53464</id>
  <Image>actors/53464.jpg</Image>
  <Name>Alan North</Name>
  <Role>Capt. Ed Hocken</Role>
  <SortOrder>1</SortOrder>
</Actor>
<Actor>
  <id>225191</id>
  <Image>actors/225191.jpg</Image>
  <Name>Peter Lupus</Name>
  <Role>Norberg</Role>
  <SortOrder>2</SortOrder>
</Actor>
<Actor>
  <id>225171</id>
  <Image>actors/225171.jpg</Image>
  <Name>Ed Williams</Name>
  <Role>Mr. Olsen</Role>
  <SortOrder>2</SortOrder>
</Actor>
<Actor>
  <id>225181</id>
  <Image>actors/225181.jpg</Image>
  <Name>William Duell</Name>
  <Role>Johnny</Role>
  <SortOrder>3</SortOrder>
</Actor>
<Actor>
  <id>53463</id>
  <Image></Image>
  <Name>Rex Hamilton</Name>
  <Role>Abraham Lincoln</Role>
  <SortOrder>3</SortOrder>
</Actor>
</Actors>