<?xml version="1.0" encoding="UTF-8" ?>
<Data><Series>
  <id>77190</id>
  <Actors>|Leslie Nielsen|Alan North|Peter Lupus|Ed Williams|William Duell|Rex Hamilton|</Actors>
  <Airs_DayOfWeek>Thursday</Airs_DayOfWeek>
  <Airs_Time>8:00</Airs_Time>
  <ContentRating></ContentRating>
  <FirstAired>1982-04-01</FirstAired>
  <Genre>|Comedy|</Genre>
  <IMDB_ID>tt0083466</IMDB_ID>
  <Language>en</Language>
  <Network>ABC</Network>
  <NetworkID></NetworkID>
  <Overview>From the creators of Airplane!, the Hot Shots! movies, and Top Secret!, Police Squad! began as the brain-child of Jim Abrahams, David Zucker and Jerry Zucker. The series would later spawn three follow-up movies under the new Naked Gun titles. The series was set up to spoof the Quinn Martin Productions' police dramas of the 1960s and 1970s, hence the use of &quot;In Color&quot; by the narrator. The show's main staple of entertainment came from sight gags (such as a tow truck being a truck in the shape of a big toe) and misunderstandings in dialogue, mostly from people taking things extremely literally. Several great routines came from these misunderstandings that left characters in the scene very confused, but left the audience with loads of humor. Though critically acclaimed, it never did well in the ratings.</Overview>
  <Rating>8.9</Rating>
  <RatingCount>12</RatingCount>
  <Runtime>30</Runtime>
  <SeriesID>5627</SeriesID>
  <SeriesName>Police Squad!</SeriesName>
  <Status>Ended</Status>
  <added></added>
  <addedBy></addedBy>
  <banner>graphical/77190-g3.jpg</banner>
  <fanart>fanart/original/77190-2.jpg</fanart>
  <lastupdated>1355155934</lastupdated>
  <poster>posters/77190-1.jpg</poster>
  <zap2it_id></zap2it_id>
</Series>
<Episode>
  <id>418987</id>
  <Combined_episodenumber>1</Combined_episodenumber>
  <Combined_season>0</Combined_season>
  <DVD_chapter></DVD_chapter>
  <DVD_discid></DVD_discid>
  <DVD_episodenumber></DVD_episodenumber>
  <DVD_season></DVD_season>
  <Director>David Zucker</Director>
  <EpImgFlag>2</EpImgFlag>
  <EpisodeName>The Naked Gun - From the Files of Police Squad!</EpisodeName>
  <EpisodeNumber>1</EpisodeNumber>
  <FirstAired>1988-12-02</FirstAired>
  <GuestStars></GuestStars>
  <IMDB_ID>tt0095705</IMDB_ID>
  <Language>en</Language>
  <Overview>A re-run of many of the gags from the original TV series 'Police Squad'. An Airplane type spoof, this time with the an incompetent lieutenant (Drebin) who always 'gets his man'. Visual gags come thick and fast, and it's impossible to catch them all with one viewing. The plot.. Queen Elizabeth II of England is coming to town, and Vincent Ludwig has plans to assassinate her using a brainwashed baseball player.  Written by Rob Hartill

Lieutenant Frank Drebin is a clumsy police detective of Police Squad, a division of the Los Angeles Police Department. Frank returns home to L.A from a vacation in Beirut, when his partner and best friend, Detective Nordberg is gunned down in a undercover operation. Frank's investigation into Nordberg's attempted murder leads Frank to become suspicious of well-respected businessman Vincent Ludwig and discovers Vincent Ludwig plans to brainwash a baseball player with mind control device, and assassinate Queen Elizabeth who is visiting L.A. on her American tour. Written by Daniel Williamson

Police Squad's own granite-jawed, rock-brained cop, Frank Drebin, bumbles across a mind-control scheme to assassinate Queen Elizabeth. Detective Nordberg, Jane Spencer, a stuffed beaver, two baseball teams an odd assortment of others joining the wacko goings-on. Written by Robert Lynch {docrlynch@yahoo.com} </Overview>
  <ProductionCode></ProductionCode>
  <Rating></Rating>
  <RatingCount>0</RatingCount>
  <SeasonNumber>0</SeasonNumber>
  <Writer>Jim Abrahams (television series Police Squad) &amp; David Zucker (television series</Writer>
  <absolute_number></absolute_number>
  <airsafter_season>1</airsafter_season>
  <airsbefore_episode></airsbefore_episode>
  <airsbefore_season></airsbefore_season>
  <filename>episodes/77190/418987.jpg</filename>
  <lastupdated>1299664290</lastupdated>
  <seasonid>24647</seasonid>
  <seriesid>77190</seriesid>
</Episode>
<Episode>
  <id>418988</id>
  <Combined_episodenumber>2</Combined_episodenumber>
  <Combined_season>0</Combined_season>
  <DVD_chapter></DVD_chapter>
  <DVD_discid></DVD_discid>
  <DVD_episodenumber></DVD_episodenumber>
  <DVD_season></DVD_season>
  <Director>David Zucker</Director>
  <EpImgFlag>2</EpImgFlag>
  <EpisodeName>The Naked Gun 2 1-2 - The Smell of Fear</EpisodeName>
  <EpisodeNumber>2</EpisodeNumber>
  <FirstAired>1991-06-28</FirstAired>
  <GuestStars></GuestStars>
  <IMDB_ID>tt0102510</IMDB_ID>
  <Language>en</Language>
  <Overview>Lt. Frank Drebbin returns to save the day once again. This time he's out to foil the &quot;big boys&quot; in the energy business. A top scientist (Dr Mainheimer) is about to publish his report on energy supply for the future. Things don't look good for the traditional suppliers; oil, coal and nuclear. To save their industries, the suppliers kidnap Mainheimer and replace him with a decoy with a more favourable report. Jane, the Dr's secretary, is Drebbin's old flame; they're passionate love affair is thus rekindled.  Written by Rob Hartill

Lt. Frank Drebin loves a mystery. Why are we here? Is there life after sex? Yes, Drebin tackles the big issues--and the biggest of all is how to stop devious Quentin Hapsburg's plan to destroy the environment! Returning are Jane, the woman who can melt a cheese sandwich from 20 paces; the intrepid Capt. Ed Hocken; and the man so famous a beverage is named after him, as hard-luck cop Nordberg. Written by Robert Lynch {docrlynch@yahoo.com} </Overview>
  <ProductionCode></ProductionCode>
  <Rating></Rating>
  <RatingCount>0</RatingCount>
  <SeasonNumber>0</SeasonNumber>
  <Writer>Jim Abrahams (television series Police Squad) &amp; David Zucker (television series</Writer>
  <absolute_number></absolute_number>
  <airsafter_season>1</airsafter_season>
  <airsbefore_episode></airsbefore_episode>
  <airsbefore_season></airsbefore_season>
  <filename>episodes/77190/418988.jpg</filename>
  <lastupdated>1299664930</lastupdated>
  <seasonid>24647</seasonid>
  <seriesid>77190</seriesid>
</Episode>
<Episode>
  <id>418989</id>
  <Combined_episodenumber>3</Combined_episodenumber>
  <Combined_season>0</Combined_season>
  <DVD_chapter></DVD_chapter>
  <DVD_discid></DVD_discid>
  <DVD_episodenumber></DVD_episodenumber>
  <DVD_season></DVD_season>
  <Director>Peter Segal</Director>
  <EpImgFlag>2</EpImgFlag>
  <EpisodeName>Naked Gun 33 1-3 - The Final Insult</EpisodeName>
  <EpisodeNumber>3</EpisodeNumber>
  <FirstAired>1994-03-18</FirstAired>
  <GuestStars></GuestStars>
  <IMDB_ID>tt0110622</IMDB_ID>
  <Language>en</Language>
  <Overview>Oscar night. Who will win? Who will lose? And will someone please kick that numbskull off stage? Wait! That's no ordinary numbskull. That's Lt. Frank Drebin, crashing the ceremonies to stop a terrorist plot that could mean curtains for him -- or will a simple window shade be enough?  Written by Robert Lynch {docrlynch@yahoo.com}

Frank Drebin is persuaded out of retirement to go undercover in a state prison. There he is to find out what top terrorist, Rocco, has planned for when he escapes. Frank's wife, Jane, is desperate for a baby.. this adds to Frank's problems. A host of celebrities at the Academy awards ceremony are humiliated by Frank as he blunders his way trying to foil Rocco. Written by Rob Hartill </Overview>
  <ProductionCode></ProductionCode>
  <Rating></Rating>
  <RatingCount>0</RatingCount>
  <SeasonNumber>0</SeasonNumber>
  <Writer>Jim Abrahams (television series Police Squad) &amp; David Zucker (television series</Writer>
  <absolute_number></absolute_number>
  <airsafter_season>1</airsafter_season>
  <airsbefore_episode></airsbefore_episode>
  <airsbefore_season></airsbefore_season>
  <filename>episodes/77190/418989.jpg</filename>
  <lastupdated>1299665179</lastupdated>
  <seasonid>24647</seasonid>
  <seriesid>77190</seriesid>
</Episode>
<Episode>
  <id>1343961</id>
  <Combined_episodenumber>4</Combined_episodenumber>
  <Combined_season>0</Combined_season>
  <DVD_chapter></DVD_chapter>
  <DVD_discid></DVD_discid>
  <DVD_episodenumber></DVD_episodenumber>
  <DVD_season></DVD_season>
  <Director></Director>
  <EpImgFlag></EpImgFlag>
  <EpisodeName>Gag Reel</EpisodeName>
  <EpisodeNumber>4</EpisodeNumber>
  <FirstAired></FirstAired>
  <GuestStars></GuestStars>
  <IMDB_ID></IMDB_ID>
  <Language>en</Language>
  <Overview></Overview>
  <ProductionCode></ProductionCode>
  <Rating></Rating>
  <RatingCount>0</RatingCount>
  <SeasonNumber>0</SeasonNumber>
  <Writer></Writer>
  <absolute_number></absolute_number>
  <airsafter_season></airsafter_season>
  <airsbefore_episode></airsbefore_episode>
  <airsbefore_season></airsbefore_season>
  <filename></filename>
  <lastupdated>1259457584</lastupdated>
  <seasonid>24647</seasonid>
  <seriesid>77190</seriesid>
</Episode>
<Episode>
  <id>1343971</id>
  <Combined_episodenumber>5</Combined_episodenumber>
  <Combined_season>0</Combined_season>
  <DVD_chapter></DVD_chapter>
  <DVD_discid></DVD_discid>
  <DVD_episodenumber></DVD_episodenumber>
  <DVD_season></DVD_season>
  <Director></Director>
  <EpImgFlag></EpImgFlag>
  <EpisodeName>Leslie Nielsen Interview</EpisodeName>
  <EpisodeNumber>5</EpisodeNumber>
  <FirstAired></FirstAired>
  <GuestStars></GuestStars>
  <IMDB_ID></IMDB_ID>
  <Language>en</Language>
  <Overview></Overview>
  <ProductionCode></ProductionCode>
  <Rating></Rating>
  <RatingCount>0</RatingCount>
  <SeasonNumber>0</SeasonNumber>
  <Writer></Writer>
  <absolute_number></absolute_number>
  <airsafter_season></airsafter_season>
  <airsbefore_episode></airsbefore_episode>
  <airsbefore_season></airsbefore_season>
  <filename></filename>
  <lastupdated>1259457635</lastupdated>
  <seasonid>24647</seasonid>
  <seriesid>77190</seriesid>
</Episode>
<Episode>
  <id>1344011</id>
  <Combined_episodenumber>6</Combined_episodenumber>
  <Combined_season>0</Combined_season>
  <DVD_chapter></DVD_chapter>
  <DVD_discid></DVD_discid>
  <DVD_episodenumber></DVD_episodenumber>
  <DVD_season></DVD_season>
  <Director></Director>
  <EpImgFlag></EpImgFlag>
  <EpisodeName>Behind The Freeze Frames</EpisodeName>
  <EpisodeNumber>6</EpisodeNumber>
  <FirstAired></FirstAired>
  <GuestStars></GuestStars>
  <IMDB_ID></IMDB_ID>
  <Language>en</Language>
  <Overview></Overview>
  <ProductionCode></ProductionCode>
  <Rating></Rating>
  <RatingCount>0</RatingCount>
  <SeasonNumber>0</SeasonNumber>
  <Writer></Writer>
  <absolute_number></absolute_number>
  <airsafter_season></airsafter_season>
  <airsbefore_episode></airsbefore_episode>
  <airsbefore_season></airsbefore_season>
  <filename></filename>
  <lastupdated>1259457908</lastupdated>
  <seasonid>24647</seasonid>
  <seriesid>77190</seriesid>
</Episode>
<Episode>
  <id>1344031</id>
  <Combined_episodenumber>7</Combined_episodenumber>
  <Combined_season>0</Combined_season>
  <DVD_chapter></DVD_chapter>
  <DVD_discid></DVD_discid>
  <DVD_episodenumber></DVD_episodenumber>
  <DVD_season></DVD_season>
  <Director></Director>
  <EpImgFlag></EpImgFlag>
  <EpisodeName>Casting Test - Ed Williams</EpisodeName>
  <EpisodeNumber>7</EpisodeNumber>
  <FirstAired></FirstAired>
  <GuestStars></GuestStars>
  <IMDB_ID></IMDB_ID>
  <Language>en</Language>
  <Overview></Overview>
  <ProductionCode></ProductionCode>
  <Rating></Rating>
  <RatingCount>0</RatingCount>
  <SeasonNumber>0</SeasonNumber>
  <Writer></Writer>
  <absolute_number></absolute_number>
  <airsafter_season></airsafter_season>
  <airsbefore_episode></airsbefore_episode>
  <airsbefore_season></airsbefore_season>
  <filename></filename>
  <lastupdated>1259457994</lastupdated>
  <seasonid>24647</seasonid>
  <seriesid>77190</seriesid>
</Episode>
<Episode>
  <id>1344041</id>
  <Combined_episodenumber>8</Combined_episodenumber>
  <Combined_season>0</Combined_season>
  <DVD_chapter></DVD_chapter>
  <DVD_discid></DVD_discid>
  <DVD_episodenumber></DVD_episodenumber>
  <DVD_season></DVD_season>
  <Director></Director>
  <EpImgFlag></EpImgFlag>
  <EpisodeName>Casting Test - Alan North</EpisodeName>
  <EpisodeNumber>8</EpisodeNumber>
  <FirstAired></FirstAired>
  <GuestStars></GuestStars>
  <IMDB_ID></IMDB_ID>
  <Language>en</Language>
  <Overview></Overview>
  <ProductionCode></ProductionCode>
  <Rating></Rating>
  <RatingCount>0</RatingCount>
  <SeasonNumber>0</SeasonNumber>
  <Writer></Writer>
  <absolute_number></absolute_number>
  <airsafter_season></airsafter_season>
  <airsbefore_episode></airsbefore_episode>
  <airsbefore_season></airsbefore_season>
  <filename></filename>
  <lastupdated>1259458007</lastupdated>
  <seasonid>24647</seasonid>
  <seriesid>77190</seriesid>
</Episode>
<Episode>
  <id>232874</id>
  <Combined_episodenumber>1.0</Combined_episodenumber>
  <Combined_season>1</Combined_season>
  <DVD_chapter></DVD_chapter>
  <DVD_discid></DVD_discid>
  <DVD_episodenumber>1.0</DVD_episodenumber>
  <DVD_season>1</DVD_season>
  <Director>|Jim Abrahams|David Zucker|Jerry Zucker|</Director>
  <EpImgFlag></EpImgFlag>
  <EpisodeName>A Substantial Gift (The Broken Promise)</EpisodeName>
  <EpisodeNumber>1</EpisodeNumber>
  <FirstAired>1982-03-04</FirstAired>
  <GuestStars>|Lorne Greene|Barbara Tarbuck|Terry Wills|Terrence Beasor|Russell Shannon|Jimmy Briscoe|Kathryn Leigh Scott|</GuestStars>
  <IMDB_ID>tt0676274</IMDB_ID>
  <Language>en</Language>
  <Overview>Sally, a bank teller deeply in debt, robs her own bank and plants evidence that implicates a fairly commonplace man who was present during the crime. Police Squad, a special unit of the police force, is called to investigate a double shooting that happened during the robbery. However, the stories just don't add up. The evidence builds and points in Sally's direction, but it's up to Frank to find the clues that will put her away.</Overview>
  <ProductionCode>001</ProductionCode>
  <Rating>7.9</Rating>
  <RatingCount>8</RatingCount>
  <SeasonNumber>1</SeasonNumber>
  <Writer>|Jim Abrahams|Jerry Zucker|David Zucker|</Writer>
  <absolute_number></absolute_number>
  <filename>episodes/77190/232874.jpg</filename>
  <lastupdated>1340797421</lastupdated>
  <seasonid>12327</seasonid>
  <seriesid>77190</seriesid>
</Episode>
<Episode>
  <id>232875</id>
  <Combined_episodenumber>2.0</Combined_episodenumber>
  <Combined_season>1</Combined_season>
  <DVD_chapter></DVD_chapter>
  <DVD_discid></DVD_discid>
  <DVD_episodenumber>2.0</DVD_episodenumber>
  <DVD_season>1</DVD_season>
  <Director>|Joe Dante|David Misch|</Director>
  <EpImgFlag></EpImgFlag>
  <EpisodeName>Ring of Fear (A Dangerous Assignment)</EpisodeName>
  <EpisodeNumber>2</EpisodeNumber>
  <FirstAired>1982-03-11</FirstAired>
  <GuestStars>|Georg Stanford Brown|Rudy Solari|Patrick St. Esprit|Tessa Richarde|Floyd Levine|Irwin Keyes|Grand Bush|</GuestStars>
  <IMDB_ID>tt0676273</IMDB_ID>
  <Language>en</Language>
  <Overview>Frank investigates a veteran boxer who lately has been throwing his fights. He takes the boxer under his wing in order to expose the boxer's corrupt manager. Unfortunately, the manger has kidnapped the boxer's girlfriend and put the boxer's title fight in jeopardy. Frank now tries to save the boxer's girlfriend in the hopes that the boxer won't have to throw the match so he can have a shot at rejuvenating his career in the ring.</Overview>
  <ProductionCode>002</ProductionCode>
  <Rating>7.0</Rating>
  <RatingCount>3</RatingCount>
  <SeasonNumber>1</SeasonNumber>
  <Writer>|Tino Insana|Robert Wuhl|</Writer>
  <absolute_number></absolute_number>
  <filename>episodes/77190/232875.jpg</filename>
  <lastupdated>1340797431</lastupdated>
  <seasonid>12327</seasonid>
  <seriesid>77190</seriesid>
</Episode>
<Episode>
  <id>232876</id>
  <Combined_episodenumber>5.0</Combined_episodenumber>
  <Combined_season>1</Combined_season>
  <DVD_chapter></DVD_chapter>
  <DVD_discid></DVD_discid>
  <DVD_episodenumber>5.0</DVD_episodenumber>
  <DVD_season>1</DVD_season>
  <Director>|Georg Stanford Brown|Deborah Hwang|Robert K. Weiss|</Director>
  <EpImgFlag></EpImgFlag>
  <EpisodeName>The Butler Did It (A Bird in the Hand)</EpisodeName>
  <EpisodeNumber>3</EpisodeNumber>
  <FirstAired>1982-03-18</FirstAired>
  <GuestStars>|Robert Goulet|Peter Lupus|Tommy Lasorda|Nicolas Coster|Lilibet Stern|Byron Webster|Ken Michelman|Peter Elbing|K Callan|</GuestStars>
  <IMDB_ID>tt0676270</IMDB_ID>
  <Language>en</Language>
  <Overview>The daughter of a wealthy business man is kidnapped on her 18th birthday and Police Squad swings into action. The main suspect of their investigation is the girl's boyfriend. When Frank and Ed listen to a recording of the kidnapper's demands, they hear the distinct sound of a tuba in the background, though it could also be a ship's horn. They search for a tuba store. When they do track down and find the kidnapper, the criminal fights back.</Overview>
  <ProductionCode>005</ProductionCode>
  <Rating>6.7</Rating>
  <RatingCount>3</RatingCount>
  <SeasonNumber>1</SeasonNumber>
  <Writer>|Pat Proft|</Writer>
  <absolute_number></absolute_number>
  <filename>episodes/77190/232876.jpg</filename>
  <lastupdated>1340797446</lastupdated>
  <seasonid>12327</seasonid>
  <seriesid>77190</seriesid>
</Episode>
<Episode>
  <id>232877</id>
  <Combined_episodenumber>4.0</Combined_episodenumber>
  <Combined_season>1</Combined_season>
  <DVD_chapter></DVD_chapter>
  <DVD_discid></DVD_discid>
  <DVD_episodenumber>4.0</DVD_episodenumber>
  <DVD_season>1</DVD_season>
  <Director>|Paul Krasny|</Director>
  <EpImgFlag></EpImgFlag>
  <EpisodeName>Revenge and Remorse (The Guilty Alibi)</EpisodeName>
  <EpisodeNumber>4</EpisodeNumber>
  <FirstAired>1982-03-25</FirstAired>
  <GuestStars>|William Shatner|Peter Lupus|Dr. Joyce Brothers|Spence Milligan|Bonnie Campbell-Britton|K.T. O'Sullivan|</GuestStars>
  <IMDB_ID>tt0676272</IMDB_ID>
  <Language>en</Language>
  <Overview>Frank investigates a district judge's courtroom after it is booby-trapped with a powerful explosive. The main suspect is a recently paroled ex-convict with a history of similar bombings. Upon questioning the bomber's ex-wife, Frank and Ed find she's more interested in getting charity than the fact that her ex-husband may be up to his old tricks. Frank and Ed discover the bomber has a showgirl girlfriend on the side. She has the perfect alibi for her boyfriend, but Frank and Ed wonder if she's really just covering for him.</Overview>
  <ProductionCode>004</ProductionCode>
  <Rating>7.0</Rating>
  <RatingCount>4</RatingCount>
  <SeasonNumber>1</SeasonNumber>
  <Writer>|Nancy Steen|Neil Thompson|</Writer>
  <absolute_number></absolute_number>
  <filename>episodes/77190/232877.jpg</filename>
  <lastupdated>1340797462</lastupdated>
  <seasonid>12327</seasonid>
  <seriesid>77190</seriesid>
</Episode>
<Episode>
  <id>232878</id>
  <Combined_episodenumber>3.0</Combined_episodenumber>
  <Combined_season>1</Combined_season>
  <DVD_chapter></DVD_chapter>
  <DVD_discid></DVD_discid>
  <DVD_episodenumber>3.0</DVD_episodenumber>
  <DVD_season>1</DVD_season>
  <Director>|Reza Badiyi|Pat Proft|</Director>
  <EpImgFlag></EpImgFlag>
  <EpisodeName>Rendezvous at Big Gulch (Terror in the Neighborhood)</EpisodeName>
  <EpisodeNumber>5</EpisodeNumber>
  <FirstAired>1982-07-01</FirstAired>
  <GuestStars>|Florence Henderson|Peter Lupus|Al Ruscio|Robert Costanzo|John Ashton|Connie Needham|Rebecca Holden|</GuestStars>
  <IMDB_ID>tt0676271</IMDB_ID>
  <Language>en</Language>
  <Overview>The mob sets up an &quot;insurance&quot; scam that threatens several businesses and residents. Frank and Nordberg go to investigate. After a dance instructor is beaten up, they set up their own shop - a key-making and locksmith store - and go undercover. When the mob stops by to offer them &quot;insurance&quot;, Frank dismisses their threats and the mob strikes their store. Frank ends up having the key to stopping the crime wave, largely because of the key-making and locksmith shop he and Nordberg set up.</Overview>
  <ProductionCode>003</ProductionCode>
  <Rating>7.8</Rating>
  <RatingCount>4</RatingCount>
  <SeasonNumber>1</SeasonNumber>
  <Writer>|Nancy Steen|Neil Thompson|</Writer>
  <absolute_number></absolute_number>
  <filename>episodes/77190/232878.jpg</filename>
  <lastupdated>1340797476</lastupdated>
  <seasonid>12327</seasonid>
  <seriesid>77190</seriesid>
</Episode>
<Episode>
  <id>232879</id>
  <Combined_episodenumber>6.0</Combined_episodenumber>
  <Combined_season>1</Combined_season>
  <DVD_chapter></DVD_chapter>
  <DVD_discid></DVD_discid>
  <DVD_episodenumber>6.0</DVD_episodenumber>
  <DVD_season>1</DVD_season>
  <Director>|Joe Dante|</Director>
  <EpImgFlag></EpImgFlag>
  <EpisodeName>Testimony of Evil (Dead Men Don't Laugh)</EpisodeName>
  <EpisodeNumber>6</EpisodeNumber>
  <FirstAired>1982-07-08</FirstAired>
  <GuestStars>|William Conrad|Peter Lupus|Dick Clark|Dick Miller|Claudette Nevins|Wayne Winton|Jerry Lane|</GuestStars>
  <IMDB_ID>tt0676275</IMDB_ID>
  <Language>en</Language>
  <Overview>A struggling comedian owes money to the owner of a nightclub. When his body is discovered at the bottom of a cliff in a car crash, all the clues point to suicide. It is later discovered that the comedian was also a police informant on a drug ring he infiltrated at his nightclub. Frank steps in and takes the place of the deceased at the nightclub in order to gather more clues.</Overview>
  <ProductionCode>006</ProductionCode>
  <Rating>7.0</Rating>
  <RatingCount>1</RatingCount>
  <SeasonNumber>1</SeasonNumber>
  <Writer>|Tino Insana|Robert Wuhl|</Writer>
  <absolute_number></absolute_number>
  <filename>episodes/77190/232879.jpg</filename>
  <lastupdated>1340797489</lastupdated>
  <seasonid>12327</seasonid>
  <seriesid>77190</seriesid>
</Episode>
</Data>