<?xml version="1.0" encoding="UTF-8" ?>
<Actors>
<Actor>
  <id>78558</id>
  <Image>actors/78558.jpg</Image>
  <Name>Jay Mohr</Name>
  <Role>Gary Brooks</Role>
  <SortOrder>0</SortOrder>
</Actor>
<Actor>
  <id>78561</id>
  <Image>actors/78561.jpg</Image>
  <Name>Paula Marshall</Name>
  <Role>Allison Brooks</Role>
  <SortOrder>1</SortOrder>
</Actor>
<Actor>
  <id>78562</id>
  <Image>actors/78562.jpg</Image>
  <Name>Ryan Malgarini</Name>
  <Role>Tom Brooks</Role>
  <SortOrder>3</SortOrder>
</Actor>
<Actor>
  <id>78560</id>
  <Image>actors/78560.jpg</Image>
  <Name>Kathryn Newton</Name>
  <Role>Louise Brooks</Role>
  <SortOrder>3</SortOrder>
</Actor>
<Actor>
  <id>78557</id>
  <Image>actors/78557.jpg</Image>
  <Name>Jaime King</Name>
  <Role>Vanessa Flood</Role>
  <SortOrder>3</SortOrder>
</Actor>
<Actor>
  <id>78556</id>
  <Image>actors/78556.jpg</Image>
  <Name>Ed Begley Jr.</Name>
  <Role>Walter Krandall</Role>
  <SortOrder>3</SortOrder>
</Actor>
<Actor>
  <id>78555</id>
  <Image>actors/78555.jpg</Image>
  <Name>Al Madrigal</Name>
  <Role>Dennis Lopez</Role>
  <SortOrder>3</SortOrder>
</Actor>
<Actor>
  <id>232391</id>
  <Image>actors/232391.jpg</Image>
  <Name>Brooke D'Orsay</Name>
  <Role>Sasha</Role>
  <SortOrder>3</SortOrder>
</Actor>
<Actor>
  <id>232381</id>
  <Image>actors/232381.jpg</Image>
  <Name>Keegan Michael Key</Name>
  <Role>Curtis</Role>
  <SortOrder>3</SortOrder>
</Actor>
</Actors>