<?xml version="1.0" encoding="UTF-8" ?>
<Data><Series>
  <id>82916</id>
  <Actors>|Jay Mohr|Paula Marshall|Ryan Malgarini|Kathryn Newton|Jaime King|Ed Begley Jr.|Al Madrigal|Brooke D'Orsay|Keegan Michael Key|</Actors>
  <Airs_DayOfWeek>Wednesday</Airs_DayOfWeek>
  <Airs_Time>8:30 PM</Airs_Time>
  <ContentRating>TV-G</ContentRating>
  <FirstAired>2009-09-24</FirstAired>
  <Genre>|Comedy|</Genre>
  <IMDB_ID>tt1229401</IMDB_ID>
  <Language>en</Language>
  <Network>CBS</Network>
  <NetworkID></NetworkID>
  <Overview>Gary Unmarried follows the life of a middle-class single dad as he tries to navigate his way through life with his kids, ex-wife, and a new-found romance. </Overview>
  <Rating>8.8</Rating>
  <RatingCount>21</RatingCount>
  <Runtime>30</Runtime>
  <SeriesID>75593</SeriesID>
  <SeriesName>Gary Unmarried</SeriesName>
  <Status>Ended</Status>
  <added></added>
  <addedBy></addedBy>
  <banner>graphical/82916-g2.jpg</banner>
  <fanart>fanart/original/82916-2.jpg</fanart>
  <lastupdated>1349981530</lastupdated>
  <poster>posters/82916-1.jpg</poster>
  <zap2it_id></zap2it_id>
</Series>
<Episode>
  <id>385468</id>
  <Combined_episodenumber>1.0</Combined_episodenumber>
  <Combined_season>1</Combined_season>
  <DVD_chapter></DVD_chapter>
  <DVD_discid></DVD_discid>
  <DVD_episodenumber>1.0</DVD_episodenumber>
  <DVD_season>1</DVD_season>
  <Director>Ted Wass</Director>
  <EpImgFlag>2</EpImgFlag>
  <EpisodeName>Gary's Ex Got Engaged</EpisodeName>
  <EpisodeNumber>1</EpisodeNumber>
  <FirstAired>2008-09-24</FirstAired>
  <GuestStars>Ashley Farley|Charles Henry Wyson</GuestStars>
  <IMDB_ID></IMDB_ID>
  <Language>en</Language>
  <Overview>Gary must deal with the news that his ex-wife is engaged to another man all while trying to balance single fatherhood and a new relationship of his own.</Overview>
  <ProductionCode>101</ProductionCode>
  <Rating>7.1</Rating>
  <RatingCount>18</RatingCount>
  <SeasonNumber>1</SeasonNumber>
  <Writer>Ed Yeager</Writer>
  <absolute_number>1</absolute_number>
  <filename>episodes/82916/385468.jpg</filename>
  <lastupdated>1333792715</lastupdated>
  <seasonid>34853</seasonid>
  <seriesid>82916</seriesid>
</Episode>
<Episode>
  <id>388868</id>
  <Combined_episodenumber>2.0</Combined_episodenumber>
  <Combined_season>1</Combined_season>
  <DVD_chapter></DVD_chapter>
  <DVD_discid></DVD_discid>
  <DVD_episodenumber>2.0</DVD_episodenumber>
  <DVD_season>1</DVD_season>
  <Director>James Burrows</Director>
  <EpImgFlag>2</EpImgFlag>
  <EpisodeName>Gary Gets Boundaries</EpisodeName>
  <EpisodeNumber>2</EpisodeNumber>
  <FirstAired>2008-10-01</FirstAired>
  <GuestStars>Ashley Farley</GuestStars>
  <IMDB_ID></IMDB_ID>
  <Language>en</Language>
  <Overview>Gary and Allison decide they need to make some new boundaries and distance themselves from each other after he undressing in front of her.</Overview>
  <ProductionCode>102</ProductionCode>
  <Rating>7.2</Rating>
  <RatingCount>11</RatingCount>
  <SeasonNumber>1</SeasonNumber>
  <Writer>Ed Yeager</Writer>
  <absolute_number>2</absolute_number>
  <filename>episodes/82916/388868.jpg</filename>
  <lastupdated>1333793182</lastupdated>
  <seasonid>34853</seasonid>
  <seriesid>82916</seriesid>
</Episode>
<Episode>
  <id>390472</id>
  <Combined_episodenumber>3.0</Combined_episodenumber>
  <Combined_season>1</Combined_season>
  <DVD_chapter></DVD_chapter>
  <DVD_discid></DVD_discid>
  <DVD_episodenumber>3.0</DVD_episodenumber>
  <DVD_season>1</DVD_season>
  <Director>James Burrows</Director>
  <EpImgFlag>2</EpImgFlag>
  <EpisodeName>Gary Marries Off His Ex</EpisodeName>
  <EpisodeNumber>3</EpisodeNumber>
  <FirstAired>2008-10-08</FirstAired>
  <GuestStars></GuestStars>
  <IMDB_ID></IMDB_ID>
  <Language>en</Language>
  <Overview>Gary realizes that if he can stop paying spousal support, he can buy Tom lots of toys. He sets about trying to encourage Dr. Krandall to set a date.</Overview>
  <ProductionCode>103</ProductionCode>
  <Rating>7.5</Rating>
  <RatingCount>10</RatingCount>
  <SeasonNumber>1</SeasonNumber>
  <Writer>Janae Bakken</Writer>
  <absolute_number>3</absolute_number>
  <filename>episodes/82916/390472.jpg</filename>
  <lastupdated>1333792762</lastupdated>
  <seasonid>34853</seasonid>
  <seriesid>82916</seriesid>
</Episode>
<Episode>
  <id>395149</id>
  <Combined_episodenumber>4.0</Combined_episodenumber>
  <Combined_season>1</Combined_season>
  <DVD_chapter></DVD_chapter>
  <DVD_discid></DVD_discid>
  <DVD_episodenumber>4.0</DVD_episodenumber>
  <DVD_season>1</DVD_season>
  <Director>James Burrows</Director>
  <EpImgFlag>2</EpImgFlag>
  <EpisodeName>Gary Gets His Stuff Back</EpisodeName>
  <EpisodeNumber>4</EpisodeNumber>
  <FirstAired>2008-10-15</FirstAired>
  <GuestStars>Jay Brian Winnick|Senyo Amoaku</GuestStars>
  <IMDB_ID></IMDB_ID>
  <Language>en</Language>
  <Overview>Gary makes a threat to show Allison's racy photographs he received from her on their first anniversary to everyone, when she refuses to give back his pool table he bought for her as a gift.</Overview>
  <ProductionCode>104</ProductionCode>
  <Rating>7.8</Rating>
  <RatingCount>10</RatingCount>
  <SeasonNumber>1</SeasonNumber>
  <Writer>Matt Goldman</Writer>
  <absolute_number>4</absolute_number>
  <filename>episodes/82916/395149.jpg</filename>
  <lastupdated>1333792786</lastupdated>
  <seasonid>34853</seasonid>
  <seriesid>82916</seriesid>
</Episode>
<Episode>
  <id>398197</id>
  <Combined_episodenumber>5.0</Combined_episodenumber>
  <Combined_season>1</Combined_season>
  <DVD_chapter></DVD_chapter>
  <DVD_discid></DVD_discid>
  <DVD_episodenumber>5.0</DVD_episodenumber>
  <DVD_season>1</DVD_season>
  <Director>James Burrows</Director>
  <EpImgFlag>2</EpImgFlag>
  <EpisodeName>Gary Breaks Up His Ex-Wife and Girlfriend</EpisodeName>
  <EpisodeNumber>5</EpisodeNumber>
  <FirstAired>2008-10-22</FirstAired>
  <GuestStars></GuestStars>
  <IMDB_ID></IMDB_ID>
  <Language>en</Language>
  <Overview>Gary is afraid that Vanessa and Allison's blooming friendship will mean doom for his relationship with Vanessa once Allison sets up a gloomy impression of him. Gary wishes all the former women in his life will make friendships elsewhere.</Overview>
  <ProductionCode>105</ProductionCode>
  <Rating>7.4</Rating>
  <RatingCount>9</RatingCount>
  <SeasonNumber>1</SeasonNumber>
  <Writer>Ira Ungerleider</Writer>
  <absolute_number>5</absolute_number>
  <filename>episodes/82916/398197.jpg</filename>
  <lastupdated>1333792808</lastupdated>
  <seasonid>34853</seasonid>
  <seriesid>82916</seriesid>
</Episode>
<Episode>
  <id>401792</id>
  <Combined_episodenumber>6.0</Combined_episodenumber>
  <Combined_season>1</Combined_season>
  <DVD_chapter></DVD_chapter>
  <DVD_discid></DVD_discid>
  <DVD_episodenumber>6.0</DVD_episodenumber>
  <DVD_season>1</DVD_season>
  <Director>James Burrows</Director>
  <EpImgFlag>2</EpImgFlag>
  <EpisodeName>Gary Meets the Gang</EpisodeName>
  <EpisodeNumber>6</EpisodeNumber>
  <FirstAired>2008-11-05</FirstAired>
  <GuestStars>Senyo Amoaku|Bre Blair|David Denman|Eric Tiede</GuestStars>
  <IMDB_ID></IMDB_ID>
  <Language>en</Language>
  <Overview>Gary and Allison have hit that point where their relationship moves ahead, by meet each others friends. But neither felt like they had made a great impression.</Overview>
  <ProductionCode>106</ProductionCode>
  <Rating>7.6</Rating>
  <RatingCount>7</RatingCount>
  <SeasonNumber>1</SeasonNumber>
  <Writer>Susan McMartin</Writer>
  <absolute_number>6</absolute_number>
  <filename>episodes/82916/401792.jpg</filename>
  <lastupdated>1333792836</lastupdated>
  <seasonid>34853</seasonid>
  <seriesid>82916</seriesid>
</Episode>
<Episode>
  <id>401793</id>
  <Combined_episodenumber>7.0</Combined_episodenumber>
  <Combined_season>1</Combined_season>
  <DVD_chapter></DVD_chapter>
  <DVD_discid>1</DVD_discid>
  <DVD_episodenumber>7.0</DVD_episodenumber>
  <DVD_season>1</DVD_season>
  <Director>James Burrows</Director>
  <EpImgFlag>2</EpImgFlag>
  <EpisodeName>Gary and Allison's Restaurant</EpisodeName>
  <EpisodeNumber>7</EpisodeNumber>
  <FirstAired>2008-11-12</FirstAired>
  <GuestStars></GuestStars>
  <IMDB_ID></IMDB_ID>
  <Language>en</Language>
  <Overview>Gary ends up in Vanessa's doghouse after finally taking her on a real date, but brings her to a restaurant that he used to frequent with Allison.</Overview>
  <ProductionCode>107</ProductionCode>
  <Rating>8.5</Rating>
  <RatingCount>6</RatingCount>
  <SeasonNumber>1</SeasonNumber>
  <Writer>Bill Daly</Writer>
  <absolute_number>7</absolute_number>
  <filename>episodes/82916/401793.jpg</filename>
  <lastupdated>1333792858</lastupdated>
  <seasonid>34853</seasonid>
  <seriesid>82916</seriesid>
</Episode>
<Episode>
  <id>406817</id>
  <Combined_episodenumber>9.0</Combined_episodenumber>
  <Combined_season>1</Combined_season>
  <DVD_chapter></DVD_chapter>
  <DVD_discid></DVD_discid>
  <DVD_episodenumber>9.0</DVD_episodenumber>
  <DVD_season>1</DVD_season>
  <Director>James Burrows</Director>
  <EpImgFlag>2</EpImgFlag>
  <EpisodeName>Gary and Allison Brooks</EpisodeName>
  <EpisodeNumber>8</EpisodeNumber>
  <FirstAired>2008-11-19</FirstAired>
  <GuestStars></GuestStars>
  <IMDB_ID></IMDB_ID>
  <Language>en</Language>
  <Overview>Gary pretends he is still married while attending the vow-renewal of a friend, as a favor to Allison. But the plan backfires when Gary finds himself attracted to one of the guests.</Overview>
  <ProductionCode>108</ProductionCode>
  <Rating>8.4</Rating>
  <RatingCount>7</RatingCount>
  <SeasonNumber>1</SeasonNumber>
  <Writer>Ed Brown|Scott Parkin</Writer>
  <absolute_number>8</absolute_number>
  <filename>episodes/82916/406817.jpg</filename>
  <lastupdated>1333792883</lastupdated>
  <seasonid>34853</seasonid>
  <seriesid>82916</seriesid>
</Episode>
<Episode>
  <id>410498</id>
  <Combined_episodenumber>8.0</Combined_episodenumber>
  <Combined_season>1</Combined_season>
  <DVD_chapter></DVD_chapter>
  <DVD_discid></DVD_discid>
  <DVD_episodenumber>8.0</DVD_episodenumber>
  <DVD_season>1</DVD_season>
  <Director>James Burrows</Director>
  <EpImgFlag>2</EpImgFlag>
  <EpisodeName>Gary Gives Thanks</EpisodeName>
  <EpisodeNumber>9</EpisodeNumber>
  <FirstAired>2008-11-26</FirstAired>
  <GuestStars></GuestStars>
  <IMDB_ID></IMDB_ID>
  <Language>en</Language>
  <Overview>It is the first Thanksgiving as a divorced couple, and Gary finds himself competing for dinner guests with Allison.</Overview>
  <ProductionCode>109</ProductionCode>
  <Rating>7.7</Rating>
  <RatingCount>6</RatingCount>
  <SeasonNumber>1</SeasonNumber>
  <Writer>Mark Gross</Writer>
  <absolute_number>9</absolute_number>
  <filename>episodes/82916/410498.jpg</filename>
  <lastupdated>1333792905</lastupdated>
  <seasonid>34853</seasonid>
  <seriesid>82916</seriesid>
</Episode>
<Episode>
  <id>412418</id>
  <Combined_episodenumber>10.0</Combined_episodenumber>
  <Combined_season>1</Combined_season>
  <DVD_chapter></DVD_chapter>
  <DVD_discid></DVD_discid>
  <DVD_episodenumber>10.0</DVD_episodenumber>
  <DVD_season>1</DVD_season>
  <Director>James Burrows</Director>
  <EpImgFlag>2</EpImgFlag>
  <EpisodeName>Gary Goes First</EpisodeName>
  <EpisodeNumber>10</EpisodeNumber>
  <FirstAired>2008-12-10</FirstAired>
  <GuestStars></GuestStars>
  <IMDB_ID></IMDB_ID>
  <Language>en</Language>
  <Overview>When Gary discovers that Allison is going to take the kids to their first concert, a not-so-friendly competition kicks off. Gary tries to out-do Allison by exposing the kids to other first experiences, such as Tommy's first shave and buying Louise her first bra.</Overview>
  <ProductionCode>110</ProductionCode>
  <Rating>7.3</Rating>
  <RatingCount>6</RatingCount>
  <SeasonNumber>1</SeasonNumber>
  <Writer>Julie Bean</Writer>
  <absolute_number>10</absolute_number>
  <filename>episodes/82916/412418.jpg</filename>
  <lastupdated>1333792927</lastupdated>
  <seasonid>34853</seasonid>
  <seriesid>82916</seriesid>
</Episode>
<Episode>
  <id>416189</id>
  <Combined_episodenumber>11.0</Combined_episodenumber>
  <Combined_season>1</Combined_season>
  <DVD_chapter></DVD_chapter>
  <DVD_discid></DVD_discid>
  <DVD_episodenumber>11.0</DVD_episodenumber>
  <DVD_season>1</DVD_season>
  <Director>James Burrows</Director>
  <EpImgFlag>2</EpImgFlag>
  <EpisodeName>Gary Toughens Up Tom</EpisodeName>
  <EpisodeNumber>11</EpisodeNumber>
  <FirstAired>2008-12-17</FirstAired>
  <GuestStars>Max Gail</GuestStars>
  <IMDB_ID></IMDB_ID>
  <Language>en</Language>
  <Overview>Gary begins to feel threatened by Tom's relationship with Dr. Krandall, leading him to change the relationship he has with his son.</Overview>
  <ProductionCode>111</ProductionCode>
  <Rating>7.3</Rating>
  <RatingCount>6</RatingCount>
  <SeasonNumber>1</SeasonNumber>
  <Writer>Ric Swartzlander</Writer>
  <absolute_number>11</absolute_number>
  <filename>episodes/82916/416189.jpg</filename>
  <lastupdated>1333792949</lastupdated>
  <seasonid>34853</seasonid>
  <seriesid>82916</seriesid>
</Episode>
<Episode>
  <id>424838</id>
  <Combined_episodenumber>12.0</Combined_episodenumber>
  <Combined_season>1</Combined_season>
  <DVD_chapter></DVD_chapter>
  <DVD_discid></DVD_discid>
  <DVD_episodenumber>12.0</DVD_episodenumber>
  <DVD_season>1</DVD_season>
  <Director>James Burrows</Director>
  <EpImgFlag>2</EpImgFlag>
  <EpisodeName>Gary Dates Louise's Teacher</EpisodeName>
  <EpisodeNumber>12</EpisodeNumber>
  <FirstAired>2009-01-14</FirstAired>
  <GuestStars>Cerina Vincent|Jon Fleming|Kathleen Rose Perkins</GuestStars>
  <IMDB_ID></IMDB_ID>
  <Language>en</Language>
  <Overview>To prove that men are not only interested in only beautiful women, Gary dates Louise's favorite, but plain school teacher.</Overview>
  <ProductionCode>112</ProductionCode>
  <Rating>7.7</Rating>
  <RatingCount>7</RatingCount>
  <SeasonNumber>1</SeasonNumber>
  <Writer>Barry Langer</Writer>
  <absolute_number>12</absolute_number>
  <filename>episodes/82916/424838.jpg</filename>
  <lastupdated>1333792971</lastupdated>
  <seasonid>34853</seasonid>
  <seriesid>82916</seriesid>
</Episode>
<Episode>
  <id>427485</id>
  <Combined_episodenumber>14.0</Combined_episodenumber>
  <Combined_season>1</Combined_season>
  <DVD_chapter></DVD_chapter>
  <DVD_discid></DVD_discid>
  <DVD_episodenumber>14.0</DVD_episodenumber>
  <DVD_season>1</DVD_season>
  <Director>James Burrows</Director>
  <EpImgFlag>2</EpImgFlag>
  <EpisodeName>Gary Moves Back In</EpisodeName>
  <EpisodeNumber>13</EpisodeNumber>
  <FirstAired>2009-01-21</FirstAired>
  <GuestStars></GuestStars>
  <IMDB_ID></IMDB_ID>
  <Language>en</Language>
  <Overview>While his home is under repair, Gary moves back in with Allison. </Overview>
  <ProductionCode>113</ProductionCode>
  <Rating>7.3</Rating>
  <RatingCount>6</RatingCount>
  <SeasonNumber>1</SeasonNumber>
  <Writer>Bill Daly|Mark Gross</Writer>
  <absolute_number>13</absolute_number>
  <filename>episodes/82916/427485.jpg</filename>
  <lastupdated>1333792991</lastupdated>
  <seasonid>34853</seasonid>
  <seriesid>82916</seriesid>
</Episode>
<Episode>
  <id>435253</id>
  <Combined_episodenumber>15.0</Combined_episodenumber>
  <Combined_season>1</Combined_season>
  <DVD_chapter></DVD_chapter>
  <DVD_discid></DVD_discid>
  <DVD_episodenumber>15.0</DVD_episodenumber>
  <DVD_season>1</DVD_season>
  <Director>James Burrows</Director>
  <EpImgFlag>2</EpImgFlag>
  <EpisodeName>Gary and Dennis' Sister</EpisodeName>
  <EpisodeNumber>14</EpisodeNumber>
  <FirstAired>2009-02-11</FirstAired>
  <GuestStars></GuestStars>
  <IMDB_ID></IMDB_ID>
  <Language>en</Language>
  <Overview>Gary freaks out after learning that Dennis has made plans for his marriage to his younger sister, after they begin dating.</Overview>
  <ProductionCode>114</ProductionCode>
  <Rating>6.8</Rating>
  <RatingCount>6</RatingCount>
  <SeasonNumber>1</SeasonNumber>
  <Writer>Julie Bean|Susan McMartin</Writer>
  <absolute_number>14</absolute_number>
  <filename>episodes/82916/435253.jpg</filename>
  <lastupdated>1333793011</lastupdated>
  <seasonid>34853</seasonid>
  <seriesid>82916</seriesid>
</Episode>
<Episode>
  <id>435569</id>
  <Combined_episodenumber>13.0</Combined_episodenumber>
  <Combined_season>1</Combined_season>
  <DVD_chapter></DVD_chapter>
  <DVD_discid></DVD_discid>
  <DVD_episodenumber>13.0</DVD_episodenumber>
  <DVD_season>1</DVD_season>
  <Director>James Burrows</Director>
  <EpImgFlag>2</EpImgFlag>
  <EpisodeName>Gary's Ex-Brother-in-Law </EpisodeName>
  <EpisodeNumber>15</EpisodeNumber>
  <FirstAired>2009-02-18</FirstAired>
  <GuestStars></GuestStars>
  <IMDB_ID></IMDB_ID>
  <Language>en</Language>
  <Overview>Gary reluctantly takes financial advice from Allison's brother, after receiving an notice from the IRS about an audit.</Overview>
  <ProductionCode>115</ProductionCode>
  <Rating>7.5</Rating>
  <RatingCount>6</RatingCount>
  <SeasonNumber>1</SeasonNumber>
  <Writer>Mark Jordan Legan|Terry Mulroy</Writer>
  <absolute_number>15</absolute_number>
  <filename>episodes/82916/435569.jpg</filename>
  <lastupdated>1333793040</lastupdated>
  <seasonid>34853</seasonid>
  <seriesid>82916</seriesid>
</Episode>
<Episode>
  <id>444167</id>
  <Combined_episodenumber>17.0</Combined_episodenumber>
  <Combined_season>1</Combined_season>
  <DVD_chapter></DVD_chapter>
  <DVD_discid></DVD_discid>
  <DVD_episodenumber>17.0</DVD_episodenumber>
  <DVD_season>1</DVD_season>
  <Director>James Burrows</Director>
  <EpImgFlag>2</EpImgFlag>
  <EpisodeName>Gary Uses His Veto</EpisodeName>
  <EpisodeNumber>16</EpisodeNumber>
  <FirstAired>2009-03-11</FirstAired>
  <GuestStars></GuestStars>
  <IMDB_ID></IMDB_ID>
  <Language>en</Language>
  <Overview>When Gary vetoes Louise from taking Chinese, Allison uses her veto to put a stop to Louise taking golf lessons.</Overview>
  <ProductionCode>116</ProductionCode>
  <Rating>8.3</Rating>
  <RatingCount>6</RatingCount>
  <SeasonNumber>1</SeasonNumber>
  <Writer>Jana Hunter|Mitch Hunter</Writer>
  <absolute_number>16</absolute_number>
  <filename>episodes/82916/444167.jpg</filename>
  <lastupdated>1333793065</lastupdated>
  <seasonid>34853</seasonid>
  <seriesid>82916</seriesid>
</Episode>
<Episode>
  <id>444168</id>
  <Combined_episodenumber>16.0</Combined_episodenumber>
  <Combined_season>1</Combined_season>
  <DVD_chapter></DVD_chapter>
  <DVD_discid></DVD_discid>
  <DVD_episodenumber>16.0</DVD_episodenumber>
  <DVD_season>1</DVD_season>
  <Director>James Burrows</Director>
  <EpImgFlag>2</EpImgFlag>
  <EpisodeName>Gary Hooks Up Allison</EpisodeName>
  <EpisodeNumber>17</EpisodeNumber>
  <FirstAired>2009-03-18</FirstAired>
  <GuestStars>Kathleen Rose Perkins (Joan Plummer)</GuestStars>
  <IMDB_ID></IMDB_ID>
  <Language>en</Language>
  <Overview>When Allison breaks up with Krandall, she begins showing up at Gary's house, forcing Gary to find her someone new.</Overview>
  <ProductionCode>117</ProductionCode>
  <Rating>7.7</Rating>
  <RatingCount>6</RatingCount>
  <SeasonNumber>1</SeasonNumber>
  <Writer>Ira Ungerleider</Writer>
  <absolute_number>17</absolute_number>
  <filename>episodes/82916/444168.jpg</filename>
  <lastupdated>1333793086</lastupdated>
  <seasonid>34853</seasonid>
  <seriesid>82916</seriesid>
</Episode>
<Episode>
  <id>510301</id>
  <Combined_episodenumber>18.0</Combined_episodenumber>
  <Combined_season>1</Combined_season>
  <DVD_chapter></DVD_chapter>
  <DVD_discid></DVD_discid>
  <DVD_episodenumber>18.0</DVD_episodenumber>
  <DVD_season>1</DVD_season>
  <Director>James Burrows</Director>
  <EpImgFlag>2</EpImgFlag>
  <EpisodeName>Gary and the Trophy</EpisodeName>
  <EpisodeNumber>18</EpisodeNumber>
  <FirstAired>2009-04-08</FirstAired>
  <GuestStars></GuestStars>
  <IMDB_ID></IMDB_ID>
  <Language>en</Language>
  <Overview>After a bowling teammate quits before the championships, Gary rushes to find a replacement.</Overview>
  <ProductionCode>118</ProductionCode>
  <Rating>8.3</Rating>
  <RatingCount>7</RatingCount>
  <SeasonNumber>1</SeasonNumber>
  <Writer>Rob des Hotel</Writer>
  <absolute_number>18</absolute_number>
  <filename>episodes/82916/510301.jpg</filename>
  <lastupdated>1333793105</lastupdated>
  <seasonid>34853</seasonid>
  <seriesid>82916</seriesid>
</Episode>
<Episode>
  <id>624341</id>
  <Combined_episodenumber>19.0</Combined_episodenumber>
  <Combined_season>1</Combined_season>
  <DVD_chapter></DVD_chapter>
  <DVD_discid></DVD_discid>
  <DVD_episodenumber>19.0</DVD_episodenumber>
  <DVD_season>1</DVD_season>
  <Director>James Burrows</Director>
  <EpImgFlag>2</EpImgFlag>
  <EpisodeName>Gary and His Half Brother </EpisodeName>
  <EpisodeNumber>19</EpisodeNumber>
  <FirstAired>2009-05-06</FirstAired>
  <GuestStars></GuestStars>
  <IMDB_ID></IMDB_ID>
  <Language>en</Language>
  <Overview>Gary's half-brother has returned from the war and needs a place to stay. The full house finds Gary spinning out of control as he finds himself playing parent to both his children and a sibling.</Overview>
  <ProductionCode>119</ProductionCode>
  <Rating>8.2</Rating>
  <RatingCount>5</RatingCount>
  <SeasonNumber>1</SeasonNumber>
  <Writer>Scott Parkin|Ed Brown</Writer>
  <absolute_number>19</absolute_number>
  <filename>episodes/82916/624341.jpg</filename>
  <lastupdated>1333793133</lastupdated>
  <seasonid>34853</seasonid>
  <seriesid>82916</seriesid>
</Episode>
<Episode>
  <id>624391</id>
  <Combined_episodenumber>20.0</Combined_episodenumber>
  <Combined_season>1</Combined_season>
  <DVD_chapter></DVD_chapter>
  <DVD_discid></DVD_discid>
  <DVD_episodenumber>20.0</DVD_episodenumber>
  <DVD_season>1</DVD_season>
  <Director>James Burrows</Director>
  <EpImgFlag>2</EpImgFlag>
  <EpisodeName>Gary Fixes Allison's Garbage Disposal</EpisodeName>
  <EpisodeNumber>20</EpisodeNumber>
  <FirstAired>2009-05-20</FirstAired>
  <GuestStars></GuestStars>
  <IMDB_ID></IMDB_ID>
  <Language>en</Language>
  <Overview>Gary sets out to repair Allison's garbage disposal but find themselves inside her bedroom fixing their lust for sex.</Overview>
  <ProductionCode>120</ProductionCode>
  <Rating>8.0</Rating>
  <RatingCount>7</RatingCount>
  <SeasonNumber>1</SeasonNumber>
  <Writer>Ed Yeager|Ric Swartzlander</Writer>
  <absolute_number>20</absolute_number>
  <filename>episodes/82916/624391.jpg</filename>
  <lastupdated>1333793160</lastupdated>
  <seasonid>34853</seasonid>
  <seriesid>82916</seriesid>
</Episode>
<Episode>
  <id>795721</id>
  <Combined_episodenumber>1</Combined_episodenumber>
  <Combined_season>2</Combined_season>
  <DVD_chapter></DVD_chapter>
  <DVD_discid></DVD_discid>
  <DVD_episodenumber></DVD_episodenumber>
  <DVD_season></DVD_season>
  <Director>James Burrows</Director>
  <EpImgFlag>2</EpImgFlag>
  <EpisodeName>Gary Has a Dream</EpisodeName>
  <EpisodeNumber>1</EpisodeNumber>
  <FirstAired>2009-09-23</FirstAired>
  <GuestStars></GuestStars>
  <IMDB_ID></IMDB_ID>
  <Language>en</Language>
  <Overview>When Tom is unaffected by low scores on a career aptitude test, Allison decides that Gary needs to set a better example for their son. Gary calls an old buddy who works at a radio station, and ends up getting offered a job an offer that Gary misinterprets.</Overview>
  <ProductionCode></ProductionCode>
  <Rating>7.6</Rating>
  <RatingCount>8</RatingCount>
  <SeasonNumber>2</SeasonNumber>
  <Writer>Mark Gross</Writer>
  <absolute_number></absolute_number>
  <filename>episodes/82916/795721.jpg</filename>
  <lastupdated>1333793259</lastupdated>
  <seasonid>82861</seasonid>
  <seriesid>82916</seriesid>
</Episode>
<Episode>
  <id>1101791</id>
  <Combined_episodenumber>2</Combined_episodenumber>
  <Combined_season>2</Combined_season>
  <DVD_chapter></DVD_chapter>
  <DVD_discid></DVD_discid>
  <DVD_episodenumber></DVD_episodenumber>
  <DVD_season></DVD_season>
  <Director></Director>
  <EpImgFlag>3</EpImgFlag>
  <EpisodeName>Gary Promises Too Much</EpisodeName>
  <EpisodeNumber>2</EpisodeNumber>
  <FirstAired>2009-09-30</FirstAired>
  <GuestStars></GuestStars>
  <IMDB_ID></IMDB_ID>
  <Language>en</Language>
  <Overview>After Allison's new boyfriend offers to take Louis to New York for his birthday, Gary tries to outdo him but shouting out a promise he could never keep.</Overview>
  <ProductionCode></ProductionCode>
  <Rating>7.3</Rating>
  <RatingCount>7</RatingCount>
  <SeasonNumber>2</SeasonNumber>
  <Writer></Writer>
  <absolute_number></absolute_number>
  <filename>episodes/82916/1101791.jpg</filename>
  <lastupdated>1333793284</lastupdated>
  <seasonid>82861</seasonid>
  <seriesid>82916</seriesid>
</Episode>
<Episode>
  <id>1101781</id>
  <Combined_episodenumber>3</Combined_episodenumber>
  <Combined_season>2</Combined_season>
  <DVD_chapter></DVD_chapter>
  <DVD_discid></DVD_discid>
  <DVD_episodenumber></DVD_episodenumber>
  <DVD_season></DVD_season>
  <Director>James Burrows</Director>
  <EpImgFlag>2</EpImgFlag>
  <EpisodeName>Gary's Demo</EpisodeName>
  <EpisodeNumber>3</EpisodeNumber>
  <FirstAired>2009-10-07</FirstAired>
  <GuestStars></GuestStars>
  <IMDB_ID></IMDB_ID>
  <Language>en</Language>
  <Overview>Desperate to get the job as a radio sportscaster, Gary attempts to convice Sasha into listening to his demo tape, while Louise comes up with a way to protect Tom from the school bully.</Overview>
  <ProductionCode></ProductionCode>
  <Rating>7.5</Rating>
  <RatingCount>6</RatingCount>
  <SeasonNumber>2</SeasonNumber>
  <Writer>Wil Calhoun</Writer>
  <absolute_number></absolute_number>
  <filename>episodes/82916/1101781.jpg</filename>
  <lastupdated>1333793308</lastupdated>
  <seasonid>82861</seasonid>
  <seriesid>82916</seriesid>
</Episode>
<Episode>
  <id>1171091</id>
  <Combined_episodenumber>4</Combined_episodenumber>
  <Combined_season>2</Combined_season>
  <DVD_chapter></DVD_chapter>
  <DVD_discid></DVD_discid>
  <DVD_episodenumber></DVD_episodenumber>
  <DVD_season></DVD_season>
  <Director>James Burrows</Director>
  <EpImgFlag>2</EpImgFlag>
  <EpisodeName>Gary Shoots Fish in a Barrel</EpisodeName>
  <EpisodeNumber>4</EpisodeNumber>
  <FirstAired>2009-10-14</FirstAired>
  <GuestStars></GuestStars>
  <IMDB_ID></IMDB_ID>
  <Language>en</Language>
  <Overview>Gary is determined to prove that he can handle a one-night stand without getting attached.</Overview>
  <ProductionCode></ProductionCode>
  <Rating>8.0</Rating>
  <RatingCount>9</RatingCount>
  <SeasonNumber>2</SeasonNumber>
  <Writer>Wil Calhoun</Writer>
  <absolute_number></absolute_number>
  <filename>episodes/82916/1171091.jpg</filename>
  <lastupdated>1333793340</lastupdated>
  <seasonid>82861</seasonid>
  <seriesid>82916</seriesid>
</Episode>
<Episode>
  <id>1171101</id>
  <Combined_episodenumber>5</Combined_episodenumber>
  <Combined_season>2</Combined_season>
  <DVD_chapter></DVD_chapter>
  <DVD_discid></DVD_discid>
  <DVD_episodenumber></DVD_episodenumber>
  <DVD_season></DVD_season>
  <Director>James Burrows</Director>
  <EpImgFlag>2</EpImgFlag>
  <EpisodeName>Gary on the Air</EpisodeName>
  <EpisodeNumber>5</EpisodeNumber>
  <FirstAired>2009-10-21</FirstAired>
  <GuestStars></GuestStars>
  <IMDB_ID></IMDB_ID>
  <Language>en</Language>
  <Overview>When the radio station's normal sports announcer gets arrested, Sasha agrees to let Gary take over, giving Gary his first big break. Meanwhile, it's her school's volunteer week, and Louise participates by making a video consisting of well-wishes for Uncle Mitch and the rest of his team in the Marine Corp.</Overview>
  <ProductionCode></ProductionCode>
  <Rating>8.0</Rating>
  <RatingCount>6</RatingCount>
  <SeasonNumber>2</SeasonNumber>
  <Writer>Rob des Hotel</Writer>
  <absolute_number></absolute_number>
  <filename>episodes/82916/1171101.jpg</filename>
  <lastupdated>1333793375</lastupdated>
  <seasonid>82861</seasonid>
  <seriesid>82916</seriesid>
</Episode>
<Episode>
  <id>1268261</id>
  <Combined_episodenumber>6</Combined_episodenumber>
  <Combined_season>2</Combined_season>
  <DVD_chapter></DVD_chapter>
  <DVD_discid></DVD_discid>
  <DVD_episodenumber></DVD_episodenumber>
  <DVD_season></DVD_season>
  <Director>James Burrows</Director>
  <EpImgFlag>2</EpImgFlag>
  <EpisodeName>Gary Tries to Do It All</EpisodeName>
  <EpisodeNumber>6</EpisodeNumber>
  <FirstAired>2009-11-04</FirstAired>
  <GuestStars>Rob Huebel|Randall Park</GuestStars>
  <IMDB_ID></IMDB_ID>
  <Language>en</Language>
  <Overview>Trying to juggle two kids and two careers, Gary overextends himself.</Overview>
  <ProductionCode></ProductionCode>
  <Rating>7.4</Rating>
  <RatingCount>9</RatingCount>
  <SeasonNumber>2</SeasonNumber>
  <Writer>Bill Daly</Writer>
  <absolute_number></absolute_number>
  <filename>episodes/82916/1268261.jpg</filename>
  <lastupdated>1333793404</lastupdated>
  <seasonid>82861</seasonid>
  <seriesid>82916</seriesid>
</Episode>
<Episode>
  <id>1268271</id>
  <Combined_episodenumber>7</Combined_episodenumber>
  <Combined_season>2</Combined_season>
  <DVD_chapter></DVD_chapter>
  <DVD_discid></DVD_discid>
  <DVD_episodenumber></DVD_episodenumber>
  <DVD_season></DVD_season>
  <Director>James Burrows</Director>
  <EpImgFlag>2</EpImgFlag>
  <EpisodeName>Gary and Allison's Friend</EpisodeName>
  <EpisodeNumber>7</EpisodeNumber>
  <FirstAired>2009-11-11</FirstAired>
  <GuestStars></GuestStars>
  <IMDB_ID></IMDB_ID>
  <Language>en</Language>
  <Overview>After her new &quot;friend&quot; Sophia prefers Gary's company over hers, Allison feels jilted.</Overview>
  <ProductionCode></ProductionCode>
  <Rating>7.8</Rating>
  <RatingCount>9</RatingCount>
  <SeasonNumber>2</SeasonNumber>
  <Writer>Julie Bean</Writer>
  <absolute_number></absolute_number>
  <filename>episodes/82916/1268271.jpg</filename>
  <lastupdated>1333793434</lastupdated>
  <seasonid>82861</seasonid>
  <seriesid>82916</seriesid>
</Episode>
<Episode>
  <id>1268281</id>
  <Combined_episodenumber>8</Combined_episodenumber>
  <Combined_season>2</Combined_season>
  <DVD_chapter></DVD_chapter>
  <DVD_discid></DVD_discid>
  <DVD_episodenumber></DVD_episodenumber>
  <DVD_season></DVD_season>
  <Director>James Burrows</Director>
  <EpImgFlag>2</EpImgFlag>
  <EpisodeName>Gary Apologizes</EpisodeName>
  <EpisodeNumber>8</EpisodeNumber>
  <FirstAired>2009-11-18</FirstAired>
  <GuestStars></GuestStars>
  <IMDB_ID></IMDB_ID>
  <Language>en</Language>
  <Overview>After making a disastrous attempt to prepare a Thanksgiving feast for Sasha, Curtis, Jack and the kids, Gary turns to Allison for help.</Overview>
  <ProductionCode></ProductionCode>
  <Rating>7.3</Rating>
  <RatingCount>10</RatingCount>
  <SeasonNumber>2</SeasonNumber>
  <Writer>Jill Cargerman</Writer>
  <absolute_number></absolute_number>
  <filename>episodes/82916/1268281.jpg</filename>
  <lastupdated>1333793459</lastupdated>
  <seasonid>82861</seasonid>
  <seriesid>82916</seriesid>
</Episode>
<Episode>
  <id>1331031</id>
  <Combined_episodenumber>9</Combined_episodenumber>
  <Combined_season>2</Combined_season>
  <DVD_chapter></DVD_chapter>
  <DVD_discid></DVD_discid>
  <DVD_episodenumber></DVD_episodenumber>
  <DVD_season></DVD_season>
  <Director>James Burrows</Director>
  <EpImgFlag>2</EpImgFlag>
  <EpisodeName>Gary Keeps a Secret</EpisodeName>
  <EpisodeNumber>9</EpisodeNumber>
  <FirstAired>2009-11-25</FirstAired>
  <GuestStars>Marisa Miller</GuestStars>
  <IMDB_ID></IMDB_ID>
  <Language>en</Language>
  <Overview>Gary tries to keep the secret of letting Louise attend a popular girls party from Allison, while Sasha contemplates having more than a working relationship with Gary.</Overview>
  <ProductionCode></ProductionCode>
  <Rating>7.3</Rating>
  <RatingCount>11</RatingCount>
  <SeasonNumber>2</SeasonNumber>
  <Writer>Brian Keith Etheridge</Writer>
  <absolute_number></absolute_number>
  <filename>episodes/82916/1331031.jpg</filename>
  <lastupdated>1333793482</lastupdated>
  <seasonid>82861</seasonid>
  <seriesid>82916</seriesid>
</Episode>
<Episode>
  <id>1331041</id>
  <Combined_episodenumber>10</Combined_episodenumber>
  <Combined_season>2</Combined_season>
  <DVD_chapter></DVD_chapter>
  <DVD_discid></DVD_discid>
  <DVD_episodenumber></DVD_episodenumber>
  <DVD_season></DVD_season>
  <Director>James Burrows</Director>
  <EpImgFlag>2</EpImgFlag>
  <EpisodeName>Gary Gives Sasha His Full Attention</EpisodeName>
  <EpisodeNumber>10</EpisodeNumber>
  <FirstAired>2009-12-09</FirstAired>
  <GuestStars></GuestStars>
  <IMDB_ID></IMDB_ID>
  <Language>en</Language>
  <Overview>Gary and Sasha's first date is interrupted by Allison, so Sasha starts to really notice the bad sides of dating a divorced man.</Overview>
  <ProductionCode></ProductionCode>
  <Rating>7.3</Rating>
  <RatingCount>7</RatingCount>
  <SeasonNumber>2</SeasonNumber>
  <Writer>Mark Gross</Writer>
  <absolute_number></absolute_number>
  <filename>episodes/82916/1331041.jpg</filename>
  <lastupdated>1333793523</lastupdated>
  <seasonid>82861</seasonid>
  <seriesid>82916</seriesid>
</Episode>
<Episode>
  <id>1411931</id>
  <Combined_episodenumber>11</Combined_episodenumber>
  <Combined_season>2</Combined_season>
  <DVD_chapter></DVD_chapter>
  <DVD_discid></DVD_discid>
  <DVD_episodenumber></DVD_episodenumber>
  <DVD_season></DVD_season>
  <Director></Director>
  <EpImgFlag>2</EpImgFlag>
  <EpisodeName>Gary Is A Boat Guy</EpisodeName>
  <EpisodeNumber>11</EpisodeNumber>
  <FirstAired>2009-12-16</FirstAired>
  <GuestStars></GuestStars>
  <IMDB_ID></IMDB_ID>
  <Language>en</Language>
  <Overview>Gary buys a boat to help Tom impress a girl, but his scheme does not go as planned; Gary must turn to Allison's boyfriend for help.</Overview>
  <ProductionCode></ProductionCode>
  <Rating>7.6</Rating>
  <RatingCount>8</RatingCount>
  <SeasonNumber>2</SeasonNumber>
  <Writer></Writer>
  <absolute_number></absolute_number>
  <filename>episodes/82916/1411931.jpg</filename>
  <lastupdated>1333793563</lastupdated>
  <seasonid>82861</seasonid>
  <seriesid>82916</seriesid>
</Episode>
<Episode>
  <id>1548001</id>
  <Combined_episodenumber>12</Combined_episodenumber>
  <Combined_season>2</Combined_season>
  <DVD_chapter></DVD_chapter>
  <DVD_discid></DVD_discid>
  <DVD_episodenumber></DVD_episodenumber>
  <DVD_season></DVD_season>
  <Director>James Burrows</Director>
  <EpImgFlag>2</EpImgFlag>
  <EpisodeName>Gary Feels Tom Slipping Away</EpisodeName>
  <EpisodeNumber>12</EpisodeNumber>
  <FirstAired>2010-01-13</FirstAired>
  <GuestStars></GuestStars>
  <IMDB_ID></IMDB_ID>
  <Language>en</Language>
  <Overview>Worrying that Tom may be hanging out with the wrong guys at school, Gary and Allison take it upon themselves to probe into Tom's personal life. Meanwhile, Sasha flirts with professional surfer Laird Hamilton.</Overview>
  <ProductionCode></ProductionCode>
  <Rating>7.3</Rating>
  <RatingCount>7</RatingCount>
  <SeasonNumber>2</SeasonNumber>
  <Writer>Kevin Lappin</Writer>
  <absolute_number></absolute_number>
  <filename>episodes/82916/1548001.jpg</filename>
  <lastupdated>1333793598</lastupdated>
  <seasonid>82861</seasonid>
  <seriesid>82916</seriesid>
</Episode>
<Episode>
  <id>1548291</id>
  <Combined_episodenumber>13</Combined_episodenumber>
  <Combined_season>2</Combined_season>
  <DVD_chapter></DVD_chapter>
  <DVD_discid></DVD_discid>
  <DVD_episodenumber></DVD_episodenumber>
  <DVD_season></DVD_season>
  <Director>James Burrows</Director>
  <EpImgFlag>1</EpImgFlag>
  <EpisodeName>Gary Has to Choose</EpisodeName>
  <EpisodeNumber>13</EpisodeNumber>
  <FirstAired>2010-01-20</FirstAired>
  <GuestStars></GuestStars>
  <IMDB_ID></IMDB_ID>
  <Language>en</Language>
  <Overview>Because his relationship with Sasha has gone to the next level, Gary must now decide if he should put his career on the line to date his boss or if it's not worth it. Meanwhile, Allison tries to teach Tom a lesson in responsibility.</Overview>
  <ProductionCode></ProductionCode>
  <Rating>7.4</Rating>
  <RatingCount>5</RatingCount>
  <SeasonNumber>2</SeasonNumber>
  <Writer>Sally Bradford</Writer>
  <absolute_number></absolute_number>
  <filename>episodes/82916/1548291.jpg</filename>
  <lastupdated>1333793617</lastupdated>
  <seasonid>82861</seasonid>
  <seriesid>82916</seriesid>
</Episode>
<Episode>
  <id>1548301</id>
  <Combined_episodenumber>14</Combined_episodenumber>
  <Combined_season>2</Combined_season>
  <DVD_chapter></DVD_chapter>
  <DVD_discid></DVD_discid>
  <DVD_episodenumber></DVD_episodenumber>
  <DVD_season></DVD_season>
  <Director>James Burrows</Director>
  <EpImgFlag>2</EpImgFlag>
  <EpisodeName>Gary Lowers the Bar</EpisodeName>
  <EpisodeNumber>14</EpisodeNumber>
  <FirstAired>2010-02-10</FirstAired>
  <GuestStars>Tom Segura</GuestStars>
  <IMDB_ID></IMDB_ID>
  <Language>en</Language>
  <Overview>After Sasha gives Gary an awesome Valentine's Day gift, he tries to outdo her by giving her the perfect gift. Meanwhile, Allison tries to bond with Tom and Louise.</Overview>
  <ProductionCode></ProductionCode>
  <Rating>7.7</Rating>
  <RatingCount>11</RatingCount>
  <SeasonNumber>2</SeasonNumber>
  <Writer>Jill Cargerman</Writer>
  <absolute_number></absolute_number>
  <filename>episodes/82916/1548301.jpg</filename>
  <lastupdated>1333793643</lastupdated>
  <seasonid>82861</seasonid>
  <seriesid>82916</seriesid>
</Episode>
<Episode>
  <id>1817011</id>
  <Combined_episodenumber>15</Combined_episodenumber>
  <Combined_season>2</Combined_season>
  <DVD_chapter></DVD_chapter>
  <DVD_discid></DVD_discid>
  <DVD_episodenumber></DVD_episodenumber>
  <DVD_season></DVD_season>
  <Director>James Burrows</Director>
  <EpImgFlag>3</EpImgFlag>
  <EpisodeName>Gary's Big Mouth</EpisodeName>
  <EpisodeNumber>15</EpisodeNumber>
  <FirstAired>2010-03-03</FirstAired>
  <GuestStars>Holly Marie Combs</GuestStars>
  <IMDB_ID></IMDB_ID>
  <Language>en</Language>
  <Overview>Gary turns to wrestling in order to settle a fued between him and the wrestling coach, after he fails to help Tom make the team.</Overview>
  <ProductionCode></ProductionCode>
  <Rating>7.4</Rating>
  <RatingCount>8</RatingCount>
  <SeasonNumber>2</SeasonNumber>
  <Writer>Bill Daly</Writer>
  <absolute_number></absolute_number>
  <filename>episodes/82916/1817011.jpg</filename>
  <lastupdated>1333793669</lastupdated>
  <seasonid>82861</seasonid>
  <seriesid>82916</seriesid>
</Episode>
<Episode>
  <id>1854881</id>
  <Combined_episodenumber>16</Combined_episodenumber>
  <Combined_season>2</Combined_season>
  <DVD_chapter></DVD_chapter>
  <DVD_discid></DVD_discid>
  <DVD_episodenumber></DVD_episodenumber>
  <DVD_season></DVD_season>
  <Director>Sam Johnson</Director>
  <EpImgFlag>1</EpImgFlag>
  <EpisodeName>Gary Tries to Find Something for Mitch</EpisodeName>
  <EpisodeNumber>16</EpisodeNumber>
  <FirstAired>2010-03-10</FirstAired>
  <GuestStars>Rob Riggle</GuestStars>
  <IMDB_ID></IMDB_ID>
  <Language>en</Language>
  <Overview>When Mitch returns home from overseas, Gary tries to help him figure out what he'll do for a living. Meanwhile, Curtis and Charleen hire Allison as their wedding planner. </Overview>
  <ProductionCode></ProductionCode>
  <Rating>7.2</Rating>
  <RatingCount>10</RatingCount>
  <SeasonNumber>2</SeasonNumber>
  <Writer>James Burrows</Writer>
  <absolute_number></absolute_number>
  <filename>episodes/82916/1854881.jpg</filename>
  <lastupdated>1333793697</lastupdated>
  <seasonid>82861</seasonid>
  <seriesid>82916</seriesid>
</Episode>
<Episode>
  <id>1903281</id>
  <Combined_episodenumber>17</Combined_episodenumber>
  <Combined_season>2</Combined_season>
  <DVD_chapter></DVD_chapter>
  <DVD_discid></DVD_discid>
  <DVD_episodenumber></DVD_episodenumber>
  <DVD_season></DVD_season>
  <Director></Director>
  <EpImgFlag>2</EpImgFlag>
  <EpisodeName>Gary Unmarried?</EpisodeName>
  <EpisodeNumber>17</EpisodeNumber>
  <FirstAired>2010-03-17</FirstAired>
  <GuestStars></GuestStars>
  <IMDB_ID></IMDB_ID>
  <Language>en</Language>
  <Overview>Gary discovers that he and Allison's divorce papers were never filed, and he uses this information as a way to reclaim some of the things Allison kept. Allison's sister Rachael gives Mitch a makeover while she is in town visiting.</Overview>
  <ProductionCode></ProductionCode>
  <Rating>7.5</Rating>
  <RatingCount>8</RatingCount>
  <SeasonNumber>2</SeasonNumber>
  <Writer></Writer>
  <absolute_number></absolute_number>
  <filename>episodes/82916/1903281.jpg</filename>
  <lastupdated>1333793721</lastupdated>
  <seasonid>82861</seasonid>
  <seriesid>82916</seriesid>
</Episode>
</Data>