<?xml version="1.0" encoding="UTF-8" ?>
<Actors>
<Actor>
  <id>77227</id>
  <Image>actors/77227.jpg</Image>
  <Name>Mary McCormack</Name>
  <Role>Mary Shannon</Role>
  <SortOrder>0</SortOrder>
</Actor>
<Actor>
  <id>77228</id>
  <Image>actors/77228.jpg</Image>
  <Name>Frederick Weller</Name>
  <Role>Marshall Mann</Role>
  <SortOrder>1</SortOrder>
</Actor>
<Actor>
  <id>77960</id>
  <Image>actors/77960.jpg</Image>
  <Name>Paul Ben-Victor</Name>
  <Role>Stan McQueen</Role>
  <SortOrder>2</SortOrder>
</Actor>
<Actor>
  <id>77232</id>
  <Image>actors/77232.jpg</Image>
  <Name>Nichole Hiltz</Name>
  <Role>Brandi Shannon</Role>
  <SortOrder>2</SortOrder>
</Actor>
<Actor>
  <id>77233</id>
  <Image>actors/77233.jpg</Image>
  <Name>Todd Williams</Name>
  <Role>Bobby Dershowitz</Role>
  <SortOrder>3</SortOrder>
</Actor>
<Actor>
  <id>77231</id>
  <Image>actors/77231.jpg</Image>
  <Name>Lesley Ann Warren</Name>
  <Role>Jinx Shannon</Role>
  <SortOrder>3</SortOrder>
</Actor>
<Actor>
  <id>77229</id>
  <Image>actors/77229.jpg</Image>
  <Name>Cristián de la Fuente</Name>
  <Role>Rafael Ramirez</Role>
  <SortOrder>3</SortOrder>
</Actor>
</Actors>