<?xml version="1.0" encoding="UTF-8" ?>
<Data><Series>
  <id>82155</id>
  <Actors>|Mary McCormack|Frederick Weller|Paul Ben-Victor|Nichole Hiltz|Todd Williams|Lesley Ann Warren|Cristián de la Fuente|</Actors>
  <Airs_DayOfWeek>Friday</Airs_DayOfWeek>
  <Airs_Time>10:00 PM</Airs_Time>
  <ContentRating>TV-14</ContentRating>
  <FirstAired>2008-06-01</FirstAired>
  <Genre>|Action|Adventure|Drama|</Genre>
  <IMDB_ID>tt0935095</IMDB_ID>
  <Language>en</Language>
  <Network>USA Network</Network>
  <NetworkID></NetworkID>
  <Overview>In Plain Sight follows the story of a Federal Marshall with the Witness Protection program who must hide her high-risk, high-impact job from her family. To those that know her, Mary Shannon is a glorified meter maid, but her real job is much more dangerous. She must oversee federal witnesses who have been relocated through the Witness Protection program and make sure that they stay safe....</Overview>
  <Rating>7.6</Rating>
  <RatingCount>37</RatingCount>
  <Runtime>60</Runtime>
  <SeriesID>67607</SeriesID>
  <SeriesName>In Plain Sight</SeriesName>
  <Status>Ended</Status>
  <added></added>
  <addedBy></addedBy>
  <banner>graphical/82155-g5.jpg</banner>
  <fanart>fanart/original/82155-11.jpg</fanart>
  <lastupdated>1365513696</lastupdated>
  <poster>posters/82155-3.jpg</poster>
  <zap2it_id>SH01035785</zap2it_id>
</Series>
<Episode>
  <id>4285072</id>
  <Combined_episodenumber>1</Combined_episodenumber>
  <Combined_season>0</Combined_season>
  <DVD_chapter></DVD_chapter>
  <DVD_discid></DVD_discid>
  <DVD_episodenumber></DVD_episodenumber>
  <DVD_season></DVD_season>
  <Director></Director>
  <EpImgFlag></EpImgFlag>
  <EpisodeName>new season 5</EpisodeName>
  <EpisodeNumber>1</EpisodeNumber>
  <FirstAired>2008-06-01</FirstAired>
  <GuestStars></GuestStars>
  <IMDB_ID></IMDB_ID>
  <Language>en</Language>
  <Overview></Overview>
  <ProductionCode></ProductionCode>
  <Rating></Rating>
  <RatingCount>0</RatingCount>
  <SeasonNumber>0</SeasonNumber>
  <Writer></Writer>
  <absolute_number></absolute_number>
  <airsafter_season></airsafter_season>
  <airsbefore_episode></airsbefore_episode>
  <airsbefore_season></airsbefore_season>
  <filename></filename>
  <lastupdated>1340399392</lastupdated>
  <seasonid>32815</seasonid>
  <seriesid>82155</seriesid>
</Episode>
<Episode>
  <id>4285073</id>
  <Combined_episodenumber>2</Combined_episodenumber>
  <Combined_season>0</Combined_season>
  <DVD_chapter></DVD_chapter>
  <DVD_discid></DVD_discid>
  <DVD_episodenumber></DVD_episodenumber>
  <DVD_season></DVD_season>
  <Director></Director>
  <EpImgFlag></EpImgFlag>
  <EpisodeName>Season.5.Sneak.Peek</EpisodeName>
  <EpisodeNumber>2</EpisodeNumber>
  <FirstAired></FirstAired>
  <GuestStars></GuestStars>
  <IMDB_ID></IMDB_ID>
  <Language>en</Language>
  <Overview></Overview>
  <ProductionCode></ProductionCode>
  <Rating></Rating>
  <RatingCount>0</RatingCount>
  <SeasonNumber>0</SeasonNumber>
  <Writer></Writer>
  <absolute_number></absolute_number>
  <airsafter_season></airsafter_season>
  <airsbefore_episode></airsbefore_episode>
  <airsbefore_season></airsbefore_season>
  <filename></filename>
  <lastupdated>1331641367</lastupdated>
  <seasonid>32815</seasonid>
  <seriesid>82155</seriesid>
</Episode>
<Episode>
  <id>4384784</id>
  <Combined_episodenumber>3</Combined_episodenumber>
  <Combined_season>0</Combined_season>
  <DVD_chapter></DVD_chapter>
  <DVD_discid></DVD_discid>
  <DVD_episodenumber></DVD_episodenumber>
  <DVD_season></DVD_season>
  <Director></Director>
  <EpImgFlag>2</EpImgFlag>
  <EpisodeName></EpisodeName>
  <EpisodeNumber>3</EpisodeNumber>
  <FirstAired>2008-06-15</FirstAired>
  <GuestStars></GuestStars>
  <IMDB_ID></IMDB_ID>
  <Language>en</Language>
  <Overview></Overview>
  <ProductionCode></ProductionCode>
  <Rating></Rating>
  <RatingCount>0</RatingCount>
  <SeasonNumber>0</SeasonNumber>
  <Writer></Writer>
  <absolute_number></absolute_number>
  <airsafter_season></airsafter_season>
  <airsbefore_episode></airsbefore_episode>
  <airsbefore_season></airsbefore_season>
  <filename>episodes/82155/4384784.jpg</filename>
  <lastupdated>1345808087</lastupdated>
  <seasonid>32815</seasonid>
  <seriesid>82155</seriesid>
</Episode>
<Episode>
  <id>369514</id>
  <Combined_episodenumber>1</Combined_episodenumber>
  <Combined_season>1</Combined_season>
  <DVD_chapter></DVD_chapter>
  <DVD_discid></DVD_discid>
  <DVD_episodenumber></DVD_episodenumber>
  <DVD_season></DVD_season>
  <Director>Mark Piznarski</Director>
  <EpImgFlag>2</EpImgFlag>
  <EpisodeName>Pilot</EpisodeName>
  <EpisodeNumber>1</EpisodeNumber>
  <FirstAired>2008-06-01</FirstAired>
  <GuestStars>Al Sapienza|Kathrine Narducci|Angela Sarafyan|Cristián de la Fuente|Paul Ben-Victor|Gregory Cruz|David Dittmer|Justin Ocksrider|Yorgo Constantine|Tammin Sursok|Fredrick Lopez</GuestStars>
  <IMDB_ID>tt0759583</IMDB_ID>
  <Language>en</Language>
  <Overview>In the first episode we meet Mary Shannon a US Marshall for the Witness Protection Program. In this episode Mary tries to figure out what went wrong when a mobster's son who was under her protection is killed.</Overview>
  <ProductionCode>101</ProductionCode>
  <Rating>6.6</Rating>
  <RatingCount>21</RatingCount>
  <SeasonNumber>1</SeasonNumber>
  <Writer>David Maples</Writer>
  <absolute_number></absolute_number>
  <filename>episodes/82155/369514.jpg</filename>
  <lastupdated>1359980084</lastupdated>
  <seasonid>32816</seasonid>
  <seriesid>82155</seriesid>
</Episode>
<Episode>
  <id>369515</id>
  <Combined_episodenumber>2</Combined_episodenumber>
  <Combined_season>1</Combined_season>
  <DVD_chapter></DVD_chapter>
  <DVD_discid></DVD_discid>
  <DVD_episodenumber></DVD_episodenumber>
  <DVD_season></DVD_season>
  <Director>John Fortenberry</Director>
  <EpImgFlag>2</EpImgFlag>
  <EpisodeName>Hoosier Daddy</EpisodeName>
  <EpisodeNumber>2</EpisodeNumber>
  <FirstAired>2008-06-08</FirstAired>
  <GuestStars>Vincent Ventresca|Bobby Coleman|Michael B. Silver|Paul Ben-Victor|Beth Bailey|Bob Jesser|Mark Sivertsen|Judith Jones|Cajardo Lindsey|Daniel Knight|William T. Johnson</GuestStars>
  <IMDB_ID>tt1103560</IMDB_ID>
  <Language>en</Language>
  <Overview>Things get complicated when Mary takes on the case of Leo Billups.  Leo saw his mother murdered and is going to testify against the people who killed her including his father.</Overview>
  <ProductionCode>102</ProductionCode>
  <Rating>7.0</Rating>
  <RatingCount>16</RatingCount>
  <SeasonNumber>1</SeasonNumber>
  <Writer>David Maples</Writer>
  <absolute_number></absolute_number>
  <filename>episodes/82155/369515.jpg</filename>
  <lastupdated>1359980110</lastupdated>
  <seasonid>32816</seasonid>
  <seriesid>82155</seriesid>
</Episode>
<Episode>
  <id>369516</id>
  <Combined_episodenumber>3</Combined_episodenumber>
  <Combined_season>1</Combined_season>
  <DVD_chapter></DVD_chapter>
  <DVD_discid></DVD_discid>
  <DVD_episodenumber></DVD_episodenumber>
  <DVD_season></DVD_season>
  <Director>John T. Kretchmer</Director>
  <EpImgFlag>2</EpImgFlag>
  <EpisodeName>Never the Bride</EpisodeName>
  <EpisodeNumber>3</EpisodeNumber>
  <FirstAired>2008-06-15</FirstAired>
  <GuestStars>Missi Pyle|Joanna Cassidy|Cristián de la Fuente|Paul Ben-Victor|Brian Keith Gamble|Kisha Sierra|Henry Herman|Frank Bond|Carrie Fleming</GuestStars>
  <IMDB_ID>tt1104390</IMDB_ID>
  <Language>en</Language>
  <Overview>Mary's assignment this week is Treena Morris a con-artist who is married to a diamond smuggler.  After she is arrested by the feds, she decides to tell all on her husband and his friends.  While Mary is trying to keep her safe, Treena gets engaged and her photo is all over the papers.</Overview>
  <ProductionCode>103</ProductionCode>
  <Rating>6.9</Rating>
  <RatingCount>12</RatingCount>
  <SeasonNumber>1</SeasonNumber>
  <Writer>David Maples</Writer>
  <absolute_number></absolute_number>
  <filename>episodes/82155/369516.jpg</filename>
  <lastupdated>1359980165</lastupdated>
  <seasonid>32816</seasonid>
  <seriesid>82155</seriesid>
</Episode>
<Episode>
  <id>369517</id>
  <Combined_episodenumber>4</Combined_episodenumber>
  <Combined_season>1</Combined_season>
  <DVD_chapter></DVD_chapter>
  <DVD_discid></DVD_discid>
  <DVD_episodenumber></DVD_episodenumber>
  <DVD_season></DVD_season>
  <Director>Bryan Spicer</Director>
  <EpImgFlag>2</EpImgFlag>
  <EpisodeName>Trojan Horst</EpisodeName>
  <EpisodeNumber>4</EpisodeNumber>
  <FirstAired>2008-06-22</FirstAired>
  <GuestStars>Dave Foley|Christopher Stanley|Paul Ben-Victor|D'Nette Pennington|Frederic Doss</GuestStars>
  <IMDB_ID>tt1104392</IMDB_ID>
  <Language>en</Language>
  <Overview>Mary and Marshall take on a case involving Horst Vanderhoff, an agent for Lola, who's an assassin for hire. While trying to line up her next job, Horst is busted and agrees to testify against her to become a part of the Witness Protection Program.</Overview>
  <ProductionCode>104</ProductionCode>
  <Rating>6.9</Rating>
  <RatingCount>10</RatingCount>
  <SeasonNumber>1</SeasonNumber>
  <Writer>Constance M. Burge</Writer>
  <absolute_number></absolute_number>
  <filename>episodes/82155/369517.jpg</filename>
  <lastupdated>1359980516</lastupdated>
  <seasonid>32816</seasonid>
  <seriesid>82155</seriesid>
</Episode>
<Episode>
  <id>369518</id>
  <Combined_episodenumber>5</Combined_episodenumber>
  <Combined_season>1</Combined_season>
  <DVD_chapter></DVD_chapter>
  <DVD_discid></DVD_discid>
  <DVD_episodenumber></DVD_episodenumber>
  <DVD_season></DVD_season>
  <Director>Tricia Brock</Director>
  <EpImgFlag>2</EpImgFlag>
  <EpisodeName>Who Shot Jay Arnstein?</EpisodeName>
  <EpisodeNumber>5</EpisodeNumber>
  <FirstAired>2008-06-29</FirstAired>
  <GuestStars>Sherry Stringfield|Virginia Williams|John Ales|Robin Atkin Downes|Kathleen Bailey|Cristián de la Fuente|Paul Ben-Victor</GuestStars>
  <IMDB_ID>tt1197844</IMDB_ID>
  <Language>en</Language>
  <Overview>Mary works to solve the mystery of who tried to kill her witness, an art dealer. To complicate matters, both his mistress and his wife are in the program…and key suspects.</Overview>
  <ProductionCode>105</ProductionCode>
  <Rating>7.0</Rating>
  <RatingCount>9</RatingCount>
  <SeasonNumber>1</SeasonNumber>
  <Writer>Matt Ward</Writer>
  <absolute_number></absolute_number>
  <filename>episodes/82155/369518.jpg</filename>
  <lastupdated>1359980560</lastupdated>
  <seasonid>32816</seasonid>
  <seriesid>82155</seriesid>
</Episode>
<Episode>
  <id>369519</id>
  <Combined_episodenumber>6</Combined_episodenumber>
  <Combined_season>1</Combined_season>
  <DVD_chapter></DVD_chapter>
  <DVD_discid></DVD_discid>
  <DVD_episodenumber></DVD_episodenumber>
  <DVD_season></DVD_season>
  <Director>Fred Gerber</Director>
  <EpImgFlag>2</EpImgFlag>
  <EpisodeName>High Priced Spread</EpisodeName>
  <EpisodeNumber>6</EpisodeNumber>
  <FirstAired>2008-07-06</FirstAired>
  <GuestStars>Marcus Brown|Derrex Brady|Malik Kirkwood|Paul Ben-Victor|Elizabeth DeCicco|Kelvin Brown|Jermaine Washington|Anthony Parker</GuestStars>
  <IMDB_ID>tt1127536</IMDB_ID>
  <Language>en</Language>
  <Overview>Mary learns that her witness, a NCAA basketball star, has a gambling problem</Overview>
  <ProductionCode>106</ProductionCode>
  <Rating>7.2</Rating>
  <RatingCount>10</RatingCount>
  <SeasonNumber>1</SeasonNumber>
  <Writer>Matt Ward</Writer>
  <absolute_number></absolute_number>
  <filename>episodes/82155/369519.jpg</filename>
  <lastupdated>1359980607</lastupdated>
  <seasonid>32816</seasonid>
  <seriesid>82155</seriesid>
</Episode>
<Episode>
  <id>369520</id>
  <Combined_episodenumber>7</Combined_episodenumber>
  <Combined_season>1</Combined_season>
  <DVD_chapter></DVD_chapter>
  <DVD_discid></DVD_discid>
  <DVD_episodenumber></DVD_episodenumber>
  <DVD_season></DVD_season>
  <Director>Sam Weisman</Director>
  <EpImgFlag>2</EpImgFlag>
  <EpisodeName>Iris Doesn't Live Here Anymore</EpisodeName>
  <EpisodeNumber>7</EpisodeNumber>
  <FirstAired>2008-07-13</FirstAired>
  <GuestStars>Wendell Pierce|Tina Lifford|Jontille Gerard|Rhyon Nicole Brown|Percy Daggs III|Cristián de la Fuente</GuestStars>
  <IMDB_ID>tt1197845</IMDB_ID>
  <Language>en</Language>
  <Overview>The closeness of a family is tested when they enter the program after the daughter witnesses a shooting.</Overview>
  <ProductionCode>107</ProductionCode>
  <Rating>6.6</Rating>
  <RatingCount>8</RatingCount>
  <SeasonNumber>1</SeasonNumber>
  <Writer>Linda Burstyn</Writer>
  <absolute_number></absolute_number>
  <filename>episodes/82155/369520.jpg</filename>
  <lastupdated>1359980648</lastupdated>
  <seasonid>32816</seasonid>
  <seriesid>82155</seriesid>
</Episode>
<Episode>
  <id>369521</id>
  <Combined_episodenumber>8</Combined_episodenumber>
  <Combined_season>1</Combined_season>
  <DVD_chapter></DVD_chapter>
  <DVD_discid></DVD_discid>
  <DVD_episodenumber></DVD_episodenumber>
  <DVD_season></DVD_season>
  <Director>John F. Showalter</Director>
  <EpImgFlag>2</EpImgFlag>
  <EpisodeName>Don of the Dead</EpisodeName>
  <EpisodeNumber>8</EpisodeNumber>
  <FirstAired>2008-07-20</FirstAired>
  <GuestStars>Jane Adams|John Benjamin Hickey|James MacDonald|David Meunier|Christopher Stanley|Cristián de la Fuente</GuestStars>
  <IMDB_ID>tt1197846</IMDB_ID>
  <Language>en</Language>
  <Overview>A member of the Program under Mary's watch is in a car accident and Mary has to find out if it was an accident or related to his former life.</Overview>
  <ProductionCode>108</ProductionCode>
  <Rating>6.9</Rating>
  <RatingCount>10</RatingCount>
  <SeasonNumber>1</SeasonNumber>
  <Writer>Brynn Malone</Writer>
  <absolute_number></absolute_number>
  <filename>episodes/82155/369521.jpg</filename>
  <lastupdated>1359980675</lastupdated>
  <seasonid>32816</seasonid>
  <seriesid>82155</seriesid>
</Episode>
<Episode>
  <id>369522</id>
  <Combined_episodenumber>9</Combined_episodenumber>
  <Combined_season>1</Combined_season>
  <DVD_chapter></DVD_chapter>
  <DVD_discid></DVD_discid>
  <DVD_episodenumber></DVD_episodenumber>
  <DVD_season></DVD_season>
  <Director>Dan Lerner</Director>
  <EpImgFlag>2</EpImgFlag>
  <EpisodeName>Good Cop, Dead Cop</EpisodeName>
  <EpisodeNumber>9</EpisodeNumber>
  <FirstAired>2008-07-27</FirstAired>
  <GuestStars>Jason Wiles|Sarah Danielle Goldberg|Missy Yager|Cristián de la Fuente|Paul Ben-Victor|Dylan Kenin||Christopher Dempsey|Jason Coviello</GuestStars>
  <IMDB_ID>tt1131232</IMDB_ID>
  <Language>en</Language>
  <Overview>Mary suffers the consequences when an attractive witness, who she slept with, is accused of murder.</Overview>
  <ProductionCode>109</ProductionCode>
  <Rating>6.3</Rating>
  <RatingCount>6</RatingCount>
  <SeasonNumber>1</SeasonNumber>
  <Writer>Bruce Miller</Writer>
  <absolute_number></absolute_number>
  <filename>episodes/82155/369522.jpg</filename>
  <lastupdated>1359980694</lastupdated>
  <seasonid>32816</seasonid>
  <seriesid>82155</seriesid>
</Episode>
<Episode>
  <id>369523</id>
  <Combined_episodenumber>10</Combined_episodenumber>
  <Combined_season>1</Combined_season>
  <DVD_chapter></DVD_chapter>
  <DVD_discid></DVD_discid>
  <DVD_episodenumber></DVD_episodenumber>
  <DVD_season></DVD_season>
  <Director>Rod Hardy</Director>
  <EpImgFlag>2</EpImgFlag>
  <EpisodeName>To Serge with Love</EpisodeName>
  <EpisodeNumber>10</EpisodeNumber>
  <FirstAired>2008-08-03</FirstAired>
  <GuestStars>Angela Sarafyan|Alex Feldman|Cristián de la Fuente|Paul Ben-Victor|Mark Sheppard</GuestStars>
  <IMDB_ID>tt1242223</IMDB_ID>
  <Language>en</Language>
  <Overview>Natasha, the mild mannered Ukrainian accountant, has gotten her new breasts, but her life becomes more complicated when she discovers that her new boyfriend is also in WITSEC.</Overview>
  <ProductionCode>110</ProductionCode>
  <Rating>6.4</Rating>
  <RatingCount>7</RatingCount>
  <SeasonNumber>1</SeasonNumber>
  <Writer>Katherine Butler</Writer>
  <absolute_number></absolute_number>
  <filename>episodes/82155/369523.jpg</filename>
  <lastupdated>1359980726</lastupdated>
  <seasonid>32816</seasonid>
  <seriesid>82155</seriesid>
</Episode>
<Episode>
  <id>369524</id>
  <Combined_episodenumber>11</Combined_episodenumber>
  <Combined_season>1</Combined_season>
  <DVD_chapter></DVD_chapter>
  <DVD_discid></DVD_discid>
  <DVD_episodenumber></DVD_episodenumber>
  <DVD_season></DVD_season>
  <Director>Jesús Salvador Treviño</Director>
  <EpImgFlag>2</EpImgFlag>
  <EpisodeName>Stan by Me</EpisodeName>
  <EpisodeNumber>11</EpisodeNumber>
  <FirstAired>2008-08-10</FirstAired>
  <GuestStars>Mark Boone Junior|Will McCormack|Tim Kelleher|Christian J. Meoli|Cristián de la Fuente|Paul Ben-Victor</GuestStars>
  <IMDB_ID>tt1241889</IMDB_ID>
  <Language>en</Language>
  <Overview>After watching her mother audition for &quot;Sweet Charity&quot; Mary is kidnapped; in New Jersey, Brandi's boyfriend Chuck is abducted and two FBI agents are killed; when federal agents suspect a connection, a nationwide manhunt ensues.</Overview>
  <ProductionCode>111</ProductionCode>
  <Rating>8.2</Rating>
  <RatingCount>6</RatingCount>
  <SeasonNumber>1</SeasonNumber>
  <Writer>Constance M. Burge|Brynn Malone</Writer>
  <absolute_number></absolute_number>
  <filename>episodes/82155/369524.jpg</filename>
  <lastupdated>1359980746</lastupdated>
  <seasonid>32816</seasonid>
  <seriesid>82155</seriesid>
</Episode>
<Episode>
  <id>379437</id>
  <Combined_episodenumber>12</Combined_episodenumber>
  <Combined_season>1</Combined_season>
  <DVD_chapter></DVD_chapter>
  <DVD_discid></DVD_discid>
  <DVD_episodenumber></DVD_episodenumber>
  <DVD_season></DVD_season>
  <Director>John Badham</Director>
  <EpImgFlag>2</EpImgFlag>
  <EpisodeName>A Fine Meth</EpisodeName>
  <EpisodeNumber>12</EpisodeNumber>
  <FirstAired>2008-08-17</FirstAired>
  <GuestStars>Mark Boone Junior|Will McCormack|Cristián de la Fuente|Paul Ben-Victor</GuestStars>
  <IMDB_ID>tt1274622</IMDB_ID>
  <Language>en</Language>
  <Overview>The family regroups after Mary's ordeal; Stan and Marshall search for a way to force Spanky to tell the truth about Chuck's drug trafficking; the FBI corners Mary in her driveway with Brandi's suitcase full of meth in the back of her car.

Season 1 Finale</Overview>
  <ProductionCode>112</ProductionCode>
  <Rating>8.5</Rating>
  <RatingCount>6</RatingCount>
  <SeasonNumber>1</SeasonNumber>
  <Writer>David Maples</Writer>
  <absolute_number></absolute_number>
  <filename>episodes/82155/379437.jpg</filename>
  <lastupdated>1359980766</lastupdated>
  <seasonid>32816</seasonid>
  <seriesid>82155</seriesid>
</Episode>
<Episode>
  <id>437523</id>
  <Combined_episodenumber>1</Combined_episodenumber>
  <Combined_season>2</Combined_season>
  <DVD_chapter></DVD_chapter>
  <DVD_discid></DVD_discid>
  <DVD_episodenumber></DVD_episodenumber>
  <DVD_season></DVD_season>
  <Director>Stephen Hopkins</Director>
  <EpImgFlag>2</EpImgFlag>
  <EpisodeName>Gilted Lily</EpisodeName>
  <EpisodeNumber>1</EpisodeNumber>
  <FirstAired>2009-04-19</FirstAired>
  <GuestStars>Holly Maples|Will Estes|John Bishop|Liza Weil|Ellen Hollman|Darin Heames|Andrea Frankle</GuestStars>
  <IMDB_ID>tt1402299</IMDB_ID>
  <Language>en</Language>
  <Overview>A dead witness causes Mary to take leave of her administrative duties to solve a &quot;Ten Little Indians&quot; story, until her plan gets changed by her own brand of Post-Traumatic Stress disorder.</Overview>
  <ProductionCode>2_201</ProductionCode>
  <Rating>6.4</Rating>
  <RatingCount>9</RatingCount>
  <SeasonNumber>2</SeasonNumber>
  <Writer>David Maples</Writer>
  <absolute_number></absolute_number>
  <filename>episodes/82155/437523.jpg</filename>
  <lastupdated>1364292448</lastupdated>
  <seasonid>40995</seasonid>
  <seriesid>82155</seriesid>
</Episode>
<Episode>
  <id>560561</id>
  <Combined_episodenumber>2</Combined_episodenumber>
  <Combined_season>2</Combined_season>
  <DVD_chapter></DVD_chapter>
  <DVD_discid></DVD_discid>
  <DVD_episodenumber></DVD_episodenumber>
  <DVD_season></DVD_season>
  <Director>Dan Lerner</Director>
  <EpImgFlag>2</EpImgFlag>
  <EpisodeName>In My Humboldt Opinion</EpisodeName>
  <EpisodeNumber>2</EpisodeNumber>
  <FirstAired>2009-04-26</FirstAired>
  <GuestStars>Holly Maples|Kevin Rankin|Ali Marsh|Amanda Foreman|Will McCormack</GuestStars>
  <IMDB_ID>tt1370550</IMDB_ID>
  <Language>en</Language>
  <Overview>A northern California marijuana mastermind cannot testify without using the drug to neutralize his anxiety disorder.</Overview>
  <ProductionCode>2_202</ProductionCode>
  <Rating>7.5</Rating>
  <RatingCount>10</RatingCount>
  <SeasonNumber>2</SeasonNumber>
  <Writer>David Maples</Writer>
  <absolute_number></absolute_number>
  <filename>episodes/82155/560561.jpg</filename>
  <lastupdated>1359980861</lastupdated>
  <seasonid>40995</seasonid>
  <seriesid>82155</seriesid>
</Episode>
<Episode>
  <id>612601</id>
  <Combined_episodenumber>3</Combined_episodenumber>
  <Combined_season>2</Combined_season>
  <DVD_chapter></DVD_chapter>
  <DVD_discid></DVD_discid>
  <DVD_episodenumber></DVD_episodenumber>
  <DVD_season></DVD_season>
  <Director>Sam Weisman</Director>
  <EpImgFlag>2</EpImgFlag>
  <EpisodeName>A Stand-Up Triple</EpisodeName>
  <EpisodeNumber>3</EpisodeNumber>
  <FirstAired>2009-05-03</FirstAired>
  <GuestStars>Cynthia Watros|Joshua Malina|Holly Maples|Jesse James|Drew Powell|David Bewley</GuestStars>
  <IMDB_ID>tt1392605</IMDB_ID>
  <Language>en</Language>
  <Overview>A witness finds herself having difficulty in managing her own brood of children, so Mary offers to babysit the trio of problem kids.</Overview>
  <ProductionCode>2_203</ProductionCode>
  <Rating>7.6</Rating>
  <RatingCount>5</RatingCount>
  <SeasonNumber>2</SeasonNumber>
  <Writer>Michael Angeli</Writer>
  <absolute_number></absolute_number>
  <filename>episodes/82155/612601.jpg</filename>
  <lastupdated>1359980897</lastupdated>
  <seasonid>40995</seasonid>
  <seriesid>82155</seriesid>
</Episode>
<Episode>
  <id>612611</id>
  <Combined_episodenumber>4</Combined_episodenumber>
  <Combined_season>2</Combined_season>
  <DVD_chapter></DVD_chapter>
  <DVD_discid></DVD_discid>
  <DVD_episodenumber></DVD_episodenumber>
  <DVD_season></DVD_season>
  <Director>Michael W. Watkins</Director>
  <EpImgFlag>2</EpImgFlag>
  <EpisodeName>Rubble with a Cause</EpisodeName>
  <EpisodeNumber>4</EpisodeNumber>
  <FirstAired>2009-05-10</FirstAired>
  <GuestStars>Matthew Davis|Joshua Malina|David Zayas|Mandy June Turpin|Mitch Pileggi</GuestStars>
  <IMDB_ID>tt1392606</IMDB_ID>
  <Language>en</Language>
  <Overview>A building collapses on one of Mary's witnesses, leaving him exposed to outside threats, so Mary has to risk her life in order to keep her witness safe.</Overview>
  <ProductionCode>2_205</ProductionCode>
  <Rating>8.8</Rating>
  <RatingCount>6</RatingCount>
  <SeasonNumber>2</SeasonNumber>
  <Writer>Alexander Cary</Writer>
  <absolute_number></absolute_number>
  <filename>episodes/82155/612611.jpg</filename>
  <lastupdated>1359980920</lastupdated>
  <seasonid>40995</seasonid>
  <seriesid>82155</seriesid>
</Episode>
<Episode>
  <id>612621</id>
  <Combined_episodenumber>5</Combined_episodenumber>
  <Combined_season>2</Combined_season>
  <DVD_chapter></DVD_chapter>
  <DVD_discid></DVD_discid>
  <DVD_episodenumber></DVD_episodenumber>
  <DVD_season></DVD_season>
  <Director>Leslie Libman</Director>
  <EpImgFlag>2</EpImgFlag>
  <EpisodeName>Aguna Matatala</EpisodeName>
  <EpisodeNumber>5</EpisodeNumber>
  <FirstAired>2009-05-17</FirstAired>
  <GuestStars>Joshua Malina|Richard Schiff|Holly Maples|Jeremy Glazer|Sarah Drew</GuestStars>
  <IMDB_ID>tt1409289</IMDB_ID>
  <Language>en</Language>
  <Overview>An Orthodox Jew enters Witness Protection, but his wife refuses to join him. The situation is made more complicated by the fact he is being pursued by a man motivated by a higher authority.</Overview>
  <ProductionCode>2_206</ProductionCode>
  <Rating>8.3</Rating>
  <RatingCount>6</RatingCount>
  <SeasonNumber>2</SeasonNumber>
  <Writer>David Slack</Writer>
  <absolute_number></absolute_number>
  <filename>episodes/82155/612621.jpg</filename>
  <lastupdated>1359980938</lastupdated>
  <seasonid>40995</seasonid>
  <seriesid>82155</seriesid>
</Episode>
<Episode>
  <id>612631</id>
  <Combined_episodenumber>6</Combined_episodenumber>
  <Combined_season>2</Combined_season>
  <DVD_chapter></DVD_chapter>
  <DVD_discid></DVD_discid>
  <DVD_episodenumber></DVD_episodenumber>
  <DVD_season></DVD_season>
  <Director>Dan Lerner</Director>
  <EpImgFlag>2</EpImgFlag>
  <EpisodeName>One Night Stan</EpisodeName>
  <EpisodeNumber>6</EpisodeNumber>
  <FirstAired>2009-05-31</FirstAired>
  <GuestStars>Joshua Malina|Holly Maples|David Walton|Christine Woods|Cliff De Young</GuestStars>
  <IMDB_ID>tt1392848</IMDB_ID>
  <Language>en</Language>
  <Overview>Mary and Marshall find themselves in a difficult position when Stan's very first witness turns up dead and he is implicated in her murder.</Overview>
  <ProductionCode>2_207</ProductionCode>
  <Rating>7.5</Rating>
  <RatingCount>8</RatingCount>
  <SeasonNumber>2</SeasonNumber>
  <Writer>John Mankiewicz</Writer>
  <absolute_number></absolute_number>
  <filename>episodes/82155/612631.jpg</filename>
  <lastupdated>1359980950</lastupdated>
  <seasonid>40995</seasonid>
  <seriesid>82155</seriesid>
</Episode>
<Episode>
  <id>612641</id>
  <Combined_episodenumber>7</Combined_episodenumber>
  <Combined_season>2</Combined_season>
  <DVD_chapter></DVD_chapter>
  <DVD_discid></DVD_discid>
  <DVD_episodenumber></DVD_episodenumber>
  <DVD_season></DVD_season>
  <Director>Bryan Spicer</Director>
  <EpImgFlag>1</EpImgFlag>
  <EpisodeName>Duplicate Bridge</EpisodeName>
  <EpisodeNumber>7</EpisodeNumber>
  <FirstAired>2009-06-07</FirstAired>
  <GuestStars>Clarke Peters|Holly Maples|Chris Mulkey|Cyrus Farmer</GuestStars>
  <IMDB_ID>tt1430230</IMDB_ID>
  <Language>en</Language>
  <Overview>An engineer blamed for a bridge collapse enters the program after being targeted by angry family members of the victims who died in the tragedy.</Overview>
  <ProductionCode>2_204</ProductionCode>
  <Rating>7.8</Rating>
  <RatingCount>8</RatingCount>
  <SeasonNumber>2</SeasonNumber>
  <Writer>Lynne E. Litt</Writer>
  <absolute_number></absolute_number>
  <filename>episodes/82155/612641.jpg</filename>
  <lastupdated>1359980980</lastupdated>
  <seasonid>40995</seasonid>
  <seriesid>82155</seriesid>
</Episode>
<Episode>
  <id>736291</id>
  <Combined_episodenumber>8</Combined_episodenumber>
  <Combined_season>2</Combined_season>
  <DVD_chapter></DVD_chapter>
  <DVD_discid></DVD_discid>
  <DVD_episodenumber></DVD_episodenumber>
  <DVD_season></DVD_season>
  <Director>Ernest R. Dickerson</Director>
  <EpImgFlag>2</EpImgFlag>
  <EpisodeName>A Frond in Need</EpisodeName>
  <EpisodeNumber>8</EpisodeNumber>
  <FirstAired>2009-06-14</FirstAired>
  <GuestStars>Laura Prepon|Todd Louiso|Holly Maples|Kathleen Wilhoite|Joseph Reitman|Chris Browning</GuestStars>
  <IMDB_ID>tt1434759</IMDB_ID>
  <Language>en</Language>
  <Overview>When a series of murders seem to follow a new ex-con witness, including stabbing Mary's friend, she and Marshall have to figure out if he's the killer in time to save his next victim.</Overview>
  <ProductionCode>2_208</ProductionCode>
  <Rating>7.6</Rating>
  <RatingCount>10</RatingCount>
  <SeasonNumber>2</SeasonNumber>
  <Writer>Brynn Malone</Writer>
  <absolute_number></absolute_number>
  <filename>episodes/82155/736291.jpg</filename>
  <lastupdated>1359981008</lastupdated>
  <seasonid>40995</seasonid>
  <seriesid>82155</seriesid>
</Episode>
<Episode>
  <id>736301</id>
  <Combined_episodenumber>9</Combined_episodenumber>
  <Combined_season>2</Combined_season>
  <DVD_chapter></DVD_chapter>
  <DVD_discid></DVD_discid>
  <DVD_episodenumber></DVD_episodenumber>
  <DVD_season></DVD_season>
  <Director>Bethany Rooney</Director>
  <EpImgFlag>2</EpImgFlag>
  <EpisodeName>Who's Bugging Mary?</EpisodeName>
  <EpisodeNumber>9</EpisodeNumber>
  <FirstAired>2009-06-21</FirstAired>
  <GuestStars>Dayton Callie|Holly Maples|Will McCormack|Diana Maria Riva|Tim Kelleher|Paul Cassell</GuestStars>
  <IMDB_ID>tt1434760</IMDB_ID>
  <Language>en</Language>
  <Overview>FBI agent O'Connor arrests Brandi on charges of drug trafficking and murder. Insisting her sister is innocent, Mary works to help Brandi while ultimately trying to discover O'Connor's real motive for his actions.</Overview>
  <ProductionCode>2_209</ProductionCode>
  <Rating>7.7</Rating>
  <RatingCount>11</RatingCount>
  <SeasonNumber>2</SeasonNumber>
  <Writer>Jessica Butler</Writer>
  <absolute_number></absolute_number>
  <filename>episodes/82155/736301.jpg</filename>
  <lastupdated>1359981146</lastupdated>
  <seasonid>40995</seasonid>
  <seriesid>82155</seriesid>
</Episode>
<Episode>
  <id>736311</id>
  <Combined_episodenumber>10</Combined_episodenumber>
  <Combined_season>2</Combined_season>
  <DVD_chapter></DVD_chapter>
  <DVD_discid></DVD_discid>
  <DVD_episodenumber></DVD_episodenumber>
  <DVD_season></DVD_season>
  <Director>Sam Weisman</Director>
  <EpImgFlag>2</EpImgFlag>
  <EpisodeName>Miles to Go</EpisodeName>
  <EpisodeNumber>10</EpisodeNumber>
  <FirstAired>2009-06-28</FirstAired>
  <GuestStars>David Denman|Holly Maples|Ali Marsh</GuestStars>
  <IMDB_ID>tt1435093</IMDB_ID>
  <Language>en</Language>
  <Overview>Mary briefs a new witness whose visitation rights with his son depend on the man's testimony. When Mary learns the boy is missing, she tries to find him.</Overview>
  <ProductionCode>2_210</ProductionCode>
  <Rating>7.3</Rating>
  <RatingCount>9</RatingCount>
  <SeasonNumber>2</SeasonNumber>
  <Writer>David Graziano</Writer>
  <absolute_number></absolute_number>
  <filename>episodes/82155/736311.jpg</filename>
  <lastupdated>1359981166</lastupdated>
  <seasonid>40995</seasonid>
  <seriesid>82155</seriesid>
</Episode>
<Episode>
  <id>842131</id>
  <Combined_episodenumber>11</Combined_episodenumber>
  <Combined_season>2</Combined_season>
  <DVD_chapter></DVD_chapter>
  <DVD_discid></DVD_discid>
  <DVD_episodenumber></DVD_episodenumber>
  <DVD_season></DVD_season>
  <Director>Michael W. Watkins</Director>
  <EpImgFlag>2</EpImgFlag>
  <EpisodeName>Jailbait</EpisodeName>
  <EpisodeNumber>11</EpisodeNumber>
  <FirstAired>2009-07-12</FirstAired>
  <GuestStars></GuestStars>
  <IMDB_ID>tt1435094</IMDB_ID>
  <Language>en</Language>
  <Overview>The barely legal daughter of Mary's witness – a Miami racketeer – finds herself in a dangerous romance, just as Raph's mother visits to prepare an engagement feast for the surprised Mary.</Overview>
  <ProductionCode></ProductionCode>
  <Rating>7.3</Rating>
  <RatingCount>10</RatingCount>
  <SeasonNumber>2</SeasonNumber>
  <Writer>Lynne E. Litt</Writer>
  <absolute_number></absolute_number>
  <filename>episodes/82155/842131.jpg</filename>
  <lastupdated>1359981194</lastupdated>
  <seasonid>40995</seasonid>
  <seriesid>82155</seriesid>
</Episode>
<Episode>
  <id>842141</id>
  <Combined_episodenumber>12</Combined_episodenumber>
  <Combined_season>2</Combined_season>
  <DVD_chapter></DVD_chapter>
  <DVD_discid></DVD_discid>
  <DVD_episodenumber></DVD_episodenumber>
  <DVD_season></DVD_season>
  <Director>Dan Lerner</Director>
  <EpImgFlag>2</EpImgFlag>
  <EpisodeName>Training Video</EpisodeName>
  <EpisodeNumber>12</EpisodeNumber>
  <FirstAired>2009-07-19</FirstAired>
  <GuestStars></GuestStars>
  <IMDB_ID>tt1402298</IMDB_ID>
  <Language>en</Language>
  <Overview>Mary lends her expertise for the U.S. Marshalls by making a training video with a film crew. Elsewhere, Marshall prepares the arrangements so that an elderly mobster in Witsec can go to his son's funeral.</Overview>
  <ProductionCode></ProductionCode>
  <Rating>7.7</Rating>
  <RatingCount>11</RatingCount>
  <SeasonNumber>2</SeasonNumber>
  <Writer>Brynn Malone</Writer>
  <absolute_number></absolute_number>
  <filename>episodes/82155/842141.jpg</filename>
  <lastupdated>1359981225</lastupdated>
  <seasonid>40995</seasonid>
  <seriesid>82155</seriesid>
</Episode>
<Episode>
  <id>842151</id>
  <Combined_episodenumber>13</Combined_episodenumber>
  <Combined_season>2</Combined_season>
  <DVD_chapter></DVD_chapter>
  <DVD_discid></DVD_discid>
  <DVD_episodenumber></DVD_episodenumber>
  <DVD_season></DVD_season>
  <Director>Felix Enriquez Alcala</Director>
  <EpImgFlag>2</EpImgFlag>
  <EpisodeName>Let's Get it Ahn</EpisodeName>
  <EpisodeNumber>13</EpisodeNumber>
  <FirstAired>2009-07-26</FirstAired>
  <GuestStars></GuestStars>
  <IMDB_ID>tt1421186</IMDB_ID>
  <Language>en</Language>
  <Overview>A world-class counterfeiter witness is suspected in a murder; Mary and Marshall realize they may be hiding a witness from the government.</Overview>
  <ProductionCode></ProductionCode>
  <Rating>7.7</Rating>
  <RatingCount>10</RatingCount>
  <SeasonNumber>2</SeasonNumber>
  <Writer>David Maples</Writer>
  <absolute_number></absolute_number>
  <filename>episodes/82155/842151.jpg</filename>
  <lastupdated>1359981274</lastupdated>
  <seasonid>40995</seasonid>
  <seriesid>82155</seriesid>
</Episode>
<Episode>
  <id>911971</id>
  <Combined_episodenumber>14</Combined_episodenumber>
  <Combined_season>2</Combined_season>
  <DVD_chapter></DVD_chapter>
  <DVD_discid></DVD_discid>
  <DVD_episodenumber></DVD_episodenumber>
  <DVD_season></DVD_season>
  <Director>Alexander Cary</Director>
  <EpImgFlag>2</EpImgFlag>
  <EpisodeName>Once a Ponzi Time</EpisodeName>
  <EpisodeNumber>14</EpisodeNumber>
  <FirstAired>2009-08-02</FirstAired>
  <GuestStars></GuestStars>
  <IMDB_ID>tt1435095</IMDB_ID>
  <Language>en</Language>
  <Overview>When a Wall Street blue blood rats on his boss' investment fraud and hides out in WITSEC, something from his past life comes calling.</Overview>
  <ProductionCode></ProductionCode>
  <Rating>7.5</Rating>
  <RatingCount>10</RatingCount>
  <SeasonNumber>2</SeasonNumber>
  <Writer>John Mankiewicz</Writer>
  <absolute_number></absolute_number>
  <filename>episodes/82155/911971.jpg</filename>
  <lastupdated>1359981309</lastupdated>
  <seasonid>40995</seasonid>
  <seriesid>82155</seriesid>
</Episode>
<Episode>
  <id>960431</id>
  <Combined_episodenumber>15</Combined_episodenumber>
  <Combined_season>2</Combined_season>
  <DVD_chapter></DVD_chapter>
  <DVD_discid></DVD_discid>
  <DVD_episodenumber></DVD_episodenumber>
  <DVD_season></DVD_season>
  <Director>Michael Morris</Director>
  <EpImgFlag>2</EpImgFlag>
  <EpisodeName>Don't Cry for Me Albuquerque</EpisodeName>
  <EpisodeNumber>15</EpisodeNumber>
  <FirstAired>2009-08-09</FirstAired>
  <GuestStars></GuestStars>
  <IMDB_ID>tt1421185</IMDB_ID>
  <Language>en</Language>
  <Overview>The US government helps a Latina political activist hide in Witsec, but the arrangement sours after she moves into her new home.</Overview>
  <ProductionCode></ProductionCode>
  <Rating>8.2</Rating>
  <RatingCount>11</RatingCount>
  <SeasonNumber>2</SeasonNumber>
  <Writer>Jessica Butler</Writer>
  <absolute_number></absolute_number>
  <filename>episodes/82155/960431.jpg</filename>
  <lastupdated>1359981336</lastupdated>
  <seasonid>40995</seasonid>
  <seriesid>82155</seriesid>
</Episode>
<Episode>
  <id>1815281</id>
  <Combined_episodenumber>1</Combined_episodenumber>
  <Combined_season>3</Combined_season>
  <DVD_chapter></DVD_chapter>
  <DVD_discid></DVD_discid>
  <DVD_episodenumber></DVD_episodenumber>
  <DVD_season></DVD_season>
  <Director>Charles Haid</Director>
  <EpImgFlag>7</EpImgFlag>
  <EpisodeName>Father Goes West</EpisodeName>
  <EpisodeNumber>1</EpisodeNumber>
  <FirstAired>2010-03-31</FirstAired>
  <GuestStars>Donnie Wahlberg</GuestStars>
  <IMDB_ID>tt1594359</IMDB_ID>
  <Language>en</Language>
  <Overview>A former high line thief from Boston tries to give up crime for the sake of his teenage son, and Mary and Marshall search for the person who nearly killed Mary.</Overview>
  <ProductionCode></ProductionCode>
  <Rating>8.3</Rating>
  <RatingCount>12</RatingCount>
  <SeasonNumber>3</SeasonNumber>
  <Writer>David Maples, John McNamara</Writer>
  <absolute_number></absolute_number>
  <filename>episodes/82155/1815281.jpg</filename>
  <lastupdated>1341655688</lastupdated>
  <seasonid>204091</seasonid>
  <seriesid>82155</seriesid>
</Episode>
<Episode>
  <id>1815291</id>
  <Combined_episodenumber>2</Combined_episodenumber>
  <Combined_season>3</Combined_season>
  <DVD_chapter></DVD_chapter>
  <DVD_discid></DVD_discid>
  <DVD_episodenumber></DVD_episodenumber>
  <DVD_season></DVD_season>
  <Director>Fred Gerber</Director>
  <EpImgFlag>7</EpImgFlag>
  <EpisodeName>When Mary Met Marshall</EpisodeName>
  <EpisodeNumber>2</EpisodeNumber>
  <FirstAired>2010-04-07</FirstAired>
  <GuestStars></GuestStars>
  <IMDB_ID>tt1601365</IMDB_ID>
  <Language>en</Language>
  <Overview>In 2003 Mary meets Marshall for the first time as they get lovers CLAUDIA TOBIN and HENRY DOER into the WitSec program, and it's a toss-up whose relationship is going to last: Claudia and Henry's, or Mary and Marshall's.</Overview>
  <ProductionCode></ProductionCode>
  <Rating>8.0</Rating>
  <RatingCount>13</RatingCount>
  <SeasonNumber>3</SeasonNumber>
  <Writer>Brynn Malone</Writer>
  <absolute_number></absolute_number>
  <filename>episodes/82155/1815291.jpg</filename>
  <lastupdated>1341655721</lastupdated>
  <seasonid>204091</seasonid>
  <seriesid>82155</seriesid>
</Episode>
<Episode>
  <id>1815301</id>
  <Combined_episodenumber>3</Combined_episodenumber>
  <Combined_season>3</Combined_season>
  <DVD_chapter></DVD_chapter>
  <DVD_discid></DVD_discid>
  <DVD_episodenumber></DVD_episodenumber>
  <DVD_season></DVD_season>
  <Director>Michael W. Watkins</Director>
  <EpImgFlag>7</EpImgFlag>
  <EpisodeName>Coma Chameleon</EpisodeName>
  <EpisodeNumber>3</EpisodeNumber>
  <FirstAired>2010-04-14</FirstAired>
  <GuestStars>Allison Janney</GuestStars>
  <IMDB_ID>tt1603620</IMDB_ID>
  <Language>en</Language>
  <Overview>ATF agent Wade Guthrie is shot and left for dead by gun trader Jasper Malone. After three years in a coma, he wakes to find the world he left behind has drastically changed.
</Overview>
  <ProductionCode></ProductionCode>
  <Rating>7.9</Rating>
  <RatingCount>15</RatingCount>
  <SeasonNumber>3</SeasonNumber>
  <Writer>Kim Newton</Writer>
  <absolute_number></absolute_number>
  <filename>episodes/82155/1815301.jpg</filename>
  <lastupdated>1341655750</lastupdated>
  <seasonid>204091</seasonid>
  <seriesid>82155</seriesid>
</Episode>
<Episode>
  <id>2022951</id>
  <Combined_episodenumber>4</Combined_episodenumber>
  <Combined_season>3</Combined_season>
  <DVD_chapter></DVD_chapter>
  <DVD_discid></DVD_discid>
  <DVD_episodenumber></DVD_episodenumber>
  <DVD_season></DVD_season>
  <Director>Michael Zinberg</Director>
  <EpImgFlag>7</EpImgFlag>
  <EpisodeName>Whistle Stop</EpisodeName>
  <EpisodeNumber>4</EpisodeNumber>
  <FirstAired>2010-04-21</FirstAired>
  <GuestStars>Steven Weber</GuestStars>
  <IMDB_ID>tt1619550</IMDB_ID>
  <Language>en</Language>
  <Overview>Mary and Marshall try to help FBI Agent Mike Faber convince his informant to enter WITSEC. Despite their best efforts, the informant refuses their protection and gets himself into a heap of trouble. After Mary, Marshall and Agent Faber save the informant from certain death, he and his family join Witsec.</Overview>
  <ProductionCode></ProductionCode>
  <Rating>7.5</Rating>
  <RatingCount>11</RatingCount>
  <SeasonNumber>3</SeasonNumber>
  <Writer>David Maples, Lynne E. Litt</Writer>
  <absolute_number></absolute_number>
  <filename>episodes/82155/2022951.jpg</filename>
  <lastupdated>1341656122</lastupdated>
  <seasonid>204091</seasonid>
  <seriesid>82155</seriesid>
</Episode>
<Episode>
  <id>2022971</id>
  <Combined_episodenumber>5</Combined_episodenumber>
  <Combined_season>3</Combined_season>
  <DVD_chapter></DVD_chapter>
  <DVD_discid></DVD_discid>
  <DVD_episodenumber></DVD_episodenumber>
  <DVD_season></DVD_season>
  <Director>Dan Lerner</Director>
  <EpImgFlag>7</EpImgFlag>
  <EpisodeName>Fish Or Cut Betta</EpisodeName>
  <EpisodeNumber>5</EpisodeNumber>
  <FirstAired>2010-04-28</FirstAired>
  <GuestStars>Cristián de la Fuente</GuestStars>
  <IMDB_ID>tt1622765</IMDB_ID>
  <Language>en</Language>
  <Overview>Mary’s new witness falls in love for the first time; Mary must stop her witness from taking out his pain in the form of an explosive device.</Overview>
  <ProductionCode></ProductionCode>
  <Rating>7.5</Rating>
  <RatingCount>13</RatingCount>
  <SeasonNumber>3</SeasonNumber>
  <Writer>David Maples, Dailyn Rodriguez</Writer>
  <absolute_number></absolute_number>
  <filename>episodes/82155/2022971.jpg</filename>
  <lastupdated>1341656103</lastupdated>
  <seasonid>204091</seasonid>
  <seriesid>82155</seriesid>
</Episode>
<Episode>
  <id>2106341</id>
  <Combined_episodenumber>6</Combined_episodenumber>
  <Combined_season>3</Combined_season>
  <DVD_chapter></DVD_chapter>
  <DVD_discid></DVD_discid>
  <DVD_episodenumber></DVD_episodenumber>
  <DVD_season></DVD_season>
  <Director>Jerry Levine</Director>
  <EpImgFlag>7</EpImgFlag>
  <EpisodeName>No Clemency for Old Men</EpisodeName>
  <EpisodeNumber>6</EpisodeNumber>
  <FirstAired>2010-05-05</FirstAired>
  <GuestStars>Joshua Malina</GuestStars>
  <IMDB_ID>tt1622766</IMDB_ID>
  <Language>en</Language>
  <Overview>Mary tries to help a parolee acclimate to life outside of prison after having spent 38 years behind bars while Marshall helps out when one of Mary's witnesses no longer wants to work with her. </Overview>
  <ProductionCode></ProductionCode>
  <Rating>7.7</Rating>
  <RatingCount>13</RatingCount>
  <SeasonNumber>3</SeasonNumber>
  <Writer>David Maples, Jim D. Gray</Writer>
  <absolute_number></absolute_number>
  <filename>episodes/82155/2106341.jpg</filename>
  <lastupdated>1341656082</lastupdated>
  <seasonid>204091</seasonid>
  <seriesid>82155</seriesid>
</Episode>
<Episode>
  <id>2106351</id>
  <Combined_episodenumber>7</Combined_episodenumber>
  <Combined_season>3</Combined_season>
  <DVD_chapter></DVD_chapter>
  <DVD_discid></DVD_discid>
  <DVD_episodenumber></DVD_episodenumber>
  <DVD_season></DVD_season>
  <Director>Deran Sarafian</Director>
  <EpImgFlag>2</EpImgFlag>
  <EpisodeName>Love's Faber Lost</EpisodeName>
  <EpisodeNumber>7</EpisodeNumber>
  <FirstAired>2010-05-12</FirstAired>
  <GuestStars>Steven Weber, Alexandra Lydon, Peter Onorati, Sasha Roiz, Dmitri S. Boudrine, Judith Rane, Shenita Moore, Joshua Santana, Sheila Kelley</GuestStars>
  <IMDB_ID>tt1631584</IMDB_ID>
  <Language>en</Language>
  <Overview>Mary's new witness is part of a mortgage fraud ring and is an important link in the case of FBI Agent Faber.</Overview>
  <ProductionCode></ProductionCode>
  <Rating>7.9</Rating>
  <RatingCount>14</RatingCount>
  <SeasonNumber>3</SeasonNumber>
  <Writer>Lynne E. Litt</Writer>
  <absolute_number></absolute_number>
  <filename>episodes/82155/2106351.jpg</filename>
  <lastupdated>1341656067</lastupdated>
  <seasonid>204091</seasonid>
  <seriesid>82155</seriesid>
</Episode>
<Episode>
  <id>2106361</id>
  <Combined_episodenumber>8</Combined_episodenumber>
  <Combined_season>3</Combined_season>
  <DVD_chapter></DVD_chapter>
  <DVD_discid></DVD_discid>
  <DVD_episodenumber></DVD_episodenumber>
  <DVD_season></DVD_season>
  <Director>Anton Cropper</Director>
  <EpImgFlag>7</EpImgFlag>
  <EpisodeName>Son Of Mann</EpisodeName>
  <EpisodeNumber>8</EpisodeNumber>
  <FirstAired>2010-05-19</FirstAired>
  <GuestStars>Joshua Malina, Geoff Pierson, and Aaron Ashmore</GuestStars>
  <IMDB_ID>tt1654280</IMDB_ID>
  <Language>en</Language>
  <Overview>Marshall is being evaluated in the field by his father (Geoff Pierson) during a joint fugitive operation. Mary meets Brandi's secret friend. </Overview>
  <ProductionCode>308</ProductionCode>
  <Rating>7.8</Rating>
  <RatingCount>12</RatingCount>
  <SeasonNumber>3</SeasonNumber>
  <Writer>Brynn Malone</Writer>
  <absolute_number></absolute_number>
  <filename>episodes/82155/2106361.jpg</filename>
  <lastupdated>1341656051</lastupdated>
  <seasonid>204091</seasonid>
  <seriesid>82155</seriesid>
</Episode>
<Episode>
  <id>2106371</id>
  <Combined_episodenumber>9</Combined_episodenumber>
  <Combined_season>3</Combined_season>
  <DVD_chapter></DVD_chapter>
  <DVD_discid></DVD_discid>
  <DVD_episodenumber></DVD_episodenumber>
  <DVD_season></DVD_season>
  <Director>Bethany Rooney</Director>
  <EpImgFlag>7</EpImgFlag>
  <EpisodeName>Death Becomes Her</EpisodeName>
  <EpisodeNumber>9</EpisodeNumber>
  <FirstAired>2010-06-02</FirstAired>
  <GuestStars>Laura San Giacomo| Michael Badalucco</GuestStars>
  <IMDB_ID>tt1661990</IMDB_ID>
  <Language>en</Language>
  <Overview>A woman wants to escape from her family, who are heavily involved in organized crime, but a secret from her past puts her eligibility for the Witness Protection program in jeopardy.</Overview>
  <ProductionCode>309</ProductionCode>
  <Rating>8.1</Rating>
  <RatingCount>12</RatingCount>
  <SeasonNumber>3</SeasonNumber>
  <Writer>David Maples|Kim Newton</Writer>
  <absolute_number></absolute_number>
  <filename>episodes/82155/2106371.jpg</filename>
  <lastupdated>1341656035</lastupdated>
  <seasonid>204091</seasonid>
  <seriesid>82155</seriesid>
</Episode>
<Episode>
  <id>2106381</id>
  <Combined_episodenumber>10</Combined_episodenumber>
  <Combined_season>3</Combined_season>
  <DVD_chapter></DVD_chapter>
  <DVD_discid></DVD_discid>
  <DVD_episodenumber></DVD_episodenumber>
  <DVD_season></DVD_season>
  <Director>Dan Lerner</Director>
  <EpImgFlag>7</EpImgFlag>
  <EpisodeName>Her Days Are Numbered</EpisodeName>
  <EpisodeNumber>10</EpisodeNumber>
  <FirstAired>2010-06-09</FirstAired>
  <GuestStars>Aaron Ashmore, Karina Logue, Yeniffer Behrens</GuestStars>
  <IMDB_ID>tt1662565</IMDB_ID>
  <Language>en</Language>
  <Overview>A witness with Aspergers who has no social filter and can't lie stymies Mary, particularly when the witness refuses to testify against her only friend – the key conspirator in a numbers case. Meanwhile, Marshall and Stan race to figure out why an Immigration and Customs Enforcement agent is holding up the visa of a key witness before she is deported. Plus, Brandi reveals her plan for the money she made by investing with Scott.</Overview>
  <ProductionCode>310</ProductionCode>
  <Rating>7.6</Rating>
  <RatingCount>11</RatingCount>
  <SeasonNumber>3</SeasonNumber>
  <Writer>Matthew J. Lieberman, Dailyn Rodriguez</Writer>
  <absolute_number></absolute_number>
  <filename>episodes/82155/2106381.jpg</filename>
  <lastupdated>1341656012</lastupdated>
  <seasonid>204091</seasonid>
  <seriesid>82155</seriesid>
</Episode>
<Episode>
  <id>2106391</id>
  <Combined_episodenumber>11</Combined_episodenumber>
  <Combined_season>3</Combined_season>
  <DVD_chapter></DVD_chapter>
  <DVD_discid></DVD_discid>
  <DVD_episodenumber></DVD_episodenumber>
  <DVD_season></DVD_season>
  <Director>Bryan Spicer</Director>
  <EpImgFlag>7</EpImgFlag>
  <EpisodeName>The Born Identity</EpisodeName>
  <EpisodeNumber>11</EpisodeNumber>
  <FirstAired>2010-06-16</FirstAired>
  <GuestStars>Peter Alpert</GuestStars>
  <IMDB_ID>tt1662566</IMDB_ID>
  <Language>en</Language>
  <Overview>Mary helps her latest witness, a homeless man who's struggling with the program, find his birth parents. But the search could cause more problems than she anticipated. Elsewhere, Scott asks to borrow more money, raising a red flag for Brandi.</Overview>
  <ProductionCode>311</ProductionCode>
  <Rating>7.8</Rating>
  <RatingCount>10</RatingCount>
  <SeasonNumber>3</SeasonNumber>
  <Writer>Brynn Malone, Kim Newton</Writer>
  <absolute_number></absolute_number>
  <filename>episodes/82155/2106391.jpg</filename>
  <lastupdated>1341655993</lastupdated>
  <seasonid>204091</seasonid>
  <seriesid>82155</seriesid>
</Episode>
<Episode>
  <id>2106401</id>
  <Combined_episodenumber>12</Combined_episodenumber>
  <Combined_season>3</Combined_season>
  <DVD_chapter></DVD_chapter>
  <DVD_discid></DVD_discid>
  <DVD_episodenumber></DVD_episodenumber>
  <DVD_season></DVD_season>
  <Director>Tawnia McKiernan</Director>
  <EpImgFlag>7</EpImgFlag>
  <EpisodeName>WITSEC Stepmother</EpisodeName>
  <EpisodeNumber>12</EpisodeNumber>
  <FirstAired>2010-06-23</FirstAired>
  <GuestStars>Aaron Ashmore</GuestStars>
  <IMDB_ID>tt1662567</IMDB_ID>
  <Language>en</Language>
  <Overview>Mary keeps an eye on a teen witness whose separated parents are too distracted by their own issues to pay attention to their daughter. Marshall thinks a witness may have betrayed his brother; and Brandi tends to Scott after he's attacked. </Overview>
  <ProductionCode>312</ProductionCode>
  <Rating>8.0</Rating>
  <RatingCount>10</RatingCount>
  <SeasonNumber>3</SeasonNumber>
  <Writer>Matthew J. Lieberman, Dailyn Rodriguez</Writer>
  <absolute_number></absolute_number>
  <filename>episodes/82155/2106401.jpg</filename>
  <lastupdated>1341655970</lastupdated>
  <seasonid>204091</seasonid>
  <seriesid>82155</seriesid>
</Episode>
<Episode>
  <id>2106411</id>
  <Combined_episodenumber>13</Combined_episodenumber>
  <Combined_season>3</Combined_season>
  <DVD_chapter></DVD_chapter>
  <DVD_discid></DVD_discid>
  <DVD_episodenumber></DVD_episodenumber>
  <DVD_season></DVD_season>
  <Director>Michael Owen Morris</Director>
  <EpImgFlag>3</EpImgFlag>
  <EpisodeName>A Priest Walks Into A Bar</EpisodeName>
  <EpisodeNumber>13</EpisodeNumber>
  <FirstAired>2010-06-30</FirstAired>
  <GuestStars>Todd Williams</GuestStars>
  <IMDB_ID>tt1662564</IMDB_ID>
  <Language>en</Language>
  <Overview>After a priest witnesses the murder of a parishioner, he will have to give up his special vocation in order to enter WITSEC. </Overview>
  <ProductionCode>313</ProductionCode>
  <Rating>7.6</Rating>
  <RatingCount>8</RatingCount>
  <SeasonNumber>3</SeasonNumber>
  <Writer>John Cockrell</Writer>
  <absolute_number></absolute_number>
  <filename>episodes/82155/2106411.jpg</filename>
  <lastupdated>1341655956</lastupdated>
  <seasonid>204091</seasonid>
  <seriesid>82155</seriesid>
</Episode>
<Episode>
  <id>3551391</id>
  <Combined_episodenumber>1</Combined_episodenumber>
  <Combined_season>4</Combined_season>
  <DVD_chapter></DVD_chapter>
  <DVD_discid></DVD_discid>
  <DVD_episodenumber></DVD_episodenumber>
  <DVD_season></DVD_season>
  <Director>Dan Lerner</Director>
  <EpImgFlag>2</EpImgFlag>
  <EpisodeName>The Art of the Steal</EpisodeName>
  <EpisodeNumber>1</EpisodeNumber>
  <FirstAired>2011-05-01</FirstAired>
  <GuestStars>Rachel Boston</GuestStars>
  <IMDB_ID>tt1836447</IMDB_ID>
  <Language>en</Language>
  <Overview>Mary uses a thief to catch a thief when she asks a witness to consult on a crime in order to exonerate Brandi of grand theft auto.</Overview>
  <ProductionCode></ProductionCode>
  <Rating>7.8</Rating>
  <RatingCount>12</RatingCount>
  <SeasonNumber>4</SeasonNumber>
  <Writer>Ed Decter</Writer>
  <absolute_number></absolute_number>
  <filename>episodes/82155/3551391.jpg</filename>
  <lastupdated>1339333826</lastupdated>
  <seasonid>406631</seasonid>
  <seriesid>82155</seriesid>
</Episode>
<Episode>
  <id>4081216</id>
  <Combined_episodenumber>2</Combined_episodenumber>
  <Combined_season>4</Combined_season>
  <DVD_chapter></DVD_chapter>
  <DVD_discid></DVD_discid>
  <DVD_episodenumber></DVD_episodenumber>
  <DVD_season></DVD_season>
  <Director>Matthew Penn</Director>
  <EpImgFlag>3</EpImgFlag>
  <EpisodeName>Crazy Like a Witness</EpisodeName>
  <EpisodeNumber>2</EpisodeNumber>
  <FirstAired>2011-05-08</FirstAired>
  <GuestStars></GuestStars>
  <IMDB_ID>tt1911967</IMDB_ID>
  <Language>en</Language>
  <Overview>Mary's paranoid witness wants to reconnect with his son.</Overview>
  <ProductionCode></ProductionCode>
  <Rating>7.9</Rating>
  <RatingCount>14</RatingCount>
  <SeasonNumber>4</SeasonNumber>
  <Writer>Barry M. Schkolnick</Writer>
  <absolute_number></absolute_number>
  <filename>episodes/82155/4081216.jpg</filename>
  <lastupdated>1340746012</lastupdated>
  <seasonid>406631</seasonid>
  <seriesid>82155</seriesid>
</Episode>
<Episode>
  <id>4081217</id>
  <Combined_episodenumber>3</Combined_episodenumber>
  <Combined_season>4</Combined_season>
  <DVD_chapter></DVD_chapter>
  <DVD_discid></DVD_discid>
  <DVD_episodenumber></DVD_episodenumber>
  <DVD_season></DVD_season>
  <Director>Michael Schultz</Director>
  <EpImgFlag>2</EpImgFlag>
  <EpisodeName>Love in the Time of Colorado</EpisodeName>
  <EpisodeNumber>3</EpisodeNumber>
  <FirstAired>2011-05-15</FirstAired>
  <GuestStars></GuestStars>
  <IMDB_ID>tt1917796</IMDB_ID>
  <Language>en</Language>
  <Overview>Mary is caught between a witness and a suspect.</Overview>
  <ProductionCode></ProductionCode>
  <Rating>7.9</Rating>
  <RatingCount>14</RatingCount>
  <SeasonNumber>4</SeasonNumber>
  <Writer>John Cockrell</Writer>
  <absolute_number></absolute_number>
  <filename>episodes/82155/4081217.jpg</filename>
  <lastupdated>1340746070</lastupdated>
  <seasonid>406631</seasonid>
  <seriesid>82155</seriesid>
</Episode>
<Episode>
  <id>4081218</id>
  <Combined_episodenumber>4</Combined_episodenumber>
  <Combined_season>4</Combined_season>
  <DVD_chapter></DVD_chapter>
  <DVD_discid></DVD_discid>
  <DVD_episodenumber></DVD_episodenumber>
  <DVD_season></DVD_season>
  <Director>Jan Eliasberg</Director>
  <EpImgFlag>2</EpImgFlag>
  <EpisodeName>Meet the Shannons</EpisodeName>
  <EpisodeNumber>4</EpisodeNumber>
  <FirstAired>2011-05-22</FirstAired>
  <GuestStars></GuestStars>
  <IMDB_ID>tt1870847</IMDB_ID>
  <Language>en</Language>
  <Overview>A beauty pageant queen finds out that she's spent most of her life in witness protection</Overview>
  <ProductionCode></ProductionCode>
  <Rating>7.9</Rating>
  <RatingCount>12</RatingCount>
  <SeasonNumber>4</SeasonNumber>
  <Writer>Brynn Malone</Writer>
  <absolute_number></absolute_number>
  <filename>episodes/82155/4081218.jpg</filename>
  <lastupdated>1340746107</lastupdated>
  <seasonid>406631</seasonid>
  <seriesid>82155</seriesid>
</Episode>
<Episode>
  <id>4083418</id>
  <Combined_episodenumber>5</Combined_episodenumber>
  <Combined_season>4</Combined_season>
  <DVD_chapter></DVD_chapter>
  <DVD_discid></DVD_discid>
  <DVD_episodenumber></DVD_episodenumber>
  <DVD_season></DVD_season>
  <Director>Andy Wolk</Director>
  <EpImgFlag>2</EpImgFlag>
  <EpisodeName>Second Crime Around</EpisodeName>
  <EpisodeNumber>5</EpisodeNumber>
  <FirstAired>2011-06-05</FirstAired>
  <GuestStars></GuestStars>
  <IMDB_ID>tt1917794</IMDB_ID>
  <Language>en</Language>
  <Overview>Mary works with an unapologetic con artist.</Overview>
  <ProductionCode></ProductionCode>
  <Rating>7.9</Rating>
  <RatingCount>12</RatingCount>
  <SeasonNumber>4</SeasonNumber>
  <Writer>Mike Weiss</Writer>
  <absolute_number></absolute_number>
  <filename>episodes/82155/4083418.jpg</filename>
  <lastupdated>1340746140</lastupdated>
  <seasonid>406631</seasonid>
  <seriesid>82155</seriesid>
</Episode>
<Episode>
  <id>4083419</id>
  <Combined_episodenumber>6</Combined_episodenumber>
  <Combined_season>4</Combined_season>
  <DVD_chapter></DVD_chapter>
  <DVD_discid></DVD_discid>
  <DVD_episodenumber></DVD_episodenumber>
  <DVD_season></DVD_season>
  <Director>Dan Lerner</Director>
  <EpImgFlag>3</EpImgFlag>
  <EpisodeName>Something's A-mish</EpisodeName>
  <EpisodeNumber>6</EpisodeNumber>
  <FirstAired>2011-06-12</FirstAired>
  <GuestStars></GuestStars>
  <IMDB_ID>tt1917795</IMDB_ID>
  <Language>en</Language>
  <Overview>An Amish witness comes into the program and must learn to adapt.</Overview>
  <ProductionCode></ProductionCode>
  <Rating>8.3</Rating>
  <RatingCount>11</RatingCount>
  <SeasonNumber>4</SeasonNumber>
  <Writer>Barry M. Schkolnick</Writer>
  <absolute_number></absolute_number>
  <filename>episodes/82155/4083419.jpg</filename>
  <lastupdated>1345804119</lastupdated>
  <seasonid>406631</seasonid>
  <seriesid>82155</seriesid>
</Episode>
<Episode>
  <id>4083420</id>
  <Combined_episodenumber>7</Combined_episodenumber>
  <Combined_season>4</Combined_season>
  <DVD_chapter></DVD_chapter>
  <DVD_discid></DVD_discid>
  <DVD_episodenumber></DVD_episodenumber>
  <DVD_season></DVD_season>
  <Director>Michael W. Watkins</Director>
  <EpImgFlag>2</EpImgFlag>
  <EpisodeName>I'm a Liver Not a Fighter</EpisodeName>
  <EpisodeNumber>7</EpisodeNumber>
  <FirstAired>2011-06-19</FirstAired>
  <GuestStars></GuestStars>
  <IMDB_ID>tt1919902</IMDB_ID>
  <Language>en</Language>
  <Overview>A terminally ill father wants to reconcile with his children.</Overview>
  <ProductionCode></ProductionCode>
  <Rating>8.3</Rating>
  <RatingCount>12</RatingCount>
  <SeasonNumber>4</SeasonNumber>
  <Writer>Michael Reisz</Writer>
  <absolute_number></absolute_number>
  <filename>episodes/82155/4083420.jpg</filename>
  <lastupdated>1345890063</lastupdated>
  <seasonid>406631</seasonid>
  <seriesid>82155</seriesid>
</Episode>
<Episode>
  <id>4083421</id>
  <Combined_episodenumber>8</Combined_episodenumber>
  <Combined_season>4</Combined_season>
  <DVD_chapter></DVD_chapter>
  <DVD_discid></DVD_discid>
  <DVD_episodenumber></DVD_episodenumber>
  <DVD_season></DVD_season>
  <Director>Michael Fields</Director>
  <EpImgFlag>3</EpImgFlag>
  <EpisodeName>Kumar vs. Kumar</EpisodeName>
  <EpisodeNumber>8</EpisodeNumber>
  <FirstAired>2011-06-26</FirstAired>
  <GuestStars></GuestStars>
  <IMDB_ID>tt1910058</IMDB_ID>
  <Language>en</Language>
  <Overview>Mary plays marriage councilor in order to mediate a WITSEC divorce. Not only must she reconcile a stubborn witness, but also thousands of years of Hindu tradition, in order to save the case and keep a family out of danger.</Overview>
  <ProductionCode></ProductionCode>
  <Rating>8.3</Rating>
  <RatingCount>13</RatingCount>
  <SeasonNumber>4</SeasonNumber>
  <Writer>Rupa Magge</Writer>
  <absolute_number></absolute_number>
  <filename>episodes/82155/4083421.jpg</filename>
  <lastupdated>1340746265</lastupdated>
  <seasonid>406631</seasonid>
  <seriesid>82155</seriesid>
</Episode>
<Episode>
  <id>4083422</id>
  <Combined_episodenumber>9</Combined_episodenumber>
  <Combined_season>4</Combined_season>
  <DVD_chapter></DVD_chapter>
  <DVD_discid></DVD_discid>
  <DVD_episodenumber></DVD_episodenumber>
  <DVD_season></DVD_season>
  <Director>David Warren</Director>
  <EpImgFlag>3</EpImgFlag>
  <EpisodeName>The Rolling Stones</EpisodeName>
  <EpisodeNumber>9</EpisodeNumber>
  <FirstAired>2011-07-10</FirstAired>
  <GuestStars></GuestStars>
  <IMDB_ID>tt1925861</IMDB_ID>
  <Language>en</Language>
  <Overview>Mary gets a WITSEC two-fer, when a witness is forced to enter the program after being mistaken for his &quot;evil&quot; twin brother. Not only must she protect the pair from their enemies, but also from each other. </Overview>
  <ProductionCode></ProductionCode>
  <Rating>8.1</Rating>
  <RatingCount>10</RatingCount>
  <SeasonNumber>4</SeasonNumber>
  <Writer>Sarah Wise</Writer>
  <absolute_number></absolute_number>
  <filename>episodes/82155/4083422.jpg</filename>
  <lastupdated>1340746307</lastupdated>
  <seasonid>406631</seasonid>
  <seriesid>82155</seriesid>
</Episode>
<Episode>
  <id>4130760</id>
  <Combined_episodenumber>10</Combined_episodenumber>
  <Combined_season>4</Combined_season>
  <DVD_chapter></DVD_chapter>
  <DVD_discid></DVD_discid>
  <DVD_episodenumber></DVD_episodenumber>
  <DVD_season></DVD_season>
  <Director>Lee Rose</Director>
  <EpImgFlag>2</EpImgFlag>
  <EpisodeName>Girls, Interrupted</EpisodeName>
  <EpisodeNumber>10</EpisodeNumber>
  <FirstAired>2011-07-17</FirstAired>
  <GuestStars></GuestStars>
  <IMDB_ID>tt1923214</IMDB_ID>
  <Language>en</Language>
  <Overview>Marshall and Stan contend with a rock-star witness and her controlling mother while Mary is away on a WITSEC-mandated road trip.</Overview>
  <ProductionCode></ProductionCode>
  <Rating>7.8</Rating>
  <RatingCount>12</RatingCount>
  <SeasonNumber>4</SeasonNumber>
  <Writer>Natalie Chaidez</Writer>
  <absolute_number></absolute_number>
  <filename>episodes/82155/4130760.jpg</filename>
  <lastupdated>1339334165</lastupdated>
  <seasonid>406631</seasonid>
  <seriesid>82155</seriesid>
</Episode>
<Episode>
  <id>4130761</id>
  <Combined_episodenumber>11</Combined_episodenumber>
  <Combined_season>4</Combined_season>
  <DVD_chapter></DVD_chapter>
  <DVD_discid></DVD_discid>
  <DVD_episodenumber></DVD_episodenumber>
  <DVD_season></DVD_season>
  <Director>Bryan Spicer</Director>
  <EpImgFlag>2</EpImgFlag>
  <EpisodeName>Provo-cation</EpisodeName>
  <EpisodeNumber>11</EpisodeNumber>
  <FirstAired>2011-07-24</FirstAired>
  <GuestStars></GuestStars>
  <IMDB_ID>tt1952400</IMDB_ID>
  <Language>en</Language>
  <Overview>Mary helps protect a guilt-ridden Army veteran; Marshall &amp; Abigail consider the next step.</Overview>
  <ProductionCode></ProductionCode>
  <Rating>8.3</Rating>
  <RatingCount>9</RatingCount>
  <SeasonNumber>4</SeasonNumber>
  <Writer>Barbara Nance</Writer>
  <absolute_number></absolute_number>
  <filename>episodes/82155/4130761.jpg</filename>
  <lastupdated>1339334185</lastupdated>
  <seasonid>406631</seasonid>
  <seriesid>82155</seriesid>
</Episode>
<Episode>
  <id>4130762</id>
  <Combined_episodenumber>12</Combined_episodenumber>
  <Combined_season>4</Combined_season>
  <DVD_chapter></DVD_chapter>
  <DVD_discid></DVD_discid>
  <DVD_episodenumber></DVD_episodenumber>
  <DVD_season></DVD_season>
  <Director>Bethany Rooney</Director>
  <EpImgFlag>3</EpImgFlag>
  <EpisodeName>A Womb With a View</EpisodeName>
  <EpisodeNumber>12</EpisodeNumber>
  <FirstAired>2011-07-31</FirstAired>
  <GuestStars></GuestStars>
  <IMDB_ID>tt1952399</IMDB_ID>
  <Language>en</Language>
  <Overview>Mary protects a courtesan from the gangster father of her baby.</Overview>
  <ProductionCode></ProductionCode>
  <Rating>8.4</Rating>
  <RatingCount>7</RatingCount>
  <SeasonNumber>4</SeasonNumber>
  <Writer>Natalie Chaidez</Writer>
  <absolute_number></absolute_number>
  <filename>episodes/82155/4130762.jpg</filename>
  <lastupdated>1340746360</lastupdated>
  <seasonid>406631</seasonid>
  <seriesid>82155</seriesid>
</Episode>
<Episode>
  <id>4130763</id>
  <Combined_episodenumber>13</Combined_episodenumber>
  <Combined_season>4</Combined_season>
  <DVD_chapter></DVD_chapter>
  <DVD_discid></DVD_discid>
  <DVD_episodenumber></DVD_episodenumber>
  <DVD_season></DVD_season>
  <Director>Michael Morris| Michael Owen Morris</Director>
  <EpImgFlag>3</EpImgFlag>
  <EpisodeName>Something Borrowed, Something Blew Up</EpisodeName>
  <EpisodeNumber>13</EpisodeNumber>
  <FirstAired>2011-08-07</FirstAired>
  <GuestStars></GuestStars>
  <IMDB_ID>tt1971877</IMDB_ID>
  <Language>en</Language>
  <Overview>Mary must protect her least favorite witnesses on the day of her sister's wedding.</Overview>
  <ProductionCode></ProductionCode>
  <Rating>8.1</Rating>
  <RatingCount>13</RatingCount>
  <SeasonNumber>4</SeasonNumber>
  <Writer>Mike Weiss</Writer>
  <absolute_number></absolute_number>
  <filename>episodes/82155/4130763.jpg</filename>
  <lastupdated>1343842109</lastupdated>
  <seasonid>406631</seasonid>
  <seriesid>82155</seriesid>
</Episode>
<Episode>
  <id>4150518</id>
  <Combined_episodenumber>1</Combined_episodenumber>
  <Combined_season>5</Combined_season>
  <DVD_chapter></DVD_chapter>
  <DVD_discid></DVD_discid>
  <DVD_episodenumber></DVD_episodenumber>
  <DVD_season></DVD_season>
  <Director>Dan Lerner</Director>
  <EpImgFlag>2</EpImgFlag>
  <EpisodeName>The Anti-Social Network</EpisodeName>
  <EpisodeNumber>1</EpisodeNumber>
  <FirstAired>2012-03-16</FirstAired>
  <GuestStars></GuestStars>
  <IMDB_ID>tt2286489</IMDB_ID>
  <Language>en</Language>
  <Overview>Mary sees whether she can balance motherhood with a demanding profession and a dysfunctional home life, or if she will put her baby up for adoption. </Overview>
  <ProductionCode></ProductionCode>
  <Rating>7.9</Rating>
  <RatingCount>11</RatingCount>
  <SeasonNumber>5</SeasonNumber>
  <Writer>Natalie Chaidez</Writer>
  <absolute_number></absolute_number>
  <filename>episodes/82155/4150518.jpg</filename>
  <lastupdated>1353266384</lastupdated>
  <seasonid>471692</seasonid>
  <seriesid>82155</seriesid>
</Episode>
<Episode>
  <id>4150519</id>
  <Combined_episodenumber>2</Combined_episodenumber>
  <Combined_season>5</Combined_season>
  <DVD_chapter></DVD_chapter>
  <DVD_discid></DVD_discid>
  <DVD_episodenumber></DVD_episodenumber>
  <DVD_season></DVD_season>
  <Director>Andy Wolk</Director>
  <EpImgFlag>2</EpImgFlag>
  <EpisodeName>Four Marshals and a Baby</EpisodeName>
  <EpisodeNumber>2</EpisodeNumber>
  <FirstAired>2012-03-23</FirstAired>
  <GuestStars></GuestStars>
  <IMDB_ID>tt2185939</IMDB_ID>
  <Language>en</Language>
  <Overview>With Jinx out of town and Mark busy with a last minute business trip, Mary has no choice but to head to work with Norah in tow. But when Mary arrives, Delia points out the obvious: Mary can't be with Norah and a witness at the same time. Meanwhile, Marshall and Abigail are trying to determine whether or not Kristi Owens should enter WITSEC and Associate Director Campbell gives Stan some surprising news about the future of the Albuquerque office.</Overview>
  <ProductionCode></ProductionCode>
  <Rating>8.1</Rating>
  <RatingCount>11</RatingCount>
  <SeasonNumber>5</SeasonNumber>
  <Writer>Gina Gold| Aurorae Khoo</Writer>
  <absolute_number></absolute_number>
  <filename>episodes/82155/4150519.jpg</filename>
  <lastupdated>1354834273</lastupdated>
  <seasonid>471692</seasonid>
  <seriesid>82155</seriesid>
</Episode>
<Episode>
  <id>4150520</id>
  <Combined_episodenumber>3</Combined_episodenumber>
  <Combined_season>5</Combined_season>
  <DVD_chapter></DVD_chapter>
  <DVD_discid></DVD_discid>
  <DVD_episodenumber></DVD_episodenumber>
  <DVD_season></DVD_season>
  <Director>Dan Lerner</Director>
  <EpImgFlag>2</EpImgFlag>
  <EpisodeName>Reservations, I've Got a Few</EpisodeName>
  <EpisodeNumber>3</EpisodeNumber>
  <FirstAired>2012-03-30</FirstAired>
  <GuestStars></GuestStars>
  <IMDB_ID>tt2259667</IMDB_ID>
  <Language>en</Language>
  <Overview>When Marshall's witness escapes from the WITSEC offices and disappears on an Indian Reservation, Mary and Marshall will need the help of a Native American detective to track him down.</Overview>
  <ProductionCode></ProductionCode>
  <Rating>8.3</Rating>
  <RatingCount>11</RatingCount>
  <SeasonNumber>5</SeasonNumber>
  <Writer>Mike Weiss</Writer>
  <absolute_number></absolute_number>
  <filename>episodes/82155/4150520.jpg</filename>
  <lastupdated>1354834315</lastupdated>
  <seasonid>471692</seasonid>
  <seriesid>82155</seriesid>
</Episode>
<Episode>
  <id>4150521</id>
  <Combined_episodenumber>4</Combined_episodenumber>
  <Combined_season>5</Combined_season>
  <DVD_chapter></DVD_chapter>
  <DVD_discid></DVD_discid>
  <DVD_episodenumber></DVD_episodenumber>
  <DVD_season></DVD_season>
  <Director>Michael Fields</Director>
  <EpImgFlag>2</EpImgFlag>
  <EpisodeName>The Merry Wives of WITSEC</EpisodeName>
  <EpisodeNumber>4</EpisodeNumber>
  <FirstAired>2012-04-06</FirstAired>
  <GuestStars>Stacey Oristano</GuestStars>
  <IMDB_ID>tt2291301</IMDB_ID>
  <Language>en</Language>
  <Overview>Mary protects a bigamist not only from his former employer, but also his two wives. In WITSEC, cheating the black market can be dangerous; but cheating on multiple wives is a death sentence.</Overview>
  <ProductionCode></ProductionCode>
  <Rating>8.1</Rating>
  <RatingCount>10</RatingCount>
  <SeasonNumber>5</SeasonNumber>
  <Writer>Natalie Chaidez</Writer>
  <absolute_number></absolute_number>
  <filename>episodes/82155/4150521.jpg</filename>
  <lastupdated>1357655503</lastupdated>
  <seasonid>471692</seasonid>
  <seriesid>82155</seriesid>
</Episode>
<Episode>
  <id>4150522</id>
  <Combined_episodenumber>5</Combined_episodenumber>
  <Combined_season>5</Combined_season>
  <DVD_chapter></DVD_chapter>
  <DVD_discid></DVD_discid>
  <DVD_episodenumber></DVD_episodenumber>
  <DVD_season></DVD_season>
  <Director>Bethany Rooney</Director>
  <EpImgFlag>3</EpImgFlag>
  <EpisodeName>Drag Me to Hell</EpisodeName>
  <EpisodeNumber>5</EpisodeNumber>
  <FirstAired>2012-04-13</FirstAired>
  <GuestStars></GuestStars>
  <IMDB_ID>tt2300151</IMDB_ID>
  <Language>en</Language>
  <Overview>Even with Joanna babysitting Norah and Brandi addressing her alcohol problems in rehab, things are still chaotic in Mary's life. Douglas Hampton/Harvey, a drag performer, joins the program after accidentally interrupting a drug deal between a club manager and a member of a dangerous drug cartel. The team tells Douglas that he must leave Kandy and his performance act behind, but the frustration of his new life sends him back onto the stage and into the spotlight. 
</Overview>
  <ProductionCode></ProductionCode>
  <Rating>8.5</Rating>
  <RatingCount>10</RatingCount>
  <SeasonNumber>5</SeasonNumber>
  <Writer>Michael Reisz</Writer>
  <absolute_number></absolute_number>
  <filename>episodes/82155/4150522.jpg</filename>
  <lastupdated>1357655262</lastupdated>
  <seasonid>471692</seasonid>
  <seriesid>82155</seriesid>
</Episode>
<Episode>
  <id>4150523</id>
  <Combined_episodenumber>6</Combined_episodenumber>
  <Combined_season>5</Combined_season>
  <DVD_chapter></DVD_chapter>
  <DVD_discid></DVD_discid>
  <DVD_episodenumber></DVD_episodenumber>
  <DVD_season></DVD_season>
  <Director>Dan Lerner</Director>
  <EpImgFlag>2</EpImgFlag>
  <EpisodeName>The Medal of Mary</EpisodeName>
  <EpisodeNumber>6</EpisodeNumber>
  <FirstAired>2012-04-20</FirstAired>
  <GuestStars></GuestStars>
  <IMDB_ID>tt2279891</IMDB_ID>
  <Language>en</Language>
  <Overview>Mary is still reeling from the flood of emotions stirred-up after having to arrest her father, James, when he unexpectedly shows up on her doorstep after being AWOL for 30 years. Bad goes to worse when Special Agent Robert O'Connor, Mary's &quot;favorite&quot; FBI agent, demands her assistance to get James to provide critical information regarding his old partner-in-crime, Cormack “Sully” Sullivan, one of the FBI's 10 Most Wanted.</Overview>
  <ProductionCode></ProductionCode>
  <Rating>8.1</Rating>
  <RatingCount>10</RatingCount>
  <SeasonNumber>5</SeasonNumber>
  <Writer>John Cockrell</Writer>
  <absolute_number></absolute_number>
  <filename>episodes/82155/4150523.jpg</filename>
  <lastupdated>1357655303</lastupdated>
  <seasonid>471692</seasonid>
  <seriesid>82155</seriesid>
</Episode>
<Episode>
  <id>4150524</id>
  <Combined_episodenumber>7</Combined_episodenumber>
  <Combined_season>5</Combined_season>
  <DVD_chapter></DVD_chapter>
  <DVD_discid></DVD_discid>
  <DVD_episodenumber></DVD_episodenumber>
  <DVD_season></DVD_season>
  <Director>Michael W. Watkins</Director>
  <EpImgFlag>2</EpImgFlag>
  <EpisodeName>Sacrificial Lam</EpisodeName>
  <EpisodeNumber>7</EpisodeNumber>
  <FirstAired>2012-04-27</FirstAired>
  <GuestStars></GuestStars>
  <IMDB_ID>tt2301679</IMDB_ID>
  <Language>en</Language>
  <Overview>Having slipped through the fingers of the FBI, James Shannon is on the run again and heading for the border, but first he must stop to take care of a little unfinished business. Agent O'Connor, convinced that she was somehow involved in James' escape, places Mary under investigation, but when he refuses to listen to her suggestions about the possible whereabouts of her father.</Overview>
  <ProductionCode></ProductionCode>
  <Rating>8.3</Rating>
  <RatingCount>10</RatingCount>
  <SeasonNumber>5</SeasonNumber>
  <Writer>Mike Weiss</Writer>
  <absolute_number></absolute_number>
  <filename>episodes/82155/4150524.jpg</filename>
  <lastupdated>1358287220</lastupdated>
  <seasonid>471692</seasonid>
  <seriesid>82155</seriesid>
</Episode>
<Episode>
  <id>4150525</id>
  <Combined_episodenumber>8</Combined_episodenumber>
  <Combined_season>5</Combined_season>
  <DVD_chapter></DVD_chapter>
  <DVD_discid></DVD_discid>
  <DVD_episodenumber></DVD_episodenumber>
  <DVD_season></DVD_season>
  <Director>Dan Lerner</Director>
  <EpImgFlag>2</EpImgFlag>
  <EpisodeName>All's Well That Ends</EpisodeName>
  <EpisodeNumber>8</EpisodeNumber>
  <FirstAired>2012-05-04</FirstAired>
  <GuestStars></GuestStars>
  <IMDB_ID>tt2314501</IMDB_ID>
  <Language>en</Language>
  <Overview>Series Finale: Drastic changes take place at the Albuquerque WITSEC office. Mary finds herself caught between a witness and an unexpected family reunion.</Overview>
  <ProductionCode></ProductionCode>
  <Rating>7.9</Rating>
  <RatingCount>9</RatingCount>
  <SeasonNumber>5</SeasonNumber>
  <Writer>William Fredrick</Writer>
  <absolute_number></absolute_number>
  <filename>episodes/82155/4150525.jpg</filename>
  <lastupdated>1336582656</lastupdated>
  <seasonid>471692</seasonid>
  <seriesid>82155</seriesid>
</Episode>
</Data>