<?xml version="1.0" encoding="UTF-8" ?>
<Actors>
<Actor>
  <id>104861</id>
  <Image>actors/104861.jpg</Image>
  <Name>Chris O'Donnell</Name>
  <Role>&quot;G&quot; Callen</Role>
  <SortOrder>0</SortOrder>
</Actor>
<Actor>
  <id>104871</id>
  <Image>actors/104871.jpg</Image>
  <Name>LL COOL J</Name>
  <Role>Sam Hanna</Role>
  <SortOrder>1</SortOrder>
</Actor>
<Actor>
  <id>104891</id>
  <Image>actors/104891.jpg</Image>
  <Name>Daniela Ruah</Name>
  <Role>Kensi Blye</Role>
  <SortOrder>2</SortOrder>
</Actor>
<Actor>
  <id>216231</id>
  <Image>actors/216231.jpg</Image>
  <Name>Renée Felice Smith</Name>
  <Role>Nell Jones</Role>
  <SortOrder>3</SortOrder>
</Actor>
<Actor>
  <id>216221</id>
  <Image>actors/216221.jpg</Image>
  <Name>Eric Christian Olsen</Name>
  <Role>Marty Deeks</Role>
  <SortOrder>3</SortOrder>
</Actor>
<Actor>
  <id>152871</id>
  <Image>actors/152871.jpg</Image>
  <Name>Barrett Foa</Name>
  <Role>Eric Beale</Role>
  <SortOrder>3</SortOrder>
</Actor>
<Actor>
  <id>116481</id>
  <Image>actors/116481.jpg</Image>
  <Name>Adam Jamal Craig</Name>
  <Role>Dominic Vail</Role>
  <SortOrder>3</SortOrder>
</Actor>
<Actor>
  <id>116471</id>
  <Image>actors/116471.jpg</Image>
  <Name>Linda Hunt</Name>
  <Role>Henrietta &quot;Hetty&quot; Lange</Role>
  <SortOrder>3</SortOrder>
</Actor>
<Actor>
  <id>104901</id>
  <Image>actors/104901.jpg</Image>
  <Name>Peter Cambor</Name>
  <Role>Nate Getz</Role>
  <SortOrder>3</SortOrder>
</Actor>
<Actor>
  <id>104881</id>
  <Image>actors/104881.jpg</Image>
  <Name>Rocky Carroll</Name>
  <Role>Leon Vance</Role>
  <SortOrder>3</SortOrder>
</Actor>
</Actors>