<?xml version="1.0" encoding="UTF-8" ?>
<Banners>
<Banner>
  <id>866480</id>
  <BannerPath>fanart/original/248942-1.jpg</BannerPath>
  <BannerType>fanart</BannerType>
  <BannerType2>1920x1080</BannerType2>
  <Colors></Colors>
  <Language>en</Language>
  <Rating>8.6667</Rating>
  <RatingCount>3</RatingCount>
  <SeriesName>false</SeriesName>
  <ThumbnailPath>_cache/fanart/original/248942-1.jpg</ThumbnailPath>
  <VignettePath>fanart/vignette/248942-1.jpg</VignettePath>
</Banner>
<Banner>
  <id>869246</id>
  <BannerPath>fanart/original/248942-2.jpg</BannerPath>
  <BannerType>fanart</BannerType>
  <BannerType2>1920x1080</BannerType2>
  <Colors></Colors>
  <Language>en</Language>
  <Rating>8.0000</Rating>
  <RatingCount>1</RatingCount>
  <SeriesName>false</SeriesName>
  <ThumbnailPath>_cache/fanart/original/248942-2.jpg</ThumbnailPath>
  <VignettePath>fanart/vignette/248942-2.jpg</VignettePath>
</Banner>
<Banner>
  <id>878101</id>
  <BannerPath>posters/248942-2.jpg</BannerPath>
  <BannerType>poster</BannerType>
  <BannerType2>680x1000</BannerType2>
  <Language>en</Language>
  <Rating>6.0000</Rating>
  <RatingCount>1</RatingCount>
</Banner>
<Banner>
  <id>877321</id>
  <BannerPath>seasons/248942-1.jpg</BannerPath>
  <BannerType>season</BannerType>
  <BannerType2>season</BannerType2>
  <Language>en</Language>
  <Rating>10.0000</Rating>
  <RatingCount>1</RatingCount>
  <Season>1</Season>
</Banner>
<Banner>
  <id>875084</id>
  <BannerPath>graphical/248942-g2.jpg</BannerPath>
  <BannerType>series</BannerType>
  <BannerType2>graphical</BannerType2>
  <Language>en</Language>
  <Rating>8.3333</Rating>
  <RatingCount>3</RatingCount>
</Banner>
<Banner>
  <id>875086</id>
  <BannerPath>graphical/248942-g3.jpg</BannerPath>
  <BannerType>series</BannerType>
  <BannerType2>graphical</BannerType2>
  <Language>en</Language>
  <Rating>6.5000</Rating>
  <RatingCount>2</RatingCount>
</Banner>
<Banner>
  <id>875087</id>
  <BannerPath>graphical/248942-g4.jpg</BannerPath>
  <BannerType>series</BannerType>
  <BannerType2>graphical</BannerType2>
  <Language>en</Language>
  <Rating>6.3333</Rating>
  <RatingCount>3</RatingCount>
</Banner>
<Banner>
  <id>873948</id>
  <BannerPath>graphical/248942-g.jpg</BannerPath>
  <BannerType>series</BannerType>
  <BannerType2>graphical</BannerType2>
  <Language>en</Language>
  <Rating>5.5000</Rating>
  <RatingCount>4</RatingCount>
</Banner>
</Banners>