<?xml version="1.0" encoding="UTF-8" ?>
<Data><Series>
  <id>248942</id>
  <Actors>|Hank Azaria|Kathryn Hahn|</Actors>
  <Airs_DayOfWeek>Wednesday</Airs_DayOfWeek>
  <Airs_Time>8:30 PM</Airs_Time>
  <ContentRating>TV-14</ContentRating>
  <FirstAired>2011-09-14</FirstAired>
  <Genre>|Comedy|</Genre>
  <IMDB_ID>tt1839481</IMDB_ID>
  <Language>en</Language>
  <Network>NBC</Network>
  <NetworkID></NetworkID>
  <Overview>This crooked workplace/romantic comedy proves you can try to put yourself back out there, but sometimes what you need is right in front of you. Even if it's a really bad idea.</Overview>
  <Rating>8.3</Rating>
  <RatingCount>4</RatingCount>
  <Runtime>30</Runtime>
  <SeriesID>248942</SeriesID>
  <SeriesName>Free Agents (US)</SeriesName>
  <Status>Ended</Status>
  <added>2011-05-21 21:08:49</added>
  <addedBy>235881</addedBy>
  <banner>graphical/248942-g2.jpg</banner>
  <fanart>fanart/original/248942-1.jpg</fanart>
  <lastupdated>1339535561</lastupdated>
  <poster>posters/248942-2.jpg</poster>
  <zap2it_id>EP01419069</zap2it_id>
</Series>
<Episode>
  <id>4342954</id>
  <Combined_episodenumber>0</Combined_episodenumber>
  <Combined_season>1</Combined_season>
  <DVD_chapter></DVD_chapter>
  <DVD_discid></DVD_discid>
  <DVD_episodenumber></DVD_episodenumber>
  <DVD_season></DVD_season>
  <Director></Director>
  <EpImgFlag></EpImgFlag>
  <EpisodeName>Sneak Peek</EpisodeName>
  <EpisodeNumber>0</EpisodeNumber>
  <FirstAired></FirstAired>
  <GuestStars></GuestStars>
  <IMDB_ID></IMDB_ID>
  <Language>en</Language>
  <Overview></Overview>
  <ProductionCode></ProductionCode>
  <Rating></Rating>
  <RatingCount>0</RatingCount>
  <SeasonNumber>1</SeasonNumber>
  <Writer></Writer>
  <absolute_number></absolute_number>
  <filename></filename>
  <lastupdated>1339535712</lastupdated>
  <seasonid>466428</seasonid>
  <seriesid>248942</seriesid>
</Episode>
<Episode>
  <id>4103606</id>
  <Combined_episodenumber>1</Combined_episodenumber>
  <Combined_season>1</Combined_season>
  <DVD_chapter></DVD_chapter>
  <DVD_discid></DVD_discid>
  <DVD_episodenumber></DVD_episodenumber>
  <DVD_season></DVD_season>
  <Director></Director>
  <EpImgFlag>2</EpImgFlag>
  <EpisodeName>Pilot</EpisodeName>
  <EpisodeNumber>1</EpisodeNumber>
  <FirstAired>2011-09-14</FirstAired>
  <GuestStars></GuestStars>
  <IMDB_ID></IMDB_ID>
  <Language>en</Language>
  <Overview>Two co-workers, both still reeling from their last relationships, try to sort out their relationship after a moment of weakness finds them in bed together.</Overview>
  <ProductionCode></ProductionCode>
  <Rating>7.1</Rating>
  <RatingCount>10</RatingCount>
  <SeasonNumber>1</SeasonNumber>
  <Writer></Writer>
  <absolute_number></absolute_number>
  <filename>episodes/248942/4103606.jpg</filename>
  <lastupdated>1316827377</lastupdated>
  <seasonid>466428</seasonid>
  <seriesid>248942</seriesid>
</Episode>
<Episode>
  <id>4127952</id>
  <Combined_episodenumber>2</Combined_episodenumber>
  <Combined_season>1</Combined_season>
  <DVD_chapter></DVD_chapter>
  <DVD_discid></DVD_discid>
  <DVD_episodenumber></DVD_episodenumber>
  <DVD_season></DVD_season>
  <Director></Director>
  <EpImgFlag>2</EpImgFlag>
  <EpisodeName>What I Did for Work</EpisodeName>
  <EpisodeNumber>2</EpisodeNumber>
  <FirstAired>2011-09-21</FirstAired>
  <GuestStars></GuestStars>
  <IMDB_ID></IMDB_ID>
  <Language>en</Language>
  <Overview>Alex asks Dan and Gregg to help him entice a client to stay with Hale Dayton; Emma tries to charm a man who works in the building.</Overview>
  <ProductionCode></ProductionCode>
  <Rating>7.9</Rating>
  <RatingCount>8</RatingCount>
  <SeasonNumber>1</SeasonNumber>
  <Writer></Writer>
  <absolute_number></absolute_number>
  <filename>episodes/248942/4127952.jpg</filename>
  <lastupdated>1316827507</lastupdated>
  <seasonid>466428</seasonid>
  <seriesid>248942</seriesid>
</Episode>
<Episode>
  <id>4170490</id>
  <Combined_episodenumber>3</Combined_episodenumber>
  <Combined_season>1</Combined_season>
  <DVD_chapter></DVD_chapter>
  <DVD_discid></DVD_discid>
  <DVD_episodenumber></DVD_episodenumber>
  <DVD_season></DVD_season>
  <Director></Director>
  <EpImgFlag>2</EpImgFlag>
  <EpisodeName>Dr. Hu</EpisodeName>
  <EpisodeNumber>3</EpisodeNumber>
  <FirstAired>2011-09-28</FirstAired>
  <GuestStars></GuestStars>
  <IMDB_ID></IMDB_ID>
  <Language>en</Language>
  <Overview>Stephen enlists Emma to help on an important pitch presentation. Meanwhile, Helen visits a therapist (Ian Anthony Dale), only to develop romantic feelings for the sightly doctor.</Overview>
  <ProductionCode></ProductionCode>
  <Rating>8.0</Rating>
  <RatingCount>4</RatingCount>
  <SeasonNumber>1</SeasonNumber>
  <Writer></Writer>
  <absolute_number></absolute_number>
  <filename>episodes/248942/4170490.jpg</filename>
  <lastupdated>1317369891</lastupdated>
  <seasonid>466428</seasonid>
  <seriesid>248942</seriesid>
</Episode>
<Episode>
  <id>4170948</id>
  <Combined_episodenumber>4</Combined_episodenumber>
  <Combined_season>1</Combined_season>
  <DVD_chapter></DVD_chapter>
  <DVD_discid></DVD_discid>
  <DVD_episodenumber></DVD_episodenumber>
  <DVD_season></DVD_season>
  <Director></Director>
  <EpImgFlag>2</EpImgFlag>
  <EpisodeName>Rebranding</EpisodeName>
  <EpisodeNumber>4</EpisodeNumber>
  <FirstAired>2011-10-05</FirstAired>
  <GuestStars></GuestStars>
  <IMDB_ID></IMDB_ID>
  <Language>en</Language>
  <Overview>The team assists a client caught having an affair; Dan, Gregg, Emma and Helen create an online profile for Alex.</Overview>
  <ProductionCode></ProductionCode>
  <Rating>7.7</Rating>
  <RatingCount>3</RatingCount>
  <SeasonNumber>1</SeasonNumber>
  <Writer></Writer>
  <absolute_number></absolute_number>
  <filename>episodes/248942/4170948.jpg</filename>
  <lastupdated>1317903734</lastupdated>
  <seasonid>466428</seasonid>
  <seriesid>248942</seriesid>
</Episode>
<Episode>
  <id>4180436</id>
  <Combined_episodenumber>5</Combined_episodenumber>
  <Combined_season>1</Combined_season>
  <DVD_chapter></DVD_chapter>
  <DVD_discid></DVD_discid>
  <DVD_episodenumber></DVD_episodenumber>
  <DVD_season></DVD_season>
  <Director></Director>
  <EpImgFlag></EpImgFlag>
  <EpisodeName>Nice Guys Finish ... At Some Point</EpisodeName>
  <EpisodeNumber>5</EpisodeNumber>
  <FirstAired></FirstAired>
  <GuestStars></GuestStars>
  <IMDB_ID></IMDB_ID>
  <Language>en</Language>
  <Overview>When the team heads to bars to do research for a new sherry campaign, Alex is frustrated by Dan's success with women; Helen starts hanging out with Emma and her friends after work.</Overview>
  <ProductionCode></ProductionCode>
  <Rating>7.0</Rating>
  <RatingCount>1</RatingCount>
  <SeasonNumber>1</SeasonNumber>
  <Writer></Writer>
  <absolute_number></absolute_number>
  <filename></filename>
  <lastupdated>1327396186</lastupdated>
  <seasonid>466428</seasonid>
  <seriesid>248942</seriesid>
</Episode>
<Episode>
  <id>4187822</id>
  <Combined_episodenumber>6</Combined_episodenumber>
  <Combined_season>1</Combined_season>
  <DVD_chapter></DVD_chapter>
  <DVD_discid></DVD_discid>
  <DVD_episodenumber></DVD_episodenumber>
  <DVD_season></DVD_season>
  <Director></Director>
  <EpImgFlag></EpImgFlag>
  <EpisodeName>Are You There, Helen? It's Me, God</EpisodeName>
  <EpisodeNumber>6</EpisodeNumber>
  <FirstAired></FirstAired>
  <GuestStars></GuestStars>
  <IMDB_ID></IMDB_ID>
  <Language>en</Language>
  <Overview>Helen is tapped to be a Godmother and feels unprepared while the Hale Dayton team attends a competitor's funeral in search of new clients.</Overview>
  <ProductionCode></ProductionCode>
  <Rating></Rating>
  <RatingCount>0</RatingCount>
  <SeasonNumber>1</SeasonNumber>
  <Writer></Writer>
  <absolute_number></absolute_number>
  <filename></filename>
  <lastupdated>1327396198</lastupdated>
  <seasonid>466428</seasonid>
  <seriesid>248942</seriesid>
</Episode>
<Episode>
  <id>4243247</id>
  <Combined_episodenumber>7</Combined_episodenumber>
  <Combined_season>1</Combined_season>
  <DVD_chapter></DVD_chapter>
  <DVD_discid></DVD_discid>
  <DVD_episodenumber></DVD_episodenumber>
  <DVD_season></DVD_season>
  <Director></Director>
  <EpImgFlag></EpImgFlag>
  <EpisodeName>The Kids Are Probably Alright</EpisodeName>
  <EpisodeNumber>7</EpisodeNumber>
  <FirstAired></FirstAired>
  <GuestStars></GuestStars>
  <IMDB_ID></IMDB_ID>
  <Language>en</Language>
  <Overview>Alex frets when his ex-wife's successful new boyfriend dazzles his kids -- while Helen takes a new client under her wing.</Overview>
  <ProductionCode></ProductionCode>
  <Rating></Rating>
  <RatingCount>0</RatingCount>
  <SeasonNumber>1</SeasonNumber>
  <Writer></Writer>
  <absolute_number></absolute_number>
  <filename></filename>
  <lastupdated>1327396213</lastupdated>
  <seasonid>466428</seasonid>
  <seriesid>248942</seriesid>
</Episode>
<Episode>
  <id>4243251</id>
  <Combined_episodenumber>8</Combined_episodenumber>
  <Combined_season>1</Combined_season>
  <DVD_chapter></DVD_chapter>
  <DVD_discid></DVD_discid>
  <DVD_episodenumber></DVD_episodenumber>
  <DVD_season></DVD_season>
  <Director></Director>
  <EpImgFlag></EpImgFlag>
  <EpisodeName>Sexin' the Raisin</EpisodeName>
  <EpisodeNumber>8</EpisodeNumber>
  <FirstAired></FirstAired>
  <GuestStars></GuestStars>
  <IMDB_ID></IMDB_ID>
  <Language>en</Language>
  <Overview>Helen works on a campaign to make Oregon raisins more sexy while Alex strikes up a relationship with a woman in his building.</Overview>
  <ProductionCode></ProductionCode>
  <Rating></Rating>
  <RatingCount>0</RatingCount>
  <SeasonNumber>1</SeasonNumber>
  <Writer></Writer>
  <absolute_number></absolute_number>
  <filename></filename>
  <lastupdated>1327396226</lastupdated>
  <seasonid>466428</seasonid>
  <seriesid>248942</seriesid>
</Episode>
</Data>