<?xml version="1.0" encoding="UTF-8" ?>
<Actors>
<Actor>
  <id>206691</id>
  <Image>actors/206691.jpg</Image>
  <Name>Ben Rappaport</Name>
  <Role>Todd Dempsy</Role>
  <SortOrder>0</SortOrder>
</Actor>
<Actor>
  <id>206721</id>
  <Image>actors/206721.jpg</Image>
  <Name>Rebecca Hazlewood</Name>
  <Role>Asha</Role>
  <SortOrder>1</SortOrder>
</Actor>
<Actor>
  <id>206751</id>
  <Image>actors/206751.jpg</Image>
  <Name>Diedrich Bader</Name>
  <Role>Charlie Davies</Role>
  <SortOrder>2</SortOrder>
</Actor>
<Actor>
  <id>206711</id>
  <Image>actors/206711.jpg</Image>
  <Name>Sacha Dhawan</Name>
  <Role>Manmeet</Role>
  <SortOrder>2</SortOrder>
</Actor>
<Actor>
  <id>206761</id>
  <Image>actors/206761.jpg</Image>
  <Name>Pippa Black</Name>
  <Role>Tonya</Role>
  <SortOrder>3</SortOrder>
</Actor>
<Actor>
  <id>206741</id>
  <Image>actors/206741.jpg</Image>
  <Name>Anisha Nagarajan</Name>
  <Role>Madhuri</Role>
  <SortOrder>3</SortOrder>
</Actor>
<Actor>
  <id>206731</id>
  <Image>actors/206731.jpg</Image>
  <Name>Parvesh Cheena</Name>
  <Role>Gupta</Role>
  <SortOrder>3</SortOrder>
</Actor>
<Actor>
  <id>206701</id>
  <Image>actors/206701.jpg</Image>
  <Name>Rizwan Manji</Name>
  <Role>Rajiiv Gidwani</Role>
  <SortOrder>3</SortOrder>
</Actor>
</Actors>