<?xml version="1.0" encoding="UTF-8" ?>
<Banners>
<Banner>
  <id>604951</id>
  <BannerPath>fanart/original/163561-4.jpg</BannerPath>
  <BannerType>fanart</BannerType>
  <BannerType2>1920x1080</BannerType2>
  <Colors>|100,107,113|0,0,0|28,100,208|</Colors>
  <Language>de</Language>
  <Rating>9.0000</Rating>
  <RatingCount>1</RatingCount>
  <SeriesName>false</SeriesName>
  <ThumbnailPath>_cache/fanart/original/163561-4.jpg</ThumbnailPath>
  <VignettePath>fanart/vignette/163561-4.jpg</VignettePath>
</Banner>
<Banner>
  <id>772091</id>
  <BannerPath>fanart/original/163561-6.jpg</BannerPath>
  <BannerType>fanart</BannerType>
  <BannerType2>1920x1080</BannerType2>
  <Colors></Colors>
  <Language>en</Language>
  <Rating>7.0000</Rating>
  <RatingCount>1</RatingCount>
  <SeriesName>false</SeriesName>
  <ThumbnailPath>_cache/fanart/original/163561-6.jpg</ThumbnailPath>
  <VignettePath>fanart/vignette/163561-6.jpg</VignettePath>
</Banner>
<Banner>
  <id>604941</id>
  <BannerPath>fanart/original/163561-3.jpg</BannerPath>
  <BannerType>fanart</BannerType>
  <BannerType2>1920x1080</BannerType2>
  <Colors></Colors>
  <Language>de</Language>
  <Rating>6.6667</Rating>
  <RatingCount>3</RatingCount>
  <SeriesName>false</SeriesName>
  <ThumbnailPath>_cache/fanart/original/163561-3.jpg</ThumbnailPath>
  <VignettePath>fanart/vignette/163561-3.jpg</VignettePath>
</Banner>
<Banner>
  <id>495341</id>
  <BannerPath>fanart/original/163561-1.jpg</BannerPath>
  <BannerType>fanart</BannerType>
  <BannerType2>1920x1080</BannerType2>
  <Colors>|191,137,99|195,193,214|241,188,108|</Colors>
  <Language>en</Language>
  <Rating>6.5000</Rating>
  <RatingCount>4</RatingCount>
  <SeriesName>false</SeriesName>
  <ThumbnailPath>_cache/fanart/original/163561-1.jpg</ThumbnailPath>
  <VignettePath>fanart/vignette/163561-1.jpg</VignettePath>
</Banner>
<Banner>
  <id>772081</id>
  <BannerPath>fanart/original/163561-5.jpg</BannerPath>
  <BannerType>fanart</BannerType>
  <BannerType2>1920x1080</BannerType2>
  <Colors></Colors>
  <Language>en</Language>
  <Rating>6.0000</Rating>
  <RatingCount>1</RatingCount>
  <SeriesName>false</SeriesName>
  <ThumbnailPath>_cache/fanart/original/163561-5.jpg</ThumbnailPath>
  <VignettePath>fanart/vignette/163561-5.jpg</VignettePath>
</Banner>
<Banner>
  <id>604931</id>
  <BannerPath>fanart/original/163561-2.jpg</BannerPath>
  <BannerType>fanart</BannerType>
  <BannerType2>1920x1080</BannerType2>
  <Colors></Colors>
  <Language>en</Language>
  <Rating>5.0000</Rating>
  <RatingCount>1</RatingCount>
  <SeriesName>false</SeriesName>
  <ThumbnailPath>_cache/fanart/original/163561-2.jpg</ThumbnailPath>
  <VignettePath>fanart/vignette/163561-2.jpg</VignettePath>
</Banner>
<Banner>
  <id>606811</id>
  <BannerPath>posters/163561-1.jpg</BannerPath>
  <BannerType>poster</BannerType>
  <BannerType2>680x1000</BannerType2>
  <Language>en</Language>
  <Rating>8.0000</Rating>
  <RatingCount>2</RatingCount>
</Banner>
<Banner>
  <id>715301</id>
  <BannerPath>posters/163561-2.jpg</BannerPath>
  <BannerType>poster</BannerType>
  <BannerType2>680x1000</BannerType2>
  <Language>en</Language>
  <Rating>1.0000</Rating>
  <RatingCount>1</RatingCount>
</Banner>
<Banner>
  <id>866249</id>
  <BannerPath>seasons/163561-1-2.jpg</BannerPath>
  <BannerType>season</BannerType>
  <BannerType2>season</BannerType2>
  <Language>en</Language>
  <Rating>7.7500</Rating>
  <RatingCount>4</RatingCount>
  <Season>1</Season>
</Banner>
<Banner>
  <id>618401</id>
  <BannerPath>seasons/163561-1.jpg</BannerPath>
  <BannerType>season</BannerType>
  <BannerType2>season</BannerType2>
  <Language>en</Language>
  <Rating></Rating>
  <RatingCount>0</RatingCount>
  <Season>1</Season>
</Banner>
<Banner>
  <id>606801</id>
  <BannerPath>graphical/163561-g2.jpg</BannerPath>
  <BannerType>series</BannerType>
  <BannerType2>graphical</BannerType2>
  <Language>en</Language>
  <Rating>9.0000</Rating>
  <RatingCount>3</RatingCount>
</Banner>
<Banner>
  <id>606791</id>
  <BannerPath>graphical/163561-g.jpg</BannerPath>
  <BannerType>series</BannerType>
  <BannerType2>graphical</BannerType2>
  <Language>en</Language>
  <Rating>4.0000</Rating>
  <RatingCount>1</RatingCount>
</Banner>
<Banner>
  <id>715321</id>
  <BannerPath>graphical/163561-g3.jpg</BannerPath>
  <BannerType>series</BannerType>
  <BannerType2>graphical</BannerType2>
  <Language>ru</Language>
  <Rating>3.0000</Rating>
  <RatingCount>1</RatingCount>
</Banner>
</Banners>