<?xml version="1.0" encoding="UTF-8" ?>
<Actors>
<Actor>
  <id>57323</id>
  <Image>actors/57323.jpg</Image>
  <Name>Ted Danson</Name>
  <Role>Sam Malone</Role>
  <SortOrder>0</SortOrder>
</Actor>
<Actor>
  <id>57320</id>
  <Image>actors/57320.jpg</Image>
  <Name>George Wendt</Name>
  <Role>Norm Peterson</Role>
  <SortOrder>1</SortOrder>
</Actor>
<Actor>
  <id>57317</id>
  <Image>actors/57317.jpg</Image>
  <Name>Woody Harrelson</Name>
  <Role>Woody Boyd</Role>
  <SortOrder>1</SortOrder>
</Actor>
<Actor>
  <id>57322</id>
  <Image>actors/57322.jpg</Image>
  <Name>Rhea Perlman</Name>
  <Role>Carla Tortelli</Role>
  <SortOrder>3</SortOrder>
</Actor>
<Actor>
  <id>57321</id>
  <Image>actors/57321.jpg</Image>
  <Name>Bebe Neuwirth</Name>
  <Role>Dr. Lilith Sternin-Crane</Role>
  <SortOrder>3</SortOrder>
</Actor>
<Actor>
  <id>57319</id>
  <Image>actors/57319.jpg</Image>
  <Name>Shelley Long</Name>
  <Role>Diane Chambers</Role>
  <SortOrder>3</SortOrder>
</Actor>
<Actor>
  <id>57318</id>
  <Image>actors/57318.jpg</Image>
  <Name>Kirstie Alley</Name>
  <Role>Rebecca Howe</Role>
  <SortOrder>3</SortOrder>
</Actor>
<Actor>
  <id>57316</id>
  <Image>actors/57316.jpg</Image>
  <Name>John Ratzenberger</Name>
  <Role>Cliff Clavin</Role>
  <SortOrder>3</SortOrder>
</Actor>
<Actor>
  <id>57315</id>
  <Image>actors/57315.jpg</Image>
  <Name>Nicholas Colasanto</Name>
  <Role>Ernie 'Coach' Pantusso</Role>
  <SortOrder>3</SortOrder>
</Actor>
<Actor>
  <id>57314</id>
  <Image>actors/57314.jpg</Image>
  <Name>Kelsey Grammer</Name>
  <Role>Dr. Frasier Crane</Role>
  <SortOrder>3</SortOrder>
</Actor>
</Actors>