<?xml version="1.0" encoding="UTF-8" ?>
<Actors>
<Actor>
  <id>15812</id>
  <Image>actors/15812.jpg</Image>
  <Name>Tom Welling</Name>
  <Role>Clark Kent</Role>
  <SortOrder>0</SortOrder>
</Actor>
<Actor>
  <id>78064</id>
  <Image>actors/78064.jpg</Image>
  <Name>Erica Durance</Name>
  <Role>Lois Lane</Role>
  <SortOrder>1</SortOrder>
</Actor>
<Actor>
  <id>15808</id>
  <Image>actors/15808.jpg</Image>
  <Name>Allison Mack</Name>
  <Role>Chloe Sullivan</Role>
  <SortOrder>2</SortOrder>
</Actor>
<Actor>
  <id>80871</id>
  <Image>actors/80871.jpg</Image>
  <Name>Sam Witwer</Name>
  <Role>Davis Bloome</Role>
  <SortOrder>3</SortOrder>
</Actor>
<Actor>
  <id>80870</id>
  <Image>actors/80870.jpg</Image>
  <Name>Justin Hartley</Name>
  <Role>Oliver Queen</Role>
  <SortOrder>3</SortOrder>
</Actor>
<Actor>
  <id>80869</id>
  <Image>actors/80869.jpg</Image>
  <Name>Cassidy Freeman</Name>
  <Role>Tess Mercer</Role>
  <SortOrder>3</SortOrder>
</Actor>
<Actor>
  <id>78066</id>
  <Image>actors/78066.jpg</Image>
  <Name>Laura Vandervoort</Name>
  <Role>Kara</Role>
  <SortOrder>3</SortOrder>
</Actor>
<Actor>
  <id>78065</id>
  <Image>actors/78065.jpg</Image>
  <Name>Aaron Ashmore</Name>
  <Role>Jimmy Olsen</Role>
  <SortOrder>3</SortOrder>
</Actor>
<Actor>
  <id>15814</id>
  <Image>actors/15814.jpg</Image>
  <Name>Eric Johnson</Name>
  <Role>Whitney Fordman</Role>
  <SortOrder>3</SortOrder>
</Actor>
<Actor>
  <id>15813</id>
  <Image>actors/15813.jpg</Image>
  <Name>John Glover</Name>
  <Role>Lionel Luthor</Role>
  <SortOrder>3</SortOrder>
</Actor>
<Actor>
  <id>15811</id>
  <Image>actors/15811.jpg</Image>
  <Name>Jensen Ackles</Name>
  <Role>Jason Teague</Role>
  <SortOrder>3</SortOrder>
</Actor>
<Actor>
  <id>15810</id>
  <Image>actors/15810.jpg</Image>
  <Name>Michael Rosenbaum</Name>
  <Role>Lex Luthor</Role>
  <SortOrder>3</SortOrder>
</Actor>
<Actor>
  <id>15809</id>
  <Image>actors/15809.jpg</Image>
  <Name>John Schneider</Name>
  <Role>Jonathan Kent</Role>
  <SortOrder>3</SortOrder>
</Actor>
<Actor>
  <id>15807</id>
  <Image>actors/15807.jpg</Image>
  <Name>Samuel L. Jones</Name>
  <Role>Pete Ross</Role>
  <SortOrder>3</SortOrder>
</Actor>
<Actor>
  <id>15806</id>
  <Image>actors/15806.jpg</Image>
  <Name>Kristin Kreuk</Name>
  <Role>Lana Lang</Role>
  <SortOrder>3</SortOrder>
</Actor>
<Actor>
  <id>15805</id>
  <Image>actors/15805.jpg</Image>
  <Name>Annette O'Toole</Name>
  <Role>Martha Kent</Role>
  <SortOrder>3</SortOrder>
</Actor>
<Actor>
  <id>143901</id>
  <Image>actors/143901.jpg</Image>
  <Name>Callum Blue</Name>
  <Role>Zod</Role>
  <SortOrder>3</SortOrder>
</Actor>
<Actor>
  <id>143841</id>
  <Image>actors/143841.jpg</Image>
  <Name>James Marsters</Name>
  <Role>Milton Fine</Role>
  <SortOrder>3</SortOrder>
</Actor>
</Actors>