<?xml version="1.0" encoding="UTF-8" ?>
<Banners>
<Banner>
  <id>919569</id>
  <BannerPath>fanart/original/72218-99.jpg</BannerPath>
  <BannerType>fanart</BannerType>
  <BannerType2>1920x1080</BannerType2>
  <Colors></Colors>
  <Language>en</Language>
  <Rating>10.0000</Rating>
  <RatingCount>1</RatingCount>
  <SeriesName>false</SeriesName>
  <ThumbnailPath>_cache/fanart/original/72218-99.jpg</ThumbnailPath>
  <VignettePath>fanart/vignette/72218-99.jpg</VignettePath>
</Banner>
<Banner>
  <id>114731</id>
  <BannerPath>fanart/original/72218-47.jpg</BannerPath>
  <BannerType>fanart</BannerType>
  <BannerType2>1280x720</BannerType2>
  <Colors></Colors>
  <Language>en</Language>
  <Rating>8.5000</Rating>
  <RatingCount>4</RatingCount>
  <SeriesName>false</SeriesName>
  <ThumbnailPath>_cache/fanart/original/72218-47.jpg</ThumbnailPath>
  <VignettePath>fanart/vignette/72218-47.jpg</VignettePath>
</Banner>
<Banner>
  <id>23060</id>
  <BannerPath>fanart/original/72218-9.jpg</BannerPath>
  <BannerType>fanart</BannerType>
  <BannerType2>1280x720</BannerType2>
  <Colors>|213,225,237|8,9,11|155,162,178|</Colors>
  <Language>en</Language>
  <Rating>8.1667</Rating>
  <RatingCount>6</RatingCount>
  <SeriesName>false</SeriesName>
  <ThumbnailPath>_cache/fanart/original/72218-9.jpg</ThumbnailPath>
  <VignettePath>fanart/vignette/72218-9.jpg</VignettePath>
</Banner>
<Banner>
  <id>39796</id>
  <BannerPath>fanart/original/72218-28.jpg</BannerPath>
  <BannerType>fanart</BannerType>
  <BannerType2>1280x720</BannerType2>
  <Colors>|156,107,64|10,9,7|49,26,18|</Colors>
  <Language>en</Language>
  <Rating>8.0909</Rating>
  <RatingCount>11</RatingCount>
  <SeriesName>false</SeriesName>
  <ThumbnailPath>_cache/fanart/original/72218-28.jpg</ThumbnailPath>
  <VignettePath>fanart/vignette/72218-28.jpg</VignettePath>
</Banner>
<Banner>
  <id>490471</id>
  <BannerPath>fanart/original/72218-82.jpg</BannerPath>
  <BannerType>fanart</BannerType>
  <BannerType2>1280x720</BannerType2>
  <Colors>|11,26,29|183,213,215|10,20,22|</Colors>
  <Language>en</Language>
  <Rating>7.5000</Rating>
  <RatingCount>8</RatingCount>
  <SeriesName>false</SeriesName>
  <ThumbnailPath>_cache/fanart/original/72218-82.jpg</ThumbnailPath>
  <VignettePath>fanart/vignette/72218-82.jpg</VignettePath>
</Banner>
<Banner>
  <id>28047</id>
  <BannerPath>fanart/original/72218-15.jpg</BannerPath>
  <BannerType>fanart</BannerType>
  <BannerType2>1280x720</BannerType2>
  <Colors></Colors>
  <Language>en</Language>
  <Rating>7.5000</Rating>
  <RatingCount>2</RatingCount>
  <SeriesName>false</SeriesName>
  <ThumbnailPath>_cache/fanart/original/72218-15.jpg</ThumbnailPath>
  <VignettePath>fanart/vignette/72218-15.jpg</VignettePath>
</Banner>
<Banner>
  <id>134581</id>
  <BannerPath>fanart/original/72218-52.jpg</BannerPath>
  <BannerType>fanart</BannerType>
  <BannerType2>1280x720</BannerType2>
  <Colors></Colors>
  <Language>de</Language>
  <Rating>7.5000</Rating>
  <RatingCount>2</RatingCount>
  <SeriesName>false</SeriesName>
  <ThumbnailPath>_cache/fanart/original/72218-52.jpg</ThumbnailPath>
  <VignettePath>fanart/vignette/72218-52.jpg</VignettePath>
</Banner>
<Banner>
  <id>328561</id>
  <BannerPath>fanart/original/72218-67.jpg</BannerPath>
  <BannerType>fanart</BannerType>
  <BannerType2>1920x1080</BannerType2>
  <Colors></Colors>
  <Language>en</Language>
  <Rating>7.5000</Rating>
  <RatingCount>4</RatingCount>
  <SeriesName>false</SeriesName>
  <ThumbnailPath>_cache/fanart/original/72218-67.jpg</ThumbnailPath>
  <VignettePath>fanart/vignette/72218-67.jpg</VignettePath>
</Banner>
<Banner>
  <id>359821</id>
  <BannerPath>fanart/original/72218-69.jpg</BannerPath>
  <BannerType>fanart</BannerType>
  <BannerType2>1280x720</BannerType2>
  <Colors>|46,15,20|56,9,51|25,30,34|</Colors>
  <Language>en</Language>
  <Rating>7.4286</Rating>
  <RatingCount>7</RatingCount>
  <SeriesName>true</SeriesName>
  <ThumbnailPath>_cache/fanart/original/72218-69.jpg</ThumbnailPath>
  <VignettePath>fanart/vignette/72218-69.jpg</VignettePath>
</Banner>
<Banner>
  <id>32235</id>
  <BannerPath>fanart/original/72218-18.jpg</BannerPath>
  <BannerType>fanart</BannerType>
  <BannerType2>1920x1080</BannerType2>
  <Colors>|226,123,44|123,26,17|247,196,151|</Colors>
  <Language>en</Language>
  <Rating>7.4000</Rating>
  <RatingCount>10</RatingCount>
  <SeriesName>false</SeriesName>
  <ThumbnailPath>_cache/fanart/original/72218-18.jpg</ThumbnailPath>
  <VignettePath>fanart/vignette/72218-18.jpg</VignettePath>
</Banner>
<Banner>
  <id>20108</id>
  <BannerPath>fanart/original/72218-1.jpg</BannerPath>
  <BannerType>fanart</BannerType>
  <BannerType2>1280x720</BannerType2>
  <Colors>|196,210,223|23,43,50|45,93,116|</Colors>
  <Language>en</Language>
  <Rating>7.3333</Rating>
  <RatingCount>9</RatingCount>
  <SeriesName>false</SeriesName>
  <ThumbnailPath>_cache/fanart/original/72218-1.jpg</ThumbnailPath>
  <VignettePath>fanart/vignette/72218-1.jpg</VignettePath>
</Banner>
<Banner>
  <id>28046</id>
  <BannerPath>fanart/original/72218-14.jpg</BannerPath>
  <BannerType>fanart</BannerType>
  <BannerType2>1280x720</BannerType2>
  <Colors></Colors>
  <Language>en</Language>
  <Rating>7.3333</Rating>
  <RatingCount>3</RatingCount>
  <SeriesName>false</SeriesName>
  <ThumbnailPath>_cache/fanart/original/72218-14.jpg</ThumbnailPath>
  <VignettePath>fanart/vignette/72218-14.jpg</VignettePath>
</Banner>
<Banner>
  <id>33392</id>
  <BannerPath>fanart/original/72218-20.jpg</BannerPath>
  <BannerType>fanart</BannerType>
  <BannerType2>1280x720</BannerType2>
  <Colors>|255,239,193|6,2,3|255,165,53|</Colors>
  <Language>en</Language>
  <Rating>7.0000</Rating>
  <RatingCount>4</RatingCount>
  <SeriesName>false</SeriesName>
  <ThumbnailPath>_cache/fanart/original/72218-20.jpg</ThumbnailPath>
  <VignettePath>fanart/vignette/72218-20.jpg</VignettePath>
</Banner>
<Banner>
  <id>20438</id>
  <BannerPath>fanart/original/72218-4.jpg</BannerPath>
  <BannerType>fanart</BannerType>
  <BannerType2>1280x720</BannerType2>
  <Colors></Colors>
  <Language>en</Language>
  <Rating>7.0000</Rating>
  <RatingCount>2</RatingCount>
  <SeriesName>false</SeriesName>
  <ThumbnailPath>_cache/fanart/original/72218-4.jpg</ThumbnailPath>
  <VignettePath>fanart/vignette/72218-4.jpg</VignettePath>
</Banner>
<Banner>
  <id>20519</id>
  <BannerPath>fanart/original/72218-6.jpg</BannerPath>
  <BannerType>fanart</BannerType>
  <BannerType2>1280x720</BannerType2>
  <Colors>|162,147,104|24,25,29|64,39,34|</Colors>
  <Language>en</Language>
  <Rating>7.0000</Rating>
  <RatingCount>3</RatingCount>
  <SeriesName>false</SeriesName>
  <ThumbnailPath>_cache/fanart/original/72218-6.jpg</ThumbnailPath>
  <VignettePath>fanart/vignette/72218-6.jpg</VignettePath>
</Banner>
<Banner>
  <id>369851</id>
  <BannerPath>fanart/original/72218-57.jpg</BannerPath>
  <BannerType>fanart</BannerType>
  <BannerType2>1920x1080</BannerType2>
  <Colors>|78,44,6|79,79,79|227,11,16|</Colors>
  <Language>en</Language>
  <Rating>7.0000</Rating>
  <RatingCount>1</RatingCount>
  <SeriesName>true</SeriesName>
  <ThumbnailPath>_cache/fanart/original/72218-57.jpg</ThumbnailPath>
  <VignettePath>fanart/vignette/72218-57.jpg</VignettePath>
</Banner>
<Banner>
  <id>948769</id>
  <BannerPath>fanart/original/72218-102.jpg</BannerPath>
  <BannerType>fanart</BannerType>
  <BannerType2>1920x1080</BannerType2>
  <Colors></Colors>
  <Language>en</Language>
  <Rating>7.0000</Rating>
  <RatingCount>1</RatingCount>
  <SeriesName>false</SeriesName>
  <ThumbnailPath>_cache/fanart/original/72218-102.jpg</ThumbnailPath>
  <VignettePath>fanart/vignette/72218-102.jpg</VignettePath>
</Banner>
<Banner>
  <id>950466</id>
  <BannerPath>fanart/original/72218-103.jpg</BannerPath>
  <BannerType>fanart</BannerType>
  <BannerType2>1280x720</BannerType2>
  <Colors></Colors>
  <Language>en</Language>
  <Rating>7.0000</Rating>
  <RatingCount>1</RatingCount>
  <SeriesName>false</SeriesName>
  <ThumbnailPath>_cache/fanart/original/72218-103.jpg</ThumbnailPath>
  <VignettePath>fanart/vignette/72218-103.jpg</VignettePath>
</Banner>
<Banner>
  <id>948767</id>
  <BannerPath>fanart/original/72218-101.jpg</BannerPath>
  <BannerType>fanart</BannerType>
  <BannerType2>1920x1080</BannerType2>
  <Colors></Colors>
  <Language>en</Language>
  <Rating>7.0000</Rating>
  <RatingCount>1</RatingCount>
  <SeriesName>false</SeriesName>
  <ThumbnailPath>_cache/fanart/original/72218-101.jpg</ThumbnailPath>
  <VignettePath>fanart/vignette/72218-101.jpg</VignettePath>
</Banner>
<Banner>
  <id>20518</id>
  <BannerPath>fanart/original/72218-5.jpg</BannerPath>
  <BannerType>fanart</BannerType>
  <BannerType2>1280x720</BannerType2>
  <Colors>|109,146,165|3,22,29|60,94,106|</Colors>
  <Language>en</Language>
  <Rating>7.0000</Rating>
  <RatingCount>2</RatingCount>
  <SeriesName>false</SeriesName>
  <ThumbnailPath>_cache/fanart/original/72218-5.jpg</ThumbnailPath>
  <VignettePath>fanart/vignette/72218-5.jpg</VignettePath>
</Banner>
<Banner>
  <id>23059</id>
  <BannerPath>fanart/original/72218-8.jpg</BannerPath>
  <BannerType>fanart</BannerType>
  <BannerType2>1280x720</BannerType2>
  <Colors>|253,231,146|32,13,7|145,122,116|</Colors>
  <Language>en</Language>
  <Rating>7.0000</Rating>
  <RatingCount>5</RatingCount>
  <SeriesName>false</SeriesName>
  <ThumbnailPath>_cache/fanart/original/72218-8.jpg</ThumbnailPath>
  <VignettePath>fanart/vignette/72218-8.jpg</VignettePath>
</Banner>
<Banner>
  <id>41911</id>
  <BannerPath>fanart/original/72218-36.jpg</BannerPath>
  <BannerType>fanart</BannerType>
  <BannerType2>1280x720</BannerType2>
  <Colors></Colors>
  <Language>en</Language>
  <Rating>7.0000</Rating>
  <RatingCount>6</RatingCount>
  <SeriesName>false</SeriesName>
  <ThumbnailPath>_cache/fanart/original/72218-36.jpg</ThumbnailPath>
  <VignettePath>fanart/vignette/72218-36.jpg</VignettePath>
</Banner>
<Banner>
  <id>21467</id>
  <BannerPath>fanart/original/72218-7.jpg</BannerPath>
  <BannerType>fanart</BannerType>
  <BannerType2>1280x720</BannerType2>
  <Colors>|211,36,33|208,37,30|33,39,55|</Colors>
  <Language>en</Language>
  <Rating>7.0000</Rating>
  <RatingCount>5</RatingCount>
  <SeriesName>false</SeriesName>
  <ThumbnailPath>_cache/fanart/original/72218-7.jpg</ThumbnailPath>
  <VignettePath>fanart/vignette/72218-7.jpg</VignettePath>
</Banner>
<Banner>
  <id>399341</id>
  <BannerPath>fanart/original/72218-77.jpg</BannerPath>
  <BannerType>fanart</BannerType>
  <BannerType2>1280x720</BannerType2>
  <Colors></Colors>
  <Language>en</Language>
  <Rating>6.6667</Rating>
  <RatingCount>3</RatingCount>
  <SeriesName>false</SeriesName>
  <ThumbnailPath>_cache/fanart/original/72218-77.jpg</ThumbnailPath>
  <VignettePath>fanart/vignette/72218-77.jpg</VignettePath>
</Banner>
<Banner>
  <id>38414</id>
  <BannerPath>fanart/original/72218-29.jpg</BannerPath>
  <BannerType>fanart</BannerType>
  <BannerType2>1280x720</BannerType2>
  <Colors></Colors>
  <Language>en</Language>
  <Rating>6.6000</Rating>
  <RatingCount>5</RatingCount>
  <SeriesName>false</SeriesName>
  <ThumbnailPath>_cache/fanart/original/72218-29.jpg</ThumbnailPath>
  <VignettePath>fanart/vignette/72218-29.jpg</VignettePath>
</Banner>
<Banner>
  <id>37875</id>
  <BannerPath>fanart/original/72218-25.jpg</BannerPath>
  <BannerType>fanart</BannerType>
  <BannerType2>1280x720</BannerType2>
  <Colors></Colors>
  <Language>en</Language>
  <Rating>6.5000</Rating>
  <RatingCount>4</RatingCount>
  <SeriesName>false</SeriesName>
  <ThumbnailPath>_cache/fanart/original/72218-25.jpg</ThumbnailPath>
  <VignettePath>fanart/vignette/72218-25.jpg</VignettePath>
</Banner>
<Banner>
  <id>377401</id>
  <BannerPath>fanart/original/72218-75.jpg</BannerPath>
  <BannerType>fanart</BannerType>
  <BannerType2>1280x720</BannerType2>
  <Colors></Colors>
  <Language>en</Language>
  <Rating>6.5000</Rating>
  <RatingCount>4</RatingCount>
  <SeriesName>false</SeriesName>
  <ThumbnailPath>_cache/fanart/original/72218-75.jpg</ThumbnailPath>
  <VignettePath>fanart/vignette/72218-75.jpg</VignettePath>
</Banner>
<Banner>
  <id>37965</id>
  <BannerPath>fanart/original/72218-26.jpg</BannerPath>
  <BannerType>fanart</BannerType>
  <BannerType2>1280x720</BannerType2>
  <Colors></Colors>
  <Language>en</Language>
  <Rating>6.3333</Rating>
  <RatingCount>3</RatingCount>
  <SeriesName>false</SeriesName>
  <ThumbnailPath>_cache/fanart/original/72218-26.jpg</ThumbnailPath>
  <VignettePath>fanart/vignette/72218-26.jpg</VignettePath>
</Banner>
<Banner>
  <id>37872</id>
  <BannerPath>fanart/original/72218-22.jpg</BannerPath>
  <BannerType>fanart</BannerType>
  <BannerType2>1920x1080</BannerType2>
  <Colors></Colors>
  <Language>en</Language>
  <Rating>6.3333</Rating>
  <RatingCount>3</RatingCount>
  <SeriesName>false</SeriesName>
  <ThumbnailPath>_cache/fanart/original/72218-22.jpg</ThumbnailPath>
  <VignettePath>fanart/vignette/72218-22.jpg</VignettePath>
</Banner>
<Banner>
  <id>40440</id>
  <BannerPath>fanart/original/72218-35.jpg</BannerPath>
  <BannerType>fanart</BannerType>
  <BannerType2>1920x1080</BannerType2>
  <Colors>|86,94,70|53,44,35|121,95,70|</Colors>
  <Language>en</Language>
  <Rating>6.3333</Rating>
  <RatingCount>6</RatingCount>
  <SeriesName>false</SeriesName>
  <ThumbnailPath>_cache/fanart/original/72218-35.jpg</ThumbnailPath>
  <VignettePath>fanart/vignette/72218-35.jpg</VignettePath>
</Banner>
<Banner>
  <id>20257</id>
  <BannerPath>fanart/original/72218-2.jpg</BannerPath>
  <BannerType>fanart</BannerType>
  <BannerType2>1280x720</BannerType2>
  <Colors>|49,60,66|204,184,173|82,40,52|</Colors>
  <Language>en</Language>
  <Rating>6.2500</Rating>
  <RatingCount>4</RatingCount>
  <SeriesName>false</SeriesName>
  <ThumbnailPath>_cache/fanart/original/72218-2.jpg</ThumbnailPath>
  <VignettePath>fanart/vignette/72218-2.jpg</VignettePath>
</Banner>
<Banner>
  <id>29904</id>
  <BannerPath>fanart/original/72218-17.jpg</BannerPath>
  <BannerType>fanart</BannerType>
  <BannerType2>1280x720</BannerType2>
  <Colors></Colors>
  <Language>en</Language>
  <Rating>6.0000</Rating>
  <RatingCount>1</RatingCount>
  <SeriesName>false</SeriesName>
  <ThumbnailPath>_cache/fanart/original/72218-17.jpg</ThumbnailPath>
  <VignettePath>fanart/vignette/72218-17.jpg</VignettePath>
</Banner>
<Banner>
  <id>26802</id>
  <BannerPath>fanart/original/72218-11.jpg</BannerPath>
  <BannerType>fanart</BannerType>
  <BannerType2>1280x720</BannerType2>
  <Colors>|211,209,220|59,67,70|134,92,68|</Colors>
  <Language>en</Language>
  <Rating>6.0000</Rating>
  <RatingCount>1</RatingCount>
  <SeriesName>false</SeriesName>
  <ThumbnailPath>_cache/fanart/original/72218-11.jpg</ThumbnailPath>
  <VignettePath>fanart/vignette/72218-11.jpg</VignettePath>
</Banner>
<Banner>
  <id>509691</id>
  <BannerPath>fanart/original/72218-84.jpg</BannerPath>
  <BannerType>fanart</BannerType>
  <BannerType2>1280x720</BannerType2>
  <Colors></Colors>
  <Language>en</Language>
  <Rating>6.0000</Rating>
  <RatingCount>3</RatingCount>
  <SeriesName>false</SeriesName>
  <ThumbnailPath>_cache/fanart/original/72218-84.jpg</ThumbnailPath>
  <VignettePath>fanart/vignette/72218-84.jpg</VignettePath>
</Banner>
<Banner>
  <id>173441</id>
  <BannerPath>fanart/original/72218-58.jpg</BannerPath>
  <BannerType>fanart</BannerType>
  <BannerType2>1920x1080</BannerType2>
  <Colors></Colors>
  <Language>en</Language>
  <Rating>6.0000</Rating>
  <RatingCount>1</RatingCount>
  <SeriesName>true</SeriesName>
  <ThumbnailPath>_cache/fanart/original/72218-58.jpg</ThumbnailPath>
  <VignettePath>fanart/vignette/72218-58.jpg</VignettePath>
</Banner>
<Banner>
  <id>37706</id>
  <BannerPath>fanart/original/72218-24.jpg</BannerPath>
  <BannerType>fanart</BannerType>
  <BannerType2>1280x720</BannerType2>
  <Colors>|255,255,255|212,208,207|235,216,201|</Colors>
  <Language>en</Language>
  <Rating>6.0000</Rating>
  <RatingCount>3</RatingCount>
  <SeriesName>false</SeriesName>
  <ThumbnailPath>_cache/fanart/original/72218-24.jpg</ThumbnailPath>
  <VignettePath>fanart/vignette/72218-24.jpg</VignettePath>
</Banner>
<Banner>
  <id>948766</id>
  <BannerPath>fanart/original/72218-100.jpg</BannerPath>
  <BannerType>fanart</BannerType>
  <BannerType2>1280x720</BannerType2>
  <Colors></Colors>
  <Language>en</Language>
  <Rating>6.0000</Rating>
  <RatingCount>1</RatingCount>
  <SeriesName>false</SeriesName>
  <ThumbnailPath>_cache/fanart/original/72218-100.jpg</ThumbnailPath>
  <VignettePath>fanart/vignette/72218-100.jpg</VignettePath>
</Banner>
<Banner>
  <id>369831</id>
  <BannerPath>fanart/original/72218-70.jpg</BannerPath>
  <BannerType>fanart</BannerType>
  <BannerType2>1920x1080</BannerType2>
  <Colors></Colors>
  <Language>en</Language>
  <Rating>6.0000</Rating>
  <RatingCount>1</RatingCount>
  <SeriesName>false</SeriesName>
  <ThumbnailPath>_cache/fanart/original/72218-70.jpg</ThumbnailPath>
  <VignettePath>fanart/vignette/72218-70.jpg</VignettePath>
</Banner>
<Banner>
  <id>328591</id>
  <BannerPath>fanart/original/72218-44.jpg</BannerPath>
  <BannerType>fanart</BannerType>
  <BannerType2>1280x720</BannerType2>
  <Colors></Colors>
  <Language>en</Language>
  <Rating>6.0000</Rating>
  <RatingCount>4</RatingCount>
  <SeriesName>false</SeriesName>
  <ThumbnailPath>_cache/fanart/original/72218-44.jpg</ThumbnailPath>
  <VignettePath>fanart/vignette/72218-44.jpg</VignettePath>
</Banner>
<Banner>
  <id>253631</id>
  <BannerPath>fanart/original/72218-64.jpg</BannerPath>
  <BannerType>fanart</BannerType>
  <BannerType2>1280x720</BannerType2>
  <Colors></Colors>
  <Language>en</Language>
  <Rating>6.0000</Rating>
  <RatingCount>4</RatingCount>
  <SeriesName>false</SeriesName>
  <ThumbnailPath>_cache/fanart/original/72218-64.jpg</ThumbnailPath>
  <VignettePath>fanart/vignette/72218-64.jpg</VignettePath>
</Banner>
<Banner>
  <id>40224</id>
  <BannerPath>fanart/original/72218-34.jpg</BannerPath>
  <BannerType>fanart</BannerType>
  <BannerType2>1280x720</BannerType2>
  <Colors>|238,231,225|230,223,217|20,17,12|</Colors>
  <Language>en</Language>
  <Rating>5.8000</Rating>
  <RatingCount>5</RatingCount>
  <SeriesName>false</SeriesName>
  <ThumbnailPath>_cache/fanart/original/72218-34.jpg</ThumbnailPath>
  <VignettePath>fanart/vignette/72218-34.jpg</VignettePath>
</Banner>
<Banner>
  <id>26797</id>
  <BannerPath>fanart/original/72218-10.jpg</BannerPath>
  <BannerType>fanart</BannerType>
  <BannerType2>1280x720</BannerType2>
  <Colors>|0,75,156|2,28,61|108,122,135|</Colors>
  <Language>en</Language>
  <Rating>5.7500</Rating>
  <RatingCount>4</RatingCount>
  <SeriesName>false</SeriesName>
  <ThumbnailPath>_cache/fanart/original/72218-10.jpg</ThumbnailPath>
  <VignettePath>fanart/vignette/72218-10.jpg</VignettePath>
</Banner>
<Banner>
  <id>28044</id>
  <BannerPath>fanart/original/72218-12.jpg</BannerPath>
  <BannerType>fanart</BannerType>
  <BannerType2>1280x720</BannerType2>
  <Colors></Colors>
  <Language>en</Language>
  <Rating>5.7500</Rating>
  <RatingCount>4</RatingCount>
  <SeriesName>false</SeriesName>
  <ThumbnailPath>_cache/fanart/original/72218-12.jpg</ThumbnailPath>
  <VignettePath>fanart/vignette/72218-12.jpg</VignettePath>
</Banner>
<Banner>
  <id>28045</id>
  <BannerPath>fanart/original/72218-13.jpg</BannerPath>
  <BannerType>fanart</BannerType>
  <BannerType2>1280x720</BannerType2>
  <Colors></Colors>
  <Language>en</Language>
  <Rating>5.6667</Rating>
  <RatingCount>3</RatingCount>
  <SeriesName>false</SeriesName>
  <ThumbnailPath>_cache/fanart/original/72218-13.jpg</ThumbnailPath>
  <VignettePath>fanart/vignette/72218-13.jpg</VignettePath>
</Banner>
<Banner>
  <id>39740</id>
  <BannerPath>fanart/original/72218-31.jpg</BannerPath>
  <BannerType>fanart</BannerType>
  <BannerType2>1280x720</BannerType2>
  <Colors></Colors>
  <Language>en</Language>
  <Rating>5.5000</Rating>
  <RatingCount>2</RatingCount>
  <SeriesName>false</SeriesName>
  <ThumbnailPath>_cache/fanart/original/72218-31.jpg</ThumbnailPath>
  <VignettePath>fanart/vignette/72218-31.jpg</VignettePath>
</Banner>
<Banner>
  <id>890602</id>
  <BannerPath>fanart/original/72218-97.jpg</BannerPath>
  <BannerType>fanart</BannerType>
  <BannerType2>1920x1080</BannerType2>
  <Colors></Colors>
  <Language>es</Language>
  <Rating>5.5000</Rating>
  <RatingCount>2</RatingCount>
  <SeriesName>false</SeriesName>
  <ThumbnailPath>_cache/fanart/original/72218-97.jpg</ThumbnailPath>
  <VignettePath>fanart/vignette/72218-97.jpg</VignettePath>
</Banner>
<Banner>
  <id>38415</id>
  <BannerPath>fanart/original/72218-30.jpg</BannerPath>
  <BannerType>fanart</BannerType>
  <BannerType2>1280x720</BannerType2>
  <Colors></Colors>
  <Language>en</Language>
  <Rating>5.5000</Rating>
  <RatingCount>4</RatingCount>
  <SeriesName>false</SeriesName>
  <ThumbnailPath>_cache/fanart/original/72218-30.jpg</ThumbnailPath>
  <VignettePath>fanart/vignette/72218-30.jpg</VignettePath>
</Banner>
<Banner>
  <id>668231</id>
  <BannerPath>fanart/original/72218-90.jpg</BannerPath>
  <BannerType>fanart</BannerType>
  <BannerType2>1280x720</BannerType2>
  <Colors></Colors>
  <Language>de</Language>
  <Rating>5.5000</Rating>
  <RatingCount>2</RatingCount>
  <SeriesName>false</SeriesName>
  <ThumbnailPath>_cache/fanart/original/72218-90.jpg</ThumbnailPath>
  <VignettePath>fanart/vignette/72218-90.jpg</VignettePath>
</Banner>
<Banner>
  <id>701111</id>
  <BannerPath>fanart/original/72218-91.jpg</BannerPath>
  <BannerType>fanart</BannerType>
  <BannerType2>1280x720</BannerType2>
  <Colors></Colors>
  <Language>de</Language>
  <Rating>5.5000</Rating>
  <RatingCount>2</RatingCount>
  <SeriesName>false</SeriesName>
  <ThumbnailPath>_cache/fanart/original/72218-91.jpg</ThumbnailPath>
  <VignettePath>fanart/vignette/72218-91.jpg</VignettePath>
</Banner>
<Banner>
  <id>118271</id>
  <BannerPath>fanart/original/72218-49.jpg</BannerPath>
  <BannerType>fanart</BannerType>
  <BannerType2>1280x720</BannerType2>
  <Colors></Colors>
  <Language>de</Language>
  <Rating>5.5000</Rating>
  <RatingCount>2</RatingCount>
  <SeriesName>false</SeriesName>
  <ThumbnailPath>_cache/fanart/original/72218-49.jpg</ThumbnailPath>
  <VignettePath>fanart/vignette/72218-49.jpg</VignettePath>
</Banner>
<Banner>
  <id>134691</id>
  <BannerPath>fanart/original/72218-53.jpg</BannerPath>
  <BannerType>fanart</BannerType>
  <BannerType2>1280x720</BannerType2>
  <Colors>|160,166,164|15,15,13|193,130,138|</Colors>
  <Language>en</Language>
  <Rating>5.5000</Rating>
  <RatingCount>2</RatingCount>
  <SeriesName>true</SeriesName>
  <ThumbnailPath>_cache/fanart/original/72218-53.jpg</ThumbnailPath>
  <VignettePath>fanart/vignette/72218-53.jpg</VignettePath>
</Banner>
<Banner>
  <id>229541</id>
  <BannerPath>fanart/original/72218-60.jpg</BannerPath>
  <BannerType>fanart</BannerType>
  <BannerType2>1280x720</BannerType2>
  <Colors></Colors>
  <Language>de</Language>
  <Rating>5.4000</Rating>
  <RatingCount>5</RatingCount>
  <SeriesName>false</SeriesName>
  <ThumbnailPath>_cache/fanart/original/72218-60.jpg</ThumbnailPath>
  <VignettePath>fanart/vignette/72218-60.jpg</VignettePath>
</Banner>
<Banner>
  <id>28048</id>
  <BannerPath>fanart/original/72218-16.jpg</BannerPath>
  <BannerType>fanart</BannerType>
  <BannerType2>1280x720</BannerType2>
  <Colors></Colors>
  <Language>en</Language>
  <Rating>5.3333</Rating>
  <RatingCount>3</RatingCount>
  <SeriesName>false</SeriesName>
  <ThumbnailPath>_cache/fanart/original/72218-16.jpg</ThumbnailPath>
  <VignettePath>fanart/vignette/72218-16.jpg</VignettePath>
</Banner>
<Banner>
  <id>41915</id>
  <BannerPath>fanart/original/72218-40.jpg</BannerPath>
  <BannerType>fanart</BannerType>
  <BannerType2>1280x720</BannerType2>
  <Colors></Colors>
  <Language>en</Language>
  <Rating>5.3333</Rating>
  <RatingCount>3</RatingCount>
  <SeriesName>false</SeriesName>
  <ThumbnailPath>_cache/fanart/original/72218-40.jpg</ThumbnailPath>
  <VignettePath>fanart/vignette/72218-40.jpg</VignettePath>
</Banner>
<Banner>
  <id>377351</id>
  <BannerPath>fanart/original/72218-71.jpg</BannerPath>
  <BannerType>fanart</BannerType>
  <BannerType2>1280x720</BannerType2>
  <Colors></Colors>
  <Language>en</Language>
  <Rating>5.3333</Rating>
  <RatingCount>3</RatingCount>
  <SeriesName>false</SeriesName>
  <ThumbnailPath>_cache/fanart/original/72218-71.jpg</ThumbnailPath>
  <VignettePath>fanart/vignette/72218-71.jpg</VignettePath>
</Banner>
<Banner>
  <id>37873</id>
  <BannerPath>fanart/original/72218-23.jpg</BannerPath>
  <BannerType>fanart</BannerType>
  <BannerType2>1920x1080</BannerType2>
  <Colors></Colors>
  <Language>en</Language>
  <Rating>5.3333</Rating>
  <RatingCount>3</RatingCount>
  <SeriesName>false</SeriesName>
  <ThumbnailPath>_cache/fanart/original/72218-23.jpg</ThumbnailPath>
  <VignettePath>fanart/vignette/72218-23.jpg</VignettePath>
</Banner>
<Banner>
  <id>377371</id>
  <BannerPath>fanart/original/72218-72.jpg</BannerPath>
  <BannerType>fanart</BannerType>
  <BannerType2>1280x720</BannerType2>
  <Colors></Colors>
  <Language>en</Language>
  <Rating>5.0000</Rating>
  <RatingCount>1</RatingCount>
  <SeriesName>false</SeriesName>
  <ThumbnailPath>_cache/fanart/original/72218-72.jpg</ThumbnailPath>
  <VignettePath>fanart/vignette/72218-72.jpg</VignettePath>
</Banner>
<Banner>
  <id>162081</id>
  <BannerPath>fanart/original/72218-56.jpg</BannerPath>
  <BannerType>fanart</BannerType>
  <BannerType2>1280x720</BannerType2>
  <Colors></Colors>
  <Language>en</Language>
  <Rating>5.0000</Rating>
  <RatingCount>1</RatingCount>
  <SeriesName>false</SeriesName>
  <ThumbnailPath>_cache/fanart/original/72218-56.jpg</ThumbnailPath>
  <VignettePath>fanart/vignette/72218-56.jpg</VignettePath>
</Banner>
<Banner>
  <id>114721</id>
  <BannerPath>fanart/original/72218-46.jpg</BannerPath>
  <BannerType>fanart</BannerType>
  <BannerType2>1280x720</BannerType2>
  <Colors></Colors>
  <Language>en</Language>
  <Rating>5.0000</Rating>
  <RatingCount>1</RatingCount>
  <SeriesName>false</SeriesName>
  <ThumbnailPath>_cache/fanart/original/72218-46.jpg</ThumbnailPath>
  <VignettePath>fanart/vignette/72218-46.jpg</VignettePath>
</Banner>
<Banner>
  <id>20342</id>
  <BannerPath>fanart/original/72218-3.jpg</BannerPath>
  <BannerType>fanart</BannerType>
  <BannerType2>1280x720</BannerType2>
  <Colors>|255,255,255|56,34,36|177,168,185|</Colors>
  <Language>en</Language>
  <Rating>5.0000</Rating>
  <RatingCount>4</RatingCount>
  <SeriesName>false</SeriesName>
  <ThumbnailPath>_cache/fanart/original/72218-3.jpg</ThumbnailPath>
  <VignettePath>fanart/vignette/72218-3.jpg</VignettePath>
</Banner>
<Banner>
  <id>186961</id>
  <BannerPath>fanart/original/72218-62.jpg</BannerPath>
  <BannerType>fanart</BannerType>
  <BannerType2>1280x720</BannerType2>
  <Colors></Colors>
  <Language>de</Language>
  <Rating>5.0000</Rating>
  <RatingCount>1</RatingCount>
  <SeriesName>false</SeriesName>
  <ThumbnailPath>_cache/fanart/original/72218-62.jpg</ThumbnailPath>
  <VignettePath>fanart/vignette/72218-62.jpg</VignettePath>
</Banner>
<Banner>
  <id>259581</id>
  <BannerPath>fanart/original/72218-68.jpg</BannerPath>
  <BannerType>fanart</BannerType>
  <BannerType2>1280x720</BannerType2>
  <Colors></Colors>
  <Language>en</Language>
  <Rating>5.0000</Rating>
  <RatingCount>1</RatingCount>
  <SeriesName>false</SeriesName>
  <ThumbnailPath>_cache/fanart/original/72218-68.jpg</ThumbnailPath>
  <VignettePath>fanart/vignette/72218-68.jpg</VignettePath>
</Banner>
<Banner>
  <id>41912</id>
  <BannerPath>fanart/original/72218-37.jpg</BannerPath>
  <BannerType>fanart</BannerType>
  <BannerType2>1280x720</BannerType2>
  <Colors></Colors>
  <Language>en</Language>
  <Rating>5.0000</Rating>
  <RatingCount>1</RatingCount>
  <SeriesName>false</SeriesName>
  <ThumbnailPath>_cache/fanart/original/72218-37.jpg</ThumbnailPath>
  <VignettePath>fanart/vignette/72218-37.jpg</VignettePath>
</Banner>
<Banner>
  <id>864183</id>
  <BannerPath>fanart/original/72218-95.jpg</BannerPath>
  <BannerType>fanart</BannerType>
  <BannerType2>1920x1080</BannerType2>
  <Colors></Colors>
  <Language>de</Language>
  <Rating>5.0000</Rating>
  <RatingCount>3</RatingCount>
  <SeriesName>true</SeriesName>
  <ThumbnailPath>_cache/fanart/original/72218-95.jpg</ThumbnailPath>
  <VignettePath>fanart/vignette/72218-95.jpg</VignettePath>
</Banner>
<Banner>
  <id>114741</id>
  <BannerPath>fanart/original/72218-48.jpg</BannerPath>
  <BannerType>fanart</BannerType>
  <BannerType2>1280x720</BannerType2>
  <Colors></Colors>
  <Language>en</Language>
  <Rating>5.0000</Rating>
  <RatingCount>1</RatingCount>
  <SeriesName>false</SeriesName>
  <ThumbnailPath>_cache/fanart/original/72218-48.jpg</ThumbnailPath>
  <VignettePath>fanart/vignette/72218-48.jpg</VignettePath>
</Banner>
<Banner>
  <id>377381</id>
  <BannerPath>fanart/original/72218-73.jpg</BannerPath>
  <BannerType>fanart</BannerType>
  <BannerType2>1280x720</BannerType2>
  <Colors></Colors>
  <Language>en</Language>
  <Rating>5.0000</Rating>
  <RatingCount>1</RatingCount>
  <SeriesName>false</SeriesName>
  <ThumbnailPath>_cache/fanart/original/72218-73.jpg</ThumbnailPath>
  <VignettePath>fanart/vignette/72218-73.jpg</VignettePath>
</Banner>
<Banner>
  <id>41913</id>
  <BannerPath>fanart/original/72218-38.jpg</BannerPath>
  <BannerType>fanart</BannerType>
  <BannerType2>1280x720</BannerType2>
  <Colors></Colors>
  <Language>en</Language>
  <Rating>5.0000</Rating>
  <RatingCount>1</RatingCount>
  <SeriesName>false</SeriesName>
  <ThumbnailPath>_cache/fanart/original/72218-38.jpg</ThumbnailPath>
  <VignettePath>fanart/vignette/72218-38.jpg</VignettePath>
</Banner>
<Banner>
  <id>432691</id>
  <BannerPath>fanart/original/72218-39.jpg</BannerPath>
  <BannerType>fanart</BannerType>
  <BannerType2>1920x1080</BannerType2>
  <Colors></Colors>
  <Language>en</Language>
  <Rating>5.0000</Rating>
  <RatingCount>1</RatingCount>
  <SeriesName>false</SeriesName>
  <ThumbnailPath>_cache/fanart/original/72218-39.jpg</ThumbnailPath>
  <VignettePath>fanart/vignette/72218-39.jpg</VignettePath>
</Banner>
<Banner>
  <id>37966</id>
  <BannerPath>fanart/original/72218-27.jpg</BannerPath>
  <BannerType>fanart</BannerType>
  <BannerType2>1280x720</BannerType2>
  <Colors></Colors>
  <Language>en</Language>
  <Rating>5.0000</Rating>
  <RatingCount>3</RatingCount>
  <SeriesName>false</SeriesName>
  <ThumbnailPath>_cache/fanart/original/72218-27.jpg</ThumbnailPath>
  <VignettePath>fanart/vignette/72218-27.jpg</VignettePath>
</Banner>
<Banner>
  <id>627871</id>
  <BannerPath>fanart/original/72218-88.jpg</BannerPath>
  <BannerType>fanart</BannerType>
  <BannerType2>1280x720</BannerType2>
  <Colors></Colors>
  <Language>de</Language>
  <Rating>4.6667</Rating>
  <RatingCount>3</RatingCount>
  <SeriesName>false</SeriesName>
  <ThumbnailPath>_cache/fanart/original/72218-88.jpg</ThumbnailPath>
  <VignettePath>fanart/vignette/72218-88.jpg</VignettePath>
</Banner>
<Banner>
  <id>83151</id>
  <BannerPath>fanart/original/72218-45.jpg</BannerPath>
  <BannerType>fanart</BannerType>
  <BannerType2>1280x720</BannerType2>
  <Colors></Colors>
  <Language>en</Language>
  <Rating>4.6667</Rating>
  <RatingCount>3</RatingCount>
  <SeriesName>false</SeriesName>
  <ThumbnailPath>_cache/fanart/original/72218-45.jpg</ThumbnailPath>
  <VignettePath>fanart/vignette/72218-45.jpg</VignettePath>
</Banner>
<Banner>
  <id>186941</id>
  <BannerPath>fanart/original/72218-61.jpg</BannerPath>
  <BannerType>fanart</BannerType>
  <BannerType2>1280x720</BannerType2>
  <Colors></Colors>
  <Language>en</Language>
  <Rating>4.5000</Rating>
  <RatingCount>2</RatingCount>
  <SeriesName>true</SeriesName>
  <ThumbnailPath>_cache/fanart/original/72218-61.jpg</ThumbnailPath>
  <VignettePath>fanart/vignette/72218-61.jpg</VignettePath>
</Banner>
<Banner>
  <id>39742</id>
  <BannerPath>fanart/original/72218-33.jpg</BannerPath>
  <BannerType>fanart</BannerType>
  <BannerType2>1280x720</BannerType2>
  <Colors></Colors>
  <Language>en</Language>
  <Rating>4.3333</Rating>
  <RatingCount>3</RatingCount>
  <SeriesName>false</SeriesName>
  <ThumbnailPath>_cache/fanart/original/72218-33.jpg</ThumbnailPath>
  <VignettePath>fanart/vignette/72218-33.jpg</VignettePath>
</Banner>
<Banner>
  <id>39741</id>
  <BannerPath>fanart/original/72218-32.jpg</BannerPath>
  <BannerType>fanart</BannerType>
  <BannerType2>1280x720</BannerType2>
  <Colors></Colors>
  <Language>en</Language>
  <Rating>4.3333</Rating>
  <RatingCount>3</RatingCount>
  <SeriesName>false</SeriesName>
  <ThumbnailPath>_cache/fanart/original/72218-32.jpg</ThumbnailPath>
  <VignettePath>fanart/vignette/72218-32.jpg</VignettePath>
</Banner>
<Banner>
  <id>377411</id>
  <BannerPath>fanart/original/72218-76.jpg</BannerPath>
  <BannerType>fanart</BannerType>
  <BannerType2>1280x720</BannerType2>
  <Colors></Colors>
  <Language>en</Language>
  <Rating>4.0000</Rating>
  <RatingCount>2</RatingCount>
  <SeriesName>false</SeriesName>
  <ThumbnailPath>_cache/fanart/original/72218-76.jpg</ThumbnailPath>
  <VignettePath>fanart/vignette/72218-76.jpg</VignettePath>
</Banner>
<Banner>
  <id>33393</id>
  <BannerPath>fanart/original/72218-21.jpg</BannerPath>
  <BannerType>fanart</BannerType>
  <BannerType2>1280x720</BannerType2>
  <Colors></Colors>
  <Language>en</Language>
  <Rating>4.0000</Rating>
  <RatingCount>1</RatingCount>
  <SeriesName>false</SeriesName>
  <ThumbnailPath>_cache/fanart/original/72218-21.jpg</ThumbnailPath>
  <VignettePath>fanart/vignette/72218-21.jpg</VignettePath>
</Banner>
<Banner>
  <id>33391</id>
  <BannerPath>fanart/original/72218-19.jpg</BannerPath>
  <BannerType>fanart</BannerType>
  <BannerType2>1280x720</BannerType2>
  <Colors>|253,246,192|0,0,0|255,141,29|</Colors>
  <Language>en</Language>
  <Rating>4.0000</Rating>
  <RatingCount>2</RatingCount>
  <SeriesName>false</SeriesName>
  <ThumbnailPath>_cache/fanart/original/72218-19.jpg</ThumbnailPath>
  <VignettePath>fanart/vignette/72218-19.jpg</VignettePath>
</Banner>
<Banner>
  <id>377391</id>
  <BannerPath>fanart/original/72218-74.jpg</BannerPath>
  <BannerType>fanart</BannerType>
  <BannerType2>1280x720</BannerType2>
  <Colors></Colors>
  <Language>en</Language>
  <Rating>4.0000</Rating>
  <RatingCount>1</RatingCount>
  <SeriesName>false</SeriesName>
  <ThumbnailPath>_cache/fanart/original/72218-74.jpg</ThumbnailPath>
  <VignettePath>fanart/vignette/72218-74.jpg</VignettePath>
</Banner>
<Banner>
  <id>41916</id>
  <BannerPath>fanart/original/72218-41.jpg</BannerPath>
  <BannerType>fanart</BannerType>
  <BannerType2>1280x720</BannerType2>
  <Colors></Colors>
  <Language>en</Language>
  <Rating>4.0000</Rating>
  <RatingCount>2</RatingCount>
  <SeriesName>false</SeriesName>
  <ThumbnailPath>_cache/fanart/original/72218-41.jpg</ThumbnailPath>
  <VignettePath>fanart/vignette/72218-41.jpg</VignettePath>
</Banner>
<Banner>
  <id>307021</id>
  <BannerPath>fanart/original/72218-66.jpg</BannerPath>
  <BannerType>fanart</BannerType>
  <BannerType2>1280x720</BannerType2>
  <Colors></Colors>
  <Language>en</Language>
  <Rating>3.0000</Rating>
  <RatingCount>1</RatingCount>
  <SeriesName>false</SeriesName>
  <ThumbnailPath>_cache/fanart/original/72218-66.jpg</ThumbnailPath>
  <VignettePath>fanart/vignette/72218-66.jpg</VignettePath>
</Banner>
<Banner>
  <id>298091</id>
  <BannerPath>fanart/original/72218-42.jpg</BannerPath>
  <BannerType>fanart</BannerType>
  <BannerType2>1280x720</BannerType2>
  <Colors></Colors>
  <Language>en</Language>
  <Rating>3.0000</Rating>
  <RatingCount>1</RatingCount>
  <SeriesName>false</SeriesName>
  <ThumbnailPath>_cache/fanart/original/72218-42.jpg</ThumbnailPath>
  <VignettePath>fanart/vignette/72218-42.jpg</VignettePath>
</Banner>
<Banner>
  <id>216881</id>
  <BannerPath>fanart/original/72218-59.jpg</BannerPath>
  <BannerType>fanart</BannerType>
  <BannerType2>1280x720</BannerType2>
  <Colors></Colors>
  <Language>de</Language>
  <Rating>3.0000</Rating>
  <RatingCount>1</RatingCount>
  <SeriesName>false</SeriesName>
  <ThumbnailPath>_cache/fanart/original/72218-59.jpg</ThumbnailPath>
  <VignettePath>fanart/vignette/72218-59.jpg</VignettePath>
</Banner>
<Banner>
  <id>259511</id>
  <BannerPath>fanart/original/72218-65.jpg</BannerPath>
  <BannerType>fanart</BannerType>
  <BannerType2>1280x720</BannerType2>
  <Colors></Colors>
  <Language>en</Language>
  <Rating>3.0000</Rating>
  <RatingCount>1</RatingCount>
  <SeriesName>false</SeriesName>
  <ThumbnailPath>_cache/fanart/original/72218-65.jpg</ThumbnailPath>
  <VignettePath>fanart/vignette/72218-65.jpg</VignettePath>
</Banner>
<Banner>
  <id>927788</id>
  <BannerPath>fanart/original/72218-98.jpg</BannerPath>
  <BannerType>fanart</BannerType>
  <BannerType2>1280x720</BannerType2>
  <Colors></Colors>
  <Language>de</Language>
  <Rating></Rating>
  <RatingCount>0</RatingCount>
  <SeriesName>false</SeriesName>
  <ThumbnailPath>_cache/fanart/original/72218-98.jpg</ThumbnailPath>
  <VignettePath>fanart/vignette/72218-98.jpg</VignettePath>
</Banner>
<Banner>
  <id>927791</id>
  <BannerPath>fanart/original/72218-89.jpg</BannerPath>
  <BannerType>fanart</BannerType>
  <BannerType2>1280x720</BannerType2>
  <Colors></Colors>
  <Language>de</Language>
  <Rating></Rating>
  <RatingCount>0</RatingCount>
  <SeriesName>false</SeriesName>
  <ThumbnailPath>_cache/fanart/original/72218-89.jpg</ThumbnailPath>
  <VignettePath>fanart/vignette/72218-89.jpg</VignettePath>
</Banner>
<Banner>
  <id>779811</id>
  <BannerPath>fanart/original/72218-93.jpg</BannerPath>
  <BannerType>fanart</BannerType>
  <BannerType2>1920x1080</BannerType2>
  <Colors></Colors>
  <Language>en</Language>
  <Rating></Rating>
  <RatingCount>0</RatingCount>
  <SeriesName>false</SeriesName>
  <ThumbnailPath>_cache/fanart/original/72218-93.jpg</ThumbnailPath>
  <VignettePath>fanart/vignette/72218-93.jpg</VignettePath>
</Banner>
<Banner>
  <id>479961</id>
  <BannerPath>fanart/original/72218-81.jpg</BannerPath>
  <BannerType>fanart</BannerType>
  <BannerType2>1920x1080</BannerType2>
  <Colors>|14,12,13|0,0,0|12,10,11|</Colors>
  <Language>fr</Language>
  <Rating></Rating>
  <RatingCount>0</RatingCount>
  <SeriesName>false</SeriesName>
  <ThumbnailPath>_cache/fanart/original/72218-81.jpg</ThumbnailPath>
  <VignettePath>fanart/vignette/72218-81.jpg</VignettePath>
</Banner>
<Banner>
  <id>858899</id>
  <BannerPath>fanart/original/72218-94.jpg</BannerPath>
  <BannerType>fanart</BannerType>
  <BannerType2>1920x1080</BannerType2>
  <Colors></Colors>
  <Language>de</Language>
  <Rating></Rating>
  <RatingCount>0</RatingCount>
  <SeriesName>false</SeriesName>
  <ThumbnailPath>_cache/fanart/original/72218-94.jpg</ThumbnailPath>
  <VignettePath>fanart/vignette/72218-94.jpg</VignettePath>
</Banner>
<Banner>
  <id>773461</id>
  <BannerPath>fanart/original/72218-92.jpg</BannerPath>
  <BannerType>fanart</BannerType>
  <BannerType2>1920x1080</BannerType2>
  <Colors></Colors>
  <Language>en</Language>
  <Rating></Rating>
  <RatingCount>0</RatingCount>
  <SeriesName>false</SeriesName>
  <ThumbnailPath>_cache/fanart/original/72218-92.jpg</ThumbnailPath>
  <VignettePath>fanart/vignette/72218-92.jpg</VignettePath>
</Banner>
<Banner>
  <id>504051</id>
  <BannerPath>fanart/original/72218-83.jpg</BannerPath>
  <BannerType>fanart</BannerType>
  <BannerType2>1920x1080</BannerType2>
  <Colors></Colors>
  <Language>en</Language>
  <Rating></Rating>
  <RatingCount>0</RatingCount>
  <SeriesName>false</SeriesName>
  <ThumbnailPath>_cache/fanart/original/72218-83.jpg</ThumbnailPath>
  <VignettePath>fanart/vignette/72218-83.jpg</VignettePath>
</Banner>
<Banner>
  <id>535631</id>
  <BannerPath>fanart/original/72218-85.jpg</BannerPath>
  <BannerType>fanart</BannerType>
  <BannerType2>1920x1080</BannerType2>
  <Colors>|40,24,8|41,24,40|205,152,74|</Colors>
  <Language>fr</Language>
  <Rating></Rating>
  <RatingCount>0</RatingCount>
  <SeriesName>false</SeriesName>
  <ThumbnailPath>_cache/fanart/original/72218-85.jpg</ThumbnailPath>
  <VignettePath>fanart/vignette/72218-85.jpg</VignettePath>
</Banner>
<Banner>
  <id>134671</id>
  <BannerPath>fanart/original/72218-55.jpg</BannerPath>
  <BannerType>fanart</BannerType>
  <BannerType2>1280x720</BannerType2>
  <Colors></Colors>
  <Language>en</Language>
  <Rating></Rating>
  <RatingCount>0</RatingCount>
  <SeriesName>true</SeriesName>
  <ThumbnailPath>_cache/fanart/original/72218-55.jpg</ThumbnailPath>
  <VignettePath>fanart/vignette/72218-55.jpg</VignettePath>
</Banner>
<Banner>
  <id>591581</id>
  <BannerPath>fanart/original/72218-87.jpg</BannerPath>
  <BannerType>fanart</BannerType>
  <BannerType2>1920x1080</BannerType2>
  <Colors></Colors>
  <Language>fr</Language>
  <Rating></Rating>
  <RatingCount>0</RatingCount>
  <SeriesName>false</SeriesName>
  <ThumbnailPath>_cache/fanart/original/72218-87.jpg</ThumbnailPath>
  <VignettePath>fanart/vignette/72218-87.jpg</VignettePath>
</Banner>
<Banner>
  <id>134661</id>
  <BannerPath>fanart/original/72218-51.jpg</BannerPath>
  <BannerType>fanart</BannerType>
  <BannerType2>1280x720</BannerType2>
  <Colors></Colors>
  <Language>en</Language>
  <Rating></Rating>
  <RatingCount>0</RatingCount>
  <SeriesName>true</SeriesName>
  <ThumbnailPath>_cache/fanart/original/72218-51.jpg</ThumbnailPath>
  <VignettePath>fanart/vignette/72218-51.jpg</VignettePath>
</Banner>
<Banner>
  <id>871645</id>
  <BannerPath>fanart/original/72218-50.jpg</BannerPath>
  <BannerType>fanart</BannerType>
  <BannerType2>1920x1080</BannerType2>
  <Colors></Colors>
  <Language>de</Language>
  <Rating></Rating>
  <RatingCount>0</RatingCount>
  <SeriesName>false</SeriesName>
  <ThumbnailPath>_cache/fanart/original/72218-50.jpg</ThumbnailPath>
  <VignettePath>fanart/vignette/72218-50.jpg</VignettePath>
</Banner>
<Banner>
  <id>897845</id>
  <BannerPath>fanart/original/72218-63.jpg</BannerPath>
  <BannerType>fanart</BannerType>
  <BannerType2>1920x1080</BannerType2>
  <Colors></Colors>
  <Language>de</Language>
  <Rating></Rating>
  <RatingCount>0</RatingCount>
  <SeriesName>false</SeriesName>
  <ThumbnailPath>_cache/fanart/original/72218-63.jpg</ThumbnailPath>
  <VignettePath>fanart/vignette/72218-63.jpg</VignettePath>
</Banner>
<Banner>
  <id>441761</id>
  <BannerPath>fanart/original/72218-80.jpg</BannerPath>
  <BannerType>fanart</BannerType>
  <BannerType2>1280x720</BannerType2>
  <Colors></Colors>
  <Language>en</Language>
  <Rating></Rating>
  <RatingCount>0</RatingCount>
  <SeriesName>false</SeriesName>
  <ThumbnailPath>_cache/fanart/original/72218-80.jpg</ThumbnailPath>
  <VignettePath>fanart/vignette/72218-80.jpg</VignettePath>
</Banner>
<Banner>
  <id>927793</id>
  <BannerPath>fanart/original/72218-43.jpg</BannerPath>
  <BannerType>fanart</BannerType>
  <BannerType2>1280x720</BannerType2>
  <Colors></Colors>
  <Language>de</Language>
  <Rating></Rating>
  <RatingCount>0</RatingCount>
  <SeriesName>false</SeriesName>
  <ThumbnailPath>_cache/fanart/original/72218-43.jpg</ThumbnailPath>
  <VignettePath>fanart/vignette/72218-43.jpg</VignettePath>
</Banner>
<Banner>
  <id>441741</id>
  <BannerPath>fanart/original/72218-79.jpg</BannerPath>
  <BannerType>fanart</BannerType>
  <BannerType2>1280x720</BannerType2>
  <Colors></Colors>
  <Language>en</Language>
  <Rating></Rating>
  <RatingCount>0</RatingCount>
  <SeriesName>false</SeriesName>
  <ThumbnailPath>_cache/fanart/original/72218-79.jpg</ThumbnailPath>
  <VignettePath>fanart/vignette/72218-79.jpg</VignettePath>
</Banner>
<Banner>
  <id>134681</id>
  <BannerPath>fanart/original/72218-54.jpg</BannerPath>
  <BannerType>fanart</BannerType>
  <BannerType2>1280x720</BannerType2>
  <Colors>|249,12,18|39,110,176|199,157,117|</Colors>
  <Language>en</Language>
  <Rating></Rating>
  <RatingCount>0</RatingCount>
  <SeriesName>true</SeriesName>
  <ThumbnailPath>_cache/fanart/original/72218-54.jpg</ThumbnailPath>
  <VignettePath>fanart/vignette/72218-54.jpg</VignettePath>
</Banner>
<Banner>
  <id>927790</id>
  <BannerPath>fanart/original/72218-96.jpg</BannerPath>
  <BannerType>fanart</BannerType>
  <BannerType2>1280x720</BannerType2>
  <Colors></Colors>
  <Language>de</Language>
  <Rating></Rating>
  <RatingCount>0</RatingCount>
  <SeriesName>false</SeriesName>
  <ThumbnailPath>_cache/fanart/original/72218-96.jpg</ThumbnailPath>
  <VignettePath>fanart/vignette/72218-96.jpg</VignettePath>
</Banner>
<Banner>
  <id>535651</id>
  <BannerPath>fanart/original/72218-86.jpg</BannerPath>
  <BannerType>fanart</BannerType>
  <BannerType2>1280x720</BannerType2>
  <Colors></Colors>
  <Language>fr</Language>
  <Rating></Rating>
  <RatingCount>0</RatingCount>
  <SeriesName>false</SeriesName>
  <ThumbnailPath>_cache/fanart/original/72218-86.jpg</ThumbnailPath>
  <VignettePath>fanart/vignette/72218-86.jpg</VignettePath>
</Banner>
<Banner>
  <id>432701</id>
  <BannerPath>fanart/original/72218-78.jpg</BannerPath>
  <BannerType>fanart</BannerType>
  <BannerType2>1920x1080</BannerType2>
  <Colors></Colors>
  <Language>en</Language>
  <Rating></Rating>
  <RatingCount>0</RatingCount>
  <SeriesName>false</SeriesName>
  <ThumbnailPath>_cache/fanart/original/72218-78.jpg</ThumbnailPath>
  <VignettePath>fanart/vignette/72218-78.jpg</VignettePath>
</Banner>
<Banner>
  <id>892038</id>
  <BannerPath>posters/72218-23.jpg</BannerPath>
  <BannerType>poster</BannerType>
  <BannerType2>680x1000</BannerType2>
  <Language>en</Language>
  <Rating>9.3333</Rating>
  <RatingCount>3</RatingCount>
</Banner>
<Banner>
  <id>858897</id>
  <BannerPath>posters/72218-22.jpg</BannerPath>
  <BannerType>poster</BannerType>
  <BannerType2>680x1000</BannerType2>
  <Language>en</Language>
  <Rating>8.7500</Rating>
  <RatingCount>4</RatingCount>
</Banner>
<Banner>
  <id>271031</id>
  <BannerPath>posters/72218-14.jpg</BannerPath>
  <BannerType>poster</BannerType>
  <BannerType2>680x1000</BannerType2>
  <Language>en</Language>
  <Rating>8.3750</Rating>
  <RatingCount>8</RatingCount>
</Banner>
<Banner>
  <id>509701</id>
  <BannerPath>posters/72218-17.jpg</BannerPath>
  <BannerType>poster</BannerType>
  <BannerType2>680x1000</BannerType2>
  <Language>en</Language>
  <Rating>8.0000</Rating>
  <RatingCount>2</RatingCount>
</Banner>
<Banner>
  <id>897846</id>
  <BannerPath>posters/72218-4.jpg</BannerPath>
  <BannerType>poster</BannerType>
  <BannerType2>680x1000</BannerType2>
  <Language>en</Language>
  <Rating>8.0000</Rating>
  <RatingCount>1</RatingCount>
</Banner>
<Banner>
  <id>35813</id>
  <BannerPath>posters/72218-5.jpg</BannerPath>
  <BannerType>poster</BannerType>
  <BannerType2>680x1000</BannerType2>
  <Language>en</Language>
  <Rating>7.8000</Rating>
  <RatingCount>5</RatingCount>
</Banner>
<Banner>
  <id>770881</id>
  <BannerPath>posters/72218-19.jpg</BannerPath>
  <BannerType>poster</BannerType>
  <BannerType2>680x1000</BannerType2>
  <Language>en</Language>
  <Rating>7.7500</Rating>
  <RatingCount>4</RatingCount>
</Banner>
<Banner>
  <id>29446</id>
  <BannerPath>posters/72218-3.jpg</BannerPath>
  <BannerType>poster</BannerType>
  <BannerType2>680x1000</BannerType2>
  <Language>en</Language>
  <Rating>7.7500</Rating>
  <RatingCount>4</RatingCount>
</Banner>
<Banner>
  <id>489821</id>
  <BannerPath>posters/72218-16.jpg</BannerPath>
  <BannerType>poster</BannerType>
  <BannerType2>680x1000</BannerType2>
  <Language>en</Language>
  <Rating>7.6000</Rating>
  <RatingCount>5</RatingCount>
</Banner>
<Banner>
  <id>28017</id>
  <BannerPath>posters/72218-2.jpg</BannerPath>
  <BannerType>poster</BannerType>
  <BannerType2>680x1000</BannerType2>
  <Language>en</Language>
  <Rating>7.4000</Rating>
  <RatingCount>5</RatingCount>
</Banner>
<Banner>
  <id>28339</id>
  <BannerPath>posters/72218-1.jpg</BannerPath>
  <BannerType>poster</BannerType>
  <BannerType2>680x1000</BannerType2>
  <Language>en</Language>
  <Rating>7.2500</Rating>
  <RatingCount>4</RatingCount>
</Banner>
<Banner>
  <id>196531</id>
  <BannerPath>posters/72218-8.jpg</BannerPath>
  <BannerType>poster</BannerType>
  <BannerType2>680x1000</BannerType2>
  <Language>en</Language>
  <Rating>7.2500</Rating>
  <RatingCount>4</RatingCount>
</Banner>
<Banner>
  <id>196521</id>
  <BannerPath>posters/72218-11.jpg</BannerPath>
  <BannerType>poster</BannerType>
  <BannerType2>680x1000</BannerType2>
  <Language>en</Language>
  <Rating>7.2500</Rating>
  <RatingCount>4</RatingCount>
</Banner>
<Banner>
  <id>196571</id>
  <BannerPath>posters/72218-6.jpg</BannerPath>
  <BannerType>poster</BannerType>
  <BannerType2>680x1000</BannerType2>
  <Language>en</Language>
  <Rating>6.7500</Rating>
  <RatingCount>4</RatingCount>
</Banner>
<Banner>
  <id>325531</id>
  <BannerPath>posters/72218-10.jpg</BannerPath>
  <BannerType>poster</BannerType>
  <BannerType2>680x1000</BannerType2>
  <Language>en</Language>
  <Rating>6.2500</Rating>
  <RatingCount>4</RatingCount>
</Banner>
<Banner>
  <id>196591</id>
  <BannerPath>posters/72218-12.jpg</BannerPath>
  <BannerType>poster</BannerType>
  <BannerType2>680x1000</BannerType2>
  <Language>en</Language>
  <Rating>6.0000</Rating>
  <RatingCount>3</RatingCount>
</Banner>
<Banner>
  <id>196581</id>
  <BannerPath>posters/72218-7.jpg</BannerPath>
  <BannerType>poster</BannerType>
  <BannerType2>680x1000</BannerType2>
  <Language>en</Language>
  <Rating>5.7500</Rating>
  <RatingCount>4</RatingCount>
</Banner>
<Banner>
  <id>248481</id>
  <BannerPath>posters/72218-13.jpg</BannerPath>
  <BannerType>poster</BannerType>
  <BannerType2>680x1000</BannerType2>
  <Language>en</Language>
  <Rating>5.5000</Rating>
  <RatingCount>2</RatingCount>
</Banner>
<Banner>
  <id>325561</id>
  <BannerPath>posters/72218-15.jpg</BannerPath>
  <BannerType>poster</BannerType>
  <BannerType2>680x1000</BannerType2>
  <Language>en</Language>
  <Rating>5.5000</Rating>
  <RatingCount>2</RatingCount>
</Banner>
<Banner>
  <id>926097</id>
  <BannerPath>posters/72218-24.jpg</BannerPath>
  <BannerType>poster</BannerType>
  <BannerType2>680x1000</BannerType2>
  <Language>en</Language>
  <Rating>5.5000</Rating>
  <RatingCount>2</RatingCount>
</Banner>
<Banner>
  <id>38412</id>
  <BannerPath>posters/72218-9.jpg</BannerPath>
  <BannerType>poster</BannerType>
  <BannerType2>680x1000</BannerType2>
  <Language>en</Language>
  <Rating>4.7500</Rating>
  <RatingCount>4</RatingCount>
</Banner>
<Banner>
  <id>770891</id>
  <BannerPath>posters/72218-20.jpg</BannerPath>
  <BannerType>poster</BannerType>
  <BannerType2>680x1000</BannerType2>
  <Language>en</Language>
  <Rating></Rating>
  <RatingCount>0</RatingCount>
</Banner>
<Banner>
  <id>870301</id>
  <BannerPath>posters/72218-18.jpg</BannerPath>
  <BannerType>poster</BannerType>
  <BannerType2>680x1000</BannerType2>
  <Language>en</Language>
  <Rating></Rating>
  <RatingCount>0</RatingCount>
</Banner>
<Banner>
  <id>770911</id>
  <BannerPath>posters/72218-21.jpg</BannerPath>
  <BannerType>poster</BannerType>
  <BannerType2>680x1000</BannerType2>
  <Language>en</Language>
  <Rating></Rating>
  <RatingCount>0</RatingCount>
</Banner>
<Banner>
  <id>37110</id>
  <BannerPath>seasons/72218-7-5.jpg</BannerPath>
  <BannerType>season</BannerType>
  <BannerType2>season</BannerType2>
  <Language>en</Language>
  <Rating>10.0000</Rating>
  <RatingCount>4</RatingCount>
  <Season>7</Season>
</Banner>
<Banner>
  <id>487411</id>
  <BannerPath>seasons/72218-9-5.jpg</BannerPath>
  <BannerType>season</BannerType>
  <BannerType2>season</BannerType2>
  <Language>en</Language>
  <Rating>10.0000</Rating>
  <RatingCount>4</RatingCount>
  <Season>9</Season>
</Banner>
<Banner>
  <id>186981</id>
  <BannerPath>seasons/72218-8-4.jpg</BannerPath>
  <BannerType>season</BannerType>
  <BannerType2>season</BannerType2>
  <Language>en</Language>
  <Rating>9.8000</Rating>
  <RatingCount>5</RatingCount>
  <Season>8</Season>
</Banner>
<Banner>
  <id>268661</id>
  <BannerPath>seasons/72218-9-4.jpg</BannerPath>
  <BannerType>season</BannerType>
  <BannerType2>season</BannerType2>
  <Language>en</Language>
  <Rating>9.6667</Rating>
  <RatingCount>3</RatingCount>
  <Season>9</Season>
</Banner>
<Banner>
  <id>668161</id>
  <BannerPath>seasons/72218-10.jpg</BannerPath>
  <BannerType>season</BannerType>
  <BannerType2>season</BannerType2>
  <Language>en</Language>
  <Rating>8.7143</Rating>
  <RatingCount>7</RatingCount>
  <Season>10</Season>
</Banner>
<Banner>
  <id>37105</id>
  <BannerPath>seasons/72218-2-2.jpg</BannerPath>
  <BannerType>season</BannerType>
  <BannerType2>season</BannerType2>
  <Language>en</Language>
  <Rating>8.2000</Rating>
  <RatingCount>5</RatingCount>
  <Season>2</Season>
</Banner>
<Banner>
  <id>37106</id>
  <BannerPath>seasons/72218-3-2.jpg</BannerPath>
  <BannerType>season</BannerType>
  <BannerType2>season</BannerType2>
  <Language>en</Language>
  <Rating>8.2000</Rating>
  <RatingCount>5</RatingCount>
  <Season>3</Season>
</Banner>
<Banner>
  <id>6808</id>
  <BannerPath>seasons/1718-1.jpg</BannerPath>
  <BannerType>season</BannerType>
  <BannerType2>season</BannerType2>
  <Language>en</Language>
  <Rating>8.1667</Rating>
  <RatingCount>6</RatingCount>
  <Season>1</Season>
</Banner>
<Banner>
  <id>16416</id>
  <BannerPath>seasons/72218-7-3.jpg</BannerPath>
  <BannerType>season</BannerType>
  <BannerType2>season</BannerType2>
  <Language>en</Language>
  <Rating>8.0000</Rating>
  <RatingCount>2</RatingCount>
  <Season>7</Season>
</Banner>
<Banner>
  <id>15805</id>
  <BannerPath>seasons/72218-7.jpg</BannerPath>
  <BannerType>season</BannerType>
  <BannerType2>season</BannerType2>
  <Language>en</Language>
  <Rating>7.5000</Rating>
  <RatingCount>2</RatingCount>
  <Season>7</Season>
</Banner>
<Banner>
  <id>16418</id>
  <BannerPath>seasons/72218-4.jpg</BannerPath>
  <BannerType>season</BannerType>
  <BannerType2>season</BannerType2>
  <Language>en</Language>
  <Rating>7.3750</Rating>
  <RatingCount>8</RatingCount>
  <Season>4</Season>
</Banner>
<Banner>
  <id>16417</id>
  <BannerPath>seasons/72218-6.jpg</BannerPath>
  <BannerType>season</BannerType>
  <BannerType2>season</BannerType2>
  <Language>en</Language>
  <Rating>7.2500</Rating>
  <RatingCount>4</RatingCount>
  <Season>6</Season>
</Banner>
<Banner>
  <id>16419</id>
  <BannerPath>seasons/72218-5.jpg</BannerPath>
  <BannerType>season</BannerType>
  <BannerType2>season</BannerType2>
  <Language>en</Language>
  <Rating>7.2500</Rating>
  <RatingCount>4</RatingCount>
  <Season>5</Season>
</Banner>
<Banner>
  <id>729251</id>
  <BannerPath>seasons/72218-10-6.jpg</BannerPath>
  <BannerType>season</BannerType>
  <BannerType2>season</BannerType2>
  <Language>en</Language>
  <Rating>7.0000</Rating>
  <RatingCount>1</RatingCount>
  <Season>10</Season>
</Banner>
<Banner>
  <id>40898</id>
  <BannerPath>seasons/72218-5-3.jpg</BannerPath>
  <BannerType>season</BannerType>
  <BannerType2>season</BannerType2>
  <Language>en</Language>
  <Rating>7.0000</Rating>
  <RatingCount>3</RatingCount>
  <Season>5</Season>
</Banner>
<Banner>
  <id>668211</id>
  <BannerPath>seasons/72218-10-4.jpg</BannerPath>
  <BannerType>season</BannerType>
  <BannerType2>season</BannerType2>
  <Language>en</Language>
  <Rating>7.0000</Rating>
  <RatingCount>2</RatingCount>
  <Season>10</Season>
</Banner>
<Banner>
  <id>27443</id>
  <BannerPath>seasons/72218-2.jpg</BannerPath>
  <BannerType>season</BannerType>
  <BannerType2>season</BannerType2>
  <Language>en</Language>
  <Rating>7.0000</Rating>
  <RatingCount>3</RatingCount>
  <Season>2</Season>
</Banner>
<Banner>
  <id>40895</id>
  <BannerPath>seasons/72218-6-4.jpg</BannerPath>
  <BannerType>season</BannerType>
  <BannerType2>season</BannerType2>
  <Language>en</Language>
  <Rating>7.0000</Rating>
  <RatingCount>3</RatingCount>
  <Season>6</Season>
</Banner>
<Banner>
  <id>27444</id>
  <BannerPath>seasons/72218-3.jpg</BannerPath>
  <BannerType>season</BannerType>
  <BannerType2>season</BannerType2>
  <Language>en</Language>
  <Rating>7.0000</Rating>
  <RatingCount>3</RatingCount>
  <Season>3</Season>
</Banner>
<Banner>
  <id>892022</id>
  <BannerPath>seasons/72218-4-7.jpg</BannerPath>
  <BannerType>season</BannerType>
  <BannerType2>season</BannerType2>
  <Language>en</Language>
  <Rating>7.0000</Rating>
  <RatingCount>3</RatingCount>
  <Season>4</Season>
</Banner>
<Banner>
  <id>40897</id>
  <BannerPath>seasons/72218-7-7.jpg</BannerPath>
  <BannerType>season</BannerType>
  <BannerType2>season</BannerType2>
  <Language>en</Language>
  <Rating>7.0000</Rating>
  <RatingCount>3</RatingCount>
  <Season>7</Season>
</Banner>
<Banner>
  <id>27442</id>
  <BannerPath>seasons/72218-1.jpg</BannerPath>
  <BannerType>season</BannerType>
  <BannerType2>season</BannerType2>
  <Language>en</Language>
  <Rating>7.0000</Rating>
  <RatingCount>4</RatingCount>
  <Season>1</Season>
</Banner>
<Banner>
  <id>870302</id>
  <BannerPath>seasons/72218-10-12.jpg</BannerPath>
  <BannerType>season</BannerType>
  <BannerType2>season</BannerType2>
  <Language>en</Language>
  <Rating>7.0000</Rating>
  <RatingCount>3</RatingCount>
  <Season>10</Season>
</Banner>
<Banner>
  <id>30846</id>
  <BannerPath>seasons/72218-8-2.jpg</BannerPath>
  <BannerType>season</BannerType>
  <BannerType2>season</BannerType2>
  <Language>en</Language>
  <Rating>6.5000</Rating>
  <RatingCount>2</RatingCount>
  <Season>8</Season>
</Banner>
<Banner>
  <id>135271</id>
  <BannerPath>seasons/72218-8-6.jpg</BannerPath>
  <BannerType>season</BannerType>
  <BannerType2>season</BannerType2>
  <Language>en</Language>
  <Rating>6.5000</Rating>
  <RatingCount>2</RatingCount>
  <Season>8</Season>
</Banner>
<Banner>
  <id>40225</id>
  <BannerPath>seasons/72218-8-3.jpg</BannerPath>
  <BannerType>season</BannerType>
  <BannerType2>season</BannerType2>
  <Language>en</Language>
  <Rating>6.4000</Rating>
  <RatingCount>5</RatingCount>
  <Season>8</Season>
</Banner>
<Banner>
  <id>15806</id>
  <BannerPath>seasons/72218-7-2.jpg</BannerPath>
  <BannerType>season</BannerType>
  <BannerType2>season</BannerType2>
  <Language>en</Language>
  <Rating>6.0000</Rating>
  <RatingCount>2</RatingCount>
  <Season>7</Season>
</Banner>
<Banner>
  <id>27445</id>
  <BannerPath>seasons/72218-4-2.jpg</BannerPath>
  <BannerType>season</BannerType>
  <BannerType2>season</BannerType2>
  <Language>en</Language>
  <Rating>5.5000</Rating>
  <RatingCount>4</RatingCount>
  <Season>4</Season>
</Banner>
<Banner>
  <id>866345</id>
  <BannerPath>seasons/72218-1-5.jpg</BannerPath>
  <BannerType>season</BannerType>
  <BannerType2>season</BannerType2>
  <Language>hu</Language>
  <Rating>5.5000</Rating>
  <RatingCount>2</RatingCount>
  <Season>1</Season>
</Banner>
<Banner>
  <id>866351</id>
  <BannerPath>seasons/72218-6-5.jpg</BannerPath>
  <BannerType>season</BannerType>
  <BannerType2>season</BannerType2>
  <Language>hu</Language>
  <Rating>5.5000</Rating>
  <RatingCount>2</RatingCount>
  <Season>6</Season>
</Banner>
<Banner>
  <id>866352</id>
  <BannerPath>seasons/72218-7-6.jpg</BannerPath>
  <BannerType>season</BannerType>
  <BannerType2>season</BannerType2>
  <Language>hu</Language>
  <Rating>5.5000</Rating>
  <RatingCount>2</RatingCount>
  <Season>7</Season>
</Banner>
<Banner>
  <id>866354</id>
  <BannerPath>seasons/72218-9-7.jpg</BannerPath>
  <BannerType>season</BannerType>
  <BannerType2>season</BannerType2>
  <Language>hu</Language>
  <Rating>5.5000</Rating>
  <RatingCount>2</RatingCount>
  <Season>9</Season>
</Banner>
<Banner>
  <id>866349</id>
  <BannerPath>seasons/72218-4-5.jpg</BannerPath>
  <BannerType>season</BannerType>
  <BannerType2>season</BannerType2>
  <Language>hu</Language>
  <Rating>5.5000</Rating>
  <RatingCount>2</RatingCount>
  <Season>4</Season>
</Banner>
<Banner>
  <id>866347</id>
  <BannerPath>seasons/72218-2-5.jpg</BannerPath>
  <BannerType>season</BannerType>
  <BannerType2>season</BannerType2>
  <Language>hu</Language>
  <Rating>5.5000</Rating>
  <RatingCount>2</RatingCount>
  <Season>2</Season>
</Banner>
<Banner>
  <id>892019</id>
  <BannerPath>seasons/72218-3-7.jpg</BannerPath>
  <BannerType>season</BannerType>
  <BannerType2>season</BannerType2>
  <Language>en</Language>
  <Rating>5.5000</Rating>
  <RatingCount>2</RatingCount>
  <Season>3</Season>
</Banner>
<Banner>
  <id>40222</id>
  <BannerPath>seasons/72218-6-3.jpg</BannerPath>
  <BannerType>season</BannerType>
  <BannerType2>season</BannerType2>
  <Language>en</Language>
  <Rating>5.5000</Rating>
  <RatingCount>2</RatingCount>
  <Season>6</Season>
</Banner>
<Banner>
  <id>866353</id>
  <BannerPath>seasons/72218-8-10.jpg</BannerPath>
  <BannerType>season</BannerType>
  <BannerType2>season</BannerType2>
  <Language>hu</Language>
  <Rating>5.5000</Rating>
  <RatingCount>2</RatingCount>
  <Season>8</Season>
</Banner>
<Banner>
  <id>866348</id>
  <BannerPath>seasons/72218-3-6.jpg</BannerPath>
  <BannerType>season</BannerType>
  <BannerType2>season</BannerType2>
  <Language>hu</Language>
  <Rating>5.5000</Rating>
  <RatingCount>2</RatingCount>
  <Season>3</Season>
</Banner>
<Banner>
  <id>866355</id>
  <BannerPath>seasons/72218-10-10.jpg</BannerPath>
  <BannerType>season</BannerType>
  <BannerType2>season</BannerType2>
  <Language>hu</Language>
  <Rating>5.5000</Rating>
  <RatingCount>2</RatingCount>
  <Season>10</Season>
</Banner>
<Banner>
  <id>866350</id>
  <BannerPath>seasons/72218-5-6.jpg</BannerPath>
  <BannerType>season</BannerType>
  <BannerType2>season</BannerType2>
  <Language>hu</Language>
  <Rating>5.5000</Rating>
  <RatingCount>2</RatingCount>
  <Season>5</Season>
</Banner>
<Banner>
  <id>137551</id>
  <BannerPath>seasons/72218-9.jpg</BannerPath>
  <BannerType>season</BannerType>
  <BannerType2>season</BannerType2>
  <Language>en</Language>
  <Rating>5.0000</Rating>
  <RatingCount>1</RatingCount>
  <Season>9</Season>
</Banner>
<Banner>
  <id>135261</id>
  <BannerPath>seasons/72218-8-5.jpg</BannerPath>
  <BannerType>season</BannerType>
  <BannerType2>season</BannerType2>
  <Language>en</Language>
  <Rating>5.0000</Rating>
  <RatingCount>1</RatingCount>
  <Season>8</Season>
</Banner>
<Banner>
  <id>23912</id>
  <BannerPath>seasons/72218-0.jpg</BannerPath>
  <BannerType>season</BannerType>
  <BannerType2>season</BannerType2>
  <Language>en</Language>
  <Rating>4.0000</Rating>
  <RatingCount>1</RatingCount>
  <Season>0</Season>
</Banner>
<Banner>
  <id>30733</id>
  <BannerPath>seasons/72218-8.jpg</BannerPath>
  <BannerType>season</BannerType>
  <BannerType2>season</BannerType2>
  <Language>en</Language>
  <Rating>3.5000</Rating>
  <RatingCount>2</RatingCount>
  <Season>8</Season>
</Banner>
<Banner>
  <id>391061</id>
  <BannerPath>seasons/72218-3-4.jpg</BannerPath>
  <BannerType>season</BannerType>
  <BannerType2>season</BannerType2>
  <Language>fr</Language>
  <Rating></Rating>
  <RatingCount>0</RatingCount>
  <Season>3</Season>
</Banner>
<Banner>
  <id>391091</id>
  <BannerPath>seasons/72218-8-8.jpg</BannerPath>
  <BannerType>season</BannerType>
  <BannerType2>season</BannerType2>
  <Language>fr</Language>
  <Rating></Rating>
  <RatingCount>0</RatingCount>
  <Season>8</Season>
</Banner>
<Banner>
  <id>916765</id>
  <BannerPath>seasons/72218-9-10.jpg</BannerPath>
  <BannerType>season</BannerType>
  <BannerType2>season</BannerType2>
  <Language>en</Language>
  <Rating></Rating>
  <RatingCount>0</RatingCount>
  <Season>9</Season>
</Banner>
<Banner>
  <id>247481</id>
  <BannerPath>seasons/72218-9-3.jpg</BannerPath>
  <BannerType>season</BannerType>
  <BannerType2>season</BannerType2>
  <Language>en</Language>
  <Rating></Rating>
  <RatingCount>0</RatingCount>
  <Season>9</Season>
</Banner>
<Banner>
  <id>892016</id>
  <BannerPath>seasons/72218-1-6.jpg</BannerPath>
  <BannerType>season</BannerType>
  <BannerType2>season</BannerType2>
  <Language>en</Language>
  <Rating></Rating>
  <RatingCount>0</RatingCount>
  <Season>1</Season>
</Banner>
<Banner>
  <id>916758</id>
  <BannerPath>seasons/72218-3-8.jpg</BannerPath>
  <BannerType>season</BannerType>
  <BannerType2>season</BannerType2>
  <Language>en</Language>
  <Rating></Rating>
  <RatingCount>0</RatingCount>
  <Season>3</Season>
</Banner>
<Banner>
  <id>926100</id>
  <BannerPath>seasons/72218-2-8.jpg</BannerPath>
  <BannerType>season</BannerType>
  <BannerType2>season</BannerType2>
  <Language>he</Language>
  <Rating></Rating>
  <RatingCount>0</RatingCount>
  <Season>2</Season>
</Banner>
<Banner>
  <id>668221</id>
  <BannerPath>seasons/72218-10-5.jpg</BannerPath>
  <BannerType>season</BannerType>
  <BannerType2>season</BannerType2>
  <Language>en</Language>
  <Rating></Rating>
  <RatingCount>0</RatingCount>
  <Season>10</Season>
</Banner>
<Banner>
  <id>784931</id>
  <BannerPath>seasons/72218-4-3.jpg</BannerPath>
  <BannerType>season</BannerType>
  <BannerType2>season</BannerType2>
  <Language>it</Language>
  <Rating></Rating>
  <RatingCount>0</RatingCount>
  <Season>4</Season>
</Banner>
<Banner>
  <id>178041</id>
  <BannerPath>seasons/72218-5-4.jpg</BannerPath>
  <BannerType>season</BannerType>
  <BannerType2>season</BannerType2>
  <Language>fr</Language>
  <Rating></Rating>
  <RatingCount>0</RatingCount>
  <Season>5</Season>
</Banner>
<Banner>
  <id>916764</id>
  <BannerPath>seasons/72218-8-12.jpg</BannerPath>
  <BannerType>season</BannerType>
  <BannerType2>season</BannerType2>
  <Language>en</Language>
  <Rating></Rating>
  <RatingCount>0</RatingCount>
  <Season>8</Season>
</Banner>
<Banner>
  <id>892031</id>
  <BannerPath>seasons/72218-9-9.jpg</BannerPath>
  <BannerType>season</BannerType>
  <BannerType2>season</BannerType2>
  <Language>en</Language>
  <Rating></Rating>
  <RatingCount>0</RatingCount>
  <Season>9</Season>
</Banner>
<Banner>
  <id>784951</id>
  <BannerPath>seasons/72218-2-4.jpg</BannerPath>
  <BannerType>season</BannerType>
  <BannerType2>season</BannerType2>
  <Language>it</Language>
  <Rating></Rating>
  <RatingCount>0</RatingCount>
  <Season>2</Season>
</Banner>
<Banner>
  <id>867491</id>
  <BannerPath>seasons/72218-10-11.jpg</BannerPath>
  <BannerType>season</BannerType>
  <BannerType2>season</BannerType2>
  <Language>en</Language>
  <Rating></Rating>
  <RatingCount>0</RatingCount>
  <Season>10</Season>
</Banner>
<Banner>
  <id>892028</id>
  <BannerPath>seasons/72218-7-8.jpg</BannerPath>
  <BannerType>season</BannerType>
  <BannerType2>season</BannerType2>
  <Language>en</Language>
  <Rating></Rating>
  <RatingCount>0</RatingCount>
  <Season>7</Season>
</Banner>
<Banner>
  <id>892021</id>
  <BannerPath>seasons/72218-4-6.jpg</BannerPath>
  <BannerType>season</BannerType>
  <BannerType2>season</BannerType2>
  <Language>en</Language>
  <Rating></Rating>
  <RatingCount>0</RatingCount>
  <Season>4</Season>
</Banner>
<Banner>
  <id>178021</id>
  <BannerPath>seasons/72218-3-3.jpg</BannerPath>
  <BannerType>season</BannerType>
  <BannerType2>season</BannerType2>
  <Language>fr</Language>
  <Rating></Rating>
  <RatingCount>0</RatingCount>
  <Season>3</Season>
</Banner>
<Banner>
  <id>892036</id>
  <BannerPath>seasons/72218-8-11.jpg</BannerPath>
  <BannerType>season</BannerType>
  <BannerType2>season</BannerType2>
  <Language>en</Language>
  <Rating></Rating>
  <RatingCount>0</RatingCount>
  <Season>8</Season>
</Banner>
<Banner>
  <id>892033</id>
  <BannerPath>seasons/72218-10-14.jpg</BannerPath>
  <BannerType>season</BannerType>
  <BannerType2>season</BannerType2>
  <Language>en</Language>
  <Rating></Rating>
  <RatingCount>0</RatingCount>
  <Season>10</Season>
</Banner>
<Banner>
  <id>916763</id>
  <BannerPath>seasons/72218-7-9.jpg</BannerPath>
  <BannerType>season</BannerType>
  <BannerType2>season</BannerType2>
  <Language>en</Language>
  <Rating></Rating>
  <RatingCount>0</RatingCount>
  <Season>7</Season>
</Banner>
<Banner>
  <id>875773</id>
  <BannerPath>seasons/72218-9-8.jpg</BannerPath>
  <BannerType>season</BannerType>
  <BannerType2>season</BannerType2>
  <Language>en</Language>
  <Rating></Rating>
  <RatingCount>0</RatingCount>
  <Season>9</Season>
</Banner>
<Banner>
  <id>926099</id>
  <BannerPath>seasons/72218-1-8.jpg</BannerPath>
  <BannerType>season</BannerType>
  <BannerType2>season</BannerType2>
  <Language>he</Language>
  <Rating></Rating>
  <RatingCount>0</RatingCount>
  <Season>1</Season>
</Banner>
<Banner>
  <id>892027</id>
  <BannerPath>seasons/72218-6-6.jpg</BannerPath>
  <BannerType>season</BannerType>
  <BannerType2>season</BannerType2>
  <Language>en</Language>
  <Rating></Rating>
  <RatingCount>0</RatingCount>
  <Season>6</Season>
</Banner>
<Banner>
  <id>784911</id>
  <BannerPath>seasons/72218-6-2.jpg</BannerPath>
  <BannerType>season</BannerType>
  <BannerType2>season</BannerType2>
  <Language>it</Language>
  <Rating></Rating>
  <RatingCount>0</RatingCount>
  <Season>6</Season>
</Banner>
<Banner>
  <id>852771</id>
  <BannerPath>seasons/72218-9-6.jpg</BannerPath>
  <BannerType>season</BannerType>
  <BannerType2>season</BannerType2>
  <Language>it</Language>
  <Rating></Rating>
  <RatingCount>0</RatingCount>
  <Season>9</Season>
</Banner>
<Banner>
  <id>668191</id>
  <BannerPath>seasons/72218-10-2.jpg</BannerPath>
  <BannerType>season</BannerType>
  <BannerType2>season</BannerType2>
  <Language>en</Language>
  <Rating></Rating>
  <RatingCount>0</RatingCount>
  <Season>10</Season>
</Banner>
<Banner>
  <id>784881</id>
  <BannerPath>seasons/72218-8-9.jpg</BannerPath>
  <BannerType>season</BannerType>
  <BannerType2>season</BannerType2>
  <Language>it</Language>
  <Rating></Rating>
  <RatingCount>0</RatingCount>
  <Season>8</Season>
</Banner>
<Banner>
  <id>892032</id>
  <BannerPath>seasons/72218-10-13.jpg</BannerPath>
  <BannerType>season</BannerType>
  <BannerType2>season</BannerType2>
  <Language>en</Language>
  <Rating></Rating>
  <RatingCount>0</RatingCount>
  <Season>10</Season>
</Banner>
<Banner>
  <id>865469</id>
  <BannerPath>seasons/72218-10-9.jpg</BannerPath>
  <BannerType>season</BannerType>
  <BannerType2>season</BannerType2>
  <Language>en</Language>
  <Rating></Rating>
  <RatingCount>0</RatingCount>
  <Season>10</Season>
</Banner>
<Banner>
  <id>178031</id>
  <BannerPath>seasons/72218-4-4.jpg</BannerPath>
  <BannerType>season</BannerType>
  <BannerType2>season</BannerType2>
  <Language>fr</Language>
  <Rating></Rating>
  <RatingCount>0</RatingCount>
  <Season>4</Season>
</Banner>
<Banner>
  <id>291891</id>
  <BannerPath>seasons/72218-9-2.jpg</BannerPath>
  <BannerType>season</BannerType>
  <BannerType2>season</BannerType2>
  <Language>en</Language>
  <Rating></Rating>
  <RatingCount>0</RatingCount>
  <Season>9</Season>
</Banner>
<Banner>
  <id>916761</id>
  <BannerPath>seasons/72218-6-7.jpg</BannerPath>
  <BannerType>season</BannerType>
  <BannerType2>season</BannerType2>
  <Language>en</Language>
  <Rating></Rating>
  <RatingCount>0</RatingCount>
  <Season>6</Season>
</Banner>
<Banner>
  <id>916759</id>
  <BannerPath>seasons/72218-4-8.jpg</BannerPath>
  <BannerType>season</BannerType>
  <BannerType2>season</BannerType2>
  <Language>en</Language>
  <Rating></Rating>
  <RatingCount>0</RatingCount>
  <Season>4</Season>
</Banner>
<Banner>
  <id>916756</id>
  <BannerPath>seasons/72218-1-7.jpg</BannerPath>
  <BannerType>season</BannerType>
  <BannerType2>season</BannerType2>
  <Language>en</Language>
  <Rating></Rating>
  <RatingCount>0</RatingCount>
  <Season>1</Season>
</Banner>
<Banner>
  <id>6812</id>
  <BannerPath>seasons/1718-5.jpg</BannerPath>
  <BannerType>season</BannerType>
  <BannerType2>season</BannerType2>
  <Language>en</Language>
  <Rating></Rating>
  <RatingCount>0</RatingCount>
  <Season>5</Season>
</Banner>
<Banner>
  <id>149001</id>
  <BannerPath>seasons/72218-8-7.jpg</BannerPath>
  <BannerType>season</BannerType>
  <BannerType2>season</BannerType2>
  <Language>en</Language>
  <Rating></Rating>
  <RatingCount>0</RatingCount>
  <Season>8</Season>
</Banner>
<Banner>
  <id>926102</id>
  <BannerPath>seasons/72218-4-9.jpg</BannerPath>
  <BannerType>season</BannerType>
  <BannerType2>season</BannerType2>
  <Language>he</Language>
  <Rating></Rating>
  <RatingCount>0</RatingCount>
  <Season>4</Season>
</Banner>
<Banner>
  <id>391071</id>
  <BannerPath>seasons/72218-5-5.jpg</BannerPath>
  <BannerType>season</BannerType>
  <BannerType2>season</BannerType2>
  <Language>fr</Language>
  <Rating></Rating>
  <RatingCount>0</RatingCount>
  <Season>5</Season>
</Banner>
<Banner>
  <id>784921</id>
  <BannerPath>seasons/72218-5-2.jpg</BannerPath>
  <BannerType>season</BannerType>
  <BannerType2>season</BannerType2>
  <Language>it</Language>
  <Rating></Rating>
  <RatingCount>0</RatingCount>
  <Season>5</Season>
</Banner>
<Banner>
  <id>178001</id>
  <BannerPath>seasons/72218-1-3.jpg</BannerPath>
  <BannerType>season</BannerType>
  <BannerType2>season</BannerType2>
  <Language>fr</Language>
  <Rating></Rating>
  <RatingCount>0</RatingCount>
  <Season>1</Season>
</Banner>
<Banner>
  <id>178051</id>
  <BannerPath>seasons/72218-2-3.jpg</BannerPath>
  <BannerType>season</BannerType>
  <BannerType2>season</BannerType2>
  <Language>fr</Language>
  <Rating></Rating>
  <RatingCount>0</RatingCount>
  <Season>2</Season>
</Banner>
<Banner>
  <id>916757</id>
  <BannerPath>seasons/72218-2-7.jpg</BannerPath>
  <BannerType>season</BannerType>
  <BannerType2>season</BannerType2>
  <Language>en</Language>
  <Rating></Rating>
  <RatingCount>0</RatingCount>
  <Season>2</Season>
</Banner>
<Banner>
  <id>784901</id>
  <BannerPath>seasons/72218-7-4.jpg</BannerPath>
  <BannerType>season</BannerType>
  <BannerType2>season</BannerType2>
  <Language>it</Language>
  <Rating></Rating>
  <RatingCount>0</RatingCount>
  <Season>7</Season>
</Banner>
<Banner>
  <id>858900</id>
  <BannerPath>seasons/72218-10-7.jpg</BannerPath>
  <BannerType>season</BannerType>
  <BannerType2>season</BannerType2>
  <Language>en</Language>
  <Rating></Rating>
  <RatingCount>0</RatingCount>
  <Season>10</Season>
</Banner>
<Banner>
  <id>784871</id>
  <BannerPath>seasons/72218-1-2.jpg</BannerPath>
  <BannerType>season</BannerType>
  <BannerType2>season</BannerType2>
  <Language>it</Language>
  <Rating></Rating>
  <RatingCount>0</RatingCount>
  <Season>1</Season>
</Banner>
<Banner>
  <id>916766</id>
  <BannerPath>seasons/72218-10-15.jpg</BannerPath>
  <BannerType>season</BannerType>
  <BannerType2>season</BannerType2>
  <Language>en</Language>
  <Rating></Rating>
  <RatingCount>0</RatingCount>
  <Season>10</Season>
</Banner>
<Banner>
  <id>6811</id>
  <BannerPath>seasons/1718-4.jpg</BannerPath>
  <BannerType>season</BannerType>
  <BannerType2>season</BannerType2>
  <Language>en</Language>
  <Rating></Rating>
  <RatingCount>0</RatingCount>
  <Season>4</Season>
</Banner>
<Banner>
  <id>926101</id>
  <BannerPath>seasons/72218-3-9.jpg</BannerPath>
  <BannerType>season</BannerType>
  <BannerType2>season</BannerType2>
  <Language>he</Language>
  <Rating></Rating>
  <RatingCount>0</RatingCount>
  <Season>3</Season>
</Banner>
<Banner>
  <id>892025</id>
  <BannerPath>seasons/72218-5-7.jpg</BannerPath>
  <BannerType>season</BannerType>
  <BannerType2>season</BannerType2>
  <Language>en</Language>
  <Rating></Rating>
  <RatingCount>0</RatingCount>
  <Season>5</Season>
</Banner>
<Banner>
  <id>391051</id>
  <BannerPath>seasons/72218-1-4.jpg</BannerPath>
  <BannerType>season</BannerType>
  <BannerType2>season</BannerType2>
  <Language>fr</Language>
  <Rating></Rating>
  <RatingCount>0</RatingCount>
  <Season>1</Season>
</Banner>
<Banner>
  <id>668201</id>
  <BannerPath>seasons/72218-10-3.jpg</BannerPath>
  <BannerType>season</BannerType>
  <BannerType2>season</BannerType2>
  <Language>en</Language>
  <Rating></Rating>
  <RatingCount>0</RatingCount>
  <Season>10</Season>
</Banner>
<Banner>
  <id>784941</id>
  <BannerPath>seasons/72218-3-5.jpg</BannerPath>
  <BannerType>season</BannerType>
  <BannerType2>season</BannerType2>
  <Language>it</Language>
  <Rating></Rating>
  <RatingCount>0</RatingCount>
  <Season>3</Season>
</Banner>
<Banner>
  <id>916760</id>
  <BannerPath>seasons/72218-5-8.jpg</BannerPath>
  <BannerType>season</BannerType>
  <BannerType2>season</BannerType2>
  <Language>en</Language>
  <Rating></Rating>
  <RatingCount>0</RatingCount>
  <Season>5</Season>
</Banner>
<Banner>
  <id>865468</id>
  <BannerPath>seasons/72218-10-8.jpg</BannerPath>
  <BannerType>season</BannerType>
  <BannerType2>season</BannerType2>
  <Language>en</Language>
  <Rating></Rating>
  <RatingCount>0</RatingCount>
  <Season>10</Season>
</Banner>
<Banner>
  <id>892015</id>
  <BannerPath>seasons/72218-2-6.jpg</BannerPath>
  <BannerType>season</BannerType>
  <BannerType2>season</BannerType2>
  <Language>en</Language>
  <Rating></Rating>
  <RatingCount>0</RatingCount>
  <Season>2</Season>
</Banner>
<Banner>
  <id>8938</id>
  <BannerPath>seasons/1718-6.jpg</BannerPath>
  <BannerType>season</BannerType>
  <BannerType2>season</BannerType2>
  <Language>en</Language>
  <Rating></Rating>
  <RatingCount>0</RatingCount>
  <Season>6</Season>
</Banner>
<Banner>
  <id>15414</id>
  <BannerPath>seasonswide/72218-3.jpg</BannerPath>
  <BannerType>season</BannerType>
  <BannerType2>seasonwide</BannerType2>
  <Language>en</Language>
  <Rating></Rating>
  <RatingCount>0</RatingCount>
  <Season>3</Season>
</Banner>
<Banner>
  <id>15416</id>
  <BannerPath>seasonswide/72218-4.jpg</BannerPath>
  <BannerType>season</BannerType>
  <BannerType2>seasonwide</BannerType2>
  <Language>en</Language>
  <Rating></Rating>
  <RatingCount>0</RatingCount>
  <Season>4</Season>
</Banner>
<Banner>
  <id>15415</id>
  <BannerPath>seasonswide/72218-2-2.jpg</BannerPath>
  <BannerType>season</BannerType>
  <BannerType2>seasonwide</BannerType2>
  <Language>en</Language>
  <Rating></Rating>
  <RatingCount>0</RatingCount>
  <Season>2</Season>
</Banner>
<Banner>
  <id>15417</id>
  <BannerPath>seasonswide/72218-5.jpg</BannerPath>
  <BannerType>season</BannerType>
  <BannerType2>seasonwide</BannerType2>
  <Language>en</Language>
  <Rating></Rating>
  <RatingCount>0</RatingCount>
  <Season>5</Season>
</Banner>
<Banner>
  <id>15413</id>
  <BannerPath>seasonswide/72218-2.jpg</BannerPath>
  <BannerType>season</BannerType>
  <BannerType2>seasonwide</BannerType2>
  <Language>en</Language>
  <Rating></Rating>
  <RatingCount>0</RatingCount>
  <Season>2</Season>
</Banner>
<Banner>
  <id>15418</id>
  <BannerPath>seasonswide/72218-6.jpg</BannerPath>
  <BannerType>season</BannerType>
  <BannerType2>seasonwide</BannerType2>
  <Language>en</Language>
  <Rating></Rating>
  <RatingCount>0</RatingCount>
  <Season>6</Season>
</Banner>
<Banner>
  <id>15412</id>
  <BannerPath>seasonswide/72218-1.jpg</BannerPath>
  <BannerType>season</BannerType>
  <BannerType2>seasonwide</BannerType2>
  <Language>en</Language>
  <Rating></Rating>
  <RatingCount>0</RatingCount>
  <Season>1</Season>
</Banner>
<Banner>
  <id>489831</id>
  <BannerPath>graphical/72218-g20.jpg</BannerPath>
  <BannerType>series</BannerType>
  <BannerType2>graphical</BannerType2>
  <Language>en</Language>
  <Rating>8.1429</Rating>
  <RatingCount>7</RatingCount>
</Banner>
<Banner>
  <id>401431</id>
  <BannerPath>graphical/72218-g17.jpg</BannerPath>
  <BannerType>series</BannerType>
  <BannerType2>graphical</BannerType2>
  <Language>en</Language>
  <Rating>7.5000</Rating>
  <RatingCount>6</RatingCount>
</Banner>
<Banner>
  <id>320451</id>
  <BannerPath>graphical/72218-g9.jpg</BannerPath>
  <BannerType>series</BannerType>
  <BannerType2>graphical</BannerType2>
  <Language>en</Language>
  <Rating>7.2500</Rating>
  <RatingCount>4</RatingCount>
</Banner>
<Banner>
  <id>508021</id>
  <BannerPath>graphical/72218-g21.jpg</BannerPath>
  <BannerType>series</BannerType>
  <BannerType2>graphical</BannerType2>
  <Language>en</Language>
  <Rating>7.0000</Rating>
  <RatingCount>4</RatingCount>
</Banner>
<Banner>
  <id>445091</id>
  <BannerPath>graphical/72218-g18.jpg</BannerPath>
  <BannerType>series</BannerType>
  <BannerType2>graphical</BannerType2>
  <Language>en</Language>
  <Rating>6.6667</Rating>
  <RatingCount>3</RatingCount>
</Banner>
<Banner>
  <id>619931</id>
  <BannerPath>graphical/72218-g22.jpg</BannerPath>
  <BannerType>series</BannerType>
  <BannerType2>graphical</BannerType2>
  <Language>en</Language>
  <Rating>6.6667</Rating>
  <RatingCount>3</RatingCount>
</Banner>
<Banner>
  <id>9132</id>
  <BannerPath>graphical/1718-g.jpg</BannerPath>
  <BannerType>series</BannerType>
  <BannerType2>graphical</BannerType2>
  <Language>en</Language>
  <Rating>6.3333</Rating>
  <RatingCount>12</RatingCount>
</Banner>
<Banner>
  <id>20068</id>
  <BannerPath>graphical/72218-g5.jpg</BannerPath>
  <BannerType>series</BannerType>
  <BannerType2>graphical</BannerType2>
  <Language>en</Language>
  <Rating>6.1667</Rating>
  <RatingCount>12</RatingCount>
</Banner>
<Banner>
  <id>13699</id>
  <BannerPath>graphical/72218-g2.jpg</BannerPath>
  <BannerType>series</BannerType>
  <BannerType2>graphical</BannerType2>
  <Language>en</Language>
  <Rating>6.1250</Rating>
  <RatingCount>16</RatingCount>
</Banner>
<Banner>
  <id>44211</id>
  <BannerPath>graphical/72218-g13.jpg</BannerPath>
  <BannerType>series</BannerType>
  <BannerType2>graphical</BannerType2>
  <Language>en</Language>
  <Rating>5.6667</Rating>
  <RatingCount>3</RatingCount>
</Banner>
<Banner>
  <id>38379</id>
  <BannerPath>graphical/72218-g10.jpg</BannerPath>
  <BannerType>series</BannerType>
  <BannerType2>graphical</BannerType2>
  <Language>en</Language>
  <Rating>5.5714</Rating>
  <RatingCount>7</RatingCount>
</Banner>
<Banner>
  <id>361051</id>
  <BannerPath>graphical/72218-g15.jpg</BannerPath>
  <BannerType>series</BannerType>
  <BannerType2>graphical</BannerType2>
  <Language>en</Language>
  <Rating>5.5714</Rating>
  <RatingCount>7</RatingCount>
</Banner>
<Banner>
  <id>38996</id>
  <BannerPath>graphical/72218-g12.jpg</BannerPath>
  <BannerType>series</BannerType>
  <BannerType2>graphical</BannerType2>
  <Language>es</Language>
  <Rating>5.5000</Rating>
  <RatingCount>2</RatingCount>
</Banner>
<Banner>
  <id>892039</id>
  <BannerPath>graphical/72218-g26.jpg</BannerPath>
  <BannerType>series</BannerType>
  <BannerType2>graphical</BannerType2>
  <Language>en</Language>
  <Rating>5.5000</Rating>
  <RatingCount>2</RatingCount>
</Banner>
<Banner>
  <id>23915</id>
  <BannerPath>graphical/72218-g6.jpg</BannerPath>
  <BannerType>series</BannerType>
  <BannerType2>graphical</BannerType2>
  <Language>en</Language>
  <Rating>5.2857</Rating>
  <RatingCount>7</RatingCount>
</Banner>
<Banner>
  <id>241291</id>
  <BannerPath>graphical/72218-g14.jpg</BannerPath>
  <BannerType>series</BannerType>
  <BannerType2>graphical</BannerType2>
  <Language>en</Language>
  <Rating>4.7500</Rating>
  <RatingCount>4</RatingCount>
</Banner>
<Banner>
  <id>369841</id>
  <BannerPath>graphical/72218-g16.jpg</BannerPath>
  <BannerType>series</BannerType>
  <BannerType2>graphical</BannerType2>
  <Language>en</Language>
  <Rating>4.0000</Rating>
  <RatingCount>2</RatingCount>
</Banner>
<Banner>
  <id>38484</id>
  <BannerPath>graphical/72218-g11.jpg</BannerPath>
  <BannerType>series</BannerType>
  <BannerType2>graphical</BannerType2>
  <Language>de</Language>
  <Rating>4.0000</Rating>
  <RatingCount>5</RatingCount>
</Banner>
<Banner>
  <id>31381</id>
  <BannerPath>graphical/72218-g8.jpg</BannerPath>
  <BannerType>series</BannerType>
  <BannerType2>graphical</BannerType2>
  <Language>en</Language>
  <Rating>3.6667</Rating>
  <RatingCount>3</RatingCount>
</Banner>
<Banner>
  <id>16575</id>
  <BannerPath>graphical/72218-g3.jpg</BannerPath>
  <BannerType>series</BannerType>
  <BannerType2>graphical</BannerType2>
  <Language>en</Language>
  <Rating>3.5000</Rating>
  <RatingCount>8</RatingCount>
</Banner>
<Banner>
  <id>12867</id>
  <BannerPath>blank/72218.jpg</BannerPath>
  <BannerType>series</BannerType>
  <BannerType2>blank</BannerType2>
  <Language>en</Language>
  <Rating>3.2500</Rating>
  <RatingCount>4</RatingCount>
</Banner>
<Banner>
  <id>13092</id>
  <BannerPath>blank/72218-2.jpg</BannerPath>
  <BannerType>series</BannerType>
  <BannerType2>blank</BannerType2>
  <Language>en</Language>
  <Rating>2.2000</Rating>
  <RatingCount>5</RatingCount>
</Banner>
<Banner>
  <id>23916</id>
  <BannerPath>graphical/72218-g7.jpg</BannerPath>
  <BannerType>series</BannerType>
  <BannerType2>graphical</BannerType2>
  <Language>en</Language>
  <Rating>2.0000</Rating>
  <RatingCount>3</RatingCount>
</Banner>
<Banner>
  <id>9131</id>
  <BannerPath>text/1718.jpg</BannerPath>
  <BannerType>series</BannerType>
  <BannerType2>text</BannerType2>
  <Language>en</Language>
  <Rating>1.8000</Rating>
  <RatingCount>5</RatingCount>
</Banner>
<Banner>
  <id>19968</id>
  <BannerPath>graphical/72218-g4.jpg</BannerPath>
  <BannerType>series</BannerType>
  <BannerType2>graphical</BannerType2>
  <Language>it</Language>
  <Rating>1.3750</Rating>
  <RatingCount>8</RatingCount>
</Banner>
<Banner>
  <id>864184</id>
  <BannerPath>graphical/72218-g24.jpg</BannerPath>
  <BannerType>series</BannerType>
  <BannerType2>graphical</BannerType2>
  <Language>en</Language>
  <Rating>1.0000</Rating>
  <RatingCount>1</RatingCount>
</Banner>
<Banner>
  <id>865470</id>
  <BannerPath>graphical/72218-g25.jpg</BannerPath>
  <BannerType>series</BannerType>
  <BannerType2>graphical</BannerType2>
  <Language>en</Language>
  <Rating></Rating>
  <RatingCount>0</RatingCount>
</Banner>
<Banner>
  <id>481781</id>
  <BannerPath>graphical/72218-g19.jpg</BannerPath>
  <BannerType>series</BannerType>
  <BannerType2>graphical</BannerType2>
  <Language>en</Language>
  <Rating></Rating>
  <RatingCount>0</RatingCount>
</Banner>
<Banner>
  <id>676811</id>
  <BannerPath>graphical/72218-g23.jpg</BannerPath>
  <BannerType>series</BannerType>
  <BannerType2>graphical</BannerType2>
  <Language>en</Language>
  <Rating></Rating>
  <RatingCount>0</RatingCount>
</Banner>
</Banners>