<?xml version="1.0" encoding="UTF-8" ?>
<Data><Series>
  <id>79257</id>
  <Actors>|Sigourney Weaver|Sir David Attenborough|</Actors>
  <Airs_DayOfWeek></Airs_DayOfWeek>
  <Airs_Time></Airs_Time>
  <ContentRating>TV-G</ContentRating>
  <FirstAired>2006-03-05</FirstAired>
  <Genre>|Documentary|</Genre>
  <IMDB_ID>tt0795176</IMDB_ID>
  <Language>en</Language>
  <Network>BBC One</Network>
  <NetworkID></NetworkID>
  <Overview>As of its release in early 2007, Planet Earth is quite simply the greatest nature/wildlife series ever produced. Following the similarly monumental achievement of The Blue Planet: Seas of Life, this astonishing 11-part BBC series is brilliantly narrated by Sir David Attenborough and sensibly organized so that each 50-minute episode covers a specific geographical region and/or wildlife habitat (mountains, caves, deserts, shallow seas, seasonal forests, etc.) until the entire planet has been magnificently represented by the most astonishing sights and sounds you'll ever experience from the comforts of home. The premiere episode, &quot;From Pole to Pole,&quot; serves as a primer for things to come, placing the entire series in proper context and giving a general overview of what to expect from each individual episode. Without being overtly political, the series maintains a consistent and subtle emphasis on the urgent need for ongoing conservation, best illustrated by the plight of polar bears whose very behavior is changing (to accommodate life-threatening changes in their fast-melting habitat) in the wake of global warming--a phenomenon that this series appropriately presents as scientific fact. With this harsh reality as subtext, the series proceeds to accentuate the positive, delivering a seemingly endless variety of natural wonders, from the spectacular mating displays of New Guinea's various birds of paradise to a rare encounter with Siberia's nearly-extinct Amur Leopards, of which only 30 remain in the wild.</Overview>
  <Rating>9.5</Rating>
  <RatingCount>119</RatingCount>
  <Runtime>60</Runtime>
  <SeriesID>70321</SeriesID>
  <SeriesName>Planet Earth</SeriesName>
  <Status>Ended</Status>
  <added></added>
  <addedBy></addedBy>
  <banner>graphical/79257-g13.jpg</banner>
  <fanart>fanart/original/79257-1.jpg</fanart>
  <lastupdated>1365552256</lastupdated>
  <poster>posters/79257-1.jpg</poster>
  <zap2it_id>EP00899881</zap2it_id>
</Series>
<Episode>
  <id>329748</id>
  <Combined_episodenumber>1</Combined_episodenumber>
  <Combined_season>0</Combined_season>
  <DVD_chapter></DVD_chapter>
  <DVD_discid></DVD_discid>
  <DVD_episodenumber></DVD_episodenumber>
  <DVD_season></DVD_season>
  <Director></Director>
  <EpImgFlag>7</EpImgFlag>
  <EpisodeName>Diaries-Eye in the Sky</EpisodeName>
  <EpisodeNumber>1</EpisodeNumber>
  <FirstAired></FirstAired>
  <GuestStars></GuestStars>
  <IMDB_ID></IMDB_ID>
  <Language>en</Language>
  <Overview></Overview>
  <ProductionCode></ProductionCode>
  <Rating>8.0</Rating>
  <RatingCount>2</RatingCount>
  <SeasonNumber>0</SeasonNumber>
  <Writer></Writer>
  <absolute_number></absolute_number>
  <airsafter_season></airsafter_season>
  <airsbefore_episode>2</airsbefore_episode>
  <airsbefore_season>1</airsbefore_season>
  <filename>episodes/79257/329748.jpg</filename>
  <lastupdated>1276018233</lastupdated>
  <seasonid>26700</seasonid>
  <seriesid>79257</seriesid>
</Episode>
<Episode>
  <id>347310</id>
  <Combined_episodenumber>2</Combined_episodenumber>
  <Combined_season>0</Combined_season>
  <DVD_chapter></DVD_chapter>
  <DVD_discid></DVD_discid>
  <DVD_episodenumber></DVD_episodenumber>
  <DVD_season></DVD_season>
  <Director></Director>
  <EpImgFlag>3</EpImgFlag>
  <EpisodeName>Diaries-Snow Leopard Quest</EpisodeName>
  <EpisodeNumber>2</EpisodeNumber>
  <FirstAired></FirstAired>
  <GuestStars></GuestStars>
  <IMDB_ID></IMDB_ID>
  <Language>en</Language>
  <Overview></Overview>
  <ProductionCode></ProductionCode>
  <Rating>10.0</Rating>
  <RatingCount>1</RatingCount>
  <SeasonNumber>0</SeasonNumber>
  <Writer></Writer>
  <absolute_number></absolute_number>
  <airsafter_season></airsafter_season>
  <airsbefore_episode>3</airsbefore_episode>
  <airsbefore_season>1</airsbefore_season>
  <filename>episodes/79257/347310.jpg</filename>
  <lastupdated>1276018314</lastupdated>
  <seasonid>26700</seasonid>
  <seriesid>79257</seriesid>
</Episode>
<Episode>
  <id>414861</id>
  <Combined_episodenumber>3</Combined_episodenumber>
  <Combined_season>0</Combined_season>
  <DVD_chapter></DVD_chapter>
  <DVD_discid></DVD_discid>
  <DVD_episodenumber></DVD_episodenumber>
  <DVD_season></DVD_season>
  <Director></Director>
  <EpImgFlag>3</EpImgFlag>
  <EpisodeName>Diaries-Diving with Piranhas</EpisodeName>
  <EpisodeNumber>3</EpisodeNumber>
  <FirstAired></FirstAired>
  <GuestStars></GuestStars>
  <IMDB_ID></IMDB_ID>
  <Language>en</Language>
  <Overview></Overview>
  <ProductionCode></ProductionCode>
  <Rating>8.0</Rating>
  <RatingCount>1</RatingCount>
  <SeasonNumber>0</SeasonNumber>
  <Writer></Writer>
  <absolute_number></absolute_number>
  <airsafter_season></airsafter_season>
  <airsbefore_episode>4</airsbefore_episode>
  <airsbefore_season>1</airsbefore_season>
  <filename>episodes/79257/414861.jpg</filename>
  <lastupdated>1276018349</lastupdated>
  <seasonid>26700</seasonid>
  <seriesid>79257</seriesid>
</Episode>
<Episode>
  <id>361797</id>
  <Combined_episodenumber>4</Combined_episodenumber>
  <Combined_season>0</Combined_season>
  <DVD_chapter></DVD_chapter>
  <DVD_discid></DVD_discid>
  <DVD_episodenumber></DVD_episodenumber>
  <DVD_season></DVD_season>
  <Director></Director>
  <EpImgFlag>3</EpImgFlag>
  <EpisodeName>Diaries-Into the Abyss</EpisodeName>
  <EpisodeNumber>4</EpisodeNumber>
  <FirstAired></FirstAired>
  <GuestStars></GuestStars>
  <IMDB_ID></IMDB_ID>
  <Language>en</Language>
  <Overview></Overview>
  <ProductionCode></ProductionCode>
  <Rating>8.0</Rating>
  <RatingCount>1</RatingCount>
  <SeasonNumber>0</SeasonNumber>
  <Writer></Writer>
  <absolute_number></absolute_number>
  <airsafter_season></airsafter_season>
  <airsbefore_episode>5</airsbefore_episode>
  <airsbefore_season>1</airsbefore_season>
  <filename>episodes/79257/361797.jpg</filename>
  <lastupdated>1276018370</lastupdated>
  <seasonid>26700</seasonid>
  <seriesid>79257</seriesid>
</Episode>
<Episode>
  <id>361798</id>
  <Combined_episodenumber>5</Combined_episodenumber>
  <Combined_season>0</Combined_season>
  <DVD_chapter></DVD_chapter>
  <DVD_discid></DVD_discid>
  <DVD_episodenumber></DVD_episodenumber>
  <DVD_season></DVD_season>
  <Director></Director>
  <EpImgFlag>7</EpImgFlag>
  <EpisodeName>Diaries-Wild Camel Chase</EpisodeName>
  <EpisodeNumber>5</EpisodeNumber>
  <FirstAired></FirstAired>
  <GuestStars></GuestStars>
  <IMDB_ID></IMDB_ID>
  <Language>en</Language>
  <Overview></Overview>
  <ProductionCode></ProductionCode>
  <Rating>7.0</Rating>
  <RatingCount>1</RatingCount>
  <SeasonNumber>0</SeasonNumber>
  <Writer></Writer>
  <absolute_number></absolute_number>
  <airsafter_season></airsafter_season>
  <airsbefore_episode>6</airsbefore_episode>
  <airsbefore_season>1</airsbefore_season>
  <filename>episodes/79257/361798.jpg</filename>
  <lastupdated>1276018402</lastupdated>
  <seasonid>26700</seasonid>
  <seriesid>79257</seriesid>
</Episode>
<Episode>
  <id>414859</id>
  <Combined_episodenumber>6</Combined_episodenumber>
  <Combined_season>0</Combined_season>
  <DVD_chapter></DVD_chapter>
  <DVD_discid></DVD_discid>
  <DVD_episodenumber></DVD_episodenumber>
  <DVD_season></DVD_season>
  <Director></Director>
  <EpImgFlag>3</EpImgFlag>
  <EpisodeName>Diaries-Alive in the Freezer</EpisodeName>
  <EpisodeNumber>6</EpisodeNumber>
  <FirstAired></FirstAired>
  <GuestStars></GuestStars>
  <IMDB_ID></IMDB_ID>
  <Language>en</Language>
  <Overview></Overview>
  <ProductionCode></ProductionCode>
  <Rating>9.0</Rating>
  <RatingCount>1</RatingCount>
  <SeasonNumber>0</SeasonNumber>
  <Writer></Writer>
  <absolute_number></absolute_number>
  <airsafter_season></airsafter_season>
  <airsbefore_episode>7</airsbefore_episode>
  <airsbefore_season>1</airsbefore_season>
  <filename>episodes/79257/414859.jpg</filename>
  <lastupdated>1276018481</lastupdated>
  <seasonid>26700</seasonid>
  <seriesid>79257</seriesid>
</Episode>
<Episode>
  <id>361799</id>
  <Combined_episodenumber>7</Combined_episodenumber>
  <Combined_season>0</Combined_season>
  <DVD_chapter></DVD_chapter>
  <DVD_discid></DVD_discid>
  <DVD_episodenumber></DVD_episodenumber>
  <DVD_season></DVD_season>
  <Director></Director>
  <EpImgFlag>3</EpImgFlag>
  <EpisodeName>Diaries-Shot in the Dark</EpisodeName>
  <EpisodeNumber>7</EpisodeNumber>
  <FirstAired></FirstAired>
  <GuestStars></GuestStars>
  <IMDB_ID></IMDB_ID>
  <Language>en</Language>
  <Overview></Overview>
  <ProductionCode></ProductionCode>
  <Rating>9.0</Rating>
  <RatingCount>1</RatingCount>
  <SeasonNumber>0</SeasonNumber>
  <Writer></Writer>
  <absolute_number></absolute_number>
  <airsafter_season></airsafter_season>
  <airsbefore_episode>8</airsbefore_episode>
  <airsbefore_season>1</airsbefore_season>
  <filename>episodes/79257/361799.jpg</filename>
  <lastupdated>1276018504</lastupdated>
  <seasonid>26700</seasonid>
  <seriesid>79257</seriesid>
</Episode>
<Episode>
  <id>361800</id>
  <Combined_episodenumber>8</Combined_episodenumber>
  <Combined_season>0</Combined_season>
  <DVD_chapter></DVD_chapter>
  <DVD_discid></DVD_discid>
  <DVD_episodenumber></DVD_episodenumber>
  <DVD_season></DVD_season>
  <Director></Director>
  <EpImgFlag>3</EpImgFlag>
  <EpisodeName>Diaries-Trouble in Paradise</EpisodeName>
  <EpisodeNumber>8</EpisodeNumber>
  <FirstAired></FirstAired>
  <GuestStars></GuestStars>
  <IMDB_ID></IMDB_ID>
  <Language>en</Language>
  <Overview></Overview>
  <ProductionCode></ProductionCode>
  <Rating>9.0</Rating>
  <RatingCount>1</RatingCount>
  <SeasonNumber>0</SeasonNumber>
  <Writer></Writer>
  <absolute_number></absolute_number>
  <airsafter_season></airsafter_season>
  <airsbefore_episode>9</airsbefore_episode>
  <airsbefore_season>1</airsbefore_season>
  <filename>episodes/79257/361800.jpg</filename>
  <lastupdated>1276018546</lastupdated>
  <seasonid>26700</seasonid>
  <seriesid>79257</seriesid>
</Episode>
<Episode>
  <id>361795</id>
  <Combined_episodenumber>9</Combined_episodenumber>
  <Combined_season>0</Combined_season>
  <DVD_chapter></DVD_chapter>
  <DVD_discid></DVD_discid>
  <DVD_episodenumber></DVD_episodenumber>
  <DVD_season></DVD_season>
  <Director></Director>
  <EpImgFlag>3</EpImgFlag>
  <EpisodeName>Diaries-Shark Quest</EpisodeName>
  <EpisodeNumber>9</EpisodeNumber>
  <FirstAired></FirstAired>
  <GuestStars></GuestStars>
  <IMDB_ID></IMDB_ID>
  <Language>en</Language>
  <Overview></Overview>
  <ProductionCode></ProductionCode>
  <Rating>10.0</Rating>
  <RatingCount>1</RatingCount>
  <SeasonNumber>0</SeasonNumber>
  <Writer></Writer>
  <absolute_number></absolute_number>
  <airsafter_season></airsafter_season>
  <airsbefore_episode>10</airsbefore_episode>
  <airsbefore_season>1</airsbefore_season>
  <filename>episodes/79257/361795.jpg</filename>
  <lastupdated>1276018568</lastupdated>
  <seasonid>26700</seasonid>
  <seriesid>79257</seriesid>
</Episode>
<Episode>
  <id>414860</id>
  <Combined_episodenumber>10</Combined_episodenumber>
  <Combined_season>0</Combined_season>
  <DVD_chapter></DVD_chapter>
  <DVD_discid></DVD_discid>
  <DVD_episodenumber></DVD_episodenumber>
  <DVD_season></DVD_season>
  <Director></Director>
  <EpImgFlag>3</EpImgFlag>
  <EpisodeName>Diaries-Forest Fliers</EpisodeName>
  <EpisodeNumber>10</EpisodeNumber>
  <FirstAired></FirstAired>
  <GuestStars></GuestStars>
  <IMDB_ID></IMDB_ID>
  <Language>en</Language>
  <Overview></Overview>
  <ProductionCode></ProductionCode>
  <Rating>9.0</Rating>
  <RatingCount>1</RatingCount>
  <SeasonNumber>0</SeasonNumber>
  <Writer></Writer>
  <absolute_number></absolute_number>
  <airsafter_season></airsafter_season>
  <airsbefore_episode>11</airsbefore_episode>
  <airsbefore_season>1</airsbefore_season>
  <filename>episodes/79257/414860.jpg</filename>
  <lastupdated>1276018587</lastupdated>
  <seasonid>26700</seasonid>
  <seriesid>79257</seriesid>
</Episode>
<Episode>
  <id>361796</id>
  <Combined_episodenumber>11</Combined_episodenumber>
  <Combined_season>0</Combined_season>
  <DVD_chapter></DVD_chapter>
  <DVD_discid></DVD_discid>
  <DVD_episodenumber></DVD_episodenumber>
  <DVD_season></DVD_season>
  <Director></Director>
  <EpImgFlag>3</EpImgFlag>
  <EpisodeName>Diaries-Ocean Wanderers</EpisodeName>
  <EpisodeNumber>11</EpisodeNumber>
  <FirstAired></FirstAired>
  <GuestStars></GuestStars>
  <IMDB_ID></IMDB_ID>
  <Language>en</Language>
  <Overview></Overview>
  <ProductionCode></ProductionCode>
  <Rating>10.0</Rating>
  <RatingCount>1</RatingCount>
  <SeasonNumber>0</SeasonNumber>
  <Writer></Writer>
  <absolute_number></absolute_number>
  <airsafter_season>1</airsafter_season>
  <airsbefore_episode></airsbefore_episode>
  <airsbefore_season></airsbefore_season>
  <filename>episodes/79257/361796.jpg</filename>
  <lastupdated>1315369272</lastupdated>
  <seasonid>26700</seasonid>
  <seriesid>79257</seriesid>
</Episode>
<Episode>
  <id>2274071</id>
  <Combined_episodenumber>12</Combined_episodenumber>
  <Combined_season>0</Combined_season>
  <DVD_chapter></DVD_chapter>
  <DVD_discid>1</DVD_discid>
  <DVD_episodenumber></DVD_episodenumber>
  <DVD_season></DVD_season>
  <Director></Director>
  <EpImgFlag>3</EpImgFlag>
  <EpisodeName>Extremes</EpisodeName>
  <EpisodeNumber>12</EpisodeNumber>
  <FirstAired></FirstAired>
  <GuestStars></GuestStars>
  <IMDB_ID></IMDB_ID>
  <Language>en</Language>
  <Overview>Highlights the extreme conditions endured by those filiming &quot;Planet Earth.&quot;  From the Blu-Ray series.</Overview>
  <ProductionCode></ProductionCode>
  <Rating></Rating>
  <RatingCount>0</RatingCount>
  <SeasonNumber>0</SeasonNumber>
  <Writer></Writer>
  <absolute_number></absolute_number>
  <airsafter_season>1</airsafter_season>
  <airsbefore_episode></airsbefore_episode>
  <airsbefore_season></airsbefore_season>
  <filename>episodes/79257/2274071.jpg</filename>
  <lastupdated>1277557058</lastupdated>
  <seasonid>26700</seasonid>
  <seriesid>79257</seriesid>
</Episode>
<Episode>
  <id>2400881</id>
  <Combined_episodenumber>13</Combined_episodenumber>
  <Combined_season>0</Combined_season>
  <DVD_chapter></DVD_chapter>
  <DVD_discid>1</DVD_discid>
  <DVD_episodenumber></DVD_episodenumber>
  <DVD_season></DVD_season>
  <Director></Director>
  <EpImgFlag>3</EpImgFlag>
  <EpisodeName>Technology</EpisodeName>
  <EpisodeNumber>13</EpisodeNumber>
  <FirstAired></FirstAired>
  <GuestStars></GuestStars>
  <IMDB_ID></IMDB_ID>
  <Language>en</Language>
  <Overview>Describes technology used to film Planet Earth including specialized airplanes and night vision cameras.  From the Blu-Ray version.</Overview>
  <ProductionCode></ProductionCode>
  <Rating></Rating>
  <RatingCount>0</RatingCount>
  <SeasonNumber>0</SeasonNumber>
  <Writer></Writer>
  <absolute_number></absolute_number>
  <airsafter_season>1</airsafter_season>
  <airsbefore_episode></airsbefore_episode>
  <airsbefore_season></airsbefore_season>
  <filename>episodes/79257/2400881.jpg</filename>
  <lastupdated>1277557091</lastupdated>
  <seasonid>26700</seasonid>
  <seriesid>79257</seriesid>
</Episode>
<Episode>
  <id>2400891</id>
  <Combined_episodenumber>14</Combined_episodenumber>
  <Combined_season>0</Combined_season>
  <DVD_chapter></DVD_chapter>
  <DVD_discid>1</DVD_discid>
  <DVD_episodenumber></DVD_episodenumber>
  <DVD_season></DVD_season>
  <Director></Director>
  <EpImgFlag>3</EpImgFlag>
  <EpisodeName>Danger</EpisodeName>
  <EpisodeNumber>14</EpisodeNumber>
  <FirstAired></FirstAired>
  <GuestStars></GuestStars>
  <IMDB_ID></IMDB_ID>
  <Language>en</Language>
  <Overview>Highlights the dangerous situations the filmers of &quot;Planet Earth' experienced while making this series.  From the Blu-Ray series.</Overview>
  <ProductionCode></ProductionCode>
  <Rating></Rating>
  <RatingCount>0</RatingCount>
  <SeasonNumber>0</SeasonNumber>
  <Writer></Writer>
  <absolute_number></absolute_number>
  <airsafter_season>1</airsafter_season>
  <airsbefore_episode></airsbefore_episode>
  <airsbefore_season></airsbefore_season>
  <filename>episodes/79257/2400891.jpg</filename>
  <lastupdated>1277557110</lastupdated>
  <seasonid>26700</seasonid>
  <seriesid>79257</seriesid>
</Episode>
<Episode>
  <id>2400901</id>
  <Combined_episodenumber>15</Combined_episodenumber>
  <Combined_season>0</Combined_season>
  <DVD_chapter></DVD_chapter>
  <DVD_discid>1</DVD_discid>
  <DVD_episodenumber></DVD_episodenumber>
  <DVD_season></DVD_season>
  <Director></Director>
  <EpImgFlag>2</EpImgFlag>
  <EpisodeName>Capturing the Moment</EpisodeName>
  <EpisodeNumber>15</EpisodeNumber>
  <FirstAired></FirstAired>
  <GuestStars></GuestStars>
  <IMDB_ID></IMDB_ID>
  <Language>en</Language>
  <Overview>Highlights the extreme care the film crews had to take while filming &quot;Planet Earth.&quot;  Also shows how sometimes care was not enough--luck was also key.  From the Blu-Ray series.</Overview>
  <ProductionCode></ProductionCode>
  <Rating></Rating>
  <RatingCount>0</RatingCount>
  <SeasonNumber>0</SeasonNumber>
  <Writer></Writer>
  <absolute_number></absolute_number>
  <airsafter_season>1</airsafter_season>
  <airsbefore_episode></airsbefore_episode>
  <airsbefore_season></airsbefore_season>
  <filename>episodes/79257/2400901.jpg</filename>
  <lastupdated>1277557132</lastupdated>
  <seasonid>26700</seasonid>
  <seriesid>79257</seriesid>
</Episode>
<Episode>
  <id>2999271</id>
  <Combined_episodenumber>16</Combined_episodenumber>
  <Combined_season>0</Combined_season>
  <DVD_chapter></DVD_chapter>
  <DVD_discid></DVD_discid>
  <DVD_episodenumber></DVD_episodenumber>
  <DVD_season></DVD_season>
  <Director></Director>
  <EpImgFlag></EpImgFlag>
  <EpisodeName>Diaries Part I</EpisodeName>
  <EpisodeNumber>16</EpisodeNumber>
  <FirstAired></FirstAired>
  <GuestStars></GuestStars>
  <IMDB_ID></IMDB_ID>
  <Language>en</Language>
  <Overview></Overview>
  <ProductionCode></ProductionCode>
  <Rating></Rating>
  <RatingCount>0</RatingCount>
  <SeasonNumber>0</SeasonNumber>
  <Writer></Writer>
  <absolute_number></absolute_number>
  <airsafter_season></airsafter_season>
  <airsbefore_episode></airsbefore_episode>
  <airsbefore_season></airsbefore_season>
  <filename></filename>
  <lastupdated>1287501395</lastupdated>
  <seasonid>26700</seasonid>
  <seriesid>79257</seriesid>
</Episode>
<Episode>
  <id>2999281</id>
  <Combined_episodenumber>17</Combined_episodenumber>
  <Combined_season>0</Combined_season>
  <DVD_chapter></DVD_chapter>
  <DVD_discid></DVD_discid>
  <DVD_episodenumber></DVD_episodenumber>
  <DVD_season></DVD_season>
  <Director></Director>
  <EpImgFlag></EpImgFlag>
  <EpisodeName>Diaries Part II</EpisodeName>
  <EpisodeNumber>17</EpisodeNumber>
  <FirstAired></FirstAired>
  <GuestStars></GuestStars>
  <IMDB_ID></IMDB_ID>
  <Language>en</Language>
  <Overview></Overview>
  <ProductionCode></ProductionCode>
  <Rating></Rating>
  <RatingCount>0</RatingCount>
  <SeasonNumber>0</SeasonNumber>
  <Writer></Writer>
  <absolute_number></absolute_number>
  <airsafter_season></airsafter_season>
  <airsbefore_episode></airsbefore_episode>
  <airsbefore_season></airsbefore_season>
  <filename></filename>
  <lastupdated>1287501410</lastupdated>
  <seasonid>26700</seasonid>
  <seriesid>79257</seriesid>
</Episode>
<Episode>
  <id>3535661</id>
  <Combined_episodenumber>18</Combined_episodenumber>
  <Combined_season>0</Combined_season>
  <DVD_chapter></DVD_chapter>
  <DVD_discid></DVD_discid>
  <DVD_episodenumber></DVD_episodenumber>
  <DVD_season></DVD_season>
  <Director></Director>
  <EpImgFlag>2</EpImgFlag>
  <EpisodeName>Saving Species</EpisodeName>
  <EpisodeNumber>18</EpisodeNumber>
  <FirstAired>2006-11-26</FirstAired>
  <GuestStars></GuestStars>
  <IMDB_ID></IMDB_ID>
  <Language>en</Language>
  <Overview>Saving Species asks if there really is an extinction crisis facing certain species. Alastair Fothergill, executive producer of Planet Earth, admits that making the series was a bittersweet experience since some creatures were filmed with the knowledge that their continued existence is under threat.</Overview>
  <ProductionCode></ProductionCode>
  <Rating></Rating>
  <RatingCount>0</RatingCount>
  <SeasonNumber>0</SeasonNumber>
  <Writer></Writer>
  <absolute_number></absolute_number>
  <airsafter_season></airsafter_season>
  <airsbefore_episode>10</airsbefore_episode>
  <airsbefore_season>1</airsbefore_season>
  <filename>episodes/79257/3535661.jpg</filename>
  <lastupdated>1295889665</lastupdated>
  <seasonid>26700</seasonid>
  <seriesid>79257</seriesid>
</Episode>
<Episode>
  <id>3535831</id>
  <Combined_episodenumber>19</Combined_episodenumber>
  <Combined_season>0</Combined_season>
  <DVD_chapter></DVD_chapter>
  <DVD_discid></DVD_discid>
  <DVD_episodenumber></DVD_episodenumber>
  <DVD_season></DVD_season>
  <Director></Director>
  <EpImgFlag>2</EpImgFlag>
  <EpisodeName>Into the Wilderness</EpisodeName>
  <EpisodeNumber>19</EpisodeNumber>
  <FirstAired>2006-12-03</FirstAired>
  <GuestStars></GuestStars>
  <IMDB_ID></IMDB_ID>
  <Language>en</Language>
  <Overview>The second part looks at man's potential effect on the world's areas of wilderness. As the human population has grown, only a quarter of Earth's land now remains uninhabited (aside from Antarctica). Although around 12% is protected, this may not be enough — providing such places are not just 'enclosures' and bordering territories are also managed. Ethiopia's Semien Mountains are increasingly encroached upon for farming land, and this example leads to the question of overpopulation. Some interviewees argue that it is not just about numbers: how humans consume their natural resources is also important.</Overview>
  <ProductionCode></ProductionCode>
  <Rating></Rating>
  <RatingCount>0</RatingCount>
  <SeasonNumber>0</SeasonNumber>
  <Writer></Writer>
  <absolute_number></absolute_number>
  <airsafter_season></airsafter_season>
  <airsbefore_episode>11</airsbefore_episode>
  <airsbefore_season>1</airsbefore_season>
  <filename>episodes/79257/3535831.jpg</filename>
  <lastupdated>1295889955</lastupdated>
  <seasonid>26700</seasonid>
  <seriesid>79257</seriesid>
</Episode>
<Episode>
  <id>3535851</id>
  <Combined_episodenumber>20</Combined_episodenumber>
  <Combined_season>0</Combined_season>
  <DVD_chapter></DVD_chapter>
  <DVD_discid></DVD_discid>
  <DVD_episodenumber></DVD_episodenumber>
  <DVD_season></DVD_season>
  <Director></Director>
  <EpImgFlag>2</EpImgFlag>
  <EpisodeName>Living Together</EpisodeName>
  <EpisodeNumber>20</EpisodeNumber>
  <FirstAired>2006-12-10</FirstAired>
  <GuestStars></GuestStars>
  <IMDB_ID></IMDB_ID>
  <Language>en</Language>
  <Overview>The last episode deals with the future of conservation. It begins by looking at previous efforts. The 'Save The Whales' campaign, which started in the 1960s, is seen to have had a limited effect, as whaling continues and fish stocks also decline. In the 1990s, as head of the Kenya Wildlife Service, Richard Leakey took on the poachers by employing armed units. Although it was successful in saving elephants, the policy was detrimental to the Maasai people, who were forced from their land. The need for &quot;fortress&quot; areas is questioned, and the recently highlighted Raja Ampat coral reef in Indonesia is an example.</Overview>
  <ProductionCode></ProductionCode>
  <Rating></Rating>
  <RatingCount>0</RatingCount>
  <SeasonNumber>0</SeasonNumber>
  <Writer></Writer>
  <absolute_number></absolute_number>
  <airsafter_season></airsafter_season>
  <airsbefore_episode>11</airsbefore_episode>
  <airsbefore_season>1</airsbefore_season>
  <filename>episodes/79257/3535851.jpg</filename>
  <lastupdated>1295890140</lastupdated>
  <seasonid>26700</seasonid>
  <seriesid>79257</seriesid>
</Episode>
<Episode>
  <id>4238921</id>
  <Combined_episodenumber>21</Combined_episodenumber>
  <Combined_season>0</Combined_season>
  <DVD_chapter></DVD_chapter>
  <DVD_discid>6</DVD_discid>
  <DVD_episodenumber></DVD_episodenumber>
  <DVD_season></DVD_season>
  <Director></Director>
  <EpImgFlag></EpImgFlag>
  <EpisodeName>Snow Leopard: Beyond the Myth</EpisodeName>
  <EpisodeNumber>21</EpisodeNumber>
  <FirstAired>2008-01-04</FirstAired>
  <GuestStars></GuestStars>
  <IMDB_ID></IMDB_ID>
  <Language>en</Language>
  <Overview>Originally aired under BBC Natural World Collection. The BBC Natural History Unit explores a secret cave deep in the mountains of Pakistan where generations of snow leopards return each year to raise their young.</Overview>
  <ProductionCode></ProductionCode>
  <Rating></Rating>
  <RatingCount>0</RatingCount>
  <SeasonNumber>0</SeasonNumber>
  <Writer></Writer>
  <absolute_number></absolute_number>
  <airsafter_season></airsafter_season>
  <airsbefore_episode></airsbefore_episode>
  <airsbefore_season></airsbefore_season>
  <filename></filename>
  <lastupdated>1335249162</lastupdated>
  <seasonid>26700</seasonid>
  <seriesid>79257</seriesid>
</Episode>
<Episode>
  <id>4238922</id>
  <Combined_episodenumber>22</Combined_episodenumber>
  <Combined_season>0</Combined_season>
  <DVD_chapter></DVD_chapter>
  <DVD_discid></DVD_discid>
  <DVD_episodenumber></DVD_episodenumber>
  <DVD_season></DVD_season>
  <Director></Director>
  <EpImgFlag></EpImgFlag>
  <EpisodeName>Secrets of the Maya Underworld</EpisodeName>
  <EpisodeNumber>22</EpisodeNumber>
  <FirstAired></FirstAired>
  <GuestStars></GuestStars>
  <IMDB_ID></IMDB_ID>
  <Language>en</Language>
  <Overview>The freshwater pools that dot Mexico's Yucatan peninsula were believed by the Mayans to be portals to the underworld. For the first time ever, the BBC Natural History Unit explores this incredible, labyrinthine system of underground rivers.</Overview>
  <ProductionCode></ProductionCode>
  <Rating></Rating>
  <RatingCount>0</RatingCount>
  <SeasonNumber>0</SeasonNumber>
  <Writer></Writer>
  <absolute_number></absolute_number>
  <airsafter_season></airsafter_season>
  <airsbefore_episode></airsbefore_episode>
  <airsbefore_season></airsbefore_season>
  <filename></filename>
  <lastupdated>1335207829</lastupdated>
  <seasonid>26700</seasonid>
  <seriesid>79257</seriesid>
</Episode>
<Episode>
  <id>4238923</id>
  <Combined_episodenumber>23</Combined_episodenumber>
  <Combined_season>0</Combined_season>
  <DVD_chapter></DVD_chapter>
  <DVD_discid></DVD_discid>
  <DVD_episodenumber></DVD_episodenumber>
  <DVD_season></DVD_season>
  <Director></Director>
  <EpImgFlag></EpImgFlag>
  <EpisodeName>Elephant Nomads of the Namib Desert</EpisodeName>
  <EpisodeNumber>23</EpisodeNumber>
  <FirstAired></FirstAired>
  <GuestStars></GuestStars>
  <IMDB_ID></IMDB_ID>
  <Language>en</Language>
  <Overview>Follow the struggle for survival of two female elephants trying to raise their young in one of the harshest climates on Earth.</Overview>
  <ProductionCode></ProductionCode>
  <Rating></Rating>
  <RatingCount>0</RatingCount>
  <SeasonNumber>0</SeasonNumber>
  <Writer></Writer>
  <absolute_number></absolute_number>
  <airsafter_season></airsafter_season>
  <airsbefore_episode></airsbefore_episode>
  <airsbefore_season></airsbefore_season>
  <filename></filename>
  <lastupdated>1335207857</lastupdated>
  <seasonid>26700</seasonid>
  <seriesid>79257</seriesid>
</Episode>
<Episode>
  <id>4314000</id>
  <Combined_episodenumber>24</Combined_episodenumber>
  <Combined_season>0</Combined_season>
  <DVD_chapter></DVD_chapter>
  <DVD_discid></DVD_discid>
  <DVD_episodenumber></DVD_episodenumber>
  <DVD_season></DVD_season>
  <Director></Director>
  <EpImgFlag></EpImgFlag>
  <EpisodeName>Desert Lions</EpisodeName>
  <EpisodeNumber>24</EpisodeNumber>
  <FirstAired>2007-05-30</FirstAired>
  <GuestStars></GuestStars>
  <IMDB_ID></IMDB_ID>
  <Language>en</Language>
  <Overview>Originally aired under BBC Natural World Collection. Many years ago lions thrived in the deserts of Namibia's Skeleton Coast, until they were exterminated by man. Six years ago maverick biologist Flip Stander discovered a tiny remnant population alive and well in nearby mountains, and started to study them. Their numbers have grown and they are now returning to the desert in increasing numbers. But if these lions are to continue roaming here, Flip will have to persuade local people that these lions are worth more alive than dead.</Overview>
  <ProductionCode></ProductionCode>
  <Rating></Rating>
  <RatingCount>0</RatingCount>
  <SeasonNumber>0</SeasonNumber>
  <Writer></Writer>
  <absolute_number></absolute_number>
  <airsafter_season></airsafter_season>
  <airsbefore_episode></airsbefore_episode>
  <airsbefore_season></airsbefore_season>
  <filename></filename>
  <lastupdated>1335249146</lastupdated>
  <seasonid>26700</seasonid>
  <seriesid>79257</seriesid>
</Episode>
<Episode>
  <id>4324394</id>
  <Combined_episodenumber>25</Combined_episodenumber>
  <Combined_season>0</Combined_season>
  <DVD_chapter>1</DVD_chapter>
  <DVD_discid>6</DVD_discid>
  <DVD_episodenumber></DVD_episodenumber>
  <DVD_season></DVD_season>
  <Director></Director>
  <EpImgFlag></EpImgFlag>
  <EpisodeName>Great Planet Earth Moments</EpisodeName>
  <EpisodeNumber>25</EpisodeNumber>
  <FirstAired></FirstAired>
  <GuestStars></GuestStars>
  <IMDB_ID></IMDB_ID>
  <Language>en</Language>
  <Overview>The Planet Earth team reveal their most memorable moments from the making of the series. We'll discover their high points, and their not so high points. And they'll tell us which sequences they consider to be their great Planet Earth moments. From the </Overview>
  <ProductionCode></ProductionCode>
  <Rating></Rating>
  <RatingCount>0</RatingCount>
  <SeasonNumber>0</SeasonNumber>
  <Writer></Writer>
  <absolute_number></absolute_number>
  <airsafter_season></airsafter_season>
  <airsbefore_episode></airsbefore_episode>
  <airsbefore_season></airsbefore_season>
  <filename></filename>
  <lastupdated>1336701799</lastupdated>
  <seasonid>26700</seasonid>
  <seriesid>79257</seriesid>
</Episode>
<Episode>
  <id>4502826</id>
  <Combined_episodenumber>26</Combined_episodenumber>
  <Combined_season>0</Combined_season>
  <DVD_chapter></DVD_chapter>
  <DVD_discid></DVD_discid>
  <DVD_episodenumber></DVD_episodenumber>
  <DVD_season></DVD_season>
  <Director></Director>
  <EpImgFlag></EpImgFlag>
  <EpisodeName>The Making Of The Series</EpisodeName>
  <EpisodeNumber>26</EpisodeNumber>
  <FirstAired>2007-01-07</FirstAired>
  <GuestStars></GuestStars>
  <IMDB_ID></IMDB_ID>
  <Language>en</Language>
  <Overview></Overview>
  <ProductionCode></ProductionCode>
  <Rating></Rating>
  <RatingCount>0</RatingCount>
  <SeasonNumber>0</SeasonNumber>
  <Writer></Writer>
  <absolute_number></absolute_number>
  <airsafter_season></airsafter_season>
  <airsbefore_episode></airsbefore_episode>
  <airsbefore_season></airsbefore_season>
  <filename></filename>
  <lastupdated>1360970031</lastupdated>
  <seasonid>26700</seasonid>
  <seriesid>79257</seriesid>
</Episode>
<Episode>
  <id>306329</id>
  <Combined_episodenumber>1.0</Combined_episodenumber>
  <Combined_season>1</Combined_season>
  <DVD_chapter></DVD_chapter>
  <DVD_discid></DVD_discid>
  <DVD_episodenumber>1.0</DVD_episodenumber>
  <DVD_season>1</DVD_season>
  <Director>|Alastair Fothergill|</Director>
  <EpImgFlag>2</EpImgFlag>
  <EpisodeName>From Pole to Pole</EpisodeName>
  <EpisodeNumber>1</EpisodeNumber>
  <FirstAired>2006-03-05</FirstAired>
  <GuestStars></GuestStars>
  <IMDB_ID>tt0797603</IMDB_ID>
  <Language>en</Language>
  <Overview>The ultimate portrait of our planet looks at the key factors that shape our natural history. 

The lives of animals and plants are dominated by the sun and fresh water which trigger seasonal journeys. The latest technology and aerial photography enable the Planet Earth team to track some of the greatest mass migrations.

In the Arctic spring, a mother polar bear and cubs emerge from their winter den. They have just two weeks to cross the frozen sea before it melts and they become stranded. Share the most intimate and complete picture of polar bear life ever filmed. Further south, time-lapse cameras capture the annual transformation created by the Okavango floods.</Overview>
  <ProductionCode>101</ProductionCode>
  <Rating>8.5</Rating>
  <RatingCount>57</RatingCount>
  <SeasonNumber>1</SeasonNumber>
  <Writer></Writer>
  <absolute_number></absolute_number>
  <filename>episodes/79257/306329.jpg</filename>
  <lastupdated>1362338041</lastupdated>
  <seasonid>16219</seasonid>
  <seriesid>79257</seriesid>
</Episode>
<Episode>
  <id>306330</id>
  <Combined_episodenumber>2.0</Combined_episodenumber>
  <Combined_season>1</Combined_season>
  <DVD_chapter></DVD_chapter>
  <DVD_discid></DVD_discid>
  <DVD_episodenumber>2.0</DVD_episodenumber>
  <DVD_season>1</DVD_season>
  <Director>|Alastair Fothergill|</Director>
  <EpImgFlag>2</EpImgFlag>
  <EpisodeName>Mountains</EpisodeName>
  <EpisodeNumber>2</EpisodeNumber>
  <FirstAired>2006-03-12</FirstAired>
  <GuestStars></GuestStars>
  <IMDB_ID>tt0797602</IMDB_ID>
  <Language>en</Language>
  <Overview>Tour the mightiest mountain ranges, starting with the birth of a mountain at one of the lowest places on Earth and ending at the summit of Everest.

One of Earth's rarest phenomena is a lava lake that has been erupting for over 100 years. The same forces built the Simian Mountains where troops of gelada baboons live, nearly a thousand strong. In the Rockies, grizzlies build winter dens inside avalanche-prone slopes. The programme also brings us astounding images of a snow leopard hunting on the Pakistan peaks, a world first.</Overview>
  <ProductionCode>102</ProductionCode>
  <Rating>8.4</Rating>
  <RatingCount>40</RatingCount>
  <SeasonNumber>1</SeasonNumber>
  <Writer></Writer>
  <absolute_number></absolute_number>
  <filename>episodes/79257/306330.jpg</filename>
  <lastupdated>1362338054</lastupdated>
  <seasonid>16219</seasonid>
  <seriesid>79257</seriesid>
</Episode>
<Episode>
  <id>306331</id>
  <Combined_episodenumber>3.0</Combined_episodenumber>
  <Combined_season>1</Combined_season>
  <DVD_chapter></DVD_chapter>
  <DVD_discid></DVD_discid>
  <DVD_episodenumber>3.0</DVD_episodenumber>
  <DVD_season>1</DVD_season>
  <Director>Alastair Fothergill</Director>
  <EpImgFlag>2</EpImgFlag>
  <EpisodeName>Fresh Water</EpisodeName>
  <EpisodeNumber>3</EpisodeNumber>
  <FirstAired>2006-03-19</FirstAired>
  <GuestStars></GuestStars>
  <IMDB_ID>tt0797601</IMDB_ID>
  <Language>en</Language>
  <Overview>Fresh water is our most precious resource and it defines the distribution of life on land. Follow the descent of rivers from their mountain sources to the sea. Watch spectacular waterfalls, fly inside the Grand Canyon and explore the wildlife below the ice in the world's deepest lake. Witness unique and dramatic moments of animal behavior: a showdown between smooth-coated otters and mugger crocodiles; deep-diving long tailed macaques; massive flocks of snow geese on the wing and a piranha frenzy in the perilous waters of the world's largest wetland.</Overview>
  <ProductionCode>103</ProductionCode>
  <Rating>8.1</Rating>
  <RatingCount>40</RatingCount>
  <SeasonNumber>1</SeasonNumber>
  <Writer></Writer>
  <absolute_number></absolute_number>
  <filename>episodes/79257/306331.jpg</filename>
  <lastupdated>1362338062</lastupdated>
  <seasonid>16219</seasonid>
  <seriesid>79257</seriesid>
</Episode>
<Episode>
  <id>306332</id>
  <Combined_episodenumber>4.0</Combined_episodenumber>
  <Combined_season>1</Combined_season>
  <DVD_chapter></DVD_chapter>
  <DVD_discid></DVD_discid>
  <DVD_episodenumber>4.0</DVD_episodenumber>
  <DVD_season>1</DVD_season>
  <Director>Alastair Fothergill</Director>
  <EpImgFlag>2</EpImgFlag>
  <EpisodeName>Caves</EpisodeName>
  <EpisodeNumber>4</EpisodeNumber>
  <FirstAired>2006-03-26</FirstAired>
  <GuestStars></GuestStars>
  <IMDB_ID>tt0799305</IMDB_ID>
  <Language>en</Language>
  <Overview>The Cave of Swallows in Mexico is a 400m vertical shaft, deep enough to engulf the Empire State Building. The Lechuguilla cave system in the USA is 193km long and 500m deep with astonishing crystal formations hanging from its chambers. Although often overlooked, caves are remarkable habitats with equally bizarre wildlife. Cave angel fish cling to the walls behind cave waterfalls with microscopic hooks on their flattened fins. Cave swiftlets navigate by echo-location and build nests out of saliva. The Texas cave salamander has neither eyes nor pigment. Unique access to a hidden world of stalactites, stalagmites, snotites and troglodytes brings a wealth of surprises.</Overview>
  <ProductionCode>104</ProductionCode>
  <Rating>8.0</Rating>
  <RatingCount>38</RatingCount>
  <SeasonNumber>1</SeasonNumber>
  <Writer></Writer>
  <absolute_number></absolute_number>
  <filename>episodes/79257/306332.jpg</filename>
  <lastupdated>1362338070</lastupdated>
  <seasonid>16219</seasonid>
  <seriesid>79257</seriesid>
</Episode>
<Episode>
  <id>306333</id>
  <Combined_episodenumber>5.0</Combined_episodenumber>
  <Combined_season>1</Combined_season>
  <DVD_chapter></DVD_chapter>
  <DVD_discid></DVD_discid>
  <DVD_episodenumber>5.0</DVD_episodenumber>
  <DVD_season>1</DVD_season>
  <Director>Alastair Fothergill</Director>
  <EpImgFlag>2</EpImgFlag>
  <EpisodeName>Deserts</EpisodeName>
  <EpisodeNumber>5</EpisodeNumber>
  <FirstAired>2006-04-02</FirstAired>
  <GuestStars></GuestStars>
  <IMDB_ID>tt0818059</IMDB_ID>
  <Language>en</Language>
  <Overview>Around 30% of the land's surface is desert, the most varied of our ecosystems despite the lack of rain. Unravel the secrets of desert survival and experience the ephemeral nature of this dynamic environment. Watch Saharan sandstorms nearly a mile high and desert rivers that run for a single day.In the Gobi Desert, rare Bactrian camels get moisture from the snow. In the Atacama, guanacos survive by licking dew off cactus spines. In the USA, the brief blooming of Death Valley triggers a plague of locusts 65km wide and 160km long. A unique aerial voyage over the Namibian desert reveals elephants on a long trek for food and desert lions searching for wandering oryx.</Overview>
  <ProductionCode>105</ProductionCode>
  <Rating>7.8</Rating>
  <RatingCount>31</RatingCount>
  <SeasonNumber>1</SeasonNumber>
  <Writer></Writer>
  <absolute_number></absolute_number>
  <filename>episodes/79257/306333.jpg</filename>
  <lastupdated>1362338077</lastupdated>
  <seasonid>16219</seasonid>
  <seriesid>79257</seriesid>
</Episode>
<Episode>
  <id>312148</id>
  <Combined_episodenumber>6.0</Combined_episodenumber>
  <Combined_season>1</Combined_season>
  <DVD_chapter></DVD_chapter>
  <DVD_discid></DVD_discid>
  <DVD_episodenumber>6.0</DVD_episodenumber>
  <DVD_season>1</DVD_season>
  <Director>Alastair Fothergill</Director>
  <EpImgFlag>2</EpImgFlag>
  <EpisodeName>Ice Worlds</EpisodeName>
  <EpisodeNumber>6</EpisodeNumber>
  <FirstAired>2006-11-05</FirstAired>
  <GuestStars></GuestStars>
  <IMDB_ID>tt0905876</IMDB_ID>
  <Language>en</Language>
  <Overview>The Arctic and Antarctic experience the most extreme seasons on Earth. Time-lapse cameras watch a colony of emperor penguins, transforming them into a single organism. The film reveals new science about the dynamics of emperor penguin behaviour.
In the north, unique aerial images show a polar bear swimming more than 100km. Diving for up to two minutes at a time. The exhausted polar bear later attacks a herd of walrus in a true clash of the Titans.</Overview>
  <ProductionCode>106</ProductionCode>
  <Rating>7.6</Rating>
  <RatingCount>27</RatingCount>
  <SeasonNumber>1</SeasonNumber>
  <Writer></Writer>
  <absolute_number></absolute_number>
  <filename>episodes/79257/312148.jpg</filename>
  <lastupdated>1362338086</lastupdated>
  <seasonid>16219</seasonid>
  <seriesid>79257</seriesid>
</Episode>
<Episode>
  <id>312149</id>
  <Combined_episodenumber>7.0</Combined_episodenumber>
  <Combined_season>1</Combined_season>
  <DVD_chapter></DVD_chapter>
  <DVD_discid></DVD_discid>
  <DVD_episodenumber>7.0</DVD_episodenumber>
  <DVD_season>1</DVD_season>
  <Director>Alastair Fothergill</Director>
  <EpImgFlag>2</EpImgFlag>
  <EpisodeName>Great Plains</EpisodeName>
  <EpisodeNumber>7</EpisodeNumber>
  <FirstAired>2006-11-12</FirstAired>
  <GuestStars></GuestStars>
  <IMDB_ID>tt0905875</IMDB_ID>
  <Language>en</Language>
  <Overview>After filming for three years, Planet Earth finally captures the shy Mongolian gazelle. Only a handful of people have witnessed its annual migration. Don't miss the bizarre-looking Tibetan fox, captured on film for the first time.
Over six weeks the team follow a pride of 30 lions as they attempt to hunt elephants. Using the latest night vision equipment, the crew film the chaotic battles that ensue at close quarters.</Overview>
  <ProductionCode>107</ProductionCode>
  <Rating>7.5</Rating>
  <RatingCount>25</RatingCount>
  <SeasonNumber>1</SeasonNumber>
  <Writer></Writer>
  <absolute_number></absolute_number>
  <filename>episodes/79257/312149.jpg</filename>
  <lastupdated>1362338199</lastupdated>
  <seasonid>16219</seasonid>
  <seriesid>79257</seriesid>
</Episode>
<Episode>
  <id>312778</id>
  <Combined_episodenumber>8.0</Combined_episodenumber>
  <Combined_season>1</Combined_season>
  <DVD_chapter></DVD_chapter>
  <DVD_discid></DVD_discid>
  <DVD_episodenumber>8.0</DVD_episodenumber>
  <DVD_season>1</DVD_season>
  <Director>Alastair Fothergill</Director>
  <EpImgFlag>2</EpImgFlag>
  <EpisodeName>Jungles</EpisodeName>
  <EpisodeNumber>8</EpisodeNumber>
  <FirstAired>2006-11-19</FirstAired>
  <GuestStars></GuestStars>
  <IMDB_ID>tt0905877</IMDB_ID>
  <Language>en</Language>
  <Overview>Jungles cover roughly three per cent of our planet yet contain 50 per cent of the world's species. High-definition cameras enable unprecedented views of animals living on the dark jungle floor.
In the Ngogo forest the largest chimpanzee group in the world defends its territory from neighbouring groups. Other jungle specialists include parasitic fungi which infiltrate an insect host, feed on it, and then burst out of its body.</Overview>
  <ProductionCode>108</ProductionCode>
  <Rating>7.8</Rating>
  <RatingCount>41</RatingCount>
  <SeasonNumber>1</SeasonNumber>
  <Writer></Writer>
  <absolute_number></absolute_number>
  <filename>episodes/79257/312778.jpg</filename>
  <lastupdated>1362338168</lastupdated>
  <seasonid>16219</seasonid>
  <seriesid>79257</seriesid>
</Episode>
<Episode>
  <id>312779</id>
  <Combined_episodenumber>9.0</Combined_episodenumber>
  <Combined_season>1</Combined_season>
  <DVD_chapter></DVD_chapter>
  <DVD_discid></DVD_discid>
  <DVD_episodenumber>9.0</DVD_episodenumber>
  <DVD_season>1</DVD_season>
  <Director>Alastair Fothergill</Director>
  <EpImgFlag>2</EpImgFlag>
  <EpisodeName>Shallow Seas</EpisodeName>
  <EpisodeNumber>9</EpisodeNumber>
  <FirstAired>2006-11-26</FirstAired>
  <GuestStars></GuestStars>
  <IMDB_ID>tt0905880</IMDB_ID>
  <Language>en</Language>
  <Overview>A humpback whale mother and calf embark on an epic journey from tropical coral paradises to storm ravaged polar seas.
Newly discovered coral reefs in Indonesia reveal head-butting pygmy seahorses, flashing 'electric' clams and bands of sea kraits, 30-strong, which hunt in packs. Elsewhere plagues of sea urchins fell forests of giant kelp. Huge bull fur seals attack king penguins, who despite their weight disadvantage, put up a spirited defence.</Overview>
  <ProductionCode>109</ProductionCode>
  <Rating>8.4</Rating>
  <RatingCount>31</RatingCount>
  <SeasonNumber>1</SeasonNumber>
  <Writer></Writer>
  <absolute_number></absolute_number>
  <filename>episodes/79257/312779.jpg</filename>
  <lastupdated>1362338175</lastupdated>
  <seasonid>16219</seasonid>
  <seriesid>79257</seriesid>
</Episode>
<Episode>
  <id>313649</id>
  <Combined_episodenumber>10.0</Combined_episodenumber>
  <Combined_season>1</Combined_season>
  <DVD_chapter></DVD_chapter>
  <DVD_discid></DVD_discid>
  <DVD_episodenumber>10.0</DVD_episodenumber>
  <DVD_season>1</DVD_season>
  <Director>Alastair Fothergill</Director>
  <EpImgFlag>2</EpImgFlag>
  <EpisodeName>Seasonal Forests</EpisodeName>
  <EpisodeNumber>10</EpisodeNumber>
  <FirstAired>2006-12-03</FirstAired>
  <GuestStars></GuestStars>
  <IMDB_ID>tt0905879</IMDB_ID>
  <Language>en</Language>
  <Overview>The Taiga forest, on the edge of the Arctic, is a silent world of stunted conifers. The trees may be small but filming from the air reveals its true scale. A third of all trees on Earth grow here and during the short summer they produce enough oxygen to change the atmosphere.
In California General Sherman, a giant sequoia, is the largest living thing on the planet, ten times the size of a blue whale. The oldest organisms alive are bristlecone pines. At more than 4,000 years old they pre-date the pyramids. But the baobab forests of Madagascar are perhaps the strangest of all.</Overview>
  <ProductionCode>110</ProductionCode>
  <Rating>8.3</Rating>
  <RatingCount>28</RatingCount>
  <SeasonNumber>1</SeasonNumber>
  <Writer></Writer>
  <absolute_number></absolute_number>
  <filename>episodes/79257/313649.jpg</filename>
  <lastupdated>1362338182</lastupdated>
  <seasonid>16219</seasonid>
  <seriesid>79257</seriesid>
</Episode>
<Episode>
  <id>313650</id>
  <Combined_episodenumber>11.0</Combined_episodenumber>
  <Combined_season>1</Combined_season>
  <DVD_chapter></DVD_chapter>
  <DVD_discid></DVD_discid>
  <DVD_episodenumber>11.0</DVD_episodenumber>
  <DVD_season>1</DVD_season>
  <Director>Alastair Fothergill</Director>
  <EpImgFlag>2</EpImgFlag>
  <EpisodeName>Ocean Deep</EpisodeName>
  <EpisodeNumber>11</EpisodeNumber>
  <FirstAired>2006-12-10</FirstAired>
  <GuestStars></GuestStars>
  <IMDB_ID>tt0905878</IMDB_ID>
  <Language>en</Language>
  <Overview>Life goes to extraordinary lengths to survive this immense realm. A 30 tonne whale shark gorges on a school of fish and the unique overhead heli-gimbal camera reveals common dolphins rocketing at more than 30km an hour.
Descending into the abyss, deep sea octopus fly with wings and vampire squid use bioluminescence to create an extraordinary colour display. The first ever time-lapse footage taken from 2,000m down captures eels, crabs and giant isopods eating a carcass, completely consuming it within three hours.</Overview>
  <ProductionCode>111</ProductionCode>
  <Rating>8.3</Rating>
  <RatingCount>32</RatingCount>
  <SeasonNumber>1</SeasonNumber>
  <Writer></Writer>
  <absolute_number></absolute_number>
  <filename>episodes/79257/313650.jpg</filename>
  <lastupdated>1362338189</lastupdated>
  <seasonid>16219</seasonid>
  <seriesid>79257</seriesid>
</Episode>
</Data>