<?xml version="1.0" encoding="UTF-8" ?>
<Banners>
<Banner>
  <id>873765</id>
  <BannerPath>fanart/original/80348-48.jpg</BannerPath>
  <BannerType>fanart</BannerType>
  <BannerType2>1920x1080</BannerType2>
  <Colors>|31,14,7|221,164,97|2,115,193|</Colors>
  <Language>en</Language>
  <Rating>8.8667</Rating>
  <RatingCount>15</RatingCount>
  <SeriesName>false</SeriesName>
  <ThumbnailPath>_cache/fanart/original/80348-48.jpg</ThumbnailPath>
  <VignettePath>fanart/vignette/80348-48.jpg</VignettePath>
</Banner>
<Banner>
  <id>330951</id>
  <BannerPath>fanart/original/80348-41.jpg</BannerPath>
  <BannerType>fanart</BannerType>
  <BannerType2>1920x1080</BannerType2>
  <Colors>|248,252,255|240,181,149|33,29,28|</Colors>
  <Language>en</Language>
  <Rating>7.3636</Rating>
  <RatingCount>22</RatingCount>
  <SeriesName>false</SeriesName>
  <ThumbnailPath>_cache/fanart/original/80348-41.jpg</ThumbnailPath>
  <VignettePath>fanart/vignette/80348-41.jpg</VignettePath>
</Banner>
<Banner>
  <id>901334</id>
  <BannerPath>fanart/original/80348-57.jpg</BannerPath>
  <BannerType>fanart</BannerType>
  <BannerType2>1280x720</BannerType2>
  <Colors>|167,202,224|30,30,28|234,174,140|</Colors>
  <Language>de</Language>
  <Rating>7.2000</Rating>
  <RatingCount>5</RatingCount>
  <SeriesName>false</SeriesName>
  <ThumbnailPath>_cache/fanart/original/80348-57.jpg</ThumbnailPath>
  <VignettePath>fanart/vignette/80348-57.jpg</VignettePath>
</Banner>
<Banner>
  <id>895215</id>
  <BannerPath>fanart/original/80348-54.jpg</BannerPath>
  <BannerType>fanart</BannerType>
  <BannerType2>1280x720</BannerType2>
  <Colors>|255,255,255|15,16,18|217,251,252|</Colors>
  <Language>de</Language>
  <Rating>7.0000</Rating>
  <RatingCount>3</RatingCount>
  <SeriesName>false</SeriesName>
  <ThumbnailPath>_cache/fanart/original/80348-54.jpg</ThumbnailPath>
  <VignettePath>fanart/vignette/80348-54.jpg</VignettePath>
</Banner>
<Banner>
  <id>900391</id>
  <BannerPath>fanart/original/80348-56.jpg</BannerPath>
  <BannerType>fanart</BannerType>
  <BannerType2>1280x720</BannerType2>
  <Colors></Colors>
  <Language>de</Language>
  <Rating>7.0000</Rating>
  <RatingCount>1</RatingCount>
  <SeriesName>false</SeriesName>
  <ThumbnailPath>_cache/fanart/original/80348-56.jpg</ThumbnailPath>
  <VignettePath>fanart/vignette/80348-56.jpg</VignettePath>
</Banner>
<Banner>
  <id>882526</id>
  <BannerPath>fanart/original/80348-51.jpg</BannerPath>
  <BannerType>fanart</BannerType>
  <BannerType2>1920x1080</BannerType2>
  <Colors>|245,207,170|12,179,133|123,204,198|</Colors>
  <Language>de</Language>
  <Rating>6.7500</Rating>
  <RatingCount>4</RatingCount>
  <SeriesName>false</SeriesName>
  <ThumbnailPath>_cache/fanart/original/80348-51.jpg</ThumbnailPath>
  <VignettePath>fanart/vignette/80348-51.jpg</VignettePath>
</Banner>
<Banner>
  <id>876076</id>
  <BannerPath>fanart/original/80348-49.jpg</BannerPath>
  <BannerType>fanart</BannerType>
  <BannerType2>1920x1080</BannerType2>
  <Colors>|81,81,81|15,15,15|201,226,246|</Colors>
  <Language>de</Language>
  <Rating>6.6667</Rating>
  <RatingCount>6</RatingCount>
  <SeriesName>false</SeriesName>
  <ThumbnailPath>_cache/fanart/original/80348-49.jpg</ThumbnailPath>
  <VignettePath>fanart/vignette/80348-49.jpg</VignettePath>
</Banner>
<Banner>
  <id>28277</id>
  <BannerPath>fanart/original/80348-10.jpg</BannerPath>
  <BannerType>fanart</BannerType>
  <BannerType2>1920x1080</BannerType2>
  <Colors>|255,255,255|0,0,0|255,255,255|</Colors>
  <Language>en</Language>
  <Rating>6.5652</Rating>
  <RatingCount>23</RatingCount>
  <SeriesName>false</SeriesName>
  <ThumbnailPath>_cache/fanart/original/80348-10.jpg</ThumbnailPath>
  <VignettePath>fanart/vignette/80348-10.jpg</VignettePath>
</Banner>
<Banner>
  <id>869566</id>
  <BannerPath>fanart/original/80348-27.jpg</BannerPath>
  <BannerType>fanart</BannerType>
  <BannerType2>1280x720</BannerType2>
  <Colors></Colors>
  <Language>de</Language>
  <Rating>6.5000</Rating>
  <RatingCount>6</RatingCount>
  <SeriesName>false</SeriesName>
  <ThumbnailPath>_cache/fanart/original/80348-27.jpg</ThumbnailPath>
  <VignettePath>fanart/vignette/80348-27.jpg</VignettePath>
</Banner>
<Banner>
  <id>667491</id>
  <BannerPath>fanart/original/80348-46.jpg</BannerPath>
  <BannerType>fanart</BannerType>
  <BannerType2>1920x1080</BannerType2>
  <Colors>|69,64,70|21,19,22|115,106,89|</Colors>
  <Language>en</Language>
  <Rating>6.5000</Rating>
  <RatingCount>4</RatingCount>
  <SeriesName>false</SeriesName>
  <ThumbnailPath>_cache/fanart/original/80348-46.jpg</ThumbnailPath>
  <VignettePath>fanart/vignette/80348-46.jpg</VignettePath>
</Banner>
<Banner>
  <id>29646</id>
  <BannerPath>fanart/original/80348-15.jpg</BannerPath>
  <BannerType>fanart</BannerType>
  <BannerType2>1920x1080</BannerType2>
  <Colors>|245,245,233|4,2,5|110,111,93|</Colors>
  <Language>en</Language>
  <Rating>6.4783</Rating>
  <RatingCount>23</RatingCount>
  <SeriesName>false</SeriesName>
  <ThumbnailPath>_cache/fanart/original/80348-15.jpg</ThumbnailPath>
  <VignettePath>fanart/vignette/80348-15.jpg</VignettePath>
</Banner>
<Banner>
  <id>866680</id>
  <BannerPath>fanart/original/80348-18.jpg</BannerPath>
  <BannerType>fanart</BannerType>
  <BannerType2>1920x1080</BannerType2>
  <Colors>|239,80,41|24,22,23|19,17,18|</Colors>
  <Language>en</Language>
  <Rating>6.4444</Rating>
  <RatingCount>9</RatingCount>
  <SeriesName>true</SeriesName>
  <ThumbnailPath>_cache/fanart/original/80348-18.jpg</ThumbnailPath>
  <VignettePath>fanart/vignette/80348-18.jpg</VignettePath>
</Banner>
<Banner>
  <id>468681</id>
  <BannerPath>fanart/original/80348-44.jpg</BannerPath>
  <BannerType>fanart</BannerType>
  <BannerType2>1920x1080</BannerType2>
  <Colors>|227,196,132|206,207,211|4,0,0|</Colors>
  <Language>en</Language>
  <Rating>6.2857</Rating>
  <RatingCount>7</RatingCount>
  <SeriesName>false</SeriesName>
  <ThumbnailPath>_cache/fanart/original/80348-44.jpg</ThumbnailPath>
  <VignettePath>fanart/vignette/80348-44.jpg</VignettePath>
</Banner>
<Banner>
  <id>20166</id>
  <BannerPath>fanart/original/80348-2.jpg</BannerPath>
  <BannerType>fanart</BannerType>
  <BannerType2>1920x1080</BannerType2>
  <Colors>|234,234,234|128,12,15|39,43,44|</Colors>
  <Language>en</Language>
  <Rating>6.2381</Rating>
  <RatingCount>21</RatingCount>
  <SeriesName>false</SeriesName>
  <ThumbnailPath>_cache/fanart/original/80348-2.jpg</ThumbnailPath>
  <VignettePath>fanart/vignette/80348-2.jpg</VignettePath>
</Banner>
<Banner>
  <id>90011</id>
  <BannerPath>fanart/original/80348-23.jpg</BannerPath>
  <BannerType>fanart</BannerType>
  <BannerType2>1280x720</BannerType2>
  <Colors>|10,10,10|180,201,72|246,245,250|</Colors>
  <Language>en</Language>
  <Rating>6.2000</Rating>
  <RatingCount>10</RatingCount>
  <SeriesName>true</SeriesName>
  <ThumbnailPath>_cache/fanart/original/80348-23.jpg</ThumbnailPath>
  <VignettePath>fanart/vignette/80348-23.jpg</VignettePath>
</Banner>
<Banner>
  <id>37659</id>
  <BannerPath>fanart/original/80348-16.jpg</BannerPath>
  <BannerType>fanart</BannerType>
  <BannerType2>1920x1080</BannerType2>
  <Colors>|90,105,74|55,45,36|232,230,218|</Colors>
  <Language>en</Language>
  <Rating>6.0000</Rating>
  <RatingCount>8</RatingCount>
  <SeriesName>false</SeriesName>
  <ThumbnailPath>_cache/fanart/original/80348-16.jpg</ThumbnailPath>
  <VignettePath>fanart/vignette/80348-16.jpg</VignettePath>
</Banner>
<Banner>
  <id>28757</id>
  <BannerPath>fanart/original/80348-14.jpg</BannerPath>
  <BannerType>fanart</BannerType>
  <BannerType2>1920x1080</BannerType2>
  <Colors>|247,237,225|77,43,60|166,111,29|</Colors>
  <Language>en</Language>
  <Rating>6.0000</Rating>
  <RatingCount>11</RatingCount>
  <SeriesName>false</SeriesName>
  <ThumbnailPath>_cache/fanart/original/80348-14.jpg</ThumbnailPath>
  <VignettePath>fanart/vignette/80348-14.jpg</VignettePath>
</Banner>
<Banner>
  <id>172401</id>
  <BannerPath>fanart/original/80348-36.jpg</BannerPath>
  <BannerType>fanart</BannerType>
  <BannerType2>1280x720</BannerType2>
  <Colors></Colors>
  <Language>de</Language>
  <Rating>6.0000</Rating>
  <RatingCount>6</RatingCount>
  <SeriesName>false</SeriesName>
  <ThumbnailPath>_cache/fanart/original/80348-36.jpg</ThumbnailPath>
  <VignettePath>fanart/vignette/80348-36.jpg</VignettePath>
</Banner>
<Banner>
  <id>27232</id>
  <BannerPath>fanart/original/80348-9.jpg</BannerPath>
  <BannerType>fanart</BannerType>
  <BannerType2>1920x1080</BannerType2>
  <Colors>|227,212,173|17,10,0|125,105,72|</Colors>
  <Language>en</Language>
  <Rating>6.0000</Rating>
  <RatingCount>6</RatingCount>
  <SeriesName>false</SeriesName>
  <ThumbnailPath>_cache/fanart/original/80348-9.jpg</ThumbnailPath>
  <VignettePath>fanart/vignette/80348-9.jpg</VignettePath>
</Banner>
<Banner>
  <id>28278</id>
  <BannerPath>fanart/original/80348-12.jpg</BannerPath>
  <BannerType>fanart</BannerType>
  <BannerType2>1920x1080</BannerType2>
  <Colors>|221,169,132|0,0,2|0,3,130|</Colors>
  <Language>en</Language>
  <Rating>6.0000</Rating>
  <RatingCount>4</RatingCount>
  <SeriesName>false</SeriesName>
  <ThumbnailPath>_cache/fanart/original/80348-12.jpg</ThumbnailPath>
  <VignettePath>fanart/vignette/80348-12.jpg</VignettePath>
</Banner>
<Banner>
  <id>20163</id>
  <BannerPath>fanart/original/80348-1.jpg</BannerPath>
  <BannerType>fanart</BannerType>
  <BannerType2>1920x1080</BannerType2>
  <Colors>|49,116,85|25,25,27|238,238,240|</Colors>
  <Language>en</Language>
  <Rating>5.9000</Rating>
  <RatingCount>10</RatingCount>
  <SeriesName>false</SeriesName>
  <ThumbnailPath>_cache/fanart/original/80348-1.jpg</ThumbnailPath>
  <VignettePath>fanart/vignette/80348-1.jpg</VignettePath>
</Banner>
<Banner>
  <id>192041</id>
  <BannerPath>fanart/original/80348-42.jpg</BannerPath>
  <BannerType>fanart</BannerType>
  <BannerType2>1920x1080</BannerType2>
  <Colors></Colors>
  <Language>de</Language>
  <Rating>5.8750</Rating>
  <RatingCount>8</RatingCount>
  <SeriesName>false</SeriesName>
  <ThumbnailPath>_cache/fanart/original/80348-42.jpg</ThumbnailPath>
  <VignettePath>fanart/vignette/80348-42.jpg</VignettePath>
</Banner>
<Banner>
  <id>29648</id>
  <BannerPath>fanart/original/80348-17.jpg</BannerPath>
  <BannerType>fanart</BannerType>
  <BannerType2>1920x1080</BannerType2>
  <Colors>|239,240,226|24,21,16|155,171,170|</Colors>
  <Language>en</Language>
  <Rating>5.7500</Rating>
  <RatingCount>8</RatingCount>
  <SeriesName>false</SeriesName>
  <ThumbnailPath>_cache/fanart/original/80348-17.jpg</ThumbnailPath>
  <VignettePath>fanart/vignette/80348-17.jpg</VignettePath>
</Banner>
<Banner>
  <id>23015</id>
  <BannerPath>fanart/original/80348-6.jpg</BannerPath>
  <BannerType>fanart</BannerType>
  <BannerType2>1280x720</BannerType2>
  <Colors>|252,242,217|38,36,37|186,165,120|</Colors>
  <Language>en</Language>
  <Rating>5.7143</Rating>
  <RatingCount>7</RatingCount>
  <SeriesName>false</SeriesName>
  <ThumbnailPath>_cache/fanart/original/80348-6.jpg</ThumbnailPath>
  <VignettePath>fanart/vignette/80348-6.jpg</VignettePath>
</Banner>
<Banner>
  <id>876077</id>
  <BannerPath>fanart/original/80348-50.jpg</BannerPath>
  <BannerType>fanart</BannerType>
  <BannerType2>1920x1080</BannerType2>
  <Colors>|48,48,56|23,23,25|156,157,149|</Colors>
  <Language>de</Language>
  <Rating>5.6667</Rating>
  <RatingCount>3</RatingCount>
  <SeriesName>false</SeriesName>
  <ThumbnailPath>_cache/fanart/original/80348-50.jpg</ThumbnailPath>
  <VignettePath>fanart/vignette/80348-50.jpg</VignettePath>
</Banner>
<Banner>
  <id>42061</id>
  <BannerPath>fanart/original/80348-22.jpg</BannerPath>
  <BannerType>fanart</BannerType>
  <BannerType2>1280x720</BannerType2>
  <Colors>|162,172,181|2,0,1|248,217,186|</Colors>
  <Language>en</Language>
  <Rating>5.6667</Rating>
  <RatingCount>3</RatingCount>
  <SeriesName>false</SeriesName>
  <ThumbnailPath>_cache/fanart/original/80348-22.jpg</ThumbnailPath>
  <VignettePath>fanart/vignette/80348-22.jpg</VignettePath>
</Banner>
<Banner>
  <id>23129</id>
  <BannerPath>fanart/original/80348-8.jpg</BannerPath>
  <BannerType>fanart</BannerType>
  <BannerType2>1280x720</BannerType2>
  <Colors>|189,222,193|15,15,17|153,150,135|</Colors>
  <Language>en</Language>
  <Rating>5.5000</Rating>
  <RatingCount>8</RatingCount>
  <SeriesName>false</SeriesName>
  <ThumbnailPath>_cache/fanart/original/80348-8.jpg</ThumbnailPath>
  <VignettePath>fanart/vignette/80348-8.jpg</VignettePath>
</Banner>
<Banner>
  <id>162411</id>
  <BannerPath>fanart/original/80348-35.jpg</BannerPath>
  <BannerType>fanart</BannerType>
  <BannerType2>1920x1080</BannerType2>
  <Colors></Colors>
  <Language>en</Language>
  <Rating>5.2500</Rating>
  <RatingCount>8</RatingCount>
  <SeriesName>true</SeriesName>
  <ThumbnailPath>_cache/fanart/original/80348-35.jpg</ThumbnailPath>
  <VignettePath>fanart/vignette/80348-35.jpg</VignettePath>
</Banner>
<Banner>
  <id>20710</id>
  <BannerPath>fanart/original/80348-3.jpg</BannerPath>
  <BannerType>fanart</BannerType>
  <BannerType2>1280x720</BannerType2>
  <Colors>|255,255,255|14,14,16|55,165,102|</Colors>
  <Language>en</Language>
  <Rating>5.2500</Rating>
  <RatingCount>8</RatingCount>
  <SeriesName>false</SeriesName>
  <ThumbnailPath>_cache/fanart/original/80348-3.jpg</ThumbnailPath>
  <VignettePath>fanart/vignette/80348-3.jpg</VignettePath>
</Banner>
<Banner>
  <id>118601</id>
  <BannerPath>fanart/original/80348-34.jpg</BannerPath>
  <BannerType>fanart</BannerType>
  <BannerType2>1280x720</BannerType2>
  <Colors></Colors>
  <Language>en</Language>
  <Rating>5.2000</Rating>
  <RatingCount>5</RatingCount>
  <SeriesName>true</SeriesName>
  <ThumbnailPath>_cache/fanart/original/80348-34.jpg</ThumbnailPath>
  <VignettePath>fanart/vignette/80348-34.jpg</VignettePath>
</Banner>
<Banner>
  <id>20892</id>
  <BannerPath>fanart/original/80348-5.jpg</BannerPath>
  <BannerType>fanart</BannerType>
  <BannerType2>1280x720</BannerType2>
  <Colors>|249,229,205|23,22,28|84,168,116|</Colors>
  <Language>en</Language>
  <Rating>5.1250</Rating>
  <RatingCount>8</RatingCount>
  <SeriesName>false</SeriesName>
  <ThumbnailPath>_cache/fanart/original/80348-5.jpg</ThumbnailPath>
  <VignettePath>fanart/vignette/80348-5.jpg</VignettePath>
</Banner>
<Banner>
  <id>118571</id>
  <BannerPath>fanart/original/80348-28.jpg</BannerPath>
  <BannerType>fanart</BannerType>
  <BannerType2>1280x720</BannerType2>
  <Colors>|170,138,125|76,69,59|248,248,248|</Colors>
  <Language>de</Language>
  <Rating>5.0000</Rating>
  <RatingCount>1</RatingCount>
  <SeriesName>false</SeriesName>
  <ThumbnailPath>_cache/fanart/original/80348-28.jpg</ThumbnailPath>
  <VignettePath>fanart/vignette/80348-28.jpg</VignettePath>
</Banner>
<Banner>
  <id>28053</id>
  <BannerPath>fanart/original/80348-11.jpg</BannerPath>
  <BannerType>fanart</BannerType>
  <BannerType2>1920x1080</BannerType2>
  <Colors>|252,248,236|13,12,8|123,112,94|</Colors>
  <Language>en</Language>
  <Rating>5.0000</Rating>
  <RatingCount>4</RatingCount>
  <SeriesName>false</SeriesName>
  <ThumbnailPath>_cache/fanart/original/80348-11.jpg</ThumbnailPath>
  <VignettePath>fanart/vignette/80348-11.jpg</VignettePath>
</Banner>
<Banner>
  <id>20891</id>
  <BannerPath>fanart/original/80348-4.jpg</BannerPath>
  <BannerType>fanart</BannerType>
  <BannerType2>1280x720</BannerType2>
  <Colors>|246,247,249|29,26,19|56,116,88|</Colors>
  <Language>en</Language>
  <Rating>5.0000</Rating>
  <RatingCount>5</RatingCount>
  <SeriesName>false</SeriesName>
  <ThumbnailPath>_cache/fanart/original/80348-4.jpg</ThumbnailPath>
  <VignettePath>fanart/vignette/80348-4.jpg</VignettePath>
</Banner>
<Banner>
  <id>28756</id>
  <BannerPath>fanart/original/80348-13.jpg</BannerPath>
  <BannerType>fanart</BannerType>
  <BannerType2>1920x1080</BannerType2>
  <Colors>|239,229,228|94,3,2|197,165,90|</Colors>
  <Language>en</Language>
  <Rating>4.8000</Rating>
  <RatingCount>5</RatingCount>
  <SeriesName>false</SeriesName>
  <ThumbnailPath>_cache/fanart/original/80348-13.jpg</ThumbnailPath>
  <VignettePath>fanart/vignette/80348-13.jpg</VignettePath>
</Banner>
<Banner>
  <id>296551</id>
  <BannerPath>fanart/original/80348-21.jpg</BannerPath>
  <BannerType>fanart</BannerType>
  <BannerType2>1920x1080</BannerType2>
  <Colors></Colors>
  <Language>en</Language>
  <Rating>4.8000</Rating>
  <RatingCount>5</RatingCount>
  <SeriesName>true</SeriesName>
  <ThumbnailPath>_cache/fanart/original/80348-21.jpg</ThumbnailPath>
  <VignettePath>fanart/vignette/80348-21.jpg</VignettePath>
</Banner>
<Banner>
  <id>253651</id>
  <BannerPath>fanart/original/80348-19.jpg</BannerPath>
  <BannerType>fanart</BannerType>
  <BannerType2>1920x1080</BannerType2>
  <Colors>|254,255,253|170,26,36|254,203,76|</Colors>
  <Language>en</Language>
  <Rating>4.7500</Rating>
  <RatingCount>4</RatingCount>
  <SeriesName>false</SeriesName>
  <ThumbnailPath>_cache/fanart/original/80348-19.jpg</ThumbnailPath>
  <VignettePath>fanart/vignette/80348-19.jpg</VignettePath>
</Banner>
<Banner>
  <id>23128</id>
  <BannerPath>fanart/original/80348-7.jpg</BannerPath>
  <BannerType>fanart</BannerType>
  <BannerType2>1280x720</BannerType2>
  <Colors>|255,255,255|11,11,11|52,109,68|</Colors>
  <Language>en</Language>
  <Rating>4.5000</Rating>
  <RatingCount>6</RatingCount>
  <SeriesName>false</SeriesName>
  <ThumbnailPath>_cache/fanart/original/80348-7.jpg</ThumbnailPath>
  <VignettePath>fanart/vignette/80348-7.jpg</VignettePath>
</Banner>
<Banner>
  <id>877699</id>
  <BannerPath>fanart/original/80348-53.jpg</BannerPath>
  <BannerType>fanart</BannerType>
  <BannerType2>1920x1080</BannerType2>
  <Colors>|205,219,222|212,221,226|47,42,49|</Colors>
  <Language>en</Language>
  <Rating>4.5000</Rating>
  <RatingCount>2</RatingCount>
  <SeriesName>false</SeriesName>
  <ThumbnailPath>_cache/fanart/original/80348-53.jpg</ThumbnailPath>
  <VignettePath>fanart/vignette/80348-53.jpg</VignettePath>
</Banner>
<Banner>
  <id>97371</id>
  <BannerPath>fanart/original/80348-24.jpg</BannerPath>
  <BannerType>fanart</BannerType>
  <BannerType2>1280x720</BannerType2>
  <Colors>|245,245,245|31,31,33|239,233,233|</Colors>
  <Language>en</Language>
  <Rating>4.1667</Rating>
  <RatingCount>6</RatingCount>
  <SeriesName>false</SeriesName>
  <ThumbnailPath>_cache/fanart/original/80348-24.jpg</ThumbnailPath>
  <VignettePath>fanart/vignette/80348-24.jpg</VignettePath>
</Banner>
<Banner>
  <id>118581</id>
  <BannerPath>fanart/original/80348-33.jpg</BannerPath>
  <BannerType>fanart</BannerType>
  <BannerType2>1280x720</BannerType2>
  <Colors></Colors>
  <Language>de</Language>
  <Rating>3.0000</Rating>
  <RatingCount>2</RatingCount>
  <SeriesName>false</SeriesName>
  <ThumbnailPath>_cache/fanart/original/80348-33.jpg</ThumbnailPath>
  <VignettePath>fanart/vignette/80348-33.jpg</VignettePath>
</Banner>
<Banner>
  <id>616401</id>
  <BannerPath>fanart/original/80348-45.jpg</BannerPath>
  <BannerType>fanart</BannerType>
  <BannerType2>1920x1080</BannerType2>
  <Colors>|0,0,0|255,255,255|185,0,0|</Colors>
  <Language>en</Language>
  <Rating>3.0000</Rating>
  <RatingCount>2</RatingCount>
  <SeriesName>false</SeriesName>
  <ThumbnailPath>_cache/fanart/original/80348-45.jpg</ThumbnailPath>
  <VignettePath>fanart/vignette/80348-45.jpg</VignettePath>
</Banner>
<Banner>
  <id>192051</id>
  <BannerPath>fanart/original/80348-43.jpg</BannerPath>
  <BannerType>fanart</BannerType>
  <BannerType2>1920x1080</BannerType2>
  <Colors></Colors>
  <Language>de</Language>
  <Rating>3.0000</Rating>
  <RatingCount>1</RatingCount>
  <SeriesName>false</SeriesName>
  <ThumbnailPath>_cache/fanart/original/80348-43.jpg</ThumbnailPath>
  <VignettePath>fanart/vignette/80348-43.jpg</VignettePath>
</Banner>
<Banner>
  <id>172341</id>
  <BannerPath>fanart/original/80348-37.jpg</BannerPath>
  <BannerType>fanart</BannerType>
  <BannerType2>1280x720</BannerType2>
  <Colors>|250,2,0|230,241,237|237,237,237|</Colors>
  <Language>en</Language>
  <Rating>1.0000</Rating>
  <RatingCount>1</RatingCount>
  <SeriesName>true</SeriesName>
  <ThumbnailPath>_cache/fanart/original/80348-37.jpg</ThumbnailPath>
  <VignettePath>fanart/vignette/80348-37.jpg</VignettePath>
</Banner>
<Banner>
  <id>172331</id>
  <BannerPath>fanart/original/80348-38.jpg</BannerPath>
  <BannerType>fanart</BannerType>
  <BannerType2>1280x720</BannerType2>
  <Colors></Colors>
  <Language>de</Language>
  <Rating>1.0000</Rating>
  <RatingCount>1</RatingCount>
  <SeriesName>true</SeriesName>
  <ThumbnailPath>_cache/fanart/original/80348-38.jpg</ThumbnailPath>
  <VignettePath>fanart/vignette/80348-38.jpg</VignettePath>
</Banner>
<Banner>
  <id>108521</id>
  <BannerPath>fanart/original/80348-32.jpg</BannerPath>
  <BannerType>fanart</BannerType>
  <BannerType2>1280x720</BannerType2>
  <Colors>|127,102,72|98,15,33|221,224,195|</Colors>
  <Language>en</Language>
  <Rating></Rating>
  <RatingCount>0</RatingCount>
  <SeriesName>false</SeriesName>
  <ThumbnailPath>_cache/fanart/original/80348-32.jpg</ThumbnailPath>
  <VignettePath>fanart/vignette/80348-32.jpg</VignettePath>
</Banner>
<Banner>
  <id>108511</id>
  <BannerPath>fanart/original/80348-31.jpg</BannerPath>
  <BannerType>fanart</BannerType>
  <BannerType2>1280x720</BannerType2>
  <Colors></Colors>
  <Language>en</Language>
  <Rating></Rating>
  <RatingCount>0</RatingCount>
  <SeriesName>false</SeriesName>
  <ThumbnailPath>_cache/fanart/original/80348-31.jpg</ThumbnailPath>
  <VignettePath>fanart/vignette/80348-31.jpg</VignettePath>
</Banner>
<Banner>
  <id>108491</id>
  <BannerPath>fanart/original/80348-29.jpg</BannerPath>
  <BannerType>fanart</BannerType>
  <BannerType2>1280x720</BannerType2>
  <Colors></Colors>
  <Language>en</Language>
  <Rating></Rating>
  <RatingCount>0</RatingCount>
  <SeriesName>false</SeriesName>
  <ThumbnailPath>_cache/fanart/original/80348-29.jpg</ThumbnailPath>
  <VignettePath>fanart/vignette/80348-29.jpg</VignettePath>
</Banner>
<Banner>
  <id>899538</id>
  <BannerPath>fanart/original/80348-55.jpg</BannerPath>
  <BannerType>fanart</BannerType>
  <BannerType2>1280x720</BannerType2>
  <Colors></Colors>
  <Language>en</Language>
  <Rating></Rating>
  <RatingCount>0</RatingCount>
  <SeriesName>true</SeriesName>
  <ThumbnailPath>_cache/fanart/original/80348-55.jpg</ThumbnailPath>
  <VignettePath>fanart/vignette/80348-55.jpg</VignettePath>
</Banner>
<Banner>
  <id>172391</id>
  <BannerPath>fanart/original/80348-40.jpg</BannerPath>
  <BannerType>fanart</BannerType>
  <BannerType2>1280x720</BannerType2>
  <Colors>|69,22,6|108,54,20|186,130,79|</Colors>
  <Language>de</Language>
  <Rating></Rating>
  <RatingCount>0</RatingCount>
  <SeriesName>false</SeriesName>
  <ThumbnailPath>_cache/fanart/original/80348-40.jpg</ThumbnailPath>
  <VignettePath>fanart/vignette/80348-40.jpg</VignettePath>
</Banner>
<Banner>
  <id>863785</id>
  <BannerPath>fanart/original/80348-47.jpg</BannerPath>
  <BannerType>fanart</BannerType>
  <BannerType2>1920x1080</BannerType2>
  <Colors></Colors>
  <Language>de</Language>
  <Rating></Rating>
  <RatingCount>0</RatingCount>
  <SeriesName>false</SeriesName>
  <ThumbnailPath>_cache/fanart/original/80348-47.jpg</ThumbnailPath>
  <VignettePath>fanart/vignette/80348-47.jpg</VignettePath>
</Banner>
<Banner>
  <id>108501</id>
  <BannerPath>fanart/original/80348-30.jpg</BannerPath>
  <BannerType>fanart</BannerType>
  <BannerType2>1280x720</BannerType2>
  <Colors>|139,45,17|0,0,0|185,131,87|</Colors>
  <Language>en</Language>
  <Rating></Rating>
  <RatingCount>0</RatingCount>
  <SeriesName>false</SeriesName>
  <ThumbnailPath>_cache/fanart/original/80348-30.jpg</ThumbnailPath>
  <VignettePath>fanart/vignette/80348-30.jpg</VignettePath>
</Banner>
<Banner>
  <id>883889</id>
  <BannerPath>fanart/original/80348-52.jpg</BannerPath>
  <BannerType>fanart</BannerType>
  <BannerType2>1920x1080</BannerType2>
  <Colors>|196,212,235|11,11,13|56,92,126|</Colors>
  <Language>en</Language>
  <Rating></Rating>
  <RatingCount>0</RatingCount>
  <SeriesName>false</SeriesName>
  <ThumbnailPath>_cache/fanart/original/80348-52.jpg</ThumbnailPath>
  <VignettePath>fanart/vignette/80348-52.jpg</VignettePath>
</Banner>
<Banner>
  <id>172371</id>
  <BannerPath>fanart/original/80348-39.jpg</BannerPath>
  <BannerType>fanart</BannerType>
  <BannerType2>1280x720</BannerType2>
  <Colors></Colors>
  <Language>de</Language>
  <Rating></Rating>
  <RatingCount>0</RatingCount>
  <SeriesName>false</SeriesName>
  <ThumbnailPath>_cache/fanart/original/80348-39.jpg</ThumbnailPath>
  <VignettePath>fanart/vignette/80348-39.jpg</VignettePath>
</Banner>
<Banner>
  <id>919834</id>
  <BannerPath>fanart/original/80348-59.jpg</BannerPath>
  <BannerType>fanart</BannerType>
  <BannerType2>1920x1080</BannerType2>
  <Colors>|198,197,195|37,34,41|195,145,122|</Colors>
  <Language>fr</Language>
  <Rating></Rating>
  <RatingCount>0</RatingCount>
  <SeriesName>false</SeriesName>
  <ThumbnailPath>_cache/fanart/original/80348-59.jpg</ThumbnailPath>
  <VignettePath>fanart/vignette/80348-59.jpg</VignettePath>
</Banner>
<Banner>
  <id>108461</id>
  <BannerPath>fanart/original/80348-26.jpg</BannerPath>
  <BannerType>fanart</BannerType>
  <BannerType2>1280x720</BannerType2>
  <Colors></Colors>
  <Language>en</Language>
  <Rating></Rating>
  <RatingCount>0</RatingCount>
  <SeriesName>false</SeriesName>
  <ThumbnailPath>_cache/fanart/original/80348-26.jpg</ThumbnailPath>
  <VignettePath>fanart/vignette/80348-26.jpg</VignettePath>
</Banner>
<Banner>
  <id>108451</id>
  <BannerPath>fanart/original/80348-25.jpg</BannerPath>
  <BannerType>fanart</BannerType>
  <BannerType2>1280x720</BannerType2>
  <Colors>|0,0,0|0,0,0|0,0,0|</Colors>
  <Language>en</Language>
  <Rating></Rating>
  <RatingCount>0</RatingCount>
  <SeriesName>false</SeriesName>
  <ThumbnailPath>_cache/fanart/original/80348-25.jpg</ThumbnailPath>
  <VignettePath>fanart/vignette/80348-25.jpg</VignettePath>
</Banner>
<Banner>
  <id>906574</id>
  <BannerPath>fanart/original/80348-58.jpg</BannerPath>
  <BannerType>fanart</BannerType>
  <BannerType2>1920x1080</BannerType2>
  <Colors></Colors>
  <Language>en</Language>
  <Rating></Rating>
  <RatingCount>0</RatingCount>
  <SeriesName>false</SeriesName>
  <ThumbnailPath>_cache/fanart/original/80348-58.jpg</ThumbnailPath>
  <VignettePath>fanart/vignette/80348-58.jpg</VignettePath>
</Banner>
<Banner>
  <id>877696</id>
  <BannerPath>posters/80348-16.jpg</BannerPath>
  <BannerType>poster</BannerType>
  <BannerType2>680x1000</BannerType2>
  <Language>en</Language>
  <Rating>8.6667</Rating>
  <RatingCount>6</RatingCount>
</Banner>
<Banner>
  <id>25451</id>
  <BannerPath>posters/80348-1.jpg</BannerPath>
  <BannerType>poster</BannerType>
  <BannerType2>680x1000</BannerType2>
  <Language>en</Language>
  <Rating>8.0769</Rating>
  <RatingCount>26</RatingCount>
</Banner>
<Banner>
  <id>330611</id>
  <BannerPath>posters/80348-4.jpg</BannerPath>
  <BannerType>poster</BannerType>
  <BannerType2>680x1000</BannerType2>
  <Language>en</Language>
  <Rating>8.0714</Rating>
  <RatingCount>14</RatingCount>
</Banner>
<Banner>
  <id>37222</id>
  <BannerPath>posters/80348-6.jpg</BannerPath>
  <BannerType>poster</BannerType>
  <BannerType2>680x1000</BannerType2>
  <Language>en</Language>
  <Rating>8.0667</Rating>
  <RatingCount>15</RatingCount>
</Banner>
<Banner>
  <id>900389</id>
  <BannerPath>posters/80348-20.jpg</BannerPath>
  <BannerType>poster</BannerType>
  <BannerType2>680x1000</BannerType2>
  <Language>en</Language>
  <Rating>8.0000</Rating>
  <RatingCount>2</RatingCount>
</Banner>
<Banner>
  <id>196111</id>
  <BannerPath>posters/80348-3.jpg</BannerPath>
  <BannerType>poster</BannerType>
  <BannerType2>680x1000</BannerType2>
  <Language>en</Language>
  <Rating>7.8889</Rating>
  <RatingCount>9</RatingCount>
</Banner>
<Banner>
  <id>869567</id>
  <BannerPath>posters/80348-15.jpg</BannerPath>
  <BannerType>poster</BannerType>
  <BannerType2>680x1000</BannerType2>
  <Language>en</Language>
  <Rating>7.8000</Rating>
  <RatingCount>5</RatingCount>
</Banner>
<Banner>
  <id>43274</id>
  <BannerPath>posters/80348-9.jpg</BannerPath>
  <BannerType>poster</BannerType>
  <BannerType2>680x1000</BannerType2>
  <Language>en</Language>
  <Rating>7.6250</Rating>
  <RatingCount>8</RatingCount>
</Banner>
<Banner>
  <id>705311</id>
  <BannerPath>posters/80348-14.jpg</BannerPath>
  <BannerType>poster</BannerType>
  <BannerType2>680x1000</BannerType2>
  <Language>en</Language>
  <Rating>7.6000</Rating>
  <RatingCount>5</RatingCount>
</Banner>
<Banner>
  <id>170431</id>
  <BannerPath>posters/80348-8.jpg</BannerPath>
  <BannerType>poster</BannerType>
  <BannerType2>680x1000</BannerType2>
  <Language>en</Language>
  <Rating>7.6000</Rating>
  <RatingCount>5</RatingCount>
</Banner>
<Banner>
  <id>585111</id>
  <BannerPath>posters/80348-13.jpg</BannerPath>
  <BannerType>poster</BannerType>
  <BannerType2>680x1000</BannerType2>
  <Language>en</Language>
  <Rating>7.2500</Rating>
  <RatingCount>4</RatingCount>
</Banner>
<Banner>
  <id>900392</id>
  <BannerPath>posters/80348-21.jpg</BannerPath>
  <BannerType>poster</BannerType>
  <BannerType2>680x1000</BannerType2>
  <Language>en</Language>
  <Rating>7.0000</Rating>
  <RatingCount>1</RatingCount>
</Banner>
<Banner>
  <id>29653</id>
  <BannerPath>posters/80348-2.jpg</BannerPath>
  <BannerType>poster</BannerType>
  <BannerType2>680x1000</BannerType2>
  <Language>en</Language>
  <Rating>6.5000</Rating>
  <RatingCount>6</RatingCount>
</Banner>
<Banner>
  <id>37855</id>
  <BannerPath>posters/80348-7.jpg</BannerPath>
  <BannerType>poster</BannerType>
  <BannerType2>680x1000</BannerType2>
  <Language>en</Language>
  <Rating>6.3333</Rating>
  <RatingCount>6</RatingCount>
</Banner>
<Banner>
  <id>37854</id>
  <BannerPath>posters/80348-5.jpg</BannerPath>
  <BannerType>poster</BannerType>
  <BannerType2>680x1000</BannerType2>
  <Language>en</Language>
  <Rating>6.0000</Rating>
  <RatingCount>7</RatingCount>
</Banner>
<Banner>
  <id>585091</id>
  <BannerPath>posters/80348-12.jpg</BannerPath>
  <BannerType>poster</BannerType>
  <BannerType2>680x1000</BannerType2>
  <Language>en</Language>
  <Rating>6.0000</Rating>
  <RatingCount>2</RatingCount>
</Banner>
<Banner>
  <id>885089</id>
  <BannerPath>posters/80348-17.jpg</BannerPath>
  <BannerType>poster</BannerType>
  <BannerType2>680x1000</BannerType2>
  <Language>en</Language>
  <Rating>5.5000</Rating>
  <RatingCount>2</RatingCount>
</Banner>
<Banner>
  <id>926782</id>
  <BannerPath>posters/80348-22.jpg</BannerPath>
  <BannerType>poster</BannerType>
  <BannerType2>680x1000</BannerType2>
  <Language>en</Language>
  <Rating>5.0000</Rating>
  <RatingCount>1</RatingCount>
</Banner>
<Banner>
  <id>895194</id>
  <BannerPath>posters/80348-19.jpg</BannerPath>
  <BannerType>poster</BannerType>
  <BannerType2>680x1000</BannerType2>
  <Language>en</Language>
  <Rating>4.0000</Rating>
  <RatingCount>1</RatingCount>
</Banner>
<Banner>
  <id>901671</id>
  <BannerPath>posters/80348-10.jpg</BannerPath>
  <BannerType>poster</BannerType>
  <BannerType2>680x1000</BannerType2>
  <Language>en</Language>
  <Rating>4.0000</Rating>
  <RatingCount>1</RatingCount>
</Banner>
<Banner>
  <id>927039</id>
  <BannerPath>posters/80348-23.jpg</BannerPath>
  <BannerType>poster</BannerType>
  <BannerType2>680x1000</BannerType2>
  <Language>en</Language>
  <Rating>3.2500</Rating>
  <RatingCount>4</RatingCount>
</Banner>
<Banner>
  <id>585081</id>
  <BannerPath>posters/80348-11.jpg</BannerPath>
  <BannerType>poster</BannerType>
  <BannerType2>680x1000</BannerType2>
  <Language>en</Language>
  <Rating>3.0000</Rating>
  <RatingCount>2</RatingCount>
</Banner>
<Banner>
  <id>893992</id>
  <BannerPath>posters/80348-18.jpg</BannerPath>
  <BannerType>poster</BannerType>
  <BannerType2>680x1000</BannerType2>
  <Language>en</Language>
  <Rating>1.5000</Rating>
  <RatingCount>2</RatingCount>
</Banner>
<Banner>
  <id>896898</id>
  <BannerPath>seasons/80348-0-2.jpg</BannerPath>
  <BannerType>season</BannerType>
  <BannerType2>season</BannerType2>
  <Language>en</Language>
  <Rating>10.0000</Rating>
  <RatingCount>1</RatingCount>
  <Season>0</Season>
</Banner>
<Banner>
  <id>330621</id>
  <BannerPath>seasons/80348-3-3.jpg</BannerPath>
  <BannerType>season</BannerType>
  <BannerType2>season</BannerType2>
  <Language>en</Language>
  <Rating>9.0000</Rating>
  <RatingCount>11</RatingCount>
  <Season>3</Season>
</Banner>
<Banner>
  <id>926069</id>
  <BannerPath>seasons/80348-3-7.jpg</BannerPath>
  <BannerType>season</BannerType>
  <BannerType2>season</BannerType2>
  <Language>he</Language>
  <Rating>8.5000</Rating>
  <RatingCount>2</RatingCount>
  <Season>3</Season>
</Banner>
<Banner>
  <id>39726</id>
  <BannerPath>seasons/80348-1-8.jpg</BannerPath>
  <BannerType>season</BannerType>
  <BannerType2>season</BannerType2>
  <Language>en</Language>
  <Rating>8.3333</Rating>
  <RatingCount>12</RatingCount>
  <Season>1</Season>
</Banner>
<Banner>
  <id>340741</id>
  <BannerPath>seasons/80348-3-2.jpg</BannerPath>
  <BannerType>season</BannerType>
  <BannerType2>season</BannerType2>
  <Language>fr</Language>
  <Rating>8.3333</Rating>
  <RatingCount>3</RatingCount>
  <Season>3</Season>
</Banner>
<Banner>
  <id>869552</id>
  <BannerPath>seasons/80348-4-6.jpg</BannerPath>
  <BannerType>season</BannerType>
  <BannerType2>season</BannerType2>
  <Language>en</Language>
  <Rating>8.1667</Rating>
  <RatingCount>6</RatingCount>
  <Season>4</Season>
</Banner>
<Banner>
  <id>926062</id>
  <BannerPath>seasons/80348-1-4.jpg</BannerPath>
  <BannerType>season</BannerType>
  <BannerType2>season</BannerType2>
  <Language>he</Language>
  <Rating>8.0000</Rating>
  <RatingCount>2</RatingCount>
  <Season>1</Season>
</Banner>
<Banner>
  <id>900386</id>
  <BannerPath>seasons/80348-5-4.jpg</BannerPath>
  <BannerType>season</BannerType>
  <BannerType2>season</BannerType2>
  <Language>en</Language>
  <Rating>7.8571</Rating>
  <RatingCount>7</RatingCount>
  <Season>5</Season>
</Banner>
<Banner>
  <id>865672</id>
  <BannerPath>seasons/80348-4-4.jpg</BannerPath>
  <BannerType>season</BannerType>
  <BannerType2>season</BannerType2>
  <Language>en</Language>
  <Rating>7.7143</Rating>
  <RatingCount>7</RatingCount>
  <Season>4</Season>
</Banner>
<Banner>
  <id>876728</id>
  <BannerPath>seasons/80348-5-2.jpg</BannerPath>
  <BannerType>season</BannerType>
  <BannerType2>season</BannerType2>
  <Language>en</Language>
  <Rating>7.5714</Rating>
  <RatingCount>7</RatingCount>
  <Season>5</Season>
</Banner>
<Banner>
  <id>926067</id>
  <BannerPath>seasons/80348-5-6.jpg</BannerPath>
  <BannerType>season</BannerType>
  <BannerType2>season</BannerType2>
  <Language>he</Language>
  <Rating>7.5000</Rating>
  <RatingCount>2</RatingCount>
  <Season>5</Season>
</Banner>
<Banner>
  <id>697171</id>
  <BannerPath>seasons/80348-3.jpg</BannerPath>
  <BannerType>season</BannerType>
  <BannerType2>season</BannerType2>
  <Language>en</Language>
  <Rating>7.3333</Rating>
  <RatingCount>3</RatingCount>
  <Season>3</Season>
</Banner>
<Banner>
  <id>877765</id>
  <BannerPath>seasons/80348-5-3.jpg</BannerPath>
  <BannerType>season</BannerType>
  <BannerType2>season</BannerType2>
  <Language>en</Language>
  <Rating>7.1667</Rating>
  <RatingCount>6</RatingCount>
  <Season>5</Season>
</Banner>
<Banner>
  <id>330631</id>
  <BannerPath>seasons/80348-2-6.jpg</BannerPath>
  <BannerType>season</BannerType>
  <BannerType2>season</BannerType2>
  <Language>en</Language>
  <Rating>7.0000</Rating>
  <RatingCount>7</RatingCount>
  <Season>2</Season>
</Banner>
<Banner>
  <id>926066</id>
  <BannerPath>seasons/80348-4-8.jpg</BannerPath>
  <BannerType>season</BannerType>
  <BannerType2>season</BannerType2>
  <Language>he</Language>
  <Rating>7.0000</Rating>
  <RatingCount>2</RatingCount>
  <Season>4</Season>
</Banner>
<Banner>
  <id>863308</id>
  <BannerPath>seasons/80348-4-3.jpg</BannerPath>
  <BannerType>season</BannerType>
  <BannerType2>season</BannerType2>
  <Language>en</Language>
  <Rating>7.0000</Rating>
  <RatingCount>6</RatingCount>
  <Season>4</Season>
</Banner>
<Banner>
  <id>15217</id>
  <BannerPath>seasons/80348-1.jpg</BannerPath>
  <BannerType>season</BannerType>
  <BannerType2>season</BannerType2>
  <Language>en</Language>
  <Rating>6.8750</Rating>
  <RatingCount>8</RatingCount>
  <Season>1</Season>
</Banner>
<Banner>
  <id>896899</id>
  <BannerPath>seasons/80348-1-11.jpg</BannerPath>
  <BannerType>season</BannerType>
  <BannerType2>season</BannerType2>
  <Language>en</Language>
  <Rating>6.8333</Rating>
  <RatingCount>6</RatingCount>
  <Season>1</Season>
</Banner>
<Banner>
  <id>619141</id>
  <BannerPath>seasons/80348-4-2.jpg</BannerPath>
  <BannerType>season</BannerType>
  <BannerType2>season</BannerType2>
  <Language>en</Language>
  <Rating>6.8000</Rating>
  <RatingCount>5</RatingCount>
  <Season>4</Season>
</Banner>
<Banner>
  <id>896900</id>
  <BannerPath>seasons/80348-5.jpg</BannerPath>
  <BannerType>season</BannerType>
  <BannerType2>season</BannerType2>
  <Language>en</Language>
  <Rating>6.8000</Rating>
  <RatingCount>5</RatingCount>
  <Season>5</Season>
</Banner>
<Banner>
  <id>865759</id>
  <BannerPath>seasons/80348-4-5.jpg</BannerPath>
  <BannerType>season</BannerType>
  <BannerType2>season</BannerType2>
  <Language>en</Language>
  <Rating>6.7500</Rating>
  <RatingCount>4</RatingCount>
  <Season>4</Season>
</Banner>
<Banner>
  <id>75201</id>
  <BannerPath>seasons/80348-2-4.jpg</BannerPath>
  <BannerType>season</BannerType>
  <BannerType2>season</BannerType2>
  <Language>en</Language>
  <Rating>6.6667</Rating>
  <RatingCount>9</RatingCount>
  <Season>2</Season>
</Banner>
<Banner>
  <id>865670</id>
  <BannerPath>seasons/80348-2-9.jpg</BannerPath>
  <BannerType>season</BannerType>
  <BannerType2>season</BannerType2>
  <Language>en</Language>
  <Rating>6.6250</Rating>
  <RatingCount>8</RatingCount>
  <Season>2</Season>
</Banner>
<Banner>
  <id>330641</id>
  <BannerPath>seasons/80348-1-7.jpg</BannerPath>
  <BannerType>season</BannerType>
  <BannerType2>season</BannerType2>
  <Language>en</Language>
  <Rating>6.5556</Rating>
  <RatingCount>9</RatingCount>
  <Season>1</Season>
</Banner>
<Banner>
  <id>900387</id>
  <BannerPath>seasons/80348-5-5.jpg</BannerPath>
  <BannerType>season</BannerType>
  <BannerType2>season</BannerType2>
  <Language>en</Language>
  <Rating>6.0000</Rating>
  <RatingCount>4</RatingCount>
  <Season>5</Season>
</Banner>
<Banner>
  <id>901310</id>
  <BannerPath>seasons/80348-3-4.jpg</BannerPath>
  <BannerType>season</BannerType>
  <BannerType2>season</BannerType2>
  <Language>en</Language>
  <Rating>6.0000</Rating>
  <RatingCount>3</RatingCount>
  <Season>3</Season>
</Banner>
<Banner>
  <id>926064</id>
  <BannerPath>seasons/80348-2-2.jpg</BannerPath>
  <BannerType>season</BannerType>
  <BannerType2>season</BannerType2>
  <Language>he</Language>
  <Rating>6.0000</Rating>
  <RatingCount>2</RatingCount>
  <Season>2</Season>
</Banner>
<Banner>
  <id>29534</id>
  <BannerPath>seasons/80348-2.jpg</BannerPath>
  <BannerType>season</BannerType>
  <BannerType2>season</BannerType2>
  <Language>en</Language>
  <Rating>6.0000</Rating>
  <RatingCount>8</RatingCount>
  <Season>2</Season>
</Banner>
<Banner>
  <id>656671</id>
  <BannerPath>seasons/80348-4.jpg</BannerPath>
  <BannerType>season</BannerType>
  <BannerType2>season</BannerType2>
  <Language>en</Language>
  <Rating>6.0000</Rating>
  <RatingCount>3</RatingCount>
  <Season>4</Season>
</Banner>
<Banner>
  <id>209031</id>
  <BannerPath>seasons/80348-1-9.jpg</BannerPath>
  <BannerType>season</BannerType>
  <BannerType2>season</BannerType2>
  <Language>hu</Language>
  <Rating>5.5000</Rating>
  <RatingCount>2</RatingCount>
  <Season>1</Season>
</Banner>
<Banner>
  <id>340751</id>
  <BannerPath>seasons/80348-2-7.jpg</BannerPath>
  <BannerType>season</BannerType>
  <BannerType2>season</BannerType2>
  <Language>fr</Language>
  <Rating>4.5000</Rating>
  <RatingCount>2</RatingCount>
  <Season>2</Season>
</Banner>
<Banner>
  <id>17385</id>
  <BannerPath>seasons/80348-1-3.jpg</BannerPath>
  <BannerType>season</BannerType>
  <BannerType2>season</BannerType2>
  <Language>en</Language>
  <Rating>3.5000</Rating>
  <RatingCount>2</RatingCount>
  <Season>1</Season>
</Banner>
<Banner>
  <id>19516</id>
  <BannerPath>seasons/80348-1-5.jpg</BannerPath>
  <BannerType>season</BannerType>
  <BannerType2>season</BannerType2>
  <Language>fr</Language>
  <Rating>1.0000</Rating>
  <RatingCount>1</RatingCount>
  <Season>1</Season>
</Banner>
<Banner>
  <id>34559</id>
  <BannerPath>seasons/80348-1-6.jpg</BannerPath>
  <BannerType>season</BannerType>
  <BannerType2>season</BannerType2>
  <Language>hu</Language>
  <Rating>1.0000</Rating>
  <RatingCount>1</RatingCount>
  <Season>1</Season>
</Banner>
<Banner>
  <id>34560</id>
  <BannerPath>seasons/80348-2-3.jpg</BannerPath>
  <BannerType>season</BannerType>
  <BannerType2>season</BannerType2>
  <Language>hu</Language>
  <Rating>1.0000</Rating>
  <RatingCount>2</RatingCount>
  <Season>2</Season>
</Banner>
<Banner>
  <id>395661</id>
  <BannerPath>seasons/80348-0.jpg</BannerPath>
  <BannerType>season</BannerType>
  <BannerType2>season</BannerType2>
  <Language>en</Language>
  <Rating></Rating>
  <RatingCount>0</RatingCount>
  <Season>0</Season>
</Banner>
<Banner>
  <id>530791</id>
  <BannerPath>seasons/80348-3-6.jpg</BannerPath>
  <BannerType>season</BannerType>
  <BannerType2>season</BannerType2>
  <Language>es</Language>
  <Rating></Rating>
  <RatingCount>0</RatingCount>
  <Season>3</Season>
</Banner>
<Banner>
  <id>530761</id>
  <BannerPath>seasons/80348-2-8.jpg</BannerPath>
  <BannerType>season</BannerType>
  <BannerType2>season</BannerType2>
  <Language>es</Language>
  <Rating></Rating>
  <RatingCount>0</RatingCount>
  <Season>2</Season>
</Banner>
<Banner>
  <id>106171</id>
  <BannerPath>seasons/80348-1-2.jpg</BannerPath>
  <BannerType>season</BannerType>
  <BannerType2>season</BannerType2>
  <Language>en</Language>
  <Rating></Rating>
  <RatingCount>0</RatingCount>
  <Season>1</Season>
</Banner>
<Banner>
  <id>530751</id>
  <BannerPath>seasons/80348-1-10.jpg</BannerPath>
  <BannerType>season</BannerType>
  <BannerType2>season</BannerType2>
  <Language>es</Language>
  <Rating></Rating>
  <RatingCount>0</RatingCount>
  <Season>1</Season>
</Banner>
<Banner>
  <id>106181</id>
  <BannerPath>seasons/80348-2-5.jpg</BannerPath>
  <BannerType>season</BannerType>
  <BannerType2>season</BannerType2>
  <Language>en</Language>
  <Rating></Rating>
  <RatingCount>0</RatingCount>
  <Season>2</Season>
</Banner>
<Banner>
  <id>869553</id>
  <BannerPath>seasons/80348-4-7.jpg</BannerPath>
  <BannerType>season</BannerType>
  <BannerType2>season</BannerType2>
  <Language>en</Language>
  <Rating></Rating>
  <RatingCount>0</RatingCount>
  <Season>4</Season>
</Banner>
<Banner>
  <id>895103</id>
  <BannerPath>seasonswide/80348-4-2.jpg</BannerPath>
  <BannerType>season</BannerType>
  <BannerType2>seasonwide</BannerType2>
  <Language>en</Language>
  <Rating>10.0000</Rating>
  <RatingCount>1</RatingCount>
  <Season>4</Season>
</Banner>
<Banner>
  <id>895101</id>
  <BannerPath>seasonswide/80348-1-2.jpg</BannerPath>
  <BannerType>season</BannerType>
  <BannerType2>seasonwide</BannerType2>
  <Language>en</Language>
  <Rating>10.0000</Rating>
  <RatingCount>1</RatingCount>
  <Season>1</Season>
</Banner>
<Banner>
  <id>421961</id>
  <BannerPath>seasonswide/80348-1.jpg</BannerPath>
  <BannerType>season</BannerType>
  <BannerType2>seasonwide</BannerType2>
  <Language>en</Language>
  <Rating>10.0000</Rating>
  <RatingCount>1</RatingCount>
  <Season>1</Season>
</Banner>
<Banner>
  <id>421971</id>
  <BannerPath>seasonswide/80348-2.jpg</BannerPath>
  <BannerType>season</BannerType>
  <BannerType2>seasonwide</BannerType2>
  <Language>en</Language>
  <Rating>10.0000</Rating>
  <RatingCount>1</RatingCount>
  <Season>2</Season>
</Banner>
<Banner>
  <id>895089</id>
  <BannerPath>seasonswide/80348-5.jpg</BannerPath>
  <BannerType>season</BannerType>
  <BannerType2>seasonwide</BannerType2>
  <Language>en</Language>
  <Rating>10.0000</Rating>
  <RatingCount>1</RatingCount>
  <Season>5</Season>
</Banner>
<Banner>
  <id>642871</id>
  <BannerPath>seasonswide/80348-4.jpg</BannerPath>
  <BannerType>season</BannerType>
  <BannerType2>seasonwide</BannerType2>
  <Language>en</Language>
  <Rating>10.0000</Rating>
  <RatingCount>1</RatingCount>
  <Season>4</Season>
</Banner>
<Banner>
  <id>895105</id>
  <BannerPath>seasonswide/80348-2-2.jpg</BannerPath>
  <BannerType>season</BannerType>
  <BannerType2>seasonwide</BannerType2>
  <Language>en</Language>
  <Rating>10.0000</Rating>
  <RatingCount>1</RatingCount>
  <Season>2</Season>
</Banner>
<Banner>
  <id>895104</id>
  <BannerPath>seasonswide/80348-3-2.jpg</BannerPath>
  <BannerType>season</BannerType>
  <BannerType2>seasonwide</BannerType2>
  <Language>en</Language>
  <Rating>10.0000</Rating>
  <RatingCount>1</RatingCount>
  <Season>3</Season>
</Banner>
<Banner>
  <id>422131</id>
  <BannerPath>seasonswide/80348-3.jpg</BannerPath>
  <BannerType>season</BannerType>
  <BannerType2>seasonwide</BannerType2>
  <Language>en</Language>
  <Rating>5.5000</Rating>
  <RatingCount>2</RatingCount>
  <Season>3</Season>
</Banner>
<Banner>
  <id>895091</id>
  <BannerPath>seasonswide/80348-0.jpg</BannerPath>
  <BannerType>season</BannerType>
  <BannerType2>seasonwide</BannerType2>
  <Language>en</Language>
  <Rating></Rating>
  <RatingCount>0</RatingCount>
  <Season>0</Season>
</Banner>
<Banner>
  <id>926783</id>
  <BannerPath>graphical/80348-g32.jpg</BannerPath>
  <BannerType>series</BannerType>
  <BannerType2>graphical</BannerType2>
  <Language>en</Language>
  <Rating>10.0000</Rating>
  <RatingCount>1</RatingCount>
</Banner>
<Banner>
  <id>900390</id>
  <BannerPath>graphical/80348-g31.jpg</BannerPath>
  <BannerType>series</BannerType>
  <BannerType2>graphical</BannerType2>
  <Language>de</Language>
  <Rating>9.5000</Rating>
  <RatingCount>2</RatingCount>
</Banner>
<Banner>
  <id>893988</id>
  <BannerPath>graphical/80348-g29.jpg</BannerPath>
  <BannerType>series</BannerType>
  <BannerType2>graphical</BannerType2>
  <Language>en</Language>
  <Rating>9.3333</Rating>
  <RatingCount>3</RatingCount>
</Banner>
<Banner>
  <id>893986</id>
  <BannerPath>graphical/80348-g27.jpg</BannerPath>
  <BannerType>series</BannerType>
  <BannerType2>graphical</BannerType2>
  <Language>en</Language>
  <Rating>9.0000</Rating>
  <RatingCount>1</RatingCount>
</Banner>
<Banner>
  <id>704201</id>
  <BannerPath>graphical/80348-g23.jpg</BannerPath>
  <BannerType>series</BannerType>
  <BannerType2>graphical</BannerType2>
  <Language>en</Language>
  <Rating>8.4286</Rating>
  <RatingCount>7</RatingCount>
</Banner>
<Banner>
  <id>617191</id>
  <BannerPath>graphical/80348-g21.jpg</BannerPath>
  <BannerType>series</BannerType>
  <BannerType2>graphical</BannerType2>
  <Language>en</Language>
  <Rating>8.2500</Rating>
  <RatingCount>8</RatingCount>
</Banner>
<Banner>
  <id>869556</id>
  <BannerPath>graphical/80348-g26.jpg</BannerPath>
  <BannerType>series</BannerType>
  <BannerType2>graphical</BannerType2>
  <Language>en</Language>
  <Rating>7.7143</Rating>
  <RatingCount>7</RatingCount>
</Banner>
<Banner>
  <id>893987</id>
  <BannerPath>graphical/80348-g28.jpg</BannerPath>
  <BannerType>series</BannerType>
  <BannerType2>graphical</BannerType2>
  <Language>en</Language>
  <Rating>7.0000</Rating>
  <RatingCount>3</RatingCount>
</Banner>
<Banner>
  <id>405231</id>
  <BannerPath>graphical/80348-g18.jpg</BannerPath>
  <BannerType>series</BannerType>
  <BannerType2>graphical</BannerType2>
  <Language>en</Language>
  <Rating>7.0000</Rating>
  <RatingCount>5</RatingCount>
</Banner>
<Banner>
  <id>14827</id>
  <BannerPath>graphical/80348-g.jpg</BannerPath>
  <BannerType>series</BannerType>
  <BannerType2>graphical</BannerType2>
  <Language>en</Language>
  <Rating>6.8438</Rating>
  <RatingCount>32</RatingCount>
</Banner>
<Banner>
  <id>16209</id>
  <BannerPath>graphical/80348-g4.jpg</BannerPath>
  <BannerType>series</BannerType>
  <BannerType2>graphical</BannerType2>
  <Language>en</Language>
  <Rating>6.5000</Rating>
  <RatingCount>8</RatingCount>
</Banner>
<Banner>
  <id>14828</id>
  <BannerPath>graphical/80348-g2.jpg</BannerPath>
  <BannerType>series</BannerType>
  <BannerType2>graphical</BannerType2>
  <Language>en</Language>
  <Rating>6.4286</Rating>
  <RatingCount>14</RatingCount>
</Banner>
<Banner>
  <id>42851</id>
  <BannerPath>graphical/80348-g11.jpg</BannerPath>
  <BannerType>series</BannerType>
  <BannerType2>graphical</BannerType2>
  <Language>en</Language>
  <Rating>6.3333</Rating>
  <RatingCount>6</RatingCount>
</Banner>
<Banner>
  <id>20682</id>
  <BannerPath>graphical/80348-g5.jpg</BannerPath>
  <BannerType>series</BannerType>
  <BannerType2>graphical</BannerType2>
  <Language>en</Language>
  <Rating>6.3182</Rating>
  <RatingCount>22</RatingCount>
</Banner>
<Banner>
  <id>568891</id>
  <BannerPath>graphical/80348-g20.jpg</BannerPath>
  <BannerType>series</BannerType>
  <BannerType2>graphical</BannerType2>
  <Language>en</Language>
  <Rating>6.1667</Rating>
  <RatingCount>6</RatingCount>
</Banner>
<Banner>
  <id>28169</id>
  <BannerPath>graphical/80348-g7.jpg</BannerPath>
  <BannerType>series</BannerType>
  <BannerType2>graphical</BannerType2>
  <Language>en</Language>
  <Rating>6.1667</Rating>
  <RatingCount>6</RatingCount>
</Banner>
<Banner>
  <id>331021</id>
  <BannerPath>graphical/80348-g15.jpg</BannerPath>
  <BannerType>series</BannerType>
  <BannerType2>graphical</BannerType2>
  <Language>en</Language>
  <Rating>6.0000</Rating>
  <RatingCount>8</RatingCount>
</Banner>
<Banner>
  <id>188271</id>
  <BannerPath>graphical/80348-g14.jpg</BannerPath>
  <BannerType>series</BannerType>
  <BannerType2>graphical</BannerType2>
  <Language>en</Language>
  <Rating>5.8000</Rating>
  <RatingCount>5</RatingCount>
</Banner>
<Banner>
  <id>42849</id>
  <BannerPath>graphical/80348-g9.jpg</BannerPath>
  <BannerType>series</BannerType>
  <BannerType2>graphical</BannerType2>
  <Language>en</Language>
  <Rating>5.6000</Rating>
  <RatingCount>5</RatingCount>
</Banner>
<Banner>
  <id>167291</id>
  <BannerPath>blank/80348-3.jpg</BannerPath>
  <BannerType>series</BannerType>
  <BannerType2>blank</BannerType2>
  <Language></Language>
  <Rating>5.5000</Rating>
  <RatingCount>2</RatingCount>
</Banner>
<Banner>
  <id>331041</id>
  <BannerPath>graphical/80348-g16.jpg</BannerPath>
  <BannerType>series</BannerType>
  <BannerType2>graphical</BannerType2>
  <Language>en</Language>
  <Rating>5.5000</Rating>
  <RatingCount>4</RatingCount>
</Banner>
<Banner>
  <id>16129</id>
  <BannerPath>graphical/80348-g3.jpg</BannerPath>
  <BannerType>series</BannerType>
  <BannerType2>graphical</BannerType2>
  <Language>en</Language>
  <Rating>5.3750</Rating>
  <RatingCount>8</RatingCount>
</Banner>
<Banner>
  <id>28165</id>
  <BannerPath>graphical/80348-g6.jpg</BannerPath>
  <BannerType>series</BannerType>
  <BannerType2>graphical</BannerType2>
  <Language>en</Language>
  <Rating>4.8333</Rating>
  <RatingCount>6</RatingCount>
</Banner>
<Banner>
  <id>42850</id>
  <BannerPath>graphical/80348-g10.jpg</BannerPath>
  <BannerType>series</BannerType>
  <BannerType2>graphical</BannerType2>
  <Language>en</Language>
  <Rating>4.7500</Rating>
  <RatingCount>4</RatingCount>
</Banner>
<Banner>
  <id>405221</id>
  <BannerPath>graphical/80348-g17.jpg</BannerPath>
  <BannerType>series</BannerType>
  <BannerType2>graphical</BannerType2>
  <Language>en</Language>
  <Rating>4.3333</Rating>
  <RatingCount>3</RatingCount>
</Banner>
<Banner>
  <id>78631</id>
  <BannerPath>graphical/80348-g12.jpg</BannerPath>
  <BannerType>series</BannerType>
  <BannerType2>graphical</BannerType2>
  <Language>en</Language>
  <Rating>4.0000</Rating>
  <RatingCount>3</RatingCount>
</Banner>
<Banner>
  <id>463191</id>
  <BannerPath>graphical/80348-g19.jpg</BannerPath>
  <BannerType>series</BannerType>
  <BannerType2>graphical</BannerType2>
  <Language>en</Language>
  <Rating>3.2500</Rating>
  <RatingCount>4</RatingCount>
</Banner>
<Banner>
  <id>167281</id>
  <BannerPath>blank/80348-2.jpg</BannerPath>
  <BannerType>series</BannerType>
  <BannerType2>blank</BannerType2>
  <Language></Language>
  <Rating>3.0000</Rating>
  <RatingCount>2</RatingCount>
</Banner>
<Banner>
  <id>123851</id>
  <BannerPath>graphical/80348-g13.jpg</BannerPath>
  <BannerType>series</BannerType>
  <BannerType2>graphical</BannerType2>
  <Language>en</Language>
  <Rating>3.0000</Rating>
  <RatingCount>3</RatingCount>
</Banner>
<Banner>
  <id>331031</id>
  <BannerPath>graphical/80348-g8.jpg</BannerPath>
  <BannerType>series</BannerType>
  <BannerType2>graphical</BannerType2>
  <Language>en</Language>
  <Rating>3.0000</Rating>
  <RatingCount>1</RatingCount>
</Banner>
<Banner>
  <id>14821</id>
  <BannerPath>blank/80348.jpg</BannerPath>
  <BannerType>series</BannerType>
  <BannerType2>blank</BannerType2>
  <Language>en</Language>
  <Rating>2.3333</Rating>
  <RatingCount>6</RatingCount>
</Banner>
<Banner>
  <id>167301</id>
  <BannerPath>blank/80348-4.jpg</BannerPath>
  <BannerType>series</BannerType>
  <BannerType2>blank</BannerType2>
  <Language></Language>
  <Rating>1.6667</Rating>
  <RatingCount>3</RatingCount>
</Banner>
<Banner>
  <id>893989</id>
  <BannerPath>graphical/80348-g30.jpg</BannerPath>
  <BannerType>series</BannerType>
  <BannerType2>graphical</BannerType2>
  <Language>en</Language>
  <Rating></Rating>
  <RatingCount>0</RatingCount>
</Banner>
<Banner>
  <id>944998</id>
  <BannerPath>graphical/80348-g33.jpg</BannerPath>
  <BannerType>series</BannerType>
  <BannerType2>graphical</BannerType2>
  <Language>en</Language>
  <Rating></Rating>
  <RatingCount>0</RatingCount>
</Banner>
<Banner>
  <id>897525</id>
  <BannerPath>text/80348.jpg</BannerPath>
  <BannerType>series</BannerType>
  <BannerType2>text</BannerType2>
  <Language>pt</Language>
  <Rating></Rating>
  <RatingCount>0</RatingCount>
</Banner>
<Banner>
  <id>724871</id>
  <BannerPath>graphical/80348-g25.jpg</BannerPath>
  <BannerType>series</BannerType>
  <BannerType2>graphical</BannerType2>
  <Language>en</Language>
  <Rating></Rating>
  <RatingCount>0</RatingCount>
</Banner>
<Banner>
  <id>724861</id>
  <BannerPath>graphical/80348-g24.jpg</BannerPath>
  <BannerType>series</BannerType>
  <BannerType2>graphical</BannerType2>
  <Language>en</Language>
  <Rating></Rating>
  <RatingCount>0</RatingCount>
</Banner>
<Banner>
  <id>632241</id>
  <BannerPath>graphical/80348-g22.jpg</BannerPath>
  <BannerType>series</BannerType>
  <BannerType2>graphical</BannerType2>
  <Language>en</Language>
  <Rating></Rating>
  <RatingCount>0</RatingCount>
</Banner>
</Banners>