<?xml version="1.0" encoding="UTF-8" ?>
<Actors>
<Actor>
  <id>70452</id>
  <Image>actors/70452.jpg</Image>
  <Name>Tamzin Outhwaite</Name>
  <Role>Rebecca Mitchell</Role>
  <SortOrder>0</SortOrder>
</Actor>
<Actor>
  <id>70458</id>
  <Image>actors/70458.jpg</Image>
  <Name>Natalie Mendoza</Name>
  <Role>Jackie Clunes</Role>
  <SortOrder>3</SortOrder>
</Actor>
<Actor>
  <id>70457</id>
  <Image>actors/70457.jpg</Image>
  <Name>Max Beesley</Name>
  <Role>Charlie Edwards</Role>
  <SortOrder>3</SortOrder>
</Actor>
<Actor>
  <id>70456</id>
  <Image>actors/70456.jpg</Image>
  <Name>Martin Marquez</Name>
  <Role>Gino Primirola</Role>
  <SortOrder>3</SortOrder>
</Actor>
<Actor>
  <id>70455</id>
  <Image>actors/70455.jpg</Image>
  <Name>Michael Obiora</Name>
  <Role>Ben Trueman</Role>
  <SortOrder>3</SortOrder>
</Actor>
<Actor>
  <id>70454</id>
  <Image>actors/70454.jpg</Image>
  <Name>Emma Pierson</Name>
  <Role>Anna Thornton</Role>
  <SortOrder>3</SortOrder>
</Actor>
<Actor>
  <id>70453</id>
  <Image>actors/70453.jpg</Image>
  <Name>Dexter Fletcher</Name>
  <Role>Tony Casemore</Role>
  <SortOrder>3</SortOrder>
</Actor>
<Actor>
  <id>164501</id>
  <Image>actors/164501.jpg</Image>
  <Name>Alexandra Moen</Name>
  <Role>Emily James</Role>
  <SortOrder>3</SortOrder>
</Actor>
<Actor>
  <id>164491</id>
  <Image>actors/164491.jpg</Image>
  <Name>Lee Williams</Name>
  <Role>Jack Harrison</Role>
  <SortOrder>3</SortOrder>
</Actor>
<Actor>
  <id>164481</id>
  <Image>actors/164481.jpg</Image>
  <Name>Anna Wilson-Jones</Name>
  <Role>Juliet Miller</Role>
  <SortOrder>3</SortOrder>
</Actor>
<Actor>
  <id>164471</id>
  <Image>actors/164471.jpg</Image>
  <Name>Danira Govic</Name>
  <Role>Tanya Mihajlov</Role>
  <SortOrder>3</SortOrder>
</Actor>
<Actor>
  <id>164461</id>
  <Image>actors/164461.jpg</Image>
  <Name>Raymond Coulthard</Name>
  <Role>James Schofield</Role>
  <SortOrder>3</SortOrder>
</Actor>
<Actor>
  <id>164451</id>
  <Image>actors/164451.jpg</Image>
  <Name>Nigel Harman</Name>
  <Role>Sam Franklin</Role>
  <SortOrder>3</SortOrder>
</Actor>
</Actors>