<?xml version="1.0" encoding="UTF-8" ?>
<Data><Series>
  <id>79260</id>
  <Actors>|Tamzin Outhwaite|Natalie Mendoza|Max Beesley|Martin Marquez|Michael Obiora|Emma Pierson|Dexter Fletcher|Alexandra Moen|Lee Williams|Anna Wilson-Jones|Danira Govic|Raymond Coulthard|Nigel Harman|</Actors>
  <Airs_DayOfWeek></Airs_DayOfWeek>
  <Airs_Time></Airs_Time>
  <ContentRating></ContentRating>
  <FirstAired>2006-01-19</FirstAired>
  <Genre>|Drama|</Genre>
  <IMDB_ID>tt0475047</IMDB_ID>
  <Language>en</Language>
  <Network>BBC One</Network>
  <NetworkID></NetworkID>
  <Overview>This British drama show from the BBC was launched in 2006. It takes us behind the the scenes of a luxurious five-star London hotel, where manager Rebecca Mitchell leads a team whose job is to give a superlative service. What we see is a series of dramas centering on the problems of the rich and the famous, with the hotel's staff always on hand to help - and keen to make a little extra money.       The eight episodes of the first series are based on the book Hotel Babylon by Imogen Edwards-Jones and Anonymous - and the unknown joint author is billed as the manager of one of London's leading five-star hotels.</Overview>
  <Rating>8.2</Rating>
  <RatingCount>13</RatingCount>
  <Runtime>60</Runtime>
  <SeriesID>55149</SeriesID>
  <SeriesName>Hotel Babylon</SeriesName>
  <Status>Ended</Status>
  <added></added>
  <addedBy></addedBy>
  <banner>graphical/79260-g.jpg</banner>
  <fanart>fanart/original/79260-1.jpg</fanart>
  <lastupdated>1363213748</lastupdated>
  <poster>posters/79260-2.jpg</poster>
  <zap2it_id>SH860701</zap2it_id>
</Series>
<Episode>
  <id>1260311</id>
  <Combined_episodenumber>1</Combined_episodenumber>
  <Combined_season>0</Combined_season>
  <DVD_chapter></DVD_chapter>
  <DVD_discid></DVD_discid>
  <DVD_episodenumber></DVD_episodenumber>
  <DVD_season></DVD_season>
  <Director></Director>
  <EpImgFlag></EpImgFlag>
  <EpisodeName>Behind the Scenes</EpisodeName>
  <EpisodeNumber>1</EpisodeNumber>
  <FirstAired></FirstAired>
  <GuestStars></GuestStars>
  <IMDB_ID></IMDB_ID>
  <Language>en</Language>
  <Overview></Overview>
  <ProductionCode></ProductionCode>
  <Rating></Rating>
  <RatingCount>0</RatingCount>
  <SeasonNumber>0</SeasonNumber>
  <Writer></Writer>
  <absolute_number></absolute_number>
  <airsafter_season></airsafter_season>
  <airsbefore_episode></airsbefore_episode>
  <airsbefore_season></airsbefore_season>
  <filename></filename>
  <lastupdated>1257242808</lastupdated>
  <seasonid>26702</seasonid>
  <seriesid>79260</seriesid>
</Episode>
<Episode>
  <id>306364</id>
  <Combined_episodenumber>1</Combined_episodenumber>
  <Combined_season>1</Combined_season>
  <DVD_chapter></DVD_chapter>
  <DVD_discid></DVD_discid>
  <DVD_episodenumber></DVD_episodenumber>
  <DVD_season></DVD_season>
  <Director>Alrick Riley</Director>
  <EpImgFlag>2</EpImgFlag>
  <EpisodeName>Episode 1</EpisodeName>
  <EpisodeNumber>1</EpisodeNumber>
  <FirstAired>2006-01-19</FirstAired>
  <GuestStars>|Ian Porter| Christian Pedersen| Craig Kelly| Rachael Stirling| Simon Day| Mirja  Breitholtz| Ian Bonar| Danny Webb|</GuestStars>
  <IMDB_ID></IMDB_ID>
  <Language>en</Language>
  <Overview>Rebecca Mitchell, general manager of Hotel Babylon, interviews the hotel's ambitious head receptionist, Charlie Edwards, and outsider Anna Thornton-Wilton for the job of deputy manager. As he is already on the spot, Charlie has the chance to prove himself by extracting as much money as possible from a world-famous rock band. Meanwhile, Rebecca seems to be avoiding going home at night.In the end, Charlie gets the job, and Anna is the new head receptionist.
</Overview>
  <ProductionCode></ProductionCode>
  <Rating>7.3</Rating>
  <RatingCount>4</RatingCount>
  <SeasonNumber>1</SeasonNumber>
  <Writer>Tony Basgallop</Writer>
  <absolute_number></absolute_number>
  <filename>episodes/79260/306364.jpg</filename>
  <lastupdated>1301604821</lastupdated>
  <seasonid>16223</seasonid>
  <seriesid>79260</seriesid>
</Episode>
<Episode>
  <id>306365</id>
  <Combined_episodenumber>2</Combined_episodenumber>
  <Combined_season>1</Combined_season>
  <DVD_chapter></DVD_chapter>
  <DVD_discid></DVD_discid>
  <DVD_episodenumber></DVD_episodenumber>
  <DVD_season></DVD_season>
  <Director>Alrick Riley</Director>
  <EpImgFlag>2</EpImgFlag>
  <EpisodeName>Episode 2</EpisodeName>
  <EpisodeNumber>2</EpisodeNumber>
  <FirstAired>2006-01-26</FirstAired>
  <GuestStars>|Adam Astill| Abby Francis| Martin Ball| Bill Moody| Donald Pelmear| Ian Bonar| Edna Doré| Zoe Tapper| Craig Kelly| Anthony Stewart Head|</GuestStars>
  <IMDB_ID></IMDB_ID>
  <Language>en</Language>
  <Overview>A jingle writer called Machin checks in to the hotel. During his last stay, he tried to kill himself, so tension is high and Rebecca gives Charlie the job of keeping Mr Machin alive.The hotel's concierge, Tony, makes a disastrous mistake when he mistakes a woman guest for a prostitute.Meanwhile, the staff help a former employee celebrate her golden wedding in style.</Overview>
  <ProductionCode></ProductionCode>
  <Rating>7.5</Rating>
  <RatingCount>2</RatingCount>
  <SeasonNumber>1</SeasonNumber>
  <Writer>Tony Basgallop</Writer>
  <absolute_number></absolute_number>
  <filename>episodes/79260/306365.jpg</filename>
  <lastupdated>1301604840</lastupdated>
  <seasonid>16223</seasonid>
  <seriesid>79260</seriesid>
</Episode>
<Episode>
  <id>306366</id>
  <Combined_episodenumber>3</Combined_episodenumber>
  <Combined_season>1</Combined_season>
  <DVD_chapter></DVD_chapter>
  <DVD_discid></DVD_discid>
  <DVD_episodenumber></DVD_episodenumber>
  <DVD_season></DVD_season>
  <Director>Alrick Riley</Director>
  <EpImgFlag>2</EpImgFlag>
  <EpisodeName>Episode 3</EpisodeName>
  <EpisodeNumber>3</EpisodeNumber>
  <FirstAired>2006-02-02</FirstAired>
  <GuestStars>|Steve Pemberton| Amamaria  Marinca| Matthew Brint| Ian Bonar| Gideon Turner| Matthew Marsh| Craig Kelly|</GuestStars>
  <IMDB_ID></IMDB_ID>
  <Language>en</Language>
  <Overview>Natasha, the student daughter of a Russian billionaire, wants to get married in a hurry, so that she can stay in the UK. Charlie and Tony find her a man and set it all up for her - though they don't dare to tell Rebecca what is going on. And what will Natasha's tycoon father make of it all when he arrives - will he foot the hotel's inflated bill for the reception?</Overview>
  <ProductionCode></ProductionCode>
  <Rating>7.5</Rating>
  <RatingCount>2</RatingCount>
  <SeasonNumber>1</SeasonNumber>
  <Writer>Howard Overman</Writer>
  <absolute_number></absolute_number>
  <filename>episodes/79260/306366.jpg</filename>
  <lastupdated>1299518866</lastupdated>
  <seasonid>16223</seasonid>
  <seriesid>79260</seriesid>
</Episode>
<Episode>
  <id>306367</id>
  <Combined_episodenumber>4</Combined_episodenumber>
  <Combined_season>1</Combined_season>
  <DVD_chapter></DVD_chapter>
  <DVD_discid></DVD_discid>
  <DVD_episodenumber></DVD_episodenumber>
  <DVD_season></DVD_season>
  <Director>Iain B. MacDonald</Director>
  <EpImgFlag>2</EpImgFlag>
  <EpisodeName>Episode 4</EpisodeName>
  <EpisodeNumber>4</EpisodeNumber>
  <FirstAired>2006-02-09</FirstAired>
  <GuestStars>|Ian Bonar| Duggie Brown| Lesley Nicol| Shaun Prendergast| Craig Kelly| James Weber Brown| Matt Day| Susie Amy|</GuestStars>
  <IMDB_ID></IMDB_ID>
  <Language>en</Language>
  <Overview>Anna sets her cap at a rich American business man. How far will she go to get his attention? Meanwhile, Charlie is upset when Jackie tells him she is dating someone else. But he is soon being given the glad eye by Alice, an attractive hotel guest.
</Overview>
  <ProductionCode></ProductionCode>
  <Rating>7.3</Rating>
  <RatingCount>3</RatingCount>
  <SeasonNumber>1</SeasonNumber>
  <Writer>Harry Wootliff</Writer>
  <absolute_number></absolute_number>
  <filename>episodes/79260/306367.jpg</filename>
  <lastupdated>1301604856</lastupdated>
  <seasonid>16223</seasonid>
  <seriesid>79260</seriesid>
</Episode>
<Episode>
  <id>306368</id>
  <Combined_episodenumber>5</Combined_episodenumber>
  <Combined_season>1</Combined_season>
  <DVD_chapter></DVD_chapter>
  <DVD_discid></DVD_discid>
  <DVD_episodenumber></DVD_episodenumber>
  <DVD_season></DVD_season>
  <Director>Iain B. MacDonald</Director>
  <EpImgFlag>2</EpImgFlag>
  <EpisodeName>Episode 5</EpisodeName>
  <EpisodeNumber>5</EpisodeNumber>
  <FirstAired>2006-02-16</FirstAired>
  <GuestStars>|Josephine  Yeboah| Ian Kelsey| Simon Slater| Victoria Pritchard| Ian  Bonar| Lisa Faulkner| Dugald Bruce-Lockhart| Tony Jayawardena| Maynard Eziashi| Christopher Fulford|</GuestStars>
  <IMDB_ID></IMDB_ID>
  <Language>en</Language>
  <Overview>Immigration officers visit the hotel, which depends on migrant labour. This puts Jackie in a difficult position, as her own visa is months overdue, and Charlie hints that she should marry him.Meanwhile, Rebecca's marriage is back on the rails, Gino is pretending to be gay, and Charlie helps a guest to cover up her affair at the hotel.</Overview>
  <ProductionCode></ProductionCode>
  <Rating>7.7</Rating>
  <RatingCount>3</RatingCount>
  <SeasonNumber>1</SeasonNumber>
  <Writer>Toby Whithouse</Writer>
  <absolute_number></absolute_number>
  <filename>episodes/79260/306368.jpg</filename>
  <lastupdated>1301604865</lastupdated>
  <seasonid>16223</seasonid>
  <seriesid>79260</seriesid>
</Episode>
<Episode>
  <id>306369</id>
  <Combined_episodenumber>6</Combined_episodenumber>
  <Combined_season>1</Combined_season>
  <DVD_chapter></DVD_chapter>
  <DVD_discid></DVD_discid>
  <DVD_episodenumber></DVD_episodenumber>
  <DVD_season></DVD_season>
  <Director>Iain B. MacDonald</Director>
  <EpImgFlag>2</EpImgFlag>
  <EpisodeName>Episode 6</EpisodeName>
  <EpisodeNumber>6</EpisodeNumber>
  <FirstAired>2006-02-23</FirstAired>
  <GuestStars>|James Weber Brown| Andy Lucas| Tony Jayawardena| Michael Maloney| Elizabeth Rider| Alan McKenna| Houda Echouafni| Keith Allen| Nicholas Sidi|</GuestStars>
  <IMDB_ID></IMDB_ID>
  <Language>en</Language>
  <Overview>Rebecca leaves Charlie in charge on the night shift, while she takes off on a holiday break with her husband. Then Anna thinks a hotel guest has killed his wife in their room. She becomes increasingly alarmed as she investigates, influenced by Tony's tale of horror at another hotel.</Overview>
  <ProductionCode></ProductionCode>
  <Rating>7.7</Rating>
  <RatingCount>3</RatingCount>
  <SeasonNumber>1</SeasonNumber>
  <Writer>Howard Overman</Writer>
  <absolute_number></absolute_number>
  <filename>episodes/79260/306369.jpg</filename>
  <lastupdated>1301604877</lastupdated>
  <seasonid>16223</seasonid>
  <seriesid>79260</seriesid>
</Episode>
<Episode>
  <id>306370</id>
  <Combined_episodenumber>7</Combined_episodenumber>
  <Combined_season>1</Combined_season>
  <DVD_chapter></DVD_chapter>
  <DVD_discid></DVD_discid>
  <DVD_episodenumber></DVD_episodenumber>
  <DVD_season></DVD_season>
  <Director>Keith Boak</Director>
  <EpImgFlag>2</EpImgFlag>
  <EpisodeName>Episode 7</EpisodeName>
  <EpisodeNumber>7</EpisodeNumber>
  <FirstAired>2006-03-02</FirstAired>
  <GuestStars>|Alki David| Andrzej Borkowski| Ian Bonar| Kevin Bishop| George Rossi| Joan Collins| Elisha  Mansuroglu| Anthony O'Donnell| Les Dennis| Julie T. Wallace|</GuestStars>
  <IMDB_ID></IMDB_ID>
  <Language>en</Language>
  <Overview>Three thousand pounds in cash is stolen from hotel guest Lady Patton, and although she is so rich that she hardly turns a hair, Rebecca is determined to find the thief and sack anyone responsible. But who did steal the missing money? Tension is high, with everyone under suspicion.</Overview>
  <ProductionCode></ProductionCode>
  <Rating>8.0</Rating>
  <RatingCount>2</RatingCount>
  <SeasonNumber>1</SeasonNumber>
  <Writer>Tony Basgallop</Writer>
  <absolute_number></absolute_number>
  <filename>episodes/79260/306370.jpg</filename>
  <lastupdated>1301604898</lastupdated>
  <seasonid>16223</seasonid>
  <seriesid>79260</seriesid>
</Episode>
<Episode>
  <id>306371</id>
  <Combined_episodenumber>8</Combined_episodenumber>
  <Combined_season>1</Combined_season>
  <DVD_chapter></DVD_chapter>
  <DVD_discid></DVD_discid>
  <DVD_episodenumber></DVD_episodenumber>
  <DVD_season></DVD_season>
  <Director>Keith Boak</Director>
  <EpImgFlag>2</EpImgFlag>
  <EpisodeName>Episode 8</EpisodeName>
  <EpisodeNumber>8</EpisodeNumber>
  <FirstAired>2006-03-09</FirstAired>
  <GuestStars>|James Weber Brown| Steven Berkoff| Liam Cunningham| Ian Bonar| Martin Herdman| George Rossi| Robert Atiko| Jonathan Aris|</GuestStars>
  <IMDB_ID></IMDB_ID>
  <Language>en</Language>
  <Overview>The hotel is inspected, and the report makes terrible reading, leaving Rebecca's future as manager in doubt. Her troubles increase when Adrian McBride, European director of the company which owns the hotel, arrives unexpectedly. But Rebecca is amazed to be offered a promotion.Meanwhile, Charlie is kept busy looking after Mr Wiltshire, an armed robber who is a key witness in a criminal trial and is staying in the hotel with a police protection team - he has to give evidence against some London gangsters, so his life is in danger. And at the end, Charlie gets caught up in a dramatic gun fight.</Overview>
  <ProductionCode></ProductionCode>
  <Rating>7.5</Rating>
  <RatingCount>2</RatingCount>
  <SeasonNumber>1</SeasonNumber>
  <Writer>Tony Basgallop</Writer>
  <absolute_number></absolute_number>
  <filename>episodes/79260/306371.jpg</filename>
  <lastupdated>1301604909</lastupdated>
  <seasonid>16223</seasonid>
  <seriesid>79260</seriesid>
</Episode>
<Episode>
  <id>323098</id>
  <Combined_episodenumber>1</Combined_episodenumber>
  <Combined_season>2</Combined_season>
  <DVD_chapter></DVD_chapter>
  <DVD_discid></DVD_discid>
  <DVD_episodenumber></DVD_episodenumber>
  <DVD_season></DVD_season>
  <Director>Andy Wilson</Director>
  <EpImgFlag></EpImgFlag>
  <EpisodeName>Episode 9</EpisodeName>
  <EpisodeNumber>1</EpisodeNumber>
  <FirstAired>2007-02-15</FirstAired>
  <GuestStars>|Ray  Coulthard| Paul Telfer| Danira Govich| Chris Moyles| William Scott-Masson| Richard Calkin| John Schwab| Ronni Ancona| Russ Abbot| Cherie Lunghi| Kacey Ainsworth| Chantelle Houghton|</GuestStars>
  <IMDB_ID></IMDB_ID>
  <Language>en</Language>
  <Overview>Charlie is back after the gun incident, and Hotel Babylon has more press coverage than ever. A member of parliament's wife is staying at the hotel after her husband has been cheating on her, and with the story all over the newspapers Rebecca helps her to take revenge. But something is not quite right...Other staff are busy helping a couple who have checked in separately, not knowing that their rooms are next to each other. Meanwhile, the staff are having a war against a rival hotel.
</Overview>
  <ProductionCode></ProductionCode>
  <Rating>8.0</Rating>
  <RatingCount>1</RatingCount>
  <SeasonNumber>2</SeasonNumber>
  <Writer>Tony Basgallop</Writer>
  <absolute_number></absolute_number>
  <filename>episodes/79260/323098.jpg</filename>
  <lastupdated>1299518590</lastupdated>
  <seasonid>17340</seasonid>
  <seriesid>79260</seriesid>
</Episode>
<Episode>
  <id>323099</id>
  <Combined_episodenumber>2</Combined_episodenumber>
  <Combined_season>2</Combined_season>
  <DVD_chapter></DVD_chapter>
  <DVD_discid></DVD_discid>
  <DVD_episodenumber></DVD_episodenumber>
  <DVD_season></DVD_season>
  <Director></Director>
  <EpImgFlag></EpImgFlag>
  <EpisodeName>Episode 10</EpisodeName>
  <EpisodeNumber>2</EpisodeNumber>
  <FirstAired>2007-02-22</FirstAired>
  <GuestStars>|Gina Bellman| David Walliams| Danny Dyer| Oliver Cotton| Paul Telfer| Danira Govich| Christopher Parker| Richard Hawley| Ray  Coulthard|</GuestStars>
  <IMDB_ID></IMDB_ID>
  <Language>en</Language>
  <Overview>Adrian Tintagel, the leader of a strange cult, checks in. Then Anna discovers Tintagel's doomsday mission and finds herself in danger. Meanwhile, a Premiership football team is staying at Hotel Babylon. While their nefarious requests do not bother Tony, their appalling behaviour towards the hotel staff tips him over the edge.
</Overview>
  <ProductionCode></ProductionCode>
  <Rating>9.0</Rating>
  <RatingCount>1</RatingCount>
  <SeasonNumber>2</SeasonNumber>
  <Writer></Writer>
  <absolute_number></absolute_number>
  <filename>episodes/79260/323099.jpg</filename>
  <lastupdated>1299518609</lastupdated>
  <seasonid>17340</seasonid>
  <seriesid>79260</seriesid>
</Episode>
<Episode>
  <id>323100</id>
  <Combined_episodenumber>3</Combined_episodenumber>
  <Combined_season>2</Combined_season>
  <DVD_chapter></DVD_chapter>
  <DVD_discid></DVD_discid>
  <DVD_episodenumber></DVD_episodenumber>
  <DVD_season></DVD_season>
  <Director>Andy Wilson</Director>
  <EpImgFlag></EpImgFlag>
  <EpisodeName>Episode 11</EpisodeName>
  <EpisodeNumber>3</EpisodeNumber>
  <FirstAired>2007-03-01</FirstAired>
  <GuestStars>Samuell Benta|Tim Hewitt|Catherine Kanter|John Warnaby|Charlotte Asprey|Tony Bluto|George Antoni|Ting Ting Hu|Eiji Kusuhara|Kelly Brook (Catherine|Lady Stanwood)|Andy Henderson|Julian Clary|Paul Telfer</GuestStars>
  <IMDB_ID></IMDB_ID>
  <Language>en</Language>
  <Overview>An old workmate of Anna's is holding a smart charity ball at the Hotel, and some of the staff are out of uniform. One guest, Lady Stanwood, is known to all, as she is a former chambermaid at the hotel. But Anna is not going to be upstaged. Meanwhile, an old school friend of Ben's checks in. In the kitchen, European co-operation is the order of the day.</Overview>
  <ProductionCode>ICDA613S</ProductionCode>
  <Rating>7.0</Rating>
  <RatingCount>1</RatingCount>
  <SeasonNumber>2</SeasonNumber>
  <Writer>Andrew Rattenbury</Writer>
  <absolute_number></absolute_number>
  <filename>episodes/79260/323100.jpg</filename>
  <lastupdated>1299518623</lastupdated>
  <seasonid>17340</seasonid>
  <seriesid>79260</seriesid>
</Episode>
<Episode>
  <id>323101</id>
  <Combined_episodenumber>4</Combined_episodenumber>
  <Combined_season>2</Combined_season>
  <DVD_chapter></DVD_chapter>
  <DVD_discid></DVD_discid>
  <DVD_episodenumber></DVD_episodenumber>
  <DVD_season></DVD_season>
  <Director>Paul Whittington</Director>
  <EpImgFlag></EpImgFlag>
  <EpisodeName>Episode 12</EpisodeName>
  <EpisodeNumber>4</EpisodeNumber>
  <FirstAired>2007-03-08</FirstAired>
  <GuestStars>Rachel Fielding|Emily Joyce|Mark Heap|Sian Brooke|Paul Telfer|Beatie Edney</GuestStars>
  <IMDB_ID></IMDB_ID>
  <Language>en</Language>
  <Overview>Charlie rushes to help Robert Kane, a heart-broken business man who threatens to kill himself by jumping off the hotel's balcony.Meanwhile, Rebecca's divorce is at last finalized, and she throws a party to celebrate. But some shocking news leaves everyone reeling.</Overview>
  <ProductionCode>ICDA614L</ProductionCode>
  <Rating>8.0</Rating>
  <RatingCount>1</RatingCount>
  <SeasonNumber>2</SeasonNumber>
  <Writer>Jack Lothian</Writer>
  <absolute_number></absolute_number>
  <filename>episodes/79260/323101.jpg</filename>
  <lastupdated>1299518640</lastupdated>
  <seasonid>17340</seasonid>
  <seriesid>79260</seriesid>
</Episode>
<Episode>
  <id>323102</id>
  <Combined_episodenumber>5</Combined_episodenumber>
  <Combined_season>2</Combined_season>
  <DVD_chapter></DVD_chapter>
  <DVD_discid></DVD_discid>
  <DVD_episodenumber></DVD_episodenumber>
  <DVD_season></DVD_season>
  <Director></Director>
  <EpImgFlag></EpImgFlag>
  <EpisodeName>Episode 13</EpisodeName>
  <EpisodeNumber>5</EpisodeNumber>
  <FirstAired>2007-03-22</FirstAired>
  <GuestStars>Jennifer Ellison</GuestStars>
  <IMDB_ID></IMDB_ID>
  <Language>en</Language>
  <Overview>A former nurse who has found fame as a reality TV star reserves a room in the hotel. Gino becomes besotted with her, while Luke sees an opportunity for blackmail. Jackie is delighted when a novelist she admires checks in but a private meeting leaves her shaken.</Overview>
  <ProductionCode>ICDA615F</ProductionCode>
  <Rating>8.0</Rating>
  <RatingCount>1</RatingCount>
  <SeasonNumber>2</SeasonNumber>
  <Writer></Writer>
  <absolute_number></absolute_number>
  <filename>episodes/79260/323102.jpg</filename>
  <lastupdated>1299518657</lastupdated>
  <seasonid>17340</seasonid>
  <seriesid>79260</seriesid>
</Episode>
<Episode>
  <id>323103</id>
  <Combined_episodenumber>6</Combined_episodenumber>
  <Combined_season>2</Combined_season>
  <DVD_chapter></DVD_chapter>
  <DVD_discid></DVD_discid>
  <DVD_episodenumber></DVD_episodenumber>
  <DVD_season></DVD_season>
  <Director>Paul Whittington</Director>
  <EpImgFlag></EpImgFlag>
  <EpisodeName>Episode 14</EpisodeName>
  <EpisodeNumber>6</EpisodeNumber>
  <FirstAired>2007-03-29</FirstAired>
  <GuestStars>Alexander Armstrong|Olivia Scott|David Papava|Sally Bretton|Aleksander Mikic</GuestStars>
  <IMDB_ID></IMDB_ID>
  <Language>en</Language>
  <Overview>Tony is left seething when he loses out on a prestigious award. He decides to modernise his skills, only to find himself embroiled with a gang of Russian drug dealers.Meanwhile, Rebecca improves staff morale by reinstating a Christmas party, and things hot up as she and Charlie prepare it. Then Anna sees her chance to make a lot of money out of a British actor and renowned sex addict who is staying at the hotel.</Overview>
  <ProductionCode>ICDA616A</ProductionCode>
  <Rating>9.0</Rating>
  <RatingCount>1</RatingCount>
  <SeasonNumber>2</SeasonNumber>
  <Writer>Imogen Edwards-Jones</Writer>
  <absolute_number></absolute_number>
  <filename>episodes/79260/323103.jpg</filename>
  <lastupdated>1299518679</lastupdated>
  <seasonid>17340</seasonid>
  <seriesid>79260</seriesid>
</Episode>
<Episode>
  <id>323104</id>
  <Combined_episodenumber>7</Combined_episodenumber>
  <Combined_season>2</Combined_season>
  <DVD_chapter></DVD_chapter>
  <DVD_discid></DVD_discid>
  <DVD_episodenumber></DVD_episodenumber>
  <DVD_season></DVD_season>
  <Director>Nigel Douglas</Director>
  <EpImgFlag></EpImgFlag>
  <EpisodeName>Episode 15</EpisodeName>
  <EpisodeNumber>7</EpisodeNumber>
  <FirstAired>2007-04-05</FirstAired>
  <GuestStars>Jerry Hall</GuestStars>
  <IMDB_ID></IMDB_ID>
  <Language>en</Language>
  <Overview>Charlie and Rebecca are now a couple, and Jackie isn't finding it easy to cope with seeing them together. Then Charlie has more trouble to deal with when his younger brother Dan turns up at the hotel, followed closely by a few heavies who are out to cause trouble.Meanwhile, the wine list is not what it could be, and the rich Mrs Klein suggests a wine tasting competition. James agrees, but he is worried about coming out of the event well.</Overview>
  <ProductionCode>ICDA617T</ProductionCode>
  <Rating>9.0</Rating>
  <RatingCount>1</RatingCount>
  <SeasonNumber>2</SeasonNumber>
  <Writer>Harriet Braun</Writer>
  <absolute_number></absolute_number>
  <filename>episodes/79260/323104.jpg</filename>
  <lastupdated>1299518692</lastupdated>
  <seasonid>17340</seasonid>
  <seriesid>79260</seriesid>
</Episode>
<Episode>
  <id>323105</id>
  <Combined_episodenumber>8</Combined_episodenumber>
  <Combined_season>2</Combined_season>
  <DVD_chapter></DVD_chapter>
  <DVD_discid></DVD_discid>
  <DVD_episodenumber></DVD_episodenumber>
  <DVD_season></DVD_season>
  <Director>Nigel Douglas</Director>
  <EpImgFlag></EpImgFlag>
  <EpisodeName>Episode 16</EpisodeName>
  <EpisodeNumber>8</EpisodeNumber>
  <FirstAired>2007-04-12</FirstAired>
  <GuestStars>Alma Ferovic|Jonathan Floyd|James Warrior|Di Botcher|John Sessions|Michael Obiora|Ray Coulthard</GuestStars>
  <IMDB_ID></IMDB_ID>
  <Language>en</Language>
  <Overview>Ruthless tycoon Donovan Credo wants to take over the hotel. He is well known in the business for replacing existing staff with his own people.Credo likes Rebecca and tells her her job is safe. She can also choose two members of staff who will not be sacked.</Overview>
  <ProductionCode>ICDA618N</ProductionCode>
  <Rating>9.0</Rating>
  <RatingCount>1</RatingCount>
  <SeasonNumber>2</SeasonNumber>
  <Writer>Simon Block</Writer>
  <absolute_number></absolute_number>
  <filename>episodes/79260/323105.jpg</filename>
  <lastupdated>1299518703</lastupdated>
  <seasonid>17340</seasonid>
  <seriesid>79260</seriesid>
</Episode>
<Episode>
  <id>352879</id>
  <Combined_episodenumber>1</Combined_episodenumber>
  <Combined_season>3</Combined_season>
  <DVD_chapter></DVD_chapter>
  <DVD_discid></DVD_discid>
  <DVD_episodenumber></DVD_episodenumber>
  <DVD_season></DVD_season>
  <Director></Director>
  <EpImgFlag>1</EpImgFlag>
  <EpisodeName>Episode 17</EpisodeName>
  <EpisodeNumber>1</EpisodeNumber>
  <FirstAired>2008-02-19</FirstAired>
  <GuestStars></GuestStars>
  <IMDB_ID></IMDB_ID>
  <Language>en</Language>
  <Overview>New series of the glossy drama, recently promoted General Manager Charlie, who is about to discover that being the boss means making some unpopular decisions. Meanwhile, Tony is tempted by a female guest, a journalist asks the staff some awkward questions, and Anna sets out to expose a fashion company's use of sweatshop labour.</Overview>
  <ProductionCode></ProductionCode>
  <Rating>8.0</Rating>
  <RatingCount>1</RatingCount>
  <SeasonNumber>3</SeasonNumber>
  <Writer></Writer>
  <absolute_number></absolute_number>
  <filename>episodes/79260/352879.jpg</filename>
  <lastupdated>1301672996</lastupdated>
  <seasonid>30747</seasonid>
  <seriesid>79260</seriesid>
</Episode>
<Episode>
  <id>352880</id>
  <Combined_episodenumber>2</Combined_episodenumber>
  <Combined_season>3</Combined_season>
  <DVD_chapter></DVD_chapter>
  <DVD_discid></DVD_discid>
  <DVD_episodenumber></DVD_episodenumber>
  <DVD_season></DVD_season>
  <Director></Director>
  <EpImgFlag>1</EpImgFlag>
  <EpisodeName>Episode 18</EpisodeName>
  <EpisodeNumber>2</EpisodeNumber>
  <FirstAired>2008-02-26</FirstAired>
  <GuestStars></GuestStars>
  <IMDB_ID></IMDB_ID>
  <Language>en</Language>
  <Overview>The team have just a day to recover from a terrible restaurant review with a Valentine's Day relaunch using a celebrity chef. Charlie struggles to contain his jealousy over Anna's interest in the rich, upper-class hotel guest Giles, and an excited Gino is convinced that a porn film is being shot in one of the rooms, but Tony worries about the business's reputation</Overview>
  <ProductionCode></ProductionCode>
  <Rating>8.0</Rating>
  <RatingCount>2</RatingCount>
  <SeasonNumber>3</SeasonNumber>
  <Writer></Writer>
  <absolute_number></absolute_number>
  <filename>episodes/79260/352880.jpg</filename>
  <lastupdated>1301672972</lastupdated>
  <seasonid>30747</seasonid>
  <seriesid>79260</seriesid>
</Episode>
<Episode>
  <id>352881</id>
  <Combined_episodenumber>3</Combined_episodenumber>
  <Combined_season>3</Combined_season>
  <DVD_chapter></DVD_chapter>
  <DVD_discid></DVD_discid>
  <DVD_episodenumber></DVD_episodenumber>
  <DVD_season></DVD_season>
  <Director></Director>
  <EpImgFlag>1</EpImgFlag>
  <EpisodeName>Episode 19</EpisodeName>
  <EpisodeNumber>3</EpisodeNumber>
  <FirstAired>2008-03-05</FirstAired>
  <GuestStars>Alan Davies|Katie McGuinness|Gary Waldhorn|Don Gilet|Michael Landes</GuestStars>
  <IMDB_ID></IMDB_ID>
  <Language>en</Language>
  <Overview>The team have one day to organise a society wedding, but when it emerges the bride's family are bankrupt Charlie is faced with a stark choice. Temptation threatens to get the better of Ben putting him at the mercy of mercurial celebrity chef Otto, and James gets a shock from his past in the shape of a weight-loss guru.</Overview>
  <ProductionCode></ProductionCode>
  <Rating>7.3</Rating>
  <RatingCount>3</RatingCount>
  <SeasonNumber>3</SeasonNumber>
  <Writer></Writer>
  <absolute_number></absolute_number>
  <filename>episodes/79260/352881.jpg</filename>
  <lastupdated>1301672949</lastupdated>
  <seasonid>30747</seasonid>
  <seriesid>79260</seriesid>
</Episode>
<Episode>
  <id>352882</id>
  <Combined_episodenumber>4</Combined_episodenumber>
  <Combined_season>3</Combined_season>
  <DVD_chapter></DVD_chapter>
  <DVD_discid></DVD_discid>
  <DVD_episodenumber></DVD_episodenumber>
  <DVD_season></DVD_season>
  <Director></Director>
  <EpImgFlag>1</EpImgFlag>
  <EpisodeName>Episode 20</EpisodeName>
  <EpisodeNumber>4</EpisodeNumber>
  <FirstAired>2008-03-11</FirstAired>
  <GuestStars>Sarah Greene|Bonnie Langford|John Marquez|Paul Kaye|Andrew Neil|Adele Anderson|Danira Govic|Sara Markland|Charlotte Spencer|Jon Culshaw|Daniel Lapaine|Lee Williams</GuestStars>
  <IMDB_ID></IMDB_ID>
  <Language>en</Language>
  <Overview>Tony is surprised when his 13-year-old daughter arrives for a West End audition, but a crisis stops him giving her the attention she craves. Charlie sets the socially inept final deputy manager candidate a challenge, and Gino's brother pays him a visit, but when the sibling wins over the staff and even makes better cocktails, jealousy sets in.</Overview>
  <ProductionCode></ProductionCode>
  <Rating>7.3</Rating>
  <RatingCount>4</RatingCount>
  <SeasonNumber>3</SeasonNumber>
  <Writer></Writer>
  <absolute_number></absolute_number>
  <filename>episodes/79260/352882.jpg</filename>
  <lastupdated>1301672918</lastupdated>
  <seasonid>30747</seasonid>
  <seriesid>79260</seriesid>
</Episode>
<Episode>
  <id>352883</id>
  <Combined_episodenumber>5</Combined_episodenumber>
  <Combined_season>3</Combined_season>
  <DVD_chapter></DVD_chapter>
  <DVD_discid></DVD_discid>
  <DVD_episodenumber></DVD_episodenumber>
  <DVD_season></DVD_season>
  <Director></Director>
  <EpImgFlag>1</EpImgFlag>
  <EpisodeName>Episode 21</EpisodeName>
  <EpisodeNumber>5</EpisodeNumber>
  <FirstAired>2008-03-18</FirstAired>
  <GuestStars>Marc Bannerman|Daniel Lapaine|Daisy Beaumont|Alan Ford|Jason Watkins|Kwame Kwei-Armah</GuestStars>
  <IMDB_ID></IMDB_ID>
  <Language>en</Language>
  <Overview>Charlie feels the pressure of management when he receives a letter from head office criticising his accounting and the chambermaids threaten to go on strike over unpaid wages. The arrival of an old friend visiting a jewellery auction hosted at the hotel perks him up, but a further financial crisis leads him to seek help from an unsuitable source and brings danger to everyone in the building.</Overview>
  <ProductionCode></ProductionCode>
  <Rating>8.0</Rating>
  <RatingCount>3</RatingCount>
  <SeasonNumber>3</SeasonNumber>
  <Writer></Writer>
  <absolute_number></absolute_number>
  <filename>episodes/79260/352883.jpg</filename>
  <lastupdated>1301672893</lastupdated>
  <seasonid>30747</seasonid>
  <seriesid>79260</seriesid>
</Episode>
<Episode>
  <id>352884</id>
  <Combined_episodenumber>6</Combined_episodenumber>
  <Combined_season>3</Combined_season>
  <DVD_chapter></DVD_chapter>
  <DVD_discid></DVD_discid>
  <DVD_episodenumber></DVD_episodenumber>
  <DVD_season></DVD_season>
  <Director></Director>
  <EpImgFlag>1</EpImgFlag>
  <EpisodeName>Episode 22</EpisodeName>
  <EpisodeNumber>6</EpisodeNumber>
  <FirstAired>2008-03-25</FirstAired>
  <GuestStars></GuestStars>
  <IMDB_ID></IMDB_ID>
  <Language>en</Language>
  <Overview>A movie is shot on location at the hotel, but the stars don't get on and it is Jack's job to keep both of them happy. Gino and Ben compete for the attentions of the director in a bid to be `noticed', and Anna is preoccupied by thoughts of Charlie which do not go away even when Ned invites her to accompany him on a trip to New York.</Overview>
  <ProductionCode></ProductionCode>
  <Rating>7.0</Rating>
  <RatingCount>3</RatingCount>
  <SeasonNumber>3</SeasonNumber>
  <Writer></Writer>
  <absolute_number></absolute_number>
  <filename>episodes/79260/352884.jpg</filename>
  <lastupdated>1301672869</lastupdated>
  <seasonid>30747</seasonid>
  <seriesid>79260</seriesid>
</Episode>
<Episode>
  <id>352885</id>
  <Combined_episodenumber>7</Combined_episodenumber>
  <Combined_season>3</Combined_season>
  <DVD_chapter></DVD_chapter>
  <DVD_discid></DVD_discid>
  <DVD_episodenumber></DVD_episodenumber>
  <DVD_season></DVD_season>
  <Director>Andrew Rattenbury</Director>
  <EpImgFlag>1</EpImgFlag>
  <EpisodeName>Episode 23</EpisodeName>
  <EpisodeNumber>7</EpisodeNumber>
  <FirstAired>2008-04-04</FirstAired>
  <GuestStars>Steven Pinder, David Schneider</GuestStars>
  <IMDB_ID></IMDB_ID>
  <Language>en</Language>
  <Overview>A TV chat show host brings a prostitute to the hotel, causing Tony's father-instinct to kick in when he discovers she's just 15. Anna and Ben compete to attract the attentions of a famous illusionist, and with the restaurant now a roaring success, James has to hire more staff - which puts Gino's nose out of joint. Guest starring Steven Pinder and David Schneider</Overview>
  <ProductionCode></ProductionCode>
  <Rating>7.0</Rating>
  <RatingCount>3</RatingCount>
  <SeasonNumber>3</SeasonNumber>
  <Writer>Sam Miller</Writer>
  <absolute_number></absolute_number>
  <filename>episodes/79260/352885.jpg</filename>
  <lastupdated>1301672832</lastupdated>
  <seasonid>30747</seasonid>
  <seriesid>79260</seriesid>
</Episode>
<Episode>
  <id>352886</id>
  <Combined_episodenumber>8</Combined_episodenumber>
  <Combined_season>3</Combined_season>
  <DVD_chapter></DVD_chapter>
  <DVD_discid></DVD_discid>
  <DVD_episodenumber></DVD_episodenumber>
  <DVD_season></DVD_season>
  <Director></Director>
  <EpImgFlag>1</EpImgFlag>
  <EpisodeName>Episode 24</EpisodeName>
  <EpisodeNumber>8</EpisodeNumber>
  <FirstAired>2008-04-08</FirstAired>
  <GuestStars></GuestStars>
  <IMDB_ID></IMDB_ID>
  <Language>en</Language>
  <Overview>Jack and Emily are caught up in a hostage situation when a bereaved father who has brought his son's ashes to the hotel, clashes with a faith healer. Ned makes a proposal to Anna, but their celebrations are cut short when she goes to investigate the sound of a gunshot from an adjoining room.</Overview>
  <ProductionCode></ProductionCode>
  <Rating>7.0</Rating>
  <RatingCount>2</RatingCount>
  <SeasonNumber>3</SeasonNumber>
  <Writer></Writer>
  <absolute_number></absolute_number>
  <filename>episodes/79260/352886.jpg</filename>
  <lastupdated>1301672807</lastupdated>
  <seasonid>30747</seasonid>
  <seriesid>79260</seriesid>
</Episode>
<Episode>
  <id>777651</id>
  <Combined_episodenumber>1</Combined_episodenumber>
  <Combined_season>4</Combined_season>
  <DVD_chapter></DVD_chapter>
  <DVD_discid></DVD_discid>
  <DVD_episodenumber></DVD_episodenumber>
  <DVD_season></DVD_season>
  <Director>Andy Hay</Director>
  <EpImgFlag>2</EpImgFlag>
  <EpisodeName>Episode 25</EpisodeName>
  <EpisodeNumber>1</EpisodeNumber>
  <FirstAired>2009-06-19</FirstAired>
  <GuestStars>Nigel Harman, Dexter Fletcher, Anna Wilson-Jones, Emma Pierson, Martin Marquez, Ray Coulthard</GuestStars>
  <IMDB_ID></IMDB_ID>
  <Language>en</Language>
  <Overview>Hotel Babylon is closing. Tony desperately pitches the hotel to an Asian businessman, but the deal goes into freefall when Tony refuses to meet his demands. Meanwhile, a terror alert throws Central London into chaos, and a crowd seek refuge in the hotel. The team pull together fantastically, and a millionaire caught up in the bedlam is so impressed that he decides to buy Babylon, securing its future. Elsewhere, Anna is nearly eight months pregnant, but is in total denial.</Overview>
  <ProductionCode></ProductionCode>
  <Rating>5.5</Rating>
  <RatingCount>2</RatingCount>
  <SeasonNumber>4</SeasonNumber>
  <Writer></Writer>
  <absolute_number></absolute_number>
  <filename>episodes/79260/777651.jpg</filename>
  <lastupdated>1301672772</lastupdated>
  <seasonid>80781</seasonid>
  <seriesid>79260</seriesid>
</Episode>
<Episode>
  <id>779931</id>
  <Combined_episodenumber>2</Combined_episodenumber>
  <Combined_season>4</Combined_season>
  <DVD_chapter></DVD_chapter>
  <DVD_discid></DVD_discid>
  <DVD_episodenumber></DVD_episodenumber>
  <DVD_season></DVD_season>
  <Director>Andy Hay</Director>
  <EpImgFlag>2</EpImgFlag>
  <EpisodeName>Episode 26</EpisodeName>
  <EpisodeNumber>2</EpisodeNumber>
  <FirstAired>2009-06-26</FirstAired>
  <GuestStars></GuestStars>
  <IMDB_ID></IMDB_ID>
  <Language>en</Language>
  <Overview>A couple who are both celebrities hold their joint 40th birthday party at the hotel. Anna finds out that they are not as happy as they seem together. Sam ignores Juliet's advise and better judgment when he lets lets two rival boxers stay at the hotel.</Overview>
  <ProductionCode></ProductionCode>
  <Rating>5.0</Rating>
  <RatingCount>1</RatingCount>
  <SeasonNumber>4</SeasonNumber>
  <Writer></Writer>
  <absolute_number></absolute_number>
  <filename>episodes/79260/779931.jpg</filename>
  <lastupdated>1301672748</lastupdated>
  <seasonid>80781</seasonid>
  <seriesid>79260</seriesid>
</Episode>
<Episode>
  <id>779941</id>
  <Combined_episodenumber>3</Combined_episodenumber>
  <Combined_season>4</Combined_season>
  <DVD_chapter></DVD_chapter>
  <DVD_discid></DVD_discid>
  <DVD_episodenumber></DVD_episodenumber>
  <DVD_season></DVD_season>
  <Director>Andy Hay</Director>
  <EpImgFlag>2</EpImgFlag>
  <EpisodeName>Episode 27</EpisodeName>
  <EpisodeNumber>3</EpisodeNumber>
  <FirstAired>2009-07-03</FirstAired>
  <GuestStars></GuestStars>
  <IMDB_ID></IMDB_ID>
  <Language>en</Language>
  <Overview>The staff take part in a treasure hunt around the hotel searching for valuable emeralds claimed to be hidden there. Gino finds himself being conned by a man staying at the hotel. Tony discovers that a former film star staying at the hotel isn't quite as she seems.</Overview>
  <ProductionCode></ProductionCode>
  <Rating>7.0</Rating>
  <RatingCount>1</RatingCount>
  <SeasonNumber>4</SeasonNumber>
  <Writer></Writer>
  <absolute_number></absolute_number>
  <filename>episodes/79260/779941.jpg</filename>
  <lastupdated>1301672713</lastupdated>
  <seasonid>80781</seasonid>
  <seriesid>79260</seriesid>
</Episode>
<Episode>
  <id>779951</id>
  <Combined_episodenumber>4</Combined_episodenumber>
  <Combined_season>4</Combined_season>
  <DVD_chapter></DVD_chapter>
  <DVD_discid></DVD_discid>
  <DVD_episodenumber></DVD_episodenumber>
  <DVD_season></DVD_season>
  <Director>Jim Loach</Director>
  <EpImgFlag>2</EpImgFlag>
  <EpisodeName>Episode 28</EpisodeName>
  <EpisodeNumber>4</EpisodeNumber>
  <FirstAired>2009-07-17</FirstAired>
  <GuestStars></GuestStars>
  <IMDB_ID></IMDB_ID>
  <Language>en</Language>
  <Overview>When Emily's estranged father turns up at Babylon, she wants him to leave, but he has something he needs to tell her first.

Meanwhile, Sam gambles Hotel Babylon and loses, and Tony meets his doppelganger and they put their uncanny resemblance to good use.</Overview>
  <ProductionCode></ProductionCode>
  <Rating>7.0</Rating>
  <RatingCount>1</RatingCount>
  <SeasonNumber>4</SeasonNumber>
  <Writer></Writer>
  <absolute_number></absolute_number>
  <filename>episodes/79260/779951.jpg</filename>
  <lastupdated>1301672680</lastupdated>
  <seasonid>80781</seasonid>
  <seriesid>79260</seriesid>
</Episode>
<Episode>
  <id>906491</id>
  <Combined_episodenumber>5</Combined_episodenumber>
  <Combined_season>4</Combined_season>
  <DVD_chapter></DVD_chapter>
  <DVD_discid></DVD_discid>
  <DVD_episodenumber></DVD_episodenumber>
  <DVD_season></DVD_season>
  <Director></Director>
  <EpImgFlag>2</EpImgFlag>
  <EpisodeName>Episode 29</EpisodeName>
  <EpisodeNumber>5</EpisodeNumber>
  <FirstAired>2009-07-24</FirstAired>
  <GuestStars></GuestStars>
  <IMDB_ID></IMDB_ID>
  <Language>en</Language>
  <Overview>The staff are sent on a team-building course by Sam to improve their performance. Sam's plan doesn't go as he hoped when Juliet is forced to resign. A guest at the hotel makes eyes at Gino. Valuables go missing from the hotel after Juliet and Ben attempt to help a homeless man.</Overview>
  <ProductionCode></ProductionCode>
  <Rating>5.0</Rating>
  <RatingCount>2</RatingCount>
  <SeasonNumber>4</SeasonNumber>
  <Writer></Writer>
  <absolute_number></absolute_number>
  <filename>episodes/79260/906491.jpg</filename>
  <lastupdated>1301672281</lastupdated>
  <seasonid>80781</seasonid>
  <seriesid>79260</seriesid>
</Episode>
<Episode>
  <id>906501</id>
  <Combined_episodenumber>6</Combined_episodenumber>
  <Combined_season>4</Combined_season>
  <DVD_chapter></DVD_chapter>
  <DVD_discid></DVD_discid>
  <DVD_episodenumber></DVD_episodenumber>
  <DVD_season></DVD_season>
  <Director></Director>
  <EpImgFlag>2</EpImgFlag>
  <EpisodeName>Episode 30</EpisodeName>
  <EpisodeNumber>6</EpisodeNumber>
  <FirstAired>2009-07-31</FirstAired>
  <GuestStars></GuestStars>
  <IMDB_ID></IMDB_ID>
  <Language>en</Language>
  <Overview>The hotel has managed to secure an exclusive magazine deal to host a Royal wedding with an Italian magazine called Certo!. Juliet is surprised when Sam plans to press ahead after the wedding is canceled using the hotel's staff as the wedding party. When Juliet finds out that Sam needs the money from the deal to pay a tax bill she decides to help him. Gennaro Fazio, the magazines editor exposes what they are to though.</Overview>
  <ProductionCode></ProductionCode>
  <Rating>5.0</Rating>
  <RatingCount>1</RatingCount>
  <SeasonNumber>4</SeasonNumber>
  <Writer></Writer>
  <absolute_number></absolute_number>
  <filename>episodes/79260/906501.jpg</filename>
  <lastupdated>1301672522</lastupdated>
  <seasonid>80781</seasonid>
  <seriesid>79260</seriesid>
</Episode>
<Episode>
  <id>906511</id>
  <Combined_episodenumber>7</Combined_episodenumber>
  <Combined_season>4</Combined_season>
  <DVD_chapter></DVD_chapter>
  <DVD_discid></DVD_discid>
  <DVD_episodenumber></DVD_episodenumber>
  <DVD_season></DVD_season>
  <Director></Director>
  <EpImgFlag>2</EpImgFlag>
  <EpisodeName>Episode 31</EpisodeName>
  <EpisodeNumber>7</EpisodeNumber>
  <FirstAired>2009-08-07</FirstAired>
  <GuestStars></GuestStars>
  <IMDB_ID></IMDB_ID>
  <Language>en</Language>
  <Overview>James and Gino are are asked to organise the extravagant funeral of a VIP guest . If the event is a success Juliet tells James that he will gain a promotion at the hotel. An old boyfriend of Juliet's checks into the hotel and wants to give their relationship another go. Sam becomes jealous and ends up having a one night stand with one of the hotel's guests.</Overview>
  <ProductionCode></ProductionCode>
  <Rating>4.0</Rating>
  <RatingCount>2</RatingCount>
  <SeasonNumber>4</SeasonNumber>
  <Writer></Writer>
  <absolute_number></absolute_number>
  <filename>episodes/79260/906511.jpg</filename>
  <lastupdated>1301672564</lastupdated>
  <seasonid>80781</seasonid>
  <seriesid>79260</seriesid>
</Episode>
<Episode>
  <id>906521</id>
  <Combined_episodenumber>8</Combined_episodenumber>
  <Combined_season>4</Combined_season>
  <DVD_chapter></DVD_chapter>
  <DVD_discid></DVD_discid>
  <DVD_episodenumber></DVD_episodenumber>
  <DVD_season></DVD_season>
  <Director>Andy Hay</Director>
  <EpImgFlag>2</EpImgFlag>
  <EpisodeName>Episode 32</EpisodeName>
  <EpisodeNumber>8</EpisodeNumber>
  <FirstAired>2009-08-14</FirstAired>
  <GuestStars></GuestStars>
  <IMDB_ID></IMDB_ID>
  <Language>en</Language>
  <Overview>Sam and Juliet's love grows, but a hidden secret threatens their relationship. Tony hosts a party for other concierges while Gino tries to find the identity of the writer of an erotic novel among the staff. Also, Mel's lie starts to crumble.</Overview>
  <ProductionCode></ProductionCode>
  <Rating>4.0</Rating>
  <RatingCount>2</RatingCount>
  <SeasonNumber>4</SeasonNumber>
  <Writer>Imogen Edwards-Jones, Jack Williams</Writer>
  <absolute_number></absolute_number>
  <filename>episodes/79260/906521.jpg</filename>
  <lastupdated>1301672611</lastupdated>
  <seasonid>80781</seasonid>
  <seriesid>79260</seriesid>
</Episode>
</Data>