<?xml version="1.0" encoding="UTF-8" ?>
<Actors>
<Actor>
  <id>35025</id>
  <Image>actors/35025.jpg</Image>
  <Name>Mary-Louise Parker</Name>
  <Role>Nancy Botwin</Role>
  <SortOrder>0</SortOrder>
</Actor>
<Actor>
  <id>77853</id>
  <Image>actors/77853.jpg</Image>
  <Name>Alexander Gould</Name>
  <Role>Shane Botwin</Role>
  <SortOrder>1</SortOrder>
</Actor>
<Actor>
  <id>77852</id>
  <Image>actors/77852.jpg</Image>
  <Name>Hunter Parrish</Name>
  <Role>Silas Botwin</Role>
  <SortOrder>1</SortOrder>
</Actor>
<Actor>
  <id>35024</id>
  <Image>actors/35024.jpg</Image>
  <Name>Justin Kirk</Name>
  <Role>Andy Botwin</Role>
  <SortOrder>1</SortOrder>
</Actor>
<Actor>
  <id>35022</id>
  <Image>actors/35022.jpg</Image>
  <Name>Kevin Nealon</Name>
  <Role>Doug Wilson</Role>
  <SortOrder>2</SortOrder>
</Actor>
<Actor>
  <id>77886</id>
  <Image>actors/77886.jpg</Image>
  <Name>Romany Malco</Name>
  <Role>Conrad Shepard</Role>
  <SortOrder>3</SortOrder>
</Actor>
<Actor>
  <id>77885</id>
  <Image>actors/77885.jpg</Image>
  <Name>Tonye Patano</Name>
  <Role>Heylia James</Role>
  <SortOrder>3</SortOrder>
</Actor>
<Actor>
  <id>35023</id>
  <Image>actors/35023.jpg</Image>
  <Name>Elizabeth Perkins</Name>
  <Role>Celia Hodes</Role>
  <SortOrder>3</SortOrder>
</Actor>
<Actor>
  <id>290092</id>
  <Image>actors/290092.jpg</Image>
  <Name>Pablo Schreiber</Name>
  <Role>Demetri Ravitch</Role>
  <SortOrder>3</SortOrder>
</Actor>
</Actors>