<?xml version="1.0" encoding="UTF-8" ?>
<Actors>
<Actor>
  <id>9750</id>
  <Image></Image>
  <Name>Brandon Maggart</Name>
  <Role></Role>
  <SortOrder>3</SortOrder>
</Actor>
<Actor>
  <id>9754</id>
  <Image></Image>
  <Name>Gale Gordon</Name>
  <Role></Role>
  <SortOrder>3</SortOrder>
</Actor>
<Actor>
  <id>9756</id>
  <Image></Image>
  <Name>Hallie Todd</Name>
  <Role></Role>
  <SortOrder>3</SortOrder>
</Actor>
<Actor>
  <id>9751</id>
  <Image></Image>
  <Name>Mary Ann Pascal</Name>
  <Role></Role>
  <SortOrder>3</SortOrder>
</Actor>
<Actor>
  <id>9749</id>
  <Image></Image>
  <Name>Paul Regina</Name>
  <Role></Role>
  <SortOrder>3</SortOrder>
</Actor>
<Actor>
  <id>9757</id>
  <Image></Image>
  <Name>Philip Charles MacKenzie</Name>
  <Role></Role>
  <SortOrder>3</SortOrder>
</Actor>
<Actor>
  <id>9753</id>
  <Image></Image>
  <Name>Robert Sweeney</Name>
  <Role></Role>
  <SortOrder>3</SortOrder>
</Actor>
<Actor>
  <id>9758</id>
  <Image></Image>
  <Name>Robert Walden</Name>
  <Role></Role>
  <SortOrder>3</SortOrder>
</Actor>
<Actor>
  <id>9759</id>
  <Image></Image>
  <Name>Robin Riker</Name>
  <Role></Role>
  <SortOrder>3</SortOrder>
</Actor>
<Actor>
  <id>9752</id>
  <Image></Image>
  <Name>Timothy Williams</Name>
  <Role></Role>
  <SortOrder>3</SortOrder>
</Actor>
<Actor>
  <id>9755</id>
  <Image></Image>
  <Name>Yeardley Smith</Name>
  <Role></Role>
  <SortOrder>3</SortOrder>
</Actor>
</Actors>