<?xml version="1.0" encoding="UTF-8" ?>
<Data><Series>
  <id>71477</id>
  <Actors>|Brandon Maggart|Gale Gordon|Hallie Todd|Mary Ann Pascal|Paul Regina|Philip Charles MacKenzie|Robert Sweeney|Robert Walden|Robin Riker|Timothy Williams|Yeardley Smith|</Actors>
  <Airs_DayOfWeek></Airs_DayOfWeek>
  <Airs_Time></Airs_Time>
  <ContentRating></ContentRating>
  <FirstAired>1984-07-01</FirstAired>
  <Genre></Genre>
  <IMDB_ID></IMDB_ID>
  <Language>en</Language>
  <Network>Showtime</Network>
  <NetworkID></NetworkID>
  <Overview>Lou, Joe, and Cliff Waters are three brothers living in south Philadelphia. The older brothers receive the shock of their lives when youngest brother Cliff runs away from the altar on what is supposed to be his wedding day. His reason: he's gay.

Lou is the oldest and a construction worker. He insists that someone talked Cliff into being a homosexual. Middle brother Joe is a former pro football player who runs a restaurant, is overprotective of teenage daughter Penny, and tries to maintain peace between his two brothers. Cliff is the youngest brother. He frequently finds himself in arguments with his brothers and with his best friend, flamboyantly gay writer/editor Donald Maltby.</Overview>
  <Rating></Rating>
  <RatingCount>0</RatingCount>
  <Runtime>30</Runtime>
  <SeriesID>1372</SeriesID>
  <SeriesName>Brothers</SeriesName>
  <Status>Ended</Status>
  <added></added>
  <addedBy></addedBy>
  <banner>graphical/71477-g.jpg</banner>
  <fanart></fanart>
  <lastupdated>1298405638</lastupdated>
  <poster></poster>
  <zap2it_id></zap2it_id>
</Series>
<Episode>
  <id>47018</id>
  <Combined_episodenumber>1</Combined_episodenumber>
  <Combined_season>1</Combined_season>
  <DVD_chapter></DVD_chapter>
  <DVD_discid></DVD_discid>
  <DVD_episodenumber></DVD_episodenumber>
  <DVD_season></DVD_season>
  <Director></Director>
  <EpImgFlag></EpImgFlag>
  <EpisodeName>The Wedding</EpisodeName>
  <EpisodeNumber>1</EpisodeNumber>
  <FirstAired>1984-07-13</FirstAired>
  <GuestStars></GuestStars>
  <IMDB_ID></IMDB_ID>
  <Language>en</Language>
  <Overview></Overview>
  <ProductionCode></ProductionCode>
  <Rating></Rating>
  <RatingCount>0</RatingCount>
  <SeasonNumber>1</SeasonNumber>
  <Writer></Writer>
  <absolute_number></absolute_number>
  <filename></filename>
  <lastupdated>1163101692</lastupdated>
  <seasonid>2318</seasonid>
  <seriesid>71477</seriesid>
</Episode>
<Episode>
  <id>47019</id>
  <Combined_episodenumber>2</Combined_episodenumber>
  <Combined_season>1</Combined_season>
  <DVD_chapter></DVD_chapter>
  <DVD_discid></DVD_discid>
  <DVD_episodenumber></DVD_episodenumber>
  <DVD_season></DVD_season>
  <Director></Director>
  <EpImgFlag></EpImgFlag>
  <EpisodeName>Lizards ain't Snakes</EpisodeName>
  <EpisodeNumber>2</EpisodeNumber>
  <FirstAired>1984-08-23</FirstAired>
  <GuestStars></GuestStars>
  <IMDB_ID></IMDB_ID>
  <Language>en</Language>
  <Overview></Overview>
  <ProductionCode></ProductionCode>
  <Rating></Rating>
  <RatingCount>0</RatingCount>
  <SeasonNumber>1</SeasonNumber>
  <Writer></Writer>
  <absolute_number></absolute_number>
  <filename></filename>
  <lastupdated>1163101692</lastupdated>
  <seasonid>2318</seasonid>
  <seriesid>71477</seriesid>
</Episode>
<Episode>
  <id>47020</id>
  <Combined_episodenumber>3</Combined_episodenumber>
  <Combined_season>1</Combined_season>
  <DVD_chapter></DVD_chapter>
  <DVD_discid></DVD_discid>
  <DVD_episodenumber></DVD_episodenumber>
  <DVD_season></DVD_season>
  <Director></Director>
  <EpImgFlag></EpImgFlag>
  <EpisodeName>You Brought a New Kind of Love To Me</EpisodeName>
  <EpisodeNumber>3</EpisodeNumber>
  <FirstAired>1984-08-16</FirstAired>
  <GuestStars></GuestStars>
  <IMDB_ID></IMDB_ID>
  <Language>en</Language>
  <Overview></Overview>
  <ProductionCode></ProductionCode>
  <Rating></Rating>
  <RatingCount>0</RatingCount>
  <SeasonNumber>1</SeasonNumber>
  <Writer></Writer>
  <absolute_number></absolute_number>
  <filename></filename>
  <lastupdated>1163101692</lastupdated>
  <seasonid>2318</seasonid>
  <seriesid>71477</seriesid>
</Episode>
<Episode>
  <id>47021</id>
  <Combined_episodenumber>4</Combined_episodenumber>
  <Combined_season>1</Combined_season>
  <DVD_chapter></DVD_chapter>
  <DVD_discid></DVD_discid>
  <DVD_episodenumber></DVD_episodenumber>
  <DVD_season></DVD_season>
  <Director></Director>
  <EpImgFlag></EpImgFlag>
  <EpisodeName>He ain't Witty, He's my Brother</EpisodeName>
  <EpisodeNumber>4</EpisodeNumber>
  <FirstAired>1984-09-20</FirstAired>
  <GuestStars></GuestStars>
  <IMDB_ID></IMDB_ID>
  <Language>en</Language>
  <Overview></Overview>
  <ProductionCode></ProductionCode>
  <Rating></Rating>
  <RatingCount>0</RatingCount>
  <SeasonNumber>1</SeasonNumber>
  <Writer></Writer>
  <absolute_number></absolute_number>
  <filename></filename>
  <lastupdated>1163101692</lastupdated>
  <seasonid>2318</seasonid>
  <seriesid>71477</seriesid>
</Episode>
<Episode>
  <id>47022</id>
  <Combined_episodenumber>5</Combined_episodenumber>
  <Combined_season>1</Combined_season>
  <DVD_chapter></DVD_chapter>
  <DVD_discid></DVD_discid>
  <DVD_episodenumber></DVD_episodenumber>
  <DVD_season></DVD_season>
  <Director></Director>
  <EpImgFlag></EpImgFlag>
  <EpisodeName>Mindless Passion</EpisodeName>
  <EpisodeNumber>5</EpisodeNumber>
  <FirstAired>1984-08-30</FirstAired>
  <GuestStars></GuestStars>
  <IMDB_ID></IMDB_ID>
  <Language>en</Language>
  <Overview></Overview>
  <ProductionCode></ProductionCode>
  <Rating></Rating>
  <RatingCount>0</RatingCount>
  <SeasonNumber>1</SeasonNumber>
  <Writer></Writer>
  <absolute_number></absolute_number>
  <filename></filename>
  <lastupdated>1163101692</lastupdated>
  <seasonid>2318</seasonid>
  <seriesid>71477</seriesid>
</Episode>
<Episode>
  <id>47023</id>
  <Combined_episodenumber>6</Combined_episodenumber>
  <Combined_season>1</Combined_season>
  <DVD_chapter></DVD_chapter>
  <DVD_discid></DVD_discid>
  <DVD_episodenumber></DVD_episodenumber>
  <DVD_season></DVD_season>
  <Director></Director>
  <EpImgFlag></EpImgFlag>
  <EpisodeName>FEAR OF FLYING</EpisodeName>
  <EpisodeNumber>6</EpisodeNumber>
  <FirstAired>1984-09-06</FirstAired>
  <GuestStars></GuestStars>
  <IMDB_ID></IMDB_ID>
  <Language>en</Language>
  <Overview></Overview>
  <ProductionCode></ProductionCode>
  <Rating></Rating>
  <RatingCount>0</RatingCount>
  <SeasonNumber>1</SeasonNumber>
  <Writer></Writer>
  <absolute_number></absolute_number>
  <filename></filename>
  <lastupdated>1163101692</lastupdated>
  <seasonid>2318</seasonid>
  <seriesid>71477</seriesid>
</Episode>
<Episode>
  <id>47024</id>
  <Combined_episodenumber>7</Combined_episodenumber>
  <Combined_season>1</Combined_season>
  <DVD_chapter></DVD_chapter>
  <DVD_discid></DVD_discid>
  <DVD_episodenumber></DVD_episodenumber>
  <DVD_season></DVD_season>
  <Director></Director>
  <EpImgFlag></EpImgFlag>
  <EpisodeName>MONTE CARLO NIGHT</EpisodeName>
  <EpisodeNumber>7</EpisodeNumber>
  <FirstAired>1984-09-13</FirstAired>
  <GuestStars></GuestStars>
  <IMDB_ID></IMDB_ID>
  <Language>en</Language>
  <Overview></Overview>
  <ProductionCode></ProductionCode>
  <Rating></Rating>
  <RatingCount>0</RatingCount>
  <SeasonNumber>1</SeasonNumber>
  <Writer></Writer>
  <absolute_number></absolute_number>
  <filename></filename>
  <lastupdated>1163101692</lastupdated>
  <seasonid>2318</seasonid>
  <seriesid>71477</seriesid>
</Episode>
<Episode>
  <id>47025</id>
  <Combined_episodenumber>8</Combined_episodenumber>
  <Combined_season>1</Combined_season>
  <DVD_chapter></DVD_chapter>
  <DVD_discid></DVD_discid>
  <DVD_episodenumber></DVD_episodenumber>
  <DVD_season></DVD_season>
  <Director></Director>
  <EpImgFlag></EpImgFlag>
  <EpisodeName>AND BABY MAKES TWO</EpisodeName>
  <EpisodeNumber>8</EpisodeNumber>
  <FirstAired>1984-09-27</FirstAired>
  <GuestStars></GuestStars>
  <IMDB_ID></IMDB_ID>
  <Language>en</Language>
  <Overview></Overview>
  <ProductionCode></ProductionCode>
  <Rating></Rating>
  <RatingCount>0</RatingCount>
  <SeasonNumber>1</SeasonNumber>
  <Writer></Writer>
  <absolute_number></absolute_number>
  <filename></filename>
  <lastupdated>1163101692</lastupdated>
  <seasonid>2318</seasonid>
  <seriesid>71477</seriesid>
</Episode>
<Episode>
  <id>47026</id>
  <Combined_episodenumber>9</Combined_episodenumber>
  <Combined_season>1</Combined_season>
  <DVD_chapter></DVD_chapter>
  <DVD_discid></DVD_discid>
  <DVD_episodenumber></DVD_episodenumber>
  <DVD_season></DVD_season>
  <Director></Director>
  <EpImgFlag></EpImgFlag>
  <EpisodeName>FOOLS RUSSIAN</EpisodeName>
  <EpisodeNumber>9</EpisodeNumber>
  <FirstAired>1984-10-04</FirstAired>
  <GuestStars></GuestStars>
  <IMDB_ID></IMDB_ID>
  <Language>en</Language>
  <Overview></Overview>
  <ProductionCode></ProductionCode>
  <Rating></Rating>
  <RatingCount>0</RatingCount>
  <SeasonNumber>1</SeasonNumber>
  <Writer></Writer>
  <absolute_number></absolute_number>
  <filename></filename>
  <lastupdated>1163101692</lastupdated>
  <seasonid>2318</seasonid>
  <seriesid>71477</seriesid>
</Episode>
<Episode>
  <id>47027</id>
  <Combined_episodenumber>10</Combined_episodenumber>
  <Combined_season>1</Combined_season>
  <DVD_chapter></DVD_chapter>
  <DVD_discid></DVD_discid>
  <DVD_episodenumber></DVD_episodenumber>
  <DVD_season></DVD_season>
  <Director></Director>
  <EpImgFlag></EpImgFlag>
  <EpisodeName>STANDARDS AND PRACTICES</EpisodeName>
  <EpisodeNumber>10</EpisodeNumber>
  <FirstAired>1984-10-11</FirstAired>
  <GuestStars></GuestStars>
  <IMDB_ID></IMDB_ID>
  <Language>en</Language>
  <Overview></Overview>
  <ProductionCode></ProductionCode>
  <Rating></Rating>
  <RatingCount>0</RatingCount>
  <SeasonNumber>1</SeasonNumber>
  <Writer></Writer>
  <absolute_number></absolute_number>
  <filename></filename>
  <lastupdated>1163101692</lastupdated>
  <seasonid>2318</seasonid>
  <seriesid>71477</seriesid>
</Episode>
<Episode>
  <id>47028</id>
  <Combined_episodenumber>11</Combined_episodenumber>
  <Combined_season>1</Combined_season>
  <DVD_chapter></DVD_chapter>
  <DVD_discid></DVD_discid>
  <DVD_episodenumber></DVD_episodenumber>
  <DVD_season></DVD_season>
  <Director></Director>
  <EpImgFlag></EpImgFlag>
  <EpisodeName>LIZA</EpisodeName>
  <EpisodeNumber>11</EpisodeNumber>
  <FirstAired>1984-10-18</FirstAired>
  <GuestStars></GuestStars>
  <IMDB_ID></IMDB_ID>
  <Language>en</Language>
  <Overview></Overview>
  <ProductionCode></ProductionCode>
  <Rating></Rating>
  <RatingCount>0</RatingCount>
  <SeasonNumber>1</SeasonNumber>
  <Writer></Writer>
  <absolute_number></absolute_number>
  <filename></filename>
  <lastupdated>1163101692</lastupdated>
  <seasonid>2318</seasonid>
  <seriesid>71477</seriesid>
</Episode>
<Episode>
  <id>47029</id>
  <Combined_episodenumber>12</Combined_episodenumber>
  <Combined_season>1</Combined_season>
  <DVD_chapter></DVD_chapter>
  <DVD_discid></DVD_discid>
  <DVD_episodenumber></DVD_episodenumber>
  <DVD_season></DVD_season>
  <Director></Director>
  <EpImgFlag></EpImgFlag>
  <EpisodeName>IT ONLY HURTS WHEN I'M GAY</EpisodeName>
  <EpisodeNumber>12</EpisodeNumber>
  <FirstAired>1984-10-25</FirstAired>
  <GuestStars></GuestStars>
  <IMDB_ID></IMDB_ID>
  <Language>en</Language>
  <Overview></Overview>
  <ProductionCode></ProductionCode>
  <Rating></Rating>
  <RatingCount>0</RatingCount>
  <SeasonNumber>1</SeasonNumber>
  <Writer></Writer>
  <absolute_number></absolute_number>
  <filename></filename>
  <lastupdated>1163101692</lastupdated>
  <seasonid>2318</seasonid>
  <seriesid>71477</seriesid>
</Episode>
<Episode>
  <id>47030</id>
  <Combined_episodenumber>13</Combined_episodenumber>
  <Combined_season>1</Combined_season>
  <DVD_chapter></DVD_chapter>
  <DVD_discid></DVD_discid>
  <DVD_episodenumber></DVD_episodenumber>
  <DVD_season></DVD_season>
  <Director></Director>
  <EpImgFlag></EpImgFlag>
  <EpisodeName>I REMEMBER PAPA</EpisodeName>
  <EpisodeNumber>13</EpisodeNumber>
  <FirstAired>1984-11-01</FirstAired>
  <GuestStars></GuestStars>
  <IMDB_ID></IMDB_ID>
  <Language>en</Language>
  <Overview></Overview>
  <ProductionCode></ProductionCode>
  <Rating></Rating>
  <RatingCount>0</RatingCount>
  <SeasonNumber>1</SeasonNumber>
  <Writer></Writer>
  <absolute_number></absolute_number>
  <filename></filename>
  <lastupdated>1163101692</lastupdated>
  <seasonid>2318</seasonid>
  <seriesid>71477</seriesid>
</Episode>
<Episode>
  <id>47031</id>
  <Combined_episodenumber>14</Combined_episodenumber>
  <Combined_season>1</Combined_season>
  <DVD_chapter></DVD_chapter>
  <DVD_discid></DVD_discid>
  <DVD_episodenumber></DVD_episodenumber>
  <DVD_season></DVD_season>
  <Director></Director>
  <EpImgFlag></EpImgFlag>
  <EpisodeName>HAPPY BIRTHDAY, MEL (PART 1)</EpisodeName>
  <EpisodeNumber>14</EpisodeNumber>
  <FirstAired>1984-12-16</FirstAired>
  <GuestStars></GuestStars>
  <IMDB_ID></IMDB_ID>
  <Language>en</Language>
  <Overview></Overview>
  <ProductionCode></ProductionCode>
  <Rating></Rating>
  <RatingCount>0</RatingCount>
  <SeasonNumber>1</SeasonNumber>
  <Writer></Writer>
  <absolute_number></absolute_number>
  <filename></filename>
  <lastupdated>1163101692</lastupdated>
  <seasonid>2318</seasonid>
  <seriesid>71477</seriesid>
</Episode>
<Episode>
  <id>47032</id>
  <Combined_episodenumber>15</Combined_episodenumber>
  <Combined_season>1</Combined_season>
  <DVD_chapter></DVD_chapter>
  <DVD_discid></DVD_discid>
  <DVD_episodenumber></DVD_episodenumber>
  <DVD_season></DVD_season>
  <Director></Director>
  <EpImgFlag></EpImgFlag>
  <EpisodeName>HAPPY BIRTHDAY, MEL (PART 2)</EpisodeName>
  <EpisodeNumber>15</EpisodeNumber>
  <FirstAired>1984-12-16</FirstAired>
  <GuestStars></GuestStars>
  <IMDB_ID></IMDB_ID>
  <Language>en</Language>
  <Overview></Overview>
  <ProductionCode></ProductionCode>
  <Rating></Rating>
  <RatingCount>0</RatingCount>
  <SeasonNumber>1</SeasonNumber>
  <Writer></Writer>
  <absolute_number></absolute_number>
  <filename></filename>
  <lastupdated>1163101692</lastupdated>
  <seasonid>2318</seasonid>
  <seriesid>71477</seriesid>
</Episode>
<Episode>
  <id>47033</id>
  <Combined_episodenumber>1</Combined_episodenumber>
  <Combined_season>2</Combined_season>
  <DVD_chapter></DVD_chapter>
  <DVD_discid></DVD_discid>
  <DVD_episodenumber></DVD_episodenumber>
  <DVD_season></DVD_season>
  <Director></Director>
  <EpImgFlag></EpImgFlag>
  <EpisodeName>AN AFFAIR TO REMEMBER</EpisodeName>
  <EpisodeNumber>1</EpisodeNumber>
  <FirstAired>1985-04-25</FirstAired>
  <GuestStars></GuestStars>
  <IMDB_ID></IMDB_ID>
  <Language>en</Language>
  <Overview></Overview>
  <ProductionCode></ProductionCode>
  <Rating></Rating>
  <RatingCount>0</RatingCount>
  <SeasonNumber>2</SeasonNumber>
  <Writer></Writer>
  <absolute_number></absolute_number>
  <filename></filename>
  <lastupdated>1163101692</lastupdated>
  <seasonid>2319</seasonid>
  <seriesid>71477</seriesid>
</Episode>
<Episode>
  <id>47034</id>
  <Combined_episodenumber>2</Combined_episodenumber>
  <Combined_season>2</Combined_season>
  <DVD_chapter></DVD_chapter>
  <DVD_discid></DVD_discid>
  <DVD_episodenumber></DVD_episodenumber>
  <DVD_season></DVD_season>
  <Director></Director>
  <EpImgFlag></EpImgFlag>
  <EpisodeName>YOUR BROTHER'S KEEPER</EpisodeName>
  <EpisodeNumber>2</EpisodeNumber>
  <FirstAired>1985-05-02</FirstAired>
  <GuestStars></GuestStars>
  <IMDB_ID></IMDB_ID>
  <Language>en</Language>
  <Overview></Overview>
  <ProductionCode></ProductionCode>
  <Rating></Rating>
  <RatingCount>0</RatingCount>
  <SeasonNumber>2</SeasonNumber>
  <Writer></Writer>
  <absolute_number></absolute_number>
  <filename></filename>
  <lastupdated>1163101692</lastupdated>
  <seasonid>2319</seasonid>
  <seriesid>71477</seriesid>
</Episode>
<Episode>
  <id>47035</id>
  <Combined_episodenumber>3</Combined_episodenumber>
  <Combined_season>2</Combined_season>
  <DVD_chapter></DVD_chapter>
  <DVD_discid></DVD_discid>
  <DVD_episodenumber></DVD_episodenumber>
  <DVD_season></DVD_season>
  <Director></Director>
  <EpImgFlag></EpImgFlag>
  <EpisodeName>THE FOURTH BALL (aka Lucky Charm)</EpisodeName>
  <EpisodeNumber>3</EpisodeNumber>
  <FirstAired>1985-05-09</FirstAired>
  <GuestStars></GuestStars>
  <IMDB_ID></IMDB_ID>
  <Language>en</Language>
  <Overview></Overview>
  <ProductionCode></ProductionCode>
  <Rating></Rating>
  <RatingCount>0</RatingCount>
  <SeasonNumber>2</SeasonNumber>
  <Writer></Writer>
  <absolute_number></absolute_number>
  <filename></filename>
  <lastupdated>1163101692</lastupdated>
  <seasonid>2319</seasonid>
  <seriesid>71477</seriesid>
</Episode>
<Episode>
  <id>47036</id>
  <Combined_episodenumber>4</Combined_episodenumber>
  <Combined_season>2</Combined_season>
  <DVD_chapter></DVD_chapter>
  <DVD_discid></DVD_discid>
  <DVD_episodenumber></DVD_episodenumber>
  <DVD_season></DVD_season>
  <Director></Director>
  <EpImgFlag></EpImgFlag>
  <EpisodeName>LIFE'S TOO SHORT TO BE DELICATE</EpisodeName>
  <EpisodeNumber>4</EpisodeNumber>
  <FirstAired>1985-05-16</FirstAired>
  <GuestStars></GuestStars>
  <IMDB_ID></IMDB_ID>
  <Language>en</Language>
  <Overview></Overview>
  <ProductionCode></ProductionCode>
  <Rating></Rating>
  <RatingCount>0</RatingCount>
  <SeasonNumber>2</SeasonNumber>
  <Writer></Writer>
  <absolute_number></absolute_number>
  <filename></filename>
  <lastupdated>1163101692</lastupdated>
  <seasonid>2319</seasonid>
  <seriesid>71477</seriesid>
</Episode>
<Episode>
  <id>47037</id>
  <Combined_episodenumber>5</Combined_episodenumber>
  <Combined_season>2</Combined_season>
  <DVD_chapter></DVD_chapter>
  <DVD_discid></DVD_discid>
  <DVD_episodenumber></DVD_episodenumber>
  <DVD_season></DVD_season>
  <Director></Director>
  <EpImgFlag></EpImgFlag>
  <EpisodeName>LET THE EAGLE FLY</EpisodeName>
  <EpisodeNumber>5</EpisodeNumber>
  <FirstAired>1985-06-20</FirstAired>
  <GuestStars></GuestStars>
  <IMDB_ID></IMDB_ID>
  <Language>en</Language>
  <Overview></Overview>
  <ProductionCode></ProductionCode>
  <Rating></Rating>
  <RatingCount>0</RatingCount>
  <SeasonNumber>2</SeasonNumber>
  <Writer></Writer>
  <absolute_number></absolute_number>
  <filename></filename>
  <lastupdated>1163101692</lastupdated>
  <seasonid>2319</seasonid>
  <seriesid>71477</seriesid>
</Episode>
<Episode>
  <id>47038</id>
  <Combined_episodenumber>6</Combined_episodenumber>
  <Combined_season>2</Combined_season>
  <DVD_chapter></DVD_chapter>
  <DVD_discid></DVD_discid>
  <DVD_episodenumber></DVD_episodenumber>
  <DVD_season></DVD_season>
  <Director></Director>
  <EpImgFlag></EpImgFlag>
  <EpisodeName>THE GIRL MOST LIKELY</EpisodeName>
  <EpisodeNumber>6</EpisodeNumber>
  <FirstAired>1985-06-06</FirstAired>
  <GuestStars></GuestStars>
  <IMDB_ID></IMDB_ID>
  <Language>en</Language>
  <Overview></Overview>
  <ProductionCode></ProductionCode>
  <Rating></Rating>
  <RatingCount>0</RatingCount>
  <SeasonNumber>2</SeasonNumber>
  <Writer></Writer>
  <absolute_number></absolute_number>
  <filename></filename>
  <lastupdated>1163101692</lastupdated>
  <seasonid>2319</seasonid>
  <seriesid>71477</seriesid>
</Episode>
<Episode>
  <id>47039</id>
  <Combined_episodenumber>7</Combined_episodenumber>
  <Combined_season>2</Combined_season>
  <DVD_chapter></DVD_chapter>
  <DVD_discid></DVD_discid>
  <DVD_episodenumber></DVD_episodenumber>
  <DVD_season></DVD_season>
  <Director></Director>
  <EpImgFlag></EpImgFlag>
  <EpisodeName>DONALD'S DAD</EpisodeName>
  <EpisodeNumber>7</EpisodeNumber>
  <FirstAired>1985-06-13</FirstAired>
  <GuestStars></GuestStars>
  <IMDB_ID></IMDB_ID>
  <Language>en</Language>
  <Overview></Overview>
  <ProductionCode></ProductionCode>
  <Rating></Rating>
  <RatingCount>0</RatingCount>
  <SeasonNumber>2</SeasonNumber>
  <Writer></Writer>
  <absolute_number></absolute_number>
  <filename></filename>
  <lastupdated>1163101692</lastupdated>
  <seasonid>2319</seasonid>
  <seriesid>71477</seriesid>
</Episode>
<Episode>
  <id>47040</id>
  <Combined_episodenumber>8</Combined_episodenumber>
  <Combined_season>2</Combined_season>
  <DVD_chapter></DVD_chapter>
  <DVD_discid></DVD_discid>
  <DVD_episodenumber></DVD_episodenumber>
  <DVD_season></DVD_season>
  <Director></Director>
  <EpImgFlag></EpImgFlag>
  <EpisodeName>DONALD'S OLD FLAME</EpisodeName>
  <EpisodeNumber>8</EpisodeNumber>
  <FirstAired>1985-05-30</FirstAired>
  <GuestStars></GuestStars>
  <IMDB_ID></IMDB_ID>
  <Language>en</Language>
  <Overview></Overview>
  <ProductionCode></ProductionCode>
  <Rating></Rating>
  <RatingCount>0</RatingCount>
  <SeasonNumber>2</SeasonNumber>
  <Writer></Writer>
  <absolute_number></absolute_number>
  <filename></filename>
  <lastupdated>1163101692</lastupdated>
  <seasonid>2319</seasonid>
  <seriesid>71477</seriesid>
</Episode>
<Episode>
  <id>47041</id>
  <Combined_episodenumber>9</Combined_episodenumber>
  <Combined_season>2</Combined_season>
  <DVD_chapter></DVD_chapter>
  <DVD_discid></DVD_discid>
  <DVD_episodenumber></DVD_episodenumber>
  <DVD_season></DVD_season>
  <Director></Director>
  <EpImgFlag></EpImgFlag>
  <EpisodeName>THE PROOF IS IN THE PJs</EpisodeName>
  <EpisodeNumber>9</EpisodeNumber>
  <FirstAired>1985-07-11</FirstAired>
  <GuestStars></GuestStars>
  <IMDB_ID></IMDB_ID>
  <Language>en</Language>
  <Overview></Overview>
  <ProductionCode></ProductionCode>
  <Rating></Rating>
  <RatingCount>0</RatingCount>
  <SeasonNumber>2</SeasonNumber>
  <Writer></Writer>
  <absolute_number></absolute_number>
  <filename></filename>
  <lastupdated>1163101692</lastupdated>
  <seasonid>2319</seasonid>
  <seriesid>71477</seriesid>
</Episode>
<Episode>
  <id>47042</id>
  <Combined_episodenumber>10</Combined_episodenumber>
  <Combined_season>2</Combined_season>
  <DVD_chapter></DVD_chapter>
  <DVD_discid></DVD_discid>
  <DVD_episodenumber></DVD_episodenumber>
  <DVD_season></DVD_season>
  <Director></Director>
  <EpImgFlag></EpImgFlag>
  <EpisodeName>A HOUSE DIVIDED</EpisodeName>
  <EpisodeNumber>10</EpisodeNumber>
  <FirstAired>1985-07-18</FirstAired>
  <GuestStars></GuestStars>
  <IMDB_ID></IMDB_ID>
  <Language>en</Language>
  <Overview></Overview>
  <ProductionCode></ProductionCode>
  <Rating></Rating>
  <RatingCount>0</RatingCount>
  <SeasonNumber>2</SeasonNumber>
  <Writer></Writer>
  <absolute_number></absolute_number>
  <filename></filename>
  <lastupdated>1163101692</lastupdated>
  <seasonid>2319</seasonid>
  <seriesid>71477</seriesid>
</Episode>
<Episode>
  <id>47043</id>
  <Combined_episodenumber>11</Combined_episodenumber>
  <Combined_season>2</Combined_season>
  <DVD_chapter></DVD_chapter>
  <DVD_discid></DVD_discid>
  <DVD_episodenumber></DVD_episodenumber>
  <DVD_season></DVD_season>
  <Director></Director>
  <EpImgFlag></EpImgFlag>
  <EpisodeName>THE STING</EpisodeName>
  <EpisodeNumber>11</EpisodeNumber>
  <FirstAired>1985-08-01</FirstAired>
  <GuestStars></GuestStars>
  <IMDB_ID></IMDB_ID>
  <Language>en</Language>
  <Overview></Overview>
  <ProductionCode></ProductionCode>
  <Rating></Rating>
  <RatingCount>0</RatingCount>
  <SeasonNumber>2</SeasonNumber>
  <Writer></Writer>
  <absolute_number></absolute_number>
  <filename></filename>
  <lastupdated>1163101692</lastupdated>
  <seasonid>2319</seasonid>
  <seriesid>71477</seriesid>
</Episode>
<Episode>
  <id>47044</id>
  <Combined_episodenumber>12</Combined_episodenumber>
  <Combined_season>2</Combined_season>
  <DVD_chapter></DVD_chapter>
  <DVD_discid></DVD_discid>
  <DVD_episodenumber></DVD_episodenumber>
  <DVD_season></DVD_season>
  <Director></Director>
  <EpImgFlag></EpImgFlag>
  <EpisodeName>HAPPY BIRTHDAY, BABY BROTHER</EpisodeName>
  <EpisodeNumber>12</EpisodeNumber>
  <FirstAired>1985-08-08</FirstAired>
  <GuestStars></GuestStars>
  <IMDB_ID></IMDB_ID>
  <Language>en</Language>
  <Overview></Overview>
  <ProductionCode></ProductionCode>
  <Rating></Rating>
  <RatingCount>0</RatingCount>
  <SeasonNumber>2</SeasonNumber>
  <Writer></Writer>
  <absolute_number></absolute_number>
  <filename></filename>
  <lastupdated>1163101692</lastupdated>
  <seasonid>2319</seasonid>
  <seriesid>71477</seriesid>
</Episode>
<Episode>
  <id>47045</id>
  <Combined_episodenumber>13</Combined_episodenumber>
  <Combined_season>2</Combined_season>
  <DVD_chapter></DVD_chapter>
  <DVD_discid></DVD_discid>
  <DVD_episodenumber></DVD_episodenumber>
  <DVD_season></DVD_season>
  <Director></Director>
  <EpImgFlag></EpImgFlag>
  <EpisodeName>TO PLAY OR NOT TO PLAY</EpisodeName>
  <EpisodeNumber>13</EpisodeNumber>
  <FirstAired>1985-08-15</FirstAired>
  <GuestStars></GuestStars>
  <IMDB_ID></IMDB_ID>
  <Language>en</Language>
  <Overview></Overview>
  <ProductionCode></ProductionCode>
  <Rating></Rating>
  <RatingCount>0</RatingCount>
  <SeasonNumber>2</SeasonNumber>
  <Writer></Writer>
  <absolute_number></absolute_number>
  <filename></filename>
  <lastupdated>1163101692</lastupdated>
  <seasonid>2319</seasonid>
  <seriesid>71477</seriesid>
</Episode>
<Episode>
  <id>47046</id>
  <Combined_episodenumber>14</Combined_episodenumber>
  <Combined_season>2</Combined_season>
  <DVD_chapter></DVD_chapter>
  <DVD_discid></DVD_discid>
  <DVD_episodenumber></DVD_episodenumber>
  <DVD_season></DVD_season>
  <Director></Director>
  <EpImgFlag></EpImgFlag>
  <EpisodeName>THE GREATEST STORY NEVER TOLD</EpisodeName>
  <EpisodeNumber>14</EpisodeNumber>
  <FirstAired>1985-09-04</FirstAired>
  <GuestStars></GuestStars>
  <IMDB_ID></IMDB_ID>
  <Language>en</Language>
  <Overview></Overview>
  <ProductionCode></ProductionCode>
  <Rating></Rating>
  <RatingCount>0</RatingCount>
  <SeasonNumber>2</SeasonNumber>
  <Writer></Writer>
  <absolute_number></absolute_number>
  <filename></filename>
  <lastupdated>1163101692</lastupdated>
  <seasonid>2319</seasonid>
  <seriesid>71477</seriesid>
</Episode>
<Episode>
  <id>47047</id>
  <Combined_episodenumber>15</Combined_episodenumber>
  <Combined_season>2</Combined_season>
  <DVD_chapter></DVD_chapter>
  <DVD_discid></DVD_discid>
  <DVD_episodenumber></DVD_episodenumber>
  <DVD_season></DVD_season>
  <Director></Director>
  <EpImgFlag></EpImgFlag>
  <EpisodeName>AMONGST MY SOUVENIRS</EpisodeName>
  <EpisodeNumber>15</EpisodeNumber>
  <FirstAired>1985-09-11</FirstAired>
  <GuestStars></GuestStars>
  <IMDB_ID></IMDB_ID>
  <Language>en</Language>
  <Overview></Overview>
  <ProductionCode></ProductionCode>
  <Rating></Rating>
  <RatingCount>0</RatingCount>
  <SeasonNumber>2</SeasonNumber>
  <Writer></Writer>
  <absolute_number></absolute_number>
  <filename></filename>
  <lastupdated>1163101692</lastupdated>
  <seasonid>2319</seasonid>
  <seriesid>71477</seriesid>
</Episode>
<Episode>
  <id>47048</id>
  <Combined_episodenumber>16</Combined_episodenumber>
  <Combined_season>2</Combined_season>
  <DVD_chapter></DVD_chapter>
  <DVD_discid></DVD_discid>
  <DVD_episodenumber></DVD_episodenumber>
  <DVD_season></DVD_season>
  <Director></Director>
  <EpImgFlag></EpImgFlag>
  <EpisodeName>RHINO RHAPSODY</EpisodeName>
  <EpisodeNumber>16</EpisodeNumber>
  <FirstAired>1985-09-18</FirstAired>
  <GuestStars></GuestStars>
  <IMDB_ID></IMDB_ID>
  <Language>en</Language>
  <Overview></Overview>
  <ProductionCode></ProductionCode>
  <Rating></Rating>
  <RatingCount>0</RatingCount>
  <SeasonNumber>2</SeasonNumber>
  <Writer></Writer>
  <absolute_number></absolute_number>
  <filename></filename>
  <lastupdated>1163101692</lastupdated>
  <seasonid>2319</seasonid>
  <seriesid>71477</seriesid>
</Episode>
<Episode>
  <id>47049</id>
  <Combined_episodenumber>17</Combined_episodenumber>
  <Combined_season>2</Combined_season>
  <DVD_chapter></DVD_chapter>
  <DVD_discid></DVD_discid>
  <DVD_episodenumber></DVD_episodenumber>
  <DVD_season></DVD_season>
  <Director></Director>
  <EpImgFlag></EpImgFlag>
  <EpisodeName>DONALD'S AIR FORCE BLUES</EpisodeName>
  <EpisodeNumber>17</EpisodeNumber>
  <FirstAired>1985-10-02</FirstAired>
  <GuestStars></GuestStars>
  <IMDB_ID></IMDB_ID>
  <Language>en</Language>
  <Overview></Overview>
  <ProductionCode></ProductionCode>
  <Rating></Rating>
  <RatingCount>0</RatingCount>
  <SeasonNumber>2</SeasonNumber>
  <Writer></Writer>
  <absolute_number></absolute_number>
  <filename></filename>
  <lastupdated>1163101692</lastupdated>
  <seasonid>2319</seasonid>
  <seriesid>71477</seriesid>
</Episode>
<Episode>
  <id>47050</id>
  <Combined_episodenumber>18</Combined_episodenumber>
  <Combined_season>2</Combined_season>
  <DVD_chapter></DVD_chapter>
  <DVD_discid></DVD_discid>
  <DVD_episodenumber></DVD_episodenumber>
  <DVD_season></DVD_season>
  <Director></Director>
  <EpImgFlag></EpImgFlag>
  <EpisodeName>THE STRANGER</EpisodeName>
  <EpisodeNumber>18</EpisodeNumber>
  <FirstAired>1985-10-23</FirstAired>
  <GuestStars></GuestStars>
  <IMDB_ID></IMDB_ID>
  <Language>en</Language>
  <Overview></Overview>
  <ProductionCode></ProductionCode>
  <Rating></Rating>
  <RatingCount>0</RatingCount>
  <SeasonNumber>2</SeasonNumber>
  <Writer></Writer>
  <absolute_number></absolute_number>
  <filename></filename>
  <lastupdated>1163101692</lastupdated>
  <seasonid>2319</seasonid>
  <seriesid>71477</seriesid>
</Episode>
<Episode>
  <id>47051</id>
  <Combined_episodenumber>19</Combined_episodenumber>
  <Combined_season>2</Combined_season>
  <DVD_chapter></DVD_chapter>
  <DVD_discid></DVD_discid>
  <DVD_episodenumber></DVD_episodenumber>
  <DVD_season></DVD_season>
  <Director></Director>
  <EpImgFlag></EpImgFlag>
  <EpisodeName>IT AIN'T OVER TIL IT'S OVER</EpisodeName>
  <EpisodeNumber>19</EpisodeNumber>
  <FirstAired>1985-10-09</FirstAired>
  <GuestStars></GuestStars>
  <IMDB_ID></IMDB_ID>
  <Language>en</Language>
  <Overview></Overview>
  <ProductionCode></ProductionCode>
  <Rating></Rating>
  <RatingCount>0</RatingCount>
  <SeasonNumber>2</SeasonNumber>
  <Writer></Writer>
  <absolute_number></absolute_number>
  <filename></filename>
  <lastupdated>1163101692</lastupdated>
  <seasonid>2319</seasonid>
  <seriesid>71477</seriesid>
</Episode>
<Episode>
  <id>47052</id>
  <Combined_episodenumber>20</Combined_episodenumber>
  <Combined_season>2</Combined_season>
  <DVD_chapter></DVD_chapter>
  <DVD_discid></DVD_discid>
  <DVD_episodenumber></DVD_episodenumber>
  <DVD_season></DVD_season>
  <Director></Director>
  <EpImgFlag></EpImgFlag>
  <EpisodeName>FATHER, FATHER</EpisodeName>
  <EpisodeNumber>20</EpisodeNumber>
  <FirstAired>1985-10-30</FirstAired>
  <GuestStars></GuestStars>
  <IMDB_ID></IMDB_ID>
  <Language>en</Language>
  <Overview></Overview>
  <ProductionCode></ProductionCode>
  <Rating></Rating>
  <RatingCount>0</RatingCount>
  <SeasonNumber>2</SeasonNumber>
  <Writer></Writer>
  <absolute_number></absolute_number>
  <filename></filename>
  <lastupdated>1163101692</lastupdated>
  <seasonid>2319</seasonid>
  <seriesid>71477</seriesid>
</Episode>
<Episode>
  <id>47053</id>
  <Combined_episodenumber>21</Combined_episodenumber>
  <Combined_season>2</Combined_season>
  <DVD_chapter></DVD_chapter>
  <DVD_discid></DVD_discid>
  <DVD_episodenumber></DVD_episodenumber>
  <DVD_season></DVD_season>
  <Director></Director>
  <EpImgFlag></EpImgFlag>
  <EpisodeName>A GREASEPAINT SMILE</EpisodeName>
  <EpisodeNumber>21</EpisodeNumber>
  <FirstAired>1985-11-06</FirstAired>
  <GuestStars></GuestStars>
  <IMDB_ID></IMDB_ID>
  <Language>en</Language>
  <Overview></Overview>
  <ProductionCode></ProductionCode>
  <Rating></Rating>
  <RatingCount>0</RatingCount>
  <SeasonNumber>2</SeasonNumber>
  <Writer></Writer>
  <absolute_number></absolute_number>
  <filename></filename>
  <lastupdated>1163101692</lastupdated>
  <seasonid>2319</seasonid>
  <seriesid>71477</seriesid>
</Episode>
<Episode>
  <id>47054</id>
  <Combined_episodenumber>22</Combined_episodenumber>
  <Combined_season>2</Combined_season>
  <DVD_chapter></DVD_chapter>
  <DVD_discid></DVD_discid>
  <DVD_episodenumber></DVD_episodenumber>
  <DVD_season></DVD_season>
  <Director></Director>
  <EpImgFlag></EpImgFlag>
  <EpisodeName>GOBBA, GOBBA</EpisodeName>
  <EpisodeNumber>22</EpisodeNumber>
  <FirstAired>1985-11-27</FirstAired>
  <GuestStars></GuestStars>
  <IMDB_ID></IMDB_ID>
  <Language>en</Language>
  <Overview></Overview>
  <ProductionCode></ProductionCode>
  <Rating></Rating>
  <RatingCount>0</RatingCount>
  <SeasonNumber>2</SeasonNumber>
  <Writer></Writer>
  <absolute_number></absolute_number>
  <filename></filename>
  <lastupdated>1163101692</lastupdated>
  <seasonid>2319</seasonid>
  <seriesid>71477</seriesid>
</Episode>
<Episode>
  <id>47055</id>
  <Combined_episodenumber>23</Combined_episodenumber>
  <Combined_season>2</Combined_season>
  <DVD_chapter></DVD_chapter>
  <DVD_discid></DVD_discid>
  <DVD_episodenumber></DVD_episodenumber>
  <DVD_season></DVD_season>
  <Director></Director>
  <EpImgFlag></EpImgFlag>
  <EpisodeName>GODZILLA MEETS BAMBI (aka Donald's Apartment)</EpisodeName>
  <EpisodeNumber>23</EpisodeNumber>
  <FirstAired>1985-11-13</FirstAired>
  <GuestStars></GuestStars>
  <IMDB_ID></IMDB_ID>
  <Language>en</Language>
  <Overview></Overview>
  <ProductionCode></ProductionCode>
  <Rating></Rating>
  <RatingCount>0</RatingCount>
  <SeasonNumber>2</SeasonNumber>
  <Writer></Writer>
  <absolute_number></absolute_number>
  <filename></filename>
  <lastupdated>1163101692</lastupdated>
  <seasonid>2319</seasonid>
  <seriesid>71477</seriesid>
</Episode>
<Episode>
  <id>47056</id>
  <Combined_episodenumber>24</Combined_episodenumber>
  <Combined_season>2</Combined_season>
  <DVD_chapter></DVD_chapter>
  <DVD_discid></DVD_discid>
  <DVD_episodenumber></DVD_episodenumber>
  <DVD_season></DVD_season>
  <Director></Director>
  <EpImgFlag></EpImgFlag>
  <EpisodeName>A CARNATION BY ANY OTHER NAME</EpisodeName>
  <EpisodeNumber>24</EpisodeNumber>
  <FirstAired>1985-12-04</FirstAired>
  <GuestStars></GuestStars>
  <IMDB_ID></IMDB_ID>
  <Language>en</Language>
  <Overview></Overview>
  <ProductionCode></ProductionCode>
  <Rating></Rating>
  <RatingCount>0</RatingCount>
  <SeasonNumber>2</SeasonNumber>
  <Writer></Writer>
  <absolute_number></absolute_number>
  <filename></filename>
  <lastupdated>1163101692</lastupdated>
  <seasonid>2319</seasonid>
  <seriesid>71477</seriesid>
</Episode>
<Episode>
  <id>47057</id>
  <Combined_episodenumber>25</Combined_episodenumber>
  <Combined_season>2</Combined_season>
  <DVD_chapter></DVD_chapter>
  <DVD_discid></DVD_discid>
  <DVD_episodenumber></DVD_episodenumber>
  <DVD_season></DVD_season>
  <Director></Director>
  <EpImgFlag></EpImgFlag>
  <EpisodeName>THE SHOOP SHOOP SHOP (aka Isle Of Lesbos)</EpisodeName>
  <EpisodeNumber>25</EpisodeNumber>
  <FirstAired>1985-12-11</FirstAired>
  <GuestStars></GuestStars>
  <IMDB_ID></IMDB_ID>
  <Language>en</Language>
  <Overview></Overview>
  <ProductionCode></ProductionCode>
  <Rating></Rating>
  <RatingCount>0</RatingCount>
  <SeasonNumber>2</SeasonNumber>
  <Writer></Writer>
  <absolute_number></absolute_number>
  <filename></filename>
  <lastupdated>1163101692</lastupdated>
  <seasonid>2319</seasonid>
  <seriesid>71477</seriesid>
</Episode>
<Episode>
  <id>47058</id>
  <Combined_episodenumber>1</Combined_episodenumber>
  <Combined_season>3</Combined_season>
  <DVD_chapter></DVD_chapter>
  <DVD_discid></DVD_discid>
  <DVD_episodenumber></DVD_episodenumber>
  <DVD_season></DVD_season>
  <Director></Director>
  <EpImgFlag></EpImgFlag>
  <EpisodeName>HAIRBALL BLUES</EpisodeName>
  <EpisodeNumber>1</EpisodeNumber>
  <FirstAired>1986-04-23</FirstAired>
  <GuestStars></GuestStars>
  <IMDB_ID></IMDB_ID>
  <Language>en</Language>
  <Overview></Overview>
  <ProductionCode></ProductionCode>
  <Rating></Rating>
  <RatingCount>0</RatingCount>
  <SeasonNumber>3</SeasonNumber>
  <Writer></Writer>
  <absolute_number></absolute_number>
  <filename></filename>
  <lastupdated>1163101692</lastupdated>
  <seasonid>2320</seasonid>
  <seriesid>71477</seriesid>
</Episode>
<Episode>
  <id>47059</id>
  <Combined_episodenumber>2</Combined_episodenumber>
  <Combined_season>3</Combined_season>
  <DVD_chapter></DVD_chapter>
  <DVD_discid></DVD_discid>
  <DVD_episodenumber></DVD_episodenumber>
  <DVD_season></DVD_season>
  <Director></Director>
  <EpImgFlag></EpImgFlag>
  <EpisodeName>TAKE ME OUT OF THE BALLGAME (aka Dreams Of Summer)</EpisodeName>
  <EpisodeNumber>2</EpisodeNumber>
  <FirstAired>1986-04-30</FirstAired>
  <GuestStars></GuestStars>
  <IMDB_ID></IMDB_ID>
  <Language>en</Language>
  <Overview></Overview>
  <ProductionCode></ProductionCode>
  <Rating></Rating>
  <RatingCount>0</RatingCount>
  <SeasonNumber>3</SeasonNumber>
  <Writer></Writer>
  <absolute_number></absolute_number>
  <filename></filename>
  <lastupdated>1163101692</lastupdated>
  <seasonid>2320</seasonid>
  <seriesid>71477</seriesid>
</Episode>
<Episode>
  <id>47060</id>
  <Combined_episodenumber>3</Combined_episodenumber>
  <Combined_season>3</Combined_season>
  <DVD_chapter></DVD_chapter>
  <DVD_discid></DVD_discid>
  <DVD_episodenumber></DVD_episodenumber>
  <DVD_season></DVD_season>
  <Director></Director>
  <EpImgFlag></EpImgFlag>
  <EpisodeName>THE SEDUCTION OF LOU</EpisodeName>
  <EpisodeNumber>3</EpisodeNumber>
  <FirstAired>1986-05-07</FirstAired>
  <GuestStars></GuestStars>
  <IMDB_ID></IMDB_ID>
  <Language>en</Language>
  <Overview></Overview>
  <ProductionCode></ProductionCode>
  <Rating></Rating>
  <RatingCount>0</RatingCount>
  <SeasonNumber>3</SeasonNumber>
  <Writer></Writer>
  <absolute_number></absolute_number>
  <filename></filename>
  <lastupdated>1163101692</lastupdated>
  <seasonid>2320</seasonid>
  <seriesid>71477</seriesid>
</Episode>
<Episode>
  <id>47061</id>
  <Combined_episodenumber>4</Combined_episodenumber>
  <Combined_season>3</Combined_season>
  <DVD_chapter></DVD_chapter>
  <DVD_discid></DVD_discid>
  <DVD_episodenumber></DVD_episodenumber>
  <DVD_season></DVD_season>
  <Director></Director>
  <EpImgFlag></EpImgFlag>
  <EpisodeName>A PENNY A DANCE</EpisodeName>
  <EpisodeNumber>4</EpisodeNumber>
  <FirstAired>1986-05-14</FirstAired>
  <GuestStars></GuestStars>
  <IMDB_ID></IMDB_ID>
  <Language>en</Language>
  <Overview></Overview>
  <ProductionCode></ProductionCode>
  <Rating></Rating>
  <RatingCount>0</RatingCount>
  <SeasonNumber>3</SeasonNumber>
  <Writer></Writer>
  <absolute_number></absolute_number>
  <filename></filename>
  <lastupdated>1163101692</lastupdated>
  <seasonid>2320</seasonid>
  <seriesid>71477</seriesid>
</Episode>
<Episode>
  <id>47062</id>
  <Combined_episodenumber>5</Combined_episodenumber>
  <Combined_season>3</Combined_season>
  <DVD_chapter></DVD_chapter>
  <DVD_discid></DVD_discid>
  <DVD_episodenumber></DVD_episodenumber>
  <DVD_season></DVD_season>
  <Director></Director>
  <EpImgFlag></EpImgFlag>
  <EpisodeName>DONALD'S HALF SISTER</EpisodeName>
  <EpisodeNumber>5</EpisodeNumber>
  <FirstAired>1986-05-28</FirstAired>
  <GuestStars></GuestStars>
  <IMDB_ID></IMDB_ID>
  <Language>en</Language>
  <Overview></Overview>
  <ProductionCode></ProductionCode>
  <Rating></Rating>
  <RatingCount>0</RatingCount>
  <SeasonNumber>3</SeasonNumber>
  <Writer></Writer>
  <absolute_number></absolute_number>
  <filename></filename>
  <lastupdated>1163101692</lastupdated>
  <seasonid>2320</seasonid>
  <seriesid>71477</seriesid>
</Episode>
<Episode>
  <id>47063</id>
  <Combined_episodenumber>6</Combined_episodenumber>
  <Combined_season>3</Combined_season>
  <DVD_chapter></DVD_chapter>
  <DVD_discid></DVD_discid>
  <DVD_episodenumber></DVD_episodenumber>
  <DVD_season></DVD_season>
  <Director></Director>
  <EpImgFlag></EpImgFlag>
  <EpisodeName>WAKE ME UP BEFORE YOU GO GO</EpisodeName>
  <EpisodeNumber>6</EpisodeNumber>
  <FirstAired>1986-06-04</FirstAired>
  <GuestStars></GuestStars>
  <IMDB_ID></IMDB_ID>
  <Language>en</Language>
  <Overview></Overview>
  <ProductionCode></ProductionCode>
  <Rating></Rating>
  <RatingCount>0</RatingCount>
  <SeasonNumber>3</SeasonNumber>
  <Writer></Writer>
  <absolute_number></absolute_number>
  <filename></filename>
  <lastupdated>1163101692</lastupdated>
  <seasonid>2320</seasonid>
  <seriesid>71477</seriesid>
</Episode>
<Episode>
  <id>47064</id>
  <Combined_episodenumber>7</Combined_episodenumber>
  <Combined_season>3</Combined_season>
  <DVD_chapter></DVD_chapter>
  <DVD_discid></DVD_discid>
  <DVD_episodenumber></DVD_episodenumber>
  <DVD_season></DVD_season>
  <Director></Director>
  <EpImgFlag></EpImgFlag>
  <EpisodeName>BLIND LOVE</EpisodeName>
  <EpisodeNumber>7</EpisodeNumber>
  <FirstAired>1986-06-11</FirstAired>
  <GuestStars></GuestStars>
  <IMDB_ID></IMDB_ID>
  <Language>en</Language>
  <Overview></Overview>
  <ProductionCode></ProductionCode>
  <Rating></Rating>
  <RatingCount>0</RatingCount>
  <SeasonNumber>3</SeasonNumber>
  <Writer></Writer>
  <absolute_number></absolute_number>
  <filename></filename>
  <lastupdated>1163101692</lastupdated>
  <seasonid>2320</seasonid>
  <seriesid>71477</seriesid>
</Episode>
<Episode>
  <id>47065</id>
  <Combined_episodenumber>8</Combined_episodenumber>
  <Combined_season>3</Combined_season>
  <DVD_chapter></DVD_chapter>
  <DVD_discid></DVD_discid>
  <DVD_episodenumber></DVD_episodenumber>
  <DVD_season></DVD_season>
  <Director></Director>
  <EpImgFlag></EpImgFlag>
  <EpisodeName>THE SONG REMAINS THE SAME</EpisodeName>
  <EpisodeNumber>8</EpisodeNumber>
  <FirstAired>1986-06-18</FirstAired>
  <GuestStars></GuestStars>
  <IMDB_ID></IMDB_ID>
  <Language>en</Language>
  <Overview></Overview>
  <ProductionCode></ProductionCode>
  <Rating></Rating>
  <RatingCount>0</RatingCount>
  <SeasonNumber>3</SeasonNumber>
  <Writer></Writer>
  <absolute_number></absolute_number>
  <filename></filename>
  <lastupdated>1163101692</lastupdated>
  <seasonid>2320</seasonid>
  <seriesid>71477</seriesid>
</Episode>
<Episode>
  <id>47066</id>
  <Combined_episodenumber>9</Combined_episodenumber>
  <Combined_season>3</Combined_season>
  <DVD_chapter></DVD_chapter>
  <DVD_discid></DVD_discid>
  <DVD_episodenumber></DVD_episodenumber>
  <DVD_season></DVD_season>
  <Director></Director>
  <EpImgFlag></EpImgFlag>
  <EpisodeName>BROTHERS THREE</EpisodeName>
  <EpisodeNumber>9</EpisodeNumber>
  <FirstAired>1986-06-25</FirstAired>
  <GuestStars></GuestStars>
  <IMDB_ID></IMDB_ID>
  <Language>en</Language>
  <Overview></Overview>
  <ProductionCode></ProductionCode>
  <Rating></Rating>
  <RatingCount>0</RatingCount>
  <SeasonNumber>3</SeasonNumber>
  <Writer></Writer>
  <absolute_number></absolute_number>
  <filename></filename>
  <lastupdated>1163101692</lastupdated>
  <seasonid>2320</seasonid>
  <seriesid>71477</seriesid>
</Episode>
<Episode>
  <id>47067</id>
  <Combined_episodenumber>10</Combined_episodenumber>
  <Combined_season>3</Combined_season>
  <DVD_chapter></DVD_chapter>
  <DVD_discid></DVD_discid>
  <DVD_episodenumber></DVD_episodenumber>
  <DVD_season></DVD_season>
  <Director></Director>
  <EpImgFlag></EpImgFlag>
  <EpisodeName>THE PLAYS THE THING</EpisodeName>
  <EpisodeNumber>10</EpisodeNumber>
  <FirstAired>1986-07-09</FirstAired>
  <GuestStars></GuestStars>
  <IMDB_ID></IMDB_ID>
  <Language>en</Language>
  <Overview></Overview>
  <ProductionCode></ProductionCode>
  <Rating></Rating>
  <RatingCount>0</RatingCount>
  <SeasonNumber>3</SeasonNumber>
  <Writer></Writer>
  <absolute_number></absolute_number>
  <filename></filename>
  <lastupdated>1163101692</lastupdated>
  <seasonid>2320</seasonid>
  <seriesid>71477</seriesid>
</Episode>
<Episode>
  <id>47068</id>
  <Combined_episodenumber>11</Combined_episodenumber>
  <Combined_season>3</Combined_season>
  <DVD_chapter></DVD_chapter>
  <DVD_discid></DVD_discid>
  <DVD_episodenumber></DVD_episodenumber>
  <DVD_season></DVD_season>
  <Director></Director>
  <EpImgFlag></EpImgFlag>
  <EpisodeName>HARRY AND THE OGRE OF OCK</EpisodeName>
  <EpisodeNumber>11</EpisodeNumber>
  <FirstAired>1986-07-15</FirstAired>
  <GuestStars></GuestStars>
  <IMDB_ID></IMDB_ID>
  <Language>en</Language>
  <Overview></Overview>
  <ProductionCode></ProductionCode>
  <Rating></Rating>
  <RatingCount>0</RatingCount>
  <SeasonNumber>3</SeasonNumber>
  <Writer></Writer>
  <absolute_number></absolute_number>
  <filename></filename>
  <lastupdated>1163101692</lastupdated>
  <seasonid>2320</seasonid>
  <seriesid>71477</seriesid>
</Episode>
<Episode>
  <id>47069</id>
  <Combined_episodenumber>12</Combined_episodenumber>
  <Combined_season>3</Combined_season>
  <DVD_chapter></DVD_chapter>
  <DVD_discid></DVD_discid>
  <DVD_episodenumber></DVD_episodenumber>
  <DVD_season></DVD_season>
  <Director></Director>
  <EpImgFlag></EpImgFlag>
  <EpisodeName>MOTHER'S DAY</EpisodeName>
  <EpisodeNumber>12</EpisodeNumber>
  <FirstAired>1986-07-30</FirstAired>
  <GuestStars></GuestStars>
  <IMDB_ID></IMDB_ID>
  <Language>en</Language>
  <Overview></Overview>
  <ProductionCode></ProductionCode>
  <Rating></Rating>
  <RatingCount>0</RatingCount>
  <SeasonNumber>3</SeasonNumber>
  <Writer></Writer>
  <absolute_number></absolute_number>
  <filename></filename>
  <lastupdated>1163101692</lastupdated>
  <seasonid>2320</seasonid>
  <seriesid>71477</seriesid>
</Episode>
<Episode>
  <id>47070</id>
  <Combined_episodenumber>13</Combined_episodenumber>
  <Combined_season>3</Combined_season>
  <DVD_chapter></DVD_chapter>
  <DVD_discid></DVD_discid>
  <DVD_episodenumber></DVD_episodenumber>
  <DVD_season></DVD_season>
  <Director></Director>
  <EpImgFlag></EpImgFlag>
  <EpisodeName>TWO-TIMIN' MAN</EpisodeName>
  <EpisodeNumber>13</EpisodeNumber>
  <FirstAired>1986-08-06</FirstAired>
  <GuestStars></GuestStars>
  <IMDB_ID></IMDB_ID>
  <Language>en</Language>
  <Overview></Overview>
  <ProductionCode></ProductionCode>
  <Rating></Rating>
  <RatingCount>0</RatingCount>
  <SeasonNumber>3</SeasonNumber>
  <Writer></Writer>
  <absolute_number></absolute_number>
  <filename></filename>
  <lastupdated>1163101692</lastupdated>
  <seasonid>2320</seasonid>
  <seriesid>71477</seriesid>
</Episode>
<Episode>
  <id>47071</id>
  <Combined_episodenumber>14</Combined_episodenumber>
  <Combined_season>3</Combined_season>
  <DVD_chapter></DVD_chapter>
  <DVD_discid></DVD_discid>
  <DVD_episodenumber></DVD_episodenumber>
  <DVD_season></DVD_season>
  <Director></Director>
  <EpImgFlag></EpImgFlag>
  <EpisodeName>IF I ONLY HAD A WATCHAMACALLIT</EpisodeName>
  <EpisodeNumber>14</EpisodeNumber>
  <FirstAired>1986-08-20</FirstAired>
  <GuestStars></GuestStars>
  <IMDB_ID></IMDB_ID>
  <Language>en</Language>
  <Overview></Overview>
  <ProductionCode></ProductionCode>
  <Rating></Rating>
  <RatingCount>0</RatingCount>
  <SeasonNumber>3</SeasonNumber>
  <Writer></Writer>
  <absolute_number></absolute_number>
  <filename></filename>
  <lastupdated>1163101692</lastupdated>
  <seasonid>2320</seasonid>
  <seriesid>71477</seriesid>
</Episode>
<Episode>
  <id>47072</id>
  <Combined_episodenumber>15</Combined_episodenumber>
  <Combined_season>3</Combined_season>
  <DVD_chapter></DVD_chapter>
  <DVD_discid></DVD_discid>
  <DVD_episodenumber></DVD_episodenumber>
  <DVD_season></DVD_season>
  <Director></Director>
  <EpImgFlag></EpImgFlag>
  <EpisodeName>GOODBYE, CLIFFIE</EpisodeName>
  <EpisodeNumber>15</EpisodeNumber>
  <FirstAired>1986-09-03</FirstAired>
  <GuestStars></GuestStars>
  <IMDB_ID></IMDB_ID>
  <Language>en</Language>
  <Overview></Overview>
  <ProductionCode></ProductionCode>
  <Rating></Rating>
  <RatingCount>0</RatingCount>
  <SeasonNumber>3</SeasonNumber>
  <Writer></Writer>
  <absolute_number></absolute_number>
  <filename></filename>
  <lastupdated>1163101692</lastupdated>
  <seasonid>2320</seasonid>
  <seriesid>71477</seriesid>
</Episode>
<Episode>
  <id>47073</id>
  <Combined_episodenumber>16</Combined_episodenumber>
  <Combined_season>3</Combined_season>
  <DVD_chapter></DVD_chapter>
  <DVD_discid></DVD_discid>
  <DVD_episodenumber></DVD_episodenumber>
  <DVD_season></DVD_season>
  <Director></Director>
  <EpImgFlag></EpImgFlag>
  <EpisodeName>JOE LEAVES THIS OLD WORLD BEHIND</EpisodeName>
  <EpisodeNumber>16</EpisodeNumber>
  <FirstAired>1986-09-10</FirstAired>
  <GuestStars></GuestStars>
  <IMDB_ID></IMDB_ID>
  <Language>en</Language>
  <Overview></Overview>
  <ProductionCode></ProductionCode>
  <Rating></Rating>
  <RatingCount>0</RatingCount>
  <SeasonNumber>3</SeasonNumber>
  <Writer></Writer>
  <absolute_number></absolute_number>
  <filename></filename>
  <lastupdated>1163101692</lastupdated>
  <seasonid>2320</seasonid>
  <seriesid>71477</seriesid>
</Episode>
<Episode>
  <id>47074</id>
  <Combined_episodenumber>17</Combined_episodenumber>
  <Combined_season>3</Combined_season>
  <DVD_chapter></DVD_chapter>
  <DVD_discid></DVD_discid>
  <DVD_episodenumber></DVD_episodenumber>
  <DVD_season></DVD_season>
  <Director></Director>
  <EpImgFlag></EpImgFlag>
  <EpisodeName>WHOSE GOLDEN YEARS IS IT, ANYWAY? (PART 1)</EpisodeName>
  <EpisodeNumber>17</EpisodeNumber>
  <FirstAired>1986-09-17</FirstAired>
  <GuestStars></GuestStars>
  <IMDB_ID></IMDB_ID>
  <Language>en</Language>
  <Overview></Overview>
  <ProductionCode></ProductionCode>
  <Rating></Rating>
  <RatingCount>0</RatingCount>
  <SeasonNumber>3</SeasonNumber>
  <Writer></Writer>
  <absolute_number></absolute_number>
  <filename></filename>
  <lastupdated>1163101692</lastupdated>
  <seasonid>2320</seasonid>
  <seriesid>71477</seriesid>
</Episode>
<Episode>
  <id>47075</id>
  <Combined_episodenumber>18</Combined_episodenumber>
  <Combined_season>3</Combined_season>
  <DVD_chapter></DVD_chapter>
  <DVD_discid></DVD_discid>
  <DVD_episodenumber></DVD_episodenumber>
  <DVD_season></DVD_season>
  <Director></Director>
  <EpImgFlag></EpImgFlag>
  <EpisodeName>WHOSE GOLDEN YEARS IS IT, ANYWAY? (PART 2)</EpisodeName>
  <EpisodeNumber>18</EpisodeNumber>
  <FirstAired>1986-09-01</FirstAired>
  <GuestStars></GuestStars>
  <IMDB_ID></IMDB_ID>
  <Language>en</Language>
  <Overview></Overview>
  <ProductionCode>air date</ProductionCode>
  <Rating></Rating>
  <RatingCount>0</RatingCount>
  <SeasonNumber>3</SeasonNumber>
  <Writer></Writer>
  <absolute_number></absolute_number>
  <filename></filename>
  <lastupdated>1163101692</lastupdated>
  <seasonid>2320</seasonid>
  <seriesid>71477</seriesid>
</Episode>
<Episode>
  <id>47076</id>
  <Combined_episodenumber>19</Combined_episodenumber>
  <Combined_season>3</Combined_season>
  <DVD_chapter></DVD_chapter>
  <DVD_discid></DVD_discid>
  <DVD_episodenumber></DVD_episodenumber>
  <DVD_season></DVD_season>
  <Director></Director>
  <EpImgFlag></EpImgFlag>
  <EpisodeName>THE BOXER</EpisodeName>
  <EpisodeNumber>19</EpisodeNumber>
  <FirstAired>1986-10-15</FirstAired>
  <GuestStars></GuestStars>
  <IMDB_ID></IMDB_ID>
  <Language>en</Language>
  <Overview></Overview>
  <ProductionCode></ProductionCode>
  <Rating></Rating>
  <RatingCount>0</RatingCount>
  <SeasonNumber>3</SeasonNumber>
  <Writer></Writer>
  <absolute_number></absolute_number>
  <filename></filename>
  <lastupdated>1163101692</lastupdated>
  <seasonid>2320</seasonid>
  <seriesid>71477</seriesid>
</Episode>
<Episode>
  <id>47077</id>
  <Combined_episodenumber>20</Combined_episodenumber>
  <Combined_season>3</Combined_season>
  <DVD_chapter></DVD_chapter>
  <DVD_discid></DVD_discid>
  <DVD_episodenumber></DVD_episodenumber>
  <DVD_season></DVD_season>
  <Director></Director>
  <EpImgFlag></EpImgFlag>
  <EpisodeName>LAY THE POINTS</EpisodeName>
  <EpisodeNumber>20</EpisodeNumber>
  <FirstAired>1986-10-08</FirstAired>
  <GuestStars></GuestStars>
  <IMDB_ID></IMDB_ID>
  <Language>en</Language>
  <Overview></Overview>
  <ProductionCode></ProductionCode>
  <Rating></Rating>
  <RatingCount>0</RatingCount>
  <SeasonNumber>3</SeasonNumber>
  <Writer></Writer>
  <absolute_number></absolute_number>
  <filename></filename>
  <lastupdated>1163101692</lastupdated>
  <seasonid>2320</seasonid>
  <seriesid>71477</seriesid>
</Episode>
<Episode>
  <id>47078</id>
  <Combined_episodenumber>21</Combined_episodenumber>
  <Combined_season>3</Combined_season>
  <DVD_chapter></DVD_chapter>
  <DVD_discid></DVD_discid>
  <DVD_episodenumber></DVD_episodenumber>
  <DVD_season></DVD_season>
  <Director></Director>
  <EpImgFlag></EpImgFlag>
  <EpisodeName>THE GANG WHO COULD SHOOT STRAIGHT</EpisodeName>
  <EpisodeNumber>21</EpisodeNumber>
  <FirstAired>1986-10-29</FirstAired>
  <GuestStars></GuestStars>
  <IMDB_ID></IMDB_ID>
  <Language>en</Language>
  <Overview></Overview>
  <ProductionCode></ProductionCode>
  <Rating></Rating>
  <RatingCount>0</RatingCount>
  <SeasonNumber>3</SeasonNumber>
  <Writer></Writer>
  <absolute_number></absolute_number>
  <filename></filename>
  <lastupdated>1163101692</lastupdated>
  <seasonid>2320</seasonid>
  <seriesid>71477</seriesid>
</Episode>
<Episode>
  <id>47079</id>
  <Combined_episodenumber>22</Combined_episodenumber>
  <Combined_season>3</Combined_season>
  <DVD_chapter></DVD_chapter>
  <DVD_discid></DVD_discid>
  <DVD_episodenumber></DVD_episodenumber>
  <DVD_season></DVD_season>
  <Director></Director>
  <EpImgFlag></EpImgFlag>
  <EpisodeName>A PENNY FOR YOUR DREAMS</EpisodeName>
  <EpisodeNumber>22</EpisodeNumber>
  <FirstAired>1986-11-05</FirstAired>
  <GuestStars></GuestStars>
  <IMDB_ID></IMDB_ID>
  <Language>en</Language>
  <Overview></Overview>
  <ProductionCode></ProductionCode>
  <Rating></Rating>
  <RatingCount>0</RatingCount>
  <SeasonNumber>3</SeasonNumber>
  <Writer></Writer>
  <absolute_number></absolute_number>
  <filename></filename>
  <lastupdated>1163101692</lastupdated>
  <seasonid>2320</seasonid>
  <seriesid>71477</seriesid>
</Episode>
<Episode>
  <id>47080</id>
  <Combined_episodenumber>23</Combined_episodenumber>
  <Combined_season>3</Combined_season>
  <DVD_chapter></DVD_chapter>
  <DVD_discid></DVD_discid>
  <DVD_episodenumber></DVD_episodenumber>
  <DVD_season></DVD_season>
  <Director></Director>
  <EpImgFlag></EpImgFlag>
  <EpisodeName>ICEMAN</EpisodeName>
  <EpisodeNumber>23</EpisodeNumber>
  <FirstAired>1986-11-12</FirstAired>
  <GuestStars></GuestStars>
  <IMDB_ID></IMDB_ID>
  <Language>en</Language>
  <Overview></Overview>
  <ProductionCode></ProductionCode>
  <Rating></Rating>
  <RatingCount>0</RatingCount>
  <SeasonNumber>3</SeasonNumber>
  <Writer></Writer>
  <absolute_number></absolute_number>
  <filename></filename>
  <lastupdated>1163101692</lastupdated>
  <seasonid>2320</seasonid>
  <seriesid>71477</seriesid>
</Episode>
<Episode>
  <id>47081</id>
  <Combined_episodenumber>24</Combined_episodenumber>
  <Combined_season>3</Combined_season>
  <DVD_chapter></DVD_chapter>
  <DVD_discid></DVD_discid>
  <DVD_episodenumber></DVD_episodenumber>
  <DVD_season></DVD_season>
  <Director></Director>
  <EpImgFlag></EpImgFlag>
  <EpisodeName>STILL MARRIED AFTER ALL THESE YEARS</EpisodeName>
  <EpisodeNumber>24</EpisodeNumber>
  <FirstAired>1986-11-19</FirstAired>
  <GuestStars></GuestStars>
  <IMDB_ID></IMDB_ID>
  <Language>en</Language>
  <Overview></Overview>
  <ProductionCode></ProductionCode>
  <Rating></Rating>
  <RatingCount>0</RatingCount>
  <SeasonNumber>3</SeasonNumber>
  <Writer></Writer>
  <absolute_number></absolute_number>
  <filename></filename>
  <lastupdated>1163101692</lastupdated>
  <seasonid>2320</seasonid>
  <seriesid>71477</seriesid>
</Episode>
<Episode>
  <id>47082</id>
  <Combined_episodenumber>25</Combined_episodenumber>
  <Combined_season>3</Combined_season>
  <DVD_chapter></DVD_chapter>
  <DVD_discid></DVD_discid>
  <DVD_episodenumber></DVD_episodenumber>
  <DVD_season></DVD_season>
  <Director></Director>
  <EpImgFlag></EpImgFlag>
  <EpisodeName>MI CASA ES SEWER CASA</EpisodeName>
  <EpisodeNumber>25</EpisodeNumber>
  <FirstAired>1986-12-03</FirstAired>
  <GuestStars></GuestStars>
  <IMDB_ID></IMDB_ID>
  <Language>en</Language>
  <Overview></Overview>
  <ProductionCode></ProductionCode>
  <Rating></Rating>
  <RatingCount>0</RatingCount>
  <SeasonNumber>3</SeasonNumber>
  <Writer></Writer>
  <absolute_number></absolute_number>
  <filename></filename>
  <lastupdated>1163101692</lastupdated>
  <seasonid>2320</seasonid>
  <seriesid>71477</seriesid>
</Episode>
<Episode>
  <id>47083</id>
  <Combined_episodenumber>1</Combined_episodenumber>
  <Combined_season>4</Combined_season>
  <DVD_chapter></DVD_chapter>
  <DVD_discid></DVD_discid>
  <DVD_episodenumber></DVD_episodenumber>
  <DVD_season></DVD_season>
  <Director></Director>
  <EpImgFlag></EpImgFlag>
  <EpisodeName>WEDDING BELL BLUES</EpisodeName>
  <EpisodeNumber>1</EpisodeNumber>
  <FirstAired>1987-05-08</FirstAired>
  <GuestStars></GuestStars>
  <IMDB_ID></IMDB_ID>
  <Language>en</Language>
  <Overview></Overview>
  <ProductionCode></ProductionCode>
  <Rating></Rating>
  <RatingCount>0</RatingCount>
  <SeasonNumber>4</SeasonNumber>
  <Writer></Writer>
  <absolute_number></absolute_number>
  <filename></filename>
  <lastupdated>1163101692</lastupdated>
  <seasonid>2321</seasonid>
  <seriesid>71477</seriesid>
</Episode>
<Episode>
  <id>47084</id>
  <Combined_episodenumber>2</Combined_episodenumber>
  <Combined_season>4</Combined_season>
  <DVD_chapter></DVD_chapter>
  <DVD_discid></DVD_discid>
  <DVD_episodenumber></DVD_episodenumber>
  <DVD_season></DVD_season>
  <Director></Director>
  <EpImgFlag></EpImgFlag>
  <EpisodeName>WHAT?</EpisodeName>
  <EpisodeNumber>2</EpisodeNumber>
  <FirstAired>1987-05-15</FirstAired>
  <GuestStars></GuestStars>
  <IMDB_ID></IMDB_ID>
  <Language>en</Language>
  <Overview></Overview>
  <ProductionCode></ProductionCode>
  <Rating></Rating>
  <RatingCount>0</RatingCount>
  <SeasonNumber>4</SeasonNumber>
  <Writer></Writer>
  <absolute_number></absolute_number>
  <filename></filename>
  <lastupdated>1163101692</lastupdated>
  <seasonid>2321</seasonid>
  <seriesid>71477</seriesid>
</Episode>
<Episode>
  <id>47085</id>
  <Combined_episodenumber>3</Combined_episodenumber>
  <Combined_season>4</Combined_season>
  <DVD_chapter></DVD_chapter>
  <DVD_discid></DVD_discid>
  <DVD_episodenumber></DVD_episodenumber>
  <DVD_season></DVD_season>
  <Director></Director>
  <EpImgFlag></EpImgFlag>
  <EpisodeName>CHEZ CLIFF</EpisodeName>
  <EpisodeNumber>3</EpisodeNumber>
  <FirstAired>1987-05-29</FirstAired>
  <GuestStars></GuestStars>
  <IMDB_ID></IMDB_ID>
  <Language>en</Language>
  <Overview></Overview>
  <ProductionCode></ProductionCode>
  <Rating></Rating>
  <RatingCount>0</RatingCount>
  <SeasonNumber>4</SeasonNumber>
  <Writer></Writer>
  <absolute_number></absolute_number>
  <filename></filename>
  <lastupdated>1163101692</lastupdated>
  <seasonid>2321</seasonid>
  <seriesid>71477</seriesid>
</Episode>
<Episode>
  <id>47086</id>
  <Combined_episodenumber>4</Combined_episodenumber>
  <Combined_season>4</Combined_season>
  <DVD_chapter></DVD_chapter>
  <DVD_discid></DVD_discid>
  <DVD_episodenumber></DVD_episodenumber>
  <DVD_season></DVD_season>
  <Director></Director>
  <EpImgFlag></EpImgFlag>
  <EpisodeName>LOVE AND LEARN</EpisodeName>
  <EpisodeNumber>4</EpisodeNumber>
  <FirstAired>1987-06-05</FirstAired>
  <GuestStars></GuestStars>
  <IMDB_ID></IMDB_ID>
  <Language>en</Language>
  <Overview></Overview>
  <ProductionCode></ProductionCode>
  <Rating></Rating>
  <RatingCount>0</RatingCount>
  <SeasonNumber>4</SeasonNumber>
  <Writer></Writer>
  <absolute_number></absolute_number>
  <filename></filename>
  <lastupdated>1163101692</lastupdated>
  <seasonid>2321</seasonid>
  <seriesid>71477</seriesid>
</Episode>
<Episode>
  <id>47087</id>
  <Combined_episodenumber>5</Combined_episodenumber>
  <Combined_season>4</Combined_season>
  <DVD_chapter></DVD_chapter>
  <DVD_discid></DVD_discid>
  <DVD_episodenumber></DVD_episodenumber>
  <DVD_season></DVD_season>
  <Director></Director>
  <EpImgFlag></EpImgFlag>
  <EpisodeName>LEAVE IT TO CLEAVAGE</EpisodeName>
  <EpisodeNumber>5</EpisodeNumber>
  <FirstAired>1987-06-12</FirstAired>
  <GuestStars></GuestStars>
  <IMDB_ID></IMDB_ID>
  <Language>en</Language>
  <Overview></Overview>
  <ProductionCode></ProductionCode>
  <Rating></Rating>
  <RatingCount>0</RatingCount>
  <SeasonNumber>4</SeasonNumber>
  <Writer></Writer>
  <absolute_number></absolute_number>
  <filename></filename>
  <lastupdated>1163101692</lastupdated>
  <seasonid>2321</seasonid>
  <seriesid>71477</seriesid>
</Episode>
<Episode>
  <id>47088</id>
  <Combined_episodenumber>6</Combined_episodenumber>
  <Combined_season>4</Combined_season>
  <DVD_chapter></DVD_chapter>
  <DVD_discid></DVD_discid>
  <DVD_episodenumber></DVD_episodenumber>
  <DVD_season></DVD_season>
  <Director></Director>
  <EpImgFlag></EpImgFlag>
  <EpisodeName>FEAR OF HEIGHTS</EpisodeName>
  <EpisodeNumber>6</EpisodeNumber>
  <FirstAired>1987-06-19</FirstAired>
  <GuestStars></GuestStars>
  <IMDB_ID></IMDB_ID>
  <Language>en</Language>
  <Overview></Overview>
  <ProductionCode></ProductionCode>
  <Rating></Rating>
  <RatingCount>0</RatingCount>
  <SeasonNumber>4</SeasonNumber>
  <Writer></Writer>
  <absolute_number></absolute_number>
  <filename></filename>
  <lastupdated>1163101692</lastupdated>
  <seasonid>2321</seasonid>
  <seriesid>71477</seriesid>
</Episode>
<Episode>
  <id>47089</id>
  <Combined_episodenumber>7</Combined_episodenumber>
  <Combined_season>4</Combined_season>
  <DVD_chapter></DVD_chapter>
  <DVD_discid></DVD_discid>
  <DVD_episodenumber></DVD_episodenumber>
  <DVD_season></DVD_season>
  <Director></Director>
  <EpImgFlag></EpImgFlag>
  <EpisodeName>CLIFF'S MAGIC RECIPE</EpisodeName>
  <EpisodeNumber>7</EpisodeNumber>
  <FirstAired>1987-06-26</FirstAired>
  <GuestStars></GuestStars>
  <IMDB_ID></IMDB_ID>
  <Language>en</Language>
  <Overview></Overview>
  <ProductionCode></ProductionCode>
  <Rating></Rating>
  <RatingCount>0</RatingCount>
  <SeasonNumber>4</SeasonNumber>
  <Writer></Writer>
  <absolute_number></absolute_number>
  <filename></filename>
  <lastupdated>1163101692</lastupdated>
  <seasonid>2321</seasonid>
  <seriesid>71477</seriesid>
</Episode>
<Episode>
  <id>47090</id>
  <Combined_episodenumber>8</Combined_episodenumber>
  <Combined_season>4</Combined_season>
  <DVD_chapter></DVD_chapter>
  <DVD_discid></DVD_discid>
  <DVD_episodenumber></DVD_episodenumber>
  <DVD_season></DVD_season>
  <Director></Director>
  <EpImgFlag></EpImgFlag>
  <EpisodeName>OLD MAN WATERS</EpisodeName>
  <EpisodeNumber>8</EpisodeNumber>
  <FirstAired>1987-07-17</FirstAired>
  <GuestStars></GuestStars>
  <IMDB_ID></IMDB_ID>
  <Language>en</Language>
  <Overview></Overview>
  <ProductionCode></ProductionCode>
  <Rating></Rating>
  <RatingCount>0</RatingCount>
  <SeasonNumber>4</SeasonNumber>
  <Writer></Writer>
  <absolute_number></absolute_number>
  <filename></filename>
  <lastupdated>1163101692</lastupdated>
  <seasonid>2321</seasonid>
  <seriesid>71477</seriesid>
</Episode>
<Episode>
  <id>47091</id>
  <Combined_episodenumber>9</Combined_episodenumber>
  <Combined_season>4</Combined_season>
  <DVD_chapter></DVD_chapter>
  <DVD_discid></DVD_discid>
  <DVD_episodenumber></DVD_episodenumber>
  <DVD_season></DVD_season>
  <Director></Director>
  <EpImgFlag></EpImgFlag>
  <EpisodeName>HOME IS WHERE THE HEART IS</EpisodeName>
  <EpisodeNumber>9</EpisodeNumber>
  <FirstAired>1987-07-24</FirstAired>
  <GuestStars></GuestStars>
  <IMDB_ID></IMDB_ID>
  <Language>en</Language>
  <Overview></Overview>
  <ProductionCode></ProductionCode>
  <Rating></Rating>
  <RatingCount>0</RatingCount>
  <SeasonNumber>4</SeasonNumber>
  <Writer></Writer>
  <absolute_number></absolute_number>
  <filename></filename>
  <lastupdated>1163101692</lastupdated>
  <seasonid>2321</seasonid>
  <seriesid>71477</seriesid>
</Episode>
<Episode>
  <id>47092</id>
  <Combined_episodenumber>10</Combined_episodenumber>
  <Combined_season>4</Combined_season>
  <DVD_chapter></DVD_chapter>
  <DVD_discid></DVD_discid>
  <DVD_episodenumber></DVD_episodenumber>
  <DVD_season></DVD_season>
  <Director></Director>
  <EpImgFlag></EpImgFlag>
  <EpisodeName>ON THE REBOUND</EpisodeName>
  <EpisodeNumber>10</EpisodeNumber>
  <FirstAired>1987-07-10</FirstAired>
  <GuestStars></GuestStars>
  <IMDB_ID></IMDB_ID>
  <Language>en</Language>
  <Overview></Overview>
  <ProductionCode></ProductionCode>
  <Rating></Rating>
  <RatingCount>0</RatingCount>
  <SeasonNumber>4</SeasonNumber>
  <Writer></Writer>
  <absolute_number></absolute_number>
  <filename></filename>
  <lastupdated>1163101692</lastupdated>
  <seasonid>2321</seasonid>
  <seriesid>71477</seriesid>
</Episode>
<Episode>
  <id>47093</id>
  <Combined_episodenumber>11</Combined_episodenumber>
  <Combined_season>4</Combined_season>
  <DVD_chapter></DVD_chapter>
  <DVD_discid></DVD_discid>
  <DVD_episodenumber></DVD_episodenumber>
  <DVD_season></DVD_season>
  <Director></Director>
  <EpImgFlag></EpImgFlag>
  <EpisodeName>MAN'S CHOICE</EpisodeName>
  <EpisodeNumber>11</EpisodeNumber>
  <FirstAired>1987-07-19</FirstAired>
  <GuestStars></GuestStars>
  <IMDB_ID></IMDB_ID>
  <Language>en</Language>
  <Overview></Overview>
  <ProductionCode></ProductionCode>
  <Rating></Rating>
  <RatingCount>0</RatingCount>
  <SeasonNumber>4</SeasonNumber>
  <Writer></Writer>
  <absolute_number></absolute_number>
  <filename></filename>
  <lastupdated>1163101692</lastupdated>
  <seasonid>2321</seasonid>
  <seriesid>71477</seriesid>
</Episode>
<Episode>
  <id>47094</id>
  <Combined_episodenumber>12</Combined_episodenumber>
  <Combined_season>4</Combined_season>
  <DVD_chapter></DVD_chapter>
  <DVD_discid></DVD_discid>
  <DVD_episodenumber></DVD_episodenumber>
  <DVD_season></DVD_season>
  <Director></Director>
  <EpImgFlag></EpImgFlag>
  <EpisodeName>STARRY, STARRY NIGHTMARE</EpisodeName>
  <EpisodeNumber>12</EpisodeNumber>
  <FirstAired>1987-08-21</FirstAired>
  <GuestStars></GuestStars>
  <IMDB_ID></IMDB_ID>
  <Language>en</Language>
  <Overview></Overview>
  <ProductionCode></ProductionCode>
  <Rating></Rating>
  <RatingCount>0</RatingCount>
  <SeasonNumber>4</SeasonNumber>
  <Writer></Writer>
  <absolute_number></absolute_number>
  <filename></filename>
  <lastupdated>1163101692</lastupdated>
  <seasonid>2321</seasonid>
  <seriesid>71477</seriesid>
</Episode>
<Episode>
  <id>47095</id>
  <Combined_episodenumber>13</Combined_episodenumber>
  <Combined_season>4</Combined_season>
  <DVD_chapter></DVD_chapter>
  <DVD_discid></DVD_discid>
  <DVD_episodenumber></DVD_episodenumber>
  <DVD_season></DVD_season>
  <Director></Director>
  <EpImgFlag></EpImgFlag>
  <EpisodeName>PENNY AND THE HARD HAT</EpisodeName>
  <EpisodeNumber>13</EpisodeNumber>
  <FirstAired>1987-08-28</FirstAired>
  <GuestStars></GuestStars>
  <IMDB_ID></IMDB_ID>
  <Language>en</Language>
  <Overview></Overview>
  <ProductionCode></ProductionCode>
  <Rating></Rating>
  <RatingCount>0</RatingCount>
  <SeasonNumber>4</SeasonNumber>
  <Writer></Writer>
  <absolute_number></absolute_number>
  <filename></filename>
  <lastupdated>1163101692</lastupdated>
  <seasonid>2321</seasonid>
  <seriesid>71477</seriesid>
</Episode>
<Episode>
  <id>47096</id>
  <Combined_episodenumber>14</Combined_episodenumber>
  <Combined_season>4</Combined_season>
  <DVD_chapter></DVD_chapter>
  <DVD_discid></DVD_discid>
  <DVD_episodenumber></DVD_episodenumber>
  <DVD_season></DVD_season>
  <Director></Director>
  <EpImgFlag></EpImgFlag>
  <EpisodeName>THE POINT AFTER NO MORE?</EpisodeName>
  <EpisodeNumber>14</EpisodeNumber>
  <FirstAired>1987-08-01</FirstAired>
  <GuestStars></GuestStars>
  <IMDB_ID></IMDB_ID>
  <Language>en</Language>
  <Overview></Overview>
  <ProductionCode>air date</ProductionCode>
  <Rating></Rating>
  <RatingCount>0</RatingCount>
  <SeasonNumber>4</SeasonNumber>
  <Writer></Writer>
  <absolute_number></absolute_number>
  <filename></filename>
  <lastupdated>1163101692</lastupdated>
  <seasonid>2321</seasonid>
  <seriesid>71477</seriesid>
</Episode>
<Episode>
  <id>47097</id>
  <Combined_episodenumber>15</Combined_episodenumber>
  <Combined_season>4</Combined_season>
  <DVD_chapter></DVD_chapter>
  <DVD_discid></DVD_discid>
  <DVD_episodenumber></DVD_episodenumber>
  <DVD_season></DVD_season>
  <Director></Director>
  <EpImgFlag></EpImgFlag>
  <EpisodeName>LAS VEGAS SERENADE (PART 1)</EpisodeName>
  <EpisodeNumber>15</EpisodeNumber>
  <FirstAired>1987-09-11</FirstAired>
  <GuestStars></GuestStars>
  <IMDB_ID></IMDB_ID>
  <Language>en</Language>
  <Overview></Overview>
  <ProductionCode></ProductionCode>
  <Rating></Rating>
  <RatingCount>0</RatingCount>
  <SeasonNumber>4</SeasonNumber>
  <Writer></Writer>
  <absolute_number></absolute_number>
  <filename></filename>
  <lastupdated>1163101692</lastupdated>
  <seasonid>2321</seasonid>
  <seriesid>71477</seriesid>
</Episode>
<Episode>
  <id>47098</id>
  <Combined_episodenumber>16</Combined_episodenumber>
  <Combined_season>4</Combined_season>
  <DVD_chapter></DVD_chapter>
  <DVD_discid></DVD_discid>
  <DVD_episodenumber></DVD_episodenumber>
  <DVD_season></DVD_season>
  <Director></Director>
  <EpImgFlag></EpImgFlag>
  <EpisodeName>LAS VEGAS SERENADE (PART 2)</EpisodeName>
  <EpisodeNumber>16</EpisodeNumber>
  <FirstAired>1987-09-18</FirstAired>
  <GuestStars></GuestStars>
  <IMDB_ID></IMDB_ID>
  <Language>en</Language>
  <Overview></Overview>
  <ProductionCode></ProductionCode>
  <Rating></Rating>
  <RatingCount>0</RatingCount>
  <SeasonNumber>4</SeasonNumber>
  <Writer></Writer>
  <absolute_number></absolute_number>
  <filename></filename>
  <lastupdated>1163101692</lastupdated>
  <seasonid>2321</seasonid>
  <seriesid>71477</seriesid>
</Episode>
<Episode>
  <id>47099</id>
  <Combined_episodenumber>17</Combined_episodenumber>
  <Combined_season>4</Combined_season>
  <DVD_chapter></DVD_chapter>
  <DVD_discid></DVD_discid>
  <DVD_episodenumber></DVD_episodenumber>
  <DVD_season></DVD_season>
  <Director></Director>
  <EpImgFlag></EpImgFlag>
  <EpisodeName>ONE ON ONE</EpisodeName>
  <EpisodeNumber>17</EpisodeNumber>
  <FirstAired>1987-09-25</FirstAired>
  <GuestStars></GuestStars>
  <IMDB_ID></IMDB_ID>
  <Language>en</Language>
  <Overview></Overview>
  <ProductionCode></ProductionCode>
  <Rating></Rating>
  <RatingCount>0</RatingCount>
  <SeasonNumber>4</SeasonNumber>
  <Writer></Writer>
  <absolute_number></absolute_number>
  <filename></filename>
  <lastupdated>1163101692</lastupdated>
  <seasonid>2321</seasonid>
  <seriesid>71477</seriesid>
</Episode>
<Episode>
  <id>47100</id>
  <Combined_episodenumber>18</Combined_episodenumber>
  <Combined_season>4</Combined_season>
  <DVD_chapter></DVD_chapter>
  <DVD_discid></DVD_discid>
  <DVD_episodenumber></DVD_episodenumber>
  <DVD_season></DVD_season>
  <Director></Director>
  <EpImgFlag></EpImgFlag>
  <EpisodeName>THE FARMER ALWAYS RINGS TWICE</EpisodeName>
  <EpisodeNumber>18</EpisodeNumber>
  <FirstAired>1987-10-02</FirstAired>
  <GuestStars></GuestStars>
  <IMDB_ID></IMDB_ID>
  <Language>en</Language>
  <Overview></Overview>
  <ProductionCode></ProductionCode>
  <Rating></Rating>
  <RatingCount>0</RatingCount>
  <SeasonNumber>4</SeasonNumber>
  <Writer></Writer>
  <absolute_number></absolute_number>
  <filename></filename>
  <lastupdated>1163101692</lastupdated>
  <seasonid>2321</seasonid>
  <seriesid>71477</seriesid>
</Episode>
<Episode>
  <id>47101</id>
  <Combined_episodenumber>19</Combined_episodenumber>
  <Combined_season>4</Combined_season>
  <DVD_chapter></DVD_chapter>
  <DVD_discid></DVD_discid>
  <DVD_episodenumber></DVD_episodenumber>
  <DVD_season></DVD_season>
  <Director></Director>
  <EpImgFlag></EpImgFlag>
  <EpisodeName>BACHELOR FATHER</EpisodeName>
  <EpisodeNumber>19</EpisodeNumber>
  <FirstAired>1987-10-09</FirstAired>
  <GuestStars></GuestStars>
  <IMDB_ID></IMDB_ID>
  <Language>en</Language>
  <Overview></Overview>
  <ProductionCode></ProductionCode>
  <Rating></Rating>
  <RatingCount>0</RatingCount>
  <SeasonNumber>4</SeasonNumber>
  <Writer></Writer>
  <absolute_number></absolute_number>
  <filename></filename>
  <lastupdated>1163101692</lastupdated>
  <seasonid>2321</seasonid>
  <seriesid>71477</seriesid>
</Episode>
<Episode>
  <id>47102</id>
  <Combined_episodenumber>20</Combined_episodenumber>
  <Combined_season>4</Combined_season>
  <DVD_chapter></DVD_chapter>
  <DVD_discid></DVD_discid>
  <DVD_episodenumber></DVD_episodenumber>
  <DVD_season></DVD_season>
  <Director></Director>
  <EpImgFlag></EpImgFlag>
  <EpisodeName>MASQUERADE</EpisodeName>
  <EpisodeNumber>20</EpisodeNumber>
  <FirstAired>1987-10-30</FirstAired>
  <GuestStars></GuestStars>
  <IMDB_ID></IMDB_ID>
  <Language>en</Language>
  <Overview></Overview>
  <ProductionCode></ProductionCode>
  <Rating></Rating>
  <RatingCount>0</RatingCount>
  <SeasonNumber>4</SeasonNumber>
  <Writer></Writer>
  <absolute_number></absolute_number>
  <filename></filename>
  <lastupdated>1163101692</lastupdated>
  <seasonid>2321</seasonid>
  <seriesid>71477</seriesid>
</Episode>
<Episode>
  <id>47103</id>
  <Combined_episodenumber>21</Combined_episodenumber>
  <Combined_season>4</Combined_season>
  <DVD_chapter></DVD_chapter>
  <DVD_discid></DVD_discid>
  <DVD_episodenumber></DVD_episodenumber>
  <DVD_season></DVD_season>
  <Director></Director>
  <EpImgFlag></EpImgFlag>
  <EpisodeName>STOLEN PLEASURES</EpisodeName>
  <EpisodeNumber>21</EpisodeNumber>
  <FirstAired>1987-12-11</FirstAired>
  <GuestStars></GuestStars>
  <IMDB_ID></IMDB_ID>
  <Language>en</Language>
  <Overview></Overview>
  <ProductionCode></ProductionCode>
  <Rating></Rating>
  <RatingCount>0</RatingCount>
  <SeasonNumber>4</SeasonNumber>
  <Writer></Writer>
  <absolute_number></absolute_number>
  <filename></filename>
  <lastupdated>1163101692</lastupdated>
  <seasonid>2321</seasonid>
  <seriesid>71477</seriesid>
</Episode>
<Episode>
  <id>47104</id>
  <Combined_episodenumber>22</Combined_episodenumber>
  <Combined_season>4</Combined_season>
  <DVD_chapter></DVD_chapter>
  <DVD_discid></DVD_discid>
  <DVD_episodenumber></DVD_episodenumber>
  <DVD_season></DVD_season>
  <Director></Director>
  <EpImgFlag></EpImgFlag>
  <EpisodeName>IS THE CALLER THERE?</EpisodeName>
  <EpisodeNumber>22</EpisodeNumber>
  <FirstAired>1987-11-06</FirstAired>
  <GuestStars></GuestStars>
  <IMDB_ID></IMDB_ID>
  <Language>en</Language>
  <Overview></Overview>
  <ProductionCode></ProductionCode>
  <Rating></Rating>
  <RatingCount>0</RatingCount>
  <SeasonNumber>4</SeasonNumber>
  <Writer></Writer>
  <absolute_number></absolute_number>
  <filename></filename>
  <lastupdated>1163101692</lastupdated>
  <seasonid>2321</seasonid>
  <seriesid>71477</seriesid>
</Episode>
<Episode>
  <id>47105</id>
  <Combined_episodenumber>23</Combined_episodenumber>
  <Combined_season>4</Combined_season>
  <DVD_chapter></DVD_chapter>
  <DVD_discid></DVD_discid>
  <DVD_episodenumber></DVD_episodenumber>
  <DVD_season></DVD_season>
  <Director></Director>
  <EpImgFlag></EpImgFlag>
  <EpisodeName>THE WINDSOR WAR</EpisodeName>
  <EpisodeNumber>23</EpisodeNumber>
  <FirstAired>1987-11-13</FirstAired>
  <GuestStars></GuestStars>
  <IMDB_ID></IMDB_ID>
  <Language>en</Language>
  <Overview></Overview>
  <ProductionCode></ProductionCode>
  <Rating></Rating>
  <RatingCount>0</RatingCount>
  <SeasonNumber>4</SeasonNumber>
  <Writer></Writer>
  <absolute_number></absolute_number>
  <filename></filename>
  <lastupdated>1163101692</lastupdated>
  <seasonid>2321</seasonid>
  <seriesid>71477</seriesid>
</Episode>
<Episode>
  <id>47106</id>
  <Combined_episodenumber>24</Combined_episodenumber>
  <Combined_season>4</Combined_season>
  <DVD_chapter></DVD_chapter>
  <DVD_discid></DVD_discid>
  <DVD_episodenumber></DVD_episodenumber>
  <DVD_season></DVD_season>
  <Director></Director>
  <EpImgFlag></EpImgFlag>
  <EpisodeName>THERE'S A LID FOR EVERY POT</EpisodeName>
  <EpisodeNumber>24</EpisodeNumber>
  <FirstAired>1987-12-04</FirstAired>
  <GuestStars></GuestStars>
  <IMDB_ID></IMDB_ID>
  <Language>en</Language>
  <Overview></Overview>
  <ProductionCode></ProductionCode>
  <Rating></Rating>
  <RatingCount>0</RatingCount>
  <SeasonNumber>4</SeasonNumber>
  <Writer></Writer>
  <absolute_number></absolute_number>
  <filename></filename>
  <lastupdated>1163101692</lastupdated>
  <seasonid>2321</seasonid>
  <seriesid>71477</seriesid>
</Episode>
<Episode>
  <id>47107</id>
  <Combined_episodenumber>25</Combined_episodenumber>
  <Combined_season>4</Combined_season>
  <DVD_chapter></DVD_chapter>
  <DVD_discid></DVD_discid>
  <DVD_episodenumber></DVD_episodenumber>
  <DVD_season></DVD_season>
  <Director></Director>
  <EpImgFlag></EpImgFlag>
  <EpisodeName>THANKSGIVING</EpisodeName>
  <EpisodeNumber>25</EpisodeNumber>
  <FirstAired>1987-11-20</FirstAired>
  <GuestStars></GuestStars>
  <IMDB_ID></IMDB_ID>
  <Language>en</Language>
  <Overview></Overview>
  <ProductionCode></ProductionCode>
  <Rating></Rating>
  <RatingCount>0</RatingCount>
  <SeasonNumber>4</SeasonNumber>
  <Writer></Writer>
  <absolute_number></absolute_number>
  <filename></filename>
  <lastupdated>1163101692</lastupdated>
  <seasonid>2321</seasonid>
  <seriesid>71477</seriesid>
</Episode>
<Episode>
  <id>47108</id>
  <Combined_episodenumber>1</Combined_episodenumber>
  <Combined_season>5</Combined_season>
  <DVD_chapter></DVD_chapter>
  <DVD_discid></DVD_discid>
  <DVD_episodenumber></DVD_episodenumber>
  <DVD_season></DVD_season>
  <Director></Director>
  <EpImgFlag></EpImgFlag>
  <EpisodeName>SITTIN' IN A TREE</EpisodeName>
  <EpisodeNumber>1</EpisodeNumber>
  <FirstAired>1988-06-24</FirstAired>
  <GuestStars></GuestStars>
  <IMDB_ID></IMDB_ID>
  <Language>en</Language>
  <Overview></Overview>
  <ProductionCode></ProductionCode>
  <Rating></Rating>
  <RatingCount>0</RatingCount>
  <SeasonNumber>5</SeasonNumber>
  <Writer></Writer>
  <absolute_number></absolute_number>
  <filename></filename>
  <lastupdated>1163101692</lastupdated>
  <seasonid>2322</seasonid>
  <seriesid>71477</seriesid>
</Episode>
<Episode>
  <id>47109</id>
  <Combined_episodenumber>2</Combined_episodenumber>
  <Combined_season>5</Combined_season>
  <DVD_chapter></DVD_chapter>
  <DVD_discid></DVD_discid>
  <DVD_episodenumber></DVD_episodenumber>
  <DVD_season></DVD_season>
  <Director></Director>
  <EpImgFlag></EpImgFlag>
  <EpisodeName>BARNEY, WE HARDLY KNEW YE</EpisodeName>
  <EpisodeNumber>2</EpisodeNumber>
  <FirstAired>1988-07-08</FirstAired>
  <GuestStars></GuestStars>
  <IMDB_ID></IMDB_ID>
  <Language>en</Language>
  <Overview></Overview>
  <ProductionCode></ProductionCode>
  <Rating></Rating>
  <RatingCount>0</RatingCount>
  <SeasonNumber>5</SeasonNumber>
  <Writer></Writer>
  <absolute_number></absolute_number>
  <filename></filename>
  <lastupdated>1163101692</lastupdated>
  <seasonid>2322</seasonid>
  <seriesid>71477</seriesid>
</Episode>
<Episode>
  <id>47110</id>
  <Combined_episodenumber>3</Combined_episodenumber>
  <Combined_season>5</Combined_season>
  <DVD_chapter></DVD_chapter>
  <DVD_discid></DVD_discid>
  <DVD_episodenumber></DVD_episodenumber>
  <DVD_season></DVD_season>
  <Director></Director>
  <EpImgFlag></EpImgFlag>
  <EpisodeName>I'LL KNOW WHEN MY LOVE COMES ALONG</EpisodeName>
  <EpisodeNumber>3</EpisodeNumber>
  <FirstAired>1988-07-15</FirstAired>
  <GuestStars></GuestStars>
  <IMDB_ID></IMDB_ID>
  <Language>en</Language>
  <Overview></Overview>
  <ProductionCode></ProductionCode>
  <Rating></Rating>
  <RatingCount>0</RatingCount>
  <SeasonNumber>5</SeasonNumber>
  <Writer></Writer>
  <absolute_number></absolute_number>
  <filename></filename>
  <lastupdated>1163101692</lastupdated>
  <seasonid>2322</seasonid>
  <seriesid>71477</seriesid>
</Episode>
<Episode>
  <id>47111</id>
  <Combined_episodenumber>4</Combined_episodenumber>
  <Combined_season>5</Combined_season>
  <DVD_chapter></DVD_chapter>
  <DVD_discid></DVD_discid>
  <DVD_episodenumber></DVD_episodenumber>
  <DVD_season></DVD_season>
  <Director></Director>
  <EpImgFlag></EpImgFlag>
  <EpisodeName>L. A. MALTBY</EpisodeName>
  <EpisodeNumber>4</EpisodeNumber>
  <FirstAired>1988-09-30</FirstAired>
  <GuestStars></GuestStars>
  <IMDB_ID></IMDB_ID>
  <Language>en</Language>
  <Overview></Overview>
  <ProductionCode></ProductionCode>
  <Rating></Rating>
  <RatingCount>0</RatingCount>
  <SeasonNumber>5</SeasonNumber>
  <Writer></Writer>
  <absolute_number></absolute_number>
  <filename></filename>
  <lastupdated>1163101692</lastupdated>
  <seasonid>2322</seasonid>
  <seriesid>71477</seriesid>
</Episode>
<Episode>
  <id>47112</id>
  <Combined_episodenumber>5</Combined_episodenumber>
  <Combined_season>5</Combined_season>
  <DVD_chapter></DVD_chapter>
  <DVD_discid></DVD_discid>
  <DVD_episodenumber></DVD_episodenumber>
  <DVD_season></DVD_season>
  <Director></Director>
  <EpImgFlag></EpImgFlag>
  <EpisodeName>HUSTLE UP</EpisodeName>
  <EpisodeNumber>5</EpisodeNumber>
  <FirstAired>1988-10-07</FirstAired>
  <GuestStars></GuestStars>
  <IMDB_ID></IMDB_ID>
  <Language>en</Language>
  <Overview></Overview>
  <ProductionCode></ProductionCode>
  <Rating></Rating>
  <RatingCount>0</RatingCount>
  <SeasonNumber>5</SeasonNumber>
  <Writer></Writer>
  <absolute_number></absolute_number>
  <filename></filename>
  <lastupdated>1163101692</lastupdated>
  <seasonid>2322</seasonid>
  <seriesid>71477</seriesid>
</Episode>
<Episode>
  <id>47113</id>
  <Combined_episodenumber>6</Combined_episodenumber>
  <Combined_season>5</Combined_season>
  <DVD_chapter></DVD_chapter>
  <DVD_discid></DVD_discid>
  <DVD_episodenumber></DVD_episodenumber>
  <DVD_season></DVD_season>
  <Director></Director>
  <EpImgFlag></EpImgFlag>
  <EpisodeName>BUT I KNOW WHAT I LIKE</EpisodeName>
  <EpisodeNumber>6</EpisodeNumber>
  <FirstAired>1988-10-21</FirstAired>
  <GuestStars></GuestStars>
  <IMDB_ID></IMDB_ID>
  <Language>en</Language>
  <Overview></Overview>
  <ProductionCode></ProductionCode>
  <Rating></Rating>
  <RatingCount>0</RatingCount>
  <SeasonNumber>5</SeasonNumber>
  <Writer></Writer>
  <absolute_number></absolute_number>
  <filename></filename>
  <lastupdated>1163101692</lastupdated>
  <seasonid>2322</seasonid>
  <seriesid>71477</seriesid>
</Episode>
<Episode>
  <id>47114</id>
  <Combined_episodenumber>7</Combined_episodenumber>
  <Combined_season>5</Combined_season>
  <DVD_chapter></DVD_chapter>
  <DVD_discid></DVD_discid>
  <DVD_episodenumber></DVD_episodenumber>
  <DVD_season></DVD_season>
  <Director></Director>
  <EpImgFlag></EpImgFlag>
  <EpisodeName>MOVING OUT</EpisodeName>
  <EpisodeNumber>7</EpisodeNumber>
  <FirstAired>1988-10-28</FirstAired>
  <GuestStars></GuestStars>
  <IMDB_ID></IMDB_ID>
  <Language>en</Language>
  <Overview></Overview>
  <ProductionCode></ProductionCode>
  <Rating></Rating>
  <RatingCount>0</RatingCount>
  <SeasonNumber>5</SeasonNumber>
  <Writer></Writer>
  <absolute_number></absolute_number>
  <filename></filename>
  <lastupdated>1163101692</lastupdated>
  <seasonid>2322</seasonid>
  <seriesid>71477</seriesid>
</Episode>
<Episode>
  <id>47115</id>
  <Combined_episodenumber>8</Combined_episodenumber>
  <Combined_season>5</Combined_season>
  <DVD_chapter></DVD_chapter>
  <DVD_discid></DVD_discid>
  <DVD_episodenumber></DVD_episodenumber>
  <DVD_season></DVD_season>
  <Director></Director>
  <EpImgFlag></EpImgFlag>
  <EpisodeName>A JOB WELL DONE</EpisodeName>
  <EpisodeNumber>8</EpisodeNumber>
  <FirstAired>1988-11-04</FirstAired>
  <GuestStars></GuestStars>
  <IMDB_ID></IMDB_ID>
  <Language>en</Language>
  <Overview></Overview>
  <ProductionCode></ProductionCode>
  <Rating></Rating>
  <RatingCount>0</RatingCount>
  <SeasonNumber>5</SeasonNumber>
  <Writer></Writer>
  <absolute_number></absolute_number>
  <filename></filename>
  <lastupdated>1163101692</lastupdated>
  <seasonid>2322</seasonid>
  <seriesid>71477</seriesid>
</Episode>
<Episode>
  <id>47116</id>
  <Combined_episodenumber>9</Combined_episodenumber>
  <Combined_season>5</Combined_season>
  <DVD_chapter></DVD_chapter>
  <DVD_discid></DVD_discid>
  <DVD_episodenumber></DVD_episodenumber>
  <DVD_season></DVD_season>
  <Director></Director>
  <EpImgFlag></EpImgFlag>
  <EpisodeName>TWO FOR THE SEESAW</EpisodeName>
  <EpisodeNumber>9</EpisodeNumber>
  <FirstAired>1988-11-11</FirstAired>
  <GuestStars></GuestStars>
  <IMDB_ID></IMDB_ID>
  <Language>en</Language>
  <Overview></Overview>
  <ProductionCode></ProductionCode>
  <Rating></Rating>
  <RatingCount>0</RatingCount>
  <SeasonNumber>5</SeasonNumber>
  <Writer></Writer>
  <absolute_number></absolute_number>
  <filename></filename>
  <lastupdated>1163101692</lastupdated>
  <seasonid>2322</seasonid>
  <seriesid>71477</seriesid>
</Episode>
<Episode>
  <id>47117</id>
  <Combined_episodenumber>10</Combined_episodenumber>
  <Combined_season>5</Combined_season>
  <DVD_chapter></DVD_chapter>
  <DVD_discid></DVD_discid>
  <DVD_episodenumber></DVD_episodenumber>
  <DVD_season></DVD_season>
  <Director></Director>
  <EpImgFlag></EpImgFlag>
  <EpisodeName>NOTHIN' SAYS LOVIN'</EpisodeName>
  <EpisodeNumber>10</EpisodeNumber>
  <FirstAired>1988-12-02</FirstAired>
  <GuestStars></GuestStars>
  <IMDB_ID></IMDB_ID>
  <Language>en</Language>
  <Overview></Overview>
  <ProductionCode></ProductionCode>
  <Rating></Rating>
  <RatingCount>0</RatingCount>
  <SeasonNumber>5</SeasonNumber>
  <Writer></Writer>
  <absolute_number></absolute_number>
  <filename></filename>
  <lastupdated>1163101692</lastupdated>
  <seasonid>2322</seasonid>
  <seriesid>71477</seriesid>
</Episode>
<Episode>
  <id>47118</id>
  <Combined_episodenumber>11</Combined_episodenumber>
  <Combined_season>5</Combined_season>
  <DVD_chapter></DVD_chapter>
  <DVD_discid></DVD_discid>
  <DVD_episodenumber></DVD_episodenumber>
  <DVD_season></DVD_season>
  <Director></Director>
  <EpImgFlag></EpImgFlag>
  <EpisodeName>THE DETOUR</EpisodeName>
  <EpisodeNumber>11</EpisodeNumber>
  <FirstAired>1988-12-16</FirstAired>
  <GuestStars></GuestStars>
  <IMDB_ID></IMDB_ID>
  <Language>en</Language>
  <Overview></Overview>
  <ProductionCode></ProductionCode>
  <Rating></Rating>
  <RatingCount>0</RatingCount>
  <SeasonNumber>5</SeasonNumber>
  <Writer></Writer>
  <absolute_number></absolute_number>
  <filename></filename>
  <lastupdated>1163101692</lastupdated>
  <seasonid>2322</seasonid>
  <seriesid>71477</seriesid>
</Episode>
<Episode>
  <id>47119</id>
  <Combined_episodenumber>12</Combined_episodenumber>
  <Combined_season>5</Combined_season>
  <DVD_chapter></DVD_chapter>
  <DVD_discid></DVD_discid>
  <DVD_episodenumber></DVD_episodenumber>
  <DVD_season></DVD_season>
  <Director></Director>
  <EpImgFlag></EpImgFlag>
  <EpisodeName>GUARDIAN ANGELS</EpisodeName>
  <EpisodeNumber>12</EpisodeNumber>
  <FirstAired>1988-12-30</FirstAired>
  <GuestStars></GuestStars>
  <IMDB_ID></IMDB_ID>
  <Language>en</Language>
  <Overview></Overview>
  <ProductionCode></ProductionCode>
  <Rating></Rating>
  <RatingCount>0</RatingCount>
  <SeasonNumber>5</SeasonNumber>
  <Writer></Writer>
  <absolute_number></absolute_number>
  <filename></filename>
  <lastupdated>1163101692</lastupdated>
  <seasonid>2322</seasonid>
  <seriesid>71477</seriesid>
</Episode>
<Episode>
  <id>47120</id>
  <Combined_episodenumber>13</Combined_episodenumber>
  <Combined_season>5</Combined_season>
  <DVD_chapter></DVD_chapter>
  <DVD_discid></DVD_discid>
  <DVD_episodenumber></DVD_episodenumber>
  <DVD_season></DVD_season>
  <Director></Director>
  <EpImgFlag></EpImgFlag>
  <EpisodeName>A STUDY IN MALTBY</EpisodeName>
  <EpisodeNumber>13</EpisodeNumber>
  <FirstAired>1989-01-06</FirstAired>
  <GuestStars></GuestStars>
  <IMDB_ID></IMDB_ID>
  <Language>en</Language>
  <Overview></Overview>
  <ProductionCode></ProductionCode>
  <Rating></Rating>
  <RatingCount>0</RatingCount>
  <SeasonNumber>5</SeasonNumber>
  <Writer></Writer>
  <absolute_number></absolute_number>
  <filename></filename>
  <lastupdated>1163101692</lastupdated>
  <seasonid>2322</seasonid>
  <seriesid>71477</seriesid>
</Episode>
<Episode>
  <id>47121</id>
  <Combined_episodenumber>14</Combined_episodenumber>
  <Combined_season>5</Combined_season>
  <DVD_chapter></DVD_chapter>
  <DVD_discid></DVD_discid>
  <DVD_episodenumber></DVD_episodenumber>
  <DVD_season></DVD_season>
  <Director></Director>
  <EpImgFlag></EpImgFlag>
  <EpisodeName>NANNY FROM HEAVEN</EpisodeName>
  <EpisodeNumber>14</EpisodeNumber>
  <FirstAired>1989-01-13</FirstAired>
  <GuestStars></GuestStars>
  <IMDB_ID></IMDB_ID>
  <Language>en</Language>
  <Overview></Overview>
  <ProductionCode></ProductionCode>
  <Rating></Rating>
  <RatingCount>0</RatingCount>
  <SeasonNumber>5</SeasonNumber>
  <Writer></Writer>
  <absolute_number></absolute_number>
  <filename></filename>
  <lastupdated>1163101692</lastupdated>
  <seasonid>2322</seasonid>
  <seriesid>71477</seriesid>
</Episode>
<Episode>
  <id>47122</id>
  <Combined_episodenumber>15</Combined_episodenumber>
  <Combined_season>5</Combined_season>
  <DVD_chapter></DVD_chapter>
  <DVD_discid></DVD_discid>
  <DVD_episodenumber></DVD_episodenumber>
  <DVD_season></DVD_season>
  <Director></Director>
  <EpImgFlag></EpImgFlag>
  <EpisodeName>THE POINT AFTER BOWLING TEAM</EpisodeName>
  <EpisodeNumber>15</EpisodeNumber>
  <FirstAired>1989-01-20</FirstAired>
  <GuestStars></GuestStars>
  <IMDB_ID></IMDB_ID>
  <Language>en</Language>
  <Overview></Overview>
  <ProductionCode></ProductionCode>
  <Rating></Rating>
  <RatingCount>0</RatingCount>
  <SeasonNumber>5</SeasonNumber>
  <Writer></Writer>
  <absolute_number></absolute_number>
  <filename></filename>
  <lastupdated>1163101692</lastupdated>
  <seasonid>2322</seasonid>
  <seriesid>71477</seriesid>
</Episode>
<Episode>
  <id>47123</id>
  <Combined_episodenumber>16</Combined_episodenumber>
  <Combined_season>5</Combined_season>
  <DVD_chapter></DVD_chapter>
  <DVD_discid></DVD_discid>
  <DVD_episodenumber></DVD_episodenumber>
  <DVD_season></DVD_season>
  <Director></Director>
  <EpImgFlag></EpImgFlag>
  <EpisodeName>ISN'T IT ROMANTIC?</EpisodeName>
  <EpisodeNumber>16</EpisodeNumber>
  <FirstAired>1989-02-17</FirstAired>
  <GuestStars></GuestStars>
  <IMDB_ID></IMDB_ID>
  <Language>en</Language>
  <Overview></Overview>
  <ProductionCode></ProductionCode>
  <Rating></Rating>
  <RatingCount>0</RatingCount>
  <SeasonNumber>5</SeasonNumber>
  <Writer></Writer>
  <absolute_number></absolute_number>
  <filename></filename>
  <lastupdated>1163101692</lastupdated>
  <seasonid>2322</seasonid>
  <seriesid>71477</seriesid>
</Episode>
<Episode>
  <id>47124</id>
  <Combined_episodenumber>17</Combined_episodenumber>
  <Combined_season>5</Combined_season>
  <DVD_chapter></DVD_chapter>
  <DVD_discid></DVD_discid>
  <DVD_episodenumber></DVD_episodenumber>
  <DVD_season></DVD_season>
  <Director></Director>
  <EpImgFlag></EpImgFlag>
  <EpisodeName>THREE INFANTS AND A BABY</EpisodeName>
  <EpisodeNumber>17</EpisodeNumber>
  <FirstAired>1989-02-24</FirstAired>
  <GuestStars></GuestStars>
  <IMDB_ID></IMDB_ID>
  <Language>en</Language>
  <Overview></Overview>
  <ProductionCode></ProductionCode>
  <Rating></Rating>
  <RatingCount>0</RatingCount>
  <SeasonNumber>5</SeasonNumber>
  <Writer></Writer>
  <absolute_number></absolute_number>
  <filename></filename>
  <lastupdated>1163101692</lastupdated>
  <seasonid>2322</seasonid>
  <seriesid>71477</seriesid>
</Episode>
<Episode>
  <id>47125</id>
  <Combined_episodenumber>18</Combined_episodenumber>
  <Combined_season>5</Combined_season>
  <DVD_chapter></DVD_chapter>
  <DVD_discid></DVD_discid>
  <DVD_episodenumber></DVD_episodenumber>
  <DVD_season></DVD_season>
  <Director></Director>
  <EpImgFlag></EpImgFlag>
  <EpisodeName>GUARDING THE NEST</EpisodeName>
  <EpisodeNumber>18</EpisodeNumber>
  <FirstAired>1989-03-03</FirstAired>
  <GuestStars></GuestStars>
  <IMDB_ID></IMDB_ID>
  <Language>en</Language>
  <Overview></Overview>
  <ProductionCode></ProductionCode>
  <Rating></Rating>
  <RatingCount>0</RatingCount>
  <SeasonNumber>5</SeasonNumber>
  <Writer></Writer>
  <absolute_number></absolute_number>
  <filename></filename>
  <lastupdated>1163101692</lastupdated>
  <seasonid>2322</seasonid>
  <seriesid>71477</seriesid>
</Episode>
<Episode>
  <id>47126</id>
  <Combined_episodenumber>19</Combined_episodenumber>
  <Combined_season>5</Combined_season>
  <DVD_chapter></DVD_chapter>
  <DVD_discid></DVD_discid>
  <DVD_episodenumber></DVD_episodenumber>
  <DVD_season></DVD_season>
  <Director></Director>
  <EpImgFlag></EpImgFlag>
  <EpisodeName>SAM'S DAD</EpisodeName>
  <EpisodeNumber>19</EpisodeNumber>
  <FirstAired>1989-03-17</FirstAired>
  <GuestStars></GuestStars>
  <IMDB_ID></IMDB_ID>
  <Language>en</Language>
  <Overview></Overview>
  <ProductionCode></ProductionCode>
  <Rating></Rating>
  <RatingCount>0</RatingCount>
  <SeasonNumber>5</SeasonNumber>
  <Writer></Writer>
  <absolute_number></absolute_number>
  <filename></filename>
  <lastupdated>1163101692</lastupdated>
  <seasonid>2322</seasonid>
  <seriesid>71477</seriesid>
</Episode>
<Episode>
  <id>47127</id>
  <Combined_episodenumber>20</Combined_episodenumber>
  <Combined_season>5</Combined_season>
  <DVD_chapter></DVD_chapter>
  <DVD_discid></DVD_discid>
  <DVD_episodenumber></DVD_episodenumber>
  <DVD_season></DVD_season>
  <Director></Director>
  <EpImgFlag></EpImgFlag>
  <EpisodeName>INHERIT THE BAR</EpisodeName>
  <EpisodeNumber>20</EpisodeNumber>
  <FirstAired>1989-03-10</FirstAired>
  <GuestStars></GuestStars>
  <IMDB_ID></IMDB_ID>
  <Language>en</Language>
  <Overview></Overview>
  <ProductionCode></ProductionCode>
  <Rating></Rating>
  <RatingCount>0</RatingCount>
  <SeasonNumber>5</SeasonNumber>
  <Writer></Writer>
  <absolute_number></absolute_number>
  <filename></filename>
  <lastupdated>1163101692</lastupdated>
  <seasonid>2322</seasonid>
  <seriesid>71477</seriesid>
</Episode>
<Episode>
  <id>47128</id>
  <Combined_episodenumber>21</Combined_episodenumber>
  <Combined_season>5</Combined_season>
  <DVD_chapter></DVD_chapter>
  <DVD_discid></DVD_discid>
  <DVD_episodenumber></DVD_episodenumber>
  <DVD_season></DVD_season>
  <Director></Director>
  <EpImgFlag></EpImgFlag>
  <EpisodeName>FANTASY IN EBONY</EpisodeName>
  <EpisodeNumber>21</EpisodeNumber>
  <FirstAired>1989-04-07</FirstAired>
  <GuestStars></GuestStars>
  <IMDB_ID></IMDB_ID>
  <Language>en</Language>
  <Overview></Overview>
  <ProductionCode></ProductionCode>
  <Rating></Rating>
  <RatingCount>0</RatingCount>
  <SeasonNumber>5</SeasonNumber>
  <Writer></Writer>
  <absolute_number></absolute_number>
  <filename></filename>
  <lastupdated>1163101692</lastupdated>
  <seasonid>2322</seasonid>
  <seriesid>71477</seriesid>
</Episode>
<Episode>
  <id>47129</id>
  <Combined_episodenumber>22</Combined_episodenumber>
  <Combined_season>5</Combined_season>
  <DVD_chapter></DVD_chapter>
  <DVD_discid></DVD_discid>
  <DVD_episodenumber></DVD_episodenumber>
  <DVD_season></DVD_season>
  <Director></Director>
  <EpImgFlag></EpImgFlag>
  <EpisodeName>BIG</EpisodeName>
  <EpisodeNumber>22</EpisodeNumber>
  <FirstAired>1989-04-14</FirstAired>
  <GuestStars></GuestStars>
  <IMDB_ID></IMDB_ID>
  <Language>en</Language>
  <Overview></Overview>
  <ProductionCode></ProductionCode>
  <Rating></Rating>
  <RatingCount>0</RatingCount>
  <SeasonNumber>5</SeasonNumber>
  <Writer></Writer>
  <absolute_number></absolute_number>
  <filename></filename>
  <lastupdated>1163101692</lastupdated>
  <seasonid>2322</seasonid>
  <seriesid>71477</seriesid>
</Episode>
<Episode>
  <id>47130</id>
  <Combined_episodenumber>23</Combined_episodenumber>
  <Combined_season>5</Combined_season>
  <DVD_chapter></DVD_chapter>
  <DVD_discid></DVD_discid>
  <DVD_episodenumber></DVD_episodenumber>
  <DVD_season></DVD_season>
  <Director></Director>
  <EpImgFlag></EpImgFlag>
  <EpisodeName>SOMETHING OLD, SOMETHING NEW</EpisodeName>
  <EpisodeNumber>23</EpisodeNumber>
  <FirstAired>1989-04-21</FirstAired>
  <GuestStars></GuestStars>
  <IMDB_ID></IMDB_ID>
  <Language>en</Language>
  <Overview></Overview>
  <ProductionCode></ProductionCode>
  <Rating></Rating>
  <RatingCount>0</RatingCount>
  <SeasonNumber>5</SeasonNumber>
  <Writer></Writer>
  <absolute_number></absolute_number>
  <filename></filename>
  <lastupdated>1163101692</lastupdated>
  <seasonid>2322</seasonid>
  <seriesid>71477</seriesid>
</Episode>
<Episode>
  <id>47131</id>
  <Combined_episodenumber>24</Combined_episodenumber>
  <Combined_season>5</Combined_season>
  <DVD_chapter></DVD_chapter>
  <DVD_discid></DVD_discid>
  <DVD_episodenumber></DVD_episodenumber>
  <DVD_season></DVD_season>
  <Director></Director>
  <EpImgFlag></EpImgFlag>
  <EpisodeName>WOULDN'T IT BE NICE</EpisodeName>
  <EpisodeNumber>24</EpisodeNumber>
  <FirstAired>1989-04-28</FirstAired>
  <GuestStars></GuestStars>
  <IMDB_ID></IMDB_ID>
  <Language>en</Language>
  <Overview></Overview>
  <ProductionCode></ProductionCode>
  <Rating></Rating>
  <RatingCount>0</RatingCount>
  <SeasonNumber>5</SeasonNumber>
  <Writer></Writer>
  <absolute_number></absolute_number>
  <filename></filename>
  <lastupdated>1163101692</lastupdated>
  <seasonid>2322</seasonid>
  <seriesid>71477</seriesid>
</Episode>
<Episode>
  <id>47132</id>
  <Combined_episodenumber>25</Combined_episodenumber>
  <Combined_season>5</Combined_season>
  <DVD_chapter></DVD_chapter>
  <DVD_discid></DVD_discid>
  <DVD_episodenumber></DVD_episodenumber>
  <DVD_season></DVD_season>
  <Director></Director>
  <EpImgFlag></EpImgFlag>
  <EpisodeName>THE ROAD YET TAKEN</EpisodeName>
  <EpisodeNumber>25</EpisodeNumber>
  <FirstAired>1989-04-01</FirstAired>
  <GuestStars></GuestStars>
  <IMDB_ID></IMDB_ID>
  <Language>en</Language>
  <Overview></Overview>
  <ProductionCode>air date</ProductionCode>
  <Rating></Rating>
  <RatingCount>0</RatingCount>
  <SeasonNumber>5</SeasonNumber>
  <Writer></Writer>
  <absolute_number></absolute_number>
  <filename></filename>
  <lastupdated>1163101692</lastupdated>
  <seasonid>2322</seasonid>
  <seriesid>71477</seriesid>
</Episode>
<Episode>
  <id>47133</id>
  <Combined_episodenumber>26</Combined_episodenumber>
  <Combined_season>5</Combined_season>
  <DVD_chapter></DVD_chapter>
  <DVD_discid></DVD_discid>
  <DVD_episodenumber></DVD_episodenumber>
  <DVD_season></DVD_season>
  <Director></Director>
  <EpImgFlag></EpImgFlag>
  <EpisodeName>I REMEMBER BUT I DON'T LIKE IT (Compilation Show)</EpisodeName>
  <EpisodeNumber>26</EpisodeNumber>
  <FirstAired></FirstAired>
  <GuestStars></GuestStars>
  <IMDB_ID></IMDB_ID>
  <Language>en</Language>
  <Overview></Overview>
  <ProductionCode></ProductionCode>
  <Rating></Rating>
  <RatingCount>0</RatingCount>
  <SeasonNumber>5</SeasonNumber>
  <Writer></Writer>
  <absolute_number></absolute_number>
  <filename></filename>
  <lastupdated>1163101692</lastupdated>
  <seasonid>2322</seasonid>
  <seriesid>71477</seriesid>
</Episode>
</Data>