<?xml version="1.0" encoding="UTF-8" ?>
<Actors>
<Actor>
  <id>73588</id>
  <Image>actors/73588.jpg</Image>
  <Name>Holly Hunter</Name>
  <Role>Grace Hanadarko</Role>
  <SortOrder>0</SortOrder>
</Actor>
<Actor>
  <id>73589</id>
  <Image>actors/73589.jpg</Image>
  <Name>Kenneth Johnson</Name>
  <Role>Ham Dewey</Role>
  <SortOrder>1</SortOrder>
</Actor>
<Actor>
  <id>73593</id>
  <Image>actors/73593.jpg</Image>
  <Name>Leon Rippy</Name>
  <Role>Earl</Role>
  <SortOrder>2</SortOrder>
</Actor>
<Actor>
  <id>77980</id>
  <Image>actors/77980.jpg</Image>
  <Name>Gregory Cruz</Name>
  <Role>Bobby Stillwater</Role>
  <SortOrder>3</SortOrder>
</Actor>
<Actor>
  <id>77979</id>
  <Image>actors/77979.jpg</Image>
  <Name>Bailey Chase</Name>
  <Role>Butch Ada</Role>
  <SortOrder>3</SortOrder>
</Actor>
<Actor>
  <id>73592</id>
  <Image>actors/73592.jpg</Image>
  <Name>Lorraine Toussaint</Name>
  <Role>Kate Perry</Role>
  <SortOrder>3</SortOrder>
</Actor>
<Actor>
  <id>73591</id>
  <Image>actors/73591.jpg</Image>
  <Name>Bokeem Woodbine</Name>
  <Role>Leon Cooley</Role>
  <SortOrder>3</SortOrder>
</Actor>
<Actor>
  <id>73590</id>
  <Image>actors/73590.jpg</Image>
  <Name>Laura San Giacomo</Name>
  <Role>Rhetta Rodriguez</Role>
  <SortOrder>3</SortOrder>
</Actor>
</Actors>