<?xml version="1.0" encoding="UTF-8" ?>
<Banners>
<Banner>
  <id>20279</id>
  <BannerPath>fanart/original/80381-1.jpg</BannerPath>
  <BannerType>fanart</BannerType>
  <BannerType2>1280x720</BannerType2>
  <Colors>|182,145,90|43,48,70|87,82,88|</Colors>
  <Language>en</Language>
  <Rating>9.0000</Rating>
  <RatingCount>2</RatingCount>
  <SeriesName>false</SeriesName>
  <ThumbnailPath>_cache/fanart/original/80381-1.jpg</ThumbnailPath>
  <VignettePath>fanart/vignette/80381-1.jpg</VignettePath>
</Banner>
<Banner>
  <id>20440</id>
  <BannerPath>fanart/original/80381-2.jpg</BannerPath>
  <BannerType>fanart</BannerType>
  <BannerType2>1280x720</BannerType2>
  <Colors>|254,232,195|83,30,24|121,73,35|</Colors>
  <Language>en</Language>
  <Rating>9.0000</Rating>
  <RatingCount>2</RatingCount>
  <SeriesName>false</SeriesName>
  <ThumbnailPath>_cache/fanart/original/80381-2.jpg</ThumbnailPath>
  <VignettePath>fanart/vignette/80381-2.jpg</VignettePath>
</Banner>
<Banner>
  <id>147651</id>
  <BannerPath>fanart/original/80381-8.jpg</BannerPath>
  <BannerType>fanart</BannerType>
  <BannerType2>1280x720</BannerType2>
  <Colors></Colors>
  <Language>en</Language>
  <Rating>8.5000</Rating>
  <RatingCount>2</RatingCount>
  <SeriesName>false</SeriesName>
  <ThumbnailPath>_cache/fanart/original/80381-8.jpg</ThumbnailPath>
  <VignettePath>fanart/vignette/80381-8.jpg</VignettePath>
</Banner>
<Banner>
  <id>147641</id>
  <BannerPath>fanart/original/80381-7.jpg</BannerPath>
  <BannerType>fanart</BannerType>
  <BannerType2>1280x720</BannerType2>
  <Colors></Colors>
  <Language>en</Language>
  <Rating></Rating>
  <RatingCount>0</RatingCount>
  <SeriesName>false</SeriesName>
  <ThumbnailPath>_cache/fanart/original/80381-7.jpg</ThumbnailPath>
  <VignettePath>fanart/vignette/80381-7.jpg</VignettePath>
</Banner>
<Banner>
  <id>919822</id>
  <BannerPath>fanart/original/80381-12.jpg</BannerPath>
  <BannerType>fanart</BannerType>
  <BannerType2>1920x1080</BannerType2>
  <Colors></Colors>
  <Language>fr</Language>
  <Rating></Rating>
  <RatingCount>0</RatingCount>
  <SeriesName>false</SeriesName>
  <ThumbnailPath>_cache/fanart/original/80381-12.jpg</ThumbnailPath>
  <VignettePath>fanart/vignette/80381-12.jpg</VignettePath>
</Banner>
<Banner>
  <id>147611</id>
  <BannerPath>fanart/original/80381-4.jpg</BannerPath>
  <BannerType>fanart</BannerType>
  <BannerType2>1280x720</BannerType2>
  <Colors>|232,214,176|118,70,34|211,185,124|</Colors>
  <Language>en</Language>
  <Rating></Rating>
  <RatingCount>0</RatingCount>
  <SeriesName>false</SeriesName>
  <ThumbnailPath>_cache/fanart/original/80381-4.jpg</ThumbnailPath>
  <VignettePath>fanart/vignette/80381-4.jpg</VignettePath>
</Banner>
<Banner>
  <id>74931</id>
  <BannerPath>fanart/original/80381-3.jpg</BannerPath>
  <BannerType>fanart</BannerType>
  <BannerType2>1280x720</BannerType2>
  <Colors></Colors>
  <Language>en</Language>
  <Rating></Rating>
  <RatingCount>0</RatingCount>
  <SeriesName>false</SeriesName>
  <ThumbnailPath>_cache/fanart/original/80381-3.jpg</ThumbnailPath>
  <VignettePath>fanart/vignette/80381-3.jpg</VignettePath>
</Banner>
<Banner>
  <id>147631</id>
  <BannerPath>fanart/original/80381-6.jpg</BannerPath>
  <BannerType>fanart</BannerType>
  <BannerType2>1280x720</BannerType2>
  <Colors></Colors>
  <Language>en</Language>
  <Rating></Rating>
  <RatingCount>0</RatingCount>
  <SeriesName>false</SeriesName>
  <ThumbnailPath>_cache/fanart/original/80381-6.jpg</ThumbnailPath>
  <VignettePath>fanart/vignette/80381-6.jpg</VignettePath>
</Banner>
<Banner>
  <id>919820</id>
  <BannerPath>fanart/original/80381-10.jpg</BannerPath>
  <BannerType>fanart</BannerType>
  <BannerType2>1920x1080</BannerType2>
  <Colors></Colors>
  <Language>fr</Language>
  <Rating></Rating>
  <RatingCount>0</RatingCount>
  <SeriesName>false</SeriesName>
  <ThumbnailPath>_cache/fanart/original/80381-10.jpg</ThumbnailPath>
  <VignettePath>fanart/vignette/80381-10.jpg</VignettePath>
</Banner>
<Banner>
  <id>147621</id>
  <BannerPath>fanart/original/80381-5.jpg</BannerPath>
  <BannerType>fanart</BannerType>
  <BannerType2>1280x720</BannerType2>
  <Colors></Colors>
  <Language>en</Language>
  <Rating></Rating>
  <RatingCount>0</RatingCount>
  <SeriesName>false</SeriesName>
  <ThumbnailPath>_cache/fanart/original/80381-5.jpg</ThumbnailPath>
  <VignettePath>fanart/vignette/80381-5.jpg</VignettePath>
</Banner>
<Banner>
  <id>919821</id>
  <BannerPath>fanart/original/80381-11.jpg</BannerPath>
  <BannerType>fanart</BannerType>
  <BannerType2>1920x1080</BannerType2>
  <Colors></Colors>
  <Language>fr</Language>
  <Rating></Rating>
  <RatingCount>0</RatingCount>
  <SeriesName>false</SeriesName>
  <ThumbnailPath>_cache/fanart/original/80381-11.jpg</ThumbnailPath>
  <VignettePath>fanart/vignette/80381-11.jpg</VignettePath>
</Banner>
<Banner>
  <id>919819</id>
  <BannerPath>fanart/original/80381-9.jpg</BannerPath>
  <BannerType>fanart</BannerType>
  <BannerType2>1920x1080</BannerType2>
  <Colors></Colors>
  <Language>fr</Language>
  <Rating></Rating>
  <RatingCount>0</RatingCount>
  <SeriesName>false</SeriesName>
  <ThumbnailPath>_cache/fanart/original/80381-9.jpg</ThumbnailPath>
  <VignettePath>fanart/vignette/80381-9.jpg</VignettePath>
</Banner>
<Banner>
  <id>919823</id>
  <BannerPath>fanart/original/80381-13.jpg</BannerPath>
  <BannerType>fanart</BannerType>
  <BannerType2>1920x1080</BannerType2>
  <Colors></Colors>
  <Language>fr</Language>
  <Rating></Rating>
  <RatingCount>0</RatingCount>
  <SeriesName>false</SeriesName>
  <ThumbnailPath>_cache/fanart/original/80381-13.jpg</ThumbnailPath>
  <VignettePath>fanart/vignette/80381-13.jpg</VignettePath>
</Banner>
<Banner>
  <id>124341</id>
  <BannerPath>posters/80381-2.jpg</BannerPath>
  <BannerType>poster</BannerType>
  <BannerType2>680x1000</BannerType2>
  <Language>en</Language>
  <Rating></Rating>
  <RatingCount>0</RatingCount>
</Banner>
<Banner>
  <id>128011</id>
  <BannerPath>posters/80381-3.jpg</BannerPath>
  <BannerType>poster</BannerType>
  <BannerType2>680x1000</BannerType2>
  <Language>en</Language>
  <Rating></Rating>
  <RatingCount>0</RatingCount>
</Banner>
<Banner>
  <id>31864</id>
  <BannerPath>posters/80381-1.jpg</BannerPath>
  <BannerType>poster</BannerType>
  <BannerType2>680x1000</BannerType2>
  <Language>en</Language>
  <Rating></Rating>
  <RatingCount>0</RatingCount>
</Banner>
<Banner>
  <id>467921</id>
  <BannerPath>seasons/80381-3.jpg</BannerPath>
  <BannerType>season</BannerType>
  <BannerType2>season</BannerType2>
  <Language>en</Language>
  <Rating></Rating>
  <RatingCount>0</RatingCount>
  <Season>3</Season>
</Banner>
<Banner>
  <id>19125</id>
  <BannerPath>seasons/80381-1.jpg</BannerPath>
  <BannerType>season</BannerType>
  <BannerType2>season</BannerType2>
  <Language>en</Language>
  <Rating></Rating>
  <RatingCount>0</RatingCount>
  <Season>1</Season>
</Banner>
<Banner>
  <id>78331</id>
  <BannerPath>seasons/80381-2-2.jpg</BannerPath>
  <BannerType>season</BannerType>
  <BannerType2>season</BannerType2>
  <Language>en</Language>
  <Rating></Rating>
  <RatingCount>0</RatingCount>
  <Season>2</Season>
</Banner>
<Banner>
  <id>28655</id>
  <BannerPath>seasons/80381-2.jpg</BannerPath>
  <BannerType>season</BannerType>
  <BannerType2>season</BannerType2>
  <Language>en</Language>
  <Rating></Rating>
  <RatingCount>0</RatingCount>
  <Season>2</Season>
</Banner>
<Banner>
  <id>44531</id>
  <BannerPath>graphical/80381-g3.jpg</BannerPath>
  <BannerType>series</BannerType>
  <BannerType2>graphical</BannerType2>
  <Language>en</Language>
  <Rating>10.0000</Rating>
  <RatingCount>1</RatingCount>
</Banner>
<Banner>
  <id>14887</id>
  <BannerPath>graphical/80381-g.jpg</BannerPath>
  <BannerType>series</BannerType>
  <BannerType2>graphical</BannerType2>
  <Language>en</Language>
  <Rating></Rating>
  <RatingCount>0</RatingCount>
</Banner>
<Banner>
  <id>14888</id>
  <BannerPath>graphical/80381-g2.jpg</BannerPath>
  <BannerType>series</BannerType>
  <BannerType2>graphical</BannerType2>
  <Language>en</Language>
  <Rating></Rating>
  <RatingCount>0</RatingCount>
</Banner>
</Banners>