<?xml version="1.0" encoding="UTF-8" ?>
<Data><Series>
  <id>80381</id>
  <Actors>|Holly Hunter|Kenneth Johnson|Leon Rippy|Gregory Cruz|Bailey Chase|Lorraine Toussaint|Bokeem Woodbine|Laura San Giacomo|</Actors>
  <Airs_DayOfWeek>Monday</Airs_DayOfWeek>
  <Airs_Time>10:00 PM</Airs_Time>
  <ContentRating>TV-MA</ContentRating>
  <FirstAired>2007-07-23</FirstAired>
  <Genre>|Drama|</Genre>
  <IMDB_ID>tt0830900</IMDB_ID>
  <Language>en</Language>
  <Network>TNT</Network>
  <NetworkID></NetworkID>
  <Overview>Academy Award winner Holly Hunter, making her television series debut, stars in this TNT drama series about a police detective with an emotional crisis living in Oklahoma City. A respected officer, Grace Hanadarko can't seem to run her personal life with the same sort of finesse she has in the field. Can a unlikely divine stranger influence her to get her life back on track? The series comes from FOX Television Studios and received a 13 episode order for it's first season.</Overview>
  <Rating>8.6</Rating>
  <RatingCount>8</RatingCount>
  <Runtime>60</Runtime>
  <SeriesID>72393</SeriesID>
  <SeriesName>Saving Grace</SeriesName>
  <Status>Ended</Status>
  <added></added>
  <addedBy></addedBy>
  <banner>graphical/80381-g3.jpg</banner>
  <fanart>fanart/original/80381-2.jpg</fanart>
  <lastupdated>1352512001</lastupdated>
  <poster>posters/80381-3.jpg</poster>
  <zap2it_id>SH934747</zap2it_id>
</Series>
<Episode>
  <id>4376984</id>
  <Combined_episodenumber>1</Combined_episodenumber>
  <Combined_season>0</Combined_season>
  <DVD_chapter></DVD_chapter>
  <DVD_discid></DVD_discid>
  <DVD_episodenumber></DVD_episodenumber>
  <DVD_season></DVD_season>
  <Director></Director>
  <EpImgFlag></EpImgFlag>
  <EpisodeName>Title Track Music Video</EpisodeName>
  <EpisodeNumber>1</EpisodeNumber>
  <FirstAired></FirstAired>
  <GuestStars>Erik Francis Schrody a.k.a. Everlast</GuestStars>
  <IMDB_ID></IMDB_ID>
  <Language>en</Language>
  <Overview>In 2007 Everlast was chosen to do the theme song for the TV show Saving Grace. The song plays during the show's main title sequence, and was originally released to digital outlets only, however, it was also included on Everlast's fifth solo album, Love, War and the Ghost of Whitey Ford and on the Saving Grace DVD collection.</Overview>
  <ProductionCode></ProductionCode>
  <Rating></Rating>
  <RatingCount>0</RatingCount>
  <SeasonNumber>0</SeasonNumber>
  <Writer></Writer>
  <absolute_number></absolute_number>
  <airsafter_season>3</airsafter_season>
  <airsbefore_episode></airsbefore_episode>
  <airsbefore_season></airsbefore_season>
  <filename></filename>
  <lastupdated>1344779780</lastupdated>
  <seasonid>28052</seasonid>
  <seriesid>80381</seriesid>
</Episode>
<Episode>
  <id>4434037</id>
  <Combined_episodenumber>2</Combined_episodenumber>
  <Combined_season>0</Combined_season>
  <DVD_chapter></DVD_chapter>
  <DVD_discid></DVD_discid>
  <DVD_episodenumber></DVD_episodenumber>
  <DVD_season></DVD_season>
  <Director></Director>
  <EpImgFlag></EpImgFlag>
  <EpisodeName>Behind The Scenes With Holly Hunter</EpisodeName>
  <EpisodeNumber>2</EpisodeNumber>
  <FirstAired></FirstAired>
  <GuestStars></GuestStars>
  <IMDB_ID></IMDB_ID>
  <Language>en</Language>
  <Overview></Overview>
  <ProductionCode></ProductionCode>
  <Rating></Rating>
  <RatingCount>0</RatingCount>
  <SeasonNumber>0</SeasonNumber>
  <Writer></Writer>
  <absolute_number></absolute_number>
  <airsafter_season></airsafter_season>
  <airsbefore_episode></airsbefore_episode>
  <airsbefore_season></airsbefore_season>
  <filename></filename>
  <lastupdated>1352504989</lastupdated>
  <seasonid>28052</seasonid>
  <seriesid>80381</seriesid>
</Episode>
<Episode>
  <id>4434044</id>
  <Combined_episodenumber>3</Combined_episodenumber>
  <Combined_season>0</Combined_season>
  <DVD_chapter></DVD_chapter>
  <DVD_discid></DVD_discid>
  <DVD_episodenumber></DVD_episodenumber>
  <DVD_season></DVD_season>
  <Director></Director>
  <EpImgFlag></EpImgFlag>
  <EpisodeName>On The Set</EpisodeName>
  <EpisodeNumber>3</EpisodeNumber>
  <FirstAired></FirstAired>
  <GuestStars></GuestStars>
  <IMDB_ID></IMDB_ID>
  <Language>en</Language>
  <Overview></Overview>
  <ProductionCode></ProductionCode>
  <Rating></Rating>
  <RatingCount>0</RatingCount>
  <SeasonNumber>0</SeasonNumber>
  <Writer></Writer>
  <absolute_number></absolute_number>
  <airsafter_season></airsafter_season>
  <airsbefore_episode></airsbefore_episode>
  <airsbefore_season></airsbefore_season>
  <filename></filename>
  <lastupdated>1352505023</lastupdated>
  <seasonid>28052</seasonid>
  <seriesid>80381</seriesid>
</Episode>
<Episode>
  <id>4434048</id>
  <Combined_episodenumber>4</Combined_episodenumber>
  <Combined_season>0</Combined_season>
  <DVD_chapter></DVD_chapter>
  <DVD_discid></DVD_discid>
  <DVD_episodenumber></DVD_episodenumber>
  <DVD_season></DVD_season>
  <Director></Director>
  <EpImgFlag></EpImgFlag>
  <EpisodeName>Conversation With Executive Producer Gary Randall</EpisodeName>
  <EpisodeNumber>4</EpisodeNumber>
  <FirstAired></FirstAired>
  <GuestStars></GuestStars>
  <IMDB_ID></IMDB_ID>
  <Language>en</Language>
  <Overview></Overview>
  <ProductionCode></ProductionCode>
  <Rating></Rating>
  <RatingCount>0</RatingCount>
  <SeasonNumber>0</SeasonNumber>
  <Writer></Writer>
  <absolute_number></absolute_number>
  <airsafter_season></airsafter_season>
  <airsbefore_episode></airsbefore_episode>
  <airsbefore_season></airsbefore_season>
  <filename></filename>
  <lastupdated>1352505058</lastupdated>
  <seasonid>28052</seasonid>
  <seriesid>80381</seriesid>
</Episode>
<Episode>
  <id>4434049</id>
  <Combined_episodenumber>5</Combined_episodenumber>
  <Combined_season>0</Combined_season>
  <DVD_chapter></DVD_chapter>
  <DVD_discid></DVD_discid>
  <DVD_episodenumber></DVD_episodenumber>
  <DVD_season></DVD_season>
  <Director></Director>
  <EpImgFlag></EpImgFlag>
  <EpisodeName>No Ordinary Angel - Behind The Scenes With Leon Rippy</EpisodeName>
  <EpisodeNumber>5</EpisodeNumber>
  <FirstAired></FirstAired>
  <GuestStars></GuestStars>
  <IMDB_ID></IMDB_ID>
  <Language>en</Language>
  <Overview></Overview>
  <ProductionCode></ProductionCode>
  <Rating></Rating>
  <RatingCount>0</RatingCount>
  <SeasonNumber>0</SeasonNumber>
  <Writer></Writer>
  <absolute_number></absolute_number>
  <airsafter_season></airsafter_season>
  <airsbefore_episode></airsbefore_episode>
  <airsbefore_season></airsbefore_season>
  <filename></filename>
  <lastupdated>1352505106</lastupdated>
  <seasonid>28052</seasonid>
  <seriesid>80381</seriesid>
</Episode>
<Episode>
  <id>4434050</id>
  <Combined_episodenumber>6</Combined_episodenumber>
  <Combined_season>0</Combined_season>
  <DVD_chapter></DVD_chapter>
  <DVD_discid></DVD_discid>
  <DVD_episodenumber></DVD_episodenumber>
  <DVD_season></DVD_season>
  <Director></Director>
  <EpImgFlag></EpImgFlag>
  <EpisodeName>Rhetta - Laura San Giacomo On Her Character</EpisodeName>
  <EpisodeNumber>6</EpisodeNumber>
  <FirstAired></FirstAired>
  <GuestStars></GuestStars>
  <IMDB_ID></IMDB_ID>
  <Language>en</Language>
  <Overview></Overview>
  <ProductionCode></ProductionCode>
  <Rating></Rating>
  <RatingCount>0</RatingCount>
  <SeasonNumber>0</SeasonNumber>
  <Writer></Writer>
  <absolute_number></absolute_number>
  <airsafter_season></airsafter_season>
  <airsbefore_episode></airsbefore_episode>
  <airsbefore_season></airsbefore_season>
  <filename></filename>
  <lastupdated>1352505144</lastupdated>
  <seasonid>28052</seasonid>
  <seriesid>80381</seriesid>
</Episode>
<Episode>
  <id>4434051</id>
  <Combined_episodenumber>7</Combined_episodenumber>
  <Combined_season>0</Combined_season>
  <DVD_chapter></DVD_chapter>
  <DVD_discid></DVD_discid>
  <DVD_episodenumber></DVD_episodenumber>
  <DVD_season></DVD_season>
  <Director></Director>
  <EpImgFlag></EpImgFlag>
  <EpisodeName>Saving Grace: Overview</EpisodeName>
  <EpisodeNumber>7</EpisodeNumber>
  <FirstAired></FirstAired>
  <GuestStars></GuestStars>
  <IMDB_ID></IMDB_ID>
  <Language>en</Language>
  <Overview></Overview>
  <ProductionCode></ProductionCode>
  <Rating></Rating>
  <RatingCount>0</RatingCount>
  <SeasonNumber>0</SeasonNumber>
  <Writer></Writer>
  <absolute_number></absolute_number>
  <airsafter_season></airsafter_season>
  <airsbefore_episode></airsbefore_episode>
  <airsbefore_season></airsbefore_season>
  <filename></filename>
  <lastupdated>1352505166</lastupdated>
  <seasonid>28052</seasonid>
  <seriesid>80381</seriesid>
</Episode>
<Episode>
  <id>4434052</id>
  <Combined_episodenumber>8</Combined_episodenumber>
  <Combined_season>0</Combined_season>
  <DVD_chapter></DVD_chapter>
  <DVD_discid></DVD_discid>
  <DVD_episodenumber></DVD_episodenumber>
  <DVD_season></DVD_season>
  <Director></Director>
  <EpImgFlag></EpImgFlag>
  <EpisodeName>Saving Grace Season 1 Rapid Recap</EpisodeName>
  <EpisodeNumber>8</EpisodeNumber>
  <FirstAired></FirstAired>
  <GuestStars></GuestStars>
  <IMDB_ID></IMDB_ID>
  <Language>en</Language>
  <Overview></Overview>
  <ProductionCode></ProductionCode>
  <Rating></Rating>
  <RatingCount>0</RatingCount>
  <SeasonNumber>0</SeasonNumber>
  <Writer></Writer>
  <absolute_number></absolute_number>
  <airsafter_season></airsafter_season>
  <airsbefore_episode></airsbefore_episode>
  <airsbefore_season></airsbefore_season>
  <filename></filename>
  <lastupdated>1352505198</lastupdated>
  <seasonid>28052</seasonid>
  <seriesid>80381</seriesid>
</Episode>
<Episode>
  <id>4434078</id>
  <Combined_episodenumber>9</Combined_episodenumber>
  <Combined_season>0</Combined_season>
  <DVD_chapter></DVD_chapter>
  <DVD_discid></DVD_discid>
  <DVD_episodenumber></DVD_episodenumber>
  <DVD_season></DVD_season>
  <Director></Director>
  <EpImgFlag></EpImgFlag>
  <EpisodeName>Have A Little Faith: Holly Hunter and Nancy Miller</EpisodeName>
  <EpisodeNumber>9</EpisodeNumber>
  <FirstAired></FirstAired>
  <GuestStars></GuestStars>
  <IMDB_ID></IMDB_ID>
  <Language>en</Language>
  <Overview></Overview>
  <ProductionCode></ProductionCode>
  <Rating></Rating>
  <RatingCount>0</RatingCount>
  <SeasonNumber>0</SeasonNumber>
  <Writer></Writer>
  <absolute_number></absolute_number>
  <airsafter_season></airsafter_season>
  <airsbefore_episode></airsbefore_episode>
  <airsbefore_season></airsbefore_season>
  <filename></filename>
  <lastupdated>1352512063</lastupdated>
  <seasonid>28052</seasonid>
  <seriesid>80381</seriesid>
</Episode>
<Episode>
  <id>4434079</id>
  <Combined_episodenumber>10</Combined_episodenumber>
  <Combined_season>0</Combined_season>
  <DVD_chapter></DVD_chapter>
  <DVD_discid></DVD_discid>
  <DVD_episodenumber></DVD_episodenumber>
  <DVD_season></DVD_season>
  <Director></Director>
  <EpImgFlag></EpImgFlag>
  <EpisodeName>The Wrap Party Red Carpet, With Dylan Minnette</EpisodeName>
  <EpisodeNumber>10</EpisodeNumber>
  <FirstAired></FirstAired>
  <GuestStars></GuestStars>
  <IMDB_ID></IMDB_ID>
  <Language>en</Language>
  <Overview></Overview>
  <ProductionCode></ProductionCode>
  <Rating></Rating>
  <RatingCount>0</RatingCount>
  <SeasonNumber>0</SeasonNumber>
  <Writer></Writer>
  <absolute_number></absolute_number>
  <airsafter_season></airsafter_season>
  <airsbefore_episode></airsbefore_episode>
  <airsbefore_season></airsbefore_season>
  <filename></filename>
  <lastupdated>1352512098</lastupdated>
  <seasonid>28052</seasonid>
  <seriesid>80381</seriesid>
</Episode>
<Episode>
  <id>332808</id>
  <Combined_episodenumber>1</Combined_episodenumber>
  <Combined_season>1</Combined_season>
  <DVD_chapter></DVD_chapter>
  <DVD_discid></DVD_discid>
  <DVD_episodenumber></DVD_episodenumber>
  <DVD_season></DVD_season>
  <Director>Sergio Mimica-Gezzan</Director>
  <EpImgFlag></EpImgFlag>
  <EpisodeName>Pilot</EpisodeName>
  <EpisodeNumber>1</EpisodeNumber>
  <FirstAired>2007-07-23</FirstAired>
  <GuestStars>Chad Nobert|Dean Barrett|David Spence|Steve Rankin|Andrew Jenkins|Kirk Heuser|Lane Fraser|Gabrielle Casha|Bob Dyck|Brooklynn Proulx|Roger Aaron Brown</GuestStars>
  <IMDB_ID></IMDB_ID>
  <Language>en</Language>
  <Overview>Grace Hanadarko is an Oklahoma City police detective with an alcohol problem and a self-destructive lifestyle. After she hits a man with her car while driving drunk, she asks God for help and an angel named Earl appears. Earl wants to help her find the right path of life again, but it is going to be a hard piece of work for both of them.</Overview>
  <ProductionCode>101</ProductionCode>
  <Rating>7.2</Rating>
  <RatingCount>5</RatingCount>
  <SeasonNumber>1</SeasonNumber>
  <Writer>Nancy Miller</Writer>
  <absolute_number></absolute_number>
  <filename>episodes/80381/332808.jpg</filename>
  <lastupdated>1264002181</lastupdated>
  <seasonid>28108</seasonid>
  <seriesid>80381</seriesid>
</Episode>
<Episode>
  <id>332809</id>
  <Combined_episodenumber>2</Combined_episodenumber>
  <Combined_season>1</Combined_season>
  <DVD_chapter></DVD_chapter>
  <DVD_discid></DVD_discid>
  <DVD_episodenumber></DVD_episodenumber>
  <DVD_season></DVD_season>
  <Director>Guy Ferland</Director>
  <EpImgFlag></EpImgFlag>
  <EpisodeName>Bring It On, Earl</EpisodeName>
  <EpisodeNumber>2</EpisodeNumber>
  <FirstAired>2007-07-30</FirstAired>
  <GuestStars></GuestStars>
  <IMDB_ID></IMDB_ID>
  <Language>en</Language>
  <Overview>Grace and her team investigate the murder of an oilman. Meanwhile, Ham discovers Grace's romantic past with Butch Stillwater, which puts a strain on their relationship. Grace sets out to prove her courage by challenging Earl to a wrestling match.</Overview>
  <ProductionCode></ProductionCode>
  <Rating>8.5</Rating>
  <RatingCount>2</RatingCount>
  <SeasonNumber>1</SeasonNumber>
  <Writer>Nancy Miller</Writer>
  <absolute_number></absolute_number>
  <filename>episodes/80381/332809.jpg</filename>
  <lastupdated>1264002299</lastupdated>
  <seasonid>28108</seasonid>
  <seriesid>80381</seriesid>
</Episode>
<Episode>
  <id>333164</id>
  <Combined_episodenumber>3</Combined_episodenumber>
  <Combined_season>1</Combined_season>
  <DVD_chapter></DVD_chapter>
  <DVD_discid></DVD_discid>
  <DVD_episodenumber></DVD_episodenumber>
  <DVD_season></DVD_season>
  <Director>Dean White</Director>
  <EpImgFlag></EpImgFlag>
  <EpisodeName>Bless Me, Father, for I Have Sinned</EpisodeName>
  <EpisodeNumber>3</EpisodeNumber>
  <FirstAired>2007-08-06</FirstAired>
  <GuestStars></GuestStars>
  <IMDB_ID></IMDB_ID>
  <Language>en</Language>
  <Overview>Grace and her team investigate the murder of a manager of a sleazy local motel. The investigation eventually leads to a maid, who claims the victim was trying to rape her. Complications arise when a local priest offers her the right of sanctuary. Meanwhile, Grace begins to accept Earl's presence in her life.</Overview>
  <ProductionCode></ProductionCode>
  <Rating>8.0</Rating>
  <RatingCount>2</RatingCount>
  <SeasonNumber>1</SeasonNumber>
  <Writer>Joseph Dougherty</Writer>
  <absolute_number></absolute_number>
  <filename>episodes/80381/333164.jpg</filename>
  <lastupdated>1264002275</lastupdated>
  <seasonid>28108</seasonid>
  <seriesid>80381</seriesid>
</Episode>
<Episode>
  <id>333165</id>
  <Combined_episodenumber>4</Combined_episodenumber>
  <Combined_season>1</Combined_season>
  <DVD_chapter></DVD_chapter>
  <DVD_discid></DVD_discid>
  <DVD_episodenumber></DVD_episodenumber>
  <DVD_season></DVD_season>
  <Director>Sergio Mimica-Gezzan</Director>
  <EpImgFlag></EpImgFlag>
  <EpisodeName>Keep Your Damn Wings Off My Nephew</EpisodeName>
  <EpisodeNumber>4</EpisodeNumber>
  <FirstAired>2007-08-13</FirstAired>
  <GuestStars></GuestStars>
  <IMDB_ID></IMDB_ID>
  <Language>en</Language>
  <Overview>A 17-year-old devout Christian comes under attack just days before he’s scheduled to testify in a murder trial. In order to ensure his safety, Grace allows him to move in with her. But Grace can only handle so much preaching, so she ropes the guys into helping her watch over him. Grace gets pissed when Earl uses Leon Cooley and her nephew, Clay, to get her attention.</Overview>
  <ProductionCode></ProductionCode>
  <Rating>6.7</Rating>
  <RatingCount>3</RatingCount>
  <SeasonNumber>1</SeasonNumber>
  <Writer>Roger Wolfson</Writer>
  <absolute_number></absolute_number>
  <filename>episodes/80381/333165.jpg</filename>
  <lastupdated>1264002350</lastupdated>
  <seasonid>28108</seasonid>
  <seriesid>80381</seriesid>
</Episode>
<Episode>
  <id>333166</id>
  <Combined_episodenumber>5</Combined_episodenumber>
  <Combined_season>1</Combined_season>
  <DVD_chapter></DVD_chapter>
  <DVD_discid></DVD_discid>
  <DVD_episodenumber></DVD_episodenumber>
  <DVD_season></DVD_season>
  <Director>David Von Ancken</Director>
  <EpImgFlag></EpImgFlag>
  <EpisodeName>Would You Want Me To Tell You?</EpisodeName>
  <EpisodeNumber>5</EpisodeNumber>
  <FirstAired>2007-08-20</FirstAired>
  <GuestStars></GuestStars>
  <IMDB_ID></IMDB_ID>
  <Language>en</Language>
  <Overview>Grace and Ham play cops and robbers with toy guns. Grace’s favorite Aunt Cathy comes to town – has a run in with Earl, clashes with Betty – and reveals some shocking news. But first-- Rhetta, Grace, and Aunt Cathy get drunk and remember old times. Meanwhile, cattle tycoon Alvin Green’s world begins to crumble after his lucky bull statue is stolen. He insists Major Crimes take the case. When Grace’s father has a fire station named after him, Grace’s family comes together for the dedication ceremony. Henry’s cat dies and Grace comforts him the only way she knows how.</Overview>
  <ProductionCode></ProductionCode>
  <Rating>8.0</Rating>
  <RatingCount>2</RatingCount>
  <SeasonNumber>1</SeasonNumber>
  <Writer>Hans Tobeason</Writer>
  <absolute_number></absolute_number>
  <filename>episodes/80381/333166.jpg</filename>
  <lastupdated>1329643425</lastupdated>
  <seasonid>28108</seasonid>
  <seriesid>80381</seriesid>
</Episode>
<Episode>
  <id>333167</id>
  <Combined_episodenumber>6</Combined_episodenumber>
  <Combined_season>1</Combined_season>
  <DVD_chapter></DVD_chapter>
  <DVD_discid></DVD_discid>
  <DVD_episodenumber></DVD_episodenumber>
  <DVD_season></DVD_season>
  <Director>Gloria Muzio</Director>
  <EpImgFlag></EpImgFlag>
  <EpisodeName>And You Wonder Why I Lie</EpisodeName>
  <EpisodeNumber>6</EpisodeNumber>
  <FirstAired>2007-08-27</FirstAired>
  <GuestStars></GuestStars>
  <IMDB_ID></IMDB_ID>
  <Language>en</Language>
  <Overview>The death of an alleged call girl in a flight attendant’s uniform leads Grace and the guys to investigate a notorious Oklahoma crime family. Grace is finally confronted by Ham’s wife about the affair. A financially-strapped Rhetta gets excited about making two grand as an expert witness. And Grace and Rhetta hatch a secret plan for Rhetta to meet Earl.</Overview>
  <ProductionCode></ProductionCode>
  <Rating>8.5</Rating>
  <RatingCount>2</RatingCount>
  <SeasonNumber>1</SeasonNumber>
  <Writer>Annie Brunner</Writer>
  <absolute_number></absolute_number>
  <filename>episodes/80381/333167.jpg</filename>
  <lastupdated>1329643580</lastupdated>
  <seasonid>28108</seasonid>
  <seriesid>80381</seriesid>
</Episode>
<Episode>
  <id>333168</id>
  <Combined_episodenumber>7</Combined_episodenumber>
  <Combined_season>1</Combined_season>
  <DVD_chapter></DVD_chapter>
  <DVD_discid></DVD_discid>
  <DVD_episodenumber></DVD_episodenumber>
  <DVD_season></DVD_season>
  <Director></Director>
  <EpImgFlag></EpImgFlag>
  <EpisodeName>Yeehaw, Geepaw</EpisodeName>
  <EpisodeNumber>7</EpisodeNumber>
  <FirstAired>2007-09-03</FirstAired>
  <GuestStars></GuestStars>
  <IMDB_ID></IMDB_ID>
  <Language>en</Language>
  <Overview>Grace and the guys investigate the murder of a “crispy critter” in the Oklahoma countryside and Bobby soon discovers the deceased was one of his mentees. Grace enlists the help of her Native American grandfather, “Geepaw,” to help with the case, but is shocked when she sees how quickly his health is deteriorating. Grace and her sister, Paige, fight over many things, including Geepaw’s future in a nursing home. Earl tries to make Grace realize the importance of family… and Grace and Butch rekindle their passion.</Overview>
  <ProductionCode></ProductionCode>
  <Rating>8.5</Rating>
  <RatingCount>2</RatingCount>
  <SeasonNumber>1</SeasonNumber>
  <Writer></Writer>
  <absolute_number></absolute_number>
  <filename>episodes/80381/333168.jpg</filename>
  <lastupdated>1330257384</lastupdated>
  <seasonid>28108</seasonid>
  <seriesid>80381</seriesid>
</Episode>
<Episode>
  <id>335043</id>
  <Combined_episodenumber>8</Combined_episodenumber>
  <Combined_season>1</Combined_season>
  <DVD_chapter></DVD_chapter>
  <DVD_discid></DVD_discid>
  <DVD_episodenumber></DVD_episodenumber>
  <DVD_season></DVD_season>
  <Director>Artie Mandelberg</Director>
  <EpImgFlag>2</EpImgFlag>
  <EpisodeName>Everything's Got a Shelf Life</EpisodeName>
  <EpisodeNumber>8</EpisodeNumber>
  <FirstAired>2007-09-10</FirstAired>
  <GuestStars>Shiek Mahmud-Bey|Malcolm David Kelley|Adina Porter|Mykel Shannon Jenkins|L. Scott Caldwell|Troy Winbush|S.E. Perry|Jeris Lee Poindexter|Cleavon McClendon III</GuestStars>
  <IMDB_ID></IMDB_ID>
  <Language>en</Language>
  <Overview>During the raid on a killer's house, Grace gets shot and almost dies, while another policeman isn't as lucky as her and gets shot to death.
Meanwhile, Leon Cooley has to deal with his ex-wife marrying another man, who might adopt his son.</Overview>
  <ProductionCode>108</ProductionCode>
  <Rating>10.0</Rating>
  <RatingCount>1</RatingCount>
  <SeasonNumber>1</SeasonNumber>
  <Writer>Talicia Raggs</Writer>
  <absolute_number></absolute_number>
  <filename>episodes/80381/335043.jpg</filename>
  <lastupdated>1330257644</lastupdated>
  <seasonid>28108</seasonid>
  <seriesid>80381</seriesid>
</Episode>
<Episode>
  <id>335044</id>
  <Combined_episodenumber>9</Combined_episodenumber>
  <Combined_season>1</Combined_season>
  <DVD_chapter></DVD_chapter>
  <DVD_discid></DVD_discid>
  <DVD_episodenumber></DVD_episodenumber>
  <DVD_season></DVD_season>
  <Director>Tricia Brock</Director>
  <EpImgFlag>2</EpImgFlag>
  <EpisodeName>A Language of Angels</EpisodeName>
  <EpisodeNumber>9</EpisodeNumber>
  <FirstAired>2007-09-17</FirstAired>
  <GuestStars>Chris Mulkey|Brian Gross|Salvator Xuereb|Keram Malicki-Sanchez|Chastity Dotson|Ronald William Lawrence|Jim O'Heir|Katie Walder|Lorraine Toussaint</GuestStars>
  <IMDB_ID></IMDB_ID>
  <Language>en</Language>
  <Overview>A crime from 11 years ago is on Grace's thoughts due to a new case.</Overview>
  <ProductionCode>109</ProductionCode>
  <Rating>10.0</Rating>
  <RatingCount>1</RatingCount>
  <SeasonNumber>1</SeasonNumber>
  <Writer>Mark Israel</Writer>
  <absolute_number></absolute_number>
  <filename>episodes/80381/335044.jpg</filename>
  <lastupdated>1283772825</lastupdated>
  <seasonid>28108</seasonid>
  <seriesid>80381</seriesid>
</Episode>
<Episode>
  <id>344453</id>
  <Combined_episodenumber>10</Combined_episodenumber>
  <Combined_season>1</Combined_season>
  <DVD_chapter></DVD_chapter>
  <DVD_discid></DVD_discid>
  <DVD_episodenumber></DVD_episodenumber>
  <DVD_season></DVD_season>
  <Director></Director>
  <EpImgFlag>2</EpImgFlag>
  <EpisodeName>It's Better When I Can See You</EpisodeName>
  <EpisodeNumber>10</EpisodeNumber>
  <FirstAired>2007-12-03</FirstAired>
  <GuestStars></GuestStars>
  <IMDB_ID></IMDB_ID>
  <Language>en</Language>
  <Overview>3 children are killed in a bus accident and Grace's investigation is interrupted by bad weather as tornadoes rip through the city.</Overview>
  <ProductionCode></ProductionCode>
  <Rating>8.5</Rating>
  <RatingCount>2</RatingCount>
  <SeasonNumber>1</SeasonNumber>
  <Writer></Writer>
  <absolute_number></absolute_number>
  <filename>episodes/80381/344453.jpg</filename>
  <lastupdated>1283772854</lastupdated>
  <seasonid>28108</seasonid>
  <seriesid>80381</seriesid>
</Episode>
<Episode>
  <id>344454</id>
  <Combined_episodenumber>11</Combined_episodenumber>
  <Combined_season>1</Combined_season>
  <DVD_chapter></DVD_chapter>
  <DVD_discid></DVD_discid>
  <DVD_episodenumber></DVD_episodenumber>
  <DVD_season></DVD_season>
  <Director></Director>
  <EpImgFlag>2</EpImgFlag>
  <EpisodeName>This Is Way Too Normal For You</EpisodeName>
  <EpisodeNumber>11</EpisodeNumber>
  <FirstAired>2007-12-10</FirstAired>
  <GuestStars></GuestStars>
  <IMDB_ID></IMDB_ID>
  <Language>en</Language>
  <Overview>A home for the mentally challenged is the target area of investigation when a robbery occurs involving a man with Down Syndrome.</Overview>
  <ProductionCode></ProductionCode>
  <Rating>10.0</Rating>
  <RatingCount>2</RatingCount>
  <SeasonNumber>1</SeasonNumber>
  <Writer></Writer>
  <absolute_number></absolute_number>
  <filename>episodes/80381/344454.jpg</filename>
  <lastupdated>1283772882</lastupdated>
  <seasonid>28108</seasonid>
  <seriesid>80381</seriesid>
</Episode>
<Episode>
  <id>344455</id>
  <Combined_episodenumber>12</Combined_episodenumber>
  <Combined_season>1</Combined_season>
  <DVD_chapter></DVD_chapter>
  <DVD_discid></DVD_discid>
  <DVD_episodenumber></DVD_episodenumber>
  <DVD_season></DVD_season>
  <Director></Director>
  <EpImgFlag>2</EpImgFlag>
  <EpisodeName>Is There A Scarlet Letter On My Breast?</EpisodeName>
  <EpisodeNumber>12</EpisodeNumber>
  <FirstAired>2007-12-17</FirstAired>
  <GuestStars></GuestStars>
  <IMDB_ID></IMDB_ID>
  <Language>en</Language>
  <Overview>A defense attorney from Los Angeles comes to town for a murder trial and his presence may influence the team in professional and personal areas of their lives.</Overview>
  <ProductionCode></ProductionCode>
  <Rating>10.0</Rating>
  <RatingCount>2</RatingCount>
  <SeasonNumber>1</SeasonNumber>
  <Writer></Writer>
  <absolute_number></absolute_number>
  <filename>episodes/80381/344455.jpg</filename>
  <lastupdated>1283772906</lastupdated>
  <seasonid>28108</seasonid>
  <seriesid>80381</seriesid>
</Episode>
<Episode>
  <id>344456</id>
  <Combined_episodenumber>13</Combined_episodenumber>
  <Combined_season>1</Combined_season>
  <DVD_chapter></DVD_chapter>
  <DVD_discid></DVD_discid>
  <DVD_episodenumber></DVD_episodenumber>
  <DVD_season></DVD_season>
  <Director></Director>
  <EpImgFlag>2</EpImgFlag>
  <EpisodeName>Taco, Tulips, Duck and Spices</EpisodeName>
  <EpisodeNumber>13</EpisodeNumber>
  <FirstAired>2007-12-24</FirstAired>
  <GuestStars></GuestStars>
  <IMDB_ID></IMDB_ID>
  <Language>en</Language>
  <Overview>A photo of Grace's sister, Paige, is found in a burning car.</Overview>
  <ProductionCode></ProductionCode>
  <Rating>10.0</Rating>
  <RatingCount>1</RatingCount>
  <SeasonNumber>1</SeasonNumber>
  <Writer></Writer>
  <absolute_number></absolute_number>
  <filename>episodes/80381/344456.jpg</filename>
  <lastupdated>1283772929</lastupdated>
  <seasonid>28108</seasonid>
  <seriesid>80381</seriesid>
</Episode>
<Episode>
  <id>375414</id>
  <Combined_episodenumber>1</Combined_episodenumber>
  <Combined_season>2</Combined_season>
  <DVD_chapter></DVD_chapter>
  <DVD_discid></DVD_discid>
  <DVD_episodenumber></DVD_episodenumber>
  <DVD_season></DVD_season>
  <Director>Artie Mandelberg</Director>
  <EpImgFlag>2</EpImgFlag>
  <EpisodeName>Have a Seat, Earl</EpisodeName>
  <EpisodeNumber>1</EpisodeNumber>
  <FirstAired>2008-07-14</FirstAired>
  <GuestStars>Steven Culp|Rene Auberjonois|Tom Irwin|Mark L. Taylor|Mary-Margaret Humes|Tamlyn Tomita|Dean Norris|Peter White|Andi Carnick|Jessica Walter</GuestStars>
  <IMDB_ID></IMDB_ID>
  <Language>en</Language>
  <Overview>Grace struggles with what she should do about father Murphy. Off duty from calling in sick she winds up capturing number six on the FBI's most wanted list while meeting Gretta. After Grace brings in father Murphy he winds up dead and she's suspected. </Overview>
  <ProductionCode></ProductionCode>
  <Rating>8.0</Rating>
  <RatingCount>1</RatingCount>
  <SeasonNumber>2</SeasonNumber>
  <Writer>Nancy Miller</Writer>
  <absolute_number></absolute_number>
  <filename>episodes/80381/375414.jpg</filename>
  <lastupdated>1304074507</lastupdated>
  <seasonid>33673</seasonid>
  <seriesid>80381</seriesid>
</Episode>
<Episode>
  <id>376286</id>
  <Combined_episodenumber>2</Combined_episodenumber>
  <Combined_season>2</Combined_season>
  <DVD_chapter></DVD_chapter>
  <DVD_discid></DVD_discid>
  <DVD_episodenumber></DVD_episodenumber>
  <DVD_season></DVD_season>
  <Director>Guy Ferland</Director>
  <EpImgFlag>2</EpImgFlag>
  <EpisodeName>A Survivor Lives Here</EpisodeName>
  <EpisodeNumber>2</EpisodeNumber>
  <FirstAired>2008-07-21</FirstAired>
  <GuestStars>Betty Murphy|David Gallagher|Dee Wallace Stone|Sam Murphy|Anna Osceola|Ronald William Lawrence</GuestStars>
  <IMDB_ID></IMDB_ID>
  <Language>en</Language>
  <Overview>Grace is called to the crime scene where there is blood everywhere but no body; Ham and his wife separate; a ketchup and mustard incident becomes a running joke around the squad room.</Overview>
  <ProductionCode></ProductionCode>
  <Rating>9.0</Rating>
  <RatingCount>1</RatingCount>
  <SeasonNumber>2</SeasonNumber>
  <Writer>Mark Israel|Talicia Raggs</Writer>
  <absolute_number></absolute_number>
  <filename>episodes/80381/376286.jpg</filename>
  <lastupdated>1304073868</lastupdated>
  <seasonid>33673</seasonid>
  <seriesid>80381</seriesid>
</Episode>
<Episode>
  <id>376287</id>
  <Combined_episodenumber>3</Combined_episodenumber>
  <Combined_season>2</Combined_season>
  <DVD_chapter></DVD_chapter>
  <DVD_discid></DVD_discid>
  <DVD_episodenumber></DVD_episodenumber>
  <DVD_season></DVD_season>
  <Director>Adam Davidson</Director>
  <EpImgFlag>2</EpImgFlag>
  <EpisodeName>A Little Hometown Love</EpisodeName>
  <EpisodeNumber>3</EpisodeNumber>
  <FirstAired>2008-07-28</FirstAired>
  <GuestStars>Wesley Harris|Amy Madigan|Marlon Young|Judson Mills|Josh Cooke|Steven Culp</GuestStars>
  <IMDB_ID></IMDB_ID>
  <Language>en</Language>
  <Overview>The squad's evidence supervisor is found dead in a bathroom stall at the local cop hang-out; Ham's brother comes to visit before being deployed; Grace and Leon dream about each other.</Overview>
  <ProductionCode></ProductionCode>
  <Rating>8.0</Rating>
  <RatingCount>1</RatingCount>
  <SeasonNumber>2</SeasonNumber>
  <Writer>Roger Wolfson|Hans Tobeason</Writer>
  <absolute_number></absolute_number>
  <filename>episodes/80381/376287.jpg</filename>
  <lastupdated>1304073947</lastupdated>
  <seasonid>33673</seasonid>
  <seriesid>80381</seriesid>
</Episode>
<Episode>
  <id>377299</id>
  <Combined_episodenumber>4</Combined_episodenumber>
  <Combined_season>2</Combined_season>
  <DVD_chapter></DVD_chapter>
  <DVD_discid></DVD_discid>
  <DVD_episodenumber></DVD_episodenumber>
  <DVD_season></DVD_season>
  <Director>|Gary A. Randall|</Director>
  <EpImgFlag>2</EpImgFlag>
  <EpisodeName>It's a Fierce, White Hot Mighty Love</EpisodeName>
  <EpisodeNumber>4</EpisodeNumber>
  <FirstAired>2008-08-04</FirstAired>
  <GuestStars>|Car'ynn Sims|Emily Wachtel|Chris Mulkey|Lisa Sheridan|Hallee Hirsh|Braeden LeMasters|Fredric Lehne|Jake Richardson|</GuestStars>
  <IMDB_ID></IMDB_ID>
  <Language>en</Language>
  <Overview>A mother goes missing; Clay joins the OCPD Explorers program against his father's wishes and confronts Ham about his affair with Grace; Butch becomes the target of a stalker.</Overview>
  <ProductionCode>204</ProductionCode>
  <Rating>7.0</Rating>
  <RatingCount>1</RatingCount>
  <SeasonNumber>2</SeasonNumber>
  <Writer>|Annie Brunner|</Writer>
  <absolute_number></absolute_number>
  <filename>episodes/80381/377299.jpg</filename>
  <lastupdated>1304073988</lastupdated>
  <seasonid>33673</seasonid>
  <seriesid>80381</seriesid>
</Episode>
<Episode>
  <id>378153</id>
  <Combined_episodenumber>5</Combined_episodenumber>
  <Combined_season>2</Combined_season>
  <DVD_chapter></DVD_chapter>
  <DVD_discid></DVD_discid>
  <DVD_episodenumber></DVD_episodenumber>
  <DVD_season></DVD_season>
  <Director></Director>
  <EpImgFlag>2</EpImgFlag>
  <EpisodeName>Do You Love Him?</EpisodeName>
  <EpisodeNumber>5</EpisodeNumber>
  <FirstAired>2008-08-11</FirstAired>
  <GuestStars></GuestStars>
  <IMDB_ID></IMDB_ID>
  <Language>en</Language>
  <Overview>A large stash of money is found in Grace's car when the door is knocked off by a drunken driver; Ham's little brother disappears in Afghanistan.</Overview>
  <ProductionCode>205</ProductionCode>
  <Rating></Rating>
  <RatingCount>0</RatingCount>
  <SeasonNumber>2</SeasonNumber>
  <Writer></Writer>
  <absolute_number></absolute_number>
  <filename>episodes/80381/378153.jpg</filename>
  <lastupdated>1304074038</lastupdated>
  <seasonid>33673</seasonid>
  <seriesid>80381</seriesid>
</Episode>
<Episode>
  <id>379440</id>
  <Combined_episodenumber>6</Combined_episodenumber>
  <Combined_season>2</Combined_season>
  <DVD_chapter></DVD_chapter>
  <DVD_discid></DVD_discid>
  <DVD_episodenumber></DVD_episodenumber>
  <DVD_season></DVD_season>
  <Director>Gwyneth Horder-Payton</Director>
  <EpImgFlag>2</EpImgFlag>
  <EpisodeName>Are You an Indian Princess?</EpisodeName>
  <EpisodeNumber>6</EpisodeNumber>
  <FirstAired>2008-08-18</FirstAired>
  <GuestStars>|Mark L. Taylor|Camillia Sanes|Robyn Lively|Hedy Burress|Ryan Carnes|Andrew Astor|Camille Saviola|Elsa Ramon|McKenzie Applegate|Phil Abrams|Kristoffer Winters|</GuestStars>
  <IMDB_ID></IMDB_ID>
  <Language>en</Language>
  <Overview>A woman is brutally murdered and her son is abducted; the squad works frantically to find the missing boy; Bobby surprises the squad and his family by going under cover; Ham continues to struggle with his personal loss.</Overview>
  <ProductionCode>206</ProductionCode>
  <Rating>8.0</Rating>
  <RatingCount>1</RatingCount>
  <SeasonNumber>2</SeasonNumber>
  <Writer>|Mark Israel|Roger Wolfson|</Writer>
  <absolute_number></absolute_number>
  <filename>episodes/80381/379440.jpg</filename>
  <lastupdated>1304074107</lastupdated>
  <seasonid>33673</seasonid>
  <seriesid>80381</seriesid>
</Episode>
<Episode>
  <id>380961</id>
  <Combined_episodenumber>7</Combined_episodenumber>
  <Combined_season>2</Combined_season>
  <DVD_chapter></DVD_chapter>
  <DVD_discid></DVD_discid>
  <DVD_episodenumber></DVD_episodenumber>
  <DVD_season></DVD_season>
  <Director>Gary A. Randall</Director>
  <EpImgFlag>2</EpImgFlag>
  <EpisodeName>You Are My Partner</EpisodeName>
  <EpisodeNumber>7</EpisodeNumber>
  <FirstAired>2008-08-25</FirstAired>
  <GuestStars>|Mark L. Taylor|Jack Conley|Andrea Fay Friedman|Ed Corbin|Graham Shiels|Geoffrey Blake|Mariette Hartley|Dyana Ortelli|</GuestStars>
  <IMDB_ID></IMDB_ID>
  <Language>en</Language>
  <Overview>A young Mexican woman dies at the hospital after being dropped off by a known white supremacist;  Ham continues to struggle.</Overview>
  <ProductionCode>207</ProductionCode>
  <Rating>7.0</Rating>
  <RatingCount>1</RatingCount>
  <SeasonNumber>2</SeasonNumber>
  <Writer>Hans Tobeason</Writer>
  <absolute_number></absolute_number>
  <filename>episodes/80381/380961.jpg</filename>
  <lastupdated>1304074143</lastupdated>
  <seasonid>33673</seasonid>
  <seriesid>80381</seriesid>
</Episode>
<Episode>
  <id>440061</id>
  <Combined_episodenumber>8</Combined_episodenumber>
  <Combined_season>2</Combined_season>
  <DVD_chapter></DVD_chapter>
  <DVD_discid></DVD_discid>
  <DVD_episodenumber></DVD_episodenumber>
  <DVD_season></DVD_season>
  <Director>Artie Mandelberg</Director>
  <EpImgFlag>2</EpImgFlag>
  <EpisodeName>The Heart of a Cop</EpisodeName>
  <EpisodeNumber>8</EpisodeNumber>
  <FirstAired>2009-03-02</FirstAired>
  <GuestStars>|Christina Ricci|Mark L. Taylor|Jessica Tuck|Tim Guinee|Thomas Vincent Kelly|Michael Cudlitz|Vanessa Angel|</GuestStars>
  <IMDB_ID></IMDB_ID>
  <Language>en</Language>
  <Overview>The squad tracks down a serial killer who has been mutilating women; Ham is temporarily partnered with Butch during Bobby's absence; Earl tries to persuade Grace to help Leon.</Overview>
  <ProductionCode></ProductionCode>
  <Rating></Rating>
  <RatingCount>0</RatingCount>
  <SeasonNumber>2</SeasonNumber>
  <Writer>|Joseph Dougherty|Denitria Harris-Lawrence|</Writer>
  <absolute_number></absolute_number>
  <filename>episodes/80381/440061.jpg</filename>
  <lastupdated>1304074192</lastupdated>
  <seasonid>33673</seasonid>
  <seriesid>80381</seriesid>
</Episode>
<Episode>
  <id>441082</id>
  <Combined_episodenumber>9</Combined_episodenumber>
  <Combined_season>2</Combined_season>
  <DVD_chapter></DVD_chapter>
  <DVD_discid></DVD_discid>
  <DVD_episodenumber></DVD_episodenumber>
  <DVD_season></DVD_season>
  <Director></Director>
  <EpImgFlag>2</EpImgFlag>
  <EpisodeName>Do You Believe in Second Chances?</EpisodeName>
  <EpisodeNumber>9</EpisodeNumber>
  <FirstAired>2009-03-09</FirstAired>
  <GuestStars></GuestStars>
  <IMDB_ID></IMDB_ID>
  <Language>en</Language>
  <Overview>A teenage girl dies at a school friend's party that Grace's niece was at; Grace has a new partner; Johnny tries to learn more about Earl.</Overview>
  <ProductionCode></ProductionCode>
  <Rating></Rating>
  <RatingCount>0</RatingCount>
  <SeasonNumber>2</SeasonNumber>
  <Writer></Writer>
  <absolute_number></absolute_number>
  <filename>episodes/80381/441082.jpg</filename>
  <lastupdated>1304074242</lastupdated>
  <seasonid>33673</seasonid>
  <seriesid>80381</seriesid>
</Episode>
<Episode>
  <id>443626</id>
  <Combined_episodenumber>10</Combined_episodenumber>
  <Combined_season>2</Combined_season>
  <DVD_chapter></DVD_chapter>
  <DVD_discid></DVD_discid>
  <DVD_episodenumber></DVD_episodenumber>
  <DVD_season></DVD_season>
  <Director></Director>
  <EpImgFlag>2</EpImgFlag>
  <EpisodeName>Take Me Somewhere Earl</EpisodeName>
  <EpisodeNumber>10</EpisodeNumber>
  <FirstAired>2009-03-16</FirstAired>
  <GuestStars></GuestStars>
  <IMDB_ID></IMDB_ID>
  <Language>en</Language>
  <Overview>The team blows Bobby's cover when they investigate a murder; Grace has suspicions about Abby; Rhetta and Johnny meet with Leon.</Overview>
  <ProductionCode></ProductionCode>
  <Rating></Rating>
  <RatingCount>0</RatingCount>
  <SeasonNumber>2</SeasonNumber>
  <Writer></Writer>
  <absolute_number></absolute_number>
  <filename>episodes/80381/443626.jpg</filename>
  <lastupdated>1304074276</lastupdated>
  <seasonid>33673</seasonid>
  <seriesid>80381</seriesid>
</Episode>
<Episode>
  <id>453121</id>
  <Combined_episodenumber>11</Combined_episodenumber>
  <Combined_season>2</Combined_season>
  <DVD_chapter></DVD_chapter>
  <DVD_discid></DVD_discid>
  <DVD_episodenumber></DVD_episodenumber>
  <DVD_season></DVD_season>
  <Director></Director>
  <EpImgFlag>1</EpImgFlag>
  <EpisodeName>The Live Ones</EpisodeName>
  <EpisodeNumber>11</EpisodeNumber>
  <FirstAired>2009-03-23</FirstAired>
  <GuestStars></GuestStars>
  <IMDB_ID></IMDB_ID>
  <Language>en</Language>
  <Overview>The team investigates a woman's death, while Grace seems captivated by the prime suspect, a high-profile architect and her unusual sex life. Meanwhile, Grace and Ham partner up once again, with hopes that their romance will be rekindled by the union. Elsewhere, Bobby's undercover case leads to an explosive conclusion, and Clay forms a bond with a young kid. </Overview>
  <ProductionCode></ProductionCode>
  <Rating></Rating>
  <RatingCount>0</RatingCount>
  <SeasonNumber>2</SeasonNumber>
  <Writer></Writer>
  <absolute_number></absolute_number>
  <filename>episodes/80381/453121.jpg</filename>
  <lastupdated>1304074307</lastupdated>
  <seasonid>33673</seasonid>
  <seriesid>80381</seriesid>
</Episode>
<Episode>
  <id>453131</id>
  <Combined_episodenumber>12</Combined_episodenumber>
  <Combined_season>2</Combined_season>
  <DVD_chapter></DVD_chapter>
  <DVD_discid></DVD_discid>
  <DVD_episodenumber></DVD_episodenumber>
  <DVD_season></DVD_season>
  <Director></Director>
  <EpImgFlag>1</EpImgFlag>
  <EpisodeName>But There's Clay</EpisodeName>
  <EpisodeNumber>12</EpisodeNumber>
  <FirstAired>2009-03-30</FirstAired>
  <GuestStars></GuestStars>
  <IMDB_ID></IMDB_ID>
  <Language>en</Language>
  <Overview>Grace takes on an investigation when a jogger with a intricate love life is found dead. Meanwhile, Clay's father and a new bartender from a local joint begin dating, and Grace worried that this will have a negative impact on Clay. Leon gets a visit from a former high school classmate. </Overview>
  <ProductionCode></ProductionCode>
  <Rating></Rating>
  <RatingCount>0</RatingCount>
  <SeasonNumber>2</SeasonNumber>
  <Writer></Writer>
  <absolute_number></absolute_number>
  <filename>episodes/80381/453131.jpg</filename>
  <lastupdated>1304074347</lastupdated>
  <seasonid>33673</seasonid>
  <seriesid>80381</seriesid>
</Episode>
<Episode>
  <id>505431</id>
  <Combined_episodenumber>13</Combined_episodenumber>
  <Combined_season>2</Combined_season>
  <DVD_chapter></DVD_chapter>
  <DVD_discid></DVD_discid>
  <DVD_episodenumber></DVD_episodenumber>
  <DVD_season></DVD_season>
  <Director></Director>
  <EpImgFlag>1</EpImgFlag>
  <EpisodeName>So What's The Purpose Of A Platypus?</EpisodeName>
  <EpisodeNumber>13</EpisodeNumber>
  <FirstAired>2009-04-06</FirstAired>
  <GuestStars></GuestStars>
  <IMDB_ID></IMDB_ID>
  <Language>en</Language>
  <Overview>Doug and Maggie's romance has flourished so much that they set their wedding date, but the date may be put on hold when Maggie is attacked by an unknown predator. Meanwhile, Johnny and Rhetta try passionately to save Leon from his upcoming execution by starting a petition. And young Clay continues bonding with Leon's son. </Overview>
  <ProductionCode></ProductionCode>
  <Rating></Rating>
  <RatingCount>0</RatingCount>
  <SeasonNumber>2</SeasonNumber>
  <Writer></Writer>
  <absolute_number></absolute_number>
  <filename>episodes/80381/505431.jpg</filename>
  <lastupdated>1304074399</lastupdated>
  <seasonid>33673</seasonid>
  <seriesid>80381</seriesid>
</Episode>
<Episode>
  <id>505441</id>
  <Combined_episodenumber>14</Combined_episodenumber>
  <Combined_season>2</Combined_season>
  <DVD_chapter></DVD_chapter>
  <DVD_discid></DVD_discid>
  <DVD_episodenumber></DVD_episodenumber>
  <DVD_season></DVD_season>
  <Director></Director>
  <EpImgFlag>2</EpImgFlag>
  <EpisodeName>I Believe In Angels</EpisodeName>
  <EpisodeNumber>14</EpisodeNumber>
  <FirstAired>2009-04-13</FirstAired>
  <GuestStars></GuestStars>
  <IMDB_ID></IMDB_ID>
  <Language>en</Language>
  <Overview>As the squad investigates a fatal shooting by an elderly woman, Leon Cooley’s execution date arrives. Grace, who has discovered that Leon once helped her sister and was invited to a family birthday party, struggles with whether or not to lend a hand towards stopping the execution. Grace also finds a connection with a young woman, who may also be getting visits from Earl. And Ham’s divorce is finalized, which he hopes will make things between him and Grace more permanent.
</Overview>
  <ProductionCode></ProductionCode>
  <Rating></Rating>
  <RatingCount>0</RatingCount>
  <SeasonNumber>2</SeasonNumber>
  <Writer></Writer>
  <absolute_number></absolute_number>
  <filename>episodes/80381/505441.jpg</filename>
  <lastupdated>1304074433</lastupdated>
  <seasonid>33673</seasonid>
  <seriesid>80381</seriesid>
</Episode>
<Episode>
  <id>771941</id>
  <Combined_episodenumber>1</Combined_episodenumber>
  <Combined_season>3</Combined_season>
  <DVD_chapter></DVD_chapter>
  <DVD_discid></DVD_discid>
  <DVD_episodenumber></DVD_episodenumber>
  <DVD_season></DVD_season>
  <Director>Artie Mandelberg</Director>
  <EpImgFlag>2</EpImgFlag>
  <EpisodeName>We're Already Here</EpisodeName>
  <EpisodeNumber>1</EpisodeNumber>
  <FirstAired>2009-06-16</FirstAired>
  <GuestStars></GuestStars>
  <IMDB_ID></IMDB_ID>
  <Language>en</Language>
  <Overview>Grace ends up in the middle of what could be a plot by an anti-government group linked to the recent death of a police officer, as she reaches out to Neely, the young drug addict who shares visions of Earl. Grace's clumsy, off-the-books investigation causes Neely to become injured. Meanwhile, Grace and ham get caught in a compromising position, and Butch makes a surprise announcement.</Overview>
  <ProductionCode></ProductionCode>
  <Rating>9.0</Rating>
  <RatingCount>1</RatingCount>
  <SeasonNumber>3</SeasonNumber>
  <Writer>Nancy Miller</Writer>
  <absolute_number></absolute_number>
  <filename>episodes/80381/771941.jpg</filename>
  <lastupdated>1304520223</lastupdated>
  <seasonid>80141</seasonid>
  <seriesid>80381</seriesid>
</Episode>
<Episode>
  <id>771951</id>
  <Combined_episodenumber>2</Combined_episodenumber>
  <Combined_season>3</Combined_season>
  <DVD_chapter></DVD_chapter>
  <DVD_discid></DVD_discid>
  <DVD_episodenumber></DVD_episodenumber>
  <DVD_season></DVD_season>
  <Director>Rohn Schmidt</Director>
  <EpImgFlag>2</EpImgFlag>
  <EpisodeName>She's a Lump</EpisodeName>
  <EpisodeNumber>2</EpisodeNumber>
  <FirstAired>2009-06-23</FirstAired>
  <GuestStars></GuestStars>
  <IMDB_ID></IMDB_ID>
  <Language>en</Language>
  <Overview>Grace and her crew investigate the unusual suicide of a court reporter, and conclude the crime was staged. Elsewhere, Grace tries forming a bond with Neely, despite the fragile physical state of the young drug abuser; and Rhetta is close to losing something very special to her. </Overview>
  <ProductionCode></ProductionCode>
  <Rating></Rating>
  <RatingCount>0</RatingCount>
  <SeasonNumber>3</SeasonNumber>
  <Writer>|Mark Israel|Sibyl Gardner|</Writer>
  <absolute_number></absolute_number>
  <filename>episodes/80381/771951.jpg</filename>
  <lastupdated>1304520242</lastupdated>
  <seasonid>80141</seasonid>
  <seriesid>80381</seriesid>
</Episode>
<Episode>
  <id>771971</id>
  <Combined_episodenumber>3</Combined_episodenumber>
  <Combined_season>3</Combined_season>
  <DVD_chapter></DVD_chapter>
  <DVD_discid></DVD_discid>
  <DVD_episodenumber></DVD_episodenumber>
  <DVD_season></DVD_season>
  <Director>Tricia Brock</Director>
  <EpImgFlag>2</EpImgFlag>
  <EpisodeName>Watch Siggybaby Burn</EpisodeName>
  <EpisodeNumber>3</EpisodeNumber>
  <FirstAired>2009-06-30</FirstAired>
  <GuestStars></GuestStars>
  <IMDB_ID></IMDB_ID>
  <Language>en</Language>
  <Overview>A bomb explodes at the church run by Grace's brother,, making the case personal for her. Meanwhile, Rhetta is haunted by family problems, causing her to search for a family time capsule she and Grace buried as children. And, Grace keeps a watch at Neely's bedside. </Overview>
  <ProductionCode></ProductionCode>
  <Rating></Rating>
  <RatingCount>0</RatingCount>
  <SeasonNumber>3</SeasonNumber>
  <Writer>|Denitria Harris-Lawrence|Jessica Mecklenburg|</Writer>
  <absolute_number></absolute_number>
  <filename>episodes/80381/771971.jpg</filename>
  <lastupdated>1304520265</lastupdated>
  <seasonid>80141</seasonid>
  <seriesid>80381</seriesid>
</Episode>
<Episode>
  <id>771961</id>
  <Combined_episodenumber>4</Combined_episodenumber>
  <Combined_season>3</Combined_season>
  <DVD_chapter></DVD_chapter>
  <DVD_discid></DVD_discid>
  <DVD_episodenumber></DVD_episodenumber>
  <DVD_season></DVD_season>
  <Director>Tricia Brock</Director>
  <EpImgFlag>2</EpImgFlag>
  <EpisodeName>What Would You Do?</EpisodeName>
  <EpisodeNumber>4</EpisodeNumber>
  <FirstAired>2009-07-07</FirstAired>
  <GuestStars></GuestStars>
  <IMDB_ID></IMDB_ID>
  <Language>en</Language>
  <Overview>The team is focused on a series of brutal home break-ins, but the latest one seems different than the others. Meanwhile, Matthew, a fellow angel of Earl's, is having trouble saving souls, and hones in on Earl's space.</Overview>
  <ProductionCode></ProductionCode>
  <Rating></Rating>
  <RatingCount>0</RatingCount>
  <SeasonNumber>3</SeasonNumber>
  <Writer>Randy Walker</Writer>
  <absolute_number></absolute_number>
  <filename>episodes/80381/771961.jpg</filename>
  <lastupdated>1304520290</lastupdated>
  <seasonid>80141</seasonid>
  <seriesid>80381</seriesid>
</Episode>
<Episode>
  <id>771981</id>
  <Combined_episodenumber>5</Combined_episodenumber>
  <Combined_season>3</Combined_season>
  <DVD_chapter></DVD_chapter>
  <DVD_discid></DVD_discid>
  <DVD_episodenumber></DVD_episodenumber>
  <DVD_season></DVD_season>
  <Director>Artie Mandelberg</Director>
  <EpImgFlag>2</EpImgFlag>
  <EpisodeName>Moooooooo</EpisodeName>
  <EpisodeNumber>5</EpisodeNumber>
  <FirstAired>2009-07-14</FirstAired>
  <GuestStars></GuestStars>
  <IMDB_ID></IMDB_ID>
  <Language>en</Language>
  <Overview>During a case that puts Grace’s spirituality to the test, the squad investigates the murder of a Hasidic Jew whose body is found near a herd of dead cows.  Meanwhile, Grace tries to connect with Neely, and Ham’s sister-in-law, Amanda, struggles to get over the death of her husband.</Overview>
  <ProductionCode></ProductionCode>
  <Rating>7.0</Rating>
  <RatingCount>1</RatingCount>
  <SeasonNumber>3</SeasonNumber>
  <Writer>|Elle Johnson|Annie Brunner|</Writer>
  <absolute_number></absolute_number>
  <filename>episodes/80381/771981.jpg</filename>
  <lastupdated>1304520316</lastupdated>
  <seasonid>80141</seasonid>
  <seriesid>80381</seriesid>
</Episode>
<Episode>
  <id>897441</id>
  <Combined_episodenumber>6</Combined_episodenumber>
  <Combined_season>3</Combined_season>
  <DVD_chapter></DVD_chapter>
  <DVD_discid></DVD_discid>
  <DVD_episodenumber></DVD_episodenumber>
  <DVD_season></DVD_season>
  <Director>Millicent Shelton</Director>
  <EpImgFlag>2</EpImgFlag>
  <EpisodeName>Am I Going to Lose Her?</EpisodeName>
  <EpisodeNumber>6</EpisodeNumber>
  <FirstAired>2009-07-21</FirstAired>
  <GuestStars></GuestStars>
  <IMDB_ID></IMDB_ID>
  <Language>en</Language>
  <Overview>Grace pursues a rape and kidnapping suspect on foot and disappears, possible as a victim herself. But nothing concerning this seems to make sense, including how Earl works the works the investigation. Ham and Rhetta must team up to find Grace before a shocking ending which will leave a lasting impression on the series.</Overview>
  <ProductionCode></ProductionCode>
  <Rating>8.0</Rating>
  <RatingCount>1</RatingCount>
  <SeasonNumber>3</SeasonNumber>
  <Writer>|Denitria Harris-Lawrence|Jessica Mecklenberg|</Writer>
  <absolute_number></absolute_number>
  <filename>episodes/80381/897441.jpg</filename>
  <lastupdated>1304520379</lastupdated>
  <seasonid>80141</seasonid>
  <seriesid>80381</seriesid>
</Episode>
<Episode>
  <id>897451</id>
  <Combined_episodenumber>7</Combined_episodenumber>
  <Combined_season>3</Combined_season>
  <DVD_chapter></DVD_chapter>
  <DVD_discid></DVD_discid>
  <DVD_episodenumber></DVD_episodenumber>
  <DVD_season></DVD_season>
  <Director>Robin Schmidt</Director>
  <EpImgFlag>2</EpImgFlag>
  <EpisodeName>That Was No First Kiss</EpisodeName>
  <EpisodeNumber>7</EpisodeNumber>
  <FirstAired>2009-07-28</FirstAired>
  <GuestStars></GuestStars>
  <IMDB_ID></IMDB_ID>
  <Language>en</Language>
  <Overview>The squad investigates the death of a 99-year-old man who has been shot in the head sitting in his home.  The case, which resembles a crime that happened in Tulsa three years ago, offers Grace and Perry an opportunity to utilize their expertise in gambling-related crimes from the vice days.  It also gives Bobby a chance to reconnect with his dad and Ham a chance to connect with a kindred spirit.  But Grace’s attention is drawn towards Rhetta when she learns something unexpected about Ronnie.</Overview>
  <ProductionCode></ProductionCode>
  <Rating></Rating>
  <RatingCount>0</RatingCount>
  <SeasonNumber>3</SeasonNumber>
  <Writer>Mark Israel</Writer>
  <absolute_number></absolute_number>
  <filename>episodes/80381/897451.jpg</filename>
  <lastupdated>1304520408</lastupdated>
  <seasonid>80141</seasonid>
  <seriesid>80381</seriesid>
</Episode>
<Episode>
  <id>947191</id>
  <Combined_episodenumber>8</Combined_episodenumber>
  <Combined_season>3</Combined_season>
  <DVD_chapter></DVD_chapter>
  <DVD_discid></DVD_discid>
  <DVD_episodenumber></DVD_episodenumber>
  <DVD_season></DVD_season>
  <Director>Guy Ferland</Director>
  <EpImgFlag>2</EpImgFlag>
  <EpisodeName>Popcorn</EpisodeName>
  <EpisodeNumber>8</EpisodeNumber>
  <FirstAired>2009-08-04</FirstAired>
  <GuestStars></GuestStars>
  <IMDB_ID></IMDB_ID>
  <Language>en</Language>
  <Overview>Butch's reporter girlfriend covers the bizarre slaying of a drug company whistle blower in hopes for a big national scoop. Elsewhere, Grace's brother believes his neighbor has a dead body inside his home; and Johnny hopes to finally meet Grace's last-chance angel.</Overview>
  <ProductionCode></ProductionCode>
  <Rating></Rating>
  <RatingCount>0</RatingCount>
  <SeasonNumber>3</SeasonNumber>
  <Writer>|Sibyl Gardner|Annie Brunner|</Writer>
  <absolute_number></absolute_number>
  <filename>episodes/80381/947191.jpg</filename>
  <lastupdated>1304520438</lastupdated>
  <seasonid>80141</seasonid>
  <seriesid>80381</seriesid>
</Episode>
<Episode>
  <id>947201</id>
  <Combined_episodenumber>9</Combined_episodenumber>
  <Combined_season>3</Combined_season>
  <DVD_chapter></DVD_chapter>
  <DVD_discid></DVD_discid>
  <DVD_episodenumber></DVD_episodenumber>
  <DVD_season></DVD_season>
  <Director>Heather Cappiello</Director>
  <EpImgFlag>2</EpImgFlag>
  <EpisodeName>Looks Like a Lesbian Attack to Me</EpisodeName>
  <EpisodeNumber>9</EpisodeNumber>
  <FirstAired>2009-08-11</FirstAired>
  <GuestStars></GuestStars>
  <IMDB_ID></IMDB_ID>
  <Language>en</Language>
  <Overview>The squad investigates the death of a parole officer with a secret life, while Grace and her brother Johnny finally track down Neely, the young addict who shares visions of Earl.  And Rhetta decides to make some personal changes in the wake of her troubles at home.</Overview>
  <ProductionCode></ProductionCode>
  <Rating></Rating>
  <RatingCount>0</RatingCount>
  <SeasonNumber>3</SeasonNumber>
  <Writer>Elle Johnson</Writer>
  <absolute_number></absolute_number>
  <filename>episodes/80381/947201.jpg</filename>
  <lastupdated>1304520517</lastupdated>
  <seasonid>80141</seasonid>
  <seriesid>80381</seriesid>
</Episode>
<Episode>
  <id>1010381</id>
  <Combined_episodenumber>10</Combined_episodenumber>
  <Combined_season>3</Combined_season>
  <DVD_chapter></DVD_chapter>
  <DVD_discid></DVD_discid>
  <DVD_episodenumber></DVD_episodenumber>
  <DVD_season></DVD_season>
  <Director>Tricia Brock</Director>
  <EpImgFlag>2</EpImgFlag>
  <EpisodeName>Am I Gonna Die Today?</EpisodeName>
  <EpisodeNumber>10</EpisodeNumber>
  <FirstAired>2009-08-18</FirstAired>
  <GuestStars></GuestStars>
  <IMDB_ID></IMDB_ID>
  <Language>en</Language>
  <Overview>Summer finale. A prominent doctor fatally wounds an intruder in his house, but Grace feels the doctor's story isn't exact. Ham breaks some interesting news to Grace, and Earl tells her she will need to help Neely. </Overview>
  <ProductionCode></ProductionCode>
  <Rating></Rating>
  <RatingCount>0</RatingCount>
  <SeasonNumber>3</SeasonNumber>
  <Writer>Mark Israel</Writer>
  <absolute_number></absolute_number>
  <filename>episodes/80381/1010381.jpg</filename>
  <lastupdated>1304520542</lastupdated>
  <seasonid>80141</seasonid>
  <seriesid>80381</seriesid>
</Episode>
<Episode>
  <id>1967831</id>
  <Combined_episodenumber>11</Combined_episodenumber>
  <Combined_season>3</Combined_season>
  <DVD_chapter></DVD_chapter>
  <DVD_discid></DVD_discid>
  <DVD_episodenumber></DVD_episodenumber>
  <DVD_season></DVD_season>
  <Director>Tim Hunter</Director>
  <EpImgFlag>2</EpImgFlag>
  <EpisodeName>Let's Talk</EpisodeName>
  <EpisodeNumber>11</EpisodeNumber>
  <FirstAired>2010-03-29</FirstAired>
  <GuestStars></GuestStars>
  <IMDB_ID></IMDB_ID>
  <Language>en</Language>
  <Overview>In the immediate aftermath of Grace and Neely’s survived fall from the top of a building, Grace, now known as “Angel Cop” by the city, decides to have it out with God once and for all. But a mysterious stranger might have something to say about that. Ham struggles with his father over the fact that Ham is now dating his dead brother’s widow. And the squad investigates a deadly mauling by a dog. </Overview>
  <ProductionCode></ProductionCode>
  <Rating></Rating>
  <RatingCount>0</RatingCount>
  <SeasonNumber>3</SeasonNumber>
  <Writer>Sibyl Gardner | Annie Brunner</Writer>
  <absolute_number></absolute_number>
  <filename>episodes/80381/1967831.jpg</filename>
  <lastupdated>1300963975</lastupdated>
  <seasonid>80141</seasonid>
  <seriesid>80381</seriesid>
</Episode>
<Episode>
  <id>1967991</id>
  <Combined_episodenumber>12</Combined_episodenumber>
  <Combined_season>3</Combined_season>
  <DVD_chapter></DVD_chapter>
  <DVD_discid></DVD_discid>
  <DVD_episodenumber></DVD_episodenumber>
  <DVD_season></DVD_season>
  <Director>Artie Mandelberg</Director>
  <EpImgFlag>2</EpImgFlag>
  <EpisodeName>Hear The Birds?</EpisodeName>
  <EpisodeNumber>12</EpisodeNumber>
  <FirstAired>2010-04-05</FirstAired>
  <GuestStars></GuestStars>
  <IMDB_ID></IMDB_ID>
  <Language>en</Language>
  <Overview>As Grace deals with the aftermath of her dramatic fall from a building with Neely, she also struggles with the impending death of her grandfather, GeePaw (guest star August Schellenberg). Meanwhile the squad investigates a double homicide involving a water dispute between two ranchers, and Rhetta discovers a secret about her daughter. </Overview>
  <ProductionCode></ProductionCode>
  <Rating>9.0</Rating>
  <RatingCount>1</RatingCount>
  <SeasonNumber>3</SeasonNumber>
  <Writer>Jessica Mecklenburg</Writer>
  <absolute_number></absolute_number>
  <filename>episodes/80381/1967991.jpg</filename>
  <lastupdated>1302868124</lastupdated>
  <seasonid>80141</seasonid>
  <seriesid>80381</seriesid>
</Episode>
<Episode>
  <id>1968001</id>
  <Combined_episodenumber>13</Combined_episodenumber>
  <Combined_season>3</Combined_season>
  <DVD_chapter></DVD_chapter>
  <DVD_discid></DVD_discid>
  <DVD_episodenumber></DVD_episodenumber>
  <DVD_season></DVD_season>
  <Director>Gary A. Randall</Director>
  <EpImgFlag>2</EpImgFlag>
  <EpisodeName>You Can't Save Them All, Grace</EpisodeName>
  <EpisodeNumber>13</EpisodeNumber>
  <FirstAired>2010-04-12</FirstAired>
  <GuestStars></GuestStars>
  <IMDB_ID></IMDB_ID>
  <Language>en</Language>
  <Overview>A friend of Grace's doesn't want any help in the possible murder of her husband. The squad has little time to waste in trying to track down and a missing person with brain damage. Grace tries to find out exactly when Earl began following her.</Overview>
  <ProductionCode></ProductionCode>
  <Rating>7.0</Rating>
  <RatingCount>1</RatingCount>
  <SeasonNumber>3</SeasonNumber>
  <Writer>Matt McIntyre</Writer>
  <absolute_number></absolute_number>
  <filename>episodes/80381/1968001.jpg</filename>
  <lastupdated>1302868209</lastupdated>
  <seasonid>80141</seasonid>
  <seriesid>80381</seriesid>
</Episode>
<Episode>
  <id>2075291</id>
  <Combined_episodenumber>14</Combined_episodenumber>
  <Combined_season>3</Combined_season>
  <DVD_chapter></DVD_chapter>
  <DVD_discid></DVD_discid>
  <DVD_episodenumber></DVD_episodenumber>
  <DVD_season></DVD_season>
  <Director></Director>
  <EpImgFlag>2</EpImgFlag>
  <EpisodeName>I Killed Kristin</EpisodeName>
  <EpisodeNumber>14</EpisodeNumber>
  <FirstAired>2010-05-24</FirstAired>
  <GuestStars></GuestStars>
  <IMDB_ID></IMDB_ID>
  <Language>en</Language>
  <Overview>Grace gets to see a new side of her nephew when a rock band is related to the murder case. Neely lives next door to Grace and begins withdrawal with help from Earl. Rhetta continues where she left off with Ronnie. </Overview>
  <ProductionCode></ProductionCode>
  <Rating></Rating>
  <RatingCount>0</RatingCount>
  <SeasonNumber>3</SeasonNumber>
  <Writer></Writer>
  <absolute_number></absolute_number>
  <filename>episodes/80381/2075291.jpg</filename>
  <lastupdated>1302868240</lastupdated>
  <seasonid>80141</seasonid>
  <seriesid>80381</seriesid>
</Episode>
<Episode>
  <id>2075301</id>
  <Combined_episodenumber>15</Combined_episodenumber>
  <Combined_season>3</Combined_season>
  <DVD_chapter></DVD_chapter>
  <DVD_discid></DVD_discid>
  <DVD_episodenumber></DVD_episodenumber>
  <DVD_season></DVD_season>
  <Director></Director>
  <EpImgFlag>2</EpImgFlag>
  <EpisodeName>So Help You God</EpisodeName>
  <EpisodeNumber>15</EpisodeNumber>
  <FirstAired>2010-05-31</FirstAired>
  <GuestStars></GuestStars>
  <IMDB_ID></IMDB_ID>
  <Language>en</Language>
  <Overview>Grace may be able to tell God all the things she has done through her life because of her bond with Earl. </Overview>
  <ProductionCode></ProductionCode>
  <Rating>4.0</Rating>
  <RatingCount>1</RatingCount>
  <SeasonNumber>3</SeasonNumber>
  <Writer></Writer>
  <absolute_number></absolute_number>
  <filename>episodes/80381/2075301.jpg</filename>
  <lastupdated>1302868265</lastupdated>
  <seasonid>80141</seasonid>
  <seriesid>80381</seriesid>
</Episode>
<Episode>
  <id>2075311</id>
  <Combined_episodenumber>16</Combined_episodenumber>
  <Combined_season>3</Combined_season>
  <DVD_chapter></DVD_chapter>
  <DVD_discid></DVD_discid>
  <DVD_episodenumber></DVD_episodenumber>
  <DVD_season></DVD_season>
  <Director></Director>
  <EpImgFlag>2</EpImgFlag>
  <EpisodeName>Loose Men in Tight Jeans</EpisodeName>
  <EpisodeNumber>16</EpisodeNumber>
  <FirstAired>2010-06-07</FirstAired>
  <GuestStars></GuestStars>
  <IMDB_ID></IMDB_ID>
  <Language>en</Language>
  <Overview>Everybody can't figure out why Capt. Perry seems to be on an edge all the time. Rhetta and Ronnie learn to communicate better since the start of their relationship with Johnny. </Overview>
  <ProductionCode></ProductionCode>
  <Rating></Rating>
  <RatingCount>0</RatingCount>
  <SeasonNumber>3</SeasonNumber>
  <Writer></Writer>
  <absolute_number></absolute_number>
  <filename>episodes/80381/2075311.jpg</filename>
  <lastupdated>1302868305</lastupdated>
  <seasonid>80141</seasonid>
  <seriesid>80381</seriesid>
</Episode>
<Episode>
  <id>2075321</id>
  <Combined_episodenumber>17</Combined_episodenumber>
  <Combined_season>3</Combined_season>
  <DVD_chapter></DVD_chapter>
  <DVD_discid></DVD_discid>
  <DVD_episodenumber></DVD_episodenumber>
  <DVD_season></DVD_season>
  <Director></Director>
  <EpImgFlag>2</EpImgFlag>
  <EpisodeName>You Think I'm Gonna Eat My Gun?</EpisodeName>
  <EpisodeNumber>17</EpisodeNumber>
  <FirstAired>2010-06-14</FirstAired>
  <GuestStars></GuestStars>
  <IMDB_ID></IMDB_ID>
  <Language>en</Language>
  <Overview>Grace must cope with survivor's guilt after a fall off a building. Captain Perry has an announcement that could change everything. The squad looks into a murder mystery. </Overview>
  <ProductionCode></ProductionCode>
  <Rating></Rating>
  <RatingCount>0</RatingCount>
  <SeasonNumber>3</SeasonNumber>
  <Writer></Writer>
  <absolute_number></absolute_number>
  <filename>episodes/80381/2075321.jpg</filename>
  <lastupdated>1302868337</lastupdated>
  <seasonid>80141</seasonid>
  <seriesid>80381</seriesid>
</Episode>
<Episode>
  <id>2075331</id>
  <Combined_episodenumber>18</Combined_episodenumber>
  <Combined_season>3</Combined_season>
  <DVD_chapter></DVD_chapter>
  <DVD_discid></DVD_discid>
  <DVD_episodenumber></DVD_episodenumber>
  <DVD_season></DVD_season>
  <Director></Director>
  <EpImgFlag>2</EpImgFlag>
  <EpisodeName>I Need You to Call Earl</EpisodeName>
  <EpisodeNumber>18</EpisodeNumber>
  <FirstAired>2010-06-21</FirstAired>
  <GuestStars></GuestStars>
  <IMDB_ID></IMDB_ID>
  <Language>en</Language>
  <Overview>Grace has trouble dealing with a food issue and doesn't go to anybody for help to deal with it. Neely's having trouble when her drug problem spirals out of control. A friend of Butch's needs help getting out of a tough situation. </Overview>
  <ProductionCode></ProductionCode>
  <Rating>7.0</Rating>
  <RatingCount>1</RatingCount>
  <SeasonNumber>3</SeasonNumber>
  <Writer></Writer>
  <absolute_number></absolute_number>
  <filename>episodes/80381/2075331.jpg</filename>
  <lastupdated>1305407638</lastupdated>
  <seasonid>80141</seasonid>
  <seriesid>80381</seriesid>
</Episode>
<Episode>
  <id>2075341</id>
  <Combined_episodenumber>19</Combined_episodenumber>
  <Combined_season>3</Combined_season>
  <DVD_chapter></DVD_chapter>
  <DVD_discid></DVD_discid>
  <DVD_episodenumber></DVD_episodenumber>
  <DVD_season></DVD_season>
  <Director></Director>
  <EpImgFlag>2</EpImgFlag>
  <EpisodeName>I'm Gonna Need a Big Night Light</EpisodeName>
  <EpisodeNumber>19</EpisodeNumber>
  <FirstAired>2010-06-21</FirstAired>
  <GuestStars></GuestStars>
  <IMDB_ID></IMDB_ID>
  <Language>en</Language>
  <Overview>Grace returns to Oklahoma City long rejuvenated and with a new perspective on how to deal with crime. Her family is still trying to grasp with exactly what happened. </Overview>
  <ProductionCode></ProductionCode>
  <Rating>7.0</Rating>
  <RatingCount>1</RatingCount>
  <SeasonNumber>3</SeasonNumber>
  <Writer></Writer>
  <absolute_number></absolute_number>
  <filename>episodes/80381/2075341.jpg</filename>
  <lastupdated>1305407681</lastupdated>
  <seasonid>80141</seasonid>
  <seriesid>80381</seriesid>
</Episode>
<Episode>
  <id>1980681</id>
  <Combined_episodenumber>0</Combined_episodenumber>
  <Combined_season>4</Combined_season>
  <DVD_chapter></DVD_chapter>
  <DVD_discid></DVD_discid>
  <DVD_episodenumber></DVD_episodenumber>
  <DVD_season></DVD_season>
  <Director></Director>
  <EpImgFlag></EpImgFlag>
  <EpisodeName></EpisodeName>
  <EpisodeNumber>0</EpisodeNumber>
  <FirstAired></FirstAired>
  <GuestStars></GuestStars>
  <IMDB_ID></IMDB_ID>
  <Language>en</Language>
  <Overview></Overview>
  <ProductionCode></ProductionCode>
  <Rating></Rating>
  <RatingCount>0</RatingCount>
  <SeasonNumber>4</SeasonNumber>
  <Writer></Writer>
  <absolute_number></absolute_number>
  <filename></filename>
  <lastupdated>1271177948</lastupdated>
  <seasonid>221771</seasonid>
  <seriesid>80381</seriesid>
</Episode>
<Episode>
  <id>1980671</id>
  <Combined_episodenumber>0</Combined_episodenumber>
  <Combined_season>4</Combined_season>
  <DVD_chapter></DVD_chapter>
  <DVD_discid></DVD_discid>
  <DVD_episodenumber></DVD_episodenumber>
  <DVD_season></DVD_season>
  <Director></Director>
  <EpImgFlag></EpImgFlag>
  <EpisodeName></EpisodeName>
  <EpisodeNumber>0</EpisodeNumber>
  <FirstAired></FirstAired>
  <GuestStars></GuestStars>
  <IMDB_ID></IMDB_ID>
  <Language>en</Language>
  <Overview></Overview>
  <ProductionCode></ProductionCode>
  <Rating></Rating>
  <RatingCount>0</RatingCount>
  <SeasonNumber>4</SeasonNumber>
  <Writer></Writer>
  <absolute_number></absolute_number>
  <filename></filename>
  <lastupdated>1271178252</lastupdated>
  <seasonid>221771</seasonid>
  <seriesid>80381</seriesid>
</Episode>
<Episode>
  <id>1980661</id>
  <Combined_episodenumber>0</Combined_episodenumber>
  <Combined_season>4</Combined_season>
  <DVD_chapter></DVD_chapter>
  <DVD_discid></DVD_discid>
  <DVD_episodenumber></DVD_episodenumber>
  <DVD_season></DVD_season>
  <Director></Director>
  <EpImgFlag></EpImgFlag>
  <EpisodeName></EpisodeName>
  <EpisodeNumber>0</EpisodeNumber>
  <FirstAired></FirstAired>
  <GuestStars></GuestStars>
  <IMDB_ID></IMDB_ID>
  <Language>en</Language>
  <Overview></Overview>
  <ProductionCode></ProductionCode>
  <Rating>7.0</Rating>
  <RatingCount>1</RatingCount>
  <SeasonNumber>4</SeasonNumber>
  <Writer></Writer>
  <absolute_number></absolute_number>
  <filename></filename>
  <lastupdated>1299559233</lastupdated>
  <seasonid>221771</seasonid>
  <seriesid>80381</seriesid>
</Episode>
</Data>