<?xml version="1.0" encoding="UTF-8" ?>
<Actors>
<Actor>
  <id>75746</id>
  <Image>actors/75746.jpg</Image>
  <Name>Justin Bruening</Name>
  <Role>Mike Tracer</Role>
  <SortOrder>0</SortOrder>
</Actor>
<Actor>
  <id>75748</id>
  <Image>actors/75748.jpg</Image>
  <Name>Deanna Russo</Name>
  <Role>Sarah Graiman</Role>
  <SortOrder>1</SortOrder>
</Actor>
<Actor>
  <id>75750</id>
  <Image>actors/75750.jpg</Image>
  <Name>Bruce Davison</Name>
  <Role>Charles Graiman</Role>
  <SortOrder>2</SortOrder>
</Actor>
<Actor>
  <id>79300</id>
  <Image>actors/79300.jpg</Image>
  <Name>Yancey Arias</Name>
  <Role>Alex Torres</Role>
  <SortOrder>3</SortOrder>
</Actor>
<Actor>
  <id>79299</id>
  <Image>actors/79299.jpg</Image>
  <Name>Paul Campbell</Name>
  <Role>Billy Morgan</Role>
  <SortOrder>3</SortOrder>
</Actor>
<Actor>
  <id>79298</id>
  <Image>actors/79298.jpg</Image>
  <Name>Smith Cho</Name>
  <Role>Zoe Chae</Role>
  <SortOrder>3</SortOrder>
</Actor>
<Actor>
  <id>75747</id>
  <Image>actors/75747.jpg</Image>
  <Name>Sydney Tamiia Poitier</Name>
  <Role>Carrie Rivai</Role>
  <SortOrder>3</SortOrder>
</Actor>
<Actor>
  <id>75749</id>
  <Image></Image>
  <Name>Val Kilmer</Name>
  <Role>KITT</Role>
  <SortOrder>3</SortOrder>
</Actor>
</Actors>