<?xml version="1.0" encoding="UTF-8" ?>
<Banners>
<Banner>
  <id>33290</id>
  <BannerPath>fanart/original/81318-5.jpg</BannerPath>
  <BannerType>fanart</BannerType>
  <BannerType2>1920x1080</BannerType2>
  <Colors>|0,2,3|43,111,156|2,51,91|</Colors>
  <Language>en</Language>
  <Rating>8.2500</Rating>
  <RatingCount>4</RatingCount>
  <SeriesName>false</SeriesName>
  <ThumbnailPath>_cache/fanart/original/81318-5.jpg</ThumbnailPath>
  <VignettePath>fanart/vignette/81318-5.jpg</VignettePath>
</Banner>
<Banner>
  <id>91281</id>
  <BannerPath>fanart/original/81318-13.jpg</BannerPath>
  <BannerType>fanart</BannerType>
  <BannerType2>1920x1080</BannerType2>
  <Colors></Colors>
  <Language>en</Language>
  <Rating>8.0000</Rating>
  <RatingCount>1</RatingCount>
  <SeriesName>false</SeriesName>
  <ThumbnailPath>_cache/fanart/original/81318-13.jpg</ThumbnailPath>
  <VignettePath>fanart/vignette/81318-13.jpg</VignettePath>
</Banner>
<Banner>
  <id>190831</id>
  <BannerPath>fanart/original/81318-14.jpg</BannerPath>
  <BannerType>fanart</BannerType>
  <BannerType2>1280x720</BannerType2>
  <Colors></Colors>
  <Language>en</Language>
  <Rating>8.0000</Rating>
  <RatingCount>1</RatingCount>
  <SeriesName>false</SeriesName>
  <ThumbnailPath>_cache/fanart/original/81318-14.jpg</ThumbnailPath>
  <VignettePath>fanart/vignette/81318-14.jpg</VignettePath>
</Banner>
<Banner>
  <id>420501</id>
  <BannerPath>fanart/original/81318-15.jpg</BannerPath>
  <BannerType>fanart</BannerType>
  <BannerType2>1280x720</BannerType2>
  <Colors></Colors>
  <Language>en</Language>
  <Rating>8.0000</Rating>
  <RatingCount>1</RatingCount>
  <SeriesName>false</SeriesName>
  <ThumbnailPath>_cache/fanart/original/81318-15.jpg</ThumbnailPath>
  <VignettePath>fanart/vignette/81318-15.jpg</VignettePath>
</Banner>
<Banner>
  <id>22566</id>
  <BannerPath>fanart/original/81318-1.jpg</BannerPath>
  <BannerType>fanart</BannerType>
  <BannerType2>1280x720</BannerType2>
  <Colors>|213,19,19|55,53,58|112,130,154|</Colors>
  <Language>en</Language>
  <Rating>7.7778</Rating>
  <RatingCount>9</RatingCount>
  <SeriesName>false</SeriesName>
  <ThumbnailPath>_cache/fanart/original/81318-1.jpg</ThumbnailPath>
  <VignettePath>fanart/vignette/81318-1.jpg</VignettePath>
</Banner>
<Banner>
  <id>33397</id>
  <BannerPath>fanart/original/81318-6.jpg</BannerPath>
  <BannerType>fanart</BannerType>
  <BannerType2>1920x1080</BannerType2>
  <Colors></Colors>
  <Language>en</Language>
  <Rating>7.5000</Rating>
  <RatingCount>4</RatingCount>
  <SeriesName>false</SeriesName>
  <ThumbnailPath>_cache/fanart/original/81318-6.jpg</ThumbnailPath>
  <VignettePath>fanart/vignette/81318-6.jpg</VignettePath>
</Banner>
<Banner>
  <id>420521</id>
  <BannerPath>fanart/original/81318-17.jpg</BannerPath>
  <BannerType>fanart</BannerType>
  <BannerType2>1280x720</BannerType2>
  <Colors></Colors>
  <Language>en</Language>
  <Rating>7.0000</Rating>
  <RatingCount>1</RatingCount>
  <SeriesName>false</SeriesName>
  <ThumbnailPath>_cache/fanart/original/81318-17.jpg</ThumbnailPath>
  <VignettePath>fanart/vignette/81318-17.jpg</VignettePath>
</Banner>
<Banner>
  <id>420511</id>
  <BannerPath>fanart/original/81318-16.jpg</BannerPath>
  <BannerType>fanart</BannerType>
  <BannerType2>1280x720</BannerType2>
  <Colors></Colors>
  <Language>en</Language>
  <Rating>7.0000</Rating>
  <RatingCount>1</RatingCount>
  <SeriesName>false</SeriesName>
  <ThumbnailPath>_cache/fanart/original/81318-16.jpg</ThumbnailPath>
  <VignettePath>fanart/vignette/81318-16.jpg</VignettePath>
</Banner>
<Banner>
  <id>25788</id>
  <BannerPath>fanart/original/81318-3.jpg</BannerPath>
  <BannerType>fanart</BannerType>
  <BannerType2>1920x1080</BannerType2>
  <Colors></Colors>
  <Language>en</Language>
  <Rating>6.0000</Rating>
  <RatingCount>2</RatingCount>
  <SeriesName>false</SeriesName>
  <ThumbnailPath>_cache/fanart/original/81318-3.jpg</ThumbnailPath>
  <VignettePath>fanart/vignette/81318-3.jpg</VignettePath>
</Banner>
<Banner>
  <id>25787</id>
  <BannerPath>fanart/original/81318-2.jpg</BannerPath>
  <BannerType>fanart</BannerType>
  <BannerType2>1920x1080</BannerType2>
  <Colors></Colors>
  <Language>en</Language>
  <Rating>5.5000</Rating>
  <RatingCount>2</RatingCount>
  <SeriesName>false</SeriesName>
  <ThumbnailPath>_cache/fanart/original/81318-2.jpg</ThumbnailPath>
  <VignettePath>fanart/vignette/81318-2.jpg</VignettePath>
</Banner>
<Banner>
  <id>33801</id>
  <BannerPath>fanart/original/81318-8.jpg</BannerPath>
  <BannerType>fanart</BannerType>
  <BannerType2>1280x720</BannerType2>
  <Colors></Colors>
  <Language>en</Language>
  <Rating>5.0000</Rating>
  <RatingCount>2</RatingCount>
  <SeriesName>false</SeriesName>
  <ThumbnailPath>_cache/fanart/original/81318-8.jpg</ThumbnailPath>
  <VignettePath>fanart/vignette/81318-8.jpg</VignettePath>
</Banner>
<Banner>
  <id>33414</id>
  <BannerPath>fanart/original/81318-7.jpg</BannerPath>
  <BannerType>fanart</BannerType>
  <BannerType2>1920x1080</BannerType2>
  <Colors></Colors>
  <Language>en</Language>
  <Rating>3.0000</Rating>
  <RatingCount>1</RatingCount>
  <SeriesName>false</SeriesName>
  <ThumbnailPath>_cache/fanart/original/81318-7.jpg</ThumbnailPath>
  <VignettePath>fanart/vignette/81318-7.jpg</VignettePath>
</Banner>
<Banner>
  <id>33802</id>
  <BannerPath>fanart/original/81318-9.jpg</BannerPath>
  <BannerType>fanart</BannerType>
  <BannerType2>1280x720</BannerType2>
  <Colors>|1,1,1|255,255,247|198,91,55|</Colors>
  <Language>en</Language>
  <Rating>2.0000</Rating>
  <RatingCount>1</RatingCount>
  <SeriesName>false</SeriesName>
  <ThumbnailPath>_cache/fanart/original/81318-9.jpg</ThumbnailPath>
  <VignettePath>fanart/vignette/81318-9.jpg</VignettePath>
</Banner>
<Banner>
  <id>91271</id>
  <BannerPath>fanart/original/81318-12.jpg</BannerPath>
  <BannerType>fanart</BannerType>
  <BannerType2>1920x1080</BannerType2>
  <Colors>|173,200,221|6,6,8|215,109,59|</Colors>
  <Language>en</Language>
  <Rating>1.0000</Rating>
  <RatingCount>1</RatingCount>
  <SeriesName>true</SeriesName>
  <ThumbnailPath>_cache/fanart/original/81318-12.jpg</ThumbnailPath>
  <VignettePath>fanart/vignette/81318-12.jpg</VignettePath>
</Banner>
<Banner>
  <id>87271</id>
  <BannerPath>fanart/original/81318-11.jpg</BannerPath>
  <BannerType>fanart</BannerType>
  <BannerType2>1280x720</BannerType2>
  <Colors>|255,169,155|0,68,109|4,3,9|</Colors>
  <Language>en</Language>
  <Rating>1.0000</Rating>
  <RatingCount>1</RatingCount>
  <SeriesName>false</SeriesName>
  <ThumbnailPath>_cache/fanart/original/81318-11.jpg</ThumbnailPath>
  <VignettePath>fanart/vignette/81318-11.jpg</VignettePath>
</Banner>
<Banner>
  <id>33804</id>
  <BannerPath>fanart/original/81318-10.jpg</BannerPath>
  <BannerType>fanart</BannerType>
  <BannerType2>1280x720</BannerType2>
  <Colors></Colors>
  <Language>en</Language>
  <Rating></Rating>
  <RatingCount>0</RatingCount>
  <SeriesName>false</SeriesName>
  <ThumbnailPath>_cache/fanart/original/81318-10.jpg</ThumbnailPath>
  <VignettePath>fanart/vignette/81318-10.jpg</VignettePath>
</Banner>
<Banner>
  <id>33413</id>
  <BannerPath>fanart/original/81318-4.jpg</BannerPath>
  <BannerType>fanart</BannerType>
  <BannerType2>1920x1080</BannerType2>
  <Colors></Colors>
  <Language>en</Language>
  <Rating></Rating>
  <RatingCount>0</RatingCount>
  <SeriesName>false</SeriesName>
  <ThumbnailPath>_cache/fanart/original/81318-4.jpg</ThumbnailPath>
  <VignettePath>fanart/vignette/81318-4.jpg</VignettePath>
</Banner>
<Banner>
  <id>32228</id>
  <BannerPath>posters/81318-3.jpg</BannerPath>
  <BannerType>poster</BannerType>
  <BannerType2>680x1000</BannerType2>
  <Language>en</Language>
  <Rating>8.8333</Rating>
  <RatingCount>6</RatingCount>
</Banner>
<Banner>
  <id>32227</id>
  <BannerPath>posters/81318-2.jpg</BannerPath>
  <BannerType>poster</BannerType>
  <BannerType2>680x1000</BannerType2>
  <Language>en</Language>
  <Rating>8.2000</Rating>
  <RatingCount>5</RatingCount>
</Banner>
<Banner>
  <id>27327</id>
  <BannerPath>posters/81318-1.jpg</BannerPath>
  <BannerType>poster</BannerType>
  <BannerType2>680x1000</BannerType2>
  <Language>en</Language>
  <Rating>6.7500</Rating>
  <RatingCount>4</RatingCount>
</Banner>
<Banner>
  <id>34225</id>
  <BannerPath>posters/81318-4.jpg</BannerPath>
  <BannerType>poster</BannerType>
  <BannerType2>680x1000</BannerType2>
  <Language>en</Language>
  <Rating>5.5000</Rating>
  <RatingCount>2</RatingCount>
</Banner>
<Banner>
  <id>936895</id>
  <BannerPath>posters/81318-6.jpg</BannerPath>
  <BannerType>poster</BannerType>
  <BannerType2>680x1000</BannerType2>
  <Language>en</Language>
  <Rating></Rating>
  <RatingCount>0</RatingCount>
</Banner>
<Banner>
  <id>936894</id>
  <BannerPath>posters/81318-5.jpg</BannerPath>
  <BannerType>poster</BannerType>
  <BannerType2>680x1000</BannerType2>
  <Language>en</Language>
  <Rating></Rating>
  <RatingCount>0</RatingCount>
</Banner>
<Banner>
  <id>19486</id>
  <BannerPath>seasons/81318-1.jpg</BannerPath>
  <BannerType>season</BannerType>
  <BannerType2>season</BannerType2>
  <Language>en</Language>
  <Rating>7.2500</Rating>
  <RatingCount>4</RatingCount>
  <Season>1</Season>
</Banner>
<Banner>
  <id>29080</id>
  <BannerPath>seasons/81318-0.jpg</BannerPath>
  <BannerType>season</BannerType>
  <BannerType2>season</BannerType2>
  <Language>en</Language>
  <Rating></Rating>
  <RatingCount>0</RatingCount>
  <Season>0</Season>
</Banner>
<Banner>
  <id>936896</id>
  <BannerPath>seasons/81318-1-2.jpg</BannerPath>
  <BannerType>season</BannerType>
  <BannerType2>season</BannerType2>
  <Language>es</Language>
  <Rating></Rating>
  <RatingCount>0</RatingCount>
  <Season>1</Season>
</Banner>
<Banner>
  <id>941658</id>
  <BannerPath>seasons/81318-0-2.jpg</BannerPath>
  <BannerType>season</BannerType>
  <BannerType2>season</BannerType2>
  <Language>de</Language>
  <Rating></Rating>
  <RatingCount>0</RatingCount>
  <Season>0</Season>
</Banner>
<Banner>
  <id>941657</id>
  <BannerPath>seasons/81318-1-3.jpg</BannerPath>
  <BannerType>season</BannerType>
  <BannerType2>season</BannerType2>
  <Language>de</Language>
  <Rating></Rating>
  <RatingCount>0</RatingCount>
  <Season>1</Season>
</Banner>
<Banner>
  <id>19521</id>
  <BannerPath>graphical/81318-g2.jpg</BannerPath>
  <BannerType>series</BannerType>
  <BannerType2>graphical</BannerType2>
  <Language>en</Language>
  <Rating>9.1667</Rating>
  <RatingCount>6</RatingCount>
</Banner>
<Banner>
  <id>19307</id>
  <BannerPath>graphical/81318-g.jpg</BannerPath>
  <BannerType>series</BannerType>
  <BannerType2>graphical</BannerType2>
  <Language>en</Language>
  <Rating>8.1667</Rating>
  <RatingCount>6</RatingCount>
</Banner>
<Banner>
  <id>169361</id>
  <BannerPath>graphical/81318-g7.jpg</BannerPath>
  <BannerType>series</BannerType>
  <BannerType2>graphical</BannerType2>
  <Language>en</Language>
  <Rating>8.0000</Rating>
  <RatingCount>2</RatingCount>
</Banner>
<Banner>
  <id>20338</id>
  <BannerPath>graphical/81318-g6.jpg</BannerPath>
  <BannerType>series</BannerType>
  <BannerType2>graphical</BannerType2>
  <Language>en</Language>
  <Rating>7.5000</Rating>
  <RatingCount>6</RatingCount>
</Banner>
<Banner>
  <id>936897</id>
  <BannerPath>graphical/81318-g8.jpg</BannerPath>
  <BannerType>series</BannerType>
  <BannerType2>graphical</BannerType2>
  <Language>es</Language>
  <Rating>7.0000</Rating>
  <RatingCount>1</RatingCount>
</Banner>
<Banner>
  <id>19776</id>
  <BannerPath>graphical/81318-g5.jpg</BannerPath>
  <BannerType>series</BannerType>
  <BannerType2>graphical</BannerType2>
  <Language>en</Language>
  <Rating>6.7500</Rating>
  <RatingCount>4</RatingCount>
</Banner>
<Banner>
  <id>19774</id>
  <BannerPath>graphical/81318-g3.jpg</BannerPath>
  <BannerType>series</BannerType>
  <BannerType2>graphical</BannerType2>
  <Language>en</Language>
  <Rating>5.0000</Rating>
  <RatingCount>2</RatingCount>
</Banner>
<Banner>
  <id>19775</id>
  <BannerPath>graphical/81318-g4.jpg</BannerPath>
  <BannerType>series</BannerType>
  <BannerType2>graphical</BannerType2>
  <Language>en</Language>
  <Rating>4.6667</Rating>
  <RatingCount>3</RatingCount>
</Banner>
<Banner>
  <id>19551</id>
  <BannerPath>blank/81318.jpg</BannerPath>
  <BannerType>series</BannerType>
  <BannerType2>blank</BannerType2>
  <Language>en</Language>
  <Rating>2.5000</Rating>
  <RatingCount>2</RatingCount>
</Banner>
</Banners>