<?xml version="1.0" encoding="UTF-8" ?>
<Data><Series>
  <id>81318</id>
  <Actors>|Justin Bruening|Deanna Russo|Bruce Davison|Yancey Arias|Paul Campbell|Smith Cho|Sydney Tamiia Poitier|Val Kilmer|</Actors>
  <Airs_DayOfWeek>Daily</Airs_DayOfWeek>
  <Airs_Time>11:00 AM</Airs_Time>
  <ContentRating>TV-14</ContentRating>
  <FirstAired>2008-02-17</FirstAired>
  <Genre>|Action|Adventure|Drama|</Genre>
  <IMDB_ID>tt1213404</IMDB_ID>
  <Language>en</Language>
  <Network>Five US</Network>
  <NetworkID></NetworkID>
  <Overview>24 year-old Stanford University Ph.D. candidate Sarah Graiman is set to follow in her genius father Charle's footsteps. Her life takes a dramatic turn when men try to abduct her. She receives a mysterious phone call from KITT, a car of her father's creation, letting her know that her father is in danger. Sarah and KITT set off to recruit her childhood friend Mike Tracer into helping them figure out who has her father and is trying to steal KITT. Mike, having just returned from serving in Iraq, is jaded and reluctant to help, but eventually agrees.</Overview>
  <Rating>7.4</Rating>
  <RatingCount>96</RatingCount>
  <Runtime>60</Runtime>
  <SeriesID>74986</SeriesID>
  <SeriesName>Knight Rider (2008)</SeriesName>
  <Status>Ended</Status>
  <added></added>
  <addedBy></addedBy>
  <banner>graphical/81318-g2.jpg</banner>
  <fanart>fanart/original/81318-5.jpg</fanart>
  <lastupdated>1365086424</lastupdated>
  <poster>posters/81318-3.jpg</poster>
  <zap2it_id>SH01046951</zap2it_id>
</Series>
<Episode>
  <id>983051</id>
  <Combined_episodenumber>1</Combined_episodenumber>
  <Combined_season>0</Combined_season>
  <DVD_chapter></DVD_chapter>
  <DVD_discid></DVD_discid>
  <DVD_episodenumber></DVD_episodenumber>
  <DVD_season></DVD_season>
  <Director>Steve Shill</Director>
  <EpImgFlag>2</EpImgFlag>
  <EpisodeName>Pilot</EpisodeName>
  <EpisodeNumber>1</EpisodeNumber>
  <FirstAired>2008-02-17</FirstAired>
  <GuestStars>Jonathan Chase|Susan Gibney|Kevin Christy|Kevin Dunigan|Jack Yang|Hope Riley|Julie Howie|Leah Fitzpatrick|Blake Silver|Justin Schaeffers|Phil Laak|Lucas Fleischer|Matthew C. Cates|Matt Leonard|Wayne Kasserman|Greg Ellis|Chris Mulkey</GuestStars>
  <IMDB_ID></IMDB_ID>
  <Language>en</Language>
  <Overview>24 year-old Stanford University Ph.D. candidate Sarah Graiman is set to follow in her genius father Charles's footsteps.  Her life takes a dramatic turn when men try to abduct her.  She receives a mysterious phone call from KITT, a car of her father's creation, letting her know that her father is in danger.  Sarah and KITT set off to recruit her childhood friend Mike Tracer into helping them figure out who has her father and is trying to steal KITT.  Mike, having just returned from serving in Iraq is jaded and reluctant to help, but eventually agrees.

This two-hour movie event is an update of the classic 1980s television series starring Justin Bruening, Deanna Russo, Sydney Tamiia Poitier, and Bruce Davison, with a special guest appearance by David Hasselhoff.</Overview>
  <ProductionCode></ProductionCode>
  <Rating>7.3</Rating>
  <RatingCount>20</RatingCount>
  <SeasonNumber>0</SeasonNumber>
  <Writer>David Andron</Writer>
  <absolute_number></absolute_number>
  <airsafter_season></airsafter_season>
  <airsbefore_episode>1</airsbefore_episode>
  <airsbefore_season>1</airsbefore_season>
  <filename>episodes/81318/983051.jpg</filename>
  <lastupdated>1299861211</lastupdated>
  <seasonid>30608</seasonid>
  <seriesid>81318</seriesid>
</Episode>
<Episode>
  <id>352700</id>
  <Combined_episodenumber>1</Combined_episodenumber>
  <Combined_season>1</Combined_season>
  <DVD_chapter></DVD_chapter>
  <DVD_discid></DVD_discid>
  <DVD_episodenumber></DVD_episodenumber>
  <DVD_season></DVD_season>
  <Director>David Solomon</Director>
  <EpImgFlag>2</EpImgFlag>
  <EpisodeName>A Knight in Shining Armor</EpisodeName>
  <EpisodeNumber>1</EpisodeNumber>
  <FirstAired>2008-09-24</FirstAired>
  <GuestStars>Paula Garcés|Smith Cho</GuestStars>
  <IMDB_ID></IMDB_ID>
  <Language>en</Language>
  <Overview>Mike and KITT must deliver a package, a task that seems easy enough until they learn the package is a man with a code built into his DNA. The task becomes more difficult when a mysterious woman gets in their way.
</Overview>
  <ProductionCode></ProductionCode>
  <Rating>6.8</Rating>
  <RatingCount>31</RatingCount>
  <SeasonNumber>1</SeasonNumber>
  <Writer>Gary Scott Thompson</Writer>
  <absolute_number>1</absolute_number>
  <filename>episodes/81318/352700.jpg</filename>
  <lastupdated>1299861413</lastupdated>
  <seasonid>30678</seasonid>
  <seriesid>81318</seriesid>
</Episode>
<Episode>
  <id>388871</id>
  <Combined_episodenumber>2</Combined_episodenumber>
  <Combined_season>1</Combined_season>
  <DVD_chapter></DVD_chapter>
  <DVD_discid></DVD_discid>
  <DVD_episodenumber></DVD_episodenumber>
  <DVD_season></DVD_season>
  <Director>David Straiton</Director>
  <EpImgFlag>2</EpImgFlag>
  <EpisodeName>Journey to the End of the Knight</EpisodeName>
  <EpisodeNumber>2</EpisodeNumber>
  <FirstAired>2008-10-01</FirstAired>
  <GuestStars></GuestStars>
  <IMDB_ID></IMDB_ID>
  <Language>en</Language>
  <Overview>Mike enlists an old Army buddy to help take down a drag racing gang which is also in the business of arms smuggling overseas. Sarah joins Mike and KITT despite her father's disapproval.</Overview>
  <ProductionCode>103</ProductionCode>
  <Rating>6.8</Rating>
  <RatingCount>28</RatingCount>
  <SeasonNumber>1</SeasonNumber>
  <Writer>Philip Levens</Writer>
  <absolute_number></absolute_number>
  <filename>episodes/81318/388871.jpg</filename>
  <lastupdated>1299861424</lastupdated>
  <seasonid>30678</seasonid>
  <seriesid>81318</seriesid>
</Episode>
<Episode>
  <id>388872</id>
  <Combined_episodenumber>3</Combined_episodenumber>
  <Combined_season>1</Combined_season>
  <DVD_chapter></DVD_chapter>
  <DVD_discid></DVD_discid>
  <DVD_episodenumber></DVD_episodenumber>
  <DVD_season></DVD_season>
  <Director>Bryan Spicer</Director>
  <EpImgFlag>2</EpImgFlag>
  <EpisodeName>Knight of the Iguana</EpisodeName>
  <EpisodeNumber>3</EpisodeNumber>
  <FirstAired>2008-10-08</FirstAired>
  <GuestStars>Smith Cho|Johann Urb</GuestStars>
  <IMDB_ID></IMDB_ID>
  <Language>en</Language>
  <Overview>Mike and Zoe go undercover in Baja as a honeymooning surfer couple in order to stop terrorist weapons from getting into the states. Sarah and Billy are brought into the mix and they quickly find the mission taking an unusual turn.</Overview>
  <ProductionCode>105</ProductionCode>
  <Rating>6.5</Rating>
  <RatingCount>22</RatingCount>
  <SeasonNumber>1</SeasonNumber>
  <Writer>Rob Wright</Writer>
  <absolute_number></absolute_number>
  <filename>episodes/81318/388872.jpg</filename>
  <lastupdated>1299861434</lastupdated>
  <seasonid>30678</seasonid>
  <seriesid>81318</seriesid>
</Episode>
<Episode>
  <id>393883</id>
  <Combined_episodenumber>4</Combined_episodenumber>
  <Combined_season>1</Combined_season>
  <DVD_chapter></DVD_chapter>
  <DVD_discid></DVD_discid>
  <DVD_episodenumber></DVD_episodenumber>
  <DVD_season></DVD_season>
  <Director>Allan Kroeker</Director>
  <EpImgFlag>2</EpImgFlag>
  <EpisodeName>A Hard Day's Knight</EpisodeName>
  <EpisodeNumber>4</EpisodeNumber>
  <FirstAired>2008-10-15</FirstAired>
  <GuestStars>Smith Cho|Erich Anderson</GuestStars>
  <IMDB_ID></IMDB_ID>
  <Language>en</Language>
  <Overview>When Mike is lethally poisoned, he has to fake the assassination of a billionaire in order to get the antidote.</Overview>
  <ProductionCode>104</ProductionCode>
  <Rating>6.4</Rating>
  <RatingCount>22</RatingCount>
  <SeasonNumber>1</SeasonNumber>
  <Writer>David Andron</Writer>
  <absolute_number></absolute_number>
  <filename>episodes/81318/393883.jpg</filename>
  <lastupdated>1299861451</lastupdated>
  <seasonid>30678</seasonid>
  <seriesid>81318</seriesid>
</Episode>
<Episode>
  <id>393884</id>
  <Combined_episodenumber>5</Combined_episodenumber>
  <Combined_season>1</Combined_season>
  <DVD_chapter></DVD_chapter>
  <DVD_discid></DVD_discid>
  <DVD_episodenumber></DVD_episodenumber>
  <DVD_season></DVD_season>
  <Director>Jay Chandrasekhar</Director>
  <EpImgFlag>2</EpImgFlag>
  <EpisodeName>Knight of the Hunter</EpisodeName>
  <EpisodeNumber>5</EpisodeNumber>
  <FirstAired>2008-10-22</FirstAired>
  <GuestStars></GuestStars>
  <IMDB_ID></IMDB_ID>
  <Language>en</Language>
  <Overview>Mike goes undercover as an AWOL Marine in order to find a rogue military officer. A beautiful undercover agent pairs up with Mike to help him solve the crime. Back at the SSC, Billy undergoes training with the help of Zoe.</Overview>
  <ProductionCode>107</ProductionCode>
  <Rating>6.9</Rating>
  <RatingCount>22</RatingCount>
  <SeasonNumber>1</SeasonNumber>
  <Writer>John Zinman|Patrick Massett</Writer>
  <absolute_number></absolute_number>
  <filename>episodes/81318/393884.jpg</filename>
  <lastupdated>1299861463</lastupdated>
  <seasonid>30678</seasonid>
  <seriesid>81318</seriesid>
</Episode>
<Episode>
  <id>393885</id>
  <Combined_episodenumber>6</Combined_episodenumber>
  <Combined_season>1</Combined_season>
  <DVD_chapter></DVD_chapter>
  <DVD_discid></DVD_discid>
  <DVD_episodenumber></DVD_episodenumber>
  <DVD_season></DVD_season>
  <Director>Leslie Libman</Director>
  <EpImgFlag>2</EpImgFlag>
  <EpisodeName>Knight of the Living Dead</EpisodeName>
  <EpisodeNumber>6</EpisodeNumber>
  <FirstAired>2008-11-05</FirstAired>
  <GuestStars></GuestStars>
  <IMDB_ID></IMDB_ID>
  <Language>en</Language>
  <Overview>When a tech is murdered inside of Knight Inudstries, the team must track down the person that infiltrated headquarters before they strike again. Meanwhile, Mike and Sarah find themselves stuck together during a storm.</Overview>
  <ProductionCode>108</ProductionCode>
  <Rating>6.9</Rating>
  <RatingCount>20</RatingCount>
  <SeasonNumber>1</SeasonNumber>
  <Writer>Gary Scott Thompson</Writer>
  <absolute_number></absolute_number>
  <filename>episodes/81318/393885.jpg</filename>
  <lastupdated>1299861471</lastupdated>
  <seasonid>30678</seasonid>
  <seriesid>81318</seriesid>
</Episode>
<Episode>
  <id>393886</id>
  <Combined_episodenumber>7</Combined_episodenumber>
  <Combined_season>1</Combined_season>
  <DVD_chapter></DVD_chapter>
  <DVD_discid></DVD_discid>
  <DVD_episodenumber></DVD_episodenumber>
  <DVD_season></DVD_season>
  <Director>Matt Earl Beesley</Director>
  <EpImgFlag>2</EpImgFlag>
  <EpisodeName>I Wanna Rock &amp; Roll All Knight</EpisodeName>
  <EpisodeNumber>7</EpisodeNumber>
  <FirstAired>2008-11-12</FirstAired>
  <GuestStars>John Allen Nelson (Congressman Childress)|Kelly Kruger (Nicole 'Nikki' Childress)|Brandon Quinn (Max Hunter)</GuestStars>
  <IMDB_ID></IMDB_ID>
  <Language>en</Language>
  <Overview>Knight Industries tracks down a Bonnie and Clyde-esque couple and find that their true identites will affect a congressional race. Meanwhile, Mike and KITT must find a way to save Agent Rivai.</Overview>
  <ProductionCode>106</ProductionCode>
  <Rating>6.9</Rating>
  <RatingCount>20</RatingCount>
  <SeasonNumber>1</SeasonNumber>
  <Writer>Teresa Huang|Rachel Mellon</Writer>
  <absolute_number></absolute_number>
  <filename>episodes/81318/393886.jpg</filename>
  <lastupdated>1299861483</lastupdated>
  <seasonid>30678</seasonid>
  <seriesid>81318</seriesid>
</Episode>
<Episode>
  <id>393887</id>
  <Combined_episodenumber>8</Combined_episodenumber>
  <Combined_season>1</Combined_season>
  <DVD_chapter></DVD_chapter>
  <DVD_discid></DVD_discid>
  <DVD_episodenumber></DVD_episodenumber>
  <DVD_season></DVD_season>
  <Director>J. Miller Tobin</Director>
  <EpImgFlag>2</EpImgFlag>
  <EpisodeName>Knight of the Zodiac</EpisodeName>
  <EpisodeNumber>8</EpisodeNumber>
  <FirstAired>2008-11-19</FirstAired>
  <GuestStars></GuestStars>
  <IMDB_ID></IMDB_ID>
  <Language>en</Language>
  <Overview>Billy comes along with Mike on a mission to Vegas to bust a money laundering ring, While on the mission Billy is hoping to find romance. Meanwhile, the KITT cave comes under assessment and also locks horns with Dr. Graiman; an old acquaintance.</Overview>
  <ProductionCode>109</ProductionCode>
  <Rating>7.2</Rating>
  <RatingCount>20</RatingCount>
  <SeasonNumber>1</SeasonNumber>
  <Writer>Matt Pyken</Writer>
  <absolute_number></absolute_number>
  <filename>episodes/81318/393887.jpg</filename>
  <lastupdated>1299861494</lastupdated>
  <seasonid>30678</seasonid>
  <seriesid>81318</seriesid>
</Episode>
<Episode>
  <id>393888</id>
  <Combined_episodenumber>9</Combined_episodenumber>
  <Combined_season>1</Combined_season>
  <DVD_chapter></DVD_chapter>
  <DVD_discid></DVD_discid>
  <DVD_episodenumber></DVD_episodenumber>
  <DVD_season></DVD_season>
  <Director>Milan Cheylov</Director>
  <EpImgFlag>2</EpImgFlag>
  <EpisodeName>Knight Fever</EpisodeName>
  <EpisodeNumber>9</EpisodeNumber>
  <FirstAired>2008-12-31</FirstAired>
  <GuestStars></GuestStars>
  <IMDB_ID></IMDB_ID>
  <Language>en</Language>
  <Overview>Mike must stop the spread of a computer virus that threatens a total global meltdown. The job gets much harder when KITT is infected. Meanwhile, Mike’s jealousy begins to show when Sarah reconnects with an old flame, who may be the key to solving the latest mission.</Overview>
  <ProductionCode>102</ProductionCode>
  <Rating>7.2</Rating>
  <RatingCount>18</RatingCount>
  <SeasonNumber>1</SeasonNumber>
  <Writer>Matt Pyken</Writer>
  <absolute_number></absolute_number>
  <filename>episodes/81318/393888.jpg</filename>
  <lastupdated>1299861503</lastupdated>
  <seasonid>30678</seasonid>
  <seriesid>81318</seriesid>
</Episode>
<Episode>
  <id>413027</id>
  <Combined_episodenumber>10</Combined_episodenumber>
  <Combined_season>1</Combined_season>
  <DVD_chapter></DVD_chapter>
  <DVD_discid></DVD_discid>
  <DVD_episodenumber></DVD_episodenumber>
  <DVD_season></DVD_season>
  <Director>Bryan Spicer</Director>
  <EpImgFlag></EpImgFlag>
  <EpisodeName>Don't Stop the Knight</EpisodeName>
  <EpisodeNumber>10</EpisodeNumber>
  <FirstAired>2009-01-07</FirstAired>
  <GuestStars></GuestStars>
  <IMDB_ID></IMDB_ID>
  <Language>en</Language>
  <Overview>Mike and KITT are sent on an endless string of mini-missions by a crazy terrorist in exchange to keep Ambassador Olara Kumali alive, but they soon realize that they are part of a bigger plan. Trying to outsmart the terrorist, Rivai and a team of FBI agents find themselves in an explosive situation. Meanwhile, Sarah and Dr. Graiman try to fix a sick robot.</Overview>
  <ProductionCode>110</ProductionCode>
  <Rating>6.6</Rating>
  <RatingCount>19</RatingCount>
  <SeasonNumber>1</SeasonNumber>
  <Writer>Rob Wright</Writer>
  <absolute_number></absolute_number>
  <filename>episodes/81318/413027.jpg</filename>
  <lastupdated>1299861523</lastupdated>
  <seasonid>30678</seasonid>
  <seriesid>81318</seriesid>
</Episode>
<Episode>
  <id>414356</id>
  <Combined_episodenumber>11</Combined_episodenumber>
  <Combined_season>1</Combined_season>
  <DVD_chapter></DVD_chapter>
  <DVD_discid></DVD_discid>
  <DVD_episodenumber></DVD_episodenumber>
  <DVD_season></DVD_season>
  <Director>Allan Kroeker</Director>
  <EpImgFlag>2</EpImgFlag>
  <EpisodeName>Day Turns Into Knight</EpisodeName>
  <EpisodeNumber>11</EpisodeNumber>
  <FirstAired>2009-01-14</FirstAired>
  <GuestStars></GuestStars>
  <IMDB_ID></IMDB_ID>
  <Language>en</Language>
  <Overview>Mike and KITT are now transporting a bomb in the trunk of the car, but in order for it not to explode they must stay above 100 miles-per-hour. Trying to come up with a plan to disable the bomb, they load KITT onto the plane to buy some time and keep up their speed. Clinging to life, Rivai manages to give a clue to find where the terrorist is hiding. Meanwhile, Sarah receives some upsetting news about her dad. Bruce Davison, Yancey Arias and Paul Campbell star. Smith Cho recurs and Rick Hoffman and Richard Roundtree guest star.</Overview>
  <ProductionCode></ProductionCode>
  <Rating>6.4</Rating>
  <RatingCount>17</RatingCount>
  <SeasonNumber>1</SeasonNumber>
  <Writer>David Andron</Writer>
  <absolute_number></absolute_number>
  <filename>episodes/81318/414356.jpg</filename>
  <lastupdated>1299861532</lastupdated>
  <seasonid>30678</seasonid>
  <seriesid>81318</seriesid>
</Episode>
<Episode>
  <id>414357</id>
  <Combined_episodenumber>12</Combined_episodenumber>
  <Combined_season>1</Combined_season>
  <DVD_chapter></DVD_chapter>
  <DVD_discid></DVD_discid>
  <DVD_episodenumber></DVD_episodenumber>
  <DVD_season></DVD_season>
  <Director>Jeffrey Hunt</Director>
  <EpImgFlag>2</EpImgFlag>
  <EpisodeName>Knight to King's Pawn</EpisodeName>
  <EpisodeNumber>12</EpisodeNumber>
  <FirstAired>2009-01-21</FirstAired>
  <GuestStars>Peter Cullen</GuestStars>
  <IMDB_ID></IMDB_ID>
  <Language>en</Language>
  <Overview>Sarah is not coping well with her father's death and decides to leave town. Concerned, Mike goes looking for her and in return gets the answers he has been searching for about his past. Meanwhile, the NSA has decided to dismantle the SSC now that Dr. Graiman is dead and they can then move forward with KITT's nemesis KARR. With Torres' permission they take out KITT's chip that contains his personality and memories and place it in KARR. Upset by what has happened, Mike, Sarah, Billy and Zoe devise a plan to find where KITT has been taken and get him up and running and destroy the evil KARR once and for all.</Overview>
  <ProductionCode></ProductionCode>
  <Rating>7.0</Rating>
  <RatingCount>20</RatingCount>
  <SeasonNumber>1</SeasonNumber>
  <Writer>Patrick Massett|John Zinman</Writer>
  <absolute_number></absolute_number>
  <filename>episodes/81318/414357.jpg</filename>
  <lastupdated>1299861543</lastupdated>
  <seasonid>30678</seasonid>
  <seriesid>81318</seriesid>
</Episode>
<Episode>
  <id>414358</id>
  <Combined_episodenumber>13</Combined_episodenumber>
  <Combined_season>1</Combined_season>
  <DVD_chapter></DVD_chapter>
  <DVD_discid></DVD_discid>
  <DVD_episodenumber></DVD_episodenumber>
  <DVD_season></DVD_season>
  <Director>Gary Scott Thompson</Director>
  <EpImgFlag>2</EpImgFlag>
  <EpisodeName>Exit Light, Enter Knight</EpisodeName>
  <EpisodeNumber>13</EpisodeNumber>
  <FirstAired>2009-01-28</FirstAired>
  <GuestStars></GuestStars>
  <IMDB_ID></IMDB_ID>
  <Language>en</Language>
  <Overview>Mike jumps into the thick of a bank heist and tries to stop it, but instead becomes one of the robbers' hostages. Oddly, the robbers do not seem interested in the bank's money. Apparently, they have a specific plan that includes the safe deposit boxes and the husband of one of their hostages. Unable to communication with KITT and his team, Mike tries to enlist the help of the other hostages to stop the robbers from escaping. Unfortunately, one of the so-called hostages is one of the robbers, which makes Mike's job even more difficult.</Overview>
  <ProductionCode></ProductionCode>
  <Rating>7.2</Rating>
  <RatingCount>17</RatingCount>
  <SeasonNumber>1</SeasonNumber>
  <Writer>Gary Scott Thompson</Writer>
  <absolute_number></absolute_number>
  <filename>episodes/81318/414358.jpg</filename>
  <lastupdated>1299861553</lastupdated>
  <seasonid>30678</seasonid>
  <seriesid>81318</seriesid>
</Episode>
<Episode>
  <id>414359</id>
  <Combined_episodenumber>14</Combined_episodenumber>
  <Combined_season>1</Combined_season>
  <DVD_chapter></DVD_chapter>
  <DVD_discid></DVD_discid>
  <DVD_episodenumber></DVD_episodenumber>
  <DVD_season></DVD_season>
  <Director>Nick Gomez</Director>
  <EpImgFlag>2</EpImgFlag>
  <EpisodeName>Fight Knight</EpisodeName>
  <EpisodeNumber>14</EpisodeNumber>
  <FirstAired>2009-02-04</FirstAired>
  <GuestStars></GuestStars>
  <IMDB_ID></IMDB_ID>
  <Language>en</Language>
  <Overview>Mike's old Army friend recruits his help to investigate the suspicious death of a tough-as-nails drill sergeant Jack Burber. Mike learns that the drill sergeant was participating in an underground fight club for military veterans for extra money. In order to find out what really happened, Mike has to infiltrate the fight club and try not to get himself killed in the ring.</Overview>
  <ProductionCode></ProductionCode>
  <Rating>6.6</Rating>
  <RatingCount>16</RatingCount>
  <SeasonNumber>1</SeasonNumber>
  <Writer>Rob Wright</Writer>
  <absolute_number></absolute_number>
  <filename>episodes/81318/414359.jpg</filename>
  <lastupdated>1299861574</lastupdated>
  <seasonid>30678</seasonid>
  <seriesid>81318</seriesid>
</Episode>
<Episode>
  <id>414360</id>
  <Combined_episodenumber>15</Combined_episodenumber>
  <Combined_season>1</Combined_season>
  <DVD_chapter></DVD_chapter>
  <DVD_discid></DVD_discid>
  <DVD_episodenumber></DVD_episodenumber>
  <DVD_season></DVD_season>
  <Director>Jay Chandrasekhar</Director>
  <EpImgFlag>2</EpImgFlag>
  <EpisodeName>Fly By Knight</EpisodeName>
  <EpisodeNumber>15</EpisodeNumber>
  <FirstAired>2009-02-11</FirstAired>
  <GuestStars></GuestStars>
  <IMDB_ID></IMDB_ID>
  <Language>en</Language>
  <Overview>A plane carrying a 10 year-old federal witness has crashed or so it seems. Mike tries to help the DEA Agent Jessie Renning, by informing her that the crash has been faked and that the drug dealer that killed his father has kidnapped the boy. Considering this information for a brief moment, she instead arrests him for hindering her investigation. Meanwhile, Sarah tries to make a deal with the Deputy Director of National Intelligence for autonomy for the SSC's future cases. Running out of time, Mike and KITT need to find the boy before he is forced to tell where the drugs have been hidden and is killed.</Overview>
  <ProductionCode></ProductionCode>
  <Rating>7.1</Rating>
  <RatingCount>16</RatingCount>
  <SeasonNumber>1</SeasonNumber>
  <Writer>David Andron</Writer>
  <absolute_number></absolute_number>
  <filename>episodes/81318/414360.jpg</filename>
  <lastupdated>1299861590</lastupdated>
  <seasonid>30678</seasonid>
  <seriesid>81318</seriesid>
</Episode>
<Episode>
  <id>414361</id>
  <Combined_episodenumber>16</Combined_episodenumber>
  <Combined_season>1</Combined_season>
  <DVD_chapter></DVD_chapter>
  <DVD_discid></DVD_discid>
  <DVD_episodenumber></DVD_episodenumber>
  <DVD_season></DVD_season>
  <Director>Guy Norman Bee</Director>
  <EpImgFlag>2</EpImgFlag>
  <EpisodeName>Knight and the City</EpisodeName>
  <EpisodeNumber>16</EpisodeNumber>
  <FirstAired>2009-02-18</FirstAired>
  <GuestStars></GuestStars>
  <IMDB_ID></IMDB_ID>
  <Language>en</Language>
  <Overview>Mike decides to visit one of his old haunts, Sonny's bar, during his decompression time. When Mike arrives, he notices that the crowd has changed for the worse. After learning of Sonny's death in a car accident, Mike is pleased to hear that his daughter Julie is now running the bar. He offers to lend a hand in order to bring the bar back to its original glory. Meanwhile, Mike gets suspicious when he hears of the recent fires at the bar and discovers that someone has secretly being trying to get Julie to sell the place.</Overview>
  <ProductionCode></ProductionCode>
  <Rating>6.8</Rating>
  <RatingCount>17</RatingCount>
  <SeasonNumber>1</SeasonNumber>
  <Writer>Matt Pyken</Writer>
  <absolute_number></absolute_number>
  <filename>episodes/81318/414361.jpg</filename>
  <lastupdated>1299861601</lastupdated>
  <seasonid>30678</seasonid>
  <seriesid>81318</seriesid>
</Episode>
<Episode>
  <id>414362</id>
  <Combined_episodenumber>17</Combined_episodenumber>
  <Combined_season>1</Combined_season>
  <DVD_chapter></DVD_chapter>
  <DVD_discid></DVD_discid>
  <DVD_episodenumber></DVD_episodenumber>
  <DVD_season></DVD_season>
  <Director>Alex Zakrzewski</Director>
  <EpImgFlag>2</EpImgFlag>
  <EpisodeName>I Love the Knight Life</EpisodeName>
  <EpisodeNumber>17</EpisodeNumber>
  <FirstAired>2009-03-04</FirstAired>
  <GuestStars></GuestStars>
  <IMDB_ID></IMDB_ID>
  <Language>en</Language>
  <Overview>Mike and KITT are trying to track down a stolen serum that maximizes the recipient's physicality before it gets into the wrong hands. With the help of the lab's research assistant, Billy learns some information about the serum that will help Mike when he takes on the now powerful thief. Meanwhile, Sarah is overwhelmed with her new duties and quickly learns how much work it will take to reinstitute the Foundation for Law and Government.</Overview>
  <ProductionCode></ProductionCode>
  <Rating>7.1</Rating>
  <RatingCount>17</RatingCount>
  <SeasonNumber>1</SeasonNumber>
  <Writer>Philip Levens</Writer>
  <absolute_number></absolute_number>
  <filename>episodes/81318/414362.jpg</filename>
  <lastupdated>1299861616</lastupdated>
  <seasonid>30678</seasonid>
  <seriesid>81318</seriesid>
</Episode>
</Data>