<?xml version="1.0" encoding="UTF-8" ?>
<Actors>
<Actor>
  <id>6309</id>
  <Image>actors/6309.jpg</Image>
  <Name>David Boreanaz</Name>
  <Role>Angel</Role>
  <SortOrder>0</SortOrder>
</Actor>
<Actor>
  <id>6304</id>
  <Image>actors/6304.jpg</Image>
  <Name>J. August Richards</Name>
  <Role>Charles Gunn</Role>
  <SortOrder>1</SortOrder>
</Actor>
<Actor>
  <id>6311</id>
  <Image>actors/6311.jpg</Image>
  <Name>Charisma Carpenter</Name>
  <Role>Cordelia Chase</Role>
  <SortOrder>2</SortOrder>
</Actor>
<Actor>
  <id>6307</id>
  <Image>actors/6307.jpg</Image>
  <Name>Alexis Denisof</Name>
  <Role>Wesley Wyndam-Pryce</Role>
  <SortOrder>2</SortOrder>
</Actor>
<Actor>
  <id>6313</id>
  <Image>actors/6313.jpg</Image>
  <Name>Glenn Quinn</Name>
  <Role>Alan Francis Doyle</Role>
  <SortOrder>3</SortOrder>
</Actor>
<Actor>
  <id>6312</id>
  <Image>actors/6312.jpg</Image>
  <Name>Amy Acker</Name>
  <Role>Winifred &quot;Fred&quot; Burkle|Illyria</Role>
  <SortOrder>3</SortOrder>
</Actor>
<Actor>
  <id>6310</id>
  <Image>actors/6310.jpg</Image>
  <Name>Mercedes McNab</Name>
  <Role>Harmony &quot;Harm&quot; Kendall</Role>
  <SortOrder>3</SortOrder>
</Actor>
<Actor>
  <id>6308</id>
  <Image>actors/6308.jpg</Image>
  <Name>James Marsters</Name>
  <Role>Spike</Role>
  <SortOrder>3</SortOrder>
</Actor>
<Actor>
  <id>6306</id>
  <Image>actors/6306.jpg</Image>
  <Name>Vincent Kartheiser</Name>
  <Role>Connor</Role>
  <SortOrder>3</SortOrder>
</Actor>
<Actor>
  <id>6305</id>
  <Image>actors/6305.jpg</Image>
  <Name>Andy Hallett</Name>
  <Role>Lorne</Role>
  <SortOrder>3</SortOrder>
</Actor>
<Actor>
  <id>109231</id>
  <Image>actors/109231.jpg</Image>
  <Name>Elisabeth Rohm</Name>
  <Role>Kate Lockley</Role>
  <SortOrder>3</SortOrder>
</Actor>
</Actors>