<?xml version="1.0" encoding="UTF-8" ?>
<Data><Series>
  <id>75275</id>
  <Actors>|Bret Harrison|Mimi Rogers|Philip Baker Hall|Joy Osmanski|Eric Christian Olson|Sarah Wright|</Actors>
  <Airs_DayOfWeek>Wednesday</Airs_DayOfWeek>
  <Airs_Time>9:30 PM</Airs_Time>
  <ContentRating>TV-14</ContentRating>
  <FirstAired>2006-01-01</FirstAired>
  <Genre>|Comedy|</Genre>
  <IMDB_ID>tt0460655</IMDB_ID>
  <Language>en</Language>
  <Network>FOX</Network>
  <NetworkID></NetworkID>
  <Overview>This comedy revolves around a guy (Bret Harrison, Grounded for Life) right out of college who becomes the first among his friends to get a real job, as a Chicago-based airline's youngest executive, and straddles the fence between slacker and working man.</Overview>
  <Rating>7.5</Rating>
  <RatingCount>2</RatingCount>
  <Runtime>30</Runtime>
  <SeriesID>31306</SeriesID>
  <SeriesName>The Loop</SeriesName>
  <Status>Ended</Status>
  <added></added>
  <addedBy></addedBy>
  <banner>graphical/75275-g.jpg</banner>
  <fanart>fanart/original/75275-2.jpg</fanart>
  <lastupdated>1351174526</lastupdated>
  <poster>posters/75275-1.jpg</poster>
  <zap2it_id>SH754221</zap2it_id>
</Series>
<Episode>
  <id>167367</id>
  <Combined_episodenumber>1</Combined_episodenumber>
  <Combined_season>1</Combined_season>
  <DVD_chapter></DVD_chapter>
  <DVD_discid></DVD_discid>
  <DVD_episodenumber></DVD_episodenumber>
  <DVD_season></DVD_season>
  <Director>Betty Thomas, Dennie Gordon</Director>
  <EpImgFlag>3</EpImgFlag>
  <EpisodeName>Pilot</EpisodeName>
  <EpisodeNumber>1</EpisodeNumber>
  <FirstAired>2006-03-15</FirstAired>
  <GuestStars>|Morgan Flynn| Maya  Hazen| Ben Tolpin| Kareem Abdul-Jabaar II| David Walton| Alan Conn| Ian Reed Kesler|</GuestStars>
  <IMDB_ID></IMDB_ID>
  <Language>en</Language>
  <Overview>Sam has difficulties balancing his new job as an airline executive while still saving enough time to keep up with his slacker friends who don't see working as a priority.
</Overview>
  <ProductionCode></ProductionCode>
  <Rating>6.0</Rating>
  <RatingCount>1</RatingCount>
  <SeasonNumber>1</SeasonNumber>
  <Writer>Will Gluck, Pam Brady</Writer>
  <absolute_number></absolute_number>
  <filename>episodes/75275/167367.jpg</filename>
  <lastupdated>1232489600</lastupdated>
  <seasonid>8689</seasonid>
  <seriesid>75275</seriesid>
</Episode>
<Episode>
  <id>306298</id>
  <Combined_episodenumber>2</Combined_episodenumber>
  <Combined_season>1</Combined_season>
  <DVD_chapter></DVD_chapter>
  <DVD_discid></DVD_discid>
  <DVD_episodenumber></DVD_episodenumber>
  <DVD_season></DVD_season>
  <Director>Betty Thomas</Director>
  <EpImgFlag>3</EpImgFlag>
  <EpisodeName>Jack Air</EpisodeName>
  <EpisodeNumber>2</EpisodeNumber>
  <FirstAired>2006-03-16</FirstAired>
  <GuestStars>|Lance E. Nichols| S. Marc Jordan| Matt Corboy| Denver Dowridge| Crystal Kwon| Joseph Limbaugh| Rachel Boston|</GuestStars>
  <IMDB_ID></IMDB_ID>
  <Language>en</Language>
  <Overview>Sam is given an assignment at work to make a low-cost airline carrier, but he may not be able to deliver his proposal because of a tequila challenge he took part in the night before.
</Overview>
  <ProductionCode>102</ProductionCode>
  <Rating></Rating>
  <RatingCount>0</RatingCount>
  <SeasonNumber>1</SeasonNumber>
  <Writer>Will Gluck, Pam Brady</Writer>
  <absolute_number></absolute_number>
  <filename>episodes/75275/306298.jpg</filename>
  <lastupdated>1232489622</lastupdated>
  <seasonid>8689</seasonid>
  <seriesid>75275</seriesid>
</Episode>
<Episode>
  <id>306296</id>
  <Combined_episodenumber>3</Combined_episodenumber>
  <Combined_season>1</Combined_season>
  <DVD_chapter></DVD_chapter>
  <DVD_discid></DVD_discid>
  <DVD_episodenumber></DVD_episodenumber>
  <DVD_season></DVD_season>
  <Director>Jay Chandrasekhar</Director>
  <EpImgFlag>3</EpImgFlag>
  <EpisodeName>Tiger Express</EpisodeName>
  <EpisodeNumber>3</EpisodeNumber>
  <FirstAired>2006-03-23</FirstAired>
  <GuestStars>|Shazia Deen| Kelli Dawn Hancock| Lane Victoria Macer| Ben Toplin| Alan Conn| Valerie Azlynn| Charles Chun|</GuestStars>
  <IMDB_ID></IMDB_ID>
  <Language>en</Language>
  <Overview>At the bar, Sam bumps into Jolie, a girl he previously ditched on their third date.  Sam's plan to reconnect with Jolie is hampered by a series of curve balls thrown by his boss.
</Overview>
  <ProductionCode>103</ProductionCode>
  <Rating></Rating>
  <RatingCount>0</RatingCount>
  <SeasonNumber>1</SeasonNumber>
  <Writer>Ira Ungerleider</Writer>
  <absolute_number></absolute_number>
  <filename>episodes/75275/306296.jpg</filename>
  <lastupdated>1232489650</lastupdated>
  <seasonid>8689</seasonid>
  <seriesid>75275</seriesid>
</Episode>
<Episode>
  <id>306295</id>
  <Combined_episodenumber>4</Combined_episodenumber>
  <Combined_season>1</Combined_season>
  <DVD_chapter></DVD_chapter>
  <DVD_discid></DVD_discid>
  <DVD_episodenumber></DVD_episodenumber>
  <DVD_season></DVD_season>
  <Director>Rawson Marshall Thurber</Director>
  <EpImgFlag>3</EpImgFlag>
  <EpisodeName>Trouble in the Saddle</EpisodeName>
  <EpisodeNumber>4</EpisodeNumber>
  <FirstAired>2006-03-30</FirstAired>
  <GuestStars>|Pramod Kumar| Adam   Gregor| Philippe Bergeron| Tucker Smallwood| Louis R. Plante|</GuestStars>
  <IMDB_ID></IMDB_ID>
  <Language>en</Language>
  <Overview>On his way to an important business meeting at Russ's ranch, Sam stops off at home to put on some ranch attire.
</Overview>
  <ProductionCode>104</ProductionCode>
  <Rating></Rating>
  <RatingCount>0</RatingCount>
  <SeasonNumber>1</SeasonNumber>
  <Writer>Pam Brady, Will Gluck</Writer>
  <absolute_number></absolute_number>
  <filename>episodes/75275/306295.jpg</filename>
  <lastupdated>1268524787</lastupdated>
  <seasonid>8689</seasonid>
  <seriesid>75275</seriesid>
</Episode>
<Episode>
  <id>306294</id>
  <Combined_episodenumber>5</Combined_episodenumber>
  <Combined_season>1</Combined_season>
  <DVD_chapter></DVD_chapter>
  <DVD_discid></DVD_discid>
  <DVD_episodenumber></DVD_episodenumber>
  <DVD_season></DVD_season>
  <Director>Dennie Gordon</Director>
  <EpImgFlag>3</EpImgFlag>
  <EpisodeName>Year of the Dog</EpisodeName>
  <EpisodeNumber>5</EpisodeNumber>
  <FirstAired>2006-04-06</FirstAired>
  <GuestStars>|Masi Oka| Michael Patrick McGill| James Hong| D. Elliot Woods| Ed Williams| Stephen Hornyak|</GuestStars>
  <IMDB_ID></IMDB_ID>
  <Language>en</Language>
  <Overview>Meryl seeks Sam's expertise to assist with a vital presentation she's giving to the Chinese Department of Transportation.
</Overview>
  <ProductionCode>105</ProductionCode>
  <Rating></Rating>
  <RatingCount>0</RatingCount>
  <SeasonNumber>1</SeasonNumber>
  <Writer>Theresa Mulligan, Ira Ungerleider</Writer>
  <absolute_number></absolute_number>
  <filename>episodes/75275/306294.jpg</filename>
  <lastupdated>1232489714</lastupdated>
  <seasonid>8689</seasonid>
  <seriesid>75275</seriesid>
</Episode>
<Episode>
  <id>306297</id>
  <Combined_episodenumber>6</Combined_episodenumber>
  <Combined_season>1</Combined_season>
  <DVD_chapter></DVD_chapter>
  <DVD_discid></DVD_discid>
  <DVD_episodenumber></DVD_episodenumber>
  <DVD_season></DVD_season>
  <Director>Daisy von Scherler Mayer</Director>
  <EpImgFlag>3</EpImgFlag>
  <EpisodeName>Bear Drop Soup</EpisodeName>
  <EpisodeNumber>6</EpisodeNumber>
  <FirstAired>2006-04-12</FirstAired>
  <GuestStars>|Anthony R. Jones| Nelson Mashita| Carole Gutierrez| Gil McKinney| Ken Campbell|</GuestStars>
  <IMDB_ID></IMDB_ID>
  <Language>en</Language>
  <Overview>Sam's latest business proposition turns his coworkers against him and Sully comes up with the perfect solution to rid Piper's tutor of excess body hair.
</Overview>
  <ProductionCode>106</ProductionCode>
  <Rating></Rating>
  <RatingCount>0</RatingCount>
  <SeasonNumber>1</SeasonNumber>
  <Writer>Robin Shorr</Writer>
  <absolute_number></absolute_number>
  <filename>episodes/75275/306297.jpg</filename>
  <lastupdated>1268524795</lastupdated>
  <seasonid>8689</seasonid>
  <seriesid>75275</seriesid>
</Episode>
<Episode>
  <id>306947</id>
  <Combined_episodenumber>7</Combined_episodenumber>
  <Combined_season>1</Combined_season>
  <DVD_chapter></DVD_chapter>
  <DVD_discid></DVD_discid>
  <DVD_episodenumber></DVD_episodenumber>
  <DVD_season></DVD_season>
  <Director>Jay Chandrasekhar</Director>
  <EpImgFlag>3</EpImgFlag>
  <EpisodeName>Rusty Trombone</EpisodeName>
  <EpisodeNumber>7</EpisodeNumber>
  <FirstAired>2006-04-13</FirstAired>
  <GuestStars>|Ben Toplin| Fallon Taylor| Roger Ranney| Carol Kiernan| The Dandy Warhols| Ian Reed Kesler| Ric Sarabia| Pramod Kumar| Dominic Daniel| Adam Brody| Katie Weaver|</GuestStars>
  <IMDB_ID></IMDB_ID>
  <Language>en</Language>
  <Overview>A last-minute brainstorming meeting forces Sam to bail on his date with Piper and rescue her from sleazy Derek.
</Overview>
  <ProductionCode></ProductionCode>
  <Rating></Rating>
  <RatingCount>0</RatingCount>
  <SeasonNumber>1</SeasonNumber>
  <Writer>Pam Brady, Will Gluck</Writer>
  <absolute_number></absolute_number>
  <filename>episodes/75275/306947.jpg</filename>
  <lastupdated>1268524805</lastupdated>
  <seasonid>8689</seasonid>
  <seriesid>75275</seriesid>
</Episode>
<Episode>
  <id>312428</id>
  <Combined_episodenumber>1</Combined_episodenumber>
  <Combined_season>2</Combined_season>
  <DVD_chapter></DVD_chapter>
  <DVD_discid></DVD_discid>
  <DVD_episodenumber></DVD_episodenumber>
  <DVD_season></DVD_season>
  <Director>Andrew Fleming</Director>
  <EpImgFlag>2</EpImgFlag>
  <EpisodeName>Windows</EpisodeName>
  <EpisodeNumber>1</EpisodeNumber>
  <FirstAired>2007-06-10</FirstAired>
  <GuestStars>|Diora Baird (Cara)|Marty Lodge (Oppenhuizen)|Hari Dhillon (Sikander)|Ian Reed Kesler (Derek)|Damon Herriman (Harald)|Phil Proctor (Snorri)|Saba Homayoon (Jane)|Nina Franoszek (Johanna)|</GuestStars>
  <IMDB_ID></IMDB_ID>
  <Language>en</Language>
  <Overview>Sam tries to get the new receptionist to go out with him, however he has to juggle his love life with the task of impressing a group of Icelandic visitors that Russ wants to do business with.</Overview>
  <ProductionCode>2AKK09</ProductionCode>
  <Rating></Rating>
  <RatingCount>0</RatingCount>
  <SeasonNumber>2</SeasonNumber>
  <Writer>Sam Laybourne</Writer>
  <absolute_number></absolute_number>
  <filename>episodes/75275/312428.jpg</filename>
  <lastupdated>1260309568</lastupdated>
  <seasonid>16647</seasonid>
  <seriesid>75275</seriesid>
</Episode>
<Episode>
  <id>330021</id>
  <Combined_episodenumber>2</Combined_episodenumber>
  <Combined_season>2</Combined_season>
  <DVD_chapter></DVD_chapter>
  <DVD_discid></DVD_discid>
  <DVD_episodenumber></DVD_episodenumber>
  <DVD_season></DVD_season>
  <Director></Director>
  <EpImgFlag>1</EpImgFlag>
  <EpisodeName>The Phantom</EpisodeName>
  <EpisodeNumber>2</EpisodeNumber>
  <FirstAired>2007-06-10</FirstAired>
  <GuestStars>|Katie O'Rourke (Stacey)|Keith Pillow (Brian Tanen)|Diora Baird (Cara)|  Hari Dhillon (Sikander)|Barry Wiggins (Doug)|Ian Reed Kesler (Derek)|Marty Lodge (Oppenhuizen)|</GuestStars>
  <IMDB_ID></IMDB_ID>
  <Language>en</Language>
  <Overview>Russ crashes into Sam's car and covers it up. To ease his guilt, he lends Sam his motorcycle, which Sully destroys. Desperate to come up with the cash to fix the bike, Sam enrolls in an experimental drug trial.</Overview>
  <ProductionCode>2AKK10</ProductionCode>
  <Rating></Rating>
  <RatingCount>0</RatingCount>
  <SeasonNumber>2</SeasonNumber>
  <Writer>Robia Rashid</Writer>
  <absolute_number></absolute_number>
  <filename>episodes/75275/330021.jpg</filename>
  <lastupdated>1260208474</lastupdated>
  <seasonid>16647</seasonid>
  <seriesid>75275</seriesid>
</Episode>
<Episode>
  <id>330165</id>
  <Combined_episodenumber>3</Combined_episodenumber>
  <Combined_season>2</Combined_season>
  <DVD_chapter></DVD_chapter>
  <DVD_discid></DVD_discid>
  <DVD_episodenumber></DVD_episodenumber>
  <DVD_season></DVD_season>
  <Director></Director>
  <EpImgFlag>1</EpImgFlag>
  <EpisodeName>Yeah, Presents</EpisodeName>
  <EpisodeNumber>3</EpisodeNumber>
  <FirstAired>2007-06-17</FirstAired>
  <GuestStars></GuestStars>
  <IMDB_ID></IMDB_ID>
  <Language>en</Language>
  <Overview>Russ tells everyone not to get him a present for his birthday, but everyone still scrambles to find him the perfect gift. Sam discovers that Russ once owned a beloved exotic bird, so he sets out to track one down. However, he gets into a load of trouble trying to import a bird across international borders.</Overview>
  <ProductionCode>2AKK08</ProductionCode>
  <Rating></Rating>
  <RatingCount>0</RatingCount>
  <SeasonNumber>2</SeasonNumber>
  <Writer></Writer>
  <absolute_number></absolute_number>
  <filename>episodes/75275/330165.jpg</filename>
  <lastupdated>1268524821</lastupdated>
  <seasonid>16647</seasonid>
  <seriesid>75275</seriesid>
</Episode>
<Episode>
  <id>330166</id>
  <Combined_episodenumber>4</Combined_episodenumber>
  <Combined_season>2</Combined_season>
  <DVD_chapter></DVD_chapter>
  <DVD_discid></DVD_discid>
  <DVD_episodenumber></DVD_episodenumber>
  <DVD_season></DVD_season>
  <Director></Director>
  <EpImgFlag>1</EpImgFlag>
  <EpisodeName>CSI: Donut Idol Bowl</EpisodeName>
  <EpisodeNumber>4</EpisodeNumber>
  <FirstAired>2007-06-17</FirstAired>
  <GuestStars></GuestStars>
  <IMDB_ID></IMDB_ID>
  <Language>en</Language>
  <Overview>To ramp up marketing to families, Russ decides that the airline needs a family-friendly icon. Sam submits a really great idea from Darcy, however Russ mistakenly uses a doodle drawn by Sully. The result is very &quot;Sully-like.&quot;</Overview>
  <ProductionCode>2AKK05</ProductionCode>
  <Rating></Rating>
  <RatingCount>0</RatingCount>
  <SeasonNumber>2</SeasonNumber>
  <Writer></Writer>
  <absolute_number></absolute_number>
  <filename>episodes/75275/330166.jpg</filename>
  <lastupdated>1260209160</lastupdated>
  <seasonid>16647</seasonid>
  <seriesid>75275</seriesid>
</Episode>
<Episode>
  <id>330167</id>
  <Combined_episodenumber>5</Combined_episodenumber>
  <Combined_season>2</Combined_season>
  <DVD_chapter></DVD_chapter>
  <DVD_discid></DVD_discid>
  <DVD_episodenumber></DVD_episodenumber>
  <DVD_season></DVD_season>
  <Director></Director>
  <EpImgFlag>1</EpImgFlag>
  <EpisodeName>The Dutch</EpisodeName>
  <EpisodeNumber>5</EpisodeNumber>
  <FirstAired>2007-06-24</FirstAired>
  <GuestStars></GuestStars>
  <IMDB_ID></IMDB_ID>
  <Language>en</Language>
  <Overview>Sam feels that he is one of the boys when Russ invites him to a business lunch with the heads of the other airlines. However the experience is not without trouble, as Sam makes a simple donation to a charity sponsored by &quot;The Dutch&quot;, which causes him much more than he bargained for.</Overview>
  <ProductionCode>2AKK07</ProductionCode>
  <Rating></Rating>
  <RatingCount>0</RatingCount>
  <SeasonNumber>2</SeasonNumber>
  <Writer></Writer>
  <absolute_number></absolute_number>
  <filename>episodes/75275/330167.jpg</filename>
  <lastupdated>1260209605</lastupdated>
  <seasonid>16647</seasonid>
  <seriesid>75275</seriesid>
</Episode>
<Episode>
  <id>330168</id>
  <Combined_episodenumber>6</Combined_episodenumber>
  <Combined_season>2</Combined_season>
  <DVD_chapter></DVD_chapter>
  <DVD_discid></DVD_discid>
  <DVD_episodenumber></DVD_episodenumber>
  <DVD_season></DVD_season>
  <Director></Director>
  <EpImgFlag>1</EpImgFlag>
  <EpisodeName>Lady Business</EpisodeName>
  <EpisodeNumber>6</EpisodeNumber>
  <FirstAired>2007-06-24</FirstAired>
  <GuestStars></GuestStars>
  <IMDB_ID></IMDB_ID>
  <Language>en</Language>
  <Overview>Sam runs afoul of Meryl when he nominates her for an award, and later discovers that she is not as thrilled as he thought she would be.</Overview>
  <ProductionCode>2AKK02</ProductionCode>
  <Rating></Rating>
  <RatingCount>0</RatingCount>
  <SeasonNumber>2</SeasonNumber>
  <Writer></Writer>
  <absolute_number></absolute_number>
  <filename>episodes/75275/330168.jpg</filename>
  <lastupdated>1260209689</lastupdated>
  <seasonid>16647</seasonid>
  <seriesid>75275</seriesid>
</Episode>
<Episode>
  <id>330169</id>
  <Combined_episodenumber>7</Combined_episodenumber>
  <Combined_season>2</Combined_season>
  <DVD_chapter></DVD_chapter>
  <DVD_discid></DVD_discid>
  <DVD_episodenumber></DVD_episodenumber>
  <DVD_season></DVD_season>
  <Director></Director>
  <EpImgFlag>1</EpImgFlag>
  <EpisodeName>Stride</EpisodeName>
  <EpisodeNumber>7</EpisodeNumber>
  <FirstAired>2007-06-24</FirstAired>
  <GuestStars></GuestStars>
  <IMDB_ID></IMDB_ID>
  <Language>en</Language>
  <Overview>When Trans-Alliance takes on &quot;Stride&quot; gum as a new corporate sponsor Sam is smitten by the &quot;Stride&quot; marketing rep. Unfortunately, Sam's desire to land the marketing rep clouds his best judgement when deciding on product placement.</Overview>
  <ProductionCode>2AKK04</ProductionCode>
  <Rating></Rating>
  <RatingCount>0</RatingCount>
  <SeasonNumber>2</SeasonNumber>
  <Writer></Writer>
  <absolute_number></absolute_number>
  <filename>episodes/75275/330169.jpg</filename>
  <lastupdated>1260209732</lastupdated>
  <seasonid>16647</seasonid>
  <seriesid>75275</seriesid>
</Episode>
<Episode>
  <id>330170</id>
  <Combined_episodenumber>8</Combined_episodenumber>
  <Combined_season>2</Combined_season>
  <DVD_chapter></DVD_chapter>
  <DVD_discid></DVD_discid>
  <DVD_episodenumber></DVD_episodenumber>
  <DVD_season></DVD_season>
  <Director></Director>
  <EpImgFlag>1</EpImgFlag>
  <EpisodeName>Crazy Goat</EpisodeName>
  <EpisodeNumber>8</EpisodeNumber>
  <FirstAired>2007-07-01</FirstAired>
  <GuestStars></GuestStars>
  <IMDB_ID></IMDB_ID>
  <Language>en</Language>
  <Overview>After Russ' crazy friend, &quot;Crazy Goat&quot;, passes away, Russ asks his staff to come up with ways to make more money in &quot;crazy&quot; ways... just as &quot;Crazy Goat&quot; would have done. Sam finds out that Derek Tricolli has an idea that is crazy enough to work, however Derek will only participate if Sam fixes him up with Darcy.</Overview>
  <ProductionCode>2AKK03</ProductionCode>
  <Rating></Rating>
  <RatingCount>0</RatingCount>
  <SeasonNumber>2</SeasonNumber>
  <Writer></Writer>
  <absolute_number></absolute_number>
  <filename>episodes/75275/330170.jpg</filename>
  <lastupdated>1260209763</lastupdated>
  <seasonid>16647</seasonid>
  <seriesid>75275</seriesid>
</Episode>
<Episode>
  <id>330171</id>
  <Combined_episodenumber>9</Combined_episodenumber>
  <Combined_season>2</Combined_season>
  <DVD_chapter></DVD_chapter>
  <DVD_discid></DVD_discid>
  <DVD_episodenumber></DVD_episodenumber>
  <DVD_season></DVD_season>
  <Director></Director>
  <EpImgFlag>1</EpImgFlag>
  <EpisodeName>Fatty</EpisodeName>
  <EpisodeNumber>9</EpisodeNumber>
  <FirstAired>2007-07-01</FirstAired>
  <GuestStars></GuestStars>
  <IMDB_ID></IMDB_ID>
  <Language>en</Language>
  <Overview>In an attempt to understand the plight of plus-sized airline passengers, Sam is forced to fly while wearing a fat suit. However, while on the flight, Russell asks Sam to spy on his girlfriend... but Sam does more than that.</Overview>
  <ProductionCode>2AKK01</ProductionCode>
  <Rating></Rating>
  <RatingCount>0</RatingCount>
  <SeasonNumber>2</SeasonNumber>
  <Writer></Writer>
  <absolute_number></absolute_number>
  <filename>episodes/75275/330171.jpg</filename>
  <lastupdated>1260209792</lastupdated>
  <seasonid>16647</seasonid>
  <seriesid>75275</seriesid>
</Episode>
<Episode>
  <id>330172</id>
  <Combined_episodenumber>10</Combined_episodenumber>
  <Combined_season>2</Combined_season>
  <DVD_chapter></DVD_chapter>
  <DVD_discid></DVD_discid>
  <DVD_episodenumber></DVD_episodenumber>
  <DVD_season></DVD_season>
  <Director></Director>
  <EpImgFlag>1</EpImgFlag>
  <EpisodeName>The Stranger</EpisodeName>
  <EpisodeNumber>10</EpisodeNumber>
  <FirstAired>2007-07-01</FirstAired>
  <GuestStars></GuestStars>
  <IMDB_ID></IMDB_ID>
  <Language>en</Language>
  <Overview>Sam has been assigned a new project, however he chooses Russ' pal Ralph to assist him, instead of Meryl. After things go bad, Sam has to crawl back to Meryl to help him straighten out the mess.</Overview>
  <ProductionCode>2AKK06</ProductionCode>
  <Rating></Rating>
  <RatingCount>0</RatingCount>
  <SeasonNumber>2</SeasonNumber>
  <Writer></Writer>
  <absolute_number></absolute_number>
  <filename>episodes/75275/330172.jpg</filename>
  <lastupdated>1260209846</lastupdated>
  <seasonid>16647</seasonid>
  <seriesid>75275</seriesid>
</Episode>
</Data>