<?xml version="1.0" encoding="UTF-8" ?>
<Actors>
<Actor>
  <id>16494</id>
  <Image>actors/16494.jpg</Image>
  <Name>Christopher McCulloch</Name>
  <Role>Hank Venture, The Monarch</Role>
  <SortOrder>0</SortOrder>
</Actor>
<Actor>
  <id>16491</id>
  <Image>actors/16491.jpg</Image>
  <Name>James Urbaniak</Name>
  <Role>Dr. Venture</Role>
  <SortOrder>1</SortOrder>
</Actor>
<Actor>
  <id>16489</id>
  <Image>actors/16489.jpg</Image>
  <Name>Patrick Warburton</Name>
  <Role>Brock Samson</Role>
  <SortOrder>2</SortOrder>
</Actor>
<Actor>
  <id>296845</id>
  <Image>actors/296845.jpg</Image>
  <Name>Lisa Hammer</Name>
  <Role>Triana Orpheus</Role>
  <SortOrder>3</SortOrder>
</Actor>
<Actor>
  <id>16492</id>
  <Image>actors/16492.jpg</Image>
  <Name>Doc Hammer</Name>
  <Role>Dr. Girlfriend, Henchman 21</Role>
  <SortOrder>3</SortOrder>
</Actor>
<Actor>
  <id>16490</id>
  <Image>actors/16490.jpg</Image>
  <Name>Michael Sinterniklaas</Name>
  <Role>Dean Venture</Role>
  <SortOrder>3</SortOrder>
</Actor>
<Actor>
  <id>296844</id>
  <Image></Image>
  <Name>Paul Boocock</Name>
  <Role>Dr. Jonas Venture</Role>
  <SortOrder>3</SortOrder>
</Actor>
<Actor>
  <id>296843</id>
  <Image></Image>
  <Name>Steven Rattazzi</Name>
  <Role>Dr. Orpheus</Role>
  <SortOrder>3</SortOrder>
</Actor>
</Actors>