<?xml version="1.0" encoding="UTF-8" ?>
<Actors>
<Actor>
  <id>173841</id>
  <Image>actors/173841.jpg</Image>
  <Name>Will Arnett</Name>
  <Role>Steve Wilde</Role>
  <SortOrder>0</SortOrder>
</Actor>
<Actor>
  <id>173851</id>
  <Image>actors/173851.jpg</Image>
  <Name>Keri Russell</Name>
  <Role>Emmy Kadubic</Role>
  <SortOrder>1</SortOrder>
</Actor>
<Actor>
  <id>199211</id>
  <Image>actors/199211.jpg</Image>
  <Name>Peter Serafinowicz</Name>
  <Role>Fa'ad Shaoulin</Role>
  <SortOrder>2</SortOrder>
</Actor>
<Actor>
  <id>235501</id>
  <Image>actors/235501.jpg</Image>
  <Name>Stefania Owen</Name>
  <Role>Puddle Kadubic</Role>
  <SortOrder>3</SortOrder>
</Actor>
<Actor>
  <id>235491</id>
  <Image>actors/235491.jpg</Image>
  <Name>Mel Rodriguez</Name>
  <Role>Migo Salazar</Role>
  <SortOrder>3</SortOrder>
</Actor>
<Actor>
  <id>232551</id>
  <Image>actors/232551.jpg</Image>
  <Name>Robert Michael Morris</Name>
  <Role>Mr. Lunt</Role>
  <SortOrder>3</SortOrder>
</Actor>
</Actors>