<?xml version="1.0" encoding="UTF-8" ?>
<Banners>
<Banner>
  <id>711341</id>
  <BannerPath>fanart/original/164031-12.jpg</BannerPath>
  <BannerType>fanart</BannerType>
  <BannerType2>1920x1080</BannerType2>
  <Colors></Colors>
  <Language>en</Language>
  <Rating>9.0000</Rating>
  <RatingCount>2</RatingCount>
  <SeriesName>false</SeriesName>
  <ThumbnailPath>_cache/fanart/original/164031-12.jpg</ThumbnailPath>
  <VignettePath>fanart/vignette/164031-12.jpg</VignettePath>
</Banner>
<Banner>
  <id>551601</id>
  <BannerPath>fanart/original/164031-4.jpg</BannerPath>
  <BannerType>fanart</BannerType>
  <BannerType2>1920x1080</BannerType2>
  <Colors></Colors>
  <Language>en</Language>
  <Rating>8.0000</Rating>
  <RatingCount>3</RatingCount>
  <SeriesName>false</SeriesName>
  <ThumbnailPath>_cache/fanart/original/164031-4.jpg</ThumbnailPath>
  <VignettePath>fanart/vignette/164031-4.jpg</VignettePath>
</Banner>
<Banner>
  <id>551611</id>
  <BannerPath>fanart/original/164031-5.jpg</BannerPath>
  <BannerType>fanart</BannerType>
  <BannerType2>1920x1080</BannerType2>
  <Colors></Colors>
  <Language>en</Language>
  <Rating>7.5000</Rating>
  <RatingCount>4</RatingCount>
  <SeriesName>false</SeriesName>
  <ThumbnailPath>_cache/fanart/original/164031-5.jpg</ThumbnailPath>
  <VignettePath>fanart/vignette/164031-5.jpg</VignettePath>
</Banner>
<Banner>
  <id>480811</id>
  <BannerPath>fanart/original/164031-1.jpg</BannerPath>
  <BannerType>fanart</BannerType>
  <BannerType2>1920x1080</BannerType2>
  <Colors></Colors>
  <Language>de</Language>
  <Rating>7.3333</Rating>
  <RatingCount>3</RatingCount>
  <SeriesName>false</SeriesName>
  <ThumbnailPath>_cache/fanart/original/164031-1.jpg</ThumbnailPath>
  <VignettePath>fanart/vignette/164031-1.jpg</VignettePath>
</Banner>
<Banner>
  <id>551591</id>
  <BannerPath>fanart/original/164031-3.jpg</BannerPath>
  <BannerType>fanart</BannerType>
  <BannerType2>1920x1080</BannerType2>
  <Colors></Colors>
  <Language>en</Language>
  <Rating>7.0000</Rating>
  <RatingCount>3</RatingCount>
  <SeriesName>false</SeriesName>
  <ThumbnailPath>_cache/fanart/original/164031-3.jpg</ThumbnailPath>
  <VignettePath>fanart/vignette/164031-3.jpg</VignettePath>
</Banner>
<Banner>
  <id>615511</id>
  <BannerPath>fanart/original/164031-6.jpg</BannerPath>
  <BannerType>fanart</BannerType>
  <BannerType2>1280x720</BannerType2>
  <Colors>|56,56,68|178,178,178|46,22,22|</Colors>
  <Language>en</Language>
  <Rating>6.5000</Rating>
  <RatingCount>2</RatingCount>
  <SeriesName>false</SeriesName>
  <ThumbnailPath>_cache/fanart/original/164031-6.jpg</ThumbnailPath>
  <VignettePath>fanart/vignette/164031-6.jpg</VignettePath>
</Banner>
<Banner>
  <id>711331</id>
  <BannerPath>fanart/original/164031-11.jpg</BannerPath>
  <BannerType>fanart</BannerType>
  <BannerType2>1920x1080</BannerType2>
  <Colors></Colors>
  <Language>en</Language>
  <Rating>6.0000</Rating>
  <RatingCount>1</RatingCount>
  <SeriesName>false</SeriesName>
  <ThumbnailPath>_cache/fanart/original/164031-11.jpg</ThumbnailPath>
  <VignettePath>fanart/vignette/164031-11.jpg</VignettePath>
</Banner>
<Banner>
  <id>711311</id>
  <BannerPath>fanart/original/164031-9.jpg</BannerPath>
  <BannerType>fanart</BannerType>
  <BannerType2>1920x1080</BannerType2>
  <Colors></Colors>
  <Language>en</Language>
  <Rating>6.0000</Rating>
  <RatingCount>1</RatingCount>
  <SeriesName>false</SeriesName>
  <ThumbnailPath>_cache/fanart/original/164031-9.jpg</ThumbnailPath>
  <VignettePath>fanart/vignette/164031-9.jpg</VignettePath>
</Banner>
<Banner>
  <id>480821</id>
  <BannerPath>fanart/original/164031-2.jpg</BannerPath>
  <BannerType>fanart</BannerType>
  <BannerType2>1920x1080</BannerType2>
  <Colors></Colors>
  <Language>en</Language>
  <Rating>5.5000</Rating>
  <RatingCount>2</RatingCount>
  <SeriesName>false</SeriesName>
  <ThumbnailPath>_cache/fanart/original/164031-2.jpg</ThumbnailPath>
  <VignettePath>fanart/vignette/164031-2.jpg</VignettePath>
</Banner>
<Banner>
  <id>711321</id>
  <BannerPath>fanart/original/164031-10.jpg</BannerPath>
  <BannerType>fanart</BannerType>
  <BannerType2>1920x1080</BannerType2>
  <Colors></Colors>
  <Language>en</Language>
  <Rating></Rating>
  <RatingCount>0</RatingCount>
  <SeriesName>false</SeriesName>
  <ThumbnailPath>_cache/fanart/original/164031-10.jpg</ThumbnailPath>
  <VignettePath>fanart/vignette/164031-10.jpg</VignettePath>
</Banner>
<Banner>
  <id>880283</id>
  <BannerPath>posters/164031-4.jpg</BannerPath>
  <BannerType>poster</BannerType>
  <BannerType2>680x1000</BannerType2>
  <Language>en</Language>
  <Rating>9.0000</Rating>
  <RatingCount>1</RatingCount>
</Banner>
<Banner>
  <id>721931</id>
  <BannerPath>posters/164031-3.jpg</BannerPath>
  <BannerType>poster</BannerType>
  <BannerType2>680x1000</BannerType2>
  <Language>en</Language>
  <Rating>9.0000</Rating>
  <RatingCount>3</RatingCount>
</Banner>
<Banner>
  <id>617381</id>
  <BannerPath>posters/164031-1.jpg</BannerPath>
  <BannerType>poster</BannerType>
  <BannerType2>680x1000</BannerType2>
  <Language>en</Language>
  <Rating>9.0000</Rating>
  <RatingCount>2</RatingCount>
</Banner>
<Banner>
  <id>711351</id>
  <BannerPath>posters/164031-2.jpg</BannerPath>
  <BannerType>poster</BannerType>
  <BannerType2>680x1000</BannerType2>
  <Language>en</Language>
  <Rating></Rating>
  <RatingCount>0</RatingCount>
</Banner>
<Banner>
  <id>624381</id>
  <BannerPath>seasons/164031-1.jpg</BannerPath>
  <BannerType>season</BannerType>
  <BannerType2>season</BannerType2>
  <Language>en</Language>
  <Rating>10.0000</Rating>
  <RatingCount>2</RatingCount>
  <Season>1</Season>
</Banner>
<Banner>
  <id>582301</id>
  <BannerPath>graphical/164031-g2.jpg</BannerPath>
  <BannerType>series</BannerType>
  <BannerType2>graphical</BannerType2>
  <Language>en</Language>
  <Rating>8.3333</Rating>
  <RatingCount>3</RatingCount>
</Banner>
<Banner>
  <id>611261</id>
  <BannerPath>graphical/164031-g3.jpg</BannerPath>
  <BannerType>series</BannerType>
  <BannerType2>graphical</BannerType2>
  <Language>en</Language>
  <Rating>8.0000</Rating>
  <RatingCount>2</RatingCount>
</Banner>
<Banner>
  <id>556421</id>
  <BannerPath>graphical/164031-g.jpg</BannerPath>
  <BannerType>series</BannerType>
  <BannerType2>graphical</BannerType2>
  <Language>en</Language>
  <Rating>7.0000</Rating>
  <RatingCount>2</RatingCount>
</Banner>
<Banner>
  <id>611271</id>
  <BannerPath>graphical/164031-g4.jpg</BannerPath>
  <BannerType>series</BannerType>
  <BannerType2>graphical</BannerType2>
  <Language>de</Language>
  <Rating>4.0000</Rating>
  <RatingCount>1</RatingCount>
</Banner>
</Banners>