<?xml version="1.0" encoding="UTF-8" ?>
<Actors>
<Actor>
  <id>9474</id>
  <Image>actors/9474.jpg</Image>
  <Name>Brian Benben</Name>
  <Role>Martin Tupper</Role>
  <SortOrder>0</SortOrder>
</Actor>
<Actor>
  <id>9472</id>
  <Image></Image>
  <Name>Chris Demetral</Name>
  <Role>Jeremy Tupper</Role>
  <SortOrder>1</SortOrder>
</Actor>
<Actor>
  <id>9471</id>
  <Image>actors/9471.jpg</Image>
  <Name>Wendie Malick</Name>
  <Role>Judith Tupper Stone</Role>
  <SortOrder>2</SortOrder>
</Actor>
<Actor>
  <id>9475</id>
  <Image></Image>
  <Name>Denny Dillon</Name>
  <Role>Toby Pedalbee</Role>
  <SortOrder>3</SortOrder>
</Actor>
<Actor>
  <id>9470</id>
  <Image></Image>
  <Name>Dorien Wilson</Name>
  <Role>Eddie Charles (1991-1996)</Role>
  <SortOrder>3</SortOrder>
</Actor>
<Actor>
  <id>9473</id>
  <Image></Image>
  <Name>Jeffrey Joseph</Name>
  <Role>Eddie Charles (1990)</Role>
  <SortOrder>3</SortOrder>
</Actor>
<Actor>
  <id>9476</id>
  <Image></Image>
  <Name>Michael McKean</Name>
  <Role>Gibby Fiske</Role>
  <SortOrder>3</SortOrder>
</Actor>
</Actors>