<?xml version="1.0" encoding="UTF-8" ?>
<Actors>
<Actor>
  <id>240191</id>
  <Image>actors/240191.jpg</Image>
  <Name>Jason O'Mara</Name>
  <Role>Jim Shannon</Role>
  <SortOrder>0</SortOrder>
</Actor>
<Actor>
  <id>240201</id>
  <Image>actors/240201.jpg</Image>
  <Name>Shelley Conn</Name>
  <Role>Elizabeth Shannon</Role>
  <SortOrder>1</SortOrder>
</Actor>
<Actor>
  <id>240221</id>
  <Image>actors/240221.jpg</Image>
  <Name>Stephen Lang</Name>
  <Role>Frank Taylor</Role>
  <SortOrder>2</SortOrder>
</Actor>
<Actor>
  <id>240271</id>
  <Image>actors/240271.jpg</Image>
  <Name>Allison Miller</Name>
  <Role>Skye</Role>
  <SortOrder>3</SortOrder>
</Actor>
<Actor>
  <id>240261</id>
  <Image>actors/240261.jpg</Image>
  <Name>Mido Hamada</Name>
  <Role>Guzman</Role>
  <SortOrder>3</SortOrder>
</Actor>
<Actor>
  <id>240251</id>
  <Image>actors/240251.jpg</Image>
  <Name>Alana Mansour</Name>
  <Role>Zoe Shannon</Role>
  <SortOrder>3</SortOrder>
</Actor>
<Actor>
  <id>240241</id>
  <Image>actors/240241.jpg</Image>
  <Name>Landon Liboiron</Name>
  <Role>Josh Shannon</Role>
  <SortOrder>3</SortOrder>
</Actor>
<Actor>
  <id>240231</id>
  <Image>actors/240231.jpg</Image>
  <Name>Naomi Scott</Name>
  <Role>Maddy Shannon</Role>
  <SortOrder>3</SortOrder>
</Actor>
<Actor>
  <id>240211</id>
  <Image>actors/240211.jpg</Image>
  <Name>Christine Adams</Name>
  <Role>Mira</Role>
  <SortOrder>3</SortOrder>
</Actor>
</Actors>