<?xml version="1.0" encoding="UTF-8" ?>
<Banners>
<Banner>
  <id>875525</id>
  <BannerPath>fanart/original/164091-8.jpg</BannerPath>
  <BannerType>fanart</BannerType>
  <BannerType2>1920x1080</BannerType2>
  <Colors></Colors>
  <Language>en</Language>
  <Rating>7.4000</Rating>
  <RatingCount>10</RatingCount>
  <SeriesName>false</SeriesName>
  <ThumbnailPath>_cache/fanart/original/164091-8.jpg</ThumbnailPath>
  <VignettePath>fanart/vignette/164091-8.jpg</VignettePath>
</Banner>
<Banner>
  <id>875270</id>
  <BannerPath>fanart/original/164091-5.jpg</BannerPath>
  <BannerType>fanart</BannerType>
  <BannerType2>1920x1080</BannerType2>
  <Colors>|24,23,21|24,23,21|24,23,21|</Colors>
  <Language>en</Language>
  <Rating>7.3077</Rating>
  <RatingCount>13</RatingCount>
  <SeriesName>false</SeriesName>
  <ThumbnailPath>_cache/fanart/original/164091-5.jpg</ThumbnailPath>
  <VignettePath>fanart/vignette/164091-5.jpg</VignettePath>
</Banner>
<Banner>
  <id>739741</id>
  <BannerPath>fanart/original/164091-1.jpg</BannerPath>
  <BannerType>fanart</BannerType>
  <BannerType2>1920x1080</BannerType2>
  <Colors>|38,71,102|26,26,26|172,169,150|</Colors>
  <Language>de</Language>
  <Rating>7.0000</Rating>
  <RatingCount>18</RatingCount>
  <SeriesName>false</SeriesName>
  <ThumbnailPath>_cache/fanart/original/164091-1.jpg</ThumbnailPath>
  <VignettePath>fanart/vignette/164091-1.jpg</VignettePath>
</Banner>
<Banner>
  <id>892822</id>
  <BannerPath>fanart/original/164091-14.jpg</BannerPath>
  <BannerType>fanart</BannerType>
  <BannerType2>1280x720</BannerType2>
  <Colors></Colors>
  <Language>de</Language>
  <Rating>6.3333</Rating>
  <RatingCount>3</RatingCount>
  <SeriesName>false</SeriesName>
  <ThumbnailPath>_cache/fanart/original/164091-14.jpg</ThumbnailPath>
  <VignettePath>fanart/vignette/164091-14.jpg</VignettePath>
</Banner>
<Banner>
  <id>875523</id>
  <BannerPath>fanart/original/164091-7.jpg</BannerPath>
  <BannerType>fanart</BannerType>
  <BannerType2>1920x1080</BannerType2>
  <Colors></Colors>
  <Language>en</Language>
  <Rating>6.3333</Rating>
  <RatingCount>6</RatingCount>
  <SeriesName>false</SeriesName>
  <ThumbnailPath>_cache/fanart/original/164091-7.jpg</ThumbnailPath>
  <VignettePath>fanart/vignette/164091-7.jpg</VignettePath>
</Banner>
<Banner>
  <id>876524</id>
  <BannerPath>fanart/original/164091-11.jpg</BannerPath>
  <BannerType>fanart</BannerType>
  <BannerType2>1920x1080</BannerType2>
  <Colors></Colors>
  <Language>en</Language>
  <Rating>6.2000</Rating>
  <RatingCount>5</RatingCount>
  <SeriesName>true</SeriesName>
  <ThumbnailPath>_cache/fanart/original/164091-11.jpg</ThumbnailPath>
  <VignettePath>fanart/vignette/164091-11.jpg</VignettePath>
</Banner>
<Banner>
  <id>875272</id>
  <BannerPath>fanart/original/164091-6.jpg</BannerPath>
  <BannerType>fanart</BannerType>
  <BannerType2>1920x1080</BannerType2>
  <Colors>|120,119,114|76,77,63|200,186,177|</Colors>
  <Language>de</Language>
  <Rating>6.0000</Rating>
  <RatingCount>4</RatingCount>
  <SeriesName>false</SeriesName>
  <ThumbnailPath>_cache/fanart/original/164091-6.jpg</ThumbnailPath>
  <VignettePath>fanart/vignette/164091-6.jpg</VignettePath>
</Banner>
<Banner>
  <id>876523</id>
  <BannerPath>fanart/original/164091-10.jpg</BannerPath>
  <BannerType>fanart</BannerType>
  <BannerType2>1920x1080</BannerType2>
  <Colors></Colors>
  <Language>en</Language>
  <Rating>5.8333</Rating>
  <RatingCount>6</RatingCount>
  <SeriesName>true</SeriesName>
  <ThumbnailPath>_cache/fanart/original/164091-10.jpg</ThumbnailPath>
  <VignettePath>fanart/vignette/164091-10.jpg</VignettePath>
</Banner>
<Banner>
  <id>875526</id>
  <BannerPath>fanart/original/164091-9.jpg</BannerPath>
  <BannerType>fanart</BannerType>
  <BannerType2>1920x1080</BannerType2>
  <Colors></Colors>
  <Language>en</Language>
  <Rating>5.6667</Rating>
  <RatingCount>6</RatingCount>
  <SeriesName>false</SeriesName>
  <ThumbnailPath>_cache/fanart/original/164091-9.jpg</ThumbnailPath>
  <VignettePath>fanart/vignette/164091-9.jpg</VignettePath>
</Banner>
<Banner>
  <id>878356</id>
  <BannerPath>fanart/original/164091-13.jpg</BannerPath>
  <BannerType>fanart</BannerType>
  <BannerType2>1920x1080</BannerType2>
  <Colors></Colors>
  <Language>en</Language>
  <Rating>5.1667</Rating>
  <RatingCount>6</RatingCount>
  <SeriesName>true</SeriesName>
  <ThumbnailPath>_cache/fanart/original/164091-13.jpg</ThumbnailPath>
  <VignettePath>fanart/vignette/164091-13.jpg</VignettePath>
</Banner>
<Banner>
  <id>864082</id>
  <BannerPath>fanart/original/164091-3.jpg</BannerPath>
  <BannerType>fanart</BannerType>
  <BannerType2>1920x1080</BannerType2>
  <Colors></Colors>
  <Language>en</Language>
  <Rating>5.0000</Rating>
  <RatingCount>6</RatingCount>
  <SeriesName>true</SeriesName>
  <ThumbnailPath>_cache/fanart/original/164091-3.jpg</ThumbnailPath>
  <VignettePath>fanart/vignette/164091-3.jpg</VignettePath>
</Banner>
<Banner>
  <id>877817</id>
  <BannerPath>fanart/original/164091-12.jpg</BannerPath>
  <BannerType>fanart</BannerType>
  <BannerType2>1920x1080</BannerType2>
  <Colors></Colors>
  <Language>en</Language>
  <Rating>5.0000</Rating>
  <RatingCount>5</RatingCount>
  <SeriesName>false</SeriesName>
  <ThumbnailPath>_cache/fanart/original/164091-12.jpg</ThumbnailPath>
  <VignettePath>fanart/vignette/164091-12.jpg</VignettePath>
</Banner>
<Banner>
  <id>864099</id>
  <BannerPath>fanart/original/164091-2.jpg</BannerPath>
  <BannerType>fanart</BannerType>
  <BannerType2>1920x1080</BannerType2>
  <Colors></Colors>
  <Language>de</Language>
  <Rating>4.5000</Rating>
  <RatingCount>6</RatingCount>
  <SeriesName>false</SeriesName>
  <ThumbnailPath>_cache/fanart/original/164091-2.jpg</ThumbnailPath>
  <VignettePath>fanart/vignette/164091-2.jpg</VignettePath>
</Banner>
<Banner>
  <id>872700</id>
  <BannerPath>fanart/original/164091-4.jpg</BannerPath>
  <BannerType>fanart</BannerType>
  <BannerType2>1920x1080</BannerType2>
  <Colors></Colors>
  <Language>en</Language>
  <Rating>1.3333</Rating>
  <RatingCount>3</RatingCount>
  <SeriesName>true</SeriesName>
  <ThumbnailPath>_cache/fanart/original/164091-4.jpg</ThumbnailPath>
  <VignettePath>fanart/vignette/164091-4.jpg</VignettePath>
</Banner>
<Banner>
  <id>930436</id>
  <BannerPath>posters/164091-9.jpg</BannerPath>
  <BannerType>poster</BannerType>
  <BannerType2>680x1000</BannerType2>
  <Language>en</Language>
  <Rating>10.0000</Rating>
  <RatingCount>2</RatingCount>
</Banner>
<Banner>
  <id>879396</id>
  <BannerPath>posters/164091-7.jpg</BannerPath>
  <BannerType>poster</BannerType>
  <BannerType2>680x1000</BannerType2>
  <Language>en</Language>
  <Rating>7.0000</Rating>
  <RatingCount>3</RatingCount>
</Banner>
<Banner>
  <id>861050</id>
  <BannerPath>posters/164091-1.jpg</BannerPath>
  <BannerType>poster</BannerType>
  <BannerType2>680x1000</BannerType2>
  <Language>en</Language>
  <Rating>6.9375</Rating>
  <RatingCount>16</RatingCount>
</Banner>
<Banner>
  <id>878357</id>
  <BannerPath>posters/164091-6.jpg</BannerPath>
  <BannerType>poster</BannerType>
  <BannerType2>680x1000</BannerType2>
  <Language>en</Language>
  <Rating>6.8462</Rating>
  <RatingCount>13</RatingCount>
</Banner>
<Banner>
  <id>878291</id>
  <BannerPath>posters/164091-5.jpg</BannerPath>
  <BannerType>poster</BannerType>
  <BannerType2>680x1000</BannerType2>
  <Language>en</Language>
  <Rating>6.1667</Rating>
  <RatingCount>6</RatingCount>
</Banner>
<Banner>
  <id>875527</id>
  <BannerPath>posters/164091-4.jpg</BannerPath>
  <BannerType>poster</BannerType>
  <BannerType2>680x1000</BannerType2>
  <Language>en</Language>
  <Rating>5.8750</Rating>
  <RatingCount>8</RatingCount>
</Banner>
<Banner>
  <id>868061</id>
  <BannerPath>posters/164091-3.jpg</BannerPath>
  <BannerType>poster</BannerType>
  <BannerType2>680x1000</BannerType2>
  <Language>en</Language>
  <Rating>5.4000</Rating>
  <RatingCount>5</RatingCount>
</Banner>
<Banner>
  <id>868060</id>
  <BannerPath>posters/164091-2.jpg</BannerPath>
  <BannerType>poster</BannerType>
  <BannerType2>680x1000</BannerType2>
  <Language>en</Language>
  <Rating>5.4000</Rating>
  <RatingCount>5</RatingCount>
</Banner>
<Banner>
  <id>879724</id>
  <BannerPath>posters/164091-8.jpg</BannerPath>
  <BannerType>poster</BannerType>
  <BannerType2>680x1000</BannerType2>
  <Language>en</Language>
  <Rating>4.6000</Rating>
  <RatingCount>5</RatingCount>
</Banner>
<Banner>
  <id>914693</id>
  <BannerPath>posters/164091-10.jpg</BannerPath>
  <BannerType>poster</BannerType>
  <BannerType2>680x1000</BannerType2>
  <Language>en</Language>
  <Rating></Rating>
  <RatingCount>0</RatingCount>
</Banner>
<Banner>
  <id>914694</id>
  <BannerPath>seasons/164091-1-5.jpg</BannerPath>
  <BannerType>season</BannerType>
  <BannerType2>season</BannerType2>
  <Language>en</Language>
  <Rating>10.0000</Rating>
  <RatingCount>2</RatingCount>
  <Season>1</Season>
</Banner>
<Banner>
  <id>879725</id>
  <BannerPath>seasons/164091-0-3.jpg</BannerPath>
  <BannerType>season</BannerType>
  <BannerType2>season</BannerType2>
  <Language>en</Language>
  <Rating>9.7500</Rating>
  <RatingCount>4</RatingCount>
  <Season>0</Season>
</Banner>
<Banner>
  <id>892820</id>
  <BannerPath>seasons/164091-1-2.jpg</BannerPath>
  <BannerType>season</BannerType>
  <BannerType2>season</BannerType2>
  <Language>en</Language>
  <Rating>9.5000</Rating>
  <RatingCount>4</RatingCount>
  <Season>1</Season>
</Banner>
<Banner>
  <id>878364</id>
  <BannerPath>seasons/164091-0-2.jpg</BannerPath>
  <BannerType>season</BannerType>
  <BannerType2>season</BannerType2>
  <Language>en</Language>
  <Rating>8.2500</Rating>
  <RatingCount>4</RatingCount>
  <Season>0</Season>
</Banner>
<Banner>
  <id>878358</id>
  <BannerPath>seasons/164091-1-4.jpg</BannerPath>
  <BannerType>season</BannerType>
  <BannerType2>season</BannerType2>
  <Language>en</Language>
  <Rating>7.9167</Rating>
  <RatingCount>12</RatingCount>
  <Season>1</Season>
</Banner>
<Banner>
  <id>878273</id>
  <BannerPath>seasons/164091-1-3.jpg</BannerPath>
  <BannerType>season</BannerType>
  <BannerType2>season</BannerType2>
  <Language>en</Language>
  <Rating>5.9091</Rating>
  <RatingCount>11</RatingCount>
  <Season>1</Season>
</Banner>
<Banner>
  <id>878272</id>
  <BannerPath>seasons/164091-0.jpg</BannerPath>
  <BannerType>season</BannerType>
  <BannerType2>season</BannerType2>
  <Language>en</Language>
  <Rating>5.3333</Rating>
  <RatingCount>3</RatingCount>
  <Season>0</Season>
</Banner>
<Banner>
  <id>879241</id>
  <BannerPath>seasons/164091-1-6.jpg</BannerPath>
  <BannerType>season</BannerType>
  <BannerType2>season</BannerType2>
  <Language>en</Language>
  <Rating>4.4000</Rating>
  <RatingCount>5</RatingCount>
  <Season>1</Season>
</Banner>
<Banner>
  <id>882569</id>
  <BannerPath>seasons/164091-1.jpg</BannerPath>
  <BannerType>season</BannerType>
  <BannerType2>season</BannerType2>
  <Language>ru</Language>
  <Rating>3.2500</Rating>
  <RatingCount>4</RatingCount>
  <Season>1</Season>
</Banner>
<Banner>
  <id>743471</id>
  <BannerPath>graphical/164091-g.jpg</BannerPath>
  <BannerType>series</BannerType>
  <BannerType2>graphical</BannerType2>
  <Language>en</Language>
  <Rating>8.1667</Rating>
  <RatingCount>12</RatingCount>
</Banner>
<Banner>
  <id>894279</id>
  <BannerPath>graphical/164091-g5.jpg</BannerPath>
  <BannerType>series</BannerType>
  <BannerType2>graphical</BannerType2>
  <Language>en</Language>
  <Rating>7.0000</Rating>
  <RatingCount>1</RatingCount>
</Banner>
<Banner>
  <id>877727</id>
  <BannerPath>graphical/164091-g6.jpg</BannerPath>
  <BannerType>series</BannerType>
  <BannerType2>graphical</BannerType2>
  <Language>en</Language>
  <Rating>6.8000</Rating>
  <RatingCount>5</RatingCount>
</Banner>
<Banner>
  <id>876014</id>
  <BannerPath>graphical/164091-g4.jpg</BannerPath>
  <BannerType>series</BannerType>
  <BannerType2>graphical</BannerType2>
  <Language>en</Language>
  <Rating>6.7500</Rating>
  <RatingCount>4</RatingCount>
</Banner>
<Banner>
  <id>875521</id>
  <BannerPath>graphical/164091-g3.jpg</BannerPath>
  <BannerType>series</BannerType>
  <BannerType2>graphical</BannerType2>
  <Language>en</Language>
  <Rating>6.0000</Rating>
  <RatingCount>2</RatingCount>
</Banner>
<Banner>
  <id>892825</id>
  <BannerPath>graphical/164091-g7.jpg</BannerPath>
  <BannerType>series</BannerType>
  <BannerType2>graphical</BannerType2>
  <Language>en</Language>
  <Rating>6.0000</Rating>
  <RatingCount>3</RatingCount>
</Banner>
<Banner>
  <id>743491</id>
  <BannerPath>graphical/164091-g2.jpg</BannerPath>
  <BannerType>series</BannerType>
  <BannerType2>graphical</BannerType2>
  <Language>en</Language>
  <Rating>1.3333</Rating>
  <RatingCount>3</RatingCount>
</Banner>
</Banners>