<?xml version="1.0" encoding="UTF-8" ?>
<Data><Series>
  <id>164091</id>
  <Actors>|Jason O'Mara|Shelley Conn|Stephen Lang|Allison Miller|Mido Hamada|Alana Mansour|Landon Liboiron|Naomi Scott|Christine Adams|</Actors>
  <Airs_DayOfWeek>Monday</Airs_DayOfWeek>
  <Airs_Time>8:00 PM</Airs_Time>
  <ContentRating>TV-14</ContentRating>
  <FirstAired>2011-09-26</FirstAired>
  <Genre>|Action|Adventure|Science-Fiction|Fantasy|</Genre>
  <IMDB_ID>tt1641349</IMDB_ID>
  <Language>en</Language>
  <Network>FOX</Network>
  <NetworkID></NetworkID>
  <Overview>Terra Nova follows an ordinary family on an incredible journey back in time to prehistoric Earth as a small part of a daring experiment to save the human race. In the year 2149, the world is dying. The planet is overdeveloped and overcrowded, with the majority of plant and animal life extinct. The future of mankind is in jeopardy, and its only hope for survival is in the distant past.</Overview>
  <Rating>8.2</Rating>
  <RatingCount>137</RatingCount>
  <Runtime>60</Runtime>
  <SeriesID>164091</SeriesID>
  <SeriesName>Terra Nova</SeriesName>
  <Status>Ended</Status>
  <added>2010-05-18 22:45:08</added>
  <addedBy>904</addedBy>
  <banner>graphical/164091-g.jpg</banner>
  <fanart>fanart/original/164091-8.jpg</fanart>
  <lastupdated>1364926465</lastupdated>
  <poster>posters/164091-9.jpg</poster>
  <zap2it_id>EP01279332</zap2it_id>
</Series>
<Episode>
  <id>4308995</id>
  <Combined_episodenumber>1</Combined_episodenumber>
  <Combined_season>0</Combined_season>
  <DVD_chapter></DVD_chapter>
  <DVD_discid></DVD_discid>
  <DVD_episodenumber></DVD_episodenumber>
  <DVD_season></DVD_season>
  <Director></Director>
  <EpImgFlag></EpImgFlag>
  <EpisodeName></EpisodeName>
  <EpisodeNumber>1</EpisodeNumber>
  <FirstAired></FirstAired>
  <GuestStars></GuestStars>
  <IMDB_ID></IMDB_ID>
  <Language>en</Language>
  <Overview></Overview>
  <ProductionCode></ProductionCode>
  <Rating></Rating>
  <RatingCount>0</RatingCount>
  <SeasonNumber>0</SeasonNumber>
  <Writer></Writer>
  <absolute_number></absolute_number>
  <airsafter_season></airsafter_season>
  <airsbefore_episode></airsbefore_episode>
  <airsbefore_season></airsbefore_season>
  <filename></filename>
  <lastupdated>1334591989</lastupdated>
  <seasonid>490047</seasonid>
  <seriesid>164091</seriesid>
</Episode>
<Episode>
  <id>4309002</id>
  <Combined_episodenumber>2</Combined_episodenumber>
  <Combined_season>0</Combined_season>
  <DVD_chapter></DVD_chapter>
  <DVD_discid></DVD_discid>
  <DVD_episodenumber></DVD_episodenumber>
  <DVD_season></DVD_season>
  <Director></Director>
  <EpImgFlag></EpImgFlag>
  <EpisodeName></EpisodeName>
  <EpisodeNumber>2</EpisodeNumber>
  <FirstAired></FirstAired>
  <GuestStars></GuestStars>
  <IMDB_ID></IMDB_ID>
  <Language>en</Language>
  <Overview></Overview>
  <ProductionCode></ProductionCode>
  <Rating></Rating>
  <RatingCount>0</RatingCount>
  <SeasonNumber>0</SeasonNumber>
  <Writer></Writer>
  <absolute_number></absolute_number>
  <airsafter_season></airsafter_season>
  <airsbefore_episode></airsbefore_episode>
  <airsbefore_season></airsbefore_season>
  <filename></filename>
  <lastupdated>1334592019</lastupdated>
  <seasonid>490047</seasonid>
  <seriesid>164091</seriesid>
</Episode>
<Episode>
  <id>4309003</id>
  <Combined_episodenumber>3</Combined_episodenumber>
  <Combined_season>0</Combined_season>
  <DVD_chapter></DVD_chapter>
  <DVD_discid></DVD_discid>
  <DVD_episodenumber></DVD_episodenumber>
  <DVD_season></DVD_season>
  <Director></Director>
  <EpImgFlag></EpImgFlag>
  <EpisodeName></EpisodeName>
  <EpisodeNumber>3</EpisodeNumber>
  <FirstAired></FirstAired>
  <GuestStars></GuestStars>
  <IMDB_ID></IMDB_ID>
  <Language>en</Language>
  <Overview></Overview>
  <ProductionCode></ProductionCode>
  <Rating></Rating>
  <RatingCount>0</RatingCount>
  <SeasonNumber>0</SeasonNumber>
  <Writer></Writer>
  <absolute_number></absolute_number>
  <airsafter_season></airsafter_season>
  <airsbefore_episode></airsbefore_episode>
  <airsbefore_season></airsbefore_season>
  <filename></filename>
  <lastupdated>1334592024</lastupdated>
  <seasonid>490047</seasonid>
  <seriesid>164091</seriesid>
</Episode>
<Episode>
  <id>4309004</id>
  <Combined_episodenumber>4</Combined_episodenumber>
  <Combined_season>0</Combined_season>
  <DVD_chapter></DVD_chapter>
  <DVD_discid></DVD_discid>
  <DVD_episodenumber></DVD_episodenumber>
  <DVD_season></DVD_season>
  <Director></Director>
  <EpImgFlag></EpImgFlag>
  <EpisodeName></EpisodeName>
  <EpisodeNumber>4</EpisodeNumber>
  <FirstAired></FirstAired>
  <GuestStars></GuestStars>
  <IMDB_ID></IMDB_ID>
  <Language>en</Language>
  <Overview></Overview>
  <ProductionCode></ProductionCode>
  <Rating></Rating>
  <RatingCount>0</RatingCount>
  <SeasonNumber>0</SeasonNumber>
  <Writer></Writer>
  <absolute_number></absolute_number>
  <airsafter_season></airsafter_season>
  <airsbefore_episode></airsbefore_episode>
  <airsbefore_season></airsbefore_season>
  <filename></filename>
  <lastupdated>1334592028</lastupdated>
  <seasonid>490047</seasonid>
  <seriesid>164091</seriesid>
</Episode>
<Episode>
  <id>4309005</id>
  <Combined_episodenumber>5</Combined_episodenumber>
  <Combined_season>0</Combined_season>
  <DVD_chapter></DVD_chapter>
  <DVD_discid></DVD_discid>
  <DVD_episodenumber></DVD_episodenumber>
  <DVD_season></DVD_season>
  <Director></Director>
  <EpImgFlag></EpImgFlag>
  <EpisodeName></EpisodeName>
  <EpisodeNumber>5</EpisodeNumber>
  <FirstAired></FirstAired>
  <GuestStars></GuestStars>
  <IMDB_ID></IMDB_ID>
  <Language>en</Language>
  <Overview></Overview>
  <ProductionCode></ProductionCode>
  <Rating></Rating>
  <RatingCount>0</RatingCount>
  <SeasonNumber>0</SeasonNumber>
  <Writer></Writer>
  <absolute_number></absolute_number>
  <airsafter_season></airsafter_season>
  <airsbefore_episode></airsbefore_episode>
  <airsbefore_season></airsbefore_season>
  <filename></filename>
  <lastupdated>1334592033</lastupdated>
  <seasonid>490047</seasonid>
  <seriesid>164091</seriesid>
</Episode>
<Episode>
  <id>4309006</id>
  <Combined_episodenumber>6</Combined_episodenumber>
  <Combined_season>0</Combined_season>
  <DVD_chapter></DVD_chapter>
  <DVD_discid></DVD_discid>
  <DVD_episodenumber></DVD_episodenumber>
  <DVD_season></DVD_season>
  <Director></Director>
  <EpImgFlag></EpImgFlag>
  <EpisodeName></EpisodeName>
  <EpisodeNumber>6</EpisodeNumber>
  <FirstAired></FirstAired>
  <GuestStars></GuestStars>
  <IMDB_ID></IMDB_ID>
  <Language>en</Language>
  <Overview></Overview>
  <ProductionCode></ProductionCode>
  <Rating></Rating>
  <RatingCount>0</RatingCount>
  <SeasonNumber>0</SeasonNumber>
  <Writer></Writer>
  <absolute_number></absolute_number>
  <airsafter_season></airsafter_season>
  <airsbefore_episode></airsbefore_episode>
  <airsbefore_season></airsbefore_season>
  <filename></filename>
  <lastupdated>1334592038</lastupdated>
  <seasonid>490047</seasonid>
  <seriesid>164091</seriesid>
</Episode>
<Episode>
  <id>4309007</id>
  <Combined_episodenumber>7</Combined_episodenumber>
  <Combined_season>0</Combined_season>
  <DVD_chapter></DVD_chapter>
  <DVD_discid></DVD_discid>
  <DVD_episodenumber></DVD_episodenumber>
  <DVD_season></DVD_season>
  <Director></Director>
  <EpImgFlag></EpImgFlag>
  <EpisodeName></EpisodeName>
  <EpisodeNumber>7</EpisodeNumber>
  <FirstAired></FirstAired>
  <GuestStars></GuestStars>
  <IMDB_ID></IMDB_ID>
  <Language>en</Language>
  <Overview></Overview>
  <ProductionCode></ProductionCode>
  <Rating></Rating>
  <RatingCount>0</RatingCount>
  <SeasonNumber>0</SeasonNumber>
  <Writer></Writer>
  <absolute_number></absolute_number>
  <airsafter_season></airsafter_season>
  <airsbefore_episode></airsbefore_episode>
  <airsbefore_season></airsbefore_season>
  <filename></filename>
  <lastupdated>1334592043</lastupdated>
  <seasonid>490047</seasonid>
  <seriesid>164091</seriesid>
</Episode>
<Episode>
  <id>4309008</id>
  <Combined_episodenumber>8</Combined_episodenumber>
  <Combined_season>0</Combined_season>
  <DVD_chapter></DVD_chapter>
  <DVD_discid></DVD_discid>
  <DVD_episodenumber></DVD_episodenumber>
  <DVD_season></DVD_season>
  <Director></Director>
  <EpImgFlag></EpImgFlag>
  <EpisodeName></EpisodeName>
  <EpisodeNumber>8</EpisodeNumber>
  <FirstAired></FirstAired>
  <GuestStars></GuestStars>
  <IMDB_ID></IMDB_ID>
  <Language>en</Language>
  <Overview></Overview>
  <ProductionCode></ProductionCode>
  <Rating></Rating>
  <RatingCount>0</RatingCount>
  <SeasonNumber>0</SeasonNumber>
  <Writer></Writer>
  <absolute_number></absolute_number>
  <airsafter_season></airsafter_season>
  <airsbefore_episode></airsbefore_episode>
  <airsbefore_season></airsbefore_season>
  <filename></filename>
  <lastupdated>1334592048</lastupdated>
  <seasonid>490047</seasonid>
  <seriesid>164091</seriesid>
</Episode>
<Episode>
  <id>4309009</id>
  <Combined_episodenumber>9</Combined_episodenumber>
  <Combined_season>0</Combined_season>
  <DVD_chapter></DVD_chapter>
  <DVD_discid></DVD_discid>
  <DVD_episodenumber></DVD_episodenumber>
  <DVD_season></DVD_season>
  <Director></Director>
  <EpImgFlag></EpImgFlag>
  <EpisodeName></EpisodeName>
  <EpisodeNumber>9</EpisodeNumber>
  <FirstAired></FirstAired>
  <GuestStars></GuestStars>
  <IMDB_ID></IMDB_ID>
  <Language>en</Language>
  <Overview></Overview>
  <ProductionCode></ProductionCode>
  <Rating></Rating>
  <RatingCount>0</RatingCount>
  <SeasonNumber>0</SeasonNumber>
  <Writer></Writer>
  <absolute_number></absolute_number>
  <airsafter_season></airsafter_season>
  <airsbefore_episode></airsbefore_episode>
  <airsbefore_season></airsbefore_season>
  <filename></filename>
  <lastupdated>1334592054</lastupdated>
  <seasonid>490047</seasonid>
  <seriesid>164091</seriesid>
</Episode>
<Episode>
  <id>4309010</id>
  <Combined_episodenumber>10</Combined_episodenumber>
  <Combined_season>0</Combined_season>
  <DVD_chapter></DVD_chapter>
  <DVD_discid></DVD_discid>
  <DVD_episodenumber></DVD_episodenumber>
  <DVD_season></DVD_season>
  <Director></Director>
  <EpImgFlag></EpImgFlag>
  <EpisodeName></EpisodeName>
  <EpisodeNumber>10</EpisodeNumber>
  <FirstAired></FirstAired>
  <GuestStars></GuestStars>
  <IMDB_ID></IMDB_ID>
  <Language>en</Language>
  <Overview></Overview>
  <ProductionCode></ProductionCode>
  <Rating></Rating>
  <RatingCount>0</RatingCount>
  <SeasonNumber>0</SeasonNumber>
  <Writer></Writer>
  <absolute_number></absolute_number>
  <airsafter_season></airsafter_season>
  <airsbefore_episode></airsbefore_episode>
  <airsbefore_season></airsbefore_season>
  <filename></filename>
  <lastupdated>1334592059</lastupdated>
  <seasonid>490047</seasonid>
  <seriesid>164091</seriesid>
</Episode>
<Episode>
  <id>4309011</id>
  <Combined_episodenumber>11</Combined_episodenumber>
  <Combined_season>0</Combined_season>
  <DVD_chapter></DVD_chapter>
  <DVD_discid></DVD_discid>
  <DVD_episodenumber></DVD_episodenumber>
  <DVD_season></DVD_season>
  <Director></Director>
  <EpImgFlag></EpImgFlag>
  <EpisodeName></EpisodeName>
  <EpisodeNumber>11</EpisodeNumber>
  <FirstAired></FirstAired>
  <GuestStars></GuestStars>
  <IMDB_ID></IMDB_ID>
  <Language>en</Language>
  <Overview></Overview>
  <ProductionCode></ProductionCode>
  <Rating></Rating>
  <RatingCount>0</RatingCount>
  <SeasonNumber>0</SeasonNumber>
  <Writer></Writer>
  <absolute_number></absolute_number>
  <airsafter_season></airsafter_season>
  <airsbefore_episode></airsbefore_episode>
  <airsbefore_season></airsbefore_season>
  <filename></filename>
  <lastupdated>1334592066</lastupdated>
  <seasonid>490047</seasonid>
  <seriesid>164091</seriesid>
</Episode>
<Episode>
  <id>4306101</id>
  <Combined_episodenumber>13</Combined_episodenumber>
  <Combined_season>0</Combined_season>
  <DVD_chapter></DVD_chapter>
  <DVD_discid></DVD_discid>
  <DVD_episodenumber></DVD_episodenumber>
  <DVD_season></DVD_season>
  <Director></Director>
  <EpImgFlag></EpImgFlag>
  <EpisodeName></EpisodeName>
  <EpisodeNumber>13</EpisodeNumber>
  <FirstAired></FirstAired>
  <GuestStars></GuestStars>
  <IMDB_ID></IMDB_ID>
  <Language>en</Language>
  <Overview></Overview>
  <ProductionCode></ProductionCode>
  <Rating></Rating>
  <RatingCount>0</RatingCount>
  <SeasonNumber>0</SeasonNumber>
  <Writer></Writer>
  <absolute_number></absolute_number>
  <airsafter_season></airsafter_season>
  <airsbefore_episode></airsbefore_episode>
  <airsbefore_season></airsbefore_season>
  <filename></filename>
  <lastupdated>1334308298</lastupdated>
  <seasonid>490047</seasonid>
  <seriesid>164091</seriesid>
</Episode>
<Episode>
  <id>4308996</id>
  <Combined_episodenumber>14</Combined_episodenumber>
  <Combined_season>0</Combined_season>
  <DVD_chapter></DVD_chapter>
  <DVD_discid></DVD_discid>
  <DVD_episodenumber></DVD_episodenumber>
  <DVD_season></DVD_season>
  <Director></Director>
  <EpImgFlag></EpImgFlag>
  <EpisodeName></EpisodeName>
  <EpisodeNumber>14</EpisodeNumber>
  <FirstAired></FirstAired>
  <GuestStars></GuestStars>
  <IMDB_ID></IMDB_ID>
  <Language>en</Language>
  <Overview></Overview>
  <ProductionCode></ProductionCode>
  <Rating></Rating>
  <RatingCount>0</RatingCount>
  <SeasonNumber>0</SeasonNumber>
  <Writer></Writer>
  <absolute_number></absolute_number>
  <airsafter_season></airsafter_season>
  <airsbefore_episode></airsbefore_episode>
  <airsbefore_season></airsbefore_season>
  <filename></filename>
  <lastupdated>1334591992</lastupdated>
  <seasonid>490047</seasonid>
  <seriesid>164091</seriesid>
</Episode>
<Episode>
  <id>4308997</id>
  <Combined_episodenumber>15</Combined_episodenumber>
  <Combined_season>0</Combined_season>
  <DVD_chapter></DVD_chapter>
  <DVD_discid></DVD_discid>
  <DVD_episodenumber></DVD_episodenumber>
  <DVD_season></DVD_season>
  <Director></Director>
  <EpImgFlag></EpImgFlag>
  <EpisodeName></EpisodeName>
  <EpisodeNumber>15</EpisodeNumber>
  <FirstAired></FirstAired>
  <GuestStars></GuestStars>
  <IMDB_ID></IMDB_ID>
  <Language>en</Language>
  <Overview></Overview>
  <ProductionCode></ProductionCode>
  <Rating></Rating>
  <RatingCount>0</RatingCount>
  <SeasonNumber>0</SeasonNumber>
  <Writer></Writer>
  <absolute_number></absolute_number>
  <airsafter_season></airsafter_season>
  <airsbefore_episode></airsbefore_episode>
  <airsbefore_season></airsbefore_season>
  <filename></filename>
  <lastupdated>1334591995</lastupdated>
  <seasonid>490047</seasonid>
  <seriesid>164091</seriesid>
</Episode>
<Episode>
  <id>4308998</id>
  <Combined_episodenumber>16</Combined_episodenumber>
  <Combined_season>0</Combined_season>
  <DVD_chapter></DVD_chapter>
  <DVD_discid></DVD_discid>
  <DVD_episodenumber></DVD_episodenumber>
  <DVD_season></DVD_season>
  <Director></Director>
  <EpImgFlag></EpImgFlag>
  <EpisodeName></EpisodeName>
  <EpisodeNumber>16</EpisodeNumber>
  <FirstAired></FirstAired>
  <GuestStars></GuestStars>
  <IMDB_ID></IMDB_ID>
  <Language>en</Language>
  <Overview></Overview>
  <ProductionCode></ProductionCode>
  <Rating></Rating>
  <RatingCount>0</RatingCount>
  <SeasonNumber>0</SeasonNumber>
  <Writer></Writer>
  <absolute_number></absolute_number>
  <airsafter_season></airsafter_season>
  <airsbefore_episode></airsbefore_episode>
  <airsbefore_season></airsbefore_season>
  <filename></filename>
  <lastupdated>1334591997</lastupdated>
  <seasonid>490047</seasonid>
  <seriesid>164091</seriesid>
</Episode>
<Episode>
  <id>4308999</id>
  <Combined_episodenumber>17</Combined_episodenumber>
  <Combined_season>0</Combined_season>
  <DVD_chapter></DVD_chapter>
  <DVD_discid></DVD_discid>
  <DVD_episodenumber></DVD_episodenumber>
  <DVD_season></DVD_season>
  <Director></Director>
  <EpImgFlag></EpImgFlag>
  <EpisodeName></EpisodeName>
  <EpisodeNumber>17</EpisodeNumber>
  <FirstAired></FirstAired>
  <GuestStars></GuestStars>
  <IMDB_ID></IMDB_ID>
  <Language>en</Language>
  <Overview></Overview>
  <ProductionCode></ProductionCode>
  <Rating></Rating>
  <RatingCount>0</RatingCount>
  <SeasonNumber>0</SeasonNumber>
  <Writer></Writer>
  <absolute_number></absolute_number>
  <airsafter_season></airsafter_season>
  <airsbefore_episode></airsbefore_episode>
  <airsbefore_season></airsbefore_season>
  <filename></filename>
  <lastupdated>1334592000</lastupdated>
  <seasonid>490047</seasonid>
  <seriesid>164091</seriesid>
</Episode>
<Episode>
  <id>4309000</id>
  <Combined_episodenumber>18</Combined_episodenumber>
  <Combined_season>0</Combined_season>
  <DVD_chapter></DVD_chapter>
  <DVD_discid></DVD_discid>
  <DVD_episodenumber></DVD_episodenumber>
  <DVD_season></DVD_season>
  <Director></Director>
  <EpImgFlag></EpImgFlag>
  <EpisodeName></EpisodeName>
  <EpisodeNumber>18</EpisodeNumber>
  <FirstAired></FirstAired>
  <GuestStars></GuestStars>
  <IMDB_ID></IMDB_ID>
  <Language>en</Language>
  <Overview></Overview>
  <ProductionCode></ProductionCode>
  <Rating></Rating>
  <RatingCount>0</RatingCount>
  <SeasonNumber>0</SeasonNumber>
  <Writer></Writer>
  <absolute_number></absolute_number>
  <airsafter_season></airsafter_season>
  <airsbefore_episode></airsbefore_episode>
  <airsbefore_season></airsbefore_season>
  <filename></filename>
  <lastupdated>1334592002</lastupdated>
  <seasonid>490047</seasonid>
  <seriesid>164091</seriesid>
</Episode>
<Episode>
  <id>4309001</id>
  <Combined_episodenumber>19</Combined_episodenumber>
  <Combined_season>0</Combined_season>
  <DVD_chapter></DVD_chapter>
  <DVD_discid></DVD_discid>
  <DVD_episodenumber></DVD_episodenumber>
  <DVD_season></DVD_season>
  <Director></Director>
  <EpImgFlag></EpImgFlag>
  <EpisodeName></EpisodeName>
  <EpisodeNumber>19</EpisodeNumber>
  <FirstAired></FirstAired>
  <GuestStars></GuestStars>
  <IMDB_ID></IMDB_ID>
  <Language>en</Language>
  <Overview></Overview>
  <ProductionCode></ProductionCode>
  <Rating></Rating>
  <RatingCount>0</RatingCount>
  <SeasonNumber>0</SeasonNumber>
  <Writer></Writer>
  <absolute_number></absolute_number>
  <airsafter_season></airsafter_season>
  <airsbefore_episode></airsbefore_episode>
  <airsbefore_season></airsbefore_season>
  <filename></filename>
  <lastupdated>1334592003</lastupdated>
  <seasonid>490047</seasonid>
  <seriesid>164091</seriesid>
</Episode>
<Episode>
  <id>4139584</id>
  <Combined_episodenumber>1</Combined_episodenumber>
  <Combined_season>0</Combined_season>
  <DVD_chapter></DVD_chapter>
  <DVD_discid></DVD_discid>
  <DVD_episodenumber></DVD_episodenumber>
  <DVD_season></DVD_season>
  <Director></Director>
  <EpImgFlag>2</EpImgFlag>
  <EpisodeName>Sneak Peek</EpisodeName>
  <EpisodeNumber>1</EpisodeNumber>
  <FirstAired></FirstAired>
  <GuestStars></GuestStars>
  <IMDB_ID></IMDB_ID>
  <Language>en</Language>
  <Overview>As feared, the 11th Pilgrimage actually amounts to an overpowering invasion by Lucas, a private 'Phoenix' army and Mira's band. Jim is captured, but can play confused by a concussion. Malcolm is blackmailed to collaborate, but procrastinates. Only when Josh, who resumed his waiter job to spy on Lucas, gets abused, Jim breaks his cover. Lucas now also discovers how he communicates with Taylor, who is on the run in the forest. The Phoenix militia commander prepares to wipe clear the dinosaurs-infested valley with mega-bombs.</Overview>
  <ProductionCode></ProductionCode>
  <Rating>9.0</Rating>
  <RatingCount>5</RatingCount>
  <SeasonNumber>0</SeasonNumber>
  <Writer></Writer>
  <absolute_number></absolute_number>
  <airsafter_season></airsafter_season>
  <airsbefore_episode>1</airsbefore_episode>
  <airsbefore_season>1</airsbefore_season>
  <filename>episodes/164091/4139584.jpg</filename>
  <lastupdated>1338896460</lastupdated>
  <seasonid>248911</seasonid>
  <seriesid>164091</seriesid>
</Episode>
<Episode>
  <id>3458321</id>
  <Combined_episodenumber>1</Combined_episodenumber>
  <Combined_season>1</Combined_season>
  <DVD_chapter></DVD_chapter>
  <DVD_discid></DVD_discid>
  <DVD_episodenumber></DVD_episodenumber>
  <DVD_season></DVD_season>
  <Director>Alex Graves</Director>
  <EpImgFlag>2</EpImgFlag>
  <EpisodeName>Genesis</EpisodeName>
  <EpisodeNumber>1</EpisodeNumber>
  <FirstAired>2011-09-26</FirstAired>
  <GuestStars></GuestStars>
  <IMDB_ID></IMDB_ID>
  <Language>en</Language>
  <Overview>The Shannon family joins the Tenth Pilgrimage of settlers to Terra Nova, the first colony established in this beautiful yet foreboding land. Jim Shannon, a devoted father with a checkered past, guides his family through this new world of limitless beauty, mystery and terror. Upon the Shannons' arrival, they are introduced to Cmdr. Nathaniel Taylor, the charismatic and heroic first pioneer and leader of the settlement. Taylor warns the travelers that while Terra Nova is a place of new opportunities and fresh beginnings, all is not as idyllic as it initially appears. Along with blue skies, towering waterfalls and lush vegetation, the surrounding terrain is teeming with danger - and not just of the man-eating dinosaur variety. There is also a splinter colony of renegades led by the battle-hardened Mira, who is vehemently opposed to Taylor and his leadership.

This is a 2 part episode.</Overview>
  <ProductionCode></ProductionCode>
  <Rating>7.7</Rating>
  <RatingCount>242</RatingCount>
  <SeasonNumber>1</SeasonNumber>
  <Writer>Kelly Marcel  | Craig Silverstein</Writer>
  <absolute_number></absolute_number>
  <filename>episodes/164091/3458321.jpg</filename>
  <lastupdated>1348332818</lastupdated>
  <seasonid>393941</seasonid>
  <seriesid>164091</seriesid>
</Episode>
<Episode>
  <id>4175016</id>
  <Combined_episodenumber>2</Combined_episodenumber>
  <Combined_season>1</Combined_season>
  <DVD_chapter></DVD_chapter>
  <DVD_discid></DVD_discid>
  <DVD_episodenumber></DVD_episodenumber>
  <DVD_season></DVD_season>
  <Director>Jon Cassar</Director>
  <EpImgFlag>2</EpImgFlag>
  <EpisodeName>Instinct</EpisodeName>
  <EpisodeNumber>2</EpisodeNumber>
  <FirstAired>2011-10-03</FirstAired>
  <GuestStars>Simone Kessell, Dean Geyer</GuestStars>
  <IMDB_ID>tt2070471</IMDB_ID>
  <Language>en</Language>
  <Overview>Jim and Taylor find themselves trying to save the colony from attacking Pterosaurs. Elisabeth discovers an ex-boyfriend is also living in Terra Nova and may have been responsible for her being recruited. Skye tries to make Josh feel at home and Reynolds gets protective of Maddy.

This is episode 2 according to the Fox website.</Overview>
  <ProductionCode></ProductionCode>
  <Rating>7.7</Rating>
  <RatingCount>60</RatingCount>
  <SeasonNumber>1</SeasonNumber>
  <Writer>Rene Echevarria, Brannon Braga</Writer>
  <absolute_number></absolute_number>
  <filename>episodes/164091/4175016.jpg</filename>
  <lastupdated>1348332836</lastupdated>
  <seasonid>393941</seasonid>
  <seriesid>164091</seriesid>
</Episode>
<Episode>
  <id>4182928</id>
  <Combined_episodenumber>3</Combined_episodenumber>
  <Combined_season>1</Combined_season>
  <DVD_chapter></DVD_chapter>
  <DVD_discid></DVD_discid>
  <DVD_episodenumber></DVD_episodenumber>
  <DVD_season></DVD_season>
  <Director>Nelson McCormick</Director>
  <EpImgFlag>2</EpImgFlag>
  <EpisodeName>What Remains</EpisodeName>
  <EpisodeNumber>3</EpisodeNumber>
  <FirstAired>2011-10-10</FirstAired>
  <GuestStars>Simone Kessell, Dean Geyer, Damian Walshe-Howling, Damien Garvey</GuestStars>
  <IMDB_ID></IMDB_ID>
  <Language>en</Language>
  <Overview>When Elisabeth, Jim, Malcolm and Taylor investigate radio silence at a nearby scientific outpost, they discover an outbreak of a mysterious virus causing memory loss, paranoia and eventually death. The group must work together to find a cure before they lose their sanity and all of Terra Nova is infected.</Overview>
  <ProductionCode></ProductionCode>
  <Rating>7.3</Rating>
  <RatingCount>205</RatingCount>
  <SeasonNumber>1</SeasonNumber>
  <Writer>Brynn Malone</Writer>
  <absolute_number></absolute_number>
  <filename>episodes/164091/4182928.jpg</filename>
  <lastupdated>1348332851</lastupdated>
  <seasonid>393941</seasonid>
  <seriesid>164091</seriesid>
</Episode>
<Episode>
  <id>4183144</id>
  <Combined_episodenumber>4</Combined_episodenumber>
  <Combined_season>1</Combined_season>
  <DVD_chapter></DVD_chapter>
  <DVD_discid></DVD_discid>
  <DVD_episodenumber></DVD_episodenumber>
  <DVD_season></DVD_season>
  <Director>Jon Cassar</Director>
  <EpImgFlag>2</EpImgFlag>
  <EpisodeName>The Runaway</EpisodeName>
  <EpisodeNumber>4</EpisodeNumber>
  <FirstAired>2011-10-17</FirstAired>
  <GuestStars>Simone Kessell|Morgana Davies|Dean Geyer|Damian Walshe-Howling</GuestStars>
  <IMDB_ID></IMDB_ID>
  <Language>en</Language>
  <Overview>When an orphaned &quot;Sixer&quot; girl comes to Terra Nova seeking asylum, Jim and Shannon are at odds if they can trust her; Mira plots to reclaim a valued possession; Taylor begins to suspect there is a traitor in his midst and Reynolds admits his feelings for Maddy.</Overview>
  <ProductionCode></ProductionCode>
  <Rating>7.4</Rating>
  <RatingCount>209</RatingCount>
  <SeasonNumber>1</SeasonNumber>
  <Writer>Barbara Marshall</Writer>
  <absolute_number></absolute_number>
  <filename>episodes/164091/4183144.jpg</filename>
  <lastupdated>1330800979</lastupdated>
  <seasonid>393941</seasonid>
  <seriesid>164091</seriesid>
</Episode>
<Episode>
  <id>4175017</id>
  <Combined_episodenumber>5</Combined_episodenumber>
  <Combined_season>1</Combined_season>
  <DVD_chapter></DVD_chapter>
  <DVD_discid></DVD_discid>
  <DVD_episodenumber></DVD_episodenumber>
  <DVD_season></DVD_season>
  <Director></Director>
  <EpImgFlag>2</EpImgFlag>
  <EpisodeName>Bylaw</EpisodeName>
  <EpisodeNumber>5</EpisodeNumber>
  <FirstAired>2011-10-31</FirstAired>
  <GuestStars>|Simone Kissell|Dean Geyer|Damien Garvey|Peter Lamb|Eka Darvill|Sam Parsonson|Jay Ryan|Alice Parkinson|Steve Rodgers|</GuestStars>
  <IMDB_ID></IMDB_ID>
  <Language>en</Language>
  <Overview>The colony falls victim to its first murder, and Jim and Taylor must find the perpetrator. Also, Skye helps Josh find a way to get Kira, his girlfriend from 2149, to the past, while Elisabeth and Zoe race to help an unborn Ankylosaurus survive.</Overview>
  <ProductionCode>TN-104</ProductionCode>
  <Rating>7.4</Rating>
  <RatingCount>202</RatingCount>
  <SeasonNumber>1</SeasonNumber>
  <Writer></Writer>
  <absolute_number></absolute_number>
  <filename>episodes/164091/4175017.jpg</filename>
  <lastupdated>1348332894</lastupdated>
  <seasonid>393941</seasonid>
  <seriesid>164091</seriesid>
</Episode>
<Episode>
  <id>4182915</id>
  <Combined_episodenumber>6</Combined_episodenumber>
  <Combined_season>1</Combined_season>
  <DVD_chapter></DVD_chapter>
  <DVD_discid></DVD_discid>
  <DVD_episodenumber></DVD_episodenumber>
  <DVD_season></DVD_season>
  <Director></Director>
  <EpImgFlag>2</EpImgFlag>
  <EpisodeName>Nightfall</EpisodeName>
  <EpisodeNumber>6</EpisodeNumber>
  <FirstAired>2011-11-07</FirstAired>
  <GuestStars>|Dean Geyer|</GuestStars>
  <IMDB_ID></IMDB_ID>
  <Language>en</Language>
  <Overview>A crashing meteor wipes out all technology and wreaks havoc on the colony. Meanwhile, Maddy and Reynolds are stuck out in the wilderness, Elisabeth and Skye work together to save a life and Taylor tries to prevent Mira and the &quot;Sixers&quot; from invading Terra Nova. Also, a mystery man makes his presence known.</Overview>
  <ProductionCode>TN-107</ProductionCode>
  <Rating>7.5</Rating>
  <RatingCount>185</RatingCount>
  <SeasonNumber>1</SeasonNumber>
  <Writer></Writer>
  <absolute_number></absolute_number>
  <filename>episodes/164091/4182915.jpg</filename>
  <lastupdated>1348332922</lastupdated>
  <seasonid>393941</seasonid>
  <seriesid>164091</seriesid>
</Episode>
<Episode>
  <id>4199059</id>
  <Combined_episodenumber>7</Combined_episodenumber>
  <Combined_season>1</Combined_season>
  <DVD_chapter></DVD_chapter>
  <DVD_discid></DVD_discid>
  <DVD_episodenumber></DVD_episodenumber>
  <DVD_season></DVD_season>
  <Director>Bryan Spicer</Director>
  <EpImgFlag>7</EpImgFlag>
  <EpisodeName>Proof</EpisodeName>
  <EpisodeNumber>7</EpisodeNumber>
  <FirstAired>2011-11-14</FirstAired>
  <GuestStars>|Simon Kessel|Robert Coleby|Jay Ryan|Damien Garvey|</GuestStars>
  <IMDB_ID></IMDB_ID>
  <Language>en</Language>
  <Overview>Maddy starts interning for the colony’s greatest scientist, and her life is put in danger when she discovers a terrible secret. Meanwhile, Josh makes a deal with the devil in order to solidify his plan to bring his girlfriend from the future to Terra Nova.</Overview>
  <ProductionCode>1ASW08</ProductionCode>
  <Rating>7.5</Rating>
  <RatingCount>172</RatingCount>
  <SeasonNumber>1</SeasonNumber>
  <Writer>|David Graziano|Bryan Malone|</Writer>
  <absolute_number></absolute_number>
  <filename>episodes/164091/4199059.jpg</filename>
  <lastupdated>1348332941</lastupdated>
  <seasonid>393941</seasonid>
  <seriesid>164091</seriesid>
</Episode>
<Episode>
  <id>4199060</id>
  <Combined_episodenumber>8</Combined_episodenumber>
  <Combined_season>1</Combined_season>
  <DVD_chapter></DVD_chapter>
  <DVD_discid></DVD_discid>
  <DVD_episodenumber></DVD_episodenumber>
  <DVD_season></DVD_season>
  <Director>Bryan Spicer</Director>
  <EpImgFlag>7</EpImgFlag>
  <EpisodeName>Vs.</EpisodeName>
  <EpisodeNumber>8</EpisodeNumber>
  <FirstAired>2011-11-21</FirstAired>
  <GuestStars></GuestStars>
  <IMDB_ID>tt2089472</IMDB_ID>
  <Language>en</Language>
  <Overview>As Taylor searches for the &quot;Sixer&quot; mole within Terra Nova, Jim stumbles onto an old murder, for which Taylor is the prime suspect.</Overview>
  <ProductionCode></ProductionCode>
  <Rating>7.3</Rating>
  <RatingCount>172</RatingCount>
  <SeasonNumber>1</SeasonNumber>
  <Writer>Jose Molina</Writer>
  <absolute_number></absolute_number>
  <filename>episodes/164091/4199060.jpg</filename>
  <lastupdated>1348332971</lastupdated>
  <seasonid>393941</seasonid>
  <seriesid>164091</seriesid>
</Episode>
<Episode>
  <id>4206300</id>
  <Combined_episodenumber>9</Combined_episodenumber>
  <Combined_season>1</Combined_season>
  <DVD_chapter></DVD_chapter>
  <DVD_discid></DVD_discid>
  <DVD_episodenumber></DVD_episodenumber>
  <DVD_season></DVD_season>
  <Director>Karen Gaviola</Director>
  <EpImgFlag>2</EpImgFlag>
  <EpisodeName>Now You See Me</EpisodeName>
  <EpisodeNumber>9</EpisodeNumber>
  <FirstAired>2011-11-28</FirstAired>
  <GuestStars></GuestStars>
  <IMDB_ID></IMDB_ID>
  <Language>en</Language>
  <Overview>Taylor and Mira must set aside their differences when they encounter a prehistoric enemy; Jim closes in on the mole.</Overview>
  <ProductionCode>1ASW10</ProductionCode>
  <Rating>7.5</Rating>
  <RatingCount>166</RatingCount>
  <SeasonNumber>1</SeasonNumber>
  <Writer>Paul Grellong</Writer>
  <absolute_number></absolute_number>
  <filename>episodes/164091/4206300.jpg</filename>
  <lastupdated>1348332989</lastupdated>
  <seasonid>393941</seasonid>
  <seriesid>164091</seriesid>
</Episode>
<Episode>
  <id>4214057</id>
  <Combined_episodenumber>10</Combined_episodenumber>
  <Combined_season>1</Combined_season>
  <DVD_chapter></DVD_chapter>
  <DVD_discid></DVD_discid>
  <DVD_episodenumber></DVD_episodenumber>
  <DVD_season></DVD_season>
  <Director>Karen Gaviola</Director>
  <EpImgFlag>7</EpImgFlag>
  <EpisodeName>Within</EpisodeName>
  <EpisodeNumber>10</EpisodeNumber>
  <FirstAired>2011-12-12</FirstAired>
  <GuestStars></GuestStars>
  <IMDB_ID></IMDB_ID>
  <Language>en</Language>
  <Overview>Lucas races to assemble the final pieces of his mystery device, in advance of the 11th Pilgrimage's arrival. Also, Jim and Taylor confront the colony's &quot;Sixer&quot; mole, Skye is reunited with a familiar face and Terra Nova prepares for war.</Overview>
  <ProductionCode></ProductionCode>
  <Rating>7.5</Rating>
  <RatingCount>140</RatingCount>
  <SeasonNumber>1</SeasonNumber>
  <Writer>Barbara Marshall</Writer>
  <absolute_number></absolute_number>
  <filename>episodes/164091/4214057.jpg</filename>
  <lastupdated>1348333014</lastupdated>
  <seasonid>393941</seasonid>
  <seriesid>164091</seriesid>
</Episode>
<Episode>
  <id>4217656</id>
  <Combined_episodenumber>11</Combined_episodenumber>
  <Combined_season>1</Combined_season>
  <DVD_chapter></DVD_chapter>
  <DVD_discid></DVD_discid>
  <DVD_episodenumber></DVD_episodenumber>
  <DVD_season></DVD_season>
  <Director>Jon Cassar</Director>
  <EpImgFlag>7</EpImgFlag>
  <EpisodeName>Occupation / Resistance</EpisodeName>
  <EpisodeNumber>11</EpisodeNumber>
  <FirstAired>2011-12-19</FirstAired>
  <GuestStars></GuestStars>
  <IMDB_ID></IMDB_ID>
  <Language>en</Language>
  <Overview>In the two-hour Season Finale, the 11th Pilgrimage arrives in Terra Nova and the mysterious Phoenix Group in 2149 makes its move to pillage the past with the help of Lucas and Mira. Meanwhile, Jim and Taylor team up in a last stand against the Phoenix Group, a colonist makes the ultimate sacrifice and a decision is made that will change life in Terra Nova forever.</Overview>
  <ProductionCode></ProductionCode>
  <Rating>7.7</Rating>
  <RatingCount>161</RatingCount>
  <SeasonNumber>1</SeasonNumber>
  <Writer>|Brynn Malone|Barbara Marshall|Terry Matalas|Travis Fickett|</Writer>
  <absolute_number></absolute_number>
  <filename>episodes/164091/4217656.jpg</filename>
  <lastupdated>1348333043</lastupdated>
  <seasonid>393941</seasonid>
  <seriesid>164091</seriesid>
</Episode>
</Data>