<?xml version="1.0" encoding="UTF-8" ?>
<Actors>
<Actor>
  <id>295148</id>
  <Image>actors/295148.jpg</Image>
  <Name>Leslie Hope</Name>
  <Role>Tess Cole</Role>
  <SortOrder>0</SortOrder>
</Actor>
<Actor>
  <id>295147</id>
  <Image>actors/295147.jpg</Image>
  <Name>Joe Anderson</Name>
  <Role>Lincoln Cole</Role>
  <SortOrder>0</SortOrder>
</Actor>
<Actor>
  <id>295146</id>
  <Image>actors/295146.jpg</Image>
  <Name>Bruce Greenwood</Name>
  <Role>Dr. Emmet Cole</Role>
  <SortOrder>0</SortOrder>
</Actor>
<Actor>
  <id>295151</id>
  <Image>actors/295151.jpg</Image>
  <Name>Thomas Kretschmann</Name>
  <Role>Captain Kurt Brynildson</Role>
  <SortOrder>1</SortOrder>
</Actor>
<Actor>
  <id>295150</id>
  <Image>actors/295150.jpg</Image>
  <Name>Paul Blackthorne</Name>
  <Role>Clark Quietly</Role>
  <SortOrder>1</SortOrder>
</Actor>
<Actor>
  <id>295149</id>
  <Image>actors/295149.jpg</Image>
  <Name>Eloise Mumford</Name>
  <Role>Lena Landry</Role>
  <SortOrder>1</SortOrder>
</Actor>
<Actor>
  <id>295966</id>
  <Image>actors/295966.jpg</Image>
  <Name>Lee Tergesen</Name>
  <Role>Russ Landry</Role>
  <SortOrder>3</SortOrder>
</Actor>
<Actor>
  <id>295154</id>
  <Image>actors/295154.jpg</Image>
  <Name>Paulina Gaitan</Name>
  <Role>Jahel Valenzuela</Role>
  <SortOrder>3</SortOrder>
</Actor>
<Actor>
  <id>295153</id>
  <Image>actors/295153.jpg</Image>
  <Name>Shaun Parkes</Name>
  <Role>Andreus Jude 'A.J.' Poulain</Role>
  <SortOrder>3</SortOrder>
</Actor>
<Actor>
  <id>295152</id>
  <Image>actors/295152.jpg</Image>
  <Name>Daniel Zacapa</Name>
  <Role>Emilio Valenzuela</Role>
  <SortOrder>3</SortOrder>
</Actor>
</Actors>