<?xml version="1.0" encoding="UTF-8" ?>
<Data><Series>
  <id>248836</id>
  <Actors>|Leslie Hope|Joe Anderson|Bruce Greenwood|Thomas Kretschmann|Paul Blackthorne|Eloise Mumford|Lee Tergesen|Paulina Gaitan|Shaun Parkes|Daniel Zacapa|</Actors>
  <Airs_DayOfWeek>Tuesday</Airs_DayOfWeek>
  <Airs_Time>9:00 PM</Airs_Time>
  <ContentRating>TV-14</ContentRating>
  <FirstAired>2012-02-07</FirstAired>
  <Genre>|Drama|Science-Fiction|</Genre>
  <IMDB_ID>tt1836195</IMDB_ID>
  <Language>en</Language>
  <Network>ABC</Network>
  <NetworkID></NetworkID>
  <Overview>The River follows the story of wildlife expert and TV personality Emmet Cole. Emmet set course around the world with his wife, Tess, and son, Lincoln, while filming what would become one of the most popular shows in television. After he goes missing deep in the Amazon, his family, friends and crew set out on a mysterious and deadly journey to find him.</Overview>
  <Rating>7.1</Rating>
  <RatingCount>19</RatingCount>
  <Runtime>60</Runtime>
  <SeriesID></SeriesID>
  <SeriesName>The River (2012)</SeriesName>
  <Status>Ended</Status>
  <added>2011-05-18 00:19:23</added>
  <addedBy>189361</addedBy>
  <banner>graphical/248836-g3.jpg</banner>
  <fanart>fanart/original/248836-4.jpg</fanart>
  <lastupdated>1364738000</lastupdated>
  <poster>posters/248836-2.jpg</poster>
  <zap2it_id>SH014195303</zap2it_id>
</Series>
<Episode>
  <id>4249134</id>
  <Combined_episodenumber>1</Combined_episodenumber>
  <Combined_season>0</Combined_season>
  <DVD_chapter></DVD_chapter>
  <DVD_discid></DVD_discid>
  <DVD_episodenumber></DVD_episodenumber>
  <DVD_season></DVD_season>
  <Director></Director>
  <EpImgFlag></EpImgFlag>
  <EpisodeName>First Look</EpisodeName>
  <EpisodeNumber>1</EpisodeNumber>
  <FirstAired>2012-01-24</FirstAired>
  <GuestStars></GuestStars>
  <IMDB_ID></IMDB_ID>
  <Language>en</Language>
  <Overview>A short preview of the new series 'The River'</Overview>
  <ProductionCode></ProductionCode>
  <Rating></Rating>
  <RatingCount>0</RatingCount>
  <SeasonNumber>0</SeasonNumber>
  <Writer></Writer>
  <absolute_number></absolute_number>
  <airsafter_season></airsafter_season>
  <airsbefore_episode></airsbefore_episode>
  <airsbefore_season></airsbefore_season>
  <filename></filename>
  <lastupdated>1327521650</lastupdated>
  <seasonid>466177</seasonid>
  <seriesid>248836</seriesid>
</Episode>
<Episode>
  <id>4103865</id>
  <Combined_episodenumber>1</Combined_episodenumber>
  <Combined_season>1</Combined_season>
  <DVD_chapter></DVD_chapter>
  <DVD_discid></DVD_discid>
  <DVD_episodenumber></DVD_episodenumber>
  <DVD_season></DVD_season>
  <Director>Jaume Collet-Serra</Director>
  <EpImgFlag>2</EpImgFlag>
  <EpisodeName>Magus</EpisodeName>
  <EpisodeNumber>1</EpisodeNumber>
  <FirstAired>2012-02-07</FirstAired>
  <GuestStars></GuestStars>
  <IMDB_ID>tt2008374</IMDB_ID>
  <Language>en</Language>
  <Overview>Dr. Emmet Cole, adventurer and TV personality goes missing deep in the Amazon. After a string search for him, his family and friends hold a memorial service in his honor. His wife, Tess, tries to face the reality of her husband death, while her son, Lincoln, is more than ready to move on. Six months later Emmet's location beacon catches a mysterious signal. Tess and Lincoln join her and Emmet's film crew on a journey through the Amazon to find him.</Overview>
  <ProductionCode></ProductionCode>
  <Rating>7.6</Rating>
  <RatingCount>41</RatingCount>
  <SeasonNumber>1</SeasonNumber>
  <Writer>Michael Green|Zack Estrin</Writer>
  <absolute_number>1</absolute_number>
  <filename>episodes/248836/4103865.jpg</filename>
  <lastupdated>1358074590</lastupdated>
  <seasonid>466466</seasonid>
  <seriesid>248836</seriesid>
</Episode>
<Episode>
  <id>4240736</id>
  <Combined_episodenumber>2</Combined_episodenumber>
  <Combined_season>1</Combined_season>
  <DVD_chapter></DVD_chapter>
  <DVD_discid></DVD_discid>
  <DVD_episodenumber></DVD_episodenumber>
  <DVD_season></DVD_season>
  <Director>Jaume Collet-Serra</Director>
  <EpImgFlag>2</EpImgFlag>
  <EpisodeName>Marbeley</EpisodeName>
  <EpisodeNumber>2</EpisodeNumber>
  <FirstAired>2012-02-07</FirstAired>
  <GuestStars></GuestStars>
  <IMDB_ID>tt2056424</IMDB_ID>
  <Language>en</Language>
  <Overview>The spirit of Dr. Emmet gets into Jahel, the message is clear, go home! Tess then is determined to go and find clues to Cole's whereabouts. While on the mission, they discover a tree with children dolls that is suspected to guard of the &quot;spirit of the abandoned girl&quot; who drowned in the river. Then, a member of the crew goes missing and they realize they have to survive the nightmare of an angry spirit.</Overview>
  <ProductionCode></ProductionCode>
  <Rating>8.3</Rating>
  <RatingCount>20</RatingCount>
  <SeasonNumber>1</SeasonNumber>
  <Writer>Michael Green|Zack Estrin</Writer>
  <absolute_number>2</absolute_number>
  <filename>episodes/248836/4240736.jpg</filename>
  <lastupdated>1358074630</lastupdated>
  <seasonid>466466</seasonid>
  <seriesid>248836</seriesid>
</Episode>
<Episode>
  <id>4240737</id>
  <Combined_episodenumber>3</Combined_episodenumber>
  <Combined_season>1</Combined_season>
  <DVD_chapter></DVD_chapter>
  <DVD_discid></DVD_discid>
  <DVD_episodenumber></DVD_episodenumber>
  <DVD_season></DVD_season>
  <Director>Michael Katleman</Director>
  <EpImgFlag>1</EpImgFlag>
  <EpisodeName>Los Ciegos</EpisodeName>
  <EpisodeNumber>3</EpisodeNumber>
  <FirstAired>2012-02-14</FirstAired>
  <GuestStars></GuestStars>
  <IMDB_ID>tt2063512</IMDB_ID>
  <Language>en</Language>
  <Overview>When the crew of the Magus goes blind from tree spores, lone holdout AJ must overcome his most-paralyzing fear to find a cure before the blindness becomes permanent; the local tribe stalks the crew and judges if they are worthy to stay in the jungle. </Overview>
  <ProductionCode></ProductionCode>
  <Rating>7.4</Rating>
  <RatingCount>32</RatingCount>
  <SeasonNumber>1</SeasonNumber>
  <Writer>Glen Morgan</Writer>
  <absolute_number>3</absolute_number>
  <filename>episodes/248836/4240737.jpg</filename>
  <lastupdated>1358074644</lastupdated>
  <seasonid>466466</seasonid>
  <seriesid>248836</seriesid>
</Episode>
<Episode>
  <id>4240738</id>
  <Combined_episodenumber>4</Combined_episodenumber>
  <Combined_season>1</Combined_season>
  <DVD_chapter></DVD_chapter>
  <DVD_discid></DVD_discid>
  <DVD_episodenumber></DVD_episodenumber>
  <DVD_season></DVD_season>
  <Director>Dean White</Director>
  <EpImgFlag>1</EpImgFlag>
  <EpisodeName>A Better Man</EpisodeName>
  <EpisodeNumber>4</EpisodeNumber>
  <FirstAired>2012-02-21</FirstAired>
  <GuestStars></GuestStars>
  <IMDB_ID>tt2055478</IMDB_ID>
  <Language>en</Language>
  <Overview>The Magus team encounters one of Emmet's colleagues who disappeared six months ago and discover he's been the victim of a mystical curse that is a life or death matter. But when the others plan to leave and continue the mission, Lincoln must face this challenge and be the moral compass. </Overview>
  <ProductionCode></ProductionCode>
  <Rating>7.7</Rating>
  <RatingCount>33</RatingCount>
  <SeasonNumber>1</SeasonNumber>
  <Writer>Aron Eli Coleite</Writer>
  <absolute_number>4</absolute_number>
  <filename>episodes/248836/4240738.jpg</filename>
  <lastupdated>1358074688</lastupdated>
  <seasonid>466466</seasonid>
  <seriesid>248836</seriesid>
</Episode>
<Episode>
  <id>4240739</id>
  <Combined_episodenumber>5</Combined_episodenumber>
  <Combined_season>1</Combined_season>
  <DVD_chapter></DVD_chapter>
  <DVD_discid></DVD_discid>
  <DVD_episodenumber></DVD_episodenumber>
  <DVD_season></DVD_season>
  <Director>Rob Bailey</Director>
  <EpImgFlag>2</EpImgFlag>
  <EpisodeName>Peaches</EpisodeName>
  <EpisodeNumber>5</EpisodeNumber>
  <FirstAired>2012-02-28</FirstAired>
  <GuestStars>Lee Tergesen, Scott Michael Foster</GuestStars>
  <IMDB_ID>tt2128311</IMDB_ID>
  <Language>en</Language>
  <Overview>The Magus crew are run aground by another vessel, and soon learn that the seemingly welcoming crew members of a ship claiming to have come to their rescue have in fact a very different agenda, causing a dire, life-and-death situation. The crew also make a shocking discovery that will leave one of them in tears.</Overview>
  <ProductionCode></ProductionCode>
  <Rating>7.7</Rating>
  <RatingCount>31</RatingCount>
  <SeasonNumber>1</SeasonNumber>
  <Writer>Wendy Battles</Writer>
  <absolute_number>5</absolute_number>
  <filename>episodes/248836/4240739.jpg</filename>
  <lastupdated>1358074704</lastupdated>
  <seasonid>466466</seasonid>
  <seriesid>248836</seriesid>
</Episode>
<Episode>
  <id>4250574</id>
  <Combined_episodenumber>6</Combined_episodenumber>
  <Combined_season>1</Combined_season>
  <DVD_chapter></DVD_chapter>
  <DVD_discid></DVD_discid>
  <DVD_episodenumber></DVD_episodenumber>
  <DVD_season></DVD_season>
  <Director>Michelle MacLaren</Director>
  <EpImgFlag>1</EpImgFlag>
  <EpisodeName>Doctor Emmet Cole</EpisodeName>
  <EpisodeNumber>6</EpisodeNumber>
  <FirstAired>2012-03-06</FirstAired>
  <GuestStars></GuestStars>
  <IMDB_ID>tt2128310</IMDB_ID>
  <Language>en</Language>
  <Overview>The Magus crew arrive at Sahte Falls and find footage that Emmet filmed of the days leading up to his disappearance. Lincoln and Tess have no choice but to watch as Emmet battles for survival on his way to the mysterious Source of all magic. Meanwhile, Lena has a confession to make to one of her crewmates.</Overview>
  <ProductionCode></ProductionCode>
  <Rating>7.8</Rating>
  <RatingCount>25</RatingCount>
  <SeasonNumber>1</SeasonNumber>
  <Writer>Michael Green</Writer>
  <absolute_number>6</absolute_number>
  <filename>episodes/248836/4250574.jpg</filename>
  <lastupdated>1362302047</lastupdated>
  <seasonid>466466</seasonid>
  <seriesid>248836</seriesid>
</Episode>
<Episode>
  <id>4250575</id>
  <Combined_episodenumber>7</Combined_episodenumber>
  <Combined_season>1</Combined_season>
  <DVD_chapter></DVD_chapter>
  <DVD_discid></DVD_discid>
  <DVD_episodenumber></DVD_episodenumber>
  <DVD_season></DVD_season>
  <Director>Kenneth Fink</Director>
  <EpImgFlag>1</EpImgFlag>
  <EpisodeName>The Experiment</EpisodeName>
  <EpisodeNumber>7</EpisodeNumber>
  <FirstAired>2012-03-13</FirstAired>
  <GuestStars></GuestStars>
  <IMDB_ID>tt2128312</IMDB_ID>
  <Language>en</Language>
  <Overview>The Magus crew find themselves in a stark predicament as they're stalked by a cannibalistic terror while searching through an abandoned research facility following mysterious clues that suggest Dr. Emmet Cole may still be alive. Meanwhile, security force leader Kurt is forced to make a heavy personal sacrifice when it comes to the safety of the crew.</Overview>
  <ProductionCode></ProductionCode>
  <Rating>7.9</Rating>
  <RatingCount>25</RatingCount>
  <SeasonNumber>1</SeasonNumber>
  <Writer>Soo Hugh</Writer>
  <absolute_number>7</absolute_number>
  <filename>episodes/248836/4250575.jpg</filename>
  <lastupdated>1345482683</lastupdated>
  <seasonid>466466</seasonid>
  <seriesid>248836</seriesid>
</Episode>
<Episode>
  <id>4250576</id>
  <Combined_episodenumber>8</Combined_episodenumber>
  <Combined_season>1</Combined_season>
  <DVD_chapter></DVD_chapter>
  <DVD_discid></DVD_discid>
  <DVD_episodenumber></DVD_episodenumber>
  <DVD_season></DVD_season>
  <Director>Gary Fleder</Director>
  <EpImgFlag>1</EpImgFlag>
  <EpisodeName>Row, Row, Row Your Boat</EpisodeName>
  <EpisodeNumber>8</EpisodeNumber>
  <FirstAired>2012-03-20</FirstAired>
  <GuestStars></GuestStars>
  <IMDB_ID>tt2209823</IMDB_ID>
  <Language>en</Language>
  <Overview>With a course now plotted for their final destination, the Magus crew suddenly finds itself in complete chaos when a member of their own is shot dead, leading Jahel to call upon the spirit of the Boiúna to help, against the wishes of her father. The crew's quest is threatened further by the unknown killer, as the situation continues to spiral out of control.</Overview>
  <ProductionCode></ProductionCode>
  <Rating>7.8</Rating>
  <RatingCount>25</RatingCount>
  <SeasonNumber>1</SeasonNumber>
  <Writer>Aron Eli Coleite|Michael Green</Writer>
  <absolute_number>8</absolute_number>
  <filename>episodes/248836/4250576.jpg</filename>
  <lastupdated>1345482746</lastupdated>
  <seasonid>466466</seasonid>
  <seriesid>248836</seriesid>
</Episode>
</Data>