<?xml version="1.0" encoding="UTF-8" ?>
<Actors>
<Actor>
  <id>20031</id>
  <Image></Image>
  <Name>Alvin Sanders</Name>
  <Role></Role>
  <SortOrder>3</SortOrder>
</Actor>
<Actor>
  <id>20030</id>
  <Image></Image>
  <Name>Brad Swaile</Name>
  <Role></Role>
  <SortOrder>3</SortOrder>
</Actor>
<Actor>
  <id>20040</id>
  <Image></Image>
  <Name>Colin Murdock</Name>
  <Role></Role>
  <SortOrder>3</SortOrder>
</Actor>
<Actor>
  <id>20029</id>
  <Image></Image>
  <Name>David Kaye</Name>
  <Role></Role>
  <SortOrder>3</SortOrder>
</Actor>
<Actor>
  <id>20042</id>
  <Image></Image>
  <Name>Donald</Name>
  <Role></Role>
  <SortOrder>3</SortOrder>
</Actor>
<Actor>
  <id>20028</id>
  <Image></Image>
  <Name>Gary Chalk</Name>
  <Role></Role>
  <SortOrder>3</SortOrder>
</Actor>
<Actor>
  <id>20041</id>
  <Image></Image>
  <Name>Jim Conrad</Name>
  <Role></Role>
  <SortOrder>3</SortOrder>
</Actor>
<Actor>
  <id>20025</id>
  <Image></Image>
  <Name>Kirby Morrow</Name>
  <Role></Role>
  <SortOrder>3</SortOrder>
</Actor>
<Actor>
  <id>20027</id>
  <Image></Image>
  <Name>Mark Acheson</Name>
  <Role></Role>
  <SortOrder>3</SortOrder>
</Actor>
<Actor>
  <id>20038</id>
  <Image></Image>
  <Name>Matt Hill</Name>
  <Role></Role>
  <SortOrder>3</SortOrder>
</Actor>
<Actor>
  <id>20036</id>
  <Image></Image>
  <Name>Michael Daingerfield</Name>
  <Role></Role>
  <SortOrder>3</SortOrder>
</Actor>
<Actor>
  <id>20033</id>
  <Image></Image>
  <Name>Nicole Oliver</Name>
  <Role></Role>
  <SortOrder>3</SortOrder>
</Actor>
<Actor>
  <id>20024</id>
  <Image></Image>
  <Name>Paul Dobson</Name>
  <Role></Role>
  <SortOrder>3</SortOrder>
</Actor>
<Actor>
  <id>20034</id>
  <Image></Image>
  <Name>Samuel Vincent</Name>
  <Role></Role>
  <SortOrder>3</SortOrder>
</Actor>
<Actor>
  <id>20032</id>
  <Image></Image>
  <Name>Sharon Alexander</Name>
  <Role></Role>
  <SortOrder>3</SortOrder>
</Actor>
<Actor>
  <id>20026</id>
  <Image></Image>
  <Name>Tabitha St. Germain</Name>
  <Role></Role>
  <SortOrder>3</SortOrder>
</Actor>
<Actor>
  <id>20039</id>
  <Image></Image>
  <Name>Terry Klassen</Name>
  <Role></Role>
  <SortOrder>3</SortOrder>
</Actor>
<Actor>
  <id>20035</id>
  <Image></Image>
  <Name>Trevor Devall</Name>
  <Role></Role>
  <SortOrder>3</SortOrder>
</Actor>
<Actor>
  <id>20037</id>
  <Image></Image>
  <Name>Ward Perry</Name>
  <Role></Role>
  <SortOrder>3</SortOrder>
</Actor>
</Actors>