<?xml version="1.0" encoding="UTF-8" ?>
<Data><Series>
  <id>72776</id>
  <Actors>|Alvin Sanders|Brad Swaile|Colin Murdock|David Kaye|Donald|Gary Chalk|Jim Conrad|Kirby Morrow|Mark Acheson|Matt Hill|Michael Daingerfield|Nicole Oliver|Paul Dobson|Samuel Vincent|Sharon Alexander|Tabitha St. Germain|Terry Klassen|Trevor Devall|Ward Perry|</Actors>
  <Airs_DayOfWeek>Daily</Airs_DayOfWeek>
  <Airs_Time>6:00 AM</Airs_Time>
  <ContentRating></ContentRating>
  <FirstAired>2004-01-01</FirstAired>
  <Genre>|Animation|</Genre>
  <IMDB_ID></IMDB_ID>
  <Language>en</Language>
  <Network>Cartoon Network</Network>
  <NetworkID></NetworkID>
  <Overview>It's been 10 Earth years since the last battle against Unicron involving him and Megatron disappearing into deep space. The Autobots and Decepticons have been working together and have set up mining post for mining Energon in which to use the Energon to restore Cybertron. But a bad guy called Alpha Q (AKA Alpha Quintesson) has sent a Decepticon named Scorponok and a group of drones called the Terrorcons to raid the mining settlements and steal the Energon so they can restore and power up Unicron and revive Megatron with the help of the Decepticons. But a resurrected Megatron has other plans with Unicron since he has plans to control him. Scorponok and Alpha Q have different plans for Unicron and that is to use Unicron's power to re-create things like his home planet, and destroy Megatron once and for all. It's up to Optimus Prime, the Autobots, and the Omnicons along with a teenage boy named Kicker to stop the Decepticons from stealing all the Energon and taking over the universe.</Overview>
  <Rating>6.0</Rating>
  <RatingCount>5</RatingCount>
  <Runtime>30</Runtime>
  <SeriesID>20278</SeriesID>
  <SeriesName>Transformers Energon</SeriesName>
  <Status>Ended</Status>
  <added></added>
  <addedBy></addedBy>
  <banner>text/72776.jpg</banner>
  <fanart>fanart/original/72776-1.jpg</fanart>
  <lastupdated>1349261770</lastupdated>
  <poster>posters/72776-3.jpg</poster>
  <zap2it_id></zap2it_id>
</Series>
<Episode>
  <id>96063</id>
  <Combined_episodenumber>1.0</Combined_episodenumber>
  <Combined_season>1</Combined_season>
  <DVD_chapter></DVD_chapter>
  <DVD_discid>1</DVD_discid>
  <DVD_episodenumber>1.0</DVD_episodenumber>
  <DVD_season></DVD_season>
  <Director></Director>
  <EpImgFlag>1</EpImgFlag>
  <EpisodeName>Cybertron City</EpisodeName>
  <EpisodeNumber>1</EpisodeNumber>
  <FirstAired>2003-01-31</FirstAired>
  <GuestStars></GuestStars>
  <IMDB_ID></IMDB_ID>
  <Language>en</Language>
  <Overview>Ten years have passed since the Armada battles. The Autobots and Decepticons work side by side with humans to harvest Energon. But trouble is brewing with recent attacks by a group of transformers known as Terrorcons. Can the Autobots meet the threat?
</Overview>
  <ProductionCode></ProductionCode>
  <Rating>7.0</Rating>
  <RatingCount>2</RatingCount>
  <SeasonNumber>1</SeasonNumber>
  <Writer></Writer>
  <absolute_number></absolute_number>
  <filename>episodes/72776/96063.jpg</filename>
  <lastupdated>1253666820</lastupdated>
  <seasonid>4715</seasonid>
  <seriesid>72776</seriesid>
</Episode>
<Episode>
  <id>96064</id>
  <Combined_episodenumber>2.0</Combined_episodenumber>
  <Combined_season>1</Combined_season>
  <DVD_chapter></DVD_chapter>
  <DVD_discid>1</DVD_discid>
  <DVD_episodenumber>2.0</DVD_episodenumber>
  <DVD_season></DVD_season>
  <Director></Director>
  <EpImgFlag>1</EpImgFlag>
  <EpisodeName>Energon Stars</EpisodeName>
  <EpisodeNumber>2</EpisodeNumber>
  <FirstAired>2004-02-07</FirstAired>
  <GuestStars></GuestStars>
  <IMDB_ID></IMDB_ID>
  <Language>en</Language>
  <Overview>After analyzing the Terrorcon threat, the Autobots decide to send away all the civilians living in the energon mining bases. Ironhide is given the job of &quot;babysitting&quot; Kicker, neither one is happy about it. The alarm goes off for an attack on Lunar City, Kicker and Jetfire go ahead and the others soon follow after being given energon stars by the Omnicons. When they get there, Ironhide heads off to check the mine and touches some energon by mistake which knocks him out. The others rescue him and they head back to Ocean City. The episode ends with Alpha-Q saying Optimus Prime will meet his match when Scorponok awakens.</Overview>
  <ProductionCode></ProductionCode>
  <Rating>7.0</Rating>
  <RatingCount>1</RatingCount>
  <SeasonNumber>1</SeasonNumber>
  <Writer></Writer>
  <absolute_number></absolute_number>
  <filename>episodes/72776/96064.jpg</filename>
  <lastupdated>1253666838</lastupdated>
  <seasonid>4715</seasonid>
  <seriesid>72776</seriesid>
</Episode>
<Episode>
  <id>96065</id>
  <Combined_episodenumber>3.0</Combined_episodenumber>
  <Combined_season>1</Combined_season>
  <DVD_chapter></DVD_chapter>
  <DVD_discid>1</DVD_discid>
  <DVD_episodenumber>3.0</DVD_episodenumber>
  <DVD_season></DVD_season>
  <Director></Director>
  <EpImgFlag>1</EpImgFlag>
  <EpisodeName>Scorponok</EpisodeName>
  <EpisodeNumber>3</EpisodeNumber>
  <FirstAired>2004-02-14</FirstAired>
  <GuestStars></GuestStars>
  <IMDB_ID></IMDB_ID>
  <Language>en</Language>
  <Overview>Scorponok captures Tidal Wave and made him to follow his orders so that they can revive Megatron with energon. While Kicker and Ironhide stay behind (supposelly) while the rest of the team help Desert City...</Overview>
  <ProductionCode></ProductionCode>
  <Rating>7.0</Rating>
  <RatingCount>1</RatingCount>
  <SeasonNumber>1</SeasonNumber>
  <Writer></Writer>
  <absolute_number></absolute_number>
  <filename>episodes/72776/96065.jpg</filename>
  <lastupdated>1253666859</lastupdated>
  <seasonid>4715</seasonid>
  <seriesid>72776</seriesid>
</Episode>
<Episode>
  <id>96066</id>
  <Combined_episodenumber>4.0</Combined_episodenumber>
  <Combined_season>1</Combined_season>
  <DVD_chapter></DVD_chapter>
  <DVD_discid>1</DVD_discid>
  <DVD_episodenumber>4.0</DVD_episodenumber>
  <DVD_season></DVD_season>
  <Director></Director>
  <EpImgFlag>1</EpImgFlag>
  <EpisodeName>Megatron's Sword</EpisodeName>
  <EpisodeNumber>4</EpisodeNumber>
  <FirstAired>2004-02-21</FirstAired>
  <GuestStars></GuestStars>
  <IMDB_ID></IMDB_ID>
  <Language>en</Language>
  <Overview>When Scorponok is ordered to attack Earth, the Autobots are soon overcome both by the Terrorcons and the power of Scorponok's Star Saber. The Autobots look to the Omnicons to give them the advantage in this dangerous time.</Overview>
  <ProductionCode></ProductionCode>
  <Rating>7.5</Rating>
  <RatingCount>2</RatingCount>
  <SeasonNumber>1</SeasonNumber>
  <Writer></Writer>
  <absolute_number></absolute_number>
  <filename>episodes/72776/96066.jpg</filename>
  <lastupdated>1253667014</lastupdated>
  <seasonid>4715</seasonid>
  <seriesid>72776</seriesid>
</Episode>
<Episode>
  <id>96067</id>
  <Combined_episodenumber>5.0</Combined_episodenumber>
  <Combined_season>1</Combined_season>
  <DVD_chapter></DVD_chapter>
  <DVD_discid>1</DVD_discid>
  <DVD_episodenumber>5.0</DVD_episodenumber>
  <DVD_season></DVD_season>
  <Director></Director>
  <EpImgFlag>1</EpImgFlag>
  <EpisodeName>The New Cybertron City</EpisodeName>
  <EpisodeNumber>5</EpisodeNumber>
  <FirstAired>2004-02-28</FirstAired>
  <GuestStars></GuestStars>
  <IMDB_ID></IMDB_ID>
  <Language>en</Language>
  <Overview>Kicker has a dream about Energon in the Alps, so Optimus sends Ironhide, Hot Shot, Strongarm and Demolishor to go with Kicker to find the spot from his dream. Kicker gets separated from the others and falls in a ravine. The Terrorcons arrive, and blocks the Autobots escape route. Optimus demands that Dr. Jones set up a Space City Bridge to rescue them. Jetfire blames Demolishor for the arrival of Sorponok but Ironhide defends him. </Overview>
  <ProductionCode></ProductionCode>
  <Rating>7.0</Rating>
  <RatingCount>2</RatingCount>
  <SeasonNumber>1</SeasonNumber>
  <Writer></Writer>
  <absolute_number></absolute_number>
  <filename>episodes/72776/96067.jpg</filename>
  <lastupdated>1253667038</lastupdated>
  <seasonid>4715</seasonid>
  <seriesid>72776</seriesid>
</Episode>
<Episode>
  <id>96068</id>
  <Combined_episodenumber>6.0</Combined_episodenumber>
  <Combined_season>1</Combined_season>
  <DVD_chapter></DVD_chapter>
  <DVD_discid>1</DVD_discid>
  <DVD_episodenumber>6.0</DVD_episodenumber>
  <DVD_season></DVD_season>
  <Director></Director>
  <EpImgFlag>1</EpImgFlag>
  <EpisodeName>Megatron Resurrected</EpisodeName>
  <EpisodeNumber>6</EpisodeNumber>
  <FirstAired>2004-03-06</FirstAired>
  <GuestStars></GuestStars>
  <IMDB_ID></IMDB_ID>
  <Language>en</Language>
  <Overview>At various Cyber Cites the Transformers have set up defensive traps to stop the Terrorcons from stealing Energon. It appears the Autobots have won as their enemies retreat, but as they head back to regroup, Cyclonus, Tidal Wave and Scorponok begin to bicker around Megatron who still lies in his coma. Suddenly, he begins to come to life. Scorponok is outraged at this and whines to Megatron about him stealing all the Energon for himself. </Overview>
  <ProductionCode></ProductionCode>
  <Rating>7.0</Rating>
  <RatingCount>2</RatingCount>
  <SeasonNumber>1</SeasonNumber>
  <Writer></Writer>
  <absolute_number></absolute_number>
  <filename>episodes/72776/96068.jpg</filename>
  <lastupdated>1253667066</lastupdated>
  <seasonid>4715</seasonid>
  <seriesid>72776</seriesid>
</Episode>
<Episode>
  <id>96069</id>
  <Combined_episodenumber>7.0</Combined_episodenumber>
  <Combined_season>1</Combined_season>
  <DVD_chapter></DVD_chapter>
  <DVD_discid>1</DVD_discid>
  <DVD_episodenumber>7.0</DVD_episodenumber>
  <DVD_season></DVD_season>
  <Director></Director>
  <EpImgFlag>1</EpImgFlag>
  <EpisodeName>Megatron Raid</EpisodeName>
  <EpisodeNumber>7</EpisodeNumber>
  <FirstAired>2004-03-13</FirstAired>
  <GuestStars></GuestStars>
  <IMDB_ID></IMDB_ID>
  <Language>en</Language>
  <Overview>After seeing what Megatron did to Hot Shot the Autobots end up in a stand off with the Decepticons. Megatron taunts Optimus Prime with his powerful sword but allows the Autobots to withdraw without a skirmish. Back at Ocean City, Hot Shot is lowered into an Energon pool for repairs while the Omnicons begin making duplicates of Megatron’s sword. A space bridge is detected near the city and the Autobots fly into action. </Overview>
  <ProductionCode></ProductionCode>
  <Rating>7.0</Rating>
  <RatingCount>1</RatingCount>
  <SeasonNumber>1</SeasonNumber>
  <Writer></Writer>
  <absolute_number></absolute_number>
  <filename>episodes/72776/96069.jpg</filename>
  <lastupdated>1253667084</lastupdated>
  <seasonid>4715</seasonid>
  <seriesid>72776</seriesid>
</Episode>
<Episode>
  <id>96070</id>
  <Combined_episodenumber>8.0</Combined_episodenumber>
  <Combined_season>1</Combined_season>
  <DVD_chapter></DVD_chapter>
  <DVD_discid>1</DVD_discid>
  <DVD_episodenumber>8.0</DVD_episodenumber>
  <DVD_season></DVD_season>
  <Director></Director>
  <EpImgFlag>1</EpImgFlag>
  <EpisodeName>Starscream The Mysterious Mercenary</EpisodeName>
  <EpisodeNumber>8</EpisodeNumber>
  <FirstAired>2004-04-09</FirstAired>
  <GuestStars></GuestStars>
  <IMDB_ID></IMDB_ID>
  <Language>en</Language>
  <Overview>A mysterious phantom assassin stalks Optimus Prime. Can Kicker and the Autobots protect Optimus and unmask the assassin before it is too late? </Overview>
  <ProductionCode></ProductionCode>
  <Rating>7.0</Rating>
  <RatingCount>2</RatingCount>
  <SeasonNumber>1</SeasonNumber>
  <Writer></Writer>
  <absolute_number></absolute_number>
  <filename>episodes/72776/96070.jpg</filename>
  <lastupdated>1253667103</lastupdated>
  <seasonid>4715</seasonid>
  <seriesid>72776</seriesid>
</Episode>
<Episode>
  <id>96071</id>
  <Combined_episodenumber>1.0</Combined_episodenumber>
  <Combined_season>1</Combined_season>
  <DVD_chapter></DVD_chapter>
  <DVD_discid>2</DVD_discid>
  <DVD_episodenumber>1.0</DVD_episodenumber>
  <DVD_season></DVD_season>
  <Director></Director>
  <EpImgFlag>1</EpImgFlag>
  <EpisodeName>Battle of the Asteroid Belt</EpisodeName>
  <EpisodeNumber>9</EpisodeNumber>
  <FirstAired>2004-04-09</FirstAired>
  <GuestStars></GuestStars>
  <IMDB_ID></IMDB_ID>
  <Language>en</Language>
  <Overview>In the partially destroyed control room of Luna City, Carlos tracks an unknown Transformer’s path to Asteroid City. Megatron, Scorponok &amp; Alpha Q know that Optimus Prime will follow Starscream to the Asteroid Belt. Scorponok sees this as an opportunity to destroy the Autobots, but Megatron exerts his power and heads off to Luna City in search of more Energon to take to Unicron. </Overview>
  <ProductionCode></ProductionCode>
  <Rating>7.0</Rating>
  <RatingCount>1</RatingCount>
  <SeasonNumber>1</SeasonNumber>
  <Writer></Writer>
  <absolute_number></absolute_number>
  <filename>episodes/72776/96071.jpg</filename>
  <lastupdated>1281851530</lastupdated>
  <seasonid>4715</seasonid>
  <seriesid>72776</seriesid>
</Episode>
<Episode>
  <id>96072</id>
  <Combined_episodenumber>10</Combined_episodenumber>
  <Combined_season>1</Combined_season>
  <DVD_chapter></DVD_chapter>
  <DVD_discid></DVD_discid>
  <DVD_episodenumber></DVD_episodenumber>
  <DVD_season></DVD_season>
  <Director></Director>
  <EpImgFlag>1</EpImgFlag>
  <EpisodeName>Energon Tower</EpisodeName>
  <EpisodeNumber>10</EpisodeNumber>
  <FirstAired>2004-04-09</FirstAired>
  <GuestStars></GuestStars>
  <IMDB_ID></IMDB_ID>
  <Language>en</Language>
  <Overview>Megatron gets a better sword that does much more damage than the one the Autobots have. The remains of Unicron are finally shown and then the Decepticons attack ocean city only to discover that the Autobots have an energon tower which activates during the battle. The energon tower destroys all the Terrorcons and causes pain for the Decepticons. Megatron pulls out.</Overview>
  <ProductionCode></ProductionCode>
  <Rating>7.0</Rating>
  <RatingCount>2</RatingCount>
  <SeasonNumber>1</SeasonNumber>
  <Writer></Writer>
  <absolute_number></absolute_number>
  <filename>episodes/72776/96072.jpg</filename>
  <lastupdated>1253667145</lastupdated>
  <seasonid>4715</seasonid>
  <seriesid>72776</seriesid>
</Episode>
<Episode>
  <id>96073</id>
  <Combined_episodenumber>11</Combined_episodenumber>
  <Combined_season>1</Combined_season>
  <DVD_chapter></DVD_chapter>
  <DVD_discid></DVD_discid>
  <DVD_episodenumber></DVD_episodenumber>
  <DVD_season></DVD_season>
  <Director></Director>
  <EpImgFlag>1</EpImgFlag>
  <EpisodeName>The Legend of Rodimus</EpisodeName>
  <EpisodeNumber>11</EpisodeNumber>
  <FirstAired>2004-04-09</FirstAired>
  <GuestStars></GuestStars>
  <IMDB_ID></IMDB_ID>
  <Language>en</Language>
  <Overview>Alpha Q prepares to bring Unicron to life, while yet another Energon Tower is secured into place. Below the city, Kicker searches for more energon with Ironhide, but has trouble because of a similar experience during his childhood which was caused on an energon expedition with his father. Kicker felt his father was more concerned with finding energon than his safety, and he'll never forgive him for it. Ironhide tells Kicker that he should respect his father and to punctuate his point, he tells Kicker about a legendary transformer named Rodimus, who was an inspirational leader that rallied a group of Autobots to escape the war and create a new world. He then leaves Kicker to fend for himself and confront his fears.</Overview>
  <ProductionCode></ProductionCode>
  <Rating>7.0</Rating>
  <RatingCount>2</RatingCount>
  <SeasonNumber>1</SeasonNumber>
  <Writer></Writer>
  <absolute_number></absolute_number>
  <filename>episodes/72776/96073.jpg</filename>
  <lastupdated>1281851510</lastupdated>
  <seasonid>4715</seasonid>
  <seriesid>72776</seriesid>
</Episode>
<Episode>
  <id>96074</id>
  <Combined_episodenumber>12</Combined_episodenumber>
  <Combined_season>1</Combined_season>
  <DVD_chapter></DVD_chapter>
  <DVD_discid></DVD_discid>
  <DVD_episodenumber></DVD_episodenumber>
  <DVD_season></DVD_season>
  <Director></Director>
  <EpImgFlag>1</EpImgFlag>
  <EpisodeName>Crisis in Jungle City</EpisodeName>
  <EpisodeNumber>12</EpisodeNumber>
  <FirstAired>2004-06-29</FirstAired>
  <GuestStars></GuestStars>
  <IMDB_ID></IMDB_ID>
  <Language>en</Language>
  <Overview>Kicker and Misha arrive in Jungle City, where helicopters come to complete the energon tower. But Alpha Q is not ready to let Earth go without a fight, and sends a group of stealth Terrorcons, named Command Ravage and Blackout. Unfortunately for him, both Kicker and Tidal Wave notice the Terrorcons, who are tunneling to avoid the base's defenses. In response, the Decepticons arrive via space bridge, and the energon mine and human allies are evacuated, but not before Misha requests that the pyramids near the city be protected.</Overview>
  <ProductionCode></ProductionCode>
  <Rating>7.0</Rating>
  <RatingCount>2</RatingCount>
  <SeasonNumber>1</SeasonNumber>
  <Writer></Writer>
  <absolute_number></absolute_number>
  <filename>episodes/72776/96074.jpg</filename>
  <lastupdated>1281851559</lastupdated>
  <seasonid>4715</seasonid>
  <seriesid>72776</seriesid>
</Episode>
<Episode>
  <id>96075</id>
  <Combined_episodenumber>13</Combined_episodenumber>
  <Combined_season>1</Combined_season>
  <DVD_chapter></DVD_chapter>
  <DVD_discid></DVD_discid>
  <DVD_episodenumber></DVD_episodenumber>
  <DVD_season></DVD_season>
  <Director></Director>
  <EpImgFlag>1</EpImgFlag>
  <EpisodeName>Kicker Beware</EpisodeName>
  <EpisodeNumber>13</EpisodeNumber>
  <FirstAired>2004-06-30</FirstAired>
  <GuestStars></GuestStars>
  <IMDB_ID></IMDB_ID>
  <Language>en</Language>
  <Overview>Megatron forces Demolishor to divulge the Autobots' secret of finding energon: Kicker. Scorponok interrupts with news that a Battle Ravage drone was captured by the Autobots and transferred to Lunar City, and no doubt are searching for energon. On the Moon, Kicker pretends to search for energon, but really knows there is none, but there is something alive on the barren world. On their journey, Kicker runs into Demolishor, under orders to kidnap Kicker with a group of Terrorcons. Optimus attempts a rescue, but is ambushed by the other Decepticons, while Rodimus and his team debate over interfering. Kicker refuses help from Ironhide and decides to go under capture, hoping to spy and find information on Alpha Q, who does contact him through a Terrorcon while simultaneously using Scorponok to destroy both factions, although Scorponok's attempts are unsuccessful. However, the tide soon changes as Lunar City, along with a large group of Omnicons, is revealed to be intact, enabling an energon grid which defeats the Decepticons and Terrorcons.

</Overview>
  <ProductionCode></ProductionCode>
  <Rating>7.0</Rating>
  <RatingCount>2</RatingCount>
  <SeasonNumber>1</SeasonNumber>
  <Writer></Writer>
  <absolute_number></absolute_number>
  <filename>episodes/72776/96075.jpg</filename>
  <lastupdated>1253667252</lastupdated>
  <seasonid>4715</seasonid>
  <seriesid>72776</seriesid>
</Episode>
<Episode>
  <id>96076</id>
  <Combined_episodenumber>14</Combined_episodenumber>
  <Combined_season>1</Combined_season>
  <DVD_chapter></DVD_chapter>
  <DVD_discid></DVD_discid>
  <DVD_episodenumber></DVD_episodenumber>
  <DVD_season></DVD_season>
  <Director></Director>
  <EpImgFlag>1</EpImgFlag>
  <EpisodeName>Energon Grid</EpisodeName>
  <EpisodeNumber>14</EpisodeNumber>
  <FirstAired>2004-07-01</FirstAired>
  <GuestStars></GuestStars>
  <IMDB_ID></IMDB_ID>
  <Language>en</Language>
  <Overview>Megatron has taken yet another plan, to create three meteors from Unicron and propel them at Earth before the energon grid has been completed, which he feels will &quot;strike fear in Optimus Prime.&quot; On Mars City, Carlos notifies Optimus, but Dr. Jones notices Desert City's Energon tower has a fault, rendering the Energon Grid useless. Kicker and the Autobots attempt to find the fault, which is a group of Blackout drones. Meanwhile, the comets enter Earth's atmosphere, but one is destroyed by Rodimus, aided by more mysterious Blackout drones.</Overview>
  <ProductionCode></ProductionCode>
  <Rating>7.0</Rating>
  <RatingCount>2</RatingCount>
  <SeasonNumber>1</SeasonNumber>
  <Writer></Writer>
  <absolute_number></absolute_number>
  <filename>episodes/72776/96076.jpg</filename>
  <lastupdated>1253667267</lastupdated>
  <seasonid>4715</seasonid>
  <seriesid>72776</seriesid>
</Episode>
<Episode>
  <id>96077</id>
  <Combined_episodenumber>15</Combined_episodenumber>
  <Combined_season>1</Combined_season>
  <DVD_chapter></DVD_chapter>
  <DVD_discid></DVD_discid>
  <DVD_episodenumber></DVD_episodenumber>
  <DVD_season></DVD_season>
  <Director></Director>
  <EpImgFlag>1</EpImgFlag>
  <EpisodeName>Rodimus: Friend or Foe?</EpisodeName>
  <EpisodeNumber>15</EpisodeNumber>
  <FirstAired>2004-07-02</FirstAired>
  <GuestStars></GuestStars>
  <IMDB_ID></IMDB_ID>
  <Language>en</Language>
  <Overview>While Snow Cat tests his Hyper Power against the Energon Grid, Megatron decides to go after Alpha Q instead of Earth after finding a Terrorcon spy. On Earth, the Autobots celebrate the Energon Grid, but Optimus calls a conference, telling him the Autobots will have to move their battle into space to defeat Unicron and the Decepticons. Outside, Hot Shot races out on a space bridge after receiving a secret message from Rodimus. He arrives on Mars, but runs into Scorponok and his Terrorcons attempting to collect Energon. Rodimus appears, and tells Hot Shot to not fire on the Alpha Q-allied bot, who escapes. Hot Shot questions Rodimus's actions, and is shocked that Rodimus says Unicron must be revived.</Overview>
  <ProductionCode></ProductionCode>
  <Rating>7.0</Rating>
  <RatingCount>2</RatingCount>
  <SeasonNumber>1</SeasonNumber>
  <Writer></Writer>
  <absolute_number></absolute_number>
  <filename>episodes/72776/96077.jpg</filename>
  <lastupdated>1281851632</lastupdated>
  <seasonid>4715</seasonid>
  <seriesid>72776</seriesid>
</Episode>
<Episode>
  <id>96078</id>
  <Combined_episodenumber>16</Combined_episodenumber>
  <Combined_season>1</Combined_season>
  <DVD_chapter></DVD_chapter>
  <DVD_discid></DVD_discid>
  <DVD_episodenumber></DVD_episodenumber>
  <DVD_season></DVD_season>
  <Director></Director>
  <EpImgFlag>1</EpImgFlag>
  <EpisodeName>Go for Unicron!</EpisodeName>
  <EpisodeNumber>16</EpisodeNumber>
  <FirstAired>2004-07-03</FirstAired>
  <GuestStars></GuestStars>
  <IMDB_ID></IMDB_ID>
  <Language>en</Language>
  <Overview>Carlos reports the locators on the two Terrorcons have concluded that the enemy has two bases (Megatron and Alpha Q), while Megatron's plan doesn't succeed as Team Rodimus comes to rescue Scorponok, making quick work of the Decepticons. After the report, Dr. Jones is unveiling a new starship to increase energon production, named the Miranda II. Optimus reveals their mission is twofold: they are also going to destroy Unicron, and they prepare to set up a space bridge. 
</Overview>
  <ProductionCode></ProductionCode>
  <Rating>7.0</Rating>
  <RatingCount>2</RatingCount>
  <SeasonNumber>1</SeasonNumber>
  <Writer></Writer>
  <absolute_number></absolute_number>
  <filename>episodes/72776/96078.jpg</filename>
  <lastupdated>1281851644</lastupdated>
  <seasonid>4715</seasonid>
  <seriesid>72776</seriesid>
</Episode>
<Episode>
  <id>96079</id>
  <Combined_episodenumber>17</Combined_episodenumber>
  <Combined_season>1</Combined_season>
  <DVD_chapter></DVD_chapter>
  <DVD_discid></DVD_discid>
  <DVD_episodenumber></DVD_episodenumber>
  <DVD_season></DVD_season>
  <Director></Director>
  <EpImgFlag>1</EpImgFlag>
  <EpisodeName>The Return of Demolisher</EpisodeName>
  <EpisodeNumber>17</EpisodeNumber>
  <FirstAired>2004-07-03</FirstAired>
  <GuestStars></GuestStars>
  <IMDB_ID></IMDB_ID>
  <Language>en</Language>
  <Overview>The Autobots dock their ship near a mysterious blizzard planet, which Kicker senses Energon on. But the Autobots face a new threat: for Demolishor is revived in a new body, with the ability to transform into a construction vehicle by Megatron. However, Tidal Wave interrupts, with Snow Cat reporting the Autobots' location. On the blizzard planet, the Miranda II is stuck between glaciers, unable to escape, so two groups are deployed: one to get the energon, the other to free the ship.</Overview>
  <ProductionCode></ProductionCode>
  <Rating>7.0</Rating>
  <RatingCount>2</RatingCount>
  <SeasonNumber>1</SeasonNumber>
  <Writer></Writer>
  <absolute_number></absolute_number>
  <filename>episodes/72776/96079.jpg</filename>
  <lastupdated>1281851669</lastupdated>
  <seasonid>4715</seasonid>
  <seriesid>72776</seriesid>
</Episode>
<Episode>
  <id>96080</id>
  <Combined_episodenumber>18</Combined_episodenumber>
  <Combined_season>1</Combined_season>
  <DVD_chapter></DVD_chapter>
  <DVD_discid></DVD_discid>
  <DVD_episodenumber></DVD_episodenumber>
  <DVD_season></DVD_season>
  <Director></Director>
  <EpImgFlag>1</EpImgFlag>
  <EpisodeName>A Tale of Two Heroes</EpisodeName>
  <EpisodeNumber>18</EpisodeNumber>
  <FirstAired>2004-07-03</FirstAired>
  <GuestStars></GuestStars>
  <IMDB_ID></IMDB_ID>
  <Language>en</Language>
  <Overview>Escalating tensions reach their boiling point as Optimus Prime and Rodimus clash over difference of their ideals over the menace of Unicron!</Overview>
  <ProductionCode></ProductionCode>
  <Rating>7.0</Rating>
  <RatingCount>2</RatingCount>
  <SeasonNumber>1</SeasonNumber>
  <Writer></Writer>
  <absolute_number></absolute_number>
  <filename>episodes/72776/96080.jpg</filename>
  <lastupdated>1281851683</lastupdated>
  <seasonid>4715</seasonid>
  <seriesid>72776</seriesid>
</Episode>
<Episode>
  <id>96081</id>
  <Combined_episodenumber>19</Combined_episodenumber>
  <Combined_season>1</Combined_season>
  <DVD_chapter></DVD_chapter>
  <DVD_discid></DVD_discid>
  <DVD_episodenumber></DVD_episodenumber>
  <DVD_season></DVD_season>
  <Director></Director>
  <EpImgFlag>1</EpImgFlag>
  <EpisodeName>Battle Stations</EpisodeName>
  <EpisodeNumber>19</EpisodeNumber>
  <FirstAired>2004-07-03</FirstAired>
  <GuestStars></GuestStars>
  <IMDB_ID></IMDB_ID>
  <Language>en</Language>
  <Overview>Unicron’s body is rapidly reviving, much to Megatron’s delight. Optimus Prime pilots the Miranda II into Unicron’s body in an attempt to destroy it from the inside, but Unicron attempts to crush the Autobots and their ship! </Overview>
  <ProductionCode></ProductionCode>
  <Rating>7.0</Rating>
  <RatingCount>2</RatingCount>
  <SeasonNumber>1</SeasonNumber>
  <Writer></Writer>
  <absolute_number></absolute_number>
  <filename>episodes/72776/96081.jpg</filename>
  <lastupdated>1253667409</lastupdated>
  <seasonid>4715</seasonid>
  <seriesid>72776</seriesid>
</Episode>
<Episode>
  <id>96082</id>
  <Combined_episodenumber>20</Combined_episodenumber>
  <Combined_season>1</Combined_season>
  <DVD_chapter></DVD_chapter>
  <DVD_discid></DVD_discid>
  <DVD_episodenumber></DVD_episodenumber>
  <DVD_season></DVD_season>
  <Director></Director>
  <EpImgFlag>1</EpImgFlag>
  <EpisodeName>Alpha Q: Identity</EpisodeName>
  <EpisodeNumber>20</EpisodeNumber>
  <FirstAired>2004-07-03</FirstAired>
  <GuestStars></GuestStars>
  <IMDB_ID></IMDB_ID>
  <Language>en</Language>
  <Overview>Kicker confronts Alpha Q deep within Unicron mangning to get the Quintesson to expose his secrets and origins. </Overview>
  <ProductionCode></ProductionCode>
  <Rating>7.0</Rating>
  <RatingCount>2</RatingCount>
  <SeasonNumber>1</SeasonNumber>
  <Writer></Writer>
  <absolute_number></absolute_number>
  <filename>episodes/72776/96082.jpg</filename>
  <lastupdated>1332116796</lastupdated>
  <seasonid>4715</seasonid>
  <seriesid>72776</seriesid>
</Episode>
<Episode>
  <id>96083</id>
  <Combined_episodenumber>21</Combined_episodenumber>
  <Combined_season>1</Combined_season>
  <DVD_chapter></DVD_chapter>
  <DVD_discid></DVD_discid>
  <DVD_episodenumber></DVD_episodenumber>
  <DVD_season></DVD_season>
  <Director></Director>
  <EpImgFlag>1</EpImgFlag>
  <EpisodeName>Shockblast: Rampage</EpisodeName>
  <EpisodeNumber>21</EpisodeNumber>
  <FirstAired>2004-07-03</FirstAired>
  <GuestStars></GuestStars>
  <IMDB_ID></IMDB_ID>
  <Language>en</Language>
  <Overview>As the Autobots scramble to defeat the Decepticons, the sadistic Shockblast is released from captivity on Cybertron! </Overview>
  <ProductionCode></ProductionCode>
  <Rating>7.0</Rating>
  <RatingCount>2</RatingCount>
  <SeasonNumber>1</SeasonNumber>
  <Writer></Writer>
  <absolute_number></absolute_number>
  <filename>episodes/72776/96083.jpg</filename>
  <lastupdated>1253667437</lastupdated>
  <seasonid>4715</seasonid>
  <seriesid>72776</seriesid>
</Episode>
<Episode>
  <id>96084</id>
  <Combined_episodenumber>22</Combined_episodenumber>
  <Combined_season>1</Combined_season>
  <DVD_chapter></DVD_chapter>
  <DVD_discid></DVD_discid>
  <DVD_episodenumber></DVD_episodenumber>
  <DVD_season></DVD_season>
  <Director></Director>
  <EpImgFlag>1</EpImgFlag>
  <EpisodeName>Survival Instincts</EpisodeName>
  <EpisodeNumber>22</EpisodeNumber>
  <FirstAired>2004-09-04</FirstAired>
  <GuestStars></GuestStars>
  <IMDB_ID></IMDB_ID>
  <Language>en</Language>
  <Overview>Several Decepticon spaceships manage to escape Cybertron and arrive at Unicron’s body where Megatron surveys his forces. Over in Unicron’s head, Optimus Prime meets with Alpha Q. Suddenly, both Unicron parts come alive! Decepticons are attacked and destroyed in great numbers and Megatron is trapped while Unicron’s head goes out of control. </Overview>
  <ProductionCode></ProductionCode>
  <Rating>7.0</Rating>
  <RatingCount>2</RatingCount>
  <SeasonNumber>1</SeasonNumber>
  <Writer></Writer>
  <absolute_number></absolute_number>
  <filename>episodes/72776/96084.jpg</filename>
  <lastupdated>1253667452</lastupdated>
  <seasonid>4715</seasonid>
  <seriesid>72776</seriesid>
</Episode>
<Episode>
  <id>96085</id>
  <Combined_episodenumber>23</Combined_episodenumber>
  <Combined_season>1</Combined_season>
  <DVD_chapter></DVD_chapter>
  <DVD_discid></DVD_discid>
  <DVD_episodenumber></DVD_episodenumber>
  <DVD_season></DVD_season>
  <Director></Director>
  <EpImgFlag>1</EpImgFlag>
  <EpisodeName>Each One Fights...</EpisodeName>
  <EpisodeNumber>23</EpisodeNumber>
  <FirstAired>2004-09-04</FirstAired>
  <GuestStars></GuestStars>
  <IMDB_ID></IMDB_ID>
  <Language>en</Language>
  <Overview>Megatron is plotting to feed Cybertron to Unicron! The Decepticon army is battered and Shockblast forms an elite unit of those few who are intact. Optimus Prime and Rodimus team up and head off to defend Cybertron, leaving Kicker to deal with the injured Alpha Q.</Overview>
  <ProductionCode></ProductionCode>
  <Rating>7.0</Rating>
  <RatingCount>2</RatingCount>
  <SeasonNumber>1</SeasonNumber>
  <Writer></Writer>
  <absolute_number></absolute_number>
  <filename>episodes/72776/96085.jpg</filename>
  <lastupdated>1253667469</lastupdated>
  <seasonid>4715</seasonid>
  <seriesid>72776</seriesid>
</Episode>
<Episode>
  <id>96086</id>
  <Combined_episodenumber>24</Combined_episodenumber>
  <Combined_season>1</Combined_season>
  <DVD_chapter></DVD_chapter>
  <DVD_discid></DVD_discid>
  <DVD_episodenumber></DVD_episodenumber>
  <DVD_season></DVD_season>
  <Director></Director>
  <EpImgFlag>1</EpImgFlag>
  <EpisodeName>Unicron Unleashed</EpisodeName>
  <EpisodeNumber>24</EpisodeNumber>
  <FirstAired>2004-09-04</FirstAired>
  <GuestStars></GuestStars>
  <IMDB_ID></IMDB_ID>
  <Language>en</Language>
  <Overview>The battle continues on Cybertron as Optimus Prime and Rodimus once again act as one team. The Decepticons are able to cause more tears in the Energon grid, allowing Megatron to swoop down with the Terrorcons, bent on stealing the Energon from the core. Optimus Prime realizes that they must leave Cybertron and fight from Unicron’s head. </Overview>
  <ProductionCode></ProductionCode>
  <Rating>7.0</Rating>
  <RatingCount>1</RatingCount>
  <SeasonNumber>1</SeasonNumber>
  <Writer></Writer>
  <absolute_number></absolute_number>
  <filename>episodes/72776/96086.jpg</filename>
  <lastupdated>1253667484</lastupdated>
  <seasonid>4715</seasonid>
  <seriesid>72776</seriesid>
</Episode>
<Episode>
  <id>96087</id>
  <Combined_episodenumber>25</Combined_episodenumber>
  <Combined_season>1</Combined_season>
  <DVD_chapter></DVD_chapter>
  <DVD_discid></DVD_discid>
  <DVD_episodenumber></DVD_episodenumber>
  <DVD_season></DVD_season>
  <Director></Director>
  <EpImgFlag>1</EpImgFlag>
  <EpisodeName>Open Fire!</EpisodeName>
  <EpisodeNumber>25</EpisodeNumber>
  <FirstAired>2004-09-04</FirstAired>
  <GuestStars></GuestStars>
  <IMDB_ID></IMDB_ID>
  <Language>en</Language>
  <Overview>Megatron and Optimus Prime are set to face off in a final showdown - until Shockblast interferes. </Overview>
  <ProductionCode></ProductionCode>
  <Rating>7.0</Rating>
  <RatingCount>1</RatingCount>
  <SeasonNumber>1</SeasonNumber>
  <Writer></Writer>
  <absolute_number></absolute_number>
  <filename>episodes/72776/96087.jpg</filename>
  <lastupdated>1253667498</lastupdated>
  <seasonid>4715</seasonid>
  <seriesid>72776</seriesid>
</Episode>
<Episode>
  <id>96088</id>
  <Combined_episodenumber>26</Combined_episodenumber>
  <Combined_season>1</Combined_season>
  <DVD_chapter></DVD_chapter>
  <DVD_discid></DVD_discid>
  <DVD_episodenumber></DVD_episodenumber>
  <DVD_season></DVD_season>
  <Director></Director>
  <EpImgFlag>1</EpImgFlag>
  <EpisodeName>Ripped Up Space</EpisodeName>
  <EpisodeNumber>26</EpisodeNumber>
  <FirstAired>2004-09-04</FirstAired>
  <GuestStars></GuestStars>
  <IMDB_ID></IMDB_ID>
  <Language>en</Language>
  <Overview>In an attempt to regain control of Unicron, Megatron accidentally causes an explosion that rips a hole right through the very fabric of the Universe! </Overview>
  <ProductionCode></ProductionCode>
  <Rating>7.0</Rating>
  <RatingCount>1</RatingCount>
  <SeasonNumber>1</SeasonNumber>
  <Writer></Writer>
  <absolute_number></absolute_number>
  <filename>episodes/72776/96088.jpg</filename>
  <lastupdated>1253667522</lastupdated>
  <seasonid>4715</seasonid>
  <seriesid>72776</seriesid>
</Episode>
<Episode>
  <id>96089</id>
  <Combined_episodenumber>27</Combined_episodenumber>
  <Combined_season>1</Combined_season>
  <DVD_chapter></DVD_chapter>
  <DVD_discid></DVD_discid>
  <DVD_episodenumber></DVD_episodenumber>
  <DVD_season></DVD_season>
  <Director></Director>
  <EpImgFlag>1</EpImgFlag>
  <EpisodeName>Team Optimus Prime</EpisodeName>
  <EpisodeNumber>27</EpisodeNumber>
  <FirstAired>2004-09-04</FirstAired>
  <GuestStars></GuestStars>
  <IMDB_ID></IMDB_ID>
  <Language>en</Language>
  <Overview>Recap episode. Megatron escapes into a black hole and Optimus Prime decides to give chase, even though he doesn’t know what he will find on the other side. Kicker joins his Autobot friends on their mission and pilots the Miranda II into the black hole. Meanwhile back on earth, Dr. Jones monitors the situation and ignores the government agents who want to speak with him about his involvement with earth’s energon reserves. </Overview>
  <ProductionCode></ProductionCode>
  <Rating>7.0</Rating>
  <RatingCount>2</RatingCount>
  <SeasonNumber>1</SeasonNumber>
  <Writer></Writer>
  <absolute_number></absolute_number>
  <filename>episodes/72776/96089.jpg</filename>
  <lastupdated>1253667544</lastupdated>
  <seasonid>4715</seasonid>
  <seriesid>72776</seriesid>
</Episode>
<Episode>
  <id>96090</id>
  <Combined_episodenumber>28</Combined_episodenumber>
  <Combined_season>1</Combined_season>
  <DVD_chapter></DVD_chapter>
  <DVD_discid></DVD_discid>
  <DVD_episodenumber></DVD_episodenumber>
  <DVD_season></DVD_season>
  <Director></Director>
  <EpImgFlag>1</EpImgFlag>
  <EpisodeName>Protection</EpisodeName>
  <EpisodeNumber>28</EpisodeNumber>
  <FirstAired>2004-11-01</FirstAired>
  <GuestStars></GuestStars>
  <IMDB_ID></IMDB_ID>
  <Language>en</Language>
  <Overview>On the other side of the rip, the Autobots must now defend a whole new set of planets, and Wing Saber finally gets the chance to re-capture his prisoner. </Overview>
  <ProductionCode></ProductionCode>
  <Rating>7.0</Rating>
  <RatingCount>1</RatingCount>
  <SeasonNumber>1</SeasonNumber>
  <Writer></Writer>
  <absolute_number></absolute_number>
  <filename>episodes/72776/96090.jpg</filename>
  <lastupdated>1253667561</lastupdated>
  <seasonid>4715</seasonid>
  <seriesid>72776</seriesid>
</Episode>
<Episode>
  <id>96091</id>
  <Combined_episodenumber>29</Combined_episodenumber>
  <Combined_season>1</Combined_season>
  <DVD_chapter></DVD_chapter>
  <DVD_discid></DVD_discid>
  <DVD_episodenumber></DVD_episodenumber>
  <DVD_season></DVD_season>
  <Director></Director>
  <EpImgFlag>1</EpImgFlag>
  <EpisodeName>Imprisoned Inferno</EpisodeName>
  <EpisodeNumber>29</EpisodeNumber>
  <FirstAired>2004-11-02</FirstAired>
  <GuestStars></GuestStars>
  <IMDB_ID></IMDB_ID>
  <Language>en</Language>
  <Overview>Inferno gets into a Decepticon trap while guarding Shockblast.</Overview>
  <ProductionCode></ProductionCode>
  <Rating>7.0</Rating>
  <RatingCount>2</RatingCount>
  <SeasonNumber>1</SeasonNumber>
  <Writer></Writer>
  <absolute_number></absolute_number>
  <filename>episodes/72776/96091.jpg</filename>
  <lastupdated>1253667587</lastupdated>
  <seasonid>4715</seasonid>
  <seriesid>72776</seriesid>
</Episode>
<Episode>
  <id>96092</id>
  <Combined_episodenumber>30</Combined_episodenumber>
  <Combined_season>1</Combined_season>
  <DVD_chapter></DVD_chapter>
  <DVD_discid></DVD_discid>
  <DVD_episodenumber></DVD_episodenumber>
  <DVD_season></DVD_season>
  <Director></Director>
  <EpImgFlag>1</EpImgFlag>
  <EpisodeName>Jungle Planet</EpisodeName>
  <EpisodeNumber>30</EpisodeNumber>
  <FirstAired>2004-11-03</FirstAired>
  <GuestStars></GuestStars>
  <IMDB_ID></IMDB_ID>
  <Language>en</Language>
  <Overview>Team Bulkhead searches for the Autobots, while Kicker and Ironhide search for Inferno on the Jungle Planet. Inferno, who was previously affected by the Decepticons into embracing the dark side, is saved by Kicker after learning of a Decepticon attack, whom tracked Inferno's decepticon mark right to the planet.</Overview>
  <ProductionCode></ProductionCode>
  <Rating>7.0</Rating>
  <RatingCount>2</RatingCount>
  <SeasonNumber>1</SeasonNumber>
  <Writer></Writer>
  <absolute_number></absolute_number>
  <filename>episodes/72776/96092.jpg</filename>
  <lastupdated>1253667622</lastupdated>
  <seasonid>4715</seasonid>
  <seriesid>72776</seriesid>
</Episode>
<Episode>
  <id>96093</id>
  <Combined_episodenumber>31</Combined_episodenumber>
  <Combined_season>1</Combined_season>
  <DVD_chapter></DVD_chapter>
  <DVD_discid></DVD_discid>
  <DVD_episodenumber></DVD_episodenumber>
  <DVD_season></DVD_season>
  <Director></Director>
  <EpImgFlag>1</EpImgFlag>
  <EpisodeName>Bulkhead</EpisodeName>
  <EpisodeNumber>31</EpisodeNumber>
  <FirstAired>2004-11-04</FirstAired>
  <GuestStars></GuestStars>
  <IMDB_ID></IMDB_ID>
  <Language>en</Language>
  <Overview>The Autobots go to put up an Energon tower on Jungle planet but Megatron isn't going to let that happen without a fight.</Overview>
  <ProductionCode></ProductionCode>
  <Rating>7.0</Rating>
  <RatingCount>1</RatingCount>
  <SeasonNumber>1</SeasonNumber>
  <Writer></Writer>
  <absolute_number></absolute_number>
  <filename>episodes/72776/96093.jpg</filename>
  <lastupdated>1253667637</lastupdated>
  <seasonid>4715</seasonid>
  <seriesid>72776</seriesid>
</Episode>
<Episode>
  <id>96094</id>
  <Combined_episodenumber>32</Combined_episodenumber>
  <Combined_season>1</Combined_season>
  <DVD_chapter></DVD_chapter>
  <DVD_discid></DVD_discid>
  <DVD_episodenumber></DVD_episodenumber>
  <DVD_season></DVD_season>
  <Director></Director>
  <EpImgFlag>1</EpImgFlag>
  <EpisodeName>Farewell Inferno</EpisodeName>
  <EpisodeNumber>32</EpisodeNumber>
  <FirstAired>2004-11-05</FirstAired>
  <GuestStars></GuestStars>
  <IMDB_ID></IMDB_ID>
  <Language>en</Language>
  <Overview>Inferno uses his decepticon &quot;half&quot; to bait Megatron. In the end, Inferno sacrifices himself in the sun to defeat the decepticons.</Overview>
  <ProductionCode></ProductionCode>
  <Rating>7.0</Rating>
  <RatingCount>2</RatingCount>
  <SeasonNumber>1</SeasonNumber>
  <Writer></Writer>
  <absolute_number></absolute_number>
  <filename>episodes/72776/96094.jpg</filename>
  <lastupdated>1253667666</lastupdated>
  <seasonid>4715</seasonid>
  <seriesid>72776</seriesid>
</Episode>
<Episode>
  <id>96095</id>
  <Combined_episodenumber>33</Combined_episodenumber>
  <Combined_season>1</Combined_season>
  <DVD_chapter></DVD_chapter>
  <DVD_discid></DVD_discid>
  <DVD_episodenumber></DVD_episodenumber>
  <DVD_season></DVD_season>
  <Director></Director>
  <EpImgFlag></EpImgFlag>
  <EpisodeName>Scorponok's Scars</EpisodeName>
  <EpisodeNumber>33</EpisodeNumber>
  <FirstAired></FirstAired>
  <GuestStars></GuestStars>
  <IMDB_ID></IMDB_ID>
  <Language>en</Language>
  <Overview>It is revealed that the spark within Scorponok is not actually that of the grand chamberlain of Planet Q - his spark was completely extinguished in his last act of sacrifice. Alpha Q instead used the wandering Spark of a Decepticon to recreate Scorponok, programming to act and think the way the real Scorponok did.</Overview>
  <ProductionCode></ProductionCode>
  <Rating>7.0</Rating>
  <RatingCount>1</RatingCount>
  <SeasonNumber>1</SeasonNumber>
  <Writer></Writer>
  <absolute_number></absolute_number>
  <filename></filename>
  <lastupdated>1253667683</lastupdated>
  <seasonid>4715</seasonid>
  <seriesid>72776</seriesid>
</Episode>
<Episode>
  <id>96096</id>
  <Combined_episodenumber>34</Combined_episodenumber>
  <Combined_season>1</Combined_season>
  <DVD_chapter></DVD_chapter>
  <DVD_discid></DVD_discid>
  <DVD_episodenumber></DVD_episodenumber>
  <DVD_season></DVD_season>
  <Director></Director>
  <EpImgFlag>1</EpImgFlag>
  <EpisodeName>Crash Course</EpisodeName>
  <EpisodeNumber>34</EpisodeNumber>
  <FirstAired>2004-11-08</FirstAired>
  <GuestStars></GuestStars>
  <IMDB_ID></IMDB_ID>
  <Language>en</Language>
  <Overview>The Autobots have spare time so Rodimus authorizes a race for the Autobots.</Overview>
  <ProductionCode></ProductionCode>
  <Rating>7.0</Rating>
  <RatingCount>1</RatingCount>
  <SeasonNumber>1</SeasonNumber>
  <Writer></Writer>
  <absolute_number></absolute_number>
  <filename>episodes/72776/96096.jpg</filename>
  <lastupdated>1253667702</lastupdated>
  <seasonid>4715</seasonid>
  <seriesid>72776</seriesid>
</Episode>
<Episode>
  <id>96097</id>
  <Combined_episodenumber>35</Combined_episodenumber>
  <Combined_season>1</Combined_season>
  <DVD_chapter></DVD_chapter>
  <DVD_discid></DVD_discid>
  <DVD_episodenumber></DVD_episodenumber>
  <DVD_season></DVD_season>
  <Director></Director>
  <EpImgFlag>1</EpImgFlag>
  <EpisodeName>Omega Supreme</EpisodeName>
  <EpisodeNumber>35</EpisodeNumber>
  <FirstAired>2004-11-09</FirstAired>
  <GuestStars></GuestStars>
  <IMDB_ID></IMDB_ID>
  <Language>en</Language>
  <Overview>The sleeping giant is awake and ready to help, just when the Autobots need it the most... </Overview>
  <ProductionCode></ProductionCode>
  <Rating>7.0</Rating>
  <RatingCount>2</RatingCount>
  <SeasonNumber>1</SeasonNumber>
  <Writer></Writer>
  <absolute_number></absolute_number>
  <filename>episodes/72776/96097.jpg</filename>
  <lastupdated>1253667734</lastupdated>
  <seasonid>4715</seasonid>
  <seriesid>72776</seriesid>
</Episode>
<Episode>
  <id>96098</id>
  <Combined_episodenumber>36</Combined_episodenumber>
  <Combined_season>1</Combined_season>
  <DVD_chapter></DVD_chapter>
  <DVD_discid></DVD_discid>
  <DVD_episodenumber></DVD_episodenumber>
  <DVD_season></DVD_season>
  <Director></Director>
  <EpImgFlag>1</EpImgFlag>
  <EpisodeName>A Heroic Battle</EpisodeName>
  <EpisodeNumber>36</EpisodeNumber>
  <FirstAired>2004-11-10</FirstAired>
  <GuestStars></GuestStars>
  <IMDB_ID></IMDB_ID>
  <Language>en</Language>
  <Overview>Unicron is complete! Now Optimus Prime must use his Spark of Combination to Powerlink with Omega Supreme - be will it be enough to stop the Chaos Bringer? </Overview>
  <ProductionCode></ProductionCode>
  <Rating>7.0</Rating>
  <RatingCount>1</RatingCount>
  <SeasonNumber>1</SeasonNumber>
  <Writer></Writer>
  <absolute_number></absolute_number>
  <filename>episodes/72776/96098.jpg</filename>
  <lastupdated>1253667751</lastupdated>
  <seasonid>4715</seasonid>
  <seriesid>72776</seriesid>
</Episode>
<Episode>
  <id>96099</id>
  <Combined_episodenumber>37</Combined_episodenumber>
  <Combined_season>1</Combined_season>
  <DVD_chapter></DVD_chapter>
  <DVD_discid></DVD_discid>
  <DVD_episodenumber></DVD_episodenumber>
  <DVD_season></DVD_season>
  <Director></Director>
  <EpImgFlag>1</EpImgFlag>
  <EpisodeName>The Power of Unicron</EpisodeName>
  <EpisodeNumber>37</EpisodeNumber>
  <FirstAired>2004-11-11</FirstAired>
  <GuestStars></GuestStars>
  <IMDB_ID></IMDB_ID>
  <Language>en</Language>
  <Overview>The Autobots find a weak spot in Unicron's armor. Meanwhile, some very interesting transformations are taking place on the Decepticon team... </Overview>
  <ProductionCode></ProductionCode>
  <Rating>7.0</Rating>
  <RatingCount>1</RatingCount>
  <SeasonNumber>1</SeasonNumber>
  <Writer></Writer>
  <absolute_number></absolute_number>
  <filename>episodes/72776/96099.jpg</filename>
  <lastupdated>1253667770</lastupdated>
  <seasonid>4715</seasonid>
  <seriesid>72776</seriesid>
</Episode>
<Episode>
  <id>96100</id>
  <Combined_episodenumber>38</Combined_episodenumber>
  <Combined_season>1</Combined_season>
  <DVD_chapter></DVD_chapter>
  <DVD_discid></DVD_discid>
  <DVD_episodenumber></DVD_episodenumber>
  <DVD_season></DVD_season>
  <Director></Director>
  <EpImgFlag>1</EpImgFlag>
  <EpisodeName>Optimus Supreme</EpisodeName>
  <EpisodeNumber>38</EpisodeNumber>
  <FirstAired>2004-11-25</FirstAired>
  <GuestStars></GuestStars>
  <IMDB_ID></IMDB_ID>
  <Language>en</Language>
  <Overview>The Ice planet was destroyed by Unicron. All autobots can't save it and almost all of them got wounded from Unicron's attack.</Overview>
  <ProductionCode></ProductionCode>
  <Rating>7.0</Rating>
  <RatingCount>1</RatingCount>
  <SeasonNumber>1</SeasonNumber>
  <Writer></Writer>
  <absolute_number></absolute_number>
  <filename>episodes/72776/96100.jpg</filename>
  <lastupdated>1281851362</lastupdated>
  <seasonid>4715</seasonid>
  <seriesid>72776</seriesid>
</Episode>
<Episode>
  <id>96101</id>
  <Combined_episodenumber>39</Combined_episodenumber>
  <Combined_season>1</Combined_season>
  <DVD_chapter></DVD_chapter>
  <DVD_discid></DVD_discid>
  <DVD_episodenumber></DVD_episodenumber>
  <DVD_season></DVD_season>
  <Director></Director>
  <EpImgFlag>1</EpImgFlag>
  <EpisodeName>Unicron Perishes</EpisodeName>
  <EpisodeNumber>39</EpisodeNumber>
  <FirstAired>2004-11-25</FirstAired>
  <GuestStars></GuestStars>
  <IMDB_ID></IMDB_ID>
  <Language>en</Language>
  <Overview>on dies but Megatron survives with unicron's mind living inside him.</Overview>
  <ProductionCode></ProductionCode>
  <Rating>7.0</Rating>
  <RatingCount>1</RatingCount>
  <SeasonNumber>1</SeasonNumber>
  <Writer></Writer>
  <absolute_number></absolute_number>
  <filename>episodes/72776/96101.jpg</filename>
  <lastupdated>1253667903</lastupdated>
  <seasonid>4715</seasonid>
  <seriesid>72776</seriesid>
</Episode>
<Episode>
  <id>96102</id>
  <Combined_episodenumber>40</Combined_episodenumber>
  <Combined_season>1</Combined_season>
  <DVD_chapter></DVD_chapter>
  <DVD_discid></DVD_discid>
  <DVD_episodenumber></DVD_episodenumber>
  <DVD_season></DVD_season>
  <Director></Director>
  <EpImgFlag>1</EpImgFlag>
  <EpisodeName>Ambition</EpisodeName>
  <EpisodeNumber>40</EpisodeNumber>
  <FirstAired>2005-01-19</FirstAired>
  <GuestStars></GuestStars>
  <IMDB_ID></IMDB_ID>
  <Language>en</Language>
  <Overview>The Decepticons, Megatron, Starscream, and Scorponok attacks Cybertron. Optimus Prime and the other Autobots, aboard the Miranda II, travelled to Cybertron to save the planet.</Overview>
  <ProductionCode></ProductionCode>
  <Rating></Rating>
  <RatingCount>0</RatingCount>
  <SeasonNumber>1</SeasonNumber>
  <Writer></Writer>
  <absolute_number></absolute_number>
  <filename>episodes/72776/96102.jpg</filename>
  <lastupdated>1253667919</lastupdated>
  <seasonid>4715</seasonid>
  <seriesid>72776</seriesid>
</Episode>
<Episode>
  <id>96103</id>
  <Combined_episodenumber>41</Combined_episodenumber>
  <Combined_season>1</Combined_season>
  <DVD_chapter></DVD_chapter>
  <DVD_discid></DVD_discid>
  <DVD_episodenumber></DVD_episodenumber>
  <DVD_season></DVD_season>
  <Director></Director>
  <EpImgFlag>1</EpImgFlag>
  <EpisodeName>Wishes</EpisodeName>
  <EpisodeNumber>41</EpisodeNumber>
  <FirstAired>2005-01-20</FirstAired>
  <GuestStars></GuestStars>
  <IMDB_ID></IMDB_ID>
  <Language>en</Language>
  <Overview>Using Unicron, Megatron has discovered a powerful source of energy: Super Energon. By immersing himself in the liquid, he is transformed into Galvatron, with a new purple armor which makes him impervious to all forms of firepower. However, he awakens the guardians of the energon, who chose to join him- Constructicon and Bruticus Maximus. However, the third guardian- Superion Maximus, escapes, so he sends his new minions after him. </Overview>
  <ProductionCode></ProductionCode>
  <Rating>7.0</Rating>
  <RatingCount>1</RatingCount>
  <SeasonNumber>1</SeasonNumber>
  <Writer></Writer>
  <absolute_number></absolute_number>
  <filename>episodes/72776/96103.jpg</filename>
  <lastupdated>1253667951</lastupdated>
  <seasonid>4715</seasonid>
  <seriesid>72776</seriesid>
</Episode>
<Episode>
  <id>96104</id>
  <Combined_episodenumber>42</Combined_episodenumber>
  <Combined_season>1</Combined_season>
  <DVD_chapter></DVD_chapter>
  <DVD_discid></DVD_discid>
  <DVD_episodenumber></DVD_episodenumber>
  <DVD_season></DVD_season>
  <Director></Director>
  <EpImgFlag>1</EpImgFlag>
  <EpisodeName>Galvatron!</EpisodeName>
  <EpisodeNumber>42</EpisodeNumber>
  <FirstAired>2005-01-21</FirstAired>
  <GuestStars></GuestStars>
  <IMDB_ID></IMDB_ID>
  <Language>en</Language>
  <Overview>Galvatron has Sixshot start moving Cybertron towards the planet where Alpha Q's &quot;soul&quot; is. The Miranda II gets hit and crashes into Cybertron.</Overview>
  <ProductionCode></ProductionCode>
  <Rating>7.0</Rating>
  <RatingCount>1</RatingCount>
  <SeasonNumber>1</SeasonNumber>
  <Writer></Writer>
  <absolute_number></absolute_number>
  <filename>episodes/72776/96104.jpg</filename>
  <lastupdated>1253667969</lastupdated>
  <seasonid>4715</seasonid>
  <seriesid>72776</seriesid>
</Episode>
<Episode>
  <id>96105</id>
  <Combined_episodenumber>43</Combined_episodenumber>
  <Combined_season>1</Combined_season>
  <DVD_chapter></DVD_chapter>
  <DVD_discid></DVD_discid>
  <DVD_episodenumber></DVD_episodenumber>
  <DVD_season></DVD_season>
  <Director></Director>
  <EpImgFlag>1</EpImgFlag>
  <EpisodeName>Break Through</EpisodeName>
  <EpisodeNumber>43</EpisodeNumber>
  <FirstAired>2005-05-18</FirstAired>
  <GuestStars></GuestStars>
  <IMDB_ID></IMDB_ID>
  <Language>en</Language>
  <Overview>Optimus Prime and the other Autobots try to breakthrough the energon grid and then later have to go under ground</Overview>
  <ProductionCode>143</ProductionCode>
  <Rating>7.0</Rating>
  <RatingCount>1</RatingCount>
  <SeasonNumber>1</SeasonNumber>
  <Writer></Writer>
  <absolute_number></absolute_number>
  <filename>episodes/72776/96105.jpg</filename>
  <lastupdated>1332119708</lastupdated>
  <seasonid>4715</seasonid>
  <seriesid>72776</seriesid>
</Episode>
<Episode>
  <id>96106</id>
  <Combined_episodenumber>44</Combined_episodenumber>
  <Combined_season>1</Combined_season>
  <DVD_chapter></DVD_chapter>
  <DVD_discid></DVD_discid>
  <DVD_episodenumber></DVD_episodenumber>
  <DVD_season></DVD_season>
  <Director></Director>
  <EpImgFlag>1</EpImgFlag>
  <EpisodeName>Distribution</EpisodeName>
  <EpisodeNumber>44</EpisodeNumber>
  <FirstAired>2005-05-19</FirstAired>
  <GuestStars></GuestStars>
  <IMDB_ID></IMDB_ID>
  <Language>en</Language>
  <Overview>The Autobots battle, but this time in cyberspace, a virtual training program. While Alpha Q watches from the sidelines, Six Shot hacks into the program and enables the Decepticons to play in the game. </Overview>
  <ProductionCode>144</ProductionCode>
  <Rating>7.0</Rating>
  <RatingCount>1</RatingCount>
  <SeasonNumber>1</SeasonNumber>
  <Writer></Writer>
  <absolute_number></absolute_number>
  <filename>episodes/72776/96106.jpg</filename>
  <lastupdated>1253668019</lastupdated>
  <seasonid>4715</seasonid>
  <seriesid>72776</seriesid>
</Episode>
<Episode>
  <id>96107</id>
  <Combined_episodenumber>45</Combined_episodenumber>
  <Combined_season>1</Combined_season>
  <DVD_chapter></DVD_chapter>
  <DVD_discid></DVD_discid>
  <DVD_episodenumber></DVD_episodenumber>
  <DVD_season></DVD_season>
  <Director></Director>
  <EpImgFlag>1</EpImgFlag>
  <EpisodeName>The Omega Train</EpisodeName>
  <EpisodeNumber>45</EpisodeNumber>
  <FirstAired>2005-05-01</FirstAired>
  <GuestStars></GuestStars>
  <IMDB_ID></IMDB_ID>
  <Language>en</Language>
  <Overview>The Autobots split up and with the help of other autobot rebels they attempt to find and free Kickers family and Cybertron. Megatron gets Cybertron through the space bridge. Alpha Q seems to think that Galvatron has &quot;lost his marbles&quot; and Ironhide has an &quot;inflated ego&quot;.</Overview>
  <ProductionCode>145</ProductionCode>
  <Rating>7.0</Rating>
  <RatingCount>1</RatingCount>
  <SeasonNumber>1</SeasonNumber>
  <Writer></Writer>
  <absolute_number></absolute_number>
  <filename>episodes/72776/96107.jpg</filename>
  <lastupdated>1253668038</lastupdated>
  <seasonid>4715</seasonid>
  <seriesid>72776</seriesid>
</Episode>
<Episode>
  <id>96108</id>
  <Combined_episodenumber>46</Combined_episodenumber>
  <Combined_season>1</Combined_season>
  <DVD_chapter></DVD_chapter>
  <DVD_discid></DVD_discid>
  <DVD_episodenumber></DVD_episodenumber>
  <DVD_season></DVD_season>
  <Director></Director>
  <EpImgFlag>1</EpImgFlag>
  <EpisodeName>Deception Army</EpisodeName>
  <EpisodeNumber>46</EpisodeNumber>
  <FirstAired>2005-05-23</FirstAired>
  <GuestStars></GuestStars>
  <IMDB_ID></IMDB_ID>
  <Language>en</Language>
  <Overview>Kicker searches for his family below Cybertron, while Galvatron and a damaged Optimus square off on the planet's surface.</Overview>
  <ProductionCode>146</ProductionCode>
  <Rating>7.0</Rating>
  <RatingCount>1</RatingCount>
  <SeasonNumber>1</SeasonNumber>
  <Writer></Writer>
  <absolute_number></absolute_number>
  <filename>episodes/72776/96108.jpg</filename>
  <lastupdated>1253668052</lastupdated>
  <seasonid>4715</seasonid>
  <seriesid>72776</seriesid>
</Episode>
<Episode>
  <id>96109</id>
  <Combined_episodenumber>47</Combined_episodenumber>
  <Combined_season>1</Combined_season>
  <DVD_chapter></DVD_chapter>
  <DVD_discid></DVD_discid>
  <DVD_episodenumber></DVD_episodenumber>
  <DVD_season></DVD_season>
  <Director></Director>
  <EpImgFlag>1</EpImgFlag>
  <EpisodeName>Ironhide Team</EpisodeName>
  <EpisodeNumber>47</EpisodeNumber>
  <FirstAired>2005-05-24</FirstAired>
  <GuestStars></GuestStars>
  <IMDB_ID></IMDB_ID>
  <Language>en</Language>
  <Overview>The Autobots are in disarray trying to avoid detection from Galvatron, while Ironhide faces a showdown with Scorponok.</Overview>
  <ProductionCode>147</ProductionCode>
  <Rating></Rating>
  <RatingCount>0</RatingCount>
  <SeasonNumber>1</SeasonNumber>
  <Writer></Writer>
  <absolute_number></absolute_number>
  <filename>episodes/72776/96109.jpg</filename>
  <lastupdated>1253666597</lastupdated>
  <seasonid>4715</seasonid>
  <seriesid>72776</seriesid>
</Episode>
<Episode>
  <id>96110</id>
  <Combined_episodenumber>48</Combined_episodenumber>
  <Combined_season>1</Combined_season>
  <DVD_chapter></DVD_chapter>
  <DVD_discid></DVD_discid>
  <DVD_episodenumber></DVD_episodenumber>
  <DVD_season></DVD_season>
  <Director></Director>
  <EpImgFlag>1</EpImgFlag>
  <EpisodeName>Formidable</EpisodeName>
  <EpisodeNumber>48</EpisodeNumber>
  <FirstAired>2005-05-25</FirstAired>
  <GuestStars></GuestStars>
  <IMDB_ID></IMDB_ID>
  <Language>en</Language>
  <Overview>The Autobots try to break into the control room to stop Cybertron getting through the Warp Gate, while Optimus looks for Unicron...</Overview>
  <ProductionCode>148</ProductionCode>
  <Rating>7.0</Rating>
  <RatingCount>2</RatingCount>
  <SeasonNumber>1</SeasonNumber>
  <Writer></Writer>
  <absolute_number></absolute_number>
  <filename>episodes/72776/96110.jpg</filename>
  <lastupdated>1253666608</lastupdated>
  <seasonid>4715</seasonid>
  <seriesid>72776</seriesid>
</Episode>
<Episode>
  <id>96111</id>
  <Combined_episodenumber>49</Combined_episodenumber>
  <Combined_season>1</Combined_season>
  <DVD_chapter></DVD_chapter>
  <DVD_discid></DVD_discid>
  <DVD_episodenumber></DVD_episodenumber>
  <DVD_season></DVD_season>
  <Director></Director>
  <EpImgFlag>1</EpImgFlag>
  <EpisodeName>Galvatron Terror</EpisodeName>
  <EpisodeNumber>49</EpisodeNumber>
  <FirstAired>2005-05-26</FirstAired>
  <GuestStars></GuestStars>
  <IMDB_ID></IMDB_ID>
  <Language>en</Language>
  <Overview>With Optimus Prime's power at its peak, Galvatron plans to use the super energon pool to fight him. However, Six Shot has other ideas...</Overview>
  <ProductionCode>149</ProductionCode>
  <Rating>7.0</Rating>
  <RatingCount>2</RatingCount>
  <SeasonNumber>1</SeasonNumber>
  <Writer></Writer>
  <absolute_number></absolute_number>
  <filename>episodes/72776/96111.jpg</filename>
  <lastupdated>1253666618</lastupdated>
  <seasonid>4715</seasonid>
  <seriesid>72776</seriesid>
</Episode>
<Episode>
  <id>96112</id>
  <Combined_episodenumber>50</Combined_episodenumber>
  <Combined_season>1</Combined_season>
  <DVD_chapter></DVD_chapter>
  <DVD_discid></DVD_discid>
  <DVD_episodenumber></DVD_episodenumber>
  <DVD_season></DVD_season>
  <Director></Director>
  <EpImgFlag>1</EpImgFlag>
  <EpisodeName>Destructive Power</EpisodeName>
  <EpisodeNumber>50</EpisodeNumber>
  <FirstAired>2005-05-27</FirstAired>
  <GuestStars></GuestStars>
  <IMDB_ID></IMDB_ID>
  <Language>en</Language>
  <Overview>A band of super energon causes Galvatron to grow bigger and more powerful than ever, while the Autobots formulate a plan to bring him back down to size.</Overview>
  <ProductionCode>150</ProductionCode>
  <Rating>7.0</Rating>
  <RatingCount>2</RatingCount>
  <SeasonNumber>1</SeasonNumber>
  <Writer></Writer>
  <absolute_number></absolute_number>
  <filename>episodes/72776/96112.jpg</filename>
  <lastupdated>1253666631</lastupdated>
  <seasonid>4715</seasonid>
  <seriesid>72776</seriesid>
</Episode>
<Episode>
  <id>96113</id>
  <Combined_episodenumber>51</Combined_episodenumber>
  <Combined_season>1</Combined_season>
  <DVD_chapter></DVD_chapter>
  <DVD_discid></DVD_discid>
  <DVD_episodenumber></DVD_episodenumber>
  <DVD_season></DVD_season>
  <Director></Director>
  <EpImgFlag>1</EpImgFlag>
  <EpisodeName>Spark</EpisodeName>
  <EpisodeNumber>51</EpisodeNumber>
  <FirstAired>2005-05-31</FirstAired>
  <GuestStars></GuestStars>
  <IMDB_ID></IMDB_ID>
  <Language>en</Language>
  <Overview>Galvatron has grown to enormous portions with the power of Unicron growing in him and is headed in to deep space. Shadowing him is a host of Autobots, included Optimus Prime. No one can quite figure out his destination and Optimus sees this as his final opportunity to take down Galvatron once and for all. </Overview>
  <ProductionCode>151</ProductionCode>
  <Rating>7.0</Rating>
  <RatingCount>2</RatingCount>
  <SeasonNumber>1</SeasonNumber>
  <Writer></Writer>
  <absolute_number></absolute_number>
  <filename>episodes/72776/96113.jpg</filename>
  <lastupdated>1253668122</lastupdated>
  <seasonid>4715</seasonid>
  <seriesid>72776</seriesid>
</Episode>
<Episode>
  <id>96114</id>
  <Combined_episodenumber>52</Combined_episodenumber>
  <Combined_season>1</Combined_season>
  <DVD_chapter></DVD_chapter>
  <DVD_discid></DVD_discid>
  <DVD_episodenumber></DVD_episodenumber>
  <DVD_season></DVD_season>
  <Director></Director>
  <EpImgFlag>1</EpImgFlag>
  <EpisodeName>The Sun</EpisodeName>
  <EpisodeNumber>52</EpisodeNumber>
  <FirstAired>2005-06-01</FirstAired>
  <GuestStars></GuestStars>
  <IMDB_ID></IMDB_ID>
  <Language>en</Language>
  <Overview>Kicker send Optimus the sun as in the form of energon to help destroy Galavtron.</Overview>
  <ProductionCode>152</ProductionCode>
  <Rating>7.0</Rating>
  <RatingCount>2</RatingCount>
  <SeasonNumber>1</SeasonNumber>
  <Writer></Writer>
  <absolute_number></absolute_number>
  <filename>episodes/72776/96114.jpg</filename>
  <lastupdated>1253668180</lastupdated>
  <seasonid>4715</seasonid>
  <seriesid>72776</seriesid>
</Episode>
</Data>