<?xml version="1.0" encoding="UTF-8" ?>
<Actors>
<Actor>
  <id>77330</id>
  <Image>actors/77330.jpg</Image>
  <Name>Michael Coleman</Name>
  <Role>Chase</Role>
  <SortOrder>3</SortOrder>
</Actor>
<Actor>
  <id>77329</id>
  <Image>actors/77329.jpg</Image>
  <Name>Jay Leggett </Name>
  <Role>Gus</Role>
  <SortOrder>3</SortOrder>
</Actor>
<Actor>
  <id>77328</id>
  <Image>actors/77328.jpg</Image>
  <Name>David Pasquesi </Name>
  <Role>Smitty</Role>
  <SortOrder>3</SortOrder>
</Actor>
<Actor>
  <id>77327</id>
  <Image>actors/77327.jpg</Image>
  <Name>Mitch Rouse </Name>
  <Role>Gary</Role>
  <SortOrder>3</SortOrder>
</Actor>
</Actors>