<?xml version="1.0" encoding="UTF-8" ?>
<Data><Series>
  <id>82404</id>
  <Actors>|Michael Coleman|Jay Leggett |David Pasquesi |Mitch Rouse |</Actors>
  <Airs_DayOfWeek>Sunday</Airs_DayOfWeek>
  <Airs_Time>10:00pm</Airs_Time>
  <ContentRating>TV-14</ContentRating>
  <FirstAired>2008-06-29</FirstAired>
  <Genre>|Comedy|</Genre>
  <IMDB_ID></IMDB_ID>
  <Language>en</Language>
  <Network>Spike TV</Network>
  <NetworkID></NetworkID>
  <Overview>Factory is the story of four guys who grew up together in the same small town, who drank a lot of beer, and dreamt of one day making a name for themselves. The four guys are still friends and still drink a lot of beer, only now they all work in the town's local factory. When not figuring out new ways to avoid doing their jobs, the guys are usually trying to appease their wives and girlfriends, without great success. When a work-related accident creates a job opening, the guys have to decide who should get the promotion, which unfortunately might require actual work.</Overview>
  <Rating>5.5</Rating>
  <RatingCount>2</RatingCount>
  <Runtime>30</Runtime>
  <SeriesID>75587</SeriesID>
  <SeriesName>Factory (Spike)</SeriesName>
  <Status>Ended</Status>
  <added></added>
  <addedBy></addedBy>
  <banner>graphical/82404-g3.jpg</banner>
  <fanart></fanart>
  <lastupdated>1360328997</lastupdated>
  <poster>posters/82404-2.jpg</poster>
  <zap2it_id></zap2it_id>
</Series>
<Episode>
  <id>373830</id>
  <Combined_episodenumber>1</Combined_episodenumber>
  <Combined_season>1</Combined_season>
  <DVD_chapter></DVD_chapter>
  <DVD_discid></DVD_discid>
  <DVD_episodenumber></DVD_episodenumber>
  <DVD_season></DVD_season>
  <Director></Director>
  <EpImgFlag>2</EpImgFlag>
  <EpisodeName>The Pilot</EpisodeName>
  <EpisodeNumber>1</EpisodeNumber>
  <FirstAired>2008-06-29</FirstAired>
  <GuestStars></GuestStars>
  <IMDB_ID></IMDB_ID>
  <Language>en</Language>
  <Overview>An untimely death at the factory pits four coworkers against each other as they vie for the new opening in the inaugural episode of the sitcom series.</Overview>
  <ProductionCode></ProductionCode>
  <Rating>6.0</Rating>
  <RatingCount>1</RatingCount>
  <SeasonNumber>1</SeasonNumber>
  <Writer></Writer>
  <absolute_number></absolute_number>
  <filename>episodes/82404/373830.jpg</filename>
  <lastupdated>1234826920</lastupdated>
  <seasonid>33441</seasonid>
  <seriesid>82404</seriesid>
</Episode>
<Episode>
  <id>374497</id>
  <Combined_episodenumber>2</Combined_episodenumber>
  <Combined_season>1</Combined_season>
  <DVD_chapter></DVD_chapter>
  <DVD_discid></DVD_discid>
  <DVD_episodenumber></DVD_episodenumber>
  <DVD_season></DVD_season>
  <Director></Director>
  <EpImgFlag>2</EpImgFlag>
  <EpisodeName>The Lemon</EpisodeName>
  <EpisodeNumber>2</EpisodeNumber>
  <FirstAired>2008-07-06</FirstAired>
  <GuestStars></GuestStars>
  <IMDB_ID></IMDB_ID>
  <Language>en</Language>
  <Overview>Gary has some trouble with the town's creepy car dealer and the guys go on an adventure to save Tracy from a sorority party.</Overview>
  <ProductionCode></ProductionCode>
  <Rating>7.0</Rating>
  <RatingCount>1</RatingCount>
  <SeasonNumber>1</SeasonNumber>
  <Writer></Writer>
  <absolute_number></absolute_number>
  <filename>episodes/82404/374497.jpg</filename>
  <lastupdated>1234826953</lastupdated>
  <seasonid>33441</seasonid>
  <seriesid>82404</seriesid>
</Episode>
<Episode>
  <id>375274</id>
  <Combined_episodenumber>3</Combined_episodenumber>
  <Combined_season>1</Combined_season>
  <DVD_chapter></DVD_chapter>
  <DVD_discid></DVD_discid>
  <DVD_episodenumber></DVD_episodenumber>
  <DVD_season></DVD_season>
  <Director></Director>
  <EpImgFlag>2</EpImgFlag>
  <EpisodeName>The Drug Test</EpisodeName>
  <EpisodeNumber>3</EpisodeNumber>
  <FirstAired>2008-07-13</FirstAired>
  <GuestStars></GuestStars>
  <IMDB_ID></IMDB_ID>
  <Language>en</Language>
  <Overview>After a bag of marijuana is found in the locker room, drug counselors are sent to the factory. Elsewhere, the guy's wives are finding it thrilling to break the law. </Overview>
  <ProductionCode></ProductionCode>
  <Rating></Rating>
  <RatingCount>0</RatingCount>
  <SeasonNumber>1</SeasonNumber>
  <Writer></Writer>
  <absolute_number></absolute_number>
  <filename>episodes/82404/375274.jpg</filename>
  <lastupdated>1234826985</lastupdated>
  <seasonid>33441</seasonid>
  <seriesid>82404</seriesid>
</Episode>
<Episode>
  <id>376818</id>
  <Combined_episodenumber>4</Combined_episodenumber>
  <Combined_season>1</Combined_season>
  <DVD_chapter></DVD_chapter>
  <DVD_discid></DVD_discid>
  <DVD_episodenumber></DVD_episodenumber>
  <DVD_season></DVD_season>
  <Director>Mitch Rouse</Director>
  <EpImgFlag>2</EpImgFlag>
  <EpisodeName>Builtgood Screwcutter 5000</EpisodeName>
  <EpisodeNumber>4</EpisodeNumber>
  <FirstAired>2008-07-20</FirstAired>
  <GuestStars></GuestStars>
  <IMDB_ID></IMDB_ID>
  <Language>en</Language>
  <Overview>A new piece of machinery makes its debut on the factory floor, and Chase promptly cuts his finger off. As he and Gus attempt to woo an attractive nurse, Gary and Smitty decide to goof off around the hospital.</Overview>
  <ProductionCode></ProductionCode>
  <Rating></Rating>
  <RatingCount>0</RatingCount>
  <SeasonNumber>1</SeasonNumber>
  <Writer></Writer>
  <absolute_number></absolute_number>
  <filename>episodes/82404/376818.jpg</filename>
  <lastupdated>1234827023</lastupdated>
  <seasonid>33441</seasonid>
  <seriesid>82404</seriesid>
</Episode>
<Episode>
  <id>377958</id>
  <Combined_episodenumber>5</Combined_episodenumber>
  <Combined_season>1</Combined_season>
  <DVD_chapter></DVD_chapter>
  <DVD_discid></DVD_discid>
  <DVD_episodenumber></DVD_episodenumber>
  <DVD_season></DVD_season>
  <Director></Director>
  <EpImgFlag></EpImgFlag>
  <EpisodeName>Model Employee</EpisodeName>
  <EpisodeNumber>5</EpisodeNumber>
  <FirstAired>2008-07-27</FirstAired>
  <GuestStars></GuestStars>
  <IMDB_ID></IMDB_ID>
  <Language>en</Language>
  <Overview>The guys try to look sexy after they learn that one of their peers will be posing for a &quot;Blue Collar Boys&quot; calendar.</Overview>
  <ProductionCode></ProductionCode>
  <Rating></Rating>
  <RatingCount>0</RatingCount>
  <SeasonNumber>1</SeasonNumber>
  <Writer></Writer>
  <absolute_number></absolute_number>
  <filename></filename>
  <lastupdated>1217606191</lastupdated>
  <seasonid>33441</seasonid>
  <seriesid>82404</seriesid>
</Episode>
<Episode>
  <id>378685</id>
  <Combined_episodenumber>6</Combined_episodenumber>
  <Combined_season>1</Combined_season>
  <DVD_chapter></DVD_chapter>
  <DVD_discid></DVD_discid>
  <DVD_episodenumber></DVD_episodenumber>
  <DVD_season></DVD_season>
  <Director></Director>
  <EpImgFlag></EpImgFlag>
  <EpisodeName>Camping</EpisodeName>
  <EpisodeNumber>6</EpisodeNumber>
  <FirstAired>2008-08-03</FirstAired>
  <GuestStars></GuestStars>
  <IMDB_ID></IMDB_ID>
  <Language>en</Language>
  <Overview>The middle school's career day finds Smitty and Gary upstaged by a butcher. Meanwhile, the guys find a way to bond while on a camping trip, drinking alcohol. </Overview>
  <ProductionCode></ProductionCode>
  <Rating></Rating>
  <RatingCount>0</RatingCount>
  <SeasonNumber>1</SeasonNumber>
  <Writer></Writer>
  <absolute_number></absolute_number>
  <filename></filename>
  <lastupdated>1217887086</lastupdated>
  <seasonid>33441</seasonid>
  <seriesid>82404</seriesid>
</Episode>
</Data>