<?xml version="1.0" encoding="UTF-8" ?>
<Actors>
<Actor>
  <id>283227</id>
  <Image>actors/283227.jpg</Image>
  <Name>Claire Danes</Name>
  <Role>Carrie Mathison</Role>
  <SortOrder>0</SortOrder>
</Actor>
<Actor>
  <id>289352</id>
  <Image>actors/289352.jpg</Image>
  <Name>Damian Lewis</Name>
  <Role>Nicholas Brody</Role>
  <SortOrder>1</SortOrder>
</Actor>
<Actor>
  <id>289353</id>
  <Image>actors/289353.jpg</Image>
  <Name>Mandy Patinkin</Name>
  <Role>Saul Berenson</Role>
  <SortOrder>2</SortOrder>
</Actor>
<Actor>
  <id>306519</id>
  <Image>actors/306519.jpg</Image>
  <Name>Jamey Sheridan</Name>
  <Role>William Walden</Role>
  <SortOrder>3</SortOrder>
</Actor>
<Actor>
  <id>303632</id>
  <Image>actors/303632.jpg</Image>
  <Name>Brianna Brown</Name>
  <Role>Lynne Reed</Role>
  <SortOrder>3</SortOrder>
</Actor>
<Actor>
  <id>289358</id>
  <Image>actors/289358.jpg</Image>
  <Name>Jackson Pace</Name>
  <Role>Chris Brody</Role>
  <SortOrder>3</SortOrder>
</Actor>
<Actor>
  <id>289357</id>
  <Image>actors/289357.jpg</Image>
  <Name>Morgan Saylor</Name>
  <Role>Dana Brody</Role>
  <SortOrder>3</SortOrder>
</Actor>
<Actor>
  <id>289356</id>
  <Image>actors/289356.jpg</Image>
  <Name>Diego Klattenhoff</Name>
  <Role>Mike Faber</Role>
  <SortOrder>3</SortOrder>
</Actor>
<Actor>
  <id>289355</id>
  <Image>actors/289355.jpg</Image>
  <Name>David Harewood</Name>
  <Role>David Estes</Role>
  <SortOrder>3</SortOrder>
</Actor>
<Actor>
  <id>289354</id>
  <Image>actors/289354.jpg</Image>
  <Name>Morena Baccarin</Name>
  <Role>Jessica Brody</Role>
  <SortOrder>3</SortOrder>
</Actor>
</Actors>