<?xml version="1.0" encoding="UTF-8" ?>
<Banners>
<Banner>
  <id>904176</id>
  <BannerPath>fanart/original/247897-13.jpg</BannerPath>
  <BannerType>fanart</BannerType>
  <BannerType2>1920x1080</BannerType2>
  <Colors></Colors>
  <Language>en</Language>
  <Rating>8.2857</Rating>
  <RatingCount>7</RatingCount>
  <SeriesName>false</SeriesName>
  <ThumbnailPath>_cache/fanart/original/247897-13.jpg</ThumbnailPath>
  <VignettePath>fanart/vignette/247897-13.jpg</VignettePath>
</Banner>
<Banner>
  <id>875274</id>
  <BannerPath>fanart/original/247897-2.jpg</BannerPath>
  <BannerType>fanart</BannerType>
  <BannerType2>1280x720</BannerType2>
  <Colors>|38,90,114|18,34,34|234,205,201|</Colors>
  <Language>en</Language>
  <Rating>7.6154</Rating>
  <RatingCount>13</RatingCount>
  <SeriesName>false</SeriesName>
  <ThumbnailPath>_cache/fanart/original/247897-2.jpg</ThumbnailPath>
  <VignettePath>fanart/vignette/247897-2.jpg</VignettePath>
</Banner>
<Banner>
  <id>879198</id>
  <BannerPath>fanart/original/247897-6.jpg</BannerPath>
  <BannerType>fanart</BannerType>
  <BannerType2>1920x1080</BannerType2>
  <Colors>|252,196,163|194,173,146|219,188,144|</Colors>
  <Language>en</Language>
  <Rating>7.0000</Rating>
  <RatingCount>3</RatingCount>
  <SeriesName>false</SeriesName>
  <ThumbnailPath>_cache/fanart/original/247897-6.jpg</ThumbnailPath>
  <VignettePath>fanart/vignette/247897-6.jpg</VignettePath>
</Banner>
<Banner>
  <id>892827</id>
  <BannerPath>fanart/original/247897-10.jpg</BannerPath>
  <BannerType>fanart</BannerType>
  <BannerType2>1920x1080</BannerType2>
  <Colors></Colors>
  <Language>de</Language>
  <Rating>6.5000</Rating>
  <RatingCount>4</RatingCount>
  <SeriesName>false</SeriesName>
  <ThumbnailPath>_cache/fanart/original/247897-10.jpg</ThumbnailPath>
  <VignettePath>fanart/vignette/247897-10.jpg</VignettePath>
</Banner>
<Banner>
  <id>931068</id>
  <BannerPath>fanart/original/247897-17.jpg</BannerPath>
  <BannerType>fanart</BannerType>
  <BannerType2>1280x720</BannerType2>
  <Colors></Colors>
  <Language>en</Language>
  <Rating>6.3333</Rating>
  <RatingCount>3</RatingCount>
  <SeriesName>false</SeriesName>
  <ThumbnailPath>_cache/fanart/original/247897-17.jpg</ThumbnailPath>
  <VignettePath>fanart/vignette/247897-17.jpg</VignettePath>
</Banner>
<Banner>
  <id>875286</id>
  <BannerPath>fanart/original/247897-5.jpg</BannerPath>
  <BannerType>fanart</BannerType>
  <BannerType2>1280x720</BannerType2>
  <Colors>|16,46,38|18,18,16|92,118,93|</Colors>
  <Language>de</Language>
  <Rating>6.3333</Rating>
  <RatingCount>3</RatingCount>
  <SeriesName>false</SeriesName>
  <ThumbnailPath>_cache/fanart/original/247897-5.jpg</ThumbnailPath>
  <VignettePath>fanart/vignette/247897-5.jpg</VignettePath>
</Banner>
<Banner>
  <id>886340</id>
  <BannerPath>fanart/original/247897-7.jpg</BannerPath>
  <BannerType>fanart</BannerType>
  <BannerType2>1280x720</BannerType2>
  <Colors></Colors>
  <Language>en</Language>
  <Rating>6.0000</Rating>
  <RatingCount>3</RatingCount>
  <SeriesName>true</SeriesName>
  <ThumbnailPath>_cache/fanart/original/247897-7.jpg</ThumbnailPath>
  <VignettePath>fanart/vignette/247897-7.jpg</VignettePath>
</Banner>
<Banner>
  <id>860537</id>
  <BannerPath>fanart/original/247897-1.jpg</BannerPath>
  <BannerType>fanart</BannerType>
  <BannerType2>1920x1080</BannerType2>
  <Colors></Colors>
  <Language>en</Language>
  <Rating>5.7500</Rating>
  <RatingCount>4</RatingCount>
  <SeriesName>false</SeriesName>
  <ThumbnailPath>_cache/fanart/original/247897-1.jpg</ThumbnailPath>
  <VignettePath>fanart/vignette/247897-1.jpg</VignettePath>
</Banner>
<Banner>
  <id>931069</id>
  <BannerPath>fanart/original/247897-19.jpg</BannerPath>
  <BannerType>fanart</BannerType>
  <BannerType2>1280x720</BannerType2>
  <Colors></Colors>
  <Language>en</Language>
  <Rating>5.0000</Rating>
  <RatingCount>2</RatingCount>
  <SeriesName>false</SeriesName>
  <ThumbnailPath>_cache/fanart/original/247897-19.jpg</ThumbnailPath>
  <VignettePath>fanart/vignette/247897-19.jpg</VignettePath>
</Banner>
<Banner>
  <id>875280</id>
  <BannerPath>fanart/original/247897-4.jpg</BannerPath>
  <BannerType>fanart</BannerType>
  <BannerType2>1280x720</BannerType2>
  <Colors>|21,13,10|35,35,27|213,164,123|</Colors>
  <Language>de</Language>
  <Rating>5.0000</Rating>
  <RatingCount>1</RatingCount>
  <SeriesName>false</SeriesName>
  <ThumbnailPath>_cache/fanart/original/247897-4.jpg</ThumbnailPath>
  <VignettePath>fanart/vignette/247897-4.jpg</VignettePath>
</Banner>
<Banner>
  <id>931808</id>
  <BannerPath>fanart/original/247897-21.jpg</BannerPath>
  <BannerType>fanart</BannerType>
  <BannerType2>1920x1080</BannerType2>
  <Colors></Colors>
  <Language>en</Language>
  <Rating>4.5000</Rating>
  <RatingCount>2</RatingCount>
  <SeriesName>false</SeriesName>
  <ThumbnailPath>_cache/fanart/original/247897-21.jpg</ThumbnailPath>
  <VignettePath>fanart/vignette/247897-21.jpg</VignettePath>
</Banner>
<Banner>
  <id>931965</id>
  <BannerPath>fanart/original/247897-24.jpg</BannerPath>
  <BannerType>fanart</BannerType>
  <BannerType2>1920x1080</BannerType2>
  <Colors></Colors>
  <Language>en</Language>
  <Rating>4.5000</Rating>
  <RatingCount>2</RatingCount>
  <SeriesName>false</SeriesName>
  <ThumbnailPath>_cache/fanart/original/247897-24.jpg</ThumbnailPath>
  <VignettePath>fanart/vignette/247897-24.jpg</VignettePath>
</Banner>
<Banner>
  <id>928475</id>
  <BannerPath>fanart/original/247897-18.jpg</BannerPath>
  <BannerType>fanart</BannerType>
  <BannerType2>1920x1080</BannerType2>
  <Colors></Colors>
  <Language>en</Language>
  <Rating>4.5000</Rating>
  <RatingCount>2</RatingCount>
  <SeriesName>false</SeriesName>
  <ThumbnailPath>_cache/fanart/original/247897-18.jpg</ThumbnailPath>
  <VignettePath>fanart/vignette/247897-18.jpg</VignettePath>
</Banner>
<Banner>
  <id>904198</id>
  <BannerPath>fanart/original/247897-15.jpg</BannerPath>
  <BannerType>fanart</BannerType>
  <BannerType2>1920x1080</BannerType2>
  <Colors></Colors>
  <Language>en</Language>
  <Rating></Rating>
  <RatingCount>0</RatingCount>
  <SeriesName>false</SeriesName>
  <ThumbnailPath>_cache/fanart/original/247897-15.jpg</ThumbnailPath>
  <VignettePath>fanart/vignette/247897-15.jpg</VignettePath>
</Banner>
<Banner>
  <id>931909</id>
  <BannerPath>fanart/original/247897-22.jpg</BannerPath>
  <BannerType>fanart</BannerType>
  <BannerType2>1920x1080</BannerType2>
  <Colors></Colors>
  <Language>en</Language>
  <Rating></Rating>
  <RatingCount>0</RatingCount>
  <SeriesName>false</SeriesName>
  <ThumbnailPath>_cache/fanart/original/247897-22.jpg</ThumbnailPath>
  <VignettePath>fanart/vignette/247897-22.jpg</VignettePath>
</Banner>
<Banner>
  <id>926915</id>
  <BannerPath>fanart/original/247897-14.jpg</BannerPath>
  <BannerType>fanart</BannerType>
  <BannerType2>1280x720</BannerType2>
  <Colors></Colors>
  <Language>de</Language>
  <Rating></Rating>
  <RatingCount>0</RatingCount>
  <SeriesName>false</SeriesName>
  <ThumbnailPath>_cache/fanart/original/247897-14.jpg</ThumbnailPath>
  <VignettePath>fanart/vignette/247897-14.jpg</VignettePath>
</Banner>
<Banner>
  <id>887927</id>
  <BannerPath>fanart/original/247897-8.jpg</BannerPath>
  <BannerType>fanart</BannerType>
  <BannerType2>1920x1080</BannerType2>
  <Colors>|197,196,201|239,215,215|186,180,166|</Colors>
  <Language>en</Language>
  <Rating></Rating>
  <RatingCount>0</RatingCount>
  <SeriesName>false</SeriesName>
  <ThumbnailPath>_cache/fanart/original/247897-8.jpg</ThumbnailPath>
  <VignettePath>fanart/vignette/247897-8.jpg</VignettePath>
</Banner>
<Banner>
  <id>894927</id>
  <BannerPath>fanart/original/247897-12.jpg</BannerPath>
  <BannerType>fanart</BannerType>
  <BannerType2>1920x1080</BannerType2>
  <Colors></Colors>
  <Language>en</Language>
  <Rating></Rating>
  <RatingCount>0</RatingCount>
  <SeriesName>false</SeriesName>
  <ThumbnailPath>_cache/fanart/original/247897-12.jpg</ThumbnailPath>
  <VignettePath>fanart/vignette/247897-12.jpg</VignettePath>
</Banner>
<Banner>
  <id>892826</id>
  <BannerPath>fanart/original/247897-9.jpg</BannerPath>
  <BannerType>fanart</BannerType>
  <BannerType2>1920x1080</BannerType2>
  <Colors></Colors>
  <Language>de</Language>
  <Rating></Rating>
  <RatingCount>0</RatingCount>
  <SeriesName>false</SeriesName>
  <ThumbnailPath>_cache/fanart/original/247897-9.jpg</ThumbnailPath>
  <VignettePath>fanart/vignette/247897-9.jpg</VignettePath>
</Banner>
<Banner>
  <id>888468</id>
  <BannerPath>fanart/original/247897-3.jpg</BannerPath>
  <BannerType>fanart</BannerType>
  <BannerType2>1280x720</BannerType2>
  <Colors></Colors>
  <Language>en</Language>
  <Rating></Rating>
  <RatingCount>0</RatingCount>
  <SeriesName>false</SeriesName>
  <ThumbnailPath>_cache/fanart/original/247897-3.jpg</ThumbnailPath>
  <VignettePath>fanart/vignette/247897-3.jpg</VignettePath>
</Banner>
<Banner>
  <id>892829</id>
  <BannerPath>fanart/original/247897-11.jpg</BannerPath>
  <BannerType>fanart</BannerType>
  <BannerType2>1920x1080</BannerType2>
  <Colors></Colors>
  <Language>de</Language>
  <Rating></Rating>
  <RatingCount>0</RatingCount>
  <SeriesName>false</SeriesName>
  <ThumbnailPath>_cache/fanart/original/247897-11.jpg</ThumbnailPath>
  <VignettePath>fanart/vignette/247897-11.jpg</VignettePath>
</Banner>
<Banner>
  <id>935632</id>
  <BannerPath>fanart/original/247897-20.jpg</BannerPath>
  <BannerType>fanart</BannerType>
  <BannerType2>1920x1080</BannerType2>
  <Colors>|224,187,143|45,34,28|249,217,194|</Colors>
  <Language>en</Language>
  <Rating></Rating>
  <RatingCount>0</RatingCount>
  <SeriesName>false</SeriesName>
  <ThumbnailPath>_cache/fanart/original/247897-20.jpg</ThumbnailPath>
  <VignettePath>fanart/vignette/247897-20.jpg</VignettePath>
</Banner>
<Banner>
  <id>929634</id>
  <BannerPath>fanart/original/247897-16.jpg</BannerPath>
  <BannerType>fanart</BannerType>
  <BannerType2>1920x1080</BannerType2>
  <Colors></Colors>
  <Language>en</Language>
  <Rating></Rating>
  <RatingCount>0</RatingCount>
  <SeriesName>false</SeriesName>
  <ThumbnailPath>_cache/fanart/original/247897-16.jpg</ThumbnailPath>
  <VignettePath>fanart/vignette/247897-16.jpg</VignettePath>
</Banner>
<Banner>
  <id>950226</id>
  <BannerPath>fanart/original/247897-26.jpg</BannerPath>
  <BannerType>fanart</BannerType>
  <BannerType2>1920x1080</BannerType2>
  <Colors></Colors>
  <Language>en</Language>
  <Rating></Rating>
  <RatingCount>0</RatingCount>
  <SeriesName>false</SeriesName>
  <ThumbnailPath>_cache/fanart/original/247897-26.jpg</ThumbnailPath>
  <VignettePath>fanart/vignette/247897-26.jpg</VignettePath>
</Banner>
<Banner>
  <id>932166</id>
  <BannerPath>fanart/original/247897-25.jpg</BannerPath>
  <BannerType>fanart</BannerType>
  <BannerType2>1920x1080</BannerType2>
  <Colors></Colors>
  <Language>en</Language>
  <Rating></Rating>
  <RatingCount>0</RatingCount>
  <SeriesName>false</SeriesName>
  <ThumbnailPath>_cache/fanart/original/247897-25.jpg</ThumbnailPath>
  <VignettePath>fanart/vignette/247897-25.jpg</VignettePath>
</Banner>
<Banner>
  <id>909506</id>
  <BannerPath>posters/247897-7.jpg</BannerPath>
  <BannerType>poster</BannerType>
  <BannerType2>680x1000</BannerType2>
  <Language>en</Language>
  <Rating>9.0000</Rating>
  <RatingCount>7</RatingCount>
</Banner>
<Banner>
  <id>927137</id>
  <BannerPath>posters/247897-5.jpg</BannerPath>
  <BannerType>poster</BannerType>
  <BannerType2>680x1000</BannerType2>
  <Language>en</Language>
  <Rating>8.2000</Rating>
  <RatingCount>5</RatingCount>
</Banner>
<Banner>
  <id>925625</id>
  <BannerPath>posters/247897-12.jpg</BannerPath>
  <BannerType>poster</BannerType>
  <BannerType2>680x1000</BannerType2>
  <Language>en</Language>
  <Rating>7.2500</Rating>
  <RatingCount>4</RatingCount>
</Banner>
<Banner>
  <id>920785</id>
  <BannerPath>posters/247897-9.jpg</BannerPath>
  <BannerType>poster</BannerType>
  <BannerType2>680x1000</BannerType2>
  <Language>en</Language>
  <Rating>7.0000</Rating>
  <RatingCount>3</RatingCount>
</Banner>
<Banner>
  <id>909508</id>
  <BannerPath>posters/247897-8.jpg</BannerPath>
  <BannerType>poster</BannerType>
  <BannerType2>680x1000</BannerType2>
  <Language>en</Language>
  <Rating>6.3333</Rating>
  <RatingCount>3</RatingCount>
</Banner>
<Banner>
  <id>875277</id>
  <BannerPath>posters/247897-1.jpg</BannerPath>
  <BannerType>poster</BannerType>
  <BannerType2>680x1000</BannerType2>
  <Language>en</Language>
  <Rating>6.1250</Rating>
  <RatingCount>8</RatingCount>
</Banner>
<Banner>
  <id>931070</id>
  <BannerPath>posters/247897-13.jpg</BannerPath>
  <BannerType>poster</BannerType>
  <BannerType2>680x1000</BannerType2>
  <Language>en</Language>
  <Rating>5.5000</Rating>
  <RatingCount>2</RatingCount>
</Banner>
<Banner>
  <id>896706</id>
  <BannerPath>posters/247897-4.jpg</BannerPath>
  <BannerType>poster</BannerType>
  <BannerType2>680x1000</BannerType2>
  <Language>en</Language>
  <Rating>1.0000</Rating>
  <RatingCount>2</RatingCount>
</Banner>
<Banner>
  <id>922278</id>
  <BannerPath>posters/247897-10.jpg</BannerPath>
  <BannerType>poster</BannerType>
  <BannerType2>680x1000</BannerType2>
  <Language>en</Language>
  <Rating></Rating>
  <RatingCount>0</RatingCount>
</Banner>
<Banner>
  <id>927134</id>
  <BannerPath>posters/247897-6.jpg</BannerPath>
  <BannerType>poster</BannerType>
  <BannerType2>680x1000</BannerType2>
  <Language>en</Language>
  <Rating></Rating>
  <RatingCount>0</RatingCount>
</Banner>
<Banner>
  <id>927140</id>
  <BannerPath>posters/247897-3.jpg</BannerPath>
  <BannerType>poster</BannerType>
  <BannerType2>680x1000</BannerType2>
  <Language>en</Language>
  <Rating></Rating>
  <RatingCount>0</RatingCount>
</Banner>
<Banner>
  <id>927138</id>
  <BannerPath>posters/247897-2.jpg</BannerPath>
  <BannerType>poster</BannerType>
  <BannerType2>680x1000</BannerType2>
  <Language>en</Language>
  <Rating></Rating>
  <RatingCount>0</RatingCount>
</Banner>
<Banner>
  <id>922279</id>
  <BannerPath>posters/247897-11.jpg</BannerPath>
  <BannerType>poster</BannerType>
  <BannerType2>680x1000</BannerType2>
  <Language>en</Language>
  <Rating></Rating>
  <RatingCount>0</RatingCount>
</Banner>
<Banner>
  <id>925628</id>
  <BannerPath>seasons/247897-0-2.jpg</BannerPath>
  <BannerType>season</BannerType>
  <BannerType2>season</BannerType2>
  <Language>en</Language>
  <Rating>10.0000</Rating>
  <RatingCount>2</RatingCount>
  <Season>0</Season>
</Banner>
<Banner>
  <id>875285</id>
  <BannerPath>seasons/247897-0.jpg</BannerPath>
  <BannerType>season</BannerType>
  <BannerType2>season</BannerType2>
  <Language>en</Language>
  <Rating>9.3333</Rating>
  <RatingCount>3</RatingCount>
  <Season>0</Season>
</Banner>
<Banner>
  <id>925626</id>
  <BannerPath>seasons/247897-2-2.jpg</BannerPath>
  <BannerType>season</BannerType>
  <BannerType2>season</BannerType2>
  <Language>en</Language>
  <Rating>8.2857</Rating>
  <RatingCount>7</RatingCount>
  <Season>2</Season>
</Banner>
<Banner>
  <id>914696</id>
  <BannerPath>seasons/247897-1-3.jpg</BannerPath>
  <BannerType>season</BannerType>
  <BannerType2>season</BannerType2>
  <Language>en</Language>
  <Rating>7.8571</Rating>
  <RatingCount>7</RatingCount>
  <Season>1</Season>
</Banner>
<Banner>
  <id>925629</id>
  <BannerPath>seasons/247897-1-5.jpg</BannerPath>
  <BannerType>season</BannerType>
  <BannerType2>season</BannerType2>
  <Language>en</Language>
  <Rating>7.4286</Rating>
  <RatingCount>7</RatingCount>
  <Season>1</Season>
</Banner>
<Banner>
  <id>875284</id>
  <BannerPath>seasons/247897-1.jpg</BannerPath>
  <BannerType>season</BannerType>
  <BannerType2>season</BannerType2>
  <Language>en</Language>
  <Rating>7.2727</Rating>
  <RatingCount>11</RatingCount>
  <Season>1</Season>
</Banner>
<Banner>
  <id>925627</id>
  <BannerPath>seasons/247897-1-4.jpg</BannerPath>
  <BannerType>season</BannerType>
  <BannerType2>season</BannerType2>
  <Language>en</Language>
  <Rating>7.0000</Rating>
  <RatingCount>7</RatingCount>
  <Season>1</Season>
</Banner>
<Banner>
  <id>881362</id>
  <BannerPath>seasons/247897-1-2.jpg</BannerPath>
  <BannerType>season</BannerType>
  <BannerType2>season</BannerType2>
  <Language>en</Language>
  <Rating>6.5000</Rating>
  <RatingCount>6</RatingCount>
  <Season>1</Season>
</Banner>
<Banner>
  <id>919333</id>
  <BannerPath>seasons/247897-2.jpg</BannerPath>
  <BannerType>season</BannerType>
  <BannerType2>season</BannerType2>
  <Language>en</Language>
  <Rating>5.2500</Rating>
  <RatingCount>8</RatingCount>
  <Season>2</Season>
</Banner>
<Banner>
  <id>927141</id>
  <BannerPath>graphical/247897-g6.jpg</BannerPath>
  <BannerType>series</BannerType>
  <BannerType2>graphical</BannerType2>
  <Language>en</Language>
  <Rating>9.5000</Rating>
  <RatingCount>4</RatingCount>
</Banner>
<Banner>
  <id>874631</id>
  <BannerPath>graphical/247897-g2.jpg</BannerPath>
  <BannerType>series</BannerType>
  <BannerType2>graphical</BannerType2>
  <Language>en</Language>
  <Rating>9.1429</Rating>
  <RatingCount>7</RatingCount>
</Banner>
<Banner>
  <id>935961</id>
  <BannerPath>graphical/247897-g7.jpg</BannerPath>
  <BannerType>series</BannerType>
  <BannerType2>graphical</BannerType2>
  <Language>en</Language>
  <Rating>8.0000</Rating>
  <RatingCount>1</RatingCount>
</Banner>
<Banner>
  <id>924408</id>
  <BannerPath>graphical/247897-g5.jpg</BannerPath>
  <BannerType>series</BannerType>
  <BannerType2>graphical</BannerType2>
  <Language>en</Language>
  <Rating>7.5000</Rating>
  <RatingCount>2</RatingCount>
</Banner>
<Banner>
  <id>874623</id>
  <BannerPath>graphical/247897-g.jpg</BannerPath>
  <BannerType>series</BannerType>
  <BannerType2>graphical</BannerType2>
  <Language>en</Language>
  <Rating>7.5000</Rating>
  <RatingCount>4</RatingCount>
</Banner>
<Banner>
  <id>890572</id>
  <BannerPath>graphical/247897-g4.jpg</BannerPath>
  <BannerType>series</BannerType>
  <BannerType2>graphical</BannerType2>
  <Language>he</Language>
  <Rating>3.2500</Rating>
  <RatingCount>4</RatingCount>
</Banner>
<Banner>
  <id>890571</id>
  <BannerPath>graphical/247897-g3.jpg</BannerPath>
  <BannerType>series</BannerType>
  <BannerType2>graphical</BannerType2>
  <Language>he</Language>
  <Rating>1.0000</Rating>
  <RatingCount>1</RatingCount>
</Banner>
<Banner>
  <id>935962</id>
  <BannerPath>graphical/247897-g8.jpg</BannerPath>
  <BannerType>series</BannerType>
  <BannerType2>graphical</BannerType2>
  <Language>en</Language>
  <Rating></Rating>
  <RatingCount>0</RatingCount>
</Banner>
</Banners>