<?xml version="1.0" encoding="UTF-8" ?>
<Data><Series>
  <id>247897</id>
  <Actors>|Claire Danes|Damian Lewis|Mandy Patinkin|Jamey Sheridan|Brianna Brown|Jackson Pace|Morgan Saylor|Diego Klattenhoff|David Harewood|Morena Baccarin|</Actors>
  <Airs_DayOfWeek>Sunday</Airs_DayOfWeek>
  <Airs_Time>9:00 PM</Airs_Time>
  <ContentRating>TV-MA</ContentRating>
  <FirstAired>2011-10-02</FirstAired>
  <Genre>|Drama|Suspense|Thriller|</Genre>
  <IMDB_ID>tt1796960</IMDB_ID>
  <Language>en</Language>
  <Network>Showtime</Network>
  <NetworkID></NetworkID>
  <Overview>While in Iraq, Carrie Mathison, a Central Intelligence Agency operations officer, had been warned by an asset that an American prisoner of war had been turned by al-Qaeda.  After conducting an unauthorized operation in Iraq, Carrie is put on probation and reassigned to the CIA's Counter-terrorism Center in Langley, Virginia.</Overview>
  <Rating>8.7</Rating>
  <RatingCount>106</RatingCount>
  <Runtime>50</Runtime>
  <SeriesID>80132</SeriesID>
  <SeriesName>Homeland</SeriesName>
  <Status>Continuing</Status>
  <added>2011-04-12 14:39:53</added>
  <addedBy>341359</addedBy>
  <banner>graphical/247897-g6.jpg</banner>
  <fanart>fanart/original/247897-13.jpg</fanart>
  <lastupdated>1364938820</lastupdated>
  <poster>posters/247897-7.jpg</poster>
  <zap2it_id>EP01466171</zap2it_id>
</Series>
<Episode>
  <id>4406928</id>
  <Combined_episodenumber>1</Combined_episodenumber>
  <Combined_season>0</Combined_season>
  <DVD_chapter></DVD_chapter>
  <DVD_discid></DVD_discid>
  <DVD_episodenumber></DVD_episodenumber>
  <DVD_season></DVD_season>
  <Director></Director>
  <EpImgFlag></EpImgFlag>
  <EpisodeName>Season 2 Sneak Peek</EpisodeName>
  <EpisodeNumber>1</EpisodeNumber>
  <FirstAired></FirstAired>
  <GuestStars></GuestStars>
  <IMDB_ID></IMDB_ID>
  <Language>en</Language>
  <Overview></Overview>
  <ProductionCode></ProductionCode>
  <Rating></Rating>
  <RatingCount>0</RatingCount>
  <SeasonNumber>0</SeasonNumber>
  <Writer></Writer>
  <absolute_number></absolute_number>
  <airsafter_season></airsafter_season>
  <airsbefore_episode></airsbefore_episode>
  <airsbefore_season></airsbefore_season>
  <filename></filename>
  <lastupdated>1348791341</lastupdated>
  <seasonid>463658</seasonid>
  <seriesid>247897</seriesid>
</Episode>
<Episode>
  <id>4499282</id>
  <Combined_episodenumber>2</Combined_episodenumber>
  <Combined_season>0</Combined_season>
  <DVD_chapter></DVD_chapter>
  <DVD_discid></DVD_discid>
  <DVD_episodenumber></DVD_episodenumber>
  <DVD_season></DVD_season>
  <Director></Director>
  <EpImgFlag></EpImgFlag>
  <EpisodeName>Season 1 Under Surveillance</EpisodeName>
  <EpisodeNumber>2</EpisodeNumber>
  <FirstAired></FirstAired>
  <GuestStars></GuestStars>
  <IMDB_ID></IMDB_ID>
  <Language>en</Language>
  <Overview></Overview>
  <ProductionCode></ProductionCode>
  <Rating></Rating>
  <RatingCount>0</RatingCount>
  <SeasonNumber>0</SeasonNumber>
  <Writer></Writer>
  <absolute_number></absolute_number>
  <airsafter_season></airsafter_season>
  <airsbefore_episode></airsbefore_episode>
  <airsbefore_season></airsbefore_season>
  <filename></filename>
  <lastupdated>1360606049</lastupdated>
  <seasonid>463658</seasonid>
  <seriesid>247897</seriesid>
</Episode>
<Episode>
  <id>4079947</id>
  <Combined_episodenumber>1</Combined_episodenumber>
  <Combined_season>1</Combined_season>
  <DVD_chapter></DVD_chapter>
  <DVD_discid></DVD_discid>
  <DVD_episodenumber></DVD_episodenumber>
  <DVD_season></DVD_season>
  <Director>Michael Cuesta</Director>
  <EpImgFlag>7</EpImgFlag>
  <EpisodeName>Pilot</EpisodeName>
  <EpisodeNumber>1</EpisodeNumber>
  <FirstAired>2011-10-02</FirstAired>
  <GuestStars>|Jamey Sheridan|Navid Negahban|David Marciano|Maury Sterling|Nestor Serrano|Afton Williamson|Israel Balderas|</GuestStars>
  <IMDB_ID>tt1811020</IMDB_ID>
  <Language>en</Language>
  <Overview>After missing and presumed dead for eight years, Marine Sergeant Nicholas Brody is rescued in Iraq, and returns home to his family. But CIA agent Carrie Mathison suspects he might have been turned by his terrorist captors, and believes he could be part of a plan to attack America.
</Overview>
  <ProductionCode>101</ProductionCode>
  <Rating>7.8</Rating>
  <RatingCount>260</RatingCount>
  <SeasonNumber>1</SeasonNumber>
  <Writer>|Howard Gordon|Alex Gansa|Gideon Raff|</Writer>
  <absolute_number></absolute_number>
  <filename>episodes/247897/4079947.jpg</filename>
  <lastupdated>1364747644</lastupdated>
  <seasonid>463982</seasonid>
  <seriesid>247897</seriesid>
</Episode>
<Episode>
  <id>4175251</id>
  <Combined_episodenumber>2</Combined_episodenumber>
  <Combined_season>1</Combined_season>
  <DVD_chapter></DVD_chapter>
  <DVD_discid></DVD_discid>
  <DVD_episodenumber></DVD_episodenumber>
  <DVD_season></DVD_season>
  <Director>Michael Cuesta</Director>
  <EpImgFlag>2</EpImgFlag>
  <EpisodeName>Grace</EpisodeName>
  <EpisodeNumber>2</EpisodeNumber>
  <FirstAired>2011-10-09</FirstAired>
  <GuestStars>|Michael McKean|David Marciano|Maury Sterling|Navid Negahban|Amy Hargreaves|Scott Bryce|Amir Arison|Brianna Brown|</GuestStars>
  <IMDB_ID>tt1988308</IMDB_ID>
  <Language>en</Language>
  <Overview>Carrie continues to surveil Brody but is unable to follow his actions into his garage which is a blind spot, where Brody begins to perform an Islamic prayer. Meanwhile, Carrie receives visual confirmation from an undercover agent that shows Al-Qaeda member Abu Nazir on video meeting with the Royal Prince of the Kingdom of Saudi Arabia.</Overview>
  <ProductionCode></ProductionCode>
  <Rating>7.6</Rating>
  <RatingCount>240</RatingCount>
  <SeasonNumber>1</SeasonNumber>
  <Writer>Alex Gansa</Writer>
  <absolute_number></absolute_number>
  <filename>episodes/247897/4175251.jpg</filename>
  <lastupdated>1364747652</lastupdated>
  <seasonid>463982</seasonid>
  <seriesid>247897</seriesid>
</Episode>
<Episode>
  <id>4175252</id>
  <Combined_episodenumber>3</Combined_episodenumber>
  <Combined_season>1</Combined_season>
  <DVD_chapter></DVD_chapter>
  <DVD_discid></DVD_discid>
  <DVD_episodenumber></DVD_episodenumber>
  <DVD_season></DVD_season>
  <Director>Daniel Attias</Director>
  <EpImgFlag>7</EpImgFlag>
  <EpisodeName>Clean Skin</EpisodeName>
  <EpisodeNumber>3</EpisodeNumber>
  <FirstAired>2011-10-16</FirstAired>
  <GuestStars>|David Marciano|Maury Sterling|Navid Negahban|Lawrence O'Donnell|Amir Arison|Alok Tewari|Omid Abtahi|</GuestStars>
  <IMDB_ID>tt1988309</IMDB_ID>
  <Language>en</Language>
  <Overview>Brody prepares to enter the spotlight; Carrie closes in on an al-Qaeda plot.</Overview>
  <ProductionCode></ProductionCode>
  <Rating>7.7</Rating>
  <RatingCount>244</RatingCount>
  <SeasonNumber>1</SeasonNumber>
  <Writer>Chip Johannessen</Writer>
  <absolute_number></absolute_number>
  <filename>episodes/247897/4175252.jpg</filename>
  <lastupdated>1364747664</lastupdated>
  <seasonid>463982</seasonid>
  <seriesid>247897</seriesid>
</Episode>
<Episode>
  <id>4175253</id>
  <Combined_episodenumber>4</Combined_episodenumber>
  <Combined_season>1</Combined_season>
  <DVD_chapter></DVD_chapter>
  <DVD_discid></DVD_discid>
  <DVD_episodenumber></DVD_episodenumber>
  <DVD_season></DVD_season>
  <Director>Jeffrey Nachmanoff</Director>
  <EpImgFlag>2</EpImgFlag>
  <EpisodeName>Semper I</EpisodeName>
  <EpisodeNumber>4</EpisodeNumber>
  <FirstAired>2011-10-23</FirstAired>
  <GuestStars>|David Marciano|Maury Sterling|Navid Negahban|Scott Bryce|Omid Abtahi|Marin Ireland|Hrach Titizian|</GuestStars>
  <IMDB_ID>tt2011518</IMDB_ID>
  <Language>en</Language>
  <Overview>The political powers that be make big plans for national hero Brody, but his increasingly erratic behavior threatens his media darling status; Carrie grows desperate for evidence linking Brody with Abu Nazir, as Saul directs her to focus on Nazir's money trail.</Overview>
  <ProductionCode></ProductionCode>
  <Rating>7.5</Rating>
  <RatingCount>236</RatingCount>
  <SeasonNumber>1</SeasonNumber>
  <Writer>|Howard Gordon|Alex Gansa|</Writer>
  <absolute_number></absolute_number>
  <filename>episodes/247897/4175253.jpg</filename>
  <lastupdated>1364747676</lastupdated>
  <seasonid>463982</seasonid>
  <seriesid>247897</seriesid>
</Episode>
<Episode>
  <id>4175254</id>
  <Combined_episodenumber>5</Combined_episodenumber>
  <Combined_season>1</Combined_season>
  <DVD_chapter></DVD_chapter>
  <DVD_discid></DVD_discid>
  <DVD_episodenumber></DVD_episodenumber>
  <DVD_season></DVD_season>
  <Director>Clark Johnson</Director>
  <EpImgFlag>2</EpImgFlag>
  <EpisodeName>Blind Spot</EpisodeName>
  <EpisodeNumber>5</EpisodeNumber>
  <FirstAired>2011-10-30</FirstAired>
  <GuestStars>|David Marciano|Maury Sterling|Navid Negahban|Amy Hargreaves|James Rebhorn|Waleed Zuaiter|Hrach Titizian|</GuestStars>
  <IMDB_ID>tt2023998</IMDB_ID>
  <Language>en</Language>
  <Overview>Brody confronts the lone survivor among the insurgents that held him, leading Carrie to believe she may be proved right about Brody once and for all - but Brody's reunion with his captor surprises everyone; the agency is hot on the trail of the lovers who bought a house near the airport with funds from a stolen necklace.</Overview>
  <ProductionCode></ProductionCode>
  <Rating>7.8</Rating>
  <RatingCount>229</RatingCount>
  <SeasonNumber>1</SeasonNumber>
  <Writer>Alexander Cary</Writer>
  <absolute_number></absolute_number>
  <filename>episodes/247897/4175254.jpg</filename>
  <lastupdated>1364747687</lastupdated>
  <seasonid>463982</seasonid>
  <seriesid>247897</seriesid>
</Episode>
<Episode>
  <id>4175255</id>
  <Combined_episodenumber>6</Combined_episodenumber>
  <Combined_season>1</Combined_season>
  <DVD_chapter></DVD_chapter>
  <DVD_discid></DVD_discid>
  <DVD_episodenumber></DVD_episodenumber>
  <DVD_season></DVD_season>
  <Director>Brad Turner</Director>
  <EpImgFlag>2</EpImgFlag>
  <EpisodeName>The Good Soldier</EpisodeName>
  <EpisodeNumber>6</EpisodeNumber>
  <FirstAired>2011-11-06</FirstAired>
  <GuestStars>|Hrach Titizian|Omid Abtahi|Marin Ireland|Sarita Choudhury|James Urbaniak|Sherman Howard|Afton Williamson|</GuestStars>
  <IMDB_ID>tt2024865</IMDB_ID>
  <Language>en</Language>
  <Overview>Reeling after losing key players in Nazir's plot against America, the CIA orders polygraphs on everyone who came in contact with them, including Brody, which Carrie sees as an opportunity to finally learn the truth.
</Overview>
  <ProductionCode></ProductionCode>
  <Rating>7.8</Rating>
  <RatingCount>232</RatingCount>
  <SeasonNumber>1</SeasonNumber>
  <Writer>|Henry Bromell</Writer>
  <absolute_number></absolute_number>
  <filename>episodes/247897/4175255.jpg</filename>
  <lastupdated>1364747698</lastupdated>
  <seasonid>463982</seasonid>
  <seriesid>247897</seriesid>
</Episode>
<Episode>
  <id>4175256</id>
  <Combined_episodenumber>7</Combined_episodenumber>
  <Combined_season>1</Combined_season>
  <DVD_chapter></DVD_chapter>
  <DVD_discid></DVD_discid>
  <DVD_episodenumber></DVD_episodenumber>
  <DVD_season></DVD_season>
  <Director>Michael Cuesta</Director>
  <EpImgFlag>2</EpImgFlag>
  <EpisodeName>The Weekend</EpisodeName>
  <EpisodeNumber>7</EpisodeNumber>
  <FirstAired>2011-11-13</FirstAired>
  <GuestStars>|Amy Hargreaves|Hrach Titizian|Marin Ireland|Joe Ward|Bridget Gethins|Taylor Kowalski|Chelsea Cardwell|</GuestStars>
  <IMDB_ID>tt2041952</IMDB_ID>
  <Language>en</Language>
  <Overview>The relationship between Carrie and Brody becomes more complicated when they head into the countryside for the weekend, while Mike and Jessica face the fallout of the truth about their relationship, and Saul catches Aileen on the run to Mexico.</Overview>
  <ProductionCode></ProductionCode>
  <Rating>7.9</Rating>
  <RatingCount>219</RatingCount>
  <SeasonNumber>1</SeasonNumber>
  <Writer>Meredith Stiehm</Writer>
  <absolute_number></absolute_number>
  <filename>episodes/247897/4175256.jpg</filename>
  <lastupdated>1364747708</lastupdated>
  <seasonid>463982</seasonid>
  <seriesid>247897</seriesid>
</Episode>
<Episode>
  <id>4182830</id>
  <Combined_episodenumber>8</Combined_episodenumber>
  <Combined_season>1</Combined_season>
  <DVD_chapter></DVD_chapter>
  <DVD_discid></DVD_discid>
  <DVD_episodenumber></DVD_episodenumber>
  <DVD_season></DVD_season>
  <Director>Tucker Gates</Director>
  <EpImgFlag>2</EpImgFlag>
  <EpisodeName>Achilles Heel</EpisodeName>
  <EpisodeNumber>8</EpisodeNumber>
  <FirstAired>2011-11-20</FirstAired>
  <GuestStars>|Linda Purl|Sarita Choudhury|Joe Urla|Sammy Sheik|Afton Williamson|Chris Chalk|Hrach Titizian|</GuestStars>
  <IMDB_ID>tt2043149</IMDB_ID>
  <Language>en</Language>
  <Overview>As Carrie and Saul reel from the news that Walker is alive, the intelligence community clashes on the best way to capture him; Brody learns a shocking truth about his captivity.</Overview>
  <ProductionCode></ProductionCode>
  <Rating>7.9</Rating>
  <RatingCount>222</RatingCount>
  <SeasonNumber>1</SeasonNumber>
  <Writer>Chip Johannessen</Writer>
  <absolute_number></absolute_number>
  <filename>episodes/247897/4182830.jpg</filename>
  <lastupdated>1364747716</lastupdated>
  <seasonid>463982</seasonid>
  <seriesid>247897</seriesid>
</Episode>
<Episode>
  <id>4198125</id>
  <Combined_episodenumber>9</Combined_episodenumber>
  <Combined_season>1</Combined_season>
  <DVD_chapter></DVD_chapter>
  <DVD_discid></DVD_discid>
  <DVD_episodenumber></DVD_episodenumber>
  <DVD_season></DVD_season>
  <Director>Jeffrey Nachmanoff</Director>
  <EpImgFlag>2</EpImgFlag>
  <EpisodeName>Crossfire</EpisodeName>
  <EpisodeNumber>9</EpisodeNumber>
  <FirstAired>2011-11-27</FirstAired>
  <GuestStars>|Chris Chalk|Hrach Titizian|Jamey Sheridan|Navid Negahban|Rohan Chand|Ramsey Faragallah|Billy Smith|</GuestStars>
  <IMDB_ID>tt2081742</IMDB_ID>
  <Language>en</Language>
  <Overview>After his attempt to sever ties with Abu Nazir, Brody finds himself reliving his captivity and recommits to his mission; Carrie finds herself in the middle of a public relations nightmare on the heels of the mosque shooting.</Overview>
  <ProductionCode></ProductionCode>
  <Rating>7.7</Rating>
  <RatingCount>216</RatingCount>
  <SeasonNumber>1</SeasonNumber>
  <Writer>Alexander Cary</Writer>
  <absolute_number></absolute_number>
  <filename>episodes/247897/4198125.jpg</filename>
  <lastupdated>1364747728</lastupdated>
  <seasonid>463982</seasonid>
  <seriesid>247897</seriesid>
</Episode>
<Episode>
  <id>4198126</id>
  <Combined_episodenumber>10</Combined_episodenumber>
  <Combined_season>1</Combined_season>
  <DVD_chapter></DVD_chapter>
  <DVD_discid></DVD_discid>
  <DVD_episodenumber></DVD_episodenumber>
  <DVD_season></DVD_season>
  <Director>Guy Ferland</Director>
  <EpImgFlag>2</EpImgFlag>
  <EpisodeName>Representative Brody</EpisodeName>
  <EpisodeNumber>10</EpisodeNumber>
  <FirstAired>2011-12-04</FirstAired>
  <GuestStars>|David Marciano|Chris Chalk|Ramsey Faragallah|Chris Chalk|Trent Dawson|Remy Auberjonois|Gabe Begneaud|</GuestStars>
  <IMDB_ID>tt2081741</IMDB_ID>
  <Language>en</Language>
  <Overview>Carrie and Saul identify Walker's contact in Washington but their target has diplomatic immunity; Brody is approached to run for a disgraced congressman's seat in the House of Representatives. </Overview>
  <ProductionCode></ProductionCode>
  <Rating>7.9</Rating>
  <RatingCount>216</RatingCount>
  <SeasonNumber>1</SeasonNumber>
  <Writer>|Howard Gorden|Alex Gansa|</Writer>
  <absolute_number></absolute_number>
  <filename>episodes/247897/4198126.jpg</filename>
  <lastupdated>1364747737</lastupdated>
  <seasonid>463982</seasonid>
  <seriesid>247897</seriesid>
</Episode>
<Episode>
  <id>4198127</id>
  <Combined_episodenumber>11</Combined_episodenumber>
  <Combined_season>1</Combined_season>
  <DVD_chapter></DVD_chapter>
  <DVD_discid></DVD_discid>
  <DVD_episodenumber></DVD_episodenumber>
  <DVD_season></DVD_season>
  <Director>Clark Johnson</Director>
  <EpImgFlag>2</EpImgFlag>
  <EpisodeName>The Vest</EpisodeName>
  <EpisodeNumber>11</EpisodeNumber>
  <FirstAired>2011-12-11</FirstAired>
  <GuestStars>|Jamey Sheridan|Hrach Titizian|James Rebhorn|Nasser Faris|Charles Borland|Benjamin Pelteson|</GuestStars>
  <IMDB_ID>tt2084389</IMDB_ID>
  <Language>en</Language>
  <Overview>In the wake of the explosion, Saul finds Carrie hospitalized and manic, but realizes her chaotic theories have merit; before his congressional campaign begins, Brody takes his family on a weekend trip to Gettysburg, where he retrieves an important item.</Overview>
  <ProductionCode></ProductionCode>
  <Rating>8.0</Rating>
  <RatingCount>211</RatingCount>
  <SeasonNumber>1</SeasonNumber>
  <Writer>|Meredith Stiehm | Chip Johannessen|</Writer>
  <absolute_number></absolute_number>
  <filename>episodes/247897/4198127.jpg</filename>
  <lastupdated>1364747747</lastupdated>
  <seasonid>463982</seasonid>
  <seriesid>247897</seriesid>
</Episode>
<Episode>
  <id>4198128</id>
  <Combined_episodenumber>12</Combined_episodenumber>
  <Combined_season>1</Combined_season>
  <DVD_chapter></DVD_chapter>
  <DVD_discid></DVD_discid>
  <DVD_episodenumber></DVD_episodenumber>
  <DVD_season></DVD_season>
  <Director>Michael Cuesta</Director>
  <EpImgFlag>2</EpImgFlag>
  <EpisodeName>Marine One</EpisodeName>
  <EpisodeNumber>12</EpisodeNumber>
  <FirstAired>2011-12-18</FirstAired>
  <GuestStars>|Linda Purl|David Marciano|Jamey Sheridan|Amy Hargreaves|Hrach Titizian|Chris Chalk|Navid Negahban|</GuestStars>
  <IMDB_ID>tt2084390</IMDB_ID>
  <Language>en</Language>
  <Overview>While Carrie is near catatonic and confined to bed, Saul investigates the unsettling implications of her timeline; Walker secures a perch for his mission; Brody makes his final preparations for the Vice President's policy summit at the State Department.</Overview>
  <ProductionCode></ProductionCode>
  <Rating>8.4</Rating>
  <RatingCount>181</RatingCount>
  <SeasonNumber>1</SeasonNumber>
  <Writer>|Alex Gansa|Howard Gorden|</Writer>
  <absolute_number></absolute_number>
  <filename>episodes/247897/4198128.jpg</filename>
  <lastupdated>1364747757</lastupdated>
  <seasonid>463982</seasonid>
  <seriesid>247897</seriesid>
</Episode>
<Episode>
  <id>4303747</id>
  <Combined_episodenumber>1</Combined_episodenumber>
  <Combined_season>2</Combined_season>
  <DVD_chapter></DVD_chapter>
  <DVD_discid></DVD_discid>
  <DVD_episodenumber></DVD_episodenumber>
  <DVD_season></DVD_season>
  <Director>Michael Cuesta</Director>
  <EpImgFlag>2</EpImgFlag>
  <EpisodeName>The Smile</EpisodeName>
  <EpisodeNumber>1</EpisodeNumber>
  <FirstAired>2012-09-30</FirstAired>
  <GuestStars></GuestStars>
  <IMDB_ID>tt2100961</IMDB_ID>
  <Language>en</Language>
  <Overview>Months after undergoing Electroconvulsive Therapy, former CIA case officer Carrie Mathison has found a modicum of peace in her family's suburban embrace. But the strides she's made towards mental health are threatened when an asset from her former life comes in from the cold. Meanwhile, freshman Congressman Nick Brody discovers that Abu Nazir may not be content with his nonviolent approach to affecting change in American foreign policy. Brody's daughter Dana lets a vital secret slip.</Overview>
  <ProductionCode></ProductionCode>
  <Rating>7.7</Rating>
  <RatingCount>151</RatingCount>
  <SeasonNumber>2</SeasonNumber>
  <Writer>Alex Gansa|Howard Gordon</Writer>
  <absolute_number></absolute_number>
  <filename>episodes/247897/4303747.jpg</filename>
  <lastupdated>1364672145</lastupdated>
  <seasonid>489791</seasonid>
  <seriesid>247897</seriesid>
</Episode>
<Episode>
  <id>4333794</id>
  <Combined_episodenumber>2</Combined_episodenumber>
  <Combined_season>2</Combined_season>
  <DVD_chapter></DVD_chapter>
  <DVD_discid></DVD_discid>
  <DVD_episodenumber></DVD_episodenumber>
  <DVD_season></DVD_season>
  <Director>Michael Cuesta</Director>
  <EpImgFlag>2</EpImgFlag>
  <EpisodeName>Beirut is Back</EpisodeName>
  <EpisodeNumber>2</EpisodeNumber>
  <FirstAired>2012-10-07</FirstAired>
  <GuestStars></GuestStars>
  <IMDB_ID>tt2385581</IMDB_ID>
  <Language>en</Language>
  <Overview>Fatima tells Carrie about a meeting her Hezbollah commander husband will be having in Beirut with Abu Nazir and Carrie and Saul request a special forces team to capture him. </Overview>
  <ProductionCode></ProductionCode>
  <Rating>8.0</Rating>
  <RatingCount>155</RatingCount>
  <SeasonNumber>2</SeasonNumber>
  <Writer>Chip Johannessen</Writer>
  <absolute_number></absolute_number>
  <filename>episodes/247897/4333794.jpg</filename>
  <lastupdated>1364456376</lastupdated>
  <seasonid>489791</seasonid>
  <seriesid>247897</seriesid>
</Episode>
<Episode>
  <id>4333795</id>
  <Combined_episodenumber>3</Combined_episodenumber>
  <Combined_season>2</Combined_season>
  <DVD_chapter></DVD_chapter>
  <DVD_discid></DVD_discid>
  <DVD_episodenumber></DVD_episodenumber>
  <DVD_season></DVD_season>
  <Director>Lodge Kerrigan</Director>
  <EpImgFlag>2</EpImgFlag>
  <EpisodeName>State of Independence</EpisodeName>
  <EpisodeNumber>3</EpisodeNumber>
  <FirstAired>2012-10-14</FirstAired>
  <GuestStars></GuestStars>
  <IMDB_ID>tt2385583</IMDB_ID>
  <Language>en</Language>
  <Overview>After her Beirut adventures, Carrie hopes for a triumphant return to the CIA. Brody learns that his bomb maker is in danger of imminent discovery and attempts a last minute extraction. Jessica steps into the political limelight. </Overview>
  <ProductionCode></ProductionCode>
  <Rating>7.8</Rating>
  <RatingCount>148</RatingCount>
  <SeasonNumber>2</SeasonNumber>
  <Writer>Alexander Cary</Writer>
  <absolute_number></absolute_number>
  <filename>episodes/247897/4333795.jpg</filename>
  <lastupdated>1364914614</lastupdated>
  <seasonid>489791</seasonid>
  <seriesid>247897</seriesid>
</Episode>
<Episode>
  <id>4336562</id>
  <Combined_episodenumber>4</Combined_episodenumber>
  <Combined_season>2</Combined_season>
  <DVD_chapter></DVD_chapter>
  <DVD_discid></DVD_discid>
  <DVD_episodenumber></DVD_episodenumber>
  <DVD_season></DVD_season>
  <Director>Jeremy Podeswa</Director>
  <EpImgFlag>2</EpImgFlag>
  <EpisodeName>New Car Smell</EpisodeName>
  <EpisodeNumber>4</EpisodeNumber>
  <FirstAired>2012-10-21</FirstAired>
  <GuestStars></GuestStars>
  <IMDB_ID>tt2385585</IMDB_ID>
  <Language>en</Language>
  <Overview>Estes authorizes a covert operation to investigate intel recovered in Beirut.  Brody gets a shock when he runs into Carrie at Langley. Dana discovers she has something in common with the Vice President's son.</Overview>
  <ProductionCode></ProductionCode>
  <Rating>8.0</Rating>
  <RatingCount>141</RatingCount>
  <SeasonNumber>2</SeasonNumber>
  <Writer>Meredith Stiehm</Writer>
  <absolute_number></absolute_number>
  <filename>episodes/247897/4336562.jpg</filename>
  <lastupdated>1361440090</lastupdated>
  <seasonid>489791</seasonid>
  <seriesid>247897</seriesid>
</Episode>
<Episode>
  <id>4376938</id>
  <Combined_episodenumber>5</Combined_episodenumber>
  <Combined_season>2</Combined_season>
  <DVD_chapter></DVD_chapter>
  <DVD_discid></DVD_discid>
  <DVD_episodenumber></DVD_episodenumber>
  <DVD_season></DVD_season>
  <Director>Lesli Linka Glatter</Director>
  <EpImgFlag>2</EpImgFlag>
  <EpisodeName>Q&amp;A</EpisodeName>
  <EpisodeNumber>5</EpisodeNumber>
  <FirstAired>2012-10-28</FirstAired>
  <GuestStars></GuestStars>
  <IMDB_ID></IMDB_ID>
  <Language>en</Language>
  <Overview>Brody is a prisoner again. Carrie plays second fiddle after her rash judgment call at the hotel as Estes is busy keeping Jessica off their trail. Dana and Finn's date night turns deadly serious.</Overview>
  <ProductionCode></ProductionCode>
  <Rating>8.1</Rating>
  <RatingCount>148</RatingCount>
  <SeasonNumber>2</SeasonNumber>
  <Writer>Henry Bromell</Writer>
  <absolute_number></absolute_number>
  <filename>episodes/247897/4376938.jpg</filename>
  <lastupdated>1362040876</lastupdated>
  <seasonid>489791</seasonid>
  <seriesid>247897</seriesid>
</Episode>
<Episode>
  <id>4366700</id>
  <Combined_episodenumber>6</Combined_episodenumber>
  <Combined_season>2</Combined_season>
  <DVD_chapter></DVD_chapter>
  <DVD_discid></DVD_discid>
  <DVD_episodenumber></DVD_episodenumber>
  <DVD_season></DVD_season>
  <Director>Guy Ferland</Director>
  <EpImgFlag>2</EpImgFlag>
  <EpisodeName>A Gettysburg Address</EpisodeName>
  <EpisodeNumber>6</EpisodeNumber>
  <FirstAired>2012-11-04</FirstAired>
  <GuestStars></GuestStars>
  <IMDB_ID></IMDB_ID>
  <Language>en</Language>
  <Overview>Dana is shocked by her visit to the hospital. Faber's Tom Walker questions get him tangled up with the CIA. Brody agrees to help stop an attack on America, but his loyalty is questioned when Gettysburg once again becomes a battleground. </Overview>
  <ProductionCode></ProductionCode>
  <Rating>7.9</Rating>
  <RatingCount>138</RatingCount>
  <SeasonNumber>2</SeasonNumber>
  <Writer>Chip Johannessen</Writer>
  <absolute_number></absolute_number>
  <filename>episodes/247897/4366700.jpg</filename>
  <lastupdated>1363877953</lastupdated>
  <seasonid>489791</seasonid>
  <seriesid>247897</seriesid>
</Episode>
<Episode>
  <id>4366701</id>
  <Combined_episodenumber>7</Combined_episodenumber>
  <Combined_season>2</Combined_season>
  <DVD_chapter></DVD_chapter>
  <DVD_discid></DVD_discid>
  <DVD_episodenumber></DVD_episodenumber>
  <DVD_season></DVD_season>
  <Director>John Dahl</Director>
  <EpImgFlag>2</EpImgFlag>
  <EpisodeName>The Clearing</EpisodeName>
  <EpisodeNumber>7</EpisodeNumber>
  <FirstAired>2012-11-11</FirstAired>
  <GuestStars></GuestStars>
  <IMDB_ID>tt2355180</IMDB_ID>
  <Language>en</Language>
  <Overview>Carrie and the team struggle to regain control of their operation. Saul visits Aileen in solitary confinement. Dana pressures Finn to come clean about their hidden crime with unforeseen consequences. </Overview>
  <ProductionCode></ProductionCode>
  <Rating>7.6</Rating>
  <RatingCount>134</RatingCount>
  <SeasonNumber>2</SeasonNumber>
  <Writer>Meredith Stiehm</Writer>
  <absolute_number></absolute_number>
  <filename>episodes/247897/4366701.jpg</filename>
  <lastupdated>1363877964</lastupdated>
  <seasonid>489791</seasonid>
  <seriesid>247897</seriesid>
</Episode>
<Episode>
  <id>4382125</id>
  <Combined_episodenumber>8</Combined_episodenumber>
  <Combined_season>2</Combined_season>
  <DVD_chapter></DVD_chapter>
  <DVD_discid></DVD_discid>
  <DVD_episodenumber></DVD_episodenumber>
  <DVD_season></DVD_season>
  <Director>Michael Cuesta</Director>
  <EpImgFlag>2</EpImgFlag>
  <EpisodeName>I'll Fly Away</EpisodeName>
  <EpisodeNumber>8</EpisodeNumber>
  <FirstAired>2012-11-18</FirstAired>
  <GuestStars>Navid Negahban|David Marciano</GuestStars>
  <IMDB_ID>tt2368314</IMDB_ID>
  <Language>en</Language>
  <Overview>Brody heads towards meltdown as he struggles to keep his complicated alliances clear. Carrie stages a risky intervention to keep Brody in line, forcing both of them to confront their mixed emotions. Dana turns to an unlikely source for comfort. </Overview>
  <ProductionCode>2WAH08</ProductionCode>
  <Rating>7.8</Rating>
  <RatingCount>128</RatingCount>
  <SeasonNumber>2</SeasonNumber>
  <Writer>Howard Gordon|Chip Johannessen</Writer>
  <absolute_number>20</absolute_number>
  <filename>episodes/247897/4382125.jpg</filename>
  <lastupdated>1363877976</lastupdated>
  <seasonid>489791</seasonid>
  <seriesid>247897</seriesid>
</Episode>
<Episode>
  <id>4382126</id>
  <Combined_episodenumber>9</Combined_episodenumber>
  <Combined_season>2</Combined_season>
  <DVD_chapter></DVD_chapter>
  <DVD_discid></DVD_discid>
  <DVD_episodenumber></DVD_episodenumber>
  <DVD_season></DVD_season>
  <Director>Dan Attias</Director>
  <EpImgFlag>2</EpImgFlag>
  <EpisodeName>Two Hats</EpisodeName>
  <EpisodeNumber>9</EpisodeNumber>
  <FirstAired>2012-11-25</FirstAired>
  <GuestStars></GuestStars>
  <IMDB_ID>tt2368332</IMDB_ID>
  <Language>en</Language>
  <Overview>Brody makes a necessary phone call. Saul teams up with Virgil and Max to dig up some information on one of their own. Carrie finds herself preparing for the most important meeting of her career.</Overview>
  <ProductionCode>2WAH09</ProductionCode>
  <Rating>8.1</Rating>
  <RatingCount>138</RatingCount>
  <SeasonNumber>2</SeasonNumber>
  <Writer>Alexander Cary</Writer>
  <absolute_number>21</absolute_number>
  <filename>episodes/247897/4382126.jpg</filename>
  <lastupdated>1359060568</lastupdated>
  <seasonid>489791</seasonid>
  <seriesid>247897</seriesid>
</Episode>
<Episode>
  <id>4402617</id>
  <Combined_episodenumber>10</Combined_episodenumber>
  <Combined_season>2</Combined_season>
  <DVD_chapter></DVD_chapter>
  <DVD_discid></DVD_discid>
  <DVD_episodenumber></DVD_episodenumber>
  <DVD_season></DVD_season>
  <Director>Guy Ferland</Director>
  <EpImgFlag>2</EpImgFlag>
  <EpisodeName>Broken Hearts</EpisodeName>
  <EpisodeNumber>10</EpisodeNumber>
  <FirstAired>2012-12-02</FirstAired>
  <GuestStars>David Bishins|Gordon Dillard Jr.|Chad Kurtz|Hrach Titizian|Navid Negahban|David Marciano|F. Murray Abraham</GuestStars>
  <IMDB_ID>tt2408792</IMDB_ID>
  <Language>en</Language>
  <Overview>Saul catches up with an old friend and discovers evidence of covert activities by Estes. Brody and Vice President Walden find themselves at odds over the future of their political relationship, while Dana and Finn come to terms with their own differences.</Overview>
  <ProductionCode></ProductionCode>
  <Rating>8.0</Rating>
  <RatingCount>133</RatingCount>
  <SeasonNumber>2</SeasonNumber>
  <Writer>Henry Bromell</Writer>
  <absolute_number>22</absolute_number>
  <filename>episodes/247897/4402617.jpg</filename>
  <lastupdated>1359060577</lastupdated>
  <seasonid>489791</seasonid>
  <seriesid>247897</seriesid>
</Episode>
<Episode>
  <id>4402619</id>
  <Combined_episodenumber>11</Combined_episodenumber>
  <Combined_season>2</Combined_season>
  <DVD_chapter></DVD_chapter>
  <DVD_discid></DVD_discid>
  <DVD_episodenumber></DVD_episodenumber>
  <DVD_season></DVD_season>
  <Director>Guy Ferland</Director>
  <EpImgFlag>2</EpImgFlag>
  <EpisodeName>In Memoriam</EpisodeName>
  <EpisodeNumber>11</EpisodeNumber>
  <FirstAired>2012-12-09</FirstAired>
  <GuestStars>David Marciano|Navid Negahban|</GuestStars>
  <IMDB_ID>tt2408796</IMDB_ID>
  <Language>en</Language>
  <Overview>Dangerously close to exhaustion, Carrie continues her hunt for Nazir and begins to suspect there is a mole in the CIA. Roya reveals her true colours under interrogation and Saul finds himself fighting to save his career under unexpected circumstances. Meanwhile, the Brodys struggle to maintain anything close to a state of sanity.</Overview>
  <ProductionCode>2WAH11</ProductionCode>
  <Rating>7.9</Rating>
  <RatingCount>129</RatingCount>
  <SeasonNumber>2</SeasonNumber>
  <Writer>Chip Johannessen</Writer>
  <absolute_number>23</absolute_number>
  <filename>episodes/247897/4402619.jpg</filename>
  <lastupdated>1358791779</lastupdated>
  <seasonid>489791</seasonid>
  <seriesid>247897</seriesid>
</Episode>
<Episode>
  <id>4402622</id>
  <Combined_episodenumber>12</Combined_episodenumber>
  <Combined_season>2</Combined_season>
  <DVD_chapter></DVD_chapter>
  <DVD_discid></DVD_discid>
  <DVD_episodenumber></DVD_episodenumber>
  <DVD_season></DVD_season>
  <Director>|Michael Cuesta|</Director>
  <EpImgFlag>2</EpImgFlag>
  <EpisodeName>The Choice</EpisodeName>
  <EpisodeNumber>12</EpisodeNumber>
  <FirstAired>2012-12-16</FirstAired>
  <GuestStars>Navid Negahban|Laura Avnaim|John Cariani|Gordon Dillard Jr.|TJ Hassan|Edelen McWilliams|</GuestStars>
  <IMDB_ID>tt2408794</IMDB_ID>
  <Language>en</Language>
  <Overview>Carrie is faced with a pivotal decision, while Brody meets with Faber to contemplate the future of the family. Meanwhile, Saul undertakes a secret assignment; and Quinn has a decision to make that may prove to be a game-changer.</Overview>
  <ProductionCode>2WAH12</ProductionCode>
  <Rating>8.5</Rating>
  <RatingCount>125</RatingCount>
  <SeasonNumber>2</SeasonNumber>
  <Writer>|Alex Gansa|Meredith Stiehm|</Writer>
  <absolute_number>24</absolute_number>
  <filename>episodes/247897/4402622.jpg</filename>
  <lastupdated>1359571287</lastupdated>
  <seasonid>489791</seasonid>
  <seriesid>247897</seriesid>
</Episode>
<Episode>
  <id>4508211</id>
  <Combined_episodenumber>1</Combined_episodenumber>
  <Combined_season>3</Combined_season>
  <DVD_chapter></DVD_chapter>
  <DVD_discid></DVD_discid>
  <DVD_episodenumber></DVD_episodenumber>
  <DVD_season></DVD_season>
  <Director></Director>
  <EpImgFlag></EpImgFlag>
  <EpisodeName>TBA</EpisodeName>
  <EpisodeNumber>1</EpisodeNumber>
  <FirstAired>2013-09-29</FirstAired>
  <GuestStars></GuestStars>
  <IMDB_ID></IMDB_ID>
  <Language>en</Language>
  <Overview></Overview>
  <ProductionCode></ProductionCode>
  <Rating></Rating>
  <RatingCount>0</RatingCount>
  <SeasonNumber>3</SeasonNumber>
  <Writer></Writer>
  <absolute_number></absolute_number>
  <filename></filename>
  <lastupdated>1361661392</lastupdated>
  <seasonid>513434</seasonid>
  <seriesid>247897</seriesid>
</Episode>
</Data>