<?xml version="1.0" encoding="UTF-8" ?>
<Actors>
<Actor>
  <id>284656</id>
  <Image>actors/284656.jpg</Image>
  <Name>Anders Holm</Name>
  <Role>Onders</Role>
  <SortOrder>0</SortOrder>
</Actor>
<Actor>
  <id>284657</id>
  <Image>actors/284657.jpg</Image>
  <Name>Blake Anderson</Name>
  <Role>Blake</Role>
  <SortOrder>1</SortOrder>
</Actor>
<Actor>
  <id>284658</id>
  <Image>actors/284658.jpg</Image>
  <Name>Adam DeVine</Name>
  <Role>Adam</Role>
  <SortOrder>2</SortOrder>
</Actor>
<Actor>
  <id>284660</id>
  <Image>actors/284660.jpg</Image>
  <Name>Erik Griffin</Name>
  <Role>Montez Walker</Role>
  <SortOrder>3</SortOrder>
</Actor>
<Actor>
  <id>284659</id>
  <Image>actors/284659.jpg</Image>
  <Name>Jillian Bell</Name>
  <Role>Jillian Belk</Role>
  <SortOrder>3</SortOrder>
</Actor>
</Actors>