<?xml version="1.0" encoding="UTF-8" ?>
<Data><Series>
  <id>211751</id>
  <Actors>|Anders Holm|Blake Anderson|Adam DeVine|Erik Griffin|Jillian Bell|</Actors>
  <Airs_DayOfWeek>Tuesday</Airs_DayOfWeek>
  <Airs_Time>10:30 PM</Airs_Time>
  <ContentRating>TV-MA</ContentRating>
  <FirstAired>2011-04-06</FirstAired>
  <Genre>|Comedy|</Genre>
  <IMDB_ID>tt1610527</IMDB_ID>
  <Language>en</Language>
  <Network>Comedy Central</Network>
  <NetworkID></NetworkID>
  <Overview>The three main characters (Blake, Adam, and Anders) were roommates in college, and, in a phase-of-life transition, continue to do things associated with college after dropping out (drinking, partying, pranks, etc) as they transition into adulthood. The &quot;friendship family's&quot; action is generally confined to the main characters' house and their workspace, a cubicle the three of them share at a telemarketing company called TelAmeriCorp.</Overview>
  <Rating>8.4</Rating>
  <RatingCount>29</RatingCount>
  <Runtime>30</Runtime>
  <SeriesID>78837</SeriesID>
  <SeriesName>Workaholics</SeriesName>
  <Status>Continuing</Status>
  <added>2010-12-10 18:35:47</added>
  <addedBy>135271</addedBy>
  <banner>graphical/211751-g.jpg</banner>
  <fanart>fanart/original/211751-4.jpg</fanart>
  <lastupdated>1364800200</lastupdated>
  <poster>posters/211751-2.jpg</poster>
  <zap2it_id>SH01389036</zap2it_id>
</Series>
<Episode>
  <id>4107970</id>
  <Combined_episodenumber>1</Combined_episodenumber>
  <Combined_season>0</Combined_season>
  <DVD_chapter></DVD_chapter>
  <DVD_discid></DVD_discid>
  <DVD_episodenumber></DVD_episodenumber>
  <DVD_season></DVD_season>
  <Director></Director>
  <EpImgFlag></EpImgFlag>
  <EpisodeName>Catherine Zeta-Jones: The Remix</EpisodeName>
  <EpisodeNumber>1</EpisodeNumber>
  <FirstAired></FirstAired>
  <GuestStars></GuestStars>
  <IMDB_ID></IMDB_ID>
  <Language>en</Language>
  <Overview></Overview>
  <ProductionCode></ProductionCode>
  <Rating>8.0</Rating>
  <RatingCount>1</RatingCount>
  <SeasonNumber>0</SeasonNumber>
  <Writer></Writer>
  <absolute_number></absolute_number>
  <airsafter_season></airsafter_season>
  <airsbefore_episode>4</airsbefore_episode>
  <airsbefore_season>1</airsbefore_season>
  <filename></filename>
  <lastupdated>1316388347</lastupdated>
  <seasonid>371041</seasonid>
  <seriesid>211751</seriesid>
</Episode>
<Episode>
  <id>3971451</id>
  <Combined_episodenumber>1</Combined_episodenumber>
  <Combined_season>1</Combined_season>
  <DVD_chapter></DVD_chapter>
  <DVD_discid></DVD_discid>
  <DVD_episodenumber></DVD_episodenumber>
  <DVD_season></DVD_season>
  <Director>Kyle Newacheck</Director>
  <EpImgFlag>2</EpImgFlag>
  <EpisodeName>Piss &amp; S**t</EpisodeName>
  <EpisodeNumber>1</EpisodeNumber>
  <FirstAired>2011-04-06</FirstAired>
  <GuestStars></GuestStars>
  <IMDB_ID></IMDB_ID>
  <Language>en</Language>
  <Overview>When the guys have to pass a drug test at work, they only have one choice: bribe middle school kids for clean urine.</Overview>
  <ProductionCode>101</ProductionCode>
  <Rating>7.5</Rating>
  <RatingCount>29</RatingCount>
  <SeasonNumber>1</SeasonNumber>
  <Writer>Blake Anderson|Adam Devine|Anders Holm|Kyle Newacheck|Connor Pritchard|Dominic Russo</Writer>
  <absolute_number></absolute_number>
  <filename>episodes/211751/3971451.jpg</filename>
  <lastupdated>1362463015</lastupdated>
  <seasonid>451241</seasonid>
  <seriesid>211751</seriesid>
</Episode>
<Episode>
  <id>3971461</id>
  <Combined_episodenumber>2</Combined_episodenumber>
  <Combined_season>1</Combined_season>
  <DVD_chapter></DVD_chapter>
  <DVD_discid></DVD_discid>
  <DVD_episodenumber></DVD_episodenumber>
  <DVD_season></DVD_season>
  <Director>Kyle Newacheck</Director>
  <EpImgFlag>2</EpImgFlag>
  <EpisodeName>We Be Ballin'</EpisodeName>
  <EpisodeNumber>2</EpisodeNumber>
  <FirstAired>2011-04-13</FirstAired>
  <GuestStars>Marc Summers</GuestStars>
  <IMDB_ID></IMDB_ID>
  <Language>en</Language>
  <Overview>The guys will stop at nothing to get tickets to a sold-out basketball game, even if it means being dunked in a horchata tank and seeing a grown man's penis.</Overview>
  <ProductionCode>102</ProductionCode>
  <Rating>7.6</Rating>
  <RatingCount>34</RatingCount>
  <SeasonNumber>1</SeasonNumber>
  <Writer>Blake Anderson</Writer>
  <absolute_number></absolute_number>
  <filename>episodes/211751/3971461.jpg</filename>
  <lastupdated>1362463342</lastupdated>
  <seasonid>451241</seasonid>
  <seriesid>211751</seriesid>
</Episode>
<Episode>
  <id>4033051</id>
  <Combined_episodenumber>3</Combined_episodenumber>
  <Combined_season>1</Combined_season>
  <DVD_chapter></DVD_chapter>
  <DVD_discid></DVD_discid>
  <DVD_episodenumber></DVD_episodenumber>
  <DVD_season></DVD_season>
  <Director>Chris Koch</Director>
  <EpImgFlag>2</EpImgFlag>
  <EpisodeName>Office Campout</EpisodeName>
  <EpisodeNumber>3</EpisodeNumber>
  <FirstAired>2011-04-20</FirstAired>
  <GuestStars></GuestStars>
  <IMDB_ID></IMDB_ID>
  <Language>en</Language>
  <Overview>The guys camp out at the office while their house is fumigated, but the giddiness of their drug-fueled slumber party turns into paranoia when they think the company is being burglarized.</Overview>
  <ProductionCode>103</ProductionCode>
  <Rating>7.8</Rating>
  <RatingCount>25</RatingCount>
  <SeasonNumber>1</SeasonNumber>
  <Writer>Adam Devine</Writer>
  <absolute_number></absolute_number>
  <filename>episodes/211751/4033051.jpg</filename>
  <lastupdated>1362463034</lastupdated>
  <seasonid>451241</seasonid>
  <seriesid>211751</seriesid>
</Episode>
<Episode>
  <id>4079772</id>
  <Combined_episodenumber>4</Combined_episodenumber>
  <Combined_season>1</Combined_season>
  <DVD_chapter></DVD_chapter>
  <DVD_discid></DVD_discid>
  <DVD_episodenumber></DVD_episodenumber>
  <DVD_season></DVD_season>
  <Director>Chris Koch</Director>
  <EpImgFlag>2</EpImgFlag>
  <EpisodeName>The Promotion</EpisodeName>
  <EpisodeNumber>4</EpisodeNumber>
  <FirstAired>2011-04-27</FirstAired>
  <GuestStars></GuestStars>
  <IMDB_ID></IMDB_ID>
  <Language>en</Language>
  <Overview>The guys' loyalties to each other are put to the test when they compete for a rumored promotion at work.</Overview>
  <ProductionCode>104</ProductionCode>
  <Rating>7.7</Rating>
  <RatingCount>21</RatingCount>
  <SeasonNumber>1</SeasonNumber>
  <Writer>Kevin Etten|Anders Holm</Writer>
  <absolute_number></absolute_number>
  <filename>episodes/211751/4079772.jpg</filename>
  <lastupdated>1362463071</lastupdated>
  <seasonid>451241</seasonid>
  <seriesid>211751</seriesid>
</Episode>
<Episode>
  <id>4084721</id>
  <Combined_episodenumber>5</Combined_episodenumber>
  <Combined_season>1</Combined_season>
  <DVD_chapter></DVD_chapter>
  <DVD_discid></DVD_discid>
  <DVD_episodenumber></DVD_episodenumber>
  <DVD_season></DVD_season>
  <Director>Kyle Newacheck</Director>
  <EpImgFlag>2</EpImgFlag>
  <EpisodeName>Checkpoint Gnarly</EpisodeName>
  <EpisodeNumber>5</EpisodeNumber>
  <FirstAired>2011-05-04</FirstAired>
  <GuestStars>Edward Barbanell</GuestStars>
  <IMDB_ID></IMDB_ID>
  <Language>en</Language>
  <Overview>Things go badly when the guys hit a DUI checkpoint after drinking with the boss's brother.</Overview>
  <ProductionCode>105</ProductionCode>
  <Rating>7.8</Rating>
  <RatingCount>24</RatingCount>
  <SeasonNumber>1</SeasonNumber>
  <Writer>Leila Strachan</Writer>
  <absolute_number></absolute_number>
  <filename>episodes/211751/4084721.jpg</filename>
  <lastupdated>1362463321</lastupdated>
  <seasonid>451241</seasonid>
  <seriesid>211751</seriesid>
</Episode>
<Episode>
  <id>4084722</id>
  <Combined_episodenumber>6</Combined_episodenumber>
  <Combined_season>1</Combined_season>
  <DVD_chapter></DVD_chapter>
  <DVD_discid></DVD_discid>
  <DVD_episodenumber></DVD_episodenumber>
  <DVD_season></DVD_season>
  <Director>Chris Koch</Director>
  <EpImgFlag>2</EpImgFlag>
  <EpisodeName>The Strike</EpisodeName>
  <EpisodeNumber>6</EpisodeNumber>
  <FirstAired>2011-05-11</FirstAired>
  <GuestStars>Clint Howard|Rance Howard</GuestStars>
  <IMDB_ID></IMDB_ID>
  <Language>en</Language>
  <Overview>The guys go on strike for better benefits when Alice doesn't buy their observance of a phony holiday called Half-Christmas.</Overview>
  <ProductionCode>106</ProductionCode>
  <Rating>7.3</Rating>
  <RatingCount>21</RatingCount>
  <SeasonNumber>1</SeasonNumber>
  <Writer>Brian Keith Etheridge|David King</Writer>
  <absolute_number></absolute_number>
  <filename>episodes/211751/4084722.jpg</filename>
  <lastupdated>1362463310</lastupdated>
  <seasonid>451241</seasonid>
  <seriesid>211751</seriesid>
</Episode>
<Episode>
  <id>4095755</id>
  <Combined_episodenumber>7</Combined_episodenumber>
  <Combined_season>1</Combined_season>
  <DVD_chapter></DVD_chapter>
  <DVD_discid></DVD_discid>
  <DVD_episodenumber></DVD_episodenumber>
  <DVD_season></DVD_season>
  <Director>Kyle Newacheck</Director>
  <EpImgFlag>2</EpImgFlag>
  <EpisodeName>Straight Up Juggahos</EpisodeName>
  <EpisodeNumber>7</EpisodeNumber>
  <FirstAired>2011-05-18</FirstAired>
  <GuestStars>Rebel Wilson</GuestStars>
  <IMDB_ID></IMDB_ID>
  <Language>en</Language>
  <Overview>The guys try to keep Jillian from a business function by setting her up on a blind date, but their plan goes awry when she has to be rescued from an Insane Clown Posse concert.</Overview>
  <ProductionCode>107</ProductionCode>
  <Rating>7.4</Rating>
  <RatingCount>25</RatingCount>
  <SeasonNumber>1</SeasonNumber>
  <Writer>Kevin Etten</Writer>
  <absolute_number></absolute_number>
  <filename>episodes/211751/4095755.jpg</filename>
  <lastupdated>1362463288</lastupdated>
  <seasonid>451241</seasonid>
  <seriesid>211751</seriesid>
</Episode>
<Episode>
  <id>4102140</id>
  <Combined_episodenumber>8</Combined_episodenumber>
  <Combined_season>1</Combined_season>
  <DVD_chapter></DVD_chapter>
  <DVD_discid></DVD_discid>
  <DVD_episodenumber></DVD_episodenumber>
  <DVD_season></DVD_season>
  <Director>Kyle Newacheck</Director>
  <EpImgFlag>2</EpImgFlag>
  <EpisodeName>To Friend a Predator</EpisodeName>
  <EpisodeNumber>8</EpisodeNumber>
  <FirstAired>2011-05-25</FirstAired>
  <GuestStars>Chris D'Elia</GuestStars>
  <IMDB_ID></IMDB_ID>
  <Language>en</Language>
  <Overview>When the guys try &quot;To Catch a Predator&quot;, a local child molester, he turns out to be the coolest guy they ever met.</Overview>
  <ProductionCode>108</ProductionCode>
  <Rating>7.8</Rating>
  <RatingCount>25</RatingCount>
  <SeasonNumber>1</SeasonNumber>
  <Writer>Anders Holm</Writer>
  <absolute_number></absolute_number>
  <filename>episodes/211751/4102140.jpg</filename>
  <lastupdated>1362463277</lastupdated>
  <seasonid>451241</seasonid>
  <seriesid>211751</seriesid>
</Episode>
<Episode>
  <id>4102143</id>
  <Combined_episodenumber>9</Combined_episodenumber>
  <Combined_season>1</Combined_season>
  <DVD_chapter></DVD_chapter>
  <DVD_discid></DVD_discid>
  <DVD_episodenumber></DVD_episodenumber>
  <DVD_season></DVD_season>
  <Director>Chris Koch</Director>
  <EpImgFlag>2</EpImgFlag>
  <EpisodeName>Muscle I'd Like to Flex</EpisodeName>
  <EpisodeNumber>9</EpisodeNumber>
  <FirstAired>2011-06-01</FirstAired>
  <GuestStars>Laura Kightlinger|Lee Reherman</GuestStars>
  <IMDB_ID></IMDB_ID>
  <Language>en</Language>
  <Overview>Blake and Anders' world turns upside down when they lose Adam to a super-rich MILF.</Overview>
  <ProductionCode>109</ProductionCode>
  <Rating>8.2</Rating>
  <RatingCount>22</RatingCount>
  <SeasonNumber>1</SeasonNumber>
  <Writer>Kyle Newacheck</Writer>
  <absolute_number></absolute_number>
  <filename>episodes/211751/4102143.jpg</filename>
  <lastupdated>1362463267</lastupdated>
  <seasonid>451241</seasonid>
  <seriesid>211751</seriesid>
</Episode>
<Episode>
  <id>4102147</id>
  <Combined_episodenumber>10</Combined_episodenumber>
  <Combined_season>1</Combined_season>
  <DVD_chapter></DVD_chapter>
  <DVD_discid></DVD_discid>
  <DVD_episodenumber></DVD_episodenumber>
  <DVD_season></DVD_season>
  <Director>Kyle Newacheck</Director>
  <EpImgFlag>2</EpImgFlag>
  <EpisodeName>In the Line of Getting Fired</EpisodeName>
  <EpisodeNumber>10</EpisodeNumber>
  <FirstAired>2011-06-08</FirstAired>
  <GuestStars>Chris Parnell</GuestStars>
  <IMDB_ID></IMDB_ID>
  <Language>en</Language>
  <Overview>When the CEO of TelAmeriCorp arrives to liquidate the company, it's up to the guys to change his mind and save the day.</Overview>
  <ProductionCode>110</ProductionCode>
  <Rating>8.0</Rating>
  <RatingCount>24</RatingCount>
  <SeasonNumber>1</SeasonNumber>
  <Writer>Kevin Etten|Anders Holm</Writer>
  <absolute_number></absolute_number>
  <filename>episodes/211751/4102147.jpg</filename>
  <lastupdated>1362463248</lastupdated>
  <seasonid>451241</seasonid>
  <seriesid>211751</seriesid>
</Episode>
<Episode>
  <id>4147373</id>
  <Combined_episodenumber>1</Combined_episodenumber>
  <Combined_season>2</Combined_season>
  <DVD_chapter></DVD_chapter>
  <DVD_discid></DVD_discid>
  <DVD_episodenumber></DVD_episodenumber>
  <DVD_season></DVD_season>
  <Director>Tristram Shapeero</Director>
  <EpImgFlag>2</EpImgFlag>
  <EpisodeName>Heist School</EpisodeName>
  <EpisodeNumber>1</EpisodeNumber>
  <FirstAired>2011-09-20</FirstAired>
  <GuestStars>Taco Bennett</GuestStars>
  <IMDB_ID></IMDB_ID>
  <Language>en</Language>
  <Overview>The loss of something valuable sends the guys on an undercover mission at a high school to investigate.</Overview>
  <ProductionCode>203</ProductionCode>
  <Rating>7.7</Rating>
  <RatingCount>23</RatingCount>
  <SeasonNumber>2</SeasonNumber>
  <Writer>Kevin Etten</Writer>
  <absolute_number></absolute_number>
  <filename>episodes/211751/4147373.jpg</filename>
  <lastupdated>1362476392</lastupdated>
  <seasonid>471254</seasonid>
  <seriesid>211751</seriesid>
</Episode>
<Episode>
  <id>4171027</id>
  <Combined_episodenumber>2</Combined_episodenumber>
  <Combined_season>2</Combined_season>
  <DVD_chapter></DVD_chapter>
  <DVD_discid></DVD_discid>
  <DVD_episodenumber></DVD_episodenumber>
  <DVD_season></DVD_season>
  <Director>Kyle Newacheck</Director>
  <EpImgFlag>2</EpImgFlag>
  <EpisodeName>Dry Guys</EpisodeName>
  <EpisodeNumber>2</EpisodeNumber>
  <FirstAired>2011-09-27</FirstAired>
  <GuestStars>Mitchell Hurwitz</GuestStars>
  <IMDB_ID></IMDB_ID>
  <Language>en</Language>
  <Overview>The guys try to quit drinking for a week after a particularly rough night of imbibing.</Overview>
  <ProductionCode>201</ProductionCode>
  <Rating>7.7</Rating>
  <RatingCount>20</RatingCount>
  <SeasonNumber>2</SeasonNumber>
  <Writer>Kyle Newacheck</Writer>
  <absolute_number></absolute_number>
  <filename>episodes/211751/4171027.jpg</filename>
  <lastupdated>1362476416</lastupdated>
  <seasonid>471254</seasonid>
  <seriesid>211751</seriesid>
</Episode>
<Episode>
  <id>4178706</id>
  <Combined_episodenumber>3</Combined_episodenumber>
  <Combined_season>2</Combined_season>
  <DVD_chapter></DVD_chapter>
  <DVD_discid></DVD_discid>
  <DVD_episodenumber></DVD_episodenumber>
  <DVD_season></DVD_season>
  <Director>Kyle Newacheck</Director>
  <EpImgFlag>2</EpImgFlag>
  <EpisodeName>Temp-Tress</EpisodeName>
  <EpisodeNumber>3</EpisodeNumber>
  <FirstAired>2011-10-04</FirstAired>
  <GuestStars>Nicky Whelan</GuestStars>
  <IMDB_ID></IMDB_ID>
  <Language>en</Language>
  <Overview>An attractive temp at TelAmeriCorp tests the guys' limits of self-control.</Overview>
  <ProductionCode>202</ProductionCode>
  <Rating>8.1</Rating>
  <RatingCount>19</RatingCount>
  <SeasonNumber>2</SeasonNumber>
  <Writer>Anders Holm</Writer>
  <absolute_number></absolute_number>
  <filename>episodes/211751/4178706.jpg</filename>
  <lastupdated>1362476438</lastupdated>
  <seasonid>471254</seasonid>
  <seriesid>211751</seriesid>
</Episode>
<Episode>
  <id>4180432</id>
  <Combined_episodenumber>4</Combined_episodenumber>
  <Combined_season>2</Combined_season>
  <DVD_chapter></DVD_chapter>
  <DVD_discid></DVD_discid>
  <DVD_episodenumber></DVD_episodenumber>
  <DVD_season></DVD_season>
  <Director>Tristram Shapeero</Director>
  <EpImgFlag>2</EpImgFlag>
  <EpisodeName>Model Kombat</EpisodeName>
  <EpisodeNumber>4</EpisodeNumber>
  <FirstAired>2011-10-11</FirstAired>
  <GuestStars>Ray Wise</GuestStars>
  <IMDB_ID></IMDB_ID>
  <Language>en</Language>
  <Overview>A rift develops between the guys when Adam contemplates finding work as a model.</Overview>
  <ProductionCode>205</ProductionCode>
  <Rating>7.7</Rating>
  <RatingCount>25</RatingCount>
  <SeasonNumber>2</SeasonNumber>
  <Writer>David King</Writer>
  <absolute_number></absolute_number>
  <filename>episodes/211751/4180432.jpg</filename>
  <lastupdated>1362476461</lastupdated>
  <seasonid>471254</seasonid>
  <seriesid>211751</seriesid>
</Episode>
<Episode>
  <id>4190418</id>
  <Combined_episodenumber>5</Combined_episodenumber>
  <Combined_season>2</Combined_season>
  <DVD_chapter></DVD_chapter>
  <DVD_discid></DVD_discid>
  <DVD_episodenumber></DVD_episodenumber>
  <DVD_season></DVD_season>
  <Director>Kyle Newacheck</Director>
  <EpImgFlag>2</EpImgFlag>
  <EpisodeName>Old Man Ders</EpisodeName>
  <EpisodeNumber>5</EpisodeNumber>
  <FirstAired>2011-10-18</FirstAired>
  <GuestStars>Gary Anthony Williams</GuestStars>
  <IMDB_ID></IMDB_ID>
  <Language>en</Language>
  <Overview>Ders wrestles with his impending mortality when he turns 25.</Overview>
  <ProductionCode>206</ProductionCode>
  <Rating>7.8</Rating>
  <RatingCount>16</RatingCount>
  <SeasonNumber>2</SeasonNumber>
  <Writer>Scott Rutherford</Writer>
  <absolute_number></absolute_number>
  <filename>episodes/211751/4190418.jpg</filename>
  <lastupdated>1362476488</lastupdated>
  <seasonid>471254</seasonid>
  <seriesid>211751</seriesid>
</Episode>
<Episode>
  <id>4190419</id>
  <Combined_episodenumber>6</Combined_episodenumber>
  <Combined_season>2</Combined_season>
  <DVD_chapter></DVD_chapter>
  <DVD_discid></DVD_discid>
  <DVD_episodenumber></DVD_episodenumber>
  <DVD_season></DVD_season>
  <Director>Kyle Newacheck</Director>
  <EpImgFlag>2</EpImgFlag>
  <EpisodeName>Stop! Pajama Time</EpisodeName>
  <EpisodeNumber>6</EpisodeNumber>
  <FirstAired>2011-10-25</FirstAired>
  <GuestStars></GuestStars>
  <IMDB_ID></IMDB_ID>
  <Language>en</Language>
  <Overview>When Jillian gets put in charge at work, all hell breaks loose.</Overview>
  <ProductionCode>207</ProductionCode>
  <Rating>7.6</Rating>
  <RatingCount>21</RatingCount>
  <SeasonNumber>2</SeasonNumber>
  <Writer>Blake Anderson</Writer>
  <absolute_number></absolute_number>
  <filename>episodes/211751/4190419.jpg</filename>
  <lastupdated>1362476511</lastupdated>
  <seasonid>471254</seasonid>
  <seriesid>211751</seriesid>
</Episode>
<Episode>
  <id>4190592</id>
  <Combined_episodenumber>7</Combined_episodenumber>
  <Combined_season>2</Combined_season>
  <DVD_chapter></DVD_chapter>
  <DVD_discid></DVD_discid>
  <DVD_episodenumber></DVD_episodenumber>
  <DVD_season></DVD_season>
  <Director>Kyle Newacheck</Director>
  <EpImgFlag>2</EpImgFlag>
  <EpisodeName>Teenage Mutant Ninja Roommates</EpisodeName>
  <EpisodeNumber>7</EpisodeNumber>
  <FirstAired>2011-11-01</FirstAired>
  <GuestStars></GuestStars>
  <IMDB_ID></IMDB_ID>
  <Language>en</Language>
  <Overview>The guys are chased by a security guard in Montez Walker's gated community.</Overview>
  <ProductionCode>208</ProductionCode>
  <Rating>7.7</Rating>
  <RatingCount>19</RatingCount>
  <SeasonNumber>2</SeasonNumber>
  <Writer>Leila Strachan</Writer>
  <absolute_number></absolute_number>
  <filename>episodes/211751/4190592.jpg</filename>
  <lastupdated>1362476537</lastupdated>
  <seasonid>471254</seasonid>
  <seriesid>211751</seriesid>
</Episode>
<Episode>
  <id>4195462</id>
  <Combined_episodenumber>8</Combined_episodenumber>
  <Combined_season>2</Combined_season>
  <DVD_chapter></DVD_chapter>
  <DVD_discid></DVD_discid>
  <DVD_episodenumber></DVD_episodenumber>
  <DVD_season></DVD_season>
  <Director>Jay Karas</Director>
  <EpImgFlag>2</EpImgFlag>
  <EpisodeName>Karl's Wedding</EpisodeName>
  <EpisodeNumber>8</EpisodeNumber>
  <FirstAired>2011-11-08</FirstAired>
  <GuestStars>Katee Sackhoff|Carla Gallo</GuestStars>
  <IMDB_ID></IMDB_ID>
  <Language>en</Language>
  <Overview>Karl Hevacheck, aka the Human Genius, gets married.</Overview>
  <ProductionCode>209</ProductionCode>
  <Rating>7.6</Rating>
  <RatingCount>20</RatingCount>
  <SeasonNumber>2</SeasonNumber>
  <Writer>Kevin Etten</Writer>
  <absolute_number></absolute_number>
  <filename>episodes/211751/4195462.jpg</filename>
  <lastupdated>1362547148</lastupdated>
  <seasonid>471254</seasonid>
  <seriesid>211751</seriesid>
</Episode>
<Episode>
  <id>4200511</id>
  <Combined_episodenumber>9</Combined_episodenumber>
  <Combined_season>2</Combined_season>
  <DVD_chapter></DVD_chapter>
  <DVD_discid></DVD_discid>
  <DVD_episodenumber></DVD_episodenumber>
  <DVD_season></DVD_season>
  <Director>Kyle Newacheck</Director>
  <EpImgFlag>2</EpImgFlag>
  <EpisodeName>Man Up</EpisodeName>
  <EpisodeNumber>9</EpisodeNumber>
  <FirstAired>2011-11-15</FirstAired>
  <GuestStars></GuestStars>
  <IMDB_ID></IMDB_ID>
  <Language>en</Language>
  <Overview>The guys take a &quot;man trip&quot; to get their macho mojo back.</Overview>
  <ProductionCode>210</ProductionCode>
  <Rating>7.8</Rating>
  <RatingCount>21</RatingCount>
  <SeasonNumber>2</SeasonNumber>
  <Writer>Anders Holm</Writer>
  <absolute_number></absolute_number>
  <filename>episodes/211751/4200511.jpg</filename>
  <lastupdated>1362476580</lastupdated>
  <seasonid>471254</seasonid>
  <seriesid>211751</seriesid>
</Episode>
<Episode>
  <id>4210238</id>
  <Combined_episodenumber>10</Combined_episodenumber>
  <Combined_season>2</Combined_season>
  <DVD_chapter></DVD_chapter>
  <DVD_discid></DVD_discid>
  <DVD_episodenumber></DVD_episodenumber>
  <DVD_season></DVD_season>
  <Director>Kyle Newacheck</Director>
  <EpImgFlag>2</EpImgFlag>
  <EpisodeName>6 Hours Till Hedonism II</EpisodeName>
  <EpisodeNumber>10</EpisodeNumber>
  <FirstAired>2011-11-22</FirstAired>
  <GuestStars></GuestStars>
  <IMDB_ID></IMDB_ID>
  <Language>en</Language>
  <Overview>In the second-season finale, the guys’ Thanksgiving trip to a resort known for debauchery is in jeopardy unless they can get Blake a passport in six hours.</Overview>
  <ProductionCode>204</ProductionCode>
  <Rating>7.9</Rating>
  <RatingCount>19</RatingCount>
  <SeasonNumber>2</SeasonNumber>
  <Writer>Adam Devine</Writer>
  <absolute_number></absolute_number>
  <filename>episodes/211751/4210238.jpg</filename>
  <lastupdated>1362476607</lastupdated>
  <seasonid>471254</seasonid>
  <seriesid>211751</seriesid>
</Episode>
<Episode>
  <id>4292812</id>
  <Combined_episodenumber>1</Combined_episodenumber>
  <Combined_season>3</Combined_season>
  <DVD_chapter></DVD_chapter>
  <DVD_discid></DVD_discid>
  <DVD_episodenumber></DVD_episodenumber>
  <DVD_season></DVD_season>
  <Director></Director>
  <EpImgFlag>2</EpImgFlag>
  <EpisodeName>The Business Trip</EpisodeName>
  <EpisodeNumber>1</EpisodeNumber>
  <FirstAired>2012-05-29</FirstAired>
  <GuestStars></GuestStars>
  <IMDB_ID></IMDB_ID>
  <Language>en</Language>
  <Overview>The guys drop acid while on a business trip and soon find themselves dealing with bizarre situations while trying to remain in control.</Overview>
  <ProductionCode></ProductionCode>
  <Rating>8.3</Rating>
  <RatingCount>15</RatingCount>
  <SeasonNumber>3</SeasonNumber>
  <Writer></Writer>
  <absolute_number></absolute_number>
  <filename>episodes/211751/4292812.jpg</filename>
  <lastupdated>1338424053</lastupdated>
  <seasonid>488449</seasonid>
  <seriesid>211751</seriesid>
</Episode>
<Episode>
  <id>4334682</id>
  <Combined_episodenumber>2</Combined_episodenumber>
  <Combined_season>3</Combined_season>
  <DVD_chapter></DVD_chapter>
  <DVD_discid></DVD_discid>
  <DVD_episodenumber></DVD_episodenumber>
  <DVD_season></DVD_season>
  <Director></Director>
  <EpImgFlag>2</EpImgFlag>
  <EpisodeName>True Dromance</EpisodeName>
  <EpisodeNumber>2</EpisodeNumber>
  <FirstAired>2012-06-05</FirstAired>
  <GuestStars></GuestStars>
  <IMDB_ID></IMDB_ID>
  <Language>en</Language>
  <Overview>The guys go behind Karl's back when they find a new drug dealer.</Overview>
  <ProductionCode></ProductionCode>
  <Rating>7.7</Rating>
  <RatingCount>14</RatingCount>
  <SeasonNumber>3</SeasonNumber>
  <Writer></Writer>
  <absolute_number></absolute_number>
  <filename>episodes/211751/4334682.jpg</filename>
  <lastupdated>1338934198</lastupdated>
  <seasonid>488449</seasonid>
  <seriesid>211751</seriesid>
</Episode>
<Episode>
  <id>4334699</id>
  <Combined_episodenumber>3</Combined_episodenumber>
  <Combined_season>3</Combined_season>
  <DVD_chapter></DVD_chapter>
  <DVD_discid></DVD_discid>
  <DVD_episodenumber></DVD_episodenumber>
  <DVD_season></DVD_season>
  <Director></Director>
  <EpImgFlag>3</EpImgFlag>
  <EpisodeName>Fat Cuz</EpisodeName>
  <EpisodeNumber>3</EpisodeNumber>
  <FirstAired>2012-06-12</FirstAired>
  <GuestStars></GuestStars>
  <IMDB_ID></IMDB_ID>
  <Language>en</Language>
  <Overview>The guys enlist Adam's obese cousin to get a handicapped parking pass.</Overview>
  <ProductionCode></ProductionCode>
  <Rating>7.9</Rating>
  <RatingCount>14</RatingCount>
  <SeasonNumber>3</SeasonNumber>
  <Writer></Writer>
  <absolute_number></absolute_number>
  <filename>episodes/211751/4334699.jpg</filename>
  <lastupdated>1339106026</lastupdated>
  <seasonid>488449</seasonid>
  <seriesid>211751</seriesid>
</Episode>
<Episode>
  <id>4339012</id>
  <Combined_episodenumber>4</Combined_episodenumber>
  <Combined_season>3</Combined_season>
  <DVD_chapter></DVD_chapter>
  <DVD_discid></DVD_discid>
  <DVD_episodenumber></DVD_episodenumber>
  <DVD_season></DVD_season>
  <Director></Director>
  <EpImgFlag>3</EpImgFlag>
  <EpisodeName>To Kill a Chupacabraj</EpisodeName>
  <EpisodeNumber>4</EpisodeNumber>
  <FirstAired>2012-06-19</FirstAired>
  <GuestStars></GuestStars>
  <IMDB_ID></IMDB_ID>
  <Language>en</Language>
  <Overview>The guys battle Montez in Small Claims Court.</Overview>
  <ProductionCode></ProductionCode>
  <Rating>8.6</Rating>
  <RatingCount>13</RatingCount>
  <SeasonNumber>3</SeasonNumber>
  <Writer></Writer>
  <absolute_number></absolute_number>
  <filename>episodes/211751/4339012.jpg</filename>
  <lastupdated>1340149014</lastupdated>
  <seasonid>488449</seasonid>
  <seriesid>211751</seriesid>
</Episode>
<Episode>
  <id>4345650</id>
  <Combined_episodenumber>5</Combined_episodenumber>
  <Combined_season>3</Combined_season>
  <DVD_chapter></DVD_chapter>
  <DVD_discid></DVD_discid>
  <DVD_episodenumber></DVD_episodenumber>
  <DVD_season></DVD_season>
  <Director></Director>
  <EpImgFlag>2</EpImgFlag>
  <EpisodeName>Good Mourning</EpisodeName>
  <EpisodeNumber>5</EpisodeNumber>
  <FirstAired>2012-06-26</FirstAired>
  <GuestStars></GuestStars>
  <IMDB_ID></IMDB_ID>
  <Language>en</Language>
  <Overview>The guys face the death of a beloved co-worker.</Overview>
  <ProductionCode></ProductionCode>
  <Rating>8.6</Rating>
  <RatingCount>11</RatingCount>
  <SeasonNumber>3</SeasonNumber>
  <Writer></Writer>
  <absolute_number></absolute_number>
  <filename>episodes/211751/4345650.jpg</filename>
  <lastupdated>1340778340</lastupdated>
  <seasonid>488449</seasonid>
  <seriesid>211751</seriesid>
</Episode>
<Episode>
  <id>4349728</id>
  <Combined_episodenumber>6</Combined_episodenumber>
  <Combined_season>3</Combined_season>
  <DVD_chapter></DVD_chapter>
  <DVD_discid></DVD_discid>
  <DVD_episodenumber></DVD_episodenumber>
  <DVD_season></DVD_season>
  <Director></Director>
  <EpImgFlag>2</EpImgFlag>
  <EpisodeName>The Meat Jerking Beef Boys</EpisodeName>
  <EpisodeNumber>6</EpisodeNumber>
  <FirstAired>2012-07-03</FirstAired>
  <GuestStars></GuestStars>
  <IMDB_ID></IMDB_ID>
  <Language>en</Language>
  <Overview>The guys' friendship is tested when Ders's dad comes to visit.</Overview>
  <ProductionCode></ProductionCode>
  <Rating>8.1</Rating>
  <RatingCount>17</RatingCount>
  <SeasonNumber>3</SeasonNumber>
  <Writer></Writer>
  <absolute_number></absolute_number>
  <filename>episodes/211751/4349728.jpg</filename>
  <lastupdated>1341379345</lastupdated>
  <seasonid>488449</seasonid>
  <seriesid>211751</seriesid>
</Episode>
<Episode>
  <id>4354217</id>
  <Combined_episodenumber>7</Combined_episodenumber>
  <Combined_season>3</Combined_season>
  <DVD_chapter></DVD_chapter>
  <DVD_discid></DVD_discid>
  <DVD_episodenumber></DVD_episodenumber>
  <DVD_season></DVD_season>
  <Director></Director>
  <EpImgFlag>2</EpImgFlag>
  <EpisodeName>The Lord's Force</EpisodeName>
  <EpisodeNumber>7</EpisodeNumber>
  <FirstAired>2012-07-10</FirstAired>
  <GuestStars></GuestStars>
  <IMDB_ID></IMDB_ID>
  <Language>en</Language>
  <Overview>The guys welcome two members of their favorite faith-based strong man group into their home.</Overview>
  <ProductionCode></ProductionCode>
  <Rating>8.0</Rating>
  <RatingCount>12</RatingCount>
  <SeasonNumber>3</SeasonNumber>
  <Writer></Writer>
  <absolute_number></absolute_number>
  <filename>episodes/211751/4354217.jpg</filename>
  <lastupdated>1341980202</lastupdated>
  <seasonid>488449</seasonid>
  <seriesid>211751</seriesid>
</Episode>
<Episode>
  <id>4355294</id>
  <Combined_episodenumber>8</Combined_episodenumber>
  <Combined_season>3</Combined_season>
  <DVD_chapter></DVD_chapter>
  <DVD_discid></DVD_discid>
  <DVD_episodenumber></DVD_episodenumber>
  <DVD_season></DVD_season>
  <Director></Director>
  <EpImgFlag>2</EpImgFlag>
  <EpisodeName>Real Time</EpisodeName>
  <EpisodeNumber>8</EpisodeNumber>
  <FirstAired>2012-07-17</FirstAired>
  <GuestStars></GuestStars>
  <IMDB_ID></IMDB_ID>
  <Language>en</Language>
  <Overview>The guys have to beat Alice to work or risk being fired.</Overview>
  <ProductionCode></ProductionCode>
  <Rating>8.4</Rating>
  <RatingCount>13</RatingCount>
  <SeasonNumber>3</SeasonNumber>
  <Writer></Writer>
  <absolute_number></absolute_number>
  <filename>episodes/211751/4355294.jpg</filename>
  <lastupdated>1342643775</lastupdated>
  <seasonid>488449</seasonid>
  <seriesid>211751</seriesid>
</Episode>
<Episode>
  <id>4355812</id>
  <Combined_episodenumber>9</Combined_episodenumber>
  <Combined_season>3</Combined_season>
  <DVD_chapter></DVD_chapter>
  <DVD_discid></DVD_discid>
  <DVD_episodenumber></DVD_episodenumber>
  <DVD_season></DVD_season>
  <Director></Director>
  <EpImgFlag>2</EpImgFlag>
  <EpisodeName>Ders Comes In Handy</EpisodeName>
  <EpisodeNumber>9</EpisodeNumber>
  <FirstAired>2012-07-24</FirstAired>
  <GuestStars></GuestStars>
  <IMDB_ID></IMDB_ID>
  <Language>en</Language>
  <Overview>Montez thinks his wife is being unfaithful, so the guys help with the search for her paramour.</Overview>
  <ProductionCode></ProductionCode>
  <Rating>8.1</Rating>
  <RatingCount>14</RatingCount>
  <SeasonNumber>3</SeasonNumber>
  <Writer></Writer>
  <absolute_number></absolute_number>
  <filename>episodes/211751/4355812.jpg</filename>
  <lastupdated>1343196973</lastupdated>
  <seasonid>488449</seasonid>
  <seriesid>211751</seriesid>
</Episode>
<Episode>
  <id>4355813</id>
  <Combined_episodenumber>10</Combined_episodenumber>
  <Combined_season>3</Combined_season>
  <DVD_chapter></DVD_chapter>
  <DVD_discid></DVD_discid>
  <DVD_episodenumber></DVD_episodenumber>
  <DVD_season></DVD_season>
  <Director></Director>
  <EpImgFlag>2</EpImgFlag>
  <EpisodeName>Flashback in the Day</EpisodeName>
  <EpisodeNumber>10</EpisodeNumber>
  <FirstAired>2012-07-31</FirstAired>
  <GuestStars></GuestStars>
  <IMDB_ID></IMDB_ID>
  <Language>en</Language>
  <Overview>A look back in time to explain how Adam, Blake and Ders met for the first time.</Overview>
  <ProductionCode></ProductionCode>
  <Rating>8.2</Rating>
  <RatingCount>11</RatingCount>
  <SeasonNumber>3</SeasonNumber>
  <Writer></Writer>
  <absolute_number></absolute_number>
  <filename>episodes/211751/4355813.jpg</filename>
  <lastupdated>1358643621</lastupdated>
  <seasonid>488449</seasonid>
  <seriesid>211751</seriesid>
</Episode>
<Episode>
  <id>4480675</id>
  <Combined_episodenumber>11</Combined_episodenumber>
  <Combined_season>3</Combined_season>
  <DVD_chapter></DVD_chapter>
  <DVD_discid></DVD_discid>
  <DVD_episodenumber></DVD_episodenumber>
  <DVD_season></DVD_season>
  <Director></Director>
  <EpImgFlag>2</EpImgFlag>
  <EpisodeName>Booger Nights</EpisodeName>
  <EpisodeNumber>11</EpisodeNumber>
  <FirstAired>2013-01-16</FirstAired>
  <GuestStars></GuestStars>
  <IMDB_ID>tt2444362</IMDB_ID>
  <Language>en</Language>
  <Overview>The guys set out to prove they're the funniest people in the office at an employee's roast.</Overview>
  <ProductionCode></ProductionCode>
  <Rating>8.3</Rating>
  <RatingCount>4</RatingCount>
  <SeasonNumber>3</SeasonNumber>
  <Writer></Writer>
  <absolute_number></absolute_number>
  <filename>episodes/211751/4480675.jpg</filename>
  <lastupdated>1358643317</lastupdated>
  <seasonid>488449</seasonid>
  <seriesid>211751</seriesid>
</Episode>
<Episode>
  <id>4478210</id>
  <Combined_episodenumber>12</Combined_episodenumber>
  <Combined_season>3</Combined_season>
  <DVD_chapter></DVD_chapter>
  <DVD_discid></DVD_discid>
  <DVD_episodenumber></DVD_episodenumber>
  <DVD_season></DVD_season>
  <Director>Jay Karas</Director>
  <EpImgFlag>2</EpImgFlag>
  <EpisodeName>A TelAmerican Horror Story</EpisodeName>
  <EpisodeNumber>12</EpisodeNumber>
  <FirstAired>2013-01-23</FirstAired>
  <GuestStars></GuestStars>
  <IMDB_ID>tt2492544</IMDB_ID>
  <Language>en</Language>
  <Overview>Things get spooky when the guys discover a former employee may be haunting the office</Overview>
  <ProductionCode></ProductionCode>
  <Rating>8.3</Rating>
  <RatingCount>10</RatingCount>
  <SeasonNumber>3</SeasonNumber>
  <Writer>| Blake Anderson | Adam DeVine | Kevin Etten | Anders Holm | Kyle Newacheck | Connor Pritchard | Dominic Russo |</Writer>
  <absolute_number></absolute_number>
  <filename>episodes/211751/4478210.jpg</filename>
  <lastupdated>1359097100</lastupdated>
  <seasonid>488449</seasonid>
  <seriesid>211751</seriesid>
</Episode>
<Episode>
  <id>4480674</id>
  <Combined_episodenumber>13</Combined_episodenumber>
  <Combined_season>3</Combined_season>
  <DVD_chapter></DVD_chapter>
  <DVD_discid></DVD_discid>
  <DVD_episodenumber></DVD_episodenumber>
  <DVD_season></DVD_season>
  <Director>Jay Karas</Director>
  <EpImgFlag>2</EpImgFlag>
  <EpisodeName>Alice Quits</EpisodeName>
  <EpisodeNumber>13</EpisodeNumber>
  <FirstAired>2013-01-30</FirstAired>
  <GuestStars></GuestStars>
  <IMDB_ID>tt2492550</IMDB_ID>
  <Language>en</Language>
  <Overview>The guys meet their new boss when Alice quits being their old boss.</Overview>
  <ProductionCode></ProductionCode>
  <Rating>7.8</Rating>
  <RatingCount>12</RatingCount>
  <SeasonNumber>3</SeasonNumber>
  <Writer>| Blake Anderson | Adam DeVine | Kevin Etten | Anders Holm | Kyle Newacheck | Connor Pritchard | Dominic Russo |</Writer>
  <absolute_number></absolute_number>
  <filename>episodes/211751/4480674.jpg</filename>
  <lastupdated>1359630408</lastupdated>
  <seasonid>488449</seasonid>
  <seriesid>211751</seriesid>
</Episode>
<Episode>
  <id>4478212</id>
  <Combined_episodenumber>14</Combined_episodenumber>
  <Combined_season>3</Combined_season>
  <DVD_chapter></DVD_chapter>
  <DVD_discid></DVD_discid>
  <DVD_episodenumber></DVD_episodenumber>
  <DVD_season></DVD_season>
  <Director>Kyle Newacheck</Director>
  <EpImgFlag>2</EpImgFlag>
  <EpisodeName>Fourth and Inches</EpisodeName>
  <EpisodeNumber>14</EpisodeNumber>
  <FirstAired>2013-02-06</FirstAired>
  <GuestStars></GuestStars>
  <IMDB_ID></IMDB_ID>
  <Language>en</Language>
  <Overview>The guys get hooked on betting on high-school sports.</Overview>
  <ProductionCode>315</ProductionCode>
  <Rating>9.0</Rating>
  <RatingCount>6</RatingCount>
  <SeasonNumber>3</SeasonNumber>
  <Writer>Sean Clements|Dominic Dierkes</Writer>
  <absolute_number></absolute_number>
  <filename>episodes/211751/4478212.jpg</filename>
  <lastupdated>1362463991</lastupdated>
  <seasonid>488449</seasonid>
  <seriesid>211751</seriesid>
</Episode>
<Episode>
  <id>4488950</id>
  <Combined_episodenumber>15</Combined_episodenumber>
  <Combined_season>3</Combined_season>
  <DVD_chapter></DVD_chapter>
  <DVD_discid></DVD_discid>
  <DVD_episodenumber></DVD_episodenumber>
  <DVD_season></DVD_season>
  <Director>Christian Hoffman</Director>
  <EpImgFlag>2</EpImgFlag>
  <EpisodeName>Webcam Girl</EpisodeName>
  <EpisodeNumber>15</EpisodeNumber>
  <FirstAired>2013-02-13</FirstAired>
  <GuestStars></GuestStars>
  <IMDB_ID></IMDB_ID>
  <Language>en</Language>
  <Overview>The guys look for romance on the Web when they're alone on Valentine's Day.</Overview>
  <ProductionCode>312</ProductionCode>
  <Rating>7.5</Rating>
  <RatingCount>11</RatingCount>
  <SeasonNumber>3</SeasonNumber>
  <Writer>John Carcieri</Writer>
  <absolute_number></absolute_number>
  <filename>episodes/211751/4488950.jpg</filename>
  <lastupdated>1362464008</lastupdated>
  <seasonid>488449</seasonid>
  <seriesid>211751</seriesid>
</Episode>
<Episode>
  <id>4488951</id>
  <Combined_episodenumber>16</Combined_episodenumber>
  <Combined_season>3</Combined_season>
  <DVD_chapter></DVD_chapter>
  <DVD_discid></DVD_discid>
  <DVD_episodenumber></DVD_episodenumber>
  <DVD_season></DVD_season>
  <Director>Ben Berman</Director>
  <EpImgFlag>2</EpImgFlag>
  <EpisodeName>High Art</EpisodeName>
  <EpisodeNumber>16</EpisodeNumber>
  <FirstAired>2013-02-20</FirstAired>
  <GuestStars></GuestStars>
  <IMDB_ID></IMDB_ID>
  <Language>en</Language>
  <Overview>Adam and Ders try to get rich by becoming inventors; Blake joins an artist collective for teens.</Overview>
  <ProductionCode>316</ProductionCode>
  <Rating>7.7</Rating>
  <RatingCount>10</RatingCount>
  <SeasonNumber>3</SeasonNumber>
  <Writer>Sean Clements|Dominic Dierkes</Writer>
  <absolute_number></absolute_number>
  <filename>episodes/211751/4488951.jpg</filename>
  <lastupdated>1362464027</lastupdated>
  <seasonid>488449</seasonid>
  <seriesid>211751</seriesid>
</Episode>
<Episode>
  <id>4488952</id>
  <Combined_episodenumber>17</Combined_episodenumber>
  <Combined_season>3</Combined_season>
  <DVD_chapter></DVD_chapter>
  <DVD_discid></DVD_discid>
  <DVD_episodenumber></DVD_episodenumber>
  <DVD_season></DVD_season>
  <Director>Ben Berman</Director>
  <EpImgFlag>3</EpImgFlag>
  <EpisodeName>The Worst Generation</EpisodeName>
  <EpisodeNumber>17</EpisodeNumber>
  <FirstAired>2013-02-27</FirstAired>
  <GuestStars>Jordan Peele</GuestStars>
  <IMDB_ID></IMDB_ID>
  <Language>en</Language>
  <Overview>The guys meet Adam's grandfather during a visit to a rest home.</Overview>
  <ProductionCode>318</ProductionCode>
  <Rating>8.0</Rating>
  <RatingCount>9</RatingCount>
  <SeasonNumber>3</SeasonNumber>
  <Writer>Tony Goodman|Steven White</Writer>
  <absolute_number></absolute_number>
  <filename>episodes/211751/4488952.jpg</filename>
  <lastupdated>1362549517</lastupdated>
  <seasonid>488449</seasonid>
  <seriesid>211751</seriesid>
</Episode>
<Episode>
  <id>4488953</id>
  <Combined_episodenumber>18</Combined_episodenumber>
  <Combined_season>3</Combined_season>
  <DVD_chapter></DVD_chapter>
  <DVD_discid></DVD_discid>
  <DVD_episodenumber></DVD_episodenumber>
  <DVD_season></DVD_season>
  <Director>Kyle Newacheck</Director>
  <EpImgFlag>2</EpImgFlag>
  <EpisodeName>Hungry Like the Wolf Dog</EpisodeName>
  <EpisodeNumber>18</EpisodeNumber>
  <FirstAired>2013-03-06</FirstAired>
  <GuestStars></GuestStars>
  <IMDB_ID></IMDB_ID>
  <Language>en</Language>
  <Overview>The guys take a road trip late at night in search of a legendary breakfast burrito.</Overview>
  <ProductionCode></ProductionCode>
  <Rating>7.8</Rating>
  <RatingCount>8</RatingCount>
  <SeasonNumber>3</SeasonNumber>
  <Writer>Craig Digregorio</Writer>
  <absolute_number></absolute_number>
  <filename>episodes/211751/4488953.jpg</filename>
  <lastupdated>1362659924</lastupdated>
  <seasonid>488449</seasonid>
  <seriesid>211751</seriesid>
</Episode>
<Episode>
  <id>4488954</id>
  <Combined_episodenumber>19</Combined_episodenumber>
  <Combined_season>3</Combined_season>
  <DVD_chapter></DVD_chapter>
  <DVD_discid></DVD_discid>
  <DVD_episodenumber></DVD_episodenumber>
  <DVD_season></DVD_season>
  <Director></Director>
  <EpImgFlag>2</EpImgFlag>
  <EpisodeName>In Line</EpisodeName>
  <EpisodeNumber>19</EpisodeNumber>
  <FirstAired>2013-03-13</FirstAired>
  <GuestStars></GuestStars>
  <IMDB_ID></IMDB_ID>
  <Language>en</Language>
  <Overview>The guys are anxious to acquire a new video game, but each wants his own copy.</Overview>
  <ProductionCode></ProductionCode>
  <Rating>8.3</Rating>
  <RatingCount>7</RatingCount>
  <SeasonNumber>3</SeasonNumber>
  <Writer></Writer>
  <absolute_number></absolute_number>
  <filename>episodes/211751/4488954.jpg</filename>
  <lastupdated>1363302094</lastupdated>
  <seasonid>488449</seasonid>
  <seriesid>211751</seriesid>
</Episode>
<Episode>
  <id>4488955</id>
  <Combined_episodenumber>20</Combined_episodenumber>
  <Combined_season>3</Combined_season>
  <DVD_chapter></DVD_chapter>
  <DVD_discid></DVD_discid>
  <DVD_episodenumber></DVD_episodenumber>
  <DVD_season></DVD_season>
  <Director>Kyle Newacheck</Director>
  <EpImgFlag>2</EpImgFlag>
  <EpisodeName>The Future Is Gnar</EpisodeName>
  <EpisodeNumber>20</EpisodeNumber>
  <FirstAired>2013-03-20</FirstAired>
  <GuestStars></GuestStars>
  <IMDB_ID></IMDB_ID>
  <Language>en</Language>
  <Overview>In the Season 3 finale, Blake worries about the future and the supremacy of machines when Alice unveils an automated phone system at the office.</Overview>
  <ProductionCode></ProductionCode>
  <Rating>8.4</Rating>
  <RatingCount>7</RatingCount>
  <SeasonNumber>3</SeasonNumber>
  <Writer>Blake Anderson</Writer>
  <absolute_number></absolute_number>
  <filename>episodes/211751/4488955.jpg</filename>
  <lastupdated>1363866419</lastupdated>
  <seasonid>488449</seasonid>
  <seriesid>211751</seriesid>
</Episode>
</Data>