<?xml version="1.0" encoding="UTF-8" ?>
<Actors>
<Actor>
  <id>295874</id>
  <Image>actors/295874.jpg</Image>
  <Name>Jonny Lee Miller</Name>
  <Role>Sherlock Holmes</Role>
  <SortOrder>0</SortOrder>
</Actor>
<Actor>
  <id>295875</id>
  <Image>actors/295875.jpg</Image>
  <Name>Lucy Liu</Name>
  <Role>Dr. Joan Watson</Role>
  <SortOrder>1</SortOrder>
</Actor>
<Actor>
  <id>300814</id>
  <Image>actors/300814.jpg</Image>
  <Name>Aidan Quinn</Name>
  <Role>Captain Tobias Gregson</Role>
  <SortOrder>2</SortOrder>
</Actor>
<Actor>
  <id>309389</id>
  <Image>actors/309389.jpg</Image>
  <Name>Jon Michael Hill</Name>
  <Role>Detective Marcus Bell</Role>
  <SortOrder>3</SortOrder>
</Actor>
</Actors>