<?xml version="1.0" encoding="UTF-8" ?>
<Data><Series>
  <id>255316</id>
  <Actors>|Jonny Lee Miller|Lucy Liu|Aidan Quinn|Jon Michael Hill|</Actors>
  <Airs_DayOfWeek>Thursday</Airs_DayOfWeek>
  <Airs_Time>10:00 PM</Airs_Time>
  <ContentRating>TV-14</ContentRating>
  <FirstAired>2012-09-27</FirstAired>
  <Genre>|Drama|</Genre>
  <IMDB_ID>tt2191671</IMDB_ID>
  <Language>en</Language>
  <Network>CBS</Network>
  <NetworkID></NetworkID>
  <Overview>Following his fall from grace in London and a stint in rehab, eccentric Sherlock escapes to Manhattan where his wealthy father forces him to live with his worst nightmare – a sober companion, Dr. Watson. A successful surgeon until she lost a patient and her license three years ago, Watson views her current job as another opportunity to help people, as well as paying a penance. Holmes resumes his work as a police consultant in New York City and Watson has no choice but to accompany her irascible new charge on his jobs. But Sherlock finds her medical background helpful, and Watson realizes she has a knack for playing investigator.

With the mischievous Sherlock Holmes now running free in New York solving crimes, it’s simple deduction that he’s going to need someone to keep him grounded, and it’s elementary that it’s a job for Watson. </Overview>
  <Rating>8.2</Rating>
  <RatingCount>42</RatingCount>
  <Runtime>60</Runtime>
  <SeriesID>158575</SeriesID>
  <SeriesName>Elementary</SeriesName>
  <Status>Continuing</Status>
  <added>2012-01-18 10:10:20</added>
  <addedBy>344138</addedBy>
  <banner>graphical/255316-g7.jpg</banner>
  <fanart>fanart/original/255316-8.jpg</fanart>
  <lastupdated>1365592149</lastupdated>
  <poster>posters/255316-8.jpg</poster>
  <zap2it_id>EP01568604</zap2it_id>
</Series>
<Episode>
  <id>4316121</id>
  <Combined_episodenumber>1</Combined_episodenumber>
  <Combined_season>1</Combined_season>
  <DVD_chapter></DVD_chapter>
  <DVD_discid></DVD_discid>
  <DVD_episodenumber></DVD_episodenumber>
  <DVD_season></DVD_season>
  <Director>Michael Cuesta</Director>
  <EpImgFlag>2</EpImgFlag>
  <EpisodeName>Pilot</EpisodeName>
  <EpisodeNumber>1</EpisodeNumber>
  <FirstAired>2012-09-27</FirstAired>
  <GuestStars>Manny Perez|Bill Heck|Dallas Roberts|Craig Walker</GuestStars>
  <IMDB_ID>tt2312764</IMDB_ID>
  <Language>en</Language>
  <Overview>Detective Sherlock Holmes, along with his sober companion, Dr. Joan Watson, uses his uncanny ability to read people and analyze crimes to assist the NYPD on some of their more difficult cases. In the season premiere, Holmes consults on a home invasion that resulted in murder.</Overview>
  <ProductionCode></ProductionCode>
  <Rating>7.6</Rating>
  <RatingCount>97</RatingCount>
  <SeasonNumber>1</SeasonNumber>
  <Writer>Rob Doherty</Writer>
  <absolute_number>1</absolute_number>
  <filename>episodes/255316/4316121.jpg</filename>
  <lastupdated>1365108847</lastupdated>
  <seasonid>491151</seasonid>
  <seriesid>255316</seriesid>
</Episode>
<Episode>
  <id>4374761</id>
  <Combined_episodenumber>2</Combined_episodenumber>
  <Combined_season>1</Combined_season>
  <DVD_chapter></DVD_chapter>
  <DVD_discid></DVD_discid>
  <DVD_episodenumber></DVD_episodenumber>
  <DVD_season></DVD_season>
  <Director>John David Coles</Director>
  <EpImgFlag>2</EpImgFlag>
  <EpisodeName>While You Were Sleeping</EpisodeName>
  <EpisodeNumber>2</EpisodeNumber>
  <FirstAired>2012-10-04</FirstAired>
  <GuestStars>Jennifer Ferrin|Bill Heck|Casey Siemaszko|Rosa Arredondo</GuestStars>
  <IMDB_ID>tt2331654</IMDB_ID>
  <Language>en</Language>
  <Overview>Sherlock uses his powers of deduction to consult on the murder of a young man who is shot upon entering his apartment. Meanwhile, Watson has dinner with her ex-boyfriend, Ty Morstan.</Overview>
  <ProductionCode></ProductionCode>
  <Rating>7.6</Rating>
  <RatingCount>93</RatingCount>
  <SeasonNumber>1</SeasonNumber>
  <Writer>Robert Doherty</Writer>
  <absolute_number>2</absolute_number>
  <filename>episodes/255316/4374761.jpg</filename>
  <lastupdated>1364819950</lastupdated>
  <seasonid>491151</seasonid>
  <seriesid>255316</seriesid>
</Episode>
<Episode>
  <id>4374762</id>
  <Combined_episodenumber>3</Combined_episodenumber>
  <Combined_season>1</Combined_season>
  <DVD_chapter></DVD_chapter>
  <DVD_discid></DVD_discid>
  <DVD_episodenumber></DVD_episodenumber>
  <DVD_season></DVD_season>
  <Director>Rod Holcomb</Director>
  <EpImgFlag>2</EpImgFlag>
  <EpisodeName>Child Predator</EpisodeName>
  <EpisodeNumber>3</EpisodeNumber>
  <FirstAired>2012-10-18</FirstAired>
  <GuestStars>Johnny Simmons|Yancey Arias|Michael Countryman|Erin Dilly|Selenis Leyva|Christopher Evan Welch|Larisa Polonsky</GuestStars>
  <IMDB_ID>tt2348774</IMDB_ID>
  <Language>en</Language>
  <Overview>Sherlock and Watson consult on a child abduction case involving a serial killer who is nicknamed &quot;The Balloon Man,&quot; because he leaves a signature batch of balloons at each of his crime scenes.
</Overview>
  <ProductionCode></ProductionCode>
  <Rating>7.7</Rating>
  <RatingCount>85</RatingCount>
  <SeasonNumber>1</SeasonNumber>
  <Writer>Peter Blake</Writer>
  <absolute_number></absolute_number>
  <filename>episodes/255316/4374762.jpg</filename>
  <lastupdated>1364819957</lastupdated>
  <seasonid>491151</seasonid>
  <seriesid>255316</seriesid>
</Episode>
<Episode>
  <id>4392166</id>
  <Combined_episodenumber>4</Combined_episodenumber>
  <Combined_season>1</Combined_season>
  <DVD_chapter></DVD_chapter>
  <DVD_discid></DVD_discid>
  <DVD_episodenumber></DVD_episodenumber>
  <DVD_season></DVD_season>
  <Director>Rosemary Rodriguez</Director>
  <EpImgFlag>2</EpImgFlag>
  <EpisodeName>The Rat Race</EpisodeName>
  <EpisodeNumber>4</EpisodeNumber>
  <FirstAired>2012-10-25</FirstAired>
  <GuestStars>Craig Bierko|Molly Price|Luke Kirby|Jennifer Van Dyck|Andrew Pang|Susan Pourfar</GuestStars>
  <IMDB_ID>tt2360490</IMDB_ID>
  <Language>en</Language>
  <Overview>Even though he despises bankers, Holmes agrees to consult on a case involving the death of a Wall Street executive who appears to have overdosed on heroin. Meanwhile, with Holmes’ encouragement, Watson tries to re-enter the dating scene.</Overview>
  <ProductionCode></ProductionCode>
  <Rating>7.7</Rating>
  <RatingCount>88</RatingCount>
  <SeasonNumber>1</SeasonNumber>
  <Writer>Craig Sweeny</Writer>
  <absolute_number></absolute_number>
  <filename>episodes/255316/4392166.jpg</filename>
  <lastupdated>1364819965</lastupdated>
  <seasonid>491151</seasonid>
  <seriesid>255316</seriesid>
</Episode>
<Episode>
  <id>4395956</id>
  <Combined_episodenumber>5</Combined_episodenumber>
  <Combined_season>1</Combined_season>
  <DVD_chapter></DVD_chapter>
  <DVD_discid></DVD_discid>
  <DVD_episodenumber></DVD_episodenumber>
  <DVD_season></DVD_season>
  <Director>Colin Bucksey</Director>
  <EpImgFlag>2</EpImgFlag>
  <EpisodeName>Lesser Evils</EpisodeName>
  <EpisodeNumber>5</EpisodeNumber>
  <FirstAired>2012-11-01</FirstAired>
  <GuestStars>David Harbour|David Costabile|Ben Rappaport|Jenni Barber|Anika Noni Rose</GuestStars>
  <IMDB_ID>tt2459398</IMDB_ID>
  <Language>en</Language>
  <Overview>Sherlock tries to determine who has been killing weak and terminal patients at a hospital, making it look like they died of natural causes. Meanwhile, Sherlock learns more about Joan’s decision to walk away from her surgical career.</Overview>
  <ProductionCode></ProductionCode>
  <Rating>7.8</Rating>
  <RatingCount>82</RatingCount>
  <SeasonNumber>1</SeasonNumber>
  <Writer>Liz Friedman</Writer>
  <absolute_number></absolute_number>
  <filename>episodes/255316/4395956.jpg</filename>
  <lastupdated>1361897159</lastupdated>
  <seasonid>491151</seasonid>
  <seriesid>255316</seriesid>
</Episode>
<Episode>
  <id>4395957</id>
  <Combined_episodenumber>6</Combined_episodenumber>
  <Combined_season>1</Combined_season>
  <DVD_chapter></DVD_chapter>
  <DVD_discid></DVD_discid>
  <DVD_episodenumber></DVD_episodenumber>
  <DVD_season></DVD_season>
  <Director>David Platt</Director>
  <EpImgFlag>2</EpImgFlag>
  <EpisodeName>Flight Risk</EpisodeName>
  <EpisodeNumber>6</EpisodeNumber>
  <FirstAired>2012-11-08</FirstAired>
  <GuestStars>Reiko Aylesworth|Brian Kerwin|Roger Rees|Adam Lefevre|Matthew Humphreys</GuestStars>
  <IMDB_ID>tt2473822</IMDB_ID>
  <Language>en</Language>
  <Overview>Sherlock tries to prove that one of the people whose body was found in the wreckage of a small plane crash was actually killed before the plane went down. Meanwhile, Watson tries to convince Sherlock to meet with his elusive father.
</Overview>
  <ProductionCode></ProductionCode>
  <Rating>7.7</Rating>
  <RatingCount>83</RatingCount>
  <SeasonNumber>1</SeasonNumber>
  <Writer>Corinne Brinkerhoff</Writer>
  <absolute_number>6</absolute_number>
  <filename>episodes/255316/4395957.jpg</filename>
  <lastupdated>1364819985</lastupdated>
  <seasonid>491151</seasonid>
  <seriesid>255316</seriesid>
</Episode>
<Episode>
  <id>4420554</id>
  <Combined_episodenumber>7</Combined_episodenumber>
  <Combined_season>1</Combined_season>
  <DVD_chapter></DVD_chapter>
  <DVD_discid></DVD_discid>
  <DVD_episodenumber></DVD_episodenumber>
  <DVD_season></DVD_season>
  <Director>Seith Mann</Director>
  <EpImgFlag>2</EpImgFlag>
  <EpisodeName>One Way to Get Off</EpisodeName>
  <EpisodeNumber>7</EpisodeNumber>
  <FirstAired>2012-11-15</FirstAired>
  <GuestStars>Callie Thorne|Keith Szarabajka|Stephen Kunken|Stephen Henderson|Brian Tarantina|Amy Hohn</GuestStars>
  <IMDB_ID>tt2481598</IMDB_ID>
  <Language>en</Language>
  <Overview>Sherlock assists with a double homicide that has the same M.O. as a series of murders that took place 13 years ago. Meanwhile, after being frozen out by Sherlock, Watson visits his old rehab center in order to learn more about the mysterious man in her care.</Overview>
  <ProductionCode></ProductionCode>
  <Rating>7.7</Rating>
  <RatingCount>79</RatingCount>
  <SeasonNumber>1</SeasonNumber>
  <Writer>Christopher Silber</Writer>
  <absolute_number></absolute_number>
  <filename>episodes/255316/4420554.jpg</filename>
  <lastupdated>1364819999</lastupdated>
  <seasonid>491151</seasonid>
  <seriesid>255316</seriesid>
</Episode>
<Episode>
  <id>4431718</id>
  <Combined_episodenumber>8</Combined_episodenumber>
  <Combined_season>1</Combined_season>
  <DVD_chapter></DVD_chapter>
  <DVD_discid></DVD_discid>
  <DVD_episodenumber></DVD_episodenumber>
  <DVD_season></DVD_season>
  <Director>Andrew Bernstein</Director>
  <EpImgFlag>2</EpImgFlag>
  <EpisodeName>The Long Fuse</EpisodeName>
  <EpisodeNumber>8</EpisodeNumber>
  <FirstAired>2012-11-29</FirstAired>
  <GuestStars>Lisa Edelstein|John Pankow|Ato Essandoh|Donnie Keshawarz|Adam Mucci|Deepa Purohit</GuestStars>
  <IMDB_ID>tt2494318</IMDB_ID>
  <Language>en</Language>
  <Overview>While investigating an explosion that kills two people, Sherlock discovers a crime that’s been lying dormant for years. Meanwhile, Watson encourages Sherlock to finally pick a sponsor.</Overview>
  <ProductionCode></ProductionCode>
  <Rating>7.6</Rating>
  <RatingCount>74</RatingCount>
  <SeasonNumber>1</SeasonNumber>
  <Writer>Jeffrey Paul King</Writer>
  <absolute_number></absolute_number>
  <filename>episodes/255316/4431718.jpg</filename>
  <lastupdated>1364820010</lastupdated>
  <seasonid>491151</seasonid>
  <seriesid>255316</seriesid>
</Episode>
<Episode>
  <id>4437086</id>
  <Combined_episodenumber>9</Combined_episodenumber>
  <Combined_season>1</Combined_season>
  <DVD_chapter></DVD_chapter>
  <DVD_discid></DVD_discid>
  <DVD_episodenumber></DVD_episodenumber>
  <DVD_season></DVD_season>
  <Director>Phil Abraham</Director>
  <EpImgFlag>2</EpImgFlag>
  <EpisodeName>You Do it to Yourself</EpisodeName>
  <EpisodeNumber>9</EpisodeNumber>
  <FirstAired>2012-12-06</FirstAired>
  <GuestStars>Adam Rothenberg|Kristy Wu|Cameron Scoggins</GuestStars>
  <IMDB_ID>tt2517608</IMDB_ID>
  <Language>en</Language>
  <Overview>Sherlock uses his trademark deductive reasoning skills to find the killer of a college professor, Meanwhile, Watson gets a call from a former lover who needs her help.</Overview>
  <ProductionCode></ProductionCode>
  <Rating>7.7</Rating>
  <RatingCount>81</RatingCount>
  <SeasonNumber>1</SeasonNumber>
  <Writer>Peter Blake</Writer>
  <absolute_number></absolute_number>
  <filename>episodes/255316/4437086.jpg</filename>
  <lastupdated>1364820019</lastupdated>
  <seasonid>491151</seasonid>
  <seriesid>255316</seriesid>
</Episode>
<Episode>
  <id>4440753</id>
  <Combined_episodenumber>10</Combined_episodenumber>
  <Combined_season>1</Combined_season>
  <DVD_chapter></DVD_chapter>
  <DVD_discid></DVD_discid>
  <DVD_episodenumber></DVD_episodenumber>
  <DVD_season></DVD_season>
  <Director>Peter Werner</Director>
  <EpImgFlag>2</EpImgFlag>
  <EpisodeName>The Leviathan</EpisodeName>
  <EpisodeNumber>10</EpisodeNumber>
  <FirstAired>2012-12-13</FirstAired>
  <GuestStars>Freda Foh Shen|Gbenga Akinnagbe|Reg Rogers|Steve Park|Sean Dugan</GuestStars>
  <IMDB_ID>tt2517610</IMDB_ID>
  <Language>en</Language>
  <Overview>Sherlock is called in to investigate when a supposedly uncrackable bank vault called “The Leviathan” is breached. Meanwhile, Joan is pleasantly surprised when Sherlock meets her family and defends her choice to become a sober companion.</Overview>
  <ProductionCode></ProductionCode>
  <Rating>7.8</Rating>
  <RatingCount>73</RatingCount>
  <SeasonNumber>1</SeasonNumber>
  <Writer>Corinne Brinkerhoff|Craig Sweeny</Writer>
  <absolute_number></absolute_number>
  <filename>episodes/255316/4440753.jpg</filename>
  <lastupdated>1364820028</lastupdated>
  <seasonid>491151</seasonid>
  <seriesid>255316</seriesid>
</Episode>
<Episode>
  <id>4453047</id>
  <Combined_episodenumber>11</Combined_episodenumber>
  <Combined_season>1</Combined_season>
  <DVD_chapter></DVD_chapter>
  <DVD_discid></DVD_discid>
  <DVD_episodenumber></DVD_episodenumber>
  <DVD_season></DVD_season>
  <Director>John David Coles</Director>
  <EpImgFlag>2</EpImgFlag>
  <EpisodeName>Dirty Laundry</EpisodeName>
  <EpisodeNumber>11</EpisodeNumber>
  <FirstAired>2013-01-03</FirstAired>
  <GuestStars>Jake Weber|Mark Moses|Melissa Farman|Leigh Ann Larkin</GuestStars>
  <IMDB_ID>tt2570712</IMDB_ID>
  <Language>en</Language>
  <Overview>Sherlock and Joan investigate the murder of the general manager of a high-end Manhattan hotel whose body is found inside an industrial laundry machine. Meanwhile, since Joan’s time with Sherlock is almost up, he offers her an apprenticeship.</Overview>
  <ProductionCode></ProductionCode>
  <Rating>7.7</Rating>
  <RatingCount>69</RatingCount>
  <SeasonNumber>1</SeasonNumber>
  <Writer>Liz Friedman|Christopher Silber</Writer>
  <absolute_number></absolute_number>
  <filename>episodes/255316/4453047.jpg</filename>
  <lastupdated>1364820035</lastupdated>
  <seasonid>491151</seasonid>
  <seriesid>255316</seriesid>
</Episode>
<Episode>
  <id>4458811</id>
  <Combined_episodenumber>12</Combined_episodenumber>
  <Combined_season>1</Combined_season>
  <DVD_chapter></DVD_chapter>
  <DVD_discid></DVD_discid>
  <DVD_episodenumber></DVD_episodenumber>
  <DVD_season></DVD_season>
  <Director>John Polson</Director>
  <EpImgFlag>2</EpImgFlag>
  <EpisodeName>M.</EpisodeName>
  <EpisodeNumber>12</EpisodeNumber>
  <FirstAired>2013-01-10</FirstAired>
  <GuestStars>Vinnie Jones|Bobb'e J. Thompson|Marsha Stephanie Blake|Linda Emond</GuestStars>
  <IMDB_ID>tt2579692</IMDB_ID>
  <Language>en</Language>
  <Overview>Sherlock is reunited with &quot;M.&quot; a British criminal who appears to have followed Sherlock to New York. Meanwhile, Joan has reservations about leaving Sherlock and taking on a new client.</Overview>
  <ProductionCode></ProductionCode>
  <Rating>8.0</Rating>
  <RatingCount>68</RatingCount>
  <SeasonNumber>1</SeasonNumber>
  <Writer>Robert Doherty</Writer>
  <absolute_number></absolute_number>
  <filename>episodes/255316/4458811.jpg</filename>
  <lastupdated>1365592126</lastupdated>
  <seasonid>491151</seasonid>
  <seriesid>255316</seriesid>
</Episode>
<Episode>
  <id>4474323</id>
  <Combined_episodenumber>13</Combined_episodenumber>
  <Combined_season>1</Combined_season>
  <DVD_chapter></DVD_chapter>
  <DVD_discid></DVD_discid>
  <DVD_episodenumber></DVD_episodenumber>
  <DVD_season></DVD_season>
  <Director>Christine Moore</Director>
  <EpImgFlag>2</EpImgFlag>
  <EpisodeName>The Red Team</EpisodeName>
  <EpisodeNumber>13</EpisodeNumber>
  <FirstAired>2013-01-31</FirstAired>
  <GuestStars></GuestStars>
  <IMDB_ID>tt2624868</IMDB_ID>
  <Language>en</Language>
  <Overview>While on suspension from the NYPD, Sherlock investigates a suspicious hit-and-run accident involving a conspiracy theorist. Meanwhile, Watson tries to broker peace between Sherlock and Gregson.</Overview>
  <ProductionCode></ProductionCode>
  <Rating>7.7</Rating>
  <RatingCount>53</RatingCount>
  <SeasonNumber>1</SeasonNumber>
  <Writer>Jeffrey Paul King|Craig Sweeny</Writer>
  <absolute_number></absolute_number>
  <filename>episodes/255316/4474323.jpg</filename>
  <lastupdated>1365592150</lastupdated>
  <seasonid>491151</seasonid>
  <seriesid>255316</seriesid>
</Episode>
<Episode>
  <id>4474281</id>
  <Combined_episodenumber>14</Combined_episodenumber>
  <Combined_season>1</Combined_season>
  <DVD_chapter></DVD_chapter>
  <DVD_discid></DVD_discid>
  <DVD_episodenumber></DVD_episodenumber>
  <DVD_season></DVD_season>
  <Director>John Polson</Director>
  <EpImgFlag>2</EpImgFlag>
  <EpisodeName>The Deductionist</EpisodeName>
  <EpisodeNumber>14</EpisodeNumber>
  <FirstAired>2013-02-03</FirstAired>
  <GuestStars>Kari Matchett|Terry Kinney</GuestStars>
  <IMDB_ID>tt2624870</IMDB_ID>
  <Language>en</Language>
  <Overview>Sherlock pursues Martin Ennis, an unpredictable criminal, before he strikes again. During the investigation, Sherlock is forced to work alongside Kathryn Drummond, the FBI profiler who literally wrote the book on Ennis. Meanwhile, Watson faces eviction from her apartment.</Overview>
  <ProductionCode></ProductionCode>
  <Rating>7.8</Rating>
  <RatingCount>52</RatingCount>
  <SeasonNumber>1</SeasonNumber>
  <Writer>Craig Sweeny|Robert Doherty</Writer>
  <absolute_number></absolute_number>
  <filename>episodes/255316/4474281.jpg</filename>
  <lastupdated>1364822984</lastupdated>
  <seasonid>491151</seasonid>
  <seriesid>255316</seriesid>
</Episode>
<Episode>
  <id>4475119</id>
  <Combined_episodenumber>15</Combined_episodenumber>
  <Combined_season>1</Combined_season>
  <DVD_chapter></DVD_chapter>
  <DVD_discid></DVD_discid>
  <DVD_episodenumber></DVD_episodenumber>
  <DVD_season></DVD_season>
  <Director>Guy Ferland</Director>
  <EpImgFlag>2</EpImgFlag>
  <EpisodeName>A Giant Gun, Filled with Drugs</EpisodeName>
  <EpisodeNumber>15</EpisodeNumber>
  <FirstAired>2013-02-07</FirstAired>
  <GuestStars>John Hannah</GuestStars>
  <IMDB_ID>tt2624872</IMDB_ID>
  <Language>en</Language>
  <Overview>When Sherlock's ex-drug dealer, Rhys, comes around for help, Watson is concerned about Sherlock's sobriety after Rhys implies that Sherlock on drugs made a better detective.</Overview>
  <ProductionCode></ProductionCode>
  <Rating>7.8</Rating>
  <RatingCount>52</RatingCount>
  <SeasonNumber>1</SeasonNumber>
  <Writer>Christopher Silber</Writer>
  <absolute_number></absolute_number>
  <filename>episodes/255316/4475119.jpg</filename>
  <lastupdated>1365027147</lastupdated>
  <seasonid>491151</seasonid>
  <seriesid>255316</seriesid>
</Episode>
<Episode>
  <id>4489699</id>
  <Combined_episodenumber>16</Combined_episodenumber>
  <Combined_season>1</Combined_season>
  <DVD_chapter></DVD_chapter>
  <DVD_discid></DVD_discid>
  <DVD_episodenumber></DVD_episodenumber>
  <DVD_season></DVD_season>
  <Director></Director>
  <EpImgFlag>2</EpImgFlag>
  <EpisodeName>Details</EpisodeName>
  <EpisodeNumber>16</EpisodeNumber>
  <FirstAired>2013-02-14</FirstAired>
  <GuestStars></GuestStars>
  <IMDB_ID>tt2660926</IMDB_ID>
  <Language>en</Language>
  <Overview>Sherlock investigates what he believes will be an open-and-shut case after Detective Bell is attacked. However, the case takes an unexpected turn when the suspected assailant is found dead. Meanwhile, Sherlock encourages Joan to learn self-defense.</Overview>
  <ProductionCode></ProductionCode>
  <Rating>7.9</Rating>
  <RatingCount>51</RatingCount>
  <SeasonNumber>1</SeasonNumber>
  <Writer>Robert Doherty</Writer>
  <absolute_number></absolute_number>
  <filename>episodes/255316/4489699.jpg</filename>
  <lastupdated>1361718146</lastupdated>
  <seasonid>491151</seasonid>
  <seriesid>255316</seriesid>
</Episode>
<Episode>
  <id>4493315</id>
  <Combined_episodenumber>17</Combined_episodenumber>
  <Combined_season>1</Combined_season>
  <DVD_chapter></DVD_chapter>
  <DVD_discid></DVD_discid>
  <DVD_episodenumber></DVD_episodenumber>
  <DVD_season></DVD_season>
  <Director>Seith Mann</Director>
  <EpImgFlag>2</EpImgFlag>
  <EpisodeName>Possibility Two</EpisodeName>
  <EpisodeNumber>17</EpisodeNumber>
  <FirstAired>2013-02-21</FirstAired>
  <GuestStars></GuestStars>
  <IMDB_ID>tt2697934</IMDB_ID>
  <Language>en</Language>
  <Overview>Sherlock investigates a case involving a wealthy philanthropist who believes his incurable illness was given to him on purpose. Meanwhile, Sherlock tries to teach Joan his deductive skills by sending her to a suspicious dry cleaning establishment.</Overview>
  <ProductionCode></ProductionCode>
  <Rating>7.9</Rating>
  <RatingCount>43</RatingCount>
  <SeasonNumber>1</SeasonNumber>
  <Writer>Mark Goffman</Writer>
  <absolute_number>17</absolute_number>
  <filename>episodes/255316/4493315.jpg</filename>
  <lastupdated>1361998779</lastupdated>
  <seasonid>491151</seasonid>
  <seriesid>255316</seriesid>
</Episode>
<Episode>
  <id>4507521</id>
  <Combined_episodenumber>18</Combined_episodenumber>
  <Combined_season>1</Combined_season>
  <DVD_chapter></DVD_chapter>
  <DVD_discid></DVD_discid>
  <DVD_episodenumber></DVD_episodenumber>
  <DVD_season></DVD_season>
  <Director>Jerry Levine</Director>
  <EpImgFlag>2</EpImgFlag>
  <EpisodeName>Déjà Vu All Over Again</EpisodeName>
  <EpisodeNumber>18</EpisodeNumber>
  <FirstAired>2013-03-14</FirstAired>
  <GuestStars></GuestStars>
  <IMDB_ID>tt2729080</IMDB_ID>
  <Language>en</Language>
  <Overview>Joan investigates her first solo case when a wife disappears. The missing woman left behind a tear-filled video that mentions a murder on a subway platform. While Joan searches for the vanished lady, Sherlock probes the murder.</Overview>
  <ProductionCode></ProductionCode>
  <Rating>8.1</Rating>
  <RatingCount>44</RatingCount>
  <SeasonNumber>1</SeasonNumber>
  <Writer>Brian Rodenbeck</Writer>
  <absolute_number></absolute_number>
  <filename>episodes/255316/4507521.jpg</filename>
  <lastupdated>1364574532</lastupdated>
  <seasonid>491151</seasonid>
  <seriesid>255316</seriesid>
</Episode>
<Episode>
  <id>4507522</id>
  <Combined_episodenumber>19</Combined_episodenumber>
  <Combined_season>1</Combined_season>
  <DVD_chapter></DVD_chapter>
  <DVD_discid></DVD_discid>
  <DVD_episodenumber></DVD_episodenumber>
  <DVD_season></DVD_season>
  <Director>Andrew Bernstein</Director>
  <EpImgFlag>2</EpImgFlag>
  <EpisodeName>Snow Angels</EpisodeName>
  <EpisodeNumber>19</EpisodeNumber>
  <FirstAired>2013-04-04</FirstAired>
  <GuestStars></GuestStars>
  <IMDB_ID>tt2733692</IMDB_ID>
  <Language>en</Language>
  <Overview>Sherlock and Joan try to prevent the largest cash vault in the U.S. from being robbed during a deadly blizzard. Meanwhile, Holmes attempts to help a transgender woman who is recovering from her latest breakup.</Overview>
  <ProductionCode></ProductionCode>
  <Rating>7.8</Rating>
  <RatingCount>30</RatingCount>
  <SeasonNumber>1</SeasonNumber>
  <Writer>Jason Tracey</Writer>
  <absolute_number>19</absolute_number>
  <filename>episodes/255316/4507522.jpg</filename>
  <lastupdated>1365092105</lastupdated>
  <seasonid>491151</seasonid>
  <seriesid>255316</seriesid>
</Episode>
<Episode>
  <id>4525390</id>
  <Combined_episodenumber>20</Combined_episodenumber>
  <Combined_season>1</Combined_season>
  <DVD_chapter></DVD_chapter>
  <DVD_discid></DVD_discid>
  <DVD_episodenumber></DVD_episodenumber>
  <DVD_season></DVD_season>
  <Director></Director>
  <EpImgFlag></EpImgFlag>
  <EpisodeName>Dead Man's Switch</EpisodeName>
  <EpisodeNumber>20</EpisodeNumber>
  <FirstAired>2013-04-25</FirstAired>
  <GuestStars></GuestStars>
  <IMDB_ID>tt2778808</IMDB_ID>
  <Language>en</Language>
  <Overview></Overview>
  <ProductionCode></ProductionCode>
  <Rating></Rating>
  <RatingCount>0</RatingCount>
  <SeasonNumber>1</SeasonNumber>
  <Writer></Writer>
  <absolute_number>20</absolute_number>
  <filename></filename>
  <lastupdated>1364146794</lastupdated>
  <seasonid>491151</seasonid>
  <seriesid>255316</seriesid>
</Episode>
<Episode>
  <id>4525391</id>
  <Combined_episodenumber>21</Combined_episodenumber>
  <Combined_season>1</Combined_season>
  <DVD_chapter></DVD_chapter>
  <DVD_discid></DVD_discid>
  <DVD_episodenumber></DVD_episodenumber>
  <DVD_season></DVD_season>
  <Director></Director>
  <EpImgFlag></EpImgFlag>
  <EpisodeName>TBA</EpisodeName>
  <EpisodeNumber>21</EpisodeNumber>
  <FirstAired>2013-05-02</FirstAired>
  <GuestStars></GuestStars>
  <IMDB_ID>tt2778806</IMDB_ID>
  <Language>en</Language>
  <Overview></Overview>
  <ProductionCode></ProductionCode>
  <Rating></Rating>
  <RatingCount>0</RatingCount>
  <SeasonNumber>1</SeasonNumber>
  <Writer></Writer>
  <absolute_number>21</absolute_number>
  <filename></filename>
  <lastupdated>1364146819</lastupdated>
  <seasonid>491151</seasonid>
  <seriesid>255316</seriesid>
</Episode>
<Episode>
  <id>4525392</id>
  <Combined_episodenumber>22</Combined_episodenumber>
  <Combined_season>1</Combined_season>
  <DVD_chapter></DVD_chapter>
  <DVD_discid></DVD_discid>
  <DVD_episodenumber></DVD_episodenumber>
  <DVD_season></DVD_season>
  <Director></Director>
  <EpImgFlag></EpImgFlag>
  <EpisodeName>TBA</EpisodeName>
  <EpisodeNumber>22</EpisodeNumber>
  <FirstAired>2013-05-09</FirstAired>
  <GuestStars></GuestStars>
  <IMDB_ID>tt2778816</IMDB_ID>
  <Language>en</Language>
  <Overview></Overview>
  <ProductionCode></ProductionCode>
  <Rating></Rating>
  <RatingCount>0</RatingCount>
  <SeasonNumber>1</SeasonNumber>
  <Writer></Writer>
  <absolute_number>22</absolute_number>
  <filename></filename>
  <lastupdated>1364146842</lastupdated>
  <seasonid>491151</seasonid>
  <seriesid>255316</seriesid>
</Episode>
<Episode>
  <id>4525393</id>
  <Combined_episodenumber>23</Combined_episodenumber>
  <Combined_season>1</Combined_season>
  <DVD_chapter></DVD_chapter>
  <DVD_discid></DVD_discid>
  <DVD_episodenumber></DVD_episodenumber>
  <DVD_season></DVD_season>
  <Director></Director>
  <EpImgFlag></EpImgFlag>
  <EpisodeName>TBA</EpisodeName>
  <EpisodeNumber>23</EpisodeNumber>
  <FirstAired>2013-05-16</FirstAired>
  <GuestStars></GuestStars>
  <IMDB_ID>tt2767596</IMDB_ID>
  <Language>en</Language>
  <Overview></Overview>
  <ProductionCode></ProductionCode>
  <Rating></Rating>
  <RatingCount>0</RatingCount>
  <SeasonNumber>1</SeasonNumber>
  <Writer></Writer>
  <absolute_number>23</absolute_number>
  <filename></filename>
  <lastupdated>1364146861</lastupdated>
  <seasonid>491151</seasonid>
  <seriesid>255316</seriesid>
</Episode>
<Episode>
  <id>4532534</id>
  <Combined_episodenumber>24</Combined_episodenumber>
  <Combined_season>1</Combined_season>
  <DVD_chapter></DVD_chapter>
  <DVD_discid></DVD_discid>
  <DVD_episodenumber></DVD_episodenumber>
  <DVD_season></DVD_season>
  <Director></Director>
  <EpImgFlag></EpImgFlag>
  <EpisodeName>TBA</EpisodeName>
  <EpisodeNumber>24</EpisodeNumber>
  <FirstAired>2013-05-16</FirstAired>
  <GuestStars></GuestStars>
  <IMDB_ID>tt2767598</IMDB_ID>
  <Language>en</Language>
  <Overview></Overview>
  <ProductionCode></ProductionCode>
  <Rating></Rating>
  <RatingCount>0</RatingCount>
  <SeasonNumber>1</SeasonNumber>
  <Writer></Writer>
  <absolute_number></absolute_number>
  <filename></filename>
  <lastupdated>1365092182</lastupdated>
  <seasonid>491151</seasonid>
  <seriesid>255316</seriesid>
</Episode>
</Data>