<?xml version="1.0" encoding="UTF-8" ?>
<Actors>
<Actor>
  <id>285991</id>
  <Image>actors/285991.jpg</Image>
  <Name>David Giuntoli</Name>
  <Role>Det. Nick Burkhardt</Role>
  <SortOrder>0</SortOrder>
</Actor>
<Actor>
  <id>285992</id>
  <Image>actors/285992.jpg</Image>
  <Name>Russell Hornsby</Name>
  <Role>Lt. Hank Griffin</Role>
  <SortOrder>1</SortOrder>
</Actor>
<Actor>
  <id>285010</id>
  <Image>actors/285010.jpg</Image>
  <Name>Silas Weir Mitchell</Name>
  <Role>Eddie Monroe</Role>
  <SortOrder>2</SortOrder>
</Actor>
<Actor>
  <id>304353</id>
  <Image>actors/304353.jpg</Image>
  <Name>Mary Elizabeth Mastrantonio</Name>
  <Role>Woman in Black / Kelly Burkhardt</Role>
  <SortOrder>3</SortOrder>
</Actor>
<Actor>
  <id>303821</id>
  <Image>actors/303821.jpg</Image>
  <Name>Bree Turner</Name>
  <Role>Rosalee Calvert</Role>
  <SortOrder>3</SortOrder>
</Actor>
<Actor>
  <id>285009</id>
  <Image>actors/285009.jpg</Image>
  <Name>Sasha Roiz</Name>
  <Role>Captain Renard</Role>
  <SortOrder>3</SortOrder>
</Actor>
<Actor>
  <id>285007</id>
  <Image>actors/285007.jpg</Image>
  <Name>Reggie Lee</Name>
  <Role>Sgt. Wu</Role>
  <SortOrder>3</SortOrder>
</Actor>
<Actor>
  <id>285006</id>
  <Image>actors/285006.jpg</Image>
  <Name>Kate Burton</Name>
  <Role>Marie</Role>
  <SortOrder>3</SortOrder>
</Actor>
<Actor>
  <id>285005</id>
  <Image>actors/285005.jpg</Image>
  <Name>Claire Coffee</Name>
  <Role>Adalind Schade</Role>
  <SortOrder>3</SortOrder>
</Actor>
<Actor>
  <id>285004</id>
  <Image>actors/285004.jpg</Image>
  <Name>Bitsie Tulloch</Name>
  <Role>Juliette Silverton</Role>
  <SortOrder>3</SortOrder>
</Actor>
</Actors>