<?xml version="1.0" encoding="UTF-8" ?>
<Banners>
<Banner>
  <id>908545</id>
  <BannerPath>fanart/original/248736-8.jpg</BannerPath>
  <BannerType>fanart</BannerType>
  <BannerType2>1920x1080</BannerType2>
  <Colors>|112,120,109|20,21,25|165,164,58|</Colors>
  <Language>en</Language>
  <Rating>8.2500</Rating>
  <RatingCount>4</RatingCount>
  <SeriesName>false</SeriesName>
  <ThumbnailPath>_cache/fanart/original/248736-8.jpg</ThumbnailPath>
  <VignettePath>fanart/vignette/248736-8.jpg</VignettePath>
</Banner>
<Banner>
  <id>875109</id>
  <BannerPath>fanart/original/248736-2.jpg</BannerPath>
  <BannerType>fanart</BannerType>
  <BannerType2>1280x720</BannerType2>
  <Colors>|183,154,124|0,0,0|0,0,0|</Colors>
  <Language>en</Language>
  <Rating>8.2000</Rating>
  <RatingCount>5</RatingCount>
  <SeriesName>false</SeriesName>
  <ThumbnailPath>_cache/fanart/original/248736-2.jpg</ThumbnailPath>
  <VignettePath>fanart/vignette/248736-2.jpg</VignettePath>
</Banner>
<Banner>
  <id>908546</id>
  <BannerPath>fanart/original/248736-9.jpg</BannerPath>
  <BannerType>fanart</BannerType>
  <BannerType2>1280x720</BannerType2>
  <Colors></Colors>
  <Language>en</Language>
  <Rating>8.0000</Rating>
  <RatingCount>3</RatingCount>
  <SeriesName>false</SeriesName>
  <ThumbnailPath>_cache/fanart/original/248736-9.jpg</ThumbnailPath>
  <VignettePath>fanart/vignette/248736-9.jpg</VignettePath>
</Banner>
<Banner>
  <id>928129</id>
  <BannerPath>fanart/original/248736-12.jpg</BannerPath>
  <BannerType>fanart</BannerType>
  <BannerType2>1920x1080</BannerType2>
  <Colors></Colors>
  <Language>de</Language>
  <Rating>8.0000</Rating>
  <RatingCount>1</RatingCount>
  <SeriesName>false</SeriesName>
  <ThumbnailPath>_cache/fanart/original/248736-12.jpg</ThumbnailPath>
  <VignettePath>fanart/vignette/248736-12.jpg</VignettePath>
</Banner>
<Banner>
  <id>919184</id>
  <BannerPath>fanart/original/248736-10.jpg</BannerPath>
  <BannerType>fanart</BannerType>
  <BannerType2>1280x720</BannerType2>
  <Colors>|49,39,37|255,204,124|172,60,38|</Colors>
  <Language>en</Language>
  <Rating>8.0000</Rating>
  <RatingCount>3</RatingCount>
  <SeriesName>true</SeriesName>
  <ThumbnailPath>_cache/fanart/original/248736-10.jpg</ThumbnailPath>
  <VignettePath>fanart/vignette/248736-10.jpg</VignettePath>
</Banner>
<Banner>
  <id>938852</id>
  <BannerPath>fanart/original/248736-14.jpg</BannerPath>
  <BannerType>fanart</BannerType>
  <BannerType2>1920x1080</BannerType2>
  <Colors></Colors>
  <Language>en</Language>
  <Rating>7.6667</Rating>
  <RatingCount>3</RatingCount>
  <SeriesName>false</SeriesName>
  <ThumbnailPath>_cache/fanart/original/248736-14.jpg</ThumbnailPath>
  <VignettePath>fanart/vignette/248736-14.jpg</VignettePath>
</Banner>
<Banner>
  <id>882304</id>
  <BannerPath>fanart/original/248736-4.jpg</BannerPath>
  <BannerType>fanart</BannerType>
  <BannerType2>1920x1080</BannerType2>
  <Colors></Colors>
  <Language>en</Language>
  <Rating>6.2500</Rating>
  <RatingCount>4</RatingCount>
  <SeriesName>true</SeriesName>
  <ThumbnailPath>_cache/fanart/original/248736-4.jpg</ThumbnailPath>
  <VignettePath>fanart/vignette/248736-4.jpg</VignettePath>
</Banner>
<Banner>
  <id>881208</id>
  <BannerPath>fanart/original/248736-3.jpg</BannerPath>
  <BannerType>fanart</BannerType>
  <BannerType2>1280x720</BannerType2>
  <Colors>|129,95,60|39,40,44|112,108,109|</Colors>
  <Language>en</Language>
  <Rating>6.1667</Rating>
  <RatingCount>6</RatingCount>
  <SeriesName>false</SeriesName>
  <ThumbnailPath>_cache/fanart/original/248736-3.jpg</ThumbnailPath>
  <VignettePath>fanart/vignette/248736-3.jpg</VignettePath>
</Banner>
<Banner>
  <id>870797</id>
  <BannerPath>fanart/original/248736-1.jpg</BannerPath>
  <BannerType>fanart</BannerType>
  <BannerType2>1920x1080</BannerType2>
  <Colors></Colors>
  <Language>en</Language>
  <Rating>5.7500</Rating>
  <RatingCount>4</RatingCount>
  <SeriesName>false</SeriesName>
  <ThumbnailPath>_cache/fanart/original/248736-1.jpg</ThumbnailPath>
  <VignettePath>fanart/vignette/248736-1.jpg</VignettePath>
</Banner>
<Banner>
  <id>888611</id>
  <BannerPath>fanart/original/248736-5.jpg</BannerPath>
  <BannerType>fanart</BannerType>
  <BannerType2>1920x1080</BannerType2>
  <Colors>|53,86,103|31,58,67|29,31,44|</Colors>
  <Language>en</Language>
  <Rating>5.5000</Rating>
  <RatingCount>2</RatingCount>
  <SeriesName>true</SeriesName>
  <ThumbnailPath>_cache/fanart/original/248736-5.jpg</ThumbnailPath>
  <VignettePath>fanart/vignette/248736-5.jpg</VignettePath>
</Banner>
<Banner>
  <id>902889</id>
  <BannerPath>fanart/original/248736-7.jpg</BannerPath>
  <BannerType>fanart</BannerType>
  <BannerType2>1280x720</BannerType2>
  <Colors>|41,18,28|15,38,32|196,191,185|</Colors>
  <Language>fr</Language>
  <Rating></Rating>
  <RatingCount>0</RatingCount>
  <SeriesName>false</SeriesName>
  <ThumbnailPath>_cache/fanart/original/248736-7.jpg</ThumbnailPath>
  <VignettePath>fanart/vignette/248736-7.jpg</VignettePath>
</Banner>
<Banner>
  <id>928130</id>
  <BannerPath>fanart/original/248736-13.jpg</BannerPath>
  <BannerType>fanart</BannerType>
  <BannerType2>1920x1080</BannerType2>
  <Colors></Colors>
  <Language>de</Language>
  <Rating></Rating>
  <RatingCount>0</RatingCount>
  <SeriesName>false</SeriesName>
  <ThumbnailPath>_cache/fanart/original/248736-13.jpg</ThumbnailPath>
  <VignettePath>fanart/vignette/248736-13.jpg</VignettePath>
</Banner>
<Banner>
  <id>900712</id>
  <BannerPath>fanart/original/248736-6.jpg</BannerPath>
  <BannerType>fanart</BannerType>
  <BannerType2>1920x1080</BannerType2>
  <Colors>|79,30,25|99,65,38|76,34,12|</Colors>
  <Language>en</Language>
  <Rating></Rating>
  <RatingCount>0</RatingCount>
  <SeriesName>false</SeriesName>
  <ThumbnailPath>_cache/fanart/original/248736-6.jpg</ThumbnailPath>
  <VignettePath>fanart/vignette/248736-6.jpg</VignettePath>
</Banner>
<Banner>
  <id>927037</id>
  <BannerPath>fanart/original/248736-11.jpg</BannerPath>
  <BannerType>fanart</BannerType>
  <BannerType2>1920x1080</BannerType2>
  <Colors></Colors>
  <Language>en</Language>
  <Rating></Rating>
  <RatingCount>0</RatingCount>
  <SeriesName>false</SeriesName>
  <ThumbnailPath>_cache/fanart/original/248736-11.jpg</ThumbnailPath>
  <VignettePath>fanart/vignette/248736-11.jpg</VignettePath>
</Banner>
<Banner>
  <id>938853</id>
  <BannerPath>fanart/original/248736-15.jpg</BannerPath>
  <BannerType>fanart</BannerType>
  <BannerType2>1920x1080</BannerType2>
  <Colors></Colors>
  <Language>en</Language>
  <Rating></Rating>
  <RatingCount>0</RatingCount>
  <SeriesName>false</SeriesName>
  <ThumbnailPath>_cache/fanart/original/248736-15.jpg</ThumbnailPath>
  <VignettePath>fanart/vignette/248736-15.jpg</VignettePath>
</Banner>
<Banner>
  <id>908548</id>
  <BannerPath>posters/248736-4.jpg</BannerPath>
  <BannerType>poster</BannerType>
  <BannerType2>680x1000</BannerType2>
  <Language>en</Language>
  <Rating>10.0000</Rating>
  <RatingCount>3</RatingCount>
</Banner>
<Banner>
  <id>905698</id>
  <BannerPath>posters/248736-5.jpg</BannerPath>
  <BannerType>poster</BannerType>
  <BannerType2>680x1000</BannerType2>
  <Language>en</Language>
  <Rating>10.0000</Rating>
  <RatingCount>1</RatingCount>
</Banner>
<Banner>
  <id>881189</id>
  <BannerPath>posters/248736-2.jpg</BannerPath>
  <BannerType>poster</BannerType>
  <BannerType2>680x1000</BannerType2>
  <Language>en</Language>
  <Rating>9.6000</Rating>
  <RatingCount>5</RatingCount>
</Banner>
<Banner>
  <id>875505</id>
  <BannerPath>posters/248736-1.jpg</BannerPath>
  <BannerType>poster</BannerType>
  <BannerType2>680x1000</BannerType2>
  <Language>en</Language>
  <Rating>3.0000</Rating>
  <RatingCount>3</RatingCount>
</Banner>
<Banner>
  <id>882783</id>
  <BannerPath>posters/248736-3.jpg</BannerPath>
  <BannerType>poster</BannerType>
  <BannerType2>680x1000</BannerType2>
  <Language>en</Language>
  <Rating>2.5000</Rating>
  <RatingCount>4</RatingCount>
</Banner>
<Banner>
  <id>915107</id>
  <BannerPath>posters/248736-6.jpg</BannerPath>
  <BannerType>poster</BannerType>
  <BannerType2>680x1000</BannerType2>
  <Language>en</Language>
  <Rating></Rating>
  <RatingCount>0</RatingCount>
</Banner>
<Banner>
  <id>929658</id>
  <BannerPath>posters/248736-7.jpg</BannerPath>
  <BannerType>poster</BannerType>
  <BannerType2>680x1000</BannerType2>
  <Language>en</Language>
  <Rating></Rating>
  <RatingCount>0</RatingCount>
</Banner>
<Banner>
  <id>911383</id>
  <BannerPath>seasons/248736-1-3.jpg</BannerPath>
  <BannerType>season</BannerType>
  <BannerType2>season</BannerType2>
  <Language>en</Language>
  <Rating>10.0000</Rating>
  <RatingCount>3</RatingCount>
  <Season>1</Season>
</Banner>
<Banner>
  <id>880550</id>
  <BannerPath>seasons/248736-0.jpg</BannerPath>
  <BannerType>season</BannerType>
  <BannerType2>season</BannerType2>
  <Language>en</Language>
  <Rating>10.0000</Rating>
  <RatingCount>1</RatingCount>
  <Season>0</Season>
</Banner>
<Banner>
  <id>915118</id>
  <BannerPath>seasons/248736-2.jpg</BannerPath>
  <BannerType>season</BannerType>
  <BannerType2>season</BannerType2>
  <Language>en</Language>
  <Rating>9.5000</Rating>
  <RatingCount>4</RatingCount>
  <Season>2</Season>
</Banner>
<Banner>
  <id>880548</id>
  <BannerPath>seasons/248736-1.jpg</BannerPath>
  <BannerType>season</BannerType>
  <BannerType2>season</BannerType2>
  <Language>en</Language>
  <Rating>9.2500</Rating>
  <RatingCount>4</RatingCount>
  <Season>1</Season>
</Banner>
<Banner>
  <id>921758</id>
  <BannerPath>seasons/248736-2-2.jpg</BannerPath>
  <BannerType>season</BannerType>
  <BannerType2>season</BannerType2>
  <Language>ru</Language>
  <Rating>1.0000</Rating>
  <RatingCount>1</RatingCount>
  <Season>2</Season>
</Banner>
<Banner>
  <id>937686</id>
  <BannerPath>seasons/248736-2-3.jpg</BannerPath>
  <BannerType>season</BannerType>
  <BannerType2>season</BannerType2>
  <Language>en</Language>
  <Rating></Rating>
  <RatingCount>0</RatingCount>
  <Season>2</Season>
</Banner>
<Banner>
  <id>882784</id>
  <BannerPath>seasons/248736-1-2.jpg</BannerPath>
  <BannerType>season</BannerType>
  <BannerType2>season</BannerType2>
  <Language>ru</Language>
  <Rating></Rating>
  <RatingCount>0</RatingCount>
  <Season>1</Season>
</Banner>
<Banner>
  <id>882393</id>
  <BannerPath>graphical/248736-g6.jpg</BannerPath>
  <BannerType>series</BannerType>
  <BannerType2>graphical</BannerType2>
  <Language>en</Language>
  <Rating>8.3333</Rating>
  <RatingCount>9</RatingCount>
</Banner>
<Banner>
  <id>873947</id>
  <BannerPath>graphical/248736-g3.jpg</BannerPath>
  <BannerType>series</BannerType>
  <BannerType2>graphical</BannerType2>
  <Language>en</Language>
  <Rating>8.0000</Rating>
  <RatingCount>6</RatingCount>
</Banner>
<Banner>
  <id>872359</id>
  <BannerPath>graphical/248736-g2.jpg</BannerPath>
  <BannerType>series</BannerType>
  <BannerType2>graphical</BannerType2>
  <Language>en</Language>
  <Rating>7.8000</Rating>
  <RatingCount>5</RatingCount>
</Banner>
<Banner>
  <id>875241</id>
  <BannerPath>graphical/248736-g5.jpg</BannerPath>
  <BannerType>series</BannerType>
  <BannerType2>graphical</BannerType2>
  <Language>en</Language>
  <Rating>7.2000</Rating>
  <RatingCount>5</RatingCount>
</Banner>
<Banner>
  <id>907933</id>
  <BannerPath>graphical/248736-g7.jpg</BannerPath>
  <BannerType>series</BannerType>
  <BannerType2>graphical</BannerType2>
  <Language>fr</Language>
  <Rating>6.6667</Rating>
  <RatingCount>3</RatingCount>
</Banner>
<Banner>
  <id>861943</id>
  <BannerPath>graphical/248736-g.jpg</BannerPath>
  <BannerType>series</BannerType>
  <BannerType2>graphical</BannerType2>
  <Language>en</Language>
  <Rating>5.0000</Rating>
  <RatingCount>1</RatingCount>
</Banner>
<Banner>
  <id>908549</id>
  <BannerPath>graphical/248736-g8.jpg</BannerPath>
  <BannerType>series</BannerType>
  <BannerType2>graphical</BannerType2>
  <Language>en</Language>
  <Rating></Rating>
  <RatingCount>0</RatingCount>
</Banner>
<Banner>
  <id>931443</id>
  <BannerPath>graphical/248736-g11.jpg</BannerPath>
  <BannerType>series</BannerType>
  <BannerType2>graphical</BannerType2>
  <Language>ru</Language>
  <Rating></Rating>
  <RatingCount>0</RatingCount>
</Banner>
<Banner>
  <id>875228</id>
  <BannerPath>graphical/248736-g4.jpg</BannerPath>
  <BannerType>series</BannerType>
  <BannerType2>graphical</BannerType2>
  <Language>en</Language>
  <Rating></Rating>
  <RatingCount>0</RatingCount>
</Banner>
<Banner>
  <id>908550</id>
  <BannerPath>graphical/248736-g9.jpg</BannerPath>
  <BannerType>series</BannerType>
  <BannerType2>graphical</BannerType2>
  <Language>en</Language>
  <Rating></Rating>
  <RatingCount>0</RatingCount>
</Banner>
<Banner>
  <id>929432</id>
  <BannerPath>graphical/248736-g10.jpg</BannerPath>
  <BannerType>series</BannerType>
  <BannerType2>graphical</BannerType2>
  <Language>en</Language>
  <Rating></Rating>
  <RatingCount>0</RatingCount>
</Banner>
</Banners>