<?xml version="1.0" encoding="UTF-8" ?>
<Data><Series>
  <id>248736</id>
  <Actors>|David Giuntoli|Russell Hornsby|Silas Weir Mitchell|Mary Elizabeth Mastrantonio|Bree Turner|Sasha Roiz|Reggie Lee|Kate Burton|Claire Coffee|Bitsie Tulloch|</Actors>
  <Airs_DayOfWeek>Friday</Airs_DayOfWeek>
  <Airs_Time>9:00 PM</Airs_Time>
  <ContentRating>TV-14</ContentRating>
  <FirstAired>2011-10-28</FirstAired>
  <Genre>|Drama|Fantasy|Horror|</Genre>
  <IMDB_ID>tt1830617</IMDB_ID>
  <Language>en</Language>
  <Network>NBC</Network>
  <NetworkID></NetworkID>
  <Overview>Nick Burkhardt thought he prepared himself for the realities of working as a homicide detective until he started seeing things he couldn't explain. Nick's life turns upside down when his Aunt Marie reveals they are descendants of an elite group of hunters,  known as &quot;Grimms,&quot; who fight to keep humanity safe from supernatural creatures. As Nick digs deeper into her past, he realizes that he will have to shoulder the responsibility of his ancestors.</Overview>
  <Rating>8.4</Rating>
  <RatingCount>85</RatingCount>
  <Runtime>60</Runtime>
  <SeriesID>81032</SeriesID>
  <SeriesName>Grimm</SeriesName>
  <Status>Continuing</Status>
  <added>2011-05-14 06:06:18</added>
  <addedBy>235881</addedBy>
  <banner>graphical/248736-g6.jpg</banner>
  <fanart>fanart/original/248736-8.jpg</fanart>
  <lastupdated>1364950694</lastupdated>
  <poster>posters/248736-5.jpg</poster>
  <zap2it_id>SH01418971</zap2it_id>
</Series>
<Episode>
  <id>4139574</id>
  <Combined_episodenumber>1</Combined_episodenumber>
  <Combined_season>0</Combined_season>
  <DVD_chapter></DVD_chapter>
  <DVD_discid></DVD_discid>
  <DVD_episodenumber></DVD_episodenumber>
  <DVD_season></DVD_season>
  <Director></Director>
  <EpImgFlag>2</EpImgFlag>
  <EpisodeName>Grimm Sneak Peek</EpisodeName>
  <EpisodeNumber>1</EpisodeNumber>
  <FirstAired>2011-10-10</FirstAired>
  <GuestStars></GuestStars>
  <IMDB_ID></IMDB_ID>
  <Language>en</Language>
  <Overview>Executive Producer Sean Hayes joins the show's cast and crew as they pull back the curtain on the secret world of fairytales in this behind-the-scenes sneak peek of Grimm.</Overview>
  <ProductionCode></ProductionCode>
  <Rating>9.0</Rating>
  <RatingCount>1</RatingCount>
  <SeasonNumber>0</SeasonNumber>
  <Writer></Writer>
  <absolute_number></absolute_number>
  <airsafter_season></airsafter_season>
  <airsbefore_episode>1</airsbefore_episode>
  <airsbefore_season>1</airsbefore_season>
  <filename>episodes/248736/4139574.jpg</filename>
  <lastupdated>1321085104</lastupdated>
  <seasonid>465933</seasonid>
  <seriesid>248736</seriesid>
</Episode>
<Episode>
  <id>4194062</id>
  <Combined_episodenumber>2</Combined_episodenumber>
  <Combined_season>0</Combined_season>
  <DVD_chapter></DVD_chapter>
  <DVD_discid></DVD_discid>
  <DVD_episodenumber></DVD_episodenumber>
  <DVD_season></DVD_season>
  <Director></Director>
  <EpImgFlag></EpImgFlag>
  <EpisodeName>20 Minute Extended Preview</EpisodeName>
  <EpisodeNumber>2</EpisodeNumber>
  <FirstAired>2011-10-20</FirstAired>
  <GuestStars></GuestStars>
  <IMDB_ID></IMDB_ID>
  <Language>en</Language>
  <Overview></Overview>
  <ProductionCode></ProductionCode>
  <Rating></Rating>
  <RatingCount>0</RatingCount>
  <SeasonNumber>0</SeasonNumber>
  <Writer></Writer>
  <absolute_number></absolute_number>
  <airsafter_season></airsafter_season>
  <airsbefore_episode>1</airsbefore_episode>
  <airsbefore_season>1</airsbefore_season>
  <filename></filename>
  <lastupdated>1319582081</lastupdated>
  <seasonid>465933</seasonid>
  <seriesid>248736</seriesid>
</Episode>
<Episode>
  <id>4195942</id>
  <Combined_episodenumber>3</Combined_episodenumber>
  <Combined_season>0</Combined_season>
  <DVD_chapter></DVD_chapter>
  <DVD_discid></DVD_discid>
  <DVD_episodenumber></DVD_episodenumber>
  <DVD_season></DVD_season>
  <Director></Director>
  <EpImgFlag></EpImgFlag>
  <EpisodeName>Fairytales</EpisodeName>
  <EpisodeNumber>3</EpisodeNumber>
  <FirstAired>2011-10-28</FirstAired>
  <GuestStars></GuestStars>
  <IMDB_ID></IMDB_ID>
  <Language>en</Language>
  <Overview>The cast explain how the new drama series &quot;Grimm&quot; is inspired by the classic, and sometimes terrifying, Grimm's Fairy Tales.</Overview>
  <ProductionCode></ProductionCode>
  <Rating></Rating>
  <RatingCount>0</RatingCount>
  <SeasonNumber>0</SeasonNumber>
  <Writer></Writer>
  <absolute_number></absolute_number>
  <airsafter_season></airsafter_season>
  <airsbefore_episode></airsbefore_episode>
  <airsbefore_season></airsbefore_season>
  <filename></filename>
  <lastupdated>1364055170</lastupdated>
  <seasonid>465933</seasonid>
  <seriesid>248736</seriesid>
</Episode>
<Episode>
  <id>4532446</id>
  <Combined_episodenumber>4</Combined_episodenumber>
  <Combined_season>0</Combined_season>
  <DVD_chapter></DVD_chapter>
  <DVD_discid></DVD_discid>
  <DVD_episodenumber></DVD_episodenumber>
  <DVD_season></DVD_season>
  <Director></Director>
  <EpImgFlag></EpImgFlag>
  <EpisodeName>Bad Hair Day: Part 1 - A Sore Subject</EpisodeName>
  <EpisodeNumber>4</EpisodeNumber>
  <FirstAired>2013-01-16</FirstAired>
  <GuestStars>Danny Bruno|Kyle Vahan</GuestStars>
  <IMDB_ID></IMDB_ID>
  <Language>en</Language>
  <Overview>Bud Wurstner shows up at the Spice Shop to meet Monroe and Rosalee, whom Nick Burkhardt recommended he see regarding his hair loss problem. Bud asks if Rosalee has a remedy for hair loss for his &quot;friend&quot;, and satisfied with their answer, he excitedly leaves.</Overview>
  <ProductionCode></ProductionCode>
  <Rating></Rating>
  <RatingCount>0</RatingCount>
  <SeasonNumber>0</SeasonNumber>
  <Writer></Writer>
  <absolute_number></absolute_number>
  <airsafter_season></airsafter_season>
  <airsbefore_episode></airsbefore_episode>
  <airsbefore_season></airsbefore_season>
  <filename></filename>
  <lastupdated>1364253147</lastupdated>
  <seasonid>465933</seasonid>
  <seriesid>248736</seriesid>
</Episode>
<Episode>
  <id>4532447</id>
  <Combined_episodenumber>5</Combined_episodenumber>
  <Combined_season>0</Combined_season>
  <DVD_chapter></DVD_chapter>
  <DVD_discid></DVD_discid>
  <DVD_episodenumber></DVD_episodenumber>
  <DVD_season></DVD_season>
  <Director></Director>
  <EpImgFlag></EpImgFlag>
  <EpisodeName>Bad Hair Day: Part 2 - A Helping Hand</EpisodeName>
  <EpisodeNumber>5</EpisodeNumber>
  <FirstAired>2013-01-16</FirstAired>
  <GuestStars>Danny Bruno|Kyle Vahan</GuestStars>
  <IMDB_ID></IMDB_ID>
  <Language>en</Language>
  <Overview>Rosalee employs the help of Monroe in making the hair regrowth formula.</Overview>
  <ProductionCode></ProductionCode>
  <Rating></Rating>
  <RatingCount>0</RatingCount>
  <SeasonNumber>0</SeasonNumber>
  <Writer></Writer>
  <absolute_number></absolute_number>
  <airsafter_season></airsafter_season>
  <airsbefore_episode></airsbefore_episode>
  <airsbefore_season></airsbefore_season>
  <filename></filename>
  <lastupdated>1364253155</lastupdated>
  <seasonid>465933</seasonid>
  <seriesid>248736</seriesid>
</Episode>
<Episode>
  <id>4532448</id>
  <Combined_episodenumber>6</Combined_episodenumber>
  <Combined_season>0</Combined_season>
  <DVD_chapter></DVD_chapter>
  <DVD_discid></DVD_discid>
  <DVD_episodenumber></DVD_episodenumber>
  <DVD_season></DVD_season>
  <Director></Director>
  <EpImgFlag></EpImgFlag>
  <EpisodeName>Bad Hair Day: Part 3 - Friendly Neighborhood Eisbiber</EpisodeName>
  <EpisodeNumber>6</EpisodeNumber>
  <FirstAired>2013-01-16</FirstAired>
  <GuestStars>Danny Bruno|Kyle Vahan</GuestStars>
  <IMDB_ID></IMDB_ID>
  <Language>en</Language>
  <Overview>Bud returns to thank Monroe and Rosalee for preparing the formula &quot;for his friend&quot;. Rosalee also tries Monroe's &quot;creative&quot; baking, which involved making a dandelion-seaweed cookie. </Overview>
  <ProductionCode></ProductionCode>
  <Rating></Rating>
  <RatingCount>0</RatingCount>
  <SeasonNumber>0</SeasonNumber>
  <Writer></Writer>
  <absolute_number></absolute_number>
  <airsafter_season></airsafter_season>
  <airsbefore_episode></airsbefore_episode>
  <airsbefore_season></airsbefore_season>
  <filename></filename>
  <lastupdated>1364253163</lastupdated>
  <seasonid>465933</seasonid>
  <seriesid>248736</seriesid>
</Episode>
<Episode>
  <id>4532449</id>
  <Combined_episodenumber>7</Combined_episodenumber>
  <Combined_season>0</Combined_season>
  <DVD_chapter></DVD_chapter>
  <DVD_discid></DVD_discid>
  <DVD_episodenumber></DVD_episodenumber>
  <DVD_season></DVD_season>
  <Director></Director>
  <EpImgFlag></EpImgFlag>
  <EpisodeName>Bad Hair Day: Part 4 - Late Night Crisis</EpisodeName>
  <EpisodeNumber>7</EpisodeNumber>
  <FirstAired>2013-01-16</FirstAired>
  <GuestStars>Danny Bruno|Kyle Vahan</GuestStars>
  <IMDB_ID></IMDB_ID>
  <Language>en</Language>
  <Overview>Bud comes into Rosalee's shop panicking because his hair (and his friend's hair) is growing out of control.</Overview>
  <ProductionCode></ProductionCode>
  <Rating></Rating>
  <RatingCount>0</RatingCount>
  <SeasonNumber>0</SeasonNumber>
  <Writer></Writer>
  <absolute_number></absolute_number>
  <airsafter_season></airsafter_season>
  <airsbefore_episode></airsbefore_episode>
  <airsbefore_season></airsbefore_season>
  <filename></filename>
  <lastupdated>1364253171</lastupdated>
  <seasonid>465933</seasonid>
  <seriesid>248736</seriesid>
</Episode>
<Episode>
  <id>4099457</id>
  <Combined_episodenumber>1</Combined_episodenumber>
  <Combined_season>1</Combined_season>
  <DVD_chapter></DVD_chapter>
  <DVD_discid></DVD_discid>
  <DVD_episodenumber></DVD_episodenumber>
  <DVD_season></DVD_season>
  <Director>Marc Buckland</Director>
  <EpImgFlag>2</EpImgFlag>
  <EpisodeName>Pilot</EpisodeName>
  <EpisodeNumber>1</EpisodeNumber>
  <FirstAired>2011-10-28</FirstAired>
  <GuestStars>Tim Bagley|Ayanna Berkshire</GuestStars>
  <IMDB_ID>tt1940498</IMDB_ID>
  <Language>en</Language>
  <Overview>After the mysterious brutal attack of a local college co-ed, Portland homicide Detective Nick Burkhardt discovers he is descended from an elite line of criminal profilers known as &quot;Grimms&quot;, charged with keeping balance between humanity and the mythological creatures of the world. As he tries to hide the dangers of his new found calling from his fiancée, Juliette Silverton, and his partner, Hank Griffin, he becomes ever more entrenched in the ancient rivalries and alliances of the Grimm world. With help from his reluctant confidant, Monroe, a reformed Grimm creature himself, Nick must navigate through the forces of a larger-than-life mythology.</Overview>
  <ProductionCode></ProductionCode>
  <Rating>7.7</Rating>
  <RatingCount>166</RatingCount>
  <SeasonNumber>1</SeasonNumber>
  <Writer>David Greenwalt|Jim Kouf|Stephen Carpenter</Writer>
  <absolute_number></absolute_number>
  <filename>episodes/248736/4099457.jpg</filename>
  <lastupdated>1362086848</lastupdated>
  <seasonid>465940</seasonid>
  <seriesid>248736</seriesid>
</Episode>
<Episode>
  <id>4164554</id>
  <Combined_episodenumber>2</Combined_episodenumber>
  <Combined_season>1</Combined_season>
  <DVD_chapter></DVD_chapter>
  <DVD_discid></DVD_discid>
  <DVD_episodenumber></DVD_episodenumber>
  <DVD_season></DVD_season>
  <Director>Norberto Barba</Director>
  <EpImgFlag>2</EpImgFlag>
  <EpisodeName>Bears Will Be Bears</EpisodeName>
  <EpisodeNumber>2</EpisodeNumber>
  <FirstAired>2011-11-04</FirstAired>
  <GuestStars>Currie Graham|Amy Gumenick|Ayanna Berkshire|Parker Bagley</GuestStars>
  <IMDB_ID>tt2021147</IMDB_ID>
  <Language>en</Language>
  <Overview>After a case of breaking and entering has one of the intruders go missing, Nick and Hank talk to a mysterious family whose cultural background blurs the line of right and wrong. Meanwhile, Nick tasks Monroe with the safeguarding Aunt Marie (Kate Burton), who was almost killed the night prior by a hexenbiest.</Overview>
  <ProductionCode></ProductionCode>
  <Rating>7.5</Rating>
  <RatingCount>128</RatingCount>
  <SeasonNumber>1</SeasonNumber>
  <Writer>David Greenwalt|Jim Kouf</Writer>
  <absolute_number></absolute_number>
  <filename>episodes/248736/4164554.jpg</filename>
  <lastupdated>1361029294</lastupdated>
  <seasonid>465940</seasonid>
  <seriesid>248736</seriesid>
</Episode>
<Episode>
  <id>4191207</id>
  <Combined_episodenumber>3</Combined_episodenumber>
  <Combined_season>1</Combined_season>
  <DVD_chapter></DVD_chapter>
  <DVD_discid></DVD_discid>
  <DVD_episodenumber></DVD_episodenumber>
  <DVD_season></DVD_season>
  <Director>Darnell Martin</Director>
  <EpImgFlag>2</EpImgFlag>
  <EpisodeName>BeeWare</EpisodeName>
  <EpisodeNumber>3</EpisodeNumber>
  <FirstAired>2011-11-11</FirstAired>
  <GuestStars>Nana Visitor|Sharon Sachs|Mary Ann Jarou|Stephen Lange</GuestStars>
  <IMDB_ID>tt2056075</IMDB_ID>
  <Language>en</Language>
  <Overview>The station is abuzz as Nick and Hank are called to a case where an innocent flash mob results in a gruesome homicide. As Nick delves further into the investigation, he learns more about his unique family history, and finds himself at odds when he and Hank are assigned to protect a dark character from his recent past.</Overview>
  <ProductionCode></ProductionCode>
  <Rating>7.5</Rating>
  <RatingCount>115</RatingCount>
  <SeasonNumber>1</SeasonNumber>
  <Writer>Cameron Litvack|Thania St. John</Writer>
  <absolute_number></absolute_number>
  <filename>episodes/248736/4191207.jpg</filename>
  <lastupdated>1361905947</lastupdated>
  <seasonid>465940</seasonid>
  <seriesid>248736</seriesid>
</Episode>
<Episode>
  <id>4191208</id>
  <Combined_episodenumber>4</Combined_episodenumber>
  <Combined_season>1</Combined_season>
  <DVD_chapter></DVD_chapter>
  <DVD_discid></DVD_discid>
  <DVD_episodenumber></DVD_episodenumber>
  <DVD_season></DVD_season>
  <Director>Michael Waxman</Director>
  <EpImgFlag>2</EpImgFlag>
  <EpisodeName>Lonelyhearts</EpisodeName>
  <EpisodeNumber>4</EpisodeNumber>
  <FirstAired>2011-11-18</FirstAired>
  <GuestStars>Patrick Fischler|Sharon Sachs|Henri Lubatti|Haley Talbot|Bevin Kaye|Lanie Hoyo</GuestStars>
  <IMDB_ID>tt2059726</IMDB_ID>
  <Language>en</Language>
  <Overview>After investigating a strange cluster of female deaths and disappearances, Nick sends Monroe undercover to get a whiff of a hypnotic suspect. In the meantime, a stranger shows up looking to avenge the death of his friend at the hands of a Grimm, but he'll have to get past Captain Renard.</Overview>
  <ProductionCode></ProductionCode>
  <Rating>7.5</Rating>
  <RatingCount>113</RatingCount>
  <SeasonNumber>1</SeasonNumber>
  <Writer>Alan DiFiore|Dan E. Fesman</Writer>
  <absolute_number></absolute_number>
  <filename>episodes/248736/4191208.jpg</filename>
  <lastupdated>1361905972</lastupdated>
  <seasonid>465940</seasonid>
  <seriesid>248736</seriesid>
</Episode>
<Episode>
  <id>4191206</id>
  <Combined_episodenumber>5</Combined_episodenumber>
  <Combined_season>1</Combined_season>
  <DVD_chapter></DVD_chapter>
  <DVD_discid></DVD_discid>
  <DVD_episodenumber></DVD_episodenumber>
  <DVD_season></DVD_season>
  <Director>David Soloman</Director>
  <EpImgFlag>2</EpImgFlag>
  <EpisodeName>Danse Macabre</EpisodeName>
  <EpisodeNumber>5</EpisodeNumber>
  <FirstAired>2011-12-08</FirstAired>
  <GuestStars>Nick Thurston|Sharon Sachs|Judith Hoag|Amelia Rose Blaire|Danny Belrose|Will Cuddy|Aaron Landon|Chase Oferle|Danny Bruno</GuestStars>
  <IMDB_ID>tt2058314</IMDB_ID>
  <Language>en</Language>
  <Overview>Nick and Hank's investigation of a dead high school teacher leads them to the school's outcast, Roddy. Nick realizes that there's more to Roddy than meets the eye, and enlists Monroe's help to get through to the troubled teenager before he exacts revenge on the students who wronged him. Meanwhile, Nick learns that his presence is beginning to affect the creature world.</Overview>
  <ProductionCode></ProductionCode>
  <Rating>7.5</Rating>
  <RatingCount>101</RatingCount>
  <SeasonNumber>1</SeasonNumber>
  <Writer>David Greenwalt|Jim Kouf</Writer>
  <absolute_number></absolute_number>
  <filename>episodes/248736/4191206.jpg</filename>
  <lastupdated>1361264052</lastupdated>
  <seasonid>465940</seasonid>
  <seriesid>248736</seriesid>
</Episode>
<Episode>
  <id>4191209</id>
  <Combined_episodenumber>6</Combined_episodenumber>
  <Combined_season>1</Combined_season>
  <DVD_chapter></DVD_chapter>
  <DVD_discid></DVD_discid>
  <DVD_episodenumber></DVD_episodenumber>
  <DVD_season></DVD_season>
  <Director>Clark Mathis</Director>
  <EpImgFlag>2</EpImgFlag>
  <EpisodeName>The Three Bad Wolves</EpisodeName>
  <EpisodeNumber>6</EpisodeNumber>
  <FirstAired>2011-12-09</FirstAired>
  <GuestStars>Brad William Henke|Jaime Ray Newman|Daniel Roebuck|Jack Sneed</GuestStars>
  <IMDB_ID>tt2056972</IMDB_ID>
  <Language>en</Language>
  <Overview>Nick is called to a suspected arson case, which exposes a longstanding family feud that brings Monroe face-to-face with characters from his troubled past. While Monroe wrestles with restraining his wild side, it's up to Nick to keep everything from going up in flames.</Overview>
  <ProductionCode></ProductionCode>
  <Rating>7.6</Rating>
  <RatingCount>93</RatingCount>
  <SeasonNumber>1</SeasonNumber>
  <Writer>Naren Shankar|Sarah Goldfinger</Writer>
  <absolute_number></absolute_number>
  <filename>episodes/248736/4191209.jpg</filename>
  <lastupdated>1364631502</lastupdated>
  <seasonid>465940</seasonid>
  <seriesid>248736</seriesid>
</Episode>
<Episode>
  <id>4191210</id>
  <Combined_episodenumber>7</Combined_episodenumber>
  <Combined_season>1</Combined_season>
  <DVD_chapter></DVD_chapter>
  <DVD_discid></DVD_discid>
  <DVD_episodenumber></DVD_episodenumber>
  <DVD_season></DVD_season>
  <Director>Holly Dale</Director>
  <EpImgFlag>2</EpImgFlag>
  <EpisodeName>Let Your Hair Down</EpisodeName>
  <EpisodeNumber>7</EpisodeNumber>
  <FirstAired>2011-12-16</FirstAired>
  <GuestStars>Claudia Christian|Ted Rooney|Anna Lieberman|Mike Dunay|Drew Barrios|Mary Jon Nelson|Danny Bruno</GuestStars>
  <IMDB_ID>tt2075676</IMDB_ID>
  <Language>en</Language>
  <Overview>A mysterious homicide deep in the woods leads to Nick and Hank reopening a long-cold missing persons case. When Nick suspects this abducted person might be a feral creature, he asks Monroe to help remind this wild child of her human nature. </Overview>
  <ProductionCode></ProductionCode>
  <Rating>7.6</Rating>
  <RatingCount>89</RatingCount>
  <SeasonNumber>1</SeasonNumber>
  <Writer>Sarah Goldfinger|Naren Shankar</Writer>
  <absolute_number></absolute_number>
  <filename>episodes/248736/4191210.jpg</filename>
  <lastupdated>1364631517</lastupdated>
  <seasonid>465940</seasonid>
  <seriesid>248736</seriesid>
</Episode>
<Episode>
  <id>4191212</id>
  <Combined_episodenumber>8</Combined_episodenumber>
  <Combined_season>1</Combined_season>
  <DVD_chapter></DVD_chapter>
  <DVD_discid></DVD_discid>
  <DVD_episodenumber></DVD_episodenumber>
  <DVD_season></DVD_season>
  <Director>Terrence O'Hara</Director>
  <EpImgFlag>2</EpImgFlag>
  <EpisodeName>Game Ogre</EpisodeName>
  <EpisodeNumber>8</EpisodeNumber>
  <FirstAired>2012-01-13</FirstAired>
  <GuestStars>Eric Edelstein|Anthony De Longis</GuestStars>
  <IMDB_ID>tt2087188</IMDB_ID>
  <Language>en</Language>
  <Overview>An escapee returns to Portland seeking revenge against those who put him behind bars, including Hank, the arresting officer. His unusual strength and high tolerance for pain makes Nick suspicious that he might be more than human. As the case escalates Nick and Juliette are put in danger, and Monroe is called into action to help put an end to the convict's deadly rampage.</Overview>
  <ProductionCode></ProductionCode>
  <Rating>7.6</Rating>
  <RatingCount>85</RatingCount>
  <SeasonNumber>1</SeasonNumber>
  <Writer>Cameron Litvack|Thania St. John</Writer>
  <absolute_number></absolute_number>
  <filename>episodes/248736/4191212.jpg</filename>
  <lastupdated>1364631588</lastupdated>
  <seasonid>465940</seasonid>
  <seriesid>248736</seriesid>
</Episode>
<Episode>
  <id>4191211</id>
  <Combined_episodenumber>9</Combined_episodenumber>
  <Combined_season>1</Combined_season>
  <DVD_chapter></DVD_chapter>
  <DVD_discid></DVD_discid>
  <DVD_episodenumber></DVD_episodenumber>
  <DVD_season></DVD_season>
  <Director>Omar Madha</Director>
  <EpImgFlag>2</EpImgFlag>
  <EpisodeName>Of Mouse and Man</EpisodeName>
  <EpisodeNumber>9</EpisodeNumber>
  <FirstAired>2012-01-20</FirstAired>
  <GuestStars>Amanda Walsh|Fred Koehler|Gavin Hoffman|Ebbe Roe Smith</GuestStars>
  <IMDB_ID>tt2075677</IMDB_ID>
  <Language>en</Language>
  <Overview>Nick and Hank investigate a murder victim left in a dumpster, and soon discover that the trail leads to an abusive boyfriend, an arrogant lawyer, and a meek junk yard owner. Meanwhile, Juliette notices someone watching her and Nick, and Eddie gets a message from the creature community.</Overview>
  <ProductionCode></ProductionCode>
  <Rating>7.4</Rating>
  <RatingCount>91</RatingCount>
  <SeasonNumber>1</SeasonNumber>
  <Writer>Alan DiFiore|Dan E. Fesman</Writer>
  <absolute_number></absolute_number>
  <filename>episodes/248736/4191211.jpg</filename>
  <lastupdated>1364631566</lastupdated>
  <seasonid>465940</seasonid>
  <seriesid>248736</seriesid>
</Episode>
<Episode>
  <id>4199208</id>
  <Combined_episodenumber>10</Combined_episodenumber>
  <Combined_season>1</Combined_season>
  <DVD_chapter></DVD_chapter>
  <DVD_discid></DVD_discid>
  <DVD_episodenumber></DVD_episodenumber>
  <DVD_season></DVD_season>
  <Director>Clark Mathis</Director>
  <EpImgFlag>2</EpImgFlag>
  <EpisodeName>Organ Grinder</EpisodeName>
  <EpisodeNumber>10</EpisodeNumber>
  <FirstAired>2012-02-03</FirstAired>
  <GuestStars>Valerie Cruz|Sharon Sachs|Daryl Sabara|Hannah Marks</GuestStars>
  <IMDB_ID>tt2090876</IMDB_ID>
  <Language>en</Language>
  <Overview>After some of Portland's homeless youth go missing, Nick discovers a black market supplying the Grimm world with human organs. As the investigation continues, Nick and Juliette befriend a pair of homeless siblings, Hanson and Gracie, whose friends have gone missing.</Overview>
  <ProductionCode></ProductionCode>
  <Rating>7.7</Rating>
  <RatingCount>84</RatingCount>
  <SeasonNumber>1</SeasonNumber>
  <Writer>Akela Cooper|Spiro Skentzos</Writer>
  <absolute_number></absolute_number>
  <filename>episodes/248736/4199208.jpg</filename>
  <lastupdated>1364631605</lastupdated>
  <seasonid>465940</seasonid>
  <seriesid>248736</seriesid>
</Episode>
<Episode>
  <id>4199209</id>
  <Combined_episodenumber>11</Combined_episodenumber>
  <Combined_season>1</Combined_season>
  <DVD_chapter></DVD_chapter>
  <DVD_discid></DVD_discid>
  <DVD_episodenumber></DVD_episodenumber>
  <DVD_season></DVD_season>
  <Director>Peter Werner</Director>
  <EpImgFlag>2</EpImgFlag>
  <EpisodeName>Tarantella</EpisodeName>
  <EpisodeNumber>11</EpisodeNumber>
  <FirstAired>2012-02-10</FirstAired>
  <GuestStars>Amy Acker|Nicholas Gonzalez|Sharon Sachs|Robert Blanche|Danny Bruno</GuestStars>
  <IMDB_ID>tt2104400</IMDB_ID>
  <Language>en</Language>
  <Overview>Nick and Hank search for a dangerous heartbreaker who leaves behind a gruesome corpse and apparently her finger.  Nick and Juliette's safety is threatened when the creature world begins to discover his identity.</Overview>
  <ProductionCode></ProductionCode>
  <Rating>7.6</Rating>
  <RatingCount>83</RatingCount>
  <SeasonNumber>1</SeasonNumber>
  <Writer>Alan DiFiore|Dan E. Fesman</Writer>
  <absolute_number></absolute_number>
  <filename>episodes/248736/4199209.jpg</filename>
  <lastupdated>1364631616</lastupdated>
  <seasonid>465940</seasonid>
  <seriesid>248736</seriesid>
</Episode>
<Episode>
  <id>4220055</id>
  <Combined_episodenumber>12</Combined_episodenumber>
  <Combined_season>1</Combined_season>
  <DVD_chapter></DVD_chapter>
  <DVD_discid></DVD_discid>
  <DVD_episodenumber></DVD_episodenumber>
  <DVD_season></DVD_season>
  <Director>Michael W. Watkins</Director>
  <EpImgFlag>2</EpImgFlag>
  <EpisodeName>Last Grimm Standing</EpisodeName>
  <EpisodeNumber>12</EpisodeNumber>
  <FirstAired>2012-02-24</FirstAired>
  <GuestStars>Nick Chinlund|B.J. Britt|Robert Blanche|Allen Nause</GuestStars>
  <IMDB_ID>tt2124369</IMDB_ID>
  <Language>en</Language>
  <Overview>A homicide investigation leads Nick and Hank to a boxing gym and they discover that the joint’s really the supply source for a ritualistic band of brawlers. But since rule No. 2 of this particular fight club (a.k.a The Lowen Games) is “Leave the human out of it,” they enlist the help of Monroe, who in no time at all is trapped with a creepy cage neighbor.</Overview>
  <ProductionCode></ProductionCode>
  <Rating>7.6</Rating>
  <RatingCount>84</RatingCount>
  <SeasonNumber>1</SeasonNumber>
  <Writer>Cameron Litvack|Thania St. John|Naren Shankar|Sarah Goldfinger</Writer>
  <absolute_number></absolute_number>
  <filename>episodes/248736/4220055.jpg</filename>
  <lastupdated>1364631634</lastupdated>
  <seasonid>465940</seasonid>
  <seriesid>248736</seriesid>
</Episode>
<Episode>
  <id>4220056</id>
  <Combined_episodenumber>13</Combined_episodenumber>
  <Combined_season>1</Combined_season>
  <DVD_chapter></DVD_chapter>
  <DVD_discid></DVD_discid>
  <DVD_episodenumber></DVD_episodenumber>
  <DVD_season></DVD_season>
  <Director>Norberto Barba</Director>
  <EpImgFlag>2</EpImgFlag>
  <EpisodeName>Three Coins in a Fuchsbau</EpisodeName>
  <EpisodeNumber>13</EpisodeNumber>
  <FirstAired>2012-03-02</FirstAired>
  <GuestStars>Titus Welliver|Sharon Sachs|Jordi Caballero|Alan Smyth|Brian Sutherland|Robert Cohn</GuestStars>
  <IMDB_ID>tt2127825</IMDB_ID>
  <Language>en</Language>
  <Overview>A failed robbery leads Nick and Hank to powerful rare coins. Meanwhile, a suspect in the case may have information regarding the death of Nick's parents.</Overview>
  <ProductionCode></ProductionCode>
  <Rating>7.7</Rating>
  <RatingCount>79</RatingCount>
  <SeasonNumber>1</SeasonNumber>
  <Writer>David Greenwalt|Jim Kouf</Writer>
  <absolute_number></absolute_number>
  <filename>episodes/248736/4220056.jpg</filename>
  <lastupdated>1361908041</lastupdated>
  <seasonid>465940</seasonid>
  <seriesid>248736</seriesid>
</Episode>
<Episode>
  <id>4266095</id>
  <Combined_episodenumber>14</Combined_episodenumber>
  <Combined_season>1</Combined_season>
  <DVD_chapter></DVD_chapter>
  <DVD_discid></DVD_discid>
  <DVD_episodenumber></DVD_episodenumber>
  <DVD_season></DVD_season>
  <Director>Steven DePaul</Director>
  <EpImgFlag>2</EpImgFlag>
  <EpisodeName>Plumed Serpent</EpisodeName>
  <EpisodeNumber>14</EpisodeNumber>
  <FirstAired>2012-03-09</FirstAired>
  <GuestStars>Danielle Panabaker|Daniel Baldwin|Don Adler|Michael Fetters|Rusty Tennant</GuestStars>
  <IMDB_ID>tt2202951</IMDB_ID>
  <Language>en</Language>
  <Overview>Nick finds himself in the heated world of Portland fire dancing where he meets a woman who might just be too hot to handle.</Overview>
  <ProductionCode></ProductionCode>
  <Rating>7.6</Rating>
  <RatingCount>76</RatingCount>
  <SeasonNumber>1</SeasonNumber>
  <Writer>Alan DiFiore|Dan E. Fesman</Writer>
  <absolute_number></absolute_number>
  <filename>episodes/248736/4266095.jpg</filename>
  <lastupdated>1361908088</lastupdated>
  <seasonid>465940</seasonid>
  <seriesid>248736</seriesid>
</Episode>
<Episode>
  <id>4283226</id>
  <Combined_episodenumber>15</Combined_episodenumber>
  <Combined_season>1</Combined_season>
  <DVD_chapter></DVD_chapter>
  <DVD_discid></DVD_discid>
  <DVD_episodenumber></DVD_episodenumber>
  <DVD_season></DVD_season>
  <Director>Rob Bailey</Director>
  <EpImgFlag>2</EpImgFlag>
  <EpisodeName>Island of Dreams</EpisodeName>
  <EpisodeNumber>15</EpisodeNumber>
  <FirstAired>2012-03-30</FirstAired>
  <GuestStars>Robert Blanche|Paul Glazier|Sean Cook|Danny Bruno</GuestStars>
  <IMDB_ID>tt2200281</IMDB_ID>
  <Language>en</Language>
  <Overview>After the grisly murder of a familiar shop owner, Nick joins forces with Monroe to help solve the murder. When the shop owner’s sister, Rosalee, comes to town, Nick thinks he may have found a new ally in the creature world. Elsewhere, Captain Renard enlists Adalind to cast a spell on Hank. Meanwhile, Sgt. Wu unwittingly becomes entangled in Adalind’s dastardly plan.</Overview>
  <ProductionCode></ProductionCode>
  <Rating>7.6</Rating>
  <RatingCount>73</RatingCount>
  <SeasonNumber>1</SeasonNumber>
  <Writer>Jim Kouf|David Greenwalt</Writer>
  <absolute_number></absolute_number>
  <filename>episodes/248736/4283226.jpg</filename>
  <lastupdated>1361908112</lastupdated>
  <seasonid>465940</seasonid>
  <seriesid>248736</seriesid>
</Episode>
<Episode>
  <id>4283361</id>
  <Combined_episodenumber>16</Combined_episodenumber>
  <Combined_season>1</Combined_season>
  <DVD_chapter></DVD_chapter>
  <DVD_discid></DVD_discid>
  <DVD_episodenumber></DVD_episodenumber>
  <DVD_season></DVD_season>
  <Director>Darnell Martin</Director>
  <EpImgFlag>2</EpImgFlag>
  <EpisodeName>The Thing with Feathers</EpisodeName>
  <EpisodeNumber>16</EpisodeNumber>
  <FirstAired>2012-04-06</FirstAired>
  <GuestStars>Azure Skye|Josh Randall|Eric Riedmann|Michael Sheets|Tim Blough</GuestStars>
  <IMDB_ID>tt2208573</IMDB_ID>
  <Language>en</Language>
  <Overview>Nick pulls out all the stops to plan a romantic getaway for Juliette in an attempt to get their relationship back on track. Nick’s duties as a Grimm get in the way of romance when he meets the unsettling neighbors and discovers that the troubled wife has a rare and valuable treasure to protect. It’s left to Nick to keep everyone safe. Back in Portland, Hank and Monroe each find themselves on the brink of new romantic relationships.</Overview>
  <ProductionCode></ProductionCode>
  <Rating>7.5</Rating>
  <RatingCount>74</RatingCount>
  <SeasonNumber>1</SeasonNumber>
  <Writer>Richard Hatem</Writer>
  <absolute_number></absolute_number>
  <filename>episodes/248736/4283361.jpg</filename>
  <lastupdated>1357841203</lastupdated>
  <seasonid>465940</seasonid>
  <seriesid>248736</seriesid>
</Episode>
<Episode>
  <id>4283362</id>
  <Combined_episodenumber>17</Combined_episodenumber>
  <Combined_season>1</Combined_season>
  <DVD_chapter></DVD_chapter>
  <DVD_discid></DVD_discid>
  <DVD_episodenumber></DVD_episodenumber>
  <DVD_season></DVD_season>
  <Director>David Solomon</Director>
  <EpImgFlag>2</EpImgFlag>
  <EpisodeName>Love Sick</EpisodeName>
  <EpisodeNumber>17</EpisodeNumber>
  <FirstAired>2012-04-13</FirstAired>
  <GuestStars>Jessica Tuck|Marti Matulis|Basil Harris</GuestStars>
  <IMDB_ID>tt2222231</IMDB_ID>
  <Language>en</Language>
  <Overview>Nick and Juliette join Hank for dinner, where Nick discovers Hank’s mystery date is none other than Adalind, the same Hexenbiest who tried to kill Aunt Marie. Meanwhile, Captain Renard takes matters into his own hands when a visit from foreign representatives of his royal bloodline threatens his position. Elsewhere, Monroe and Rosalee are called into action when the lives of Hank and Sgt. Wu hang in the balance.</Overview>
  <ProductionCode></ProductionCode>
  <Rating>7.6</Rating>
  <RatingCount>73</RatingCount>
  <SeasonNumber>1</SeasonNumber>
  <Writer>Catherine Butterfield</Writer>
  <absolute_number></absolute_number>
  <filename>episodes/248736/4283362.jpg</filename>
  <lastupdated>1357841212</lastupdated>
  <seasonid>465940</seasonid>
  <seriesid>248736</seriesid>
</Episode>
<Episode>
  <id>4283363</id>
  <Combined_episodenumber>18</Combined_episodenumber>
  <Combined_season>1</Combined_season>
  <DVD_chapter></DVD_chapter>
  <DVD_discid></DVD_discid>
  <DVD_episodenumber></DVD_episodenumber>
  <DVD_season></DVD_season>
  <Director>Felix Alcala</Director>
  <EpImgFlag>2</EpImgFlag>
  <EpisodeName>Cat and Mouse</EpisodeName>
  <EpisodeNumber>18</EpisodeNumber>
  <FirstAired>2012-04-20</FirstAired>
  <GuestStars>Sebastian Roché|Neil Hopkins|Don Burns</GuestStars>
  <IMDB_ID>tt2257329</IMDB_ID>
  <Language>en</Language>
  <Overview>Nick and Hank find a murder crime trail backtracks abroad; when Nick finds Monroe and Rosalee are harboring the prime suspect, an apparent conflict arises between police duties and his inner Grimm. </Overview>
  <ProductionCode>118</ProductionCode>
  <Rating>7.7</Rating>
  <RatingCount>73</RatingCount>
  <SeasonNumber>1</SeasonNumber>
  <Writer>Jose Molina</Writer>
  <absolute_number></absolute_number>
  <filename>episodes/248736/4283363.jpg</filename>
  <lastupdated>1357841220</lastupdated>
  <seasonid>465940</seasonid>
  <seriesid>248736</seriesid>
</Episode>
<Episode>
  <id>4283364</id>
  <Combined_episodenumber>19</Combined_episodenumber>
  <Combined_season>1</Combined_season>
  <DVD_chapter></DVD_chapter>
  <DVD_discid></DVD_discid>
  <DVD_episodenumber></DVD_episodenumber>
  <DVD_season></DVD_season>
  <Director>Holly Dale</Director>
  <EpImgFlag>2</EpImgFlag>
  <EpisodeName>Leave It to Beavers</EpisodeName>
  <EpisodeNumber>19</EpisodeNumber>
  <FirstAired>2012-04-27</FirstAired>
  <GuestStars>David Zayas|Henri Lubatti|Traber Burns|Danny Bruno</GuestStars>
  <IMDB_ID>tt2356209</IMDB_ID>
  <Language>en</Language>
  <Overview>As Nick delves into the trailer's weapons cabinet and his inner Grimm, the investigation of a dead construction worker leads him into a long-standing conflict in the creature world.</Overview>
  <ProductionCode></ProductionCode>
  <Rating>7.9</Rating>
  <RatingCount>73</RatingCount>
  <SeasonNumber>1</SeasonNumber>
  <Writer>Nevin Densham</Writer>
  <absolute_number></absolute_number>
  <filename>episodes/248736/4283364.jpg</filename>
  <lastupdated>1357841228</lastupdated>
  <seasonid>465940</seasonid>
  <seriesid>248736</seriesid>
</Episode>
<Episode>
  <id>4283365</id>
  <Combined_episodenumber>20</Combined_episodenumber>
  <Combined_season>1</Combined_season>
  <DVD_chapter></DVD_chapter>
  <DVD_discid></DVD_discid>
  <DVD_episodenumber></DVD_episodenumber>
  <DVD_season></DVD_season>
  <Director>Terrence O'Hara</Director>
  <EpImgFlag>2</EpImgFlag>
  <EpisodeName>Happily Ever Aftermath</EpisodeName>
  <EpisodeNumber>20</EpisodeNumber>
  <FirstAired>2012-05-04</FirstAired>
  <GuestStars>David Clayton Rogers|Amanda Schull|Tom Wright|Patricia Hunter|Niene Pugliano|Orianna Herrman|David Williams|Felicia Tuck</GuestStars>
  <IMDB_ID>tt2373013</IMDB_ID>
  <Language>en</Language>
  <Overview>Nick and Hank are called to investigate the mysterious death of a wealthy matriarch, after her stepdaughter loses everything in a Ponzi scheme. Meanwhile, Juliette  does some digging into the mysterious death of Nick’s parents in an effort to help him find closure.</Overview>
  <ProductionCode>120</ProductionCode>
  <Rating>7.7</Rating>
  <RatingCount>76</RatingCount>
  <SeasonNumber>1</SeasonNumber>
  <Writer>David Greenwalt|Jim Kouf</Writer>
  <absolute_number></absolute_number>
  <filename>episodes/248736/4283365.jpg</filename>
  <lastupdated>1361908164</lastupdated>
  <seasonid>465940</seasonid>
  <seriesid>248736</seriesid>
</Episode>
<Episode>
  <id>4283366</id>
  <Combined_episodenumber>21</Combined_episodenumber>
  <Combined_season>1</Combined_season>
  <DVD_chapter></DVD_chapter>
  <DVD_discid></DVD_discid>
  <DVD_episodenumber></DVD_episodenumber>
  <DVD_season></DVD_season>
  <Director>Omar Madha</Director>
  <EpImgFlag>2</EpImgFlag>
  <EpisodeName>Big Feet</EpisodeName>
  <EpisodeNumber>21</EpisodeNumber>
  <FirstAired>2012-05-11</FirstAired>
  <GuestStars>Roger Bart|Kenneth Mitchell|Fulvio Cecere|Jessie Vint|Paul Root|Ricki Bhullar|Jessica Martin|Ryan Findley</GuestStars>
  <IMDB_ID>tt2373011</IMDB_ID>
  <Language>en</Language>
  <Overview>When Juliette stumbles upon a horrifying murder, Nick learns the suspected creature is unable to return to a human form; Hank sees something inexplicable.</Overview>
  <ProductionCode></ProductionCode>
  <Rating>7.6</Rating>
  <RatingCount>76</RatingCount>
  <SeasonNumber>1</SeasonNumber>
  <Writer>Alan DiFiore|Dan E. Fesman</Writer>
  <absolute_number></absolute_number>
  <filename>episodes/248736/4283366.jpg</filename>
  <lastupdated>1361908186</lastupdated>
  <seasonid>465940</seasonid>
  <seriesid>248736</seriesid>
</Episode>
<Episode>
  <id>4283367</id>
  <Combined_episodenumber>22</Combined_episodenumber>
  <Combined_season>1</Combined_season>
  <DVD_chapter></DVD_chapter>
  <DVD_discid></DVD_discid>
  <DVD_episodenumber></DVD_episodenumber>
  <DVD_season></DVD_season>
  <Director>Norberto Barba</Director>
  <EpImgFlag>2</EpImgFlag>
  <EpisodeName>Woman in Black</EpisodeName>
  <EpisodeNumber>22</EpisodeNumber>
  <FirstAired>2012-05-18</FirstAired>
  <GuestStars>Brian Tee|Scott Morgan|Robert Blanche|Mary Elizabeth Mastrantorio</GuestStars>
  <IMDB_ID>tt2383907</IMDB_ID>
  <Language>en</Language>
  <Overview>As Nick delves deeper into his life as a Grimm, a trail of grotesque murders reignites the search for the elusive gold coins.</Overview>
  <ProductionCode>122</ProductionCode>
  <Rating>7.9</Rating>
  <RatingCount>75</RatingCount>
  <SeasonNumber>1</SeasonNumber>
  <Writer>David Greenwalt|Jim Kouf</Writer>
  <absolute_number></absolute_number>
  <filename>episodes/248736/4283367.jpg</filename>
  <lastupdated>1357841257</lastupdated>
  <seasonid>465940</seasonid>
  <seriesid>248736</seriesid>
</Episode>
<Episode>
  <id>4329641</id>
  <Combined_episodenumber>1.0</Combined_episodenumber>
  <Combined_season>2</Combined_season>
  <DVD_chapter></DVD_chapter>
  <DVD_discid></DVD_discid>
  <DVD_episodenumber>1.0</DVD_episodenumber>
  <DVD_season>2</DVD_season>
  <Director>Norberto Barba</Director>
  <EpImgFlag>2</EpImgFlag>
  <EpisodeName>Bad Teeth</EpisodeName>
  <EpisodeNumber>1</EpisodeNumber>
  <FirstAired>2012-08-13</FirstAired>
  <GuestStars>Jessica Tuck|James Frain|Brian Tee|Mike Dopud|Robert Blanche|Mary Elizabeth Mastrantorio</GuestStars>
  <IMDB_ID>tt2383905</IMDB_ID>
  <Language>en</Language>
  <Overview>After their face-off with Kimura (Brian Tee), Nick finds himself trying to come to grips with the return of his mother, Kelly Burkhardt (Mary Elizabeth Mastrantonio). A trail of brutal murders unveils a foreign conspiracy to hunt down Nick, leading to several revelations about his past. Meanwhile, Juliette still lies in her mysteriously-induced coma as Rosalee and Monroe work tirelessly to bring her out of it safely. Elsewhere, Hank struggles with the shocking truths he’s recently seen and Captain Renard deals with unexpected family issues when his estranged brother (James Frain) comes back into his life.</Overview>
  <ProductionCode></ProductionCode>
  <Rating>7.9</Rating>
  <RatingCount>58</RatingCount>
  <SeasonNumber>2</SeasonNumber>
  <Writer>Jim Kouf|David Greenwalt</Writer>
  <absolute_number>23</absolute_number>
  <filename>episodes/248736/4329641.jpg</filename>
  <lastupdated>1364852206</lastupdated>
  <seasonid>492783</seasonid>
  <seriesid>248736</seriesid>
</Episode>
<Episode>
  <id>4343725</id>
  <Combined_episodenumber>2.0</Combined_episodenumber>
  <Combined_season>2</Combined_season>
  <DVD_chapter></DVD_chapter>
  <DVD_discid></DVD_discid>
  <DVD_episodenumber>2.0</DVD_episodenumber>
  <DVD_season>2</DVD_season>
  <Director>Terrence O'Hara</Director>
  <EpImgFlag>2</EpImgFlag>
  <EpisodeName>The Kiss</EpisodeName>
  <EpisodeNumber>2</EpisodeNumber>
  <FirstAired>2012-08-20</FirstAired>
  <GuestStars>Jessica Tuck|James Frain|Mike Dopud|Ryan Sands|Mary Elizabeth Mastrantorio|Brian Silverman</GuestStars>
  <IMDB_ID>tt2324810</IMDB_ID>
  <Language>en</Language>
  <Overview>As Nick and his mother (Mary Elizabeth Mastrantonio) continue to battle the Mauvais Dentes (Mike Dopud), Monroe and Rosalee fight against the clock to save Juliette. More details are revealed about the source of Juliette’s illness, resulting in an epic showdown. Back at the precinct, Hank senses that something is amiss when Nick lands in hot water with the FBI. Meanwhile, Captain Renard continues to reveal himself as he deals with his estranged brother (James Frain).</Overview>
  <ProductionCode></ProductionCode>
  <Rating>7.7</Rating>
  <RatingCount>56</RatingCount>
  <SeasonNumber>2</SeasonNumber>
  <Writer>Jim Kauf|David Greenwalt</Writer>
  <absolute_number>24</absolute_number>
  <filename>episodes/248736/4343725.jpg</filename>
  <lastupdated>1364852222</lastupdated>
  <seasonid>492783</seasonid>
  <seriesid>248736</seriesid>
</Episode>
<Episode>
  <id>4343726</id>
  <Combined_episodenumber>3.0</Combined_episodenumber>
  <Combined_season>2</Combined_season>
  <DVD_chapter></DVD_chapter>
  <DVD_discid></DVD_discid>
  <DVD_episodenumber>3.0</DVD_episodenumber>
  <DVD_season>2</DVD_season>
  <Director>David Solomon</Director>
  <EpImgFlag>2</EpImgFlag>
  <EpisodeName>Bad Moon Rising</EpisodeName>
  <EpisodeNumber>3</EpisodeNumber>
  <FirstAired>2012-08-27</FirstAired>
  <GuestStars>Mark Pellegrino|John Pyper-Ferguson|Maddie Hanson</GuestStars>
  <IMDB_ID>tt2351108</IMDB_ID>
  <Language>en</Language>
  <Overview>As Hank continues to seek help to cope with the inexplicable sighting he had, an old friend, Jarold Kempfer, needs his help when his daughter goes missing. Nick’s expertise as a Grimm comes into play as he investigates the disturbing motives linked to the disappearance.</Overview>
  <ProductionCode>203</ProductionCode>
  <Rating>7.6</Rating>
  <RatingCount>54</RatingCount>
  <SeasonNumber>2</SeasonNumber>
  <Writer>Richard Hatem</Writer>
  <absolute_number>25</absolute_number>
  <filename>episodes/248736/4343726.jpg</filename>
  <lastupdated>1364852233</lastupdated>
  <seasonid>492783</seasonid>
  <seriesid>248736</seriesid>
</Episode>
<Episode>
  <id>4343727</id>
  <Combined_episodenumber>4.0</Combined_episodenumber>
  <Combined_season>2</Combined_season>
  <DVD_chapter></DVD_chapter>
  <DVD_discid></DVD_discid>
  <DVD_episodenumber>4.0</DVD_episodenumber>
  <DVD_season>2</DVD_season>
  <Director>David Staiton</Director>
  <EpImgFlag>2</EpImgFlag>
  <EpisodeName>Quill</EpisodeName>
  <EpisodeNumber>4</EpisodeNumber>
  <FirstAired>2012-09-03</FirstAired>
  <GuestStars>Sharon Sachs|Kevin Shinick|Danny Bruno|Robert Blanche|Erin McGarry</GuestStars>
  <IMDB_ID>tt2351112</IMDB_ID>
  <Language>en</Language>
  <Overview>During the investigation of an accident site, Nick discovers a disease that is quickly spreading; Monroe and Rosalee come across an infected creature; Captain Renard gets a tip about a dangerous fugitive.</Overview>
  <ProductionCode>204</ProductionCode>
  <Rating>7.7</Rating>
  <RatingCount>58</RatingCount>
  <SeasonNumber>2</SeasonNumber>
  <Writer>David Simkins</Writer>
  <absolute_number>26</absolute_number>
  <filename>episodes/248736/4343727.jpg</filename>
  <lastupdated>1364852244</lastupdated>
  <seasonid>492783</seasonid>
  <seriesid>248736</seriesid>
</Episode>
<Episode>
  <id>4369896</id>
  <Combined_episodenumber>5.0</Combined_episodenumber>
  <Combined_season>2</Combined_season>
  <DVD_chapter></DVD_chapter>
  <DVD_discid></DVD_discid>
  <DVD_episodenumber>5.0</DVD_episodenumber>
  <DVD_season>2</DVD_season>
  <Director>Steven DePaul</Director>
  <EpImgFlag>3</EpImgFlag>
  <EpisodeName>The Good Shepherd</EpisodeName>
  <EpisodeNumber>5</EpisodeNumber>
  <FirstAired>2012-09-28</FirstAired>
  <GuestStars>Danny Bruno|Kristina Anapau|Robert Alan Barnett|Lorinda Conner|Jeanine Jackson|Jessen Noviello|Jonathan Scarfe</GuestStars>
  <IMDB_ID>tt2351110</IMDB_ID>
  <Language>en</Language>
  <Overview>When a local Reverend reports that his church has been robbed, Nick quickly learns that it's a Wesen church, and enlists Monroe to check for any suspicious activity regarding the shepherd's flock. Meanwhile, Nick and Juliette continue to figure out the rules of their relationship as a dangerous opponent lurks in the shadows with his sights on Nick.</Overview>
  <ProductionCode></ProductionCode>
  <Rating>7.5</Rating>
  <RatingCount>57</RatingCount>
  <SeasonNumber>2</SeasonNumber>
  <Writer>Dan E. Fesman</Writer>
  <absolute_number>27</absolute_number>
  <filename>episodes/248736/4369896.jpg</filename>
  <lastupdated>1364852253</lastupdated>
  <seasonid>492783</seasonid>
  <seriesid>248736</seriesid>
</Episode>
<Episode>
  <id>4374672</id>
  <Combined_episodenumber>6.0</Combined_episodenumber>
  <Combined_season>2</Combined_season>
  <DVD_chapter></DVD_chapter>
  <DVD_discid></DVD_discid>
  <DVD_episodenumber>6.0</DVD_episodenumber>
  <DVD_season>2</DVD_season>
  <Director>Rob Bailey</Director>
  <EpImgFlag>3</EpImgFlag>
  <EpisodeName>Over My Dead Body</EpisodeName>
  <EpisodeNumber>6</EpisodeNumber>
  <FirstAired>2012-10-05</FirstAired>
  <GuestStars>Jaime Ray Newman|Alice Evans|Matt Gerald</GuestStars>
  <IMDB_ID>tt2336276</IMDB_ID>
  <Language>en</Language>
  <Overview>Angelina (Jaime Ray Newman) comes back in to town with bad tidings as Monroe learns his continued cooperation with the Grimm may come at a high cost. Nick comes to Hank for help to keep Monroe safe and Hank uses this time to get caught up with his knowledge of the “Wesen world.” Meanwhile, an old European acquaintance (Alice Evans) pays Captain Renard a visit, but it’s hard to tell if this visit is for business or pleasure.</Overview>
  <ProductionCode>206</ProductionCode>
  <Rating>7.6</Rating>
  <RatingCount>59</RatingCount>
  <SeasonNumber>2</SeasonNumber>
  <Writer>Spiro Skentzos</Writer>
  <absolute_number>28</absolute_number>
  <filename>episodes/248736/4374672.jpg</filename>
  <lastupdated>1364852263</lastupdated>
  <seasonid>492783</seasonid>
  <seriesid>248736</seriesid>
</Episode>
<Episode>
  <id>4374673</id>
  <Combined_episodenumber>7.0</Combined_episodenumber>
  <Combined_season>2</Combined_season>
  <DVD_chapter></DVD_chapter>
  <DVD_discid></DVD_discid>
  <DVD_episodenumber>7.0</DVD_episodenumber>
  <DVD_season>2</DVD_season>
  <Director>Darnell Martin</Director>
  <EpImgFlag>2</EpImgFlag>
  <EpisodeName>The Bottle Imp</EpisodeName>
  <EpisodeNumber>7</EpisodeNumber>
  <FirstAired>2012-10-12</FirstAired>
  <GuestStars></GuestStars>
  <IMDB_ID>tt2396376</IMDB_ID>
  <Language>en</Language>
  <Overview>An investigation into a grisly murder leads Hank and Nick to a seemingly unstable man who is on the run with his daughter; Monroe realizes that filling in for Rosalee will be harder than he thought.</Overview>
  <ProductionCode>207</ProductionCode>
  <Rating>7.5</Rating>
  <RatingCount>52</RatingCount>
  <SeasonNumber>2</SeasonNumber>
  <Writer>Alan DiFiore</Writer>
  <absolute_number>29</absolute_number>
  <filename>episodes/248736/4374673.jpg</filename>
  <lastupdated>1364852274</lastupdated>
  <seasonid>492783</seasonid>
  <seriesid>248736</seriesid>
</Episode>
<Episode>
  <id>4374674</id>
  <Combined_episodenumber>8.0</Combined_episodenumber>
  <Combined_season>2</Combined_season>
  <DVD_chapter></DVD_chapter>
  <DVD_discid></DVD_discid>
  <DVD_episodenumber>8.0</DVD_episodenumber>
  <DVD_season>2</DVD_season>
  <Director>Eric Laneuville</Director>
  <EpImgFlag>2</EpImgFlag>
  <EpisodeName>The Other Side</EpisodeName>
  <EpisodeNumber>8</EpisodeNumber>
  <FirstAired>2012-10-19</FirstAired>
  <GuestStars></GuestStars>
  <IMDB_ID>tt2396374</IMDB_ID>
  <Language>en</Language>
  <Overview>Nick and Hank are called to the scene of a murdered high school academic decathlete and learn just how competitive some extracurricular activities can be. In other police matters, Captain Renard deals with an unwanted infatuation while we learn an old accomplice of his has been spending time with his family in Europe. Elsewhere, Monroe continues to manage the spice shop and gets a visit from an unlikely customer.</Overview>
  <ProductionCode>208</ProductionCode>
  <Rating>7.8</Rating>
  <RatingCount>54</RatingCount>
  <SeasonNumber>2</SeasonNumber>
  <Writer>William Bigelow</Writer>
  <absolute_number>30</absolute_number>
  <filename>episodes/248736/4374674.jpg</filename>
  <lastupdated>1364852289</lastupdated>
  <seasonid>492783</seasonid>
  <seriesid>248736</seriesid>
</Episode>
<Episode>
  <id>4379431</id>
  <Combined_episodenumber>9.0</Combined_episodenumber>
  <Combined_season>2</Combined_season>
  <DVD_chapter></DVD_chapter>
  <DVD_discid></DVD_discid>
  <DVD_episodenumber>9.0</DVD_episodenumber>
  <DVD_season>2</DVD_season>
  <Director>Holly Dale</Director>
  <EpImgFlag>2</EpImgFlag>
  <EpisodeName>La Llorona</EpisodeName>
  <EpisodeNumber>9</EpisodeNumber>
  <FirstAired>2012-10-26</FirstAired>
  <GuestStars></GuestStars>
  <IMDB_ID></IMDB_ID>
  <Language>en</Language>
  <Overview>Despite the enthusiastic anticipation of the city’s residents for Halloween, a series of horrifying child abductions make their way to Portland, quickly spoiling the holiday spirit. Nick and Hank join forces with Valentina Espinosa, a mysterious detective from Albuquerque, to help find and capture the elusive suspect. Meanwhile, Monroe celebrates the holiday in fine style as he teaches the neighborhood bullies a lesson.</Overview>
  <ProductionCode>209</ProductionCode>
  <Rating>7.6</Rating>
  <RatingCount>52</RatingCount>
  <SeasonNumber>2</SeasonNumber>
  <Writer>Akela Cooper</Writer>
  <absolute_number>31</absolute_number>
  <filename>episodes/248736/4379431.jpg</filename>
  <lastupdated>1364852303</lastupdated>
  <seasonid>492783</seasonid>
  <seriesid>248736</seriesid>
</Episode>
<Episode>
  <id>4391816</id>
  <Combined_episodenumber>10.0</Combined_episodenumber>
  <Combined_season>2</Combined_season>
  <DVD_chapter></DVD_chapter>
  <DVD_discid></DVD_discid>
  <DVD_episodenumber>10.0</DVD_episodenumber>
  <DVD_season>2</DVD_season>
  <Director>Peter Wener</Director>
  <EpImgFlag>2</EpImgFlag>
  <EpisodeName>The Hour of Death</EpisodeName>
  <EpisodeNumber>10</EpisodeNumber>
  <FirstAired>2012-11-02</FirstAired>
  <GuestStars></GuestStars>
  <IMDB_ID></IMDB_ID>
  <Language>en</Language>
  <Overview>When a brutal vigilante homicide is made public, it sends Portland’s Wesen community into a frenzy. As Nick investigates further, he discovers a pattern similar to that of a particularly brutal line of past Grimms. Is there another Grimm in town, or is Nick dealing with a sadistic copycat? Meanwhile, Captain Renard takes it upon himself to offer Juliette comfort in handling her ongoing dilemma with Nick. </Overview>
  <ProductionCode>210</ProductionCode>
  <Rating>7.7</Rating>
  <RatingCount>52</RatingCount>
  <SeasonNumber>2</SeasonNumber>
  <Writer>Sean Calder</Writer>
  <absolute_number>32</absolute_number>
  <filename>episodes/248736/4391816.jpg</filename>
  <lastupdated>1364852314</lastupdated>
  <seasonid>492783</seasonid>
  <seriesid>248736</seriesid>
</Episode>
<Episode>
  <id>4397461</id>
  <Combined_episodenumber>11.0</Combined_episodenumber>
  <Combined_season>2</Combined_season>
  <DVD_chapter></DVD_chapter>
  <DVD_discid></DVD_discid>
  <DVD_episodenumber>11.0</DVD_episodenumber>
  <DVD_season>2</DVD_season>
  <Director>Omar Madha</Director>
  <EpImgFlag>2</EpImgFlag>
  <EpisodeName>To Protect and Serve Man</EpisodeName>
  <EpisodeNumber>11</EpisodeNumber>
  <FirstAired>2012-11-09</FirstAired>
  <GuestStars>Jason Gedrick</GuestStars>
  <IMDB_ID></IMDB_ID>
  <Language>en</Language>
  <Overview>Hank starts reflecting on an arrest he made earlier in his career regarding a man who committed murder claiming “self-defense against monsters.” With the man’s death sentence rapidly approaching and the knowledge he’s recently gathered from Nick, Hank begins to wonder if there was more truth to the man’s seemingly absurd story then he once thought. Back at the spice shop, Monroe finds himself involved in a situation he never saw coming.</Overview>
  <ProductionCode>211</ProductionCode>
  <Rating>7.7</Rating>
  <RatingCount>58</RatingCount>
  <SeasonNumber>2</SeasonNumber>
  <Writer>Dan E. Fesman</Writer>
  <absolute_number>33</absolute_number>
  <filename>episodes/248736/4397461.jpg</filename>
  <lastupdated>1364852324</lastupdated>
  <seasonid>492783</seasonid>
  <seriesid>248736</seriesid>
</Episode>
<Episode>
  <id>4420025</id>
  <Combined_episodenumber>12.0</Combined_episodenumber>
  <Combined_season>2</Combined_season>
  <DVD_chapter></DVD_chapter>
  <DVD_discid></DVD_discid>
  <DVD_episodenumber>12.0</DVD_episodenumber>
  <DVD_season>2</DVD_season>
  <Director>Karen Gaviola</Director>
  <EpImgFlag>2</EpImgFlag>
  <EpisodeName>Season of the Hexenbiest</EpisodeName>
  <EpisodeNumber>12</EpisodeNumber>
  <FirstAired>2012-11-16</FirstAired>
  <GuestStars></GuestStars>
  <IMDB_ID></IMDB_ID>
  <Language>en</Language>
  <Overview>Adalind returns to wreak havoc in everyone’s lives and avenge her mother’s brutal death. She has her eyes set on Nick and those closest to him – especially Hank and Juliette. Elsewhere, Captain Renard’s obsession continues to escalate. Meanwhile, a surprise visit at the spice shop gives Monroe more than he ever bargained for.</Overview>
  <ProductionCode>212</ProductionCode>
  <Rating>7.8</Rating>
  <RatingCount>54</RatingCount>
  <SeasonNumber>2</SeasonNumber>
  <Writer>Jim Kouf</Writer>
  <absolute_number>34</absolute_number>
  <filename>episodes/248736/4420025.jpg</filename>
  <lastupdated>1364852335</lastupdated>
  <seasonid>492783</seasonid>
  <seriesid>248736</seriesid>
</Episode>
<Episode>
  <id>4420026</id>
  <Combined_episodenumber>13.0</Combined_episodenumber>
  <Combined_season>2</Combined_season>
  <DVD_chapter></DVD_chapter>
  <DVD_discid></DVD_discid>
  <DVD_episodenumber>13.0</DVD_episodenumber>
  <DVD_season>2</DVD_season>
  <Director>Terrence O'Hara</Director>
  <EpImgFlag>2</EpImgFlag>
  <EpisodeName>Face Off</EpisodeName>
  <EpisodeNumber>13</EpisodeNumber>
  <FirstAired>2013-03-08</FirstAired>
  <GuestStars></GuestStars>
  <IMDB_ID></IMDB_ID>
  <Language>en</Language>
  <Overview>Nick deals with the consequences of learning the truth about Juliette and Capt. Renard; Nick must investigate his own crime; Wu responds to a shooting at Nick's house.</Overview>
  <ProductionCode>213</ProductionCode>
  <Rating>7.8</Rating>
  <RatingCount>36</RatingCount>
  <SeasonNumber>2</SeasonNumber>
  <Writer>Jim Kouf|David Greenwalt</Writer>
  <absolute_number></absolute_number>
  <filename>episodes/248736/4420026.jpg</filename>
  <lastupdated>1364852346</lastupdated>
  <seasonid>492783</seasonid>
  <seriesid>248736</seriesid>
</Episode>
<Episode>
  <id>4420027</id>
  <Combined_episodenumber>14.0</Combined_episodenumber>
  <Combined_season>2</Combined_season>
  <DVD_chapter></DVD_chapter>
  <DVD_discid></DVD_discid>
  <DVD_episodenumber>14.0</DVD_episodenumber>
  <DVD_season>2</DVD_season>
  <Director></Director>
  <EpImgFlag>2</EpImgFlag>
  <EpisodeName>Natural Born Wesen</EpisodeName>
  <EpisodeNumber>14</EpisodeNumber>
  <FirstAired>2013-03-15</FirstAired>
  <GuestStars></GuestStars>
  <IMDB_ID></IMDB_ID>
  <Language>en</Language>
  <Overview>The Wesen code of honor comes into question when Nick, Hank and Monroe discover a series of bank robberies with Wesen using true natures as their disguises. Meanwhile, Juliette finds herself tormented by faint, slowly returning memories that cause her to question her mental state.</Overview>
  <ProductionCode>214</ProductionCode>
  <Rating>7.4</Rating>
  <RatingCount>32</RatingCount>
  <SeasonNumber>2</SeasonNumber>
  <Writer></Writer>
  <absolute_number></absolute_number>
  <filename>episodes/248736/4420027.jpg</filename>
  <lastupdated>1364924882</lastupdated>
  <seasonid>492783</seasonid>
  <seriesid>248736</seriesid>
</Episode>
<Episode>
  <id>4427771</id>
  <Combined_episodenumber>15.0</Combined_episodenumber>
  <Combined_season>2</Combined_season>
  <DVD_chapter></DVD_chapter>
  <DVD_discid></DVD_discid>
  <DVD_episodenumber>15.0</DVD_episodenumber>
  <DVD_season>2</DVD_season>
  <Director></Director>
  <EpImgFlag>2</EpImgFlag>
  <EpisodeName>Mr. Sandman</EpisodeName>
  <EpisodeNumber>15</EpisodeNumber>
  <FirstAired>2013-03-22</FirstAired>
  <GuestStars>Silas Weir Mitchell|Sasha Roiz|Reggie Lee</GuestStars>
  <IMDB_ID></IMDB_ID>
  <Language>en</Language>
  <Overview>While trying to work out the ramifications of his new alliance with Renard, Nick investigates a murder where the victim was blinded with parasites sprayed into her eyes. Meanwhile, Juliette's hallucinations become clearer, and Adalind asks for help with her pregnancy.</Overview>
  <ProductionCode>215</ProductionCode>
  <Rating>7.6</Rating>
  <RatingCount>27</RatingCount>
  <SeasonNumber>2</SeasonNumber>
  <Writer></Writer>
  <absolute_number></absolute_number>
  <filename>episodes/248736/4427771.jpg</filename>
  <lastupdated>1364392725</lastupdated>
  <seasonid>492783</seasonid>
  <seriesid>248736</seriesid>
</Episode>
<Episode>
  <id>4484690</id>
  <Combined_episodenumber>16.0</Combined_episodenumber>
  <Combined_season>2</Combined_season>
  <DVD_chapter></DVD_chapter>
  <DVD_discid></DVD_discid>
  <DVD_episodenumber>16.0</DVD_episodenumber>
  <DVD_season>2</DVD_season>
  <Director></Director>
  <EpImgFlag>2</EpImgFlag>
  <EpisodeName>Nameless</EpisodeName>
  <EpisodeNumber>16</EpisodeNumber>
  <FirstAired>2013-03-29</FirstAired>
  <GuestStars></GuestStars>
  <IMDB_ID></IMDB_ID>
  <Language>en</Language>
  <Overview>When a gruesome homicide brings an office party to a screeching halt, Nick and Hank find themselves battling a Wesen on a completely new platform - online. Meanwhile, Juliette's mysterious hallucinations finally start to take shape, giving them a whole new meaning.</Overview>
  <ProductionCode>216</ProductionCode>
  <Rating>7.6</Rating>
  <RatingCount>20</RatingCount>
  <SeasonNumber>2</SeasonNumber>
  <Writer></Writer>
  <absolute_number></absolute_number>
  <filename>episodes/248736/4484690.jpg</filename>
  <lastupdated>1364921435</lastupdated>
  <seasonid>492783</seasonid>
  <seriesid>248736</seriesid>
</Episode>
<Episode>
  <id>4484691</id>
  <Combined_episodenumber>17.0</Combined_episodenumber>
  <Combined_season>2</Combined_season>
  <DVD_chapter></DVD_chapter>
  <DVD_discid></DVD_discid>
  <DVD_episodenumber>17.0</DVD_episodenumber>
  <DVD_season>2</DVD_season>
  <Director></Director>
  <EpImgFlag>2</EpImgFlag>
  <EpisodeName>One Angry Fuchsbau</EpisodeName>
  <EpisodeNumber>17</EpisodeNumber>
  <FirstAired>2013-04-05</FirstAired>
  <GuestStars></GuestStars>
  <IMDB_ID></IMDB_ID>
  <Language>en</Language>
  <Overview>While on jury duty, Rosalee tasks Nick, Hank and Monroe to help stop a defense attorney from using his particular “Wesen wiles” to overturn what should be an open-and-shut murder case. Back at the precinct, Captain Renard brings Nick and Hank in on his own recent dealings with the Verrat, to keep them on their toes. Meanwhile, a return to the trailer brings a flurry of memories of Nick rushing back to Juliette.</Overview>
  <ProductionCode>217</ProductionCode>
  <Rating></Rating>
  <RatingCount>0</RatingCount>
  <SeasonNumber>2</SeasonNumber>
  <Writer></Writer>
  <absolute_number></absolute_number>
  <filename>episodes/248736/4484691.jpg</filename>
  <lastupdated>1364772211</lastupdated>
  <seasonid>492783</seasonid>
  <seriesid>248736</seriesid>
</Episode>
<Episode>
  <id>4488846</id>
  <Combined_episodenumber>18.0</Combined_episodenumber>
  <Combined_season>2</Combined_season>
  <DVD_chapter></DVD_chapter>
  <DVD_discid></DVD_discid>
  <DVD_episodenumber>18.0</DVD_episodenumber>
  <DVD_season>2</DVD_season>
  <Director></Director>
  <EpImgFlag></EpImgFlag>
  <EpisodeName>Ring of Fire</EpisodeName>
  <EpisodeNumber>18</EpisodeNumber>
  <FirstAired>2013-04-12</FirstAired>
  <GuestStars></GuestStars>
  <IMDB_ID></IMDB_ID>
  <Language>en</Language>
  <Overview></Overview>
  <ProductionCode>218</ProductionCode>
  <Rating></Rating>
  <RatingCount>0</RatingCount>
  <SeasonNumber>2</SeasonNumber>
  <Writer></Writer>
  <absolute_number></absolute_number>
  <filename></filename>
  <lastupdated>1362479550</lastupdated>
  <seasonid>492783</seasonid>
  <seriesid>248736</seriesid>
</Episode>
<Episode>
  <id>4513095</id>
  <Combined_episodenumber>19.0</Combined_episodenumber>
  <Combined_season>2</Combined_season>
  <DVD_chapter></DVD_chapter>
  <DVD_discid></DVD_discid>
  <DVD_episodenumber>19.0</DVD_episodenumber>
  <DVD_season>2</DVD_season>
  <Director></Director>
  <EpImgFlag></EpImgFlag>
  <EpisodeName>Endangered</EpisodeName>
  <EpisodeNumber>19</EpisodeNumber>
  <FirstAired>2013-04-19</FirstAired>
  <GuestStars></GuestStars>
  <IMDB_ID></IMDB_ID>
  <Language>en</Language>
  <Overview></Overview>
  <ProductionCode>218</ProductionCode>
  <Rating></Rating>
  <RatingCount>0</RatingCount>
  <SeasonNumber>2</SeasonNumber>
  <Writer></Writer>
  <absolute_number></absolute_number>
  <filename></filename>
  <lastupdated>1362840995</lastupdated>
  <seasonid>492783</seasonid>
  <seriesid>248736</seriesid>
</Episode>
<Episode>
  <id>4513096</id>
  <Combined_episodenumber>20</Combined_episodenumber>
  <Combined_season>2</Combined_season>
  <DVD_chapter></DVD_chapter>
  <DVD_discid></DVD_discid>
  <DVD_episodenumber></DVD_episodenumber>
  <DVD_season></DVD_season>
  <Director></Director>
  <EpImgFlag></EpImgFlag>
  <EpisodeName>Kiss of the Muse</EpisodeName>
  <EpisodeNumber>20</EpisodeNumber>
  <FirstAired>2013-04-26</FirstAired>
  <GuestStars></GuestStars>
  <IMDB_ID></IMDB_ID>
  <Language>en</Language>
  <Overview></Overview>
  <ProductionCode></ProductionCode>
  <Rating></Rating>
  <RatingCount>0</RatingCount>
  <SeasonNumber>2</SeasonNumber>
  <Writer></Writer>
  <absolute_number></absolute_number>
  <filename></filename>
  <lastupdated>1362043092</lastupdated>
  <seasonid>492783</seasonid>
  <seriesid>248736</seriesid>
</Episode>
<Episode>
  <id>4513097</id>
  <Combined_episodenumber>21</Combined_episodenumber>
  <Combined_season>2</Combined_season>
  <DVD_chapter></DVD_chapter>
  <DVD_discid></DVD_discid>
  <DVD_episodenumber></DVD_episodenumber>
  <DVD_season></DVD_season>
  <Director></Director>
  <EpImgFlag></EpImgFlag>
  <EpisodeName>TBA</EpisodeName>
  <EpisodeNumber>21</EpisodeNumber>
  <FirstAired>2013-05-03</FirstAired>
  <GuestStars></GuestStars>
  <IMDB_ID></IMDB_ID>
  <Language>en</Language>
  <Overview></Overview>
  <ProductionCode></ProductionCode>
  <Rating></Rating>
  <RatingCount>0</RatingCount>
  <SeasonNumber>2</SeasonNumber>
  <Writer></Writer>
  <absolute_number></absolute_number>
  <filename></filename>
  <lastupdated>1362043102</lastupdated>
  <seasonid>492783</seasonid>
  <seriesid>248736</seriesid>
</Episode>
<Episode>
  <id>4513098</id>
  <Combined_episodenumber>22</Combined_episodenumber>
  <Combined_season>2</Combined_season>
  <DVD_chapter></DVD_chapter>
  <DVD_discid></DVD_discid>
  <DVD_episodenumber></DVD_episodenumber>
  <DVD_season></DVD_season>
  <Director></Director>
  <EpImgFlag></EpImgFlag>
  <EpisodeName>Goodnight, Sweet Grimm</EpisodeName>
  <EpisodeNumber>22</EpisodeNumber>
  <FirstAired>2013-05-17</FirstAired>
  <GuestStars></GuestStars>
  <IMDB_ID></IMDB_ID>
  <Language>en</Language>
  <Overview></Overview>
  <ProductionCode></ProductionCode>
  <Rating></Rating>
  <RatingCount>0</RatingCount>
  <SeasonNumber>2</SeasonNumber>
  <Writer></Writer>
  <absolute_number></absolute_number>
  <filename></filename>
  <lastupdated>1363948437</lastupdated>
  <seasonid>492783</seasonid>
  <seriesid>248736</seriesid>
</Episode>
</Data>