<?xml version="1.0" encoding="UTF-8" ?>
<Actors>
<Actor>
  <id>42042</id>
  <Image>actors/42042.jpg</Image>
  <Name>Jennifer Garner</Name>
  <Role>Sydney Bristow</Role>
  <SortOrder>0</SortOrder>
</Actor>
<Actor>
  <id>42041</id>
  <Image>actors/42041.jpg</Image>
  <Name>Michael Vartan</Name>
  <Role>Michael Vaughn</Role>
  <SortOrder>1</SortOrder>
</Actor>
<Actor>
  <id>42044</id>
  <Image>actors/42044.jpg</Image>
  <Name>Ron Rifkin</Name>
  <Role>Arvin Sloane</Role>
  <SortOrder>2</SortOrder>
</Actor>
<Actor>
  <id>42036</id>
  <Image>actors/42036.jpg</Image>
  <Name>Victor Garber</Name>
  <Role>Jack Bristow</Role>
  <SortOrder>2</SortOrder>
</Actor>
<Actor>
  <id>77849</id>
  <Image>actors/77849.jpg</Image>
  <Name>Amy Acker</Name>
  <Role>Kelly Peyton</Role>
  <SortOrder>3</SortOrder>
</Actor>
<Actor>
  <id>77757</id>
  <Image>actors/77757.jpg</Image>
  <Name>Elodie Bouchez</Name>
  <Role>Renée Rienne</Role>
  <SortOrder>3</SortOrder>
</Actor>
<Actor>
  <id>77756</id>
  <Image>actors/77756.jpg</Image>
  <Name>Balthazar Getty</Name>
  <Role>Thomas Grace</Role>
  <SortOrder>3</SortOrder>
</Actor>
<Actor>
  <id>77755</id>
  <Image>actors/77755.jpg</Image>
  <Name>Rachel Nichols</Name>
  <Role>Rachel Gibson</Role>
  <SortOrder>3</SortOrder>
</Actor>
<Actor>
  <id>42048</id>
  <Image>actors/42048.jpg</Image>
  <Name>Bradley Cooper</Name>
  <Role>Will Tippin</Role>
  <SortOrder>3</SortOrder>
</Actor>
<Actor>
  <id>42047</id>
  <Image>actors/42047.jpg</Image>
  <Name>Lena Olin</Name>
  <Role>Irina Derevko</Role>
  <SortOrder>3</SortOrder>
</Actor>
<Actor>
  <id>42046</id>
  <Image>actors/42046.jpg</Image>
  <Name>Carl Lumbly</Name>
  <Role>Marcus Dixon</Role>
  <SortOrder>3</SortOrder>
</Actor>
<Actor>
  <id>42045</id>
  <Image>actors/42045.jpg</Image>
  <Name>Merrin Dungey</Name>
  <Role>Francine &quot;Francie&quot; Calfo</Role>
  <SortOrder>3</SortOrder>
</Actor>
<Actor>
  <id>42043</id>
  <Image>actors/42043.jpg</Image>
  <Name>Kevin Weisman</Name>
  <Role>Marshall Flinkman</Role>
  <SortOrder>3</SortOrder>
</Actor>
<Actor>
  <id>42040</id>
  <Image>actors/42040.jpg</Image>
  <Name>Greg Grunberg</Name>
  <Role>Eric Weiss</Role>
  <SortOrder>3</SortOrder>
</Actor>
<Actor>
  <id>42039</id>
  <Image>actors/42039.jpg</Image>
  <Name>Mia Maestro</Name>
  <Role>Nadia Santos</Role>
  <SortOrder>3</SortOrder>
</Actor>
<Actor>
  <id>42038</id>
  <Image>actors/42038.jpg</Image>
  <Name>David Anders</Name>
  <Role>Julian Sark</Role>
  <SortOrder>3</SortOrder>
</Actor>
<Actor>
  <id>42037</id>
  <Image>actors/42037.jpg</Image>
  <Name>Melissa George</Name>
  <Role>Laureen Reed</Role>
  <SortOrder>3</SortOrder>
</Actor>
</Actors>