<?xml version="1.0" encoding="UTF-8" ?>
<Actors>
<Actor>
  <id>287455</id>
  <Image>actors/287455.jpg</Image>
  <Name>Jake Johnson</Name>
  <Role>Nick</Role>
  <SortOrder>0</SortOrder>
</Actor>
<Actor>
  <id>284247</id>
  <Image>actors/284247.jpg</Image>
  <Name>Zooey Deschanel</Name>
  <Role>Jess</Role>
  <SortOrder>0</SortOrder>
</Actor>
<Actor>
  <id>287457</id>
  <Image>actors/287457.jpg</Image>
  <Name>Max Greenfield</Name>
  <Role>Schmidt</Role>
  <SortOrder>1</SortOrder>
</Actor>
<Actor>
  <id>287456</id>
  <Image>actors/287456.jpg</Image>
  <Name>Lamorne Morris</Name>
  <Role>Winston</Role>
  <SortOrder>3</SortOrder>
</Actor>
<Actor>
  <id>287454</id>
  <Image>actors/287454.jpg</Image>
  <Name>Hannah Simone</Name>
  <Role>Cece</Role>
  <SortOrder>3</SortOrder>
</Actor>
</Actors>