<?xml version="1.0" encoding="UTF-8" ?>
<Banners>
<Banner>
  <id>936954</id>
  <BannerPath>fanart/original/248682-11.jpg</BannerPath>
  <BannerType>fanart</BannerType>
  <BannerType2>1920x1080</BannerType2>
  <Colors></Colors>
  <Language>en</Language>
  <Rating>10.0000</Rating>
  <RatingCount>4</RatingCount>
  <SeriesName>false</SeriesName>
  <ThumbnailPath>_cache/fanart/original/248682-11.jpg</ThumbnailPath>
  <VignettePath>fanart/vignette/248682-11.jpg</VignettePath>
</Banner>
<Banner>
  <id>922903</id>
  <BannerPath>fanart/original/248682-16.jpg</BannerPath>
  <BannerType>fanart</BannerType>
  <BannerType2>1920x1080</BannerType2>
  <Colors></Colors>
  <Language>es</Language>
  <Rating>8.4286</Rating>
  <RatingCount>7</RatingCount>
  <SeriesName>false</SeriesName>
  <ThumbnailPath>_cache/fanart/original/248682-16.jpg</ThumbnailPath>
  <VignettePath>fanart/vignette/248682-16.jpg</VignettePath>
</Banner>
<Banner>
  <id>874687</id>
  <BannerPath>fanart/original/248682-2.jpg</BannerPath>
  <BannerType>fanart</BannerType>
  <BannerType2>1920x1080</BannerType2>
  <Colors>|96,134,199|34,34,46|255,255,253|</Colors>
  <Language>en</Language>
  <Rating>8.3333</Rating>
  <RatingCount>6</RatingCount>
  <SeriesName>false</SeriesName>
  <ThumbnailPath>_cache/fanart/original/248682-2.jpg</ThumbnailPath>
  <VignettePath>fanart/vignette/248682-2.jpg</VignettePath>
</Banner>
<Banner>
  <id>937831</id>
  <BannerPath>fanart/original/248682-17.jpg</BannerPath>
  <BannerType>fanart</BannerType>
  <BannerType2>1920x1080</BannerType2>
  <Colors></Colors>
  <Language>en</Language>
  <Rating>8.0000</Rating>
  <RatingCount>3</RatingCount>
  <SeriesName>false</SeriesName>
  <ThumbnailPath>_cache/fanart/original/248682-17.jpg</ThumbnailPath>
  <VignettePath>fanart/vignette/248682-17.jpg</VignettePath>
</Banner>
<Banner>
  <id>927317</id>
  <BannerPath>fanart/original/248682-9.jpg</BannerPath>
  <BannerType>fanart</BannerType>
  <BannerType2>1920x1080</BannerType2>
  <Colors></Colors>
  <Language>de</Language>
  <Rating>7.5000</Rating>
  <RatingCount>2</RatingCount>
  <SeriesName>false</SeriesName>
  <ThumbnailPath>_cache/fanart/original/248682-9.jpg</ThumbnailPath>
  <VignettePath>fanart/vignette/248682-9.jpg</VignettePath>
</Banner>
<Banner>
  <id>917139</id>
  <BannerPath>fanart/original/248682-13.jpg</BannerPath>
  <BannerType>fanart</BannerType>
  <BannerType2>1920x1080</BannerType2>
  <Colors>|240,241,246|77,119,203|108,110,123|</Colors>
  <Language>en</Language>
  <Rating>7.3333</Rating>
  <RatingCount>6</RatingCount>
  <SeriesName>false</SeriesName>
  <ThumbnailPath>_cache/fanart/original/248682-13.jpg</ThumbnailPath>
  <VignettePath>fanart/vignette/248682-13.jpg</VignettePath>
</Banner>
<Banner>
  <id>922905</id>
  <BannerPath>fanart/original/248682-18.jpg</BannerPath>
  <BannerType>fanart</BannerType>
  <BannerType2>1920x1080</BannerType2>
  <Colors></Colors>
  <Language>en</Language>
  <Rating>7.1667</Rating>
  <RatingCount>6</RatingCount>
  <SeriesName>false</SeriesName>
  <ThumbnailPath>_cache/fanart/original/248682-18.jpg</ThumbnailPath>
  <VignettePath>fanart/vignette/248682-18.jpg</VignettePath>
</Banner>
<Banner>
  <id>944879</id>
  <BannerPath>fanart/original/248682-20.jpg</BannerPath>
  <BannerType>fanart</BannerType>
  <BannerType2>1280x720</BannerType2>
  <Colors></Colors>
  <Language>de</Language>
  <Rating>7.0000</Rating>
  <RatingCount>1</RatingCount>
  <SeriesName>false</SeriesName>
  <ThumbnailPath>_cache/fanart/original/248682-20.jpg</ThumbnailPath>
  <VignettePath>fanart/vignette/248682-20.jpg</VignettePath>
</Banner>
<Banner>
  <id>874685</id>
  <BannerPath>fanart/original/248682-6.jpg</BannerPath>
  <BannerType>fanart</BannerType>
  <BannerType2>1920x1080</BannerType2>
  <Colors>|247,239,141|141,72,43|60,93,144|</Colors>
  <Language>en</Language>
  <Rating>6.7778</Rating>
  <RatingCount>9</RatingCount>
  <SeriesName>false</SeriesName>
  <ThumbnailPath>_cache/fanart/original/248682-6.jpg</ThumbnailPath>
  <VignettePath>fanart/vignette/248682-6.jpg</VignettePath>
</Banner>
<Banner>
  <id>878431</id>
  <BannerPath>fanart/original/248682-8.jpg</BannerPath>
  <BannerType>fanart</BannerType>
  <BannerType2>1920x1080</BannerType2>
  <Colors></Colors>
  <Language>en</Language>
  <Rating>6.6667</Rating>
  <RatingCount>6</RatingCount>
  <SeriesName>false</SeriesName>
  <ThumbnailPath>_cache/fanart/original/248682-8.jpg</ThumbnailPath>
  <VignettePath>fanart/vignette/248682-8.jpg</VignettePath>
</Banner>
<Banner>
  <id>912544</id>
  <BannerPath>fanart/original/248682-14.jpg</BannerPath>
  <BannerType>fanart</BannerType>
  <BannerType2>1920x1080</BannerType2>
  <Colors></Colors>
  <Language>en</Language>
  <Rating>6.6667</Rating>
  <RatingCount>3</RatingCount>
  <SeriesName>false</SeriesName>
  <ThumbnailPath>_cache/fanart/original/248682-14.jpg</ThumbnailPath>
  <VignettePath>fanart/vignette/248682-14.jpg</VignettePath>
</Banner>
<Banner>
  <id>863362</id>
  <BannerPath>fanart/original/248682-3.jpg</BannerPath>
  <BannerType>fanart</BannerType>
  <BannerType2>1920x1080</BannerType2>
  <Colors></Colors>
  <Language>en</Language>
  <Rating>6.6000</Rating>
  <RatingCount>5</RatingCount>
  <SeriesName>false</SeriesName>
  <ThumbnailPath>_cache/fanart/original/248682-3.jpg</ThumbnailPath>
  <VignettePath>fanart/vignette/248682-3.jpg</VignettePath>
</Banner>
<Banner>
  <id>871323</id>
  <BannerPath>fanart/original/248682-4.jpg</BannerPath>
  <BannerType>fanart</BannerType>
  <BannerType2>1280x720</BannerType2>
  <Colors>|202,187,166|58,39,33|26,15,9|</Colors>
  <Language>de</Language>
  <Rating>6.5714</Rating>
  <RatingCount>7</RatingCount>
  <SeriesName>false</SeriesName>
  <ThumbnailPath>_cache/fanart/original/248682-4.jpg</ThumbnailPath>
  <VignettePath>fanart/vignette/248682-4.jpg</VignettePath>
</Banner>
<Banner>
  <id>871334</id>
  <BannerPath>fanart/original/248682-5.jpg</BannerPath>
  <BannerType>fanart</BannerType>
  <BannerType2>1920x1080</BannerType2>
  <Colors></Colors>
  <Language>de</Language>
  <Rating>5.8571</Rating>
  <RatingCount>7</RatingCount>
  <SeriesName>false</SeriesName>
  <ThumbnailPath>_cache/fanart/original/248682-5.jpg</ThumbnailPath>
  <VignettePath>fanart/vignette/248682-5.jpg</VignettePath>
</Banner>
<Banner>
  <id>896530</id>
  <BannerPath>fanart/original/248682-12.jpg</BannerPath>
  <BannerType>fanart</BannerType>
  <BannerType2>1920x1080</BannerType2>
  <Colors></Colors>
  <Language>en</Language>
  <Rating>4.5000</Rating>
  <RatingCount>2</RatingCount>
  <SeriesName>false</SeriesName>
  <ThumbnailPath>_cache/fanart/original/248682-12.jpg</ThumbnailPath>
  <VignettePath>fanart/vignette/248682-12.jpg</VignettePath>
</Banner>
<Banner>
  <id>922872</id>
  <BannerPath>fanart/original/248682-15.jpg</BannerPath>
  <BannerType>fanart</BannerType>
  <BannerType2>1920x1080</BannerType2>
  <Colors></Colors>
  <Language>en</Language>
  <Rating>4.0000</Rating>
  <RatingCount>3</RatingCount>
  <SeriesName>false</SeriesName>
  <ThumbnailPath>_cache/fanart/original/248682-15.jpg</ThumbnailPath>
  <VignettePath>fanart/vignette/248682-15.jpg</VignettePath>
</Banner>
<Banner>
  <id>925764</id>
  <BannerPath>fanart/original/248682-1.jpg</BannerPath>
  <BannerType>fanart</BannerType>
  <BannerType2>1920x1080</BannerType2>
  <Colors></Colors>
  <Language>en</Language>
  <Rating>1.0000</Rating>
  <RatingCount>1</RatingCount>
  <SeriesName>false</SeriesName>
  <ThumbnailPath>_cache/fanart/original/248682-1.jpg</ThumbnailPath>
  <VignettePath>fanart/vignette/248682-1.jpg</VignettePath>
</Banner>
<Banner>
  <id>875336</id>
  <BannerPath>fanart/original/248682-7.jpg</BannerPath>
  <BannerType>fanart</BannerType>
  <BannerType2>1280x720</BannerType2>
  <Colors></Colors>
  <Language>en</Language>
  <Rating>1.0000</Rating>
  <RatingCount>1</RatingCount>
  <SeriesName>true</SeriesName>
  <ThumbnailPath>_cache/fanart/original/248682-7.jpg</ThumbnailPath>
  <VignettePath>fanart/vignette/248682-7.jpg</VignettePath>
</Banner>
<Banner>
  <id>932691</id>
  <BannerPath>fanart/original/248682-10.jpg</BannerPath>
  <BannerType>fanart</BannerType>
  <BannerType2>1920x1080</BannerType2>
  <Colors></Colors>
  <Language>de</Language>
  <Rating>1.0000</Rating>
  <RatingCount>1</RatingCount>
  <SeriesName>false</SeriesName>
  <ThumbnailPath>_cache/fanart/original/248682-10.jpg</ThumbnailPath>
  <VignettePath>fanart/vignette/248682-10.jpg</VignettePath>
</Banner>
<Banner>
  <id>950406</id>
  <BannerPath>fanart/original/248682-21.jpg</BannerPath>
  <BannerType>fanart</BannerType>
  <BannerType2>1920x1080</BannerType2>
  <Colors></Colors>
  <Language>en</Language>
  <Rating></Rating>
  <RatingCount>0</RatingCount>
  <SeriesName>false</SeriesName>
  <ThumbnailPath>_cache/fanart/original/248682-21.jpg</ThumbnailPath>
  <VignettePath>fanart/vignette/248682-21.jpg</VignettePath>
</Banner>
<Banner>
  <id>944878</id>
  <BannerPath>fanart/original/248682-19.jpg</BannerPath>
  <BannerType>fanart</BannerType>
  <BannerType2>1280x720</BannerType2>
  <Colors></Colors>
  <Language>de</Language>
  <Rating></Rating>
  <RatingCount>0</RatingCount>
  <SeriesName>false</SeriesName>
  <ThumbnailPath>_cache/fanart/original/248682-19.jpg</ThumbnailPath>
  <VignettePath>fanart/vignette/248682-19.jpg</VignettePath>
</Banner>
<Banner>
  <id>917785</id>
  <BannerPath>posters/248682-9.jpg</BannerPath>
  <BannerType>poster</BannerType>
  <BannerType2>680x1000</BannerType2>
  <Language>en</Language>
  <Rating>8.6000</Rating>
  <RatingCount>10</RatingCount>
</Banner>
<Banner>
  <id>923025</id>
  <BannerPath>posters/248682-10.jpg</BannerPath>
  <BannerType>poster</BannerType>
  <BannerType2>680x1000</BannerType2>
  <Language>en</Language>
  <Rating>7.8571</Rating>
  <RatingCount>7</RatingCount>
</Banner>
<Banner>
  <id>927318</id>
  <BannerPath>posters/248682-2.jpg</BannerPath>
  <BannerType>poster</BannerType>
  <BannerType2>680x1000</BannerType2>
  <Language>en</Language>
  <Rating>7.4286</Rating>
  <RatingCount>7</RatingCount>
</Banner>
<Banner>
  <id>897681</id>
  <BannerPath>posters/248682-8.jpg</BannerPath>
  <BannerType>poster</BannerType>
  <BannerType2>680x1000</BannerType2>
  <Language>en</Language>
  <Rating>7.3750</Rating>
  <RatingCount>8</RatingCount>
</Banner>
<Banner>
  <id>897825</id>
  <BannerPath>posters/248682-5.jpg</BannerPath>
  <BannerType>poster</BannerType>
  <BannerType2>680x1000</BannerType2>
  <Language>en</Language>
  <Rating>7.2500</Rating>
  <RatingCount>4</RatingCount>
</Banner>
<Banner>
  <id>923029</id>
  <BannerPath>posters/248682-4.jpg</BannerPath>
  <BannerType>poster</BannerType>
  <BannerType2>680x1000</BannerType2>
  <Language>en</Language>
  <Rating>6.6667</Rating>
  <RatingCount>3</RatingCount>
</Banner>
<Banner>
  <id>886568</id>
  <BannerPath>posters/248682-7.jpg</BannerPath>
  <BannerType>poster</BannerType>
  <BannerType2>680x1000</BannerType2>
  <Language>en</Language>
  <Rating>5.2500</Rating>
  <RatingCount>4</RatingCount>
</Banner>
<Banner>
  <id>927325</id>
  <BannerPath>posters/248682-1.jpg</BannerPath>
  <BannerType>poster</BannerType>
  <BannerType2>680x1000</BannerType2>
  <Language>en</Language>
  <Rating>1.0000</Rating>
  <RatingCount>2</RatingCount>
</Banner>
<Banner>
  <id>922009</id>
  <BannerPath>seasons/248682-2-3.jpg</BannerPath>
  <BannerType>season</BannerType>
  <BannerType2>season</BannerType2>
  <Language>en</Language>
  <Rating>10.0000</Rating>
  <RatingCount>4</RatingCount>
  <Season>2</Season>
</Banner>
<Banner>
  <id>897688</id>
  <BannerPath>seasons/248682-1-2.jpg</BannerPath>
  <BannerType>season</BannerType>
  <BannerType2>season</BannerType2>
  <Language>en</Language>
  <Rating>10.0000</Rating>
  <RatingCount>4</RatingCount>
  <Season>1</Season>
</Banner>
<Banner>
  <id>873646</id>
  <BannerPath>seasons/248682-0.jpg</BannerPath>
  <BannerType>season</BannerType>
  <BannerType2>season</BannerType2>
  <Language>en</Language>
  <Rating>10.0000</Rating>
  <RatingCount>1</RatingCount>
  <Season>0</Season>
</Banner>
<Banner>
  <id>916814</id>
  <BannerPath>seasons/248682-2-2.jpg</BannerPath>
  <BannerType>season</BannerType>
  <BannerType2>season</BannerType2>
  <Language>en</Language>
  <Rating>9.5000</Rating>
  <RatingCount>2</RatingCount>
  <Season>2</Season>
</Banner>
<Banner>
  <id>917292</id>
  <BannerPath>seasons/248682-1-3.jpg</BannerPath>
  <BannerType>season</BannerType>
  <BannerType2>season</BannerType2>
  <Language>en</Language>
  <Rating>7.8333</Rating>
  <RatingCount>6</RatingCount>
  <Season>1</Season>
</Banner>
<Banner>
  <id>873645</id>
  <BannerPath>seasons/248682-1.jpg</BannerPath>
  <BannerType>season</BannerType>
  <BannerType2>season</BannerType2>
  <Language>en</Language>
  <Rating>6.4000</Rating>
  <RatingCount>5</RatingCount>
  <Season>1</Season>
</Banner>
<Banner>
  <id>916769</id>
  <BannerPath>seasons/248682-2.jpg</BannerPath>
  <BannerType>season</BannerType>
  <BannerType2>season</BannerType2>
  <Language>en</Language>
  <Rating>5.0000</Rating>
  <RatingCount>3</RatingCount>
  <Season>2</Season>
</Banner>
<Banner>
  <id>940395</id>
  <BannerPath>seasons/248682-2-4.jpg</BannerPath>
  <BannerType>season</BannerType>
  <BannerType2>season</BannerType2>
  <Language>en</Language>
  <Rating></Rating>
  <RatingCount>0</RatingCount>
  <Season>2</Season>
</Banner>
<Banner>
  <id>944880</id>
  <BannerPath>graphical/248682-g12.jpg</BannerPath>
  <BannerType>series</BannerType>
  <BannerType2>graphical</BannerType2>
  <Language>en</Language>
  <Rating>10.0000</Rating>
  <RatingCount>2</RatingCount>
</Banner>
<Banner>
  <id>874713</id>
  <BannerPath>graphical/248682-g8.jpg</BannerPath>
  <BannerType>series</BannerType>
  <BannerType2>graphical</BannerType2>
  <Language>en</Language>
  <Rating>8.8571</Rating>
  <RatingCount>7</RatingCount>
</Banner>
<Banner>
  <id>886566</id>
  <BannerPath>graphical/248682-g2.jpg</BannerPath>
  <BannerType>series</BannerType>
  <BannerType2>graphical</BannerType2>
  <Language>en</Language>
  <Rating>8.3333</Rating>
  <RatingCount>6</RatingCount>
</Banner>
<Banner>
  <id>874647</id>
  <BannerPath>graphical/248682-g6.jpg</BannerPath>
  <BannerType>series</BannerType>
  <BannerType2>graphical</BannerType2>
  <Language>en</Language>
  <Rating>8.3333</Rating>
  <RatingCount>3</RatingCount>
</Banner>
<Banner>
  <id>874648</id>
  <BannerPath>graphical/248682-g7.jpg</BannerPath>
  <BannerType>series</BannerType>
  <BannerType2>graphical</BannerType2>
  <Language>en</Language>
  <Rating>8.0000</Rating>
  <RatingCount>6</RatingCount>
</Banner>
<Banner>
  <id>871335</id>
  <BannerPath>graphical/248682-g5.jpg</BannerPath>
  <BannerType>series</BannerType>
  <BannerType2>graphical</BannerType2>
  <Language>en</Language>
  <Rating>7.6667</Rating>
  <RatingCount>3</RatingCount>
</Banner>
<Banner>
  <id>874781</id>
  <BannerPath>graphical/248682-g9.jpg</BannerPath>
  <BannerType>series</BannerType>
  <BannerType2>graphical</BannerType2>
  <Language>en</Language>
  <Rating>7.6000</Rating>
  <RatingCount>5</RatingCount>
</Banner>
<Banner>
  <id>864030</id>
  <BannerPath>graphical/248682-g3.jpg</BannerPath>
  <BannerType>series</BannerType>
  <BannerType2>graphical</BannerType2>
  <Language>en</Language>
  <Rating>5.5000</Rating>
  <RatingCount>2</RatingCount>
</Banner>
<Banner>
  <id>896821</id>
  <BannerPath>graphical/248682-g10.jpg</BannerPath>
  <BannerType>series</BannerType>
  <BannerType2>graphical</BannerType2>
  <Language>he</Language>
  <Rating>3.2500</Rating>
  <RatingCount>4</RatingCount>
</Banner>
<Banner>
  <id>896822</id>
  <BannerPath>graphical/248682-g11.jpg</BannerPath>
  <BannerType>series</BannerType>
  <BannerType2>graphical</BannerType2>
  <Language>he</Language>
  <Rating></Rating>
  <RatingCount>0</RatingCount>
</Banner>
<Banner>
  <id>864029</id>
  <BannerPath>graphical/248682-g4.jpg</BannerPath>
  <BannerType>series</BannerType>
  <BannerType2>graphical</BannerType2>
  <Language>en</Language>
  <Rating></Rating>
  <RatingCount>0</RatingCount>
</Banner>
<Banner>
  <id>933535</id>
  <BannerPath>graphical/248682-g.jpg</BannerPath>
  <BannerType>series</BannerType>
  <BannerType2>graphical</BannerType2>
  <Language>ru</Language>
  <Rating></Rating>
  <RatingCount>0</RatingCount>
</Banner>
</Banners>