<?xml version="1.0" encoding="UTF-8" ?>
<Data><Series>
  <id>248682</id>
  <Actors>|Jake Johnson|Zooey Deschanel|Max Greenfield|Lamorne Morris|Hannah Simone|</Actors>
  <Airs_DayOfWeek>Tuesday</Airs_DayOfWeek>
  <Airs_Time>9:00 PM</Airs_Time>
  <ContentRating>TV-14</ContentRating>
  <FirstAired>2011-09-20</FirstAired>
  <Genre>|Comedy|</Genre>
  <IMDB_ID>tt1826940</IMDB_ID>
  <Language>en</Language>
  <Network>FOX</Network>
  <NetworkID></NetworkID>
  <Overview>Jessica Day is an offbeat and adorable girl in her late 20s who, after a bad breakup, moves in with three single guys. Goofy, positive, vulnerable and honest to a fault, Jess has faith in people, even when she shouldn't. Although she's dorky and awkward, she's comfortable in her own skin. More prone to friendships with women, she's not used to hanging with the boys--especially at home.</Overview>
  <Rating>7.9</Rating>
  <RatingCount>63</RatingCount>
  <Runtime>30</Runtime>
  <SeriesID>81468</SeriesID>
  <SeriesName>New Girl</SeriesName>
  <Status>Continuing</Status>
  <added>2011-05-12 05:22:46</added>
  <addedBy>235881</addedBy>
  <banner>graphical/248682-g12.jpg</banner>
  <fanart>fanart/original/248682-11.jpg</fanart>
  <lastupdated>1365598339</lastupdated>
  <poster>posters/248682-9.jpg</poster>
  <zap2it_id>EP01419203</zap2it_id>
</Series>
<Episode>
  <id>4099229</id>
  <Combined_episodenumber>1</Combined_episodenumber>
  <Combined_season>1</Combined_season>
  <DVD_chapter></DVD_chapter>
  <DVD_discid></DVD_discid>
  <DVD_episodenumber></DVD_episodenumber>
  <DVD_season></DVD_season>
  <Director>Jake Kasdan</Director>
  <EpImgFlag>2</EpImgFlag>
  <EpisodeName>Pilot</EpisodeName>
  <EpisodeNumber>1</EpisodeNumber>
  <FirstAired>2011-09-20</FirstAired>
  <GuestStars>|Damon Wayans Jr.|Mary Elizabeth Ellis|Ian Wolterstorff|Gillian Vigman|Joey Wagner Luthman|David Neher|Jack Yang|</GuestStars>
  <IMDB_ID>tt1941258</IMDB_ID>
  <Language>en</Language>
  <Overview>After leaving her long-time boyfriend, Jess moves into an apartment with three men, and tries to re-enter the dating world. </Overview>
  <ProductionCode>1ATM79</ProductionCode>
  <Rating>7.6</Rating>
  <RatingCount>138</RatingCount>
  <SeasonNumber>1</SeasonNumber>
  <Writer>Liz Meriwether</Writer>
  <absolute_number></absolute_number>
  <filename>episodes/248682/4099229.jpg</filename>
  <lastupdated>1364591489</lastupdated>
  <seasonid>465899</seasonid>
  <seriesid>248682</seriesid>
</Episode>
<Episode>
  <id>4161303</id>
  <Combined_episodenumber>2</Combined_episodenumber>
  <Combined_season>1</Combined_season>
  <DVD_chapter></DVD_chapter>
  <DVD_discid></DVD_discid>
  <DVD_episodenumber></DVD_episodenumber>
  <DVD_season></DVD_season>
  <Director>Jake Kasdan</Director>
  <EpImgFlag>2</EpImgFlag>
  <EpisodeName>Kryptonite</EpisodeName>
  <EpisodeNumber>2</EpisodeNumber>
  <FirstAired>2011-09-27</FirstAired>
  <GuestStars>|Ian Wolterstorff|Ashton Swinford|</GuestStars>
  <IMDB_ID>tt2043470</IMDB_ID>
  <Language>en</Language>
  <Overview>Nick and Schmidt convince Jess to get her stuff out of her ex-boyfriend Spencer's apartment; Jess meets new roommate Winston, who has returned from playing basketball in Latvia. Winston tries to get his old room back from Schmidt.</Overview>
  <ProductionCode>1ATM01</ProductionCode>
  <Rating>7.2</Rating>
  <RatingCount>117</RatingCount>
  <SeasonNumber>1</SeasonNumber>
  <Writer>Elizabeth Meriwether</Writer>
  <absolute_number></absolute_number>
  <filename>episodes/248682/4161303.jpg</filename>
  <lastupdated>1364576886</lastupdated>
  <seasonid>465899</seasonid>
  <seriesid>248682</seriesid>
</Episode>
<Episode>
  <id>4161304</id>
  <Combined_episodenumber>3</Combined_episodenumber>
  <Combined_season>1</Combined_season>
  <DVD_chapter></DVD_chapter>
  <DVD_discid></DVD_discid>
  <DVD_episodenumber></DVD_episodenumber>
  <DVD_season></DVD_season>
  <Director>Jason Winer</Director>
  <EpImgFlag>2</EpImgFlag>
  <EpisodeName>Wedding</EpisodeName>
  <EpisodeNumber>3</EpisodeNumber>
  <FirstAired>2011-10-04</FirstAired>
  <GuestStars>|Mary Elizabeth Ellis|Katie Cassidy|Natasha Lyonne|</GuestStars>
  <IMDB_ID>tt2043471</IMDB_ID>
  <Language>en</Language>
  <Overview>The guys are invited to a wedding, and Nick is fearful that he'll run into his ex, so he asks Jess to be his date. Meanwhile, Winston takes his role as usher very seriously, and Schmidt catches the eye of two women.</Overview>
  <ProductionCode>1ATM04</ProductionCode>
  <Rating>7.4</Rating>
  <RatingCount>111</RatingCount>
  <SeasonNumber>1</SeasonNumber>
  <Writer>Donick Cary</Writer>
  <absolute_number></absolute_number>
  <filename>episodes/248682/4161304.jpg</filename>
  <lastupdated>1364591531</lastupdated>
  <seasonid>465899</seasonid>
  <seriesid>248682</seriesid>
</Episode>
<Episode>
  <id>4161305</id>
  <Combined_episodenumber>4</Combined_episodenumber>
  <Combined_season>1</Combined_season>
  <DVD_chapter></DVD_chapter>
  <DVD_discid></DVD_discid>
  <DVD_episodenumber></DVD_episodenumber>
  <DVD_season></DVD_season>
  <Director>Jake Kasdan</Director>
  <EpImgFlag>2</EpImgFlag>
  <EpisodeName>Naked</EpisodeName>
  <EpisodeNumber>4</EpisodeNumber>
  <FirstAired>2011-11-01</FirstAired>
  <GuestStars>Lake Bell</GuestStars>
  <IMDB_ID>tt2065492</IMDB_ID>
  <Language>en</Language>
  <Overview>Jess accidentally sees Nick naked, shattering his self-confidence. Winston becomes overly obsessed with learning new pop culture references. Lake Bell guest stars as Amanda, a co-worker that Nick begins dating.</Overview>
  <ProductionCode>103</ProductionCode>
  <Rating>7.6</Rating>
  <RatingCount>106</RatingCount>
  <SeasonNumber>1</SeasonNumber>
  <Writer>J. J. Philbin</Writer>
  <absolute_number></absolute_number>
  <filename>episodes/248682/4161305.jpg</filename>
  <lastupdated>1364591552</lastupdated>
  <seasonid>465899</seasonid>
  <seriesid>248682</seriesid>
</Episode>
<Episode>
  <id>4180224</id>
  <Combined_episodenumber>5</Combined_episodenumber>
  <Combined_season>1</Combined_season>
  <DVD_chapter></DVD_chapter>
  <DVD_discid></DVD_discid>
  <DVD_episodenumber></DVD_episodenumber>
  <DVD_season></DVD_season>
  <Director>John Hamburg</Director>
  <EpImgFlag>2</EpImgFlag>
  <EpisodeName>Cece Crashes</EpisodeName>
  <EpisodeNumber>5</EpisodeNumber>
  <FirstAired>2011-11-08</FirstAired>
  <GuestStars></GuestStars>
  <IMDB_ID>tt2043472</IMDB_ID>
  <Language>en</Language>
  <Overview>Jess is convinced by Cece that Nick may like her as more than a friend, while Schmidt tries to finally get together with Cece.</Overview>
  <ProductionCode></ProductionCode>
  <Rating>7.6</Rating>
  <RatingCount>106</RatingCount>
  <SeasonNumber>1</SeasonNumber>
  <Writer>Rachel Axler</Writer>
  <absolute_number></absolute_number>
  <filename>episodes/248682/4180224.jpg</filename>
  <lastupdated>1364591572</lastupdated>
  <seasonid>465899</seasonid>
  <seriesid>248682</seriesid>
</Episode>
<Episode>
  <id>4187793</id>
  <Combined_episodenumber>6</Combined_episodenumber>
  <Combined_season>1</Combined_season>
  <DVD_chapter></DVD_chapter>
  <DVD_discid></DVD_discid>
  <DVD_episodenumber></DVD_episodenumber>
  <DVD_season></DVD_season>
  <Director>Miguel Arteta</Director>
  <EpImgFlag>2</EpImgFlag>
  <EpisodeName>Thanksgiving</EpisodeName>
  <EpisodeNumber>6</EpisodeNumber>
  <FirstAired>2011-11-15</FirstAired>
  <GuestStars>Justin Long</GuestStars>
  <IMDB_ID></IMDB_ID>
  <Language>en</Language>
  <Overview>Jess invites Paul, a music teacher at her school on whom she always has had a crush, to the gang’s big Thanksgiving dinner at the loft, which naturally goes horribly awry.</Overview>
  <ProductionCode></ProductionCode>
  <Rating>7.4</Rating>
  <RatingCount>103</RatingCount>
  <SeasonNumber>1</SeasonNumber>
  <Writer>Berkley Johnson</Writer>
  <absolute_number></absolute_number>
  <filename>episodes/248682/4187793.jpg</filename>
  <lastupdated>1364578692</lastupdated>
  <seasonid>465899</seasonid>
  <seriesid>248682</seriesid>
</Episode>
<Episode>
  <id>4187794</id>
  <Combined_episodenumber>7</Combined_episodenumber>
  <Combined_season>1</Combined_season>
  <DVD_chapter></DVD_chapter>
  <DVD_discid></DVD_discid>
  <DVD_episodenumber></DVD_episodenumber>
  <DVD_season></DVD_season>
  <Director>Peyton Reed</Director>
  <EpImgFlag>2</EpImgFlag>
  <EpisodeName>Bells</EpisodeName>
  <EpisodeNumber>7</EpisodeNumber>
  <FirstAired>2011-11-29</FirstAired>
  <GuestStars>Raven Goodwin|Ki Hong Lee|Tiffany Ariany|Esther Povitsky</GuestStars>
  <IMDB_ID>tt2043473</IMDB_ID>
  <Language>en</Language>
  <Overview>Jess gets jealous when Winston joins her troubled-youth handbell quartet and instantly becomes a natural. Meanwhile Nick and Schmidt engage in class warfare when the toilet breaks and they each have their own idea of how to get it fixed.</Overview>
  <ProductionCode></ProductionCode>
  <Rating>7.3</Rating>
  <RatingCount>105</RatingCount>
  <SeasonNumber>1</SeasonNumber>
  <Writer>Luvh Rakhe</Writer>
  <absolute_number></absolute_number>
  <filename>episodes/248682/4187794.jpg</filename>
  <lastupdated>1364578776</lastupdated>
  <seasonid>465899</seasonid>
  <seriesid>248682</seriesid>
</Episode>
<Episode>
  <id>4187795</id>
  <Combined_episodenumber>8</Combined_episodenumber>
  <Combined_season>1</Combined_season>
  <DVD_chapter></DVD_chapter>
  <DVD_discid></DVD_discid>
  <DVD_episodenumber></DVD_episodenumber>
  <DVD_season></DVD_season>
  <Director>Jesse Peretz</Director>
  <EpImgFlag>2</EpImgFlag>
  <EpisodeName>Bad in Bed</EpisodeName>
  <EpisodeNumber>8</EpisodeNumber>
  <FirstAired>2011-12-06</FirstAired>
  <GuestStars>Justin Long|Lauren Dair Owens|Eva Amurri|Michaela Watkins</GuestStars>
  <IMDB_ID></IMDB_ID>
  <Language>en</Language>
  <Overview>When Jess decides to take her relationship with Paul to the next level, she consults with the guys for some sex advice. Meanwhile, Schmidt worms his way into his boss' baby shower to compete with his office female counterpart.</Overview>
  <ProductionCode></ProductionCode>
  <Rating>7.5</Rating>
  <RatingCount>105</RatingCount>
  <SeasonNumber>1</SeasonNumber>
  <Writer>Josh Malmuth</Writer>
  <absolute_number></absolute_number>
  <filename>episodes/248682/4187795.jpg</filename>
  <lastupdated>1364578844</lastupdated>
  <seasonid>465899</seasonid>
  <seriesid>248682</seriesid>
</Episode>
<Episode>
  <id>4199251</id>
  <Combined_episodenumber>9</Combined_episodenumber>
  <Combined_season>1</Combined_season>
  <DVD_chapter></DVD_chapter>
  <DVD_discid></DVD_discid>
  <DVD_episodenumber></DVD_episodenumber>
  <DVD_season></DVD_season>
  <Director>Jason Winer</Director>
  <EpImgFlag>2</EpImgFlag>
  <EpisodeName>The 23rd</EpisodeName>
  <EpisodeNumber>9</EpisodeNumber>
  <FirstAired>2011-12-13</FirstAired>
  <GuestStars>Justin Long|Michaela Watkins|Gillian Vigman|Stephen Amell</GuestStars>
  <IMDB_ID></IMDB_ID>
  <Language>en</Language>
  <Overview>The roommates attend Schmidt's holiday office party; Jess frets when she receives an extravagant gift from Paul.</Overview>
  <ProductionCode></ProductionCode>
  <Rating>7.5</Rating>
  <RatingCount>102</RatingCount>
  <SeasonNumber>1</SeasonNumber>
  <Writer>Donick Cary</Writer>
  <absolute_number></absolute_number>
  <filename>episodes/248682/4199251.jpg</filename>
  <lastupdated>1364578896</lastupdated>
  <seasonid>465899</seasonid>
  <seriesid>248682</seriesid>
</Episode>
<Episode>
  <id>4199254</id>
  <Combined_episodenumber>10</Combined_episodenumber>
  <Combined_season>1</Combined_season>
  <DVD_chapter></DVD_chapter>
  <DVD_discid></DVD_discid>
  <DVD_episodenumber></DVD_episodenumber>
  <DVD_season></DVD_season>
  <Director>Troy Miller</Director>
  <EpImgFlag>2</EpImgFlag>
  <EpisodeName>The Story of the 50</EpisodeName>
  <EpisodeNumber>10</EpisodeNumber>
  <FirstAired>2012-01-17</FirstAired>
  <GuestStars>Lizzy Caplan|David Neher|Rachael Harris|Matt Besser|E-Kan Soong</GuestStars>
  <IMDB_ID></IMDB_ID>
  <Language>en</Language>
  <Overview>When Schmidt's plans for his 29th birthday fall apart, Jess takes charge and enlists the help of her school's party hungry vice-principal. Meanwhile, Nick begrudgingly has his first date at Schmidt's party with a beautiful lawyer who harbors a secret, and the gang wonders who placed a 50 dollar bill in the douchebag jar.</Overview>
  <ProductionCode></ProductionCode>
  <Rating>7.4</Rating>
  <RatingCount>105</RatingCount>
  <SeasonNumber>1</SeasonNumber>
  <Writer>Luvh Rakhe</Writer>
  <absolute_number></absolute_number>
  <filename>episodes/248682/4199254.jpg</filename>
  <lastupdated>1364579449</lastupdated>
  <seasonid>465899</seasonid>
  <seriesid>248682</seriesid>
</Episode>
<Episode>
  <id>4221770</id>
  <Combined_episodenumber>11</Combined_episodenumber>
  <Combined_season>1</Combined_season>
  <DVD_chapter></DVD_chapter>
  <DVD_discid></DVD_discid>
  <DVD_episodenumber></DVD_episodenumber>
  <DVD_season></DVD_season>
  <Director>Jake Kasdan</Director>
  <EpImgFlag>2</EpImgFlag>
  <EpisodeName>Jess and Julia</EpisodeName>
  <EpisodeNumber>11</EpisodeNumber>
  <FirstAired>2012-01-31</FirstAired>
  <GuestStars>Lizzy Caplan|June Diane Raphael|Kali Hawk</GuestStars>
  <IMDB_ID></IMDB_ID>
  <Language>en</Language>
  <Overview>Nick panics when Julia doesn't want to put a label on their relationship. Meanwhile, Jess enlists Julia to help her get out of a traffic ticket, Winston reconnects with a former booty call and Schmidt is baffled as to why his shower towel is always damp.</Overview>
  <ProductionCode></ProductionCode>
  <Rating>7.7</Rating>
  <RatingCount>95</RatingCount>
  <SeasonNumber>1</SeasonNumber>
  <Writer>|Elizabeth Meriwether|Luvh Rakhe|</Writer>
  <absolute_number></absolute_number>
  <filename>episodes/248682/4221770.jpg</filename>
  <lastupdated>1364579849</lastupdated>
  <seasonid>465899</seasonid>
  <seriesid>248682</seriesid>
</Episode>
<Episode>
  <id>4221769</id>
  <Combined_episodenumber>12</Combined_episodenumber>
  <Combined_season>1</Combined_season>
  <DVD_chapter></DVD_chapter>
  <DVD_discid></DVD_discid>
  <DVD_episodenumber></DVD_episodenumber>
  <DVD_season></DVD_season>
  <Director>Peyton Reed</Director>
  <EpImgFlag>2</EpImgFlag>
  <EpisodeName>The Landlord</EpisodeName>
  <EpisodeNumber>12</EpisodeNumber>
  <FirstAired>2012-02-07</FirstAired>
  <GuestStars>Jeff Kober|Gillian Vigma</GuestStars>
  <IMDB_ID>tt2043467</IMDB_ID>
  <Language>en</Language>
  <Overview>Against Nick's wishes, Jess makes it her mission to get the loft's cantankerous landlord to like her. In doing so, she inadvertently jeopardizes their living situation and the guys are forced to admit they've made some &quot;unofficial&quot; changes to the apartment. Meanwhile Schmidt tries to decipher what he thinks are mixed signals from his boss Kim.</Overview>
  <ProductionCode></ProductionCode>
  <Rating>7.6</Rating>
  <RatingCount>99</RatingCount>
  <SeasonNumber>1</SeasonNumber>
  <Writer>Berkley Johnson|Josh Malmuth|Joe Port|Joe Wiseman</Writer>
  <absolute_number></absolute_number>
  <filename>episodes/248682/4221769.jpg</filename>
  <lastupdated>1364579901</lastupdated>
  <seasonid>465899</seasonid>
  <seriesid>248682</seriesid>
</Episode>
<Episode>
  <id>4250577</id>
  <Combined_episodenumber>13</Combined_episodenumber>
  <Combined_season>1</Combined_season>
  <DVD_chapter></DVD_chapter>
  <DVD_discid></DVD_discid>
  <DVD_episodenumber></DVD_episodenumber>
  <DVD_season></DVD_season>
  <Director>Tucker Gates</Director>
  <EpImgFlag>2</EpImgFlag>
  <EpisodeName>Valentine's Day</EpisodeName>
  <EpisodeNumber>13</EpisodeNumber>
  <FirstAired>2012-02-14</FirstAired>
  <GuestStars>Lizzy Caplan|Clark Duke|Ryan Kwanten|Stephen Amell|Kali Hawk|Vanessa Ragland</GuestStars>
  <IMDB_ID></IMDB_ID>
  <Language>en</Language>
  <Overview>Jess convinces Schmidt to help her land a stranger on her first Valentine's day without a date. Nick spends more time with Julie's Assistant than Julie, ruining his special day plans.</Overview>
  <ProductionCode></ProductionCode>
  <Rating>7.5</Rating>
  <RatingCount>106</RatingCount>
  <SeasonNumber>1</SeasonNumber>
  <Writer>Lesley Wake Webster</Writer>
  <absolute_number></absolute_number>
  <filename>episodes/248682/4250577.jpg</filename>
  <lastupdated>1364579940</lastupdated>
  <seasonid>465899</seasonid>
  <seriesid>248682</seriesid>
</Episode>
<Episode>
  <id>4258489</id>
  <Combined_episodenumber>14</Combined_episodenumber>
  <Combined_season>1</Combined_season>
  <DVD_chapter></DVD_chapter>
  <DVD_discid></DVD_discid>
  <DVD_episodenumber></DVD_episodenumber>
  <DVD_season></DVD_season>
  <Director>Dan Attias</Director>
  <EpImgFlag>2</EpImgFlag>
  <EpisodeName>Bully</EpisodeName>
  <EpisodeNumber>14</EpisodeNumber>
  <FirstAired>2012-02-21</FirstAired>
  <GuestStars>Lizzy Caplan|Rachael Harris|Joey King|Roxana Ortega|Tressa DiFiglia</GuestStars>
  <IMDB_ID>tt2201825</IMDB_ID>
  <Language>en</Language>
  <Overview>When Jess tries to stop a bully at school, she ends up as her new target; the woman Schmidt has been seeing wants to keep their relationship secret.</Overview>
  <ProductionCode></ProductionCode>
  <Rating>7.5</Rating>
  <RatingCount>91</RatingCount>
  <SeasonNumber>1</SeasonNumber>
  <Writer>David Walpert</Writer>
  <absolute_number></absolute_number>
  <filename>episodes/248682/4258489.jpg</filename>
  <lastupdated>1364580364</lastupdated>
  <seasonid>465899</seasonid>
  <seriesid>248682</seriesid>
</Episode>
<Episode>
  <id>4259359</id>
  <Combined_episodenumber>15</Combined_episodenumber>
  <Combined_season>1</Combined_season>
  <DVD_chapter></DVD_chapter>
  <DVD_discid></DVD_discid>
  <DVD_episodenumber></DVD_episodenumber>
  <DVD_season></DVD_season>
  <Director>Lynn Shelton</Director>
  <EpImgFlag>2</EpImgFlag>
  <EpisodeName>Injured</EpisodeName>
  <EpisodeNumber>15</EpisodeNumber>
  <FirstAired>2012-03-06</FirstAired>
  <GuestStars>June Diane Raphael</GuestStars>
  <IMDB_ID>tt2043477</IMDB_ID>
  <Language>en</Language>
  <Overview>When Nick is hurt playing a game of touch football and Jess discovers he doesn't have insurance, she takes him to her doctor friend -- an OB-GYN. The gang rallies together and Nick evaluates his life when his seemingly innocuous back injury may prove to be more serious than thought.</Overview>
  <ProductionCode></ProductionCode>
  <Rating>7.4</Rating>
  <RatingCount>91</RatingCount>
  <SeasonNumber>1</SeasonNumber>
  <Writer>J.J. Philbin|Joe Port|Joe Wiseman</Writer>
  <absolute_number></absolute_number>
  <filename>episodes/248682/4259359.jpg</filename>
  <lastupdated>1364580385</lastupdated>
  <seasonid>465899</seasonid>
  <seriesid>248682</seriesid>
</Episode>
<Episode>
  <id>4273546</id>
  <Combined_episodenumber>16</Combined_episodenumber>
  <Combined_season>1</Combined_season>
  <DVD_chapter></DVD_chapter>
  <DVD_discid></DVD_discid>
  <DVD_episodenumber></DVD_episodenumber>
  <DVD_season></DVD_season>
  <Director>Jesse Peretz</Director>
  <EpImgFlag>2</EpImgFlag>
  <EpisodeName>Control</EpisodeName>
  <EpisodeNumber>16</EpisodeNumber>
  <FirstAired>2012-03-13</FirstAired>
  <GuestStars></GuestStars>
  <IMDB_ID>tt2196901</IMDB_ID>
  <Language>en</Language>
  <Overview>After Jess realizes that Schmidt is unfairly doing all of the housework, she pushes him to &quot;go on strike,&quot; and the entire ecosystem of the loft is thrown off balance. Meanwhile, Nick scrambles when he must pay up to Winston after losing a poker game.</Overview>
  <ProductionCode></ProductionCode>
  <Rating>7.4</Rating>
  <RatingCount>96</RatingCount>
  <SeasonNumber>1</SeasonNumber>
  <Writer>Brett Baer|Dave Finkel</Writer>
  <absolute_number></absolute_number>
  <filename>episodes/248682/4273546.jpg</filename>
  <lastupdated>1364580413</lastupdated>
  <seasonid>465899</seasonid>
  <seriesid>248682</seriesid>
</Episode>
<Episode>
  <id>4282961</id>
  <Combined_episodenumber>17</Combined_episodenumber>
  <Combined_season>1</Combined_season>
  <DVD_chapter></DVD_chapter>
  <DVD_discid></DVD_discid>
  <DVD_episodenumber></DVD_episodenumber>
  <DVD_season></DVD_season>
  <Director>Peyton Reed</Director>
  <EpImgFlag>2</EpImgFlag>
  <EpisodeName>Fancyman (1)</EpisodeName>
  <EpisodeNumber>17</EpisodeNumber>
  <FirstAired>2012-03-20</FirstAired>
  <GuestStars>Dermot Mulroney|Julie Brister|Beth Crosby|Blake Garrett|Rachael Harris|Kali Hawk|Randall Park|Claire Titelman|Ajay Vidure</GuestStars>
  <IMDB_ID>tt2289125</IMDB_ID>
  <Language>en</Language>
  <Overview>A student's wealthy father asks Jess out on a date. Nick tried to buy a new cell phone. Winston and Schmidt get competitive during a game of trivia.</Overview>
  <ProductionCode></ProductionCode>
  <Rating>7.6</Rating>
  <RatingCount>88</RatingCount>
  <SeasonNumber>1</SeasonNumber>
  <Writer>J.J. Philbin|Nick Adams</Writer>
  <absolute_number></absolute_number>
  <filename>episodes/248682/4282961.jpg</filename>
  <lastupdated>1364580497</lastupdated>
  <seasonid>465899</seasonid>
  <seriesid>248682</seriesid>
</Episode>
<Episode>
  <id>4283862</id>
  <Combined_episodenumber>18</Combined_episodenumber>
  <Combined_season>1</Combined_season>
  <DVD_chapter></DVD_chapter>
  <DVD_discid></DVD_discid>
  <DVD_episodenumber></DVD_episodenumber>
  <DVD_season></DVD_season>
  <Director>Matt Shakman</Director>
  <EpImgFlag>2</EpImgFlag>
  <EpisodeName>Fancyman (2)</EpisodeName>
  <EpisodeNumber>18</EpisodeNumber>
  <FirstAired>2012-03-27</FirstAired>
  <GuestStars>Dermot Mulroney</GuestStars>
  <IMDB_ID>tt2324699</IMDB_ID>
  <Language>en</Language>
  <Overview>Jess' sophisticated date with Russell doesn't go as planned. Meanwhile, Nick's college friend visits and brings out Nick's inner frat boy to help him get over his break-up with Julia. Also, Winston panics when Shelby goes on a &quot;girls&quot; vacation and Schmidt and Cece try to keep their relationship under the covers, but one of the friends finds out their secret.</Overview>
  <ProductionCode></ProductionCode>
  <Rating>7.6</Rating>
  <RatingCount>84</RatingCount>
  <SeasonNumber>1</SeasonNumber>
  <Writer>Berkley Johnson|Kim Rosenstock</Writer>
  <absolute_number></absolute_number>
  <filename>episodes/248682/4283862.jpg</filename>
  <lastupdated>1364580521</lastupdated>
  <seasonid>465899</seasonid>
  <seriesid>248682</seriesid>
</Episode>
<Episode>
  <id>4289811</id>
  <Combined_episodenumber>19</Combined_episodenumber>
  <Combined_season>1</Combined_season>
  <DVD_chapter></DVD_chapter>
  <DVD_discid></DVD_discid>
  <DVD_episodenumber></DVD_episodenumber>
  <DVD_season></DVD_season>
  <Director>David Wain</Director>
  <EpImgFlag>2</EpImgFlag>
  <EpisodeName>Secrets</EpisodeName>
  <EpisodeNumber>19</EpisodeNumber>
  <FirstAired>2012-04-03</FirstAired>
  <GuestStars>Katrina Bowden</GuestStars>
  <IMDB_ID>tt2274825</IMDB_ID>
  <Language>en</Language>
  <Overview>While training for a marathon, Jess discovers that Cece has been keeping a secret from her, and their friendship is put to the test. Meanwhile, Winston can't handle being the only one who knows about Cece and Schmidt, and Nick reluctantly asks for Schmidt's help as he tries to juggle dating two women at once.</Overview>
  <ProductionCode></ProductionCode>
  <Rating>7.6</Rating>
  <RatingCount>84</RatingCount>
  <SeasonNumber>1</SeasonNumber>
  <Writer>Matt Shakman</Writer>
  <absolute_number></absolute_number>
  <filename>episodes/248682/4289811.jpg</filename>
  <lastupdated>1364580549</lastupdated>
  <seasonid>465899</seasonid>
  <seriesid>248682</seriesid>
</Episode>
<Episode>
  <id>4289812</id>
  <Combined_episodenumber>20</Combined_episodenumber>
  <Combined_season>1</Combined_season>
  <DVD_chapter></DVD_chapter>
  <DVD_discid></DVD_discid>
  <DVD_episodenumber></DVD_episodenumber>
  <DVD_season></DVD_season>
  <Director>Jesse Peretz</Director>
  <EpImgFlag>2</EpImgFlag>
  <EpisodeName>Normal</EpisodeName>
  <EpisodeNumber>20</EpisodeNumber>
  <FirstAired>2012-04-10</FirstAired>
  <GuestStars>Dermot Mulroney</GuestStars>
  <IMDB_ID></IMDB_ID>
  <Language>en</Language>
  <Overview>Jess nervously invites Russell to spend the weekend at the loft; Winston gets a job at a sports radio station.</Overview>
  <ProductionCode></ProductionCode>
  <Rating>7.5</Rating>
  <RatingCount>79</RatingCount>
  <SeasonNumber>1</SeasonNumber>
  <Writer>Luvh Rakhe</Writer>
  <absolute_number></absolute_number>
  <filename>episodes/248682/4289812.jpg</filename>
  <lastupdated>1364580665</lastupdated>
  <seasonid>465899</seasonid>
  <seriesid>248682</seriesid>
</Episode>
<Episode>
  <id>4289813</id>
  <Combined_episodenumber>21</Combined_episodenumber>
  <Combined_season>1</Combined_season>
  <DVD_chapter></DVD_chapter>
  <DVD_discid></DVD_discid>
  <DVD_episodenumber></DVD_episodenumber>
  <DVD_season></DVD_season>
  <Director>Tristram Shapeero</Director>
  <EpImgFlag>2</EpImgFlag>
  <EpisodeName>Kids</EpisodeName>
  <EpisodeNumber>21</EpisodeNumber>
  <FirstAired>2012-04-17</FirstAired>
  <GuestStars>Phil Hendrie|Jeanne Tripplehorn|Annalise Basso</GuestStars>
  <IMDB_ID></IMDB_ID>
  <Language>en</Language>
  <Overview>Jess babysits Russell's pre-teen daughter for the weekend and meets his ex-wife. Then, Schmidt and Cece panic when they think she's pregnant. Also, Nick's new girlfriend may be too young and Winston discovers his new boss is a big baby.</Overview>
  <ProductionCode></ProductionCode>
  <Rating>7.5</Rating>
  <RatingCount>76</RatingCount>
  <SeasonNumber>1</SeasonNumber>
  <Writer>Donick Cary|Lesley Wake Webster</Writer>
  <absolute_number></absolute_number>
  <filename>episodes/248682/4289813.jpg</filename>
  <lastupdated>1364580774</lastupdated>
  <seasonid>465899</seasonid>
  <seriesid>248682</seriesid>
</Episode>
<Episode>
  <id>4289814</id>
  <Combined_episodenumber>22</Combined_episodenumber>
  <Combined_season>1</Combined_season>
  <DVD_chapter></DVD_chapter>
  <DVD_discid></DVD_discid>
  <DVD_episodenumber></DVD_episodenumber>
  <DVD_season></DVD_season>
  <Director>Michael Spiller</Director>
  <EpImgFlag>2</EpImgFlag>
  <EpisodeName>Tomatoes</EpisodeName>
  <EpisodeNumber>22</EpisodeNumber>
  <FirstAired>2012-04-24</FirstAired>
  <GuestStars>Dermot Mulroney|Jeanne Tripplehorn</GuestStars>
  <IMDB_ID></IMDB_ID>
  <Language>en</Language>
  <Overview>Jess fears she and Russell don't share the fiery passion he exhibits with his ex-wife Ouli. Meanwhile, Cece is not yet willing to admit her true feelings for Schmidt, so she encourages him to go on a date with one of her Russian model roommates. Then, a down-in-the-dumps Nick channels all of his energy into a new vegetable garden.</Overview>
  <ProductionCode></ProductionCode>
  <Rating>7.6</Rating>
  <RatingCount>75</RatingCount>
  <SeasonNumber>1</SeasonNumber>
  <Writer>|David Walpert|Kim Rosenstock|</Writer>
  <absolute_number></absolute_number>
  <filename>episodes/248682/4289814.jpg</filename>
  <lastupdated>1364580797</lastupdated>
  <seasonid>465899</seasonid>
  <seriesid>248682</seriesid>
</Episode>
<Episode>
  <id>4290489</id>
  <Combined_episodenumber>23</Combined_episodenumber>
  <Combined_season>1</Combined_season>
  <DVD_chapter></DVD_chapter>
  <DVD_discid></DVD_discid>
  <DVD_episodenumber></DVD_episodenumber>
  <DVD_season></DVD_season>
  <Director>Nanette Burstein</Director>
  <EpImgFlag>2</EpImgFlag>
  <EpisodeName>Backslide</EpisodeName>
  <EpisodeNumber>23</EpisodeNumber>
  <FirstAired>2012-05-01</FirstAired>
  <GuestStars>|Justin Long|Mary Elizabeth Ellis|</GuestStars>
  <IMDB_ID></IMDB_ID>
  <Language>en</Language>
  <Overview>When Jess and Nick run into their exes Paul and Caroline, the gang fears they both may &quot;backslide&quot; into romantic relationships. Meanwhile, Schmidt desperately tries not to get aroused as he deals with a delicate medical issue, Winston suffers the consequences of a wild night out with his boss and Cece brings Schmidt to a nursing home to meet her grandmother.</Overview>
  <ProductionCode></ProductionCode>
  <Rating>7.6</Rating>
  <RatingCount>79</RatingCount>
  <SeasonNumber>1</SeasonNumber>
  <Writer>David Quandt</Writer>
  <absolute_number></absolute_number>
  <filename>episodes/248682/4290489.jpg</filename>
  <lastupdated>1364581037</lastupdated>
  <seasonid>465899</seasonid>
  <seriesid>248682</seriesid>
</Episode>
<Episode>
  <id>4290490</id>
  <Combined_episodenumber>24</Combined_episodenumber>
  <Combined_season>1</Combined_season>
  <DVD_chapter></DVD_chapter>
  <DVD_discid></DVD_discid>
  <DVD_episodenumber></DVD_episodenumber>
  <DVD_season></DVD_season>
  <Director>Michael Spiller</Director>
  <EpImgFlag>2</EpImgFlag>
  <EpisodeName>See Ya</EpisodeName>
  <EpisodeNumber>24</EpisodeNumber>
  <FirstAired>2012-05-08</FirstAired>
  <GuestStars></GuestStars>
  <IMDB_ID></IMDB_ID>
  <Language>en</Language>
  <Overview>When one of the roommates decides to move out of the loft, the gang makes an unexpected trip to the desert where Winston faces his fear of the dark, Cece and Schmidt’s relationship reaches a turning point and Jess and Nick square off with a coyote.</Overview>
  <ProductionCode></ProductionCode>
  <Rating>7.7</Rating>
  <RatingCount>76</RatingCount>
  <SeasonNumber>1</SeasonNumber>
  <Writer>Elizabeth Meriwether</Writer>
  <absolute_number></absolute_number>
  <filename>episodes/248682/4290490.jpg</filename>
  <lastupdated>1364581216</lastupdated>
  <seasonid>465899</seasonid>
  <seriesid>248682</seriesid>
</Episode>
<Episode>
  <id>4345293</id>
  <Combined_episodenumber>1</Combined_episodenumber>
  <Combined_season>2</Combined_season>
  <DVD_chapter></DVD_chapter>
  <DVD_discid></DVD_discid>
  <DVD_episodenumber></DVD_episodenumber>
  <DVD_season></DVD_season>
  <Director>Steve Pink</Director>
  <EpImgFlag>2</EpImgFlag>
  <EpisodeName>Re-Launch</EpisodeName>
  <EpisodeNumber>1</EpisodeNumber>
  <FirstAired>2012-09-25</FirstAired>
  <GuestStars>Parker Posey</GuestStars>
  <IMDB_ID></IMDB_ID>
  <Language>en</Language>
  <Overview>Jess is laid off from her teaching job and volunteers to be a shot girl at Schmidt's &quot;rebranding&quot; party.</Overview>
  <ProductionCode>2ATM01</ProductionCode>
  <Rating>7.4</Rating>
  <RatingCount>59</RatingCount>
  <SeasonNumber>2</SeasonNumber>
  <Writer>Kay Cannon</Writer>
  <absolute_number></absolute_number>
  <filename>episodes/248682/4345293.jpg</filename>
  <lastupdated>1364591349</lastupdated>
  <seasonid>491975</seasonid>
  <seriesid>248682</seriesid>
</Episode>
<Episode>
  <id>4376145</id>
  <Combined_episodenumber>2</Combined_episodenumber>
  <Combined_season>2</Combined_season>
  <DVD_chapter></DVD_chapter>
  <DVD_discid></DVD_discid>
  <DVD_episodenumber></DVD_episodenumber>
  <DVD_season></DVD_season>
  <Director>Larry Charles</Director>
  <EpImgFlag>2</EpImgFlag>
  <EpisodeName>Katie</EpisodeName>
  <EpisodeNumber>2</EpisodeNumber>
  <FirstAired>2012-09-25</FirstAired>
  <GuestStars></GuestStars>
  <IMDB_ID></IMDB_ID>
  <Language>en</Language>
  <Overview>Jess pretends she's someone else when a handsome stranger mistakes her for his blind date. Meanwhile, a patron at Nick's bar claims to be Nick from the future, and Winston's disapproving mother pays him a visit.</Overview>
  <ProductionCode>2ATM02</ProductionCode>
  <Rating>7.6</Rating>
  <RatingCount>57</RatingCount>
  <SeasonNumber>2</SeasonNumber>
  <Writer>Elizabeth Meriwether</Writer>
  <absolute_number></absolute_number>
  <filename>episodes/248682/4376145.jpg</filename>
  <lastupdated>1364590401</lastupdated>
  <seasonid>491975</seasonid>
  <seriesid>248682</seriesid>
</Episode>
<Episode>
  <id>4376147</id>
  <Combined_episodenumber>3</Combined_episodenumber>
  <Combined_season>2</Combined_season>
  <DVD_chapter></DVD_chapter>
  <DVD_discid></DVD_discid>
  <DVD_episodenumber></DVD_episodenumber>
  <DVD_season></DVD_season>
  <Director>Fred Goss</Director>
  <EpImgFlag>2</EpImgFlag>
  <EpisodeName>Fluffer</EpisodeName>
  <EpisodeNumber>3</EpisodeNumber>
  <FirstAired>2012-10-02</FirstAired>
  <GuestStars></GuestStars>
  <IMDB_ID></IMDB_ID>
  <Language>en</Language>
  <Overview>Jess and Nick discuss their relationship; Schmidt pretends to be one of Mitt Romney's sons in hope of landing a date with a beautiful Republican.</Overview>
  <ProductionCode>2ATM03</ProductionCode>
  <Rating>7.4</Rating>
  <RatingCount>53</RatingCount>
  <SeasonNumber>2</SeasonNumber>
  <Writer>J. J. Philbin</Writer>
  <absolute_number></absolute_number>
  <filename>episodes/248682/4376147.jpg</filename>
  <lastupdated>1365585666</lastupdated>
  <seasonid>491975</seasonid>
  <seriesid>248682</seriesid>
</Episode>
<Episode>
  <id>4381904</id>
  <Combined_episodenumber>4</Combined_episodenumber>
  <Combined_season>2</Combined_season>
  <DVD_chapter></DVD_chapter>
  <DVD_discid></DVD_discid>
  <DVD_episodenumber></DVD_episodenumber>
  <DVD_season></DVD_season>
  <Director>Steve Pink</Director>
  <EpImgFlag>2</EpImgFlag>
  <EpisodeName>Neighbors</EpisodeName>
  <EpisodeNumber>4</EpisodeNumber>
  <FirstAired>2012-10-09</FirstAired>
  <GuestStars></GuestStars>
  <IMDB_ID></IMDB_ID>
  <Language>en</Language>
  <Overview>Jess and Schmidt are determined to befriend their new, young neighbors; Nick plays a series of pranks on Schmidt.</Overview>
  <ProductionCode>2ATM04</ProductionCode>
  <Rating>7.4</Rating>
  <RatingCount>55</RatingCount>
  <SeasonNumber>2</SeasonNumber>
  <Writer>Berkley Johnson</Writer>
  <absolute_number></absolute_number>
  <filename>episodes/248682/4381904.jpg</filename>
  <lastupdated>1365585689</lastupdated>
  <seasonid>491975</seasonid>
  <seriesid>248682</seriesid>
</Episode>
<Episode>
  <id>4401587</id>
  <Combined_episodenumber>5</Combined_episodenumber>
  <Combined_season>2</Combined_season>
  <DVD_chapter></DVD_chapter>
  <DVD_discid></DVD_discid>
  <DVD_episodenumber></DVD_episodenumber>
  <DVD_season></DVD_season>
  <Director>Eric Appel</Director>
  <EpImgFlag>2</EpImgFlag>
  <EpisodeName>Models</EpisodeName>
  <EpisodeNumber>5</EpisodeNumber>
  <FirstAired>2012-10-23</FirstAired>
  <GuestStars></GuestStars>
  <IMDB_ID></IMDB_ID>
  <Language>en</Language>
  <Overview>After spending a wild night out with Cece and her model friends, Jess jumps in the driver's seat when she must fill in for Cece at a car show. Meanwhile, the guys question what defines male friendship after Schmidt buys Nick a cookie.</Overview>
  <ProductionCode>2ATM05</ProductionCode>
  <Rating>7.5</Rating>
  <RatingCount>54</RatingCount>
  <SeasonNumber>2</SeasonNumber>
  <Writer>Josh Malmuth</Writer>
  <absolute_number></absolute_number>
  <filename>episodes/248682/4401587.jpg</filename>
  <lastupdated>1364589017</lastupdated>
  <seasonid>491975</seasonid>
  <seriesid>248682</seriesid>
</Episode>
<Episode>
  <id>4401588</id>
  <Combined_episodenumber>6</Combined_episodenumber>
  <Combined_season>2</Combined_season>
  <DVD_chapter></DVD_chapter>
  <DVD_discid></DVD_discid>
  <DVD_episodenumber></DVD_episodenumber>
  <DVD_season></DVD_season>
  <Director>Jesse Peretz</Director>
  <EpImgFlag>2</EpImgFlag>
  <EpisodeName>Halloween</EpisodeName>
  <EpisodeNumber>6</EpisodeNumber>
  <FirstAired>2012-10-30</FirstAired>
  <GuestStars></GuestStars>
  <IMDB_ID></IMDB_ID>
  <Language>en</Language>
  <Overview>Jess gets a job as a zombie at a haunted house, but is more frightened of her changing feelings towards Sam. Schmidt and Cece are perfectly matched in the costumes they're wearing, while Winston and Shelby are worlds apart in theirs. Nick gets a visit from a former college crush who shows her affection in a scary way.</Overview>
  <ProductionCode>2ATM06</ProductionCode>
  <Rating>7.7</Rating>
  <RatingCount>53</RatingCount>
  <SeasonNumber>2</SeasonNumber>
  <Writer>David Iserson</Writer>
  <absolute_number></absolute_number>
  <filename>episodes/248682/4401588.jpg</filename>
  <lastupdated>1364588083</lastupdated>
  <seasonid>491975</seasonid>
  <seriesid>248682</seriesid>
</Episode>
<Episode>
  <id>4401589</id>
  <Combined_episodenumber>7</Combined_episodenumber>
  <Combined_season>2</Combined_season>
  <DVD_chapter></DVD_chapter>
  <DVD_discid></DVD_discid>
  <DVD_episodenumber></DVD_episodenumber>
  <DVD_season></DVD_season>
  <Director>Jason Woliner</Director>
  <EpImgFlag>2</EpImgFlag>
  <EpisodeName>Menzies</EpisodeName>
  <EpisodeNumber>7</EpisodeNumber>
  <FirstAired>2012-11-13</FirstAired>
  <GuestStars></GuestStars>
  <IMDB_ID></IMDB_ID>
  <Language>en</Language>
  <Overview>As Jess' job search kicks into high gear, the guys fear her time of the month is also affecting their physical and psychological well-being. Meanwhile, Schmidt begins a &quot;50 Shades of Grey&quot;-type of relationship with his corporate boss, and Nick gains wisdom from an unlikely, hands-on (and mute) source.</Overview>
  <ProductionCode>2ATM07</ProductionCode>
  <Rating>7.6</Rating>
  <RatingCount>47</RatingCount>
  <SeasonNumber>2</SeasonNumber>
  <Writer>Kim Rosenstock</Writer>
  <absolute_number></absolute_number>
  <filename>episodes/248682/4401589.jpg</filename>
  <lastupdated>1364587894</lastupdated>
  <seasonid>491975</seasonid>
  <seriesid>248682</seriesid>
</Episode>
<Episode>
  <id>4420018</id>
  <Combined_episodenumber>8</Combined_episodenumber>
  <Combined_season>2</Combined_season>
  <DVD_chapter></DVD_chapter>
  <DVD_discid></DVD_discid>
  <DVD_episodenumber></DVD_episodenumber>
  <DVD_season></DVD_season>
  <Director>Jesse Peretz</Director>
  <EpImgFlag>2</EpImgFlag>
  <EpisodeName>Parents</EpisodeName>
  <EpisodeNumber>8</EpisodeNumber>
  <FirstAired>2012-11-20</FirstAired>
  <GuestStars>|Jamie Lee Curtis|Rob Reiner|Rob Riggle|</GuestStars>
  <IMDB_ID></IMDB_ID>
  <Language>en</Language>
  <Overview>Jess invites her divorced Mom and Dad over for Thanksgiving dinner and enlists Nick and Cece to help her with a &quot;Parent Trap&quot; to reunite them. Meanwhile, Schmidt's cousin, Big Schmidt, visits, and Winston manipulates them into an escalating battle to prove their manhood.</Overview>
  <ProductionCode>2ATM08</ProductionCode>
  <Rating>7.5</Rating>
  <RatingCount>54</RatingCount>
  <SeasonNumber>2</SeasonNumber>
  <Writer>Ryan Koh</Writer>
  <absolute_number></absolute_number>
  <filename>episodes/248682/4420018.jpg</filename>
  <lastupdated>1364587613</lastupdated>
  <seasonid>491975</seasonid>
  <seriesid>248682</seriesid>
</Episode>
<Episode>
  <id>4433540</id>
  <Combined_episodenumber>9</Combined_episodenumber>
  <Combined_season>2</Combined_season>
  <DVD_chapter></DVD_chapter>
  <DVD_discid></DVD_discid>
  <DVD_episodenumber></DVD_episodenumber>
  <DVD_season></DVD_season>
  <Director>Neal Brennan</Director>
  <EpImgFlag>2</EpImgFlag>
  <EpisodeName>Eggs</EpisodeName>
  <EpisodeNumber>9</EpisodeNumber>
  <FirstAired>2012-11-27</FirstAired>
  <GuestStars>|Carla Gugino|Nelson Franklin|June Diane Raphael|Kay Cannon|</GuestStars>
  <IMDB_ID></IMDB_ID>
  <Language>en</Language>
  <Overview>When Jess learns that a friend is pregnant, both she and Cece panic that time is running out for them to have children. Meanwhile, Schmidt seeks advice on how to please Emma, and Nick and Winston visit the zoo to find inspiration for Nick's zombie-themed novel.</Overview>
  <ProductionCode>2ATM09</ProductionCode>
  <Rating>7.6</Rating>
  <RatingCount>42</RatingCount>
  <SeasonNumber>2</SeasonNumber>
  <Writer>Kay Cannon</Writer>
  <absolute_number></absolute_number>
  <filename>episodes/248682/4433540.jpg</filename>
  <lastupdated>1364587105</lastupdated>
  <seasonid>491975</seasonid>
  <seriesid>248682</seriesid>
</Episode>
<Episode>
  <id>4433541</id>
  <Combined_episodenumber>10</Combined_episodenumber>
  <Combined_season>2</Combined_season>
  <DVD_chapter></DVD_chapter>
  <DVD_discid></DVD_discid>
  <DVD_episodenumber></DVD_episodenumber>
  <DVD_season></DVD_season>
  <Director>Tristram Shapeero</Director>
  <EpImgFlag>2</EpImgFlag>
  <EpisodeName>Bathtub</EpisodeName>
  <EpisodeNumber>10</EpisodeNumber>
  <FirstAired>2012-12-04</FirstAired>
  <GuestStars>|Olivia Munn|</GuestStars>
  <IMDB_ID></IMDB_ID>
  <Language>en</Language>
  <Overview>Tired of taking showers, Jess and Winston scheme to get a bathtub in the loft. Then, at the bar, Nick meets a tough and beautiful customer with boyfriend troubles. Meanwhile, Schmidt is torn between his boss and trying to win back Cece.</Overview>
  <ProductionCode>2ATM10</ProductionCode>
  <Rating>7.5</Rating>
  <RatingCount>50</RatingCount>
  <SeasonNumber>2</SeasonNumber>
  <Writer>Donick Cary</Writer>
  <absolute_number></absolute_number>
  <filename>episodes/248682/4433541.jpg</filename>
  <lastupdated>1364586679</lastupdated>
  <seasonid>491975</seasonid>
  <seriesid>248682</seriesid>
</Episode>
<Episode>
  <id>4433542</id>
  <Combined_episodenumber>11</Combined_episodenumber>
  <Combined_season>2</Combined_season>
  <DVD_chapter></DVD_chapter>
  <DVD_discid></DVD_discid>
  <DVD_episodenumber></DVD_episodenumber>
  <DVD_season></DVD_season>
  <Director>Craig Zisk</Director>
  <EpImgFlag>2</EpImgFlag>
  <EpisodeName>Santa</EpisodeName>
  <EpisodeNumber>11</EpisodeNumber>
  <FirstAired>2012-12-11</FirstAired>
  <GuestStars>David Walton|June Diane Raphael|Olivia Munn</GuestStars>
  <IMDB_ID></IMDB_ID>
  <Language>en</Language>
  <Overview>When the gang attempts to juggle multiple holiday parties in one night, Jess tries to avoid a remorseful Sam, Nick tries to keep up with a sexually adventurous Angie and Winston panics when he gets a cranberry stuck in his ear.</Overview>
  <ProductionCode>2ATM11</ProductionCode>
  <Rating>7.8</Rating>
  <RatingCount>42</RatingCount>
  <SeasonNumber>2</SeasonNumber>
  <Writer>Luvh Rakhe</Writer>
  <absolute_number></absolute_number>
  <filename>episodes/248682/4433542.jpg</filename>
  <lastupdated>1364937669</lastupdated>
  <seasonid>491975</seasonid>
  <seriesid>248682</seriesid>
</Episode>
<Episode>
  <id>4437764</id>
  <Combined_episodenumber>12</Combined_episodenumber>
  <Combined_season>2</Combined_season>
  <DVD_chapter></DVD_chapter>
  <DVD_discid></DVD_discid>
  <DVD_episodenumber></DVD_episodenumber>
  <DVD_season></DVD_season>
  <Director>Alec Berg</Director>
  <EpImgFlag>2</EpImgFlag>
  <EpisodeName>Cabin</EpisodeName>
  <EpisodeNumber>12</EpisodeNumber>
  <FirstAired>2013-01-08</FirstAired>
  <GuestStars>|David Walton|Olivia Munn|</GuestStars>
  <IMDB_ID>tt2595828</IMDB_ID>
  <Language>en</Language>
  <Overview>Jess and Sam go on a weekend getaway with Nick and Angie. But this might not be the trip they expected when Jess starts to party and trouble begins. Could jealousy get in the way of a good time?</Overview>
  <ProductionCode>2ATM12</ProductionCode>
  <Rating>7.6</Rating>
  <RatingCount>36</RatingCount>
  <SeasonNumber>2</SeasonNumber>
  <Writer>J. J. Philbin</Writer>
  <absolute_number>36</absolute_number>
  <filename>episodes/248682/4437764.jpg</filename>
  <lastupdated>1365539182</lastupdated>
  <seasonid>491975</seasonid>
  <seriesid>248682</seriesid>
</Episode>
<Episode>
  <id>4437765</id>
  <Combined_episodenumber>13</Combined_episodenumber>
  <Combined_season>2</Combined_season>
  <DVD_chapter></DVD_chapter>
  <DVD_discid></DVD_discid>
  <DVD_episodenumber></DVD_episodenumber>
  <DVD_season></DVD_season>
  <Director>Jake Kasdan</Director>
  <EpImgFlag>2</EpImgFlag>
  <EpisodeName>A Father's Love</EpisodeName>
  <EpisodeNumber>13</EpisodeNumber>
  <FirstAired>2013-01-15</FirstAired>
  <GuestStars>Dennis Farina|Nelson Franklin</GuestStars>
  <IMDB_ID>tt2608888</IMDB_ID>
  <Language>en</Language>
  <Overview>When Nick's con-man father suddenly reappears, Jess tries her best to fix the two men's relationship, despite Nick's fears that he's being used in another one of his dad's gambling schemes. Meanwhile, Schmidt teams up with Robby to try to win back Cece.</Overview>
  <ProductionCode>2ATM13</ProductionCode>
  <Rating>7.5</Rating>
  <RatingCount>38</RatingCount>
  <SeasonNumber>2</SeasonNumber>
  <Writer>Berkley Johnson|Josh Malmuth</Writer>
  <absolute_number>37</absolute_number>
  <filename>episodes/248682/4437765.jpg</filename>
  <lastupdated>1365539198</lastupdated>
  <seasonid>491975</seasonid>
  <seriesid>248682</seriesid>
</Episode>
<Episode>
  <id>4444573</id>
  <Combined_episodenumber>14</Combined_episodenumber>
  <Combined_season>2</Combined_season>
  <DVD_chapter></DVD_chapter>
  <DVD_discid></DVD_discid>
  <DVD_episodenumber></DVD_episodenumber>
  <DVD_season></DVD_season>
  <Director>Lynn Shelton</Director>
  <EpImgFlag>2</EpImgFlag>
  <EpisodeName>Pepperwood</EpisodeName>
  <EpisodeNumber>14</EpisodeNumber>
  <FirstAired>2013-01-22</FirstAired>
  <GuestStars>Nathan Corddry</GuestStars>
  <IMDB_ID></IMDB_ID>
  <Language>en</Language>
  <Overview>When Nick is convinced that one of Jess' students is hiding a nefarious secret, he goes undercover in her adult night school class. Meanwhile, Winston has an embarrassing encounter with Cece, causing an examination of all the loft-mate's peculiarities.</Overview>
  <ProductionCode>2ATM14</ProductionCode>
  <Rating>7.5</Rating>
  <RatingCount>35</RatingCount>
  <SeasonNumber>2</SeasonNumber>
  <Writer>Nick Adams</Writer>
  <absolute_number>38</absolute_number>
  <filename>episodes/248682/4444573.jpg</filename>
  <lastupdated>1364585066</lastupdated>
  <seasonid>491975</seasonid>
  <seriesid>248682</seriesid>
</Episode>
<Episode>
  <id>4453920</id>
  <Combined_episodenumber>15</Combined_episodenumber>
  <Combined_season>2</Combined_season>
  <DVD_chapter></DVD_chapter>
  <DVD_discid></DVD_discid>
  <DVD_episodenumber></DVD_episodenumber>
  <DVD_season></DVD_season>
  <Director>Max Winkler</Director>
  <EpImgFlag>2</EpImgFlag>
  <EpisodeName>Cooler</EpisodeName>
  <EpisodeNumber>15</EpisodeNumber>
  <FirstAired>2013-01-29</FirstAired>
  <GuestStars></GuestStars>
  <IMDB_ID></IMDB_ID>
  <Language>en</Language>
  <Overview>Nick and Schmidt go out on a &quot;bro's night,&quot; but quickly become infatuated with, and highly competitive over, a beautiful woman attracted to sadness. Meanwhile, Winston falls for a girl with absolutely no interest in him, which only makes him more attracted to her. Then, Jess' decision to have a night alone in the loft doesn't go as planned and involves another round of the drinking game &quot;True American,&quot; and a surprising development in her relationship with one of the loft mates.</Overview>
  <ProductionCode>2ATM15</ProductionCode>
  <Rating>7.8</Rating>
  <RatingCount>36</RatingCount>
  <SeasonNumber>2</SeasonNumber>
  <Writer>Rebecca Addelman</Writer>
  <absolute_number>39</absolute_number>
  <filename>episodes/248682/4453920.jpg</filename>
  <lastupdated>1364584506</lastupdated>
  <seasonid>491975</seasonid>
  <seriesid>248682</seriesid>
</Episode>
<Episode>
  <id>4478023</id>
  <Combined_episodenumber>16</Combined_episodenumber>
  <Combined_season>2</Combined_season>
  <DVD_chapter></DVD_chapter>
  <DVD_discid></DVD_discid>
  <DVD_episodenumber></DVD_episodenumber>
  <DVD_season></DVD_season>
  <Director>Tristram Shapeero</Director>
  <EpImgFlag>2</EpImgFlag>
  <EpisodeName>Table 34</EpisodeName>
  <EpisodeNumber>16</EpisodeNumber>
  <FirstAired>2013-02-05</FirstAired>
  <GuestStars></GuestStars>
  <IMDB_ID></IMDB_ID>
  <Language>en</Language>
  <Overview>The gang attends a dating convention, where Cece hopes to find a prospective husband - even as Schmidt hopes to win her back. Meanwhile, Winston's mojo returns, and Jess and Nick get put in a compromising position in front of Dr. Sam.</Overview>
  <ProductionCode></ProductionCode>
  <Rating>7.8</Rating>
  <RatingCount>32</RatingCount>
  <SeasonNumber>2</SeasonNumber>
  <Writer>David Iserson</Writer>
  <absolute_number></absolute_number>
  <filename>episodes/248682/4478023.jpg</filename>
  <lastupdated>1364583705</lastupdated>
  <seasonid>491975</seasonid>
  <seriesid>248682</seriesid>
</Episode>
<Episode>
  <id>4478024</id>
  <Combined_episodenumber>17</Combined_episodenumber>
  <Combined_season>2</Combined_season>
  <DVD_chapter></DVD_chapter>
  <DVD_discid></DVD_discid>
  <DVD_episodenumber></DVD_episodenumber>
  <DVD_season></DVD_season>
  <Director>Fred Goss</Director>
  <EpImgFlag>2</EpImgFlag>
  <EpisodeName>Parking Spot</EpisodeName>
  <EpisodeNumber>17</EpisodeNumber>
  <FirstAired>2013-02-19</FirstAired>
  <GuestStars>Brenda Song</GuestStars>
  <IMDB_ID></IMDB_ID>
  <Language>en</Language>
  <Overview>When Schmidt discovers a previously unknown, yet highly-coveted parking spot, Jess and the roommates battle it out to see who will get to use it. Meanwhile, Winston has a hard time finding a condom when he gets an impromptu invitation from Daisy.</Overview>
  <ProductionCode></ProductionCode>
  <Rating>7.4</Rating>
  <RatingCount>36</RatingCount>
  <SeasonNumber>2</SeasonNumber>
  <Writer>Rebecca Addelman</Writer>
  <absolute_number></absolute_number>
  <filename>episodes/248682/4478024.jpg</filename>
  <lastupdated>1364582715</lastupdated>
  <seasonid>491975</seasonid>
  <seriesid>248682</seriesid>
</Episode>
<Episode>
  <id>4478025</id>
  <Combined_episodenumber>18</Combined_episodenumber>
  <Combined_season>2</Combined_season>
  <DVD_chapter></DVD_chapter>
  <DVD_discid></DVD_discid>
  <DVD_episodenumber></DVD_episodenumber>
  <DVD_season></DVD_season>
  <Director>Max Winkler</Director>
  <EpImgFlag>2</EpImgFlag>
  <EpisodeName>TinFinity</EpisodeName>
  <EpisodeNumber>18</EpisodeNumber>
  <FirstAired>2013-02-26</FirstAired>
  <GuestStars>Steve Howey</GuestStars>
  <IMDB_ID></IMDB_ID>
  <Language>en</Language>
  <Overview>Jess catches the eye of a professional football player, with whom Winston landed an exclusive interview for his radio station. Meanwhile, Nick and Schmidt argue over the planning of their &quot;TinFinity&quot; party celebrating their tenth anniversary of living together, and Cece gets a surprise offer</Overview>
  <ProductionCode></ProductionCode>
  <Rating>7.5</Rating>
  <RatingCount>31</RatingCount>
  <SeasonNumber>2</SeasonNumber>
  <Writer>Kim Rosenstock|Josh Malmuth</Writer>
  <absolute_number></absolute_number>
  <filename>episodes/248682/4478025.jpg</filename>
  <lastupdated>1364582383</lastupdated>
  <seasonid>491975</seasonid>
  <seriesid>248682</seriesid>
</Episode>
<Episode>
  <id>4483728</id>
  <Combined_episodenumber>19</Combined_episodenumber>
  <Combined_season>2</Combined_season>
  <DVD_chapter></DVD_chapter>
  <DVD_discid></DVD_discid>
  <DVD_episodenumber></DVD_episodenumber>
  <DVD_season></DVD_season>
  <Director>Lorene Scafaria</Director>
  <EpImgFlag>2</EpImgFlag>
  <EpisodeName>Quick Hardening Caulk</EpisodeName>
  <EpisodeNumber>19</EpisodeNumber>
  <FirstAired>2013-03-19</FirstAired>
  <GuestStars>Odette Annable</GuestStars>
  <IMDB_ID></IMDB_ID>
  <Language>en</Language>
  <Overview>Jess comes to a conclusion about her romantic feelings for Nick and she struggles to tell him - until she's hopped up on pain medication. But after admitting her feelings, she finds out he may have been keeping something from her. Meanwhile, Schmidt becomes obsessed with buying a fish, which Winston sees as a metaphor for Schmidt's unresolved feelings toward Cece and Nick plans a bar promotion to impress the bar owner.</Overview>
  <ProductionCode></ProductionCode>
  <Rating>7.9</Rating>
  <RatingCount>31</RatingCount>
  <SeasonNumber>2</SeasonNumber>
  <Writer>Brett Baer &amp; Dave Finkel</Writer>
  <absolute_number></absolute_number>
  <filename>episodes/248682/4483728.jpg</filename>
  <lastupdated>1364581980</lastupdated>
  <seasonid>491975</seasonid>
  <seriesid>248682</seriesid>
</Episode>
<Episode>
  <id>4491068</id>
  <Combined_episodenumber>20</Combined_episodenumber>
  <Combined_season>2</Combined_season>
  <DVD_chapter></DVD_chapter>
  <DVD_discid></DVD_discid>
  <DVD_episodenumber></DVD_episodenumber>
  <DVD_season></DVD_season>
  <Director>Jake Kasdan</Director>
  <EpImgFlag>2</EpImgFlag>
  <EpisodeName>Chicago</EpisodeName>
  <EpisodeNumber>20</EpisodeNumber>
  <FirstAired>2013-03-26</FirstAired>
  <GuestStars>Margo Martindale|Nick Kroll|Bill Burr|Ellen Albertini Dow</GuestStars>
  <IMDB_ID></IMDB_ID>
  <Language>en</Language>
  <Overview>When a death occurs in Nick's family, Jess, Schmidt and Winston travel with Nick to the Windy City to help him with the funeral preparations and meet his boisterous family members, including his mom, Bonnie; his younger brother, Jamie; and his Boston cousin, Bobby.</Overview>
  <ProductionCode></ProductionCode>
  <Rating>7.4</Rating>
  <RatingCount>25</RatingCount>
  <SeasonNumber>2</SeasonNumber>
  <Writer>Luvh Rakhe</Writer>
  <absolute_number></absolute_number>
  <filename>episodes/248682/4491068.jpg</filename>
  <lastupdated>1365267738</lastupdated>
  <seasonid>491975</seasonid>
  <seriesid>248682</seriesid>
</Episode>
<Episode>
  <id>4505886</id>
  <Combined_episodenumber>21</Combined_episodenumber>
  <Combined_season>2</Combined_season>
  <DVD_chapter></DVD_chapter>
  <DVD_discid></DVD_discid>
  <DVD_episodenumber></DVD_episodenumber>
  <DVD_season></DVD_season>
  <Director>Lynn Shelton</Director>
  <EpImgFlag>2</EpImgFlag>
  <EpisodeName>First Date</EpisodeName>
  <EpisodeNumber>21</EpisodeNumber>
  <FirstAired>2013-04-04</FirstAired>
  <GuestStars>Dermot Mulroney|Steve Agee</GuestStars>
  <IMDB_ID></IMDB_ID>
  <Language>en</Language>
  <Overview>Jess and Nick, who are caught between friendship and something more, try to break out of relationship-limbo by going on a First Date. Once Schmidt and Winston realize a full-on Jess/Nick romance might be happening, they swoop in to try to sabotage the date</Overview>
  <ProductionCode></ProductionCode>
  <Rating>7.6</Rating>
  <RatingCount>24</RatingCount>
  <SeasonNumber>2</SeasonNumber>
  <Writer>J.J.Philbin &amp; Berkley Johnson</Writer>
  <absolute_number></absolute_number>
  <filename>episodes/248682/4505886.jpg</filename>
  <lastupdated>1365267511</lastupdated>
  <seasonid>491975</seasonid>
  <seriesid>248682</seriesid>
</Episode>
<Episode>
  <id>4509939</id>
  <Combined_episodenumber>22</Combined_episodenumber>
  <Combined_season>2</Combined_season>
  <DVD_chapter></DVD_chapter>
  <DVD_discid></DVD_discid>
  <DVD_episodenumber></DVD_episodenumber>
  <DVD_season></DVD_season>
  <Director>Matt Sohn</Director>
  <EpImgFlag>2</EpImgFlag>
  <EpisodeName>Bachelorette Party</EpisodeName>
  <EpisodeNumber>22</EpisodeNumber>
  <FirstAired>2013-04-09</FirstAired>
  <GuestStars></GuestStars>
  <IMDB_ID></IMDB_ID>
  <Language>en</Language>
  <Overview>Jess decides to throw Cece a surprise bachelorette party while Nick and Winston awkwardly take her fiancé, Shivrang, out for the night. Then, as Schmidt desperately tries to find a real girlfriend in time for the wedding in order to get a “plus one,” he is forced to seek out his old girlfriend from his “fat Schmidt” college days.</Overview>
  <ProductionCode></ProductionCode>
  <Rating>7.5</Rating>
  <RatingCount>4</RatingCount>
  <SeasonNumber>2</SeasonNumber>
  <Writer>Kay Cannon &amp; Sophia Lear</Writer>
  <absolute_number></absolute_number>
  <filename>episodes/248682/4509939.jpg</filename>
  <lastupdated>1365570627</lastupdated>
  <seasonid>491975</seasonid>
  <seriesid>248682</seriesid>
</Episode>
<Episode>
  <id>4513839</id>
  <Combined_episodenumber>23</Combined_episodenumber>
  <Combined_season>2</Combined_season>
  <DVD_chapter></DVD_chapter>
  <DVD_discid></DVD_discid>
  <DVD_episodenumber></DVD_episodenumber>
  <DVD_season></DVD_season>
  <Director></Director>
  <EpImgFlag></EpImgFlag>
  <EpisodeName>Virgins</EpisodeName>
  <EpisodeNumber>23</EpisodeNumber>
  <FirstAired>2013-04-30</FirstAired>
  <GuestStars></GuestStars>
  <IMDB_ID></IMDB_ID>
  <Language>en</Language>
  <Overview></Overview>
  <ProductionCode></ProductionCode>
  <Rating></Rating>
  <RatingCount>0</RatingCount>
  <SeasonNumber>2</SeasonNumber>
  <Writer></Writer>
  <absolute_number></absolute_number>
  <filename></filename>
  <lastupdated>1363199907</lastupdated>
  <seasonid>491975</seasonid>
  <seriesid>248682</seriesid>
</Episode>
<Episode>
  <id>4513840</id>
  <Combined_episodenumber>24</Combined_episodenumber>
  <Combined_season>2</Combined_season>
  <DVD_chapter></DVD_chapter>
  <DVD_discid></DVD_discid>
  <DVD_episodenumber></DVD_episodenumber>
  <DVD_season></DVD_season>
  <Director></Director>
  <EpImgFlag></EpImgFlag>
  <EpisodeName>Winston's Birthday Party (1)</EpisodeName>
  <EpisodeNumber>24</EpisodeNumber>
  <FirstAired>2013-05-07</FirstAired>
  <GuestStars></GuestStars>
  <IMDB_ID></IMDB_ID>
  <Language>en</Language>
  <Overview></Overview>
  <ProductionCode></ProductionCode>
  <Rating></Rating>
  <RatingCount>0</RatingCount>
  <SeasonNumber>2</SeasonNumber>
  <Writer></Writer>
  <absolute_number></absolute_number>
  <filename></filename>
  <lastupdated>1363256976</lastupdated>
  <seasonid>491975</seasonid>
  <seriesid>248682</seriesid>
</Episode>
<Episode>
  <id>4517763</id>
  <Combined_episodenumber>25</Combined_episodenumber>
  <Combined_season>2</Combined_season>
  <DVD_chapter></DVD_chapter>
  <DVD_discid></DVD_discid>
  <DVD_episodenumber></DVD_episodenumber>
  <DVD_season></DVD_season>
  <Director></Director>
  <EpImgFlag></EpImgFlag>
  <EpisodeName>Winston's Birthday Party (2)</EpisodeName>
  <EpisodeNumber>25</EpisodeNumber>
  <FirstAired>2013-05-14</FirstAired>
  <GuestStars></GuestStars>
  <IMDB_ID></IMDB_ID>
  <Language>en</Language>
  <Overview></Overview>
  <ProductionCode></ProductionCode>
  <Rating></Rating>
  <RatingCount>0</RatingCount>
  <SeasonNumber>2</SeasonNumber>
  <Writer></Writer>
  <absolute_number></absolute_number>
  <filename></filename>
  <lastupdated>1363256986</lastupdated>
  <seasonid>491975</seasonid>
  <seriesid>248682</seriesid>
</Episode>
</Data>