<?xml version="1.0" encoding="UTF-8" ?>
<Actors>
<Actor>
  <id>284394</id>
  <Image>actors/284394.jpg</Image>
  <Name>Lana Parrilla</Name>
  <Role>Evil Queen/Regina Mills</Role>
  <SortOrder>0</SortOrder>
</Actor>
<Actor>
  <id>284391</id>
  <Image>actors/284391.jpg</Image>
  <Name>Ginnifer Goodwin</Name>
  <Role>Snow White/Mary Margaret Blanchard</Role>
  <SortOrder>0</SortOrder>
</Actor>
<Actor>
  <id>284368</id>
  <Image>actors/284368.jpg</Image>
  <Name>Jennifer Morrison</Name>
  <Role>Emma Swan</Role>
  <SortOrder>0</SortOrder>
</Actor>
<Actor>
  <id>306751</id>
  <Image>actors/306751.jpg</Image>
  <Name>Meghan Ory</Name>
  <Role>Red Riding Hood / Ruby</Role>
  <SortOrder>1</SortOrder>
</Actor>
<Actor>
  <id>306749</id>
  <Image>actors/306749.jpg</Image>
  <Name>Emilie de Ravin</Name>
  <Role>Belle</Role>
  <SortOrder>1</SortOrder>
</Actor>
<Actor>
  <id>284396</id>
  <Image>actors/284396.jpg</Image>
  <Name>Jared Gilmore</Name>
  <Role>Henry Mills</Role>
  <SortOrder>1</SortOrder>
</Actor>
<Actor>
  <id>284393</id>
  <Image>actors/284393.jpg</Image>
  <Name>Josh Dallas</Name>
  <Role>James &quot;Prince Charming&quot;/David Nolan</Role>
  <SortOrder>1</SortOrder>
</Actor>
<Actor>
  <id>284392</id>
  <Image>actors/284392.jpg</Image>
  <Name>Robert Carlyle</Name>
  <Role>Rumplestiltskin/Mr. Gold</Role>
  <SortOrder>1</SortOrder>
</Actor>
<Actor>
  <id>304165</id>
  <Image>actors/304165.jpg</Image>
  <Name>Colin O'Donoghue</Name>
  <Role>Captain Hook</Role>
  <SortOrder>3</SortOrder>
</Actor>
<Actor>
  <id>296680</id>
  <Image>actors/296680.jpg</Image>
  <Name>Eion Bailey</Name>
  <Role>Pinocchio/August W. Booth</Role>
  <SortOrder>3</SortOrder>
</Actor>
<Actor>
  <id>293975</id>
  <Image>actors/293975.jpg</Image>
  <Name>Raphael Sbarge</Name>
  <Role>Jiminy Cricket/Archie Hopper</Role>
  <SortOrder>3</SortOrder>
</Actor>
<Actor>
  <id>284395</id>
  <Image>actors/284395.jpg</Image>
  <Name>Jamie Dornan</Name>
  <Role>The Huntsman/Sheriff Graham Humbert</Role>
  <SortOrder>3</SortOrder>
</Actor>
</Actors>