<?xml version="1.0" encoding="UTF-8" ?>
<Banners>
<Banner>
  <id>880716</id>
  <BannerPath>fanart/original/248835-3.jpg</BannerPath>
  <BannerType>fanart</BannerType>
  <BannerType2>1920x1080</BannerType2>
  <Colors>|103,84,77|59,54,48|170,165,159|</Colors>
  <Language>en</Language>
  <Rating>8.2667</Rating>
  <RatingCount>15</RatingCount>
  <SeriesName>false</SeriesName>
  <ThumbnailPath>_cache/fanart/original/248835-3.jpg</ThumbnailPath>
  <VignettePath>fanart/vignette/248835-3.jpg</VignettePath>
</Banner>
<Banner>
  <id>887811</id>
  <BannerPath>fanart/original/248835-6.jpg</BannerPath>
  <BannerType>fanart</BannerType>
  <BannerType2>1920x1080</BannerType2>
  <Colors>|92,90,77|18,18,16|51,56,59|</Colors>
  <Language>en</Language>
  <Rating>7.4118</Rating>
  <RatingCount>17</RatingCount>
  <SeriesName>false</SeriesName>
  <ThumbnailPath>_cache/fanart/original/248835-6.jpg</ThumbnailPath>
  <VignettePath>fanart/vignette/248835-6.jpg</VignettePath>
</Banner>
<Banner>
  <id>887810</id>
  <BannerPath>fanart/original/248835-5.jpg</BannerPath>
  <BannerType>fanart</BannerType>
  <BannerType2>1920x1080</BannerType2>
  <Colors></Colors>
  <Language>en</Language>
  <Rating>7.3333</Rating>
  <RatingCount>6</RatingCount>
  <SeriesName>false</SeriesName>
  <ThumbnailPath>_cache/fanart/original/248835-5.jpg</ThumbnailPath>
  <VignettePath>fanart/vignette/248835-5.jpg</VignettePath>
</Banner>
<Banner>
  <id>924116</id>
  <BannerPath>fanart/original/248835-19.jpg</BannerPath>
  <BannerType>fanart</BannerType>
  <BannerType2>1920x1080</BannerType2>
  <Colors></Colors>
  <Language>de</Language>
  <Rating>7.2500</Rating>
  <RatingCount>8</RatingCount>
  <SeriesName>false</SeriesName>
  <ThumbnailPath>_cache/fanart/original/248835-19.jpg</ThumbnailPath>
  <VignettePath>fanart/vignette/248835-19.jpg</VignettePath>
</Banner>
<Banner>
  <id>926630</id>
  <BannerPath>fanart/original/248835-24.jpg</BannerPath>
  <BannerType>fanart</BannerType>
  <BannerType2>1920x1080</BannerType2>
  <Colors></Colors>
  <Language>en</Language>
  <Rating>7.0000</Rating>
  <RatingCount>3</RatingCount>
  <SeriesName>false</SeriesName>
  <ThumbnailPath>_cache/fanart/original/248835-24.jpg</ThumbnailPath>
  <VignettePath>fanart/vignette/248835-24.jpg</VignettePath>
</Banner>
<Banner>
  <id>926629</id>
  <BannerPath>fanart/original/248835-23.jpg</BannerPath>
  <BannerType>fanart</BannerType>
  <BannerType2>1920x1080</BannerType2>
  <Colors></Colors>
  <Language>en</Language>
  <Rating>7.0000</Rating>
  <RatingCount>1</RatingCount>
  <SeriesName>false</SeriesName>
  <ThumbnailPath>_cache/fanart/original/248835-23.jpg</ThumbnailPath>
  <VignettePath>fanart/vignette/248835-23.jpg</VignettePath>
</Banner>
<Banner>
  <id>892316</id>
  <BannerPath>fanart/original/248835-8.jpg</BannerPath>
  <BannerType>fanart</BannerType>
  <BannerType2>1920x1080</BannerType2>
  <Colors></Colors>
  <Language>en</Language>
  <Rating>7.0000</Rating>
  <RatingCount>5</RatingCount>
  <SeriesName>true</SeriesName>
  <ThumbnailPath>_cache/fanart/original/248835-8.jpg</ThumbnailPath>
  <VignettePath>fanart/vignette/248835-8.jpg</VignettePath>
</Banner>
<Banner>
  <id>926108</id>
  <BannerPath>fanart/original/248835-21.jpg</BannerPath>
  <BannerType>fanart</BannerType>
  <BannerType2>1920x1080</BannerType2>
  <Colors>|86,88,129|103,96,90|64,5,0|</Colors>
  <Language>en</Language>
  <Rating>7.0000</Rating>
  <RatingCount>8</RatingCount>
  <SeriesName>false</SeriesName>
  <ThumbnailPath>_cache/fanart/original/248835-21.jpg</ThumbnailPath>
  <VignettePath>fanart/vignette/248835-21.jpg</VignettePath>
</Banner>
<Banner>
  <id>915162</id>
  <BannerPath>fanart/original/248835-16.jpg</BannerPath>
  <BannerType>fanart</BannerType>
  <BannerType2>1920x1080</BannerType2>
  <Colors></Colors>
  <Language>en</Language>
  <Rating>6.8571</Rating>
  <RatingCount>7</RatingCount>
  <SeriesName>true</SeriesName>
  <ThumbnailPath>_cache/fanart/original/248835-16.jpg</ThumbnailPath>
  <VignettePath>fanart/vignette/248835-16.jpg</VignettePath>
</Banner>
<Banner>
  <id>929569</id>
  <BannerPath>fanart/original/248835-27.jpg</BannerPath>
  <BannerType>fanart</BannerType>
  <BannerType2>1280x720</BannerType2>
  <Colors>|16,14,17|4,3,11|194,200,162|</Colors>
  <Language>de</Language>
  <Rating>6.6667</Rating>
  <RatingCount>6</RatingCount>
  <SeriesName>false</SeriesName>
  <ThumbnailPath>_cache/fanart/original/248835-27.jpg</ThumbnailPath>
  <VignettePath>fanart/vignette/248835-27.jpg</VignettePath>
</Banner>
<Banner>
  <id>918470</id>
  <BannerPath>fanart/original/248835-17.jpg</BannerPath>
  <BannerType>fanart</BannerType>
  <BannerType2>1920x1080</BannerType2>
  <Colors>|30,70,106|4,4,6|12,47,77|</Colors>
  <Language>de</Language>
  <Rating>6.5000</Rating>
  <RatingCount>6</RatingCount>
  <SeriesName>false</SeriesName>
  <ThumbnailPath>_cache/fanart/original/248835-17.jpg</ThumbnailPath>
  <VignettePath>fanart/vignette/248835-17.jpg</VignettePath>
</Banner>
<Banner>
  <id>926107</id>
  <BannerPath>fanart/original/248835-20.jpg</BannerPath>
  <BannerType>fanart</BannerType>
  <BannerType2>1920x1080</BannerType2>
  <Colors>|236,208,207|14,5,6|203,157,160|</Colors>
  <Language>en</Language>
  <Rating>6.5000</Rating>
  <RatingCount>2</RatingCount>
  <SeriesName>false</SeriesName>
  <ThumbnailPath>_cache/fanart/original/248835-20.jpg</ThumbnailPath>
  <VignettePath>fanart/vignette/248835-20.jpg</VignettePath>
</Banner>
<Banner>
  <id>893162</id>
  <BannerPath>fanart/original/248835-9.jpg</BannerPath>
  <BannerType>fanart</BannerType>
  <BannerType2>1920x1080</BannerType2>
  <Colors>|33,81,145|80,101,166|37,63,112|</Colors>
  <Language>de</Language>
  <Rating>6.1667</Rating>
  <RatingCount>6</RatingCount>
  <SeriesName>false</SeriesName>
  <ThumbnailPath>_cache/fanart/original/248835-9.jpg</ThumbnailPath>
  <VignettePath>fanart/vignette/248835-9.jpg</VignettePath>
</Banner>
<Banner>
  <id>926160</id>
  <BannerPath>fanart/original/248835-22.jpg</BannerPath>
  <BannerType>fanart</BannerType>
  <BannerType2>1920x1080</BannerType2>
  <Colors></Colors>
  <Language>de</Language>
  <Rating>6.0000</Rating>
  <RatingCount>2</RatingCount>
  <SeriesName>false</SeriesName>
  <ThumbnailPath>_cache/fanart/original/248835-22.jpg</ThumbnailPath>
  <VignettePath>fanart/vignette/248835-22.jpg</VignettePath>
</Banner>
<Banner>
  <id>926632</id>
  <BannerPath>fanart/original/248835-26.jpg</BannerPath>
  <BannerType>fanart</BannerType>
  <BannerType2>1920x1080</BannerType2>
  <Colors></Colors>
  <Language>en</Language>
  <Rating>6.0000</Rating>
  <RatingCount>3</RatingCount>
  <SeriesName>false</SeriesName>
  <ThumbnailPath>_cache/fanart/original/248835-26.jpg</ThumbnailPath>
  <VignettePath>fanart/vignette/248835-26.jpg</VignettePath>
</Banner>
<Banner>
  <id>926631</id>
  <BannerPath>fanart/original/248835-25.jpg</BannerPath>
  <BannerType>fanart</BannerType>
  <BannerType2>1920x1080</BannerType2>
  <Colors></Colors>
  <Language>en</Language>
  <Rating>6.0000</Rating>
  <RatingCount>1</RatingCount>
  <SeriesName>false</SeriesName>
  <ThumbnailPath>_cache/fanart/original/248835-25.jpg</ThumbnailPath>
  <VignettePath>fanart/vignette/248835-25.jpg</VignettePath>
</Banner>
<Banner>
  <id>894232</id>
  <BannerPath>fanart/original/248835-14.jpg</BannerPath>
  <BannerType>fanart</BannerType>
  <BannerType2>1920x1080</BannerType2>
  <Colors></Colors>
  <Language>de</Language>
  <Rating>5.7500</Rating>
  <RatingCount>4</RatingCount>
  <SeriesName>false</SeriesName>
  <ThumbnailPath>_cache/fanart/original/248835-14.jpg</ThumbnailPath>
  <VignettePath>fanart/vignette/248835-14.jpg</VignettePath>
</Banner>
<Banner>
  <id>892090</id>
  <BannerPath>fanart/original/248835-7.jpg</BannerPath>
  <BannerType>fanart</BannerType>
  <BannerType2>1920x1080</BannerType2>
  <Colors></Colors>
  <Language>de</Language>
  <Rating>5.7500</Rating>
  <RatingCount>4</RatingCount>
  <SeriesName>false</SeriesName>
  <ThumbnailPath>_cache/fanart/original/248835-7.jpg</ThumbnailPath>
  <VignettePath>fanart/vignette/248835-7.jpg</VignettePath>
</Banner>
<Banner>
  <id>883307</id>
  <BannerPath>fanart/original/248835-4.jpg</BannerPath>
  <BannerType>fanart</BannerType>
  <BannerType2>1280x720</BannerType2>
  <Colors></Colors>
  <Language>en</Language>
  <Rating>5.5000</Rating>
  <RatingCount>4</RatingCount>
  <SeriesName>false</SeriesName>
  <ThumbnailPath>_cache/fanart/original/248835-4.jpg</ThumbnailPath>
  <VignettePath>fanart/vignette/248835-4.jpg</VignettePath>
</Banner>
<Banner>
  <id>861756</id>
  <BannerPath>fanart/original/248835-1.jpg</BannerPath>
  <BannerType>fanart</BannerType>
  <BannerType2>1920x1080</BannerType2>
  <Colors>|228,59,56|7,104,9|13,15,10|</Colors>
  <Language>en</Language>
  <Rating>5.4286</Rating>
  <RatingCount>7</RatingCount>
  <SeriesName>false</SeriesName>
  <ThumbnailPath>_cache/fanart/original/248835-1.jpg</ThumbnailPath>
  <VignettePath>fanart/vignette/248835-1.jpg</VignettePath>
</Banner>
<Banner>
  <id>894231</id>
  <BannerPath>fanart/original/248835-13.jpg</BannerPath>
  <BannerType>fanart</BannerType>
  <BannerType2>1920x1080</BannerType2>
  <Colors></Colors>
  <Language>de</Language>
  <Rating>5.2500</Rating>
  <RatingCount>4</RatingCount>
  <SeriesName>false</SeriesName>
  <ThumbnailPath>_cache/fanart/original/248835-13.jpg</ThumbnailPath>
  <VignettePath>fanart/vignette/248835-13.jpg</VignettePath>
</Banner>
<Banner>
  <id>892326</id>
  <BannerPath>fanart/original/248835-10.jpg</BannerPath>
  <BannerType>fanart</BannerType>
  <BannerType2>1920x1080</BannerType2>
  <Colors></Colors>
  <Language>de</Language>
  <Rating>5.0000</Rating>
  <RatingCount>4</RatingCount>
  <SeriesName>false</SeriesName>
  <ThumbnailPath>_cache/fanart/original/248835-10.jpg</ThumbnailPath>
  <VignettePath>fanart/vignette/248835-10.jpg</VignettePath>
</Banner>
<Banner>
  <id>920968</id>
  <BannerPath>fanart/original/248835-18.jpg</BannerPath>
  <BannerType>fanart</BannerType>
  <BannerType2>1280x720</BannerType2>
  <Colors></Colors>
  <Language>en</Language>
  <Rating>5.0000</Rating>
  <RatingCount>2</RatingCount>
  <SeriesName>true</SeriesName>
  <ThumbnailPath>_cache/fanart/original/248835-18.jpg</ThumbnailPath>
  <VignettePath>fanart/vignette/248835-18.jpg</VignettePath>
</Banner>
<Banner>
  <id>893808</id>
  <BannerPath>fanart/original/248835-12.jpg</BannerPath>
  <BannerType>fanart</BannerType>
  <BannerType2>1920x1080</BannerType2>
  <Colors></Colors>
  <Language>de</Language>
  <Rating>4.8000</Rating>
  <RatingCount>5</RatingCount>
  <SeriesName>false</SeriesName>
  <ThumbnailPath>_cache/fanart/original/248835-12.jpg</ThumbnailPath>
  <VignettePath>fanart/vignette/248835-12.jpg</VignettePath>
</Banner>
<Banner>
  <id>899986</id>
  <BannerPath>fanart/original/248835-15.jpg</BannerPath>
  <BannerType>fanart</BannerType>
  <BannerType2>1920x1080</BannerType2>
  <Colors></Colors>
  <Language>de</Language>
  <Rating>4.2000</Rating>
  <RatingCount>5</RatingCount>
  <SeriesName>false</SeriesName>
  <ThumbnailPath>_cache/fanart/original/248835-15.jpg</ThumbnailPath>
  <VignettePath>fanart/vignette/248835-15.jpg</VignettePath>
</Banner>
<Banner>
  <id>892325</id>
  <BannerPath>fanart/original/248835-11.jpg</BannerPath>
  <BannerType>fanart</BannerType>
  <BannerType2>1920x1080</BannerType2>
  <Colors></Colors>
  <Language>de</Language>
  <Rating>4.0000</Rating>
  <RatingCount>3</RatingCount>
  <SeriesName>false</SeriesName>
  <ThumbnailPath>_cache/fanart/original/248835-11.jpg</ThumbnailPath>
  <VignettePath>fanart/vignette/248835-11.jpg</VignettePath>
</Banner>
<Banner>
  <id>870791</id>
  <BannerPath>fanart/original/248835-2.jpg</BannerPath>
  <BannerType>fanart</BannerType>
  <BannerType2>1920x1080</BannerType2>
  <Colors></Colors>
  <Language>en</Language>
  <Rating>3.6667</Rating>
  <RatingCount>6</RatingCount>
  <SeriesName>false</SeriesName>
  <ThumbnailPath>_cache/fanart/original/248835-2.jpg</ThumbnailPath>
  <VignettePath>fanart/vignette/248835-2.jpg</VignettePath>
</Banner>
<Banner>
  <id>926636</id>
  <BannerPath>fanart/original/248835-29.jpg</BannerPath>
  <BannerType>fanart</BannerType>
  <BannerType2>1920x1080</BannerType2>
  <Colors></Colors>
  <Language>en</Language>
  <Rating></Rating>
  <RatingCount>0</RatingCount>
  <SeriesName>false</SeriesName>
  <ThumbnailPath>_cache/fanart/original/248835-29.jpg</ThumbnailPath>
  <VignettePath>fanart/vignette/248835-29.jpg</VignettePath>
</Banner>
<Banner>
  <id>936481</id>
  <BannerPath>fanart/original/248835-30.jpg</BannerPath>
  <BannerType>fanart</BannerType>
  <BannerType2>1920x1080</BannerType2>
  <Colors>|255,251,237|253,252,247|204,191,175|</Colors>
  <Language>pl</Language>
  <Rating></Rating>
  <RatingCount>0</RatingCount>
  <SeriesName>false</SeriesName>
  <ThumbnailPath>_cache/fanart/original/248835-30.jpg</ThumbnailPath>
  <VignettePath>fanart/vignette/248835-30.jpg</VignettePath>
</Banner>
<Banner>
  <id>926635</id>
  <BannerPath>fanart/original/248835-28.jpg</BannerPath>
  <BannerType>fanart</BannerType>
  <BannerType2>1920x1080</BannerType2>
  <Colors></Colors>
  <Language>en</Language>
  <Rating></Rating>
  <RatingCount>0</RatingCount>
  <SeriesName>false</SeriesName>
  <ThumbnailPath>_cache/fanart/original/248835-28.jpg</ThumbnailPath>
  <VignettePath>fanart/vignette/248835-28.jpg</VignettePath>
</Banner>
<Banner>
  <id>924669</id>
  <BannerPath>posters/248835-11.jpg</BannerPath>
  <BannerType>poster</BannerType>
  <BannerType2>680x1000</BannerType2>
  <Language>en</Language>
  <Rating>9.2222</Rating>
  <RatingCount>9</RatingCount>
</Banner>
<Banner>
  <id>924668</id>
  <BannerPath>posters/248835-10.jpg</BannerPath>
  <BannerType>poster</BannerType>
  <BannerType2>680x1000</BannerType2>
  <Language>en</Language>
  <Rating>8.2857</Rating>
  <RatingCount>7</RatingCount>
</Banner>
<Banner>
  <id>928861</id>
  <BannerPath>posters/248835-9.jpg</BannerPath>
  <BannerType>poster</BannerType>
  <BannerType2>680x1000</BannerType2>
  <Language>en</Language>
  <Rating>8.0000</Rating>
  <RatingCount>4</RatingCount>
</Banner>
<Banner>
  <id>881831</id>
  <BannerPath>posters/248835-2.jpg</BannerPath>
  <BannerType>poster</BannerType>
  <BannerType2>680x1000</BannerType2>
  <Language>en</Language>
  <Rating>7.3333</Rating>
  <RatingCount>15</RatingCount>
</Banner>
<Banner>
  <id>907569</id>
  <BannerPath>posters/248835-7.jpg</BannerPath>
  <BannerType>poster</BannerType>
  <BannerType2>680x1000</BannerType2>
  <Language>en</Language>
  <Rating>6.7500</Rating>
  <RatingCount>4</RatingCount>
</Banner>
<Banner>
  <id>924114</id>
  <BannerPath>posters/248835-15.jpg</BannerPath>
  <BannerType>poster</BannerType>
  <BannerType2>680x1000</BannerType2>
  <Language>en</Language>
  <Rating>6.1667</Rating>
  <RatingCount>6</RatingCount>
</Banner>
<Banner>
  <id>924674</id>
  <BannerPath>posters/248835-6.jpg</BannerPath>
  <BannerType>poster</BannerType>
  <BannerType2>680x1000</BannerType2>
  <Language>en</Language>
  <Rating>5.5000</Rating>
  <RatingCount>2</RatingCount>
</Banner>
<Banner>
  <id>893160</id>
  <BannerPath>posters/248835-3.jpg</BannerPath>
  <BannerType>poster</BannerType>
  <BannerType2>680x1000</BannerType2>
  <Language>en</Language>
  <Rating>5.5000</Rating>
  <RatingCount>2</RatingCount>
</Banner>
<Banner>
  <id>893158</id>
  <BannerPath>posters/248835-4.jpg</BannerPath>
  <BannerType>poster</BannerType>
  <BannerType2>680x1000</BannerType2>
  <Language>en</Language>
  <Rating>5.3333</Rating>
  <RatingCount>3</RatingCount>
</Banner>
<Banner>
  <id>910958</id>
  <BannerPath>posters/248835-8.jpg</BannerPath>
  <BannerType>poster</BannerType>
  <BannerType2>680x1000</BannerType2>
  <Language>en</Language>
  <Rating>4.0000</Rating>
  <RatingCount>3</RatingCount>
</Banner>
<Banner>
  <id>921782</id>
  <BannerPath>posters/248835-14.jpg</BannerPath>
  <BannerType>poster</BannerType>
  <BannerType2>680x1000</BannerType2>
  <Language>en</Language>
  <Rating></Rating>
  <RatingCount>0</RatingCount>
</Banner>
<Banner>
  <id>924673</id>
  <BannerPath>posters/248835-5.jpg</BannerPath>
  <BannerType>poster</BannerType>
  <BannerType2>680x1000</BannerType2>
  <Language>en</Language>
  <Rating></Rating>
  <RatingCount>0</RatingCount>
</Banner>
<Banner>
  <id>921778</id>
  <BannerPath>posters/248835-13.jpg</BannerPath>
  <BannerType>poster</BannerType>
  <BannerType2>680x1000</BannerType2>
  <Language>en</Language>
  <Rating></Rating>
  <RatingCount>0</RatingCount>
</Banner>
<Banner>
  <id>924672</id>
  <BannerPath>posters/248835-1.jpg</BannerPath>
  <BannerType>poster</BannerType>
  <BannerType2>680x1000</BannerType2>
  <Language>en</Language>
  <Rating></Rating>
  <RatingCount>0</RatingCount>
</Banner>
<Banner>
  <id>950618</id>
  <BannerPath>seasons/248835-2-6.jpg</BannerPath>
  <BannerType>season</BannerType>
  <BannerType2>season</BannerType2>
  <Language>en</Language>
  <Rating>10.0000</Rating>
  <RatingCount>1</RatingCount>
  <Season>2</Season>
</Banner>
<Banner>
  <id>916729</id>
  <BannerPath>seasons/248835-1-4.jpg</BannerPath>
  <BannerType>season</BannerType>
  <BannerType2>season</BannerType2>
  <Language>en</Language>
  <Rating>10.0000</Rating>
  <RatingCount>7</RatingCount>
  <Season>1</Season>
</Banner>
<Banner>
  <id>948353</id>
  <BannerPath>seasons/248835-1-8.jpg</BannerPath>
  <BannerType>season</BannerType>
  <BannerType2>season</BannerType2>
  <Language>de</Language>
  <Rating>9.0000</Rating>
  <RatingCount>1</RatingCount>
  <Season>1</Season>
</Banner>
<Banner>
  <id>931015</id>
  <BannerPath>seasons/248835-2-5.jpg</BannerPath>
  <BannerType>season</BannerType>
  <BannerType2>season</BannerType2>
  <Language>en</Language>
  <Rating>7.6250</Rating>
  <RatingCount>8</RatingCount>
  <Season>2</Season>
</Banner>
<Banner>
  <id>930483</id>
  <BannerPath>seasons/248835-2-3.jpg</BannerPath>
  <BannerType>season</BannerType>
  <BannerType2>season</BannerType2>
  <Language>en</Language>
  <Rating>7.5000</Rating>
  <RatingCount>8</RatingCount>
  <Season>2</Season>
</Banner>
<Banner>
  <id>893167</id>
  <BannerPath>seasons/248835-1-2.jpg</BannerPath>
  <BannerType>season</BannerType>
  <BannerType2>season</BannerType2>
  <Language>en</Language>
  <Rating>6.5000</Rating>
  <RatingCount>6</RatingCount>
  <Season>1</Season>
</Banner>
<Banner>
  <id>870796</id>
  <BannerPath>seasons/248835-1.jpg</BannerPath>
  <BannerType>season</BannerType>
  <BannerType2>season</BannerType2>
  <Language>en</Language>
  <Rating>6.3333</Rating>
  <RatingCount>6</RatingCount>
  <Season>1</Season>
</Banner>
<Banner>
  <id>897702</id>
  <BannerPath>seasons/248835-1-3.jpg</BannerPath>
  <BannerType>season</BannerType>
  <BannerType2>season</BannerType2>
  <Language>he</Language>
  <Rating>6.0000</Rating>
  <RatingCount>4</RatingCount>
  <Season>1</Season>
</Banner>
<Banner>
  <id>921781</id>
  <BannerPath>seasons/248835-1-5.jpg</BannerPath>
  <BannerType>season</BannerType>
  <BannerType2>season</BannerType2>
  <Language>ru</Language>
  <Rating>5.5000</Rating>
  <RatingCount>2</RatingCount>
  <Season>1</Season>
</Banner>
<Banner>
  <id>928851</id>
  <BannerPath>seasons/248835-2-4.jpg</BannerPath>
  <BannerType>season</BannerType>
  <BannerType2>season</BannerType2>
  <Language>en</Language>
  <Rating>4.5000</Rating>
  <RatingCount>4</RatingCount>
  <Season>2</Season>
</Banner>
<Banner>
  <id>916135</id>
  <BannerPath>seasons/248835-2.jpg</BannerPath>
  <BannerType>season</BannerType>
  <BannerType2>season</BannerType2>
  <Language>en</Language>
  <Rating>4.4444</Rating>
  <RatingCount>9</RatingCount>
  <Season>2</Season>
</Banner>
<Banner>
  <id>921785</id>
  <BannerPath>seasons/248835-2-2.jpg</BannerPath>
  <BannerType>season</BannerType>
  <BannerType2>season</BannerType2>
  <Language>ru</Language>
  <Rating>2.8000</Rating>
  <RatingCount>5</RatingCount>
  <Season>2</Season>
</Banner>
<Banner>
  <id>946283</id>
  <BannerPath>seasons/248835-1-7.jpg</BannerPath>
  <BannerType>season</BannerType>
  <BannerType2>season</BannerType2>
  <Language>fr</Language>
  <Rating></Rating>
  <RatingCount>0</RatingCount>
  <Season>1</Season>
</Banner>
<Banner>
  <id>928852</id>
  <BannerPath>seasons/248835-0-2.jpg</BannerPath>
  <BannerType>season</BannerType>
  <BannerType2>season</BannerType2>
  <Language>en</Language>
  <Rating></Rating>
  <RatingCount>0</RatingCount>
  <Season>0</Season>
</Banner>
<Banner>
  <id>928850</id>
  <BannerPath>seasons/248835-1-6.jpg</BannerPath>
  <BannerType>season</BannerType>
  <BannerType2>season</BannerType2>
  <Language>en</Language>
  <Rating></Rating>
  <RatingCount>0</RatingCount>
  <Season>1</Season>
</Banner>
<Banner>
  <id>934143</id>
  <BannerPath>seasonswide/248835-2.jpg</BannerPath>
  <BannerType>season</BannerType>
  <BannerType2>seasonwide</BannerType2>
  <Language>en</Language>
  <Rating></Rating>
  <RatingCount>0</RatingCount>
  <Season>2</Season>
</Banner>
<Banner>
  <id>901038</id>
  <BannerPath>seasonswide/248835-1.jpg</BannerPath>
  <BannerType>season</BannerType>
  <BannerType2>seasonwide</BannerType2>
  <Language>en</Language>
  <Rating></Rating>
  <RatingCount>0</RatingCount>
  <Season>1</Season>
</Banner>
<Banner>
  <id>882520</id>
  <BannerPath>graphical/248835-g8.jpg</BannerPath>
  <BannerType>series</BannerType>
  <BannerType2>graphical</BannerType2>
  <Language>en</Language>
  <Rating>8.0000</Rating>
  <RatingCount>13</RatingCount>
</Banner>
<Banner>
  <id>893541</id>
  <BannerPath>graphical/248835-g12.jpg</BannerPath>
  <BannerType>series</BannerType>
  <BannerType2>graphical</BannerType2>
  <Language>en</Language>
  <Rating>7.9200</Rating>
  <RatingCount>25</RatingCount>
</Banner>
<Banner>
  <id>882512</id>
  <BannerPath>graphical/248835-g6.jpg</BannerPath>
  <BannerType>series</BannerType>
  <BannerType2>graphical</BannerType2>
  <Language>en</Language>
  <Rating>7.5600</Rating>
  <RatingCount>25</RatingCount>
</Banner>
<Banner>
  <id>931051</id>
  <BannerPath>graphical/248835-g19.jpg</BannerPath>
  <BannerType>series</BannerType>
  <BannerType2>graphical</BannerType2>
  <Language>en</Language>
  <Rating>7.0000</Rating>
  <RatingCount>2</RatingCount>
</Banner>
<Banner>
  <id>861758</id>
  <BannerPath>graphical/248835-g.jpg</BannerPath>
  <BannerType>series</BannerType>
  <BannerType2>graphical</BannerType2>
  <Language>en</Language>
  <Rating>6.9000</Rating>
  <RatingCount>10</RatingCount>
</Banner>
<Banner>
  <id>897699</id>
  <BannerPath>graphical/248835-g13.jpg</BannerPath>
  <BannerType>series</BannerType>
  <BannerType2>graphical</BannerType2>
  <Language>he</Language>
  <Rating>6.7727</Rating>
  <RatingCount>22</RatingCount>
</Banner>
<Banner>
  <id>882514</id>
  <BannerPath>graphical/248835-g7.jpg</BannerPath>
  <BannerType>series</BannerType>
  <BannerType2>graphical</BannerType2>
  <Language>en</Language>
  <Rating>6.7500</Rating>
  <RatingCount>8</RatingCount>
</Banner>
<Banner>
  <id>928856</id>
  <BannerPath>graphical/248835-g17.jpg</BannerPath>
  <BannerType>series</BannerType>
  <BannerType2>graphical</BannerType2>
  <Language>en</Language>
  <Rating>6.6667</Rating>
  <RatingCount>6</RatingCount>
</Banner>
<Banner>
  <id>920516</id>
  <BannerPath>graphical/248835-g15.jpg</BannerPath>
  <BannerType>series</BannerType>
  <BannerType2>graphical</BannerType2>
  <Language>en</Language>
  <Rating>6.5000</Rating>
  <RatingCount>2</RatingCount>
</Banner>
<Banner>
  <id>882901</id>
  <BannerPath>graphical/248835-g9.jpg</BannerPath>
  <BannerType>series</BannerType>
  <BannerType2>graphical</BannerType2>
  <Language>en</Language>
  <Rating>6.5000</Rating>
  <RatingCount>6</RatingCount>
</Banner>
<Banner>
  <id>875329</id>
  <BannerPath>graphical/248835-g2.jpg</BannerPath>
  <BannerType>series</BannerType>
  <BannerType2>graphical</BannerType2>
  <Language>en</Language>
  <Rating>6.5000</Rating>
  <RatingCount>2</RatingCount>
</Banner>
<Banner>
  <id>883317</id>
  <BannerPath>graphical/248835-g10.jpg</BannerPath>
  <BannerType>series</BannerType>
  <BannerType2>graphical</BannerType2>
  <Language>en</Language>
  <Rating>6.2500</Rating>
  <RatingCount>4</RatingCount>
</Banner>
<Banner>
  <id>928859</id>
  <BannerPath>graphical/248835-g18.jpg</BannerPath>
  <BannerType>series</BannerType>
  <BannerType2>graphical</BannerType2>
  <Language>en</Language>
  <Rating>6.2000</Rating>
  <RatingCount>5</RatingCount>
</Banner>
<Banner>
  <id>892312</id>
  <BannerPath>graphical/248835-g11.jpg</BannerPath>
  <BannerType>series</BannerType>
  <BannerType2>graphical</BannerType2>
  <Language>en</Language>
  <Rating>5.5000</Rating>
  <RatingCount>4</RatingCount>
</Banner>
<Banner>
  <id>910959</id>
  <BannerPath>graphical/248835-g14.jpg</BannerPath>
  <BannerType>series</BannerType>
  <BannerType2>graphical</BannerType2>
  <Language>ru</Language>
  <Rating>5.5000</Rating>
  <RatingCount>2</RatingCount>
</Banner>
<Banner>
  <id>924729</id>
  <BannerPath>graphical/248835-g16.jpg</BannerPath>
  <BannerType>series</BannerType>
  <BannerType2>graphical</BannerType2>
  <Language>fr</Language>
  <Rating>5.3333</Rating>
  <RatingCount>3</RatingCount>
</Banner>
<Banner>
  <id>880639</id>
  <BannerPath>graphical/248835-g3.jpg</BannerPath>
  <BannerType>series</BannerType>
  <BannerType2>graphical</BannerType2>
  <Language>en</Language>
  <Rating>5.0000</Rating>
  <RatingCount>1</RatingCount>
</Banner>
<Banner>
  <id>881861</id>
  <BannerPath>graphical/248835-g4.jpg</BannerPath>
  <BannerType>series</BannerType>
  <BannerType2>graphical</BannerType2>
  <Language>en</Language>
  <Rating></Rating>
  <RatingCount>0</RatingCount>
</Banner>
<Banner>
  <id>882474</id>
  <BannerPath>graphical/248835-g5.jpg</BannerPath>
  <BannerType>series</BannerType>
  <BannerType2>graphical</BannerType2>
  <Language>en</Language>
  <Rating></Rating>
  <RatingCount>0</RatingCount>
</Banner>
<Banner>
  <id>934868</id>
  <BannerPath>graphical/248835-g20.jpg</BannerPath>
  <BannerType>series</BannerType>
  <BannerType2>graphical</BannerType2>
  <Language>hu</Language>
  <Rating></Rating>
  <RatingCount>0</RatingCount>
</Banner>
</Banners>