<?xml version="1.0" encoding="UTF-8" ?>
<Data><Series>
  <id>248835</id>
  <Actors>|Lana Parrilla|Ginnifer Goodwin|Jennifer Morrison|Meghan Ory|Emilie de Ravin|Jared Gilmore|Josh Dallas|Robert Carlyle|Colin O'Donoghue|Eion Bailey|Raphael Sbarge|Jamie Dornan|</Actors>
  <Airs_DayOfWeek>Sunday</Airs_DayOfWeek>
  <Airs_Time>8:00 PM</Airs_Time>
  <ContentRating>TV-PG</ContentRating>
  <FirstAired>2011-10-23</FirstAired>
  <Genre>|Drama|Fantasy|</Genre>
  <IMDB_ID>tt1843230</IMDB_ID>
  <Language>en</Language>
  <Network>ABC</Network>
  <NetworkID></NetworkID>
  <Overview>Emma Swan, a 28-year-old bail bonds collector, has always been a fiercely independent person since being abandoned as a baby. Her son Henry, who she gave up for adoption years ago, finds and tries to convince Emma that she is Snow White's missing daughter. Henry shows Emma that in the fairytale, Prince Charming and Snow White sent her away to protect her. Emma doesn't believe him and takes Henry back to Storybrooke...</Overview>
  <Rating>8.4</Rating>
  <RatingCount>106</RatingCount>
  <Runtime>40</Runtime>
  <SeriesID>80922</SeriesID>
  <SeriesName>Once Upon a Time (2011)</SeriesName>
  <Status>Continuing</Status>
  <added>2011-05-18 00:14:25</added>
  <addedBy>189361</addedBy>
  <banner>graphical/248835-g8.jpg</banner>
  <fanart>fanart/original/248835-3.jpg</fanart>
  <lastupdated>1365597077</lastupdated>
  <poster>posters/248835-11.jpg</poster>
  <zap2it_id>EP01419478</zap2it_id>
</Series>
<Episode>
  <id>4399441</id>
  <Combined_episodenumber>1</Combined_episodenumber>
  <Combined_season>0</Combined_season>
  <DVD_chapter></DVD_chapter>
  <DVD_discid></DVD_discid>
  <DVD_episodenumber></DVD_episodenumber>
  <DVD_season></DVD_season>
  <Director></Director>
  <EpImgFlag>2</EpImgFlag>
  <EpisodeName>Magic Is Coming</EpisodeName>
  <EpisodeNumber>1</EpisodeNumber>
  <FirstAired>2012-09-29</FirstAired>
  <GuestStars></GuestStars>
  <IMDB_ID>tt1843230</IMDB_ID>
  <Language>en</Language>
  <Overview>The special will take a look at Emma Swan’s journey into Storybrooke and her destiny to break the Evil Queen’s curse, which sent the fairytale characters into our world with no memory of who they once were. Backstories and secrets of Snow White, Prince Charming, Rumplestiltskin, Red Riding Hood and others will also be revealed. In addition, the special will give a glimpse into what’s upcoming for Season 2.</Overview>
  <ProductionCode></ProductionCode>
  <Rating>6.7</Rating>
  <RatingCount>9</RatingCount>
  <SeasonNumber>0</SeasonNumber>
  <Writer></Writer>
  <absolute_number></absolute_number>
  <airsafter_season></airsafter_season>
  <airsbefore_episode>1</airsbefore_episode>
  <airsbefore_season>2</airsbefore_season>
  <filename>episodes/248835/4399441.jpg</filename>
  <lastupdated>1350314883</lastupdated>
  <seasonid>466176</seasonid>
  <seriesid>248835</seriesid>
</Episode>
<Episode>
  <id>4105178</id>
  <Combined_episodenumber>1</Combined_episodenumber>
  <Combined_season>1</Combined_season>
  <DVD_chapter></DVD_chapter>
  <DVD_discid></DVD_discid>
  <DVD_episodenumber></DVD_episodenumber>
  <DVD_season></DVD_season>
  <Director>Mark Mylod</Director>
  <EpImgFlag>2</EpImgFlag>
  <EpisodeName>Pilot</EpisodeName>
  <EpisodeNumber>1</EpisodeNumber>
  <FirstAired>2011-10-23</FirstAired>
  <GuestStars>|Tony Amendola|Lee Arenberg|Peter Bryant|Warren Christie|Beverley Elliott|Meghan Ory|Keegan Connor Tracy|</GuestStars>
  <IMDB_ID>tt1983723</IMDB_ID>
  <Language>en</Language>
  <Overview>Emma does not believe in Henry's stories, and she brings him back to Storybrooke, where she is captivated by an unusual boy. Concerned for the boy, she decides to stay for a while, but soon discovers that Storybrooke is more than a simple town. It's a place where magic has been forgotten, but it's still there, where fairytale characters come alive, even though if they do not remember who they once were, and the Evil Queen, is now Henry's foster mother. An epic battle is beginning, and for the good side to win, Emma will have to accept her destiny and fight for it.</Overview>
  <ProductionCode></ProductionCode>
  <Rating>7.8</Rating>
  <RatingCount>114</RatingCount>
  <SeasonNumber>1</SeasonNumber>
  <Writer>|Edward Kitsis|Adam Horowitz|</Writer>
  <absolute_number></absolute_number>
  <filename>episodes/248835/4105178.jpg</filename>
  <lastupdated>1362240138</lastupdated>
  <seasonid>466352</seasonid>
  <seriesid>248835</seriesid>
</Episode>
<Episode>
  <id>4164086</id>
  <Combined_episodenumber>2</Combined_episodenumber>
  <Combined_season>1</Combined_season>
  <DVD_chapter></DVD_chapter>
  <DVD_discid></DVD_discid>
  <DVD_episodenumber></DVD_episodenumber>
  <DVD_season></DVD_season>
  <Director>Greg Beeman</Director>
  <EpImgFlag>2</EpImgFlag>
  <EpisodeName>The Thing You Love Most</EpisodeName>
  <EpisodeNumber>2</EpisodeNumber>
  <FirstAired>2011-10-30</FirstAired>
  <GuestStars>|Kristin Bauer van Straten|Giancarlo Esposito|Tony Perez|Beverley Elliott|Meghan Ory|</GuestStars>
  <IMDB_ID>tt2002088</IMDB_ID>
  <Language>en</Language>
  <Overview>Regina tries to force Emma out of Storybrooke and out of her and Henry's lives permanently. Meanwhile, it is revealed how the Evil Queen released the curse upon the fairytale world.</Overview>
  <ProductionCode></ProductionCode>
  <Rating>7.8</Rating>
  <RatingCount>108</RatingCount>
  <SeasonNumber>1</SeasonNumber>
  <Writer>|Edward Kitsis|Adam Horowitz|</Writer>
  <absolute_number></absolute_number>
  <filename>episodes/248835/4164086.jpg</filename>
  <lastupdated>1362240225</lastupdated>
  <seasonid>466352</seasonid>
  <seriesid>248835</seriesid>
</Episode>
<Episode>
  <id>4164087</id>
  <Combined_episodenumber>3</Combined_episodenumber>
  <Combined_season>1</Combined_season>
  <DVD_chapter></DVD_chapter>
  <DVD_discid></DVD_discid>
  <DVD_episodenumber></DVD_episodenumber>
  <DVD_season></DVD_season>
  <Director>Dean White</Director>
  <EpImgFlag>2</EpImgFlag>
  <EpisodeName>Snow Falls</EpisodeName>
  <EpisodeNumber>3</EpisodeNumber>
  <FirstAired>2011-11-06</FirstAired>
  <GuestStars>|David Anders|Lee Arenberg|Anastasia Griffith|Meghan Ory |</GuestStars>
  <IMDB_ID>tt2011727</IMDB_ID>
  <Language>en</Language>
  <Overview>Mary Margaret is astonished at the outcome after she reads to John Doe from the storybook while visiting him at the hospital. Back in fairytale world, Snow White and Prince Charming meet up for the first time.</Overview>
  <ProductionCode></ProductionCode>
  <Rating>7.7</Rating>
  <RatingCount>114</RatingCount>
  <SeasonNumber>1</SeasonNumber>
  <Writer>Liz Tigelaar</Writer>
  <absolute_number></absolute_number>
  <filename>episodes/248835/4164087.jpg</filename>
  <lastupdated>1362240239</lastupdated>
  <seasonid>466352</seasonid>
  <seriesid>248835</seriesid>
</Episode>
<Episode>
  <id>4191336</id>
  <Combined_episodenumber>4</Combined_episodenumber>
  <Combined_season>1</Combined_season>
  <DVD_chapter></DVD_chapter>
  <DVD_discid></DVD_discid>
  <DVD_episodenumber></DVD_episodenumber>
  <DVD_season></DVD_season>
  <Director>David Solomon</Director>
  <EpImgFlag>2</EpImgFlag>
  <EpisodeName>The Price of Gold</EpisodeName>
  <EpisodeNumber>4</EpisodeNumber>
  <FirstAired>2011-11-13</FirstAired>
  <GuestStars>|Lee Arenberg|Tim Phillipps|Jessy Schram|Meghan Ory|Ted Whittall|Catherine Lough Haggquist|</GuestStars>
  <IMDB_ID>tt2033761</IMDB_ID>
  <Language>en</Language>
  <Overview>A pregnant woman enlists Emma's help to escape from Storybrooke - and from the enigmatic Mr. Gold - while a secret deal made between Cinderella and Rumpelstiltskin is revealed. </Overview>
  <ProductionCode></ProductionCode>
  <Rating>7.5</Rating>
  <RatingCount>110</RatingCount>
  <SeasonNumber>1</SeasonNumber>
  <Writer>David H. Goodman</Writer>
  <absolute_number></absolute_number>
  <filename>episodes/248835/4191336.jpg</filename>
  <lastupdated>1359553314</lastupdated>
  <seasonid>466352</seasonid>
  <seriesid>248835</seriesid>
</Episode>
<Episode>
  <id>4192235</id>
  <Combined_episodenumber>5</Combined_episodenumber>
  <Combined_season>1</Combined_season>
  <DVD_chapter></DVD_chapter>
  <DVD_discid></DVD_discid>
  <DVD_episodenumber></DVD_episodenumber>
  <DVD_season></DVD_season>
  <Director>Paul Edwards</Director>
  <EpImgFlag>2</EpImgFlag>
  <EpisodeName>That Still Small Voice</EpisodeName>
  <EpisodeNumber>5</EpisodeNumber>
  <FirstAired>2011-11-27</FirstAired>
  <GuestStars>|Tony Amendola|Anastasia Griffith|Harry Groener|Carolyn Hennesy|Meghan Ory|Keegan Connor Tracy|</GuestStars>
  <IMDB_ID>tt2083662</IMDB_ID>
  <Language>en</Language>
  <Overview>As Sheriff Graham deputizes Emma, the ground shakes and a giant sinkhole mysteriously appears at the edge of town. But a curious Henry’s life is placed in danger when he decides to explore the innards of the sinkhole to see if its contents can link the inhabitants of Storybrooke to the fairytale world. Meanwhile, back in the fairytale world, Jiminy Cricket yearns to leave the family business and transform into the person he wants to be.</Overview>
  <ProductionCode></ProductionCode>
  <Rating>7.6</Rating>
  <RatingCount>111</RatingCount>
  <SeasonNumber>1</SeasonNumber>
  <Writer>Jane Espenson</Writer>
  <absolute_number></absolute_number>
  <filename>episodes/248835/4192235.jpg</filename>
  <lastupdated>1359553338</lastupdated>
  <seasonid>466352</seasonid>
  <seriesid>248835</seriesid>
</Episode>
<Episode>
  <id>4192236</id>
  <Combined_episodenumber>6</Combined_episodenumber>
  <Combined_season>1</Combined_season>
  <DVD_chapter></DVD_chapter>
  <DVD_discid></DVD_discid>
  <DVD_episodenumber></DVD_episodenumber>
  <DVD_season></DVD_season>
  <Director>Victor Nelli</Director>
  <EpImgFlag>2</EpImgFlag>
  <EpisodeName>The Shepherd</EpisodeName>
  <EpisodeNumber>6</EpisodeNumber>
  <FirstAired>2011-12-04</FirstAired>
  <GuestStars>|David Anders|Alan Dale|Anastasia Griffith|Gabrielle Rose| Alex Zahara|</GuestStars>
  <IMDB_ID>tt2083663</IMDB_ID>
  <Language>en</Language>
  <Overview>David - aka John Doe - must choose between staying with Kathryn or leaving her to be with Mary Margaret, with whom he's fallen deeply, and inexplicably, in love; and Emma catches Sheriff Graham in a lie. Meanwhile, back in the fairytale world that was, Prince Charming is about to encounter a life-changing event that will forever alter his destiny.</Overview>
  <ProductionCode></ProductionCode>
  <Rating>7.5</Rating>
  <RatingCount>106</RatingCount>
  <SeasonNumber>1</SeasonNumber>
  <Writer>|Andrew Chambliss|Ian Goldberg|</Writer>
  <absolute_number></absolute_number>
  <filename>episodes/248835/4192236.jpg</filename>
  <lastupdated>1359553354</lastupdated>
  <seasonid>466352</seasonid>
  <seriesid>248835</seriesid>
</Episode>
<Episode>
  <id>4192237</id>
  <Combined_episodenumber>7</Combined_episodenumber>
  <Combined_season>1</Combined_season>
  <DVD_chapter></DVD_chapter>
  <DVD_discid></DVD_discid>
  <DVD_episodenumber></DVD_episodenumber>
  <DVD_season></DVD_season>
  <Director>Dave Barrett</Director>
  <EpImgFlag>2</EpImgFlag>
  <EpisodeName>The Heart is a Lonely Hunter</EpisodeName>
  <EpisodeNumber>7</EpisodeNumber>
  <FirstAired>2011-12-11</FirstAired>
  <GuestStars>|Giancarlo Esposito|Meghan Ory|</GuestStars>
  <IMDB_ID>tt2083664</IMDB_ID>
  <Language>en</Language>
  <Overview>One of the town's residents begins to remember their fairytale past, and Storybrooke mourns the loss of one of their own. Meanwhile, in the fairytale world that was, the Evil Queen attempts to find a heartless assassin to murder Snow White.</Overview>
  <ProductionCode></ProductionCode>
  <Rating>7.7</Rating>
  <RatingCount>105</RatingCount>
  <SeasonNumber>1</SeasonNumber>
  <Writer>|Edward Kitsis|Adam Horowitz|</Writer>
  <absolute_number></absolute_number>
  <filename>episodes/248835/4192237.jpg</filename>
  <lastupdated>1359553378</lastupdated>
  <seasonid>466352</seasonid>
  <seriesid>248835</seriesid>
</Episode>
<Episode>
  <id>4192238</id>
  <Combined_episodenumber>8</Combined_episodenumber>
  <Combined_season>1</Combined_season>
  <DVD_chapter></DVD_chapter>
  <DVD_discid></DVD_discid>
  <DVD_episodenumber></DVD_episodenumber>
  <DVD_season></DVD_season>
  <Director>Michael Waxman</Director>
  <EpImgFlag>2</EpImgFlag>
  <EpisodeName>Desperate Souls</EpisodeName>
  <EpisodeNumber>8</EpisodeNumber>
  <FirstAired>2012-01-08</FirstAired>
  <GuestStars>|Brad Dourif|Giancarlo Esposito|Beverley Elliott|Ty Olsson|Meghan Ory|Dylan Schmid|</GuestStars>
  <IMDB_ID>tt2076579</IMDB_ID>
  <Language>en</Language>
  <Overview>Regina and Mr. Gold play dirty politics and take opposite sides when Emma runs for a coveted Storybrooke public office against Sidney. Meanwhile, back in the fairytale world that was, Rumplestiltskin tries to track down the ultimate power source in order to help his son avert the horrors of a meaningless war.</Overview>
  <ProductionCode></ProductionCode>
  <Rating>7.6</Rating>
  <RatingCount>101</RatingCount>
  <SeasonNumber>1</SeasonNumber>
  <Writer>Jane Espenson</Writer>
  <absolute_number></absolute_number>
  <filename>episodes/248835/4192238.jpg</filename>
  <lastupdated>1359553398</lastupdated>
  <seasonid>466352</seasonid>
  <seriesid>248835</seriesid>
</Episode>
<Episode>
  <id>4192239</id>
  <Combined_episodenumber>9</Combined_episodenumber>
  <Combined_season>1</Combined_season>
  <DVD_chapter></DVD_chapter>
  <DVD_discid></DVD_discid>
  <DVD_episodenumber></DVD_episodenumber>
  <DVD_season></DVD_season>
  <Director>Dean White</Director>
  <EpImgFlag>2</EpImgFlag>
  <EpisodeName>True North</EpisodeName>
  <EpisodeNumber>9</EpisodeNumber>
  <FirstAired>2012-01-15</FirstAired>
  <GuestStars>|Lee Arenberg|Eion Bailey|Emma Caulfield|Karley Scott Collins|Nicholas Lea|Quinn Lord|</GuestStars>
  <IMDB_ID>tt2081915</IMDB_ID>
  <Language>en</Language>
  <Overview>Feeling their pain from having lived through the same experience, Emma desperately tries to help two homeless children find their birth father before they’re separated and put into the foster care system. Meanwhile, back in the fairytale world that was, the Evil Queen coerces Hansel and Gretel into stealing an important artifact from a blind witch.</Overview>
  <ProductionCode></ProductionCode>
  <Rating>7.6</Rating>
  <RatingCount>99</RatingCount>
  <SeasonNumber>1</SeasonNumber>
  <Writer>|David H. Goodman|Liz Tigelaar|</Writer>
  <absolute_number></absolute_number>
  <filename>episodes/248835/4192239.jpg</filename>
  <lastupdated>1359553439</lastupdated>
  <seasonid>466352</seasonid>
  <seriesid>248835</seriesid>
</Episode>
<Episode>
  <id>4211437</id>
  <Combined_episodenumber>10</Combined_episodenumber>
  <Combined_season>1</Combined_season>
  <DVD_chapter></DVD_chapter>
  <DVD_discid></DVD_discid>
  <DVD_episodenumber></DVD_episodenumber>
  <DVD_season></DVD_season>
  <Director>Ralph Hemecker</Director>
  <EpImgFlag>2</EpImgFlag>
  <EpisodeName>7:15 A.M.</EpisodeName>
  <EpisodeNumber>10</EpisodeNumber>
  <FirstAired>2012-01-22</FirstAired>
  <GuestStars>|Lee Arenberg|Eion Bailey|Alan Dale|Anastasia Griffith|Kwesi Ameyaw|Geoff Gustafson|Meghan Ory|</GuestStars>
  <IMDB_ID>tt2104513</IMDB_ID>
  <Language>en</Language>
  <Overview>Mary Margaret and David continue to grapple with their unrequited love, and Emma and Regina grow suspicious over a mysterious new stranger in town. Meanwhile, in the fairytale land that was, Snow White yearns to ease her breaking heart as Prince Charming’s wedding to King Midas’s daughter approaches.</Overview>
  <ProductionCode></ProductionCode>
  <Rating>7.6</Rating>
  <RatingCount>99</RatingCount>
  <SeasonNumber>1</SeasonNumber>
  <Writer>|Edward Kitsis|Adam Horowitz|</Writer>
  <absolute_number></absolute_number>
  <filename>episodes/248835/4211437.jpg</filename>
  <lastupdated>1359553480</lastupdated>
  <seasonid>466352</seasonid>
  <seriesid>248835</seriesid>
</Episode>
<Episode>
  <id>4211438</id>
  <Combined_episodenumber>11</Combined_episodenumber>
  <Combined_season>1</Combined_season>
  <DVD_chapter></DVD_chapter>
  <DVD_discid></DVD_discid>
  <DVD_episodenumber></DVD_episodenumber>
  <DVD_season></DVD_season>
  <Director>Bryan Spicer</Director>
  <EpImgFlag>2</EpImgFlag>
  <EpisodeName>Fruit of the Poisonous Tree</EpisodeName>
  <EpisodeNumber>11</EpisodeNumber>
  <FirstAired>2012-01-29</FirstAired>
  <GuestStars>|Eion Bailey|Giancarlo Esposito|Tony Perez|Richard Schiff|</GuestStars>
  <IMDB_ID>tt2104514</IMDB_ID>
  <Language>en</Language>
  <Overview>A dejected Sidney enlists the aid of Emma to help uncover evidence that could expose Mayor Regina as the corrupt person she really is to the townspeople of Storybrooke. Mary Margaret and David continue their secret rendezvous while trying to figure out a way to unleash their forbidden love.</Overview>
  <ProductionCode></ProductionCode>
  <Rating>7.4</Rating>
  <RatingCount>97</RatingCount>
  <SeasonNumber>1</SeasonNumber>
  <Writer>|Ian Goldberg|Andrew Chambliss|</Writer>
  <absolute_number></absolute_number>
  <filename>episodes/248835/4211438.jpg</filename>
  <lastupdated>1362430420</lastupdated>
  <seasonid>466352</seasonid>
  <seriesid>248835</seriesid>
</Episode>
<Episode>
  <id>4211439</id>
  <Combined_episodenumber>12</Combined_episodenumber>
  <Combined_season>1</Combined_season>
  <DVD_chapter></DVD_chapter>
  <DVD_discid></DVD_discid>
  <DVD_episodenumber></DVD_episodenumber>
  <DVD_season></DVD_season>
  <Director>Milan Cheylov</Director>
  <EpImgFlag>2</EpImgFlag>
  <EpisodeName>Skin Deep</EpisodeName>
  <EpisodeNumber>12</EpisodeNumber>
  <FirstAired>2012-02-12</FirstAired>
  <GuestStars>Emilie de Ravin|Tim Phillipps|Jessy Schram|Beverley Elliott|Eric Keenleyside|Meghan Ory</GuestStars>
  <IMDB_ID>tt2104515</IMDB_ID>
  <Language>en</Language>
  <Overview>After Mr. Gold's house is robbed, Emma keeps a close eye on him when it looks like he wants to track down the criminal and dole out some vigilante justice as payback, and Valentine's Day finds Mary Margaret, Ruby and Ashley having a girls' night out. Meanwhile, in the fairytale land that was, Belle agrees to a fateful deal to give up her freedom in order to save her town from the horrors of the Ogre war. </Overview>
  <ProductionCode></ProductionCode>
  <Rating>7.8</Rating>
  <RatingCount>105</RatingCount>
  <SeasonNumber>1</SeasonNumber>
  <Writer>Jane Espenson</Writer>
  <absolute_number></absolute_number>
  <filename>episodes/248835/4211439.jpg</filename>
  <lastupdated>1359553556</lastupdated>
  <seasonid>466352</seasonid>
  <seriesid>248835</seriesid>
</Episode>
<Episode>
  <id>4225745</id>
  <Combined_episodenumber>13</Combined_episodenumber>
  <Combined_season>1</Combined_season>
  <DVD_chapter></DVD_chapter>
  <DVD_discid></DVD_discid>
  <DVD_episodenumber></DVD_episodenumber>
  <DVD_season></DVD_season>
  <Director>Dean White</Director>
  <EpImgFlag>2</EpImgFlag>
  <EpisodeName>What Happened to Frederick</EpisodeName>
  <EpisodeNumber>13</EpisodeNumber>
  <FirstAired>2012-02-19</FirstAired>
  <GuestStars>Eion Bailey|Alan Dale|Anastasia Griffith|Beverley Elliott|Meghan Ory</GuestStars>
  <IMDB_ID>tt2104516</IMDB_ID>
  <Language>en</Language>
  <Overview>With their love for each other growing stronger, David finally agrees to tell Kathryn about his relationship with Mary Margaret and put an end to his loveless marriage. Meanwhile, in the fairytale land that was, while runaway groom Prince Charming searches for Snow White, he agrees to aid Abigail on a dangerous mission to recover something precious that was lost to her.</Overview>
  <ProductionCode></ProductionCode>
  <Rating>7.5</Rating>
  <RatingCount>99</RatingCount>
  <SeasonNumber>1</SeasonNumber>
  <Writer>David H. Goodman</Writer>
  <absolute_number></absolute_number>
  <filename>episodes/248835/4225745.jpg</filename>
  <lastupdated>1359553602</lastupdated>
  <seasonid>466352</seasonid>
  <seriesid>248835</seriesid>
</Episode>
<Episode>
  <id>4225746</id>
  <Combined_episodenumber>14</Combined_episodenumber>
  <Combined_season>1</Combined_season>
  <DVD_chapter></DVD_chapter>
  <DVD_discid></DVD_discid>
  <DVD_episodenumber></DVD_episodenumber>
  <DVD_season></DVD_season>
  <Director>David Solomon</Director>
  <EpImgFlag>2</EpImgFlag>
  <EpisodeName>Dreamy</EpisodeName>
  <EpisodeNumber>14</EpisodeNumber>
  <FirstAired>2012-03-04</FirstAired>
  <GuestStars>Amy Acker|Lee Arenberg|Emilie de Ravin|Giancarlo Esposito|Beverley Elliott|Geoff Gustafson|Meghan Ory|Keegan Connor Tracy</GuestStars>
  <IMDB_ID>tt2104517</IMDB_ID>
  <Language>en</Language>
  <Overview>Unlikely allies Mary Margaret and Leroy team together for a good cause to help the Storybrooke nuns sell their candles during the town's Miner's Day festival. But Leroy makes a promise to a nun, Astrid, that he may not be able to keep; and Emma looks into the mysterious disappearance of David's wife, Kathryn. Meanwhile, in the fairytale land that was, Grumpy finds forbidden love with beautiful but clumsy fairy Nova. </Overview>
  <ProductionCode></ProductionCode>
  <Rating>7.6</Rating>
  <RatingCount>97</RatingCount>
  <SeasonNumber>1</SeasonNumber>
  <Writer>|Edward Kitsis|Adam Horowitz|</Writer>
  <absolute_number></absolute_number>
  <filename>episodes/248835/4225746.jpg</filename>
  <lastupdated>1359553634</lastupdated>
  <seasonid>466352</seasonid>
  <seriesid>248835</seriesid>
</Episode>
<Episode>
  <id>4240734</id>
  <Combined_episodenumber>15</Combined_episodenumber>
  <Combined_season>1</Combined_season>
  <DVD_chapter></DVD_chapter>
  <DVD_discid></DVD_discid>
  <DVD_episodenumber></DVD_episodenumber>
  <DVD_season></DVD_season>
  <Director>Ron Underwood</Director>
  <EpImgFlag>2</EpImgFlag>
  <EpisodeName>Red-Handed</EpisodeName>
  <EpisodeNumber>15</EpisodeNumber>
  <FirstAired>2012-03-11</FirstAired>
  <GuestStars>David Anders|Bill Dow|Beverley Elliott|Jesse Hutch|Meghan Ory</GuestStars>
  <IMDB_ID>tt2104518</IMDB_ID>
  <Language>en</Language>
  <Overview>After Ruby quits Granny's diner and with her self-esteem at an all-time low, Emma hires her as an assistant in order to help Ruby discover what it is in life that she's good at; and Emma continues questioning David about the disappearance - and possible murder - of Kathryn. Meanwhile, in the fairytale land that was, Red Riding Hood yearns to run away with her true love. But she, along with her fellow townspeople, are virtual prisoners when a bloodthirsty wolf continues on its relentless killing spree.</Overview>
  <ProductionCode></ProductionCode>
  <Rating>7.6</Rating>
  <RatingCount>102</RatingCount>
  <SeasonNumber>1</SeasonNumber>
  <Writer>Jane Espenson</Writer>
  <absolute_number></absolute_number>
  <filename>episodes/248835/4240734.jpg</filename>
  <lastupdated>1362430433</lastupdated>
  <seasonid>466352</seasonid>
  <seriesid>248835</seriesid>
</Episode>
<Episode>
  <id>4240735</id>
  <Combined_episodenumber>16</Combined_episodenumber>
  <Combined_season>1</Combined_season>
  <DVD_chapter></DVD_chapter>
  <DVD_discid></DVD_discid>
  <DVD_episodenumber></DVD_episodenumber>
  <DVD_season></DVD_season>
  <Director>Dean White</Director>
  <EpImgFlag>2</EpImgFlag>
  <EpisodeName>Heart of Darkness</EpisodeName>
  <EpisodeNumber>16</EpisodeNumber>
  <FirstAired>2012-03-18</FirstAired>
  <GuestStars>Lee Arenberg|Meghan Ory</GuestStars>
  <IMDB_ID>tt2104519</IMDB_ID>
  <Language>en</Language>
  <Overview>Mary Margaret hires Mr. Gold as her attorney when Emma is forced to arrest her for the suspected murder of David’s wife, Kathryn. Meanwhile, back in the fairytale land that was, Prince Charming sets out to stop a determined and unhinged Snow White, whose memory is still clouded by Rumplestiltskin’s potion, from assassinating the Evil Queen.</Overview>
  <ProductionCode></ProductionCode>
  <Rating>7.6</Rating>
  <RatingCount>97</RatingCount>
  <SeasonNumber>1</SeasonNumber>
  <Writer>Andrew Chambliss|Ian Goldberg</Writer>
  <absolute_number></absolute_number>
  <filename>episodes/248835/4240735.jpg</filename>
  <lastupdated>1359553765</lastupdated>
  <seasonid>466352</seasonid>
  <seriesid>248835</seriesid>
</Episode>
<Episode>
  <id>4240565</id>
  <Combined_episodenumber>17</Combined_episodenumber>
  <Combined_season>1</Combined_season>
  <DVD_chapter></DVD_chapter>
  <DVD_discid></DVD_discid>
  <DVD_episodenumber></DVD_episodenumber>
  <DVD_season></DVD_season>
  <Director>Ralph Hemecker</Director>
  <EpImgFlag>2</EpImgFlag>
  <EpisodeName>Hat Trick</EpisodeName>
  <EpisodeNumber>17</EpisodeNumber>
  <FirstAired>2012-03-25</FirstAired>
  <GuestStars>Giancarlo Esposito|Tony Perez|Sebastian Stan</GuestStars>
  <IMDB_ID>tt2104520</IMDB_ID>
  <Language>en</Language>
  <Overview>While searching for a missing Mary Margaret, Emma is kidnapped by a man whose affinity for hats has him teetering on the edge of madness. Meanwhile, viewers will be transported outside of the fairytale land that was for the first time when the Evil Queen persuades a skillful man of magic to come work for her one last time and travel to Wonderland in order to help steal something from the Queen of Hearts.</Overview>
  <ProductionCode></ProductionCode>
  <Rating>7.6</Rating>
  <RatingCount>100</RatingCount>
  <SeasonNumber>1</SeasonNumber>
  <Writer>Vladimir Cvetko|David H. Goodman</Writer>
  <absolute_number></absolute_number>
  <filename>episodes/248835/4240565.jpg</filename>
  <lastupdated>1359553799</lastupdated>
  <seasonid>466352</seasonid>
  <seriesid>248835</seriesid>
</Episode>
<Episode>
  <id>4250579</id>
  <Combined_episodenumber>18</Combined_episodenumber>
  <Combined_season>1</Combined_season>
  <DVD_chapter></DVD_chapter>
  <DVD_discid></DVD_discid>
  <DVD_episodenumber></DVD_episodenumber>
  <DVD_season></DVD_season>
  <Director>Dean White</Director>
  <EpImgFlag>2</EpImgFlag>
  <EpisodeName>The Stable Boy</EpisodeName>
  <EpisodeNumber>18</EpisodeNumber>
  <FirstAired>2012-04-01</FirstAired>
  <GuestStars>Noah Bean|Alan Dale|Giancarlo Esposito|Anastasia Griffith|Barbara Hershey|Bailee Madison|Meghan Ory|Tony Perez|Richard Schiff</GuestStars>
  <IMDB_ID>tt2104521</IMDB_ID>
  <Language>en</Language>
  <Overview>Emma continues her exhaustive search for evidence that will prove Mary Margaret's innocence in the murder of David's wife, Kathryn. Meanwhile, in the fairytale land that was and before evil blackened her soul, Regina must choose between betraying her mother, Cora, and marrying for true love, or betrothing royalty and living a regal - but loveless - life; and the event that caused the Evil Queen to loathe Snow White is revealed.</Overview>
  <ProductionCode></ProductionCode>
  <Rating>7.8</Rating>
  <RatingCount>88</RatingCount>
  <SeasonNumber>1</SeasonNumber>
  <Writer>|Edward Kitsis|Adam Horowitz|</Writer>
  <absolute_number></absolute_number>
  <filename>episodes/248835/4250579.jpg</filename>
  <lastupdated>1360446595</lastupdated>
  <seasonid>466352</seasonid>
  <seriesid>248835</seriesid>
</Episode>
<Episode>
  <id>4271914</id>
  <Combined_episodenumber>19</Combined_episodenumber>
  <Combined_season>1</Combined_season>
  <DVD_chapter></DVD_chapter>
  <DVD_discid></DVD_discid>
  <DVD_episodenumber></DVD_episodenumber>
  <DVD_season></DVD_season>
  <Director>Paul Edwards</Director>
  <EpImgFlag>2</EpImgFlag>
  <EpisodeName>The Return</EpisodeName>
  <EpisodeNumber>19</EpisodeNumber>
  <FirstAired>2012-04-22</FirstAired>
  <GuestStars>David Anders|Giancarlo Esposito|Anastasia Griffith|Meghan Ory|Beverley Elliott|Dylan Schmid|Keegan ConnorTracy</GuestStars>
  <IMDB_ID>tt2104522</IMDB_ID>
  <Language>en</Language>
  <Overview>Mr. Gold attempts to uncover the true identity of August, Emma confronts Regina about her involvement in Kathryn's disappearance, and David tries to apologize and reconcile with Mary Margaret. Meanwhile, in the fairytale land that was, Rumplestiltskin agrees to comply and do whatever it takes if his son can find a way for him to safely give up his powers and turn back into the loving man he used to be.</Overview>
  <ProductionCode></ProductionCode>
  <Rating>7.6</Rating>
  <RatingCount>86</RatingCount>
  <SeasonNumber>1</SeasonNumber>
  <Writer>Jane Espenson</Writer>
  <absolute_number></absolute_number>
  <filename>episodes/248835/4271914.jpg</filename>
  <lastupdated>1360446643</lastupdated>
  <seasonid>466352</seasonid>
  <seriesid>248835</seriesid>
</Episode>
<Episode>
  <id>4282109</id>
  <Combined_episodenumber>20</Combined_episodenumber>
  <Combined_season>1</Combined_season>
  <DVD_chapter></DVD_chapter>
  <DVD_discid></DVD_discid>
  <DVD_episodenumber></DVD_episodenumber>
  <DVD_season></DVD_season>
  <Director>Gwyneth Horder-Payton</Director>
  <EpImgFlag>2</EpImgFlag>
  <EpisodeName>The Stranger</EpisodeName>
  <EpisodeNumber>20</EpisodeNumber>
  <FirstAired>2012-04-29</FirstAired>
  <GuestStars>Tony Amendola|Keegan Connor|Tracy Jakob Davies</GuestStars>
  <IMDB_ID>tt2104523</IMDB_ID>
  <Language>en</Language>
  <Overview>August tells Emma how to beat Regina and how she can get custody of Henry, while Regina hatches a plot to seduce David now that Mary Margaret is back at work. In the fairy-tale world, a plan to save Snow White and Prince Charming’s daughter unfolds and is agreed to by Geppetto, who has his own child’s safety in mind.</Overview>
  <ProductionCode></ProductionCode>
  <Rating>7.7</Rating>
  <RatingCount>85</RatingCount>
  <SeasonNumber>1</SeasonNumber>
  <Writer>|Ian Goldberg|Andrew Chambliss|</Writer>
  <absolute_number></absolute_number>
  <filename>episodes/248835/4282109.jpg</filename>
  <lastupdated>1361003314</lastupdated>
  <seasonid>466352</seasonid>
  <seriesid>248835</seriesid>
</Episode>
<Episode>
  <id>4284697</id>
  <Combined_episodenumber>21</Combined_episodenumber>
  <Combined_season>1</Combined_season>
  <DVD_chapter></DVD_chapter>
  <DVD_discid></DVD_discid>
  <DVD_episodenumber></DVD_episodenumber>
  <DVD_season></DVD_season>
  <Director>Milan Cheylov</Director>
  <EpImgFlag>2</EpImgFlag>
  <EpisodeName>An Apple Red As Blood</EpisodeName>
  <EpisodeNumber>21</EpisodeNumber>
  <FirstAired>2012-05-06</FirstAired>
  <GuestStars>Lee Arenberg|Alan Dale|Meghan Ory|Sebastian Stan|Beverley Elliott|Keegan Conno|Tracy</GuestStars>
  <IMDB_ID>tt2104524</IMDB_ID>
  <Language>en</Language>
  <Overview>Henry pleads with Emma to stay in Storybrooke and continue her quest as the savior of the fairytale dwellers, and Regina concocts a plan that could rid her of Emma forever. Meanwhile, back in the fairytale land that was, Snow White enlists the aid of her fellow fairytale cohorts to attack the Evil Queen and save Prince Charming's life.</Overview>
  <ProductionCode></ProductionCode>
  <Rating>7.9</Rating>
  <RatingCount>89</RatingCount>
  <SeasonNumber>1</SeasonNumber>
  <Writer>|Jane Espenson|David H. Goodman|</Writer>
  <absolute_number></absolute_number>
  <filename>episodes/248835/4284697.jpg</filename>
  <lastupdated>1361003275</lastupdated>
  <seasonid>466352</seasonid>
  <seriesid>248835</seriesid>
</Episode>
<Episode>
  <id>4284698</id>
  <Combined_episodenumber>22</Combined_episodenumber>
  <Combined_season>1</Combined_season>
  <DVD_chapter></DVD_chapter>
  <DVD_discid></DVD_discid>
  <DVD_episodenumber></DVD_episodenumber>
  <DVD_season></DVD_season>
  <Director>Dean White</Director>
  <EpImgFlag>2</EpImgFlag>
  <EpisodeName>A Land Without Magic</EpisodeName>
  <EpisodeNumber>22</EpisodeNumber>
  <FirstAired>2012-05-13</FirstAired>
  <GuestStars>David Anders|Emilie de Ravin|Jamie Dornan|Meghan Ory|Sebastian Stan Kristin Bauer van Straten|Beverley Elliott|Keegan Connor Tracy</GuestStars>
  <IMDB_ID>tt2104525</IMDB_ID>
  <Language>en</Language>
  <Overview>Emma and Regina team together in order to find a way to save Henry's life. Meanwhile, in the fairytale land that was, Prince Charming attempts to escape from the Evil Queen's clutches in order to reunite with Snow White who, unbeknownst to him, has already taken a bite of the Queen's poison apple.</Overview>
  <ProductionCode></ProductionCode>
  <Rating>8.0</Rating>
  <RatingCount>83</RatingCount>
  <SeasonNumber>1</SeasonNumber>
  <Writer>Edward Kitsis|Adam Horowitz</Writer>
  <absolute_number></absolute_number>
  <filename>episodes/248835/4284698.jpg</filename>
  <lastupdated>1361003238</lastupdated>
  <seasonid>466352</seasonid>
  <seriesid>248835</seriesid>
</Episode>
<Episode>
  <id>4357951</id>
  <Combined_episodenumber>1</Combined_episodenumber>
  <Combined_season>2</Combined_season>
  <DVD_chapter></DVD_chapter>
  <DVD_discid></DVD_discid>
  <DVD_episodenumber></DVD_episodenumber>
  <DVD_season></DVD_season>
  <Director>Ralph Hemecker</Director>
  <EpImgFlag>2</EpImgFlag>
  <EpisodeName>Broken</EpisodeName>
  <EpisodeNumber>1</EpisodeNumber>
  <FirstAired>2012-09-30</FirstAired>
  <GuestStars>Raphael Sbarge|David Anders|Lee Arenberg|Sarah Bolger|Jamie Chung|Beverley Elliott|Michael Raymond-James|Keegan Connor Tracy</GuestStars>
  <IMDB_ID>tt2216108</IMDB_ID>
  <Language>en</Language>
  <Overview>As fairytale characters awaken from Queen Regina's curse, they are not transported back to their home; Prince Phillip and his traveling companion realize they will be facing a deadly foe.</Overview>
  <ProductionCode></ProductionCode>
  <Rating>7.7</Rating>
  <RatingCount>73</RatingCount>
  <SeasonNumber>2</SeasonNumber>
  <Writer>Edward Kitsis|Adam Horowitz</Writer>
  <absolute_number></absolute_number>
  <filename>episodes/248835/4357951.jpg</filename>
  <lastupdated>1363423841</lastupdated>
  <seasonid>496193</seasonid>
  <seriesid>248835</seriesid>
</Episode>
<Episode>
  <id>4392158</id>
  <Combined_episodenumber>2</Combined_episodenumber>
  <Combined_season>2</Combined_season>
  <DVD_chapter></DVD_chapter>
  <DVD_discid></DVD_discid>
  <DVD_episodenumber></DVD_episodenumber>
  <DVD_season></DVD_season>
  <Director>Dean White</Director>
  <EpImgFlag>2</EpImgFlag>
  <EpisodeName>We Are Both</EpisodeName>
  <EpisodeNumber>2</EpisodeNumber>
  <FirstAired>2012-10-07</FirstAired>
  <GuestStars>Lee Arenberg|David Anders|Tony Amendola|Sarah Bolger|Jamie Chung|Beverley Elliott|Barbara Hershey|Bailee Madison|Tony Perez|Sebastian Stan|Keegan Connor Tracy|Raphael Sbarge</GuestStars>
  <IMDB_ID>tt2359202</IMDB_ID>
  <Language>en</Language>
  <Overview>Regina continues to seek a way to regain her powers; David continues his quest to find Mary Margaret and Emma; the seven dwarves discover what happens when one of the townspeople tries to leave Storybrooke's city limits.</Overview>
  <ProductionCode></ProductionCode>
  <Rating>7.6</Rating>
  <RatingCount>67</RatingCount>
  <SeasonNumber>2</SeasonNumber>
  <Writer>Jane Espenson</Writer>
  <absolute_number></absolute_number>
  <filename>episodes/248835/4392158.jpg</filename>
  <lastupdated>1363423867</lastupdated>
  <seasonid>496193</seasonid>
  <seriesid>248835</seriesid>
</Episode>
<Episode>
  <id>4393608</id>
  <Combined_episodenumber>3</Combined_episodenumber>
  <Combined_season>2</Combined_season>
  <DVD_chapter></DVD_chapter>
  <DVD_discid></DVD_discid>
  <DVD_episodenumber></DVD_episodenumber>
  <DVD_season></DVD_season>
  <Director>Milan Cheylov</Director>
  <EpImgFlag>2</EpImgFlag>
  <EpisodeName>Lady of the Lake</EpisodeName>
  <EpisodeNumber>3</EpisodeNumber>
  <FirstAired>2012-10-14</FirstAired>
  <GuestStars>Sarah Bolger|Jamie Chung|Alan Dale|Barbara Hershey|Sebastian Stan|Gabrielle Rose|Sinqua Walls</GuestStars>
  <IMDB_ID>tt2359174</IMDB_ID>
  <Language>en</Language>
  <Overview>Emma and Mary Margaret try to find a portal that would bring them back to Storybrooke; Henry tries to talk Jefferson into reuniting with his daughter; on the eve of meeting Prince Charming's mother, King George poisons Snow White.</Overview>
  <ProductionCode></ProductionCode>
  <Rating>7.6</Rating>
  <RatingCount>71</RatingCount>
  <SeasonNumber>2</SeasonNumber>
  <Writer>Andrew Chambliss|Ian Goldberg</Writer>
  <absolute_number></absolute_number>
  <filename>episodes/248835/4393608.jpg</filename>
  <lastupdated>1363806911</lastupdated>
  <seasonid>496193</seasonid>
  <seriesid>248835</seriesid>
</Episode>
<Episode>
  <id>4395449</id>
  <Combined_episodenumber>4</Combined_episodenumber>
  <Combined_season>2</Combined_season>
  <DVD_chapter></DVD_chapter>
  <DVD_discid></DVD_discid>
  <DVD_episodenumber></DVD_episodenumber>
  <DVD_season></DVD_season>
  <Director>David Solomon</Director>
  <EpImgFlag>2</EpImgFlag>
  <EpisodeName>The Crocodile</EpisodeName>
  <EpisodeNumber>4</EpisodeNumber>
  <FirstAired>2012-10-21</FirstAired>
  <GuestStars>Lee Arenberg|Chris Gauthier|Barbara Hershey|Eric Keenleyside|Colin O'Donoghue|Rachel Shelley</GuestStars>
  <IMDB_ID>tt2371818</IMDB_ID>
  <Language>en</Language>
  <Overview>Belle threatens to leave Mr. Gold if he doesn't change his ways; the dwarves try to find fairy dust in the Storybrooke mine; Rumplestilskin tries to save his wife from a band of pirates.</Overview>
  <ProductionCode></ProductionCode>
  <Rating>7.9</Rating>
  <RatingCount>62</RatingCount>
  <SeasonNumber>2</SeasonNumber>
  <Writer>David H. Goodman|Robert Hull</Writer>
  <absolute_number></absolute_number>
  <filename>episodes/248835/4395449.jpg</filename>
  <lastupdated>1363806938</lastupdated>
  <seasonid>496193</seasonid>
  <seriesid>248835</seriesid>
</Episode>
<Episode>
  <id>4403311</id>
  <Combined_episodenumber>5</Combined_episodenumber>
  <Combined_season>2</Combined_season>
  <DVD_chapter></DVD_chapter>
  <DVD_discid></DVD_discid>
  <DVD_episodenumber></DVD_episodenumber>
  <DVD_season></DVD_season>
  <Director>Paul Edwards</Director>
  <EpImgFlag>2</EpImgFlag>
  <EpisodeName>The Doctor</EpisodeName>
  <EpisodeNumber>5</EpisodeNumber>
  <FirstAired>2012-10-28</FirstAired>
  <GuestStars>David Anders|Noah Bean|Sarah Bolger|Jamie Chung|Colin O'Donoghue|Raphael Sbarge|Sebastian Stan</GuestStars>
  <IMDB_ID>tt2359168</IMDB_ID>
  <Language>en</Language>
  <Overview>As Regina tries to refrain from using her magic in order to regain Henry's trust, she starts seeing a ghost from her past; Mary Margaret and Emma find a survivor from an Ogre massacre; Regina struggles to learn the dark arts.</Overview>
  <ProductionCode></ProductionCode>
  <Rating>7.7</Rating>
  <RatingCount>61</RatingCount>
  <SeasonNumber>2</SeasonNumber>
  <Writer>Edward Kitsis|Adam Horowitz</Writer>
  <absolute_number></absolute_number>
  <filename>episodes/248835/4403311.jpg</filename>
  <lastupdated>1364367861</lastupdated>
  <seasonid>496193</seasonid>
  <seriesid>248835</seriesid>
</Episode>
<Episode>
  <id>4403312</id>
  <Combined_episodenumber>6</Combined_episodenumber>
  <Combined_season>2</Combined_season>
  <DVD_chapter></DVD_chapter>
  <DVD_discid></DVD_discid>
  <DVD_episodenumber></DVD_episodenumber>
  <DVD_season></DVD_season>
  <Director>David Barrett</Director>
  <EpImgFlag>2</EpImgFlag>
  <EpisodeName>Tallahassee</EpisodeName>
  <EpisodeNumber>6</EpisodeNumber>
  <FirstAired>2012-11-04</FirstAired>
  <GuestStars>Eion Bailey|Sarah Bolger|Jamie Chung|Jorge Garcia|Colin O'Donoghue|Michael Raymond-James</GuestStars>
  <IMDB_ID>tt2401230</IMDB_ID>
  <Language>en</Language>
  <Overview>Emma follows Capt. Hook up a beanstalk in hope of finding a magical compass; a fellow thief wants to make an honest woman out of Emma.</Overview>
  <ProductionCode></ProductionCode>
  <Rating>7.8</Rating>
  <RatingCount>52</RatingCount>
  <SeasonNumber>2</SeasonNumber>
  <Writer>Christine Boylan|Jane Espenson</Writer>
  <absolute_number></absolute_number>
  <filename>episodes/248835/4403312.jpg</filename>
  <lastupdated>1364746153</lastupdated>
  <seasonid>496193</seasonid>
  <seriesid>248835</seriesid>
</Episode>
<Episode>
  <id>4408607</id>
  <Combined_episodenumber>7</Combined_episodenumber>
  <Combined_season>2</Combined_season>
  <DVD_chapter></DVD_chapter>
  <DVD_discid></DVD_discid>
  <DVD_episodenumber></DVD_episodenumber>
  <DVD_season></DVD_season>
  <Director>Anthony Hemingway</Director>
  <EpImgFlag>2</EpImgFlag>
  <EpisodeName>Child of the Moon</EpisodeName>
  <EpisodeNumber>7</EpisodeNumber>
  <FirstAired>2012-11-11</FirstAired>
  <GuestStars>Lee Arenberg|Sarah Bolger|Alan Dale|Beverley Elliott|Annabeth Gish|Ben Hollingsworth|Keegan Connor Tracy</GuestStars>
  <IMDB_ID>tt2458602</IMDB_ID>
  <Language>en</Language>
  <Overview>Ruby's fear about turning into a wolf is confirmed when she becomes the prime suspect for a vicious murder; Leroy finds treasure in a Storybrooke mine that could help Emma and Mary Margaret.</Overview>
  <ProductionCode></ProductionCode>
  <Rating>7.8</Rating>
  <RatingCount>56</RatingCount>
  <SeasonNumber>2</SeasonNumber>
  <Writer>Ian Goldberg|Andrew Chambliss</Writer>
  <absolute_number></absolute_number>
  <filename>episodes/248835/4408607.jpg</filename>
  <lastupdated>1365430839</lastupdated>
  <seasonid>496193</seasonid>
  <seriesid>248835</seriesid>
</Episode>
<Episode>
  <id>4420046</id>
  <Combined_episodenumber>8</Combined_episodenumber>
  <Combined_season>2</Combined_season>
  <DVD_chapter></DVD_chapter>
  <DVD_discid></DVD_discid>
  <DVD_episodenumber></DVD_episodenumber>
  <DVD_season></DVD_season>
  <Director>Ron Underwood</Director>
  <EpImgFlag>2</EpImgFlag>
  <EpisodeName>Into the Deep</EpisodeName>
  <EpisodeNumber>8</EpisodeNumber>
  <FirstAired>2012-11-25</FirstAired>
  <GuestStars>Sarah Bolger|Jamie Chung|Beverley Elliott|Barbara Hershey|Colin O'Donoghue</GuestStars>
  <IMDB_ID>tt2476644</IMDB_ID>
  <Language>en</Language>
  <Overview>Cora tries to steal the compass from Emma and Mary Margaret; Regina and Mr. Gold must put David's life in danger in the hope that he will be able contact Mary Margaret.</Overview>
  <ProductionCode></ProductionCode>
  <Rating>7.8</Rating>
  <RatingCount>50</RatingCount>
  <SeasonNumber>2</SeasonNumber>
  <Writer>Kalinda Vazquez|Daniel T. Thomsen</Writer>
  <absolute_number></absolute_number>
  <filename>episodes/248835/4420046.jpg</filename>
  <lastupdated>1362551650</lastupdated>
  <seasonid>496193</seasonid>
  <seriesid>248835</seriesid>
</Episode>
<Episode>
  <id>4420047</id>
  <Combined_episodenumber>9</Combined_episodenumber>
  <Combined_season>2</Combined_season>
  <DVD_chapter></DVD_chapter>
  <DVD_discid></DVD_discid>
  <DVD_episodenumber></DVD_episodenumber>
  <DVD_season></DVD_season>
  <Director>Ralph Hemecker</Director>
  <EpImgFlag>2</EpImgFlag>
  <EpisodeName>Queen of Hearts</EpisodeName>
  <EpisodeNumber>9</EpisodeNumber>
  <FirstAired>2012-12-02</FirstAired>
  <GuestStars>Lee Arenberg|Sarah Bolger|Jamie Chung|Barbara Hershey|Colin O'Donoghue</GuestStars>
  <IMDB_ID>tt2478072</IMDB_ID>
  <Language>en</Language>
  <Overview>Hook and Cora face off with Emma and Mary Margaret in a race for the compass; Mr. Gold and Regina plan to kill anyone who enters the portal.</Overview>
  <ProductionCode></ProductionCode>
  <Rating>8.0</Rating>
  <RatingCount>40</RatingCount>
  <SeasonNumber>2</SeasonNumber>
  <Writer>Edward Kitsis|Adam Horowitz</Writer>
  <absolute_number></absolute_number>
  <filename>episodes/248835/4420047.jpg</filename>
  <lastupdated>1363174334</lastupdated>
  <seasonid>496193</seasonid>
  <seriesid>248835</seriesid>
</Episode>
<Episode>
  <id>4441610</id>
  <Combined_episodenumber>10</Combined_episodenumber>
  <Combined_season>2</Combined_season>
  <DVD_chapter></DVD_chapter>
  <DVD_discid></DVD_discid>
  <DVD_episodenumber></DVD_episodenumber>
  <DVD_season></DVD_season>
  <Director>Dean White</Director>
  <EpImgFlag>2</EpImgFlag>
  <EpisodeName>The Cricket Game</EpisodeName>
  <EpisodeNumber>10</EpisodeNumber>
  <FirstAired>2013-01-06</FirstAired>
  <GuestStars>Lee Arenberg|Beverley Elliott|Barbara Hershey|Colin O'Donoghue|Tony Perez|Raphael Sbarge|Keegan Connor Tracy</GuestStars>
  <IMDB_ID>tt2536254</IMDB_ID>
  <Language>en</Language>
  <Overview>When Regina is accused of murdering a beloved fairy-tale character, Emma thinks she is innocent; Prince Charming and Snow White plan the evil queen's execution.</Overview>
  <ProductionCode></ProductionCode>
  <Rating>7.7</Rating>
  <RatingCount>38</RatingCount>
  <SeasonNumber>2</SeasonNumber>
  <Writer>David H. Goodman|Robert Hull</Writer>
  <absolute_number></absolute_number>
  <filename>episodes/248835/4441610.jpg</filename>
  <lastupdated>1363769879</lastupdated>
  <seasonid>496193</seasonid>
  <seriesid>248835</seriesid>
</Episode>
<Episode>
  <id>4441611</id>
  <Combined_episodenumber>11</Combined_episodenumber>
  <Combined_season>2</Combined_season>
  <DVD_chapter></DVD_chapter>
  <DVD_discid></DVD_discid>
  <DVD_episodenumber></DVD_episodenumber>
  <DVD_season></DVD_season>
  <Director>David Solomon</Director>
  <EpImgFlag>2</EpImgFlag>
  <EpisodeName>The Outsider</EpisodeName>
  <EpisodeNumber>11</EpisodeNumber>
  <FirstAired>2013-01-13</FirstAired>
  <GuestStars>Tony Amendola|Lee Arenberg|Jamie Chung|Beverley Elliott|Chris Gauthier|Julian Morris|Colin O'Donoghue|Raphael Sbarge|Keegan Connor Tracy|Ethan Embry</GuestStars>
  <IMDB_ID>tt2536258</IMDB_ID>
  <Language>en</Language>
  <Overview>Mr. Gold tries to use an unwilling test subject to see if his spell works; Belle runs into vengeful Capt. Hook; David and Mary Margaret look for a bigger house.</Overview>
  <ProductionCode></ProductionCode>
  <Rating>7.8</Rating>
  <RatingCount>42</RatingCount>
  <SeasonNumber>2</SeasonNumber>
  <Writer>Andrew Chambliss|Ian Goldberg</Writer>
  <absolute_number></absolute_number>
  <filename>episodes/248835/4441611.jpg</filename>
  <lastupdated>1365243306</lastupdated>
  <seasonid>496193</seasonid>
  <seriesid>248835</seriesid>
</Episode>
<Episode>
  <id>4454788</id>
  <Combined_episodenumber>12</Combined_episodenumber>
  <Combined_season>2</Combined_season>
  <DVD_chapter></DVD_chapter>
  <DVD_discid></DVD_discid>
  <DVD_episodenumber></DVD_episodenumber>
  <DVD_season></DVD_season>
  <Director>Milan Cheylov</Director>
  <EpImgFlag>2</EpImgFlag>
  <EpisodeName>In the Name of the Brother</EpisodeName>
  <EpisodeNumber>12</EpisodeNumber>
  <FirstAired>2013-01-20</FirstAired>
  <GuestStars>David Anders|Lee Arenberg|Chad Michael Collins|Ethan Embry|Barbara Hershey|Gregory Itzin|Colin O'Donoghue</GuestStars>
  <IMDB_ID>tt2547418</IMDB_ID>
  <Language>en</Language>
  <Overview>A stranger may be a threat to the true identity of the townspeople; Cora tries to reunite with Regina.</Overview>
  <ProductionCode>#212</ProductionCode>
  <Rating>7.7</Rating>
  <RatingCount>38</RatingCount>
  <SeasonNumber>2</SeasonNumber>
  <Writer>Jane Espenson</Writer>
  <absolute_number>34</absolute_number>
  <filename>episodes/248835/4454788.jpg</filename>
  <lastupdated>1364984095</lastupdated>
  <seasonid>496193</seasonid>
  <seriesid>248835</seriesid>
</Episode>
<Episode>
  <id>4455891</id>
  <Combined_episodenumber>13</Combined_episodenumber>
  <Combined_season>2</Combined_season>
  <DVD_chapter></DVD_chapter>
  <DVD_discid></DVD_discid>
  <DVD_episodenumber></DVD_episodenumber>
  <DVD_season></DVD_season>
  <Director>Guy Ferland</Director>
  <EpImgFlag>2</EpImgFlag>
  <EpisodeName>Tiny</EpisodeName>
  <EpisodeNumber>13</EpisodeNumber>
  <FirstAired>2013-02-10</FirstAired>
  <GuestStars>Lee Arenberg|Abraham Benrubi|Alan Dale|Beverley Elliott|Ethan Embry|Cassidy Freeman|Jorge Garcia|Colin O'Donoghue</GuestStars>
  <IMDB_ID>tt2588092</IMDB_ID>
  <Language>en</Language>
  <Overview>Cora brings the giant to Storybrooke, where he unleashes vengeance on the town; Emma and Henry go with Mr. Gold to search for his son; Greg asks Belle what she saw on the night of his accident; Anton the Giant befriends humans.</Overview>
  <ProductionCode>#213</ProductionCode>
  <Rating>7.7</Rating>
  <RatingCount>31</RatingCount>
  <SeasonNumber>2</SeasonNumber>
  <Writer>Christine Boylan|Kalinda Vazquez</Writer>
  <absolute_number>35</absolute_number>
  <filename>episodes/248835/4455891.jpg</filename>
  <lastupdated>1365575434</lastupdated>
  <seasonid>496193</seasonid>
  <seriesid>248835</seriesid>
</Episode>
<Episode>
  <id>4460659</id>
  <Combined_episodenumber>14</Combined_episodenumber>
  <Combined_season>2</Combined_season>
  <DVD_chapter></DVD_chapter>
  <DVD_discid></DVD_discid>
  <DVD_episodenumber></DVD_episodenumber>
  <DVD_season></DVD_season>
  <Director>Dean White</Director>
  <EpImgFlag>2</EpImgFlag>
  <EpisodeName>Manhattan</EpisodeName>
  <EpisodeNumber>14</EpisodeNumber>
  <FirstAired>2013-02-17</FirstAired>
  <GuestStars></GuestStars>
  <IMDB_ID>tt2630486</IMDB_ID>
  <Language>en</Language>
  <Overview>Emma, Henry and Mr. Gold search for Gold's son in New York; Hook, Cora and Regina look for one of Rumplestiltskin's most precious possessions.</Overview>
  <ProductionCode>#214</ProductionCode>
  <Rating>8.1</Rating>
  <RatingCount>27</RatingCount>
  <SeasonNumber>2</SeasonNumber>
  <Writer>Edward Kitsis &amp; Adam Horowitz</Writer>
  <absolute_number>36</absolute_number>
  <filename>episodes/248835/4460659.jpg</filename>
  <lastupdated>1364308745</lastupdated>
  <seasonid>496193</seasonid>
  <seriesid>248835</seriesid>
</Episode>
<Episode>
  <id>4460983</id>
  <Combined_episodenumber>15</Combined_episodenumber>
  <Combined_season>2</Combined_season>
  <DVD_chapter></DVD_chapter>
  <DVD_discid></DVD_discid>
  <DVD_episodenumber></DVD_episodenumber>
  <DVD_season></DVD_season>
  <Director>Gwyneth Horder-Payton</Director>
  <EpImgFlag>2</EpImgFlag>
  <EpisodeName>The Queen Is Dead</EpisodeName>
  <EpisodeNumber>15</EpisodeNumber>
  <FirstAired>2013-03-03</FirstAired>
  <GuestStars>Barbara Hershey|Keegan Connor Tracy|Michael Raymond-James|Bailee Madison|Lesley Nicol|Rena Sofer|Duncan Ollerenshaw|Sonequa Martin-Green</GuestStars>
  <IMDB_ID>tt2630488</IMDB_ID>
  <Language>en</Language>
  <Overview>When Mary Margaret learns of Cora and Regina's plan for the dagger, she resolves to find it first; Mr. Gold continues his search for Bae; the Blue Fairy offers Snow White an enchantment to save her mother.</Overview>
  <ProductionCode>#215</ProductionCode>
  <Rating>7.7</Rating>
  <RatingCount>25</RatingCount>
  <SeasonNumber>2</SeasonNumber>
  <Writer>Daniel T. Thomsen|David H. Goodman</Writer>
  <absolute_number>37</absolute_number>
  <filename>episodes/248835/4460983.jpg</filename>
  <lastupdated>1363873338</lastupdated>
  <seasonid>496193</seasonid>
  <seriesid>248835</seriesid>
</Episode>
<Episode>
  <id>4465807</id>
  <Combined_episodenumber>16</Combined_episodenumber>
  <Combined_season>2</Combined_season>
  <DVD_chapter></DVD_chapter>
  <DVD_discid></DVD_discid>
  <DVD_episodenumber></DVD_episodenumber>
  <DVD_season></DVD_season>
  <Director>Ralph Hemecker</Director>
  <EpImgFlag>2</EpImgFlag>
  <EpisodeName>The Miller's Daughter</EpisodeName>
  <EpisodeNumber>16</EpisodeNumber>
  <FirstAired>2013-03-10</FirstAired>
  <GuestStars>Rose McGowan</GuestStars>
  <IMDB_ID>tt2620930</IMDB_ID>
  <Language>en</Language>
  <Overview>Cora and Regina try to overpower Mr. Gold; dark magic tempts Mary Margaret; Rumplestiltskin offers his services to Cora.</Overview>
  <ProductionCode>#216</ProductionCode>
  <Rating>8.0</Rating>
  <RatingCount>22</RatingCount>
  <SeasonNumber>2</SeasonNumber>
  <Writer>Jane Espenson</Writer>
  <absolute_number>38</absolute_number>
  <filename>episodes/248835/4465807.jpg</filename>
  <lastupdated>1364240455</lastupdated>
  <seasonid>496193</seasonid>
  <seriesid>248835</seriesid>
</Episode>
<Episode>
  <id>4490706</id>
  <Combined_episodenumber>17</Combined_episodenumber>
  <Combined_season>2</Combined_season>
  <DVD_chapter></DVD_chapter>
  <DVD_discid></DVD_discid>
  <DVD_episodenumber></DVD_episodenumber>
  <DVD_season></DVD_season>
  <Director>Dave Barrett</Director>
  <EpImgFlag>2</EpImgFlag>
  <EpisodeName>Welcome to Storybrooke</EpisodeName>
  <EpisodeNumber>17</EpisodeNumber>
  <FirstAired>2013-03-17</FirstAired>
  <GuestStars>Jamie Dornan</GuestStars>
  <IMDB_ID>tt2633182</IMDB_ID>
  <Language>en</Language>
  <Overview>David, Emma and Mr. Gold try to protect Mary Margaret from a vengeful Regina; a man and his son find their way into Storybrooke.</Overview>
  <ProductionCode>#217</ProductionCode>
  <Rating>7.9</Rating>
  <RatingCount>22</RatingCount>
  <SeasonNumber>2</SeasonNumber>
  <Writer>Ian Goldberg &amp; Andrew Chambliss</Writer>
  <absolute_number>39</absolute_number>
  <filename>episodes/248835/4490706.jpg</filename>
  <lastupdated>1364241194</lastupdated>
  <seasonid>496193</seasonid>
  <seriesid>248835</seriesid>
</Episode>
<Episode>
  <id>4491750</id>
  <Combined_episodenumber>18</Combined_episodenumber>
  <Combined_season>2</Combined_season>
  <DVD_chapter></DVD_chapter>
  <DVD_discid></DVD_discid>
  <DVD_episodenumber></DVD_episodenumber>
  <DVD_season></DVD_season>
  <Director>Ralph Hemecker</Director>
  <EpImgFlag>2</EpImgFlag>
  <EpisodeName>Selfless, Brave and True</EpisodeName>
  <EpisodeNumber>18</EpisodeNumber>
  <FirstAired>2013-03-24</FirstAired>
  <GuestStars></GuestStars>
  <IMDB_ID>tt2633190</IMDB_ID>
  <Language>en</Language>
  <Overview>While off on her own to deal with what happened with Cora, Mary Margaret comes across an entirely wooden August; Neal invites his fiancee to Storybrooke.</Overview>
  <ProductionCode>#218</ProductionCode>
  <Rating>6.7</Rating>
  <RatingCount>18</RatingCount>
  <SeasonNumber>2</SeasonNumber>
  <Writer>Robert Hull &amp; Kalinda Vazquez</Writer>
  <absolute_number></absolute_number>
  <filename>episodes/248835/4491750.jpg</filename>
  <lastupdated>1364242183</lastupdated>
  <seasonid>496193</seasonid>
  <seriesid>248835</seriesid>
</Episode>
<Episode>
  <id>4492092</id>
  <Combined_episodenumber>19</Combined_episodenumber>
  <Combined_season>2</Combined_season>
  <DVD_chapter></DVD_chapter>
  <DVD_discid></DVD_discid>
  <DVD_episodenumber></DVD_episodenumber>
  <DVD_season></DVD_season>
  <Director></Director>
  <EpImgFlag></EpImgFlag>
  <EpisodeName>Lacey</EpisodeName>
  <EpisodeNumber>19</EpisodeNumber>
  <FirstAired>2013-04-21</FirstAired>
  <GuestStars></GuestStars>
  <IMDB_ID>tt2633188</IMDB_ID>
  <Language>en</Language>
  <Overview>Mr. Gold enlists the aid of David to help him try to jog Belle’s now cursed memories and get her to love him again; and when it is revealed that the magic beans Anton (Jorge Garcia) and the dwarves have been harvesting have begun to grow and could possibly transport everybody home, Emma is torn over whether she would want to live in fairytale land or stay in our world. Meanwhile, in the fairytale land that was, Rumplestiltskin forces Belle to accompany him on a hunt to kill a thief, whom she had freed in the name of mercy.</Overview>
  <ProductionCode></ProductionCode>
  <Rating></Rating>
  <RatingCount>0</RatingCount>
  <SeasonNumber>2</SeasonNumber>
  <Writer></Writer>
  <absolute_number></absolute_number>
  <filename></filename>
  <lastupdated>1364570044</lastupdated>
  <seasonid>496193</seasonid>
  <seriesid>248835</seriesid>
</Episode>
<Episode>
  <id>4506449</id>
  <Combined_episodenumber>20</Combined_episodenumber>
  <Combined_season>2</Combined_season>
  <DVD_chapter></DVD_chapter>
  <DVD_discid></DVD_discid>
  <DVD_episodenumber></DVD_episodenumber>
  <DVD_season></DVD_season>
  <Director></Director>
  <EpImgFlag></EpImgFlag>
  <EpisodeName>The Evil Queen</EpisodeName>
  <EpisodeNumber>20</EpisodeNumber>
  <FirstAired>2013-04-28</FirstAired>
  <GuestStars></GuestStars>
  <IMDB_ID>tt2633194</IMDB_ID>
  <Language>en</Language>
  <Overview></Overview>
  <ProductionCode></ProductionCode>
  <Rating></Rating>
  <RatingCount>0</RatingCount>
  <SeasonNumber>2</SeasonNumber>
  <Writer></Writer>
  <absolute_number></absolute_number>
  <filename></filename>
  <lastupdated>1363642883</lastupdated>
  <seasonid>496193</seasonid>
  <seriesid>248835</seriesid>
</Episode>
<Episode>
  <id>4515923</id>
  <Combined_episodenumber>21</Combined_episodenumber>
  <Combined_season>2</Combined_season>
  <DVD_chapter></DVD_chapter>
  <DVD_discid></DVD_discid>
  <DVD_episodenumber></DVD_episodenumber>
  <DVD_season></DVD_season>
  <Director></Director>
  <EpImgFlag></EpImgFlag>
  <EpisodeName>Second Star to the Right (1)</EpisodeName>
  <EpisodeNumber>21</EpisodeNumber>
  <FirstAired>2013-05-05</FirstAired>
  <GuestStars></GuestStars>
  <IMDB_ID>tt2633192</IMDB_ID>
  <Language>en</Language>
  <Overview></Overview>
  <ProductionCode></ProductionCode>
  <Rating></Rating>
  <RatingCount>0</RatingCount>
  <SeasonNumber>2</SeasonNumber>
  <Writer></Writer>
  <absolute_number></absolute_number>
  <filename></filename>
  <lastupdated>1363642899</lastupdated>
  <seasonid>496193</seasonid>
  <seriesid>248835</seriesid>
</Episode>
<Episode>
  <id>4515924</id>
  <Combined_episodenumber>22</Combined_episodenumber>
  <Combined_season>2</Combined_season>
  <DVD_chapter></DVD_chapter>
  <DVD_discid></DVD_discid>
  <DVD_episodenumber></DVD_episodenumber>
  <DVD_season></DVD_season>
  <Director></Director>
  <EpImgFlag></EpImgFlag>
  <EpisodeName>Straight on 'Til Morning (2)</EpisodeName>
  <EpisodeNumber>22</EpisodeNumber>
  <FirstAired>2013-05-12</FirstAired>
  <GuestStars></GuestStars>
  <IMDB_ID>tt2633196</IMDB_ID>
  <Language>en</Language>
  <Overview></Overview>
  <ProductionCode></ProductionCode>
  <Rating></Rating>
  <RatingCount>0</RatingCount>
  <SeasonNumber>2</SeasonNumber>
  <Writer></Writer>
  <absolute_number></absolute_number>
  <filename></filename>
  <lastupdated>1363642912</lastupdated>
  <seasonid>496193</seasonid>
  <seriesid>248835</seriesid>
</Episode>
</Data>