<?xml version="1.0" encoding="UTF-8" ?>
<Actors>
<Actor>
  <id>66663</id>
  <Image></Image>
  <Name>Denise Poirier</Name>
  <Role></Role>
  <SortOrder>3</SortOrder>
</Actor>
<Actor>
  <id>66661</id>
  <Image></Image>
  <Name>John Lee</Name>
  <Role></Role>
  <SortOrder>3</SortOrder>
</Actor>
<Actor>
  <id>66660</id>
  <Image></Image>
  <Name>John Rafter Lee</Name>
  <Role></Role>
  <SortOrder>3</SortOrder>
</Actor>
<Actor>
  <id>66662</id>
  <Image></Image>
  <Name>Matt K. Miller</Name>
  <Role></Role>
  <SortOrder>3</SortOrder>
</Actor>
</Actors>