<?xml version="1.0" encoding="UTF-8" ?>
<Data><Series>
  <id>249363</id>
  <Actors>|Jon Heder|Efren Ramirez|Tina Majorino|Aaron Ruell|Diedrich Bader|Jared Hess|Jon Gries|Phil Hendrie|Sandy Martin|Tara Strong|</Actors>
  <Airs_DayOfWeek>Sunday</Airs_DayOfWeek>
  <Airs_Time>8:30 pm</Airs_Time>
  <ContentRating>TV-PG</ContentRating>
  <FirstAired>2012-01-15</FirstAired>
  <Genre>|Animation|</Genre>
  <IMDB_ID>tt1743880</IMDB_ID>
  <Language>en</Language>
  <Network>FOX</Network>
  <NetworkID></NetworkID>
  <Overview>Fans of the hit movie of the same name will be glad to see Napoleon Dynamite (Jon Heder) and his weird family and friends are back, this time in a weekly animated series. Napoleon is a 16-year-old who believes he is destined for greatness, although most people around him can't see why. He lives with his unemployed 32-year-old brother at his grandmother's house in rural Idaho. His friends, Pedro and Deb, are the faithful type, who see past Napoleon's strangeness and stand by his side through it all.</Overview>
  <Rating>6.5</Rating>
  <RatingCount>2</RatingCount>
  <Runtime>30</Runtime>
  <SeriesID></SeriesID>
  <SeriesName>Napoleon Dynamite</SeriesName>
  <Status>Ended</Status>
  <added>2011-06-09 02:20:39</added>
  <addedBy>76261</addedBy>
  <banner>graphical/249363-g.jpg</banner>
  <fanart>fanart/original/249363-1.jpg</fanart>
  <lastupdated>1359338999</lastupdated>
  <poster>posters/249363-1.jpg</poster>
  <zap2it_id>EP01419235</zap2it_id>
</Series>
<Episode>
  <id>4116066</id>
  <Combined_episodenumber>1</Combined_episodenumber>
  <Combined_season>1</Combined_season>
  <DVD_chapter></DVD_chapter>
  <DVD_discid></DVD_discid>
  <DVD_episodenumber></DVD_episodenumber>
  <DVD_season></DVD_season>
  <Director>Dwayne Carey-Hill</Director>
  <EpImgFlag>2</EpImgFlag>
  <EpisodeName>Thundercone</EpisodeName>
  <EpisodeNumber>1</EpisodeNumber>
  <FirstAired>2012-01-15</FirstAired>
  <GuestStars>Amy Poehler</GuestStars>
  <IMDB_ID>tt2171251</IMDB_ID>
  <Language>en</Language>
  <Overview>Napoleon discovers he is impervious to pain after he tests out his own FDA-unapproved acne cream.</Overview>
  <ProductionCode></ProductionCode>
  <Rating>7.0</Rating>
  <RatingCount>8</RatingCount>
  <SeasonNumber>1</SeasonNumber>
  <Writer>|Jared Hess|Jerusha Hess|Hubbel Palmer|</Writer>
  <absolute_number></absolute_number>
  <filename>episodes/249363/4116066.jpg</filename>
  <lastupdated>1337113277</lastupdated>
  <seasonid>467490</seasonid>
  <seriesid>249363</seriesid>
</Episode>
<Episode>
  <id>4234702</id>
  <Combined_episodenumber>2</Combined_episodenumber>
  <Combined_season>1</Combined_season>
  <DVD_chapter></DVD_chapter>
  <DVD_discid></DVD_discid>
  <DVD_episodenumber></DVD_episodenumber>
  <DVD_season></DVD_season>
  <Director>Raymie Muzquiz</Director>
  <EpImgFlag>2</EpImgFlag>
  <EpisodeName>Scantronica Love</EpisodeName>
  <EpisodeNumber>2</EpisodeNumber>
  <FirstAired>2012-01-15</FirstAired>
  <GuestStars>|Haylie Duff|Jennifer Coolidge|Jemaine Clement|</GuestStars>
  <IMDB_ID>tt2171249</IMDB_ID>
  <Language>en</Language>
  <Overview>Napoleon's teacher uses &quot;love data&quot; from her students to match them up.</Overview>
  <ProductionCode></ProductionCode>
  <Rating>8.2</Rating>
  <RatingCount>6</RatingCount>
  <SeasonNumber>1</SeasonNumber>
  <Writer>Julie Thacker</Writer>
  <absolute_number></absolute_number>
  <filename>episodes/249363/4234702.jpg</filename>
  <lastupdated>1337113370</lastupdated>
  <seasonid>467490</seasonid>
  <seriesid>249363</seriesid>
</Episode>
<Episode>
  <id>4246764</id>
  <Combined_episodenumber>3</Combined_episodenumber>
  <Combined_season>1</Combined_season>
  <DVD_chapter></DVD_chapter>
  <DVD_discid></DVD_discid>
  <DVD_episodenumber></DVD_episodenumber>
  <DVD_season></DVD_season>
  <Director>Crystal Chesney</Director>
  <EpImgFlag>2</EpImgFlag>
  <EpisodeName>Ligertown</EpisodeName>
  <EpisodeNumber>3</EpisodeNumber>
  <FirstAired>2012-01-29</FirstAired>
  <GuestStars>|Phil Hendrie|Tara Strong|</GuestStars>
  <IMDB_ID>tt2189581</IMDB_ID>
  <Language>en</Language>
  <Overview>Napoleon’s life-long belief in the awesomeness and magic of ligers is shattered when he gets a job at a liger farm and learns that they may not be the magnificent beasts he has always imagined. Luckily, the sweetness of Deb helps to restore his faith</Overview>
  <ProductionCode></ProductionCode>
  <Rating>7.1</Rating>
  <RatingCount>7</RatingCount>
  <SeasonNumber>1</SeasonNumber>
  <Writer>|Jared Hess|Jerusha Hess|</Writer>
  <absolute_number></absolute_number>
  <filename>episodes/249363/4246764.jpg</filename>
  <lastupdated>1337114106</lastupdated>
  <seasonid>467490</seasonid>
  <seriesid>249363</seriesid>
</Episode>
<Episode>
  <id>4254043</id>
  <Combined_episodenumber>4</Combined_episodenumber>
  <Combined_season>1</Combined_season>
  <DVD_chapter></DVD_chapter>
  <DVD_discid></DVD_discid>
  <DVD_episodenumber></DVD_episodenumber>
  <DVD_season></DVD_season>
  <Director>Edmund Fong</Director>
  <EpImgFlag>2</EpImgFlag>
  <EpisodeName>Pedro vs. Deb</EpisodeName>
  <EpisodeNumber>4</EpisodeNumber>
  <FirstAired>2012-02-12</FirstAired>
  <GuestStars></GuestStars>
  <IMDB_ID>tt2213009</IMDB_ID>
  <Language>en</Language>
  <Overview>When sales for the school paper plummet and the school threatens to shut it down, Deb comes to the rescue with the promise of a great story that will save The Preston Bugle. She decides to do an interview with Pedro, the school president, and is thrilled when he grants her unlimited access. But Deb’s article puts in him hot water with the townspeople, and even Napoleon’s sweet dance moves can’t save the day.</Overview>
  <ProductionCode></ProductionCode>
  <Rating>7.7</Rating>
  <RatingCount>3</RatingCount>
  <SeasonNumber>1</SeasonNumber>
  <Writer>Dan Vebber</Writer>
  <absolute_number></absolute_number>
  <filename>episodes/249363/4254043.jpg</filename>
  <lastupdated>1337113805</lastupdated>
  <seasonid>467490</seasonid>
  <seriesid>249363</seriesid>
</Episode>
<Episode>
  <id>4267288</id>
  <Combined_episodenumber>5</Combined_episodenumber>
  <Combined_season>1</Combined_season>
  <DVD_chapter></DVD_chapter>
  <DVD_discid></DVD_discid>
  <DVD_episodenumber></DVD_episodenumber>
  <DVD_season></DVD_season>
  <Director>Frank Marino</Director>
  <EpImgFlag>2</EpImgFlag>
  <EpisodeName>Bed Races</EpisodeName>
  <EpisodeNumber>5</EpisodeNumber>
  <FirstAired>2012-02-19</FirstAired>
  <GuestStars></GuestStars>
  <IMDB_ID>tt2213007</IMDB_ID>
  <Language>en</Language>
  <Overview>Uncle Rico and Napoleon team up to participate in the annual Preston, ID, bed races and prevent Grandma, a six-time champion, from winning again this year. During the race Uncle Rico persuades Napoleon to cheat in order to beat her and restore him to his former glory after losing the big high school football game years earlier. Following their win, Uncle Rico rejoices in his new found fame, Grandma is depressed and Napoleon is left with the dilemma of whether to tell Grandma the truth or let his uncle enjoy his new standing in the community</Overview>
  <ProductionCode></ProductionCode>
  <Rating>7.5</Rating>
  <RatingCount>2</RatingCount>
  <SeasonNumber>1</SeasonNumber>
  <Writer>|Tom Gammill|Max Pross|</Writer>
  <absolute_number></absolute_number>
  <filename>episodes/249363/4267288.jpg</filename>
  <lastupdated>1337113943</lastupdated>
  <seasonid>467490</seasonid>
  <seriesid>249363</seriesid>
</Episode>
<Episode>
  <id>4267289</id>
  <Combined_episodenumber>6</Combined_episodenumber>
  <Combined_season>1</Combined_season>
  <DVD_chapter></DVD_chapter>
  <DVD_discid></DVD_discid>
  <DVD_episodenumber></DVD_episodenumber>
  <DVD_season></DVD_season>
  <Director>Stephen Sandoval</Director>
  <EpImgFlag>2</EpImgFlag>
  <EpisodeName>FFA</EpisodeName>
  <EpisodeNumber>6</EpisodeNumber>
  <FirstAired>2012-03-04</FirstAired>
  <GuestStars>Sam Rockwell</GuestStars>
  <IMDB_ID>tt2255087</IMDB_ID>
  <Language>en</Language>
  <Overview>The Future Farmers of America’s state competition is coming up. But when Napoleon’s partner drops out, he begs Pedro to be his teammate. Pedro reluctantly agrees and they set out to beat Napoleon’s FFA rival, Filson, for a second year in a row. While at the event, Napoleon loses focus when the FFA Queen puts the moves on him. In the end, Pedro comes to the rescue.
</Overview>
  <ProductionCode></ProductionCode>
  <Rating>8.0</Rating>
  <RatingCount>4</RatingCount>
  <SeasonNumber>1</SeasonNumber>
  <Writer>Mike Scully</Writer>
  <absolute_number></absolute_number>
  <filename>episodes/249363/4267289.jpg</filename>
  <lastupdated>1337114038</lastupdated>
  <seasonid>467490</seasonid>
  <seriesid>249363</seriesid>
</Episode>
</Data>