<?xml version="1.0" encoding="UTF-8" ?>
<Actors>
<Actor>
  <id>27772</id>
  <Image>actors/27772.jpg</Image>
  <Name>Denis Leary</Name>
  <Role>Tommy Gavin</Role>
  <SortOrder>0</SortOrder>
</Actor>
<Actor>
  <id>27771</id>
  <Image></Image>
  <Name>Andrea Roth</Name>
  <Role>Janet Gavin</Role>
  <SortOrder>1</SortOrder>
</Actor>
<Actor>
  <id>27766</id>
  <Image></Image>
  <Name>John Scurti</Name>
  <Role>Lt. Kenneth &quot;Lou&quot; Shea</Role>
  <SortOrder>2</SortOrder>
</Actor>
<Actor>
  <id>27769</id>
  <Image></Image>
  <Name>Daniel Sunjata</Name>
  <Role>Franco Rivera</Role>
  <SortOrder>3</SortOrder>
</Actor>
<Actor>
  <id>27774</id>
  <Image></Image>
  <Name>Diane Farr</Name>
  <Role></Role>
  <SortOrder>3</SortOrder>
</Actor>
<Actor>
  <id>27773</id>
  <Image></Image>
  <Name>Jack McGee</Name>
  <Role>Chief Jerry Reilly</Role>
  <SortOrder>3</SortOrder>
</Actor>
<Actor>
  <id>27770</id>
  <Image></Image>
  <Name>James McCaffrey</Name>
  <Role>Jimmy O'Keefe</Role>
  <SortOrder>3</SortOrder>
</Actor>
<Actor>
  <id>27767</id>
  <Image></Image>
  <Name>Mike Lombardi</Name>
  <Role>Mike Silletti (Probie)</Role>
  <SortOrder>3</SortOrder>
</Actor>
<Actor>
  <id>27768</id>
  <Image></Image>
  <Name>Steven Pasquale</Name>
  <Role>Sean Garrity</Role>
  <SortOrder>3</SortOrder>
</Actor>
<Actor>
  <id>298960</id>
  <Image></Image>
  <Name>Callie Thorne</Name>
  <Role>Sheila Keefe</Role>
  <SortOrder>3</SortOrder>
</Actor>
</Actors>