<?xml version="1.0" encoding="UTF-8" ?>
<Actors>
<Actor>
  <id>305871</id>
  <Image>actors/305871.jpg</Image>
  <Name>Lauren Cohan</Name>
  <Role>Maggie Greene</Role>
  <SortOrder>0</SortOrder>
</Actor>
<Actor>
  <id>206971</id>
  <Image>actors/206971.jpg</Image>
  <Name>Emma Bell</Name>
  <Role>Amy</Role>
  <SortOrder>1</SortOrder>
</Actor>
<Actor>
  <id>187991</id>
  <Image>actors/187991.jpg</Image>
  <Name>Laurie Holden</Name>
  <Role>Andrea</Role>
  <SortOrder>1</SortOrder>
</Actor>
<Actor>
  <id>187961</id>
  <Image>actors/187961.jpg</Image>
  <Name>Sarah Wayne Callies</Name>
  <Role>Lori Grimes</Role>
  <SortOrder>1</SortOrder>
</Actor>
<Actor>
  <id>305874</id>
  <Image>actors/305874.jpg</Image>
  <Name>Emily Kinney</Name>
  <Role>Beth Greene</Role>
  <SortOrder>2</SortOrder>
</Actor>
<Actor>
  <id>305098</id>
  <Image>actors/305098.jpg</Image>
  <Name>Danai Gurira</Name>
  <Role>Michonne</Role>
  <SortOrder>2</SortOrder>
</Actor>
<Actor>
  <id>291098</id>
  <Image>actors/291098.jpg</Image>
  <Name>Norman Reedus</Name>
  <Role>Daryl Dixon</Role>
  <SortOrder>2</SortOrder>
</Actor>
<Actor>
  <id>310750</id>
  <Image>actors/310750.jpg</Image>
  <Name>Danai Gurira</Name>
  <Role>Michonne</Role>
  <SortOrder>3</SortOrder>
</Actor>
<Actor>
  <id>305877</id>
  <Image>actors/305877.jpg</Image>
  <Name>Melissa McBride</Name>
  <Role>Carol Peletier</Role>
  <SortOrder>3</SortOrder>
</Actor>
<Actor>
  <id>305876</id>
  <Image>actors/305876.jpg</Image>
  <Name>David Morrissey</Name>
  <Role>The Governor</Role>
  <SortOrder>3</SortOrder>
</Actor>
<Actor>
  <id>305875</id>
  <Image>actors/305875.jpg</Image>
  <Name>Michael Rooker</Name>
  <Role>Merle Dixon</Role>
  <SortOrder>3</SortOrder>
</Actor>
<Actor>
  <id>305873</id>
  <Image>actors/305873.jpg</Image>
  <Name>Scott Wilson</Name>
  <Role>Hershel Greene</Role>
  <SortOrder>3</SortOrder>
</Actor>
<Actor>
  <id>305872</id>
  <Image>actors/305872.jpg</Image>
  <Name>Irone Singleton</Name>
  <Role>T-Dog</Role>
  <SortOrder>3</SortOrder>
</Actor>
<Actor>
  <id>210851</id>
  <Image>actors/210851.jpg</Image>
  <Name>Andrew Lincoln</Name>
  <Role>Rick Grimes</Role>
  <SortOrder>3</SortOrder>
</Actor>
<Actor>
  <id>206981</id>
  <Image>actors/206981.jpg</Image>
  <Name>Steven Yeun</Name>
  <Role>Glenn</Role>
  <SortOrder>3</SortOrder>
</Actor>
<Actor>
  <id>206961</id>
  <Image>actors/206961.jpg</Image>
  <Name>Chandler Riggs</Name>
  <Role>Carl Grimes</Role>
  <SortOrder>3</SortOrder>
</Actor>
<Actor>
  <id>187981</id>
  <Image>actors/187981.jpg</Image>
  <Name>Jeffrey DeMunn</Name>
  <Role>Dale</Role>
  <SortOrder>3</SortOrder>
</Actor>
<Actor>
  <id>187971</id>
  <Image>actors/187971.jpg</Image>
  <Name>Jon Bernthal</Name>
  <Role>Shane Walsh</Role>
  <SortOrder>3</SortOrder>
</Actor>
</Actors>