<?xml version="1.0" encoding="UTF-8" ?>
<Banners>
<Banner>
  <id>924426</id>
  <BannerPath>fanart/original/153021-39.jpg</BannerPath>
  <BannerType>fanart</BannerType>
  <BannerType2>1920x1080</BannerType2>
  <Colors></Colors>
  <Language>en</Language>
  <Rating>8.7500</Rating>
  <RatingCount>8</RatingCount>
  <SeriesName>false</SeriesName>
  <ThumbnailPath>_cache/fanart/original/153021-39.jpg</ThumbnailPath>
  <VignettePath>fanart/vignette/153021-39.jpg</VignettePath>
</Banner>
<Banner>
  <id>878318</id>
  <BannerPath>fanart/original/153021-11.jpg</BannerPath>
  <BannerType>fanart</BannerType>
  <BannerType2>1920x1080</BannerType2>
  <Colors>|39,37,22|38,36,23|222,218,206|</Colors>
  <Language>en</Language>
  <Rating>8.6250</Rating>
  <RatingCount>16</RatingCount>
  <SeriesName>false</SeriesName>
  <ThumbnailPath>_cache/fanart/original/153021-11.jpg</ThumbnailPath>
  <VignettePath>fanart/vignette/153021-11.jpg</VignettePath>
</Banner>
<Banner>
  <id>916416</id>
  <BannerPath>fanart/original/153021-34.jpg</BannerPath>
  <BannerType>fanart</BannerType>
  <BannerType2>1280x720</BannerType2>
  <Colors>|62,62,60|157,139,101|175,175,167|</Colors>
  <Language>de</Language>
  <Rating>8.0000</Rating>
  <RatingCount>1</RatingCount>
  <SeriesName>false</SeriesName>
  <ThumbnailPath>_cache/fanart/original/153021-34.jpg</ThumbnailPath>
  <VignettePath>fanart/vignette/153021-34.jpg</VignettePath>
</Banner>
<Banner>
  <id>932040</id>
  <BannerPath>fanart/original/153021-40.jpg</BannerPath>
  <BannerType>fanart</BannerType>
  <BannerType2>1920x1080</BannerType2>
  <Colors>|52,50,27|236,232,223|186,189,194|</Colors>
  <Language>en</Language>
  <Rating>7.7500</Rating>
  <RatingCount>4</RatingCount>
  <SeriesName>false</SeriesName>
  <ThumbnailPath>_cache/fanart/original/153021-40.jpg</ThumbnailPath>
  <VignettePath>fanart/vignette/153021-40.jpg</VignettePath>
</Banner>
<Banner>
  <id>770761</id>
  <BannerPath>fanart/original/153021-17.jpg</BannerPath>
  <BannerType>fanart</BannerType>
  <BannerType2>1920x1080</BannerType2>
  <Colors>|230,230,230|4,4,4|133,121,99|</Colors>
  <Language>en</Language>
  <Rating>7.5882</Rating>
  <RatingCount>17</RatingCount>
  <SeriesName>false</SeriesName>
  <ThumbnailPath>_cache/fanart/original/153021-17.jpg</ThumbnailPath>
  <VignettePath>fanart/vignette/153021-17.jpg</VignettePath>
</Banner>
<Banner>
  <id>925843</id>
  <BannerPath>fanart/original/153021-37.jpg</BannerPath>
  <BannerType>fanart</BannerType>
  <BannerType2>1920x1080</BannerType2>
  <Colors>|158,133,92|57,46,24|77,58,28|</Colors>
  <Language>en</Language>
  <Rating>7.5000</Rating>
  <RatingCount>4</RatingCount>
  <SeriesName>false</SeriesName>
  <ThumbnailPath>_cache/fanart/original/153021-37.jpg</ThumbnailPath>
  <VignettePath>fanart/vignette/153021-37.jpg</VignettePath>
</Banner>
<Banner>
  <id>811431</id>
  <BannerPath>fanart/original/153021-18.jpg</BannerPath>
  <BannerType>fanart</BannerType>
  <BannerType2>1920x1080</BannerType2>
  <Colors>|135,132,115|1,9,0|128,125,110|</Colors>
  <Language>en</Language>
  <Rating>7.4667</Rating>
  <RatingCount>15</RatingCount>
  <SeriesName>false</SeriesName>
  <ThumbnailPath>_cache/fanart/original/153021-18.jpg</ThumbnailPath>
  <VignettePath>fanart/vignette/153021-18.jpg</VignettePath>
</Banner>
<Banner>
  <id>878319</id>
  <BannerPath>fanart/original/153021-13.jpg</BannerPath>
  <BannerType>fanart</BannerType>
  <BannerType2>1920x1080</BannerType2>
  <Colors></Colors>
  <Language>en</Language>
  <Rating>7.3636</Rating>
  <RatingCount>11</RatingCount>
  <SeriesName>false</SeriesName>
  <ThumbnailPath>_cache/fanart/original/153021-13.jpg</ThumbnailPath>
  <VignettePath>fanart/vignette/153021-13.jpg</VignettePath>
</Banner>
<Banner>
  <id>923135</id>
  <BannerPath>fanart/original/153021-38.jpg</BannerPath>
  <BannerType>fanart</BannerType>
  <BannerType2>1920x1080</BannerType2>
  <Colors></Colors>
  <Language>de</Language>
  <Rating>7.0000</Rating>
  <RatingCount>1</RatingCount>
  <SeriesName>false</SeriesName>
  <ThumbnailPath>_cache/fanart/original/153021-38.jpg</ThumbnailPath>
  <VignettePath>fanart/vignette/153021-38.jpg</VignettePath>
</Banner>
<Banner>
  <id>884519</id>
  <BannerPath>fanart/original/153021-30.jpg</BannerPath>
  <BannerType>fanart</BannerType>
  <BannerType2>1280x720</BannerType2>
  <Colors></Colors>
  <Language>en</Language>
  <Rating>7.0000</Rating>
  <RatingCount>4</RatingCount>
  <SeriesName>false</SeriesName>
  <ThumbnailPath>_cache/fanart/original/153021-30.jpg</ThumbnailPath>
  <VignettePath>fanart/vignette/153021-30.jpg</VignettePath>
</Banner>
<Banner>
  <id>884518</id>
  <BannerPath>fanart/original/153021-29.jpg</BannerPath>
  <BannerType>fanart</BannerType>
  <BannerType2>1280x720</BannerType2>
  <Colors></Colors>
  <Language>en</Language>
  <Rating>7.0000</Rating>
  <RatingCount>2</RatingCount>
  <SeriesName>false</SeriesName>
  <ThumbnailPath>_cache/fanart/original/153021-29.jpg</ThumbnailPath>
  <VignettePath>fanart/vignette/153021-29.jpg</VignettePath>
</Banner>
<Banner>
  <id>878321</id>
  <BannerPath>fanart/original/153021-25.jpg</BannerPath>
  <BannerType>fanart</BannerType>
  <BannerType2>1920x1080</BannerType2>
  <Colors></Colors>
  <Language>en</Language>
  <Rating>6.6667</Rating>
  <RatingCount>3</RatingCount>
  <SeriesName>false</SeriesName>
  <ThumbnailPath>_cache/fanart/original/153021-25.jpg</ThumbnailPath>
  <VignettePath>fanart/vignette/153021-25.jpg</VignettePath>
</Banner>
<Banner>
  <id>650161</id>
  <BannerPath>fanart/original/153021-16.jpg</BannerPath>
  <BannerType>fanart</BannerType>
  <BannerType2>1280x720</BannerType2>
  <Colors>|222,224,213|26,28,27|119,119,81|</Colors>
  <Language>en</Language>
  <Rating>6.6667</Rating>
  <RatingCount>9</RatingCount>
  <SeriesName>false</SeriesName>
  <ThumbnailPath>_cache/fanart/original/153021-16.jpg</ThumbnailPath>
  <VignettePath>fanart/vignette/153021-16.jpg</VignettePath>
</Banner>
<Banner>
  <id>636271</id>
  <BannerPath>fanart/original/153021-14.jpg</BannerPath>
  <BannerType>fanart</BannerType>
  <BannerType2>1280x720</BannerType2>
  <Colors>|192,171,180|167,174,180|50,54,65|</Colors>
  <Language>en</Language>
  <Rating>6.6667</Rating>
  <RatingCount>9</RatingCount>
  <SeriesName>false</SeriesName>
  <ThumbnailPath>_cache/fanart/original/153021-14.jpg</ThumbnailPath>
  <VignettePath>fanart/vignette/153021-14.jpg</VignettePath>
</Banner>
<Banner>
  <id>878323</id>
  <BannerPath>fanart/original/153021-27.jpg</BannerPath>
  <BannerType>fanart</BannerType>
  <BannerType2>1920x1080</BannerType2>
  <Colors></Colors>
  <Language>en</Language>
  <Rating>6.5000</Rating>
  <RatingCount>4</RatingCount>
  <SeriesName>false</SeriesName>
  <ThumbnailPath>_cache/fanart/original/153021-27.jpg</ThumbnailPath>
  <VignettePath>fanart/vignette/153021-27.jpg</VignettePath>
</Banner>
<Banner>
  <id>563601</id>
  <BannerPath>fanart/original/153021-2.jpg</BannerPath>
  <BannerType>fanart</BannerType>
  <BannerType2>1280x720</BannerType2>
  <Colors>|187,183,184|4,13,8|89,85,84|</Colors>
  <Language>en</Language>
  <Rating>6.5000</Rating>
  <RatingCount>14</RatingCount>
  <SeriesName>false</SeriesName>
  <ThumbnailPath>_cache/fanart/original/153021-2.jpg</ThumbnailPath>
  <VignettePath>fanart/vignette/153021-2.jpg</VignettePath>
</Banner>
<Banner>
  <id>602181</id>
  <BannerPath>fanart/original/153021-5.jpg</BannerPath>
  <BannerType>fanart</BannerType>
  <BannerType2>1920x1080</BannerType2>
  <Colors>|221,221,223|1,1,1|161,1,1|</Colors>
  <Language>en</Language>
  <Rating>6.5000</Rating>
  <RatingCount>10</RatingCount>
  <SeriesName>false</SeriesName>
  <ThumbnailPath>_cache/fanart/original/153021-5.jpg</ThumbnailPath>
  <VignettePath>fanart/vignette/153021-5.jpg</VignettePath>
</Banner>
<Banner>
  <id>568331</id>
  <BannerPath>fanart/original/153021-3.jpg</BannerPath>
  <BannerType>fanart</BannerType>
  <BannerType2>1920x1080</BannerType2>
  <Colors>|72,58,49|224,207,199|16,12,11|</Colors>
  <Language>en</Language>
  <Rating>6.3000</Rating>
  <RatingCount>10</RatingCount>
  <SeriesName>false</SeriesName>
  <ThumbnailPath>_cache/fanart/original/153021-3.jpg</ThumbnailPath>
  <VignettePath>fanart/vignette/153021-3.jpg</VignettePath>
</Banner>
<Banner>
  <id>635081</id>
  <BannerPath>fanart/original/153021-8.jpg</BannerPath>
  <BannerType>fanart</BannerType>
  <BannerType2>1280x720</BannerType2>
  <Colors>|238,231,221|7,8,10|162,162,126|</Colors>
  <Language>en</Language>
  <Rating>6.2727</Rating>
  <RatingCount>11</RatingCount>
  <SeriesName>true</SeriesName>
  <ThumbnailPath>_cache/fanart/original/153021-8.jpg</ThumbnailPath>
  <VignettePath>fanart/vignette/153021-8.jpg</VignettePath>
</Banner>
<Banner>
  <id>602171</id>
  <BannerPath>fanart/original/153021-4.jpg</BannerPath>
  <BannerType>fanart</BannerType>
  <BannerType2>1920x1080</BannerType2>
  <Colors>|228,227,233|0,0,0|169,4,2|</Colors>
  <Language>en</Language>
  <Rating>6.2222</Rating>
  <RatingCount>9</RatingCount>
  <SeriesName>true</SeriesName>
  <ThumbnailPath>_cache/fanart/original/153021-4.jpg</ThumbnailPath>
  <VignettePath>fanart/vignette/153021-4.jpg</VignettePath>
</Banner>
<Banner>
  <id>878320</id>
  <BannerPath>fanart/original/153021-24.jpg</BannerPath>
  <BannerType>fanart</BannerType>
  <BannerType2>1920x1080</BannerType2>
  <Colors></Colors>
  <Language>en</Language>
  <Rating>6.2000</Rating>
  <RatingCount>5</RatingCount>
  <SeriesName>false</SeriesName>
  <ThumbnailPath>_cache/fanart/original/153021-24.jpg</ThumbnailPath>
  <VignettePath>fanart/vignette/153021-24.jpg</VignettePath>
</Banner>
<Banner>
  <id>635071</id>
  <BannerPath>fanart/original/153021-7.jpg</BannerPath>
  <BannerType>fanart</BannerType>
  <BannerType2>1280x720</BannerType2>
  <Colors>|236,234,222|4,5,9|145,147,110|</Colors>
  <Language>en</Language>
  <Rating>6.1250</Rating>
  <RatingCount>8</RatingCount>
  <SeriesName>true</SeriesName>
  <ThumbnailPath>_cache/fanart/original/153021-7.jpg</ThumbnailPath>
  <VignettePath>fanart/vignette/153021-7.jpg</VignettePath>
</Banner>
<Banner>
  <id>902308</id>
  <BannerPath>fanart/original/153021-31.jpg</BannerPath>
  <BannerType>fanart</BannerType>
  <BannerType2>1920x1080</BannerType2>
  <Colors>|147,135,109|254,254,254|124,115,100|</Colors>
  <Language>en</Language>
  <Rating>6.0000</Rating>
  <RatingCount>3</RatingCount>
  <SeriesName>true</SeriesName>
  <ThumbnailPath>_cache/fanart/original/153021-31.jpg</ThumbnailPath>
  <VignettePath>fanart/vignette/153021-31.jpg</VignettePath>
</Banner>
<Banner>
  <id>878322</id>
  <BannerPath>fanart/original/153021-26.jpg</BannerPath>
  <BannerType>fanart</BannerType>
  <BannerType2>1920x1080</BannerType2>
  <Colors></Colors>
  <Language>en</Language>
  <Rating>6.0000</Rating>
  <RatingCount>1</RatingCount>
  <SeriesName>false</SeriesName>
  <ThumbnailPath>_cache/fanart/original/153021-26.jpg</ThumbnailPath>
  <VignettePath>fanart/vignette/153021-26.jpg</VignettePath>
</Banner>
<Banner>
  <id>811461</id>
  <BannerPath>fanart/original/153021-21.jpg</BannerPath>
  <BannerType>fanart</BannerType>
  <BannerType2>1920x1080</BannerType2>
  <Colors></Colors>
  <Language>en</Language>
  <Rating>6.0000</Rating>
  <RatingCount>1</RatingCount>
  <SeriesName>false</SeriesName>
  <ThumbnailPath>_cache/fanart/original/153021-21.jpg</ThumbnailPath>
  <VignettePath>fanart/vignette/153021-21.jpg</VignettePath>
</Banner>
<Banner>
  <id>919454</id>
  <BannerPath>fanart/original/153021-36.jpg</BannerPath>
  <BannerType>fanart</BannerType>
  <BannerType2>1920x1080</BannerType2>
  <Colors></Colors>
  <Language>fr</Language>
  <Rating>6.0000</Rating>
  <RatingCount>2</RatingCount>
  <SeriesName>false</SeriesName>
  <ThumbnailPath>_cache/fanart/original/153021-36.jpg</ThumbnailPath>
  <VignettePath>fanart/vignette/153021-36.jpg</VignettePath>
</Banner>
<Banner>
  <id>811471</id>
  <BannerPath>fanart/original/153021-22.jpg</BannerPath>
  <BannerType>fanart</BannerType>
  <BannerType2>1920x1080</BannerType2>
  <Colors></Colors>
  <Language>en</Language>
  <Rating>6.0000</Rating>
  <RatingCount>1</RatingCount>
  <SeriesName>false</SeriesName>
  <ThumbnailPath>_cache/fanart/original/153021-22.jpg</ThumbnailPath>
  <VignettePath>fanart/vignette/153021-22.jpg</VignettePath>
</Banner>
<Banner>
  <id>944396</id>
  <BannerPath>fanart/original/153021-42.jpg</BannerPath>
  <BannerType>fanart</BannerType>
  <BannerType2>1920x1080</BannerType2>
  <Colors></Colors>
  <Language>it</Language>
  <Rating>6.0000</Rating>
  <RatingCount>3</RatingCount>
  <SeriesName>false</SeriesName>
  <ThumbnailPath>_cache/fanart/original/153021-42.jpg</ThumbnailPath>
  <VignettePath>fanart/vignette/153021-42.jpg</VignettePath>
</Banner>
<Banner>
  <id>811451</id>
  <BannerPath>fanart/original/153021-20.jpg</BannerPath>
  <BannerType>fanart</BannerType>
  <BannerType2>1920x1080</BannerType2>
  <Colors></Colors>
  <Language>en</Language>
  <Rating>5.6667</Rating>
  <RatingCount>3</RatingCount>
  <SeriesName>false</SeriesName>
  <ThumbnailPath>_cache/fanart/original/153021-20.jpg</ThumbnailPath>
  <VignettePath>fanart/vignette/153021-20.jpg</VignettePath>
</Banner>
<Banner>
  <id>946707</id>
  <BannerPath>fanart/original/153021-43.jpg</BannerPath>
  <BannerType>fanart</BannerType>
  <BannerType2>1920x1080</BannerType2>
  <Colors></Colors>
  <Language>en</Language>
  <Rating>5.5000</Rating>
  <RatingCount>2</RatingCount>
  <SeriesName>true</SeriesName>
  <ThumbnailPath>_cache/fanart/original/153021-43.jpg</ThumbnailPath>
  <VignettePath>fanart/vignette/153021-43.jpg</VignettePath>
</Banner>
<Banner>
  <id>811481</id>
  <BannerPath>fanart/original/153021-23.jpg</BannerPath>
  <BannerType>fanart</BannerType>
  <BannerType2>1920x1080</BannerType2>
  <Colors></Colors>
  <Language>en</Language>
  <Rating>5.5000</Rating>
  <RatingCount>2</RatingCount>
  <SeriesName>false</SeriesName>
  <ThumbnailPath>_cache/fanart/original/153021-23.jpg</ThumbnailPath>
  <VignettePath>fanart/vignette/153021-23.jpg</VignettePath>
</Banner>
<Banner>
  <id>636251</id>
  <BannerPath>fanart/original/153021-12.jpg</BannerPath>
  <BannerType>fanart</BannerType>
  <BannerType2>1280x720</BannerType2>
  <Colors>|211,220,229|10,11,13|99,134,70|</Colors>
  <Language>en</Language>
  <Rating>5.2222</Rating>
  <RatingCount>9</RatingCount>
  <SeriesName>false</SeriesName>
  <ThumbnailPath>_cache/fanart/original/153021-12.jpg</ThumbnailPath>
  <VignettePath>fanart/vignette/153021-12.jpg</VignettePath>
</Banner>
<Banner>
  <id>635091</id>
  <BannerPath>fanart/original/153021-9.jpg</BannerPath>
  <BannerType>fanart</BannerType>
  <BannerType2>1280x720</BannerType2>
  <Colors>|20,21,15|31,20,18|126,90,64|</Colors>
  <Language>en</Language>
  <Rating>4.8571</Rating>
  <RatingCount>7</RatingCount>
  <SeriesName>true</SeriesName>
  <ThumbnailPath>_cache/fanart/original/153021-9.jpg</ThumbnailPath>
  <VignettePath>fanart/vignette/153021-9.jpg</VignettePath>
</Banner>
<Banner>
  <id>638151</id>
  <BannerPath>fanart/original/153021-15.jpg</BannerPath>
  <BannerType>fanart</BannerType>
  <BannerType2>1280x720</BannerType2>
  <Colors>|255,255,250|11,7,0|158,153,149|</Colors>
  <Language>de</Language>
  <Rating>4.8571</Rating>
  <RatingCount>7</RatingCount>
  <SeriesName>false</SeriesName>
  <ThumbnailPath>_cache/fanart/original/153021-15.jpg</ThumbnailPath>
  <VignettePath>fanart/vignette/153021-15.jpg</VignettePath>
</Banner>
<Banner>
  <id>563591</id>
  <BannerPath>fanart/original/153021-1.jpg</BannerPath>
  <BannerType>fanart</BannerType>
  <BannerType2>1280x720</BannerType2>
  <Colors>|196,186,185|1,5,6|197,26,6|</Colors>
  <Language>en</Language>
  <Rating>4.7500</Rating>
  <RatingCount>8</RatingCount>
  <SeriesName>true</SeriesName>
  <ThumbnailPath>_cache/fanart/original/153021-1.jpg</ThumbnailPath>
  <VignettePath>fanart/vignette/153021-1.jpg</VignettePath>
</Banner>
<Banner>
  <id>635061</id>
  <BannerPath>fanart/original/153021-6.jpg</BannerPath>
  <BannerType>fanart</BannerType>
  <BannerType2>1280x720</BannerType2>
  <Colors>|244,241,232|10,12,11|151,153,116|</Colors>
  <Language>en</Language>
  <Rating>4.6667</Rating>
  <RatingCount>6</RatingCount>
  <SeriesName>true</SeriesName>
  <ThumbnailPath>_cache/fanart/original/153021-6.jpg</ThumbnailPath>
  <VignettePath>fanart/vignette/153021-6.jpg</VignettePath>
</Banner>
<Banner>
  <id>635101</id>
  <BannerPath>fanart/original/153021-10.jpg</BannerPath>
  <BannerType>fanart</BannerType>
  <BannerType2>1280x720</BannerType2>
  <Colors>|243,247,248|12,12,12|124,144,72|</Colors>
  <Language>en</Language>
  <Rating>4.5000</Rating>
  <RatingCount>10</RatingCount>
  <SeriesName>false</SeriesName>
  <ThumbnailPath>_cache/fanart/original/153021-10.jpg</ThumbnailPath>
  <VignettePath>fanart/vignette/153021-10.jpg</VignettePath>
</Banner>
<Banner>
  <id>811441</id>
  <BannerPath>fanart/original/153021-19.jpg</BannerPath>
  <BannerType>fanart</BannerType>
  <BannerType2>1920x1080</BannerType2>
  <Colors></Colors>
  <Language>en</Language>
  <Rating>4.0000</Rating>
  <RatingCount>2</RatingCount>
  <SeriesName>false</SeriesName>
  <ThumbnailPath>_cache/fanart/original/153021-19.jpg</ThumbnailPath>
  <VignettePath>fanart/vignette/153021-19.jpg</VignettePath>
</Banner>
<Banner>
  <id>884517</id>
  <BannerPath>fanart/original/153021-28.jpg</BannerPath>
  <BannerType>fanart</BannerType>
  <BannerType2>1280x720</BannerType2>
  <Colors></Colors>
  <Language>en</Language>
  <Rating>1.0000</Rating>
  <RatingCount>1</RatingCount>
  <SeriesName>false</SeriesName>
  <ThumbnailPath>_cache/fanart/original/153021-28.jpg</ThumbnailPath>
  <VignettePath>fanart/vignette/153021-28.jpg</VignettePath>
</Banner>
<Banner>
  <id>919169</id>
  <BannerPath>fanart/original/153021-35.jpg</BannerPath>
  <BannerType>fanart</BannerType>
  <BannerType2>1280x720</BannerType2>
  <Colors>|71,66,28|221,220,215|84,64,37|</Colors>
  <Language>en</Language>
  <Rating></Rating>
  <RatingCount>0</RatingCount>
  <SeriesName>true</SeriesName>
  <ThumbnailPath>_cache/fanart/original/153021-35.jpg</ThumbnailPath>
  <VignettePath>fanart/vignette/153021-35.jpg</VignettePath>
</Banner>
<Banner>
  <id>924953</id>
  <BannerPath>fanart/original/153021-41.jpg</BannerPath>
  <BannerType>fanart</BannerType>
  <BannerType2>1920x1080</BannerType2>
  <Colors></Colors>
  <Language>en</Language>
  <Rating></Rating>
  <RatingCount>0</RatingCount>
  <SeriesName>false</SeriesName>
  <ThumbnailPath>_cache/fanart/original/153021-41.jpg</ThumbnailPath>
  <VignettePath>fanart/vignette/153021-41.jpg</VignettePath>
</Banner>
<Banner>
  <id>910358</id>
  <BannerPath>fanart/original/153021-33.jpg</BannerPath>
  <BannerType>fanart</BannerType>
  <BannerType2>1920x1080</BannerType2>
  <Colors>|0,0,11|90,104,143|76,130,78|</Colors>
  <Language>en</Language>
  <Rating></Rating>
  <RatingCount>0</RatingCount>
  <SeriesName>false</SeriesName>
  <ThumbnailPath>_cache/fanart/original/153021-33.jpg</ThumbnailPath>
  <VignettePath>fanart/vignette/153021-33.jpg</VignettePath>
</Banner>
<Banner>
  <id>906403</id>
  <BannerPath>fanart/original/153021-32.jpg</BannerPath>
  <BannerType>fanart</BannerType>
  <BannerType2>1920x1080</BannerType2>
  <Colors></Colors>
  <Language>en</Language>
  <Rating></Rating>
  <RatingCount>0</RatingCount>
  <SeriesName>true</SeriesName>
  <ThumbnailPath>_cache/fanart/original/153021-32.jpg</ThumbnailPath>
  <VignettePath>fanart/vignette/153021-32.jpg</VignettePath>
</Banner>
<Banner>
  <id>721941</id>
  <BannerPath>posters/153021-6.jpg</BannerPath>
  <BannerType>poster</BannerType>
  <BannerType2>680x1000</BannerType2>
  <Language>en</Language>
  <Rating>8.8462</Rating>
  <RatingCount>26</RatingCount>
</Banner>
<Banner>
  <id>928452</id>
  <BannerPath>posters/153021-12.jpg</BannerPath>
  <BannerType>poster</BannerType>
  <BannerType2>680x1000</BannerType2>
  <Language>en</Language>
  <Rating>8.2000</Rating>
  <RatingCount>5</RatingCount>
</Banner>
<Banner>
  <id>898625</id>
  <BannerPath>posters/153021-10.jpg</BannerPath>
  <BannerType>poster</BannerType>
  <BannerType2>680x1000</BannerType2>
  <Language>en</Language>
  <Rating>7.7500</Rating>
  <RatingCount>8</RatingCount>
</Banner>
<Banner>
  <id>886585</id>
  <BannerPath>posters/153021-2.jpg</BannerPath>
  <BannerType>poster</BannerType>
  <BannerType2>680x1000</BannerType2>
  <Language>en</Language>
  <Rating>7.5000</Rating>
  <RatingCount>8</RatingCount>
</Banner>
<Banner>
  <id>541151</id>
  <BannerPath>posters/153021-1.jpg</BannerPath>
  <BannerType>poster</BannerType>
  <BannerType2>680x1000</BannerType2>
  <Language>en</Language>
  <Rating>6.5882</Rating>
  <RatingCount>17</RatingCount>
</Banner>
<Banner>
  <id>892083</id>
  <BannerPath>posters/153021-4.jpg</BannerPath>
  <BannerType>poster</BannerType>
  <BannerType2>680x1000</BannerType2>
  <Language>en</Language>
  <Rating>5.5000</Rating>
  <RatingCount>4</RatingCount>
</Banner>
<Banner>
  <id>878628</id>
  <BannerPath>posters/153021-8.jpg</BannerPath>
  <BannerType>poster</BannerType>
  <BannerType2>680x1000</BannerType2>
  <Language>en</Language>
  <Rating>4.6000</Rating>
  <RatingCount>5</RatingCount>
</Banner>
<Banner>
  <id>715531</id>
  <BannerPath>posters/153021-5.jpg</BannerPath>
  <BannerType>poster</BannerType>
  <BannerType2>680x1000</BannerType2>
  <Language>en</Language>
  <Rating>4.6000</Rating>
  <RatingCount>5</RatingCount>
</Banner>
<Banner>
  <id>923009</id>
  <BannerPath>posters/153021-11.jpg</BannerPath>
  <BannerType>poster</BannerType>
  <BannerType2>680x1000</BannerType2>
  <Language>en</Language>
  <Rating>1.0000</Rating>
  <RatingCount>1</RatingCount>
</Banner>
<Banner>
  <id>892110</id>
  <BannerPath>posters/153021-9.jpg</BannerPath>
  <BannerType>poster</BannerType>
  <BannerType2>680x1000</BannerType2>
  <Language>en</Language>
  <Rating>1.0000</Rating>
  <RatingCount>2</RatingCount>
</Banner>
<Banner>
  <id>892109</id>
  <BannerPath>posters/153021-7.jpg</BannerPath>
  <BannerType>poster</BannerType>
  <BannerType2>680x1000</BannerType2>
  <Language>en</Language>
  <Rating>1.0000</Rating>
  <RatingCount>2</RatingCount>
</Banner>
<Banner>
  <id>846841</id>
  <BannerPath>posters/153021-3.jpg</BannerPath>
  <BannerType>poster</BannerType>
  <BannerType2>680x1000</BannerType2>
  <Language>en</Language>
  <Rating>1.0000</Rating>
  <RatingCount>3</RatingCount>
</Banner>
<Banner>
  <id>941846</id>
  <BannerPath>posters/153021-13.jpg</BannerPath>
  <BannerType>poster</BannerType>
  <BannerType2>680x1000</BannerType2>
  <Language>en</Language>
  <Rating>1.0000</Rating>
  <RatingCount>1</RatingCount>
</Banner>
<Banner>
  <id>950617</id>
  <BannerPath>posters/153021-14.jpg</BannerPath>
  <BannerType>poster</BannerType>
  <BannerType2>680x1000</BannerType2>
  <Language>en</Language>
  <Rating></Rating>
  <RatingCount>0</RatingCount>
</Banner>
<Banner>
  <id>924487</id>
  <BannerPath>seasons/153021-3-6.jpg</BannerPath>
  <BannerType>season</BannerType>
  <BannerType2>season</BannerType2>
  <Language>en</Language>
  <Rating>10.0000</Rating>
  <RatingCount>5</RatingCount>
  <Season>3</Season>
</Banner>
<Banner>
  <id>898635</id>
  <BannerPath>seasons/153021-2-5.jpg</BannerPath>
  <BannerType>season</BannerType>
  <BannerType2>season</BannerType2>
  <Language>en</Language>
  <Rating>9.8000</Rating>
  <RatingCount>10</RatingCount>
  <Season>2</Season>
</Banner>
<Banner>
  <id>916799</id>
  <BannerPath>seasons/153021-3-3.jpg</BannerPath>
  <BannerType>season</BannerType>
  <BannerType2>season</BannerType2>
  <Language>en</Language>
  <Rating>9.5000</Rating>
  <RatingCount>2</RatingCount>
  <Season>3</Season>
</Banner>
<Banner>
  <id>915395</id>
  <BannerPath>seasons/153021-3.jpg</BannerPath>
  <BannerType>season</BannerType>
  <BannerType2>season</BannerType2>
  <Language>en</Language>
  <Rating>9.5000</Rating>
  <RatingCount>4</RatingCount>
  <Season>3</Season>
</Banner>
<Banner>
  <id>898643</id>
  <BannerPath>seasons/153021-0-3.jpg</BannerPath>
  <BannerType>season</BannerType>
  <BannerType2>season</BannerType2>
  <Language>en</Language>
  <Rating>9.3333</Rating>
  <RatingCount>3</RatingCount>
  <Season>0</Season>
</Banner>
<Banner>
  <id>898637</id>
  <BannerPath>seasons/153021-1-8.jpg</BannerPath>
  <BannerType>season</BannerType>
  <BannerType2>season</BannerType2>
  <Language>en</Language>
  <Rating>8.7778</Rating>
  <RatingCount>9</RatingCount>
  <Season>1</Season>
</Banner>
<Banner>
  <id>923014</id>
  <BannerPath>seasons/153021-3-4.jpg</BannerPath>
  <BannerType>season</BannerType>
  <BannerType2>season</BannerType2>
  <Language>en</Language>
  <Rating>8.2500</Rating>
  <RatingCount>4</RatingCount>
  <Season>3</Season>
</Banner>
<Banner>
  <id>916415</id>
  <BannerPath>seasons/153021-3-2.jpg</BannerPath>
  <BannerType>season</BannerType>
  <BannerType2>season</BannerType2>
  <Language>en</Language>
  <Rating>8.0000</Rating>
  <RatingCount>1</RatingCount>
  <Season>3</Season>
</Banner>
<Banner>
  <id>841071</id>
  <BannerPath>seasons/153021-1-5.jpg</BannerPath>
  <BannerType>season</BannerType>
  <BannerType2>season</BannerType2>
  <Language>en</Language>
  <Rating>7.6250</Rating>
  <RatingCount>8</RatingCount>
  <Season>1</Season>
</Banner>
<Banner>
  <id>876128</id>
  <BannerPath>seasons/153021-0-2.jpg</BannerPath>
  <BannerType>season</BannerType>
  <BannerType2>season</BannerType2>
  <Language>en</Language>
  <Rating>7.3333</Rating>
  <RatingCount>3</RatingCount>
  <Season>0</Season>
</Banner>
<Banner>
  <id>876127</id>
  <BannerPath>seasons/153021-1-6.jpg</BannerPath>
  <BannerType>season</BannerType>
  <BannerType2>season</BannerType2>
  <Language>en</Language>
  <Rating>7.3333</Rating>
  <RatingCount>9</RatingCount>
  <Season>1</Season>
</Banner>
<Banner>
  <id>871991</id>
  <BannerPath>seasons/153021-1-4.jpg</BannerPath>
  <BannerType>season</BannerType>
  <BannerType2>season</BannerType2>
  <Language>en</Language>
  <Rating>7.2857</Rating>
  <RatingCount>7</RatingCount>
  <Season>1</Season>
</Banner>
<Banner>
  <id>876126</id>
  <BannerPath>seasons/153021-2-3.jpg</BannerPath>
  <BannerType>season</BannerType>
  <BannerType2>season</BannerType2>
  <Language>en</Language>
  <Rating>7.0909</Rating>
  <RatingCount>11</RatingCount>
  <Season>2</Season>
</Banner>
<Banner>
  <id>629101</id>
  <BannerPath>seasons/153021-1.jpg</BannerPath>
  <BannerType>season</BannerType>
  <BannerType2>season</BannerType2>
  <Language>en</Language>
  <Rating>7.0000</Rating>
  <RatingCount>10</RatingCount>
  <Season>1</Season>
</Banner>
<Banner>
  <id>934093</id>
  <BannerPath>seasons/153021-3-5.jpg</BannerPath>
  <BannerType>season</BannerType>
  <BannerType2>season</BannerType2>
  <Language>de</Language>
  <Rating>7.0000</Rating>
  <RatingCount>1</RatingCount>
  <Season>3</Season>
</Banner>
<Banner>
  <id>672981</id>
  <BannerPath>seasons/153021-1-3.jpg</BannerPath>
  <BannerType>season</BannerType>
  <BannerType2>season</BannerType2>
  <Language>en</Language>
  <Rating>6.7500</Rating>
  <RatingCount>8</RatingCount>
  <Season>1</Season>
</Banner>
<Banner>
  <id>841061</id>
  <BannerPath>seasons/153021-2.jpg</BannerPath>
  <BannerType>season</BannerType>
  <BannerType2>season</BannerType2>
  <Language>en</Language>
  <Rating>6.6000</Rating>
  <RatingCount>5</RatingCount>
  <Season>2</Season>
</Banner>
<Banner>
  <id>869317</id>
  <BannerPath>seasons/153021-2-2.jpg</BannerPath>
  <BannerType>season</BannerType>
  <BannerType2>season</BannerType2>
  <Language>en</Language>
  <Rating>6.3333</Rating>
  <RatingCount>3</RatingCount>
  <Season>2</Season>
</Banner>
<Banner>
  <id>886210</id>
  <BannerPath>seasons/153021-1-7.jpg</BannerPath>
  <BannerType>season</BannerType>
  <BannerType2>season</BannerType2>
  <Language>fr</Language>
  <Rating>6.0000</Rating>
  <RatingCount>2</RatingCount>
  <Season>1</Season>
</Banner>
<Banner>
  <id>886212</id>
  <BannerPath>seasons/153021-2-4.jpg</BannerPath>
  <BannerType>season</BannerType>
  <BannerType2>season</BannerType2>
  <Language>fr</Language>
  <Rating>6.0000</Rating>
  <RatingCount>2</RatingCount>
  <Season>2</Season>
</Banner>
<Banner>
  <id>638931</id>
  <BannerPath>seasons/153021-0.jpg</BannerPath>
  <BannerType>season</BannerType>
  <BannerType2>season</BannerType2>
  <Language>en</Language>
  <Rating>4.0000</Rating>
  <RatingCount>4</RatingCount>
  <Season>0</Season>
</Banner>
<Banner>
  <id>638921</id>
  <BannerPath>seasons/153021-1-2.jpg</BannerPath>
  <BannerType>season</BannerType>
  <BannerType2>season</BannerType2>
  <Language>en</Language>
  <Rating>3.2000</Rating>
  <RatingCount>5</RatingCount>
  <Season>1</Season>
</Banner>
<Banner>
  <id>940719</id>
  <BannerPath>seasons/153021-1-10.jpg</BannerPath>
  <BannerType>season</BannerType>
  <BannerType2>season</BannerType2>
  <Language>fr</Language>
  <Rating></Rating>
  <RatingCount>0</RatingCount>
  <Season>1</Season>
</Banner>
<Banner>
  <id>950597</id>
  <BannerPath>seasons/153021-1-11.jpg</BannerPath>
  <BannerType>season</BannerType>
  <BannerType2>season</BannerType2>
  <Language>en</Language>
  <Rating></Rating>
  <RatingCount>0</RatingCount>
  <Season>1</Season>
</Banner>
<Banner>
  <id>944087</id>
  <BannerPath>seasons/153021-0-4.jpg</BannerPath>
  <BannerType>season</BannerType>
  <BannerType2>season</BannerType2>
  <Language>fr</Language>
  <Rating></Rating>
  <RatingCount>0</RatingCount>
  <Season>0</Season>
</Banner>
<Banner>
  <id>950599</id>
  <BannerPath>seasons/153021-3-7.jpg</BannerPath>
  <BannerType>season</BannerType>
  <BannerType2>season</BannerType2>
  <Language>en</Language>
  <Rating></Rating>
  <RatingCount>0</RatingCount>
  <Season>3</Season>
</Banner>
<Banner>
  <id>934092</id>
  <BannerPath>seasons/153021-2-6.jpg</BannerPath>
  <BannerType>season</BannerType>
  <BannerType2>season</BannerType2>
  <Language>de</Language>
  <Rating></Rating>
  <RatingCount>0</RatingCount>
  <Season>2</Season>
</Banner>
<Banner>
  <id>934091</id>
  <BannerPath>seasons/153021-1-9.jpg</BannerPath>
  <BannerType>season</BannerType>
  <BannerType2>season</BannerType2>
  <Language>de</Language>
  <Rating></Rating>
  <RatingCount>0</RatingCount>
  <Season>1</Season>
</Banner>
<Banner>
  <id>950598</id>
  <BannerPath>seasons/153021-2-7.jpg</BannerPath>
  <BannerType>season</BannerType>
  <BannerType2>season</BannerType2>
  <Language>en</Language>
  <Rating></Rating>
  <RatingCount>0</RatingCount>
  <Season>2</Season>
</Banner>
<Banner>
  <id>904024</id>
  <BannerPath>seasonswide/153021-1.jpg</BannerPath>
  <BannerType>season</BannerType>
  <BannerType2>seasonwide</BannerType2>
  <Language>en</Language>
  <Rating></Rating>
  <RatingCount>0</RatingCount>
  <Season>1</Season>
</Banner>
<Banner>
  <id>904025</id>
  <BannerPath>seasonswide/153021-2.jpg</BannerPath>
  <BannerType>season</BannerType>
  <BannerType2>seasonwide</BannerType2>
  <Language>en</Language>
  <Rating></Rating>
  <RatingCount>0</RatingCount>
  <Season>2</Season>
</Banner>
<Banner>
  <id>950711</id>
  <BannerPath>graphical/153021-g25.jpg</BannerPath>
  <BannerType>series</BannerType>
  <BannerType2>graphical</BannerType2>
  <Language>en</Language>
  <Rating>10.0000</Rating>
  <RatingCount>1</RatingCount>
</Banner>
<Banner>
  <id>950710</id>
  <BannerPath>graphical/153021-g24.jpg</BannerPath>
  <BannerType>series</BannerType>
  <BannerType2>graphical</BannerType2>
  <Language>en</Language>
  <Rating>10.0000</Rating>
  <RatingCount>1</RatingCount>
</Banner>
<Banner>
  <id>884279</id>
  <BannerPath>graphical/153021-g13.jpg</BannerPath>
  <BannerType>series</BannerType>
  <BannerType2>graphical</BannerType2>
  <Language>en</Language>
  <Rating>8.4286</Rating>
  <RatingCount>7</RatingCount>
</Banner>
<Banner>
  <id>635131</id>
  <BannerPath>graphical/153021-g4.jpg</BannerPath>
  <BannerType>series</BannerType>
  <BannerType2>graphical</BannerType2>
  <Language>en</Language>
  <Rating>7.7000</Rating>
  <RatingCount>20</RatingCount>
</Banner>
<Banner>
  <id>652021</id>
  <BannerPath>graphical/153021-g8.jpg</BannerPath>
  <BannerType>series</BannerType>
  <BannerType2>graphical</BannerType2>
  <Language>en</Language>
  <Rating>7.3846</Rating>
  <RatingCount>13</RatingCount>
</Banner>
<Banner>
  <id>664381</id>
  <BannerPath>graphical/153021-g10.jpg</BannerPath>
  <BannerType>series</BannerType>
  <BannerType2>graphical</BannerType2>
  <Language>en</Language>
  <Rating>6.7500</Rating>
  <RatingCount>12</RatingCount>
</Banner>
<Banner>
  <id>929279</id>
  <BannerPath>graphical/153021-g20.jpg</BannerPath>
  <BannerType>series</BannerType>
  <BannerType2>graphical</BannerType2>
  <Language>en</Language>
  <Rating>6.5000</Rating>
  <RatingCount>2</RatingCount>
</Banner>
<Banner>
  <id>652031</id>
  <BannerPath>graphical/153021-g9.jpg</BannerPath>
  <BannerType>series</BannerType>
  <BannerType2>graphical</BannerType2>
  <Language>en</Language>
  <Rating>6.2857</Rating>
  <RatingCount>7</RatingCount>
</Banner>
<Banner>
  <id>884289</id>
  <BannerPath>graphical/153021-g14.jpg</BannerPath>
  <BannerType>series</BannerType>
  <BannerType2>graphical</BannerType2>
  <Language>en</Language>
  <Rating>6.0000</Rating>
  <RatingCount>4</RatingCount>
</Banner>
<Banner>
  <id>927573</id>
  <BannerPath>graphical/153021-g19.jpg</BannerPath>
  <BannerType>series</BannerType>
  <BannerType2>graphical</BannerType2>
  <Language>en</Language>
  <Rating>6.0000</Rating>
  <RatingCount>3</RatingCount>
</Banner>
<Banner>
  <id>669901</id>
  <BannerPath>graphical/153021-g11.jpg</BannerPath>
  <BannerType>series</BannerType>
  <BannerType2>graphical</BannerType2>
  <Language>en</Language>
  <Rating>5.8000</Rating>
  <RatingCount>5</RatingCount>
</Banner>
<Banner>
  <id>880169</id>
  <BannerPath>graphical/153021-g12.jpg</BannerPath>
  <BannerType>series</BannerType>
  <BannerType2>graphical</BannerType2>
  <Language>en</Language>
  <Rating>5.6667</Rating>
  <RatingCount>6</RatingCount>
</Banner>
<Banner>
  <id>635151</id>
  <BannerPath>graphical/153021-g6.jpg</BannerPath>
  <BannerType>series</BannerType>
  <BannerType2>graphical</BannerType2>
  <Language>en</Language>
  <Rating>5.6000</Rating>
  <RatingCount>5</RatingCount>
</Banner>
<Banner>
  <id>933173</id>
  <BannerPath>graphical/153021-g22.jpg</BannerPath>
  <BannerType>series</BannerType>
  <BannerType2>graphical</BannerType2>
  <Language>fr</Language>
  <Rating>5.5000</Rating>
  <RatingCount>2</RatingCount>
</Banner>
<Banner>
  <id>902590</id>
  <BannerPath>graphical/153021-g17.jpg</BannerPath>
  <BannerType>series</BannerType>
  <BannerType2>graphical</BannerType2>
  <Language>en</Language>
  <Rating>5.3333</Rating>
  <RatingCount>3</RatingCount>
</Banner>
<Banner>
  <id>635111</id>
  <BannerPath>graphical/153021-g2.jpg</BannerPath>
  <BannerType>series</BannerType>
  <BannerType2>graphical</BannerType2>
  <Language>en</Language>
  <Rating>5.1667</Rating>
  <RatingCount>6</RatingCount>
</Banner>
<Banner>
  <id>933172</id>
  <BannerPath>graphical/153021-g21.jpg</BannerPath>
  <BannerType>series</BannerType>
  <BannerType2>graphical</BannerType2>
  <Language>fr</Language>
  <Rating>5.0000</Rating>
  <RatingCount>2</RatingCount>
</Banner>
<Banner>
  <id>564091</id>
  <BannerPath>graphical/153021-g.jpg</BannerPath>
  <BannerType>series</BannerType>
  <BannerType2>graphical</BannerType2>
  <Language>en</Language>
  <Rating>4.8889</Rating>
  <RatingCount>9</RatingCount>
</Banner>
<Banner>
  <id>635141</id>
  <BannerPath>graphical/153021-g5.jpg</BannerPath>
  <BannerType>series</BannerType>
  <BannerType2>graphical</BannerType2>
  <Language>en</Language>
  <Rating>4.6000</Rating>
  <RatingCount>5</RatingCount>
</Banner>
<Banner>
  <id>635161</id>
  <BannerPath>graphical/153021-g7.jpg</BannerPath>
  <BannerType>series</BannerType>
  <BannerType2>graphical</BannerType2>
  <Language>en</Language>
  <Rating>4.4000</Rating>
  <RatingCount>5</RatingCount>
</Banner>
<Banner>
  <id>902589</id>
  <BannerPath>graphical/153021-g16.jpg</BannerPath>
  <BannerType>series</BannerType>
  <BannerType2>graphical</BannerType2>
  <Language>en</Language>
  <Rating>4.0000</Rating>
  <RatingCount>2</RatingCount>
</Banner>
<Banner>
  <id>635121</id>
  <BannerPath>graphical/153021-g3.jpg</BannerPath>
  <BannerType>series</BannerType>
  <BannerType2>graphical</BannerType2>
  <Language>en</Language>
  <Rating>3.0000</Rating>
  <RatingCount>6</RatingCount>
</Banner>
<Banner>
  <id>901615</id>
  <BannerPath>graphical/153021-g15.jpg</BannerPath>
  <BannerType>series</BannerType>
  <BannerType2>graphical</BannerType2>
  <Language>ru</Language>
  <Rating>1.0000</Rating>
  <RatingCount>1</RatingCount>
</Banner>
<Banner>
  <id>950712</id>
  <BannerPath>graphical/153021-g26.jpg</BannerPath>
  <BannerType>series</BannerType>
  <BannerType2>graphical</BannerType2>
  <Language>en</Language>
  <Rating></Rating>
  <RatingCount>0</RatingCount>
</Banner>
<Banner>
  <id>933174</id>
  <BannerPath>graphical/153021-g23.jpg</BannerPath>
  <BannerType>series</BannerType>
  <BannerType2>graphical</BannerType2>
  <Language>fr</Language>
  <Rating></Rating>
  <RatingCount>0</RatingCount>
</Banner>
<Banner>
  <id>927572</id>
  <BannerPath>graphical/153021-g18.jpg</BannerPath>
  <BannerType>series</BannerType>
  <BannerType2>graphical</BannerType2>
  <Language>en</Language>
  <Rating></Rating>
  <RatingCount>0</RatingCount>
</Banner>
</Banners>