<?xml version="1.0" encoding="UTF-8" ?>
<Data><Series>
  <id>153021</id>
  <Actors>|Lauren Cohan|Emma Bell|Laurie Holden|Sarah Wayne Callies|Emily Kinney|Danai Gurira|Norman Reedus|Danai Gurira|Melissa McBride|David Morrissey|Michael Rooker|Scott Wilson|Irone Singleton|Andrew Lincoln|Steven Yeun|Chandler Riggs|Jeffrey DeMunn|Jon Bernthal|</Actors>
  <Airs_DayOfWeek>Sunday</Airs_DayOfWeek>
  <Airs_Time>9:00 PM</Airs_Time>
  <ContentRating>TV-14</ContentRating>
  <FirstAired>2010-10-31</FirstAired>
  <Genre>|Drama|Horror|Suspense|</Genre>
  <IMDB_ID>tt1520211</IMDB_ID>
  <Language>en</Language>
  <Network>AMC</Network>
  <NetworkID></NetworkID>
  <Overview>Based on the comic book series of the same name, The Walking Dead tells the story of a small group of survivors living in the aftermath of a zombie apocalypse.</Overview>
  <Rating>8.8</Rating>
  <RatingCount>366</RatingCount>
  <Runtime>60</Runtime>
  <SeriesID>78582</SeriesID>
  <SeriesName>The Walking Dead</SeriesName>
  <Status>Continuing</Status>
  <added>2010-03-30 01:30:16</added>
  <addedBy>76261</addedBy>
  <banner>graphical/153021-g24.jpg</banner>
  <fanart>fanart/original/153021-39.jpg</fanart>
  <lastupdated>1364958411</lastupdated>
  <poster>posters/153021-6.jpg</poster>
  <zap2it_id>SH01324002</zap2it_id>
</Series>
<Episode>
  <id>2993901</id>
  <Combined_episodenumber>1</Combined_episodenumber>
  <Combined_season>0</Combined_season>
  <DVD_chapter></DVD_chapter>
  <DVD_discid></DVD_discid>
  <DVD_episodenumber></DVD_episodenumber>
  <DVD_season></DVD_season>
  <Director></Director>
  <EpImgFlag>2</EpImgFlag>
  <EpisodeName>Season 1 Sneak Peak</EpisodeName>
  <EpisodeNumber>1</EpisodeNumber>
  <FirstAired>2010-10-11</FirstAired>
  <GuestStars></GuestStars>
  <IMDB_ID></IMDB_ID>
  <Language>en</Language>
  <Overview>A preview of the upcoming series.</Overview>
  <ProductionCode></ProductionCode>
  <Rating>8.1</Rating>
  <RatingCount>12</RatingCount>
  <SeasonNumber>0</SeasonNumber>
  <Writer></Writer>
  <absolute_number></absolute_number>
  <airsafter_season></airsafter_season>
  <airsbefore_episode>1</airsbefore_episode>
  <airsbefore_season>1</airsbefore_season>
  <filename>episodes/153021/2993901.jpg</filename>
  <lastupdated>1288650215</lastupdated>
  <seasonid>221451</seasonid>
  <seriesid>153021</seriesid>
</Episode>
<Episode>
  <id>2960601</id>
  <Combined_episodenumber>2</Combined_episodenumber>
  <Combined_season>0</Combined_season>
  <DVD_chapter></DVD_chapter>
  <DVD_discid></DVD_discid>
  <DVD_episodenumber></DVD_episodenumber>
  <DVD_season></DVD_season>
  <Director></Director>
  <EpImgFlag>2</EpImgFlag>
  <EpisodeName>The Making of The Walking Dead</EpisodeName>
  <EpisodeNumber>2</EpisodeNumber>
  <FirstAired>2010-10-11</FirstAired>
  <GuestStars></GuestStars>
  <IMDB_ID></IMDB_ID>
  <Language>en</Language>
  <Overview></Overview>
  <ProductionCode></ProductionCode>
  <Rating>8.0</Rating>
  <RatingCount>15</RatingCount>
  <SeasonNumber>0</SeasonNumber>
  <Writer></Writer>
  <absolute_number></absolute_number>
  <airsafter_season></airsafter_season>
  <airsbefore_episode>1</airsbefore_episode>
  <airsbefore_season>1</airsbefore_season>
  <filename>episodes/153021/2960601.jpg</filename>
  <lastupdated>1288650128</lastupdated>
  <seasonid>221451</seasonid>
  <seriesid>153021</seriesid>
</Episode>
<Episode>
  <id>4185563</id>
  <Combined_episodenumber>3</Combined_episodenumber>
  <Combined_season>0</Combined_season>
  <DVD_chapter></DVD_chapter>
  <DVD_discid></DVD_discid>
  <DVD_episodenumber></DVD_episodenumber>
  <DVD_season></DVD_season>
  <Director></Director>
  <EpImgFlag>2</EpImgFlag>
  <EpisodeName>Torn Apart (1) A New Day</EpisodeName>
  <EpisodeNumber>3</EpisodeNumber>
  <FirstAired>2011-10-03</FirstAired>
  <GuestStars></GuestStars>
  <IMDB_ID></IMDB_ID>
  <Language>en</Language>
  <Overview>Hannah awakens to find her kids missing after a violent car accident.
</Overview>
  <ProductionCode></ProductionCode>
  <Rating>7.4</Rating>
  <RatingCount>18</RatingCount>
  <SeasonNumber>0</SeasonNumber>
  <Writer></Writer>
  <absolute_number></absolute_number>
  <airsafter_season></airsafter_season>
  <airsbefore_episode>1</airsbefore_episode>
  <airsbefore_season>2</airsbefore_season>
  <filename>episodes/153021/4185563.jpg</filename>
  <lastupdated>1318281250</lastupdated>
  <seasonid>221451</seasonid>
  <seriesid>153021</seriesid>
</Episode>
<Episode>
  <id>4185564</id>
  <Combined_episodenumber>4</Combined_episodenumber>
  <Combined_season>0</Combined_season>
  <DVD_chapter></DVD_chapter>
  <DVD_discid></DVD_discid>
  <DVD_episodenumber></DVD_episodenumber>
  <DVD_season></DVD_season>
  <Director></Director>
  <EpImgFlag>2</EpImgFlag>
  <EpisodeName>Torn Apart (2) Family Matters</EpisodeName>
  <EpisodeNumber>4</EpisodeNumber>
  <FirstAired>2011-10-03</FirstAired>
  <GuestStars></GuestStars>
  <IMDB_ID></IMDB_ID>
  <Language>en</Language>
  <Overview>Hannah has an emotional reunion with her kids and seeks refuge in her ex-husband Andrew’s home. While tending to her wounds, Hannah and Andrew try to make sense of the chaotic new world that surrounds them.</Overview>
  <ProductionCode></ProductionCode>
  <Rating>7.3</Rating>
  <RatingCount>16</RatingCount>
  <SeasonNumber>0</SeasonNumber>
  <Writer></Writer>
  <absolute_number></absolute_number>
  <airsafter_season></airsafter_season>
  <airsbefore_episode>1</airsbefore_episode>
  <airsbefore_season>2</airsbefore_season>
  <filename>episodes/153021/4185564.jpg</filename>
  <lastupdated>1318281292</lastupdated>
  <seasonid>221451</seasonid>
  <seriesid>153021</seriesid>
</Episode>
<Episode>
  <id>4185565</id>
  <Combined_episodenumber>5</Combined_episodenumber>
  <Combined_season>0</Combined_season>
  <DVD_chapter></DVD_chapter>
  <DVD_discid></DVD_discid>
  <DVD_episodenumber></DVD_episodenumber>
  <DVD_season></DVD_season>
  <Director></Director>
  <EpImgFlag>2</EpImgFlag>
  <EpisodeName>Torn Apart (3) Domestic Violence</EpisodeName>
  <EpisodeNumber>5</EpisodeNumber>
  <FirstAired>2011-10-03</FirstAired>
  <GuestStars></GuestStars>
  <IMDB_ID></IMDB_ID>
  <Language>en</Language>
  <Overview>Judy’s effort to save a stranger leads to a deadly encounter with Andrew.
</Overview>
  <ProductionCode></ProductionCode>
  <Rating>7.4</Rating>
  <RatingCount>17</RatingCount>
  <SeasonNumber>0</SeasonNumber>
  <Writer></Writer>
  <absolute_number></absolute_number>
  <airsafter_season></airsafter_season>
  <airsbefore_episode>1</airsbefore_episode>
  <airsbefore_season>2</airsbefore_season>
  <filename>episodes/153021/4185565.jpg</filename>
  <lastupdated>1318281331</lastupdated>
  <seasonid>221451</seasonid>
  <seriesid>153021</seriesid>
</Episode>
<Episode>
  <id>4185566</id>
  <Combined_episodenumber>6</Combined_episodenumber>
  <Combined_season>0</Combined_season>
  <DVD_chapter></DVD_chapter>
  <DVD_discid></DVD_discid>
  <DVD_episodenumber></DVD_episodenumber>
  <DVD_season></DVD_season>
  <Director></Director>
  <EpImgFlag>2</EpImgFlag>
  <EpisodeName>Torn Apart (4) Neighborly Advice</EpisodeName>
  <EpisodeNumber>6</EpisodeNumber>
  <FirstAired>2011-10-03</FirstAired>
  <GuestStars></GuestStars>
  <IMDB_ID></IMDB_ID>
  <Language>en</Language>
  <Overview>Andrew goes to his neighbor Palmer’s basement in search of guns and supplies. Once there, the two have a man to man conversation and finally come to an understanding with one another.</Overview>
  <ProductionCode></ProductionCode>
  <Rating>7.4</Rating>
  <RatingCount>16</RatingCount>
  <SeasonNumber>0</SeasonNumber>
  <Writer></Writer>
  <absolute_number></absolute_number>
  <airsafter_season></airsafter_season>
  <airsbefore_episode>1</airsbefore_episode>
  <airsbefore_season>2</airsbefore_season>
  <filename>episodes/153021/4185566.jpg</filename>
  <lastupdated>1318281367</lastupdated>
  <seasonid>221451</seasonid>
  <seriesid>153021</seriesid>
</Episode>
<Episode>
  <id>4185567</id>
  <Combined_episodenumber>7</Combined_episodenumber>
  <Combined_season>0</Combined_season>
  <DVD_chapter></DVD_chapter>
  <DVD_discid></DVD_discid>
  <DVD_episodenumber></DVD_episodenumber>
  <DVD_season></DVD_season>
  <Director></Director>
  <EpImgFlag>2</EpImgFlag>
  <EpisodeName>Torn Apart (5) Step Mother</EpisodeName>
  <EpisodeNumber>7</EpisodeNumber>
  <FirstAired>2011-10-03</FirstAired>
  <GuestStars></GuestStars>
  <IMDB_ID></IMDB_ID>
  <Language>en</Language>
  <Overview>Hannah and Judy struggle for control of the children.</Overview>
  <ProductionCode></ProductionCode>
  <Rating>7.5</Rating>
  <RatingCount>14</RatingCount>
  <SeasonNumber>0</SeasonNumber>
  <Writer></Writer>
  <absolute_number></absolute_number>
  <airsafter_season></airsafter_season>
  <airsbefore_episode>1</airsbefore_episode>
  <airsbefore_season>2</airsbefore_season>
  <filename>episodes/153021/4185567.jpg</filename>
  <lastupdated>1318281405</lastupdated>
  <seasonid>221451</seasonid>
  <seriesid>153021</seriesid>
</Episode>
<Episode>
  <id>4185568</id>
  <Combined_episodenumber>8</Combined_episodenumber>
  <Combined_season>0</Combined_season>
  <DVD_chapter></DVD_chapter>
  <DVD_discid></DVD_discid>
  <DVD_episodenumber></DVD_episodenumber>
  <DVD_season></DVD_season>
  <Director></Director>
  <EpImgFlag>2</EpImgFlag>
  <EpisodeName>Torn Apart (6) Everything Dies</EpisodeName>
  <EpisodeNumber>8</EpisodeNumber>
  <FirstAired>2011-10-03</FirstAired>
  <GuestStars></GuestStars>
  <IMDB_ID></IMDB_ID>
  <Language>en</Language>
  <Overview>The family makes a desperate attempt to get to safety amid a rapidly growing swarm of walkers.</Overview>
  <ProductionCode></ProductionCode>
  <Rating>7.8</Rating>
  <RatingCount>16</RatingCount>
  <SeasonNumber>0</SeasonNumber>
  <Writer></Writer>
  <absolute_number></absolute_number>
  <airsafter_season></airsafter_season>
  <airsbefore_episode>1</airsbefore_episode>
  <airsbefore_season>2</airsbefore_season>
  <filename>episodes/153021/4185568.jpg</filename>
  <lastupdated>1318281436</lastupdated>
  <seasonid>221451</seasonid>
  <seriesid>153021</seriesid>
</Episode>
<Episode>
  <id>4349692</id>
  <Combined_episodenumber>9</Combined_episodenumber>
  <Combined_season>0</Combined_season>
  <DVD_chapter></DVD_chapter>
  <DVD_discid></DVD_discid>
  <DVD_episodenumber></DVD_episodenumber>
  <DVD_season></DVD_season>
  <Director></Director>
  <EpImgFlag>2</EpImgFlag>
  <EpisodeName>Inside The Walking Dead: Days Gone By</EpisodeName>
  <EpisodeNumber>9</EpisodeNumber>
  <FirstAired>2010-10-31</FirstAired>
  <GuestStars></GuestStars>
  <IMDB_ID></IMDB_ID>
  <Language>en</Language>
  <Overview>Behind the scenes of Episode 1</Overview>
  <ProductionCode></ProductionCode>
  <Rating>6.5</Rating>
  <RatingCount>2</RatingCount>
  <SeasonNumber>0</SeasonNumber>
  <Writer></Writer>
  <absolute_number></absolute_number>
  <airsafter_season></airsafter_season>
  <airsbefore_episode>2</airsbefore_episode>
  <airsbefore_season>1</airsbefore_season>
  <filename>episodes/153021/4349692.jpg</filename>
  <lastupdated>1346350562</lastupdated>
  <seasonid>221451</seasonid>
  <seriesid>153021</seriesid>
</Episode>
<Episode>
  <id>4349693</id>
  <Combined_episodenumber>10</Combined_episodenumber>
  <Combined_season>0</Combined_season>
  <DVD_chapter></DVD_chapter>
  <DVD_discid></DVD_discid>
  <DVD_episodenumber></DVD_episodenumber>
  <DVD_season></DVD_season>
  <Director></Director>
  <EpImgFlag>2</EpImgFlag>
  <EpisodeName>Inside The Walking Dead: Guts</EpisodeName>
  <EpisodeNumber>10</EpisodeNumber>
  <FirstAired>2010-11-07</FirstAired>
  <GuestStars></GuestStars>
  <IMDB_ID></IMDB_ID>
  <Language>en</Language>
  <Overview>Behind the scenes of episode 2</Overview>
  <ProductionCode></ProductionCode>
  <Rating>7.5</Rating>
  <RatingCount>2</RatingCount>
  <SeasonNumber>0</SeasonNumber>
  <Writer></Writer>
  <absolute_number></absolute_number>
  <airsafter_season></airsafter_season>
  <airsbefore_episode>3</airsbefore_episode>
  <airsbefore_season>1</airsbefore_season>
  <filename>episodes/153021/4349693.jpg</filename>
  <lastupdated>1346350596</lastupdated>
  <seasonid>221451</seasonid>
  <seriesid>153021</seriesid>
</Episode>
<Episode>
  <id>4349696</id>
  <Combined_episodenumber>11</Combined_episodenumber>
  <Combined_season>0</Combined_season>
  <DVD_chapter></DVD_chapter>
  <DVD_discid></DVD_discid>
  <DVD_episodenumber></DVD_episodenumber>
  <DVD_season></DVD_season>
  <Director></Director>
  <EpImgFlag>2</EpImgFlag>
  <EpisodeName>Inside The Walking Dead: Tell it to the Frogs</EpisodeName>
  <EpisodeNumber>11</EpisodeNumber>
  <FirstAired>2010-11-14</FirstAired>
  <GuestStars></GuestStars>
  <IMDB_ID></IMDB_ID>
  <Language>en</Language>
  <Overview>Behind the scenes of Episode 3</Overview>
  <ProductionCode></ProductionCode>
  <Rating>7.0</Rating>
  <RatingCount>2</RatingCount>
  <SeasonNumber>0</SeasonNumber>
  <Writer></Writer>
  <absolute_number></absolute_number>
  <airsafter_season></airsafter_season>
  <airsbefore_episode>4</airsbefore_episode>
  <airsbefore_season>1</airsbefore_season>
  <filename>episodes/153021/4349696.jpg</filename>
  <lastupdated>1346350609</lastupdated>
  <seasonid>221451</seasonid>
  <seriesid>153021</seriesid>
</Episode>
<Episode>
  <id>4349697</id>
  <Combined_episodenumber>12</Combined_episodenumber>
  <Combined_season>0</Combined_season>
  <DVD_chapter></DVD_chapter>
  <DVD_discid></DVD_discid>
  <DVD_episodenumber></DVD_episodenumber>
  <DVD_season></DVD_season>
  <Director></Director>
  <EpImgFlag>2</EpImgFlag>
  <EpisodeName>Inside The Walking Dead: Vatos</EpisodeName>
  <EpisodeNumber>12</EpisodeNumber>
  <FirstAired>2010-11-21</FirstAired>
  <GuestStars></GuestStars>
  <IMDB_ID></IMDB_ID>
  <Language>en</Language>
  <Overview></Overview>
  <ProductionCode></ProductionCode>
  <Rating>6.0</Rating>
  <RatingCount>2</RatingCount>
  <SeasonNumber>0</SeasonNumber>
  <Writer></Writer>
  <absolute_number></absolute_number>
  <airsafter_season></airsafter_season>
  <airsbefore_episode>5</airsbefore_episode>
  <airsbefore_season>1</airsbefore_season>
  <filename>episodes/153021/4349697.jpg</filename>
  <lastupdated>1346350646</lastupdated>
  <seasonid>221451</seasonid>
  <seriesid>153021</seriesid>
</Episode>
<Episode>
  <id>4349700</id>
  <Combined_episodenumber>13</Combined_episodenumber>
  <Combined_season>0</Combined_season>
  <DVD_chapter></DVD_chapter>
  <DVD_discid></DVD_discid>
  <DVD_episodenumber></DVD_episodenumber>
  <DVD_season></DVD_season>
  <Director></Director>
  <EpImgFlag>2</EpImgFlag>
  <EpisodeName>Inside The Walking Dead: Wildfire</EpisodeName>
  <EpisodeNumber>13</EpisodeNumber>
  <FirstAired>2010-11-28</FirstAired>
  <GuestStars></GuestStars>
  <IMDB_ID></IMDB_ID>
  <Language>en</Language>
  <Overview></Overview>
  <ProductionCode></ProductionCode>
  <Rating>6.5</Rating>
  <RatingCount>2</RatingCount>
  <SeasonNumber>0</SeasonNumber>
  <Writer></Writer>
  <absolute_number></absolute_number>
  <airsafter_season></airsafter_season>
  <airsbefore_episode>6</airsbefore_episode>
  <airsbefore_season>1</airsbefore_season>
  <filename>episodes/153021/4349700.jpg</filename>
  <lastupdated>1346350715</lastupdated>
  <seasonid>221451</seasonid>
  <seriesid>153021</seriesid>
</Episode>
<Episode>
  <id>4349701</id>
  <Combined_episodenumber>14</Combined_episodenumber>
  <Combined_season>0</Combined_season>
  <DVD_chapter></DVD_chapter>
  <DVD_discid></DVD_discid>
  <DVD_episodenumber></DVD_episodenumber>
  <DVD_season></DVD_season>
  <Director></Director>
  <EpImgFlag>2</EpImgFlag>
  <EpisodeName>Inside The Walking Dead: TS-19</EpisodeName>
  <EpisodeNumber>14</EpisodeNumber>
  <FirstAired>2010-12-05</FirstAired>
  <GuestStars></GuestStars>
  <IMDB_ID></IMDB_ID>
  <Language>en</Language>
  <Overview></Overview>
  <ProductionCode></ProductionCode>
  <Rating>7.0</Rating>
  <RatingCount>2</RatingCount>
  <SeasonNumber>0</SeasonNumber>
  <Writer></Writer>
  <absolute_number></absolute_number>
  <airsafter_season>1</airsafter_season>
  <airsbefore_episode></airsbefore_episode>
  <airsbefore_season></airsbefore_season>
  <filename>episodes/153021/4349701.jpg</filename>
  <lastupdated>1346350755</lastupdated>
  <seasonid>221451</seasonid>
  <seriesid>153021</seriesid>
</Episode>
<Episode>
  <id>4352202</id>
  <Combined_episodenumber>15</Combined_episodenumber>
  <Combined_season>0</Combined_season>
  <DVD_chapter></DVD_chapter>
  <DVD_discid></DVD_discid>
  <DVD_episodenumber></DVD_episodenumber>
  <DVD_season></DVD_season>
  <Director></Director>
  <EpImgFlag>2</EpImgFlag>
  <EpisodeName>Inside The Walking Dead: What Lies Ahead</EpisodeName>
  <EpisodeNumber>15</EpisodeNumber>
  <FirstAired>2011-10-16</FirstAired>
  <GuestStars></GuestStars>
  <IMDB_ID></IMDB_ID>
  <Language>en</Language>
  <Overview>Andrew Lincoln and his costars from The Walking Dead talk about developing their characters, a wrenching storyline, and more zombie killing in the thrilling season 2 premiere.</Overview>
  <ProductionCode></ProductionCode>
  <Rating></Rating>
  <RatingCount>0</RatingCount>
  <SeasonNumber>0</SeasonNumber>
  <Writer></Writer>
  <absolute_number></absolute_number>
  <airsafter_season></airsafter_season>
  <airsbefore_episode>2</airsbefore_episode>
  <airsbefore_season>2</airsbefore_season>
  <filename>episodes/153021/4352202.jpg</filename>
  <lastupdated>1346351401</lastupdated>
  <seasonid>221451</seasonid>
  <seriesid>153021</seriesid>
</Episode>
<Episode>
  <id>4352203</id>
  <Combined_episodenumber>16</Combined_episodenumber>
  <Combined_season>0</Combined_season>
  <DVD_chapter></DVD_chapter>
  <DVD_discid></DVD_discid>
  <DVD_episodenumber></DVD_episodenumber>
  <DVD_season></DVD_season>
  <Director></Director>
  <EpImgFlag>2</EpImgFlag>
  <EpisodeName>Inside The Walking Dead: Bloodletting</EpisodeName>
  <EpisodeNumber>16</EpisodeNumber>
  <FirstAired>2011-10-23</FirstAired>
  <GuestStars></GuestStars>
  <IMDB_ID></IMDB_ID>
  <Language>en</Language>
  <Overview></Overview>
  <ProductionCode></ProductionCode>
  <Rating></Rating>
  <RatingCount>0</RatingCount>
  <SeasonNumber>0</SeasonNumber>
  <Writer></Writer>
  <absolute_number></absolute_number>
  <airsafter_season></airsafter_season>
  <airsbefore_episode>3</airsbefore_episode>
  <airsbefore_season>2</airsbefore_season>
  <filename>episodes/153021/4352203.jpg</filename>
  <lastupdated>1346351426</lastupdated>
  <seasonid>221451</seasonid>
  <seriesid>153021</seriesid>
</Episode>
<Episode>
  <id>4349704</id>
  <Combined_episodenumber>17</Combined_episodenumber>
  <Combined_season>0</Combined_season>
  <DVD_chapter></DVD_chapter>
  <DVD_discid></DVD_discid>
  <DVD_episodenumber></DVD_episodenumber>
  <DVD_season></DVD_season>
  <Director></Director>
  <EpImgFlag>2</EpImgFlag>
  <EpisodeName>Inside The Walking Dead: Save the Last One</EpisodeName>
  <EpisodeNumber>17</EpisodeNumber>
  <FirstAired>2011-10-30</FirstAired>
  <GuestStars></GuestStars>
  <IMDB_ID></IMDB_ID>
  <Language>en</Language>
  <Overview></Overview>
  <ProductionCode></ProductionCode>
  <Rating></Rating>
  <RatingCount>0</RatingCount>
  <SeasonNumber>0</SeasonNumber>
  <Writer></Writer>
  <absolute_number></absolute_number>
  <airsafter_season></airsafter_season>
  <airsbefore_episode>4</airsbefore_episode>
  <airsbefore_season>2</airsbefore_season>
  <filename>episodes/153021/4349704.jpg</filename>
  <lastupdated>1346351877</lastupdated>
  <seasonid>221451</seasonid>
  <seriesid>153021</seriesid>
</Episode>
<Episode>
  <id>4349705</id>
  <Combined_episodenumber>18</Combined_episodenumber>
  <Combined_season>0</Combined_season>
  <DVD_chapter></DVD_chapter>
  <DVD_discid></DVD_discid>
  <DVD_episodenumber></DVD_episodenumber>
  <DVD_season></DVD_season>
  <Director></Director>
  <EpImgFlag>2</EpImgFlag>
  <EpisodeName>Inside The Walking Dead: Cherokee Rose</EpisodeName>
  <EpisodeNumber>18</EpisodeNumber>
  <FirstAired>2011-11-06</FirstAired>
  <GuestStars></GuestStars>
  <IMDB_ID></IMDB_ID>
  <Language>en</Language>
  <Overview></Overview>
  <ProductionCode></ProductionCode>
  <Rating></Rating>
  <RatingCount>0</RatingCount>
  <SeasonNumber>0</SeasonNumber>
  <Writer></Writer>
  <absolute_number></absolute_number>
  <airsafter_season></airsafter_season>
  <airsbefore_episode>5</airsbefore_episode>
  <airsbefore_season>2</airsbefore_season>
  <filename>episodes/153021/4349705.jpg</filename>
  <lastupdated>1346351908</lastupdated>
  <seasonid>221451</seasonid>
  <seriesid>153021</seriesid>
</Episode>
<Episode>
  <id>4349706</id>
  <Combined_episodenumber>19</Combined_episodenumber>
  <Combined_season>0</Combined_season>
  <DVD_chapter></DVD_chapter>
  <DVD_discid></DVD_discid>
  <DVD_episodenumber></DVD_episodenumber>
  <DVD_season></DVD_season>
  <Director></Director>
  <EpImgFlag>2</EpImgFlag>
  <EpisodeName>Inside The Walking Dead: Chupacabra</EpisodeName>
  <EpisodeNumber>19</EpisodeNumber>
  <FirstAired>2011-11-13</FirstAired>
  <GuestStars></GuestStars>
  <IMDB_ID></IMDB_ID>
  <Language>en</Language>
  <Overview></Overview>
  <ProductionCode></ProductionCode>
  <Rating></Rating>
  <RatingCount>0</RatingCount>
  <SeasonNumber>0</SeasonNumber>
  <Writer></Writer>
  <absolute_number></absolute_number>
  <airsafter_season></airsafter_season>
  <airsbefore_episode>6</airsbefore_episode>
  <airsbefore_season>2</airsbefore_season>
  <filename>episodes/153021/4349706.jpg</filename>
  <lastupdated>1346351922</lastupdated>
  <seasonid>221451</seasonid>
  <seriesid>153021</seriesid>
</Episode>
<Episode>
  <id>4349707</id>
  <Combined_episodenumber>20</Combined_episodenumber>
  <Combined_season>0</Combined_season>
  <DVD_chapter></DVD_chapter>
  <DVD_discid></DVD_discid>
  <DVD_episodenumber></DVD_episodenumber>
  <DVD_season></DVD_season>
  <Director></Director>
  <EpImgFlag>2</EpImgFlag>
  <EpisodeName>Inside The Walking Dead: Secrets</EpisodeName>
  <EpisodeNumber>20</EpisodeNumber>
  <FirstAired>2011-11-20</FirstAired>
  <GuestStars></GuestStars>
  <IMDB_ID></IMDB_ID>
  <Language>en</Language>
  <Overview></Overview>
  <ProductionCode></ProductionCode>
  <Rating></Rating>
  <RatingCount>0</RatingCount>
  <SeasonNumber>0</SeasonNumber>
  <Writer></Writer>
  <absolute_number></absolute_number>
  <airsafter_season></airsafter_season>
  <airsbefore_episode>7</airsbefore_episode>
  <airsbefore_season>2</airsbefore_season>
  <filename>episodes/153021/4349707.jpg</filename>
  <lastupdated>1346351931</lastupdated>
  <seasonid>221451</seasonid>
  <seriesid>153021</seriesid>
</Episode>
<Episode>
  <id>4349708</id>
  <Combined_episodenumber>21</Combined_episodenumber>
  <Combined_season>0</Combined_season>
  <DVD_chapter></DVD_chapter>
  <DVD_discid></DVD_discid>
  <DVD_episodenumber></DVD_episodenumber>
  <DVD_season></DVD_season>
  <Director></Director>
  <EpImgFlag>2</EpImgFlag>
  <EpisodeName>Inside The Walking Dead: Pretty Much Dead Already</EpisodeName>
  <EpisodeNumber>21</EpisodeNumber>
  <FirstAired>2011-11-27</FirstAired>
  <GuestStars></GuestStars>
  <IMDB_ID></IMDB_ID>
  <Language>en</Language>
  <Overview></Overview>
  <ProductionCode></ProductionCode>
  <Rating></Rating>
  <RatingCount>0</RatingCount>
  <SeasonNumber>0</SeasonNumber>
  <Writer></Writer>
  <absolute_number></absolute_number>
  <airsafter_season></airsafter_season>
  <airsbefore_episode>8</airsbefore_episode>
  <airsbefore_season>2</airsbefore_season>
  <filename>episodes/153021/4349708.jpg</filename>
  <lastupdated>1346351940</lastupdated>
  <seasonid>221451</seasonid>
  <seriesid>153021</seriesid>
</Episode>
<Episode>
  <id>4349709</id>
  <Combined_episodenumber>22</Combined_episodenumber>
  <Combined_season>0</Combined_season>
  <DVD_chapter></DVD_chapter>
  <DVD_discid></DVD_discid>
  <DVD_episodenumber></DVD_episodenumber>
  <DVD_season></DVD_season>
  <Director></Director>
  <EpImgFlag>2</EpImgFlag>
  <EpisodeName>Inside The Walking Dead: Nebraska</EpisodeName>
  <EpisodeNumber>22</EpisodeNumber>
  <FirstAired>2011-02-12</FirstAired>
  <GuestStars></GuestStars>
  <IMDB_ID></IMDB_ID>
  <Language>en</Language>
  <Overview></Overview>
  <ProductionCode></ProductionCode>
  <Rating></Rating>
  <RatingCount>0</RatingCount>
  <SeasonNumber>0</SeasonNumber>
  <Writer></Writer>
  <absolute_number></absolute_number>
  <airsafter_season></airsafter_season>
  <airsbefore_episode>9</airsbefore_episode>
  <airsbefore_season>2</airsbefore_season>
  <filename>episodes/153021/4349709.jpg</filename>
  <lastupdated>1346351955</lastupdated>
  <seasonid>221451</seasonid>
  <seriesid>153021</seriesid>
</Episode>
<Episode>
  <id>4349710</id>
  <Combined_episodenumber>23</Combined_episodenumber>
  <Combined_season>0</Combined_season>
  <DVD_chapter></DVD_chapter>
  <DVD_discid></DVD_discid>
  <DVD_episodenumber></DVD_episodenumber>
  <DVD_season></DVD_season>
  <Director></Director>
  <EpImgFlag>2</EpImgFlag>
  <EpisodeName>Inside The Walking Dead: Triggerfinger</EpisodeName>
  <EpisodeNumber>23</EpisodeNumber>
  <FirstAired>2012-02-19</FirstAired>
  <GuestStars></GuestStars>
  <IMDB_ID></IMDB_ID>
  <Language>en</Language>
  <Overview></Overview>
  <ProductionCode></ProductionCode>
  <Rating></Rating>
  <RatingCount>0</RatingCount>
  <SeasonNumber>0</SeasonNumber>
  <Writer></Writer>
  <absolute_number></absolute_number>
  <airsafter_season></airsafter_season>
  <airsbefore_episode>10</airsbefore_episode>
  <airsbefore_season>2</airsbefore_season>
  <filename>episodes/153021/4349710.jpg</filename>
  <lastupdated>1346351965</lastupdated>
  <seasonid>221451</seasonid>
  <seriesid>153021</seriesid>
</Episode>
<Episode>
  <id>4349711</id>
  <Combined_episodenumber>24</Combined_episodenumber>
  <Combined_season>0</Combined_season>
  <DVD_chapter></DVD_chapter>
  <DVD_discid></DVD_discid>
  <DVD_episodenumber></DVD_episodenumber>
  <DVD_season></DVD_season>
  <Director></Director>
  <EpImgFlag>2</EpImgFlag>
  <EpisodeName>Inside The Walking Dead: 18 Miles Out</EpisodeName>
  <EpisodeNumber>24</EpisodeNumber>
  <FirstAired>2012-02-26</FirstAired>
  <GuestStars></GuestStars>
  <IMDB_ID></IMDB_ID>
  <Language>en</Language>
  <Overview></Overview>
  <ProductionCode></ProductionCode>
  <Rating></Rating>
  <RatingCount>0</RatingCount>
  <SeasonNumber>0</SeasonNumber>
  <Writer></Writer>
  <absolute_number></absolute_number>
  <airsafter_season></airsafter_season>
  <airsbefore_episode>11</airsbefore_episode>
  <airsbefore_season>2</airsbefore_season>
  <filename>episodes/153021/4349711.jpg</filename>
  <lastupdated>1346351978</lastupdated>
  <seasonid>221451</seasonid>
  <seriesid>153021</seriesid>
</Episode>
<Episode>
  <id>4349712</id>
  <Combined_episodenumber>25</Combined_episodenumber>
  <Combined_season>0</Combined_season>
  <DVD_chapter></DVD_chapter>
  <DVD_discid></DVD_discid>
  <DVD_episodenumber></DVD_episodenumber>
  <DVD_season></DVD_season>
  <Director></Director>
  <EpImgFlag>2</EpImgFlag>
  <EpisodeName>Inside The Walking Dead: Judge, Jury, Executioner.</EpisodeName>
  <EpisodeNumber>25</EpisodeNumber>
  <FirstAired>2012-03-04</FirstAired>
  <GuestStars></GuestStars>
  <IMDB_ID></IMDB_ID>
  <Language>en</Language>
  <Overview></Overview>
  <ProductionCode></ProductionCode>
  <Rating></Rating>
  <RatingCount>0</RatingCount>
  <SeasonNumber>0</SeasonNumber>
  <Writer></Writer>
  <absolute_number></absolute_number>
  <airsafter_season></airsafter_season>
  <airsbefore_episode>12</airsbefore_episode>
  <airsbefore_season>2</airsbefore_season>
  <filename>episodes/153021/4349712.jpg</filename>
  <lastupdated>1346351989</lastupdated>
  <seasonid>221451</seasonid>
  <seriesid>153021</seriesid>
</Episode>
<Episode>
  <id>4349713</id>
  <Combined_episodenumber>26</Combined_episodenumber>
  <Combined_season>0</Combined_season>
  <DVD_chapter></DVD_chapter>
  <DVD_discid></DVD_discid>
  <DVD_episodenumber></DVD_episodenumber>
  <DVD_season></DVD_season>
  <Director></Director>
  <EpImgFlag>2</EpImgFlag>
  <EpisodeName>Inside The Walking Dead: Better Angels</EpisodeName>
  <EpisodeNumber>26</EpisodeNumber>
  <FirstAired>2012-03-11</FirstAired>
  <GuestStars></GuestStars>
  <IMDB_ID></IMDB_ID>
  <Language>en</Language>
  <Overview></Overview>
  <ProductionCode></ProductionCode>
  <Rating></Rating>
  <RatingCount>0</RatingCount>
  <SeasonNumber>0</SeasonNumber>
  <Writer></Writer>
  <absolute_number></absolute_number>
  <airsafter_season></airsafter_season>
  <airsbefore_episode>13</airsbefore_episode>
  <airsbefore_season>2</airsbefore_season>
  <filename>episodes/153021/4349713.jpg</filename>
  <lastupdated>1346352000</lastupdated>
  <seasonid>221451</seasonid>
  <seriesid>153021</seriesid>
</Episode>
<Episode>
  <id>4349714</id>
  <Combined_episodenumber>27</Combined_episodenumber>
  <Combined_season>0</Combined_season>
  <DVD_chapter></DVD_chapter>
  <DVD_discid></DVD_discid>
  <DVD_episodenumber></DVD_episodenumber>
  <DVD_season></DVD_season>
  <Director></Director>
  <EpImgFlag>2</EpImgFlag>
  <EpisodeName>Inside The Walking Dead: Beside the Dying Fire</EpisodeName>
  <EpisodeNumber>27</EpisodeNumber>
  <FirstAired>2012-03-18</FirstAired>
  <GuestStars></GuestStars>
  <IMDB_ID></IMDB_ID>
  <Language>en</Language>
  <Overview></Overview>
  <ProductionCode></ProductionCode>
  <Rating></Rating>
  <RatingCount>0</RatingCount>
  <SeasonNumber>0</SeasonNumber>
  <Writer></Writer>
  <absolute_number></absolute_number>
  <airsafter_season>2</airsafter_season>
  <airsbefore_episode></airsbefore_episode>
  <airsbefore_season></airsbefore_season>
  <filename>episodes/153021/4349714.jpg</filename>
  <lastupdated>1346352017</lastupdated>
  <seasonid>221451</seasonid>
  <seriesid>153021</seriesid>
</Episode>
<Episode>
  <id>4415646</id>
  <Combined_episodenumber>28</Combined_episodenumber>
  <Combined_season>0</Combined_season>
  <DVD_chapter></DVD_chapter>
  <DVD_discid></DVD_discid>
  <DVD_episodenumber></DVD_episodenumber>
  <DVD_season></DVD_season>
  <Director>Greg Nicotero</Director>
  <EpImgFlag>2</EpImgFlag>
  <EpisodeName>Cold Storage: Hide and Seek</EpisodeName>
  <EpisodeNumber>28</EpisodeNumber>
  <FirstAired>2012-10-01</FirstAired>
  <GuestStars>Josh Stewart|Daniel Roebuck|erina Vincent|Chris Nelson</GuestStars>
  <IMDB_ID></IMDB_ID>
  <Language>en</Language>
  <Overview>Chase seeks refuge from a horde of walkers in an abandoned storage facility. However, he may not be the only survivor left there.</Overview>
  <ProductionCode></ProductionCode>
  <Rating>6.9</Rating>
  <RatingCount>7</RatingCount>
  <SeasonNumber>0</SeasonNumber>
  <Writer></Writer>
  <absolute_number></absolute_number>
  <airsafter_season></airsafter_season>
  <airsbefore_episode>1</airsbefore_episode>
  <airsbefore_season>3</airsbefore_season>
  <filename>episodes/153021/4415646.jpg</filename>
  <lastupdated>1350907179</lastupdated>
  <seasonid>221451</seasonid>
  <seriesid>153021</seriesid>
</Episode>
<Episode>
  <id>4415647</id>
  <Combined_episodenumber>29</Combined_episodenumber>
  <Combined_season>0</Combined_season>
  <DVD_chapter></DVD_chapter>
  <DVD_discid></DVD_discid>
  <DVD_episodenumber></DVD_episodenumber>
  <DVD_season></DVD_season>
  <Director>Greg Nicotero</Director>
  <EpImgFlag>2</EpImgFlag>
  <EpisodeName>Cold Storage: Keys to the Kingdom</EpisodeName>
  <EpisodeNumber>29</EpisodeNumber>
  <FirstAired>2012-10-01</FirstAired>
  <GuestStars>Josh Stewart|Daniel Roebuck|erina Vincent|Chris Nelson</GuestStars>
  <IMDB_ID></IMDB_ID>
  <Language>en</Language>
  <Overview>B.J. gives Chase a tour of the storage facility. But despite his affable demeanor, B.J. may be hiding a dark secret.</Overview>
  <ProductionCode></ProductionCode>
  <Rating>7.1</Rating>
  <RatingCount>7</RatingCount>
  <SeasonNumber>0</SeasonNumber>
  <Writer></Writer>
  <absolute_number></absolute_number>
  <airsafter_season></airsafter_season>
  <airsbefore_episode>1</airsbefore_episode>
  <airsbefore_season>3</airsbefore_season>
  <filename>episodes/153021/4415647.jpg</filename>
  <lastupdated>1350907268</lastupdated>
  <seasonid>221451</seasonid>
  <seriesid>153021</seriesid>
</Episode>
<Episode>
  <id>4415648</id>
  <Combined_episodenumber>30</Combined_episodenumber>
  <Combined_season>0</Combined_season>
  <DVD_chapter></DVD_chapter>
  <DVD_discid></DVD_discid>
  <DVD_episodenumber></DVD_episodenumber>
  <DVD_season></DVD_season>
  <Director>Greg Nicotero</Director>
  <EpImgFlag>2</EpImgFlag>
  <EpisodeName>Cold Storage: The Chosen Ones</EpisodeName>
  <EpisodeNumber>30</EpisodeNumber>
  <FirstAired>2012-10-01</FirstAired>
  <GuestStars>Josh Stewart|Daniel Roebuck|erina Vincent|Chris Nelson</GuestStars>
  <IMDB_ID></IMDB_ID>
  <Language>en</Language>
  <Overview>In order to keep the electricity flowing, Chase must venture into the darkness to help B.J. reset the generators.</Overview>
  <ProductionCode></ProductionCode>
  <Rating>7.6</Rating>
  <RatingCount>7</RatingCount>
  <SeasonNumber>0</SeasonNumber>
  <Writer></Writer>
  <absolute_number></absolute_number>
  <airsafter_season></airsafter_season>
  <airsbefore_episode>1</airsbefore_episode>
  <airsbefore_season>3</airsbefore_season>
  <filename>episodes/153021/4415648.jpg</filename>
  <lastupdated>1350907379</lastupdated>
  <seasonid>221451</seasonid>
  <seriesid>153021</seriesid>
</Episode>
<Episode>
  <id>4415649</id>
  <Combined_episodenumber>31</Combined_episodenumber>
  <Combined_season>0</Combined_season>
  <DVD_chapter></DVD_chapter>
  <DVD_discid></DVD_discid>
  <DVD_episodenumber></DVD_episodenumber>
  <DVD_season></DVD_season>
  <Director>Greg Nicotero</Director>
  <EpImgFlag>3</EpImgFlag>
  <EpisodeName>Cold Storage: Parting Shots</EpisodeName>
  <EpisodeNumber>31</EpisodeNumber>
  <FirstAired>2012-10-01</FirstAired>
  <GuestStars>Josh Stewart|Daniel Roebuck|erina Vincent|Chris Nelson</GuestStars>
  <IMDB_ID></IMDB_ID>
  <Language>en</Language>
  <Overview>Chase discovers B.J.’s dark secret. While attempting to escape, Chase is confronted by B.J. and the two engage in a final standoff.</Overview>
  <ProductionCode></ProductionCode>
  <Rating>8.0</Rating>
  <RatingCount>6</RatingCount>
  <SeasonNumber>0</SeasonNumber>
  <Writer></Writer>
  <absolute_number></absolute_number>
  <airsafter_season></airsafter_season>
  <airsbefore_episode>1</airsbefore_episode>
  <airsbefore_season>3</airsbefore_season>
  <filename>episodes/153021/4415649.jpg</filename>
  <lastupdated>1350907813</lastupdated>
  <seasonid>221451</seasonid>
  <seriesid>153021</seriesid>
</Episode>
<Episode>
  <id>2493011</id>
  <Combined_episodenumber>1</Combined_episodenumber>
  <Combined_season>1</Combined_season>
  <DVD_chapter></DVD_chapter>
  <DVD_discid></DVD_discid>
  <DVD_episodenumber></DVD_episodenumber>
  <DVD_season></DVD_season>
  <Director>Frank Darabont</Director>
  <EpImgFlag>2</EpImgFlag>
  <EpisodeName>Days Gone Bye</EpisodeName>
  <EpisodeNumber>1</EpisodeNumber>
  <FirstAired>2010-10-31</FirstAired>
  <GuestStars></GuestStars>
  <IMDB_ID>tt1589921</IMDB_ID>
  <Language>en</Language>
  <Overview>Rick searches for his family after emerging from a coma into a world terrorized by the walking dead. Morgan and Duane, whom he meets along the way, help teach Rick the new rules for survival.</Overview>
  <ProductionCode></ProductionCode>
  <Rating>8.0</Rating>
  <RatingCount>429</RatingCount>
  <SeasonNumber>1</SeasonNumber>
  <Writer>Frank Darabont</Writer>
  <absolute_number>1</absolute_number>
  <filename>episodes/153021/2493011.jpg</filename>
  <lastupdated>1306086133</lastupdated>
  <seasonid>280441</seasonid>
  <seriesid>153021</seriesid>
</Episode>
<Episode>
  <id>2493181</id>
  <Combined_episodenumber>2</Combined_episodenumber>
  <Combined_season>1</Combined_season>
  <DVD_chapter></DVD_chapter>
  <DVD_discid></DVD_discid>
  <DVD_episodenumber></DVD_episodenumber>
  <DVD_season></DVD_season>
  <Director>Michelle MacLaren</Director>
  <EpImgFlag>2</EpImgFlag>
  <EpisodeName>Guts</EpisodeName>
  <EpisodeNumber>2</EpisodeNumber>
  <FirstAired>2010-11-07</FirstAired>
  <GuestStars>Michael Rooker</GuestStars>
  <IMDB_ID>tt1628064</IMDB_ID>
  <Language>en</Language>
  <Overview>Rick unknowingly causes a group of survivors to be trapped by walkers. The group dynamic devolves from accusations to violence, as Rick must confront an enemy far more dangerous than the undead.</Overview>
  <ProductionCode></ProductionCode>
  <Rating>7.8</Rating>
  <RatingCount>405</RatingCount>
  <SeasonNumber>1</SeasonNumber>
  <Writer>Frank Darabont</Writer>
  <absolute_number>2</absolute_number>
  <filename>episodes/153021/2493181.jpg</filename>
  <lastupdated>1306086139</lastupdated>
  <seasonid>280441</seasonid>
  <seriesid>153021</seriesid>
</Episode>
<Episode>
  <id>2656081</id>
  <Combined_episodenumber>3</Combined_episodenumber>
  <Combined_season>1</Combined_season>
  <DVD_chapter></DVD_chapter>
  <DVD_discid></DVD_discid>
  <DVD_episodenumber></DVD_episodenumber>
  <DVD_season></DVD_season>
  <Director>Gwyneth Horder-Payton</Director>
  <EpImgFlag>2</EpImgFlag>
  <EpisodeName>Tell It to the Frogs</EpisodeName>
  <EpisodeNumber>3</EpisodeNumber>
  <FirstAired>2010-11-14</FirstAired>
  <GuestStars>Michael Rooker</GuestStars>
  <IMDB_ID>tt1628065</IMDB_ID>
  <Language>en</Language>
  <Overview>After returning to the camp with the department store survivors and an emotional reunion with his wife and son, Rick decides to go against Shane's advice and go back to Atlanta for Merle Dixon and his dropped bag of guns accompanied by Merle's younger brother, Darryl Dixon, as well as Glenn and T-Dog.</Overview>
  <ProductionCode></ProductionCode>
  <Rating>7.7</Rating>
  <RatingCount>383</RatingCount>
  <SeasonNumber>1</SeasonNumber>
  <Writer>|Frank Darabont|Charles H. Eglee|Jack LoGiudice|</Writer>
  <absolute_number>3</absolute_number>
  <filename>episodes/153021/2656081.jpg</filename>
  <lastupdated>1306086144</lastupdated>
  <seasonid>280441</seasonid>
  <seriesid>153021</seriesid>
</Episode>
<Episode>
  <id>2656091</id>
  <Combined_episodenumber>4</Combined_episodenumber>
  <Combined_season>1</Combined_season>
  <DVD_chapter></DVD_chapter>
  <DVD_discid></DVD_discid>
  <DVD_episodenumber></DVD_episodenumber>
  <DVD_season></DVD_season>
  <Director>Johan Renck</Director>
  <EpImgFlag>2</EpImgFlag>
  <EpisodeName>Vatos</EpisodeName>
  <EpisodeNumber>4</EpisodeNumber>
  <FirstAired>2010-11-21</FirstAired>
  <GuestStars></GuestStars>
  <IMDB_ID>tt1628066</IMDB_ID>
  <Language>en</Language>
  <Overview>While still in search of Merle, the group tries to retrieve the bag of guns but are attacked by several living men who are also after the weapons. The group manages to grab the injured attacker; however, several of the attackers escape and take Glenn hostage. Back at camp a large group of walkers venture up the hill and take the survivors by surprise.</Overview>
  <ProductionCode></ProductionCode>
  <Rating>7.8</Rating>
  <RatingCount>385</RatingCount>
  <SeasonNumber>1</SeasonNumber>
  <Writer>Robert Kirkman</Writer>
  <absolute_number>4</absolute_number>
  <filename>episodes/153021/2656091.jpg</filename>
  <lastupdated>1306086149</lastupdated>
  <seasonid>280441</seasonid>
  <seriesid>153021</seriesid>
</Episode>
<Episode>
  <id>2656101</id>
  <Combined_episodenumber>5</Combined_episodenumber>
  <Combined_season>1</Combined_season>
  <DVD_chapter></DVD_chapter>
  <DVD_discid></DVD_discid>
  <DVD_episodenumber></DVD_episodenumber>
  <DVD_season></DVD_season>
  <Director>Ernest Dickerson</Director>
  <EpImgFlag>2</EpImgFlag>
  <EpisodeName>Wildfire</EpisodeName>
  <EpisodeNumber>5</EpisodeNumber>
  <FirstAired>2010-11-28</FirstAired>
  <GuestStars></GuestStars>
  <IMDB_ID>tt1628067</IMDB_ID>
  <Language>en</Language>
  <Overview>Rick leads the group to the CDC after the attack on the camp. Jim must make a terrible life and death decision.</Overview>
  <ProductionCode></ProductionCode>
  <Rating>7.7</Rating>
  <RatingCount>367</RatingCount>
  <SeasonNumber>1</SeasonNumber>
  <Writer>Glen Mazzara</Writer>
  <absolute_number>5</absolute_number>
  <filename>episodes/153021/2656101.jpg</filename>
  <lastupdated>1306086153</lastupdated>
  <seasonid>280441</seasonid>
  <seriesid>153021</seriesid>
</Episode>
<Episode>
  <id>2656111</id>
  <Combined_episodenumber>6</Combined_episodenumber>
  <Combined_season>1</Combined_season>
  <DVD_chapter></DVD_chapter>
  <DVD_discid></DVD_discid>
  <DVD_episodenumber></DVD_episodenumber>
  <DVD_season></DVD_season>
  <Director>Guy Ferland</Director>
  <EpImgFlag>2</EpImgFlag>
  <EpisodeName>TS-19</EpisodeName>
  <EpisodeNumber>6</EpisodeNumber>
  <FirstAired>2010-12-05</FirstAired>
  <GuestStars></GuestStars>
  <IMDB_ID>tt1628068</IMDB_ID>
  <Language>en</Language>
  <Overview>Rick and the group are allowed into the CDC by a strange doctor, but all is not what it seems in their newfound haven. </Overview>
  <ProductionCode></ProductionCode>
  <Rating>7.8</Rating>
  <RatingCount>354</RatingCount>
  <SeasonNumber>1</SeasonNumber>
  <Writer>Adam Fierro</Writer>
  <absolute_number>6</absolute_number>
  <filename>episodes/153021/2656111.jpg</filename>
  <lastupdated>1306086160</lastupdated>
  <seasonid>280441</seasonid>
  <seriesid>153021</seriesid>
</Episode>
<Episode>
  <id>3818371</id>
  <Combined_episodenumber>1</Combined_episodenumber>
  <Combined_season>2</Combined_season>
  <DVD_chapter></DVD_chapter>
  <DVD_discid></DVD_discid>
  <DVD_episodenumber></DVD_episodenumber>
  <DVD_season></DVD_season>
  <Director>|Ernest Dickerson|Gwyneth Horder-Payton|</Director>
  <EpImgFlag>2</EpImgFlag>
  <EpisodeName>What Lies Ahead</EpisodeName>
  <EpisodeNumber>1</EpisodeNumber>
  <FirstAired>2011-10-16</FirstAired>
  <GuestStars>|Irone Singleton|Madison Lintz|Melissa Suzanne McBride|</GuestStars>
  <IMDB_ID>tt1790548</IMDB_ID>
  <Language>en</Language>
  <Overview>Rick and the group leave Atlanta and encounter a threat on the highway the likes of which they've never seen. Elsewhere, the group search for a missing person.</Overview>
  <ProductionCode></ProductionCode>
  <Rating>7.7</Rating>
  <RatingCount>319</RatingCount>
  <SeasonNumber>2</SeasonNumber>
  <Writer>|Ardeth Bey|Robert Kirkman|</Writer>
  <absolute_number>7</absolute_number>
  <filename>episodes/153021/3818371.jpg</filename>
  <lastupdated>1360619482</lastupdated>
  <seasonid>434761</seasonid>
  <seriesid>153021</seriesid>
</Episode>
<Episode>
  <id>4164014</id>
  <Combined_episodenumber>2</Combined_episodenumber>
  <Combined_season>2</Combined_season>
  <DVD_chapter></DVD_chapter>
  <DVD_discid></DVD_discid>
  <DVD_episodenumber></DVD_episodenumber>
  <DVD_season></DVD_season>
  <Director>Ernest Dickerson</Director>
  <EpImgFlag>2</EpImgFlag>
  <EpisodeName>Bloodletting</EpisodeName>
  <EpisodeNumber>2</EpisodeNumber>
  <FirstAired>2011-10-23</FirstAired>
  <GuestStars></GuestStars>
  <IMDB_ID>tt1804266</IMDB_ID>
  <Language>en</Language>
  <Overview>Rick discovers a possible safe haven. Shane must go on a dangerous mission to get needed medical supplies.</Overview>
  <ProductionCode></ProductionCode>
  <Rating>7.6</Rating>
  <RatingCount>299</RatingCount>
  <SeasonNumber>2</SeasonNumber>
  <Writer>Glen Mazzara</Writer>
  <absolute_number>8</absolute_number>
  <filename>episodes/153021/4164014.jpg</filename>
  <lastupdated>1360619492</lastupdated>
  <seasonid>434761</seasonid>
  <seriesid>153021</seriesid>
</Episode>
<Episode>
  <id>4164015</id>
  <Combined_episodenumber>3</Combined_episodenumber>
  <Combined_season>2</Combined_season>
  <DVD_chapter></DVD_chapter>
  <DVD_discid></DVD_discid>
  <DVD_episodenumber></DVD_episodenumber>
  <DVD_season></DVD_season>
  <Director>Phil Abraham</Director>
  <EpImgFlag>2</EpImgFlag>
  <EpisodeName>Save the Last One</EpisodeName>
  <EpisodeNumber>3</EpisodeNumber>
  <FirstAired>2011-10-30</FirstAired>
  <GuestStars></GuestStars>
  <IMDB_ID>tt1804267</IMDB_ID>
  <Language>en</Language>
  <Overview>The group desperately awaits Shane's return. Shane finds himself trapped in a school, surrounded by the undead. Daryl and Andrea search for someone in the woods.</Overview>
  <ProductionCode></ProductionCode>
  <Rating>7.6</Rating>
  <RatingCount>304</RatingCount>
  <SeasonNumber>2</SeasonNumber>
  <Writer>Scott M. Gimple</Writer>
  <absolute_number>9</absolute_number>
  <filename>episodes/153021/4164015.jpg</filename>
  <lastupdated>1360619517</lastupdated>
  <seasonid>434761</seasonid>
  <seriesid>153021</seriesid>
</Episode>
<Episode>
  <id>4182088</id>
  <Combined_episodenumber>4</Combined_episodenumber>
  <Combined_season>2</Combined_season>
  <DVD_chapter></DVD_chapter>
  <DVD_discid></DVD_discid>
  <DVD_episodenumber></DVD_episodenumber>
  <DVD_season></DVD_season>
  <Director>Bill Gierhart</Director>
  <EpImgFlag>2</EpImgFlag>
  <EpisodeName>Cherokee Rose</EpisodeName>
  <EpisodeNumber>4</EpisodeNumber>
  <FirstAired>2011-11-06</FirstAired>
  <GuestStars></GuestStars>
  <IMDB_ID>tt1804268</IMDB_ID>
  <Language>en</Language>
  <Overview>Shane makes a deadly sacrifice which leads to unusual behavior and self-distancing. The rest of the group tries to hang on somewhere between living to die and dying to live. </Overview>
  <ProductionCode></ProductionCode>
  <Rating>7.3</Rating>
  <RatingCount>282</RatingCount>
  <SeasonNumber>2</SeasonNumber>
  <Writer>Evan Reilly</Writer>
  <absolute_number>10</absolute_number>
  <filename>episodes/153021/4182088.jpg</filename>
  <lastupdated>1360619532</lastupdated>
  <seasonid>434761</seasonid>
  <seriesid>153021</seriesid>
</Episode>
<Episode>
  <id>4182100</id>
  <Combined_episodenumber>5</Combined_episodenumber>
  <Combined_season>2</Combined_season>
  <DVD_chapter></DVD_chapter>
  <DVD_discid></DVD_discid>
  <DVD_episodenumber></DVD_episodenumber>
  <DVD_season></DVD_season>
  <Director>Guy Ferland</Director>
  <EpImgFlag>2</EpImgFlag>
  <EpisodeName>Chupacabra</EpisodeName>
  <EpisodeNumber>5</EpisodeNumber>
  <FirstAired>2011-11-13</FirstAired>
  <GuestStars></GuestStars>
  <IMDB_ID>tt1804269</IMDB_ID>
  <Language>en</Language>
  <Overview>Concerned for their safety, the group makes a plan – one that Hershel disagrees with adamantly. He makes it clear the group is fine to stay for now, but not indefinitely.</Overview>
  <ProductionCode></ProductionCode>
  <Rating>7.6</Rating>
  <RatingCount>275</RatingCount>
  <SeasonNumber>2</SeasonNumber>
  <Writer>David Leslie Johnson</Writer>
  <absolute_number>11</absolute_number>
  <filename>episodes/153021/4182100.jpg</filename>
  <lastupdated>1360619566</lastupdated>
  <seasonid>434761</seasonid>
  <seriesid>153021</seriesid>
</Episode>
<Episode>
  <id>4182099</id>
  <Combined_episodenumber>6</Combined_episodenumber>
  <Combined_season>2</Combined_season>
  <DVD_chapter></DVD_chapter>
  <DVD_discid></DVD_discid>
  <DVD_episodenumber></DVD_episodenumber>
  <DVD_season></DVD_season>
  <Director>David Boyd</Director>
  <EpImgFlag>2</EpImgFlag>
  <EpisodeName>Secrets</EpisodeName>
  <EpisodeNumber>6</EpisodeNumber>
  <FirstAired>2011-11-20</FirstAired>
  <GuestStars></GuestStars>
  <IMDB_ID>tt1804270</IMDB_ID>
  <Language>en</Language>
  <Overview>Secrets are told and secrets are revealed. Hershel refuses to acknowledge the world’s new reality. Andrea comes out of her shell. Everyone is becoming more and more aware that “everything is food for something.”</Overview>
  <ProductionCode></ProductionCode>
  <Rating>7.3</Rating>
  <RatingCount>281</RatingCount>
  <SeasonNumber>2</SeasonNumber>
  <Writer>Angela Kang</Writer>
  <absolute_number>12</absolute_number>
  <filename>episodes/153021/4182099.jpg</filename>
  <lastupdated>1360619574</lastupdated>
  <seasonid>434761</seasonid>
  <seriesid>153021</seriesid>
</Episode>
<Episode>
  <id>4182098</id>
  <Combined_episodenumber>7</Combined_episodenumber>
  <Combined_season>2</Combined_season>
  <DVD_chapter></DVD_chapter>
  <DVD_discid></DVD_discid>
  <DVD_episodenumber></DVD_episodenumber>
  <DVD_season></DVD_season>
  <Director></Director>
  <EpImgFlag>2</EpImgFlag>
  <EpisodeName>Pretty Much Dead Already</EpisodeName>
  <EpisodeNumber>7</EpisodeNumber>
  <FirstAired>2011-11-27</FirstAired>
  <GuestStars></GuestStars>
  <IMDB_ID>tt1804271</IMDB_ID>
  <Language>en</Language>
  <Overview>Hershel sets a deadline. All secrets are out in the open. Glenn stands up for himself and Shane takes charge.</Overview>
  <ProductionCode></ProductionCode>
  <Rating>8.1</Rating>
  <RatingCount>285</RatingCount>
  <SeasonNumber>2</SeasonNumber>
  <Writer></Writer>
  <absolute_number>13</absolute_number>
  <filename>episodes/153021/4182098.jpg</filename>
  <lastupdated>1360619581</lastupdated>
  <seasonid>434761</seasonid>
  <seriesid>153021</seriesid>
</Episode>
<Episode>
  <id>4201966</id>
  <Combined_episodenumber>8</Combined_episodenumber>
  <Combined_season>2</Combined_season>
  <DVD_chapter></DVD_chapter>
  <DVD_discid></DVD_discid>
  <DVD_episodenumber></DVD_episodenumber>
  <DVD_season></DVD_season>
  <Director></Director>
  <EpImgFlag>2</EpImgFlag>
  <EpisodeName>Nebraska</EpisodeName>
  <EpisodeNumber>8</EpisodeNumber>
  <FirstAired>2012-02-12</FirstAired>
  <GuestStars></GuestStars>
  <IMDB_ID>tt1804272</IMDB_ID>
  <Language>en</Language>
  <Overview>Rick and the others try to restore order in the aftermath of a terrible discovery. Hershel takes up an old habit and disappears, Rick and Glenn must follow him into town.</Overview>
  <ProductionCode></ProductionCode>
  <Rating>7.8</Rating>
  <RatingCount>274</RatingCount>
  <SeasonNumber>2</SeasonNumber>
  <Writer></Writer>
  <absolute_number>14</absolute_number>
  <filename>episodes/153021/4201966.jpg</filename>
  <lastupdated>1360619765</lastupdated>
  <seasonid>434761</seasonid>
  <seriesid>153021</seriesid>
</Episode>
<Episode>
  <id>4201967</id>
  <Combined_episodenumber>9</Combined_episodenumber>
  <Combined_season>2</Combined_season>
  <DVD_chapter></DVD_chapter>
  <DVD_discid></DVD_discid>
  <DVD_episodenumber></DVD_episodenumber>
  <DVD_season></DVD_season>
  <Director></Director>
  <EpImgFlag>2</EpImgFlag>
  <EpisodeName>Triggerfinger</EpisodeName>
  <EpisodeNumber>9</EpisodeNumber>
  <FirstAired>2012-02-19</FirstAired>
  <GuestStars></GuestStars>
  <IMDB_ID>tt1804273</IMDB_ID>
  <Language>en</Language>
  <Overview>Rick, Hershel and Glen are trapped and fight to survive; Shane finds Lori in danger.</Overview>
  <ProductionCode></ProductionCode>
  <Rating>7.6</Rating>
  <RatingCount>259</RatingCount>
  <SeasonNumber>2</SeasonNumber>
  <Writer></Writer>
  <absolute_number>15</absolute_number>
  <filename>episodes/153021/4201967.jpg</filename>
  <lastupdated>1360619769</lastupdated>
  <seasonid>434761</seasonid>
  <seriesid>153021</seriesid>
</Episode>
<Episode>
  <id>4201968</id>
  <Combined_episodenumber>10</Combined_episodenumber>
  <Combined_season>2</Combined_season>
  <DVD_chapter></DVD_chapter>
  <DVD_discid></DVD_discid>
  <DVD_episodenumber></DVD_episodenumber>
  <DVD_season></DVD_season>
  <Director></Director>
  <EpImgFlag>2</EpImgFlag>
  <EpisodeName>18 Miles Out</EpisodeName>
  <EpisodeNumber>10</EpisodeNumber>
  <FirstAired>2012-02-26</FirstAired>
  <GuestStars></GuestStars>
  <IMDB_ID>tt1804262</IMDB_ID>
  <Language>en</Language>
  <Overview>Rick and Shane are in conflict over the fate of an outsider; Andrea helps Hershel's daughter face a crucial decision.</Overview>
  <ProductionCode></ProductionCode>
  <Rating>7.7</Rating>
  <RatingCount>265</RatingCount>
  <SeasonNumber>2</SeasonNumber>
  <Writer></Writer>
  <absolute_number>16</absolute_number>
  <filename>episodes/153021/4201968.jpg</filename>
  <lastupdated>1360619745</lastupdated>
  <seasonid>434761</seasonid>
  <seriesid>153021</seriesid>
</Episode>
<Episode>
  <id>4201969</id>
  <Combined_episodenumber>11</Combined_episodenumber>
  <Combined_season>2</Combined_season>
  <DVD_chapter></DVD_chapter>
  <DVD_discid></DVD_discid>
  <DVD_episodenumber></DVD_episodenumber>
  <DVD_season></DVD_season>
  <Director></Director>
  <EpImgFlag>2</EpImgFlag>
  <EpisodeName>Judge, Jury, Executioner</EpisodeName>
  <EpisodeNumber>11</EpisodeNumber>
  <FirstAired>2012-03-04</FirstAired>
  <GuestStars></GuestStars>
  <IMDB_ID>tt1804263</IMDB_ID>
  <Language>en</Language>
  <Overview>Rick sides with Shane causing Dale to worry that the group is losing its humanity; Carl's actions have unintended consequences.</Overview>
  <ProductionCode></ProductionCode>
  <Rating>7.7</Rating>
  <RatingCount>240</RatingCount>
  <SeasonNumber>2</SeasonNumber>
  <Writer></Writer>
  <absolute_number>17</absolute_number>
  <filename>episodes/153021/4201969.jpg</filename>
  <lastupdated>1360619733</lastupdated>
  <seasonid>434761</seasonid>
  <seriesid>153021</seriesid>
</Episode>
<Episode>
  <id>4201970</id>
  <Combined_episodenumber>12</Combined_episodenumber>
  <Combined_season>2</Combined_season>
  <DVD_chapter></DVD_chapter>
  <DVD_discid></DVD_discid>
  <DVD_episodenumber></DVD_episodenumber>
  <DVD_season></DVD_season>
  <Director></Director>
  <EpImgFlag>2</EpImgFlag>
  <EpisodeName>Better Angels</EpisodeName>
  <EpisodeNumber>12</EpisodeNumber>
  <FirstAired>2012-03-11</FirstAired>
  <GuestStars></GuestStars>
  <IMDB_ID>tt1804264</IMDB_ID>
  <Language>en</Language>
  <Overview>Someone dangerous may be loose near the farm; Rick, Shane, Daryl and Glenn keep the group safe.</Overview>
  <ProductionCode></ProductionCode>
  <Rating>8.0</Rating>
  <RatingCount>253</RatingCount>
  <SeasonNumber>2</SeasonNumber>
  <Writer></Writer>
  <absolute_number>18</absolute_number>
  <filename>episodes/153021/4201970.jpg</filename>
  <lastupdated>1360619750</lastupdated>
  <seasonid>434761</seasonid>
  <seriesid>153021</seriesid>
</Episode>
<Episode>
  <id>4201971</id>
  <Combined_episodenumber>13</Combined_episodenumber>
  <Combined_season>2</Combined_season>
  <DVD_chapter></DVD_chapter>
  <DVD_discid></DVD_discid>
  <DVD_episodenumber></DVD_episodenumber>
  <DVD_season></DVD_season>
  <Director></Director>
  <EpImgFlag>2</EpImgFlag>
  <EpisodeName>Beside the Dying Fire</EpisodeName>
  <EpisodeNumber>13</EpisodeNumber>
  <FirstAired>2012-03-18</FirstAired>
  <GuestStars></GuestStars>
  <IMDB_ID>tt1804265</IMDB_ID>
  <Language>en</Language>
  <Overview>Rick and Carl find the farm in jeopardy; the group is split up in the chaos; Rick's leadership is questioned.</Overview>
  <ProductionCode></ProductionCode>
  <Rating>8.0</Rating>
  <RatingCount>234</RatingCount>
  <SeasonNumber>2</SeasonNumber>
  <Writer></Writer>
  <absolute_number>19</absolute_number>
  <filename>episodes/153021/4201971.jpg</filename>
  <lastupdated>1360619687</lastupdated>
  <seasonid>434761</seasonid>
  <seriesid>153021</seriesid>
</Episode>
<Episode>
  <id>4328902</id>
  <Combined_episodenumber>1.0</Combined_episodenumber>
  <Combined_season>3</Combined_season>
  <DVD_chapter></DVD_chapter>
  <DVD_discid></DVD_discid>
  <DVD_episodenumber>1.0</DVD_episodenumber>
  <DVD_season>3</DVD_season>
  <Director>Ernest R. Dickerson</Director>
  <EpImgFlag>2</EpImgFlag>
  <EpisodeName>Seed</EpisodeName>
  <EpisodeNumber>1</EpisodeNumber>
  <FirstAired>2012-10-14</FirstAired>
  <GuestStars>Melissa McBride|IronE Singleton|Emily Kinney|Lew Temple|Scott Wilson|Theodus Crane|Nick Gomez|Markice Moore|Vincent M. Ward</GuestStars>
  <IMDB_ID>tt2107527</IMDB_ID>
  <Language>en</Language>
  <Overview>As the world grows more dangerous and Lori's pregnancy advances, Rick locates a potentially safe haven.</Overview>
  <ProductionCode></ProductionCode>
  <Rating>8.1</Rating>
  <RatingCount>202</RatingCount>
  <SeasonNumber>3</SeasonNumber>
  <Writer>Glen Mazzara</Writer>
  <absolute_number>20</absolute_number>
  <filename>episodes/153021/4328902.jpg</filename>
  <lastupdated>1362177626</lastupdated>
  <seasonid>490893</seasonid>
  <seriesid>153021</seriesid>
</Episode>
<Episode>
  <id>4378929</id>
  <Combined_episodenumber>2.0</Combined_episodenumber>
  <Combined_season>3</Combined_season>
  <DVD_chapter></DVD_chapter>
  <DVD_discid></DVD_discid>
  <DVD_episodenumber>2.0</DVD_episodenumber>
  <DVD_season>3</DVD_season>
  <Director>Billy Gierhart</Director>
  <EpImgFlag>2</EpImgFlag>
  <EpisodeName>Sick</EpisodeName>
  <EpisodeNumber>2</EpisodeNumber>
  <FirstAired>2012-10-21</FirstAired>
  <GuestStars>Emily Kinney|Melissa McBride|IronE Singleton|Lew Temple|Scott Wilson|Theodus Crane|Nick Gomez|Markice Moore|Vincent M. Ward</GuestStars>
  <IMDB_ID>tt2253598</IMDB_ID>
  <Language>en</Language>
  <Overview>A life hangs in the balance; the group deals with a threat to their new surroundings.</Overview>
  <ProductionCode></ProductionCode>
  <Rating>8.0</Rating>
  <RatingCount>202</RatingCount>
  <SeasonNumber>3</SeasonNumber>
  <Writer>Nichole Beattie</Writer>
  <absolute_number>21</absolute_number>
  <filename>episodes/153021/4378929.jpg</filename>
  <lastupdated>1362177650</lastupdated>
  <seasonid>490893</seasonid>
  <seriesid>153021</seriesid>
</Episode>
<Episode>
  <id>4378930</id>
  <Combined_episodenumber>3.0</Combined_episodenumber>
  <Combined_season>3</Combined_season>
  <DVD_chapter></DVD_chapter>
  <DVD_discid></DVD_discid>
  <DVD_episodenumber>3.0</DVD_episodenumber>
  <DVD_season>3</DVD_season>
  <Director>Guy Ferland</Director>
  <EpImgFlag>2</EpImgFlag>
  <EpisodeName>Walk with Me</EpisodeName>
  <EpisodeNumber>3</EpisodeNumber>
  <FirstAired>2012-10-28</FirstAired>
  <GuestStars>Melissa McBride|Dallas Roberts|Jose Pablo Cantillo|Julio Cesar Cedillo|Donzaleigh Abernathy|Scott Wilson|Michael Rooker|David Morrissey|</GuestStars>
  <IMDB_ID>tt2253600</IMDB_ID>
  <Language>en</Language>
  <Overview>After witnessing an accident, Andrea and Michonne are introduced to a new community of survivors. As conflicts arise with their new acquaintances, a decision must be made.</Overview>
  <ProductionCode></ProductionCode>
  <Rating>7.9</Rating>
  <RatingCount>190</RatingCount>
  <SeasonNumber>3</SeasonNumber>
  <Writer>Evan Reilly</Writer>
  <absolute_number>22</absolute_number>
  <filename>episodes/153021/4378930.jpg</filename>
  <lastupdated>1362177673</lastupdated>
  <seasonid>490893</seasonid>
  <seriesid>153021</seriesid>
</Episode>
<Episode>
  <id>4378931</id>
  <Combined_episodenumber>4.0</Combined_episodenumber>
  <Combined_season>3</Combined_season>
  <DVD_chapter></DVD_chapter>
  <DVD_discid></DVD_discid>
  <DVD_episodenumber>4.0</DVD_episodenumber>
  <DVD_season>3</DVD_season>
  <Director>Guy Ferland</Director>
  <EpImgFlag>2</EpImgFlag>
  <EpisodeName>Killer Within</EpisodeName>
  <EpisodeNumber>4</EpisodeNumber>
  <FirstAired>2012-11-04</FirstAired>
  <GuestStars>IronE Singleton|Melissa McBride|Emily Kinney|Lew Temple|Scott Wilson|Michael Rooker|David Morrissey|</GuestStars>
  <IMDB_ID>tt2253602</IMDB_ID>
  <Language>en</Language>
  <Overview>The group is severed, placing lives in jeopardy. Merle has a request for the Governor. Meanwhile the prison doesn't seem to be a place as secure as they thought.</Overview>
  <ProductionCode></ProductionCode>
  <Rating>8.1</Rating>
  <RatingCount>200</RatingCount>
  <SeasonNumber>3</SeasonNumber>
  <Writer>Sang Kyu Kim</Writer>
  <absolute_number>23</absolute_number>
  <filename>episodes/153021/4378931.jpg</filename>
  <lastupdated>1362177695</lastupdated>
  <seasonid>490893</seasonid>
  <seriesid>153021</seriesid>
</Episode>
<Episode>
  <id>4378932</id>
  <Combined_episodenumber>5.0</Combined_episodenumber>
  <Combined_season>3</Combined_season>
  <DVD_chapter></DVD_chapter>
  <DVD_discid></DVD_discid>
  <DVD_episodenumber>5.0</DVD_episodenumber>
  <DVD_season>3</DVD_season>
  <Director>Gregory Nicotero</Director>
  <EpImgFlag>2</EpImgFlag>
  <EpisodeName>Say the Word</EpisodeName>
  <EpisodeNumber>5</EpisodeNumber>
  <FirstAired>2012-11-11</FirstAired>
  <GuestStars>|Lauren Cohan|Michael Rooker|David Morrissey|Melissa McBride|Emily Kinney|Scott Wilson|</GuestStars>
  <IMDB_ID>tt2253610</IMDB_ID>
  <Language>en</Language>
  <Overview>Rick struggles after another loss. Michonne is suspicious of the Governor.</Overview>
  <ProductionCode></ProductionCode>
  <Rating>7.8</Rating>
  <RatingCount>190</RatingCount>
  <SeasonNumber>3</SeasonNumber>
  <Writer>Angela Kang</Writer>
  <absolute_number>24</absolute_number>
  <filename>episodes/153021/4378932.jpg</filename>
  <lastupdated>1362177719</lastupdated>
  <seasonid>490893</seasonid>
  <seriesid>153021</seriesid>
</Episode>
<Episode>
  <id>4378933</id>
  <Combined_episodenumber>6.0</Combined_episodenumber>
  <Combined_season>3</Combined_season>
  <DVD_chapter></DVD_chapter>
  <DVD_discid></DVD_discid>
  <DVD_episodenumber>6.0</DVD_episodenumber>
  <DVD_season>3</DVD_season>
  <Director>Daniel Attias</Director>
  <EpImgFlag>2</EpImgFlag>
  <EpisodeName>Hounded</EpisodeName>
  <EpisodeNumber>6</EpisodeNumber>
  <FirstAired>2012-11-18</FirstAired>
  <GuestStars>Melissa McBride|Emily Kinney|Alexa Nikolas|Scott Wilson|Emma Bell|Andrew Rothenberg|Jeryl Prescott|Arthur Bridgers|Dave Davis|Lawrence Kao|Vincent M. Ward</GuestStars>
  <IMDB_ID>tt2253604</IMDB_ID>
  <Language>en</Language>
  <Overview>Michonne makes a decision about Woodbury; Glenn and Maggie go on a run; Rick struggles.</Overview>
  <ProductionCode></ProductionCode>
  <Rating>8.0</Rating>
  <RatingCount>181</RatingCount>
  <SeasonNumber>3</SeasonNumber>
  <Writer>Scott M. Gimple</Writer>
  <absolute_number>25</absolute_number>
  <filename>episodes/153021/4378933.jpg</filename>
  <lastupdated>1362177741</lastupdated>
  <seasonid>490893</seasonid>
  <seriesid>153021</seriesid>
</Episode>
<Episode>
  <id>4378934</id>
  <Combined_episodenumber>7.0</Combined_episodenumber>
  <Combined_season>3</Combined_season>
  <DVD_chapter></DVD_chapter>
  <DVD_discid></DVD_discid>
  <DVD_episodenumber>7.0</DVD_episodenumber>
  <DVD_season>3</DVD_season>
  <Director>Dan Sackheim</Director>
  <EpImgFlag>2</EpImgFlag>
  <EpisodeName>When the Dead Come Knocking</EpisodeName>
  <EpisodeNumber>7</EpisodeNumber>
  <FirstAired>2012-11-25</FirstAired>
  <GuestStars>Melissa McBride|Emily Kinney|Lew Temple|Dallas Roberts|Scott Wilson|Jose Pablo Cantillo</GuestStars>
  <IMDB_ID>tt2253606</IMDB_ID>
  <Language>en</Language>
  <Overview>The Governor presses for information. A new guest arrives at the prison, forcing Rick's hand.
</Overview>
  <ProductionCode></ProductionCode>
  <Rating>8.1</Rating>
  <RatingCount>191</RatingCount>
  <SeasonNumber>3</SeasonNumber>
  <Writer>Frank Renzulli</Writer>
  <absolute_number>26</absolute_number>
  <filename>episodes/153021/4378934.jpg</filename>
  <lastupdated>1362177763</lastupdated>
  <seasonid>490893</seasonid>
  <seriesid>153021</seriesid>
</Episode>
<Episode>
  <id>4378935</id>
  <Combined_episodenumber>8.0</Combined_episodenumber>
  <Combined_season>3</Combined_season>
  <DVD_chapter></DVD_chapter>
  <DVD_discid></DVD_discid>
  <DVD_episodenumber>8.0</DVD_episodenumber>
  <DVD_season>3</DVD_season>
  <Director>Bill Gierhart</Director>
  <EpImgFlag>2</EpImgFlag>
  <EpisodeName>Made to Suffer</EpisodeName>
  <EpisodeNumber>8</EpisodeNumber>
  <FirstAired>2012-12-02</FirstAired>
  <GuestStars>Jon Bernthal|Chad Coleman|Jose Pablo Cantillo</GuestStars>
  <IMDB_ID>tt2253608</IMDB_ID>
  <Language>en</Language>
  <Overview>Andrea steps up when the people of Woodbury are thrown into uncharted territory. A new threat arises at the prison.</Overview>
  <ProductionCode></ProductionCode>
  <Rating>8.2</Rating>
  <RatingCount>186</RatingCount>
  <SeasonNumber>3</SeasonNumber>
  <Writer>Robert Kirkman</Writer>
  <absolute_number>27</absolute_number>
  <filename>episodes/153021/4378935.jpg</filename>
  <lastupdated>1362177790</lastupdated>
  <seasonid>490893</seasonid>
  <seriesid>153021</seriesid>
</Episode>
<Episode>
  <id>4444268</id>
  <Combined_episodenumber>9.0</Combined_episodenumber>
  <Combined_season>3</Combined_season>
  <DVD_chapter></DVD_chapter>
  <DVD_discid></DVD_discid>
  <DVD_episodenumber>9.0</DVD_episodenumber>
  <DVD_season>3</DVD_season>
  <Director>Lesli Linka Glatter</Director>
  <EpImgFlag>2</EpImgFlag>
  <EpisodeName>The Suicide King</EpisodeName>
  <EpisodeNumber>9</EpisodeNumber>
  <FirstAired>2013-02-10</FirstAired>
  <GuestStars>Melissa McBride|Emily Kinney|Lew Temple|Dallas Roberts|Chad L. Coleman|Sonequa Martin-Green|Jose Pablo Cantillo|Alexa Nikolas|Melissa Ponzio|Scott Wilson</GuestStars>
  <IMDB_ID>tt2269550</IMDB_ID>
  <Language>en</Language>
  <Overview>After the invasion of Woodbury by Rick’s group, Daryl and Merle are captured by The Governor. Rick decides the fate of Tyreese’s group.</Overview>
  <ProductionCode></ProductionCode>
  <Rating>7.7</Rating>
  <RatingCount>146</RatingCount>
  <SeasonNumber>3</SeasonNumber>
  <Writer>Evan Reilly</Writer>
  <absolute_number>28</absolute_number>
  <filename>episodes/153021/4444268.jpg</filename>
  <lastupdated>1362177828</lastupdated>
  <seasonid>490893</seasonid>
  <seriesid>153021</seriesid>
</Episode>
<Episode>
  <id>4444269</id>
  <Combined_episodenumber>10.0</Combined_episodenumber>
  <Combined_season>3</Combined_season>
  <DVD_chapter></DVD_chapter>
  <DVD_discid></DVD_discid>
  <DVD_episodenumber>10.0</DVD_episodenumber>
  <DVD_season>3</DVD_season>
  <Director>Seith Mann</Director>
  <EpImgFlag>2</EpImgFlag>
  <EpisodeName>Home</EpisodeName>
  <EpisodeNumber>10</EpisodeNumber>
  <FirstAired>2013-02-17</FirstAired>
  <GuestStars>Lew Temple|Dallas Roberts|Jose Pablo Cantillo|Melissa Ponzio|Scott Wilson</GuestStars>
  <IMDB_ID>tt2401094</IMDB_ID>
  <Language>en</Language>
  <Overview>As the group debates their next course of action, Rick wanders after a lost friend. After helping another group of survivors flee a group of walkers, Daryl and Merle begin to have second thoughts about leaving the prison. The Governor cedes leadership of Woodbury to Andrea and makes plans to punish those responsible for the chaos.</Overview>
  <ProductionCode></ProductionCode>
  <Rating>8.0</Rating>
  <RatingCount>144</RatingCount>
  <SeasonNumber>3</SeasonNumber>
  <Writer>Nichole Beattie</Writer>
  <absolute_number>29</absolute_number>
  <filename>episodes/153021/4444269.jpg</filename>
  <lastupdated>1362177849</lastupdated>
  <seasonid>490893</seasonid>
  <seriesid>153021</seriesid>
</Episode>
<Episode>
  <id>4444270</id>
  <Combined_episodenumber>11</Combined_episodenumber>
  <Combined_season>3</Combined_season>
  <DVD_chapter></DVD_chapter>
  <DVD_discid></DVD_discid>
  <DVD_episodenumber></DVD_episodenumber>
  <DVD_season></DVD_season>
  <Director>Gregory Nicotero</Director>
  <EpImgFlag>2</EpImgFlag>
  <EpisodeName>I Ain't a Judas</EpisodeName>
  <EpisodeNumber>11</EpisodeNumber>
  <FirstAired>2013-02-24</FirstAired>
  <GuestStars>Melissa McBride|Emily Kinney|Dallas Roberts|Chad L. Coleman|Sonequa Martin-Green|Jose Pablo Cantillo|Melissa Ponzio|Scott Wilson</GuestStars>
  <IMDB_ID>tt2521154</IMDB_ID>
  <Language>en</Language>
  <Overview>Rick and the group are forced to make a decision now that their safety is no longer guaranteed. Andrea feels uncomfortable now that Woodbury has become a police state.</Overview>
  <ProductionCode></ProductionCode>
  <Rating>7.6</Rating>
  <RatingCount>151</RatingCount>
  <SeasonNumber>3</SeasonNumber>
  <Writer>Angela Kang</Writer>
  <absolute_number>30</absolute_number>
  <filename>episodes/153021/4444270.jpg</filename>
  <lastupdated>1362180778</lastupdated>
  <seasonid>490893</seasonid>
  <seriesid>153021</seriesid>
</Episode>
<Episode>
  <id>4444271</id>
  <Combined_episodenumber>12</Combined_episodenumber>
  <Combined_season>3</Combined_season>
  <DVD_chapter></DVD_chapter>
  <DVD_discid></DVD_discid>
  <DVD_episodenumber></DVD_episodenumber>
  <DVD_season></DVD_season>
  <Director></Director>
  <EpImgFlag>2</EpImgFlag>
  <EpisodeName>Clear</EpisodeName>
  <EpisodeNumber>12</EpisodeNumber>
  <FirstAired>2013-03-03</FirstAired>
  <GuestStars></GuestStars>
  <IMDB_ID>tt2521158</IMDB_ID>
  <Language>en</Language>
  <Overview>Since they are outgunned against the Governor's forces, Rick undertakes a mission to get more weapons.</Overview>
  <ProductionCode></ProductionCode>
  <Rating>7.8</Rating>
  <RatingCount>150</RatingCount>
  <SeasonNumber>3</SeasonNumber>
  <Writer></Writer>
  <absolute_number>31</absolute_number>
  <filename>episodes/153021/4444271.jpg</filename>
  <lastupdated>1364742334</lastupdated>
  <seasonid>490893</seasonid>
  <seriesid>153021</seriesid>
</Episode>
<Episode>
  <id>4444272</id>
  <Combined_episodenumber>13</Combined_episodenumber>
  <Combined_season>3</Combined_season>
  <DVD_chapter></DVD_chapter>
  <DVD_discid></DVD_discid>
  <DVD_episodenumber></DVD_episodenumber>
  <DVD_season></DVD_season>
  <Director></Director>
  <EpImgFlag>2</EpImgFlag>
  <EpisodeName>Arrow on the Doorpost</EpisodeName>
  <EpisodeNumber>13</EpisodeNumber>
  <FirstAired>2013-03-10</FirstAired>
  <GuestStars></GuestStars>
  <IMDB_ID>tt2521162</IMDB_ID>
  <Language>en</Language>
  <Overview>Rick and the Governor contemplate a peace treaty.</Overview>
  <ProductionCode></ProductionCode>
  <Rating>7.6</Rating>
  <RatingCount>145</RatingCount>
  <SeasonNumber>3</SeasonNumber>
  <Writer></Writer>
  <absolute_number>32</absolute_number>
  <filename>episodes/153021/4444272.jpg</filename>
  <lastupdated>1364742347</lastupdated>
  <seasonid>490893</seasonid>
  <seriesid>153021</seriesid>
</Episode>
<Episode>
  <id>4444273</id>
  <Combined_episodenumber>14</Combined_episodenumber>
  <Combined_season>3</Combined_season>
  <DVD_chapter></DVD_chapter>
  <DVD_discid></DVD_discid>
  <DVD_episodenumber></DVD_episodenumber>
  <DVD_season></DVD_season>
  <Director></Director>
  <EpImgFlag>2</EpImgFlag>
  <EpisodeName>Prey</EpisodeName>
  <EpisodeNumber>14</EpisodeNumber>
  <FirstAired>2013-03-17</FirstAired>
  <GuestStars></GuestStars>
  <IMDB_ID>tt2521168</IMDB_ID>
  <Language>en</Language>
  <Overview>The Governor chases a fleeing dissenter; while the Governor is gone, a traitor tries to sabotage his plans.</Overview>
  <ProductionCode></ProductionCode>
  <Rating>7.8</Rating>
  <RatingCount>124</RatingCount>
  <SeasonNumber>3</SeasonNumber>
  <Writer></Writer>
  <absolute_number>33</absolute_number>
  <filename>episodes/153021/4444273.jpg</filename>
  <lastupdated>1364742368</lastupdated>
  <seasonid>490893</seasonid>
  <seriesid>153021</seriesid>
</Episode>
<Episode>
  <id>4444274</id>
  <Combined_episodenumber>15</Combined_episodenumber>
  <Combined_season>3</Combined_season>
  <DVD_chapter></DVD_chapter>
  <DVD_discid></DVD_discid>
  <DVD_episodenumber></DVD_episodenumber>
  <DVD_season></DVD_season>
  <Director>Gregory Nicotero</Director>
  <EpImgFlag>2</EpImgFlag>
  <EpisodeName>This Sorrowful Life</EpisodeName>
  <EpisodeNumber>15</EpisodeNumber>
  <FirstAired>2013-03-24</FirstAired>
  <GuestStars></GuestStars>
  <IMDB_ID>tt2521172</IMDB_ID>
  <Language>en</Language>
  <Overview>Rick and the group are faced with a serious problem. If they want a truce with the Governor, they will have to make a huge sacrifice.</Overview>
  <ProductionCode></ProductionCode>
  <Rating>7.8</Rating>
  <RatingCount>121</RatingCount>
  <SeasonNumber>3</SeasonNumber>
  <Writer>Scott M. Gimple</Writer>
  <absolute_number>34</absolute_number>
  <filename>episodes/153021/4444274.jpg</filename>
  <lastupdated>1364119720</lastupdated>
  <seasonid>490893</seasonid>
  <seriesid>153021</seriesid>
</Episode>
<Episode>
  <id>4444275</id>
  <Combined_episodenumber>16</Combined_episodenumber>
  <Combined_season>3</Combined_season>
  <DVD_chapter></DVD_chapter>
  <DVD_discid></DVD_discid>
  <DVD_episodenumber></DVD_episodenumber>
  <DVD_season></DVD_season>
  <Director>Ernest R. Dickerson</Director>
  <EpImgFlag>2</EpImgFlag>
  <EpisodeName>Welcome to the Tombs</EpisodeName>
  <EpisodeNumber>16</EpisodeNumber>
  <FirstAired>2013-03-31</FirstAired>
  <GuestStars></GuestStars>
  <IMDB_ID>tt2521182</IMDB_ID>
  <Language>en</Language>
  <Overview>Rick and the others consider the defense of the prison as the Governor's impending attack looms.</Overview>
  <ProductionCode></ProductionCode>
  <Rating>7.8</Rating>
  <RatingCount>78</RatingCount>
  <SeasonNumber>3</SeasonNumber>
  <Writer>Glen Mazzara</Writer>
  <absolute_number>35</absolute_number>
  <filename>episodes/153021/4444275.jpg</filename>
  <lastupdated>1364855573</lastupdated>
  <seasonid>490893</seasonid>
  <seriesid>153021</seriesid>
</Episode>
<Episode>
  <id>4536867</id>
  <Combined_episodenumber>1</Combined_episodenumber>
  <Combined_season>4</Combined_season>
  <DVD_chapter></DVD_chapter>
  <DVD_discid></DVD_discid>
  <DVD_episodenumber></DVD_episodenumber>
  <DVD_season></DVD_season>
  <Director></Director>
  <EpImgFlag></EpImgFlag>
  <EpisodeName>Season Premiere</EpisodeName>
  <EpisodeNumber>1</EpisodeNumber>
  <FirstAired>2013-10-13</FirstAired>
  <GuestStars></GuestStars>
  <IMDB_ID></IMDB_ID>
  <Language>en</Language>
  <Overview></Overview>
  <ProductionCode></ProductionCode>
  <Rating></Rating>
  <RatingCount>0</RatingCount>
  <SeasonNumber>4</SeasonNumber>
  <Writer></Writer>
  <absolute_number></absolute_number>
  <filename></filename>
  <lastupdated>1364768317</lastupdated>
  <seasonid>516282</seasonid>
  <seriesid>153021</seriesid>
</Episode>
</Data>