<?xml version="1.0" encoding="UTF-8" ?>
<Banners>
<Banner>
  <id>39073</id>
  <BannerPath>fanart/original/80345-5.jpg</BannerPath>
  <BannerType>fanart</BannerType>
  <BannerType2>1920x1080</BannerType2>
  <Colors></Colors>
  <Language>en</Language>
  <Rating>8.1429</Rating>
  <RatingCount>7</RatingCount>
  <SeriesName>false</SeriesName>
  <ThumbnailPath>_cache/fanart/original/80345-5.jpg</ThumbnailPath>
  <VignettePath>fanart/vignette/80345-5.jpg</VignettePath>
</Banner>
<Banner>
  <id>21627</id>
  <BannerPath>fanart/original/80345-3.jpg</BannerPath>
  <BannerType>fanart</BannerType>
  <BannerType2>1280x720</BannerType2>
  <Colors>|255,255,255|31,28,35|175,185,133|</Colors>
  <Language>en</Language>
  <Rating>8.1111</Rating>
  <RatingCount>9</RatingCount>
  <SeriesName>false</SeriesName>
  <ThumbnailPath>_cache/fanart/original/80345-3.jpg</ThumbnailPath>
  <VignettePath>fanart/vignette/80345-3.jpg</VignettePath>
</Banner>
<Banner>
  <id>42372</id>
  <BannerPath>fanart/original/80345-6.jpg</BannerPath>
  <BannerType>fanart</BannerType>
  <BannerType2>1280x720</BannerType2>
  <Colors></Colors>
  <Language>en</Language>
  <Rating>7.7500</Rating>
  <RatingCount>4</RatingCount>
  <SeriesName>false</SeriesName>
  <ThumbnailPath>_cache/fanart/original/80345-6.jpg</ThumbnailPath>
  <VignettePath>fanart/vignette/80345-6.jpg</VignettePath>
</Banner>
<Banner>
  <id>420961</id>
  <BannerPath>fanart/original/80345-13.jpg</BannerPath>
  <BannerType>fanart</BannerType>
  <BannerType2>1280x720</BannerType2>
  <Colors></Colors>
  <Language>en</Language>
  <Rating>7.3333</Rating>
  <RatingCount>3</RatingCount>
  <SeriesName>false</SeriesName>
  <ThumbnailPath>_cache/fanart/original/80345-13.jpg</ThumbnailPath>
  <VignettePath>fanart/vignette/80345-13.jpg</VignettePath>
</Banner>
<Banner>
  <id>42373</id>
  <BannerPath>fanart/original/80345-7.jpg</BannerPath>
  <BannerType>fanart</BannerType>
  <BannerType2>1280x720</BannerType2>
  <Colors></Colors>
  <Language>en</Language>
  <Rating>7.0000</Rating>
  <RatingCount>3</RatingCount>
  <SeriesName>false</SeriesName>
  <ThumbnailPath>_cache/fanart/original/80345-7.jpg</ThumbnailPath>
  <VignettePath>fanart/vignette/80345-7.jpg</VignettePath>
</Banner>
<Banner>
  <id>421161</id>
  <BannerPath>fanart/original/80345-15.jpg</BannerPath>
  <BannerType>fanart</BannerType>
  <BannerType2>1280x720</BannerType2>
  <Colors></Colors>
  <Language>en</Language>
  <Rating>6.6667</Rating>
  <RatingCount>3</RatingCount>
  <SeriesName>true</SeriesName>
  <ThumbnailPath>_cache/fanart/original/80345-15.jpg</ThumbnailPath>
  <VignettePath>fanart/vignette/80345-15.jpg</VignettePath>
</Banner>
<Banner>
  <id>28571</id>
  <BannerPath>fanart/original/80345-2.jpg</BannerPath>
  <BannerType>fanart</BannerType>
  <BannerType2>1280x720</BannerType2>
  <Colors></Colors>
  <Language>en</Language>
  <Rating>6.0000</Rating>
  <RatingCount>6</RatingCount>
  <SeriesName>false</SeriesName>
  <ThumbnailPath>_cache/fanart/original/80345-2.jpg</ThumbnailPath>
  <VignettePath>fanart/vignette/80345-2.jpg</VignettePath>
</Banner>
<Banner>
  <id>26809</id>
  <BannerPath>fanart/original/80345-1.jpg</BannerPath>
  <BannerType>fanart</BannerType>
  <BannerType2>1280x720</BannerType2>
  <Colors>|255,248,12|30,2,1|226,43,1|</Colors>
  <Language>en</Language>
  <Rating>5.7500</Rating>
  <RatingCount>4</RatingCount>
  <SeriesName>false</SeriesName>
  <ThumbnailPath>_cache/fanart/original/80345-1.jpg</ThumbnailPath>
  <VignettePath>fanart/vignette/80345-1.jpg</VignettePath>
</Banner>
<Banner>
  <id>42370</id>
  <BannerPath>fanart/original/80345-4.jpg</BannerPath>
  <BannerType>fanart</BannerType>
  <BannerType2>1280x720</BannerType2>
  <Colors></Colors>
  <Language>en</Language>
  <Rating>5.6667</Rating>
  <RatingCount>3</RatingCount>
  <SeriesName>false</SeriesName>
  <ThumbnailPath>_cache/fanart/original/80345-4.jpg</ThumbnailPath>
  <VignettePath>fanart/vignette/80345-4.jpg</VignettePath>
</Banner>
<Banner>
  <id>421151</id>
  <BannerPath>fanart/original/80345-14.jpg</BannerPath>
  <BannerType>fanart</BannerType>
  <BannerType2>1280x720</BannerType2>
  <Colors></Colors>
  <Language>en</Language>
  <Rating>5.0000</Rating>
  <RatingCount>1</RatingCount>
  <SeriesName>false</SeriesName>
  <ThumbnailPath>_cache/fanart/original/80345-14.jpg</ThumbnailPath>
  <VignettePath>fanart/vignette/80345-14.jpg</VignettePath>
</Banner>
<Banner>
  <id>74961</id>
  <BannerPath>fanart/original/80345-12.jpg</BannerPath>
  <BannerType>fanart</BannerType>
  <BannerType2>1280x720</BannerType2>
  <Colors></Colors>
  <Language>en</Language>
  <Rating>3.3333</Rating>
  <RatingCount>3</RatingCount>
  <SeriesName>false</SeriesName>
  <ThumbnailPath>_cache/fanart/original/80345-12.jpg</ThumbnailPath>
  <VignettePath>fanart/vignette/80345-12.jpg</VignettePath>
</Banner>
<Banner>
  <id>919807</id>
  <BannerPath>fanart/original/80345-19.jpg</BannerPath>
  <BannerType>fanart</BannerType>
  <BannerType2>1920x1080</BannerType2>
  <Colors></Colors>
  <Language>fr</Language>
  <Rating></Rating>
  <RatingCount>0</RatingCount>
  <SeriesName>false</SeriesName>
  <ThumbnailPath>_cache/fanart/original/80345-19.jpg</ThumbnailPath>
  <VignettePath>fanart/vignette/80345-19.jpg</VignettePath>
</Banner>
<Banner>
  <id>906857</id>
  <BannerPath>fanart/original/80345-16.jpg</BannerPath>
  <BannerType>fanart</BannerType>
  <BannerType2>1920x1080</BannerType2>
  <Colors></Colors>
  <Language>fr</Language>
  <Rating></Rating>
  <RatingCount>0</RatingCount>
  <SeriesName>false</SeriesName>
  <ThumbnailPath>_cache/fanart/original/80345-16.jpg</ThumbnailPath>
  <VignettePath>fanart/vignette/80345-16.jpg</VignettePath>
</Banner>
<Banner>
  <id>42375</id>
  <BannerPath>fanart/original/80345-9.jpg</BannerPath>
  <BannerType>fanart</BannerType>
  <BannerType2>1280x720</BannerType2>
  <Colors></Colors>
  <Language>en</Language>
  <Rating></Rating>
  <RatingCount>0</RatingCount>
  <SeriesName>false</SeriesName>
  <ThumbnailPath>_cache/fanart/original/80345-9.jpg</ThumbnailPath>
  <VignettePath>fanart/vignette/80345-9.jpg</VignettePath>
</Banner>
<Banner>
  <id>42374</id>
  <BannerPath>fanart/original/80345-8.jpg</BannerPath>
  <BannerType>fanart</BannerType>
  <BannerType2>1280x720</BannerType2>
  <Colors></Colors>
  <Language>en</Language>
  <Rating></Rating>
  <RatingCount>0</RatingCount>
  <SeriesName>false</SeriesName>
  <ThumbnailPath>_cache/fanart/original/80345-8.jpg</ThumbnailPath>
  <VignettePath>fanart/vignette/80345-8.jpg</VignettePath>
</Banner>
<Banner>
  <id>42376</id>
  <BannerPath>fanart/original/80345-10.jpg</BannerPath>
  <BannerType>fanart</BannerType>
  <BannerType2>1280x720</BannerType2>
  <Colors></Colors>
  <Language>en</Language>
  <Rating></Rating>
  <RatingCount>0</RatingCount>
  <SeriesName>false</SeriesName>
  <ThumbnailPath>_cache/fanart/original/80345-10.jpg</ThumbnailPath>
  <VignettePath>fanart/vignette/80345-10.jpg</VignettePath>
</Banner>
<Banner>
  <id>919806</id>
  <BannerPath>fanart/original/80345-18.jpg</BannerPath>
  <BannerType>fanart</BannerType>
  <BannerType2>1920x1080</BannerType2>
  <Colors></Colors>
  <Language>fr</Language>
  <Rating></Rating>
  <RatingCount>0</RatingCount>
  <SeriesName>false</SeriesName>
  <ThumbnailPath>_cache/fanart/original/80345-18.jpg</ThumbnailPath>
  <VignettePath>fanart/vignette/80345-18.jpg</VignettePath>
</Banner>
<Banner>
  <id>919805</id>
  <BannerPath>fanart/original/80345-17.jpg</BannerPath>
  <BannerType>fanart</BannerType>
  <BannerType2>1920x1080</BannerType2>
  <Colors></Colors>
  <Language>fr</Language>
  <Rating></Rating>
  <RatingCount>0</RatingCount>
  <SeriesName>false</SeriesName>
  <ThumbnailPath>_cache/fanart/original/80345-17.jpg</ThumbnailPath>
  <VignettePath>fanart/vignette/80345-17.jpg</VignettePath>
</Banner>
<Banner>
  <id>42377</id>
  <BannerPath>fanart/original/80345-11.jpg</BannerPath>
  <BannerType>fanart</BannerType>
  <BannerType2>1280x720</BannerType2>
  <Colors></Colors>
  <Language>en</Language>
  <Rating></Rating>
  <RatingCount>0</RatingCount>
  <SeriesName>false</SeriesName>
  <ThumbnailPath>_cache/fanart/original/80345-11.jpg</ThumbnailPath>
  <VignettePath>fanart/vignette/80345-11.jpg</VignettePath>
</Banner>
<Banner>
  <id>27582</id>
  <BannerPath>posters/80345-1.jpg</BannerPath>
  <BannerType>poster</BannerType>
  <BannerType2>680x1000</BannerType2>
  <Language>en</Language>
  <Rating>8.7500</Rating>
  <RatingCount>4</RatingCount>
</Banner>
<Banner>
  <id>39990</id>
  <BannerPath>posters/80345-2.jpg</BannerPath>
  <BannerType>poster</BannerType>
  <BannerType2>680x1000</BannerType2>
  <Language>en</Language>
  <Rating>6.3333</Rating>
  <RatingCount>3</RatingCount>
</Banner>
<Banner>
  <id>906856</id>
  <BannerPath>posters/80345-3.jpg</BannerPath>
  <BannerType>poster</BannerType>
  <BannerType2>680x1000</BannerType2>
  <Language>en</Language>
  <Rating></Rating>
  <RatingCount>0</RatingCount>
</Banner>
<Banner>
  <id>16253</id>
  <BannerPath>seasons/80345-1.jpg</BannerPath>
  <BannerType>season</BannerType>
  <BannerType2>season</BannerType2>
  <Language>en</Language>
  <Rating>7.6667</Rating>
  <RatingCount>3</RatingCount>
  <Season>1</Season>
</Banner>
<Banner>
  <id>285841</id>
  <BannerPath>seasons/80345-1-4.jpg</BannerPath>
  <BannerType>season</BannerType>
  <BannerType2>season</BannerType2>
  <Language>en</Language>
  <Rating></Rating>
  <RatingCount>0</RatingCount>
  <Season>1</Season>
</Banner>
<Banner>
  <id>24040</id>
  <BannerPath>seasons/80345-1-2.jpg</BannerPath>
  <BannerType>season</BannerType>
  <BannerType2>season</BannerType2>
  <Language>fr</Language>
  <Rating></Rating>
  <RatingCount>0</RatingCount>
  <Season>1</Season>
</Banner>
<Banner>
  <id>285851</id>
  <BannerPath>seasons/80345-2-2.jpg</BannerPath>
  <BannerType>season</BannerType>
  <BannerType2>season</BannerType2>
  <Language>en</Language>
  <Rating></Rating>
  <RatingCount>0</RatingCount>
  <Season>2</Season>
</Banner>
<Banner>
  <id>33687</id>
  <BannerPath>seasons/80345-1-3.jpg</BannerPath>
  <BannerType>season</BannerType>
  <BannerType2>season</BannerType2>
  <Language>en</Language>
  <Rating></Rating>
  <RatingCount>0</RatingCount>
  <Season>1</Season>
</Banner>
<Banner>
  <id>40102</id>
  <BannerPath>seasons/80345-2.jpg</BannerPath>
  <BannerType>season</BannerType>
  <BannerType2>season</BannerType2>
  <Language>en</Language>
  <Rating></Rating>
  <RatingCount>0</RatingCount>
  <Season>2</Season>
</Banner>
<Banner>
  <id>20122</id>
  <BannerPath>seasons/80345-0.jpg</BannerPath>
  <BannerType>season</BannerType>
  <BannerType2>season</BannerType2>
  <Language>en</Language>
  <Rating></Rating>
  <RatingCount>0</RatingCount>
  <Season>0</Season>
</Banner>
<Banner>
  <id>16930</id>
  <BannerPath>graphical/80345-g3.jpg</BannerPath>
  <BannerType>series</BannerType>
  <BannerType2>graphical</BannerType2>
  <Language>en</Language>
  <Rating>7.9000</Rating>
  <RatingCount>10</RatingCount>
</Banner>
<Banner>
  <id>67311</id>
  <BannerPath>graphical/80345-g7.jpg</BannerPath>
  <BannerType>series</BannerType>
  <BannerType2>graphical</BannerType2>
  <Language>en</Language>
  <Rating>7.1429</Rating>
  <RatingCount>7</RatingCount>
</Banner>
<Banner>
  <id>16299</id>
  <BannerPath>graphical/80345-g.jpg</BannerPath>
  <BannerType>series</BannerType>
  <BannerType2>graphical</BannerType2>
  <Language>en</Language>
  <Rating>7.1111</Rating>
  <RatingCount>9</RatingCount>
</Banner>
<Banner>
  <id>16139</id>
  <BannerPath>graphical/80345-g4.jpg</BannerPath>
  <BannerType>series</BannerType>
  <BannerType2>graphical</BannerType2>
  <Language>en</Language>
  <Rating>4.5000</Rating>
  <RatingCount>2</RatingCount>
</Banner>
<Banner>
  <id>16558</id>
  <BannerPath>graphical/80345-g2.jpg</BannerPath>
  <BannerType>series</BannerType>
  <BannerType2>graphical</BannerType2>
  <Language>en</Language>
  <Rating>3.0000</Rating>
  <RatingCount>2</RatingCount>
</Banner>
<Banner>
  <id>23210</id>
  <BannerPath>graphical/80345-g5.jpg</BannerPath>
  <BannerType>series</BannerType>
  <BannerType2>graphical</BannerType2>
  <Language>pl</Language>
  <Rating>2.0000</Rating>
  <RatingCount>1</RatingCount>
</Banner>
<Banner>
  <id>14766</id>
  <BannerPath>text/80345.jpg</BannerPath>
  <BannerType>series</BannerType>
  <BannerType2>text</BannerType2>
  <Language>en</Language>
  <Rating>1.0000</Rating>
  <RatingCount>2</RatingCount>
</Banner>
<Banner>
  <id>16140</id>
  <BannerPath>blank/80345-2.jpg</BannerPath>
  <BannerType>series</BannerType>
  <BannerType2>blank</BannerType2>
  <Language>en</Language>
  <Rating>1.0000</Rating>
  <RatingCount>1</RatingCount>
</Banner>
<Banner>
  <id>16138</id>
  <BannerPath>text/80345-2.jpg</BannerPath>
  <BannerType>series</BannerType>
  <BannerType2>text</BannerType2>
  <Language>en</Language>
  <Rating>1.0000</Rating>
  <RatingCount>2</RatingCount>
</Banner>
<Banner>
  <id>747801</id>
  <BannerPath>graphical/80345-g8.jpg</BannerPath>
  <BannerType>series</BannerType>
  <BannerType2>graphical</BannerType2>
  <Language>ru</Language>
  <Rating></Rating>
  <RatingCount>0</RatingCount>
</Banner>
<Banner>
  <id>747811</id>
  <BannerPath>graphical/80345-g9.jpg</BannerPath>
  <BannerType>series</BannerType>
  <BannerType2>graphical</BannerType2>
  <Language>ru</Language>
  <Rating></Rating>
  <RatingCount>0</RatingCount>
</Banner>
<Banner>
  <id>23211</id>
  <BannerPath>graphical/80345-g6.jpg</BannerPath>
  <BannerType>series</BannerType>
  <BannerType2>graphical</BannerType2>
  <Language>pl</Language>
  <Rating></Rating>
  <RatingCount>0</RatingCount>
</Banner>
<Banner>
  <id>14767</id>
  <BannerPath>blank/80345.jpg</BannerPath>
  <BannerType>series</BannerType>
  <BannerType2>blank</BannerType2>
  <Language>en</Language>
  <Rating></Rating>
  <RatingCount>0</RatingCount>
</Banner>
</Banners>