<?xml version="1.0" encoding="UTF-8" ?>
<Actors>
<Actor>
  <id>221921</id>
  <Image>actors/221921.jpg</Image>
  <Name>Christian Slater</Name>
  <Role>Oz</Role>
  <SortOrder>0</SortOrder>
</Actor>
<Actor>
  <id>276801</id>
  <Image>actors/276801.jpg</Image>
  <Name>Odette Annable</Name>
  <Role>Melanie Green</Role>
  <SortOrder>1</SortOrder>
</Actor>
<Actor>
  <id>276791</id>
  <Image>actors/276791.jpg</Image>
  <Name>Bret Harrison</Name>
  <Role>Cameron Bright</Role>
  <SortOrder>1</SortOrder>
</Actor>
<Actor>
  <id>276781</id>
  <Image>actors/276781.jpg</Image>
  <Name>Alphonso McAuley</Name>
  <Role>Calvin &quot;Cash&quot; Sparks</Role>
  <SortOrder>1</SortOrder>
</Actor>
<Actor>
  <id>295829</id>
  <Image>actors/295829.jpg</Image>
  <Name>Erin Richards</Name>
  <Role>Molly</Role>
  <SortOrder>3</SortOrder>
</Actor>
<Actor>
  <id>295828</id>
  <Image>actors/295828.jpg</Image>
  <Name>Megan Mullally</Name>
  <Role>Veronica Mann </Role>
  <SortOrder>3</SortOrder>
</Actor>
<Actor>
  <id>276811</id>
  <Image>actors/276811.jpg</Image>
  <Name>Michael Rosenbaum</Name>
  <Role>Dutch</Role>
  <SortOrder>3</SortOrder>
</Actor>
</Actors>