<?xml version="1.0" encoding="UTF-8" ?>
<Banners>
<Banner>
  <id>827491</id>
  <BannerPath>fanart/original/206751-3.jpg</BannerPath>
  <BannerType>fanart</BannerType>
  <BannerType2>1920x1080</BannerType2>
  <Colors></Colors>
  <Language>en</Language>
  <Rating>10.0000</Rating>
  <RatingCount>1</RatingCount>
  <SeriesName>false</SeriesName>
  <ThumbnailPath>_cache/fanart/original/206751-3.jpg</ThumbnailPath>
  <VignettePath>fanart/vignette/206751-3.jpg</VignettePath>
</Banner>
<Banner>
  <id>846671</id>
  <BannerPath>fanart/original/206751-5.jpg</BannerPath>
  <BannerType>fanart</BannerType>
  <BannerType2>1920x1080</BannerType2>
  <Colors></Colors>
  <Language>en</Language>
  <Rating>8.7500</Rating>
  <RatingCount>4</RatingCount>
  <SeriesName>false</SeriesName>
  <ThumbnailPath>_cache/fanart/original/206751-5.jpg</ThumbnailPath>
  <VignettePath>fanart/vignette/206751-5.jpg</VignettePath>
</Banner>
<Banner>
  <id>896781</id>
  <BannerPath>fanart/original/206751-4.jpg</BannerPath>
  <BannerType>fanart</BannerType>
  <BannerType2>1920x1080</BannerType2>
  <Colors></Colors>
  <Language>en</Language>
  <Rating>8.0000</Rating>
  <RatingCount>2</RatingCount>
  <SeriesName>false</SeriesName>
  <ThumbnailPath>_cache/fanart/original/206751-4.jpg</ThumbnailPath>
  <VignettePath>fanart/vignette/206751-4.jpg</VignettePath>
</Banner>
<Banner>
  <id>898270</id>
  <BannerPath>fanart/original/206751-8.jpg</BannerPath>
  <BannerType>fanart</BannerType>
  <BannerType2>1280x720</BannerType2>
  <Colors></Colors>
  <Language>de</Language>
  <Rating>8.0000</Rating>
  <RatingCount>1</RatingCount>
  <SeriesName>false</SeriesName>
  <ThumbnailPath>_cache/fanart/original/206751-8.jpg</ThumbnailPath>
  <VignettePath>fanart/vignette/206751-8.jpg</VignettePath>
</Banner>
<Banner>
  <id>682571</id>
  <BannerPath>fanart/original/206751-1.jpg</BannerPath>
  <BannerType>fanart</BannerType>
  <BannerType2>1920x1080</BannerType2>
  <Colors>|136,111,91|135,177,193|0,0,0|</Colors>
  <Language>de</Language>
  <Rating>6.7500</Rating>
  <RatingCount>4</RatingCount>
  <SeriesName>false</SeriesName>
  <ThumbnailPath>_cache/fanart/original/206751-1.jpg</ThumbnailPath>
  <VignettePath>fanart/vignette/206751-1.jpg</VignettePath>
</Banner>
<Banner>
  <id>846681</id>
  <BannerPath>fanart/original/206751-6.jpg</BannerPath>
  <BannerType>fanart</BannerType>
  <BannerType2>1920x1080</BannerType2>
  <Colors></Colors>
  <Language>en</Language>
  <Rating></Rating>
  <RatingCount>0</RatingCount>
  <SeriesName>false</SeriesName>
  <ThumbnailPath>_cache/fanart/original/206751-6.jpg</ThumbnailPath>
  <VignettePath>fanart/vignette/206751-6.jpg</VignettePath>
</Banner>
<Banner>
  <id>825241</id>
  <BannerPath>fanart/original/206751-2.jpg</BannerPath>
  <BannerType>fanart</BannerType>
  <BannerType2>1920x1080</BannerType2>
  <Colors></Colors>
  <Language>en</Language>
  <Rating></Rating>
  <RatingCount>0</RatingCount>
  <SeriesName>false</SeriesName>
  <ThumbnailPath>_cache/fanart/original/206751-2.jpg</ThumbnailPath>
  <VignettePath>fanart/vignette/206751-2.jpg</VignettePath>
</Banner>
<Banner>
  <id>896782</id>
  <BannerPath>fanart/original/206751-7.jpg</BannerPath>
  <BannerType>fanart</BannerType>
  <BannerType2>1920x1080</BannerType2>
  <Colors></Colors>
  <Language>en</Language>
  <Rating></Rating>
  <RatingCount>0</RatingCount>
  <SeriesName>false</SeriesName>
  <ThumbnailPath>_cache/fanart/original/206751-7.jpg</ThumbnailPath>
  <VignettePath>fanart/vignette/206751-7.jpg</VignettePath>
</Banner>
<Banner>
  <id>898271</id>
  <BannerPath>posters/206751-4.jpg</BannerPath>
  <BannerType>poster</BannerType>
  <BannerType2>680x1000</BannerType2>
  <Language>en</Language>
  <Rating>8.0000</Rating>
  <RatingCount>3</RatingCount>
</Banner>
<Banner>
  <id>835171</id>
  <BannerPath>posters/206751-1.jpg</BannerPath>
  <BannerType>poster</BannerType>
  <BannerType2>680x1000</BannerType2>
  <Language>en</Language>
  <Rating>6.2500</Rating>
  <RatingCount>8</RatingCount>
</Banner>
<Banner>
  <id>835231</id>
  <BannerPath>posters/206751-2.jpg</BannerPath>
  <BannerType>poster</BannerType>
  <BannerType2>680x1000</BannerType2>
  <Language>en</Language>
  <Rating>6.0000</Rating>
  <RatingCount>4</RatingCount>
</Banner>
<Banner>
  <id>891743</id>
  <BannerPath>posters/206751-3.jpg</BannerPath>
  <BannerType>poster</BannerType>
  <BannerType2>680x1000</BannerType2>
  <Language>en</Language>
  <Rating>1.0000</Rating>
  <RatingCount>4</RatingCount>
</Banner>
<Banner>
  <id>858272</id>
  <BannerPath>seasons/206751-1.jpg</BannerPath>
  <BannerType>season</BannerType>
  <BannerType2>season</BannerType2>
  <Language>en</Language>
  <Rating>8.5000</Rating>
  <RatingCount>2</RatingCount>
  <Season>1</Season>
</Banner>
<Banner>
  <id>857462</id>
  <BannerPath>seasons/206751-1-2.jpg</BannerPath>
  <BannerType>season</BannerType>
  <BannerType2>season</BannerType2>
  <Language>ru</Language>
  <Rating>5.5000</Rating>
  <RatingCount>2</RatingCount>
  <Season>1</Season>
</Banner>
<Banner>
  <id>900429</id>
  <BannerPath>seasons/206751-2.jpg</BannerPath>
  <BannerType>season</BannerType>
  <BannerType2>season</BannerType2>
  <Language>en</Language>
  <Rating></Rating>
  <RatingCount>0</RatingCount>
  <Season>2</Season>
</Banner>
<Banner>
  <id>831131</id>
  <BannerPath>graphical/206751-g2.jpg</BannerPath>
  <BannerType>series</BannerType>
  <BannerType2>graphical</BannerType2>
  <Language>en</Language>
  <Rating>9.6667</Rating>
  <RatingCount>3</RatingCount>
</Banner>
<Banner>
  <id>831091</id>
  <BannerPath>graphical/206751-g.jpg</BannerPath>
  <BannerType>series</BannerType>
  <BannerType2>graphical</BannerType2>
  <Language>en</Language>
  <Rating>9.0000</Rating>
  <RatingCount>3</RatingCount>
</Banner>
<Banner>
  <id>854401</id>
  <BannerPath>graphical/206751-g4.jpg</BannerPath>
  <BannerType>series</BannerType>
  <BannerType2>graphical</BannerType2>
  <Language>en</Language>
  <Rating>6.0000</Rating>
  <RatingCount>4</RatingCount>
</Banner>
<Banner>
  <id>854381</id>
  <BannerPath>graphical/206751-g3.jpg</BannerPath>
  <BannerType>series</BannerType>
  <BannerType2>graphical</BannerType2>
  <Language>en</Language>
  <Rating>5.5000</Rating>
  <RatingCount>2</RatingCount>
</Banner>
<Banner>
  <id>892061</id>
  <BannerPath>graphical/206751-g5.jpg</BannerPath>
  <BannerType>series</BannerType>
  <BannerType2>graphical</BannerType2>
  <Language>en</Language>
  <Rating></Rating>
  <RatingCount>0</RatingCount>
</Banner>
</Banners>