<?xml version="1.0" encoding="UTF-8" ?>
<Data><Series>
  <id>206751</id>
  <Actors>|Christian Slater|Odette Annable|Bret Harrison|Alphonso McAuley|Erin Richards|Megan Mullally|Michael Rosenbaum|</Actors>
  <Airs_DayOfWeek>Tuesday</Airs_DayOfWeek>
  <Airs_Time>09:30 PM</Airs_Time>
  <ContentRating>TV-14</ContentRating>
  <FirstAired>2011-04-06</FirstAired>
  <Genre>|Comedy|</Genre>
  <IMDB_ID>tt1630574</IMDB_ID>
  <Language>en</Language>
  <Network>FOX</Network>
  <NetworkID></NetworkID>
  <Overview>Contra Security, corporate America's answer to &quot;The A-Team,&quot; gives clients a sense of security by first ripping it away. The firm is led by OZ, a larger-than-life head honcho who is a man of mystery and master of manipulation. The members of the odd squad include alluring bad girl Melanie, who is in charge of lock-picking, safe-cracking and heart-breaking; and Cash, a fanboy who specializes in strategy, logistics and office pranks only a mad genius could think up.

Oz's newest recruit, plucked right out of college, is lovable and charming computer hacker Cameron Price. Unfortunately for Cameron, cracking into state-of-the-art security systems is a lot easier than dealing with his co-workers. Between Melanie's sex appeal and Cash's hazing, Cameron has more than a few obstacles to overcome if he wants to cement his status as part of the team and become Oz's go-to guy.</Overview>
  <Rating>6.9</Rating>
  <RatingCount>22</RatingCount>
  <Runtime>30</Runtime>
  <SeriesID>78552</SeriesID>
  <SeriesName>Breaking In</SeriesName>
  <Status>Ended</Status>
  <added>2010-11-20 11:31:18</added>
  <addedBy>235</addedBy>
  <banner>graphical/206751-g2.jpg</banner>
  <fanart>fanart/original/206751-3.jpg</fanart>
  <lastupdated>1365363032</lastupdated>
  <poster>posters/206751-4.jpg</poster>
  <zap2it_id>SH01392206</zap2it_id>
</Series>
<Episode>
  <id>3177971</id>
  <Combined_episodenumber>1</Combined_episodenumber>
  <Combined_season>1</Combined_season>
  <DVD_chapter></DVD_chapter>
  <DVD_discid></DVD_discid>
  <DVD_episodenumber></DVD_episodenumber>
  <DVD_season></DVD_season>
  <Director>Seth Gordon</Director>
  <EpImgFlag>2</EpImgFlag>
  <EpisodeName>Pilot</EpisodeName>
  <EpisodeNumber>1</EpisodeNumber>
  <FirstAired>2011-04-06</FirstAired>
  <GuestStars>|Michael Rosenbaum|Trevor Moore|Jennifer Irwin|</GuestStars>
  <IMDB_ID></IMDB_ID>
  <Language>en</Language>
  <Overview>When Contra Security wants a new member on their team of genius talent, leader Oz hopes to entice Cameron Bright. Oz is no stranger to manipulative tactics to win clients to his firm, whose genius includes the odd expertise of members Melanie Green, Cash Sparks, and Josh Armstrong. Keeping corporations safe from security breaches may, in fact, be the least of the team's worries under Oz's methods of leadership, which are questionable at best.</Overview>
  <ProductionCode>BIN-101</ProductionCode>
  <Rating>7.4</Rating>
  <RatingCount>54</RatingCount>
  <SeasonNumber>1</SeasonNumber>
  <Writer>Adam F. Goldberg|Seth Gordon</Writer>
  <absolute_number></absolute_number>
  <filename>episodes/206751/3177971.jpg</filename>
  <lastupdated>1359766707</lastupdated>
  <seasonid>359611</seasonid>
  <seriesid>206751</seriesid>
</Episode>
<Episode>
  <id>4033031</id>
  <Combined_episodenumber>2</Combined_episodenumber>
  <Combined_season>1</Combined_season>
  <DVD_chapter></DVD_chapter>
  <DVD_discid></DVD_discid>
  <DVD_episodenumber></DVD_episodenumber>
  <DVD_season></DVD_season>
  <Director>Seth Gordon</Director>
  <EpImgFlag>2</EpImgFlag>
  <EpisodeName>Tis Better to Have Loved and Flossed</EpisodeName>
  <EpisodeNumber>2</EpisodeNumber>
  <FirstAired>2011-04-13</FirstAired>
  <GuestStars>|Alyssa Milano|Michael Rosenbaum|Trevor Moore|Jennifer Irwin|Ali Wong|Luenell|</GuestStars>
  <IMDB_ID></IMDB_ID>
  <Language>en</Language>
  <Overview>Oz asks his team to break into an old lady's home to rob her safe, but her security system turns out to be quite challenging. In the meantime, Cameron's work fascinates a dentist.</Overview>
  <ProductionCode></ProductionCode>
  <Rating>7.6</Rating>
  <RatingCount>52</RatingCount>
  <SeasonNumber>1</SeasonNumber>
  <Writer>Adam F. Goldberg</Writer>
  <absolute_number></absolute_number>
  <filename>episodes/206751/4033031.jpg</filename>
  <lastupdated>1359766739</lastupdated>
  <seasonid>359611</seasonid>
  <seriesid>206751</seriesid>
</Episode>
<Episode>
  <id>4033041</id>
  <Combined_episodenumber>3</Combined_episodenumber>
  <Combined_season>1</Combined_season>
  <DVD_chapter></DVD_chapter>
  <DVD_discid></DVD_discid>
  <DVD_episodenumber></DVD_episodenumber>
  <DVD_season></DVD_season>
  <Director>Fred Savage</Director>
  <EpImgFlag>2</EpImgFlag>
  <EpisodeName>Need for Speed</EpisodeName>
  <EpisodeNumber>3</EpisodeNumber>
  <FirstAired>2011-04-20</FirstAired>
  <GuestStars>|Michael Rosenbaum|Trevor Moore|Jennifer Irwin|Jimmie Johnson|Steve Berg|Jack Guzman|LJ Benet|Austin Trace|</GuestStars>
  <IMDB_ID></IMDB_ID>
  <Language>en</Language>
  <Overview>When Oz's childhood friend, race-car champion Jimmie Johnson, asks him for help investigating a security leak on the speedway, Cameron is forced to recruit his least-favorite person to the team: car enthusiast Dutch. Meanwhile, Cash thinks the office photocopier has come to life.</Overview>
  <ProductionCode></ProductionCode>
  <Rating>7.6</Rating>
  <RatingCount>45</RatingCount>
  <SeasonNumber>1</SeasonNumber>
  <Writer>Chris Bishop</Writer>
  <absolute_number></absolute_number>
  <filename>episodes/206751/4033041.jpg</filename>
  <lastupdated>1359766774</lastupdated>
  <seasonid>359611</seasonid>
  <seriesid>206751</seriesid>
</Episode>
<Episode>
  <id>4063261</id>
  <Combined_episodenumber>4</Combined_episodenumber>
  <Combined_season>1</Combined_season>
  <DVD_chapter></DVD_chapter>
  <DVD_discid></DVD_discid>
  <DVD_episodenumber></DVD_episodenumber>
  <DVD_season></DVD_season>
  <Director>Fred Savage</Director>
  <EpImgFlag>2</EpImgFlag>
  <EpisodeName>White on White on White</EpisodeName>
  <EpisodeNumber>4</EpisodeNumber>
  <FirstAired>2011-04-27</FirstAired>
  <GuestStars>|Michael Rosenbaum|Trevor Moore|Jennifer Irwin|Ted McGinley|Ali Wong|</GuestStars>
  <IMDB_ID></IMDB_ID>
  <Language>en</Language>
  <Overview>Melanie is overjoyed when her ex-con father re-enters her life, but the team is suspicious as it’s the day they are hired to test the security of a museum with a priceless painting.</Overview>
  <ProductionCode></ProductionCode>
  <Rating>7.7</Rating>
  <RatingCount>43</RatingCount>
  <SeasonNumber>1</SeasonNumber>
  <Writer>|David Windsor|Casey Johnson|</Writer>
  <absolute_number></absolute_number>
  <filename>episodes/206751/4063261.jpg</filename>
  <lastupdated>1359766805</lastupdated>
  <seasonid>359611</seasonid>
  <seriesid>206751</seriesid>
</Episode>
<Episode>
  <id>4063271</id>
  <Combined_episodenumber>5</Combined_episodenumber>
  <Combined_season>1</Combined_season>
  <DVD_chapter></DVD_chapter>
  <DVD_discid></DVD_discid>
  <DVD_episodenumber></DVD_episodenumber>
  <DVD_season></DVD_season>
  <Director>Matt Shakman</Director>
  <EpImgFlag>2</EpImgFlag>
  <EpisodeName>Take the Movie and Run</EpisodeName>
  <EpisodeNumber>5</EpisodeNumber>
  <FirstAired>2011-05-04</FirstAired>
  <GuestStars>|Michael Rosenbaum|Trevor Moore|Jennifer Irwin|</GuestStars>
  <IMDB_ID></IMDB_ID>
  <Language>en</Language>
  <Overview>Oz and the team are assigned to protect the sequel to “The Goonies” at a comic-con convention and suspicion turns to fanboy Cash when the only copy of the movie goes missing.</Overview>
  <ProductionCode></ProductionCode>
  <Rating>7.8</Rating>
  <RatingCount>45</RatingCount>
  <SeasonNumber>1</SeasonNumber>
  <Writer>Adam F. Goldberg</Writer>
  <absolute_number></absolute_number>
  <filename>episodes/206751/4063271.jpg</filename>
  <lastupdated>1359766933</lastupdated>
  <seasonid>359611</seasonid>
  <seriesid>206751</seriesid>
</Episode>
<Episode>
  <id>4063281</id>
  <Combined_episodenumber>6</Combined_episodenumber>
  <Combined_season>1</Combined_season>
  <DVD_chapter></DVD_chapter>
  <DVD_discid></DVD_discid>
  <DVD_episodenumber></DVD_episodenumber>
  <DVD_season></DVD_season>
  <Director>Phil Traill</Director>
  <EpImgFlag>2</EpImgFlag>
  <EpisodeName>Breaking Out</EpisodeName>
  <EpisodeNumber>6</EpisodeNumber>
  <FirstAired>2011-05-11</FirstAired>
  <GuestStars>|Michael Rosenbaum|Trevor Moore|Ali Wong|</GuestStars>
  <IMDB_ID></IMDB_ID>
  <Language>en</Language>
  <Overview>After the team botches their assignment to secure KFC's Secret Recipe, Oz orchestrates a team-building exercise, trapping the gang inside Contra Security over the weekend, forcing them to work together in order to break out of the office. Cameron's feelings for Melanie come out in the open, and Cash becomes jealous when Josh dates a co-worker.</Overview>
  <ProductionCode></ProductionCode>
  <Rating>8.0</Rating>
  <RatingCount>39</RatingCount>
  <SeasonNumber>1</SeasonNumber>
  <Writer>Ben Wexler</Writer>
  <absolute_number></absolute_number>
  <filename>episodes/206751/4063281.jpg</filename>
  <lastupdated>1359766966</lastupdated>
  <seasonid>359611</seasonid>
  <seriesid>206751</seriesid>
</Episode>
<Episode>
  <id>4063291</id>
  <Combined_episodenumber>7</Combined_episodenumber>
  <Combined_season>1</Combined_season>
  <DVD_chapter></DVD_chapter>
  <DVD_discid></DVD_discid>
  <DVD_episodenumber></DVD_episodenumber>
  <DVD_season></DVD_season>
  <Director>Seth Gordon</Director>
  <EpImgFlag>2</EpImgFlag>
  <EpisodeName>21.0 Jump Street</EpisodeName>
  <EpisodeNumber>7</EpisodeNumber>
  <FirstAired>2011-05-17</FirstAired>
  <GuestStars>|Mike Tyson|Michael Rosenbaum|Trevor Moore|Nora Kirkpatrick|Heather Sossaman|Zack Pearlman|Nick Jandl</GuestStars>
  <IMDB_ID></IMDB_ID>
  <Language>en</Language>
  <Overview>When Contra Security is hired to find a teen cyber-bully, Cameron finds himself back at his former high school, where he must relive his un-glory days. </Overview>
  <ProductionCode></ProductionCode>
  <Rating>8.1</Rating>
  <RatingCount>34</RatingCount>
  <SeasonNumber>1</SeasonNumber>
  <Writer>Adam F. Goldberg</Writer>
  <absolute_number></absolute_number>
  <filename>episodes/206751/4063291.jpg</filename>
  <lastupdated>1362939704</lastupdated>
  <seasonid>359611</seasonid>
  <seriesid>206751</seriesid>
</Episode>
<Episode>
  <id>4215132</id>
  <Combined_episodenumber>1</Combined_episodenumber>
  <Combined_season>2</Combined_season>
  <DVD_chapter></DVD_chapter>
  <DVD_discid></DVD_discid>
  <DVD_episodenumber></DVD_episodenumber>
  <DVD_season></DVD_season>
  <Director>Seth Gordon</Director>
  <EpImgFlag>2</EpImgFlag>
  <EpisodeName>The Contra Club</EpisodeName>
  <EpisodeNumber>1</EpisodeNumber>
  <FirstAired>2012-03-06</FirstAired>
  <GuestStars>Jennifer Irwin|Roddy Piper|</GuestStars>
  <IMDB_ID></IMDB_ID>
  <Language>en</Language>
  <Overview>In the second season premiere, Cameron, Cash and Melanie discover that Oz is forced to sell the company to a corporate conglomerate headed by the brash and bold Veronica Mann (Emmy Award winner Megan Mullally, who joins the cast as a series regular), who along with her prickly British assistant Molly, turn the office upside-down.</Overview>
  <ProductionCode></ProductionCode>
  <Rating>7.7</Rating>
  <RatingCount>25</RatingCount>
  <SeasonNumber>2</SeasonNumber>
  <Writer>Adam F. Goldberg</Writer>
  <absolute_number></absolute_number>
  <filename>episodes/206751/4215132.jpg</filename>
  <lastupdated>1362869281</lastupdated>
  <seasonid>479561</seasonid>
  <seriesid>206751</seriesid>
</Episode>
<Episode>
  <id>4277656</id>
  <Combined_episodenumber>2</Combined_episodenumber>
  <Combined_season>2</Combined_season>
  <DVD_chapter></DVD_chapter>
  <DVD_discid></DVD_discid>
  <DVD_episodenumber></DVD_episodenumber>
  <DVD_season></DVD_season>
  <Director>Seth Gordon</Director>
  <EpImgFlag>2</EpImgFlag>
  <EpisodeName>Who's the Boss</EpisodeName>
  <EpisodeNumber>2</EpisodeNumber>
  <FirstAired>2012-03-13</FirstAired>
  <GuestStars>Jennifer Irwin|Lance Krall|Terrel Lee|Josh Meyers|Cici Lau|</GuestStars>
  <IMDB_ID></IMDB_ID>
  <Language>en</Language>
  <Overview>When Veronica doesn't approve of Contra's annual contract with a lingerie company to protect an extremely valuable diamond-encrusted bra, the team goes behind her back to pull it off (the mission, not the bra).</Overview>
  <ProductionCode></ProductionCode>
  <Rating>7.9</Rating>
  <RatingCount>21</RatingCount>
  <SeasonNumber>2</SeasonNumber>
  <Writer>Chris Bishop</Writer>
  <absolute_number></absolute_number>
  <filename>episodes/206751/4277656.jpg</filename>
  <lastupdated>1362869295</lastupdated>
  <seasonid>479561</seasonid>
  <seriesid>206751</seriesid>
</Episode>
<Episode>
  <id>4282960</id>
  <Combined_episodenumber>3</Combined_episodenumber>
  <Combined_season>2</Combined_season>
  <DVD_chapter></DVD_chapter>
  <DVD_discid></DVD_discid>
  <DVD_episodenumber></DVD_episodenumber>
  <DVD_season></DVD_season>
  <Director>Troy Miller</Director>
  <EpImgFlag>2</EpImgFlag>
  <EpisodeName>The Blind Sided</EpisodeName>
  <EpisodeNumber>3</EpisodeNumber>
  <FirstAired>2012-03-20</FirstAired>
  <GuestStars>Jennifer Irwin|Lance Krall|Terrel Lee|Bobb'e J. Thompson|Dawnn Lewis|</GuestStars>
  <IMDB_ID></IMDB_ID>
  <Language>en</Language>
  <Overview>The team tracks a computer hacker. Oz is worried when Veronica hires a young teen to be the office's new intern. Melanie and Cam have an awkward stakeout.</Overview>
  <ProductionCode></ProductionCode>
  <Rating>7.8</Rating>
  <RatingCount>23</RatingCount>
  <SeasonNumber>2</SeasonNumber>
  <Writer>|Marc Abrams|Michael Benson|</Writer>
  <absolute_number></absolute_number>
  <filename>episodes/206751/4282960.jpg</filename>
  <lastupdated>1362869307</lastupdated>
  <seasonid>479561</seasonid>
  <seriesid>206751</seriesid>
</Episode>
<Episode>
  <id>4283319</id>
  <Combined_episodenumber>4</Combined_episodenumber>
  <Combined_season>2</Combined_season>
  <DVD_chapter></DVD_chapter>
  <DVD_discid></DVD_discid>
  <DVD_episodenumber></DVD_episodenumber>
  <DVD_season></DVD_season>
  <Director></Director>
  <EpImgFlag>2</EpImgFlag>
  <EpisodeName>Game of Jones</EpisodeName>
  <EpisodeNumber>4</EpisodeNumber>
  <FirstAired>2012-03-27</FirstAired>
  <GuestStars>Jennifer Irwin|Lance Krall|Terrel Lee|Sean Patrick Flanery|Anabelle Acosta|Kelly Meyersfield|</GuestStars>
  <IMDB_ID></IMDB_ID>
  <Language>en</Language>
  <Overview>Oz tries to prove that Contra's top salesman actually exists. Veronica asks Cameron to help her make friends. Cash receives advice from an unlikely source.</Overview>
  <ProductionCode></ProductionCode>
  <Rating>7.4</Rating>
  <RatingCount>22</RatingCount>
  <SeasonNumber>2</SeasonNumber>
  <Writer></Writer>
  <absolute_number></absolute_number>
  <filename>episodes/206751/4283319.jpg</filename>
  <lastupdated>1362869326</lastupdated>
  <seasonid>479561</seasonid>
  <seriesid>206751</seriesid>
</Episode>
<Episode>
  <id>4290546</id>
  <Combined_episodenumber>5</Combined_episodenumber>
  <Combined_season>2</Combined_season>
  <DVD_chapter></DVD_chapter>
  <DVD_discid></DVD_discid>
  <DVD_episodenumber></DVD_episodenumber>
  <DVD_season></DVD_season>
  <Director>Alex Hardcastle</Director>
  <EpImgFlag>2</EpImgFlag>
  <EpisodeName>Cyrano de Nerdgerac</EpisodeName>
  <EpisodeNumber>5</EpisodeNumber>
  <FirstAired>2012-04-03</FirstAired>
  <GuestStars></GuestStars>
  <IMDB_ID></IMDB_ID>
  <Language>en</Language>
  <Overview>Oz relies on Cash to teach him how to ward off women because Molly has developed a crush on him. </Overview>
  <ProductionCode></ProductionCode>
  <Rating>8.1</Rating>
  <RatingCount>19</RatingCount>
  <SeasonNumber>2</SeasonNumber>
  <Writer>Matt Dearborn</Writer>
  <absolute_number></absolute_number>
  <filename>episodes/206751/4290546.jpg</filename>
  <lastupdated>1362477167</lastupdated>
  <seasonid>479561</seasonid>
  <seriesid>206751</seriesid>
</Episode>
<Episode>
  <id>4384387</id>
  <Combined_episodenumber>6</Combined_episodenumber>
  <Combined_season>2</Combined_season>
  <DVD_chapter></DVD_chapter>
  <DVD_discid></DVD_discid>
  <DVD_episodenumber></DVD_episodenumber>
  <DVD_season></DVD_season>
  <Director>Eyal Gordin</Director>
  <EpImgFlag>2</EpImgFlag>
  <EpisodeName>Double Dragon</EpisodeName>
  <EpisodeNumber>6</EpisodeNumber>
  <FirstAired></FirstAired>
  <GuestStars>James Gunn</GuestStars>
  <IMDB_ID></IMDB_ID>
  <Language>en</Language>
  <Overview>The team rallies together to help Oz defeat his nemesis: head of a rival security company and former Contra employee, Henry Shaw.</Overview>
  <ProductionCode>BIN-207</ProductionCode>
  <Rating>8.7</Rating>
  <RatingCount>3</RatingCount>
  <SeasonNumber>2</SeasonNumber>
  <Writer>|Marc Abrams|Michael Benson|</Writer>
  <absolute_number></absolute_number>
  <filename>episodes/206751/4384387.jpg</filename>
  <lastupdated>1359373006</lastupdated>
  <seasonid>479561</seasonid>
  <seriesid>206751</seriesid>
</Episode>
<Episode>
  <id>4384388</id>
  <Combined_episodenumber>7</Combined_episodenumber>
  <Combined_season>2</Combined_season>
  <DVD_chapter></DVD_chapter>
  <DVD_discid></DVD_discid>
  <DVD_episodenumber></DVD_episodenumber>
  <DVD_season></DVD_season>
  <Director>Roger Kumble</Director>
  <EpImgFlag>2</EpImgFlag>
  <EpisodeName>The Legend of Hurley's Gold</EpisodeName>
  <EpisodeNumber>7</EpisodeNumber>
  <FirstAired></FirstAired>
  <GuestStars></GuestStars>
  <IMDB_ID></IMDB_ID>
  <Language>en</Language>
  <Overview>Oz, Cash and Molly go treasure hunting, while Veronica recruits Cam to join her at a leadership conference.</Overview>
  <ProductionCode>BIN-208</ProductionCode>
  <Rating>8.3</Rating>
  <RatingCount>3</RatingCount>
  <SeasonNumber>2</SeasonNumber>
  <Writer>|Amy Mass|Robin Shorr|</Writer>
  <absolute_number></absolute_number>
  <filename>episodes/206751/4384388.jpg</filename>
  <lastupdated>1359373035</lastupdated>
  <seasonid>479561</seasonid>
  <seriesid>206751</seriesid>
</Episode>
<Episode>
  <id>4384389</id>
  <Combined_episodenumber>8</Combined_episodenumber>
  <Combined_season>2</Combined_season>
  <DVD_chapter></DVD_chapter>
  <DVD_discid></DVD_discid>
  <DVD_episodenumber></DVD_episodenumber>
  <DVD_season></DVD_season>
  <Director>Dean Holland</Director>
  <EpImgFlag>2</EpImgFlag>
  <EpisodeName>Chasing Amy and Molly</EpisodeName>
  <EpisodeNumber>8</EpisodeNumber>
  <FirstAired></FirstAired>
  <GuestStars></GuestStars>
  <IMDB_ID></IMDB_ID>
  <Language>en</Language>
  <Overview>The team tries to save Molly from being deported by planning a fake wedding, with disastrous results.</Overview>
  <ProductionCode>BIN-209</ProductionCode>
  <Rating>7.5</Rating>
  <RatingCount>2</RatingCount>
  <SeasonNumber>2</SeasonNumber>
  <Writer>|Hans Rodionoff|Lance Krall|</Writer>
  <absolute_number></absolute_number>
  <filename>episodes/206751/4384389.jpg</filename>
  <lastupdated>1359373134</lastupdated>
  <seasonid>479561</seasonid>
  <seriesid>206751</seriesid>
</Episode>
<Episode>
  <id>4384390</id>
  <Combined_episodenumber>9</Combined_episodenumber>
  <Combined_season>2</Combined_season>
  <DVD_chapter></DVD_chapter>
  <DVD_discid></DVD_discid>
  <DVD_episodenumber></DVD_episodenumber>
  <DVD_season></DVD_season>
  <Director>Steve Pink</Director>
  <EpImgFlag>2</EpImgFlag>
  <EpisodeName>The Hungover</EpisodeName>
  <EpisodeNumber>9</EpisodeNumber>
  <FirstAired></FirstAired>
  <GuestStars></GuestStars>
  <IMDB_ID></IMDB_ID>
  <Language>en</Language>
  <Overview>Veronica plans a girls' night that results in a missing item which was entrusted to Oz.</Overview>
  <ProductionCode>BIN-211</ProductionCode>
  <Rating>8.3</Rating>
  <RatingCount>3</RatingCount>
  <SeasonNumber>2</SeasonNumber>
  <Writer>Tim Doyle</Writer>
  <absolute_number></absolute_number>
  <filename>episodes/206751/4384390.jpg</filename>
  <lastupdated>1359373165</lastupdated>
  <seasonid>479561</seasonid>
  <seriesid>206751</seriesid>
</Episode>
<Episode>
  <id>4384391</id>
  <Combined_episodenumber>10</Combined_episodenumber>
  <Combined_season>2</Combined_season>
  <DVD_chapter></DVD_chapter>
  <DVD_discid></DVD_discid>
  <DVD_episodenumber></DVD_episodenumber>
  <DVD_season></DVD_season>
  <Director>Rebecca Asher</Director>
  <EpImgFlag>2</EpImgFlag>
  <EpisodeName>Heathers</EpisodeName>
  <EpisodeNumber>10</EpisodeNumber>
  <FirstAired></FirstAired>
  <GuestStars></GuestStars>
  <IMDB_ID></IMDB_ID>
  <Language>en</Language>
  <Overview>The team helps Veronica in a battle against the &quot;Heathers&quot;. Tony Hawk pays Contra Security a visit.</Overview>
  <ProductionCode>BIN-210</ProductionCode>
  <Rating>8.3</Rating>
  <RatingCount>3</RatingCount>
  <SeasonNumber>2</SeasonNumber>
  <Writer>|Lacey Marisa Friedman|Aaron Kaczander|</Writer>
  <absolute_number></absolute_number>
  <filename>episodes/206751/4384391.jpg</filename>
  <lastupdated>1359373192</lastupdated>
  <seasonid>479561</seasonid>
  <seriesid>206751</seriesid>
</Episode>
<Episode>
  <id>4384392</id>
  <Combined_episodenumber>11</Combined_episodenumber>
  <Combined_season>2</Combined_season>
  <DVD_chapter></DVD_chapter>
  <DVD_discid></DVD_discid>
  <DVD_episodenumber></DVD_episodenumber>
  <DVD_season></DVD_season>
  <Director>Robert Duncan McNeill</Director>
  <EpImgFlag>2</EpImgFlag>
  <EpisodeName>Cash of the Titans</EpisodeName>
  <EpisodeNumber>11</EpisodeNumber>
  <FirstAired></FirstAired>
  <GuestStars></GuestStars>
  <IMDB_ID></IMDB_ID>
  <Language>en</Language>
  <Overview>Oz sells Contra, only to find that Veronica wants to take the company in a different direction.</Overview>
  <ProductionCode>BIN-202</ProductionCode>
  <Rating>8.0</Rating>
  <RatingCount>2</RatingCount>
  <SeasonNumber>2</SeasonNumber>
  <Writer>|Chris Bishop|Adam F. Goldberg|</Writer>
  <absolute_number></absolute_number>
  <filename>episodes/206751/4384392.jpg</filename>
  <lastupdated>1359373249</lastupdated>
  <seasonid>479561</seasonid>
  <seriesid>206751</seriesid>
</Episode>
<Episode>
  <id>4384393</id>
  <Combined_episodenumber>12</Combined_episodenumber>
  <Combined_season>2</Combined_season>
  <DVD_chapter></DVD_chapter>
  <DVD_discid></DVD_discid>
  <DVD_episodenumber></DVD_episodenumber>
  <DVD_season></DVD_season>
  <Director>Tyler Spindel</Director>
  <EpImgFlag>2</EpImgFlag>
  <EpisodeName>The Nat'ral</EpisodeName>
  <EpisodeNumber>12</EpisodeNumber>
  <FirstAired></FirstAired>
  <GuestStars></GuestStars>
  <IMDB_ID></IMDB_ID>
  <Language>en</Language>
  <Overview>Contra competes for bragging rights against an old enemy, while Cameron encounters an old flame.</Overview>
  <ProductionCode>BIN-212</ProductionCode>
  <Rating>7.0</Rating>
  <RatingCount>1</RatingCount>
  <SeasonNumber>2</SeasonNumber>
  <Writer>|Chris Bishop|Mr Stegemann|</Writer>
  <absolute_number></absolute_number>
  <filename>episodes/206751/4384393.jpg</filename>
  <lastupdated>1359373278</lastupdated>
  <seasonid>479561</seasonid>
  <seriesid>206751</seriesid>
</Episode>
<Episode>
  <id>4384394</id>
  <Combined_episodenumber>13</Combined_episodenumber>
  <Combined_season>2</Combined_season>
  <DVD_chapter></DVD_chapter>
  <DVD_discid></DVD_discid>
  <DVD_episodenumber></DVD_episodenumber>
  <DVD_season></DVD_season>
  <Director>Christian Slater</Director>
  <EpImgFlag>2</EpImgFlag>
  <EpisodeName>Episode XIII</EpisodeName>
  <EpisodeNumber>13</EpisodeNumber>
  <FirstAired></FirstAired>
  <GuestStars>Martin Starr</GuestStars>
  <IMDB_ID></IMDB_ID>
  <Language>en</Language>
  <Overview>In the series finale, the team pay homage to a popular franchise while trying to score a big job that could allow Oz to buy back the company.</Overview>
  <ProductionCode>BIN-213</ProductionCode>
  <Rating>7.0</Rating>
  <RatingCount>1</RatingCount>
  <SeasonNumber>2</SeasonNumber>
  <Writer>Adam F. Goldberg</Writer>
  <absolute_number></absolute_number>
  <filename>episodes/206751/4384394.jpg</filename>
  <lastupdated>1359373309</lastupdated>
  <seasonid>479561</seasonid>
  <seriesid>206751</seriesid>
</Episode>
</Data>