<?xml version="1.0" encoding="UTF-8" ?>
<Actors>
<Actor>
  <id>214161</id>
  <Image>actors/214161.jpg</Image>
  <Name>Matt LeBlanc</Name>
  <Role>Matt LeBlanc</Role>
  <SortOrder>0</SortOrder>
</Actor>
<Actor>
  <id>235811</id>
  <Image>actors/235811.jpg</Image>
  <Name>Tamsin Greig</Name>
  <Role>Beverly Lincoln</Role>
  <SortOrder>1</SortOrder>
</Actor>
<Actor>
  <id>235801</id>
  <Image>actors/235801.jpg</Image>
  <Name>Stephen Mangan</Name>
  <Role>Sean Lincoln</Role>
  <SortOrder>2</SortOrder>
</Actor>
<Actor>
  <id>303883</id>
  <Image>actors/303883.jpg</Image>
  <Name>Sophie Rundle</Name>
  <Role>Labia</Role>
  <SortOrder>3</SortOrder>
</Actor>
<Actor>
  <id>235851</id>
  <Image>actors/235851.jpg</Image>
  <Name>Richard Griffiths</Name>
  <Role>Julian Bullard</Role>
  <SortOrder>3</SortOrder>
</Actor>
<Actor>
  <id>235841</id>
  <Image>actors/235841.jpg</Image>
  <Name>Mircea Monroe</Name>
  <Role>Morning Randolph</Role>
  <SortOrder>3</SortOrder>
</Actor>
<Actor>
  <id>235831</id>
  <Image>actors/235831.jpg</Image>
  <Name>Kathleen Rose Perkins</Name>
  <Role>Carol Rance</Role>
  <SortOrder>3</SortOrder>
</Actor>
<Actor>
  <id>235821</id>
  <Image>actors/235821.jpg</Image>
  <Name>John Pankow</Name>
  <Role>Merc Lapidus</Role>
  <SortOrder>3</SortOrder>
</Actor>
</Actors>