<?xml version="1.0" encoding="UTF-8" ?>
<Data><Series>
  <id>123581</id>
  <Actors>|Matt LeBlanc|Tamsin Greig|Stephen Mangan|Sophie Rundle|Richard Griffiths|Mircea Monroe|Kathleen Rose Perkins|John Pankow|</Actors>
  <Airs_DayOfWeek>Sunday</Airs_DayOfWeek>
  <Airs_Time>9:30 PM</Airs_Time>
  <ContentRating>TV-MA</ContentRating>
  <FirstAired>2011-01-09</FirstAired>
  <Genre>|Comedy|</Genre>
  <IMDB_ID>tt1582350</IMDB_ID>
  <Language>en</Language>
  <Network>Showtime</Network>
  <NetworkID></NetworkID>
  <Overview>After happily married couple Sean and Beverly Lincoln win yet another BAFTA Award for their successful British sitcom, Lyman’s Boys, they are persuaded to move to Hollywood and remake their series for an American audience. Unfortunately the network starts to make changes, and the couple are forced to cast Matt LeBlanc in the lead role for the sitcom. A complicated triangle ensues, in which Sean likes Matt, while Beverly is less impressed. With continuing changes to the sitcom it threatens to damage the show, and other pressures result in a rough patch in their marriage.</Overview>
  <Rating>8.1</Rating>
  <RatingCount>28</RatingCount>
  <Runtime>30</Runtime>
  <SeriesID>78049</SeriesID>
  <SeriesName>Episodes</SeriesName>
  <Status>Continuing</Status>
  <added>2009-11-10 05:59:31</added>
  <addedBy>76261</addedBy>
  <banner>graphical/123581-g4.jpg</banner>
  <fanart>fanart/original/123581-5.jpg</fanart>
  <lastupdated>1365535630</lastupdated>
  <poster>posters/123581-3.jpg</poster>
  <zap2it_id>EP01352131</zap2it_id>
</Series>
<Episode>
  <id>3504591</id>
  <Combined_episodenumber>1</Combined_episodenumber>
  <Combined_season>0</Combined_season>
  <DVD_chapter></DVD_chapter>
  <DVD_discid></DVD_discid>
  <DVD_episodenumber></DVD_episodenumber>
  <DVD_season></DVD_season>
  <Director>James Griffiths</Director>
  <EpImgFlag></EpImgFlag>
  <EpisodeName>Red Button: Interview With The Cast 1</EpisodeName>
  <EpisodeNumber>1</EpisodeNumber>
  <FirstAired>2011-01-11</FirstAired>
  <GuestStars></GuestStars>
  <IMDB_ID></IMDB_ID>
  <Language>en</Language>
  <Overview>Matt LeBlanc, Stephen Mangan and Tamsin Greig talk about making Episodes, with Executive Producer Jimmy Mulville. Matt, Tamsin and Stephen talk about the programme's evolution, working with writers David Crane and Jeffrey Klarik, and what it is like to be an actor in Hollywood. ...and Stephen reveals Matt's handy audition tip!</Overview>
  <ProductionCode></ProductionCode>
  <Rating>5.5</Rating>
  <RatingCount>2</RatingCount>
  <SeasonNumber>0</SeasonNumber>
  <Writer></Writer>
  <absolute_number></absolute_number>
  <airsafter_season></airsafter_season>
  <airsbefore_episode>2</airsbefore_episode>
  <airsbefore_season>1</airsbefore_season>
  <filename></filename>
  <lastupdated>1297208292</lastupdated>
  <seasonid>143661</seasonid>
  <seriesid>123581</seriesid>
</Episode>
<Episode>
  <id>3504601</id>
  <Combined_episodenumber>2</Combined_episodenumber>
  <Combined_season>0</Combined_season>
  <DVD_chapter></DVD_chapter>
  <DVD_discid></DVD_discid>
  <DVD_episodenumber></DVD_episodenumber>
  <DVD_season></DVD_season>
  <Director>James Griffiths</Director>
  <EpImgFlag></EpImgFlag>
  <EpisodeName>Red Button: Interview With The Cast 2</EpisodeName>
  <EpisodeNumber>2</EpisodeNumber>
  <FirstAired>2011-01-17</FirstAired>
  <GuestStars></GuestStars>
  <IMDB_ID></IMDB_ID>
  <Language>en</Language>
  <Overview>Matt LeBlanc, Tamsin Greig and Stephen Mangan talk to Executive Producer Jimmy Mulville about making Episodes. They discuss the realities of filming in different locations and how Episodes used green screens. What the business that is show means on both sides of the Atlantic. And how writing for different voices means exploring the variations between American and British English, which Tamsin discovered in episode 2.</Overview>
  <ProductionCode></ProductionCode>
  <Rating></Rating>
  <RatingCount>0</RatingCount>
  <SeasonNumber>0</SeasonNumber>
  <Writer></Writer>
  <absolute_number></absolute_number>
  <airsafter_season></airsafter_season>
  <airsbefore_episode>3</airsbefore_episode>
  <airsbefore_season>1</airsbefore_season>
  <filename></filename>
  <lastupdated>1295485784</lastupdated>
  <seasonid>143661</seasonid>
  <seriesid>123581</seriesid>
</Episode>
<Episode>
  <id>3553671</id>
  <Combined_episodenumber>3</Combined_episodenumber>
  <Combined_season>0</Combined_season>
  <DVD_chapter></DVD_chapter>
  <DVD_discid></DVD_discid>
  <DVD_episodenumber></DVD_episodenumber>
  <DVD_season></DVD_season>
  <Director>James Griffiths</Director>
  <EpImgFlag></EpImgFlag>
  <EpisodeName>Red Button: Interview With The Cast 3</EpisodeName>
  <EpisodeNumber>3</EpisodeNumber>
  <FirstAired>2011-01-25</FirstAired>
  <GuestStars></GuestStars>
  <IMDB_ID></IMDB_ID>
  <Language>en</Language>
  <Overview>Jimmy Mulville interviews Matt Le Blanc, Tamsin Grieg and Stephen Mangan, discussing the making of Episodes and the cast’s own real life experiences of the TV industry both here and across the pond in LA.</Overview>
  <ProductionCode></ProductionCode>
  <Rating></Rating>
  <RatingCount>0</RatingCount>
  <SeasonNumber>0</SeasonNumber>
  <Writer></Writer>
  <absolute_number></absolute_number>
  <airsafter_season></airsafter_season>
  <airsbefore_episode>4</airsbefore_episode>
  <airsbefore_season>1</airsbefore_season>
  <filename></filename>
  <lastupdated>1296119017</lastupdated>
  <seasonid>143661</seasonid>
  <seriesid>123581</seriesid>
</Episode>
<Episode>
  <id>3607831</id>
  <Combined_episodenumber>4</Combined_episodenumber>
  <Combined_season>0</Combined_season>
  <DVD_chapter></DVD_chapter>
  <DVD_discid></DVD_discid>
  <DVD_episodenumber></DVD_episodenumber>
  <DVD_season></DVD_season>
  <Director>James Griffiths</Director>
  <EpImgFlag></EpImgFlag>
  <EpisodeName>Red Button: Interview With The Cast 4</EpisodeName>
  <EpisodeNumber>4</EpisodeNumber>
  <FirstAired>2011-01-31</FirstAired>
  <GuestStars></GuestStars>
  <IMDB_ID></IMDB_ID>
  <Language>en</Language>
  <Overview></Overview>
  <ProductionCode></ProductionCode>
  <Rating></Rating>
  <RatingCount>0</RatingCount>
  <SeasonNumber>0</SeasonNumber>
  <Writer></Writer>
  <absolute_number></absolute_number>
  <airsafter_season></airsafter_season>
  <airsbefore_episode>5</airsbefore_episode>
  <airsbefore_season>1</airsbefore_season>
  <filename></filename>
  <lastupdated>1296685462</lastupdated>
  <seasonid>143661</seasonid>
  <seriesid>123581</seriesid>
</Episode>
<Episode>
  <id>3659281</id>
  <Combined_episodenumber>5</Combined_episodenumber>
  <Combined_season>0</Combined_season>
  <DVD_chapter></DVD_chapter>
  <DVD_discid></DVD_discid>
  <DVD_episodenumber></DVD_episodenumber>
  <DVD_season></DVD_season>
  <Director></Director>
  <EpImgFlag></EpImgFlag>
  <EpisodeName>Red Button: Interview With The Cast 5</EpisodeName>
  <EpisodeNumber>5</EpisodeNumber>
  <FirstAired>2011-02-07</FirstAired>
  <GuestStars></GuestStars>
  <IMDB_ID></IMDB_ID>
  <Language>en</Language>
  <Overview></Overview>
  <ProductionCode></ProductionCode>
  <Rating></Rating>
  <RatingCount>0</RatingCount>
  <SeasonNumber>0</SeasonNumber>
  <Writer></Writer>
  <absolute_number></absolute_number>
  <airsafter_season></airsafter_season>
  <airsbefore_episode>6</airsbefore_episode>
  <airsbefore_season>1</airsbefore_season>
  <filename></filename>
  <lastupdated>1297208255</lastupdated>
  <seasonid>143661</seasonid>
  <seriesid>123581</seriesid>
</Episode>
<Episode>
  <id>3659291</id>
  <Combined_episodenumber>6</Combined_episodenumber>
  <Combined_season>0</Combined_season>
  <DVD_chapter></DVD_chapter>
  <DVD_discid></DVD_discid>
  <DVD_episodenumber></DVD_episodenumber>
  <DVD_season></DVD_season>
  <Director></Director>
  <EpImgFlag></EpImgFlag>
  <EpisodeName>Red Button: Interview With The Cast 6</EpisodeName>
  <EpisodeNumber>6</EpisodeNumber>
  <FirstAired>2011-02-14</FirstAired>
  <GuestStars></GuestStars>
  <IMDB_ID></IMDB_ID>
  <Language>en</Language>
  <Overview></Overview>
  <ProductionCode></ProductionCode>
  <Rating></Rating>
  <RatingCount>0</RatingCount>
  <SeasonNumber>0</SeasonNumber>
  <Writer></Writer>
  <absolute_number></absolute_number>
  <airsafter_season></airsafter_season>
  <airsbefore_episode>7</airsbefore_episode>
  <airsbefore_season>1</airsbefore_season>
  <filename></filename>
  <lastupdated>1297208265</lastupdated>
  <seasonid>143661</seasonid>
  <seriesid>123581</seriesid>
</Episode>
<Episode>
  <id>3659301</id>
  <Combined_episodenumber>7</Combined_episodenumber>
  <Combined_season>0</Combined_season>
  <DVD_chapter></DVD_chapter>
  <DVD_discid></DVD_discid>
  <DVD_episodenumber></DVD_episodenumber>
  <DVD_season></DVD_season>
  <Director></Director>
  <EpImgFlag></EpImgFlag>
  <EpisodeName>Red Button: Interview With The Cast 7</EpisodeName>
  <EpisodeNumber>7</EpisodeNumber>
  <FirstAired>2011-02-21</FirstAired>
  <GuestStars></GuestStars>
  <IMDB_ID></IMDB_ID>
  <Language>en</Language>
  <Overview></Overview>
  <ProductionCode></ProductionCode>
  <Rating></Rating>
  <RatingCount>0</RatingCount>
  <SeasonNumber>0</SeasonNumber>
  <Writer></Writer>
  <absolute_number></absolute_number>
  <airsafter_season>1</airsafter_season>
  <airsbefore_episode></airsbefore_episode>
  <airsbefore_season></airsbefore_season>
  <filename></filename>
  <lastupdated>1297208270</lastupdated>
  <seasonid>143661</seasonid>
  <seriesid>123581</seriesid>
</Episode>
<Episode>
  <id>4348810</id>
  <Combined_episodenumber>8</Combined_episodenumber>
  <Combined_season>0</Combined_season>
  <DVD_chapter></DVD_chapter>
  <DVD_discid></DVD_discid>
  <DVD_episodenumber></DVD_episodenumber>
  <DVD_season></DVD_season>
  <Director></Director>
  <EpImgFlag></EpImgFlag>
  <EpisodeName></EpisodeName>
  <EpisodeNumber>8</EpisodeNumber>
  <FirstAired></FirstAired>
  <GuestStars></GuestStars>
  <IMDB_ID></IMDB_ID>
  <Language>en</Language>
  <Overview></Overview>
  <ProductionCode></ProductionCode>
  <Rating></Rating>
  <RatingCount>0</RatingCount>
  <SeasonNumber>0</SeasonNumber>
  <Writer></Writer>
  <absolute_number></absolute_number>
  <airsafter_season></airsafter_season>
  <airsbefore_episode></airsbefore_episode>
  <airsbefore_season></airsbefore_season>
  <filename></filename>
  <lastupdated>1340487962</lastupdated>
  <seasonid>143661</seasonid>
  <seriesid>123581</seriesid>
</Episode>
<Episode>
  <id>4348811</id>
  <Combined_episodenumber>9</Combined_episodenumber>
  <Combined_season>0</Combined_season>
  <DVD_chapter></DVD_chapter>
  <DVD_discid></DVD_discid>
  <DVD_episodenumber></DVD_episodenumber>
  <DVD_season></DVD_season>
  <Director></Director>
  <EpImgFlag></EpImgFlag>
  <EpisodeName></EpisodeName>
  <EpisodeNumber>9</EpisodeNumber>
  <FirstAired></FirstAired>
  <GuestStars></GuestStars>
  <IMDB_ID></IMDB_ID>
  <Language>en</Language>
  <Overview></Overview>
  <ProductionCode></ProductionCode>
  <Rating></Rating>
  <RatingCount>0</RatingCount>
  <SeasonNumber>0</SeasonNumber>
  <Writer></Writer>
  <absolute_number></absolute_number>
  <airsafter_season></airsafter_season>
  <airsbefore_episode></airsbefore_episode>
  <airsbefore_season></airsbefore_season>
  <filename></filename>
  <lastupdated>1340487976</lastupdated>
  <seasonid>143661</seasonid>
  <seriesid>123581</seriesid>
</Episode>
<Episode>
  <id>4348812</id>
  <Combined_episodenumber>10</Combined_episodenumber>
  <Combined_season>0</Combined_season>
  <DVD_chapter></DVD_chapter>
  <DVD_discid></DVD_discid>
  <DVD_episodenumber></DVD_episodenumber>
  <DVD_season></DVD_season>
  <Director></Director>
  <EpImgFlag></EpImgFlag>
  <EpisodeName></EpisodeName>
  <EpisodeNumber>10</EpisodeNumber>
  <FirstAired></FirstAired>
  <GuestStars></GuestStars>
  <IMDB_ID></IMDB_ID>
  <Language>en</Language>
  <Overview></Overview>
  <ProductionCode></ProductionCode>
  <Rating></Rating>
  <RatingCount>0</RatingCount>
  <SeasonNumber>0</SeasonNumber>
  <Writer></Writer>
  <absolute_number></absolute_number>
  <airsafter_season></airsafter_season>
  <airsbefore_episode></airsbefore_episode>
  <airsbefore_season></airsbefore_season>
  <filename></filename>
  <lastupdated>1340487990</lastupdated>
  <seasonid>143661</seasonid>
  <seriesid>123581</seriesid>
</Episode>
<Episode>
  <id>4348813</id>
  <Combined_episodenumber>11</Combined_episodenumber>
  <Combined_season>0</Combined_season>
  <DVD_chapter></DVD_chapter>
  <DVD_discid></DVD_discid>
  <DVD_episodenumber></DVD_episodenumber>
  <DVD_season></DVD_season>
  <Director></Director>
  <EpImgFlag></EpImgFlag>
  <EpisodeName></EpisodeName>
  <EpisodeNumber>11</EpisodeNumber>
  <FirstAired></FirstAired>
  <GuestStars></GuestStars>
  <IMDB_ID></IMDB_ID>
  <Language>en</Language>
  <Overview></Overview>
  <ProductionCode></ProductionCode>
  <Rating></Rating>
  <RatingCount>0</RatingCount>
  <SeasonNumber>0</SeasonNumber>
  <Writer></Writer>
  <absolute_number></absolute_number>
  <airsafter_season></airsafter_season>
  <airsbefore_episode></airsbefore_episode>
  <airsbefore_season></airsbefore_season>
  <filename></filename>
  <lastupdated>1340488002</lastupdated>
  <seasonid>143661</seasonid>
  <seriesid>123581</seriesid>
</Episode>
<Episode>
  <id>3049391</id>
  <Combined_episodenumber>1</Combined_episodenumber>
  <Combined_season>1</Combined_season>
  <DVD_chapter></DVD_chapter>
  <DVD_discid></DVD_discid>
  <DVD_episodenumber></DVD_episodenumber>
  <DVD_season></DVD_season>
  <Director>James Griffiths</Director>
  <EpImgFlag>2</EpImgFlag>
  <EpisodeName>Episode One</EpisodeName>
  <EpisodeNumber>1</EpisodeNumber>
  <FirstAired>2011-01-09</FirstAired>
  <GuestStars></GuestStars>
  <IMDB_ID></IMDB_ID>
  <Language>en</Language>
  <Overview>After winning another BAFTA for their hit comedy series, &quot;Lyman's Boys&quot;, writers Sean and Beverly Lincoln are approached by American television executive Merc Lapidus who tells them that he'd be thrilled if they'd accept his offer to write an American remake of the show. After some intrepedation the couple decide to make the journey from London to Los Angeles and arrive to a beautiful house set up for them by Merc. On their first day in pre-production Sean and Beverly are told that Julian Bullard who stars in the successful British series of &quot;Lyman's Boys&quot; will need to re-audition for the American adaptation. They also learn that Merc has lied to them and has never even seen an episode of their show and that the luxurious house they've been given is in fact, just an unused set. Bullard is not given the job and the Lincolns are told that Matt LeBlanc will get the role instead.</Overview>
  <ProductionCode></ProductionCode>
  <Rating>7.1</Rating>
  <RatingCount>70</RatingCount>
  <SeasonNumber>1</SeasonNumber>
  <Writer>David Crane &amp; Jeffrey Klarik</Writer>
  <absolute_number></absolute_number>
  <filename>episodes/123581/3049391.jpg</filename>
  <lastupdated>1353071775</lastupdated>
  <seasonid>143671</seasonid>
  <seriesid>123581</seriesid>
</Episode>
<Episode>
  <id>3379581</id>
  <Combined_episodenumber>2</Combined_episodenumber>
  <Combined_season>1</Combined_season>
  <DVD_chapter></DVD_chapter>
  <DVD_discid></DVD_discid>
  <DVD_episodenumber></DVD_episodenumber>
  <DVD_season></DVD_season>
  <Director>James Griffiths</Director>
  <EpImgFlag>2</EpImgFlag>
  <EpisodeName>Episode Two</EpisodeName>
  <EpisodeNumber>2</EpisodeNumber>
  <FirstAired>2011-01-16</FirstAired>
  <GuestStars></GuestStars>
  <IMDB_ID></IMDB_ID>
  <Language>en</Language>
  <Overview>Sean and Beverly are still reeling from the network's decision to cast Matt LeBlanc as the star of their show. However, when they meet him at a swanky LA dinner party at Merc's house, Matt couldn't be more charming or flattering about their show. Unfortunately, over time the natural animosity between Matt and Beverly rises to the surface, and Beverly learns just how much you don't want the former Friend as an enemy.</Overview>
  <ProductionCode></ProductionCode>
  <Rating>7.5</Rating>
  <RatingCount>53</RatingCount>
  <SeasonNumber>1</SeasonNumber>
  <Writer>David Crane &amp; Jeffrey Klarik</Writer>
  <absolute_number></absolute_number>
  <filename>episodes/123581/3379581.jpg</filename>
  <lastupdated>1353071787</lastupdated>
  <seasonid>143671</seasonid>
  <seriesid>123581</seriesid>
</Episode>
<Episode>
  <id>3459371</id>
  <Combined_episodenumber>3</Combined_episodenumber>
  <Combined_season>1</Combined_season>
  <DVD_chapter></DVD_chapter>
  <DVD_discid></DVD_discid>
  <DVD_episodenumber></DVD_episodenumber>
  <DVD_season></DVD_season>
  <Director>James Griffiths</Director>
  <EpImgFlag>2</EpImgFlag>
  <EpisodeName>Episode Three</EpisodeName>
  <EpisodeNumber>3</EpisodeNumber>
  <FirstAired>2011-01-23</FirstAired>
  <GuestStars></GuestStars>
  <IMDB_ID></IMDB_ID>
  <Language>en</Language>
  <Overview>Beverly can't stand Matt, and the feeling is mutual. As it's all she can do not to throttle the star of her show, she tells her husband, &quot;He's yours.&quot; Sean and Matt end up spending the day together, including an extended adventure in Las Vegas. Soon the two guys are bonded, leaving Beverly feeling excluded by her husband's new bromance. Later, in a confrontation with Matt, Beverly learns just how &quot;big&quot; a star Matt LeBlanc actually is.</Overview>
  <ProductionCode></ProductionCode>
  <Rating>7.5</Rating>
  <RatingCount>43</RatingCount>
  <SeasonNumber>1</SeasonNumber>
  <Writer>David Crane &amp; Jeffrey Klarik</Writer>
  <absolute_number></absolute_number>
  <filename>episodes/123581/3459371.jpg</filename>
  <lastupdated>1353071795</lastupdated>
  <seasonid>143671</seasonid>
  <seriesid>123581</seriesid>
</Episode>
<Episode>
  <id>3459381</id>
  <Combined_episodenumber>4</Combined_episodenumber>
  <Combined_season>1</Combined_season>
  <DVD_chapter></DVD_chapter>
  <DVD_discid></DVD_discid>
  <DVD_episodenumber></DVD_episodenumber>
  <DVD_season></DVD_season>
  <Director>James Griffiths</Director>
  <EpImgFlag>2</EpImgFlag>
  <EpisodeName>Episode Four</EpisodeName>
  <EpisodeNumber>4</EpisodeNumber>
  <FirstAired>2011-01-30</FirstAired>
  <GuestStars></GuestStars>
  <IMDB_ID></IMDB_ID>
  <Language>en</Language>
  <Overview>Sean and Beverly have to retrieve Matt from a seedy bar outside of LA so that the paparazzi waiting outside won't see him driving home drunk. What follows is an all-night road trip which takes the trio from a run-in with a paparazzo to Matt's ex-wife's house and finally to his son's bedroom, where Matt is forced to confront the mess he's made of his life. The transformative evening even manages to bring Matt and Beverly closer together. The question is: for how long?
</Overview>
  <ProductionCode></ProductionCode>
  <Rating>7.5</Rating>
  <RatingCount>47</RatingCount>
  <SeasonNumber>1</SeasonNumber>
  <Writer>David Crane &amp; Jeffrey Klarik</Writer>
  <absolute_number></absolute_number>
  <filename>episodes/123581/3459381.jpg</filename>
  <lastupdated>1353071803</lastupdated>
  <seasonid>143671</seasonid>
  <seriesid>123581</seriesid>
</Episode>
<Episode>
  <id>3459391</id>
  <Combined_episodenumber>5</Combined_episodenumber>
  <Combined_season>1</Combined_season>
  <DVD_chapter></DVD_chapter>
  <DVD_discid></DVD_discid>
  <DVD_episodenumber></DVD_episodenumber>
  <DVD_season></DVD_season>
  <Director>James Griffiths</Director>
  <EpImgFlag>2</EpImgFlag>
  <EpisodeName>Episode Five</EpisodeName>
  <EpisodeNumber>5</EpisodeNumber>
  <FirstAired>2011-02-06</FirstAired>
  <GuestStars></GuestStars>
  <IMDB_ID></IMDB_ID>
  <Language>en</Language>
  <Overview>Sean's infatuation with the lovely &quot;Pucks!&quot; actress Morning Randolph is given an opportunity to blossom when Matt invites the two of them to a charity benefit. Sean realizes that his attraction to her may be, in fact, mutual. Meanwhile, Beverly and Carol share a joint and commiserate about the men in their lives. At the end of the night, Sean has a difficult choice to make, and Beverly learns that she has more to worry about in regard to her husband and the actress than even she realized.
</Overview>
  <ProductionCode></ProductionCode>
  <Rating>7.5</Rating>
  <RatingCount>47</RatingCount>
  <SeasonNumber>1</SeasonNumber>
  <Writer>David Crane &amp; Jeffrey Klarik</Writer>
  <absolute_number></absolute_number>
  <filename>episodes/123581/3459391.jpg</filename>
  <lastupdated>1353071813</lastupdated>
  <seasonid>143671</seasonid>
  <seriesid>123581</seriesid>
</Episode>
<Episode>
  <id>3459401</id>
  <Combined_episodenumber>6</Combined_episodenumber>
  <Combined_season>1</Combined_season>
  <DVD_chapter></DVD_chapter>
  <DVD_discid></DVD_discid>
  <DVD_episodenumber></DVD_episodenumber>
  <DVD_season></DVD_season>
  <Director>James Griffiths</Director>
  <EpImgFlag>2</EpImgFlag>
  <EpisodeName>Episode Six</EpisodeName>
  <EpisodeNumber>6</EpisodeNumber>
  <FirstAired>2011-02-13</FirstAired>
  <GuestStars></GuestStars>
  <IMDB_ID></IMDB_ID>
  <Language>en</Language>
  <Overview>Convinced that Sean is having an affair with Morning, Beverly packs a bag and leaves, intending to head back to London. However, in her distress, she is unaware that she's driving on the left side of the road. Beverly doesn't realize her mistake until she has a head-on collision - a collision which leads her down a road with even more dire consequences.
</Overview>
  <ProductionCode></ProductionCode>
  <Rating>7.5</Rating>
  <RatingCount>40</RatingCount>
  <SeasonNumber>1</SeasonNumber>
  <Writer>David Crane &amp; Jeffrey Klarik</Writer>
  <absolute_number></absolute_number>
  <filename>episodes/123581/3459401.jpg</filename>
  <lastupdated>1353071822</lastupdated>
  <seasonid>143671</seasonid>
  <seriesid>123581</seriesid>
</Episode>
<Episode>
  <id>3459411</id>
  <Combined_episodenumber>7</Combined_episodenumber>
  <Combined_season>1</Combined_season>
  <DVD_chapter></DVD_chapter>
  <DVD_discid></DVD_discid>
  <DVD_episodenumber></DVD_episodenumber>
  <DVD_season></DVD_season>
  <Director>James Griffiths</Director>
  <EpImgFlag>2</EpImgFlag>
  <EpisodeName>Episode Seven</EpisodeName>
  <EpisodeNumber>7</EpisodeNumber>
  <FirstAired>2011-02-20</FirstAired>
  <GuestStars></GuestStars>
  <IMDB_ID></IMDB_ID>
  <Language>en</Language>
  <Overview>A final goodbye between Matt and Sean takes an unexpected turn involving a missing Jaguar, a red-nosed reindeer, and the smell of cinnamon.
</Overview>
  <ProductionCode></ProductionCode>
  <Rating>8.0</Rating>
  <RatingCount>42</RatingCount>
  <SeasonNumber>1</SeasonNumber>
  <Writer>David Crane &amp; Jeffrey Klarik</Writer>
  <absolute_number></absolute_number>
  <filename>episodes/123581/3459411.jpg</filename>
  <lastupdated>1353071832</lastupdated>
  <seasonid>143671</seasonid>
  <seriesid>123581</seriesid>
</Episode>
<Episode>
  <id>4288056</id>
  <Combined_episodenumber>1</Combined_episodenumber>
  <Combined_season>2</Combined_season>
  <DVD_chapter></DVD_chapter>
  <DVD_discid></DVD_discid>
  <DVD_episodenumber></DVD_episodenumber>
  <DVD_season></DVD_season>
  <Director>Jim Field Smith</Director>
  <EpImgFlag>2</EpImgFlag>
  <EpisodeName>Episode One</EpisodeName>
  <EpisodeNumber>1</EpisodeNumber>
  <FirstAired>2012-05-11</FirstAired>
  <GuestStars></GuestStars>
  <IMDB_ID></IMDB_ID>
  <Language>en</Language>
  <Overview>Sean and Beverly's marriage has been ripped apart by Beverly's fling with Matt. And Matt's friendship with Sean appears to be beyond salvage. But as their sitcom Pucks! premieres in the US, the three are forced to find a way to continue working together.</Overview>
  <ProductionCode></ProductionCode>
  <Rating>7.6</Rating>
  <RatingCount>28</RatingCount>
  <SeasonNumber>2</SeasonNumber>
  <Writer>David Crane</Writer>
  <absolute_number></absolute_number>
  <filename>episodes/123581/4288056.jpg</filename>
  <lastupdated>1342239320</lastupdated>
  <seasonid>487952</seasonid>
  <seriesid>123581</seriesid>
</Episode>
<Episode>
  <id>4288057</id>
  <Combined_episodenumber>2</Combined_episodenumber>
  <Combined_season>2</Combined_season>
  <DVD_chapter></DVD_chapter>
  <DVD_discid></DVD_discid>
  <DVD_episodenumber></DVD_episodenumber>
  <DVD_season></DVD_season>
  <Director>Jim Field Smith</Director>
  <EpImgFlag>2</EpImgFlag>
  <EpisodeName>Episode Two</EpisodeName>
  <EpisodeNumber>2</EpisodeNumber>
  <FirstAired>2012-05-18</FirstAired>
  <GuestStars></GuestStars>
  <IMDB_ID></IMDB_ID>
  <Language>en</Language>
  <Overview>Matt misses his &quot;bromance&quot; with Sean and tries to rekindle their friendship by buying him the sports car of his dreams. But Sean is not willing to forgive or forget that easily.</Overview>
  <ProductionCode></ProductionCode>
  <Rating>7.8</Rating>
  <RatingCount>32</RatingCount>
  <SeasonNumber>2</SeasonNumber>
  <Writer>David Crane &amp; Jeffrey Klarik</Writer>
  <absolute_number></absolute_number>
  <filename>episodes/123581/4288057.jpg</filename>
  <lastupdated>1342239332</lastupdated>
  <seasonid>487952</seasonid>
  <seriesid>123581</seriesid>
</Episode>
<Episode>
  <id>4288058</id>
  <Combined_episodenumber>3</Combined_episodenumber>
  <Combined_season>2</Combined_season>
  <DVD_chapter></DVD_chapter>
  <DVD_discid></DVD_discid>
  <DVD_episodenumber></DVD_episodenumber>
  <DVD_season></DVD_season>
  <Director></Director>
  <EpImgFlag>2</EpImgFlag>
  <EpisodeName>Episode Three</EpisodeName>
  <EpisodeNumber>3</EpisodeNumber>
  <FirstAired>2012-05-25</FirstAired>
  <GuestStars></GuestStars>
  <IMDB_ID></IMDB_ID>
  <Language>en</Language>
  <Overview>When network head Merc Lapidus's father dies, Sean and Beverly get a lesson in grief, Hollywood-style.</Overview>
  <ProductionCode></ProductionCode>
  <Rating>7.6</Rating>
  <RatingCount>28</RatingCount>
  <SeasonNumber>2</SeasonNumber>
  <Writer></Writer>
  <absolute_number></absolute_number>
  <filename>episodes/123581/4288058.jpg</filename>
  <lastupdated>1342239344</lastupdated>
  <seasonid>487952</seasonid>
  <seriesid>123581</seriesid>
</Episode>
<Episode>
  <id>4288059</id>
  <Combined_episodenumber>4</Combined_episodenumber>
  <Combined_season>2</Combined_season>
  <DVD_chapter></DVD_chapter>
  <DVD_discid></DVD_discid>
  <DVD_episodenumber></DVD_episodenumber>
  <DVD_season></DVD_season>
  <Director></Director>
  <EpImgFlag>1</EpImgFlag>
  <EpisodeName>Episode Four</EpisodeName>
  <EpisodeNumber>4</EpisodeNumber>
  <FirstAired>2012-06-01</FirstAired>
  <GuestStars></GuestStars>
  <IMDB_ID></IMDB_ID>
  <Language>en</Language>
  <Overview>The ratings for &quot;Pucks!&quot; are plummeting. The network asks Sean and Beverly to reduce Matt's role in the show to make way for his teenage co-stars - the increasingly popular &quot;Pucks!&quot; boys.</Overview>
  <ProductionCode></ProductionCode>
  <Rating>7.6</Rating>
  <RatingCount>27</RatingCount>
  <SeasonNumber>2</SeasonNumber>
  <Writer></Writer>
  <absolute_number></absolute_number>
  <filename>episodes/123581/4288059.jpg</filename>
  <lastupdated>1342239354</lastupdated>
  <seasonid>487952</seasonid>
  <seriesid>123581</seriesid>
</Episode>
<Episode>
  <id>4288060</id>
  <Combined_episodenumber>5</Combined_episodenumber>
  <Combined_season>2</Combined_season>
  <DVD_chapter></DVD_chapter>
  <DVD_discid></DVD_discid>
  <DVD_episodenumber></DVD_episodenumber>
  <DVD_season></DVD_season>
  <Director></Director>
  <EpImgFlag>2</EpImgFlag>
  <EpisodeName>Episode Five</EpisodeName>
  <EpisodeNumber>5</EpisodeNumber>
  <FirstAired>2012-06-08</FirstAired>
  <GuestStars></GuestStars>
  <IMDB_ID></IMDB_ID>
  <Language>en</Language>
  <Overview>Sean meets Labia, a super-fan of Matt's and Morning suffers a major plastic surgery disaster. Meanwhile, Merc and Carol plan a weekend getaway to Mexico, while Jamie and Matt pack for a tryst in Napa.</Overview>
  <ProductionCode></ProductionCode>
  <Rating>7.6</Rating>
  <RatingCount>28</RatingCount>
  <SeasonNumber>2</SeasonNumber>
  <Writer></Writer>
  <absolute_number></absolute_number>
  <filename>episodes/123581/4288060.jpg</filename>
  <lastupdated>1342239366</lastupdated>
  <seasonid>487952</seasonid>
  <seriesid>123581</seriesid>
</Episode>
<Episode>
  <id>4288061</id>
  <Combined_episodenumber>6</Combined_episodenumber>
  <Combined_season>2</Combined_season>
  <DVD_chapter></DVD_chapter>
  <DVD_discid></DVD_discid>
  <DVD_episodenumber></DVD_episodenumber>
  <DVD_season></DVD_season>
  <Director>Demetri Goritsas</Director>
  <EpImgFlag>2</EpImgFlag>
  <EpisodeName>Episode Six</EpisodeName>
  <EpisodeNumber>6</EpisodeNumber>
  <FirstAired>2012-06-15</FirstAired>
  <GuestStars></GuestStars>
  <IMDB_ID></IMDB_ID>
  <Language>en</Language>
  <Overview>To boost flagging ratings, Merc asks Matt to get one of his former 'Friends' cast mates to make a special guest appearance on 'Pucks!'. Not above asking favours of his own, Matt asks Sean and Beverly to write his speech for Merc's upcoming man of the year event.</Overview>
  <ProductionCode></ProductionCode>
  <Rating>7.7</Rating>
  <RatingCount>20</RatingCount>
  <SeasonNumber>2</SeasonNumber>
  <Writer>David Crane, Jeffrey Klarik</Writer>
  <absolute_number></absolute_number>
  <filename>episodes/123581/4288061.jpg</filename>
  <lastupdated>1342239375</lastupdated>
  <seasonid>487952</seasonid>
  <seriesid>123581</seriesid>
</Episode>
<Episode>
  <id>4288062</id>
  <Combined_episodenumber>7</Combined_episodenumber>
  <Combined_season>2</Combined_season>
  <DVD_chapter></DVD_chapter>
  <DVD_discid></DVD_discid>
  <DVD_episodenumber></DVD_episodenumber>
  <DVD_season></DVD_season>
  <Director></Director>
  <EpImgFlag>2</EpImgFlag>
  <EpisodeName>Episode Seven</EpisodeName>
  <EpisodeNumber>7</EpisodeNumber>
  <FirstAired>2012-06-22</FirstAired>
  <GuestStars></GuestStars>
  <IMDB_ID></IMDB_ID>
  <Language>en</Language>
  <Overview>The network insists that Sean and Beverly confront Matt about his recent weight gain. The star does not take the news well. Meanwhile, Beverly agrees to go out to dinner with Morning's brother Rob, even though she insists that she is terrible at dating. She is not wrong, and she turns the evening into a date from hell.</Overview>
  <ProductionCode></ProductionCode>
  <Rating>7.5</Rating>
  <RatingCount>24</RatingCount>
  <SeasonNumber>2</SeasonNumber>
  <Writer></Writer>
  <absolute_number></absolute_number>
  <filename>episodes/123581/4288062.jpg</filename>
  <lastupdated>1342239385</lastupdated>
  <seasonid>487952</seasonid>
  <seriesid>123581</seriesid>
</Episode>
<Episode>
  <id>4288064</id>
  <Combined_episodenumber>8</Combined_episodenumber>
  <Combined_season>2</Combined_season>
  <DVD_chapter></DVD_chapter>
  <DVD_discid></DVD_discid>
  <DVD_episodenumber></DVD_episodenumber>
  <DVD_season></DVD_season>
  <Director></Director>
  <EpImgFlag>2</EpImgFlag>
  <EpisodeName>Episode Eight</EpisodeName>
  <EpisodeNumber>8</EpisodeNumber>
  <FirstAired>2012-06-29</FirstAired>
  <GuestStars></GuestStars>
  <IMDB_ID></IMDB_ID>
  <Language>en</Language>
  <Overview>Matt's life continues to fall apart when he falls foul of his fierce ex-wife. Beverly prepares to go on a second date with Morning's brother Rob, but things have become much more complicated now that Sean is aware that she is seeing someone.</Overview>
  <ProductionCode></ProductionCode>
  <Rating>7.5</Rating>
  <RatingCount>24</RatingCount>
  <SeasonNumber>2</SeasonNumber>
  <Writer></Writer>
  <absolute_number></absolute_number>
  <filename>episodes/123581/4288064.jpg</filename>
  <lastupdated>1342239396</lastupdated>
  <seasonid>487952</seasonid>
  <seriesid>123581</seriesid>
</Episode>
<Episode>
  <id>4288065</id>
  <Combined_episodenumber>9</Combined_episodenumber>
  <Combined_season>2</Combined_season>
  <DVD_chapter></DVD_chapter>
  <DVD_discid></DVD_discid>
  <DVD_episodenumber></DVD_episodenumber>
  <DVD_season></DVD_season>
  <Director></Director>
  <EpImgFlag>2</EpImgFlag>
  <EpisodeName>Episode Nine</EpisodeName>
  <EpisodeNumber>9</EpisodeNumber>
  <FirstAired>2012-07-06</FirstAired>
  <GuestStars></GuestStars>
  <IMDB_ID></IMDB_ID>
  <Language>en</Language>
  <Overview>It's the night of Merc's 'Man of the Year' event. However, his moment of glory turns sour when Carol tells him about Matt's affair with Jamie. Beverly's relationship with Rob grows deeper, and Sean is forced to decide whether he's willing to forget the past and fight for his wife.</Overview>
  <ProductionCode></ProductionCode>
  <Rating>7.6</Rating>
  <RatingCount>26</RatingCount>
  <SeasonNumber>2</SeasonNumber>
  <Writer></Writer>
  <absolute_number></absolute_number>
  <filename>episodes/123581/4288065.jpg</filename>
  <lastupdated>1342239430</lastupdated>
  <seasonid>487952</seasonid>
  <seriesid>123581</seriesid>
</Episode>
<Episode>
  <id>4529365</id>
  <Combined_episodenumber>1</Combined_episodenumber>
  <Combined_season>3</Combined_season>
  <DVD_chapter></DVD_chapter>
  <DVD_discid></DVD_discid>
  <DVD_episodenumber></DVD_episodenumber>
  <DVD_season></DVD_season>
  <Director></Director>
  <EpImgFlag></EpImgFlag>
  <EpisodeName>Season Premiere</EpisodeName>
  <EpisodeNumber>1</EpisodeNumber>
  <FirstAired>2014-02-02</FirstAired>
  <GuestStars></GuestStars>
  <IMDB_ID></IMDB_ID>
  <Language>en</Language>
  <Overview></Overview>
  <ProductionCode></ProductionCode>
  <Rating></Rating>
  <RatingCount>0</RatingCount>
  <SeasonNumber>3</SeasonNumber>
  <Writer></Writer>
  <absolute_number></absolute_number>
  <filename></filename>
  <lastupdated>1363894225</lastupdated>
  <seasonid>515519</seasonid>
  <seriesid>123581</seriesid>
</Episode>
</Data>