<?xml version="1.0" encoding="UTF-8" ?>
<Banners>
<Banner>
  <id>605881</id>
  <BannerPath>fanart/original/83462-18.jpg</BannerPath>
  <BannerType>fanart</BannerType>
  <BannerType2>1920x1080</BannerType2>
  <Colors>|217,177,118|59,40,68|214,192,205|</Colors>
  <Language>de</Language>
  <Rating>7.6667</Rating>
  <RatingCount>27</RatingCount>
  <SeriesName>false</SeriesName>
  <ThumbnailPath>_cache/fanart/original/83462-18.jpg</ThumbnailPath>
  <VignettePath>fanart/vignette/83462-18.jpg</VignettePath>
</Banner>
<Banner>
  <id>586191</id>
  <BannerPath>fanart/original/83462-17.jpg</BannerPath>
  <BannerType>fanart</BannerType>
  <BannerType2>1920x1080</BannerType2>
  <Colors></Colors>
  <Language>de</Language>
  <Rating>7.5385</Rating>
  <RatingCount>13</RatingCount>
  <SeriesName>false</SeriesName>
  <ThumbnailPath>_cache/fanart/original/83462-17.jpg</ThumbnailPath>
  <VignettePath>fanart/vignette/83462-17.jpg</VignettePath>
</Banner>
<Banner>
  <id>33702</id>
  <BannerPath>fanart/original/83462-1.jpg</BannerPath>
  <BannerType>fanart</BannerType>
  <BannerType2>1280x720</BannerType2>
  <Colors>|165,120,81|228,174,136|228,174,136|</Colors>
  <Language>en</Language>
  <Rating>7.5000</Rating>
  <RatingCount>12</RatingCount>
  <SeriesName>false</SeriesName>
  <ThumbnailPath>_cache/fanart/original/83462-1.jpg</ThumbnailPath>
  <VignettePath>fanart/vignette/83462-1.jpg</VignettePath>
</Banner>
<Banner>
  <id>333931</id>
  <BannerPath>fanart/original/83462-13.jpg</BannerPath>
  <BannerType>fanart</BannerType>
  <BannerType2>1920x1080</BannerType2>
  <Colors>|95,78,68|56,49,41|75,79,80|</Colors>
  <Language>en</Language>
  <Rating>7.3889</Rating>
  <RatingCount>18</RatingCount>
  <SeriesName>false</SeriesName>
  <ThumbnailPath>_cache/fanart/original/83462-13.jpg</ThumbnailPath>
  <VignettePath>fanart/vignette/83462-13.jpg</VignettePath>
</Banner>
<Banner>
  <id>241731</id>
  <BannerPath>fanart/original/83462-12.jpg</BannerPath>
  <BannerType>fanart</BannerType>
  <BannerType2>1920x1080</BannerType2>
  <Colors></Colors>
  <Language>en</Language>
  <Rating>7.1818</Rating>
  <RatingCount>11</RatingCount>
  <SeriesName>false</SeriesName>
  <ThumbnailPath>_cache/fanart/original/83462-12.jpg</ThumbnailPath>
  <VignettePath>fanart/vignette/83462-12.jpg</VignettePath>
</Banner>
<Banner>
  <id>223241</id>
  <BannerPath>fanart/original/83462-8.jpg</BannerPath>
  <BannerType>fanart</BannerType>
  <BannerType2>1920x1080</BannerType2>
  <Colors>|248,249,244|193,194,189|161,159,160|</Colors>
  <Language>de</Language>
  <Rating>7.1429</Rating>
  <RatingCount>14</RatingCount>
  <SeriesName>false</SeriesName>
  <ThumbnailPath>_cache/fanart/original/83462-8.jpg</ThumbnailPath>
  <VignettePath>fanart/vignette/83462-8.jpg</VignettePath>
</Banner>
<Banner>
  <id>203901</id>
  <BannerPath>fanart/original/83462-7.jpg</BannerPath>
  <BannerType>fanart</BannerType>
  <BannerType2>1280x720</BannerType2>
  <Colors>|46,57,103|99,37,38|117,80,61|</Colors>
  <Language>en</Language>
  <Rating>7.0909</Rating>
  <RatingCount>11</RatingCount>
  <SeriesName>true</SeriesName>
  <ThumbnailPath>_cache/fanart/original/83462-7.jpg</ThumbnailPath>
  <VignettePath>fanart/vignette/83462-7.jpg</VignettePath>
</Banner>
<Banner>
  <id>922319</id>
  <BannerPath>fanart/original/83462-30.jpg</BannerPath>
  <BannerType>fanart</BannerType>
  <BannerType2>1920x1080</BannerType2>
  <Colors></Colors>
  <Language>de</Language>
  <Rating>7.0000</Rating>
  <RatingCount>3</RatingCount>
  <SeriesName>false</SeriesName>
  <ThumbnailPath>_cache/fanart/original/83462-30.jpg</ThumbnailPath>
  <VignettePath>fanart/vignette/83462-30.jpg</VignettePath>
</Banner>
<Banner>
  <id>929571</id>
  <BannerPath>fanart/original/83462-32.jpg</BannerPath>
  <BannerType>fanart</BannerType>
  <BannerType2>1920x1080</BannerType2>
  <Colors></Colors>
  <Language>de</Language>
  <Rating>7.0000</Rating>
  <RatingCount>3</RatingCount>
  <SeriesName>false</SeriesName>
  <ThumbnailPath>_cache/fanart/original/83462-32.jpg</ThumbnailPath>
  <VignettePath>fanart/vignette/83462-32.jpg</VignettePath>
</Banner>
<Banner>
  <id>85171</id>
  <BannerPath>fanart/original/83462-2.jpg</BannerPath>
  <BannerType>fanart</BannerType>
  <BannerType2>1280x720</BannerType2>
  <Colors>|138,80,42|54,108,94|19,15,16|</Colors>
  <Language>en</Language>
  <Rating>6.7500</Rating>
  <RatingCount>4</RatingCount>
  <SeriesName>false</SeriesName>
  <ThumbnailPath>_cache/fanart/original/83462-2.jpg</ThumbnailPath>
  <VignettePath>fanart/vignette/83462-2.jpg</VignettePath>
</Banner>
<Banner>
  <id>231451</id>
  <BannerPath>fanart/original/83462-11.jpg</BannerPath>
  <BannerType>fanart</BannerType>
  <BannerType2>1920x1080</BannerType2>
  <Colors></Colors>
  <Language>de</Language>
  <Rating>6.6667</Rating>
  <RatingCount>9</RatingCount>
  <SeriesName>false</SeriesName>
  <ThumbnailPath>_cache/fanart/original/83462-11.jpg</ThumbnailPath>
  <VignettePath>fanart/vignette/83462-11.jpg</VignettePath>
</Banner>
<Banner>
  <id>343711</id>
  <BannerPath>fanart/original/83462-15.jpg</BannerPath>
  <BannerType>fanart</BannerType>
  <BannerType2>1920x1080</BannerType2>
  <Colors></Colors>
  <Language>en</Language>
  <Rating>6.5000</Rating>
  <RatingCount>6</RatingCount>
  <SeriesName>false</SeriesName>
  <ThumbnailPath>_cache/fanart/original/83462-15.jpg</ThumbnailPath>
  <VignettePath>fanart/vignette/83462-15.jpg</VignettePath>
</Banner>
<Banner>
  <id>873508</id>
  <BannerPath>fanart/original/83462-24.jpg</BannerPath>
  <BannerType>fanart</BannerType>
  <BannerType2>1920x1080</BannerType2>
  <Colors>|18,18,20|110,110,108|135,119,106|</Colors>
  <Language>en</Language>
  <Rating>6.4167</Rating>
  <RatingCount>12</RatingCount>
  <SeriesName>false</SeriesName>
  <ThumbnailPath>_cache/fanart/original/83462-24.jpg</ThumbnailPath>
  <VignettePath>fanart/vignette/83462-24.jpg</VignettePath>
</Banner>
<Banner>
  <id>152881</id>
  <BannerPath>fanart/original/83462-3.jpg</BannerPath>
  <BannerType>fanart</BannerType>
  <BannerType2>1280x720</BannerType2>
  <Colors>|152,48,55|30,33,38|75,91,124|</Colors>
  <Language>de</Language>
  <Rating>6.2500</Rating>
  <RatingCount>4</RatingCount>
  <SeriesName>false</SeriesName>
  <ThumbnailPath>_cache/fanart/original/83462-3.jpg</ThumbnailPath>
  <VignettePath>fanart/vignette/83462-3.jpg</VignettePath>
</Banner>
<Banner>
  <id>908918</id>
  <BannerPath>fanart/original/83462-28.jpg</BannerPath>
  <BannerType>fanart</BannerType>
  <BannerType2>1920x1080</BannerType2>
  <Colors></Colors>
  <Language>de</Language>
  <Rating>6.0000</Rating>
  <RatingCount>1</RatingCount>
  <SeriesName>false</SeriesName>
  <ThumbnailPath>_cache/fanart/original/83462-28.jpg</ThumbnailPath>
  <VignettePath>fanart/vignette/83462-28.jpg</VignettePath>
</Banner>
<Banner>
  <id>908916</id>
  <BannerPath>fanart/original/83462-29.jpg</BannerPath>
  <BannerType>fanart</BannerType>
  <BannerType2>1920x1080</BannerType2>
  <Colors></Colors>
  <Language>de</Language>
  <Rating>6.0000</Rating>
  <RatingCount>1</RatingCount>
  <SeriesName>false</SeriesName>
  <ThumbnailPath>_cache/fanart/original/83462-29.jpg</ThumbnailPath>
  <VignettePath>fanart/vignette/83462-29.jpg</VignettePath>
</Banner>
<Banner>
  <id>421861</id>
  <BannerPath>fanart/original/83462-20.jpg</BannerPath>
  <BannerType>fanart</BannerType>
  <BannerType2>1280x720</BannerType2>
  <Colors></Colors>
  <Language>en</Language>
  <Rating>6.0000</Rating>
  <RatingCount>4</RatingCount>
  <SeriesName>false</SeriesName>
  <ThumbnailPath>_cache/fanart/original/83462-20.jpg</ThumbnailPath>
  <VignettePath>fanart/vignette/83462-20.jpg</VignettePath>
</Banner>
<Banner>
  <id>922320</id>
  <BannerPath>fanart/original/83462-31.jpg</BannerPath>
  <BannerType>fanart</BannerType>
  <BannerType2>1920x1080</BannerType2>
  <Colors></Colors>
  <Language>de</Language>
  <Rating>6.0000</Rating>
  <RatingCount>1</RatingCount>
  <SeriesName>false</SeriesName>
  <ThumbnailPath>_cache/fanart/original/83462-31.jpg</ThumbnailPath>
  <VignettePath>fanart/vignette/83462-31.jpg</VignettePath>
</Banner>
<Banner>
  <id>223261</id>
  <BannerPath>fanart/original/83462-10.jpg</BannerPath>
  <BannerType>fanart</BannerType>
  <BannerType2>1920x1080</BannerType2>
  <Colors></Colors>
  <Language>de</Language>
  <Rating>6.0000</Rating>
  <RatingCount>1</RatingCount>
  <SeriesName>false</SeriesName>
  <ThumbnailPath>_cache/fanart/original/83462-10.jpg</ThumbnailPath>
  <VignettePath>fanart/vignette/83462-10.jpg</VignettePath>
</Banner>
<Banner>
  <id>343731</id>
  <BannerPath>fanart/original/83462-16.jpg</BannerPath>
  <BannerType>fanart</BannerType>
  <BannerType2>1920x1080</BannerType2>
  <Colors></Colors>
  <Language>en</Language>
  <Rating>5.7500</Rating>
  <RatingCount>4</RatingCount>
  <SeriesName>false</SeriesName>
  <ThumbnailPath>_cache/fanart/original/83462-16.jpg</ThumbnailPath>
  <VignettePath>fanart/vignette/83462-16.jpg</VignettePath>
</Banner>
<Banner>
  <id>421851</id>
  <BannerPath>fanart/original/83462-19.jpg</BannerPath>
  <BannerType>fanart</BannerType>
  <BannerType2>1280x720</BannerType2>
  <Colors></Colors>
  <Language>en</Language>
  <Rating>5.6667</Rating>
  <RatingCount>3</RatingCount>
  <SeriesName>false</SeriesName>
  <ThumbnailPath>_cache/fanart/original/83462-19.jpg</ThumbnailPath>
  <VignettePath>fanart/vignette/83462-19.jpg</VignettePath>
</Banner>
<Banner>
  <id>927896</id>
  <BannerPath>fanart/original/83462-34.jpg</BannerPath>
  <BannerType>fanart</BannerType>
  <BannerType2>1920x1080</BannerType2>
  <Colors></Colors>
  <Language>en</Language>
  <Rating>5.5000</Rating>
  <RatingCount>2</RatingCount>
  <SeriesName>false</SeriesName>
  <ThumbnailPath>_cache/fanart/original/83462-34.jpg</ThumbnailPath>
  <VignettePath>fanart/vignette/83462-34.jpg</VignettePath>
</Banner>
<Banner>
  <id>924257</id>
  <BannerPath>fanart/original/83462-33.jpg</BannerPath>
  <BannerType>fanart</BannerType>
  <BannerType2>1920x1080</BannerType2>
  <Colors></Colors>
  <Language>en</Language>
  <Rating>5.5000</Rating>
  <RatingCount>2</RatingCount>
  <SeriesName>false</SeriesName>
  <ThumbnailPath>_cache/fanart/original/83462-33.jpg</ThumbnailPath>
  <VignettePath>fanart/vignette/83462-33.jpg</VignettePath>
</Banner>
<Banner>
  <id>152911</id>
  <BannerPath>fanart/original/83462-6.jpg</BannerPath>
  <BannerType>fanart</BannerType>
  <BannerType2>1280x720</BannerType2>
  <Colors></Colors>
  <Language>de</Language>
  <Rating>5.0000</Rating>
  <RatingCount>1</RatingCount>
  <SeriesName>false</SeriesName>
  <ThumbnailPath>_cache/fanart/original/83462-6.jpg</ThumbnailPath>
  <VignettePath>fanart/vignette/83462-6.jpg</VignettePath>
</Banner>
<Banner>
  <id>929570</id>
  <BannerPath>fanart/original/83462-35.jpg</BannerPath>
  <BannerType>fanart</BannerType>
  <BannerType2>1280x720</BannerType2>
  <Colors></Colors>
  <Language>de</Language>
  <Rating>5.0000</Rating>
  <RatingCount>1</RatingCount>
  <SeriesName>false</SeriesName>
  <ThumbnailPath>_cache/fanart/original/83462-35.jpg</ThumbnailPath>
  <VignettePath>fanart/vignette/83462-35.jpg</VignettePath>
</Banner>
<Banner>
  <id>929572</id>
  <BannerPath>fanart/original/83462-26.jpg</BannerPath>
  <BannerType>fanart</BannerType>
  <BannerType2>1920x1080</BannerType2>
  <Colors></Colors>
  <Language>de</Language>
  <Rating>5.0000</Rating>
  <RatingCount>1</RatingCount>
  <SeriesName>false</SeriesName>
  <ThumbnailPath>_cache/fanart/original/83462-26.jpg</ThumbnailPath>
  <VignettePath>fanart/vignette/83462-26.jpg</VignettePath>
</Banner>
<Banner>
  <id>152901</id>
  <BannerPath>fanart/original/83462-5.jpg</BannerPath>
  <BannerType>fanart</BannerType>
  <BannerType2>1280x720</BannerType2>
  <Colors></Colors>
  <Language>de</Language>
  <Rating>5.0000</Rating>
  <RatingCount>1</RatingCount>
  <SeriesName>false</SeriesName>
  <ThumbnailPath>_cache/fanart/original/83462-5.jpg</ThumbnailPath>
  <VignettePath>fanart/vignette/83462-5.jpg</VignettePath>
</Banner>
<Banner>
  <id>152891</id>
  <BannerPath>fanart/original/83462-4.jpg</BannerPath>
  <BannerType>fanart</BannerType>
  <BannerType2>1280x720</BannerType2>
  <Colors></Colors>
  <Language>de</Language>
  <Rating>5.0000</Rating>
  <RatingCount>1</RatingCount>
  <SeriesName>false</SeriesName>
  <ThumbnailPath>_cache/fanart/original/83462-4.jpg</ThumbnailPath>
  <VignettePath>fanart/vignette/83462-4.jpg</VignettePath>
</Banner>
<Banner>
  <id>421881</id>
  <BannerPath>fanart/original/83462-21.jpg</BannerPath>
  <BannerType>fanart</BannerType>
  <BannerType2>1280x720</BannerType2>
  <Colors></Colors>
  <Language>en</Language>
  <Rating>4.5000</Rating>
  <RatingCount>2</RatingCount>
  <SeriesName>false</SeriesName>
  <ThumbnailPath>_cache/fanart/original/83462-21.jpg</ThumbnailPath>
  <VignettePath>fanart/vignette/83462-21.jpg</VignettePath>
</Banner>
<Banner>
  <id>223251</id>
  <BannerPath>fanart/original/83462-9.jpg</BannerPath>
  <BannerType>fanart</BannerType>
  <BannerType2>1920x1080</BannerType2>
  <Colors>|69,81,119|10,6,3|29,37,58|</Colors>
  <Language>de</Language>
  <Rating>3.0000</Rating>
  <RatingCount>2</RatingCount>
  <SeriesName>false</SeriesName>
  <ThumbnailPath>_cache/fanart/original/83462-9.jpg</ThumbnailPath>
  <VignettePath>fanart/vignette/83462-9.jpg</VignettePath>
</Banner>
<Banner>
  <id>624071</id>
  <BannerPath>fanart/original/83462-22.jpg</BannerPath>
  <BannerType>fanart</BannerType>
  <BannerType2>1920x1080</BannerType2>
  <Colors>|191,191,191|142,10,21|29,29,29|</Colors>
  <Language>en</Language>
  <Rating>2.7500</Rating>
  <RatingCount>4</RatingCount>
  <SeriesName>false</SeriesName>
  <ThumbnailPath>_cache/fanart/original/83462-22.jpg</ThumbnailPath>
  <VignettePath>fanart/vignette/83462-22.jpg</VignettePath>
</Banner>
<Banner>
  <id>766851</id>
  <BannerPath>fanart/original/83462-23.jpg</BannerPath>
  <BannerType>fanart</BannerType>
  <BannerType2>1280x720</BannerType2>
  <Colors>|201,131,106|1,38,31|72,0,1|</Colors>
  <Language>en</Language>
  <Rating>2.6667</Rating>
  <RatingCount>3</RatingCount>
  <SeriesName>false</SeriesName>
  <ThumbnailPath>_cache/fanart/original/83462-23.jpg</ThumbnailPath>
  <VignettePath>fanart/vignette/83462-23.jpg</VignettePath>
</Banner>
<Banner>
  <id>343601</id>
  <BannerPath>fanart/original/83462-14.jpg</BannerPath>
  <BannerType>fanart</BannerType>
  <BannerType2>1280x720</BannerType2>
  <Colors></Colors>
  <Language>en</Language>
  <Rating>2.0000</Rating>
  <RatingCount>1</RatingCount>
  <SeriesName>false</SeriesName>
  <ThumbnailPath>_cache/fanart/original/83462-14.jpg</ThumbnailPath>
  <VignettePath>fanart/vignette/83462-14.jpg</VignettePath>
</Banner>
<Banner>
  <id>951135</id>
  <BannerPath>fanart/original/83462-38.jpg</BannerPath>
  <BannerType>fanart</BannerType>
  <BannerType2>1920x1080</BannerType2>
  <Colors></Colors>
  <Language>en</Language>
  <Rating></Rating>
  <RatingCount>0</RatingCount>
  <SeriesName>false</SeriesName>
  <ThumbnailPath>_cache/fanart/original/83462-38.jpg</ThumbnailPath>
  <VignettePath>fanart/vignette/83462-38.jpg</VignettePath>
</Banner>
<Banner>
  <id>951134</id>
  <BannerPath>fanart/original/83462-37.jpg</BannerPath>
  <BannerType>fanart</BannerType>
  <BannerType2>1920x1080</BannerType2>
  <Colors></Colors>
  <Language>en</Language>
  <Rating></Rating>
  <RatingCount>0</RatingCount>
  <SeriesName>false</SeriesName>
  <ThumbnailPath>_cache/fanart/original/83462-37.jpg</ThumbnailPath>
  <VignettePath>fanart/vignette/83462-37.jpg</VignettePath>
</Banner>
<Banner>
  <id>951133</id>
  <BannerPath>fanart/original/83462-36.jpg</BannerPath>
  <BannerType>fanart</BannerType>
  <BannerType2>1920x1080</BannerType2>
  <Colors></Colors>
  <Language>en</Language>
  <Rating></Rating>
  <RatingCount>0</RatingCount>
  <SeriesName>false</SeriesName>
  <ThumbnailPath>_cache/fanart/original/83462-36.jpg</ThumbnailPath>
  <VignettePath>fanart/vignette/83462-36.jpg</VignettePath>
</Banner>
<Banner>
  <id>873792</id>
  <BannerPath>fanart/original/83462-25.jpg</BannerPath>
  <BannerType>fanart</BannerType>
  <BannerType2>1920x1080</BannerType2>
  <Colors></Colors>
  <Language>en</Language>
  <Rating></Rating>
  <RatingCount>0</RatingCount>
  <SeriesName>false</SeriesName>
  <ThumbnailPath>_cache/fanart/original/83462-25.jpg</ThumbnailPath>
  <VignettePath>fanart/vignette/83462-25.jpg</VignettePath>
</Banner>
<Banner>
  <id>897073</id>
  <BannerPath>fanart/original/83462-27.jpg</BannerPath>
  <BannerType>fanart</BannerType>
  <BannerType2>1920x1080</BannerType2>
  <Colors></Colors>
  <Language>de</Language>
  <Rating></Rating>
  <RatingCount>0</RatingCount>
  <SeriesName>false</SeriesName>
  <ThumbnailPath>_cache/fanart/original/83462-27.jpg</ThumbnailPath>
  <VignettePath>fanart/vignette/83462-27.jpg</VignettePath>
</Banner>
<Banner>
  <id>929568</id>
  <BannerPath>posters/83462-9.jpg</BannerPath>
  <BannerType>poster</BannerType>
  <BannerType2>680x1000</BannerType2>
  <Language>en</Language>
  <Rating>8.7500</Rating>
  <RatingCount>4</RatingCount>
</Banner>
<Banner>
  <id>924185</id>
  <BannerPath>posters/83462-8.jpg</BannerPath>
  <BannerType>poster</BannerType>
  <BannerType2>680x1000</BannerType2>
  <Language>en</Language>
  <Rating>8.5000</Rating>
  <RatingCount>4</RatingCount>
</Banner>
<Banner>
  <id>600271</id>
  <BannerPath>posters/83462-6.jpg</BannerPath>
  <BannerType>poster</BannerType>
  <BannerType2>680x1000</BannerType2>
  <Language>en</Language>
  <Rating>7.2000</Rating>
  <RatingCount>10</RatingCount>
</Banner>
<Banner>
  <id>50511</id>
  <BannerPath>posters/83462-2.jpg</BannerPath>
  <BannerType>poster</BannerType>
  <BannerType2>680x1000</BannerType2>
  <Language>en</Language>
  <Rating>6.6667</Rating>
  <RatingCount>9</RatingCount>
</Banner>
<Banner>
  <id>42756</id>
  <BannerPath>posters/83462-1.jpg</BannerPath>
  <BannerType>poster</BannerType>
  <BannerType2>680x1000</BannerType2>
  <Language>en</Language>
  <Rating>6.5556</Rating>
  <RatingCount>9</RatingCount>
</Banner>
<Banner>
  <id>877172</id>
  <BannerPath>posters/83462-5.jpg</BannerPath>
  <BannerType>poster</BannerType>
  <BannerType2>680x1000</BannerType2>
  <Language>en</Language>
  <Rating>6.1667</Rating>
  <RatingCount>6</RatingCount>
</Banner>
<Banner>
  <id>876006</id>
  <BannerPath>posters/83462-7.jpg</BannerPath>
  <BannerType>poster</BannerType>
  <BannerType2>680x1000</BannerType2>
  <Language>en</Language>
  <Rating>1.5000</Rating>
  <RatingCount>2</RatingCount>
</Banner>
<Banner>
  <id>948309</id>
  <BannerPath>posters/83462-4.jpg</BannerPath>
  <BannerType>poster</BannerType>
  <BannerType2>680x1000</BannerType2>
  <Language>en</Language>
  <Rating></Rating>
  <RatingCount>0</RatingCount>
</Banner>
<Banner>
  <id>948308</id>
  <BannerPath>posters/83462-3.jpg</BannerPath>
  <BannerType>poster</BannerType>
  <BannerType2>680x1000</BannerType2>
  <Language>en</Language>
  <Rating></Rating>
  <RatingCount>0</RatingCount>
</Banner>
<Banner>
  <id>899137</id>
  <BannerPath>seasons/83462-2-5.jpg</BannerPath>
  <BannerType>season</BannerType>
  <BannerType2>season</BannerType2>
  <Language>en</Language>
  <Rating>9.8000</Rating>
  <RatingCount>5</RatingCount>
  <Season>2</Season>
</Banner>
<Banner>
  <id>899139</id>
  <BannerPath>seasons/83462-4-3.jpg</BannerPath>
  <BannerType>season</BannerType>
  <BannerType2>season</BannerType2>
  <Language>en</Language>
  <Rating>9.7500</Rating>
  <RatingCount>4</RatingCount>
  <Season>4</Season>
</Banner>
<Banner>
  <id>899138</id>
  <BannerPath>seasons/83462-3-6.jpg</BannerPath>
  <BannerType>season</BannerType>
  <BannerType2>season</BannerType2>
  <Language>en</Language>
  <Rating>9.7500</Rating>
  <RatingCount>4</RatingCount>
  <Season>3</Season>
</Banner>
<Banner>
  <id>619101</id>
  <BannerPath>seasons/83462-3-2.jpg</BannerPath>
  <BannerType>season</BannerType>
  <BannerType2>season</BannerType2>
  <Language>en</Language>
  <Rating>9.6667</Rating>
  <RatingCount>3</RatingCount>
  <Season>3</Season>
</Banner>
<Banner>
  <id>899136</id>
  <BannerPath>seasons/83462-1-5.jpg</BannerPath>
  <BannerType>season</BannerType>
  <BannerType2>season</BannerType2>
  <Language>en</Language>
  <Rating>8.7500</Rating>
  <RatingCount>4</RatingCount>
  <Season>1</Season>
</Banner>
<Banner>
  <id>927894</id>
  <BannerPath>seasons/83462-5-2.jpg</BannerPath>
  <BannerType>season</BannerType>
  <BannerType2>season</BannerType2>
  <Language>en</Language>
  <Rating>8.4000</Rating>
  <RatingCount>5</RatingCount>
  <Season>5</Season>
</Banner>
<Banner>
  <id>875949</id>
  <BannerPath>seasons/83462-4.jpg</BannerPath>
  <BannerType>season</BannerType>
  <BannerType2>season</BannerType2>
  <Language>en</Language>
  <Rating>8.2000</Rating>
  <RatingCount>5</RatingCount>
  <Season>4</Season>
</Banner>
<Banner>
  <id>877092</id>
  <BannerPath>seasons/83462-4-2.jpg</BannerPath>
  <BannerType>season</BannerType>
  <BannerType2>season</BannerType2>
  <Language>en</Language>
  <Rating>8.0000</Rating>
  <RatingCount>5</RatingCount>
  <Season>4</Season>
</Banner>
<Banner>
  <id>64881</id>
  <BannerPath>seasons/83462-1-2.jpg</BannerPath>
  <BannerType>season</BannerType>
  <BannerType2>season</BannerType2>
  <Language>en</Language>
  <Rating>7.8333</Rating>
  <RatingCount>6</RatingCount>
  <Season>1</Season>
</Banner>
<Banner>
  <id>923031</id>
  <BannerPath>seasons/83462-5.jpg</BannerPath>
  <BannerType>season</BannerType>
  <BannerType2>season</BannerType2>
  <Language>en</Language>
  <Rating>7.4000</Rating>
  <RatingCount>5</RatingCount>
  <Season>5</Season>
</Banner>
<Banner>
  <id>866277</id>
  <BannerPath>seasons/83462-3-5.jpg</BannerPath>
  <BannerType>season</BannerType>
  <BannerType2>season</BannerType2>
  <Language>en</Language>
  <Rating>7.0000</Rating>
  <RatingCount>3</RatingCount>
  <Season>3</Season>
</Banner>
<Banner>
  <id>48581</id>
  <BannerPath>seasons/83462-1.jpg</BannerPath>
  <BannerType>season</BannerType>
  <BannerType2>season</BannerType2>
  <Language>en</Language>
  <Rating>7.0000</Rating>
  <RatingCount>4</RatingCount>
  <Season>1</Season>
</Banner>
<Banner>
  <id>235811</id>
  <BannerPath>seasons/83462-2-2.jpg</BannerPath>
  <BannerType>season</BannerType>
  <BannerType2>season</BannerType2>
  <Language>en</Language>
  <Rating>7.0000</Rating>
  <RatingCount>3</RatingCount>
  <Season>2</Season>
</Banner>
<Banner>
  <id>235591</id>
  <BannerPath>seasons/83462-2.jpg</BannerPath>
  <BannerType>season</BannerType>
  <BannerType2>season</BannerType2>
  <Language>en</Language>
  <Rating>7.0000</Rating>
  <RatingCount>3</RatingCount>
  <Season>2</Season>
</Banner>
<Banner>
  <id>866274</id>
  <BannerPath>seasons/83462-1-4.jpg</BannerPath>
  <BannerType>season</BannerType>
  <BannerType2>season</BannerType2>
  <Language>en</Language>
  <Rating>6.5000</Rating>
  <RatingCount>4</RatingCount>
  <Season>1</Season>
</Banner>
<Banner>
  <id>866275</id>
  <BannerPath>seasons/83462-2-3.jpg</BannerPath>
  <BannerType>season</BannerType>
  <BannerType2>season</BannerType2>
  <Language>en</Language>
  <Rating>6.5000</Rating>
  <RatingCount>2</RatingCount>
  <Season>2</Season>
</Banner>
<Banner>
  <id>933342</id>
  <BannerPath>seasons/83462-2-4.jpg</BannerPath>
  <BannerType>season</BannerType>
  <BannerType2>season</BannerType2>
  <Language>en</Language>
  <Rating>5.5000</Rating>
  <RatingCount>2</RatingCount>
  <Season>2</Season>
</Banner>
<Banner>
  <id>933345</id>
  <BannerPath>seasons/83462-4-4.jpg</BannerPath>
  <BannerType>season</BannerType>
  <BannerType2>season</BannerType2>
  <Language>en</Language>
  <Rating>5.5000</Rating>
  <RatingCount>2</RatingCount>
  <Season>4</Season>
</Banner>
<Banner>
  <id>933341</id>
  <BannerPath>seasons/83462-1-3.jpg</BannerPath>
  <BannerType>season</BannerType>
  <BannerType2>season</BannerType2>
  <Language>en</Language>
  <Rating>5.5000</Rating>
  <RatingCount>2</RatingCount>
  <Season>1</Season>
</Banner>
<Banner>
  <id>933343</id>
  <BannerPath>seasons/83462-3-3.jpg</BannerPath>
  <BannerType>season</BannerType>
  <BannerType2>season</BannerType2>
  <Language>en</Language>
  <Rating>5.5000</Rating>
  <RatingCount>2</RatingCount>
  <Season>3</Season>
</Banner>
<Banner>
  <id>933346</id>
  <BannerPath>seasons/83462-5-3.jpg</BannerPath>
  <BannerType>season</BannerType>
  <BannerType2>season</BannerType2>
  <Language>en</Language>
  <Rating>3.7500</Rating>
  <RatingCount>4</RatingCount>
  <Season>5</Season>
</Banner>
<Banner>
  <id>866276</id>
  <BannerPath>seasons/83462-3-4.jpg</BannerPath>
  <BannerType>season</BannerType>
  <BannerType2>season</BannerType2>
  <Language>en</Language>
  <Rating></Rating>
  <RatingCount>0</RatingCount>
  <Season>3</Season>
</Banner>
<Banner>
  <id>941272</id>
  <BannerPath>seasons/83462-1-6.jpg</BannerPath>
  <BannerType>season</BannerType>
  <BannerType2>season</BannerType2>
  <Language>en</Language>
  <Rating></Rating>
  <RatingCount>0</RatingCount>
  <Season>1</Season>
</Banner>
<Banner>
  <id>614981</id>
  <BannerPath>seasons/83462-3.jpg</BannerPath>
  <BannerType>season</BannerType>
  <BannerType2>season</BannerType2>
  <Language>en</Language>
  <Rating></Rating>
  <RatingCount>0</RatingCount>
  <Season>3</Season>
</Banner>
<Banner>
  <id>866280</id>
  <BannerPath>seasons/83462-0.jpg</BannerPath>
  <BannerType>season</BannerType>
  <BannerType2>season</BannerType2>
  <Language>en</Language>
  <Rating></Rating>
  <RatingCount>0</RatingCount>
  <Season>0</Season>
</Banner>
<Banner>
  <id>685821</id>
  <BannerPath>seasonswide/83462-3.jpg</BannerPath>
  <BannerType>season</BannerType>
  <BannerType2>seasonwide</BannerType2>
  <Language>en</Language>
  <Rating>10.0000</Rating>
  <RatingCount>1</RatingCount>
  <Season>3</Season>
</Banner>
<Banner>
  <id>685811</id>
  <BannerPath>seasonswide/83462-2.jpg</BannerPath>
  <BannerType>season</BannerType>
  <BannerType2>seasonwide</BannerType2>
  <Language>en</Language>
  <Rating>10.0000</Rating>
  <RatingCount>1</RatingCount>
  <Season>2</Season>
</Banner>
<Banner>
  <id>685801</id>
  <BannerPath>seasonswide/83462-1.jpg</BannerPath>
  <BannerType>season</BannerType>
  <BannerType2>seasonwide</BannerType2>
  <Language>en</Language>
  <Rating>10.0000</Rating>
  <RatingCount>1</RatingCount>
  <Season>1</Season>
</Banner>
<Banner>
  <id>905474</id>
  <BannerPath>seasonswide/83462-4.jpg</BannerPath>
  <BannerType>season</BannerType>
  <BannerType2>seasonwide</BannerType2>
  <Language>en</Language>
  <Rating></Rating>
  <RatingCount>0</RatingCount>
  <Season>4</Season>
</Banner>
<Banner>
  <id>823531</id>
  <BannerPath>seasonswide/83462-3-2.jpg</BannerPath>
  <BannerType>season</BannerType>
  <BannerType2>seasonwide</BannerType2>
  <Language>de</Language>
  <Rating></Rating>
  <RatingCount>0</RatingCount>
  <Season>3</Season>
</Banner>
<Banner>
  <id>600281</id>
  <BannerPath>graphical/83462-g10.jpg</BannerPath>
  <BannerType>series</BannerType>
  <BannerType2>graphical</BannerType2>
  <Language>de</Language>
  <Rating>7.5385</Rating>
  <RatingCount>13</RatingCount>
</Banner>
<Banner>
  <id>923096</id>
  <BannerPath>graphical/83462-g15.jpg</BannerPath>
  <BannerType>series</BannerType>
  <BannerType2>graphical</BannerType2>
  <Language>en</Language>
  <Rating>7.1429</Rating>
  <RatingCount>7</RatingCount>
</Banner>
<Banner>
  <id>42890</id>
  <BannerPath>graphical/83462-g3.jpg</BannerPath>
  <BannerType>series</BannerType>
  <BannerType2>graphical</BannerType2>
  <Language>en</Language>
  <Rating>7.0000</Rating>
  <RatingCount>15</RatingCount>
</Banner>
<Banner>
  <id>263081</id>
  <BannerPath>graphical/83462-g7.jpg</BannerPath>
  <BannerType>series</BannerType>
  <BannerType2>graphical</BannerType2>
  <Language>en</Language>
  <Rating>6.8000</Rating>
  <RatingCount>10</RatingCount>
</Banner>
<Banner>
  <id>454221</id>
  <BannerPath>graphical/83462-g9.jpg</BannerPath>
  <BannerType>series</BannerType>
  <BannerType2>graphical</BannerType2>
  <Language>en</Language>
  <Rating>6.3333</Rating>
  <RatingCount>3</RatingCount>
</Banner>
<Banner>
  <id>881966</id>
  <BannerPath>text/83462.jpg</BannerPath>
  <BannerType>series</BannerType>
  <BannerType2>text</BannerType2>
  <Language>en</Language>
  <Rating>6.2500</Rating>
  <RatingCount>4</RatingCount>
</Banner>
<Banner>
  <id>263071</id>
  <BannerPath>graphical/83462-g6.jpg</BannerPath>
  <BannerType>series</BannerType>
  <BannerType2>graphical</BannerType2>
  <Language>en</Language>
  <Rating>6.2000</Rating>
  <RatingCount>5</RatingCount>
</Banner>
<Banner>
  <id>882473</id>
  <BannerPath>graphical/83462-g12.jpg</BannerPath>
  <BannerType>series</BannerType>
  <BannerType2>graphical</BannerType2>
  <Language>en</Language>
  <Rating>6.0000</Rating>
  <RatingCount>1</RatingCount>
</Banner>
<Banner>
  <id>43317</id>
  <BannerPath>graphical/83462-g4.jpg</BannerPath>
  <BannerType>series</BannerType>
  <BannerType2>graphical</BannerType2>
  <Language>en</Language>
  <Rating>5.7143</Rating>
  <RatingCount>7</RatingCount>
</Banner>
<Banner>
  <id>263091</id>
  <BannerPath>graphical/83462-g5.jpg</BannerPath>
  <BannerType>series</BannerType>
  <BannerType2>graphical</BannerType2>
  <Language>en</Language>
  <Rating>5.6667</Rating>
  <RatingCount>3</RatingCount>
</Banner>
<Banner>
  <id>929901</id>
  <BannerPath>graphical/83462-g16.jpg</BannerPath>
  <BannerType>series</BannerType>
  <BannerType2>graphical</BannerType2>
  <Language>en</Language>
  <Rating>5.5000</Rating>
  <RatingCount>2</RatingCount>
</Banner>
<Banner>
  <id>42889</id>
  <BannerPath>graphical/83462-g2.jpg</BannerPath>
  <BannerType>series</BannerType>
  <BannerType2>graphical</BannerType2>
  <Language>en</Language>
  <Rating>5.2727</Rating>
  <RatingCount>11</RatingCount>
</Banner>
<Banner>
  <id>881513</id>
  <BannerPath>graphical/83462-g11.jpg</BannerPath>
  <BannerType>series</BannerType>
  <BannerType2>graphical</BannerType2>
  <Language>en</Language>
  <Rating>5.2500</Rating>
  <RatingCount>4</RatingCount>
</Banner>
<Banner>
  <id>454211</id>
  <BannerPath>graphical/83462-g8.jpg</BannerPath>
  <BannerType>series</BannerType>
  <BannerType2>graphical</BannerType2>
  <Language>en</Language>
  <Rating>5.1667</Rating>
  <RatingCount>6</RatingCount>
</Banner>
<Banner>
  <id>882874</id>
  <BannerPath>graphical/83462-g13.jpg</BannerPath>
  <BannerType>series</BannerType>
  <BannerType2>graphical</BannerType2>
  <Language>en</Language>
  <Rating>3.5000</Rating>
  <RatingCount>2</RatingCount>
</Banner>
<Banner>
  <id>42763</id>
  <BannerPath>graphical/83462-g.jpg</BannerPath>
  <BannerType>series</BannerType>
  <BannerType2>graphical</BannerType2>
  <Language>en</Language>
  <Rating>3.0000</Rating>
  <RatingCount>6</RatingCount>
</Banner>
<Banner>
  <id>167221</id>
  <BannerPath>blank/83462.jpg</BannerPath>
  <BannerType>series</BannerType>
  <BannerType2>blank</BannerType2>
  <Language></Language>
  <Rating>1.0000</Rating>
  <RatingCount>2</RatingCount>
</Banner>
</Banners>