<?xml version="1.0" encoding="UTF-8" ?>
<Actors>
<Actor>
  <id>78037</id>
  <Image>actors/78037.jpg</Image>
  <Name>Jeffrey Donovan</Name>
  <Role>Michael Westen</Role>
  <SortOrder>0</SortOrder>
</Actor>
<Actor>
  <id>73340</id>
  <Image>actors/73340.jpg</Image>
  <Name>Gabrielle Anwar</Name>
  <Role>Fiona Glenanne</Role>
  <SortOrder>1</SortOrder>
</Actor>
<Actor>
  <id>73342</id>
  <Image>actors/73342.jpg</Image>
  <Name>Bruce Campbell</Name>
  <Role>Sam Axe</Role>
  <SortOrder>2</SortOrder>
</Actor>
<Actor>
  <id>73341</id>
  <Image>actors/73341.jpg</Image>
  <Name>Sharon Gless</Name>
  <Role>Madeline Westen</Role>
  <SortOrder>3</SortOrder>
</Actor>
<Actor>
  <id>300855</id>
  <Image>actors/300855.jpg</Image>
  <Name>Coby Bell</Name>
  <Role>Jesse</Role>
  <SortOrder>3</SortOrder>
</Actor>
<Actor>
  <id>145171</id>
  <Image>actors/145171.jpg</Image>
  <Name>Alex Carter</Name>
  <Role>Jason Bly</Role>
  <SortOrder>3</SortOrder>
</Actor>
<Actor>
  <id>145151</id>
  <Image>actors/145151.jpg</Image>
  <Name>Tricia Helfer</Name>
  <Role>Carla</Role>
  <SortOrder>3</SortOrder>
</Actor>
<Actor>
  <id>145141</id>
  <Image>actors/145141.jpg</Image>
  <Name>Michael Shanks</Name>
  <Role>Victor Stecker-Epps</Role>
  <SortOrder>3</SortOrder>
</Actor>
<Actor>
  <id>145131</id>
  <Image>actors/145131.jpg</Image>
  <Name>Jay Karnes</Name>
  <Role>Tyler Brennen</Role>
  <SortOrder>3</SortOrder>
</Actor>
<Actor>
  <id>145121</id>
  <Image>actors/145121.jpg</Image>
  <Name>Moon Bloodgood</Name>
  <Role>Detective Paxson</Role>
  <SortOrder>3</SortOrder>
</Actor>
<Actor>
  <id>145111</id>
  <Image>actors/145111.jpg</Image>
  <Name>Ben Shenkman</Name>
  <Role>Tom Strickler</Role>
  <SortOrder>3</SortOrder>
</Actor>
<Actor>
  <id>145101</id>
  <Image>actors/145101.jpg</Image>
  <Name>Paul Blackthorne</Name>
  <Role>Thomas O'Neill</Role>
  <SortOrder>3</SortOrder>
</Actor>
<Actor>
  <id>145091</id>
  <Image>actors/145091.jpg</Image>
  <Name>Chris Vance</Name>
  <Role>Gilroy</Role>
  <SortOrder>3</SortOrder>
</Actor>
<Actor>
  <id>135861</id>
  <Image>actors/135861.jpg</Image>
  <Name>Seth Peterson</Name>
  <Role>Nate Westen</Role>
  <SortOrder>3</SortOrder>
</Actor>
</Actors>