<?xml version="1.0" encoding="UTF-8" ?>
<Actors>
<Actor>
  <id>64915</id>
  <Image>actors/64915.jpg</Image>
  <Name>Treat Williams</Name>
  <Role>Dr. Andrew ''Andy'' Brown </Role>
  <SortOrder>0</SortOrder>
</Actor>
<Actor>
  <id>64910</id>
  <Image>actors/64910.jpg</Image>
  <Name>Stephanie Niznik</Name>
  <Role>Nina Feeney</Role>
  <SortOrder>1</SortOrder>
</Actor>
<Actor>
  <id>64912</id>
  <Image>actors/64912.jpg</Image>
  <Name>Emily VanCamp</Name>
  <Role>Amy Abbott</Role>
  <SortOrder>2</SortOrder>
</Actor>
<Actor>
  <id>64923</id>
  <Image>actors/64923.jpg</Image>
  <Name>Sarah Drew</Name>
  <Role>Hannah Rogers</Role>
  <SortOrder>3</SortOrder>
</Actor>
<Actor>
  <id>64922</id>
  <Image>actors/64922.jpg</Image>
  <Name>Tom Amandes</Name>
  <Role>Dr. Harold Abbott </Role>
  <SortOrder>3</SortOrder>
</Actor>
<Actor>
  <id>64921</id>
  <Image>actors/64921.jpg</Image>
  <Name>John Beasley</Name>
  <Role>Irv Harper</Role>
  <SortOrder>3</SortOrder>
</Actor>
<Actor>
  <id>64920</id>
  <Image>actors/64920.jpg</Image>
  <Name>Debra Mooney</Name>
  <Role>Edna Harper</Role>
  <SortOrder>3</SortOrder>
</Actor>
<Actor>
  <id>64919</id>
  <Image>actors/64919.jpg</Image>
  <Name>Anne Heche</Name>
  <Role>Amanda Hayes</Role>
  <SortOrder>3</SortOrder>
</Actor>
<Actor>
  <id>64918</id>
  <Image>actors/64918.jpg</Image>
  <Name>Nora Zehetner</Name>
  <Role>Laynie Hart </Role>
  <SortOrder>3</SortOrder>
</Actor>
<Actor>
  <id>64917</id>
  <Image>actors/64917.jpg</Image>
  <Name>Sarah Lancaster</Name>
  <Role>Madison Kellner </Role>
  <SortOrder>3</SortOrder>
</Actor>
<Actor>
  <id>64916</id>
  <Image>actors/64916.jpg</Image>
  <Name>Gregory Smith</Name>
  <Role>Ephram Brown </Role>
  <SortOrder>3</SortOrder>
</Actor>
<Actor>
  <id>64914</id>
  <Image>actors/64914.jpg</Image>
  <Name>Scott Wolf</Name>
  <Role>Dr. Jake Hartman </Role>
  <SortOrder>3</SortOrder>
</Actor>
<Actor>
  <id>64913</id>
  <Image>actors/64913.jpg</Image>
  <Name>Vivien Cardone</Name>
  <Role>Delia Brown</Role>
  <SortOrder>3</SortOrder>
</Actor>
<Actor>
  <id>64911</id>
  <Image>actors/64911.jpg</Image>
  <Name>Chris Pratt</Name>
  <Role>Bright Abbott </Role>
  <SortOrder>3</SortOrder>
</Actor>
<Actor>
  <id>64909</id>
  <Image>actors/64909.jpg</Image>
  <Name>Merrilyn Gann</Name>
  <Role>Rose Abbott</Role>
  <SortOrder>3</SortOrder>
</Actor>
<Actor>
  <id>64908</id>
  <Image>actors/64908.jpg</Image>
  <Name>Marcia Cross</Name>
  <Role>Dr. Linda Abbott</Role>
  <SortOrder>3</SortOrder>
</Actor>
</Actors>