<?xml version="1.0" encoding="UTF-8" ?>
<Actors>
<Actor>
  <id>220161</id>
  <Image>actors/220161.jpg</Image>
  <Name>Noah Wyle</Name>
  <Role>Tom Mason</Role>
  <SortOrder>0</SortOrder>
</Actor>
<Actor>
  <id>238861</id>
  <Image>actors/238861.jpg</Image>
  <Name>Will Patton</Name>
  <Role>Captain Weaver</Role>
  <SortOrder>1</SortOrder>
</Actor>
<Actor>
  <id>237341</id>
  <Image>actors/237341.jpg</Image>
  <Name>Moon Bloodgood</Name>
  <Role>Anne Glass</Role>
  <SortOrder>1</SortOrder>
</Actor>
<Actor>
  <id>220191</id>
  <Image>actors/220191.jpg</Image>
  <Name>Sarah Carter</Name>
  <Role>Margaret</Role>
  <SortOrder>1</SortOrder>
</Actor>
<Actor>
  <id>287630</id>
  <Image>actors/287630.jpg</Image>
  <Name>Colin Cunningham</Name>
  <Role>John Pope</Role>
  <SortOrder>2</SortOrder>
</Actor>
<Actor>
  <id>220181</id>
  <Image>actors/220181.jpg</Image>
  <Name>Mpho Koaho</Name>
  <Role>Anthony</Role>
  <SortOrder>2</SortOrder>
</Actor>
<Actor>
  <id>302561</id>
  <Image>actors/302561.jpg</Image>
  <Name>Maxim Knight</Name>
  <Role>Matt Mason</Role>
  <SortOrder>3</SortOrder>
</Actor>
<Actor>
  <id>302560</id>
  <Image>actors/302560.jpg</Image>
  <Name>Connor Jessup</Name>
  <Role>Ben Mason</Role>
  <SortOrder>3</SortOrder>
</Actor>
<Actor>
  <id>301851</id>
  <Image>actors/301851.jpg</Image>
  <Name>Ryan Robbins</Name>
  <Role>Tector</Role>
  <SortOrder>3</SortOrder>
</Actor>
<Actor>
  <id>299783</id>
  <Image>actors/299783.jpg</Image>
  <Name>Jessy Schram</Name>
  <Role>Karen</Role>
  <SortOrder>3</SortOrder>
</Actor>
<Actor>
  <id>299782</id>
  <Image>actors/299782.jpg</Image>
  <Name>Seychelle Gabriel</Name>
  <Role>Lourdes</Role>
  <SortOrder>3</SortOrder>
</Actor>
<Actor>
  <id>287633</id>
  <Image>actors/287633.jpg</Image>
  <Name>Peter Shinkoda</Name>
  <Role>Dai</Role>
  <SortOrder>3</SortOrder>
</Actor>
<Actor>
  <id>238851</id>
  <Image>actors/238851.jpg</Image>
  <Name>Drew Roy</Name>
  <Role>Hal Mason</Role>
  <SortOrder>3</SortOrder>
</Actor>
</Actors>