<?xml version="1.0" encoding="UTF-8" ?>
<Data><Series>
  <id>205281</id>
  <Actors>|Noah Wyle|Will Patton|Moon Bloodgood|Sarah Carter|Colin Cunningham|Mpho Koaho|Maxim Knight|Connor Jessup|Ryan Robbins|Jessy Schram|Seychelle Gabriel|Peter Shinkoda|Drew Roy|</Actors>
  <Airs_DayOfWeek>Sunday</Airs_DayOfWeek>
  <Airs_Time>9:00 PM</Airs_Time>
  <ContentRating>TV-14</ContentRating>
  <FirstAired>2011-06-24</FirstAired>
  <Genre>|Science-Fiction|</Genre>
  <IMDB_ID>tt1462059</IMDB_ID>
  <Language>en</Language>
  <Network>TNT</Network>
  <NetworkID></NetworkID>
  <Overview>The series tells the story of the aftermath of a global invasion by several races of extraterrestrials that neutralizes the world's power grid and technology, quickly destroys the combined militaries of all the world's countries, and apparently kills over 90% of the human population within a few days.</Overview>
  <Rating>7.9</Rating>
  <RatingCount>120</RatingCount>
  <Runtime>60</Runtime>
  <SeriesID>79488</SeriesID>
  <SeriesName>Falling Skies</SeriesName>
  <Status>Continuing</Status>
  <added>2010-11-14 01:54:34</added>
  <addedBy>129161</addedBy>
  <banner>graphical/205281-g10.jpg</banner>
  <fanart>fanart/original/205281-19.jpg</fanart>
  <lastupdated>1365348279</lastupdated>
  <poster>posters/205281-8.jpg</poster>
  <zap2it_id>EP01400193</zap2it_id>
</Series>
<Episode>
  <id>4150443</id>
  <Combined_episodenumber>1</Combined_episodenumber>
  <Combined_season>0</Combined_season>
  <DVD_chapter></DVD_chapter>
  <DVD_discid></DVD_discid>
  <DVD_episodenumber></DVD_episodenumber>
  <DVD_season></DVD_season>
  <Director></Director>
  <EpImgFlag></EpImgFlag>
  <EpisodeName>Sneak Peak</EpisodeName>
  <EpisodeNumber>1</EpisodeNumber>
  <FirstAired></FirstAired>
  <GuestStars></GuestStars>
  <IMDB_ID></IMDB_ID>
  <Language>en</Language>
  <Overview>A five-minute preview of TNT's 'Falling Skies' alien invasion television series has made its way online. </Overview>
  <ProductionCode></ProductionCode>
  <Rating>7.0</Rating>
  <RatingCount>1</RatingCount>
  <SeasonNumber>0</SeasonNumber>
  <Writer></Writer>
  <absolute_number></absolute_number>
  <airsafter_season></airsafter_season>
  <airsbefore_episode></airsbefore_episode>
  <airsbefore_season></airsbefore_season>
  <filename></filename>
  <lastupdated>1313149482</lastupdated>
  <seasonid>354731</seasonid>
  <seriesid>205281</seriesid>
</Episode>
<Episode>
  <id>4533095</id>
  <Combined_episodenumber>2</Combined_episodenumber>
  <Combined_season>0</Combined_season>
  <DVD_chapter></DVD_chapter>
  <DVD_discid></DVD_discid>
  <DVD_episodenumber></DVD_episodenumber>
  <DVD_season></DVD_season>
  <Director></Director>
  <EpImgFlag></EpImgFlag>
  <EpisodeName>Unaswered Questions Is it Coming (season 3)</EpisodeName>
  <EpisodeNumber>2</EpisodeNumber>
  <FirstAired></FirstAired>
  <GuestStars></GuestStars>
  <IMDB_ID></IMDB_ID>
  <Language>en</Language>
  <Overview></Overview>
  <ProductionCode></ProductionCode>
  <Rating></Rating>
  <RatingCount>0</RatingCount>
  <SeasonNumber>0</SeasonNumber>
  <Writer></Writer>
  <absolute_number></absolute_number>
  <airsafter_season></airsafter_season>
  <airsbefore_episode></airsbefore_episode>
  <airsbefore_season></airsbefore_season>
  <filename></filename>
  <lastupdated>1364314425</lastupdated>
  <seasonid>354731</seasonid>
  <seriesid>205281</seriesid>
</Episode>
<Episode>
  <id>3367241</id>
  <Combined_episodenumber>1.0</Combined_episodenumber>
  <Combined_season>1</Combined_season>
  <DVD_chapter></DVD_chapter>
  <DVD_discid></DVD_discid>
  <DVD_episodenumber>1.0</DVD_episodenumber>
  <DVD_season>1</DVD_season>
  <Director>Carl Franklin</Director>
  <EpImgFlag>2</EpImgFlag>
  <EpisodeName>Live and Learn</EpisodeName>
  <EpisodeNumber>1</EpisodeNumber>
  <FirstAired>2011-06-19</FirstAired>
  <GuestStars></GuestStars>
  <IMDB_ID>tt1732858</IMDB_ID>
  <Language>en</Language>
  <Overview>The world is left in tatters after a sudden, unprovoked and unexplained invasion by aliens, leaving the planet’s remaining human population to fight for survival against the occupiers. History professor Tom Mason has been named second in command for the 2nd Mass, but his real focus is on his three sons, one of whom has been captured by the aliens for an unknown purpose.</Overview>
  <ProductionCode></ProductionCode>
  <Rating>7.2</Rating>
  <RatingCount>259</RatingCount>
  <SeasonNumber>1</SeasonNumber>
  <Writer>Robert Rodat</Writer>
  <absolute_number></absolute_number>
  <filename>episodes/205281/3367241.jpg</filename>
  <lastupdated>1356025442</lastupdated>
  <seasonid>381441</seasonid>
  <seriesid>205281</seriesid>
</Episode>
<Episode>
  <id>4113661</id>
  <Combined_episodenumber>2.0</Combined_episodenumber>
  <Combined_season>1</Combined_season>
  <DVD_chapter></DVD_chapter>
  <DVD_discid></DVD_discid>
  <DVD_episodenumber>2.0</DVD_episodenumber>
  <DVD_season>1</DVD_season>
  <Director>Greg Beeman</Director>
  <EpImgFlag>2</EpImgFlag>
  <EpisodeName>The Armory</EpisodeName>
  <EpisodeNumber>2</EpisodeNumber>
  <FirstAired>2011-06-19</FirstAired>
  <GuestStars></GuestStars>
  <IMDB_ID>tt1736395</IMDB_ID>
  <Language>en</Language>
  <Overview>While scouting for supplies, Tom, Hal and their squad encounter a gang of marauders determined to get their hands on the 2nd Massachusetts’ weapons. Leading the gang is an ex-con named John Pope, who decides to use his hostages as bargaining material.</Overview>
  <ProductionCode></ProductionCode>
  <Rating>7.1</Rating>
  <RatingCount>108</RatingCount>
  <SeasonNumber>1</SeasonNumber>
  <Writer>Graham Yost</Writer>
  <absolute_number></absolute_number>
  <filename>episodes/205281/4113661.jpg</filename>
  <lastupdated>1356025510</lastupdated>
  <seasonid>381441</seasonid>
  <seriesid>205281</seriesid>
</Episode>
<Episode>
  <id>4113662</id>
  <Combined_episodenumber>3.0</Combined_episodenumber>
  <Combined_season>1</Combined_season>
  <DVD_chapter></DVD_chapter>
  <DVD_discid></DVD_discid>
  <DVD_episodenumber>3.0</DVD_episodenumber>
  <DVD_season>1</DVD_season>
  <Director>Greg Beeman</Director>
  <EpImgFlag>2</EpImgFlag>
  <EpisodeName>Prisoner of War</EpisodeName>
  <EpisodeNumber>3</EpisodeNumber>
  <FirstAired>2011-06-26</FirstAired>
  <GuestStars>Steven Weber</GuestStars>
  <IMDB_ID>tt1736396</IMDB_ID>
  <Language>en</Language>
  <Overview>Dr. Michael Harris joins the 2nd Mass with a theory about what might save the teenagers abducted by the aliens. But the plan could be derailed when Tom starts digging for answers to questions that have haunted him since the early days of the invasion. The 2nd Mass comes face to face with skitters and mechs when they attempt to rescue Ben.</Overview>
  <ProductionCode></ProductionCode>
  <Rating>7.3</Rating>
  <RatingCount>231</RatingCount>
  <SeasonNumber>1</SeasonNumber>
  <Writer>Fred Golan</Writer>
  <absolute_number></absolute_number>
  <filename>episodes/205281/4113662.jpg</filename>
  <lastupdated>1356025546</lastupdated>
  <seasonid>381441</seasonid>
  <seriesid>205281</seriesid>
</Episode>
<Episode>
  <id>4113663</id>
  <Combined_episodenumber>4.0</Combined_episodenumber>
  <Combined_season>1</Combined_season>
  <DVD_chapter></DVD_chapter>
  <DVD_discid></DVD_discid>
  <DVD_episodenumber>4.0</DVD_episodenumber>
  <DVD_season>1</DVD_season>
  <Director>Fred Toye</Director>
  <EpImgFlag>2</EpImgFlag>
  <EpisodeName>Grace</EpisodeName>
  <EpisodeNumber>4</EpisodeNumber>
  <FirstAired>2011-07-03</FirstAired>
  <GuestStars>Steven Weber</GuestStars>
  <IMDB_ID>tt1736801</IMDB_ID>
  <Language>en</Language>
  <Overview>Tom and his team head out to track down more motorcycles for the 2nd Mass., relying on Pope to guide them to a good location. They hit the jackpot until they meet some skitters and harnessed teenagers at the bike shop. Back at the base, Dr. Harris and Anne disagree over the best method to gather more intelligence on the aliens.</Overview>
  <ProductionCode></ProductionCode>
  <Rating>7.3</Rating>
  <RatingCount>217</RatingCount>
  <SeasonNumber>1</SeasonNumber>
  <Writer>Melinda Hsu Taylor</Writer>
  <absolute_number></absolute_number>
  <filename>episodes/205281/4113663.jpg</filename>
  <lastupdated>1356025572</lastupdated>
  <seasonid>381441</seasonid>
  <seriesid>205281</seriesid>
</Episode>
<Episode>
  <id>4113664</id>
  <Combined_episodenumber>5.0</Combined_episodenumber>
  <Combined_season>1</Combined_season>
  <DVD_chapter></DVD_chapter>
  <DVD_discid></DVD_discid>
  <DVD_episodenumber>5.0</DVD_episodenumber>
  <DVD_season>1</DVD_season>
  <Director>Fred Toye</Director>
  <EpImgFlag>2</EpImgFlag>
  <EpisodeName>Silent Kill</EpisodeName>
  <EpisodeNumber>5</EpisodeNumber>
  <FirstAired>2011-07-10</FirstAired>
  <GuestStars></GuestStars>
  <IMDB_ID>tt1736802</IMDB_ID>
  <Language>en</Language>
  <Overview>Hal comes up with a risky new plan to rescue captured teenagers from the aliens, but it might require putting someone at risk. Meanwhile, a sudden tragedy causes Anne to make an enormous discovery that proves instrumental to Hal’s risky plan.</Overview>
  <ProductionCode></ProductionCode>
  <Rating>7.3</Rating>
  <RatingCount>215</RatingCount>
  <SeasonNumber>1</SeasonNumber>
  <Writer>Joe Weisberg</Writer>
  <absolute_number></absolute_number>
  <filename>episodes/205281/4113664.jpg</filename>
  <lastupdated>1356025626</lastupdated>
  <seasonid>381441</seasonid>
  <seriesid>205281</seriesid>
</Episode>
<Episode>
  <id>4113665</id>
  <Combined_episodenumber>6.0</Combined_episodenumber>
  <Combined_season>1</Combined_season>
  <DVD_chapter></DVD_chapter>
  <DVD_discid></DVD_discid>
  <DVD_episodenumber>6.0</DVD_episodenumber>
  <DVD_season>1</DVD_season>
  <Director>Sergio Mimica-Gezzan</Director>
  <EpImgFlag>2</EpImgFlag>
  <EpisodeName>Sanctuary (1)</EpisodeName>
  <EpisodeNumber>6</EpisodeNumber>
  <FirstAired>2011-07-17</FirstAired>
  <GuestStars>Henry Czerny</GuestStars>
  <IMDB_ID>ttl1736803</IMDB_ID>
  <Language>en</Language>
  <Overview>Lt. Terry Clayton of the 7th Mass arrives with word that the aliens are on their way to attack the 2nd Mass. Clayton’s plan to lead the children to a safe haven while the adults remain behind to fight is met with some resistance from the parents, including Tom.</Overview>
  <ProductionCode></ProductionCode>
  <Rating>7.4</Rating>
  <RatingCount>210</RatingCount>
  <SeasonNumber>1</SeasonNumber>
  <Writer>Joel Thompson</Writer>
  <absolute_number></absolute_number>
  <filename>episodes/205281/4113665.jpg</filename>
  <lastupdated>1356025680</lastupdated>
  <seasonid>381441</seasonid>
  <seriesid>205281</seriesid>
</Episode>
<Episode>
  <id>4113666</id>
  <Combined_episodenumber>7.0</Combined_episodenumber>
  <Combined_season>1</Combined_season>
  <DVD_chapter></DVD_chapter>
  <DVD_discid></DVD_discid>
  <DVD_episodenumber>7.0</DVD_episodenumber>
  <DVD_season>1</DVD_season>
  <Director>Sergio Mimica-Gezzan</Director>
  <EpImgFlag>2</EpImgFlag>
  <EpisodeName>Sanctuary (2)</EpisodeName>
  <EpisodeNumber>7</EpisodeNumber>
  <FirstAired>2011-07-24</FirstAired>
  <GuestStars>Henry Czerny</GuestStars>
  <IMDB_ID>ttl1736804</IMDB_ID>
  <Language>en</Language>
  <Overview>Hal takes the lead fighting an unexpected threat against the children of the 2nd Mass. Anne has her hands full when Sarah goes into labor while the 2nd Mass base is being evacuated.</Overview>
  <ProductionCode></ProductionCode>
  <Rating>7.5</Rating>
  <RatingCount>198</RatingCount>
  <SeasonNumber>1</SeasonNumber>
  <Writer>Melinda Hsu Taylor</Writer>
  <absolute_number></absolute_number>
  <filename>episodes/205281/4113666.jpg</filename>
  <lastupdated>1356025708</lastupdated>
  <seasonid>381441</seasonid>
  <seriesid>205281</seriesid>
</Episode>
<Episode>
  <id>4113667</id>
  <Combined_episodenumber>8.0</Combined_episodenumber>
  <Combined_season>1</Combined_season>
  <DVD_chapter></DVD_chapter>
  <DVD_discid></DVD_discid>
  <DVD_episodenumber>8.0</DVD_episodenumber>
  <DVD_season>1</DVD_season>
  <Director>Anthony Hemingway</Director>
  <EpImgFlag>2</EpImgFlag>
  <EpisodeName>What Hides Beneath</EpisodeName>
  <EpisodeNumber>8</EpisodeNumber>
  <FirstAired>2011-07-31</FirstAired>
  <GuestStars>Blair Brown</GuestStars>
  <IMDB_ID>ttl1736805</IMDB_ID>
  <Language>en</Language>
  <Overview>The 2nd Mass prepares to take the fight to the invaders with an assault on one of their bases. But Weaver’s increasingly strange behavior worries Tom that he might not be fit to command. Hal and Tom encounter a left-behind woman who employed a suspicious means of surviving the invasion, making it unclear whether they can trust her.</Overview>
  <ProductionCode></ProductionCode>
  <Rating>7.7</Rating>
  <RatingCount>209</RatingCount>
  <SeasonNumber>1</SeasonNumber>
  <Writer>Mark Verheiden</Writer>
  <absolute_number></absolute_number>
  <filename>episodes/205281/4113667.jpg</filename>
  <lastupdated>1356025939</lastupdated>
  <seasonid>381441</seasonid>
  <seriesid>205281</seriesid>
</Episode>
<Episode>
  <id>4113668</id>
  <Combined_episodenumber>9.0</Combined_episodenumber>
  <Combined_season>1</Combined_season>
  <DVD_chapter></DVD_chapter>
  <DVD_discid></DVD_discid>
  <DVD_episodenumber>9.0</DVD_episodenumber>
  <DVD_season>1</DVD_season>
  <Director>Holly Dale</Director>
  <EpImgFlag>2</EpImgFlag>
  <EpisodeName>Mutiny</EpisodeName>
  <EpisodeNumber>9</EpisodeNumber>
  <FirstAired>2011-08-07</FirstAired>
  <GuestStars></GuestStars>
  <IMDB_ID>ttl1784901</IMDB_ID>
  <Language>en</Language>
  <Overview>As the 2nd Mass. prepares for a major assault, divisions within the ranks threaten to tear the group apart. Tom has difficulty processing the profound implications of Anne’s latest discovery.</Overview>
  <ProductionCode></ProductionCode>
  <Rating>7.5</Rating>
  <RatingCount>200</RatingCount>
  <SeasonNumber>1</SeasonNumber>
  <Writer>Joe Weisberg</Writer>
  <absolute_number></absolute_number>
  <filename>episodes/205281/4113668.jpg</filename>
  <lastupdated>1356025872</lastupdated>
  <seasonid>381441</seasonid>
  <seriesid>205281</seriesid>
</Episode>
<Episode>
  <id>4113669</id>
  <Combined_episodenumber>10.0</Combined_episodenumber>
  <Combined_season>1</Combined_season>
  <DVD_chapter></DVD_chapter>
  <DVD_discid></DVD_discid>
  <DVD_episodenumber>10.0</DVD_episodenumber>
  <DVD_season>1</DVD_season>
  <Director>Greg Beeman</Director>
  <EpImgFlag>2</EpImgFlag>
  <EpisodeName>Eight Hours</EpisodeName>
  <EpisodeNumber>10</EpisodeNumber>
  <FirstAired>2011-08-07</FirstAired>
  <GuestStars></GuestStars>
  <IMDB_ID>tt1952136</IMDB_ID>
  <Language>en</Language>
  <Overview>With Weaver leading several squads of fighters against the aliens, Tom remains behind to help protect the civilians as they evacuate. But a major breach in security endangers both the soldiers and the civilians. Tom is confronted with a decision that may lead him to discovering what the aliens want with the captured teenagers, humankind and the planet.</Overview>
  <ProductionCode></ProductionCode>
  <Rating>7.9</Rating>
  <RatingCount>189</RatingCount>
  <SeasonNumber>1</SeasonNumber>
  <Writer>Mark Verheiden</Writer>
  <absolute_number></absolute_number>
  <filename>episodes/205281/4113669.jpg</filename>
  <lastupdated>1356025844</lastupdated>
  <seasonid>381441</seasonid>
  <seriesid>205281</seriesid>
</Episode>
<Episode>
  <id>4270845</id>
  <Combined_episodenumber>1.0</Combined_episodenumber>
  <Combined_season>2</Combined_season>
  <DVD_chapter></DVD_chapter>
  <DVD_discid></DVD_discid>
  <DVD_episodenumber>1.0</DVD_episodenumber>
  <DVD_season>2</DVD_season>
  <Director>Greg Beeman</Director>
  <EpImgFlag>2</EpImgFlag>
  <EpisodeName>Worlds Apart</EpisodeName>
  <EpisodeNumber>1</EpisodeNumber>
  <FirstAired>2012-06-17</FirstAired>
  <GuestStars></GuestStars>
  <IMDB_ID></IMDB_ID>
  <Language>en</Language>
  <Overview>Weaver is still in command of the 2nd Mass, while Anne continues to serve as medic. They have seen many battles and are a much leaner unit now. Pope has taken command of the Berserkers, a renegade group within the 2nd Mass that Weaver doesn’t fully trust.</Overview>
  <ProductionCode></ProductionCode>
  <Rating>7.7</Rating>
  <RatingCount>162</RatingCount>
  <SeasonNumber>2</SeasonNumber>
  <Writer>Mark Verheiden</Writer>
  <absolute_number></absolute_number>
  <filename>episodes/205281/4270845.jpg</filename>
  <lastupdated>1358182986</lastupdated>
  <seasonid>477034</seasonid>
  <seriesid>205281</seriesid>
</Episode>
<Episode>
  <id>4310390</id>
  <Combined_episodenumber>2.0</Combined_episodenumber>
  <Combined_season>2</Combined_season>
  <DVD_chapter></DVD_chapter>
  <DVD_discid></DVD_discid>
  <DVD_episodenumber>2.0</DVD_episodenumber>
  <DVD_season>2</DVD_season>
  <Director>Greg Beeman</Director>
  <EpImgFlag>2</EpImgFlag>
  <EpisodeName>Shall We Gather at the River?</EpisodeName>
  <EpisodeNumber>2</EpisodeNumber>
  <FirstAired>2012-06-17</FirstAired>
  <GuestStars></GuestStars>
  <IMDB_ID></IMDB_ID>
  <Language>en</Language>
  <Overview>Tom is haunted by memories of his time with the aliens. Pope plants seeds of doubt about him among the group. Ben’s hatred for skitters grows. The 2nd Mass locate a bridge that will help them cross the river to safety ahead of an impending attack.</Overview>
  <ProductionCode></ProductionCode>
  <Rating>7.7</Rating>
  <RatingCount>140</RatingCount>
  <SeasonNumber>2</SeasonNumber>
  <Writer>Bradley Thompson|David Weddle</Writer>
  <absolute_number></absolute_number>
  <filename>episodes/205281/4310390.jpg</filename>
  <lastupdated>1358183002</lastupdated>
  <seasonid>477034</seasonid>
  <seriesid>205281</seriesid>
</Episode>
<Episode>
  <id>4310391</id>
  <Combined_episodenumber>3.0</Combined_episodenumber>
  <Combined_season>2</Combined_season>
  <DVD_chapter></DVD_chapter>
  <DVD_discid></DVD_discid>
  <DVD_episodenumber>3.0</DVD_episodenumber>
  <DVD_season>2</DVD_season>
  <Director>Michael Katleman</Director>
  <EpImgFlag>2</EpImgFlag>
  <EpisodeName>Compass</EpisodeName>
  <EpisodeNumber>3</EpisodeNumber>
  <FirstAired>2012-06-24</FirstAired>
  <GuestStars></GuestStars>
  <IMDB_ID></IMDB_ID>
  <Language>en</Language>
  <Overview>The 2nd Mass moves into an airport hanger. The Berserkers plan to get rid of Tom. While dealing with a loss of one of its own, the 2nd Mass receives a promise of hope from a mysterious visitor.</Overview>
  <ProductionCode></ProductionCode>
  <Rating>7.6</Rating>
  <RatingCount>147</RatingCount>
  <SeasonNumber>2</SeasonNumber>
  <Writer>Bryan Oh</Writer>
  <absolute_number></absolute_number>
  <filename>episodes/205281/4310391.jpg</filename>
  <lastupdated>1358183025</lastupdated>
  <seasonid>477034</seasonid>
  <seriesid>205281</seriesid>
</Episode>
<Episode>
  <id>4322589</id>
  <Combined_episodenumber>4.0</Combined_episodenumber>
  <Combined_season>2</Combined_season>
  <DVD_chapter></DVD_chapter>
  <DVD_discid></DVD_discid>
  <DVD_episodenumber>4.0</DVD_episodenumber>
  <DVD_season>2</DVD_season>
  <Director>Miguel Sapochnik</Director>
  <EpImgFlag>2</EpImgFlag>
  <EpisodeName>Young Bloods</EpisodeName>
  <EpisodeNumber>4</EpisodeNumber>
  <FirstAired>2012-07-01</FirstAired>
  <GuestStars></GuestStars>
  <IMDB_ID></IMDB_ID>
  <Language>en</Language>
  <Overview>While on patrol together, Ben and Hal try to help a young boy and wind up having their bikes stolen. The hunt to recover them leads them to the discovery of something much bigger. Also, Matt is put in danger, and Weaver is reunited with a family member.</Overview>
  <ProductionCode></ProductionCode>
  <Rating>7.5</Rating>
  <RatingCount>136</RatingCount>
  <SeasonNumber>2</SeasonNumber>
  <Writer>Heather V. Regnier</Writer>
  <absolute_number></absolute_number>
  <filename>episodes/205281/4322589.jpg</filename>
  <lastupdated>1358183058</lastupdated>
  <seasonid>477034</seasonid>
  <seriesid>205281</seriesid>
</Episode>
<Episode>
  <id>4322590</id>
  <Combined_episodenumber>5.0</Combined_episodenumber>
  <Combined_season>2</Combined_season>
  <DVD_chapter></DVD_chapter>
  <DVD_discid></DVD_discid>
  <DVD_episodenumber>5.0</DVD_episodenumber>
  <DVD_season>2</DVD_season>
  <Director>John Dahl</Director>
  <EpImgFlag>2</EpImgFlag>
  <EpisodeName>Love and Other Acts of Courage</EpisodeName>
  <EpisodeNumber>5</EpisodeNumber>
  <FirstAired>2012-07-08</FirstAired>
  <GuestStars>Joe Weisberg</GuestStars>
  <IMDB_ID></IMDB_ID>
  <Language>en</Language>
  <Overview>A familiar face returns to the 2nd Mass, but his intentions remain unknown. Meanwhile, a skitter is captured and brought back to the camp as a prisoner. And Hal bonds with Maggie as she begins to open up about her past.</Overview>
  <ProductionCode></ProductionCode>
  <Rating>7.7</Rating>
  <RatingCount>135</RatingCount>
  <SeasonNumber>2</SeasonNumber>
  <Writer>Joe Weisberg</Writer>
  <absolute_number></absolute_number>
  <filename>episodes/205281/4322590.jpg</filename>
  <lastupdated>1358183163</lastupdated>
  <seasonid>477034</seasonid>
  <seriesid>205281</seriesid>
</Episode>
<Episode>
  <id>4322591</id>
  <Combined_episodenumber>6.0</Combined_episodenumber>
  <Combined_season>2</Combined_season>
  <DVD_chapter></DVD_chapter>
  <DVD_discid></DVD_discid>
  <DVD_episodenumber>6.0</DVD_episodenumber>
  <DVD_season>2</DVD_season>
  <Director>Greg Beeman</Director>
  <EpImgFlag>2</EpImgFlag>
  <EpisodeName>Homecoming</EpisodeName>
  <EpisodeNumber>6</EpisodeNumber>
  <FirstAired>2012-07-15</FirstAired>
  <GuestStars></GuestStars>
  <IMDB_ID></IMDB_ID>
  <Language>en</Language>
  <Overview>Hal stumbles across bodies of de-harnessed kids and finds someone from his past. Tom and Anne grow closer. And Weaver’s health deteriorates just as Tom discovers he may have been keeping important matters from the group in order to protect them.</Overview>
  <ProductionCode></ProductionCode>
  <Rating>7.8</Rating>
  <RatingCount>140</RatingCount>
  <SeasonNumber>2</SeasonNumber>
  <Writer>Bryan Oh</Writer>
  <absolute_number></absolute_number>
  <filename>episodes/205281/4322591.jpg</filename>
  <lastupdated>1358183187</lastupdated>
  <seasonid>477034</seasonid>
  <seriesid>205281</seriesid>
</Episode>
<Episode>
  <id>4322592</id>
  <Combined_episodenumber>7.0</Combined_episodenumber>
  <Combined_season>2</Combined_season>
  <DVD_chapter></DVD_chapter>
  <DVD_discid></DVD_discid>
  <DVD_episodenumber>7.0</DVD_episodenumber>
  <DVD_season>2</DVD_season>
  <Director>Holly Dale</Director>
  <EpImgFlag>2</EpImgFlag>
  <EpisodeName>Molon Labe</EpisodeName>
  <EpisodeNumber>7</EpisodeNumber>
  <FirstAired>2012-07-22</FirstAired>
  <GuestStars></GuestStars>
  <IMDB_ID></IMDB_ID>
  <Language>en</Language>
  <Overview>Ben is endangered by someone who he thought he could trust. Tom captures another hostage. Weaver offers Matt a job to lift his spirits. The 2nd Mass are trapped in a basement and face a new enemy.</Overview>
  <ProductionCode></ProductionCode>
  <Rating>7.8</Rating>
  <RatingCount>128</RatingCount>
  <SeasonNumber>2</SeasonNumber>
  <Writer>Bradley Thompson|David Weddle</Writer>
  <absolute_number></absolute_number>
  <filename>episodes/205281/4322592.jpg</filename>
  <lastupdated>1358183231</lastupdated>
  <seasonid>477034</seasonid>
  <seriesid>205281</seriesid>
</Episode>
<Episode>
  <id>4322593</id>
  <Combined_episodenumber>8.0</Combined_episodenumber>
  <Combined_season>2</Combined_season>
  <DVD_chapter></DVD_chapter>
  <DVD_discid></DVD_discid>
  <DVD_episodenumber>8.0</DVD_episodenumber>
  <DVD_season>2</DVD_season>
  <Director>Seith Mann</Director>
  <EpImgFlag>2</EpImgFlag>
  <EpisodeName>Death March</EpisodeName>
  <EpisodeNumber>8</EpisodeNumber>
  <FirstAired>2012-08-05</FirstAired>
  <GuestStars></GuestStars>
  <IMDB_ID></IMDB_ID>
  <Language>en</Language>
  <Overview>The 2nd Mass pushes on to Charleston, but some are still grieving the group’s recent losses. Weaver learns more about Tector’s background before the invasion. And Matt begins to bond with a harnessed girl who was found recently.</Overview>
  <ProductionCode></ProductionCode>
  <Rating>7.6</Rating>
  <RatingCount>140</RatingCount>
  <SeasonNumber>2</SeasonNumber>
  <Writer>Heather V. Regnier</Writer>
  <absolute_number></absolute_number>
  <filename>episodes/205281/4322593.jpg</filename>
  <lastupdated>1358183246</lastupdated>
  <seasonid>477034</seasonid>
  <seriesid>205281</seriesid>
</Episode>
<Episode>
  <id>4322594</id>
  <Combined_episodenumber>9.0</Combined_episodenumber>
  <Combined_season>2</Combined_season>
  <DVD_chapter></DVD_chapter>
  <DVD_discid></DVD_discid>
  <DVD_episodenumber>9.0</DVD_episodenumber>
  <DVD_season>2</DVD_season>
  <Director>Adam Kane</Director>
  <EpImgFlag>2</EpImgFlag>
  <EpisodeName>The Price of Greatness</EpisodeName>
  <EpisodeNumber>9</EpisodeNumber>
  <FirstAired>2012-08-12</FirstAired>
  <GuestStars>Terry O'Quinn|Ty Olsson|Matt Frewer</GuestStars>
  <IMDB_ID></IMDB_ID>
  <Language>en</Language>
  <Overview>The 2nd Mass meets new faces, while Tom comes across his former mentor, but it’s difficult to know whom to trust. Maggie realizes that Pope may not be sticking with the group very long. Tector embraces his military past.</Overview>
  <ProductionCode></ProductionCode>
  <Rating>7.8</Rating>
  <RatingCount>132</RatingCount>
  <SeasonNumber>2</SeasonNumber>
  <Writer>Mark Verheiden</Writer>
  <absolute_number></absolute_number>
  <filename>episodes/205281/4322594.jpg</filename>
  <lastupdated>1358183265</lastupdated>
  <seasonid>477034</seasonid>
  <seriesid>205281</seriesid>
</Episode>
<Episode>
  <id>4322595</id>
  <Combined_episodenumber>10.0</Combined_episodenumber>
  <Combined_season>2</Combined_season>
  <DVD_chapter></DVD_chapter>
  <DVD_discid></DVD_discid>
  <DVD_episodenumber>10.0</DVD_episodenumber>
  <DVD_season>2</DVD_season>
  <Director>Greg Beeman</Director>
  <EpImgFlag>2</EpImgFlag>
  <EpisodeName>A More Perfect Union</EpisodeName>
  <EpisodeNumber>10</EpisodeNumber>
  <FirstAired>2012-08-19</FirstAired>
  <GuestStars>Terry O'Quinn|Matt Frewer</GuestStars>
  <IMDB_ID></IMDB_ID>
  <Language>en</Language>
  <Overview>When skitters approach the newly combined resistance force, the groups’ interaction surprises everyone. Meanwhile, Tom finds out life-changing news just as the 2nd Mass comes face-to-face with their most dangerous threat to date.</Overview>
  <ProductionCode></ProductionCode>
  <Rating>8.0</Rating>
  <RatingCount>127</RatingCount>
  <SeasonNumber>2</SeasonNumber>
  <Writer>Remi Aubuchon|Bradley Thompson|David Weddle</Writer>
  <absolute_number></absolute_number>
  <filename>episodes/205281/4322595.jpg</filename>
  <lastupdated>1358183278</lastupdated>
  <seasonid>477034</seasonid>
  <seriesid>205281</seriesid>
</Episode>
<Episode>
  <id>4361693</id>
  <Combined_episodenumber>1</Combined_episodenumber>
  <Combined_season>3</Combined_season>
  <DVD_chapter></DVD_chapter>
  <DVD_discid></DVD_discid>
  <DVD_episodenumber></DVD_episodenumber>
  <DVD_season></DVD_season>
  <Director></Director>
  <EpImgFlag></EpImgFlag>
  <EpisodeName>TBC - On Thin Ice</EpisodeName>
  <EpisodeNumber>1</EpisodeNumber>
  <FirstAired>2013-06-09</FirstAired>
  <GuestStars></GuestStars>
  <IMDB_ID></IMDB_ID>
  <Language>en</Language>
  <Overview>Season Premiere</Overview>
  <ProductionCode></ProductionCode>
  <Rating></Rating>
  <RatingCount>0</RatingCount>
  <SeasonNumber>3</SeasonNumber>
  <Writer>Remi Aubuchon</Writer>
  <absolute_number></absolute_number>
  <filename></filename>
  <lastupdated>1363947733</lastupdated>
  <seasonid>496661</seasonid>
  <seriesid>205281</seriesid>
</Episode>
<Episode>
  <id>4363710</id>
  <Combined_episodenumber>2</Combined_episodenumber>
  <Combined_season>3</Combined_season>
  <DVD_chapter></DVD_chapter>
  <DVD_discid></DVD_discid>
  <DVD_episodenumber></DVD_episodenumber>
  <DVD_season></DVD_season>
  <Director></Director>
  <EpImgFlag></EpImgFlag>
  <EpisodeName></EpisodeName>
  <EpisodeNumber>2</EpisodeNumber>
  <FirstAired></FirstAired>
  <GuestStars></GuestStars>
  <IMDB_ID></IMDB_ID>
  <Language>en</Language>
  <Overview></Overview>
  <ProductionCode></ProductionCode>
  <Rating></Rating>
  <RatingCount>0</RatingCount>
  <SeasonNumber>3</SeasonNumber>
  <Writer></Writer>
  <absolute_number></absolute_number>
  <filename></filename>
  <lastupdated>1363926739</lastupdated>
  <seasonid>496661</seasonid>
  <seriesid>205281</seriesid>
</Episode>
<Episode>
  <id>4363711</id>
  <Combined_episodenumber>3</Combined_episodenumber>
  <Combined_season>3</Combined_season>
  <DVD_chapter></DVD_chapter>
  <DVD_discid></DVD_discid>
  <DVD_episodenumber></DVD_episodenumber>
  <DVD_season></DVD_season>
  <Director></Director>
  <EpImgFlag></EpImgFlag>
  <EpisodeName></EpisodeName>
  <EpisodeNumber>3</EpisodeNumber>
  <FirstAired></FirstAired>
  <GuestStars></GuestStars>
  <IMDB_ID></IMDB_ID>
  <Language>en</Language>
  <Overview></Overview>
  <ProductionCode></ProductionCode>
  <Rating></Rating>
  <RatingCount>0</RatingCount>
  <SeasonNumber>3</SeasonNumber>
  <Writer></Writer>
  <absolute_number></absolute_number>
  <filename></filename>
  <lastupdated>1363962056</lastupdated>
  <seasonid>496661</seasonid>
  <seriesid>205281</seriesid>
</Episode>
<Episode>
  <id>4363712</id>
  <Combined_episodenumber>4</Combined_episodenumber>
  <Combined_season>3</Combined_season>
  <DVD_chapter></DVD_chapter>
  <DVD_discid></DVD_discid>
  <DVD_episodenumber></DVD_episodenumber>
  <DVD_season></DVD_season>
  <Director></Director>
  <EpImgFlag></EpImgFlag>
  <EpisodeName></EpisodeName>
  <EpisodeNumber>4</EpisodeNumber>
  <FirstAired></FirstAired>
  <GuestStars></GuestStars>
  <IMDB_ID></IMDB_ID>
  <Language>en</Language>
  <Overview></Overview>
  <ProductionCode></ProductionCode>
  <Rating></Rating>
  <RatingCount>0</RatingCount>
  <SeasonNumber>3</SeasonNumber>
  <Writer></Writer>
  <absolute_number></absolute_number>
  <filename></filename>
  <lastupdated>1363962107</lastupdated>
  <seasonid>496661</seasonid>
  <seriesid>205281</seriesid>
</Episode>
<Episode>
  <id>4363713</id>
  <Combined_episodenumber>5</Combined_episodenumber>
  <Combined_season>3</Combined_season>
  <DVD_chapter></DVD_chapter>
  <DVD_discid></DVD_discid>
  <DVD_episodenumber></DVD_episodenumber>
  <DVD_season></DVD_season>
  <Director></Director>
  <EpImgFlag></EpImgFlag>
  <EpisodeName></EpisodeName>
  <EpisodeNumber>5</EpisodeNumber>
  <FirstAired></FirstAired>
  <GuestStars></GuestStars>
  <IMDB_ID></IMDB_ID>
  <Language>en</Language>
  <Overview></Overview>
  <ProductionCode></ProductionCode>
  <Rating></Rating>
  <RatingCount>0</RatingCount>
  <SeasonNumber>3</SeasonNumber>
  <Writer></Writer>
  <absolute_number></absolute_number>
  <filename></filename>
  <lastupdated>1363962065</lastupdated>
  <seasonid>496661</seasonid>
  <seriesid>205281</seriesid>
</Episode>
<Episode>
  <id>4363714</id>
  <Combined_episodenumber>6</Combined_episodenumber>
  <Combined_season>3</Combined_season>
  <DVD_chapter></DVD_chapter>
  <DVD_discid></DVD_discid>
  <DVD_episodenumber></DVD_episodenumber>
  <DVD_season></DVD_season>
  <Director></Director>
  <EpImgFlag></EpImgFlag>
  <EpisodeName></EpisodeName>
  <EpisodeNumber>6</EpisodeNumber>
  <FirstAired></FirstAired>
  <GuestStars></GuestStars>
  <IMDB_ID></IMDB_ID>
  <Language>en</Language>
  <Overview></Overview>
  <ProductionCode></ProductionCode>
  <Rating></Rating>
  <RatingCount>0</RatingCount>
  <SeasonNumber>3</SeasonNumber>
  <Writer></Writer>
  <absolute_number></absolute_number>
  <filename></filename>
  <lastupdated>1363962072</lastupdated>
  <seasonid>496661</seasonid>
  <seriesid>205281</seriesid>
</Episode>
<Episode>
  <id>4363715</id>
  <Combined_episodenumber>7</Combined_episodenumber>
  <Combined_season>3</Combined_season>
  <DVD_chapter></DVD_chapter>
  <DVD_discid></DVD_discid>
  <DVD_episodenumber></DVD_episodenumber>
  <DVD_season></DVD_season>
  <Director></Director>
  <EpImgFlag></EpImgFlag>
  <EpisodeName></EpisodeName>
  <EpisodeNumber>7</EpisodeNumber>
  <FirstAired></FirstAired>
  <GuestStars></GuestStars>
  <IMDB_ID></IMDB_ID>
  <Language>en</Language>
  <Overview></Overview>
  <ProductionCode></ProductionCode>
  <Rating></Rating>
  <RatingCount>0</RatingCount>
  <SeasonNumber>3</SeasonNumber>
  <Writer></Writer>
  <absolute_number></absolute_number>
  <filename></filename>
  <lastupdated>1363962077</lastupdated>
  <seasonid>496661</seasonid>
  <seriesid>205281</seriesid>
</Episode>
<Episode>
  <id>4363716</id>
  <Combined_episodenumber>8</Combined_episodenumber>
  <Combined_season>3</Combined_season>
  <DVD_chapter></DVD_chapter>
  <DVD_discid></DVD_discid>
  <DVD_episodenumber></DVD_episodenumber>
  <DVD_season></DVD_season>
  <Director></Director>
  <EpImgFlag></EpImgFlag>
  <EpisodeName></EpisodeName>
  <EpisodeNumber>8</EpisodeNumber>
  <FirstAired></FirstAired>
  <GuestStars></GuestStars>
  <IMDB_ID></IMDB_ID>
  <Language>en</Language>
  <Overview></Overview>
  <ProductionCode></ProductionCode>
  <Rating></Rating>
  <RatingCount>0</RatingCount>
  <SeasonNumber>3</SeasonNumber>
  <Writer></Writer>
  <absolute_number></absolute_number>
  <filename></filename>
  <lastupdated>1363962082</lastupdated>
  <seasonid>496661</seasonid>
  <seriesid>205281</seriesid>
</Episode>
<Episode>
  <id>4363717</id>
  <Combined_episodenumber>9</Combined_episodenumber>
  <Combined_season>3</Combined_season>
  <DVD_chapter></DVD_chapter>
  <DVD_discid></DVD_discid>
  <DVD_episodenumber></DVD_episodenumber>
  <DVD_season></DVD_season>
  <Director></Director>
  <EpImgFlag></EpImgFlag>
  <EpisodeName></EpisodeName>
  <EpisodeNumber>9</EpisodeNumber>
  <FirstAired></FirstAired>
  <GuestStars></GuestStars>
  <IMDB_ID></IMDB_ID>
  <Language>en</Language>
  <Overview></Overview>
  <ProductionCode></ProductionCode>
  <Rating></Rating>
  <RatingCount>0</RatingCount>
  <SeasonNumber>3</SeasonNumber>
  <Writer></Writer>
  <absolute_number></absolute_number>
  <filename></filename>
  <lastupdated>1363962091</lastupdated>
  <seasonid>496661</seasonid>
  <seriesid>205281</seriesid>
</Episode>
<Episode>
  <id>4363718</id>
  <Combined_episodenumber>10</Combined_episodenumber>
  <Combined_season>3</Combined_season>
  <DVD_chapter></DVD_chapter>
  <DVD_discid></DVD_discid>
  <DVD_episodenumber></DVD_episodenumber>
  <DVD_season></DVD_season>
  <Director></Director>
  <EpImgFlag></EpImgFlag>
  <EpisodeName></EpisodeName>
  <EpisodeNumber>10</EpisodeNumber>
  <FirstAired></FirstAired>
  <GuestStars></GuestStars>
  <IMDB_ID></IMDB_ID>
  <Language>en</Language>
  <Overview>Season Finale</Overview>
  <ProductionCode></ProductionCode>
  <Rating></Rating>
  <RatingCount>0</RatingCount>
  <SeasonNumber>3</SeasonNumber>
  <Writer></Writer>
  <absolute_number></absolute_number>
  <filename></filename>
  <lastupdated>1363962096</lastupdated>
  <seasonid>496661</seasonid>
  <seriesid>205281</seriesid>
</Episode>
</Data>