<?xml version="1.0" encoding="UTF-8" ?>
<Actors>
<Actor>
  <id>25666</id>
  <Image>actors/25666.jpg</Image>
  <Name>Kevin McKidd</Name>
  <Role>Lucius Vorenus</Role>
  <SortOrder>0</SortOrder>
</Actor>
<Actor>
  <id>25671</id>
  <Image>actors/25671.jpg</Image>
  <Name>Ray Stevenson</Name>
  <Role>Titus Pullo</Role>
  <SortOrder>1</SortOrder>
</Actor>
<Actor>
  <id>25663</id>
  <Image>actors/25663.jpg</Image>
  <Name>Ciarán Hinds</Name>
  <Role>Julius Caesar</Role>
  <SortOrder>2</SortOrder>
</Actor>
<Actor>
  <id>78160</id>
  <Image>actors/78160.jpg</Image>
  <Name>Nicholas Woodeson</Name>
  <Role>Posca</Role>
  <SortOrder>3</SortOrder>
</Actor>
<Actor>
  <id>78159</id>
  <Image>actors/78159.jpg</Image>
  <Name>Alex Wyndham</Name>
  <Role>Gaius Maecenas</Role>
  <SortOrder>3</SortOrder>
</Actor>
<Actor>
  <id>78158</id>
  <Image>actors/78158.jpg</Image>
  <Name>Allen Leech</Name>
  <Role>Marcus Agrippa</Role>
  <SortOrder>3</SortOrder>
</Actor>
<Actor>
  <id>78157</id>
  <Image>actors/78157.jpg</Image>
  <Name>Chiara Mastalli</Name>
  <Role>Eirene</Role>
  <SortOrder>3</SortOrder>
</Actor>
<Actor>
  <id>78156</id>
  <Image>actors/78156.jpg</Image>
  <Name>Max Baldry</Name>
  <Role>Caesarion (Older)</Role>
  <SortOrder>3</SortOrder>
</Actor>
<Actor>
  <id>78155</id>
  <Image>actors/78155.jpg</Image>
  <Name>Zuleikha Robinson</Name>
  <Role>Gaia</Role>
  <SortOrder>3</SortOrder>
</Actor>
<Actor>
  <id>78154</id>
  <Image>actors/78154.jpg</Image>
  <Name>Simon Woods</Name>
  <Role>Gaius Octavian (Older)</Role>
  <SortOrder>3</SortOrder>
</Actor>
<Actor>
  <id>78153</id>
  <Image>actors/78153.jpg</Image>
  <Name>Lyndsey Marshal</Name>
  <Role>Cleopatra</Role>
  <SortOrder>3</SortOrder>
</Actor>
<Actor>
  <id>78151</id>
  <Image>actors/78151.jpg</Image>
  <Name>Lee Boardman</Name>
  <Role>Timon</Role>
  <SortOrder>3</SortOrder>
</Actor>
<Actor>
  <id>78148</id>
  <Image>actors/78148.jpg</Image>
  <Name>Max Pirkis</Name>
  <Role>Gaius Octavian (Younger)</Role>
  <SortOrder>3</SortOrder>
</Actor>
<Actor>
  <id>78147</id>
  <Image>actors/78147.jpg</Image>
  <Name>Tobias Menzies</Name>
  <Role>Marcus Junius Brutus</Role>
  <SortOrder>3</SortOrder>
</Actor>
<Actor>
  <id>78146</id>
  <Image>actors/78146.jpg</Image>
  <Name>Kenneth Cranham</Name>
  <Role>Pompey Magnus</Role>
  <SortOrder>3</SortOrder>
</Actor>
<Actor>
  <id>78145</id>
  <Image>actors/78145.jpg</Image>
  <Name>David Bamber</Name>
  <Role>Marcus Tullius Cicero</Role>
  <SortOrder>3</SortOrder>
</Actor>
<Actor>
  <id>25670</id>
  <Image>actors/25670.jpg</Image>
  <Name>Lindsay Duncan</Name>
  <Role>Servilia of the Junii</Role>
  <SortOrder>3</SortOrder>
</Actor>
<Actor>
  <id>25669</id>
  <Image>actors/25669.jpg</Image>
  <Name>Polly Walker</Name>
  <Role>Atia of the Julii</Role>
  <SortOrder>3</SortOrder>
</Actor>
<Actor>
  <id>25668</id>
  <Image>actors/25668.jpg</Image>
  <Name>James Purefoy</Name>
  <Role>Marc Antony</Role>
  <SortOrder>3</SortOrder>
</Actor>
<Actor>
  <id>25667</id>
  <Image>actors/25667.jpg</Image>
  <Name>Kerry Condon</Name>
  <Role>Octavia of the Julii</Role>
  <SortOrder>3</SortOrder>
</Actor>
<Actor>
  <id>25665</id>
  <Image>actors/25665.jpg</Image>
  <Name>Indira Varma</Name>
  <Role>Niobe</Role>
  <SortOrder>3</SortOrder>
</Actor>
<Actor>
  <id>78150</id>
  <Image></Image>
  <Name>Karl Johnson</Name>
  <Role>Porcius Cato</Role>
  <SortOrder>3</SortOrder>
</Actor>
<Actor>
  <id>78149</id>
  <Image></Image>
  <Name>Rick Warden</Name>
  <Role>Quintus Pompey</Role>
  <SortOrder>3</SortOrder>
</Actor>
</Actors>