<?xml version="1.0" encoding="UTF-8" ?>
<Data><Series>
  <id>73508</id>
  <Actors>|Kevin McKidd|Ray Stevenson|Ciarán Hinds|Nicholas Woodeson|Alex Wyndham|Allen Leech|Chiara Mastalli|Max Baldry|Zuleikha Robinson|Simon Woods|Lyndsey Marshal|Lee Boardman|Max Pirkis|Tobias Menzies|Kenneth Cranham|David Bamber|Lindsay Duncan|Polly Walker|James Purefoy|Kerry Condon|Indira Varma|Karl Johnson|Rick Warden|</Actors>
  <Airs_DayOfWeek>Sunday</Airs_DayOfWeek>
  <Airs_Time>09:00 PM</Airs_Time>
  <ContentRating>TV-MA</ContentRating>
  <FirstAired>2005-08-28</FirstAired>
  <Genre>|Action|Adventure|Drama|</Genre>
  <IMDB_ID>tt0384766</IMDB_ID>
  <Language>en</Language>
  <Network>HBO</Network>
  <NetworkID></NetworkID>
  <Overview>&quot;Rome&quot; is the saga of two ordinary Roman soldiers and their families. An intimate drama of love and betrayal, masters and slaves, and husbands and wives, it chronicles epic times that saw the fall of a republic and the creation of an empire. The series begins in 52 BC, as Gaius Julius Caesar has completed his masterful conquest of Gaul after eight years of war, and is preparing to return to Rome. He heads home with thousands of loyal battle-hardened men, huge amounts of loot in gold and slaves, and a populist agenda for radical social change. Terrified, the aristocracy threatens to prosecute Caesar for war crimes as soon as he sets foot in Rome. Caesar's old friend and mentor, Pompey Magnus, attempts to foment mutiny in order to maintain the balance of power. Two of Caesar's soldiers, Lucius Vorenus and Titus Pullo, thwart Pompey's plan and in the process, win the eternal gratitude of Caesar and the Julian clan, affording the two plebian officers an intimate view of the ruling class. The fates of Pullo and Vorenus become entwined with those of Caesar, Mark Antony, Cleopatra and the boy Octavian, a strange and awkward child who, by political guile and bloody force, will become the first emperor of Rome.</Overview>
  <Rating>9.0</Rating>
  <RatingCount>116</RatingCount>
  <Runtime>60</Runtime>
  <SeriesID>23351</SeriesID>
  <SeriesName>Rome</SeriesName>
  <Status>Ended</Status>
  <added></added>
  <addedBy></addedBy>
  <banner>graphical/73508-g.jpg</banner>
  <fanart>fanart/original/73508-10.jpg</fanart>
  <lastupdated>1364685671</lastupdated>
  <poster>posters/73508-1.jpg</poster>
  <zap2it_id>SH762203</zap2it_id>
</Series>
<Episode>
  <id>302622</id>
  <Combined_episodenumber>1</Combined_episodenumber>
  <Combined_season>0</Combined_season>
  <DVD_chapter></DVD_chapter>
  <DVD_discid></DVD_discid>
  <DVD_episodenumber></DVD_episodenumber>
  <DVD_season></DVD_season>
  <Director></Director>
  <EpImgFlag>3</EpImgFlag>
  <EpisodeName>Making Rome (Special Promo Show)</EpisodeName>
  <EpisodeNumber>1</EpisodeNumber>
  <FirstAired>2005-08-11</FirstAired>
  <GuestStars>|Indira Varma| Arthur Wicks| Kevin McKidd| Ciaran Hinds| Ray Stevenson| Bruno Heller| Marco Valerio Pugini| Mikael Salomon| Jonathan  Stamp| Kenneth Cranham| Joseph Bennett| Alan Poul| April Ferry| Alan Taylor| Jim Dyer| Julian Farino| Allen Coulter| Bill</GuestStars>
  <IMDB_ID></IMDB_ID>
  <Language>en</Language>
  <Overview>This special promo includes clips, interviews and behind-the-scenes footage that provide an insider's view of the process of making the series.</Overview>
  <ProductionCode></ProductionCode>
  <Rating></Rating>
  <RatingCount>0</RatingCount>
  <SeasonNumber>0</SeasonNumber>
  <Writer></Writer>
  <absolute_number></absolute_number>
  <airsafter_season></airsafter_season>
  <airsbefore_episode>1</airsbefore_episode>
  <airsbefore_season>1</airsbefore_season>
  <filename>episodes/73508/302622.jpg</filename>
  <lastupdated>1248735660</lastupdated>
  <seasonid>20971</seasonid>
  <seriesid>73508</seriesid>
</Episode>
<Episode>
  <id>302623</id>
  <Combined_episodenumber>1.0</Combined_episodenumber>
  <Combined_season>1</Combined_season>
  <DVD_chapter></DVD_chapter>
  <DVD_discid>1</DVD_discid>
  <DVD_episodenumber>1.0</DVD_episodenumber>
  <DVD_season>1</DVD_season>
  <Director>Michael Apted</Director>
  <EpImgFlag>2</EpImgFlag>
  <EpisodeName>The Stolen Eagle</EpisodeName>
  <EpisodeNumber>1</EpisodeNumber>
  <FirstAired>2005-08-28</FirstAired>
  <GuestStars>|Robert Purvis| John Boswell| Allan  Caister-Pearce| Giovanni  Calcagno| Fabio  Carfora| Alessio  Di Cesare| Lydia Leonard| Russell Mabey| Steven  Matthew| Bob Mercer| Gerard Monaco| Matt Patresi| Anna Patrick| Bart Ruspoli| Ted Rusoff| Alan Stocks|</GuestStars>
  <IMDB_ID></IMDB_ID>
  <Language>en</Language>
  <Overview>Eager to return to Rome after eight long years of war, Gaius Julius Caesar ends his campaign with a resounding triumph in Gaul, and news of a shattering personal loss at home. In Rome, Caesar's old friend Pompey is counselled by the Senate, who worry about Caesar's growing popularity. Two soldiers are enlisted to find the army's stolen gold standard. Atia is careful to play both sides of an escalating power struggle.</Overview>
  <ProductionCode></ProductionCode>
  <Rating>7.7</Rating>
  <RatingCount>63</RatingCount>
  <SeasonNumber>1</SeasonNumber>
  <Writer>Bruno Heller</Writer>
  <absolute_number></absolute_number>
  <filename>episodes/73508/302623.jpg</filename>
  <lastupdated>1250446953</lastupdated>
  <seasonid>5899</seasonid>
  <seriesid>73508</seriesid>
</Episode>
<Episode>
  <id>302624</id>
  <Combined_episodenumber>2.0</Combined_episodenumber>
  <Combined_season>1</Combined_season>
  <DVD_chapter></DVD_chapter>
  <DVD_discid>1</DVD_discid>
  <DVD_episodenumber>2.0</DVD_episodenumber>
  <DVD_season>1</DVD_season>
  <Director>Michael Apted</Director>
  <EpImgFlag>2</EpImgFlag>
  <EpisodeName>How Titus Pullo Brought Down the Republic</EpisodeName>
  <EpisodeNumber>2</EpisodeNumber>
  <FirstAired>2005-09-04</FirstAired>
  <GuestStars>|Robert Purvis| Matt Patresi| Leslie Csuth| Frank Baker| John Boswell| Alessio  Di Cesare| Alessandro  Inchiappa| Maura  Orefici| Sean Madden| Francesco  Pini| Sergio  Di Pinto| Alessandro  Prete| Bart Ruspoli| Jonathan  Readwin| Ted Rusoff| Iliaria  Stiv</GuestStars>
  <IMDB_ID></IMDB_ID>
  <Language>en</Language>
  <Overview>Anointed People's Tribune by Caesar, Mark Antony returns to Rome with Octavian's liberators, Vorenus and Pullo. After being feted by a grateful Atia, Vorenus heads home to his family, for the first time in eight years, while Pullo heads for the brothels. Pompey drafts an ultimatum stripping the general of his power.</Overview>
  <ProductionCode></ProductionCode>
  <Rating>8.0</Rating>
  <RatingCount>47</RatingCount>
  <SeasonNumber>1</SeasonNumber>
  <Writer>Bruno Heller</Writer>
  <absolute_number></absolute_number>
  <filename>episodes/73508/302624.jpg</filename>
  <lastupdated>1250447013</lastupdated>
  <seasonid>5899</seasonid>
  <seriesid>73508</seriesid>
</Episode>
<Episode>
  <id>302625</id>
  <Combined_episodenumber>3</Combined_episodenumber>
  <Combined_season>1</Combined_season>
  <DVD_chapter></DVD_chapter>
  <DVD_discid>2</DVD_discid>
  <DVD_episodenumber></DVD_episodenumber>
  <DVD_season>1</DVD_season>
  <Director>Michael Apted</Director>
  <EpImgFlag>2</EpImgFlag>
  <EpisodeName>An Owl in a Thornbush</EpisodeName>
  <EpisodeNumber>3</EpisodeNumber>
  <FirstAired>2005-09-11</FirstAired>
  <GuestStars>|Robert Purvis| Matt Patresi| Anna Patrick| Eliza  Darby| Andrew Greenough| Stu Rosen| Alexandra  Stordy| Michele  Pettini| Antonio  Ragusa| Carla  Cagnetti| Vittorio Amandola|</GuestStars>
  <IMDB_ID></IMDB_ID>
  <Language>en</Language>
  <Overview>With Caesar quickly advancing toward Rome, Pompey begins ordering a retreat and forces his citizens to pick sides. Timon is forced to do Atia's dirty work and Vorenus cannot understand why no one is resisting while on a scouting mission.</Overview>
  <ProductionCode></ProductionCode>
  <Rating>7.8</Rating>
  <RatingCount>47</RatingCount>
  <SeasonNumber>1</SeasonNumber>
  <Writer>Bruno Heller</Writer>
  <absolute_number></absolute_number>
  <filename>episodes/73508/302625.jpg</filename>
  <lastupdated>1250447058</lastupdated>
  <seasonid>5899</seasonid>
  <seriesid>73508</seriesid>
</Episode>
<Episode>
  <id>302626</id>
  <Combined_episodenumber>4</Combined_episodenumber>
  <Combined_season>1</Combined_season>
  <DVD_chapter></DVD_chapter>
  <DVD_discid>2</DVD_discid>
  <DVD_episodenumber></DVD_episodenumber>
  <DVD_season>1</DVD_season>
  <Director>Julian Farino</Director>
  <EpImgFlag>2</EpImgFlag>
  <EpisodeName>Stealing From Saturn</EpisodeName>
  <EpisodeNumber>4</EpisodeNumber>
  <FirstAired>2005-09-18</FirstAired>
  <GuestStars>|Maggie McCarthy| Richard Katz| Francesca Romana Coluzzi| Steve Ramsden| Barbara Marten| Roger Hammond| Paolo Risi| Antonio  Ragusa| Paola  Lavini| Kevin Dignam|</GuestStars>
  <IMDB_ID></IMDB_ID>
  <Language>en</Language>
  <Overview>As Pompey &quot;maneuvers&quot; outside the city, Caesar seeks to consolidate his hold on Rome. Atia throws a party to welcome Caesar home, while Vorenus throws one of his own to usher in his new life as a citizen businessman. Pullo's run of luck continues when he delivers Quintus Pompey to Caesar, who in turn returns Quintus to his father's camp, with an offer of truce he knows Pompey will never accept.</Overview>
  <ProductionCode></ProductionCode>
  <Rating>7.8</Rating>
  <RatingCount>46</RatingCount>
  <SeasonNumber>1</SeasonNumber>
  <Writer>Bruno Heller</Writer>
  <absolute_number></absolute_number>
  <filename>episodes/73508/302626.jpg</filename>
  <lastupdated>1250447112</lastupdated>
  <seasonid>5899</seasonid>
  <seriesid>73508</seriesid>
</Episode>
<Episode>
  <id>302627</id>
  <Combined_episodenumber>5</Combined_episodenumber>
  <Combined_season>1</Combined_season>
  <DVD_chapter></DVD_chapter>
  <DVD_discid>2</DVD_discid>
  <DVD_episodenumber></DVD_episodenumber>
  <DVD_season>1</DVD_season>
  <Director>Allen Coulter</Director>
  <EpImgFlag>2</EpImgFlag>
  <EpisodeName>The Ram Has Touched The Wall</EpisodeName>
  <EpisodeNumber>5</EpisodeNumber>
  <FirstAired>2005-09-25</FirstAired>
  <GuestStars>|Parvez Qadir| Massimo  Pupella| Eddie Osei| Sean Madden| Alessio  Di Cesare| John Bennett|</GuestStars>
  <IMDB_ID></IMDB_ID>
  <Language>en</Language>
  <Overview>Caesar weighs Pompey's counteroffer against Antony's recommendation to chase down Pompey's vulnerable army. Vorenus is forced to reconsider his career choices after a series of business setbacks leave him with little income to support his family. A jealous Atia concocts a clever scheme to separate Caesar from Servilia. Pullo is recruited to tutor Octavian in the art of soldiering, but ends up learning a lesson or two from the boy.</Overview>
  <ProductionCode></ProductionCode>
  <Rating>7.7</Rating>
  <RatingCount>44</RatingCount>
  <SeasonNumber>1</SeasonNumber>
  <Writer>Bruno Heller</Writer>
  <absolute_number></absolute_number>
  <filename>episodes/73508/302627.jpg</filename>
  <lastupdated>1250447236</lastupdated>
  <seasonid>5899</seasonid>
  <seriesid>73508</seriesid>
</Episode>
<Episode>
  <id>302628</id>
  <Combined_episodenumber>6</Combined_episodenumber>
  <Combined_season>1</Combined_season>
  <DVD_chapter></DVD_chapter>
  <DVD_discid>3</DVD_discid>
  <DVD_episodenumber></DVD_episodenumber>
  <DVD_season>1</DVD_season>
  <Director>Alan Poul</Director>
  <EpImgFlag>2</EpImgFlag>
  <EpisodeName>Egeria</EpisodeName>
  <EpisodeNumber>6</EpisodeNumber>
  <FirstAired>2005-10-02</FirstAired>
  <GuestStars>|Lynda Baron| Andrew Scarborough| Norma  Atallah| Stan  Rosen| Paolo Risi| Manfredi  Aliquo| Georgie Glen| Francesca Fowler| Alessio  Di Cesare| Simon Callow| John Boswell| Francesca  Berrettini|</GuestStars>
  <IMDB_ID></IMDB_ID>
  <Language>en</Language>
  <Overview>When Caeser finds himself outnumbered by Pompey's legions, he asks Antony to join the fight. Marc Antony is having fun in his new political life while he ponders a counter-offer from Pompey. Atia urges Octavian to take another step toward manhood. Vorenus and Niobe try to bring passion back to their marriage.</Overview>
  <ProductionCode></ProductionCode>
  <Rating>7.7</Rating>
  <RatingCount>41</RatingCount>
  <SeasonNumber>1</SeasonNumber>
  <Writer>John Milius, Bruno Heller</Writer>
  <absolute_number></absolute_number>
  <filename>episodes/73508/302628.jpg</filename>
  <lastupdated>1250447289</lastupdated>
  <seasonid>5899</seasonid>
  <seriesid>73508</seriesid>
</Episode>
<Episode>
  <id>302629</id>
  <Combined_episodenumber>7</Combined_episodenumber>
  <Combined_season>1</Combined_season>
  <DVD_chapter></DVD_chapter>
  <DVD_discid>3</DVD_discid>
  <DVD_episodenumber></DVD_episodenumber>
  <DVD_season>1</DVD_season>
  <Director>Tim Van Patten</Director>
  <EpImgFlag>2</EpImgFlag>
  <EpisodeName>Pharsalus</EpisodeName>
  <EpisodeNumber>7</EpisodeNumber>
  <FirstAired>2005-10-09</FirstAired>
  <GuestStars>|Eliza  Darby| Daren Elliot Holmes| David Kennedy| Vincenzo Nicoli| Anna Patrick| Michele  Pettini| Francesco  Sensi| Steve Swinscoe| Franco  Troscia|</GuestStars>
  <IMDB_ID></IMDB_ID>
  <Language>en</Language>
  <Overview>Pompey attacks an outnumbered Caesar. Vorenus and Pullo are stranded at sea. Atia continues to seek out Servilla's friendship in order to ensure her protection, while Octavia and Servilla's bond grows.</Overview>
  <ProductionCode></ProductionCode>
  <Rating>7.8</Rating>
  <RatingCount>36</RatingCount>
  <SeasonNumber>1</SeasonNumber>
  <Writer>David Frankel</Writer>
  <absolute_number></absolute_number>
  <filename>episodes/73508/302629.jpg</filename>
  <lastupdated>1250447342</lastupdated>
  <seasonid>5899</seasonid>
  <seriesid>73508</seriesid>
</Episode>
<Episode>
  <id>302630</id>
  <Combined_episodenumber>8</Combined_episodenumber>
  <Combined_season>1</Combined_season>
  <DVD_chapter></DVD_chapter>
  <DVD_discid>3</DVD_discid>
  <DVD_episodenumber></DVD_episodenumber>
  <DVD_season>1</DVD_season>
  <Director>Steve Shill</Director>
  <EpImgFlag>2</EpImgFlag>
  <EpisodeName>Caesarion</EpisodeName>
  <EpisodeNumber>8</EpisodeNumber>
  <FirstAired>2005-10-16</FirstAired>
  <GuestStars>|Axel  Shumacher| Shaka Bunsie| Lyndsey Marshal| David de Keyser| Kathryn Hunter| David Kennedy| Tony Guilfoyle| Enoch Frost| Shaka Bunsie| Grant Masters|</GuestStars>
  <IMDB_ID></IMDB_ID>
  <Language>en</Language>
  <Overview>Having pursued Pompey into Egypt, Caesar arrives in Alexandria and meets the boy king Ptolemy XIII, who offers the general a surprise gift. Vorenus and Pullo play liberators again, freeing Ptolemy's incarcerated sister, Cleopatra. Caesar seeks payment from Egypt for past debts, and ends up forging a strategic union to ensure his legacy.</Overview>
  <ProductionCode></ProductionCode>
  <Rating>8.1</Rating>
  <RatingCount>37</RatingCount>
  <SeasonNumber>1</SeasonNumber>
  <Writer>William J. MacDonald</Writer>
  <absolute_number></absolute_number>
  <filename>episodes/73508/302630.jpg</filename>
  <lastupdated>1250447392</lastupdated>
  <seasonid>5899</seasonid>
  <seriesid>73508</seriesid>
</Episode>
<Episode>
  <id>302631</id>
  <Combined_episodenumber>9</Combined_episodenumber>
  <Combined_season>1</Combined_season>
  <DVD_chapter></DVD_chapter>
  <DVD_discid>4</DVD_discid>
  <DVD_episodenumber></DVD_episodenumber>
  <DVD_season>1</DVD_season>
  <Director>Jeremy Podeswa</Director>
  <EpImgFlag>2</EpImgFlag>
  <EpisodeName>Utica</EpisodeName>
  <EpisodeNumber>9</EpisodeNumber>
  <FirstAired>2005-10-30</FirstAired>
  <GuestStars>|Dominic Rickhards| David  Quinzi| Graham McTavish| Adam Levy| Nicholas Hewetson| Roger Hammond| Kevin Dignam| Jonathan Coy| Ewan Bailey|</GuestStars>
  <IMDB_ID></IMDB_ID>
  <Language>en</Language>
  <Overview>With Scipio and Cato defeated, Caesar returns home to a hero's welcome. Vorenus and Pullo's showdown with local thug Erastes gets an unexpected reprieve from Caesar. Servilia's plan to use Octavia to unearth a secret about Caesar backfires.</Overview>
  <ProductionCode></ProductionCode>
  <Rating>8.0</Rating>
  <RatingCount>39</RatingCount>
  <SeasonNumber>1</SeasonNumber>
  <Writer>Alexandra Cunningham</Writer>
  <absolute_number></absolute_number>
  <filename>episodes/73508/302631.jpg</filename>
  <lastupdated>1250447440</lastupdated>
  <seasonid>5899</seasonid>
  <seriesid>73508</seriesid>
</Episode>
<Episode>
  <id>313409</id>
  <Combined_episodenumber>10</Combined_episodenumber>
  <Combined_season>1</Combined_season>
  <DVD_chapter></DVD_chapter>
  <DVD_discid>4</DVD_discid>
  <DVD_episodenumber></DVD_episodenumber>
  <DVD_season>1</DVD_season>
  <Director>Alan Taylor</Director>
  <EpImgFlag>2</EpImgFlag>
  <EpisodeName>Triumph</EpisodeName>
  <EpisodeNumber>10</EpisodeNumber>
  <FirstAired>2005-11-06</FirstAired>
  <GuestStars>|Hugh Sachs| David  Quinzi| Abhin Galeya| Peter-Hugo Daly| Dominic Coleman| Giovanni  Calcagno| John Boswell|</GuestStars>
  <IMDB_ID></IMDB_ID>
  <Language>en</Language>
  <Overview>Unanimously proclaimed Dictator by the Senate, Caesar pronounces the war over, and prepares for five days of feasting and games honoring his &quot;triumph.&quot; No longer an enlisted soldier, Pullo eyes a pastoral future with Eirene, while Vorenus runs for municipal magistrate, with Posca's help. Meanwhile, Octavian retrieves Octavia from her self-imposed exile. And Servilia invites a revenge-minded Quintus Pompey into her home, to Brutus' dismay.</Overview>
  <ProductionCode></ProductionCode>
  <Rating>7.8</Rating>
  <RatingCount>36</RatingCount>
  <SeasonNumber>1</SeasonNumber>
  <Writer>Adrian Hodges</Writer>
  <absolute_number></absolute_number>
  <filename>episodes/73508/313409.jpg</filename>
  <lastupdated>1250447472</lastupdated>
  <seasonid>5899</seasonid>
  <seriesid>73508</seriesid>
</Episode>
<Episode>
  <id>318046</id>
  <Combined_episodenumber>11</Combined_episodenumber>
  <Combined_season>1</Combined_season>
  <DVD_chapter></DVD_chapter>
  <DVD_discid>5</DVD_discid>
  <DVD_episodenumber></DVD_episodenumber>
  <DVD_season>1</DVD_season>
  <Director>Mikael Salomon</Director>
  <EpImgFlag>2</EpImgFlag>
  <EpisodeName>The Spoils</EpisodeName>
  <EpisodeNumber>11</EpisodeNumber>
  <FirstAired>2005-11-13</FirstAired>
  <GuestStars>|Robin Sneller| Helen  Stirling| Julian Rivett| Danny Midwinter| Michael Nardone| Bruce Mackinnon| Cristina Mantis| Douglas  Dean| Peter Eyre| Manfredi  Aliquo| Tom  Shaker| David  Quinzi| Stephano  Miceli| Paul Kynman| Oreste  Rotundo| Graham McTavish| E</GuestStars>
  <IMDB_ID></IMDB_ID>
  <Language>en</Language>
  <Overview>Vorenus sees to it that veteran soldiers receives severance on behalf of Caesar, and is then invited along with Niobe to one of Atia's parties.</Overview>
  <ProductionCode></ProductionCode>
  <Rating>8.1</Rating>
  <RatingCount>34</RatingCount>
  <SeasonNumber>1</SeasonNumber>
  <Writer>Bruno Heller</Writer>
  <absolute_number></absolute_number>
  <filename>episodes/73508/318046.jpg</filename>
  <lastupdated>1250447507</lastupdated>
  <seasonid>5899</seasonid>
  <seriesid>73508</seriesid>
</Episode>
<Episode>
  <id>323644</id>
  <Combined_episodenumber>12</Combined_episodenumber>
  <Combined_season>1</Combined_season>
  <DVD_chapter></DVD_chapter>
  <DVD_discid>5</DVD_discid>
  <DVD_episodenumber></DVD_episodenumber>
  <DVD_season>1</DVD_season>
  <Director>Alan Taylor</Director>
  <EpImgFlag>2</EpImgFlag>
  <EpisodeName>Kalends of February</EpisodeName>
  <EpisodeNumber>12</EpisodeNumber>
  <FirstAired>2005-11-20</FirstAired>
  <GuestStars>|Peter Gevisser| Simon Gregor| Frank Baker| Lorenza  Damiani| Pip Torrens| Luigi  Santamaria| David  Quinzi|</GuestStars>
  <IMDB_ID></IMDB_ID>
  <Language>en</Language>
  <Overview>Pullo and Vorenus are now heroes in the eyes of the Roman rank and file because of their arena feats. This causes Caesar to bestow rewards to those he might normally punish.</Overview>
  <ProductionCode></ProductionCode>
  <Rating>8.2</Rating>
  <RatingCount>40</RatingCount>
  <SeasonNumber>1</SeasonNumber>
  <Writer>Bruno Heller</Writer>
  <absolute_number></absolute_number>
  <filename>episodes/73508/323644.jpg</filename>
  <lastupdated>1250447542</lastupdated>
  <seasonid>5899</seasonid>
  <seriesid>73508</seriesid>
</Episode>
<Episode>
  <id>315203</id>
  <Combined_episodenumber>1.0</Combined_episodenumber>
  <Combined_season>2</Combined_season>
  <DVD_chapter></DVD_chapter>
  <DVD_discid></DVD_discid>
  <DVD_episodenumber>1.0</DVD_episodenumber>
  <DVD_season>2</DVD_season>
  <Director>Timothy Van Patten</Director>
  <EpImgFlag>2</EpImgFlag>
  <EpisodeName>Passover</EpisodeName>
  <EpisodeNumber>1</EpisodeNumber>
  <FirstAired>2007-01-14</FirstAired>
  <GuestStars>|Jay Simpson| Roberto Sgarbi| Lidia Biondi| Tim   Barlow| Lee Boardman|</GuestStars>
  <IMDB_ID></IMDB_ID>
  <Language>en</Language>
  <Overview>Things pick up shortly after Caesar's murder. Octavian wants to keep his family from fleeing the city so he devises a plan. News of this makes Antony happy so he tells Brutus. Vorenus mourns Niobe's death but casts aspersions upon his children.
</Overview>
  <ProductionCode></ProductionCode>
  <Rating>8.1</Rating>
  <RatingCount>43</RatingCount>
  <SeasonNumber>2</SeasonNumber>
  <Writer>Bruno Heller</Writer>
  <absolute_number></absolute_number>
  <filename>episodes/73508/315203.jpg</filename>
  <lastupdated>1250446828</lastupdated>
  <seasonid>16853</seasonid>
  <seriesid>73508</seriesid>
</Episode>
<Episode>
  <id>315204</id>
  <Combined_episodenumber>2.0</Combined_episodenumber>
  <Combined_season>2</Combined_season>
  <DVD_chapter></DVD_chapter>
  <DVD_discid>1</DVD_discid>
  <DVD_episodenumber>2.0</DVD_episodenumber>
  <DVD_season>2</DVD_season>
  <Director>Allen Coulter</Director>
  <EpImgFlag>2</EpImgFlag>
  <EpisodeName>Son of Hades</EpisodeName>
  <EpisodeNumber>2</EpisodeNumber>
  <FirstAired>2007-01-21</FirstAired>
  <GuestStars>|Marco  Pollack| Zuleikha Robinson| Rafi Gavron| Lyndsey Marshal| Nigel Lindsay| Michael Nardone| Daniel Cerqueira| Ian McNeice| Nicolò Brecci|</GuestStars>
  <IMDB_ID></IMDB_ID>
  <Language>en</Language>
  <Overview>Cleopatra arrives in Rome to pay her homage to Caesar, and to seek legitimization for Caesarion. Egypt's queen causes further complications between Anthony and Atia, who still struggles with Servilia. Timon's brother arrives from Jerusalem. The death of Erastes throws the underworld, and Rome's river commerce into chaos, and Pullo and Vorenus step into the gap. Octavian and Anthony begin a long and bitter rivalry with a dispute over Caesar's will and sharing of power.
</Overview>
  <ProductionCode></ProductionCode>
  <Rating>8.3</Rating>
  <RatingCount>35</RatingCount>
  <SeasonNumber>2</SeasonNumber>
  <Writer>Bruno Heller</Writer>
  <absolute_number></absolute_number>
  <filename>episodes/73508/315204.jpg</filename>
  <lastupdated>1250446776</lastupdated>
  <seasonid>16853</seasonid>
  <seriesid>73508</seriesid>
</Episode>
<Episode>
  <id>315205</id>
  <Combined_episodenumber>3.0</Combined_episodenumber>
  <Combined_season>2</Combined_season>
  <DVD_chapter></DVD_chapter>
  <DVD_discid>2</DVD_discid>
  <DVD_episodenumber>3.0</DVD_episodenumber>
  <DVD_season>2</DVD_season>
  <Director>Alan Poul</Director>
  <EpImgFlag>2</EpImgFlag>
  <EpisodeName>These Being the Words of Marcus Tullius Cicero</EpisodeName>
  <EpisodeNumber>3</EpisodeNumber>
  <FirstAired>2007-01-28</FirstAired>
  <GuestStars>|Daniel Cerqueira| Michael Nardone| Zuleikha Robinson| Camilla Rutherford| Allen  Leech| Rafi Gavron|</GuestStars>
  <IMDB_ID></IMDB_ID>
  <Language>en</Language>
  <Overview>Brutus and Cassius struggle to raise foreign armies to oppose the Cesarean party. Mark Antony's plans to change his post-consul proconsular governorship from Macedonia to Gaul are derailed when Cicero delivers an in-absentia message to the Senate, and throws his support behind Octavian. Vorenus struggles to contain an all-out gang war in the Aventine Collegium, of his own making,that he blames on Pullo. In the house of the Julii, Octavia passes the hours in a drug induced daze, while a duplicitous youth named Duro, planted amongst the Julii by Servilia, looks for the chance to set a deadly plan in motion.</Overview>
  <ProductionCode></ProductionCode>
  <Rating>7.8</Rating>
  <RatingCount>39</RatingCount>
  <SeasonNumber>2</SeasonNumber>
  <Writer>Scott Buck</Writer>
  <absolute_number></absolute_number>
  <filename>episodes/73508/315205.jpg</filename>
  <lastupdated>1250446745</lastupdated>
  <seasonid>16853</seasonid>
  <seriesid>73508</seriesid>
</Episode>
<Episode>
  <id>318047</id>
  <Combined_episodenumber>4.0</Combined_episodenumber>
  <Combined_season>2</Combined_season>
  <DVD_chapter></DVD_chapter>
  <DVD_discid>2</DVD_discid>
  <DVD_episodenumber>4.0</DVD_episodenumber>
  <DVD_season>2</DVD_season>
  <Director>Adam Davidson</Director>
  <EpImgFlag>2</EpImgFlag>
  <EpisodeName>Testudo Et Lepus (The Tortoise And the Hare)</EpisodeName>
  <EpisodeNumber>4</EpisodeNumber>
  <FirstAired>2007-02-04</FirstAired>
  <GuestStars>|Rafi Gavron| Alex Wyndham| Allen  Leech| Lydia  Biondi| Guy Henry| Camilla Rutherford| Simon Woods| Nigel Lindsay|</GuestStars>
  <IMDB_ID></IMDB_ID>
  <Language>en</Language>
  <Overview>Pullo races to find Vorenus with news of his family's fate. Servilia's plans to eliminate a rival exact a high price from her. Cicero is astonished when Octavian sends word that his victorious legions are coming home to Rome. In Rome, Timon finally grows weary of Atia's bidding.
</Overview>
  <ProductionCode></ProductionCode>
  <Rating>8.0</Rating>
  <RatingCount>38</RatingCount>
  <SeasonNumber>2</SeasonNumber>
  <Writer>Todd Ellis Kessler</Writer>
  <absolute_number></absolute_number>
  <filename>episodes/73508/318047.jpg</filename>
  <lastupdated>1250446701</lastupdated>
  <seasonid>16853</seasonid>
  <seriesid>73508</seriesid>
</Episode>
<Episode>
  <id>318048</id>
  <Combined_episodenumber>5.0</Combined_episodenumber>
  <Combined_season>2</Combined_season>
  <DVD_chapter></DVD_chapter>
  <DVD_discid>3</DVD_discid>
  <DVD_episodenumber>5.0</DVD_episodenumber>
  <DVD_season>2</DVD_season>
  <Director>Alik Sakharov</Director>
  <EpImgFlag>2</EpImgFlag>
  <EpisodeName>Heroes of the Republic</EpisodeName>
  <EpisodeNumber>5</EpisodeNumber>
  <FirstAired>2007-02-11</FirstAired>
  <GuestStars>|Simon Woods| Zuleikha Robinson| Guy Henry| Nigel Lindsay| Allen  Leech| Camilla Rutherford| Alex Wyndham| Michael Nardone| Ronan Vibert| Daniel Cerqueira|</GuestStars>
  <IMDB_ID></IMDB_ID>
  <Language>en</Language>
  <Overview>Despite Pullo's advice, Vorenus and his family return to the Collegium with his family who is reunited, and cleansed of their ordeal. Octavian is denied a triumph and urges Cicero to endorse his bid to be made Consul in exchange for an agreement to allow Cicero to veto his actions. Octavian takes both Cicero and the Senate by surprise with his first Consular act. Vorenus attempts' to make peace with Memmio and Cotta create suspicions that he has gone soft.</Overview>
  <ProductionCode></ProductionCode>
  <Rating>8.0</Rating>
  <RatingCount>42</RatingCount>
  <SeasonNumber>2</SeasonNumber>
  <Writer>Mere Smith</Writer>
  <absolute_number></absolute_number>
  <filename>episodes/73508/318048.jpg</filename>
  <lastupdated>1250446638</lastupdated>
  <seasonid>16853</seasonid>
  <seriesid>73508</seriesid>
</Episode>
<Episode>
  <id>318049</id>
  <Combined_episodenumber>6.0</Combined_episodenumber>
  <Combined_season>2</Combined_season>
  <DVD_chapter></DVD_chapter>
  <DVD_discid>3</DVD_discid>
  <DVD_episodenumber>6.0</DVD_episodenumber>
  <DVD_season>2</DVD_season>
  <Director>Roger Young</Director>
  <EpImgFlag>2</EpImgFlag>
  <EpisodeName>Philippi</EpisodeName>
  <EpisodeNumber>6</EpisodeNumber>
  <FirstAired>2007-02-18</FirstAired>
  <GuestStars>|Simon Woods| Nicholas Woodeson| Nigel  Lindsay| Alex Wyndham| Allen  Leech| Zuleikha Robinson|</GuestStars>
  <IMDB_ID></IMDB_ID>
  <Language>en</Language>
  <Overview>Vorenus receives orders to plunge Rome into a bloodbath the likes that have not been seen since the dictatorship of Sulla. Octavia reveals her secret to Atia, and the armies of the Liberators and the Caesarians clash for the last time, with the fate of Republic in the balance.
</Overview>
  <ProductionCode>206</ProductionCode>
  <Rating>8.1</Rating>
  <RatingCount>38</RatingCount>
  <SeasonNumber>2</SeasonNumber>
  <Writer>Eoghan Mahony</Writer>
  <absolute_number></absolute_number>
  <filename>episodes/73508/318049.jpg</filename>
  <lastupdated>1250446580</lastupdated>
  <seasonid>16853</seasonid>
  <seriesid>73508</seriesid>
</Episode>
<Episode>
  <id>323640</id>
  <Combined_episodenumber>7.0</Combined_episodenumber>
  <Combined_season>2</Combined_season>
  <DVD_chapter></DVD_chapter>
  <DVD_discid>4</DVD_discid>
  <DVD_episodenumber>7.0</DVD_episodenumber>
  <DVD_season>2</DVD_season>
  <Director>John Maybury</Director>
  <EpImgFlag>2</EpImgFlag>
  <EpisodeName>Death Mask</EpisodeName>
  <EpisodeNumber>7</EpisodeNumber>
  <FirstAired>2007-03-04</FirstAired>
  <GuestStars>|Simon Woods| Nicholas Woodeson|</GuestStars>
  <IMDB_ID></IMDB_ID>
  <Language>en</Language>
  <Overview>Antony's nature reasserts itself, and challenges his alliance with Octavian. Timon and Levi set themselves against Herod's plans. Servilia's public displays of grief leave Atia unsettled. Gaia uses Pullo's punishment as a weapon against him. His daughter's sudden interest in business matters arouses Vorenus' suspicions. Posca gets married.</Overview>
  <ProductionCode>207</ProductionCode>
  <Rating>8.0</Rating>
  <RatingCount>41</RatingCount>
  <SeasonNumber>2</SeasonNumber>
  <Writer>Scott Buck</Writer>
  <absolute_number></absolute_number>
  <filename>episodes/73508/323640.jpg</filename>
  <lastupdated>1250446458</lastupdated>
  <seasonid>16853</seasonid>
  <seriesid>73508</seriesid>
</Episode>
<Episode>
  <id>323641</id>
  <Combined_episodenumber>8.0</Combined_episodenumber>
  <Combined_season>2</Combined_season>
  <DVD_chapter></DVD_chapter>
  <DVD_discid>4</DVD_discid>
  <DVD_episodenumber>8.0</DVD_episodenumber>
  <DVD_season>2</DVD_season>
  <Director>Carl Franklin</Director>
  <EpImgFlag>2</EpImgFlag>
  <EpisodeName>A Necessary Fiction</EpisodeName>
  <EpisodeNumber>8</EpisodeNumber>
  <FirstAired>2007-03-11</FirstAired>
  <GuestStars>|Marco Pollack|  Anna Fausta Primiano|  Lyndsey Marshal|  Alan Williams|  Ronan Vibert|  Michael Nardone|  Ian McNeice|  Alex Wyndham|  Zuleikha Robinson|</GuestStars>
  <IMDB_ID></IMDB_ID>
  <Language>en</Language>
  <Overview>Octavian proclaims a new era of virtue in Rome, a program that his family and subordinates find impossible to obey. Vorenus is sent on a mission after a missing shipment of gold to discover who mysteriously hijacked it on its way to the Roman treasury. Pullo's loss and rage are channeled against Memmio, Omnipor and their henchmen. Octavian pursues Livia as an &quot;appropriate&quot; bride, and issues Mark Antony an ultimatum he knows he can't refuse.</Overview>
  <ProductionCode></ProductionCode>
  <Rating>8.1</Rating>
  <RatingCount>40</RatingCount>
  <SeasonNumber>2</SeasonNumber>
  <Writer>Todd Ellis Kessler</Writer>
  <absolute_number></absolute_number>
  <filename>episodes/73508/323641.jpg</filename>
  <lastupdated>1250446407</lastupdated>
  <seasonid>16853</seasonid>
  <seriesid>73508</seriesid>
</Episode>
<Episode>
  <id>323642</id>
  <Combined_episodenumber>9.0</Combined_episodenumber>
  <Combined_season>2</Combined_season>
  <DVD_chapter></DVD_chapter>
  <DVD_discid>5</DVD_discid>
  <DVD_episodenumber>9.0</DVD_episodenumber>
  <DVD_season>2</DVD_season>
  <Director>Steve Shill</Director>
  <EpImgFlag>2</EpImgFlag>
  <EpisodeName>Deus Impeditio Esuritori Nullus (No God Can Stop a Hungry Man)</EpisodeName>
  <EpisodeNumber>9</EpisodeNumber>
  <FirstAired>2007-03-18</FirstAired>
  <GuestStars>|Zuleikha Robinson| Nicholas Woodeson| Lyndsey Marshal| Allen Leech| Alex Wyndham| Camilla Rutherford| Ian McNeice| Alan Williams| Michael Nardone| Daniel Cerqueira| Anna Fausta Primiano| Max Baldry| Kathryn Hunter| Simon Woods| Indira Varma|</GuestStars>
  <IMDB_ID></IMDB_ID>
  <Language>en</Language>
  <Overview>The people of Rome are starving. There have been many grain shortages over the past few months, but things have gotten particularly bad. In hopes of keeping the people from openly rebelling, Octavian sends Atia and Octavia to Alexandria in order to negotiate a deal with Mark Antony, though his real reasons for their trip is soon revealed. Meanwhile, Titus Pullo and Lucius Vorenus must try to keep the peace amongst many of the mercenaries who are in Rome. </Overview>
  <ProductionCode></ProductionCode>
  <Rating>8.2</Rating>
  <RatingCount>40</RatingCount>
  <SeasonNumber>2</SeasonNumber>
  <Writer>Mere Smith</Writer>
  <absolute_number></absolute_number>
  <filename>episodes/73508/323642.jpg</filename>
  <lastupdated>1250446350</lastupdated>
  <seasonid>16853</seasonid>
  <seriesid>73508</seriesid>
</Episode>
<Episode>
  <id>323643</id>
  <Combined_episodenumber>10.0</Combined_episodenumber>
  <Combined_season>2</Combined_season>
  <DVD_chapter></DVD_chapter>
  <DVD_discid>5</DVD_discid>
  <DVD_episodenumber>10.0</DVD_episodenumber>
  <DVD_season>2</DVD_season>
  <Director>Bruno Heller</Director>
  <EpImgFlag>2</EpImgFlag>
  <EpisodeName>De Patre Vostro (About Your Father)</EpisodeName>
  <EpisodeNumber>10</EpisodeNumber>
  <FirstAired>2007-03-25</FirstAired>
  <GuestStars>Deborah Moore (Alfidia),  Sara Kestelman (Old Woman),  Kathryn Hunter (Charmian),  Alice Henley (Livia),  Matthew Eggleton (Egyptian Courtier),  Richard Dillane (Centurion Varro),  Stefan Brown (Lucius (Older)),  Max Baldry (Caesarion (Older)),  Lydia Bio</GuestStars>
  <IMDB_ID></IMDB_ID>
  <Language>en</Language>
  <Overview>Following his naval defeat at Actium, Marc Antony returns to Egypt, where he and Cleopatra settle into a world of debauchery. Octavian tries to use Pullo as leverage to Vorenus to gain acess to the palace, but Vorenus stays loyal to Antony. Finally, it is Cleopatra who dupes Antony, saving her own life by sacrificing her honor. Ceasar Augustus triumphs in Rome.</Overview>
  <ProductionCode></ProductionCode>
  <Rating>8.5</Rating>
  <RatingCount>35</RatingCount>
  <SeasonNumber>2</SeasonNumber>
  <Writer>John Maybury</Writer>
  <absolute_number></absolute_number>
  <filename>episodes/73508/323643.jpg</filename>
  <lastupdated>1250446300</lastupdated>
  <seasonid>16853</seasonid>
  <seriesid>73508</seriesid>
</Episode>
</Data>