<?xml version="1.0" encoding="UTF-8" ?>
<Actors>
<Actor>
  <id>93571</id>
  <Image>actors/93571.jpg</Image>
  <Name>Elizabeth Mitchell</Name>
  <Role>Erica Evans</Role>
  <SortOrder>0</SortOrder>
</Actor>
<Actor>
  <id>93621</id>
  <Image>actors/93621.jpg</Image>
  <Name>Morena Baccarin</Name>
  <Role>Anna</Role>
  <SortOrder>1</SortOrder>
</Actor>
<Actor>
  <id>93631</id>
  <Image>actors/93631.jpg</Image>
  <Name>Scott Wolf</Name>
  <Role>Chad Decker</Role>
  <SortOrder>3</SortOrder>
</Actor>
<Actor>
  <id>93611</id>
  <Image>actors/93611.jpg</Image>
  <Name>Logan Huffman</Name>
  <Role>Tyler Evans</Role>
  <SortOrder>3</SortOrder>
</Actor>
<Actor>
  <id>93601</id>
  <Image>actors/93601.jpg</Image>
  <Name>Lourdes Benedicto</Name>
  <Role>Valerie Stevens</Role>
  <SortOrder>3</SortOrder>
</Actor>
<Actor>
  <id>93591</id>
  <Image>actors/93591.jpg</Image>
  <Name>Joel Gretsch</Name>
  <Role>Father Jack Landry</Role>
  <SortOrder>3</SortOrder>
</Actor>
<Actor>
  <id>93581</id>
  <Image>actors/93581.jpg</Image>
  <Name>Morris Chestnut</Name>
  <Role>Ryan Nichols</Role>
  <SortOrder>3</SortOrder>
</Actor>
<Actor>
  <id>237631</id>
  <Image>actors/237631.jpg</Image>
  <Name>Mark Hildreth</Name>
  <Role>Joshua</Role>
  <SortOrder>3</SortOrder>
</Actor>
<Actor>
  <id>172121</id>
  <Image>actors/172121.jpg</Image>
  <Name>Charles Mesure</Name>
  <Role>Kyle Hobbes</Role>
  <SortOrder>3</SortOrder>
</Actor>
<Actor>
  <id>152721</id>
  <Image>actors/152721.jpg</Image>
  <Name>Christopher Shyer</Name>
  <Role>Marcus</Role>
  <SortOrder>3</SortOrder>
</Actor>
<Actor>
  <id>152711</id>
  <Image>actors/152711.jpg</Image>
  <Name>David Richmond-Peck</Name>
  <Role>Georgie Sutton</Role>
  <SortOrder>3</SortOrder>
</Actor>
<Actor>
  <id>118871</id>
  <Image>actors/118871.jpg</Image>
  <Name>Laura Vandervoort</Name>
  <Role>Lisa</Role>
  <SortOrder>3</SortOrder>
</Actor>
</Actors>