<?xml version="1.0" encoding="UTF-8" ?>
<Banners>
<Banner>
  <id>767881</id>
  <BannerPath>fanart/original/94971-25.jpg</BannerPath>
  <BannerType>fanart</BannerType>
  <BannerType2>1920x1080</BannerType2>
  <Colors>|77,76,71|245,241,242|79,92,111|</Colors>
  <Language>en</Language>
  <Rating>7.3333</Rating>
  <RatingCount>6</RatingCount>
  <SeriesName>false</SeriesName>
  <ThumbnailPath>_cache/fanart/original/94971-25.jpg</ThumbnailPath>
  <VignettePath>fanart/vignette/94971-25.jpg</VignettePath>
</Banner>
<Banner>
  <id>406331</id>
  <BannerPath>fanart/original/94971-22.jpg</BannerPath>
  <BannerType>fanart</BannerType>
  <BannerType2>1920x1080</BannerType2>
  <Colors>|114,115,107|117,100,70|38,47,76|</Colors>
  <Language>en</Language>
  <Rating>7.2667</Rating>
  <RatingCount>15</RatingCount>
  <SeriesName>false</SeriesName>
  <ThumbnailPath>_cache/fanart/original/94971-22.jpg</ThumbnailPath>
  <VignettePath>fanart/vignette/94971-22.jpg</VignettePath>
</Banner>
<Banner>
  <id>274221</id>
  <BannerPath>fanart/original/94971-12.jpg</BannerPath>
  <BannerType>fanart</BannerType>
  <BannerType2>1280x720</BannerType2>
  <Colors></Colors>
  <Language>en</Language>
  <Rating>6.3333</Rating>
  <RatingCount>18</RatingCount>
  <SeriesName>true</SeriesName>
  <ThumbnailPath>_cache/fanart/original/94971-12.jpg</ThumbnailPath>
  <VignettePath>fanart/vignette/94971-12.jpg</VignettePath>
</Banner>
<Banner>
  <id>274181</id>
  <BannerPath>fanart/original/94971-8.jpg</BannerPath>
  <BannerType>fanart</BannerType>
  <BannerType2>1280x720</BannerType2>
  <Colors>|124,187,170|16,27,10|4,11,4|</Colors>
  <Language>en</Language>
  <Rating>6.0000</Rating>
  <RatingCount>11</RatingCount>
  <SeriesName>true</SeriesName>
  <ThumbnailPath>_cache/fanart/original/94971-8.jpg</ThumbnailPath>
  <VignettePath>fanart/vignette/94971-8.jpg</VignettePath>
</Banner>
<Banner>
  <id>395541</id>
  <BannerPath>fanart/original/94971-13.jpg</BannerPath>
  <BannerType>fanart</BannerType>
  <BannerType2>1280x720</BannerType2>
  <Colors>|194,152,92|59,88,118|88,128,163|</Colors>
  <Language>en</Language>
  <Rating>6.0000</Rating>
  <RatingCount>7</RatingCount>
  <SeriesName>false</SeriesName>
  <ThumbnailPath>_cache/fanart/original/94971-13.jpg</ThumbnailPath>
  <VignettePath>fanart/vignette/94971-13.jpg</VignettePath>
</Banner>
<Banner>
  <id>274191</id>
  <BannerPath>fanart/original/94971-9.jpg</BannerPath>
  <BannerType>fanart</BannerType>
  <BannerType2>1280x720</BannerType2>
  <Colors></Colors>
  <Language>en</Language>
  <Rating>5.8571</Rating>
  <RatingCount>14</RatingCount>
  <SeriesName>true</SeriesName>
  <ThumbnailPath>_cache/fanart/original/94971-9.jpg</ThumbnailPath>
  <VignettePath>fanart/vignette/94971-9.jpg</VignettePath>
</Banner>
<Banner>
  <id>209001</id>
  <BannerPath>fanart/original/94971-5.jpg</BannerPath>
  <BannerType>fanart</BannerType>
  <BannerType2>1920x1080</BannerType2>
  <Colors>|210,2,2|219,0,0|214,0,0|</Colors>
  <Language>en</Language>
  <Rating>5.8571</Rating>
  <RatingCount>14</RatingCount>
  <SeriesName>true</SeriesName>
  <ThumbnailPath>_cache/fanart/original/94971-5.jpg</ThumbnailPath>
  <VignettePath>fanart/vignette/94971-5.jpg</VignettePath>
</Banner>
<Banner>
  <id>274211</id>
  <BannerPath>fanart/original/94971-11.jpg</BannerPath>
  <BannerType>fanart</BannerType>
  <BannerType2>1280x720</BannerType2>
  <Colors>|242,254,244|8,34,7|207,217,130|</Colors>
  <Language>en</Language>
  <Rating>5.8000</Rating>
  <RatingCount>10</RatingCount>
  <SeriesName>true</SeriesName>
  <ThumbnailPath>_cache/fanart/original/94971-11.jpg</ThumbnailPath>
  <VignettePath>fanart/vignette/94971-11.jpg</VignettePath>
</Banner>
<Banner>
  <id>523751</id>
  <BannerPath>fanart/original/94971-23.jpg</BannerPath>
  <BannerType>fanart</BannerType>
  <BannerType2>1280x720</BannerType2>
  <Colors></Colors>
  <Language>en</Language>
  <Rating>5.8000</Rating>
  <RatingCount>5</RatingCount>
  <SeriesName>false</SeriesName>
  <ThumbnailPath>_cache/fanart/original/94971-23.jpg</ThumbnailPath>
  <VignettePath>fanart/vignette/94971-23.jpg</VignettePath>
</Banner>
<Banner>
  <id>218051</id>
  <BannerPath>fanart/original/94971-6.jpg</BannerPath>
  <BannerType>fanart</BannerType>
  <BannerType2>1920x1080</BannerType2>
  <Colors>|251,205,145|73,120,102|97,79,33|</Colors>
  <Language>de</Language>
  <Rating>5.7778</Rating>
  <RatingCount>9</RatingCount>
  <SeriesName>false</SeriesName>
  <ThumbnailPath>_cache/fanart/original/94971-6.jpg</ThumbnailPath>
  <VignettePath>fanart/vignette/94971-6.jpg</VignettePath>
</Banner>
<Banner>
  <id>267811</id>
  <BannerPath>fanart/original/94971-7.jpg</BannerPath>
  <BannerType>fanart</BannerType>
  <BannerType2>1920x1080</BannerType2>
  <Colors>|45,57,81|133,145,161|181,177,178|</Colors>
  <Language>en</Language>
  <Rating>5.6923</Rating>
  <RatingCount>13</RatingCount>
  <SeriesName>false</SeriesName>
  <ThumbnailPath>_cache/fanart/original/94971-7.jpg</ThumbnailPath>
  <VignettePath>fanart/vignette/94971-7.jpg</VignettePath>
</Banner>
<Banner>
  <id>356411</id>
  <BannerPath>fanart/original/94971-4.jpg</BannerPath>
  <BannerType>fanart</BannerType>
  <BannerType2>1280x720</BannerType2>
  <Colors></Colors>
  <Language>en</Language>
  <Rating>5.6364</Rating>
  <RatingCount>11</RatingCount>
  <SeriesName>true</SeriesName>
  <ThumbnailPath>_cache/fanart/original/94971-4.jpg</ThumbnailPath>
  <VignettePath>fanart/vignette/94971-4.jpg</VignettePath>
</Banner>
<Banner>
  <id>274201</id>
  <BannerPath>fanart/original/94971-10.jpg</BannerPath>
  <BannerType>fanart</BannerType>
  <BannerType2>1280x720</BannerType2>
  <Colors>|233,3,6|52,38,29|73,65,44|</Colors>
  <Language>en</Language>
  <Rating>5.6000</Rating>
  <RatingCount>10</RatingCount>
  <SeriesName>true</SeriesName>
  <ThumbnailPath>_cache/fanart/original/94971-10.jpg</ThumbnailPath>
  <VignettePath>fanart/vignette/94971-10.jpg</VignettePath>
</Banner>
<Banner>
  <id>109371</id>
  <BannerPath>fanart/original/94971-1.jpg</BannerPath>
  <BannerType>fanart</BannerType>
  <BannerType2>1920x1080</BannerType2>
  <Colors></Colors>
  <Language>en</Language>
  <Rating>5.5556</Rating>
  <RatingCount>9</RatingCount>
  <SeriesName>false</SeriesName>
  <ThumbnailPath>_cache/fanart/original/94971-1.jpg</ThumbnailPath>
  <VignettePath>fanart/vignette/94971-1.jpg</VignettePath>
</Banner>
<Banner>
  <id>109381</id>
  <BannerPath>fanart/original/94971-2.jpg</BannerPath>
  <BannerType>fanart</BannerType>
  <BannerType2>1920x1080</BannerType2>
  <Colors>|253,255,254|10,57,75|92,197,245|</Colors>
  <Language>en</Language>
  <Rating>5.5455</Rating>
  <RatingCount>11</RatingCount>
  <SeriesName>false</SeriesName>
  <ThumbnailPath>_cache/fanart/original/94971-2.jpg</ThumbnailPath>
  <VignettePath>fanart/vignette/94971-2.jpg</VignettePath>
</Banner>
<Banner>
  <id>395551</id>
  <BannerPath>fanart/original/94971-14.jpg</BannerPath>
  <BannerType>fanart</BannerType>
  <BannerType2>1280x720</BannerType2>
  <Colors>|160,153,125|105,140,170|163,152,122|</Colors>
  <Language>en</Language>
  <Rating>5.1429</Rating>
  <RatingCount>7</RatingCount>
  <SeriesName>false</SeriesName>
  <ThumbnailPath>_cache/fanart/original/94971-14.jpg</ThumbnailPath>
  <VignettePath>fanart/vignette/94971-14.jpg</VignettePath>
</Banner>
<Banner>
  <id>356401</id>
  <BannerPath>fanart/original/94971-3.jpg</BannerPath>
  <BannerType>fanart</BannerType>
  <BannerType2>1280x720</BannerType2>
  <Colors></Colors>
  <Language>en</Language>
  <Rating>5.0000</Rating>
  <RatingCount>6</RatingCount>
  <SeriesName>true</SeriesName>
  <ThumbnailPath>_cache/fanart/original/94971-3.jpg</ThumbnailPath>
  <VignettePath>fanart/vignette/94971-3.jpg</VignettePath>
</Banner>
<Banner>
  <id>395621</id>
  <BannerPath>fanart/original/94971-21.jpg</BannerPath>
  <BannerType>fanart</BannerType>
  <BannerType2>1280x720</BannerType2>
  <Colors></Colors>
  <Language>en</Language>
  <Rating>4.8333</Rating>
  <RatingCount>6</RatingCount>
  <SeriesName>false</SeriesName>
  <ThumbnailPath>_cache/fanart/original/94971-21.jpg</ThumbnailPath>
  <VignettePath>fanart/vignette/94971-21.jpg</VignettePath>
</Banner>
<Banner>
  <id>395591</id>
  <BannerPath>fanart/original/94971-18.jpg</BannerPath>
  <BannerType>fanart</BannerType>
  <BannerType2>1280x720</BannerType2>
  <Colors></Colors>
  <Language>en</Language>
  <Rating>4.8000</Rating>
  <RatingCount>5</RatingCount>
  <SeriesName>false</SeriesName>
  <ThumbnailPath>_cache/fanart/original/94971-18.jpg</ThumbnailPath>
  <VignettePath>fanart/vignette/94971-18.jpg</VignettePath>
</Banner>
<Banner>
  <id>395561</id>
  <BannerPath>fanart/original/94971-15.jpg</BannerPath>
  <BannerType>fanart</BannerType>
  <BannerType2>1280x720</BannerType2>
  <Colors></Colors>
  <Language>en</Language>
  <Rating>4.8000</Rating>
  <RatingCount>5</RatingCount>
  <SeriesName>false</SeriesName>
  <ThumbnailPath>_cache/fanart/original/94971-15.jpg</ThumbnailPath>
  <VignettePath>fanart/vignette/94971-15.jpg</VignettePath>
</Banner>
<Banner>
  <id>395601</id>
  <BannerPath>fanart/original/94971-19.jpg</BannerPath>
  <BannerType>fanart</BannerType>
  <BannerType2>1280x720</BannerType2>
  <Colors></Colors>
  <Language>en</Language>
  <Rating>4.4000</Rating>
  <RatingCount>5</RatingCount>
  <SeriesName>false</SeriesName>
  <ThumbnailPath>_cache/fanart/original/94971-19.jpg</ThumbnailPath>
  <VignettePath>fanart/vignette/94971-19.jpg</VignettePath>
</Banner>
<Banner>
  <id>395571</id>
  <BannerPath>fanart/original/94971-16.jpg</BannerPath>
  <BannerType>fanart</BannerType>
  <BannerType2>1280x720</BannerType2>
  <Colors></Colors>
  <Language>en</Language>
  <Rating>4.0000</Rating>
  <RatingCount>6</RatingCount>
  <SeriesName>false</SeriesName>
  <ThumbnailPath>_cache/fanart/original/94971-16.jpg</ThumbnailPath>
  <VignettePath>fanart/vignette/94971-16.jpg</VignettePath>
</Banner>
<Banner>
  <id>395581</id>
  <BannerPath>fanart/original/94971-17.jpg</BannerPath>
  <BannerType>fanart</BannerType>
  <BannerType2>1280x720</BannerType2>
  <Colors>|141,89,41|162,165,154|29,78,0|</Colors>
  <Language>en</Language>
  <Rating>4.0000</Rating>
  <RatingCount>6</RatingCount>
  <SeriesName>false</SeriesName>
  <ThumbnailPath>_cache/fanart/original/94971-17.jpg</ThumbnailPath>
  <VignettePath>fanart/vignette/94971-17.jpg</VignettePath>
</Banner>
<Banner>
  <id>395611</id>
  <BannerPath>fanart/original/94971-20.jpg</BannerPath>
  <BannerType>fanart</BannerType>
  <BannerType2>1280x720</BannerType2>
  <Colors>|251,248,243|135,94,128|207,171,147|</Colors>
  <Language>en</Language>
  <Rating>3.8333</Rating>
  <RatingCount>6</RatingCount>
  <SeriesName>false</SeriesName>
  <ThumbnailPath>_cache/fanart/original/94971-20.jpg</ThumbnailPath>
  <VignettePath>fanart/vignette/94971-20.jpg</VignettePath>
</Banner>
<Banner>
  <id>388381</id>
  <BannerPath>posters/94971-12.jpg</BannerPath>
  <BannerType>poster</BannerType>
  <BannerType2>680x1000</BannerType2>
  <Language>en</Language>
  <Rating>7.4118</Rating>
  <RatingCount>17</RatingCount>
</Banner>
<Banner>
  <id>284821</id>
  <BannerPath>posters/94971-9.jpg</BannerPath>
  <BannerType>poster</BannerType>
  <BannerType2>680x1000</BannerType2>
  <Language>en</Language>
  <Rating>7.4000</Rating>
  <RatingCount>10</RatingCount>
</Banner>
<Banner>
  <id>876796</id>
  <BannerPath>posters/94971-14.jpg</BannerPath>
  <BannerType>poster</BannerType>
  <BannerType2>680x1000</BannerType2>
  <Language>en</Language>
  <Rating>7.0000</Rating>
  <RatingCount>4</RatingCount>
</Banner>
<Banner>
  <id>274941</id>
  <BannerPath>posters/94971-2.jpg</BannerPath>
  <BannerType>poster</BannerType>
  <BannerType2>680x1000</BannerType2>
  <Language>en</Language>
  <Rating>6.9091</Rating>
  <RatingCount>22</RatingCount>
</Banner>
<Banner>
  <id>388371</id>
  <BannerPath>posters/94971-11.jpg</BannerPath>
  <BannerType>poster</BannerType>
  <BannerType2>680x1000</BannerType2>
  <Language>en</Language>
  <Rating>6.8571</Rating>
  <RatingCount>7</RatingCount>
</Banner>
<Banner>
  <id>406341</id>
  <BannerPath>posters/94971-13.jpg</BannerPath>
  <BannerType>poster</BannerType>
  <BannerType2>680x1000</BannerType2>
  <Language>en</Language>
  <Rating>6.7500</Rating>
  <RatingCount>4</RatingCount>
</Banner>
<Banner>
  <id>274151</id>
  <BannerPath>posters/94971-5.jpg</BannerPath>
  <BannerType>poster</BannerType>
  <BannerType2>680x1000</BannerType2>
  <Language>en</Language>
  <Rating>6.5000</Rating>
  <RatingCount>10</RatingCount>
</Banner>
<Banner>
  <id>284801</id>
  <BannerPath>posters/94971-7.jpg</BannerPath>
  <BannerType>poster</BannerType>
  <BannerType2>680x1000</BannerType2>
  <Language>en</Language>
  <Rating>5.0000</Rating>
  <RatingCount>5</RatingCount>
</Banner>
<Banner>
  <id>356391</id>
  <BannerPath>posters/94971-1.jpg</BannerPath>
  <BannerType>poster</BannerType>
  <BannerType2>680x1000</BannerType2>
  <Language>en</Language>
  <Rating>5.0000</Rating>
  <RatingCount>5</RatingCount>
</Banner>
<Banner>
  <id>284811</id>
  <BannerPath>posters/94971-8.jpg</BannerPath>
  <BannerType>poster</BannerType>
  <BannerType2>680x1000</BannerType2>
  <Language>en</Language>
  <Rating>4.8000</Rating>
  <RatingCount>5</RatingCount>
</Banner>
<Banner>
  <id>284781</id>
  <BannerPath>posters/94971-4.jpg</BannerPath>
  <BannerType>poster</BannerType>
  <BannerType2>680x1000</BannerType2>
  <Language>en</Language>
  <Rating>4.7500</Rating>
  <RatingCount>4</RatingCount>
</Banner>
<Banner>
  <id>284791</id>
  <BannerPath>posters/94971-6.jpg</BannerPath>
  <BannerType>poster</BannerType>
  <BannerType2>680x1000</BannerType2>
  <Language>en</Language>
  <Rating>4.6000</Rating>
  <RatingCount>5</RatingCount>
</Banner>
<Banner>
  <id>209011</id>
  <BannerPath>posters/94971-3.jpg</BannerPath>
  <BannerType>poster</BannerType>
  <BannerType2>680x1000</BannerType2>
  <Language>en</Language>
  <Rating>4.0000</Rating>
  <RatingCount>5</RatingCount>
</Banner>
<Banner>
  <id>910072</id>
  <BannerPath>posters/94971-16.jpg</BannerPath>
  <BannerType>poster</BannerType>
  <BannerType2>680x1000</BannerType2>
  <Language>en</Language>
  <Rating>4.0000</Rating>
  <RatingCount>3</RatingCount>
</Banner>
<Banner>
  <id>284851</id>
  <BannerPath>posters/94971-10.jpg</BannerPath>
  <BannerType>poster</BannerType>
  <BannerType2>680x1000</BannerType2>
  <Language>en</Language>
  <Rating>3.0000</Rating>
  <RatingCount>6</RatingCount>
</Banner>
<Banner>
  <id>900639</id>
  <BannerPath>posters/94971-15.jpg</BannerPath>
  <BannerType>poster</BannerType>
  <BannerType2>680x1000</BannerType2>
  <Language>en</Language>
  <Rating>1.0000</Rating>
  <RatingCount>1</RatingCount>
</Banner>
<Banner>
  <id>935748</id>
  <BannerPath>seasons/94971-2-8.jpg</BannerPath>
  <BannerType>season</BannerType>
  <BannerType2>season</BannerType2>
  <Language>en</Language>
  <Rating>10.0000</Rating>
  <RatingCount>1</RatingCount>
  <Season>2</Season>
</Banner>
<Banner>
  <id>935747</id>
  <BannerPath>seasons/94971-1-6.jpg</BannerPath>
  <BannerType>season</BannerType>
  <BannerType2>season</BannerType2>
  <Language>en</Language>
  <Rating>10.0000</Rating>
  <RatingCount>1</RatingCount>
  <Season>1</Season>
</Banner>
<Banner>
  <id>274141</id>
  <BannerPath>seasons/94971-1.jpg</BannerPath>
  <BannerType>season</BannerType>
  <BannerType2>season</BannerType2>
  <Language>en</Language>
  <Rating>7.4615</Rating>
  <RatingCount>13</RatingCount>
  <Season>1</Season>
</Banner>
<Banner>
  <id>504081</id>
  <BannerPath>seasons/94971-1-2.jpg</BannerPath>
  <BannerType>season</BannerType>
  <BannerType2>season</BannerType2>
  <Language>en</Language>
  <Rating>6.7273</Rating>
  <RatingCount>11</RatingCount>
  <Season>1</Season>
</Banner>
<Banner>
  <id>741241</id>
  <BannerPath>seasons/94971-2-3.jpg</BannerPath>
  <BannerType>season</BannerType>
  <BannerType2>season</BannerType2>
  <Language>en</Language>
  <Rating>6.6667</Rating>
  <RatingCount>6</RatingCount>
  <Season>2</Season>
</Banner>
<Banner>
  <id>871992</id>
  <BannerPath>seasons/94971-2-5.jpg</BannerPath>
  <BannerType>season</BannerType>
  <BannerType2>season</BannerType2>
  <Language>en</Language>
  <Rating>6.4000</Rating>
  <RatingCount>5</RatingCount>
  <Season>2</Season>
</Banner>
<Banner>
  <id>670391</id>
  <BannerPath>seasons/94971-2.jpg</BannerPath>
  <BannerType>season</BannerType>
  <BannerType2>season</BannerType2>
  <Language>en</Language>
  <Rating>6.0000</Rating>
  <RatingCount>6</RatingCount>
  <Season>2</Season>
</Banner>
<Banner>
  <id>862244</id>
  <BannerPath>seasons/94971-2-6.jpg</BannerPath>
  <BannerType>season</BannerType>
  <BannerType2>season</BannerType2>
  <Language>en</Language>
  <Rating>5.5000</Rating>
  <RatingCount>2</RatingCount>
  <Season>2</Season>
</Banner>
<Banner>
  <id>670401</id>
  <BannerPath>seasons/94971-2-2.jpg</BannerPath>
  <BannerType>season</BannerType>
  <BannerType2>season</BannerType2>
  <Language>en</Language>
  <Rating>5.0000</Rating>
  <RatingCount>4</RatingCount>
  <Season>2</Season>
</Banner>
<Banner>
  <id>767871</id>
  <BannerPath>seasons/94971-1-5.jpg</BannerPath>
  <BannerType>season</BannerType>
  <BannerType2>season</BannerType2>
  <Language>en</Language>
  <Rating>4.0000</Rating>
  <RatingCount>3</RatingCount>
  <Season>1</Season>
</Banner>
<Banner>
  <id>622541</id>
  <BannerPath>seasons/94971-1-3.jpg</BannerPath>
  <BannerType>season</BannerType>
  <BannerType2>season</BannerType2>
  <Language>es</Language>
  <Rating>4.0000</Rating>
  <RatingCount>4</RatingCount>
  <Season>1</Season>
</Banner>
<Banner>
  <id>662201</id>
  <BannerPath>seasons/94971-0.jpg</BannerPath>
  <BannerType>season</BannerType>
  <BannerType2>season</BannerType2>
  <Language>en</Language>
  <Rating></Rating>
  <RatingCount>0</RatingCount>
  <Season>0</Season>
</Banner>
<Banner>
  <id>622551</id>
  <BannerPath>seasonswide/94971-1.jpg</BannerPath>
  <BannerType>season</BannerType>
  <BannerType2>seasonwide</BannerType2>
  <Language>es</Language>
  <Rating>10.0000</Rating>
  <RatingCount>1</RatingCount>
  <Season>1</Season>
</Banner>
<Banner>
  <id>588121</id>
  <BannerPath>graphical/94971-g11.jpg</BannerPath>
  <BannerType>series</BannerType>
  <BannerType2>graphical</BannerType2>
  <Language>en</Language>
  <Rating>8.3846</Rating>
  <RatingCount>13</RatingCount>
</Banner>
<Banner>
  <id>215901</id>
  <BannerPath>graphical/94971-g6.jpg</BannerPath>
  <BannerType>series</BannerType>
  <BannerType2>graphical</BannerType2>
  <Language>en</Language>
  <Rating>6.7143</Rating>
  <RatingCount>7</RatingCount>
</Banner>
<Banner>
  <id>215891</id>
  <BannerPath>graphical/94971-g5.jpg</BannerPath>
  <BannerType>series</BannerType>
  <BannerType2>graphical</BannerType2>
  <Language>en</Language>
  <Rating>6.6667</Rating>
  <RatingCount>12</RatingCount>
</Banner>
<Banner>
  <id>876798</id>
  <BannerPath>graphical/94971-g13.jpg</BannerPath>
  <BannerType>series</BannerType>
  <BannerType2>graphical</BannerType2>
  <Language>en</Language>
  <Rating>6.6000</Rating>
  <RatingCount>5</RatingCount>
</Banner>
<Banner>
  <id>406351</id>
  <BannerPath>graphical/94971-g7.jpg</BannerPath>
  <BannerType>series</BannerType>
  <BannerType2>graphical</BannerType2>
  <Language>en</Language>
  <Rating>6.1250</Rating>
  <RatingCount>8</RatingCount>
</Banner>
<Banner>
  <id>444931</id>
  <BannerPath>graphical/94971-g9.jpg</BannerPath>
  <BannerType>series</BannerType>
  <BannerType2>graphical</BannerType2>
  <Language>en</Language>
  <Rating>5.6667</Rating>
  <RatingCount>3</RatingCount>
</Banner>
<Banner>
  <id>128601</id>
  <BannerPath>graphical/94971-g2.jpg</BannerPath>
  <BannerType>series</BannerType>
  <BannerType2>graphical</BannerType2>
  <Language>en</Language>
  <Rating>5.6000</Rating>
  <RatingCount>5</RatingCount>
</Banner>
<Banner>
  <id>876799</id>
  <BannerPath>graphical/94971-g14.jpg</BannerPath>
  <BannerType>series</BannerType>
  <BannerType2>graphical</BannerType2>
  <Language>en</Language>
  <Rating>5.0000</Rating>
  <RatingCount>1</RatingCount>
</Banner>
<Banner>
  <id>623341</id>
  <BannerPath>graphical/94971-g12.jpg</BannerPath>
  <BannerType>series</BannerType>
  <BannerType2>graphical</BannerType2>
  <Language>en</Language>
  <Rating>5.0000</Rating>
  <RatingCount>1</RatingCount>
</Banner>
<Banner>
  <id>412111</id>
  <BannerPath>graphical/94971-g8.jpg</BannerPath>
  <BannerType>series</BannerType>
  <BannerType2>graphical</BannerType2>
  <Language>en</Language>
  <Rating>5.0000</Rating>
  <RatingCount>1</RatingCount>
</Banner>
<Banner>
  <id>588111</id>
  <BannerPath>graphical/94971-g10.jpg</BannerPath>
  <BannerType>series</BannerType>
  <BannerType2>graphical</BannerType2>
  <Language>en</Language>
  <Rating>4.8000</Rating>
  <RatingCount>5</RatingCount>
</Banner>
<Banner>
  <id>897555</id>
  <BannerPath>text/94971.jpg</BannerPath>
  <BannerType>series</BannerType>
  <BannerType2>text</BannerType2>
  <Language>pt</Language>
  <Rating></Rating>
  <RatingCount>0</RatingCount>
</Banner>
</Banners>