<?xml version="1.0" encoding="UTF-8" ?>
<Actors>
<Actor>
  <id>11302</id>
  <Image>actors/11302.jpg</Image>
  <Name>David Mitchell</Name>
  <Role>Mark Corrigan</Role>
  <SortOrder>0</SortOrder>
</Actor>
<Actor>
  <id>11300</id>
  <Image>actors/11300.jpg</Image>
  <Name>Robert Webb</Name>
  <Role>Jeremy Osborne</Role>
  <SortOrder>1</SortOrder>
</Actor>
<Actor>
  <id>11301</id>
  <Image>actors/11301.jpg</Image>
  <Name>Olivia Colman</Name>
  <Role>Sophie Chapman</Role>
  <SortOrder>2</SortOrder>
</Actor>
<Actor>
  <id>11303</id>
  <Image>actors/11303.jpg</Image>
  <Name>Elizabeth Marmur</Name>
  <Role>Toni</Role>
  <SortOrder>3</SortOrder>
</Actor>
<Actor>
  <id>11299</id>
  <Image>actors/11299.jpg</Image>
  <Name>Matt King</Name>
  <Role>Super Hans</Role>
  <SortOrder>3</SortOrder>
</Actor>
<Actor>
  <id>11298</id>
  <Image>actors/11298.jpg</Image>
  <Name>Neil Fitzmaurice</Name>
  <Role>Jeff Heaney</Role>
  <SortOrder>3</SortOrder>
</Actor>
<Actor>
  <id>305843</id>
  <Image></Image>
  <Name>Isy Suttie</Name>
  <Role>Dobby</Role>
  <SortOrder>3</SortOrder>
</Actor>
<Actor>
  <id>309364</id>
  <Image></Image>
  <Name>Paterson Joseph</Name>
  <Role>Alan Johnson</Role>
  <SortOrder>3</SortOrder>
</Actor>
</Actors>