<?xml version="1.0" encoding="UTF-8" ?>
<Actors>
<Actor>
  <id>239931</id>
  <Image>actors/239931.jpg</Image>
  <Name>H. Jon Benjamin</Name>
  <Role>Bob Belcher</Role>
  <SortOrder>0</SortOrder>
</Actor>
<Actor>
  <id>239941</id>
  <Image>actors/239941.jpg</Image>
  <Name>John Roberts</Name>
  <Role>Linda Belcher</Role>
  <SortOrder>1</SortOrder>
</Actor>
<Actor>
  <id>239951</id>
  <Image>actors/239951.jpg</Image>
  <Name>Kristen Schaal</Name>
  <Role>Louise Belcher</Role>
  <SortOrder>2</SortOrder>
</Actor>
<Actor>
  <id>239971</id>
  <Image></Image>
  <Name>Dan Mintz</Name>
  <Role>Tina Belcher</Role>
  <SortOrder>3</SortOrder>
</Actor>
<Actor>
  <id>239961</id>
  <Image></Image>
  <Name>Eugene Mirman</Name>
  <Role>Gene Belcher</Role>
  <SortOrder>3</SortOrder>
</Actor>
</Actors>