<?xml version="1.0" encoding="UTF-8" ?>
<Data><Series>
  <id>194031</id>
  <Actors>|H. Jon Benjamin|John Roberts|Kristen Schaal|Dan Mintz|Eugene Mirman|</Actors>
  <Airs_DayOfWeek>Sunday</Airs_DayOfWeek>
  <Airs_Time>8:30 PM</Airs_Time>
  <ContentRating>TV-PG</ContentRating>
  <FirstAired>2011-01-09</FirstAired>
  <Genre>|Animation|Comedy|</Genre>
  <IMDB_ID>tt1561755</IMDB_ID>
  <Language>en</Language>
  <Network>FOX</Network>
  <NetworkID></NetworkID>
  <Overview>Bob's Burgers follows a third-generation restaurateur, Bob, as he runs Bob's Burgers with the help of his wife and their three kids. Bob and his quirky family have big ideas about burgers, but fall short on service and sophistication. Despite the greasy counters, lousy location and a dearth of customers, Bob and his family are determined to make Bob's Burgers &quot;grand re-re-re-opening&quot; a success.</Overview>
  <Rating>7.9</Rating>
  <RatingCount>38</RatingCount>
  <Runtime>20</Runtime>
  <SeriesID>78321</SeriesID>
  <SeriesName>Bob's Burgers</SeriesName>
  <Status>Continuing</Status>
  <added>2010-09-29 23:51:13</added>
  <addedBy>232601</addedBy>
  <banner>graphical/194031-g.jpg</banner>
  <fanart>fanart/original/194031-1.jpg</fanart>
  <lastupdated>1364852166</lastupdated>
  <poster>posters/194031-2.jpg</poster>
  <zap2it_id>SH01279298</zap2it_id>
</Series>
<Episode>
  <id>4410602</id>
  <Combined_episodenumber>1</Combined_episodenumber>
  <Combined_season>0</Combined_season>
  <DVD_chapter></DVD_chapter>
  <DVD_discid></DVD_discid>
  <DVD_episodenumber></DVD_episodenumber>
  <DVD_season></DVD_season>
  <Director></Director>
  <EpImgFlag></EpImgFlag>
  <EpisodeName>Demo for Fox (Pilot)</EpisodeName>
  <EpisodeNumber>1</EpisodeNumber>
  <FirstAired></FirstAired>
  <GuestStars></GuestStars>
  <IMDB_ID></IMDB_ID>
  <Language>en</Language>
  <Overview></Overview>
  <ProductionCode></ProductionCode>
  <Rating></Rating>
  <RatingCount>0</RatingCount>
  <SeasonNumber>0</SeasonNumber>
  <Writer></Writer>
  <absolute_number></absolute_number>
  <airsafter_season></airsafter_season>
  <airsbefore_episode></airsbefore_episode>
  <airsbefore_season></airsbefore_season>
  <filename></filename>
  <lastupdated>1349284967</lastupdated>
  <seasonid>326651</seasonid>
  <seriesid>194031</seriesid>
</Episode>
<Episode>
  <id>4410608</id>
  <Combined_episodenumber>2</Combined_episodenumber>
  <Combined_season>0</Combined_season>
  <DVD_chapter></DVD_chapter>
  <DVD_discid></DVD_discid>
  <DVD_episodenumber></DVD_episodenumber>
  <DVD_season></DVD_season>
  <Director></Director>
  <EpImgFlag></EpImgFlag>
  <EpisodeName>Louise's Chalkboard</EpisodeName>
  <EpisodeNumber>2</EpisodeNumber>
  <FirstAired></FirstAired>
  <GuestStars></GuestStars>
  <IMDB_ID></IMDB_ID>
  <Language>en</Language>
  <Overview></Overview>
  <ProductionCode></ProductionCode>
  <Rating></Rating>
  <RatingCount>0</RatingCount>
  <SeasonNumber>0</SeasonNumber>
  <Writer></Writer>
  <absolute_number></absolute_number>
  <airsafter_season></airsafter_season>
  <airsbefore_episode></airsbefore_episode>
  <airsbefore_season></airsbefore_season>
  <filename></filename>
  <lastupdated>1349285286</lastupdated>
  <seasonid>326651</seasonid>
  <seriesid>194031</seriesid>
</Episode>
<Episode>
  <id>3381351</id>
  <Combined_episodenumber>1</Combined_episodenumber>
  <Combined_season>1</Combined_season>
  <DVD_chapter></DVD_chapter>
  <DVD_discid></DVD_discid>
  <DVD_episodenumber></DVD_episodenumber>
  <DVD_season></DVD_season>
  <Director>Anthony Chun</Director>
  <EpImgFlag>2</EpImgFlag>
  <EpisodeName>Human Flesh</EpisodeName>
  <EpisodeNumber>1</EpisodeNumber>
  <FirstAired>2011-01-09</FirstAired>
  <GuestStars></GuestStars>
  <IMDB_ID></IMDB_ID>
  <Language>en</Language>
  <Overview>A health inspector's visit coincides with Bob's efforts to bring in customers. </Overview>
  <ProductionCode>1ASA01</ProductionCode>
  <Rating>7.2</Rating>
  <RatingCount>21</RatingCount>
  <SeasonNumber>1</SeasonNumber>
  <Writer>|Loren Bouchard|Jim Dauterive|</Writer>
  <absolute_number></absolute_number>
  <filename>episodes/194031/3381351.jpg</filename>
  <lastupdated>1364751130</lastupdated>
  <seasonid>383141</seasonid>
  <seriesid>194031</seriesid>
</Episode>
<Episode>
  <id>3381361</id>
  <Combined_episodenumber>2</Combined_episodenumber>
  <Combined_season>1</Combined_season>
  <DVD_chapter></DVD_chapter>
  <DVD_discid></DVD_discid>
  <DVD_episodenumber></DVD_episodenumber>
  <DVD_season></DVD_season>
  <Director>Kyounghee Lim</Director>
  <EpImgFlag>2</EpImgFlag>
  <EpisodeName>Crawl Space</EpisodeName>
  <EpisodeNumber>2</EpisodeNumber>
  <FirstAired>2011-01-16</FirstAired>
  <GuestStars></GuestStars>
  <IMDB_ID></IMDB_ID>
  <Language>en</Language>
  <Overview>A leaky roof causes Bob to get trapped in a wall while Linda's mother visits. </Overview>
  <ProductionCode>1ASA02</ProductionCode>
  <Rating>7.2</Rating>
  <RatingCount>21</RatingCount>
  <SeasonNumber>1</SeasonNumber>
  <Writer>|Loren Bouchard|Jim Dauterive|</Writer>
  <absolute_number></absolute_number>
  <filename>episodes/194031/3381361.jpg</filename>
  <lastupdated>1364751147</lastupdated>
  <seasonid>383141</seasonid>
  <seriesid>194031</seriesid>
</Episode>
<Episode>
  <id>3381371</id>
  <Combined_episodenumber>3</Combined_episodenumber>
  <Combined_season>1</Combined_season>
  <DVD_chapter></DVD_chapter>
  <DVD_discid></DVD_discid>
  <DVD_episodenumber></DVD_episodenumber>
  <DVD_season></DVD_season>
  <Director>Jennifer Coyle</Director>
  <EpImgFlag>2</EpImgFlag>
  <EpisodeName>Sacred Cow</EpisodeName>
  <EpisodeNumber>3</EpisodeNumber>
  <FirstAired>2011-01-23</FirstAired>
  <GuestStars></GuestStars>
  <IMDB_ID></IMDB_ID>
  <Language>en</Language>
  <Overview>Bob takes to a film maker's cow.</Overview>
  <ProductionCode>1ASA04</ProductionCode>
  <Rating>7.2</Rating>
  <RatingCount>17</RatingCount>
  <SeasonNumber>1</SeasonNumber>
  <Writer>Nora Smith</Writer>
  <absolute_number></absolute_number>
  <filename>episodes/194031/3381371.jpg</filename>
  <lastupdated>1364751352</lastupdated>
  <seasonid>383141</seasonid>
  <seriesid>194031</seriesid>
</Episode>
<Episode>
  <id>3381401</id>
  <Combined_episodenumber>4</Combined_episodenumber>
  <Combined_season>1</Combined_season>
  <DVD_chapter></DVD_chapter>
  <DVD_discid></DVD_discid>
  <DVD_episodenumber></DVD_episodenumber>
  <DVD_season></DVD_season>
  <Director>Anthony Chun</Director>
  <EpImgFlag>2</EpImgFlag>
  <EpisodeName>Sexy Dance Fighting</EpisodeName>
  <EpisodeNumber>4</EpisodeNumber>
  <FirstAired>2011-02-13</FirstAired>
  <GuestStars></GuestStars>
  <IMDB_ID></IMDB_ID>
  <Language>en</Language>
  <Overview>Tina develops a crush on her martial arts instructor.</Overview>
  <ProductionCode>1ASA06</ProductionCode>
  <Rating>7.0</Rating>
  <RatingCount>14</RatingCount>
  <SeasonNumber>1</SeasonNumber>
  <Writer>|Steven Davis|Kelvin Yu|</Writer>
  <absolute_number></absolute_number>
  <filename>episodes/194031/3381401.jpg</filename>
  <lastupdated>1364751329</lastupdated>
  <seasonid>383141</seasonid>
  <seriesid>194031</seriesid>
</Episode>
<Episode>
  <id>3381391</id>
  <Combined_episodenumber>5</Combined_episodenumber>
  <Combined_season>1</Combined_season>
  <DVD_chapter></DVD_chapter>
  <DVD_discid></DVD_discid>
  <DVD_episodenumber></DVD_episodenumber>
  <DVD_season></DVD_season>
  <Director>Wes Archer</Director>
  <EpImgFlag>2</EpImgFlag>
  <EpisodeName>Hamburger Dinner Theater</EpisodeName>
  <EpisodeNumber>5</EpisodeNumber>
  <FirstAired>2011-02-20</FirstAired>
  <GuestStars></GuestStars>
  <IMDB_ID></IMDB_ID>
  <Language>en</Language>
  <Overview>Linda and the kids stage a murder mystery that doesn't go as planned.</Overview>
  <ProductionCode>1ASA05</ProductionCode>
  <Rating>6.6</Rating>
  <RatingCount>13</RatingCount>
  <SeasonNumber>1</SeasonNumber>
  <Writer>|Dan Fybel|Rich Rinaldi|</Writer>
  <absolute_number></absolute_number>
  <filename>episodes/194031/3381391.jpg</filename>
  <lastupdated>1364751193</lastupdated>
  <seasonid>383141</seasonid>
  <seriesid>194031</seriesid>
</Episode>
<Episode>
  <id>3381381</id>
  <Combined_episodenumber>6</Combined_episodenumber>
  <Combined_season>1</Combined_season>
  <DVD_chapter></DVD_chapter>
  <DVD_discid></DVD_discid>
  <DVD_episodenumber></DVD_episodenumber>
  <DVD_season></DVD_season>
  <Director></Director>
  <EpImgFlag>2</EpImgFlag>
  <EpisodeName>Sheesh! Cab, Bob?</EpisodeName>
  <EpisodeNumber>6</EpisodeNumber>
  <FirstAired>2011-03-06</FirstAired>
  <GuestStars></GuestStars>
  <IMDB_ID></IMDB_ID>
  <Language>en</Language>
  <Overview>Tina is desperate to get her first kiss at her 13th birthday party. But after Louise breaks the deep fryer, Bob takes a second job as a late-night cab driver to pay for Tina’s party. Things keep getting worse for Bob when the parents of Tina’s crush refuse to let their son attend the party, and Bob has to do everything in his power to save his daughter’s big day.</Overview>
  <ProductionCode>1ASA09</ProductionCode>
  <Rating>7.1</Rating>
  <RatingCount>16</RatingCount>
  <SeasonNumber>1</SeasonNumber>
  <Writer></Writer>
  <absolute_number></absolute_number>
  <filename>episodes/194031/3381381.jpg</filename>
  <lastupdated>1364752038</lastupdated>
  <seasonid>383141</seasonid>
  <seriesid>194031</seriesid>
</Episode>
<Episode>
  <id>3381411</id>
  <Combined_episodenumber>7</Combined_episodenumber>
  <Combined_season>1</Combined_season>
  <DVD_chapter></DVD_chapter>
  <DVD_discid></DVD_discid>
  <DVD_episodenumber></DVD_episodenumber>
  <DVD_season></DVD_season>
  <Director></Director>
  <EpImgFlag>2</EpImgFlag>
  <EpisodeName>Bed &amp; Breakfast</EpisodeName>
  <EpisodeNumber>7</EpisodeNumber>
  <FirstAired>2011-03-13</FirstAired>
  <GuestStars></GuestStars>
  <IMDB_ID></IMDB_ID>
  <Language>en</Language>
  <Overview>Louise spies on the Belcher's suspicious house guest.</Overview>
  <ProductionCode>1ASA08</ProductionCode>
  <Rating>6.9</Rating>
  <RatingCount>13</RatingCount>
  <SeasonNumber>1</SeasonNumber>
  <Writer></Writer>
  <absolute_number></absolute_number>
  <filename>episodes/194031/3381411.jpg</filename>
  <lastupdated>1364751286</lastupdated>
  <seasonid>383141</seasonid>
  <seriesid>194031</seriesid>
</Episode>
<Episode>
  <id>3381431</id>
  <Combined_episodenumber>8</Combined_episodenumber>
  <Combined_season>1</Combined_season>
  <DVD_chapter></DVD_chapter>
  <DVD_discid></DVD_discid>
  <DVD_episodenumber></DVD_episodenumber>
  <DVD_season></DVD_season>
  <Director>Kyounghee Lim</Director>
  <EpImgFlag>2</EpImgFlag>
  <EpisodeName>Art Crawl</EpisodeName>
  <EpisodeNumber>8</EpisodeNumber>
  <FirstAired>2011-03-20</FirstAired>
  <GuestStars></GuestStars>
  <IMDB_ID></IMDB_ID>
  <Language>en</Language>
  <Overview>It's Bob vs. the city art council when Linda's sister displays her work at Bob's Burgers. </Overview>
  <ProductionCode>1ASA07</ProductionCode>
  <Rating>7.1</Rating>
  <RatingCount>12</RatingCount>
  <SeasonNumber>1</SeasonNumber>
  <Writer>|Lizzie Molyneux|Wendy Molyneux|</Writer>
  <absolute_number></absolute_number>
  <filename>episodes/194031/3381431.jpg</filename>
  <lastupdated>1364751264</lastupdated>
  <seasonid>383141</seasonid>
  <seriesid>194031</seriesid>
</Episode>
<Episode>
  <id>3381441</id>
  <Combined_episodenumber>9</Combined_episodenumber>
  <Combined_season>1</Combined_season>
  <DVD_chapter></DVD_chapter>
  <DVD_discid></DVD_discid>
  <DVD_episodenumber></DVD_episodenumber>
  <DVD_season></DVD_season>
  <Director></Director>
  <EpImgFlag>2</EpImgFlag>
  <EpisodeName>Spaghetti Western and Meatballs</EpisodeName>
  <EpisodeNumber>9</EpisodeNumber>
  <FirstAired>2011-03-27</FirstAired>
  <GuestStars></GuestStars>
  <IMDB_ID></IMDB_ID>
  <Language>en</Language>
  <Overview>Bob and Gene bond over spaghetti western movies, which makes Louise jealous.</Overview>
  <ProductionCode>1ASA10</ProductionCode>
  <Rating>7.1</Rating>
  <RatingCount>10</RatingCount>
  <SeasonNumber>1</SeasonNumber>
  <Writer></Writer>
  <absolute_number></absolute_number>
  <filename>episodes/194031/3381441.jpg</filename>
  <lastupdated>1364751879</lastupdated>
  <seasonid>383141</seasonid>
  <seriesid>194031</seriesid>
</Episode>
<Episode>
  <id>3381421</id>
  <Combined_episodenumber>10</Combined_episodenumber>
  <Combined_season>1</Combined_season>
  <DVD_chapter></DVD_chapter>
  <DVD_discid></DVD_discid>
  <DVD_episodenumber></DVD_episodenumber>
  <DVD_season></DVD_season>
  <Director></Director>
  <EpImgFlag>2</EpImgFlag>
  <EpisodeName>Burger Wars</EpisodeName>
  <EpisodeNumber>10</EpisodeNumber>
  <FirstAired>2011-04-10</FirstAired>
  <GuestStars></GuestStars>
  <IMDB_ID>tt1876671</IMDB_ID>
  <Language>en</Language>
  <Overview>When Bob's eccentric landlord, Mr. Fischoeder, pays the family a visit, he informs Bob that his rival across the street, Jimmy Pesto of Jimmy Pesto's Pizzeria, wants to take over Bob's lease so that he can expand his gift shop. With little time and not enough money, the Belcher family must cook up some business or luck to save the restaurant.</Overview>
  <ProductionCode>1ASA03</ProductionCode>
  <Rating>6.9</Rating>
  <RatingCount>14</RatingCount>
  <SeasonNumber>1</SeasonNumber>
  <Writer></Writer>
  <absolute_number></absolute_number>
  <filename>episodes/194031/3381421.jpg</filename>
  <lastupdated>1364751623</lastupdated>
  <seasonid>383141</seasonid>
  <seriesid>194031</seriesid>
</Episode>
<Episode>
  <id>3381461</id>
  <Combined_episodenumber>11</Combined_episodenumber>
  <Combined_season>1</Combined_season>
  <DVD_chapter></DVD_chapter>
  <DVD_discid></DVD_discid>
  <DVD_episodenumber></DVD_episodenumber>
  <DVD_season></DVD_season>
  <Director></Director>
  <EpImgFlag>2</EpImgFlag>
  <EpisodeName>Weekend at Mort's</EpisodeName>
  <EpisodeNumber>11</EpisodeNumber>
  <FirstAired>2011-05-08</FirstAired>
  <GuestStars></GuestStars>
  <IMDB_ID></IMDB_ID>
  <Language>en</Language>
  <Overview>Bob and his family are forced to spend the weekend at Mort the Mortician's while the restaurant is being de-molded. Linda and Bob double date with Mort and a female mortician he meets online while Tina babysits Gene and Louise in Mort’s crematorium.</Overview>
  <ProductionCode>1ASA11</ProductionCode>
  <Rating>7.3</Rating>
  <RatingCount>14</RatingCount>
  <SeasonNumber>1</SeasonNumber>
  <Writer></Writer>
  <absolute_number></absolute_number>
  <filename>episodes/194031/3381461.jpg</filename>
  <lastupdated>1364751910</lastupdated>
  <seasonid>383141</seasonid>
  <seriesid>194031</seriesid>
</Episode>
<Episode>
  <id>3381471</id>
  <Combined_episodenumber>12</Combined_episodenumber>
  <Combined_season>1</Combined_season>
  <DVD_chapter></DVD_chapter>
  <DVD_discid></DVD_discid>
  <DVD_episodenumber></DVD_episodenumber>
  <DVD_season></DVD_season>
  <Director></Director>
  <EpImgFlag>2</EpImgFlag>
  <EpisodeName>Lobsterfest</EpisodeName>
  <EpisodeNumber>12</EpisodeNumber>
  <FirstAired>2011-05-15</FirstAired>
  <GuestStars></GuestStars>
  <IMDB_ID></IMDB_ID>
  <Language>en</Language>
  <Overview>After the town's annual Lobsterfest is cancelled by a storm, Bob defiantly opens his doors for a festive celebration. When he wakes the next morning, Bob finds the restaurant in disarray and that the town has spurned him, but Bob won't let that deter him from further involvement in the celebratory weekend.</Overview>
  <ProductionCode>1ASA13</ProductionCode>
  <Rating>7.4</Rating>
  <RatingCount>13</RatingCount>
  <SeasonNumber>1</SeasonNumber>
  <Writer></Writer>
  <absolute_number></absolute_number>
  <filename>episodes/194031/3381471.jpg</filename>
  <lastupdated>1364751928</lastupdated>
  <seasonid>383141</seasonid>
  <seriesid>194031</seriesid>
</Episode>
<Episode>
  <id>3381481</id>
  <Combined_episodenumber>13</Combined_episodenumber>
  <Combined_season>1</Combined_season>
  <DVD_chapter></DVD_chapter>
  <DVD_discid></DVD_discid>
  <DVD_episodenumber></DVD_episodenumber>
  <DVD_season></DVD_season>
  <Director></Director>
  <EpImgFlag>2</EpImgFlag>
  <EpisodeName>Torpedo</EpisodeName>
  <EpisodeNumber>13</EpisodeNumber>
  <FirstAired>2011-05-22</FirstAired>
  <GuestStars></GuestStars>
  <IMDB_ID></IMDB_ID>
  <Language>en</Language>
  <Overview>Bob's hero, a washed-up baseball player named Torpedo Jones, starts pitching for the local minor league team. Torpedo befriends Bob, but the dark underbelly of minor league baseball threatens to corrupt the Belchers.</Overview>
  <ProductionCode>1ASA12</ProductionCode>
  <Rating>7.5</Rating>
  <RatingCount>14</RatingCount>
  <SeasonNumber>1</SeasonNumber>
  <Writer></Writer>
  <absolute_number></absolute_number>
  <filename>episodes/194031/3381481.jpg</filename>
  <lastupdated>1364751946</lastupdated>
  <seasonid>383141</seasonid>
  <seriesid>194031</seriesid>
</Episode>
<Episode>
  <id>4104614</id>
  <Combined_episodenumber>1</Combined_episodenumber>
  <Combined_season>2</Combined_season>
  <DVD_chapter></DVD_chapter>
  <DVD_discid></DVD_discid>
  <DVD_episodenumber></DVD_episodenumber>
  <DVD_season></DVD_season>
  <Director></Director>
  <EpImgFlag>2</EpImgFlag>
  <EpisodeName>The Belchies</EpisodeName>
  <EpisodeNumber>1</EpisodeNumber>
  <FirstAired>2012-03-11</FirstAired>
  <GuestStars></GuestStars>
  <IMDB_ID></IMDB_ID>
  <Language>en</Language>
  <Overview>The kids hunt for treasure in an abandoned taffy factory and Bob and Linda must find them before the factory’s scheduled demolition</Overview>
  <ProductionCode></ProductionCode>
  <Rating>7.3</Rating>
  <RatingCount>15</RatingCount>
  <SeasonNumber>2</SeasonNumber>
  <Writer></Writer>
  <absolute_number></absolute_number>
  <filename>episodes/194031/4104614.jpg</filename>
  <lastupdated>1364752272</lastupdated>
  <seasonid>462761</seasonid>
  <seriesid>194031</seriesid>
</Episode>
<Episode>
  <id>4284893</id>
  <Combined_episodenumber>2</Combined_episodenumber>
  <Combined_season>2</Combined_season>
  <DVD_chapter></DVD_chapter>
  <DVD_discid></DVD_discid>
  <DVD_episodenumber></DVD_episodenumber>
  <DVD_season></DVD_season>
  <Director></Director>
  <EpImgFlag>2</EpImgFlag>
  <EpisodeName>Bob Day Afternoon</EpisodeName>
  <EpisodeNumber>2</EpisodeNumber>
  <FirstAired>2012-03-18</FirstAired>
  <GuestStars></GuestStars>
  <IMDB_ID></IMDB_ID>
  <Language>en</Language>
  <Overview>A bank robber holds up a bank across the street from Bob’s Burgers. When the robbery goes awry, Bob finds himself at the center of a hostage crisis.</Overview>
  <ProductionCode></ProductionCode>
  <Rating>7.5</Rating>
  <RatingCount>8</RatingCount>
  <SeasonNumber>2</SeasonNumber>
  <Writer></Writer>
  <absolute_number></absolute_number>
  <filename>episodes/194031/4284893.jpg</filename>
  <lastupdated>1364752291</lastupdated>
  <seasonid>462761</seasonid>
  <seriesid>194031</seriesid>
</Episode>
<Episode>
  <id>4284894</id>
  <Combined_episodenumber>3</Combined_episodenumber>
  <Combined_season>2</Combined_season>
  <DVD_chapter></DVD_chapter>
  <DVD_discid></DVD_discid>
  <DVD_episodenumber></DVD_episodenumber>
  <DVD_season></DVD_season>
  <Director></Director>
  <EpImgFlag>2</EpImgFlag>
  <EpisodeName>Synchronized Swimming</EpisodeName>
  <EpisodeNumber>3</EpisodeNumber>
  <FirstAired>2012-03-25</FirstAired>
  <GuestStars></GuestStars>
  <IMDB_ID></IMDB_ID>
  <Language>en</Language>
  <Overview>The kids con their way out of gym class with a bogus synchronized swimming independent study. Meanwhile, Bob welcomes a new soft serve ice cream machine to the restaurant.</Overview>
  <ProductionCode></ProductionCode>
  <Rating>7.4</Rating>
  <RatingCount>14</RatingCount>
  <SeasonNumber>2</SeasonNumber>
  <Writer></Writer>
  <absolute_number></absolute_number>
  <filename>episodes/194031/4284894.jpg</filename>
  <lastupdated>1364752309</lastupdated>
  <seasonid>462761</seasonid>
  <seriesid>194031</seriesid>
</Episode>
<Episode>
  <id>4284895</id>
  <Combined_episodenumber>4</Combined_episodenumber>
  <Combined_season>2</Combined_season>
  <DVD_chapter></DVD_chapter>
  <DVD_discid></DVD_discid>
  <DVD_episodenumber></DVD_episodenumber>
  <DVD_season></DVD_season>
  <Director></Director>
  <EpImgFlag>2</EpImgFlag>
  <EpisodeName>Burgerboss</EpisodeName>
  <EpisodeNumber>4</EpisodeNumber>
  <FirstAired>2012-04-01</FirstAired>
  <GuestStars></GuestStars>
  <IMDB_ID></IMDB_ID>
  <Language>en</Language>
  <Overview>Bob becomes obsessed with an old-school burger-flipping video game after Jimmy Pesto gets the high score and writes &quot;BOB SUX&quot; on the leader board.</Overview>
  <ProductionCode></ProductionCode>
  <Rating>7.8</Rating>
  <RatingCount>11</RatingCount>
  <SeasonNumber>2</SeasonNumber>
  <Writer></Writer>
  <absolute_number></absolute_number>
  <filename>episodes/194031/4284895.jpg</filename>
  <lastupdated>1364752335</lastupdated>
  <seasonid>462761</seasonid>
  <seriesid>194031</seriesid>
</Episode>
<Episode>
  <id>4306750</id>
  <Combined_episodenumber>5</Combined_episodenumber>
  <Combined_season>2</Combined_season>
  <DVD_chapter></DVD_chapter>
  <DVD_discid></DVD_discid>
  <DVD_episodenumber></DVD_episodenumber>
  <DVD_season></DVD_season>
  <Director></Director>
  <EpImgFlag>2</EpImgFlag>
  <EpisodeName>Food Truckin'</EpisodeName>
  <EpisodeNumber>5</EpisodeNumber>
  <FirstAired>2012-04-15</FirstAired>
  <GuestStars></GuestStars>
  <IMDB_ID></IMDB_ID>
  <Language>en</Language>
  <Overview>The Belchers beg Bob to buy a food truck to compete against the ones that are stealing his customers. When the &quot;Lolla-Pa-Foods-A-Festival&quot; comes up, the Belchers bring the truck and the kids decide to cause mischief. Unfortunately, this causes a riot to rise from the other food truckers.</Overview>
  <ProductionCode></ProductionCode>
  <Rating>7.4</Rating>
  <RatingCount>10</RatingCount>
  <SeasonNumber>2</SeasonNumber>
  <Writer></Writer>
  <absolute_number></absolute_number>
  <filename>episodes/194031/4306750.jpg</filename>
  <lastupdated>1364752352</lastupdated>
  <seasonid>462761</seasonid>
  <seriesid>194031</seriesid>
</Episode>
<Episode>
  <id>4308992</id>
  <Combined_episodenumber>6</Combined_episodenumber>
  <Combined_season>2</Combined_season>
  <DVD_chapter></DVD_chapter>
  <DVD_discid></DVD_discid>
  <DVD_episodenumber></DVD_episodenumber>
  <DVD_season></DVD_season>
  <Director></Director>
  <EpImgFlag>2</EpImgFlag>
  <EpisodeName>Dr. Yap</EpisodeName>
  <EpisodeNumber>6</EpisodeNumber>
  <FirstAired>2012-04-29</FirstAired>
  <GuestStars></GuestStars>
  <IMDB_ID></IMDB_ID>
  <Language>en</Language>
  <Overview>While Bob is medicated, he mistakes Linda's sister, Gayle, for his wife and kisses her. After she falls for him, Bob seeks help from Dr. Yap. </Overview>
  <ProductionCode></ProductionCode>
  <Rating>7.2</Rating>
  <RatingCount>12</RatingCount>
  <SeasonNumber>2</SeasonNumber>
  <Writer></Writer>
  <absolute_number></absolute_number>
  <filename>episodes/194031/4308992.jpg</filename>
  <lastupdated>1364752372</lastupdated>
  <seasonid>462761</seasonid>
  <seriesid>194031</seriesid>
</Episode>
<Episode>
  <id>4308993</id>
  <Combined_episodenumber>7</Combined_episodenumber>
  <Combined_season>2</Combined_season>
  <DVD_chapter></DVD_chapter>
  <DVD_discid></DVD_discid>
  <DVD_episodenumber></DVD_episodenumber>
  <DVD_season></DVD_season>
  <Director></Director>
  <EpImgFlag>2</EpImgFlag>
  <EpisodeName>Moody Foodie</EpisodeName>
  <EpisodeNumber>7</EpisodeNumber>
  <FirstAired>2012-05-06</FirstAired>
  <GuestStars></GuestStars>
  <IMDB_ID></IMDB_ID>
  <Language>en</Language>
  <Overview>The restaurant receives a negative review from a vicious food critic. </Overview>
  <ProductionCode></ProductionCode>
  <Rating>7.5</Rating>
  <RatingCount>11</RatingCount>
  <SeasonNumber>2</SeasonNumber>
  <Writer></Writer>
  <absolute_number></absolute_number>
  <filename>episodes/194031/4308993.jpg</filename>
  <lastupdated>1364752401</lastupdated>
  <seasonid>462761</seasonid>
  <seriesid>194031</seriesid>
</Episode>
<Episode>
  <id>4316285</id>
  <Combined_episodenumber>8</Combined_episodenumber>
  <Combined_season>2</Combined_season>
  <DVD_chapter></DVD_chapter>
  <DVD_discid></DVD_discid>
  <DVD_episodenumber></DVD_episodenumber>
  <DVD_season></DVD_season>
  <Director></Director>
  <EpImgFlag>2</EpImgFlag>
  <EpisodeName>Bad Tina</EpisodeName>
  <EpisodeNumber>8</EpisodeNumber>
  <FirstAired>2012-05-13</FirstAired>
  <GuestStars></GuestStars>
  <IMDB_ID></IMDB_ID>
  <Language>en</Language>
  <Overview>Tina befriends a bad girl in a bid to get closer to Jimmy Junior.</Overview>
  <ProductionCode></ProductionCode>
  <Rating>7.9</Rating>
  <RatingCount>7</RatingCount>
  <SeasonNumber>2</SeasonNumber>
  <Writer></Writer>
  <absolute_number></absolute_number>
  <filename>episodes/194031/4316285.jpg</filename>
  <lastupdated>1364752442</lastupdated>
  <seasonid>462761</seasonid>
  <seriesid>194031</seriesid>
</Episode>
<Episode>
  <id>4316286</id>
  <Combined_episodenumber>9</Combined_episodenumber>
  <Combined_season>2</Combined_season>
  <DVD_chapter></DVD_chapter>
  <DVD_discid></DVD_discid>
  <DVD_episodenumber></DVD_episodenumber>
  <DVD_season></DVD_season>
  <Director></Director>
  <EpImgFlag>2</EpImgFlag>
  <EpisodeName>Beefsquatch</EpisodeName>
  <EpisodeNumber>9</EpisodeNumber>
  <FirstAired>2012-05-20</FirstAired>
  <GuestStars></GuestStars>
  <IMDB_ID></IMDB_ID>
  <Language>en</Language>
  <Overview>Bob appears in a cooking segment on a local news morning program, but Gene steals the show when he crashes the set with a sasquatch mask.</Overview>
  <ProductionCode></ProductionCode>
  <Rating>7.3</Rating>
  <RatingCount>9</RatingCount>
  <SeasonNumber>2</SeasonNumber>
  <Writer></Writer>
  <absolute_number></absolute_number>
  <filename>episodes/194031/4316286.jpg</filename>
  <lastupdated>1340565884</lastupdated>
  <seasonid>462761</seasonid>
  <seriesid>194031</seriesid>
</Episode>
<Episode>
  <id>4345289</id>
  <Combined_episodenumber>1</Combined_episodenumber>
  <Combined_season>3</Combined_season>
  <DVD_chapter></DVD_chapter>
  <DVD_discid></DVD_discid>
  <DVD_episodenumber></DVD_episodenumber>
  <DVD_season></DVD_season>
  <Director></Director>
  <EpImgFlag>2</EpImgFlag>
  <EpisodeName>Ear-sy Rider</EpisodeName>
  <EpisodeNumber>1</EpisodeNumber>
  <FirstAired>2012-09-30</FirstAired>
  <GuestStars></GuestStars>
  <IMDB_ID></IMDB_ID>
  <Language>en</Language>
  <Overview>A biker gang sets up shop in the restaurant, where they lament the loss of their beloved leader.</Overview>
  <ProductionCode></ProductionCode>
  <Rating>7.6</Rating>
  <RatingCount>8</RatingCount>
  <SeasonNumber>3</SeasonNumber>
  <Writer></Writer>
  <absolute_number></absolute_number>
  <filename>episodes/194031/4345289.jpg</filename>
  <lastupdated>1349055586</lastupdated>
  <seasonid>494899</seasonid>
  <seriesid>194031</seriesid>
</Episode>
<Episode>
  <id>4405132</id>
  <Combined_episodenumber>2</Combined_episodenumber>
  <Combined_season>3</Combined_season>
  <DVD_chapter></DVD_chapter>
  <DVD_discid></DVD_discid>
  <DVD_episodenumber></DVD_episodenumber>
  <DVD_season></DVD_season>
  <Director></Director>
  <EpImgFlag>2</EpImgFlag>
  <EpisodeName>Full Bars</EpisodeName>
  <EpisodeNumber>2</EpisodeNumber>
  <FirstAired>2012-10-07</FirstAired>
  <GuestStars></GuestStars>
  <IMDB_ID></IMDB_ID>
  <Language>en</Language>
  <Overview>The Belcher kids break with a long standing Halloween tradition, veering away from their usual trick or treat trek in favor of a posh neighborhood that's known for its oversize goodies.</Overview>
  <ProductionCode></ProductionCode>
  <Rating>7.4</Rating>
  <RatingCount>9</RatingCount>
  <SeasonNumber>3</SeasonNumber>
  <Writer></Writer>
  <absolute_number></absolute_number>
  <filename>episodes/194031/4405132.jpg</filename>
  <lastupdated>1349785297</lastupdated>
  <seasonid>494899</seasonid>
  <seriesid>194031</seriesid>
</Episode>
<Episode>
  <id>4414475</id>
  <Combined_episodenumber>3</Combined_episodenumber>
  <Combined_season>3</Combined_season>
  <DVD_chapter></DVD_chapter>
  <DVD_discid></DVD_discid>
  <DVD_episodenumber></DVD_episodenumber>
  <DVD_season></DVD_season>
  <Director></Director>
  <EpImgFlag>2</EpImgFlag>
  <EpisodeName>Bob Fires the Kids</EpisodeName>
  <EpisodeNumber>3</EpisodeNumber>
  <FirstAired>2012-11-04</FirstAired>
  <GuestStars></GuestStars>
  <IMDB_ID></IMDB_ID>
  <Language>en</Language>
  <Overview>Worried that his kids are not enjoying summer vacation because he's making them work in the restaurant, Bob fires them. But they soon become bored and take jobs as &quot;weed pickers&quot; for a pair of hippie farmers.</Overview>
  <ProductionCode></ProductionCode>
  <Rating>7.3</Rating>
  <RatingCount>10</RatingCount>
  <SeasonNumber>3</SeasonNumber>
  <Writer></Writer>
  <absolute_number></absolute_number>
  <filename>episodes/194031/4414475.jpg</filename>
  <lastupdated>1351980098</lastupdated>
  <seasonid>494899</seasonid>
  <seriesid>194031</seriesid>
</Episode>
<Episode>
  <id>4429056</id>
  <Combined_episodenumber>4</Combined_episodenumber>
  <Combined_season>3</Combined_season>
  <DVD_chapter></DVD_chapter>
  <DVD_discid></DVD_discid>
  <DVD_episodenumber></DVD_episodenumber>
  <DVD_season></DVD_season>
  <Director></Director>
  <EpImgFlag>2</EpImgFlag>
  <EpisodeName>Mutiny on the Windbreaker</EpisodeName>
  <EpisodeNumber>4</EpisodeNumber>
  <FirstAired>2012-11-11</FirstAired>
  <GuestStars></GuestStars>
  <IMDB_ID></IMDB_ID>
  <Language>en</Language>
  <Overview>Bob does a tour of duty as a private chef on a docked cruise ship and brings along the family to witness his true culinary skills, but the special occasion is scuttled when the kooky captain shanghais the whole family.</Overview>
  <ProductionCode></ProductionCode>
  <Rating>7.1</Rating>
  <RatingCount>9</RatingCount>
  <SeasonNumber>3</SeasonNumber>
  <Writer></Writer>
  <absolute_number></absolute_number>
  <filename>episodes/194031/4429056.jpg</filename>
  <lastupdated>1352244004</lastupdated>
  <seasonid>494899</seasonid>
  <seriesid>194031</seriesid>
</Episode>
<Episode>
  <id>4430514</id>
  <Combined_episodenumber>5</Combined_episodenumber>
  <Combined_season>3</Combined_season>
  <DVD_chapter></DVD_chapter>
  <DVD_discid></DVD_discid>
  <DVD_episodenumber></DVD_episodenumber>
  <DVD_season></DVD_season>
  <Director></Director>
  <EpImgFlag>2</EpImgFlag>
  <EpisodeName>An Indecent Thanksgiving Proposal </EpisodeName>
  <EpisodeNumber>5</EpisodeNumber>
  <FirstAired>2012-11-18</FirstAired>
  <GuestStars></GuestStars>
  <IMDB_ID></IMDB_ID>
  <Language>en</Language>
  <Overview>Bob's plans for his favorite holiday, Thanksgiving, change when Mr. Fischoeder (voice of Kevin Kline) hires him as a chef, and Linda and the kids to play his family, as he tries to stage a perfect holiday dinner in order to make a former flame jealous.</Overview>
  <ProductionCode></ProductionCode>
  <Rating>7.5</Rating>
  <RatingCount>8</RatingCount>
  <SeasonNumber>3</SeasonNumber>
  <Writer></Writer>
  <absolute_number></absolute_number>
  <filename>episodes/194031/4430514.jpg</filename>
  <lastupdated>1352505153</lastupdated>
  <seasonid>494899</seasonid>
  <seriesid>194031</seriesid>
</Episode>
<Episode>
  <id>4432663</id>
  <Combined_episodenumber>6</Combined_episodenumber>
  <Combined_season>3</Combined_season>
  <DVD_chapter></DVD_chapter>
  <DVD_discid></DVD_discid>
  <DVD_episodenumber></DVD_episodenumber>
  <DVD_season></DVD_season>
  <Director></Director>
  <EpImgFlag>2</EpImgFlag>
  <EpisodeName>The Deepening</EpisodeName>
  <EpisodeNumber>6</EpisodeNumber>
  <FirstAired>2012-11-25</FirstAired>
  <GuestStars></GuestStars>
  <IMDB_ID></IMDB_ID>
  <Language>en</Language>
  <Overview>Mr. Fischoeder's new pier attraction, a mechanical shark, goes haywire and terrorizes the town, and it falls to Bob and the family to catch it.</Overview>
  <ProductionCode></ProductionCode>
  <Rating>6.8</Rating>
  <RatingCount>5</RatingCount>
  <SeasonNumber>3</SeasonNumber>
  <Writer></Writer>
  <absolute_number></absolute_number>
  <filename>episodes/194031/4432663.jpg</filename>
  <lastupdated>1353308954</lastupdated>
  <seasonid>494899</seasonid>
  <seriesid>194031</seriesid>
</Episode>
<Episode>
  <id>4437664</id>
  <Combined_episodenumber>7</Combined_episodenumber>
  <Combined_season>3</Combined_season>
  <DVD_chapter></DVD_chapter>
  <DVD_discid></DVD_discid>
  <DVD_episodenumber></DVD_episodenumber>
  <DVD_season></DVD_season>
  <Director></Director>
  <EpImgFlag>2</EpImgFlag>
  <EpisodeName>Tina-rannosaurus Wrecks</EpisodeName>
  <EpisodeNumber>7</EpisodeNumber>
  <FirstAired>2012-12-02</FirstAired>
  <GuestStars>Bob Odenkirk</GuestStars>
  <IMDB_ID></IMDB_ID>
  <Language>en</Language>
  <Overview>After Tina accidentally wrecks the car, and gets the whole family involved with a slimy insurance agent, she worries that she’s a “jinx”.</Overview>
  <ProductionCode></ProductionCode>
  <Rating>8.2</Rating>
  <RatingCount>6</RatingCount>
  <SeasonNumber>3</SeasonNumber>
  <Writer></Writer>
  <absolute_number></absolute_number>
  <filename>episodes/194031/4437664.jpg</filename>
  <lastupdated>1353034120</lastupdated>
  <seasonid>494899</seasonid>
  <seriesid>194031</seriesid>
</Episode>
<Episode>
  <id>4442234</id>
  <Combined_episodenumber>8</Combined_episodenumber>
  <Combined_season>3</Combined_season>
  <DVD_chapter></DVD_chapter>
  <DVD_discid></DVD_discid>
  <DVD_episodenumber></DVD_episodenumber>
  <DVD_season></DVD_season>
  <Director></Director>
  <EpImgFlag>2</EpImgFlag>
  <EpisodeName>The Unbearable Like-Likeness of Gene</EpisodeName>
  <EpisodeNumber>8</EpisodeNumber>
  <FirstAired>2012-12-09</FirstAired>
  <GuestStars></GuestStars>
  <IMDB_ID></IMDB_ID>
  <Language>en</Language>
  <Overview>Gene gets his first girlfriend, but it doesn't take long for the family to realize that she is incredibly annoying and they pressure him to break up with her.</Overview>
  <ProductionCode></ProductionCode>
  <Rating>7.6</Rating>
  <RatingCount>7</RatingCount>
  <SeasonNumber>3</SeasonNumber>
  <Writer></Writer>
  <absolute_number></absolute_number>
  <filename>episodes/194031/4442234.jpg</filename>
  <lastupdated>1355108454</lastupdated>
  <seasonid>494899</seasonid>
  <seriesid>194031</seriesid>
</Episode>
<Episode>
  <id>4448742</id>
  <Combined_episodenumber>9</Combined_episodenumber>
  <Combined_season>3</Combined_season>
  <DVD_chapter></DVD_chapter>
  <DVD_discid></DVD_discid>
  <DVD_episodenumber></DVD_episodenumber>
  <DVD_season></DVD_season>
  <Director></Director>
  <EpImgFlag>2</EpImgFlag>
  <EpisodeName>God Rest Ye Merry Gentle-Mannequins</EpisodeName>
  <EpisodeNumber>9</EpisodeNumber>
  <FirstAired>2012-12-16</FirstAired>
  <GuestStars></GuestStars>
  <IMDB_ID></IMDB_ID>
  <Language>en</Language>
  <Overview>When Bob inherits a storage unit around Christmas, visions of riches dance in the heads of the family, but what they find inside is a squatter who claims he once worked as a mannequin.</Overview>
  <ProductionCode></ProductionCode>
  <Rating>7.7</Rating>
  <RatingCount>6</RatingCount>
  <SeasonNumber>3</SeasonNumber>
  <Writer></Writer>
  <absolute_number></absolute_number>
  <filename>episodes/194031/4448742.jpg</filename>
  <lastupdated>1355719646</lastupdated>
  <seasonid>494899</seasonid>
  <seriesid>194031</seriesid>
</Episode>
<Episode>
  <id>4459862</id>
  <Combined_episodenumber>10</Combined_episodenumber>
  <Combined_season>3</Combined_season>
  <DVD_chapter></DVD_chapter>
  <DVD_discid></DVD_discid>
  <DVD_episodenumber></DVD_episodenumber>
  <DVD_season></DVD_season>
  <Director></Director>
  <EpImgFlag>2</EpImgFlag>
  <EpisodeName>Mother Daughter Laser Razor</EpisodeName>
  <EpisodeNumber>10</EpisodeNumber>
  <FirstAired>2013-01-06</FirstAired>
  <GuestStars></GuestStars>
  <IMDB_ID></IMDB_ID>
  <Language>en</Language>
  <Overview>Linda worries that her relationship with Louise isn't as good as it should be, so, much to Louise's chagrin, she forces the young lady to participate in a mother-daughter seminar. With mom away, Tina turns to Bob for a lesson in shaving her legs.</Overview>
  <ProductionCode></ProductionCode>
  <Rating>7.4</Rating>
  <RatingCount>5</RatingCount>
  <SeasonNumber>3</SeasonNumber>
  <Writer></Writer>
  <absolute_number></absolute_number>
  <filename>episodes/194031/4459862.jpg</filename>
  <lastupdated>1357691048</lastupdated>
  <seasonid>494899</seasonid>
  <seriesid>194031</seriesid>
</Episode>
<Episode>
  <id>4464219</id>
  <Combined_episodenumber>11</Combined_episodenumber>
  <Combined_season>3</Combined_season>
  <DVD_chapter></DVD_chapter>
  <DVD_discid></DVD_discid>
  <DVD_episodenumber></DVD_episodenumber>
  <DVD_season></DVD_season>
  <Director></Director>
  <EpImgFlag>2</EpImgFlag>
  <EpisodeName>Nude Beach</EpisodeName>
  <EpisodeNumber>11</EpisodeNumber>
  <FirstAired>2013-01-13</FirstAired>
  <GuestStars></GuestStars>
  <IMDB_ID></IMDB_ID>
  <Language>en</Language>
  <Overview>The new health inspector proves to be a decent fellow, until he blackmails Bob into being allowed to perform his atrocious music at the restaurant, which drives away the customers.</Overview>
  <ProductionCode></ProductionCode>
  <Rating>7.0</Rating>
  <RatingCount>3</RatingCount>
  <SeasonNumber>3</SeasonNumber>
  <Writer></Writer>
  <absolute_number></absolute_number>
  <filename>episodes/194031/4464219.jpg</filename>
  <lastupdated>1358197245</lastupdated>
  <seasonid>494899</seasonid>
  <seriesid>194031</seriesid>
</Episode>
<Episode>
  <id>4487373</id>
  <Combined_episodenumber>12</Combined_episodenumber>
  <Combined_season>3</Combined_season>
  <DVD_chapter></DVD_chapter>
  <DVD_discid></DVD_discid>
  <DVD_episodenumber></DVD_episodenumber>
  <DVD_season></DVD_season>
  <Director>Jennifer Coyle</Director>
  <EpImgFlag>2</EpImgFlag>
  <EpisodeName>Broadcast Wagstaff School News</EpisodeName>
  <EpisodeNumber>12</EpisodeNumber>
  <FirstAired>2013-01-27</FirstAired>
  <GuestStars></GuestStars>
  <IMDB_ID></IMDB_ID>
  <Language>en</Language>
  <Overview>There is a “Mad Pooper” running wild at the Belcher children's middle school and Tina finds herself on a mission to get to the “bottom” of the situation.</Overview>
  <ProductionCode></ProductionCode>
  <Rating>7.6</Rating>
  <RatingCount>5</RatingCount>
  <SeasonNumber>3</SeasonNumber>
  <Writer>Greg Thompson</Writer>
  <absolute_number></absolute_number>
  <filename>episodes/194031/4487373.jpg</filename>
  <lastupdated>1359636072</lastupdated>
  <seasonid>494899</seasonid>
  <seriesid>194031</seriesid>
</Episode>
<Episode>
  <id>4495840</id>
  <Combined_episodenumber>13</Combined_episodenumber>
  <Combined_season>3</Combined_season>
  <DVD_chapter></DVD_chapter>
  <DVD_discid></DVD_discid>
  <DVD_episodenumber></DVD_episodenumber>
  <DVD_season></DVD_season>
  <Director></Director>
  <EpImgFlag>2</EpImgFlag>
  <EpisodeName>My Fuzzy Valentine</EpisodeName>
  <EpisodeNumber>13</EpisodeNumber>
  <FirstAired>2013-02-10</FirstAired>
  <GuestStars></GuestStars>
  <IMDB_ID></IMDB_ID>
  <Language>en</Language>
  <Overview>When a heart-shaped pancake simply doesn't cut it, the kids convince Bob to let them skip school in order to help him find a Valentine's Day gift that will &quot;wow&quot; Linda. Meanwhile, in the spirit of the romantic holiday, Linda sets up a speed-dating event at the restaurant that doesn't go exactly as planned.</Overview>
  <ProductionCode></ProductionCode>
  <Rating>7.2</Rating>
  <RatingCount>6</RatingCount>
  <SeasonNumber>3</SeasonNumber>
  <Writer></Writer>
  <absolute_number></absolute_number>
  <filename>episodes/194031/4495840.jpg</filename>
  <lastupdated>1360196955</lastupdated>
  <seasonid>494899</seasonid>
  <seriesid>194031</seriesid>
</Episode>
<Episode>
  <id>4498842</id>
  <Combined_episodenumber>14</Combined_episodenumber>
  <Combined_season>3</Combined_season>
  <DVD_chapter></DVD_chapter>
  <DVD_discid></DVD_discid>
  <DVD_episodenumber></DVD_episodenumber>
  <DVD_season></DVD_season>
  <Director></Director>
  <EpImgFlag>2</EpImgFlag>
  <EpisodeName>Lindapendent Woman</EpisodeName>
  <EpisodeNumber>14</EpisodeNumber>
  <FirstAired>2013-02-17</FirstAired>
  <GuestStars></GuestStars>
  <IMDB_ID></IMDB_ID>
  <Language>en</Language>
  <Overview>Linda thinks Bob doesn't appreciate her and quits the restaurant to work at a grocery store. In her absence, Bob tries - and fails - to run the place on his own and the kids are stuck in the middle of the marital mayhem. Meanwhile, things get romantic for Tina when she meets her potential soul mate while restocking the milk fridge.</Overview>
  <ProductionCode></ProductionCode>
  <Rating>7.8</Rating>
  <RatingCount>5</RatingCount>
  <SeasonNumber>3</SeasonNumber>
  <Writer></Writer>
  <absolute_number></absolute_number>
  <filename>episodes/194031/4498842.jpg</filename>
  <lastupdated>1360632835</lastupdated>
  <seasonid>494899</seasonid>
  <seriesid>194031</seriesid>
</Episode>
<Episode>
  <id>4506120</id>
  <Combined_episodenumber>15</Combined_episodenumber>
  <Combined_season>3</Combined_season>
  <DVD_chapter></DVD_chapter>
  <DVD_discid></DVD_discid>
  <DVD_episodenumber></DVD_episodenumber>
  <DVD_season></DVD_season>
  <Director>Anthony Chun</Director>
  <EpImgFlag>2</EpImgFlag>
  <EpisodeName>O.T.: The Outside Toilet</EpisodeName>
  <EpisodeNumber>15</EpisodeNumber>
  <FirstAired>2013-03-03</FirstAired>
  <GuestStars>Jon Hamm</GuestStars>
  <IMDB_ID></IMDB_ID>
  <Language>en</Language>
  <Overview>When Gene finds an expensive talking toilet out in the woods, he and his friends decide to protect it as much as they can while an evil toilet hunter is looking for the toilet. </Overview>
  <ProductionCode></ProductionCode>
  <Rating>7.0</Rating>
  <RatingCount>3</RatingCount>
  <SeasonNumber>3</SeasonNumber>
  <Writer>Lizzie Molyneux|Wendy Molyneux</Writer>
  <absolute_number></absolute_number>
  <filename>episodes/194031/4506120.jpg</filename>
  <lastupdated>1362367280</lastupdated>
  <seasonid>494899</seasonid>
  <seriesid>194031</seriesid>
</Episode>
<Episode>
  <id>4507753</id>
  <Combined_episodenumber>16</Combined_episodenumber>
  <Combined_season>3</Combined_season>
  <DVD_chapter></DVD_chapter>
  <DVD_discid></DVD_discid>
  <DVD_episodenumber></DVD_episodenumber>
  <DVD_season></DVD_season>
  <Director>Tyree Dillihay</Director>
  <EpImgFlag>2</EpImgFlag>
  <EpisodeName>Topsy</EpisodeName>
  <EpisodeNumber>16</EpisodeNumber>
  <FirstAired>2013-03-10</FirstAired>
  <GuestStars></GuestStars>
  <IMDB_ID></IMDB_ID>
  <Language>en</Language>
  <Overview>Louise expects to get a charge out of taking down her Thomas Edison-obsessed science teacher when she re-creates one of the famous inventor's experiments that involved electrocuting an elephant. </Overview>
  <ProductionCode></ProductionCode>
  <Rating>7.2</Rating>
  <RatingCount>5</RatingCount>
  <SeasonNumber>3</SeasonNumber>
  <Writer>Loren Bouchard|Nora Smith</Writer>
  <absolute_number></absolute_number>
  <filename>episodes/194031/4507753.jpg</filename>
  <lastupdated>1362971607</lastupdated>
  <seasonid>494899</seasonid>
  <seriesid>194031</seriesid>
</Episode>
<Episode>
  <id>4507754</id>
  <Combined_episodenumber>17</Combined_episodenumber>
  <Combined_season>3</Combined_season>
  <DVD_chapter></DVD_chapter>
  <DVD_discid></DVD_discid>
  <DVD_episodenumber></DVD_episodenumber>
  <DVD_season></DVD_season>
  <Director>Wesley Archer</Director>
  <EpImgFlag>2</EpImgFlag>
  <EpisodeName>Two for Tina</EpisodeName>
  <EpisodeNumber>17</EpisodeNumber>
  <FirstAired>2013-03-17</FirstAired>
  <GuestStars>Ben Schwartz</GuestStars>
  <IMDB_ID></IMDB_ID>
  <Language>en</Language>
  <Overview>Jimmy Jr. is threatened when Tina starts dating a ballet dancer named Josh and the two boys get into an epic dance-off for her heart</Overview>
  <ProductionCode></ProductionCode>
  <Rating>8.0</Rating>
  <RatingCount>2</RatingCount>
  <SeasonNumber>3</SeasonNumber>
  <Writer>Scott Jacobsen</Writer>
  <absolute_number></absolute_number>
  <filename>episodes/194031/4507754.jpg</filename>
  <lastupdated>1363510116</lastupdated>
  <seasonid>494899</seasonid>
  <seriesid>194031</seriesid>
</Episode>
<Episode>
  <id>4507755</id>
  <Combined_episodenumber>18</Combined_episodenumber>
  <Combined_season>3</Combined_season>
  <DVD_chapter></DVD_chapter>
  <DVD_discid></DVD_discid>
  <DVD_episodenumber></DVD_episodenumber>
  <DVD_season></DVD_season>
  <Director>Jennifer Coyle</Director>
  <EpImgFlag>2</EpImgFlag>
  <EpisodeName>It Snakes a Village</EpisodeName>
  <EpisodeNumber>18</EpisodeNumber>
  <FirstAired>2013-03-24</FirstAired>
  <GuestStars>Megan Mullally|Nick Offerman</GuestStars>
  <IMDB_ID></IMDB_ID>
  <Language>en</Language>
  <Overview>The Belcher family road-trips down to Florida to visit Linda's parents who live in a senior home that - to Linda's complete horror - is full of senior swingers! Plus, to keep themselves entertained, Tina, Gene and Louise go on a hunt for a mysterious python that allegedly ate one of the residents' dogs.</Overview>
  <ProductionCode></ProductionCode>
  <Rating>8.0</Rating>
  <RatingCount>5</RatingCount>
  <SeasonNumber>3</SeasonNumber>
  <Writer>Kit Boss</Writer>
  <absolute_number></absolute_number>
  <filename>episodes/194031/4507755.jpg</filename>
  <lastupdated>1363926140</lastupdated>
  <seasonid>494899</seasonid>
  <seriesid>194031</seriesid>
</Episode>
<Episode>
  <id>4507756</id>
  <Combined_episodenumber>19</Combined_episodenumber>
  <Combined_season>3</Combined_season>
  <DVD_chapter></DVD_chapter>
  <DVD_discid></DVD_discid>
  <DVD_episodenumber></DVD_episodenumber>
  <DVD_season></DVD_season>
  <Director></Director>
  <EpImgFlag></EpImgFlag>
  <EpisodeName>Family Fracas</EpisodeName>
  <EpisodeNumber>19</EpisodeNumber>
  <FirstAired>2013-04-14</FirstAired>
  <GuestStars></GuestStars>
  <IMDB_ID></IMDB_ID>
  <Language>en</Language>
  <Overview>After the family car breaks down and ruins their plans for a movie night out, the Belchers find themselves competing on the TV game show &quot;Family Fracas!&quot; To the dismay of the program's host, they keep winning and coming back each night that is until their lucky streak comes to a suspicious end.</Overview>
  <ProductionCode></ProductionCode>
  <Rating></Rating>
  <RatingCount>0</RatingCount>
  <SeasonNumber>3</SeasonNumber>
  <Writer></Writer>
  <absolute_number></absolute_number>
  <filename></filename>
  <lastupdated>1364509927</lastupdated>
  <seasonid>494899</seasonid>
  <seriesid>194031</seriesid>
</Episode>
<Episode>
  <id>4507757</id>
  <Combined_episodenumber>20</Combined_episodenumber>
  <Combined_season>3</Combined_season>
  <DVD_chapter></DVD_chapter>
  <DVD_discid></DVD_discid>
  <DVD_episodenumber></DVD_episodenumber>
  <DVD_season></DVD_season>
  <Director></Director>
  <EpImgFlag></EpImgFlag>
  <EpisodeName>The Kids Run the Restaurant</EpisodeName>
  <EpisodeNumber>20</EpisodeNumber>
  <FirstAired>2013-04-21</FirstAired>
  <GuestStars></GuestStars>
  <IMDB_ID></IMDB_ID>
  <Language>en</Language>
  <Overview></Overview>
  <ProductionCode></ProductionCode>
  <Rating></Rating>
  <RatingCount>0</RatingCount>
  <SeasonNumber>3</SeasonNumber>
  <Writer></Writer>
  <absolute_number></absolute_number>
  <filename></filename>
  <lastupdated>1363514758</lastupdated>
  <seasonid>494899</seasonid>
  <seriesid>194031</seriesid>
</Episode>
<Episode>
  <id>4507758</id>
  <Combined_episodenumber>21</Combined_episodenumber>
  <Combined_season>3</Combined_season>
  <DVD_chapter></DVD_chapter>
  <DVD_discid></DVD_discid>
  <DVD_episodenumber></DVD_episodenumber>
  <DVD_season></DVD_season>
  <Director></Director>
  <EpImgFlag></EpImgFlag>
  <EpisodeName>Boyz 4 Now</EpisodeName>
  <EpisodeNumber>21</EpisodeNumber>
  <FirstAired>2013-04-28</FirstAired>
  <GuestStars></GuestStars>
  <IMDB_ID></IMDB_ID>
  <Language>en</Language>
  <Overview></Overview>
  <ProductionCode></ProductionCode>
  <Rating></Rating>
  <RatingCount>0</RatingCount>
  <SeasonNumber>3</SeasonNumber>
  <Writer></Writer>
  <absolute_number></absolute_number>
  <filename></filename>
  <lastupdated>1363514772</lastupdated>
  <seasonid>494899</seasonid>
  <seriesid>194031</seriesid>
</Episode>
<Episode>
  <id>4507759</id>
  <Combined_episodenumber>22</Combined_episodenumber>
  <Combined_season>3</Combined_season>
  <DVD_chapter></DVD_chapter>
  <DVD_discid></DVD_discid>
  <DVD_episodenumber></DVD_episodenumber>
  <DVD_season></DVD_season>
  <Director></Director>
  <EpImgFlag></EpImgFlag>
  <EpisodeName>Carpe Museum</EpisodeName>
  <EpisodeNumber>22</EpisodeNumber>
  <FirstAired>2013-05-05</FirstAired>
  <GuestStars></GuestStars>
  <IMDB_ID></IMDB_ID>
  <Language>en</Language>
  <Overview></Overview>
  <ProductionCode></ProductionCode>
  <Rating></Rating>
  <RatingCount>0</RatingCount>
  <SeasonNumber>3</SeasonNumber>
  <Writer></Writer>
  <absolute_number></absolute_number>
  <filename></filename>
  <lastupdated>1363514786</lastupdated>
  <seasonid>494899</seasonid>
  <seriesid>194031</seriesid>
</Episode>
<Episode>
  <id>4507760</id>
  <Combined_episodenumber>23</Combined_episodenumber>
  <Combined_season>3</Combined_season>
  <DVD_chapter></DVD_chapter>
  <DVD_discid></DVD_discid>
  <DVD_episodenumber></DVD_episodenumber>
  <DVD_season></DVD_season>
  <Director></Director>
  <EpImgFlag></EpImgFlag>
  <EpisodeName>The Unnatural</EpisodeName>
  <EpisodeNumber>23</EpisodeNumber>
  <FirstAired>2013-05-12</FirstAired>
  <GuestStars></GuestStars>
  <IMDB_ID></IMDB_ID>
  <Language>en</Language>
  <Overview>Season finale</Overview>
  <ProductionCode></ProductionCode>
  <Rating></Rating>
  <RatingCount>0</RatingCount>
  <SeasonNumber>3</SeasonNumber>
  <Writer></Writer>
  <absolute_number></absolute_number>
  <filename></filename>
  <lastupdated>1363514826</lastupdated>
  <seasonid>494899</seasonid>
  <seriesid>194031</seriesid>
</Episode>
<Episode>
  <id>4423729</id>
  <Combined_episodenumber>1</Combined_episodenumber>
  <Combined_season>4</Combined_season>
  <DVD_chapter></DVD_chapter>
  <DVD_discid></DVD_discid>
  <DVD_episodenumber></DVD_episodenumber>
  <DVD_season></DVD_season>
  <Director></Director>
  <EpImgFlag></EpImgFlag>
  <EpisodeName>TBA</EpisodeName>
  <EpisodeNumber>1</EpisodeNumber>
  <FirstAired></FirstAired>
  <GuestStars></GuestStars>
  <IMDB_ID></IMDB_ID>
  <Language>en</Language>
  <Overview></Overview>
  <ProductionCode></ProductionCode>
  <Rating></Rating>
  <RatingCount>0</RatingCount>
  <SeasonNumber>4</SeasonNumber>
  <Writer></Writer>
  <absolute_number></absolute_number>
  <filename></filename>
  <lastupdated>1351008743</lastupdated>
  <seasonid>503404</seasonid>
  <seriesid>194031</seriesid>
</Episode>
</Data>