<?xml version="1.0" encoding="UTF-8" ?>
<Actors>
<Actor>
  <id>73206</id>
  <Image>actors/73206.jpg</Image>
  <Name>Lee Pace</Name>
  <Role>Ned</Role>
  <SortOrder>0</SortOrder>
</Actor>
<Actor>
  <id>73204</id>
  <Image>actors/73204.jpg</Image>
  <Name>Anna Friel</Name>
  <Role>Charlotte &quot;Chuck&quot; Charles</Role>
  <SortOrder>1</SortOrder>
</Actor>
<Actor>
  <id>73203</id>
  <Image>actors/73203.jpg</Image>
  <Name>Kristin Chenoweth</Name>
  <Role>Olive Snook</Role>
  <SortOrder>2</SortOrder>
</Actor>
<Actor>
  <id>73207</id>
  <Image>actors/73207.jpg</Image>
  <Name>Swoosie Kurtz</Name>
  <Role>Lily</Role>
  <SortOrder>3</SortOrder>
</Actor>
<Actor>
  <id>73205</id>
  <Image>actors/73205.jpg</Image>
  <Name>Chi McBride</Name>
  <Role>Emerson Cod</Role>
  <SortOrder>3</SortOrder>
</Actor>
<Actor>
  <id>73202</id>
  <Image>actors/73202.jpg</Image>
  <Name>Ellen Greene </Name>
  <Role>Vivian</Role>
  <SortOrder>3</SortOrder>
</Actor>
</Actors>