<?xml version="1.0" encoding="UTF-8" ?>
<Banners>
<Banner>
  <id>27324</id>
  <BannerPath>fanart/original/80351-6.jpg</BannerPath>
  <BannerType>fanart</BannerType>
  <BannerType2>1280x720</BannerType2>
  <Colors>|253,252,248|23,31,33|151,42,45|</Colors>
  <Language>en</Language>
  <Rating>9.3333</Rating>
  <RatingCount>3</RatingCount>
  <SeriesName>false</SeriesName>
  <ThumbnailPath>_cache/fanart/original/80351-6.jpg</ThumbnailPath>
  <VignettePath>fanart/vignette/80351-6.jpg</VignettePath>
</Banner>
<Banner>
  <id>28370</id>
  <BannerPath>fanart/original/80351-12.jpg</BannerPath>
  <BannerType>fanart</BannerType>
  <BannerType2>1920x1080</BannerType2>
  <Colors></Colors>
  <Language>en</Language>
  <Rating>8.8333</Rating>
  <RatingCount>6</RatingCount>
  <SeriesName>false</SeriesName>
  <ThumbnailPath>_cache/fanart/original/80351-12.jpg</ThumbnailPath>
  <VignettePath>fanart/vignette/80351-12.jpg</VignettePath>
</Banner>
<Banner>
  <id>28367</id>
  <BannerPath>fanart/original/80351-10.jpg</BannerPath>
  <BannerType>fanart</BannerType>
  <BannerType2>1920x1080</BannerType2>
  <Colors>|247,244,239|245,242,237|236,232,223|</Colors>
  <Language>en</Language>
  <Rating>8.0000</Rating>
  <RatingCount>5</RatingCount>
  <SeriesName>false</SeriesName>
  <ThumbnailPath>_cache/fanart/original/80351-10.jpg</ThumbnailPath>
  <VignettePath>fanart/vignette/80351-10.jpg</VignettePath>
</Banner>
<Banner>
  <id>135091</id>
  <BannerPath>fanart/original/80351-32.jpg</BannerPath>
  <BannerType>fanart</BannerType>
  <BannerType2>1920x1080</BannerType2>
  <Colors></Colors>
  <Language>en</Language>
  <Rating>7.2500</Rating>
  <RatingCount>4</RatingCount>
  <SeriesName>false</SeriesName>
  <ThumbnailPath>_cache/fanart/original/80351-32.jpg</ThumbnailPath>
  <VignettePath>fanart/vignette/80351-32.jpg</VignettePath>
</Banner>
<Banner>
  <id>32293</id>
  <BannerPath>fanart/original/80351-16.jpg</BannerPath>
  <BannerType>fanart</BannerType>
  <BannerType2>1920x1080</BannerType2>
  <Colors></Colors>
  <Language>en</Language>
  <Rating>7.2000</Rating>
  <RatingCount>5</RatingCount>
  <SeriesName>false</SeriesName>
  <ThumbnailPath>_cache/fanart/original/80351-16.jpg</ThumbnailPath>
  <VignettePath>fanart/vignette/80351-16.jpg</VignettePath>
</Banner>
<Banner>
  <id>137231</id>
  <BannerPath>fanart/original/80351-2.jpg</BannerPath>
  <BannerType>fanart</BannerType>
  <BannerType2>1280x720</BannerType2>
  <Colors>|233,235,230|0,0,0|191,14,4|</Colors>
  <Language>en</Language>
  <Rating>7.0000</Rating>
  <RatingCount>1</RatingCount>
  <SeriesName>true</SeriesName>
  <ThumbnailPath>_cache/fanart/original/80351-2.jpg</ThumbnailPath>
  <VignettePath>fanart/vignette/80351-2.jpg</VignettePath>
</Banner>
<Banner>
  <id>28418</id>
  <BannerPath>fanart/original/80351-14.jpg</BannerPath>
  <BannerType>fanart</BannerType>
  <BannerType2>1920x1080</BannerType2>
  <Colors>|71,71,47|225,179,146|51,50,22|</Colors>
  <Language>en</Language>
  <Rating>6.7500</Rating>
  <RatingCount>4</RatingCount>
  <SeriesName>false</SeriesName>
  <ThumbnailPath>_cache/fanart/original/80351-14.jpg</ThumbnailPath>
  <VignettePath>fanart/vignette/80351-14.jpg</VignettePath>
</Banner>
<Banner>
  <id>384801</id>
  <BannerPath>fanart/original/80351-34.jpg</BannerPath>
  <BannerType>fanart</BannerType>
  <BannerType2>1280x720</BannerType2>
  <Colors></Colors>
  <Language>en</Language>
  <Rating>6.5000</Rating>
  <RatingCount>2</RatingCount>
  <SeriesName>false</SeriesName>
  <ThumbnailPath>_cache/fanart/original/80351-34.jpg</ThumbnailPath>
  <VignettePath>fanart/vignette/80351-34.jpg</VignettePath>
</Banner>
<Banner>
  <id>384811</id>
  <BannerPath>fanart/original/80351-35.jpg</BannerPath>
  <BannerType>fanart</BannerType>
  <BannerType2>1280x720</BannerType2>
  <Colors></Colors>
  <Language>en</Language>
  <Rating>6.0000</Rating>
  <RatingCount>1</RatingCount>
  <SeriesName>false</SeriesName>
  <ThumbnailPath>_cache/fanart/original/80351-35.jpg</ThumbnailPath>
  <VignettePath>fanart/vignette/80351-35.jpg</VignettePath>
</Banner>
<Banner>
  <id>384821</id>
  <BannerPath>fanart/original/80351-36.jpg</BannerPath>
  <BannerType>fanart</BannerType>
  <BannerType2>1280x720</BannerType2>
  <Colors></Colors>
  <Language>en</Language>
  <Rating>6.0000</Rating>
  <RatingCount>1</RatingCount>
  <SeriesName>false</SeriesName>
  <ThumbnailPath>_cache/fanart/original/80351-36.jpg</ThumbnailPath>
  <VignettePath>fanart/vignette/80351-36.jpg</VignettePath>
</Banner>
<Banner>
  <id>384791</id>
  <BannerPath>fanart/original/80351-33.jpg</BannerPath>
  <BannerType>fanart</BannerType>
  <BannerType2>1280x720</BannerType2>
  <Colors></Colors>
  <Language>en</Language>
  <Rating>6.0000</Rating>
  <RatingCount>1</RatingCount>
  <SeriesName>false</SeriesName>
  <ThumbnailPath>_cache/fanart/original/80351-33.jpg</ThumbnailPath>
  <VignettePath>fanart/vignette/80351-33.jpg</VignettePath>
</Banner>
<Banner>
  <id>20472</id>
  <BannerPath>fanart/original/80351-4.jpg</BannerPath>
  <BannerType>fanart</BannerType>
  <BannerType2>1280x720</BannerType2>
  <Colors>|252,247,81|53,78,144|153,195,245|</Colors>
  <Language>en</Language>
  <Rating>5.0000</Rating>
  <RatingCount>2</RatingCount>
  <SeriesName>false</SeriesName>
  <ThumbnailPath>_cache/fanart/original/80351-4.jpg</ThumbnailPath>
  <VignettePath>fanart/vignette/80351-4.jpg</VignettePath>
</Banner>
<Banner>
  <id>384831</id>
  <BannerPath>fanart/original/80351-37.jpg</BannerPath>
  <BannerType>fanart</BannerType>
  <BannerType2>1280x720</BannerType2>
  <Colors></Colors>
  <Language>en</Language>
  <Rating>4.5000</Rating>
  <RatingCount>2</RatingCount>
  <SeriesName>false</SeriesName>
  <ThumbnailPath>_cache/fanart/original/80351-37.jpg</ThumbnailPath>
  <VignettePath>fanart/vignette/80351-37.jpg</VignettePath>
</Banner>
<Banner>
  <id>384861</id>
  <BannerPath>fanart/original/80351-39.jpg</BannerPath>
  <BannerType>fanart</BannerType>
  <BannerType2>1280x720</BannerType2>
  <Colors></Colors>
  <Language>en</Language>
  <Rating>4.5000</Rating>
  <RatingCount>2</RatingCount>
  <SeriesName>false</SeriesName>
  <ThumbnailPath>_cache/fanart/original/80351-39.jpg</ThumbnailPath>
  <VignettePath>fanart/vignette/80351-39.jpg</VignettePath>
</Banner>
<Banner>
  <id>38872</id>
  <BannerPath>fanart/original/80351-25.jpg</BannerPath>
  <BannerType>fanart</BannerType>
  <BannerType2>1280x720</BannerType2>
  <Colors></Colors>
  <Language>en</Language>
  <Rating>4.0000</Rating>
  <RatingCount>2</RatingCount>
  <SeriesName>false</SeriesName>
  <ThumbnailPath>_cache/fanart/original/80351-25.jpg</ThumbnailPath>
  <VignettePath>fanart/vignette/80351-25.jpg</VignettePath>
</Banner>
<Banner>
  <id>384841</id>
  <BannerPath>fanart/original/80351-38.jpg</BannerPath>
  <BannerType>fanart</BannerType>
  <BannerType2>1280x720</BannerType2>
  <Colors></Colors>
  <Language>en</Language>
  <Rating>3.5000</Rating>
  <RatingCount>2</RatingCount>
  <SeriesName>false</SeriesName>
  <ThumbnailPath>_cache/fanart/original/80351-38.jpg</ThumbnailPath>
  <VignettePath>fanart/vignette/80351-38.jpg</VignettePath>
</Banner>
<Banner>
  <id>85821</id>
  <BannerPath>fanart/original/80351-11.jpg</BannerPath>
  <BannerType>fanart</BannerType>
  <BannerType2>1280x720</BannerType2>
  <Colors></Colors>
  <Language>en</Language>
  <Rating>1.3333</Rating>
  <RatingCount>3</RatingCount>
  <SeriesName>false</SeriesName>
  <ThumbnailPath>_cache/fanart/original/80351-11.jpg</ThumbnailPath>
  <VignettePath>fanart/vignette/80351-11.jpg</VignettePath>
</Banner>
<Banner>
  <id>20474</id>
  <BannerPath>fanart/original/80351-5.jpg</BannerPath>
  <BannerType>fanart</BannerType>
  <BannerType2>1280x720</BannerType2>
  <Colors></Colors>
  <Language>en</Language>
  <Rating>1.0000</Rating>
  <RatingCount>1</RatingCount>
  <SeriesName>false</SeriesName>
  <ThumbnailPath>_cache/fanart/original/80351-5.jpg</ThumbnailPath>
  <VignettePath>fanart/vignette/80351-5.jpg</VignettePath>
</Banner>
<Banner>
  <id>102741</id>
  <BannerPath>fanart/original/80351-30.jpg</BannerPath>
  <BannerType>fanart</BannerType>
  <BannerType2>1280x720</BannerType2>
  <Colors></Colors>
  <Language>en</Language>
  <Rating>1.0000</Rating>
  <RatingCount>1</RatingCount>
  <SeriesName>false</SeriesName>
  <ThumbnailPath>_cache/fanart/original/80351-30.jpg</ThumbnailPath>
  <VignettePath>fanart/vignette/80351-30.jpg</VignettePath>
</Banner>
<Banner>
  <id>102751</id>
  <BannerPath>fanart/original/80351-31.jpg</BannerPath>
  <BannerType>fanart</BannerType>
  <BannerType2>1280x720</BannerType2>
  <Colors></Colors>
  <Language>en</Language>
  <Rating>1.0000</Rating>
  <RatingCount>1</RatingCount>
  <SeriesName>false</SeriesName>
  <ThumbnailPath>_cache/fanart/original/80351-31.jpg</ThumbnailPath>
  <VignettePath>fanart/vignette/80351-31.jpg</VignettePath>
</Banner>
<Banner>
  <id>38861</id>
  <BannerPath>fanart/original/80351-8.jpg</BannerPath>
  <BannerType>fanart</BannerType>
  <BannerType2>1280x720</BannerType2>
  <Colors></Colors>
  <Language>en</Language>
  <Rating>1.0000</Rating>
  <RatingCount>1</RatingCount>
  <SeriesName>false</SeriesName>
  <ThumbnailPath>_cache/fanart/original/80351-8.jpg</ThumbnailPath>
  <VignettePath>fanart/vignette/80351-8.jpg</VignettePath>
</Banner>
<Banner>
  <id>102721</id>
  <BannerPath>fanart/original/80351-28.jpg</BannerPath>
  <BannerType>fanart</BannerType>
  <BannerType2>1280x720</BannerType2>
  <Colors></Colors>
  <Language>en</Language>
  <Rating></Rating>
  <RatingCount>0</RatingCount>
  <SeriesName>false</SeriesName>
  <ThumbnailPath>_cache/fanart/original/80351-28.jpg</ThumbnailPath>
  <VignettePath>fanart/vignette/80351-28.jpg</VignettePath>
</Banner>
<Banner>
  <id>38866</id>
  <BannerPath>fanart/original/80351-19.jpg</BannerPath>
  <BannerType>fanart</BannerType>
  <BannerType2>1280x720</BannerType2>
  <Colors></Colors>
  <Language>en</Language>
  <Rating></Rating>
  <RatingCount>0</RatingCount>
  <SeriesName>false</SeriesName>
  <ThumbnailPath>_cache/fanart/original/80351-19.jpg</ThumbnailPath>
  <VignettePath>fanart/vignette/80351-19.jpg</VignettePath>
</Banner>
<Banner>
  <id>38871</id>
  <BannerPath>fanart/original/80351-24.jpg</BannerPath>
  <BannerType>fanart</BannerType>
  <BannerType2>1280x720</BannerType2>
  <Colors></Colors>
  <Language>en</Language>
  <Rating></Rating>
  <RatingCount>0</RatingCount>
  <SeriesName>false</SeriesName>
  <ThumbnailPath>_cache/fanart/original/80351-24.jpg</ThumbnailPath>
  <VignettePath>fanart/vignette/80351-24.jpg</VignettePath>
</Banner>
<Banner>
  <id>102731</id>
  <BannerPath>fanart/original/80351-29.jpg</BannerPath>
  <BannerType>fanart</BannerType>
  <BannerType2>1280x720</BannerType2>
  <Colors></Colors>
  <Language>en</Language>
  <Rating></Rating>
  <RatingCount>0</RatingCount>
  <SeriesName>false</SeriesName>
  <ThumbnailPath>_cache/fanart/original/80351-29.jpg</ThumbnailPath>
  <VignettePath>fanart/vignette/80351-29.jpg</VignettePath>
</Banner>
<Banner>
  <id>28371</id>
  <BannerPath>fanart/original/80351-13.jpg</BannerPath>
  <BannerType>fanart</BannerType>
  <BannerType2>1920x1080</BannerType2>
  <Colors></Colors>
  <Language>en</Language>
  <Rating></Rating>
  <RatingCount>0</RatingCount>
  <SeriesName>false</SeriesName>
  <ThumbnailPath>_cache/fanart/original/80351-13.jpg</ThumbnailPath>
  <VignettePath>fanart/vignette/80351-13.jpg</VignettePath>
</Banner>
<Banner>
  <id>581481</id>
  <BannerPath>fanart/original/80351-42.jpg</BannerPath>
  <BannerType>fanart</BannerType>
  <BannerType2>1920x1080</BannerType2>
  <Colors></Colors>
  <Language>fr</Language>
  <Rating></Rating>
  <RatingCount>0</RatingCount>
  <SeriesName>false</SeriesName>
  <ThumbnailPath>_cache/fanart/original/80351-42.jpg</ThumbnailPath>
  <VignettePath>fanart/vignette/80351-42.jpg</VignettePath>
</Banner>
<Banner>
  <id>38868</id>
  <BannerPath>fanart/original/80351-21.jpg</BannerPath>
  <BannerType>fanart</BannerType>
  <BannerType2>1280x720</BannerType2>
  <Colors></Colors>
  <Language>en</Language>
  <Rating></Rating>
  <RatingCount>0</RatingCount>
  <SeriesName>false</SeriesName>
  <ThumbnailPath>_cache/fanart/original/80351-21.jpg</ThumbnailPath>
  <VignettePath>fanart/vignette/80351-21.jpg</VignettePath>
</Banner>
<Banner>
  <id>28419</id>
  <BannerPath>fanart/original/80351-15.jpg</BannerPath>
  <BannerType>fanart</BannerType>
  <BannerType2>1920x1080</BannerType2>
  <Colors>|240,224,149|117,121,130|255,255,255|</Colors>
  <Language>en</Language>
  <Rating></Rating>
  <RatingCount>0</RatingCount>
  <SeriesName>false</SeriesName>
  <ThumbnailPath>_cache/fanart/original/80351-15.jpg</ThumbnailPath>
  <VignettePath>fanart/vignette/80351-15.jpg</VignettePath>
</Banner>
<Banner>
  <id>28366</id>
  <BannerPath>fanart/original/80351-9.jpg</BannerPath>
  <BannerType>fanart</BannerType>
  <BannerType2>1920x1080</BannerType2>
  <Colors></Colors>
  <Language>en</Language>
  <Rating></Rating>
  <RatingCount>0</RatingCount>
  <SeriesName>false</SeriesName>
  <ThumbnailPath>_cache/fanart/original/80351-9.jpg</ThumbnailPath>
  <VignettePath>fanart/vignette/80351-9.jpg</VignettePath>
</Banner>
<Banner>
  <id>581461</id>
  <BannerPath>fanart/original/80351-40.jpg</BannerPath>
  <BannerType>fanart</BannerType>
  <BannerType2>1920x1080</BannerType2>
  <Colors></Colors>
  <Language>fr</Language>
  <Rating></Rating>
  <RatingCount>0</RatingCount>
  <SeriesName>false</SeriesName>
  <ThumbnailPath>_cache/fanart/original/80351-40.jpg</ThumbnailPath>
  <VignettePath>fanart/vignette/80351-40.jpg</VignettePath>
</Banner>
<Banner>
  <id>38862</id>
  <BannerPath>fanart/original/80351-17.jpg</BannerPath>
  <BannerType>fanart</BannerType>
  <BannerType2>1280x720</BannerType2>
  <Colors></Colors>
  <Language>en</Language>
  <Rating></Rating>
  <RatingCount>0</RatingCount>
  <SeriesName>false</SeriesName>
  <ThumbnailPath>_cache/fanart/original/80351-17.jpg</ThumbnailPath>
  <VignettePath>fanart/vignette/80351-17.jpg</VignettePath>
</Banner>
<Banner>
  <id>38870</id>
  <BannerPath>fanart/original/80351-23.jpg</BannerPath>
  <BannerType>fanart</BannerType>
  <BannerType2>1280x720</BannerType2>
  <Colors></Colors>
  <Language>en</Language>
  <Rating></Rating>
  <RatingCount>0</RatingCount>
  <SeriesName>false</SeriesName>
  <ThumbnailPath>_cache/fanart/original/80351-23.jpg</ThumbnailPath>
  <VignettePath>fanart/vignette/80351-23.jpg</VignettePath>
</Banner>
<Banner>
  <id>20367</id>
  <BannerPath>fanart/original/80351-3.jpg</BannerPath>
  <BannerType>fanart</BannerType>
  <BannerType2>1280x720</BannerType2>
  <Colors>|254,59,29|45,36,39|100,84,33|</Colors>
  <Language>en</Language>
  <Rating></Rating>
  <RatingCount>0</RatingCount>
  <SeriesName>false</SeriesName>
  <ThumbnailPath>_cache/fanart/original/80351-3.jpg</ThumbnailPath>
  <VignettePath>fanart/vignette/80351-3.jpg</VignettePath>
</Banner>
<Banner>
  <id>581471</id>
  <BannerPath>fanart/original/80351-41.jpg</BannerPath>
  <BannerType>fanart</BannerType>
  <BannerType2>1920x1080</BannerType2>
  <Colors></Colors>
  <Language>fr</Language>
  <Rating></Rating>
  <RatingCount>0</RatingCount>
  <SeriesName>false</SeriesName>
  <ThumbnailPath>_cache/fanart/original/80351-41.jpg</ThumbnailPath>
  <VignettePath>fanart/vignette/80351-41.jpg</VignettePath>
</Banner>
<Banner>
  <id>38869</id>
  <BannerPath>fanart/original/80351-22.jpg</BannerPath>
  <BannerType>fanart</BannerType>
  <BannerType2>1280x720</BannerType2>
  <Colors>|217,214,223|43,43,43|252,233,216|</Colors>
  <Language>en</Language>
  <Rating></Rating>
  <RatingCount>0</RatingCount>
  <SeriesName>false</SeriesName>
  <ThumbnailPath>_cache/fanart/original/80351-22.jpg</ThumbnailPath>
  <VignettePath>fanart/vignette/80351-22.jpg</VignettePath>
</Banner>
<Banner>
  <id>102711</id>
  <BannerPath>fanart/original/80351-27.jpg</BannerPath>
  <BannerType>fanart</BannerType>
  <BannerType2>1280x720</BannerType2>
  <Colors></Colors>
  <Language>en</Language>
  <Rating></Rating>
  <RatingCount>0</RatingCount>
  <SeriesName>false</SeriesName>
  <ThumbnailPath>_cache/fanart/original/80351-27.jpg</ThumbnailPath>
  <VignettePath>fanart/vignette/80351-27.jpg</VignettePath>
</Banner>
<Banner>
  <id>38865</id>
  <BannerPath>fanart/original/80351-18.jpg</BannerPath>
  <BannerType>fanart</BannerType>
  <BannerType2>1280x720</BannerType2>
  <Colors></Colors>
  <Language>en</Language>
  <Rating></Rating>
  <RatingCount>0</RatingCount>
  <SeriesName>false</SeriesName>
  <ThumbnailPath>_cache/fanart/original/80351-18.jpg</ThumbnailPath>
  <VignettePath>fanart/vignette/80351-18.jpg</VignettePath>
</Banner>
<Banner>
  <id>38860</id>
  <BannerPath>fanart/original/80351-7.jpg</BannerPath>
  <BannerType>fanart</BannerType>
  <BannerType2>1280x720</BannerType2>
  <Colors></Colors>
  <Language>en</Language>
  <Rating></Rating>
  <RatingCount>0</RatingCount>
  <SeriesName>false</SeriesName>
  <ThumbnailPath>_cache/fanart/original/80351-7.jpg</ThumbnailPath>
  <VignettePath>fanart/vignette/80351-7.jpg</VignettePath>
</Banner>
<Banner>
  <id>20178</id>
  <BannerPath>fanart/original/80351-1.jpg</BannerPath>
  <BannerType>fanart</BannerType>
  <BannerType2>1920x1080</BannerType2>
  <Colors>|236,89,71|133,173,165|174,142,95|</Colors>
  <Language>en</Language>
  <Rating></Rating>
  <RatingCount>0</RatingCount>
  <SeriesName>false</SeriesName>
  <ThumbnailPath>_cache/fanart/original/80351-1.jpg</ThumbnailPath>
  <VignettePath>fanart/vignette/80351-1.jpg</VignettePath>
</Banner>
<Banner>
  <id>38867</id>
  <BannerPath>fanart/original/80351-20.jpg</BannerPath>
  <BannerType>fanart</BannerType>
  <BannerType2>1280x720</BannerType2>
  <Colors></Colors>
  <Language>en</Language>
  <Rating></Rating>
  <RatingCount>0</RatingCount>
  <SeriesName>false</SeriesName>
  <ThumbnailPath>_cache/fanart/original/80351-20.jpg</ThumbnailPath>
  <VignettePath>fanart/vignette/80351-20.jpg</VignettePath>
</Banner>
<Banner>
  <id>38873</id>
  <BannerPath>fanart/original/80351-26.jpg</BannerPath>
  <BannerType>fanart</BannerType>
  <BannerType2>1280x720</BannerType2>
  <Colors></Colors>
  <Language>en</Language>
  <Rating></Rating>
  <RatingCount>0</RatingCount>
  <SeriesName>false</SeriesName>
  <ThumbnailPath>_cache/fanart/original/80351-26.jpg</ThumbnailPath>
  <VignettePath>fanart/vignette/80351-26.jpg</VignettePath>
</Banner>
<Banner>
  <id>28622</id>
  <BannerPath>posters/80351-2.jpg</BannerPath>
  <BannerType>poster</BannerType>
  <BannerType2>680x1000</BannerType2>
  <Language>en</Language>
  <Rating>8.3333</Rating>
  <RatingCount>3</RatingCount>
</Banner>
<Banner>
  <id>28621</id>
  <BannerPath>posters/80351-1.jpg</BannerPath>
  <BannerType>poster</BannerType>
  <BannerType2>680x1000</BannerType2>
  <Language>en</Language>
  <Rating>6.6667</Rating>
  <RatingCount>3</RatingCount>
</Banner>
<Banner>
  <id>29763</id>
  <BannerPath>posters/80351-3.jpg</BannerPath>
  <BannerType>poster</BannerType>
  <BannerType2>680x1000</BannerType2>
  <Language>en</Language>
  <Rating>4.7500</Rating>
  <RatingCount>4</RatingCount>
</Banner>
<Banner>
  <id>78271</id>
  <BannerPath>seasons/80351-2-2.jpg</BannerPath>
  <BannerType>season</BannerType>
  <BannerType2>season</BannerType2>
  <Language>en</Language>
  <Rating>10.0000</Rating>
  <RatingCount>2</RatingCount>
  <Season>2</Season>
</Banner>
<Banner>
  <id>33055</id>
  <BannerPath>seasons/80351-1-2.jpg</BannerPath>
  <BannerType>season</BannerType>
  <BannerType2>season</BannerType2>
  <Language>en</Language>
  <Rating>7.0000</Rating>
  <RatingCount>3</RatingCount>
  <Season>1</Season>
</Banner>
<Banner>
  <id>16258</id>
  <BannerPath>seasons/80351-1.jpg</BannerPath>
  <BannerType>season</BannerType>
  <BannerType2>season</BannerType2>
  <Language>en</Language>
  <Rating>1.0000</Rating>
  <RatingCount>1</RatingCount>
  <Season>1</Season>
</Banner>
<Banner>
  <id>27325</id>
  <BannerPath>seasons/80351-2.jpg</BannerPath>
  <BannerType>season</BannerType>
  <BannerType2>season</BannerType2>
  <Language>en</Language>
  <Rating></Rating>
  <RatingCount>0</RatingCount>
  <Season>2</Season>
</Banner>
<Banner>
  <id>868572</id>
  <BannerPath>graphical/80351-g9.jpg</BannerPath>
  <BannerType>series</BannerType>
  <BannerType2>graphical</BannerType2>
  <Language>en</Language>
  <Rating>10.0000</Rating>
  <RatingCount>1</RatingCount>
</Banner>
<Banner>
  <id>29764</id>
  <BannerPath>graphical/80351-g5.jpg</BannerPath>
  <BannerType>series</BannerType>
  <BannerType2>graphical</BannerType2>
  <Language>en</Language>
  <Rating>7.8571</Rating>
  <RatingCount>7</RatingCount>
</Banner>
<Banner>
  <id>32587</id>
  <BannerPath>graphical/80351-g6.jpg</BannerPath>
  <BannerType>series</BannerType>
  <BannerType2>graphical</BannerType2>
  <Language>en</Language>
  <Rating>6.6000</Rating>
  <RatingCount>5</RatingCount>
</Banner>
<Banner>
  <id>16245</id>
  <BannerPath>graphical/80351-g3.jpg</BannerPath>
  <BannerType>series</BannerType>
  <BannerType2>graphical</BannerType2>
  <Language>en</Language>
  <Rating>6.1667</Rating>
  <RatingCount>6</RatingCount>
</Banner>
<Banner>
  <id>16557</id>
  <BannerPath>graphical/80351-g4.jpg</BannerPath>
  <BannerType>series</BannerType>
  <BannerType2>graphical</BannerType2>
  <Language>en</Language>
  <Rating>6.0000</Rating>
  <RatingCount>2</RatingCount>
</Banner>
<Banner>
  <id>14884</id>
  <BannerPath>graphical/80351-g2.jpg</BannerPath>
  <BannerType>series</BannerType>
  <BannerType2>graphical</BannerType2>
  <Language>en</Language>
  <Rating>6.0000</Rating>
  <RatingCount>4</RatingCount>
</Banner>
<Banner>
  <id>32588</id>
  <BannerPath>graphical/80351-g7.jpg</BannerPath>
  <BannerType>series</BannerType>
  <BannerType2>graphical</BannerType2>
  <Language>de</Language>
  <Rating>5.0000</Rating>
  <RatingCount>2</RatingCount>
</Banner>
<Banner>
  <id>14829</id>
  <BannerPath>graphical/80351-g.jpg</BannerPath>
  <BannerType>series</BannerType>
  <BannerType2>graphical</BannerType2>
  <Language>en</Language>
  <Rating>3.0000</Rating>
  <RatingCount>2</RatingCount>
</Banner>
<Banner>
  <id>82611</id>
  <BannerPath>graphical/80351-g8.jpg</BannerPath>
  <BannerType>series</BannerType>
  <BannerType2>graphical</BannerType2>
  <Language>en</Language>
  <Rating></Rating>
  <RatingCount>0</RatingCount>
</Banner>
</Banners>