<?xml version="1.0" encoding="UTF-8" ?>
<Data><Series>
  <id>80351</id>
  <Actors>|Lee Pace|Anna Friel|Kristin Chenoweth|Swoosie Kurtz|Chi McBride|Ellen Greene |</Actors>
  <Airs_DayOfWeek>Wednesday</Airs_DayOfWeek>
  <Airs_Time>8:00 PM</Airs_Time>
  <ContentRating>TV-PG</ContentRating>
  <FirstAired>2007-10-03</FirstAired>
  <Genre>|Comedy|Drama|</Genre>
  <IMDB_ID>tt0925266</IMDB_ID>
  <Language>en</Language>
  <Network>ABC</Network>
  <NetworkID></NetworkID>
  <Overview>Pushing Daisies centers on the life of Ned, a pie-maker gifted with the mysterious ability to bring dead things back to life by touching them. There are some conditions to this somewhat unusual talent. Ned quickly learns that if something is revived for more than exactly one minute, something of similar &quot;life value&quot; in the vicinity drops dead, as a form of balance. Additionally, if he touches the revived person or thing a second time, it falls dead again, this time permanently.</Overview>
  <Rating>8.6</Rating>
  <RatingCount>77</RatingCount>
  <Runtime>60</Runtime>
  <SeriesID>68663</SeriesID>
  <SeriesName>Pushing Daisies</SeriesName>
  <Status>Ended</Status>
  <added></added>
  <addedBy></addedBy>
  <banner>graphical/80351-g9.jpg</banner>
  <fanart>fanart/original/80351-6.jpg</fanart>
  <lastupdated>1363212194</lastupdated>
  <poster>posters/80351-2.jpg</poster>
  <zap2it_id>SH930981</zap2it_id>
</Series>
<Episode>
  <id>332245</id>
  <Combined_episodenumber>1.0</Combined_episodenumber>
  <Combined_season>1</Combined_season>
  <DVD_chapter></DVD_chapter>
  <DVD_discid></DVD_discid>
  <DVD_episodenumber>1.0</DVD_episodenumber>
  <DVD_season>1</DVD_season>
  <Director>|Barry Sonnenfeld|</Director>
  <EpImgFlag></EpImgFlag>
  <EpisodeName>Pie-lette</EpisodeName>
  <EpisodeNumber>1</EpisodeNumber>
  <FirstAired>2007-10-03</FirstAired>
  <GuestStars>|Patrick Breen|</GuestStars>
  <IMDB_ID></IMDB_ID>
  <Language>en</Language>
  <Overview>Ned works in a pie store and seems to lead a perfectly normal life. This, however, is far from the truth. Ned can, through the touch of his hand, wake people from the dead. He decides to use this ability of his to solve crimes, but this appears to be much more difficult than it sounds, when he gives life to his childhood crush, and decides to let keep living.</Overview>
  <ProductionCode></ProductionCode>
  <Rating>7.8</Rating>
  <RatingCount>26</RatingCount>
  <SeasonNumber>1</SeasonNumber>
  <Writer>|Bryan Fuller|</Writer>
  <absolute_number>1</absolute_number>
  <filename>episodes/80351/332245.jpg</filename>
  <lastupdated>1338819476</lastupdated>
  <seasonid>27993</seasonid>
  <seriesid>80351</seriesid>
</Episode>
<Episode>
  <id>337018</id>
  <Combined_episodenumber>2.0</Combined_episodenumber>
  <Combined_season>1</Combined_season>
  <DVD_chapter></DVD_chapter>
  <DVD_discid></DVD_discid>
  <DVD_episodenumber>2.0</DVD_episodenumber>
  <DVD_season>1</DVD_season>
  <Director>|Barry Sonnenfeld|</Director>
  <EpImgFlag>2</EpImgFlag>
  <EpisodeName>Dummy</EpisodeName>
  <EpisodeNumber>2</EpisodeNumber>
  <FirstAired>2007-10-10</FirstAired>
  <GuestStars>|Patrick Fabian|Riki Lindhome|Jonathan Mangum|</GuestStars>
  <IMDB_ID></IMDB_ID>
  <Language>en</Language>
  <Overview>Ned, Emerson and Chuck visit the morgue to inspect the body of a victim of a car accident, a 45 year old man who specialized in automobile safety. The police is offering a reward to anyone who can find the killer and Emerson wants answers to be able to get the reward.</Overview>
  <ProductionCode></ProductionCode>
  <Rating>7.1</Rating>
  <RatingCount>19</RatingCount>
  <SeasonNumber>1</SeasonNumber>
  <Writer>|Peter Ocko|</Writer>
  <absolute_number>2</absolute_number>
  <filename>episodes/80351/337018.jpg</filename>
  <lastupdated>1281033998</lastupdated>
  <seasonid>27993</seasonid>
  <seriesid>80351</seriesid>
</Episode>
<Episode>
  <id>337019</id>
  <Combined_episodenumber>3.0</Combined_episodenumber>
  <Combined_season>1</Combined_season>
  <DVD_chapter></DVD_chapter>
  <DVD_discid></DVD_discid>
  <DVD_episodenumber>3.0</DVD_episodenumber>
  <DVD_season>1</DVD_season>
  <Director>|Paul Edwards|</Director>
  <EpImgFlag>2</EpImgFlag>
  <EpisodeName>The Fun in Funeral</EpisodeName>
  <EpisodeNumber>3</EpisodeNumber>
  <FirstAired>2007-10-17</FirstAired>
  <GuestStars>|Raúl Esparza|Brad Grunberg|Eddie Shin|</GuestStars>
  <IMDB_ID></IMDB_ID>
  <Language>en</Language>
  <Overview>Chuck holds true to the threat she made in the pilot by baking anti-depressants into her aunt's food, in the form of Ned's pies. Olive delivers one to them and stumbles onto Chuck's secret. Now that she has dirt on Chuck - that her aunts think she's dead - will Olive use it against her to get Ned?</Overview>
  <ProductionCode></ProductionCode>
  <Rating>7.3</Rating>
  <RatingCount>12</RatingCount>
  <SeasonNumber>1</SeasonNumber>
  <Writer>|Bryan Fuller|</Writer>
  <absolute_number>3</absolute_number>
  <filename>episodes/80351/337019.jpg</filename>
  <lastupdated>1281034771</lastupdated>
  <seasonid>27993</seasonid>
  <seriesid>80351</seriesid>
</Episode>
<Episode>
  <id>337020</id>
  <Combined_episodenumber>4.0</Combined_episodenumber>
  <Combined_season>1</Combined_season>
  <DVD_chapter></DVD_chapter>
  <DVD_discid></DVD_discid>
  <DVD_episodenumber>4.0</DVD_episodenumber>
  <DVD_season>1</DVD_season>
  <Director>|Adam Kane|</Director>
  <EpImgFlag>2</EpImgFlag>
  <EpisodeName>Pigeon</EpisodeName>
  <EpisodeNumber>4</EpisodeNumber>
  <FirstAired>2007-10-24</FirstAired>
  <GuestStars>|Dash Mihok|Jayma Mays|E.J. Callahan|</GuestStars>
  <IMDB_ID></IMDB_ID>
  <Language>en</Language>
  <Overview>Emerson, Ned and Chuck are hired to prove that a pilot was murdered, rather than committing suicide, but soon become involved in a case of stolen jewelery and an escaped prisoner.</Overview>
  <ProductionCode></ProductionCode>
  <Rating>7.8</Rating>
  <RatingCount>18</RatingCount>
  <SeasonNumber>1</SeasonNumber>
  <Writer>|Rina Mimoun|</Writer>
  <absolute_number>4</absolute_number>
  <filename>episodes/80351/337020.jpg</filename>
  <lastupdated>1281034964</lastupdated>
  <seasonid>27993</seasonid>
  <seriesid>80351</seriesid>
</Episode>
<Episode>
  <id>337021</id>
  <Combined_episodenumber>5.0</Combined_episodenumber>
  <Combined_season>1</Combined_season>
  <DVD_chapter></DVD_chapter>
  <DVD_discid></DVD_discid>
  <DVD_episodenumber>5.0</DVD_episodenumber>
  <DVD_season>1</DVD_season>
  <Director>|Peter O'Fallon|</Director>
  <EpImgFlag>2</EpImgFlag>
  <EpisodeName>Girth</EpisodeName>
  <EpisodeNumber>5</EpisodeNumber>
  <FirstAired>2007-10-31</FirstAired>
  <GuestStars>|Carlos Alazraqui|Barbara Barrie|Ralph P. Martin|Christopher Neiman|Hamish Linklater|</GuestStars>
  <IMDB_ID></IMDB_ID>
  <Language>en</Language>
  <Overview>In this Halloween episode, Emerson and Olive track down &quot;the ghost&quot; who's been killing the jockeys at the old race arena where Olive used to race as a former jockey herself. With help from Ned and Chuck, they try to solve the big mystery.</Overview>
  <ProductionCode></ProductionCode>
  <Rating>7.5</Rating>
  <RatingCount>14</RatingCount>
  <SeasonNumber>1</SeasonNumber>
  <Writer>|Katherine Lingenfelter|</Writer>
  <absolute_number>5</absolute_number>
  <filename>episodes/80351/337021.jpg</filename>
  <lastupdated>1281035164</lastupdated>
  <seasonid>27993</seasonid>
  <seriesid>80351</seriesid>
</Episode>
<Episode>
  <id>337022</id>
  <Combined_episodenumber>6.0</Combined_episodenumber>
  <Combined_season>1</Combined_season>
  <DVD_chapter></DVD_chapter>
  <DVD_discid></DVD_discid>
  <DVD_episodenumber>6.0</DVD_episodenumber>
  <DVD_season>1</DVD_season>
  <Director>|Allan Kroeker|</Director>
  <EpImgFlag>2</EpImgFlag>
  <EpisodeName>Bitches</EpisodeName>
  <EpisodeNumber>6</EpisodeNumber>
  <FirstAired>2007-11-14</FirstAired>
  <GuestStars>|Christine Adams|Mark Harelik|Lydia Look|Jessica Lundy|Joel McHale|Jenny Wade|</GuestStars>
  <IMDB_ID></IMDB_ID>
  <Language>en</Language>
  <Overview>Ned, Chuck, Emerson and Olive tackle a murder mystery involving a man who was murdered over a dog and claims to have been killed by his wife. Problem is, he's a polygamist with four wives.</Overview>
  <ProductionCode></ProductionCode>
  <Rating>7.5</Rating>
  <RatingCount>12</RatingCount>
  <SeasonNumber>1</SeasonNumber>
  <Writer>|Chad Gomez Creasey|Dara Resnik Creasey|</Writer>
  <absolute_number>6</absolute_number>
  <filename>episodes/80351/337022.jpg</filename>
  <lastupdated>1281035309</lastupdated>
  <seasonid>27993</seasonid>
  <seriesid>80351</seriesid>
</Episode>
<Episode>
  <id>342713</id>
  <Combined_episodenumber>7.0</Combined_episodenumber>
  <Combined_season>1</Combined_season>
  <DVD_chapter></DVD_chapter>
  <DVD_discid></DVD_discid>
  <DVD_episodenumber>7.0</DVD_episodenumber>
  <DVD_season>1</DVD_season>
  <Director>|Lawrence Trilling|</Director>
  <EpImgFlag></EpImgFlag>
  <EpisodeName>Smell of Success</EpisodeName>
  <EpisodeNumber>7</EpisodeNumber>
  <FirstAired>2007-11-21</FirstAired>
  <GuestStars>|Paul Reubens|Field Cate|Tim Conlon|Sarah Jayne Jensen|Christopher Sieber|</GuestStars>
  <IMDB_ID></IMDB_ID>
  <Language>en</Language>
  <Overview>Ned, Emerson, and Chuck's next case involves an olfactory assistant who was killed when her scratch-'n'-sniff book combusted.</Overview>
  <ProductionCode></ProductionCode>
  <Rating>7.4</Rating>
  <RatingCount>14</RatingCount>
  <SeasonNumber>1</SeasonNumber>
  <Writer>|Scott Nimerfro|</Writer>
  <absolute_number>7</absolute_number>
  <filename>episodes/80351/342713.jpg</filename>
  <lastupdated>1281035451</lastupdated>
  <seasonid>27993</seasonid>
  <seriesid>80351</seriesid>
</Episode>
<Episode>
  <id>343613</id>
  <Combined_episodenumber>8.0</Combined_episodenumber>
  <Combined_season>1</Combined_season>
  <DVD_chapter></DVD_chapter>
  <DVD_discid></DVD_discid>
  <DVD_episodenumber>8.0</DVD_episodenumber>
  <DVD_season>1</DVD_season>
  <Director>|Allan Kroeker|</Director>
  <EpImgFlag></EpImgFlag>
  <EpisodeName>Bitter Sweets</EpisodeName>
  <EpisodeNumber>8</EpisodeNumber>
  <FirstAired>2007-11-28</FirstAired>
  <GuestStars>|Molly Shannon|Field Cate|Michael Cornacchia|Raúl Esparza|Steve Hytner|Mike White|</GuestStars>
  <IMDB_ID></IMDB_ID>
  <Language>en</Language>
  <Overview>Emerson, Ned and Chuck investigate the death of Tony DiNapoli, who appears to have been strangled by a woman. Meanwhile, business at the Pie Hole plummets when a new candy store opens in town.  Alfredo Aldarisio returns and continues to pursue an oblivious Olive who, herself, still pines for affection from the Pie Maker.</Overview>
  <ProductionCode></ProductionCode>
  <Rating>7.5</Rating>
  <RatingCount>11</RatingCount>
  <SeasonNumber>1</SeasonNumber>
  <Writer>|Abby Gewanter|</Writer>
  <absolute_number>8</absolute_number>
  <filename>episodes/80351/343613.jpg</filename>
  <lastupdated>1281035644</lastupdated>
  <seasonid>27993</seasonid>
  <seriesid>80351</seriesid>
</Episode>
<Episode>
  <id>345062</id>
  <Combined_episodenumber>9.0</Combined_episodenumber>
  <Combined_season>1</Combined_season>
  <DVD_chapter></DVD_chapter>
  <DVD_discid></DVD_discid>
  <DVD_episodenumber>9.0</DVD_episodenumber>
  <DVD_season>1</DVD_season>
  <Director>|Brian Dannelly|</Director>
  <EpImgFlag>2</EpImgFlag>
  <EpisodeName>Corpsicle</EpisodeName>
  <EpisodeNumber>9</EpisodeNumber>
  <FirstAired>2007-12-12</FirstAired>
  <GuestStars>|Paul Reubens|Grant Shaud|Julia Campbell|Field Cate|Colby Paul|Audrey Wasilewski|</GuestStars>
  <IMDB_ID></IMDB_ID>
  <Language>en</Language>
  <Overview>Chuck learns the most shocking secret of her life and refuses to forgive Ned. In order to take the Pie Maker's mind off of Chuck, Emerson gets him to solve the mystery of a man killing life insurance agents and hiding them in snow banks. Oscar Vibenius returns to investigate why Chuck has an unique smell. Meanwhile, the aunts' antidepressant-laced pies begin to show some hallucinogenic effects.</Overview>
  <ProductionCode></ProductionCode>
  <Rating>7.2</Rating>
  <RatingCount>11</RatingCount>
  <SeasonNumber>1</SeasonNumber>
  <Writer>|Lisa Joy|</Writer>
  <absolute_number>9</absolute_number>
  <filename>episodes/80351/345062.jpg</filename>
  <lastupdated>1281035879</lastupdated>
  <seasonid>27993</seasonid>
  <seriesid>80351</seriesid>
</Episode>
<Episode>
  <id>387584</id>
  <Combined_episodenumber>1.0</Combined_episodenumber>
  <Combined_season>2</Combined_season>
  <DVD_chapter></DVD_chapter>
  <DVD_discid></DVD_discid>
  <DVD_episodenumber>1.0</DVD_episodenumber>
  <DVD_season>2</DVD_season>
  <Director>|Adam Kane|</Director>
  <EpImgFlag>2</EpImgFlag>
  <EpisodeName>Bzzzzzzzzz!</EpisodeName>
  <EpisodeNumber>1</EpisodeNumber>
  <FirstAired>2008-10-01</FirstAired>
  <GuestStars>|Missi Pyle|French Stewart|Peter Cambor|Autumn Reeser|Diana Scarwid|Sy Richardson|Sammi Hanratty|</GuestStars>
  <IMDB_ID></IMDB_ID>
  <Language>en</Language>
  <Overview>Emerson is hired by Dusty Fitz, whose wife Kentucky died in a tragic bee-related incident. She was involved with another man who Dusty claims she was preparing to leave, and Dusty suspects murder. Meanwhile, Lily helps Olive move to a nunnery.</Overview>
  <ProductionCode></ProductionCode>
  <Rating>7.3</Rating>
  <RatingCount>16</RatingCount>
  <SeasonNumber>2</SeasonNumber>
  <Writer>|Bryan Fuller|</Writer>
  <absolute_number>10</absolute_number>
  <filename>episodes/80351/387584.jpg</filename>
  <lastupdated>1325518182</lastupdated>
  <seasonid>34189</seasonid>
  <seriesid>80351</seriesid>
</Episode>
<Episode>
  <id>387585</id>
  <Combined_episodenumber>2.0</Combined_episodenumber>
  <Combined_season>2</Combined_season>
  <DVD_chapter></DVD_chapter>
  <DVD_discid></DVD_discid>
  <DVD_episodenumber>2.0</DVD_episodenumber>
  <DVD_season>2</DVD_season>
  <Director>|Lawrence Trilling|</Director>
  <EpImgFlag>2</EpImgFlag>
  <EpisodeName>Circus Circus</EpisodeName>
  <EpisodeNumber>2</EpisodeNumber>
  <FirstAired>2008-10-08</FirstAired>
  <GuestStars>|Rachael Harris|Lee Arenberg|Diana Scarwid|Googy Gress|Theo Zoumpoulidis|</GuestStars>
  <IMDB_ID></IMDB_ID>
  <Language>en</Language>
  <Overview>Georgeann Heaps hires Emerson to find her missing daughter, and the trail leads to a circus. Meanwhile Ned and Chuck try to deal with the change in their relationship, and Olive considers staying longer at the nunnery.</Overview>
  <ProductionCode></ProductionCode>
  <Rating>7.2</Rating>
  <RatingCount>13</RatingCount>
  <SeasonNumber>2</SeasonNumber>
  <Writer>|Peter Ocko|</Writer>
  <absolute_number>11</absolute_number>
  <filename>episodes/80351/387585.jpg</filename>
  <lastupdated>1325517675</lastupdated>
  <seasonid>34189</seasonid>
  <seriesid>80351</seriesid>
</Episode>
<Episode>
  <id>387586</id>
  <Combined_episodenumber>3.0</Combined_episodenumber>
  <Combined_season>2</Combined_season>
  <DVD_chapter></DVD_chapter>
  <DVD_discid></DVD_discid>
  <DVD_episodenumber>3.0</DVD_episodenumber>
  <DVD_season>2</DVD_season>
  <Director>|Peter O'Fallon|</Director>
  <EpImgFlag>2</EpImgFlag>
  <EpisodeName>Bad Habits</EpisodeName>
  <EpisodeNumber>3</EpisodeNumber>
  <FirstAired>2008-10-15</FirstAired>
  <GuestStars>|Mo Collins|Graham McTavish|Diana Scarwid|Michael Hitchcock|</GuestStars>
  <IMDB_ID></IMDB_ID>
  <Language>en</Language>
  <Overview>Olive calls on the Pie Maker and Emerson to solve a suspicious suicide of a fellow nun that she believes is murder. Meanwhile, Chuck considers what to do in the present with her new lease on life.</Overview>
  <ProductionCode></ProductionCode>
  <Rating>7.8</Rating>
  <RatingCount>20</RatingCount>
  <SeasonNumber>2</SeasonNumber>
  <Writer>|Gretchen J. Berg|Aaron Harberts|</Writer>
  <absolute_number>12</absolute_number>
  <filename>episodes/80351/387586.jpg</filename>
  <lastupdated>1325517690</lastupdated>
  <seasonid>34189</seasonid>
  <seriesid>80351</seriesid>
</Episode>
<Episode>
  <id>387587</id>
  <Combined_episodenumber>4.0</Combined_episodenumber>
  <Combined_season>2</Combined_season>
  <DVD_chapter></DVD_chapter>
  <DVD_discid></DVD_discid>
  <DVD_episodenumber>4.0</DVD_episodenumber>
  <DVD_season>2</DVD_season>
  <Director>|Peter Lauer|</Director>
  <EpImgFlag>2</EpImgFlag>
  <EpisodeName>Frescorts</EpisodeName>
  <EpisodeNumber>4</EpisodeNumber>
  <FirstAired>2008-10-22</FirstAired>
  <GuestStars>|David Arquette|Debra Mooney|Alexandra Barreto|Dana Davis|Hayes MacArthur|</GuestStars>
  <IMDB_ID></IMDB_ID>
  <Language>en</Language>
  <Overview>A sexy new client hires Emerson to solve the murder of her best friend Joe. Emerson and the gang discover that Joe had a lot of best friends... and they all had a reason to kill Joe.</Overview>
  <ProductionCode></ProductionCode>
  <Rating>7.4</Rating>
  <RatingCount>16</RatingCount>
  <SeasonNumber>2</SeasonNumber>
  <Writer>|Lisa Joy|Gretchen J. Berg|Aaron Harberts|</Writer>
  <absolute_number>13</absolute_number>
  <filename>episodes/80351/387587.jpg</filename>
  <lastupdated>1325517705</lastupdated>
  <seasonid>34189</seasonid>
  <seriesid>80351</seriesid>
</Episode>
<Episode>
  <id>387588</id>
  <Combined_episodenumber>5.0</Combined_episodenumber>
  <Combined_season>2</Combined_season>
  <DVD_chapter></DVD_chapter>
  <DVD_discid></DVD_discid>
  <DVD_episodenumber>5.0</DVD_episodenumber>
  <DVD_season>2</DVD_season>
  <Director>|Lawrence Trilling|</Director>
  <EpImgFlag>2</EpImgFlag>
  <EpisodeName>Dim Sum Lose Some</EpisodeName>
  <EpisodeNumber>5</EpisodeNumber>
  <FirstAired>2008-10-29</FirstAired>
  <GuestStars>|Stephen Root|Christine Adams|Blake Kushi|Andrea Lui|Alex Miller|Graham Miller|Ping Wu|Ron Yuan|</GuestStars>
  <IMDB_ID></IMDB_ID>
  <Language>en</Language>
  <Overview>The wife of a murdered chef, Bao Di, hires Emerson to investigate the death of her husband. They soon discover that Bao was heavily in debt, and wagered his daughter Mei's hand in marriage to cover his markers.</Overview>
  <ProductionCode></ProductionCode>
  <Rating>7.2</Rating>
  <RatingCount>12</RatingCount>
  <SeasonNumber>2</SeasonNumber>
  <Writer>|Davey Holmes|</Writer>
  <absolute_number>14</absolute_number>
  <filename>episodes/80351/387588.jpg</filename>
  <lastupdated>1325517732</lastupdated>
  <seasonid>34189</seasonid>
  <seriesid>80351</seriesid>
</Episode>
<Episode>
  <id>387589</id>
  <Combined_episodenumber>6.0</Combined_episodenumber>
  <Combined_season>2</Combined_season>
  <DVD_chapter></DVD_chapter>
  <DVD_discid></DVD_discid>
  <DVD_episodenumber>6.0</DVD_episodenumber>
  <DVD_season>2</DVD_season>
  <Director>|Adam Kane|</Director>
  <EpImgFlag>2</EpImgFlag>
  <EpisodeName>Oh Oh Oh... It's Magic</EpisodeName>
  <EpisodeNumber>6</EpisodeNumber>
  <FirstAired>2008-11-19</FirstAired>
  <GuestStars>|Fred Willard|Stephen Root|Paul F. Tompkins|Alex Miller|Graham Miller|Sy Richardson|Kerri Kenney-Silver|</GuestStars>
  <IMDB_ID></IMDB_ID>
  <Language>en</Language>
  <Overview>Ned agrees to help a famed magician whose animal assistants are being killed off; Dwight Dixon tries to cozy up to Lily and Vivian, but Lily is suspicious of his motives.</Overview>
  <ProductionCode></ProductionCode>
  <Rating>7.3</Rating>
  <RatingCount>13</RatingCount>
  <SeasonNumber>2</SeasonNumber>
  <Writer>|Katherine Lingenfelter|</Writer>
  <absolute_number>15</absolute_number>
  <filename>episodes/80351/387589.jpg</filename>
  <lastupdated>1325517756</lastupdated>
  <seasonid>34189</seasonid>
  <seriesid>80351</seriesid>
</Episode>
<Episode>
  <id>387590</id>
  <Combined_episodenumber>7.0</Combined_episodenumber>
  <Combined_season>2</Combined_season>
  <DVD_chapter></DVD_chapter>
  <DVD_discid></DVD_discid>
  <DVD_episodenumber>7.0</DVD_episodenumber>
  <DVD_season>2</DVD_season>
  <Director>|Paul Shapiro|</Director>
  <EpImgFlag>2</EpImgFlag>
  <EpisodeName>Robbing Hood</EpisodeName>
  <EpisodeNumber>7</EpisodeNumber>
  <FirstAired>2008-11-26</FirstAired>
  <GuestStars>|Shelley Berman|Danny Comden|Jennifer Elise Cox|Ethan Phillips|Jamison Yang|Stephen Root|</GuestStars>
  <IMDB_ID></IMDB_ID>
  <Language>en</Language>
  <Overview>A lawyer for the late Gustav Hoffer suspects his client's death was not part of a robbery gone wrong as was reported, but rather murder.  He hires Emerson Cod and Ned to find out who killed Hoffer.</Overview>
  <ProductionCode></ProductionCode>
  <Rating>7.5</Rating>
  <RatingCount>12</RatingCount>
  <SeasonNumber>2</SeasonNumber>
  <Writer>|Jim Danger Gray|</Writer>
  <absolute_number>16</absolute_number>
  <filename>episodes/80351/387590.jpg</filename>
  <lastupdated>1325517776</lastupdated>
  <seasonid>34189</seasonid>
  <seriesid>80351</seriesid>
</Episode>
<Episode>
  <id>387591</id>
  <Combined_episodenumber>8.0</Combined_episodenumber>
  <Combined_season>2</Combined_season>
  <DVD_chapter></DVD_chapter>
  <DVD_discid></DVD_discid>
  <DVD_episodenumber>8.0</DVD_episodenumber>
  <DVD_season>2</DVD_season>
  <Director>|Peter Lauer|</Director>
  <EpImgFlag>2</EpImgFlag>
  <EpisodeName>Comfort Food</EpisodeName>
  <EpisodeNumber>8</EpisodeNumber>
  <FirstAired>2008-12-03</FirstAired>
  <GuestStars>|Josh Randall|Tim Bagley|Patrick Fischler|Beth Grant|Eric Stonestreet|Stephen Root|</GuestStars>
  <IMDB_ID></IMDB_ID>
  <Language>en</Language>
  <Overview>Ned brings back to life Colonel Likken, who was mysteriously deep fried to death.  His world-famous original recipe has gone missing and Likken asks Ned, Emerson, and Chuck to find who stole it.</Overview>
  <ProductionCode></ProductionCode>
  <Rating>8.0</Rating>
  <RatingCount>11</RatingCount>
  <SeasonNumber>2</SeasonNumber>
  <Writer>|Douglas Petrie|</Writer>
  <absolute_number>17</absolute_number>
  <filename>episodes/80351/387591.jpg</filename>
  <lastupdated>1325517792</lastupdated>
  <seasonid>34189</seasonid>
  <seriesid>80351</seriesid>
</Episode>
<Episode>
  <id>411889</id>
  <Combined_episodenumber>9.0</Combined_episodenumber>
  <Combined_season>2</Combined_season>
  <DVD_chapter></DVD_chapter>
  <DVD_discid></DVD_discid>
  <DVD_episodenumber>9.0</DVD_episodenumber>
  <DVD_season>2</DVD_season>
  <Director>|Lawrence Trilling|</Director>
  <EpImgFlag>2</EpImgFlag>
  <EpisodeName>The Legend of Merle McQuoddy</EpisodeName>
  <EpisodeNumber>9</EpisodeNumber>
  <FirstAired>2008-12-10</FirstAired>
  <GuestStars>|Josh Randall|Perry Anzilotti|Alexander Gould|Sammi Hanratty|David Koechner|Mary Kay Place|</GuestStars>
  <IMDB_ID></IMDB_ID>
  <Language>en</Language>
  <Overview>Chuck and Ned deal with the shocking return of someone from their past; Emerson and Olive investigate the death of a lighthouse keeper.</Overview>
  <ProductionCode></ProductionCode>
  <Rating>7.3</Rating>
  <RatingCount>11</RatingCount>
  <SeasonNumber>2</SeasonNumber>
  <Writer>|Chad Gomez Creasey|Dara Resnik Creasey|</Writer>
  <absolute_number>18</absolute_number>
  <filename>episodes/80351/411889.jpg</filename>
  <lastupdated>1325517809</lastupdated>
  <seasonid>34189</seasonid>
  <seriesid>80351</seriesid>
</Episode>
<Episode>
  <id>408062</id>
  <Combined_episodenumber>10.0</Combined_episodenumber>
  <Combined_season>2</Combined_season>
  <DVD_chapter></DVD_chapter>
  <DVD_discid></DVD_discid>
  <DVD_episodenumber>10.0</DVD_episodenumber>
  <DVD_season>2</DVD_season>
  <Director>|Tricia Brock|</Director>
  <EpImgFlag>2</EpImgFlag>
  <EpisodeName>The Norwegians</EpisodeName>
  <EpisodeNumber>10</EpisodeNumber>
  <FirstAired>2008-12-17</FirstAired>
  <GuestStars>|Orlando Jones|Ivana Milicevic|Michael Weaver|Stephen Root|</GuestStars>
  <IMDB_ID></IMDB_ID>
  <Language>en</Language>
  <Overview>After Emerson turns down Vivian's request to look into Dwight Dixon's sudden disappearance, she turns to another P.I. team led by Magnus Olsdatter (Orlando Jones), Emerson's bitter rival.</Overview>
  <ProductionCode></ProductionCode>
  <Rating>7.7</Rating>
  <RatingCount>15</RatingCount>
  <SeasonNumber>2</SeasonNumber>
  <Writer>|Scott Nimerfro|</Writer>
  <absolute_number>19</absolute_number>
  <filename>episodes/80351/408062.jpg</filename>
  <lastupdated>1325517825</lastupdated>
  <seasonid>34189</seasonid>
  <seriesid>80351</seriesid>
</Episode>
<Episode>
  <id>387592</id>
  <Combined_episodenumber>11.0</Combined_episodenumber>
  <Combined_season>2</Combined_season>
  <DVD_chapter></DVD_chapter>
  <DVD_discid></DVD_discid>
  <DVD_episodenumber>11.0</DVD_episodenumber>
  <DVD_season>2</DVD_season>
  <Director>|Julie Anne Robinson|</Director>
  <EpImgFlag>2</EpImgFlag>
  <EpisodeName>Window Dressed to Kill </EpisodeName>
  <EpisodeNumber>11</EpisodeNumber>
  <FirstAired>2009-05-29</FirstAired>
  <GuestStars>|Richard Benjamin|George Segal|David Arquette|Willie Garson|Diana Scarwid|Wayne Wilderson|Constance Zimmer|Rachel Cannon|Sam Pancake|</GuestStars>
  <IMDB_ID></IMDB_ID>
  <Language>en</Language>
  <Overview>Erin Embry, window dresser extraordinaire for Dicker’s department store, is killed and Chuck manages to get the Pie Hole gang on the case. Erin’s fans think it was her window-dressing partner, Coco Juniper, who did the deed. Apparently the two artistic minds did not always meet. Meanwhile, Ned loses his zapping ability which causes him a small crisis of identity. How can he assist in solving cases if he can’t undead and redead? How does it change his relationship with Chuck? And why are Ned and Olive posing as a couple?</Overview>
  <ProductionCode></ProductionCode>
  <Rating>7.4</Rating>
  <RatingCount>16</RatingCount>
  <SeasonNumber>2</SeasonNumber>
  <Writer>|Abby Gewanter|</Writer>
  <absolute_number>20</absolute_number>
  <filename>episodes/80351/387592.jpg</filename>
  <lastupdated>1325517847</lastupdated>
  <seasonid>34189</seasonid>
  <seriesid>80351</seriesid>
</Episode>
<Episode>
  <id>424289</id>
  <Combined_episodenumber>12.0</Combined_episodenumber>
  <Combined_season>2</Combined_season>
  <DVD_chapter></DVD_chapter>
  <DVD_discid></DVD_discid>
  <DVD_episodenumber>12.0</DVD_episodenumber>
  <DVD_season>2</DVD_season>
  <Director>|Dean White|</Director>
  <EpImgFlag>2</EpImgFlag>
  <EpisodeName>Water &amp; Power</EpisodeName>
  <EpisodeNumber>12</EpisodeNumber>
  <FirstAired>2009-06-05</FirstAired>
  <GuestStars>|Christine Adams|Robert Picardo|Francesca P. Roberts|Gina Torres|Fred Williamson|Matt Winston|David Arquette|</GuestStars>
  <IMDB_ID></IMDB_ID>
  <Language>en</Language>
  <Overview>Lila Robinson, a beautiful grifter from Emerson’s past resurfaces, revealing a painful secret that Emerson has kept hidden all these years. Now on the lam for murder, Lila promises Emerson a quid pro quo if he clears her name. </Overview>
  <ProductionCode></ProductionCode>
  <Rating>7.6</Rating>
  <RatingCount>15</RatingCount>
  <SeasonNumber>2</SeasonNumber>
  <Writer>|Lisa Joy|Jim Danger Gray|Peter Ocko|</Writer>
  <absolute_number>21</absolute_number>
  <filename>episodes/80351/424289.jpg</filename>
  <lastupdated>1325517862</lastupdated>
  <seasonid>34189</seasonid>
  <seriesid>80351</seriesid>
</Episode>
<Episode>
  <id>424290</id>
  <Combined_episodenumber>13.0</Combined_episodenumber>
  <Combined_season>2</Combined_season>
  <DVD_chapter></DVD_chapter>
  <DVD_discid></DVD_discid>
  <DVD_episodenumber>13.0</DVD_episodenumber>
  <DVD_season>2</DVD_season>
  <Director>|Lawrence Trilling|</Director>
  <EpImgFlag>2</EpImgFlag>
  <EpisodeName>Kerplunk </EpisodeName>
  <EpisodeNumber>13</EpisodeNumber>
  <FirstAired>2009-06-12</FirstAired>
  <GuestStars>|Wendie Malick|Nora Dunn|Wilson Cruz|Michael James McDonald|Joey Slotnick|Josh Hopkins|</GuestStars>
  <IMDB_ID></IMDB_ID>
  <Language>en</Language>
  <Overview>The past becomes the present when one half of the Darling Mermaid Darlings’ arch rivals, the Aquadolls, is killed. In order to find the murderer, the Darling Mermaid Darlings must come out of retirement with Ned as their manager and Olive as their stylist. Chuck, of course, cannot participate. Olive gets close to Sid, with whom she shares her experiences in gender discrimination, what with him being a male synchronized swimmer and her attending Vassar on a jockey scholarship. But was Sid jealous enough of the headliners to commit murder?</Overview>
  <ProductionCode></ProductionCode>
  <Rating>7.7</Rating>
  <RatingCount>15</RatingCount>
  <SeasonNumber>2</SeasonNumber>
  <Writer>|Gretchen J. Berg|Aaron Harberts|</Writer>
  <absolute_number>22</absolute_number>
  <filename>episodes/80351/424290.jpg</filename>
  <lastupdated>1325517880</lastupdated>
  <seasonid>34189</seasonid>
  <seriesid>80351</seriesid>
</Episode>
</Data>