<?xml version="1.0" encoding="UTF-8" ?>
<Actors>
<Actor>
  <id>300638</id>
  <Image>actors/300638.jpg</Image>
  <Name>Matt Lanter</Name>
  <Role>Anakin Skywalker</Role>
  <SortOrder>0</SortOrder>
</Actor>
<Actor>
  <id>300639</id>
  <Image>actors/300639.jpg</Image>
  <Name>Ashley Eckstein</Name>
  <Role>Ahsoka Tano</Role>
  <SortOrder>1</SortOrder>
</Actor>
<Actor>
  <id>300640</id>
  <Image>actors/300640.jpg</Image>
  <Name>James Arnold Taylor</Name>
  <Role>Obi-Wan Kenobi / 4-A7 / Medical Droid</Role>
  <SortOrder>2</SortOrder>
</Actor>
<Actor>
  <id>79101</id>
  <Image>actors/79101.jpg</Image>
  <Name>Cat Taber</Name>
  <Role>Padme Amidala</Role>
  <SortOrder>3</SortOrder>
</Actor>
<Actor>
  <id>79100</id>
  <Image>actors/79100.jpg</Image>
  <Name>Tom Kane</Name>
  <Role>Yoda|Narrator|Wullf Yularen</Role>
  <SortOrder>3</SortOrder>
</Actor>
<Actor>
  <id>79099</id>
  <Image>actors/79099.jpg</Image>
  <Name>Tom Kenny</Name>
  <Role>Nute Gunray</Role>
  <SortOrder>3</SortOrder>
</Actor>
<Actor>
  <id>79098</id>
  <Image>actors/79098.jpg</Image>
  <Name>Nika Frost</Name>
  <Role>TC-70|Asajj Ventress</Role>
  <SortOrder>3</SortOrder>
</Actor>
<Actor>
  <id>79097</id>
  <Image>actors/79097.jpg</Image>
  <Name>Dee Bradley Baker</Name>
  <Role>Captain Rex|Commander Cody|Clone Troopers</Role>
  <SortOrder>3</SortOrder>
</Actor>
<Actor>
  <id>79096</id>
  <Image>actors/79096.jpg</Image>
  <Name>Matthew Wood</Name>
  <Role>General Grievous|Battle Droids</Role>
  <SortOrder>3</SortOrder>
</Actor>
</Actors>