<?xml version="1.0" encoding="UTF-8" ?>
<Actors>
<Actor>
  <id>304166</id>
  <Image>actors/304166.jpg</Image>
  <Name>Jessica Lange</Name>
  <Role>Sister Jude</Role>
  <SortOrder>0</SortOrder>
</Actor>
<Actor>
  <id>304167</id>
  <Image>actors/304167.jpg</Image>
  <Name>James Cromwell</Name>
  <Role>Dr. Arthur Arden</Role>
  <SortOrder>1</SortOrder>
</Actor>
<Actor>
  <id>304168</id>
  <Image>actors/304168.jpg</Image>
  <Name>Sarah Paulson</Name>
  <Role>Lana Winters</Role>
  <SortOrder>2</SortOrder>
</Actor>
<Actor>
  <id>304177</id>
  <Image>actors/304177.jpg</Image>
  <Name>Clea Duvall</Name>
  <Role>Wendy</Role>
  <SortOrder>3</SortOrder>
</Actor>
<Actor>
  <id>304176</id>
  <Image>actors/304176.jpg</Image>
  <Name>Adam Levine</Name>
  <Role>Leo</Role>
  <SortOrder>3</SortOrder>
</Actor>
<Actor>
  <id>304175</id>
  <Image>actors/304175.jpg</Image>
  <Name>Chloë Sevigny</Name>
  <Role>Shelley</Role>
  <SortOrder>3</SortOrder>
</Actor>
<Actor>
  <id>304174</id>
  <Image>actors/304174.jpg</Image>
  <Name>Joseph Fiennes</Name>
  <Role>Monsignor Timothy Howard</Role>
  <SortOrder>3</SortOrder>
</Actor>
<Actor>
  <id>304173</id>
  <Image>actors/304173.jpg</Image>
  <Name>Lizzie Brocheré</Name>
  <Role>Grace</Role>
  <SortOrder>3</SortOrder>
</Actor>
<Actor>
  <id>304172</id>
  <Image>actors/304172.jpg</Image>
  <Name>Zachary Quinto</Name>
  <Role>Dr. Oliver Thredson</Role>
  <SortOrder>3</SortOrder>
</Actor>
<Actor>
  <id>304170</id>
  <Image>actors/304170.jpg</Image>
  <Name>Lily Rabe</Name>
  <Role>Sister Mary Eunice</Role>
  <SortOrder>3</SortOrder>
</Actor>
<Actor>
  <id>304169</id>
  <Image>actors/304169.jpg</Image>
  <Name>Evan Peters</Name>
  <Role>Kit Walker</Role>
  <SortOrder>3</SortOrder>
</Actor>
<Actor>
  <id>293412</id>
  <Image>actors/293412.jpg</Image>
  <Name>Alex Breckenridge</Name>
  <Role>Young Moira O'Hara</Role>
  <SortOrder>3</SortOrder>
</Actor>
<Actor>
  <id>293411</id>
  <Image>actors/293411.jpg</Image>
  <Name>Frances Conroy</Name>
  <Role>Moira O'Hara</Role>
  <SortOrder>3</SortOrder>
</Actor>
<Actor>
  <id>293410</id>
  <Image>actors/293410.jpg</Image>
  <Name>Connie Britton</Name>
  <Role>Vivien Harmon</Role>
  <SortOrder>3</SortOrder>
</Actor>
<Actor>
  <id>293409</id>
  <Image>actors/293409.jpg</Image>
  <Name>Dylan McDermott</Name>
  <Role>Ben Harmon</Role>
  <SortOrder>3</SortOrder>
</Actor>
<Actor>
  <id>293408</id>
  <Image>actors/293408.jpg</Image>
  <Name>Jessica Lange</Name>
  <Role>Constance Langdon</Role>
  <SortOrder>3</SortOrder>
</Actor>
<Actor>
  <id>293274</id>
  <Image>actors/293274.jpg</Image>
  <Name>Zachary Quinto</Name>
  <Role>Chad</Role>
  <SortOrder>3</SortOrder>
</Actor>
<Actor>
  <id>289349</id>
  <Image>actors/289349.jpg</Image>
  <Name>Evan Peters</Name>
  <Role>Tate Langdon</Role>
  <SortOrder>3</SortOrder>
</Actor>
<Actor>
  <id>289348</id>
  <Image>actors/289348.jpg</Image>
  <Name>Denis O'Hare</Name>
  <Role>Larry Harvey</Role>
  <SortOrder>3</SortOrder>
</Actor>
<Actor>
  <id>289346</id>
  <Image>actors/289346.jpg</Image>
  <Name>Taissa Farmiga</Name>
  <Role>Violet Harmon</Role>
  <SortOrder>3</SortOrder>
</Actor>
</Actors>