<?xml version="1.0" encoding="UTF-8" ?>
<Banners>
<Banner>
  <id>929300</id>
  <BannerPath>fanart/original/250487-18.jpg</BannerPath>
  <BannerType>fanart</BannerType>
  <BannerType2>1920x1080</BannerType2>
  <Colors></Colors>
  <Language>en</Language>
  <Rating>9.0000</Rating>
  <RatingCount>3</RatingCount>
  <SeriesName>false</SeriesName>
  <ThumbnailPath>_cache/fanart/original/250487-18.jpg</ThumbnailPath>
  <VignettePath>fanart/vignette/250487-18.jpg</VignettePath>
</Banner>
<Banner>
  <id>881527</id>
  <BannerPath>fanart/original/250487-9.jpg</BannerPath>
  <BannerType>fanart</BannerType>
  <BannerType2>1920x1080</BannerType2>
  <Colors>|41,28,19|237,224,205|130,63,34|</Colors>
  <Language>en</Language>
  <Rating>8.3000</Rating>
  <RatingCount>10</RatingCount>
  <SeriesName>false</SeriesName>
  <ThumbnailPath>_cache/fanart/original/250487-9.jpg</ThumbnailPath>
  <VignettePath>fanart/vignette/250487-9.jpg</VignettePath>
</Banner>
<Banner>
  <id>880719</id>
  <BannerPath>fanart/original/250487-7.jpg</BannerPath>
  <BannerType>fanart</BannerType>
  <BannerType2>1920x1080</BannerType2>
  <Colors>|141,230,228|132,219,211|1,1,1|</Colors>
  <Language>fr</Language>
  <Rating>7.8750</Rating>
  <RatingCount>8</RatingCount>
  <SeriesName>false</SeriesName>
  <ThumbnailPath>_cache/fanart/original/250487-7.jpg</ThumbnailPath>
  <VignettePath>fanart/vignette/250487-7.jpg</VignettePath>
</Banner>
<Banner>
  <id>877929</id>
  <BannerPath>fanart/original/250487-6.jpg</BannerPath>
  <BannerType>fanart</BannerType>
  <BannerType2>1920x1080</BannerType2>
  <Colors>|56,27,19|34,31,12|172,21,14|</Colors>
  <Language>en</Language>
  <Rating>6.7500</Rating>
  <RatingCount>4</RatingCount>
  <SeriesName>false</SeriesName>
  <ThumbnailPath>_cache/fanart/original/250487-6.jpg</ThumbnailPath>
  <VignettePath>fanart/vignette/250487-6.jpg</VignettePath>
</Banner>
<Banner>
  <id>926914</id>
  <BannerPath>fanart/original/250487-17.jpg</BannerPath>
  <BannerType>fanart</BannerType>
  <BannerType2>1920x1080</BannerType2>
  <Colors></Colors>
  <Language>en</Language>
  <Rating>6.6667</Rating>
  <RatingCount>3</RatingCount>
  <SeriesName>false</SeriesName>
  <ThumbnailPath>_cache/fanart/original/250487-17.jpg</ThumbnailPath>
  <VignettePath>fanart/vignette/250487-17.jpg</VignettePath>
</Banner>
<Banner>
  <id>873030</id>
  <BannerPath>fanart/original/250487-3.jpg</BannerPath>
  <BannerType>fanart</BannerType>
  <BannerType2>1920x1080</BannerType2>
  <Colors></Colors>
  <Language>en</Language>
  <Rating>6.5000</Rating>
  <RatingCount>6</RatingCount>
  <SeriesName>false</SeriesName>
  <ThumbnailPath>_cache/fanart/original/250487-3.jpg</ThumbnailPath>
  <VignettePath>fanart/vignette/250487-3.jpg</VignettePath>
</Banner>
<Banner>
  <id>873029</id>
  <BannerPath>fanart/original/250487-2.jpg</BannerPath>
  <BannerType>fanart</BannerType>
  <BannerType2>1920x1080</BannerType2>
  <Colors></Colors>
  <Language>en</Language>
  <Rating>6.1667</Rating>
  <RatingCount>6</RatingCount>
  <SeriesName>false</SeriesName>
  <ThumbnailPath>_cache/fanart/original/250487-2.jpg</ThumbnailPath>
  <VignettePath>fanart/vignette/250487-2.jpg</VignettePath>
</Banner>
<Banner>
  <id>880720</id>
  <BannerPath>fanart/original/250487-8.jpg</BannerPath>
  <BannerType>fanart</BannerType>
  <BannerType2>1920x1080</BannerType2>
  <Colors></Colors>
  <Language>fr</Language>
  <Rating>6.0000</Rating>
  <RatingCount>4</RatingCount>
  <SeriesName>false</SeriesName>
  <ThumbnailPath>_cache/fanart/original/250487-8.jpg</ThumbnailPath>
  <VignettePath>fanart/vignette/250487-8.jpg</VignettePath>
</Banner>
<Banner>
  <id>922948</id>
  <BannerPath>fanart/original/250487-13.jpg</BannerPath>
  <BannerType>fanart</BannerType>
  <BannerType2>1920x1080</BannerType2>
  <Colors></Colors>
  <Language>en</Language>
  <Rating>5.0000</Rating>
  <RatingCount>2</RatingCount>
  <SeriesName>false</SeriesName>
  <ThumbnailPath>_cache/fanart/original/250487-13.jpg</ThumbnailPath>
  <VignettePath>fanart/vignette/250487-13.jpg</VignettePath>
</Banner>
<Banner>
  <id>924333</id>
  <BannerPath>fanart/original/250487-16.jpg</BannerPath>
  <BannerType>fanart</BannerType>
  <BannerType2>1280x720</BannerType2>
  <Colors></Colors>
  <Language>en</Language>
  <Rating>5.0000</Rating>
  <RatingCount>2</RatingCount>
  <SeriesName>true</SeriesName>
  <ThumbnailPath>_cache/fanart/original/250487-16.jpg</ThumbnailPath>
  <VignettePath>fanart/vignette/250487-16.jpg</VignettePath>
</Banner>
<Banner>
  <id>877928</id>
  <BannerPath>fanart/original/250487-5.jpg</BannerPath>
  <BannerType>fanart</BannerType>
  <BannerType2>1920x1080</BannerType2>
  <Colors></Colors>
  <Language>en</Language>
  <Rating>4.0000</Rating>
  <RatingCount>1</RatingCount>
  <SeriesName>true</SeriesName>
  <ThumbnailPath>_cache/fanart/original/250487-5.jpg</ThumbnailPath>
  <VignettePath>fanart/vignette/250487-5.jpg</VignettePath>
</Banner>
<Banner>
  <id>902161</id>
  <BannerPath>fanart/original/250487-12.jpg</BannerPath>
  <BannerType>fanart</BannerType>
  <BannerType2>1280x720</BannerType2>
  <Colors>|253,1,0|0,0,0|255,106,183|</Colors>
  <Language>en</Language>
  <Rating>4.0000</Rating>
  <RatingCount>3</RatingCount>
  <SeriesName>false</SeriesName>
  <ThumbnailPath>_cache/fanart/original/250487-12.jpg</ThumbnailPath>
  <VignettePath>fanart/vignette/250487-12.jpg</VignettePath>
</Banner>
<Banner>
  <id>924331</id>
  <BannerPath>fanart/original/250487-14.jpg</BannerPath>
  <BannerType>fanart</BannerType>
  <BannerType2>1280x720</BannerType2>
  <Colors></Colors>
  <Language>en</Language>
  <Rating>4.0000</Rating>
  <RatingCount>3</RatingCount>
  <SeriesName>true</SeriesName>
  <ThumbnailPath>_cache/fanart/original/250487-14.jpg</ThumbnailPath>
  <VignettePath>fanart/vignette/250487-14.jpg</VignettePath>
</Banner>
<Banner>
  <id>877927</id>
  <BannerPath>fanart/original/250487-4.jpg</BannerPath>
  <BannerType>fanart</BannerType>
  <BannerType2>1920x1080</BannerType2>
  <Colors>|199,144,114|10,14,13|27,15,15|</Colors>
  <Language>en</Language>
  <Rating>4.0000</Rating>
  <RatingCount>1</RatingCount>
  <SeriesName>true</SeriesName>
  <ThumbnailPath>_cache/fanart/original/250487-4.jpg</ThumbnailPath>
  <VignettePath>fanart/vignette/250487-4.jpg</VignettePath>
</Banner>
<Banner>
  <id>924332</id>
  <BannerPath>fanart/original/250487-15.jpg</BannerPath>
  <BannerType>fanart</BannerType>
  <BannerType2>1280x720</BannerType2>
  <Colors></Colors>
  <Language>en</Language>
  <Rating>4.0000</Rating>
  <RatingCount>3</RatingCount>
  <SeriesName>true</SeriesName>
  <ThumbnailPath>_cache/fanart/original/250487-15.jpg</ThumbnailPath>
  <VignettePath>fanart/vignette/250487-15.jpg</VignettePath>
</Banner>
<Banner>
  <id>871631</id>
  <BannerPath>fanart/original/250487-1.jpg</BannerPath>
  <BannerType>fanart</BannerType>
  <BannerType2>1920x1080</BannerType2>
  <Colors></Colors>
  <Language>en</Language>
  <Rating>2.0000</Rating>
  <RatingCount>1</RatingCount>
  <SeriesName>false</SeriesName>
  <ThumbnailPath>_cache/fanart/original/250487-1.jpg</ThumbnailPath>
  <VignettePath>fanart/vignette/250487-1.jpg</VignettePath>
</Banner>
<Banner>
  <id>886829</id>
  <BannerPath>fanart/original/250487-10.jpg</BannerPath>
  <BannerType>fanart</BannerType>
  <BannerType2>1920x1080</BannerType2>
  <Colors></Colors>
  <Language>en</Language>
  <Rating></Rating>
  <RatingCount>0</RatingCount>
  <SeriesName>false</SeriesName>
  <ThumbnailPath>_cache/fanart/original/250487-10.jpg</ThumbnailPath>
  <VignettePath>fanart/vignette/250487-10.jpg</VignettePath>
</Banner>
<Banner>
  <id>900312</id>
  <BannerPath>fanart/original/250487-11.jpg</BannerPath>
  <BannerType>fanart</BannerType>
  <BannerType2>1280x720</BannerType2>
  <Colors></Colors>
  <Language>en</Language>
  <Rating></Rating>
  <RatingCount>0</RatingCount>
  <SeriesName>false</SeriesName>
  <ThumbnailPath>_cache/fanart/original/250487-11.jpg</ThumbnailPath>
  <VignettePath>fanart/vignette/250487-11.jpg</VignettePath>
</Banner>
<Banner>
  <id>922950</id>
  <BannerPath>posters/250487-11.jpg</BannerPath>
  <BannerType>poster</BannerType>
  <BannerType2>680x1000</BannerType2>
  <Language>en</Language>
  <Rating>9.2000</Rating>
  <RatingCount>5</RatingCount>
</Banner>
<Banner>
  <id>928847</id>
  <BannerPath>posters/250487-12.jpg</BannerPath>
  <BannerType>poster</BannerType>
  <BannerType2>680x1000</BannerType2>
  <Language>en</Language>
  <Rating>8.0000</Rating>
  <RatingCount>1</RatingCount>
</Banner>
<Banner>
  <id>877758</id>
  <BannerPath>posters/250487-3.jpg</BannerPath>
  <BannerType>poster</BannerType>
  <BannerType2>680x1000</BannerType2>
  <Language>en</Language>
  <Rating>6.6875</Rating>
  <RatingCount>16</RatingCount>
</Banner>
<Banner>
  <id>921860</id>
  <BannerPath>posters/250487-9.jpg</BannerPath>
  <BannerType>poster</BannerType>
  <BannerType2>680x1000</BannerType2>
  <Language>en</Language>
  <Rating>5.5000</Rating>
  <RatingCount>4</RatingCount>
</Banner>
<Banner>
  <id>877759</id>
  <BannerPath>posters/250487-4.jpg</BannerPath>
  <BannerType>poster</BannerType>
  <BannerType2>680x1000</BannerType2>
  <Language>en</Language>
  <Rating>5.3750</Rating>
  <RatingCount>8</RatingCount>
</Banner>
<Banner>
  <id>879853</id>
  <BannerPath>posters/250487-5.jpg</BannerPath>
  <BannerType>poster</BannerType>
  <BannerType2>680x1000</BannerType2>
  <Language>en</Language>
  <Rating>5.3333</Rating>
  <RatingCount>12</RatingCount>
</Banner>
<Banner>
  <id>883555</id>
  <BannerPath>posters/250487-2.jpg</BannerPath>
  <BannerType>poster</BannerType>
  <BannerType2>680x1000</BannerType2>
  <Language>en</Language>
  <Rating>5.2857</Rating>
  <RatingCount>7</RatingCount>
</Banner>
<Banner>
  <id>880085</id>
  <BannerPath>posters/250487-1.jpg</BannerPath>
  <BannerType>poster</BannerType>
  <BannerType2>680x1000</BannerType2>
  <Language>en</Language>
  <Rating>5.2000</Rating>
  <RatingCount>5</RatingCount>
</Banner>
<Banner>
  <id>922949</id>
  <BannerPath>posters/250487-10.jpg</BannerPath>
  <BannerType>poster</BannerType>
  <BannerType2>680x1000</BannerType2>
  <Language>en</Language>
  <Rating>5.0000</Rating>
  <RatingCount>4</RatingCount>
</Banner>
<Banner>
  <id>883805</id>
  <BannerPath>posters/250487-6.jpg</BannerPath>
  <BannerType>poster</BannerType>
  <BannerType2>680x1000</BannerType2>
  <Language>en</Language>
  <Rating>5.0000</Rating>
  <RatingCount>5</RatingCount>
</Banner>
<Banner>
  <id>933761</id>
  <BannerPath>posters/250487-13.jpg</BannerPath>
  <BannerType>poster</BannerType>
  <BannerType2>680x1000</BannerType2>
  <Language>en</Language>
  <Rating>2.0000</Rating>
  <RatingCount>1</RatingCount>
</Banner>
<Banner>
  <id>896583</id>
  <BannerPath>posters/250487-7.jpg</BannerPath>
  <BannerType>poster</BannerType>
  <BannerType2>680x1000</BannerType2>
  <Language>en</Language>
  <Rating>1.5000</Rating>
  <RatingCount>2</RatingCount>
</Banner>
<Banner>
  <id>896584</id>
  <BannerPath>posters/250487-8.jpg</BannerPath>
  <BannerType>poster</BannerType>
  <BannerType2>680x1000</BannerType2>
  <Language>en</Language>
  <Rating>1.5000</Rating>
  <RatingCount>2</RatingCount>
</Banner>
<Banner>
  <id>942300</id>
  <BannerPath>seasons/250487-2-6.jpg</BannerPath>
  <BannerType>season</BannerType>
  <BannerType2>season</BannerType2>
  <Language>en</Language>
  <Rating>10.0000</Rating>
  <RatingCount>1</RatingCount>
  <Season>2</Season>
</Banner>
<Banner>
  <id>931142</id>
  <BannerPath>seasons/250487-2-4.jpg</BannerPath>
  <BannerType>season</BannerType>
  <BannerType2>season</BannerType2>
  <Language>en</Language>
  <Rating>8.5000</Rating>
  <RatingCount>2</RatingCount>
  <Season>2</Season>
</Banner>
<Banner>
  <id>879658</id>
  <BannerPath>seasons/250487-1.jpg</BannerPath>
  <BannerType>season</BannerType>
  <BannerType2>season</BannerType2>
  <Language>en</Language>
  <Rating>8.4444</Rating>
  <RatingCount>9</RatingCount>
  <Season>1</Season>
</Banner>
<Banner>
  <id>928717</id>
  <BannerPath>seasons/250487-1-4.jpg</BannerPath>
  <BannerType>season</BannerType>
  <BannerType2>season</BannerType2>
  <Language>en</Language>
  <Rating>8.2000</Rating>
  <RatingCount>5</RatingCount>
  <Season>1</Season>
</Banner>
<Banner>
  <id>936355</id>
  <BannerPath>seasons/250487-2-5.jpg</BannerPath>
  <BannerType>season</BannerType>
  <BannerType2>season</BannerType2>
  <Language>en</Language>
  <Rating>8.0000</Rating>
  <RatingCount>1</RatingCount>
  <Season>2</Season>
</Banner>
<Banner>
  <id>929644</id>
  <BannerPath>seasons/250487-2-3.jpg</BannerPath>
  <BannerType>season</BannerType>
  <BannerType2>season</BannerType2>
  <Language>en</Language>
  <Rating>7.6667</Rating>
  <RatingCount>3</RatingCount>
  <Season>2</Season>
</Banner>
<Banner>
  <id>922971</id>
  <BannerPath>seasons/250487-2-2.jpg</BannerPath>
  <BannerType>season</BannerType>
  <BannerType2>season</BannerType2>
  <Language>en</Language>
  <Rating>6.5000</Rating>
  <RatingCount>4</RatingCount>
  <Season>2</Season>
</Banner>
<Banner>
  <id>931141</id>
  <BannerPath>seasons/250487-1-5.jpg</BannerPath>
  <BannerType>season</BannerType>
  <BannerType2>season</BannerType2>
  <Language>en</Language>
  <Rating>6.0000</Rating>
  <RatingCount>2</RatingCount>
  <Season>1</Season>
</Banner>
<Banner>
  <id>925381</id>
  <BannerPath>seasons/250487-1-3.jpg</BannerPath>
  <BannerType>season</BannerType>
  <BannerType2>season</BannerType2>
  <Language>en</Language>
  <Rating>4.2500</Rating>
  <RatingCount>4</RatingCount>
  <Season>1</Season>
</Banner>
<Banner>
  <id>917858</id>
  <BannerPath>seasons/250487-1-2.jpg</BannerPath>
  <BannerType>season</BannerType>
  <BannerType2>season</BannerType2>
  <Language>en</Language>
  <Rating>2.7500</Rating>
  <RatingCount>4</RatingCount>
  <Season>1</Season>
</Banner>
<Banner>
  <id>918515</id>
  <BannerPath>seasons/250487-2.jpg</BannerPath>
  <BannerType>season</BannerType>
  <BannerType2>season</BannerType2>
  <Language>en</Language>
  <Rating>1.0000</Rating>
  <RatingCount>1</RatingCount>
  <Season>2</Season>
</Banner>
<Banner>
  <id>928250</id>
  <BannerPath>graphical/250487-g8.jpg</BannerPath>
  <BannerType>series</BannerType>
  <BannerType2>graphical</BannerType2>
  <Language>en</Language>
  <Rating>9.2500</Rating>
  <RatingCount>4</RatingCount>
</Banner>
<Banner>
  <id>928695</id>
  <BannerPath>graphical/250487-g11.jpg</BannerPath>
  <BannerType>series</BannerType>
  <BannerType2>graphical</BannerType2>
  <Language>en</Language>
  <Rating>8.5000</Rating>
  <RatingCount>4</RatingCount>
</Banner>
<Banner>
  <id>871657</id>
  <BannerPath>graphical/250487-g.jpg</BannerPath>
  <BannerType>series</BannerType>
  <BannerType2>graphical</BannerType2>
  <Language>en</Language>
  <Rating>8.0000</Rating>
  <RatingCount>11</RatingCount>
</Banner>
<Banner>
  <id>877094</id>
  <BannerPath>graphical/250487-g3.jpg</BannerPath>
  <BannerType>series</BannerType>
  <BannerType2>graphical</BannerType2>
  <Language>en</Language>
  <Rating>7.2857</Rating>
  <RatingCount>7</RatingCount>
</Banner>
<Banner>
  <id>928249</id>
  <BannerPath>graphical/250487-g7.jpg</BannerPath>
  <BannerType>series</BannerType>
  <BannerType2>graphical</BannerType2>
  <Language>en</Language>
  <Rating>7.0000</Rating>
  <RatingCount>1</RatingCount>
</Banner>
<Banner>
  <id>930373</id>
  <BannerPath>graphical/250487-g2.jpg</BannerPath>
  <BannerType>series</BannerType>
  <BannerType2>graphical</BannerType2>
  <Language>en</Language>
  <Rating>6.5000</Rating>
  <RatingCount>2</RatingCount>
</Banner>
<Banner>
  <id>928253</id>
  <BannerPath>graphical/250487-g10.jpg</BannerPath>
  <BannerType>series</BannerType>
  <BannerType2>graphical</BannerType2>
  <Language>en</Language>
  <Rating>6.5000</Rating>
  <RatingCount>2</RatingCount>
</Banner>
<Banner>
  <id>883557</id>
  <BannerPath>graphical/250487-g4.jpg</BannerPath>
  <BannerType>series</BannerType>
  <BannerType2>graphical</BannerType2>
  <Language>en</Language>
  <Rating>6.5000</Rating>
  <RatingCount>2</RatingCount>
</Banner>
<Banner>
  <id>883558</id>
  <BannerPath>graphical/250487-g5.jpg</BannerPath>
  <BannerType>series</BannerType>
  <BannerType2>graphical</BannerType2>
  <Language>en</Language>
  <Rating>3.0000</Rating>
  <RatingCount>1</RatingCount>
</Banner>
<Banner>
  <id>928251</id>
  <BannerPath>graphical/250487-g9.jpg</BannerPath>
  <BannerType>series</BannerType>
  <BannerType2>graphical</BannerType2>
  <Language>en</Language>
  <Rating></Rating>
  <RatingCount>0</RatingCount>
</Banner>
<Banner>
  <id>913767</id>
  <BannerPath>graphical/250487-g6.jpg</BannerPath>
  <BannerType>series</BannerType>
  <BannerType2>graphical</BannerType2>
  <Language>pt</Language>
  <Rating></Rating>
  <RatingCount>0</RatingCount>
</Banner>
<Banner>
  <id>933760</id>
  <BannerPath>graphical/250487-g13.jpg</BannerPath>
  <BannerType>series</BannerType>
  <BannerType2>graphical</BannerType2>
  <Language>ru</Language>
  <Rating></Rating>
  <RatingCount>0</RatingCount>
</Banner>
</Banners>