<?xml version="1.0" encoding="UTF-8" ?>
<Data><Series>
  <id>250487</id>
  <Actors>|Jessica Lange|James Cromwell|Sarah Paulson|Clea Duvall|Adam Levine|Chloë Sevigny|Joseph Fiennes|Lizzie Brocheré|Zachary Quinto|Lily Rabe|Evan Peters|Alex Breckenridge|Frances Conroy|Connie Britton|Dylan McDermott|Jessica Lange|Zachary Quinto|Evan Peters|Denis O'Hare|Taissa Farmiga|</Actors>
  <Airs_DayOfWeek>Wednesday</Airs_DayOfWeek>
  <Airs_Time>10:00 PM</Airs_Time>
  <ContentRating>TV-MA</ContentRating>
  <FirstAired>2011-10-05</FirstAired>
  <Genre>|Drama|Fantasy|Special Interest|</Genre>
  <IMDB_ID>tt1844624</IMDB_ID>
  <Language>en</Language>
  <Network>FX</Network>
  <NetworkID></NetworkID>
  <Overview>American Horror Story is a horror-drama television franchise created and produced by Ryan Murphy and Brad Falchuk. Described as an anthology series, each season is conceived as a self-contained miniseries, following a disparate set of characters and settings, and a storyline with its own &quot;beginning, middle and end.&quot;</Overview>
  <Rating>8.4</Rating>
  <RatingCount>77</RatingCount>
  <Runtime>60</Runtime>
  <SeriesID>81011</SeriesID>
  <SeriesName>American Horror Story</SeriesName>
  <Status>Continuing</Status>
  <added>2011-07-26 07:19:34</added>
  <addedBy>346503</addedBy>
  <banner>graphical/250487-g8.jpg</banner>
  <fanart>fanart/original/250487-18.jpg</fanart>
  <lastupdated>1365540518</lastupdated>
  <poster>posters/250487-11.jpg</poster>
  <zap2it_id>SH01466178</zap2it_id>
</Series>
<Episode>
  <id>4147673</id>
  <Combined_episodenumber>1</Combined_episodenumber>
  <Combined_season>1</Combined_season>
  <DVD_chapter></DVD_chapter>
  <DVD_discid></DVD_discid>
  <DVD_episodenumber></DVD_episodenumber>
  <DVD_season></DVD_season>
  <Director>Ryan Murphy</Director>
  <EpImgFlag>2</EpImgFlag>
  <EpisodeName>Pilot</EpisodeName>
  <EpisodeNumber>1</EpisodeNumber>
  <FirstAired>2011-10-05</FirstAired>
  <GuestStars></GuestStars>
  <IMDB_ID></IMDB_ID>
  <Language>en</Language>
  <Overview>A therapist and his family move across the country to escape their troubled past but quickly discover that their new home comes with its own horrific baggage.</Overview>
  <ProductionCode></ProductionCode>
  <Rating>7.6</Rating>
  <RatingCount>138</RatingCount>
  <SeasonNumber>1</SeasonNumber>
  <Writer>|Ryan Murphy|Brad Falchuk|</Writer>
  <absolute_number>1</absolute_number>
  <filename>episodes/250487/4147673.jpg</filename>
  <lastupdated>1364231849</lastupdated>
  <seasonid>471302</seasonid>
  <seriesid>250487</seriesid>
</Episode>
<Episode>
  <id>4180231</id>
  <Combined_episodenumber>2</Combined_episodenumber>
  <Combined_season>1</Combined_season>
  <DVD_chapter></DVD_chapter>
  <DVD_discid></DVD_discid>
  <DVD_episodenumber></DVD_episodenumber>
  <DVD_season></DVD_season>
  <Director>Alfonso Gomez-Rejon</Director>
  <EpImgFlag>2</EpImgFlag>
  <EpisodeName>Home Invasion</EpisodeName>
  <EpisodeNumber>2</EpisodeNumber>
  <FirstAired>2011-10-12</FirstAired>
  <GuestStars></GuestStars>
  <IMDB_ID></IMDB_ID>
  <Language>en</Language>
  <Overview>Vivien and Violet get themselves caught in a dangerous situation. Meanwhile, Ben goes back to Boston to fix a mistake that he made. </Overview>
  <ProductionCode></ProductionCode>
  <Rating>7.7</Rating>
  <RatingCount>125</RatingCount>
  <SeasonNumber>1</SeasonNumber>
  <Writer>|Ryan Murphy|Brad Falchuk|</Writer>
  <absolute_number>2</absolute_number>
  <filename>episodes/250487/4180231.jpg</filename>
  <lastupdated>1364231873</lastupdated>
  <seasonid>471302</seasonid>
  <seriesid>250487</seriesid>
</Episode>
<Episode>
  <id>4183585</id>
  <Combined_episodenumber>3</Combined_episodenumber>
  <Combined_season>1</Combined_season>
  <DVD_chapter></DVD_chapter>
  <DVD_discid></DVD_discid>
  <DVD_episodenumber></DVD_episodenumber>
  <DVD_season></DVD_season>
  <Director>Bradley Buecker</Director>
  <EpImgFlag>2</EpImgFlag>
  <EpisodeName>Murder House</EpisodeName>
  <EpisodeNumber>3</EpisodeNumber>
  <FirstAired>2011-10-19</FirstAired>
  <GuestStars></GuestStars>
  <IMDB_ID></IMDB_ID>
  <Language>en</Language>
  <Overview>Vivien learns the horrific truth about the house's first residents and Ben's visitor causes him to further unravel about what really happened in the haunted house. Constance and Moira have their history revealed.</Overview>
  <ProductionCode></ProductionCode>
  <Rating>7.7</Rating>
  <RatingCount>118</RatingCount>
  <SeasonNumber>1</SeasonNumber>
  <Writer>Jennifer Salt</Writer>
  <absolute_number>3</absolute_number>
  <filename>episodes/250487/4183585.jpg</filename>
  <lastupdated>1364231907</lastupdated>
  <seasonid>471302</seasonid>
  <seriesid>250487</seriesid>
</Episode>
<Episode>
  <id>4189066</id>
  <Combined_episodenumber>4</Combined_episodenumber>
  <Combined_season>1</Combined_season>
  <DVD_chapter></DVD_chapter>
  <DVD_discid></DVD_discid>
  <DVD_episodenumber></DVD_episodenumber>
  <DVD_season></DVD_season>
  <Director>David Semel</Director>
  <EpImgFlag>2</EpImgFlag>
  <EpisodeName>Halloween (1)</EpisodeName>
  <EpisodeNumber>4</EpisodeNumber>
  <FirstAired>2011-10-26</FirstAired>
  <GuestStars></GuestStars>
  <IMDB_ID></IMDB_ID>
  <Language>en</Language>
  <Overview>The line between the living and the dead blurs on Halloween. Two of the house's previous residents give the Harmons decorating advice.</Overview>
  <ProductionCode></ProductionCode>
  <Rating>7.7</Rating>
  <RatingCount>107</RatingCount>
  <SeasonNumber>1</SeasonNumber>
  <Writer>James Wong</Writer>
  <absolute_number>4</absolute_number>
  <filename>episodes/250487/4189066.jpg</filename>
  <lastupdated>1353250773</lastupdated>
  <seasonid>471302</seasonid>
  <seriesid>250487</seriesid>
</Episode>
<Episode>
  <id>4191655</id>
  <Combined_episodenumber>5</Combined_episodenumber>
  <Combined_season>1</Combined_season>
  <DVD_chapter></DVD_chapter>
  <DVD_discid></DVD_discid>
  <DVD_episodenumber></DVD_episodenumber>
  <DVD_season></DVD_season>
  <Director>David Semel</Director>
  <EpImgFlag>2</EpImgFlag>
  <EpisodeName>Halloween (2)</EpisodeName>
  <EpisodeNumber>5</EpisodeNumber>
  <FirstAired>2011-11-02</FirstAired>
  <GuestStars></GuestStars>
  <IMDB_ID></IMDB_ID>
  <Language>en</Language>
  <Overview>Tate comes face to face with his past, and Ben and Vivien are haunted by a new houseguest before Halloween night comes to an end.</Overview>
  <ProductionCode></ProductionCode>
  <Rating>7.5</Rating>
  <RatingCount>107</RatingCount>
  <SeasonNumber>1</SeasonNumber>
  <Writer>Tim Minear</Writer>
  <absolute_number>5</absolute_number>
  <filename>episodes/250487/4191655.jpg</filename>
  <lastupdated>1353250783</lastupdated>
  <seasonid>471302</seasonid>
  <seriesid>250487</seriesid>
</Episode>
<Episode>
  <id>4194085</id>
  <Combined_episodenumber>6</Combined_episodenumber>
  <Combined_season>1</Combined_season>
  <DVD_chapter></DVD_chapter>
  <DVD_discid></DVD_discid>
  <DVD_episodenumber></DVD_episodenumber>
  <DVD_season></DVD_season>
  <Director>Mike Uppendahl</Director>
  <EpImgFlag>2</EpImgFlag>
  <EpisodeName>Piggy, Piggy</EpisodeName>
  <EpisodeNumber>6</EpisodeNumber>
  <FirstAired>2011-11-09</FirstAired>
  <GuestStars></GuestStars>
  <IMDB_ID></IMDB_ID>
  <Language>en</Language>
  <Overview>Constance enlists Violet's assistance with Tate. Ben helps a new patient confront his fears.</Overview>
  <ProductionCode></ProductionCode>
  <Rating>7.4</Rating>
  <RatingCount>96</RatingCount>
  <SeasonNumber>1</SeasonNumber>
  <Writer>Jessica Sharzer</Writer>
  <absolute_number>6</absolute_number>
  <filename>episodes/250487/4194085.jpg</filename>
  <lastupdated>1352964686</lastupdated>
  <seasonid>471302</seasonid>
  <seriesid>250487</seriesid>
</Episode>
<Episode>
  <id>4194086</id>
  <Combined_episodenumber>7</Combined_episodenumber>
  <Combined_season>1</Combined_season>
  <DVD_chapter></DVD_chapter>
  <DVD_discid></DVD_discid>
  <DVD_episodenumber></DVD_episodenumber>
  <DVD_season></DVD_season>
  <Director>Tim Hunter</Director>
  <EpImgFlag>2</EpImgFlag>
  <EpisodeName>Open House</EpisodeName>
  <EpisodeNumber>7</EpisodeNumber>
  <FirstAired>2011-11-16</FirstAired>
  <GuestStars></GuestStars>
  <IMDB_ID></IMDB_ID>
  <Language>en</Language>
  <Overview>Moira persuades a buyer to make an offer while Constance and Larry work against her efforts.</Overview>
  <ProductionCode></ProductionCode>
  <Rating>7.4</Rating>
  <RatingCount>91</RatingCount>
  <SeasonNumber>1</SeasonNumber>
  <Writer>Brad Falchuk</Writer>
  <absolute_number>7</absolute_number>
  <filename>episodes/250487/4194086.jpg</filename>
  <lastupdated>1352964694</lastupdated>
  <seasonid>471302</seasonid>
  <seriesid>250487</seriesid>
</Episode>
<Episode>
  <id>4195857</id>
  <Combined_episodenumber>8</Combined_episodenumber>
  <Combined_season>1</Combined_season>
  <DVD_chapter></DVD_chapter>
  <DVD_discid></DVD_discid>
  <DVD_episodenumber></DVD_episodenumber>
  <DVD_season></DVD_season>
  <Director>Miguel Arteta</Director>
  <EpImgFlag>2</EpImgFlag>
  <EpisodeName>Rubber Man</EpisodeName>
  <EpisodeNumber>8</EpisodeNumber>
  <FirstAired>2011-11-23</FirstAired>
  <GuestStars></GuestStars>
  <IMDB_ID></IMDB_ID>
  <Language>en</Language>
  <Overview>The man in the rubber suit is revealed.</Overview>
  <ProductionCode></ProductionCode>
  <Rating>7.5</Rating>
  <RatingCount>86</RatingCount>
  <SeasonNumber>1</SeasonNumber>
  <Writer>Ryan Murphy</Writer>
  <absolute_number>8</absolute_number>
  <filename>episodes/250487/4195857.jpg</filename>
  <lastupdated>1352964701</lastupdated>
  <seasonid>471302</seasonid>
  <seriesid>250487</seriesid>
</Episode>
<Episode>
  <id>4195858</id>
  <Combined_episodenumber>9</Combined_episodenumber>
  <Combined_season>1</Combined_season>
  <DVD_chapter></DVD_chapter>
  <DVD_discid></DVD_discid>
  <DVD_episodenumber></DVD_episodenumber>
  <DVD_season></DVD_season>
  <Director>John Scott</Director>
  <EpImgFlag>2</EpImgFlag>
  <EpisodeName>Spooky Little Girl</EpisodeName>
  <EpisodeNumber>9</EpisodeNumber>
  <FirstAired>2011-11-30</FirstAired>
  <GuestStars></GuestStars>
  <IMDB_ID></IMDB_ID>
  <Language>en</Language>
  <Overview>One of history's most famous murder victims pays the house a visit. Constance discovers more of Tate's bad behavior.</Overview>
  <ProductionCode></ProductionCode>
  <Rating>7.7</Rating>
  <RatingCount>87</RatingCount>
  <SeasonNumber>1</SeasonNumber>
  <Writer>Jennifer Salt</Writer>
  <absolute_number>9</absolute_number>
  <filename>episodes/250487/4195858.jpg</filename>
  <lastupdated>1352964709</lastupdated>
  <seasonid>471302</seasonid>
  <seriesid>250487</seriesid>
</Episode>
<Episode>
  <id>4207785</id>
  <Combined_episodenumber>10</Combined_episodenumber>
  <Combined_season>1</Combined_season>
  <DVD_chapter></DVD_chapter>
  <DVD_discid></DVD_discid>
  <DVD_episodenumber></DVD_episodenumber>
  <DVD_season></DVD_season>
  <Director>Michael Lehmann</Director>
  <EpImgFlag>2</EpImgFlag>
  <EpisodeName>Smoldering Children</EpisodeName>
  <EpisodeNumber>10</EpisodeNumber>
  <FirstAired>2011-12-07</FirstAired>
  <GuestStars></GuestStars>
  <IMDB_ID></IMDB_ID>
  <Language>en</Language>
  <Overview>Violet learns about the rules of the house. The truth about Larry's condition is explained. Constance is interrogated by the police.</Overview>
  <ProductionCode></ProductionCode>
  <Rating>7.7</Rating>
  <RatingCount>85</RatingCount>
  <SeasonNumber>1</SeasonNumber>
  <Writer>James Wong</Writer>
  <absolute_number>10</absolute_number>
  <filename>episodes/250487/4207785.jpg</filename>
  <lastupdated>1352964717</lastupdated>
  <seasonid>471302</seasonid>
  <seriesid>250487</seriesid>
</Episode>
<Episode>
  <id>4207786</id>
  <Combined_episodenumber>11</Combined_episodenumber>
  <Combined_season>1</Combined_season>
  <DVD_chapter></DVD_chapter>
  <DVD_discid></DVD_discid>
  <DVD_episodenumber></DVD_episodenumber>
  <DVD_season></DVD_season>
  <Director>Alfonso Gomez-Rejon</Director>
  <EpImgFlag>2</EpImgFlag>
  <EpisodeName>Birth</EpisodeName>
  <EpisodeNumber>11</EpisodeNumber>
  <FirstAired>2011-12-14</FirstAired>
  <GuestStars></GuestStars>
  <IMDB_ID></IMDB_ID>
  <Language>en</Language>
  <Overview>Vivien gives birth. Tate and Violet attempt to rid the house of some of its ghosts for good.</Overview>
  <ProductionCode></ProductionCode>
  <Rating>7.6</Rating>
  <RatingCount>79</RatingCount>
  <SeasonNumber>1</SeasonNumber>
  <Writer>Tim Minear</Writer>
  <absolute_number>11</absolute_number>
  <filename>episodes/250487/4207786.jpg</filename>
  <lastupdated>1352964726</lastupdated>
  <seasonid>471302</seasonid>
  <seriesid>250487</seriesid>
</Episode>
<Episode>
  <id>4207787</id>
  <Combined_episodenumber>12</Combined_episodenumber>
  <Combined_season>1</Combined_season>
  <DVD_chapter></DVD_chapter>
  <DVD_discid></DVD_discid>
  <DVD_episodenumber></DVD_episodenumber>
  <DVD_season></DVD_season>
  <Director>Bradley Buecker</Director>
  <EpImgFlag>2</EpImgFlag>
  <EpisodeName>Afterbirth</EpisodeName>
  <EpisodeNumber>12</EpisodeNumber>
  <FirstAired>2011-12-21</FirstAired>
  <GuestStars></GuestStars>
  <IMDB_ID></IMDB_ID>
  <Language>en</Language>
  <Overview>Ben plans to commit suicide, but Vivien's ghost encourages him to get out of the house. However, he is killed by Hayden. The Harmons and other &quot;innocent&quot; ghosts scare future tenants away. The Harmons decorate the house for Christmas.</Overview>
  <ProductionCode></ProductionCode>
  <Rating>7.6</Rating>
  <RatingCount>73</RatingCount>
  <SeasonNumber>1</SeasonNumber>
  <Writer>Jessica Sharzer</Writer>
  <absolute_number>12</absolute_number>
  <filename>episodes/250487/4207787.jpg</filename>
  <lastupdated>1352964732</lastupdated>
  <seasonid>471302</seasonid>
  <seriesid>250487</seriesid>
</Episode>
<Episode>
  <id>4386604</id>
  <Combined_episodenumber>1</Combined_episodenumber>
  <Combined_season>2</Combined_season>
  <DVD_chapter></DVD_chapter>
  <DVD_discid></DVD_discid>
  <DVD_episodenumber></DVD_episodenumber>
  <DVD_season></DVD_season>
  <Director>Bradley Buecker</Director>
  <EpImgFlag>2</EpImgFlag>
  <EpisodeName>Welcome to Briarcliff</EpisodeName>
  <EpisodeNumber>1</EpisodeNumber>
  <FirstAired>2012-10-17</FirstAired>
  <GuestStars>|Jenna Dewan-Tatum|Mark Consuelos|Britne Oldford|Joe Egender|</GuestStars>
  <IMDB_ID>tt2106795</IMDB_ID>
  <Language>en</Language>
  <Overview>Terrifying evils blur the boundaries between reality and insanity at the Briarcliff Manor.</Overview>
  <ProductionCode></ProductionCode>
  <Rating>7.6</Rating>
  <RatingCount>56</RatingCount>
  <SeasonNumber>2</SeasonNumber>
  <Writer>Tim Minear</Writer>
  <absolute_number>13</absolute_number>
  <filename>episodes/250487/4386604.jpg</filename>
  <lastupdated>1365318638</lastupdated>
  <seasonid>497727</seasonid>
  <seriesid>250487</seriesid>
</Episode>
<Episode>
  <id>4391585</id>
  <Combined_episodenumber>2</Combined_episodenumber>
  <Combined_season>2</Combined_season>
  <DVD_chapter></DVD_chapter>
  <DVD_discid></DVD_discid>
  <DVD_episodenumber></DVD_episodenumber>
  <DVD_season></DVD_season>
  <Director>Bradley Buecker</Director>
  <EpImgFlag>2</EpImgFlag>
  <EpisodeName>Tricks and Treats</EpisodeName>
  <EpisodeNumber>2</EpisodeNumber>
  <FirstAired>2012-10-24</FirstAired>
  <GuestStars>|Jenna Dewan-Tatum|Fredric Lehne|Robin Weigert|Jenny Wade|</GuestStars>
  <IMDB_ID>tt2378292</IMDB_ID>
  <Language>en</Language>
  <Overview>An exorcist is called to Briarcliff to help save a troubled farm boy; Sister Jude's darkest secret is revealed.</Overview>
  <ProductionCode></ProductionCode>
  <Rating>7.6</Rating>
  <RatingCount>50</RatingCount>
  <SeasonNumber>2</SeasonNumber>
  <Writer>James Wong</Writer>
  <absolute_number>14</absolute_number>
  <filename>episodes/250487/4391585.jpg</filename>
  <lastupdated>1365318518</lastupdated>
  <seasonid>497727</seasonid>
  <seriesid>250487</seriesid>
</Episode>
<Episode>
  <id>4395925</id>
  <Combined_episodenumber>3</Combined_episodenumber>
  <Combined_season>2</Combined_season>
  <DVD_chapter></DVD_chapter>
  <DVD_discid></DVD_discid>
  <DVD_episodenumber></DVD_episodenumber>
  <DVD_season></DVD_season>
  <Director>Michael Uppendahl</Director>
  <EpImgFlag>2</EpImgFlag>
  <EpisodeName>Nor'easter</EpisodeName>
  <EpisodeNumber>3</EpisodeNumber>
  <FirstAired>2012-10-31</FirstAired>
  <GuestStars>|Jenna Dewan-Tatum|Mark Consuelos|Fredric Lehne|</GuestStars>
  <IMDB_ID>tt2378294</IMDB_ID>
  <Language>en</Language>
  <Overview>A violent storm allows a group of patients to plan a daring escape; Sister Jude is haunted by her past.</Overview>
  <ProductionCode></ProductionCode>
  <Rating>7.7</Rating>
  <RatingCount>51</RatingCount>
  <SeasonNumber>2</SeasonNumber>
  <Writer>Jennifer Salt</Writer>
  <absolute_number>15</absolute_number>
  <filename>episodes/250487/4395925.jpg</filename>
  <lastupdated>1365318362</lastupdated>
  <seasonid>497727</seasonid>
  <seriesid>250487</seriesid>
</Episode>
<Episode>
  <id>4395926</id>
  <Combined_episodenumber>4</Combined_episodenumber>
  <Combined_season>2</Combined_season>
  <DVD_chapter></DVD_chapter>
  <DVD_discid></DVD_discid>
  <DVD_episodenumber></DVD_episodenumber>
  <DVD_season></DVD_season>
  <Director>Michael Uppendahl</Director>
  <EpImgFlag>2</EpImgFlag>
  <EpisodeName>I Am Anne Frank (1)</EpisodeName>
  <EpisodeNumber>4</EpisodeNumber>
  <FirstAired>2012-11-07</FirstAired>
  <GuestStars>|Mark Consuelos|Fredric Lehne|Franka Potente|Matthew John Armstrong|John Lee Ames|</GuestStars>
  <IMDB_ID>tt2378296</IMDB_ID>
  <Language>en</Language>
  <Overview>A new patient exposes Arden's past; Kit learns why Grace was admitted to Briarcliff.</Overview>
  <ProductionCode></ProductionCode>
  <Rating>7.8</Rating>
  <RatingCount>53</RatingCount>
  <SeasonNumber>2</SeasonNumber>
  <Writer>Jessica Sharzer</Writer>
  <absolute_number>16</absolute_number>
  <filename>episodes/250487/4395926.jpg</filename>
  <lastupdated>1360196943</lastupdated>
  <seasonid>497727</seasonid>
  <seriesid>250487</seriesid>
</Episode>
<Episode>
  <id>4395927</id>
  <Combined_episodenumber>5</Combined_episodenumber>
  <Combined_season>2</Combined_season>
  <DVD_chapter></DVD_chapter>
  <DVD_discid></DVD_discid>
  <DVD_episodenumber></DVD_episodenumber>
  <DVD_season></DVD_season>
  <Director>Alfonso Gomez-Rejon</Director>
  <EpImgFlag>2</EpImgFlag>
  <EpisodeName>I Am Anne Frank (2)</EpisodeName>
  <EpisodeNumber>5</EpisodeNumber>
  <FirstAired>2012-11-14</FirstAired>
  <GuestStars>|Fredric Lehne|Matthew John Armstrong|Franka Potente|Valorie Hubbard|</GuestStars>
  <IMDB_ID>tt2378304</IMDB_ID>
  <Language>en</Language>
  <Overview>Sister Jude employs a renowned Nazi hunter to gather evidence against Arden; Kit makes a surprising confession; Bloody Face is unmasked.</Overview>
  <ProductionCode></ProductionCode>
  <Rating>8.0</Rating>
  <RatingCount>48</RatingCount>
  <SeasonNumber>2</SeasonNumber>
  <Writer>Brad Falchuk</Writer>
  <absolute_number>17</absolute_number>
  <filename>episodes/250487/4395927.jpg</filename>
  <lastupdated>1360196964</lastupdated>
  <seasonid>497727</seasonid>
  <seriesid>250487</seriesid>
</Episode>
<Episode>
  <id>4395928</id>
  <Combined_episodenumber>6</Combined_episodenumber>
  <Combined_season>2</Combined_season>
  <DVD_chapter></DVD_chapter>
  <DVD_discid></DVD_discid>
  <DVD_episodenumber></DVD_episodenumber>
  <DVD_season></DVD_season>
  <Director>David Semel</Director>
  <EpImgFlag>2</EpImgFlag>
  <EpisodeName>The Origins of Monstrosity</EpisodeName>
  <EpisodeNumber>6</EpisodeNumber>
  <FirstAired>2012-11-21</FirstAired>
  <GuestStars>Mark Consuelos|Bob Bancroft|Kirk Bovill|Nikki Hahn|Tara Holt|Kasey Mahaffy|</GuestStars>
  <IMDB_ID>tt2383792</IMDB_ID>
  <Language>en</Language>
  <Overview>A mysterious little girl is abandoned at Briarcliff; the Monsignor makes a Faustian pact with Dr. Arden; the origin of Bloody Face is revealed.</Overview>
  <ProductionCode></ProductionCode>
  <Rating>7.6</Rating>
  <RatingCount>39</RatingCount>
  <SeasonNumber>2</SeasonNumber>
  <Writer>Ryan Murphy</Writer>
  <absolute_number>18</absolute_number>
  <filename>episodes/250487/4395928.jpg</filename>
  <lastupdated>1363879293</lastupdated>
  <seasonid>497727</seasonid>
  <seriesid>250487</seriesid>
</Episode>
<Episode>
  <id>4420013</id>
  <Combined_episodenumber>7</Combined_episodenumber>
  <Combined_season>2</Combined_season>
  <DVD_chapter></DVD_chapter>
  <DVD_discid></DVD_discid>
  <DVD_episodenumber></DVD_episodenumber>
  <DVD_season></DVD_season>
  <Director>Michael Rymer</Director>
  <EpImgFlag>2</EpImgFlag>
  <EpisodeName>Dark Cousin</EpisodeName>
  <EpisodeNumber>7</EpisodeNumber>
  <FirstAired>2012-11-28</FirstAired>
  <GuestStars>Frances Conroy|Fredric Lehne|William Mapother|Erin Allin O'Reilly|Sean Patrick Thomas|</GuestStars>
  <IMDB_ID>tt2436548</IMDB_ID>
  <Language>en</Language>
  <Overview>Sister Mary Eunice is terrified to discover a dark angel at Briarcliff; Kit makes a bold move to be reunited with Grace.</Overview>
  <ProductionCode></ProductionCode>
  <Rating>7.5</Rating>
  <RatingCount>44</RatingCount>
  <SeasonNumber>2</SeasonNumber>
  <Writer>Tim Minear</Writer>
  <absolute_number>19</absolute_number>
  <filename>episodes/250487/4420013.jpg</filename>
  <lastupdated>1363879279</lastupdated>
  <seasonid>497727</seasonid>
  <seriesid>250487</seriesid>
</Episode>
<Episode>
  <id>4428050</id>
  <Combined_episodenumber>8</Combined_episodenumber>
  <Combined_season>2</Combined_season>
  <DVD_chapter></DVD_chapter>
  <DVD_discid></DVD_discid>
  <DVD_episodenumber></DVD_episodenumber>
  <DVD_season></DVD_season>
  <Director>Michael Lehmann</Director>
  <EpImgFlag>2</EpImgFlag>
  <EpisodeName>Unholy Night</EpisodeName>
  <EpisodeNumber>8</EpisodeNumber>
  <FirstAired>2012-12-05</FirstAired>
  <GuestStars>Lara Harris|David Hutchison|Cole Sand|Ian McShane|Jennifer Holland|</GuestStars>
  <IMDB_ID>tt2471092</IMDB_ID>
  <Language>en</Language>
  <Overview>A murderous Santa wreaks havoc on Briarcliff; Sister Jude faces off with the devil; Arden has a shocking encounter in the death chute.</Overview>
  <ProductionCode></ProductionCode>
  <Rating>7.7</Rating>
  <RatingCount>44</RatingCount>
  <SeasonNumber>2</SeasonNumber>
  <Writer>James Wong</Writer>
  <absolute_number>20</absolute_number>
  <filename>episodes/250487/4428050.jpg</filename>
  <lastupdated>1364488508</lastupdated>
  <seasonid>497727</seasonid>
  <seriesid>250487</seriesid>
</Episode>
<Episode>
  <id>4428051</id>
  <Combined_episodenumber>9</Combined_episodenumber>
  <Combined_season>2</Combined_season>
  <DVD_chapter></DVD_chapter>
  <DVD_discid></DVD_discid>
  <DVD_episodenumber></DVD_episodenumber>
  <DVD_season></DVD_season>
  <Director>Jeremy Podeswa</Director>
  <EpImgFlag>2</EpImgFlag>
  <EpisodeName>The Coat Hanger</EpisodeName>
  <EpisodeNumber>9</EpisodeNumber>
  <FirstAired>2012-12-12</FirstAired>
  <GuestStars>Naomi Grossman|Fredric Lehne|Ian McShane|Rebecca Metz|</GuestStars>
  <IMDB_ID>tt2471094</IMDB_ID>
  <Language>en</Language>
  <Overview>The Monsignor takes an unlikely convert under his wing; Lana secures a new piece of evidence that can exonerate Kit; Dr. Arden witnesses a miraculous return.</Overview>
  <ProductionCode>2ATS09</ProductionCode>
  <Rating>7.8</Rating>
  <RatingCount>39</RatingCount>
  <SeasonNumber>2</SeasonNumber>
  <Writer>Jennifer Salt</Writer>
  <absolute_number>21</absolute_number>
  <filename>episodes/250487/4428051.jpg</filename>
  <lastupdated>1365079819</lastupdated>
  <seasonid>497727</seasonid>
  <seriesid>250487</seriesid>
</Episode>
<Episode>
  <id>4428052</id>
  <Combined_episodenumber>10</Combined_episodenumber>
  <Combined_season>2</Combined_season>
  <DVD_chapter></DVD_chapter>
  <DVD_discid></DVD_discid>
  <DVD_episodenumber></DVD_episodenumber>
  <DVD_season></DVD_season>
  <Director>Michael Lehmann</Director>
  <EpImgFlag>2</EpImgFlag>
  <EpisodeName>The Name Game</EpisodeName>
  <EpisodeNumber>10</EpisodeNumber>
  <FirstAired>2013-01-02</FirstAired>
  <GuestStars></GuestStars>
  <IMDB_ID>tt2471102</IMDB_ID>
  <Language>en</Language>
  <Overview>The Monsignor confronts the Devil. Dr. Arden’s experiments reach a shocking conclusion. Dr. Thredson facilitates a surprising reunion for Kit.</Overview>
  <ProductionCode>2ATS10</ProductionCode>
  <Rating>8.1</Rating>
  <RatingCount>34</RatingCount>
  <SeasonNumber>2</SeasonNumber>
  <Writer>Jessica Sharzer</Writer>
  <absolute_number>22</absolute_number>
  <filename>episodes/250487/4428052.jpg</filename>
  <lastupdated>1360197049</lastupdated>
  <seasonid>497727</seasonid>
  <seriesid>250487</seriesid>
</Episode>
<Episode>
  <id>4428053</id>
  <Combined_episodenumber>11</Combined_episodenumber>
  <Combined_season>2</Combined_season>
  <DVD_chapter></DVD_chapter>
  <DVD_discid></DVD_discid>
  <DVD_episodenumber></DVD_episodenumber>
  <DVD_season></DVD_season>
  <Director>Alfonso Gomez-Rejon</Director>
  <EpImgFlag>2</EpImgFlag>
  <EpisodeName>Spilt Milk</EpisodeName>
  <EpisodeNumber>11</EpisodeNumber>
  <FirstAired>2013-01-09</FirstAired>
  <GuestStars>Matthew John Armstrong|Cathy Fielding|</GuestStars>
  <IMDB_ID>tt2471106</IMDB_ID>
  <Language>en</Language>
  <Overview>Grace tells Kit devastating news about the aliens' experiments on Alma; Dr. Thredson receives an unexpected visitor; the Monsignor goes to extreme lengths to silence Jude.</Overview>
  <ProductionCode>2ATS11</ProductionCode>
  <Rating>7.7</Rating>
  <RatingCount>39</RatingCount>
  <SeasonNumber>2</SeasonNumber>
  <Writer>Brad Falchuk</Writer>
  <absolute_number>23</absolute_number>
  <filename>episodes/250487/4428053.jpg</filename>
  <lastupdated>1360020108</lastupdated>
  <seasonid>497727</seasonid>
  <seriesid>250487</seriesid>
</Episode>
<Episode>
  <id>4428054</id>
  <Combined_episodenumber>12</Combined_episodenumber>
  <Combined_season>2</Combined_season>
  <DVD_chapter></DVD_chapter>
  <DVD_discid></DVD_discid>
  <DVD_episodenumber></DVD_episodenumber>
  <DVD_season></DVD_season>
  <Director>Craig Zisk</Director>
  <EpImgFlag>3</EpImgFlag>
  <EpisodeName>Continuum</EpisodeName>
  <EpisodeNumber>12</EpisodeNumber>
  <FirstAired>2013-01-16</FirstAired>
  <GuestStars></GuestStars>
  <IMDB_ID>tt2471112</IMDB_ID>
  <Language>en</Language>
  <Overview>A deadly new inmate threatens Sister Jude's chance of release; Grace's obsession with the aliens turns violent.</Overview>
  <ProductionCode>2ATS12</ProductionCode>
  <Rating>7.5</Rating>
  <RatingCount>34</RatingCount>
  <SeasonNumber>2</SeasonNumber>
  <Writer>Ryan Murphy</Writer>
  <absolute_number>24</absolute_number>
  <filename>episodes/250487/4428054.jpg</filename>
  <lastupdated>1362014646</lastupdated>
  <seasonid>497727</seasonid>
  <seriesid>250487</seriesid>
</Episode>
<Episode>
  <id>4431749</id>
  <Combined_episodenumber>13</Combined_episodenumber>
  <Combined_season>2</Combined_season>
  <DVD_chapter></DVD_chapter>
  <DVD_discid></DVD_discid>
  <DVD_episodenumber></DVD_episodenumber>
  <DVD_season></DVD_season>
  <Director>Alfonso Gomez-Rejon</Director>
  <EpImgFlag>3</EpImgFlag>
  <EpisodeName>Madness Ends</EpisodeName>
  <EpisodeNumber>13</EpisodeNumber>
  <FirstAired>2013-01-23</FirstAired>
  <GuestStars></GuestStars>
  <IMDB_ID>tt2471114</IMDB_ID>
  <Language>en</Language>
  <Overview>Johnny sets out to complete his father's work; Lana leads the charge to finally shut down Briarcliff.</Overview>
  <ProductionCode>2ATS13</ProductionCode>
  <Rating>7.9</Rating>
  <RatingCount>34</RatingCount>
  <SeasonNumber>2</SeasonNumber>
  <Writer>Tim Minear</Writer>
  <absolute_number>25</absolute_number>
  <filename>episodes/250487/4431749.jpg</filename>
  <lastupdated>1363518240</lastupdated>
  <seasonid>497727</seasonid>
  <seriesid>250487</seriesid>
</Episode>
<Episode>
  <id>4529359</id>
  <Combined_episodenumber>1</Combined_episodenumber>
  <Combined_season>3</Combined_season>
  <DVD_chapter></DVD_chapter>
  <DVD_discid></DVD_discid>
  <DVD_episodenumber></DVD_episodenumber>
  <DVD_season></DVD_season>
  <Director></Director>
  <EpImgFlag></EpImgFlag>
  <EpisodeName>Season Premiere</EpisodeName>
  <EpisodeNumber>1</EpisodeNumber>
  <FirstAired>2013-10-06</FirstAired>
  <GuestStars></GuestStars>
  <IMDB_ID></IMDB_ID>
  <Language>en</Language>
  <Overview></Overview>
  <ProductionCode></ProductionCode>
  <Rating></Rating>
  <RatingCount>0</RatingCount>
  <SeasonNumber>3</SeasonNumber>
  <Writer></Writer>
  <absolute_number></absolute_number>
  <filename></filename>
  <lastupdated>1363893986</lastupdated>
  <seasonid>512052</seasonid>
  <seriesid>250487</seriesid>
</Episode>
</Data>