<?xml version="1.0" encoding="UTF-8" ?>
<Actors>
<Actor>
  <id>41573</id>
  <Image>actors/41573.jpg</Image>
  <Name>Mike Judge</Name>
  <Role>Beavis|Butt-head|Tom Anderson|David Van Driessen|Coach Buzzcut|Principal McVicker</Role>
  <SortOrder>0</SortOrder>
</Actor>
<Actor>
  <id>41574</id>
  <Image></Image>
  <Name>Dale Revo</Name>
  <Role>additional voices</Role>
  <SortOrder>3</SortOrder>
</Actor>
<Actor>
  <id>41579</id>
  <Image></Image>
  <Name>Guy Maxtone-Graham</Name>
  <Role></Role>
  <SortOrder>3</SortOrder>
</Actor>
<Actor>
  <id>41576</id>
  <Image></Image>
  <Name>Kristofor Brown</Name>
  <Role></Role>
  <SortOrder>3</SortOrder>
</Actor>
<Actor>
  <id>41572</id>
  <Image></Image>
  <Name>Toby Huss</Name>
  <Role></Role>
  <SortOrder>3</SortOrder>
</Actor>
</Actors>