<?xml version="1.0" encoding="UTF-8" ?>
<Actors>
<Actor>
  <id>284611</id>
  <Image>actors/284611.jpg</Image>
  <Name>Chris Vance</Name>
  <Role>Frank Martin</Role>
  <SortOrder>0</SortOrder>
</Actor>
<Actor>
  <id>306499</id>
  <Image>actors/306499.jpg</Image>
  <Name>Delphine Chanéac</Name>
  <Role>Juliette Dubois</Role>
  <SortOrder>3</SortOrder>
</Actor>
<Actor>
  <id>295109</id>
  <Image>actors/295109.jpg</Image>
  <Name>François Berléand</Name>
  <Role>Inspector Tarconi</Role>
  <SortOrder>3</SortOrder>
</Actor>
<Actor>
  <id>295108</id>
  <Image>actors/295108.jpg</Image>
  <Name>Andrea Osvárt</Name>
  <Role>Carla Valeri</Role>
  <SortOrder>3</SortOrder>
</Actor>
<Actor>
  <id>305412</id>
  <Image></Image>
  <Name>Charly Hübner</Name>
  <Role>Dieter Hausmann</Role>
  <SortOrder>3</SortOrder>
</Actor>
</Actors>