<?xml version="1.0" encoding="UTF-8" ?>
<Banners>
<Banner>
  <id>935326</id>
  <BannerPath>fanart/original/248962-9.jpg</BannerPath>
  <BannerType>fanart</BannerType>
  <BannerType2>1280x720</BannerType2>
  <Colors></Colors>
  <Language>fr</Language>
  <Rating>7.7500</Rating>
  <RatingCount>4</RatingCount>
  <SeriesName>false</SeriesName>
  <ThumbnailPath>_cache/fanart/original/248962-9.jpg</ThumbnailPath>
  <VignettePath>fanart/vignette/248962-9.jpg</VignettePath>
</Banner>
<Banner>
  <id>862130</id>
  <BannerPath>fanart/original/248962-1.jpg</BannerPath>
  <BannerType>fanart</BannerType>
  <BannerType2>1920x1080</BannerType2>
  <Colors></Colors>
  <Language>de</Language>
  <Rating>7.3333</Rating>
  <RatingCount>3</RatingCount>
  <SeriesName>false</SeriesName>
  <ThumbnailPath>_cache/fanart/original/248962-1.jpg</ThumbnailPath>
  <VignettePath>fanart/vignette/248962-1.jpg</VignettePath>
</Banner>
<Banner>
  <id>935325</id>
  <BannerPath>fanart/original/248962-8.jpg</BannerPath>
  <BannerType>fanart</BannerType>
  <BannerType2>1280x720</BannerType2>
  <Colors></Colors>
  <Language>fr</Language>
  <Rating>6.2000</Rating>
  <RatingCount>5</RatingCount>
  <SeriesName>false</SeriesName>
  <ThumbnailPath>_cache/fanart/original/248962-8.jpg</ThumbnailPath>
  <VignettePath>fanart/vignette/248962-8.jpg</VignettePath>
</Banner>
<Banner>
  <id>935324</id>
  <BannerPath>fanart/original/248962-7.jpg</BannerPath>
  <BannerType>fanart</BannerType>
  <BannerType2>1280x720</BannerType2>
  <Colors></Colors>
  <Language>fr</Language>
  <Rating>5.5000</Rating>
  <RatingCount>2</RatingCount>
  <SeriesName>true</SeriesName>
  <ThumbnailPath>_cache/fanart/original/248962-7.jpg</ThumbnailPath>
  <VignettePath>fanart/vignette/248962-7.jpg</VignettePath>
</Banner>
<Banner>
  <id>926405</id>
  <BannerPath>fanart/original/248962-5.jpg</BannerPath>
  <BannerType>fanart</BannerType>
  <BannerType2>1920x1080</BannerType2>
  <Colors></Colors>
  <Language>de</Language>
  <Rating>5.0000</Rating>
  <RatingCount>1</RatingCount>
  <SeriesName>false</SeriesName>
  <ThumbnailPath>_cache/fanart/original/248962-5.jpg</ThumbnailPath>
  <VignettePath>fanart/vignette/248962-5.jpg</VignettePath>
</Banner>
<Banner>
  <id>935926</id>
  <BannerPath>fanart/original/248962-10.jpg</BannerPath>
  <BannerType>fanart</BannerType>
  <BannerType2>1920x1080</BannerType2>
  <Colors></Colors>
  <Language>fr</Language>
  <Rating></Rating>
  <RatingCount>0</RatingCount>
  <SeriesName>false</SeriesName>
  <ThumbnailPath>_cache/fanart/original/248962-10.jpg</ThumbnailPath>
  <VignettePath>fanart/vignette/248962-10.jpg</VignettePath>
</Banner>
<Banner>
  <id>926402</id>
  <BannerPath>fanart/original/248962-2.jpg</BannerPath>
  <BannerType>fanart</BannerType>
  <BannerType2>1920x1080</BannerType2>
  <Colors></Colors>
  <Language>de</Language>
  <Rating></Rating>
  <RatingCount>0</RatingCount>
  <SeriesName>false</SeriesName>
  <ThumbnailPath>_cache/fanart/original/248962-2.jpg</ThumbnailPath>
  <VignettePath>fanart/vignette/248962-2.jpg</VignettePath>
</Banner>
<Banner>
  <id>926403</id>
  <BannerPath>fanart/original/248962-3.jpg</BannerPath>
  <BannerType>fanart</BannerType>
  <BannerType2>1920x1080</BannerType2>
  <Colors></Colors>
  <Language>de</Language>
  <Rating></Rating>
  <RatingCount>0</RatingCount>
  <SeriesName>false</SeriesName>
  <ThumbnailPath>_cache/fanart/original/248962-3.jpg</ThumbnailPath>
  <VignettePath>fanart/vignette/248962-3.jpg</VignettePath>
</Banner>
<Banner>
  <id>935927</id>
  <BannerPath>fanart/original/248962-11.jpg</BannerPath>
  <BannerType>fanart</BannerType>
  <BannerType2>1280x720</BannerType2>
  <Colors></Colors>
  <Language>fr</Language>
  <Rating></Rating>
  <RatingCount>0</RatingCount>
  <SeriesName>false</SeriesName>
  <ThumbnailPath>_cache/fanart/original/248962-11.jpg</ThumbnailPath>
  <VignettePath>fanart/vignette/248962-11.jpg</VignettePath>
</Banner>
<Banner>
  <id>926406</id>
  <BannerPath>fanart/original/248962-6.jpg</BannerPath>
  <BannerType>fanart</BannerType>
  <BannerType2>1920x1080</BannerType2>
  <Colors></Colors>
  <Language>de</Language>
  <Rating></Rating>
  <RatingCount>0</RatingCount>
  <SeriesName>false</SeriesName>
  <ThumbnailPath>_cache/fanart/original/248962-6.jpg</ThumbnailPath>
  <VignettePath>fanart/vignette/248962-6.jpg</VignettePath>
</Banner>
<Banner>
  <id>926404</id>
  <BannerPath>fanart/original/248962-4.jpg</BannerPath>
  <BannerType>fanart</BannerType>
  <BannerType2>1920x1080</BannerType2>
  <Colors></Colors>
  <Language>de</Language>
  <Rating></Rating>
  <RatingCount>0</RatingCount>
  <SeriesName>false</SeriesName>
  <ThumbnailPath>_cache/fanart/original/248962-4.jpg</ThumbnailPath>
  <VignettePath>fanart/vignette/248962-4.jpg</VignettePath>
</Banner>
<Banner>
  <id>936540</id>
  <BannerPath>fanart/original/248962-12.jpg</BannerPath>
  <BannerType>fanart</BannerType>
  <BannerType2>1280x720</BannerType2>
  <Colors></Colors>
  <Language>en</Language>
  <Rating></Rating>
  <RatingCount>0</RatingCount>
  <SeriesName>false</SeriesName>
  <ThumbnailPath>_cache/fanart/original/248962-12.jpg</ThumbnailPath>
  <VignettePath>fanart/vignette/248962-12.jpg</VignettePath>
</Banner>
<Banner>
  <id>937240</id>
  <BannerPath>posters/248962-3.jpg</BannerPath>
  <BannerType>poster</BannerType>
  <BannerType2>680x1000</BannerType2>
  <Language>en</Language>
  <Rating>10.0000</Rating>
  <RatingCount>1</RatingCount>
</Banner>
<Banner>
  <id>936441</id>
  <BannerPath>posters/248962-5.jpg</BannerPath>
  <BannerType>poster</BannerType>
  <BannerType2>680x1000</BannerType2>
  <Language>en</Language>
  <Rating>8.6667</Rating>
  <RatingCount>3</RatingCount>
</Banner>
<Banner>
  <id>927949</id>
  <BannerPath>posters/248962-1.jpg</BannerPath>
  <BannerType>poster</BannerType>
  <BannerType2>680x1000</BannerType2>
  <Language>en</Language>
  <Rating>7.5000</Rating>
  <RatingCount>4</RatingCount>
</Banner>
<Banner>
  <id>935327</id>
  <BannerPath>posters/248962-2.jpg</BannerPath>
  <BannerType>poster</BannerType>
  <BannerType2>680x1000</BannerType2>
  <Language>en</Language>
  <Rating>5.3333</Rating>
  <RatingCount>3</RatingCount>
</Banner>
<Banner>
  <id>948674</id>
  <BannerPath>seasons/248962-1-4.jpg</BannerPath>
  <BannerType>season</BannerType>
  <BannerType2>season</BannerType2>
  <Language>en</Language>
  <Rating>10.0000</Rating>
  <RatingCount>1</RatingCount>
  <Season>1</Season>
</Banner>
<Banner>
  <id>936536</id>
  <BannerPath>seasons/248962-1.jpg</BannerPath>
  <BannerType>season</BannerType>
  <BannerType2>season</BannerType2>
  <Language>de</Language>
  <Rating>6.0000</Rating>
  <RatingCount>2</RatingCount>
  <Season>1</Season>
</Banner>
<Banner>
  <id>936537</id>
  <BannerPath>seasons/248962-1-2.jpg</BannerPath>
  <BannerType>season</BannerType>
  <BannerType2>season</BannerType2>
  <Language>de</Language>
  <Rating>5.5000</Rating>
  <RatingCount>2</RatingCount>
  <Season>1</Season>
</Banner>
<Banner>
  <id>938297</id>
  <BannerPath>seasons/248962-1-3.jpg</BannerPath>
  <BannerType>season</BannerType>
  <BannerType2>season</BannerType2>
  <Language>fr</Language>
  <Rating>5.5000</Rating>
  <RatingCount>2</RatingCount>
  <Season>1</Season>
</Banner>
<Banner>
  <id>937246</id>
  <BannerPath>graphical/248962-g3.jpg</BannerPath>
  <BannerType>series</BannerType>
  <BannerType2>graphical</BannerType2>
  <Language>en</Language>
  <Rating>10.0000</Rating>
  <RatingCount>2</RatingCount>
</Banner>
<Banner>
  <id>907239</id>
  <BannerPath>graphical/248962-g.jpg</BannerPath>
  <BannerType>series</BannerType>
  <BannerType2>graphical</BannerType2>
  <Language>en</Language>
  <Rating>6.3333</Rating>
  <RatingCount>3</RatingCount>
</Banner>
<Banner>
  <id>935323</id>
  <BannerPath>graphical/248962-g2.jpg</BannerPath>
  <BannerType>series</BannerType>
  <BannerType2>graphical</BannerType2>
  <Language>fr</Language>
  <Rating>5.5000</Rating>
  <RatingCount>2</RatingCount>
</Banner>
</Banners>