<?xml version="1.0" encoding="UTF-8" ?>
<Data><Series>
  <id>248962</id>
  <Actors>|Chris Vance|Delphine Chanéac|François Berléand|Andrea Osvárt|Charly Hübner|</Actors>
  <Airs_DayOfWeek>Thursday</Airs_DayOfWeek>
  <Airs_Time>9:00 PM</Airs_Time>
  <ContentRating>TV-14</ContentRating>
  <FirstAired>2012-12-06</FirstAired>
  <Genre>|Action|Adventure|</Genre>
  <IMDB_ID>tt1885102</IMDB_ID>
  <Language>en</Language>
  <Network>M6</Network>
  <NetworkID></NetworkID>
  <Overview>The adventures of Frank Martin, a professional freelance courier driver for hire who will deliver anything, anywhere, no questions asked for the right price, and lives by three, unbreakable rules, which he constantly breaks.</Overview>
  <Rating>6.0</Rating>
  <RatingCount>16</RatingCount>
  <Runtime>45</Runtime>
  <SeriesID>81231</SeriesID>
  <SeriesName>Transporter</SeriesName>
  <Status>Continuing</Status>
  <added>2011-05-22 11:23:42</added>
  <addedBy>235</addedBy>
  <banner>graphical/248962-g3.jpg</banner>
  <fanart>fanart/original/248962-9.jpg</fanart>
  <lastupdated>1364838572</lastupdated>
  <poster>posters/248962-3.jpg</poster>
  <zap2it_id></zap2it_id>
</Series>
<Episode>
  <id>4116390</id>
  <Combined_episodenumber>3.0</Combined_episodenumber>
  <Combined_season>1</Combined_season>
  <DVD_chapter></DVD_chapter>
  <DVD_discid></DVD_discid>
  <DVD_episodenumber>3.0</DVD_episodenumber>
  <DVD_season>1</DVD_season>
  <Director></Director>
  <EpImgFlag>2</EpImgFlag>
  <EpisodeName>The General's Daughter</EpisodeName>
  <EpisodeNumber>1</EpisodeNumber>
  <FirstAired>2012-12-06</FirstAired>
  <GuestStars>Uwe Ochsenknecht, Rachel Skarsten</GuestStars>
  <IMDB_ID></IMDB_ID>
  <Language>en</Language>
  <Overview>In Berlin, Frank is assigned to transport Delia Weigert (Rachel Skarsten), a rich young socialite to a safe house. Her father, a former influential general in the army (Barry Flatman), has sold off some of his insider military knowledge and Delia is now in grave danger with a German crime lord threatening to kidnap her. With the enemy closing in, Frank must get Delia on a flight back to America, but a sudden betrayal places Delia in deadly jeopardy, and Frank must use all his skills to save her. 
</Overview>
  <ProductionCode></ProductionCode>
  <Rating>7.5</Rating>
  <RatingCount>24</RatingCount>
  <SeasonNumber>1</SeasonNumber>
  <Writer></Writer>
  <absolute_number></absolute_number>
  <filename>episodes/248962/4116390.jpg</filename>
  <lastupdated>1357495600</lastupdated>
  <seasonid>467947</seasonid>
  <seriesid>248962</seriesid>
</Episode>
<Episode>
  <id>4143193</id>
  <Combined_episodenumber>1.0</Combined_episodenumber>
  <Combined_season>1</Combined_season>
  <DVD_chapter></DVD_chapter>
  <DVD_discid></DVD_discid>
  <DVD_episodenumber>1.0</DVD_episodenumber>
  <DVD_season>1</DVD_season>
  <Director></Director>
  <EpImgFlag>3</EpImgFlag>
  <EpisodeName>Trojan Horsepower</EpisodeName>
  <EpisodeNumber>2</EpisodeNumber>
  <FirstAired>2012-12-06</FirstAired>
  <GuestStars></GuestStars>
  <IMDB_ID></IMDB_ID>
  <Language>en</Language>
  <Overview>Frank races towards Paris to deliver a new eco-friendly motor prototype on time to the Paris Motor Show. But a dangerous hitman, nicknamed &quot;The Wolf&quot;, has been hired by an oil company to eliminate him before he can complete his mission. Unfortunately, the protoype emits a signal, enabling The Wolf to track Frank... 
</Overview>
  <ProductionCode></ProductionCode>
  <Rating>6.9</Rating>
  <RatingCount>17</RatingCount>
  <SeasonNumber>1</SeasonNumber>
  <Writer></Writer>
  <absolute_number></absolute_number>
  <filename>episodes/248962/4143193.jpg</filename>
  <lastupdated>1357495611</lastupdated>
  <seasonid>467947</seasonid>
  <seriesid>248962</seriesid>
</Episode>
<Episode>
  <id>4143188</id>
  <Combined_episodenumber>4.0</Combined_episodenumber>
  <Combined_season>1</Combined_season>
  <DVD_chapter></DVD_chapter>
  <DVD_discid></DVD_discid>
  <DVD_episodenumber>4.0</DVD_episodenumber>
  <DVD_season>1</DVD_season>
  <Director></Director>
  <EpImgFlag>2</EpImgFlag>
  <EpisodeName>Harvest</EpisodeName>
  <EpisodeNumber>3</EpisodeNumber>
  <FirstAired>2012-12-06</FirstAired>
  <GuestStars></GuestStars>
  <IMDB_ID></IMDB_ID>
  <Language>en</Language>
  <Overview>While transporting a package, Frank notices the police is on his trail. Ignoring his rules, he opens the package and finds a stolen heart in a cooler, meant for transplantation in a hospital. Frank faces a dilemma when he figures out that his client, Sujic Drago (Mike Dopud), one of the most powerful crime lords in southern France, stole the heart to save his own son, who suffers from a congenital heart defect, and when Inspector Tarconi informs him that another dying boy is waiting at the hospital for the heart. Should he honor his commitment and deliver the package or return it to its initial beneficiary? 
</Overview>
  <ProductionCode></ProductionCode>
  <Rating>7.5</Rating>
  <RatingCount>17</RatingCount>
  <SeasonNumber>1</SeasonNumber>
  <Writer></Writer>
  <absolute_number></absolute_number>
  <filename>episodes/248962/4143188.jpg</filename>
  <lastupdated>1357495614</lastupdated>
  <seasonid>467947</seasonid>
  <seriesid>248962</seriesid>
</Episode>
<Episode>
  <id>4143190</id>
  <Combined_episodenumber>5.0</Combined_episodenumber>
  <Combined_season>1</Combined_season>
  <DVD_chapter></DVD_chapter>
  <DVD_discid></DVD_discid>
  <DVD_episodenumber>5.0</DVD_episodenumber>
  <DVD_season>1</DVD_season>
  <Director></Director>
  <EpImgFlag>2</EpImgFlag>
  <EpisodeName>Dead Drop</EpisodeName>
  <EpisodeNumber>4</EpisodeNumber>
  <FirstAired>2012-12-13</FirstAired>
  <GuestStars></GuestStars>
  <IMDB_ID></IMDB_ID>
  <Language>en</Language>
  <Overview>On a mission in Philadelphia, Frank finds out his package is Jack Perkins, his old C.I.A. instructor. The blind man is trying to prove his innocence, while an agency mole is attempting to frame him for leaking confidential information and getting fellow agents unmasked. To save his and his client's lives, Frank has only one solution: find a USB key containing evidence that can clear Jack's name and reveal the real mole's identity... 
</Overview>
  <ProductionCode></ProductionCode>
  <Rating>7.2</Rating>
  <RatingCount>13</RatingCount>
  <SeasonNumber>1</SeasonNumber>
  <Writer></Writer>
  <absolute_number></absolute_number>
  <filename>episodes/248962/4143190.jpg</filename>
  <lastupdated>1357495628</lastupdated>
  <seasonid>467947</seasonid>
  <seriesid>248962</seriesid>
</Episode>
<Episode>
  <id>4143192</id>
  <Combined_episodenumber>8.0</Combined_episodenumber>
  <Combined_season>1</Combined_season>
  <DVD_chapter></DVD_chapter>
  <DVD_discid></DVD_discid>
  <DVD_episodenumber>8.0</DVD_episodenumber>
  <DVD_season>1</DVD_season>
  <Director></Director>
  <EpImgFlag>2</EpImgFlag>
  <EpisodeName>Sharks</EpisodeName>
  <EpisodeNumber>5</EpisodeNumber>
  <FirstAired>2012-12-13</FirstAired>
  <GuestStars></GuestStars>
  <IMDB_ID></IMDB_ID>
  <Language>en</Language>
  <Overview>Frank must transport a million euros from Paris to Marseille while racing against two other elite runners each with the same package and destination. The client whose transporter wins will gain an important missile contract. Word of the race has reached two gangs that decide to try and rob the money but Frank, who needs to prove he's the one and only worthwhile transporter on the market, doesn't intend to let himself be swindled... The task is further complicated by a mysterious hitchhiker, who can not be shaken off and wants to know everything about Frank. Frank manages to end up as the lone transporter to finish the race, but victory is bittersweet, due to the loss of an old friend, who was one of the other two transporters in contention. 
</Overview>
  <ProductionCode></ProductionCode>
  <Rating>8.1</Rating>
  <RatingCount>9</RatingCount>
  <SeasonNumber>1</SeasonNumber>
  <Writer></Writer>
  <absolute_number></absolute_number>
  <filename>episodes/248962/4143192.jpg</filename>
  <lastupdated>1360977856</lastupdated>
  <seasonid>467947</seasonid>
  <seriesid>248962</seriesid>
</Episode>
<Episode>
  <id>4466391</id>
  <Combined_episodenumber>11.0</Combined_episodenumber>
  <Combined_season>1</Combined_season>
  <DVD_chapter></DVD_chapter>
  <DVD_discid></DVD_discid>
  <DVD_episodenumber>11.0</DVD_episodenumber>
  <DVD_season>1</DVD_season>
  <Director>Bruce McDonald|Brad Turner</Director>
  <EpImgFlag>2</EpImgFlag>
  <EpisodeName>12 Hours</EpisodeName>
  <EpisodeNumber>6</EpisodeNumber>
  <FirstAired>2012-12-13</FirstAired>
  <GuestStars></GuestStars>
  <IMDB_ID></IMDB_ID>
  <Language>en</Language>
  <Overview>Frank has twelve hours to transport a stolen microchip, meant for the development of advanced weaponry, before the rigged package kills him. In a race against time, Frank must find a way to force the client to neutralize the deadly device.</Overview>
  <ProductionCode></ProductionCode>
  <Rating>7.9</Rating>
  <RatingCount>8</RatingCount>
  <SeasonNumber>1</SeasonNumber>
  <Writer>Carl Binder</Writer>
  <absolute_number></absolute_number>
  <filename>episodes/248962/4466391.jpg</filename>
  <lastupdated>1360977950</lastupdated>
  <seasonid>467947</seasonid>
  <seriesid>248962</seriesid>
</Episode>
<Episode>
  <id>4409009</id>
  <Combined_episodenumber>9.0</Combined_episodenumber>
  <Combined_season>1</Combined_season>
  <DVD_chapter></DVD_chapter>
  <DVD_discid></DVD_discid>
  <DVD_episodenumber>9.0</DVD_episodenumber>
  <DVD_season>1</DVD_season>
  <Director></Director>
  <EpImgFlag>2</EpImgFlag>
  <EpisodeName>City of Love</EpisodeName>
  <EpisodeNumber>7</EpisodeNumber>
  <FirstAired>2012-12-27</FirstAired>
  <GuestStars></GuestStars>
  <IMDB_ID></IMDB_ID>
  <Language>en</Language>
  <Overview>Frank is hired to bring a package from the south of France to Paris. Once there, he realizes the package is a bomb meant for a planned terrorist attack. 
</Overview>
  <ProductionCode></ProductionCode>
  <Rating>8.5</Rating>
  <RatingCount>8</RatingCount>
  <SeasonNumber>1</SeasonNumber>
  <Writer></Writer>
  <absolute_number></absolute_number>
  <filename>episodes/248962/4409009.jpg</filename>
  <lastupdated>1360977864</lastupdated>
  <seasonid>467947</seasonid>
  <seriesid>248962</seriesid>
</Episode>
<Episode>
  <id>4143189</id>
  <Combined_episodenumber>10.0</Combined_episodenumber>
  <Combined_season>1</Combined_season>
  <DVD_chapter></DVD_chapter>
  <DVD_discid></DVD_discid>
  <DVD_episodenumber>10.0</DVD_episodenumber>
  <DVD_season>1</DVD_season>
  <Director></Director>
  <EpImgFlag>2</EpImgFlag>
  <EpisodeName>The Switch</EpisodeName>
  <EpisodeNumber>8</EpisodeNumber>
  <FirstAired>2012-12-27</FirstAired>
  <GuestStars>Hannes Jaenicke</GuestStars>
  <IMDB_ID></IMDB_ID>
  <Language>en</Language>
  <Overview>Frank is to pick up a valuable painting from a gallery and bring it to a rich art collector. There is a wild chase during the transfer and a young woman threatens him with a gun and claims that the painting is hers. Fortunately, at this moment the police appears and Frank seizes the opportunity to wriggle out of the situation. But when he delivers the painting to art collector Max Khyber (Hannes Jaenicke), it turns out that it is a fake. Khyber feels betrayed and suspects Frank. He holds Frank prisoner on his property and sends in a dominatrix to get him to to talk, but Frank manages to free himself and goes in search of the original. 
</Overview>
  <ProductionCode></ProductionCode>
  <Rating>7.8</Rating>
  <RatingCount>12</RatingCount>
  <SeasonNumber>1</SeasonNumber>
  <Writer></Writer>
  <absolute_number></absolute_number>
  <filename>episodes/248962/4143189.jpg</filename>
  <lastupdated>1362265063</lastupdated>
  <seasonid>467947</seasonid>
  <seriesid>248962</seriesid>
</Episode>
<Episode>
  <id>4409008</id>
  <Combined_episodenumber>6.0</Combined_episodenumber>
  <Combined_season>1</Combined_season>
  <DVD_chapter></DVD_chapter>
  <DVD_discid></DVD_discid>
  <DVD_episodenumber>6.0</DVD_episodenumber>
  <DVD_season>1</DVD_season>
  <Director></Director>
  <EpImgFlag>2</EpImgFlag>
  <EpisodeName>Hot Ice</EpisodeName>
  <EpisodeNumber>9</EpisodeNumber>
  <FirstAired>2013-01-03</FirstAired>
  <GuestStars></GuestStars>
  <IMDB_ID></IMDB_ID>
  <Language>en</Language>
  <Overview>Frank must pick up a package from a bank. Shortly after, he not only has trouble with an attractive woman security officer (Katheryn Winnick), but also a hit squad on his tail... 
</Overview>
  <ProductionCode></ProductionCode>
  <Rating>8.4</Rating>
  <RatingCount>9</RatingCount>
  <SeasonNumber>1</SeasonNumber>
  <Writer></Writer>
  <absolute_number></absolute_number>
  <filename>episodes/248962/4409008.jpg</filename>
  <lastupdated>1359158497</lastupdated>
  <seasonid>467947</seasonid>
  <seriesid>248962</seriesid>
</Episode>
<Episode>
  <id>4466392</id>
  <Combined_episodenumber>7.0</Combined_episodenumber>
  <Combined_season>1</Combined_season>
  <DVD_chapter></DVD_chapter>
  <DVD_discid></DVD_discid>
  <DVD_episodenumber>7.0</DVD_episodenumber>
  <DVD_season>1</DVD_season>
  <Director></Director>
  <EpImgFlag>2</EpImgFlag>
  <EpisodeName>Give the Guy a Hand</EpisodeName>
  <EpisodeNumber>10</EpisodeNumber>
  <FirstAired>2013-01-03</FirstAired>
  <GuestStars></GuestStars>
  <IMDB_ID></IMDB_ID>
  <Language>en</Language>
  <Overview>As he's waiting for his package to be delivered in a Toronto parking lot, Frank finds himself faced with a series of strange coincidences. He understands he fell into a trap when the police throws him in jail, accusing him of a crime he didn't commit. His imprisonment is supposed to allow to get a very protected package out of the prison walls: the hand of a mob boss who's just been murdered...</Overview>
  <ProductionCode></ProductionCode>
  <Rating>8.1</Rating>
  <RatingCount>7</RatingCount>
  <SeasonNumber>1</SeasonNumber>
  <Writer></Writer>
  <absolute_number></absolute_number>
  <filename>episodes/248962/4466392.jpg</filename>
  <lastupdated>1360509201</lastupdated>
  <seasonid>467947</seasonid>
  <seriesid>248962</seriesid>
</Episode>
<Episode>
  <id>4419989</id>
  <Combined_episodenumber>12.0</Combined_episodenumber>
  <Combined_season>1</Combined_season>
  <DVD_chapter></DVD_chapter>
  <DVD_discid></DVD_discid>
  <DVD_episodenumber>12.0</DVD_episodenumber>
  <DVD_season>1</DVD_season>
  <Director></Director>
  <EpImgFlag>2</EpImgFlag>
  <EpisodeName>Cherchez la Femme</EpisodeName>
  <EpisodeNumber>11</EpisodeNumber>
  <FirstAired>2013-01-10</FirstAired>
  <GuestStars></GuestStars>
  <IMDB_ID></IMDB_ID>
  <Language>en</Language>
  <Overview>Frank has to transport a young hacker to her new employer. But the employer is not the only one that is interested in the girl. Meanwhile, Frank has a lunch date with Juliette that doesn't exactly turn out to become a romantic moment.&quot;</Overview>
  <ProductionCode></ProductionCode>
  <Rating>8.8</Rating>
  <RatingCount>4</RatingCount>
  <SeasonNumber>1</SeasonNumber>
  <Writer></Writer>
  <absolute_number></absolute_number>
  <filename>episodes/248962/4419989.jpg</filename>
  <lastupdated>1360977964</lastupdated>
  <seasonid>467947</seasonid>
  <seriesid>248962</seriesid>
</Episode>
<Episode>
  <id>4143191</id>
  <Combined_episodenumber>2.0</Combined_episodenumber>
  <Combined_season>1</Combined_season>
  <DVD_chapter></DVD_chapter>
  <DVD_discid></DVD_discid>
  <DVD_episodenumber>2.0</DVD_episodenumber>
  <DVD_season>1</DVD_season>
  <Director></Director>
  <EpImgFlag>2</EpImgFlag>
  <EpisodeName>Payback</EpisodeName>
  <EpisodeNumber>12</EpisodeNumber>
  <FirstAired>2013-01-10</FirstAired>
  <GuestStars></GuestStars>
  <IMDB_ID></IMDB_ID>
  <Language>en</Language>
  <Overview>Frank's latest job goes completely wrong: he loses the package and is accused by his employers to have embezzled the money. To prove his innocence, Frank embarks on a search for the real culprits and the trail leads him to old friends from his SAS unit. The soldiers were attempting to settle a score from the past, by enriching themselves and using him as a scapegoat in the process. But when both they and Frank find themselves in danger, they fight side by side - just like old times. 
</Overview>
  <ProductionCode></ProductionCode>
  <Rating>7.8</Rating>
  <RatingCount>6</RatingCount>
  <SeasonNumber>1</SeasonNumber>
  <Writer></Writer>
  <absolute_number></absolute_number>
  <filename>episodes/248962/4143191.jpg</filename>
  <lastupdated>1357495792</lastupdated>
  <seasonid>467947</seasonid>
  <seriesid>248962</seriesid>
</Episode>
</Data>