<?xml version="1.0" encoding="UTF-8" ?>
<Actors>
<Actor>
  <id>109621</id>
  <Image>actors/109621.jpg</Image>
  <Name>Mark Valley</Name>
  <Role>Christopher Chance</Role>
  <SortOrder>0</SortOrder>
</Actor>
<Actor>
  <id>109641</id>
  <Image>actors/109641.jpg</Image>
  <Name>Chi McBride</Name>
  <Role>Winston</Role>
  <SortOrder>1</SortOrder>
</Actor>
<Actor>
  <id>109631</id>
  <Image>actors/109631.jpg</Image>
  <Name>Jackie Earle Haley</Name>
  <Role>Guerrero</Role>
  <SortOrder>2</SortOrder>
</Actor>
<Actor>
  <id>224301</id>
  <Image>actors/224301.jpg</Image>
  <Name>Janet Montgomery</Name>
  <Role>Ames</Role>
  <SortOrder>3</SortOrder>
</Actor>
<Actor>
  <id>200261</id>
  <Image>actors/200261.jpg</Image>
  <Name>Indira Varma</Name>
  <Role>Ilsa Pucci</Role>
  <SortOrder>3</SortOrder>
</Actor>
</Actors>