<?xml version="1.0" encoding="UTF-8" ?>
<Banners>
<Banner>
  <id>732341</id>
  <BannerPath>fanart/original/94801-18.jpg</BannerPath>
  <BannerType>fanart</BannerType>
  <BannerType2>1920x1080</BannerType2>
  <Colors></Colors>
  <Language>en</Language>
  <Rating>9.6667</Rating>
  <RatingCount>6</RatingCount>
  <SeriesName>true</SeriesName>
  <ThumbnailPath>_cache/fanart/original/94801-18.jpg</ThumbnailPath>
  <VignettePath>fanart/vignette/94801-18.jpg</VignettePath>
</Banner>
<Banner>
  <id>314101</id>
  <BannerPath>fanart/original/94801-2.jpg</BannerPath>
  <BannerType>fanart</BannerType>
  <BannerType2>1920x1080</BannerType2>
  <Colors></Colors>
  <Language>fr</Language>
  <Rating>9.1667</Rating>
  <RatingCount>6</RatingCount>
  <SeriesName>false</SeriesName>
  <ThumbnailPath>_cache/fanart/original/94801-2.jpg</ThumbnailPath>
  <VignettePath>fanart/vignette/94801-2.jpg</VignettePath>
</Banner>
<Banner>
  <id>732351</id>
  <BannerPath>fanart/original/94801-19.jpg</BannerPath>
  <BannerType>fanart</BannerType>
  <BannerType2>1920x1080</BannerType2>
  <Colors></Colors>
  <Language>en</Language>
  <Rating>8.3333</Rating>
  <RatingCount>3</RatingCount>
  <SeriesName>true</SeriesName>
  <ThumbnailPath>_cache/fanart/original/94801-19.jpg</ThumbnailPath>
  <VignettePath>fanart/vignette/94801-19.jpg</VignettePath>
</Banner>
<Banner>
  <id>117021</id>
  <BannerPath>fanart/original/94801-1.jpg</BannerPath>
  <BannerType>fanart</BannerType>
  <BannerType2>1920x1080</BannerType2>
  <Colors></Colors>
  <Language>en</Language>
  <Rating>7.5000</Rating>
  <RatingCount>2</RatingCount>
  <SeriesName>false</SeriesName>
  <ThumbnailPath>_cache/fanart/original/94801-1.jpg</ThumbnailPath>
  <VignettePath>fanart/vignette/94801-1.jpg</VignettePath>
</Banner>
<Banner>
  <id>388401</id>
  <BannerPath>fanart/original/94801-5.jpg</BannerPath>
  <BannerType>fanart</BannerType>
  <BannerType2>1280x720</BannerType2>
  <Colors>|249,167,65|255,255,255|13,10,5|</Colors>
  <Language>en</Language>
  <Rating>7.3333</Rating>
  <RatingCount>3</RatingCount>
  <SeriesName>false</SeriesName>
  <ThumbnailPath>_cache/fanart/original/94801-5.jpg</ThumbnailPath>
  <VignettePath>fanart/vignette/94801-5.jpg</VignettePath>
</Banner>
<Banner>
  <id>388451</id>
  <BannerPath>fanart/original/94801-10.jpg</BannerPath>
  <BannerType>fanart</BannerType>
  <BannerType2>1280x720</BannerType2>
  <Colors>|255,251,237|247,233,220|81,57,53|</Colors>
  <Language>en</Language>
  <Rating>7.0000</Rating>
  <RatingCount>1</RatingCount>
  <SeriesName>true</SeriesName>
  <ThumbnailPath>_cache/fanart/original/94801-10.jpg</ThumbnailPath>
  <VignettePath>fanart/vignette/94801-10.jpg</VignettePath>
</Banner>
<Banner>
  <id>617931</id>
  <BannerPath>fanart/original/94801-12.jpg</BannerPath>
  <BannerType>fanart</BannerType>
  <BannerType2>1920x1080</BannerType2>
  <Colors></Colors>
  <Language>fr</Language>
  <Rating></Rating>
  <RatingCount>0</RatingCount>
  <SeriesName>false</SeriesName>
  <ThumbnailPath>_cache/fanart/original/94801-12.jpg</ThumbnailPath>
  <VignettePath>fanart/vignette/94801-12.jpg</VignettePath>
</Banner>
<Banner>
  <id>388441</id>
  <BannerPath>fanart/original/94801-9.jpg</BannerPath>
  <BannerType>fanart</BannerType>
  <BannerType2>1920x1080</BannerType2>
  <Colors></Colors>
  <Language>en</Language>
  <Rating></Rating>
  <RatingCount>0</RatingCount>
  <SeriesName>false</SeriesName>
  <ThumbnailPath>_cache/fanart/original/94801-9.jpg</ThumbnailPath>
  <VignettePath>fanart/vignette/94801-9.jpg</VignettePath>
</Banner>
<Banner>
  <id>706281</id>
  <BannerPath>fanart/original/94801-14.jpg</BannerPath>
  <BannerType>fanart</BannerType>
  <BannerType2>1920x1080</BannerType2>
  <Colors></Colors>
  <Language>en</Language>
  <Rating></Rating>
  <RatingCount>0</RatingCount>
  <SeriesName>false</SeriesName>
  <ThumbnailPath>_cache/fanart/original/94801-14.jpg</ThumbnailPath>
  <VignettePath>fanart/vignette/94801-14.jpg</VignettePath>
</Banner>
<Banner>
  <id>388431</id>
  <BannerPath>fanart/original/94801-8.jpg</BannerPath>
  <BannerType>fanart</BannerType>
  <BannerType2>1280x720</BannerType2>
  <Colors></Colors>
  <Language>en</Language>
  <Rating></Rating>
  <RatingCount>0</RatingCount>
  <SeriesName>true</SeriesName>
  <ThumbnailPath>_cache/fanart/original/94801-8.jpg</ThumbnailPath>
  <VignettePath>fanart/vignette/94801-8.jpg</VignettePath>
</Banner>
<Banner>
  <id>388461</id>
  <BannerPath>fanart/original/94801-11.jpg</BannerPath>
  <BannerType>fanart</BannerType>
  <BannerType2>1280x720</BannerType2>
  <Colors></Colors>
  <Language>en</Language>
  <Rating></Rating>
  <RatingCount>0</RatingCount>
  <SeriesName>false</SeriesName>
  <ThumbnailPath>_cache/fanart/original/94801-11.jpg</ThumbnailPath>
  <VignettePath>fanart/vignette/94801-11.jpg</VignettePath>
</Banner>
<Banner>
  <id>706291</id>
  <BannerPath>fanart/original/94801-15.jpg</BannerPath>
  <BannerType>fanart</BannerType>
  <BannerType2>1920x1080</BannerType2>
  <Colors></Colors>
  <Language>en</Language>
  <Rating></Rating>
  <RatingCount>0</RatingCount>
  <SeriesName>false</SeriesName>
  <ThumbnailPath>_cache/fanart/original/94801-15.jpg</ThumbnailPath>
  <VignettePath>fanart/vignette/94801-15.jpg</VignettePath>
</Banner>
<Banner>
  <id>388421</id>
  <BannerPath>fanart/original/94801-7.jpg</BannerPath>
  <BannerType>fanart</BannerType>
  <BannerType2>1280x720</BannerType2>
  <Colors></Colors>
  <Language>en</Language>
  <Rating></Rating>
  <RatingCount>0</RatingCount>
  <SeriesName>true</SeriesName>
  <ThumbnailPath>_cache/fanart/original/94801-7.jpg</ThumbnailPath>
  <VignettePath>fanart/vignette/94801-7.jpg</VignettePath>
</Banner>
<Banner>
  <id>388411</id>
  <BannerPath>fanart/original/94801-6.jpg</BannerPath>
  <BannerType>fanart</BannerType>
  <BannerType2>1280x720</BannerType2>
  <Colors></Colors>
  <Language>en</Language>
  <Rating></Rating>
  <RatingCount>0</RatingCount>
  <SeriesName>true</SeriesName>
  <ThumbnailPath>_cache/fanart/original/94801-6.jpg</ThumbnailPath>
  <VignettePath>fanart/vignette/94801-6.jpg</VignettePath>
</Banner>
<Banner>
  <id>314111</id>
  <BannerPath>fanart/original/94801-3.jpg</BannerPath>
  <BannerType>fanart</BannerType>
  <BannerType2>1920x1080</BannerType2>
  <Colors></Colors>
  <Language>fr</Language>
  <Rating></Rating>
  <RatingCount>0</RatingCount>
  <SeriesName>false</SeriesName>
  <ThumbnailPath>_cache/fanart/original/94801-3.jpg</ThumbnailPath>
  <VignettePath>fanart/vignette/94801-3.jpg</VignettePath>
</Banner>
<Banner>
  <id>388391</id>
  <BannerPath>fanart/original/94801-4.jpg</BannerPath>
  <BannerType>fanart</BannerType>
  <BannerType2>1920x1080</BannerType2>
  <Colors></Colors>
  <Language>en</Language>
  <Rating></Rating>
  <RatingCount>0</RatingCount>
  <SeriesName>false</SeriesName>
  <ThumbnailPath>_cache/fanart/original/94801-4.jpg</ThumbnailPath>
  <VignettePath>fanart/vignette/94801-4.jpg</VignettePath>
</Banner>
<Banner>
  <id>920120</id>
  <BannerPath>fanart/original/94801-16.jpg</BannerPath>
  <BannerType>fanart</BannerType>
  <BannerType2>1920x1080</BannerType2>
  <Colors></Colors>
  <Language>fr</Language>
  <Rating></Rating>
  <RatingCount>0</RatingCount>
  <SeriesName>false</SeriesName>
  <ThumbnailPath>_cache/fanart/original/94801-16.jpg</ThumbnailPath>
  <VignettePath>fanart/vignette/94801-16.jpg</VignettePath>
</Banner>
<Banner>
  <id>617941</id>
  <BannerPath>fanart/original/94801-13.jpg</BannerPath>
  <BannerType>fanart</BannerType>
  <BannerType2>1920x1080</BannerType2>
  <Colors></Colors>
  <Language>fr</Language>
  <Rating></Rating>
  <RatingCount>0</RatingCount>
  <SeriesName>false</SeriesName>
  <ThumbnailPath>_cache/fanart/original/94801-13.jpg</ThumbnailPath>
  <VignettePath>fanart/vignette/94801-13.jpg</VignettePath>
</Banner>
<Banner>
  <id>323641</id>
  <BannerPath>posters/94801-1.jpg</BannerPath>
  <BannerType>poster</BannerType>
  <BannerType2>680x1000</BannerType2>
  <Language>en</Language>
  <Rating>9.6667</Rating>
  <RatingCount>3</RatingCount>
</Banner>
<Banner>
  <id>732361</id>
  <BannerPath>posters/94801-5.jpg</BannerPath>
  <BannerType>poster</BannerType>
  <BannerType2>680x1000</BannerType2>
  <Language>en</Language>
  <Rating>8.5000</Rating>
  <RatingCount>4</RatingCount>
</Banner>
<Banner>
  <id>326201</id>
  <BannerPath>posters/94801-2.jpg</BannerPath>
  <BannerType>poster</BannerType>
  <BannerType2>680x1000</BannerType2>
  <Language>en</Language>
  <Rating>5.5000</Rating>
  <RatingCount>2</RatingCount>
</Banner>
<Banner>
  <id>388471</id>
  <BannerPath>posters/94801-4.jpg</BannerPath>
  <BannerType>poster</BannerType>
  <BannerType2>680x1000</BannerType2>
  <Language>en</Language>
  <Rating></Rating>
  <RatingCount>0</RatingCount>
</Banner>
<Banner>
  <id>326211</id>
  <BannerPath>posters/94801-3.jpg</BannerPath>
  <BannerType>poster</BannerType>
  <BannerType2>680x1000</BannerType2>
  <Language>en</Language>
  <Rating></Rating>
  <RatingCount>0</RatingCount>
</Banner>
<Banner>
  <id>880526</id>
  <BannerPath>seasons/94801-2-3.jpg</BannerPath>
  <BannerType>season</BannerType>
  <BannerType2>season</BannerType2>
  <Language>en</Language>
  <Rating>10.0000</Rating>
  <RatingCount>1</RatingCount>
  <Season>2</Season>
</Banner>
<Banner>
  <id>338131</id>
  <BannerPath>seasons/94801-1-4.jpg</BannerPath>
  <BannerType>season</BannerType>
  <BannerType2>season</BannerType2>
  <Language>en</Language>
  <Rating>8.0000</Rating>
  <RatingCount>4</RatingCount>
  <Season>1</Season>
</Banner>
<Banner>
  <id>504111</id>
  <BannerPath>seasons/94801-1.jpg</BannerPath>
  <BannerType>season</BannerType>
  <BannerType2>season</BannerType2>
  <Language>en</Language>
  <Rating>7.0000</Rating>
  <RatingCount>3</RatingCount>
  <Season>1</Season>
</Banner>
<Banner>
  <id>679431</id>
  <BannerPath>seasons/94801-2.jpg</BannerPath>
  <BannerType>season</BannerType>
  <BannerType2>season</BannerType2>
  <Language>en</Language>
  <Rating>6.6667</Rating>
  <RatingCount>3</RatingCount>
  <Season>2</Season>
</Banner>
<Banner>
  <id>830681</id>
  <BannerPath>seasons/94801-1-2.jpg</BannerPath>
  <BannerType>season</BannerType>
  <BannerType2>season</BannerType2>
  <Language>ru</Language>
  <Rating></Rating>
  <RatingCount>0</RatingCount>
  <Season>1</Season>
</Banner>
<Banner>
  <id>696521</id>
  <BannerPath>seasons/94801-2-2.jpg</BannerPath>
  <BannerType>season</BannerType>
  <BannerType2>season</BannerType2>
  <Language>ru</Language>
  <Rating></Rating>
  <RatingCount>0</RatingCount>
  <Season>2</Season>
</Banner>
<Banner>
  <id>685711</id>
  <BannerPath>graphical/94801-g8.jpg</BannerPath>
  <BannerType>series</BannerType>
  <BannerType2>graphical</BannerType2>
  <Language>en</Language>
  <Rating>9.7500</Rating>
  <RatingCount>4</RatingCount>
</Banner>
<Banner>
  <id>336521</id>
  <BannerPath>graphical/94801-g3.jpg</BannerPath>
  <BannerType>series</BannerType>
  <BannerType2>graphical</BannerType2>
  <Language>en</Language>
  <Rating>8.5714</Rating>
  <RatingCount>7</RatingCount>
</Banner>
<Banner>
  <id>553411</id>
  <BannerPath>graphical/94801-g5.jpg</BannerPath>
  <BannerType>series</BannerType>
  <BannerType2>graphical</BannerType2>
  <Language>en</Language>
  <Rating>6.3333</Rating>
  <RatingCount>3</RatingCount>
</Banner>
<Banner>
  <id>685851</id>
  <BannerPath>graphical/94801-g9.jpg</BannerPath>
  <BannerType>series</BannerType>
  <BannerType2>graphical</BannerType2>
  <Language>en</Language>
  <Rating>6.0000</Rating>
  <RatingCount>4</RatingCount>
</Banner>
<Banner>
  <id>434611</id>
  <BannerPath>graphical/94801-g4.jpg</BannerPath>
  <BannerType>series</BannerType>
  <BannerType2>graphical</BannerType2>
  <Language>en</Language>
  <Rating>5.0000</Rating>
  <RatingCount>3</RatingCount>
</Banner>
<Banner>
  <id>224041</id>
  <BannerPath>graphical/94801-g.jpg</BannerPath>
  <BannerType>series</BannerType>
  <BannerType2>graphical</BannerType2>
  <Language>en</Language>
  <Rating>4.6667</Rating>
  <RatingCount>3</RatingCount>
</Banner>
<Banner>
  <id>224061</id>
  <BannerPath>graphical/94801-g2.jpg</BannerPath>
  <BannerType>series</BannerType>
  <BannerType2>graphical</BannerType2>
  <Language>en</Language>
  <Rating>3.0000</Rating>
  <RatingCount>1</RatingCount>
</Banner>
<Banner>
  <id>685121</id>
  <BannerPath>graphical/94801-g6.jpg</BannerPath>
  <BannerType>series</BannerType>
  <BannerType2>graphical</BannerType2>
  <Language>en</Language>
  <Rating>2.0000</Rating>
  <RatingCount>1</RatingCount>
</Banner>
<Banner>
  <id>934987</id>
  <BannerPath>graphical/94801-g10.jpg</BannerPath>
  <BannerType>series</BannerType>
  <BannerType2>graphical</BannerType2>
  <Language>hu</Language>
  <Rating></Rating>
  <RatingCount>0</RatingCount>
</Banner>
<Banner>
  <id>685691</id>
  <BannerPath>graphical/94801-g7.jpg</BannerPath>
  <BannerType>series</BannerType>
  <BannerType2>graphical</BannerType2>
  <Language>en</Language>
  <Rating></Rating>
  <RatingCount>0</RatingCount>
</Banner>
</Banners>