<?xml version="1.0" encoding="UTF-8" ?>
<Data><Series>
  <id>94801</id>
  <Actors>|Mark Valley|Chi McBride|Jackie Earle Haley|Janet Montgomery|Indira Varma|</Actors>
  <Airs_DayOfWeek>Wednesday</Airs_DayOfWeek>
  <Airs_Time>8:00 PM</Airs_Time>
  <ContentRating>TV-14</ContentRating>
  <FirstAired>2010-01-17</FirstAired>
  <Genre>|Drama|</Genre>
  <IMDB_ID>tt1439741</IMDB_ID>
  <Language>en</Language>
  <Network>FOX</Network>
  <NetworkID></NetworkID>
  <Overview>It takes a brave, selfless man to make himself a &quot;human target&quot; in order to save the lives of those in danger. Christopher Chance is a unique private security guard hired to protect. Call him what you like, because for Chance, it's about one thing only: saving his clients' lives. He puts himself directly in the line of fire as he races against time to save his client, while unraveling the truth behind the mission. With every new danger, Chance's dark history will also unravel. Does anyone know who Christopher Chance really is, or what secrets lay buried in his past? What would make a man willingly become a human target?</Overview>
  <Rating>8.5</Rating>
  <RatingCount>92</RatingCount>
  <Runtime>60</Runtime>
  <SeriesID>76613</SeriesID>
  <SeriesName>Human Target (2010)</SeriesName>
  <Status>Ended</Status>
  <added>2009-05-18 10:51:00</added>
  <addedBy>5664</addedBy>
  <banner>graphical/94801-g8.jpg</banner>
  <fanart>fanart/original/94801-18.jpg</fanart>
  <lastupdated>1364565846</lastupdated>
  <poster>posters/94801-1.jpg</poster>
  <zap2it_id>SH01157726</zap2it_id>
</Series>
<Episode>
  <id>4031211</id>
  <Combined_episodenumber>1</Combined_episodenumber>
  <Combined_season>0</Combined_season>
  <DVD_chapter></DVD_chapter>
  <DVD_discid></DVD_discid>
  <DVD_episodenumber></DVD_episodenumber>
  <DVD_season></DVD_season>
  <Director></Director>
  <EpImgFlag>2</EpImgFlag>
  <EpisodeName>Confidential Informant</EpisodeName>
  <EpisodeNumber>1</EpisodeNumber>
  <FirstAired></FirstAired>
  <GuestStars></GuestStars>
  <IMDB_ID></IMDB_ID>
  <Language>en</Language>
  <Overview>A featurette that talks about adapting the comic books to television, the changes that were made in the adaptation process, the core characters.
</Overview>
  <ProductionCode></ProductionCode>
  <Rating></Rating>
  <RatingCount>0</RatingCount>
  <SeasonNumber>0</SeasonNumber>
  <Writer></Writer>
  <absolute_number></absolute_number>
  <airsafter_season>1</airsafter_season>
  <airsbefore_episode></airsbefore_episode>
  <airsbefore_season></airsbefore_season>
  <filename>episodes/94801/4031211.jpg</filename>
  <lastupdated>1321393557</lastupdated>
  <seasonid>66761</seasonid>
  <seriesid>94801</seriesid>
</Episode>
<Episode>
  <id>4031221</id>
  <Combined_episodenumber>2</Combined_episodenumber>
  <Combined_season>0</Combined_season>
  <DVD_chapter></DVD_chapter>
  <DVD_discid></DVD_discid>
  <DVD_episodenumber></DVD_episodenumber>
  <DVD_season></DVD_season>
  <Director></Director>
  <EpImgFlag>2</EpImgFlag>
  <EpisodeName>Full Contact Television</EpisodeName>
  <EpisodeNumber>2</EpisodeNumber>
  <FirstAired></FirstAired>
  <GuestStars></GuestStars>
  <IMDB_ID></IMDB_ID>
  <Language>en</Language>
  <Overview>A featurette on the action/stunts.</Overview>
  <ProductionCode></ProductionCode>
  <Rating></Rating>
  <RatingCount>0</RatingCount>
  <SeasonNumber>0</SeasonNumber>
  <Writer></Writer>
  <absolute_number></absolute_number>
  <airsafter_season>1</airsafter_season>
  <airsbefore_episode></airsbefore_episode>
  <airsbefore_season></airsbefore_season>
  <filename>episodes/94801/4031221.jpg</filename>
  <lastupdated>1321393563</lastupdated>
  <seasonid>66761</seasonid>
  <seriesid>94801</seriesid>
</Episode>
<Episode>
  <id>4031231</id>
  <Combined_episodenumber>3</Combined_episodenumber>
  <Combined_season>0</Combined_season>
  <DVD_chapter></DVD_chapter>
  <DVD_discid></DVD_discid>
  <DVD_episodenumber></DVD_episodenumber>
  <DVD_season></DVD_season>
  <Director></Director>
  <EpImgFlag>2</EpImgFlag>
  <EpisodeName>Embassy Row: Deleted Scene 1</EpisodeName>
  <EpisodeNumber>3</EpisodeNumber>
  <FirstAired></FirstAired>
  <GuestStars></GuestStars>
  <IMDB_ID></IMDB_ID>
  <Language>en</Language>
  <Overview></Overview>
  <ProductionCode></ProductionCode>
  <Rating></Rating>
  <RatingCount>0</RatingCount>
  <SeasonNumber>0</SeasonNumber>
  <Writer></Writer>
  <absolute_number></absolute_number>
  <airsafter_season></airsafter_season>
  <airsbefore_episode>4</airsbefore_episode>
  <airsbefore_season>1</airsbefore_season>
  <filename>episodes/94801/4031231.jpg</filename>
  <lastupdated>1321393479</lastupdated>
  <seasonid>66761</seasonid>
  <seriesid>94801</seriesid>
</Episode>
<Episode>
  <id>4031241</id>
  <Combined_episodenumber>4</Combined_episodenumber>
  <Combined_season>0</Combined_season>
  <DVD_chapter></DVD_chapter>
  <DVD_discid></DVD_discid>
  <DVD_episodenumber></DVD_episodenumber>
  <DVD_season></DVD_season>
  <Director></Director>
  <EpImgFlag>2</EpImgFlag>
  <EpisodeName>Embassy Row: Deleted Scene 2</EpisodeName>
  <EpisodeNumber>4</EpisodeNumber>
  <FirstAired></FirstAired>
  <GuestStars></GuestStars>
  <IMDB_ID></IMDB_ID>
  <Language>en</Language>
  <Overview></Overview>
  <ProductionCode></ProductionCode>
  <Rating></Rating>
  <RatingCount>0</RatingCount>
  <SeasonNumber>0</SeasonNumber>
  <Writer></Writer>
  <absolute_number></absolute_number>
  <airsafter_season></airsafter_season>
  <airsbefore_episode>4</airsbefore_episode>
  <airsbefore_season>1</airsbefore_season>
  <filename>episodes/94801/4031241.jpg</filename>
  <lastupdated>1321393485</lastupdated>
  <seasonid>66761</seasonid>
  <seriesid>94801</seriesid>
</Episode>
<Episode>
  <id>4031251</id>
  <Combined_episodenumber>5</Combined_episodenumber>
  <Combined_season>0</Combined_season>
  <DVD_chapter></DVD_chapter>
  <DVD_discid></DVD_discid>
  <DVD_episodenumber></DVD_episodenumber>
  <DVD_season></DVD_season>
  <Director></Director>
  <EpImgFlag>2</EpImgFlag>
  <EpisodeName>Sanctuary: Deleted Scene</EpisodeName>
  <EpisodeNumber>5</EpisodeNumber>
  <FirstAired></FirstAired>
  <GuestStars></GuestStars>
  <IMDB_ID></IMDB_ID>
  <Language>en</Language>
  <Overview></Overview>
  <ProductionCode></ProductionCode>
  <Rating></Rating>
  <RatingCount>0</RatingCount>
  <SeasonNumber>0</SeasonNumber>
  <Writer></Writer>
  <absolute_number></absolute_number>
  <airsafter_season></airsafter_season>
  <airsbefore_episode>5</airsbefore_episode>
  <airsbefore_season>1</airsbefore_season>
  <filename>episodes/94801/4031251.jpg</filename>
  <lastupdated>1321393531</lastupdated>
  <seasonid>66761</seasonid>
  <seriesid>94801</seriesid>
</Episode>
<Episode>
  <id>4031261</id>
  <Combined_episodenumber>6</Combined_episodenumber>
  <Combined_season>0</Combined_season>
  <DVD_chapter></DVD_chapter>
  <DVD_discid></DVD_discid>
  <DVD_episodenumber></DVD_episodenumber>
  <DVD_season></DVD_season>
  <Director></Director>
  <EpImgFlag>2</EpImgFlag>
  <EpisodeName>Christopher Chance: Deleted Scene 1</EpisodeName>
  <EpisodeNumber>6</EpisodeNumber>
  <FirstAired></FirstAired>
  <GuestStars></GuestStars>
  <IMDB_ID></IMDB_ID>
  <Language>en</Language>
  <Overview></Overview>
  <ProductionCode></ProductionCode>
  <Rating></Rating>
  <RatingCount>0</RatingCount>
  <SeasonNumber>0</SeasonNumber>
  <Writer></Writer>
  <absolute_number></absolute_number>
  <airsafter_season>1</airsafter_season>
  <airsbefore_episode></airsbefore_episode>
  <airsbefore_season></airsbefore_season>
  <filename>episodes/94801/4031261.jpg</filename>
  <lastupdated>1321393544</lastupdated>
  <seasonid>66761</seasonid>
  <seriesid>94801</seriesid>
</Episode>
<Episode>
  <id>4031271</id>
  <Combined_episodenumber>7</Combined_episodenumber>
  <Combined_season>0</Combined_season>
  <DVD_chapter></DVD_chapter>
  <DVD_discid></DVD_discid>
  <DVD_episodenumber></DVD_episodenumber>
  <DVD_season></DVD_season>
  <Director></Director>
  <EpImgFlag>2</EpImgFlag>
  <EpisodeName>Christopher Chance: Deleted Scene 2</EpisodeName>
  <EpisodeNumber>7</EpisodeNumber>
  <FirstAired></FirstAired>
  <GuestStars></GuestStars>
  <IMDB_ID></IMDB_ID>
  <Language>en</Language>
  <Overview></Overview>
  <ProductionCode></ProductionCode>
  <Rating></Rating>
  <RatingCount>0</RatingCount>
  <SeasonNumber>0</SeasonNumber>
  <Writer></Writer>
  <absolute_number></absolute_number>
  <airsafter_season></airsafter_season>
  <airsbefore_episode></airsbefore_episode>
  <airsbefore_season></airsbefore_season>
  <filename>episodes/94801/4031271.jpg</filename>
  <lastupdated>1301676225</lastupdated>
  <seasonid>66761</seasonid>
  <seriesid>94801</seriesid>
</Episode>
<Episode>
  <id>4205195</id>
  <Combined_episodenumber>8</Combined_episodenumber>
  <Combined_season>0</Combined_season>
  <DVD_chapter></DVD_chapter>
  <DVD_discid></DVD_discid>
  <DVD_episodenumber></DVD_episodenumber>
  <DVD_season></DVD_season>
  <Director></Director>
  <EpImgFlag></EpImgFlag>
  <EpisodeName>Embassy Row: Deleted Scene 3</EpisodeName>
  <EpisodeNumber>8</EpisodeNumber>
  <FirstAired></FirstAired>
  <GuestStars></GuestStars>
  <IMDB_ID></IMDB_ID>
  <Language>en</Language>
  <Overview></Overview>
  <ProductionCode></ProductionCode>
  <Rating>9.0</Rating>
  <RatingCount>1</RatingCount>
  <SeasonNumber>0</SeasonNumber>
  <Writer></Writer>
  <absolute_number></absolute_number>
  <airsafter_season></airsafter_season>
  <airsbefore_episode>4</airsbefore_episode>
  <airsbefore_season>1</airsbefore_season>
  <filename></filename>
  <lastupdated>1321393496</lastupdated>
  <seasonid>66761</seasonid>
  <seriesid>94801</seriesid>
</Episode>
<Episode>
  <id>4205196</id>
  <Combined_episodenumber>9</Combined_episodenumber>
  <Combined_season>0</Combined_season>
  <DVD_chapter></DVD_chapter>
  <DVD_discid></DVD_discid>
  <DVD_episodenumber></DVD_episodenumber>
  <DVD_season></DVD_season>
  <Director></Director>
  <EpImgFlag></EpImgFlag>
  <EpisodeName>Run: Deleted Scene </EpisodeName>
  <EpisodeNumber>9</EpisodeNumber>
  <FirstAired></FirstAired>
  <GuestStars></GuestStars>
  <IMDB_ID></IMDB_ID>
  <Language>en</Language>
  <Overview></Overview>
  <ProductionCode></ProductionCode>
  <Rating></Rating>
  <RatingCount>0</RatingCount>
  <SeasonNumber>0</SeasonNumber>
  <Writer></Writer>
  <absolute_number></absolute_number>
  <airsafter_season></airsafter_season>
  <airsbefore_episode>6</airsbefore_episode>
  <airsbefore_season>1</airsbefore_season>
  <filename></filename>
  <lastupdated>1321393453</lastupdated>
  <seasonid>66761</seasonid>
  <seriesid>94801</seriesid>
</Episode>
<Episode>
  <id>658661</id>
  <Combined_episodenumber>1.0</Combined_episodenumber>
  <Combined_season>1</Combined_season>
  <DVD_chapter></DVD_chapter>
  <DVD_discid></DVD_discid>
  <DVD_episodenumber>1.0</DVD_episodenumber>
  <DVD_season>1</DVD_season>
  <Director>Simon West</Director>
  <EpImgFlag>2</EpImgFlag>
  <EpisodeName>Pilot</EpisodeName>
  <EpisodeNumber>1</EpisodeNumber>
  <FirstAired>2010-01-15</FirstAired>
  <GuestStars>|Tricia Helfer|Mark Moses|David Meunier|Donnelly Rhodes|Adrian Hough|Michael St. John Smith|Danny Glover|Sean Allan|Artine Brown|Anna Cummer|Mike Desabrais|Keith Gordey|Toshi Haraguchi|Adrian Holmes|Roy Hunter|P. Lynn Johnson|Hiro Kanagawa|Peter Kent|</GuestStars>
  <IMDB_ID>tt1523746</IMDB_ID>
  <Language>en</Language>
  <Overview>Christopher Chance is hired to protect the engineer of California's first bullet train as it makes its maiden voyage from Los Angeles to San Francisco.</Overview>
  <ProductionCode>296758</ProductionCode>
  <Rating>7.1</Rating>
  <RatingCount>72</RatingCount>
  <SeasonNumber>1</SeasonNumber>
  <Writer>Jonathan E. Steinberg</Writer>
  <absolute_number>1</absolute_number>
  <filename>episodes/94801/658661.jpg</filename>
  <lastupdated>1357846185</lastupdated>
  <seasonid>66771</seasonid>
  <seriesid>94801</seriesid>
</Episode>
<Episode>
  <id>1261701</id>
  <Combined_episodenumber>2.0</Combined_episodenumber>
  <Combined_season>1</Combined_season>
  <DVD_chapter></DVD_chapter>
  <DVD_discid></DVD_discid>
  <DVD_episodenumber>2.0</DVD_episodenumber>
  <DVD_season>1</DVD_season>
  <Director>Steve Boyum</Director>
  <EpImgFlag>2</EpImgFlag>
  <EpisodeName>Rewind</EpisodeName>
  <EpisodeNumber>2</EpisodeNumber>
  <FirstAired>2010-01-18</FirstAired>
  <GuestStars>|Courtney Ford|Ali Liebert|Julian Christopher|Alessandro Juliani|David Nykl|Chad Riley|Sean O. Roberts|Justin Sain|John Sampson|Tobias Slezak|Sam Vincent|Robert Weiss|</GuestStars>
  <IMDB_ID>tt1584355</IMDB_ID>
  <Language>en</Language>
  <Overview>Chance and Winston encounter some severe turbulence when they work together to protect a client they have never met from an assassin aboard a passenger plane.</Overview>
  <ProductionCode>2J5154</ProductionCode>
  <Rating>7.2</Rating>
  <RatingCount>67</RatingCount>
  <SeasonNumber>1</SeasonNumber>
  <Writer>Robert Levine</Writer>
  <absolute_number></absolute_number>
  <filename>episodes/94801/1261701.jpg</filename>
  <lastupdated>1357846475</lastupdated>
  <seasonid>66771</seasonid>
  <seriesid>94801</seriesid>
</Episode>
<Episode>
  <id>1261681</id>
  <Combined_episodenumber>3.0</Combined_episodenumber>
  <Combined_season>1</Combined_season>
  <DVD_chapter></DVD_chapter>
  <DVD_discid></DVD_discid>
  <DVD_episodenumber>3.0</DVD_episodenumber>
  <DVD_season>1</DVD_season>
  <Director>Steve Boyum</Director>
  <EpImgFlag>2</EpImgFlag>
  <EpisodeName>Embassy Row</EpisodeName>
  <EpisodeNumber>3</EpisodeNumber>
  <FirstAired>2010-01-25</FirstAired>
  <GuestStars>|Sean Maher|Emmanuelle Vaugier|Aleks Paunovic|Alex Fernandez|Biski Gugushe|Terry Howson|Adrian Hughes|Tyler McClendon|Barry Nerling|Doreen Ramus|Claire Smithies|</GuestStars>
  <IMDB_ID>tt1519000</IMDB_ID>
  <Language>en</Language>
  <Overview>Chance races against time and crashes a black-tie affair at the Russian Embassy to find a friend's killer. As he becomes embroiled in an international arms deal, he meets his match in a beautiful female counterpart.</Overview>
  <ProductionCode>2J5512</ProductionCode>
  <Rating>7.4</Rating>
  <RatingCount>59</RatingCount>
  <SeasonNumber>1</SeasonNumber>
  <Writer>|Matthew Federman|Stephen Scaia|</Writer>
  <absolute_number></absolute_number>
  <filename>episodes/94801/1261681.jpg</filename>
  <lastupdated>1357846517</lastupdated>
  <seasonid>66771</seasonid>
  <seriesid>94801</seriesid>
</Episode>
<Episode>
  <id>1261711</id>
  <Combined_episodenumber>4.0</Combined_episodenumber>
  <Combined_season>1</Combined_season>
  <DVD_chapter></DVD_chapter>
  <DVD_discid></DVD_discid>
  <DVD_episodenumber>4.0</DVD_episodenumber>
  <DVD_season>1</DVD_season>
  <Director>Sanford Bookstaver</Director>
  <EpImgFlag>2</EpImgFlag>
  <EpisodeName>Sanctuary</EpisodeName>
  <EpisodeNumber>4</EpisodeNumber>
  <FirstAired>2010-02-01</FirstAired>
  <GuestStars>|Sam Huntington|William Mapother|Peter Bryant|Nickolas Baric|Toby Berner|Teach Grant|Adrian Hein|Tom Tasse|Michael Ryan|Christian Sloan|Sarah Smyth|Merwin Mondesir|</GuestStars>
  <IMDB_ID>tt1559710</IMDB_ID>
  <Language>en</Language>
  <Overview>Chance needs a miracle to help protect a reformed thief from his vengeful former accomplices as they race to recover priceless religious artifacts hidden in a remote Canadian monastery.</Overview>
  <ProductionCode>2J5155</ProductionCode>
  <Rating>7.6</Rating>
  <RatingCount>51</RatingCount>
  <SeasonNumber>1</SeasonNumber>
  <Writer>Kalinda Vazquez</Writer>
  <absolute_number></absolute_number>
  <filename>episodes/94801/1261711.jpg</filename>
  <lastupdated>1357846551</lastupdated>
  <seasonid>66771</seasonid>
  <seriesid>94801</seriesid>
</Episode>
<Episode>
  <id>1546181</id>
  <Combined_episodenumber>5.0</Combined_episodenumber>
  <Combined_season>1</Combined_season>
  <DVD_chapter></DVD_chapter>
  <DVD_discid></DVD_discid>
  <DVD_episodenumber>5.0</DVD_episodenumber>
  <DVD_season>1</DVD_season>
  <Director>Kevin Hooks</Director>
  <EpImgFlag>2</EpImgFlag>
  <EpisodeName>Run</EpisodeName>
  <EpisodeNumber>5</EpisodeNumber>
  <FirstAired>2010-02-08</FirstAired>
  <GuestStars>|Kristin Lehman|Chris Mulkey|William B. Davis|Dylan Neal|BJ Harrison|Andrew Hedge|Jay Lewyn|Henry Mah|Brandon Jay McLaren|Gardiner Millar|Shaun Omaid|Ted Whittall|</GuestStars>
  <IMDB_ID>tt1523747</IMDB_ID>
  <Language>en</Language>
  <Overview>Chance is hired to protect a district attorney who is running from her family's past and marked for murder because of her investigation into an organized crime family.</Overview>
  <ProductionCode>2J5151</ProductionCode>
  <Rating>7.8</Rating>
  <RatingCount>50</RatingCount>
  <SeasonNumber>1</SeasonNumber>
  <Writer>Jonathan E. Steinberg</Writer>
  <absolute_number></absolute_number>
  <filename>episodes/94801/1546181.jpg</filename>
  <lastupdated>1357846573</lastupdated>
  <seasonid>66771</seasonid>
  <seriesid>94801</seriesid>
</Episode>
<Episode>
  <id>1261721</id>
  <Combined_episodenumber>6.0</Combined_episodenumber>
  <Combined_season>1</Combined_season>
  <DVD_chapter></DVD_chapter>
  <DVD_discid></DVD_discid>
  <DVD_episodenumber>6.0</DVD_episodenumber>
  <DVD_season>1</DVD_season>
  <Director>Jon Cassar</Director>
  <EpImgFlag>2</EpImgFlag>
  <EpisodeName>Lockdown</EpisodeName>
  <EpisodeNumber>6</EpisodeNumber>
  <FirstAired>2010-02-15</FirstAired>
  <GuestStars>|Kevin Weisman|Autumn Reeser|Garcelle Beauvais|Zak Santiago|Mitch Pileggi|Fraser Aitcheson|Raymond Chan|Dean McKenzie|Sylvesta Stuart|Lee Tichon|Cameron K. Smith|</GuestStars>
  <IMDB_ID>tt1563610</IMDB_ID>
  <Language>en</Language>
  <Overview>Chance must break in then break out of the maximum-security high-rise headquarters of a weapons manufacturer when he is hired to rescue a genius engineer who is held prisoner by his murderous employers.</Overview>
  <ProductionCode>2J5156</ProductionCode>
  <Rating>7.9</Rating>
  <RatingCount>59</RatingCount>
  <SeasonNumber>1</SeasonNumber>
  <Writer>Josh Schaer</Writer>
  <absolute_number></absolute_number>
  <filename>episodes/94801/1261721.jpg</filename>
  <lastupdated>1357846591</lastupdated>
  <seasonid>66771</seasonid>
  <seriesid>94801</seriesid>
</Episode>
<Episode>
  <id>1316981</id>
  <Combined_episodenumber>7.0</Combined_episodenumber>
  <Combined_season>1</Combined_season>
  <DVD_chapter></DVD_chapter>
  <DVD_discid></DVD_discid>
  <DVD_episodenumber>7.0</DVD_episodenumber>
  <DVD_season>1</DVD_season>
  <Director>Bryan Spicer</Director>
  <EpImgFlag>2</EpImgFlag>
  <EpisodeName>Salvage &amp; Reclamation</EpisodeName>
  <EpisodeNumber>7</EpisodeNumber>
  <FirstAired>2010-03-07</FirstAired>
  <GuestStars>|Leonor Varela|Kris Marshall|Bruce Ramsay|Kim Coates|Tony Ali|Andy Canete|Diego Diablo Del Mar|Luis Javier|Noel Johansen|Frank Topol|José Vargas|</GuestStars>
  <IMDB_ID>tt1588034</IMDB_ID>
  <Language>en</Language>
  <Overview>Chance reunites with a fiery former flame when he is called to South America to rescue an archeologist whose discovery of a lost treasure makes him the target of a South American army and a deadly bounty hunter.</Overview>
  <ProductionCode>2J5157</ProductionCode>
  <Rating>7.6</Rating>
  <RatingCount>51</RatingCount>
  <SeasonNumber>1</SeasonNumber>
  <Writer>|Jonathan E. Steinberg|Robert Levine|</Writer>
  <absolute_number></absolute_number>
  <filename>episodes/94801/1316981.jpg</filename>
  <lastupdated>1357846611</lastupdated>
  <seasonid>66771</seasonid>
  <seriesid>94801</seriesid>
</Episode>
<Episode>
  <id>1558321</id>
  <Combined_episodenumber>8.0</Combined_episodenumber>
  <Combined_season>1</Combined_season>
  <DVD_chapter></DVD_chapter>
  <DVD_discid></DVD_discid>
  <DVD_episodenumber>8.0</DVD_episodenumber>
  <DVD_season>1</DVD_season>
  <Director>Paul A. Edwards</Director>
  <EpImgFlag>2</EpImgFlag>
  <EpisodeName>Baptiste</EpisodeName>
  <EpisodeNumber>8</EpisodeNumber>
  <FirstAired>2010-03-14</FirstAired>
  <GuestStars>|Emmanuelle Vaugier|Autumn Reeser|Samantha Ferris|Lennie James|Eric Breker|Trevor Carroll|D. Harlan Cutshall|Herbert Duncanson|Serge Houde|Kasey Kieler|Donny James Lucas|Todd Charles Mosher|</GuestStars>
  <IMDB_ID>tt1597384</IMDB_ID>
  <Language>en</Language>
  <Overview>Chance's past comes into focus when he recruits FBI Agent Emma Barnes to help him stop his former partner from assassinating a visiting foreign dignitary. Meanwhile, Guerrero tests out a familiar face as a new recruit to the team.</Overview>
  <ProductionCode>2J5158</ProductionCode>
  <Rating>8.1</Rating>
  <RatingCount>58</RatingCount>
  <SeasonNumber>1</SeasonNumber>
  <Writer>Stephen Scaia</Writer>
  <absolute_number></absolute_number>
  <filename>episodes/94801/1558321.jpg</filename>
  <lastupdated>1357846632</lastupdated>
  <seasonid>66771</seasonid>
  <seriesid>94801</seriesid>
</Episode>
<Episode>
  <id>1261691</id>
  <Combined_episodenumber>9.0</Combined_episodenumber>
  <Combined_season>1</Combined_season>
  <DVD_chapter></DVD_chapter>
  <DVD_discid></DVD_discid>
  <DVD_episodenumber>9.0</DVD_episodenumber>
  <DVD_season>1</DVD_season>
  <Director>Robert Levine</Director>
  <EpImgFlag>2</EpImgFlag>
  <EpisodeName>Corner Man</EpisodeName>
  <EpisodeNumber>9</EpisodeNumber>
  <FirstAired>2010-03-21</FirstAired>
  <GuestStars>|Dash Mihok|Grace Park|Kenneth Welsh|Peter Wingfield|Dan Payne|Rocky Anderson|Laurie Brunetti|Shohan Felber|Anthony Joseph|Ken Kirzinger|Andrew Kucharski|King Lau|</GuestStars>
  <IMDB_ID>tt1614686</IMDB_ID>
  <Language>en</Language>
  <Overview>Chance must protect a prize fighter on the run from a ruthless business man by entering a high-stakes underground fight league in Brussels.</Overview>
  <ProductionCode>2J5159</ProductionCode>
  <Rating>8.1</Rating>
  <RatingCount>53</RatingCount>
  <SeasonNumber>1</SeasonNumber>
  <Writer>Steve Boyum</Writer>
  <absolute_number></absolute_number>
  <filename>episodes/94801/1261691.jpg</filename>
  <lastupdated>1357846652</lastupdated>
  <seasonid>66771</seasonid>
  <seriesid>94801</seriesid>
</Episode>
<Episode>
  <id>1581611</id>
  <Combined_episodenumber>10.0</Combined_episodenumber>
  <Combined_season>1</Combined_season>
  <DVD_chapter></DVD_chapter>
  <DVD_discid></DVD_discid>
  <DVD_episodenumber>10.0</DVD_episodenumber>
  <DVD_season>1</DVD_season>
  <Director>Kevin Hooks</Director>
  <EpImgFlag>2</EpImgFlag>
  <EpisodeName>Tanarak</EpisodeName>
  <EpisodeNumber>10</EpisodeNumber>
  <FirstAired>2010-03-28</FirstAired>
  <GuestStars>|Moon Bloodgood|Ty Olsson|Vincent Gale|Daniel Bacon|Kyra Harper|Hector Johnson|Rik Kiviaho|Steve Makaj|Angelo Renai|Craig Veroni|Peter Yunker|Charles Zuckermann|</GuestStars>
  <IMDB_ID>tt1526898</IMDB_ID>
  <Language>en</Language>
  <Overview>Chance travels to a remote Alaskan island to find a missing doctor and expose an industrial giant's involvement in the death of a mining foreman.</Overview>
  <ProductionCode>2J5153</ProductionCode>
  <Rating>7.6</Rating>
  <RatingCount>54</RatingCount>
  <SeasonNumber>1</SeasonNumber>
  <Writer>Michael Ostrowski</Writer>
  <absolute_number></absolute_number>
  <filename>episodes/94801/1581611.jpg</filename>
  <lastupdated>1357846669</lastupdated>
  <seasonid>66771</seasonid>
  <seriesid>94801</seriesid>
</Episode>
<Episode>
  <id>1798791</id>
  <Combined_episodenumber>11.0</Combined_episodenumber>
  <Combined_season>1</Combined_season>
  <DVD_chapter></DVD_chapter>
  <DVD_discid></DVD_discid>
  <DVD_episodenumber>11.0</DVD_episodenumber>
  <DVD_season>1</DVD_season>
  <Director>Paul Edwards</Director>
  <EpImgFlag>2</EpImgFlag>
  <EpisodeName>Victoria</EpisodeName>
  <EpisodeNumber>11</EpisodeNumber>
  <FirstAired>2010-04-04</FirstAired>
  <GuestStars>|Christina Cole|Erick Avari|Rey Valentin|Kavan Smith|Christopher Heyerdahl|Josh Blacker|Sean Carey|Jason Diablo|Patricia Drake|Mackenzie Gray|Singh Gruven|Marcus Hondro|Robert Lawrenson|Chris Moon|</GuestStars>
  <IMDB_ID>tt1603619</IMDB_ID>
  <Language>en</Language>
  <Overview>Chance is hired to protect a member of the British royal family whose decision to abdicate the throne for the love of a commoner has her marked for assassination.</Overview>
  <ProductionCode>HUM-111</ProductionCode>
  <Rating>7.4</Rating>
  <RatingCount>53</RatingCount>
  <SeasonNumber>1</SeasonNumber>
  <Writer>|Kalinda Vazquez|Sonny Postiglione|Zak Schwartz|</Writer>
  <absolute_number></absolute_number>
  <filename>episodes/94801/1798791.jpg</filename>
  <lastupdated>1357846690</lastupdated>
  <seasonid>66771</seasonid>
  <seriesid>94801</seriesid>
</Episode>
<Episode>
  <id>1798801</id>
  <Combined_episodenumber>12.0</Combined_episodenumber>
  <Combined_season>1</Combined_season>
  <DVD_chapter></DVD_chapter>
  <DVD_discid></DVD_discid>
  <DVD_episodenumber>12.0</DVD_episodenumber>
  <DVD_season>1</DVD_season>
  <Director>Steve Boyum</Director>
  <EpImgFlag>2</EpImgFlag>
  <EpisodeName>Christopher Chance</EpisodeName>
  <EpisodeNumber>12</EpisodeNumber>
  <FirstAired>2010-04-11</FirstAired>
  <GuestStars>|Armand Assante|Lee Majors|Amy Acker|Timothy Omundson|Lennie James|D. Garnet Harding|Anthony Harrison|Jarod Joseph|Fiona Vroom|</GuestStars>
  <IMDB_ID>tt1631580</IMDB_ID>
  <Language>en</Language>
  <Overview>In the season finale, Chance's old boss makes a move to bring him back into the fold, Chance, Winston, and Guerrero recall the events that led up to their unlikely partnership. Katherine, a woman from Chance's past, whose death drove him to adopt his current profession also appears. </Overview>
  <ProductionCode>HUM-112</ProductionCode>
  <Rating>7.8</Rating>
  <RatingCount>52</RatingCount>
  <SeasonNumber>1</SeasonNumber>
  <Writer>|Jonathan E. Steinberg|Robbie Thompson|</Writer>
  <absolute_number></absolute_number>
  <filename>episodes/94801/1798801.jpg</filename>
  <lastupdated>1357846712</lastupdated>
  <seasonid>66771</seasonid>
  <seriesid>94801</seriesid>
</Episode>
<Episode>
  <id>2447061</id>
  <Combined_episodenumber>1</Combined_episodenumber>
  <Combined_season>2</Combined_season>
  <DVD_chapter></DVD_chapter>
  <DVD_discid></DVD_discid>
  <DVD_episodenumber></DVD_episodenumber>
  <DVD_season></DVD_season>
  <Director>Steve Boyum</Director>
  <EpImgFlag>2</EpImgFlag>
  <EpisodeName>Ilsa Pucci</EpisodeName>
  <EpisodeNumber>1</EpisodeNumber>
  <FirstAired>2010-11-17</FirstAired>
  <GuestStars>|Rick Hoffman|Tahmoh Penikett|Timothy Omundson/Tony Ali|Lars Anderson|George Daburas|Michael Jonsson|Jarod Joseph|Thai-Hoa Le|Ecstasia Sanders|</GuestStars>
  <IMDB_ID></IMDB_ID>
  <Language>en</Language>
  <Overview>Picking up from the thrilling first season cliffhanger, Chance and Guererro stage a daring rescue of Winston from the hands of his torturous kidnappers. Two beautiful women join the team: billionaire philanthropist Ilsa Pucci, who fears for her life after the mysterious death of her husband, and Ames, a chameleon-like master thief who inadvertently becomes involved with the plot to murder her new associate.</Overview>
  <ProductionCode>201</ProductionCode>
  <Rating>8.0</Rating>
  <RatingCount>61</RatingCount>
  <SeasonNumber>2</SeasonNumber>
  <Writer>Matt Miller</Writer>
  <absolute_number></absolute_number>
  <filename>episodes/94801/2447061.jpg</filename>
  <lastupdated>1362179021</lastupdated>
  <seasonid>274161</seasonid>
  <seriesid>94801</seriesid>
</Episode>
<Episode>
  <id>2870691</id>
  <Combined_episodenumber>2</Combined_episodenumber>
  <Combined_season>2</Combined_season>
  <DVD_chapter></DVD_chapter>
  <DVD_discid></DVD_discid>
  <DVD_episodenumber></DVD_episodenumber>
  <DVD_season></DVD_season>
  <Director>Mimi Leder</Director>
  <EpImgFlag>3</EpImgFlag>
  <EpisodeName>The Wife's Tale</EpisodeName>
  <EpisodeNumber>2</EpisodeNumber>
  <FirstAired>2010-11-24</FirstAired>
  <GuestStars>|Molly Parker|M.C. Gainey|Dino Antoniou|Curtis Caravaggio|Adrian Hein|David Lyle|Robert O'Donnell|John Shaw|</GuestStars>
  <IMDB_ID>tt1654271</IMDB_ID>
  <Language>en</Language>
  <Overview>Chance is hired to protect the wife of a man he killed years earlier; Ames hopes to be taken under Guerrero's wing; Ilsa makes a shocking discovery.</Overview>
  <ProductionCode>2J5702</ProductionCode>
  <Rating>7.8</Rating>
  <RatingCount>59</RatingCount>
  <SeasonNumber>2</SeasonNumber>
  <Writer>|Andrea Newman|Zev Borow|</Writer>
  <absolute_number></absolute_number>
  <filename>episodes/94801/2870691.jpg</filename>
  <lastupdated>1362178975</lastupdated>
  <seasonid>274161</seasonid>
  <seriesid>94801</seriesid>
</Episode>
<Episode>
  <id>2871891</id>
  <Combined_episodenumber>3</Combined_episodenumber>
  <Combined_season>2</Combined_season>
  <DVD_chapter></DVD_chapter>
  <DVD_discid></DVD_discid>
  <DVD_episodenumber></DVD_episodenumber>
  <DVD_season></DVD_season>
  <Director>Paul A. Edwards</Director>
  <EpImgFlag>2</EpImgFlag>
  <EpisodeName>Taking Ames</EpisodeName>
  <EpisodeNumber>3</EpisodeNumber>
  <FirstAired>2010-12-01</FirstAired>
  <GuestStars>|Hakeem Kae-Kazim|JD Pardo|Mike Dopud|Douglas O'Keeffe|Dimitris Arvanitis|Adrian Formosa|Dee Jay Jackson|Tristan Jensen|Jean Paul Najm|Paul Tryl|</GuestStars>
  <IMDB_ID>tt1654272</IMDB_ID>
  <Language>en</Language>
  <Overview>Ames is drawn back into her old life of crime; Chance goes under cover as part of a gang attempting a diamond heist.</Overview>
  <ProductionCode>2J5703</ProductionCode>
  <Rating>8.0</Rating>
  <RatingCount>64</RatingCount>
  <SeasonNumber>2</SeasonNumber>
  <Writer>David Simkins</Writer>
  <absolute_number></absolute_number>
  <filename>episodes/94801/2871891.jpg</filename>
  <lastupdated>1362179067</lastupdated>
  <seasonid>274161</seasonid>
  <seriesid>94801</seriesid>
</Episode>
<Episode>
  <id>2895401</id>
  <Combined_episodenumber>4</Combined_episodenumber>
  <Combined_season>2</Combined_season>
  <DVD_chapter></DVD_chapter>
  <DVD_discid></DVD_discid>
  <DVD_episodenumber></DVD_episodenumber>
  <DVD_season></DVD_season>
  <Director>Bryan Spicer</Director>
  <EpImgFlag>3</EpImgFlag>
  <EpisodeName>The Return of Baptiste</EpisodeName>
  <EpisodeNumber>4</EpisodeNumber>
  <FirstAired>2010-12-08</FirstAired>
  <GuestStars>|Lennie James|Kathleen Duborg|Wendy Glenn|Cameron Daddo|Jorge Montesi|Timothy Paul Perez|Bojan Dulabic|Claude Duhamel|Derek Morrison|</GuestStars>
  <IMDB_ID>tt1654273</IMDB_ID>
  <Language>en</Language>
  <Overview>When Ilsa's friend is held hostage, Chance is forced to turn to the only person he knows that has the necessary information to help rescue her, but he is currently banished to a Russian prison and it is up to Chance to find a way to get in.</Overview>
  <ProductionCode>2J5704</ProductionCode>
  <Rating>7.7</Rating>
  <RatingCount>65</RatingCount>
  <SeasonNumber>2</SeasonNumber>
  <Writer>|Jonathan E. Steinberg|Robert Levine|</Writer>
  <absolute_number></absolute_number>
  <filename>episodes/94801/2895401.jpg</filename>
  <lastupdated>1362179107</lastupdated>
  <seasonid>274161</seasonid>
  <seriesid>94801</seriesid>
</Episode>
<Episode>
  <id>3199491</id>
  <Combined_episodenumber>5</Combined_episodenumber>
  <Combined_season>2</Combined_season>
  <DVD_chapter></DVD_chapter>
  <DVD_discid></DVD_discid>
  <DVD_episodenumber></DVD_episodenumber>
  <DVD_season></DVD_season>
  <Director>Paul A. Edwards</Director>
  <EpImgFlag>2</EpImgFlag>
  <EpisodeName>Dead Head</EpisodeName>
  <EpisodeNumber>5</EpisodeNumber>
  <FirstAired>2010-12-15</FirstAired>
  <GuestStars>|Roger Bart|Nick ChinlundTracie Thoms|Paul Andrich|Art Kitching|Colin Lawrence|Byron Noble|C. Douglas Quan|Christopher Rosamond|James Tyce|</GuestStars>
  <IMDB_ID>tt1654274</IMDB_ID>
  <Language>en</Language>
  <Overview>When Chance and the team help a client suffering from retrograde amnesia discover who he is and why someone is out to kill him, Winston is forced to ask his ex-wife for help.</Overview>
  <ProductionCode></ProductionCode>
  <Rating>7.6</Rating>
  <RatingCount>61</RatingCount>
  <SeasonNumber>2</SeasonNumber>
  <Writer>|Tom Spezialy|Lilla Zuckerman|Nora Zuckerman|Dan E. Fesman|</Writer>
  <absolute_number></absolute_number>
  <filename>episodes/94801/3199491.jpg</filename>
  <lastupdated>1362179141</lastupdated>
  <seasonid>274161</seasonid>
  <seriesid>94801</seriesid>
</Episode>
<Episode>
  <id>3251591</id>
  <Combined_episodenumber>6</Combined_episodenumber>
  <Combined_season>2</Combined_season>
  <DVD_chapter></DVD_chapter>
  <DVD_discid></DVD_discid>
  <DVD_episodenumber></DVD_episodenumber>
  <DVD_season></DVD_season>
  <Director>Peter Lauer</Director>
  <EpImgFlag>2</EpImgFlag>
  <EpisodeName>The Other Side of the Mall</EpisodeName>
  <EpisodeNumber>6</EpisodeNumber>
  <FirstAired>2010-12-22</FirstAired>
  <GuestStars>|John Michael Higgins|Rebecca McFarland|Taylor Boggan|David Orth|Chad Willett|Marie Avgeropoulos|Nickolas Baric|Michael Brock|Alexander Calvert|Brandon Cook|</GuestStars>
  <IMDB_ID></IMDB_ID>
  <Language>en</Language>
  <Overview>The team travels to a suburb during the holiday season as they go undercover to try and figure out why a seemingly innocent family was a target of a murder attempt.</Overview>
  <ProductionCode>2J5708</ProductionCode>
  <Rating>7.8</Rating>
  <RatingCount>56</RatingCount>
  <SeasonNumber>2</SeasonNumber>
  <Writer>Zev Borow</Writer>
  <absolute_number></absolute_number>
  <filename>episodes/94801/3251591.jpg</filename>
  <lastupdated>1364565527</lastupdated>
  <seasonid>274161</seasonid>
  <seriesid>94801</seriesid>
</Episode>
<Episode>
  <id>3297221</id>
  <Combined_episodenumber>7</Combined_episodenumber>
  <Combined_season>2</Combined_season>
  <DVD_chapter></DVD_chapter>
  <DVD_discid></DVD_discid>
  <DVD_episodenumber></DVD_episodenumber>
  <DVD_season></DVD_season>
  <Director>Guy Ferland</Director>
  <EpImgFlag>2</EpImgFlag>
  <EpisodeName>A Problem Like Maria</EpisodeName>
  <EpisodeNumber>7</EpisodeNumber>
  <FirstAired>2011-01-05</FirstAired>
  <GuestStars>|Leonor Varela|Darren Shahlavi|David Barrera|Caitlin Cromwell|Kevin Kazakoff|Mauricio Mercado|José Vargas|Anna Van Hooft|Jordi Caballero|</GuestStars>
  <IMDB_ID>tt1654276</IMDB_ID>
  <Language>en</Language>
  <Overview>Chance and Ilsa's partnership is tested when his former girlfriend requests his help to rescue a colleague of hers who is held captive by a South American dictator.</Overview>
  <ProductionCode>2J5706</ProductionCode>
  <Rating>7.7</Rating>
  <RatingCount>68</RatingCount>
  <SeasonNumber>2</SeasonNumber>
  <Writer>|Dan McDermott|Andrea Newman|</Writer>
  <absolute_number></absolute_number>
  <filename>episodes/94801/3297221.jpg</filename>
  <lastupdated>1364565563</lastupdated>
  <seasonid>274161</seasonid>
  <seriesid>94801</seriesid>
</Episode>
<Episode>
  <id>3297231</id>
  <Combined_episodenumber>8</Combined_episodenumber>
  <Combined_season>2</Combined_season>
  <DVD_chapter></DVD_chapter>
  <DVD_discid></DVD_discid>
  <DVD_episodenumber></DVD_episodenumber>
  <DVD_season></DVD_season>
  <Director>Steve Boyum</Director>
  <EpImgFlag>2</EpImgFlag>
  <EpisodeName>Communication Breakdown</EpisodeName>
  <EpisodeNumber>8</EpisodeNumber>
  <FirstAired>2011-01-05</FirstAired>
  <GuestStars>|Tony Hale|Jordi Caballero|Christian Tessier|</GuestStars>
  <IMDB_ID>tt1654270</IMDB_ID>
  <Language>en</Language>
  <Overview>Winston, Guerrero and Ames must save an inept private investigator when he blows his case making him a target.</Overview>
  <ProductionCode>2J5707</ProductionCode>
  <Rating>7.8</Rating>
  <RatingCount>65</RatingCount>
  <SeasonNumber>2</SeasonNumber>
  <Writer>Jonathan E. Steinberg</Writer>
  <absolute_number></absolute_number>
  <filename>episodes/94801/3297231.jpg</filename>
  <lastupdated>1364565611</lastupdated>
  <seasonid>274161</seasonid>
  <seriesid>94801</seriesid>
</Episode>
<Episode>
  <id>3335481</id>
  <Combined_episodenumber>9</Combined_episodenumber>
  <Combined_season>2</Combined_season>
  <DVD_chapter></DVD_chapter>
  <DVD_discid></DVD_discid>
  <DVD_episodenumber></DVD_episodenumber>
  <DVD_season></DVD_season>
  <Director>Steve Boyum</Director>
  <EpImgFlag>2</EpImgFlag>
  <EpisodeName>Imbroglio</EpisodeName>
  <EpisodeNumber>9</EpisodeNumber>
  <FirstAired>2011-01-14</FirstAired>
  <GuestStars>|Olga Sosnovska|Kendall Cross|Daren A. Herbert|Carlo Rota|Sarah Blondin|Eric Pollins|Anthony Shim|Michael Tiernan|Louis Paquette|</GuestStars>
  <IMDB_ID>tt1654278</IMDB_ID>
  <Language>en</Language>
  <Overview>Chance and Ilsa try to protect her sister-in-law when a hostage situation develops at the opera.</Overview>
  <ProductionCode>2J5709</ProductionCode>
  <Rating>7.6</Rating>
  <RatingCount>65</RatingCount>
  <SeasonNumber>2</SeasonNumber>
  <Writer>Robert Levine</Writer>
  <absolute_number></absolute_number>
  <filename>episodes/94801/3335481.jpg</filename>
  <lastupdated>1364565846</lastupdated>
  <seasonid>274161</seasonid>
  <seriesid>94801</seriesid>
</Episode>
<Episode>
  <id>3335491</id>
  <Combined_episodenumber>10</Combined_episodenumber>
  <Combined_season>2</Combined_season>
  <DVD_chapter></DVD_chapter>
  <DVD_discid></DVD_discid>
  <DVD_episodenumber></DVD_episodenumber>
  <DVD_season></DVD_season>
  <Director>Craig R. Baxley</Director>
  <EpImgFlag>2</EpImgFlag>
  <EpisodeName>Cool Hand Guerrero</EpisodeName>
  <EpisodeNumber>10</EpisodeNumber>
  <FirstAired>2011-01-14</FirstAired>
  <GuestStars>|James Remar|Bruce Dawson|John Cassini|Paul Lazenby|Kirby Morrow|Ian Robison|Juan Riedinger|John Stewart (XXIV)|Tiffani Timms|</GuestStars>
  <IMDB_ID>tt1654267</IMDB_ID>
  <Language>en</Language>
  <Overview>When Guerrero is framed for a friend's murder and ends up in jail, Chance is forced to break him out.</Overview>
  <ProductionCode>2J5710</ProductionCode>
  <Rating>8.0</Rating>
  <RatingCount>56</RatingCount>
  <SeasonNumber>2</SeasonNumber>
  <Writer>Matt Whitney</Writer>
  <absolute_number></absolute_number>
  <filename>episodes/94801/3335491.jpg</filename>
  <lastupdated>1319547295</lastupdated>
  <seasonid>274161</seasonid>
  <seriesid>94801</seriesid>
</Episode>
<Episode>
  <id>3466041</id>
  <Combined_episodenumber>11</Combined_episodenumber>
  <Combined_season>2</Combined_season>
  <DVD_chapter></DVD_chapter>
  <DVD_discid></DVD_discid>
  <DVD_episodenumber></DVD_episodenumber>
  <DVD_season></DVD_season>
  <Director>John Terlesky</Director>
  <EpImgFlag>2</EpImgFlag>
  <EpisodeName>Kill Bob</EpisodeName>
  <EpisodeNumber>11</EpisodeNumber>
  <FirstAired>2011-01-31</FirstAired>
  <GuestStars>|Todd Grinnell|Lauren German|Richard Zeman|Everick Golding|</GuestStars>
  <IMDB_ID>tt1654268</IMDB_ID>
  <Language>en</Language>
  <Overview>A husband hires the agency to protect him from a mysterious killer... who turns out to be his own wife, who is an undercover Russian spy. </Overview>
  <ProductionCode>2J5711</ProductionCode>
  <Rating>7.7</Rating>
  <RatingCount>64</RatingCount>
  <SeasonNumber>2</SeasonNumber>
  <Writer>Zev Borow</Writer>
  <absolute_number></absolute_number>
  <filename>episodes/94801/3466041.jpg</filename>
  <lastupdated>1313138256</lastupdated>
  <seasonid>274161</seasonid>
  <seriesid>94801</seriesid>
</Episode>
<Episode>
  <id>3466051</id>
  <Combined_episodenumber>12</Combined_episodenumber>
  <Combined_season>2</Combined_season>
  <DVD_chapter></DVD_chapter>
  <DVD_discid></DVD_discid>
  <DVD_episodenumber></DVD_episodenumber>
  <DVD_season></DVD_season>
  <Director>Peter Lauer</Director>
  <EpImgFlag>2</EpImgFlag>
  <EpisodeName>The Trouble With Harry</EpisodeName>
  <EpisodeNumber>12</EpisodeNumber>
  <FirstAired>2011-02-02</FirstAired>
  <GuestStars>|Tony Hale|Nicole Bilderback|Michael Mass|Adrian Holmes|Darren Bennett|Phil Carey|Joe Dall'Antonia|Mark Gash|</GuestStars>
  <IMDB_ID>tt1654269</IMDB_ID>
  <Language>en</Language>
  <Overview>Chance is reunited with Harry when he is hired to protect the girlfriend of a rival security agency owner. Meanwhile, Ilsa must go into the field on a mission for the first time, and two team members get closer than ever.
</Overview>
  <ProductionCode>2J5712</ProductionCode>
  <Rating>7.6</Rating>
  <RatingCount>60</RatingCount>
  <SeasonNumber>2</SeasonNumber>
  <Writer>|Jonathan E. Steinberg|Robert Levine|</Writer>
  <absolute_number></absolute_number>
  <filename>episodes/94801/3466051.jpg</filename>
  <lastupdated>1325841170</lastupdated>
  <seasonid>274161</seasonid>
  <seriesid>94801</seriesid>
</Episode>
<Episode>
  <id>3539501</id>
  <Combined_episodenumber>13</Combined_episodenumber>
  <Combined_season>2</Combined_season>
  <DVD_chapter></DVD_chapter>
  <DVD_discid></DVD_discid>
  <DVD_episodenumber></DVD_episodenumber>
  <DVD_season></DVD_season>
  <Director>David Barrett</Director>
  <EpImgFlag>2</EpImgFlag>
  <EpisodeName>Marshall Pucci</EpisodeName>
  <EpisodeNumber>13</EpisodeNumber>
  <FirstAired>2011-02-09</FirstAired>
  <GuestStars>|Emily Foxler|Jake Weber|Steven Brand|Hamza Adam|Marty Gage|Beatrice Ilg|Matthew Mandzij|Daniel Martin (XXVI)|Christopher Pearce|</GuestStars>
  <IMDB_ID>tt1821850</IMDB_ID>
  <Language>en</Language>
  <Overview>Chance’s investigation into Ilsa’s late husband’s past uncovers a web of deception and lies that may tear the team part forever.
</Overview>
  <ProductionCode></ProductionCode>
  <Rating>7.7</Rating>
  <RatingCount>65</RatingCount>
  <SeasonNumber>2</SeasonNumber>
  <Writer>|Heather Regnier|Matt Miller|</Writer>
  <absolute_number></absolute_number>
  <filename>episodes/94801/3539501.jpg</filename>
  <lastupdated>1325933991</lastupdated>
  <seasonid>274161</seasonid>
  <seriesid>94801</seriesid>
</Episode>
</Data>