<?xml version="1.0" encoding="UTF-8" ?>
<Actors>
<Actor>
  <id>73889</id>
  <Image>actors/73889.jpg</Image>
  <Name>Kevin McKidd</Name>
  <Role>Dan Vasser</Role>
  <SortOrder>0</SortOrder>
</Actor>
<Actor>
  <id>73893</id>
  <Image>actors/73893.jpg</Image>
  <Name>Gretchen Egolf</Name>
  <Role>Katie Vasser</Role>
  <SortOrder>2</SortOrder>
</Actor>
<Actor>
  <id>73891</id>
  <Image>actors/73891.jpg</Image>
  <Name>Moon Bloodgood</Name>
  <Role>Livia Beale</Role>
  <SortOrder>2</SortOrder>
</Actor>
<Actor>
  <id>73890</id>
  <Image>actors/73890.jpg</Image>
  <Name>Reed Diamond</Name>
  <Role>Jack Vasser</Role>
  <SortOrder>3</SortOrder>
</Actor>
</Actors>