<?xml version="1.0" encoding="UTF-8" ?>
<Banners>
<Banner>
  <id>93421</id>
  <BannerPath>fanart/original/80494-14.jpg</BannerPath>
  <BannerType>fanart</BannerType>
  <BannerType2>1280x720</BannerType2>
  <Colors></Colors>
  <Language>en</Language>
  <Rating>7.0000</Rating>
  <RatingCount>3</RatingCount>
  <SeriesName>true</SeriesName>
  <ThumbnailPath>_cache/fanart/original/80494-14.jpg</ThumbnailPath>
  <VignettePath>fanart/vignette/80494-14.jpg</VignettePath>
</Banner>
<Banner>
  <id>20360</id>
  <BannerPath>fanart/original/80494-5.jpg</BannerPath>
  <BannerType>fanart</BannerType>
  <BannerType2>1280x720</BannerType2>
  <Colors>|211,186,106|49,52,69|134,124,97|</Colors>
  <Language>en</Language>
  <Rating>5.5000</Rating>
  <RatingCount>2</RatingCount>
  <SeriesName>false</SeriesName>
  <ThumbnailPath>_cache/fanart/original/80494-5.jpg</ThumbnailPath>
  <VignettePath>fanart/vignette/80494-5.jpg</VignettePath>
</Banner>
<Banner>
  <id>20359</id>
  <BannerPath>fanart/original/80494-4.jpg</BannerPath>
  <BannerType>fanart</BannerType>
  <BannerType2>1280x720</BannerType2>
  <Colors>|237,228,221|54,76,100|165,164,143|</Colors>
  <Language>en</Language>
  <Rating>4.0000</Rating>
  <RatingCount>2</RatingCount>
  <SeriesName>false</SeriesName>
  <ThumbnailPath>_cache/fanart/original/80494-4.jpg</ThumbnailPath>
  <VignettePath>fanart/vignette/80494-4.jpg</VignettePath>
</Banner>
<Banner>
  <id>40065</id>
  <BannerPath>fanart/original/80494-13.jpg</BannerPath>
  <BannerType>fanart</BannerType>
  <BannerType2>1280x720</BannerType2>
  <Colors></Colors>
  <Language>en</Language>
  <Rating></Rating>
  <RatingCount>0</RatingCount>
  <SeriesName>false</SeriesName>
  <ThumbnailPath>_cache/fanart/original/80494-13.jpg</ThumbnailPath>
  <VignettePath>fanart/vignette/80494-13.jpg</VignettePath>
</Banner>
<Banner>
  <id>31288</id>
  <BannerPath>fanart/original/80494-9.jpg</BannerPath>
  <BannerType>fanart</BannerType>
  <BannerType2>1280x720</BannerType2>
  <Colors></Colors>
  <Language>en</Language>
  <Rating></Rating>
  <RatingCount>0</RatingCount>
  <SeriesName>false</SeriesName>
  <ThumbnailPath>_cache/fanart/original/80494-9.jpg</ThumbnailPath>
  <VignettePath>fanart/vignette/80494-9.jpg</VignettePath>
</Banner>
<Banner>
  <id>20358</id>
  <BannerPath>fanart/original/80494-3.jpg</BannerPath>
  <BannerType>fanart</BannerType>
  <BannerType2>1280x720</BannerType2>
  <Colors>|245,246,250|73,120,140|187,196,213|</Colors>
  <Language>en</Language>
  <Rating></Rating>
  <RatingCount>0</RatingCount>
  <SeriesName>false</SeriesName>
  <ThumbnailPath>_cache/fanart/original/80494-3.jpg</ThumbnailPath>
  <VignettePath>fanart/vignette/80494-3.jpg</VignettePath>
</Banner>
<Banner>
  <id>20334</id>
  <BannerPath>fanart/original/80494-2.jpg</BannerPath>
  <BannerType>fanart</BannerType>
  <BannerType2>1920x1080</BannerType2>
  <Colors>|190,187,194|98,113,132|229,205,177|</Colors>
  <Language>en</Language>
  <Rating></Rating>
  <RatingCount>0</RatingCount>
  <SeriesName>false</SeriesName>
  <ThumbnailPath>_cache/fanart/original/80494-2.jpg</ThumbnailPath>
  <VignettePath>fanart/vignette/80494-2.jpg</VignettePath>
</Banner>
<Banner>
  <id>20433</id>
  <BannerPath>fanart/original/80494-6.jpg</BannerPath>
  <BannerType>fanart</BannerType>
  <BannerType2>1280x720</BannerType2>
  <Colors></Colors>
  <Language>en</Language>
  <Rating></Rating>
  <RatingCount>0</RatingCount>
  <SeriesName>false</SeriesName>
  <ThumbnailPath>_cache/fanart/original/80494-6.jpg</ThumbnailPath>
  <VignettePath>fanart/vignette/80494-6.jpg</VignettePath>
</Banner>
<Banner>
  <id>20434</id>
  <BannerPath>fanart/original/80494-7.jpg</BannerPath>
  <BannerType>fanart</BannerType>
  <BannerType2>1280x720</BannerType2>
  <Colors>|252,230,128|38,31,38|167,119,57|</Colors>
  <Language>en</Language>
  <Rating></Rating>
  <RatingCount>0</RatingCount>
  <SeriesName>false</SeriesName>
  <ThumbnailPath>_cache/fanart/original/80494-7.jpg</ThumbnailPath>
  <VignettePath>fanart/vignette/80494-7.jpg</VignettePath>
</Banner>
<Banner>
  <id>40064</id>
  <BannerPath>fanart/original/80494-12.jpg</BannerPath>
  <BannerType>fanart</BannerType>
  <BannerType2>1280x720</BannerType2>
  <Colors></Colors>
  <Language>en</Language>
  <Rating></Rating>
  <RatingCount>0</RatingCount>
  <SeriesName>false</SeriesName>
  <ThumbnailPath>_cache/fanart/original/80494-12.jpg</ThumbnailPath>
  <VignettePath>fanart/vignette/80494-12.jpg</VignettePath>
</Banner>
<Banner>
  <id>20270</id>
  <BannerPath>fanart/original/80494-1.jpg</BannerPath>
  <BannerType>fanart</BannerType>
  <BannerType2>1280x720</BannerType2>
  <Colors>|232,218,189|29,22,14|105,102,85|</Colors>
  <Language>en</Language>
  <Rating></Rating>
  <RatingCount>0</RatingCount>
  <SeriesName>false</SeriesName>
  <ThumbnailPath>_cache/fanart/original/80494-1.jpg</ThumbnailPath>
  <VignettePath>fanart/vignette/80494-1.jpg</VignettePath>
</Banner>
<Banner>
  <id>40063</id>
  <BannerPath>fanart/original/80494-11.jpg</BannerPath>
  <BannerType>fanart</BannerType>
  <BannerType2>1280x720</BannerType2>
  <Colors></Colors>
  <Language>en</Language>
  <Rating></Rating>
  <RatingCount>0</RatingCount>
  <SeriesName>false</SeriesName>
  <ThumbnailPath>_cache/fanart/original/80494-11.jpg</ThumbnailPath>
  <VignettePath>fanart/vignette/80494-11.jpg</VignettePath>
</Banner>
<Banner>
  <id>20526</id>
  <BannerPath>fanart/original/80494-8.jpg</BannerPath>
  <BannerType>fanart</BannerType>
  <BannerType2>1280x720</BannerType2>
  <Colors>|175,176,171|49,31,27|134,105,87|</Colors>
  <Language>en</Language>
  <Rating></Rating>
  <RatingCount>0</RatingCount>
  <SeriesName>false</SeriesName>
  <ThumbnailPath>_cache/fanart/original/80494-8.jpg</ThumbnailPath>
  <VignettePath>fanart/vignette/80494-8.jpg</VignettePath>
</Banner>
<Banner>
  <id>40062</id>
  <BannerPath>fanart/original/80494-10.jpg</BannerPath>
  <BannerType>fanart</BannerType>
  <BannerType2>1280x720</BannerType2>
  <Colors></Colors>
  <Language>en</Language>
  <Rating></Rating>
  <RatingCount>0</RatingCount>
  <SeriesName>false</SeriesName>
  <ThumbnailPath>_cache/fanart/original/80494-10.jpg</ThumbnailPath>
  <VignettePath>fanart/vignette/80494-10.jpg</VignettePath>
</Banner>
<Banner>
  <id>27190</id>
  <BannerPath>posters/80494-1.jpg</BannerPath>
  <BannerType>poster</BannerType>
  <BannerType2>680x1000</BannerType2>
  <Language>en</Language>
  <Rating>9.0000</Rating>
  <RatingCount>1</RatingCount>
</Banner>
<Banner>
  <id>15717</id>
  <BannerPath>seasons/80494-1.jpg</BannerPath>
  <BannerType>season</BannerType>
  <BannerType2>season</BannerType2>
  <Language>en</Language>
  <Rating></Rating>
  <RatingCount>0</RatingCount>
  <Season>1</Season>
</Banner>
<Banner>
  <id>15725</id>
  <BannerPath>graphical/80494-g2.jpg</BannerPath>
  <BannerType>series</BannerType>
  <BannerType2>graphical</BannerType2>
  <Language>en</Language>
  <Rating>9.0000</Rating>
  <RatingCount>1</RatingCount>
</Banner>
<Banner>
  <id>16555</id>
  <BannerPath>graphical/80494-g4.jpg</BannerPath>
  <BannerType>series</BannerType>
  <BannerType2>graphical</BannerType2>
  <Language>en</Language>
  <Rating>9.0000</Rating>
  <RatingCount>1</RatingCount>
</Banner>
<Banner>
  <id>16285</id>
  <BannerPath>graphical/80494-g3.jpg</BannerPath>
  <BannerType>series</BannerType>
  <BannerType2>graphical</BannerType2>
  <Language>en</Language>
  <Rating>8.2500</Rating>
  <RatingCount>4</RatingCount>
</Banner>
<Banner>
  <id>15720</id>
  <BannerPath>graphical/80494-g.jpg</BannerPath>
  <BannerType>series</BannerType>
  <BannerType2>graphical</BannerType2>
  <Language>en</Language>
  <Rating>4.0000</Rating>
  <RatingCount>1</RatingCount>
</Banner>
<Banner>
  <id>15721</id>
  <BannerPath>blank/80494.jpg</BannerPath>
  <BannerType>series</BannerType>
  <BannerType2>blank</BannerType2>
  <Language>en</Language>
  <Rating></Rating>
  <RatingCount>0</RatingCount>
</Banner>
<Banner>
  <id>33488</id>
  <BannerPath>graphical/80494-g5.jpg</BannerPath>
  <BannerType>series</BannerType>
  <BannerType2>graphical</BannerType2>
  <Language>en</Language>
  <Rating></Rating>
  <RatingCount>0</RatingCount>
</Banner>
</Banners>