<?xml version="1.0" encoding="UTF-8" ?>
<Data><Series>
  <id>80494</id>
  <Actors>|Kevin McKidd|Gretchen Egolf|Moon Bloodgood|Reed Diamond|</Actors>
  <Airs_DayOfWeek>Monday</Airs_DayOfWeek>
  <Airs_Time>10:00 PM</Airs_Time>
  <ContentRating>TV-PG</ContentRating>
  <FirstAired>2007-09-24</FirstAired>
  <Genre>|Drama|Science-Fiction|</Genre>
  <IMDB_ID>tt0948538</IMDB_ID>
  <Language>en</Language>
  <Network>NBC</Network>
  <NetworkID></NetworkID>
  <Overview>This mystery-drama revolves around a newspaper reporter named Dan Vasser who suddenly begins to travel through time to change the lives of those around him. When his travels reunite him with his long-lost fiancée Livia, life with his present-day wife get very interesting.</Overview>
  <Rating>7.5</Rating>
  <RatingCount>26</RatingCount>
  <Runtime>60</Runtime>
  <SeriesID>69207</SeriesID>
  <SeriesName>Journeyman</SeriesName>
  <Status>Ended</Status>
  <added></added>
  <addedBy></addedBy>
  <banner>graphical/80494-g2.jpg</banner>
  <fanart>fanart/original/80494-14.jpg</fanart>
  <lastupdated>1362326655</lastupdated>
  <poster>posters/80494-1.jpg</poster>
  <zap2it_id>SH930774</zap2it_id>
</Series>
<Episode>
  <id>334835</id>
  <Combined_episodenumber>1</Combined_episodenumber>
  <Combined_season>1</Combined_season>
  <DVD_chapter></DVD_chapter>
  <DVD_discid></DVD_discid>
  <DVD_episodenumber></DVD_episodenumber>
  <DVD_season></DVD_season>
  <Director>Alex Graves</Director>
  <EpImgFlag></EpImgFlag>
  <EpisodeName>Pilot - A Love of a Lifetime</EpisodeName>
  <EpisodeNumber>1</EpisodeNumber>
  <FirstAired>2007-09-24</FirstAired>
  <GuestStars>Ivan Allen|Jeff Redlick|Nate Bynum|Jessica Anderson|Christopher Warren|J.D. Hall|Michael F. Grant|Betsy Rue|Big Spence|Ahku|Joseph Lampkin|Edith Fields|Ronald Hunter|Patrick Falls|Terry Woodberry|Cici Lau|Steven Barr|Athena Galvin|Monique Curnen|Ricky Dom</GuestStars>
  <IMDB_ID></IMDB_ID>
  <Language>en</Language>
  <Overview>Dan Vasser's life is about to change forever, as he discovers he is being pulled into the past without warning, with no understanding as to why it is happening.  As he continues to jump back and forth in time, his past comes into focus as his present unravels before his eyes.</Overview>
  <ProductionCode>1ANJ79</ProductionCode>
  <Rating>8.5</Rating>
  <RatingCount>10</RatingCount>
  <SeasonNumber>1</SeasonNumber>
  <Writer>Kevin Falls</Writer>
  <absolute_number></absolute_number>
  <filename>episodes/80494/334835.jpg</filename>
  <lastupdated>1340631361</lastupdated>
  <seasonid>28354</seasonid>
  <seriesid>80494</seriesid>
</Episode>
<Episode>
  <id>336475</id>
  <Combined_episodenumber>2</Combined_episodenumber>
  <Combined_season>1</Combined_season>
  <DVD_chapter></DVD_chapter>
  <DVD_discid></DVD_discid>
  <DVD_episodenumber></DVD_episodenumber>
  <DVD_season></DVD_season>
  <Director>Alex Graves</Director>
  <EpImgFlag></EpImgFlag>
  <EpisodeName>Friendly Skies</EpisodeName>
  <EpisodeNumber>2</EpisodeNumber>
  <FirstAired>2007-10-01</FirstAired>
  <GuestStars>Chris Angelo|Jordan Timsit|Annie Wersching|Franklin Dennis Jones|Chase Polan|Darryl Alan Reed|Zachary Aaron Richard|Philip Shahbaz|Big Spence|Jonathan Spencer|Patrick St. Esprit|Gabriel Tigerman|Devin Barry|Keith Sellon-Wright|Jessica Chastain|Harrison He</GuestStars>
  <IMDB_ID></IMDB_ID>
  <Language>en</Language>
  <Overview>Not sure if his time travel is imagined or real Dan goes to get an MRI.  Dan disappears during the flight when he and Katie decide to get away for a few days.  Dan finds himself on another plane in a different year.</Overview>
  <ProductionCode>102</ProductionCode>
  <Rating>7.2</Rating>
  <RatingCount>9</RatingCount>
  <SeasonNumber>1</SeasonNumber>
  <Writer>Kevin Falls</Writer>
  <absolute_number></absolute_number>
  <filename>episodes/80494/336475.jpg</filename>
  <lastupdated>1340631493</lastupdated>
  <seasonid>28354</seasonid>
  <seriesid>80494</seriesid>
</Episode>
<Episode>
  <id>336476</id>
  <Combined_episodenumber>3</Combined_episodenumber>
  <Combined_season>1</Combined_season>
  <DVD_chapter></DVD_chapter>
  <DVD_discid></DVD_discid>
  <DVD_episodenumber></DVD_episodenumber>
  <DVD_season></DVD_season>
  <Director>Alex Graves</Director>
  <EpImgFlag></EpImgFlag>
  <EpisodeName>Game Three</EpisodeName>
  <EpisodeNumber>3</EpisodeNumber>
  <FirstAired>2007-10-08</FirstAired>
  <GuestStars>Virginia Williams|George Wyner|Ray Proscia|Paul H. Kim|Paul Pape|Reno Ursal|Jeff Redlick|Jeffrey Nicholas Brown|Falk Hentschel|Brittany Ishibashi|Asante Jones|Anthony Yu|Matthew Humphrey|John Billingsley|Rick Camp</GuestStars>
  <IMDB_ID></IMDB_ID>
  <Language>en</Language>
  <Overview>Romance is put on hold for Dan and Katie when Dan finds himself back in 1989 in time to warn everyone about a disaster, and save an addict from ruining his life.  Katie finds out that Dan has seen Livia but didn't tell her.</Overview>
  <ProductionCode>103</ProductionCode>
  <Rating>6.9</Rating>
  <RatingCount>7</RatingCount>
  <SeasonNumber>1</SeasonNumber>
  <Writer>Tom Szentgyorgyi</Writer>
  <absolute_number></absolute_number>
  <filename>episodes/80494/336476.jpg</filename>
  <lastupdated>1340631574</lastupdated>
  <seasonid>28354</seasonid>
  <seriesid>80494</seriesid>
</Episode>
<Episode>
  <id>336477</id>
  <Combined_episodenumber>4</Combined_episodenumber>
  <Combined_season>1</Combined_season>
  <DVD_chapter></DVD_chapter>
  <DVD_discid></DVD_discid>
  <DVD_episodenumber></DVD_episodenumber>
  <DVD_season></DVD_season>
  <Director>Laura Innes</Director>
  <EpImgFlag></EpImgFlag>
  <EpisodeName>The Year of the Rabbit</EpisodeName>
  <EpisodeNumber>4</EpisodeNumber>
  <FirstAired>2007-10-15</FirstAired>
  <GuestStars>Jeana Blackman|Patterson Lundquist|Willie Macc|Gabriel Tigerman|Rayna Tharani|Lisa Sheridan|Brittany Ishibashi|Matthew Humphrey|Josh Daugherty|Geoffrey Owens|Tony Colitti</GuestStars>
  <IMDB_ID></IMDB_ID>
  <Language>en</Language>
  <Overview>While Katie sets up for her big charity event, she is stunned to find that Dan has yet again disappeared. This time around, Dan travels back to the year 1995 in order to help a woman on a blind date, but when Livia arrives to assist Dan with his mission she seems more interested in Dan's relationship with Katie.</Overview>
  <ProductionCode>104</ProductionCode>
  <Rating>6.9</Rating>
  <RatingCount>7</RatingCount>
  <SeasonNumber>1</SeasonNumber>
  <Writer>Joan Binder Weiss</Writer>
  <absolute_number></absolute_number>
  <filename>episodes/80494/336477.jpg</filename>
  <lastupdated>1357724678</lastupdated>
  <seasonid>28354</seasonid>
  <seriesid>80494</seriesid>
</Episode>
<Episode>
  <id>336478</id>
  <Combined_episodenumber>5</Combined_episodenumber>
  <Combined_season>1</Combined_season>
  <DVD_chapter></DVD_chapter>
  <DVD_discid></DVD_discid>
  <DVD_episodenumber></DVD_episodenumber>
  <DVD_season></DVD_season>
  <Director>Allison Liddi</Director>
  <EpImgFlag></EpImgFlag>
  <EpisodeName>The Legend of Dylan McCleen</EpisodeName>
  <EpisodeNumber>5</EpisodeNumber>
  <FirstAired>2007-10-22</FirstAired>
  <GuestStars>Lisa Sheridan|Jeffrey Pierce|Willie Macc|Mario Sellitti|Ariel Felix|George Newbern|Joel Gretsch|Gabriel Tigerman</GuestStars>
  <IMDB_ID></IMDB_ID>
  <Language>en</Language>
  <Overview>While alone with Zach Dan gets one of his headaches.  In the past Dan finds himself digging into the life of Dylan McCleen, an Army Ranger who stole money for a good reason.  Katie is questioned about a robbery that happened the night of her big party.</Overview>
  <ProductionCode>105</ProductionCode>
  <Rating>8.0</Rating>
  <RatingCount>6</RatingCount>
  <SeasonNumber>1</SeasonNumber>
  <Writer>Matt McGuinness</Writer>
  <absolute_number></absolute_number>
  <filename>episodes/80494/336478.jpg</filename>
  <lastupdated>1357724697</lastupdated>
  <seasonid>28354</seasonid>
  <seriesid>80494</seriesid>
</Episode>
<Episode>
  <id>339896</id>
  <Combined_episodenumber>6</Combined_episodenumber>
  <Combined_season>1</Combined_season>
  <DVD_chapter></DVD_chapter>
  <DVD_discid></DVD_discid>
  <DVD_episodenumber></DVD_episodenumber>
  <DVD_season></DVD_season>
  <Director>Andrew Bernstein</Director>
  <EpImgFlag></EpImgFlag>
  <EpisodeName>Keepers</EpisodeName>
  <EpisodeNumber>6</EpisodeNumber>
  <FirstAired>2007-10-29</FirstAired>
  <GuestStars>Lisa Sheridan|Scott Michael Campbell|Lukas Behnken|Abigail McFarlane|Brando Eaton|Marshall Manesh|Anjali Bhimani|Dylan McLaughlin|Alain Uy|Joey Brander|Cody Benjamin Lee|Alyson Reed|Nathan Baesel|Roscoe Myrick</GuestStars>
  <IMDB_ID></IMDB_ID>
  <Language>en</Language>
  <Overview>Dan goes back to help two brothers who have been abused by their father. Jack gets suspicious of Dan and thinks he might be gambling again. While in the past Dan and Livia overhear a conversation between Jack and Katie.</Overview>
  <ProductionCode>106</ProductionCode>
  <Rating>8.3</Rating>
  <RatingCount>7</RatingCount>
  <SeasonNumber>1</SeasonNumber>
  <Writer>Paul Redford</Writer>
  <absolute_number></absolute_number>
  <filename>episodes/80494/339896.jpg</filename>
  <lastupdated>1340632486</lastupdated>
  <seasonid>28354</seasonid>
  <seriesid>80494</seriesid>
</Episode>
<Episode>
  <id>341253</id>
  <Combined_episodenumber>7</Combined_episodenumber>
  <Combined_season>1</Combined_season>
  <DVD_chapter></DVD_chapter>
  <DVD_discid></DVD_discid>
  <DVD_episodenumber></DVD_episodenumber>
  <DVD_season></DVD_season>
  <Director>Alex Graves</Director>
  <EpImgFlag></EpImgFlag>
  <EpisodeName>Double Down</EpisodeName>
  <EpisodeNumber>7</EpisodeNumber>
  <FirstAired>2007-11-05</FirstAired>
  <GuestStars>Paul Schulze|Carol Ann Susi|Sam Looc|Aaron Himelstein|Steve Chang|Dierdre Holder|Don Franklin|Lucas Caleb Rooney|Alain Uy|Brian Oblak</GuestStars>
  <IMDB_ID></IMDB_ID>
  <Language>en</Language>
  <Overview>Dan isn't happy when Katie considers going back to work as a television journalist. In the past Dan tries to save a witness from being killed. Livia shows up just in time to save Dan's future.  Jack keeps looking into what's going on with Dan.</Overview>
  <ProductionCode>107</ProductionCode>
  <Rating>8.7</Rating>
  <RatingCount>6</RatingCount>
  <SeasonNumber>1</SeasonNumber>
  <Writer>J.R. Orci</Writer>
  <absolute_number></absolute_number>
  <filename>episodes/80494/341253.jpg</filename>
  <lastupdated>1340632577</lastupdated>
  <seasonid>28354</seasonid>
  <seriesid>80494</seriesid>
</Episode>
<Episode>
  <id>342007</id>
  <Combined_episodenumber>8</Combined_episodenumber>
  <Combined_season>1</Combined_season>
  <DVD_chapter></DVD_chapter>
  <DVD_discid></DVD_discid>
  <DVD_episodenumber></DVD_episodenumber>
  <DVD_season></DVD_season>
  <Director>Helen Shaver</Director>
  <EpImgFlag></EpImgFlag>
  <EpisodeName>Winterland</EpisodeName>
  <EpisodeNumber>8</EpisodeNumber>
  <FirstAired>2007-11-12</FirstAired>
  <GuestStars>John Schneider</GuestStars>
  <IMDB_ID></IMDB_ID>
  <Language>en</Language>
  <Overview>Dan meets a hippie who was involved in a crime in which someone dies.  Katie finds something out about Livia's past.  When Dan is involved in an investigation it causes more problems between Dan and Jack.</Overview>
  <ProductionCode>1-08</ProductionCode>
  <Rating>9.0</Rating>
  <RatingCount>5</RatingCount>
  <SeasonNumber>1</SeasonNumber>
  <Writer>Dana Calvo</Writer>
  <absolute_number></absolute_number>
  <filename>episodes/80494/342007.jpg</filename>
  <lastupdated>1357724770</lastupdated>
  <seasonid>28354</seasonid>
  <seriesid>80494</seriesid>
</Episode>
<Episode>
  <id>342161</id>
  <Combined_episodenumber>9</Combined_episodenumber>
  <Combined_season>1</Combined_season>
  <DVD_chapter></DVD_chapter>
  <DVD_discid></DVD_discid>
  <DVD_episodenumber></DVD_episodenumber>
  <DVD_season></DVD_season>
  <Director>Fred Keller</Director>
  <EpImgFlag></EpImgFlag>
  <EpisodeName>Emily</EpisodeName>
  <EpisodeNumber>9</EpisodeNumber>
  <FirstAired>2007-11-19</FirstAired>
  <GuestStars>Raphael Sbarge|Elizabeth Bond|Michael David Cheng|Chanel Gaines|Indigo|Evan Lai|Nick Nordella|Lisa Sheridan|Emerson Brooks|Aaron Himelstein</GuestStars>
  <IMDB_ID></IMDB_ID>
  <Language>en</Language>
  <Overview>In the 1990s Dan finds himself tracking a serial kidnapper.  When Katie gets called into Zack's school, she wonders how much Dan's traveling is affecting him.  Jack is beginning to believe Dan is traveling in time.  This episode is the first part, the conclusion is Blowback</Overview>
  <ProductionCode>109</ProductionCode>
  <Rating>8.0</Rating>
  <RatingCount>7</RatingCount>
  <SeasonNumber>1</SeasonNumber>
  <Writer>Juan Carlos Coto</Writer>
  <absolute_number></absolute_number>
  <filename>episodes/80494/342161.jpg</filename>
  <lastupdated>1340632761</lastupdated>
  <seasonid>28354</seasonid>
  <seriesid>80494</seriesid>
</Episode>
<Episode>
  <id>342162</id>
  <Combined_episodenumber>10</Combined_episodenumber>
  <Combined_season>1</Combined_season>
  <DVD_chapter></DVD_chapter>
  <DVD_discid></DVD_discid>
  <DVD_episodenumber></DVD_episodenumber>
  <DVD_season></DVD_season>
  <Director>Karen Gaviola</Director>
  <EpImgFlag></EpImgFlag>
  <EpisodeName>Blowback</EpisodeName>
  <EpisodeNumber>10</EpisodeNumber>
  <FirstAired>2007-11-26</FirstAired>
  <GuestStars>Raphael Sbarge|Don Franklin</GuestStars>
  <IMDB_ID></IMDB_ID>
  <Language>en</Language>
  <Overview>Dan finds himself once again tracking Aeden Bennett. This time it's 1980 and Dan gets to see what made Aeden the way he is. In the present, the kidnapper seeks revenge by going after Katie. Livia tries to figure out what her purpose is in life. This is a conclusion to the previous episode Emily.</Overview>
  <ProductionCode>110</ProductionCode>
  <Rating>8.9</Rating>
  <RatingCount>7</RatingCount>
  <SeasonNumber>1</SeasonNumber>
  <Writer>Kevin Falls</Writer>
  <absolute_number></absolute_number>
  <filename>episodes/80494/342162.jpg</filename>
  <lastupdated>1340633273</lastupdated>
  <seasonid>28354</seasonid>
  <seriesid>80494</seriesid>
</Episode>
<Episode>
  <id>342163</id>
  <Combined_episodenumber>11</Combined_episodenumber>
  <Combined_season>1</Combined_season>
  <DVD_chapter></DVD_chapter>
  <DVD_discid></DVD_discid>
  <DVD_episodenumber></DVD_episodenumber>
  <DVD_season></DVD_season>
  <Director>Lesli Linka Glatter</Director>
  <EpImgFlag></EpImgFlag>
  <EpisodeName>Home by Another Way</EpisodeName>
  <EpisodeNumber>11</EpisodeNumber>
  <FirstAired>2007-12-10</FirstAired>
  <GuestStars>Joel Gretsch|Lisa Sheridan|Alyson Reed|John Aniston|Robert Pine|George Wyner|Anthony Starke|Barbara Tarbuck|John Dennis|Chelsey Crisp|Eryn Joslyn|Robin De Lano|James Below|Anne Fraser Thomas|David Kirk Grant|Deji Laray|Sonya Leslie-Shepherd|Joel Gretsch</GuestStars>
  <IMDB_ID></IMDB_ID>
  <Language>en</Language>
  <Overview>On Christmas Eve the newspaper is hit by layoffs and Dan's new mission involves saving it. Meanwhile, Katie deals with the aftermath of Aeden's home invasion, and Jack and Theresa get startling news.</Overview>
  <ProductionCode>1ANJ11</ProductionCode>
  <Rating>8.8</Rating>
  <RatingCount>6</RatingCount>
  <SeasonNumber>1</SeasonNumber>
  <Writer>Tom Szentgyorgyi</Writer>
  <absolute_number></absolute_number>
  <filename>episodes/80494/342163.jpg</filename>
  <lastupdated>1340633082</lastupdated>
  <seasonid>28354</seasonid>
  <seriesid>80494</seriesid>
</Episode>
<Episode>
  <id>345864</id>
  <Combined_episodenumber>12</Combined_episodenumber>
  <Combined_season>1</Combined_season>
  <DVD_chapter></DVD_chapter>
  <DVD_discid></DVD_discid>
  <DVD_episodenumber></DVD_episodenumber>
  <DVD_season></DVD_season>
  <Director>Steven DePaul</Director>
  <EpImgFlag></EpImgFlag>
  <EpisodeName>The Hanged Man</EpisodeName>
  <EpisodeNumber>12</EpisodeNumber>
  <FirstAired>2007-12-17</FirstAired>
  <GuestStars>Ellery Sprayberry|Natacha Roi|Jake Richardson|Jordan Garrett|Rigo Sanchez|Melinda McGraw|Christine Adams|Emily Swallow|Rick Worthy</GuestStars>
  <IMDB_ID></IMDB_ID>
  <Language>en</Language>
  <Overview>While Dan struggles to save a mother and child in the past, Katie has to deal with her well-meaning sister who wants to help, just as Zack disappears.</Overview>
  <ProductionCode></ProductionCode>
  <Rating>8.7</Rating>
  <RatingCount>6</RatingCount>
  <SeasonNumber>1</SeasonNumber>
  <Writer>Tracy McMillan</Writer>
  <absolute_number></absolute_number>
  <filename>episodes/80494/345864.jpg</filename>
  <lastupdated>1340633126</lastupdated>
  <seasonid>28354</seasonid>
  <seriesid>80494</seriesid>
</Episode>
<Episode>
  <id>345971</id>
  <Combined_episodenumber>13</Combined_episodenumber>
  <Combined_season>1</Combined_season>
  <DVD_chapter></DVD_chapter>
  <DVD_discid></DVD_discid>
  <DVD_episodenumber></DVD_episodenumber>
  <DVD_season></DVD_season>
  <Director>Kevin Falls</Director>
  <EpImgFlag></EpImgFlag>
  <EpisodeName>Perfidia</EpisodeName>
  <EpisodeNumber>13</EpisodeNumber>
  <FirstAired>2007-12-19</FirstAired>
  <GuestStars>Jos Viramontes|Fred Koehler|Troy Metcalf|Walter Wong|Jane Park Smith|Donn Angelos|Don McManus|Joanna Going|Jon Sklaroff|Melinda McGraw|Erich Anderson</GuestStars>
  <IMDB_ID></IMDB_ID>
  <Language>en</Language>
  <Overview>Dan's newest mission requires him to deal with a man who claims he's a time traveler. While Livia finds herself on a separate mission too, just before her wedding to Henry. Meanwhile, Jack talks to Elliot Langley, and Katie thinks that Dan has been wounded again after she discovers blood in the house.</Overview>
  <ProductionCode></ProductionCode>
  <Rating>9.6</Rating>
  <RatingCount>5</RatingCount>
  <SeasonNumber>1</SeasonNumber>
  <Writer>Matt McGuinness|Aeden Babish</Writer>
  <absolute_number></absolute_number>
  <filename>episodes/80494/345971.jpg</filename>
  <lastupdated>1340633212</lastupdated>
  <seasonid>28354</seasonid>
  <seriesid>80494</seriesid>
</Episode>
</Data>