<?xml version="1.0" encoding="UTF-8" ?>
<Actors>
<Actor>
  <id>64693</id>
  <Image></Image>
  <Name>Alexandra Wentworth</Name>
  <Role></Role>
  <SortOrder>3</SortOrder>
</Actor>
<Actor>
  <id>64700</id>
  <Image></Image>
  <Name>Carla Garrido</Name>
  <Role></Role>
  <SortOrder>3</SortOrder>
</Actor>
<Actor>
  <id>64686</id>
  <Image></Image>
  <Name>Carrie Ann Inaba</Name>
  <Role></Role>
  <SortOrder>3</SortOrder>
</Actor>
<Actor>
  <id>64689</id>
  <Image></Image>
  <Name>Chris Rock</Name>
  <Role></Role>
  <SortOrder>3</SortOrder>
</Actor>
<Actor>
  <id>64685</id>
  <Image></Image>
  <Name>Damon Wayans</Name>
  <Role></Role>
  <SortOrder>3</SortOrder>
</Actor>
<Actor>
  <id>64694</id>
  <Image></Image>
  <Name>Jamie Foxx</Name>
  <Role></Role>
  <SortOrder>3</SortOrder>
</Actor>
<Actor>
  <id>64692</id>
  <Image></Image>
  <Name>Jim Carrey</Name>
  <Role></Role>
  <SortOrder>3</SortOrder>
</Actor>
<Actor>
  <id>64695</id>
  <Image></Image>
  <Name>Keenen Ivory Wayans</Name>
  <Role></Role>
  <SortOrder>3</SortOrder>
</Actor>
<Actor>
  <id>64687</id>
  <Image></Image>
  <Name>Kim Coles</Name>
  <Role></Role>
  <SortOrder>3</SortOrder>
</Actor>
<Actor>
  <id>64688</id>
  <Image></Image>
  <Name>Kim Wayans</Name>
  <Role></Role>
  <SortOrder>3</SortOrder>
</Actor>
<Actor>
  <id>64696</id>
  <Image></Image>
  <Name>Lisa Marie Todd</Name>
  <Role></Role>
  <SortOrder>3</SortOrder>
</Actor>
<Actor>
  <id>64702</id>
  <Image></Image>
  <Name>Masako Willis</Name>
  <Role></Role>
  <SortOrder>3</SortOrder>
</Actor>
<Actor>
  <id>64701</id>
  <Image></Image>
  <Name>Michelle Whitney-Morrison</Name>
  <Role></Role>
  <SortOrder>3</SortOrder>
</Actor>
<Actor>
  <id>64691</id>
  <Image></Image>
  <Name>Shawn Wayans</Name>
  <Role></Role>
  <SortOrder>3</SortOrder>
</Actor>
<Actor>
  <id>64699</id>
  <Image></Image>
  <Name>Steve Park</Name>
  <Role></Role>
  <SortOrder>3</SortOrder>
</Actor>
<Actor>
  <id>64690</id>
  <Image></Image>
  <Name>T'Keyah Keym</Name>
  <Role></Role>
  <SortOrder>3</SortOrder>
</Actor>
<Actor>
  <id>64697</id>
  <Image></Image>
  <Name>Tommy Davidson</Name>
  <Role></Role>
  <SortOrder>3</SortOrder>
</Actor>
<Actor>
  <id>64698</id>
  <Image></Image>
  <Name>Twist</Name>
  <Role></Role>
  <SortOrder>3</SortOrder>
</Actor>
</Actors>