<?xml version="1.0" encoding="UTF-8" ?>
<Actors>
<Actor>
  <id>79821</id>
  <Image>actors/79821.jpg</Image>
  <Name>John Kricfalusi</Name>
  <Role>Ren, Mr Horse, Others</Role>
  <SortOrder>0</SortOrder>
</Actor>
<Actor>
  <id>43049</id>
  <Image>actors/43049.jpg</Image>
  <Name>Billy West</Name>
  <Role>Stimpy</Role>
  <SortOrder>1</SortOrder>
</Actor>
<Actor>
  <id>43046</id>
  <Image>actors/43046.jpg</Image>
  <Name>Gary Owens</Name>
  <Role>Powered Toast Man</Role>
  <SortOrder>2</SortOrder>
</Actor>
<Actor>
  <id>43050</id>
  <Image></Image>
  <Name>Cheryl Chase</Name>
  <Role></Role>
  <SortOrder>3</SortOrder>
</Actor>
<Actor>
  <id>43048</id>
  <Image></Image>
  <Name>Gary Owens</Name>
  <Role></Role>
  <SortOrder>3</SortOrder>
</Actor>
<Actor>
  <id>43047</id>
  <Image></Image>
  <Name>Harris Peet</Name>
  <Role></Role>
  <SortOrder>3</SortOrder>
</Actor>
<Actor>
  <id>43045</id>
  <Image></Image>
  <Name>John Kricfalusi</Name>
  <Role></Role>
  <SortOrder>3</SortOrder>
</Actor>
</Actors>