<?xml version="1.0" encoding="UTF-8" ?>
<Actors>
<Actor>
  <id>79621</id>
  <Image>actors/79621.jpg</Image>
  <Name>Bobby Cannavale</Name>
  <Role>Cupid / Trevor Hale</Role>
  <SortOrder>0</SortOrder>
</Actor>
<Actor>
  <id>79624</id>
  <Image>actors/79624.jpg</Image>
  <Name>Sarah Paulson</Name>
  <Role>Dr. Claire Allen</Role>
  <SortOrder>1</SortOrder>
</Actor>
<Actor>
  <id>79623</id>
  <Image>actors/79623.jpg</Image>
  <Name>Rick Gomez</Name>
  <Role>Felix Arroyo</Role>
  <SortOrder>3</SortOrder>
</Actor>
<Actor>
  <id>79622</id>
  <Image>actors/79622.jpg</Image>
  <Name>Camille Guaty</Name>
  <Role>Lita Arroyo</Role>
  <SortOrder>3</SortOrder>
</Actor>
</Actors>