<?xml version="1.0" encoding="UTF-8" ?>
<Banners>
<Banner>
  <id>33109</id>
  <BannerPath>fanart/original/83615-1.jpg</BannerPath>
  <BannerType>fanart</BannerType>
  <BannerType2>1280x720</BannerType2>
  <Colors>|237,246,253|38,37,45|223,189,188|</Colors>
  <Language>en</Language>
  <Rating>7.5000</Rating>
  <RatingCount>2</RatingCount>
  <SeriesName>false</SeriesName>
  <ThumbnailPath>_cache/fanart/original/83615-1.jpg</ThumbnailPath>
  <VignettePath>fanart/vignette/83615-1.jpg</VignettePath>
</Banner>
<Banner>
  <id>42472</id>
  <BannerPath>fanart/original/83615-2.jpg</BannerPath>
  <BannerType>fanart</BannerType>
  <BannerType2>1280x720</BannerType2>
  <Colors></Colors>
  <Language>en</Language>
  <Rating>4.0000</Rating>
  <RatingCount>1</RatingCount>
  <SeriesName>false</SeriesName>
  <ThumbnailPath>_cache/fanart/original/83615-2.jpg</ThumbnailPath>
  <VignettePath>fanart/vignette/83615-2.jpg</VignettePath>
</Banner>
<Banner>
  <id>122211</id>
  <BannerPath>fanart/original/83615-3.jpg</BannerPath>
  <BannerType>fanart</BannerType>
  <BannerType2>1280x720</BannerType2>
  <Colors></Colors>
  <Language>en</Language>
  <Rating></Rating>
  <RatingCount>0</RatingCount>
  <SeriesName>false</SeriesName>
  <ThumbnailPath>_cache/fanart/original/83615-3.jpg</ThumbnailPath>
  <VignettePath>fanart/vignette/83615-3.jpg</VignettePath>
</Banner>
<Banner>
  <id>122231</id>
  <BannerPath>fanart/original/83615-5.jpg</BannerPath>
  <BannerType>fanart</BannerType>
  <BannerType2>1280x720</BannerType2>
  <Colors></Colors>
  <Language>en</Language>
  <Rating></Rating>
  <RatingCount>0</RatingCount>
  <SeriesName>false</SeriesName>
  <ThumbnailPath>_cache/fanart/original/83615-5.jpg</ThumbnailPath>
  <VignettePath>fanart/vignette/83615-5.jpg</VignettePath>
</Banner>
<Banner>
  <id>122241</id>
  <BannerPath>fanart/original/83615-6.jpg</BannerPath>
  <BannerType>fanart</BannerType>
  <BannerType2>1280x720</BannerType2>
  <Colors></Colors>
  <Language>en</Language>
  <Rating></Rating>
  <RatingCount>0</RatingCount>
  <SeriesName>false</SeriesName>
  <ThumbnailPath>_cache/fanart/original/83615-6.jpg</ThumbnailPath>
  <VignettePath>fanart/vignette/83615-6.jpg</VignettePath>
</Banner>
<Banner>
  <id>122221</id>
  <BannerPath>fanart/original/83615-4.jpg</BannerPath>
  <BannerType>fanart</BannerType>
  <BannerType2>1280x720</BannerType2>
  <Colors></Colors>
  <Language>en</Language>
  <Rating></Rating>
  <RatingCount>0</RatingCount>
  <SeriesName>false</SeriesName>
  <ThumbnailPath>_cache/fanart/original/83615-4.jpg</ThumbnailPath>
  <VignettePath>fanart/vignette/83615-4.jpg</VignettePath>
</Banner>
<Banner>
  <id>57311</id>
  <BannerPath>posters/83615-1.jpg</BannerPath>
  <BannerType>poster</BannerType>
  <BannerType2>680x1000</BannerType2>
  <Language>en</Language>
  <Rating>1.0000</Rating>
  <RatingCount>1</RatingCount>
</Banner>
<Banner>
  <id>170381</id>
  <BannerPath>seasons/83615-1.jpg</BannerPath>
  <BannerType>season</BannerType>
  <BannerType2>season</BannerType2>
  <Language>en</Language>
  <Rating></Rating>
  <RatingCount>0</RatingCount>
  <Season>1</Season>
</Banner>
<Banner>
  <id>48381</id>
  <BannerPath>graphical/83615-g.jpg</BannerPath>
  <BannerType>series</BannerType>
  <BannerType2>graphical</BannerType2>
  <Language>en</Language>
  <Rating>9.0000</Rating>
  <RatingCount>1</RatingCount>
</Banner>
<Banner>
  <id>167321</id>
  <BannerPath>blank/83615.jpg</BannerPath>
  <BannerType>series</BannerType>
  <BannerType2>blank</BannerType2>
  <Language></Language>
  <Rating></Rating>
  <RatingCount>0</RatingCount>
</Banner>
<Banner>
  <id>122251</id>
  <BannerPath>graphical/83615-g3.jpg</BannerPath>
  <BannerType>series</BannerType>
  <BannerType2>graphical</BannerType2>
  <Language>en</Language>
  <Rating></Rating>
  <RatingCount>0</RatingCount>
</Banner>
<Banner>
  <id>61861</id>
  <BannerPath>graphical/83615-g2.jpg</BannerPath>
  <BannerType>series</BannerType>
  <BannerType2>graphical</BannerType2>
  <Language>en</Language>
  <Rating></Rating>
  <RatingCount>0</RatingCount>
</Banner>
</Banners>