<?xml version="1.0" encoding="UTF-8" ?>
<Actors>
<Actor>
  <id>224</id>
  <Image></Image>
  <Name>Doug Preis</Name>
  <Role></Role>
  <SortOrder>3</SortOrder>
</Actor>
<Actor>
  <id>222</id>
  <Image></Image>
  <Name>Earl Hammond</Name>
  <Role></Role>
  <SortOrder>3</SortOrder>
</Actor>
<Actor>
  <id>225</id>
  <Image></Image>
  <Name>Earle Hyman</Name>
  <Role></Role>
  <SortOrder>3</SortOrder>
</Actor>
<Actor>
  <id>219</id>
  <Image></Image>
  <Name>Gerrianne Raphael</Name>
  <Role></Role>
  <SortOrder>3</SortOrder>
</Actor>
<Actor>
  <id>221</id>
  <Image></Image>
  <Name>Larry Kenney</Name>
  <Role></Role>
  <SortOrder>3</SortOrder>
</Actor>
<Actor>
  <id>223</id>
  <Image></Image>
  <Name>Lynne Lipton</Name>
  <Role></Role>
  <SortOrder>3</SortOrder>
</Actor>
<Actor>
  <id>218</id>
  <Image></Image>
  <Name>Peter Newman</Name>
  <Role></Role>
  <SortOrder>3</SortOrder>
</Actor>
<Actor>
  <id>220</id>
  <Image></Image>
  <Name>Robert McFadden</Name>
  <Role></Role>
  <SortOrder>3</SortOrder>
</Actor>
</Actors>