<?xml version="1.0" encoding="UTF-8" ?>
<Actors>
<Actor>
  <id>40032</id>
  <Image>actors/40032.jpg</Image>
  <Name>Eddie Cibrian</Name>
  <Role>Russell Varon</Role>
  <SortOrder>0</SortOrder>
</Actor>
<Actor>
  <id>40031</id>
  <Image>actors/40031.jpg</Image>
  <Name>William Fichtner</Name>
  <Role>Sheriff Tom Underlay</Role>
  <SortOrder>1</SortOrder>
</Actor>
<Actor>
  <id>78860</id>
  <Image>actors/78860.jpg</Image>
  <Name>Kari Matchett</Name>
  <Role>Dr. Mariel Underlay</Role>
  <SortOrder>3</SortOrder>
</Actor>
<Actor>
  <id>40037</id>
  <Image>actors/40037.jpg</Image>
  <Name>Alexis Dziena</Name>
  <Role>Kira Underlay</Role>
  <SortOrder>3</SortOrder>
</Actor>
<Actor>
  <id>40036</id>
  <Image>actors/40036.jpg</Image>
  <Name>Lisa Sheridan</Name>
  <Role>Larkin Groves</Role>
  <SortOrder>3</SortOrder>
</Actor>
<Actor>
  <id>40035</id>
  <Image>actors/40035.jpg</Image>
  <Name>Tyler Labine</Name>
  <Role>Dave Groves</Role>
  <SortOrder>3</SortOrder>
</Actor>
<Actor>
  <id>40034</id>
  <Image>actors/40034.jpg</Image>
  <Name>Aisha Hinds</Name>
  <Role>Mona Gomez</Role>
  <SortOrder>3</SortOrder>
</Actor>
<Actor>
  <id>40033</id>
  <Image>actors/40033.jpg</Image>
  <Name>Ariel Gade</Name>
  <Role>Rose Varon</Role>
  <SortOrder>3</SortOrder>
</Actor>
<Actor>
  <id>40030</id>
  <Image>actors/40030.jpg</Image>
  <Name>Evan Peters</Name>
  <Role>Jesse Varon</Role>
  <SortOrder>3</SortOrder>
</Actor>
</Actors>