<?xml version="1.0" encoding="UTF-8" ?>
<Banners>
<Banner>
  <id>411911</id>
  <BannerPath>fanart/original/75588-2.jpg</BannerPath>
  <BannerType>fanart</BannerType>
  <BannerType2>1280x720</BannerType2>
  <Colors></Colors>
  <Language>en</Language>
  <Rating>9.0000</Rating>
  <RatingCount>3</RatingCount>
  <SeriesName>false</SeriesName>
  <ThumbnailPath>_cache/fanart/original/75588-2.jpg</ThumbnailPath>
  <VignettePath>fanart/vignette/75588-2.jpg</VignettePath>
</Banner>
<Banner>
  <id>38276</id>
  <BannerPath>fanart/original/75588-4.jpg</BannerPath>
  <BannerType>fanart</BannerType>
  <BannerType2>1920x1080</BannerType2>
  <Colors></Colors>
  <Language>en</Language>
  <Rating>9.0000</Rating>
  <RatingCount>2</RatingCount>
  <SeriesName>false</SeriesName>
  <ThumbnailPath>_cache/fanart/original/75588-4.jpg</ThumbnailPath>
  <VignettePath>fanart/vignette/75588-4.jpg</VignettePath>
</Banner>
<Banner>
  <id>38275</id>
  <BannerPath>fanart/original/75588-3.jpg</BannerPath>
  <BannerType>fanart</BannerType>
  <BannerType2>1920x1080</BannerType2>
  <Colors></Colors>
  <Language>en</Language>
  <Rating>9.0000</Rating>
  <RatingCount>4</RatingCount>
  <SeriesName>false</SeriesName>
  <ThumbnailPath>_cache/fanart/original/75588-3.jpg</ThumbnailPath>
  <VignettePath>fanart/vignette/75588-3.jpg</VignettePath>
</Banner>
<Banner>
  <id>411931</id>
  <BannerPath>fanart/original/75588-6.jpg</BannerPath>
  <BannerType>fanart</BannerType>
  <BannerType2>1280x720</BannerType2>
  <Colors></Colors>
  <Language>en</Language>
  <Rating>8.0000</Rating>
  <RatingCount>1</RatingCount>
  <SeriesName>false</SeriesName>
  <ThumbnailPath>_cache/fanart/original/75588-6.jpg</ThumbnailPath>
  <VignettePath>fanart/vignette/75588-6.jpg</VignettePath>
</Banner>
<Banner>
  <id>411961</id>
  <BannerPath>fanart/original/75588-9.jpg</BannerPath>
  <BannerType>fanart</BannerType>
  <BannerType2>1280x720</BannerType2>
  <Colors></Colors>
  <Language>en</Language>
  <Rating>8.0000</Rating>
  <RatingCount>1</RatingCount>
  <SeriesName>false</SeriesName>
  <ThumbnailPath>_cache/fanart/original/75588-9.jpg</ThumbnailPath>
  <VignettePath>fanart/vignette/75588-9.jpg</VignettePath>
</Banner>
<Banner>
  <id>411921</id>
  <BannerPath>fanart/original/75588-5.jpg</BannerPath>
  <BannerType>fanart</BannerType>
  <BannerType2>1280x720</BannerType2>
  <Colors></Colors>
  <Language>en</Language>
  <Rating>8.0000</Rating>
  <RatingCount>1</RatingCount>
  <SeriesName>false</SeriesName>
  <ThumbnailPath>_cache/fanart/original/75588-5.jpg</ThumbnailPath>
  <VignettePath>fanart/vignette/75588-5.jpg</VignettePath>
</Banner>
<Banner>
  <id>411941</id>
  <BannerPath>fanart/original/75588-7.jpg</BannerPath>
  <BannerType>fanart</BannerType>
  <BannerType2>1280x720</BannerType2>
  <Colors></Colors>
  <Language>en</Language>
  <Rating>8.0000</Rating>
  <RatingCount>1</RatingCount>
  <SeriesName>false</SeriesName>
  <ThumbnailPath>_cache/fanart/original/75588-7.jpg</ThumbnailPath>
  <VignettePath>fanart/vignette/75588-7.jpg</VignettePath>
</Banner>
<Banner>
  <id>411901</id>
  <BannerPath>fanart/original/75588-1.jpg</BannerPath>
  <BannerType>fanart</BannerType>
  <BannerType2>1280x720</BannerType2>
  <Colors></Colors>
  <Language>en</Language>
  <Rating>8.0000</Rating>
  <RatingCount>1</RatingCount>
  <SeriesName>false</SeriesName>
  <ThumbnailPath>_cache/fanart/original/75588-1.jpg</ThumbnailPath>
  <VignettePath>fanart/vignette/75588-1.jpg</VignettePath>
</Banner>
<Banner>
  <id>411951</id>
  <BannerPath>fanart/original/75588-8.jpg</BannerPath>
  <BannerType>fanart</BannerType>
  <BannerType2>1280x720</BannerType2>
  <Colors></Colors>
  <Language>en</Language>
  <Rating>8.0000</Rating>
  <RatingCount>1</RatingCount>
  <SeriesName>false</SeriesName>
  <ThumbnailPath>_cache/fanart/original/75588-8.jpg</ThumbnailPath>
  <VignettePath>fanart/vignette/75588-8.jpg</VignettePath>
</Banner>
<Banner>
  <id>411971</id>
  <BannerPath>fanart/original/75588-10.jpg</BannerPath>
  <BannerType>fanart</BannerType>
  <BannerType2>1280x720</BannerType2>
  <Colors></Colors>
  <Language>en</Language>
  <Rating>8.0000</Rating>
  <RatingCount>1</RatingCount>
  <SeriesName>false</SeriesName>
  <ThumbnailPath>_cache/fanart/original/75588-10.jpg</ThumbnailPath>
  <VignettePath>fanart/vignette/75588-10.jpg</VignettePath>
</Banner>
<Banner>
  <id>411981</id>
  <BannerPath>fanart/original/75588-11.jpg</BannerPath>
  <BannerType>fanart</BannerType>
  <BannerType2>1280x720</BannerType2>
  <Colors></Colors>
  <Language>en</Language>
  <Rating>7.0000</Rating>
  <RatingCount>1</RatingCount>
  <SeriesName>false</SeriesName>
  <ThumbnailPath>_cache/fanart/original/75588-11.jpg</ThumbnailPath>
  <VignettePath>fanart/vignette/75588-11.jpg</VignettePath>
</Banner>
<Banner>
  <id>29140</id>
  <BannerPath>posters/75588-1.jpg</BannerPath>
  <BannerType>poster</BannerType>
  <BannerType2>680x1000</BannerType2>
  <Language>en</Language>
  <Rating>10.0000</Rating>
  <RatingCount>1</RatingCount>
</Banner>
<Banner>
  <id>894460</id>
  <BannerPath>posters/75588-2.jpg</BannerPath>
  <BannerType>poster</BannerType>
  <BannerType2>680x1000</BannerType2>
  <Language>en</Language>
  <Rating>1.0000</Rating>
  <RatingCount>1</RatingCount>
</Banner>
<Banner>
  <id>6700</id>
  <BannerPath>seasons/32917-1.jpg</BannerPath>
  <BannerType>season</BannerType>
  <BannerType2>season</BannerType2>
  <Language>en</Language>
  <Rating></Rating>
  <RatingCount>0</RatingCount>
  <Season>1</Season>
</Banner>
<Banner>
  <id>15852</id>
  <BannerPath>seasonswide/75588-1.jpg</BannerPath>
  <BannerType>season</BannerType>
  <BannerType2>seasonwide</BannerType2>
  <Language>es</Language>
  <Rating></Rating>
  <RatingCount>0</RatingCount>
  <Season>1</Season>
</Banner>
<Banner>
  <id>11870</id>
  <BannerPath>graphical/75588-g2.jpg</BannerPath>
  <BannerType>series</BannerType>
  <BannerType2>graphical</BannerType2>
  <Language>en</Language>
  <Rating>9.5000</Rating>
  <RatingCount>2</RatingCount>
</Banner>
<Banner>
  <id>926913</id>
  <BannerPath>graphical/75588-g4.jpg</BannerPath>
  <BannerType>series</BannerType>
  <BannerType2>graphical</BannerType2>
  <Language>en</Language>
  <Rating>7.0000</Rating>
  <RatingCount>1</RatingCount>
</Banner>
<Banner>
  <id>13556</id>
  <BannerPath>graphical/75588-g3.jpg</BannerPath>
  <BannerType>series</BannerType>
  <BannerType2>graphical</BannerType2>
  <Language>en</Language>
  <Rating>6.0000</Rating>
  <RatingCount>1</RatingCount>
</Banner>
<Banner>
  <id>5817</id>
  <BannerPath>text/32917.jpg</BannerPath>
  <BannerType>series</BannerType>
  <BannerType2>text</BannerType2>
  <Language>en</Language>
  <Rating></Rating>
  <RatingCount>0</RatingCount>
</Banner>
<Banner>
  <id>13037</id>
  <BannerPath>blank/75588.jpg</BannerPath>
  <BannerType>series</BannerType>
  <BannerType2>blank</BannerType2>
  <Language>en</Language>
  <Rating></Rating>
  <RatingCount>0</RatingCount>
</Banner>
<Banner>
  <id>5776</id>
  <BannerPath>graphical/32917-g.jpg</BannerPath>
  <BannerType>series</BannerType>
  <BannerType2>graphical</BannerType2>
  <Language>en</Language>
  <Rating></Rating>
  <RatingCount>0</RatingCount>
</Banner>
</Banners>