<?xml version="1.0" encoding="UTF-8" ?>
<Data><Series>
  <id>75588</id>
  <Actors>|Eddie Cibrian|William Fichtner|Kari Matchett|Alexis Dziena|Lisa Sheridan|Tyler Labine|Aisha Hinds|Ariel Gade|Evan Peters|</Actors>
  <Airs_DayOfWeek>Wednesday</Airs_DayOfWeek>
  <Airs_Time>10:00 PM</Airs_Time>
  <ContentRating>TV-14</ContentRating>
  <FirstAired>2005-09-21</FirstAired>
  <Genre>|Drama|Science-Fiction|</Genre>
  <IMDB_ID>tt0460651</IMDB_ID>
  <Language>en</Language>
  <Network>ABC</Network>
  <NetworkID></NetworkID>
  <Overview>In the aftermath of a hurricane, a Florida Park Ranger and his family deal with strange occurrences, including luminescent creatures in the water and people that somehow seem to have changed after surviving the night of the disaster out in the open.</Overview>
  <Rating>7.5</Rating>
  <RatingCount>22</RatingCount>
  <Runtime>60</Runtime>
  <SeriesID>32917</SeriesID>
  <SeriesName>Invasion</SeriesName>
  <Status>Ended</Status>
  <added></added>
  <addedBy></addedBy>
  <banner>graphical/75588-g2.jpg</banner>
  <fanart>fanart/original/75588-2.jpg</fanart>
  <lastupdated>1365510371</lastupdated>
  <poster>posters/75588-1.jpg</poster>
  <zap2it_id>SH753735</zap2it_id>
</Series>
<Episode>
  <id>4375136</id>
  <Combined_episodenumber>1</Combined_episodenumber>
  <Combined_season>0</Combined_season>
  <DVD_chapter></DVD_chapter>
  <DVD_discid></DVD_discid>
  <DVD_episodenumber></DVD_episodenumber>
  <DVD_season></DVD_season>
  <Director></Director>
  <EpImgFlag></EpImgFlag>
  <EpisodeName>Special Featurette</EpisodeName>
  <EpisodeNumber>1</EpisodeNumber>
  <FirstAired>2005-06-06</FirstAired>
  <GuestStars></GuestStars>
  <IMDB_ID></IMDB_ID>
  <Language>en</Language>
  <Overview></Overview>
  <ProductionCode></ProductionCode>
  <Rating></Rating>
  <RatingCount>0</RatingCount>
  <SeasonNumber>0</SeasonNumber>
  <Writer></Writer>
  <absolute_number></absolute_number>
  <airsafter_season></airsafter_season>
  <airsbefore_episode></airsbefore_episode>
  <airsbefore_season></airsbefore_season>
  <filename></filename>
  <lastupdated>1344458000</lastupdated>
  <seasonid>23049</seasonid>
  <seriesid>75588</seriesid>
</Episode>
<Episode>
  <id>306000</id>
  <Combined_episodenumber>1.0</Combined_episodenumber>
  <Combined_season>1</Combined_season>
  <DVD_chapter></DVD_chapter>
  <DVD_discid></DVD_discid>
  <DVD_episodenumber>1.0</DVD_episodenumber>
  <DVD_season>1</DVD_season>
  <Director>|Thomas Schlamme|</Director>
  <EpImgFlag>2</EpImgFlag>
  <EpisodeName>Pilot</EpisodeName>
  <EpisodeNumber>1</EpisodeNumber>
  <FirstAired>2005-09-21</FirstAired>
  <GuestStars>|Jeanetta Arnette|Bryan Anthony|Phe Caplan|Holmes Osborne|Rich Skidmore|Robert Standley|Ryan Honey|Gwen Mihok|Mesan Richardson|Juan Ramirez|Lorena Mena|Aramis Knight|</GuestStars>
  <IMDB_ID></IMDB_ID>
  <Language>en</Language>
  <Overview>A hurricane is quickly approaching a small town in Florida leaving the residents little time to prepare.  When the hurricane finally hits, many of the residents' lives are in peril. Rose, one of the town's smallest residents notices some mysterious lights in the heart of the hurricane. Meanwhile, after the storm, Dave discovers some mysterious skeletal remains.</Overview>
  <ProductionCode>47528T</ProductionCode>
  <Rating>7.5</Rating>
  <RatingCount>11</RatingCount>
  <SeasonNumber>1</SeasonNumber>
  <Writer>|Shaun Cassidy|</Writer>
  <absolute_number></absolute_number>
  <filename>episodes/75588/306000.jpg</filename>
  <lastupdated>1326071578</lastupdated>
  <seasonid>9039</seasonid>
  <seriesid>75588</seriesid>
</Episode>
<Episode>
  <id>298571</id>
  <Combined_episodenumber>2.0</Combined_episodenumber>
  <Combined_season>1</Combined_season>
  <DVD_chapter></DVD_chapter>
  <DVD_discid></DVD_discid>
  <DVD_episodenumber>2.0</DVD_episodenumber>
  <DVD_season>1</DVD_season>
  <Director>|Lawrence Trilling|</Director>
  <EpImgFlag>2</EpImgFlag>
  <EpisodeName>Lights Out</EpisodeName>
  <EpisodeNumber>2</EpisodeNumber>
  <FirstAired>2005-09-28</FirstAired>
  <GuestStars>|Kimleigh Smith|Veronica Cartwright|Nick Cokas|Holmes Osborne|Cirroc Lofton|Anne Dudek|Ivar Brogger|Reggie Jordan|Elisa Llamido|Ruth Silviera|Jennifer Wilkerson|Michael Mitchell|Jake Richardson|Nathan Baesel|</GuestStars>
  <IMDB_ID></IMDB_ID>
  <Language>en</Language>
  <Overview>After discovering an Air Force officer named Paxton in a wet suit and barely alive at the ranger station, Russell begins to question what befell the man when he notices his wounds are identical to Dave's. But Russell soon finds out that he's not the only one interested in Paxton when Sheriff Underlay and Larkin both begin to question the man's mysterious circumstances. Meanwhile Mariel finds something unexplainable protruding from Paxton's wounds, Russell's curiosity about the strange skeleton grows, and Underlay continues to push for a town quarantine.</Overview>
  <ProductionCode>101</ProductionCode>
  <Rating>7.3</Rating>
  <RatingCount>10</RatingCount>
  <SeasonNumber>1</SeasonNumber>
  <Writer>|Shaun Cassidy|</Writer>
  <absolute_number></absolute_number>
  <filename>episodes/75588/298571.jpg</filename>
  <lastupdated>1326071582</lastupdated>
  <seasonid>9039</seasonid>
  <seriesid>75588</seriesid>
</Episode>
<Episode>
  <id>306001</id>
  <Combined_episodenumber>3.0</Combined_episodenumber>
  <Combined_season>1</Combined_season>
  <DVD_chapter></DVD_chapter>
  <DVD_discid></DVD_discid>
  <DVD_episodenumber>3.0</DVD_episodenumber>
  <DVD_season>1</DVD_season>
  <Director>|Michael Dinner|</Director>
  <EpImgFlag>2</EpImgFlag>
  <EpisodeName>Watershed</EpisodeName>
  <EpisodeNumber>3</EpisodeNumber>
  <FirstAired>2005-10-05</FirstAired>
  <GuestStars>|Ivar Brogger|Joshua Harto|Barry Wiggins|Ewan Chung|Jean Sincere|Leslie Carrara|Joshua Gomez|Armin Shimerman|Melody Butiu|Kimleigh Smith|</GuestStars>
  <IMDB_ID></IMDB_ID>
  <Language>en</Language>
  <Overview>Russell and Mariel suffer a tragedy but it is made worse when Mariel tries to help. Kira feels guilty over an accident. During the hurricane and after there has been a mysterious military presence and Larkin tries to learn more about it.  Meanwhile, Dave investigates a lost piece of jewelry.</Overview>
  <ProductionCode>2T6952</ProductionCode>
  <Rating>7.1</Rating>
  <RatingCount>9</RatingCount>
  <SeasonNumber>1</SeasonNumber>
  <Writer>|Shaun Cassidy|Becky Hartman Edwards|</Writer>
  <absolute_number></absolute_number>
  <filename>episodes/75588/306001.jpg</filename>
  <lastupdated>1301937593</lastupdated>
  <seasonid>9039</seasonid>
  <seriesid>75588</seriesid>
</Episode>
<Episode>
  <id>306002</id>
  <Combined_episodenumber>4.0</Combined_episodenumber>
  <Combined_season>1</Combined_season>
  <DVD_chapter></DVD_chapter>
  <DVD_discid></DVD_discid>
  <DVD_episodenumber>4.0</DVD_episodenumber>
  <DVD_season>1</DVD_season>
  <Director>|Sergio Mimica-Gezzan|</Director>
  <EpImgFlag>2</EpImgFlag>
  <EpisodeName>Alpha Male</EpisodeName>
  <EpisodeNumber>4</EpisodeNumber>
  <FirstAired>2005-10-12</FirstAired>
  <GuestStars>|Nathan Baesel|Christine Healy|James Carraway|Jeff Perry|Lisa Jane Persky|Bob Morrisey|Peggy Dunne|Kimleigh Smith|Katy Yeakey|Joshua Gomez|James Sharpe|Michael Mitchell|Jim Cantafio|R C Shivers|Jake Richardson|Holmes Osborne|</GuestStars>
  <IMDB_ID></IMDB_ID>
  <Language>en</Language>
  <Overview>The citizens start to question why the town is still under a quarantine that has cut off medical and building supplies.  The citizens find themselves on the verge of a major medical pandemic. Russell and Sheriff Underlay must track down the source of this quickly spreading virus.</Overview>
  <ProductionCode>2T6953</ProductionCode>
  <Rating>7.4</Rating>
  <RatingCount>8</RatingCount>
  <SeasonNumber>1</SeasonNumber>
  <Writer>|Juan Carlos Coto|</Writer>
  <absolute_number></absolute_number>
  <filename>episodes/75588/306002.jpg</filename>
  <lastupdated>1301937605</lastupdated>
  <seasonid>9039</seasonid>
  <seriesid>75588</seriesid>
</Episode>
<Episode>
  <id>306003</id>
  <Combined_episodenumber>5.0</Combined_episodenumber>
  <Combined_season>1</Combined_season>
  <DVD_chapter></DVD_chapter>
  <DVD_discid></DVD_discid>
  <DVD_episodenumber>5.0</DVD_episodenumber>
  <DVD_season>1</DVD_season>
  <Director>|Thomas Schlamme|</Director>
  <EpImgFlag>2</EpImgFlag>
  <EpisodeName>Unnatural Selection</EpisodeName>
  <EpisodeNumber>5</EpisodeNumber>
  <FirstAired>2005-10-19</FirstAired>
  <GuestStars>|Ivar Brogger|Nathan Baesel|Matt Sigloch|Reggie Jordan|Saida Parker|Alexis Ryan|Jake Eberle|Robert Dickenson|Michael Mitchell|Stephen Lee|Jake Richardson|Veronica Cartwright|Sylva Kelegian|Matt Ross|</GuestStars>
  <IMDB_ID></IMDB_ID>
  <Language>en</Language>
  <Overview>The family of Russell's friend and fellow Park Ranger, Carl, is struck by tragedy.  Russell suspects Sheriff Underlay may be hiding something when he starts looking into the tragedy.  Larkin calls upon an old flame to help her investigation into the military. Meanwhile, Mariel and Jesse have a big fight and Rose wants a tree house.</Overview>
  <ProductionCode>2T6954</ProductionCode>
  <Rating>7.1</Rating>
  <RatingCount>11</RatingCount>
  <SeasonNumber>1</SeasonNumber>
  <Writer>|Michael Berns|Shaun Cassidy|</Writer>
  <absolute_number></absolute_number>
  <filename>episodes/75588/306003.jpg</filename>
  <lastupdated>1301937658</lastupdated>
  <seasonid>9039</seasonid>
  <seriesid>75588</seriesid>
</Episode>
<Episode>
  <id>306004</id>
  <Combined_episodenumber>6.0</Combined_episodenumber>
  <Combined_season>1</Combined_season>
  <DVD_chapter></DVD_chapter>
  <DVD_discid></DVD_discid>
  <DVD_episodenumber>6.0</DVD_episodenumber>
  <DVD_season>1</DVD_season>
  <Director>|Lawrence Trilling|</Director>
  <EpImgFlag>2</EpImgFlag>
  <EpisodeName>The Hunt</EpisodeName>
  <EpisodeNumber>6</EpisodeNumber>
  <FirstAired>2005-10-26</FirstAired>
  <GuestStars>|Ivar Brogger|Nathan Baesel|Matt Sigloch|Reggie Jordan|Saida Pagan|Alexis Ryan|Jake Eberle|Robert Dickenson|Michael Mitchell|Stephen Lee|Jake Richardson|Veronica Cartwright|Sylva Kelegian|Matt Ross|</GuestStars>
  <IMDB_ID></IMDB_ID>
  <Language>en</Language>
  <Overview>A family of Cuban refugees tries to make their way to Miami. After they notice the lights in the water, their escape from Cuba is cut short.  The next morning Russell encounters one of the Cuban survivors.  Meanwhile, Mariel attends a support group and Larkin realizes that someone is following her.</Overview>
  <ProductionCode>2T6955</ProductionCode>
  <Rating>7.6</Rating>
  <RatingCount>9</RatingCount>
  <SeasonNumber>1</SeasonNumber>
  <Writer>|Shaun Cassidy|Becky Hartman Edwards|</Writer>
  <absolute_number></absolute_number>
  <filename>episodes/75588/306004.jpg</filename>
  <lastupdated>1301937724</lastupdated>
  <seasonid>9039</seasonid>
  <seriesid>75588</seriesid>
</Episode>
<Episode>
  <id>306005</id>
  <Combined_episodenumber>7.0</Combined_episodenumber>
  <Combined_season>1</Combined_season>
  <DVD_chapter></DVD_chapter>
  <DVD_discid></DVD_discid>
  <DVD_episodenumber>7.0</DVD_episodenumber>
  <DVD_season>1</DVD_season>
  <Director>|Rod Holcomb|</Director>
  <EpImgFlag>2</EpImgFlag>
  <EpisodeName>Fish Story</EpisodeName>
  <EpisodeNumber>7</EpisodeNumber>
  <FirstAired>2005-11-09</FirstAired>
  <GuestStars>|Allan Louis|Joshua Gomez|Lee Garlington|</GuestStars>
  <IMDB_ID></IMDB_ID>
  <Language>en</Language>
  <Overview>Larkin barely survives a car crash and the fate of her unborn baby is unknown. Larkin gets picked up by a stranger in a pick-up but she soon becomes suspicious of his motives. Meanwhile, Mariel tries to reconnect with Jesse.</Overview>
  <ProductionCode>2T6956</ProductionCode>
  <Rating>7.6</Rating>
  <RatingCount>8</RatingCount>
  <SeasonNumber>1</SeasonNumber>
  <Writer>|Juan Carlos Coto|Michael Alaimo|</Writer>
  <absolute_number></absolute_number>
  <filename>episodes/75588/306005.jpg</filename>
  <lastupdated>1301937884</lastupdated>
  <seasonid>9039</seasonid>
  <seriesid>75588</seriesid>
</Episode>
<Episode>
  <id>306006</id>
  <Combined_episodenumber>8.0</Combined_episodenumber>
  <Combined_season>1</Combined_season>
  <DVD_chapter></DVD_chapter>
  <DVD_discid></DVD_discid>
  <DVD_episodenumber>8.0</DVD_episodenumber>
  <DVD_season>1</DVD_season>
  <Director>|Ernest Dickerson|</Director>
  <EpImgFlag>2</EpImgFlag>
  <EpisodeName>The Cradle</EpisodeName>
  <EpisodeNumber>8</EpisodeNumber>
  <FirstAired>2005-11-16</FirstAired>
  <GuestStars>|Elisabeth Moss|Nathan Baesel|Ron Butler|Lee Garlington|</GuestStars>
  <IMDB_ID></IMDB_ID>
  <Language>en</Language>
  <Overview>Sheriff Underlay tracks down a mother who has abandoned a baby at Russell's ranger station. The mother denies that the child is hers. Her mother-in-law swears that the baby is her grandchild and that Christina has been acting strange ever since the hurricane hit. Meanwhile, Mariel who begins questioning why she has been losing touch with her kids makes a shocking discovery in the water.</Overview>
  <ProductionCode>2T6957</ProductionCode>
  <Rating>7.6</Rating>
  <RatingCount>9</RatingCount>
  <SeasonNumber>1</SeasonNumber>
  <Writer>|Julie Siege|</Writer>
  <absolute_number></absolute_number>
  <filename>episodes/75588/306006.jpg</filename>
  <lastupdated>1301938099</lastupdated>
  <seasonid>9039</seasonid>
  <seriesid>75588</seriesid>
</Episode>
<Episode>
  <id>306007</id>
  <Combined_episodenumber>9.0</Combined_episodenumber>
  <Combined_season>1</Combined_season>
  <DVD_chapter></DVD_chapter>
  <DVD_discid></DVD_discid>
  <DVD_episodenumber>9.0</DVD_episodenumber>
  <DVD_season>1</DVD_season>
  <Director>|Michael Nankin|</Director>
  <EpImgFlag>2</EpImgFlag>
  <EpisodeName>The Dredge</EpisodeName>
  <EpisodeNumber>9</EpisodeNumber>
  <FirstAired>2005-11-23</FirstAired>
  <GuestStars>|Ivar Brogger|Nathan Baesel|Anthony Richardson|James Carraway|Leigh Kelly|Jeff Doucette|Joyce Fessides|Rocky Carroll|Meera Simhan|Ron Butler|</GuestStars>
  <IMDB_ID></IMDB_ID>
  <Language>en</Language>
  <Overview>Russell is suspected of committing a double murder. Larkin discovers Russell's criminal history and wonders about who he really is.  Mariel insists that she saw a body in the water and demands that the bay be dredged.</Overview>
  <ProductionCode>2T6958</ProductionCode>
  <Rating>7.5</Rating>
  <RatingCount>10</RatingCount>
  <SeasonNumber>1</SeasonNumber>
  <Writer>|Reed Steiner|Jill Blotevogel|</Writer>
  <absolute_number></absolute_number>
  <filename>episodes/75588/306007.jpg</filename>
  <lastupdated>1301938338</lastupdated>
  <seasonid>9039</seasonid>
  <seriesid>75588</seriesid>
</Episode>
<Episode>
  <id>301912</id>
  <Combined_episodenumber>10.0</Combined_episodenumber>
  <Combined_season>1</Combined_season>
  <DVD_chapter></DVD_chapter>
  <DVD_discid></DVD_discid>
  <DVD_episodenumber>10.0</DVD_episodenumber>
  <DVD_season>1</DVD_season>
  <Director>|Steve Shill|</Director>
  <EpImgFlag>2</EpImgFlag>
  <EpisodeName>Origin of Species</EpisodeName>
  <EpisodeNumber>10</EpisodeNumber>
  <FirstAired>2005-11-30</FirstAired>
  <GuestStars>|Ivar Brogger|Meera Simhan|Rocky Carroll|Kamal Marayati|Robert Peters|Nathan Baesel|</GuestStars>
  <IMDB_ID></IMDB_ID>
  <Language>en</Language>
  <Overview>After a couple reads his blogs, they abduct Dave to find out what he knows about the hurricane's aftermath. Underlay and Sirk discover the identity of the woman in the bay and Sirk gets a glimpse of the orange lights.</Overview>
  <ProductionCode>2T6959</ProductionCode>
  <Rating>7.6</Rating>
  <RatingCount>8</RatingCount>
  <SeasonNumber>1</SeasonNumber>
  <Writer>|Shaun Cassidy|Juan Carlos Coto|</Writer>
  <absolute_number></absolute_number>
  <filename>episodes/75588/301912.jpg</filename>
  <lastupdated>1301938438</lastupdated>
  <seasonid>9039</seasonid>
  <seriesid>75588</seriesid>
</Episode>
<Episode>
  <id>303000</id>
  <Combined_episodenumber>11.0</Combined_episodenumber>
  <Combined_season>1</Combined_season>
  <DVD_chapter></DVD_chapter>
  <DVD_discid></DVD_discid>
  <DVD_episodenumber>11.0</DVD_episodenumber>
  <DVD_season>1</DVD_season>
  <Director>|J. Miller Tobin|</Director>
  <EpImgFlag>2</EpImgFlag>
  <EpisodeName>Us or Them</EpisodeName>
  <EpisodeNumber>11</EpisodeNumber>
  <FirstAired>2006-01-11</FirstAired>
  <GuestStars>|Tammy Trull|James Carraway|Nicole Garza|Ivar Brogger|Scott Michael Morgan|Nathan Baesel|</GuestStars>
  <IMDB_ID></IMDB_ID>
  <Language>en</Language>
  <Overview>Russell confronts Mariel about the changes in her personality. Tom tries to help Sirk cope with his new circumstances. Jesse meets an intriguing girl at the hotel while on vacation with Larkin and Rose.</Overview>
  <ProductionCode>2T6960</ProductionCode>
  <Rating>7.6</Rating>
  <RatingCount>8</RatingCount>
  <SeasonNumber>1</SeasonNumber>
  <Writer>|J. Miller Tobin|Shaun Cassidy|</Writer>
  <absolute_number></absolute_number>
  <filename>episodes/75588/303000.jpg</filename>
  <lastupdated>1301938688</lastupdated>
  <seasonid>9039</seasonid>
  <seriesid>75588</seriesid>
</Episode>
<Episode>
  <id>302998</id>
  <Combined_episodenumber>12.0</Combined_episodenumber>
  <Combined_season>1</Combined_season>
  <DVD_chapter></DVD_chapter>
  <DVD_discid></DVD_discid>
  <DVD_episodenumber>12.0</DVD_episodenumber>
  <DVD_season>1</DVD_season>
  <Director>|Lawrence Trilling|</Director>
  <EpImgFlag>2</EpImgFlag>
  <EpisodeName>Power</EpisodeName>
  <EpisodeNumber>12</EpisodeNumber>
  <FirstAired>2006-01-18</FirstAired>
  <GuestStars>|Scott Klace|Michael Mitchell|Colin Fickes|Mark Colson|Elisabeth Moss|</GuestStars>
  <IMDB_ID></IMDB_ID>
  <Language>en</Language>
  <Overview>After a visit to Mariel, Russel finds that Tom has taken the children on a vacation without asking permission. Someone is hiding outside of Mariel's house and is discovered by Russel. Larkin is suspicious of Russell's intentions towards Mariel.</Overview>
  <ProductionCode>2T6961</ProductionCode>
  <Rating>8.0</Rating>
  <RatingCount>7</RatingCount>
  <SeasonNumber>1</SeasonNumber>
  <Writer>|Reed Steiner|Becky Hartman Edwards|</Writer>
  <absolute_number></absolute_number>
  <filename>episodes/75588/302998.jpg</filename>
  <lastupdated>1301941828</lastupdated>
  <seasonid>9039</seasonid>
  <seriesid>75588</seriesid>
</Episode>
<Episode>
  <id>302999</id>
  <Combined_episodenumber>13.0</Combined_episodenumber>
  <Combined_season>1</Combined_season>
  <DVD_chapter></DVD_chapter>
  <DVD_discid></DVD_discid>
  <DVD_episodenumber>13.0</DVD_episodenumber>
  <DVD_season>1</DVD_season>
  <Director>|Bill Eagles|</Director>
  <EpImgFlag>2</EpImgFlag>
  <EpisodeName>Redemption</EpisodeName>
  <EpisodeNumber>13</EpisodeNumber>
  <FirstAired>2006-01-25</FirstAired>
  <GuestStars>|Mark Colson|Pia Artesona|Joshua Gomez|Carter Evans|Lisa Harrison|Ewan Chung|Stephen Alvarez|Bob Bancroft|Rocky Carroll|Veronica Cartwright|Jennifer Weston|Kimleigh Smith|Monica Garcia|Kate Emerick|Meera Simhan|</GuestStars>
  <IMDB_ID></IMDB_ID>
  <Language>en</Language>
  <Overview>Russel knowing that Larkin and their unborn child's life is on the line he must stop Larkin from reporting what she knows.  Sheriff Underlay is shot and drifts between the past and present.</Overview>
  <ProductionCode>2T6962</ProductionCode>
  <Rating>7.6</Rating>
  <RatingCount>10</RatingCount>
  <SeasonNumber>1</SeasonNumber>
  <Writer>|Michael Alaimo|</Writer>
  <absolute_number></absolute_number>
  <filename>episodes/75588/302999.jpg</filename>
  <lastupdated>1301942145</lastupdated>
  <seasonid>9039</seasonid>
  <seriesid>75588</seriesid>
</Episode>
<Episode>
  <id>304798</id>
  <Combined_episodenumber>14.0</Combined_episodenumber>
  <Combined_season>1</Combined_season>
  <DVD_chapter></DVD_chapter>
  <DVD_discid></DVD_discid>
  <DVD_episodenumber>14.0</DVD_episodenumber>
  <DVD_season>1</DVD_season>
  <Director>|Harry Winer|</Director>
  <EpImgFlag>2</EpImgFlag>
  <EpisodeName>All God's Creatures</EpisodeName>
  <EpisodeNumber>14</EpisodeNumber>
  <FirstAired>2006-02-08</FirstAired>
  <GuestStars>|Nathan Baesel|Bill Quinn|Becca Battoe|Saida Rodriguez Pagan|Reggie Jordan|Jennifer Wilkerson|Juan Carlos Cantu|Sylvia Kelegian|Pia Artesona|James Carraway|James Geralden|Mark Colson|Ivar Brogger|</GuestStars>
  <IMDB_ID></IMDB_ID>
  <Language>en</Language>
  <Overview>Russell, Larkin and Dave find out the identity of one of the creatures.  Meanwhile, Underlay tries to find out who shot him and Kira begins to wonder what really happened to her dad.</Overview>
  <ProductionCode>2T6963</ProductionCode>
  <Rating>7.4</Rating>
  <RatingCount>9</RatingCount>
  <SeasonNumber>1</SeasonNumber>
  <Writer>|Michael Foley|</Writer>
  <absolute_number></absolute_number>
  <filename>episodes/75588/304798.jpg</filename>
  <lastupdated>1302333846</lastupdated>
  <seasonid>9039</seasonid>
  <seriesid>75588</seriesid>
</Episode>
<Episode>
  <id>306008</id>
  <Combined_episodenumber>15.0</Combined_episodenumber>
  <Combined_season>1</Combined_season>
  <DVD_chapter></DVD_chapter>
  <DVD_discid></DVD_discid>
  <DVD_episodenumber>15.0</DVD_episodenumber>
  <DVD_season>1</DVD_season>
  <Director>|Lawrence Trilling|</Director>
  <EpImgFlag>2</EpImgFlag>
  <EpisodeName>The Nest</EpisodeName>
  <EpisodeNumber>15</EpisodeNumber>
  <FirstAired>2006-02-15</FirstAired>
  <GuestStars>|Nathan Baesel|Elisabeth Moss|Patricia Bethune|Scott Klace|Ruben Garfias|Michael Mitchell|</GuestStars>
  <IMDB_ID></IMDB_ID>
  <Language>en</Language>
  <Overview>Kira is curious and frustrated as she tries to find the truth out about her father, Mariel and the other residents of Homestead. Will Kira find danger in her search? Meanwhile, Russell tests Mariel's blood and they are shocked at the results.</Overview>
  <ProductionCode>2T6964</ProductionCode>
  <Rating>7.7</Rating>
  <RatingCount>9</RatingCount>
  <SeasonNumber>1</SeasonNumber>
  <Writer>|Julie Siege|Shaun Cassidy|</Writer>
  <absolute_number></absolute_number>
  <filename>episodes/75588/306008.jpg</filename>
  <lastupdated>1302334005</lastupdated>
  <seasonid>9039</seasonid>
  <seriesid>75588</seriesid>
</Episode>
<Episode>
  <id>306009</id>
  <Combined_episodenumber>16.0</Combined_episodenumber>
  <Combined_season>1</Combined_season>
  <DVD_chapter></DVD_chapter>
  <DVD_discid></DVD_discid>
  <DVD_episodenumber>16.0</DVD_episodenumber>
  <DVD_season>1</DVD_season>
  <Director>|Fred Toye|</Director>
  <EpImgFlag>2</EpImgFlag>
  <EpisodeName>The Fittest</EpisodeName>
  <EpisodeNumber>16</EpisodeNumber>
  <FirstAired>2006-03-08</FirstAired>
  <GuestStars>|Elisabeth Moss|Giovanni Martinez|Matt Ross|Frank Merino|Jesus Mayorga|Rocky Carroll|James Frain|Michael Mitchell|</GuestStars>
  <IMDB_ID></IMDB_ID>
  <Language>en</Language>
  <Overview>Russell and Tom team together to try to catch a pregnant Christina and Derek, who are armed, dangerous and on the run.  While searching Russell and Tom find a group of migrant workers.  Mariel confides in Jesse and Rose about what happened to her.  An unconscious Kira is in the hospital after her encounter with the orange being.  Larkin searches for more answers about Paxton and his real reason for being in the area during the hurricane.</Overview>
  <ProductionCode></ProductionCode>
  <Rating>7.7</Rating>
  <RatingCount>9</RatingCount>
  <SeasonNumber>1</SeasonNumber>
  <Writer>|Juan Carlos Coto|</Writer>
  <absolute_number></absolute_number>
  <filename>episodes/75588/306009.jpg</filename>
  <lastupdated>1302334180</lastupdated>
  <seasonid>9039</seasonid>
  <seriesid>75588</seriesid>
</Episode>
<Episode>
  <id>306010</id>
  <Combined_episodenumber>17.0</Combined_episodenumber>
  <Combined_season>1</Combined_season>
  <DVD_chapter></DVD_chapter>
  <DVD_discid></DVD_discid>
  <DVD_episodenumber>17.0</DVD_episodenumber>
  <DVD_season>1</DVD_season>
  <Director>|Bryan Spicer|</Director>
  <EpImgFlag>2</EpImgFlag>
  <EpisodeName>The Key</EpisodeName>
  <EpisodeNumber>17</EpisodeNumber>
  <FirstAired>2006-03-15</FirstAired>
  <GuestStars>|Elisabeth Moss|Jessica Jaques|Edwin Hodge|Owen Beckman|Eddie Rutkowski|Kimleigh Smith|Tina Holmes|Ron Perkins|James Frain|Michael Mitchell|Nathan Baesel|</GuestStars>
  <IMDB_ID></IMDB_ID>
  <Language>en</Language>
  <Overview>Mariel begrudgingly performs an ultrasound when Christina demands to know what is growing so quickly inside of her. After the school reopens, Jesse is bothered by the way; some of the fellow students are acting.  Russell and Dave investigate what Healy knew about the hybrids.</Overview>
  <ProductionCode></ProductionCode>
  <Rating>7.6</Rating>
  <RatingCount>9</RatingCount>
  <SeasonNumber>1</SeasonNumber>
  <Writer>|Michael Alaimo|Michael Foley|</Writer>
  <absolute_number></absolute_number>
  <filename>episodes/75588/306010.jpg</filename>
  <lastupdated>1302334319</lastupdated>
  <seasonid>9039</seasonid>
  <seriesid>75588</seriesid>
</Episode>
<Episode>
  <id>306011</id>
  <Combined_episodenumber>18.0</Combined_episodenumber>
  <Combined_season>1</Combined_season>
  <DVD_chapter></DVD_chapter>
  <DVD_discid></DVD_discid>
  <DVD_episodenumber>18.0</DVD_episodenumber>
  <DVD_season>1</DVD_season>
  <Director>|Eric Laneuville|</Director>
  <EpImgFlag>2</EpImgFlag>
  <EpisodeName>Re-Evolution</EpisodeName>
  <EpisodeNumber>18</EpisodeNumber>
  <FirstAired>2006-04-19</FirstAired>
  <GuestStars>|Brandon Keener|Sean Blakemore|Marcell Brown|Ryan Honey|Robert Standley|Gwen Mihok|Paul Lacovara|Herman Chaves|Chris J. Nelson|Nick Huff|David Huynh|Jerry Hernandez|Taivon McKinney|Edwin Hodge|Owen Beckman|K. T. Thangavelu|Felice Heather Monteith|Robyn Co</GuestStars>
  <IMDB_ID></IMDB_ID>
  <Language>en</Language>
  <Overview>Russell and Dave investigate what's happening on Szura's island in the Keys. Tensions rise at school between the students who were changed by the hurricane and those who weren't. Underlay tries to find out the extent of the military's involvement in post-hurricane changes.</Overview>
  <ProductionCode>117</ProductionCode>
  <Rating>8.2</Rating>
  <RatingCount>9</RatingCount>
  <SeasonNumber>1</SeasonNumber>
  <Writer>|Julie Siege|Charlie Craig|</Writer>
  <absolute_number></absolute_number>
  <filename>episodes/75588/306011.jpg</filename>
  <lastupdated>1302334619</lastupdated>
  <seasonid>9039</seasonid>
  <seriesid>75588</seriesid>
</Episode>
<Episode>
  <id>306014</id>
  <Combined_episodenumber>19.0</Combined_episodenumber>
  <Combined_season>1</Combined_season>
  <DVD_chapter></DVD_chapter>
  <DVD_discid></DVD_discid>
  <DVD_episodenumber>19.0</DVD_episodenumber>
  <DVD_season>1</DVD_season>
  <Director>|Lawrence Trilling|</Director>
  <EpImgFlag>2</EpImgFlag>
  <EpisodeName>The Son Also Rises</EpisodeName>
  <EpisodeNumber>19</EpisodeNumber>
  <FirstAired>2006-04-26</FirstAired>
  <GuestStars>|Jason Rosario|Shasa Dabner|Owen Beckman|Brent King|Charlie Bodin|April Gilbert|Nick Huff|Tina Holmes|Edwin Hodge|David Huynh|Jay Malack|Cody Benjamin Lee|Julio Oscar Mechoso|</GuestStars>
  <IMDB_ID></IMDB_ID>
  <Language>en</Language>
  <Overview>After his investigation of the hybrids, Russell finds that he may be out of a job. Sensing another storm, the hybrids prepare. Rose's teacher is teaching a subject that has Russell bothered. Jesse and a school friend find a way to get even with the hybrids.</Overview>
  <ProductionCode></ProductionCode>
  <Rating>7.8</Rating>
  <RatingCount>9</RatingCount>
  <SeasonNumber>1</SeasonNumber>
  <Writer>|Michael Alaimo (II)|Shaun Cassidy|</Writer>
  <absolute_number></absolute_number>
  <filename>episodes/75588/306014.jpg</filename>
  <lastupdated>1302334773</lastupdated>
  <seasonid>9039</seasonid>
  <seriesid>75588</seriesid>
</Episode>
<Episode>
  <id>306012</id>
  <Combined_episodenumber>20.0</Combined_episodenumber>
  <Combined_season>1</Combined_season>
  <DVD_chapter></DVD_chapter>
  <DVD_discid></DVD_discid>
  <DVD_episodenumber>20.0</DVD_episodenumber>
  <DVD_season>1</DVD_season>
  <Director>|Sergio Mimica-Gezzan|</Director>
  <EpImgFlag>2</EpImgFlag>
  <EpisodeName>Run and Gun</EpisodeName>
  <EpisodeNumber>20</EpisodeNumber>
  <FirstAired>2006-05-03</FirstAired>
  <GuestStars>|Stephen Alvarez|Carlos McCullers II|Richard Lucas|Tripp Pickell|Eddie Rutkowski|Kimleigh Smith|Holmes Osborne|Julio Oscar Mechoso|Tina Holmes|</GuestStars>
  <IMDB_ID></IMDB_ID>
  <Language>en</Language>
  <Overview>Russell and Underlay find that they have to work together as another storm is quickly approaching. They need to get their families out of Homestead and to try to find where Szura has stashed away the hybrids.</Overview>
  <ProductionCode>119</ProductionCode>
  <Rating>7.6</Rating>
  <RatingCount>9</RatingCount>
  <SeasonNumber>1</SeasonNumber>
  <Writer>|Michael Foley|Juan Carlos Coto|</Writer>
  <absolute_number></absolute_number>
  <filename>episodes/75588/306012.jpg</filename>
  <lastupdated>1302335473</lastupdated>
  <seasonid>9039</seasonid>
  <seriesid>75588</seriesid>
</Episode>
<Episode>
  <id>306013</id>
  <Combined_episodenumber>21.0</Combined_episodenumber>
  <Combined_season>1</Combined_season>
  <DVD_chapter></DVD_chapter>
  <DVD_discid></DVD_discid>
  <DVD_episodenumber>21.0</DVD_episodenumber>
  <DVD_season>1</DVD_season>
  <Director></Director>
  <EpImgFlag>2</EpImgFlag>
  <EpisodeName>Round Up</EpisodeName>
  <EpisodeNumber>21</EpisodeNumber>
  <FirstAired>2006-05-10</FirstAired>
  <GuestStars></GuestStars>
  <IMDB_ID></IMDB_ID>
  <Language>en</Language>
  <Overview>As the hurricane starts to hit the town of Homestead, Russell and Tom try to stop Szura. The National Guard rounds up Larkin, Mariel and the children. Mariel and Larkin have suspicions about their rescuers. Dave is questioned as to Underlay's location.</Overview>
  <ProductionCode>120</ProductionCode>
  <Rating>7.8</Rating>
  <RatingCount>10</RatingCount>
  <SeasonNumber>1</SeasonNumber>
  <Writer></Writer>
  <absolute_number></absolute_number>
  <filename>episodes/75588/306013.jpg</filename>
  <lastupdated>1302335437</lastupdated>
  <seasonid>9039</seasonid>
  <seriesid>75588</seriesid>
</Episode>
<Episode>
  <id>307039</id>
  <Combined_episodenumber>22.0</Combined_episodenumber>
  <Combined_season>1</Combined_season>
  <DVD_chapter></DVD_chapter>
  <DVD_discid></DVD_discid>
  <DVD_episodenumber>22.0</DVD_episodenumber>
  <DVD_season>1</DVD_season>
  <Director>Lawrence Trilling</Director>
  <EpImgFlag>2</EpImgFlag>
  <EpisodeName>The Last Wave Goodbye</EpisodeName>
  <EpisodeNumber>22</EpisodeNumber>
  <FirstAired>2006-05-17</FirstAired>
  <GuestStars></GuestStars>
  <IMDB_ID></IMDB_ID>
  <Language>en</Language>
  <Overview>In the middle of the hurricane chaos, Underlay and Russell mount a rescue of the humans who are being round up by the hybrids. Meanwhile, two humans who suspect that Underlay is the cause of the chaos take Larkin, Dave, Jesse and Rose as hostages.</Overview>
  <ProductionCode></ProductionCode>
  <Rating>7.3</Rating>
  <RatingCount>7</RatingCount>
  <SeasonNumber>1</SeasonNumber>
  <Writer>|Charlie Craig|Shaun Cassidy|</Writer>
  <absolute_number></absolute_number>
  <filename>episodes/75588/307039.jpg</filename>
  <lastupdated>1302335400</lastupdated>
  <seasonid>9039</seasonid>
  <seriesid>75588</seriesid>
</Episode>
</Data>