<?xml version="1.0" encoding="UTF-8" ?>
<Data><Series>
  <id>83306</id>
  <Actors>||</Actors>
  <Airs_DayOfWeek>Monday</Airs_DayOfWeek>
  <Airs_Time>12:15AM</Airs_Time>
  <ContentRating>TV-MA</ContentRating>
  <FirstAired>2007-05-13</FirstAired>
  <Genre>|Animation|Comedy|</Genre>
  <IMDB_ID>tt1031283</IMDB_ID>
  <Language>en</Language>
  <Network>Adult Swim</Network>
  <NetworkID></NetworkID>
  <Overview>Superjail is the largest and most brutal prison in the world. Built in an active volcano, this complex routinely has riots and murders, though nobody is ever able to escape. The Warden, who is in charge of the prison, has gone insane over the years and has decided to make his prison unlike any other in the world.

Superjail! will focus on the crazy antics that occur inside the prison. 
</Overview>
  <Rating>9.0</Rating>
  <RatingCount>11</RatingCount>
  <Runtime>15</Runtime>
  <SeriesID></SeriesID>
  <SeriesName>Superjail!</SeriesName>
  <Status>Continuing</Status>
  <added>2008-10-05 18:23:43</added>
  <addedBy>3086</addedBy>
  <banner>graphical/83306-g.jpg</banner>
  <fanart>fanart/original/83306-2.jpg</fanart>
  <lastupdated>1361355891</lastupdated>
  <poster>posters/83306-3.jpg</poster>
  <zap2it_id></zap2it_id>
</Series>
<Episode>
  <id>3261391</id>
  <Combined_episodenumber>1</Combined_episodenumber>
  <Combined_season>0</Combined_season>
  <DVD_chapter></DVD_chapter>
  <DVD_discid></DVD_discid>
  <DVD_episodenumber></DVD_episodenumber>
  <DVD_season></DVD_season>
  <Director></Director>
  <EpImgFlag></EpImgFlag>
  <EpisodeName>Bunny Love</EpisodeName>
  <EpisodeNumber>1</EpisodeNumber>
  <FirstAired>2007-05-13</FirstAired>
  <GuestStars></GuestStars>
  <IMDB_ID></IMDB_ID>
  <Language>en</Language>
  <Overview></Overview>
  <ProductionCode></ProductionCode>
  <Rating></Rating>
  <RatingCount>0</RatingCount>
  <SeasonNumber>0</SeasonNumber>
  <Writer></Writer>
  <absolute_number></absolute_number>
  <airsafter_season></airsafter_season>
  <airsbefore_episode>1</airsbefore_episode>
  <airsbefore_season>1</airsbefore_season>
  <filename></filename>
  <lastupdated>1358143857</lastupdated>
  <seasonid>35861</seasonid>
  <seriesid>83306</seriesid>
</Episode>
<Episode>
  <id>4244686</id>
  <Combined_episodenumber>2</Combined_episodenumber>
  <Combined_season>0</Combined_season>
  <DVD_chapter></DVD_chapter>
  <DVD_discid></DVD_discid>
  <DVD_episodenumber></DVD_episodenumber>
  <DVD_season></DVD_season>
  <Director></Director>
  <EpImgFlag></EpImgFlag>
  <EpisodeName>Comin' Home Music Video</EpisodeName>
  <EpisodeNumber>2</EpisodeNumber>
  <FirstAired></FirstAired>
  <GuestStars></GuestStars>
  <IMDB_ID></IMDB_ID>
  <Language>en</Language>
  <Overview></Overview>
  <ProductionCode></ProductionCode>
  <Rating></Rating>
  <RatingCount>0</RatingCount>
  <SeasonNumber>0</SeasonNumber>
  <Writer></Writer>
  <absolute_number></absolute_number>
  <airsafter_season></airsafter_season>
  <airsbefore_episode></airsbefore_episode>
  <airsbefore_season></airsbefore_season>
  <filename></filename>
  <lastupdated>1326957864</lastupdated>
  <seasonid>35861</seasonid>
  <seriesid>83306</seriesid>
</Episode>
<Episode>
  <id>394375</id>
  <Combined_episodenumber>0</Combined_episodenumber>
  <Combined_season>1</Combined_season>
  <DVD_chapter></DVD_chapter>
  <DVD_discid></DVD_discid>
  <DVD_episodenumber></DVD_episodenumber>
  <DVD_season>1</DVD_season>
  <Director></Director>
  <EpImgFlag>1</EpImgFlag>
  <EpisodeName>Bunny Love</EpisodeName>
  <EpisodeNumber>0</EpisodeNumber>
  <FirstAired>2007-05-13</FirstAired>
  <GuestStars></GuestStars>
  <IMDB_ID></IMDB_ID>
  <Language>en</Language>
  <Overview>The Warden plans to dress the prisoners in bunny suits. However, the Twins interfere with the purchase order, causing half of the order to be for wolf suits. When dressed in these suits, the prisoners take on the characteristics of their respective animals, causing a bloodbath.</Overview>
  <ProductionCode>000</ProductionCode>
  <Rating>7.3</Rating>
  <RatingCount>3</RatingCount>
  <SeasonNumber>1</SeasonNumber>
  <Writer></Writer>
  <absolute_number></absolute_number>
  <filename>episodes/83306/394375.jpg</filename>
  <lastupdated>1267301049</lastupdated>
  <seasonid>35862</seasonid>
  <seriesid>83306</seriesid>
</Episode>
<Episode>
  <id>394376</id>
  <Combined_episodenumber>1.0</Combined_episodenumber>
  <Combined_season>1</Combined_season>
  <DVD_chapter></DVD_chapter>
  <DVD_discid></DVD_discid>
  <DVD_episodenumber>1.0</DVD_episodenumber>
  <DVD_season>1</DVD_season>
  <Director></Director>
  <EpImgFlag>2</EpImgFlag>
  <EpisodeName>Superbar</EpisodeName>
  <EpisodeNumber>1</EpisodeNumber>
  <FirstAired>2008-09-28</FirstAired>
  <GuestStars></GuestStars>
  <IMDB_ID></IMDB_ID>
  <Language>en</Language>
  <Overview>The Warden opens a bar in Superjail, the Superbar, in an attempt to get a date with Alice. Things take a turn for the worse when Jared falls off the wagon and becomes drunk.</Overview>
  <ProductionCode>101</ProductionCode>
  <Rating>7.3</Rating>
  <RatingCount>3</RatingCount>
  <SeasonNumber>1</SeasonNumber>
  <Writer></Writer>
  <absolute_number></absolute_number>
  <filename>episodes/83306/394376.jpg</filename>
  <lastupdated>1267300747</lastupdated>
  <seasonid>35862</seasonid>
  <seriesid>83306</seriesid>
</Episode>
<Episode>
  <id>394457</id>
  <Combined_episodenumber>2.0</Combined_episodenumber>
  <Combined_season>1</Combined_season>
  <DVD_chapter></DVD_chapter>
  <DVD_discid></DVD_discid>
  <DVD_episodenumber>2.0</DVD_episodenumber>
  <DVD_season>1</DVD_season>
  <Director></Director>
  <EpImgFlag>2</EpImgFlag>
  <EpisodeName>Combaticus</EpisodeName>
  <EpisodeNumber>2</EpisodeNumber>
  <FirstAired>2008-10-05</FirstAired>
  <GuestStars></GuestStars>
  <IMDB_ID></IMDB_ID>
  <Language>en</Language>
  <Overview>The Warden and his staff unearth an ancient fighting arena. It is reactivated in an effort to decrease the high inmate depression level and becomes a Thunderdome-like chance for the inmates to fight to the death for freedom. The Twins attempt to sabotage the arena with Combaticus, a fighter created from their DNA.</Overview>
  <ProductionCode>102</ProductionCode>
  <Rating>7.5</Rating>
  <RatingCount>2</RatingCount>
  <SeasonNumber>1</SeasonNumber>
  <Writer></Writer>
  <absolute_number></absolute_number>
  <filename>episodes/83306/394457.jpg</filename>
  <lastupdated>1267300755</lastupdated>
  <seasonid>35862</seasonid>
  <seriesid>83306</seriesid>
</Episode>
<Episode>
  <id>399737</id>
  <Combined_episodenumber>4.0</Combined_episodenumber>
  <Combined_season>1</Combined_season>
  <DVD_chapter></DVD_chapter>
  <DVD_discid></DVD_discid>
  <DVD_episodenumber>4.0</DVD_episodenumber>
  <DVD_season>1</DVD_season>
  <Director></Director>
  <EpImgFlag>2</EpImgFlag>
  <EpisodeName>Ladies Night</EpisodeName>
  <EpisodeNumber>3</EpisodeNumber>
  <FirstAired>2008-10-12</FirstAired>
  <GuestStars></GuestStars>
  <IMDB_ID></IMDB_ID>
  <Language>en</Language>
  <Overview>A carrier ship for the female prison &quot;Ultraprison&quot; crash-lands in Superjail. Ultraprison's &quot;Mistress&quot; and the Warden arrange a ball for their inmates as part of a bet to see which set of convicts can act more refined. The Warden gets to keep the female prisoners if he wins the bet; if the Mistress wins, she gets Superjail.</Overview>
  <ProductionCode>104</ProductionCode>
  <Rating>7.0</Rating>
  <RatingCount>2</RatingCount>
  <SeasonNumber>1</SeasonNumber>
  <Writer></Writer>
  <absolute_number></absolute_number>
  <filename>episodes/83306/399737.jpg</filename>
  <lastupdated>1267300768</lastupdated>
  <seasonid>35862</seasonid>
  <seriesid>83306</seriesid>
</Episode>
<Episode>
  <id>399819</id>
  <Combined_episodenumber>10.0</Combined_episodenumber>
  <Combined_season>1</Combined_season>
  <DVD_chapter></DVD_chapter>
  <DVD_discid></DVD_discid>
  <DVD_episodenumber>10.0</DVD_episodenumber>
  <DVD_season>1</DVD_season>
  <Director></Director>
  <EpImgFlag>1</EpImgFlag>
  <EpisodeName>Cold-Blooded</EpisodeName>
  <EpisodeNumber>4</EpisodeNumber>
  <FirstAired>2008-10-19</FirstAired>
  <GuestStars></GuestStars>
  <IMDB_ID></IMDB_ID>
  <Language>en</Language>
  <Overview>An Ed Gein-like serial killer is mistakenly captured by Jailbot instead of Jacknife, putting Superjail on edge. To investigate his grip on the inmates, the Warden sends Jared undercover as a inmate. When the new arrival accidentally kills himself, Jared takes the credit and becomes admired by inmates as Superjail's most violent resident. Meanwhile, the Twins hack into Jailbot and control him like a video game.</Overview>
  <ProductionCode>110</ProductionCode>
  <Rating>8.0</Rating>
  <RatingCount>1</RatingCount>
  <SeasonNumber>1</SeasonNumber>
  <Writer></Writer>
  <absolute_number></absolute_number>
  <filename>episodes/83306/399819.jpg</filename>
  <lastupdated>1267300729</lastupdated>
  <seasonid>35862</seasonid>
  <seriesid>83306</seriesid>
</Episode>
<Episode>
  <id>399820</id>
  <Combined_episodenumber>5.0</Combined_episodenumber>
  <Combined_season>1</Combined_season>
  <DVD_chapter></DVD_chapter>
  <DVD_discid></DVD_discid>
  <DVD_episodenumber>5.0</DVD_episodenumber>
  <DVD_season>1</DVD_season>
  <Director></Director>
  <EpImgFlag>1</EpImgFlag>
  <EpisodeName>Don't Be A Negaton</EpisodeName>
  <EpisodeNumber>5</EpisodeNumber>
  <FirstAired>2008-10-26</FirstAired>
  <GuestStars></GuestStars>
  <IMDB_ID></IMDB_ID>
  <Language>en</Language>
  <Overview>The Warden invites his favorite motivational speaker, D.L. Diamond, to Superjail.</Overview>
  <ProductionCode>105</ProductionCode>
  <Rating>8.0</Rating>
  <RatingCount>1</RatingCount>
  <SeasonNumber>1</SeasonNumber>
  <Writer></Writer>
  <absolute_number></absolute_number>
  <filename>episodes/83306/399820.jpg</filename>
  <lastupdated>1267300804</lastupdated>
  <seasonid>35862</seasonid>
  <seriesid>83306</seriesid>
</Episode>
<Episode>
  <id>399821</id>
  <Combined_episodenumber>6.0</Combined_episodenumber>
  <Combined_season>1</Combined_season>
  <DVD_chapter></DVD_chapter>
  <DVD_discid></DVD_discid>
  <DVD_episodenumber>6.0</DVD_episodenumber>
  <DVD_season>1</DVD_season>
  <Director></Director>
  <EpImgFlag>1</EpImgFlag>
  <EpisodeName>Terrorarium</EpisodeName>
  <EpisodeNumber>6</EpisodeNumber>
  <FirstAired>2008-11-02</FirstAired>
  <GuestStars></GuestStars>
  <IMDB_ID></IMDB_ID>
  <Language>en</Language>
  <Overview>The Warden holds a science fair and declares himself the winner for inventing the Terrorarium, a snowglobe containing miniature jungle filled with dangerous, carnivorous insects.</Overview>
  <ProductionCode>106</ProductionCode>
  <Rating>8.0</Rating>
  <RatingCount>1</RatingCount>
  <SeasonNumber>1</SeasonNumber>
  <Writer></Writer>
  <absolute_number></absolute_number>
  <filename>episodes/83306/399821.jpg</filename>
  <lastupdated>1267300817</lastupdated>
  <seasonid>35862</seasonid>
  <seriesid>83306</seriesid>
</Episode>
<Episode>
  <id>399822</id>
  <Combined_episodenumber>7.0</Combined_episodenumber>
  <Combined_season>1</Combined_season>
  <DVD_chapter></DVD_chapter>
  <DVD_discid></DVD_discid>
  <DVD_episodenumber>7.0</DVD_episodenumber>
  <DVD_season>1</DVD_season>
  <Director></Director>
  <EpImgFlag>1</EpImgFlag>
  <EpisodeName>Mr. Grumpy-Pants</EpisodeName>
  <EpisodeNumber>7</EpisodeNumber>
  <FirstAired>2008-11-09</FirstAired>
  <GuestStars></GuestStars>
  <IMDB_ID></IMDB_ID>
  <Language>en</Language>
  <Overview>Jacknife's latest crime results in him accidentally kidnapping a little girl with cancer as Jailbot drags him back to Superjail. A disfigured inmate, discovering it is the girl's birthday, decides to throw her a party. Meanwhile, the Warden conjures his gremlin-like inner child, which tries to kill the girl, as she makes him feel old. </Overview>
  <ProductionCode>107</ProductionCode>
  <Rating>8.0</Rating>
  <RatingCount>1</RatingCount>
  <SeasonNumber>1</SeasonNumber>
  <Writer></Writer>
  <absolute_number></absolute_number>
  <filename>episodes/83306/399822.jpg</filename>
  <lastupdated>1267300831</lastupdated>
  <seasonid>35862</seasonid>
  <seriesid>83306</seriesid>
</Episode>
<Episode>
  <id>399823</id>
  <Combined_episodenumber>3.0</Combined_episodenumber>
  <Combined_season>1</Combined_season>
  <DVD_chapter></DVD_chapter>
  <DVD_discid></DVD_discid>
  <DVD_episodenumber>3.0</DVD_episodenumber>
  <DVD_season>1</DVD_season>
  <Director></Director>
  <EpImgFlag>1</EpImgFlag>
  <EpisodeName>Dream Machine</EpisodeName>
  <EpisodeNumber>8</EpisodeNumber>
  <FirstAired>2008-11-23</FirstAired>
  <GuestStars></GuestStars>
  <IMDB_ID></IMDB_ID>
  <Language>en</Language>
  <Overview>The Warden tries to stop a riot by monitoring the inmates' dreams.</Overview>
  <ProductionCode>103</ProductionCode>
  <Rating>8.0</Rating>
  <RatingCount>1</RatingCount>
  <SeasonNumber>1</SeasonNumber>
  <Writer></Writer>
  <absolute_number></absolute_number>
  <filename>episodes/83306/399823.jpg</filename>
  <lastupdated>1267243525</lastupdated>
  <seasonid>35862</seasonid>
  <seriesid>83306</seriesid>
</Episode>
<Episode>
  <id>399824</id>
  <Combined_episodenumber>8.0</Combined_episodenumber>
  <Combined_season>1</Combined_season>
  <DVD_chapter></DVD_chapter>
  <DVD_discid></DVD_discid>
  <DVD_episodenumber>8.0</DVD_episodenumber>
  <DVD_season>1</DVD_season>
  <Director></Director>
  <EpImgFlag>1</EpImgFlag>
  <EpisodeName>Time-Police (1)</EpisodeName>
  <EpisodeNumber>9</EpisodeNumber>
  <FirstAired>2008-11-30</FirstAired>
  <GuestStars></GuestStars>
  <IMDB_ID></IMDB_ID>
  <Language>en</Language>
  <Overview>Faced with overcrowding in his prison, the Warden decides to make Superjail into a franchise, but is arrested by the Time Police to stand trial for devastation this decision causes. </Overview>
  <ProductionCode>108</ProductionCode>
  <Rating>8.0</Rating>
  <RatingCount>1</RatingCount>
  <SeasonNumber>1</SeasonNumber>
  <Writer></Writer>
  <absolute_number></absolute_number>
  <filename>episodes/83306/399824.jpg</filename>
  <lastupdated>1267300846</lastupdated>
  <seasonid>35862</seasonid>
  <seriesid>83306</seriesid>
</Episode>
<Episode>
  <id>399825</id>
  <Combined_episodenumber>9.0</Combined_episodenumber>
  <Combined_season>1</Combined_season>
  <DVD_chapter></DVD_chapter>
  <DVD_discid></DVD_discid>
  <DVD_episodenumber>9.0</DVD_episodenumber>
  <DVD_season>1</DVD_season>
  <Director></Director>
  <EpImgFlag>1</EpImgFlag>
  <EpisodeName>Time-Police (2)</EpisodeName>
  <EpisodeNumber>10</EpisodeNumber>
  <FirstAired>2008-12-07</FirstAired>
  <GuestStars></GuestStars>
  <IMDB_ID></IMDB_ID>
  <Language>en</Language>
  <Overview>With the Warden missing, the Superjail staff tries to make it in the real world. Meanwhile, the inmates of Superjail adopt a peaceful, pastoral lifestyle as they await the Warden's return.</Overview>
  <ProductionCode>109</ProductionCode>
  <Rating>9.0</Rating>
  <RatingCount>1</RatingCount>
  <SeasonNumber>1</SeasonNumber>
  <Writer></Writer>
  <absolute_number></absolute_number>
  <filename>episodes/83306/399825.jpg</filename>
  <lastupdated>1267300856</lastupdated>
  <seasonid>35862</seasonid>
  <seriesid>83306</seriesid>
</Episode>
<Episode>
  <id>3977251</id>
  <Combined_episodenumber>1</Combined_episodenumber>
  <Combined_season>2</Combined_season>
  <DVD_chapter></DVD_chapter>
  <DVD_discid></DVD_discid>
  <DVD_episodenumber></DVD_episodenumber>
  <DVD_season></DVD_season>
  <Director></Director>
  <EpImgFlag>1</EpImgFlag>
  <EpisodeName>Best Friends Forever</EpisodeName>
  <EpisodeNumber>1</EpisodeNumber>
  <FirstAired>2011-04-03</FirstAired>
  <GuestStars></GuestStars>
  <IMDB_ID></IMDB_ID>
  <Language>en</Language>
  <Overview>Jailbot, while carrying Jacknife, is shot down in hostile territory. Jared and Alice end up running a gambling ring with the inmates over who will kill the other/survive longer. Meanwhile with the Warden, he tries to live without Jailbot, and do Jailbot's duties around the jail. In the end he goes crazy, and convinces himself he is Jailbot. This episode is the third in which Jacknife in not imprisoned in Superjail. </Overview>
  <ProductionCode></ProductionCode>
  <Rating>9.3</Rating>
  <RatingCount>3</RatingCount>
  <SeasonNumber>2</SeasonNumber>
  <Writer></Writer>
  <absolute_number></absolute_number>
  <filename>episodes/83306/3977251.jpg</filename>
  <lastupdated>1301937340</lastupdated>
  <seasonid>451801</seasonid>
  <seriesid>83306</seriesid>
</Episode>
<Episode>
  <id>4076439</id>
  <Combined_episodenumber>2</Combined_episodenumber>
  <Combined_season>2</Combined_season>
  <DVD_chapter></DVD_chapter>
  <DVD_discid></DVD_discid>
  <DVD_episodenumber></DVD_episodenumber>
  <DVD_season></DVD_season>
  <Director></Director>
  <EpImgFlag>2</EpImgFlag>
  <EpisodeName>Mayhem Donor</EpisodeName>
  <EpisodeNumber>2</EpisodeNumber>
  <FirstAired>2011-04-10</FirstAired>
  <GuestStars></GuestStars>
  <IMDB_ID></IMDB_ID>
  <Language>en</Language>
  <Overview>An Accident in the Jail causes Jared to mutate. Meanwhile, the Warden's plans to sell organs on the black market backfires when the stored organs fuse into a monster that goes on a rampage through the jail.</Overview>
  <ProductionCode></ProductionCode>
  <Rating>8.5</Rating>
  <RatingCount>2</RatingCount>
  <SeasonNumber>2</SeasonNumber>
  <Writer></Writer>
  <absolute_number></absolute_number>
  <filename>episodes/83306/4076439.jpg</filename>
  <lastupdated>1303757232</lastupdated>
  <seasonid>451801</seasonid>
  <seriesid>83306</seriesid>
</Episode>
<Episode>
  <id>4076453</id>
  <Combined_episodenumber>3</Combined_episodenumber>
  <Combined_season>2</Combined_season>
  <DVD_chapter></DVD_chapter>
  <DVD_discid></DVD_discid>
  <DVD_episodenumber></DVD_episodenumber>
  <DVD_season></DVD_season>
  <Director></Director>
  <EpImgFlag>2</EpImgFlag>
  <EpisodeName>Lord Stingray Crash Party</EpisodeName>
  <EpisodeNumber>3</EpisodeNumber>
  <FirstAired>2011-04-17</FirstAired>
  <GuestStars></GuestStars>
  <IMDB_ID></IMDB_ID>
  <Language>en</Language>
  <Overview>A surprise castaway seems like the perfect friend for The Warden, but this new visitor may just have ulterior motives underneath his warm exterior. </Overview>
  <ProductionCode></ProductionCode>
  <Rating>8.5</Rating>
  <RatingCount>2</RatingCount>
  <SeasonNumber>2</SeasonNumber>
  <Writer></Writer>
  <absolute_number></absolute_number>
  <filename>episodes/83306/4076453.jpg</filename>
  <lastupdated>1303757349</lastupdated>
  <seasonid>451801</seasonid>
  <seriesid>83306</seriesid>
</Episode>
<Episode>
  <id>4076454</id>
  <Combined_episodenumber>4</Combined_episodenumber>
  <Combined_season>2</Combined_season>
  <DVD_chapter></DVD_chapter>
  <DVD_discid></DVD_discid>
  <DVD_episodenumber></DVD_episodenumber>
  <DVD_season></DVD_season>
  <Director></Director>
  <EpImgFlag>2</EpImgFlag>
  <EpisodeName>Hotchick</EpisodeName>
  <EpisodeNumber>4</EpisodeNumber>
  <FirstAired>2011-04-24</FirstAired>
  <GuestStars></GuestStars>
  <IMDB_ID></IMDB_ID>
  <Language>en</Language>
  <Overview>The Warden appoints a new security guard to the jail. The Twins are incredibly anxious about the new guard, as they seem to have past relations with her.</Overview>
  <ProductionCode></ProductionCode>
  <Rating>9.0</Rating>
  <RatingCount>1</RatingCount>
  <SeasonNumber>2</SeasonNumber>
  <Writer></Writer>
  <absolute_number></absolute_number>
  <filename>episodes/83306/4076454.jpg</filename>
  <lastupdated>1303855926</lastupdated>
  <seasonid>451801</seasonid>
  <seriesid>83306</seriesid>
</Episode>
<Episode>
  <id>4086869</id>
  <Combined_episodenumber>5</Combined_episodenumber>
  <Combined_season>2</Combined_season>
  <DVD_chapter></DVD_chapter>
  <DVD_discid></DVD_discid>
  <DVD_episodenumber></DVD_episodenumber>
  <DVD_season></DVD_season>
  <Director></Director>
  <EpImgFlag>2</EpImgFlag>
  <EpisodeName>Gay Wedding</EpisodeName>
  <EpisodeNumber>5</EpisodeNumber>
  <FirstAired>2011-05-01</FirstAired>
  <GuestStars></GuestStars>
  <IMDB_ID></IMDB_ID>
  <Language>en</Language>
  <Overview>Two inmates, Jean and Paul, decide to take their relationship to the next level and get married in the romantic halls of Superjail! When the Warden learns of the plans, he and Alice intervene, taking over the finer details of the wedding with excitement and fervor.</Overview>
  <ProductionCode></ProductionCode>
  <Rating>8.0</Rating>
  <RatingCount>1</RatingCount>
  <SeasonNumber>2</SeasonNumber>
  <Writer></Writer>
  <absolute_number></absolute_number>
  <filename>episodes/83306/4086869.jpg</filename>
  <lastupdated>1305231425</lastupdated>
  <seasonid>451801</seasonid>
  <seriesid>83306</seriesid>
</Episode>
<Episode>
  <id>4091108</id>
  <Combined_episodenumber>6</Combined_episodenumber>
  <Combined_season>2</Combined_season>
  <DVD_chapter></DVD_chapter>
  <DVD_discid></DVD_discid>
  <DVD_episodenumber></DVD_episodenumber>
  <DVD_season></DVD_season>
  <Director></Director>
  <EpImgFlag>2</EpImgFlag>
  <EpisodeName>Ghosts</EpisodeName>
  <EpisodeNumber>6</EpisodeNumber>
  <FirstAired>2011-05-08</FirstAired>
  <GuestStars></GuestStars>
  <IMDB_ID></IMDB_ID>
  <Language>en</Language>
  <Overview>Things have been getting freaky in Superjail! Blood is dripping down the walls, random objects are floating, skulls and spirits are showing up in pictures. It seems Superjail! is haunted! It's up to the Warden to get to the bottom of this and get rid of these ghosts once and for all. </Overview>
  <ProductionCode></ProductionCode>
  <Rating>8.0</Rating>
  <RatingCount>1</RatingCount>
  <SeasonNumber>2</SeasonNumber>
  <Writer></Writer>
  <absolute_number></absolute_number>
  <filename>episodes/83306/4091108.jpg</filename>
  <lastupdated>1305231378</lastupdated>
  <seasonid>451801</seasonid>
  <seriesid>83306</seriesid>
</Episode>
<Episode>
  <id>4091109</id>
  <Combined_episodenumber>7</Combined_episodenumber>
  <Combined_season>2</Combined_season>
  <DVD_chapter></DVD_chapter>
  <DVD_discid></DVD_discid>
  <DVD_episodenumber></DVD_episodenumber>
  <DVD_season></DVD_season>
  <Director></Director>
  <EpImgFlag>2</EpImgFlag>
  <EpisodeName>Jailbot 2.0</EpisodeName>
  <EpisodeNumber>7</EpisodeNumber>
  <FirstAired>2011-05-15</FirstAired>
  <GuestStars></GuestStars>
  <IMDB_ID></IMDB_ID>
  <Language>en</Language>
  <Overview>Jailbot is starting to show his age. And when Jared buys a sleek new replacement online, it might be time to put the Warden's beloved old companion down-into storage.</Overview>
  <ProductionCode></ProductionCode>
  <Rating>8.0</Rating>
  <RatingCount>1</RatingCount>
  <SeasonNumber>2</SeasonNumber>
  <Writer></Writer>
  <absolute_number></absolute_number>
  <filename>episodes/83306/4091109.jpg</filename>
  <lastupdated>1305934996</lastupdated>
  <seasonid>451801</seasonid>
  <seriesid>83306</seriesid>
</Episode>
<Episode>
  <id>4091110</id>
  <Combined_episodenumber>8</Combined_episodenumber>
  <Combined_season>2</Combined_season>
  <DVD_chapter></DVD_chapter>
  <DVD_discid></DVD_discid>
  <DVD_episodenumber></DVD_episodenumber>
  <DVD_season></DVD_season>
  <Director></Director>
  <EpImgFlag>2</EpImgFlag>
  <EpisodeName>The Budding of the Wurbuxx</EpisodeName>
  <EpisodeNumber>8</EpisodeNumber>
  <FirstAired>2011-05-22</FirstAired>
  <GuestStars></GuestStars>
  <IMDB_ID></IMDB_ID>
  <Language>en</Language>
  <Overview>The Warden suspects the inmates are on drugs after his movie night flops; Alice helps the Twins with a sensitive issue.</Overview>
  <ProductionCode></ProductionCode>
  <Rating>7.0</Rating>
  <RatingCount>1</RatingCount>
  <SeasonNumber>2</SeasonNumber>
  <Writer></Writer>
  <absolute_number></absolute_number>
  <filename>episodes/83306/4091110.jpg</filename>
  <lastupdated>1306266027</lastupdated>
  <seasonid>451801</seasonid>
  <seriesid>83306</seriesid>
</Episode>
<Episode>
  <id>4098616</id>
  <Combined_episodenumber>9</Combined_episodenumber>
  <Combined_season>2</Combined_season>
  <DVD_chapter></DVD_chapter>
  <DVD_discid></DVD_discid>
  <DVD_episodenumber></DVD_episodenumber>
  <DVD_season></DVD_season>
  <Director></Director>
  <EpImgFlag>1</EpImgFlag>
  <EpisodeName>Superjail Grand Prix</EpisodeName>
  <EpisodeNumber>9</EpisodeNumber>
  <FirstAired>2011-06-05</FirstAired>
  <GuestStars></GuestStars>
  <IMDB_ID></IMDB_ID>
  <Language>en</Language>
  <Overview>The annual Superjail Grand Prix is held, with the winner being offered their freedom from the prison. However, the Warden competes with the help of a kidnapped ringer. The Warden's team gets into a clash with Lord Stingray right at the race's end, and as the Warden and Stingray fell out of the cars, Jacknife—who was in the Warden's trunk—wins and is released. </Overview>
  <ProductionCode></ProductionCode>
  <Rating>9.0</Rating>
  <RatingCount>1</RatingCount>
  <SeasonNumber>2</SeasonNumber>
  <Writer></Writer>
  <absolute_number></absolute_number>
  <filename>episodes/83306/4098616.jpg</filename>
  <lastupdated>1311452809</lastupdated>
  <seasonid>451801</seasonid>
  <seriesid>83306</seriesid>
</Episode>
<Episode>
  <id>4098617</id>
  <Combined_episodenumber>10</Combined_episodenumber>
  <Combined_season>2</Combined_season>
  <DVD_chapter></DVD_chapter>
  <DVD_discid></DVD_discid>
  <DVD_episodenumber></DVD_episodenumber>
  <DVD_season></DVD_season>
  <Director></Director>
  <EpImgFlag>1</EpImgFlag>
  <EpisodeName>Vacation</EpisodeName>
  <EpisodeNumber>10</EpisodeNumber>
  <FirstAired>2011-06-12</FirstAired>
  <GuestStars></GuestStars>
  <IMDB_ID></IMDB_ID>
  <Language>en</Language>
  <Overview>The Warden takes the inmates and staff on a pleasure cruise aboard his ship.</Overview>
  <ProductionCode></ProductionCode>
  <Rating>7.5</Rating>
  <RatingCount>2</RatingCount>
  <SeasonNumber>2</SeasonNumber>
  <Writer></Writer>
  <absolute_number></absolute_number>
  <filename>episodes/83306/4098617.jpg</filename>
  <lastupdated>1311452867</lastupdated>
  <seasonid>451801</seasonid>
  <seriesid>83306</seriesid>
</Episode>
<Episode>
  <id>4407615</id>
  <Combined_episodenumber>1</Combined_episodenumber>
  <Combined_season>3</Combined_season>
  <DVD_chapter></DVD_chapter>
  <DVD_discid></DVD_discid>
  <DVD_episodenumber></DVD_episodenumber>
  <DVD_season></DVD_season>
  <Director></Director>
  <EpImgFlag>2</EpImgFlag>
  <EpisodeName>Stingstress</EpisodeName>
  <EpisodeNumber>1</EpisodeNumber>
  <FirstAired>2012-10-01</FirstAired>
  <GuestStars></GuestStars>
  <IMDB_ID></IMDB_ID>
  <Language>en</Language>
  <Overview>Superjail is taken over and becomes co-ed. The Warden has to rise back to power with a little help. </Overview>
  <ProductionCode></ProductionCode>
  <Rating>9.0</Rating>
  <RatingCount>1</RatingCount>
  <SeasonNumber>3</SeasonNumber>
  <Writer></Writer>
  <absolute_number></absolute_number>
  <filename>episodes/83306/4407615.jpg</filename>
  <lastupdated>1361355518</lastupdated>
  <seasonid>501992</seasonid>
  <seriesid>83306</seriesid>
</Episode>
<Episode>
  <id>4407616</id>
  <Combined_episodenumber>2</Combined_episodenumber>
  <Combined_season>3</Combined_season>
  <DVD_chapter></DVD_chapter>
  <DVD_discid></DVD_discid>
  <DVD_episodenumber></DVD_episodenumber>
  <DVD_season></DVD_season>
  <Director></Director>
  <EpImgFlag>2</EpImgFlag>
  <EpisodeName>Superfail</EpisodeName>
  <EpisodeNumber>2</EpisodeNumber>
  <FirstAired>2012-10-08</FirstAired>
  <GuestStars></GuestStars>
  <IMDB_ID></IMDB_ID>
  <Language>en</Language>
  <Overview>Jared fails miserably as the temporary Warden of Superjail. </Overview>
  <ProductionCode></ProductionCode>
  <Rating>8.0</Rating>
  <RatingCount>1</RatingCount>
  <SeasonNumber>3</SeasonNumber>
  <Writer></Writer>
  <absolute_number></absolute_number>
  <filename>episodes/83306/4407616.jpg</filename>
  <lastupdated>1361355534</lastupdated>
  <seasonid>501992</seasonid>
  <seriesid>83306</seriesid>
</Episode>
<Episode>
  <id>4418404</id>
  <Combined_episodenumber>3</Combined_episodenumber>
  <Combined_season>3</Combined_season>
  <DVD_chapter></DVD_chapter>
  <DVD_discid></DVD_discid>
  <DVD_episodenumber></DVD_episodenumber>
  <DVD_season></DVD_season>
  <Director></Director>
  <EpImgFlag>2</EpImgFlag>
  <EpisodeName>Uh-Oh Magic</EpisodeName>
  <EpisodeNumber>3</EpisodeNumber>
  <FirstAired>2012-10-15</FirstAired>
  <GuestStars></GuestStars>
  <IMDB_ID></IMDB_ID>
  <Language>en</Language>
  <Overview>The Warden runs a magic show until he has problems when his ventriloquist dummy becomes the star of their show. </Overview>
  <ProductionCode></ProductionCode>
  <Rating></Rating>
  <RatingCount>0</RatingCount>
  <SeasonNumber>3</SeasonNumber>
  <Writer></Writer>
  <absolute_number></absolute_number>
  <filename>episodes/83306/4418404.jpg</filename>
  <lastupdated>1361355549</lastupdated>
  <seasonid>501992</seasonid>
  <seriesid>83306</seriesid>
</Episode>
<Episode>
  <id>4423140</id>
  <Combined_episodenumber>4</Combined_episodenumber>
  <Combined_season>3</Combined_season>
  <DVD_chapter></DVD_chapter>
  <DVD_discid></DVD_discid>
  <DVD_episodenumber></DVD_episodenumber>
  <DVD_season></DVD_season>
  <Director></Director>
  <EpImgFlag>2</EpImgFlag>
  <EpisodeName>Sticky Discharge</EpisodeName>
  <EpisodeNumber>4</EpisodeNumber>
  <FirstAired>2012-10-22</FirstAired>
  <GuestStars></GuestStars>
  <IMDB_ID></IMDB_ID>
  <Language>en</Language>
  <Overview>Superjail finally must deal with their first parolee. </Overview>
  <ProductionCode></ProductionCode>
  <Rating></Rating>
  <RatingCount>0</RatingCount>
  <SeasonNumber>3</SeasonNumber>
  <Writer></Writer>
  <absolute_number></absolute_number>
  <filename>episodes/83306/4423140.jpg</filename>
  <lastupdated>1361355797</lastupdated>
  <seasonid>501992</seasonid>
  <seriesid>83306</seriesid>
</Episode>
<Episode>
  <id>4423678</id>
  <Combined_episodenumber>5</Combined_episodenumber>
  <Combined_season>3</Combined_season>
  <DVD_chapter></DVD_chapter>
  <DVD_discid></DVD_discid>
  <DVD_episodenumber></DVD_episodenumber>
  <DVD_season></DVD_season>
  <Director></Director>
  <EpImgFlag>2</EpImgFlag>
  <EpisodeName>Special Needs</EpisodeName>
  <EpisodeNumber>5</EpisodeNumber>
  <FirstAired>2012-10-29</FirstAired>
  <GuestStars></GuestStars>
  <IMDB_ID></IMDB_ID>
  <Language>en</Language>
  <Overview>The Warden completes construction on making Superjail handicap accessible. </Overview>
  <ProductionCode></ProductionCode>
  <Rating></Rating>
  <RatingCount>0</RatingCount>
  <SeasonNumber>3</SeasonNumber>
  <Writer></Writer>
  <absolute_number></absolute_number>
  <filename>episodes/83306/4423678.jpg</filename>
  <lastupdated>1361355817</lastupdated>
  <seasonid>501992</seasonid>
  <seriesid>83306</seriesid>
</Episode>
<Episode>
  <id>4423679</id>
  <Combined_episodenumber>6</Combined_episodenumber>
  <Combined_season>3</Combined_season>
  <DVD_chapter></DVD_chapter>
  <DVD_discid></DVD_discid>
  <DVD_episodenumber></DVD_episodenumber>
  <DVD_season></DVD_season>
  <Director></Director>
  <EpImgFlag>2</EpImgFlag>
  <EpisodeName>Troubles With Triples</EpisodeName>
  <EpisodeNumber>6</EpisodeNumber>
  <FirstAired>2012-11-05</FirstAired>
  <GuestStars></GuestStars>
  <IMDB_ID></IMDB_ID>
  <Language>en</Language>
  <Overview>The Warden's new plans for Superjail are interrupted by visitors for the Twins. </Overview>
  <ProductionCode></ProductionCode>
  <Rating></Rating>
  <RatingCount>0</RatingCount>
  <SeasonNumber>3</SeasonNumber>
  <Writer></Writer>
  <absolute_number></absolute_number>
  <filename>episodes/83306/4423679.jpg</filename>
  <lastupdated>1361355834</lastupdated>
  <seasonid>501992</seasonid>
  <seriesid>83306</seriesid>
</Episode>
<Episode>
  <id>4423680</id>
  <Combined_episodenumber>7</Combined_episodenumber>
  <Combined_season>3</Combined_season>
  <DVD_chapter></DVD_chapter>
  <DVD_discid></DVD_discid>
  <DVD_episodenumber></DVD_episodenumber>
  <DVD_season></DVD_season>
  <Director></Director>
  <EpImgFlag>2</EpImgFlag>
  <EpisodeName>Nightshift</EpisodeName>
  <EpisodeNumber>7</EpisodeNumber>
  <FirstAired>2012-11-12</FirstAired>
  <GuestStars></GuestStars>
  <IMDB_ID></IMDB_ID>
  <Language>en</Language>
  <Overview>An inmate's final meal causes Alice to rethink her career. </Overview>
  <ProductionCode></ProductionCode>
  <Rating></Rating>
  <RatingCount>0</RatingCount>
  <SeasonNumber>3</SeasonNumber>
  <Writer></Writer>
  <absolute_number></absolute_number>
  <filename>episodes/83306/4423680.jpg</filename>
  <lastupdated>1361355847</lastupdated>
  <seasonid>501992</seasonid>
  <seriesid>83306</seriesid>
</Episode>
<Episode>
  <id>4436207</id>
  <Combined_episodenumber>8</Combined_episodenumber>
  <Combined_season>3</Combined_season>
  <DVD_chapter></DVD_chapter>
  <DVD_discid></DVD_discid>
  <DVD_episodenumber></DVD_episodenumber>
  <DVD_season></DVD_season>
  <Director></Director>
  <EpImgFlag>2</EpImgFlag>
  <EpisodeName>Oedipus Mess</EpisodeName>
  <EpisodeNumber>8</EpisodeNumber>
  <FirstAired>2012-11-19</FirstAired>
  <GuestStars></GuestStars>
  <IMDB_ID></IMDB_ID>
  <Language>en</Language>
  <Overview>A cloning experiment in Superjail causes a mass riot. </Overview>
  <ProductionCode></ProductionCode>
  <Rating></Rating>
  <RatingCount>0</RatingCount>
  <SeasonNumber>3</SeasonNumber>
  <Writer></Writer>
  <absolute_number></absolute_number>
  <filename>episodes/83306/4436207.jpg</filename>
  <lastupdated>1361355864</lastupdated>
  <seasonid>501992</seasonid>
  <seriesid>83306</seriesid>
</Episode>
<Episode>
  <id>4436208</id>
  <Combined_episodenumber>9</Combined_episodenumber>
  <Combined_season>3</Combined_season>
  <DVD_chapter></DVD_chapter>
  <DVD_discid></DVD_discid>
  <DVD_episodenumber></DVD_episodenumber>
  <DVD_season></DVD_season>
  <Director></Director>
  <EpImgFlag>2</EpImgFlag>
  <EpisodeName>Planet Radio</EpisodeName>
  <EpisodeNumber>9</EpisodeNumber>
  <FirstAired>2012-12-03</FirstAired>
  <GuestStars></GuestStars>
  <IMDB_ID></IMDB_ID>
  <Language>en</Language>
  <Overview></Overview>
  <ProductionCode></ProductionCode>
  <Rating></Rating>
  <RatingCount>0</RatingCount>
  <SeasonNumber>3</SeasonNumber>
  <Writer></Writer>
  <absolute_number></absolute_number>
  <filename>episodes/83306/4436208.jpg</filename>
  <lastupdated>1355105065</lastupdated>
  <seasonid>501992</seasonid>
  <seriesid>83306</seriesid>
</Episode>
<Episode>
  <id>4452283</id>
  <Combined_episodenumber>10</Combined_episodenumber>
  <Combined_season>3</Combined_season>
  <DVD_chapter></DVD_chapter>
  <DVD_discid></DVD_discid>
  <DVD_episodenumber></DVD_episodenumber>
  <DVD_season></DVD_season>
  <Director></Director>
  <EpImgFlag>2</EpImgFlag>
  <EpisodeName>Burn Stoolie Burn</EpisodeName>
  <EpisodeNumber>10</EpisodeNumber>
  <FirstAired>2012-12-10</FirstAired>
  <GuestStars></GuestStars>
  <IMDB_ID></IMDB_ID>
  <Language>en</Language>
  <Overview>The Warden learns a little about friendship and a lot about fire from an inmate. </Overview>
  <ProductionCode></ProductionCode>
  <Rating></Rating>
  <RatingCount>0</RatingCount>
  <SeasonNumber>3</SeasonNumber>
  <Writer></Writer>
  <absolute_number></absolute_number>
  <filename>episodes/83306/4452283.jpg</filename>
  <lastupdated>1361355890</lastupdated>
  <seasonid>501992</seasonid>
  <seriesid>83306</seriesid>
</Episode>
</Data>