<?xml version="1.0" encoding="UTF-8" ?>
<Actors>
<Actor>
  <id>303291</id>
  <Image>actors/303291.jpg</Image>
  <Name>Antony Starr</Name>
  <Role>Lucas Hood</Role>
  <SortOrder>0</SortOrder>
</Actor>
<Actor>
  <id>303296</id>
  <Image>actors/303296.jpg</Image>
  <Name>Ivana Milicevic</Name>
  <Role>Carrie Hopewell</Role>
  <SortOrder>1</SortOrder>
</Actor>
<Actor>
  <id>309495</id>
  <Image>actors/309495.jpg</Image>
  <Name>Lili Simmons</Name>
  <Role>Rebecca Bowman</Role>
  <SortOrder>2</SortOrder>
</Actor>
<Actor>
  <id>303295</id>
  <Image>actors/303295.jpg</Image>
  <Name>Frankie Faison</Name>
  <Role>Sugar Bates</Role>
  <SortOrder>2</SortOrder>
</Actor>
<Actor>
  <id>303293</id>
  <Image>actors/303293.jpg</Image>
  <Name>Ulrich Thomsen</Name>
  <Role>Kai Proctor</Role>
  <SortOrder>2</SortOrder>
</Actor>
<Actor>
  <id>309500</id>
  <Image>actors/309500.jpg</Image>
  <Name>Hoon Lee</Name>
  <Role>Job</Role>
  <SortOrder>3</SortOrder>
</Actor>
<Actor>
  <id>309499</id>
  <Image>actors/309499.jpg</Image>
  <Name>Matt Servitto</Name>
  <Role>Brock Lotus</Role>
  <SortOrder>3</SortOrder>
</Actor>
<Actor>
  <id>309497</id>
  <Image>actors/309497.jpg</Image>
  <Name>Trieste Kelly Dunn</Name>
  <Role>Siobhan Kelly</Role>
  <SortOrder>3</SortOrder>
</Actor>
<Actor>
  <id>309496</id>
  <Image>actors/309496.jpg</Image>
  <Name>Demetrius Grosse</Name>
  <Role>Emmett Yawners</Role>
  <SortOrder>3</SortOrder>
</Actor>
<Actor>
  <id>303298</id>
  <Image>actors/303298.jpg</Image>
  <Name>Ryann Shane</Name>
  <Role>Deva Hopewell</Role>
  <SortOrder>3</SortOrder>
</Actor>
<Actor>
  <id>303297</id>
  <Image>actors/303297.jpg</Image>
  <Name>Rus Blackwell</Name>
  <Role>Gordon Hopewell</Role>
  <SortOrder>3</SortOrder>
</Actor>
<Actor>
  <id>303292</id>
  <Image>actors/303292.jpg</Image>
  <Name>Ben Cross</Name>
  <Role>Rabbit</Role>
  <SortOrder>3</SortOrder>
</Actor>
</Actors>