<?xml version="1.0" encoding="UTF-8" ?>
<Data><Series>
  <id>259765</id>
  <Actors>|Antony Starr|Ivana Milicevic|Lili Simmons|Frankie Faison|Ulrich Thomsen|Hoon Lee|Matt Servitto|Trieste Kelly Dunn|Demetrius Grosse|Ryann Shane|Rus Blackwell|Ben Cross|</Actors>
  <Airs_DayOfWeek>Friday</Airs_DayOfWeek>
  <Airs_Time>10:00 PM</Airs_Time>
  <ContentRating>TV-MA</ContentRating>
  <FirstAired>2013-01-11</FirstAired>
  <Genre>|Action|Adventure|Drama|</Genre>
  <IMDB_ID>tt2017109</IMDB_ID>
  <Language>en</Language>
  <Network>Cinemax</Network>
  <NetworkID></NetworkID>
  <Overview>Lucas Hood is an ex-con and master thief who assumes the identity of the sheriff of Banshee, Pa., where he continues his criminal activities, even as he’s hunted by the shadowy gangsters he betrayed years earlier.</Overview>
  <Rating>7.9</Rating>
  <RatingCount>15</RatingCount>
  <Runtime>60</Runtime>
  <SeriesID>81838</SeriesID>
  <SeriesName>Banshee</SeriesName>
  <Status>Continuing</Status>
  <added>2012-06-07 22:10:42</added>
  <addedBy>336361</addedBy>
  <banner>graphical/259765-g3.jpg</banner>
  <fanart>fanart/original/259765-2.jpg</fanart>
  <lastupdated>1365586716</lastupdated>
  <poster>posters/259765-1.jpg</poster>
  <zap2it_id>EP01564099</zap2it_id>
</Series>
<Episode>
  <id>4395226</id>
  <Combined_episodenumber>1</Combined_episodenumber>
  <Combined_season>1</Combined_season>
  <DVD_chapter></DVD_chapter>
  <DVD_discid></DVD_discid>
  <DVD_episodenumber></DVD_episodenumber>
  <DVD_season></DVD_season>
  <Director>Greg Yaitanes</Director>
  <EpImgFlag>2</EpImgFlag>
  <EpisodeName>Pilot</EpisodeName>
  <EpisodeNumber>1</EpisodeNumber>
  <FirstAired>2013-01-11</FirstAired>
  <GuestStars>Christos Vasilopoulos|Russell Means|Anthony Ruivivar|Griff Furst|J.D. Evermore|Chelsea Cardwell|Joseph Gatt|</GuestStars>
  <IMDB_ID>tt2313681</IMDB_ID>
  <Language>en</Language>
  <Overview>A recently paroled master thief assumes the identity of Lucas Hood, sheriff-in-waiting of Banshee, Pa. Keeping his history a secret, Lucas befriends boxer-turned-bartender Sugar Bates, and settles into his new life as Banshee’s sheriff. Lucas inadvertently gets tangled up in the rampant corruption of shunned Amish gangster Kai Proctor, while keeping a vigilant eye out for Mr. Rabbit, the New York mob boss who wants revenge against Lucas and former partner and lover Carrie for the jewel heist that landed Lucas in prison. </Overview>
  <ProductionCode></ProductionCode>
  <Rating>7.7</Rating>
  <RatingCount>38</RatingCount>
  <SeasonNumber>1</SeasonNumber>
  <Writer>Jonathan Tropper|David Schickler|</Writer>
  <absolute_number>1</absolute_number>
  <filename>episodes/259765/4395226.jpg</filename>
  <lastupdated>1364822671</lastupdated>
  <seasonid>500501</seasonid>
  <seriesid>259765</seriesid>
</Episode>
<Episode>
  <id>4454974</id>
  <Combined_episodenumber>2</Combined_episodenumber>
  <Combined_season>1</Combined_season>
  <DVD_chapter></DVD_chapter>
  <DVD_discid></DVD_discid>
  <DVD_episodenumber></DVD_episodenumber>
  <DVD_season></DVD_season>
  <Director>SJ Clarkson</Director>
  <EpImgFlag>2</EpImgFlag>
  <EpisodeName>The Rave</EpisodeName>
  <EpisodeNumber>2</EpisodeNumber>
  <FirstAired>2013-01-18</FirstAired>
  <GuestStars>Kristopher Kling|Kay Story|Toby Leonard Moore|Marcus Hester|Melissa Ponzio|Chelsea Cardwell|</GuestStars>
  <IMDB_ID>tt2169286</IMDB_ID>
  <Language>en</Language>
  <Overview>Proctor’s desperate underling Hanson decides to hold a rave in an Amish barn, selling homemade E pills stolen from Proctor to Banshee youth including Deva, Carrie’s rebellious daughter. Catching wind of the plan, Lucas and his team orchestrate a raid, but the effects of a tainted batch of pills send many revelers into convulsions, with one notable fatality.</Overview>
  <ProductionCode></ProductionCode>
  <Rating>7.6</Rating>
  <RatingCount>34</RatingCount>
  <SeasonNumber>1</SeasonNumber>
  <Writer>Jonathan Tropper|David Schickler|</Writer>
  <absolute_number>2</absolute_number>
  <filename>episodes/259765/4454974.jpg</filename>
  <lastupdated>1364822731</lastupdated>
  <seasonid>500501</seasonid>
  <seriesid>259765</seriesid>
</Episode>
<Episode>
  <id>4454975</id>
  <Combined_episodenumber>3</Combined_episodenumber>
  <Combined_season>1</Combined_season>
  <DVD_chapter></DVD_chapter>
  <DVD_discid></DVD_discid>
  <DVD_episodenumber></DVD_episodenumber>
  <DVD_season></DVD_season>
  <Director>Ole Christian Madsen</Director>
  <EpImgFlag>2</EpImgFlag>
  <EpisodeName>Meet the New Boss</EpisodeName>
  <EpisodeNumber>3</EpisodeNumber>
  <FirstAired>2013-01-25</FirstAired>
  <GuestStars>Daniel Ross Owens|Christos Vasilopoulos|Cedric Stewart|Joseph Gatt|Russell Means|Anthony Ruivivar|Leslea Fisher|Wayne Pére|Claire Bronson|</GuestStars>
  <IMDB_ID>tt2272320</IMDB_ID>
  <Language>en</Language>
  <Overview>A mixed martial arts title bout is being planned at the local Kinaho Moon Casino, run by tribe leader Benjamin Longshadow and his son Alex. Huge profits are anticipated for Banshee investors, but the enterprise is threatened when the champion angers Lucas.</Overview>
  <ProductionCode></ProductionCode>
  <Rating>7.8</Rating>
  <RatingCount>28</RatingCount>
  <SeasonNumber>1</SeasonNumber>
  <Writer>Jonathan Tropper|David Schickler|</Writer>
  <absolute_number>3</absolute_number>
  <filename>episodes/259765/4454975.jpg</filename>
  <lastupdated>1364822879</lastupdated>
  <seasonid>500501</seasonid>
  <seriesid>259765</seriesid>
</Episode>
<Episode>
  <id>4460467</id>
  <Combined_episodenumber>4</Combined_episodenumber>
  <Combined_season>1</Combined_season>
  <DVD_chapter></DVD_chapter>
  <DVD_discid></DVD_discid>
  <DVD_episodenumber></DVD_episodenumber>
  <DVD_season></DVD_season>
  <Director>Greg Yaitanes</Director>
  <EpImgFlag>2</EpImgFlag>
  <EpisodeName>Half Deaf is Better Than All Dead</EpisodeName>
  <EpisodeNumber>4</EpisodeNumber>
  <FirstAired>2013-02-01</FirstAired>
  <GuestStars>Daniel Ross Owens|Wayne Pére|Deja Dee|</GuestStars>
  <IMDB_ID>tt2392675</IMDB_ID>
  <Language>en</Language>
  <Overview>A botched museum heist in Harrisburg has unintended consequences, as Lucas, Carrie and Job renew their partnership, at least for the moment. Later, after coercing redneck henchman Arno to offer up incriminating evidence, Lucas and Emmett arrest Proctor for Hanson’s murder, but are detoured on the way to the jail. Sugar looks for a cut; Kendall gets roughed up; Lucas and Carrie love the ones they’re with.</Overview>
  <ProductionCode></ProductionCode>
  <Rating>7.8</Rating>
  <RatingCount>32</RatingCount>
  <SeasonNumber>1</SeasonNumber>
  <Writer>Jonathan Tropper|David Schickler|</Writer>
  <absolute_number>4</absolute_number>
  <filename>episodes/259765/4460467.jpg</filename>
  <lastupdated>1364823034</lastupdated>
  <seasonid>500501</seasonid>
  <seriesid>259765</seriesid>
</Episode>
<Episode>
  <id>4460468</id>
  <Combined_episodenumber>5</Combined_episodenumber>
  <Combined_season>1</Combined_season>
  <DVD_chapter></DVD_chapter>
  <DVD_discid></DVD_discid>
  <DVD_episodenumber></DVD_episodenumber>
  <DVD_season></DVD_season>
  <Director>S.J. Clarkson</Director>
  <EpImgFlag>2</EpImgFlag>
  <EpisodeName>The Kindred</EpisodeName>
  <EpisodeNumber>5</EpisodeNumber>
  <FirstAired>2013-02-08</FirstAired>
  <GuestStars>Beth Adams|Chelsea Cardwell|Kerry Cashion|Derek Cecil|Steve Coulter|Leo Fitzpatrick|Kelly Lintz|Matthew Rauch|Daniel Ross Owens|Kay Story|Alpha Trivette|Christos Vasilopoulos</GuestStars>
  <IMDB_ID>tt2198566</IMDB_ID>
  <Language>en</Language>
  <Overview>A band of marauding bikers crashes the annual Banshee Spirit Festival, with deadly consequences, sparking Lucas and Siobhan to meter out vigilante justice. Burned after losing his key witness against Proctor, Lucas is further dismayed when FBI agent Xavier arrives to monitor the situation. Rebecca Bowman, torn between passion and her Amish roots, finds a kindred spirit in the sheriff.</Overview>
  <ProductionCode></ProductionCode>
  <Rating>7.6</Rating>
  <RatingCount>29</RatingCount>
  <SeasonNumber>1</SeasonNumber>
  <Writer>Jonathan Tropper|David Schickler</Writer>
  <absolute_number>5</absolute_number>
  <filename>episodes/259765/4460468.jpg</filename>
  <lastupdated>1364823080</lastupdated>
  <seasonid>500501</seasonid>
  <seriesid>259765</seriesid>
</Episode>
<Episode>
  <id>4460469</id>
  <Combined_episodenumber>6</Combined_episodenumber>
  <Combined_season>1</Combined_season>
  <DVD_chapter></DVD_chapter>
  <DVD_discid></DVD_discid>
  <DVD_episodenumber></DVD_episodenumber>
  <DVD_season></DVD_season>
  <Director>Ole Christian Madsen</Director>
  <EpImgFlag>2</EpImgFlag>
  <EpisodeName>Wicks</EpisodeName>
  <EpisodeNumber>6</EpisodeNumber>
  <FirstAired>2013-02-15</FirstAired>
  <GuestStars>Kay Story|William Haze|Melissa Ponzio|Joseph Gatt|Kelly Lintz|C.J. Perry|Moniqua Plante</GuestStars>
  <IMDB_ID>tt2272322</IMDB_ID>
  <Language>en</Language>
  <Overview>Wicks, an ex-con from Lucas’ past, passes through Banshee, triggering memories about the Albino, a brutal insider enlisted by Rabbit to make Lucas’ prison life a living hell. Proctor turns to extortion when a reverend refuses to sell his home to make room for a casino hotel.</Overview>
  <ProductionCode></ProductionCode>
  <Rating>7.8</Rating>
  <RatingCount>27</RatingCount>
  <SeasonNumber>1</SeasonNumber>
  <Writer>Jonathan Tropper|David Schickler|</Writer>
  <absolute_number>6</absolute_number>
  <filename>episodes/259765/4460469.jpg</filename>
  <lastupdated>1364823096</lastupdated>
  <seasonid>500501</seasonid>
  <seriesid>259765</seriesid>
</Episode>
<Episode>
  <id>4460470</id>
  <Combined_episodenumber>7</Combined_episodenumber>
  <Combined_season>1</Combined_season>
  <DVD_chapter></DVD_chapter>
  <DVD_discid></DVD_discid>
  <DVD_episodenumber></DVD_episodenumber>
  <DVD_season></DVD_season>
  <Director>Dean White</Director>
  <EpImgFlag>2</EpImgFlag>
  <EpisodeName>Behold a Pale Rider</EpisodeName>
  <EpisodeNumber>7</EpisodeNumber>
  <FirstAired>2013-02-22</FirstAired>
  <GuestStars>Matthew Rauch|Deja Dee|Chelsea Cardwell|Claire Bronson|Stephanie Northrup|</GuestStars>
  <IMDB_ID>tt2371798</IMDB_ID>
  <Language>en</Language>
  <Overview>Lucas’ cover is threatened when Carrie decides to give him over to Rabbit in an effort to protect herself and her family. Meanwhile, a drugstore robbery turns into a full-blown hostage crisis at the high school, with Deva and Mayor Kendall’s wife Janie among those whose lives are imperiled.</Overview>
  <ProductionCode></ProductionCode>
  <Rating>8.1</Rating>
  <RatingCount>22</RatingCount>
  <SeasonNumber>1</SeasonNumber>
  <Writer>Jonathan Tropper|David Schickler</Writer>
  <absolute_number>7</absolute_number>
  <filename>episodes/259765/4460470.jpg</filename>
  <lastupdated>1364823114</lastupdated>
  <seasonid>500501</seasonid>
  <seriesid>259765</seriesid>
</Episode>
<Episode>
  <id>4460471</id>
  <Combined_episodenumber>8</Combined_episodenumber>
  <Combined_season>1</Combined_season>
  <DVD_chapter></DVD_chapter>
  <DVD_discid></DVD_discid>
  <DVD_episodenumber></DVD_episodenumber>
  <DVD_season></DVD_season>
  <Director>Greg Yaitanes</Director>
  <EpImgFlag>2</EpImgFlag>
  <EpisodeName>We Shall Live Forever</EpisodeName>
  <EpisodeNumber>8</EpisodeNumber>
  <FirstAired>2013-03-01</FirstAired>
  <GuestStars>Steve Coulter|Samantha Worthen|Odette Annable</GuestStars>
  <IMDB_ID>tt2356588</IMDB_ID>
  <Language>en</Language>
  <Overview>Carrie urges Lucas to let go of the past, even as an increasingly suspicious Gordon is hell-bent on uncovering hers. Cast out of her Amish home, Rebecca turns to Proctor to give her a new start in Banshee. A surprise visit from Rabbit’s lieutenant, Olek, a.k.a. Widow’s Peak, brings back a flood of memories for Carrie. As his family keeps vigil for the ailing Benjamin Longshadow, Alex gets a surprise visit from his sister Nola.</Overview>
  <ProductionCode></ProductionCode>
  <Rating>7.8</Rating>
  <RatingCount>24</RatingCount>
  <SeasonNumber>1</SeasonNumber>
  <Writer>Jonathan Tropper|David Schickler|</Writer>
  <absolute_number>8</absolute_number>
  <filename>episodes/259765/4460471.jpg</filename>
  <lastupdated>1364823132</lastupdated>
  <seasonid>500501</seasonid>
  <seriesid>259765</seriesid>
</Episode>
<Episode>
  <id>4460472</id>
  <Combined_episodenumber>9</Combined_episodenumber>
  <Combined_season>1</Combined_season>
  <DVD_chapter></DVD_chapter>
  <DVD_discid></DVD_discid>
  <DVD_episodenumber></DVD_episodenumber>
  <DVD_season></DVD_season>
  <Director>Miguel Sapochnik</Director>
  <EpImgFlag>2</EpImgFlag>
  <EpisodeName>Always a Cowboy</EpisodeName>
  <EpisodeNumber>9</EpisodeNumber>
  <FirstAired>2013-03-08</FirstAired>
  <GuestStars>Ray Stoney|Derek Cecil|Alexis Raben|Odette Annable</GuestStars>
  <IMDB_ID>tt2372062</IMDB_ID>
  <Language>en</Language>
  <Overview>As Rabbit closes in on Carrie and Lucas, Carrie flees the hospital in a desperate attempt to collect her family and get them out of town. Kai introduces Rebecca to the business world, and sends Lucas a message about fooling around with his niece. Alex Longshadow recruits a Proctor thug with gambling issues to deal with a work-stoppage problem at the casino.</Overview>
  <ProductionCode></ProductionCode>
  <Rating>7.6</Rating>
  <RatingCount>23</RatingCount>
  <SeasonNumber>1</SeasonNumber>
  <Writer>Jonathan Tropper|David Schickler</Writer>
  <absolute_number>9</absolute_number>
  <filename>episodes/259765/4460472.jpg</filename>
  <lastupdated>1364823150</lastupdated>
  <seasonid>500501</seasonid>
  <seriesid>259765</seriesid>
</Episode>
<Episode>
  <id>4460473</id>
  <Combined_episodenumber>10</Combined_episodenumber>
  <Combined_season>1</Combined_season>
  <DVD_chapter></DVD_chapter>
  <DVD_discid></DVD_discid>
  <DVD_episodenumber></DVD_episodenumber>
  <DVD_season></DVD_season>
  <Director>Miguel Sapochnik</Director>
  <EpImgFlag>2</EpImgFlag>
  <EpisodeName>A Mixture of Madness</EpisodeName>
  <EpisodeNumber>10</EpisodeNumber>
  <FirstAired>2013-03-15</FirstAired>
  <GuestStars>Odette Annable|Ray Stoney|Jeff Chase|Griff Furst|Derek Cecil|Stevie Ray Dallimore|Harrison Thomas|</GuestStars>
  <IMDB_ID>tt2403698</IMDB_ID>
  <Language>en</Language>
  <Overview>Recalling a series of prison therapy sessions that fueled his hatred of Rabbit, and pressed by Xavier’s insistence that the FBI handle a kidnapping case, Lucas makes a decision that will change the collective fate of Carrie, her family, Sugar, Job, and the entire Banshee police force. A special delivery at Alex’s doorstep leads Nola to reconsider her future; Kai teaches Rebecca the power of telecommunications.</Overview>
  <ProductionCode></ProductionCode>
  <Rating>8.2</Rating>
  <RatingCount>20</RatingCount>
  <SeasonNumber>1</SeasonNumber>
  <Writer>Jonathan Tropper|David Schickler|</Writer>
  <absolute_number>10</absolute_number>
  <filename>episodes/259765/4460473.jpg</filename>
  <lastupdated>1364823170</lastupdated>
  <seasonid>500501</seasonid>
  <seriesid>259765</seriesid>
</Episode>
<Episode>
  <id>4525974</id>
  <Combined_episodenumber>1</Combined_episodenumber>
  <Combined_season>2</Combined_season>
  <DVD_chapter></DVD_chapter>
  <DVD_discid></DVD_discid>
  <DVD_episodenumber></DVD_episodenumber>
  <DVD_season></DVD_season>
  <Director></Director>
  <EpImgFlag></EpImgFlag>
  <EpisodeName>Little Fish</EpisodeName>
  <EpisodeNumber>1</EpisodeNumber>
  <FirstAired></FirstAired>
  <GuestStars></GuestStars>
  <IMDB_ID></IMDB_ID>
  <Language>en</Language>
  <Overview></Overview>
  <ProductionCode></ProductionCode>
  <Rating></Rating>
  <RatingCount>0</RatingCount>
  <SeasonNumber>2</SeasonNumber>
  <Writer></Writer>
  <absolute_number></absolute_number>
  <filename></filename>
  <lastupdated>1363556713</lastupdated>
  <seasonid>511373</seasonid>
  <seriesid>259765</seriesid>
</Episode>
<Episode>
  <id>4528968</id>
  <Combined_episodenumber>2</Combined_episodenumber>
  <Combined_season>2</Combined_season>
  <DVD_chapter></DVD_chapter>
  <DVD_discid></DVD_discid>
  <DVD_episodenumber></DVD_episodenumber>
  <DVD_season></DVD_season>
  <Director></Director>
  <EpImgFlag></EpImgFlag>
  <EpisodeName>The Thunder Man</EpisodeName>
  <EpisodeNumber>2</EpisodeNumber>
  <FirstAired></FirstAired>
  <GuestStars></GuestStars>
  <IMDB_ID></IMDB_ID>
  <Language>en</Language>
  <Overview></Overview>
  <ProductionCode></ProductionCode>
  <Rating></Rating>
  <RatingCount>0</RatingCount>
  <SeasonNumber>2</SeasonNumber>
  <Writer></Writer>
  <absolute_number></absolute_number>
  <filename></filename>
  <lastupdated>1363858425</lastupdated>
  <seasonid>511373</seasonid>
  <seriesid>259765</seriesid>
</Episode>
</Data>