<?xml version="1.0" encoding="UTF-8" ?>
<Banners>
<Banner>
  <id>587501</id>
  <BannerPath>fanart/original/163531-3.jpg</BannerPath>
  <BannerType>fanart</BannerType>
  <BannerType2>1920x1080</BannerType2>
  <Colors>|28,34,48|20,26,40|86,85,93|</Colors>
  <Language>en</Language>
  <Rating>8.3750</Rating>
  <RatingCount>8</RatingCount>
  <SeriesName>false</SeriesName>
  <ThumbnailPath>_cache/fanart/original/163531-3.jpg</ThumbnailPath>
  <VignettePath>fanart/vignette/163531-3.jpg</VignettePath>
</Banner>
<Banner>
  <id>495121</id>
  <BannerPath>fanart/original/163531-1.jpg</BannerPath>
  <BannerType>fanart</BannerType>
  <BannerType2>1920x1080</BannerType2>
  <Colors>|24,27,34|127,127,129|200,201,205|</Colors>
  <Language>en</Language>
  <Rating>6.8000</Rating>
  <RatingCount>5</RatingCount>
  <SeriesName>false</SeriesName>
  <ThumbnailPath>_cache/fanart/original/163531-1.jpg</ThumbnailPath>
  <VignettePath>fanart/vignette/163531-1.jpg</VignettePath>
</Banner>
<Banner>
  <id>533511</id>
  <BannerPath>fanart/original/163531-2.jpg</BannerPath>
  <BannerType>fanart</BannerType>
  <BannerType2>1920x1080</BannerType2>
  <Colors></Colors>
  <Language>en</Language>
  <Rating>5.8000</Rating>
  <RatingCount>5</RatingCount>
  <SeriesName>false</SeriesName>
  <ThumbnailPath>_cache/fanart/original/163531-2.jpg</ThumbnailPath>
  <VignettePath>fanart/vignette/163531-2.jpg</VignettePath>
</Banner>
<Banner>
  <id>659851</id>
  <BannerPath>fanart/original/163531-5.jpg</BannerPath>
  <BannerType>fanart</BannerType>
  <BannerType2>1920x1080</BannerType2>
  <Colors>|249,249,249|69,51,49|93,125,164|</Colors>
  <Language>de</Language>
  <Rating>4.3333</Rating>
  <RatingCount>3</RatingCount>
  <SeriesName>false</SeriesName>
  <ThumbnailPath>_cache/fanart/original/163531-5.jpg</ThumbnailPath>
  <VignettePath>fanart/vignette/163531-5.jpg</VignettePath>
</Banner>
<Banner>
  <id>624591</id>
  <BannerPath>fanart/original/163531-4.jpg</BannerPath>
  <BannerType>fanart</BannerType>
  <BannerType2>1920x1080</BannerType2>
  <Colors>|30,33,52|33,37,49|226,226,226|</Colors>
  <Language>en</Language>
  <Rating>2.0000</Rating>
  <RatingCount>1</RatingCount>
  <SeriesName>true</SeriesName>
  <ThumbnailPath>_cache/fanart/original/163531-4.jpg</ThumbnailPath>
  <VignettePath>fanart/vignette/163531-4.jpg</VignettePath>
</Banner>
<Banner>
  <id>900691</id>
  <BannerPath>posters/163531-6.jpg</BannerPath>
  <BannerType>poster</BannerType>
  <BannerType2>680x1000</BannerType2>
  <Language>en</Language>
  <Rating>7.6000</Rating>
  <RatingCount>5</RatingCount>
</Banner>
<Banner>
  <id>909618</id>
  <BannerPath>posters/163531-7.jpg</BannerPath>
  <BannerType>poster</BannerType>
  <BannerType2>680x1000</BannerType2>
  <Language>en</Language>
  <Rating>6.6667</Rating>
  <RatingCount>3</RatingCount>
</Banner>
<Banner>
  <id>614891</id>
  <BannerPath>posters/163531-2.jpg</BannerPath>
  <BannerType>poster</BannerType>
  <BannerType2>680x1000</BannerType2>
  <Language>en</Language>
  <Rating>6.3750</Rating>
  <RatingCount>8</RatingCount>
</Banner>
<Banner>
  <id>652131</id>
  <BannerPath>posters/163531-3.jpg</BannerPath>
  <BannerType>poster</BannerType>
  <BannerType2>680x1000</BannerType2>
  <Language>en</Language>
  <Rating>6.3750</Rating>
  <RatingCount>8</RatingCount>
</Banner>
<Banner>
  <id>891747</id>
  <BannerPath>posters/163531-5.jpg</BannerPath>
  <BannerType>poster</BannerType>
  <BannerType2>680x1000</BannerType2>
  <Language>en</Language>
  <Rating>5.0000</Rating>
  <RatingCount>2</RatingCount>
</Banner>
<Banner>
  <id>600371</id>
  <BannerPath>posters/163531-1.jpg</BannerPath>
  <BannerType>poster</BannerType>
  <BannerType2>680x1000</BannerType2>
  <Language>en</Language>
  <Rating>5.0000</Rating>
  <RatingCount>6</RatingCount>
</Banner>
<Banner>
  <id>882079</id>
  <BannerPath>posters/163531-4.jpg</BannerPath>
  <BannerType>poster</BannerType>
  <BannerType2>680x1000</BannerType2>
  <Language>en</Language>
  <Rating></Rating>
  <RatingCount>0</RatingCount>
</Banner>
<Banner>
  <id>909617</id>
  <BannerPath>seasons/163531-1-7.jpg</BannerPath>
  <BannerType>season</BannerType>
  <BannerType2>season</BannerType2>
  <Language>ru</Language>
  <Rating>10.0000</Rating>
  <RatingCount>1</RatingCount>
  <Season>1</Season>
</Banner>
<Banner>
  <id>865465</id>
  <BannerPath>seasons/163531-1-5.jpg</BannerPath>
  <BannerType>season</BannerType>
  <BannerType2>season</BannerType2>
  <Language>en</Language>
  <Rating>10.0000</Rating>
  <RatingCount>2</RatingCount>
  <Season>1</Season>
</Banner>
<Banner>
  <id>949112</id>
  <BannerPath>seasons/163531-1-8.jpg</BannerPath>
  <BannerType>season</BannerType>
  <BannerType2>season</BannerType2>
  <Language>nl</Language>
  <Rating>10.0000</Rating>
  <RatingCount>1</RatingCount>
  <Season>1</Season>
</Banner>
<Banner>
  <id>707271</id>
  <BannerPath>seasons/163531-1-4.jpg</BannerPath>
  <BannerType>season</BannerType>
  <BannerType2>season</BannerType2>
  <Language>en</Language>
  <Rating>9.5000</Rating>
  <RatingCount>2</RatingCount>
  <Season>1</Season>
</Banner>
<Banner>
  <id>612661</id>
  <BannerPath>seasons/163531-1.jpg</BannerPath>
  <BannerType>season</BannerType>
  <BannerType2>season</BannerType2>
  <Language>en</Language>
  <Rating>8.6667</Rating>
  <RatingCount>3</RatingCount>
  <Season>1</Season>
</Banner>
<Banner>
  <id>707261</id>
  <BannerPath>seasons/163531-1-3.jpg</BannerPath>
  <BannerType>season</BannerType>
  <BannerType2>season</BannerType2>
  <Language>en</Language>
  <Rating>8.5000</Rating>
  <RatingCount>2</RatingCount>
  <Season>1</Season>
</Banner>
<Banner>
  <id>858336</id>
  <BannerPath>seasons/163531-0.jpg</BannerPath>
  <BannerType>season</BannerType>
  <BannerType2>season</BannerType2>
  <Language>en</Language>
  <Rating></Rating>
  <RatingCount>0</RatingCount>
  <Season>0</Season>
</Banner>
<Banner>
  <id>697201</id>
  <BannerPath>seasons/163531-1-2.jpg</BannerPath>
  <BannerType>season</BannerType>
  <BannerType2>season</BannerType2>
  <Language>ru</Language>
  <Rating></Rating>
  <RatingCount>0</RatingCount>
  <Season>1</Season>
</Banner>
<Banner>
  <id>875998</id>
  <BannerPath>seasons/163531-1-6.jpg</BannerPath>
  <BannerType>season</BannerType>
  <BannerType2>season</BannerType2>
  <Language>es</Language>
  <Rating></Rating>
  <RatingCount>0</RatingCount>
  <Season>1</Season>
</Banner>
<Banner>
  <id>860413</id>
  <BannerPath>seasonswide/163531-1.jpg</BannerPath>
  <BannerType>season</BannerType>
  <BannerType2>seasonwide</BannerType2>
  <Language>en</Language>
  <Rating></Rating>
  <RatingCount>0</RatingCount>
  <Season>1</Season>
</Banner>
<Banner>
  <id>585891</id>
  <BannerPath>graphical/163531-g.jpg</BannerPath>
  <BannerType>series</BannerType>
  <BannerType2>graphical</BannerType2>
  <Language>en</Language>
  <Rating>8.5000</Rating>
  <RatingCount>8</RatingCount>
</Banner>
<Banner>
  <id>586091</id>
  <BannerPath>graphical/163531-g2.jpg</BannerPath>
  <BannerType>series</BannerType>
  <BannerType2>graphical</BannerType2>
  <Language>en</Language>
  <Rating>7.2857</Rating>
  <RatingCount>7</RatingCount>
</Banner>
<Banner>
  <id>678271</id>
  <BannerPath>graphical/163531-g3.jpg</BannerPath>
  <BannerType>series</BannerType>
  <BannerType2>graphical</BannerType2>
  <Language>en</Language>
  <Rating>6.8000</Rating>
  <RatingCount>5</RatingCount>
</Banner>
<Banner>
  <id>895774</id>
  <BannerPath>graphical/163531-g4.jpg</BannerPath>
  <BannerType>series</BannerType>
  <BannerType2>graphical</BannerType2>
  <Language>cs</Language>
  <Rating>4.5000</Rating>
  <RatingCount>2</RatingCount>
</Banner>
<Banner>
  <id>933900</id>
  <BannerPath>graphical/163531-g5.jpg</BannerPath>
  <BannerType>series</BannerType>
  <BannerType2>graphical</BannerType2>
  <Language>hu</Language>
  <Rating></Rating>
  <RatingCount>0</RatingCount>
</Banner>
</Banners>