<?xml version="1.0" encoding="UTF-8" ?>
<Data><Series>
  <id>163531</id>
  <Actors>|Laura Innes|Jason Ritter|Blair Underwood|Hal Holbrook|Clifton Collins Jr.|Bill Smitrovich|Wes Ramsey|Lisa Vidal|Taylor Cole|Zeljko Ivanek|Scott Patterson|Ian Anthony Dale|Sarah Roemer|</Actors>
  <Airs_DayOfWeek>Monday</Airs_DayOfWeek>
  <Airs_Time>4:00 AM</Airs_Time>
  <ContentRating>TV-14</ContentRating>
  <FirstAired>2010-09-20</FirstAired>
  <Genre>|Action|Adventure|Drama|Science-Fiction|</Genre>
  <IMDB_ID>tt1582459</IMDB_ID>
  <Language>en</Language>
  <Network>NBC</Network>
  <NetworkID></NetworkID>
  <Overview>The Event is an emotional, high-octane conspiracy thriller that follows Sean Walker, an everyman who investigates the mysterious disappearance of his would-be fiancée Leila, and unwittingly begins to expose the biggest cover-up in U.S. history.</Overview>
  <Rating>8.0</Rating>
  <RatingCount>85</RatingCount>
  <Runtime>60</Runtime>
  <SeriesID>78485</SeriesID>
  <SeriesName>The Event</SeriesName>
  <Status>Ended</Status>
  <added>2010-05-16 13:39:04</added>
  <addedBy>6560</addedBy>
  <banner>graphical/163531-g.jpg</banner>
  <fanart>fanart/original/163531-3.jpg</fanart>
  <lastupdated>1364034903</lastupdated>
  <poster>posters/163531-6.jpg</poster>
  <zap2it_id>SH01266581</zap2it_id>
</Series>
<Episode>
  <id>3039161</id>
  <Combined_episodenumber>1</Combined_episodenumber>
  <Combined_season>0</Combined_season>
  <DVD_chapter></DVD_chapter>
  <DVD_discid></DVD_discid>
  <DVD_episodenumber></DVD_episodenumber>
  <DVD_season></DVD_season>
  <Director></Director>
  <EpImgFlag></EpImgFlag>
  <EpisodeName>Recap Show</EpisodeName>
  <EpisodeNumber>1</EpisodeNumber>
  <FirstAired>2011-02-28</FirstAired>
  <GuestStars></GuestStars>
  <IMDB_ID></IMDB_ID>
  <Language>en</Language>
  <Overview>Two hour long broadcast: One hour recap and one hour new episode.</Overview>
  <ProductionCode></ProductionCode>
  <Rating>6.0</Rating>
  <RatingCount>1</RatingCount>
  <SeasonNumber>0</SeasonNumber>
  <Writer></Writer>
  <absolute_number></absolute_number>
  <airsafter_season></airsafter_season>
  <airsbefore_episode></airsbefore_episode>
  <airsbefore_season></airsbefore_season>
  <filename></filename>
  <lastupdated>1290890844</lastupdated>
  <seasonid>247861</seasonid>
  <seriesid>163531</seriesid>
</Episode>
<Episode>
  <id>2526111</id>
  <Combined_episodenumber>1</Combined_episodenumber>
  <Combined_season>1</Combined_season>
  <DVD_chapter></DVD_chapter>
  <DVD_discid></DVD_discid>
  <DVD_episodenumber></DVD_episodenumber>
  <DVD_season></DVD_season>
  <Director>Jeffrey Reiner</Director>
  <EpImgFlag>2</EpImgFlag>
  <EpisodeName>I Haven't Told You Everything</EpisodeName>
  <EpisodeNumber>1</EpisodeNumber>
  <FirstAired>2010-09-20</FirstAired>
  <GuestStars>Julia Campbell|Gonzalo Menendez|Tony Todd|Lauren Stamile</GuestStars>
  <IMDB_ID>tt1609414</IMDB_ID>
  <Language>en</Language>
  <Overview>After his girlfriend mysteriously disappears from a cruise, Sean Walker discovers a conspiracy of global proportions.</Overview>
  <ProductionCode></ProductionCode>
  <Rating>7.6</Rating>
  <RatingCount>202</RatingCount>
  <SeasonNumber>1</SeasonNumber>
  <Writer>Nick Wauters</Writer>
  <absolute_number>1</absolute_number>
  <filename>episodes/163531/2526111.jpg</filename>
  <lastupdated>1364034903</lastupdated>
  <seasonid>285101</seasonid>
  <seriesid>163531</seriesid>
</Episode>
<Episode>
  <id>2737011</id>
  <Combined_episodenumber>2</Combined_episodenumber>
  <Combined_season>1</Combined_season>
  <DVD_chapter></DVD_chapter>
  <DVD_discid></DVD_discid>
  <DVD_episodenumber></DVD_episodenumber>
  <DVD_season></DVD_season>
  <Director>Jeffrey Reiner</Director>
  <EpImgFlag>2</EpImgFlag>
  <EpisodeName>To Keep Us Safe</EpisodeName>
  <EpisodeNumber>2</EpisodeNumber>
  <FirstAired>2010-09-27</FirstAired>
  <GuestStars>D.B. Sweeney|Nate Witty|Heather McComb|Sam Hennings|</GuestStars>
  <IMDB_ID>tt1653550</IMDB_ID>
  <Language>en</Language>
  <Overview>The president's staff grapples with a new reality; the conspiracy engulfs an FBI agent and a mercenary with questionable ties; a shadowy figure emerges with knowledge of the detainees.</Overview>
  <ProductionCode></ProductionCode>
  <Rating>7.5</Rating>
  <RatingCount>179</RatingCount>
  <SeasonNumber>1</SeasonNumber>
  <Writer>Evan Katz|Nick Wauters</Writer>
  <absolute_number>2</absolute_number>
  <filename>episodes/163531/2737011.jpg</filename>
  <lastupdated>1355557930</lastupdated>
  <seasonid>285101</seasonid>
  <seriesid>163531</seriesid>
</Episode>
<Episode>
  <id>2757241</id>
  <Combined_episodenumber>3</Combined_episodenumber>
  <Combined_season>1</Combined_season>
  <DVD_chapter></DVD_chapter>
  <DVD_discid></DVD_discid>
  <DVD_episodenumber></DVD_episodenumber>
  <DVD_season></DVD_season>
  <Director>Jeffrey Reiner</Director>
  <EpImgFlag>2</EpImgFlag>
  <EpisodeName>Protect Them from the Truth</EpisodeName>
  <EpisodeNumber>3</EpisodeNumber>
  <FirstAired>2010-10-04</FirstAired>
  <GuestStars>D.B. Sweeney|Heather McComb|Gabriel Olds|Clea DuVall</GuestStars>
  <IMDB_ID>tt1653551</IMDB_ID>
  <Language>en</Language>
  <Overview>The administration unveils a tough new strategy to force Sophia to reveal the detainees' plan; Vicky and Carter possess a crucial hostage.</Overview>
  <ProductionCode></ProductionCode>
  <Rating>7.7</Rating>
  <RatingCount>178</RatingCount>
  <SeasonNumber>1</SeasonNumber>
  <Writer>David H. Goodman|James Wong</Writer>
  <absolute_number>3</absolute_number>
  <filename>episodes/163531/2757241.jpg</filename>
  <lastupdated>1355557962</lastupdated>
  <seasonid>285101</seasonid>
  <seriesid>163531</seriesid>
</Episode>
<Episode>
  <id>2764251</id>
  <Combined_episodenumber>4</Combined_episodenumber>
  <Combined_season>1</Combined_season>
  <DVD_chapter></DVD_chapter>
  <DVD_discid></DVD_discid>
  <DVD_episodenumber></DVD_episodenumber>
  <DVD_season></DVD_season>
  <Director>John Badham</Director>
  <EpImgFlag>2</EpImgFlag>
  <EpisodeName>A Matter of Life and Death</EpisodeName>
  <EpisodeNumber>4</EpisodeNumber>
  <FirstAired>2010-10-11</FirstAired>
  <GuestStars>D.B. Sweeney|Heather McComb|Hal Holbrook|Julia Campbell|William Russ</GuestStars>
  <IMDB_ID>tt1653552</IMDB_ID>
  <Language>en</Language>
  <Overview>The White House grapples with a mysterious biological threat. Their only hope is to crack Sophia during interrogation. Meanwhile, Vicky and Carter keep their hostage captive while they await further instructions. FBI Agent Collier, on her search for Leila, stumbles upon Vicky's secret life. Elsewhere, a powerful businessman, Dempsey with classified intelligence and ties to the White House, emerges from the shadows.</Overview>
  <ProductionCode></ProductionCode>
  <Rating>7.6</Rating>
  <RatingCount>159</RatingCount>
  <SeasonNumber>1</SeasonNumber>
  <Writer>David Schulner|Lisa Zwerling</Writer>
  <absolute_number>4</absolute_number>
  <filename>episodes/163531/2764251.jpg</filename>
  <lastupdated>1328601858</lastupdated>
  <seasonid>285101</seasonid>
  <seriesid>163531</seriesid>
</Episode>
<Episode>
  <id>2764261</id>
  <Combined_episodenumber>5</Combined_episodenumber>
  <Combined_season>1</Combined_season>
  <DVD_chapter></DVD_chapter>
  <DVD_discid></DVD_discid>
  <DVD_episodenumber></DVD_episodenumber>
  <DVD_season></DVD_season>
  <Director>Milan Cheylov</Director>
  <EpImgFlag>2</EpImgFlag>
  <EpisodeName>Casualties of War</EpisodeName>
  <EpisodeNumber>5</EpisodeNumber>
  <FirstAired>2010-10-18</FirstAired>
  <GuestStars>D.B. Sweeney|Heather McComb|Rosalind Chao|William Russ</GuestStars>
  <IMDB_ID>tt1653553</IMDB_ID>
  <Language>en</Language>
  <Overview>The CDC tries to identify the contagion and treat those infected as the biological threat intensifies; Simon asks Sophia to betray Thomas.</Overview>
  <ProductionCode></ProductionCode>
  <Rating>7.5</Rating>
  <RatingCount>171</RatingCount>
  <SeasonNumber>1</SeasonNumber>
  <Writer>|Dan Dworkin|Jay Beattie|</Writer>
  <absolute_number>5</absolute_number>
  <filename>episodes/163531/2764261.jpg</filename>
  <lastupdated>1329112715</lastupdated>
  <seasonid>285101</seasonid>
  <seriesid>163531</seriesid>
</Episode>
<Episode>
  <id>2945021</id>
  <Combined_episodenumber>6</Combined_episodenumber>
  <Combined_season>1</Combined_season>
  <DVD_chapter></DVD_chapter>
  <DVD_discid></DVD_discid>
  <DVD_episodenumber></DVD_episodenumber>
  <DVD_season></DVD_season>
  <Director>Jonas Pate</Director>
  <EpImgFlag>2</EpImgFlag>
  <EpisodeName>Loyalty</EpisodeName>
  <EpisodeNumber>6</EpisodeNumber>
  <FirstAired>2010-10-25</FirstAired>
  <GuestStars>Paula Malcomson|D.B. Sweeney|Heather McComb|Dondre Whitfield|Salome Jens|Harold Roden|Peter Chen</GuestStars>
  <IMDB_ID>tt1653554</IMDB_ID>
  <Language>en</Language>
  <Overview>Sean encounters a mysterious conspiracy theorist while looking for answers in Leila's home; Simon's allegiances are tested.</Overview>
  <ProductionCode></ProductionCode>
  <Rating>7.5</Rating>
  <RatingCount>165</RatingCount>
  <SeasonNumber>1</SeasonNumber>
  <Writer>|Leyani Diaz|Vanessa Rojas|</Writer>
  <absolute_number>6</absolute_number>
  <filename>episodes/163531/2945021.jpg</filename>
  <lastupdated>1329168039</lastupdated>
  <seasonid>285101</seasonid>
  <seriesid>163531</seriesid>
</Episode>
<Episode>
  <id>2997671</id>
  <Combined_episodenumber>7</Combined_episodenumber>
  <Combined_season>1</Combined_season>
  <DVD_chapter></DVD_chapter>
  <DVD_discid></DVD_discid>
  <DVD_episodenumber></DVD_episodenumber>
  <DVD_season></DVD_season>
  <Director>Milan Cheylov</Director>
  <EpImgFlag>2</EpImgFlag>
  <EpisodeName>I Know Who You Are</EpisodeName>
  <EpisodeNumber>7</EpisodeNumber>
  <FirstAired>2010-11-08</FirstAired>
  <GuestStars>Paula Malcomson|D.B. Sweeney|Scott Michael Campbell|Madison Mason|Hal Holbrook|Anna Clark|Scarlett Chorvat|Dondre Whitfield</GuestStars>
  <IMDB_ID>tt1653555</IMDB_ID>
  <Language>en</Language>
  <Overview>President Martinez orders Director of National Intelligence, Blake Sterling, to root out the mole from their staff, which causes Sterling to question his judgment of people close to him. Sophia reasserts her power over Thomas and the other detainees, and she prepares them for the next leg of their mission. Elsewhere, with the aid of Madeline, Sean continues his hunt for answers, all the while trying to stay one step ahead of the covert agents who trail him.</Overview>
  <ProductionCode></ProductionCode>
  <Rating>7.5</Rating>
  <RatingCount>153</RatingCount>
  <SeasonNumber>1</SeasonNumber>
  <Writer>|Evan Katz|Lisa Zwerling|</Writer>
  <absolute_number>7</absolute_number>
  <filename>episodes/163531/2997671.jpg</filename>
  <lastupdated>1329595713</lastupdated>
  <seasonid>285101</seasonid>
  <seriesid>163531</seriesid>
</Episode>
<Episode>
  <id>2997681</id>
  <Combined_episodenumber>8</Combined_episodenumber>
  <Combined_season>1</Combined_season>
  <DVD_chapter></DVD_chapter>
  <DVD_discid></DVD_discid>
  <DVD_episodenumber></DVD_episodenumber>
  <DVD_season></DVD_season>
  <Director>Jeffrey Reiner</Director>
  <EpImgFlag>2</EpImgFlag>
  <EpisodeName>For the Good of Our Country</EpisodeName>
  <EpisodeNumber>8</EpisodeNumber>
  <FirstAired>2010-11-15</FirstAired>
  <GuestStars>Hal Holbrook|Rick Peters|Tony Todd|Geoffrey Blake|Christopher May|Paula Malcomson|Eyal Podell</GuestStars>
  <IMDB_ID>tt1653556</IMDB_ID>
  <Language>en</Language>
  <Overview>President Martinez, furious about recent security failures, demands answers from Director of National Intelligence, Blake Sterling. When he doesn't receive the progress that he desires, Martinez decides to personally interrogate Michael Buchanan about his involvement in the assassination attempt. While Michael holds to his claim that he doesn't know who is involved, he inadvertently reveals incriminating evidence about someone deep inside the President's staff. Meanwhile, Dempsey dispatches Vicky on a new clandestine mission. And, elsewhere, Sean and Leila  scramble to stay ahead of the covert ops that are trying to silence them and what they know.</Overview>
  <ProductionCode></ProductionCode>
  <Rating>7.4</Rating>
  <RatingCount>157</RatingCount>
  <SeasonNumber>1</SeasonNumber>
  <Writer>|David H. Goodman|James Wong|</Writer>
  <absolute_number>8</absolute_number>
  <filename>episodes/163531/2997681.jpg</filename>
  <lastupdated>1329595761</lastupdated>
  <seasonid>285101</seasonid>
  <seriesid>163531</seriesid>
</Episode>
<Episode>
  <id>2997691</id>
  <Combined_episodenumber>9</Combined_episodenumber>
  <Combined_season>1</Combined_season>
  <DVD_chapter></DVD_chapter>
  <DVD_discid></DVD_discid>
  <DVD_episodenumber></DVD_episodenumber>
  <DVD_season></DVD_season>
  <Director>Michelle MacLaren</Director>
  <EpImgFlag>2</EpImgFlag>
  <EpisodeName>Your World to Take</EpisodeName>
  <EpisodeNumber>9</EpisodeNumber>
  <FirstAired>2010-11-22</FirstAired>
  <GuestStars>Hal Holbrook|Kathleen Quinlan|Heather McComb|Necar Zadegan|Bonnie Root|Josh Randall|Peter Murnik</GuestStars>
  <IMDB_ID></IMDB_ID>
  <Language>en</Language>
  <Overview>President Martinez reacts to the knowledge of who betrayed him within his administration. Meanwhile, after revealing her plan for the Sleepers' future, Sophia learns of dissension among her people. She sets a trap for the perpetrators and acts decisively to quell any future mutiny. Elsewhere, Sean and Leila try to unravel the mystery of Samantha's kidnapping, while evading Dempsey's nefarious clutches. </Overview>
  <ProductionCode></ProductionCode>
  <Rating>7.3</Rating>
  <RatingCount>152</RatingCount>
  <SeasonNumber>1</SeasonNumber>
  <Writer>|Dan Dworkin|Jay Beattie|</Writer>
  <absolute_number>9</absolute_number>
  <filename>episodes/163531/2997691.jpg</filename>
  <lastupdated>1330207393</lastupdated>
  <seasonid>285101</seasonid>
  <seriesid>163531</seriesid>
</Episode>
<Episode>
  <id>3039151</id>
  <Combined_episodenumber>10</Combined_episodenumber>
  <Combined_season>1</Combined_season>
  <DVD_chapter></DVD_chapter>
  <DVD_discid></DVD_discid>
  <DVD_episodenumber></DVD_episodenumber>
  <DVD_season></DVD_season>
  <Director>Norberto Barba</Director>
  <EpImgFlag>2</EpImgFlag>
  <EpisodeName>Everything Will Change</EpisodeName>
  <EpisodeNumber>10</EpisodeNumber>
  <FirstAired>2010-11-29</FirstAired>
  <GuestStars>Kathleen Quinlan|Peter Murnik|Josh Randall|Bernard White|Necar Zadegan|Angella Bullock|Blue Deckert|Hal Holbrook|Anna Clark</GuestStars>
  <IMDB_ID></IMDB_ID>
  <Language>en</Language>
  <Overview>Sophia's suspicions are confirmed when Thomas reveals a shocking new plan. Leila and Sean battle mercenaries while searching for Samantha.</Overview>
  <ProductionCode></ProductionCode>
  <Rating>7.6</Rating>
  <RatingCount>140</RatingCount>
  <SeasonNumber>1</SeasonNumber>
  <Writer>|David Schulner|Nick Wauters|</Writer>
  <absolute_number>10</absolute_number>
  <filename>episodes/163531/3039151.jpg</filename>
  <lastupdated>1330295786</lastupdated>
  <seasonid>285101</seasonid>
  <seriesid>163531</seriesid>
</Episode>
<Episode>
  <id>3150021</id>
  <Combined_episodenumber>11</Combined_episodenumber>
  <Combined_season>1</Combined_season>
  <DVD_chapter></DVD_chapter>
  <DVD_discid></DVD_discid>
  <DVD_episodenumber></DVD_episodenumber>
  <DVD_season></DVD_season>
  <Director>Jeffrey Reiner</Director>
  <EpImgFlag>2</EpImgFlag>
  <EpisodeName>And Then There Were More</EpisodeName>
  <EpisodeNumber>11</EpisodeNumber>
  <FirstAired>2011-03-07</FirstAired>
  <GuestStars>Virginia Madsen|Clea DuVall|Lee Thompson Young|Heather McComb|Necar Zadegan|Roger Bart|Kirk B.R. Woller|Anna Clark</GuestStars>
  <IMDB_ID></IMDB_ID>
  <Language>en</Language>
  <Overview>Martinez and his Chief of Staff order their intelligence departments to determine the nature of Thomas' message and who it was sent to. Meanwhile, Thomas launches a surprise attack, Alaskan Senator Catherine Lewis threatens to go on national television to alert the public to the enemy among them, and Sean and Leila get a fresh lead on Samantha's location.</Overview>
  <ProductionCode></ProductionCode>
  <Rating>7.5</Rating>
  <RatingCount>122</RatingCount>
  <SeasonNumber>1</SeasonNumber>
  <Writer>Leyani Diaz|Vanessa Rojas|David H. Goodman</Writer>
  <absolute_number>11</absolute_number>
  <filename>episodes/163531/3150021.jpg</filename>
  <lastupdated>1330841121</lastupdated>
  <seasonid>285101</seasonid>
  <seriesid>163531</seriesid>
</Episode>
<Episode>
  <id>3302511</id>
  <Combined_episodenumber>12</Combined_episodenumber>
  <Combined_season>1</Combined_season>
  <DVD_chapter></DVD_chapter>
  <DVD_discid></DVD_discid>
  <DVD_episodenumber></DVD_episodenumber>
  <DVD_season></DVD_season>
  <Director>Jeffrey Reiner</Director>
  <EpImgFlag>2</EpImgFlag>
  <EpisodeName>Inostranka</EpisodeName>
  <EpisodeNumber>12</EpisodeNumber>
  <FirstAired>2011-03-07</FirstAired>
  <GuestStars>Virginia Madsen|Clea DuVall|Lee Thompson Young|Roger Bart|Kirk B.R. Woller|Sam Ball|Hal Holbrook|Anna Clark</GuestStars>
  <IMDB_ID></IMDB_ID>
  <Language>en</Language>
  <Overview>Meanwhile, newly appointed Alaskan Senator Catherine Lewis threatens to divulge information about the Mt. Inostranka detention facility on an episode of &quot;HARDBALL with Chris Matthews.&quot; Elsewhere, Sean and Leila get a fresh lead on the whereabouts of Samantha, but it leads them to a dramatic turn in their lives. James Dempsey foresees that he and Sean will once again cross paths.</Overview>
  <ProductionCode></ProductionCode>
  <Rating>7.4</Rating>
  <RatingCount>117</RatingCount>
  <SeasonNumber>1</SeasonNumber>
  <Writer>David Schulner|Dan Dworkin|Jay Beattie</Writer>
  <absolute_number>12</absolute_number>
  <filename>episodes/163531/3302511.jpg</filename>
  <lastupdated>1330841167</lastupdated>
  <seasonid>285101</seasonid>
  <seriesid>163531</seriesid>
</Episode>
<Episode>
  <id>3784711</id>
  <Combined_episodenumber>13</Combined_episodenumber>
  <Combined_season>1</Combined_season>
  <DVD_chapter></DVD_chapter>
  <DVD_discid></DVD_discid>
  <DVD_episodenumber></DVD_episodenumber>
  <DVD_season></DVD_season>
  <Director>Michael Waxman</Director>
  <EpImgFlag>2</EpImgFlag>
  <EpisodeName>Turnabout</EpisodeName>
  <EpisodeNumber>13</EpisodeNumber>
  <FirstAired>2011-03-14</FirstAired>
  <GuestStars>Roger Bart|Gabrielle Carteris|Blue Deckert|Jack Stehlin|Anna Clark|Jose Zuniga</GuestStars>
  <IMDB_ID></IMDB_ID>
  <Language>en</Language>
  <Overview>President Martinez gets tougher with dealing with the cleanup of Thomas's breakout of 51 Inostranka detainees. Michael drops Lelia and Samantha off with a fellow alien family to go help Sophia stop Thomas. The 51 detainees and Thomas move into a suburban area, while Michael and Sophia detain one of them for questioning. Sean gets into a bar fight.</Overview>
  <ProductionCode></ProductionCode>
  <Rating>7.4</Rating>
  <RatingCount>118</RatingCount>
  <SeasonNumber>1</SeasonNumber>
  <Writer>James Wong</Writer>
  <absolute_number>13</absolute_number>
  <filename>episodes/163531/3784711.jpg</filename>
  <lastupdated>1331496833</lastupdated>
  <seasonid>285101</seasonid>
  <seriesid>163531</seriesid>
</Episode>
<Episode>
  <id>3832411</id>
  <Combined_episodenumber>14</Combined_episodenumber>
  <Combined_season>1</Combined_season>
  <DVD_chapter></DVD_chapter>
  <DVD_discid></DVD_discid>
  <DVD_episodenumber></DVD_episodenumber>
  <DVD_season></DVD_season>
  <Director>Norberto Barba</Director>
  <EpImgFlag>2</EpImgFlag>
  <EpisodeName>A Message Back</EpisodeName>
  <EpisodeNumber>14</EpisodeNumber>
  <FirstAired>2011-03-21</FirstAired>
  <GuestStars>Hal Holbrook|Sean Carrigan|Moe Irvin|Gabrielle Carteris|Jose Zuniga|Gary Weeks|Sahlima|Kovar McClure|Rebecca Lowman|</GuestStars>
  <IMDB_ID></IMDB_ID>
  <Language>en</Language>
  <Overview>Thomas summons Sophia, Diane Geller, and the other Sleepers to reveal the contents of the game-changing message he received. With newfound intensity, President Martinez confronts Vice President Ray Jarvis about his betrayal. Sean blackmails Vicky into helping him on a mission of vengeance. Elsewhere, Dempsey continues on his hunt for experimental subjects.</Overview>
  <ProductionCode></ProductionCode>
  <Rating>7.4</Rating>
  <RatingCount>122</RatingCount>
  <SeasonNumber>1</SeasonNumber>
  <Writer>David H. Goodman|Nick Wauters</Writer>
  <absolute_number>14</absolute_number>
  <filename>episodes/163531/3832411.jpg</filename>
  <lastupdated>1331496874</lastupdated>
  <seasonid>285101</seasonid>
  <seriesid>163531</seriesid>
</Episode>
<Episode>
  <id>3900061</id>
  <Combined_episodenumber>15</Combined_episodenumber>
  <Combined_season>1</Combined_season>
  <DVD_chapter></DVD_chapter>
  <DVD_discid></DVD_discid>
  <DVD_episodenumber></DVD_episodenumber>
  <DVD_season></DVD_season>
  <Director>Janusz Kaminski</Director>
  <EpImgFlag>2</EpImgFlag>
  <EpisodeName>Face Off</EpisodeName>
  <EpisodeNumber>15</EpisodeNumber>
  <FirstAired>2011-03-28</FirstAired>
  <GuestStars>Sean Carrigan|Victor Harris|Jason Konopisos|Yvette Saunders|</GuestStars>
  <IMDB_ID></IMDB_ID>
  <Language>en</Language>
  <Overview>Negotiations for the release of the Sleepers begin after Sophia triggers a national disaster; Sean and Vicky continue their mission.</Overview>
  <ProductionCode></ProductionCode>
  <Rating>7.8</Rating>
  <RatingCount>124</RatingCount>
  <SeasonNumber>1</SeasonNumber>
  <Writer>David Schulner|Lisa Zwerling</Writer>
  <absolute_number>15</absolute_number>
  <filename>episodes/163531/3900061.jpg</filename>
  <lastupdated>1332101638</lastupdated>
  <seasonid>285101</seasonid>
  <seriesid>163531</seriesid>
</Episode>
<Episode>
  <id>3900101</id>
  <Combined_episodenumber>16</Combined_episodenumber>
  <Combined_season>1</Combined_season>
  <DVD_chapter></DVD_chapter>
  <DVD_discid></DVD_discid>
  <DVD_episodenumber></DVD_episodenumber>
  <DVD_season></DVD_season>
  <Director>Michael Waxman</Director>
  <EpImgFlag>2</EpImgFlag>
  <EpisodeName>You Bury Other Things Too</EpisodeName>
  <EpisodeNumber>16</EpisodeNumber>
  <FirstAired>2011-04-04</FirstAired>
  <GuestStars>Sean Carrigan|Wylie Small|Sahlima</GuestStars>
  <IMDB_ID></IMDB_ID>
  <Language>en</Language>
  <Overview>The Sleepers mourn their losses after negotiations are derailed; Sterling tries to test Simon's loyalties; President Martinez asks Sen. Lewis to find any remaining moles in the White House.</Overview>
  <ProductionCode></ProductionCode>
  <Rating>7.5</Rating>
  <RatingCount>111</RatingCount>
  <SeasonNumber>1</SeasonNumber>
  <Writer>Dan Dworkin|Jay Beattie</Writer>
  <absolute_number>16</absolute_number>
  <filename>episodes/163531/3900101.jpg</filename>
  <lastupdated>1332101588</lastupdated>
  <seasonid>285101</seasonid>
  <seriesid>163531</seriesid>
</Episode>
<Episode>
  <id>4048651</id>
  <Combined_episodenumber>17</Combined_episodenumber>
  <Combined_season>1</Combined_season>
  <DVD_chapter></DVD_chapter>
  <DVD_discid></DVD_discid>
  <DVD_episodenumber></DVD_episodenumber>
  <DVD_season></DVD_season>
  <Director>Norberto Barba</Director>
  <EpImgFlag>2</EpImgFlag>
  <EpisodeName>Cut Off the Head</EpisodeName>
  <EpisodeNumber>17</EpisodeNumber>
  <FirstAired>2011-04-18</FirstAired>
  <GuestStars>|Roger Bart|</GuestStars>
  <IMDB_ID></IMDB_ID>
  <Language>en</Language>
  <Overview>Vice President Jarvis vocalizes his lack of faith in President Martinez's leadership and agrees to meet with an adversary. Senator Catherine Lewis reports the findings of her surreptitious blood testing of the White House staff only to find one holdout, someone very close to the President. Sophia pushes forward in her search for a super weapon. And, after witnessing injustices within the Sleeper community, Leila begins to question where she belongs. Elsewhere, Sean and Vicky find whom they've been hunting for, but it may be too late.</Overview>
  <ProductionCode></ProductionCode>
  <Rating>7.5</Rating>
  <RatingCount>120</RatingCount>
  <SeasonNumber>1</SeasonNumber>
  <Writer>Evan Katz|James Wong</Writer>
  <absolute_number>17</absolute_number>
  <filename>episodes/163531/4048651.jpg</filename>
  <lastupdated>1333259146</lastupdated>
  <seasonid>285101</seasonid>
  <seriesid>163531</seriesid>
</Episode>
<Episode>
  <id>4065681</id>
  <Combined_episodenumber>18</Combined_episodenumber>
  <Combined_season>1</Combined_season>
  <DVD_chapter></DVD_chapter>
  <DVD_discid></DVD_discid>
  <DVD_episodenumber></DVD_episodenumber>
  <DVD_season></DVD_season>
  <Director>Michael W. Watkins</Director>
  <EpImgFlag>2</EpImgFlag>
  <EpisodeName>Strain</EpisodeName>
  <EpisodeNumber>18</EpisodeNumber>
  <FirstAired>2011-04-25</FirstAired>
  <GuestStars></GuestStars>
  <IMDB_ID></IMDB_ID>
  <Language>en</Language>
  <Overview>The White House is rocked by the sudden illness of one of their own, leaving Chief of Staff Peel and Sterling to investigate possible conspirators. Michael Buchanan comes to the aid of Leila, but it leaves them both at risk of Sophia's wrath. Across the globe in Russia, Sean and Vicky race to stop Sophia's weapon from being loaded onto a plane heading to the United States.</Overview>
  <ProductionCode></ProductionCode>
  <Rating>7.6</Rating>
  <RatingCount>119</RatingCount>
  <SeasonNumber>1</SeasonNumber>
  <Writer>Dan Dworkin|Jay Beattie</Writer>
  <absolute_number>18</absolute_number>
  <filename>episodes/163531/4065681.jpg</filename>
  <lastupdated>1333259122</lastupdated>
  <seasonid>285101</seasonid>
  <seriesid>163531</seriesid>
</Episode>
<Episode>
  <id>4078243</id>
  <Combined_episodenumber>19</Combined_episodenumber>
  <Combined_season>1</Combined_season>
  <DVD_chapter></DVD_chapter>
  <DVD_discid></DVD_discid>
  <DVD_episodenumber></DVD_episodenumber>
  <DVD_season></DVD_season>
  <Director>Milan Cheylov</Director>
  <EpImgFlag>2</EpImgFlag>
  <EpisodeName>Us or Them</EpisodeName>
  <EpisodeNumber>19</EpisodeNumber>
  <FirstAired>2011-05-02</FirstAired>
  <GuestStars></GuestStars>
  <IMDB_ID></IMDB_ID>
  <Language>en</Language>
  <Overview>The White House grapples with the unfolding tragedy as Sterling continues the investigation into his primary suspect. Sophia manipulates the traitor inside the White House, confirming the suspicions of Chief of Staff Peel. Leila and Michael attempt to rescue Simon, but at tremendous personal risk. Elsewhere, Sean and Vicky try to identify Sophia's secret courier before it's too late.</Overview>
  <ProductionCode></ProductionCode>
  <Rating>7.4</Rating>
  <RatingCount>121</RatingCount>
  <SeasonNumber>1</SeasonNumber>
  <Writer>David H. Goodman</Writer>
  <absolute_number>19</absolute_number>
  <filename>episodes/163531/4078243.jpg</filename>
  <lastupdated>1333259092</lastupdated>
  <seasonid>285101</seasonid>
  <seriesid>163531</seriesid>
</Episode>
<Episode>
  <id>4081067</id>
  <Combined_episodenumber>20</Combined_episodenumber>
  <Combined_season>1</Combined_season>
  <DVD_chapter></DVD_chapter>
  <DVD_discid></DVD_discid>
  <DVD_episodenumber></DVD_episodenumber>
  <DVD_season></DVD_season>
  <Director>Alex Zakrzewski</Director>
  <EpImgFlag>2</EpImgFlag>
  <EpisodeName>One Will Live, One Will Die</EpisodeName>
  <EpisodeNumber>20</EpisodeNumber>
  <FirstAired>2011-05-09</FirstAired>
  <GuestStars></GuestStars>
  <IMDB_ID></IMDB_ID>
  <Language>en</Language>
  <Overview>With doubt still surrounding the tragedy at the White House, Sterling encounters an unlikely ally in Simon, who risks his life to return with a possible antidote. Against the wishes of Chief of Staff Richard Peel, Jarvis authorizes an air strike to neutralize them. Meanwhile, Sophia continues on her diabolical plan to exterminate the human race, now with the help of an unwitting accomplice -- Leila
</Overview>
  <ProductionCode></ProductionCode>
  <Rating>7.5</Rating>
  <RatingCount>119</RatingCount>
  <SeasonNumber>1</SeasonNumber>
  <Writer>David Schulner</Writer>
  <absolute_number>20</absolute_number>
  <filename>episodes/163531/4081067.jpg</filename>
  <lastupdated>1333259188</lastupdated>
  <seasonid>285101</seasonid>
  <seriesid>163531</seriesid>
</Episode>
<Episode>
  <id>4085153</id>
  <Combined_episodenumber>21</Combined_episodenumber>
  <Combined_season>1</Combined_season>
  <DVD_chapter></DVD_chapter>
  <DVD_discid></DVD_discid>
  <DVD_episodenumber></DVD_episodenumber>
  <DVD_season></DVD_season>
  <Director>Jonas Pate</Director>
  <EpImgFlag>2</EpImgFlag>
  <EpisodeName>The Beginning of the End</EpisodeName>
  <EpisodeNumber>21</EpisodeNumber>
  <FirstAired>2011-05-16</FirstAired>
  <GuestStars></GuestStars>
  <IMDB_ID></IMDB_ID>
  <Language>en</Language>
  <Overview>President Martinez makes a triumphant albeit shaky return to the White House, determined to punish the traitors who conspired against him. Sophia forges ahead with her plan, while battling a new enemy -- the guilt that has begun to plague her. Sean and Vicky form an impromptu team with Sterling and Simon in order to track down Sophia's headquarters and stop her before the destruction of all human life.</Overview>
  <ProductionCode></ProductionCode>
  <Rating>7.6</Rating>
  <RatingCount>112</RatingCount>
  <SeasonNumber>1</SeasonNumber>
  <Writer>Leyani Diaz|Vanessa Rojas</Writer>
  <absolute_number>21</absolute_number>
  <filename>episodes/163531/4085153.jpg</filename>
  <lastupdated>1333259225</lastupdated>
  <seasonid>285101</seasonid>
  <seriesid>163531</seriesid>
</Episode>
<Episode>
  <id>4086078</id>
  <Combined_episodenumber>22</Combined_episodenumber>
  <Combined_season>1</Combined_season>
  <DVD_chapter></DVD_chapter>
  <DVD_discid></DVD_discid>
  <DVD_episodenumber></DVD_episodenumber>
  <DVD_season></DVD_season>
  <Director>James Wong</Director>
  <EpImgFlag>2</EpImgFlag>
  <EpisodeName>Arrival</EpisodeName>
  <EpisodeNumber>22</EpisodeNumber>
  <FirstAired>2011-05-23</FirstAired>
  <GuestStars></GuestStars>
  <IMDB_ID></IMDB_ID>
  <Language>en</Language>
  <Overview>The White House is gripped by a power struggle of historic proportions, pitting Martinez and Chief of Staff Peel against Jarvis and his secret ally, Sophia. Elsewhere, Sean, Vicky, Sterling, and Simon race to stop the dispersion points for the virus. Meanwhile, Leila fights for her life. But it all may be too late -- as the portal begins to open, sending tremors across the globe.</Overview>
  <ProductionCode></ProductionCode>
  <Rating>7.9</Rating>
  <RatingCount>100</RatingCount>
  <SeasonNumber>1</SeasonNumber>
  <Writer>Evan Katz</Writer>
  <absolute_number>22</absolute_number>
  <filename>episodes/163531/4086078.jpg</filename>
  <lastupdated>1355558425</lastupdated>
  <seasonid>285101</seasonid>
  <seriesid>163531</seriesid>
</Episode>
</Data>