<?xml version="1.0" encoding="UTF-8" ?>
<Actors>
<Actor>
  <id>80584</id>
  <Image>actors/80584.jpg</Image>
  <Name>Jensen Ackles</Name>
  <Role>Dean Winchester</Role>
  <SortOrder>0</SortOrder>
</Actor>
<Actor>
  <id>80583</id>
  <Image>actors/80583.jpg</Image>
  <Name>Jared Padalecki</Name>
  <Role>Sam Winchester</Role>
  <SortOrder>0</SortOrder>
</Actor>
<Actor>
  <id>97921</id>
  <Image>actors/97921.jpg</Image>
  <Name>Misha Collins</Name>
  <Role>Castiel</Role>
  <SortOrder>1</SortOrder>
</Actor>
<Actor>
  <id>174901</id>
  <Image>actors/174901.jpg</Image>
  <Name>Mark Sheppard</Name>
  <Role>Crowley </Role>
  <SortOrder>2</SortOrder>
</Actor>
<Actor>
  <id>169331</id>
  <Image>actors/169331.jpg</Image>
  <Name>Mark Pellegrino</Name>
  <Role>Lucifer</Role>
  <SortOrder>2</SortOrder>
</Actor>
<Actor>
  <id>144211</id>
  <Image>actors/144211.jpg</Image>
  <Name>Jim Beaver</Name>
  <Role>Bobby Singer</Role>
  <SortOrder>2</SortOrder>
</Actor>
<Actor>
  <id>77978</id>
  <Image>actors/77978.jpg</Image>
  <Name>Lauren Cohan</Name>
  <Role>Bela Talbot</Role>
  <SortOrder>3</SortOrder>
</Actor>
<Actor>
  <id>68592</id>
  <Image>actors/68592.jpg</Image>
  <Name>Katie Cassidy</Name>
  <Role>Ruby (1)</Role>
  <SortOrder>3</SortOrder>
</Actor>
<Actor>
  <id>285370</id>
  <Image>actors/285370.jpg</Image>
  <Name>Genevieve Padalecki</Name>
  <Role>Ruby (2)</Role>
  <SortOrder>3</SortOrder>
</Actor>
<Actor>
  <id>171711</id>
  <Image>actors/171711.jpg</Image>
  <Name>Richard Speight Jr.</Name>
  <Role>Gabriel</Role>
  <SortOrder>3</SortOrder>
</Actor>
<Actor>
  <id>144271</id>
  <Image>actors/144271.jpg</Image>
  <Name>Rob Benedict</Name>
  <Role>Chuck Shurley</Role>
  <SortOrder>3</SortOrder>
</Actor>
<Actor>
  <id>144251</id>
  <Image>actors/144251.jpg</Image>
  <Name>Julie McNiven</Name>
  <Role>Anna Milton</Role>
  <SortOrder>3</SortOrder>
</Actor>
<Actor>
  <id>144241</id>
  <Image>actors/144241.jpg</Image>
  <Name>Alona Tal</Name>
  <Role>Jo Harvelle</Role>
  <SortOrder>3</SortOrder>
</Actor>
<Actor>
  <id>144231</id>
  <Image>actors/144231.jpg</Image>
  <Name>Samantha Ferris</Name>
  <Role>Ellen Harvelle</Role>
  <SortOrder>3</SortOrder>
</Actor>
<Actor>
  <id>144221</id>
  <Image>actors/144221.jpg</Image>
  <Name>Jeffrey Dean Morgan</Name>
  <Role>John Winchester</Role>
  <SortOrder>3</SortOrder>
</Actor>
</Actors>