<?xml version="1.0" encoding="UTF-8" ?>
<Actors>
<Actor>
  <id>177481</id>
  <Image>actors/177481.jpg</Image>
  <Name>Michael Chiklis</Name>
  <Role>Jim Powell</Role>
  <SortOrder>0</SortOrder>
</Actor>
<Actor>
  <id>177461</id>
  <Image>actors/177461.jpg</Image>
  <Name>Julie Benz</Name>
  <Role>Stephanie Powell</Role>
  <SortOrder>1</SortOrder>
</Actor>
<Actor>
  <id>177451</id>
  <Image>actors/177451.jpg</Image>
  <Name>Kay Panabaker</Name>
  <Role>Daphne Powell</Role>
  <SortOrder>2</SortOrder>
</Actor>
<Actor>
  <id>261221</id>
  <Image>actors/261221.jpg</Image>
  <Name>Josh Stewart</Name>
  <Role>The Watcher</Role>
  <SortOrder>3</SortOrder>
</Actor>
<Actor>
  <id>224341</id>
  <Image>actors/224341.jpg</Image>
  <Name>Stephen Collins</Name>
  <Role>Dr. Dayton King</Role>
  <SortOrder>3</SortOrder>
</Actor>
<Actor>
  <id>177491</id>
  <Image>actors/177491.jpg</Image>
  <Name>Autumn Reeser</Name>
  <Role>Katie Andrews</Role>
  <SortOrder>3</SortOrder>
</Actor>
<Actor>
  <id>177471</id>
  <Image>actors/177471.jpg</Image>
  <Name>Romany Malco</Name>
  <Role>George St. Cloud</Role>
  <SortOrder>3</SortOrder>
</Actor>
<Actor>
  <id>177441</id>
  <Image>actors/177441.jpg</Image>
  <Name>Jimmy Bennett</Name>
  <Role>JJ Powell</Role>
  <SortOrder>3</SortOrder>
</Actor>
</Actors>