<?xml version="1.0" encoding="UTF-8" ?>
<Data><Series>
  <id>163851</id>
  <Actors>|Michael Chiklis|Julie Benz|Kay Panabaker|Josh Stewart|Stephen Collins|Autumn Reeser|Romany Malco|Jimmy Bennett|</Actors>
  <Airs_DayOfWeek>Tuesday</Airs_DayOfWeek>
  <Airs_Time>8:00 PM</Airs_Time>
  <ContentRating>TV-PG</ContentRating>
  <FirstAired>2010-09-28</FirstAired>
  <Genre>|Drama|Fantasy|</Genre>
  <IMDB_ID>tt1591493</IMDB_ID>
  <Language>en</Language>
  <Network>ABC</Network>
  <NetworkID></NetworkID>
  <Overview>ABC Studios brings to life the story of the Powells. They're an every day, typical American family who undergo a remarkable transformation after the charter plane they hired crashes in the Amazon River. </Overview>
  <Rating>8.1</Rating>
  <RatingCount>48</RatingCount>
  <Runtime>60</Runtime>
  <SeriesID>78633</SeriesID>
  <SeriesName>No Ordinary Family</SeriesName>
  <Status>Ended</Status>
  <added>2010-05-17 22:18:43</added>
  <addedBy>904</addedBy>
  <banner>graphical/163851-g3.jpg</banner>
  <fanart>fanart/original/163851-3.jpg</fanart>
  <lastupdated>1365193741</lastupdated>
  <poster>posters/163851-1.jpg</poster>
  <zap2it_id>SH01279608</zap2it_id>
</Series>
<Episode>
  <id>2901431</id>
  <Combined_episodenumber>1</Combined_episodenumber>
  <Combined_season>0</Combined_season>
  <DVD_chapter></DVD_chapter>
  <DVD_discid></DVD_discid>
  <DVD_episodenumber></DVD_episodenumber>
  <DVD_season></DVD_season>
  <Director></Director>
  <EpImgFlag></EpImgFlag>
  <EpisodeName>Online Pilot</EpisodeName>
  <EpisodeNumber>1</EpisodeNumber>
  <FirstAired>2010-08-21</FirstAired>
  <GuestStars></GuestStars>
  <IMDB_ID></IMDB_ID>
  <Language>en</Language>
  <Overview>This version of the pilot was available online prior to the start of the series.</Overview>
  <ProductionCode></ProductionCode>
  <Rating></Rating>
  <RatingCount>0</RatingCount>
  <SeasonNumber>0</SeasonNumber>
  <Writer></Writer>
  <absolute_number></absolute_number>
  <airsafter_season></airsafter_season>
  <airsbefore_episode>1</airsbefore_episode>
  <airsbefore_season>1</airsbefore_season>
  <filename></filename>
  <lastupdated>1286363974</lastupdated>
  <seasonid>248431</seasonid>
  <seriesid>163851</seriesid>
</Episode>
<Episode>
  <id>2493441</id>
  <Combined_episodenumber>1</Combined_episodenumber>
  <Combined_season>1</Combined_season>
  <DVD_chapter></DVD_chapter>
  <DVD_discid></DVD_discid>
  <DVD_episodenumber></DVD_episodenumber>
  <DVD_season></DVD_season>
  <Director>David Semel</Director>
  <EpImgFlag>2</EpImgFlag>
  <EpisodeName>Pilot</EpisodeName>
  <EpisodeNumber>1</EpisodeNumber>
  <FirstAired>2010-09-28</FirstAired>
  <GuestStars>|Christina Chang|Tate Donovan|Tom Amandes|Jamie Harris|Nathan Keyes|Reggie Lee|Melanie Chartoff|Renee Faia|</GuestStars>
  <IMDB_ID></IMDB_ID>
  <Language>en</Language>
  <Overview>A flight to South America has a far greater impact on the Powells' family dynamic that they had planned.</Overview>
  <ProductionCode></ProductionCode>
  <Rating>7.5</Rating>
  <RatingCount>129</RatingCount>
  <SeasonNumber>1</SeasonNumber>
  <Writer>|Greg Berlanti|Jon Harmon Feldman|</Writer>
  <absolute_number></absolute_number>
  <filename>episodes/163851/2493441.jpg</filename>
  <lastupdated>1318580559</lastupdated>
  <seasonid>280511</seasonid>
  <seriesid>163851</seriesid>
</Episode>
<Episode>
  <id>2698061</id>
  <Combined_episodenumber>2</Combined_episodenumber>
  <Combined_season>1</Combined_season>
  <DVD_chapter></DVD_chapter>
  <DVD_discid></DVD_discid>
  <DVD_episodenumber></DVD_episodenumber>
  <DVD_season></DVD_season>
  <Director>David Semel</Director>
  <EpImgFlag>2</EpImgFlag>
  <EpisodeName>No Ordinary Marriage</EpisodeName>
  <EpisodeNumber>2</EpisodeNumber>
  <FirstAired>2010-10-05</FirstAired>
  <GuestStars>|Christina Chang|Josh Stewart|Jason Antoon|Julia Campbell|Dan Gauthier|Lachlan Buchanan|Rich Ceraulo|Mark Durbin|</GuestStars>
  <IMDB_ID></IMDB_ID>
  <Language>en</Language>
  <Overview>A neighborhood mom ropes Stephanie into helping out at a school fundraiser, but a bank robbery calls her attention away.</Overview>
  <ProductionCode></ProductionCode>
  <Rating>7.4</Rating>
  <RatingCount>108</RatingCount>
  <SeasonNumber>1</SeasonNumber>
  <Writer>|Jon Harmon Feldman|Allison Adler|</Writer>
  <absolute_number></absolute_number>
  <filename>episodes/163851/2698061.jpg</filename>
  <lastupdated>1318580591</lastupdated>
  <seasonid>280511</seasonid>
  <seriesid>163851</seriesid>
</Episode>
<Episode>
  <id>2698071</id>
  <Combined_episodenumber>3</Combined_episodenumber>
  <Combined_season>1</Combined_season>
  <DVD_chapter></DVD_chapter>
  <DVD_discid></DVD_discid>
  <DVD_episodenumber></DVD_episodenumber>
  <DVD_season></DVD_season>
  <Director>Terry McDonough</Director>
  <EpImgFlag>2</EpImgFlag>
  <EpisodeName>No Ordinary Ring</EpisodeName>
  <EpisodeNumber>3</EpisodeNumber>
  <FirstAired>2010-10-12</FirstAired>
  <GuestStars>|Jason Antoon|Reggie Lee|Jonna Walsh|Madisen Beaty|David Hunt Stafford|Jeff Denton|Seema Lazar|Ben Cornish|</GuestStars>
  <IMDB_ID></IMDB_ID>
  <Language>en</Language>
  <Overview>Jim and George track a group of thieves robbing high-end weddings after Stephanie's ring is stolen; J.J. asks Daphne to scan the mind of a cute girl.</Overview>
  <ProductionCode></ProductionCode>
  <Rating>7.3</Rating>
  <RatingCount>103</RatingCount>
  <SeasonNumber>1</SeasonNumber>
  <Writer>|Zack Estrin|Marc Guggenheim|</Writer>
  <absolute_number></absolute_number>
  <filename>episodes/163851/2698071.jpg</filename>
  <lastupdated>1318580615</lastupdated>
  <seasonid>280511</seasonid>
  <seriesid>163851</seriesid>
</Episode>
<Episode>
  <id>2698111</id>
  <Combined_episodenumber>4</Combined_episodenumber>
  <Combined_season>1</Combined_season>
  <DVD_chapter></DVD_chapter>
  <DVD_discid></DVD_discid>
  <DVD_episodenumber></DVD_episodenumber>
  <DVD_season></DVD_season>
  <Director>Ron Underwood</Director>
  <EpImgFlag>2</EpImgFlag>
  <EpisodeName>No Ordinary Vigilante</EpisodeName>
  <EpisodeNumber>4</EpisodeNumber>
  <FirstAired>2010-10-19</FirstAired>
  <GuestStars>|Guillermo Díaz|Jonathan Adams|Jason Antoon|Tim Kelleher|Reggie Lee|James Earl|Catherine Reitman|Jonna Walsh|</GuestStars>
  <IMDB_ID></IMDB_ID>
  <Language>en</Language>
  <Overview>While patrolling the park at night in an effort to catch a mugger, Jim is mistaken for a murderous vigilante who has begun targeting the robbers; Stephanie makes a discovery that could explain how she and her family got their powers; Daphne uses her telepathic abilities to get into an exclusive party reserved for only the cool high school kids; and JJ tries out for the football team - with a lot of help from his power.</Overview>
  <ProductionCode></ProductionCode>
  <Rating>7.5</Rating>
  <RatingCount>87</RatingCount>
  <SeasonNumber>1</SeasonNumber>
  <Writer>|Ron Harmon Feldman|Allison Adler|</Writer>
  <absolute_number></absolute_number>
  <filename>episodes/163851/2698111.jpg</filename>
  <lastupdated>1318580640</lastupdated>
  <seasonid>280511</seasonid>
  <seriesid>163851</seriesid>
</Episode>
<Episode>
  <id>2698131</id>
  <Combined_episodenumber>5</Combined_episodenumber>
  <Combined_season>1</Combined_season>
  <DVD_chapter></DVD_chapter>
  <DVD_discid></DVD_discid>
  <DVD_episodenumber></DVD_episodenumber>
  <DVD_season></DVD_season>
  <Director>Timothy Busfield</Director>
  <EpImgFlag>2</EpImgFlag>
  <EpisodeName>No Ordinary Quake</EpisodeName>
  <EpisodeNumber>5</EpisodeNumber>
  <FirstAired>2010-10-26</FirstAired>
  <GuestStars>|Josh Stewart|Guillermo Díaz|Rachel Miner|Max Greenfield|James Earl|Amy Gumenick|Jonna Walsh|Paul Preston|</GuestStars>
  <IMDB_ID></IMDB_ID>
  <Language>en</Language>
  <Overview>Jim tries to discover the cause of recent earthquakes; Stephanie suspects that J.J. may be lying about his lack of powers; Daphne faces a moral dilemma when she reads the minds of a fellow student and teacher.</Overview>
  <ProductionCode></ProductionCode>
  <Rating>7.4</Rating>
  <RatingCount>84</RatingCount>
  <SeasonNumber>1</SeasonNumber>
  <Writer>Todd Slavkin|Darren Swimmer</Writer>
  <absolute_number></absolute_number>
  <filename>episodes/163851/2698131.jpg</filename>
  <lastupdated>1318580665</lastupdated>
  <seasonid>280511</seasonid>
  <seriesid>163851</seriesid>
</Episode>
<Episode>
  <id>2796281</id>
  <Combined_episodenumber>6</Combined_episodenumber>
  <Combined_season>1</Combined_season>
  <DVD_chapter></DVD_chapter>
  <DVD_discid></DVD_discid>
  <DVD_episodenumber></DVD_episodenumber>
  <DVD_season></DVD_season>
  <Director>David Paymer</Director>
  <EpImgFlag>2</EpImgFlag>
  <EpisodeName>No Ordinary Visitors</EpisodeName>
  <EpisodeNumber>6</EpisodeNumber>
  <FirstAired>2010-11-09</FirstAired>
  <GuestStars>|Bruce McGill|Cybill Shepherd|Guillermo Díaz|Jackson Rathbone|John Burke|Charles Carpenter|Sean Douglas|Matt Lasky|</GuestStars>
  <IMDB_ID></IMDB_ID>
  <Language>en</Language>
  <Overview>When Stephanie's hard-to-please parents, Barbara and Allan Crane, pay an unexpected visit, the Powells must curb the use of their powers for fear of giving away their secret. But Barbara and Allan begin to suspect that something's awry when they witness some strange behavior. Meanwhile, when friend Trent Stafford and his parents are the victims of a home invasion, Daphne uses her abilities to help Jim try to track down the thugs responsible for the violent act.</Overview>
  <ProductionCode></ProductionCode>
  <Rating>7.5</Rating>
  <RatingCount>81</RatingCount>
  <SeasonNumber>1</SeasonNumber>
  <Writer>|Ali Adler|Zack Estrin|</Writer>
  <absolute_number></absolute_number>
  <filename>episodes/163851/2796281.jpg</filename>
  <lastupdated>1318580703</lastupdated>
  <seasonid>280511</seasonid>
  <seriesid>163851</seriesid>
</Episode>
<Episode>
  <id>2922911</id>
  <Combined_episodenumber>7</Combined_episodenumber>
  <Combined_season>1</Combined_season>
  <DVD_chapter></DVD_chapter>
  <DVD_discid></DVD_discid>
  <DVD_episodenumber></DVD_episodenumber>
  <DVD_season></DVD_season>
  <Director>John Polson</Director>
  <EpImgFlag>2</EpImgFlag>
  <EpisodeName>No Ordinary Mobster</EpisodeName>
  <EpisodeNumber>7</EpisodeNumber>
  <FirstAired>2010-11-16</FirstAired>
  <GuestStars>|Josh Stewart|Amy Acker|Mimi Kennedy|Jon Sklaroff|Jean-Luc Bilodeau|Hilda Boulware|Angela Chee|Anthony Dillo|</GuestStars>
  <IMDB_ID>tt1733619</IMDB_ID>
  <Language>en</Language>
  <Overview>George asks Jim to help him take down a mobster who has eluded arrest for years. Meanwhile, Stephanie disobeys Dr. King's wishes and tries to find out more about Volson's research, and Daphne asks JJ to use his powers to help her impress a boy.</Overview>
  <ProductionCode></ProductionCode>
  <Rating>7.5</Rating>
  <RatingCount>82</RatingCount>
  <SeasonNumber>1</SeasonNumber>
  <Writer>Marc Guggenheim</Writer>
  <absolute_number></absolute_number>
  <filename>episodes/163851/2922911.jpg</filename>
  <lastupdated>1322764728</lastupdated>
  <seasonid>280511</seasonid>
  <seriesid>163851</seriesid>
</Episode>
<Episode>
  <id>3150521</id>
  <Combined_episodenumber>8</Combined_episodenumber>
  <Combined_season>1</Combined_season>
  <DVD_chapter></DVD_chapter>
  <DVD_discid></DVD_discid>
  <DVD_episodenumber></DVD_episodenumber>
  <DVD_season></DVD_season>
  <Director>Tom Verica</Director>
  <EpImgFlag>2</EpImgFlag>
  <EpisodeName>No Ordinary Accident</EpisodeName>
  <EpisodeNumber>8</EpisodeNumber>
  <FirstAired>2010-11-23</FirstAired>
  <GuestStars>|Amy Acker|Jason Antoon|Jean-Luc Bilodeau|James Earl|Liam James|Michael C. Mahon|Tohuru Masamune|Sarah McMaster|</GuestStars>
  <IMDB_ID>tt1734355</IMDB_ID>
  <Language>en</Language>
  <Overview>Stephanie tries to uncover the reason behind Jim's sudden loss of powers, which could put an end to his crime fighting days; JJ may be facing criminal charges after he's caught hacking into the school computer system by his teacher; Daphne uses her abilities to impress a boy; and Katie begins falling for her mysterious new beau.</Overview>
  <ProductionCode></ProductionCode>
  <Rating>7.4</Rating>
  <RatingCount>76</RatingCount>
  <SeasonNumber>1</SeasonNumber>
  <Writer>|Leigh Dana Jackson|Sonny Postiglione|</Writer>
  <absolute_number></absolute_number>
  <filename>episodes/163851/3150521.jpg</filename>
  <lastupdated>1322764690</lastupdated>
  <seasonid>280511</seasonid>
  <seriesid>163851</seriesid>
</Episode>
<Episode>
  <id>2922861</id>
  <Combined_episodenumber>9</Combined_episodenumber>
  <Combined_season>1</Combined_season>
  <DVD_chapter></DVD_chapter>
  <DVD_discid></DVD_discid>
  <DVD_episodenumber></DVD_episodenumber>
  <DVD_season></DVD_season>
  <Director>David Semel</Director>
  <EpImgFlag>2</EpImgFlag>
  <EpisodeName>No Ordinary Anniversary</EpisodeName>
  <EpisodeNumber>9</EpisodeNumber>
  <FirstAired>2010-11-30</FirstAired>
  <GuestStars>|Guillermo Díaz|Reggie Lee|Lonnie Colon|Max Ehrich|Drew Gallagher|Amaila Holl|Lance Irwin|Tim Loden|</GuestStars>
  <IMDB_ID>tt1757357</IMDB_ID>
  <Language>en</Language>
  <Overview>Jim and Stephanie plan a romantic evening to celebrate their 18th anniversary, but they find themselves using their powers to deal with a serial arsonist with special powers of his own; Daphne and J.J. join forces to win money in a poker game.</Overview>
  <ProductionCode></ProductionCode>
  <Rating>7.4</Rating>
  <RatingCount>72</RatingCount>
  <SeasonNumber>1</SeasonNumber>
  <Writer>|Elisabeth R. Finch|Kate Barnow|</Writer>
  <absolute_number></absolute_number>
  <filename>episodes/163851/2922861.jpg</filename>
  <lastupdated>1322764860</lastupdated>
  <seasonid>280511</seasonid>
  <seriesid>163851</seriesid>
</Episode>
<Episode>
  <id>3150531</id>
  <Combined_episodenumber>10</Combined_episodenumber>
  <Combined_season>1</Combined_season>
  <DVD_chapter></DVD_chapter>
  <DVD_discid></DVD_discid>
  <DVD_episodenumber></DVD_episodenumber>
  <DVD_season></DVD_season>
  <Director>Wendey Stanzler</Director>
  <EpImgFlag>2</EpImgFlag>
  <EpisodeName>No Ordinary Sidekick</EpisodeName>
  <EpisodeNumber>10</EpisodeNumber>
  <FirstAired>2010-12-07</FirstAired>
  <GuestStars>Guillermo Díaz|Reggie Lee|Katelyn Tarver|Christopher Bello|Anastasia Basil|Tatum Shank|Phillip Vaden|</GuestStars>
  <IMDB_ID>tt1770136</IMDB_ID>
  <Language>en</Language>
  <Overview>When George gets credit for one of Jim's secret crime-fighting activities, animosity breaks out between the two friends. Meanwhile, Daphne suspects something is wrong with Katie's new boyfriend, JJ discovers a problem with his powers, and Stephanie and Katie disagree over a personal matter.</Overview>
  <ProductionCode></ProductionCode>
  <Rating>7.6</Rating>
  <RatingCount>75</RatingCount>
  <SeasonNumber>1</SeasonNumber>
  <Writer>|Zack Estrin|Jon Harmon Feldman|</Writer>
  <absolute_number></absolute_number>
  <filename>episodes/163851/3150531.jpg</filename>
  <lastupdated>1322764964</lastupdated>
  <seasonid>280511</seasonid>
  <seriesid>163851</seriesid>
</Episode>
<Episode>
  <id>3269491</id>
  <Combined_episodenumber>11</Combined_episodenumber>
  <Combined_season>1</Combined_season>
  <DVD_chapter></DVD_chapter>
  <DVD_discid></DVD_discid>
  <DVD_episodenumber></DVD_episodenumber>
  <DVD_season></DVD_season>
  <Director>Terry McDonough</Director>
  <EpImgFlag>2</EpImgFlag>
  <EpisodeName>No Ordinary Friends</EpisodeName>
  <EpisodeNumber>11</EpisodeNumber>
  <FirstAired>2011-01-04</FirstAired>
  <GuestStars>Annie Wersching|Katelyn Tarver|Rick Schroder|Billy Unger|Conor Leslie|Katrina Begin|Joshua Feinman</GuestStars>
  <IMDB_ID>tt1770135</IMDB_ID>
  <Language>en</Language>
  <Overview>After Jim saves Dave Cotten's (Ricky Schroder) life, he and Stephanie become fast friends with Dave, his wife, Michelle (Annie Wersching, &quot;24&quot;) and their kids. But Jim begins to suspect that the Cottens may be leading their own secret lives. Meanwhile, Daphne throws her hat into the high school ring for student council president, and Katie reveals a secret to Stephanie about her relationship with Joshua - aka The Watcher</Overview>
  <ProductionCode></ProductionCode>
  <Rating>7.5</Rating>
  <RatingCount>58</RatingCount>
  <SeasonNumber>1</SeasonNumber>
  <Writer>|Ali Adler|Marc Guggenheim|</Writer>
  <absolute_number></absolute_number>
  <filename>episodes/163851/3269491.jpg</filename>
  <lastupdated>1322765038</lastupdated>
  <seasonid>280511</seasonid>
  <seriesid>163851</seriesid>
</Episode>
<Episode>
  <id>3270021</id>
  <Combined_episodenumber>12</Combined_episodenumber>
  <Combined_season>1</Combined_season>
  <DVD_chapter></DVD_chapter>
  <DVD_discid></DVD_discid>
  <DVD_episodenumber></DVD_episodenumber>
  <DVD_season></DVD_season>
  <Director>Michael Watkins</Director>
  <EpImgFlag>2</EpImgFlag>
  <EpisodeName>No Ordinary Brother</EpisodeName>
  <EpisodeNumber>12</EpisodeNumber>
  <FirstAired>2011-01-11</FirstAired>
  <GuestStars>Jason Wiles|Jason Antoon|Luke Kleintank|Rebecca Mader|Shaun Parkes|Steffani Brass|Thomas Kasp</GuestStars>
  <IMDB_ID>tt1770134</IMDB_ID>
  <Language>en</Language>
  <Overview>Jim's wayward brother, Mike, makes a surprise visit to the Powell household and discovers the family has powers. But in an attempt to make some quick cash, he tries to convince JJ to using his abilities to win big by betting on the horses. Meanwhile, in a surprise twist, Katie is given a promotion at Global Tech by Human Resources VP Victoria Morrow (Rebecca Mader, &quot;Lost&quot;), who may be hiding a secret agenda, and Daphne is placed on the school's peer disciplinary committee and believes a student may have been wrongly accused of possessing drugs. </Overview>
  <ProductionCode></ProductionCode>
  <Rating>7.4</Rating>
  <RatingCount>65</RatingCount>
  <SeasonNumber>1</SeasonNumber>
  <Writer>|Todd Slavkin|Darren Swimmer|</Writer>
  <absolute_number></absolute_number>
  <filename>episodes/163851/3270021.jpg</filename>
  <lastupdated>1322765102</lastupdated>
  <seasonid>280511</seasonid>
  <seriesid>163851</seriesid>
</Episode>
<Episode>
  <id>3300631</id>
  <Combined_episodenumber>13</Combined_episodenumber>
  <Combined_season>1</Combined_season>
  <DVD_chapter></DVD_chapter>
  <DVD_discid></DVD_discid>
  <DVD_episodenumber></DVD_episodenumber>
  <DVD_season></DVD_season>
  <Director>David Petrarca</Director>
  <EpImgFlag>2</EpImgFlag>
  <EpisodeName>No Ordinary Detention</EpisodeName>
  <EpisodeNumber>13</EpisodeNumber>
  <FirstAired>2011-01-18</FirstAired>
  <GuestStars>|Joanne Kelly|Rebecca Mader|Luke Kleintank|Andrew Rothenberg|Katelyn Tarver|Katrina Begin|Adam Dunnells|Big LeRoy Mobley|Luis Fernando Moncada|Melody Butiu|Andres Perez-Molina|Benjamin Fitch|Nicole Christie|</GuestStars>
  <IMDB_ID>tt1775894</IMDB_ID>
  <Language>en</Language>
  <Overview>While Internal Affairs officer Rachel Jacobs investigates reports of a rogue cop, Jim risks revealing himself as the prime suspect when the police station is overrun by a group of thugs, and he is the only hope of survival. Meanwhile, while trying to nurse an ailing Joshua back to health at the lab, Katie and Stephanie run into Human Resources VP Victoria Morrow and begin to suspect that she isn't who she says she is. </Overview>
  <ProductionCode></ProductionCode>
  <Rating>7.6</Rating>
  <RatingCount>62</RatingCount>
  <SeasonNumber>1</SeasonNumber>
  <Writer>|Zack Estrin|Leigh Dana Jackson|</Writer>
  <absolute_number></absolute_number>
  <filename>episodes/163851/3300631.jpg</filename>
  <lastupdated>1322765127</lastupdated>
  <seasonid>280511</seasonid>
  <seriesid>163851</seriesid>
</Episode>
<Episode>
  <id>3503761</id>
  <Combined_episodenumber>14</Combined_episodenumber>
  <Combined_season>1</Combined_season>
  <DVD_chapter></DVD_chapter>
  <DVD_discid></DVD_discid>
  <DVD_episodenumber></DVD_episodenumber>
  <DVD_season></DVD_season>
  <Director>Paul A. Edwards</Director>
  <EpImgFlag>2</EpImgFlag>
  <EpisodeName>No Ordinary Double Standard</EpisodeName>
  <EpisodeNumber>14</EpisodeNumber>
  <FirstAired>2011-02-08</FirstAired>
  <GuestStars>Luke Kleintank|Betsy Brandt|Katrina Begin|Joshua Dov|Ethan Suplee|Adrian Quinonez|James Rekart|John Ciccolini|</GuestStars>
  <IMDB_ID>tt1782894</IMDB_ID>
  <Language>en</Language>
  <Overview>After a friend is attacked, Stephanie tells Jim that she wants to join forces with him to help catch the perp. But when Jim informs Stephanie that he's built for crime fighting - and she's not - the competition is on to see which one of them can solve the case first. Meanwhile, Daphne feels like Jim is invoking a double standard when he allows JJ to date a senior but won't let her do the same, and Katie learns some disturbing news about Joshua - aka The Watcher.</Overview>
  <ProductionCode></ProductionCode>
  <Rating>7.5</Rating>
  <RatingCount>61</RatingCount>
  <SeasonNumber>1</SeasonNumber>
  <Writer>Sallie Patrick</Writer>
  <absolute_number></absolute_number>
  <filename>episodes/163851/3503761.jpg</filename>
  <lastupdated>1322765152</lastupdated>
  <seasonid>280511</seasonid>
  <seriesid>163851</seriesid>
</Episode>
<Episode>
  <id>3503771</id>
  <Combined_episodenumber>15</Combined_episodenumber>
  <Combined_season>1</Combined_season>
  <DVD_chapter></DVD_chapter>
  <DVD_discid></DVD_discid>
  <DVD_episodenumber></DVD_episodenumber>
  <DVD_season></DVD_season>
  <Director>Terry McDonough</Director>
  <EpImgFlag>2</EpImgFlag>
  <EpisodeName>No Ordinary Powell</EpisodeName>
  <EpisodeNumber>15</EpisodeNumber>
  <FirstAired>2011-02-15</FirstAired>
  <GuestStars>Sahlima|Jason Brooks|Laurie Fortier|John Kapelos|Luke Kleintank|Rebecca Mader|Vera Miao|Jared A. Robinson</GuestStars>
  <IMDB_ID>tt1785066</IMDB_ID>
  <Language>en</Language>
  <Overview>The Powells' lives are in danger when Dr. King orders shape-shifter Victoria Morrow, to infiltrate the household and murder one of the family members; and JJ, with the aid of Daphne, attempts to solve the cold case murder of his ex-girlfriend Natalie's mother.</Overview>
  <ProductionCode></ProductionCode>
  <Rating>7.6</Rating>
  <RatingCount>58</RatingCount>
  <SeasonNumber>1</SeasonNumber>
  <Writer>Sonny Postiglione|Allison Adler</Writer>
  <absolute_number></absolute_number>
  <filename>episodes/163851/3503771.jpg</filename>
  <lastupdated>1328443743</lastupdated>
  <seasonid>280511</seasonid>
  <seriesid>163851</seriesid>
</Episode>
<Episode>
  <id>3503781</id>
  <Combined_episodenumber>16</Combined_episodenumber>
  <Combined_season>1</Combined_season>
  <DVD_chapter></DVD_chapter>
  <DVD_discid></DVD_discid>
  <DVD_episodenumber></DVD_episodenumber>
  <DVD_season></DVD_season>
  <Director>Stephen Surjik</Director>
  <EpImgFlag>2</EpImgFlag>
  <EpisodeName>No Ordinary Proposal</EpisodeName>
  <EpisodeNumber>16</EpisodeNumber>
  <FirstAired>2011-02-22</FirstAired>
  <GuestStars>Jason Antoon|Anthony Michael Hall|Shelley Robertson|John Autry|Andres Perez-Molina|Roy Abramsohn|Luke Kleintank|</GuestStars>
  <IMDB_ID>tt1794285</IMDB_ID>
  <Language>en</Language>
  <Overview>Jim feels guilty when he is in a fight and he deflects a bullet, which hits a teen and causes life-threatening damage. Daphne's boyfriend Chris steals the serum from the Powells' house and injects his disabled father Roy, causing disastrous results creating a villain stronger then Jim. Joshua, The Watcher, proposes to Katie. JJ's math teacher tries to get him to join the school's academic decathlon team. </Overview>
  <ProductionCode></ProductionCode>
  <Rating>7.5</Rating>
  <RatingCount>54</RatingCount>
  <SeasonNumber>1</SeasonNumber>
  <Writer>|Emily Silver|Andrew Major|</Writer>
  <absolute_number></absolute_number>
  <filename>episodes/163851/3503781.jpg</filename>
  <lastupdated>1328443767</lastupdated>
  <seasonid>280511</seasonid>
  <seriesid>163851</seriesid>
</Episode>
<Episode>
  <id>3503791</id>
  <Combined_episodenumber>17</Combined_episodenumber>
  <Combined_season>1</Combined_season>
  <DVD_chapter></DVD_chapter>
  <DVD_discid></DVD_discid>
  <DVD_episodenumber></DVD_episodenumber>
  <DVD_season></DVD_season>
  <Director>Peter Werner</Director>
  <EpImgFlag>2</EpImgFlag>
  <EpisodeName>No Ordinary Love</EpisodeName>
  <EpisodeNumber>17</EpisodeNumber>
  <FirstAired>2011-03-01</FirstAired>
  <GuestStars>Eric Balfour|Meldoy Butiu|Corey Michael Eubanks|Randy Evans|Jeremy Guskin|Holly Hannula|Tricia Helfer|Luke Kleintank|Lucy Lawless|Eric Linden|Cecilia Specht|Phil Young</GuestStars>
  <IMDB_ID>tt1804921</IMDB_ID>
  <Language>en</Language>
  <Overview>The mysterious Mrs. X tasks the sexy - and dangerous - Sophie to cause Jim and George to fall under her spell and make them do whatever she wants them to - which could place Jim's marriage in jeopardy. Meanwhile, Stephanie must decide whether or not to inject a patient with the trilsettum serum and risk turning him into a super in order to retain Dr. King's trust, and Daphne's boyfriend, Chris, begins to have suspicions about the Powell family's abilities.</Overview>
  <ProductionCode></ProductionCode>
  <Rating>7.4</Rating>
  <RatingCount>56</RatingCount>
  <SeasonNumber>1</SeasonNumber>
  <Writer>Kate Barnow|Elizabeth R. Finch</Writer>
  <absolute_number></absolute_number>
  <filename>episodes/163851/3503791.jpg</filename>
  <lastupdated>1328443786</lastupdated>
  <seasonid>280511</seasonid>
  <seriesid>163851</seriesid>
</Episode>
<Episode>
  <id>3822391</id>
  <Combined_episodenumber>18</Combined_episodenumber>
  <Combined_season>1</Combined_season>
  <DVD_chapter></DVD_chapter>
  <DVD_discid></DVD_discid>
  <DVD_episodenumber></DVD_episodenumber>
  <DVD_season></DVD_season>
  <Director>Greg Beeman</Director>
  <EpImgFlag>2</EpImgFlag>
  <EpisodeName>No Ordinary Animal</EpisodeName>
  <EpisodeNumber>18</EpisodeNumber>
  <FirstAired>2011-03-22</FirstAired>
  <GuestStars>Lucy Lawless|Robert Picardo|Jason Antoon|Eric Balfour|Sara Bareilles|Shay Carl|Scott Connors|Katie Eischen</GuestStars>
  <IMDB_ID>tt1822693</IMDB_ID>
  <Language>en</Language>
  <Overview>The Powell's lives are in danger when a super-villain with animal like powers is tasked by Mrs. X to eliminate the family. </Overview>
  <ProductionCode></ProductionCode>
  <Rating>7.7</Rating>
  <RatingCount>57</RatingCount>
  <SeasonNumber>1</SeasonNumber>
  <Writer>Zack Estrin|Jon Harmon Feldman</Writer>
  <absolute_number></absolute_number>
  <filename>episodes/163851/3822391.jpg</filename>
  <lastupdated>1328443806</lastupdated>
  <seasonid>280511</seasonid>
  <seriesid>163851</seriesid>
</Episode>
<Episode>
  <id>3822401</id>
  <Combined_episodenumber>19</Combined_episodenumber>
  <Combined_season>1</Combined_season>
  <DVD_chapter></DVD_chapter>
  <DVD_discid></DVD_discid>
  <DVD_episodenumber></DVD_episodenumber>
  <DVD_season></DVD_season>
  <Director>Milan Cheylov</Director>
  <EpImgFlag>2</EpImgFlag>
  <EpisodeName>No Ordinary Future</EpisodeName>
  <EpisodeNumber>19</EpisodeNumber>
  <FirstAired>2011-03-26</FirstAired>
  <GuestStars>Guillermo Díaz|Stephanie Bast|Kane Richard Blust|Mercedes Colon|Josh Daugherty|Jay R. Ferguson|Jeff Grace|Luke Kleintank|Lucy Lawless|Rebecca Mader|Alex Quijano|Michael Rose|John Rubinstein|Sandra Sanchez|Raphael Sbarge</GuestStars>
  <IMDB_ID>tt1830163</IMDB_ID>
  <Language>en</Language>
  <Overview>Stephanie ends up traveling to the future and seeing her family's secret revealed, and the consequences that result. Returning to the present, she tries to prevent the future from occurring. Meanwhile, Jim and George track down the criminal responsible for the death of a cop, and Mrs. X assigns someone to watch the pregnant Katie.</Overview>
  <ProductionCode></ProductionCode>
  <Rating>7.7</Rating>
  <RatingCount>54</RatingCount>
  <SeasonNumber>1</SeasonNumber>
  <Writer></Writer>
  <absolute_number></absolute_number>
  <filename>episodes/163851/3822401.jpg</filename>
  <lastupdated>1328443826</lastupdated>
  <seasonid>280511</seasonid>
  <seriesid>163851</seriesid>
</Episode>
<Episode>
  <id>3822411</id>
  <Combined_episodenumber>20</Combined_episodenumber>
  <Combined_season>1</Combined_season>
  <DVD_chapter></DVD_chapter>
  <DVD_discid></DVD_discid>
  <DVD_episodenumber></DVD_episodenumber>
  <DVD_season></DVD_season>
  <Director>Paul Edwards</Director>
  <EpImgFlag>1</EpImgFlag>
  <EpisodeName>No Ordinary Beginning</EpisodeName>
  <EpisodeNumber>20</EpisodeNumber>
  <FirstAired>2011-04-05</FirstAired>
  <GuestStars>Jason Antoon|Lucy Lawless|Rebecca Mader|Anthony Martins|Michael Maize|John Rubinstein|Cody Weselis|Derek Davies|Greg Collins|James Ellis|Tracy Howe</GuestStars>
  <IMDB_ID>tt1878523</IMDB_ID>
  <Language>en</Language>
  <Overview>Mrs. X kidnaps J.J. and forces him to solve an enigma; Joshua and Katie reconnect; George is held prisoner on a plane that spirals out of control. </Overview>
  <ProductionCode></ProductionCode>
  <Rating>8.0</Rating>
  <RatingCount>48</RatingCount>
  <SeasonNumber>1</SeasonNumber>
  <Writer>John Harmon Feldman|Zack Estrin|Ali Adler</Writer>
  <absolute_number></absolute_number>
  <filename>episodes/163851/3822411.jpg</filename>
  <lastupdated>1328443851</lastupdated>
  <seasonid>280511</seasonid>
  <seriesid>163851</seriesid>
</Episode>
</Data>