<?xml version="1.0" encoding="UTF-8" ?>
<Actors>
<Actor>
  <id>76011</id>
  <Image>actors/76011.jpg</Image>
  <Name>Rashida Jones</Name>
  <Role>Kate</Role>
  <SortOrder>3</SortOrder>
</Actor>
<Actor>
  <id>76010</id>
  <Image>actors/76010.jpg</Image>
  <Name>Johnny Sneed</Name>
  <Role>Tommy</Role>
  <SortOrder>3</SortOrder>
</Actor>
<Actor>
  <id>76009</id>
  <Image>actors/76009.jpg</Image>
  <Name>Craig Bierko</Name>
  <Role>Jack &quot;Gator&quot; Gately</Role>
  <SortOrder>3</SortOrder>
</Actor>
<Actor>
  <id>76008</id>
  <Image>actors/76008.jpg</Image>
  <Name>Shaun Majumder</Name>
  <Role>Dr. Freddy Sahgal</Role>
  <SortOrder>3</SortOrder>
</Actor>
</Actors>