<?xml version="1.0" encoding="UTF-8" ?>
<Data><Series>
  <id>81452</id>
  <Actors>|Rashida Jones|Johnny Sneed|Craig Bierko|Shaun Majumder|</Actors>
  <Airs_DayOfWeek>Sunday</Airs_DayOfWeek>
  <Airs_Time>9:30 PM</Airs_Time>
  <ContentRating></ContentRating>
  <FirstAired>2008-03-02</FirstAired>
  <Genre>|Comedy|</Genre>
  <IMDB_ID>tt0915414</IMDB_ID>
  <Language>en</Language>
  <Network>FOX</Network>
  <NetworkID></NetworkID>
  <Overview>A 35-year-old man is a newcomer to the world of dating when his marriage crumbles after more than 10 happy years.
</Overview>
  <Rating>5.5</Rating>
  <RatingCount>2</RatingCount>
  <Runtime>30</Runtime>
  <SeriesID>68707</SeriesID>
  <SeriesName>Unhitched</SeriesName>
  <Status>Ended</Status>
  <added></added>
  <addedBy></addedBy>
  <banner>graphical/81452-g2.jpg</banner>
  <fanart>fanart/original/81452-2.jpg</fanart>
  <lastupdated>1302894942</lastupdated>
  <poster>posters/81452-1.jpg</poster>
  <zap2it_id></zap2it_id>
</Series>
<Episode>
  <id>354931</id>
  <Combined_episodenumber>1</Combined_episodenumber>
  <Combined_season>1</Combined_season>
  <DVD_chapter></DVD_chapter>
  <DVD_discid></DVD_discid>
  <DVD_episodenumber></DVD_episodenumber>
  <DVD_season></DVD_season>
  <Director>Peter Farrelly</Director>
  <EpImgFlag></EpImgFlag>
  <EpisodeName>Pilot</EpisodeName>
  <EpisodeNumber>1</EpisodeNumber>
  <FirstAired>2008-03-02</FirstAired>
  <GuestStars>Paul Pierce|Ryan Gomes|Eliza Coupe|Lauren Bowles|Kate Hodge|Erinn Bartlett|Ben Giroux|Dan Murphy</GuestStars>
  <IMDB_ID></IMDB_ID>
  <Language>en</Language>
  <Overview>Watch four thirtysomething friends, Jack &quot;Gator&quot; Gately, Tommy, Kate and Freddy trying to find love once again. Gator goes out on a blind date. Kate starts dating an NBA player, while Freddy goes out on a pricey date with the woman of his dreams.</Overview>
  <ProductionCode>1ANL79</ProductionCode>
  <Rating>7.0</Rating>
  <RatingCount>1</RatingCount>
  <SeasonNumber>1</SeasonNumber>
  <Writer>Kevin Barnett|Mike Bernier|Chris Pappas</Writer>
  <absolute_number></absolute_number>
  <filename></filename>
  <lastupdated>1204532968</lastupdated>
  <seasonid>30984</seasonid>
  <seriesid>81452</seriesid>
</Episode>
<Episode>
  <id>354932</id>
  <Combined_episodenumber>2</Combined_episodenumber>
  <Combined_season>1</Combined_season>
  <DVD_chapter></DVD_chapter>
  <DVD_discid></DVD_discid>
  <DVD_episodenumber></DVD_episodenumber>
  <DVD_season></DVD_season>
  <Director></Director>
  <EpImgFlag></EpImgFlag>
  <EpisodeName>Woman Marries Horse</EpisodeName>
  <EpisodeNumber>2</EpisodeNumber>
  <FirstAired>2008-03-09</FirstAired>
  <GuestStars>Christina Moore|Reid Scott|Daron Fordham</GuestStars>
  <IMDB_ID></IMDB_ID>
  <Language>en</Language>
  <Overview>Gator cannot stop thinking about his new girlfriend's minor flaws, leaving Tommy to take care of the situation. Freddy becomes friends with a bouncer, while Kate's musician boyfriend has a talent that is not what it seems.</Overview>
  <ProductionCode></ProductionCode>
  <Rating>8.0</Rating>
  <RatingCount>1</RatingCount>
  <SeasonNumber>1</SeasonNumber>
  <Writer></Writer>
  <absolute_number></absolute_number>
  <filename></filename>
  <lastupdated>1204532946</lastupdated>
  <seasonid>30984</seasonid>
  <seriesid>81452</seriesid>
</Episode>
<Episode>
  <id>354933</id>
  <Combined_episodenumber>3</Combined_episodenumber>
  <Combined_season>1</Combined_season>
  <DVD_chapter></DVD_chapter>
  <DVD_discid></DVD_discid>
  <DVD_episodenumber></DVD_episodenumber>
  <DVD_season></DVD_season>
  <Director></Director>
  <EpImgFlag></EpImgFlag>
  <EpisodeName>Conjoined Twins Pitch No-Hitter</EpisodeName>
  <EpisodeNumber>3</EpisodeNumber>
  <FirstAired>2008-03-16</FirstAired>
  <GuestStars>Pat Finn|Becky O Donohue|Valerie Azlynn|Julian Berlin|Brady Smith|Julie Whittner|Michael Yurchak</GuestStars>
  <IMDB_ID></IMDB_ID>
  <Language>en</Language>
  <Overview>Gator attempts to go back to his glory college years. Meanwhile Tommy accompanies Kate to a kid's birthday party.</Overview>
  <ProductionCode></ProductionCode>
  <Rating>8.0</Rating>
  <RatingCount>1</RatingCount>
  <SeasonNumber>1</SeasonNumber>
  <Writer></Writer>
  <absolute_number></absolute_number>
  <filename></filename>
  <lastupdated>1204532923</lastupdated>
  <seasonid>30984</seasonid>
  <seriesid>81452</seriesid>
</Episode>
<Episode>
  <id>354934</id>
  <Combined_episodenumber>4</Combined_episodenumber>
  <Combined_season>1</Combined_season>
  <DVD_chapter></DVD_chapter>
  <DVD_discid></DVD_discid>
  <DVD_episodenumber></DVD_episodenumber>
  <DVD_season></DVD_season>
  <Director></Director>
  <EpImgFlag></EpImgFlag>
  <EpisodeName>Mardi Gras Croc Attack</EpisodeName>
  <EpisodeNumber>4</EpisodeNumber>
  <FirstAired>2008-03-23</FirstAired>
  <GuestStars>Pat Finn|Shelby Fenner|Lauri Johnson</GuestStars>
  <IMDB_ID></IMDB_ID>
  <Language>en</Language>
  <Overview>Gator joins Kate in a boxing gym and he is dared by a woman in the boxing ring. Meanwhile Kate has to tell a naked truth to a co-worker. Freddy explains to Tommy the art of tantric sex.</Overview>
  <ProductionCode></ProductionCode>
  <Rating>8.0</Rating>
  <RatingCount>1</RatingCount>
  <SeasonNumber>1</SeasonNumber>
  <Writer></Writer>
  <absolute_number></absolute_number>
  <filename></filename>
  <lastupdated>1205910635</lastupdated>
  <seasonid>30984</seasonid>
  <seriesid>81452</seriesid>
</Episode>
<Episode>
  <id>356881</id>
  <Combined_episodenumber>5</Combined_episodenumber>
  <Combined_season>1</Combined_season>
  <DVD_chapter></DVD_chapter>
  <DVD_discid></DVD_discid>
  <DVD_episodenumber></DVD_episodenumber>
  <DVD_season></DVD_season>
  <Director></Director>
  <EpImgFlag></EpImgFlag>
  <EpisodeName>Yorkshire Terrier Sucked Into the Internet</EpisodeName>
  <EpisodeNumber>5</EpisodeNumber>
  <FirstAired>2008-03-23</FirstAired>
  <GuestStars>Sarayu Rao|Joey Greco|Christopher Thorton</GuestStars>
  <IMDB_ID></IMDB_ID>
  <Language>en</Language>
  <Overview>Kate starts dating Gator's assistant. Freddy finds his ex in an online dating page and tries to reconnect with her. Tommy tries to find love in jury duty.</Overview>
  <ProductionCode></ProductionCode>
  <Rating>9.0</Rating>
  <RatingCount>1</RatingCount>
  <SeasonNumber>1</SeasonNumber>
  <Writer></Writer>
  <absolute_number></absolute_number>
  <filename></filename>
  <lastupdated>1214859468</lastupdated>
  <seasonid>30984</seasonid>
  <seriesid>81452</seriesid>
</Episode>
<Episode>
  <id>356880</id>
  <Combined_episodenumber>6</Combined_episodenumber>
  <Combined_season>1</Combined_season>
  <DVD_chapter></DVD_chapter>
  <DVD_discid></DVD_discid>
  <DVD_episodenumber></DVD_episodenumber>
  <DVD_season></DVD_season>
  <Director></Director>
  <EpImgFlag></EpImgFlag>
  <EpisodeName>Pole-Dancing Toddler</EpisodeName>
  <EpisodeNumber>6</EpisodeNumber>
  <FirstAired>2008-03-30</FirstAired>
  <GuestStars>Erinn Hayes|Jeffrey Johnson</GuestStars>
  <IMDB_ID></IMDB_ID>
  <Language>en</Language>
  <Overview>Gator goes out with a neighbor and animal-rights activist. Meanwhile Kate goes out with an exterminator. Tommy gives Freddy some driving lessons.</Overview>
  <ProductionCode></ProductionCode>
  <Rating>7.0</Rating>
  <RatingCount>2</RatingCount>
  <SeasonNumber>1</SeasonNumber>
  <Writer></Writer>
  <absolute_number></absolute_number>
  <filename></filename>
  <lastupdated>1214859476</lastupdated>
  <seasonid>30984</seasonid>
  <seriesid>81452</seriesid>
</Episode>
</Data>