<?xml version="1.0" encoding="UTF-8" ?>
<Data><Series>
  <id>83602</id>
  <Actors>|Tim Roth|Kelli Williams|Monica Raymund|Brendan Hines|Jennifer Beals|Mekhi Phifer|Hayley McFarland|</Actors>
  <Airs_DayOfWeek>Monday</Airs_DayOfWeek>
  <Airs_Time>9:00 PM</Airs_Time>
  <ContentRating>TV-14</ContentRating>
  <FirstAired>2009-01-21</FirstAired>
  <Genre>|Crime|Drama|</Genre>
  <IMDB_ID>tt1235099</IMDB_ID>
  <Language>en</Language>
  <Network>FOX</Network>
  <NetworkID></NetworkID>
  <Overview>Dr. Cal Lightman (Tim Roth), the world’s leading deception expert, has developed a revolutionary new system using involuntary facial expressions and body language to determine if someone is being truthful, dishonest, or has something they're hiding.

Lightman spent years honing his skills, first working for British Intelligence in Northern Ireland and Yugoslavia, then the CIA, and later, the Pentagon; now he runs a private consulting firm, the Lightman Group. He and his team, Gillian Foster, Eli Loker, and Ria Torres work with law enforcement and government agencies, as well as other groups and individuals, to help them solve mysteries and crimes, do background checks, or any other job in which there's a dire need to determine if someone is being dishonest, and if so, to expose the truth behind the deception. FBI agent Ben Reynolds is a later addition to the team.

The premise of the show is based on the work of Dr. Paul Ekman, the psychologist who pioneered the study of emotions in relation to facial expression and body language, giving the show an air of realism.</Overview>
  <Rating>8.6</Rating>
  <RatingCount>204</RatingCount>
  <Runtime>60</Runtime>
  <SeriesID>75671</SeriesID>
  <SeriesName>Lie to me</SeriesName>
  <Status>Ended</Status>
  <added>2008-10-31 07:26:52</added>
  <addedBy>3088</addedBy>
  <banner>graphical/83602-g5.jpg</banner>
  <fanart>fanart/original/83602-6.jpg</fanart>
  <lastupdated>1365340838</lastupdated>
  <poster>posters/83602-3.jpg</poster>
  <zap2it_id>SH1106372</zap2it_id>
</Series>
<Episode>
  <id>422072</id>
  <Combined_episodenumber>0</Combined_episodenumber>
  <Combined_season>0</Combined_season>
  <DVD_chapter></DVD_chapter>
  <DVD_discid></DVD_discid>
  <DVD_episodenumber></DVD_episodenumber>
  <DVD_season></DVD_season>
  <Director></Director>
  <EpImgFlag></EpImgFlag>
  <EpisodeName></EpisodeName>
  <EpisodeNumber>0</EpisodeNumber>
  <FirstAired></FirstAired>
  <GuestStars></GuestStars>
  <IMDB_ID></IMDB_ID>
  <Language>en</Language>
  <Overview></Overview>
  <ProductionCode></ProductionCode>
  <Rating></Rating>
  <RatingCount>0</RatingCount>
  <SeasonNumber>0</SeasonNumber>
  <Writer></Writer>
  <absolute_number></absolute_number>
  <airsafter_season></airsafter_season>
  <airsbefore_episode></airsbefore_episode>
  <airsbefore_season></airsbefore_season>
  <filename></filename>
  <lastupdated>1275974461</lastupdated>
  <seasonid>36756</seasonid>
  <seriesid>83602</seriesid>
</Episode>
<Episode>
  <id>3638851</id>
  <Combined_episodenumber>1</Combined_episodenumber>
  <Combined_season>0</Combined_season>
  <DVD_chapter></DVD_chapter>
  <DVD_discid></DVD_discid>
  <DVD_episodenumber></DVD_episodenumber>
  <DVD_season></DVD_season>
  <Director></Director>
  <EpImgFlag></EpImgFlag>
  <EpisodeName>The Truth About Lies</EpisodeName>
  <EpisodeNumber>1</EpisodeNumber>
  <FirstAired></FirstAired>
  <GuestStars></GuestStars>
  <IMDB_ID></IMDB_ID>
  <Language>en</Language>
  <Overview></Overview>
  <ProductionCode></ProductionCode>
  <Rating></Rating>
  <RatingCount>0</RatingCount>
  <SeasonNumber>0</SeasonNumber>
  <Writer></Writer>
  <absolute_number></absolute_number>
  <airsafter_season></airsafter_season>
  <airsbefore_episode></airsbefore_episode>
  <airsbefore_season></airsbefore_season>
  <filename></filename>
  <lastupdated>1296970996</lastupdated>
  <seasonid>36756</seasonid>
  <seriesid>83602</seriesid>
</Episode>
<Episode>
  <id>4108024</id>
  <Combined_episodenumber>2</Combined_episodenumber>
  <Combined_season>0</Combined_season>
  <DVD_chapter></DVD_chapter>
  <DVD_discid></DVD_discid>
  <DVD_episodenumber></DVD_episodenumber>
  <DVD_season></DVD_season>
  <Director></Director>
  <EpImgFlag></EpImgFlag>
  <EpisodeName>Lie Detection Tutorial</EpisodeName>
  <EpisodeNumber>2</EpisodeNumber>
  <FirstAired></FirstAired>
  <GuestStars></GuestStars>
  <IMDB_ID></IMDB_ID>
  <Language>en</Language>
  <Overview></Overview>
  <ProductionCode></ProductionCode>
  <Rating>8.0</Rating>
  <RatingCount>1</RatingCount>
  <SeasonNumber>0</SeasonNumber>
  <Writer></Writer>
  <absolute_number></absolute_number>
  <airsafter_season></airsafter_season>
  <airsbefore_episode></airsbefore_episode>
  <airsbefore_season></airsbefore_season>
  <filename></filename>
  <lastupdated>1306885893</lastupdated>
  <seasonid>36756</seasonid>
  <seriesid>83602</seriesid>
</Episode>
<Episode>
  <id>4108025</id>
  <Combined_episodenumber>3</Combined_episodenumber>
  <Combined_season>0</Combined_season>
  <DVD_chapter></DVD_chapter>
  <DVD_discid></DVD_discid>
  <DVD_episodenumber></DVD_episodenumber>
  <DVD_season></DVD_season>
  <Director></Director>
  <EpImgFlag></EpImgFlag>
  <EpisodeName>Eli Loker - An Honest Man</EpisodeName>
  <EpisodeNumber>3</EpisodeNumber>
  <FirstAired></FirstAired>
  <GuestStars></GuestStars>
  <IMDB_ID></IMDB_ID>
  <Language>en</Language>
  <Overview></Overview>
  <ProductionCode></ProductionCode>
  <Rating>7.0</Rating>
  <RatingCount>1</RatingCount>
  <SeasonNumber>0</SeasonNumber>
  <Writer></Writer>
  <absolute_number></absolute_number>
  <airsafter_season></airsafter_season>
  <airsbefore_episode></airsbefore_episode>
  <airsbefore_season></airsbefore_season>
  <filename></filename>
  <lastupdated>1306885900</lastupdated>
  <seasonid>36756</seasonid>
  <seriesid>83602</seriesid>
</Episode>
<Episode>
  <id>4183225</id>
  <Combined_episodenumber>4</Combined_episodenumber>
  <Combined_season>0</Combined_season>
  <DVD_chapter></DVD_chapter>
  <DVD_discid></DVD_discid>
  <DVD_episodenumber></DVD_episodenumber>
  <DVD_season></DVD_season>
  <Director></Director>
  <EpImgFlag></EpImgFlag>
  <EpisodeName>Fox Movie Channel Presents: In Character With Tim Roth</EpisodeName>
  <EpisodeNumber>4</EpisodeNumber>
  <FirstAired></FirstAired>
  <GuestStars></GuestStars>
  <IMDB_ID></IMDB_ID>
  <Language>en</Language>
  <Overview></Overview>
  <ProductionCode></ProductionCode>
  <Rating></Rating>
  <RatingCount>0</RatingCount>
  <SeasonNumber>0</SeasonNumber>
  <Writer></Writer>
  <absolute_number></absolute_number>
  <airsafter_season></airsafter_season>
  <airsbefore_episode></airsbefore_episode>
  <airsbefore_season></airsbefore_season>
  <filename></filename>
  <lastupdated>1317772622</lastupdated>
  <seasonid>36756</seasonid>
  <seriesid>83602</seriesid>
</Episode>
<Episode>
  <id>427681</id>
  <Combined_episodenumber>1</Combined_episodenumber>
  <Combined_season>1</Combined_season>
  <DVD_chapter></DVD_chapter>
  <DVD_discid></DVD_discid>
  <DVD_episodenumber></DVD_episodenumber>
  <DVD_season></DVD_season>
  <Director>Robert Schwentke</Director>
  <EpImgFlag>2</EpImgFlag>
  <EpisodeName>Pilot</EpisodeName>
  <EpisodeNumber>1</EpisodeNumber>
  <FirstAired>2009-01-21</FirstAired>
  <GuestStars>Melissa McCarty|Ted Garcia|Susanne Marques|Nolan Gerard Funk|Jeffrey Addiss|Darren O'Hare|M.D. Walton|Corey Tucker|Gary Carlos Cervantes|Tim Guinee|Michelle Noh|Michael Spellman|Erin Matthews|Christopher T. Wood|Chris Vaughn|Carla Jeffrey|Vincent Duvall|</GuestStars>
  <IMDB_ID>tt1319927</IMDB_ID>
  <Language>en</Language>
  <Overview>Cal and Gillian recruit Ria Torres, a young woman with a natural ability to read people. The DA wants Cal and Gillian to interview a teen, charged with murdering his teacher, before deciding whether to try him as an adult. Meanwhile, Gillian and Ria investigate the Chairman of the House Ethics Committee following rumors that he is paying for sex.
</Overview>
  <ProductionCode></ProductionCode>
  <Rating>7.9</Rating>
  <RatingCount>108</RatingCount>
  <SeasonNumber>1</SeasonNumber>
  <Writer>Samuel Baum</Writer>
  <absolute_number></absolute_number>
  <filename>episodes/83602/427681.jpg</filename>
  <lastupdated>1363140253</lastupdated>
  <seasonid>36757</seasonid>
  <seriesid>83602</seriesid>
</Episode>
<Episode>
  <id>403821</id>
  <Combined_episodenumber>2</Combined_episodenumber>
  <Combined_season>1</Combined_season>
  <DVD_chapter></DVD_chapter>
  <DVD_discid></DVD_discid>
  <DVD_episodenumber></DVD_episodenumber>
  <DVD_season></DVD_season>
  <Director>Adam Davidson</Director>
  <EpImgFlag>2</EpImgFlag>
  <EpisodeName>Moral Waiver</EpisodeName>
  <EpisodeNumber>2</EpisodeNumber>
  <FirstAired>2009-01-28</FirstAired>
  <GuestStars>Bryan Okes Fuller|Rob Brownstein|Rance Howard|Rachel Leah Cohen|Pablo Espinosa|Nicole Pettis|Mario Cortez|Lydia Castro|James Ryen|Emerson Brooks|Roger Morrissey|Scott Alan Smith|Scott Atkinson|Bryan Okes Fuller|Virginia Louise Smith|Vincent Corazza|Van Ep</GuestStars>
  <IMDB_ID></IMDB_ID>
  <Language>en</Language>
  <Overview>Cal and Ria interview a female soldier who reported her platoon leader for sexual assault. Meanwhile, Gillian and Eli are hired by the Athletic Association to determine if a high-profile basketball recruit accepted an incentive to play for his university.</Overview>
  <ProductionCode></ProductionCode>
  <Rating>7.6</Rating>
  <RatingCount>93</RatingCount>
  <SeasonNumber>1</SeasonNumber>
  <Writer>Josh Singer</Writer>
  <absolute_number></absolute_number>
  <filename>episodes/83602/403821.jpg</filename>
  <lastupdated>1363137883</lastupdated>
  <seasonid>36757</seasonid>
  <seriesid>83602</seriesid>
</Episode>
<Episode>
  <id>427682</id>
  <Combined_episodenumber>3</Combined_episodenumber>
  <Combined_season>1</Combined_season>
  <DVD_chapter></DVD_chapter>
  <DVD_discid></DVD_discid>
  <DVD_episodenumber></DVD_episodenumber>
  <DVD_season></DVD_season>
  <Director>Eric Laneuville</Director>
  <EpImgFlag>2</EpImgFlag>
  <EpisodeName>A Perfect Score</EpisodeName>
  <EpisodeNumber>3</EpisodeNumber>
  <FirstAired>2009-02-04</FirstAired>
  <GuestStars>Hayley McFarland|Grace Bannon|Christian Corp|Kristen Ariza|Sasha Roiz|Anthony Ruivivar|Isabella Hoffman|Emma Turpen|Ella Dershowitz|Sarah Ramos|Steve Flynn|Matt Malloy|April Parker-Jones|Mekenna Melvin|Adam Crosby</GuestStars>
  <IMDB_ID></IMDB_ID>
  <Language>en</Language>
  <Overview>Cal and Ria are brought in to interview a federal judge whose daughter was murdered. Meanwhile, NASA hires Gillian and Eli to interview a pilot they believe may have intentionally crashed a billion-dollar aircraft. Also, Cal's daughter, Emily, gets into a little trouble.</Overview>
  <ProductionCode></ProductionCode>
  <Rating>7.6</Rating>
  <RatingCount>89</RatingCount>
  <SeasonNumber>1</SeasonNumber>
  <Writer>Steven Maeda|Steven Maeda|Samuel Baum</Writer>
  <absolute_number></absolute_number>
  <filename>episodes/83602/427682.jpg</filename>
  <lastupdated>1363137666</lastupdated>
  <seasonid>36757</seasonid>
  <seriesid>83602</seriesid>
</Episode>
<Episode>
  <id>431461</id>
  <Combined_episodenumber>4</Combined_episodenumber>
  <Combined_season>1</Combined_season>
  <DVD_chapter></DVD_chapter>
  <DVD_discid></DVD_discid>
  <DVD_episodenumber></DVD_episodenumber>
  <DVD_season></DVD_season>
  <Director>Tim Hunter</Director>
  <EpImgFlag>2</EpImgFlag>
  <EpisodeName>Love Always</EpisodeName>
  <EpisodeNumber>4</EpisodeNumber>
  <FirstAired>2009-02-18</FirstAired>
  <GuestStars>Charles Chun|Amanda Schull|Zachary Knower|Jake Johnson|Bonnie Perlman|David J. Lee|Patrick Cavanaugh|Robert Bueth|Amanda Schull|Kevin Han Yee|Bill Doyle|Tim Guinee|Nadine Ellis|Sean Patrick Thomas|Tom Verica|Chase Kim|Brian Tee|Tom Choi</GuestStars>
  <IMDB_ID>tt1368685</IMDB_ID>
  <Language>en</Language>
  <Overview>The government hires the Lightman Group after receiving information about a plot to assassinate a controversial South Korean ambassador at his son's upcoming wedding. Working together, the team uncovers much more than just a would-be assassin.</Overview>
  <ProductionCode></ProductionCode>
  <Rating>7.6</Rating>
  <RatingCount>87</RatingCount>
  <SeasonNumber>1</SeasonNumber>
  <Writer>Tom Szentgyorgyi</Writer>
  <absolute_number></absolute_number>
  <filename>episodes/83602/431461.jpg</filename>
  <lastupdated>1363123120</lastupdated>
  <seasonid>36757</seasonid>
  <seriesid>83602</seriesid>
</Episode>
<Episode>
  <id>427684</id>
  <Combined_episodenumber>5</Combined_episodenumber>
  <Combined_season>1</Combined_season>
  <DVD_chapter></DVD_chapter>
  <DVD_discid></DVD_discid>
  <DVD_episodenumber></DVD_episodenumber>
  <DVD_season></DVD_season>
  <Director>Lesli Linka Glatter</Director>
  <EpImgFlag>2</EpImgFlag>
  <EpisodeName>Unchained</EpisodeName>
  <EpisodeNumber>5</EpisodeNumber>
  <FirstAired>2009-03-04</FirstAired>
  <GuestStars></GuestStars>
  <IMDB_ID></IMDB_ID>
  <Language>en</Language>
  <Overview>Before pardoning a notorious gang leader, who has been nominated for a Nobel Prize for his anti-gang work while in prison, the Governor wants Cal and Ria to assess whether he has really changed. Meanwhile, Gillian and Eli investigate after an autopsy reveals a firefighter who supposedly died in a fire, was already dead.</Overview>
  <ProductionCode></ProductionCode>
  <Rating>7.5</Rating>
  <RatingCount>90</RatingCount>
  <SeasonNumber>1</SeasonNumber>
  <Writer>Josh Singer</Writer>
  <absolute_number></absolute_number>
  <filename>episodes/83602/427684.jpg</filename>
  <lastupdated>1363370867</lastupdated>
  <seasonid>36757</seasonid>
  <seriesid>83602</seriesid>
</Episode>
<Episode>
  <id>427683</id>
  <Combined_episodenumber>6</Combined_episodenumber>
  <Combined_season>1</Combined_season>
  <DVD_chapter></DVD_chapter>
  <DVD_discid></DVD_discid>
  <DVD_episodenumber></DVD_episodenumber>
  <DVD_season></DVD_season>
  <Director>John Behring</Director>
  <EpImgFlag>2</EpImgFlag>
  <EpisodeName>Do No Harm</EpisodeName>
  <EpisodeNumber>6</EpisodeNumber>
  <FirstAired>2009-03-11</FirstAired>
  <GuestStars>|Anjali Bhimani|Brea Cola|Brian Oblak|Cheryl White|Chris McGarry|Christopher Goodman|Erik Podell|Fredric Lehne|James Curreri|Jeanne Simpson|Jessica Wright|Lauren Bowles|Leesa Severyn|Lorenzo Callender|Mandy McMillian|Martin Dorsla</GuestStars>
  <IMDB_ID></IMDB_ID>
  <Language>en</Language>
  <Overview>The parents of an abducted girl receive dozens of tips after offering a hefty reward for information. Cal and Gillian help them identify which tips are legitimate. Meanwhile, a publisher hires Ria and Eli to determine if a renowned peace activist is really who she claims to be after rumors surface, challenging her story.</Overview>
  <ProductionCode></ProductionCode>
  <Rating>7.7</Rating>
  <RatingCount>73</RatingCount>
  <SeasonNumber>1</SeasonNumber>
  <Writer>Jami O'Brien</Writer>
  <absolute_number></absolute_number>
  <filename>episodes/83602/427683.jpg</filename>
  <lastupdated>1363123848</lastupdated>
  <seasonid>36757</seasonid>
  <seriesid>83602</seriesid>
</Episode>
<Episode>
  <id>440430</id>
  <Combined_episodenumber>7</Combined_episodenumber>
  <Combined_season>1</Combined_season>
  <DVD_chapter></DVD_chapter>
  <DVD_discid></DVD_discid>
  <DVD_episodenumber></DVD_episodenumber>
  <DVD_season></DVD_season>
  <Director>Arvin Brown</Director>
  <EpImgFlag>2</EpImgFlag>
  <EpisodeName>The Best Policy</EpisodeName>
  <EpisodeNumber>7</EpisodeNumber>
  <FirstAired>2009-03-18</FirstAired>
  <GuestStars>Rick Hoffman</GuestStars>
  <IMDB_ID></IMDB_ID>
  <Language>en</Language>
  <Overview>An old friend asks Cal to look into the theft of the formula for a new drug after a knockoff surfaces and causes three deaths. Meanwhile, Gillian and Eli help the U.S. government negotiate the release of two Americans facing execution in Yemen for possession of marijuana.</Overview>
  <ProductionCode></ProductionCode>
  <Rating>7.7</Rating>
  <RatingCount>78</RatingCount>
  <SeasonNumber>1</SeasonNumber>
  <Writer>|T.J Brady|Rasheed Newson</Writer>
  <absolute_number></absolute_number>
  <filename>episodes/83602/440430.jpg</filename>
  <lastupdated>1363124072</lastupdated>
  <seasonid>36757</seasonid>
  <seriesid>83602</seriesid>
</Episode>
<Episode>
  <id>418348</id>
  <Combined_episodenumber>8</Combined_episodenumber>
  <Combined_season>1</Combined_season>
  <DVD_chapter></DVD_chapter>
  <DVD_discid></DVD_discid>
  <DVD_episodenumber></DVD_episodenumber>
  <DVD_season></DVD_season>
  <Director>Adam Davidson</Director>
  <EpImgFlag>2</EpImgFlag>
  <EpisodeName>Depraved Heart</EpisodeName>
  <EpisodeNumber>8</EpisodeNumber>
  <FirstAired>2009-04-01</FirstAired>
  <GuestStars>|Daniel Benzali|Megan Dodds|Kirk B.R. Woller|Sunkrish Bala|Anjul Nigam|Ajay Mehta|Michelle Joyner|Mandy June Turpin|Kosha Patel|</GuestStars>
  <IMDB_ID></IMDB_ID>
  <Language>en</Language>
  <Overview>Cal becomes obsessed when three young women from India commit suicide the same week. Meanwhile, Gillian and Eli help the SEC try to recover millions of dollars from a man accused of scamming his investors.</Overview>
  <ProductionCode></ProductionCode>
  <Rating>7.6</Rating>
  <RatingCount>83</RatingCount>
  <SeasonNumber>1</SeasonNumber>
  <Writer>Dustin Thomason</Writer>
  <absolute_number></absolute_number>
  <filename>episodes/83602/418348.jpg</filename>
  <lastupdated>1363124443</lastupdated>
  <seasonid>36757</seasonid>
  <seriesid>83602</seriesid>
</Episode>
<Episode>
  <id>510311</id>
  <Combined_episodenumber>9</Combined_episodenumber>
  <Combined_season>1</Combined_season>
  <DVD_chapter></DVD_chapter>
  <DVD_discid></DVD_discid>
  <DVD_episodenumber></DVD_episodenumber>
  <DVD_season></DVD_season>
  <Director>Clark Johnson</Director>
  <EpImgFlag>2</EpImgFlag>
  <EpisodeName>Life is Priceless</EpisodeName>
  <EpisodeNumber>9</EpisodeNumber>
  <FirstAired>2009-04-08</FirstAired>
  <GuestStars></GuestStars>
  <IMDB_ID></IMDB_ID>
  <Language>en</Language>
  <Overview>Cal and Gillian assist FEMA in their investigation of a building collapse and uncover a massive cover-up. Meanwhile, a billionaire asks Ria and Eli to determine if his girlfriend loves him for the right reasons before he proposes.</Overview>
  <ProductionCode></ProductionCode>
  <Rating>7.5</Rating>
  <RatingCount>82</RatingCount>
  <SeasonNumber>1</SeasonNumber>
  <Writer>Dustin Thomason</Writer>
  <absolute_number></absolute_number>
  <filename>episodes/83602/510311.jpg</filename>
  <lastupdated>1363138674</lastupdated>
  <seasonid>36757</seasonid>
  <seriesid>83602</seriesid>
</Episode>
<Episode>
  <id>572811</id>
  <Combined_episodenumber>10</Combined_episodenumber>
  <Combined_season>1</Combined_season>
  <DVD_chapter></DVD_chapter>
  <DVD_discid></DVD_discid>
  <DVD_episodenumber></DVD_episodenumber>
  <DVD_season></DVD_season>
  <Director>Karen Gaviola</Director>
  <EpImgFlag>2</EpImgFlag>
  <EpisodeName>Better Half</EpisodeName>
  <EpisodeNumber>10</EpisodeNumber>
  <FirstAired>2009-04-22</FirstAired>
  <GuestStars></GuestStars>
  <IMDB_ID></IMDB_ID>
  <Language>en</Language>
  <Overview>Zoe Landau, an attorney for the Department of Justice and Cal's ex-wife, asks for help on an arson investigation that resulted in death. Meanwhile, Gillian, Ria, and Eli help a detective get to the truth behind the murder of a member of a rapper's entourage.</Overview>
  <ProductionCode></ProductionCode>
  <Rating>7.6</Rating>
  <RatingCount>82</RatingCount>
  <SeasonNumber>1</SeasonNumber>
  <Writer>Ilana Bar-Din|Josh Singer</Writer>
  <absolute_number></absolute_number>
  <filename>episodes/83602/572811.jpg</filename>
  <lastupdated>1363124573</lastupdated>
  <seasonid>36757</seasonid>
  <seriesid>83602</seriesid>
</Episode>
<Episode>
  <id>574361</id>
  <Combined_episodenumber>11</Combined_episodenumber>
  <Combined_season>1</Combined_season>
  <DVD_chapter></DVD_chapter>
  <DVD_discid></DVD_discid>
  <DVD_episodenumber></DVD_episodenumber>
  <DVD_season></DVD_season>
  <Director>Seith Mann</Director>
  <EpImgFlag>2</EpImgFlag>
  <EpisodeName>Undercover</EpisodeName>
  <EpisodeNumber>11</EpisodeNumber>
  <FirstAired>2009-04-29</FirstAired>
  <GuestStars></GuestStars>
  <IMDB_ID></IMDB_ID>
  <Language>en</Language>
  <Overview>Cal, Ria and Gillian are brought in to assess the truthfulness of two cops who shot a teenager. Meanwhile, the Lightman Group is being sued by the investors from the multimillion dollar scam Gillian and Eli worked on earlier.</Overview>
  <ProductionCode></ProductionCode>
  <Rating>7.6</Rating>
  <RatingCount>82</RatingCount>
  <SeasonNumber>1</SeasonNumber>
  <Writer>Tom Szentgyorgyi</Writer>
  <absolute_number></absolute_number>
  <filename>episodes/83602/574361.jpg</filename>
  <lastupdated>1363124693</lastupdated>
  <seasonid>36757</seasonid>
  <seriesid>83602</seriesid>
</Episode>
<Episode>
  <id>582161</id>
  <Combined_episodenumber>12</Combined_episodenumber>
  <Combined_season>1</Combined_season>
  <DVD_chapter></DVD_chapter>
  <DVD_discid></DVD_discid>
  <DVD_episodenumber></DVD_episodenumber>
  <DVD_season></DVD_season>
  <Director>Milan Cheylov</Director>
  <EpImgFlag>2</EpImgFlag>
  <EpisodeName>Blinded</EpisodeName>
  <EpisodeNumber>12</EpisodeNumber>
  <FirstAired>2009-05-06</FirstAired>
  <GuestStars>Mekhi Phifer|Daniel Sunjata</GuestStars>
  <IMDB_ID></IMDB_ID>
  <Language>en</Language>
  <Overview>A copycat rapist has just abducted another woman. FBI Special Agent Ben Reynolds sends Cal undercover to obtain any information he can from Andrew Jenkins, the serial rapist the copycat is emulating. The team races against the clock to uncover the copycat's identity and figure out where he's taken his victim.</Overview>
  <ProductionCode></ProductionCode>
  <Rating>7.8</Rating>
  <RatingCount>80</RatingCount>
  <SeasonNumber>1</SeasonNumber>
  <Writer>Sarah Fain|Elizabeth Craft</Writer>
  <absolute_number></absolute_number>
  <filename>episodes/83602/582161.jpg</filename>
  <lastupdated>1363124817</lastupdated>
  <seasonid>36757</seasonid>
  <seriesid>83602</seriesid>
</Episode>
<Episode>
  <id>582171</id>
  <Combined_episodenumber>13</Combined_episodenumber>
  <Combined_season>1</Combined_season>
  <DVD_chapter></DVD_chapter>
  <DVD_discid></DVD_discid>
  <DVD_episodenumber></DVD_episodenumber>
  <DVD_season></DVD_season>
  <Director>Adam Davidson</Director>
  <EpImgFlag>2</EpImgFlag>
  <EpisodeName>Sacrifice</EpisodeName>
  <EpisodeNumber>13</EpisodeNumber>
  <FirstAired>2009-05-13</FirstAired>
  <GuestStars></GuestStars>
  <IMDB_ID></IMDB_ID>
  <Language>en</Language>
  <Overview>Domestic terrorist bombings in Washington, DC sends everyone into a panic. The Lightman Group is brought in to help identify who is responsible.</Overview>
  <ProductionCode></ProductionCode>
  <Rating>7.6</Rating>
  <RatingCount>81</RatingCount>
  <SeasonNumber>1</SeasonNumber>
  <Writer>Dustin Thomason</Writer>
  <absolute_number>13</absolute_number>
  <filename>episodes/83602/582171.jpg</filename>
  <lastupdated>1363124886</lastupdated>
  <seasonid>36757</seasonid>
  <seriesid>83602</seriesid>
</Episode>
<Episode>
  <id>806761</id>
  <Combined_episodenumber>1</Combined_episodenumber>
  <Combined_season>2</Combined_season>
  <DVD_chapter></DVD_chapter>
  <DVD_discid></DVD_discid>
  <DVD_episodenumber></DVD_episodenumber>
  <DVD_season></DVD_season>
  <Director>Daniel Sackheim</Director>
  <EpImgFlag>2</EpImgFlag>
  <EpisodeName>The Core of It</EpisodeName>
  <EpisodeNumber>1</EpisodeNumber>
  <FirstAired>2009-09-28</FirstAired>
  <GuestStars>Erika Christensen, Michael Raymond-James</GuestStars>
  <IMDB_ID>tt1478044</IMDB_ID>
  <Language>en</Language>
  <Overview>Cal is approached by a young woman who claims she saw a murder in a vision, but the police won't believe her. Meanwhile, Ria interviews a Supreme Court nominee for the White House to determine if there are any skeletons in his closet.</Overview>
  <ProductionCode>2APW01</ProductionCode>
  <Rating>7.6</Rating>
  <RatingCount>87</RatingCount>
  <SeasonNumber>2</SeasonNumber>
  <Writer>Elizabeth Craft, Sarah Fain</Writer>
  <absolute_number>14</absolute_number>
  <filename>episodes/83602/806761.jpg</filename>
  <lastupdated>1363124982</lastupdated>
  <seasonid>83371</seasonid>
  <seriesid>83602</seriesid>
</Episode>
<Episode>
  <id>1123111</id>
  <Combined_episodenumber>2</Combined_episodenumber>
  <Combined_season>2</Combined_season>
  <DVD_chapter></DVD_chapter>
  <DVD_discid></DVD_discid>
  <DVD_episodenumber></DVD_episodenumber>
  <DVD_season></DVD_season>
  <Director>Michael Offer</Director>
  <EpImgFlag>2</EpImgFlag>
  <EpisodeName>Truth or Consequences</EpisodeName>
  <EpisodeNumber>2</EpisodeNumber>
  <FirstAired>2009-10-05</FirstAired>
  <GuestStars>John Carroll Lynch, James Marsters, Gretchen Egolf, Chadwick Boseman, Michole Briana White, Crystal Young, Allie Gonino</GuestStars>
  <IMDB_ID>tt1497514</IMDB_ID>
  <Language>en</Language>
  <Overview>Zoe enlists Cal and Ria to help prove that her client, a 22-year old college boy charged with statutory rape, had no idea the girl was only 16. Meanwhile, the IRS believes a group claiming to be a religion is a fraud and hires Gillian and Eli to investigate.</Overview>
  <ProductionCode>2APW03</ProductionCode>
  <Rating>7.7</Rating>
  <RatingCount>89</RatingCount>
  <SeasonNumber>2</SeasonNumber>
  <Writer>Nick Santora</Writer>
  <absolute_number></absolute_number>
  <filename>episodes/83602/1123111.jpg</filename>
  <lastupdated>1363125150</lastupdated>
  <seasonid>83371</seasonid>
  <seriesid>83602</seriesid>
</Episode>
<Episode>
  <id>1123141</id>
  <Combined_episodenumber>3</Combined_episodenumber>
  <Combined_season>2</Combined_season>
  <DVD_chapter></DVD_chapter>
  <DVD_discid></DVD_discid>
  <DVD_episodenumber></DVD_episodenumber>
  <DVD_season></DVD_season>
  <Director>James Hayman</Director>
  <EpImgFlag>2</EpImgFlag>
  <EpisodeName>Control Factor</EpisodeName>
  <EpisodeNumber>3</EpisodeNumber>
  <FirstAired>2009-10-12</FirstAired>
  <GuestStars></GuestStars>
  <IMDB_ID>tt1503441</IMDB_ID>
  <Language>en</Language>
  <Overview>A man from the American Embassy in Mexico asks Cal to &quot;unofficially&quot; investigate the disappearance of an American woman after local police refuse to look into it. Meanwhile, Cal's rival, Jack Rader, works with Gillian to identify the person responsible for tainting the blood bank supply when several patients become seriously ill, and one dies.</Overview>
  <ProductionCode>2APW04</ProductionCode>
  <Rating>7.6</Rating>
  <RatingCount>91</RatingCount>
  <SeasonNumber>2</SeasonNumber>
  <Writer>Sharon Lee Watson</Writer>
  <absolute_number></absolute_number>
  <filename>episodes/83602/1123141.jpg</filename>
  <lastupdated>1363139078</lastupdated>
  <seasonid>83371</seasonid>
  <seriesid>83602</seriesid>
</Episode>
<Episode>
  <id>1123151</id>
  <Combined_episodenumber>4</Combined_episodenumber>
  <Combined_season>2</Combined_season>
  <DVD_chapter></DVD_chapter>
  <DVD_discid></DVD_discid>
  <DVD_episodenumber></DVD_episodenumber>
  <DVD_season></DVD_season>
  <Director>Timothy Busfield</Director>
  <EpImgFlag>2</EpImgFlag>
  <EpisodeName>Honey</EpisodeName>
  <EpisodeNumber>4</EpisodeNumber>
  <FirstAired>2009-10-19</FirstAired>
  <GuestStars>Garret Dillahunt, Karina Logue, Billy Smith, Sean O'Bryan, Meta Golding</GuestStars>
  <IMDB_ID>tt1485385</IMDB_ID>
  <Language>en</Language>
  <Overview>Emotions run high when Eric Matheson, accused of murdering his wife, takes the Lightman Group hostage to force them to help him uncover the real murderer.</Overview>
  <ProductionCode>2APW02</ProductionCode>
  <Rating>7.6</Rating>
  <RatingCount>79</RatingCount>
  <SeasonNumber>2</SeasonNumber>
  <Writer>Matt Olmstead</Writer>
  <absolute_number></absolute_number>
  <filename>episodes/83602/1123151.jpg</filename>
  <lastupdated>1363125452</lastupdated>
  <seasonid>83371</seasonid>
  <seriesid>83602</seriesid>
</Episode>
<Episode>
  <id>1123171</id>
  <Combined_episodenumber>5</Combined_episodenumber>
  <Combined_season>2</Combined_season>
  <DVD_chapter></DVD_chapter>
  <DVD_discid></DVD_discid>
  <DVD_episodenumber></DVD_episodenumber>
  <DVD_season></DVD_season>
  <Director>Eric Laneuville</Director>
  <EpImgFlag>2</EpImgFlag>
  <EpisodeName>Grievous Bodily Harm</EpisodeName>
  <EpisodeNumber>5</EpisodeNumber>
  <FirstAired>2009-10-26</FirstAired>
  <GuestStars></GuestStars>
  <IMDB_ID>tt1502033</IMDB_ID>
  <Language>en</Language>
  <Overview>When Cal's old pal, Terry Marsh, comes to town, he brings plenty of trouble with him. Meanwhile, the rest of the team meets with some students from a prep school to determine if any of them are responsible for a threatening tape that was sent to the headmaster.</Overview>
  <ProductionCode>2APW05</ProductionCode>
  <Rating>7.7</Rating>
  <RatingCount>82</RatingCount>
  <SeasonNumber>2</SeasonNumber>
  <Writer>Alexander Cary</Writer>
  <absolute_number></absolute_number>
  <filename>episodes/83602/1123171.jpg</filename>
  <lastupdated>1363125533</lastupdated>
  <seasonid>83371</seasonid>
  <seriesid>83602</seriesid>
</Episode>
<Episode>
  <id>1183551</id>
  <Combined_episodenumber>6</Combined_episodenumber>
  <Combined_season>2</Combined_season>
  <DVD_chapter></DVD_chapter>
  <DVD_discid></DVD_discid>
  <DVD_episodenumber></DVD_episodenumber>
  <DVD_season></DVD_season>
  <Director>Terrence O'Hara</Director>
  <EpImgFlag>2</EpImgFlag>
  <EpisodeName>Lack of Candor</EpisodeName>
  <EpisodeNumber>6</EpisodeNumber>
  <FirstAired>2009-11-09</FirstAired>
  <GuestStars></GuestStars>
  <IMDB_ID>tt1533394</IMDB_ID>
  <Language>en</Language>
  <Overview>Ben gets into a bind when he refuses to testify against a Wall Street mobster from one of his undercover cases. Without Ben's testimony, the mobster will go free, unless Cal and Gillian can figure out what Ben is trying to hide. Meanwhile, Ria and Eli work on figuring out who leaked the whereabouts of the original witness and got him killed.


</Overview>
  <ProductionCode>2APW07</ProductionCode>
  <Rating>7.6</Rating>
  <RatingCount>84</RatingCount>
  <SeasonNumber>2</SeasonNumber>
  <Writer>T.J. Brady, Rasheed Newsom</Writer>
  <absolute_number></absolute_number>
  <filename>episodes/83602/1183551.jpg</filename>
  <lastupdated>1363126080</lastupdated>
  <seasonid>83371</seasonid>
  <seriesid>83602</seriesid>
</Episode>
<Episode>
  <id>1183561</id>
  <Combined_episodenumber>7</Combined_episodenumber>
  <Combined_season>2</Combined_season>
  <DVD_chapter></DVD_chapter>
  <DVD_discid></DVD_discid>
  <DVD_episodenumber></DVD_episodenumber>
  <DVD_season></DVD_season>
  <Director>Daniel Sackheim</Director>
  <EpImgFlag>3</EpImgFlag>
  <EpisodeName>Black Friday</EpisodeName>
  <EpisodeNumber>7</EpisodeNumber>
  <FirstAired>2009-11-16</FirstAired>
  <GuestStars></GuestStars>
  <IMDB_ID>tt1532978</IMDB_ID>
  <Language>en</Language>
  <Overview>Cal and Gillian help a teenager who believes he was abducted as a baby. Meanwhile, a store owner hires Eli and Ria to help determine if the store was negligent after a stampede of holiday shoppers leaves two people dead and several others injured, triggering a $20 million lawsuit.</Overview>
  <ProductionCode>2APW08</ProductionCode>
  <Rating>7.6</Rating>
  <RatingCount>86</RatingCount>
  <SeasonNumber>2</SeasonNumber>
  <Writer>Heather Thomason, Ethan Drogin</Writer>
  <absolute_number></absolute_number>
  <filename>episodes/83602/1183561.jpg</filename>
  <lastupdated>1363126305</lastupdated>
  <seasonid>83371</seasonid>
  <seriesid>83602</seriesid>
</Episode>
<Episode>
  <id>1183571</id>
  <Combined_episodenumber>8</Combined_episodenumber>
  <Combined_season>2</Combined_season>
  <DVD_chapter></DVD_chapter>
  <DVD_discid></DVD_discid>
  <DVD_episodenumber></DVD_episodenumber>
  <DVD_season></DVD_season>
  <Director>Michael Zinberg</Director>
  <EpImgFlag>2</EpImgFlag>
  <EpisodeName>Secret Santa</EpisodeName>
  <EpisodeNumber>8</EpisodeNumber>
  <FirstAired>2009-11-23</FirstAired>
  <GuestStars></GuestStars>
  <IMDB_ID>tt1546570</IMDB_ID>
  <Language>en</Language>
  <Overview>Just before Christmas, Cal is sent to Afghanistan to interrogate an American soldier-turned-traitor in hopes of learning the whereabouts of two American marines captured by the Taliban.</Overview>
  <ProductionCode>2APW09</ProductionCode>
  <Rating>7.7</Rating>
  <RatingCount>90</RatingCount>
  <SeasonNumber>2</SeasonNumber>
  <Writer>Alexander Cary</Writer>
  <absolute_number></absolute_number>
  <filename>episodes/83602/1183571.jpg</filename>
  <lastupdated>1363126571</lastupdated>
  <seasonid>83371</seasonid>
  <seriesid>83602</seriesid>
</Episode>
<Episode>
  <id>1224461</id>
  <Combined_episodenumber>9</Combined_episodenumber>
  <Combined_season>2</Combined_season>
  <DVD_chapter></DVD_chapter>
  <DVD_discid></DVD_discid>
  <DVD_episodenumber></DVD_episodenumber>
  <DVD_season></DVD_season>
  <Director>Elodie Keene</Director>
  <EpImgFlag>3</EpImgFlag>
  <EpisodeName>Fold Equity</EpisodeName>
  <EpisodeNumber>9</EpisodeNumber>
  <FirstAired>2009-11-30</FirstAired>
  <GuestStars></GuestStars>
  <IMDB_ID>tt1551221</IMDB_ID>
  <Language>en</Language>
  <Overview>Despite being &quot;banned-for-life,&quot; Cal heads to Vegas when he is summoned by a casino owner after the star contender in the World Series of Poker goes missing right before the tournament. Meanwhile, Ria analyzes the expressions of the woman Eli is dating to determine if she's &quot;into him.&quot;</Overview>
  <ProductionCode>2APW06</ProductionCode>
  <Rating>7.8</Rating>
  <RatingCount>91</RatingCount>
  <SeasonNumber>2</SeasonNumber>
  <Writer>Elizabeth Craft, Sarah Fain</Writer>
  <absolute_number></absolute_number>
  <filename>episodes/83602/1224461.jpg</filename>
  <lastupdated>1363127108</lastupdated>
  <seasonid>83371</seasonid>
  <seriesid>83602</seriesid>
</Episode>
<Episode>
  <id>1224471</id>
  <Combined_episodenumber>10</Combined_episodenumber>
  <Combined_season>2</Combined_season>
  <DVD_chapter></DVD_chapter>
  <DVD_discid></DVD_discid>
  <DVD_episodenumber></DVD_episodenumber>
  <DVD_season></DVD_season>
  <Director>Vahan Moosekian</Director>
  <EpImgFlag>2</EpImgFlag>
  <EpisodeName>Tractor Man</EpisodeName>
  <EpisodeNumber>10</EpisodeNumber>
  <FirstAired>2009-12-14</FirstAired>
  <GuestStars></GuestStars>
  <IMDB_ID>tt1544743</IMDB_ID>
  <Language>en</Language>
  <Overview>A farmer, angry about being foreclosed on, protests by parking his tractor, packed with explosives, right in front of the US Treasury building. Meanwhile, a group of third-graders are brought in by their teacher to find out who stole the class turtle.</Overview>
  <ProductionCode>2APW10</ProductionCode>
  <Rating>7.7</Rating>
  <RatingCount>92</RatingCount>
  <SeasonNumber>2</SeasonNumber>
  <Writer>Tim Clemente</Writer>
  <absolute_number></absolute_number>
  <filename>episodes/83602/1224471.jpg</filename>
  <lastupdated>1363127221</lastupdated>
  <seasonid>83371</seasonid>
  <seriesid>83602</seriesid>
</Episode>
<Episode>
  <id>2249651</id>
  <Combined_episodenumber>11</Combined_episodenumber>
  <Combined_season>2</Combined_season>
  <DVD_chapter></DVD_chapter>
  <DVD_discid></DVD_discid>
  <DVD_episodenumber></DVD_episodenumber>
  <DVD_season></DVD_season>
  <Director>Vahan Moosekian</Director>
  <EpImgFlag>2</EpImgFlag>
  <EpisodeName>Beat the Devil</EpisodeName>
  <EpisodeNumber>11</EpisodeNumber>
  <FirstAired>2010-06-07</FirstAired>
  <GuestStars></GuestStars>
  <IMDB_ID>tt1584395</IMDB_ID>
  <Language>en</Language>
  <Overview>While giving a talk to some college students, Cal matches wits with a dangerous sociopath who always seems to be one step ahead of him. Meanwhile, Eli and Ria get the run-around from the government when they look into a UFO sighting.</Overview>
  <ProductionCode>2APW21</ProductionCode>
  <Rating>7.9</Rating>
  <RatingCount>131</RatingCount>
  <SeasonNumber>2</SeasonNumber>
  <Writer>David Ehrman | Ethan Drogin</Writer>
  <absolute_number></absolute_number>
  <filename>episodes/83602/2249651.jpg</filename>
  <lastupdated>1363138733</lastupdated>
  <seasonid>83371</seasonid>
  <seriesid>83602</seriesid>
</Episode>
<Episode>
  <id>1389971</id>
  <Combined_episodenumber>12</Combined_episodenumber>
  <Combined_season>2</Combined_season>
  <DVD_chapter></DVD_chapter>
  <DVD_discid></DVD_discid>
  <DVD_episodenumber></DVD_episodenumber>
  <DVD_season></DVD_season>
  <Director>Dan Sackheim</Director>
  <EpImgFlag>2</EpImgFlag>
  <EpisodeName>Sweet Sixteen</EpisodeName>
  <EpisodeNumber>12</EpisodeNumber>
  <FirstAired>2010-06-14</FirstAired>
  <GuestStars></GuestStars>
  <IMDB_ID>tt1586951</IMDB_ID>
  <Language>en</Language>
  <Overview>Years earlier, Cal worked on a botched CIA case that resulted in the death of the wife and young daughter of an Irish terrorist named Doyle. Now Doyle was back in town, seeking answers and revenge. This incident leads up to Cal and Gillian meeting for the first time.</Overview>
  <ProductionCode>2APW15</ProductionCode>
  <Rating>7.9</Rating>
  <RatingCount>120</RatingCount>
  <SeasonNumber>2</SeasonNumber>
  <Writer>Alexander Cary</Writer>
  <absolute_number></absolute_number>
  <filename>episodes/83602/1389971.jpg</filename>
  <lastupdated>1363127523</lastupdated>
  <seasonid>83371</seasonid>
  <seriesid>83602</seriesid>
</Episode>
<Episode>
  <id>1948481</id>
  <Combined_episodenumber>13</Combined_episodenumber>
  <Combined_season>2</Combined_season>
  <DVD_chapter></DVD_chapter>
  <DVD_discid></DVD_discid>
  <DVD_episodenumber></DVD_episodenumber>
  <DVD_season></DVD_season>
  <Director>James Whitmore, Jr.</Director>
  <EpImgFlag>2</EpImgFlag>
  <EpisodeName>The Whole Truth</EpisodeName>
  <EpisodeNumber>13</EpisodeNumber>
  <FirstAired>2010-06-21</FirstAired>
  <GuestStars>|Melissa George|</GuestStars>
  <IMDB_ID>tt1584397</IMDB_ID>
  <Language>en</Language>
  <Overview>Cal is hired by the DA to be an expert witness at the trial of a beautiful, young woman charged with murdering her high-powered, and much older, billionaire husband... and Zoe is representing her. Meanwhile,Ria lets Eli in on a little secret.</Overview>
  <ProductionCode>2APW11</ProductionCode>
  <Rating>7.7</Rating>
  <RatingCount>113</RatingCount>
  <SeasonNumber>2</SeasonNumber>
  <Writer>Ethan Drogin</Writer>
  <absolute_number></absolute_number>
  <filename>episodes/83602/1948481.jpg</filename>
  <lastupdated>1363371036</lastupdated>
  <seasonid>83371</seasonid>
  <seriesid>83602</seriesid>
</Episode>
<Episode>
  <id>1360671</id>
  <Combined_episodenumber>14</Combined_episodenumber>
  <Combined_season>2</Combined_season>
  <DVD_chapter></DVD_chapter>
  <DVD_discid></DVD_discid>
  <DVD_episodenumber></DVD_episodenumber>
  <DVD_season></DVD_season>
  <Director>Michael Zinberg</Director>
  <EpImgFlag>3</EpImgFlag>
  <EpisodeName>React to Contact</EpisodeName>
  <EpisodeNumber>14</EpisodeNumber>
  <FirstAired>2010-06-28</FirstAired>
  <GuestStars>|Enver Gjokaj|Alona Tal|Michael Irby|</GuestStars>
  <IMDB_ID>tt1583899</IMDB_ID>
  <Language>en</Language>
  <Overview>Cal uses virtual reality and other unconventional therapy to help a war veteran get to the root of the cause for the severe PTSD he's been plagued with since returning home from the Middle East.</Overview>
  <ProductionCode>2APW20</ProductionCode>
  <Rating>7.4</Rating>
  <RatingCount>114</RatingCount>
  <SeasonNumber>2</SeasonNumber>
  <Writer>Daniel Voll</Writer>
  <absolute_number></absolute_number>
  <filename>episodes/83602/1360671.jpg</filename>
  <lastupdated>1348012486</lastupdated>
  <seasonid>83371</seasonid>
  <seriesid>83602</seriesid>
</Episode>
<Episode>
  <id>1335421</id>
  <Combined_episodenumber>15</Combined_episodenumber>
  <Combined_season>2</Combined_season>
  <DVD_chapter></DVD_chapter>
  <DVD_discid></DVD_discid>
  <DVD_episodenumber></DVD_episodenumber>
  <DVD_season></DVD_season>
  <Director>Roxann Dawson</Director>
  <EpImgFlag>2</EpImgFlag>
  <EpisodeName>Teacher and Pupils</EpisodeName>
  <EpisodeNumber>15</EpisodeNumber>
  <FirstAired>2010-07-12</FirstAired>
  <GuestStars>Melissa George</GuestStars>
  <IMDB_ID>tt1670477</IMDB_ID>
  <Language>en</Language>
  <Overview>After being shot and left for dead, a police officer spends the last few hours of his life paralyzed, unable to move or speak, before finally succumbing to his injuries. Hoping to get some shred of information that may lead them to the people responsible, the FBI brings in Cal to see if there's any possible way to read a person who can't even move his eyes.</Overview>
  <ProductionCode>2APW13</ProductionCode>
  <Rating>7.9</Rating>
  <RatingCount>109</RatingCount>
  <SeasonNumber>2</SeasonNumber>
  <Writer>Kevin Townsley | Nick Santora</Writer>
  <absolute_number></absolute_number>
  <filename>episodes/83602/1335421.jpg</filename>
  <lastupdated>1348057306</lastupdated>
  <seasonid>83371</seasonid>
  <seriesid>83602</seriesid>
</Episode>
<Episode>
  <id>2454601</id>
  <Combined_episodenumber>16</Combined_episodenumber>
  <Combined_season>2</Combined_season>
  <DVD_chapter></DVD_chapter>
  <DVD_discid></DVD_discid>
  <DVD_episodenumber></DVD_episodenumber>
  <DVD_season></DVD_season>
  <Director>Michael Zinberg</Director>
  <EpImgFlag>2</EpImgFlag>
  <EpisodeName>Delinquent</EpisodeName>
  <EpisodeNumber>16</EpisodeNumber>
  <FirstAired>2010-07-19</FirstAired>
  <GuestStars>Alyssa Diaz</GuestStars>
  <IMDB_ID>tt1593495</IMDB_ID>
  <Language>en</Language>
  <Overview>Ria hasn't seen or heard from her little sister, Ava, since she was sent to a juvenile detention center, so when she receives a message from Ava, desperately pleading for help, Ria, Cal, and Gillian run to the rescue.</Overview>
  <ProductionCode>2APW14</ProductionCode>
  <Rating>7.7</Rating>
  <RatingCount>123</RatingCount>
  <SeasonNumber>2</SeasonNumber>
  <Writer>Elizabeth Craft |Sarah Fain</Writer>
  <absolute_number></absolute_number>
  <filename>episodes/83602/2454601.jpg</filename>
  <lastupdated>1363127674</lastupdated>
  <seasonid>83371</seasonid>
  <seriesid>83602</seriesid>
</Episode>
<Episode>
  <id>2480221</id>
  <Combined_episodenumber>17</Combined_episodenumber>
  <Combined_season>2</Combined_season>
  <DVD_chapter></DVD_chapter>
  <DVD_discid></DVD_discid>
  <DVD_episodenumber></DVD_episodenumber>
  <DVD_season></DVD_season>
  <Director>James Hayman</Director>
  <EpImgFlag>2</EpImgFlag>
  <EpisodeName>Bullet Bump</EpisodeName>
  <EpisodeNumber>17</EpisodeNumber>
  <FirstAired>2010-07-26</FirstAired>
  <GuestStars>Melissa George</GuestStars>
  <IMDB_ID>tt1609633</IMDB_ID>
  <Language>en</Language>
  <Overview>At a ground-breaking ceremony for a new community center, an assassin's bullet misses the governor, killing a young female staffer instead. When the governor jumps nine points in the polls, Cal immediately suspects the governor, or someone close to him, for what he calls a &quot;bullet bump.&quot;</Overview>
  <ProductionCode>2APW16</ProductionCode>
  <Rating>7.6</Rating>
  <RatingCount>119</RatingCount>
  <SeasonNumber>2</SeasonNumber>
  <Writer>T.J. Brady|Rasheed Newson</Writer>
  <absolute_number></absolute_number>
  <filename>episodes/83602/2480221.jpg</filename>
  <lastupdated>1363371120</lastupdated>
  <seasonid>83371</seasonid>
  <seriesid>83602</seriesid>
</Episode>
<Episode>
  <id>2520411</id>
  <Combined_episodenumber>18</Combined_episodenumber>
  <Combined_season>2</Combined_season>
  <DVD_chapter></DVD_chapter>
  <DVD_discid></DVD_discid>
  <DVD_episodenumber></DVD_episodenumber>
  <DVD_season></DVD_season>
  <Director>Michael Offer</Director>
  <EpImgFlag>2</EpImgFlag>
  <EpisodeName>Headlock</EpisodeName>
  <EpisodeNumber>18</EpisodeNumber>
  <FirstAired>2010-08-02</FirstAired>
  <GuestStars></GuestStars>
  <IMDB_ID>tt1609332</IMDB_ID>
  <Language>en</Language>
  <Overview>Cal involves his team in a cover-up when a fighter from an underground extreme boxing fight club for illegal aliens is murdered.</Overview>
  <ProductionCode>2APW18</ProductionCode>
  <Rating>7.4</Rating>
  <RatingCount>120</RatingCount>
  <SeasonNumber>2</SeasonNumber>
  <Writer>Sharon Lee Watson|Jameal Turner</Writer>
  <absolute_number></absolute_number>
  <filename>episodes/83602/2520411.jpg</filename>
  <lastupdated>1348230988</lastupdated>
  <seasonid>83371</seasonid>
  <seriesid>83602</seriesid>
</Episode>
<Episode>
  <id>2547221</id>
  <Combined_episodenumber>19</Combined_episodenumber>
  <Combined_season>2</Combined_season>
  <DVD_chapter></DVD_chapter>
  <DVD_discid></DVD_discid>
  <DVD_episodenumber></DVD_episodenumber>
  <DVD_season></DVD_season>
  <Director>Paul McCrane</Director>
  <EpImgFlag>2</EpImgFlag>
  <EpisodeName>Pied Piper</EpisodeName>
  <EpisodeNumber>19</EpisodeNumber>
  <FirstAired>2010-08-16</FirstAired>
  <GuestStars></GuestStars>
  <IMDB_ID>tt1584396</IMDB_ID>
  <Language>en</Language>
  <Overview>Cal and Zoe attend the execution of a man they helped put on death row. Moments before dying, the murderer claims to be innocent... and Cal believes him. Racked with guilt that he might have sent an innocent man to his death, Cal defies orders from the FBI to stay out of it and goes in search of answers.</Overview>
  <ProductionCode>2APW12</ProductionCode>
  <Rating>7.8</Rating>
  <RatingCount>117</RatingCount>
  <SeasonNumber>2</SeasonNumber>
  <Writer>Sharon Lee Watson</Writer>
  <absolute_number></absolute_number>
  <filename>episodes/83602/2547221.jpg</filename>
  <lastupdated>1363371178</lastupdated>
  <seasonid>83371</seasonid>
  <seriesid>83602</seriesid>
</Episode>
<Episode>
  <id>2547231</id>
  <Combined_episodenumber>20</Combined_episodenumber>
  <Combined_season>2</Combined_season>
  <DVD_chapter></DVD_chapter>
  <DVD_discid></DVD_discid>
  <DVD_episodenumber></DVD_episodenumber>
  <DVD_season></DVD_season>
  <Director>Terrence O'Hara</Director>
  <EpImgFlag>2</EpImgFlag>
  <EpisodeName>Exposed</EpisodeName>
  <EpisodeNumber>20</EpisodeNumber>
  <FirstAired>2010-08-23</FirstAired>
  <GuestStars></GuestStars>
  <IMDB_ID>tt1628347</IMDB_ID>
  <Language>en</Language>
  <Overview>When Gillian's boyfriend, Dave Burns, gets abducted, Cal attempts to track him down with the help of Burns' mysterious ex-partner.</Overview>
  <ProductionCode>2APW19</ProductionCode>
  <Rating>7.6</Rating>
  <RatingCount>106</RatingCount>
  <SeasonNumber>2</SeasonNumber>
  <Writer>David Graziano</Writer>
  <absolute_number></absolute_number>
  <filename>episodes/83602/2547231.jpg</filename>
  <lastupdated>1348248370</lastupdated>
  <seasonid>83371</seasonid>
  <seriesid>83602</seriesid>
</Episode>
<Episode>
  <id>2547241</id>
  <Combined_episodenumber>21</Combined_episodenumber>
  <Combined_season>2</Combined_season>
  <DVD_chapter></DVD_chapter>
  <DVD_discid></DVD_discid>
  <DVD_episodenumber></DVD_episodenumber>
  <DVD_season></DVD_season>
  <Director>Lesli Linka Glatter</Director>
  <EpImgFlag>2</EpImgFlag>
  <EpisodeName>Darkness and Light</EpisodeName>
  <EpisodeNumber>21</EpisodeNumber>
  <FirstAired>2010-08-30</FirstAired>
  <GuestStars></GuestStars>
  <IMDB_ID>tt1704874</IMDB_ID>
  <Language>en</Language>
  <Overview>A distraught father comes to Cal for help finding his 18 year old daughter who disappeared and then turned up in a porn movie. Meanwhile, Cal pits Eli and Ria against each other as they vie for the same promotion.</Overview>
  <ProductionCode>2APW17</ProductionCode>
  <Rating>7.8</Rating>
  <RatingCount>94</RatingCount>
  <SeasonNumber>2</SeasonNumber>
  <Writer>Matt Olmstead|Heather Thomason</Writer>
  <absolute_number></absolute_number>
  <filename>episodes/83602/2547241.jpg</filename>
  <lastupdated>1363128308</lastupdated>
  <seasonid>83371</seasonid>
  <seriesid>83602</seriesid>
</Episode>
<Episode>
  <id>2547251</id>
  <Combined_episodenumber>22</Combined_episodenumber>
  <Combined_season>2</Combined_season>
  <DVD_chapter></DVD_chapter>
  <DVD_discid></DVD_discid>
  <DVD_episodenumber></DVD_episodenumber>
  <DVD_season></DVD_season>
  <Director>Daniel Sackheim</Director>
  <EpImgFlag>2</EpImgFlag>
  <EpisodeName>Black and White</EpisodeName>
  <EpisodeNumber>22</EpisodeNumber>
  <FirstAired>2010-09-13</FirstAired>
  <GuestStars></GuestStars>
  <IMDB_ID>tt1704873</IMDB_ID>
  <Language>en</Language>
  <Overview>After Cal's journalist friend, Julie, is murdered over an investigative piece she was writing on political corruption in Baltimore, Cal decides his team should continue her work and finish the story.</Overview>
  <ProductionCode>2APW22</ProductionCode>
  <Rating>7.8</Rating>
  <RatingCount>110</RatingCount>
  <SeasonNumber>2</SeasonNumber>
  <Writer>Alexander Cary | Kevin Townsley</Writer>
  <absolute_number></absolute_number>
  <filename>episodes/83602/2547251.jpg</filename>
  <lastupdated>1363128352</lastupdated>
  <seasonid>83371</seasonid>
  <seriesid>83602</seriesid>
</Episode>
<Episode>
  <id>2718661</id>
  <Combined_episodenumber>1.0</Combined_episodenumber>
  <Combined_season>3</Combined_season>
  <DVD_chapter></DVD_chapter>
  <DVD_discid></DVD_discid>
  <DVD_episodenumber>1.0</DVD_episodenumber>
  <DVD_season>3</DVD_season>
  <Director>Daniel Sackheim</Director>
  <EpImgFlag>3</EpImgFlag>
  <EpisodeName>In the Red</EpisodeName>
  <EpisodeNumber>1</EpisodeNumber>
  <FirstAired>2010-10-04</FirstAired>
  <GuestStars>Shawn Doyle</GuestStars>
  <IMDB_ID>tt1654295</IMDB_ID>
  <Language>en</Language>
  <Overview>Cal tries to thwart a bank robbery from the inside by forcing his way into the gang, and tries to talk one of the robbers out of seeking revenge for the bank erroneously foreclosing on his home.</Overview>
  <ProductionCode></ProductionCode>
  <Rating>7.6</Rating>
  <RatingCount>125</RatingCount>
  <SeasonNumber>3</SeasonNumber>
  <Writer>Alexander Cary|David Graziano</Writer>
  <absolute_number></absolute_number>
  <filename>episodes/83602/2718661.jpg</filename>
  <lastupdated>1363128451</lastupdated>
  <seasonid>305301</seasonid>
  <seriesid>83602</seriesid>
</Episode>
<Episode>
  <id>2718671</id>
  <Combined_episodenumber>2.0</Combined_episodenumber>
  <Combined_season>3</Combined_season>
  <DVD_chapter></DVD_chapter>
  <DVD_discid></DVD_discid>
  <DVD_episodenumber>2.0</DVD_episodenumber>
  <DVD_season>3</DVD_season>
  <Director>Adam Davidson</Director>
  <EpImgFlag>3</EpImgFlag>
  <EpisodeName>The Royal We</EpisodeName>
  <EpisodeNumber>2</EpisodeNumber>
  <FirstAired>2010-10-11</FirstAired>
  <GuestStars>Shoshanna Stern|Monique Gabriela Curnen|Katherine LaNasa|Sherri Saum|Kate Orsini</GuestStars>
  <IMDB_ID>tt1654300</IMDB_ID>
  <Language>en</Language>
  <Overview>Cal dives head first into the world of beauty pageant teens and their obsessive parents who won't stop pushing them. He strives to mend a broken relationship between a dysfunctional mother and daughter while at the same time, prove a man has been unjustly accused of assault.</Overview>
  <ProductionCode></ProductionCode>
  <Rating>7.6</Rating>
  <RatingCount>107</RatingCount>
  <SeasonNumber>3</SeasonNumber>
  <Writer>Samuel Baum</Writer>
  <absolute_number></absolute_number>
  <filename>episodes/83602/2718671.jpg</filename>
  <lastupdated>1363423615</lastupdated>
  <seasonid>305301</seasonid>
  <seriesid>83602</seriesid>
</Episode>
<Episode>
  <id>2718691</id>
  <Combined_episodenumber>3.0</Combined_episodenumber>
  <Combined_season>3</Combined_season>
  <DVD_chapter></DVD_chapter>
  <DVD_discid></DVD_discid>
  <DVD_episodenumber>3.0</DVD_episodenumber>
  <DVD_season>3</DVD_season>
  <Director>Michelle MacLaren</Director>
  <EpImgFlag>3</EpImgFlag>
  <EpisodeName>Dirty Loyal</EpisodeName>
  <EpisodeNumber>3</EpisodeNumber>
  <FirstAired>2010-10-18</FirstAired>
  <GuestStars></GuestStars>
  <IMDB_ID>tt1654301</IMDB_ID>
  <Language>en</Language>
  <Overview>Cal has a personal interest in an Internal Affairs investigation of a police officer, accused of murdering a gang banger.</Overview>
  <ProductionCode></ProductionCode>
  <Rating>7.4</Rating>
  <RatingCount>101</RatingCount>
  <SeasonNumber>3</SeasonNumber>
  <Writer>Kevin Fox</Writer>
  <absolute_number></absolute_number>
  <filename>episodes/83602/2718691.jpg</filename>
  <lastupdated>1348377719</lastupdated>
  <seasonid>305301</seasonid>
  <seriesid>83602</seriesid>
</Episode>
<Episode>
  <id>2718701</id>
  <Combined_episodenumber>4.0</Combined_episodenumber>
  <Combined_season>3</Combined_season>
  <DVD_chapter></DVD_chapter>
  <DVD_discid></DVD_discid>
  <DVD_episodenumber>4.0</DVD_episodenumber>
  <DVD_season>3</DVD_season>
  <Director>David Platt</Director>
  <EpImgFlag>2</EpImgFlag>
  <EpisodeName>Double Blind</EpisodeName>
  <EpisodeNumber>4</EpisodeNumber>
  <FirstAired>2010-10-25</FirstAired>
  <GuestStars>Tricia Helfer</GuestStars>
  <IMDB_ID>tt1654303</IMDB_ID>
  <Language>en</Language>
  <Overview>Ria blames herself when two museum security guards, that she vetted and approved, try to steal a valuable artifact. Both men are shot and killed by another guard, who is devastated that he killed the two men. Meanwhile, Cal becomes involved in a game of cat-and-mouse with a beautiful woman and the man who is stalking her.</Overview>
  <ProductionCode></ProductionCode>
  <Rating>7.6</Rating>
  <RatingCount>101</RatingCount>
  <SeasonNumber>3</SeasonNumber>
  <Writer>Dailyn Rodriguez</Writer>
  <absolute_number></absolute_number>
  <filename>episodes/83602/2718701.jpg</filename>
  <lastupdated>1363128747</lastupdated>
  <seasonid>305301</seasonid>
  <seriesid>83602</seriesid>
</Episode>
<Episode>
  <id>2718711</id>
  <Combined_episodenumber>5.0</Combined_episodenumber>
  <Combined_season>3</Combined_season>
  <DVD_chapter></DVD_chapter>
  <DVD_discid></DVD_discid>
  <DVD_episodenumber>5.0</DVD_episodenumber>
  <DVD_season>3</DVD_season>
  <Director>Seith Mann</Director>
  <EpImgFlag>2</EpImgFlag>
  <EpisodeName>The Canary's Song</EpisodeName>
  <EpisodeNumber>5</EpisodeNumber>
  <FirstAired>2010-11-08</FirstAired>
  <GuestStars></GuestStars>
  <IMDB_ID>tt1654304</IMDB_ID>
  <Language>en</Language>
  <Overview>Cal puts his life on the line when he goes below to investigate an explosion that killed six coal miners. Gillian does a final favor for the FBI in exchange for getting both Cal and the Lightman Group out from under their thumb, once and for all.</Overview>
  <ProductionCode></ProductionCode>
  <Rating>7.7</Rating>
  <RatingCount>97</RatingCount>
  <SeasonNumber>3</SeasonNumber>
  <Writer>Samantha Howard Corbin</Writer>
  <absolute_number></absolute_number>
  <filename>episodes/83602/2718711.jpg</filename>
  <lastupdated>1348536046</lastupdated>
  <seasonid>305301</seasonid>
  <seriesid>83602</seriesid>
</Episode>
<Episode>
  <id>2861931</id>
  <Combined_episodenumber>6.0</Combined_episodenumber>
  <Combined_season>3</Combined_season>
  <DVD_chapter></DVD_chapter>
  <DVD_discid></DVD_discid>
  <DVD_episodenumber>6.0</DVD_episodenumber>
  <DVD_season>3</DVD_season>
  <Director>Emile Levisetti</Director>
  <EpImgFlag>2</EpImgFlag>
  <EpisodeName>Beyond Belief</EpisodeName>
  <EpisodeNumber>6</EpisodeNumber>
  <FirstAired>2010-11-15</FirstAired>
  <GuestStars>David Sutcliffe|Hayley ChaseJulia Campbell|Michelle Clunie</GuestStars>
  <IMDB_ID>tt1654305</IMDB_ID>
  <Language>en</Language>
  <Overview>Cal goes head-to-head with a cult-like self-help guru, as he tries to free a wealthy woman from his control. As the investigation progresses, Cal starts playing hard-ball when veiled threats are made towards Emily.</Overview>
  <ProductionCode></ProductionCode>
  <Rating>7.6</Rating>
  <RatingCount>101</RatingCount>
  <SeasonNumber>3</SeasonNumber>
  <Writer>Timothy J. Lea</Writer>
  <absolute_number></absolute_number>
  <filename>episodes/83602/2861931.jpg</filename>
  <lastupdated>1363128925</lastupdated>
  <seasonid>305301</seasonid>
  <seriesid>83602</seriesid>
</Episode>
<Episode>
  <id>2922921</id>
  <Combined_episodenumber>7.0</Combined_episodenumber>
  <Combined_season>3</Combined_season>
  <DVD_chapter></DVD_chapter>
  <DVD_discid></DVD_discid>
  <DVD_episodenumber>7.0</DVD_episodenumber>
  <DVD_season>3</DVD_season>
  <Director>Michael Nankin</Director>
  <EpImgFlag>2</EpImgFlag>
  <EpisodeName>Veronica</EpisodeName>
  <EpisodeNumber>7</EpisodeNumber>
  <FirstAired>2010-11-22</FirstAired>
  <GuestStars></GuestStars>
  <IMDB_ID>tt1654302</IMDB_ID>
  <Language>en</Language>
  <Overview>Cal goes out of his way to help a woman with early-onset Alzheimer's, who claims a man named Charlie killed her sister, Rose, and now he's after her.</Overview>
  <ProductionCode></ProductionCode>
  <Rating>7.4</Rating>
  <RatingCount>96</RatingCount>
  <SeasonNumber>3</SeasonNumber>
  <Writer>Ethan Drogin</Writer>
  <absolute_number></absolute_number>
  <filename>episodes/83602/2922921.jpg</filename>
  <lastupdated>1363129203</lastupdated>
  <seasonid>305301</seasonid>
  <seriesid>83602</seriesid>
</Episode>
<Episode>
  <id>3143421</id>
  <Combined_episodenumber>8.0</Combined_episodenumber>
  <Combined_season>3</Combined_season>
  <DVD_chapter></DVD_chapter>
  <DVD_discid></DVD_discid>
  <DVD_episodenumber>8.0</DVD_episodenumber>
  <DVD_season>3</DVD_season>
  <Director>Kate Woods</Director>
  <EpImgFlag>2</EpImgFlag>
  <EpisodeName>Smoked</EpisodeName>
  <EpisodeNumber>8</EpisodeNumber>
  <FirstAired>2010-11-29</FirstAired>
  <GuestStars></GuestStars>
  <IMDB_ID>tt1654306</IMDB_ID>
  <Language>en</Language>
  <Overview>Cal assists Det. Wallowski investigate the murder of the daughter of a terminally ill friend of hers. Meanwhile, Ria is mugged in a rough neighborhood and goes looking for the guy who did it.</Overview>
  <ProductionCode></ProductionCode>
  <Rating>7.7</Rating>
  <RatingCount>96</RatingCount>
  <SeasonNumber>3</SeasonNumber>
  <Writer>David Slack</Writer>
  <absolute_number></absolute_number>
  <filename>episodes/83602/3143421.jpg</filename>
  <lastupdated>1363132571</lastupdated>
  <seasonid>305301</seasonid>
  <seriesid>83602</seriesid>
</Episode>
<Episode>
  <id>3233391</id>
  <Combined_episodenumber>9.0</Combined_episodenumber>
  <Combined_season>3</Combined_season>
  <DVD_chapter></DVD_chapter>
  <DVD_discid></DVD_discid>
  <DVD_episodenumber>9.0</DVD_episodenumber>
  <DVD_season>3</DVD_season>
  <Director>Daniel Sackheim</Director>
  <EpImgFlag>3</EpImgFlag>
  <EpisodeName>Funhouse</EpisodeName>
  <EpisodeNumber>9</EpisodeNumber>
  <FirstAired>2011-01-10</FirstAired>
  <GuestStars></GuestStars>
  <IMDB_ID>tt1654307</IMDB_ID>
  <Language>en</Language>
  <Overview>Emily seeks Cal's help for her friend who is worried about her dad, who has been in a psychiatric facility for 5 years. Cal is immediately suspicious of the facility and puts his own sanity on the line when he gets himself committed so that he can work the case from the inside.</Overview>
  <ProductionCode></ProductionCode>
  <Rating>7.8</Rating>
  <RatingCount>93</RatingCount>
  <SeasonNumber>3</SeasonNumber>
  <Writer>Jameal Turner</Writer>
  <absolute_number></absolute_number>
  <filename>episodes/83602/3233391.jpg</filename>
  <lastupdated>1363132848</lastupdated>
  <seasonid>305301</seasonid>
  <seriesid>83602</seriesid>
</Episode>
<Episode>
  <id>3233401</id>
  <Combined_episodenumber>10.0</Combined_episodenumber>
  <Combined_season>3</Combined_season>
  <DVD_chapter></DVD_chapter>
  <DVD_discid></DVD_discid>
  <DVD_episodenumber>10.0</DVD_episodenumber>
  <DVD_season>3</DVD_season>
  <Director>John Pohlson</Director>
  <EpImgFlag>3</EpImgFlag>
  <EpisodeName>Rebound</EpisodeName>
  <EpisodeNumber>10</EpisodeNumber>
  <FirstAired>2011-01-10</FirstAired>
  <GuestStars></GuestStars>
  <IMDB_ID>tt1654296</IMDB_ID>
  <Language>en</Language>
  <Overview>A wealthy woman asks Cal to check out her new boyfriend when her son discovers a briefcase filled with cash and a notebook in code.</Overview>
  <ProductionCode></ProductionCode>
  <Rating>7.7</Rating>
  <RatingCount>93</RatingCount>
  <SeasonNumber>3</SeasonNumber>
  <Writer>David Ehrman|Kevin Fox</Writer>
  <absolute_number></absolute_number>
  <filename>episodes/83602/3233401.jpg</filename>
  <lastupdated>1363129524</lastupdated>
  <seasonid>305301</seasonid>
  <seriesid>83602</seriesid>
</Episode>
<Episode>
  <id>3296781</id>
  <Combined_episodenumber>11.0</Combined_episodenumber>
  <Combined_season>3</Combined_season>
  <DVD_chapter></DVD_chapter>
  <DVD_discid></DVD_discid>
  <DVD_episodenumber>11.0</DVD_episodenumber>
  <DVD_season>3</DVD_season>
  <Director>Michael Offer</Director>
  <EpImgFlag>2</EpImgFlag>
  <EpisodeName>Saved</EpisodeName>
  <EpisodeNumber>11</EpisodeNumber>
  <FirstAired>2011-01-17</FirstAired>
  <GuestStars></GuestStars>
  <IMDB_ID>tt1654297</IMDB_ID>
  <Language>en</Language>
  <Overview>Cal investigates a deadly traffic accident caused by three high school students on a joy ride, and stumbles onto something much bigger.</Overview>
  <ProductionCode></ProductionCode>
  <Rating>7.6</Rating>
  <RatingCount>91</RatingCount>
  <SeasonNumber>3</SeasonNumber>
  <Writer>Samantha Corbin-Miller|Dailyn Rodriguez</Writer>
  <absolute_number></absolute_number>
  <filename>episodes/83602/3296781.jpg</filename>
  <lastupdated>1363122172</lastupdated>
  <seasonid>305301</seasonid>
  <seriesid>83602</seriesid>
</Episode>
<Episode>
  <id>3296791</id>
  <Combined_episodenumber>12.0</Combined_episodenumber>
  <Combined_season>3</Combined_season>
  <DVD_chapter></DVD_chapter>
  <DVD_discid></DVD_discid>
  <DVD_episodenumber>12.0</DVD_episodenumber>
  <DVD_season>3</DVD_season>
  <Director>Adam Arkin</Director>
  <EpImgFlag>2</EpImgFlag>
  <EpisodeName>Gone</EpisodeName>
  <EpisodeNumber>12</EpisodeNumber>
  <FirstAired>2011-01-24</FirstAired>
  <GuestStars></GuestStars>
  <IMDB_ID>tt1654298</IMDB_ID>
  <Language>en</Language>
  <Overview>After a baby goes missing, the investigation zigzags all over the place until Cal and his team open a massive can of worms, revealing a family completely crippled by their dysfunction.</Overview>
  <ProductionCode></ProductionCode>
  <Rating>7.6</Rating>
  <RatingCount>89</RatingCount>
  <SeasonNumber>3</SeasonNumber>
  <Writer>Timothy J. Lea</Writer>
  <absolute_number></absolute_number>
  <filename>episodes/83602/3296791.jpg</filename>
  <lastupdated>1363129592</lastupdated>
  <seasonid>305301</seasonid>
  <seriesid>83602</seriesid>
</Episode>
<Episode>
  <id>3296801</id>
  <Combined_episodenumber>13.0</Combined_episodenumber>
  <Combined_season>3</Combined_season>
  <DVD_chapter></DVD_chapter>
  <DVD_discid></DVD_discid>
  <DVD_episodenumber>13.0</DVD_episodenumber>
  <DVD_season>3</DVD_season>
  <Director>Vahan Moosekian</Director>
  <EpImgFlag>2</EpImgFlag>
  <EpisodeName>Killer App</EpisodeName>
  <EpisodeNumber>13</EpisodeNumber>
  <FirstAired>2011-01-31</FirstAired>
  <GuestStars></GuestStars>
  <IMDB_ID>tt1654299</IMDB_ID>
  <Language>en</Language>
  <Overview>Series finale
Cal takes a wicked pleasure in wiping the arrogant smirk off the face of a computer entrepreneur who Cal believes murdered one of his partners and framed his other partner in order to gain full ownership of a successful social networking site the three created together.</Overview>
  <ProductionCode></ProductionCode>
  <Rating>8.0</Rating>
  <RatingCount>86</RatingCount>
  <SeasonNumber>3</SeasonNumber>
  <Writer>David Slack</Writer>
  <absolute_number></absolute_number>
  <filename>episodes/83602/3296801.jpg</filename>
  <lastupdated>1348643397</lastupdated>
  <seasonid>305301</seasonid>
  <seriesid>83602</seriesid>
</Episode>
</Data>