<?xml version="1.0" encoding="UTF-8" ?>
<Actors>
<Actor>
  <id>82179</id>
  <Image>actors/82179.jpg</Image>
  <Name>Craig Olejnik</Name>
  <Role>Toby Logan</Role>
  <SortOrder>0</SortOrder>
</Actor>
<Actor>
  <id>82178</id>
  <Image>actors/82178.jpg</Image>
  <Name>Ennis Esmer</Name>
  <Role>Osman Bey</Role>
  <SortOrder>0</SortOrder>
</Actor>
<Actor>
  <id>250471</id>
  <Image>actors/250471.jpg</Image>
  <Name>Lauren Lee Smith</Name>
  <Role>Michelle McCluskey</Role>
  <SortOrder>2</SortOrder>
</Actor>
<Actor>
  <id>82182</id>
  <Image>actors/82182.jpg</Image>
  <Name>Arnold Pinnock</Name>
  <Role>George Ryder</Role>
  <SortOrder>3</SortOrder>
</Actor>
<Actor>
  <id>82181</id>
  <Image>actors/82181.jpg</Image>
  <Name>Anthony Lemke</Name>
  <Role>Brian Becker</Role>
  <SortOrder>3</SortOrder>
</Actor>
<Actor>
  <id>82180</id>
  <Image>actors/82180.jpg</Image>
  <Name>Colm Feore</Name>
  <Role>Dr. Ray Mercer </Role>
  <SortOrder>3</SortOrder>
</Actor>
<Actor>
  <id>82177</id>
  <Image>actors/82177.jpg</Image>
  <Name>Mylène Dinh-Robic</Name>
  <Role>Dr. Olivia Fawcett</Role>
  <SortOrder>3</SortOrder>
</Actor>
<Actor>
  <id>82176</id>
  <Image>actors/82176.jpg</Image>
  <Name>Lisa Marcos</Name>
  <Role>Dt. Charlie Marks</Role>
  <SortOrder>3</SortOrder>
</Actor>
<Actor>
  <id>301047</id>
  <Image>actors/301047.jpg</Image>
  <Name>Peter Stebbings</Name>
  <Role>Alvin Klein</Role>
  <SortOrder>3</SortOrder>
</Actor>
<Actor>
  <id>250491</id>
  <Image>actors/250491.jpg</Image>
  <Name>Tara Spencer-Nairn</Name>
  <Role>Sandy</Role>
  <SortOrder>3</SortOrder>
</Actor>
<Actor>
  <id>250481</id>
  <Image>actors/250481.jpg</Image>
  <Name>Rainbow Sun Francks</Name>
  <Role>Corp. Dev Clark</Role>
  <SortOrder>3</SortOrder>
</Actor>
</Actors>