<?xml version="1.0" encoding="UTF-8" ?>
<Banners>
<Banner>
  <id>179371</id>
  <BannerPath>fanart/original/85358-3.jpg</BannerPath>
  <BannerType>fanart</BannerType>
  <BannerType2>1280x720</BannerType2>
  <Colors></Colors>
  <Language>en</Language>
  <Rating>9.5000</Rating>
  <RatingCount>2</RatingCount>
  <SeriesName>true</SeriesName>
  <ThumbnailPath>_cache/fanart/original/85358-3.jpg</ThumbnailPath>
  <VignettePath>fanart/vignette/85358-3.jpg</VignettePath>
</Banner>
<Banner>
  <id>716141</id>
  <BannerPath>fanart/original/85358-6.jpg</BannerPath>
  <BannerType>fanart</BannerType>
  <BannerType2>1920x1080</BannerType2>
  <Colors></Colors>
  <Language>de</Language>
  <Rating>7.0000</Rating>
  <RatingCount>3</RatingCount>
  <SeriesName>false</SeriesName>
  <ThumbnailPath>_cache/fanart/original/85358-6.jpg</ThumbnailPath>
  <VignettePath>fanart/vignette/85358-6.jpg</VignettePath>
</Banner>
<Banner>
  <id>74901</id>
  <BannerPath>fanart/original/85358-2.jpg</BannerPath>
  <BannerType>fanart</BannerType>
  <BannerType2>1280x720</BannerType2>
  <Colors></Colors>
  <Language>en</Language>
  <Rating>6.3333</Rating>
  <RatingCount>3</RatingCount>
  <SeriesName>false</SeriesName>
  <ThumbnailPath>_cache/fanart/original/85358-2.jpg</ThumbnailPath>
  <VignettePath>fanart/vignette/85358-2.jpg</VignettePath>
</Banner>
<Banner>
  <id>716151</id>
  <BannerPath>fanart/original/85358-7.jpg</BannerPath>
  <BannerType>fanart</BannerType>
  <BannerType2>1920x1080</BannerType2>
  <Colors></Colors>
  <Language>de</Language>
  <Rating>5.5000</Rating>
  <RatingCount>2</RatingCount>
  <SeriesName>false</SeriesName>
  <ThumbnailPath>_cache/fanart/original/85358-7.jpg</ThumbnailPath>
  <VignettePath>fanart/vignette/85358-7.jpg</VignettePath>
</Banner>
<Banner>
  <id>716161</id>
  <BannerPath>fanart/original/85358-8.jpg</BannerPath>
  <BannerType>fanart</BannerType>
  <BannerType2>1920x1080</BannerType2>
  <Colors>|60,62,75|213,177,155|180,133,91|</Colors>
  <Language>de</Language>
  <Rating>5.5000</Rating>
  <RatingCount>2</RatingCount>
  <SeriesName>false</SeriesName>
  <ThumbnailPath>_cache/fanart/original/85358-8.jpg</ThumbnailPath>
  <VignettePath>fanart/vignette/85358-8.jpg</VignettePath>
</Banner>
<Banner>
  <id>256031</id>
  <BannerPath>fanart/original/85358-1.jpg</BannerPath>
  <BannerType>fanart</BannerType>
  <BannerType2>1920x1080</BannerType2>
  <Colors></Colors>
  <Language>en</Language>
  <Rating></Rating>
  <RatingCount>0</RatingCount>
  <SeriesName>false</SeriesName>
  <ThumbnailPath>_cache/fanart/original/85358-1.jpg</ThumbnailPath>
  <VignettePath>fanart/vignette/85358-1.jpg</VignettePath>
</Banner>
<Banner>
  <id>244641</id>
  <BannerPath>fanart/original/85358-4.jpg</BannerPath>
  <BannerType>fanart</BannerType>
  <BannerType2>1280x720</BannerType2>
  <Colors></Colors>
  <Language>en</Language>
  <Rating></Rating>
  <RatingCount>0</RatingCount>
  <SeriesName>false</SeriesName>
  <ThumbnailPath>_cache/fanart/original/85358-4.jpg</ThumbnailPath>
  <VignettePath>fanart/vignette/85358-4.jpg</VignettePath>
</Banner>
<Banner>
  <id>907285</id>
  <BannerPath>fanart/original/85358-9.jpg</BannerPath>
  <BannerType>fanart</BannerType>
  <BannerType2>1920x1080</BannerType2>
  <Colors></Colors>
  <Language>en</Language>
  <Rating></Rating>
  <RatingCount>0</RatingCount>
  <SeriesName>false</SeriesName>
  <ThumbnailPath>_cache/fanart/original/85358-9.jpg</ThumbnailPath>
  <VignettePath>fanart/vignette/85358-9.jpg</VignettePath>
</Banner>
<Banner>
  <id>244651</id>
  <BannerPath>fanart/original/85358-5.jpg</BannerPath>
  <BannerType>fanart</BannerType>
  <BannerType2>1280x720</BannerType2>
  <Colors></Colors>
  <Language>en</Language>
  <Rating></Rating>
  <RatingCount>0</RatingCount>
  <SeriesName>false</SeriesName>
  <ThumbnailPath>_cache/fanart/original/85358-5.jpg</ThumbnailPath>
  <VignettePath>fanart/vignette/85358-5.jpg</VignettePath>
</Banner>
<Banner>
  <id>179361</id>
  <BannerPath>posters/85358-2.jpg</BannerPath>
  <BannerType>poster</BannerType>
  <BannerType2>680x1000</BannerType2>
  <Language>en</Language>
  <Rating>9.0000</Rating>
  <RatingCount>2</RatingCount>
</Banner>
<Banner>
  <id>50921</id>
  <BannerPath>posters/85358-1.jpg</BannerPath>
  <BannerType>poster</BannerType>
  <BannerType2>680x1000</BannerType2>
  <Language>en</Language>
  <Rating>7.5000</Rating>
  <RatingCount>2</RatingCount>
</Banner>
<Banner>
  <id>50211</id>
  <BannerPath>seasons/85358-1.jpg</BannerPath>
  <BannerType>season</BannerType>
  <BannerType2>season</BannerType2>
  <Language>en</Language>
  <Rating>10.0000</Rating>
  <RatingCount>1</RatingCount>
  <Season>1</Season>
</Banner>
<Banner>
  <id>911342</id>
  <BannerPath>seasons/85358-3.jpg</BannerPath>
  <BannerType>season</BannerType>
  <BannerType2>season</BannerType2>
  <Language>en</Language>
  <Rating>10.0000</Rating>
  <RatingCount>1</RatingCount>
  <Season>3</Season>
</Banner>
<Banner>
  <id>840431</id>
  <BannerPath>seasons/85358-2-2.jpg</BannerPath>
  <BannerType>season</BannerType>
  <BannerType2>season</BannerType2>
  <Language>en</Language>
  <Rating>10.0000</Rating>
  <RatingCount>1</RatingCount>
  <Season>2</Season>
</Banner>
<Banner>
  <id>221551</id>
  <BannerPath>graphical/85358-g5.jpg</BannerPath>
  <BannerType>series</BannerType>
  <BannerType2>graphical</BannerType2>
  <Language>en</Language>
  <Rating>9.5000</Rating>
  <RatingCount>2</RatingCount>
</Banner>
<Banner>
  <id>386881</id>
  <BannerPath>graphical/85358-g6.jpg</BannerPath>
  <BannerType>series</BannerType>
  <BannerType2>graphical</BannerType2>
  <Language>en</Language>
  <Rating>8.5000</Rating>
  <RatingCount>2</RatingCount>
</Banner>
<Banner>
  <id>42559</id>
  <BannerPath>graphical/85358-g.jpg</BannerPath>
  <BannerType>series</BannerType>
  <BannerType2>graphical</BannerType2>
  <Language>en</Language>
  <Rating>5.5000</Rating>
  <RatingCount>2</RatingCount>
</Banner>
<Banner>
  <id>73421</id>
  <BannerPath>graphical/85358-g3.jpg</BannerPath>
  <BannerType>series</BannerType>
  <BannerType2>graphical</BannerType2>
  <Language>en</Language>
  <Rating>4.0000</Rating>
  <RatingCount>1</RatingCount>
</Banner>
<Banner>
  <id>124021</id>
  <BannerPath>graphical/85358-g4.jpg</BannerPath>
  <BannerType>series</BannerType>
  <BannerType2>graphical</BannerType2>
  <Language>en</Language>
  <Rating></Rating>
  <RatingCount>0</RatingCount>
</Banner>
<Banner>
  <id>43316</id>
  <BannerPath>graphical/85358-g2.jpg</BannerPath>
  <BannerType>series</BannerType>
  <BannerType2>graphical</BannerType2>
  <Language>en</Language>
  <Rating></Rating>
  <RatingCount>0</RatingCount>
</Banner>
</Banners>