<?xml version="1.0" encoding="UTF-8" ?>
<Data><Series>
  <id>85358</id>
  <Actors>|Craig Olejnik|Ennis Esmer|Lauren Lee Smith|Arnold Pinnock|Anthony Lemke|Colm Feore|Mylène Dinh-Robic|Lisa Marcos|Peter Stebbings|Tara Spencer-Nairn|Rainbow Sun Francks|</Actors>
  <Airs_DayOfWeek>Wednesday</Airs_DayOfWeek>
  <Airs_Time>10:00PM</Airs_Time>
  <ContentRating>TV-14</ContentRating>
  <FirstAired>2009-03-08</FirstAired>
  <Genre>|Action|Adventure|Drama|Fantasy|</Genre>
  <IMDB_ID>tt1181541</IMDB_ID>
  <Language>en</Language>
  <Network>CTV</Network>
  <NetworkID></NetworkID>
  <Overview>&quot;The Listener&quot; centers on Toby Logan (Craig Olejnik), a 25-year-old paramedic who has a big secret - he's a telepath. Until now, Toby kept his ability hidden, exploring its possibilities only with his longtime mentor and confidant, Dr. Ray Mercer (Colm Feore). As he makes the rounds with his energetic paramedic partner &quot;Oz&quot; Bey (Ennis Esmer), &quot;The Listener&quot; follows Toby as he tries to help people in crisis, and in the process unravel the truth about his past. While his professional life is in check, Toby's personal life could use its own rescue. And with the help of Detective Charlie Marks (Lisa Marcos) and his E.R. doctor/ex-girlfriend Olivia Fawcett (Mylène Dinh-Robic), Toby realizes his gift can help others.</Overview>
  <Rating>8.2</Rating>
  <RatingCount>22</RatingCount>
  <Runtime>60</Runtime>
  <SeriesID>75334</SeriesID>
  <SeriesName>The Listener</SeriesName>
  <Status>Continuing</Status>
  <added>2009-03-04 01:52:42</added>
  <addedBy>5300</addedBy>
  <banner>graphical/85358-g5.jpg</banner>
  <fanart>fanart/original/85358-3.jpg</fanart>
  <lastupdated>1365535448</lastupdated>
  <poster>posters/85358-2.jpg</poster>
  <zap2it_id>EP01047641</zap2it_id>
</Series>
<Episode>
  <id>441931</id>
  <Combined_episodenumber>1</Combined_episodenumber>
  <Combined_season>1</Combined_season>
  <DVD_chapter></DVD_chapter>
  <DVD_discid></DVD_discid>
  <DVD_episodenumber></DVD_episodenumber>
  <DVD_season></DVD_season>
  <Director>Clement Virgo</Director>
  <EpImgFlag>2</EpImgFlag>
  <EpisodeName>I'm an Adult Now</EpisodeName>
  <EpisodeNumber>1</EpisodeNumber>
  <FirstAired>2009-03-03</FirstAired>
  <GuestStars></GuestStars>
  <IMDB_ID></IMDB_ID>
  <Language>en</Language>
  <Overview>When Toby rescues a young woman of a terrible car accident, he starts having disturbing visions of the son of the woman, who has gone missing. The woman is traumatized and scared for being kidnapped to gun point. As the worry for the situation of the child increases, Toby realizes that it he is going to have to act fast to find a sense to the mental discords that are tormenting him.</Overview>
  <ProductionCode></ProductionCode>
  <Rating>7.0</Rating>
  <RatingCount>25</RatingCount>
  <SeasonNumber>1</SeasonNumber>
  <Writer>Michael Amo</Writer>
  <absolute_number></absolute_number>
  <filename>episodes/85358/441931.jpg</filename>
  <lastupdated>1288379446</lastupdated>
  <seasonid>41474</seasonid>
  <seriesid>85358</seriesid>
</Episode>
<Episode>
  <id>441932</id>
  <Combined_episodenumber>2</Combined_episodenumber>
  <Combined_season>1</Combined_season>
  <DVD_chapter></DVD_chapter>
  <DVD_discid></DVD_discid>
  <DVD_episodenumber></DVD_episodenumber>
  <DVD_season></DVD_season>
  <Director>Ken Girotti</Director>
  <EpImgFlag>2</EpImgFlag>
  <EpisodeName>Emotional Rescue</EpisodeName>
  <EpisodeNumber>2</EpisodeNumber>
  <FirstAired>2009-03-10</FirstAired>
  <GuestStars></GuestStars>
  <IMDB_ID></IMDB_ID>
  <Language>en</Language>
  <Overview>After receiving telepathic images of an explosion Toby goes to rescue Vince from a fire in a block of apartments.

Vince has no credibility since he is a drug addict and a meth manufacturer. Dt. Marks is on to the case and Vince as well as Toby will pass as a suspect in this investigation. </Overview>
  <ProductionCode></ProductionCode>
  <Rating>7.0</Rating>
  <RatingCount>20</RatingCount>
  <SeasonNumber>1</SeasonNumber>
  <Writer>Russ Cochrane</Writer>
  <absolute_number></absolute_number>
  <filename>episodes/85358/441932.jpg</filename>
  <lastupdated>1267057160</lastupdated>
  <seasonid>41474</seasonid>
  <seriesid>85358</seriesid>
</Episode>
<Episode>
  <id>441934</id>
  <Combined_episodenumber>3</Combined_episodenumber>
  <Combined_season>1</Combined_season>
  <DVD_chapter></DVD_chapter>
  <DVD_discid></DVD_discid>
  <DVD_episodenumber></DVD_episodenumber>
  <DVD_season></DVD_season>
  <Director>Clement Virgo</Director>
  <EpImgFlag>2</EpImgFlag>
  <EpisodeName>A Voice in the Dark</EpisodeName>
  <EpisodeNumber>3</EpisodeNumber>
  <FirstAired>2009-03-17</FirstAired>
  <GuestStars></GuestStars>
  <IMDB_ID></IMDB_ID>
  <Language>en</Language>
  <Overview>After stumbling over a homeless young man, Toby starts having visions of a missing girl. Convinced that she has been kidnapped, he chases the man to obtain more tracks on her whereabouts. But he starts having the sensation that the homeless man shares his skill of reading the thoughts.</Overview>
  <ProductionCode></ProductionCode>
  <Rating>7.5</Rating>
  <RatingCount>21</RatingCount>
  <SeasonNumber>1</SeasonNumber>
  <Writer>Michael Amo</Writer>
  <absolute_number></absolute_number>
  <filename>episodes/85358/441934.jpg</filename>
  <lastupdated>1343506136</lastupdated>
  <seasonid>41474</seasonid>
  <seriesid>85358</seriesid>
</Episode>
<Episode>
  <id>441935</id>
  <Combined_episodenumber>4</Combined_episodenumber>
  <Combined_season>1</Combined_season>
  <DVD_chapter></DVD_chapter>
  <DVD_discid></DVD_discid>
  <DVD_episodenumber></DVD_episodenumber>
  <DVD_season></DVD_season>
  <Director>Clement Virgo</Director>
  <EpImgFlag>2</EpImgFlag>
  <EpisodeName>Some Kind of Love</EpisodeName>
  <EpisodeNumber>4</EpisodeNumber>
  <FirstAired>2009-03-24</FirstAired>
  <GuestStars>Sarah Power</GuestStars>
  <IMDB_ID></IMDB_ID>
  <Language>en</Language>
  <Overview>One night Toby meets in a bar a beautiful pathologist named Mina that the following day turns out to be dead. Toby is initially considered to be a suspect of the crime, but everything takes an unexpected twist as it seems that Mina might have discovered a conspiracy inside the office of the judge that leads the case. </Overview>
  <ProductionCode></ProductionCode>
  <Rating>7.6</Rating>
  <RatingCount>18</RatingCount>
  <SeasonNumber>1</SeasonNumber>
  <Writer>Larry LaLonde|Phil Bedard</Writer>
  <absolute_number></absolute_number>
  <filename>episodes/85358/441935.jpg</filename>
  <lastupdated>1343505216</lastupdated>
  <seasonid>41474</seasonid>
  <seriesid>85358</seriesid>
</Episode>
<Episode>
  <id>441937</id>
  <Combined_episodenumber>5</Combined_episodenumber>
  <Combined_season>1</Combined_season>
  <DVD_chapter></DVD_chapter>
  <DVD_discid></DVD_discid>
  <DVD_episodenumber></DVD_episodenumber>
  <DVD_season></DVD_season>
  <Director>Kari Skogland</Director>
  <EpImgFlag>2</EpImgFlag>
  <EpisodeName>Lisa Says</EpisodeName>
  <EpisodeNumber>5</EpisodeNumber>
  <FirstAired>2009-03-31</FirstAired>
  <GuestStars></GuestStars>
  <IMDB_ID></IMDB_ID>
  <Language>en</Language>
  <Overview>Toby and Oz intervene in the case of Daniel, a boy from the streets that could be involved in a series of burglaries to drugstores. Determined to help him, Toby tries to come closer to him by telling him some of his own personal experiences. But as Toby is approaching to the truth on Daniel, he discovers that the things can be more complicated than what he thought of since the life of a missing girl called Lisa is on the line. </Overview>
  <ProductionCode></ProductionCode>
  <Rating>7.0</Rating>
  <RatingCount>21</RatingCount>
  <SeasonNumber>1</SeasonNumber>
  <Writer>Dennis Heaton</Writer>
  <absolute_number></absolute_number>
  <filename>episodes/85358/441937.jpg</filename>
  <lastupdated>1267057248</lastupdated>
  <seasonid>41474</seasonid>
  <seriesid>85358</seriesid>
</Episode>
<Episode>
  <id>441938</id>
  <Combined_episodenumber>6</Combined_episodenumber>
  <Combined_season>1</Combined_season>
  <DVD_chapter></DVD_chapter>
  <DVD_discid></DVD_discid>
  <DVD_episodenumber></DVD_episodenumber>
  <DVD_season></DVD_season>
  <Director>Clément Virgo</Director>
  <EpImgFlag>2</EpImgFlag>
  <EpisodeName>Foggy Notion</EpisodeName>
  <EpisodeNumber>6</EpisodeNumber>
  <FirstAired>2009-04-07</FirstAired>
  <GuestStars></GuestStars>
  <IMDB_ID></IMDB_ID>
  <Language>en</Language>
  <Overview>After attending to a gunfire in Chinatown with several dead people, Toby ends up helping Kim Chu to solve who killed her brother. As he gets his telephatic thoughts he realizes her brother might have been involved into human trafficking.</Overview>
  <ProductionCode></ProductionCode>
  <Rating>7.0</Rating>
  <RatingCount>20</RatingCount>
  <SeasonNumber>1</SeasonNumber>
  <Writer>Jeremy Boxen</Writer>
  <absolute_number></absolute_number>
  <filename>episodes/85358/441938.jpg</filename>
  <lastupdated>1343505987</lastupdated>
  <seasonid>41474</seasonid>
  <seriesid>85358</seriesid>
</Episode>
<Episode>
  <id>444272</id>
  <Combined_episodenumber>7</Combined_episodenumber>
  <Combined_season>1</Combined_season>
  <DVD_chapter></DVD_chapter>
  <DVD_discid></DVD_discid>
  <DVD_episodenumber></DVD_episodenumber>
  <DVD_season></DVD_season>
  <Director>Stephen Surjik</Director>
  <EpImgFlag>2</EpImgFlag>
  <EpisodeName>Iris</EpisodeName>
  <EpisodeNumber>7</EpisodeNumber>
  <FirstAired>2009-04-14</FirstAired>
  <GuestStars></GuestStars>
  <IMDB_ID></IMDB_ID>
  <Language>en</Language>
  <Overview>Toby meets another person with supernatural powers. And someone is trying to kill her, or...?</Overview>
  <ProductionCode></ProductionCode>
  <Rating>7.7</Rating>
  <RatingCount>18</RatingCount>
  <SeasonNumber>1</SeasonNumber>
  <Writer>Michael Amo</Writer>
  <absolute_number></absolute_number>
  <filename>episodes/85358/444272.jpg</filename>
  <lastupdated>1343506005</lastupdated>
  <seasonid>41474</seasonid>
  <seriesid>85358</seriesid>
</Episode>
<Episode>
  <id>444273</id>
  <Combined_episodenumber>8</Combined_episodenumber>
  <Combined_season>1</Combined_season>
  <DVD_chapter></DVD_chapter>
  <DVD_discid></DVD_discid>
  <DVD_episodenumber></DVD_episodenumber>
  <DVD_season></DVD_season>
  <Director>Stephen Surjik</Director>
  <EpImgFlag>2</EpImgFlag>
  <EpisodeName>One Way or Another</EpisodeName>
  <EpisodeNumber>8</EpisodeNumber>
  <FirstAired>2009-04-21</FirstAired>
  <GuestStars></GuestStars>
  <IMDB_ID></IMDB_ID>
  <Language>en</Language>
  <Overview>Toby and Oz are called to the scene of a sexual assault were Toby gets an image of the attacker wearing a white mask from the victim. Toby teams up with Det. Marks to investigate the attacker, which makes Charlie believe is a previous suspected rapist from the area.</Overview>
  <ProductionCode></ProductionCode>
  <Rating>7.1</Rating>
  <RatingCount>17</RatingCount>
  <SeasonNumber>1</SeasonNumber>
  <Writer>Dennis Heaton</Writer>
  <absolute_number></absolute_number>
  <filename>episodes/85358/444273.jpg</filename>
  <lastupdated>1343506021</lastupdated>
  <seasonid>41474</seasonid>
  <seriesid>85358</seriesid>
</Episode>
<Episode>
  <id>591581</id>
  <Combined_episodenumber>9</Combined_episodenumber>
  <Combined_season>1</Combined_season>
  <DVD_chapter></DVD_chapter>
  <DVD_discid></DVD_discid>
  <DVD_episodenumber></DVD_episodenumber>
  <DVD_season></DVD_season>
  <Director>Clément Virgo</Director>
  <EpImgFlag>2</EpImgFlag>
  <EpisodeName>Inside Man</EpisodeName>
  <EpisodeNumber>9</EpisodeNumber>
  <FirstAired>2009-04-28</FirstAired>
  <GuestStars></GuestStars>
  <IMDB_ID></IMDB_ID>
  <Language>en</Language>
  <Overview>Toby and Oz are called into a crime scene, only to find two victims, Wade and Wendy Lassiter in a pool of blood. As Toby is examining the crime scene he starts getting his telepathic hits and senses there is someone else present. He discovers Andy, the son of the two victims hiding . Toby teams up with Det. Marks on the search for the killer, were the only obstacle is that the only witness Andy, the son of the victims can’t speak and may be suffering from a mental condition. Meanwhile, Olivia’s sister Jennifer comes for a visit.</Overview>
  <ProductionCode></ProductionCode>
  <Rating>6.9</Rating>
  <RatingCount>17</RatingCount>
  <SeasonNumber>1</SeasonNumber>
  <Writer>Michael Amo</Writer>
  <absolute_number></absolute_number>
  <filename>episodes/85358/591581.jpg</filename>
  <lastupdated>1343506036</lastupdated>
  <seasonid>41474</seasonid>
  <seriesid>85358</seriesid>
</Episode>
<Episode>
  <id>623951</id>
  <Combined_episodenumber>10</Combined_episodenumber>
  <Combined_season>1</Combined_season>
  <DVD_chapter></DVD_chapter>
  <DVD_discid></DVD_discid>
  <DVD_episodenumber></DVD_episodenumber>
  <DVD_season></DVD_season>
  <Director>TJ Scott</Director>
  <EpImgFlag>2</EpImgFlag>
  <EpisodeName>Missing</EpisodeName>
  <EpisodeNumber>10</EpisodeNumber>
  <FirstAired>2009-05-05</FirstAired>
  <GuestStars></GuestStars>
  <IMDB_ID></IMDB_ID>
  <Language>en</Language>
  <Overview>During a dinner Toby learns that the parents of OZ are going through financial problems, if they don't pay off the mortgage for their restaurant in the next two weeks, they might loose their business. So Oz asks Toby for help. First they start playing poker, but without any success, Olivia shares a tip for them. There is a reward offered of 100.000 dollars for finding a missing person.</Overview>
  <ProductionCode></ProductionCode>
  <Rating>6.9</Rating>
  <RatingCount>15</RatingCount>
  <SeasonNumber>1</SeasonNumber>
  <Writer>Avrum Jacobson</Writer>
  <absolute_number></absolute_number>
  <filename>episodes/85358/623951.jpg</filename>
  <lastupdated>1343506053</lastupdated>
  <seasonid>41474</seasonid>
  <seriesid>85358</seriesid>
</Episode>
<Episode>
  <id>623961</id>
  <Combined_episodenumber>11</Combined_episodenumber>
  <Combined_season>1</Combined_season>
  <DVD_chapter></DVD_chapter>
  <DVD_discid></DVD_discid>
  <DVD_episodenumber></DVD_episodenumber>
  <DVD_season></DVD_season>
  <Director>Clément Virgo</Director>
  <EpImgFlag>2</EpImgFlag>
  <EpisodeName>Beginning to See the Light</EpisodeName>
  <EpisodeNumber>11</EpisodeNumber>
  <FirstAired>2009-05-12</FirstAired>
  <GuestStars></GuestStars>
  <IMDB_ID></IMDB_ID>
  <Language>en</Language>
  <Overview>After a terrible accident has occurred, Toby and Oz are called to the place of the events. There they find a man with a serious head injury. Despite their attempts to save the man, he dies shortly after the accident with nobody knowing what happened, but the telepathic read of a young woman that Toby was able to get. Now the only chance for Toby to clear up this mysterious accident is to find the young woman.</Overview>
  <ProductionCode></ProductionCode>
  <Rating>7.0</Rating>
  <RatingCount>14</RatingCount>
  <SeasonNumber>1</SeasonNumber>
  <Writer>Avrum Jacobson|Travis McDonald</Writer>
  <absolute_number></absolute_number>
  <filename>episodes/85358/623961.jpg</filename>
  <lastupdated>1343506077</lastupdated>
  <seasonid>41474</seasonid>
  <seriesid>85358</seriesid>
</Episode>
<Episode>
  <id>623971</id>
  <Combined_episodenumber>12</Combined_episodenumber>
  <Combined_season>1</Combined_season>
  <DVD_chapter></DVD_chapter>
  <DVD_discid></DVD_discid>
  <DVD_episodenumber></DVD_episodenumber>
  <DVD_season></DVD_season>
  <Director>Kari Skogland</Director>
  <EpImgFlag>2</EpImgFlag>
  <EpisodeName>The 13th Juror</EpisodeName>
  <EpisodeNumber>12</EpisodeNumber>
  <FirstAired>2009-05-19</FirstAired>
  <GuestStars></GuestStars>
  <IMDB_ID></IMDB_ID>
  <Language>en</Language>
  <Overview>Toby and Oz abilities as a rescue medical team are called into question, after they have compromised the evidence in a crime scene. However, while Toby is reading the thoughts of the people giving testimony he finds out that the victim's sister may know who is responsible for the death of her sister. He also receives a telephatic hit from someone sitting in the courtroom gallery of an eyewitness that may know what happened and who is responsible. 

Later Toby and Oz take up a man who suffers from Alzheimer with an unknown identity. Toby is unable to decipher his confused thoughts, but later he is shocked when he discovers that maybe this man holds the key to his own mysterious past.</Overview>
  <ProductionCode></ProductionCode>
  <Rating>7.0</Rating>
  <RatingCount>16</RatingCount>
  <SeasonNumber>1</SeasonNumber>
  <Writer>Ross Cochrane</Writer>
  <absolute_number></absolute_number>
  <filename>episodes/85358/623971.jpg</filename>
  <lastupdated>1343506104</lastupdated>
  <seasonid>41474</seasonid>
  <seriesid>85358</seriesid>
</Episode>
<Episode>
  <id>623981</id>
  <Combined_episodenumber>13</Combined_episodenumber>
  <Combined_season>1</Combined_season>
  <DVD_chapter></DVD_chapter>
  <DVD_discid></DVD_discid>
  <DVD_episodenumber></DVD_episodenumber>
  <DVD_season></DVD_season>
  <Director>Clément Virgo</Director>
  <EpImgFlag>2</EpImgFlag>
  <EpisodeName>The Journey</EpisodeName>
  <EpisodeNumber>13</EpisodeNumber>
  <FirstAired>2009-05-26</FirstAired>
  <GuestStars></GuestStars>
  <IMDB_ID></IMDB_ID>
  <Language>en</Language>
  <Overview>An Alzheimer patient seems to be connected in a mysterious way with Toby's past. Dr.Ray believes that it has to do with the apparently without identity Frank Cardea, the man who brought Toby to Ray 20 years ago. On account of his serious dementia Frank can only remember fragment-like parts, but he remembers that Maya, Toby's presumed dead mother sent him. Now all Toby needs is to decipher Frank's confused thoughts in order to find out the truth about his past and his mother.</Overview>
  <ProductionCode></ProductionCode>
  <Rating>7.4</Rating>
  <RatingCount>19</RatingCount>
  <SeasonNumber>1</SeasonNumber>
  <Writer>Michael Amo</Writer>
  <absolute_number></absolute_number>
  <filename>episodes/85358/623981.jpg</filename>
  <lastupdated>1298029257</lastupdated>
  <seasonid>41474</seasonid>
  <seriesid>85358</seriesid>
</Episode>
<Episode>
  <id>3119981</id>
  <Combined_episodenumber>1</Combined_episodenumber>
  <Combined_season>2</Combined_season>
  <DVD_chapter></DVD_chapter>
  <DVD_discid></DVD_discid>
  <DVD_episodenumber></DVD_episodenumber>
  <DVD_season></DVD_season>
  <Director>Kari Skogland</Director>
  <EpImgFlag>2</EpImgFlag>
  <EpisodeName>Lady in the Lake</EpisodeName>
  <EpisodeNumber>1</EpisodeNumber>
  <FirstAired>2011-02-08</FirstAired>
  <GuestStars></GuestStars>
  <IMDB_ID>tt1763059</IMDB_ID>
  <Language>en</Language>
  <Overview>Toby, still haunted by guilt over the murder of his friend Detective Charlie Marks and the disappearance of his mother – has resolved to stop fighting against his mysterious gift and use his telepathic abilities to help others. When he revives a woman (Rekha Sharma, V) who nearly drowned, her amnesia gives him the perfect opportunity. But unbeknownst to him, she’s tangled in a case of corporate espionage and murder, and she might not be the victim he presumes. As he sets out to help her remember her past, she’s also being investigated by Sgt. Michelle McCluskey (Lauren Lee Smith) of the IIB, who has taken a special interest in Toby’s connection to the woman and uncovered his more than coincidental history with a number of major criminal cases in the past.</Overview>
  <ProductionCode></ProductionCode>
  <Rating>6.9</Rating>
  <RatingCount>21</RatingCount>
  <SeasonNumber>2</SeasonNumber>
  <Writer>Ben Sokolowski</Writer>
  <absolute_number></absolute_number>
  <filename>episodes/85358/3119981.jpg</filename>
  <lastupdated>1346017088</lastupdated>
  <seasonid>353161</seasonid>
  <seriesid>85358</seriesid>
</Episode>
<Episode>
  <id>3119991</id>
  <Combined_episodenumber>2</Combined_episodenumber>
  <Combined_season>2</Combined_season>
  <DVD_chapter></DVD_chapter>
  <DVD_discid></DVD_discid>
  <DVD_episodenumber></DVD_episodenumber>
  <DVD_season></DVD_season>
  <Director>Charles Binamé</Director>
  <EpImgFlag>2</EpImgFlag>
  <EpisodeName>Crime Seen</EpisodeName>
  <EpisodeNumber>2</EpisodeNumber>
  <FirstAired>2011-02-15</FirstAired>
  <GuestStars></GuestStars>
  <IMDB_ID>tt1761959</IMDB_ID>
  <Language>en</Language>
  <Overview>Sgt.McCluskey after learning about Toby's ability gets him involved on a case of an illegal weapon contraband, that goes wrong when an undercover agent gets murdered.</Overview>
  <ProductionCode></ProductionCode>
  <Rating>7.3</Rating>
  <RatingCount>20</RatingCount>
  <SeasonNumber>2</SeasonNumber>
  <Writer>Jason Sherman</Writer>
  <absolute_number></absolute_number>
  <filename>episodes/85358/3119991.jpg</filename>
  <lastupdated>1346017107</lastupdated>
  <seasonid>353161</seasonid>
  <seriesid>85358</seriesid>
</Episode>
<Episode>
  <id>3120001</id>
  <Combined_episodenumber>3</Combined_episodenumber>
  <Combined_season>2</Combined_season>
  <DVD_chapter></DVD_chapter>
  <DVD_discid></DVD_discid>
  <DVD_episodenumber></DVD_episodenumber>
  <DVD_season></DVD_season>
  <Director>Charles Binamé</Director>
  <EpImgFlag>2</EpImgFlag>
  <EpisodeName>In His Sights</EpisodeName>
  <EpisodeNumber>3</EpisodeNumber>
  <FirstAired>2011-02-22</FirstAired>
  <GuestStars></GuestStars>
  <IMDB_ID>tt1756055</IMDB_ID>
  <Language>en</Language>
  <Overview>Toby helps the IIB to investigate an assasination threat against a high-ranking military official.</Overview>
  <ProductionCode></ProductionCode>
  <Rating>7.5</Rating>
  <RatingCount>20</RatingCount>
  <SeasonNumber>2</SeasonNumber>
  <Writer>Wil Zmak</Writer>
  <absolute_number></absolute_number>
  <filename>episodes/85358/3120001.jpg</filename>
  <lastupdated>1344966387</lastupdated>
  <seasonid>353161</seasonid>
  <seriesid>85358</seriesid>
</Episode>
<Episode>
  <id>3120011</id>
  <Combined_episodenumber>4</Combined_episodenumber>
  <Combined_season>2</Combined_season>
  <DVD_chapter></DVD_chapter>
  <DVD_discid></DVD_discid>
  <DVD_episodenumber></DVD_episodenumber>
  <DVD_season></DVD_season>
  <Director>Kari Skogland</Director>
  <EpImgFlag>2</EpImgFlag>
  <EpisodeName>The Brothers Volkov</EpisodeName>
  <EpisodeNumber>4</EpisodeNumber>
  <FirstAired>2011-03-08</FirstAired>
  <GuestStars></GuestStars>
  <IMDB_ID>tt1772030</IMDB_ID>
  <Language>en</Language>
  <Overview>Toby helps Sgt. McCluskey try to solve the murder of a Russian diplomat by looking into the mind of an autistic boy.</Overview>
  <ProductionCode></ProductionCode>
  <Rating>7.5</Rating>
  <RatingCount>20</RatingCount>
  <SeasonNumber>2</SeasonNumber>
  <Writer>Jason Sherman</Writer>
  <absolute_number></absolute_number>
  <filename>episodes/85358/3120011.jpg</filename>
  <lastupdated>1346017129</lastupdated>
  <seasonid>353161</seasonid>
  <seriesid>85358</seriesid>
</Episode>
<Episode>
  <id>3120021</id>
  <Combined_episodenumber>5</Combined_episodenumber>
  <Combined_season>2</Combined_season>
  <DVD_chapter></DVD_chapter>
  <DVD_discid></DVD_discid>
  <DVD_episodenumber></DVD_episodenumber>
  <DVD_season></DVD_season>
  <Director>Kari Skogland</Director>
  <EpImgFlag>2</EpImgFlag>
  <EpisodeName>Inner Circle</EpisodeName>
  <EpisodeNumber>5</EpisodeNumber>
  <FirstAired>2011-03-15</FirstAired>
  <GuestStars></GuestStars>
  <IMDB_ID>tt1770436</IMDB_ID>
  <Language>en</Language>
  <Overview>Sgt. McCluskey asks to Toby to help her figure out who is a dirty cop in the undercover Metro Police, but things get complicated when one of the undercover cops die from a suspicious drug overdose.</Overview>
  <ProductionCode></ProductionCode>
  <Rating>7.1</Rating>
  <RatingCount>19</RatingCount>
  <SeasonNumber>2</SeasonNumber>
  <Writer>Matt MacLennan</Writer>
  <absolute_number></absolute_number>
  <filename>episodes/85358/3120021.jpg</filename>
  <lastupdated>1346017144</lastupdated>
  <seasonid>353161</seasonid>
  <seriesid>85358</seriesid>
</Episode>
<Episode>
  <id>3685351</id>
  <Combined_episodenumber>6</Combined_episodenumber>
  <Combined_season>2</Combined_season>
  <DVD_chapter></DVD_chapter>
  <DVD_discid></DVD_discid>
  <DVD_episodenumber></DVD_episodenumber>
  <DVD_season></DVD_season>
  <Director>Clement Virgo</Director>
  <EpImgFlag>2</EpImgFlag>
  <EpisodeName>The Magician</EpisodeName>
  <EpisodeNumber>6</EpisodeNumber>
  <FirstAired>2011-03-22</FirstAired>
  <GuestStars></GuestStars>
  <IMDB_ID></IMDB_ID>
  <Language>en</Language>
  <Overview>Magnus, a prisoner known as The Magician because of his brilliant mind, demands to see Sgt. McCluskey, who as a police cadet arrested him six years ago. Magnus engages in a psychological battle of misinformation about the forthcoming kidnapping of a judge that conceals his motives involving the murder of a female student a year after he entered prison and Toby is unable to read his mind as easily as Magnus can seemingly read his. </Overview>
  <ProductionCode></ProductionCode>
  <Rating>7.1</Rating>
  <RatingCount>20</RatingCount>
  <SeasonNumber>2</SeasonNumber>
  <Writer>Wil Zmak</Writer>
  <absolute_number></absolute_number>
  <filename>episodes/85358/3685351.jpg</filename>
  <lastupdated>1344966416</lastupdated>
  <seasonid>353161</seasonid>
  <seriesid>85358</seriesid>
</Episode>
<Episode>
  <id>3974631</id>
  <Combined_episodenumber>7</Combined_episodenumber>
  <Combined_season>2</Combined_season>
  <DVD_chapter></DVD_chapter>
  <DVD_discid></DVD_discid>
  <DVD_episodenumber></DVD_episodenumber>
  <DVD_season></DVD_season>
  <Director>Kari Skogland</Director>
  <EpImgFlag>2</EpImgFlag>
  <EpisodeName>Ace in the Hole</EpisodeName>
  <EpisodeNumber>7</EpisodeNumber>
  <FirstAired>2011-04-01</FirstAired>
  <GuestStars></GuestStars>
  <IMDB_ID></IMDB_ID>
  <Language>en</Language>
  <Overview>The death of a CSIS agent and a breach of classified intelligence prompt Michelle to turn to her estranged husband and Toby to infiltrate a high-stakes poker game and uncover the missing puzzle pieces surrounding the mystery.</Overview>
  <ProductionCode></ProductionCode>
  <Rating>7.1</Rating>
  <RatingCount>19</RatingCount>
  <SeasonNumber>2</SeasonNumber>
  <Writer>Cal Coons</Writer>
  <absolute_number></absolute_number>
  <filename>episodes/85358/3974631.jpg</filename>
  <lastupdated>1358279735</lastupdated>
  <seasonid>353161</seasonid>
  <seriesid>85358</seriesid>
</Episode>
<Episode>
  <id>4074825</id>
  <Combined_episodenumber>8</Combined_episodenumber>
  <Combined_season>2</Combined_season>
  <DVD_chapter></DVD_chapter>
  <DVD_discid></DVD_discid>
  <DVD_episodenumber></DVD_episodenumber>
  <DVD_season></DVD_season>
  <Director>Clement Virgo</Director>
  <EpImgFlag>2</EpImgFlag>
  <EpisodeName>Vanished</EpisodeName>
  <EpisodeNumber>8</EpisodeNumber>
  <FirstAired>2011-04-08</FirstAired>
  <GuestStars></GuestStars>
  <IMDB_ID>tt1866711</IMDB_ID>
  <Language>en</Language>
  <Overview>With the help of Toby and a mysterious woman who has a psychic gift to speak with the dead, Sgt. McCluskey investigates the kidnapping of a wealthy businessman's baby girl.</Overview>
  <ProductionCode></ProductionCode>
  <Rating>7.3</Rating>
  <RatingCount>20</RatingCount>
  <SeasonNumber>2</SeasonNumber>
  <Writer>Shernold Edwards</Writer>
  <absolute_number></absolute_number>
  <filename>episodes/85358/4074825.jpg</filename>
  <lastupdated>1344966458</lastupdated>
  <seasonid>353161</seasonid>
  <seriesid>85358</seriesid>
</Episode>
<Episode>
  <id>4079356</id>
  <Combined_episodenumber>9</Combined_episodenumber>
  <Combined_season>2</Combined_season>
  <DVD_chapter></DVD_chapter>
  <DVD_discid></DVD_discid>
  <DVD_episodenumber></DVD_episodenumber>
  <DVD_season></DVD_season>
  <Director>Farhad Mann</Director>
  <EpImgFlag>2</EpImgFlag>
  <EpisodeName>Jericho</EpisodeName>
  <EpisodeNumber>9</EpisodeNumber>
  <FirstAired>2011-04-15</FirstAired>
  <GuestStars>Rachel Skarsten|Aaron Ashmore|Alexz Johnson</GuestStars>
  <IMDB_ID>tt1870250</IMDB_ID>
  <Language>en</Language>
  <Overview>Toby goes undercover to help expose the identity of a hacker known as “Jericho-11” in a cyber crime investigation involving large-scale identity theft.</Overview>
  <ProductionCode></ProductionCode>
  <Rating>6.9</Rating>
  <RatingCount>21</RatingCount>
  <SeasonNumber>2</SeasonNumber>
  <Writer>Lisa Steele</Writer>
  <absolute_number></absolute_number>
  <filename>episodes/85358/4079356.jpg</filename>
  <lastupdated>1344966475</lastupdated>
  <seasonid>353161</seasonid>
  <seriesid>85358</seriesid>
</Episode>
<Episode>
  <id>4083934</id>
  <Combined_episodenumber>10</Combined_episodenumber>
  <Combined_season>2</Combined_season>
  <DVD_chapter></DVD_chapter>
  <DVD_discid></DVD_discid>
  <DVD_episodenumber></DVD_episodenumber>
  <DVD_season></DVD_season>
  <Director>Clement Virgo</Director>
  <EpImgFlag>2</EpImgFlag>
  <EpisodeName>Desperate Hours</EpisodeName>
  <EpisodeNumber>10</EpisodeNumber>
  <FirstAired>2011-04-22</FirstAired>
  <GuestStars></GuestStars>
  <IMDB_ID>tt1870249</IMDB_ID>
  <Language>en</Language>
  <Overview>Toby and Oz are taken hostage by a couple when they are dispatched to a routine call in the financial district.</Overview>
  <ProductionCode></ProductionCode>
  <Rating>7.3</Rating>
  <RatingCount>18</RatingCount>
  <SeasonNumber>2</SeasonNumber>
  <Writer>Daegan Fryklind</Writer>
  <absolute_number></absolute_number>
  <filename>episodes/85358/4083934.jpg</filename>
  <lastupdated>1344966488</lastupdated>
  <seasonid>353161</seasonid>
  <seriesid>85358</seriesid>
</Episode>
<Episode>
  <id>4090517</id>
  <Combined_episodenumber>11</Combined_episodenumber>
  <Combined_season>2</Combined_season>
  <DVD_chapter></DVD_chapter>
  <DVD_discid></DVD_discid>
  <DVD_episodenumber></DVD_episodenumber>
  <DVD_season></DVD_season>
  <Director>Charles Binamé</Director>
  <EpImgFlag>2</EpImgFlag>
  <EpisodeName>To Die For</EpisodeName>
  <EpisodeNumber>11</EpisodeNumber>
  <FirstAired>2011-05-10</FirstAired>
  <GuestStars></GuestStars>
  <IMDB_ID>tt1869093</IMDB_ID>
  <Language>en</Language>
  <Overview>When one of four partners in a restaurant used for money laundering is murdered one partner, a famous chef de cuisine, accuses another partner, a mob boss, of the killing and is placed on witness protection. Toby is employed to confirm the accusation which seems genuine but to find out the truth the chef is allowed to cook a meal at the restaurant where the killing took place with the fourth partner and second chef, Magda, who were also present at the time of the murder. </Overview>
  <ProductionCode></ProductionCode>
  <Rating>7.3</Rating>
  <RatingCount>18</RatingCount>
  <SeasonNumber>2</SeasonNumber>
  <Writer>Jason Sherman</Writer>
  <absolute_number></absolute_number>
  <filename>episodes/85358/4090517.jpg</filename>
  <lastupdated>1349166117</lastupdated>
  <seasonid>353161</seasonid>
  <seriesid>85358</seriesid>
</Episode>
<Episode>
  <id>4090518</id>
  <Combined_episodenumber>12</Combined_episodenumber>
  <Combined_season>2</Combined_season>
  <DVD_chapter></DVD_chapter>
  <DVD_discid></DVD_discid>
  <DVD_episodenumber></DVD_episodenumber>
  <DVD_season></DVD_season>
  <Director>Clement Virgo</Director>
  <EpImgFlag>2</EpImgFlag>
  <EpisodeName>Eye of the Storm</EpisodeName>
  <EpisodeNumber>12</EpisodeNumber>
  <FirstAired>2011-05-17</FirstAired>
  <GuestStars></GuestStars>
  <IMDB_ID>tt1909670</IMDB_ID>
  <Language>en</Language>
  <Overview>The IIB are investigating a hacker releasing classified documents to the internet and the impending major release of thousands of documents when a sex tape of the foreign affairs minister, she is the main opponent of freedom of information, is released. Toby is tasked with finding the male escort in the videotape and who employed him to discredit the minister and find the person leaking the documents to the hacker. </Overview>
  <ProductionCode></ProductionCode>
  <Rating>7.3</Rating>
  <RatingCount>16</RatingCount>
  <SeasonNumber>2</SeasonNumber>
  <Writer>Peter Mitchell</Writer>
  <absolute_number></absolute_number>
  <filename>episodes/85358/4090518.jpg</filename>
  <lastupdated>1349166205</lastupdated>
  <seasonid>353161</seasonid>
  <seriesid>85358</seriesid>
</Episode>
<Episode>
  <id>4090519</id>
  <Combined_episodenumber>13</Combined_episodenumber>
  <Combined_season>2</Combined_season>
  <DVD_chapter></DVD_chapter>
  <DVD_discid></DVD_discid>
  <DVD_episodenumber></DVD_episodenumber>
  <DVD_season></DVD_season>
  <Director>Kari Skogland</Director>
  <EpImgFlag>2</EpImgFlag>
  <EpisodeName>Reckoning</EpisodeName>
  <EpisodeNumber>13</EpisodeNumber>
  <FirstAired>2011-05-24</FirstAired>
  <GuestStars></GuestStars>
  <IMDB_ID>tt1909671</IMDB_ID>
  <Language>en</Language>
  <Overview>Toby connects with a gifted young woman whose mental powers appear to rival or even surpass his own who maybe connected to a series of suspicious suicides linked to an old biker gang.</Overview>
  <ProductionCode></ProductionCode>
  <Rating>7.5</Rating>
  <RatingCount>18</RatingCount>
  <SeasonNumber>2</SeasonNumber>
  <Writer>Jason Sherman , Cal Coons</Writer>
  <absolute_number></absolute_number>
  <filename>episodes/85358/4090519.jpg</filename>
  <lastupdated>1349166245</lastupdated>
  <seasonid>353161</seasonid>
  <seriesid>85358</seriesid>
</Episode>
<Episode>
  <id>4230624</id>
  <Combined_episodenumber>1</Combined_episodenumber>
  <Combined_season>3</Combined_season>
  <DVD_chapter></DVD_chapter>
  <DVD_discid></DVD_discid>
  <DVD_episodenumber></DVD_episodenumber>
  <DVD_season></DVD_season>
  <Director>Farhad Mann</Director>
  <EpImgFlag>2</EpImgFlag>
  <EpisodeName>The Bank Job</EpisodeName>
  <EpisodeNumber>1</EpisodeNumber>
  <FirstAired>2012-05-30</FirstAired>
  <GuestStars>Ian Tracey|Rossif Sutherland|Anand Rajaram|Tony Craig|Shaun Benson|Kristin Lehman</GuestStars>
  <IMDB_ID></IMDB_ID>
  <Language>en</Language>
  <Overview>Despite his decision to ignore his telepathic abilities, Toby is forced to use them when he's taken hostage during a bank robbery.</Overview>
  <ProductionCode></ProductionCode>
  <Rating>7.6</Rating>
  <RatingCount>15</RatingCount>
  <SeasonNumber>3</SeasonNumber>
  <Writer>Peter Mohan</Writer>
  <absolute_number></absolute_number>
  <filename>episodes/85358/4230624.jpg</filename>
  <lastupdated>1360530305</lastupdated>
  <seasonid>481463</seasonid>
  <seriesid>85358</seriesid>
</Episode>
<Episode>
  <id>4230625</id>
  <Combined_episodenumber>2</Combined_episodenumber>
  <Combined_season>3</Combined_season>
  <DVD_chapter></DVD_chapter>
  <DVD_discid></DVD_discid>
  <DVD_episodenumber></DVD_episodenumber>
  <DVD_season></DVD_season>
  <Director>Paul Fox</Director>
  <EpImgFlag>2</EpImgFlag>
  <EpisodeName>Cold Case Blues</EpisodeName>
  <EpisodeNumber>2</EpisodeNumber>
  <FirstAired>2012-06-06</FirstAired>
  <GuestStars>Kris Holden-Ried|Christopher Bolton|Matt Baram|Martin Donovan|Troy Blundell|James Collins|Janet Porter|Sabryn Rock|Gavin Fox|Naomi Snieckus</GuestStars>
  <IMDB_ID>tt2091159</IMDB_ID>
  <Language>en</Language>
  <Overview>Working his first official investigation, Toby must contend with Alvin Klein's skepticism and personal agenda in solving a decade-old murder.</Overview>
  <ProductionCode></ProductionCode>
  <Rating>7.3</Rating>
  <RatingCount>15</RatingCount>
  <SeasonNumber>3</SeasonNumber>
  <Writer>Cal Coons</Writer>
  <absolute_number></absolute_number>
  <filename>episodes/85358/4230625.jpg</filename>
  <lastupdated>1360529199</lastupdated>
  <seasonid>481463</seasonid>
  <seriesid>85358</seriesid>
</Episode>
<Episode>
  <id>4230626</id>
  <Combined_episodenumber>3</Combined_episodenumber>
  <Combined_season>3</Combined_season>
  <DVD_chapter></DVD_chapter>
  <DVD_discid></DVD_discid>
  <DVD_episodenumber></DVD_episodenumber>
  <DVD_season></DVD_season>
  <Director>Farhad Mann</Director>
  <EpImgFlag>2</EpImgFlag>
  <EpisodeName>Curtain Call</EpisodeName>
  <EpisodeNumber>3</EpisodeNumber>
  <FirstAired>2012-06-13</FirstAired>
  <GuestStars>Fefe Dobson|Wes Williams|Matthew Deslippe|Robert Mauriell|Lawrence Bayne|Ian Busher|Brad Austin|Jack Langedijk|Wendy Lyon|Brianna Bisson|Lara Kelly|Jacob Richter|Izaak Smith</GuestStars>
  <IMDB_ID></IMDB_ID>
  <Language>en</Language>
  <Overview>When the life of a superstar performer is threatened, Toby poses as her assistant to watch her back and help the Special Ops Unit investigate.</Overview>
  <ProductionCode></ProductionCode>
  <Rating>7.4</Rating>
  <RatingCount>14</RatingCount>
  <SeasonNumber>3</SeasonNumber>
  <Writer>James Hurst</Writer>
  <absolute_number></absolute_number>
  <filename>episodes/85358/4230626.jpg</filename>
  <lastupdated>1360529235</lastupdated>
  <seasonid>481463</seasonid>
  <seriesid>85358</seriesid>
</Episode>
<Episode>
  <id>4294791</id>
  <Combined_episodenumber>4</Combined_episodenumber>
  <Combined_season>3</Combined_season>
  <DVD_chapter></DVD_chapter>
  <DVD_discid></DVD_discid>
  <DVD_episodenumber></DVD_episodenumber>
  <DVD_season></DVD_season>
  <Director>Paul Fox</Director>
  <EpImgFlag>2</EpImgFlag>
  <EpisodeName>The Taking</EpisodeName>
  <EpisodeNumber>4</EpisodeNumber>
  <FirstAired>2012-06-20</FirstAired>
  <GuestStars></GuestStars>
  <IMDB_ID></IMDB_ID>
  <Language>en</Language>
  <Overview>Toby helps the IIB investigate the abduction of an African teenager, whose father is an alleged war criminal.</Overview>
  <ProductionCode></ProductionCode>
  <Rating>7.4</Rating>
  <RatingCount>10</RatingCount>
  <SeasonNumber>3</SeasonNumber>
  <Writer>Ken Cuperus</Writer>
  <absolute_number></absolute_number>
  <filename>episodes/85358/4294791.jpg</filename>
  <lastupdated>1360529291</lastupdated>
  <seasonid>481463</seasonid>
  <seriesid>85358</seriesid>
</Episode>
<Episode>
  <id>4294792</id>
  <Combined_episodenumber>5</Combined_episodenumber>
  <Combined_season>3</Combined_season>
  <DVD_chapter></DVD_chapter>
  <DVD_discid></DVD_discid>
  <DVD_episodenumber></DVD_episodenumber>
  <DVD_season></DVD_season>
  <Director>Peter Stebbings</Director>
  <EpImgFlag>2</EpImgFlag>
  <EpisodeName>Rogues' Gallery</EpisodeName>
  <EpisodeNumber>5</EpisodeNumber>
  <FirstAired>2012-06-27</FirstAired>
  <GuestStars></GuestStars>
  <IMDB_ID></IMDB_ID>
  <Language>en</Language>
  <Overview>Toby uses his telepathy as surveillance when Michelle goes undercover to bust a violent art theft ring.</Overview>
  <ProductionCode></ProductionCode>
  <Rating>7.2</Rating>
  <RatingCount>14</RatingCount>
  <SeasonNumber>3</SeasonNumber>
  <Writer>Wil Zmak</Writer>
  <absolute_number></absolute_number>
  <filename>episodes/85358/4294792.jpg</filename>
  <lastupdated>1360529326</lastupdated>
  <seasonid>481463</seasonid>
  <seriesid>85358</seriesid>
</Episode>
<Episode>
  <id>4294793</id>
  <Combined_episodenumber>6</Combined_episodenumber>
  <Combined_season>3</Combined_season>
  <DVD_chapter></DVD_chapter>
  <DVD_discid></DVD_discid>
  <DVD_episodenumber></DVD_episodenumber>
  <DVD_season></DVD_season>
  <Director>Kari Skogland</Director>
  <EpImgFlag>2</EpImgFlag>
  <EpisodeName>She Sells Sanctuary</EpisodeName>
  <EpisodeNumber>6</EpisodeNumber>
  <FirstAired>2012-07-11</FirstAired>
  <GuestStars>Rachel Skarsten|John Ralston|Terra Vnesa|Laura de Carteret|Adam Butcher|Janick Hebert|Katie Boland|Chris Gillett|Simon Reynolds|Rena Polley|Richard Zeppieri</GuestStars>
  <IMDB_ID>tt2102153</IMDB_ID>
  <Language>en</Language>
  <Overview>Toby and Michelle investigate the link between a cult and the disappearance of three young women.</Overview>
  <ProductionCode></ProductionCode>
  <Rating>7.6</Rating>
  <RatingCount>13</RatingCount>
  <SeasonNumber>3</SeasonNumber>
  <Writer>Karen Walton</Writer>
  <absolute_number></absolute_number>
  <filename>episodes/85358/4294793.jpg</filename>
  <lastupdated>1360529359</lastupdated>
  <seasonid>481463</seasonid>
  <seriesid>85358</seriesid>
</Episode>
<Episode>
  <id>4294794</id>
  <Combined_episodenumber>7</Combined_episodenumber>
  <Combined_season>3</Combined_season>
  <DVD_chapter></DVD_chapter>
  <DVD_discid></DVD_discid>
  <DVD_episodenumber></DVD_episodenumber>
  <DVD_season></DVD_season>
  <Director>Cal Coons</Director>
  <EpImgFlag>2</EpImgFlag>
  <EpisodeName>Poisoned Minds</EpisodeName>
  <EpisodeNumber>7</EpisodeNumber>
  <FirstAired>2012-07-18</FirstAired>
  <GuestStars></GuestStars>
  <IMDB_ID></IMDB_ID>
  <Language>en</Language>
  <Overview>Toby and Michelle investigate the death of a pharmaceutical executive who released a drug with killer results.</Overview>
  <ProductionCode></ProductionCode>
  <Rating>7.4</Rating>
  <RatingCount>10</RatingCount>
  <SeasonNumber>3</SeasonNumber>
  <Writer>Derek Schreyer</Writer>
  <absolute_number></absolute_number>
  <filename>episodes/85358/4294794.jpg</filename>
  <lastupdated>1360529393</lastupdated>
  <seasonid>481463</seasonid>
  <seriesid>85358</seriesid>
</Episode>
<Episode>
  <id>4294795</id>
  <Combined_episodenumber>8</Combined_episodenumber>
  <Combined_season>3</Combined_season>
  <DVD_chapter></DVD_chapter>
  <DVD_discid></DVD_discid>
  <DVD_episodenumber></DVD_episodenumber>
  <DVD_season></DVD_season>
  <Director>Robert Lieberman</Director>
  <EpImgFlag>2</EpImgFlag>
  <EpisodeName>Now You See Him</EpisodeName>
  <EpisodeNumber>8</EpisodeNumber>
  <FirstAired>2012-07-25</FirstAired>
  <GuestStars></GuestStars>
  <IMDB_ID></IMDB_ID>
  <Language>en</Language>
  <Overview>When Magnus Elphrenson escapes prison again, Toby must help Michelle recapture him before the criminal mastermind seeks vengeance on his nemesis.</Overview>
  <ProductionCode></ProductionCode>
  <Rating>7.5</Rating>
  <RatingCount>13</RatingCount>
  <SeasonNumber>3</SeasonNumber>
  <Writer>James Hurst</Writer>
  <absolute_number></absolute_number>
  <filename>episodes/85358/4294795.jpg</filename>
  <lastupdated>1360529444</lastupdated>
  <seasonid>481463</seasonid>
  <seriesid>85358</seriesid>
</Episode>
<Episode>
  <id>4294797</id>
  <Combined_episodenumber>9</Combined_episodenumber>
  <Combined_season>3</Combined_season>
  <DVD_chapter></DVD_chapter>
  <DVD_discid></DVD_discid>
  <DVD_episodenumber></DVD_episodenumber>
  <DVD_season></DVD_season>
  <Director>Charles Binamé</Director>
  <EpImgFlag>2</EpImgFlag>
  <EpisodeName>Crossed</EpisodeName>
  <EpisodeNumber>9</EpisodeNumber>
  <FirstAired>2012-08-15</FirstAired>
  <GuestStars></GuestStars>
  <IMDB_ID></IMDB_ID>
  <Language>en</Language>
  <Overview>Toby starts doubting his abilities after Michelle questions the veracity of his insights during their investigation into a wealthy philanthropist's murder.</Overview>
  <ProductionCode></ProductionCode>
  <Rating>7.4</Rating>
  <RatingCount>11</RatingCount>
  <SeasonNumber>3</SeasonNumber>
  <Writer>Karen Walton</Writer>
  <absolute_number></absolute_number>
  <filename>episodes/85358/4294797.jpg</filename>
  <lastupdated>1360529481</lastupdated>
  <seasonid>481463</seasonid>
  <seriesid>85358</seriesid>
</Episode>
<Episode>
  <id>4294798</id>
  <Combined_episodenumber>10</Combined_episodenumber>
  <Combined_season>3</Combined_season>
  <DVD_chapter></DVD_chapter>
  <DVD_discid></DVD_discid>
  <DVD_episodenumber></DVD_episodenumber>
  <DVD_season></DVD_season>
  <Director>Stefan Pleszczynski</Director>
  <EpImgFlag>2</EpImgFlag>
  <EpisodeName>Lockdown</EpisodeName>
  <EpisodeNumber>10</EpisodeNumber>
  <FirstAired>2012-08-22</FirstAired>
  <GuestStars></GuestStars>
  <IMDB_ID></IMDB_ID>
  <Language>en</Language>
  <Overview>Toby and the IIB race to track the source of a deadly virus before the outbreak claims any more lives. </Overview>
  <ProductionCode></ProductionCode>
  <Rating>7.6</Rating>
  <RatingCount>11</RatingCount>
  <SeasonNumber>3</SeasonNumber>
  <Writer>Peter Mohan</Writer>
  <absolute_number></absolute_number>
  <filename>episodes/85358/4294798.jpg</filename>
  <lastupdated>1360529514</lastupdated>
  <seasonid>481463</seasonid>
  <seriesid>85358</seriesid>
</Episode>
<Episode>
  <id>4294799</id>
  <Combined_episodenumber>11</Combined_episodenumber>
  <Combined_season>3</Combined_season>
  <DVD_chapter></DVD_chapter>
  <DVD_discid></DVD_discid>
  <DVD_episodenumber></DVD_episodenumber>
  <DVD_season></DVD_season>
  <Director>John L'Ecuyer</Director>
  <EpImgFlag>2</EpImgFlag>
  <EpisodeName>Captain Nightfall</EpisodeName>
  <EpisodeNumber>11</EpisodeNumber>
  <FirstAired>2012-08-29</FirstAired>
  <GuestStars></GuestStars>
  <IMDB_ID></IMDB_ID>
  <Language>en</Language>
  <Overview>Toby and Michelle investigate a series of violent home invasions, which are being interrupted by a vigilante citizen dressed as a superhero. </Overview>
  <ProductionCode></ProductionCode>
  <Rating>7.2</Rating>
  <RatingCount>13</RatingCount>
  <SeasonNumber>3</SeasonNumber>
  <Writer>Ken Cuperus</Writer>
  <absolute_number></absolute_number>
  <filename>episodes/85358/4294799.jpg</filename>
  <lastupdated>1360529544</lastupdated>
  <seasonid>481463</seasonid>
  <seriesid>85358</seriesid>
</Episode>
<Episode>
  <id>4294800</id>
  <Combined_episodenumber>12</Combined_episodenumber>
  <Combined_season>3</Combined_season>
  <DVD_chapter></DVD_chapter>
  <DVD_discid></DVD_discid>
  <DVD_episodenumber></DVD_episodenumber>
  <DVD_season></DVD_season>
  <Director>Robert Lieberman</Director>
  <EpImgFlag>2</EpImgFlag>
  <EpisodeName>The Bro Code</EpisodeName>
  <EpisodeNumber>12</EpisodeNumber>
  <FirstAired>2012-09-05</FirstAired>
  <GuestStars></GuestStars>
  <IMDB_ID></IMDB_ID>
  <Language>en</Language>
  <Overview>Oz unwittingly puts his life in danger after he convinces Toby to help a childhood friend who witnessed a murder. </Overview>
  <ProductionCode></ProductionCode>
  <Rating>7.2</Rating>
  <RatingCount>9</RatingCount>
  <SeasonNumber>3</SeasonNumber>
  <Writer>Peter Mohan|Ken Cuperus</Writer>
  <absolute_number></absolute_number>
  <filename>episodes/85358/4294800.jpg</filename>
  <lastupdated>1360529583</lastupdated>
  <seasonid>481463</seasonid>
  <seriesid>85358</seriesid>
</Episode>
<Episode>
  <id>4294801</id>
  <Combined_episodenumber>13</Combined_episodenumber>
  <Combined_season>3</Combined_season>
  <DVD_chapter></DVD_chapter>
  <DVD_discid></DVD_discid>
  <DVD_episodenumber></DVD_episodenumber>
  <DVD_season></DVD_season>
  <Director></Director>
  <EpImgFlag>2</EpImgFlag>
  <EpisodeName>The Shooting</EpisodeName>
  <EpisodeNumber>13</EpisodeNumber>
  <FirstAired>2012-09-12</FirstAired>
  <GuestStars></GuestStars>
  <IMDB_ID></IMDB_ID>
  <Language>en</Language>
  <Overview>With Michelle's career on the line, Toby and the IIB must prove she was set up after a bad tip led to the shooting of a suspect. </Overview>
  <ProductionCode></ProductionCode>
  <Rating>7.4</Rating>
  <RatingCount>7</RatingCount>
  <SeasonNumber>3</SeasonNumber>
  <Writer></Writer>
  <absolute_number></absolute_number>
  <filename>episodes/85358/4294801.jpg</filename>
  <lastupdated>1360529623</lastupdated>
  <seasonid>481463</seasonid>
  <seriesid>85358</seriesid>
</Episode>
</Data>