<?xml version="1.0" encoding="UTF-8" ?>
<Actors>
<Actor>
  <id>287425</id>
  <Image>actors/287425.jpg</Image>
  <Name>Christina Applegate</Name>
  <Role>Reagan Brinkley</Role>
  <SortOrder>0</SortOrder>
</Actor>
<Actor>
  <id>287430</id>
  <Image>actors/287430.jpg</Image>
  <Name>Maya Rudolph</Name>
  <Role>Ava Alexander</Role>
  <SortOrder>1</SortOrder>
</Actor>
<Actor>
  <id>287426</id>
  <Image>actors/287426.jpg</Image>
  <Name>Will Arnett</Name>
  <Role>Chris Brinkley</Role>
  <SortOrder>2</SortOrder>
</Actor>
<Actor>
  <id>303953</id>
  <Image>actors/303953.jpg</Image>
  <Name>Luka Jones</Name>
  <Role>Scott Chafin</Role>
  <SortOrder>3</SortOrder>
</Actor>
<Actor>
  <id>304021</id>
  <Image></Image>
  <Name>Jennifer Hall</Name>
  <Role>Missy</Role>
  <SortOrder>3</SortOrder>
</Actor>
</Actors>