<?xml version="1.0" encoding="UTF-8" ?>
<Data><Series>
  <id>248943</id>
  <Actors>|Christina Applegate|Maya Rudolph|Will Arnett|Luka Jones|Jennifer Hall|</Actors>
  <Airs_DayOfWeek>Thursday</Airs_DayOfWeek>
  <Airs_Time>8:30 pm</Airs_Time>
  <ContentRating>TV-PG</ContentRating>
  <FirstAired>2011-09-14</FirstAired>
  <Genre>|Comedy|</Genre>
  <IMDB_ID>tt1843323</IMDB_ID>
  <Language>en</Language>
  <Network>NBC</Network>
  <NetworkID></NetworkID>
  <Overview>Life is all about balance. So what happens when you throw a new baby into it?

Reagan (Christina Applegate) and her husband, Chris (Will Arnett), are the proud new parents of baby Amy. She may have been unexpected, but life's curve balls can be a godsend, literally. Unless you have a career that needs attention, which is exactly what Reagan has. So, bucking tradition, they decide Reagan's the one going back to work while Chris is going to be the stay-at-home dad. Easy, right? Well, not quite. </Overview>
  <Rating>6.7</Rating>
  <RatingCount>17</RatingCount>
  <Runtime>30</Runtime>
  <SeriesID></SeriesID>
  <SeriesName>Up All Night</SeriesName>
  <Status>Continuing</Status>
  <added>2011-05-21 23:40:44</added>
  <addedBy>232601</addedBy>
  <banner>graphical/248943-g6.jpg</banner>
  <fanart>fanart/original/248943-7.jpg</fanart>
  <lastupdated>1362363027</lastupdated>
  <poster>posters/248943-4.jpg</poster>
  <zap2it_id>SH01419057</zap2it_id>
</Series>
<Episode>
  <id>4165738</id>
  <Combined_episodenumber>1</Combined_episodenumber>
  <Combined_season>0</Combined_season>
  <DVD_chapter></DVD_chapter>
  <DVD_discid></DVD_discid>
  <DVD_episodenumber></DVD_episodenumber>
  <DVD_season></DVD_season>
  <Director></Director>
  <EpImgFlag></EpImgFlag>
  <EpisodeName>S01 Sneak Peek</EpisodeName>
  <EpisodeNumber>1</EpisodeNumber>
  <FirstAired>2011-09-08</FirstAired>
  <GuestStars></GuestStars>
  <IMDB_ID></IMDB_ID>
  <Language>en</Language>
  <Overview></Overview>
  <ProductionCode></ProductionCode>
  <Rating></Rating>
  <RatingCount>0</RatingCount>
  <SeasonNumber>0</SeasonNumber>
  <Writer></Writer>
  <absolute_number></absolute_number>
  <airsafter_season></airsafter_season>
  <airsbefore_episode>1</airsbefore_episode>
  <airsbefore_season>1</airsbefore_season>
  <filename></filename>
  <lastupdated>1315496352</lastupdated>
  <seasonid>466430</seasonid>
  <seriesid>248943</seriesid>
</Episode>
<Episode>
  <id>4196967</id>
  <Combined_episodenumber>2</Combined_episodenumber>
  <Combined_season>0</Combined_season>
  <DVD_chapter></DVD_chapter>
  <DVD_discid></DVD_discid>
  <DVD_episodenumber></DVD_episodenumber>
  <DVD_season></DVD_season>
  <Director></Director>
  <EpImgFlag></EpImgFlag>
  <EpisodeName>S01 Parenting tips</EpisodeName>
  <EpisodeNumber>2</EpisodeNumber>
  <FirstAired></FirstAired>
  <GuestStars></GuestStars>
  <IMDB_ID></IMDB_ID>
  <Language>en</Language>
  <Overview></Overview>
  <ProductionCode></ProductionCode>
  <Rating></Rating>
  <RatingCount>0</RatingCount>
  <SeasonNumber>0</SeasonNumber>
  <Writer></Writer>
  <absolute_number></absolute_number>
  <airsafter_season></airsafter_season>
  <airsbefore_episode></airsbefore_episode>
  <airsbefore_season></airsbefore_season>
  <filename></filename>
  <lastupdated>1320032742</lastupdated>
  <seasonid>466430</seasonid>
  <seriesid>248943</seriesid>
</Episode>
<Episode>
  <id>4103856</id>
  <Combined_episodenumber>1</Combined_episodenumber>
  <Combined_season>1</Combined_season>
  <DVD_chapter></DVD_chapter>
  <DVD_discid></DVD_discid>
  <DVD_episodenumber></DVD_episodenumber>
  <DVD_season></DVD_season>
  <Director></Director>
  <EpImgFlag>2</EpImgFlag>
  <EpisodeName>Pilot</EpisodeName>
  <EpisodeNumber>1</EpisodeNumber>
  <FirstAired>2011-09-14</FirstAired>
  <GuestStars></GuestStars>
  <IMDB_ID></IMDB_ID>
  <Language>en</Language>
  <Overview>Reagan Brinkley tries to adjust to her new life as she returns from maternity leave to her job as a talk show executive producer to support her stay-at-home husband and their baby.</Overview>
  <ProductionCode></ProductionCode>
  <Rating>6.7</Rating>
  <RatingCount>36</RatingCount>
  <SeasonNumber>1</SeasonNumber>
  <Writer></Writer>
  <absolute_number></absolute_number>
  <filename>episodes/248943/4103856.jpg</filename>
  <lastupdated>1350706571</lastupdated>
  <seasonid>466457</seasonid>
  <seriesid>248943</seriesid>
</Episode>
<Episode>
  <id>4166834</id>
  <Combined_episodenumber>2</Combined_episodenumber>
  <Combined_season>1</Combined_season>
  <DVD_chapter></DVD_chapter>
  <DVD_discid></DVD_discid>
  <DVD_episodenumber></DVD_episodenumber>
  <DVD_season></DVD_season>
  <Director></Director>
  <EpImgFlag>2</EpImgFlag>
  <EpisodeName>Cool Neighbors</EpisodeName>
  <EpisodeNumber>2</EpisodeNumber>
  <FirstAired>2011-09-21</FirstAired>
  <GuestStars></GuestStars>
  <IMDB_ID></IMDB_ID>
  <Language>en</Language>
  <Overview>Reagan and Chris obsess over their new neighbors; baby Amy takes a liking to Calvin, but not Ava.</Overview>
  <ProductionCode></ProductionCode>
  <Rating>7.5</Rating>
  <RatingCount>17</RatingCount>
  <SeasonNumber>1</SeasonNumber>
  <Writer></Writer>
  <absolute_number></absolute_number>
  <filename>episodes/248943/4166834.jpg</filename>
  <lastupdated>1316154397</lastupdated>
  <seasonid>466457</seasonid>
  <seriesid>248943</seriesid>
</Episode>
<Episode>
  <id>4167740</id>
  <Combined_episodenumber>3</Combined_episodenumber>
  <Combined_season>1</Combined_season>
  <DVD_chapter></DVD_chapter>
  <DVD_discid></DVD_discid>
  <DVD_episodenumber></DVD_episodenumber>
  <DVD_season></DVD_season>
  <Director></Director>
  <EpImgFlag>2</EpImgFlag>
  <EpisodeName>Working Late and Working It</EpisodeName>
  <EpisodeNumber>3</EpisodeNumber>
  <FirstAired>2011-09-28</FirstAired>
  <GuestStars></GuestStars>
  <IMDB_ID></IMDB_ID>
  <Language>en</Language>
  <Overview>Chris tries to get Reagan to spice up their relationship; Ava is upset that her ex-boyfriend is getting married.</Overview>
  <ProductionCode></ProductionCode>
  <Rating>7.8</Rating>
  <RatingCount>12</RatingCount>
  <SeasonNumber>1</SeasonNumber>
  <Writer></Writer>
  <absolute_number></absolute_number>
  <filename>episodes/248943/4167740.jpg</filename>
  <lastupdated>1317903543</lastupdated>
  <seasonid>466457</seasonid>
  <seriesid>248943</seriesid>
</Episode>
<Episode>
  <id>4175250</id>
  <Combined_episodenumber>4</Combined_episodenumber>
  <Combined_season>1</Combined_season>
  <DVD_chapter></DVD_chapter>
  <DVD_discid></DVD_discid>
  <DVD_episodenumber></DVD_episodenumber>
  <DVD_season></DVD_season>
  <Director></Director>
  <EpImgFlag>2</EpImgFlag>
  <EpisodeName>New Car </EpisodeName>
  <EpisodeNumber>4</EpisodeNumber>
  <FirstAired>2011-10-05</FirstAired>
  <GuestStars></GuestStars>
  <IMDB_ID></IMDB_ID>
  <Language>en</Language>
  <Overview>Reagan and Chris look for a practical family car that still has style; Ava finds preparing for serious talk-show topics exhausting.</Overview>
  <ProductionCode></ProductionCode>
  <Rating>7.8</Rating>
  <RatingCount>13</RatingCount>
  <SeasonNumber>1</SeasonNumber>
  <Writer></Writer>
  <absolute_number></absolute_number>
  <filename>episodes/248943/4175250.jpg</filename>
  <lastupdated>1318489075</lastupdated>
  <seasonid>466457</seasonid>
  <seriesid>248943</seriesid>
</Episode>
<Episode>
  <id>4180434</id>
  <Combined_episodenumber>5</Combined_episodenumber>
  <Combined_season>1</Combined_season>
  <DVD_chapter></DVD_chapter>
  <DVD_discid></DVD_discid>
  <DVD_episodenumber></DVD_episodenumber>
  <DVD_season></DVD_season>
  <Director></Director>
  <EpImgFlag>2</EpImgFlag>
  <EpisodeName>Mr. Bob's Toddler Kaleidoscope</EpisodeName>
  <EpisodeNumber>5</EpisodeNumber>
  <FirstAired>2011-10-12</FirstAired>
  <GuestStars></GuestStars>
  <IMDB_ID></IMDB_ID>
  <Language>en</Language>
  <Overview>Reagan worries her busy schedule is interfering parenting; Chris gets involved in Amy's playgroup; Ava stresses about not spending enough time with Reagan.</Overview>
  <ProductionCode></ProductionCode>
  <Rating>7.2</Rating>
  <RatingCount>11</RatingCount>
  <SeasonNumber>1</SeasonNumber>
  <Writer></Writer>
  <absolute_number></absolute_number>
  <filename>episodes/248943/4180434.jpg</filename>
  <lastupdated>1318475933</lastupdated>
  <seasonid>466457</seasonid>
  <seriesid>248943</seriesid>
</Episode>
<Episode>
  <id>4184745</id>
  <Combined_episodenumber>6</Combined_episodenumber>
  <Combined_season>1</Combined_season>
  <DVD_chapter></DVD_chapter>
  <DVD_discid></DVD_discid>
  <DVD_episodenumber></DVD_episodenumber>
  <DVD_season></DVD_season>
  <Director></Director>
  <EpImgFlag>2</EpImgFlag>
  <EpisodeName>Birth</EpisodeName>
  <EpisodeNumber>6</EpisodeNumber>
  <FirstAired>2011-10-19</FirstAired>
  <GuestStars></GuestStars>
  <IMDB_ID></IMDB_ID>
  <Language>en</Language>
  <Overview>See how it all began by watching Chris and Reagan prepare for the birth of their little bundle of joy, Amy!</Overview>
  <ProductionCode></ProductionCode>
  <Rating>7.8</Rating>
  <RatingCount>15</RatingCount>
  <SeasonNumber>1</SeasonNumber>
  <Writer></Writer>
  <absolute_number></absolute_number>
  <filename>episodes/248943/4184745.jpg</filename>
  <lastupdated>1319075782</lastupdated>
  <seasonid>466457</seasonid>
  <seriesid>248943</seriesid>
</Episode>
<Episode>
  <id>4192784</id>
  <Combined_episodenumber>7</Combined_episodenumber>
  <Combined_season>1</Combined_season>
  <DVD_chapter></DVD_chapter>
  <DVD_discid></DVD_discid>
  <DVD_episodenumber></DVD_episodenumber>
  <DVD_season></DVD_season>
  <Director></Director>
  <EpImgFlag>2</EpImgFlag>
  <EpisodeName>Parents</EpisodeName>
  <EpisodeNumber>7</EpisodeNumber>
  <FirstAired>2011-11-02</FirstAired>
  <GuestStars></GuestStars>
  <IMDB_ID></IMDB_ID>
  <Language>en</Language>
  <Overview>Reagan wants to set an example for her daughter by trying to get along with her own parents. The untimely death of a crew member inspires Ava to reexamine her relationship with the staff. Meanwhile, Chris vows to make some lifestyle changes when he starts to fear that his life may be cut short too.</Overview>
  <ProductionCode></ProductionCode>
  <Rating>7.7</Rating>
  <RatingCount>18</RatingCount>
  <SeasonNumber>1</SeasonNumber>
  <Writer></Writer>
  <absolute_number></absolute_number>
  <filename>episodes/248943/4192784.jpg</filename>
  <lastupdated>1321004815</lastupdated>
  <seasonid>466457</seasonid>
  <seriesid>248943</seriesid>
</Episode>
<Episode>
  <id>4192785</id>
  <Combined_episodenumber>8</Combined_episodenumber>
  <Combined_season>1</Combined_season>
  <DVD_chapter></DVD_chapter>
  <DVD_discid></DVD_discid>
  <DVD_episodenumber></DVD_episodenumber>
  <DVD_season></DVD_season>
  <Director></Director>
  <EpImgFlag>2</EpImgFlag>
  <EpisodeName>First Night Away</EpisodeName>
  <EpisodeNumber>8</EpisodeNumber>
  <FirstAired>2011-11-09</FirstAired>
  <GuestStars></GuestStars>
  <IMDB_ID></IMDB_ID>
  <Language>en</Language>
  <Overview>Reagan and Chris have a romantic night away to reignite the spark in their relationship. While babysitting Amy, Ava connects with the Brinkley's neighbor, Kevin, a single dad who is the complete opposite of her ostentatious boyfriend, Julian.</Overview>
  <ProductionCode></ProductionCode>
  <Rating>7.3</Rating>
  <RatingCount>18</RatingCount>
  <SeasonNumber>1</SeasonNumber>
  <Writer></Writer>
  <absolute_number></absolute_number>
  <filename>episodes/248943/4192785.jpg</filename>
  <lastupdated>1320867162</lastupdated>
  <seasonid>466457</seasonid>
  <seriesid>248943</seriesid>
</Episode>
<Episode>
  <id>4202910</id>
  <Combined_episodenumber>9</Combined_episodenumber>
  <Combined_season>1</Combined_season>
  <DVD_chapter></DVD_chapter>
  <DVD_discid></DVD_discid>
  <DVD_episodenumber></DVD_episodenumber>
  <DVD_season></DVD_season>
  <Director></Director>
  <EpImgFlag>2</EpImgFlag>
  <EpisodeName>Hiring and Firing</EpisodeName>
  <EpisodeNumber>9</EpisodeNumber>
  <FirstAired>2011-11-16</FirstAired>
  <GuestStars>Molly Shannon</GuestStars>
  <IMDB_ID></IMDB_ID>
  <Language>en</Language>
  <Overview>Reagan's inability to fire a less-than-stellar assistant, Nancy, leads Ava to question whether she has lost her edge. Meanwhile, Reagan and Chris hope to find a babysitter that will give him some much-needed parental relief.</Overview>
  <ProductionCode></ProductionCode>
  <Rating>7.2</Rating>
  <RatingCount>17</RatingCount>
  <SeasonNumber>1</SeasonNumber>
  <Writer></Writer>
  <absolute_number></absolute_number>
  <filename>episodes/248943/4202910.jpg</filename>
  <lastupdated>1321471659</lastupdated>
  <seasonid>466457</seasonid>
  <seriesid>248943</seriesid>
</Episode>
<Episode>
  <id>4197983</id>
  <Combined_episodenumber>10</Combined_episodenumber>
  <Combined_season>1</Combined_season>
  <DVD_chapter></DVD_chapter>
  <DVD_discid></DVD_discid>
  <DVD_episodenumber></DVD_episodenumber>
  <DVD_season></DVD_season>
  <Director></Director>
  <EpImgFlag>2</EpImgFlag>
  <EpisodeName>Week Off</EpisodeName>
  <EpisodeNumber>10</EpisodeNumber>
  <FirstAired>2011-11-23</FirstAired>
  <GuestStars>Jason Lee</GuestStars>
  <IMDB_ID></IMDB_ID>
  <Language>en</Language>
  <Overview>When the Ava show takes a break, Reagan is thrilled to spend the week at home with Amy, but her type-A personality and defiant sense of justice upset the delicate balance of Chris's neighborhood social life. Meanwhile, Ava tries to win over Kevin's daughter by giving her vocal lessons for a performance at school.</Overview>
  <ProductionCode></ProductionCode>
  <Rating>7.3</Rating>
  <RatingCount>15</RatingCount>
  <SeasonNumber>1</SeasonNumber>
  <Writer></Writer>
  <absolute_number></absolute_number>
  <filename>episodes/248943/4197983.jpg</filename>
  <lastupdated>1322026672</lastupdated>
  <seasonid>466457</seasonid>
  <seriesid>248943</seriesid>
</Episode>
<Episode>
  <id>4214249</id>
  <Combined_episodenumber>11</Combined_episodenumber>
  <Combined_season>1</Combined_season>
  <DVD_chapter></DVD_chapter>
  <DVD_discid></DVD_discid>
  <DVD_episodenumber></DVD_episodenumber>
  <DVD_season></DVD_season>
  <Director></Director>
  <EpImgFlag>2</EpImgFlag>
  <EpisodeName>First Christmas</EpisodeName>
  <EpisodeNumber>11</EpisodeNumber>
  <FirstAired>2011-12-07</FirstAired>
  <GuestStars></GuestStars>
  <IMDB_ID></IMDB_ID>
  <Language>en</Language>
  <Overview>Reagan goes to great lengths to give Amy a perfect Christmas while Ava's relationship with Kevin hits an obstacle.</Overview>
  <ProductionCode></ProductionCode>
  <Rating>7.9</Rating>
  <RatingCount>17</RatingCount>
  <SeasonNumber>1</SeasonNumber>
  <Writer></Writer>
  <absolute_number></absolute_number>
  <filename>episodes/248943/4214249.jpg</filename>
  <lastupdated>1323307569</lastupdated>
  <seasonid>466457</seasonid>
  <seriesid>248943</seriesid>
</Episode>
<Episode>
  <id>4221541</id>
  <Combined_episodenumber>12</Combined_episodenumber>
  <Combined_season>1</Combined_season>
  <DVD_chapter></DVD_chapter>
  <DVD_discid></DVD_discid>
  <DVD_episodenumber></DVD_episodenumber>
  <DVD_season></DVD_season>
  <Director></Director>
  <EpImgFlag>2</EpImgFlag>
  <EpisodeName>New Year's Eve</EpisodeName>
  <EpisodeNumber>12</EpisodeNumber>
  <FirstAired>2012-01-12</FirstAired>
  <GuestStars></GuestStars>
  <IMDB_ID>tt2124653</IMDB_ID>
  <Language>en</Language>
  <Overview>Reagan's extreme competiveness comes out at a New Year's Eve game night, much to Chris's embarrassment. Meanwhile, Kevin worries that Ava is ashamed of him and Missy brings an unexpected date to the party.</Overview>
  <ProductionCode></ProductionCode>
  <Rating>7.7</Rating>
  <RatingCount>13</RatingCount>
  <SeasonNumber>1</SeasonNumber>
  <Writer></Writer>
  <absolute_number>12</absolute_number>
  <filename>episodes/248943/4221541.jpg</filename>
  <lastupdated>1326422856</lastupdated>
  <seasonid>466457</seasonid>
  <seriesid>248943</seriesid>
</Episode>
<Episode>
  <id>4238928</id>
  <Combined_episodenumber>13</Combined_episodenumber>
  <Combined_season>1</Combined_season>
  <DVD_chapter></DVD_chapter>
  <DVD_discid></DVD_discid>
  <DVD_episodenumber></DVD_episodenumber>
  <DVD_season></DVD_season>
  <Director></Director>
  <EpImgFlag>2</EpImgFlag>
  <EpisodeName>Rivals</EpisodeName>
  <EpisodeNumber>13</EpisodeNumber>
  <FirstAired>2012-01-19</FirstAired>
  <GuestStars>Megan Mullally</GuestStars>
  <IMDB_ID></IMDB_ID>
  <Language>en</Language>
  <Overview>Reagan and Ava are thrown into a spiral when rival talk-show host and former friend of the show, Shayna, is suspected of stealing their show ideas. At home, Reagan develops some jealous feelings towards Chris's new female friend.</Overview>
  <ProductionCode></ProductionCode>
  <Rating>7.9</Rating>
  <RatingCount>15</RatingCount>
  <SeasonNumber>1</SeasonNumber>
  <Writer></Writer>
  <absolute_number></absolute_number>
  <filename>episodes/248943/4238928.jpg</filename>
  <lastupdated>1326997219</lastupdated>
  <seasonid>466457</seasonid>
  <seriesid>248943</seriesid>
</Episode>
<Episode>
  <id>4245001</id>
  <Combined_episodenumber>14</Combined_episodenumber>
  <Combined_season>1</Combined_season>
  <DVD_chapter></DVD_chapter>
  <DVD_discid></DVD_discid>
  <DVD_episodenumber></DVD_episodenumber>
  <DVD_season></DVD_season>
  <Director></Director>
  <EpImgFlag>2</EpImgFlag>
  <EpisodeName>Preschool Auction</EpisodeName>
  <EpisodeNumber>14</EpisodeNumber>
  <FirstAired>2012-02-02</FirstAired>
  <GuestStars>Dean Winters</GuestStars>
  <IMDB_ID>tt2124652</IMDB_ID>
  <Language>en</Language>
  <Overview>Reagan wants to secure a spot at a prestigious preschool for Amy and tries to win favor by organizing a charity auction with Ava's help. Elsewhere, Chris and his brother find that they haven't outgrown their competitive ways from childhood.</Overview>
  <ProductionCode></ProductionCode>
  <Rating>7.8</Rating>
  <RatingCount>12</RatingCount>
  <SeasonNumber>1</SeasonNumber>
  <Writer></Writer>
  <absolute_number></absolute_number>
  <filename>episodes/248943/4245001.jpg</filename>
  <lastupdated>1327552372</lastupdated>
  <seasonid>466457</seasonid>
  <seriesid>248943</seriesid>
</Episode>
<Episode>
  <id>4252250</id>
  <Combined_episodenumber>15</Combined_episodenumber>
  <Combined_season>1</Combined_season>
  <DVD_chapter></DVD_chapter>
  <DVD_discid></DVD_discid>
  <DVD_episodenumber></DVD_episodenumber>
  <DVD_season></DVD_season>
  <Director></Director>
  <EpImgFlag>2</EpImgFlag>
  <EpisodeName>Day After Valentine's Day</EpisodeName>
  <EpisodeNumber>15</EpisodeNumber>
  <FirstAired>2012-02-09</FirstAired>
  <GuestStars></GuestStars>
  <IMDB_ID></IMDB_ID>
  <Language>en</Language>
  <Overview>When Ava and Kevin have an epic blow-out, Reagan and Chris find themselves wistful for relationship drama and unintentionally end up creating some of their own.</Overview>
  <ProductionCode></ProductionCode>
  <Rating>7.9</Rating>
  <RatingCount>11</RatingCount>
  <SeasonNumber>1</SeasonNumber>
  <Writer></Writer>
  <absolute_number></absolute_number>
  <filename>episodes/248943/4252250.jpg</filename>
  <lastupdated>1331609973</lastupdated>
  <seasonid>466457</seasonid>
  <seriesid>248943</seriesid>
</Episode>
<Episode>
  <id>4238929</id>
  <Combined_episodenumber>16</Combined_episodenumber>
  <Combined_season>1</Combined_season>
  <DVD_chapter></DVD_chapter>
  <DVD_discid></DVD_discid>
  <DVD_episodenumber></DVD_episodenumber>
  <DVD_season></DVD_season>
  <Director></Director>
  <EpImgFlag>2</EpImgFlag>
  <EpisodeName>Travel Day</EpisodeName>
  <EpisodeNumber>16</EpisodeNumber>
  <FirstAired>2012-02-16</FirstAired>
  <GuestStars></GuestStars>
  <IMDB_ID>tt2136561</IMDB_ID>
  <Language>en</Language>
  <Overview>It's Reagan and Chris versus the airport when they travel with baby Amy for the first time. Ava agrees to be the minister for the wedding of her former band mate, Amanda, and past tensions come back to haunt them. Meanwhile, Kevin deals with Ava's feelings on marriage.</Overview>
  <ProductionCode></ProductionCode>
  <Rating>7.9</Rating>
  <RatingCount>8</RatingCount>
  <SeasonNumber>1</SeasonNumber>
  <Writer></Writer>
  <absolute_number></absolute_number>
  <filename>episodes/248943/4238929.jpg</filename>
  <lastupdated>1328882000</lastupdated>
  <seasonid>466457</seasonid>
  <seriesid>248943</seriesid>
</Episode>
<Episode>
  <id>4253058</id>
  <Combined_episodenumber>17</Combined_episodenumber>
  <Combined_season>1</Combined_season>
  <DVD_chapter></DVD_chapter>
  <DVD_discid></DVD_discid>
  <DVD_episodenumber></DVD_episodenumber>
  <DVD_season></DVD_season>
  <Director></Director>
  <EpImgFlag>2</EpImgFlag>
  <EpisodeName>First Birthday</EpisodeName>
  <EpisodeNumber>17</EpisodeNumber>
  <FirstAired>2012-02-23</FirstAired>
  <GuestStars></GuestStars>
  <IMDB_ID></IMDB_ID>
  <Language>en</Language>
  <Overview>A moment of weakness with his uncomfortably enthusiastic neighbors leads Chris to agree to host a joint first birthday party for Amy, and Reagan to accuse him of being a pushover. Ava takes it upon herself to take the birthday party to the next level, while Nancy sees this as an opportunity to look for a man.</Overview>
  <ProductionCode></ProductionCode>
  <Rating>7.9</Rating>
  <RatingCount>7</RatingCount>
  <SeasonNumber>1</SeasonNumber>
  <Writer></Writer>
  <absolute_number></absolute_number>
  <filename>episodes/248943/4253058.jpg</filename>
  <lastupdated>1330037108</lastupdated>
  <seasonid>466457</seasonid>
  <seriesid>248943</seriesid>
</Episode>
<Episode>
  <id>4265459</id>
  <Combined_episodenumber>18</Combined_episodenumber>
  <Combined_season>1</Combined_season>
  <DVD_chapter></DVD_chapter>
  <DVD_discid></DVD_discid>
  <DVD_episodenumber></DVD_episodenumber>
  <DVD_season></DVD_season>
  <Director></Director>
  <EpImgFlag>2</EpImgFlag>
  <EpisodeName>New Boss</EpisodeName>
  <EpisodeNumber>18</EpisodeNumber>
  <FirstAired>2012-03-01</FirstAired>
  <GuestStars></GuestStars>
  <IMDB_ID></IMDB_ID>
  <Language>en</Language>
  <Overview>A new boss takes the reins of Ava's show after it's acquired by Ava and Reagan's idol. Elsewhere, Chris and Reed try to restore an old motorcycle.</Overview>
  <ProductionCode></ProductionCode>
  <Rating>7.7</Rating>
  <RatingCount>6</RatingCount>
  <SeasonNumber>1</SeasonNumber>
  <Writer></Writer>
  <absolute_number></absolute_number>
  <filename>episodes/248943/4265459.jpg</filename>
  <lastupdated>1329769597</lastupdated>
  <seasonid>466457</seasonid>
  <seriesid>248943</seriesid>
</Episode>
<Episode>
  <id>4281913</id>
  <Combined_episodenumber>19</Combined_episodenumber>
  <Combined_season>1</Combined_season>
  <DVD_chapter></DVD_chapter>
  <DVD_discid></DVD_discid>
  <DVD_episodenumber></DVD_episodenumber>
  <DVD_season></DVD_season>
  <Director></Director>
  <EpImgFlag>2</EpImgFlag>
  <EpisodeName>Couple Friends</EpisodeName>
  <EpisodeNumber>19</EpisodeNumber>
  <FirstAired>2012-03-08</FirstAired>
  <GuestStars></GuestStars>
  <IMDB_ID></IMDB_ID>
  <Language>en</Language>
  <Overview>Reagan and Chris try a little too hard to befriend a fun couple, Justin and Lawrence, who have a young child. Meanwhile, Ava's feud with Luke over her show's business dealings gets uncomfortably personal.</Overview>
  <ProductionCode></ProductionCode>
  <Rating>8.1</Rating>
  <RatingCount>7</RatingCount>
  <SeasonNumber>1</SeasonNumber>
  <Writer></Writer>
  <absolute_number></absolute_number>
  <filename>episodes/248943/4281913.jpg</filename>
  <lastupdated>1331273797</lastupdated>
  <seasonid>466457</seasonid>
  <seriesid>248943</seriesid>
</Episode>
<Episode>
  <id>4282606</id>
  <Combined_episodenumber>20</Combined_episodenumber>
  <Combined_season>1</Combined_season>
  <DVD_chapter></DVD_chapter>
  <DVD_discid></DVD_discid>
  <DVD_episodenumber></DVD_episodenumber>
  <DVD_season></DVD_season>
  <Director></Director>
  <EpImgFlag>2</EpImgFlag>
  <EpisodeName>Baby Fever</EpisodeName>
  <EpisodeNumber>20</EpisodeNumber>
  <FirstAired>2012-03-15</FirstAired>
  <GuestStars></GuestStars>
  <IMDB_ID></IMDB_ID>
  <Language>en</Language>
  <Overview>Chris pulls out all the stops to convince Reagan to have another baby. Meanwhile, Ava's decision to join a mentorship program, started by Yvonne Encanto, has less than stellar results and Missy is worried she's cheating on Ava by helping Luke.</Overview>
  <ProductionCode></ProductionCode>
  <Rating>7.7</Rating>
  <RatingCount>7</RatingCount>
  <SeasonNumber>1</SeasonNumber>
  <Writer></Writer>
  <absolute_number></absolute_number>
  <filename>episodes/248943/4282606.jpg</filename>
  <lastupdated>1331770121</lastupdated>
  <seasonid>466457</seasonid>
  <seriesid>248943</seriesid>
</Episode>
<Episode>
  <id>4282607</id>
  <Combined_episodenumber>21</Combined_episodenumber>
  <Combined_season>1</Combined_season>
  <DVD_chapter></DVD_chapter>
  <DVD_discid></DVD_discid>
  <DVD_episodenumber></DVD_episodenumber>
  <DVD_season></DVD_season>
  <Director></Director>
  <EpImgFlag>2</EpImgFlag>
  <EpisodeName>Daddy Daughter Time</EpisodeName>
  <EpisodeNumber>21</EpisodeNumber>
  <FirstAired>2012-03-22</FirstAired>
  <GuestStars>Henry Winkler</GuestStars>
  <IMDB_ID></IMDB_ID>
  <Language>en</Language>
  <Overview>When Chris gets a segment on the Ava show, Reagan starts to realize how much she needs her own space at work. Meanwhile, Ava's dad visits with his family, who are more interested in meeting celebrities like Sharon Osbourne, Ava's rival, than spending time with Ava.</Overview>
  <ProductionCode></ProductionCode>
  <Rating>7.3</Rating>
  <RatingCount>3</RatingCount>
  <SeasonNumber>1</SeasonNumber>
  <Writer></Writer>
  <absolute_number></absolute_number>
  <filename>episodes/248943/4282607.jpg</filename>
  <lastupdated>1332460977</lastupdated>
  <seasonid>466457</seasonid>
  <seriesid>248943</seriesid>
</Episode>
<Episode>
  <id>4291794</id>
  <Combined_episodenumber>22</Combined_episodenumber>
  <Combined_season>1</Combined_season>
  <DVD_chapter></DVD_chapter>
  <DVD_discid></DVD_discid>
  <DVD_episodenumber></DVD_episodenumber>
  <DVD_season></DVD_season>
  <Director></Director>
  <EpImgFlag>2</EpImgFlag>
  <EpisodeName>Letting Go</EpisodeName>
  <EpisodeNumber>22</EpisodeNumber>
  <FirstAired>2012-03-29</FirstAired>
  <GuestStars></GuestStars>
  <IMDB_ID></IMDB_ID>
  <Language>en</Language>
  <Overview>Reagan and Ava's changing responsibilities at home, a newly walking Amy and Julian's most recent gift to Ava, a dog, threaten to interfere with the booking of their dream guest - music legend Stevie Nicks. Meanwhile, Chris might be in over his head when he is &quot;promoted&quot; to a younger hockey league.</Overview>
  <ProductionCode></ProductionCode>
  <Rating>8.0</Rating>
  <RatingCount>6</RatingCount>
  <SeasonNumber>1</SeasonNumber>
  <Writer></Writer>
  <absolute_number></absolute_number>
  <filename>episodes/248943/4291794.jpg</filename>
  <lastupdated>1333366711</lastupdated>
  <seasonid>466457</seasonid>
  <seriesid>248943</seriesid>
</Episode>
<Episode>
  <id>4291795</id>
  <Combined_episodenumber>23</Combined_episodenumber>
  <Combined_season>1</Combined_season>
  <DVD_chapter></DVD_chapter>
  <DVD_discid></DVD_discid>
  <DVD_episodenumber></DVD_episodenumber>
  <DVD_season></DVD_season>
  <Director></Director>
  <EpImgFlag>2</EpImgFlag>
  <EpisodeName>Hey Jealousy</EpisodeName>
  <EpisodeNumber>23</EpisodeNumber>
  <FirstAired>2012-04-05</FirstAired>
  <GuestStars></GuestStars>
  <IMDB_ID></IMDB_ID>
  <Language>en</Language>
  <Overview>With Reagan working more closely with Luke, Chris starts to show signs of jealousy, but it takes his buddy Reed's bad advice to send him into a full-blown panic. Meanwhile, Ava is surprised to learn that her rival, Shayna, will be competing against her in a 10K run for charity and enlists the help of celebrity trainer Gideon Kirk.</Overview>
  <ProductionCode></ProductionCode>
  <Rating>7.2</Rating>
  <RatingCount>6</RatingCount>
  <SeasonNumber>1</SeasonNumber>
  <Writer></Writer>
  <absolute_number></absolute_number>
  <filename>episodes/248943/4291795.jpg</filename>
  <lastupdated>1333684602</lastupdated>
  <seasonid>466457</seasonid>
  <seriesid>248943</seriesid>
</Episode>
<Episode>
  <id>4305988</id>
  <Combined_episodenumber>24</Combined_episodenumber>
  <Combined_season>1</Combined_season>
  <DVD_chapter></DVD_chapter>
  <DVD_discid></DVD_discid>
  <DVD_episodenumber></DVD_episodenumber>
  <DVD_season></DVD_season>
  <Director></Director>
  <EpImgFlag>2</EpImgFlag>
  <EpisodeName>The Proposals</EpisodeName>
  <EpisodeNumber>24</EpisodeNumber>
  <FirstAired>2012-04-12</FirstAired>
  <GuestStars></GuestStars>
  <IMDB_ID></IMDB_ID>
  <Language>en</Language>
  <Overview>Reagan loses her engagement ring, and Chris sees it as a chance to give her a proper proposal. Meanwhile, Julian helps Kevin in his efforts to reunite with Ava.</Overview>
  <ProductionCode></ProductionCode>
  <Rating>7.9</Rating>
  <RatingCount>7</RatingCount>
  <SeasonNumber>1</SeasonNumber>
  <Writer></Writer>
  <absolute_number></absolute_number>
  <filename>episodes/248943/4305988.jpg</filename>
  <lastupdated>1334344822</lastupdated>
  <seasonid>466457</seasonid>
  <seriesid>248943</seriesid>
</Episode>
<Episode>
  <id>4343853</id>
  <Combined_episodenumber>1</Combined_episodenumber>
  <Combined_season>2</Combined_season>
  <DVD_chapter></DVD_chapter>
  <DVD_discid></DVD_discid>
  <DVD_episodenumber></DVD_episodenumber>
  <DVD_season></DVD_season>
  <Director>Michael Blieden</Director>
  <EpImgFlag>2</EpImgFlag>
  <EpisodeName>Friendships And Partnerships</EpisodeName>
  <EpisodeNumber>1</EpisodeNumber>
  <FirstAired>2012-09-20</FirstAired>
  <GuestStars></GuestStars>
  <IMDB_ID></IMDB_ID>
  <Language>en</Language>
  <Overview>Reagan and Ava's friendship is tested following the news of the show's cancellation. Meanwhile, Reagan hires her brother Scott to help remodel their bathroom, and Chris decides to re-enter the working world.</Overview>
  <ProductionCode></ProductionCode>
  <Rating>7.1</Rating>
  <RatingCount>8</RatingCount>
  <SeasonNumber>2</SeasonNumber>
  <Writer>|Tucker Cawley|Emily Spivey|</Writer>
  <absolute_number></absolute_number>
  <filename>episodes/248943/4343853.jpg</filename>
  <lastupdated>1348216054</lastupdated>
  <seasonid>494644</seasonid>
  <seriesid>248943</seriesid>
</Episode>
<Episode>
  <id>4382469</id>
  <Combined_episodenumber>2</Combined_episodenumber>
  <Combined_season>2</Combined_season>
  <DVD_chapter></DVD_chapter>
  <DVD_discid></DVD_discid>
  <DVD_episodenumber></DVD_episodenumber>
  <DVD_season></DVD_season>
  <Director>Michael Blieden</Director>
  <EpImgFlag>2</EpImgFlag>
  <EpisodeName>Home/Office</EpisodeName>
  <EpisodeNumber>2</EpisodeNumber>
  <FirstAired>2012-09-27</FirstAired>
  <GuestStars>Sean Hayes</GuestStars>
  <IMDB_ID>tt2335700</IMDB_ID>
  <Language>en</Language>
  <Overview>Reagan adjusts to being a stay-at-home mom and learns about the quirks of the neighborhood. Meanwhile, Chris and Scott work on launching their business, and Ava runs into her former accompanist, whom she may have mistreated on the path to success.</Overview>
  <ProductionCode></ProductionCode>
  <Rating>8.0</Rating>
  <RatingCount>5</RatingCount>
  <SeasonNumber>2</SeasonNumber>
  <Writer>DJ Nash|Emily Spivey</Writer>
  <absolute_number>26</absolute_number>
  <filename>episodes/248943/4382469.jpg</filename>
  <lastupdated>1348998322</lastupdated>
  <seasonid>494644</seasonid>
  <seriesid>248943</seriesid>
</Episode>
<Episode>
  <id>4382468</id>
  <Combined_episodenumber>3</Combined_episodenumber>
  <Combined_season>2</Combined_season>
  <DVD_chapter></DVD_chapter>
  <DVD_discid></DVD_discid>
  <DVD_episodenumber></DVD_episodenumber>
  <DVD_season></DVD_season>
  <Director></Director>
  <EpImgFlag>2</EpImgFlag>
  <EpisodeName>Swingers</EpisodeName>
  <EpisodeNumber>3</EpisodeNumber>
  <FirstAired>2012-10-04</FirstAired>
  <GuestStars></GuestStars>
  <IMDB_ID></IMDB_ID>
  <Language>en</Language>
  <Overview>Reagan and Chris try to prove they're not boring. Elsewhere, Ava gets rid of clutter with help from Scott and meets her biggest fan.</Overview>
  <ProductionCode></ProductionCode>
  <Rating>8.0</Rating>
  <RatingCount>8</RatingCount>
  <SeasonNumber>2</SeasonNumber>
  <Writer></Writer>
  <absolute_number></absolute_number>
  <filename>episodes/248943/4382468.jpg</filename>
  <lastupdated>1349738855</lastupdated>
  <seasonid>494644</seasonid>
  <seriesid>248943</seriesid>
</Episode>
<Episode>
  <id>4392185</id>
  <Combined_episodenumber>4</Combined_episodenumber>
  <Combined_season>2</Combined_season>
  <DVD_chapter></DVD_chapter>
  <DVD_discid></DVD_discid>
  <DVD_episodenumber></DVD_episodenumber>
  <DVD_season></DVD_season>
  <Director></Director>
  <EpImgFlag>2</EpImgFlag>
  <EpisodeName>Jerry Duty</EpisodeName>
  <EpisodeNumber>4</EpisodeNumber>
  <FirstAired>2012-10-11</FirstAired>
  <GuestStars></GuestStars>
  <IMDB_ID></IMDB_ID>
  <Language>en</Language>
  <Overview>After Chris runs into his annoying college roommate Jerry, he is roped into attending a party and brings Ava along to keep him sane and hopefully find her a match. Meanwhile, Reagan reluctantly helps Scott throw a raucous sleep over for his son and his friends.</Overview>
  <ProductionCode></ProductionCode>
  <Rating>8.0</Rating>
  <RatingCount>6</RatingCount>
  <SeasonNumber>2</SeasonNumber>
  <Writer></Writer>
  <absolute_number></absolute_number>
  <filename>episodes/248943/4392185.jpg</filename>
  <lastupdated>1350016579</lastupdated>
  <seasonid>494644</seasonid>
  <seriesid>248943</seriesid>
</Episode>
<Episode>
  <id>4405076</id>
  <Combined_episodenumber>5</Combined_episodenumber>
  <Combined_season>2</Combined_season>
  <DVD_chapter></DVD_chapter>
  <DVD_discid></DVD_discid>
  <DVD_episodenumber></DVD_episodenumber>
  <DVD_season></DVD_season>
  <Director></Director>
  <EpImgFlag>2</EpImgFlag>
  <EpisodeName>Another Saturday Night</EpisodeName>
  <EpisodeNumber>5</EpisodeNumber>
  <FirstAired>2012-10-18</FirstAired>
  <GuestStars>|Rob Huebel|</GuestStars>
  <IMDB_ID>tt2390320</IMDB_ID>
  <Language>en</Language>
  <Overview>Reagan and Chris realize it has been months since their last night out and decide to paint the town with Ava and Jerry. Meanwhile, on Chris' advice Scott tries his hand at dating again.</Overview>
  <ProductionCode>207</ProductionCode>
  <Rating>7.3</Rating>
  <RatingCount>6</RatingCount>
  <SeasonNumber>2</SeasonNumber>
  <Writer></Writer>
  <absolute_number>29</absolute_number>
  <filename>episodes/248943/4405076.jpg</filename>
  <lastupdated>1354382131</lastupdated>
  <seasonid>494644</seasonid>
  <seriesid>248943</seriesid>
</Episode>
<Episode>
  <id>4409386</id>
  <Combined_episodenumber>6</Combined_episodenumber>
  <Combined_season>2</Combined_season>
  <DVD_chapter></DVD_chapter>
  <DVD_discid></DVD_discid>
  <DVD_episodenumber></DVD_episodenumber>
  <DVD_season></DVD_season>
  <Director>|Michael Blieden|</Director>
  <EpImgFlag>2</EpImgFlag>
  <EpisodeName>Ma'am'd</EpisodeName>
  <EpisodeNumber>6</EpisodeNumber>
  <FirstAired>2012-10-25</FirstAired>
  <GuestStars>|Sean Hayes|Tony Hale|</GuestStars>
  <IMDB_ID>tt2390332</IMDB_ID>
  <Language>en</Language>
  <Overview>After failing to get Chris's attention, Reagan worries that she is losing her romantic touch. A visit to the dentist gives her a much needed confidence boost. Meanwhile, when Ava learns her neighbors aren't so fond of her, she teams up with Walter to give the neighborhood a haunted house like they have never seen before.</Overview>
  <ProductionCode>206</ProductionCode>
  <Rating>7.8</Rating>
  <RatingCount>5</RatingCount>
  <SeasonNumber>2</SeasonNumber>
  <Writer>|Emily Spivey|</Writer>
  <absolute_number>30</absolute_number>
  <filename>episodes/248943/4409386.jpg</filename>
  <lastupdated>1354383168</lastupdated>
  <seasonid>494644</seasonid>
  <seriesid>248943</seriesid>
</Episode>
<Episode>
  <id>4417064</id>
  <Combined_episodenumber>7</Combined_episodenumber>
  <Combined_season>2</Combined_season>
  <DVD_chapter></DVD_chapter>
  <DVD_discid></DVD_discid>
  <DVD_episodenumber></DVD_episodenumber>
  <DVD_season></DVD_season>
  <Director>|Jennifer Getzinger|</Director>
  <EpImgFlag>2</EpImgFlag>
  <EpisodeName>Thanksgiving</EpisodeName>
  <EpisodeNumber>7</EpisodeNumber>
  <FirstAired>2012-11-15</FirstAired>
  <GuestStars>|Sean Hayes|</GuestStars>
  <IMDB_ID>tt2451854</IMDB_ID>
  <Language>en</Language>
  <Overview>After their flight is cancelled, Chris and Reagan are forced stay home for Thanksgiving.</Overview>
  <ProductionCode>209</ProductionCode>
  <Rating>7.5</Rating>
  <RatingCount>4</RatingCount>
  <SeasonNumber>2</SeasonNumber>
  <Writer>|Austen Earl|Joel Church-Cooper|Rene Gube|</Writer>
  <absolute_number>31</absolute_number>
  <filename>episodes/248943/4417064.jpg</filename>
  <lastupdated>1354382178</lastupdated>
  <seasonid>494644</seasonid>
  <seriesid>248943</seriesid>
</Episode>
<Episode>
  <id>4417065</id>
  <Combined_episodenumber>8</Combined_episodenumber>
  <Combined_season>2</Combined_season>
  <DVD_chapter></DVD_chapter>
  <DVD_discid></DVD_discid>
  <DVD_episodenumber></DVD_episodenumber>
  <DVD_season></DVD_season>
  <Director>|Michael Blieden|</Director>
  <EpImgFlag>2</EpImgFlag>
  <EpisodeName>The Game of Life</EpisodeName>
  <EpisodeNumber>8</EpisodeNumber>
  <FirstAired>2012-11-29</FirstAired>
  <GuestStars>|Matt Braunger|Jean Villepique|</GuestStars>
  <IMDB_ID>tt2488780</IMDB_ID>
  <Language>en</Language>
  <Overview>Reagan, Chris and Scott get invited to join Gene and Terry at their mountain cabin for their annual &quot;Family Funlympics.&quot;
Meanwhile, when Reagan decides she needs to leave the cabin to go and check up on Ava, she is shocked to learn that Ava has new friends.</Overview>
  <ProductionCode>208</ProductionCode>
  <Rating>6.8</Rating>
  <RatingCount>6</RatingCount>
  <SeasonNumber>2</SeasonNumber>
  <Writer>|Chadd Gindin|</Writer>
  <absolute_number>32</absolute_number>
  <filename>episodes/248943/4417065.jpg</filename>
  <lastupdated>1354408420</lastupdated>
  <seasonid>494644</seasonid>
  <seriesid>248943</seriesid>
</Episode>
<Episode>
  <id>4417066</id>
  <Combined_episodenumber>9</Combined_episodenumber>
  <Combined_season>2</Combined_season>
  <DVD_chapter></DVD_chapter>
  <DVD_discid></DVD_discid>
  <DVD_episodenumber></DVD_episodenumber>
  <DVD_season></DVD_season>
  <Director>|Jennifer Getzinger|</Director>
  <EpImgFlag>2</EpImgFlag>
  <EpisodeName>I Can't Quit You</EpisodeName>
  <EpisodeNumber>9</EpisodeNumber>
  <FirstAired>2012-12-06</FirstAired>
  <GuestStars>|Mary Elizabeth Ellis|</GuestStars>
  <IMDB_ID>tt2560052</IMDB_ID>
  <Language>en</Language>
  <Overview>While Reagan secretly hangs out with her ex-sister-in-law Connie, Chris and Scott compete for jobs against Scott's ex-father-in law.
Meanwhile, Ava takes a fan and her family on an unusual &quot;Hollywood&quot; tour.</Overview>
  <ProductionCode>205</ProductionCode>
  <Rating>7.5</Rating>
  <RatingCount>4</RatingCount>
  <SeasonNumber>2</SeasonNumber>
  <Writer>|Tim McAuliffe|</Writer>
  <absolute_number>33</absolute_number>
  <filename>episodes/248943/4417066.jpg</filename>
  <lastupdated>1355744937</lastupdated>
  <seasonid>494644</seasonid>
  <seriesid>248943</seriesid>
</Episode>
<Episode>
  <id>4417067</id>
  <Combined_episodenumber>10</Combined_episodenumber>
  <Combined_season>2</Combined_season>
  <DVD_chapter></DVD_chapter>
  <DVD_discid></DVD_discid>
  <DVD_episodenumber></DVD_episodenumber>
  <DVD_season></DVD_season>
  <Director>|Bryan Gordon|</Director>
  <EpImgFlag>2</EpImgFlag>
  <EpisodeName>First Snow</EpisodeName>
  <EpisodeNumber>10</EpisodeNumber>
  <FirstAired>2012-12-13</FirstAired>
  <GuestStars></GuestStars>
  <IMDB_ID>tt2488794</IMDB_ID>
  <Language>en</Language>
  <Overview>Regan and Chris’ attempt to take Amy to see snow for the first time turns into an unexpected misadventure.
Meanwhile, Ava gets some help from Scott when she has trouble planning for Christmas gifts on a budget.</Overview>
  <ProductionCode>210</ProductionCode>
  <Rating>8.2</Rating>
  <RatingCount>5</RatingCount>
  <SeasonNumber>2</SeasonNumber>
  <Writer>|Vera Santamaria|Chadd Gindin|</Writer>
  <absolute_number>34</absolute_number>
  <filename>episodes/248943/4417067.jpg</filename>
  <lastupdated>1355749096</lastupdated>
  <seasonid>494644</seasonid>
  <seriesid>248943</seriesid>
</Episode>
<Episode>
  <id>4417068</id>
  <Combined_episodenumber>11</Combined_episodenumber>
  <Combined_season>2</Combined_season>
  <DVD_chapter></DVD_chapter>
  <DVD_discid></DVD_discid>
  <DVD_episodenumber></DVD_episodenumber>
  <DVD_season></DVD_season>
  <Director>|Alex Reid|</Director>
  <EpImgFlag>2</EpImgFlag>
  <EpisodeName>The Wedding</EpisodeName>
  <EpisodeNumber>11</EpisodeNumber>
  <FirstAired>2012-12-13</FirstAired>
  <GuestStars>|Sean Hayes|Blythe Danner|Mary Elizabeth Ellis|Bob Gunton|Mimi Kennedy|</GuestStars>
  <IMDB_ID>tt2488800</IMDB_ID>
  <Language>en</Language>
  <Overview>In a look back at Chris and Reagan's wild wedding day, the newlyweds-to-be end up holding a big event for friends and family after deciding not to elope to Las Vegas at the last second.
Things don’t quite as they dreamed when big news from Ava and even bigger news from Scott  begin to derail the big day before it even starts.
(Note: Final episode shot in single-camera format.)</Overview>
  <ProductionCode>211</ProductionCode>
  <Rating>8.5</Rating>
  <RatingCount>4</RatingCount>
  <SeasonNumber>2</SeasonNumber>
  <Writer>|Kayla Alpert|Emily Spivey|</Writer>
  <absolute_number>35</absolute_number>
  <filename>episodes/248943/4417068.jpg</filename>
  <lastupdated>1355749449</lastupdated>
  <seasonid>494644</seasonid>
  <seriesid>248943</seriesid>
</Episode>
</Data>