<?xml version="1.0" encoding="UTF-8" ?>
<Actors>
<Actor>
  <id>140541</id>
  <Image>actors/140541.jpg</Image>
  <Name>Steve Dildarian</Name>
  <Role>Tim</Role>
  <SortOrder>0</SortOrder>
</Actor>
<Actor>
  <id>140551</id>
  <Image></Image>
  <Name>M.J. Otto</Name>
  <Role>Amy</Role>
  <SortOrder>1</SortOrder>
</Actor>
<Actor>
  <id>140581</id>
  <Image></Image>
  <Name>Bob Morrow	 </Name>
  <Role>Debbie</Role>
  <SortOrder>3</SortOrder>
</Actor>
<Actor>
  <id>140591</id>
  <Image></Image>
  <Name>Matt Johnson</Name>
  <Role>Rodney</Role>
  <SortOrder>3</SortOrder>
</Actor>
<Actor>
  <id>140561</id>
  <Image></Image>
  <Name>Nick Kroll</Name>
  <Role>Stu</Role>
  <SortOrder>3</SortOrder>
</Actor>
<Actor>
  <id>140601</id>
  <Image></Image>
  <Name>Peter Giles</Name>
  <Role>The Boss</Role>
  <SortOrder>3</SortOrder>
</Actor>
</Actors>