<?xml version="1.0" encoding="UTF-8" ?>
<Data><Series>
  <id>83130</id>
  <Actors>|Steve Dildarian|M.J. Otto|Bob Morrow	 |Matt Johnson|Nick Kroll|Peter Giles|</Actors>
  <Airs_DayOfWeek>Sunday</Airs_DayOfWeek>
  <Airs_Time>11:00 PM</Airs_Time>
  <ContentRating>TV-MA</ContentRating>
  <FirstAired>2008-09-28</FirstAired>
  <Genre>|Animation|Comedy|</Genre>
  <IMDB_ID>tt0950701</IMDB_ID>
  <Language>en</Language>
  <Network>HBO</Network>
  <NetworkID></NetworkID>
  <Overview>Everybody makes mistakes, but for Tim - a self-conscious young guy living in New York - just getting out of bed in the morning could be the worst decision he makes all day. No matter the situation, life's little challenges always manage to demand the most offensive solutions, which wouldn't be such a problem if he weren't continually caught red-handed. From the mind of Steve Dildarian - the Clio-winning ad man behind Budweiser's famous 'Lizards' campaign - 'The Life and Times of Tim' follows this everyday working guy from one scandalous crisis to the next.</Overview>
  <Rating>9.1</Rating>
  <RatingCount>16</RatingCount>
  <Runtime>25</Runtime>
  <SeriesID>68699</SeriesID>
  <SeriesName>The Life &amp; Times of Tim</SeriesName>
  <Status>Ended</Status>
  <added>2008-09-21 14:25:25</added>
  <addedBy>2930</addedBy>
  <banner>graphical/83130-g.jpg</banner>
  <fanart>fanart/original/83130-1.jpg</fanart>
  <lastupdated>1355398486</lastupdated>
  <poster>posters/83130-12.jpg</poster>
  <zap2it_id></zap2it_id>
</Series>
<Episode>
  <id>397338</id>
  <Combined_episodenumber>1</Combined_episodenumber>
  <Combined_season>0</Combined_season>
  <DVD_chapter></DVD_chapter>
  <DVD_discid></DVD_discid>
  <DVD_episodenumber></DVD_episodenumber>
  <DVD_season></DVD_season>
  <Director></Director>
  <EpImgFlag></EpImgFlag>
  <EpisodeName>Sneak Preview of The Life &amp; Times of Tim</EpisodeName>
  <EpisodeNumber>1</EpisodeNumber>
  <FirstAired>2008-09-07</FirstAired>
  <GuestStars></GuestStars>
  <IMDB_ID></IMDB_ID>
  <Language>en</Language>
  <Overview>HBO goes behind the scenes of their new animated comedy, The Life &amp; Times of Tim and gives viewers a sneak preview of the upcoming pilot episode. </Overview>
  <ProductionCode></ProductionCode>
  <Rating></Rating>
  <RatingCount>0</RatingCount>
  <SeasonNumber>0</SeasonNumber>
  <Writer></Writer>
  <absolute_number></absolute_number>
  <airsafter_season></airsafter_season>
  <airsbefore_episode>1</airsbefore_episode>
  <airsbefore_season>1</airsbefore_season>
  <filename></filename>
  <lastupdated>1223934342</lastupdated>
  <seasonid>35380</seasonid>
  <seriesid>83130</seriesid>
</Episode>
<Episode>
  <id>389674</id>
  <Combined_episodenumber>1.1</Combined_episodenumber>
  <Combined_season>1</Combined_season>
  <DVD_chapter></DVD_chapter>
  <DVD_discid></DVD_discid>
  <DVD_episodenumber>1.1</DVD_episodenumber>
  <DVD_season>1</DVD_season>
  <Director></Director>
  <EpImgFlag>2</EpImgFlag>
  <EpisodeName>Angry Unpaid Hooker</EpisodeName>
  <EpisodeNumber>1</EpisodeNumber>
  <FirstAired>2008-09-28</FirstAired>
  <GuestStars></GuestStars>
  <IMDB_ID></IMDB_ID>
  <Language>en</Language>
  <Overview>Tim tries to explain to his girlfriend and her parents, why a prostitute is in his apartment.</Overview>
  <ProductionCode></ProductionCode>
  <Rating>8.7</Rating>
  <RatingCount>3</RatingCount>
  <SeasonNumber>1</SeasonNumber>
  <Writer></Writer>
  <absolute_number></absolute_number>
  <filename>episodes/83130/389674.jpg</filename>
  <lastupdated>1326977843</lastupdated>
  <seasonid>35381</seasonid>
  <seriesid>83130</seriesid>
</Episode>
<Episode>
  <id>4226998</id>
  <Combined_episodenumber>1.2</Combined_episodenumber>
  <Combined_season>1</Combined_season>
  <DVD_chapter></DVD_chapter>
  <DVD_discid></DVD_discid>
  <DVD_episodenumber>1.2</DVD_episodenumber>
  <DVD_season>1</DVD_season>
  <Director></Director>
  <EpImgFlag>2</EpImgFlag>
  <EpisodeName>Rodney's Bachelor Party</EpisodeName>
  <EpisodeNumber>2</EpisodeNumber>
  <FirstAired>2008-09-28</FirstAired>
  <GuestStars></GuestStars>
  <IMDB_ID></IMDB_ID>
  <Language>en</Language>
  <Overview>Rodney tells Tim about his bachelor party, which Tim finds hard to believe.</Overview>
  <ProductionCode></ProductionCode>
  <Rating>8.0</Rating>
  <RatingCount>4</RatingCount>
  <SeasonNumber>1</SeasonNumber>
  <Writer></Writer>
  <absolute_number></absolute_number>
  <filename>episodes/83130/4226998.jpg</filename>
  <lastupdated>1326977864</lastupdated>
  <seasonid>35381</seasonid>
  <seriesid>83130</seriesid>
</Episode>
<Episode>
  <id>390566</id>
  <Combined_episodenumber>2.1</Combined_episodenumber>
  <Combined_season>1</Combined_season>
  <DVD_chapter></DVD_chapter>
  <DVD_discid></DVD_discid>
  <DVD_episodenumber>2.1</DVD_episodenumber>
  <DVD_season>1</DVD_season>
  <Director></Director>
  <EpImgFlag>2</EpImgFlag>
  <EpisodeName>Latino Tim</EpisodeName>
  <EpisodeNumber>3</EpisodeNumber>
  <FirstAired>2008-10-05</FirstAired>
  <GuestStars></GuestStars>
  <IMDB_ID></IMDB_ID>
  <Language>en</Language>
  <Overview>Tim is asked by his boss to act like he's the Hispanic Vice President, of his company, and begrudgingly agrees.</Overview>
  <ProductionCode></ProductionCode>
  <Rating>8.0</Rating>
  <RatingCount>3</RatingCount>
  <SeasonNumber>1</SeasonNumber>
  <Writer></Writer>
  <absolute_number></absolute_number>
  <filename>episodes/83130/390566.jpg</filename>
  <lastupdated>1326977906</lastupdated>
  <seasonid>35381</seasonid>
  <seriesid>83130</seriesid>
</Episode>
<Episode>
  <id>4226999</id>
  <Combined_episodenumber>2.2</Combined_episodenumber>
  <Combined_season>1</Combined_season>
  <DVD_chapter></DVD_chapter>
  <DVD_discid></DVD_discid>
  <DVD_episodenumber>2.2</DVD_episodenumber>
  <DVD_season>1</DVD_season>
  <Director></Director>
  <EpImgFlag>2</EpImgFlag>
  <EpisodeName>The Priest Is Drunk</EpisodeName>
  <EpisodeNumber>4</EpisodeNumber>
  <FirstAired>2008-10-05</FirstAired>
  <GuestStars></GuestStars>
  <IMDB_ID></IMDB_ID>
  <Language>en</Language>
  <Overview>While at his girlfriends sister's wedding, Tim strikes up a conversation with an unconventional priest.</Overview>
  <ProductionCode></ProductionCode>
  <Rating>7.0</Rating>
  <RatingCount>1</RatingCount>
  <SeasonNumber>1</SeasonNumber>
  <Writer></Writer>
  <absolute_number></absolute_number>
  <filename>episodes/83130/4226999.jpg</filename>
  <lastupdated>1326977964</lastupdated>
  <seasonid>35381</seasonid>
  <seriesid>83130</seriesid>
</Episode>
<Episode>
  <id>390567</id>
  <Combined_episodenumber>3.1</Combined_episodenumber>
  <Combined_season>1</Combined_season>
  <DVD_chapter></DVD_chapter>
  <DVD_discid></DVD_discid>
  <DVD_episodenumber>3.1</DVD_episodenumber>
  <DVD_season>1</DVD_season>
  <Director></Director>
  <EpImgFlag>2</EpImgFlag>
  <EpisodeName>Senior Prom</EpisodeName>
  <EpisodeNumber>5</EpisodeNumber>
  <FirstAired>2008-10-12</FirstAired>
  <GuestStars></GuestStars>
  <IMDB_ID></IMDB_ID>
  <Language>en</Language>
  <Overview>In order to get a promotion, Tim agrees to take his boss's daughter to her senior prom.</Overview>
  <ProductionCode></ProductionCode>
  <Rating>8.0</Rating>
  <RatingCount>1</RatingCount>
  <SeasonNumber>1</SeasonNumber>
  <Writer></Writer>
  <absolute_number></absolute_number>
  <filename>episodes/83130/390567.jpg</filename>
  <lastupdated>1326977984</lastupdated>
  <seasonid>35381</seasonid>
  <seriesid>83130</seriesid>
</Episode>
<Episode>
  <id>4227000</id>
  <Combined_episodenumber>3.2</Combined_episodenumber>
  <Combined_season>1</Combined_season>
  <DVD_chapter></DVD_chapter>
  <DVD_discid></DVD_discid>
  <DVD_episodenumber>3.2</DVD_episodenumber>
  <DVD_season>1</DVD_season>
  <Director></Director>
  <EpImgFlag>2</EpImgFlag>
  <EpisodeName>Tim Fights an Old Man</EpisodeName>
  <EpisodeNumber>6</EpisodeNumber>
  <FirstAired>2008-10-12</FirstAired>
  <GuestStars></GuestStars>
  <IMDB_ID></IMDB_ID>
  <Language>en</Language>
  <Overview>Tim gets into fight with an elderly man, after trying to give him his seat on the bus.</Overview>
  <ProductionCode></ProductionCode>
  <Rating>7.0</Rating>
  <RatingCount>1</RatingCount>
  <SeasonNumber>1</SeasonNumber>
  <Writer></Writer>
  <absolute_number></absolute_number>
  <filename>episodes/83130/4227000.jpg</filename>
  <lastupdated>1326978044</lastupdated>
  <seasonid>35381</seasonid>
  <seriesid>83130</seriesid>
</Episode>
<Episode>
  <id>390568</id>
  <Combined_episodenumber>4.1</Combined_episodenumber>
  <Combined_season>1</Combined_season>
  <DVD_chapter></DVD_chapter>
  <DVD_discid></DVD_discid>
  <DVD_episodenumber>4.1</DVD_episodenumber>
  <DVD_season>1</DVD_season>
  <Director></Director>
  <EpImgFlag>2</EpImgFlag>
  <EpisodeName>Mad Dog Tim</EpisodeName>
  <EpisodeNumber>7</EpisodeNumber>
  <FirstAired>2008-10-19</FirstAired>
  <GuestStars></GuestStars>
  <IMDB_ID></IMDB_ID>
  <Language>en</Language>
  <Overview>Tim's co-workers give him a new nickname.</Overview>
  <ProductionCode></ProductionCode>
  <Rating>8.0</Rating>
  <RatingCount>1</RatingCount>
  <SeasonNumber>1</SeasonNumber>
  <Writer></Writer>
  <absolute_number></absolute_number>
  <filename>episodes/83130/390568.jpg</filename>
  <lastupdated>1326978063</lastupdated>
  <seasonid>35381</seasonid>
  <seriesid>83130</seriesid>
</Episode>
<Episode>
  <id>4227001</id>
  <Combined_episodenumber>4.2</Combined_episodenumber>
  <Combined_season>1</Combined_season>
  <DVD_chapter></DVD_chapter>
  <DVD_discid></DVD_discid>
  <DVD_episodenumber>4.2</DVD_episodenumber>
  <DVD_season>1</DVD_season>
  <Director></Director>
  <EpImgFlag>2</EpImgFlag>
  <EpisodeName>Monday Night Confession</EpisodeName>
  <EpisodeNumber>8</EpisodeNumber>
  <FirstAired>2008-10-19</FirstAired>
  <GuestStars></GuestStars>
  <IMDB_ID></IMDB_ID>
  <Language>en</Language>
  <Overview>While at a baptism, one of Tim's family members confesses something extremely embarrassing.</Overview>
  <ProductionCode></ProductionCode>
  <Rating>7.0</Rating>
  <RatingCount>1</RatingCount>
  <SeasonNumber>1</SeasonNumber>
  <Writer></Writer>
  <absolute_number></absolute_number>
  <filename>episodes/83130/4227001.jpg</filename>
  <lastupdated>1326978089</lastupdated>
  <seasonid>35381</seasonid>
  <seriesid>83130</seriesid>
</Episode>
<Episode>
  <id>390569</id>
  <Combined_episodenumber>5.1</Combined_episodenumber>
  <Combined_season>1</Combined_season>
  <DVD_chapter></DVD_chapter>
  <DVD_discid></DVD_discid>
  <DVD_episodenumber>5.1</DVD_episodenumber>
  <DVD_season>1</DVD_season>
  <Director></Director>
  <EpImgFlag>2</EpImgFlag>
  <EpisodeName>Tim, Stu and Marie</EpisodeName>
  <EpisodeNumber>9</EpisodeNumber>
  <FirstAired>2008-10-26</FirstAired>
  <GuestStars></GuestStars>
  <IMDB_ID></IMDB_ID>
  <Language>en</Language>
  <Overview>Stu invites Tim to join him on his first date with Marie, which Tim later regrets.</Overview>
  <ProductionCode></ProductionCode>
  <Rating></Rating>
  <RatingCount>0</RatingCount>
  <SeasonNumber>1</SeasonNumber>
  <Writer></Writer>
  <absolute_number></absolute_number>
  <filename>episodes/83130/390569.jpg</filename>
  <lastupdated>1327064096</lastupdated>
  <seasonid>35381</seasonid>
  <seriesid>83130</seriesid>
</Episode>
<Episode>
  <id>4227002</id>
  <Combined_episodenumber>5.2</Combined_episodenumber>
  <Combined_season>1</Combined_season>
  <DVD_chapter></DVD_chapter>
  <DVD_discid></DVD_discid>
  <DVD_episodenumber>5.2</DVD_episodenumber>
  <DVD_season>1</DVD_season>
  <Director></Director>
  <EpImgFlag>2</EpImgFlag>
  <EpisodeName>Miss February</EpisodeName>
  <EpisodeNumber>10</EpisodeNumber>
  <FirstAired>2008-10-26</FirstAired>
  <GuestStars></GuestStars>
  <IMDB_ID></IMDB_ID>
  <Language>en</Language>
  <Overview>While buying a Valentine's day gift for Amy, Tim makes a critical mistake.</Overview>
  <ProductionCode></ProductionCode>
  <Rating>9.0</Rating>
  <RatingCount>1</RatingCount>
  <SeasonNumber>1</SeasonNumber>
  <Writer></Writer>
  <absolute_number></absolute_number>
  <filename>episodes/83130/4227002.jpg</filename>
  <lastupdated>1329768313</lastupdated>
  <seasonid>35381</seasonid>
  <seriesid>83130</seriesid>
</Episode>
<Episode>
  <id>403253</id>
  <Combined_episodenumber>6.1</Combined_episodenumber>
  <Combined_season>1</Combined_season>
  <DVD_chapter></DVD_chapter>
  <DVD_discid></DVD_discid>
  <DVD_episodenumber>6.1</DVD_episodenumber>
  <DVD_season>1</DVD_season>
  <Director></Director>
  <EpImgFlag>2</EpImgFlag>
  <EpisodeName>Bashko's Hairy Daughter</EpisodeName>
  <EpisodeNumber>11</EpisodeNumber>
  <FirstAired>2008-11-02</FirstAired>
  <GuestStars></GuestStars>
  <IMDB_ID></IMDB_ID>
  <Language>en</Language>
  <Overview>Tim shows Bashko's daughter how to defend herself.</Overview>
  <ProductionCode></ProductionCode>
  <Rating>7.0</Rating>
  <RatingCount>1</RatingCount>
  <SeasonNumber>1</SeasonNumber>
  <Writer></Writer>
  <absolute_number></absolute_number>
  <filename>episodes/83130/403253.jpg</filename>
  <lastupdated>1326978217</lastupdated>
  <seasonid>35381</seasonid>
  <seriesid>83130</seriesid>
</Episode>
<Episode>
  <id>4227003</id>
  <Combined_episodenumber>6.2</Combined_episodenumber>
  <Combined_season>1</Combined_season>
  <DVD_chapter></DVD_chapter>
  <DVD_discid></DVD_discid>
  <DVD_episodenumber>6.2</DVD_episodenumber>
  <DVD_season>1</DVD_season>
  <Director></Director>
  <EpImgFlag>2</EpImgFlag>
  <EpisodeName>Tim's Not Singing</EpisodeName>
  <EpisodeNumber>12</EpisodeNumber>
  <FirstAired>2008-11-02</FirstAired>
  <GuestStars></GuestStars>
  <IMDB_ID></IMDB_ID>
  <Language>en</Language>
  <Overview>Debbie tries to help Tim out when he messes up with his co-workers.</Overview>
  <ProductionCode></ProductionCode>
  <Rating></Rating>
  <RatingCount>0</RatingCount>
  <SeasonNumber>1</SeasonNumber>
  <Writer></Writer>
  <absolute_number></absolute_number>
  <filename>episodes/83130/4227003.jpg</filename>
  <lastupdated>1326978238</lastupdated>
  <seasonid>35381</seasonid>
  <seriesid>83130</seriesid>
</Episode>
<Episode>
  <id>405003</id>
  <Combined_episodenumber>7.1</Combined_episodenumber>
  <Combined_season>1</Combined_season>
  <DVD_chapter></DVD_chapter>
  <DVD_discid></DVD_discid>
  <DVD_episodenumber>7.1</DVD_episodenumber>
  <DVD_season>1</DVD_season>
  <Director></Director>
  <EpImgFlag>2</EpImgFlag>
  <EpisodeName>Hottest Babes on the Planet</EpisodeName>
  <EpisodeNumber>13</EpisodeNumber>
  <FirstAired>2008-11-09</FirstAired>
  <GuestStars></GuestStars>
  <IMDB_ID></IMDB_ID>
  <Language>en</Language>
  <Overview>Rodney and Stu get Tim into trouble with an office prank.</Overview>
  <ProductionCode></ProductionCode>
  <Rating></Rating>
  <RatingCount>0</RatingCount>
  <SeasonNumber>1</SeasonNumber>
  <Writer></Writer>
  <absolute_number></absolute_number>
  <filename>episodes/83130/405003.jpg</filename>
  <lastupdated>1326978259</lastupdated>
  <seasonid>35381</seasonid>
  <seriesid>83130</seriesid>
</Episode>
<Episode>
  <id>4227004</id>
  <Combined_episodenumber>7.2</Combined_episodenumber>
  <Combined_season>1</Combined_season>
  <DVD_chapter></DVD_chapter>
  <DVD_discid></DVD_discid>
  <DVD_episodenumber>7.2</DVD_episodenumber>
  <DVD_season>1</DVD_season>
  <Director></Director>
  <EpImgFlag>2</EpImgFlag>
  <EpisodeName>Suck It Philly</EpisodeName>
  <EpisodeNumber>14</EpisodeNumber>
  <FirstAired>2008-11-09</FirstAired>
  <GuestStars></GuestStars>
  <IMDB_ID></IMDB_ID>
  <Language>en</Language>
  <Overview>Tim shows Amy's dad a good time.</Overview>
  <ProductionCode></ProductionCode>
  <Rating></Rating>
  <RatingCount>0</RatingCount>
  <SeasonNumber>1</SeasonNumber>
  <Writer></Writer>
  <absolute_number></absolute_number>
  <filename>episodes/83130/4227004.jpg</filename>
  <lastupdated>1326978279</lastupdated>
  <seasonid>35381</seasonid>
  <seriesid>83130</seriesid>
</Episode>
<Episode>
  <id>406833</id>
  <Combined_episodenumber>8.1</Combined_episodenumber>
  <Combined_season>1</Combined_season>
  <DVD_chapter></DVD_chapter>
  <DVD_discid></DVD_discid>
  <DVD_episodenumber>8.1</DVD_episodenumber>
  <DVD_season>1</DVD_season>
  <Director></Director>
  <EpImgFlag>2</EpImgFlag>
  <EpisodeName>Insurmountable High Score</EpisodeName>
  <EpisodeNumber>15</EpisodeNumber>
  <FirstAired>2008-11-16</FirstAired>
  <GuestStars></GuestStars>
  <IMDB_ID></IMDB_ID>
  <Language>en</Language>
  <Overview>Tim's motivational speech at the office effects the mail guy's life in a bad way.</Overview>
  <ProductionCode></ProductionCode>
  <Rating>9.0</Rating>
  <RatingCount>1</RatingCount>
  <SeasonNumber>1</SeasonNumber>
  <Writer></Writer>
  <absolute_number></absolute_number>
  <filename>episodes/83130/406833.jpg</filename>
  <lastupdated>1329768333</lastupdated>
  <seasonid>35381</seasonid>
  <seriesid>83130</seriesid>
</Episode>
<Episode>
  <id>4227005</id>
  <Combined_episodenumber>8.2</Combined_episodenumber>
  <Combined_season>1</Combined_season>
  <DVD_chapter></DVD_chapter>
  <DVD_discid></DVD_discid>
  <DVD_episodenumber>8.2</DVD_episodenumber>
  <DVD_season>1</DVD_season>
  <Director></Director>
  <EpImgFlag>2</EpImgFlag>
  <EpisodeName>Tim vs. the Baby</EpisodeName>
  <EpisodeNumber>16</EpisodeNumber>
  <FirstAired>2008-11-16</FirstAired>
  <GuestStars></GuestStars>
  <IMDB_ID></IMDB_ID>
  <Language>en</Language>
  <Overview>Amy begins to think that Tim is anti-baby.</Overview>
  <ProductionCode></ProductionCode>
  <Rating></Rating>
  <RatingCount>0</RatingCount>
  <SeasonNumber>1</SeasonNumber>
  <Writer></Writer>
  <absolute_number></absolute_number>
  <filename>episodes/83130/4227005.jpg</filename>
  <lastupdated>1329768342</lastupdated>
  <seasonid>35381</seasonid>
  <seriesid>83130</seriesid>
</Episode>
<Episode>
  <id>406834</id>
  <Combined_episodenumber>9.1</Combined_episodenumber>
  <Combined_season>1</Combined_season>
  <DVD_chapter></DVD_chapter>
  <DVD_discid></DVD_discid>
  <DVD_episodenumber>9.1</DVD_episodenumber>
  <DVD_season>1</DVD_season>
  <Director></Director>
  <EpImgFlag>2</EpImgFlag>
  <EpisodeName>Mugger</EpisodeName>
  <EpisodeNumber>17</EpisodeNumber>
  <FirstAired>2008-11-23</FirstAired>
  <GuestStars></GuestStars>
  <IMDB_ID></IMDB_ID>
  <Language>en</Language>
  <Overview>Tim ruins a mugger's life after he was attacked on the subway.</Overview>
  <ProductionCode></ProductionCode>
  <Rating>8.0</Rating>
  <RatingCount>2</RatingCount>
  <SeasonNumber>1</SeasonNumber>
  <Writer></Writer>
  <absolute_number></absolute_number>
  <filename>episodes/83130/406834.jpg</filename>
  <lastupdated>1326978325</lastupdated>
  <seasonid>35381</seasonid>
  <seriesid>83130</seriesid>
</Episode>
<Episode>
  <id>4227006</id>
  <Combined_episodenumber>9.2</Combined_episodenumber>
  <Combined_season>1</Combined_season>
  <DVD_chapter></DVD_chapter>
  <DVD_discid></DVD_discid>
  <DVD_episodenumber>9.2</DVD_episodenumber>
  <DVD_season>1</DVD_season>
  <Director></Director>
  <EpImgFlag>2</EpImgFlag>
  <EpisodeName>Cin City</EpisodeName>
  <EpisodeNumber>18</EpisodeNumber>
  <FirstAired>2008-11-23</FirstAired>
  <GuestStars></GuestStars>
  <IMDB_ID></IMDB_ID>
  <Language>en</Language>
  <Overview>Tim is sent on business trip with one of his older co-workers.</Overview>
  <ProductionCode></ProductionCode>
  <Rating>8.0</Rating>
  <RatingCount>1</RatingCount>
  <SeasonNumber>1</SeasonNumber>
  <Writer></Writer>
  <absolute_number></absolute_number>
  <filename>episodes/83130/4227006.jpg</filename>
  <lastupdated>1326978342</lastupdated>
  <seasonid>35381</seasonid>
  <seriesid>83130</seriesid>
</Episode>
<Episode>
  <id>409507</id>
  <Combined_episodenumber>10.1</Combined_episodenumber>
  <Combined_season>1</Combined_season>
  <DVD_chapter></DVD_chapter>
  <DVD_discid></DVD_discid>
  <DVD_episodenumber>10.1</DVD_episodenumber>
  <DVD_season>1</DVD_season>
  <Director></Director>
  <EpImgFlag>2</EpImgFlag>
  <EpisodeName>Theo Strikes Back</EpisodeName>
  <EpisodeNumber>19</EpisodeNumber>
  <FirstAired>2008-11-30</FirstAired>
  <GuestStars></GuestStars>
  <IMDB_ID></IMDB_ID>
  <Language>en</Language>
  <Overview>Tim's boss accuses him of having an affair with his wife, after the IT guy tells him so.</Overview>
  <ProductionCode></ProductionCode>
  <Rating></Rating>
  <RatingCount>0</RatingCount>
  <SeasonNumber>1</SeasonNumber>
  <Writer></Writer>
  <absolute_number></absolute_number>
  <filename>episodes/83130/409507.jpg</filename>
  <lastupdated>1329768359</lastupdated>
  <seasonid>35381</seasonid>
  <seriesid>83130</seriesid>
</Episode>
<Episode>
  <id>4227007</id>
  <Combined_episodenumber>10.2</Combined_episodenumber>
  <Combined_season>1</Combined_season>
  <DVD_chapter></DVD_chapter>
  <DVD_discid></DVD_discid>
  <DVD_episodenumber>10.2</DVD_episodenumber>
  <DVD_season>1</DVD_season>
  <Director></Director>
  <EpImgFlag>2</EpImgFlag>
  <EpisodeName>Amy Gets Wasted</EpisodeName>
  <EpisodeNumber>20</EpisodeNumber>
  <FirstAired>2008-11-30</FirstAired>
  <GuestStars></GuestStars>
  <IMDB_ID></IMDB_ID>
  <Language>en</Language>
  <Overview>Amy gives Tim a free pass, where he can sleep with any woman he wants, after Amy has a drunken affair.</Overview>
  <ProductionCode></ProductionCode>
  <Rating></Rating>
  <RatingCount>0</RatingCount>
  <SeasonNumber>1</SeasonNumber>
  <Writer></Writer>
  <absolute_number></absolute_number>
  <filename>episodes/83130/4227007.jpg</filename>
  <lastupdated>1329768382</lastupdated>
  <seasonid>35381</seasonid>
  <seriesid>83130</seriesid>
</Episode>
<Episode>
  <id>1666821</id>
  <Combined_episodenumber>1.1</Combined_episodenumber>
  <Combined_season>2</Combined_season>
  <DVD_chapter></DVD_chapter>
  <DVD_discid></DVD_discid>
  <DVD_episodenumber>1.1</DVD_episodenumber>
  <DVD_season>2</DVD_season>
  <Director></Director>
  <EpImgFlag>2</EpImgFlag>
  <EpisodeName>Tim's Beard</EpisodeName>
  <EpisodeNumber>1</EpisodeNumber>
  <FirstAired>2010-02-19</FirstAired>
  <GuestStars>|Will Forte|Tony Hale|</GuestStars>
  <IMDB_ID></IMDB_ID>
  <Language>en</Language>
  <Overview>While going through a rough patch after breaking up with Amy, at work Tim is threatened with being replaced by a hobo named Vince.</Overview>
  <ProductionCode></ProductionCode>
  <Rating>8.3</Rating>
  <RatingCount>3</RatingCount>
  <SeasonNumber>2</SeasonNumber>
  <Writer></Writer>
  <absolute_number></absolute_number>
  <filename>episodes/83130/1666821.jpg</filename>
  <lastupdated>1329768482</lastupdated>
  <seasonid>186311</seasonid>
  <seriesid>83130</seriesid>
</Episode>
<Episode>
  <id>4227008</id>
  <Combined_episodenumber>1.2</Combined_episodenumber>
  <Combined_season>2</Combined_season>
  <DVD_chapter></DVD_chapter>
  <DVD_discid></DVD_discid>
  <DVD_episodenumber>1.2</DVD_episodenumber>
  <DVD_season>2</DVD_season>
  <Director></Director>
  <EpImgFlag>2</EpImgFlag>
  <EpisodeName>Unjustly Neglected Drama</EpisodeName>
  <EpisodeNumber>2</EpisodeNumber>
  <FirstAired>2010-02-19</FirstAired>
  <GuestStars></GuestStars>
  <IMDB_ID></IMDB_ID>
  <Language>en</Language>
  <Overview>Stu's pot dealer invites Tim and Stu to a play that he is in. </Overview>
  <ProductionCode></ProductionCode>
  <Rating>9.0</Rating>
  <RatingCount>1</RatingCount>
  <SeasonNumber>2</SeasonNumber>
  <Writer></Writer>
  <absolute_number></absolute_number>
  <filename>episodes/83130/4227008.jpg</filename>
  <lastupdated>1326978711</lastupdated>
  <seasonid>186311</seasonid>
  <seriesid>83130</seriesid>
</Episode>
<Episode>
  <id>1666831</id>
  <Combined_episodenumber>2.1</Combined_episodenumber>
  <Combined_season>2</Combined_season>
  <DVD_chapter></DVD_chapter>
  <DVD_discid></DVD_discid>
  <DVD_episodenumber>2.1</DVD_episodenumber>
  <DVD_season>2</DVD_season>
  <Director></Director>
  <EpImgFlag>2</EpImgFlag>
  <EpisodeName>The Comeback Sermon</EpisodeName>
  <EpisodeNumber>3</EpisodeNumber>
  <FirstAired>2010-02-26</FirstAired>
  <GuestStars></GuestStars>
  <IMDB_ID></IMDB_ID>
  <Language>en</Language>
  <Overview>Searching for a place to crash, Tim ends up staying with the priest.</Overview>
  <ProductionCode></ProductionCode>
  <Rating>8.0</Rating>
  <RatingCount>2</RatingCount>
  <SeasonNumber>2</SeasonNumber>
  <Writer></Writer>
  <absolute_number></absolute_number>
  <filename>episodes/83130/1666831.jpg</filename>
  <lastupdated>1326978874</lastupdated>
  <seasonid>186311</seasonid>
  <seriesid>83130</seriesid>
</Episode>
<Episode>
  <id>4227009</id>
  <Combined_episodenumber>2.2</Combined_episodenumber>
  <Combined_season>2</Combined_season>
  <DVD_chapter></DVD_chapter>
  <DVD_discid></DVD_discid>
  <DVD_episodenumber>2.2</DVD_episodenumber>
  <DVD_season>2</DVD_season>
  <Director></Director>
  <EpImgFlag>2</EpImgFlag>
  <EpisodeName>Atlantic City</EpisodeName>
  <EpisodeNumber>4</EpisodeNumber>
  <FirstAired>2010-02-26</FirstAired>
  <GuestStars></GuestStars>
  <IMDB_ID></IMDB_ID>
  <Language>en</Language>
  <Overview>Tim, Stu and Rodney visit Atlantic City to gamble and get girls.</Overview>
  <ProductionCode></ProductionCode>
  <Rating>6.0</Rating>
  <RatingCount>1</RatingCount>
  <SeasonNumber>2</SeasonNumber>
  <Writer></Writer>
  <absolute_number></absolute_number>
  <filename>episodes/83130/4227009.jpg</filename>
  <lastupdated>1326979082</lastupdated>
  <seasonid>186311</seasonid>
  <seriesid>83130</seriesid>
</Episode>
<Episode>
  <id>1708861</id>
  <Combined_episodenumber>3.1</Combined_episodenumber>
  <Combined_season>2</Combined_season>
  <DVD_chapter></DVD_chapter>
  <DVD_discid></DVD_discid>
  <DVD_episodenumber>3.1</DVD_episodenumber>
  <DVD_season>2</DVD_season>
  <Director></Director>
  <EpImgFlag>2</EpImgFlag>
  <EpisodeName>Legend of the Month</EpisodeName>
  <EpisodeNumber>5</EpisodeNumber>
  <FirstAired>2010-03-05</FirstAired>
  <GuestStars>|Cheri Oteri|</GuestStars>
  <IMDB_ID></IMDB_ID>
  <Language>en</Language>
  <Overview>Tim agrees to make a female firefighter look good by being carried out of an apartment fire.</Overview>
  <ProductionCode></ProductionCode>
  <Rating>9.0</Rating>
  <RatingCount>1</RatingCount>
  <SeasonNumber>2</SeasonNumber>
  <Writer></Writer>
  <absolute_number></absolute_number>
  <filename>episodes/83130/1708861.jpg</filename>
  <lastupdated>1326979095</lastupdated>
  <seasonid>186311</seasonid>
  <seriesid>83130</seriesid>
</Episode>
<Episode>
  <id>4227010</id>
  <Combined_episodenumber>3.2</Combined_episodenumber>
  <Combined_season>2</Combined_season>
  <DVD_chapter></DVD_chapter>
  <DVD_discid></DVD_discid>
  <DVD_episodenumber>3.2</DVD_episodenumber>
  <DVD_season>2</DVD_season>
  <Director></Director>
  <EpImgFlag>2</EpImgFlag>
  <EpisodeName>Marie's Dead Husband</EpisodeName>
  <EpisodeNumber>6</EpisodeNumber>
  <FirstAired>2010-03-05</FirstAired>
  <GuestStars></GuestStars>
  <IMDB_ID></IMDB_ID>
  <Language>en</Language>
  <Overview>Tim is dragged into trouble after writing a note on a condolence card signed by his co-workers for Marie.</Overview>
  <ProductionCode></ProductionCode>
  <Rating>7.0</Rating>
  <RatingCount>1</RatingCount>
  <SeasonNumber>2</SeasonNumber>
  <Writer></Writer>
  <absolute_number></absolute_number>
  <filename>episodes/83130/4227010.jpg</filename>
  <lastupdated>1326979169</lastupdated>
  <seasonid>186311</seasonid>
  <seriesid>83130</seriesid>
</Episode>
<Episode>
  <id>1708871</id>
  <Combined_episodenumber>4.1</Combined_episodenumber>
  <Combined_season>2</Combined_season>
  <DVD_chapter></DVD_chapter>
  <DVD_discid></DVD_discid>
  <DVD_episodenumber>4.1</DVD_episodenumber>
  <DVD_season>2</DVD_season>
  <Director></Director>
  <EpImgFlag>2</EpImgFlag>
  <EpisodeName>The Girl Scout Incident</EpisodeName>
  <EpisodeNumber>7</EpisodeNumber>
  <FirstAired>2010-03-12</FirstAired>
  <GuestStars></GuestStars>
  <IMDB_ID></IMDB_ID>
  <Language>en</Language>
  <Overview>After being labeled &quot;child hater&quot; by co-workers, Tim is set to show them wrong.</Overview>
  <ProductionCode></ProductionCode>
  <Rating>9.0</Rating>
  <RatingCount>1</RatingCount>
  <SeasonNumber>2</SeasonNumber>
  <Writer></Writer>
  <absolute_number></absolute_number>
  <filename>episodes/83130/1708871.jpg</filename>
  <lastupdated>1326979264</lastupdated>
  <seasonid>186311</seasonid>
  <seriesid>83130</seriesid>
</Episode>
<Episode>
  <id>4227011</id>
  <Combined_episodenumber>4.2</Combined_episodenumber>
  <Combined_season>2</Combined_season>
  <DVD_chapter></DVD_chapter>
  <DVD_discid></DVD_discid>
  <DVD_episodenumber>4.2</DVD_episodenumber>
  <DVD_season>2</DVD_season>
  <Director></Director>
  <EpImgFlag>2</EpImgFlag>
  <EpisodeName>Rodney Has A Wife</EpisodeName>
  <EpisodeNumber>8</EpisodeNumber>
  <FirstAired>2010-03-12</FirstAired>
  <GuestStars></GuestStars>
  <IMDB_ID></IMDB_ID>
  <Language>en</Language>
  <Overview>Rodney finds out that his wife is cheating on him.</Overview>
  <ProductionCode></ProductionCode>
  <Rating>7.0</Rating>
  <RatingCount>1</RatingCount>
  <SeasonNumber>2</SeasonNumber>
  <Writer></Writer>
  <absolute_number></absolute_number>
  <filename>episodes/83130/4227011.jpg</filename>
  <lastupdated>1326979325</lastupdated>
  <seasonid>186311</seasonid>
  <seriesid>83130</seriesid>
</Episode>
<Episode>
  <id>1914641</id>
  <Combined_episodenumber>5.1</Combined_episodenumber>
  <Combined_season>2</Combined_season>
  <DVD_chapter></DVD_chapter>
  <DVD_discid></DVD_discid>
  <DVD_episodenumber>5.1</DVD_episodenumber>
  <DVD_season>2</DVD_season>
  <Director></Director>
  <EpImgFlag>2</EpImgFlag>
  <EpisodeName>Pharmaceutical Sales Rep Gone Wild</EpisodeName>
  <EpisodeNumber>9</EpisodeNumber>
  <FirstAired>2010-03-19</FirstAired>
  <GuestStars></GuestStars>
  <IMDB_ID></IMDB_ID>
  <Language>en</Language>
  <Overview>Tim is caught in the middle of a battle between a sleazy doctor and a suicidal pharmaceutical sales rep.</Overview>
  <ProductionCode></ProductionCode>
  <Rating>8.0</Rating>
  <RatingCount>2</RatingCount>
  <SeasonNumber>2</SeasonNumber>
  <Writer></Writer>
  <absolute_number></absolute_number>
  <filename>episodes/83130/1914641.jpg</filename>
  <lastupdated>1326979411</lastupdated>
  <seasonid>186311</seasonid>
  <seriesid>83130</seriesid>
</Episode>
<Episode>
  <id>4227012</id>
  <Combined_episodenumber>5.2</Combined_episodenumber>
  <Combined_season>2</Combined_season>
  <DVD_chapter></DVD_chapter>
  <DVD_discid></DVD_discid>
  <DVD_episodenumber>5.2</DVD_episodenumber>
  <DVD_season>2</DVD_season>
  <Director></Director>
  <EpImgFlag>2</EpImgFlag>
  <EpisodeName>Amy's Got a Gun</EpisodeName>
  <EpisodeNumber>10</EpisodeNumber>
  <FirstAired>2010-03-19</FirstAired>
  <GuestStars></GuestStars>
  <IMDB_ID></IMDB_ID>
  <Language>en</Language>
  <Overview>Amy goes overboard when she buys a gun.</Overview>
  <ProductionCode></ProductionCode>
  <Rating>8.0</Rating>
  <RatingCount>1</RatingCount>
  <SeasonNumber>2</SeasonNumber>
  <Writer></Writer>
  <absolute_number></absolute_number>
  <filename>episodes/83130/4227012.jpg</filename>
  <lastupdated>1326979530</lastupdated>
  <seasonid>186311</seasonid>
  <seriesid>83130</seriesid>
</Episode>
<Episode>
  <id>1914651</id>
  <Combined_episodenumber>6.1</Combined_episodenumber>
  <Combined_season>2</Combined_season>
  <DVD_chapter></DVD_chapter>
  <DVD_discid></DVD_discid>
  <DVD_episodenumber>6.1</DVD_episodenumber>
  <DVD_season>2</DVD_season>
  <Director></Director>
  <EpImgFlag>2</EpImgFlag>
  <EpisodeName>The Salty Jazz</EpisodeName>
  <EpisodeNumber>11</EpisodeNumber>
  <FirstAired>2010-03-26</FirstAired>
  <GuestStars></GuestStars>
  <IMDB_ID></IMDB_ID>
  <Language>en</Language>
  <Overview>The Boss goes to a jazz club with Tim, Stu and Rodney.</Overview>
  <ProductionCode></ProductionCode>
  <Rating>7.0</Rating>
  <RatingCount>1</RatingCount>
  <SeasonNumber>2</SeasonNumber>
  <Writer></Writer>
  <absolute_number></absolute_number>
  <filename>episodes/83130/1914651.jpg</filename>
  <lastupdated>1326979632</lastupdated>
  <seasonid>186311</seasonid>
  <seriesid>83130</seriesid>
</Episode>
<Episode>
  <id>4227013</id>
  <Combined_episodenumber>6.2</Combined_episodenumber>
  <Combined_season>2</Combined_season>
  <DVD_chapter></DVD_chapter>
  <DVD_discid></DVD_discid>
  <DVD_episodenumber>6.2</DVD_episodenumber>
  <DVD_season>2</DVD_season>
  <Director></Director>
  <EpImgFlag>2</EpImgFlag>
  <EpisodeName>Jews Love to Laugh</EpisodeName>
  <EpisodeNumber>12</EpisodeNumber>
  <FirstAired>2010-03-26</FirstAired>
  <GuestStars></GuestStars>
  <IMDB_ID></IMDB_ID>
  <Language>en</Language>
  <Overview>Amy's colleague comes to regret his purchase of Tim's favorite bar.</Overview>
  <ProductionCode></ProductionCode>
  <Rating>9.0</Rating>
  <RatingCount>1</RatingCount>
  <SeasonNumber>2</SeasonNumber>
  <Writer></Writer>
  <absolute_number></absolute_number>
  <filename>episodes/83130/4227013.jpg</filename>
  <lastupdated>1326979763</lastupdated>
  <seasonid>186311</seasonid>
  <seriesid>83130</seriesid>
</Episode>
<Episode>
  <id>1914661</id>
  <Combined_episodenumber>7.1</Combined_episodenumber>
  <Combined_season>2</Combined_season>
  <DVD_chapter></DVD_chapter>
  <DVD_discid></DVD_discid>
  <DVD_episodenumber>7.1</DVD_episodenumber>
  <DVD_season>2</DVD_season>
  <Director></Director>
  <EpImgFlag>2</EpImgFlag>
  <EpisodeName>Nagging Blonde</EpisodeName>
  <EpisodeNumber>13</EpisodeNumber>
  <FirstAired>2010-04-09</FirstAired>
  <GuestStars></GuestStars>
  <IMDB_ID></IMDB_ID>
  <Language>en</Language>
  <Overview>Tim goes to the races and finds inspiration from Amy.</Overview>
  <ProductionCode></ProductionCode>
  <Rating>9.0</Rating>
  <RatingCount>2</RatingCount>
  <SeasonNumber>2</SeasonNumber>
  <Writer></Writer>
  <absolute_number></absolute_number>
  <filename>episodes/83130/1914661.jpg</filename>
  <lastupdated>1326979854</lastupdated>
  <seasonid>186311</seasonid>
  <seriesid>83130</seriesid>
</Episode>
<Episode>
  <id>4227014</id>
  <Combined_episodenumber>7.2</Combined_episodenumber>
  <Combined_season>2</Combined_season>
  <DVD_chapter></DVD_chapter>
  <DVD_discid></DVD_discid>
  <DVD_episodenumber>7.2</DVD_episodenumber>
  <DVD_season>2</DVD_season>
  <Director></Director>
  <EpImgFlag>2</EpImgFlag>
  <EpisodeName>Elephant</EpisodeName>
  <EpisodeNumber>14</EpisodeNumber>
  <FirstAired>2010-04-09</FirstAired>
  <GuestStars></GuestStars>
  <IMDB_ID></IMDB_ID>
  <Language>en</Language>
  <Overview>Tim upsets an elephant trainer.</Overview>
  <ProductionCode></ProductionCode>
  <Rating>8.0</Rating>
  <RatingCount>1</RatingCount>
  <SeasonNumber>2</SeasonNumber>
  <Writer></Writer>
  <absolute_number></absolute_number>
  <filename>episodes/83130/4227014.jpg</filename>
  <lastupdated>1329768517</lastupdated>
  <seasonid>186311</seasonid>
  <seriesid>83130</seriesid>
</Episode>
<Episode>
  <id>1914671</id>
  <Combined_episodenumber>8.1</Combined_episodenumber>
  <Combined_season>2</Combined_season>
  <DVD_chapter></DVD_chapter>
  <DVD_discid></DVD_discid>
  <DVD_episodenumber>8.1</DVD_episodenumber>
  <DVD_season>2</DVD_season>
  <Director></Director>
  <EpImgFlag>2</EpImgFlag>
  <EpisodeName>Debbie's Mom</EpisodeName>
  <EpisodeNumber>15</EpisodeNumber>
  <FirstAired>2010-04-16</FirstAired>
  <GuestStars></GuestStars>
  <IMDB_ID></IMDB_ID>
  <Language>en</Language>
  <Overview>Debbie becomes a palm reader.</Overview>
  <ProductionCode></ProductionCode>
  <Rating>6.5</Rating>
  <RatingCount>2</RatingCount>
  <SeasonNumber>2</SeasonNumber>
  <Writer></Writer>
  <absolute_number></absolute_number>
  <filename>episodes/83130/1914671.jpg</filename>
  <lastupdated>1326980036</lastupdated>
  <seasonid>186311</seasonid>
  <seriesid>83130</seriesid>
</Episode>
<Episode>
  <id>4227015</id>
  <Combined_episodenumber>8.2</Combined_episodenumber>
  <Combined_season>2</Combined_season>
  <DVD_chapter></DVD_chapter>
  <DVD_discid></DVD_discid>
  <DVD_episodenumber>8.2</DVD_episodenumber>
  <DVD_season>2</DVD_season>
  <Director></Director>
  <EpImgFlag>2</EpImgFlag>
  <EpisodeName>Escape Artist</EpisodeName>
  <EpisodeNumber>16</EpisodeNumber>
  <FirstAired>2010-04-16</FirstAired>
  <GuestStars></GuestStars>
  <IMDB_ID></IMDB_ID>
  <Language>en</Language>
  <Overview>Tim ruins the career of an escape artist.</Overview>
  <ProductionCode></ProductionCode>
  <Rating>8.0</Rating>
  <RatingCount>1</RatingCount>
  <SeasonNumber>2</SeasonNumber>
  <Writer></Writer>
  <absolute_number></absolute_number>
  <filename>episodes/83130/4227015.jpg</filename>
  <lastupdated>1326980104</lastupdated>
  <seasonid>186311</seasonid>
  <seriesid>83130</seriesid>
</Episode>
<Episode>
  <id>1914681</id>
  <Combined_episodenumber>9.1</Combined_episodenumber>
  <Combined_season>2</Combined_season>
  <DVD_chapter></DVD_chapter>
  <DVD_discid></DVD_discid>
  <DVD_episodenumber>9.1</DVD_episodenumber>
  <DVD_season>2</DVD_season>
  <Director></Director>
  <EpImgFlag>2</EpImgFlag>
  <EpisodeName>Personality Disorder</EpisodeName>
  <EpisodeNumber>17</EpisodeNumber>
  <FirstAired>2010-04-23</FirstAired>
  <GuestStars></GuestStars>
  <IMDB_ID></IMDB_ID>
  <Language>en</Language>
  <Overview>Tim's Halloween costume is misinterpreted.</Overview>
  <ProductionCode></ProductionCode>
  <Rating>9.0</Rating>
  <RatingCount>1</RatingCount>
  <SeasonNumber>2</SeasonNumber>
  <Writer></Writer>
  <absolute_number></absolute_number>
  <filename>episodes/83130/1914681.jpg</filename>
  <lastupdated>1326980183</lastupdated>
  <seasonid>186311</seasonid>
  <seriesid>83130</seriesid>
</Episode>
<Episode>
  <id>4227016</id>
  <Combined_episodenumber>9.2</Combined_episodenumber>
  <Combined_season>2</Combined_season>
  <DVD_chapter></DVD_chapter>
  <DVD_discid></DVD_discid>
  <DVD_episodenumber>9.2</DVD_episodenumber>
  <DVD_season>2</DVD_season>
  <Director></Director>
  <EpImgFlag>2</EpImgFlag>
  <EpisodeName>Stu is Good at Something</EpisodeName>
  <EpisodeNumber>18</EpisodeNumber>
  <FirstAired>2010-04-23</FirstAired>
  <GuestStars></GuestStars>
  <IMDB_ID></IMDB_ID>
  <Language>en</Language>
  <Overview>Stu uses his newfound table tennis skills to attract women.</Overview>
  <ProductionCode></ProductionCode>
  <Rating>8.0</Rating>
  <RatingCount>1</RatingCount>
  <SeasonNumber>2</SeasonNumber>
  <Writer></Writer>
  <absolute_number></absolute_number>
  <filename>episodes/83130/4227016.jpg</filename>
  <lastupdated>1326980251</lastupdated>
  <seasonid>186311</seasonid>
  <seriesid>83130</seriesid>
</Episode>
<Episode>
  <id>2142571</id>
  <Combined_episodenumber>10.1</Combined_episodenumber>
  <Combined_season>2</Combined_season>
  <DVD_chapter></DVD_chapter>
  <DVD_discid></DVD_discid>
  <DVD_episodenumber>10.1</DVD_episodenumber>
  <DVD_season>2</DVD_season>
  <Director></Director>
  <EpImgFlag>2</EpImgFlag>
  <EpisodeName>London Calling</EpisodeName>
  <EpisodeNumber>19</EpisodeNumber>
  <FirstAired>2010-04-30</FirstAired>
  <GuestStars></GuestStars>
  <IMDB_ID></IMDB_ID>
  <Language>en</Language>
  <Overview>Tim loses his job when the chairman of omnicorp flies in from the UK.</Overview>
  <ProductionCode></ProductionCode>
  <Rating>8.0</Rating>
  <RatingCount>1</RatingCount>
  <SeasonNumber>2</SeasonNumber>
  <Writer></Writer>
  <absolute_number></absolute_number>
  <filename>episodes/83130/2142571.jpg</filename>
  <lastupdated>1326980322</lastupdated>
  <seasonid>186311</seasonid>
  <seriesid>83130</seriesid>
</Episode>
<Episode>
  <id>4227017</id>
  <Combined_episodenumber>10.2</Combined_episodenumber>
  <Combined_season>2</Combined_season>
  <DVD_chapter></DVD_chapter>
  <DVD_discid></DVD_discid>
  <DVD_episodenumber>10.2</DVD_episodenumber>
  <DVD_season>2</DVD_season>
  <Director></Director>
  <EpImgFlag>2</EpImgFlag>
  <EpisodeName>Novelist</EpisodeName>
  <EpisodeNumber>20</EpisodeNumber>
  <FirstAired>2010-04-30</FirstAired>
  <GuestStars></GuestStars>
  <IMDB_ID></IMDB_ID>
  <Language>en</Language>
  <Overview>Tim befriends a well known Novelist.</Overview>
  <ProductionCode></ProductionCode>
  <Rating>9.0</Rating>
  <RatingCount>1</RatingCount>
  <SeasonNumber>2</SeasonNumber>
  <Writer></Writer>
  <absolute_number></absolute_number>
  <filename>episodes/83130/4227017.jpg</filename>
  <lastupdated>1326980449</lastupdated>
  <seasonid>186311</seasonid>
  <seriesid>83130</seriesid>
</Episode>
<Episode>
  <id>4227018</id>
  <Combined_episodenumber>1.1</Combined_episodenumber>
  <Combined_season>3</Combined_season>
  <DVD_chapter></DVD_chapter>
  <DVD_discid></DVD_discid>
  <DVD_episodenumber>1.1</DVD_episodenumber>
  <DVD_season>3</DVD_season>
  <Director></Director>
  <EpImgFlag>2</EpImgFlag>
  <EpisodeName>The Model from Newark</EpisodeName>
  <EpisodeNumber>1</EpisodeNumber>
  <FirstAired>2011-12-16</FirstAired>
  <GuestStars></GuestStars>
  <IMDB_ID></IMDB_ID>
  <Language>en</Language>
  <Overview>Tim finds work as an assistant to a women's professional-basketball player.</Overview>
  <ProductionCode></ProductionCode>
  <Rating>6.8</Rating>
  <RatingCount>4</RatingCount>
  <SeasonNumber>3</SeasonNumber>
  <Writer></Writer>
  <absolute_number></absolute_number>
  <filename>episodes/83130/4227018.jpg</filename>
  <lastupdated>1326980696</lastupdated>
  <seasonid>472921</seasonid>
  <seriesid>83130</seriesid>
</Episode>
<Episode>
  <id>4227022</id>
  <Combined_episodenumber>1.2</Combined_episodenumber>
  <Combined_season>3</Combined_season>
  <DVD_chapter></DVD_chapter>
  <DVD_discid></DVD_discid>
  <DVD_episodenumber>1.2</DVD_episodenumber>
  <DVD_season>3</DVD_season>
  <Director></Director>
  <EpImgFlag>2</EpImgFlag>
  <EpisodeName>Tim's Hair Looks Amazing</EpisodeName>
  <EpisodeNumber>2</EpisodeNumber>
  <FirstAired>2011-12-16</FirstAired>
  <GuestStars></GuestStars>
  <IMDB_ID></IMDB_ID>
  <Language>en</Language>
  <Overview>Tim decides he needs a haircut for a job interview.</Overview>
  <ProductionCode></ProductionCode>
  <Rating>6.7</Rating>
  <RatingCount>3</RatingCount>
  <SeasonNumber>3</SeasonNumber>
  <Writer></Writer>
  <absolute_number></absolute_number>
  <filename>episodes/83130/4227022.jpg</filename>
  <lastupdated>1326980811</lastupdated>
  <seasonid>472921</seasonid>
  <seriesid>83130</seriesid>
</Episode>
<Episode>
  <id>4227019</id>
  <Combined_episodenumber>2.1</Combined_episodenumber>
  <Combined_season>3</Combined_season>
  <DVD_chapter></DVD_chapter>
  <DVD_discid></DVD_discid>
  <DVD_episodenumber>2.1</DVD_episodenumber>
  <DVD_season>3</DVD_season>
  <Director></Director>
  <EpImgFlag>2</EpImgFlag>
  <EpisodeName>Percey Davis Boulevard</EpisodeName>
  <EpisodeNumber>3</EpisodeNumber>
  <FirstAired>2011-12-23</FirstAired>
  <GuestStars></GuestStars>
  <IMDB_ID></IMDB_ID>
  <Language>en</Language>
  <Overview>Tim helps out with a ceremony for the Boss when he gets a city block named after him.</Overview>
  <ProductionCode></ProductionCode>
  <Rating>8.7</Rating>
  <RatingCount>3</RatingCount>
  <SeasonNumber>3</SeasonNumber>
  <Writer></Writer>
  <absolute_number></absolute_number>
  <filename>episodes/83130/4227019.jpg</filename>
  <lastupdated>1326980944</lastupdated>
  <seasonid>472921</seasonid>
  <seriesid>83130</seriesid>
</Episode>
<Episode>
  <id>4227021</id>
  <Combined_episodenumber>2.2</Combined_episodenumber>
  <Combined_season>3</Combined_season>
  <DVD_chapter></DVD_chapter>
  <DVD_discid></DVD_discid>
  <DVD_episodenumber>2.2</DVD_episodenumber>
  <DVD_season>3</DVD_season>
  <Director></Director>
  <EpImgFlag>2</EpImgFlag>
  <EpisodeName>Cool Uncle Stu Balls</EpisodeName>
  <EpisodeNumber>4</EpisodeNumber>
  <FirstAired>2011-12-23</FirstAired>
  <GuestStars></GuestStars>
  <IMDB_ID></IMDB_ID>
  <Language>en</Language>
  <Overview>Stu suspects his once-adoring nephew has changed his attitude since his Bar Mitzvah.</Overview>
  <ProductionCode></ProductionCode>
  <Rating>7.7</Rating>
  <RatingCount>3</RatingCount>
  <SeasonNumber>3</SeasonNumber>
  <Writer></Writer>
  <absolute_number></absolute_number>
  <filename>episodes/83130/4227021.jpg</filename>
  <lastupdated>1327195071</lastupdated>
  <seasonid>472921</seasonid>
  <seriesid>83130</seriesid>
</Episode>
<Episode>
  <id>4227020</id>
  <Combined_episodenumber>3.1</Combined_episodenumber>
  <Combined_season>3</Combined_season>
  <DVD_chapter></DVD_chapter>
  <DVD_discid></DVD_discid>
  <DVD_episodenumber>3.1</DVD_episodenumber>
  <DVD_season>3</DVD_season>
  <Director></Director>
  <EpImgFlag>2</EpImgFlag>
  <EpisodeName>The Caddy's Shack</EpisodeName>
  <EpisodeNumber>5</EpisodeNumber>
  <FirstAired>2011-12-30</FirstAired>
  <GuestStars></GuestStars>
  <IMDB_ID></IMDB_ID>
  <Language>en</Language>
  <Overview>Tim competes with a teenager when he gets a job at the same golf course where he worked in high school.</Overview>
  <ProductionCode></ProductionCode>
  <Rating>8.0</Rating>
  <RatingCount>4</RatingCount>
  <SeasonNumber>3</SeasonNumber>
  <Writer></Writer>
  <absolute_number></absolute_number>
  <filename>episodes/83130/4227020.jpg</filename>
  <lastupdated>1326981113</lastupdated>
  <seasonid>472921</seasonid>
  <seriesid>83130</seriesid>
</Episode>
<Episode>
  <id>4159195</id>
  <Combined_episodenumber>3.2</Combined_episodenumber>
  <Combined_season>3</Combined_season>
  <DVD_chapter></DVD_chapter>
  <DVD_discid></DVD_discid>
  <DVD_episodenumber>3.2</DVD_episodenumber>
  <DVD_season>3</DVD_season>
  <Director></Director>
  <EpImgFlag>2</EpImgFlag>
  <EpisodeName>The Sausage Salesman</EpisodeName>
  <EpisodeNumber>6</EpisodeNumber>
  <FirstAired>2011-12-30</FirstAired>
  <GuestStars></GuestStars>
  <IMDB_ID></IMDB_ID>
  <Language>en</Language>
  <Overview>Tim invents a career as a sausage salesman to impress Amy's dad.</Overview>
  <ProductionCode></ProductionCode>
  <Rating>7.8</Rating>
  <RatingCount>4</RatingCount>
  <SeasonNumber>3</SeasonNumber>
  <Writer></Writer>
  <absolute_number></absolute_number>
  <filename>episodes/83130/4159195.jpg</filename>
  <lastupdated>1326981205</lastupdated>
  <seasonid>472921</seasonid>
  <seriesid>83130</seriesid>
</Episode>
<Episode>
  <id>4223091</id>
  <Combined_episodenumber>4.1</Combined_episodenumber>
  <Combined_season>3</Combined_season>
  <DVD_chapter></DVD_chapter>
  <DVD_discid></DVD_discid>
  <DVD_episodenumber>4.1</DVD_episodenumber>
  <DVD_season>3</DVD_season>
  <Director></Director>
  <EpImgFlag>2</EpImgFlag>
  <EpisodeName>Super Gay Eduardo</EpisodeName>
  <EpisodeNumber>7</EpisodeNumber>
  <FirstAired>2012-01-06</FirstAired>
  <GuestStars></GuestStars>
  <IMDB_ID></IMDB_ID>
  <Language>en</Language>
  <Overview>Tim helps an immigrant worker by posting flyers for jobs.</Overview>
  <ProductionCode></ProductionCode>
  <Rating>8.7</Rating>
  <RatingCount>3</RatingCount>
  <SeasonNumber>3</SeasonNumber>
  <Writer></Writer>
  <absolute_number>22</absolute_number>
  <filename>episodes/83130/4223091.jpg</filename>
  <lastupdated>1326981330</lastupdated>
  <seasonid>472921</seasonid>
  <seriesid>83130</seriesid>
</Episode>
<Episode>
  <id>4223092</id>
  <Combined_episodenumber>4.2</Combined_episodenumber>
  <Combined_season>3</Combined_season>
  <DVD_chapter></DVD_chapter>
  <DVD_discid></DVD_discid>
  <DVD_episodenumber>4.2</DVD_episodenumber>
  <DVD_season>3</DVD_season>
  <Director></Director>
  <EpImgFlag>2</EpImgFlag>
  <EpisodeName>The Pros &amp; Cons of Killing Tim</EpisodeName>
  <EpisodeNumber>8</EpisodeNumber>
  <FirstAired>2012-01-06</FirstAired>
  <GuestStars></GuestStars>
  <IMDB_ID></IMDB_ID>
  <Language>en</Language>
  <Overview>Tim is a witness in a class-action lawsuit filed by former Omnicorp employees.</Overview>
  <ProductionCode></ProductionCode>
  <Rating>8.7</Rating>
  <RatingCount>3</RatingCount>
  <SeasonNumber>3</SeasonNumber>
  <Writer></Writer>
  <absolute_number>23</absolute_number>
  <filename>episodes/83130/4223092.jpg</filename>
  <lastupdated>1326981400</lastupdated>
  <seasonid>472921</seasonid>
  <seriesid>83130</seriesid>
</Episode>
<Episode>
  <id>4227023</id>
  <Combined_episodenumber>5.1</Combined_episodenumber>
  <Combined_season>3</Combined_season>
  <DVD_chapter></DVD_chapter>
  <DVD_discid></DVD_discid>
  <DVD_episodenumber>5.1</DVD_episodenumber>
  <DVD_season>3</DVD_season>
  <Director></Director>
  <EpImgFlag>2</EpImgFlag>
  <EpisodeName>A Tale of Two Rodneys</EpisodeName>
  <EpisodeNumber>9</EpisodeNumber>
  <FirstAired>2012-01-13</FirstAired>
  <GuestStars></GuestStars>
  <IMDB_ID></IMDB_ID>
  <Language>en</Language>
  <Overview>Rodney becomes Tim's assistant.</Overview>
  <ProductionCode></ProductionCode>
  <Rating>7.5</Rating>
  <RatingCount>2</RatingCount>
  <SeasonNumber>3</SeasonNumber>
  <Writer></Writer>
  <absolute_number></absolute_number>
  <filename>episodes/83130/4227023.jpg</filename>
  <lastupdated>1326981537</lastupdated>
  <seasonid>472921</seasonid>
  <seriesid>83130</seriesid>
</Episode>
<Episode>
  <id>4227024</id>
  <Combined_episodenumber>5.2</Combined_episodenumber>
  <Combined_season>3</Combined_season>
  <DVD_chapter></DVD_chapter>
  <DVD_discid></DVD_discid>
  <DVD_episodenumber>5.2</DVD_episodenumber>
  <DVD_season>3</DVD_season>
  <Director></Director>
  <EpImgFlag>2</EpImgFlag>
  <EpisodeName>Keith to the Rescue</EpisodeName>
  <EpisodeNumber>10</EpisodeNumber>
  <FirstAired>2012-01-13</FirstAired>
  <GuestStars></GuestStars>
  <IMDB_ID></IMDB_ID>
  <Language>en</Language>
  <Overview>The Boss is determined not to lose his dog, Keith, in a divorce settlement.</Overview>
  <ProductionCode></ProductionCode>
  <Rating>8.3</Rating>
  <RatingCount>3</RatingCount>
  <SeasonNumber>3</SeasonNumber>
  <Writer></Writer>
  <absolute_number></absolute_number>
  <filename>episodes/83130/4227024.jpg</filename>
  <lastupdated>1326981599</lastupdated>
  <seasonid>472921</seasonid>
  <seriesid>83130</seriesid>
</Episode>
<Episode>
  <id>4223093</id>
  <Combined_episodenumber>6.1</Combined_episodenumber>
  <Combined_season>3</Combined_season>
  <DVD_chapter></DVD_chapter>
  <DVD_discid></DVD_discid>
  <DVD_episodenumber>6.1</DVD_episodenumber>
  <DVD_season>3</DVD_season>
  <Director></Director>
  <EpImgFlag>2</EpImgFlag>
  <EpisodeName>Pudding Boy</EpisodeName>
  <EpisodeNumber>11</EpisodeNumber>
  <FirstAired>2012-01-20</FirstAired>
  <GuestStars></GuestStars>
  <IMDB_ID></IMDB_ID>
  <Language>en</Language>
  <Overview>Tim is embarrassed by his past on a business trip.</Overview>
  <ProductionCode></ProductionCode>
  <Rating>9.0</Rating>
  <RatingCount>1</RatingCount>
  <SeasonNumber>3</SeasonNumber>
  <Writer></Writer>
  <absolute_number>24</absolute_number>
  <filename>episodes/83130/4223093.jpg</filename>
  <lastupdated>1327118390</lastupdated>
  <seasonid>472921</seasonid>
  <seriesid>83130</seriesid>
</Episode>
<Episode>
  <id>4223094</id>
  <Combined_episodenumber>6.2</Combined_episodenumber>
  <Combined_season>3</Combined_season>
  <DVD_chapter></DVD_chapter>
  <DVD_discid></DVD_discid>
  <DVD_episodenumber>6.2</DVD_episodenumber>
  <DVD_season>3</DVD_season>
  <Director></Director>
  <EpImgFlag>2</EpImgFlag>
  <EpisodeName>The Celebrity Who Shall Remain Nameless</EpisodeName>
  <EpisodeNumber>12</EpisodeNumber>
  <FirstAired>2012-01-20</FirstAired>
  <GuestStars></GuestStars>
  <IMDB_ID></IMDB_ID>
  <Language>en</Language>
  <Overview>Tim and Amy move into a new co-op building, but are confused by a confidentiality agreement. </Overview>
  <ProductionCode></ProductionCode>
  <Rating>8.0</Rating>
  <RatingCount>1</RatingCount>
  <SeasonNumber>3</SeasonNumber>
  <Writer></Writer>
  <absolute_number>25</absolute_number>
  <filename>episodes/83130/4223094.jpg</filename>
  <lastupdated>1327118401</lastupdated>
  <seasonid>472921</seasonid>
  <seriesid>83130</seriesid>
</Episode>
<Episode>
  <id>4223095</id>
  <Combined_episodenumber>7.1</Combined_episodenumber>
  <Combined_season>3</Combined_season>
  <DVD_chapter></DVD_chapter>
  <DVD_discid></DVD_discid>
  <DVD_episodenumber>7.1</DVD_episodenumber>
  <DVD_season>3</DVD_season>
  <Director></Director>
  <EpImgFlag>2</EpImgFlag>
  <EpisodeName>Strip Club Hostage Situation</EpisodeName>
  <EpisodeNumber>13</EpisodeNumber>
  <FirstAired>2012-01-27</FirstAired>
  <GuestStars></GuestStars>
  <IMDB_ID></IMDB_ID>
  <Language>en</Language>
  <Overview>Tim's corporate credit-card bill breaks a company record.</Overview>
  <ProductionCode></ProductionCode>
  <Rating>9.0</Rating>
  <RatingCount>1</RatingCount>
  <SeasonNumber>3</SeasonNumber>
  <Writer></Writer>
  <absolute_number>26</absolute_number>
  <filename>episodes/83130/4223095.jpg</filename>
  <lastupdated>1327741727</lastupdated>
  <seasonid>472921</seasonid>
  <seriesid>83130</seriesid>
</Episode>
<Episode>
  <id>4223096</id>
  <Combined_episodenumber>7.2</Combined_episodenumber>
  <Combined_season>3</Combined_season>
  <DVD_chapter></DVD_chapter>
  <DVD_discid></DVD_discid>
  <DVD_episodenumber>7.2</DVD_episodenumber>
  <DVD_season>3</DVD_season>
  <Director></Director>
  <EpImgFlag>2</EpImgFlag>
  <EpisodeName>Game Night</EpisodeName>
  <EpisodeNumber>14</EpisodeNumber>
  <FirstAired>2012-01-27</FirstAired>
  <GuestStars></GuestStars>
  <IMDB_ID></IMDB_ID>
  <Language>en</Language>
  <Overview>Game night at Amy and Tim's is interrupted when Tim ventures out in bad weather to buy a popular game. </Overview>
  <ProductionCode></ProductionCode>
  <Rating>8.0</Rating>
  <RatingCount>1</RatingCount>
  <SeasonNumber>3</SeasonNumber>
  <Writer></Writer>
  <absolute_number>27</absolute_number>
  <filename>episodes/83130/4223096.jpg</filename>
  <lastupdated>1327741741</lastupdated>
  <seasonid>472921</seasonid>
  <seriesid>83130</seriesid>
</Episode>
<Episode>
  <id>4227277</id>
  <Combined_episodenumber>8.1</Combined_episodenumber>
  <Combined_season>3</Combined_season>
  <DVD_chapter></DVD_chapter>
  <DVD_discid></DVD_discid>
  <DVD_episodenumber>8.1</DVD_episodenumber>
  <DVD_season>3</DVD_season>
  <Director></Director>
  <EpImgFlag>2</EpImgFlag>
  <EpisodeName>Action Packed Heist</EpisodeName>
  <EpisodeNumber>15</EpisodeNumber>
  <FirstAired>2012-02-03</FirstAired>
  <GuestStars></GuestStars>
  <IMDB_ID></IMDB_ID>
  <Language>en</Language>
  <Overview>The Boss's covert operation requires his employees' participation.</Overview>
  <ProductionCode></ProductionCode>
  <Rating>10.0</Rating>
  <RatingCount>1</RatingCount>
  <SeasonNumber>3</SeasonNumber>
  <Writer></Writer>
  <absolute_number></absolute_number>
  <filename>episodes/83130/4227277.jpg</filename>
  <lastupdated>1328336374</lastupdated>
  <seasonid>472921</seasonid>
  <seriesid>83130</seriesid>
</Episode>
<Episode>
  <id>4227278</id>
  <Combined_episodenumber>8.2</Combined_episodenumber>
  <Combined_season>3</Combined_season>
  <DVD_chapter></DVD_chapter>
  <DVD_discid></DVD_discid>
  <DVD_episodenumber>8.2</DVD_episodenumber>
  <DVD_season>3</DVD_season>
  <Director></Director>
  <EpImgFlag>2</EpImgFlag>
  <EpisodeName>Fall Foliage</EpisodeName>
  <EpisodeNumber>16</EpisodeNumber>
  <FirstAired>2012-02-03</FirstAired>
  <GuestStars></GuestStars>
  <IMDB_ID></IMDB_ID>
  <Language>en</Language>
  <Overview>Amy and Tim go on a fall-foliage tour in Vermont with Stu and his new girlfriend.</Overview>
  <ProductionCode></ProductionCode>
  <Rating>9.0</Rating>
  <RatingCount>1</RatingCount>
  <SeasonNumber>3</SeasonNumber>
  <Writer></Writer>
  <absolute_number></absolute_number>
  <filename>episodes/83130/4227278.jpg</filename>
  <lastupdated>1328336365</lastupdated>
  <seasonid>472921</seasonid>
  <seriesid>83130</seriesid>
</Episode>
<Episode>
  <id>4227279</id>
  <Combined_episodenumber>9.1</Combined_episodenumber>
  <Combined_season>3</Combined_season>
  <DVD_chapter></DVD_chapter>
  <DVD_discid></DVD_discid>
  <DVD_episodenumber>9.1</DVD_episodenumber>
  <DVD_season>3</DVD_season>
  <Director></Director>
  <EpImgFlag>2</EpImgFlag>
  <EpisodeName>The Well Dressed Snitch</EpisodeName>
  <EpisodeNumber>17</EpisodeNumber>
  <FirstAired>2012-02-10</FirstAired>
  <GuestStars></GuestStars>
  <IMDB_ID></IMDB_ID>
  <Language>en</Language>
  <Overview>Tim is asked to pose for GQ magazine.</Overview>
  <ProductionCode></ProductionCode>
  <Rating>8.0</Rating>
  <RatingCount>1</RatingCount>
  <SeasonNumber>3</SeasonNumber>
  <Writer></Writer>
  <absolute_number></absolute_number>
  <filename>episodes/83130/4227279.jpg</filename>
  <lastupdated>1328942687</lastupdated>
  <seasonid>472921</seasonid>
  <seriesid>83130</seriesid>
</Episode>
<Episode>
  <id>4236035</id>
  <Combined_episodenumber>9.2</Combined_episodenumber>
  <Combined_season>3</Combined_season>
  <DVD_chapter></DVD_chapter>
  <DVD_discid></DVD_discid>
  <DVD_episodenumber>9.2</DVD_episodenumber>
  <DVD_season>3</DVD_season>
  <Director></Director>
  <EpImgFlag>2</EpImgFlag>
  <EpisodeName>Pray for the Jets</EpisodeName>
  <EpisodeNumber>18</EpisodeNumber>
  <FirstAired>2012-02-10</FirstAired>
  <GuestStars></GuestStars>
  <IMDB_ID></IMDB_ID>
  <Language>en</Language>
  <Overview>The New York Jets' fiscally irresponsible priest wants Tim to place bets for him.</Overview>
  <ProductionCode></ProductionCode>
  <Rating>9.0</Rating>
  <RatingCount>1</RatingCount>
  <SeasonNumber>3</SeasonNumber>
  <Writer></Writer>
  <absolute_number></absolute_number>
  <filename>episodes/83130/4236035.jpg</filename>
  <lastupdated>1328942674</lastupdated>
  <seasonid>472921</seasonid>
  <seriesid>83130</seriesid>
</Episode>
<Episode>
  <id>4236036</id>
  <Combined_episodenumber>10.1</Combined_episodenumber>
  <Combined_season>3</Combined_season>
  <DVD_chapter></DVD_chapter>
  <DVD_discid></DVD_discid>
  <DVD_episodenumber>10.1</DVD_episodenumber>
  <DVD_season>3</DVD_season>
  <Director></Director>
  <EpImgFlag>2</EpImgFlag>
  <EpisodeName>The Smug Chiropractor</EpisodeName>
  <EpisodeNumber>19</EpisodeNumber>
  <FirstAired>2012-02-17</FirstAired>
  <GuestStars></GuestStars>
  <IMDB_ID></IMDB_ID>
  <Language>en</Language>
  <Overview>The Boss makes Tim's race an issue.</Overview>
  <ProductionCode></ProductionCode>
  <Rating>8.0</Rating>
  <RatingCount>1</RatingCount>
  <SeasonNumber>3</SeasonNumber>
  <Writer></Writer>
  <absolute_number></absolute_number>
  <filename>episodes/83130/4236036.jpg</filename>
  <lastupdated>1329537615</lastupdated>
  <seasonid>472921</seasonid>
  <seriesid>83130</seriesid>
</Episode>
<Episode>
  <id>4236037</id>
  <Combined_episodenumber>10.2</Combined_episodenumber>
  <Combined_season>3</Combined_season>
  <DVD_chapter></DVD_chapter>
  <DVD_discid></DVD_discid>
  <DVD_episodenumber>10.2</DVD_episodenumber>
  <DVD_season>3</DVD_season>
  <Director></Director>
  <EpImgFlag>2</EpImgFlag>
  <EpisodeName>Corporate Disaster</EpisodeName>
  <EpisodeNumber>20</EpisodeNumber>
  <FirstAired>2012-02-17</FirstAired>
  <GuestStars></GuestStars>
  <IMDB_ID></IMDB_ID>
  <Language>en</Language>
  <Overview>A company publicist wants Tim to be Omnicorp's spokesperson after an environmental catastrophe. </Overview>
  <ProductionCode></ProductionCode>
  <Rating>9.0</Rating>
  <RatingCount>1</RatingCount>
  <SeasonNumber>3</SeasonNumber>
  <Writer></Writer>
  <absolute_number></absolute_number>
  <filename>episodes/83130/4236037.jpg</filename>
  <lastupdated>1329537625</lastupdated>
  <seasonid>472921</seasonid>
  <seriesid>83130</seriesid>
</Episode>
</Data>