<?xml version="1.0" encoding="UTF-8" ?>
<Actors>
<Actor>
  <id>26135</id>
  <Image>actors/26135.jpg</Image>
  <Name>Jay Baruchel</Name>
  <Role>Steven Karp</Role>
  <SortOrder>0</SortOrder>
</Actor>
<Actor>
  <id>26134</id>
  <Image>actors/26134.jpg</Image>
  <Name>Charlie Hunnam</Name>
  <Role>Lloyd Haythe</Role>
  <SortOrder>1</SortOrder>
</Actor>
<Actor>
  <id>26133</id>
  <Image>actors/26133.jpg</Image>
  <Name>Seth Rogen</Name>
  <Role>Ron Garner</Role>
  <SortOrder>2</SortOrder>
</Actor>
<Actor>
  <id>80772</id>
  <Image>actors/80772.jpg</Image>
  <Name>Jarrett Grode</Name>
  <Role>Perry</Role>
  <SortOrder>3</SortOrder>
</Actor>
<Actor>
  <id>26131</id>
  <Image>actors/26131.jpg</Image>
  <Name>Loudon Wainwright III</Name>
  <Role>Hal Karp</Role>
  <SortOrder>3</SortOrder>
</Actor>
<Actor>
  <id>26130</id>
  <Image>actors/26130.jpg</Image>
  <Name>Timm Sharp</Name>
  <Role>Marshall Nesbitt</Role>
  <SortOrder>3</SortOrder>
</Actor>
<Actor>
  <id>26129</id>
  <Image>actors/26129.jpg</Image>
  <Name>Monica Keena</Name>
  <Role>Rachel Lindquist</Role>
  <SortOrder>3</SortOrder>
</Actor>
<Actor>
  <id>26128</id>
  <Image>actors/26128.jpg</Image>
  <Name>Carla Gallo</Name>
  <Role>Lizzie Exley</Role>
  <SortOrder>3</SortOrder>
</Actor>
<Actor>
  <id>26132</id>
  <Image></Image>
  <Name>Christina Payano</Name>
  <Role>Tina Ellroy</Role>
  <SortOrder>3</SortOrder>
</Actor>
</Actors>