<?xml version="1.0" encoding="UTF-8" ?>
<Banners>
<Banner>
  <id>36318</id>
  <BannerPath>fanart/original/73557-2.jpg</BannerPath>
  <BannerType>fanart</BannerType>
  <BannerType2>1280x720</BannerType2>
  <Colors></Colors>
  <Language>en</Language>
  <Rating>10.0000</Rating>
  <RatingCount>1</RatingCount>
  <SeriesName>false</SeriesName>
  <ThumbnailPath>_cache/fanart/original/73557-2.jpg</ThumbnailPath>
  <VignettePath>fanart/vignette/73557-2.jpg</VignettePath>
</Banner>
<Banner>
  <id>881346</id>
  <BannerPath>fanart/original/73557-3.jpg</BannerPath>
  <BannerType>fanart</BannerType>
  <BannerType2>1920x1080</BannerType2>
  <Colors></Colors>
  <Language>de</Language>
  <Rating>10.0000</Rating>
  <RatingCount>1</RatingCount>
  <SeriesName>false</SeriesName>
  <ThumbnailPath>_cache/fanart/original/73557-3.jpg</ThumbnailPath>
  <VignettePath>fanart/vignette/73557-3.jpg</VignettePath>
</Banner>
<Banner>
  <id>881347</id>
  <BannerPath>fanart/original/73557-4.jpg</BannerPath>
  <BannerType>fanart</BannerType>
  <BannerType2>1920x1080</BannerType2>
  <Colors></Colors>
  <Language>de</Language>
  <Rating></Rating>
  <RatingCount>0</RatingCount>
  <SeriesName>false</SeriesName>
  <ThumbnailPath>_cache/fanart/original/73557-4.jpg</ThumbnailPath>
  <VignettePath>fanart/vignette/73557-4.jpg</VignettePath>
</Banner>
<Banner>
  <id>881345</id>
  <BannerPath>fanart/original/73557-1.jpg</BannerPath>
  <BannerType>fanart</BannerType>
  <BannerType2>1920x1080</BannerType2>
  <Colors></Colors>
  <Language>de</Language>
  <Rating></Rating>
  <RatingCount>0</RatingCount>
  <SeriesName>false</SeriesName>
  <ThumbnailPath>_cache/fanart/original/73557-1.jpg</ThumbnailPath>
  <VignettePath>fanart/vignette/73557-1.jpg</VignettePath>
</Banner>
<Banner>
  <id>40289</id>
  <BannerPath>posters/73557-1.jpg</BannerPath>
  <BannerType>poster</BannerType>
  <BannerType2>680x1000</BannerType2>
  <Language>en</Language>
  <Rating>5.5000</Rating>
  <RatingCount>2</RatingCount>
</Banner>
<Banner>
  <id>7459</id>
  <BannerPath>seasons/2359-1.jpg</BannerPath>
  <BannerType>season</BannerType>
  <BannerType2>season</BannerType2>
  <Language>en</Language>
  <Rating>10.0000</Rating>
  <RatingCount>1</RatingCount>
  <Season>1</Season>
</Banner>
<Banner>
  <id>26568</id>
  <BannerPath>seasons/73557-1.jpg</BannerPath>
  <BannerType>season</BannerType>
  <BannerType2>season</BannerType2>
  <Language>de</Language>
  <Rating>4.0000</Rating>
  <RatingCount>3</RatingCount>
  <Season>1</Season>
</Banner>
<Banner>
  <id>34888</id>
  <BannerPath>seasons/73557-0.jpg</BannerPath>
  <BannerType>season</BannerType>
  <BannerType2>season</BannerType2>
  <Language>en</Language>
  <Rating></Rating>
  <RatingCount>0</RatingCount>
  <Season>0</Season>
</Banner>
<Banner>
  <id>5573</id>
  <BannerPath>graphical/2359-g.jpg</BannerPath>
  <BannerType>series</BannerType>
  <BannerType2>graphical</BannerType2>
  <Language>en</Language>
  <Rating>1.0000</Rating>
  <RatingCount>1</RatingCount>
</Banner>
<Banner>
  <id>861816</id>
  <BannerPath>graphical/73557-g.jpg</BannerPath>
  <BannerType>series</BannerType>
  <BannerType2>graphical</BannerType2>
  <Language>de</Language>
  <Rating></Rating>
  <RatingCount>0</RatingCount>
</Banner>
</Banners>