<?xml version="1.0" encoding="UTF-8" ?>
<Actors>
<Actor>
  <id>68346</id>
  <Image>actors/68346.jpg</Image>
  <Name>Michelle Ryan</Name>
  <Role>Jamie Sommers</Role>
  <SortOrder>0</SortOrder>
</Actor>
<Actor>
  <id>68347</id>
  <Image>actors/68347.jpg</Image>
  <Name>Lucy Hale</Name>
  <Role>Becca Sommers</Role>
  <SortOrder>1</SortOrder>
</Actor>
<Actor>
  <id>68349</id>
  <Image>actors/68349.jpg</Image>
  <Name>Miguel Ferrer</Name>
  <Role>Jonas Bledsoe</Role>
  <SortOrder>2</SortOrder>
</Actor>
<Actor>
  <id>77935</id>
  <Image>actors/77935.jpg</Image>
  <Name>Chris Bowers</Name>
  <Role>Will Anthros</Role>
  <SortOrder>3</SortOrder>
</Actor>
<Actor>
  <id>77933</id>
  <Image>actors/77933.jpg</Image>
  <Name>Mark Sheppard</Name>
  <Role>Dr. Anthony Anthros</Role>
  <SortOrder>3</SortOrder>
</Actor>
<Actor>
  <id>68352</id>
  <Image>actors/68352.jpg</Image>
  <Name>Isaiah Washington</Name>
  <Role>Antonio Pope</Role>
  <SortOrder>3</SortOrder>
</Actor>
<Actor>
  <id>68351</id>
  <Image>actors/68351.jpg</Image>
  <Name>Katee Sackhoff</Name>
  <Role>Sarah Corvus</Role>
  <SortOrder>3</SortOrder>
</Actor>
<Actor>
  <id>68348</id>
  <Image>actors/68348.jpg</Image>
  <Name>Will Yun Lee</Name>
  <Role>Jae Kim</Role>
  <SortOrder>3</SortOrder>
</Actor>
<Actor>
  <id>68345</id>
  <Image>actors/68345.jpg</Image>
  <Name>Molly Price</Name>
  <Role>Ruth Treadwell</Role>
  <SortOrder>3</SortOrder>
</Actor>
</Actors>