<?xml version="1.0" encoding="UTF-8" ?>
<Banners>
<Banner>
  <id>420261</id>
  <BannerPath>fanart/original/80370-13.jpg</BannerPath>
  <BannerType>fanart</BannerType>
  <BannerType2>1280x720</BannerType2>
  <Colors></Colors>
  <Language>en</Language>
  <Rating>9.0000</Rating>
  <RatingCount>1</RatingCount>
  <SeriesName>false</SeriesName>
  <ThumbnailPath>_cache/fanart/original/80370-13.jpg</ThumbnailPath>
  <VignettePath>fanart/vignette/80370-13.jpg</VignettePath>
</Banner>
<Banner>
  <id>420331</id>
  <BannerPath>fanart/original/80370-20.jpg</BannerPath>
  <BannerType>fanart</BannerType>
  <BannerType2>1280x720</BannerType2>
  <Colors></Colors>
  <Language>en</Language>
  <Rating>9.0000</Rating>
  <RatingCount>1</RatingCount>
  <SeriesName>false</SeriesName>
  <ThumbnailPath>_cache/fanart/original/80370-20.jpg</ThumbnailPath>
  <VignettePath>fanart/vignette/80370-20.jpg</VignettePath>
</Banner>
<Banner>
  <id>166851</id>
  <BannerPath>fanart/original/80370-8.jpg</BannerPath>
  <BannerType>fanart</BannerType>
  <BannerType2>1280x720</BannerType2>
  <Colors></Colors>
  <Language>en</Language>
  <Rating>9.0000</Rating>
  <RatingCount>1</RatingCount>
  <SeriesName>true</SeriesName>
  <ThumbnailPath>_cache/fanart/original/80370-8.jpg</ThumbnailPath>
  <VignettePath>fanart/vignette/80370-8.jpg</VignettePath>
</Banner>
<Banner>
  <id>166841</id>
  <BannerPath>fanart/original/80370-7.jpg</BannerPath>
  <BannerType>fanart</BannerType>
  <BannerType2>1280x720</BannerType2>
  <Colors></Colors>
  <Language>en</Language>
  <Rating>9.0000</Rating>
  <RatingCount>1</RatingCount>
  <SeriesName>true</SeriesName>
  <ThumbnailPath>_cache/fanart/original/80370-7.jpg</ThumbnailPath>
  <VignettePath>fanart/vignette/80370-7.jpg</VignettePath>
</Banner>
<Banner>
  <id>20241</id>
  <BannerPath>fanart/original/80370-1.jpg</BannerPath>
  <BannerType>fanart</BannerType>
  <BannerType2>1280x720</BannerType2>
  <Colors></Colors>
  <Language>en</Language>
  <Rating>8.8000</Rating>
  <RatingCount>5</RatingCount>
  <SeriesName>false</SeriesName>
  <ThumbnailPath>_cache/fanart/original/80370-1.jpg</ThumbnailPath>
  <VignettePath>fanart/vignette/80370-1.jpg</VignettePath>
</Banner>
<Banner>
  <id>420271</id>
  <BannerPath>fanart/original/80370-14.jpg</BannerPath>
  <BannerType>fanart</BannerType>
  <BannerType2>1280x720</BannerType2>
  <Colors></Colors>
  <Language>en</Language>
  <Rating>8.0000</Rating>
  <RatingCount>2</RatingCount>
  <SeriesName>false</SeriesName>
  <ThumbnailPath>_cache/fanart/original/80370-14.jpg</ThumbnailPath>
  <VignettePath>fanart/vignette/80370-14.jpg</VignettePath>
</Banner>
<Banner>
  <id>20242</id>
  <BannerPath>fanart/original/80370-2.jpg</BannerPath>
  <BannerType>fanart</BannerType>
  <BannerType2>1280x720</BannerType2>
  <Colors></Colors>
  <Language>en</Language>
  <Rating>8.0000</Rating>
  <RatingCount>3</RatingCount>
  <SeriesName>false</SeriesName>
  <ThumbnailPath>_cache/fanart/original/80370-2.jpg</ThumbnailPath>
  <VignettePath>fanart/vignette/80370-2.jpg</VignettePath>
</Banner>
<Banner>
  <id>24673</id>
  <BannerPath>fanart/original/80370-3.jpg</BannerPath>
  <BannerType>fanart</BannerType>
  <BannerType2>1920x1080</BannerType2>
  <Colors></Colors>
  <Language>en</Language>
  <Rating>7.5000</Rating>
  <RatingCount>2</RatingCount>
  <SeriesName>false</SeriesName>
  <ThumbnailPath>_cache/fanart/original/80370-3.jpg</ThumbnailPath>
  <VignettePath>fanart/vignette/80370-3.jpg</VignettePath>
</Banner>
<Banner>
  <id>420281</id>
  <BannerPath>fanart/original/80370-15.jpg</BannerPath>
  <BannerType>fanart</BannerType>
  <BannerType2>1280x720</BannerType2>
  <Colors></Colors>
  <Language>en</Language>
  <Rating>7.0000</Rating>
  <RatingCount>1</RatingCount>
  <SeriesName>false</SeriesName>
  <ThumbnailPath>_cache/fanart/original/80370-15.jpg</ThumbnailPath>
  <VignettePath>fanart/vignette/80370-15.jpg</VignettePath>
</Banner>
<Banner>
  <id>420241</id>
  <BannerPath>fanart/original/80370-12.jpg</BannerPath>
  <BannerType>fanart</BannerType>
  <BannerType2>1280x720</BannerType2>
  <Colors></Colors>
  <Language>en</Language>
  <Rating>7.0000</Rating>
  <RatingCount>1</RatingCount>
  <SeriesName>false</SeriesName>
  <ThumbnailPath>_cache/fanart/original/80370-12.jpg</ThumbnailPath>
  <VignettePath>fanart/vignette/80370-12.jpg</VignettePath>
</Banner>
<Banner>
  <id>420291</id>
  <BannerPath>fanart/original/80370-16.jpg</BannerPath>
  <BannerType>fanart</BannerType>
  <BannerType2>1280x720</BannerType2>
  <Colors></Colors>
  <Language>en</Language>
  <Rating>7.0000</Rating>
  <RatingCount>1</RatingCount>
  <SeriesName>false</SeriesName>
  <ThumbnailPath>_cache/fanart/original/80370-16.jpg</ThumbnailPath>
  <VignettePath>fanart/vignette/80370-16.jpg</VignettePath>
</Banner>
<Banner>
  <id>166861</id>
  <BannerPath>fanart/original/80370-9.jpg</BannerPath>
  <BannerType>fanart</BannerType>
  <BannerType2>1280x720</BannerType2>
  <Colors></Colors>
  <Language>en</Language>
  <Rating>7.0000</Rating>
  <RatingCount>1</RatingCount>
  <SeriesName>true</SeriesName>
  <ThumbnailPath>_cache/fanart/original/80370-9.jpg</ThumbnailPath>
  <VignettePath>fanart/vignette/80370-9.jpg</VignettePath>
</Banner>
<Banner>
  <id>420311</id>
  <BannerPath>fanart/original/80370-18.jpg</BannerPath>
  <BannerType>fanart</BannerType>
  <BannerType2>1280x720</BannerType2>
  <Colors></Colors>
  <Language>en</Language>
  <Rating>7.0000</Rating>
  <RatingCount>1</RatingCount>
  <SeriesName>false</SeriesName>
  <ThumbnailPath>_cache/fanart/original/80370-18.jpg</ThumbnailPath>
  <VignettePath>fanart/vignette/80370-18.jpg</VignettePath>
</Banner>
<Banner>
  <id>420301</id>
  <BannerPath>fanart/original/80370-17.jpg</BannerPath>
  <BannerType>fanart</BannerType>
  <BannerType2>1280x720</BannerType2>
  <Colors></Colors>
  <Language>en</Language>
  <Rating>7.0000</Rating>
  <RatingCount>1</RatingCount>
  <SeriesName>false</SeriesName>
  <ThumbnailPath>_cache/fanart/original/80370-17.jpg</ThumbnailPath>
  <VignettePath>fanart/vignette/80370-17.jpg</VignettePath>
</Banner>
<Banner>
  <id>26073</id>
  <BannerPath>fanart/original/80370-4.jpg</BannerPath>
  <BannerType>fanart</BannerType>
  <BannerType2>1280x720</BannerType2>
  <Colors></Colors>
  <Language>en</Language>
  <Rating>6.0000</Rating>
  <RatingCount>1</RatingCount>
  <SeriesName>false</SeriesName>
  <ThumbnailPath>_cache/fanart/original/80370-4.jpg</ThumbnailPath>
  <VignettePath>fanart/vignette/80370-4.jpg</VignettePath>
</Banner>
<Banner>
  <id>166871</id>
  <BannerPath>fanart/original/80370-10.jpg</BannerPath>
  <BannerType>fanart</BannerType>
  <BannerType2>1280x720</BannerType2>
  <Colors></Colors>
  <Language>en</Language>
  <Rating>6.0000</Rating>
  <RatingCount>1</RatingCount>
  <SeriesName>true</SeriesName>
  <ThumbnailPath>_cache/fanart/original/80370-10.jpg</ThumbnailPath>
  <VignettePath>fanart/vignette/80370-10.jpg</VignettePath>
</Banner>
<Banner>
  <id>420321</id>
  <BannerPath>fanart/original/80370-19.jpg</BannerPath>
  <BannerType>fanart</BannerType>
  <BannerType2>1280x720</BannerType2>
  <Colors></Colors>
  <Language>en</Language>
  <Rating>6.0000</Rating>
  <RatingCount>1</RatingCount>
  <SeriesName>false</SeriesName>
  <ThumbnailPath>_cache/fanart/original/80370-19.jpg</ThumbnailPath>
  <VignettePath>fanart/vignette/80370-19.jpg</VignettePath>
</Banner>
<Banner>
  <id>350501</id>
  <BannerPath>fanart/original/80370-11.jpg</BannerPath>
  <BannerType>fanart</BannerType>
  <BannerType2>1280x720</BannerType2>
  <Colors></Colors>
  <Language>en</Language>
  <Rating>4.0000</Rating>
  <RatingCount>1</RatingCount>
  <SeriesName>false</SeriesName>
  <ThumbnailPath>_cache/fanart/original/80370-11.jpg</ThumbnailPath>
  <VignettePath>fanart/vignette/80370-11.jpg</VignettePath>
</Banner>
<Banner>
  <id>94281</id>
  <BannerPath>fanart/original/80370-6.jpg</BannerPath>
  <BannerType>fanart</BannerType>
  <BannerType2>1280x720</BannerType2>
  <Colors></Colors>
  <Language>en</Language>
  <Rating>2.5000</Rating>
  <RatingCount>2</RatingCount>
  <SeriesName>true</SeriesName>
  <ThumbnailPath>_cache/fanart/original/80370-6.jpg</ThumbnailPath>
  <VignettePath>fanart/vignette/80370-6.jpg</VignettePath>
</Banner>
<Banner>
  <id>30634</id>
  <BannerPath>fanart/original/80370-5.jpg</BannerPath>
  <BannerType>fanart</BannerType>
  <BannerType2>1920x1080</BannerType2>
  <Colors></Colors>
  <Language>en</Language>
  <Rating>2.0000</Rating>
  <RatingCount>1</RatingCount>
  <SeriesName>false</SeriesName>
  <ThumbnailPath>_cache/fanart/original/80370-5.jpg</ThumbnailPath>
  <VignettePath>fanart/vignette/80370-5.jpg</VignettePath>
</Banner>
<Banner>
  <id>43268</id>
  <BannerPath>posters/80370-2.jpg</BannerPath>
  <BannerType>poster</BannerType>
  <BannerType2>680x1000</BannerType2>
  <Language>en</Language>
  <Rating>10.0000</Rating>
  <RatingCount>1</RatingCount>
</Banner>
<Banner>
  <id>28304</id>
  <BannerPath>posters/80370-1.jpg</BannerPath>
  <BannerType>poster</BannerType>
  <BannerType2>680x1000</BannerType2>
  <Language>en</Language>
  <Rating>5.5000</Rating>
  <RatingCount>2</RatingCount>
</Banner>
<Banner>
  <id>15187</id>
  <BannerPath>seasons/80370-1-2.jpg</BannerPath>
  <BannerType>season</BannerType>
  <BannerType2>season</BannerType2>
  <Language>en</Language>
  <Rating>7.0000</Rating>
  <RatingCount>1</RatingCount>
  <Season>1</Season>
</Banner>
<Banner>
  <id>15186</id>
  <BannerPath>seasons/80370-1.jpg</BannerPath>
  <BannerType>season</BannerType>
  <BannerType2>season</BannerType2>
  <Language>en</Language>
  <Rating></Rating>
  <RatingCount>0</RatingCount>
  <Season>1</Season>
</Banner>
<Banner>
  <id>18811</id>
  <BannerPath>graphical/80370-g4.jpg</BannerPath>
  <BannerType>series</BannerType>
  <BannerType2>graphical</BannerType2>
  <Language>en</Language>
  <Rating>8.5000</Rating>
  <RatingCount>2</RatingCount>
</Banner>
<Banner>
  <id>14846</id>
  <BannerPath>graphical/80370-g2.jpg</BannerPath>
  <BannerType>series</BannerType>
  <BannerType2>graphical</BannerType2>
  <Language>en</Language>
  <Rating>7.1667</Rating>
  <RatingCount>6</RatingCount>
</Banner>
<Banner>
  <id>418501</id>
  <BannerPath>graphical/80370-g7.jpg</BannerPath>
  <BannerType>series</BannerType>
  <BannerType2>graphical</BannerType2>
  <Language>en</Language>
  <Rating>7.0000</Rating>
  <RatingCount>2</RatingCount>
</Banner>
<Banner>
  <id>33407</id>
  <BannerPath>graphical/80370-g5.jpg</BannerPath>
  <BannerType>series</BannerType>
  <BannerType2>graphical</BannerType2>
  <Language>en</Language>
  <Rating>7.0000</Rating>
  <RatingCount>2</RatingCount>
</Banner>
<Banner>
  <id>14845</id>
  <BannerPath>graphical/80370-g.jpg</BannerPath>
  <BannerType>series</BannerType>
  <BannerType2>graphical</BannerType2>
  <Language>en</Language>
  <Rating>7.0000</Rating>
  <RatingCount>7</RatingCount>
</Banner>
<Banner>
  <id>14847</id>
  <BannerPath>graphical/80370-g3.jpg</BannerPath>
  <BannerType>series</BannerType>
  <BannerType2>graphical</BannerType2>
  <Language>en</Language>
  <Rating>4.6667</Rating>
  <RatingCount>3</RatingCount>
</Banner>
<Banner>
  <id>14843</id>
  <BannerPath>text/80370.jpg</BannerPath>
  <BannerType>series</BannerType>
  <BannerType2>text</BannerType2>
  <Language>en</Language>
  <Rating>4.0000</Rating>
  <RatingCount>2</RatingCount>
</Banner>
<Banner>
  <id>14844</id>
  <BannerPath>blank/80370.jpg</BannerPath>
  <BannerType>series</BannerType>
  <BannerType2>blank</BannerType2>
  <Language>en</Language>
  <Rating>1.0000</Rating>
  <RatingCount>1</RatingCount>
</Banner>
<Banner>
  <id>33408</id>
  <BannerPath>graphical/80370-g6.jpg</BannerPath>
  <BannerType>series</BannerType>
  <BannerType2>graphical</BannerType2>
  <Language>en</Language>
  <Rating>1.0000</Rating>
  <RatingCount>2</RatingCount>
</Banner>
<Banner>
  <id>928410</id>
  <BannerPath>graphical/80370-g8.jpg</BannerPath>
  <BannerType>series</BannerType>
  <BannerType2>graphical</BannerType2>
  <Language>en</Language>
  <Rating></Rating>
  <RatingCount>0</RatingCount>
</Banner>
<Banner>
  <id>166881</id>
  <BannerPath>blank/80370-2.jpg</BannerPath>
  <BannerType>series</BannerType>
  <BannerType2>blank</BannerType2>
  <Language></Language>
  <Rating></Rating>
  <RatingCount>0</RatingCount>
</Banner>
</Banners>