<?xml version="1.0" encoding="UTF-8" ?>
<Data><Series>
  <id>80370</id>
  <Actors>|Michelle Ryan|Lucy Hale|Miguel Ferrer|Chris Bowers|Mark Sheppard|Isaiah Washington|Katee Sackhoff|Will Yun Lee|Molly Price|</Actors>
  <Airs_DayOfWeek>Wednesday</Airs_DayOfWeek>
  <Airs_Time>9:00 pm</Airs_Time>
  <ContentRating>TV-14</ContentRating>
  <FirstAired>2007-09-26</FirstAired>
  <Genre>|Action and Adventure|Science-Fiction|</Genre>
  <IMDB_ID>tt0880557</IMDB_ID>
  <Language>en</Language>
  <Network>NBC</Network>
  <NetworkID></NetworkID>
  <Overview>Bionic Woman is a re-imagining of the original television series, The Bionic Woman. The series revolves around bartender Jaime Sommers, who is saved from death after receiving experimental medical implants. While adjusting to her new bionic powers and raising a rebellious younger sister, Jaime agrees to work for the Berkut Group, a quasi-governmental private organization that performed her surgery.</Overview>
  <Rating>6.5</Rating>
  <RatingCount>30</RatingCount>
  <Runtime>60</Runtime>
  <SeriesID>71468</SeriesID>
  <SeriesName>Bionic Woman</SeriesName>
  <Status>Ended</Status>
  <added></added>
  <addedBy></addedBy>
  <banner>graphical/80370-g4.jpg</banner>
  <fanart>fanart/original/80370-7.jpg</fanart>
  <lastupdated>1353439432</lastupdated>
  <poster>posters/80370-2.jpg</poster>
  <zap2it_id>SH000584</zap2it_id>
</Series>
<Episode>
  <id>336984</id>
  <Combined_episodenumber>1</Combined_episodenumber>
  <Combined_season>0</Combined_season>
  <DVD_chapter></DVD_chapter>
  <DVD_discid></DVD_discid>
  <DVD_episodenumber></DVD_episodenumber>
  <DVD_season></DVD_season>
  <Director>Michael Dinner</Director>
  <EpImgFlag></EpImgFlag>
  <EpisodeName>Unaired Pilot</EpisodeName>
  <EpisodeNumber>1</EpisodeNumber>
  <FirstAired></FirstAired>
  <GuestStars>Mae Whitman</GuestStars>
  <IMDB_ID></IMDB_ID>
  <Language>en</Language>
  <Overview>Same as aired version except the actor who plays Becca Sommers was replaced. In this version Becca Sommers is played by Mae Whitman instead of Lucy Hale. Also in this version Becca Sommers character is deaf and isn't a hacker, unlike the aired version where she can hear and is a hacker.</Overview>
  <ProductionCode></ProductionCode>
  <Rating></Rating>
  <RatingCount>0</RatingCount>
  <SeasonNumber>0</SeasonNumber>
  <Writer>Laeta Kalogridis</Writer>
  <absolute_number></absolute_number>
  <airsafter_season></airsafter_season>
  <airsbefore_episode>1</airsbefore_episode>
  <airsbefore_season>1</airsbefore_season>
  <filename>episodes/80370/336984.jpg</filename>
  <lastupdated>1256021346</lastupdated>
  <seasonid>28025</seasonid>
  <seriesid>80370</seriesid>
</Episode>
<Episode>
  <id>332384</id>
  <Combined_episodenumber>1.0</Combined_episodenumber>
  <Combined_season>1</Combined_season>
  <DVD_chapter></DVD_chapter>
  <DVD_discid></DVD_discid>
  <DVD_episodenumber>1.0</DVD_episodenumber>
  <DVD_season>1</DVD_season>
  <Director>Michael Dinner</Director>
  <EpImgFlag></EpImgFlag>
  <EpisodeName>Pilot</EpisodeName>
  <EpisodeNumber>1</EpisodeNumber>
  <FirstAired>2007-09-26</FirstAired>
  <GuestStars>Conrad Coates|Aaron Douglas|Mark A. Sheppard|Alicia Thorgrimsson|Jenn Forgie|Heather Doerksen|Roan Curtis|Dominic Zamprogna|Jacqueline Samuda|John Mann|Craig Lubzon</GuestStars>
  <IMDB_ID>tt1031325</IMDB_ID>
  <Language>en</Language>
  <Overview>Jaime Sommers is a normal, hard-working woman caring for her younger sister and managing a love relationship. Her life is complicated further after she is involved in a horrendous car accident, leaving her with injuries so severe she can only be saved using bionic body parts with amazing abilities beyond Jaime's control.</Overview>
  <ProductionCode>101</ProductionCode>
  <Rating>6.6</Rating>
  <RatingCount>25</RatingCount>
  <SeasonNumber>1</SeasonNumber>
  <Writer>Laeta Kalogridis</Writer>
  <absolute_number></absolute_number>
  <filename>episodes/80370/332384.jpg</filename>
  <lastupdated>1350640119</lastupdated>
  <seasonid>28026</seasonid>
  <seriesid>80370</seriesid>
</Episode>
<Episode>
  <id>332385</id>
  <Combined_episodenumber>2.0</Combined_episodenumber>
  <Combined_season>1</Combined_season>
  <DVD_chapter></DVD_chapter>
  <DVD_discid></DVD_discid>
  <DVD_episodenumber>2.0</DVD_episodenumber>
  <DVD_season>1</DVD_season>
  <Director>Tim Matheson</Director>
  <EpImgFlag></EpImgFlag>
  <EpisodeName>Paradise Lost</EpisodeName>
  <EpisodeNumber>2</EpisodeNumber>
  <FirstAired>2007-10-03</FirstAired>
  <GuestStars>Carly McKillip|Jacob Blair|Lara Gilchrist|Erin Karpluk|Lorena Gale|Michael Jocelyn|Marrett Green|Chelah Horsdal|Emily Holmes|Chad Cole|Dalias Blake|Kurt Max Runte|Tyler McClendon|Fabrice Grover|Terence Dament|Tanya Champoux|Troy Hatt</GuestStars>
  <IMDB_ID>tt1031331</IMDB_ID>
  <Language>en</Language>
  <Overview>Jaime continues to gradually adjust to her new bionic life - all while trying to maintain the normal aspects of her human life. She also befriends a stranger who appears to be very friendly and goes on her first mission.</Overview>
  <ProductionCode></ProductionCode>
  <Rating>6.9</Rating>
  <RatingCount>13</RatingCount>
  <SeasonNumber>1</SeasonNumber>
  <Writer>Jason Smilovic</Writer>
  <absolute_number></absolute_number>
  <filename>episodes/80370/332385.jpg</filename>
  <lastupdated>1350640181</lastupdated>
  <seasonid>28026</seasonid>
  <seriesid>80370</seriesid>
</Episode>
<Episode>
  <id>337780</id>
  <Combined_episodenumber>3.0</Combined_episodenumber>
  <Combined_season>1</Combined_season>
  <DVD_chapter></DVD_chapter>
  <DVD_discid></DVD_discid>
  <DVD_episodenumber>3.0</DVD_episodenumber>
  <DVD_season>1</DVD_season>
  <Director>Steve Boyum</Director>
  <EpImgFlag></EpImgFlag>
  <EpisodeName>Sisterhood</EpisodeName>
  <EpisodeNumber>3</EpisodeNumber>
  <FirstAired>2007-10-10</FirstAired>
  <GuestStars>Kevin Rankin|Magda Apanowicz|Aleks Paunovic|Malcolm Stewart|Elise Gatien|Graeme Duffy|Brad Kelly|Richard Stroh|Julie Kim|Christopher Gauthier</GuestStars>
  <IMDB_ID>tt1031332</IMDB_ID>
  <Language>en</Language>
  <Overview>Jaime's new mission entails the protecting of a contractor's daughter. At the same time, she ponders whether or not to help Sarah move past her personal demons.</Overview>
  <ProductionCode></ProductionCode>
  <Rating>6.7</Rating>
  <RatingCount>13</RatingCount>
  <SeasonNumber>1</SeasonNumber>
  <Writer>David Eick</Writer>
  <absolute_number></absolute_number>
  <filename>episodes/80370/337780.jpg</filename>
  <lastupdated>1350640477</lastupdated>
  <seasonid>28026</seasonid>
  <seriesid>80370</seriesid>
</Episode>
<Episode>
  <id>337922</id>
  <Combined_episodenumber>4.0</Combined_episodenumber>
  <Combined_season>1</Combined_season>
  <DVD_chapter></DVD_chapter>
  <DVD_discid></DVD_discid>
  <DVD_episodenumber>4.0</DVD_episodenumber>
  <DVD_season>1</DVD_season>
  <Director>Paul Shapiro</Director>
  <EpImgFlag></EpImgFlag>
  <EpisodeName>Faceoff</EpisodeName>
  <EpisodeNumber>4</EpisodeNumber>
  <FirstAired>2007-10-17</FirstAired>
  <GuestStars>Brian Hallisay|Kevin Rankin|Tim Paul Perez|Michael Benyaer|Lara Gilchrist|Scott Lyster|Travis Milne|Reese Alexander|Edson T. Ribeiro|Aaron Dudley|Andrew Fallows|Kris Pope|Raahul Singh|Chris Gauthier|Karen Van Blankenstein</GuestStars>
  <IMDB_ID>tt1031333</IMDB_ID>
  <Language>en</Language>
  <Overview>Jaime is sent on an assignment that requires her to rescue an American doctor who is working in Paraguay. While there, she discovers the truth about her life expectancy.</Overview>
  <ProductionCode></ProductionCode>
  <Rating>6.0</Rating>
  <RatingCount>10</RatingCount>
  <SeasonNumber>1</SeasonNumber>
  <Writer>Robert Rovner|Jon Cowan</Writer>
  <absolute_number></absolute_number>
  <filename>episodes/80370/337922.jpg</filename>
  <lastupdated>1350640528</lastupdated>
  <seasonid>28026</seasonid>
  <seriesid>80370</seriesid>
</Episode>
<Episode>
  <id>337923</id>
  <Combined_episodenumber>5.0</Combined_episodenumber>
  <Combined_season>1</Combined_season>
  <DVD_chapter></DVD_chapter>
  <DVD_discid></DVD_discid>
  <DVD_episodenumber>5.0</DVD_episodenumber>
  <DVD_season>1</DVD_season>
  <Director>Jonas Pate</Director>
  <EpImgFlag></EpImgFlag>
  <EpisodeName>The Education of Jaime Sommers</EpisodeName>
  <EpisodeNumber>5</EpisodeNumber>
  <FirstAired>2007-10-24</FirstAired>
  <GuestStars>Lara Gilchrist|Erin Karpluk|Matthew Smalley|Juan Riedinger|Trevor Addie|Jordan Bridges|Kenneth Welsh|Valerie Tian|Shafin Karim|Sunita Prasad|Lee Majdoub</GuestStars>
  <IMDB_ID>tt1133973</IMDB_ID>
  <Language>en</Language>
  <Overview>Jaime's new mission requires her to attend college posing as a British transfer student in order to investigate a professor suspected of illegal activities. However, her task becomes complicated when she falls for the teacher's assistant, who is also a suspect.</Overview>
  <ProductionCode></ProductionCode>
  <Rating>7.2</Rating>
  <RatingCount>9</RatingCount>
  <SeasonNumber>1</SeasonNumber>
  <Writer>Elizabeth Heldens</Writer>
  <absolute_number></absolute_number>
  <filename>episodes/80370/337923.jpg</filename>
  <lastupdated>1350640596</lastupdated>
  <seasonid>28026</seasonid>
  <seriesid>80370</seriesid>
</Episode>
<Episode>
  <id>337924</id>
  <Combined_episodenumber>6.0</Combined_episodenumber>
  <Combined_season>1</Combined_season>
  <DVD_chapter></DVD_chapter>
  <DVD_discid></DVD_discid>
  <DVD_episodenumber>6.0</DVD_episodenumber>
  <DVD_season>1</DVD_season>
  <Director>David Boyd</Director>
  <EpImgFlag></EpImgFlag>
  <EpisodeName>The List</EpisodeName>
  <EpisodeNumber>6</EpisodeNumber>
  <FirstAired>2007-11-07</FirstAired>
  <GuestStars>Kevin Rankin|Reilly Dolman|Tracy Spiridakos|Anja Savcic|Olivia Rameau|Sean Bell|Mitra Lohrasb|Bruno Verdoni|Ahmad Sharmrou|Zain Jamal|Brian McBride|Jordan Bridges|Callum Keith Rennie|Brando Eaton|Beth Broderick|Matias Hacker</GuestStars>
  <IMDB_ID>tt1031330</IMDB_ID>
  <Language>en</Language>
  <Overview>When a man plans to sell a list with names from both the Berkut Group and the CIA, the companies team up to catch him. Jaime and Tom are partnered for the mission in Paris, where they find themselves struggling to balance their flirting with the task at hand. Finally, Becca tries to impress a boy and gets arrested, prompting Jonas to bail her out.</Overview>
  <ProductionCode></ProductionCode>
  <Rating>7.0</Rating>
  <RatingCount>10</RatingCount>
  <SeasonNumber>1</SeasonNumber>
  <Writer>Bridget Carpenter</Writer>
  <absolute_number></absolute_number>
  <filename>episodes/80370/337924.jpg</filename>
  <lastupdated>1350640651</lastupdated>
  <seasonid>28026</seasonid>
  <seriesid>80370</seriesid>
</Episode>
<Episode>
  <id>337925</id>
  <Combined_episodenumber>7.0</Combined_episodenumber>
  <Combined_season>1</Combined_season>
  <DVD_chapter></DVD_chapter>
  <DVD_discid></DVD_discid>
  <DVD_episodenumber>7.0</DVD_episodenumber>
  <DVD_season>1</DVD_season>
  <Director>Alex Chapple</Director>
  <EpImgFlag></EpImgFlag>
  <EpisodeName>Trust Issues</EpisodeName>
  <EpisodeNumber>7</EpisodeNumber>
  <FirstAired>2007-11-14</FirstAired>
  <GuestStars>Jordan Bridges|Isaiah Washington</GuestStars>
  <IMDB_ID>tt1031335</IMDB_ID>
  <Language>en</Language>
  <Overview>Jaime and Antonio are sent to stop an assassination plot of a head of state on U.S. soil.  Jaime runs into a problem though when she overhears a conversation between the assassin and Antonio, leading her to question whether or not she can trust Antonio anymore.  Also, Jaime invites Tom over for dinner so he can meet Becca.</Overview>
  <ProductionCode></ProductionCode>
  <Rating>6.9</Rating>
  <RatingCount>10</RatingCount>
  <SeasonNumber>1</SeasonNumber>
  <Writer>Kerry Ehrin</Writer>
  <absolute_number></absolute_number>
  <filename>episodes/80370/337925.jpg</filename>
  <lastupdated>1350640685</lastupdated>
  <seasonid>28026</seasonid>
  <seriesid>80370</seriesid>
</Episode>
<Episode>
  <id>341280</id>
  <Combined_episodenumber>8.0</Combined_episodenumber>
  <Combined_season>1</Combined_season>
  <DVD_chapter></DVD_chapter>
  <DVD_discid></DVD_discid>
  <DVD_episodenumber>8.0</DVD_episodenumber>
  <DVD_season>1</DVD_season>
  <Director>Gwyneth Horder-Payton</Director>
  <EpImgFlag></EpImgFlag>
  <EpisodeName>Do Not Disturb</EpisodeName>
  <EpisodeNumber>8</EpisodeNumber>
  <FirstAired>2007-11-28</FirstAired>
  <GuestStars>Kevin Rankin (Nathan), Brian Markinson (Vincent Aldridge)</GuestStars>
  <IMDB_ID>tt1031336</IMDB_ID>
  <Language>en</Language>
  <Overview>Jaime goes on a vacation with Becca at a spa resort, but things go awry when she's pulled into a deadly game with another guest at the resort.</Overview>
  <ProductionCode></ProductionCode>
  <Rating>6.6</Rating>
  <RatingCount>7</RatingCount>
  <SeasonNumber>1</SeasonNumber>
  <Writer>Jason Smilovic</Writer>
  <absolute_number></absolute_number>
  <filename>episodes/80370/341280.jpg</filename>
  <lastupdated>1350640749</lastupdated>
  <seasonid>28026</seasonid>
  <seriesid>80370</seriesid>
</Episode>
</Data>