<?xml version="1.0" encoding="UTF-8" ?>
<Actors>
<Actor>
  <id>77784</id>
  <Image>actors/77784.jpg</Image>
  <Name>Simon Baker</Name>
  <Role>Patrick Jane</Role>
  <SortOrder>0</SortOrder>
</Actor>
<Actor>
  <id>77783</id>
  <Image>actors/77783.jpg</Image>
  <Name>Robin Tunney</Name>
  <Role>Teresa Lisbon </Role>
  <SortOrder>1</SortOrder>
</Actor>
<Actor>
  <id>77787</id>
  <Image>actors/77787.jpg</Image>
  <Name>Owain Yeoman</Name>
  <Role>Wayne Rigsby</Role>
  <SortOrder>2</SortOrder>
</Actor>
<Actor>
  <id>77786</id>
  <Image>actors/77786.jpg</Image>
  <Name>Tim Kang</Name>
  <Role>Kimball Cho</Role>
  <SortOrder>2</SortOrder>
</Actor>
<Actor>
  <id>92431</id>
  <Image>actors/92431.jpg</Image>
  <Name>Amanda Righetti</Name>
  <Role>Grace van Pelt</Role>
  <SortOrder>3</SortOrder>
</Actor>
<Actor>
  <id>309508</id>
  <Image>actors/309508.jpg</Image>
  <Name>Michael Gaston</Name>
  <Role>Gale Bertram</Role>
  <SortOrder>3</SortOrder>
</Actor>
<Actor>
  <id>292104</id>
  <Image>actors/292104.jpg</Image>
  <Name>Pruitt Taylor Vince</Name>
  <Role>J.J. LaRoche</Role>
  <SortOrder>3</SortOrder>
</Actor>
<Actor>
  <id>220031</id>
  <Image>actors/220031.jpg</Image>
  <Name>Aunjanue Ellis</Name>
  <Role>Madeleine Hightower</Role>
  <SortOrder>3</SortOrder>
</Actor>
<Actor>
  <id>144111</id>
  <Image>actors/144111.jpg</Image>
  <Name>Gregory Itzin</Name>
  <Role>Virgil Minelli</Role>
  <SortOrder>3</SortOrder>
</Actor>
<Actor>
  <id>143921</id>
  <Image>actors/143921.jpg</Image>
  <Name>Terry Kinney</Name>
  <Role>Sam Bosco</Role>
  <SortOrder>3</SortOrder>
</Actor>
</Actors>