<?xml version="1.0" encoding="UTF-8" ?>
<Actors>
<Actor>
  <id>39763</id>
  <Image>actors/39763.jpg</Image>
  <Name>Andy Berman</Name>
  <Role>Dib</Role>
  <SortOrder>3</SortOrder>
</Actor>
<Actor>
  <id>39762</id>
  <Image>actors/39762.jpg</Image>
  <Name>Richard Steven Horvitz</Name>
  <Role>Invader Zim</Role>
  <SortOrder>3</SortOrder>
</Actor>
<Actor>
  <id>39761</id>
  <Image>actors/39761.jpg</Image>
  <Name>Lucille Bliss</Name>
  <Role>Ms. Bitters</Role>
  <SortOrder>3</SortOrder>
</Actor>
<Actor>
  <id>39760</id>
  <Image>actors/39760.jpg</Image>
  <Name>Rosearik Rikki Simons</Name>
  <Role>Gir</Role>
  <SortOrder>3</SortOrder>
</Actor>
<Actor>
  <id>39759</id>
  <Image>actors/39759.jpg</Image>
  <Name>Kevin McDonald</Name>
  <Role>Almighty Tallest Purple</Role>
  <SortOrder>3</SortOrder>
</Actor>
<Actor>
  <id>39758</id>
  <Image>actors/39758.jpg</Image>
  <Name>Melissa Fahn</Name>
  <Role>Gaz</Role>
  <SortOrder>3</SortOrder>
</Actor>
<Actor>
  <id>39757</id>
  <Image>actors/39757.jpg</Image>
  <Name>Wally Wingert</Name>
  <Role>Almighty Tallest Red</Role>
  <SortOrder>3</SortOrder>
</Actor>
<Actor>
  <id>168571</id>
  <Image>actors/168571.jpg</Image>
  <Name>Rodger Bumpass</Name>
  <Role>Professor Membrane</Role>
  <SortOrder>3</SortOrder>
</Actor>
</Actors>