<?xml version="1.0" encoding="UTF-8" ?>
<Data><Series>
  <id>75545</id>
  <Actors>|Andy Berman|Richard Steven Horvitz|Lucille Bliss|Rosearik Rikki Simons|Kevin McDonald|Melissa Fahn|Wally Wingert|Rodger Bumpass|</Actors>
  <Airs_DayOfWeek>Sunday</Airs_DayOfWeek>
  <Airs_Time>2:30 PM</Airs_Time>
  <ContentRating>TV-Y7</ContentRating>
  <FirstAired>2001-03-01</FirstAired>
  <Genre>|Animation|</Genre>
  <IMDB_ID>tt0235923</IMDB_ID>
  <Language>en</Language>
  <Network>Nickelodeon</Network>
  <NetworkID></NetworkID>
  <Overview>Invader ZIM is an eccentric alien soldier from the planet Irk. He was banished from the Irken Empire after nearly destroying his home planet on an early mission. After begging his superiors, the Almighty Tallest Red and Purple, for another chance, they decide to get rid of him once and for all. They trick him into going on a &quot;secret mission&quot; to an obscure planet at the edge of the universe, a planet with the unlikely name of Earth, in hopes that he'll die along the way. But their trick backfires when ZIM safely reaches Earth and begins his ever-so-subtle conquest of it. He disguises himself as a schoolboy, and now the only person who can stop him is one kid - Dib, a somewhat insane paranormal researcher, who sees straight through ZIM's disguise and is intent on stopping his reign of &quot;terror&quot;. The only problem is that neither of them is very good at stopping the other.</Overview>
  <Rating>9.3</Rating>
  <RatingCount>44</RatingCount>
  <Runtime>30</Runtime>
  <SeriesID>3270</SeriesID>
  <SeriesName>Invader ZIM</SeriesName>
  <Status>Ended</Status>
  <added></added>
  <addedBy></addedBy>
  <banner>graphical/75545-g.jpg</banner>
  <fanart>fanart/original/75545-7.jpg</fanart>
  <lastupdated>1362802062</lastupdated>
  <poster>posters/75545-4.jpg</poster>
  <zap2it_id>SH365685</zap2it_id>
</Series>
<Episode>
  <id>172883</id>
  <Combined_episodenumber>1</Combined_episodenumber>
  <Combined_season>0</Combined_season>
  <DVD_chapter></DVD_chapter>
  <DVD_discid></DVD_discid>
  <DVD_episodenumber></DVD_episodenumber>
  <DVD_season></DVD_season>
  <Director>Jordan Reichek</Director>
  <EpImgFlag>1</EpImgFlag>
  <EpisodeName>Pilot</EpisodeName>
  <EpisodeNumber>1</EpisodeNumber>
  <FirstAired>2000-11-12</FirstAired>
  <GuestStars>|Billy West| Title Narrator| Zim's Computer| Hope Levy|</GuestStars>
  <IMDB_ID></IMDB_ID>
  <Language>en</Language>
  <Overview>Dib has been taking notice of how ZIM never eats human food and he believes he may just be able to exploit this fact to prove ZIM is an alien.  However, ZIM isn’t about to let someone ruin his mission and he does everything he can to appear as normal as possible, though will any of their attempts actually matter since most of the children at the skool aren’t even paying attention to them?
</Overview>
  <ProductionCode>01</ProductionCode>
  <Rating>7.3</Rating>
  <RatingCount>3</RatingCount>
  <SeasonNumber>0</SeasonNumber>
  <Writer>Rob Hummel, Eva Almos, Ed Scharlach</Writer>
  <absolute_number></absolute_number>
  <airsafter_season></airsafter_season>
  <airsbefore_episode>1</airsbefore_episode>
  <airsbefore_season>1</airsbefore_season>
  <filename>episodes/75545/172883.jpg</filename>
  <lastupdated>1269445786</lastupdated>
  <seasonid>23006</seasonid>
  <seriesid>75545</seriesid>
</Episode>
<Episode>
  <id>670661</id>
  <Combined_episodenumber>2</Combined_episodenumber>
  <Combined_season>0</Combined_season>
  <DVD_chapter></DVD_chapter>
  <DVD_discid></DVD_discid>
  <DVD_episodenumber></DVD_episodenumber>
  <DVD_season></DVD_season>
  <Director></Director>
  <EpImgFlag></EpImgFlag>
  <EpisodeName>Cast Interview</EpisodeName>
  <EpisodeNumber>2</EpisodeNumber>
  <FirstAired></FirstAired>
  <GuestStars></GuestStars>
  <IMDB_ID></IMDB_ID>
  <Language>en</Language>
  <Overview>an interview with the cast and creators of invader zim</Overview>
  <ProductionCode></ProductionCode>
  <Rating></Rating>
  <RatingCount>0</RatingCount>
  <SeasonNumber>0</SeasonNumber>
  <Writer></Writer>
  <absolute_number></absolute_number>
  <airsafter_season></airsafter_season>
  <airsbefore_episode></airsbefore_episode>
  <airsbefore_season></airsbefore_season>
  <filename></filename>
  <lastupdated>1243013228</lastupdated>
  <seasonid>23006</seasonid>
  <seriesid>75545</seriesid>
</Episode>
<Episode>
  <id>1484071</id>
  <Combined_episodenumber>3</Combined_episodenumber>
  <Combined_season>0</Combined_season>
  <DVD_chapter>8</DVD_chapter>
  <DVD_discid>Zim Vol 02 Disc 04</DVD_discid>
  <DVD_episodenumber></DVD_episodenumber>
  <DVD_season></DVD_season>
  <Director></Director>
  <EpImgFlag></EpImgFlag>
  <EpisodeName>Writers Interview</EpisodeName>
  <EpisodeNumber>3</EpisodeNumber>
  <FirstAired></FirstAired>
  <GuestStars></GuestStars>
  <IMDB_ID></IMDB_ID>
  <Language>en</Language>
  <Overview>Interviews with the writers of Invader ZIM</Overview>
  <ProductionCode></ProductionCode>
  <Rating></Rating>
  <RatingCount>0</RatingCount>
  <SeasonNumber>0</SeasonNumber>
  <Writer></Writer>
  <absolute_number></absolute_number>
  <airsafter_season></airsafter_season>
  <airsbefore_episode></airsbefore_episode>
  <airsbefore_season></airsbefore_season>
  <filename></filename>
  <lastupdated>1262467196</lastupdated>
  <seasonid>23006</seasonid>
  <seriesid>75545</seriesid>
</Episode>
<Episode>
  <id>1484081</id>
  <Combined_episodenumber>4</Combined_episodenumber>
  <Combined_season>0</Combined_season>
  <DVD_chapter></DVD_chapter>
  <DVD_discid></DVD_discid>
  <DVD_episodenumber></DVD_episodenumber>
  <DVD_season></DVD_season>
  <Director></Director>
  <EpImgFlag></EpImgFlag>
  <EpisodeName>Production Staff Interview</EpisodeName>
  <EpisodeNumber>4</EpisodeNumber>
  <FirstAired></FirstAired>
  <GuestStars></GuestStars>
  <IMDB_ID></IMDB_ID>
  <Language>en</Language>
  <Overview>Interviews with the Production Staff of Invader ZIM</Overview>
  <ProductionCode></ProductionCode>
  <Rating></Rating>
  <RatingCount>0</RatingCount>
  <SeasonNumber>0</SeasonNumber>
  <Writer></Writer>
  <absolute_number></absolute_number>
  <airsafter_season></airsafter_season>
  <airsbefore_episode></airsbefore_episode>
  <airsbefore_season></airsbefore_season>
  <filename></filename>
  <lastupdated>1262466966</lastupdated>
  <seasonid>23006</seasonid>
  <seriesid>75545</seriesid>
</Episode>
<Episode>
  <id>172884</id>
  <Combined_episodenumber>1.0</Combined_episodenumber>
  <Combined_season>1</Combined_season>
  <DVD_chapter>1</DVD_chapter>
  <DVD_discid></DVD_discid>
  <DVD_episodenumber>1.0</DVD_episodenumber>
  <DVD_season>1</DVD_season>
  <Director>Steve Ressel</Director>
  <EpImgFlag>1</EpImgFlag>
  <EpisodeName>The Nightmare Begins</EpisodeName>
  <EpisodeNumber>1</EpisodeNumber>
  <FirstAired>2001-03-30</FirstAired>
  <GuestStars>|Michael McDonald| Kevin McDonald|</GuestStars>
  <IMDB_ID></IMDB_ID>
  <Language>en</Language>
  <Overview>The Irken race consists of beings that have desires of gaining universal domination.  Their leaders, the Almighty Tallest Red and Purple, have just begun assigning Invaders, the elite soldiers who will capture the universe’s most dangerous planets.  However, when Zim, an Irken soldier who was banished from the Irken Empire, returns and demands to be assigned a task as an Invader, the Tallest decide to send Zim to a “planet that nobody has ever heard of”: Earth.  Zim gets assigned a cheap robot that is malfunctioning and he begins the trek towards Earth, but little does he know that a human child on Earth named Dib is already aware that he is coming, and plans to prevent Zim from completing his goal.
</Overview>
  <ProductionCode>03A</ProductionCode>
  <Rating>8.3</Rating>
  <RatingCount>11</RatingCount>
  <SeasonNumber>1</SeasonNumber>
  <Writer>Rob Hummel</Writer>
  <absolute_number>1</absolute_number>
  <filename>episodes/75545/172884.jpg</filename>
  <lastupdated>1273342100</lastupdated>
  <seasonid>8998</seasonid>
  <seriesid>75545</seriesid>
</Episode>
<Episode>
  <id>172885</id>
  <Combined_episodenumber>3.1</Combined_episodenumber>
  <Combined_season>1</Combined_season>
  <DVD_chapter></DVD_chapter>
  <DVD_discid></DVD_discid>
  <DVD_episodenumber>3.1</DVD_episodenumber>
  <DVD_season>1</DVD_season>
  <Director>Steve Ressel</Director>
  <EpImgFlag>1</EpImgFlag>
  <EpisodeName>Parent Teacher Night</EpisodeName>
  <EpisodeNumber>2</EpisodeNumber>
  <FirstAired>2001-04-06</FirstAired>
  <GuestStars>|Michael McDonald| S. Scott Bullock| Diane Michelle| Dwight Schultz| Lucille Bliss|</GuestStars>
  <IMDB_ID></IMDB_ID>
  <Language>en</Language>
  <Overview>After another day at the Earth skool, Ms. Bitters reminds the children that it’s Parent Teacher Night and that all the parents must come to the skool at the end of the day.  Zim becomes worried because his robotic parents aren’t programmed for such a task yet and he cannot permit them to blow his cover, so he attempts to help them become the parents they should be, but Gir’s carefree nature soon puts his plans in jeopardy.
</Overview>
  <ProductionCode>03B</ProductionCode>
  <Rating>7.7</Rating>
  <RatingCount>6</RatingCount>
  <SeasonNumber>1</SeasonNumber>
  <Writer>Rob Hummel</Writer>
  <absolute_number>4</absolute_number>
  <filename>episodes/75545/172885.jpg</filename>
  <lastupdated>1278734689</lastupdated>
  <seasonid>8998</seasonid>
  <seriesid>75545</seriesid>
</Episode>
<Episode>
  <id>172886</id>
  <Combined_episodenumber>3.2</Combined_episodenumber>
  <Combined_season>1</Combined_season>
  <DVD_chapter></DVD_chapter>
  <DVD_discid></DVD_discid>
  <DVD_episodenumber>3.2</DVD_episodenumber>
  <DVD_season>1</DVD_season>
  <Director>Steve Ressel</Director>
  <EpImgFlag>1</EpImgFlag>
  <EpisodeName>Walk of Doom</EpisodeName>
  <EpisodeNumber>3</EpisodeNumber>
  <FirstAired>2001-04-06</FirstAired>
  <GuestStars>|S. Scott Bullock| Kerri Kenney|</GuestStars>
  <IMDB_ID></IMDB_ID>
  <Language>en</Language>
  <Overview>When Zim gets annoyed by Gir’s inept nature for the last time, he finally gets around to upgrading Gir’s guidance technology and he wishes to test its capability.  Initial tests look good so Zim wants to take Gir into the city to test and see if Gir can get them safely back to their headquarters.  However, when Gir forgets to bring the new guidance chip with him, Zim and Gir must find a way to get back home, despite the fact that they have very little understanding of the way the city functions.
</Overview>
  <ProductionCode>02A</ProductionCode>
  <Rating>7.8</Rating>
  <RatingCount>6</RatingCount>
  <SeasonNumber>1</SeasonNumber>
  <Writer>Rob Hummel</Writer>
  <absolute_number>5</absolute_number>
  <filename>episodes/75545/172886.jpg</filename>
  <lastupdated>1273342718</lastupdated>
  <seasonid>8998</seasonid>
  <seriesid>75545</seriesid>
</Episode>
<Episode>
  <id>172887</id>
  <Combined_episodenumber>2.1</Combined_episodenumber>
  <Combined_season>1</Combined_season>
  <DVD_chapter></DVD_chapter>
  <DVD_discid></DVD_discid>
  <DVD_episodenumber>2.1</DVD_episodenumber>
  <DVD_season>1</DVD_season>
  <Director>Steve Ressel</Director>
  <EpImgFlag>1</EpImgFlag>
  <EpisodeName>Bestest Friend</EpisodeName>
  <EpisodeNumber>4</EpisodeNumber>
  <FirstAired>2001-04-13</FirstAired>
  <GuestStars>|Danny Cooksey|</GuestStars>
  <IMDB_ID></IMDB_ID>
  <Language>en</Language>
  <Overview>When Zim makes a huge scene over his inability to eat lunch food, he overhears one of the girls at school talking about how inhuman he seems to be and how he has no friends.  In an attempt to appear more normal, Zim decides to spend time with a student named Keef, though Zim soon finishes his plan and he considers himself normal, so he tries to get Keef to leave him alone.  Much to Zim’s chagrin, however, Keef continues to follow Zim around, so Zim decides to take unorthodox measures to ensure Keef leaves him alone.
</Overview>
  <ProductionCode>04B</ProductionCode>
  <Rating>7.7</Rating>
  <RatingCount>7</RatingCount>
  <SeasonNumber>1</SeasonNumber>
  <Writer>Rob Hummel, Roman Dirge</Writer>
  <absolute_number>2</absolute_number>
  <filename>episodes/75545/172887.jpg</filename>
  <lastupdated>1273343242</lastupdated>
  <seasonid>8998</seasonid>
  <seriesid>75545</seriesid>
</Episode>
<Episode>
  <id>172888</id>
  <Combined_episodenumber>2.2</Combined_episodenumber>
  <Combined_season>1</Combined_season>
  <DVD_chapter></DVD_chapter>
  <DVD_discid></DVD_discid>
  <DVD_episodenumber>2.2</DVD_episodenumber>
  <DVD_season>1</DVD_season>
  <Director>Steve Ressel</Director>
  <EpImgFlag>1</EpImgFlag>
  <EpisodeName>NanoZIM</EpisodeName>
  <EpisodeNumber>5</EpisodeNumber>
  <FirstAired>2001-04-13</FirstAired>
  <GuestStars></GuestStars>
  <IMDB_ID></IMDB_ID>
  <Language>en</Language>
  <Overview>When Dib finally manages to get a picture of Zim without him in his disguise, Zim formulates a plan to shrink himself down into a microscopic size to get into Dib’s body and perform a brain wipe to prevent him from remembering where he located the picture.  Fortunately for Dib, his father has been working on some technology that may just help Dib stop Zim before it’s too late, though he’ll been to be careful because he’s extremely vulnerable due to the fact that Zim is inside of him.
</Overview>
  <ProductionCode>04A</ProductionCode>
  <Rating>7.7</Rating>
  <RatingCount>6</RatingCount>
  <SeasonNumber>1</SeasonNumber>
  <Writer>Rob Hummel</Writer>
  <absolute_number>3</absolute_number>
  <filename>episodes/75545/172888.jpg</filename>
  <lastupdated>1273343568</lastupdated>
  <seasonid>8998</seasonid>
  <seriesid>75545</seriesid>
</Episode>
<Episode>
  <id>172889</id>
  <Combined_episodenumber>4.1</Combined_episodenumber>
  <Combined_season>1</Combined_season>
  <DVD_chapter></DVD_chapter>
  <DVD_discid></DVD_discid>
  <DVD_episodenumber>4.1</DVD_episodenumber>
  <DVD_season>1</DVD_season>
  <Director>Steve Ressel</Director>
  <EpImgFlag>1</EpImgFlag>
  <EpisodeName>Germs</EpisodeName>
  <EpisodeNumber>6</EpisodeNumber>
  <FirstAired>2001-04-20</FirstAired>
  <GuestStars>|James Gleason| Kevin McDonald| Philece Sampler|</GuestStars>
  <IMDB_ID></IMDB_ID>
  <Language>en</Language>
  <Overview>After Zim watches an old movie where some invading aliens are defeated by some bacteria, he begins to study germs more.  However, when he discovers that such germs truthfully are everywhere, he begins a crusade to kill every germ in his headquarters so that he can be safe, which is helped by the fact that Gir had some cleaning spray handy in the house; though when the cleaning bottle runes dry, Zim must attempt to go to the store and get some more, despite the fact that he knows just how many germs are out there.
</Overview>
  <ProductionCode>02B</ProductionCode>
  <Rating>8.4</Rating>
  <RatingCount>5</RatingCount>
  <SeasonNumber>1</SeasonNumber>
  <Writer>Rob Hummel</Writer>
  <absolute_number>6</absolute_number>
  <filename>episodes/75545/172889.jpg</filename>
  <lastupdated>1273343920</lastupdated>
  <seasonid>8998</seasonid>
  <seriesid>75545</seriesid>
</Episode>
<Episode>
  <id>172890</id>
  <Combined_episodenumber>4.2</Combined_episodenumber>
  <Combined_season>1</Combined_season>
  <DVD_chapter></DVD_chapter>
  <DVD_discid></DVD_discid>
  <DVD_episodenumber>4.2</DVD_episodenumber>
  <DVD_season>1</DVD_season>
  <Director>Steve Ressel</Director>
  <EpImgFlag>1</EpImgFlag>
  <EpisodeName>Dark Harvest</EpisodeName>
  <EpisodeNumber>7</EpisodeNumber>
  <FirstAired>2001-04-20</FirstAired>
  <GuestStars>|Jason Marsden| Jane Carr|</GuestStars>
  <IMDB_ID></IMDB_ID>
  <Language>en</Language>
  <Overview>When Dib finds out that Zim has no human organs, he attempts to exploit Zim’s ailment of head pigeons to get the skool’s nurse to examine Zim in hopes she will see the truth.  However, when Dib blurts his plan out to Zim, Zim develops a device that will permit him to switch objects for organs, in which he begins to steal the organs of his fellow classmates in order to appear more human in time for his appointment at the nurse’s office.
</Overview>
  <ProductionCode>05A</ProductionCode>
  <Rating>8.1</Rating>
  <RatingCount>7</RatingCount>
  <SeasonNumber>1</SeasonNumber>
  <Writer>Eric Trueheart, Rob Hummel</Writer>
  <absolute_number>7</absolute_number>
  <filename>episodes/75545/172890.jpg</filename>
  <lastupdated>1273344464</lastupdated>
  <seasonid>8998</seasonid>
  <seriesid>75545</seriesid>
</Episode>
<Episode>
  <id>172891</id>
  <Combined_episodenumber>5.1</Combined_episodenumber>
  <Combined_season>1</Combined_season>
  <DVD_chapter></DVD_chapter>
  <DVD_discid></DVD_discid>
  <DVD_episodenumber>5.1</DVD_episodenumber>
  <DVD_season>1</DVD_season>
  <Director>Steve Ressel</Director>
  <EpImgFlag>1</EpImgFlag>
  <EpisodeName>Attack of the Saucer Morons</EpisodeName>
  <EpisodeNumber>8</EpisodeNumber>
  <FirstAired>2001-04-27</FirstAired>
  <GuestStars>|Frank Conniff| Mary Scheer|</GuestStars>
  <IMDB_ID></IMDB_ID>
  <Language>en</Language>
  <Overview>Zim attempts to test some of the defenses that Earth has by taking his Voot out for a drive to monitor local police units.  However, when a bumble bee crashes into his vehicle, Zim comes crashing down in the park, in which he heads home because he will be unable to recover it the next day.  However, when a space cult known as the Saucer Morons discover the Voot first, Zim must find a way to get his vehicle back without causing him to lose his cover.
</Overview>
  <ProductionCode>05B</ProductionCode>
  <Rating>7.5</Rating>
  <RatingCount>8</RatingCount>
  <SeasonNumber>1</SeasonNumber>
  <Writer>Eric Trueheart</Writer>
  <absolute_number>8</absolute_number>
  <filename>episodes/75545/172891.jpg</filename>
  <lastupdated>1273345019</lastupdated>
  <seasonid>8998</seasonid>
  <seriesid>75545</seriesid>
</Episode>
<Episode>
  <id>172892</id>
  <Combined_episodenumber>5.2</Combined_episodenumber>
  <Combined_season>1</Combined_season>
  <DVD_chapter></DVD_chapter>
  <DVD_discid></DVD_discid>
  <DVD_episodenumber>5.2</DVD_episodenumber>
  <DVD_season>1</DVD_season>
  <Director>Steve Ressel</Director>
  <EpImgFlag>1</EpImgFlag>
  <EpisodeName>The Wettening</EpisodeName>
  <EpisodeNumber>9</EpisodeNumber>
  <FirstAired>2001-04-27</FirstAired>
  <GuestStars></GuestStars>
  <IMDB_ID></IMDB_ID>
  <Language>en</Language>
  <Overview>When it begins to rain one day, Zim becomes worried because he’s never experienced rain before.  Dib takes notice of his fear and he coaxes Zim into stepping into the rain, only to discover that the Irken race has an innate weakness to water, which causes a burning sensation upon impact.  Dib decides to exploit this new fact to create the ultimate weapon to stop Zim once and for all, but Zim himself attempts to find a way to protect himself from this new found weakness, which all leads up to a confrontation that neither of them would have expected.
</Overview>
  <ProductionCode>06A</ProductionCode>
  <Rating>7.9</Rating>
  <RatingCount>7</RatingCount>
  <SeasonNumber>1</SeasonNumber>
  <Writer>Roman Dirge, Eric Trueheart, Rob Hummel</Writer>
  <absolute_number>9</absolute_number>
  <filename>episodes/75545/172892.jpg</filename>
  <lastupdated>1273345320</lastupdated>
  <seasonid>8998</seasonid>
  <seriesid>75545</seriesid>
</Episode>
<Episode>
  <id>172893</id>
  <Combined_episodenumber>6.1</Combined_episodenumber>
  <Combined_season>1</Combined_season>
  <DVD_chapter></DVD_chapter>
  <DVD_discid></DVD_discid>
  <DVD_episodenumber>6.1</DVD_episodenumber>
  <DVD_season>1</DVD_season>
  <Director>Steve Ressel</Director>
  <EpImgFlag>1</EpImgFlag>
  <EpisodeName>Career Day</EpisodeName>
  <EpisodeNumber>10</EpisodeNumber>
  <FirstAired>2001-05-04</FirstAired>
  <GuestStars>|Danny Cooksey| Janice Kawaye| Adam Paul| André Sogliuzzo|</GuestStars>
  <IMDB_ID></IMDB_ID>
  <Language>en</Language>
  <Overview>Ms. Bitters is assigning students their mentors for Career Day through the use of an aptitude test and a machine.  Both Dim and Zim attempt to get their desired professions on the test, in which Dib manages to get paired with a Paranormal Investigator while Zim gets stuck working at a fast food facility.  However, when Zim misinterprets the 8 billion served sign and thinks that the individuals in charge of the company are the leaders of the planet, he becomes dedicated to his job in hopes of being promoted to Lord of All Humans.  However, thanks to the alignment of the planets, Zim is about to go through some uncontrollable changes that could jeopardize his mission; which Dib is looking to exploit, though both Zim and Dib find their situations to go much different than they anticipated.
</Overview>
  <ProductionCode>06B</ProductionCode>
  <Rating>7.7</Rating>
  <RatingCount>6</RatingCount>
  <SeasonNumber>1</SeasonNumber>
  <Writer>Rob Hummel</Writer>
  <absolute_number>10</absolute_number>
  <filename>episodes/75545/172893.jpg</filename>
  <lastupdated>1273345653</lastupdated>
  <seasonid>8998</seasonid>
  <seriesid>75545</seriesid>
</Episode>
<Episode>
  <id>172894</id>
  <Combined_episodenumber>6.2</Combined_episodenumber>
  <Combined_season>1</Combined_season>
  <DVD_chapter></DVD_chapter>
  <DVD_discid></DVD_discid>
  <DVD_episodenumber>6.2</DVD_episodenumber>
  <DVD_season>1</DVD_season>
  <Director>Steve Ressel</Director>
  <EpImgFlag>1</EpImgFlag>
  <EpisodeName>Battle-Dib</EpisodeName>
  <EpisodeNumber>11</EpisodeNumber>
  <FirstAired>2001-05-04</FirstAired>
  <GuestStars>|Brad Abrell| Matt Ballard|</GuestStars>
  <IMDB_ID></IMDB_ID>
  <Language>en</Language>
  <Overview>When Dib finally manages to be permitted to present his findings on Zim to the Swollen Eyeball Network, he believes he will be able to put an end to Zim’s schemes once and for all.  However, when he discovers that he needs his father’s permission and since his father is busy working on his television show, Dib must venture into the studio where his father is in order to attempt to get the signature he needs; though he soon discovers that speaking to his father isn’t going to be as easy as it should be.
</Overview>
  <ProductionCode>07A</ProductionCode>
  <Rating>7.2</Rating>
  <RatingCount>6</RatingCount>
  <SeasonNumber>1</SeasonNumber>
  <Writer>Eric Trueheart</Writer>
  <absolute_number>11</absolute_number>
  <filename>episodes/75545/172894.jpg</filename>
  <lastupdated>1273346397</lastupdated>
  <seasonid>8998</seasonid>
  <seriesid>75545</seriesid>
</Episode>
<Episode>
  <id>172895</id>
  <Combined_episodenumber>9.1</Combined_episodenumber>
  <Combined_season>1</Combined_season>
  <DVD_chapter></DVD_chapter>
  <DVD_discid></DVD_discid>
  <DVD_episodenumber>9.1</DVD_episodenumber>
  <DVD_season>1</DVD_season>
  <Director>Steve Ressel</Director>
  <EpImgFlag>1</EpImgFlag>
  <EpisodeName>A Room with a Moose</EpisodeName>
  <EpisodeNumber>12</EpisodeNumber>
  <FirstAired>2001-08-17</FirstAired>
  <GuestStars>|Janice Kawaye| Danielle Koenig| Adam Paul|</GuestStars>
  <IMDB_ID></IMDB_ID>
  <Language>en</Language>
  <Overview>When Zim formulates a plan to get revenge on his skoolmates and especially Dib, he gets them all participating on a fieldtrip.  Dib, however, realizes that the driver of the bus isn’t real, but due to his constant theories, the other students disregard his warnings.  Zim decides to gloat about his magnificent plan and he informs Dib of every detail in confidence that Dib can do nothing to stop him, though Dib refuses to give up and he does everything he can to save his skoolmates and himself; despite the fact that he doesn’t know why Zim’s plans involve a room with a moose.
</Overview>
  <ProductionCode>07B</ProductionCode>
  <Rating>7.0</Rating>
  <RatingCount>4</RatingCount>
  <SeasonNumber>1</SeasonNumber>
  <Writer>Rob Hummel</Writer>
  <absolute_number>16</absolute_number>
  <filename>episodes/75545/172895.jpg</filename>
  <lastupdated>1273346675</lastupdated>
  <seasonid>8998</seasonid>
  <seriesid>75545</seriesid>
</Episode>
<Episode>
  <id>172896</id>
  <Combined_episodenumber>9.2</Combined_episodenumber>
  <Combined_season>1</Combined_season>
  <DVD_chapter></DVD_chapter>
  <DVD_discid></DVD_discid>
  <DVD_episodenumber>9.2</DVD_episodenumber>
  <DVD_season>1</DVD_season>
  <Director>Steve Ressel</Director>
  <EpImgFlag>1</EpImgFlag>
  <EpisodeName>Hamstergeddon</EpisodeName>
  <EpisodeNumber>13</EpisodeNumber>
  <FirstAired>2001-08-17</FirstAired>
  <GuestStars>|Danny Cooksey| John DiCrosta| Jeffrey Jones|</GuestStars>
  <IMDB_ID></IMDB_ID>
  <Language>en</Language>
  <Overview>While at skool one day, Ms. Bitters tells the class that they need a new pet hamster due to the orders of the skool’s board of directors.  When the hamster arrives, all the children love the hamster because of how adorable it is, in which Zim decides to exploit that fact since the hamster could help make the humans too weak to resist him.  Zim plants an Irken device on the hamster that will permit it to grow larger and be controlled by Zim, but when the hamster grows rampant and breaks free, Zim must attempt to stop the huge hamster from destroying his headquarters, all the while worrying about the growing military presence that may have no choice but to attack the hamster, which would ruin all of his efforts.
</Overview>
  <ProductionCode>08A</ProductionCode>
  <Rating>7.3</Rating>
  <RatingCount>6</RatingCount>
  <SeasonNumber>1</SeasonNumber>
  <Writer>Eric Trueheart</Writer>
  <absolute_number>17</absolute_number>
  <filename>episodes/75545/172896.jpg</filename>
  <lastupdated>1273347067</lastupdated>
  <seasonid>8998</seasonid>
  <seriesid>75545</seriesid>
</Episode>
<Episode>
  <id>172897</id>
  <Combined_episodenumber>8.1</Combined_episodenumber>
  <Combined_season>1</Combined_season>
  <DVD_chapter></DVD_chapter>
  <DVD_discid></DVD_discid>
  <DVD_episodenumber>8.1</DVD_episodenumber>
  <DVD_season>1</DVD_season>
  <Director>Steve Ressel</Director>
  <EpImgFlag>1</EpImgFlag>
  <EpisodeName>Invasion of the Idiot Dog Brain</EpisodeName>
  <EpisodeNumber>14</EpisodeNumber>
  <FirstAired>2001-08-24</FirstAired>
  <GuestStars>|Lauri Fraser| Philip Tanzini|</GuestStars>
  <IMDB_ID></IMDB_ID>
  <Language>en</Language>
  <Overview>When Zim’s headquarters are having security problems, Zim attempts to upgrade the security system and get the job over with.  He decides to put Gir in charge of ensuring nothing goes wrong while he replaces the computer’s AI, but when Gir begins to mess around with things, he inadvertently causes the house to shut down along with himself.  However, Zim soon discovers that Gir’s AI has been uploaded into the central hub of the house, which worries Zim quite a lot since Gir is being unresponsive and uncontrollable, which soon puts their mission in jeopardy.
</Overview>
  <ProductionCode>08B</ProductionCode>
  <Rating>7.5</Rating>
  <RatingCount>4</RatingCount>
  <SeasonNumber>1</SeasonNumber>
  <Writer>Rob Hummel</Writer>
  <absolute_number>14</absolute_number>
  <filename>episodes/75545/172897.jpg</filename>
  <lastupdated>1273347300</lastupdated>
  <seasonid>8998</seasonid>
  <seriesid>75545</seriesid>
</Episode>
<Episode>
  <id>172898</id>
  <Combined_episodenumber>8.2</Combined_episodenumber>
  <Combined_season>1</Combined_season>
  <DVD_chapter></DVD_chapter>
  <DVD_discid></DVD_discid>
  <DVD_episodenumber>8.2</DVD_episodenumber>
  <DVD_season>1</DVD_season>
  <Director>Steve Ressel</Director>
  <EpImgFlag>1</EpImgFlag>
  <EpisodeName>Bad, Bad Rubber Piggy</EpisodeName>
  <EpisodeNumber>15</EpisodeNumber>
  <FirstAired>2001-08-24</FirstAired>
  <GuestStars>|Brad Abrell|</GuestStars>
  <IMDB_ID></IMDB_ID>
  <Language>en</Language>
  <Overview>Zim finally finishes one of his self proclaimed brilliant inventions, a space-time-object-transfer device, in which he plans to send a giant robot into the past in order to put an end to Dib once and for all.  However, when the robot isn’t compatible with the temporal field, he throws a rubber pig into the vortex instead, which turns out to be compatible and it causes Dib to crash his tricycle in the past.  Zim decides to send many more rubber pigs into Dib’s past, which ultimately affect him in the future; though when Zim overdoes himself, he discovers that history isn’t something that should be messed with.
</Overview>
  <ProductionCode>09A</ProductionCode>
  <Rating>8.7</Rating>
  <RatingCount>3</RatingCount>
  <SeasonNumber>1</SeasonNumber>
  <Writer>Eric Trueheart</Writer>
  <absolute_number>15</absolute_number>
  <filename>episodes/75545/172898.jpg</filename>
  <lastupdated>1273347518</lastupdated>
  <seasonid>8998</seasonid>
  <seriesid>75545</seriesid>
</Episode>
<Episode>
  <id>172899</id>
  <Combined_episodenumber>7.1</Combined_episodenumber>
  <Combined_season>1</Combined_season>
  <DVD_chapter></DVD_chapter>
  <DVD_discid></DVD_discid>
  <DVD_episodenumber>7.1</DVD_episodenumber>
  <DVD_season>1</DVD_season>
  <Director>Steve Ressel</Director>
  <EpImgFlag>1</EpImgFlag>
  <EpisodeName>Planet Jackers</EpisodeName>
  <EpisodeNumber>16</EpisodeNumber>
  <FirstAired>2001-08-31</FirstAired>
  <GuestStars>|Sherman Howard| Rob Izenberg|</GuestStars>
  <IMDB_ID></IMDB_ID>
  <Language>en</Language>
  <Overview>Zim is upset because all of the other Invaders are doing much better in their tasks than he is, though he inadvertently discovers that his signal to the data hub has been interrupted.  When Zim takes a closer look, he discovers that the Earth has actually been hijacked by the Planet-Jackers, an alien race who must throw other planets into their dying sun in order to survive.  Zim begins to formulate a plan to stop the Planet-Jackers, but when Dib refuses to believe him, he realizes that he must save the world he plans to destroy by himself, just for the sake of being the one who gets to destroy it.
</Overview>
  <ProductionCode>09B</ProductionCode>
  <Rating>7.0</Rating>
  <RatingCount>3</RatingCount>
  <SeasonNumber>1</SeasonNumber>
  <Writer>Rob Hummel</Writer>
  <absolute_number>12</absolute_number>
  <filename>episodes/75545/172899.jpg</filename>
  <lastupdated>1273348029</lastupdated>
  <seasonid>8998</seasonid>
  <seriesid>75545</seriesid>
</Episode>
<Episode>
  <id>172900</id>
  <Combined_episodenumber>7.2</Combined_episodenumber>
  <Combined_season>1</Combined_season>
  <DVD_chapter></DVD_chapter>
  <DVD_discid></DVD_discid>
  <DVD_episodenumber>7.2</DVD_episodenumber>
  <DVD_season>1</DVD_season>
  <Director>Steve Ressel</Director>
  <EpImgFlag>1</EpImgFlag>
  <EpisodeName>Rise of the Zitboy</EpisodeName>
  <EpisodeNumber>17</EpisodeNumber>
  <FirstAired>2001-08-31</FirstAired>
  <GuestStars>|Dave Fouquette| Jason Marsden|</GuestStars>
  <IMDB_ID></IMDB_ID>
  <Language>en</Language>
  <Overview>When Zim comes home from a lousy day at skool because he found out that Dib knows a flaw in his security system, Gir attempts to cheer him up by rubbing bacon oil all over his face.  However, when Zim develops a pimple due to the grease, he fears that he will be considered abnormal and that it will jeopardize his mission.  Zim believe he can use some acne medicine to get rid of the pimple, but when it only gets worse and when Gir draws a little face on the pimple, Zim believes all hope is lost; though Zim soon discovers the pimple has hypnotic powers and he hopes to exploit this new power in order to get Dib to reveal his secret.
</Overview>
  <ProductionCode>10A</ProductionCode>
  <Rating>7.5</Rating>
  <RatingCount>4</RatingCount>
  <SeasonNumber>1</SeasonNumber>
  <Writer>Frank Conniff, Roman Dirge</Writer>
  <absolute_number>13</absolute_number>
  <filename>episodes/75545/172900.jpg</filename>
  <lastupdated>1273348437</lastupdated>
  <seasonid>8998</seasonid>
  <seriesid>75545</seriesid>
</Episode>
<Episode>
  <id>172901</id>
  <Combined_episodenumber>10.1</Combined_episodenumber>
  <Combined_season>1</Combined_season>
  <DVD_chapter></DVD_chapter>
  <DVD_discid></DVD_discid>
  <DVD_episodenumber>10.1</DVD_episodenumber>
  <DVD_season>1</DVD_season>
  <Director>Steve Ressel</Director>
  <EpImgFlag>1</EpImgFlag>
  <EpisodeName>Plague of Babies</EpisodeName>
  <EpisodeNumber>18</EpisodeNumber>
  <FirstAired>2001-09-07</FirstAired>
  <GuestStars></GuestStars>
  <IMDB_ID></IMDB_ID>
  <Language>en</Language>
  <Overview>When Zim’s Voot Cruiser has a mechanical failure and it sends Zim and Gir flying through the skies, Zim manages to gain control just in time to land safely in their headquarters.  However, Zim is highly upset because a human baby saw the whole thing and despite Gir’s attempts to reason with him, Zim decides to go meet with the baby to see what he can do.  However, Zim soon discovers the true nature of the baby and he must do everything he can to prevent them from accomplishing their goals.
</Overview>
  <ProductionCode>10B</ProductionCode>
  <Rating>6.5</Rating>
  <RatingCount>2</RatingCount>
  <SeasonNumber>1</SeasonNumber>
  <Writer>Rob Hummel</Writer>
  <absolute_number>18</absolute_number>
  <filename>episodes/75545/172901.jpg</filename>
  <lastupdated>1273371449</lastupdated>
  <seasonid>8998</seasonid>
  <seriesid>75545</seriesid>
</Episode>
<Episode>
  <id>172902</id>
  <Combined_episodenumber>10.2</Combined_episodenumber>
  <Combined_season>1</Combined_season>
  <DVD_chapter></DVD_chapter>
  <DVD_discid></DVD_discid>
  <DVD_episodenumber>10.2</DVD_episodenumber>
  <DVD_season>1</DVD_season>
  <Director>Steve Ressel</Director>
  <EpImgFlag>1</EpImgFlag>
  <EpisodeName>Bloaty's Pizza Hog</EpisodeName>
  <EpisodeNumber>19</EpisodeNumber>
  <FirstAired>2001-09-07</FirstAired>
  <GuestStars>|Brad Abrell|</GuestStars>
  <IMDB_ID></IMDB_ID>
  <Language>en</Language>
  <Overview>Dib believes he has figured out a way to successfully tunnel into Zim’s underground base, but when his father comes in and announces that it’s the Membrane family’s night out and that Gaz gets to pick the place to eat, Dib runs off saying that he will be back in time for them to leave.  However, when Dib fails to arrive on time, Professor Membrane decides to wait until Dib gets back, which causes Gaz to become quite frustrated as she really wanted to get some of her favorite food; she decides to go find Dib at Zim’s place and despite the fact that Zim’s already taken Dib into an in-space laboratory, she refuses to miss her opportunity to eat out so she plans to let nothing get in her way.
</Overview>
  <ProductionCode>12A</ProductionCode>
  <Rating>8.0</Rating>
  <RatingCount>3</RatingCount>
  <SeasonNumber>1</SeasonNumber>
  <Writer>Rob Hummel</Writer>
  <absolute_number>19</absolute_number>
  <filename>episodes/75545/172902.jpg</filename>
  <lastupdated>1273349373</lastupdated>
  <seasonid>8998</seasonid>
  <seriesid>75545</seriesid>
</Episode>
<Episode>
  <id>172903</id>
  <Combined_episodenumber>12.1</Combined_episodenumber>
  <Combined_season>1</Combined_season>
  <DVD_chapter></DVD_chapter>
  <DVD_discid></DVD_discid>
  <DVD_episodenumber>12.1</DVD_episodenumber>
  <DVD_season>1</DVD_season>
  <Director>Steve Ressel</Director>
  <EpImgFlag>1</EpImgFlag>
  <EpisodeName>Bolognius Maximus</EpisodeName>
  <EpisodeNumber>20</EpisodeNumber>
  <FirstAired>2001-09-21</FirstAired>
  <GuestStars>|Janice Kawaye|</GuestStars>
  <IMDB_ID></IMDB_ID>
  <Language>en</Language>
  <Overview>When Dib once again notices that Zim isn’t eating his food, he throws a piece of bologna at him in order to taunt him, in which the bologna fuses with Zim’s skin, causing him immense pain.  Zim vows to get his revenge and during the next day of school, Dib sits on a tack, which causes Zim to begin laughing hysterically.  Dib believes Zim is just being pathetic, but when Dib begins to transform into a living piece of bologna, he realizes that Zim’s plan was better than he had thought and he must formulate a method of curing himself before it’s too late.
</Overview>
  <ProductionCode>12B</ProductionCode>
  <Rating>7.0</Rating>
  <RatingCount>3</RatingCount>
  <SeasonNumber>1</SeasonNumber>
  <Writer></Writer>
  <absolute_number>22</absolute_number>
  <filename>episodes/75545/172903.jpg</filename>
  <lastupdated>1273349761</lastupdated>
  <seasonid>8998</seasonid>
  <seriesid>75545</seriesid>
</Episode>
<Episode>
  <id>172904</id>
  <Combined_episodenumber>12.2</Combined_episodenumber>
  <Combined_season>1</Combined_season>
  <DVD_chapter></DVD_chapter>
  <DVD_discid></DVD_discid>
  <DVD_episodenumber>12.2</DVD_episodenumber>
  <DVD_season>1</DVD_season>
  <Director>Steve Ressel</Director>
  <EpImgFlag>1</EpImgFlag>
  <EpisodeName>Game Slave 2</EpisodeName>
  <EpisodeNumber>21</EpisodeNumber>
  <FirstAired>2001-09-21</FirstAired>
  <GuestStars>|Gary Falcone| Kathryn Fiore| Paul Greenberg| Eric Trueheart|</GuestStars>
  <IMDB_ID></IMDB_ID>
  <Language>en</Language>
  <Overview>When Gaz sees an advertisement for the new handheld gaming console, the Game Slave 2, she decides that she really needs to go to the mall in order to get one. However, when her father insists that she takes Dib to the mall as well, he forces her to wait until Mysterious Mysteries goes off, which causes them to arrive at the mall late. Gaz, in rage, tricks Dib into running off into the underground parking lot while she attempts to get a Game Slave 2; though Gaz discovers an annoying kid managed to get the last copy so she seeks to steal his copy, all the while Dib must attempt to get out of the underground parking lot, which is filled with rat-like people who just annoy him.
</Overview>
  <ProductionCode>16</ProductionCode>
  <Rating>6.5</Rating>
  <RatingCount>4</RatingCount>
  <SeasonNumber>1</SeasonNumber>
  <Writer>Eric Trueheart</Writer>
  <absolute_number>23</absolute_number>
  <filename>episodes/75545/172904.jpg</filename>
  <lastupdated>1273350070</lastupdated>
  <seasonid>8998</seasonid>
  <seriesid>75545</seriesid>
</Episode>
<Episode>
  <id>172905</id>
  <Combined_episodenumber>14.0</Combined_episodenumber>
  <Combined_season>1</Combined_season>
  <DVD_chapter></DVD_chapter>
  <DVD_discid></DVD_discid>
  <DVD_episodenumber>14.0</DVD_episodenumber>
  <DVD_season>1</DVD_season>
  <Director>Steve Ressel</Director>
  <EpImgFlag>1</EpImgFlag>
  <EpisodeName>Halloween Spectacular of Spooky Doom</EpisodeName>
  <EpisodeNumber>22</EpisodeNumber>
  <FirstAired>2001-10-26</FirstAired>
  <GuestStars>|Kevin Michael Richardson|</GuestStars>
  <IMDB_ID></IMDB_ID>
  <Language>en</Language>
  <Overview>It’s Halloween and the entire town is getting into the Halloween spirit; much to Zim’s dismay because he considers the entire concept to be insane and he doesn’t want filthy Earth children coming to his house.  Meanwhile, Ms. Bitters sends Dib to an insane asylum because he has been acting crazier than normal, in which in truth he has been getting sucked into a nightmare world that was created due to his meddling with one of his father’s inventions.  After finally getting out of the nightmare world and out of the insane asylum, Dib sees Zim’s house and decides to force Zim to come with him into the Nightmare world because he believes Zim will have the capability to put an end to all the madness, but will they manage to work together despite the fact that they’re enemies and that Zim didn’t want to help him in the first place?
</Overview>
  <ProductionCode>14A</ProductionCode>
  <Rating>7.5</Rating>
  <RatingCount>2</RatingCount>
  <SeasonNumber>1</SeasonNumber>
  <Writer>Rob Hummel</Writer>
  <absolute_number>25</absolute_number>
  <filename>episodes/75545/172905.jpg</filename>
  <lastupdated>1273350334</lastupdated>
  <seasonid>8998</seasonid>
  <seriesid>75545</seriesid>
</Episode>
<Episode>
  <id>172906</id>
  <Combined_episodenumber>15.1</Combined_episodenumber>
  <Combined_season>1</Combined_season>
  <DVD_chapter></DVD_chapter>
  <DVD_discid></DVD_discid>
  <DVD_episodenumber>15.1</DVD_episodenumber>
  <DVD_season>1</DVD_season>
  <Director>Steve Ressel</Director>
  <EpImgFlag>1</EpImgFlag>
  <EpisodeName>Mysterious Mysteries</EpisodeName>
  <EpisodeNumber>23</EpisodeNumber>
  <FirstAired>2002-03-22</FirstAired>
  <GuestStars>|Mary Scheer| Adam Paul|</GuestStars>
  <IMDB_ID></IMDB_ID>
  <Language>en</Language>
  <Overview>When Mysterious Mysteries is having trouble in ratings due to their lack of stories, they decide to take drastic measures and they finally let Dib onto the show.  Dib believes this is his best chance to reveal Zim for what he is and he plays a short clip of Zim and Dib in the woods, which actually makes the anchor of the series quite pleased.  However, when Zim gets on the show the next day to attempt to prove Dib wrong, they soon get into a battle of words over the real events that occurred on that day as they both attempt to persuade the host of Mysterious Mysteries to believe what they have said.
</Overview>
  <ProductionCode>14B</ProductionCode>
  <Rating>7.7</Rating>
  <RatingCount>3</RatingCount>
  <SeasonNumber>1</SeasonNumber>
  <Writer>Rob Hummel, Courtney Lilly</Writer>
  <absolute_number>26</absolute_number>
  <filename>episodes/75545/172906.jpg</filename>
  <lastupdated>1273350769</lastupdated>
  <seasonid>8998</seasonid>
  <seriesid>75545</seriesid>
</Episode>
<Episode>
  <id>172907</id>
  <Combined_episodenumber>15.2</Combined_episodenumber>
  <Combined_season>1</Combined_season>
  <DVD_chapter></DVD_chapter>
  <DVD_discid></DVD_discid>
  <DVD_episodenumber>15.2</DVD_episodenumber>
  <DVD_season>1</DVD_season>
  <Director>Steve Ressel</Director>
  <EpImgFlag>1</EpImgFlag>
  <EpisodeName>Future Dib</EpisodeName>
  <EpisodeNumber>24</EpisodeNumber>
  <FirstAired>2002-03-22</FirstAired>
  <GuestStars>|Brad Abrell|</GuestStars>
  <IMDB_ID></IMDB_ID>
  <Language>en</Language>
  <Overview>Professor Membrane has just unveiled a world changing machine that will completely remove the entire need for fuel, though if the machine were to malfunction, it could cause a giant shockwave that would destroy all life on Earth.  However, Professor Membrane refuses to turn the machine on until his children are present, in which Dib is absent because he is attempting to prevent Zim from sabotaging the machine.  However, things soon take a turn for the worse as Dib falls into one of Zim’s traps and the crowd in front of Professor Membrane beings to grow uneasy over the fact that they’ve waited so long, so Professor Membrane decides to send Gaz to go find Dib and put an end to his foolishness.
</Overview>
  <ProductionCode>11A</ProductionCode>
  <Rating>7.5</Rating>
  <RatingCount>2</RatingCount>
  <SeasonNumber>1</SeasonNumber>
  <Writer>Rob Hummel</Writer>
  <absolute_number>27</absolute_number>
  <filename>episodes/75545/172907.jpg</filename>
  <lastupdated>1273350953</lastupdated>
  <seasonid>8998</seasonid>
  <seriesid>75545</seriesid>
</Episode>
<Episode>
  <id>172908</id>
  <Combined_episodenumber>11.1</Combined_episodenumber>
  <Combined_season>1</Combined_season>
  <DVD_chapter></DVD_chapter>
  <DVD_discid></DVD_discid>
  <DVD_episodenumber>11.1</DVD_episodenumber>
  <DVD_season>1</DVD_season>
  <Director>Steve Ressel</Director>
  <EpImgFlag>1</EpImgFlag>
  <EpisodeName>Door to Door</EpisodeName>
  <EpisodeNumber>25</EpisodeNumber>
  <FirstAired>2002-03-29</FirstAired>
  <GuestStars>|Mary Scheer| Jocelyn Blue|</GuestStars>
  <IMDB_ID></IMDB_ID>
  <Language>en</Language>
  <Overview>The skool is holding a candy drive in order to get some finances, in which the individual who sells the most chocolate bars will get a secret mystery prize.  Zim becomes interested and he attempts to find a way to sell the most chocolate bars, which causes Dib to get into the contest in order to gain a defeat over Zim.  Zim soon realizes, however, that he may have to take drastic measures in order to sell more candy bars than Dib.
</Overview>
  <ProductionCode>11B</ProductionCode>
  <Rating>7.8</Rating>
  <RatingCount>4</RatingCount>
  <SeasonNumber>1</SeasonNumber>
  <Writer>Eric Trueheart, Courtney Lilly</Writer>
  <absolute_number>20</absolute_number>
  <filename>episodes/75545/172908.jpg</filename>
  <lastupdated>1273351142</lastupdated>
  <seasonid>8998</seasonid>
  <seriesid>75545</seriesid>
</Episode>
<Episode>
  <id>172909</id>
  <Combined_episodenumber>11.2</Combined_episodenumber>
  <Combined_season>1</Combined_season>
  <DVD_chapter></DVD_chapter>
  <DVD_discid></DVD_discid>
  <DVD_episodenumber>11.2</DVD_episodenumber>
  <DVD_season>1</DVD_season>
  <Director>Steve Ressel</Director>
  <EpImgFlag>1</EpImgFlag>
  <EpisodeName>FBI Warning of Doom</EpisodeName>
  <EpisodeNumber>26</EpisodeNumber>
  <FirstAired>2002-03-29</FirstAired>
  <GuestStars></GuestStars>
  <IMDB_ID></IMDB_ID>
  <Language>en</Language>
  <Overview>Gir has recently been watching a movie he rented from the local mall, in which Zim just happens to be in the room when the FBI Warning is displayed on screen.  Just as Zim realizes this, he gets a phone call from the mall saying they need the video back, in which Zim begins to panic because he believes that there is foul play at hand.  When his computer tells him that the FBI must be an alien hunting group, he grabs the movie and makes his way to the mall, despite the fact that he doesn’t know what to expect when he arrives.
</Overview>
  <ProductionCode>13</ProductionCode>
  <Rating>8.0</Rating>
  <RatingCount>2</RatingCount>
  <SeasonNumber>1</SeasonNumber>
  <Writer>Frank Conniff</Writer>
  <absolute_number>21</absolute_number>
  <filename>episodes/75545/172909.jpg</filename>
  <lastupdated>1273351429</lastupdated>
  <seasonid>8998</seasonid>
  <seriesid>75545</seriesid>
</Episode>
<Episode>
  <id>172910</id>
  <Combined_episodenumber>13.0</Combined_episodenumber>
  <Combined_season>1</Combined_season>
  <DVD_chapter></DVD_chapter>
  <DVD_discid></DVD_discid>
  <DVD_episodenumber>13.0</DVD_episodenumber>
  <DVD_season>1</DVD_season>
  <Director>Steve Ressel</Director>
  <EpImgFlag>1</EpImgFlag>
  <EpisodeName>Battle of the Planets</EpisodeName>
  <EpisodeNumber>27</EpisodeNumber>
  <FirstAired>2002-04-05</FirstAired>
  <GuestStars>|John de Lancie| Ted Raimi|</GuestStars>
  <IMDB_ID></IMDB_ID>
  <Language>en</Language>
  <Overview>When Zim goes to Mars to attempt to find a way to destroy the Earth, figuring that whatever killed the life on Mars may work for Earth as well, he stumbles across the face on Mars, which he later discovers that is actually the controls for a spaceship, in which the entire planet of Mars was the spaceship.  Dib learns of this and he attempts to go to NASAPLACE in order to get them to see what Zim is doing, but they refuse to believe him as they can’t look at the monitors.  Will Dib be able to find a way to stop Zim before he uses the red planet to squish all the life out of the Earth?
</Overview>
  <ProductionCode>18A</ProductionCode>
  <Rating>8.5</Rating>
  <RatingCount>2</RatingCount>
  <SeasonNumber>1</SeasonNumber>
  <Writer></Writer>
  <absolute_number>24</absolute_number>
  <filename>episodes/75545/172910.jpg</filename>
  <lastupdated>1273356061</lastupdated>
  <seasonid>8998</seasonid>
  <seriesid>75545</seriesid>
</Episode>
<Episode>
  <id>172911</id>
  <Combined_episodenumber>18.1</Combined_episodenumber>
  <Combined_season>1</Combined_season>
  <DVD_chapter></DVD_chapter>
  <DVD_discid></DVD_discid>
  <DVD_episodenumber>18.1</DVD_episodenumber>
  <DVD_season>1</DVD_season>
  <Director>Steve Ressel</Director>
  <EpImgFlag>1</EpImgFlag>
  <EpisodeName>Abducted</EpisodeName>
  <EpisodeNumber>28</EpisodeNumber>
  <FirstAired>2002-04-12</FirstAired>
  <GuestStars>|Brian George| Jim Wise|</GuestStars>
  <IMDB_ID></IMDB_ID>
  <Language>en</Language>
  <Overview>When Zim is attempting to explain to the Almighty Tallest that the humans are both dumb and tall, he gets interrupted when the doorbell rings and his transmission to the Tallest is cut short.  The two individuals at the door claim to be human, but Zim doesn’t believe them and he attempts to tell them that their spaceship is jamming his signal; they respond by merely sacking both Gir and Zim and taking them to their spaceship.  Will Zim be able to get back to his base and finish his report to the Tallest, and what will Zim do to the two aliens who dared to capture him?
</Overview>
  <ProductionCode>18B</ProductionCode>
  <Rating>7.5</Rating>
  <RatingCount>2</RatingCount>
  <SeasonNumber>1</SeasonNumber>
  <Writer>Rob Hummel</Writer>
  <absolute_number>32</absolute_number>
  <filename>episodes/75545/172911.jpg</filename>
  <lastupdated>1273356363</lastupdated>
  <seasonid>8998</seasonid>
  <seriesid>75545</seriesid>
</Episode>
<Episode>
  <id>172912</id>
  <Combined_episodenumber>18.2</Combined_episodenumber>
  <Combined_season>1</Combined_season>
  <DVD_chapter></DVD_chapter>
  <DVD_discid></DVD_discid>
  <DVD_episodenumber>18.2</DVD_episodenumber>
  <DVD_season>1</DVD_season>
  <Director>Steve Ressel</Director>
  <EpImgFlag>1</EpImgFlag>
  <EpisodeName>The Sad, Sad Tale of Chickenfoot</EpisodeName>
  <EpisodeNumber>29</EpisodeNumber>
  <FirstAired>2002-04-12</FirstAired>
  <GuestStars>|Kathryn Fiore| Adam Paul| Dwight Schultz|</GuestStars>
  <IMDB_ID></IMDB_ID>
  <Language>en</Language>
  <Overview>When Professor Membrane invites some of his colleagues over to the house, they insult and mock Dib because of his hobby of paranormal investigation.  Matters become even worse for Dib when Mysterious Mysteries begins to show a segment on Chickenfoot, a being that is obviously a guy in a suit.  Dib decides to go on a crusade to prove Chickenfoot is a fraud in order to establish the fact that paranormal investigation also disproves the frauds along with proving the real mysteries, though will Dib be able to find the elusive Chickenfoot and even if he does, how will he manage to get the suit off of him?
</Overview>
  <ProductionCode>17A</ProductionCode>
  <Rating>7.7</Rating>
  <RatingCount>3</RatingCount>
  <SeasonNumber>1</SeasonNumber>
  <Writer>Eric Trueheart</Writer>
  <absolute_number>33</absolute_number>
  <filename>episodes/75545/172912.jpg</filename>
  <lastupdated>1273356609</lastupdated>
  <seasonid>8998</seasonid>
  <seriesid>75545</seriesid>
</Episode>
<Episode>
  <id>172913</id>
  <Combined_episodenumber>17.1</Combined_episodenumber>
  <Combined_season>1</Combined_season>
  <DVD_chapter></DVD_chapter>
  <DVD_discid></DVD_discid>
  <DVD_episodenumber>17.1</DVD_episodenumber>
  <DVD_season>1</DVD_season>
  <Director>Steve Ressel</Director>
  <EpImgFlag>1</EpImgFlag>
  <EpisodeName>Megadoomer</EpisodeName>
  <EpisodeNumber>30</EpisodeNumber>
  <FirstAired>2002-04-26</FirstAired>
  <GuestStars>|Kevin Michael Richardson| Kevin McDonald| Kerri Kenney|</GuestStars>
  <IMDB_ID></IMDB_ID>
  <Language>en</Language>
  <Overview>The Almighty tallest are examining a storage planet in order to send valuable goods to the Invaders to help them on their missions. They decide to send a Megadoomer Combat Stealth Mech to Invader Tenn to help her conquest of the planet Meekrob and they decide to send a box of malfunctioning SIR units to Invader ZIM, but when the two packages addresses are switched by an angry slave, ZIM gets the Megadoomer and plans to use his new gift from the Tallest to put an end to Dib once and for all.

</Overview>
  <ProductionCode>17B</ProductionCode>
  <Rating>7.3</Rating>
  <RatingCount>4</RatingCount>
  <SeasonNumber>1</SeasonNumber>
  <Writer>Eric Trueheart</Writer>
  <absolute_number>30</absolute_number>
  <filename>episodes/75545/172913.jpg</filename>
  <lastupdated>1273357048</lastupdated>
  <seasonid>8998</seasonid>
  <seriesid>75545</seriesid>
</Episode>
<Episode>
  <id>172914</id>
  <Combined_episodenumber>17.2</Combined_episodenumber>
  <Combined_season>1</Combined_season>
  <DVD_chapter></DVD_chapter>
  <DVD_discid></DVD_discid>
  <DVD_episodenumber>17.2</DVD_episodenumber>
  <DVD_season>1</DVD_season>
  <Director>Steve Ressel</Director>
  <EpImgFlag>1</EpImgFlag>
  <EpisodeName>Lice</EpisodeName>
  <EpisodeNumber>31</EpisodeNumber>
  <FirstAired>2002-04-26</FirstAired>
  <GuestStars>|Mindy Sterling|</GuestStars>
  <IMDB_ID></IMDB_ID>
  <Language>en</Language>
  <Overview>When at skool one day, a child comes into class late because his head was itchy, which Ms. Bitters recognizes that it was due to lice. Before she can do anything, however, the lice infect the rest of the students in the class, so Ms, Bitters informs the Delouser, who proclaims martial law and the children are taken into separate rooms. However, Zim shows no sign of being infected by the lice, which causes the Delouser to take special interest in him.
</Overview>
  <ProductionCode>20</ProductionCode>
  <Rating>7.5</Rating>
  <RatingCount>2</RatingCount>
  <SeasonNumber>1</SeasonNumber>
  <Writer>Rob Hummel</Writer>
  <absolute_number>31</absolute_number>
  <filename>episodes/75545/172914.jpg</filename>
  <lastupdated>1273357651</lastupdated>
  <seasonid>8998</seasonid>
  <seriesid>75545</seriesid>
</Episode>
<Episode>
  <id>172915</id>
  <Combined_episodenumber>20.0</Combined_episodenumber>
  <Combined_season>1</Combined_season>
  <DVD_chapter></DVD_chapter>
  <DVD_discid></DVD_discid>
  <DVD_episodenumber>20.0</DVD_episodenumber>
  <DVD_season>1</DVD_season>
  <Director>Steve Ressel</Director>
  <EpImgFlag>1</EpImgFlag>
  <EpisodeName>Tak: The Hideous New Girl</EpisodeName>
  <EpisodeNumber>32</EpisodeNumber>
  <FirstAired>2002-05-10</FirstAired>
  <GuestStars>|Olivia d'Abo| Jason Marsden| Janice Kawaye| Eric Trueheart|</GuestStars>
  <IMDB_ID></IMDB_ID>
  <Language>en</Language>
  <Overview>It’s Valentines Day and everyone is celebrating by giving out meat valentines, but when a new girl named Tak arrives and starts giving out sausages, Zim believes she has a crush on him so he exploits the opportunity to examine human love rituals.  However, when such doesn’t turn out so well, he decides to head home, only to discover later that Tak followed him home and that she is actually a member of the Irken race.  Tak plans to take over Zim’s mission so she can show the Tallest that she is worthy of being an Invader, but that’s not something Zim is going to permit so easily so he vows to prevent her from doing this, as the Earth is his planet to destroy.
</Overview>
  <ProductionCode>19A</ProductionCode>
  <Rating>8.8</Rating>
  <RatingCount>4</RatingCount>
  <SeasonNumber>1</SeasonNumber>
  <Writer>Eric Trueheart</Writer>
  <absolute_number>36</absolute_number>
  <filename>episodes/75545/172915.jpg</filename>
  <lastupdated>1278736547</lastupdated>
  <seasonid>8998</seasonid>
  <seriesid>75545</seriesid>
</Episode>
<Episode>
  <id>172916</id>
  <Combined_episodenumber>19.1</Combined_episodenumber>
  <Combined_season>1</Combined_season>
  <DVD_chapter></DVD_chapter>
  <DVD_discid>3</DVD_discid>
  <DVD_episodenumber>19.1</DVD_episodenumber>
  <DVD_season>1</DVD_season>
  <Director></Director>
  <EpImgFlag>1</EpImgFlag>
  <EpisodeName>GIR Goes Crazy and Stuff</EpisodeName>
  <EpisodeNumber>33</EpisodeNumber>
  <FirstAired>2002-05-24</FirstAired>
  <GuestStars>|John DiCrosta| André Sogliuzzo| Eric Trueheart|</GuestStars>
  <IMDB_ID></IMDB_ID>
  <Language>en</Language>
  <Overview>When Zim attempts to taint the Earth’s cow-meat supply with sewer water is ruined because of Gir’s antics, he decides to increase the power on Gir’s behavioral modifier, which will permit him to stay in serious mode all the time.  However, when the serious Gir starts to consider Zim a threat to the mission and runs off to learn things on his own accord, it’s up to Zim and Squidman to find Gir and turn down the power on his behavioral modifier before too many individuals see them and jeopardize their mission.
</Overview>
  <ProductionCode>19B</ProductionCode>
  <Rating>7.5</Rating>
  <RatingCount>4</RatingCount>
  <SeasonNumber>1</SeasonNumber>
  <Writer>Eric Trueheart</Writer>
  <absolute_number>34</absolute_number>
  <filename>episodes/75545/172916.jpg</filename>
  <lastupdated>1273358266</lastupdated>
  <seasonid>8998</seasonid>
  <seriesid>75545</seriesid>
</Episode>
<Episode>
  <id>172917</id>
  <Combined_episodenumber>19.2</Combined_episodenumber>
  <Combined_season>1</Combined_season>
  <DVD_chapter></DVD_chapter>
  <DVD_discid></DVD_discid>
  <DVD_episodenumber>19.2</DVD_episodenumber>
  <DVD_season>1</DVD_season>
  <Director>Steve Ressel</Director>
  <EpImgFlag>1</EpImgFlag>
  <EpisodeName>Dib's Wonderful Life of Doom</EpisodeName>
  <EpisodeNumber>34</EpisodeNumber>
  <FirstAired>2002-05-24</FirstAired>
  <GuestStars>|Greg Ellis|</GuestStars>
  <IMDB_ID></IMDB_ID>
  <Language>en</Language>
  <Overview>While at school one day, Zim throws another fit about the lunch food so Dib throws a muffin at him, which causes Zim to run away in anger.  The next day, a pair of Meekrob come to Dib in his sleep and grant him marvelous super powers, in which Dib decides to use to put an end to Zim once and for all.  When Dib manages to suppress Zim quite easily, he decides to use his power for the greater good and he lives out the wonderful life he always wanted to have; though perhaps it’s too wonderful.
</Overview>
  <ProductionCode>15A</ProductionCode>
  <Rating>6.7</Rating>
  <RatingCount>3</RatingCount>
  <SeasonNumber>1</SeasonNumber>
  <Writer>Eric Trueheart</Writer>
  <absolute_number>35</absolute_number>
  <filename>episodes/75545/172917.jpg</filename>
  <lastupdated>1273358509</lastupdated>
  <seasonid>8998</seasonid>
  <seriesid>75545</seriesid>
</Episode>
<Episode>
  <id>172918</id>
  <Combined_episodenumber>16.1</Combined_episodenumber>
  <Combined_season>1</Combined_season>
  <DVD_chapter></DVD_chapter>
  <DVD_discid></DVD_discid>
  <DVD_episodenumber>16.1</DVD_episodenumber>
  <DVD_season>1</DVD_season>
  <Director>Steve Ressel</Director>
  <EpImgFlag>1</EpImgFlag>
  <EpisodeName>Hobo 13</EpisodeName>
  <EpisodeNumber>35</EpisodeNumber>
  <FirstAired>2002-07-12</FirstAired>
  <GuestStars>|Ted Raimi| R. Lee Ermey| Danielle Koenig| Kevin Michael Doyle|</GuestStars>
  <IMDB_ID></IMDB_ID>
  <Language>en</Language>
  <Overview>When Zim’s constant requests to the Tallest get on their nerves, they attempt to remind him that he is an Invader, not a battle soldier, and that he doesn’t have the training to use the equipment he requested.  In order for Zim to prove himself to them, they send him to Hobo 13, an elite training facility that only the best of soldiers stand a chance of completing.  While the Tallest hope that Zim will die on the mission and be gone once and for all, they soon discover that Zim is much more cunning than they gave him credit for.
</Overview>
  <ProductionCode>15B</ProductionCode>
  <Rating>7.0</Rating>
  <RatingCount>3</RatingCount>
  <SeasonNumber>1</SeasonNumber>
  <Writer>Eric Trueheart, Danielle Koenig</Writer>
  <absolute_number>28</absolute_number>
  <filename>episodes/75545/172918.jpg</filename>
  <lastupdated>1273358944</lastupdated>
  <seasonid>8998</seasonid>
  <seriesid>75545</seriesid>
</Episode>
<Episode>
  <id>316017</id>
  <Combined_episodenumber>16.2</Combined_episodenumber>
  <Combined_season>1</Combined_season>
  <DVD_chapter></DVD_chapter>
  <DVD_discid></DVD_discid>
  <DVD_episodenumber>16.2</DVD_episodenumber>
  <DVD_season>1</DVD_season>
  <Director>Steve Ressel</Director>
  <EpImgFlag>1</EpImgFlag>
  <EpisodeName>Walk for Your Lives</EpisodeName>
  <EpisodeNumber>36</EpisodeNumber>
  <FirstAired>2002-09-28</FirstAired>
  <GuestStars></GuestStars>
  <IMDB_ID></IMDB_ID>
  <Language>en</Language>
  <Overview>During Probing Day, the day where the Tallest evaluate the Invaders’ performances, Zim has Dib captured in a space-time-field prison which is keeping him in slow motion, in which Zim wants to perform experiments on him for the Tallest.  However, when a malfunction causes the prison to explode, Zim finds a piece of explosion that is expanding very slowly; in which Zim believes he can end if he throws it into the city’s cesspool.  However, when he discovers that getting the explosion to the cesspool is much more difficult than he expected, he finds that he may just have to use unconventional means to complete the task.
</Overview>
  <ProductionCode></ProductionCode>
  <Rating>7.0</Rating>
  <RatingCount>2</RatingCount>
  <SeasonNumber>1</SeasonNumber>
  <Writer>Eric Trueheart</Writer>
  <absolute_number>29</absolute_number>
  <filename>episodes/75545/316017.jpg</filename>
  <lastupdated>1273359148</lastupdated>
  <seasonid>8998</seasonid>
  <seriesid>75545</seriesid>
</Episode>
<Episode>
  <id>172919</id>
  <Combined_episodenumber>27.0</Combined_episodenumber>
  <Combined_season>1</Combined_season>
  <DVD_chapter></DVD_chapter>
  <DVD_discid></DVD_discid>
  <DVD_episodenumber>27.0</DVD_episodenumber>
  <DVD_season>1</DVD_season>
  <Director></Director>
  <EpImgFlag>1</EpImgFlag>
  <EpisodeName>The Most Horrible X-mas Ever</EpisodeName>
  <EpisodeNumber>1</EpisodeNumber>
  <FirstAired>2002-12-10</FirstAired>
  <GuestStars>|Candi Milo| Jeffrey Jones| Dee Bradley Baker| Kathryn Fiore|</GuestStars>
  <IMDB_ID></IMDB_ID>
  <Language>en</Language>
  <Overview>This episode takes place in the future, in which a robotic snowman named Sludgy is telling children the story of the most horrible Christmas ever. It all started when Zim, Gir and Minimoose were on the streets trying to make money; he notices that fat men in red coats and white beards were making a lot of money. He captures one and he discovers the story of Santa Claus, in which he is amazed over how much power Santa has over the humans. Zim decides to create a giant Santa suit that he can use in order to pretend to be Santa, in order to have more power over the humans and become their ruler,so zim collects all info on santa and creates his suite, though Dib figures out Zim’s scheme and heads out to stop him in order to not only save Christmas, but to save the entire human race as well.
</Overview>
  <ProductionCode>29B/30A</ProductionCode>
  <Rating>8.0</Rating>
  <RatingCount>3</RatingCount>
  <SeasonNumber>2</SeasonNumber>
  <Writer>Eric Trueheart</Writer>
  <absolute_number>46</absolute_number>
  <filename>episodes/75545/172919.jpg</filename>
  <lastupdated>1273359563</lastupdated>
  <seasonid>8999</seasonid>
  <seriesid>75545</seriesid>
</Episode>
<Episode>
  <id>172920</id>
  <Combined_episodenumber>21.0</Combined_episodenumber>
  <Combined_season>1</Combined_season>
  <DVD_chapter></DVD_chapter>
  <DVD_discid></DVD_discid>
  <DVD_episodenumber>21.0</DVD_episodenumber>
  <DVD_season>1</DVD_season>
  <Director>Steve Ressel</Director>
  <EpImgFlag>1</EpImgFlag>
  <EpisodeName>Backseat Drivers from Beyond the Stars</EpisodeName>
  <EpisodeNumber>2</EpisodeNumber>
  <FirstAired>2006-06-10</FirstAired>
  <GuestStars>|Olivia d'Abo| Paul Greenberg| Michael McDonald|</GuestStars>
  <IMDB_ID></IMDB_ID>
  <Language>en</Language>
  <Overview>When Zim notices that the Almighty Tallest are very close to Earth, he wants them to view his newest scheme to destroy the humans: a monster that sucks out and eats the brains of people. The Tallest don’t care because they have their own problems to deal with, such as the group of resistance fighters that are trying to attack The Massive.  Zim decides to take control of The Massive and force the Almighty Tallest to come to Earth, though his plans are interrupted when Dib uses Tak’s ship in order to take control of The Massive as well, not to mention the fact that the robo-parents are malfunctioning and that the brain eating monster is about to break free.  Zim will need to work three times as hard if he wants to ensure his plan will be a success, though with the odds against him, will Zim be able to get the Tallest to Earth on time to witness his brilliance?
</Overview>
  <ProductionCode>21</ProductionCode>
  <Rating>7.7</Rating>
  <RatingCount>6</RatingCount>
  <SeasonNumber>2</SeasonNumber>
  <Writer></Writer>
  <absolute_number>37</absolute_number>
  <filename>episodes/75545/172920.jpg</filename>
  <lastupdated>1278736604</lastupdated>
  <seasonid>8999</seasonid>
  <seriesid>75545</seriesid>
</Episode>
<Episode>
  <id>172921</id>
  <Combined_episodenumber>22.1</Combined_episodenumber>
  <Combined_season>1</Combined_season>
  <DVD_chapter></DVD_chapter>
  <DVD_discid></DVD_discid>
  <DVD_episodenumber>22.1</DVD_episodenumber>
  <DVD_season>1</DVD_season>
  <Director></Director>
  <EpImgFlag>1</EpImgFlag>
  <EpisodeName>Mortos der Soulstealer</EpisodeName>
  <EpisodeNumber>3</EpisodeNumber>
  <FirstAired>2006-06-17</FirstAired>
  <GuestStars></GuestStars>
  <IMDB_ID></IMDB_ID>
  <Language>en</Language>
  <Overview>Dib summons Mortos der Soulstealer, a mystical being who emerges once every thousand years, in order to wish for him to steal ZIM’s soul.  However, when it turns out that Mortos needs to recharge his power before he can complete the task that Dib requested, Dib must help him do many absurd things in hopes of putting an end to ZIM once and for all.  Meanwhile, ZIM heads around town undergoing his latest evil scheme, which is the reason Dib was so eager to enlist Mortos’ help in the first place.
</Overview>
  <ProductionCode>22B</ProductionCode>
  <Rating>7.0</Rating>
  <RatingCount>4</RatingCount>
  <SeasonNumber>2</SeasonNumber>
  <Writer>Eric Trueheart</Writer>
  <absolute_number>38</absolute_number>
  <filename>episodes/75545/172921.jpg</filename>
  <lastupdated>1273360687</lastupdated>
  <seasonid>8999</seasonid>
  <seriesid>75545</seriesid>
</Episode>
<Episode>
  <id>172922</id>
  <Combined_episodenumber>22.2</Combined_episodenumber>
  <Combined_season>1</Combined_season>
  <DVD_chapter></DVD_chapter>
  <DVD_discid></DVD_discid>
  <DVD_episodenumber>22.2</DVD_episodenumber>
  <DVD_season>1</DVD_season>
  <Director></Director>
  <EpImgFlag>1</EpImgFlag>
  <EpisodeName>ZIM Eats Waffles</EpisodeName>
  <EpisodeNumber>4</EpisodeNumber>
  <FirstAired>2006-06-17</FirstAired>
  <GuestStars>|John de Lancie| Danny Cooksey| Bill Chott|</GuestStars>
  <IMDB_ID></IMDB_ID>
  <Language>en</Language>
  <Overview>When Dib finally manages to get a spy camera inside Zim’s house, he plans to exploit the moment to show the Swollen Eyeball Network the truth about Zim’s nature.  Unfortunately for Dib, Zim is more concerned with Gir’s waffles than his next evil plan, which causes Dib some complications as there is nothing special about waffles.  However, when something out of the ordinary does occur, Dib believes he may just have a chance to succeed in his plans.
</Overview>
  <ProductionCode>25B</ProductionCode>
  <Rating>8.0</Rating>
  <RatingCount>5</RatingCount>
  <SeasonNumber>2</SeasonNumber>
  <Writer>Eric Trueheart</Writer>
  <absolute_number>39</absolute_number>
  <filename>episodes/75545/172922.jpg</filename>
  <lastupdated>1273360953</lastupdated>
  <seasonid>8999</seasonid>
  <seriesid>75545</seriesid>
</Episode>
<Episode>
  <id>172923</id>
  <Combined_episodenumber>23.1</Combined_episodenumber>
  <Combined_season>1</Combined_season>
  <DVD_chapter></DVD_chapter>
  <DVD_discid></DVD_discid>
  <DVD_episodenumber>23.1</DVD_episodenumber>
  <DVD_season>1</DVD_season>
  <Director></Director>
  <EpImgFlag>1</EpImgFlag>
  <EpisodeName>The Girl Who Cried Gnome</EpisodeName>
  <EpisodeNumber>5</EpisodeNumber>
  <FirstAired>2006-07-15</FirstAired>
  <GuestStars>|Eliza Schneider| Jocelyn Blue| Jeffrey Jones|</GuestStars>
  <IMDB_ID></IMDB_ID>
  <Language>en</Language>
  <Overview>When a girl named Moofy comes to Zim’s house and attempts to sell him cookies, he freaks out and sends a robot gopher to get rid of her.  However, when Moofy falls into a hole, the story breaks out and a crowd of people and a news agency shows up to cover the breaking events.  Zim is worried because he doesn’t want his identity to be revealed, though he begins to formulate a method to exploit the moment to free Moofy and help him destroy the world.
</Overview>
  <ProductionCode>24B</ProductionCode>
  <Rating>8.5</Rating>
  <RatingCount>4</RatingCount>
  <SeasonNumber>2</SeasonNumber>
  <Writer>Rob Hummel</Writer>
  <absolute_number>40</absolute_number>
  <filename>episodes/75545/172923.jpg</filename>
  <lastupdated>1273368292</lastupdated>
  <seasonid>8999</seasonid>
  <seriesid>75545</seriesid>
</Episode>
<Episode>
  <id>172924</id>
  <Combined_episodenumber>23.2</Combined_episodenumber>
  <Combined_season>1</Combined_season>
  <DVD_chapter></DVD_chapter>
  <DVD_discid></DVD_discid>
  <DVD_episodenumber>23.2</DVD_episodenumber>
  <DVD_season>1</DVD_season>
  <Director></Director>
  <EpImgFlag>1</EpImgFlag>
  <EpisodeName>Dibship Rising</EpisodeName>
  <EpisodeNumber>6</EpisodeNumber>
  <FirstAired>2006-07-15</FirstAired>
  <GuestStars>|Olivia d'Abo| Paul Greenburg|</GuestStars>
  <IMDB_ID></IMDB_ID>
  <Language>en</Language>
  <Overview>When Dib discovers that Tak’s ship he recovered has a built in AI, he decides to reprogram the ship with his own personality.  While Dib is quite pleased with initial results, the spaceship begins to behave more and more like the real Dib and it attempts to actually take his place.  All of the attention of a huge spaceship going to school causes Zim to realize that it’s really Tak’s ship, so he plans to override the machines AI and order it to attack Dib; though can he really force a machine so smart to attack it’s counterpart?
</Overview>
  <ProductionCode>24A</ProductionCode>
  <Rating>8.0</Rating>
  <RatingCount>2</RatingCount>
  <SeasonNumber>2</SeasonNumber>
  <Writer>Eric Trueheart</Writer>
  <absolute_number>41</absolute_number>
  <filename>episodes/75545/172924.jpg</filename>
  <lastupdated>1273369287</lastupdated>
  <seasonid>8999</seasonid>
  <seriesid>75545</seriesid>
</Episode>
<Episode>
  <id>172925</id>
  <Combined_episodenumber>24.1</Combined_episodenumber>
  <Combined_season>1</Combined_season>
  <DVD_chapter></DVD_chapter>
  <DVD_discid></DVD_discid>
  <DVD_episodenumber>24.1</DVD_episodenumber>
  <DVD_season>1</DVD_season>
  <Director></Director>
  <EpImgFlag>1</EpImgFlag>
  <EpisodeName>Vindicated!</EpisodeName>
  <EpisodeNumber>7</EpisodeNumber>
  <FirstAired>2006-07-22</FirstAired>
  <GuestStars>|Paul Greenburg| Danielle Koenig|</GuestStars>
  <IMDB_ID></IMDB_ID>
  <Language>en</Language>
  <Overview>When Dib messes up during gym class, he is forced to go see the skool’s counselor, Mr. Dwicky, in which Dib mentions what happened with Zim.  However, when it turns out that Mr. Dwicky believes in Dib and proposes to work with him to prove Zim’s nature to the world, they forge a plan to lure Zim into a trap through the use of an alien translation device; however, Dib doesn’t realize the true nature of Mr. Dwicky’s intentions.
</Overview>
  <ProductionCode>22A</ProductionCode>
  <Rating>7.8</Rating>
  <RatingCount>4</RatingCount>
  <SeasonNumber>2</SeasonNumber>
  <Writer>Danielle Koenig</Writer>
  <absolute_number>42</absolute_number>
  <filename>episodes/75545/172925.jpg</filename>
  <lastupdated>1273369680</lastupdated>
  <seasonid>8999</seasonid>
  <seriesid>75545</seriesid>
</Episode>
<Episode>
  <id>172926</id>
  <Combined_episodenumber>24.2</Combined_episodenumber>
  <Combined_season>1</Combined_season>
  <DVD_chapter></DVD_chapter>
  <DVD_discid></DVD_discid>
  <DVD_episodenumber>24.2</DVD_episodenumber>
  <DVD_season>1</DVD_season>
  <Director></Director>
  <EpImgFlag>1</EpImgFlag>
  <EpisodeName>The Voting of the Doomed</EpisodeName>
  <EpisodeNumber>8</EpisodeNumber>
  <FirstAired>2006-07-22</FirstAired>
  <GuestStars>|Danielle Koenig| Kathryn Fiore| Jim Wise|</GuestStars>
  <IMDB_ID></IMDB_ID>
  <Language>en</Language>
  <Overview>It’s time for the class elections at skool, in which Zim decides to participate in because he figures that if he wins the election, he’ll be one step closer to ruling the world.  Dib wants to stop him but he knows that nobody would vote for him, so when Willy is nominated to compete against Zim, Dib decides to help Willy out in hopes that he’ll manage to defeat Zim in the polls.  However, will Willy be able to do what Dib tells him, and even if he does, would he be able to prevent Zim from winning the election?
</Overview>
  <ProductionCode>25A</ProductionCode>
  <Rating>7.3</Rating>
  <RatingCount>3</RatingCount>
  <SeasonNumber>2</SeasonNumber>
  <Writer>Eric Trueheart</Writer>
  <absolute_number>43</absolute_number>
  <filename>episodes/75545/172926.jpg</filename>
  <lastupdated>1273370071</lastupdated>
  <seasonid>8999</seasonid>
  <seriesid>75545</seriesid>
</Episode>
<Episode>
  <id>172927</id>
  <Combined_episodenumber>25.0</Combined_episodenumber>
  <Combined_season>1</Combined_season>
  <DVD_chapter></DVD_chapter>
  <DVD_discid></DVD_discid>
  <DVD_episodenumber>25.0</DVD_episodenumber>
  <DVD_season>1</DVD_season>
  <Director></Director>
  <EpImgFlag>1</EpImgFlag>
  <EpisodeName>Gaz, Taster of Pork</EpisodeName>
  <EpisodeNumber>9</EpisodeNumber>
  <FirstAired>2006-08-12</FirstAired>
  <GuestStars>|Jocelyn Blue| S. Scott Bullock| Jeffery Jones| Jeffrey Jones|</GuestStars>
  <IMDB_ID></IMDB_ID>
  <Language>en</Language>
  <Overview>When Dib finally manages to get his book of spells somewhat fixed, he casts a spell on his sister in order to test and see if things work properly. However, when the spell makes everything Gaz eat taste like pork, Gaz threatens to destroy him if he doesn’t help her get back to normal. All their father could do was put Gaz in a cage and treat her like a freak so Dib goes off to ask the Swollen Eyeball Network if they have any advice on the situation; there is only one way Gaz can get her sense of taste restored: she must travel to an alternate dimension and get The Pork King to return her back to normal.
</Overview>
  <ProductionCode>26</ProductionCode>
  <Rating>7.0</Rating>
  <RatingCount>3</RatingCount>
  <SeasonNumber>2</SeasonNumber>
  <Writer></Writer>
  <absolute_number>44</absolute_number>
  <filename>episodes/75545/172927.jpg</filename>
  <lastupdated>1273371143</lastupdated>
  <seasonid>8999</seasonid>
  <seriesid>75545</seriesid>
</Episode>
<Episode>
  <id>172928</id>
  <Combined_episodenumber>26.0</Combined_episodenumber>
  <Combined_season>1</Combined_season>
  <DVD_chapter></DVD_chapter>
  <DVD_discid></DVD_discid>
  <DVD_episodenumber>26.0</DVD_episodenumber>
  <DVD_season>1</DVD_season>
  <Director></Director>
  <EpImgFlag>1</EpImgFlag>
  <EpisodeName>The Frycook What Came from All that Space</EpisodeName>
  <EpisodeNumber>10</EpisodeNumber>
  <FirstAired>2006-08-19</FirstAired>
  <GuestStars>|Adam Baldwin| Paul Greenberg| Eric Trueheart| Jim Wise|</GuestStars>
  <IMDB_ID></IMDB_ID>
  <Language>en</Language>
  <Overview>When Sizz-Lorr, the owner of a restaurant on Foodcourtia, captures Zim and takes him back to Foodcourtia to continue his banishment, Zim must find a way to escape Sizz-Lorr’s wrath.  While Zim managed to escape once by going out the door, the restaurant has been upgraded with new security features that will make him explode if he attempts to leave.  The Great Foodening is also about to begin, so if Zim doesn’t escape before it occurs, he’ll be locked on Foodcourtia for twenty years; will Zim manage to find a way out, despite the fact that Sizz-Lorr is quite confident in his ability to make Zim suffer?
</Overview>
  <ProductionCode>23</ProductionCode>
  <Rating>8.7</Rating>
  <RatingCount>3</RatingCount>
  <SeasonNumber>2</SeasonNumber>
  <Writer></Writer>
  <absolute_number>45</absolute_number>
  <filename>episodes/75545/172928.jpg</filename>
  <lastupdated>1273371369</lastupdated>
  <seasonid>8999</seasonid>
  <seriesid>75545</seriesid>
</Episode>
</Data>