<?xml version="1.0" encoding="UTF-8" ?>
<Data><Series>
  <id>75318</id>
  <Actors>|Brendon Small|H. Jon Benjamin|Janine Ditullio|Loren Bouchard|Melissa Bardin Galsky|Paula Poundstone|</Actors>
  <Airs_DayOfWeek>Sunday</Airs_DayOfWeek>
  <Airs_Time>11:00 PM</Airs_Time>
  <ContentRating>TV-14</ContentRating>
  <FirstAired>1999-04-01</FirstAired>
  <Genre>|Animation|Comedy|</Genre>
  <IMDB_ID>tt0197159</IMDB_ID>
  <Language>en</Language>
  <Network>Cartoon Network</Network>
  <NetworkID></NetworkID>
  <Overview>TV series about the life of Brendon Small, an eight-year-old visionary who, using his friends Jason and Mellisa as actors, have managed to direct over a thousand homemade films. His parents are divorced, but it doesn't feel strange since so many other kids' parents are divorced. His friend Jason actually feels upset because his parents are still together. At school, he is taught soccer by his coach John McGirk, or as he calls him, &quot;that weird Irish guy&quot;.</Overview>
  <Rating>8.9</Rating>
  <RatingCount>8</RatingCount>
  <Runtime>30</Runtime>
  <SeriesID>3153</SeriesID>
  <SeriesName>Home Movies</SeriesName>
  <Status>Ended</Status>
  <added></added>
  <addedBy></addedBy>
  <banner>graphical/75318-g2.jpg</banner>
  <fanart>fanart/original/75318-1.jpg</fanart>
  <lastupdated>1350927732</lastupdated>
  <poster>posters/75318-2.jpg</poster>
  <zap2it_id>SH298935</zap2it_id>
</Series>
<Episode>
  <id>2240831</id>
  <Combined_episodenumber>1</Combined_episodenumber>
  <Combined_season>0</Combined_season>
  <DVD_chapter></DVD_chapter>
  <DVD_discid></DVD_discid>
  <DVD_episodenumber></DVD_episodenumber>
  <DVD_season></DVD_season>
  <Director></Director>
  <EpImgFlag></EpImgFlag>
  <EpisodeName>Brendon Plays Guitar &amp; Louren Bouchard</EpisodeName>
  <EpisodeNumber>1</EpisodeNumber>
  <FirstAired></FirstAired>
  <GuestStars></GuestStars>
  <IMDB_ID></IMDB_ID>
  <Language>en</Language>
  <Overview></Overview>
  <ProductionCode></ProductionCode>
  <Rating></Rating>
  <RatingCount>0</RatingCount>
  <SeasonNumber>0</SeasonNumber>
  <Writer></Writer>
  <absolute_number></absolute_number>
  <airsafter_season></airsafter_season>
  <airsbefore_episode></airsbefore_episode>
  <airsbefore_season></airsbefore_season>
  <filename></filename>
  <lastupdated>1274346450</lastupdated>
  <seasonid>22779</seasonid>
  <seriesid>75318</seriesid>
</Episode>
<Episode>
  <id>2240841</id>
  <Combined_episodenumber>2</Combined_episodenumber>
  <Combined_season>0</Combined_season>
  <DVD_chapter></DVD_chapter>
  <DVD_discid></DVD_discid>
  <DVD_episodenumber></DVD_episodenumber>
  <DVD_season></DVD_season>
  <Director></Director>
  <EpImgFlag></EpImgFlag>
  <EpisodeName>Animatics, Baby Pranks, Brendon Small</EpisodeName>
  <EpisodeNumber>2</EpisodeNumber>
  <FirstAired></FirstAired>
  <GuestStars></GuestStars>
  <IMDB_ID></IMDB_ID>
  <Language>en</Language>
  <Overview></Overview>
  <ProductionCode></ProductionCode>
  <Rating></Rating>
  <RatingCount>0</RatingCount>
  <SeasonNumber>0</SeasonNumber>
  <Writer></Writer>
  <absolute_number></absolute_number>
  <airsafter_season></airsafter_season>
  <airsbefore_episode></airsbefore_episode>
  <airsbefore_season></airsbefore_season>
  <filename></filename>
  <lastupdated>1274346460</lastupdated>
  <seasonid>22779</seasonid>
  <seriesid>75318</seriesid>
</Episode>
<Episode>
  <id>2240851</id>
  <Combined_episodenumber>3</Combined_episodenumber>
  <Combined_season>0</Combined_season>
  <DVD_chapter></DVD_chapter>
  <DVD_discid></DVD_discid>
  <DVD_episodenumber></DVD_episodenumber>
  <DVD_season></DVD_season>
  <Director></Director>
  <EpImgFlag></EpImgFlag>
  <EpisodeName>H. Jon Benjamin</EpisodeName>
  <EpisodeNumber>3</EpisodeNumber>
  <FirstAired></FirstAired>
  <GuestStars></GuestStars>
  <IMDB_ID></IMDB_ID>
  <Language>en</Language>
  <Overview></Overview>
  <ProductionCode></ProductionCode>
  <Rating></Rating>
  <RatingCount>0</RatingCount>
  <SeasonNumber>0</SeasonNumber>
  <Writer></Writer>
  <absolute_number></absolute_number>
  <airsafter_season></airsafter_season>
  <airsbefore_episode></airsbefore_episode>
  <airsbefore_season></airsbefore_season>
  <filename></filename>
  <lastupdated>1274346469</lastupdated>
  <seasonid>22779</seasonid>
  <seriesid>75318</seriesid>
</Episode>
<Episode>
  <id>2240861</id>
  <Combined_episodenumber>4</Combined_episodenumber>
  <Combined_season>0</Combined_season>
  <DVD_chapter></DVD_chapter>
  <DVD_discid></DVD_discid>
  <DVD_episodenumber></DVD_episodenumber>
  <DVD_season></DVD_season>
  <Director></Director>
  <EpImgFlag></EpImgFlag>
  <EpisodeName>Louren Bouchard, H. Jon Benjamin &amp; Brendon Small</EpisodeName>
  <EpisodeNumber>4</EpisodeNumber>
  <FirstAired></FirstAired>
  <GuestStars></GuestStars>
  <IMDB_ID></IMDB_ID>
  <Language>en</Language>
  <Overview></Overview>
  <ProductionCode></ProductionCode>
  <Rating></Rating>
  <RatingCount>0</RatingCount>
  <SeasonNumber>0</SeasonNumber>
  <Writer></Writer>
  <absolute_number></absolute_number>
  <airsafter_season></airsafter_season>
  <airsbefore_episode></airsbefore_episode>
  <airsbefore_season></airsbefore_season>
  <filename></filename>
  <lastupdated>1274346477</lastupdated>
  <seasonid>22779</seasonid>
  <seriesid>75318</seriesid>
</Episode>
<Episode>
  <id>2240871</id>
  <Combined_episodenumber>5</Combined_episodenumber>
  <Combined_season>0</Combined_season>
  <DVD_chapter></DVD_chapter>
  <DVD_discid></DVD_discid>
  <DVD_episodenumber></DVD_episodenumber>
  <DVD_season></DVD_season>
  <Director></Director>
  <EpImgFlag></EpImgFlag>
  <EpisodeName>Animatics</EpisodeName>
  <EpisodeNumber>5</EpisodeNumber>
  <FirstAired></FirstAired>
  <GuestStars></GuestStars>
  <IMDB_ID></IMDB_ID>
  <Language>en</Language>
  <Overview></Overview>
  <ProductionCode></ProductionCode>
  <Rating></Rating>
  <RatingCount>0</RatingCount>
  <SeasonNumber>0</SeasonNumber>
  <Writer></Writer>
  <absolute_number></absolute_number>
  <airsafter_season></airsafter_season>
  <airsbefore_episode></airsbefore_episode>
  <airsbefore_season></airsbefore_season>
  <filename></filename>
  <lastupdated>1274346486</lastupdated>
  <seasonid>22779</seasonid>
  <seriesid>75318</seriesid>
</Episode>
<Episode>
  <id>2240881</id>
  <Combined_episodenumber>6</Combined_episodenumber>
  <Combined_season>0</Combined_season>
  <DVD_chapter></DVD_chapter>
  <DVD_discid></DVD_discid>
  <DVD_episodenumber></DVD_episodenumber>
  <DVD_season></DVD_season>
  <Director></Director>
  <EpImgFlag></EpImgFlag>
  <EpisodeName>Season 2 Disc 1</EpisodeName>
  <EpisodeNumber>6</EpisodeNumber>
  <FirstAired></FirstAired>
  <GuestStars></GuestStars>
  <IMDB_ID></IMDB_ID>
  <Language>en</Language>
  <Overview></Overview>
  <ProductionCode></ProductionCode>
  <Rating></Rating>
  <RatingCount>0</RatingCount>
  <SeasonNumber>0</SeasonNumber>
  <Writer></Writer>
  <absolute_number></absolute_number>
  <airsafter_season></airsafter_season>
  <airsbefore_episode></airsbefore_episode>
  <airsbefore_season></airsbefore_season>
  <filename></filename>
  <lastupdated>1274346496</lastupdated>
  <seasonid>22779</seasonid>
  <seriesid>75318</seriesid>
</Episode>
<Episode>
  <id>2240891</id>
  <Combined_episodenumber>7</Combined_episodenumber>
  <Combined_season>0</Combined_season>
  <DVD_chapter></DVD_chapter>
  <DVD_discid></DVD_discid>
  <DVD_episodenumber></DVD_episodenumber>
  <DVD_season></DVD_season>
  <Director></Director>
  <EpImgFlag></EpImgFlag>
  <EpisodeName>Season 2 Disc 2</EpisodeName>
  <EpisodeNumber>7</EpisodeNumber>
  <FirstAired></FirstAired>
  <GuestStars></GuestStars>
  <IMDB_ID></IMDB_ID>
  <Language>en</Language>
  <Overview></Overview>
  <ProductionCode></ProductionCode>
  <Rating></Rating>
  <RatingCount>0</RatingCount>
  <SeasonNumber>0</SeasonNumber>
  <Writer></Writer>
  <absolute_number></absolute_number>
  <airsafter_season></airsafter_season>
  <airsbefore_episode></airsbefore_episode>
  <airsbefore_season></airsbefore_season>
  <filename></filename>
  <lastupdated>1274346504</lastupdated>
  <seasonid>22779</seasonid>
  <seriesid>75318</seriesid>
</Episode>
<Episode>
  <id>2240901</id>
  <Combined_episodenumber>8</Combined_episodenumber>
  <Combined_season>0</Combined_season>
  <DVD_chapter></DVD_chapter>
  <DVD_discid></DVD_discid>
  <DVD_episodenumber></DVD_episodenumber>
  <DVD_season></DVD_season>
  <Director></Director>
  <EpImgFlag></EpImgFlag>
  <EpisodeName>Season 2 Disc 3</EpisodeName>
  <EpisodeNumber>8</EpisodeNumber>
  <FirstAired></FirstAired>
  <GuestStars></GuestStars>
  <IMDB_ID></IMDB_ID>
  <Language>en</Language>
  <Overview></Overview>
  <ProductionCode></ProductionCode>
  <Rating></Rating>
  <RatingCount>0</RatingCount>
  <SeasonNumber>0</SeasonNumber>
  <Writer></Writer>
  <absolute_number></absolute_number>
  <airsafter_season></airsafter_season>
  <airsbefore_episode></airsbefore_episode>
  <airsbefore_season></airsbefore_season>
  <filename></filename>
  <lastupdated>1274346511</lastupdated>
  <seasonid>22779</seasonid>
  <seriesid>75318</seriesid>
</Episode>
<Episode>
  <id>2240911</id>
  <Combined_episodenumber>9</Combined_episodenumber>
  <Combined_season>0</Combined_season>
  <DVD_chapter></DVD_chapter>
  <DVD_discid></DVD_discid>
  <DVD_episodenumber></DVD_episodenumber>
  <DVD_season></DVD_season>
  <Director></Director>
  <EpImgFlag></EpImgFlag>
  <EpisodeName>Animatics #1 - Season 3</EpisodeName>
  <EpisodeNumber>9</EpisodeNumber>
  <FirstAired></FirstAired>
  <GuestStars></GuestStars>
  <IMDB_ID></IMDB_ID>
  <Language>en</Language>
  <Overview></Overview>
  <ProductionCode></ProductionCode>
  <Rating></Rating>
  <RatingCount>0</RatingCount>
  <SeasonNumber>0</SeasonNumber>
  <Writer></Writer>
  <absolute_number></absolute_number>
  <airsafter_season></airsafter_season>
  <airsbefore_episode></airsbefore_episode>
  <airsbefore_season></airsbefore_season>
  <filename></filename>
  <lastupdated>1274346522</lastupdated>
  <seasonid>22779</seasonid>
  <seriesid>75318</seriesid>
</Episode>
<Episode>
  <id>2240921</id>
  <Combined_episodenumber>10</Combined_episodenumber>
  <Combined_season>0</Combined_season>
  <DVD_chapter></DVD_chapter>
  <DVD_discid></DVD_discid>
  <DVD_episodenumber></DVD_episodenumber>
  <DVD_season></DVD_season>
  <Director></Director>
  <EpImgFlag></EpImgFlag>
  <EpisodeName>Animatics #2 - Season 3</EpisodeName>
  <EpisodeNumber>10</EpisodeNumber>
  <FirstAired></FirstAired>
  <GuestStars></GuestStars>
  <IMDB_ID></IMDB_ID>
  <Language>en</Language>
  <Overview></Overview>
  <ProductionCode></ProductionCode>
  <Rating></Rating>
  <RatingCount>0</RatingCount>
  <SeasonNumber>0</SeasonNumber>
  <Writer></Writer>
  <absolute_number></absolute_number>
  <airsafter_season></airsafter_season>
  <airsbefore_episode></airsbefore_episode>
  <airsbefore_season></airsbefore_season>
  <filename></filename>
  <lastupdated>1274346530</lastupdated>
  <seasonid>22779</seasonid>
  <seriesid>75318</seriesid>
</Episode>
<Episode>
  <id>2240931</id>
  <Combined_episodenumber>11</Combined_episodenumber>
  <Combined_season>0</Combined_season>
  <DVD_chapter></DVD_chapter>
  <DVD_discid></DVD_discid>
  <DVD_episodenumber></DVD_episodenumber>
  <DVD_season></DVD_season>
  <Director></Director>
  <EpImgFlag></EpImgFlag>
  <EpisodeName>Animatics #3 - Season 3</EpisodeName>
  <EpisodeNumber>11</EpisodeNumber>
  <FirstAired></FirstAired>
  <GuestStars></GuestStars>
  <IMDB_ID></IMDB_ID>
  <Language>en</Language>
  <Overview></Overview>
  <ProductionCode></ProductionCode>
  <Rating></Rating>
  <RatingCount>0</RatingCount>
  <SeasonNumber>0</SeasonNumber>
  <Writer></Writer>
  <absolute_number></absolute_number>
  <airsafter_season></airsafter_season>
  <airsbefore_episode></airsbefore_episode>
  <airsbefore_season></airsbefore_season>
  <filename></filename>
  <lastupdated>1274346539</lastupdated>
  <seasonid>22779</seasonid>
  <seriesid>75318</seriesid>
</Episode>
<Episode>
  <id>2240941</id>
  <Combined_episodenumber>12</Combined_episodenumber>
  <Combined_season>0</Combined_season>
  <DVD_chapter></DVD_chapter>
  <DVD_discid></DVD_discid>
  <DVD_episodenumber></DVD_episodenumber>
  <DVD_season></DVD_season>
  <Director></Director>
  <EpImgFlag></EpImgFlag>
  <EpisodeName>Animatics #4 - Season 3</EpisodeName>
  <EpisodeNumber>12</EpisodeNumber>
  <FirstAired></FirstAired>
  <GuestStars></GuestStars>
  <IMDB_ID></IMDB_ID>
  <Language>en</Language>
  <Overview></Overview>
  <ProductionCode></ProductionCode>
  <Rating></Rating>
  <RatingCount>0</RatingCount>
  <SeasonNumber>0</SeasonNumber>
  <Writer></Writer>
  <absolute_number></absolute_number>
  <airsafter_season></airsafter_season>
  <airsbefore_episode></airsbefore_episode>
  <airsbefore_season></airsbefore_season>
  <filename></filename>
  <lastupdated>1274346547</lastupdated>
  <seasonid>22779</seasonid>
  <seriesid>75318</seriesid>
</Episode>
<Episode>
  <id>2240951</id>
  <Combined_episodenumber>13</Combined_episodenumber>
  <Combined_season>0</Combined_season>
  <DVD_chapter></DVD_chapter>
  <DVD_discid></DVD_discid>
  <DVD_episodenumber></DVD_episodenumber>
  <DVD_season></DVD_season>
  <Director></Director>
  <EpImgFlag></EpImgFlag>
  <EpisodeName>Animatics #5 - Season 3</EpisodeName>
  <EpisodeNumber>13</EpisodeNumber>
  <FirstAired></FirstAired>
  <GuestStars></GuestStars>
  <IMDB_ID></IMDB_ID>
  <Language>en</Language>
  <Overview></Overview>
  <ProductionCode></ProductionCode>
  <Rating></Rating>
  <RatingCount>0</RatingCount>
  <SeasonNumber>0</SeasonNumber>
  <Writer></Writer>
  <absolute_number></absolute_number>
  <airsafter_season></airsafter_season>
  <airsbefore_episode></airsbefore_episode>
  <airsbefore_season></airsbefore_season>
  <filename></filename>
  <lastupdated>1274346555</lastupdated>
  <seasonid>22779</seasonid>
  <seriesid>75318</seriesid>
</Episode>
<Episode>
  <id>393815</id>
  <Combined_episodenumber>1</Combined_episodenumber>
  <Combined_season>1</Combined_season>
  <DVD_chapter></DVD_chapter>
  <DVD_discid></DVD_discid>
  <DVD_episodenumber></DVD_episodenumber>
  <DVD_season></DVD_season>
  <Director></Director>
  <EpImgFlag>1</EpImgFlag>
  <EpisodeName>Get Away From My Mom</EpisodeName>
  <EpisodeNumber>1</EpisodeNumber>
  <FirstAired>1999-04-26</FirstAired>
  <GuestStars></GuestStars>
  <IMDB_ID></IMDB_ID>
  <Language>en</Language>
  <Overview>It's hard enough for Brendon to accept that his mother is going on a date, but couldn't she have picked a guy other than Coach McGuirk?</Overview>
  <ProductionCode>101</ProductionCode>
  <Rating>8.0</Rating>
  <RatingCount>1</RatingCount>
  <SeasonNumber>1</SeasonNumber>
  <Writer></Writer>
  <absolute_number>1</absolute_number>
  <filename>episodes/75318/393815.jpg</filename>
  <lastupdated>1230584182</lastupdated>
  <seasonid>8727</seasonid>
  <seriesid>75318</seriesid>
</Episode>
<Episode>
  <id>393816</id>
  <Combined_episodenumber>2</Combined_episodenumber>
  <Combined_season>1</Combined_season>
  <DVD_chapter></DVD_chapter>
  <DVD_discid></DVD_discid>
  <DVD_episodenumber></DVD_episodenumber>
  <DVD_season></DVD_season>
  <Director></Director>
  <EpImgFlag>1</EpImgFlag>
  <EpisodeName>I Don't Do Well in Parent-Teacher Conferences</EpisodeName>
  <EpisodeNumber>2</EpisodeNumber>
  <FirstAired>1999-05-03</FirstAired>
  <GuestStars></GuestStars>
  <IMDB_ID></IMDB_ID>
  <Language>en</Language>
  <Overview>Brendon is in danger of being held back when he won't complete the research for his presentation, and Paula isn't helping his cause.</Overview>
  <ProductionCode>102</ProductionCode>
  <Rating>9.0</Rating>
  <RatingCount>1</RatingCount>
  <SeasonNumber>1</SeasonNumber>
  <Writer></Writer>
  <absolute_number>2</absolute_number>
  <filename>episodes/75318/393816.jpg</filename>
  <lastupdated>1230584232</lastupdated>
  <seasonid>8727</seasonid>
  <seriesid>75318</seriesid>
</Episode>
<Episode>
  <id>393817</id>
  <Combined_episodenumber>3</Combined_episodenumber>
  <Combined_season>1</Combined_season>
  <DVD_chapter></DVD_chapter>
  <DVD_discid></DVD_discid>
  <DVD_episodenumber></DVD_episodenumber>
  <DVD_season></DVD_season>
  <Director></Director>
  <EpImgFlag>1</EpImgFlag>
  <EpisodeName>The Art of the Sucker Punch</EpisodeName>
  <EpisodeNumber>3</EpisodeNumber>
  <FirstAired>1999-05-10</FirstAired>
  <GuestStars></GuestStars>
  <IMDB_ID></IMDB_ID>
  <Language>en</Language>
  <Overview>Brendon documents his first fight on video.</Overview>
  <ProductionCode>103</ProductionCode>
  <Rating>6.5</Rating>
  <RatingCount>2</RatingCount>
  <SeasonNumber>1</SeasonNumber>
  <Writer></Writer>
  <absolute_number>3</absolute_number>
  <filename>episodes/75318/393817.jpg</filename>
  <lastupdated>1230584240</lastupdated>
  <seasonid>8727</seasonid>
  <seriesid>75318</seriesid>
</Episode>
<Episode>
  <id>393818</id>
  <Combined_episodenumber>4</Combined_episodenumber>
  <Combined_season>1</Combined_season>
  <DVD_chapter></DVD_chapter>
  <DVD_discid></DVD_discid>
  <DVD_episodenumber></DVD_episodenumber>
  <DVD_season></DVD_season>
  <Director></Director>
  <EpImgFlag>1</EpImgFlag>
  <EpisodeName>Brendon Gets Rabies</EpisodeName>
  <EpisodeNumber>4</EpisodeNumber>
  <FirstAired>1999-05-17</FirstAired>
  <GuestStars></GuestStars>
  <IMDB_ID></IMDB_ID>
  <Language>en</Language>
  <Overview>Taking care of the neighbor's cat isn't as easy as the Smalls thought it would be.</Overview>
  <ProductionCode>104</ProductionCode>
  <Rating>6.5</Rating>
  <RatingCount>2</RatingCount>
  <SeasonNumber>1</SeasonNumber>
  <Writer></Writer>
  <absolute_number>4</absolute_number>
  <filename>episodes/75318/393818.jpg</filename>
  <lastupdated>1230584247</lastupdated>
  <seasonid>8727</seasonid>
  <seriesid>75318</seriesid>
</Episode>
<Episode>
  <id>393819</id>
  <Combined_episodenumber>5</Combined_episodenumber>
  <Combined_season>1</Combined_season>
  <DVD_chapter></DVD_chapter>
  <DVD_discid></DVD_discid>
  <DVD_episodenumber></DVD_episodenumber>
  <DVD_season></DVD_season>
  <Director></Director>
  <EpImgFlag>1</EpImgFlag>
  <EpisodeName>Yoko</EpisodeName>
  <EpisodeNumber>5</EpisodeNumber>
  <FirstAired>1999-05-24</FirstAired>
  <GuestStars></GuestStars>
  <IMDB_ID></IMDB_ID>
  <Language>en</Language>
  <Overview>The soccer team goes on a camping trip that ends in disaster for the coach--and in love for Brendon and Loni.</Overview>
  <ProductionCode>105</ProductionCode>
  <Rating>7.0</Rating>
  <RatingCount>2</RatingCount>
  <SeasonNumber>1</SeasonNumber>
  <Writer></Writer>
  <absolute_number>5</absolute_number>
  <filename>episodes/75318/393819.jpg</filename>
  <lastupdated>1230584253</lastupdated>
  <seasonid>8727</seasonid>
  <seriesid>75318</seriesid>
</Episode>
<Episode>
  <id>167817</id>
  <Combined_episodenumber>6</Combined_episodenumber>
  <Combined_season>1</Combined_season>
  <DVD_chapter></DVD_chapter>
  <DVD_discid></DVD_discid>
  <DVD_episodenumber></DVD_episodenumber>
  <DVD_season></DVD_season>
  <Director>|Loren Bouchard|Patrick Downie|Larry Murphy|</Director>
  <EpImgFlag>1</EpImgFlag>
  <EpisodeName>Director's Cut</EpisodeName>
  <EpisodeNumber>6</EpisodeNumber>
  <FirstAired>2001-09-02</FirstAired>
  <GuestStars>|Larry Murphy|</GuestStars>
  <IMDB_ID></IMDB_ID>
  <Language>en</Language>
  <Overview>Duane has written a rock opera based on Franz Kafka's 'Metamorphosis,'and he wants Brendon to direct. But the collaboration has a few bugs.</Overview>
  <ProductionCode>106</ProductionCode>
  <Rating>8.0</Rating>
  <RatingCount>2</RatingCount>
  <SeasonNumber>1</SeasonNumber>
  <Writer>|Bill Braudis|Brendon Small|Loren Bouchard|Melissa Bradin Galsky|H. Jon Benjamin|Janine Ditullio|</Writer>
  <absolute_number>6</absolute_number>
  <filename>episodes/75318/167817.jpg</filename>
  <lastupdated>1230584264</lastupdated>
  <seasonid>8727</seasonid>
  <seriesid>75318</seriesid>
</Episode>
<Episode>
  <id>167818</id>
  <Combined_episodenumber>7</Combined_episodenumber>
  <Combined_season>1</Combined_season>
  <DVD_chapter></DVD_chapter>
  <DVD_discid></DVD_discid>
  <DVD_episodenumber></DVD_episodenumber>
  <DVD_season></DVD_season>
  <Director>|Loren Bouchard|Jonathan Katz|Will Lebow|</Director>
  <EpImgFlag>1</EpImgFlag>
  <EpisodeName>It Was Supposed to Be Funny</EpisodeName>
  <EpisodeNumber>7</EpisodeNumber>
  <FirstAired>2001-09-09</FirstAired>
  <GuestStars>|Will Lebow|</GuestStars>
  <IMDB_ID></IMDB_ID>
  <Language>en</Language>
  <Overview>Brendon decides to add some comic relief to his documentary about Melissa's grandfather, but nobody is laughing.</Overview>
  <ProductionCode>107</ProductionCode>
  <Rating>8.0</Rating>
  <RatingCount>1</RatingCount>
  <SeasonNumber>1</SeasonNumber>
  <Writer>|Bill Braudis|Brendon Small|Loren Bouchard|Melissa Bardin Galsky|H. Jon Benjamin|Janine Ditullio|</Writer>
  <absolute_number>7</absolute_number>
  <filename>episodes/75318/167818.jpg</filename>
  <lastupdated>1230584272</lastupdated>
  <seasonid>8727</seasonid>
  <seriesid>75318</seriesid>
</Episode>
<Episode>
  <id>167819</id>
  <Combined_episodenumber>8</Combined_episodenumber>
  <Combined_season>1</Combined_season>
  <DVD_chapter></DVD_chapter>
  <DVD_discid></DVD_discid>
  <DVD_episodenumber></DVD_episodenumber>
  <DVD_season></DVD_season>
  <Director>|Loren Bouchard|H. Jon Benjamin|Janine Ditullio|</Director>
  <EpImgFlag>1</EpImgFlag>
  <EpisodeName>Method of Acting</EpisodeName>
  <EpisodeNumber>8</EpisodeNumber>
  <FirstAired>2001-09-16</FirstAired>
  <GuestStars>|Bill Braudis|</GuestStars>
  <IMDB_ID></IMDB_ID>
  <Language>en</Language>
  <Overview>Brendon signs up for an acting class, and Paula teaches at an adult education center. Brendon tries to take control of his class while Paula almost loses control of hers.</Overview>
  <ProductionCode>108</ProductionCode>
  <Rating>6.5</Rating>
  <RatingCount>2</RatingCount>
  <SeasonNumber>1</SeasonNumber>
  <Writer>|Bill Braudis|Brendon Small|</Writer>
  <absolute_number>8</absolute_number>
  <filename>episodes/75318/167819.jpg</filename>
  <lastupdated>1230584281</lastupdated>
  <seasonid>8727</seasonid>
  <seriesid>75318</seriesid>
</Episode>
<Episode>
  <id>393820</id>
  <Combined_episodenumber>9</Combined_episodenumber>
  <Combined_season>1</Combined_season>
  <DVD_chapter></DVD_chapter>
  <DVD_discid></DVD_discid>
  <DVD_episodenumber></DVD_episodenumber>
  <DVD_season></DVD_season>
  <Director></Director>
  <EpImgFlag>1</EpImgFlag>
  <EpisodeName>Life Through a Fisheye Lens</EpisodeName>
  <EpisodeNumber>9</EpisodeNumber>
  <FirstAired>2001-09-23</FirstAired>
  <GuestStars></GuestStars>
  <IMDB_ID></IMDB_ID>
  <Language>en</Language>
  <Overview>Brendon wants to buy a fisheye lens, but the Smalls are on a budget. He is forced into the working world when his mother refuses to extend his line of credit.</Overview>
  <ProductionCode>109</ProductionCode>
  <Rating>9.0</Rating>
  <RatingCount>1</RatingCount>
  <SeasonNumber>1</SeasonNumber>
  <Writer></Writer>
  <absolute_number>9</absolute_number>
  <filename>episodes/75318/393820.jpg</filename>
  <lastupdated>1255030069</lastupdated>
  <seasonid>8727</seasonid>
  <seriesid>75318</seriesid>
</Episode>
<Episode>
  <id>167821</id>
  <Combined_episodenumber>10</Combined_episodenumber>
  <Combined_season>1</Combined_season>
  <DVD_chapter></DVD_chapter>
  <DVD_discid></DVD_discid>
  <DVD_episodenumber></DVD_episodenumber>
  <DVD_season></DVD_season>
  <Director>|Loren Bouchard|H. Jon Benjamin|Janine Ditullio|</Director>
  <EpImgFlag>1</EpImgFlag>
  <EpisodeName>School Nurse</EpisodeName>
  <EpisodeNumber>10</EpisodeNumber>
  <FirstAired>2001-09-30</FirstAired>
  <GuestStars>|Jennifer Kirkman|</GuestStars>
  <IMDB_ID></IMDB_ID>
  <Language>en</Language>
  <Overview>The new school nurse has everyone's attention. Coach McGuirk and Jason eye her as a love interest; Brendon sees her as his ticket to getting out of class.</Overview>
  <ProductionCode>110</ProductionCode>
  <Rating>7.0</Rating>
  <RatingCount>2</RatingCount>
  <SeasonNumber>1</SeasonNumber>
  <Writer>|Bill Braudis|Brendon Small|</Writer>
  <absolute_number>10</absolute_number>
  <filename>episodes/75318/167821.jpg</filename>
  <lastupdated>1230584322</lastupdated>
  <seasonid>8727</seasonid>
  <seriesid>75318</seriesid>
</Episode>
<Episode>
  <id>167822</id>
  <Combined_episodenumber>11</Combined_episodenumber>
  <Combined_season>1</Combined_season>
  <DVD_chapter></DVD_chapter>
  <DVD_discid></DVD_discid>
  <DVD_episodenumber></DVD_episodenumber>
  <DVD_season></DVD_season>
  <Director>|Loren Bouchard|H. Jon Benjamin|Janine Ditullio|</Director>
  <EpImgFlag>1</EpImgFlag>
  <EpisodeName>Mortgages &amp; Marbles</EpisodeName>
  <EpisodeNumber>11</EpisodeNumber>
  <FirstAired>2001-09-30</FirstAired>
  <GuestStars>|Bill Braudis|</GuestStars>
  <IMDB_ID></IMDB_ID>
  <Language>en</Language>
  <Overview>Coach McGuirk decides to buy a condo, but getting approved for a mortgage proves to be difficult. He probably shouldn't have moved out of his old place until he found a new one. Meanwhile, Brendon decides to make an educational film for kids.</Overview>
  <ProductionCode>111</ProductionCode>
  <Rating>7.0</Rating>
  <RatingCount>1</RatingCount>
  <SeasonNumber>1</SeasonNumber>
  <Writer>|Bill Braudis|Brendon Small|</Writer>
  <absolute_number>11</absolute_number>
  <filename>episodes/75318/167822.jpg</filename>
  <lastupdated>1230584383</lastupdated>
  <seasonid>8727</seasonid>
  <seriesid>75318</seriesid>
</Episode>
<Episode>
  <id>167823</id>
  <Combined_episodenumber>12</Combined_episodenumber>
  <Combined_season>1</Combined_season>
  <DVD_chapter></DVD_chapter>
  <DVD_discid></DVD_discid>
  <DVD_episodenumber></DVD_episodenumber>
  <DVD_season></DVD_season>
  <Director>|Loren Bouchard|H. Jon Benjamin|Janine Ditullio|</Director>
  <EpImgFlag>1</EpImgFlag>
  <EpisodeName>Law and Boarder</EpisodeName>
  <EpisodeNumber>12</EpisodeNumber>
  <FirstAired>2001-10-07</FirstAired>
  <GuestStars>|Kelly Kimball|Mitch Hedberg|Bill Braudis|Will Lebow|</GuestStars>
  <IMDB_ID></IMDB_ID>
  <Language>en</Language>
  <Overview>Brendon gets hit by a car while riding down the wrong side of the road on his bicycle and ends up with Coach McGuirk representing him in court. Meanwhile, an old 'friend' of Paula's from college pays an unexpected visit.</Overview>
  <ProductionCode>112</ProductionCode>
  <Rating>8.0</Rating>
  <RatingCount>1</RatingCount>
  <SeasonNumber>1</SeasonNumber>
  <Writer>|Bill Braudis|Brendon Small|</Writer>
  <absolute_number>12</absolute_number>
  <filename>episodes/75318/167823.jpg</filename>
  <lastupdated>1255030115</lastupdated>
  <seasonid>8727</seasonid>
  <seriesid>75318</seriesid>
</Episode>
<Episode>
  <id>167824</id>
  <Combined_episodenumber>13</Combined_episodenumber>
  <Combined_season>1</Combined_season>
  <DVD_chapter></DVD_chapter>
  <DVD_discid></DVD_discid>
  <DVD_episodenumber></DVD_episodenumber>
  <DVD_season></DVD_season>
  <Director>|Loren Bouchard|H. Jon Benjamin|Janine Ditullio|</Director>
  <EpImgFlag>1</EpImgFlag>
  <EpisodeName>Brendon's Choice</EpisodeName>
  <EpisodeNumber>13</EpisodeNumber>
  <FirstAired>2001-10-07</FirstAired>
  <GuestStars>|Amy Roeder|Paula Plum|Mitch Hedberg|David Cross|Will Lebow|</GuestStars>
  <IMDB_ID></IMDB_ID>
  <Language>en</Language>
  <Overview>Brendon, Melissa and Jason win local filmmaker awards. In an interview for the local news, the anchor asks Brendon about his family, which triggers a sudden curiosity about his dad.</Overview>
  <ProductionCode>113</ProductionCode>
  <Rating>7.5</Rating>
  <RatingCount>2</RatingCount>
  <SeasonNumber>1</SeasonNumber>
  <Writer>|Bill Braudis|Brendon Small|</Writer>
  <absolute_number>13</absolute_number>
  <filename>episodes/75318/167824.jpg</filename>
  <lastupdated>1230584438</lastupdated>
  <seasonid>8727</seasonid>
  <seriesid>75318</seriesid>
</Episode>
<Episode>
  <id>167825</id>
  <Combined_episodenumber>1</Combined_episodenumber>
  <Combined_season>2</Combined_season>
  <DVD_chapter></DVD_chapter>
  <DVD_discid></DVD_discid>
  <DVD_episodenumber></DVD_episodenumber>
  <DVD_season></DVD_season>
  <Director></Director>
  <EpImgFlag>1</EpImgFlag>
  <EpisodeName>Politics</EpisodeName>
  <EpisodeNumber>1</EpisodeNumber>
  <FirstAired>2002-01-06</FirstAired>
  <GuestStars>|Emo Philips|</GuestStars>
  <IMDB_ID></IMDB_ID>
  <Language>en</Language>
  <Overview>Melissa and Jason help Brendon run for office against the previously undefeated Thurman Thackery. Unsolicited help from the school bully, Shannon, raises questions about the fairness of the campaign. Also: Coach McGuirk gives stand-up comedy a try.</Overview>
  <ProductionCode>201</ProductionCode>
  <Rating>6.0</Rating>
  <RatingCount>1</RatingCount>
  <SeasonNumber>2</SeasonNumber>
  <Writer></Writer>
  <absolute_number>14</absolute_number>
  <filename>episodes/75318/167825.jpg</filename>
  <lastupdated>1230585637</lastupdated>
  <seasonid>8728</seasonid>
  <seriesid>75318</seriesid>
</Episode>
<Episode>
  <id>167826</id>
  <Combined_episodenumber>2</Combined_episodenumber>
  <Combined_season>2</Combined_season>
  <DVD_chapter></DVD_chapter>
  <DVD_discid></DVD_discid>
  <DVD_episodenumber></DVD_episodenumber>
  <DVD_season></DVD_season>
  <Director></Director>
  <EpImgFlag>1</EpImgFlag>
  <EpisodeName>Identifying a Body</EpisodeName>
  <EpisodeNumber>2</EpisodeNumber>
  <FirstAired>2002-01-13</FirstAired>
  <GuestStars>|Andy Kindler|</GuestStars>
  <IMDB_ID></IMDB_ID>
  <Language>en</Language>
  <Overview>Brendon is doing a good job trying to raise money for the school walk-a-thon, but Coach McGuirk is doing a better job spending it. No worries! Coach's long-lost Uncle Pedro has died and left something for him in his will.</Overview>
  <ProductionCode>202</ProductionCode>
  <Rating></Rating>
  <RatingCount>0</RatingCount>
  <SeasonNumber>2</SeasonNumber>
  <Writer></Writer>
  <absolute_number>15</absolute_number>
  <filename>episodes/75318/167826.jpg</filename>
  <lastupdated>1230585650</lastupdated>
  <seasonid>8728</seasonid>
  <seriesid>75318</seriesid>
</Episode>
<Episode>
  <id>167827</id>
  <Combined_episodenumber>3</Combined_episodenumber>
  <Combined_season>2</Combined_season>
  <DVD_chapter></DVD_chapter>
  <DVD_discid></DVD_discid>
  <DVD_episodenumber></DVD_episodenumber>
  <DVD_season></DVD_season>
  <Director></Director>
  <EpImgFlag>1</EpImgFlag>
  <EpisodeName>Hiatus</EpisodeName>
  <EpisodeNumber>3</EpisodeNumber>
  <FirstAired>2002-01-20</FirstAired>
  <GuestStars>|Jennifer Kirkman|Andy Kindler|</GuestStars>
  <IMDB_ID></IMDB_ID>
  <Language>en</Language>
  <Overview>Believing they are in a creative rut, the kids agree to take a hiatus. Brendon reluctantly agrees to film Duane's band rehearsal and meets Cynthia, an older choreographer. Coach McGuirk and Mr. Lynch plan a trip to Cancun, while Paula is the victim of budget cuts at her school.</Overview>
  <ProductionCode>203</ProductionCode>
  <Rating>7.0</Rating>
  <RatingCount>1</RatingCount>
  <SeasonNumber>2</SeasonNumber>
  <Writer></Writer>
  <absolute_number>16</absolute_number>
  <filename>episodes/75318/167827.jpg</filename>
  <lastupdated>1230584545</lastupdated>
  <seasonid>8728</seasonid>
  <seriesid>75318</seriesid>
</Episode>
<Episode>
  <id>167828</id>
  <Combined_episodenumber>4</Combined_episodenumber>
  <Combined_season>2</Combined_season>
  <DVD_chapter></DVD_chapter>
  <DVD_discid></DVD_discid>
  <DVD_episodenumber></DVD_episodenumber>
  <DVD_season></DVD_season>
  <Director></Director>
  <EpImgFlag>1</EpImgFlag>
  <EpisodeName>Business &amp; Pleasure</EpisodeName>
  <EpisodeNumber>4</EpisodeNumber>
  <FirstAired>2002-01-27</FirstAired>
  <GuestStars></GuestStars>
  <IMDB_ID></IMDB_ID>
  <Language>en</Language>
  <Overview>The young filmmakers are filming a new movie about a blind date. Unfortunatly, Jason keeps budding into the scene at the wrong time, which screws everything up. Then Jason invites Brendon to come over to his house for a sleep over. Brendon agrees, but only on one condition; they can't talk about buisness. Jason then bluntly brings up the subject at the sleep over, so Brendon leaves. At 4 AM, Jason calls Brendon...
When Brendon shows up late at soccer practice, Coach McGurk grows concerned and then believes that Brendon is doing drugs. He trys to make the soccer team intervine, but only ends up making a fool of himself. Oh, and Jon also makes Brendon clean up a dog's crap.
Brendon changes the script for the blind date movie, so that Jason is a main charecter. Melissa doesn't like this, and Paula makes Brendon change the script again. So the finished product has Jason and Melissa being the main charecters, and Brendon being the waiter.
Meanwhile, Erik attempts to help Paula get a job. Sh</Overview>
  <ProductionCode>204</ProductionCode>
  <Rating>6.5</Rating>
  <RatingCount>2</RatingCount>
  <SeasonNumber>2</SeasonNumber>
  <Writer></Writer>
  <absolute_number>17</absolute_number>
  <filename>episodes/75318/167828.jpg</filename>
  <lastupdated>1230584561</lastupdated>
  <seasonid>8728</seasonid>
  <seriesid>75318</seriesid>
</Episode>
<Episode>
  <id>167829</id>
  <Combined_episodenumber>5</Combined_episodenumber>
  <Combined_season>2</Combined_season>
  <DVD_chapter></DVD_chapter>
  <DVD_discid></DVD_discid>
  <DVD_episodenumber></DVD_episodenumber>
  <DVD_season></DVD_season>
  <Director></Director>
  <EpImgFlag>1</EpImgFlag>
  <EpisodeName>The Party</EpisodeName>
  <EpisodeNumber>5</EpisodeNumber>
  <FirstAired>2002-02-03</FirstAired>
  <GuestStars>|Paula Plum|</GuestStars>
  <IMDB_ID></IMDB_ID>
  <Language>en</Language>
  <Overview>The kids are invited to Fenton Muley's birthday party. Brendon has been asked to make a special film for the occasion, but has a hard time praising Fenton since he can't stand him.</Overview>
  <ProductionCode>205</ProductionCode>
  <Rating>6.0</Rating>
  <RatingCount>1</RatingCount>
  <SeasonNumber>2</SeasonNumber>
  <Writer></Writer>
  <absolute_number>18</absolute_number>
  <filename>episodes/75318/167829.jpg</filename>
  <lastupdated>1324962689</lastupdated>
  <seasonid>8728</seasonid>
  <seriesid>75318</seriesid>
</Episode>
<Episode>
  <id>167830</id>
  <Combined_episodenumber>6</Combined_episodenumber>
  <Combined_season>2</Combined_season>
  <DVD_chapter></DVD_chapter>
  <DVD_discid></DVD_discid>
  <DVD_episodenumber></DVD_episodenumber>
  <DVD_season></DVD_season>
  <Director></Director>
  <EpImgFlag>1</EpImgFlag>
  <EpisodeName>Impressions</EpisodeName>
  <EpisodeNumber>6</EpisodeNumber>
  <FirstAired>2002-02-10</FirstAired>
  <GuestStars>|Jennifer Kirkman|Sam Seder|Paula Plum|</GuestStars>
  <IMDB_ID></IMDB_ID>
  <Language>en</Language>
  <Overview>Brendon and Scab are trying to make a score for a sequence in the Starboy movie, when the old choreograhpher stops by to pick up her bag. Brendon suggests that sometime they should do something. She says to call her when he thinks of something. Brendon, Melissa, and Jason are hanging out at Jason's parent's country club, and Jason tells Brendon he should take her to the country club and order food with his account number, so Brendon does that; both of them sit in the kiddie pool because Brendon didn't want her hair to get wet.
Well, someone does a cannonball so it does get wet, then Brendon orders sandwhichs with Jason's account, so the club's personal find out and everything goes wrong, resulting in the choreographer hating Brendon. Meanwhile, Paula goes to a new job interview; actually, she has to take a computer typing test before she gets the job. She lyes to a man that she is excellent at typing, so after she fails the test (due to pressure), she asks to reschedule it because of &quot;&quot;</Overview>
  <ProductionCode>206</ProductionCode>
  <Rating>6.0</Rating>
  <RatingCount>1</RatingCount>
  <SeasonNumber>2</SeasonNumber>
  <Writer></Writer>
  <absolute_number>19</absolute_number>
  <filename>episodes/75318/167830.jpg</filename>
  <lastupdated>1230584596</lastupdated>
  <seasonid>8728</seasonid>
  <seriesid>75318</seriesid>
</Episode>
<Episode>
  <id>167831</id>
  <Combined_episodenumber>7</Combined_episodenumber>
  <Combined_season>2</Combined_season>
  <DVD_chapter></DVD_chapter>
  <DVD_discid></DVD_discid>
  <DVD_episodenumber></DVD_episodenumber>
  <DVD_season></DVD_season>
  <Director></Director>
  <EpImgFlag>1</EpImgFlag>
  <EpisodeName>Dad</EpisodeName>
  <EpisodeNumber>7</EpisodeNumber>
  <FirstAired>2002-02-17</FirstAired>
  <GuestStars>|Laura Silverman|</GuestStars>
  <IMDB_ID></IMDB_ID>
  <Language>en</Language>
  <Overview>Brendon spends the weekend with his father and his father's girlfriend, Linda, who turns out to be a very unpleasant person. Coach McGuirk, meanwhile, plays big brother to a student who is prone to sickness.</Overview>
  <ProductionCode>207</ProductionCode>
  <Rating>6.0</Rating>
  <RatingCount>1</RatingCount>
  <SeasonNumber>2</SeasonNumber>
  <Writer></Writer>
  <absolute_number>20</absolute_number>
  <filename>episodes/75318/167831.jpg</filename>
  <lastupdated>1230584614</lastupdated>
  <seasonid>8728</seasonid>
  <seriesid>75318</seriesid>
</Episode>
<Episode>
  <id>167832</id>
  <Combined_episodenumber>8</Combined_episodenumber>
  <Combined_season>2</Combined_season>
  <DVD_chapter></DVD_chapter>
  <DVD_discid></DVD_discid>
  <DVD_episodenumber></DVD_episodenumber>
  <DVD_season></DVD_season>
  <Director></Director>
  <EpImgFlag>1</EpImgFlag>
  <EpisodeName>Therapy</EpisodeName>
  <EpisodeNumber>8</EpisodeNumber>
  <FirstAired>2002-02-24</FirstAired>
  <GuestStars>|Laura Silverman|</GuestStars>
  <IMDB_ID></IMDB_ID>
  <Language>en</Language>
  <Overview>Brendon goes to family therapy with Andrew and Linda to learn 'gentle talk.'Brendon doesn't like the therapy, and when the therapist begins to analyze his movies, he likes it even less.</Overview>
  <ProductionCode>208</ProductionCode>
  <Rating>6.0</Rating>
  <RatingCount>1</RatingCount>
  <SeasonNumber>2</SeasonNumber>
  <Writer></Writer>
  <absolute_number>21</absolute_number>
  <filename>episodes/75318/167832.jpg</filename>
  <lastupdated>1230584630</lastupdated>
  <seasonid>8728</seasonid>
  <seriesid>75318</seriesid>
</Episode>
<Episode>
  <id>167833</id>
  <Combined_episodenumber>9</Combined_episodenumber>
  <Combined_season>2</Combined_season>
  <DVD_chapter></DVD_chapter>
  <DVD_discid></DVD_discid>
  <DVD_episodenumber></DVD_episodenumber>
  <DVD_season></DVD_season>
  <Director></Director>
  <EpImgFlag>1</EpImgFlag>
  <EpisodeName>Class Trip</EpisodeName>
  <EpisodeNumber>9</EpisodeNumber>
  <FirstAired>2002-03-03</FirstAired>
  <GuestStars>|Valerie Kappa|</GuestStars>
  <IMDB_ID></IMDB_ID>
  <Language>en</Language>
  <Overview>A class trip to a hotel provides a great opportunity for some 'on location'footage. It sounds like a great plan until Paula is asked to chaperone the trip with Mr. Lynch. Coach McGuirk has to get a second job to pay for damages resulting from a fight with the office coffeemaker.</Overview>
  <ProductionCode>209</ProductionCode>
  <Rating></Rating>
  <RatingCount>0</RatingCount>
  <SeasonNumber>2</SeasonNumber>
  <Writer></Writer>
  <absolute_number>22</absolute_number>
  <filename>episodes/75318/167833.jpg</filename>
  <lastupdated>1230584646</lastupdated>
  <seasonid>8728</seasonid>
  <seriesid>75318</seriesid>
</Episode>
<Episode>
  <id>167834</id>
  <Combined_episodenumber>10</Combined_episodenumber>
  <Combined_season>2</Combined_season>
  <DVD_chapter></DVD_chapter>
  <DVD_discid></DVD_discid>
  <DVD_episodenumber></DVD_episodenumber>
  <DVD_season></DVD_season>
  <Director></Director>
  <EpImgFlag>1</EpImgFlag>
  <EpisodeName>History</EpisodeName>
  <EpisodeNumber>10</EpisodeNumber>
  <FirstAired>2002-03-10</FirstAired>
  <GuestStars>|Bill Braudis|</GuestStars>
  <IMDB_ID></IMDB_ID>
  <Language>en</Language>
  <Overview>Mr. Lynch is tutoring Brendon, who is failing History. His lack of historical perspective is evident through his movies, which star the evil George Washington, the evil Picasso and the evil Annie Oakley.</Overview>
  <ProductionCode>210</ProductionCode>
  <Rating>6.0</Rating>
  <RatingCount>1</RatingCount>
  <SeasonNumber>2</SeasonNumber>
  <Writer></Writer>
  <absolute_number>23</absolute_number>
  <filename>episodes/75318/167834.jpg</filename>
  <lastupdated>1230584663</lastupdated>
  <seasonid>8728</seasonid>
  <seriesid>75318</seriesid>
</Episode>
<Episode>
  <id>167835</id>
  <Combined_episodenumber>11</Combined_episodenumber>
  <Combined_season>2</Combined_season>
  <DVD_chapter></DVD_chapter>
  <DVD_discid></DVD_discid>
  <DVD_episodenumber></DVD_episodenumber>
  <DVD_season></DVD_season>
  <Director></Director>
  <EpImgFlag>1</EpImgFlag>
  <EpisodeName>Writer's Block</EpisodeName>
  <EpisodeNumber>11</EpisodeNumber>
  <FirstAired>2002-03-17</FirstAired>
  <GuestStars>|Jennifer Kirkman|</GuestStars>
  <IMDB_ID></IMDB_ID>
  <Language>en</Language>
  <Overview>The school writing fair is one week away and Brendon is suffering a bad case of writer's block! Melissa and Jason put pressure on him to no avail, but they end up being a hit anyway. Paula is inspired by the pep talk she gives Brendon and gets back to her writing roots.</Overview>
  <ProductionCode>211</ProductionCode>
  <Rating>6.0</Rating>
  <RatingCount>1</RatingCount>
  <SeasonNumber>2</SeasonNumber>
  <Writer></Writer>
  <absolute_number>24</absolute_number>
  <filename>episodes/75318/167835.jpg</filename>
  <lastupdated>1230584677</lastupdated>
  <seasonid>8728</seasonid>
  <seriesid>75318</seriesid>
</Episode>
<Episode>
  <id>393835</id>
  <Combined_episodenumber>12</Combined_episodenumber>
  <Combined_season>2</Combined_season>
  <DVD_chapter></DVD_chapter>
  <DVD_discid></DVD_discid>
  <DVD_episodenumber></DVD_episodenumber>
  <DVD_season></DVD_season>
  <Director></Director>
  <EpImgFlag>1</EpImgFlag>
  <EpisodeName>Pizza Club</EpisodeName>
  <EpisodeNumber>12</EpisodeNumber>
  <FirstAired>2002-03-24</FirstAired>
  <GuestStars></GuestStars>
  <IMDB_ID></IMDB_ID>
  <Language>en</Language>
  <Overview>Paula tries to get a role in one of Brendon's films about a little girl named Little Malooloo who has two fathers. McGuirk feels left out by the regular pizza club meetings that Brendon has with his dad.</Overview>
  <ProductionCode>212</ProductionCode>
  <Rating></Rating>
  <RatingCount>0</RatingCount>
  <SeasonNumber>2</SeasonNumber>
  <Writer></Writer>
  <absolute_number>25</absolute_number>
  <filename>episodes/75318/393835.jpg</filename>
  <lastupdated>1230584694</lastupdated>
  <seasonid>8728</seasonid>
  <seriesid>75318</seriesid>
</Episode>
<Episode>
  <id>167837</id>
  <Combined_episodenumber>13</Combined_episodenumber>
  <Combined_season>2</Combined_season>
  <DVD_chapter></DVD_chapter>
  <DVD_discid></DVD_discid>
  <DVD_episodenumber></DVD_episodenumber>
  <DVD_season></DVD_season>
  <Director></Director>
  <EpImgFlag>1</EpImgFlag>
  <EpisodeName>The Wedding</EpisodeName>
  <EpisodeNumber>13</EpisodeNumber>
  <FirstAired>2002-03-31</FirstAired>
  <GuestStars>|Laura Silverman|Kelly Kimball|Andy Kindler|</GuestStars>
  <IMDB_ID></IMDB_ID>
  <Language>en</Language>
  <Overview>The big day is here: Brendon's dad is marrying his girlfriend. A rash is slowly covering Brendon's body, but otherwise he's doing okay. Paula's friend Stephanie is in town for the wedding and takes a liking to Coach McGuirk.</Overview>
  <ProductionCode>213</ProductionCode>
  <Rating></Rating>
  <RatingCount>0</RatingCount>
  <SeasonNumber>2</SeasonNumber>
  <Writer></Writer>
  <absolute_number>26</absolute_number>
  <filename>episodes/75318/167837.jpg</filename>
  <lastupdated>1230584721</lastupdated>
  <seasonid>8728</seasonid>
  <seriesid>75318</seriesid>
</Episode>
<Episode>
  <id>167838</id>
  <Combined_episodenumber>1</Combined_episodenumber>
  <Combined_season>3</Combined_season>
  <DVD_chapter></DVD_chapter>
  <DVD_discid></DVD_discid>
  <DVD_episodenumber></DVD_episodenumber>
  <DVD_season></DVD_season>
  <Director></Director>
  <EpImgFlag>1</EpImgFlag>
  <EpisodeName>Shore Leave</EpisodeName>
  <EpisodeNumber>1</EpisodeNumber>
  <FirstAired>2002-08-04</FirstAired>
  <GuestStars>|Paula Plum|</GuestStars>
  <IMDB_ID></IMDB_ID>
  <Language>en</Language>
  <Overview>Erik is worried that Melissa doesn't have enough friends who are girls so he enrolls her in The Fairy Princesses. Meanwhile, Brendon gets invited to spend the weekend with Fenton, whom he didn't even know he was friends with. Both Brendon and Melissa have what they consider to be the worst weekends of their lives.</Overview>
  <ProductionCode>301</ProductionCode>
  <Rating>6.7</Rating>
  <RatingCount>3</RatingCount>
  <SeasonNumber>3</SeasonNumber>
  <Writer></Writer>
  <absolute_number>27</absolute_number>
  <filename>episodes/75318/167838.jpg</filename>
  <lastupdated>1230584775</lastupdated>
  <seasonid>8729</seasonid>
  <seriesid>75318</seriesid>
</Episode>
<Episode>
  <id>167839</id>
  <Combined_episodenumber>2</Combined_episodenumber>
  <Combined_season>3</Combined_season>
  <DVD_chapter></DVD_chapter>
  <DVD_discid></DVD_discid>
  <DVD_episodenumber></DVD_episodenumber>
  <DVD_season></DVD_season>
  <Director></Director>
  <EpImgFlag>1</EpImgFlag>
  <EpisodeName>Breaking Up Is Hard To Do</EpisodeName>
  <EpisodeNumber>2</EpisodeNumber>
  <FirstAired>2002-08-11</FirstAired>
  <GuestStars>|Sam Seder|Jennifer Kirkman|</GuestStars>
  <IMDB_ID></IMDB_ID>
  <Language>en</Language>
  <Overview>A kitchen fire at the Smalls is nothing compared to the flaring tempers triggered when both of Paula's newly separated parents move in. To make matters worse, Coach McGuirk volunteers to 'renovate'the kitchen. Meanwhile, Brendon, Jason and Melissa make a crime drama called 'Mulligan and Winooski'about two cops.</Overview>
  <ProductionCode>302</ProductionCode>
  <Rating>6.0</Rating>
  <RatingCount>1</RatingCount>
  <SeasonNumber>3</SeasonNumber>
  <Writer></Writer>
  <absolute_number>28</absolute_number>
  <filename>episodes/75318/167839.jpg</filename>
  <lastupdated>1230584794</lastupdated>
  <seasonid>8729</seasonid>
  <seriesid>75318</seriesid>
</Episode>
<Episode>
  <id>167840</id>
  <Combined_episodenumber>3</Combined_episodenumber>
  <Combined_season>3</Combined_season>
  <DVD_chapter></DVD_chapter>
  <DVD_discid></DVD_discid>
  <DVD_episodenumber></DVD_episodenumber>
  <DVD_season></DVD_season>
  <Director></Director>
  <EpImgFlag>1</EpImgFlag>
  <EpisodeName>Bad Influences</EpisodeName>
  <EpisodeNumber>3</EpisodeNumber>
  <FirstAired>2002-08-18</FirstAired>
  <GuestStars>|Jennifer Kirkman|</GuestStars>
  <IMDB_ID></IMDB_ID>
  <Language>en</Language>
  <Overview>The camera does add 10 pounds, but so does bingeing on junk food. Brendon and Jason are gaining weight at an alarming rate, so in order break the 'fat-enabling'cycle, they decide never to see each other again.</Overview>
  <ProductionCode>303</ProductionCode>
  <Rating>7.0</Rating>
  <RatingCount>1</RatingCount>
  <SeasonNumber>3</SeasonNumber>
  <Writer></Writer>
  <absolute_number>29</absolute_number>
  <filename>episodes/75318/167840.jpg</filename>
  <lastupdated>1230584810</lastupdated>
  <seasonid>8729</seasonid>
  <seriesid>75318</seriesid>
</Episode>
<Episode>
  <id>167841</id>
  <Combined_episodenumber>4</Combined_episodenumber>
  <Combined_season>3</Combined_season>
  <DVD_chapter></DVD_chapter>
  <DVD_discid></DVD_discid>
  <DVD_episodenumber></DVD_episodenumber>
  <DVD_season></DVD_season>
  <Director></Director>
  <EpImgFlag>1</EpImgFlag>
  <EpisodeName>Improving Your Life Through Improv</EpisodeName>
  <EpisodeNumber>4</EpisodeNumber>
  <FirstAired>2002-08-28</FirstAired>
  <GuestStars>|Laura Silverman|</GuestStars>
  <IMDB_ID></IMDB_ID>
  <Language>en</Language>
  <Overview>Brendon gets caught making fun of another kid at school and as a result, Mr. Lynch sends everyone to sensitivity training on a Saturday. There they learn the value of really bad improv games and experience the song 'No Skin Off My Ass.'Also: Paula secretly enters one of Brendon's movies in a contest.</Overview>
  <ProductionCode>304</ProductionCode>
  <Rating>6.5</Rating>
  <RatingCount>2</RatingCount>
  <SeasonNumber>3</SeasonNumber>
  <Writer></Writer>
  <absolute_number>30</absolute_number>
  <filename>episodes/75318/167841.jpg</filename>
  <lastupdated>1230584842</lastupdated>
  <seasonid>8729</seasonid>
  <seriesid>75318</seriesid>
</Episode>
<Episode>
  <id>167842</id>
  <Combined_episodenumber>5</Combined_episodenumber>
  <Combined_season>3</Combined_season>
  <DVD_chapter></DVD_chapter>
  <DVD_discid></DVD_discid>
  <DVD_episodenumber></DVD_episodenumber>
  <DVD_season></DVD_season>
  <Director></Director>
  <EpImgFlag>1</EpImgFlag>
  <EpisodeName>Four's Company</EpisodeName>
  <EpisodeNumber>5</EpisodeNumber>
  <FirstAired>2002-10-06</FirstAired>
  <GuestStars></GuestStars>
  <IMDB_ID></IMDB_ID>
  <Language>en</Language>
  <Overview>Melissa gets a new French-accented boyfriend, and Brendon and Jason get jealous when her love life starts to interfere with their busy production schedule--and the casting of their Susan B. Anthony biopic. Meanwhile, Coach McGuirk transforms into to a social planner.</Overview>
  <ProductionCode>307</ProductionCode>
  <Rating>8.0</Rating>
  <RatingCount>1</RatingCount>
  <SeasonNumber>3</SeasonNumber>
  <Writer></Writer>
  <absolute_number>31</absolute_number>
  <filename>episodes/75318/167842.jpg</filename>
  <lastupdated>1230585912</lastupdated>
  <seasonid>8729</seasonid>
  <seriesid>75318</seriesid>
</Episode>
<Episode>
  <id>167843</id>
  <Combined_episodenumber>6</Combined_episodenumber>
  <Combined_season>3</Combined_season>
  <DVD_chapter></DVD_chapter>
  <DVD_discid></DVD_discid>
  <DVD_episodenumber></DVD_episodenumber>
  <DVD_season></DVD_season>
  <Director></Director>
  <EpImgFlag>1</EpImgFlag>
  <EpisodeName>Renaissance</EpisodeName>
  <EpisodeNumber>6</EpisodeNumber>
  <FirstAired>2002-10-13</FirstAired>
  <GuestStars>|Patton Oswalt|</GuestStars>
  <IMDB_ID></IMDB_ID>
  <Language>en</Language>
  <Overview>Brendon, Jason and Melissa are performing the musical 'King Arthur Meets Robin Hood'at a medieval fair organized by Mr. Lynch. Tensions soon arise between the fair and the sci-fi convention next door. Can Brendon bring peace to the warring factions? Also, can Coach McGuirk stay in character as a medieval blacksmith?</Overview>
  <ProductionCode>305</ProductionCode>
  <Rating>7.7</Rating>
  <RatingCount>3</RatingCount>
  <SeasonNumber>3</SeasonNumber>
  <Writer></Writer>
  <absolute_number>32</absolute_number>
  <filename>episodes/75318/167843.jpg</filename>
  <lastupdated>1230585931</lastupdated>
  <seasonid>8729</seasonid>
  <seriesid>75318</seriesid>
</Episode>
<Episode>
  <id>167844</id>
  <Combined_episodenumber>7</Combined_episodenumber>
  <Combined_season>3</Combined_season>
  <DVD_chapter></DVD_chapter>
  <DVD_discid></DVD_discid>
  <DVD_episodenumber></DVD_episodenumber>
  <DVD_season></DVD_season>
  <Director></Director>
  <EpImgFlag>1</EpImgFlag>
  <EpisodeName>My Cheatin' Heart</EpisodeName>
  <EpisodeNumber>7</EpisodeNumber>
  <FirstAired>2002-10-20</FirstAired>
  <GuestStars>|Bill Braudis|</GuestStars>
  <IMDB_ID></IMDB_ID>
  <Language>en</Language>
  <Overview>Brendon has trouble convincing Jason and Melissa to make their latest film backwards, a la 'Memento.' Meanwhile, Brendon is forced to work on his golf game after his dad pressures him into playing a round with an important client. Coach McGuirk gives Brendon some valuable golf advice: cheat.</Overview>
  <ProductionCode>306</ProductionCode>
  <Rating></Rating>
  <RatingCount>0</RatingCount>
  <SeasonNumber>3</SeasonNumber>
  <Writer></Writer>
  <absolute_number>33</absolute_number>
  <filename>episodes/75318/167844.jpg</filename>
  <lastupdated>1230585945</lastupdated>
  <seasonid>8729</seasonid>
  <seriesid>75318</seriesid>
</Episode>
<Episode>
  <id>167845</id>
  <Combined_episodenumber>8</Combined_episodenumber>
  <Combined_season>3</Combined_season>
  <DVD_chapter></DVD_chapter>
  <DVD_discid></DVD_discid>
  <DVD_episodenumber></DVD_episodenumber>
  <DVD_season></DVD_season>
  <Director></Director>
  <EpImgFlag>1</EpImgFlag>
  <EpisodeName>Guitarmageddon</EpisodeName>
  <EpisodeNumber>8</EpisodeNumber>
  <FirstAired>2002-10-27</FirstAired>
  <GuestStars>|Will Lebow|Valerie Kappa|</GuestStars>
  <IMDB_ID></IMDB_ID>
  <Language>en</Language>
  <Overview>The kids ignore the fact that they have no musical experience or talent and decide to start a band, recording their first single, 'Freaky Outie.'At the same time, Duane enters a guitar contest where he will face his archrival, Jimmy Monet.</Overview>
  <ProductionCode>308</ProductionCode>
  <Rating>8.0</Rating>
  <RatingCount>2</RatingCount>
  <SeasonNumber>3</SeasonNumber>
  <Writer></Writer>
  <absolute_number>34</absolute_number>
  <filename>episodes/75318/167845.jpg</filename>
  <lastupdated>1230585971</lastupdated>
  <seasonid>8729</seasonid>
  <seriesid>75318</seriesid>
</Episode>
<Episode>
  <id>167846</id>
  <Combined_episodenumber>9</Combined_episodenumber>
  <Combined_season>3</Combined_season>
  <DVD_chapter></DVD_chapter>
  <DVD_discid></DVD_discid>
  <DVD_episodenumber></DVD_episodenumber>
  <DVD_season></DVD_season>
  <Director></Director>
  <EpImgFlag>1</EpImgFlag>
  <EpisodeName>Storm Warning</EpisodeName>
  <EpisodeNumber>9</EpisodeNumber>
  <FirstAired>2002-11-03</FirstAired>
  <GuestStars></GuestStars>
  <IMDB_ID></IMDB_ID>
  <Language>en</Language>
  <Overview>Coach McGuirk tries to convince Paula to pose as his fiance while his sister visits. Meanwhile, Paula needs to get her novel to her agent before he goes on vacation. On the filmmaking front, the kids try to decide whether they want to make a mockumentary about making a movie or a mock, making-of-a-mockumentary movie or just a movie.</Overview>
  <ProductionCode>309</ProductionCode>
  <Rating>8.0</Rating>
  <RatingCount>2</RatingCount>
  <SeasonNumber>3</SeasonNumber>
  <Writer></Writer>
  <absolute_number>35</absolute_number>
  <filename>episodes/75318/167846.jpg</filename>
  <lastupdated>1230585146</lastupdated>
  <seasonid>8729</seasonid>
  <seriesid>75318</seriesid>
</Episode>
<Episode>
  <id>167847</id>
  <Combined_episodenumber>10</Combined_episodenumber>
  <Combined_season>3</Combined_season>
  <DVD_chapter></DVD_chapter>
  <DVD_discid></DVD_discid>
  <DVD_episodenumber></DVD_episodenumber>
  <DVD_season></DVD_season>
  <Director></Director>
  <EpImgFlag>1</EpImgFlag>
  <EpisodeName>Time to Pay the Price</EpisodeName>
  <EpisodeNumber>10</EpisodeNumber>
  <FirstAired>2002-11-10</FirstAired>
  <GuestStars>|Sam Seder|</GuestStars>
  <IMDB_ID></IMDB_ID>
  <Language>en</Language>
  <Overview>Brendon, Jason and Melissa get in BIG trouble at school and have to go to a 'scared straight'program at the local prison. Meanwhile, Paula stumbles across a huge pile of the kids' old movies and incredibly, she watches them. What's more, she discovers an odd motif that runs through every film.</Overview>
  <ProductionCode>310</ProductionCode>
  <Rating></Rating>
  <RatingCount>0</RatingCount>
  <SeasonNumber>3</SeasonNumber>
  <Writer></Writer>
  <absolute_number>36</absolute_number>
  <filename>episodes/75318/167847.jpg</filename>
  <lastupdated>1255030316</lastupdated>
  <seasonid>8729</seasonid>
  <seriesid>75318</seriesid>
</Episode>
<Episode>
  <id>167848</id>
  <Combined_episodenumber>11</Combined_episodenumber>
  <Combined_season>3</Combined_season>
  <DVD_chapter></DVD_chapter>
  <DVD_discid></DVD_discid>
  <DVD_episodenumber></DVD_episodenumber>
  <DVD_season></DVD_season>
  <Director></Director>
  <EpImgFlag>1</EpImgFlag>
  <EpisodeName>Broken Dreams</EpisodeName>
  <EpisodeNumber>11</EpisodeNumber>
  <FirstAired>2002-11-17</FirstAired>
  <GuestStars></GuestStars>
  <IMDB_ID></IMDB_ID>
  <Language>en</Language>
  <Overview>In a suspicious coincidence, Melissa and Jason each break their arms. This may affect the current film in production, but Brendon is also worried that he is dumb, or at the very least, that Melissa is smarter than he is. Meanwhile, McGuirk wants desperately to become a lifeguard.</Overview>
  <ProductionCode>311</ProductionCode>
  <Rating></Rating>
  <RatingCount>0</RatingCount>
  <SeasonNumber>3</SeasonNumber>
  <Writer></Writer>
  <absolute_number>37</absolute_number>
  <filename>episodes/75318/167848.jpg</filename>
  <lastupdated>1230585335</lastupdated>
  <seasonid>8729</seasonid>
  <seriesid>75318</seriesid>
</Episode>
<Episode>
  <id>167849</id>
  <Combined_episodenumber>12</Combined_episodenumber>
  <Combined_season>3</Combined_season>
  <DVD_chapter></DVD_chapter>
  <DVD_discid></DVD_discid>
  <DVD_episodenumber></DVD_episodenumber>
  <DVD_season></DVD_season>
  <Director></Director>
  <EpImgFlag>1</EpImgFlag>
  <EpisodeName>Stowaway</EpisodeName>
  <EpisodeNumber>12</EpisodeNumber>
  <FirstAired>2002-11-24</FirstAired>
  <GuestStars>|Ian Roberts|</GuestStars>
  <IMDB_ID></IMDB_ID>
  <Language>en</Language>
  <Overview>The kids decide to run away to Europe and become ex-patriot artists, but find their plan is a little lost at sea. Back home, McGuirk's car breaks down and he has no money to fix it. He asks Tom Wilsonberg, author of 'Starting Early: The New World of Corporate Kids,'for financial advice. Tom's answer? Gambling.</Overview>
  <ProductionCode>312</ProductionCode>
  <Rating></Rating>
  <RatingCount>0</RatingCount>
  <SeasonNumber>3</SeasonNumber>
  <Writer></Writer>
  <absolute_number>38</absolute_number>
  <filename>episodes/75318/167849.jpg</filename>
  <lastupdated>1230585363</lastupdated>
  <seasonid>8729</seasonid>
  <seriesid>75318</seriesid>
</Episode>
<Episode>
  <id>167850</id>
  <Combined_episodenumber>13</Combined_episodenumber>
  <Combined_season>3</Combined_season>
  <DVD_chapter></DVD_chapter>
  <DVD_discid></DVD_discid>
  <DVD_episodenumber></DVD_episodenumber>
  <DVD_season></DVD_season>
  <Director></Director>
  <EpImgFlag>1</EpImgFlag>
  <EpisodeName>Coffins &amp; Cradles</EpisodeName>
  <EpisodeNumber>13</EpisodeNumber>
  <FirstAired>2003-05-25</FirstAired>
  <GuestStars>|Tom Kenny|Kelly Kimball|Laura Silverman|</GuestStars>
  <IMDB_ID></IMDB_ID>
  <Language>en</Language>
  <Overview>The kids are preparing for Halloween, Linda (Brendon's new stepmother) is preparing to have a baby, and Coach McGuirk is preparing to have the romantic night of his life. Despite all this, no one is prepared when things start to go wrong.</Overview>
  <ProductionCode>313</ProductionCode>
  <Rating></Rating>
  <RatingCount>0</RatingCount>
  <SeasonNumber>3</SeasonNumber>
  <Writer></Writer>
  <absolute_number>39</absolute_number>
  <filename>episodes/75318/167850.jpg</filename>
  <lastupdated>1230585398</lastupdated>
  <seasonid>8729</seasonid>
  <seriesid>75318</seriesid>
</Episode>
<Episode>
  <id>167852</id>
  <Combined_episodenumber>1</Combined_episodenumber>
  <Combined_season>4</Combined_season>
  <DVD_chapter></DVD_chapter>
  <DVD_discid></DVD_discid>
  <DVD_episodenumber></DVD_episodenumber>
  <DVD_season></DVD_season>
  <Director></Director>
  <EpImgFlag>1</EpImgFlag>
  <EpisodeName>Camp</EpisodeName>
  <EpisodeNumber>1</EpisodeNumber>
  <FirstAired>2004-01-11</FirstAired>
  <GuestStars>|They Might Be Giants|</GuestStars>
  <IMDB_ID></IMDB_ID>
  <Language>en</Language>
  <Overview>Brendon, Jason, and Melissa attend a performing arts camp where they learn that they actually know very little about the performing arts. Meanwhile Coach McGuirk is forced to flee from a crazed group of crying men who want to hug him.</Overview>
  <ProductionCode>409</ProductionCode>
  <Rating>6.0</Rating>
  <RatingCount>1</RatingCount>
  <SeasonNumber>4</SeasonNumber>
  <Writer></Writer>
  <absolute_number>41</absolute_number>
  <filename>episodes/75318/167852.jpg</filename>
  <lastupdated>1255030602</lastupdated>
  <seasonid>8730</seasonid>
  <seriesid>75318</seriesid>
</Episode>
<Episode>
  <id>167854</id>
  <Combined_episodenumber>2</Combined_episodenumber>
  <Combined_season>4</Combined_season>
  <DVD_chapter></DVD_chapter>
  <DVD_discid></DVD_discid>
  <DVD_episodenumber></DVD_episodenumber>
  <DVD_season></DVD_season>
  <Director></Director>
  <EpImgFlag>1</EpImgFlag>
  <EpisodeName>Bye, Bye, Greasy</EpisodeName>
  <EpisodeNumber>2</EpisodeNumber>
  <FirstAired>2004-01-18</FirstAired>
  <GuestStars>|Emo Philips|</GuestStars>
  <IMDB_ID></IMDB_ID>
  <Language>en</Language>
  <Overview>Brendon is chosen to direct the school musical 'Bye Bye Greasy'. Everyone gets involved, including Fenton (lights), Paula (sets), Coach McGuirk (with a special incentive), and Shannon (the school bully who appreciates singing and dancing).</Overview>
  <ProductionCode>410</ProductionCode>
  <Rating></Rating>
  <RatingCount>0</RatingCount>
  <SeasonNumber>4</SeasonNumber>
  <Writer></Writer>
  <absolute_number>42</absolute_number>
  <filename>episodes/75318/167854.jpg</filename>
  <lastupdated>1255030698</lastupdated>
  <seasonid>8730</seasonid>
  <seriesid>75318</seriesid>
</Episode>
<Episode>
  <id>393871</id>
  <Combined_episodenumber>3</Combined_episodenumber>
  <Combined_season>4</Combined_season>
  <DVD_chapter></DVD_chapter>
  <DVD_discid></DVD_discid>
  <DVD_episodenumber></DVD_episodenumber>
  <DVD_season></DVD_season>
  <Director></Director>
  <EpImgFlag>1</EpImgFlag>
  <EpisodeName>The Heart Smashers</EpisodeName>
  <EpisodeNumber>3</EpisodeNumber>
  <FirstAired>2004-01-25</FirstAired>
  <GuestStars></GuestStars>
  <IMDB_ID></IMDB_ID>
  <Language>en</Language>
  <Overview>Brendon is trying to finish an underwater movie about a Mighty Septopus, Fenton Mewlys gets in the way with his stuck-up fits of frustration. Meanwhile, Paula has trouble breaking up with her new boyfreind, and Coach McGurk joins a training facility, but decides to only work on the Pec Flexor.</Overview>
  <ProductionCode></ProductionCode>
  <Rating>6.0</Rating>
  <RatingCount>1</RatingCount>
  <SeasonNumber>4</SeasonNumber>
  <Writer></Writer>
  <absolute_number>43</absolute_number>
  <filename>episodes/75318/393871.jpg</filename>
  <lastupdated>1255030735</lastupdated>
  <seasonid>8730</seasonid>
  <seriesid>75318</seriesid>
</Episode>
<Episode>
  <id>167851</id>
  <Combined_episodenumber>4</Combined_episodenumber>
  <Combined_season>4</Combined_season>
  <DVD_chapter></DVD_chapter>
  <DVD_discid></DVD_discid>
  <DVD_episodenumber></DVD_episodenumber>
  <DVD_season></DVD_season>
  <Director></Director>
  <EpImgFlag>1</EpImgFlag>
  <EpisodeName>Everybody's Entitled To My Opinion</EpisodeName>
  <EpisodeNumber>4</EpisodeNumber>
  <FirstAired>2003-11-11</FirstAired>
  <GuestStars></GuestStars>
  <IMDB_ID></IMDB_ID>
  <Language>en</Language>
  <Overview>Brendon begins writing reviews for a movie website called movie-winner-or-weiner.com. Jason and Melissa are excited because Brendon gets passes for all of them to see the premiere of 'All That Violence'. Meanwhile, Coach McGuirk wreaks havoc because he's finally got a friend 'on the inside'.</Overview>
  <ProductionCode>401</ProductionCode>
  <Rating></Rating>
  <RatingCount>0</RatingCount>
  <SeasonNumber>4</SeasonNumber>
  <Writer></Writer>
  <absolute_number>40</absolute_number>
  <filename>episodes/75318/167851.jpg</filename>
  <lastupdated>1255030582</lastupdated>
  <seasonid>8730</seasonid>
  <seriesid>75318</seriesid>
</Episode>
<Episode>
  <id>393872</id>
  <Combined_episodenumber>5</Combined_episodenumber>
  <Combined_season>4</Combined_season>
  <DVD_chapter></DVD_chapter>
  <DVD_discid></DVD_discid>
  <DVD_episodenumber></DVD_episodenumber>
  <DVD_season></DVD_season>
  <Director></Director>
  <EpImgFlag>1</EpImgFlag>
  <EpisodeName>The Wizard's Baker</EpisodeName>
  <EpisodeNumber>5</EpisodeNumber>
  <FirstAired>2004-02-08</FirstAired>
  <GuestStars></GuestStars>
  <IMDB_ID></IMDB_ID>
  <Language>en</Language>
  <Overview>The kids run out of funds to complete their most ambitious film yet, a medieval rock opera. While Brendon is dying to get out of what he sees as the worst film he's ever made, Jason and Melissa go door-to-door for finishing funds. Brendon sneaks off to join the Skunk Scouts, hoping to recapture what's left of his childhood.</Overview>
  <ProductionCode>403</ProductionCode>
  <Rating>6.0</Rating>
  <RatingCount>1</RatingCount>
  <SeasonNumber>4</SeasonNumber>
  <Writer></Writer>
  <absolute_number>44</absolute_number>
  <filename>episodes/75318/393872.jpg</filename>
  <lastupdated>1230586316</lastupdated>
  <seasonid>8730</seasonid>
  <seriesid>75318</seriesid>
</Episode>
<Episode>
  <id>167855</id>
  <Combined_episodenumber>6</Combined_episodenumber>
  <Combined_season>4</Combined_season>
  <DVD_chapter></DVD_chapter>
  <DVD_discid></DVD_discid>
  <DVD_episodenumber></DVD_episodenumber>
  <DVD_season></DVD_season>
  <Director></Director>
  <EpImgFlag>1</EpImgFlag>
  <EpisodeName>Psycho-Delicate</EpisodeName>
  <EpisodeNumber>6</EpisodeNumber>
  <FirstAired>2004-02-15</FirstAired>
  <GuestStars>|Todd Barry|Laura Silverman|</GuestStars>
  <IMDB_ID></IMDB_ID>
  <Language>en</Language>
  <Overview>Brendon, Jason and Melissa try their hand at a Hitchcock-style thriller. They want to get into a film festival run by a local video store clerk. Coach McGuirk spends all his time at a diner, trying to woo a roller-skating waitress/actress named Fred. Meanwhile, Paula tries to get a refund from her hairdresser.</Overview>
  <ProductionCode>404</ProductionCode>
  <Rating></Rating>
  <RatingCount>0</RatingCount>
  <SeasonNumber>4</SeasonNumber>
  <Writer></Writer>
  <absolute_number>45</absolute_number>
  <filename>episodes/75318/167855.jpg</filename>
  <lastupdated>1230586346</lastupdated>
  <seasonid>8730</seasonid>
  <seriesid>75318</seriesid>
</Episode>
<Episode>
  <id>167856</id>
  <Combined_episodenumber>7</Combined_episodenumber>
  <Combined_season>4</Combined_season>
  <DVD_chapter></DVD_chapter>
  <DVD_discid></DVD_discid>
  <DVD_episodenumber></DVD_episodenumber>
  <DVD_season></DVD_season>
  <Director></Director>
  <EpImgFlag>1</EpImgFlag>
  <EpisodeName>Curses</EpisodeName>
  <EpisodeNumber>7</EpisodeNumber>
  <FirstAired>2004-02-22</FirstAired>
  <GuestStars>|Maria Branford|</GuestStars>
  <IMDB_ID></IMDB_ID>
  <Language>en</Language>
  <Overview>Brendon gets in trouble for making a movie about a foul-mouthed robot. The neighborhood kids love it; the parents hate it, and Paula orders Brendon to re-shoot and make a G-rated version. Meanwhile, Melissa gets jealous when her dad, Erik, wants to date a woman from his journal writing class.</Overview>
  <ProductionCode>405</ProductionCode>
  <Rating>6.0</Rating>
  <RatingCount>1</RatingCount>
  <SeasonNumber>4</SeasonNumber>
  <Writer></Writer>
  <absolute_number>46</absolute_number>
  <filename>episodes/75318/167856.jpg</filename>
  <lastupdated>1230586377</lastupdated>
  <seasonid>8730</seasonid>
  <seriesid>75318</seriesid>
</Episode>
<Episode>
  <id>167858</id>
  <Combined_episodenumber>8</Combined_episodenumber>
  <Combined_season>4</Combined_season>
  <DVD_chapter></DVD_chapter>
  <DVD_discid></DVD_discid>
  <DVD_episodenumber></DVD_episodenumber>
  <DVD_season></DVD_season>
  <Director></Director>
  <EpImgFlag>1</EpImgFlag>
  <EpisodeName>Honkey Magoo</EpisodeName>
  <EpisodeNumber>8</EpisodeNumber>
  <FirstAired>2004-02-29</FirstAired>
  <GuestStars></GuestStars>
  <IMDB_ID></IMDB_ID>
  <Language>en</Language>
  <Overview>Life turns upside-down for Brendon, Jason and Melissa when they find a lost puppy, which Brendon names Honkey Magoo. The hyper puppy quickly runs out of friends after wrecking Paula's house, ruining the kids' movie, chasing off Mr. Lynch's cats and turning Jason's new parakeet against him.</Overview>
  <ProductionCode>406</ProductionCode>
  <Rating></Rating>
  <RatingCount>0</RatingCount>
  <SeasonNumber>4</SeasonNumber>
  <Writer></Writer>
  <absolute_number>47</absolute_number>
  <filename>episodes/75318/167858.jpg</filename>
  <lastupdated>1230586406</lastupdated>
  <seasonid>8730</seasonid>
  <seriesid>75318</seriesid>
</Episode>
<Episode>
  <id>167859</id>
  <Combined_episodenumber>9</Combined_episodenumber>
  <Combined_season>4</Combined_season>
  <DVD_chapter></DVD_chapter>
  <DVD_discid></DVD_discid>
  <DVD_episodenumber></DVD_episodenumber>
  <DVD_season></DVD_season>
  <Director></Director>
  <EpImgFlag>1</EpImgFlag>
  <EpisodeName>Those Bitches Tried to Cheat Me</EpisodeName>
  <EpisodeNumber>9</EpisodeNumber>
  <FirstAired>2004-03-07</FirstAired>
  <GuestStars>|Mary Lynn Rajskub|</GuestStars>
  <IMDB_ID></IMDB_ID>
  <Language>en</Language>
  <Overview>Jason falls for a fifth grader, but he can't get beyond that awkward, initial 'stalking'phase. He asks Brendon for help, but Brendon has bigger problems: after cheating on a test, he's being blackmailed by Jr. Adelberg, Walter and Perry. Melissa, feeling left out, helps Coach McGuirk cheat in traffic school.</Overview>
  <ProductionCode>407</ProductionCode>
  <Rating>10.0</Rating>
  <RatingCount>1</RatingCount>
  <SeasonNumber>4</SeasonNumber>
  <Writer></Writer>
  <absolute_number>48</absolute_number>
  <filename>episodes/75318/167859.jpg</filename>
  <lastupdated>1230586435</lastupdated>
  <seasonid>8730</seasonid>
  <seriesid>75318</seriesid>
</Episode>
<Episode>
  <id>167860</id>
  <Combined_episodenumber>10</Combined_episodenumber>
  <Combined_season>4</Combined_season>
  <DVD_chapter></DVD_chapter>
  <DVD_discid></DVD_discid>
  <DVD_episodenumber></DVD_episodenumber>
  <DVD_season></DVD_season>
  <Director></Director>
  <EpImgFlag>1</EpImgFlag>
  <EpisodeName>Cho &amp; Amy Lee</EpisodeName>
  <EpisodeNumber>10</EpisodeNumber>
  <FirstAired>2004-03-14</FirstAired>
  <GuestStars>|Sam Seder|</GuestStars>
  <IMDB_ID></IMDB_ID>
  <Language>en</Language>
  <Overview>When Brendon scores a lucky goal in a soccer game, he runs a foul of Cho, the best goalie in the league. Jason thinks Cho's a bully, Melissa thinks he's hot, but Brendon is caught up in the middle of doing nice things for people and changing their lives.</Overview>
  <ProductionCode>408</ProductionCode>
  <Rating></Rating>
  <RatingCount>0</RatingCount>
  <SeasonNumber>4</SeasonNumber>
  <Writer></Writer>
  <absolute_number>49</absolute_number>
  <filename>episodes/75318/167860.jpg</filename>
  <lastupdated>1255030806</lastupdated>
  <seasonid>8730</seasonid>
  <seriesid>75318</seriesid>
</Episode>
<Episode>
  <id>167861</id>
  <Combined_episodenumber>11</Combined_episodenumber>
  <Combined_season>4</Combined_season>
  <DVD_chapter></DVD_chapter>
  <DVD_discid></DVD_discid>
  <DVD_episodenumber></DVD_episodenumber>
  <DVD_season></DVD_season>
  <Director></Director>
  <EpImgFlag>1</EpImgFlag>
  <EpisodeName>Definite Possible Murder</EpisodeName>
  <EpisodeNumber>11</EpisodeNumber>
  <FirstAired>2004-03-21</FirstAired>
  <GuestStars></GuestStars>
  <IMDB_ID></IMDB_ID>
  <Language>en</Language>
  <Overview>Brendon, laid-up in his room with a broken leg, thinks that the man who just moved in next door may be a murderer. McGuirk trains to become a bartender.</Overview>
  <ProductionCode>411</ProductionCode>
  <Rating></Rating>
  <RatingCount>0</RatingCount>
  <SeasonNumber>4</SeasonNumber>
  <Writer></Writer>
  <absolute_number>50</absolute_number>
  <filename>episodes/75318/167861.jpg</filename>
  <lastupdated>1230586496</lastupdated>
  <seasonid>8730</seasonid>
  <seriesid>75318</seriesid>
</Episode>
<Episode>
  <id>167862</id>
  <Combined_episodenumber>12</Combined_episodenumber>
  <Combined_season>4</Combined_season>
  <DVD_chapter></DVD_chapter>
  <DVD_discid></DVD_discid>
  <DVD_episodenumber></DVD_episodenumber>
  <DVD_season></DVD_season>
  <Director></Director>
  <EpImgFlag>1</EpImgFlag>
  <EpisodeName>Temporary Blindness</EpisodeName>
  <EpisodeNumber>12</EpisodeNumber>
  <FirstAired>2004-03-28</FirstAired>
  <GuestStars></GuestStars>
  <IMDB_ID></IMDB_ID>
  <Language>en</Language>
  <Overview>Brendon, Jason and Melissa are assigned a family tree project in school. The assignment brings up issues that none of the kids feel like dealing with, namely--their families. Meanwhile Coach McGuirk gets laser eye surgery to correct his vision, and becomes an occasionally blind possible prophet.</Overview>
  <ProductionCode>412</ProductionCode>
  <Rating>6.0</Rating>
  <RatingCount>1</RatingCount>
  <SeasonNumber>4</SeasonNumber>
  <Writer></Writer>
  <absolute_number>51</absolute_number>
  <filename>episodes/75318/167862.jpg</filename>
  <lastupdated>1230586517</lastupdated>
  <seasonid>8730</seasonid>
  <seriesid>75318</seriesid>
</Episode>
<Episode>
  <id>167863</id>
  <Combined_episodenumber>13</Combined_episodenumber>
  <Combined_season>4</Combined_season>
  <DVD_chapter></DVD_chapter>
  <DVD_discid></DVD_discid>
  <DVD_episodenumber></DVD_episodenumber>
  <DVD_season></DVD_season>
  <Director></Director>
  <EpImgFlag>1</EpImgFlag>
  <EpisodeName>Focus Grill</EpisodeName>
  <EpisodeNumber>13</EpisodeNumber>
  <FirstAired>2004-04-04</FirstAired>
  <GuestStars></GuestStars>
  <IMDB_ID></IMDB_ID>
  <Language>en</Language>
  <Overview>The kids test their latest film in front of a rather hostile focus group. Meanwhile Coach McGuirk helps Paula pick out and assemble an extremely large grill for the Small family.</Overview>
  <ProductionCode>413</ProductionCode>
  <Rating>6.0</Rating>
  <RatingCount>1</RatingCount>
  <SeasonNumber>4</SeasonNumber>
  <Writer></Writer>
  <absolute_number>52</absolute_number>
  <filename>episodes/75318/167863.jpg</filename>
  <lastupdated>1230586537</lastupdated>
  <seasonid>8730</seasonid>
  <seriesid>75318</seriesid>
</Episode>
</Data>