<?xml version="1.0" encoding="UTF-8" ?>
<Banners>
<Banner>
  <id>906566</id>
  <BannerPath>fanart/original/248741-1.jpg</BannerPath>
  <BannerType>fanart</BannerType>
  <BannerType2>1920x1080</BannerType2>
  <Colors></Colors>
  <Language>en</Language>
  <Rating>6.4444</Rating>
  <RatingCount>9</RatingCount>
  <SeriesName>false</SeriesName>
  <ThumbnailPath>_cache/fanart/original/248741-1.jpg</ThumbnailPath>
  <VignettePath>fanart/vignette/248741-1.jpg</VignettePath>
</Banner>
<Banner>
  <id>945779</id>
  <BannerPath>fanart/original/248741-13.jpg</BannerPath>
  <BannerType>fanart</BannerType>
  <BannerType2>1920x1080</BannerType2>
  <Colors>|239,209,183|112,7,3|211,161,36|</Colors>
  <Language>en</Language>
  <Rating>6.0000</Rating>
  <RatingCount>2</RatingCount>
  <SeriesName>false</SeriesName>
  <ThumbnailPath>_cache/fanart/original/248741-13.jpg</ThumbnailPath>
  <VignettePath>fanart/vignette/248741-13.jpg</VignettePath>
</Banner>
<Banner>
  <id>866879</id>
  <BannerPath>fanart/original/248741-2.jpg</BannerPath>
  <BannerType>fanart</BannerType>
  <BannerType2>1280x720</BannerType2>
  <Colors>|194,122,38|146,124,101|181,141,116|</Colors>
  <Language>en</Language>
  <Rating>6.0000</Rating>
  <RatingCount>8</RatingCount>
  <SeriesName>false</SeriesName>
  <ThumbnailPath>_cache/fanart/original/248741-2.jpg</ThumbnailPath>
  <VignettePath>fanart/vignette/248741-2.jpg</VignettePath>
</Banner>
<Banner>
  <id>877496</id>
  <BannerPath>fanart/original/248741-4.jpg</BannerPath>
  <BannerType>fanart</BannerType>
  <BannerType2>1920x1080</BannerType2>
  <Colors>|179,66,24|50,41,32|244,195,162|</Colors>
  <Language>en</Language>
  <Rating>6.0000</Rating>
  <RatingCount>10</RatingCount>
  <SeriesName>false</SeriesName>
  <ThumbnailPath>_cache/fanart/original/248741-4.jpg</ThumbnailPath>
  <VignettePath>fanart/vignette/248741-4.jpg</VignettePath>
</Banner>
<Banner>
  <id>917432</id>
  <BannerPath>fanart/original/248741-7.jpg</BannerPath>
  <BannerType>fanart</BannerType>
  <BannerType2>1920x1080</BannerType2>
  <Colors></Colors>
  <Language>en</Language>
  <Rating>5.3750</Rating>
  <RatingCount>8</RatingCount>
  <SeriesName>true</SeriesName>
  <ThumbnailPath>_cache/fanart/original/248741-7.jpg</ThumbnailPath>
  <VignettePath>fanart/vignette/248741-7.jpg</VignettePath>
</Banner>
<Banner>
  <id>877254</id>
  <BannerPath>fanart/original/248741-3.jpg</BannerPath>
  <BannerType>fanart</BannerType>
  <BannerType2>1920x1080</BannerType2>
  <Colors></Colors>
  <Language>en</Language>
  <Rating>5.0000</Rating>
  <RatingCount>4</RatingCount>
  <SeriesName>false</SeriesName>
  <ThumbnailPath>_cache/fanart/original/248741-3.jpg</ThumbnailPath>
  <VignettePath>fanart/vignette/248741-3.jpg</VignettePath>
</Banner>
<Banner>
  <id>926774</id>
  <BannerPath>fanart/original/248741-6.jpg</BannerPath>
  <BannerType>fanart</BannerType>
  <BannerType2>1920x1080</BannerType2>
  <Colors></Colors>
  <Language>en</Language>
  <Rating>4.8000</Rating>
  <RatingCount>5</RatingCount>
  <SeriesName>true</SeriesName>
  <ThumbnailPath>_cache/fanart/original/248741-6.jpg</ThumbnailPath>
  <VignettePath>fanart/vignette/248741-6.jpg</VignettePath>
</Banner>
<Banner>
  <id>931084</id>
  <BannerPath>fanart/original/248741-12.jpg</BannerPath>
  <BannerType>fanart</BannerType>
  <BannerType2>1920x1080</BannerType2>
  <Colors></Colors>
  <Language>fr</Language>
  <Rating>4.0000</Rating>
  <RatingCount>3</RatingCount>
  <SeriesName>false</SeriesName>
  <ThumbnailPath>_cache/fanart/original/248741-12.jpg</ThumbnailPath>
  <VignettePath>fanart/vignette/248741-12.jpg</VignettePath>
</Banner>
<Banner>
  <id>927217</id>
  <BannerPath>fanart/original/248741-11.jpg</BannerPath>
  <BannerType>fanart</BannerType>
  <BannerType2>1920x1080</BannerType2>
  <Colors>|149,148,154|236,184,38|255,198,49|</Colors>
  <Language>pt</Language>
  <Rating>3.3333</Rating>
  <RatingCount>3</RatingCount>
  <SeriesName>true</SeriesName>
  <ThumbnailPath>_cache/fanart/original/248741-11.jpg</ThumbnailPath>
  <VignettePath>fanart/vignette/248741-11.jpg</VignettePath>
</Banner>
<Banner>
  <id>926776</id>
  <BannerPath>fanart/original/248741-9.jpg</BannerPath>
  <BannerType>fanart</BannerType>
  <BannerType2>1920x1080</BannerType2>
  <Colors></Colors>
  <Language>pt</Language>
  <Rating>3.3333</Rating>
  <RatingCount>3</RatingCount>
  <SeriesName>true</SeriesName>
  <ThumbnailPath>_cache/fanart/original/248741-9.jpg</ThumbnailPath>
  <VignettePath>fanart/vignette/248741-9.jpg</VignettePath>
</Banner>
<Banner>
  <id>906568</id>
  <BannerPath>fanart/original/248741-5.jpg</BannerPath>
  <BannerType>fanart</BannerType>
  <BannerType2>1920x1080</BannerType2>
  <Colors></Colors>
  <Language>en</Language>
  <Rating>1.0000</Rating>
  <RatingCount>2</RatingCount>
  <SeriesName>false</SeriesName>
  <ThumbnailPath>_cache/fanart/original/248741-5.jpg</ThumbnailPath>
  <VignettePath>fanart/vignette/248741-5.jpg</VignettePath>
</Banner>
<Banner>
  <id>927216</id>
  <BannerPath>fanart/original/248741-10.jpg</BannerPath>
  <BannerType>fanart</BannerType>
  <BannerType2>1920x1080</BannerType2>
  <Colors></Colors>
  <Language>pt</Language>
  <Rating></Rating>
  <RatingCount>0</RatingCount>
  <SeriesName>true</SeriesName>
  <ThumbnailPath>_cache/fanart/original/248741-10.jpg</ThumbnailPath>
  <VignettePath>fanart/vignette/248741-10.jpg</VignettePath>
</Banner>
<Banner>
  <id>950128</id>
  <BannerPath>fanart/original/248741-15.jpg</BannerPath>
  <BannerType>fanart</BannerType>
  <BannerType2>1920x1080</BannerType2>
  <Colors></Colors>
  <Language>en</Language>
  <Rating></Rating>
  <RatingCount>0</RatingCount>
  <SeriesName>false</SeriesName>
  <ThumbnailPath>_cache/fanart/original/248741-15.jpg</ThumbnailPath>
  <VignettePath>fanart/vignette/248741-15.jpg</VignettePath>
</Banner>
<Banner>
  <id>926775</id>
  <BannerPath>fanart/original/248741-8.jpg</BannerPath>
  <BannerType>fanart</BannerType>
  <BannerType2>1920x1080</BannerType2>
  <Colors></Colors>
  <Language>pt</Language>
  <Rating></Rating>
  <RatingCount>0</RatingCount>
  <SeriesName>true</SeriesName>
  <ThumbnailPath>_cache/fanart/original/248741-8.jpg</ThumbnailPath>
  <VignettePath>fanart/vignette/248741-8.jpg</VignettePath>
</Banner>
<Banner>
  <id>950127</id>
  <BannerPath>fanart/original/248741-14.jpg</BannerPath>
  <BannerType>fanart</BannerType>
  <BannerType2>1920x1080</BannerType2>
  <Colors></Colors>
  <Language>en</Language>
  <Rating></Rating>
  <RatingCount>0</RatingCount>
  <SeriesName>false</SeriesName>
  <ThumbnailPath>_cache/fanart/original/248741-14.jpg</ThumbnailPath>
  <VignettePath>fanart/vignette/248741-14.jpg</VignettePath>
</Banner>
<Banner>
  <id>906563</id>
  <BannerPath>posters/248741-4.jpg</BannerPath>
  <BannerType>poster</BannerType>
  <BannerType2>680x1000</BannerType2>
  <Language>en</Language>
  <Rating>6.7778</Rating>
  <RatingCount>9</RatingCount>
</Banner>
<Banner>
  <id>877632</id>
  <BannerPath>posters/248741-3.jpg</BannerPath>
  <BannerType>poster</BannerType>
  <BannerType2>680x1000</BannerType2>
  <Language>en</Language>
  <Rating>6.5714</Rating>
  <RatingCount>7</RatingCount>
</Banner>
<Banner>
  <id>917509</id>
  <BannerPath>posters/248741-5.jpg</BannerPath>
  <BannerType>poster</BannerType>
  <BannerType2>680x1000</BannerType2>
  <Language>en</Language>
  <Rating>6.2222</Rating>
  <RatingCount>9</RatingCount>
</Banner>
<Banner>
  <id>866699</id>
  <BannerPath>posters/248741-1.jpg</BannerPath>
  <BannerType>poster</BannerType>
  <BannerType2>680x1000</BannerType2>
  <Language>en</Language>
  <Rating>5.8333</Rating>
  <RatingCount>6</RatingCount>
</Banner>
<Banner>
  <id>874714</id>
  <BannerPath>posters/248741-2.jpg</BannerPath>
  <BannerType>poster</BannerType>
  <BannerType2>680x1000</BannerType2>
  <Language>en</Language>
  <Rating>5.0000</Rating>
  <RatingCount>5</RatingCount>
</Banner>
<Banner>
  <id>919060</id>
  <BannerPath>seasons/248741-1.jpg</BannerPath>
  <BannerType>season</BannerType>
  <BannerType2>season</BannerType2>
  <Language>en</Language>
  <Rating>10.0000</Rating>
  <RatingCount>4</RatingCount>
  <Season>1</Season>
</Banner>
<Banner>
  <id>940784</id>
  <BannerPath>seasons/248741-2-2.jpg</BannerPath>
  <BannerType>season</BannerType>
  <BannerType2>season</BannerType2>
  <Language>en</Language>
  <Rating>9.0000</Rating>
  <RatingCount>2</RatingCount>
  <Season>2</Season>
</Banner>
<Banner>
  <id>904197</id>
  <BannerPath>seasons/248741-1-2.jpg</BannerPath>
  <BannerType>season</BannerType>
  <BannerType2>season</BannerType2>
  <Language>en</Language>
  <Rating>6.0000</Rating>
  <RatingCount>5</RatingCount>
  <Season>1</Season>
</Banner>
<Banner>
  <id>925670</id>
  <BannerPath>seasons/248741-2.jpg</BannerPath>
  <BannerType>season</BannerType>
  <BannerType2>season</BannerType2>
  <Language>en</Language>
  <Rating>1.0000</Rating>
  <RatingCount>3</RatingCount>
  <Season>2</Season>
</Banner>
<Banner>
  <id>917520</id>
  <BannerPath>seasonswide/248741-1-2.jpg</BannerPath>
  <BannerType>season</BannerType>
  <BannerType2>seasonwide</BannerType2>
  <Language>en</Language>
  <Rating>10.0000</Rating>
  <RatingCount>1</RatingCount>
  <Season>1</Season>
</Banner>
<Banner>
  <id>904205</id>
  <BannerPath>seasonswide/248741-1.jpg</BannerPath>
  <BannerType>season</BannerType>
  <BannerType2>seasonwide</BannerType2>
  <Language>en</Language>
  <Rating>9.0000</Rating>
  <RatingCount>2</RatingCount>
  <Season>1</Season>
</Banner>
<Banner>
  <id>917517</id>
  <BannerPath>graphical/248741-g5.jpg</BannerPath>
  <BannerType>series</BannerType>
  <BannerType2>graphical</BannerType2>
  <Language>en</Language>
  <Rating>6.6667</Rating>
  <RatingCount>3</RatingCount>
</Banner>
<Banner>
  <id>877633</id>
  <BannerPath>graphical/248741-g3.jpg</BannerPath>
  <BannerType>series</BannerType>
  <BannerType2>graphical</BannerType2>
  <Language>en</Language>
  <Rating>6.2000</Rating>
  <RatingCount>5</RatingCount>
</Banner>
<Banner>
  <id>866695</id>
  <BannerPath>graphical/248741-g.jpg</BannerPath>
  <BannerType>series</BannerType>
  <BannerType2>graphical</BannerType2>
  <Language>en</Language>
  <Rating>5.5000</Rating>
  <RatingCount>2</RatingCount>
</Banner>
<Banner>
  <id>875129</id>
  <BannerPath>graphical/248741-g2.jpg</BannerPath>
  <BannerType>series</BannerType>
  <BannerType2>graphical</BannerType2>
  <Language>en</Language>
  <Rating>5.4286</Rating>
  <RatingCount>7</RatingCount>
</Banner>
<Banner>
  <id>882040</id>
  <BannerPath>graphical/248741-g4.jpg</BannerPath>
  <BannerType>series</BannerType>
  <BannerType2>graphical</BannerType2>
  <Language>en</Language>
  <Rating>4.7500</Rating>
  <RatingCount>4</RatingCount>
</Banner>
</Banners>