<?xml version="1.0" encoding="UTF-8" ?>
<Data><Series>
  <id>248741</id>
  <Actors>|Matthew Moy|Beth Behrs|Kat Dennings|Jennifer Coolidge|Garrett Morris|Jonathan Kite|Nick Zano|</Actors>
  <Airs_DayOfWeek>Monday</Airs_DayOfWeek>
  <Airs_Time>9:00 PM</Airs_Time>
  <ContentRating>TV-14</ContentRating>
  <FirstAired>2011-09-19</FirstAired>
  <Genre>|Comedy|</Genre>
  <IMDB_ID>tt1845307</IMDB_ID>
  <Language>en</Language>
  <Network>CBS</Network>
  <NetworkID></NetworkID>
  <Overview>A comedy about two young women waitressing at a greasy spoon diner who strike up an unlikely friendship in the hopes of launching a successful business - if only they can raise the cash.</Overview>
  <Rating>8.1</Rating>
  <RatingCount>58</RatingCount>
  <Runtime>25</Runtime>
  <SeriesID>80659</SeriesID>
  <SeriesName>2 Broke Girls</SeriesName>
  <Status>Continuing</Status>
  <added>2011-05-14 07:37:19</added>
  <addedBy>235881</addedBy>
  <banner>graphical/248741-g5.jpg</banner>
  <fanart>fanart/original/248741-1.jpg</fanart>
  <lastupdated>1364954222</lastupdated>
  <poster>posters/248741-4.jpg</poster>
  <zap2it_id>SH01419872</zap2it_id>
</Series>
<Episode>
  <id>4429650</id>
  <Combined_episodenumber>1</Combined_episodenumber>
  <Combined_season>0</Combined_season>
  <DVD_chapter></DVD_chapter>
  <DVD_discid></DVD_discid>
  <DVD_episodenumber></DVD_episodenumber>
  <DVD_season></DVD_season>
  <Director></Director>
  <EpImgFlag></EpImgFlag>
  <EpisodeName>2 Girls Going For Broke</EpisodeName>
  <EpisodeNumber>1</EpisodeNumber>
  <FirstAired></FirstAired>
  <GuestStars></GuestStars>
  <IMDB_ID></IMDB_ID>
  <Language>en</Language>
  <Overview></Overview>
  <ProductionCode></ProductionCode>
  <Rating></Rating>
  <RatingCount>0</RatingCount>
  <SeasonNumber>0</SeasonNumber>
  <Writer></Writer>
  <absolute_number></absolute_number>
  <airsafter_season></airsafter_season>
  <airsbefore_episode></airsbefore_episode>
  <airsbefore_season></airsbefore_season>
  <filename></filename>
  <lastupdated>1351893033</lastupdated>
  <seasonid>465947</seasonid>
  <seriesid>248741</seriesid>
</Episode>
<Episode>
  <id>4497926</id>
  <Combined_episodenumber>2</Combined_episodenumber>
  <Combined_season>0</Combined_season>
  <DVD_chapter></DVD_chapter>
  <DVD_discid></DVD_discid>
  <DVD_episodenumber></DVD_episodenumber>
  <DVD_season></DVD_season>
  <Director></Director>
  <EpImgFlag></EpImgFlag>
  <EpisodeName>2 Broke Girls Super Bowl Commercial</EpisodeName>
  <EpisodeNumber>2</EpisodeNumber>
  <FirstAired></FirstAired>
  <GuestStars></GuestStars>
  <IMDB_ID></IMDB_ID>
  <Language>en</Language>
  <Overview></Overview>
  <ProductionCode></ProductionCode>
  <Rating></Rating>
  <RatingCount>0</RatingCount>
  <SeasonNumber>0</SeasonNumber>
  <Writer></Writer>
  <absolute_number></absolute_number>
  <airsafter_season></airsafter_season>
  <airsbefore_episode></airsbefore_episode>
  <airsbefore_season></airsbefore_season>
  <filename></filename>
  <lastupdated>1360443304</lastupdated>
  <seasonid>465947</seasonid>
  <seriesid>248741</seriesid>
</Episode>
<Episode>
  <id>4099506</id>
  <Combined_episodenumber>1</Combined_episodenumber>
  <Combined_season>1</Combined_season>
  <DVD_chapter></DVD_chapter>
  <DVD_discid></DVD_discid>
  <DVD_episodenumber></DVD_episodenumber>
  <DVD_season></DVD_season>
  <Director>James Burrows</Director>
  <EpImgFlag>7</EpImgFlag>
  <EpisodeName>Pilot</EpisodeName>
  <EpisodeNumber>1</EpisodeNumber>
  <FirstAired>2011-09-19</FirstAired>
  <GuestStars>|Brooke Lyons|Noah Mills|Shoshana Bush|Cale Hartmann|Adam Korson|Alex Enriquez|Matt Cook|Bill Parks|Eugene Shaw|Sergey Brusilovsky|Greg Lewis|Cocoa Brown|Nick Jameson|</GuestStars>
  <IMDB_ID>tt1980319</IMDB_ID>
  <Language>en</Language>
  <Overview>US sitcom about the lives of two New York waitresses in their early twenties. Max finds herself helping out Caroline, a new restaurant employee who was once wealthy, but has been left penniless after her father was caught operating a fraudulent investment scheme. Max invites Caroline to be her roommate, but their new friendship is jeopardised when Max's boyfriend flirts with Caroline.

Recap:

We meet Caroline and Max, two waitresses, that come from different social worlds. Caroline was rich and has been cut off, while Max has always been broke. 

Max decides that it is time to tell a customer how rude it is when someone snaps in their face to actually get their attention. The next day, Max finds out that the other waitress had been fired. She wants the extra money and can handle doing all of the waiting work, but he has already hired someone else. They work together and Caroline realizes that she really doesn't have a clue how to waitress.

Caroline father is in jail and she has lost her trust fund. Throughout a rough night at work, Max continues to train her. The night ends and they decide that they are going to split their tips and while they do this Caroline decides that they should sell cupcakes for an extra overhead and keep that part of it. Max doesn't feel comfortable with that, but Caroline has already done that.

They leave work and Caroline tells Max that she is going to be staying with her friend in the city. Max finds her sleeping in the subway and Max gets tazed. Max talks to Caroline and ends up bringing her home to her place and then goes to her nanny job. She talks to her boss at the nanny job and she tells her about the &quot;Channing Situation&quot;. They were victims, but lost nothing. She is told how Caroline was affected due to it.

Caroline is at Max's washing her work uniform. Max's boyfriend comes in and his name is Robby. The sink overflows and he takes his shirt off to get the water up, but he gets too close and Caroline ends up having to tell him to back off. Caroline and Max work together at the diner and Caroline tries to avoid Max. She ends up telling her that she really deserves better than that guy. Max instantly gets angry and leaves to go talk to Robby about it. When she gets there, there is another girl in their bed. She loses her cool completely and ends up flipping on him for not only cheating on her, but trying to do so with Caroline earlier.

Max goes back to the diner and talks to Caroline. She apologizes to her and also thanks her for letting her know about him. Oleg hits on her and then they get ready to leave. Max tells Caroline that she could crash at her place if she needs a place. Caroline confides in her that she really just wants her horse back. She wants to start a bakery with Max. She thinks that they both should get two jobs and save up to do that, then she will be able to someday have everything she feels she needs.

</Overview>
  <ProductionCode>296793</ProductionCode>
  <Rating>7.7</Rating>
  <RatingCount>98</RatingCount>
  <SeasonNumber>1</SeasonNumber>
  <Writer>|Michael Patrick King|Whitney Cummings|</Writer>
  <absolute_number>1</absolute_number>
  <filename>episodes/248741/4099506.jpg</filename>
  <lastupdated>1360505655</lastupdated>
  <seasonid>465948</seasonid>
  <seriesid>248741</seriesid>
</Episode>
<Episode>
  <id>4171776</id>
  <Combined_episodenumber>2</Combined_episodenumber>
  <Combined_season>1</Combined_season>
  <DVD_chapter></DVD_chapter>
  <DVD_discid></DVD_discid>
  <DVD_episodenumber></DVD_episodenumber>
  <DVD_season></DVD_season>
  <Director>James Burrows</Director>
  <EpImgFlag>2</EpImgFlag>
  <EpisodeName>And the Breakup Scene</EpisodeName>
  <EpisodeNumber>2</EpisodeNumber>
  <FirstAired>2011-09-26</FirstAired>
  <GuestStars>|Brooke Lyons|Noah Mills|Paxton West McMurray|Halston Autumn McMurray|Lauren Benz Phillips|Dana Delorenzo|</GuestStars>
  <IMDB_ID>tt2058148</IMDB_ID>
  <Language>en</Language>
  <Overview>Thinking she is being helpful, Caroline facilitates Max's breakup with Robbie.

Recap:
Max and Caroline are living with one another and they are going through some issues with boundaries. Caroline simply does not have any, while Max has many that Caroline needs to respect. Max has made amazingly delicious cupcakes and Caroline would really like to also have her name included on the product. Max is really not into that idea. Not only that, but Caroline thinks that Max is trying to hide her feelings about the Robbie situation from her. 

She thinks that she should be honest and open about it. Max is not the kind of girl that opens up easily, which of course instigates sarcasm and a serious attitude.

Caroline is using Max’s bed to sleep in now, along with Max. She learns that Max sleeps with a knife. Robbie shows up in bed with the both of them, because he doesn’t seem to get that they are broken up. He also talks about the fact that it would be fantastic if they could have a threesome, since they’re all there anyway. By trying to defend Max, Caroline ends up “breaking up” with Robbie. She gives him his belongings and tells him off. Max is not happy about this, because that is really all Max had. She wanted to give him his stuff back and tell him off with her quick wit and sharp tongue. She needed that closure and she wasn’t given that.

Due to the fact that Max was not happy about that, Caroline ends up doing the same thing to Max, because she’s tired of the boundary issues and Max also used Caroline’s father as a weapon. Caroline leaves and inevitably comes back completely trashed and apologizes. Max apologizes to her for what she said and admits that she overreacted about the sign for the cupcake business.

</Overview>
  <ProductionCode>2J6352</ProductionCode>
  <Rating>7.6</Rating>
  <RatingCount>92</RatingCount>
  <SeasonNumber>1</SeasonNumber>
  <Writer>Michael Patrick King</Writer>
  <absolute_number></absolute_number>
  <filename>episodes/248741/4171776.jpg</filename>
  <lastupdated>1360505712</lastupdated>
  <seasonid>465948</seasonid>
  <seriesid>248741</seriesid>
</Episode>
<Episode>
  <id>4174269</id>
  <Combined_episodenumber>3</Combined_episodenumber>
  <Combined_season>1</Combined_season>
  <DVD_chapter></DVD_chapter>
  <DVD_discid></DVD_discid>
  <DVD_episodenumber></DVD_episodenumber>
  <DVD_season></DVD_season>
  <Director>John Fortenberry</Director>
  <EpImgFlag>7</EpImgFlag>
  <EpisodeName>And Strokes of Goodwill</EpisodeName>
  <EpisodeNumber>3</EpisodeNumber>
  <FirstAired>2011-10-03</FirstAired>
  <GuestStars>|Nick Zano|Baadja-Lyne Odums|Amaris Dupree|Sarah Buehler|Brooke Dillman|Craig Frank|Thomas Fowler|Chuti Tiu|</GuestStars>
  <IMDB_ID>tt2059336</IMDB_ID>
  <Language>en</Language>
  <Overview>A battle erupts over a shirt after Max introduces Caroline to shopping at thrift stores; a sarcastic street artist flirts with Max.

Recap:

“Ding.” Start out with an order up. Max quickly takes it over to her table and places her customers’ plates in front of them. Each customer at the table has a complaint about their order, and like a magician Max already has what they want. One customer says, “I ordered mustard and mayonnaise on my sandwich.” Max then pulls a packet of mustard and a packet of mayo out of her blouse. Another says “Excuse me I believe I ordered a diet soda,” and with that said Max reaches behind her back and reveals the diet soda she had hidden there. She tells her customers not to ever doubt her and she walks away.

Max cashes out for the day and goes and sits down in a booth with Caroline, “God I love money” says Caroline. Max replies “Yeah, I know…I’m so sorry it broke up with you.” Caroline now looking at her phone is upset she has lost a great deal of Facebook friends. Han Lee walking up to the girls in their booth stops and asks Max; why, she has not accepted his Facebook request yet. She apologizes and tells Han that she won’t be his friend. Caroline seeing the sad look on Hans’ face interrupts and tells Han that she had accepted his friend request. Mr. Lee, very happily puts his hand on his heart and thanks Caroline. He then goes and sits down at the dining counter. A short time later he turns to Caroline and Max and tells Caroline, to check her Facebook wall. Caroline looks down at her phone and with a surprised look reads aloud “Han Lee has tagged you in 25 photos.” Caroline’s jaw drops and she looks over at Han, still sitting at the counter looking at them smiling. He frantically waves at Caroline. She sheepishly waves back, and Han gets up and walks away.

Ready to leave for the night Max has her purse over her shoulder and Caroline complains that its too hot out, maybe the two of them could stay at the diner for the night. Their air conditioner is broken and its hot in their apartment. Oleg standing between them states that he has an air conditioner. He puffs out his cheeks and begins blowing on Caroline, then turns to Max and blows on her. Max tells him his breath smells like salami. He replies telling them that there is much more salami where that came from. As the girls walk towards the door, Caroline leans on the register counter and reaches down to her shoe. She tells Max that her feet hurt. Max tells her to buy Sketchers because she’s a waitress now. Caroline, floored about her lower status refuses. Realizing she has no choice Max tells Caroline that they can go to a place where you can get awesome prices for name brand, expensive shoes and clothing. The girls walk out of the diner. Moments later the door opens and they walk into Good Will.

“The Good Will!” Caroline exclaims as they step into the store, “Welcome to my place!” Max replies. As they stroll through the store Max tells Caroline about a blazer she hid in a night stand last week. They walk to the nightstand Max opens the drawer pulls out the blazer and says “Clever bitch! bang! bang!” She then throws the blazer into her basket. The pair continue to look through the clothes on the racks. As Max looks through the clothes she notices a concert tee shirt that she couldn’t afford at the time. While reminiscing about that night Max had at that concert, a pair of women walk up to Max and Caroline. Two women with dark hair, one long brown hair and another very skinny, with black hair. The black haired woman tells Max very arrogantly that she likes that tee shirt and she had just walked away from the rack to tell her friend about it. Her friend was in the bathroom at the time and she wanted the tee shirt. Max explains to the brown haired women that they had “turned their backs on the

racks and were therefor under attack.” Max and Caroline then continue to look through the store. When Caroline finds a pair of shorts she really likes. Max throws the basket, with the tee shirt in it to the side. She then walks over to Caroline to check out her newfound shorts. Right behind Max stands the long brown haired woman looking through clothes on the shelves right next to Max’s basket. Max and Caroline go to the register to check out when Max notices the tee shirt she wanted was no longer in her basket, she gets upset and leaves. Caroline pays for their clothes and meets Max in their apartment. Max is there talking to her horse Chestnut. Caroline dances and sings into the living room and tells Max to leave the Strokes Tee Shirt nonsense behind, she wants to have fun! It’s their day off. Caroline wants to go get drunk in air conditioning. She believes her new awesome looking shorts will pay for their drinks.

Caroline and Max walk into a bar…The bartender looks at Max and tells her jokingly that he had told “her dumb tragic ass out of here.” Max without hesitation rebuts “The only thing not tragic about me, is my ass.” Max tells Caroline the bartenders’ name is Jpeg and he is a true street artist. Caroline states that he just looks like a bartender and the girls amused, get interrupted by Jpeg. The guys on the other side of the bar had bought them a drink. After taking her shot Caroline looks around and notices one of the girls from Good Will, it is the black haired punk girl. Caroline walks up to the black haired girl and tells her, that her friend really wanted the shirt and the brown haired woman has it. The woman with black hair stands right up and starts a fight with Caroline. Caroline attempts to walk away when the punk girl with the black hair pulls her hair twice. Jpeg then rushes over. Lifts Caroline up as if she weighed nothing and places her to the side so she can exit, the girls (Caroline and Max) walk home. Max makes fun of Caroline until Caroline tells Max she was just trying to protect her. Caroline then talks max into getting her nails done the next day.

The next morning Max comes out of her room and takes Chestnut for a walk, shovelpooper scooper in hand. She asks Chestnut why Caroline would start a fight with a punk girl at the bar. She mockingly talks as if Chestnut is replying to her. “You should kill her.” Max laughed and tells chestnut not to say things like that. Chestnut then begins to go to the bathroom and Max is forced to shovel it up. At the diner Caroline walks up to max and yells at her for not showing up for their nails, she was upset because Max gave Caroline the impression she would show up and she did not. Max tells Caroline she’s not a “girls girl” and she wouldn’t be the kind of “girlfriend” that Caroline was used to. Caroline understands and walks into the diners’ dining room behind Max; Han stops her and asks her why there was so much horse crap in his dumpster. The trash company was charging him for it. Caroline didn’t even realize but Max had been walking her horse for her; and cleaning up after it every day. Caroline asked Max why she had done it and Max informed Caroline that nobody else was going to do it for her. Caroline was very thankful, realizing that Max is a very good friend even if she is not the type of person she had been used to having as a friend. Just then the brown haired girl walks in with a very feminine looking man, assumed to be her boyfriend. Max’s heart drops and she dejectedly walks over to the brown haired girl now wearing her Strokes tee shirt, as she sits in her booth at the diner. Max goes over to her table and she; throws the menu’s down! She looks at the brown haired girl and tells her that her tee shirt would have looked better on her, but she doesn’t want it now because it’s been dirtied just by wearing it. She accuses the brown haired girl of being a whore and tells her that her boyfriend is a closet

homosexual. Max then walks back to the counter with Caroline. Caroline tells Max that she has to stand up for herself, she takes a bowl of Borsch off the counter and begins to walk towards the brown haired woman. As she’s passing by she pretends to trip and spills the entire bowl, getting pink and red everywhere on the bright white tee. The brown haired woman gets mad and Caroline arrogantly apologizes and also states that her boyfriend is “in the closet” then she walks away. Max thanks her and they realize what kind of friendship they are going to have. Max then tells Caroline to “run” because the brown haired woman was now coming after them. They run into the back and have $500.25 saved. 

</Overview>
  <ProductionCode>2J6353</ProductionCode>
  <Rating>7.6</Rating>
  <RatingCount>92</RatingCount>
  <SeasonNumber>1</SeasonNumber>
  <Writer>Jhoni Marchinko</Writer>
  <absolute_number>3</absolute_number>
  <filename>episodes/248741/4174269.jpg</filename>
  <lastupdated>1360505789</lastupdated>
  <seasonid>465948</seasonid>
  <seriesid>248741</seriesid>
</Episode>
<Episode>
  <id>4180387</id>
  <Combined_episodenumber>4</Combined_episodenumber>
  <Combined_season>1</Combined_season>
  <DVD_chapter></DVD_chapter>
  <DVD_discid></DVD_discid>
  <DVD_episodenumber></DVD_episodenumber>
  <DVD_season></DVD_season>
  <Director>John Fortenberry</Director>
  <EpImgFlag>7</EpImgFlag>
  <EpisodeName>And the Rich People Problems</EpisodeName>
  <EpisodeNumber>4</EpisodeNumber>
  <FirstAired>2011-10-10</FirstAired>
  <GuestStars>|Bunny Levine|Mike Moh|Rick Shapiro|Kenji Nakamura|Masashi Odate|Henry Hayashi|Lorin McCraley|</GuestStars>
  <IMDB_ID>tt2032589</IMDB_ID>
  <Language>en</Language>
  <Overview>Caroline asks Max to help her break into her former townhouse to retrieve her much-needed night guard.</Overview>
  <ProductionCode>2J6354</ProductionCode>
  <Rating>7.8</Rating>
  <RatingCount>91</RatingCount>
  <SeasonNumber>1</SeasonNumber>
  <Writer>Michael Nader</Writer>
  <absolute_number>4</absolute_number>
  <filename>episodes/248741/4180387.jpg</filename>
  <lastupdated>1360505887</lastupdated>
  <seasonid>465948</seasonid>
  <seriesid>248741</seriesid>
</Episode>
<Episode>
  <id>4183553</id>
  <Combined_episodenumber>5</Combined_episodenumber>
  <Combined_season>1</Combined_season>
  <DVD_chapter></DVD_chapter>
  <DVD_discid></DVD_discid>
  <DVD_episodenumber></DVD_episodenumber>
  <DVD_season></DVD_season>
  <Director>Scott Ellis</Director>
  <EpImgFlag>7</EpImgFlag>
  <EpisodeName>And the '90s Horse Party</EpisodeName>
  <EpisodeNumber>5</EpisodeNumber>
  <FirstAired>2011-10-17</FirstAired>
  <GuestStars>|Travis Van Winkle|Kate Frisbee|Nik Tyler|Chad Jamian Williams|Ryan Gaul|Phong Lee|Blake Young-Fountain|Kent A. Phillips|</GuestStars>
  <IMDB_ID>tt2069996</IMDB_ID>
  <Language>en</Language>
  <Overview>Caroline and Max throw a '90s-themed party at the diner to attract rich hipsters and raise money for their cupcake business; Caroline is horrified when her rich ex-boyfriend comes into the diner.</Overview>
  <ProductionCode>2J6355</ProductionCode>
  <Rating>7.7</Rating>
  <RatingCount>92</RatingCount>
  <SeasonNumber>1</SeasonNumber>
  <Writer>|Sonny Lee|Patrick Walsh|</Writer>
  <absolute_number>5</absolute_number>
  <filename>episodes/248741/4183553.jpg</filename>
  <lastupdated>1359698211</lastupdated>
  <seasonid>465948</seasonid>
  <seriesid>248741</seriesid>
</Episode>
<Episode>
  <id>4187885</id>
  <Combined_episodenumber>6</Combined_episodenumber>
  <Combined_season>1</Combined_season>
  <DVD_chapter></DVD_chapter>
  <DVD_discid></DVD_discid>
  <DVD_episodenumber></DVD_episodenumber>
  <DVD_season></DVD_season>
  <Director>Scott Ellis</Director>
  <EpImgFlag>7</EpImgFlag>
  <EpisodeName>And the Disappearing Bed</EpisodeName>
  <EpisodeNumber>6</EpisodeNumber>
  <FirstAired>2011-10-24</FirstAired>
  <GuestStars>|Ari Zagaris|Janelle Giumarra|Marty Thomas|Anthony Cutolo|David Hoffman|</GuestStars>
  <IMDB_ID>tt2069997</IMDB_ID>
  <Language>en</Language>
  <Overview>Caroline and Max try to install a Murphy bed in their apartment. </Overview>
  <ProductionCode>2J6356</ProductionCode>
  <Rating>7.8</Rating>
  <RatingCount>92</RatingCount>
  <SeasonNumber>1</SeasonNumber>
  <Writer>Greg Malins</Writer>
  <absolute_number>6</absolute_number>
  <filename>episodes/248741/4187885.jpg</filename>
  <lastupdated>1360506910</lastupdated>
  <seasonid>465948</seasonid>
  <seriesid>248741</seriesid>
</Episode>
<Episode>
  <id>4188297</id>
  <Combined_episodenumber>7</Combined_episodenumber>
  <Combined_season>1</Combined_season>
  <DVD_chapter></DVD_chapter>
  <DVD_discid></DVD_discid>
  <DVD_episodenumber></DVD_episodenumber>
  <DVD_season></DVD_season>
  <Director>Scott Ellis</Director>
  <EpImgFlag>2</EpImgFlag>
  <EpisodeName>And the Pretty Problem</EpisodeName>
  <EpisodeNumber>7</EpisodeNumber>
  <FirstAired>2011-10-31</FirstAired>
  <GuestStars>|Carla Gallo|Jade Catta-Preta|Norma Micheals|Bunny Levine|Cynthia Frost|Mary Jo Catlett|Megan Heyn|Giancarlo Carmona|Brian Gross|Greg Worswick|Marcus Choi|Dan Wells|Beth Crosby|Jennifer Jean Snyder|</GuestStars>
  <IMDB_ID>tt2069119</IMDB_ID>
  <Language>en</Language>
  <Overview>Caroline persuades Max to take a cupcake-decorating class. </Overview>
  <ProductionCode>2J6357</ProductionCode>
  <Rating>7.9</Rating>
  <RatingCount>87</RatingCount>
  <SeasonNumber>1</SeasonNumber>
  <Writer>David Feeney</Writer>
  <absolute_number>7</absolute_number>
  <filename>episodes/248741/4188297.jpg</filename>
  <lastupdated>1359698250</lastupdated>
  <seasonid>465948</seasonid>
  <seriesid>248741</seriesid>
</Episode>
<Episode>
  <id>4194101</id>
  <Combined_episodenumber>8</Combined_episodenumber>
  <Combined_season>1</Combined_season>
  <DVD_chapter></DVD_chapter>
  <DVD_discid></DVD_discid>
  <DVD_episodenumber></DVD_episodenumber>
  <DVD_season></DVD_season>
  <Director>Ted Wass</Director>
  <EpImgFlag>7</EpImgFlag>
  <EpisodeName>And Hoarder Culture</EpisodeName>
  <EpisodeNumber>8</EpisodeNumber>
  <FirstAired>2011-11-07</FirstAired>
  <GuestStars>|Marsha Thomason|Eddie Pepitone|Myra McWethy|</GuestStars>
  <IMDB_ID>tt2086960</IMDB_ID>
  <Language>en</Language>
  <Overview>The two take a job cleaning a hoarder's apartment for the extra money; Max learns that Johnny has a secret.</Overview>
  <ProductionCode>2J6358</ProductionCode>
  <Rating>7.7</Rating>
  <RatingCount>86</RatingCount>
  <SeasonNumber>1</SeasonNumber>
  <Writer>Liz Feldman</Writer>
  <absolute_number>8</absolute_number>
  <filename>episodes/248741/4194101.jpg</filename>
  <lastupdated>1360507014</lastupdated>
  <seasonid>465948</seasonid>
  <seriesid>248741</seriesid>
</Episode>
<Episode>
  <id>4200448</id>
  <Combined_episodenumber>9.0</Combined_episodenumber>
  <Combined_season>1</Combined_season>
  <DVD_chapter></DVD_chapter>
  <DVD_discid></DVD_discid>
  <DVD_episodenumber>9.0</DVD_episodenumber>
  <DVD_season>1</DVD_season>
  <Director>Ted Wass</Director>
  <EpImgFlag>7</EpImgFlag>
  <EpisodeName>And the Really Petty Cash</EpisodeName>
  <EpisodeNumber>9</EpisodeNumber>
  <FirstAired>2011-11-14</FirstAired>
  <GuestStars>|Marsha Thomason|Miki Ann Maddox|Gary Kraus|Alex Berg|</GuestStars>
  <IMDB_ID>tt2100692</IMDB_ID>
  <Language>en</Language>
  <Overview>Johnny's girlfriend has a devious plan in mind when she hires Max and Caroline to bake cupcakes for an art show featuring his work.</Overview>
  <ProductionCode></ProductionCode>
  <Rating>7.8</Rating>
  <RatingCount>88</RatingCount>
  <SeasonNumber>1</SeasonNumber>
  <Writer>Morgan Murphy</Writer>
  <absolute_number>9</absolute_number>
  <filename>episodes/248741/4200448.jpg</filename>
  <lastupdated>1359698288</lastupdated>
  <seasonid>465948</seasonid>
  <seriesid>248741</seriesid>
</Episode>
<Episode>
  <id>4202750</id>
  <Combined_episodenumber>10</Combined_episodenumber>
  <Combined_season>1</Combined_season>
  <DVD_chapter></DVD_chapter>
  <DVD_discid></DVD_discid>
  <DVD_episodenumber></DVD_episodenumber>
  <DVD_season></DVD_season>
  <Director>Jean Segal</Director>
  <EpImgFlag>2</EpImgFlag>
  <EpisodeName>And the Very Christmas Thanksgiving</EpisodeName>
  <EpisodeNumber>10</EpisodeNumber>
  <FirstAired>2011-11-21</FirstAired>
  <GuestStars>|Mindy Sterling|Katierose Donohue|Ian Sturdevant|Jane Widdop|Chase McKentry|Jake Madden|Josh Winot|Nick Fouquet|</GuestStars>
  <IMDB_ID>tt2102511</IMDB_ID>
  <Language>en</Language>
  <Overview>Caroline and Max spend Caroline's first broke holiday season working at a department store's Santaland to earn extra money.</Overview>
  <ProductionCode></ProductionCode>
  <Rating>7.6</Rating>
  <RatingCount>88</RatingCount>
  <SeasonNumber>1</SeasonNumber>
  <Writer>Michael Patrick King</Writer>
  <absolute_number>10</absolute_number>
  <filename>episodes/248741/4202750.jpg</filename>
  <lastupdated>1360507063</lastupdated>
  <seasonid>465948</seasonid>
  <seriesid>248741</seriesid>
</Episode>
<Episode>
  <id>4207107</id>
  <Combined_episodenumber>11.0</Combined_episodenumber>
  <Combined_season>1</Combined_season>
  <DVD_chapter></DVD_chapter>
  <DVD_discid></DVD_discid>
  <DVD_episodenumber>11.0</DVD_episodenumber>
  <DVD_season>1</DVD_season>
  <Director>Fred Savage</Director>
  <EpImgFlag>7</EpImgFlag>
  <EpisodeName>And the Reality Check</EpisodeName>
  <EpisodeNumber>11</EpisodeNumber>
  <FirstAired>2011-12-05</FirstAired>
  <GuestStars>|Nick Clifford|Jimmy Shubert|</GuestStars>
  <IMDB_ID>tt2101586</IMDB_ID>
  <Language>en</Language>
  <Overview>Max and Caroline try to find Chestnut a job in order to get him lodging for the winter. Meanwhile, Peach, the mother of the twins Max babysits, auditions for &quot;Real Housewives of TriBeCa&quot;.</Overview>
  <ProductionCode></ProductionCode>
  <Rating>7.6</Rating>
  <RatingCount>83</RatingCount>
  <SeasonNumber>1</SeasonNumber>
  <Writer>Molly McAleer</Writer>
  <absolute_number>11</absolute_number>
  <filename>episodes/248741/4207107.jpg</filename>
  <lastupdated>1360507262</lastupdated>
  <seasonid>465948</seasonid>
  <seriesid>248741</seriesid>
</Episode>
<Episode>
  <id>4207109</id>
  <Combined_episodenumber>12</Combined_episodenumber>
  <Combined_season>1</Combined_season>
  <DVD_chapter></DVD_chapter>
  <DVD_discid></DVD_discid>
  <DVD_episodenumber></DVD_episodenumber>
  <DVD_season></DVD_season>
  <Director>Fred Savage</Director>
  <EpImgFlag>7</EpImgFlag>
  <EpisodeName>And the Pop-Up Sale</EpisodeName>
  <EpisodeNumber>12</EpisodeNumber>
  <FirstAired>2011-12-12</FirstAired>
  <GuestStars>|Mitch Silpa|Dale Dickey|Brittany Finamore|Annet Mahendru|Laura Spencer|Rose Abdoo|Brian Thompson|</GuestStars>
  <IMDB_ID>tt2105089</IMDB_ID>
  <Language>en</Language>
  <Overview>When Max's stove breaks, Caroline tries to return some expensive rings to Barney's department store, but discovers her surname is no longer an asset at her former home away from home.</Overview>
  <ProductionCode></ProductionCode>
  <Rating>7.7</Rating>
  <RatingCount>81</RatingCount>
  <SeasonNumber>1</SeasonNumber>
  <Writer>Michelle Nader</Writer>
  <absolute_number>12</absolute_number>
  <filename>episodes/248741/4207109.jpg</filename>
  <lastupdated>1359698366</lastupdated>
  <seasonid>465948</seasonid>
  <seriesid>248741</seriesid>
</Episode>
<Episode>
  <id>4221557</id>
  <Combined_episodenumber>13</Combined_episodenumber>
  <Combined_season>1</Combined_season>
  <DVD_chapter></DVD_chapter>
  <DVD_discid></DVD_discid>
  <DVD_episodenumber></DVD_episodenumber>
  <DVD_season></DVD_season>
  <Director>Julie Anne Robinson</Director>
  <EpImgFlag>7</EpImgFlag>
  <EpisodeName>And the Secret Ingredient</EpisodeName>
  <EpisodeNumber>13</EpisodeNumber>
  <FirstAired>2012-01-02</FirstAired>
  <GuestStars>|Sonya Eddie|Chauntae Pink|Fay Wolf|Ian Wolterstorff|Jimmy Ouyang|</GuestStars>
  <IMDB_ID>tt2146011</IMDB_ID>
  <Language>en</Language>
  <Overview>Caroline discovers the secret ingredient to Max's cupcakes whilst in the midst of her new obsession couponing.</Overview>
  <ProductionCode>2J6363</ProductionCode>
  <Rating>7.7</Rating>
  <RatingCount>79</RatingCount>
  <SeasonNumber>1</SeasonNumber>
  <Writer>Michael Patrick King</Writer>
  <absolute_number>13</absolute_number>
  <filename>episodes/248741/4221557.jpg</filename>
  <lastupdated>1359698410</lastupdated>
  <seasonid>465948</seasonid>
  <seriesid>248741</seriesid>
</Episode>
<Episode>
  <id>4235233</id>
  <Combined_episodenumber>14</Combined_episodenumber>
  <Combined_season>1</Combined_season>
  <DVD_chapter></DVD_chapter>
  <DVD_discid></DVD_discid>
  <DVD_episodenumber></DVD_episodenumber>
  <DVD_season></DVD_season>
  <Director>Thomas Kail</Director>
  <EpImgFlag>7</EpImgFlag>
  <EpisodeName>And the Upstairs Neighbor</EpisodeName>
  <EpisodeNumber>14</EpisodeNumber>
  <FirstAired>2012-01-16</FirstAired>
  <GuestStars>|Jennifer Coolidge|Lou Dimaggio|Mike Pfaf|Alan Wasserman|</GuestStars>
  <IMDB_ID>tt2172157</IMDB_ID>
  <Language>en</Language>
  <Overview>Max and Caroline's new neighbor draws their suspicion.</Overview>
  <ProductionCode></ProductionCode>
  <Rating>7.7</Rating>
  <RatingCount>69</RatingCount>
  <SeasonNumber>1</SeasonNumber>
  <Writer>Michael Patrick King</Writer>
  <absolute_number>14</absolute_number>
  <filename>episodes/248741/4235233.jpg</filename>
  <lastupdated>1359698424</lastupdated>
  <seasonid>465948</seasonid>
  <seriesid>248741</seriesid>
</Episode>
<Episode>
  <id>4248457</id>
  <Combined_episodenumber>15</Combined_episodenumber>
  <Combined_season>1</Combined_season>
  <DVD_chapter></DVD_chapter>
  <DVD_discid></DVD_discid>
  <DVD_episodenumber></DVD_episodenumber>
  <DVD_season></DVD_season>
  <Director>Ted Wass</Director>
  <EpImgFlag>7</EpImgFlag>
  <EpisodeName>And the Blind Spot</EpisodeName>
  <EpisodeNumber>15</EpisodeNumber>
  <FirstAired>2012-02-06</FirstAired>
  <GuestStars>|Jennifer Coolidge|Brad Grunberg|Joey Baker|</GuestStars>
  <IMDB_ID>tt2190491</IMDB_ID>
  <Language>en</Language>
  <Overview>Max and Caroline try to prove their cleaning skills to Sophie so she will hire them for her maid service.</Overview>
  <ProductionCode></ProductionCode>
  <Rating>7.8</Rating>
  <RatingCount>72</RatingCount>
  <SeasonNumber>1</SeasonNumber>
  <Writer>Michelle Nader</Writer>
  <absolute_number>15</absolute_number>
  <filename>episodes/248741/4248457.jpg</filename>
  <lastupdated>1359698446</lastupdated>
  <seasonid>465948</seasonid>
  <seriesid>248741</seriesid>
</Episode>
<Episode>
  <id>4254102</id>
  <Combined_episodenumber>16</Combined_episodenumber>
  <Combined_season>1</Combined_season>
  <DVD_chapter></DVD_chapter>
  <DVD_discid></DVD_discid>
  <DVD_episodenumber></DVD_episodenumber>
  <DVD_season></DVD_season>
  <Director>Ted Wass</Director>
  <EpImgFlag>7</EpImgFlag>
  <EpisodeName>And the Broken Hearts</EpisodeName>
  <EpisodeNumber>16</EpisodeNumber>
  <FirstAired>2012-02-13</FirstAired>
  <GuestStars>|Jennifer Coolidge|Lou Dimaggio|Mike Pfaf|Alan Wasserman|</GuestStars>
  <IMDB_ID>tt2211201</IMDB_ID>
  <Language>en</Language>
  <Overview>When Sophie's (Jennifer Coolidge) beauty overwhelms Earl, Caroline and Max wind up spending Valentine's Day at the hospital; Caroline tries to rekindle an old flame.</Overview>
  <ProductionCode></ProductionCode>
  <Rating>7.9</Rating>
  <RatingCount>65</RatingCount>
  <SeasonNumber>1</SeasonNumber>
  <Writer>David Feeney</Writer>
  <absolute_number>16</absolute_number>
  <filename>episodes/248741/4254102.jpg</filename>
  <lastupdated>1359698463</lastupdated>
  <seasonid>465948</seasonid>
  <seriesid>248741</seriesid>
</Episode>
<Episode>
  <id>4261671</id>
  <Combined_episodenumber>17</Combined_episodenumber>
  <Combined_season>1</Combined_season>
  <DVD_chapter></DVD_chapter>
  <DVD_discid></DVD_discid>
  <DVD_episodenumber></DVD_episodenumber>
  <DVD_season></DVD_season>
  <Director>Scott Ellis</Director>
  <EpImgFlag>7</EpImgFlag>
  <EpisodeName>And the Kosher Cupcakes</EpisodeName>
  <EpisodeNumber>17</EpisodeNumber>
  <FirstAired>2012-02-20</FirstAired>
  <GuestStars>|Mary Testa|River Alexander|Jake Elliott|Renee Taylor|Matt Winston|Jay Willick|</GuestStars>
  <IMDB_ID>tt2229537</IMDB_ID>
  <Language>en</Language>
  <Overview>Max and Caroline have to make kosher cupcakes when they get a gig at a bar mitzvah.</Overview>
  <ProductionCode></ProductionCode>
  <Rating>7.7</Rating>
  <RatingCount>67</RatingCount>
  <SeasonNumber>1</SeasonNumber>
  <Writer>Liz Feldman</Writer>
  <absolute_number>17</absolute_number>
  <filename>episodes/248741/4261671.jpg</filename>
  <lastupdated>1359698495</lastupdated>
  <seasonid>465948</seasonid>
  <seriesid>248741</seriesid>
</Episode>
<Episode>
  <id>4261690</id>
  <Combined_episodenumber>18</Combined_episodenumber>
  <Combined_season>1</Combined_season>
  <DVD_chapter></DVD_chapter>
  <DVD_discid></DVD_discid>
  <DVD_episodenumber></DVD_episodenumber>
  <DVD_season></DVD_season>
  <Director>Scott Ellis</Director>
  <EpImgFlag>7</EpImgFlag>
  <EpisodeName>And the One-Night Stands</EpisodeName>
  <EpisodeNumber>18</EpisodeNumber>
  <FirstAired>2012-02-27</FirstAired>
  <GuestStars>|Bridget Everett|Tim Chiou|Brian Robinson|Jeremy Rowley|Dan Warner|Hal Devi|</GuestStars>
  <IMDB_ID>tt2235829</IMDB_ID>
  <Language>en</Language>
  <Overview>Max runs into an old boyfriend, when she accompanies Caroline to see her father in jail.</Overview>
  <ProductionCode></ProductionCode>
  <Rating>7.8</Rating>
  <RatingCount>66</RatingCount>
  <SeasonNumber>1</SeasonNumber>
  <Writer>|Sonny Lee|Patrick Walsh|</Writer>
  <absolute_number>18</absolute_number>
  <filename>episodes/248741/4261690.jpg</filename>
  <lastupdated>1360442240</lastupdated>
  <seasonid>465948</seasonid>
  <seriesid>248741</seriesid>
</Episode>
<Episode>
  <id>4273560</id>
  <Combined_episodenumber>19</Combined_episodenumber>
  <Combined_season>1</Combined_season>
  <DVD_chapter></DVD_chapter>
  <DVD_discid></DVD_discid>
  <DVD_episodenumber></DVD_episodenumber>
  <DVD_season></DVD_season>
  <Director>Scott Ellis</Director>
  <EpImgFlag>7</EpImgFlag>
  <EpisodeName>And the Spring Break</EpisodeName>
  <EpisodeNumber>19</EpisodeNumber>
  <FirstAired>2012-03-19</FirstAired>
  <GuestStars>|Riley Smith|Jayson Blair|Kevin Berntson|Alison White|</GuestStars>
  <IMDB_ID>tt2279405</IMDB_ID>
  <Language>en</Language>
  <Overview>Caroline and Max spend their spring break dog-sitting at a couple's lavish apartment.</Overview>
  <ProductionCode></ProductionCode>
  <Rating>7.7</Rating>
  <RatingCount>70</RatingCount>
  <SeasonNumber>1</SeasonNumber>
  <Writer>Morgan Murphy</Writer>
  <absolute_number>19</absolute_number>
  <filename>episodes/248741/4273560.jpg</filename>
  <lastupdated>1359698544</lastupdated>
  <seasonid>465948</seasonid>
  <seriesid>248741</seriesid>
</Episode>
<Episode>
  <id>4289760</id>
  <Combined_episodenumber>20</Combined_episodenumber>
  <Combined_season>1</Combined_season>
  <DVD_chapter></DVD_chapter>
  <DVD_discid></DVD_discid>
  <DVD_episodenumber></DVD_episodenumber>
  <DVD_season></DVD_season>
  <Director>Ted Wass</Director>
  <EpImgFlag>7</EpImgFlag>
  <EpisodeName>And the Drug Money</EpisodeName>
  <EpisodeNumber>20</EpisodeNumber>
  <FirstAired>2012-04-09</FirstAired>
  <GuestStars>|Josh Pais|Jordan Black|D.C. Douglas|Morgan Murphy|Courtney Pauroso|Corey Podell|</GuestStars>
  <IMDB_ID>tt2245317</IMDB_ID>
  <Language>en</Language>
  <Overview>Max convinces Caroline to partake in a clinical drug trial in an effort to raise money to help Caroline’s father.</Overview>
  <ProductionCode></ProductionCode>
  <Rating>7.9</Rating>
  <RatingCount>68</RatingCount>
  <SeasonNumber>1</SeasonNumber>
  <Writer>Greg Malins</Writer>
  <absolute_number>20</absolute_number>
  <filename>episodes/248741/4289760.jpg</filename>
  <lastupdated>1359698558</lastupdated>
  <seasonid>465948</seasonid>
  <seriesid>248741</seriesid>
</Episode>
<Episode>
  <id>4298519</id>
  <Combined_episodenumber>21</Combined_episodenumber>
  <Combined_season>1</Combined_season>
  <DVD_chapter></DVD_chapter>
  <DVD_discid></DVD_discid>
  <DVD_episodenumber></DVD_episodenumber>
  <DVD_season></DVD_season>
  <Director>Ted Wass</Director>
  <EpImgFlag>7</EpImgFlag>
  <EpisodeName>And the Messy Purse Smackdown</EpisodeName>
  <EpisodeNumber>21</EpisodeNumber>
  <FirstAired>2012-04-16</FirstAired>
  <GuestStars>|J.R. Nutt|Dustin Coffey|Cecelia Antoinette|Michelle Noh|Daniel E. Mora|Sean Moran|</GuestStars>
  <IMDB_ID>tt2268661</IMDB_ID>
  <Language>en</Language>
  <Overview>After promising Earl to drop his tax return in the mail, Caroline learns that Max has never filed, and gets sidetracked trying to help her.</Overview>
  <ProductionCode></ProductionCode>
  <Rating>7.8</Rating>
  <RatingCount>63</RatingCount>
  <SeasonNumber>1</SeasonNumber>
  <Writer>Molly McAleer</Writer>
  <absolute_number>21</absolute_number>
  <filename>episodes/248741/4298519.jpg</filename>
  <lastupdated>1359698577</lastupdated>
  <seasonid>465948</seasonid>
  <seriesid>248741</seriesid>
</Episode>
<Episode>
  <id>4309284</id>
  <Combined_episodenumber>22</Combined_episodenumber>
  <Combined_season>1</Combined_season>
  <DVD_chapter></DVD_chapter>
  <DVD_discid></DVD_discid>
  <DVD_episodenumber></DVD_episodenumber>
  <DVD_season></DVD_season>
  <Director>Ted Wass</Director>
  <EpImgFlag>2</EpImgFlag>
  <EpisodeName>And the Big Buttercream Breakthrough</EpisodeName>
  <EpisodeNumber>22</EpisodeNumber>
  <FirstAired>2012-04-30</FirstAired>
  <GuestStars>|Ayda Field|Annie Baria|Richard Gleason|Tracy Vilar|Amol Shah|Rico E. Anderson|Josh Breeding|Christina Jeffs|</GuestStars>
  <IMDB_ID>tt2276105</IMDB_ID>
  <Language>en</Language>
  <Overview>The stakes are high when a socialite Manhattan mother hires Max and Caroline to serve cupcakes at her daughter's first birthday party.</Overview>
  <ProductionCode></ProductionCode>
  <Rating>7.8</Rating>
  <RatingCount>58</RatingCount>
  <SeasonNumber>1</SeasonNumber>
  <Writer>Michelle Nader</Writer>
  <absolute_number>22</absolute_number>
  <filename>episodes/248741/4309284.jpg</filename>
  <lastupdated>1359698596</lastupdated>
  <seasonid>465948</seasonid>
  <seriesid>248741</seriesid>
</Episode>
<Episode>
  <id>4309285</id>
  <Combined_episodenumber>23</Combined_episodenumber>
  <Combined_season>1</Combined_season>
  <DVD_chapter></DVD_chapter>
  <DVD_discid></DVD_discid>
  <DVD_episodenumber></DVD_episodenumber>
  <DVD_season></DVD_season>
  <Director>Ted Wass</Director>
  <EpImgFlag>2</EpImgFlag>
  <EpisodeName>And Martha Stewart Have a Ball (1)</EpisodeName>
  <EpisodeNumber>23</EpisodeNumber>
  <FirstAired>2012-05-07</FirstAired>
  <GuestStars>Martha Stewart</GuestStars>
  <IMDB_ID>tt2378611</IMDB_ID>
  <Language>en</Language>
  <Overview>Max and Caroline plan to attend a big fashion gala at the Metropolitan Museum of Art where Martha Stewart is scheduled to be a guest, in an attempt to have her taste their cupcakes and get her seal of approval.</Overview>
  <ProductionCode></ProductionCode>
  <Rating>8.0</Rating>
  <RatingCount>56</RatingCount>
  <SeasonNumber>1</SeasonNumber>
  <Writer>Michael Patrick King</Writer>
  <absolute_number>23</absolute_number>
  <filename>episodes/248741/4309285.jpg</filename>
  <lastupdated>1359698613</lastupdated>
  <seasonid>465948</seasonid>
  <seriesid>248741</seriesid>
</Episode>
<Episode>
  <id>4309286</id>
  <Combined_episodenumber>24</Combined_episodenumber>
  <Combined_season>1</Combined_season>
  <DVD_chapter></DVD_chapter>
  <DVD_discid></DVD_discid>
  <DVD_episodenumber></DVD_episodenumber>
  <DVD_season></DVD_season>
  <Director>Ted Wass</Director>
  <EpImgFlag>2</EpImgFlag>
  <EpisodeName>And Martha Stewart Have a Ball (2)</EpisodeName>
  <EpisodeNumber>24</EpisodeNumber>
  <FirstAired>2012-05-07</FirstAired>
  <GuestStars></GuestStars>
  <IMDB_ID>tt2400523</IMDB_ID>
  <Language>en</Language>
  <Overview>Max and Caroline plan to attend a big fashion gala at the Metropolitan Museum of Art where Martha Stewart is scheduled to be a guest, in an attempt to have her taste their cupcakes and get her seal of approval.</Overview>
  <ProductionCode></ProductionCode>
  <Rating>7.6</Rating>
  <RatingCount>10</RatingCount>
  <SeasonNumber>1</SeasonNumber>
  <Writer>Michael Patrick King</Writer>
  <absolute_number>24</absolute_number>
  <filename>episodes/248741/4309286.jpg</filename>
  <lastupdated>1359698625</lastupdated>
  <seasonid>465948</seasonid>
  <seriesid>248741</seriesid>
</Episode>
<Episode>
  <id>4399295</id>
  <Combined_episodenumber>1</Combined_episodenumber>
  <Combined_season>2</Combined_season>
  <DVD_chapter></DVD_chapter>
  <DVD_discid></DVD_discid>
  <DVD_episodenumber></DVD_episodenumber>
  <DVD_season></DVD_season>
  <Director>Fred Savage</Director>
  <EpImgFlag>2</EpImgFlag>
  <EpisodeName>And the Hidden Stash</EpisodeName>
  <EpisodeNumber>1</EpisodeNumber>
  <FirstAired>2012-09-24</FirstAired>
  <GuestStars>Steven Weber|Robert Michael Morris|Ajay Mehta|Brian Palermo|Gary Kraus|Kevin D'Arcy|Ursula Burton|Dashiell Henry Burton|Tom Virtue|Carrie Armstrong</GuestStars>
  <IMDB_ID>tt2305069</IMDB_ID>
  <Language>en</Language>
  <Overview>Max joins Caroline on her visit to a white collar prison to see her father, Martin Channing, and he encourages them to purchase a particular keepsake at the Channing estate auction.</Overview>
  <ProductionCode></ProductionCode>
  <Rating>7.6</Rating>
  <RatingCount>41</RatingCount>
  <SeasonNumber>2</SeasonNumber>
  <Writer>Michelle Nader</Writer>
  <absolute_number></absolute_number>
  <filename>episodes/248741/4399295.jpg</filename>
  <lastupdated>1361540196</lastupdated>
  <seasonid>492735</seasonid>
  <seriesid>248741</seriesid>
</Episode>
<Episode>
  <id>4329326</id>
  <Combined_episodenumber>2</Combined_episodenumber>
  <Combined_season>2</Combined_season>
  <DVD_chapter></DVD_chapter>
  <DVD_discid></DVD_discid>
  <DVD_episodenumber></DVD_episodenumber>
  <DVD_season></DVD_season>
  <Director>Fred Savage</Director>
  <EpImgFlag>2</EpImgFlag>
  <EpisodeName>And the Pearl Necklace</EpisodeName>
  <EpisodeNumber>2</EpisodeNumber>
  <FirstAired>2012-10-01</FirstAired>
  <GuestStars>Allison Dunbar|Laura Everly|Angela Giarratana|Angela De Silva|Jona Xiao|Isidora Goreshter|Josh Latzer</GuestStars>
  <IMDB_ID>tt2358968</IMDB_ID>
  <Language>en</Language>
  <Overview>Max and Caroline attempt to keep faith that Martha Stewart, who tasted and liked one of their cupcakes in last season's finale, will call and help support their business. Meanwhile, Caroline loses a lucky keepsake.</Overview>
  <ProductionCode></ProductionCode>
  <Rating>7.5</Rating>
  <RatingCount>44</RatingCount>
  <SeasonNumber>2</SeasonNumber>
  <Writer>Michael Patrick King</Writer>
  <absolute_number></absolute_number>
  <filename>episodes/248741/4329326.jpg</filename>
  <lastupdated>1361540129</lastupdated>
  <seasonid>492735</seasonid>
  <seriesid>248741</seriesid>
</Episode>
<Episode>
  <id>4404686</id>
  <Combined_episodenumber>3</Combined_episodenumber>
  <Combined_season>2</Combined_season>
  <DVD_chapter></DVD_chapter>
  <DVD_discid></DVD_discid>
  <DVD_episodenumber></DVD_episodenumber>
  <DVD_season></DVD_season>
  <Director>Fred Savage</Director>
  <EpImgFlag>2</EpImgFlag>
  <EpisodeName>And the Hold-Up</EpisodeName>
  <EpisodeNumber>3</EpisodeNumber>
  <FirstAired>2012-10-08</FirstAired>
  <GuestStars>D.J. Pierce|Mando Alvarado|Tom Christensen|Damon Stone|Travis Lindquist|Jackson Rogow|Michael Cohen|James Grabowski</GuestStars>
  <IMDB_ID>tt2351470</IMDB_ID>
  <Language>en</Language>
  <Overview>Max and Caroline show their true colors when the diner gets robbed. Meanwhile, everyone sees a surprising new side of Han.</Overview>
  <ProductionCode></ProductionCode>
  <Rating>7.5</Rating>
  <RatingCount>44</RatingCount>
  <SeasonNumber>2</SeasonNumber>
  <Writer>Jhoni Marchinko</Writer>
  <absolute_number></absolute_number>
  <filename>episodes/248741/4404686.jpg</filename>
  <lastupdated>1363134934</lastupdated>
  <seasonid>492735</seasonid>
  <seriesid>248741</seriesid>
</Episode>
<Episode>
  <id>4414323</id>
  <Combined_episodenumber>4</Combined_episodenumber>
  <Combined_season>2</Combined_season>
  <DVD_chapter></DVD_chapter>
  <DVD_discid></DVD_discid>
  <DVD_episodenumber></DVD_episodenumber>
  <DVD_season></DVD_season>
  <Director>Fred Savage</Director>
  <EpImgFlag>2</EpImgFlag>
  <EpisodeName>And the Cupcake War</EpisodeName>
  <EpisodeNumber>4</EpisodeNumber>
  <FirstAired>2012-10-15</FirstAired>
  <GuestStars>Frances Callier|Mary Pat Gleason|Edi Patterson</GuestStars>
  <IMDB_ID>tt2432020</IMDB_ID>
  <Language>en</Language>
  <Overview>Max and Caroline try to take their cupcake business to the next level by auditioning for the reality cooking show Cupcake Wars.</Overview>
  <ProductionCode></ProductionCode>
  <Rating>7.5</Rating>
  <RatingCount>46</RatingCount>
  <SeasonNumber>2</SeasonNumber>
  <Writer>Molly McAleer</Writer>
  <absolute_number></absolute_number>
  <filename>episodes/248741/4414323.jpg</filename>
  <lastupdated>1361540157</lastupdated>
  <seasonid>492735</seasonid>
  <seriesid>248741</seriesid>
</Episode>
<Episode>
  <id>4414939</id>
  <Combined_episodenumber>5</Combined_episodenumber>
  <Combined_season>2</Combined_season>
  <DVD_chapter></DVD_chapter>
  <DVD_discid></DVD_discid>
  <DVD_episodenumber></DVD_episodenumber>
  <DVD_season></DVD_season>
  <Director>Fred Savage</Director>
  <EpImgFlag>2</EpImgFlag>
  <EpisodeName>And the Pre-Approved Credit Card</EpisodeName>
  <EpisodeNumber>5</EpisodeNumber>
  <FirstAired>2012-11-05</FirstAired>
  <GuestStars></GuestStars>
  <IMDB_ID>tt2458916</IMDB_ID>
  <Language>en</Language>
  <Overview>Max and Caroline have different ideas on how to handle their new pre-approved credit card.</Overview>
  <ProductionCode></ProductionCode>
  <Rating>7.7</Rating>
  <RatingCount>40</RatingCount>
  <SeasonNumber>2</SeasonNumber>
  <Writer>Sonny Lee|Patrick Walsh</Writer>
  <absolute_number></absolute_number>
  <filename>episodes/248741/4414939.jpg</filename>
  <lastupdated>1361540172</lastupdated>
  <seasonid>492735</seasonid>
  <seriesid>248741</seriesid>
</Episode>
<Episode>
  <id>4414937</id>
  <Combined_episodenumber>6</Combined_episodenumber>
  <Combined_season>2</Combined_season>
  <DVD_chapter></DVD_chapter>
  <DVD_discid></DVD_discid>
  <DVD_episodenumber></DVD_episodenumber>
  <DVD_season></DVD_season>
  <Director>Fred Savage</Director>
  <EpImgFlag>2</EpImgFlag>
  <EpisodeName>And the Candy Manwich</EpisodeName>
  <EpisodeNumber>6</EpisodeNumber>
  <FirstAired>2012-11-12</FirstAired>
  <GuestStars></GuestStars>
  <IMDB_ID>tt2458908</IMDB_ID>
  <Language>en</Language>
  <Overview>The attractive owner of a local candy store is sweet on Caroline, but she's too embarrassed to date him after she had a mishap in the store.</Overview>
  <ProductionCode></ProductionCode>
  <Rating>8.1</Rating>
  <RatingCount>45</RatingCount>
  <SeasonNumber>2</SeasonNumber>
  <Writer>Liz Feldman</Writer>
  <absolute_number></absolute_number>
  <filename>episodes/248741/4414937.jpg</filename>
  <lastupdated>1363135865</lastupdated>
  <seasonid>492735</seasonid>
  <seriesid>248741</seriesid>
</Episode>
<Episode>
  <id>4427090</id>
  <Combined_episodenumber>7</Combined_episodenumber>
  <Combined_season>2</Combined_season>
  <DVD_chapter></DVD_chapter>
  <DVD_discid></DVD_discid>
  <DVD_episodenumber></DVD_episodenumber>
  <DVD_season></DVD_season>
  <Director>Thomas Kail</Director>
  <EpImgFlag>2</EpImgFlag>
  <EpisodeName>And the Three Boys with Wood</EpisodeName>
  <EpisodeNumber>7</EpisodeNumber>
  <FirstAired>2012-11-19</FirstAired>
  <GuestStars></GuestStars>
  <IMDB_ID>tt2489576</IMDB_ID>
  <Language>en</Language>
  <Overview>Caroline and Max ask two Amish boys to build a barn for Chestnut; Andy makes a discovery about Caroline.</Overview>
  <ProductionCode></ProductionCode>
  <Rating>7.9</Rating>
  <RatingCount>36</RatingCount>
  <SeasonNumber>2</SeasonNumber>
  <Writer>Morgan Murphy</Writer>
  <absolute_number></absolute_number>
  <filename>episodes/248741/4427090.jpg</filename>
  <lastupdated>1363135883</lastupdated>
  <seasonid>492735</seasonid>
  <seriesid>248741</seriesid>
</Episode>
<Episode>
  <id>4427091</id>
  <Combined_episodenumber>8</Combined_episodenumber>
  <Combined_season>2</Combined_season>
  <DVD_chapter></DVD_chapter>
  <DVD_discid></DVD_discid>
  <DVD_episodenumber></DVD_episodenumber>
  <DVD_season></DVD_season>
  <Director>Thomas Kail</Director>
  <EpImgFlag>2</EpImgFlag>
  <EpisodeName>And the Egg Special</EpisodeName>
  <EpisodeNumber>8</EpisodeNumber>
  <FirstAired>2012-11-26</FirstAired>
  <GuestStars></GuestStars>
  <IMDB_ID>tt2513894</IMDB_ID>
  <Language>en</Language>
  <Overview>Max and Caroline figure out a surprising fundraising solution when a potential storefront for Max's Homemade Cupcake becomes available for the girls to rent as the two go to great lengths to raise enough money to see their dream come true.</Overview>
  <ProductionCode></ProductionCode>
  <Rating>7.8</Rating>
  <RatingCount>37</RatingCount>
  <SeasonNumber>2</SeasonNumber>
  <Writer>Tracy Poust|Jon Kinnally</Writer>
  <absolute_number></absolute_number>
  <filename>episodes/248741/4427091.jpg</filename>
  <lastupdated>1364338020</lastupdated>
  <seasonid>492735</seasonid>
  <seriesid>248741</seriesid>
</Episode>
<Episode>
  <id>4427092</id>
  <Combined_episodenumber>9</Combined_episodenumber>
  <Combined_season>2</Combined_season>
  <DVD_chapter></DVD_chapter>
  <DVD_discid></DVD_discid>
  <DVD_episodenumber></DVD_episodenumber>
  <DVD_season></DVD_season>
  <Director>Don Scardino</Director>
  <EpImgFlag>2</EpImgFlag>
  <EpisodeName>And the New Boss</EpisodeName>
  <EpisodeNumber>9</EpisodeNumber>
  <FirstAired>2012-12-03</FirstAired>
  <GuestStars>Natalie Cohen|Abby Elliott|Katie Molinaro|Chelsea O'Toole|Sharon Sachs</GuestStars>
  <IMDB_ID>tt2526686</IMDB_ID>
  <Language>en</Language>
  <Overview>Max and Caroline decide to hire an intern to help take care of some of the menial tasks involved with the preparation for opening their new cupcake shop, but Max seems conflicted with her new managerial role as the boss</Overview>
  <ProductionCode></ProductionCode>
  <Rating>7.6</Rating>
  <RatingCount>35</RatingCount>
  <SeasonNumber>2</SeasonNumber>
  <Writer>Michelle Nader</Writer>
  <absolute_number></absolute_number>
  <filename>episodes/248741/4427092.jpg</filename>
  <lastupdated>1364338039</lastupdated>
  <seasonid>492735</seasonid>
  <seriesid>248741</seriesid>
</Episode>
<Episode>
  <id>4443796</id>
  <Combined_episodenumber>10</Combined_episodenumber>
  <Combined_season>2</Combined_season>
  <DVD_chapter></DVD_chapter>
  <DVD_discid></DVD_discid>
  <DVD_episodenumber></DVD_episodenumber>
  <DVD_season></DVD_season>
  <Director>Lonny Price</Director>
  <EpImgFlag>2</EpImgFlag>
  <EpisodeName>And the Big Opening</EpisodeName>
  <EpisodeNumber>10</EpisodeNumber>
  <FirstAired>2012-12-10</FirstAired>
  <GuestStars>Ryan Hansen|Brandon Herman|Noah Mills|Darryl Stephens|Amy Tolsky|Nick Zano|Shawn Ashley</GuestStars>
  <IMDB_ID>tt2568836</IMDB_ID>
  <Language>en</Language>
  <Overview>Max and Caroline host a grand opening celebration at their new cupcake shop, and Max invites her former flames to show off her success.</Overview>
  <ProductionCode></ProductionCode>
  <Rating>7.7</Rating>
  <RatingCount>31</RatingCount>
  <SeasonNumber>2</SeasonNumber>
  <Writer>Michael Patrick King</Writer>
  <absolute_number></absolute_number>
  <filename>episodes/248741/4443796.jpg</filename>
  <lastupdated>1362797164</lastupdated>
  <seasonid>492735</seasonid>
  <seriesid>248741</seriesid>
</Episode>
<Episode>
  <id>4443797</id>
  <Combined_episodenumber>11</Combined_episodenumber>
  <Combined_season>2</Combined_season>
  <DVD_chapter></DVD_chapter>
  <DVD_discid></DVD_discid>
  <DVD_episodenumber></DVD_episodenumber>
  <DVD_season></DVD_season>
  <Director>Don Scardino</Director>
  <EpImgFlag>2</EpImgFlag>
  <EpisodeName>And the Silent Partner</EpisodeName>
  <EpisodeNumber>11</EpisodeNumber>
  <FirstAired>2012-12-10</FirstAired>
  <GuestStars>Ryan Hansen|James Hong|Bianca Lawson|Tom Massmann|Noah Mills|Connie Sawyer|Nick Zano|Shawn Ashley</GuestStars>
  <IMDB_ID>tt2542728</IMDB_ID>
  <Language>en</Language>
  <Overview>When Max sees Sophie depressed after being swindled by the contractor in charge of building her dream house, she offers to make her a silent partner in the cupcake business, but Caroline and Sophie have very different visions for the company.</Overview>
  <ProductionCode></ProductionCode>
  <Rating>7.6</Rating>
  <RatingCount>31</RatingCount>
  <SeasonNumber>2</SeasonNumber>
  <Writer>Tracy Poust|Jon Kinnally</Writer>
  <absolute_number></absolute_number>
  <filename>episodes/248741/4443797.jpg</filename>
  <lastupdated>1363428504</lastupdated>
  <seasonid>492735</seasonid>
  <seriesid>248741</seriesid>
</Episode>
<Episode>
  <id>4453190</id>
  <Combined_episodenumber>12</Combined_episodenumber>
  <Combined_season>2</Combined_season>
  <DVD_chapter></DVD_chapter>
  <DVD_discid></DVD_discid>
  <DVD_episodenumber></DVD_episodenumber>
  <DVD_season></DVD_season>
  <Director>Don Scardino</Director>
  <EpImgFlag>2</EpImgFlag>
  <EpisodeName>And the High Holidays</EpisodeName>
  <EpisodeNumber>12</EpisodeNumber>
  <FirstAired>2012-12-17</FirstAired>
  <GuestStars></GuestStars>
  <IMDB_ID>tt2556388</IMDB_ID>
  <Language>en</Language>
  <Overview>Desperate for a way to pay their overdue rent, Max and Caroline get involved with a group of of sketchy customers willing to pay top dollar for their cupcakes.</Overview>
  <ProductionCode></ProductionCode>
  <Rating>7.9</Rating>
  <RatingCount>30</RatingCount>
  <SeasonNumber>2</SeasonNumber>
  <Writer>Molly McAleer</Writer>
  <absolute_number></absolute_number>
  <filename>episodes/248741/4453190.jpg</filename>
  <lastupdated>1363241188</lastupdated>
  <seasonid>492735</seasonid>
  <seriesid>248741</seriesid>
</Episode>
<Episode>
  <id>4453191</id>
  <Combined_episodenumber>13</Combined_episodenumber>
  <Combined_season>2</Combined_season>
  <DVD_chapter></DVD_chapter>
  <DVD_discid></DVD_discid>
  <DVD_episodenumber></DVD_episodenumber>
  <DVD_season></DVD_season>
  <Director>Scott Ellis</Director>
  <EpImgFlag>3</EpImgFlag>
  <EpisodeName>And the Bear Truth</EpisodeName>
  <EpisodeNumber>13</EpisodeNumber>
  <FirstAired>2013-01-14</FirstAired>
  <GuestStars></GuestStars>
  <IMDB_ID>tt2587888</IMDB_ID>
  <Language>en</Language>
  <Overview>A relaxing getaway for two becomes an awkward vacation for three when Max, Caroline and Andy spend a weekend together in a cabin in the woods.</Overview>
  <ProductionCode></ProductionCode>
  <Rating>7.8</Rating>
  <RatingCount>29</RatingCount>
  <SeasonNumber>2</SeasonNumber>
  <Writer>Liz Feldman</Writer>
  <absolute_number></absolute_number>
  <filename>episodes/248741/4453191.jpg</filename>
  <lastupdated>1363868923</lastupdated>
  <seasonid>492735</seasonid>
  <seriesid>248741</seriesid>
</Episode>
<Episode>
  <id>4453192</id>
  <Combined_episodenumber>14</Combined_episodenumber>
  <Combined_season>2</Combined_season>
  <DVD_chapter></DVD_chapter>
  <DVD_discid></DVD_discid>
  <DVD_episodenumber></DVD_episodenumber>
  <DVD_season></DVD_season>
  <Director>Scott Ellis</Director>
  <EpImgFlag>2</EpImgFlag>
  <EpisodeName>And Too Little Sleep</EpisodeName>
  <EpisodeNumber>14</EpisodeNumber>
  <FirstAired>2013-01-21</FirstAired>
  <GuestStars></GuestStars>
  <IMDB_ID>tt2621458</IMDB_ID>
  <Language>en</Language>
  <Overview>The diner gang helps Max and Caroline bake throughout the night in order to fulfill a gigantic cupcake order.</Overview>
  <ProductionCode></ProductionCode>
  <Rating>7.8</Rating>
  <RatingCount>26</RatingCount>
  <SeasonNumber>2</SeasonNumber>
  <Writer>Jhoni Marchinko|Michelle Nader</Writer>
  <absolute_number></absolute_number>
  <filename>episodes/248741/4453192.jpg</filename>
  <lastupdated>1364309973</lastupdated>
  <seasonid>492735</seasonid>
  <seriesid>248741</seriesid>
</Episode>
<Episode>
  <id>4453193</id>
  <Combined_episodenumber>15</Combined_episodenumber>
  <Combined_season>2</Combined_season>
  <DVD_chapter></DVD_chapter>
  <DVD_discid></DVD_discid>
  <DVD_episodenumber></DVD_episodenumber>
  <DVD_season></DVD_season>
  <Director>Ken Whittingham</Director>
  <EpImgFlag>2</EpImgFlag>
  <EpisodeName>And the Psychic Shakedown</EpisodeName>
  <EpisodeNumber>15</EpisodeNumber>
  <FirstAired>2013-02-04</FirstAired>
  <GuestStars>Caroline Aaron|Amir Talai|Joe Lorenzo|Fawn Irish|Allan Rich|Eddie Alfano</GuestStars>
  <IMDB_ID>tt2631298</IMDB_ID>
  <Language>en</Language>
  <Overview>After learning that Candy Andy closed down his shop after their breakup, Caroline visits a psychic for a reading about her love life in the future.</Overview>
  <ProductionCode></ProductionCode>
  <Rating>7.9</Rating>
  <RatingCount>27</RatingCount>
  <SeasonNumber>2</SeasonNumber>
  <Writer>Michael Patrick King</Writer>
  <absolute_number>39</absolute_number>
  <filename>episodes/248741/4453193.jpg</filename>
  <lastupdated>1360189179</lastupdated>
  <seasonid>492735</seasonid>
  <seriesid>248741</seriesid>
</Episode>
<Episode>
  <id>4453194</id>
  <Combined_episodenumber>16</Combined_episodenumber>
  <Combined_season>2</Combined_season>
  <DVD_chapter></DVD_chapter>
  <DVD_discid></DVD_discid>
  <DVD_episodenumber></DVD_episodenumber>
  <DVD_season></DVD_season>
  <Director>Ken Whittingham</Director>
  <EpImgFlag>2</EpImgFlag>
  <EpisodeName>And Just Plane Magic</EpisodeName>
  <EpisodeNumber>16</EpisodeNumber>
  <FirstAired>2013-02-11</FirstAired>
  <GuestStars>2 Chainz</GuestStars>
  <IMDB_ID>tt2669014</IMDB_ID>
  <Language>en</Language>
  <Overview>When Max lands tickets to a music awards show in Los Angeles, she and Caroline meet rapper 2 Chainz during the cross-country flight on a private jet.</Overview>
  <ProductionCode></ProductionCode>
  <Rating>7.7</Rating>
  <RatingCount>25</RatingCount>
  <SeasonNumber>2</SeasonNumber>
  <Writer>Molly McAleer</Writer>
  <absolute_number></absolute_number>
  <filename>episodes/248741/4453194.jpg</filename>
  <lastupdated>1360953817</lastupdated>
  <seasonid>492735</seasonid>
  <seriesid>248741</seriesid>
</Episode>
<Episode>
  <id>4453195</id>
  <Combined_episodenumber>17</Combined_episodenumber>
  <Combined_season>2</Combined_season>
  <DVD_chapter></DVD_chapter>
  <DVD_discid></DVD_discid>
  <DVD_episodenumber></DVD_episodenumber>
  <DVD_season></DVD_season>
  <Director>Ken Whittingham</Director>
  <EpImgFlag>2</EpImgFlag>
  <EpisodeName>And the Broken Hip</EpisodeName>
  <EpisodeNumber>17</EpisodeNumber>
  <FirstAired>2013-02-18</FirstAired>
  <GuestStars></GuestStars>
  <IMDB_ID>tt2664462</IMDB_ID>
  <Language>en</Language>
  <Overview>Caroline and Max pay a steep price for trying to remove a street performer from the entry of their shop.</Overview>
  <ProductionCode></ProductionCode>
  <Rating>7.7</Rating>
  <RatingCount>20</RatingCount>
  <SeasonNumber>2</SeasonNumber>
  <Writer>Molly McAleer</Writer>
  <absolute_number></absolute_number>
  <filename>episodes/248741/4453195.jpg</filename>
  <lastupdated>1361462298</lastupdated>
  <seasonid>492735</seasonid>
  <seriesid>248741</seriesid>
</Episode>
<Episode>
  <id>4453196</id>
  <Combined_episodenumber>18</Combined_episodenumber>
  <Combined_season>2</Combined_season>
  <DVD_chapter></DVD_chapter>
  <DVD_discid></DVD_discid>
  <DVD_episodenumber></DVD_episodenumber>
  <DVD_season></DVD_season>
  <Director>Fred Savage</Director>
  <EpImgFlag>2</EpImgFlag>
  <EpisodeName>And Not-So-Sweet Charity</EpisodeName>
  <EpisodeNumber>18</EpisodeNumber>
  <FirstAired>2013-02-25</FirstAired>
  <GuestStars></GuestStars>
  <IMDB_ID>tt2706930</IMDB_ID>
  <Language>en</Language>
  <Overview>Max and Caroline ask Caroline's rich but callous aunt for money to save their flailing cupcake shop. </Overview>
  <ProductionCode></ProductionCode>
  <Rating>7.8</Rating>
  <RatingCount>24</RatingCount>
  <SeasonNumber>2</SeasonNumber>
  <Writer>Morgan Murphy</Writer>
  <absolute_number></absolute_number>
  <filename>episodes/248741/4453196.jpg</filename>
  <lastupdated>1361997868</lastupdated>
  <seasonid>492735</seasonid>
  <seriesid>248741</seriesid>
</Episode>
<Episode>
  <id>4514852</id>
  <Combined_episodenumber>19</Combined_episodenumber>
  <Combined_season>2</Combined_season>
  <DVD_chapter></DVD_chapter>
  <DVD_discid></DVD_discid>
  <DVD_episodenumber></DVD_episodenumber>
  <DVD_season></DVD_season>
  <Director>Fred Savage</Director>
  <EpImgFlag>2</EpImgFlag>
  <EpisodeName>And the Temporary Distraction</EpisodeName>
  <EpisodeNumber>19</EpisodeNumber>
  <FirstAired>2013-03-18</FirstAired>
  <GuestStars></GuestStars>
  <IMDB_ID>tt2735536</IMDB_ID>
  <Language>en</Language>
  <Overview>Max and Caroline take office temp jobs. While Caroline tries to climb the corporate ladder, Max deals with a boss who makes inappropriate advances.</Overview>
  <ProductionCode></ProductionCode>
  <Rating>7.5</Rating>
  <RatingCount>22</RatingCount>
  <SeasonNumber>2</SeasonNumber>
  <Writer>Sonny Lee &amp; Patrick Walsh</Writer>
  <absolute_number></absolute_number>
  <filename>episodes/248741/4514852.jpg</filename>
  <lastupdated>1364409404</lastupdated>
  <seasonid>492735</seasonid>
  <seriesid>248741</seriesid>
</Episode>
<Episode>
  <id>4514853</id>
  <Combined_episodenumber>20</Combined_episodenumber>
  <Combined_season>2</Combined_season>
  <DVD_chapter></DVD_chapter>
  <DVD_discid></DVD_discid>
  <DVD_episodenumber></DVD_episodenumber>
  <DVD_season></DVD_season>
  <Director>Fred Savage</Director>
  <EpImgFlag>2</EpImgFlag>
  <EpisodeName>And the Big Hole</EpisodeName>
  <EpisodeNumber>20</EpisodeNumber>
  <FirstAired>2013-03-25</FirstAired>
  <GuestStars></GuestStars>
  <IMDB_ID>tt2793866</IMDB_ID>
  <Language>en</Language>
  <Overview>Han fires Caroline when she insults his diner, so Max tries to mend their relationship.</Overview>
  <ProductionCode></ProductionCode>
  <Rating>7.8</Rating>
  <RatingCount>16</RatingCount>
  <SeasonNumber>2</SeasonNumber>
  <Writer>Liz Feldman</Writer>
  <absolute_number></absolute_number>
  <filename>episodes/248741/4514853.jpg</filename>
  <lastupdated>1364410024</lastupdated>
  <seasonid>492735</seasonid>
  <seriesid>248741</seriesid>
</Episode>
<Episode>
  <id>4516866</id>
  <Combined_episodenumber>21</Combined_episodenumber>
  <Combined_season>2</Combined_season>
  <DVD_chapter></DVD_chapter>
  <DVD_discid></DVD_discid>
  <DVD_episodenumber></DVD_episodenumber>
  <DVD_season></DVD_season>
  <Director></Director>
  <EpImgFlag></EpImgFlag>
  <EpisodeName>And the Worst Selfie Ever</EpisodeName>
  <EpisodeNumber>21</EpisodeNumber>
  <FirstAired>2013-04-15</FirstAired>
  <GuestStars></GuestStars>
  <IMDB_ID></IMDB_ID>
  <Language>en</Language>
  <Overview>Caroline is in a tizzy when she develops a rash after a romantic evening with her former boyfriend.</Overview>
  <ProductionCode></ProductionCode>
  <Rating></Rating>
  <RatingCount>0</RatingCount>
  <SeasonNumber>2</SeasonNumber>
  <Writer></Writer>
  <absolute_number></absolute_number>
  <filename></filename>
  <lastupdated>1364509801</lastupdated>
  <seasonid>492735</seasonid>
  <seriesid>248741</seriesid>
</Episode>
<Episode>
  <id>4535463</id>
  <Combined_episodenumber>22</Combined_episodenumber>
  <Combined_season>2</Combined_season>
  <DVD_chapter></DVD_chapter>
  <DVD_discid></DVD_discid>
  <DVD_episodenumber></DVD_episodenumber>
  <DVD_season></DVD_season>
  <Director></Director>
  <EpImgFlag></EpImgFlag>
  <EpisodeName>And the Extra Work</EpisodeName>
  <EpisodeNumber>22</EpisodeNumber>
  <FirstAired>2013-04-29</FirstAired>
  <GuestStars></GuestStars>
  <IMDB_ID></IMDB_ID>
  <Language>en</Language>
  <Overview></Overview>
  <ProductionCode></ProductionCode>
  <Rating></Rating>
  <RatingCount>0</RatingCount>
  <SeasonNumber>2</SeasonNumber>
  <Writer></Writer>
  <absolute_number></absolute_number>
  <filename></filename>
  <lastupdated>1364564001</lastupdated>
  <seasonid>492735</seasonid>
  <seriesid>248741</seriesid>
</Episode>
</Data>