<?xml version="1.0" encoding="UTF-8" ?>
<Actors>
<Actor>
  <id>38330</id>
  <Image>actors/38330.jpg</Image>
  <Name>Wentworth Miller</Name>
  <Role>Michael Scofield</Role>
  <SortOrder>0</SortOrder>
</Actor>
<Actor>
  <id>38328</id>
  <Image>actors/38328.jpg</Image>
  <Name>Dominic Purcell</Name>
  <Role>Lincoln Burrows</Role>
  <SortOrder>1</SortOrder>
</Actor>
<Actor>
  <id>38329</id>
  <Image>actors/38329.jpg</Image>
  <Name>Sarah Wayne Callies</Name>
  <Role>Dr. Sara Tancredi</Role>
  <SortOrder>2</SortOrder>
</Actor>
<Actor>
  <id>92101</id>
  <Image>actors/92101.jpg</Image>
  <Name>Cress Williams</Name>
  <Role>Wyatt</Role>
  <SortOrder>3</SortOrder>
</Actor>
<Actor>
  <id>92091</id>
  <Image>actors/92091.jpg</Image>
  <Name>James Hiroyuki Liao</Name>
  <Role>Roland Glenn</Role>
  <SortOrder>3</SortOrder>
</Actor>
<Actor>
  <id>92081</id>
  <Image>actors/92081.jpg</Image>
  <Name>Lane Garrison</Name>
  <Role>David &quot;Tweener&quot; Apolskis</Role>
  <SortOrder>3</SortOrder>
</Actor>
<Actor>
  <id>92071</id>
  <Image>actors/92071.jpg</Image>
  <Name>Patricia Wettig</Name>
  <Role>Caroline Reynolds</Role>
  <SortOrder>3</SortOrder>
</Actor>
<Actor>
  <id>91641</id>
  <Image>actors/91641.jpg</Image>
  <Name>Michael Rapaport</Name>
  <Role>Don Self</Role>
  <SortOrder>3</SortOrder>
</Actor>
<Actor>
  <id>91631</id>
  <Image>actors/91631.jpg</Image>
  <Name>Leon Russom</Name>
  <Role>General Jonathan Krantz</Role>
  <SortOrder>3</SortOrder>
</Actor>
<Actor>
  <id>78009</id>
  <Image>actors/78009.jpg</Image>
  <Name>Jodi Lyn O'Keefe</Name>
  <Role>Gretchen Morgan (Susan B. Anthony)</Role>
  <SortOrder>3</SortOrder>
</Actor>
<Actor>
  <id>78008</id>
  <Image>actors/78008.jpg</Image>
  <Name>Robert Wisdom</Name>
  <Role>Norman “Lechero” St. John</Role>
  <SortOrder>3</SortOrder>
</Actor>
<Actor>
  <id>78007</id>
  <Image>actors/78007.jpg</Image>
  <Name>Rockmond Dunbar</Name>
  <Role>Benjamin Miles “C-Note” Franklin </Role>
  <SortOrder>3</SortOrder>
</Actor>
<Actor>
  <id>77838</id>
  <Image>actors/77838.jpg</Image>
  <Name>William Fichtner</Name>
  <Role>Alexander &quot;Alex&quot; Mahone</Role>
  <SortOrder>3</SortOrder>
</Actor>
<Actor>
  <id>77837</id>
  <Image>actors/77837.jpg</Image>
  <Name>Danay Garcia</Name>
  <Role>Sofia Lugo</Role>
  <SortOrder>3</SortOrder>
</Actor>
<Actor>
  <id>77836</id>
  <Image>actors/77836.jpg</Image>
  <Name>Robert Knepper</Name>
  <Role>Theodore &quot;T-Bag&quot; Bagwell</Role>
  <SortOrder>3</SortOrder>
</Actor>
<Actor>
  <id>77835</id>
  <Image>actors/77835.jpg</Image>
  <Name>Chris Vance</Name>
  <Role>James Whistler</Role>
  <SortOrder>3</SortOrder>
</Actor>
<Actor>
  <id>77834</id>
  <Image>actors/77834.jpg</Image>
  <Name>Wade Williams</Name>
  <Role>Bradley “Brad” Bellick</Role>
  <SortOrder>3</SortOrder>
</Actor>
<Actor>
  <id>77833</id>
  <Image>actors/77833.jpg</Image>
  <Name>Paul Adelstein</Name>
  <Role>Paul Kellerman</Role>
  <SortOrder>3</SortOrder>
</Actor>
<Actor>
  <id>38336</id>
  <Image>actors/38336.jpg</Image>
  <Name>Amaury Nolasco</Name>
  <Role>Fernando Sucre</Role>
  <SortOrder>3</SortOrder>
</Actor>
<Actor>
  <id>38335</id>
  <Image>actors/38335.jpg</Image>
  <Name>Peter Stormare</Name>
  <Role>John Abruzzi</Role>
  <SortOrder>3</SortOrder>
</Actor>
<Actor>
  <id>38334</id>
  <Image>actors/38334.jpg</Image>
  <Name>Marshall Allman</Name>
  <Role>LJ Burrows</Role>
  <SortOrder>3</SortOrder>
</Actor>
<Actor>
  <id>38333</id>
  <Image>actors/38333.jpg</Image>
  <Name>Robin Tunney</Name>
  <Role>Veronica Donovan</Role>
  <SortOrder>3</SortOrder>
</Actor>
<Actor>
  <id>38332</id>
  <Image>actors/38332.jpg</Image>
  <Name>Stacy Keach</Name>
  <Role>Warden Henry Pope</Role>
  <SortOrder>3</SortOrder>
</Actor>
<Actor>
  <id>38331</id>
  <Image>actors/38331.jpg</Image>
  <Name>Muse Watson</Name>
  <Role>Charles Westmoreland</Role>
  <SortOrder>3</SortOrder>
</Actor>
<Actor>
  <id>144371</id>
  <Image>actors/144371.jpg</Image>
  <Name>Stacy Haiduk</Name>
  <Role>Lisa Tabak</Role>
  <SortOrder>3</SortOrder>
</Actor>
</Actors>