<?xml version="1.0" encoding="UTF-8" ?>
<Actors>
<Actor>
  <id>81082</id>
  <Image>actors/81082.jpg</Image>
  <Name>Joseph Fiennes</Name>
  <Role>Mark Banford</Role>
  <SortOrder>0</SortOrder>
</Actor>
<Actor>
  <id>81083</id>
  <Image>actors/81083.jpg</Image>
  <Name>Sonya Walger</Name>
  <Role>Olivia Banford</Role>
  <SortOrder>1</SortOrder>
</Actor>
<Actor>
  <id>93771</id>
  <Image>actors/93771.jpg</Image>
  <Name>Peyton List</Name>
  <Role>Nicole</Role>
  <SortOrder>2</SortOrder>
</Actor>
<Actor>
  <id>81081</id>
  <Image>actors/81081.jpg</Image>
  <Name>John Cho</Name>
  <Role>Demetri Noh</Role>
  <SortOrder>2</SortOrder>
</Actor>
<Actor>
  <id>81080</id>
  <Image>actors/81080.jpg</Image>
  <Name>Jack Davenport</Name>
  <Role>Lloyd Simcoe</Role>
  <SortOrder>3</SortOrder>
</Actor>
<Actor>
  <id>81079</id>
  <Image>actors/81079.jpg</Image>
  <Name>Courtney B. Vance</Name>
  <Role>Stan Wedeck</Role>
  <SortOrder>3</SortOrder>
</Actor>
<Actor>
  <id>81078</id>
  <Image>actors/81078.jpg</Image>
  <Name>Christine Woods</Name>
  <Role>Janis Hawk</Role>
  <SortOrder>3</SortOrder>
</Actor>
<Actor>
  <id>152791</id>
  <Image>actors/152791.jpg</Image>
  <Name>Gabrielle Union</Name>
  <Role>Zoey Andata</Role>
  <SortOrder>3</SortOrder>
</Actor>
<Actor>
  <id>152781</id>
  <Image>actors/152781.jpg</Image>
  <Name>Brian F. O'Byrne</Name>
  <Role>Aaron Stark</Role>
  <SortOrder>3</SortOrder>
</Actor>
<Actor>
  <id>152771</id>
  <Image>actors/152771.jpg</Image>
  <Name>Peter Coyote</Name>
  <Role>President Dave Segovia</Role>
  <SortOrder>3</SortOrder>
</Actor>
<Actor>
  <id>152761</id>
  <Image>actors/152761.jpg</Image>
  <Name>Zachary Knighton</Name>
  <Role>Dr. Bryce Varley</Role>
  <SortOrder>3</SortOrder>
</Actor>
<Actor>
  <id>125751</id>
  <Image>actors/125751.jpg</Image>
  <Name>Dominic Monaghan</Name>
  <Role>Simon Campos</Role>
  <SortOrder>3</SortOrder>
</Actor>
</Actors>