<?xml version="1.0" encoding="UTF-8" ?>
<Banners>
<Banner>
  <id>241381</id>
  <BannerPath>fanart/original/84024-12.jpg</BannerPath>
  <BannerType>fanart</BannerType>
  <BannerType2>1920x1080</BannerType2>
  <Colors>|241,246,249|46,42,33|130,115,72|</Colors>
  <Language>en</Language>
  <Rating>7.5000</Rating>
  <RatingCount>12</RatingCount>
  <SeriesName>false</SeriesName>
  <ThumbnailPath>_cache/fanart/original/84024-12.jpg</ThumbnailPath>
  <VignettePath>fanart/vignette/84024-12.jpg</VignettePath>
</Banner>
<Banner>
  <id>240341</id>
  <BannerPath>fanart/original/84024-4.jpg</BannerPath>
  <BannerType>fanart</BannerType>
  <BannerType2>1920x1080</BannerType2>
  <Colors></Colors>
  <Language>en</Language>
  <Rating>7.5000</Rating>
  <RatingCount>6</RatingCount>
  <SeriesName>true</SeriesName>
  <ThumbnailPath>_cache/fanart/original/84024-4.jpg</ThumbnailPath>
  <VignettePath>fanart/vignette/84024-4.jpg</VignettePath>
</Banner>
<Banner>
  <id>240301</id>
  <BannerPath>fanart/original/84024-10.jpg</BannerPath>
  <BannerType>fanart</BannerType>
  <BannerType2>1920x1080</BannerType2>
  <Colors>|0,0,0|0,8,19|255,255,255|</Colors>
  <Language>en</Language>
  <Rating>7.3750</Rating>
  <RatingCount>8</RatingCount>
  <SeriesName>true</SeriesName>
  <ThumbnailPath>_cache/fanart/original/84024-10.jpg</ThumbnailPath>
  <VignettePath>fanart/vignette/84024-10.jpg</VignettePath>
</Banner>
<Banner>
  <id>109941</id>
  <BannerPath>fanart/original/84024-1.jpg</BannerPath>
  <BannerType>fanart</BannerType>
  <BannerType2>1920x1080</BannerType2>
  <Colors></Colors>
  <Language>en</Language>
  <Rating>7.2500</Rating>
  <RatingCount>8</RatingCount>
  <SeriesName>false</SeriesName>
  <ThumbnailPath>_cache/fanart/original/84024-1.jpg</ThumbnailPath>
  <VignettePath>fanart/vignette/84024-1.jpg</VignettePath>
</Banner>
<Banner>
  <id>259921</id>
  <BannerPath>fanart/original/84024-15.jpg</BannerPath>
  <BannerType>fanart</BannerType>
  <BannerType2>1920x1080</BannerType2>
  <Colors>|254,254,254|45,34,12|135,133,92|</Colors>
  <Language>en</Language>
  <Rating>7.2500</Rating>
  <RatingCount>4</RatingCount>
  <SeriesName>false</SeriesName>
  <ThumbnailPath>_cache/fanart/original/84024-15.jpg</ThumbnailPath>
  <VignettePath>fanart/vignette/84024-15.jpg</VignettePath>
</Banner>
<Banner>
  <id>249841</id>
  <BannerPath>fanart/original/84024-13.jpg</BannerPath>
  <BannerType>fanart</BannerType>
  <BannerType2>1920x1080</BannerType2>
  <Colors></Colors>
  <Language>en</Language>
  <Rating>7.2500</Rating>
  <RatingCount>4</RatingCount>
  <SeriesName>false</SeriesName>
  <ThumbnailPath>_cache/fanart/original/84024-13.jpg</ThumbnailPath>
  <VignettePath>fanart/vignette/84024-13.jpg</VignettePath>
</Banner>
<Banner>
  <id>218081</id>
  <BannerPath>fanart/original/84024-8.jpg</BannerPath>
  <BannerType>fanart</BannerType>
  <BannerType2>1920x1080</BannerType2>
  <Colors></Colors>
  <Language>de</Language>
  <Rating>6.8750</Rating>
  <RatingCount>8</RatingCount>
  <SeriesName>false</SeriesName>
  <ThumbnailPath>_cache/fanart/original/84024-8.jpg</ThumbnailPath>
  <VignettePath>fanart/vignette/84024-8.jpg</VignettePath>
</Banner>
<Banner>
  <id>343691</id>
  <BannerPath>fanart/original/84024-16.jpg</BannerPath>
  <BannerType>fanart</BannerType>
  <BannerType2>1920x1080</BannerType2>
  <Colors></Colors>
  <Language>en</Language>
  <Rating>6.7500</Rating>
  <RatingCount>4</RatingCount>
  <SeriesName>false</SeriesName>
  <ThumbnailPath>_cache/fanart/original/84024-16.jpg</ThumbnailPath>
  <VignettePath>fanart/vignette/84024-16.jpg</VignettePath>
</Banner>
<Banner>
  <id>127061</id>
  <BannerPath>fanart/original/84024-2.jpg</BannerPath>
  <BannerType>fanart</BannerType>
  <BannerType2>1280x720</BannerType2>
  <Colors></Colors>
  <Language>en</Language>
  <Rating>6.3333</Rating>
  <RatingCount>3</RatingCount>
  <SeriesName>false</SeriesName>
  <ThumbnailPath>_cache/fanart/original/84024-2.jpg</ThumbnailPath>
  <VignettePath>fanart/vignette/84024-2.jpg</VignettePath>
</Banner>
<Banner>
  <id>259911</id>
  <BannerPath>fanart/original/84024-14.jpg</BannerPath>
  <BannerType>fanart</BannerType>
  <BannerType2>1920x1080</BannerType2>
  <Colors></Colors>
  <Language>en</Language>
  <Rating>6.0000</Rating>
  <RatingCount>4</RatingCount>
  <SeriesName>false</SeriesName>
  <ThumbnailPath>_cache/fanart/original/84024-14.jpg</ThumbnailPath>
  <VignettePath>fanart/vignette/84024-14.jpg</VignettePath>
</Banner>
<Banner>
  <id>240351</id>
  <BannerPath>fanart/original/84024-11.jpg</BannerPath>
  <BannerType>fanart</BannerType>
  <BannerType2>1280x720</BannerType2>
  <Colors></Colors>
  <Language>en</Language>
  <Rating>5.6667</Rating>
  <RatingCount>3</RatingCount>
  <SeriesName>true</SeriesName>
  <ThumbnailPath>_cache/fanart/original/84024-11.jpg</ThumbnailPath>
  <VignettePath>fanart/vignette/84024-11.jpg</VignettePath>
</Banner>
<Banner>
  <id>237511</id>
  <BannerPath>fanart/original/84024-9.jpg</BannerPath>
  <BannerType>fanart</BannerType>
  <BannerType2>1920x1080</BannerType2>
  <Colors></Colors>
  <Language>en</Language>
  <Rating>5.6000</Rating>
  <RatingCount>5</RatingCount>
  <SeriesName>true</SeriesName>
  <ThumbnailPath>_cache/fanart/original/84024-9.jpg</ThumbnailPath>
  <VignettePath>fanart/vignette/84024-9.jpg</VignettePath>
</Banner>
<Banner>
  <id>207001</id>
  <BannerPath>fanart/original/84024-6.jpg</BannerPath>
  <BannerType>fanart</BannerType>
  <BannerType2>1920x1080</BannerType2>
  <Colors>|255,255,255|91,110,91|131,152,155|</Colors>
  <Language>de</Language>
  <Rating>5.3333</Rating>
  <RatingCount>3</RatingCount>
  <SeriesName>false</SeriesName>
  <ThumbnailPath>_cache/fanart/original/84024-6.jpg</ThumbnailPath>
  <VignettePath>fanart/vignette/84024-6.jpg</VignettePath>
</Banner>
<Banner>
  <id>206991</id>
  <BannerPath>fanart/original/84024-5.jpg</BannerPath>
  <BannerType>fanart</BannerType>
  <BannerType2>1920x1080</BannerType2>
  <Colors></Colors>
  <Language>de</Language>
  <Rating>5.3333</Rating>
  <RatingCount>3</RatingCount>
  <SeriesName>false</SeriesName>
  <ThumbnailPath>_cache/fanart/original/84024-5.jpg</ThumbnailPath>
  <VignettePath>fanart/vignette/84024-5.jpg</VignettePath>
</Banner>
<Banner>
  <id>207011</id>
  <BannerPath>fanart/original/84024-7.jpg</BannerPath>
  <BannerType>fanart</BannerType>
  <BannerType2>1920x1080</BannerType2>
  <Colors></Colors>
  <Language>de</Language>
  <Rating>5.3333</Rating>
  <RatingCount>3</RatingCount>
  <SeriesName>false</SeriesName>
  <ThumbnailPath>_cache/fanart/original/84024-7.jpg</ThumbnailPath>
  <VignettePath>fanart/vignette/84024-7.jpg</VignettePath>
</Banner>
<Banner>
  <id>195441</id>
  <BannerPath>fanart/original/84024-3.jpg</BannerPath>
  <BannerType>fanart</BannerType>
  <BannerType2>1920x1080</BannerType2>
  <Colors></Colors>
  <Language>en</Language>
  <Rating>1.5000</Rating>
  <RatingCount>2</RatingCount>
  <SeriesName>true</SeriesName>
  <ThumbnailPath>_cache/fanart/original/84024-3.jpg</ThumbnailPath>
  <VignettePath>fanart/vignette/84024-3.jpg</VignettePath>
</Banner>
<Banner>
  <id>580051</id>
  <BannerPath>fanart/original/84024-18.jpg</BannerPath>
  <BannerType>fanart</BannerType>
  <BannerType2>1920x1080</BannerType2>
  <Colors></Colors>
  <Language>fr</Language>
  <Rating></Rating>
  <RatingCount>0</RatingCount>
  <SeriesName>false</SeriesName>
  <ThumbnailPath>_cache/fanart/original/84024-18.jpg</ThumbnailPath>
  <VignettePath>fanart/vignette/84024-18.jpg</VignettePath>
</Banner>
<Banner>
  <id>580041</id>
  <BannerPath>fanart/original/84024-17.jpg</BannerPath>
  <BannerType>fanart</BannerType>
  <BannerType2>1920x1080</BannerType2>
  <Colors></Colors>
  <Language>fr</Language>
  <Rating></Rating>
  <RatingCount>0</RatingCount>
  <SeriesName>false</SeriesName>
  <ThumbnailPath>_cache/fanart/original/84024-17.jpg</ThumbnailPath>
  <VignettePath>fanart/vignette/84024-17.jpg</VignettePath>
</Banner>
<Banner>
  <id>949215</id>
  <BannerPath>fanart/original/84024-19.jpg</BannerPath>
  <BannerType>fanart</BannerType>
  <BannerType2>1920x1080</BannerType2>
  <Colors></Colors>
  <Language>en</Language>
  <Rating></Rating>
  <RatingCount>0</RatingCount>
  <SeriesName>false</SeriesName>
  <ThumbnailPath>_cache/fanart/original/84024-19.jpg</ThumbnailPath>
  <VignettePath>fanart/vignette/84024-19.jpg</VignettePath>
</Banner>
<Banner>
  <id>432741</id>
  <BannerPath>posters/84024-4.jpg</BannerPath>
  <BannerType>poster</BannerType>
  <BannerType2>680x1000</BannerType2>
  <Language>en</Language>
  <Rating>9.6667</Rating>
  <RatingCount>3</RatingCount>
</Banner>
<Banner>
  <id>248641</id>
  <BannerPath>posters/84024-3.jpg</BannerPath>
  <BannerType>poster</BannerType>
  <BannerType2>680x1000</BannerType2>
  <Language>en</Language>
  <Rating>7.5556</Rating>
  <RatingCount>9</RatingCount>
</Banner>
<Banner>
  <id>240251</id>
  <BannerPath>posters/84024-1.jpg</BannerPath>
  <BannerType>poster</BannerType>
  <BannerType2>680x1000</BannerType2>
  <Language>en</Language>
  <Rating>6.3750</Rating>
  <RatingCount>8</RatingCount>
</Banner>
<Banner>
  <id>245411</id>
  <BannerPath>posters/84024-2.jpg</BannerPath>
  <BannerType>poster</BannerType>
  <BannerType2>680x1000</BannerType2>
  <Language>en</Language>
  <Rating>3.5000</Rating>
  <RatingCount>6</RatingCount>
</Banner>
<Banner>
  <id>892780</id>
  <BannerPath>posters/84024-5.jpg</BannerPath>
  <BannerType>poster</BannerType>
  <BannerType2>680x1000</BannerType2>
  <Language>en</Language>
  <Rating>1.0000</Rating>
  <RatingCount>1</RatingCount>
</Banner>
<Banner>
  <id>453101</id>
  <BannerPath>seasons/84024-1-4.jpg</BannerPath>
  <BannerType>season</BannerType>
  <BannerType2>season</BannerType2>
  <Language>en</Language>
  <Rating>6.3333</Rating>
  <RatingCount>3</RatingCount>
  <Season>1</Season>
</Banner>
<Banner>
  <id>245431</id>
  <BannerPath>seasons/84024-1.jpg</BannerPath>
  <BannerType>season</BannerType>
  <BannerType2>season</BannerType2>
  <Language>en</Language>
  <Rating>6.2500</Rating>
  <RatingCount>8</RatingCount>
  <Season>1</Season>
</Banner>
<Banner>
  <id>250161</id>
  <BannerPath>seasons/84024-1-3.jpg</BannerPath>
  <BannerType>season</BannerType>
  <BannerType2>season</BannerType2>
  <Language>en</Language>
  <Rating>6.2500</Rating>
  <RatingCount>8</RatingCount>
  <Season>1</Season>
</Banner>
<Banner>
  <id>237971</id>
  <BannerPath>seasons/84024-1-2.jpg</BannerPath>
  <BannerType>season</BannerType>
  <BannerType2>season</BannerType2>
  <Language>en</Language>
  <Rating>5.7778</Rating>
  <RatingCount>9</RatingCount>
  <Season>1</Season>
</Banner>
<Banner>
  <id>416961</id>
  <BannerPath>seasons/84024-0.jpg</BannerPath>
  <BannerType>season</BannerType>
  <BannerType2>season</BannerType2>
  <Language>en</Language>
  <Rating></Rating>
  <RatingCount>0</RatingCount>
  <Season>0</Season>
</Banner>
<Banner>
  <id>133301</id>
  <BannerPath>graphical/84024-g2.jpg</BannerPath>
  <BannerType>series</BannerType>
  <BannerType2>graphical</BannerType2>
  <Language>en</Language>
  <Rating>7.2500</Rating>
  <RatingCount>8</RatingCount>
</Banner>
<Banner>
  <id>249781</id>
  <BannerPath>graphical/84024-g6.jpg</BannerPath>
  <BannerType>series</BannerType>
  <BannerType2>graphical</BannerType2>
  <Language>en</Language>
  <Rating>7.1429</Rating>
  <RatingCount>7</RatingCount>
</Banner>
<Banner>
  <id>283251</id>
  <BannerPath>graphical/84024-g9.jpg</BannerPath>
  <BannerType>series</BannerType>
  <BannerType2>graphical</BannerType2>
  <Language>en</Language>
  <Rating>7.0000</Rating>
  <RatingCount>2</RatingCount>
</Banner>
<Banner>
  <id>431951</id>
  <BannerPath>graphical/84024-g7.jpg</BannerPath>
  <BannerType>series</BannerType>
  <BannerType2>graphical</BannerType2>
  <Language>en</Language>
  <Rating>6.5000</Rating>
  <RatingCount>4</RatingCount>
</Banner>
<Banner>
  <id>241191</id>
  <BannerPath>graphical/84024-g.jpg</BannerPath>
  <BannerType>series</BannerType>
  <BannerType2>graphical</BannerType2>
  <Language>en</Language>
  <Rating>5.5000</Rating>
  <RatingCount>4</RatingCount>
</Banner>
<Banner>
  <id>248731</id>
  <BannerPath>graphical/84024-g4.jpg</BannerPath>
  <BannerType>series</BannerType>
  <BannerType2>graphical</BannerType2>
  <Language>es</Language>
  <Rating>4.2500</Rating>
  <RatingCount>4</RatingCount>
</Banner>
<Banner>
  <id>221711</id>
  <BannerPath>graphical/84024-g3.jpg</BannerPath>
  <BannerType>series</BannerType>
  <BannerType2>graphical</BannerType2>
  <Language>en</Language>
  <Rating>4.0000</Rating>
  <RatingCount>4</RatingCount>
</Banner>
<Banner>
  <id>462671</id>
  <BannerPath>graphical/84024-g10.jpg</BannerPath>
  <BannerType>series</BannerType>
  <BannerType2>graphical</BannerType2>
  <Language>en</Language>
  <Rating>3.6667</Rating>
  <RatingCount>3</RatingCount>
</Banner>
<Banner>
  <id>221731</id>
  <BannerPath>graphical/84024-g5.jpg</BannerPath>
  <BannerType>series</BannerType>
  <BannerType2>graphical</BannerType2>
  <Language>en</Language>
  <Rating>1.0000</Rating>
  <RatingCount>1</RatingCount>
</Banner>
<Banner>
  <id>933901</id>
  <BannerPath>graphical/84024-g11.jpg</BannerPath>
  <BannerType>series</BannerType>
  <BannerType2>graphical</BannerType2>
  <Language>hu</Language>
  <Rating></Rating>
  <RatingCount>0</RatingCount>
</Banner>
<Banner>
  <id>283231</id>
  <BannerPath>graphical/84024-g8.jpg</BannerPath>
  <BannerType>series</BannerType>
  <BannerType2>graphical</BannerType2>
  <Language>en</Language>
  <Rating></Rating>
  <RatingCount>0</RatingCount>
</Banner>
</Banners>