<?xml version="1.0" encoding="UTF-8" ?>
<Data><Series>
  <id>84024</id>
  <Actors>|Joseph Fiennes|Sonya Walger|Peyton List|John Cho|Jack Davenport|Courtney B. Vance|Christine Woods|Gabrielle Union|Brian F. O'Byrne|Peter Coyote|Zachary Knighton|Dominic Monaghan|</Actors>
  <Airs_DayOfWeek>Thursday</Airs_DayOfWeek>
  <Airs_Time>8:00 PM</Airs_Time>
  <ContentRating>TV-14</ContentRating>
  <FirstAired>2009-09-24</FirstAired>
  <Genre>|Drama|Science-Fiction|</Genre>
  <IMDB_ID>tt1441135</IMDB_ID>
  <Language>en</Language>
  <Network>ABC</Network>
  <NetworkID></NetworkID>
  <Overview>A mysterious event causes nearly everyone on the planet to simultaneously lose consciousness for 137 seconds, during which people see what appear to be visions of their lives approximately six months in the future - a global &quot;flashforward&quot;. A team of Los Angeles FBI agents, led by Stanford Wedeck (Vance) and spearheaded by Mark Benford (Fiennes) and his partner Demetri Noh (Cho), begin the process of determining what happened, why, and whether it will happen again. Benford contributes a unique perspective on the investigation; in his flashforward, he saw the results of six months of investigation that he had done on the flashforward event, and he and his team use those clues to recreate the investigation.</Overview>
  <Rating>8.3</Rating>
  <RatingCount>199</RatingCount>
  <Runtime>60</Runtime>
  <SeriesID>76455</SeriesID>
  <SeriesName>FlashForward</SeriesName>
  <Status>Ended</Status>
  <added>2008-12-08 06:20:51</added>
  <addedBy>3071</addedBy>
  <banner>graphical/84024-g2.jpg</banner>
  <fanart>fanart/original/84024-4.jpg</fanart>
  <lastupdated>1364156855</lastupdated>
  <poster>posters/84024-4.jpg</poster>
  <zap2it_id>EP01157940</zap2it_id>
</Series>
<Episode>
  <id>3291741</id>
  <Combined_episodenumber>1</Combined_episodenumber>
  <Combined_season>0</Combined_season>
  <DVD_chapter></DVD_chapter>
  <DVD_discid></DVD_discid>
  <DVD_episodenumber></DVD_episodenumber>
  <DVD_season></DVD_season>
  <Director></Director>
  <EpImgFlag></EpImgFlag>
  <EpisodeName>iTunes Trailer</EpisodeName>
  <EpisodeNumber>1</EpisodeNumber>
  <FirstAired>2009-09-21</FirstAired>
  <GuestStars></GuestStars>
  <IMDB_ID></IMDB_ID>
  <Language>en</Language>
  <Overview></Overview>
  <ProductionCode></ProductionCode>
  <Rating></Rating>
  <RatingCount>0</RatingCount>
  <SeasonNumber>0</SeasonNumber>
  <Writer></Writer>
  <absolute_number></absolute_number>
  <airsafter_season>1</airsafter_season>
  <airsbefore_episode></airsbefore_episode>
  <airsbefore_season></airsbefore_season>
  <filename></filename>
  <lastupdated>1298472536</lastupdated>
  <seasonid>37944</seasonid>
  <seriesid>84024</seriesid>
</Episode>
<Episode>
  <id>3291751</id>
  <Combined_episodenumber>2</Combined_episodenumber>
  <Combined_season>0</Combined_season>
  <DVD_chapter></DVD_chapter>
  <DVD_discid></DVD_discid>
  <DVD_episodenumber></DVD_episodenumber>
  <DVD_season></DVD_season>
  <Director></Director>
  <EpImgFlag></EpImgFlag>
  <EpisodeName>Starter Kit</EpisodeName>
  <EpisodeNumber>2</EpisodeNumber>
  <FirstAired>2009-10-08</FirstAired>
  <GuestStars></GuestStars>
  <IMDB_ID></IMDB_ID>
  <Language>en</Language>
  <Overview></Overview>
  <ProductionCode></ProductionCode>
  <Rating></Rating>
  <RatingCount>0</RatingCount>
  <SeasonNumber>0</SeasonNumber>
  <Writer></Writer>
  <absolute_number></absolute_number>
  <airsafter_season>1</airsafter_season>
  <airsbefore_episode></airsbefore_episode>
  <airsbefore_season></airsbefore_season>
  <filename></filename>
  <lastupdated>1298472543</lastupdated>
  <seasonid>37944</seasonid>
  <seriesid>84024</seriesid>
</Episode>
<Episode>
  <id>1358061</id>
  <Combined_episodenumber>3</Combined_episodenumber>
  <Combined_season>0</Combined_season>
  <DVD_chapter></DVD_chapter>
  <DVD_discid></DVD_discid>
  <DVD_episodenumber></DVD_episodenumber>
  <DVD_season></DVD_season>
  <Director></Director>
  <EpImgFlag>2</EpImgFlag>
  <EpisodeName>Revealed</EpisodeName>
  <EpisodeNumber>3</EpisodeNumber>
  <FirstAired>2009-11-30</FirstAired>
  <GuestStars></GuestStars>
  <IMDB_ID></IMDB_ID>
  <Language>en</Language>
  <Overview>FlashForward: Revealed, probes the big mysteries of the show with the help of its actors, writers and fans, and provides a fascinating glimpse into the making of the series.

Documentary exploring hit US drama FlashForward, featuring celebrity talking heads, interviews with cast and crew and clips from the show. The programme takes a look back at the series to date and examines the elements that make FlashForward so addictive.</Overview>
  <ProductionCode></ProductionCode>
  <Rating>5.7</Rating>
  <RatingCount>3</RatingCount>
  <SeasonNumber>0</SeasonNumber>
  <Writer></Writer>
  <absolute_number></absolute_number>
  <airsafter_season>1</airsafter_season>
  <airsbefore_episode></airsbefore_episode>
  <airsbefore_season></airsbefore_season>
  <filename>episodes/84024/1358061.jpg</filename>
  <lastupdated>1298472550</lastupdated>
  <seasonid>37944</seasonid>
  <seriesid>84024</seriesid>
</Episode>
<Episode>
  <id>1793821</id>
  <Combined_episodenumber>4</Combined_episodenumber>
  <Combined_season>0</Combined_season>
  <DVD_chapter></DVD_chapter>
  <DVD_discid></DVD_discid>
  <DVD_episodenumber></DVD_episodenumber>
  <DVD_season></DVD_season>
  <Director></Director>
  <EpImgFlag>2</EpImgFlag>
  <EpisodeName>What Did You See?</EpisodeName>
  <EpisodeNumber>4</EpisodeNumber>
  <FirstAired>2010-03-16</FirstAired>
  <GuestStars></GuestStars>
  <IMDB_ID></IMDB_ID>
  <Language>en</Language>
  <Overview>On October 6, 2009, the planet blacked out for two minutes and 17 seconds. Some of those who survived saw their future. Others didn't see anything at all, leading them to assume the worst. &quot;FlashForward: What Did You See?&quot; will explore the series in a way that will bring new viewers up to date -- but which current viewers will also find illuminating in anticipation of the series' return. </Overview>
  <ProductionCode>100</ProductionCode>
  <Rating>7.6</Rating>
  <RatingCount>5</RatingCount>
  <SeasonNumber>0</SeasonNumber>
  <Writer></Writer>
  <absolute_number></absolute_number>
  <airsafter_season></airsafter_season>
  <airsbefore_episode>11</airsbefore_episode>
  <airsbefore_season>1</airsbefore_season>
  <filename>episodes/84024/1793821.jpg</filename>
  <lastupdated>1316731773</lastupdated>
  <seasonid>37944</seasonid>
  <seriesid>84024</seriesid>
</Episode>
<Episode>
  <id>2765651</id>
  <Combined_episodenumber>5</Combined_episodenumber>
  <Combined_season>0</Combined_season>
  <DVD_chapter></DVD_chapter>
  <DVD_discid>5</DVD_discid>
  <DVD_episodenumber></DVD_episodenumber>
  <DVD_season></DVD_season>
  <Director></Director>
  <EpImgFlag>3</EpImgFlag>
  <EpisodeName>Blooper Reel</EpisodeName>
  <EpisodeNumber>5</EpisodeNumber>
  <FirstAired>2010-08-31</FirstAired>
  <GuestStars></GuestStars>
  <IMDB_ID></IMDB_ID>
  <Language>en</Language>
  <Overview>Outtakes and bloopers.</Overview>
  <ProductionCode></ProductionCode>
  <Rating></Rating>
  <RatingCount>0</RatingCount>
  <SeasonNumber>0</SeasonNumber>
  <Writer></Writer>
  <absolute_number></absolute_number>
  <airsafter_season>1</airsafter_season>
  <airsbefore_episode></airsbefore_episode>
  <airsbefore_season></airsbefore_season>
  <filename>episodes/84024/2765651.jpg</filename>
  <lastupdated>1298472572</lastupdated>
  <seasonid>37944</seasonid>
  <seriesid>84024</seriesid>
</Episode>
<Episode>
  <id>3761511</id>
  <Combined_episodenumber>6</Combined_episodenumber>
  <Combined_season>0</Combined_season>
  <DVD_chapter></DVD_chapter>
  <DVD_discid>5</DVD_discid>
  <DVD_episodenumber></DVD_episodenumber>
  <DVD_season></DVD_season>
  <Director></Director>
  <EpImgFlag></EpImgFlag>
  <EpisodeName>Rubik's Cube</EpisodeName>
  <EpisodeNumber>6</EpisodeNumber>
  <FirstAired></FirstAired>
  <GuestStars></GuestStars>
  <IMDB_ID></IMDB_ID>
  <Language>en</Language>
  <Overview></Overview>
  <ProductionCode></ProductionCode>
  <Rating></Rating>
  <RatingCount>0</RatingCount>
  <SeasonNumber>0</SeasonNumber>
  <Writer></Writer>
  <absolute_number></absolute_number>
  <airsafter_season>1</airsafter_season>
  <airsbefore_episode></airsbefore_episode>
  <airsbefore_season></airsbefore_season>
  <filename></filename>
  <lastupdated>1298469228</lastupdated>
  <seasonid>37944</seasonid>
  <seriesid>84024</seriesid>
</Episode>
<Episode>
  <id>3761501</id>
  <Combined_episodenumber>7</Combined_episodenumber>
  <Combined_season>0</Combined_season>
  <DVD_chapter></DVD_chapter>
  <DVD_discid>5</DVD_discid>
  <DVD_episodenumber></DVD_episodenumber>
  <DVD_season></DVD_season>
  <Director></Director>
  <EpImgFlag></EpImgFlag>
  <EpisodeName>Tempting Fate</EpisodeName>
  <EpisodeNumber>7</EpisodeNumber>
  <FirstAired></FirstAired>
  <GuestStars></GuestStars>
  <IMDB_ID></IMDB_ID>
  <Language>en</Language>
  <Overview>Secrets of the Blue Hand Club</Overview>
  <ProductionCode></ProductionCode>
  <Rating></Rating>
  <RatingCount>0</RatingCount>
  <SeasonNumber>0</SeasonNumber>
  <Writer></Writer>
  <absolute_number></absolute_number>
  <airsafter_season>1</airsafter_season>
  <airsbefore_episode></airsbefore_episode>
  <airsbefore_season></airsbefore_season>
  <filename></filename>
  <lastupdated>1298469215</lastupdated>
  <seasonid>37944</seasonid>
  <seriesid>84024</seriesid>
</Episode>
<Episode>
  <id>3761531</id>
  <Combined_episodenumber>8</Combined_episodenumber>
  <Combined_season>0</Combined_season>
  <DVD_chapter></DVD_chapter>
  <DVD_discid>5</DVD_discid>
  <DVD_episodenumber></DVD_episodenumber>
  <DVD_season></DVD_season>
  <Director></Director>
  <EpImgFlag></EpImgFlag>
  <EpisodeName>When Nature Calls</EpisodeName>
  <EpisodeNumber>8</EpisodeNumber>
  <FirstAired></FirstAired>
  <GuestStars></GuestStars>
  <IMDB_ID></IMDB_ID>
  <Language>en</Language>
  <Overview>Reshooting the bathroom for the Pilot</Overview>
  <ProductionCode></ProductionCode>
  <Rating></Rating>
  <RatingCount>0</RatingCount>
  <SeasonNumber>0</SeasonNumber>
  <Writer></Writer>
  <absolute_number></absolute_number>
  <airsafter_season>1</airsafter_season>
  <airsbefore_episode></airsbefore_episode>
  <airsbefore_season></airsbefore_season>
  <filename></filename>
  <lastupdated>1298469618</lastupdated>
  <seasonid>37944</seasonid>
  <seriesid>84024</seriesid>
</Episode>
<Episode>
  <id>3761551</id>
  <Combined_episodenumber>9</Combined_episodenumber>
  <Combined_season>0</Combined_season>
  <DVD_chapter></DVD_chapter>
  <DVD_discid>5</DVD_discid>
  <DVD_episodenumber></DVD_episodenumber>
  <DVD_season></DVD_season>
  <Director></Director>
  <EpImgFlag></EpImgFlag>
  <EpisodeName>Emergency Operations</EpisodeName>
  <EpisodeNumber>9</EpisodeNumber>
  <FirstAired></FirstAired>
  <GuestStars></GuestStars>
  <IMDB_ID></IMDB_ID>
  <Language>en</Language>
  <Overview></Overview>
  <ProductionCode></ProductionCode>
  <Rating></Rating>
  <RatingCount>0</RatingCount>
  <SeasonNumber>0</SeasonNumber>
  <Writer></Writer>
  <absolute_number></absolute_number>
  <airsafter_season>1</airsafter_season>
  <airsbefore_episode></airsbefore_episode>
  <airsbefore_season></airsbefore_season>
  <filename></filename>
  <lastupdated>1298469682</lastupdated>
  <seasonid>37944</seasonid>
  <seriesid>84024</seriesid>
</Episode>
<Episode>
  <id>3761571</id>
  <Combined_episodenumber>10</Combined_episodenumber>
  <Combined_season>0</Combined_season>
  <DVD_chapter></DVD_chapter>
  <DVD_discid>5</DVD_discid>
  <DVD_episodenumber></DVD_episodenumber>
  <DVD_season></DVD_season>
  <Director></Director>
  <EpImgFlag></EpImgFlag>
  <EpisodeName>A Day in the Park</EpisodeName>
  <EpisodeNumber>10</EpisodeNumber>
  <FirstAired></FirstAired>
  <GuestStars></GuestStars>
  <IMDB_ID></IMDB_ID>
  <Language>en</Language>
  <Overview></Overview>
  <ProductionCode></ProductionCode>
  <Rating></Rating>
  <RatingCount>0</RatingCount>
  <SeasonNumber>0</SeasonNumber>
  <Writer></Writer>
  <absolute_number></absolute_number>
  <airsafter_season>1</airsafter_season>
  <airsbefore_episode></airsbefore_episode>
  <airsbefore_season></airsbefore_season>
  <filename></filename>
  <lastupdated>1298469744</lastupdated>
  <seasonid>37944</seasonid>
  <seriesid>84024</seriesid>
</Episode>
<Episode>
  <id>3761591</id>
  <Combined_episodenumber>11</Combined_episodenumber>
  <Combined_season>0</Combined_season>
  <DVD_chapter></DVD_chapter>
  <DVD_discid>5</DVD_discid>
  <DVD_episodenumber></DVD_episodenumber>
  <DVD_season></DVD_season>
  <Director></Director>
  <EpImgFlag></EpImgFlag>
  <EpisodeName>Crash Forward</EpisodeName>
  <EpisodeNumber>11</EpisodeNumber>
  <FirstAired></FirstAired>
  <GuestStars></GuestStars>
  <IMDB_ID></IMDB_ID>
  <Language>en</Language>
  <Overview></Overview>
  <ProductionCode></ProductionCode>
  <Rating></Rating>
  <RatingCount>0</RatingCount>
  <SeasonNumber>0</SeasonNumber>
  <Writer></Writer>
  <absolute_number></absolute_number>
  <airsafter_season>1</airsafter_season>
  <airsbefore_episode></airsbefore_episode>
  <airsbefore_season></airsbefore_season>
  <filename></filename>
  <lastupdated>1298469805</lastupdated>
  <seasonid>37944</seasonid>
  <seriesid>84024</seriesid>
</Episode>
<Episode>
  <id>3761601</id>
  <Combined_episodenumber>12</Combined_episodenumber>
  <Combined_season>0</Combined_season>
  <DVD_chapter></DVD_chapter>
  <DVD_discid>5</DVD_discid>
  <DVD_episodenumber></DVD_episodenumber>
  <DVD_season></DVD_season>
  <Director></Director>
  <EpImgFlag></EpImgFlag>
  <EpisodeName>News Interviews: Masaki</EpisodeName>
  <EpisodeNumber>12</EpisodeNumber>
  <FirstAired></FirstAired>
  <GuestStars></GuestStars>
  <IMDB_ID></IMDB_ID>
  <Language>en</Language>
  <Overview></Overview>
  <ProductionCode></ProductionCode>
  <Rating></Rating>
  <RatingCount>0</RatingCount>
  <SeasonNumber>0</SeasonNumber>
  <Writer></Writer>
  <absolute_number></absolute_number>
  <airsafter_season>1</airsafter_season>
  <airsbefore_episode></airsbefore_episode>
  <airsbefore_season></airsbefore_season>
  <filename></filename>
  <lastupdated>1298470565</lastupdated>
  <seasonid>37944</seasonid>
  <seriesid>84024</seriesid>
</Episode>
<Episode>
  <id>3761651</id>
  <Combined_episodenumber>13</Combined_episodenumber>
  <Combined_season>0</Combined_season>
  <DVD_chapter></DVD_chapter>
  <DVD_discid>5</DVD_discid>
  <DVD_episodenumber></DVD_episodenumber>
  <DVD_season></DVD_season>
  <Director></Director>
  <EpImgFlag></EpImgFlag>
  <EpisodeName>News Interviews: Jessa</EpisodeName>
  <EpisodeNumber>13</EpisodeNumber>
  <FirstAired></FirstAired>
  <GuestStars></GuestStars>
  <IMDB_ID></IMDB_ID>
  <Language>en</Language>
  <Overview></Overview>
  <ProductionCode></ProductionCode>
  <Rating></Rating>
  <RatingCount>0</RatingCount>
  <SeasonNumber>0</SeasonNumber>
  <Writer></Writer>
  <absolute_number></absolute_number>
  <airsafter_season>1</airsafter_season>
  <airsbefore_episode></airsbefore_episode>
  <airsbefore_season></airsbefore_season>
  <filename></filename>
  <lastupdated>1298470529</lastupdated>
  <seasonid>37944</seasonid>
  <seriesid>84024</seriesid>
</Episode>
<Episode>
  <id>3761721</id>
  <Combined_episodenumber>14</Combined_episodenumber>
  <Combined_season>0</Combined_season>
  <DVD_chapter></DVD_chapter>
  <DVD_discid>5</DVD_discid>
  <DVD_episodenumber></DVD_episodenumber>
  <DVD_season></DVD_season>
  <Director></Director>
  <EpImgFlag></EpImgFlag>
  <EpisodeName>News Interviews: Artie Hoffman</EpisodeName>
  <EpisodeNumber>14</EpisodeNumber>
  <FirstAired></FirstAired>
  <GuestStars></GuestStars>
  <IMDB_ID></IMDB_ID>
  <Language>en</Language>
  <Overview></Overview>
  <ProductionCode></ProductionCode>
  <Rating></Rating>
  <RatingCount>0</RatingCount>
  <SeasonNumber>0</SeasonNumber>
  <Writer></Writer>
  <absolute_number></absolute_number>
  <airsafter_season>1</airsafter_season>
  <airsbefore_episode></airsbefore_episode>
  <airsbefore_season></airsbefore_season>
  <filename></filename>
  <lastupdated>1298470698</lastupdated>
  <seasonid>37944</seasonid>
  <seriesid>84024</seriesid>
</Episode>
<Episode>
  <id>3761731</id>
  <Combined_episodenumber>15</Combined_episodenumber>
  <Combined_season>0</Combined_season>
  <DVD_chapter></DVD_chapter>
  <DVD_discid>5</DVD_discid>
  <DVD_episodenumber></DVD_episodenumber>
  <DVD_season></DVD_season>
  <Director></Director>
  <EpImgFlag></EpImgFlag>
  <EpisodeName>FlashForward Premier Day</EpisodeName>
  <EpisodeNumber>15</EpisodeNumber>
  <FirstAired></FirstAired>
  <GuestStars></GuestStars>
  <IMDB_ID></IMDB_ID>
  <Language>en</Language>
  <Overview></Overview>
  <ProductionCode></ProductionCode>
  <Rating></Rating>
  <RatingCount>0</RatingCount>
  <SeasonNumber>0</SeasonNumber>
  <Writer></Writer>
  <absolute_number></absolute_number>
  <airsafter_season>1</airsafter_season>
  <airsbefore_episode></airsbefore_episode>
  <airsbefore_season></airsbefore_season>
  <filename></filename>
  <lastupdated>1298471068</lastupdated>
  <seasonid>37944</seasonid>
  <seriesid>84024</seriesid>
</Episode>
<Episode>
  <id>3761741</id>
  <Combined_episodenumber>16</Combined_episodenumber>
  <Combined_season>0</Combined_season>
  <DVD_chapter></DVD_chapter>
  <DVD_discid>5</DVD_discid>
  <DVD_episodenumber></DVD_episodenumber>
  <DVD_season></DVD_season>
  <Director></Director>
  <EpImgFlag></EpImgFlag>
  <EpisodeName>Stories from the Mosaic: Nick's Story</EpisodeName>
  <EpisodeNumber>16</EpisodeNumber>
  <FirstAired></FirstAired>
  <GuestStars></GuestStars>
  <IMDB_ID></IMDB_ID>
  <Language>en</Language>
  <Overview></Overview>
  <ProductionCode></ProductionCode>
  <Rating></Rating>
  <RatingCount>0</RatingCount>
  <SeasonNumber>0</SeasonNumber>
  <Writer></Writer>
  <absolute_number></absolute_number>
  <airsafter_season>1</airsafter_season>
  <airsbefore_episode></airsbefore_episode>
  <airsbefore_season></airsbefore_season>
  <filename></filename>
  <lastupdated>1298471231</lastupdated>
  <seasonid>37944</seasonid>
  <seriesid>84024</seriesid>
</Episode>
<Episode>
  <id>3761751</id>
  <Combined_episodenumber>17</Combined_episodenumber>
  <Combined_season>0</Combined_season>
  <DVD_chapter></DVD_chapter>
  <DVD_discid>5</DVD_discid>
  <DVD_episodenumber></DVD_episodenumber>
  <DVD_season></DVD_season>
  <Director></Director>
  <EpImgFlag></EpImgFlag>
  <EpisodeName>Stories from the Mosaic: Abby's Story</EpisodeName>
  <EpisodeNumber>17</EpisodeNumber>
  <FirstAired></FirstAired>
  <GuestStars></GuestStars>
  <IMDB_ID></IMDB_ID>
  <Language>en</Language>
  <Overview></Overview>
  <ProductionCode></ProductionCode>
  <Rating></Rating>
  <RatingCount>0</RatingCount>
  <SeasonNumber>0</SeasonNumber>
  <Writer></Writer>
  <absolute_number></absolute_number>
  <airsafter_season>1</airsafter_season>
  <airsbefore_episode></airsbefore_episode>
  <airsbefore_season></airsbefore_season>
  <filename></filename>
  <lastupdated>1298471246</lastupdated>
  <seasonid>37944</seasonid>
  <seriesid>84024</seriesid>
</Episode>
<Episode>
  <id>3761761</id>
  <Combined_episodenumber>18</Combined_episodenumber>
  <Combined_season>0</Combined_season>
  <DVD_chapter></DVD_chapter>
  <DVD_discid>5</DVD_discid>
  <DVD_episodenumber></DVD_episodenumber>
  <DVD_season></DVD_season>
  <Director></Director>
  <EpImgFlag></EpImgFlag>
  <EpisodeName>Stories from the Mosaic: Adam's Story</EpisodeName>
  <EpisodeNumber>18</EpisodeNumber>
  <FirstAired></FirstAired>
  <GuestStars></GuestStars>
  <IMDB_ID></IMDB_ID>
  <Language>en</Language>
  <Overview></Overview>
  <ProductionCode></ProductionCode>
  <Rating></Rating>
  <RatingCount>0</RatingCount>
  <SeasonNumber>0</SeasonNumber>
  <Writer></Writer>
  <absolute_number></absolute_number>
  <airsafter_season>1</airsafter_season>
  <airsbefore_episode></airsbefore_episode>
  <airsbefore_season></airsbefore_season>
  <filename></filename>
  <lastupdated>1298471437</lastupdated>
  <seasonid>37944</seasonid>
  <seriesid>84024</seriesid>
</Episode>
<Episode>
  <id>3761781</id>
  <Combined_episodenumber>19</Combined_episodenumber>
  <Combined_season>0</Combined_season>
  <DVD_chapter></DVD_chapter>
  <DVD_discid>5</DVD_discid>
  <DVD_episodenumber></DVD_episodenumber>
  <DVD_season></DVD_season>
  <Director></Director>
  <EpImgFlag></EpImgFlag>
  <EpisodeName>Stories from the Mosaic: Andy's Story</EpisodeName>
  <EpisodeNumber>19</EpisodeNumber>
  <FirstAired></FirstAired>
  <GuestStars></GuestStars>
  <IMDB_ID></IMDB_ID>
  <Language>en</Language>
  <Overview></Overview>
  <ProductionCode></ProductionCode>
  <Rating></Rating>
  <RatingCount>0</RatingCount>
  <SeasonNumber>0</SeasonNumber>
  <Writer></Writer>
  <absolute_number></absolute_number>
  <airsafter_season>1</airsafter_season>
  <airsbefore_episode></airsbefore_episode>
  <airsbefore_season></airsbefore_season>
  <filename></filename>
  <lastupdated>1298471596</lastupdated>
  <seasonid>37944</seasonid>
  <seriesid>84024</seriesid>
</Episode>
<Episode>
  <id>3761791</id>
  <Combined_episodenumber>20</Combined_episodenumber>
  <Combined_season>0</Combined_season>
  <DVD_chapter></DVD_chapter>
  <DVD_discid>5</DVD_discid>
  <DVD_episodenumber></DVD_episodenumber>
  <DVD_season></DVD_season>
  <Director></Director>
  <EpImgFlag></EpImgFlag>
  <EpisodeName>Stories from the Mosaic: Edgar's Story</EpisodeName>
  <EpisodeNumber>20</EpisodeNumber>
  <FirstAired></FirstAired>
  <GuestStars></GuestStars>
  <IMDB_ID></IMDB_ID>
  <Language>en</Language>
  <Overview></Overview>
  <ProductionCode></ProductionCode>
  <Rating></Rating>
  <RatingCount>0</RatingCount>
  <SeasonNumber>0</SeasonNumber>
  <Writer></Writer>
  <absolute_number></absolute_number>
  <airsafter_season>1</airsafter_season>
  <airsbefore_episode></airsbefore_episode>
  <airsbefore_season></airsbefore_season>
  <filename></filename>
  <lastupdated>1298471768</lastupdated>
  <seasonid>37944</seasonid>
  <seriesid>84024</seriesid>
</Episode>
<Episode>
  <id>3761801</id>
  <Combined_episodenumber>21</Combined_episodenumber>
  <Combined_season>0</Combined_season>
  <DVD_chapter></DVD_chapter>
  <DVD_discid>5</DVD_discid>
  <DVD_episodenumber></DVD_episodenumber>
  <DVD_season></DVD_season>
  <Director></Director>
  <EpImgFlag></EpImgFlag>
  <EpisodeName>Stories from the Mosaic: Eliza's Story</EpisodeName>
  <EpisodeNumber>21</EpisodeNumber>
  <FirstAired></FirstAired>
  <GuestStars></GuestStars>
  <IMDB_ID></IMDB_ID>
  <Language>en</Language>
  <Overview></Overview>
  <ProductionCode></ProductionCode>
  <Rating></Rating>
  <RatingCount>0</RatingCount>
  <SeasonNumber>0</SeasonNumber>
  <Writer></Writer>
  <absolute_number></absolute_number>
  <airsafter_season>1</airsafter_season>
  <airsbefore_episode></airsbefore_episode>
  <airsbefore_season></airsbefore_season>
  <filename></filename>
  <lastupdated>1298471811</lastupdated>
  <seasonid>37944</seasonid>
  <seriesid>84024</seriesid>
</Episode>
<Episode>
  <id>3761811</id>
  <Combined_episodenumber>22</Combined_episodenumber>
  <Combined_season>0</Combined_season>
  <DVD_chapter></DVD_chapter>
  <DVD_discid>5</DVD_discid>
  <DVD_episodenumber></DVD_episodenumber>
  <DVD_season></DVD_season>
  <Director></Director>
  <EpImgFlag></EpImgFlag>
  <EpisodeName>Stories from the Mosaic: Evelyn's Story</EpisodeName>
  <EpisodeNumber>22</EpisodeNumber>
  <FirstAired></FirstAired>
  <GuestStars></GuestStars>
  <IMDB_ID></IMDB_ID>
  <Language>en</Language>
  <Overview></Overview>
  <ProductionCode></ProductionCode>
  <Rating></Rating>
  <RatingCount>0</RatingCount>
  <SeasonNumber>0</SeasonNumber>
  <Writer></Writer>
  <absolute_number></absolute_number>
  <airsafter_season>1</airsafter_season>
  <airsbefore_episode></airsbefore_episode>
  <airsbefore_season></airsbefore_season>
  <filename></filename>
  <lastupdated>1298471856</lastupdated>
  <seasonid>37944</seasonid>
  <seriesid>84024</seriesid>
</Episode>
<Episode>
  <id>3761831</id>
  <Combined_episodenumber>23</Combined_episodenumber>
  <Combined_season>0</Combined_season>
  <DVD_chapter></DVD_chapter>
  <DVD_discid>5</DVD_discid>
  <DVD_episodenumber></DVD_episodenumber>
  <DVD_season></DVD_season>
  <Director></Director>
  <EpImgFlag></EpImgFlag>
  <EpisodeName>Stories from the Mosaic: Jorge's Story</EpisodeName>
  <EpisodeNumber>23</EpisodeNumber>
  <FirstAired></FirstAired>
  <GuestStars></GuestStars>
  <IMDB_ID></IMDB_ID>
  <Language>en</Language>
  <Overview></Overview>
  <ProductionCode></ProductionCode>
  <Rating></Rating>
  <RatingCount>0</RatingCount>
  <SeasonNumber>0</SeasonNumber>
  <Writer></Writer>
  <absolute_number></absolute_number>
  <airsafter_season>1</airsafter_season>
  <airsbefore_episode></airsbefore_episode>
  <airsbefore_season></airsbefore_season>
  <filename></filename>
  <lastupdated>1298471907</lastupdated>
  <seasonid>37944</seasonid>
  <seriesid>84024</seriesid>
</Episode>
<Episode>
  <id>3761841</id>
  <Combined_episodenumber>24</Combined_episodenumber>
  <Combined_season>0</Combined_season>
  <DVD_chapter></DVD_chapter>
  <DVD_discid>5</DVD_discid>
  <DVD_episodenumber></DVD_episodenumber>
  <DVD_season></DVD_season>
  <Director></Director>
  <EpImgFlag></EpImgFlag>
  <EpisodeName>Stories from the Mosaic: Josie's Story</EpisodeName>
  <EpisodeNumber>24</EpisodeNumber>
  <FirstAired></FirstAired>
  <GuestStars></GuestStars>
  <IMDB_ID></IMDB_ID>
  <Language>en</Language>
  <Overview></Overview>
  <ProductionCode></ProductionCode>
  <Rating></Rating>
  <RatingCount>0</RatingCount>
  <SeasonNumber>0</SeasonNumber>
  <Writer></Writer>
  <absolute_number></absolute_number>
  <airsafter_season>1</airsafter_season>
  <airsbefore_episode></airsbefore_episode>
  <airsbefore_season></airsbefore_season>
  <filename></filename>
  <lastupdated>1298471979</lastupdated>
  <seasonid>37944</seasonid>
  <seriesid>84024</seriesid>
</Episode>
<Episode>
  <id>3761851</id>
  <Combined_episodenumber>25</Combined_episodenumber>
  <Combined_season>0</Combined_season>
  <DVD_chapter></DVD_chapter>
  <DVD_discid>5</DVD_discid>
  <DVD_episodenumber></DVD_episodenumber>
  <DVD_season></DVD_season>
  <Director></Director>
  <EpImgFlag></EpImgFlag>
  <EpisodeName>Meet Yuko</EpisodeName>
  <EpisodeNumber>25</EpisodeNumber>
  <FirstAired></FirstAired>
  <GuestStars></GuestStars>
  <IMDB_ID></IMDB_ID>
  <Language>en</Language>
  <Overview></Overview>
  <ProductionCode></ProductionCode>
  <Rating></Rating>
  <RatingCount>0</RatingCount>
  <SeasonNumber>0</SeasonNumber>
  <Writer></Writer>
  <absolute_number></absolute_number>
  <airsafter_season>1</airsafter_season>
  <airsbefore_episode></airsbefore_episode>
  <airsbefore_season></airsbefore_season>
  <filename></filename>
  <lastupdated>1298472089</lastupdated>
  <seasonid>37944</seasonid>
  <seriesid>84024</seriesid>
</Episode>
<Episode>
  <id>3761861</id>
  <Combined_episodenumber>26</Combined_episodenumber>
  <Combined_season>0</Combined_season>
  <DVD_chapter></DVD_chapter>
  <DVD_discid>5</DVD_discid>
  <DVD_episodenumber></DVD_episodenumber>
  <DVD_season></DVD_season>
  <Director></Director>
  <EpImgFlag></EpImgFlag>
  <EpisodeName>Kangaroo?</EpisodeName>
  <EpisodeNumber>26</EpisodeNumber>
  <FirstAired></FirstAired>
  <GuestStars></GuestStars>
  <IMDB_ID></IMDB_ID>
  <Language>en</Language>
  <Overview></Overview>
  <ProductionCode></ProductionCode>
  <Rating></Rating>
  <RatingCount>0</RatingCount>
  <SeasonNumber>0</SeasonNumber>
  <Writer></Writer>
  <absolute_number></absolute_number>
  <airsafter_season>1</airsafter_season>
  <airsbefore_episode></airsbefore_episode>
  <airsbefore_season></airsbefore_season>
  <filename></filename>
  <lastupdated>1298472182</lastupdated>
  <seasonid>37944</seasonid>
  <seriesid>84024</seriesid>
</Episode>
<Episode>
  <id>428750</id>
  <Combined_episodenumber>1.0</Combined_episodenumber>
  <Combined_season>1</Combined_season>
  <DVD_chapter></DVD_chapter>
  <DVD_discid></DVD_discid>
  <DVD_episodenumber>1.0</DVD_episodenumber>
  <DVD_season>1</DVD_season>
  <Director>David S. Goyer</Director>
  <EpImgFlag>2</EpImgFlag>
  <EpisodeName>No More Good Days</EpisodeName>
  <EpisodeNumber>1</EpisodeNumber>
  <FirstAired>2009-09-24</FirstAired>
  <GuestStars>Alex Kingston|Barry Shabaka Henley|Lee Thompson Young|Rachel Roberts|Genevieve Cortese|Seth MacFarlane|</GuestStars>
  <IMDB_ID></IMDB_ID>
  <Language>en</Language>
  <Overview>The series opens on a seemingly ordinary day, October 6, 2009, which soon becomes extraordinary when at 11:00 a.m. Pacific Time, as everyone in Los Angeles blacks out for two minutes and 17 seconds. It soon becomes apparent the blackouts were worldwide, and were accompanied by a &quot;flashforward&quot; where each person saw what might be his or her life on April 29, 2010, roughly six months into the future. FBI Agent Mark Benford and a team of agents in Los Angeles begin gathering clues as to what might have happened as they struggle to come to terms with their own visions, or in Demetri Noh's case, a lack of one. Meanwhile, Mark's wife Olivia, and daughter Charlie, each have disturbing visions of the future with which they must cope. As the episode closes, FBI Agent Janis Hawk makes a startling discovery: an image from CCTV in Detroit of a man in black, walking through the stadium while everyone around him is unconscious. </Overview>
  <ProductionCode></ProductionCode>
  <Rating>8.0</Rating>
  <RatingCount>127</RatingCount>
  <SeasonNumber>1</SeasonNumber>
  <Writer>Brannon Braga|David S. Goyer</Writer>
  <absolute_number></absolute_number>
  <filename>episodes/84024/428750.jpg</filename>
  <lastupdated>1311687998</lastupdated>
  <seasonid>39926</seasonid>
  <seriesid>84024</seriesid>
</Episode>
<Episode>
  <id>1062201</id>
  <Combined_episodenumber>2.0</Combined_episodenumber>
  <Combined_season>1</Combined_season>
  <DVD_chapter></DVD_chapter>
  <DVD_discid></DVD_discid>
  <DVD_episodenumber>2.0</DVD_episodenumber>
  <DVD_season>1</DVD_season>
  <Director>David S. Goyer</Director>
  <EpImgFlag>2</EpImgFlag>
  <EpisodeName>White to Play</EpisodeName>
  <EpisodeNumber>2</EpisodeNumber>
  <FirstAired>2009-10-01</FirstAired>
  <GuestStars></GuestStars>
  <IMDB_ID></IMDB_ID>
  <Language>en</Language>
  <Overview>Mark and Demetri go to Utah to investigate a lead on a suspect who might have a connection to the global blackout. Olivia sees the man from her flashforward, while her daughter Charlie is having trouble dealing with hers.</Overview>
  <ProductionCode></ProductionCode>
  <Rating>7.5</Rating>
  <RatingCount>116</RatingCount>
  <SeasonNumber>1</SeasonNumber>
  <Writer>David S. Goyer|Marc Guggenheim</Writer>
  <absolute_number></absolute_number>
  <filename>episodes/84024/1062201.jpg</filename>
  <lastupdated>1311688054</lastupdated>
  <seasonid>39926</seasonid>
  <seriesid>84024</seriesid>
</Episode>
<Episode>
  <id>1062211</id>
  <Combined_episodenumber>3.0</Combined_episodenumber>
  <Combined_season>1</Combined_season>
  <DVD_chapter></DVD_chapter>
  <DVD_discid></DVD_discid>
  <DVD_episodenumber>3.0</DVD_episodenumber>
  <DVD_season>1</DVD_season>
  <Director>Michael Rymer</Director>
  <EpImgFlag>2</EpImgFlag>
  <EpisodeName>137 Seconds</EpisodeName>
  <EpisodeNumber>3</EpisodeNumber>
  <FirstAired>2009-10-08</FirstAired>
  <GuestStars>|Gina Torres|</GuestStars>
  <IMDB_ID></IMDB_ID>
  <Language>en</Language>
  <Overview>Mark and Janis arrive in Germany to discuss the past events regarding the blackouts. Demetri fears about his future. Meanwhile, Aaron tries to get Mark to help him with an appeal.</Overview>
  <ProductionCode></ProductionCode>
  <Rating>7.3</Rating>
  <RatingCount>100</RatingCount>
  <SeasonNumber>1</SeasonNumber>
  <Writer>David S. Goyer|Marc Guggenheim</Writer>
  <absolute_number></absolute_number>
  <filename>episodes/84024/1062211.jpg</filename>
  <lastupdated>1325261235</lastupdated>
  <seasonid>39926</seasonid>
  <seriesid>84024</seriesid>
</Episode>
<Episode>
  <id>1062221</id>
  <Combined_episodenumber>4.0</Combined_episodenumber>
  <Combined_season>1</Combined_season>
  <DVD_chapter></DVD_chapter>
  <DVD_discid></DVD_discid>
  <DVD_episodenumber>4.0</DVD_episodenumber>
  <DVD_season>1</DVD_season>
  <Director>Michael Rymer</Director>
  <EpImgFlag>2</EpImgFlag>
  <EpisodeName>Black Swan</EpisodeName>
  <EpisodeNumber>4</EpisodeNumber>
  <FirstAired>2009-10-15</FirstAired>
  <GuestStars></GuestStars>
  <IMDB_ID>tt1504551</IMDB_ID>
  <Language>en</Language>
  <Overview>Olivia struggles to accept Bryce's suggestion that a patient's flashforward holds the key to a correct diagnosis and treatment. Meanwhile, Demetri accuses Mark of waiting for the future he saw in his flashforward to come true without incident, while Mark feels Demetri is letting his fear of what he witnessed envelop his life; and Nicole returns to work as Mark and Olivia's daughter's baby-sitter, and discloses her shocking future vision — involving a murder.</Overview>
  <ProductionCode></ProductionCode>
  <Rating>7.1</Rating>
  <RatingCount>113</RatingCount>
  <SeasonNumber>1</SeasonNumber>
  <Writer>|Scott M. Gimple|Lisa Zwerling|</Writer>
  <absolute_number></absolute_number>
  <filename>episodes/84024/1062221.jpg</filename>
  <lastupdated>1311688104</lastupdated>
  <seasonid>39926</seasonid>
  <seriesid>84024</seriesid>
</Episode>
<Episode>
  <id>1062231</id>
  <Combined_episodenumber>5.0</Combined_episodenumber>
  <Combined_season>1</Combined_season>
  <DVD_chapter></DVD_chapter>
  <DVD_discid></DVD_discid>
  <DVD_episodenumber>5.0</DVD_episodenumber>
  <DVD_season>1</DVD_season>
  <Director>Michael Rymer</Director>
  <EpImgFlag>2</EpImgFlag>
  <EpisodeName>Gimme Some Truth</EpisodeName>
  <EpisodeNumber>5</EpisodeNumber>
  <FirstAired>2009-10-22</FirstAired>
  <GuestStars>|Gina Torres|</GuestStars>
  <IMDB_ID>tt1503672</IMDB_ID>
  <Language>en</Language>
  <Overview>Mark finds himself on the defense while being questioned about the details of his flashforward during a Senate Intelligence Committee hearing, which will decide whether to continue funding Wedeck's team. Meanwhile, Janis wonders how her flashforward will affect her current romantic relationship, and Olivia receives an anonymous message relating to Mark's flashforward.</Overview>
  <ProductionCode></ProductionCode>
  <Rating>7.4</Rating>
  <RatingCount>111</RatingCount>
  <SeasonNumber>1</SeasonNumber>
  <Writer>Dawn Prestwich|Nicole Yorkin|Barbara Nance</Writer>
  <absolute_number></absolute_number>
  <filename>episodes/84024/1062231.jpg</filename>
  <lastupdated>1311688122</lastupdated>
  <seasonid>39926</seasonid>
  <seriesid>84024</seriesid>
</Episode>
<Episode>
  <id>1062241</id>
  <Combined_episodenumber>6.0</Combined_episodenumber>
  <Combined_season>1</Combined_season>
  <DVD_chapter></DVD_chapter>
  <DVD_discid></DVD_discid>
  <DVD_episodenumber>6.0</DVD_episodenumber>
  <DVD_season>1</DVD_season>
  <Director>Michael Rymer</Director>
  <EpImgFlag>7</EpImgFlag>
  <EpisodeName>Scary Monsters and Super Creeps</EpisodeName>
  <EpisodeNumber>6</EpisodeNumber>
  <FirstAired>2009-10-29</FirstAired>
  <GuestStars></GuestStars>
  <IMDB_ID>tt1508479</IMDB_ID>
  <Language>en</Language>
  <Overview>Mark, Demetri and Wedeck try to connect Janis' attack with a separate attack made on them; Olivia confronts Mark about his flashforward; Demetri and Gough track down a clue from Mark's flash; Dylan goes missing from the hospital</Overview>
  <ProductionCode></ProductionCode>
  <Rating>7.4</Rating>
  <RatingCount>108</RatingCount>
  <SeasonNumber>1</SeasonNumber>
  <Writer>Seth Hoffman|Quinton Peeples</Writer>
  <absolute_number></absolute_number>
  <filename>episodes/84024/1062241.jpg</filename>
  <lastupdated>1311688138</lastupdated>
  <seasonid>39926</seasonid>
  <seriesid>84024</seriesid>
</Episode>
<Episode>
  <id>1062251</id>
  <Combined_episodenumber>7.0</Combined_episodenumber>
  <Combined_season>1</Combined_season>
  <DVD_chapter></DVD_chapter>
  <DVD_discid></DVD_discid>
  <DVD_episodenumber>7.0</DVD_episodenumber>
  <DVD_season>1</DVD_season>
  <Director>Nick Gomez</Director>
  <EpImgFlag>7</EpImgFlag>
  <EpisodeName>The Gift</EpisodeName>
  <EpisodeNumber>7</EpisodeNumber>
  <FirstAired>2009-11-05</FirstAired>
  <GuestStars>|Gabrielle Union|Genevieve Cortese|Callum Keith Rennie</GuestStars>
  <IMDB_ID>tt1508478</IMDB_ID>
  <Language>en</Language>
  <Overview>Mark, Demetri, Gough and MI6 agent Fiona Banks investigate a Blue Hand club and its possible connection to some recent suicides. Meanwhile, Aaron receives a surprise visit from a former army buddy of his late daughter's, Demetri comes clean with Zoey about his lack of a flashforward, and Nicole helps Bryce uncover the mystery of his flashforward while volunteering at the hospital.</Overview>
  <ProductionCode></ProductionCode>
  <Rating>7.5</Rating>
  <RatingCount>116</RatingCount>
  <SeasonNumber>1</SeasonNumber>
  <Writer>|Lisa Zwerling|Ian Goldberg|</Writer>
  <absolute_number></absolute_number>
  <filename>episodes/84024/1062251.jpg</filename>
  <lastupdated>1312085973</lastupdated>
  <seasonid>39926</seasonid>
  <seriesid>84024</seriesid>
</Episode>
<Episode>
  <id>1062261</id>
  <Combined_episodenumber>8.0</Combined_episodenumber>
  <Combined_season>1</Combined_season>
  <DVD_chapter></DVD_chapter>
  <DVD_discid></DVD_discid>
  <DVD_episodenumber>8.0</DVD_episodenumber>
  <DVD_season>1</DVD_season>
  <Director>Nick Gomez</Director>
  <EpImgFlag>2</EpImgFlag>
  <EpisodeName>Playing Cards with Coyote</EpisodeName>
  <EpisodeNumber>8</EpisodeNumber>
  <FirstAired>2009-11-12</FirstAired>
  <GuestStars></GuestStars>
  <IMDB_ID>tt1510399</IMDB_ID>
  <Language>en</Language>
  <Overview>Mark cuts his romantic getaway with Olivia short when a tip leads to the discovery of the tattooed assassin seen in his flashforward, Simon and Lloyd settle a debate over a game of poker, Aaron learns the truth about daughter Tracy's deadly accident, and Janis returns to work but debates her future with the department.</Overview>
  <ProductionCode></ProductionCode>
  <Rating>7.1</Rating>
  <RatingCount>100</RatingCount>
  <SeasonNumber>1</SeasonNumber>
  <Writer>|Marc Guggenheim|Barbara Nance|</Writer>
  <absolute_number></absolute_number>
  <filename>episodes/84024/1062261.jpg</filename>
  <lastupdated>1312086008</lastupdated>
  <seasonid>39926</seasonid>
  <seriesid>84024</seriesid>
</Episode>
<Episode>
  <id>1183431</id>
  <Combined_episodenumber>9.0</Combined_episodenumber>
  <Combined_season>1</Combined_season>
  <DVD_chapter></DVD_chapter>
  <DVD_discid></DVD_discid>
  <DVD_episodenumber>9.0</DVD_episodenumber>
  <DVD_season>1</DVD_season>
  <Director>Michael Nankin</Director>
  <EpImgFlag>2</EpImgFlag>
  <EpisodeName>Believe</EpisodeName>
  <EpisodeNumber>9</EpisodeNumber>
  <FirstAired>2009-11-19</FirstAired>
  <GuestStars></GuestStars>
  <IMDB_ID>tt1517111</IMDB_ID>
  <Language>en</Language>
  <Overview>Bryce begins his search for the woman in his flashforward, Aaron becomes concerned over Tracy's odd behavior, Mark attempts to track down the person responsible for texting Olivia and outing his drinking during his flashforward vision, and Demetri's co-agents try to find the mysterious caller who forewarned him about his unfortunate fate.</Overview>
  <ProductionCode></ProductionCode>
  <Rating>7.0</Rating>
  <RatingCount>113</RatingCount>
  <SeasonNumber>1</SeasonNumber>
  <Writer>|Nicole Yorkin|Dawn Prestwich|</Writer>
  <absolute_number></absolute_number>
  <filename>episodes/84024/1183431.jpg</filename>
  <lastupdated>1312086042</lastupdated>
  <seasonid>39926</seasonid>
  <seriesid>84024</seriesid>
</Episode>
<Episode>
  <id>1183441</id>
  <Combined_episodenumber>10.0</Combined_episodenumber>
  <Combined_season>1</Combined_season>
  <DVD_chapter></DVD_chapter>
  <DVD_discid></DVD_discid>
  <DVD_episodenumber>10.0</DVD_episodenumber>
  <DVD_season>1</DVD_season>
  <Director>Michael Nankin</Director>
  <EpImgFlag>2</EpImgFlag>
  <EpisodeName>A561984</EpisodeName>
  <EpisodeNumber>10</EpisodeNumber>
  <FirstAired>2009-12-03</FirstAired>
  <GuestStars></GuestStars>
  <IMDB_ID></IMDB_ID>
  <Language>en</Language>
  <Overview>Against Wedeck's orders, Mark and Demetri travel to Hong Kong in search of the woman claiming to know details of Demetri's fate; Lloyd tries to come clean about his and Simon's involvement in the global blackout - against Simon's better judgment -- and Zoey discovers the true meaning of her flashforward.</Overview>
  <ProductionCode></ProductionCode>
  <Rating>7.3</Rating>
  <RatingCount>115</RatingCount>
  <SeasonNumber>1</SeasonNumber>
  <Writer>|David S. Goyer|Scott M. Gimple|</Writer>
  <absolute_number></absolute_number>
  <filename>episodes/84024/1183441.jpg</filename>
  <lastupdated>1312086075</lastupdated>
  <seasonid>39926</seasonid>
  <seriesid>84024</seriesid>
</Episode>
<Episode>
  <id>1183451</id>
  <Combined_episodenumber>11.0</Combined_episodenumber>
  <Combined_season>1</Combined_season>
  <DVD_chapter></DVD_chapter>
  <DVD_discid></DVD_discid>
  <DVD_episodenumber>11.0</DVD_episodenumber>
  <DVD_season>1</DVD_season>
  <Director>John Polson</Director>
  <EpImgFlag>2</EpImgFlag>
  <EpisodeName>Revelation Zero (1)</EpisodeName>
  <EpisodeNumber>11</EpisodeNumber>
  <FirstAired>2010-03-18</FirstAired>
  <GuestStars></GuestStars>
  <IMDB_ID></IMDB_ID>
  <Language>en</Language>
  <Overview>Mark is suspended from duty at the FBI and must meet with a Bureau-appointed therapist in order to regain his badge; Demetri reluctantly teams with CIA agent Vogel to continue the search for Lloyd, while a suspended Mark resumes his own investigation into his disappearance; with Lloyd missing, Simon attempts to hack into his computer in search of clues; Janis is assigned to accompany Simon and learns some family secrets about him; and Nicole speaks with a man who was transformed during the blackout in order to help her restore her faith and understand her horrific flashforward vision.</Overview>
  <ProductionCode>111</ProductionCode>
  <Rating>7.5</Rating>
  <RatingCount>157</RatingCount>
  <SeasonNumber>1</SeasonNumber>
  <Writer>Seth Hoffman|Marc Guggenheim</Writer>
  <absolute_number></absolute_number>
  <filename>episodes/84024/1183451.jpg</filename>
  <lastupdated>1279026719</lastupdated>
  <seasonid>39926</seasonid>
  <seriesid>84024</seriesid>
</Episode>
<Episode>
  <id>1892541</id>
  <Combined_episodenumber>11.1</Combined_episodenumber>
  <Combined_season>1</Combined_season>
  <DVD_chapter></DVD_chapter>
  <DVD_discid></DVD_discid>
  <DVD_episodenumber>11.1</DVD_episodenumber>
  <DVD_season>1</DVD_season>
  <Director>Constantine Makris</Director>
  <EpImgFlag>2</EpImgFlag>
  <EpisodeName>Revelation Zero (2)</EpisodeName>
  <EpisodeNumber>12</EpisodeNumber>
  <FirstAired>2010-03-18</FirstAired>
  <GuestStars>|Gabrielle Union|Tim</GuestStars>
  <IMDB_ID></IMDB_ID>
  <Language>en</Language>
  <Overview>Janis goes with Simon to Toronto and learns some family secrets.</Overview>
  <ProductionCode>112</ProductionCode>
  <Rating>7.4</Rating>
  <RatingCount>77</RatingCount>
  <SeasonNumber>1</SeasonNumber>
  <Writer>Lisa Zwerling|Barbara Nance</Writer>
  <absolute_number></absolute_number>
  <filename>episodes/84024/1892541.jpg</filename>
  <lastupdated>1279300070</lastupdated>
  <seasonid>39926</seasonid>
  <seriesid>84024</seriesid>
</Episode>
<Episode>
  <id>1918461</id>
  <Combined_episodenumber>12.0</Combined_episodenumber>
  <Combined_season>1</Combined_season>
  <DVD_chapter></DVD_chapter>
  <DVD_discid></DVD_discid>
  <DVD_episodenumber>12.0</DVD_episodenumber>
  <DVD_season>1</DVD_season>
  <Director>Constantine Makris</Director>
  <EpImgFlag>2</EpImgFlag>
  <EpisodeName>Blowback</EpisodeName>
  <EpisodeNumber>13</EpisodeNumber>
  <FirstAired>2010-03-25</FirstAired>
  <GuestStars></GuestStars>
  <IMDB_ID></IMDB_ID>
  <Language>en</Language>
  <Overview>Aaron delves deeper into why the black-ops Jericho unit is after his daughter. Later, his daughter goes missing, and he suspects his daughter's friend. Mark continues to question Lloyd about a phone conversation that took place during their flashforwards, and finds out he knows D. Gibbons. Also, Zoey tries everything in her power to change Demetri's fate. Timbaland  guest stars.</Overview>
  <ProductionCode>113</ProductionCode>
  <Rating>7.4</Rating>
  <RatingCount>138</RatingCount>
  <SeasonNumber>1</SeasonNumber>
  <Writer>Lisa Zwerling|Barbara Nance</Writer>
  <absolute_number></absolute_number>
  <filename>episodes/84024/1918461.jpg</filename>
  <lastupdated>1323992707</lastupdated>
  <seasonid>39926</seasonid>
  <seriesid>84024</seriesid>
</Episode>
<Episode>
  <id>1957001</id>
  <Combined_episodenumber>13.0</Combined_episodenumber>
  <Combined_season>1</Combined_season>
  <DVD_chapter></DVD_chapter>
  <DVD_discid></DVD_discid>
  <DVD_episodenumber>13.0</DVD_episodenumber>
  <DVD_season>1</DVD_season>
  <Director>Bobby Roth</Director>
  <EpImgFlag>2</EpImgFlag>
  <EpisodeName>Better Angels</EpisodeName>
  <EpisodeNumber>14</EpisodeNumber>
  <FirstAired>2010-04-01</FirstAired>
  <GuestStars>Michael Ealy</GuestStars>
  <IMDB_ID></IMDB_ID>
  <Language>en</Language>
  <Overview>Demetri, Janis, Simon and Vogel travel to Somalia in search of clues to a mysterious tower and encounter a dangerous man who saw his fellow villagers black-out in 1991; Bryce tells Nicole that he has cancer; and Olivia attempts to get daughter Charlie to tell her what she saw in her flashforward. </Overview>
  <ProductionCode>114</ProductionCode>
  <Rating>7.7</Rating>
  <RatingCount>128</RatingCount>
  <SeasonNumber>1</SeasonNumber>
  <Writer>|Byron Balasco|Timothy J. Lea|</Writer>
  <absolute_number></absolute_number>
  <filename>episodes/84024/1957001.jpg</filename>
  <lastupdated>1323993405</lastupdated>
  <seasonid>39926</seasonid>
  <seriesid>84024</seriesid>
</Episode>
<Episode>
  <id>1957011</id>
  <Combined_episodenumber>14.0</Combined_episodenumber>
  <Combined_season>1</Combined_season>
  <DVD_chapter></DVD_chapter>
  <DVD_discid></DVD_discid>
  <DVD_episodenumber>14.0</DVD_episodenumber>
  <DVD_season>1</DVD_season>
  <Director>Bobby Roth</Director>
  <EpImgFlag>2</EpImgFlag>
  <EpisodeName>Queen Sacrifice</EpisodeName>
  <EpisodeNumber>15</EpisodeNumber>
  <FirstAired>2010-04-08</FirstAired>
  <GuestStars>Lennon Wynn, Ryan Wynott, Michael Massee, Owiso Odera, Zora Bikangaga, Carmen Argenziano</GuestStars>
  <IMDB_ID></IMDB_ID>
  <Language>en</Language>
  <Overview>Mark and Vogel put a plan into action to uncover the FBI mole, which could end up alienating Mark from his co-workers. Meanwhile, in an effort to protect his family and his marriage Mark moves out of the house, and Keiko continues her search in Los Angeles for Bryce and finds employment at the unlikeliest of places. </Overview>
  <ProductionCode>115</ProductionCode>
  <Rating>7.8</Rating>
  <RatingCount>160</RatingCount>
  <SeasonNumber>1</SeasonNumber>
  <Writer>|Byron Balasco|Timothy J. Lea|</Writer>
  <absolute_number></absolute_number>
  <filename>episodes/84024/1957011.jpg</filename>
  <lastupdated>1323993449</lastupdated>
  <seasonid>39926</seasonid>
  <seriesid>84024</seriesid>
</Episode>
<Episode>
  <id>1963731</id>
  <Combined_episodenumber>15.0</Combined_episodenumber>
  <Combined_season>1</Combined_season>
  <DVD_chapter></DVD_chapter>
  <DVD_discid></DVD_discid>
  <DVD_episodenumber>15.0</DVD_episodenumber>
  <DVD_season>1</DVD_season>
  <Director>Bobby Roth</Director>
  <EpImgFlag>2</EpImgFlag>
  <EpisodeName>Let No Man Put Asunder</EpisodeName>
  <EpisodeNumber>16</EpisodeNumber>
  <FirstAired>2010-04-15</FirstAired>
  <GuestStars></GuestStars>
  <IMDB_ID></IMDB_ID>
  <Language>en</Language>
  <Overview>Demetri decides to put a rush on his wedding plans with Zoey when the captured FBI mole confirms the date of his prophesized murder; Wedeck tries to help Aaron infiltrate Jericho in order to rescue Tracy; and Olivia's friendship with Lloyd grows stronger.</Overview>
  <ProductionCode>116</ProductionCode>
  <Rating>7.3</Rating>
  <RatingCount>155</RatingCount>
  <SeasonNumber>1</SeasonNumber>
  <Writer>|Seth Hoffman|Quinton Peeples|</Writer>
  <absolute_number></absolute_number>
  <filename>episodes/84024/1963731.jpg</filename>
  <lastupdated>1323993479</lastupdated>
  <seasonid>39926</seasonid>
  <seriesid>84024</seriesid>
</Episode>
<Episode>
  <id>1975791</id>
  <Combined_episodenumber>16.0</Combined_episodenumber>
  <Combined_season>1</Combined_season>
  <DVD_chapter></DVD_chapter>
  <DVD_discid></DVD_discid>
  <DVD_episodenumber>16.0</DVD_episodenumber>
  <DVD_season>1</DVD_season>
  <Director>Nick Gomez</Director>
  <EpImgFlag>2</EpImgFlag>
  <EpisodeName>The Garden of Forking Paths</EpisodeName>
  <EpisodeNumber>17</EpisodeNumber>
  <FirstAired>2010-04-22</FirstAired>
  <GuestStars>Gabrielle Union|Lennon Wynn|Barry Shabaka Henley|Michael Massee|Rachel Roberts|Malachi Smith|James Callis|Norma Maldonado|Neil Jackson|Rizwan Manji|Jonathan Levit|Geoffrey Owens|Lawrence A. Mandley</GuestStars>
  <IMDB_ID></IMDB_ID>
  <Language>en</Language>
  <Overview>The clock is ticking on Demetri's life as Mark and his team go in search of his whereabouts; terror suspect Alda Herzog promises to give Zoey intel on where Demetri is - but at a price; and Olivia learns the identity of the person who sent her the text message informing her that Mark was drinking in his flashforward.</Overview>
  <ProductionCode></ProductionCode>
  <Rating>7.8</Rating>
  <RatingCount>155</RatingCount>
  <SeasonNumber>1</SeasonNumber>
  <Writer>|David S. Goyer|Lisa Zwerling|</Writer>
  <absolute_number></absolute_number>
  <filename>episodes/84024/1975791.jpg</filename>
  <lastupdated>1323993581</lastupdated>
  <seasonid>39926</seasonid>
  <seriesid>84024</seriesid>
</Episode>
<Episode>
  <id>2013691</id>
  <Combined_episodenumber>17.0</Combined_episodenumber>
  <Combined_season>1</Combined_season>
  <DVD_chapter></DVD_chapter>
  <DVD_discid></DVD_discid>
  <DVD_episodenumber>17.0</DVD_episodenumber>
  <DVD_season>1</DVD_season>
  <Director>Nick Gomez</Director>
  <EpImgFlag>2</EpImgFlag>
  <EpisodeName>Goodbye Yellow Brick Road</EpisodeName>
  <EpisodeNumber>18</EpisodeNumber>
  <FirstAired>2010-04-29</FirstAired>
  <GuestStars>James Callis</GuestStars>
  <IMDB_ID></IMDB_ID>
  <Language>en</Language>
  <Overview>Janis continues to thwart her fellow FBI agents as an inside mole to a mysterious employer; Olivia is given some disturbing news by Gabriel, who has been subjected to numerous flashforwards; and Aaron's life is in danger in Afghanistan when he tries to blend in with the locals as he continues his search for his daughter.</Overview>
  <ProductionCode></ProductionCode>
  <Rating>7.7</Rating>
  <RatingCount>151</RatingCount>
  <SeasonNumber>1</SeasonNumber>
  <Writer>|Dawn Prestwich|Nicole Yorkin|</Writer>
  <absolute_number></absolute_number>
  <filename>episodes/84024/2013691.jpg</filename>
  <lastupdated>1309377911</lastupdated>
  <seasonid>39926</seasonid>
  <seriesid>84024</seriesid>
</Episode>
<Episode>
  <id>2047361</id>
  <Combined_episodenumber>18.0</Combined_episodenumber>
  <Combined_season>1</Combined_season>
  <DVD_chapter></DVD_chapter>
  <DVD_discid></DVD_discid>
  <DVD_episodenumber>18.0</DVD_episodenumber>
  <DVD_season>1</DVD_season>
  <Director>Leslie Libman</Director>
  <EpImgFlag>2</EpImgFlag>
  <EpisodeName>Course Correction</EpisodeName>
  <EpisodeNumber>19</EpisodeNumber>
  <FirstAired>2010-05-06</FirstAired>
  <GuestStars>|Alex Kingston|James Callis|Callum Keith Rennie</GuestStars>
  <IMDB_ID></IMDB_ID>
  <Language>en</Language>
  <Overview>Demetri and Agent Banks attempt to track down a killer as questions arise about the universe course-correcting itself, when people who thought they'd escaped their fates are found dead; Mark reluctantly agrees to help Simon find his sister, Annabelle, but discovers he's withholding the truth about her true circumstances; the FBI discovers the identity of Suspect Zero; and Nicole learns the whereabouts of Keiko - the woman in Bryce's flashforward - but struggles with whether to share this information, due to her growing feelings for him.</Overview>
  <ProductionCode></ProductionCode>
  <Rating>7.5</Rating>
  <RatingCount>154</RatingCount>
  <SeasonNumber>1</SeasonNumber>
  <Writer>Robert J. Sawyer</Writer>
  <absolute_number></absolute_number>
  <filename>episodes/84024/2047361.jpg</filename>
  <lastupdated>1309377932</lastupdated>
  <seasonid>39926</seasonid>
  <seriesid>84024</seriesid>
</Episode>
<Episode>
  <id>2047371</id>
  <Combined_episodenumber>19.0</Combined_episodenumber>
  <Combined_season>1</Combined_season>
  <DVD_chapter></DVD_chapter>
  <DVD_discid></DVD_discid>
  <DVD_episodenumber>19.0</DVD_episodenumber>
  <DVD_season>1</DVD_season>
  <Director>Leslie Libman</Director>
  <EpImgFlag>2</EpImgFlag>
  <EpisodeName>The Negotiation</EpisodeName>
  <EpisodeNumber>20</EpisodeNumber>
  <FirstAired>2010-05-13</FirstAired>
  <GuestStars>|Gabrielle Union|James Callis|Annabeth Gish|</GuestStars>
  <IMDB_ID></IMDB_ID>
  <Language>en</Language>
  <Overview>It's April 28 - the day before the prophesized flashforward date - and as the world waits to see if their future visions will come true, Mark must do everything in his power to protect Gabriel, who is the bridge between Dyson Frost and the Global Blackout; Aaron locates his daughter's captors and puts his life on the line in order to rescue her; Janis is tasked with killing a fellow agent; and Simon comes face to face with the head of the nefarious organization that may be responsible for the blackout.</Overview>
  <ProductionCode></ProductionCode>
  <Rating>7.6</Rating>
  <RatingCount>156</RatingCount>
  <SeasonNumber>1</SeasonNumber>
  <Writer>Debbie Ezer</Writer>
  <absolute_number></absolute_number>
  <filename>episodes/84024/2047371.jpg</filename>
  <lastupdated>1309377955</lastupdated>
  <seasonid>39926</seasonid>
  <seriesid>84024</seriesid>
</Episode>
<Episode>
  <id>2047381</id>
  <Combined_episodenumber>20.0</Combined_episodenumber>
  <Combined_season>1</Combined_season>
  <DVD_chapter></DVD_chapter>
  <DVD_discid></DVD_discid>
  <DVD_episodenumber>20.0</DVD_episodenumber>
  <DVD_season>1</DVD_season>
  <Director>John Polson</Director>
  <EpImgFlag>2</EpImgFlag>
  <EpisodeName>Countdown</EpisodeName>
  <EpisodeNumber>21</EpisodeNumber>
  <FirstAired>2010-05-20</FirstAired>
  <GuestStars>Gabrielle Union</GuestStars>
  <IMDB_ID></IMDB_ID>
  <Language>en</Language>
  <Overview>Mark continues his interrogation of Hellinger in a desperate attempt to find out when the next blackout will occur; Demetri must choose between helping Janis and Simon break into NLAP to stop the blackout from occurring, or turning the fugitive Simon in to the FBI; Lloyd finds the common denominator that can help him solve the complex equation he was working on in his flashforward; while Tracy fights for her life, Aaron discovers why Jericho was after her; and Nicole wrestles over her strong feelings for Bryce and what would happen if she told him she knew the whereabouts of Keiko.</Overview>
  <ProductionCode></ProductionCode>
  <Rating>7.5</Rating>
  <RatingCount>161</RatingCount>
  <SeasonNumber>1</SeasonNumber>
  <Writer>|Lisa Zwerling|Seth Hoffman|</Writer>
  <absolute_number></absolute_number>
  <filename>episodes/84024/2047381.jpg</filename>
  <lastupdated>1309378043</lastupdated>
  <seasonid>39926</seasonid>
  <seriesid>84024</seriesid>
</Episode>
<Episode>
  <id>2047391</id>
  <Combined_episodenumber>21.0</Combined_episodenumber>
  <Combined_season>1</Combined_season>
  <DVD_chapter></DVD_chapter>
  <DVD_discid></DVD_discid>
  <DVD_episodenumber>21.0</DVD_episodenumber>
  <DVD_season>1</DVD_season>
  <Director>John Polson</Director>
  <EpImgFlag>2</EpImgFlag>
  <EpisodeName>Future Shock</EpisodeName>
  <EpisodeNumber>22</EpisodeNumber>
  <FirstAired>2010-05-27</FirstAired>
  <GuestStars></GuestStars>
  <IMDB_ID></IMDB_ID>
  <Language>en</Language>
  <Overview>It's D-Day - April 29, 2010 - and while everyone waits to see if their flashforward visions come true, Mark uncovers the date of the next blackout, and Simon, with Demetri, attempts to stop it from happening by breaking into the NLAP mainframe.
</Overview>
  <ProductionCode></ProductionCode>
  <Rating>7.8</Rating>
  <RatingCount>161</RatingCount>
  <SeasonNumber>1</SeasonNumber>
  <Writer>Timothy J. Lea|Scott M. Gimple</Writer>
  <absolute_number></absolute_number>
  <filename>episodes/84024/2047391.jpg</filename>
  <lastupdated>1309378015</lastupdated>
  <seasonid>39926</seasonid>
  <seriesid>84024</seriesid>
</Episode>
</Data>