<?xml version="1.0" encoding="UTF-8" ?>
<Actors>
<Actor>
  <id>298750</id>
  <Image>actors/298750.jpg</Image>
  <Name>Jenna Elfman</Name>
  <Role>Emily Nash Gilchrist</Role>
  <SortOrder>0</SortOrder>
</Actor>
<Actor>
  <id>298749</id>
  <Image>actors/298749.jpg</Image>
  <Name>Bill Pullman</Name>
  <Role>President Dale Gilchrist</Role>
  <SortOrder>1</SortOrder>
</Actor>
<Actor>
  <id>298751</id>
  <Image>actors/298751.jpg</Image>
  <Name>Josh Gad</Name>
  <Role>Skip</Role>
  <SortOrder>2</SortOrder>
</Actor>
<Actor>
  <id>306572</id>
  <Image>actors/306572.jpg</Image>
  <Name>Benjamin Stockham</Name>
  <Role>Xander</Role>
  <SortOrder>3</SortOrder>
</Actor>
<Actor>
  <id>305618</id>
  <Image>actors/305618.jpg</Image>
  <Name>Amara Miller</Name>
  <Role>Marigold</Role>
  <SortOrder>3</SortOrder>
</Actor>
<Actor>
  <id>305617</id>
  <Image>actors/305617.jpg</Image>
  <Name>Martha MacIsaac</Name>
  <Role>Becca</Role>
  <SortOrder>3</SortOrder>
</Actor>
<Actor>
  <id>305616</id>
  <Image>actors/305616.jpg</Image>
  <Name>Andre Holland</Name>
  <Role>Marshall Malloy</Role>
  <SortOrder>3</SortOrder>
</Actor>
</Actors>