<?xml version="1.0" encoding="UTF-8" ?>
<Data><Series>
  <id>259016</id>
  <Actors>|Jenna Elfman|Bill Pullman|Josh Gad|Benjamin Stockham|Amara Miller|Martha MacIsaac|Andre Holland|</Actors>
  <Airs_DayOfWeek>Thursday</Airs_DayOfWeek>
  <Airs_Time>9:30 PM</Airs_Time>
  <ContentRating>TV-PG</ContentRating>
  <FirstAired>2012-12-17</FirstAired>
  <Genre>|Comedy|</Genre>
  <IMDB_ID>tt2266639</IMDB_ID>
  <Language>en</Language>
  <Network>NBC</Network>
  <NetworkID></NetworkID>
  <Overview>The Gilchrists are just the average American family dealing with all the everyday issues, like a grown kid who's forced to move back home, teenagers who are smarter than their teachers and a stepmom (Jenna Elfman) desperately trying to win over the kids. They're loving, fun and a little crazy. In other words, just like everyone else - with one exception: they live in a very special house. The White House!</Overview>
  <Rating>6.5</Rating>
  <RatingCount>4</RatingCount>
  <Runtime>30</Runtime>
  <SeriesID>158542</SeriesID>
  <SeriesName>1600 Penn</SeriesName>
  <Status>Continuing</Status>
  <added>2012-05-14 11:57:29</added>
  <addedBy>352008</addedBy>
  <banner>graphical/259016-g2.jpg</banner>
  <fanart>fanart/original/259016-1.jpg</fanart>
  <lastupdated>1365548918</lastupdated>
  <poster>posters/259016-2.jpg</poster>
  <zap2it_id>EP01567860</zap2it_id>
</Series>
<Episode>
  <id>4333073</id>
  <Combined_episodenumber>1</Combined_episodenumber>
  <Combined_season>1</Combined_season>
  <DVD_chapter></DVD_chapter>
  <DVD_discid></DVD_discid>
  <DVD_episodenumber></DVD_episodenumber>
  <DVD_season></DVD_season>
  <Director>Jason Winer</Director>
  <EpImgFlag>1</EpImgFlag>
  <EpisodeName>Putting Out Fires</EpisodeName>
  <EpisodeNumber>1</EpisodeNumber>
  <FirstAired>2012-12-17</FirstAired>
  <GuestStars></GuestStars>
  <IMDB_ID>tt2269106</IMDB_ID>
  <Language>en</Language>
  <Overview>Following a public mishap, Skip, the First Son of President Gilchrist, is ushered back to the White House so he can be kept under careful watch. Meanwhile, Dale attempts to keep a cool atmosphere when South American leaders visit to discuss a trade agreement. Elsewhere, Emily tries to make peace with her stepdaughter Becca, who has a surprise in store for everybody.</Overview>
  <ProductionCode></ProductionCode>
  <Rating>7.5</Rating>
  <RatingCount>11</RatingCount>
  <SeasonNumber>1</SeasonNumber>
  <Writer>Josh Gad|Jon Lovett|Jason Winer</Writer>
  <absolute_number>1</absolute_number>
  <filename>episodes/259016/4333073.jpg</filename>
  <lastupdated>1357031943</lastupdated>
  <seasonid>493270</seasonid>
  <seriesid>259016</seriesid>
</Episode>
<Episode>
  <id>4437336</id>
  <Combined_episodenumber>2</Combined_episodenumber>
  <Combined_season>1</Combined_season>
  <DVD_chapter></DVD_chapter>
  <DVD_discid></DVD_discid>
  <DVD_episodenumber></DVD_episodenumber>
  <DVD_season></DVD_season>
  <Director>Jason Winer</Director>
  <EpImgFlag>2</EpImgFlag>
  <EpisodeName>The Skiplantic Ocean</EpisodeName>
  <EpisodeNumber>2</EpisodeNumber>
  <FirstAired>2013-01-10</FirstAired>
  <GuestStars></GuestStars>
  <IMDB_ID>tt2411646</IMDB_ID>
  <Language>en</Language>
  <Overview>When the media reveals Becca’s surprising news, Skip attempts to take her mind off the situation while President Gilchrist has a group therapy session with his generals to help cope with things. Meanwhile, hoping to gain Becca’s trust and keep the secret safe from Marigold and Xander, Emily gets tangled in a web of lies.</Overview>
  <ProductionCode></ProductionCode>
  <Rating>7.7</Rating>
  <RatingCount>10</RatingCount>
  <SeasonNumber>1</SeasonNumber>
  <Writer>Mike Royce</Writer>
  <absolute_number>2</absolute_number>
  <filename>episodes/259016/4437336.jpg</filename>
  <lastupdated>1359552188</lastupdated>
  <seasonid>493270</seasonid>
  <seriesid>259016</seriesid>
</Episode>
<Episode>
  <id>4448829</id>
  <Combined_episodenumber>3</Combined_episodenumber>
  <Combined_season>1</Combined_season>
  <DVD_chapter></DVD_chapter>
  <DVD_discid></DVD_discid>
  <DVD_episodenumber></DVD_episodenumber>
  <DVD_season></DVD_season>
  <Director>Jason Winer</Director>
  <EpImgFlag>2</EpImgFlag>
  <EpisodeName>So You Don't Want to Dance</EpisodeName>
  <EpisodeNumber>3</EpisodeNumber>
  <FirstAired>2013-01-17</FirstAired>
  <GuestStars></GuestStars>
  <IMDB_ID></IMDB_ID>
  <Language>en</Language>
  <Overview>A presidential ball careens out of control when Skip brings a date. </Overview>
  <ProductionCode></ProductionCode>
  <Rating>7.7</Rating>
  <RatingCount>6</RatingCount>
  <SeasonNumber>1</SeasonNumber>
  <Writer>Joe Port|Joe Wiseman</Writer>
  <absolute_number></absolute_number>
  <filename>episodes/259016/4448829.jpg</filename>
  <lastupdated>1359552175</lastupdated>
  <seasonid>493270</seasonid>
  <seriesid>259016</seriesid>
</Episode>
<Episode>
  <id>4448830</id>
  <Combined_episodenumber>4</Combined_episodenumber>
  <Combined_season>1</Combined_season>
  <DVD_chapter></DVD_chapter>
  <DVD_discid></DVD_discid>
  <DVD_episodenumber></DVD_episodenumber>
  <DVD_season></DVD_season>
  <Director>Jason Winer</Director>
  <EpImgFlag>3</EpImgFlag>
  <EpisodeName>Meet the Parent</EpisodeName>
  <EpisodeNumber>4</EpisodeNumber>
  <FirstAired>2013-01-24</FirstAired>
  <GuestStars></GuestStars>
  <IMDB_ID></IMDB_ID>
  <Language>en</Language>
  <Overview>A determined President Gilchrist uses his clout to track down someone that just might prove to be someone of major importance to the First Family. Meanwhile, the Gilchrist’s host the Austrian Chancellor and his wife, but when Emily questions proper protocol and tries to do things her own special way, she lands herself in quite a difficult situation.　 Elsewhere, Skip realizes his true calling in life.</Overview>
  <ProductionCode></ProductionCode>
  <Rating>8.0</Rating>
  <RatingCount>7</RatingCount>
  <SeasonNumber>1</SeasonNumber>
  <Writer>Peter A. Knight</Writer>
  <absolute_number></absolute_number>
  <filename>episodes/259016/4448830.jpg</filename>
  <lastupdated>1359552112</lastupdated>
  <seasonid>493270</seasonid>
  <seriesid>259016</seriesid>
</Episode>
<Episode>
  <id>4448831</id>
  <Combined_episodenumber>5</Combined_episodenumber>
  <Combined_season>1</Combined_season>
  <DVD_chapter></DVD_chapter>
  <DVD_discid></DVD_discid>
  <DVD_episodenumber></DVD_episodenumber>
  <DVD_season></DVD_season>
  <Director>Jennifer Getzinger</Director>
  <EpImgFlag>2</EpImgFlag>
  <EpisodeName>Frosting Nixon</EpisodeName>
  <EpisodeNumber>5</EpisodeNumber>
  <FirstAired>2013-02-07</FirstAired>
  <GuestStars></GuestStars>
  <IMDB_ID></IMDB_ID>
  <Language>en</Language>
  <Overview>Skip attempts to placate a group of protesters who are upset about his dad's transportation policies, but his efforts only make things worse. Elsewhere, Emily helps Xander with his campaign for student-body president; and Becca struggles to come to grips with her future.</Overview>
  <ProductionCode></ProductionCode>
  <Rating>8.3</Rating>
  <RatingCount>3</RatingCount>
  <SeasonNumber>1</SeasonNumber>
  <Writer>Sanjay Shah</Writer>
  <absolute_number></absolute_number>
  <filename>episodes/259016/4448831.jpg</filename>
  <lastupdated>1361147396</lastupdated>
  <seasonid>493270</seasonid>
  <seriesid>259016</seriesid>
</Episode>
<Episode>
  <id>4448832</id>
  <Combined_episodenumber>6</Combined_episodenumber>
  <Combined_season>1</Combined_season>
  <DVD_chapter></DVD_chapter>
  <DVD_discid></DVD_discid>
  <DVD_episodenumber></DVD_episodenumber>
  <DVD_season></DVD_season>
  <Director>Jason Winer</Director>
  <EpImgFlag>2</EpImgFlag>
  <EpisodeName>Skip the Tour</EpisodeName>
  <EpisodeNumber>6</EpisodeNumber>
  <FirstAired>2013-02-21</FirstAired>
  <GuestStars></GuestStars>
  <IMDB_ID></IMDB_ID>
  <Language>en</Language>
  <Overview>President Dale Gilchrist’s brother Doug stops by the White House, initiating a long-standing rivalry which threatens their relationship and prompts Emily to take on the role of peacemaker. Meanwhile, Becca prepares for an interview and Skip decides to offer his own special version of the White House tour after witnessing one from an official tour guide.</Overview>
  <ProductionCode></ProductionCode>
  <Rating>8.0</Rating>
  <RatingCount>4</RatingCount>
  <SeasonNumber>1</SeasonNumber>
  <Writer>Laura Gutin</Writer>
  <absolute_number></absolute_number>
  <filename>episodes/259016/4448832.jpg</filename>
  <lastupdated>1362771639</lastupdated>
  <seasonid>493270</seasonid>
  <seriesid>259016</seriesid>
</Episode>
<Episode>
  <id>4448833</id>
  <Combined_episodenumber>7</Combined_episodenumber>
  <Combined_season>1</Combined_season>
  <DVD_chapter></DVD_chapter>
  <DVD_discid></DVD_discid>
  <DVD_episodenumber></DVD_episodenumber>
  <DVD_season></DVD_season>
  <Director>Ken Whittingham</Director>
  <EpImgFlag>2</EpImgFlag>
  <EpisodeName>To The Ranch</EpisodeName>
  <EpisodeNumber>7</EpisodeNumber>
  <FirstAired>2013-02-28</FirstAired>
  <GuestStars></GuestStars>
  <IMDB_ID></IMDB_ID>
  <Language>en</Language>
  <Overview>When unable to make a decision about who to nominate to the Supreme Court, President Dale Gilchrist decides to take a family trip to their ranch to clear his head. During their getaway, Skip finds himself moping over his failed relationship, while Becca contemplates major flaws in her own relationship. Meanwhile, Emily attempts to spend some quality time with Marigold and Xander, who both struggle with their loss of technology while at the ranch.</Overview>
  <ProductionCode></ProductionCode>
  <Rating>8.3</Rating>
  <RatingCount>3</RatingCount>
  <SeasonNumber>1</SeasonNumber>
  <Writer>Bridget Bedard</Writer>
  <absolute_number></absolute_number>
  <filename>episodes/259016/4448833.jpg</filename>
  <lastupdated>1362771625</lastupdated>
  <seasonid>493270</seasonid>
  <seriesid>259016</seriesid>
</Episode>
<Episode>
  <id>4448834</id>
  <Combined_episodenumber>8</Combined_episodenumber>
  <Combined_season>1</Combined_season>
  <DVD_chapter></DVD_chapter>
  <DVD_discid></DVD_discid>
  <DVD_episodenumber></DVD_episodenumber>
  <DVD_season></DVD_season>
  <Director></Director>
  <EpImgFlag>2</EpImgFlag>
  <EpisodeName>Live From the Lincoln Bedroom</EpisodeName>
  <EpisodeNumber>8</EpisodeNumber>
  <FirstAired>2013-03-07</FirstAired>
  <GuestStars></GuestStars>
  <IMDB_ID></IMDB_ID>
  <Language>en</Language>
  <Overview>Skip starts a podcast and makes a surprising discovery about himself; Becca interferes with one of Emily's parenting decisions, leaving them at odds.</Overview>
  <ProductionCode></ProductionCode>
  <Rating>8.0</Rating>
  <RatingCount>3</RatingCount>
  <SeasonNumber>1</SeasonNumber>
  <Writer></Writer>
  <absolute_number></absolute_number>
  <filename>episodes/259016/4448834.jpg</filename>
  <lastupdated>1362944276</lastupdated>
  <seasonid>493270</seasonid>
  <seriesid>259016</seriesid>
</Episode>
<Episode>
  <id>4448835</id>
  <Combined_episodenumber>9</Combined_episodenumber>
  <Combined_season>1</Combined_season>
  <DVD_chapter></DVD_chapter>
  <DVD_discid></DVD_discid>
  <DVD_episodenumber></DVD_episodenumber>
  <DVD_season></DVD_season>
  <Director></Director>
  <EpImgFlag>2</EpImgFlag>
  <EpisodeName>Game Theory</EpisodeName>
  <EpisodeNumber>9</EpisodeNumber>
  <FirstAired>2013-03-14</FirstAired>
  <GuestStars></GuestStars>
  <IMDB_ID></IMDB_ID>
  <Language>en</Language>
  <Overview>Emily tries to ensure Skip's date with Stacey is perfect; Becca and D.B. try to paint a mural; Dale and Xander play a passionate game of Risk.</Overview>
  <ProductionCode></ProductionCode>
  <Rating>7.8</Rating>
  <RatingCount>5</RatingCount>
  <SeasonNumber>1</SeasonNumber>
  <Writer></Writer>
  <absolute_number></absolute_number>
  <filename>episodes/259016/4448835.jpg</filename>
  <lastupdated>1363812430</lastupdated>
  <seasonid>493270</seasonid>
  <seriesid>259016</seriesid>
</Episode>
<Episode>
  <id>4448836</id>
  <Combined_episodenumber>10</Combined_episodenumber>
  <Combined_season>1</Combined_season>
  <DVD_chapter></DVD_chapter>
  <DVD_discid></DVD_discid>
  <DVD_episodenumber></DVD_episodenumber>
  <DVD_season></DVD_season>
  <Director></Director>
  <EpImgFlag>2</EpImgFlag>
  <EpisodeName>The Short Happy Life of Reba Cadbury</EpisodeName>
  <EpisodeNumber>10</EpisodeNumber>
  <FirstAired>2013-03-21</FirstAired>
  <GuestStars></GuestStars>
  <IMDB_ID></IMDB_ID>
  <Language>en</Language>
  <Overview>Emily finds out that Skip is only one assignment shy of graduating college, so she promises to help him finish. Meanwhile, Becca wants to make her voice heard after her ideas are ignored at a committee meeting; and Marshall goes to extremes to get some alone time</Overview>
  <ProductionCode></ProductionCode>
  <Rating>7.3</Rating>
  <RatingCount>4</RatingCount>
  <SeasonNumber>1</SeasonNumber>
  <Writer></Writer>
  <absolute_number></absolute_number>
  <filename>episodes/259016/4448836.jpg</filename>
  <lastupdated>1364017230</lastupdated>
  <seasonid>493270</seasonid>
  <seriesid>259016</seriesid>
</Episode>
<Episode>
  <id>4448837</id>
  <Combined_episodenumber>11</Combined_episodenumber>
  <Combined_season>1</Combined_season>
  <DVD_chapter></DVD_chapter>
  <DVD_discid></DVD_discid>
  <DVD_episodenumber></DVD_episodenumber>
  <DVD_season></DVD_season>
  <Director></Director>
  <EpImgFlag>2</EpImgFlag>
  <EpisodeName>Dinner, Bath, Puzzle</EpisodeName>
  <EpisodeNumber>11</EpisodeNumber>
  <FirstAired>2013-03-21</FirstAired>
  <GuestStars></GuestStars>
  <IMDB_ID></IMDB_ID>
  <Language>en</Language>
  <Overview>Dale and Emily try to put the spark back in their romance after a meeting with the French president and his wife. Meanwhile, Skip babysits the kids; and Marshall and D.B. bond unexpectedly.</Overview>
  <ProductionCode></ProductionCode>
  <Rating>6.5</Rating>
  <RatingCount>2</RatingCount>
  <SeasonNumber>1</SeasonNumber>
  <Writer></Writer>
  <absolute_number></absolute_number>
  <filename>episodes/259016/4448837.jpg</filename>
  <lastupdated>1364019856</lastupdated>
  <seasonid>493270</seasonid>
  <seriesid>259016</seriesid>
</Episode>
<Episode>
  <id>4524037</id>
  <Combined_episodenumber>12</Combined_episodenumber>
  <Combined_season>1</Combined_season>
  <DVD_chapter></DVD_chapter>
  <DVD_discid></DVD_discid>
  <DVD_episodenumber></DVD_episodenumber>
  <DVD_season></DVD_season>
  <Director></Director>
  <EpImgFlag>2</EpImgFlag>
  <EpisodeName>Bursting the Bubble</EpisodeName>
  <EpisodeNumber>12</EpisodeNumber>
  <FirstAired>2013-03-28</FirstAired>
  <GuestStars></GuestStars>
  <IMDB_ID></IMDB_ID>
  <Language>en</Language>
  <Overview>A foreign princess visits the White House to attend an annual peace gala and asks Skip to be her escort. Meanwhile, Becca tests D.B.'s parenting skills; and Emily looks to reconnect with old friends.</Overview>
  <ProductionCode></ProductionCode>
  <Rating>7.3</Rating>
  <RatingCount>3</RatingCount>
  <SeasonNumber>1</SeasonNumber>
  <Writer></Writer>
  <absolute_number></absolute_number>
  <filename>episodes/259016/4524037.jpg</filename>
  <lastupdated>1364530821</lastupdated>
  <seasonid>493270</seasonid>
  <seriesid>259016</seriesid>
</Episode>
<Episode>
  <id>4524038</id>
  <Combined_episodenumber>13</Combined_episodenumber>
  <Combined_season>1</Combined_season>
  <DVD_chapter></DVD_chapter>
  <DVD_discid></DVD_discid>
  <DVD_episodenumber></DVD_episodenumber>
  <DVD_season></DVD_season>
  <Director></Director>
  <EpImgFlag>2</EpImgFlag>
  <EpisodeName>Marry Me, Baby</EpisodeName>
  <EpisodeNumber>13</EpisodeNumber>
  <FirstAired>2013-03-28</FirstAired>
  <GuestStars></GuestStars>
  <IMDB_ID></IMDB_ID>
  <Language>en</Language>
  <Overview>President Gilchrist accidentally calls the legality of his marriage into question during an interview with Larry King (playing himself), so Skip tries to resolve the situation. Meanwhile, Becca and D.B. receive surprising news.</Overview>
  <ProductionCode></ProductionCode>
  <Rating>8.2</Rating>
  <RatingCount>6</RatingCount>
  <SeasonNumber>1</SeasonNumber>
  <Writer></Writer>
  <absolute_number></absolute_number>
  <filename>episodes/259016/4524038.jpg</filename>
  <lastupdated>1364530864</lastupdated>
  <seasonid>493270</seasonid>
  <seriesid>259016</seriesid>
</Episode>
</Data>