<?xml version="1.0" encoding="UTF-8" ?>
<Actors>
<Actor>
  <id>176901</id>
  <Image>actors/176901.jpg</Image>
  <Name>Dana Delany</Name>
  <Role>Dr. Megan Hunt</Role>
  <SortOrder>0</SortOrder>
</Actor>
<Actor>
  <id>176941</id>
  <Image>actors/176941.jpg</Image>
  <Name>Jeri Ryan</Name>
  <Role>Dr. Kate Murphy</Role>
  <SortOrder>1</SortOrder>
</Actor>
<Actor>
  <id>306279</id>
  <Image></Image>
  <Name>Mark Valley</Name>
  <Role>Detective Tommy Sullivan</Role>
  <SortOrder>2</SortOrder>
</Actor>
<Actor>
  <id>176961</id>
  <Image>actors/176961.jpg</Image>
  <Name>Sonja Sohn</Name>
  <Role>Detective Samantha Baker</Role>
  <SortOrder>3</SortOrder>
</Actor>
<Actor>
  <id>176951</id>
  <Image>actors/176951.jpg</Image>
  <Name>Windell D. Middlebrooks</Name>
  <Role>Dr. Curtis Brumfield</Role>
  <SortOrder>3</SortOrder>
</Actor>
<Actor>
  <id>176931</id>
  <Image>actors/176931.jpg</Image>
  <Name>Nicholas Bishop</Name>
  <Role>Peter Dunlap</Role>
  <SortOrder>3</SortOrder>
</Actor>
<Actor>
  <id>176921</id>
  <Image>actors/176921.jpg</Image>
  <Name>Geoffrey Arend</Name>
  <Role>Dr. Elliot Gross</Role>
  <SortOrder>3</SortOrder>
</Actor>
<Actor>
  <id>176911</id>
  <Image>actors/176911.jpg</Image>
  <Name>John Carroll Lynch</Name>
  <Role>Det. Bud Morris</Role>
  <SortOrder>3</SortOrder>
</Actor>
<Actor>
  <id>306280</id>
  <Image></Image>
  <Name>Elyes Gabel</Name>
  <Role>Detective Adam Lucas</Role>
  <SortOrder>3</SortOrder>
</Actor>
<Actor>
  <id>306281</id>
  <Image></Image>
  <Name>Mary Mouser</Name>
  <Role>Lacey Fleming</Role>
  <SortOrder>3</SortOrder>
</Actor>
</Actors>