<?xml version="1.0" encoding="UTF-8" ?>
<Data><Series>
  <id>167591</id>
  <Actors>|Dana Delany|Jeri Ryan|Mark Valley|Mary Mouser|Elyes Gabel|Sonja Sohn|Windell D. Middlebrooks|Nicholas Bishop|Geoffrey Arend|John Carroll Lynch|</Actors>
  <Airs_DayOfWeek>Tuesday</Airs_DayOfWeek>
  <Airs_Time>10:00 PM</Airs_Time>
  <ContentRating>TV-PG</ContentRating>
  <FirstAired>2011-03-29</FirstAired>
  <Genre>|Drama|</Genre>
  <IMDB_ID>tt1587669</IMDB_ID>
  <Language>en</Language>
  <Network>ABC</Network>
  <NetworkID></NetworkID>
  <Overview>When a brilliant and driven neurosurgeon’s career is cut short, she turns her unrivaled medical skills toward solving murders. Every body has a story to tell and Dr. Megan Hunt will find out what it is.</Overview>
  <Rating>7.5</Rating>
  <RatingCount>42</RatingCount>
  <Runtime>60</Runtime>
  <SeriesID>78585</SeriesID>
  <SeriesName>Body of Proof</SeriesName>
  <Status>Continuing</Status>
  <added>2010-06-04 13:23:51</added>
  <addedBy>235</addedBy>
  <banner>graphical/167591-g.jpg</banner>
  <fanart>fanart/original/167591-5.jpg</fanart>
  <lastupdated>1365564082</lastupdated>
  <poster>posters/167591-8.jpg</poster>
  <zap2it_id>EP01279541</zap2it_id>
</Series>
<Episode>
  <id>2770221</id>
  <Combined_episodenumber>1</Combined_episodenumber>
  <Combined_season>1</Combined_season>
  <DVD_chapter></DVD_chapter>
  <DVD_discid></DVD_discid>
  <DVD_episodenumber></DVD_episodenumber>
  <DVD_season></DVD_season>
  <Director>Nelson McCormick</Director>
  <EpImgFlag>2</EpImgFlag>
  <EpisodeName>Pilot</EpisodeName>
  <EpisodeNumber>1</EpisodeNumber>
  <FirstAired>2011-03-29</FirstAired>
  <GuestStars></GuestStars>
  <IMDB_ID></IMDB_ID>
  <Language>en</Language>
  <Overview>A female jogger is found floating in the Schuylkill River. Dr. Megan Hunt teams up with her partner, medical investigator and former cop Peter Dunlop, under the watchful eye of their boss, Chief Medical Examiner Dr. Kate Murphey, who is very aware of Megan’s gifted but polarizing work style. Megan’s colleagues, Dr. Ethan Gross and Deputy Chief Medical Examiner Dr. Curtis Brumfield, must find their own way to work alongside the new medical examiner. Megan’s investigation takes her out in the field where she meets old-school cop Detective Bud Morris, who is exasperated by Megan’s tenacity and bull-headedness. But his partner, Detective Samantha Baker, possesses a quiet respect for Megan’s input, even if Morris doesn’t. Meanwhile, as she’s is trying to solve the female jogger’s death, Megan has to solve a personal puzzle of her own -- what is the perfect present for her daughter’s 12th birthday?</Overview>
  <ProductionCode></ProductionCode>
  <Rating>7.5</Rating>
  <RatingCount>51</RatingCount>
  <SeasonNumber>1</SeasonNumber>
  <Writer>Chris Murphey</Writer>
  <absolute_number></absolute_number>
  <filename>episodes/167591/2770221.jpg</filename>
  <lastupdated>1323270049</lastupdated>
  <seasonid>311791</seasonid>
  <seriesid>167591</seriesid>
</Episode>
<Episode>
  <id>3511871</id>
  <Combined_episodenumber>2</Combined_episodenumber>
  <Combined_season>1</Combined_season>
  <DVD_chapter></DVD_chapter>
  <DVD_discid></DVD_discid>
  <DVD_episodenumber></DVD_episodenumber>
  <DVD_season></DVD_season>
  <Director>Nelson McCormick</Director>
  <EpImgFlag>3</EpImgFlag>
  <EpisodeName>Letting Go</EpisodeName>
  <EpisodeNumber>2</EpisodeNumber>
  <FirstAired>2011-04-03</FirstAired>
  <GuestStars></GuestStars>
  <IMDB_ID></IMDB_ID>
  <Language>en</Language>
  <Overview>When a young, interracial couple is found shot and killed inside their car in Fairmont Park, Dr. Megan Hunt promises the grieving parents that their daughter’s killer will be found. Detectives Bud Morris and Samantha Baker are ready to chalk the case up to a murder-suicide, but Megan and her team find evidence on the bodies that sends the case in an entirely different and shocking direction. Meanwhile, Peter advises Megan not to push too hard when it comes to reconnecting with her daughter, Lacey.</Overview>
  <ProductionCode></ProductionCode>
  <Rating>7.2</Rating>
  <RatingCount>44</RatingCount>
  <SeasonNumber>1</SeasonNumber>
  <Writer>Christopher Murphey, Matthew Gross</Writer>
  <absolute_number></absolute_number>
  <filename>episodes/167591/3511871.jpg</filename>
  <lastupdated>1323270072</lastupdated>
  <seasonid>311791</seasonid>
  <seriesid>167591</seriesid>
</Episode>
<Episode>
  <id>3511881</id>
  <Combined_episodenumber>3</Combined_episodenumber>
  <Combined_season>1</Combined_season>
  <DVD_chapter></DVD_chapter>
  <DVD_discid></DVD_discid>
  <DVD_episodenumber></DVD_episodenumber>
  <DVD_season></DVD_season>
  <Director>John Terlesky</Director>
  <EpImgFlag>7</EpImgFlag>
  <EpisodeName>Helping Hand</EpisodeName>
  <EpisodeNumber>3</EpisodeNumber>
  <FirstAired>2011-04-05</FirstAired>
  <GuestStars></GuestStars>
  <IMDB_ID></IMDB_ID>
  <Language>en</Language>
  <Overview>Megan is surprised to discover she has a connection to a woman found dead in a hotel room; Megan starts taking an interest in what is going on around her.</Overview>
  <ProductionCode></ProductionCode>
  <Rating>7.6</Rating>
  <RatingCount>41</RatingCount>
  <SeasonNumber>1</SeasonNumber>
  <Writer>Corey Miller</Writer>
  <absolute_number></absolute_number>
  <filename>episodes/167591/3511881.jpg</filename>
  <lastupdated>1364140229</lastupdated>
  <seasonid>311791</seasonid>
  <seriesid>167591</seriesid>
</Episode>
<Episode>
  <id>3511891</id>
  <Combined_episodenumber>4</Combined_episodenumber>
  <Combined_season>1</Combined_season>
  <DVD_chapter></DVD_chapter>
  <DVD_discid></DVD_discid>
  <DVD_episodenumber></DVD_episodenumber>
  <DVD_season></DVD_season>
  <Director>Christine Moore</Director>
  <EpImgFlag>2</EpImgFlag>
  <EpisodeName>Talking Heads</EpisodeName>
  <EpisodeNumber>4</EpisodeNumber>
  <FirstAired>2011-04-12</FirstAired>
  <GuestStars></GuestStars>
  <IMDB_ID></IMDB_ID>
  <Language>en</Language>
  <Overview>When a severed hand and foot turn up in a back alley, Megan and her team must literally piece the victim back together. Meanwhile, Megan's daughter, Lacey, gets her mother's reluctant permission to visit her at the office and film her at work as part of a video essay for Social Studies class. What Lacey learns in the process profoundly changes her view of her mother</Overview>
  <ProductionCode></ProductionCode>
  <Rating>7.4</Rating>
  <RatingCount>36</RatingCount>
  <SeasonNumber>1</SeasonNumber>
  <Writer>Diane Ademu-John</Writer>
  <absolute_number></absolute_number>
  <filename>episodes/167591/3511891.jpg</filename>
  <lastupdated>1364140240</lastupdated>
  <seasonid>311791</seasonid>
  <seriesid>167591</seriesid>
</Episode>
<Episode>
  <id>3511901</id>
  <Combined_episodenumber>5</Combined_episodenumber>
  <Combined_season>1</Combined_season>
  <DVD_chapter></DVD_chapter>
  <DVD_discid></DVD_discid>
  <DVD_episodenumber></DVD_episodenumber>
  <DVD_season></DVD_season>
  <Director>Matthew Gross</Director>
  <EpImgFlag>2</EpImgFlag>
  <EpisodeName>Dead Man Walking</EpisodeName>
  <EpisodeNumber>5</EpisodeNumber>
  <FirstAired>2011-04-19</FirstAired>
  <GuestStars>Christina Hendricks</GuestStars>
  <IMDB_ID></IMDB_ID>
  <Language>en</Language>
  <Overview>Curtis questions Ethan's interest in the investigation of the mysterious death of a beautiful twin; Megan runs into resistance while investigating the death of a patient at the hospital where she used to work.</Overview>
  <ProductionCode></ProductionCode>
  <Rating>7.5</Rating>
  <RatingCount>37</RatingCount>
  <SeasonNumber>1</SeasonNumber>
  <Writer>Christopher Murphy</Writer>
  <absolute_number></absolute_number>
  <filename>episodes/167591/3511901.jpg</filename>
  <lastupdated>1364140255</lastupdated>
  <seasonid>311791</seasonid>
  <seriesid>167591</seriesid>
</Episode>
<Episode>
  <id>3511911</id>
  <Combined_episodenumber>6</Combined_episodenumber>
  <Combined_season>1</Combined_season>
  <DVD_chapter></DVD_chapter>
  <DVD_discid></DVD_discid>
  <DVD_episodenumber></DVD_episodenumber>
  <DVD_season></DVD_season>
  <Director>Kate Woods</Director>
  <EpImgFlag>2</EpImgFlag>
  <EpisodeName>Society Hill</EpisodeName>
  <EpisodeNumber>6</EpisodeNumber>
  <FirstAired>2011-04-26</FirstAired>
  <GuestStars>Joanna Cassidy</GuestStars>
  <IMDB_ID></IMDB_ID>
  <Language>en</Language>
  <Overview>A magazine editor is found dead in her mansion; Megan confronts a suspect while at a social event with her mother; Ethan surprises Kate with his positive attitude.</Overview>
  <ProductionCode></ProductionCode>
  <Rating>7.5</Rating>
  <RatingCount>43</RatingCount>
  <SeasonNumber>1</SeasonNumber>
  <Writer>Matthew V. Lewis</Writer>
  <absolute_number></absolute_number>
  <filename>episodes/167591/3511911.jpg</filename>
  <lastupdated>1364140275</lastupdated>
  <seasonid>311791</seasonid>
  <seriesid>167591</seriesid>
</Episode>
<Episode>
  <id>3511921</id>
  <Combined_episodenumber>7</Combined_episodenumber>
  <Combined_season>1</Combined_season>
  <DVD_chapter></DVD_chapter>
  <DVD_discid></DVD_discid>
  <DVD_episodenumber></DVD_episodenumber>
  <DVD_season></DVD_season>
  <Director>John Polson</Director>
  <EpImgFlag>3</EpImgFlag>
  <EpisodeName>All in the Family</EpisodeName>
  <EpisodeNumber>7</EpisodeNumber>
  <FirstAired>2011-05-03</FirstAired>
  <GuestStars></GuestStars>
  <IMDB_ID></IMDB_ID>
  <Language>en</Language>
  <Overview>A father is found stabbed to death in his home in the Philadelphia suburbs; Kate takes a consulting role in a case with Megan's ex-husband.</Overview>
  <ProductionCode></ProductionCode>
  <Rating>7.5</Rating>
  <RatingCount>40</RatingCount>
  <SeasonNumber>1</SeasonNumber>
  <Writer>Sam Humphrey</Writer>
  <absolute_number></absolute_number>
  <filename>episodes/167591/3511921.jpg</filename>
  <lastupdated>1364140292</lastupdated>
  <seasonid>311791</seasonid>
  <seriesid>167591</seriesid>
</Episode>
<Episode>
  <id>4021121</id>
  <Combined_episodenumber>8</Combined_episodenumber>
  <Combined_season>1</Combined_season>
  <DVD_chapter></DVD_chapter>
  <DVD_discid></DVD_discid>
  <DVD_episodenumber></DVD_episodenumber>
  <DVD_season></DVD_season>
  <Director>David Platt</Director>
  <EpImgFlag>2</EpImgFlag>
  <EpisodeName>Buried Secrets</EpisodeName>
  <EpisodeNumber>8</EpisodeNumber>
  <FirstAired>2011-05-10</FirstAired>
  <GuestStars></GuestStars>
  <IMDB_ID></IMDB_ID>
  <Language>en</Language>
  <Overview>Megan and the team investigate when a Philadelphia homicide detective is killed in a hit-and-run; Megan turns to her mother (Joanna Cassidy) for help.</Overview>
  <ProductionCode></ProductionCode>
  <Rating>7.6</Rating>
  <RatingCount>40</RatingCount>
  <SeasonNumber>1</SeasonNumber>
  <Writer>Christopher Murphy, Sunil Nayar</Writer>
  <absolute_number></absolute_number>
  <filename>episodes/167591/4021121.jpg</filename>
  <lastupdated>1364156551</lastupdated>
  <seasonid>311791</seasonid>
  <seriesid>167591</seriesid>
</Episode>
<Episode>
  <id>4021131</id>
  <Combined_episodenumber>9</Combined_episodenumber>
  <Combined_season>1</Combined_season>
  <DVD_chapter></DVD_chapter>
  <DVD_discid></DVD_discid>
  <DVD_episodenumber></DVD_episodenumber>
  <DVD_season></DVD_season>
  <Director>Nelson McCormick</Director>
  <EpImgFlag>2</EpImgFlag>
  <EpisodeName>Broken Home</EpisodeName>
  <EpisodeNumber>9</EpisodeNumber>
  <FirstAired>2011-05-17</FirstAired>
  <GuestStars></GuestStars>
  <IMDB_ID></IMDB_ID>
  <Language>en</Language>
  <Overview>Megan suspects foul play when a young philanthropic socialite dies; the investigation is interrupted by Kate's personal life.</Overview>
  <ProductionCode></ProductionCode>
  <Rating>7.6</Rating>
  <RatingCount>30</RatingCount>
  <SeasonNumber>1</SeasonNumber>
  <Writer>Andrew Dettman</Writer>
  <absolute_number></absolute_number>
  <filename>episodes/167591/4021131.jpg</filename>
  <lastupdated>1364156562</lastupdated>
  <seasonid>311791</seasonid>
  <seriesid>167591</seriesid>
</Episode>
<Episode>
  <id>4121530</id>
  <Combined_episodenumber>1</Combined_episodenumber>
  <Combined_season>2</Combined_season>
  <DVD_chapter></DVD_chapter>
  <DVD_discid></DVD_discid>
  <DVD_episodenumber></DVD_episodenumber>
  <DVD_season></DVD_season>
  <Director>Christine Moore</Director>
  <EpImgFlag>2</EpImgFlag>
  <EpisodeName>Love Thy Neighbor</EpisodeName>
  <EpisodeNumber>1</EpisodeNumber>
  <FirstAired>2011-09-20</FirstAired>
  <GuestStars></GuestStars>
  <IMDB_ID></IMDB_ID>
  <Language>en</Language>
  <Overview>The investigation into a fatal car crash reveals the seedy underbelly of a perfect-looking neighborhood.</Overview>
  <ProductionCode></ProductionCode>
  <Rating>7.5</Rating>
  <RatingCount>34</RatingCount>
  <SeasonNumber>2</SeasonNumber>
  <Writer>Corey Miller</Writer>
  <absolute_number></absolute_number>
  <filename>episodes/167591/4121530.jpg</filename>
  <lastupdated>1352555150</lastupdated>
  <seasonid>467524</seasonid>
  <seriesid>167591</seriesid>
</Episode>
<Episode>
  <id>4144054</id>
  <Combined_episodenumber>2</Combined_episodenumber>
  <Combined_season>2</Combined_season>
  <DVD_chapter></DVD_chapter>
  <DVD_discid></DVD_discid>
  <DVD_episodenumber></DVD_episodenumber>
  <DVD_season></DVD_season>
  <Director>Paul Holahan</Director>
  <EpImgFlag>2</EpImgFlag>
  <EpisodeName>Hunting Party</EpisodeName>
  <EpisodeNumber>2</EpisodeNumber>
  <FirstAired>2011-09-27</FirstAired>
  <GuestStars></GuestStars>
  <IMDB_ID></IMDB_ID>
  <Language>en</Language>
  <Overview>Many suspects emerge after a rich tycoon's new, young wife is shot during a deer hunt; Kate and Megan's relationship takes a turn for the worse.</Overview>
  <ProductionCode></ProductionCode>
  <Rating>7.7</Rating>
  <RatingCount>27</RatingCount>
  <SeasonNumber>2</SeasonNumber>
  <Writer>Christopher Murphey</Writer>
  <absolute_number></absolute_number>
  <filename>episodes/167591/4144054.jpg</filename>
  <lastupdated>1352555128</lastupdated>
  <seasonid>467524</seasonid>
  <seriesid>167591</seriesid>
</Episode>
<Episode>
  <id>4144056</id>
  <Combined_episodenumber>3</Combined_episodenumber>
  <Combined_season>2</Combined_season>
  <DVD_chapter></DVD_chapter>
  <DVD_discid></DVD_discid>
  <DVD_episodenumber></DVD_episodenumber>
  <DVD_season></DVD_season>
  <Director>Eric Laneuville</Director>
  <EpImgFlag>2</EpImgFlag>
  <EpisodeName>Missing</EpisodeName>
  <EpisodeNumber>3</EpisodeNumber>
  <FirstAired>2011-10-04</FirstAired>
  <GuestStars></GuestStars>
  <IMDB_ID></IMDB_ID>
  <Language>en</Language>
  <Overview>A 5-year-old childs young nanny is run down by a car and killed while she is watching him get kidnapped; an interrogation goes awry.</Overview>
  <ProductionCode></ProductionCode>
  <Rating>7.6</Rating>
  <RatingCount>30</RatingCount>
  <SeasonNumber>2</SeasonNumber>
  <Writer>Matthew V. Lewis</Writer>
  <absolute_number></absolute_number>
  <filename>episodes/167591/4144056.jpg</filename>
  <lastupdated>1352555104</lastupdated>
  <seasonid>467524</seasonid>
  <seriesid>167591</seriesid>
</Episode>
<Episode>
  <id>4144057</id>
  <Combined_episodenumber>4</Combined_episodenumber>
  <Combined_season>2</Combined_season>
  <DVD_chapter></DVD_chapter>
  <DVD_discid></DVD_discid>
  <DVD_episodenumber></DVD_episodenumber>
  <DVD_season></DVD_season>
  <Director>Stephen Cragg</Director>
  <EpImgFlag>2</EpImgFlag>
  <EpisodeName>Lazarus Man</EpisodeName>
  <EpisodeNumber>4</EpisodeNumber>
  <FirstAired>2011-10-11</FirstAired>
  <GuestStars>Terry Serpico</GuestStars>
  <IMDB_ID></IMDB_ID>
  <Language>en</Language>
  <Overview>A new investigation is opened up after a man assumed to be dead disappears off Ethan's exam table. When another body is found, it's the DNA evidence that leads to an eye-opening discovery.</Overview>
  <ProductionCode></ProductionCode>
  <Rating>7.7</Rating>
  <RatingCount>27</RatingCount>
  <SeasonNumber>2</SeasonNumber>
  <Writer>Andrew Dettmann</Writer>
  <absolute_number></absolute_number>
  <filename>episodes/167591/4144057.jpg</filename>
  <lastupdated>1352555059</lastupdated>
  <seasonid>467524</seasonid>
  <seriesid>167591</seriesid>
</Episode>
<Episode>
  <id>4187256</id>
  <Combined_episodenumber>5</Combined_episodenumber>
  <Combined_season>2</Combined_season>
  <DVD_chapter></DVD_chapter>
  <DVD_discid></DVD_discid>
  <DVD_episodenumber></DVD_episodenumber>
  <DVD_season></DVD_season>
  <Director>Nathan Hope</Director>
  <EpImgFlag>2</EpImgFlag>
  <EpisodeName>Point of Origin</EpisodeName>
  <EpisodeNumber>5</EpisodeNumber>
  <FirstAired>2011-10-18</FirstAired>
  <GuestStars></GuestStars>
  <IMDB_ID></IMDB_ID>
  <Language>en</Language>
  <Overview>After Peter rescues a woman from a house fire, Megan discovers another person in the house who died. Peter takes the discovery personally since he had no idea anyone else was in the house. A veteran arson investigator challenges Megan at each step in her investigation. When Megan complains to Kate the response she gets only intensifies the tension between the two women. </Overview>
  <ProductionCode></ProductionCode>
  <Rating>7.7</Rating>
  <RatingCount>29</RatingCount>
  <SeasonNumber>2</SeasonNumber>
  <Writer>Bryan Oh</Writer>
  <absolute_number></absolute_number>
  <filename>episodes/167591/4187256.jpg</filename>
  <lastupdated>1352555032</lastupdated>
  <seasonid>467524</seasonid>
  <seriesid>167591</seriesid>
</Episode>
<Episode>
  <id>4187257</id>
  <Combined_episodenumber>6</Combined_episodenumber>
  <Combined_season>2</Combined_season>
  <DVD_chapter></DVD_chapter>
  <DVD_discid></DVD_discid>
  <DVD_episodenumber></DVD_episodenumber>
  <DVD_season></DVD_season>
  <Director>Paul Holahan</Director>
  <EpImgFlag>2</EpImgFlag>
  <EpisodeName>Second Chances</EpisodeName>
  <EpisodeNumber>6</EpisodeNumber>
  <FirstAired>2011-10-25</FirstAired>
  <GuestStars></GuestStars>
  <IMDB_ID></IMDB_ID>
  <Language>en</Language>
  <Overview>A champion equestrian is killed and potential drug use is suspected, but when Megan's daughter, who also rides, overhears details of the case, she leads the team to a clue and possibly the murderer.</Overview>
  <ProductionCode></ProductionCode>
  <Rating>7.4</Rating>
  <RatingCount>25</RatingCount>
  <SeasonNumber>2</SeasonNumber>
  <Writer>Christopher Murphey</Writer>
  <absolute_number></absolute_number>
  <filename>episodes/167591/4187257.jpg</filename>
  <lastupdated>1352555013</lastupdated>
  <seasonid>467524</seasonid>
  <seriesid>167591</seriesid>
</Episode>
<Episode>
  <id>4189713</id>
  <Combined_episodenumber>7</Combined_episodenumber>
  <Combined_season>2</Combined_season>
  <DVD_chapter></DVD_chapter>
  <DVD_discid></DVD_discid>
  <DVD_episodenumber></DVD_episodenumber>
  <DVD_season></DVD_season>
  <Director>Christine Moore</Director>
  <EpImgFlag>2</EpImgFlag>
  <EpisodeName>Hard Knocks</EpisodeName>
  <EpisodeNumber>7</EpisodeNumber>
  <FirstAired>2011-11-01</FirstAired>
  <GuestStars></GuestStars>
  <IMDB_ID></IMDB_ID>
  <Language>en</Language>
  <Overview>When a popular 17-year-old high school student is found dead after a rave, the team must decipher various unknown drugs in his system and multiple bruises to figure out the cause of death. Meanwhile, Meghan is finally starting to date again after the divorce, but her ex-husband springs some shocking news on her and her daughter, causing tension at home.</Overview>
  <ProductionCode></ProductionCode>
  <Rating>7.6</Rating>
  <RatingCount>25</RatingCount>
  <SeasonNumber>2</SeasonNumber>
  <Writer>Sunil Nayar</Writer>
  <absolute_number></absolute_number>
  <filename>episodes/167591/4189713.jpg</filename>
  <lastupdated>1346822244</lastupdated>
  <seasonid>467524</seasonid>
  <seriesid>167591</seriesid>
</Episode>
<Episode>
  <id>4189714</id>
  <Combined_episodenumber>8</Combined_episodenumber>
  <Combined_season>2</Combined_season>
  <DVD_chapter></DVD_chapter>
  <DVD_discid></DVD_discid>
  <DVD_episodenumber></DVD_episodenumber>
  <DVD_season></DVD_season>
  <Director>Christine Moore</Director>
  <EpImgFlag>2</EpImgFlag>
  <EpisodeName>Love Bites</EpisodeName>
  <EpisodeNumber>8</EpisodeNumber>
  <FirstAired>2011-11-15</FirstAired>
  <GuestStars></GuestStars>
  <IMDB_ID></IMDB_ID>
  <Language>en</Language>
  <Overview>A pharmaceutical rep is found dead in the Schuykill River, but when Megan Hunt and the team investigate, there's no blood found in her body. The team must locate the original crime scene to see if they can find the cause of death, but with suspects who have access to hundreds of unknown drugs, they may never know who or what killed her.</Overview>
  <ProductionCode></ProductionCode>
  <Rating>7.6</Rating>
  <RatingCount>22</RatingCount>
  <SeasonNumber>2</SeasonNumber>
  <Writer>Sam Humphery</Writer>
  <absolute_number></absolute_number>
  <filename>episodes/167591/4189714.jpg</filename>
  <lastupdated>1352554986</lastupdated>
  <seasonid>467524</seasonid>
  <seriesid>167591</seriesid>
</Episode>
<Episode>
  <id>4198323</id>
  <Combined_episodenumber>9</Combined_episodenumber>
  <Combined_season>2</Combined_season>
  <DVD_chapter></DVD_chapter>
  <DVD_discid></DVD_discid>
  <DVD_episodenumber></DVD_episodenumber>
  <DVD_season></DVD_season>
  <Director>Eric Laneuville</Director>
  <EpImgFlag>2</EpImgFlag>
  <EpisodeName>Gross Anatomy</EpisodeName>
  <EpisodeNumber>9</EpisodeNumber>
  <FirstAired>2011-11-29</FirstAired>
  <GuestStars></GuestStars>
  <IMDB_ID></IMDB_ID>
  <Language>en</Language>
  <Overview>A murdered young woman's body turns up in place of a medical school cadaver during class, leaving Megan to rely on the aid of the star student to help solve the case.</Overview>
  <ProductionCode></ProductionCode>
  <Rating>7.6</Rating>
  <RatingCount>26</RatingCount>
  <SeasonNumber>2</SeasonNumber>
  <Writer>Diane Ademu-John</Writer>
  <absolute_number></absolute_number>
  <filename>episodes/167591/4198323.jpg</filename>
  <lastupdated>1352554966</lastupdated>
  <seasonid>467524</seasonid>
  <seriesid>167591</seriesid>
</Episode>
<Episode>
  <id>4199195</id>
  <Combined_episodenumber>10</Combined_episodenumber>
  <Combined_season>2</Combined_season>
  <DVD_chapter></DVD_chapter>
  <DVD_discid></DVD_discid>
  <DVD_episodenumber></DVD_episodenumber>
  <DVD_season></DVD_season>
  <Director>John Putch</Director>
  <EpImgFlag>2</EpImgFlag>
  <EpisodeName>Your Number's Up</EpisodeName>
  <EpisodeNumber>10</EpisodeNumber>
  <FirstAired>2011-12-06</FirstAired>
  <GuestStars></GuestStars>
  <IMDB_ID></IMDB_ID>
  <Language>en</Language>
  <Overview>When a recent lottery winner is found brutally murdered, everyone becomes a suspect.</Overview>
  <ProductionCode></ProductionCode>
  <Rating>7.6</Rating>
  <RatingCount>26</RatingCount>
  <SeasonNumber>2</SeasonNumber>
  <Writer>Matthew V. Lewis &amp; Lawrence Kaplow</Writer>
  <absolute_number></absolute_number>
  <filename>episodes/167591/4199195.jpg</filename>
  <lastupdated>1352554945</lastupdated>
  <seasonid>467524</seasonid>
  <seriesid>167591</seriesid>
</Episode>
<Episode>
  <id>4199196</id>
  <Combined_episodenumber>11</Combined_episodenumber>
  <Combined_season>2</Combined_season>
  <DVD_chapter></DVD_chapter>
  <DVD_discid></DVD_discid>
  <DVD_episodenumber></DVD_episodenumber>
  <DVD_season></DVD_season>
  <Director>Christine Moore</Director>
  <EpImgFlag>2</EpImgFlag>
  <EpisodeName>Falling for You</EpisodeName>
  <EpisodeNumber>11</EpisodeNumber>
  <FirstAired>2012-01-03</FirstAired>
  <GuestStars></GuestStars>
  <IMDB_ID></IMDB_ID>
  <Language>en</Language>
  <Overview>Megan investigates the death of a bride on her wedding day; Ethan has a crush on the new girl, but she is interested in someone else.</Overview>
  <ProductionCode></ProductionCode>
  <Rating>7.5</Rating>
  <RatingCount>27</RatingCount>
  <SeasonNumber>2</SeasonNumber>
  <Writer>Matthew Gross</Writer>
  <absolute_number></absolute_number>
  <filename>episodes/167591/4199196.jpg</filename>
  <lastupdated>1352554926</lastupdated>
  <seasonid>467524</seasonid>
  <seriesid>167591</seriesid>
</Episode>
<Episode>
  <id>4231532</id>
  <Combined_episodenumber>12</Combined_episodenumber>
  <Combined_season>2</Combined_season>
  <DVD_chapter></DVD_chapter>
  <DVD_discid></DVD_discid>
  <DVD_episodenumber></DVD_episodenumber>
  <DVD_season></DVD_season>
  <Director>Kenneth Fink</Director>
  <EpImgFlag>2</EpImgFlag>
  <EpisodeName>Shades of Blue</EpisodeName>
  <EpisodeNumber>12</EpisodeNumber>
  <FirstAired>2012-01-10</FirstAired>
  <GuestStars></GuestStars>
  <IMDB_ID></IMDB_ID>
  <Language>en</Language>
  <Overview>An undercover cop is discovered murdered at a truck stop.</Overview>
  <ProductionCode></ProductionCode>
  <Rating>7.8</Rating>
  <RatingCount>29</RatingCount>
  <SeasonNumber>2</SeasonNumber>
  <Writer>Lawrence Kaplow</Writer>
  <absolute_number></absolute_number>
  <filename>episodes/167591/4231532.jpg</filename>
  <lastupdated>1352554906</lastupdated>
  <seasonid>467524</seasonid>
  <seriesid>167591</seriesid>
</Episode>
<Episode>
  <id>4231533</id>
  <Combined_episodenumber>13</Combined_episodenumber>
  <Combined_season>2</Combined_season>
  <DVD_chapter></DVD_chapter>
  <DVD_discid></DVD_discid>
  <DVD_episodenumber></DVD_episodenumber>
  <DVD_season></DVD_season>
  <Director>Christine Moore</Director>
  <EpImgFlag>2</EpImgFlag>
  <EpisodeName>Sympathy for the Devil</EpisodeName>
  <EpisodeNumber>13</EpisodeNumber>
  <FirstAired>2012-01-17</FirstAired>
  <GuestStars></GuestStars>
  <IMDB_ID></IMDB_ID>
  <Language>en</Language>
  <Overview>When a woman suspected of murdering her son is found innocent, Megan and the team try to identify the real killer; an overzealous reporter makes the investigation difficult by sensationalizing the case.</Overview>
  <ProductionCode></ProductionCode>
  <Rating>7.8</Rating>
  <RatingCount>29</RatingCount>
  <SeasonNumber>2</SeasonNumber>
  <Writer>Sunil Nayar</Writer>
  <absolute_number></absolute_number>
  <filename>episodes/167591/4231533.jpg</filename>
  <lastupdated>1352554886</lastupdated>
  <seasonid>467524</seasonid>
  <seriesid>167591</seriesid>
</Episode>
<Episode>
  <id>4244184</id>
  <Combined_episodenumber>14</Combined_episodenumber>
  <Combined_season>2</Combined_season>
  <DVD_chapter></DVD_chapter>
  <DVD_discid></DVD_discid>
  <DVD_episodenumber></DVD_episodenumber>
  <DVD_season></DVD_season>
  <Director>Nelson McCormick</Director>
  <EpImgFlag>2</EpImgFlag>
  <EpisodeName>Cold Blooded</EpisodeName>
  <EpisodeNumber>14</EpisodeNumber>
  <FirstAired>2012-02-14</FirstAired>
  <GuestStars></GuestStars>
  <IMDB_ID></IMDB_ID>
  <Language>en</Language>
  <Overview>When the owner of a family owned and operated Italian restaurant turns up dead in the freezer, Dr. Hunt and the team take a closer look into family matters. Meanwhile, Detective Baker must face her own haunted past</Overview>
  <ProductionCode></ProductionCode>
  <Rating>7.6</Rating>
  <RatingCount>27</RatingCount>
  <SeasonNumber>2</SeasonNumber>
  <Writer>Allen MacDonald</Writer>
  <absolute_number></absolute_number>
  <filename>episodes/167591/4244184.jpg</filename>
  <lastupdated>1352554868</lastupdated>
  <seasonid>467524</seasonid>
  <seriesid>167591</seriesid>
</Episode>
<Episode>
  <id>4244186</id>
  <Combined_episodenumber>15</Combined_episodenumber>
  <Combined_season>2</Combined_season>
  <DVD_chapter></DVD_chapter>
  <DVD_discid></DVD_discid>
  <DVD_episodenumber></DVD_episodenumber>
  <DVD_season></DVD_season>
  <Director>Matthew Gross</Director>
  <EpImgFlag>2</EpImgFlag>
  <EpisodeName>Occupational Hazards</EpisodeName>
  <EpisodeNumber>15</EpisodeNumber>
  <FirstAired>2012-02-21</FirstAired>
  <GuestStars></GuestStars>
  <IMDB_ID></IMDB_ID>
  <Language>en</Language>
  <Overview>After a car accident reveals a dead body in the trunk, the team is led to another body, giving the team two cases to solve; Megan is reconnected with an old acquaintance; Kate's job is threatened.</Overview>
  <ProductionCode></ProductionCode>
  <Rating>7.6</Rating>
  <RatingCount>27</RatingCount>
  <SeasonNumber>2</SeasonNumber>
  <Writer>Corey Miller</Writer>
  <absolute_number></absolute_number>
  <filename>episodes/167591/4244186.jpg</filename>
  <lastupdated>1352554827</lastupdated>
  <seasonid>467524</seasonid>
  <seriesid>167591</seriesid>
</Episode>
<Episode>
  <id>4244187</id>
  <Combined_episodenumber>16</Combined_episodenumber>
  <Combined_season>2</Combined_season>
  <DVD_chapter></DVD_chapter>
  <DVD_discid></DVD_discid>
  <DVD_episodenumber></DVD_episodenumber>
  <DVD_season></DVD_season>
  <Director>John Terlesky</Director>
  <EpImgFlag>2</EpImgFlag>
  <EpisodeName>Home Invasion</EpisodeName>
  <EpisodeNumber>16</EpisodeNumber>
  <FirstAired>2012-02-28</FirstAired>
  <GuestStars></GuestStars>
  <IMDB_ID></IMDB_ID>
  <Language>en</Language>
  <Overview>The parents of a seemingly perfect family are murdered; Curtis grapples with his new position; Megan's romantic life heats up.</Overview>
  <ProductionCode></ProductionCode>
  <Rating>7.7</Rating>
  <RatingCount>26</RatingCount>
  <SeasonNumber>2</SeasonNumber>
  <Writer>Andrew Dettman</Writer>
  <absolute_number></absolute_number>
  <filename>episodes/167591/4244187.jpg</filename>
  <lastupdated>1352554806</lastupdated>
  <seasonid>467524</seasonid>
  <seriesid>167591</seriesid>
</Episode>
<Episode>
  <id>4273563</id>
  <Combined_episodenumber>17</Combined_episodenumber>
  <Combined_season>2</Combined_season>
  <DVD_chapter></DVD_chapter>
  <DVD_discid></DVD_discid>
  <DVD_episodenumber></DVD_episodenumber>
  <DVD_season></DVD_season>
  <Director>Michael Grossman</Director>
  <EpImgFlag>3</EpImgFlag>
  <EpisodeName>Identity</EpisodeName>
  <EpisodeNumber>17</EpisodeNumber>
  <FirstAired>2012-03-13</FirstAired>
  <GuestStars></GuestStars>
  <IMDB_ID></IMDB_ID>
  <Language>en</Language>
  <Overview>When two young girls are in a tragic car accident, one is left in critical condition and the other is found dead at the scene. As Megan and her team investigate the case, however, they realize there has been an awful mistake. Not only was the wrong girl pronounced dead, but the car accident may not have been the actual cause of death.</Overview>
  <ProductionCode></ProductionCode>
  <Rating>7.7</Rating>
  <RatingCount>28</RatingCount>
  <SeasonNumber>2</SeasonNumber>
  <Writer>Christopher Murphey</Writer>
  <absolute_number></absolute_number>
  <filename>episodes/167591/4273563.jpg</filename>
  <lastupdated>1352554783</lastupdated>
  <seasonid>467524</seasonid>
  <seriesid>167591</seriesid>
</Episode>
<Episode>
  <id>4286979</id>
  <Combined_episodenumber>18</Combined_episodenumber>
  <Combined_season>2</Combined_season>
  <DVD_chapter></DVD_chapter>
  <DVD_discid></DVD_discid>
  <DVD_episodenumber></DVD_episodenumber>
  <DVD_season></DVD_season>
  <Director>Alex Zakrzewski</Director>
  <EpImgFlag>2</EpImgFlag>
  <EpisodeName>Going Viral (1)</EpisodeName>
  <EpisodeNumber>18</EpisodeNumber>
  <FirstAired>2012-03-27</FirstAired>
  <GuestStars></GuestStars>
  <IMDB_ID></IMDB_ID>
  <Language>en</Language>
  <Overview>When a city-wide outbreak of a mysterious and lethal virus occurs, even Megan and her team are at risk. In order to determine who and what caused this outbreak, CDC Officer Charlie Stafford takes over the investigation.</Overview>
  <ProductionCode></ProductionCode>
  <Rating>7.9</Rating>
  <RatingCount>25</RatingCount>
  <SeasonNumber>2</SeasonNumber>
  <Writer>Matthew V. Lewis &amp; Lawrence Kaplow</Writer>
  <absolute_number></absolute_number>
  <filename>episodes/167591/4286979.jpg</filename>
  <lastupdated>1352554762</lastupdated>
  <seasonid>467524</seasonid>
  <seriesid>167591</seriesid>
</Episode>
<Episode>
  <id>4286980</id>
  <Combined_episodenumber>19</Combined_episodenumber>
  <Combined_season>2</Combined_season>
  <DVD_chapter></DVD_chapter>
  <DVD_discid></DVD_discid>
  <DVD_episodenumber></DVD_episodenumber>
  <DVD_season></DVD_season>
  <Director>Tom Verica</Director>
  <EpImgFlag>2</EpImgFlag>
  <EpisodeName>Going Viral (2)</EpisodeName>
  <EpisodeNumber>19</EpisodeNumber>
  <FirstAired>2012-04-03</FirstAired>
  <GuestStars></GuestStars>
  <IMDB_ID></IMDB_ID>
  <Language>en</Language>
  <Overview>The team needs to quickly figure out how to treat the virus when more and more people are becoming ill and dying.</Overview>
  <ProductionCode></ProductionCode>
  <Rating>7.7</Rating>
  <RatingCount>24</RatingCount>
  <SeasonNumber>2</SeasonNumber>
  <Writer>Diane Ademu-John</Writer>
  <absolute_number></absolute_number>
  <filename>episodes/167591/4286980.jpg</filename>
  <lastupdated>1352554734</lastupdated>
  <seasonid>467524</seasonid>
  <seriesid>167591</seriesid>
</Episode>
<Episode>
  <id>4299640</id>
  <Combined_episodenumber>20</Combined_episodenumber>
  <Combined_season>2</Combined_season>
  <DVD_chapter></DVD_chapter>
  <DVD_discid></DVD_discid>
  <DVD_episodenumber></DVD_episodenumber>
  <DVD_season></DVD_season>
  <Director>David Solomon</Director>
  <EpImgFlag>2</EpImgFlag>
  <EpisodeName>Mind Games</EpisodeName>
  <EpisodeNumber>20</EpisodeNumber>
  <FirstAired>2012-04-10</FirstAired>
  <GuestStars></GuestStars>
  <IMDB_ID></IMDB_ID>
  <Language>en</Language>
  <Overview>Megan comes face-to-face with a convicted serial killer she helped put away.</Overview>
  <ProductionCode></ProductionCode>
  <Rating>7.7</Rating>
  <RatingCount>26</RatingCount>
  <SeasonNumber>2</SeasonNumber>
  <Writer>Caren Rubenstone</Writer>
  <absolute_number></absolute_number>
  <filename>episodes/167591/4299640.jpg</filename>
  <lastupdated>1352554709</lastupdated>
  <seasonid>467524</seasonid>
  <seriesid>167591</seriesid>
</Episode>
<Episode>
  <id>4409902</id>
  <Combined_episodenumber>1</Combined_episodenumber>
  <Combined_season>3</Combined_season>
  <DVD_chapter></DVD_chapter>
  <DVD_discid></DVD_discid>
  <DVD_episodenumber></DVD_episodenumber>
  <DVD_season></DVD_season>
  <Director>Michael Watkins</Director>
  <EpImgFlag>2</EpImgFlag>
  <EpisodeName>Abducted (1)</EpisodeName>
  <EpisodeNumber>1</EpisodeNumber>
  <FirstAired>2013-02-19</FirstAired>
  <GuestStars>Shawn Hatosy, Annie Wersching, Michael B. Silver, Erin Cahil, Richard Burgie</GuestStars>
  <IMDB_ID>tt2454240</IMDB_ID>
  <Language>en</Language>
  <Overview>In the Season 3 premiere, it's months after Peter's death and Megan returns to work, only to learn she's been teamed with a detective with whom she has a past history. She, Det. Sullivan and his rookie partner are up against a serial killer who targets young war veterans. The stakes become higher after she gets a call from the killer and is told he's holding her teenage daughter, Lacey, hostage.</Overview>
  <ProductionCode></ProductionCode>
  <Rating>8.0</Rating>
  <RatingCount>16</RatingCount>
  <SeasonNumber>3</SeasonNumber>
  <Writer>Christopher Murphey</Writer>
  <absolute_number>30</absolute_number>
  <filename>episodes/167591/4409902.jpg</filename>
  <lastupdated>1362229930</lastupdated>
  <seasonid>502257</seasonid>
  <seriesid>167591</seriesid>
</Episode>
<Episode>
  <id>4462841</id>
  <Combined_episodenumber>2</Combined_episodenumber>
  <Combined_season>3</Combined_season>
  <DVD_chapter></DVD_chapter>
  <DVD_discid></DVD_discid>
  <DVD_episodenumber></DVD_episodenumber>
  <DVD_season></DVD_season>
  <Director></Director>
  <EpImgFlag>2</EpImgFlag>
  <EpisodeName>Abducted (2)</EpisodeName>
  <EpisodeNumber>2</EpisodeNumber>
  <FirstAired>2013-02-26</FirstAired>
  <GuestStars></GuestStars>
  <IMDB_ID>tt2362962</IMDB_ID>
  <Language>en</Language>
  <Overview>In conclusion of the two-part Season 3 premiere, Megan discovers why the serial killer targeted war veterans, but must keep the information to herself or risk the life of her daughter, who is being held hostage by the assassin. Meanwhile, District Attorney Dan Russell  has a run-in with Kate. </Overview>
  <ProductionCode></ProductionCode>
  <Rating>7.9</Rating>
  <RatingCount>16</RatingCount>
  <SeasonNumber>3</SeasonNumber>
  <Writer></Writer>
  <absolute_number>31</absolute_number>
  <filename>episodes/167591/4462841.jpg</filename>
  <lastupdated>1361492246</lastupdated>
  <seasonid>502257</seasonid>
  <seriesid>167591</seriesid>
</Episode>
<Episode>
  <id>4504427</id>
  <Combined_episodenumber>3</Combined_episodenumber>
  <Combined_season>3</Combined_season>
  <DVD_chapter></DVD_chapter>
  <DVD_discid></DVD_discid>
  <DVD_episodenumber></DVD_episodenumber>
  <DVD_season></DVD_season>
  <Director>David Von Ancken</Director>
  <EpImgFlag>2</EpImgFlag>
  <EpisodeName>Lost Souls</EpisodeName>
  <EpisodeNumber>3</EpisodeNumber>
  <FirstAired>2013-03-05</FirstAired>
  <GuestStars>Tim DeKay, Margaret Easley, Jennifer Stone, Jayme Lynn Evans, Brian Hallisay, Joshua Winot</GuestStars>
  <IMDB_ID>tt2433062</IMDB_ID>
  <Language>en</Language>
  <Overview>Megan and Tommy investigate a murder that appears on the surface to be a case of severe child abuse. But the girl's parents claim that their daughter was killed by the Devil after being possessed. The team must try to separate fact from fiction when the victim's mother begs Megan to help her stop the same thing from happening to their surviving daughter.</Overview>
  <ProductionCode></ProductionCode>
  <Rating>7.4</Rating>
  <RatingCount>16</RatingCount>
  <SeasonNumber>3</SeasonNumber>
  <Writer>Allen MacDonald</Writer>
  <absolute_number>32</absolute_number>
  <filename>episodes/167591/4504427.jpg</filename>
  <lastupdated>1362373968</lastupdated>
  <seasonid>502257</seasonid>
  <seriesid>167591</seriesid>
</Episode>
<Episode>
  <id>4505553</id>
  <Combined_episodenumber>4</Combined_episodenumber>
  <Combined_season>3</Combined_season>
  <DVD_chapter></DVD_chapter>
  <DVD_discid></DVD_discid>
  <DVD_episodenumber></DVD_episodenumber>
  <DVD_season></DVD_season>
  <Director></Director>
  <EpImgFlag>2</EpImgFlag>
  <EpisodeName>Mob Mentality</EpisodeName>
  <EpisodeNumber>4</EpisodeNumber>
  <FirstAired>2013-03-12</FirstAired>
  <GuestStars></GuestStars>
  <IMDB_ID></IMDB_ID>
  <Language>en</Language>
  <Overview>After his son is gunned down, a New York City mob boss threatens revenge, and when an early suspect is found dead, Megan and her team begin to believe the carnage has just begun.</Overview>
  <ProductionCode></ProductionCode>
  <Rating>7.4</Rating>
  <RatingCount>15</RatingCount>
  <SeasonNumber>3</SeasonNumber>
  <Writer></Writer>
  <absolute_number></absolute_number>
  <filename>episodes/167591/4505553.jpg</filename>
  <lastupdated>1362978832</lastupdated>
  <seasonid>502257</seasonid>
  <seriesid>167591</seriesid>
</Episode>
<Episode>
  <id>4518090</id>
  <Combined_episodenumber>5</Combined_episodenumber>
  <Combined_season>3</Combined_season>
  <DVD_chapter></DVD_chapter>
  <DVD_discid></DVD_discid>
  <DVD_episodenumber></DVD_episodenumber>
  <DVD_season></DVD_season>
  <Director></Director>
  <EpImgFlag>2</EpImgFlag>
  <EpisodeName>Eye for an Eye</EpisodeName>
  <EpisodeNumber>5</EpisodeNumber>
  <FirstAired>2013-03-19</FirstAired>
  <GuestStars></GuestStars>
  <IMDB_ID></IMDB_ID>
  <Language>en</Language>
  <Overview>After a murder suspect escapes from a prison-transport van, a witness in his trial turns up dead, and while Megan is investigating, the fugitive makes contact and tries to convince her that he's innocent and being framed. </Overview>
  <ProductionCode></ProductionCode>
  <Rating>7.8</Rating>
  <RatingCount>12</RatingCount>
  <SeasonNumber>3</SeasonNumber>
  <Writer></Writer>
  <absolute_number></absolute_number>
  <filename>episodes/167591/4518090.jpg</filename>
  <lastupdated>1363570714</lastupdated>
  <seasonid>502257</seasonid>
  <seriesid>167591</seriesid>
</Episode>
<Episode>
  <id>4524040</id>
  <Combined_episodenumber>6</Combined_episodenumber>
  <Combined_season>3</Combined_season>
  <DVD_chapter></DVD_chapter>
  <DVD_discid></DVD_discid>
  <DVD_episodenumber></DVD_episodenumber>
  <DVD_season></DVD_season>
  <Director></Director>
  <EpImgFlag>2</EpImgFlag>
  <EpisodeName>Fallen Angel</EpisodeName>
  <EpisodeNumber>6</EpisodeNumber>
  <FirstAired>2013-03-26</FirstAired>
  <GuestStars></GuestStars>
  <IMDB_ID></IMDB_ID>
  <Language>en</Language>
  <Overview>Kate becomes involved with a man she met at a political event, but when a young Russian girl is found dead, she suspects that he may have something to do with the murder, and looks to Megan for help.</Overview>
  <ProductionCode></ProductionCode>
  <Rating>7.9</Rating>
  <RatingCount>11</RatingCount>
  <SeasonNumber>3</SeasonNumber>
  <Writer></Writer>
  <absolute_number></absolute_number>
  <filename>episodes/167591/4524040.jpg</filename>
  <lastupdated>1364150331</lastupdated>
  <seasonid>502257</seasonid>
  <seriesid>167591</seriesid>
</Episode>
<Episode>
  <id>4524041</id>
  <Combined_episodenumber>7</Combined_episodenumber>
  <Combined_season>3</Combined_season>
  <DVD_chapter></DVD_chapter>
  <DVD_discid></DVD_discid>
  <DVD_episodenumber></DVD_episodenumber>
  <DVD_season></DVD_season>
  <Director>Michael Grossman</Director>
  <EpImgFlag>2</EpImgFlag>
  <EpisodeName>Skin and Bones</EpisodeName>
  <EpisodeNumber>7</EpisodeNumber>
  <FirstAired>2013-04-02</FirstAired>
  <GuestStars>Luke Perry, Marisa Ramirex, Matthew Fahey, John Prosky</GuestStars>
  <IMDB_ID>tt2479148</IMDB_ID>
  <Language>en</Language>
  <Overview>A murder victim's rabid neighbor bites Tommy, and after another rabies fatality, Megan calls on the new health commissioner to aid in their investigation. </Overview>
  <ProductionCode></ProductionCode>
  <Rating>7.6</Rating>
  <RatingCount>11</RatingCount>
  <SeasonNumber>3</SeasonNumber>
  <Writer>Alexi Hawley</Writer>
  <absolute_number></absolute_number>
  <filename>episodes/167591/4524041.jpg</filename>
  <lastupdated>1364860628</lastupdated>
  <seasonid>502257</seasonid>
  <seriesid>167591</seriesid>
</Episode>
<Episode>
  <id>4537606</id>
  <Combined_episodenumber>8</Combined_episodenumber>
  <Combined_season>3</Combined_season>
  <DVD_chapter></DVD_chapter>
  <DVD_discid></DVD_discid>
  <DVD_episodenumber></DVD_episodenumber>
  <DVD_season></DVD_season>
  <Director>Alex Zakrzewski</Director>
  <EpImgFlag>2</EpImgFlag>
  <EpisodeName>Doubting Tommy</EpisodeName>
  <EpisodeNumber>8</EpisodeNumber>
  <FirstAired>2013-04-09</FirstAired>
  <GuestStars>Edward Kerr, Lorraine Toussaint, Kiko Ellsworth, Lily Knight, Adilah Barnes, Kofi Natei</GuestStars>
  <IMDB_ID>tt2516296</IMDB_ID>
  <Language>en</Language>
  <Overview>When a young girl is found murdered, Megan has to put her personal doubt aside and help a blacked out Tommy, covered in blood, prove his innocence.</Overview>
  <ProductionCode></ProductionCode>
  <Rating>7.0</Rating>
  <RatingCount>1</RatingCount>
  <SeasonNumber>3</SeasonNumber>
  <Writer>Matthew L. Lewis</Writer>
  <absolute_number></absolute_number>
  <filename>episodes/167591/4537606.jpg</filename>
  <lastupdated>1365353775</lastupdated>
  <seasonid>502257</seasonid>
  <seriesid>167591</seriesid>
</Episode>
<Episode>
  <id>4537607</id>
  <Combined_episodenumber>9</Combined_episodenumber>
  <Combined_season>3</Combined_season>
  <DVD_chapter></DVD_chapter>
  <DVD_discid></DVD_discid>
  <DVD_episodenumber></DVD_episodenumber>
  <DVD_season></DVD_season>
  <Director>Sam Hill</Director>
  <EpImgFlag></EpImgFlag>
  <EpisodeName>Disappearing Act</EpisodeName>
  <EpisodeNumber>9</EpisodeNumber>
  <FirstAired>2013-04-16</FirstAired>
  <GuestStars>Christopher McDonald, Dennis Boutsikaris, Lorraine Toussaint, Marisa Ramirez, Robyn Lively, Francois Chau, Kelly Frye, Brooklyn Sudano, Dahlia Salem</GuestStars>
  <IMDB_ID>tt2543204</IMDB_ID>
  <Language>en</Language>
  <Overview>Gerry Roberts, in trial for defrauding his investors of a billion dollars, is kidnapped in front of the court house. The getaway car runs over a protestor and later, the team has to decide whether a video of Roberts being killed could have been faked by himself. Meanwhile, Megan gets closer to the truth about her father's death.</Overview>
  <ProductionCode></ProductionCode>
  <Rating></Rating>
  <RatingCount>0</RatingCount>
  <SeasonNumber>3</SeasonNumber>
  <Writer>Christopher Murphey</Writer>
  <absolute_number></absolute_number>
  <filename></filename>
  <lastupdated>1364861609</lastupdated>
  <seasonid>502257</seasonid>
  <seriesid>167591</seriesid>
</Episode>
</Data>