<?xml version="1.0" encoding="UTF-8" ?>
<Banners>
<Banner>
  <id>37420</id>
  <BannerPath>fanart/original/77526-7.jpg</BannerPath>
  <BannerType>fanart</BannerType>
  <BannerType2>1920x1080</BannerType2>
  <Colors>|62,113,168|0,6,6|42,65,79|</Colors>
  <Language>en</Language>
  <Rating>8.7857</Rating>
  <RatingCount>14</RatingCount>
  <SeriesName>false</SeriesName>
  <ThumbnailPath>_cache/fanart/original/77526-7.jpg</ThumbnailPath>
  <VignettePath>fanart/vignette/77526-7.jpg</VignettePath>
</Banner>
<Banner>
  <id>42776</id>
  <BannerPath>fanart/original/77526-9.jpg</BannerPath>
  <BannerType>fanart</BannerType>
  <BannerType2>1920x1080</BannerType2>
  <Colors>|1,1,1|47,47,55|89,119,157|</Colors>
  <Language>en</Language>
  <Rating>7.6667</Rating>
  <RatingCount>3</RatingCount>
  <SeriesName>false</SeriesName>
  <ThumbnailPath>_cache/fanart/original/77526-9.jpg</ThumbnailPath>
  <VignettePath>fanart/vignette/77526-9.jpg</VignettePath>
</Banner>
<Banner>
  <id>30317</id>
  <BannerPath>fanart/original/77526-5.jpg</BannerPath>
  <BannerType>fanart</BannerType>
  <BannerType2>1920x1080</BannerType2>
  <Colors>|197,186,168|0,0,0|154,88,66|</Colors>
  <Language>en</Language>
  <Rating>7.3750</Rating>
  <RatingCount>8</RatingCount>
  <SeriesName>false</SeriesName>
  <ThumbnailPath>_cache/fanart/original/77526-5.jpg</ThumbnailPath>
  <VignettePath>fanart/vignette/77526-5.jpg</VignettePath>
</Banner>
<Banner>
  <id>20741</id>
  <BannerPath>fanart/original/77526-2.jpg</BannerPath>
  <BannerType>fanart</BannerType>
  <BannerType2>1280x720</BannerType2>
  <Colors>|170,217,255|4,4,4|170,145,138|</Colors>
  <Language>en</Language>
  <Rating>7.0000</Rating>
  <RatingCount>5</RatingCount>
  <SeriesName>false</SeriesName>
  <ThumbnailPath>_cache/fanart/original/77526-2.jpg</ThumbnailPath>
  <VignettePath>fanart/vignette/77526-2.jpg</VignettePath>
</Banner>
<Banner>
  <id>128301</id>
  <BannerPath>fanart/original/77526-11.jpg</BannerPath>
  <BannerType>fanart</BannerType>
  <BannerType2>1280x720</BannerType2>
  <Colors></Colors>
  <Language>en</Language>
  <Rating>6.2857</Rating>
  <RatingCount>7</RatingCount>
  <SeriesName>true</SeriesName>
  <ThumbnailPath>_cache/fanart/original/77526-11.jpg</ThumbnailPath>
  <VignettePath>fanart/vignette/77526-11.jpg</VignettePath>
</Banner>
<Banner>
  <id>25067</id>
  <BannerPath>fanart/original/77526-4.jpg</BannerPath>
  <BannerType>fanart</BannerType>
  <BannerType2>1920x1080</BannerType2>
  <Colors></Colors>
  <Language>en</Language>
  <Rating>6.2500</Rating>
  <RatingCount>4</RatingCount>
  <SeriesName>false</SeriesName>
  <ThumbnailPath>_cache/fanart/original/77526-4.jpg</ThumbnailPath>
  <VignettePath>fanart/vignette/77526-4.jpg</VignettePath>
</Banner>
<Banner>
  <id>37419</id>
  <BannerPath>fanart/original/77526-6.jpg</BannerPath>
  <BannerType>fanart</BannerType>
  <BannerType2>1920x1080</BannerType2>
  <Colors>|162,164,161|0,0,0|35,78,51|</Colors>
  <Language>en</Language>
  <Rating>6.0000</Rating>
  <RatingCount>4</RatingCount>
  <SeriesName>false</SeriesName>
  <ThumbnailPath>_cache/fanart/original/77526-6.jpg</ThumbnailPath>
  <VignettePath>fanart/vignette/77526-6.jpg</VignettePath>
</Banner>
<Banner>
  <id>20742</id>
  <BannerPath>fanart/original/77526-3.jpg</BannerPath>
  <BannerType>fanart</BannerType>
  <BannerType2>1280x720</BannerType2>
  <Colors>|228,229,159|123,128,160|179,158,139|</Colors>
  <Language>en</Language>
  <Rating>6.0000</Rating>
  <RatingCount>3</RatingCount>
  <SeriesName>false</SeriesName>
  <ThumbnailPath>_cache/fanart/original/77526-3.jpg</ThumbnailPath>
  <VignettePath>fanart/vignette/77526-3.jpg</VignettePath>
</Banner>
<Banner>
  <id>424461</id>
  <BannerPath>fanart/original/77526-21.jpg</BannerPath>
  <BannerType>fanart</BannerType>
  <BannerType2>1280x720</BannerType2>
  <Colors></Colors>
  <Language>en</Language>
  <Rating>5.5000</Rating>
  <RatingCount>2</RatingCount>
  <SeriesName>false</SeriesName>
  <ThumbnailPath>_cache/fanart/original/77526-21.jpg</ThumbnailPath>
  <VignettePath>fanart/vignette/77526-21.jpg</VignettePath>
</Banner>
<Banner>
  <id>20533</id>
  <BannerPath>fanart/original/77526-1.jpg</BannerPath>
  <BannerType>fanart</BannerType>
  <BannerType2>1280x720</BannerType2>
  <Colors>|255,244,247|167,47,20|200,199,197|</Colors>
  <Language>en</Language>
  <Rating>5.0000</Rating>
  <RatingCount>8</RatingCount>
  <SeriesName>false</SeriesName>
  <ThumbnailPath>_cache/fanart/original/77526-1.jpg</ThumbnailPath>
  <VignettePath>fanart/vignette/77526-1.jpg</VignettePath>
</Banner>
<Banner>
  <id>177961</id>
  <BannerPath>fanart/original/77526-12.jpg</BannerPath>
  <BannerType>fanart</BannerType>
  <BannerType2>1920x1080</BannerType2>
  <Colors></Colors>
  <Language>en</Language>
  <Rating>5.0000</Rating>
  <RatingCount>4</RatingCount>
  <SeriesName>true</SeriesName>
  <ThumbnailPath>_cache/fanart/original/77526-12.jpg</ThumbnailPath>
  <VignettePath>fanart/vignette/77526-12.jpg</VignettePath>
</Banner>
<Banner>
  <id>873199</id>
  <BannerPath>fanart/original/77526-27.jpg</BannerPath>
  <BannerType>fanart</BannerType>
  <BannerType2>1280x720</BannerType2>
  <Colors></Colors>
  <Language>de</Language>
  <Rating></Rating>
  <RatingCount>0</RatingCount>
  <SeriesName>false</SeriesName>
  <ThumbnailPath>_cache/fanart/original/77526-27.jpg</ThumbnailPath>
  <VignettePath>fanart/vignette/77526-27.jpg</VignettePath>
</Banner>
<Banner>
  <id>873200</id>
  <BannerPath>fanart/original/77526-28.jpg</BannerPath>
  <BannerType>fanart</BannerType>
  <BannerType2>1280x720</BannerType2>
  <Colors></Colors>
  <Language>de</Language>
  <Rating></Rating>
  <RatingCount>0</RatingCount>
  <SeriesName>false</SeriesName>
  <ThumbnailPath>_cache/fanart/original/77526-28.jpg</ThumbnailPath>
  <VignettePath>fanart/vignette/77526-28.jpg</VignettePath>
</Banner>
<Banner>
  <id>179231</id>
  <BannerPath>fanart/original/77526-16.jpg</BannerPath>
  <BannerType>fanart</BannerType>
  <BannerType2>1280x720</BannerType2>
  <Colors></Colors>
  <Language>fr</Language>
  <Rating></Rating>
  <RatingCount>0</RatingCount>
  <SeriesName>false</SeriesName>
  <ThumbnailPath>_cache/fanart/original/77526-16.jpg</ThumbnailPath>
  <VignettePath>fanart/vignette/77526-16.jpg</VignettePath>
</Banner>
<Banner>
  <id>179211</id>
  <BannerPath>fanart/original/77526-14.jpg</BannerPath>
  <BannerType>fanart</BannerType>
  <BannerType2>1280x720</BannerType2>
  <Colors></Colors>
  <Language>fr</Language>
  <Rating></Rating>
  <RatingCount>0</RatingCount>
  <SeriesName>false</SeriesName>
  <ThumbnailPath>_cache/fanart/original/77526-14.jpg</ThumbnailPath>
  <VignettePath>fanart/vignette/77526-14.jpg</VignettePath>
</Banner>
<Banner>
  <id>42775</id>
  <BannerPath>fanart/original/77526-8.jpg</BannerPath>
  <BannerType>fanart</BannerType>
  <BannerType2>1920x1080</BannerType2>
  <Colors></Colors>
  <Language>en</Language>
  <Rating></Rating>
  <RatingCount>0</RatingCount>
  <SeriesName>false</SeriesName>
  <ThumbnailPath>_cache/fanart/original/77526-8.jpg</ThumbnailPath>
  <VignettePath>fanart/vignette/77526-8.jpg</VignettePath>
</Banner>
<Banner>
  <id>179271</id>
  <BannerPath>fanart/original/77526-20.jpg</BannerPath>
  <BannerType>fanart</BannerType>
  <BannerType2>1280x720</BannerType2>
  <Colors></Colors>
  <Language>fr</Language>
  <Rating></Rating>
  <RatingCount>0</RatingCount>
  <SeriesName>false</SeriesName>
  <ThumbnailPath>_cache/fanart/original/77526-20.jpg</ThumbnailPath>
  <VignettePath>fanart/vignette/77526-20.jpg</VignettePath>
</Banner>
<Banner>
  <id>179891</id>
  <BannerPath>fanart/original/77526-17.jpg</BannerPath>
  <BannerType>fanart</BannerType>
  <BannerType2>1280x720</BannerType2>
  <Colors></Colors>
  <Language>fr</Language>
  <Rating></Rating>
  <RatingCount>0</RatingCount>
  <SeriesName>false</SeriesName>
  <ThumbnailPath>_cache/fanart/original/77526-17.jpg</ThumbnailPath>
  <VignettePath>fanart/vignette/77526-17.jpg</VignettePath>
</Banner>
<Banner>
  <id>179821</id>
  <BannerPath>fanart/original/77526-22.jpg</BannerPath>
  <BannerType>fanart</BannerType>
  <BannerType2>1280x720</BannerType2>
  <Colors></Colors>
  <Language>fr</Language>
  <Rating></Rating>
  <RatingCount>0</RatingCount>
  <SeriesName>false</SeriesName>
  <ThumbnailPath>_cache/fanart/original/77526-22.jpg</ThumbnailPath>
  <VignettePath>fanart/vignette/77526-22.jpg</VignettePath>
</Banner>
<Banner>
  <id>179931</id>
  <BannerPath>fanart/original/77526-19.jpg</BannerPath>
  <BannerType>fanart</BannerType>
  <BannerType2>1280x720</BannerType2>
  <Colors></Colors>
  <Language>fr</Language>
  <Rating></Rating>
  <RatingCount>0</RatingCount>
  <SeriesName>false</SeriesName>
  <ThumbnailPath>_cache/fanart/original/77526-19.jpg</ThumbnailPath>
  <VignettePath>fanart/vignette/77526-19.jpg</VignettePath>
</Banner>
<Banner>
  <id>861001</id>
  <BannerPath>fanart/original/77526-23.jpg</BannerPath>
  <BannerType>fanart</BannerType>
  <BannerType2>1280x720</BannerType2>
  <Colors></Colors>
  <Language>de</Language>
  <Rating></Rating>
  <RatingCount>0</RatingCount>
  <SeriesName>false</SeriesName>
  <ThumbnailPath>_cache/fanart/original/77526-23.jpg</ThumbnailPath>
  <VignettePath>fanart/vignette/77526-23.jpg</VignettePath>
</Banner>
<Banner>
  <id>179751</id>
  <BannerPath>fanart/original/77526-15.jpg</BannerPath>
  <BannerType>fanart</BannerType>
  <BannerType2>1280x720</BannerType2>
  <Colors></Colors>
  <Language>fr</Language>
  <Rating></Rating>
  <RatingCount>0</RatingCount>
  <SeriesName>false</SeriesName>
  <ThumbnailPath>_cache/fanart/original/77526-15.jpg</ThumbnailPath>
  <VignettePath>fanart/vignette/77526-15.jpg</VignettePath>
</Banner>
<Banner>
  <id>179741</id>
  <BannerPath>fanart/original/77526-13.jpg</BannerPath>
  <BannerType>fanart</BannerType>
  <BannerType2>1280x720</BannerType2>
  <Colors></Colors>
  <Language>fr</Language>
  <Rating></Rating>
  <RatingCount>0</RatingCount>
  <SeriesName>false</SeriesName>
  <ThumbnailPath>_cache/fanart/original/77526-13.jpg</ThumbnailPath>
  <VignettePath>fanart/vignette/77526-13.jpg</VignettePath>
</Banner>
<Banner>
  <id>861002</id>
  <BannerPath>fanart/original/77526-24.jpg</BannerPath>
  <BannerType>fanart</BannerType>
  <BannerType2>1280x720</BannerType2>
  <Colors></Colors>
  <Language>de</Language>
  <Rating></Rating>
  <RatingCount>0</RatingCount>
  <SeriesName>false</SeriesName>
  <ThumbnailPath>_cache/fanart/original/77526-24.jpg</ThumbnailPath>
  <VignettePath>fanart/vignette/77526-24.jpg</VignettePath>
</Banner>
<Banner>
  <id>861003</id>
  <BannerPath>fanart/original/77526-25.jpg</BannerPath>
  <BannerType>fanart</BannerType>
  <BannerType2>1920x1080</BannerType2>
  <Colors></Colors>
  <Language>de</Language>
  <Rating></Rating>
  <RatingCount>0</RatingCount>
  <SeriesName>false</SeriesName>
  <ThumbnailPath>_cache/fanart/original/77526-25.jpg</ThumbnailPath>
  <VignettePath>fanart/vignette/77526-25.jpg</VignettePath>
</Banner>
<Banner>
  <id>42777</id>
  <BannerPath>fanart/original/77526-10.jpg</BannerPath>
  <BannerType>fanart</BannerType>
  <BannerType2>1920x1080</BannerType2>
  <Colors>|56,63,19|165,130,100|66,44,31|</Colors>
  <Language>en</Language>
  <Rating></Rating>
  <RatingCount>0</RatingCount>
  <SeriesName>false</SeriesName>
  <ThumbnailPath>_cache/fanart/original/77526-10.jpg</ThumbnailPath>
  <VignettePath>fanart/vignette/77526-10.jpg</VignettePath>
</Banner>
<Banner>
  <id>179781</id>
  <BannerPath>fanart/original/77526-18.jpg</BannerPath>
  <BannerType>fanart</BannerType>
  <BannerType2>1280x720</BannerType2>
  <Colors></Colors>
  <Language>fr</Language>
  <Rating></Rating>
  <RatingCount>0</RatingCount>
  <SeriesName>false</SeriesName>
  <ThumbnailPath>_cache/fanart/original/77526-18.jpg</ThumbnailPath>
  <VignettePath>fanart/vignette/77526-18.jpg</VignettePath>
</Banner>
<Banner>
  <id>861005</id>
  <BannerPath>fanart/original/77526-26.jpg</BannerPath>
  <BannerType>fanart</BannerType>
  <BannerType2>1920x1080</BannerType2>
  <Colors></Colors>
  <Language>de</Language>
  <Rating></Rating>
  <RatingCount>0</RatingCount>
  <SeriesName>false</SeriesName>
  <ThumbnailPath>_cache/fanart/original/77526-26.jpg</ThumbnailPath>
  <VignettePath>fanart/vignette/77526-26.jpg</VignettePath>
</Banner>
<Banner>
  <id>30239</id>
  <BannerPath>posters/77526-3.jpg</BannerPath>
  <BannerType>poster</BannerType>
  <BannerType2>680x1000</BannerType2>
  <Language>en</Language>
  <Rating>8.3846</Rating>
  <RatingCount>13</RatingCount>
</Banner>
<Banner>
  <id>28972</id>
  <BannerPath>posters/77526-1.jpg</BannerPath>
  <BannerType>poster</BannerType>
  <BannerType2>680x1000</BannerType2>
  <Language>en</Language>
  <Rating>8.3333</Rating>
  <RatingCount>3</RatingCount>
</Banner>
<Banner>
  <id>815261</id>
  <BannerPath>posters/77526-6.jpg</BannerPath>
  <BannerType>poster</BannerType>
  <BannerType2>680x1000</BannerType2>
  <Language>en</Language>
  <Rating>8.2500</Rating>
  <RatingCount>4</RatingCount>
</Banner>
<Banner>
  <id>789101</id>
  <BannerPath>posters/77526-5.jpg</BannerPath>
  <BannerType>poster</BannerType>
  <BannerType2>680x1000</BannerType2>
  <Language>en</Language>
  <Rating>7.7857</Rating>
  <RatingCount>14</RatingCount>
</Banner>
<Banner>
  <id>28973</id>
  <BannerPath>posters/77526-2.jpg</BannerPath>
  <BannerType>poster</BannerType>
  <BannerType2>680x1000</BannerType2>
  <Language>en</Language>
  <Rating>6.7500</Rating>
  <RatingCount>4</RatingCount>
</Banner>
<Banner>
  <id>42571</id>
  <BannerPath>posters/77526-4.jpg</BannerPath>
  <BannerType>poster</BannerType>
  <BannerType2>680x1000</BannerType2>
  <Language>en</Language>
  <Rating>3.6667</Rating>
  <RatingCount>3</RatingCount>
</Banner>
<Banner>
  <id>7052</id>
  <BannerPath>seasons/633-2.jpg</BannerPath>
  <BannerType>season</BannerType>
  <BannerType2>season</BannerType2>
  <Language>en</Language>
  <Rating>9.0000</Rating>
  <RatingCount>7</RatingCount>
  <Season>2</Season>
</Banner>
<Banner>
  <id>7053</id>
  <BannerPath>seasons/633-3.jpg</BannerPath>
  <BannerType>season</BannerType>
  <BannerType2>season</BannerType2>
  <Language>en</Language>
  <Rating>9.0000</Rating>
  <RatingCount>4</RatingCount>
  <Season>3</Season>
</Banner>
<Banner>
  <id>473361</id>
  <BannerPath>seasons/77526-3-5.jpg</BannerPath>
  <BannerType>season</BannerType>
  <BannerType2>season</BannerType2>
  <Language>en</Language>
  <Rating>8.6667</Rating>
  <RatingCount>3</RatingCount>
  <Season>3</Season>
</Banner>
<Banner>
  <id>466251</id>
  <BannerPath>seasons/77526-2-5.jpg</BannerPath>
  <BannerType>season</BannerType>
  <BannerType2>season</BannerType2>
  <Language>en</Language>
  <Rating>8.5000</Rating>
  <RatingCount>4</RatingCount>
  <Season>2</Season>
</Banner>
<Banner>
  <id>920359</id>
  <BannerPath>seasons/77526-0-4.jpg</BannerPath>
  <BannerType>season</BannerType>
  <BannerType2>season</BannerType2>
  <Language>en</Language>
  <Rating>7.0000</Rating>
  <RatingCount>3</RatingCount>
  <Season>0</Season>
</Banner>
<Banner>
  <id>900586</id>
  <BannerPath>seasons/77526-1-5.jpg</BannerPath>
  <BannerType>season</BannerType>
  <BannerType2>season</BannerType2>
  <Language>en</Language>
  <Rating>7.0000</Rating>
  <RatingCount>6</RatingCount>
  <Season>1</Season>
</Banner>
<Banner>
  <id>871535</id>
  <BannerPath>seasons/77526-0-3.jpg</BannerPath>
  <BannerType>season</BannerType>
  <BannerType2>season</BannerType2>
  <Language>en</Language>
  <Rating>7.0000</Rating>
  <RatingCount>3</RatingCount>
  <Season>0</Season>
</Banner>
<Banner>
  <id>179321</id>
  <BannerPath>seasons/77526-3-4.jpg</BannerPath>
  <BannerType>season</BannerType>
  <BannerType2>season</BannerType2>
  <Language>fr</Language>
  <Rating>7.0000</Rating>
  <RatingCount>1</RatingCount>
  <Season>3</Season>
</Banner>
<Banner>
  <id>7051</id>
  <BannerPath>seasons/633-1.jpg</BannerPath>
  <BannerType>season</BannerType>
  <BannerType2>season</BannerType2>
  <Language>en</Language>
  <Rating>7.0000</Rating>
  <RatingCount>9</RatingCount>
  <Season>1</Season>
</Banner>
<Banner>
  <id>179311</id>
  <BannerPath>seasons/77526-2-4.jpg</BannerPath>
  <BannerType>season</BannerType>
  <BannerType2>season</BannerType2>
  <Language>fr</Language>
  <Rating>7.0000</Rating>
  <RatingCount>1</RatingCount>
  <Season>2</Season>
</Banner>
<Banner>
  <id>26961</id>
  <BannerPath>seasons/77526-3.jpg</BannerPath>
  <BannerType>season</BannerType>
  <BannerType2>season</BannerType2>
  <Language>de</Language>
  <Rating>6.6667</Rating>
  <RatingCount>3</RatingCount>
  <Season>3</Season>
</Banner>
<Banner>
  <id>26960</id>
  <BannerPath>seasons/77526-2.jpg</BannerPath>
  <BannerType>season</BannerType>
  <BannerType2>season</BannerType2>
  <Language>de</Language>
  <Rating>6.6667</Rating>
  <RatingCount>3</RatingCount>
  <Season>2</Season>
</Banner>
<Banner>
  <id>19419</id>
  <BannerPath>seasons/77526-0.jpg</BannerPath>
  <BannerType>season</BannerType>
  <BannerType2>season</BannerType2>
  <Language>en</Language>
  <Rating>6.3333</Rating>
  <RatingCount>3</RatingCount>
  <Season>0</Season>
</Banner>
<Banner>
  <id>101081</id>
  <BannerPath>seasons/77526-1-3.jpg</BannerPath>
  <BannerType>season</BannerType>
  <BannerType2>season</BannerType2>
  <Language>en</Language>
  <Rating>6.0909</Rating>
  <RatingCount>11</RatingCount>
  <Season>1</Season>
</Banner>
<Banner>
  <id>179301</id>
  <BannerPath>seasons/77526-1-4.jpg</BannerPath>
  <BannerType>season</BannerType>
  <BannerType2>season</BannerType2>
  <Language>fr</Language>
  <Rating>6.0000</Rating>
  <RatingCount>1</RatingCount>
  <Season>1</Season>
</Banner>
<Banner>
  <id>26958</id>
  <BannerPath>seasons/77526-1.jpg</BannerPath>
  <BannerType>season</BannerType>
  <BannerType2>season</BannerType2>
  <Language>de</Language>
  <Rating>5.0000</Rating>
  <RatingCount>3</RatingCount>
  <Season>1</Season>
</Banner>
<Banner>
  <id>30172</id>
  <BannerPath>seasons/77526-0-2.jpg</BannerPath>
  <BannerType>season</BannerType>
  <BannerType2>season</BannerType2>
  <Language>de</Language>
  <Rating>4.0000</Rating>
  <RatingCount>3</RatingCount>
  <Season>0</Season>
</Banner>
<Banner>
  <id>101111</id>
  <BannerPath>seasons/77526-3-3.jpg</BannerPath>
  <BannerType>season</BannerType>
  <BannerType2>season</BannerType2>
  <Language>en</Language>
  <Rating>3.7500</Rating>
  <RatingCount>4</RatingCount>
  <Season>3</Season>
</Banner>
<Banner>
  <id>941880</id>
  <BannerPath>seasons/77526-2-3.jpg</BannerPath>
  <BannerType>season</BannerType>
  <BannerType2>season</BannerType2>
  <Language>de</Language>
  <Rating></Rating>
  <RatingCount>0</RatingCount>
  <Season>2</Season>
</Banner>
<Banner>
  <id>39192</id>
  <BannerPath>seasons/77526-3-2.jpg</BannerPath>
  <BannerType>season</BannerType>
  <BannerType2>season</BannerType2>
  <Language>it</Language>
  <Rating></Rating>
  <RatingCount>0</RatingCount>
  <Season>3</Season>
</Banner>
<Banner>
  <id>941879</id>
  <BannerPath>seasons/77526-1-6.jpg</BannerPath>
  <BannerType>season</BannerType>
  <BannerType2>season</BannerType2>
  <Language>de</Language>
  <Rating></Rating>
  <RatingCount>0</RatingCount>
  <Season>1</Season>
</Banner>
<Banner>
  <id>39191</id>
  <BannerPath>seasons/77526-2-2.jpg</BannerPath>
  <BannerType>season</BannerType>
  <BannerType2>season</BannerType2>
  <Language>it</Language>
  <Rating></Rating>
  <RatingCount>0</RatingCount>
  <Season>2</Season>
</Banner>
<Banner>
  <id>39190</id>
  <BannerPath>seasons/77526-1-2.jpg</BannerPath>
  <BannerType>season</BannerType>
  <BannerType2>season</BannerType2>
  <Language>it</Language>
  <Rating></Rating>
  <RatingCount>0</RatingCount>
  <Season>1</Season>
</Banner>
<Banner>
  <id>941881</id>
  <BannerPath>seasons/77526-3-6.jpg</BannerPath>
  <BannerType>season</BannerType>
  <BannerType2>season</BannerType2>
  <Language>de</Language>
  <Rating></Rating>
  <RatingCount>0</RatingCount>
  <Season>3</Season>
</Banner>
<Banner>
  <id>939936</id>
  <BannerPath>seasonswide/77526-3.jpg</BannerPath>
  <BannerType>season</BannerType>
  <BannerType2>seasonwide</BannerType2>
  <Language>en</Language>
  <Rating></Rating>
  <RatingCount>0</RatingCount>
  <Season>3</Season>
</Banner>
<Banner>
  <id>939935</id>
  <BannerPath>seasonswide/77526-2.jpg</BannerPath>
  <BannerType>season</BannerType>
  <BannerType2>seasonwide</BannerType2>
  <Language>en</Language>
  <Rating></Rating>
  <RatingCount>0</RatingCount>
  <Season>2</Season>
</Banner>
<Banner>
  <id>939934</id>
  <BannerPath>seasonswide/77526-1.jpg</BannerPath>
  <BannerType>season</BannerType>
  <BannerType2>seasonwide</BannerType2>
  <Language>en</Language>
  <Rating></Rating>
  <RatingCount>0</RatingCount>
  <Season>1</Season>
</Banner>
<Banner>
  <id>655981</id>
  <BannerPath>graphical/77526-g7.jpg</BannerPath>
  <BannerType>series</BannerType>
  <BannerType2>graphical</BannerType2>
  <Language>en</Language>
  <Rating>9.3333</Rating>
  <RatingCount>3</RatingCount>
</Banner>
<Banner>
  <id>5626</id>
  <BannerPath>graphical/633-g.jpg</BannerPath>
  <BannerType>series</BannerType>
  <BannerType2>graphical</BannerType2>
  <Language>en</Language>
  <Rating>8.2857</Rating>
  <RatingCount>7</RatingCount>
</Banner>
<Banner>
  <id>41946</id>
  <BannerPath>graphical/77526-g4.jpg</BannerPath>
  <BannerType>series</BannerType>
  <BannerType2>graphical</BannerType2>
  <Language>en</Language>
  <Rating>7.0000</Rating>
  <RatingCount>8</RatingCount>
</Banner>
<Banner>
  <id>41944</id>
  <BannerPath>graphical/77526-g2.jpg</BannerPath>
  <BannerType>series</BannerType>
  <BannerType2>graphical</BannerType2>
  <Language>en</Language>
  <Rating>6.5000</Rating>
  <RatingCount>2</RatingCount>
</Banner>
<Banner>
  <id>41945</id>
  <BannerPath>graphical/77526-g3.jpg</BannerPath>
  <BannerType>series</BannerType>
  <BannerType2>graphical</BannerType2>
  <Language>en</Language>
  <Rating>6.0000</Rating>
  <RatingCount>5</RatingCount>
</Banner>
<Banner>
  <id>41947</id>
  <BannerPath>graphical/77526-g5.jpg</BannerPath>
  <BannerType>series</BannerType>
  <BannerType2>graphical</BannerType2>
  <Language>en</Language>
  <Rating>5.3333</Rating>
  <RatingCount>3</RatingCount>
</Banner>
<Banner>
  <id>5627</id>
  <BannerPath>graphical/633-g2.jpg</BannerPath>
  <BannerType>series</BannerType>
  <BannerType2>graphical</BannerType2>
  <Language>en</Language>
  <Rating>5.2000</Rating>
  <RatingCount>5</RatingCount>
</Banner>
<Banner>
  <id>656041</id>
  <BannerPath>graphical/77526-g6.jpg</BannerPath>
  <BannerType>series</BannerType>
  <BannerType2>graphical</BannerType2>
  <Language>en</Language>
  <Rating>3.6667</Rating>
  <RatingCount>3</RatingCount>
</Banner>
<Banner>
  <id>32793</id>
  <BannerPath>graphical/77526-g.jpg</BannerPath>
  <BannerType>series</BannerType>
  <BannerType2>graphical</BannerType2>
  <Language>en</Language>
  <Rating>3.2500</Rating>
  <RatingCount>4</RatingCount>
</Banner>
<Banner>
  <id>12872</id>
  <BannerPath>blank/77526.jpg</BannerPath>
  <BannerType>series</BannerType>
  <BannerType2>blank</BannerType2>
  <Language>en</Language>
  <Rating>2.0000</Rating>
  <RatingCount>1</RatingCount>
</Banner>
<Banner>
  <id>9168</id>
  <BannerPath>text/633.jpg</BannerPath>
  <BannerType>series</BannerType>
  <BannerType2>text</BannerType2>
  <Language>en</Language>
  <Rating>1.0000</Rating>
  <RatingCount>1</RatingCount>
</Banner>
</Banners>