<?xml version="1.0" encoding="UTF-8" ?>
<Actors>
<Actor>
  <id>78511</id>
  <Image></Image>
  <Name>Erinn Hayes</Name>
  <Role>Melanie Clayton</Role>
  <SortOrder>3</SortOrder>
</Actor>
<Actor>
  <id>78512</id>
  <Image></Image>
  <Name>Kurtwood Smith</Name>
  <Role>Dick Clayton</Role>
  <SortOrder>3</SortOrder>
</Actor>
<Actor>
  <id>78513</id>
  <Image></Image>
  <Name>Kyle Bornheimer</Name>
  <Role>Sam Briggs</Role>
  <SortOrder>3</SortOrder>
</Actor>
<Actor>
  <id>78514</id>
  <Image></Image>
  <Name>Nancy Lenehan</Name>
  <Role>Angela Clayton</Role>
  <SortOrder>3</SortOrder>
</Actor>
<Actor>
  <id>78515</id>
  <Image></Image>
  <Name>Parris Mosteller</Name>
  <Role>Scotty</Role>
  <SortOrder>3</SortOrder>
</Actor>
</Actors>