<?xml version="1.0" encoding="UTF-8" ?>
<Banners>
<Banner>
  <id>30599</id>
  <BannerPath>fanart/original/82895-1.jpg</BannerPath>
  <BannerType>fanart</BannerType>
  <BannerType2>1280x720</BannerType2>
  <Colors></Colors>
  <Language>en</Language>
  <Rating>8.0000</Rating>
  <RatingCount>1</RatingCount>
  <SeriesName>false</SeriesName>
  <ThumbnailPath>_cache/fanart/original/82895-1.jpg</ThumbnailPath>
  <VignettePath>fanart/vignette/82895-1.jpg</VignettePath>
</Banner>
<Banner>
  <id>37579</id>
  <BannerPath>fanart/original/82895-5.jpg</BannerPath>
  <BannerType>fanart</BannerType>
  <BannerType2>1280x720</BannerType2>
  <Colors></Colors>
  <Language>en</Language>
  <Rating></Rating>
  <RatingCount>0</RatingCount>
  <SeriesName>false</SeriesName>
  <ThumbnailPath>_cache/fanart/original/82895-5.jpg</ThumbnailPath>
  <VignettePath>fanart/vignette/82895-5.jpg</VignettePath>
</Banner>
<Banner>
  <id>30600</id>
  <BannerPath>fanart/original/82895-2.jpg</BannerPath>
  <BannerType>fanart</BannerType>
  <BannerType2>1280x720</BannerType2>
  <Colors></Colors>
  <Language>en</Language>
  <Rating></Rating>
  <RatingCount>0</RatingCount>
  <SeriesName>false</SeriesName>
  <ThumbnailPath>_cache/fanart/original/82895-2.jpg</ThumbnailPath>
  <VignettePath>fanart/vignette/82895-2.jpg</VignettePath>
</Banner>
<Banner>
  <id>37582</id>
  <BannerPath>fanart/original/82895-8.jpg</BannerPath>
  <BannerType>fanart</BannerType>
  <BannerType2>1280x720</BannerType2>
  <Colors></Colors>
  <Language>en</Language>
  <Rating></Rating>
  <RatingCount>0</RatingCount>
  <SeriesName>false</SeriesName>
  <ThumbnailPath>_cache/fanart/original/82895-8.jpg</ThumbnailPath>
  <VignettePath>fanart/vignette/82895-8.jpg</VignettePath>
</Banner>
<Banner>
  <id>408271</id>
  <BannerPath>fanart/original/82895-11.jpg</BannerPath>
  <BannerType>fanart</BannerType>
  <BannerType2>1920x1080</BannerType2>
  <Colors></Colors>
  <Language>en</Language>
  <Rating></Rating>
  <RatingCount>0</RatingCount>
  <SeriesName>false</SeriesName>
  <ThumbnailPath>_cache/fanart/original/82895-11.jpg</ThumbnailPath>
  <VignettePath>fanart/vignette/82895-11.jpg</VignettePath>
</Banner>
<Banner>
  <id>408281</id>
  <BannerPath>fanart/original/82895-12.jpg</BannerPath>
  <BannerType>fanart</BannerType>
  <BannerType2>1920x1080</BannerType2>
  <Colors></Colors>
  <Language>en</Language>
  <Rating></Rating>
  <RatingCount>0</RatingCount>
  <SeriesName>false</SeriesName>
  <ThumbnailPath>_cache/fanart/original/82895-12.jpg</ThumbnailPath>
  <VignettePath>fanart/vignette/82895-12.jpg</VignettePath>
</Banner>
<Banner>
  <id>37581</id>
  <BannerPath>fanart/original/82895-7.jpg</BannerPath>
  <BannerType>fanart</BannerType>
  <BannerType2>1280x720</BannerType2>
  <Colors></Colors>
  <Language>en</Language>
  <Rating></Rating>
  <RatingCount>0</RatingCount>
  <SeriesName>false</SeriesName>
  <ThumbnailPath>_cache/fanart/original/82895-7.jpg</ThumbnailPath>
  <VignettePath>fanart/vignette/82895-7.jpg</VignettePath>
</Banner>
<Banner>
  <id>37578</id>
  <BannerPath>fanart/original/82895-4.jpg</BannerPath>
  <BannerType>fanart</BannerType>
  <BannerType2>1280x720</BannerType2>
  <Colors></Colors>
  <Language>en</Language>
  <Rating></Rating>
  <RatingCount>0</RatingCount>
  <SeriesName>false</SeriesName>
  <ThumbnailPath>_cache/fanart/original/82895-4.jpg</ThumbnailPath>
  <VignettePath>fanart/vignette/82895-4.jpg</VignettePath>
</Banner>
<Banner>
  <id>30601</id>
  <BannerPath>fanart/original/82895-3.jpg</BannerPath>
  <BannerType>fanart</BannerType>
  <BannerType2>1280x720</BannerType2>
  <Colors></Colors>
  <Language>en</Language>
  <Rating></Rating>
  <RatingCount>0</RatingCount>
  <SeriesName>false</SeriesName>
  <ThumbnailPath>_cache/fanart/original/82895-3.jpg</ThumbnailPath>
  <VignettePath>fanart/vignette/82895-3.jpg</VignettePath>
</Banner>
<Banner>
  <id>37584</id>
  <BannerPath>fanart/original/82895-10.jpg</BannerPath>
  <BannerType>fanart</BannerType>
  <BannerType2>1280x720</BannerType2>
  <Colors></Colors>
  <Language>en</Language>
  <Rating></Rating>
  <RatingCount>0</RatingCount>
  <SeriesName>false</SeriesName>
  <ThumbnailPath>_cache/fanart/original/82895-10.jpg</ThumbnailPath>
  <VignettePath>fanart/vignette/82895-10.jpg</VignettePath>
</Banner>
<Banner>
  <id>37583</id>
  <BannerPath>fanart/original/82895-9.jpg</BannerPath>
  <BannerType>fanart</BannerType>
  <BannerType2>1280x720</BannerType2>
  <Colors></Colors>
  <Language>en</Language>
  <Rating></Rating>
  <RatingCount>0</RatingCount>
  <SeriesName>false</SeriesName>
  <ThumbnailPath>_cache/fanart/original/82895-9.jpg</ThumbnailPath>
  <VignettePath>fanart/vignette/82895-9.jpg</VignettePath>
</Banner>
<Banner>
  <id>37580</id>
  <BannerPath>fanart/original/82895-6.jpg</BannerPath>
  <BannerType>fanart</BannerType>
  <BannerType2>1280x720</BannerType2>
  <Colors></Colors>
  <Language>en</Language>
  <Rating></Rating>
  <RatingCount>0</RatingCount>
  <SeriesName>false</SeriesName>
  <ThumbnailPath>_cache/fanart/original/82895-6.jpg</ThumbnailPath>
  <VignettePath>fanart/vignette/82895-6.jpg</VignettePath>
</Banner>
<Banner>
  <id>31740</id>
  <BannerPath>posters/82895-3.jpg</BannerPath>
  <BannerType>poster</BannerType>
  <BannerType2>680x1000</BannerType2>
  <Language>en</Language>
  <Rating>8.0000</Rating>
  <RatingCount>1</RatingCount>
</Banner>
<Banner>
  <id>29435</id>
  <BannerPath>posters/82895-1.jpg</BannerPath>
  <BannerType>poster</BannerType>
  <BannerType2>680x1000</BannerType2>
  <Language>en</Language>
  <Rating></Rating>
  <RatingCount>0</RatingCount>
</Banner>
<Banner>
  <id>201481</id>
  <BannerPath>seasons/82895-1-2.jpg</BannerPath>
  <BannerType>season</BannerType>
  <BannerType2>season</BannerType2>
  <Language>en</Language>
  <Rating>10.0000</Rating>
  <RatingCount>1</RatingCount>
  <Season>1</Season>
</Banner>
<Banner>
  <id>30602</id>
  <BannerPath>seasons/82895-1.jpg</BannerPath>
  <BannerType>season</BannerType>
  <BannerType2>season</BannerType2>
  <Language>en</Language>
  <Rating></Rating>
  <RatingCount>0</RatingCount>
  <Season>1</Season>
</Banner>
<Banner>
  <id>41719</id>
  <BannerPath>graphical/82895-g4.jpg</BannerPath>
  <BannerType>series</BannerType>
  <BannerType2>graphical</BannerType2>
  <Language>en</Language>
  <Rating>10.0000</Rating>
  <RatingCount>1</RatingCount>
</Banner>
<Banner>
  <id>30612</id>
  <BannerPath>graphical/82895-g3.jpg</BannerPath>
  <BannerType>series</BannerType>
  <BannerType2>graphical</BannerType2>
  <Language>en</Language>
  <Rating>5.5000</Rating>
  <RatingCount>2</RatingCount>
</Banner>
<Banner>
  <id>127841</id>
  <BannerPath>graphical/82895-g5.jpg</BannerPath>
  <BannerType>series</BannerType>
  <BannerType2>graphical</BannerType2>
  <Language>en</Language>
  <Rating></Rating>
  <RatingCount>0</RatingCount>
</Banner>
<Banner>
  <id>30598</id>
  <BannerPath>graphical/82895-g.jpg</BannerPath>
  <BannerType>series</BannerType>
  <BannerType2>graphical</BannerType2>
  <Language>en</Language>
  <Rating></Rating>
  <RatingCount>0</RatingCount>
</Banner>
</Banners>