<?xml version="1.0" encoding="UTF-8" ?>
<Data><Series>
  <id>82895</id>
  <Actors>|Erinn Hayes|Kurtwood Smith|Kyle Bornheimer|Nancy Lenehan|Parris Mosteller|</Actors>
  <Airs_DayOfWeek>Monday</Airs_DayOfWeek>
  <Airs_Time>9:30 PM</Airs_Time>
  <ContentRating>TV-PG</ContentRating>
  <FirstAired>2008-09-22</FirstAired>
  <Genre>|Comedy|</Genre>
  <IMDB_ID>tt1197632</IMDB_ID>
  <Language>en</Language>
  <Network>CBS</Network>
  <NetworkID></NetworkID>
  <Overview>Worst Week follows the life of a young couple as they make their way through married life and deal with their soon-to-be in-laws. </Overview>
  <Rating>8.8</Rating>
  <RatingCount>10</RatingCount>
  <Runtime>30</Runtime>
  <SeriesID>75274</SeriesID>
  <SeriesName>Worst Week</SeriesName>
  <Status>Ended</Status>
  <added></added>
  <addedBy></addedBy>
  <banner>graphical/82895-g4.jpg</banner>
  <fanart>fanart/original/82895-1.jpg</fanart>
  <lastupdated>1358080760</lastupdated>
  <poster>posters/82895-3.jpg</poster>
  <zap2it_id></zap2it_id>
</Series>
<Episode>
  <id>385077</id>
  <Combined_episodenumber>1.0</Combined_episodenumber>
  <Combined_season>1</Combined_season>
  <DVD_chapter></DVD_chapter>
  <DVD_discid></DVD_discid>
  <DVD_episodenumber>1.0</DVD_episodenumber>
  <DVD_season>1</DVD_season>
  <Director>Adam Bernstein</Director>
  <EpImgFlag>2</EpImgFlag>
  <EpisodeName>Pilot</EpisodeName>
  <EpisodeNumber>1</EpisodeNumber>
  <FirstAired>2008-09-22</FirstAired>
  <GuestStars>Tamara Mello</GuestStars>
  <IMDB_ID></IMDB_ID>
  <Language>en</Language>
  <Overview>Sam and Mel intend to reveal her pregnancy to her parents after a quiet dinner. However, when Sam misses the train after having a drunk girl throw up on him, the dinner starts becoming increasingly unlikely. </Overview>
  <ProductionCode>101</ProductionCode>
  <Rating>7.8</Rating>
  <RatingCount>17</RatingCount>
  <SeasonNumber>1</SeasonNumber>
  <Writer>Matt Tarses</Writer>
  <absolute_number></absolute_number>
  <filename>episodes/82895/385077.jpg</filename>
  <lastupdated>1295303924</lastupdated>
  <seasonid>34805</seasonid>
  <seriesid>82895</seriesid>
</Episode>
<Episode>
  <id>390170</id>
  <Combined_episodenumber>2.0</Combined_episodenumber>
  <Combined_season>1</Combined_season>
  <DVD_chapter></DVD_chapter>
  <DVD_discid></DVD_discid>
  <DVD_episodenumber>2.0</DVD_episodenumber>
  <DVD_season>1</DVD_season>
  <Director>Adam Bernstein</Director>
  <EpImgFlag>3</EpImgFlag>
  <EpisodeName>The Bird</EpisodeName>
  <EpisodeNumber>2</EpisodeNumber>
  <FirstAired>2008-09-29</FirstAired>
  <GuestStars>Parris Mosteller|Ken Jeong|RonReaco Lee|Jessica St. Clair</GuestStars>
  <IMDB_ID></IMDB_ID>
  <Language>en</Language>
  <Overview>Sam tries to win over Dick by charming Angela, but then ruins any progress he made when he has a mishap with Dick's birds.</Overview>
  <ProductionCode>102</ProductionCode>
  <Rating>7.4</Rating>
  <RatingCount>11</RatingCount>
  <SeasonNumber>1</SeasonNumber>
  <Writer>Matt Tarses</Writer>
  <absolute_number></absolute_number>
  <filename>episodes/82895/390170.jpg</filename>
  <lastupdated>1325391255</lastupdated>
  <seasonid>34805</seasonid>
  <seriesid>82895</seriesid>
</Episode>
<Episode>
  <id>394243</id>
  <Combined_episodenumber>3.0</Combined_episodenumber>
  <Combined_season>1</Combined_season>
  <DVD_chapter></DVD_chapter>
  <DVD_discid></DVD_discid>
  <DVD_episodenumber>3.0</DVD_episodenumber>
  <DVD_season>1</DVD_season>
  <Director>Chris Koch</Director>
  <EpImgFlag>2</EpImgFlag>
  <EpisodeName>The Monitor</EpisodeName>
  <EpisodeNumber>3</EpisodeNumber>
  <FirstAired>2008-10-06</FirstAired>
  <GuestStars>Matt Walsh|Nick Kroll|Parris Mosteller|RonReaco Lee|Brooke Nevin|Hayes MacArthur|Jessica St. Clair</GuestStars>
  <IMDB_ID></IMDB_ID>
  <Language>en</Language>
  <Overview>Sam seeks help from a friend repairing Dicks portrait, but problems arise when his buddy falls in love with Dick's daughter, Chloe.</Overview>
  <ProductionCode>103</ProductionCode>
  <Rating>7.5</Rating>
  <RatingCount>11</RatingCount>
  <SeasonNumber>1</SeasonNumber>
  <Writer>Gail Lerner</Writer>
  <absolute_number></absolute_number>
  <filename>episodes/82895/394243.jpg</filename>
  <lastupdated>1325391303</lastupdated>
  <seasonid>34805</seasonid>
  <seriesid>82895</seriesid>
</Episode>
<Episode>
  <id>394244</id>
  <Combined_episodenumber>4.0</Combined_episodenumber>
  <Combined_season>1</Combined_season>
  <DVD_chapter></DVD_chapter>
  <DVD_discid></DVD_discid>
  <DVD_episodenumber>4.0</DVD_episodenumber>
  <DVD_season>1</DVD_season>
  <Director>Adam Bernstein</Director>
  <EpImgFlag>2</EpImgFlag>
  <EpisodeName>The Truck</EpisodeName>
  <EpisodeNumber>4</EpisodeNumber>
  <FirstAired>2008-10-13</FirstAired>
  <GuestStars>Parris Mosteller|Brian Huskey|Loni Love|RonReaco Lee|Brooke Nevin|Hayes MacArthur|Jessica St. Clair</GuestStars>
  <IMDB_ID></IMDB_ID>
  <Language>en</Language>
  <Overview>Mel and Sam decide it's time to reveal their secret, with their first big big doctor's appointment coming up concerning the pregnancy.</Overview>
  <ProductionCode>104</ProductionCode>
  <Rating>7.2</Rating>
  <RatingCount>12</RatingCount>
  <SeasonNumber>1</SeasonNumber>
  <Writer>Gregg Mettler</Writer>
  <absolute_number></absolute_number>
  <filename>episodes/82895/394244.jpg</filename>
  <lastupdated>1325391330</lastupdated>
  <seasonid>34805</seasonid>
  <seriesid>82895</seriesid>
</Episode>
<Episode>
  <id>397899</id>
  <Combined_episodenumber>6.0</Combined_episodenumber>
  <Combined_season>1</Combined_season>
  <DVD_chapter></DVD_chapter>
  <DVD_discid></DVD_discid>
  <DVD_episodenumber>6.0</DVD_episodenumber>
  <DVD_season>1</DVD_season>
  <Director>Michael Fresco</Director>
  <EpImgFlag>2</EpImgFlag>
  <EpisodeName>The Club</EpisodeName>
  <EpisodeNumber>5</EpisodeNumber>
  <FirstAired>2008-10-20</FirstAired>
  <GuestStars>Matt Winston|Susan Blakely|Rick Scarry|Ernesto Alexander Enriquez|Scott Beehner|Nick Kroll</GuestStars>
  <IMDB_ID></IMDB_ID>
  <Language>en</Language>
  <Overview>After inviting too many co-workers to the wedding, Sam tells a risky lie that takes on a life of its own...</Overview>
  <ProductionCode>106</ProductionCode>
  <Rating>7.4</Rating>
  <RatingCount>9</RatingCount>
  <SeasonNumber>1</SeasonNumber>
  <Writer>Luvh Rakhe</Writer>
  <absolute_number></absolute_number>
  <filename>episodes/82895/397899.jpg</filename>
  <lastupdated>1334588540</lastupdated>
  <seasonid>34805</seasonid>
  <seriesid>82895</seriesid>
</Episode>
<Episode>
  <id>397901</id>
  <Combined_episodenumber>7.0</Combined_episodenumber>
  <Combined_season>1</Combined_season>
  <DVD_chapter></DVD_chapter>
  <DVD_discid></DVD_discid>
  <DVD_episodenumber>7.0</DVD_episodenumber>
  <DVD_season>1</DVD_season>
  <Director>Michael Spiller</Director>
  <EpImgFlag>2</EpImgFlag>
  <EpisodeName>The Ring</EpisodeName>
  <EpisodeNumber>6</EpisodeNumber>
  <FirstAired>2008-11-03</FirstAired>
  <GuestStars>Connie Sawyer|Elizabeth McNaughton|Bergen Williams|Jessica St. Clair|Olympia Dukakis</GuestStars>
  <IMDB_ID></IMDB_ID>
  <Language>en</Language>
  <Overview>Melanie and Sam are handed down the family wedding ring for use in their marriage, however disaster strikes when Sam loses it...</Overview>
  <ProductionCode>107</ProductionCode>
  <Rating>7.4</Rating>
  <RatingCount>7</RatingCount>
  <SeasonNumber>1</SeasonNumber>
  <Writer>Gregg Mettler</Writer>
  <absolute_number></absolute_number>
  <filename>episodes/82895/397901.jpg</filename>
  <lastupdated>1334588551</lastupdated>
  <seasonid>34805</seasonid>
  <seriesid>82895</seriesid>
</Episode>
<Episode>
  <id>403417</id>
  <Combined_episodenumber>8.0</Combined_episodenumber>
  <Combined_season>1</Combined_season>
  <DVD_chapter></DVD_chapter>
  <DVD_discid></DVD_discid>
  <DVD_episodenumber>8.0</DVD_episodenumber>
  <DVD_season>1</DVD_season>
  <Director>Rob Greenberg</Director>
  <EpImgFlag>3</EpImgFlag>
  <EpisodeName>The Vows</EpisodeName>
  <EpisodeNumber>7</EpisodeNumber>
  <FirstAired>2008-11-10</FirstAired>
  <GuestStars>Nick Kroll, Hayes MacArthur, Philip Baker Hall, Robin DeMarco</GuestStars>
  <IMDB_ID></IMDB_ID>
  <Language>en</Language>
  <Overview>Sam hopes he can get the Clayton's minister to perform their wedding ceremony, but as usual Sam's good intentions end with him stuck in a predicament from Hell.</Overview>
  <ProductionCode>108</ProductionCode>
  <Rating>6.8</Rating>
  <RatingCount>6</RatingCount>
  <SeasonNumber>1</SeasonNumber>
  <Writer>Dan Rubinate, Lon Zimmet</Writer>
  <absolute_number></absolute_number>
  <filename>episodes/82895/403417.jpg</filename>
  <lastupdated>1334588562</lastupdated>
  <seasonid>34805</seasonid>
  <seriesid>82895</seriesid>
</Episode>
<Episode>
  <id>403418</id>
  <Combined_episodenumber>9.0</Combined_episodenumber>
  <Combined_season>1</Combined_season>
  <DVD_chapter></DVD_chapter>
  <DVD_discid></DVD_discid>
  <DVD_episodenumber>9.0</DVD_episodenumber>
  <DVD_season>1</DVD_season>
  <Director>Eyal Gordin</Director>
  <EpImgFlag>2</EpImgFlag>
  <EpisodeName>The Cake</EpisodeName>
  <EpisodeNumber>8</EpisodeNumber>
  <FirstAired>2008-11-17</FirstAired>
  <GuestStars>Ryan Flynn|Fred Willard|Connie Ray</GuestStars>
  <IMDB_ID></IMDB_ID>
  <Language>en</Language>
  <Overview>The in-laws finally meet up, as Sam's parents meet Mel's folks for the first time.</Overview>
  <ProductionCode>109</ProductionCode>
  <Rating>6.8</Rating>
  <RatingCount>6</RatingCount>
  <SeasonNumber>1</SeasonNumber>
  <Writer>Sam Laybourne|Matt Tarses</Writer>
  <absolute_number></absolute_number>
  <filename>episodes/82895/403418.jpg</filename>
  <lastupdated>1334588582</lastupdated>
  <seasonid>34805</seasonid>
  <seriesid>82895</seriesid>
</Episode>
<Episode>
  <id>409286</id>
  <Combined_episodenumber>10.0</Combined_episodenumber>
  <Combined_season>1</Combined_season>
  <DVD_chapter></DVD_chapter>
  <DVD_discid></DVD_discid>
  <DVD_episodenumber>10.0</DVD_episodenumber>
  <DVD_season>1</DVD_season>
  <Director>Michael Lehmann</Director>
  <EpImgFlag>2</EpImgFlag>
  <EpisodeName>The Wedding</EpisodeName>
  <EpisodeNumber>9</EpisodeNumber>
  <FirstAired>2008-11-24</FirstAired>
  <GuestStars>Brooke Nevin|Hayes MacArthur|RonReaco Lee|Nick Kroll|Connie Ray|Sam Younis|Kathryn J. Taylor|Jessica St. Clair|Fred Willard|Jordan Black|Olympia Dukakis|Philip Baker Hall|John Aniston</GuestStars>
  <IMDB_ID></IMDB_ID>
  <Language>en</Language>
  <Overview>Sam has to resolve an argument between Mel and Angela. </Overview>
  <ProductionCode>110</ProductionCode>
  <Rating>7.1</Rating>
  <RatingCount>8</RatingCount>
  <SeasonNumber>1</SeasonNumber>
  <Writer>Gail Lerner</Writer>
  <absolute_number></absolute_number>
  <filename>episodes/82895/409286.jpg</filename>
  <lastupdated>1334588598</lastupdated>
  <seasonid>34805</seasonid>
  <seriesid>82895</seriesid>
</Episode>
<Episode>
  <id>409287</id>
  <Combined_episodenumber>11.0</Combined_episodenumber>
  <Combined_season>1</Combined_season>
  <DVD_chapter></DVD_chapter>
  <DVD_discid></DVD_discid>
  <DVD_episodenumber>11.0</DVD_episodenumber>
  <DVD_season>1</DVD_season>
  <Director>Fred Savage</Director>
  <EpImgFlag>2</EpImgFlag>
  <EpisodeName>The Apartment</EpisodeName>
  <EpisodeNumber>10</EpisodeNumber>
  <FirstAired>2008-12-08</FirstAired>
  <GuestStars>John Ross Bowie|Ken Jeong|</GuestStars>
  <IMDB_ID></IMDB_ID>
  <Language>en</Language>
  <Overview>Mel tries to prove she doesn't need help from Angela when she considers renting the apartment above Sam and Mel, to be closer when the baby comes.</Overview>
  <ProductionCode>111</ProductionCode>
  <Rating>7.5</Rating>
  <RatingCount>8</RatingCount>
  <SeasonNumber>1</SeasonNumber>
  <Writer>Lon Zimmet, Daniel J. Rubin</Writer>
  <absolute_number></absolute_number>
  <filename>episodes/82895/409287.jpg</filename>
  <lastupdated>1334588610</lastupdated>
  <seasonid>34805</seasonid>
  <seriesid>82895</seriesid>
</Episode>
<Episode>
  <id>414047</id>
  <Combined_episodenumber>12.0</Combined_episodenumber>
  <Combined_season>1</Combined_season>
  <DVD_chapter></DVD_chapter>
  <DVD_discid></DVD_discid>
  <DVD_episodenumber>12.0</DVD_episodenumber>
  <DVD_season>1</DVD_season>
  <Director>Adam Bernstein</Director>
  <EpImgFlag>1</EpImgFlag>
  <EpisodeName>The Gift</EpisodeName>
  <EpisodeNumber>11</EpisodeNumber>
  <FirstAired>2008-12-15</FirstAired>
  <GuestStars>Nick Kroll|Scott Beehner|Jim Cashman|Jerry Minor|Mindy Sterling|Ilia Volok|Natasha Leggero|Brian Patrick Mulligan|Johnny Kostrey</GuestStars>
  <IMDB_ID></IMDB_ID>
  <Language>en</Language>
  <Overview>When Sam learns that Dick buys Angela the same Christmas gift every year, he offers to help him get something really special for her...but Sam's attempt to deliver the perfect present does not go as well as he planned.</Overview>
  <ProductionCode>112</ProductionCode>
  <Rating>7.0</Rating>
  <RatingCount>5</RatingCount>
  <SeasonNumber>1</SeasonNumber>
  <Writer>Alison Brown</Writer>
  <absolute_number></absolute_number>
  <filename>episodes/82895/414047.jpg</filename>
  <lastupdated>1334588618</lastupdated>
  <seasonid>34805</seasonid>
  <seriesid>82895</seriesid>
</Episode>
<Episode>
  <id>424069</id>
  <Combined_episodenumber>13.0</Combined_episodenumber>
  <Combined_season>1</Combined_season>
  <DVD_chapter></DVD_chapter>
  <DVD_discid></DVD_discid>
  <DVD_episodenumber>13.0</DVD_episodenumber>
  <DVD_season>1</DVD_season>
  <Director>Phil Traill</Director>
  <EpImgFlag>2</EpImgFlag>
  <EpisodeName>The Article</EpisodeName>
  <EpisodeNumber>12</EpisodeNumber>
  <FirstAired>2009-01-12</FirstAired>
  <GuestStars>Cindy Drummond|Angelina Spicer|Latanya Williams|Jina Song</GuestStars>
  <IMDB_ID></IMDB_ID>
  <Language>en</Language>
  <Overview>Sam feels a need to empty the picture left in his mind after accidentally walking in on Angela at a gynecologist office, which causes him to write down his personal and private thoughts...which wind up in the wrong hands. </Overview>
  <ProductionCode>113</ProductionCode>
  <Rating>7.0</Rating>
  <RatingCount>8</RatingCount>
  <SeasonNumber>1</SeasonNumber>
  <Writer>Neil Goldman|Garrett Donovan</Writer>
  <absolute_number></absolute_number>
  <filename>episodes/82895/424069.jpg</filename>
  <lastupdated>1334588626</lastupdated>
  <seasonid>34805</seasonid>
  <seriesid>82895</seriesid>
</Episode>
<Episode>
  <id>424070</id>
  <Combined_episodenumber>14.0</Combined_episodenumber>
  <Combined_season>1</Combined_season>
  <DVD_chapter></DVD_chapter>
  <DVD_discid></DVD_discid>
  <DVD_episodenumber>14.0</DVD_episodenumber>
  <DVD_season>1</DVD_season>
  <Director>Michael Spiller</Director>
  <EpImgFlag>2</EpImgFlag>
  <EpisodeName>The Puppy</EpisodeName>
  <EpisodeNumber>13</EpisodeNumber>
  <FirstAired>2009-01-19</FirstAired>
  <GuestStars>Scott Beehner|Jillian Bell|Hahn Cho|Michael Spiller|Sandra Balacaitis|Sabrina Miller|Diedrich Bader|Amy Yasbeck</GuestStars>
  <IMDB_ID></IMDB_ID>
  <Language>en</Language>
  <Overview>When Sam sees a litter of puppies being born, he worries he might not be able to handle the birth of his own child.</Overview>
  <ProductionCode>114</ProductionCode>
  <Rating>7.0</Rating>
  <RatingCount>8</RatingCount>
  <SeasonNumber>1</SeasonNumber>
  <Writer>Gail Lerner</Writer>
  <absolute_number></absolute_number>
  <filename>episodes/82895/424070.jpg</filename>
  <lastupdated>1334588635</lastupdated>
  <seasonid>34805</seasonid>
  <seriesid>82895</seriesid>
</Episode>
<Episode>
  <id>428844</id>
  <Combined_episodenumber>15.0</Combined_episodenumber>
  <Combined_season>1</Combined_season>
  <DVD_chapter></DVD_chapter>
  <DVD_discid></DVD_discid>
  <DVD_episodenumber>15.0</DVD_episodenumber>
  <DVD_season>1</DVD_season>
  <Director>Michael Lehmann</Director>
  <EpImgFlag>2</EpImgFlag>
  <EpisodeName>The Sex</EpisodeName>
  <EpisodeNumber>14</EpisodeNumber>
  <FirstAired>2009-02-02</FirstAired>
  <GuestStars>Brian Huskey|Celine Tien|David Gore|David Hunt Stafford</GuestStars>
  <IMDB_ID></IMDB_ID>
  <Language>en</Language>
  <Overview>Sam and Mel were caught in an intimate moment when their nephew took their picture, and now plans on showing it around his school.</Overview>
  <ProductionCode>115</ProductionCode>
  <Rating>7.8</Rating>
  <RatingCount>8</RatingCount>
  <SeasonNumber>1</SeasonNumber>
  <Writer>Gregg Mettler</Writer>
  <absolute_number></absolute_number>
  <filename>episodes/82895/428844.jpg</filename>
  <lastupdated>1334588641</lastupdated>
  <seasonid>34805</seasonid>
  <seriesid>82895</seriesid>
</Episode>
<Episode>
  <id>431231</id>
  <Combined_episodenumber>16.0</Combined_episodenumber>
  <Combined_season>1</Combined_season>
  <DVD_chapter></DVD_chapter>
  <DVD_discid></DVD_discid>
  <DVD_episodenumber>16.0</DVD_episodenumber>
  <DVD_season>1</DVD_season>
  <Director>Michael Spiller</Director>
  <EpImgFlag>2</EpImgFlag>
  <EpisodeName>The Epidural</EpisodeName>
  <EpisodeNumber>15</EpisodeNumber>
  <FirstAired>2009-02-16</FirstAired>
  <GuestStars></GuestStars>
  <IMDB_ID></IMDB_ID>
  <Language>en</Language>
  <Overview>While Mel goes into labor, Sam does his best to make it to the hospital in time but ends up at the wrong one.</Overview>
  <ProductionCode>116</ProductionCode>
  <Rating>7.8</Rating>
  <RatingCount>4</RatingCount>
  <SeasonNumber>1</SeasonNumber>
  <Writer>Luvh Rakhe</Writer>
  <absolute_number></absolute_number>
  <filename>episodes/82895/431231.jpg</filename>
  <lastupdated>1334588649</lastupdated>
  <seasonid>34805</seasonid>
  <seriesid>82895</seriesid>
</Episode>
<Episode>
  <id>728201</id>
  <Combined_episodenumber>5.0</Combined_episodenumber>
  <Combined_season>1</Combined_season>
  <DVD_chapter></DVD_chapter>
  <DVD_discid></DVD_discid>
  <DVD_episodenumber>5.0</DVD_episodenumber>
  <DVD_season>1</DVD_season>
  <Director>John Fortenberry</Director>
  <EpImgFlag>2</EpImgFlag>
  <EpisodeName>The Party</EpisodeName>
  <EpisodeNumber>16</EpisodeNumber>
  <FirstAired>2009-06-06</FirstAired>
  <GuestStars></GuestStars>
  <IMDB_ID></IMDB_ID>
  <Language>en</Language>
  <Overview>Sam manages to lose his pants while helping in the preparation of Dick's birthday party.</Overview>
  <ProductionCode>105</ProductionCode>
  <Rating>7.9</Rating>
  <RatingCount>12</RatingCount>
  <SeasonNumber>1</SeasonNumber>
  <Writer>Sam Laybourne</Writer>
  <absolute_number></absolute_number>
  <filename>episodes/82895/728201.jpg</filename>
  <lastupdated>1334588525</lastupdated>
  <seasonid>34805</seasonid>
  <seriesid>82895</seriesid>
</Episode>
</Data>