<?xml version="1.0" encoding="UTF-8" ?>
<Actors>
<Actor>
  <id>181421</id>
  <Image>actors/181421.jpg</Image>
  <Name>Matthew Perry</Name>
  <Role>Ben</Role>
  <SortOrder>0</SortOrder>
</Actor>
<Actor>
  <id>181441</id>
  <Image>actors/181441.jpg</Image>
  <Name>Allison Janney</Name>
  <Role>Crystal Cohen</Role>
  <SortOrder>1</SortOrder>
</Actor>
<Actor>
  <id>181431</id>
  <Image>actors/181431.jpg</Image>
  <Name>Andrea Anders</Name>
  <Role>Alice</Role>
  <SortOrder>2</SortOrder>
</Actor>
<Actor>
  <id>181471</id>
  <Image>actors/181471.jpg</Image>
  <Name>Portia Doubleday</Name>
  <Role>Heather</Role>
  <SortOrder>3</SortOrder>
</Actor>
<Actor>
  <id>181461</id>
  <Image>actors/181461.jpg</Image>
  <Name>Nate Torrence</Name>
  <Role>Roman Cohen</Role>
  <SortOrder>3</SortOrder>
</Actor>
<Actor>
  <id>181451</id>
  <Image>actors/181451.jpg</Image>
  <Name>James LeSure</Name>
  <Role>Alonzo</Role>
  <SortOrder>3</SortOrder>
</Actor>
</Actors>