<?xml version="1.0" encoding="UTF-8" ?>
<Data><Series>
  <id>164481</id>
  <Actors>|Matthew Perry|Allison Janney|Andrea Anders|Portia Doubleday|Nate Torrence|James LeSure|</Actors>
  <Airs_DayOfWeek>Wednesday</Airs_DayOfWeek>
  <Airs_Time>09:30 PM</Airs_Time>
  <ContentRating>TV-PG</ContentRating>
  <FirstAired>2011-02-09</FirstAired>
  <Genre>|Comedy|</Genre>
  <IMDB_ID>tt1583638</IMDB_ID>
  <Language>en</Language>
  <Network>ABC</Network>
  <NetworkID></NetworkID>
  <Overview>Matthew Perry stars as Ben Donovan, the self-involved manager of a second-rate San Diego sports arena who begins to re-evaluate his life on his 40th birthday. Working alongside him is his boss and arena owner, Crystal--attractive, powerful and highly erratic; Alice--the cute, tomboyish marketing director and Ben's friend with benefits; Alonzo--a former basketball player, handsome and unbelievably happy; Ben's assistant, Heather--pretty, sweet, but terrifying because she once lit a boyfriend on fire; Crystal's son, Roman--sweet-faced, clueless and Ben's newest employee; and a hapless operations crew whom Ben refers to collectively as the &quot;Steves.&quot;

Mr. Sunshine stars Matthew Perry (Friends) as Ben, Allison Janney (The West Wing) as Crystal, Andrea Anders as Alice, James Lesure as Alonzo, Nate Torrence as Roman and Portia Doubleday as Heather.
</Overview>
  <Rating>8.3</Rating>
  <RatingCount>18</RatingCount>
  <Runtime>20</Runtime>
  <SeriesID></SeriesID>
  <SeriesName>Mr. Sunshine (2011)</SeriesName>
  <Status>Ended</Status>
  <added>2010-05-21 15:57:23</added>
  <addedBy>140571</addedBy>
  <banner>graphical/164481-g2.jpg</banner>
  <fanart>fanart/original/164481-1.jpg</fanart>
  <lastupdated>1364851086</lastupdated>
  <poster>posters/164481-3.jpg</poster>
  <zap2it_id></zap2it_id>
</Series>
<Episode>
  <id>3175901</id>
  <Combined_episodenumber>1</Combined_episodenumber>
  <Combined_season>1</Combined_season>
  <DVD_chapter></DVD_chapter>
  <DVD_discid></DVD_discid>
  <DVD_episodenumber></DVD_episodenumber>
  <DVD_season></DVD_season>
  <Director></Director>
  <EpImgFlag>3</EpImgFlag>
  <EpisodeName>Pilot</EpisodeName>
  <EpisodeNumber>1</EpisodeNumber>
  <FirstAired>2011-02-09</FirstAired>
  <GuestStars></GuestStars>
  <IMDB_ID></IMDB_ID>
  <Language>en</Language>
  <Overview>Ben spends his 40th birthday trying to get rid of a hockey rink that won't melt, looking for an elephant lost in the building, and trying to fix a PR nightmare; Alice ends her casual relationship with Ben.</Overview>
  <ProductionCode></ProductionCode>
  <Rating>7.2</Rating>
  <RatingCount>31</RatingCount>
  <SeasonNumber>1</SeasonNumber>
  <Writer></Writer>
  <absolute_number></absolute_number>
  <filename>episodes/164481/3175901.jpg</filename>
  <lastupdated>1362244990</lastupdated>
  <seasonid>359381</seasonid>
  <seriesid>164481</seriesid>
</Episode>
<Episode>
  <id>3627481</id>
  <Combined_episodenumber>2</Combined_episodenumber>
  <Combined_season>1</Combined_season>
  <DVD_chapter></DVD_chapter>
  <DVD_discid></DVD_discid>
  <DVD_episodenumber></DVD_episodenumber>
  <DVD_season></DVD_season>
  <Director></Director>
  <EpImgFlag>2</EpImgFlag>
  <EpisodeName>Employee of the Year</EpisodeName>
  <EpisodeNumber>2</EpisodeNumber>
  <FirstAired>2011-02-16</FirstAired>
  <GuestStars></GuestStars>
  <IMDB_ID></IMDB_ID>
  <Language>en</Language>
  <Overview>Crystal holds a contest for Employee of the Year despite having chosen a winner already; Ben must cater to the needs of a teen heartthrob (Nick Jonas) who is set to perform at the arena.</Overview>
  <ProductionCode></ProductionCode>
  <Rating>7.3</Rating>
  <RatingCount>31</RatingCount>
  <SeasonNumber>1</SeasonNumber>
  <Writer></Writer>
  <absolute_number></absolute_number>
  <filename>episodes/164481/3627481.jpg</filename>
  <lastupdated>1362245015</lastupdated>
  <seasonid>359381</seasonid>
  <seriesid>164481</seriesid>
</Episode>
<Episode>
  <id>3665551</id>
  <Combined_episodenumber>3</Combined_episodenumber>
  <Combined_season>1</Combined_season>
  <DVD_chapter></DVD_chapter>
  <DVD_discid></DVD_discid>
  <DVD_episodenumber></DVD_episodenumber>
  <DVD_season></DVD_season>
  <Director></Director>
  <EpImgFlag>2</EpImgFlag>
  <EpisodeName>Heather's Sister</EpisodeName>
  <EpisodeNumber>3</EpisodeNumber>
  <FirstAired>2011-02-23</FirstAired>
  <GuestStars></GuestStars>
  <IMDB_ID></IMDB_ID>
  <Language>en</Language>
  <Overview>When Heather sets Ben up on a blind date with her sister, Stephanie, he finds he has a lot in common with her... until he realizes Stephanie is crazy. In an effort to help Roman muster the courage to ask Heather out, Ben finds himself reluctantly on a group date with Stephanie, Roman and Heather. Meanwhile, Crystal has asked Alonzo to walk her dog in a dog show, and Alice tries to impress her best friend who's come for a visit.</Overview>
  <ProductionCode></ProductionCode>
  <Rating>7.3</Rating>
  <RatingCount>26</RatingCount>
  <SeasonNumber>1</SeasonNumber>
  <Writer></Writer>
  <absolute_number></absolute_number>
  <filename>episodes/164481/3665551.jpg</filename>
  <lastupdated>1362245034</lastupdated>
  <seasonid>359381</seasonid>
  <seriesid>164481</seriesid>
</Episode>
<Episode>
  <id>3665591</id>
  <Combined_episodenumber>4</Combined_episodenumber>
  <Combined_season>1</Combined_season>
  <DVD_chapter></DVD_chapter>
  <DVD_discid></DVD_discid>
  <DVD_episodenumber></DVD_episodenumber>
  <DVD_season></DVD_season>
  <Director></Director>
  <EpImgFlag>2</EpImgFlag>
  <EpisodeName>Hostile Workplace</EpisodeName>
  <EpisodeNumber>4</EpisodeNumber>
  <FirstAired>2011-03-02</FirstAired>
  <GuestStars></GuestStars>
  <IMDB_ID></IMDB_ID>
  <Language>en</Language>
  <Overview>Ben's plan to get his employees to like him backfires. Meanwhile, Crystal invites Alice and Alonzo on a double date with her new beau, and Ben gives Heather the responsibility of finding a new halftime act when the Sunshine Center mascot suddenly quits.</Overview>
  <ProductionCode></ProductionCode>
  <Rating>7.5</Rating>
  <RatingCount>24</RatingCount>
  <SeasonNumber>1</SeasonNumber>
  <Writer></Writer>
  <absolute_number></absolute_number>
  <filename>episodes/164481/3665591.jpg</filename>
  <lastupdated>1362245051</lastupdated>
  <seasonid>359381</seasonid>
  <seriesid>164481</seriesid>
</Episode>
<Episode>
  <id>3665601</id>
  <Combined_episodenumber>5</Combined_episodenumber>
  <Combined_season>1</Combined_season>
  <DVD_chapter></DVD_chapter>
  <DVD_discid></DVD_discid>
  <DVD_episodenumber></DVD_episodenumber>
  <DVD_season></DVD_season>
  <Director>Beth McCarthy Miller</Director>
  <EpImgFlag>3</EpImgFlag>
  <EpisodeName>Crystal on Ice</EpisodeName>
  <EpisodeNumber>5</EpisodeNumber>
  <FirstAired>2011-03-09</FirstAired>
  <GuestStars>Aaron Takahashi, Mike Rad</GuestStars>
  <IMDB_ID></IMDB_ID>
  <Language>en</Language>
  <Overview>Ben discovers Roman has no place to stay and reluctantly takes him in, Crystal harbors animosity for a certain ice dancing group, and Alice feels guilty when she fails to keep up with her &quot;perfect man.&quot;</Overview>
  <ProductionCode></ProductionCode>
  <Rating>7.6</Rating>
  <RatingCount>27</RatingCount>
  <SeasonNumber>1</SeasonNumber>
  <Writer>Matthew Carlson</Writer>
  <absolute_number></absolute_number>
  <filename>episodes/164481/3665601.jpg</filename>
  <lastupdated>1362245071</lastupdated>
  <seasonid>359381</seasonid>
  <seriesid>164481</seriesid>
</Episode>
<Episode>
  <id>3665611</id>
  <Combined_episodenumber>6</Combined_episodenumber>
  <Combined_season>1</Combined_season>
  <DVD_chapter></DVD_chapter>
  <DVD_discid></DVD_discid>
  <DVD_episodenumber></DVD_episodenumber>
  <DVD_season></DVD_season>
  <Director>Randall Einhorn</Director>
  <EpImgFlag>2</EpImgFlag>
  <EpisodeName>Lingerie Football</EpisodeName>
  <EpisodeNumber>6</EpisodeNumber>
  <FirstAired>2011-03-14</FirstAired>
  <GuestStars>James Taylor</GuestStars>
  <IMDB_ID></IMDB_ID>
  <Language>en</Language>
  <Overview>Ben helps Crystal find closure with her ex-husband, while Alice helps Alonzo deal with two billionaires. Meanwhile, Roman helps Ben by keeping Ben's date, the quarterback of a woman's lingerie football team, occupied.</Overview>
  <ProductionCode></ProductionCode>
  <Rating>7.3</Rating>
  <RatingCount>23</RatingCount>
  <SeasonNumber>1</SeasonNumber>
  <Writer>Matthew Carlson</Writer>
  <absolute_number></absolute_number>
  <filename>episodes/164481/3665611.jpg</filename>
  <lastupdated>1362245089</lastupdated>
  <seasonid>359381</seasonid>
  <seriesid>164481</seriesid>
</Episode>
<Episode>
  <id>3851831</id>
  <Combined_episodenumber>7</Combined_episodenumber>
  <Combined_season>1</Combined_season>
  <DVD_chapter></DVD_chapter>
  <DVD_discid></DVD_discid>
  <DVD_episodenumber></DVD_episodenumber>
  <DVD_season></DVD_season>
  <Director></Director>
  <EpImgFlag>2</EpImgFlag>
  <EpisodeName>Celebrity Tennis</EpisodeName>
  <EpisodeNumber>7</EpisodeNumber>
  <FirstAired>2011-03-23</FirstAired>
  <GuestStars></GuestStars>
  <IMDB_ID></IMDB_ID>
  <Language>en</Language>
  <Overview>Ben and Alonzo compete against tennis legend Jimmy Connors and actor Fred Savage in a celebrity tennis tournament; a careless act brings Crystal closer to her son.</Overview>
  <ProductionCode></ProductionCode>
  <Rating>7.3</Rating>
  <RatingCount>22</RatingCount>
  <SeasonNumber>1</SeasonNumber>
  <Writer></Writer>
  <absolute_number></absolute_number>
  <filename>episodes/164481/3851831.jpg</filename>
  <lastupdated>1362245107</lastupdated>
  <seasonid>359381</seasonid>
  <seriesid>164481</seriesid>
</Episode>
<Episode>
  <id>3894641</id>
  <Combined_episodenumber>8</Combined_episodenumber>
  <Combined_season>1</Combined_season>
  <DVD_chapter></DVD_chapter>
  <DVD_discid></DVD_discid>
  <DVD_episodenumber></DVD_episodenumber>
  <DVD_season></DVD_season>
  <Director></Director>
  <EpImgFlag>2</EpImgFlag>
  <EpisodeName>The Assistant</EpisodeName>
  <EpisodeNumber>8</EpisodeNumber>
  <FirstAired>2011-03-30</FirstAired>
  <GuestStars>Jorge Garcia|Portia Doubleday|Richard Kind</GuestStars>
  <IMDB_ID></IMDB_ID>
  <Language>en</Language>
  <Overview>When Roman becomes Alice's assistant, he surpasses her expectations; Alonzo makes a confession about a past relationship.</Overview>
  <ProductionCode></ProductionCode>
  <Rating>7.2</Rating>
  <RatingCount>16</RatingCount>
  <SeasonNumber>1</SeasonNumber>
  <Writer></Writer>
  <absolute_number></absolute_number>
  <filename>episodes/164481/3894641.jpg</filename>
  <lastupdated>1362245124</lastupdated>
  <seasonid>359381</seasonid>
  <seriesid>164481</seriesid>
</Episode>
<Episode>
  <id>3894661</id>
  <Combined_episodenumber>9</Combined_episodenumber>
  <Combined_season>1</Combined_season>
  <DVD_chapter></DVD_chapter>
  <DVD_discid></DVD_discid>
  <DVD_episodenumber></DVD_episodenumber>
  <DVD_season></DVD_season>
  <Director></Director>
  <EpImgFlag>2</EpImgFlag>
  <EpisodeName>Ben and Vivian</EpisodeName>
  <EpisodeNumber>9</EpisodeNumber>
  <FirstAired>2011-04-06</FirstAired>
  <GuestStars>Lizzy Caplan | David Pressman | Toby Huss |</GuestStars>
  <IMDB_ID></IMDB_ID>
  <Language>en</Language>
  <Overview>Ben is in for a surprise when his one-night-stand turns out to be Crystal's new assistant, Vivian. When Ben and Vivian try to continue their &quot;no strings attached&quot; relationship, Ben discovers something about himself. Meanwhile, Crystal's efforts to be a responsible mom to Roman are derailed, and the mascot sends Alonzo over the edge.</Overview>
  <ProductionCode></ProductionCode>
  <Rating>7.2</Rating>
  <RatingCount>16</RatingCount>
  <SeasonNumber>1</SeasonNumber>
  <Writer></Writer>
  <absolute_number></absolute_number>
  <filename>episodes/164481/3894661.jpg</filename>
  <lastupdated>1362245154</lastupdated>
  <seasonid>359381</seasonid>
  <seriesid>164481</seriesid>
</Episode>
<Episode>
  <id>4200727</id>
  <Combined_episodenumber>10.0</Combined_episodenumber>
  <Combined_season>1</Combined_season>
  <DVD_chapter></DVD_chapter>
  <DVD_discid></DVD_discid>
  <DVD_episodenumber>10.0</DVD_episodenumber>
  <DVD_season></DVD_season>
  <Director></Director>
  <EpImgFlag>2</EpImgFlag>
  <EpisodeName>Self Help</EpisodeName>
  <EpisodeNumber>10</EpisodeNumber>
  <FirstAired></FirstAired>
  <GuestStars></GuestStars>
  <IMDB_ID></IMDB_ID>
  <Language>en</Language>
  <Overview>Unaired episode</Overview>
  <ProductionCode></ProductionCode>
  <Rating></Rating>
  <RatingCount>0</RatingCount>
  <SeasonNumber>1</SeasonNumber>
  <Writer></Writer>
  <absolute_number></absolute_number>
  <filename>episodes/164481/4200727.jpg</filename>
  <lastupdated>1362245265</lastupdated>
  <seasonid>359381</seasonid>
  <seriesid>164481</seriesid>
</Episode>
<Episode>
  <id>4200728</id>
  <Combined_episodenumber>11.0</Combined_episodenumber>
  <Combined_season>1</Combined_season>
  <DVD_chapter></DVD_chapter>
  <DVD_discid></DVD_discid>
  <DVD_episodenumber>11.0</DVD_episodenumber>
  <DVD_season></DVD_season>
  <Director></Director>
  <EpImgFlag>2</EpImgFlag>
  <EpisodeName>Family Business</EpisodeName>
  <EpisodeNumber>11</EpisodeNumber>
  <FirstAired></FirstAired>
  <GuestStars></GuestStars>
  <IMDB_ID></IMDB_ID>
  <Language>en</Language>
  <Overview>Unaired episode</Overview>
  <ProductionCode></ProductionCode>
  <Rating></Rating>
  <RatingCount>0</RatingCount>
  <SeasonNumber>1</SeasonNumber>
  <Writer></Writer>
  <absolute_number></absolute_number>
  <filename>episodes/164481/4200728.jpg</filename>
  <lastupdated>1362245295</lastupdated>
  <seasonid>359381</seasonid>
  <seriesid>164481</seriesid>
</Episode>
<Episode>
  <id>4200730</id>
  <Combined_episodenumber>12.0</Combined_episodenumber>
  <Combined_season>1</Combined_season>
  <DVD_chapter></DVD_chapter>
  <DVD_discid></DVD_discid>
  <DVD_episodenumber>12.0</DVD_episodenumber>
  <DVD_season></DVD_season>
  <Director></Director>
  <EpImgFlag>2</EpImgFlag>
  <EpisodeName>Cohen and Donovan</EpisodeName>
  <EpisodeNumber>12</EpisodeNumber>
  <FirstAired></FirstAired>
  <GuestStars></GuestStars>
  <IMDB_ID></IMDB_ID>
  <Language>en</Language>
  <Overview>Unaired episode</Overview>
  <ProductionCode></ProductionCode>
  <Rating>6.0</Rating>
  <RatingCount>1</RatingCount>
  <SeasonNumber>1</SeasonNumber>
  <Writer></Writer>
  <absolute_number></absolute_number>
  <filename>episodes/164481/4200730.jpg</filename>
  <lastupdated>1362245318</lastupdated>
  <seasonid>359381</seasonid>
  <seriesid>164481</seriesid>
</Episode>
<Episode>
  <id>4200729</id>
  <Combined_episodenumber>13.0</Combined_episodenumber>
  <Combined_season>1</Combined_season>
  <DVD_chapter></DVD_chapter>
  <DVD_discid></DVD_discid>
  <DVD_episodenumber>13.0</DVD_episodenumber>
  <DVD_season></DVD_season>
  <Director></Director>
  <EpImgFlag>2</EpImgFlag>
  <EpisodeName>The Best Man</EpisodeName>
  <EpisodeNumber>13</EpisodeNumber>
  <FirstAired></FirstAired>
  <GuestStars></GuestStars>
  <IMDB_ID></IMDB_ID>
  <Language>en</Language>
  <Overview>Unaired episode</Overview>
  <ProductionCode></ProductionCode>
  <Rating>8.0</Rating>
  <RatingCount>1</RatingCount>
  <SeasonNumber>1</SeasonNumber>
  <Writer></Writer>
  <absolute_number></absolute_number>
  <filename>episodes/164481/4200729.jpg</filename>
  <lastupdated>1362245339</lastupdated>
  <seasonid>359381</seasonid>
  <seriesid>164481</seriesid>
</Episode>
</Data>