<?xml version="1.0" encoding="UTF-8" ?>
<Actors>
<Actor>
  <id>77312</id>
  <Image>actors/77312.jpg</Image>
  <Name>Stephen Moyer</Name>
  <Role>Bill Compton</Role>
  <SortOrder>0</SortOrder>
</Actor>
<Actor>
  <id>77305</id>
  <Image>actors/77305.jpg</Image>
  <Name>Anna Paquin</Name>
  <Role>Sookie Stackhouse</Role>
  <SortOrder>0</SortOrder>
</Actor>
<Actor>
  <id>81490</id>
  <Image>actors/81490.jpg</Image>
  <Name>Alexander Skarsgård</Name>
  <Role>Eric Northman</Role>
  <SortOrder>1</SortOrder>
</Actor>
<Actor>
  <id>78615</id>
  <Image>actors/78615.jpg</Image>
  <Name>Rutina Wesley</Name>
  <Role>Tara Thornton</Role>
  <SortOrder>1</SortOrder>
</Actor>
<Actor>
  <id>77307</id>
  <Image>actors/77307.jpg</Image>
  <Name>Nelsan Ellis</Name>
  <Role>Lafayette Reynolds</Role>
  <SortOrder>1</SortOrder>
</Actor>
<Actor>
  <id>77306</id>
  <Image>actors/77306.jpg</Image>
  <Name>Ryan Kwanten</Name>
  <Role>Jason Stackhouse</Role>
  <SortOrder>1</SortOrder>
</Actor>
<Actor>
  <id>218841</id>
  <Image>actors/218841.jpg</Image>
  <Name>Kristin Bauer</Name>
  <Role>Pam De Beaufort</Role>
  <SortOrder>1</SortOrder>
</Actor>
<Actor>
  <id>102471</id>
  <Image>actors/102471.jpg</Image>
  <Name>Deborah Ann Woll</Name>
  <Role>Jessica</Role>
  <SortOrder>1</SortOrder>
</Actor>
<Actor>
  <id>81491</id>
  <Image>actors/81491.jpg</Image>
  <Name>Carrie Preston</Name>
  <Role>Arlene Fowler</Role>
  <SortOrder>2</SortOrder>
</Actor>
<Actor>
  <id>102511</id>
  <Image>actors/102511.jpg</Image>
  <Name>William Sanderson</Name>
  <Role>Sheriff Bud Dearborne</Role>
  <SortOrder>2</SortOrder>
</Actor>
<Actor>
  <id>102481</id>
  <Image>actors/102481.jpg</Image>
  <Name>Chris Bauer</Name>
  <Role>Detective Andy Bellefleur</Role>
  <SortOrder>2</SortOrder>
</Actor>
<Actor>
  <id>78713</id>
  <Image>actors/78713.jpg</Image>
  <Name>Lois Smith</Name>
  <Role>Adele Stackhouse</Role>
  <SortOrder>3</SortOrder>
</Actor>
<Actor>
  <id>77304</id>
  <Image>actors/77304.jpg</Image>
  <Name>Sam Trammell</Name>
  <Role>Sam Merlotte</Role>
  <SortOrder>3</SortOrder>
</Actor>
<Actor>
  <id>303630</id>
  <Image>actors/303630.jpg</Image>
  <Name>Kelly Overton</Name>
  <Role>Rikki</Role>
  <SortOrder>3</SortOrder>
</Actor>
<Actor>
  <id>303629</id>
  <Image>actors/303629.jpg</Image>
  <Name>Jessica Clark</Name>
  <Role>Lilith</Role>
  <SortOrder>3</SortOrder>
</Actor>
<Actor>
  <id>300534</id>
  <Image>actors/300534.jpg</Image>
  <Name>Valentina Cervi</Name>
  <Role>Salome Agrippa</Role>
  <SortOrder>3</SortOrder>
</Actor>
<Actor>
  <id>300290</id>
  <Image>actors/300290.jpg</Image>
  <Name>Christopher Meloni</Name>
  <Role>Roman Zimojic</Role>
  <SortOrder>3</SortOrder>
</Actor>
<Actor>
  <id>300289</id>
  <Image>actors/300289.jpg</Image>
  <Name>Lucy Griffiths</Name>
  <Role>Nora Gainesborough</Role>
  <SortOrder>3</SortOrder>
</Actor>
<Actor>
  <id>300288</id>
  <Image>actors/300288.jpg</Image>
  <Name>Scott Foley</Name>
  <Role>Patrick Devins</Role>
  <SortOrder>3</SortOrder>
</Actor>
<Actor>
  <id>300287</id>
  <Image>actors/300287.jpg</Image>
  <Name>Lauren Bowles</Name>
  <Role>Holly Cleary</Role>
  <SortOrder>3</SortOrder>
</Actor>
<Actor>
  <id>300035</id>
  <Image>actors/300035.jpg</Image>
  <Name>Brit Morgan</Name>
  <Role>Debbie Pelt</Role>
  <SortOrder>3</SortOrder>
</Actor>
<Actor>
  <id>300033</id>
  <Image>actors/300033.jpg</Image>
  <Name>Evan Rachel Wood</Name>
  <Role>Sophie-Anne Leclerq</Role>
  <SortOrder>3</SortOrder>
</Actor>
<Actor>
  <id>300032</id>
  <Image>actors/300032.jpg</Image>
  <Name>Jessica Tuck</Name>
  <Role>Nan Flanagan</Role>
  <SortOrder>3</SortOrder>
</Actor>
<Actor>
  <id>300031</id>
  <Image>actors/300031.jpg</Image>
  <Name>Stephen Root</Name>
  <Role>Eddie Gauthier</Role>
  <SortOrder>3</SortOrder>
</Actor>
<Actor>
  <id>300030</id>
  <Image>actors/300030.jpg</Image>
  <Name>Lizzy Caplan</Name>
  <Role>Amy Burley</Role>
  <SortOrder>3</SortOrder>
</Actor>
<Actor>
  <id>300029</id>
  <Image>actors/300029.jpg</Image>
  <Name>Adina Porter</Name>
  <Role>Lettie Mae Thornton</Role>
  <SortOrder>3</SortOrder>
</Actor>
<Actor>
  <id>300028</id>
  <Image>actors/300028.jpg</Image>
  <Name>Fiona Shaw</Name>
  <Role>Marnie Stonebrook</Role>
  <SortOrder>3</SortOrder>
</Actor>
<Actor>
  <id>300027</id>
  <Image>actors/300027.jpg</Image>
  <Name>Denis O'Hare</Name>
  <Role>Russell Edgington</Role>
  <SortOrder>3</SortOrder>
</Actor>
<Actor>
  <id>300026</id>
  <Image>actors/300026.jpg</Image>
  <Name>Michael Raymond-James</Name>
  <Role>Rene Lenier</Role>
  <SortOrder>3</SortOrder>
</Actor>
<Actor>
  <id>300025</id>
  <Image>actors/300025.jpg</Image>
  <Name>Mariana Klaveno</Name>
  <Role>Lorena Krasiki</Role>
  <SortOrder>3</SortOrder>
</Actor>
<Actor>
  <id>300024</id>
  <Image>actors/300024.jpg</Image>
  <Name>Lindsay Pulsipher</Name>
  <Role>Crystal Norris</Role>
  <SortOrder>3</SortOrder>
</Actor>
<Actor>
  <id>300023</id>
  <Image>actors/300023.jpg</Image>
  <Name>Marshall Allman</Name>
  <Role>Tommy Mickens</Role>
  <SortOrder>3</SortOrder>
</Actor>
<Actor>
  <id>300022</id>
  <Image>actors/300022.jpg</Image>
  <Name>Todd Lowe</Name>
  <Role>Terry Bellefleur</Role>
  <SortOrder>3</SortOrder>
</Actor>
<Actor>
  <id>300021</id>
  <Image>actors/300021.jpg</Image>
  <Name>Jim Parrack</Name>
  <Role>Hoyt Fortenberry</Role>
  <SortOrder>3</SortOrder>
</Actor>
<Actor>
  <id>290012</id>
  <Image>actors/290012.jpg</Image>
  <Name>Joe Manganiello</Name>
  <Role>Alcide Herveaux</Role>
  <SortOrder>3</SortOrder>
</Actor>
<Actor>
  <id>290011</id>
  <Image>actors/290011.jpg</Image>
  <Name>Kevin Alejandro</Name>
  <Role>Jesus Velasquez</Role>
  <SortOrder>3</SortOrder>
</Actor>
<Actor>
  <id>290005</id>
  <Image>actors/290005.jpg</Image>
  <Name>Janina Gavankar</Name>
  <Role>Luna Garza</Role>
  <SortOrder>3</SortOrder>
</Actor>
<Actor>
  <id>107841</id>
  <Image>actors/107841.jpg</Image>
  <Name>Mehcad Brooks </Name>
  <Role>Eggs - Benedict Talley</Role>
  <SortOrder>3</SortOrder>
</Actor>
<Actor>
  <id>106981</id>
  <Image>actors/106981.jpg</Image>
  <Name>Michelle Forbes</Name>
  <Role>Maryann Forrester</Role>
  <SortOrder>3</SortOrder>
</Actor>
<Actor>
  <id>102501</id>
  <Image>actors/102501.jpg</Image>
  <Name>Michael McMillian</Name>
  <Role>Rev. Steve Newlin</Role>
  <SortOrder>3</SortOrder>
</Actor>
<Actor>
  <id>102491</id>
  <Image>actors/102491.jpg</Image>
  <Name>Anna Camp</Name>
  <Role>Sarah Newlin</Role>
  <SortOrder>3</SortOrder>
</Actor>
</Actors>