<?xml version="1.0" encoding="UTF-8" ?>
<Banners>
<Banner>
  <id>477311</id>
  <BannerPath>fanart/original/82283-8.jpg</BannerPath>
  <BannerType>fanart</BannerType>
  <BannerType2>1920x1080</BannerType2>
  <Colors>|89,132,166|1,96,152|31,66,96|</Colors>
  <Language>en</Language>
  <Rating>8.3810</Rating>
  <RatingCount>21</RatingCount>
  <SeriesName>false</SeriesName>
  <ThumbnailPath>_cache/fanart/original/82283-8.jpg</ThumbnailPath>
  <VignettePath>fanart/vignette/82283-8.jpg</VignettePath>
</Banner>
<Banner>
  <id>29360</id>
  <BannerPath>fanart/original/82283-4.jpg</BannerPath>
  <BannerType>fanart</BannerType>
  <BannerType2>1920x1080</BannerType2>
  <Colors>|179,83,95|78,10,21|120,12,28|</Colors>
  <Language>en</Language>
  <Rating>7.3846</Rating>
  <RatingCount>26</RatingCount>
  <SeriesName>false</SeriesName>
  <ThumbnailPath>_cache/fanart/original/82283-4.jpg</ThumbnailPath>
  <VignettePath>fanart/vignette/82283-4.jpg</VignettePath>
</Banner>
<Banner>
  <id>575171</id>
  <BannerPath>fanart/original/82283-28.jpg</BannerPath>
  <BannerType>fanart</BannerType>
  <BannerType2>1280x720</BannerType2>
  <Colors>|97,114,142|134,171,197|1,103,165|</Colors>
  <Language>en</Language>
  <Rating>7.3636</Rating>
  <RatingCount>11</RatingCount>
  <SeriesName>false</SeriesName>
  <ThumbnailPath>_cache/fanart/original/82283-28.jpg</ThumbnailPath>
  <VignettePath>fanart/vignette/82283-28.jpg</VignettePath>
</Banner>
<Banner>
  <id>506861</id>
  <BannerPath>fanart/original/82283-26.jpg</BannerPath>
  <BannerType>fanart</BannerType>
  <BannerType2>1280x720</BannerType2>
  <Colors>|107,104,99|123,113,111|14,15,17|</Colors>
  <Language>en</Language>
  <Rating>6.8333</Rating>
  <RatingCount>6</RatingCount>
  <SeriesName>false</SeriesName>
  <ThumbnailPath>_cache/fanart/original/82283-26.jpg</ThumbnailPath>
  <VignettePath>fanart/vignette/82283-26.jpg</VignettePath>
</Banner>
<Banner>
  <id>135471</id>
  <BannerPath>fanart/original/82283-18.jpg</BannerPath>
  <BannerType>fanart</BannerType>
  <BannerType2>1280x720</BannerType2>
  <Colors>|247,225,201|0,0,0|228,212,189|</Colors>
  <Language>en</Language>
  <Rating>6.8000</Rating>
  <RatingCount>5</RatingCount>
  <SeriesName>false</SeriesName>
  <ThumbnailPath>_cache/fanart/original/82283-18.jpg</ThumbnailPath>
  <VignettePath>fanart/vignette/82283-18.jpg</VignettePath>
</Banner>
<Banner>
  <id>135761</id>
  <BannerPath>fanart/original/82283-19.jpg</BannerPath>
  <BannerType>fanart</BannerType>
  <BannerType2>1920x1080</BannerType2>
  <Colors></Colors>
  <Language>en</Language>
  <Rating>6.7500</Rating>
  <RatingCount>4</RatingCount>
  <SeriesName>true</SeriesName>
  <ThumbnailPath>_cache/fanart/original/82283-19.jpg</ThumbnailPath>
  <VignettePath>fanart/vignette/82283-19.jpg</VignettePath>
</Banner>
<Banner>
  <id>31520</id>
  <BannerPath>fanart/original/82283-7.jpg</BannerPath>
  <BannerType>fanart</BannerType>
  <BannerType2>1280x720</BannerType2>
  <Colors>|242,250,252|12,12,12|90,90,62|</Colors>
  <Language>en</Language>
  <Rating>6.7000</Rating>
  <RatingCount>10</RatingCount>
  <SeriesName>false</SeriesName>
  <ThumbnailPath>_cache/fanart/original/82283-7.jpg</ThumbnailPath>
  <VignettePath>fanart/vignette/82283-7.jpg</VignettePath>
</Banner>
<Banner>
  <id>575181</id>
  <BannerPath>fanart/original/82283-29.jpg</BannerPath>
  <BannerType>fanart</BannerType>
  <BannerType2>1280x720</BannerType2>
  <Colors>|164,149,142|122,114,111|83,4,9|</Colors>
  <Language>en</Language>
  <Rating>6.6250</Rating>
  <RatingCount>8</RatingCount>
  <SeriesName>true</SeriesName>
  <ThumbnailPath>_cache/fanart/original/82283-29.jpg</ThumbnailPath>
  <VignettePath>fanart/vignette/82283-29.jpg</VignettePath>
</Banner>
<Banner>
  <id>864347</id>
  <BannerPath>fanart/original/82283-37.jpg</BannerPath>
  <BannerType>fanart</BannerType>
  <BannerType2>1920x1080</BannerType2>
  <Colors></Colors>
  <Language>en</Language>
  <Rating>6.5000</Rating>
  <RatingCount>2</RatingCount>
  <SeriesName>false</SeriesName>
  <ThumbnailPath>_cache/fanart/original/82283-37.jpg</ThumbnailPath>
  <VignettePath>fanart/vignette/82283-37.jpg</VignettePath>
</Banner>
<Banner>
  <id>163671</id>
  <BannerPath>fanart/original/82283-23.jpg</BannerPath>
  <BannerType>fanart</BannerType>
  <BannerType2>1280x720</BannerType2>
  <Colors></Colors>
  <Language>de</Language>
  <Rating>6.5000</Rating>
  <RatingCount>4</RatingCount>
  <SeriesName>false</SeriesName>
  <ThumbnailPath>_cache/fanart/original/82283-23.jpg</ThumbnailPath>
  <VignettePath>fanart/vignette/82283-23.jpg</VignettePath>
</Banner>
<Banner>
  <id>461821</id>
  <BannerPath>fanart/original/82283-2.jpg</BannerPath>
  <BannerType>fanart</BannerType>
  <BannerType2>1920x1080</BannerType2>
  <Colors>|5,43,66|166,188,211|88,106,128|</Colors>
  <Language>en</Language>
  <Rating>6.5000</Rating>
  <RatingCount>6</RatingCount>
  <SeriesName>true</SeriesName>
  <ThumbnailPath>_cache/fanart/original/82283-2.jpg</ThumbnailPath>
  <VignettePath>fanart/vignette/82283-2.jpg</VignettePath>
</Banner>
<Banner>
  <id>39160</id>
  <BannerPath>fanart/original/82283-9.jpg</BannerPath>
  <BannerType>fanart</BannerType>
  <BannerType2>1280x720</BannerType2>
  <Colors>|190,97,38|3,2,0|42,18,6|</Colors>
  <Language>en</Language>
  <Rating>6.4545</Rating>
  <RatingCount>11</RatingCount>
  <SeriesName>false</SeriesName>
  <ThumbnailPath>_cache/fanart/original/82283-9.jpg</ThumbnailPath>
  <VignettePath>fanart/vignette/82283-9.jpg</VignettePath>
</Banner>
<Banner>
  <id>508671</id>
  <BannerPath>fanart/original/82283-27.jpg</BannerPath>
  <BannerType>fanart</BannerType>
  <BannerType2>1920x1080</BannerType2>
  <Colors>|144,138,150|6,5,11|50,43,51|</Colors>
  <Language>en</Language>
  <Rating>6.4286</Rating>
  <RatingCount>7</RatingCount>
  <SeriesName>false</SeriesName>
  <ThumbnailPath>_cache/fanart/original/82283-27.jpg</ThumbnailPath>
  <VignettePath>fanart/vignette/82283-27.jpg</VignettePath>
</Banner>
<Banner>
  <id>912293</id>
  <BannerPath>fanart/original/82283-45.jpg</BannerPath>
  <BannerType>fanart</BannerType>
  <BannerType2>1920x1080</BannerType2>
  <Colors></Colors>
  <Language>en</Language>
  <Rating>6.0000</Rating>
  <RatingCount>1</RatingCount>
  <SeriesName>false</SeriesName>
  <ThumbnailPath>_cache/fanart/original/82283-45.jpg</ThumbnailPath>
  <VignettePath>fanart/vignette/82283-45.jpg</VignettePath>
</Banner>
<Banner>
  <id>136031</id>
  <BannerPath>fanart/original/82283-20.jpg</BannerPath>
  <BannerType>fanart</BannerType>
  <BannerType2>1920x1080</BannerType2>
  <Colors></Colors>
  <Language>en</Language>
  <Rating>5.6667</Rating>
  <RatingCount>3</RatingCount>
  <SeriesName>true</SeriesName>
  <ThumbnailPath>_cache/fanart/original/82283-20.jpg</ThumbnailPath>
  <VignettePath>fanart/vignette/82283-20.jpg</VignettePath>
</Banner>
<Banner>
  <id>864348</id>
  <BannerPath>fanart/original/82283-38.jpg</BannerPath>
  <BannerType>fanart</BannerType>
  <BannerType2>1920x1080</BannerType2>
  <Colors></Colors>
  <Language>en</Language>
  <Rating>5.5000</Rating>
  <RatingCount>2</RatingCount>
  <SeriesName>false</SeriesName>
  <ThumbnailPath>_cache/fanart/original/82283-38.jpg</ThumbnailPath>
  <VignettePath>fanart/vignette/82283-38.jpg</VignettePath>
</Banner>
<Banner>
  <id>772441</id>
  <BannerPath>fanart/original/82283-34.jpg</BannerPath>
  <BannerType>fanart</BannerType>
  <BannerType2>1920x1080</BannerType2>
  <Colors></Colors>
  <Language>en</Language>
  <Rating>5.5000</Rating>
  <RatingCount>2</RatingCount>
  <SeriesName>false</SeriesName>
  <ThumbnailPath>_cache/fanart/original/82283-34.jpg</ThumbnailPath>
  <VignettePath>fanart/vignette/82283-34.jpg</VignettePath>
</Banner>
<Banner>
  <id>29758</id>
  <BannerPath>fanart/original/82283-3.jpg</BannerPath>
  <BannerType>fanart</BannerType>
  <BannerType2>1280x720</BannerType2>
  <Colors>|48,17,23|5,4,10|207,116,131|</Colors>
  <Language>en</Language>
  <Rating>5.3750</Rating>
  <RatingCount>8</RatingCount>
  <SeriesName>false</SeriesName>
  <ThumbnailPath>_cache/fanart/original/82283-3.jpg</ThumbnailPath>
  <VignettePath>fanart/vignette/82283-3.jpg</VignettePath>
</Banner>
<Banner>
  <id>157601</id>
  <BannerPath>fanart/original/82283-21.jpg</BannerPath>
  <BannerType>fanart</BannerType>
  <BannerType2>1280x720</BannerType2>
  <Colors>|213,204,197|21,16,20|225,78,96|</Colors>
  <Language>en</Language>
  <Rating>5.3333</Rating>
  <RatingCount>3</RatingCount>
  <SeriesName>true</SeriesName>
  <ThumbnailPath>_cache/fanart/original/82283-21.jpg</ThumbnailPath>
  <VignettePath>fanart/vignette/82283-21.jpg</VignettePath>
</Banner>
<Banner>
  <id>864172</id>
  <BannerPath>fanart/original/82283-36.jpg</BannerPath>
  <BannerType>fanart</BannerType>
  <BannerType2>1920x1080</BannerType2>
  <Colors></Colors>
  <Language>en</Language>
  <Rating>5.3333</Rating>
  <RatingCount>3</RatingCount>
  <SeriesName>false</SeriesName>
  <ThumbnailPath>_cache/fanart/original/82283-36.jpg</ThumbnailPath>
  <VignettePath>fanart/vignette/82283-36.jpg</VignettePath>
</Banner>
<Banner>
  <id>126261</id>
  <BannerPath>fanart/original/82283-16.jpg</BannerPath>
  <BannerType>fanart</BannerType>
  <BannerType2>1280x720</BannerType2>
  <Colors></Colors>
  <Language>de</Language>
  <Rating>5.2500</Rating>
  <RatingCount>4</RatingCount>
  <SeriesName>false</SeriesName>
  <ThumbnailPath>_cache/fanart/original/82283-16.jpg</ThumbnailPath>
  <VignettePath>fanart/vignette/82283-16.jpg</VignettePath>
</Banner>
<Banner>
  <id>877285</id>
  <BannerPath>fanart/original/82283-32.jpg</BannerPath>
  <BannerType>fanart</BannerType>
  <BannerType2>1280x720</BannerType2>
  <Colors>|0,0,0|201,207,221|3,40,66|</Colors>
  <Language>en</Language>
  <Rating>5.0000</Rating>
  <RatingCount>1</RatingCount>
  <SeriesName>false</SeriesName>
  <ThumbnailPath>_cache/fanart/original/82283-32.jpg</ThumbnailPath>
  <VignettePath>fanart/vignette/82283-32.jpg</VignettePath>
</Banner>
<Banner>
  <id>163661</id>
  <BannerPath>fanart/original/82283-22.jpg</BannerPath>
  <BannerType>fanart</BannerType>
  <BannerType2>1280x720</BannerType2>
  <Colors></Colors>
  <Language>de</Language>
  <Rating>5.0000</Rating>
  <RatingCount>4</RatingCount>
  <SeriesName>false</SeriesName>
  <ThumbnailPath>_cache/fanart/original/82283-22.jpg</ThumbnailPath>
  <VignettePath>fanart/vignette/82283-22.jpg</VignettePath>
</Banner>
<Banner>
  <id>39463</id>
  <BannerPath>fanart/original/82283-14.jpg</BannerPath>
  <BannerType>fanart</BannerType>
  <BannerType2>1280x720</BannerType2>
  <Colors></Colors>
  <Language>en</Language>
  <Rating>4.7500</Rating>
  <RatingCount>4</RatingCount>
  <SeriesName>false</SeriesName>
  <ThumbnailPath>_cache/fanart/original/82283-14.jpg</ThumbnailPath>
  <VignettePath>fanart/vignette/82283-14.jpg</VignettePath>
</Banner>
<Banner>
  <id>31196</id>
  <BannerPath>fanart/original/82283-5.jpg</BannerPath>
  <BannerType>fanart</BannerType>
  <BannerType2>1280x720</BannerType2>
  <Colors></Colors>
  <Language>en</Language>
  <Rating>4.4000</Rating>
  <RatingCount>5</RatingCount>
  <SeriesName>false</SeriesName>
  <ThumbnailPath>_cache/fanart/original/82283-5.jpg</ThumbnailPath>
  <VignettePath>fanart/vignette/82283-5.jpg</VignettePath>
</Banner>
<Banner>
  <id>31197</id>
  <BannerPath>fanart/original/82283-6.jpg</BannerPath>
  <BannerType>fanart</BannerType>
  <BannerType2>1280x720</BannerType2>
  <Colors></Colors>
  <Language>en</Language>
  <Rating>3.8333</Rating>
  <RatingCount>6</RatingCount>
  <SeriesName>false</SeriesName>
  <ThumbnailPath>_cache/fanart/original/82283-6.jpg</ThumbnailPath>
  <VignettePath>fanart/vignette/82283-6.jpg</VignettePath>
</Banner>
<Banner>
  <id>440811</id>
  <BannerPath>fanart/original/82283-1.jpg</BannerPath>
  <BannerType>fanart</BannerType>
  <BannerType2>1920x1080</BannerType2>
  <Colors></Colors>
  <Language>en</Language>
  <Rating>3.5000</Rating>
  <RatingCount>2</RatingCount>
  <SeriesName>false</SeriesName>
  <ThumbnailPath>_cache/fanart/original/82283-1.jpg</ThumbnailPath>
  <VignettePath>fanart/vignette/82283-1.jpg</VignettePath>
</Banner>
<Banner>
  <id>39462</id>
  <BannerPath>fanart/original/82283-13.jpg</BannerPath>
  <BannerType>fanart</BannerType>
  <BannerType2>1280x720</BannerType2>
  <Colors></Colors>
  <Language>en</Language>
  <Rating>3.1429</Rating>
  <RatingCount>7</RatingCount>
  <SeriesName>false</SeriesName>
  <ThumbnailPath>_cache/fanart/original/82283-13.jpg</ThumbnailPath>
  <VignettePath>fanart/vignette/82283-13.jpg</VignettePath>
</Banner>
<Banner>
  <id>39457</id>
  <BannerPath>fanart/original/82283-10.jpg</BannerPath>
  <BannerType>fanart</BannerType>
  <BannerType2>1280x720</BannerType2>
  <Colors></Colors>
  <Language>en</Language>
  <Rating>2.5000</Rating>
  <RatingCount>4</RatingCount>
  <SeriesName>false</SeriesName>
  <ThumbnailPath>_cache/fanart/original/82283-10.jpg</ThumbnailPath>
  <VignettePath>fanart/vignette/82283-10.jpg</VignettePath>
</Banner>
<Banner>
  <id>39459</id>
  <BannerPath>fanart/original/82283-12.jpg</BannerPath>
  <BannerType>fanart</BannerType>
  <BannerType2>1280x720</BannerType2>
  <Colors></Colors>
  <Language>en</Language>
  <Rating>2.5000</Rating>
  <RatingCount>2</RatingCount>
  <SeriesName>false</SeriesName>
  <ThumbnailPath>_cache/fanart/original/82283-12.jpg</ThumbnailPath>
  <VignettePath>fanart/vignette/82283-12.jpg</VignettePath>
</Banner>
<Banner>
  <id>39458</id>
  <BannerPath>fanart/original/82283-11.jpg</BannerPath>
  <BannerType>fanart</BannerType>
  <BannerType2>1280x720</BannerType2>
  <Colors>|216,160,113|214,183,155|246,255,254|</Colors>
  <Language>en</Language>
  <Rating>2.0000</Rating>
  <RatingCount>4</RatingCount>
  <SeriesName>false</SeriesName>
  <ThumbnailPath>_cache/fanart/original/82283-11.jpg</ThumbnailPath>
  <VignettePath>fanart/vignette/82283-11.jpg</VignettePath>
</Banner>
<Banner>
  <id>503981</id>
  <BannerPath>fanart/original/82283-15.jpg</BannerPath>
  <BannerType>fanart</BannerType>
  <BannerType2>1920x1080</BannerType2>
  <Colors></Colors>
  <Language>en</Language>
  <Rating>1.0000</Rating>
  <RatingCount>1</RatingCount>
  <SeriesName>false</SeriesName>
  <ThumbnailPath>_cache/fanart/original/82283-15.jpg</ThumbnailPath>
  <VignettePath>fanart/vignette/82283-15.jpg</VignettePath>
</Banner>
<Banner>
  <id>378741</id>
  <BannerPath>fanart/original/82283-25.jpg</BannerPath>
  <BannerType>fanart</BannerType>
  <BannerType2>1920x1080</BannerType2>
  <Colors></Colors>
  <Language>en</Language>
  <Rating>1.0000</Rating>
  <RatingCount>1</RatingCount>
  <SeriesName>false</SeriesName>
  <ThumbnailPath>_cache/fanart/original/82283-25.jpg</ThumbnailPath>
  <VignettePath>fanart/vignette/82283-25.jpg</VignettePath>
</Banner>
<Banner>
  <id>191321</id>
  <BannerPath>fanart/original/82283-24.jpg</BannerPath>
  <BannerType>fanart</BannerType>
  <BannerType2>1280x720</BannerType2>
  <Colors>|174,11,2|160,17,0|145,20,14|</Colors>
  <Language>en</Language>
  <Rating>1.0000</Rating>
  <RatingCount>1</RatingCount>
  <SeriesName>true</SeriesName>
  <ThumbnailPath>_cache/fanart/original/82283-24.jpg</ThumbnailPath>
  <VignettePath>fanart/vignette/82283-24.jpg</VignettePath>
</Banner>
<Banner>
  <id>864171</id>
  <BannerPath>fanart/original/82283-35.jpg</BannerPath>
  <BannerType>fanart</BannerType>
  <BannerType2>1920x1080</BannerType2>
  <Colors></Colors>
  <Language>en</Language>
  <Rating>1.0000</Rating>
  <RatingCount>1</RatingCount>
  <SeriesName>false</SeriesName>
  <ThumbnailPath>_cache/fanart/original/82283-35.jpg</ThumbnailPath>
  <VignettePath>fanart/vignette/82283-35.jpg</VignettePath>
</Banner>
<Banner>
  <id>768651</id>
  <BannerPath>fanart/original/82283-30.jpg</BannerPath>
  <BannerType>fanart</BannerType>
  <BannerType2>1920x1080</BannerType2>
  <Colors></Colors>
  <Language>en</Language>
  <Rating>1.0000</Rating>
  <RatingCount>1</RatingCount>
  <SeriesName>false</SeriesName>
  <ThumbnailPath>_cache/fanart/original/82283-30.jpg</ThumbnailPath>
  <VignettePath>fanart/vignette/82283-30.jpg</VignettePath>
</Banner>
<Banner>
  <id>504321</id>
  <BannerPath>fanart/original/82283-17.jpg</BannerPath>
  <BannerType>fanart</BannerType>
  <BannerType2>1280x720</BannerType2>
  <Colors></Colors>
  <Language>en</Language>
  <Rating>1.0000</Rating>
  <RatingCount>1</RatingCount>
  <SeriesName>false</SeriesName>
  <ThumbnailPath>_cache/fanart/original/82283-17.jpg</ThumbnailPath>
  <VignettePath>fanart/vignette/82283-17.jpg</VignettePath>
</Banner>
<Banner>
  <id>523451</id>
  <BannerPath>fanart/original/82283-31.jpg</BannerPath>
  <BannerType>fanart</BannerType>
  <BannerType2>1920x1080</BannerType2>
  <Colors></Colors>
  <Language>fr</Language>
  <Rating>1.0000</Rating>
  <RatingCount>1</RatingCount>
  <SeriesName>false</SeriesName>
  <ThumbnailPath>_cache/fanart/original/82283-31.jpg</ThumbnailPath>
  <VignettePath>fanart/vignette/82283-31.jpg</VignettePath>
</Banner>
<Banner>
  <id>877289</id>
  <BannerPath>fanart/original/82283-41.jpg</BannerPath>
  <BannerType>fanart</BannerType>
  <BannerType2>1280x720</BannerType2>
  <Colors></Colors>
  <Language>en</Language>
  <Rating></Rating>
  <RatingCount>0</RatingCount>
  <SeriesName>false</SeriesName>
  <ThumbnailPath>_cache/fanart/original/82283-41.jpg</ThumbnailPath>
  <VignettePath>fanart/vignette/82283-41.jpg</VignettePath>
</Banner>
<Banner>
  <id>877287</id>
  <BannerPath>fanart/original/82283-39.jpg</BannerPath>
  <BannerType>fanart</BannerType>
  <BannerType2>1280x720</BannerType2>
  <Colors></Colors>
  <Language>en</Language>
  <Rating></Rating>
  <RatingCount>0</RatingCount>
  <SeriesName>false</SeriesName>
  <ThumbnailPath>_cache/fanart/original/82283-39.jpg</ThumbnailPath>
  <VignettePath>fanart/vignette/82283-39.jpg</VignettePath>
</Banner>
<Banner>
  <id>877291</id>
  <BannerPath>fanart/original/82283-43.jpg</BannerPath>
  <BannerType>fanart</BannerType>
  <BannerType2>1280x720</BannerType2>
  <Colors></Colors>
  <Language>en</Language>
  <Rating></Rating>
  <RatingCount>0</RatingCount>
  <SeriesName>false</SeriesName>
  <ThumbnailPath>_cache/fanart/original/82283-43.jpg</ThumbnailPath>
  <VignettePath>fanart/vignette/82283-43.jpg</VignettePath>
</Banner>
<Banner>
  <id>877290</id>
  <BannerPath>fanart/original/82283-42.jpg</BannerPath>
  <BannerType>fanart</BannerType>
  <BannerType2>1280x720</BannerType2>
  <Colors></Colors>
  <Language>en</Language>
  <Rating></Rating>
  <RatingCount>0</RatingCount>
  <SeriesName>false</SeriesName>
  <ThumbnailPath>_cache/fanart/original/82283-42.jpg</ThumbnailPath>
  <VignettePath>fanart/vignette/82283-42.jpg</VignettePath>
</Banner>
<Banner>
  <id>877288</id>
  <BannerPath>fanart/original/82283-40.jpg</BannerPath>
  <BannerType>fanart</BannerType>
  <BannerType2>1280x720</BannerType2>
  <Colors></Colors>
  <Language>en</Language>
  <Rating></Rating>
  <RatingCount>0</RatingCount>
  <SeriesName>false</SeriesName>
  <ThumbnailPath>_cache/fanart/original/82283-40.jpg</ThumbnailPath>
  <VignettePath>fanart/vignette/82283-40.jpg</VignettePath>
</Banner>
<Banner>
  <id>877293</id>
  <BannerPath>fanart/original/82283-44.jpg</BannerPath>
  <BannerType>fanart</BannerType>
  <BannerType2>1280x720</BannerType2>
  <Colors></Colors>
  <Language>en</Language>
  <Rating></Rating>
  <RatingCount>0</RatingCount>
  <SeriesName>false</SeriesName>
  <ThumbnailPath>_cache/fanart/original/82283-44.jpg</ThumbnailPath>
  <VignettePath>fanart/vignette/82283-44.jpg</VignettePath>
</Banner>
<Banner>
  <id>877286</id>
  <BannerPath>fanart/original/82283-33.jpg</BannerPath>
  <BannerType>fanart</BannerType>
  <BannerType2>1280x720</BannerType2>
  <Colors>|2,9,15|61,71,83|29,95,145|</Colors>
  <Language>en</Language>
  <Rating></Rating>
  <RatingCount>0</RatingCount>
  <SeriesName>false</SeriesName>
  <ThumbnailPath>_cache/fanart/original/82283-33.jpg</ThumbnailPath>
  <VignettePath>fanart/vignette/82283-33.jpg</VignettePath>
</Banner>
<Banner>
  <id>37050</id>
  <BannerPath>posters/82283-1.jpg</BannerPath>
  <BannerType>poster</BannerType>
  <BannerType2>680x1000</BannerType2>
  <Language>en</Language>
  <Rating>8.3571</Rating>
  <RatingCount>14</RatingCount>
</Banner>
<Banner>
  <id>949253</id>
  <BannerPath>posters/82283-24.jpg</BannerPath>
  <BannerType>poster</BannerType>
  <BannerType2>680x1000</BannerType2>
  <Language>en</Language>
  <Rating>6.0000</Rating>
  <RatingCount>2</RatingCount>
</Banner>
<Banner>
  <id>122261</id>
  <BannerPath>posters/82283-4.jpg</BannerPath>
  <BannerType>poster</BannerType>
  <BannerType2>680x1000</BannerType2>
  <Language>en</Language>
  <Rating>6.0000</Rating>
  <RatingCount>5</RatingCount>
</Banner>
<Banner>
  <id>862765</id>
  <BannerPath>posters/82283-18.jpg</BannerPath>
  <BannerType>poster</BannerType>
  <BannerType2>680x1000</BannerType2>
  <Language>en</Language>
  <Rating>5.6000</Rating>
  <RatingCount>5</RatingCount>
</Banner>
<Banner>
  <id>908556</id>
  <BannerPath>posters/82283-23.jpg</BannerPath>
  <BannerType>poster</BannerType>
  <BannerType2>680x1000</BannerType2>
  <Language>en</Language>
  <Rating>5.5000</Rating>
  <RatingCount>4</RatingCount>
</Banner>
<Banner>
  <id>27668</id>
  <BannerPath>posters/82283-2.jpg</BannerPath>
  <BannerType>poster</BannerType>
  <BannerType2>680x1000</BannerType2>
  <Language>en</Language>
  <Rating>5.0000</Rating>
  <RatingCount>8</RatingCount>
</Banner>
<Banner>
  <id>862767</id>
  <BannerPath>posters/82283-20.jpg</BannerPath>
  <BannerType>poster</BannerType>
  <BannerType2>680x1000</BannerType2>
  <Language>en</Language>
  <Rating>4.0000</Rating>
  <RatingCount>3</RatingCount>
</Banner>
<Banner>
  <id>76011</id>
  <BannerPath>posters/82283-3.jpg</BannerPath>
  <BannerType>poster</BannerType>
  <BannerType2>680x1000</BannerType2>
  <Language>en</Language>
  <Rating>3.5000</Rating>
  <RatingCount>4</RatingCount>
</Banner>
<Banner>
  <id>862766</id>
  <BannerPath>posters/82283-19.jpg</BannerPath>
  <BannerType>poster</BannerType>
  <BannerType2>680x1000</BannerType2>
  <Language>en</Language>
  <Rating>3.0000</Rating>
  <RatingCount>2</RatingCount>
</Banner>
<Banner>
  <id>424501</id>
  <BannerPath>posters/82283-12.jpg</BannerPath>
  <BannerType>poster</BannerType>
  <BannerType2>680x1000</BannerType2>
  <Language>en</Language>
  <Rating>2.6667</Rating>
  <RatingCount>3</RatingCount>
</Banner>
<Banner>
  <id>122291</id>
  <BannerPath>posters/82283-7.jpg</BannerPath>
  <BannerType>poster</BannerType>
  <BannerType2>680x1000</BannerType2>
  <Language>en</Language>
  <Rating>1.0000</Rating>
  <RatingCount>1</RatingCount>
</Banner>
<Banner>
  <id>122321</id>
  <BannerPath>posters/82283-10.jpg</BannerPath>
  <BannerType>poster</BannerType>
  <BannerType2>680x1000</BannerType2>
  <Language>en</Language>
  <Rating>1.0000</Rating>
  <RatingCount>1</RatingCount>
</Banner>
<Banner>
  <id>531411</id>
  <BannerPath>posters/82283-17.jpg</BannerPath>
  <BannerType>poster</BannerType>
  <BannerType2>680x1000</BannerType2>
  <Language>en</Language>
  <Rating>1.0000</Rating>
  <RatingCount>1</RatingCount>
</Banner>
<Banner>
  <id>122271</id>
  <BannerPath>posters/82283-5.jpg</BannerPath>
  <BannerType>poster</BannerType>
  <BannerType2>680x1000</BannerType2>
  <Language>en</Language>
  <Rating>1.0000</Rating>
  <RatingCount>1</RatingCount>
</Banner>
<Banner>
  <id>122301</id>
  <BannerPath>posters/82283-8.jpg</BannerPath>
  <BannerType>poster</BannerType>
  <BannerType2>680x1000</BannerType2>
  <Language>en</Language>
  <Rating>1.0000</Rating>
  <RatingCount>1</RatingCount>
</Banner>
<Banner>
  <id>122281</id>
  <BannerPath>posters/82283-6.jpg</BannerPath>
  <BannerType>poster</BannerType>
  <BannerType2>680x1000</BannerType2>
  <Language>en</Language>
  <Rating>1.0000</Rating>
  <RatingCount>1</RatingCount>
</Banner>
<Banner>
  <id>445961</id>
  <BannerPath>posters/82283-14.jpg</BannerPath>
  <BannerType>poster</BannerType>
  <BannerType2>680x1000</BannerType2>
  <Language>en</Language>
  <Rating>1.0000</Rating>
  <RatingCount>1</RatingCount>
</Banner>
<Banner>
  <id>122331</id>
  <BannerPath>posters/82283-11.jpg</BannerPath>
  <BannerType>poster</BannerType>
  <BannerType2>680x1000</BannerType2>
  <Language>en</Language>
  <Rating>1.0000</Rating>
  <RatingCount>1</RatingCount>
</Banner>
<Banner>
  <id>122311</id>
  <BannerPath>posters/82283-9.jpg</BannerPath>
  <BannerType>poster</BannerType>
  <BannerType2>680x1000</BannerType2>
  <Language>en</Language>
  <Rating>1.0000</Rating>
  <RatingCount>1</RatingCount>
</Banner>
<Banner>
  <id>440491</id>
  <BannerPath>posters/82283-13.jpg</BannerPath>
  <BannerType>poster</BannerType>
  <BannerType2>680x1000</BannerType2>
  <Language>en</Language>
  <Rating>1.0000</Rating>
  <RatingCount>1</RatingCount>
</Banner>
<Banner>
  <id>531401</id>
  <BannerPath>posters/82283-16.jpg</BannerPath>
  <BannerType>poster</BannerType>
  <BannerType2>680x1000</BannerType2>
  <Language>en</Language>
  <Rating>1.0000</Rating>
  <RatingCount>1</RatingCount>
</Banner>
<Banner>
  <id>531391</id>
  <BannerPath>posters/82283-15.jpg</BannerPath>
  <BannerType>poster</BannerType>
  <BannerType2>680x1000</BannerType2>
  <Language>en</Language>
  <Rating>1.0000</Rating>
  <RatingCount>1</RatingCount>
</Banner>
<Banner>
  <id>908555</id>
  <BannerPath>posters/82283-22.jpg</BannerPath>
  <BannerType>poster</BannerType>
  <BannerType2>680x1000</BannerType2>
  <Language>en</Language>
  <Rating></Rating>
  <RatingCount>0</RatingCount>
</Banner>
<Banner>
  <id>908087</id>
  <BannerPath>posters/82283-21.jpg</BannerPath>
  <BannerType>poster</BannerType>
  <BannerType2>680x1000</BannerType2>
  <Language>en</Language>
  <Rating></Rating>
  <RatingCount>0</RatingCount>
</Banner>
<Banner>
  <id>768591</id>
  <BannerPath>seasons/82283-2-7.jpg</BannerPath>
  <BannerType>season</BannerType>
  <BannerType2>season</BannerType2>
  <Language>en</Language>
  <Rating>10.0000</Rating>
  <RatingCount>4</RatingCount>
  <Season>2</Season>
</Banner>
<Banner>
  <id>907182</id>
  <BannerPath>seasons/82283-5-2.jpg</BannerPath>
  <BannerType>season</BannerType>
  <BannerType2>season</BannerType2>
  <Language>en</Language>
  <Rating>10.0000</Rating>
  <RatingCount>3</RatingCount>
  <Season>5</Season>
</Banner>
<Banner>
  <id>902377</id>
  <BannerPath>seasons/82283-4-6.jpg</BannerPath>
  <BannerType>season</BannerType>
  <BannerType2>season</BannerType2>
  <Language>en</Language>
  <Rating>10.0000</Rating>
  <RatingCount>5</RatingCount>
  <Season>4</Season>
</Banner>
<Banner>
  <id>940787</id>
  <BannerPath>seasons/82283-5-10.jpg</BannerPath>
  <BannerType>season</BannerType>
  <BannerType2>season</BannerType2>
  <Language>en</Language>
  <Rating>10.0000</Rating>
  <RatingCount>1</RatingCount>
  <Season>5</Season>
</Banner>
<Banner>
  <id>873636</id>
  <BannerPath>seasons/82283-3-6.jpg</BannerPath>
  <BannerType>season</BannerType>
  <BannerType2>season</BannerType2>
  <Language>en</Language>
  <Rating>9.4000</Rating>
  <RatingCount>5</RatingCount>
  <Season>3</Season>
</Banner>
<Banner>
  <id>924692</id>
  <BannerPath>seasons/82283-4-7.jpg</BannerPath>
  <BannerType>season</BannerType>
  <BannerType2>season</BannerType2>
  <Language>en</Language>
  <Rating>9.0000</Rating>
  <RatingCount>1</RatingCount>
  <Season>4</Season>
</Banner>
<Banner>
  <id>439781</id>
  <BannerPath>seasons/82283-2-5.jpg</BannerPath>
  <BannerType>season</BannerType>
  <BannerType2>season</BannerType2>
  <Language>en</Language>
  <Rating>8.7500</Rating>
  <RatingCount>4</RatingCount>
  <Season>2</Season>
</Banner>
<Banner>
  <id>100261</id>
  <BannerPath>seasons/82283-1-4.jpg</BannerPath>
  <BannerType>season</BannerType>
  <BannerType2>season</BannerType2>
  <Language>en</Language>
  <Rating>8.6154</Rating>
  <RatingCount>13</RatingCount>
  <Season>1</Season>
</Banner>
<Banner>
  <id>135621</id>
  <BannerPath>seasons/82283-2-3.jpg</BannerPath>
  <BannerType>season</BannerType>
  <BannerType2>season</BannerType2>
  <Language>en</Language>
  <Rating>8.5000</Rating>
  <RatingCount>2</RatingCount>
  <Season>2</Season>
</Banner>
<Banner>
  <id>301151</id>
  <BannerPath>seasons/82283-0.jpg</BannerPath>
  <BannerType>season</BannerType>
  <BannerType2>season</BannerType2>
  <Language>en</Language>
  <Rating>8.0000</Rating>
  <RatingCount>1</RatingCount>
  <Season>0</Season>
</Banner>
<Banner>
  <id>871228</id>
  <BannerPath>seasons/82283-4-5.jpg</BannerPath>
  <BannerType>season</BannerType>
  <BannerType2>season</BannerType2>
  <Language>en</Language>
  <Rating>7.8333</Rating>
  <RatingCount>6</RatingCount>
  <Season>4</Season>
</Banner>
<Banner>
  <id>866137</id>
  <BannerPath>seasons/82283-4-4.jpg</BannerPath>
  <BannerType>season</BannerType>
  <BannerType2>season</BannerType2>
  <Language>en</Language>
  <Rating>7.6000</Rating>
  <RatingCount>5</RatingCount>
  <Season>4</Season>
</Banner>
<Banner>
  <id>201151</id>
  <BannerPath>seasons/82283-1-7.jpg</BannerPath>
  <BannerType>season</BannerType>
  <BannerType2>season</BannerType2>
  <Language>en</Language>
  <Rating>7.5000</Rating>
  <RatingCount>4</RatingCount>
  <Season>1</Season>
</Banner>
<Banner>
  <id>604811</id>
  <BannerPath>seasons/82283-2-6.jpg</BannerPath>
  <BannerType>season</BannerType>
  <BannerType2>season</BannerType2>
  <Language>es</Language>
  <Rating>7.5000</Rating>
  <RatingCount>2</RatingCount>
  <Season>2</Season>
</Banner>
<Banner>
  <id>43069</id>
  <BannerPath>seasons/82283-1-6.jpg</BannerPath>
  <BannerType>season</BannerType>
  <BannerType2>season</BannerType2>
  <Language>en</Language>
  <Rating>7.2500</Rating>
  <RatingCount>4</RatingCount>
  <Season>1</Season>
</Banner>
<Banner>
  <id>866136</id>
  <BannerPath>seasons/82283-4-3.jpg</BannerPath>
  <BannerType>season</BannerType>
  <BannerType2>season</BannerType2>
  <Language>en</Language>
  <Rating>7.2500</Rating>
  <RatingCount>4</RatingCount>
  <Season>4</Season>
</Banner>
<Banner>
  <id>76481</id>
  <BannerPath>seasons/82283-2-2.jpg</BannerPath>
  <BannerType>season</BannerType>
  <BannerType2>season</BannerType2>
  <Language>en</Language>
  <Rating>7.0000</Rating>
  <RatingCount>1</RatingCount>
  <Season>2</Season>
</Banner>
<Banner>
  <id>509891</id>
  <BannerPath>seasons/82283-3.jpg</BannerPath>
  <BannerType>season</BannerType>
  <BannerType2>season</BannerType2>
  <Language>en</Language>
  <Rating>6.5714</Rating>
  <RatingCount>7</RatingCount>
  <Season>3</Season>
</Banner>
<Banner>
  <id>910782</id>
  <BannerPath>seasons/82283-5-7.jpg</BannerPath>
  <BannerType>season</BannerType>
  <BannerType2>season</BannerType2>
  <Language>en</Language>
  <Rating>6.5000</Rating>
  <RatingCount>2</RatingCount>
  <Season>5</Season>
</Banner>
<Banner>
  <id>908096</id>
  <BannerPath>seasons/82283-5-3.jpg</BannerPath>
  <BannerType>season</BannerType>
  <BannerType2>season</BannerType2>
  <Language>en</Language>
  <Rating>6.5000</Rating>
  <RatingCount>2</RatingCount>
  <Season>5</Season>
</Banner>
<Banner>
  <id>604771</id>
  <BannerPath>seasons/82283-1-8.jpg</BannerPath>
  <BannerType>season</BannerType>
  <BannerType2>season</BannerType2>
  <Language>es</Language>
  <Rating>6.3333</Rating>
  <RatingCount>3</RatingCount>
  <Season>1</Season>
</Banner>
<Banner>
  <id>622491</id>
  <BannerPath>seasons/82283-3-2.jpg</BannerPath>
  <BannerType>season</BannerType>
  <BannerType2>season</BannerType2>
  <Language>es</Language>
  <Rating>5.5000</Rating>
  <RatingCount>2</RatingCount>
  <Season>3</Season>
</Banner>
<Banner>
  <id>866086</id>
  <BannerPath>seasons/82283-4.jpg</BannerPath>
  <BannerType>season</BannerType>
  <BannerType2>season</BannerType2>
  <Language>en</Language>
  <Rating>5.3333</Rating>
  <RatingCount>3</RatingCount>
  <Season>4</Season>
</Banner>
<Banner>
  <id>810501</id>
  <BannerPath>seasons/82283-3-3.jpg</BannerPath>
  <BannerType>season</BannerType>
  <BannerType2>season</BannerType2>
  <Language>en</Language>
  <Rating>5.2000</Rating>
  <RatingCount>5</RatingCount>
  <Season>3</Season>
</Banner>
<Banner>
  <id>29284</id>
  <BannerPath>seasons/82283-1-3.jpg</BannerPath>
  <BannerType>season</BannerType>
  <BannerType2>season</BannerType2>
  <Language>en</Language>
  <Rating>5.2000</Rating>
  <RatingCount>5</RatingCount>
  <Season>1</Season>
</Banner>
<Banner>
  <id>862090</id>
  <BannerPath>seasons/82283-3-5.jpg</BannerPath>
  <BannerType>season</BannerType>
  <BannerType2>season</BannerType2>
  <Language>en</Language>
  <Rating>5.2000</Rating>
  <RatingCount>5</RatingCount>
  <Season>3</Season>
</Banner>
<Banner>
  <id>910781</id>
  <BannerPath>seasons/82283-5.jpg</BannerPath>
  <BannerType>season</BannerType>
  <BannerType2>season</BannerType2>
  <Language>en</Language>
  <Rating>3.0000</Rating>
  <RatingCount>1</RatingCount>
  <Season>5</Season>
</Banner>
<Banner>
  <id>910779</id>
  <BannerPath>seasons/82283-5-5.jpg</BannerPath>
  <BannerType>season</BannerType>
  <BannerType2>season</BannerType2>
  <Language>en</Language>
  <Rating>3.0000</Rating>
  <RatingCount>1</RatingCount>
  <Season>5</Season>
</Banner>
<Banner>
  <id>910780</id>
  <BannerPath>seasons/82283-5-6.jpg</BannerPath>
  <BannerType>season</BannerType>
  <BannerType2>season</BannerType2>
  <Language>en</Language>
  <Rating>3.0000</Rating>
  <RatingCount>1</RatingCount>
  <Season>5</Season>
</Banner>
<Banner>
  <id>910778</id>
  <BannerPath>seasons/82283-5-4.jpg</BannerPath>
  <BannerType>season</BannerType>
  <BannerType2>season</BannerType2>
  <Language>en</Language>
  <Rating>3.0000</Rating>
  <RatingCount>1</RatingCount>
  <Season>5</Season>
</Banner>
<Banner>
  <id>910792</id>
  <BannerPath>seasons/82283-5-8.jpg</BannerPath>
  <BannerType>season</BannerType>
  <BannerType2>season</BannerType2>
  <Language>en</Language>
  <Rating>3.0000</Rating>
  <RatingCount>1</RatingCount>
  <Season>5</Season>
</Banner>
<Banner>
  <id>24786</id>
  <BannerPath>seasons/82283-1.jpg</BannerPath>
  <BannerType>season</BannerType>
  <BannerType2>season</BannerType2>
  <Language>en</Language>
  <Rating>1.6667</Rating>
  <RatingCount>6</RatingCount>
  <Season>1</Season>
</Banner>
<Banner>
  <id>36249</id>
  <BannerPath>seasons/82283-1-5.jpg</BannerPath>
  <BannerType>season</BannerType>
  <BannerType2>season</BannerType2>
  <Language>en</Language>
  <Rating>1.6000</Rating>
  <RatingCount>5</RatingCount>
  <Season>1</Season>
</Banner>
<Banner>
  <id>855751</id>
  <BannerPath>seasons/82283-3-4.jpg</BannerPath>
  <BannerType>season</BannerType>
  <BannerType2>season</BannerType2>
  <Language>fi</Language>
  <Rating>1.0000</Rating>
  <RatingCount>1</RatingCount>
  <Season>3</Season>
</Banner>
<Banner>
  <id>910793</id>
  <BannerPath>seasons/82283-5-9.jpg</BannerPath>
  <BannerType>season</BannerType>
  <BannerType2>season</BannerType2>
  <Language>en</Language>
  <Rating>1.0000</Rating>
  <RatingCount>1</RatingCount>
  <Season>5</Season>
</Banner>
<Banner>
  <id>908092</id>
  <BannerPath>seasons/82283-1-10.jpg</BannerPath>
  <BannerType>season</BannerType>
  <BannerType2>season</BannerType2>
  <Language>en</Language>
  <Rating></Rating>
  <RatingCount>0</RatingCount>
  <Season>1</Season>
</Banner>
<Banner>
  <id>855731</id>
  <BannerPath>seasons/82283-1-9.jpg</BannerPath>
  <BannerType>season</BannerType>
  <BannerType2>season</BannerType2>
  <Language>fi</Language>
  <Rating></Rating>
  <RatingCount>0</RatingCount>
  <Season>1</Season>
</Banner>
<Banner>
  <id>908093</id>
  <BannerPath>seasons/82283-2-9.jpg</BannerPath>
  <BannerType>season</BannerType>
  <BannerType2>season</BannerType2>
  <Language>en</Language>
  <Rating></Rating>
  <RatingCount>0</RatingCount>
  <Season>2</Season>
</Banner>
<Banner>
  <id>76471</id>
  <BannerPath>seasons/82283-2.jpg</BannerPath>
  <BannerType>season</BannerType>
  <BannerType2>season</BannerType2>
  <Language>en</Language>
  <Rating></Rating>
  <RatingCount>0</RatingCount>
  <Season>2</Season>
</Banner>
<Banner>
  <id>135631</id>
  <BannerPath>seasons/82283-2-4.jpg</BannerPath>
  <BannerType>season</BannerType>
  <BannerType2>season</BannerType2>
  <Language>en</Language>
  <Rating></Rating>
  <RatingCount>0</RatingCount>
  <Season>2</Season>
</Banner>
<Banner>
  <id>855741</id>
  <BannerPath>seasons/82283-2-8.jpg</BannerPath>
  <BannerType>season</BannerType>
  <BannerType2>season</BannerType2>
  <Language>fi</Language>
  <Rating></Rating>
  <RatingCount>0</RatingCount>
  <Season>2</Season>
</Banner>
<Banner>
  <id>908094</id>
  <BannerPath>seasons/82283-3-7.jpg</BannerPath>
  <BannerType>season</BannerType>
  <BannerType2>season</BannerType2>
  <Language>en</Language>
  <Rating></Rating>
  <RatingCount>0</RatingCount>
  <Season>3</Season>
</Banner>
<Banner>
  <id>908095</id>
  <BannerPath>seasons/82283-4-2.jpg</BannerPath>
  <BannerType>season</BannerType>
  <BannerType2>season</BannerType2>
  <Language>en</Language>
  <Rating></Rating>
  <RatingCount>0</RatingCount>
  <Season>4</Season>
</Banner>
<Banner>
  <id>604801</id>
  <BannerPath>seasonswide/82283-2.jpg</BannerPath>
  <BannerType>season</BannerType>
  <BannerType2>seasonwide</BannerType2>
  <Language>es</Language>
  <Rating>10.0000</Rating>
  <RatingCount>1</RatingCount>
  <Season>2</Season>
</Banner>
<Banner>
  <id>622501</id>
  <BannerPath>seasonswide/82283-3.jpg</BannerPath>
  <BannerType>season</BannerType>
  <BannerType2>seasonwide</BannerType2>
  <Language>es</Language>
  <Rating>10.0000</Rating>
  <RatingCount>1</RatingCount>
  <Season>3</Season>
</Banner>
<Banner>
  <id>29803</id>
  <BannerPath>seasonswide/82283-1.jpg</BannerPath>
  <BannerType>season</BannerType>
  <BannerType2>seasonwide</BannerType2>
  <Language>en</Language>
  <Rating>9.0000</Rating>
  <RatingCount>2</RatingCount>
  <Season>1</Season>
</Banner>
<Banner>
  <id>604781</id>
  <BannerPath>seasonswide/82283-1-2.jpg</BannerPath>
  <BannerType>season</BannerType>
  <BannerType2>seasonwide</BannerType2>
  <Language>es</Language>
  <Rating>5.5000</Rating>
  <RatingCount>2</RatingCount>
  <Season>1</Season>
</Banner>
<Banner>
  <id>895807</id>
  <BannerPath>seasonswide/82283-3-2.jpg</BannerPath>
  <BannerType>season</BannerType>
  <BannerType2>seasonwide</BannerType2>
  <Language>en</Language>
  <Rating></Rating>
  <RatingCount>0</RatingCount>
  <Season>3</Season>
</Banner>
<Banner>
  <id>895809</id>
  <BannerPath>seasonswide/82283-5.jpg</BannerPath>
  <BannerType>season</BannerType>
  <BannerType2>seasonwide</BannerType2>
  <Language>en</Language>
  <Rating></Rating>
  <RatingCount>0</RatingCount>
  <Season>5</Season>
</Banner>
<Banner>
  <id>895805</id>
  <BannerPath>seasonswide/82283-1-3.jpg</BannerPath>
  <BannerType>season</BannerType>
  <BannerType2>seasonwide</BannerType2>
  <Language>en</Language>
  <Rating></Rating>
  <RatingCount>0</RatingCount>
  <Season>1</Season>
</Banner>
<Banner>
  <id>895810</id>
  <BannerPath>seasonswide/82283-0.jpg</BannerPath>
  <BannerType>season</BannerType>
  <BannerType2>seasonwide</BannerType2>
  <Language>en</Language>
  <Rating></Rating>
  <RatingCount>0</RatingCount>
  <Season>0</Season>
</Banner>
<Banner>
  <id>895808</id>
  <BannerPath>seasonswide/82283-4.jpg</BannerPath>
  <BannerType>season</BannerType>
  <BannerType2>seasonwide</BannerType2>
  <Language>en</Language>
  <Rating></Rating>
  <RatingCount>0</RatingCount>
  <Season>4</Season>
</Banner>
<Banner>
  <id>895806</id>
  <BannerPath>seasonswide/82283-2-2.jpg</BannerPath>
  <BannerType>season</BannerType>
  <BannerType2>seasonwide</BannerType2>
  <Language>en</Language>
  <Rating></Rating>
  <RatingCount>0</RatingCount>
  <Season>2</Season>
</Banner>
<Banner>
  <id>909206</id>
  <BannerPath>graphical/82283-g6.jpg</BannerPath>
  <BannerType>series</BannerType>
  <BannerType2>graphical</BannerType2>
  <Language>fr</Language>
  <Rating>10.0000</Rating>
  <RatingCount>1</RatingCount>
</Banner>
<Banner>
  <id>26667</id>
  <BannerPath>graphical/82283-g2.jpg</BannerPath>
  <BannerType>series</BannerType>
  <BannerType2>graphical</BannerType2>
  <Language>en</Language>
  <Rating>8.5000</Rating>
  <RatingCount>30</RatingCount>
</Banner>
<Banner>
  <id>465281</id>
  <BannerPath>graphical/82283-g16.jpg</BannerPath>
  <BannerType>series</BannerType>
  <BannerType2>graphical</BannerType2>
  <Language>en</Language>
  <Rating>8.0000</Rating>
  <RatingCount>3</RatingCount>
</Banner>
<Banner>
  <id>504331</id>
  <BannerPath>graphical/82283-g17.jpg</BannerPath>
  <BannerType>series</BannerType>
  <BannerType2>graphical</BannerType2>
  <Language>en</Language>
  <Rating>7.2857</Rating>
  <RatingCount>7</RatingCount>
</Banner>
<Banner>
  <id>465261</id>
  <BannerPath>graphical/82283-g14.jpg</BannerPath>
  <BannerType>series</BannerType>
  <BannerType2>graphical</BannerType2>
  <Language>en</Language>
  <Rating>7.0000</Rating>
  <RatingCount>3</RatingCount>
</Banner>
<Banner>
  <id>465251</id>
  <BannerPath>graphical/82283-g13.jpg</BannerPath>
  <BannerType>series</BannerType>
  <BannerType2>graphical</BannerType2>
  <Language>en</Language>
  <Rating>6.4286</Rating>
  <RatingCount>7</RatingCount>
</Banner>
<Banner>
  <id>31199</id>
  <BannerPath>graphical/82283-g4.jpg</BannerPath>
  <BannerType>series</BannerType>
  <BannerType2>graphical</BannerType2>
  <Language>en</Language>
  <Rating>6.3333</Rating>
  <RatingCount>15</RatingCount>
</Banner>
<Banner>
  <id>31198</id>
  <BannerPath>graphical/82283-g3.jpg</BannerPath>
  <BannerType>series</BannerType>
  <BannerType2>graphical</BannerType2>
  <Language>en</Language>
  <Rating>5.7778</Rating>
  <RatingCount>9</RatingCount>
</Banner>
<Banner>
  <id>77881</id>
  <BannerPath>graphical/82283-g9.jpg</BannerPath>
  <BannerType>series</BannerType>
  <BannerType2>graphical</BannerType2>
  <Language>en</Language>
  <Rating>5.7500</Rating>
  <RatingCount>12</RatingCount>
</Banner>
<Banner>
  <id>161291</id>
  <BannerPath>graphical/82283-g12.jpg</BannerPath>
  <BannerType>series</BannerType>
  <BannerType2>graphical</BannerType2>
  <Language>en</Language>
  <Rating>5.4286</Rating>
  <RatingCount>7</RatingCount>
</Banner>
<Banner>
  <id>465271</id>
  <BannerPath>graphical/82283-g15.jpg</BannerPath>
  <BannerType>series</BannerType>
  <BannerType2>graphical</BannerType2>
  <Language>en</Language>
  <Rating>4.6667</Rating>
  <RatingCount>3</RatingCount>
</Banner>
<Banner>
  <id>31475</id>
  <BannerPath>graphical/82283-g5.jpg</BannerPath>
  <BannerType>series</BannerType>
  <BannerType2>graphical</BannerType2>
  <Language>en</Language>
  <Rating>4.5000</Rating>
  <RatingCount>10</RatingCount>
</Banner>
<Banner>
  <id>32005</id>
  <BannerPath>graphical/82283-g7.jpg</BannerPath>
  <BannerType>series</BannerType>
  <BannerType2>graphical</BannerType2>
  <Language>en</Language>
  <Rating>3.6000</Rating>
  <RatingCount>5</RatingCount>
</Banner>
<Banner>
  <id>901298</id>
  <BannerPath>text/82283.jpg</BannerPath>
  <BannerType>series</BannerType>
  <BannerType2>text</BannerType2>
  <Language>en</Language>
  <Rating>3.0000</Rating>
  <RatingCount>1</RatingCount>
</Banner>
<Banner>
  <id>122341</id>
  <BannerPath>graphical/82283-g10.jpg</BannerPath>
  <BannerType>series</BannerType>
  <BannerType2>graphical</BannerType2>
  <Language>en</Language>
  <Rating>2.6667</Rating>
  <RatingCount>3</RatingCount>
</Banner>
<Banner>
  <id>35284</id>
  <BannerPath>graphical/82283-g8.jpg</BannerPath>
  <BannerType>series</BannerType>
  <BannerType2>graphical</BannerType2>
  <Language>en</Language>
  <Rating>2.5000</Rating>
  <RatingCount>6</RatingCount>
</Banner>
<Banner>
  <id>122351</id>
  <BannerPath>graphical/82283-g11.jpg</BannerPath>
  <BannerType>series</BannerType>
  <BannerType2>graphical</BannerType2>
  <Language>en</Language>
  <Rating>2.2500</Rating>
  <RatingCount>4</RatingCount>
</Banner>
<Banner>
  <id>523401</id>
  <BannerPath>graphical/82283-g18.jpg</BannerPath>
  <BannerType>series</BannerType>
  <BannerType2>graphical</BannerType2>
  <Language>fr</Language>
  <Rating>1.5000</Rating>
  <RatingCount>2</RatingCount>
</Banner>
<Banner>
  <id>24783</id>
  <BannerPath>graphical/82283-g.jpg</BannerPath>
  <BannerType>series</BannerType>
  <BannerType2>graphical</BannerType2>
  <Language>en</Language>
  <Rating>1.4545</Rating>
  <RatingCount>11</RatingCount>
</Banner>
<Banner>
  <id>934975</id>
  <BannerPath>graphical/82283-g19.jpg</BannerPath>
  <BannerType>series</BannerType>
  <BannerType2>graphical</BannerType2>
  <Language>hu</Language>
  <Rating></Rating>
  <RatingCount>0</RatingCount>
</Banner>
</Banners>