<?xml version="1.0" encoding="UTF-8" ?>
<Data><Series>
  <id>82283</id>
  <Actors>|Stephen Moyer|Anna Paquin|Alexander Skarsgård|Rutina Wesley|Nelsan Ellis|Ryan Kwanten|Kristin Bauer|Deborah Ann Woll|Carrie Preston|William Sanderson|Chris Bauer|Lois Smith|Sam Trammell|Kelly Overton|Jessica Clark|Valentina Cervi|Christopher Meloni|Lucy Griffiths|Scott Foley|Lauren Bowles|Brit Morgan|Evan Rachel Wood|Jessica Tuck|Stephen Root|Lizzy Caplan|Adina Porter|Fiona Shaw|Denis O'Hare|Michael Raymond-James|Mariana Klaveno|Lindsay Pulsipher|Marshall Allman|Todd Lowe|Jim Parrack|Joe Manganiello|Kevin Alejandro|Janina Gavankar|Mehcad Brooks |Michelle Forbes|Michael McMillian|Anna Camp|</Actors>
  <Airs_DayOfWeek>Sunday</Airs_DayOfWeek>
  <Airs_Time>9:00 PM</Airs_Time>
  <ContentRating>TV-MA</ContentRating>
  <FirstAired>2008-09-07</FirstAired>
  <Genre>|Drama|Fantasy|</Genre>
  <IMDB_ID>tt0844441</IMDB_ID>
  <Language>en</Language>
  <Network>HBO</Network>
  <NetworkID></NetworkID>
  <Overview>The series follows Sookie Stackhouse, a barmaid living in Louisiana who can read people's minds, and how her life is turned upside down when the Vampire Bill walks into her place of employment two years after vampires 'came out of the coffin' on national television.</Overview>
  <Rating>8.5</Rating>
  <RatingCount>351</RatingCount>
  <Runtime>60</Runtime>
  <SeriesID>74645</SeriesID>
  <SeriesName>True Blood</SeriesName>
  <Status>Continuing</Status>
  <added></added>
  <addedBy></addedBy>
  <banner>graphical/82283-g6.jpg</banner>
  <fanart>fanart/original/82283-8.jpg</fanart>
  <lastupdated>1364862649</lastupdated>
  <poster>posters/82283-1.jpg</poster>
  <zap2it_id>SH01075223</zap2it_id>
</Series>
<Episode>
  <id>385957</id>
  <Combined_episodenumber>1</Combined_episodenumber>
  <Combined_season>0</Combined_season>
  <DVD_chapter></DVD_chapter>
  <DVD_discid></DVD_discid>
  <DVD_episodenumber></DVD_episodenumber>
  <DVD_season></DVD_season>
  <Director></Director>
  <EpImgFlag>2</EpImgFlag>
  <EpisodeName>Unaired Pilot</EpisodeName>
  <EpisodeNumber>1</EpisodeNumber>
  <FirstAired>2008-06-16</FirstAired>
  <GuestStars>Brook Kerr</GuestStars>
  <IMDB_ID></IMDB_ID>
  <Language>en</Language>
  <Overview>Very similar to the aired pilot called Strange Love, except the actor who plays Tara Thornton in this version is Brook Kerr instead of Rutina Wesley.

This version was released online around the middle of June 2008.</Overview>
  <ProductionCode></ProductionCode>
  <Rating>5.7</Rating>
  <RatingCount>3</RatingCount>
  <SeasonNumber>0</SeasonNumber>
  <Writer></Writer>
  <absolute_number></absolute_number>
  <airsafter_season></airsafter_season>
  <airsbefore_episode>1</airsbefore_episode>
  <airsbefore_season>1</airsbefore_season>
  <filename>episodes/82283/385957.jpg</filename>
  <lastupdated>1274482860</lastupdated>
  <seasonid>33132</seasonid>
  <seriesid>82283</seriesid>
</Episode>
<Episode>
  <id>387927</id>
  <Combined_episodenumber>2</Combined_episodenumber>
  <Combined_season>0</Combined_season>
  <DVD_chapter></DVD_chapter>
  <DVD_discid></DVD_discid>
  <DVD_episodenumber></DVD_episodenumber>
  <DVD_season></DVD_season>
  <Director></Director>
  <EpImgFlag>2</EpImgFlag>
  <EpisodeName>True Blood-Lines: A New Type</EpisodeName>
  <EpisodeNumber>2</EpisodeNumber>
  <FirstAired>2008-09-01</FirstAired>
  <GuestStars></GuestStars>
  <IMDB_ID></IMDB_ID>
  <Language>en</Language>
  <Overview>A special featurette about the all-new HBO drama series True Blood. </Overview>
  <ProductionCode></ProductionCode>
  <Rating>6.0</Rating>
  <RatingCount>2</RatingCount>
  <SeasonNumber>0</SeasonNumber>
  <Writer></Writer>
  <absolute_number></absolute_number>
  <airsafter_season></airsafter_season>
  <airsbefore_episode></airsbefore_episode>
  <airsbefore_season></airsbefore_season>
  <filename>episodes/82283/387927.jpg</filename>
  <lastupdated>1270061518</lastupdated>
  <seasonid>33132</seasonid>
  <seriesid>82283</seriesid>
</Episode>
<Episode>
  <id>387928</id>
  <Combined_episodenumber>3</Combined_episodenumber>
  <Combined_season>0</Combined_season>
  <DVD_chapter></DVD_chapter>
  <DVD_discid></DVD_discid>
  <DVD_episodenumber></DVD_episodenumber>
  <DVD_season></DVD_season>
  <Director></Director>
  <EpImgFlag>2</EpImgFlag>
  <EpisodeName>True Blood-Lines: Vampire Legends</EpisodeName>
  <EpisodeNumber>3</EpisodeNumber>
  <FirstAired>2008-09-01</FirstAired>
  <GuestStars></GuestStars>
  <IMDB_ID></IMDB_ID>
  <Language>en</Language>
  <Overview>A special featurette about the all-new HBO drama series True Blood.</Overview>
  <ProductionCode></ProductionCode>
  <Rating>4.5</Rating>
  <RatingCount>2</RatingCount>
  <SeasonNumber>0</SeasonNumber>
  <Writer></Writer>
  <absolute_number></absolute_number>
  <airsafter_season></airsafter_season>
  <airsbefore_episode></airsbefore_episode>
  <airsbefore_season></airsbefore_season>
  <filename>episodes/82283/387928.jpg</filename>
  <lastupdated>1270061508</lastupdated>
  <seasonid>33132</seasonid>
  <seriesid>82283</seriesid>
</Episode>
<Episode>
  <id>1344121</id>
  <Combined_episodenumber>4</Combined_episodenumber>
  <Combined_season>0</Combined_season>
  <DVD_chapter></DVD_chapter>
  <DVD_discid></DVD_discid>
  <DVD_episodenumber></DVD_episodenumber>
  <DVD_season></DVD_season>
  <Director></Director>
  <EpImgFlag>1</EpImgFlag>
  <EpisodeName>True Blood-Making of the Opening Sequence Featurette</EpisodeName>
  <EpisodeNumber>4</EpisodeNumber>
  <FirstAired></FirstAired>
  <GuestStars></GuestStars>
  <IMDB_ID></IMDB_ID>
  <Language>en</Language>
  <Overview>A truly hand-made sequence for one of the most watched dramatic series in HBO’s history. The final edit contains over 65 shots comprised of original documentary, studio, tabletop photography and found footage. 6 separate shoots took place in Louisiana, Seattle, Chicago on 7 different still, film, and video cameras.</Overview>
  <ProductionCode></ProductionCode>
  <Rating>5.0</Rating>
  <RatingCount>1</RatingCount>
  <SeasonNumber>0</SeasonNumber>
  <Writer></Writer>
  <absolute_number></absolute_number>
  <airsafter_season></airsafter_season>
  <airsbefore_episode></airsbefore_episode>
  <airsbefore_season></airsbefore_season>
  <filename>episodes/82283/1344121.jpg</filename>
  <lastupdated>1259459493</lastupdated>
  <seasonid>33132</seasonid>
  <seriesid>82283</seriesid>
</Episode>
<Episode>
  <id>2227501</id>
  <Combined_episodenumber>5</Combined_episodenumber>
  <Combined_season>0</Combined_season>
  <DVD_chapter></DVD_chapter>
  <DVD_discid></DVD_discid>
  <DVD_episodenumber></DVD_episodenumber>
  <DVD_season></DVD_season>
  <Director></Director>
  <EpImgFlag>2</EpImgFlag>
  <EpisodeName>In Focus: Vampires in America</EpisodeName>
  <EpisodeNumber>5</EpisodeNumber>
  <FirstAired>2008-06-21</FirstAired>
  <GuestStars></GuestStars>
  <IMDB_ID></IMDB_ID>
  <Language>en</Language>
  <Overview></Overview>
  <ProductionCode></ProductionCode>
  <Rating></Rating>
  <RatingCount>0</RatingCount>
  <SeasonNumber>0</SeasonNumber>
  <Writer></Writer>
  <absolute_number></absolute_number>
  <airsafter_season></airsafter_season>
  <airsbefore_episode></airsbefore_episode>
  <airsbefore_season></airsbefore_season>
  <filename>episodes/82283/2227501.jpg</filename>
  <lastupdated>1313300762</lastupdated>
  <seasonid>33132</seasonid>
  <seriesid>82283</seriesid>
</Episode>
<Episode>
  <id>2158771</id>
  <Combined_episodenumber>6</Combined_episodenumber>
  <Combined_season>0</Combined_season>
  <DVD_chapter></DVD_chapter>
  <DVD_discid></DVD_discid>
  <DVD_episodenumber></DVD_episodenumber>
  <DVD_season></DVD_season>
  <Director></Director>
  <EpImgFlag>2</EpImgFlag>
  <EpisodeName>Minisode: Eric &amp; Pam</EpisodeName>
  <EpisodeNumber>6</EpisodeNumber>
  <FirstAired>2010-04-28</FirstAired>
  <GuestStars></GuestStars>
  <IMDB_ID></IMDB_ID>
  <Language>en</Language>
  <Overview>Eric and Pam are trying out new dancers for Fangtasia. One in particular, Yvetta catches Eric's eye, and Pam's as well. But Eric is less than willing to share with his ancient friend.</Overview>
  <ProductionCode></ProductionCode>
  <Rating>7.3</Rating>
  <RatingCount>12</RatingCount>
  <SeasonNumber>0</SeasonNumber>
  <Writer></Writer>
  <absolute_number></absolute_number>
  <airsafter_season>2</airsafter_season>
  <airsbefore_episode>1</airsbefore_episode>
  <airsbefore_season>3</airsbefore_season>
  <filename>episodes/82283/2158771.jpg</filename>
  <lastupdated>1275987606</lastupdated>
  <seasonid>33132</seasonid>
  <seriesid>82283</seriesid>
</Episode>
<Episode>
  <id>2187951</id>
  <Combined_episodenumber>7</Combined_episodenumber>
  <Combined_season>0</Combined_season>
  <DVD_chapter></DVD_chapter>
  <DVD_discid></DVD_discid>
  <DVD_episodenumber></DVD_episodenumber>
  <DVD_season></DVD_season>
  <Director></Director>
  <EpImgFlag>2</EpImgFlag>
  <EpisodeName>Minisode: Jessica</EpisodeName>
  <EpisodeNumber>7</EpisodeNumber>
  <FirstAired>2010-05-05</FirstAired>
  <GuestStars></GuestStars>
  <IMDB_ID></IMDB_ID>
  <Language>en</Language>
  <Overview>Jessica is on the hunt in a local haunt when she is set upon by a man who begins preaching the word of God to her.</Overview>
  <ProductionCode></ProductionCode>
  <Rating>7.0</Rating>
  <RatingCount>9</RatingCount>
  <SeasonNumber>0</SeasonNumber>
  <Writer></Writer>
  <absolute_number></absolute_number>
  <airsafter_season>2</airsafter_season>
  <airsbefore_episode>1</airsbefore_episode>
  <airsbefore_season>3</airsbefore_season>
  <filename>episodes/82283/2187951.jpg</filename>
  <lastupdated>1275987617</lastupdated>
  <seasonid>33132</seasonid>
  <seriesid>82283</seriesid>
</Episode>
<Episode>
  <id>2231641</id>
  <Combined_episodenumber>8</Combined_episodenumber>
  <Combined_season>0</Combined_season>
  <DVD_chapter></DVD_chapter>
  <DVD_discid></DVD_discid>
  <DVD_episodenumber></DVD_episodenumber>
  <DVD_season></DVD_season>
  <Director></Director>
  <EpImgFlag>2</EpImgFlag>
  <EpisodeName>Minisode: Sookie, Tara &amp; Lafayette</EpisodeName>
  <EpisodeNumber>8</EpisodeNumber>
  <FirstAired>2010-05-11</FirstAired>
  <GuestStars></GuestStars>
  <IMDB_ID></IMDB_ID>
  <Language>en</Language>
  <Overview>Sookie and Tara get into an argument on the dangers of dating a vampire when Tara wonders where Bill's money comes from. Lafayette intervenes when the argument turns heated.</Overview>
  <ProductionCode></ProductionCode>
  <Rating>7.0</Rating>
  <RatingCount>8</RatingCount>
  <SeasonNumber>0</SeasonNumber>
  <Writer></Writer>
  <absolute_number></absolute_number>
  <airsafter_season>2</airsafter_season>
  <airsbefore_episode>1</airsbefore_episode>
  <airsbefore_season>3</airsbefore_season>
  <filename>episodes/82283/2231641.jpg</filename>
  <lastupdated>1275987628</lastupdated>
  <seasonid>33132</seasonid>
  <seriesid>82283</seriesid>
</Episode>
<Episode>
  <id>2240721</id>
  <Combined_episodenumber>9</Combined_episodenumber>
  <Combined_season>0</Combined_season>
  <DVD_chapter></DVD_chapter>
  <DVD_discid></DVD_discid>
  <DVD_episodenumber></DVD_episodenumber>
  <DVD_season></DVD_season>
  <Director></Director>
  <EpImgFlag>2</EpImgFlag>
  <EpisodeName>Minisode: Sam</EpisodeName>
  <EpisodeNumber>9</EpisodeNumber>
  <FirstAired>2010-05-18</FirstAired>
  <GuestStars></GuestStars>
  <IMDB_ID></IMDB_ID>
  <Language>en</Language>
  <Overview>Sam feels the need to mark their territory by destroying &quot;The God Who Comes&quot;.</Overview>
  <ProductionCode></ProductionCode>
  <Rating>7.0</Rating>
  <RatingCount>7</RatingCount>
  <SeasonNumber>0</SeasonNumber>
  <Writer></Writer>
  <absolute_number></absolute_number>
  <airsafter_season>2</airsafter_season>
  <airsbefore_episode>1</airsbefore_episode>
  <airsbefore_season>3</airsbefore_season>
  <filename>episodes/82283/2240721.jpg</filename>
  <lastupdated>1275987638</lastupdated>
  <seasonid>33132</seasonid>
  <seriesid>82283</seriesid>
</Episode>
<Episode>
  <id>2232791</id>
  <Combined_episodenumber>10</Combined_episodenumber>
  <Combined_season>0</Combined_season>
  <DVD_chapter></DVD_chapter>
  <DVD_discid></DVD_discid>
  <DVD_episodenumber></DVD_episodenumber>
  <DVD_season></DVD_season>
  <Director></Director>
  <EpImgFlag>2</EpImgFlag>
  <EpisodeName>The Vampire Report Special Edition</EpisodeName>
  <EpisodeNumber>10</EpisodeNumber>
  <FirstAired>2010-05-25</FirstAired>
  <GuestStars></GuestStars>
  <IMDB_ID></IMDB_ID>
  <Language>en</Language>
  <Overview>Season 2 BluRay Extras.</Overview>
  <ProductionCode></ProductionCode>
  <Rating>7.7</Rating>
  <RatingCount>3</RatingCount>
  <SeasonNumber>0</SeasonNumber>
  <Writer></Writer>
  <absolute_number></absolute_number>
  <airsafter_season>2</airsafter_season>
  <airsbefore_episode></airsbefore_episode>
  <airsbefore_season></airsbefore_season>
  <filename>episodes/82283/2232791.jpg</filename>
  <lastupdated>1362582768</lastupdated>
  <seasonid>33132</seasonid>
  <seriesid>82283</seriesid>
</Episode>
<Episode>
  <id>2341031</id>
  <Combined_episodenumber>11</Combined_episodenumber>
  <Combined_season>0</Combined_season>
  <DVD_chapter></DVD_chapter>
  <DVD_discid></DVD_discid>
  <DVD_episodenumber></DVD_episodenumber>
  <DVD_season></DVD_season>
  <Director></Director>
  <EpImgFlag>2</EpImgFlag>
  <EpisodeName>Minisode: Bill</EpisodeName>
  <EpisodeNumber>11</EpisodeNumber>
  <FirstAired>2010-05-25</FirstAired>
  <GuestStars></GuestStars>
  <IMDB_ID></IMDB_ID>
  <Language>en</Language>
  <Overview>While getting ready to meet Sookie for their date, Bill gets a visit from a jewelry saleswoman (Beth Grant) who makes an indecent proposition.</Overview>
  <ProductionCode></ProductionCode>
  <Rating>6.8</Rating>
  <RatingCount>6</RatingCount>
  <SeasonNumber>0</SeasonNumber>
  <Writer></Writer>
  <absolute_number></absolute_number>
  <airsafter_season>2</airsafter_season>
  <airsbefore_episode>1</airsbefore_episode>
  <airsbefore_season>3</airsbefore_season>
  <filename>episodes/82283/2341031.jpg</filename>
  <lastupdated>1275987660</lastupdated>
  <seasonid>33132</seasonid>
  <seriesid>82283</seriesid>
</Episode>
<Episode>
  <id>2341041</id>
  <Combined_episodenumber>12</Combined_episodenumber>
  <Combined_season>0</Combined_season>
  <DVD_chapter></DVD_chapter>
  <DVD_discid></DVD_discid>
  <DVD_episodenumber></DVD_episodenumber>
  <DVD_season></DVD_season>
  <Director></Director>
  <EpImgFlag>2</EpImgFlag>
  <EpisodeName>Minisode: Jason</EpisodeName>
  <EpisodeNumber>12</EpisodeNumber>
  <FirstAired>2010-06-02</FirstAired>
  <GuestStars></GuestStars>
  <IMDB_ID></IMDB_ID>
  <Language>en</Language>
  <Overview>Jason begs the help of Jesus, God, Mary Magdalene, Buddha, Allah, Scientology and aliens.</Overview>
  <ProductionCode></ProductionCode>
  <Rating>7.0</Rating>
  <RatingCount>6</RatingCount>
  <SeasonNumber>0</SeasonNumber>
  <Writer></Writer>
  <absolute_number></absolute_number>
  <airsafter_season>2</airsafter_season>
  <airsbefore_episode>1</airsbefore_episode>
  <airsbefore_season>3</airsbefore_season>
  <filename>episodes/82283/2341041.jpg</filename>
  <lastupdated>1275987671</lastupdated>
  <seasonid>33132</seasonid>
  <seriesid>82283</seriesid>
</Episode>
<Episode>
  <id>4116628</id>
  <Combined_episodenumber>13</Combined_episodenumber>
  <Combined_season>0</Combined_season>
  <DVD_chapter></DVD_chapter>
  <DVD_discid></DVD_discid>
  <DVD_episodenumber></DVD_episodenumber>
  <DVD_season></DVD_season>
  <Director></Director>
  <EpImgFlag></EpImgFlag>
  <EpisodeName>Season 4 Sneak Peak</EpisodeName>
  <EpisodeNumber>13</EpisodeNumber>
  <FirstAired>2011-06-15</FirstAired>
  <GuestStars></GuestStars>
  <IMDB_ID></IMDB_ID>
  <Language>en</Language>
  <Overview>The fourth season of True Blood will contain 12 episodes: the first, titled “She’s Not There,” will air Sunday, June 26, 2011, on HBO. It will be loosely based on the fourth novel in The Southern Vampire Mysteries series, Dead to the World.</Overview>
  <ProductionCode></ProductionCode>
  <Rating></Rating>
  <RatingCount>0</RatingCount>
  <SeasonNumber>0</SeasonNumber>
  <Writer></Writer>
  <absolute_number></absolute_number>
  <airsafter_season></airsafter_season>
  <airsbefore_episode>1</airsbefore_episode>
  <airsbefore_season>4</airsbefore_season>
  <filename></filename>
  <lastupdated>1308179391</lastupdated>
  <seasonid>33132</seasonid>
  <seriesid>82283</seriesid>
</Episode>
<Episode>
  <id>371461</id>
  <Combined_episodenumber>1.0</Combined_episodenumber>
  <Combined_season>1</Combined_season>
  <DVD_chapter></DVD_chapter>
  <DVD_discid></DVD_discid>
  <DVD_episodenumber>1.0</DVD_episodenumber>
  <DVD_season>1</DVD_season>
  <Director>Alan Ball</Director>
  <EpImgFlag>2</EpImgFlag>
  <EpisodeName>Strange Love</EpisodeName>
  <EpisodeNumber>1</EpisodeNumber>
  <FirstAired>2008-09-07</FirstAired>
  <GuestStars>James Parks (Mack Rattray)|Karina Logue (Denise Rattray)|Danielle Sapia (Maudette Pickens)|Josh Kelly (Frat Boy)|Jessica Stroup (Sorority Girl)|Lorna Scott (Sav-A-Bunch Shopper)|Jessica Tuck (Nan Flanagan)|Graham Shiels (Tattooed Vampire)</GuestStars>
  <IMDB_ID>tt1008582</IMDB_ID>
  <Language>en</Language>
  <Overview>Across the country, vampires have “come out of the coffin” following the invention of mass-produced synthetic blood. In Louisiana, Sookie Stack house, a waitress with telepathic abilities, falls under the spell of sexy, 173-year-old vampire Bill Compton whose thoughts she can’t read. After saving Bill from the Rat trays, a pair of ruthless “vampire drainers”, Sookie tests the limits of Bill’ s gratitude when the two are left alone in the dark. Meanwhile, Sookie’ s best friend Tara goes to work for Sam merlette at his bar and grill, while Sookie’ s roguish brother Jason finds himself in hot water when a “fang-banger” with whom he’s been intimate meets a tragic end.</Overview>
  <ProductionCode></ProductionCode>
  <Rating>7.1</Rating>
  <RatingCount>156</RatingCount>
  <SeasonNumber>1</SeasonNumber>
  <Writer>Alan Ball</Writer>
  <absolute_number>1</absolute_number>
  <filename>episodes/82283/371461.jpg</filename>
  <lastupdated>1286760169</lastupdated>
  <seasonid>33133</seasonid>
  <seriesid>82283</seriesid>
</Episode>
<Episode>
  <id>371462</id>
  <Combined_episodenumber>2.0</Combined_episodenumber>
  <Combined_season>1</Combined_season>
  <DVD_chapter></DVD_chapter>
  <DVD_discid></DVD_discid>
  <DVD_episodenumber>2.0</DVD_episodenumber>
  <DVD_season>1</DVD_season>
  <Director>Scott Winant</Director>
  <EpImgFlag>2</EpImgFlag>
  <EpisodeName>The First Taste</EpisodeName>
  <EpisodeNumber>2</EpisodeNumber>
  <FirstAired>2008-09-14</FirstAired>
  <GuestStars>Chris Bauer|Jim Parrack|Michael Raymond-James|William Sanderson|Lynn Collins</GuestStars>
  <IMDB_ID>tt1051962</IMDB_ID>
  <Language>en</Language>
  <Overview>After Sookie gets saved by Bill she suffers a lot of injuries and Bill tries to save her &quot;the Vampire way&quot;. The next day her brother is released from police custody and the bodies of Sookie's attackers are found. Later that day Bill goes to visit Sookie's family and gets a not so friendly welcome.</Overview>
  <ProductionCode></ProductionCode>
  <Rating>7.1</Rating>
  <RatingCount>125</RatingCount>
  <SeasonNumber>1</SeasonNumber>
  <Writer>Alan Ball|Charlaine Harris</Writer>
  <absolute_number>2</absolute_number>
  <filename>episodes/82283/371462.jpg</filename>
  <lastupdated>1286760280</lastupdated>
  <seasonid>33133</seasonid>
  <seriesid>82283</seriesid>
</Episode>
<Episode>
  <id>371468</id>
  <Combined_episodenumber>3</Combined_episodenumber>
  <Combined_season>1</Combined_season>
  <DVD_chapter></DVD_chapter>
  <DVD_discid></DVD_discid>
  <DVD_episodenumber></DVD_episodenumber>
  <DVD_season></DVD_season>
  <Director>John Dahl</Director>
  <EpImgFlag>2</EpImgFlag>
  <EpisodeName>Mine</EpisodeName>
  <EpisodeNumber>3</EpisodeNumber>
  <FirstAired>2008-09-21</FirstAired>
  <GuestStars>Chris Bauer|Jim Parrack|Adina Porter|Carrie Preston|Michael Raymond-James|William Sanderson|Lynn Collins</GuestStars>
  <IMDB_ID></IMDB_ID>
  <Language>en</Language>
  <Overview>Tara visits LaFayette seeking comfort from her woes, Sookie meets some of Bill's rowdy friends and saves them from harm from a human among them, and, Sookie and Hugo visit the Church of the Fellowship of the Sun.</Overview>
  <ProductionCode></ProductionCode>
  <Rating>7.1</Rating>
  <RatingCount>114</RatingCount>
  <SeasonNumber>1</SeasonNumber>
  <Writer>Alan Ball</Writer>
  <absolute_number>3</absolute_number>
  <filename>episodes/82283/371468.jpg</filename>
  <lastupdated>1286760276</lastupdated>
  <seasonid>33133</seasonid>
  <seriesid>82283</seriesid>
</Episode>
<Episode>
  <id>371469</id>
  <Combined_episodenumber>4</Combined_episodenumber>
  <Combined_season>1</Combined_season>
  <DVD_chapter></DVD_chapter>
  <DVD_discid></DVD_discid>
  <DVD_episodenumber></DVD_episodenumber>
  <DVD_season></DVD_season>
  <Director>Michael Lehmann</Director>
  <EpImgFlag>2</EpImgFlag>
  <EpisodeName>Escape from Dragon House</EpisodeName>
  <EpisodeNumber>4</EpisodeNumber>
  <FirstAired>2008-09-28</FirstAired>
  <GuestStars>James Parks (Mack Rattray)|Karina Logue (Denise Rattray)|Danielle Sapia (Maudette Pickens)|Josh Kelly (Frat Boy)|Jessica Stroup (Sorority Girl)|Lorna Scott (Sav-A-Bunch Shopper)|Jessica Tuck (Nan Flanagan)|Graham Shiels (Tattooed Vampire)</GuestStars>
  <IMDB_ID></IMDB_ID>
  <Language>en</Language>
  <Overview>One of the barmaids from Merlotte's is murdered and all signs point to Jason as her killer. Also evident is the fact that she had been around vampires, and Sookie knows just where to go to find out who the girl had been with. Bill introduces Sookie to Fangtasia, the biggest vampire bar in Shreveport, and Eric, the oldest vampire in Shreveport. Her search could lead her into territory she never thought she'd cover.</Overview>
  <ProductionCode></ProductionCode>
  <Rating>7.4</Rating>
  <RatingCount>105</RatingCount>
  <SeasonNumber>1</SeasonNumber>
  <Writer>Brian Buckner</Writer>
  <absolute_number>4</absolute_number>
  <filename>episodes/82283/371469.jpg</filename>
  <lastupdated>1286760273</lastupdated>
  <seasonid>33133</seasonid>
  <seriesid>82283</seriesid>
</Episode>
<Episode>
  <id>371470</id>
  <Combined_episodenumber>5</Combined_episodenumber>
  <Combined_season>1</Combined_season>
  <DVD_chapter></DVD_chapter>
  <DVD_discid></DVD_discid>
  <DVD_episodenumber></DVD_episodenumber>
  <DVD_season></DVD_season>
  <Director>Daniel Minahan</Director>
  <EpImgFlag>2</EpImgFlag>
  <EpisodeName>Sparks Fly Out</EpisodeName>
  <EpisodeNumber>5</EpisodeNumber>
  <FirstAired>2008-10-05</FirstAired>
  <GuestStars>Anna Paquin|Stephen Moyer|Sam Trammell|Ryan Kwanten|Rutina Wesley|Chris Bauer|Nelsan Ellis|Jim Parrack|Adina Porter|Carrie Preston|Michael Raymond-James|William Sanderson|Alexander Skarsgård|Lois Smith</GuestStars>
  <IMDB_ID></IMDB_ID>
  <Language>en</Language>
  <Overview>Bill wins over Adele's church group with his vivid recollections from the Civil War; Sam reveals his feelings to Sookie; Jason gives vampire blood another shot with the help of Lafayette, and hurts Tara in the process. </Overview>
  <ProductionCode></ProductionCode>
  <Rating>7.3</Rating>
  <RatingCount>110</RatingCount>
  <SeasonNumber>1</SeasonNumber>
  <Writer>Alexander Woo</Writer>
  <absolute_number>5</absolute_number>
  <filename>episodes/82283/371470.jpg</filename>
  <lastupdated>1286760270</lastupdated>
  <seasonid>33133</seasonid>
  <seriesid>82283</seriesid>
</Episode>
<Episode>
  <id>371471</id>
  <Combined_episodenumber>6</Combined_episodenumber>
  <Combined_season>1</Combined_season>
  <DVD_chapter></DVD_chapter>
  <DVD_discid></DVD_discid>
  <DVD_episodenumber></DVD_episodenumber>
  <DVD_season></DVD_season>
  <Director>Nick Gomez</Director>
  <EpImgFlag>2</EpImgFlag>
  <EpisodeName>Cold Ground</EpisodeName>
  <EpisodeNumber>6</EpisodeNumber>
  <FirstAired>2008-10-12</FirstAired>
  <GuestStars>Anna Paquin|Stephen Moyer|Sam Trammell|Ryan Kwanten|Rutina Wesley|Chris Bauer|Nelsan Ellis|Jim Parrack|Adina Porter|Carrie Preston|Michael Raymond-James|William Sanderson|Alexander Skarsgård|Lois Smith</GuestStars>
  <IMDB_ID></IMDB_ID>
  <Language>en</Language>
  <Overview>Sookie seeks refuge from her friends' and neighbors' inner voices; Jason wrestles with withdrawal symptoms; Tara's mother needs her help; Sam and Tara make a connection.</Overview>
  <ProductionCode></ProductionCode>
  <Rating>7.3</Rating>
  <RatingCount>113</RatingCount>
  <SeasonNumber>1</SeasonNumber>
  <Writer>Raelle Tucker</Writer>
  <absolute_number>6</absolute_number>
  <filename>episodes/82283/371471.jpg</filename>
  <lastupdated>1286760266</lastupdated>
  <seasonid>33133</seasonid>
  <seriesid>82283</seriesid>
</Episode>
<Episode>
  <id>371472</id>
  <Combined_episodenumber>7</Combined_episodenumber>
  <Combined_season>1</Combined_season>
  <DVD_chapter></DVD_chapter>
  <DVD_discid></DVD_discid>
  <DVD_episodenumber></DVD_episodenumber>
  <DVD_season></DVD_season>
  <Director>Marcos Siega</Director>
  <EpImgFlag>2</EpImgFlag>
  <EpisodeName>Burning House of Love</EpisodeName>
  <EpisodeNumber>7</EpisodeNumber>
  <FirstAired>2008-10-19</FirstAired>
  <GuestStars>Anna Paquin|Stephen Moyer|Sam Trammell|Ryan Kwanten|Rutina Wesley|Chris Bauer|Nelsan Ellis|Jim Parrack|Adina Porter|Carrie Preston|Michael Raymond-James|William Sanderson|Alexander Skarsgård|Lizzy Caplan</GuestStars>
  <IMDB_ID></IMDB_ID>
  <Language>en</Language>
  <Overview>Sookie's painful childhood revelation spurs Bill into action; Tara agrees to pay for an exorcism for Lettie Mae; Jason travels to Fangtasia in search of V juice.</Overview>
  <ProductionCode></ProductionCode>
  <Rating>7.2</Rating>
  <RatingCount>109</RatingCount>
  <SeasonNumber>1</SeasonNumber>
  <Writer>Chris Offutt</Writer>
  <absolute_number>7</absolute_number>
  <filename>episodes/82283/371472.jpg</filename>
  <lastupdated>1286760263</lastupdated>
  <seasonid>33133</seasonid>
  <seriesid>82283</seriesid>
</Episode>
<Episode>
  <id>371473</id>
  <Combined_episodenumber>8</Combined_episodenumber>
  <Combined_season>1</Combined_season>
  <DVD_chapter></DVD_chapter>
  <DVD_discid></DVD_discid>
  <DVD_episodenumber></DVD_episodenumber>
  <DVD_season></DVD_season>
  <Director>Michael Lehmann</Director>
  <EpImgFlag>2</EpImgFlag>
  <EpisodeName>The Fourth Man in the Fire</EpisodeName>
  <EpisodeNumber>8</EpisodeNumber>
  <FirstAired>2008-10-26</FirstAired>
  <GuestStars>|Carrie Preston|Michael Raymond-James|William Sanderson|Alexander Skarsgård|Lizzy Caplan|Steven Root</GuestStars>
  <IMDB_ID></IMDB_ID>
  <Language>en</Language>
  <Overview>Sookie tries to hold herself together in the wake of another possible tragedy; Tara lashes out at Sookie and Sam; Amy charms the crowd at Merlotte's.</Overview>
  <ProductionCode></ProductionCode>
  <Rating>7.3</Rating>
  <RatingCount>113</RatingCount>
  <SeasonNumber>1</SeasonNumber>
  <Writer>Alexander Woo</Writer>
  <absolute_number>8</absolute_number>
  <filename>episodes/82283/371473.jpg</filename>
  <lastupdated>1286760260</lastupdated>
  <seasonid>33133</seasonid>
  <seriesid>82283</seriesid>
</Episode>
<Episode>
  <id>371474</id>
  <Combined_episodenumber>9</Combined_episodenumber>
  <Combined_season>1</Combined_season>
  <DVD_chapter></DVD_chapter>
  <DVD_discid></DVD_discid>
  <DVD_episodenumber></DVD_episodenumber>
  <DVD_season></DVD_season>
  <Director>Anthony Hemingway</Director>
  <EpImgFlag>2</EpImgFlag>
  <EpisodeName>Plaisir D'Amour</EpisodeName>
  <EpisodeNumber>9</EpisodeNumber>
  <FirstAired>2008-11-02</FirstAired>
  <GuestStars>|Michael Raymond-James|William Sanderson|Alexander Skarsgård|Lizzy Caplan|Steven Root</GuestStars>
  <IMDB_ID></IMDB_ID>
  <Language>en</Language>
  <Overview>Bill must pay a steep price for protecting Sookie; Jason and Amy break a taboo; Tara consults with Miss Jeanette about exorcising her inner demon; Bill enlists an unlikely bodyguard.</Overview>
  <ProductionCode></ProductionCode>
  <Rating>7.4</Rating>
  <RatingCount>107</RatingCount>
  <SeasonNumber>1</SeasonNumber>
  <Writer>Brian Buckner</Writer>
  <absolute_number>9</absolute_number>
  <filename>episodes/82283/371474.jpg</filename>
  <lastupdated>1286760257</lastupdated>
  <seasonid>33133</seasonid>
  <seriesid>82283</seriesid>
</Episode>
<Episode>
  <id>371475</id>
  <Combined_episodenumber>10</Combined_episodenumber>
  <Combined_season>1</Combined_season>
  <DVD_chapter></DVD_chapter>
  <DVD_discid></DVD_discid>
  <DVD_episodenumber></DVD_episodenumber>
  <DVD_season></DVD_season>
  <Director>Scott Winant</Director>
  <EpImgFlag>2</EpImgFlag>
  <EpisodeName>I Don't Wanna Know</EpisodeName>
  <EpisodeNumber>10</EpisodeNumber>
  <FirstAired>2008-11-09</FirstAired>
  <GuestStars>|Michael Raymond-James|William Sanderson|Alexander Skarsgård|Lizzy Caplan|Steven Root</GuestStars>
  <IMDB_ID></IMDB_ID>
  <Language>en</Language>
  <Overview>Sam shares a secret with Sookie; Lettie Mae and Tara celebrate; Jason and Amy debate what to do with Eddie; Bill faces a harsh penalty.</Overview>
  <ProductionCode></ProductionCode>
  <Rating>7.4</Rating>
  <RatingCount>107</RatingCount>
  <SeasonNumber>1</SeasonNumber>
  <Writer>Chris Offutt</Writer>
  <absolute_number>10</absolute_number>
  <filename>episodes/82283/371475.jpg</filename>
  <lastupdated>1286760254</lastupdated>
  <seasonid>33133</seasonid>
  <seriesid>82283</seriesid>
</Episode>
<Episode>
  <id>371476</id>
  <Combined_episodenumber>11</Combined_episodenumber>
  <Combined_season>1</Combined_season>
  <DVD_chapter></DVD_chapter>
  <DVD_discid></DVD_discid>
  <DVD_episodenumber></DVD_episodenumber>
  <DVD_season></DVD_season>
  <Director>Nancy Oliver</Director>
  <EpImgFlag>2</EpImgFlag>
  <EpisodeName>To Love is to Bury</EpisodeName>
  <EpisodeNumber>11</EpisodeNumber>
  <FirstAired>2008-11-16</FirstAired>
  <GuestStars>Adina Porter|Carrie Preston|Michael Raymond-James|William Sanderson|Alexander Skarsgård|Lizzy Caplan</GuestStars>
  <IMDB_ID></IMDB_ID>
  <Language>en</Language>
  <Overview>Sookie and Sam investigate her most recent vision; Jason helps clean up Amy's mess; Tara becomes angry with Lettie Mae; Lafayette visits a senator.</Overview>
  <ProductionCode></ProductionCode>
  <Rating>7.3</Rating>
  <RatingCount>105</RatingCount>
  <SeasonNumber>1</SeasonNumber>
  <Writer>Nancy Oliver</Writer>
  <absolute_number>11</absolute_number>
  <filename>episodes/82283/371476.jpg</filename>
  <lastupdated>1286760251</lastupdated>
  <seasonid>33133</seasonid>
  <seriesid>82283</seriesid>
</Episode>
<Episode>
  <id>371477</id>
  <Combined_episodenumber>12</Combined_episodenumber>
  <Combined_season>1</Combined_season>
  <DVD_chapter></DVD_chapter>
  <DVD_discid></DVD_discid>
  <DVD_episodenumber></DVD_episodenumber>
  <DVD_season></DVD_season>
  <Director>Alan Ball</Director>
  <EpImgFlag>2</EpImgFlag>
  <EpisodeName>You'll Be the Death of Me</EpisodeName>
  <EpisodeNumber>12</EpisodeNumber>
  <FirstAired>2008-11-23</FirstAired>
  <GuestStars>Jim Parrack|Adina Porter|Carrie Preston|Michael Raymond-James|William Sanderson|Alexander Skarsgård|Lizzy Caplan</GuestStars>
  <IMDB_ID></IMDB_ID>
  <Language>en</Language>
  <Overview>Sookie finds a link to the string of killings in Bon Temps; Tara wants to make the most of her second chance; Jason finds a new calling; Bill tempts fate; Sam is upset by an encounter with an old acquaintance.</Overview>
  <ProductionCode></ProductionCode>
  <Rating>7.5</Rating>
  <RatingCount>99</RatingCount>
  <SeasonNumber>1</SeasonNumber>
  <Writer>Raelle Tucker</Writer>
  <absolute_number>12</absolute_number>
  <filename>episodes/82283/371477.jpg</filename>
  <lastupdated>1286760248</lastupdated>
  <seasonid>33133</seasonid>
  <seriesid>82283</seriesid>
</Episode>
<Episode>
  <id>532611</id>
  <Combined_episodenumber>1</Combined_episodenumber>
  <Combined_season>2</Combined_season>
  <DVD_chapter></DVD_chapter>
  <DVD_discid></DVD_discid>
  <DVD_episodenumber></DVD_episodenumber>
  <DVD_season></DVD_season>
  <Director>Daniel Minahan</Director>
  <EpImgFlag>2</EpImgFlag>
  <EpisodeName>Nothing But the Blood</EpisodeName>
  <EpisodeNumber>1</EpisodeNumber>
  <FirstAired>2009-06-14</FirstAired>
  <GuestStars></GuestStars>
  <IMDB_ID></IMDB_ID>
  <Language>en</Language>
  <Overview>A shocking murder outside Merlotte's has Bon Temps reeling. Meanwhile, Sookie's relationship with Bill is tested when she learns about Jessica, and of his involvement in her uncle's death. Sam recalls a shape-shifting encounter he had with Maryann as a 17-year-old. Jason gets a sudden windfall that allows him to pay for a leadership retreat with the Fellowship of the Sun. Two adversaries find themselves sharing a mysterious dungeon and, possibly, the same fate.</Overview>
  <ProductionCode>201</ProductionCode>
  <Rating>7.3</Rating>
  <RatingCount>102</RatingCount>
  <SeasonNumber>2</SeasonNumber>
  <Writer>Alexander Woo</Writer>
  <absolute_number>13</absolute_number>
  <filename>episodes/82283/532611.jpg</filename>
  <lastupdated>1302466700</lastupdated>
  <seasonid>39633</seasonid>
  <seriesid>82283</seriesid>
</Episode>
<Episode>
  <id>532621</id>
  <Combined_episodenumber>2</Combined_episodenumber>
  <Combined_season>2</Combined_season>
  <DVD_chapter></DVD_chapter>
  <DVD_discid></DVD_discid>
  <DVD_episodenumber></DVD_episodenumber>
  <DVD_season></DVD_season>
  <Director>Michael Lehmann</Director>
  <EpImgFlag>2</EpImgFlag>
  <EpisodeName>Keep This Party Going</EpisodeName>
  <EpisodeNumber>2</EpisodeNumber>
  <FirstAired>2009-06-21</FirstAired>
  <GuestStars>Ashley Jones (Daphne)|Kristin Bauer (Pam)|Patrick Gallagher (Chow)|Wes Brown (Luke)|Molly Burnett (Amanda)|Patricia Bethune (Jane Bodehouse)|Cheryl White (Mrs. Hamby)|Ben Lemon (Mr. Hamby)|Annalise Basso (Eden)|Tara Buck (Ginger)</GuestStars>
  <IMDB_ID></IMDB_ID>
  <Language>en</Language>
  <Overview>Sookie is forced to babysits Jessica, as well as the romantic inconveniences the teen vampire's presence creates. At the Light of Day leadership conference, Jason makes an impression on its ambitious leaders, Steve and Sarah Newlin. While one of his fellow campers, Amanda Jane with her band, the God Rockets, livens the spirits at camp with their hit single, Jesus Asked Me Out Today. Maryann casts her spell on Merlotte's patrons.</Overview>
  <ProductionCode>202</ProductionCode>
  <Rating>7.4</Rating>
  <RatingCount>104</RatingCount>
  <SeasonNumber>2</SeasonNumber>
  <Writer>Brian Buckner</Writer>
  <absolute_number>14</absolute_number>
  <filename>episodes/82283/532621.jpg</filename>
  <lastupdated>1302466710</lastupdated>
  <seasonid>39633</seasonid>
  <seriesid>82283</seriesid>
</Episode>
<Episode>
  <id>532631</id>
  <Combined_episodenumber>3</Combined_episodenumber>
  <Combined_season>2</Combined_season>
  <DVD_chapter></DVD_chapter>
  <DVD_discid></DVD_discid>
  <DVD_episodenumber></DVD_episodenumber>
  <DVD_season></DVD_season>
  <Director>Scott Winant</Director>
  <EpImgFlag>2</EpImgFlag>
  <EpisodeName>Scratches</EpisodeName>
  <EpisodeNumber>3</EpisodeNumber>
  <FirstAired>2009-06-28</FirstAired>
  <GuestStars></GuestStars>
  <IMDB_ID></IMDB_ID>
  <Language>en</Language>
  <Overview>Bill and Eric team up to save Sookie from a mysterious creature. Jason has second thoughts about the Light of Day retreat anti-vampire agenda, but Sarah and Steve counter his doubts with flattery and promises. Sam leaves town after alienating everyone. Jessica heads over to Merlotte's, where a smitten Hoyt falls for her. Tara is attracted to Eggs but is rudely interrupted by a fog.</Overview>
  <ProductionCode></ProductionCode>
  <Rating>7.3</Rating>
  <RatingCount>111</RatingCount>
  <SeasonNumber>2</SeasonNumber>
  <Writer>Raelle Tucker</Writer>
  <absolute_number>15</absolute_number>
  <filename>episodes/82283/532631.jpg</filename>
  <lastupdated>1302466724</lastupdated>
  <seasonid>39633</seasonid>
  <seriesid>82283</seriesid>
</Episode>
<Episode>
  <id>532641</id>
  <Combined_episodenumber>4</Combined_episodenumber>
  <Combined_season>2</Combined_season>
  <DVD_chapter></DVD_chapter>
  <DVD_discid></DVD_discid>
  <DVD_episodenumber></DVD_episodenumber>
  <DVD_season></DVD_season>
  <Director>Michael Lehmann</Director>
  <EpImgFlag>2</EpImgFlag>
  <EpisodeName>Shake and Fingerpop</EpisodeName>
  <EpisodeNumber>4</EpisodeNumber>
  <FirstAired>2009-07-12</FirstAired>
  <GuestStars></GuestStars>
  <IMDB_ID></IMDB_ID>
  <Language>en</Language>
  <Overview>Bill and Sookie travel to Dallas to carry out Eric's mission; Jason falls victim to a practical joke; Maryann throws a birthday party for Tara.</Overview>
  <ProductionCode></ProductionCode>
  <Rating>7.4</Rating>
  <RatingCount>117</RatingCount>
  <SeasonNumber>2</SeasonNumber>
  <Writer>Alan Ball</Writer>
  <absolute_number>16</absolute_number>
  <filename>episodes/82283/532641.jpg</filename>
  <lastupdated>1302466733</lastupdated>
  <seasonid>39633</seasonid>
  <seriesid>82283</seriesid>
</Episode>
<Episode>
  <id>532651</id>
  <Combined_episodenumber>5</Combined_episodenumber>
  <Combined_season>2</Combined_season>
  <DVD_chapter></DVD_chapter>
  <DVD_discid></DVD_discid>
  <DVD_episodenumber></DVD_episodenumber>
  <DVD_season></DVD_season>
  <Director>John Dahl</Director>
  <EpImgFlag>2</EpImgFlag>
  <EpisodeName>Never Let Me Go</EpisodeName>
  <EpisodeNumber>5</EpisodeNumber>
  <FirstAired>2009-07-19</FirstAired>
  <GuestStars></GuestStars>
  <IMDB_ID></IMDB_ID>
  <Language>en</Language>
  <Overview>While in Dallas, Sookie connects with one of her own; Jason is rewarded for his hard work at the Light of Day boot camp; Eric shares a secret about his past with Bill. Lafayette is given his job back.</Overview>
  <ProductionCode></ProductionCode>
  <Rating>7.4</Rating>
  <RatingCount>106</RatingCount>
  <SeasonNumber>2</SeasonNumber>
  <Writer>Nancy Oliver</Writer>
  <absolute_number>17</absolute_number>
  <filename>episodes/82283/532651.jpg</filename>
  <lastupdated>1302466744</lastupdated>
  <seasonid>39633</seasonid>
  <seriesid>82283</seriesid>
</Episode>
<Episode>
  <id>532661</id>
  <Combined_episodenumber>6</Combined_episodenumber>
  <Combined_season>2</Combined_season>
  <DVD_chapter></DVD_chapter>
  <DVD_discid></DVD_discid>
  <DVD_episodenumber></DVD_episodenumber>
  <DVD_season></DVD_season>
  <Director>Michael Lehmann</Director>
  <EpImgFlag>2</EpImgFlag>
  <EpisodeName>Hard-Hearted Hannah</EpisodeName>
  <EpisodeNumber>6</EpisodeNumber>
  <FirstAired>2009-07-26</FirstAired>
  <GuestStars></GuestStars>
  <IMDB_ID></IMDB_ID>
  <Language>en</Language>
  <Overview>Sookie embarks on a dangerous mission to locate Godric. Bill is shocked when a vampire from his past resurfaces in Dallas and keeps him hostage. Jason makes some difficult decisions. Andy interrogates Lafayette about his disappearance, Terry intervenes.</Overview>
  <ProductionCode>Sookie soluttautuu Auringon seurakuntaan,</ProductionCode>
  <Rating>7.5</Rating>
  <RatingCount>106</RatingCount>
  <SeasonNumber>2</SeasonNumber>
  <Writer>Brian Buckner</Writer>
  <absolute_number>18</absolute_number>
  <filename>episodes/82283/532661.jpg</filename>
  <lastupdated>1302466755</lastupdated>
  <seasonid>39633</seasonid>
  <seriesid>82283</seriesid>
</Episode>
<Episode>
  <id>717381</id>
  <Combined_episodenumber>7</Combined_episodenumber>
  <Combined_season>2</Combined_season>
  <DVD_chapter></DVD_chapter>
  <DVD_discid></DVD_discid>
  <DVD_episodenumber></DVD_episodenumber>
  <DVD_season></DVD_season>
  <Director>Michael Ruscio</Director>
  <EpImgFlag>2</EpImgFlag>
  <EpisodeName>Release Me</EpisodeName>
  <EpisodeNumber>7</EpisodeNumber>
  <FirstAired>2009-08-02</FirstAired>
  <GuestStars></GuestStars>
  <IMDB_ID></IMDB_ID>
  <Language>en</Language>
  <Overview>Drunken Andy helps Sam escape from Maryann's clasp. Sookie uncovers the traitor. Sam confront Daphne to discover Maryann is a Maenad. Jason gets caught fleeing the L.O.D. church by Sarah. Eric overhears Barry's message to Bill and goes to Sookie's aid.</Overview>
  <ProductionCode></ProductionCode>
  <Rating>7.5</Rating>
  <RatingCount>100</RatingCount>
  <SeasonNumber>2</SeasonNumber>
  <Writer>Raelle Tucker</Writer>
  <absolute_number>19</absolute_number>
  <filename>episodes/82283/717381.jpg</filename>
  <lastupdated>1302466763</lastupdated>
  <seasonid>39633</seasonid>
  <seriesid>82283</seriesid>
</Episode>
<Episode>
  <id>717391</id>
  <Combined_episodenumber>8</Combined_episodenumber>
  <Combined_season>2</Combined_season>
  <DVD_chapter></DVD_chapter>
  <DVD_discid></DVD_discid>
  <DVD_episodenumber></DVD_episodenumber>
  <DVD_season></DVD_season>
  <Director>John Dahl</Director>
  <EpImgFlag>2</EpImgFlag>
  <EpisodeName>Timebomb</EpisodeName>
  <EpisodeNumber>8</EpisodeNumber>
  <FirstAired>2009-08-09</FirstAired>
  <GuestStars></GuestStars>
  <IMDB_ID></IMDB_ID>
  <Language>en</Language>
  <Overview>Sookie's captivity takes an unexpected turn; Sam makes a gruesome discovery at Merlotte's; Tara and Eggs eat a mysterious meal prepared by Maryann; Jason pays off his debt to Eric.</Overview>
  <ProductionCode></ProductionCode>
  <Rating>7.7</Rating>
  <RatingCount>106</RatingCount>
  <SeasonNumber>2</SeasonNumber>
  <Writer>Alexander Woo</Writer>
  <absolute_number>20</absolute_number>
  <filename>episodes/82283/717391.jpg</filename>
  <lastupdated>1302466772</lastupdated>
  <seasonid>39633</seasonid>
  <seriesid>82283</seriesid>
</Episode>
<Episode>
  <id>717401</id>
  <Combined_episodenumber>9</Combined_episodenumber>
  <Combined_season>2</Combined_season>
  <DVD_chapter></DVD_chapter>
  <DVD_discid></DVD_discid>
  <DVD_episodenumber></DVD_episodenumber>
  <DVD_season></DVD_season>
  <Director>Scott Winant</Director>
  <EpImgFlag>2</EpImgFlag>
  <EpisodeName>I Will Rise Up</EpisodeName>
  <EpisodeNumber>9</EpisodeNumber>
  <FirstAired>2009-08-16</FirstAired>
  <GuestStars></GuestStars>
  <IMDB_ID></IMDB_ID>
  <Language>en</Language>
  <Overview>A wounded Eric plays Sookie for a sucker, to Bill’s dismay, and ends up getting inside her head. Later, Sookie and Jason bond over their recent adventures. Blaming Eggs for Tara’s bruises and bizarre behavior, Lafayette and Lettie Mae try to figure out a way to pry their kin from Maryann’s clutches. Hoyt defends his relationship with Jessica to Maxine, to no avail. Jailed by Bud along with a group of Bon Temps revelers, Sam looks for a way to escape and avoid capture by an increasingly obsessed Maryann. In Dallas, Eric and the vampires defend their recent actions to Nan Flanagan and are shocked when Godric decides to take the fall for their PR disaster.</Overview>
  <ProductionCode></ProductionCode>
  <Rating>7.5</Rating>
  <RatingCount>97</RatingCount>
  <SeasonNumber>2</SeasonNumber>
  <Writer>Nancy Oliver</Writer>
  <absolute_number>21</absolute_number>
  <filename>episodes/82283/717401.jpg</filename>
  <lastupdated>1302466783</lastupdated>
  <seasonid>39633</seasonid>
  <seriesid>82283</seriesid>
</Episode>
<Episode>
  <id>717411</id>
  <Combined_episodenumber>10</Combined_episodenumber>
  <Combined_season>2</Combined_season>
  <DVD_chapter></DVD_chapter>
  <DVD_discid></DVD_discid>
  <DVD_episodenumber></DVD_episodenumber>
  <DVD_season></DVD_season>
  <Director>Adam Davidson</Director>
  <EpImgFlag>2</EpImgFlag>
  <EpisodeName>New World In My View</EpisodeName>
  <EpisodeNumber>10</EpisodeNumber>
  <FirstAired>2009-08-23</FirstAired>
  <GuestStars></GuestStars>
  <IMDB_ID></IMDB_ID>
  <Language>en</Language>
  <Overview>Sookie, Bill and Jason return to a Bon Temps turned upside down by Maryann. Lured to Merlotte’s by Arlene, Sam and Andy find cold comfort in their refuge from a group of bloodthirsty revelers. Bill discovers that traditional vampire techniques don’t work on Maryann; Hoyt and Jessica try to keep a lid on Maxine’s madness; and Sookie tries to push through the darkness consuming Tara. With all hell breaking loose, Jason takes the bull by the horns to rescue Sam, at least for the moment.</Overview>
  <ProductionCode></ProductionCode>
  <Rating>7.7</Rating>
  <RatingCount>102</RatingCount>
  <SeasonNumber>2</SeasonNumber>
  <Writer>Kate Barnow|Elisabeth Finch</Writer>
  <absolute_number>22</absolute_number>
  <filename>episodes/82283/717411.jpg</filename>
  <lastupdated>1302466791</lastupdated>
  <seasonid>39633</seasonid>
  <seriesid>82283</seriesid>
</Episode>
<Episode>
  <id>717421</id>
  <Combined_episodenumber>11</Combined_episodenumber>
  <Combined_season>2</Combined_season>
  <DVD_chapter></DVD_chapter>
  <DVD_discid></DVD_discid>
  <DVD_episodenumber></DVD_episodenumber>
  <DVD_season></DVD_season>
  <Director>Daniel Minahan</Director>
  <EpImgFlag>2</EpImgFlag>
  <EpisodeName>Frenzy</EpisodeName>
  <EpisodeNumber>11</EpisodeNumber>
  <FirstAired>2009-08-30</FirstAired>
  <GuestStars></GuestStars>
  <IMDB_ID></IMDB_ID>
  <Language>en</Language>
  <Overview>With the crisis in Bon Temps careening out of control, Bill seeks out the advice of Sophie-Anne, the Vampire Queen of Louisiana, but must exercise patience before she gives him critical information. 

Meanwhile, Sookie and Lafayette find that protecting Tara from herself is more difficult than they anticipated; a desperate Sam turns to an unlikely source for assistance; and Jessica tests Hoyt’s allegiance to Maxine.</Overview>
  <ProductionCode></ProductionCode>
  <Rating>7.3</Rating>
  <RatingCount>105</RatingCount>
  <SeasonNumber>2</SeasonNumber>
  <Writer>Alan Ball</Writer>
  <absolute_number>23</absolute_number>
  <filename>episodes/82283/717421.jpg</filename>
  <lastupdated>1302466801</lastupdated>
  <seasonid>39633</seasonid>
  <seriesid>82283</seriesid>
</Episode>
<Episode>
  <id>982491</id>
  <Combined_episodenumber>12</Combined_episodenumber>
  <Combined_season>2</Combined_season>
  <DVD_chapter></DVD_chapter>
  <DVD_discid></DVD_discid>
  <DVD_episodenumber></DVD_episodenumber>
  <DVD_season></DVD_season>
  <Director>Michael Cuesta</Director>
  <EpImgFlag>2</EpImgFlag>
  <EpisodeName>Beyond Here Lies Nothin'</EpisodeName>
  <EpisodeNumber>12</EpisodeNumber>
  <FirstAired>2009-09-13</FirstAired>
  <GuestStars></GuestStars>
  <IMDB_ID></IMDB_ID>
  <Language>en</Language>
  <Overview>Bon Temps reaches a fever pitch as Maryann prepares for her ultimate bestial sacrifice, conscripting Sookie to be Maid of Honor at the bloody nuptials. Meanwhile, Sophie-Anne warns Eric to keep the lid on Bill's inquisitiveness; Jason leads Andy into the heroic abyss; and Hoyt struggles with Maxine's endless stream of insults. Deliberating on what may be his final move to save Sookie and the town, Sam places his trust, and his life, in a most unlikely ally</Overview>
  <ProductionCode></ProductionCode>
  <Rating>7.5</Rating>
  <RatingCount>98</RatingCount>
  <SeasonNumber>2</SeasonNumber>
  <Writer>Alexander Woo</Writer>
  <absolute_number></absolute_number>
  <filename>episodes/82283/982491.jpg</filename>
  <lastupdated>1302466814</lastupdated>
  <seasonid>39633</seasonid>
  <seriesid>82283</seriesid>
</Episode>
<Episode>
  <id>1358901</id>
  <Combined_episodenumber>1</Combined_episodenumber>
  <Combined_season>3</Combined_season>
  <DVD_chapter></DVD_chapter>
  <DVD_discid></DVD_discid>
  <DVD_episodenumber></DVD_episodenumber>
  <DVD_season></DVD_season>
  <Director>Daniel Minahan</Director>
  <EpImgFlag>2</EpImgFlag>
  <EpisodeName>Bad Blood</EpisodeName>
  <EpisodeNumber>1</EpisodeNumber>
  <FirstAired>2010-06-13</FirstAired>
  <GuestStars>Marshall Allman|Grant Bowler|Tanya Wright|Evan Rachel Wood|Natasha Alam|Željko Ivanek|Don Swayze|Monte Rex Perlin|Bryan Becker|Jeanne Baron</GuestStars>
  <IMDB_ID></IMDB_ID>
  <Language>en</Language>
  <Overview>Sookie turns to Eric for help finding Bill; Andy urges Jason to stay the course; Sam reconnects with his past; Tara seeks refuge from her grief.</Overview>
  <ProductionCode>301</ProductionCode>
  <Rating>7.5</Rating>
  <RatingCount>175</RatingCount>
  <SeasonNumber>3</SeasonNumber>
  <Writer>Brian Buckner</Writer>
  <absolute_number>25</absolute_number>
  <filename>episodes/82283/1358901.jpg</filename>
  <lastupdated>1296736213</lastupdated>
  <seasonid>151931</seasonid>
  <seriesid>82283</seriesid>
</Episode>
<Episode>
  <id>1358911</id>
  <Combined_episodenumber>2</Combined_episodenumber>
  <Combined_season>3</Combined_season>
  <DVD_chapter></DVD_chapter>
  <DVD_discid></DVD_discid>
  <DVD_episodenumber></DVD_episodenumber>
  <DVD_season></DVD_season>
  <Director>Scott Winant</Director>
  <EpImgFlag>2</EpImgFlag>
  <EpisodeName>Beautifully Broken</EpisodeName>
  <EpisodeNumber>2</EpisodeNumber>
  <FirstAired>2010-06-20</FirstAired>
  <GuestStars></GuestStars>
  <IMDB_ID>tt1484329</IMDB_ID>
  <Language>en</Language>
  <Overview>Russell Edgington, the Vampire King of Mississippi, concocts a plan to consolidate his power. Eric remembers his past; Sam tests the strength of his family bonds; Tara finds an ally in a shady vampire named Franklin Mott.</Overview>
  <ProductionCode>302</ProductionCode>
  <Rating>7.7</Rating>
  <RatingCount>168</RatingCount>
  <SeasonNumber>3</SeasonNumber>
  <Writer>Raelle Tucker</Writer>
  <absolute_number>26</absolute_number>
  <filename>episodes/82283/1358911.jpg</filename>
  <lastupdated>1309004425</lastupdated>
  <seasonid>151931</seasonid>
  <seriesid>82283</seriesid>
</Episode>
<Episode>
  <id>1358921</id>
  <Combined_episodenumber>3</Combined_episodenumber>
  <Combined_season>3</Combined_season>
  <DVD_chapter></DVD_chapter>
  <DVD_discid></DVD_discid>
  <DVD_episodenumber></DVD_episodenumber>
  <DVD_season></DVD_season>
  <Director>Michael Lehmann</Director>
  <EpImgFlag>2</EpImgFlag>
  <EpisodeName>It Hurts Me Too</EpisodeName>
  <EpisodeNumber>3</EpisodeNumber>
  <FirstAired>2010-06-27</FirstAired>
  <GuestStars></GuestStars>
  <IMDB_ID></IMDB_ID>
  <Language>en</Language>
  <Overview>In search of Bill, Sookie heads to Mississippi in the company of Alcide, a werewolf bodyguard. Haunted by visions from his past, Bill makes a surprising pledge of allegiance.</Overview>
  <ProductionCode>303</ProductionCode>
  <Rating>7.4</Rating>
  <RatingCount>171</RatingCount>
  <SeasonNumber>3</SeasonNumber>
  <Writer>Alexander Woo</Writer>
  <absolute_number>27</absolute_number>
  <filename>episodes/82283/1358921.jpg</filename>
  <lastupdated>1334929253</lastupdated>
  <seasonid>151931</seasonid>
  <seriesid>82283</seriesid>
</Episode>
<Episode>
  <id>1583661</id>
  <Combined_episodenumber>4</Combined_episodenumber>
  <Combined_season>3</Combined_season>
  <DVD_chapter></DVD_chapter>
  <DVD_discid></DVD_discid>
  <DVD_episodenumber></DVD_episodenumber>
  <DVD_season></DVD_season>
  <Director>David Petrarca</Director>
  <EpImgFlag>2</EpImgFlag>
  <EpisodeName>9 Crimes</EpisodeName>
  <EpisodeNumber>4</EpisodeNumber>
  <FirstAired>2010-07-11</FirstAired>
  <GuestStars>Željko Ivanek|Grant Bowler|Joe Manganiello|Brit Morgan|Tanya Wright|Theo Alexander|James Frain|Gregory Sporleder|J. Smith-Cameron|Cooper Huckabee|Don Swayze|Natasha Alam|James Harvey Ward|Grey Damon|Jade Taylor|Dawn Olivieri|John Rezig|Eric Jungmann</GuestStars>
  <IMDB_ID></IMDB_ID>
  <Language>en</Language>
  <Overview>Sookie joins Alcide at a raucous engagement party for his former fiancee. Bill &quot;procures&quot; dinner for Russell and Lorena. Sam brokers a deal with Tommy and his parents. Andy gets a promotion and draws Jason's attention. Arlene is irked by Jessica's arrival at Merlotte's. Eric is given a deadline to locate Bill. Franklin takes Tara on a road trip.</Overview>
  <ProductionCode>304</ProductionCode>
  <Rating>7.6</Rating>
  <RatingCount>161</RatingCount>
  <SeasonNumber>3</SeasonNumber>
  <Writer>Kate Barnow|Elisabeth R. Finch</Writer>
  <absolute_number>28</absolute_number>
  <filename>episodes/82283/1583661.jpg</filename>
  <lastupdated>1334929279</lastupdated>
  <seasonid>151931</seasonid>
  <seriesid>82283</seriesid>
</Episode>
<Episode>
  <id>1781931</id>
  <Combined_episodenumber>5</Combined_episodenumber>
  <Combined_season>3</Combined_season>
  <DVD_chapter></DVD_chapter>
  <DVD_discid></DVD_discid>
  <DVD_episodenumber></DVD_episodenumber>
  <DVD_season></DVD_season>
  <Director>Scott Winant</Director>
  <EpImgFlag>2</EpImgFlag>
  <EpisodeName>Trouble</EpisodeName>
  <EpisodeNumber>5</EpisodeNumber>
  <FirstAired>2010-07-18</FirstAired>
  <GuestStars>Grant Bowler|Joe Manganiello|Brit Morgan|Tanya Wright|Theo Alexander|James Frain|Hans Tester|J. Smith-Cameron|Cooper Huckabee|Melissa Rauch|Grainger Hines|John Rezig|Annica Bejhed|Sarah McCann</GuestStars>
  <IMDB_ID></IMDB_ID>
  <Language>en</Language>
  <Overview>Alcide and Sookie turn to an alpha-wolf &quot;packmaster&quot; for advice on how to deal with Russell's minions. Tara considers a proposal from Franklin, who's completed his mission for Russell; Joe Lee breaks his promise to Sam and Tommy; Lafayette learns the meaning of patience from Jesus, his mother's orderly; Jason meets his match in a mysterious girl named Crystal. An heirloom reminds Eric of his past and his ongoing thirst for vengeance.</Overview>
  <ProductionCode>305</ProductionCode>
  <Rating>7.8</Rating>
  <RatingCount>164</RatingCount>
  <SeasonNumber>3</SeasonNumber>
  <Writer>Nancy Oliver</Writer>
  <absolute_number>29</absolute_number>
  <filename>episodes/82283/1781931.jpg</filename>
  <lastupdated>1334929301</lastupdated>
  <seasonid>151931</seasonid>
  <seriesid>82283</seriesid>
</Episode>
<Episode>
  <id>1781941</id>
  <Combined_episodenumber>6</Combined_episodenumber>
  <Combined_season>3</Combined_season>
  <DVD_chapter></DVD_chapter>
  <DVD_discid></DVD_discid>
  <DVD_episodenumber></DVD_episodenumber>
  <DVD_season></DVD_season>
  <Director>Michael Lehmann</Director>
  <EpImgFlag>2</EpImgFlag>
  <EpisodeName>I Got A Right To Sing The Blues</EpisodeName>
  <EpisodeNumber>6</EpisodeNumber>
  <FirstAired>2010-07-25</FirstAired>
  <GuestStars>Evan Rachel Wood|Grant Bowler|Joe Manganiello|Brit Morgan|Theo Alexander|James Frain|J. Smith-Cameron|Don Swayze|Jessica Tuck|John Prosky|James Harvey Ward|John Burke|Grey Damon|Carlson Young</GuestStars>
  <IMDB_ID></IMDB_ID>
  <Language>en</Language>
  <Overview>Spurned by Eric, Sookie fears the worst for Bill, whose fate now lies in Lorena's hands. Fueled by a night of bloody passion, Tara executes a desperate plan to stave off Franklin's advances. In Bon Temps, Tommy finds it difficult to leave the family nest; Jessica gets her fix from a Merlotte's customer; and Jason's romance with Crystal hits a snag, as does Lafayette's with Jesus. After revealing his master plan to Eric, Russell pays a visit to Louisiana in order to start executing it.</Overview>
  <ProductionCode>306</ProductionCode>
  <Rating>7.6</Rating>
  <RatingCount>173</RatingCount>
  <SeasonNumber>3</SeasonNumber>
  <Writer>Alan Ball</Writer>
  <absolute_number>30</absolute_number>
  <filename>episodes/82283/1781941.jpg</filename>
  <lastupdated>1346746341</lastupdated>
  <seasonid>151931</seasonid>
  <seriesid>82283</seriesid>
</Episode>
<Episode>
  <id>2091141</id>
  <Combined_episodenumber>7</Combined_episodenumber>
  <Combined_season>3</Combined_season>
  <DVD_chapter></DVD_chapter>
  <DVD_discid></DVD_discid>
  <DVD_episodenumber></DVD_episodenumber>
  <DVD_season></DVD_season>
  <Director>John Dahl</Director>
  <EpImgFlag>2</EpImgFlag>
  <EpisodeName>Hitting the Ground</EpisodeName>
  <EpisodeNumber>7</EpisodeNumber>
  <FirstAired>2010-08-01</FirstAired>
  <GuestStars>Evan Rachel Wood|Željko Ivanek|Grant Bowler|Joe Manganiello|Brit Morgan|J. Smith-Cameron|Cooper Huckabee|Lara Pulver|Don Swayze|Lindsey Haun|Melissa Rauch|Sean Bridgers|Stephan DuVall|Ronnie Gene Blevins|Rebecca Tilney|Virginia Louise Smith</GuestStars>
  <IMDB_ID></IMDB_ID>
  <Language>en</Language>
  <Overview>Sookie's attempt to rescue Bill has unforseen consequences. Meanwhile, Jason seeks the truth about Crystal. Sam must step in when Tommy gets involved in a dog fighting ring, all thanks to Melinda and Joe Lee's quest for money. Eric figures out how to get the information he wants from Sophie-Anne. Debbie plans to get even with Alcide while Russell ignores the Magister.</Overview>
  <ProductionCode>307</ProductionCode>
  <Rating>7.7</Rating>
  <RatingCount>173</RatingCount>
  <SeasonNumber>3</SeasonNumber>
  <Writer>Brian Buckner</Writer>
  <absolute_number>31</absolute_number>
  <filename>episodes/82283/2091141.jpg</filename>
  <lastupdated>1357894285</lastupdated>
  <seasonid>151931</seasonid>
  <seriesid>82283</seriesid>
</Episode>
<Episode>
  <id>2091151</id>
  <Combined_episodenumber>8</Combined_episodenumber>
  <Combined_season>3</Combined_season>
  <DVD_chapter></DVD_chapter>
  <DVD_discid></DVD_discid>
  <DVD_episodenumber></DVD_episodenumber>
  <DVD_season></DVD_season>
  <Director>Lesli Linka Glatter</Director>
  <EpImgFlag>2</EpImgFlag>
  <EpisodeName>Night on the Sun</EpisodeName>
  <EpisodeNumber>8</EpisodeNumber>
  <FirstAired>2010-08-08</FirstAired>
  <GuestStars></GuestStars>
  <IMDB_ID></IMDB_ID>
  <Language>en</Language>
  <Overview>While Sookie must rethink her relationship with Bill, he reconciles with Jessica. As Russell decides what he's going to do next, Sophie-Anne relocates her residence. Jason offers a challenge to save Crystal while Ruby Jean pays Lafayette a surprise visit. A new waitress starts at Merlotte. Eric's allegiance to Russell is proven. Alcide's family emergency puts Sookie in a vulnerable position.</Overview>
  <ProductionCode>308</ProductionCode>
  <Rating>7.7</Rating>
  <RatingCount>182</RatingCount>
  <SeasonNumber>3</SeasonNumber>
  <Writer>Raelle Tucker</Writer>
  <absolute_number>32</absolute_number>
  <filename>episodes/82283/2091151.jpg</filename>
  <lastupdated>1334929365</lastupdated>
  <seasonid>151931</seasonid>
  <seriesid>82283</seriesid>
</Episode>
<Episode>
  <id>2091161</id>
  <Combined_episodenumber>9</Combined_episodenumber>
  <Combined_season>3</Combined_season>
  <DVD_chapter></DVD_chapter>
  <DVD_discid></DVD_discid>
  <DVD_episodenumber></DVD_episodenumber>
  <DVD_season></DVD_season>
  <Director>Scott Winant</Director>
  <EpImgFlag>2</EpImgFlag>
  <EpisodeName>Everything Is Broken</EpisodeName>
  <EpisodeNumber>9</EpisodeNumber>
  <FirstAired>2010-08-15</FirstAired>
  <GuestStars></GuestStars>
  <IMDB_ID></IMDB_ID>
  <Language>en</Language>
  <Overview>The Vampire Rights Amendment is close to being ratified so Nan confronts Eric at Fangtasia about the whereabouts of the Magister. Russell vows revenge against all his vampire and human adversaries. Bill discovers the truth about Sookie's true identity. Unexpected help arrives as Jason goes up against Felton and Calvin. Arlene is overcome by a sense of futility about her future while Tara meets up with a new ally and with someone who caused her pain in the past. Sookie meets a new family member. Hoyt addresses his real feelings head on.</Overview>
  <ProductionCode>309</ProductionCode>
  <Rating>7.9</Rating>
  <RatingCount>178</RatingCount>
  <SeasonNumber>3</SeasonNumber>
  <Writer>Alexander Woo</Writer>
  <absolute_number>33</absolute_number>
  <filename>episodes/82283/2091161.jpg</filename>
  <lastupdated>1334929389</lastupdated>
  <seasonid>151931</seasonid>
  <seriesid>82283</seriesid>
</Episode>
<Episode>
  <id>2091171</id>
  <Combined_episodenumber>10</Combined_episodenumber>
  <Combined_season>3</Combined_season>
  <DVD_chapter></DVD_chapter>
  <DVD_discid></DVD_discid>
  <DVD_episodenumber></DVD_episodenumber>
  <DVD_season></DVD_season>
  <Director>Elisabeth R Finch</Director>
  <EpImgFlag>2</EpImgFlag>
  <EpisodeName>I Smell A Rat</EpisodeName>
  <EpisodeNumber>10</EpisodeNumber>
  <FirstAired>2010-08-22</FirstAired>
  <GuestStars></GuestStars>
  <IMDB_ID></IMDB_ID>
  <Language>en</Language>
  <Overview>Sookie is warned about the dangers she will have to deal with. Dark memories surface for Sam. Arlene must ask Holly for help while Jason faces unexpected dealings with Tara and Crystal. Jesus' interest in V's qualities is aroused. Arlene seeks out Holly for help. Russell vows to inflict punishment on his enemies. After precautions, Eric satisfies a wish.</Overview>
  <ProductionCode>310</ProductionCode>
  <Rating>7.5</Rating>
  <RatingCount>165</RatingCount>
  <SeasonNumber>3</SeasonNumber>
  <Writer>Kate Barnow</Writer>
  <absolute_number>34</absolute_number>
  <filename>episodes/82283/2091171.jpg</filename>
  <lastupdated>1334929413</lastupdated>
  <seasonid>151931</seasonid>
  <seriesid>82283</seriesid>
</Episode>
<Episode>
  <id>2091181</id>
  <Combined_episodenumber>11</Combined_episodenumber>
  <Combined_season>3</Combined_season>
  <DVD_chapter></DVD_chapter>
  <DVD_discid></DVD_discid>
  <DVD_episodenumber></DVD_episodenumber>
  <DVD_season></DVD_season>
  <Director>Daniel Minahan</Director>
  <EpImgFlag>2</EpImgFlag>
  <EpisodeName>Fresh Blood</EpisodeName>
  <EpisodeNumber>11</EpisodeNumber>
  <FirstAired>2010-08-29</FirstAired>
  <GuestStars></GuestStars>
  <IMDB_ID></IMDB_ID>
  <Language>en</Language>
  <Overview>Bill wants to earn back Sookie's trust but once again brings her close to danger. Eric tempts Russell with &quot;ultimate vampire dream&quot;. Jason tries to comprehend what he's learned about Crystal. Sam alienates everyone but Tara. Jessica and Hoyt take their romance up a notch. Lafayette struggles with new demons.</Overview>
  <ProductionCode>311</ProductionCode>
  <Rating>7.7</Rating>
  <RatingCount>156</RatingCount>
  <SeasonNumber>3</SeasonNumber>
  <Writer>Nancy Oliver</Writer>
  <absolute_number>35</absolute_number>
  <filename>episodes/82283/2091181.jpg</filename>
  <lastupdated>1334929432</lastupdated>
  <seasonid>151931</seasonid>
  <seriesid>82283</seriesid>
</Episode>
<Episode>
  <id>2091191</id>
  <Combined_episodenumber>12</Combined_episodenumber>
  <Combined_season>3</Combined_season>
  <DVD_chapter></DVD_chapter>
  <DVD_discid></DVD_discid>
  <DVD_episodenumber></DVD_episodenumber>
  <DVD_season></DVD_season>
  <Director>Anthony Hemingway</Director>
  <EpImgFlag>2</EpImgFlag>
  <EpisodeName>Evil Is Going On</EpisodeName>
  <EpisodeNumber>12</EpisodeNumber>
  <FirstAired>2010-09-12</FirstAired>
  <GuestStars></GuestStars>
  <IMDB_ID></IMDB_ID>
  <Language>en</Language>
  <Overview>Eric plots his revenge against Russell; Sookie considers a new life without Bill; Tara discovers some surprising news about Sam; Jason finds a new calling; Lafayette turns to Jesus for help; Hoyt hopes for a future with Jessica.</Overview>
  <ProductionCode>312</ProductionCode>
  <Rating>7.7</Rating>
  <RatingCount>169</RatingCount>
  <SeasonNumber>3</SeasonNumber>
  <Writer>Alan Ball</Writer>
  <absolute_number>36</absolute_number>
  <filename>episodes/82283/2091191.jpg</filename>
  <lastupdated>1334929453</lastupdated>
  <seasonid>151931</seasonid>
  <seriesid>82283</seriesid>
</Episode>
<Episode>
  <id>3278981</id>
  <Combined_episodenumber>1</Combined_episodenumber>
  <Combined_season>4</Combined_season>
  <DVD_chapter></DVD_chapter>
  <DVD_discid></DVD_discid>
  <DVD_episodenumber></DVD_episodenumber>
  <DVD_season></DVD_season>
  <Director>Michael Lehmann</Director>
  <EpImgFlag>2</EpImgFlag>
  <EpisodeName>She's Not There</EpisodeName>
  <EpisodeNumber>1</EpisodeNumber>
  <FirstAired>2011-06-26</FirstAired>
  <GuestStars></GuestStars>
  <IMDB_ID>tt1683842</IMDB_ID>
  <Language>en</Language>
  <Overview>Sookie journeys away from Bon Temps; Eric and Bill try to win back the human public; Jason learns that no good deed goes unpunished; Tara finds refuge in close quarters; Sam bonds with his own; Hoyt and Jessica debate the dinner menu; Jesus urges Lafayette to join a coven; and Terry tries to alleviate Arlene’s fears about the baby.</Overview>
  <ProductionCode></ProductionCode>
  <Rating>7.6</Rating>
  <RatingCount>173</RatingCount>
  <SeasonNumber>4</SeasonNumber>
  <Writer>Alexander Woo</Writer>
  <absolute_number></absolute_number>
  <filename>episodes/82283/3278981.jpg</filename>
  <lastupdated>1347701422</lastupdated>
  <seasonid>371891</seasonid>
  <seriesid>82283</seriesid>
</Episode>
<Episode>
  <id>3463961</id>
  <Combined_episodenumber>2</Combined_episodenumber>
  <Combined_season>4</Combined_season>
  <DVD_chapter></DVD_chapter>
  <DVD_discid></DVD_discid>
  <DVD_episodenumber></DVD_episodenumber>
  <DVD_season></DVD_season>
  <Director>Scott Winant</Director>
  <EpImgFlag>2</EpImgFlag>
  <EpisodeName>You Smell Like Dinner</EpisodeName>
  <EpisodeNumber>2</EpisodeNumber>
  <FirstAired>2011-07-03</FirstAired>
  <GuestStars></GuestStars>
  <IMDB_ID>tt1683846</IMDB_ID>
  <Language>en</Language>
  <Overview>Sookie adjusts to Bon Temps' new realities; Bill reveals pieces of his past; Eric crashes a witches' meeting; Jason gets his wounds licked; Andy struggles with his addiction; Sam learns of Luna's special talents; Jessica satisfies her blood cravings; and Arlene witnesses strange behavior from her family.</Overview>
  <ProductionCode></ProductionCode>
  <Rating>7.5</Rating>
  <RatingCount>156</RatingCount>
  <SeasonNumber>4</SeasonNumber>
  <Writer>Brian Bucker</Writer>
  <absolute_number></absolute_number>
  <filename>episodes/82283/3463961.jpg</filename>
  <lastupdated>1347701451</lastupdated>
  <seasonid>371891</seasonid>
  <seriesid>82283</seriesid>
</Episode>
<Episode>
  <id>4055451</id>
  <Combined_episodenumber>3</Combined_episodenumber>
  <Combined_season>4</Combined_season>
  <DVD_chapter></DVD_chapter>
  <DVD_discid></DVD_discid>
  <DVD_episodenumber></DVD_episodenumber>
  <DVD_season></DVD_season>
  <Director>David Petrarca</Director>
  <EpImgFlag>2</EpImgFlag>
  <EpisodeName>If You Love Me, Why am I Dyin'?</EpisodeName>
  <EpisodeNumber>3</EpisodeNumber>
  <FirstAired>2011-07-10</FirstAired>
  <GuestStars></GuestStars>
  <IMDB_ID>tt1683847</IMDB_ID>
  <Language>en</Language>
  <Overview>Sookie makes a deal with Eric and reconnects with Alcide; Bill punishes an errant vampire and counsels a guilt-ridden Jessica; Jason is cast as a reluctant savior; Tommy eyes a scam and alienates Sam; Marnie flexes her newfound powers; Pam delivers an ultimatum to Lafayette, Tara and Jesus; Eric spoils Sookie's faerie reunion. </Overview>
  <ProductionCode></ProductionCode>
  <Rating>7.6</Rating>
  <RatingCount>161</RatingCount>
  <SeasonNumber>4</SeasonNumber>
  <Writer>Alan Ball</Writer>
  <absolute_number></absolute_number>
  <filename>episodes/82283/4055451.jpg</filename>
  <lastupdated>1347701479</lastupdated>
  <seasonid>371891</seasonid>
  <seriesid>82283</seriesid>
</Episode>
<Episode>
  <id>4055461</id>
  <Combined_episodenumber>4</Combined_episodenumber>
  <Combined_season>4</Combined_season>
  <DVD_chapter></DVD_chapter>
  <DVD_discid></DVD_discid>
  <DVD_episodenumber></DVD_episodenumber>
  <DVD_season></DVD_season>
  <Director>Michael Lehmann</Director>
  <EpImgFlag>2</EpImgFlag>
  <EpisodeName>I'm Alive and On Fire</EpisodeName>
  <EpisodeNumber>4</EpisodeNumber>
  <FirstAired>2011-07-17</FirstAired>
  <GuestStars></GuestStars>
  <IMDB_ID>tt1683848</IMDB_ID>
  <Language>en</Language>
  <Overview>Alcide helps Sookie hunt for Eric; Marnie searches for guidance to break a spell; Bill discovers a common bond with the Bellefleurs; Jason begs for liberation from Hotshot; Sam penetrates Luna's inner circle; Arlene sees the writing on the wall; Tommy returns to his roots.</Overview>
  <ProductionCode></ProductionCode>
  <Rating>7.4</Rating>
  <RatingCount>163</RatingCount>
  <SeasonNumber>4</SeasonNumber>
  <Writer>Nancy Oliver</Writer>
  <absolute_number></absolute_number>
  <filename>episodes/82283/4055461.jpg</filename>
  <lastupdated>1347701497</lastupdated>
  <seasonid>371891</seasonid>
  <seriesid>82283</seriesid>
</Episode>
<Episode>
  <id>4055471</id>
  <Combined_episodenumber>5</Combined_episodenumber>
  <Combined_season>4</Combined_season>
  <DVD_chapter></DVD_chapter>
  <DVD_discid></DVD_discid>
  <DVD_episodenumber></DVD_episodenumber>
  <DVD_season></DVD_season>
  <Director>Dan Minahan</Director>
  <EpImgFlag>2</EpImgFlag>
  <EpisodeName>Me and the Devil</EpisodeName>
  <EpisodeNumber>5</EpisodeNumber>
  <FirstAired>2011-07-24</FirstAired>
  <GuestStars></GuestStars>
  <IMDB_ID>tt1683849</IMDB_ID>
  <Language>en</Language>
  <Overview>Sookie nurtures Eric; Bill gets involved personally in the necromancy crisis; Pam takes the veil; Sam becomes Tommy's accomplice; Arlene and Terry look to religion to solve their problem; Jesus and Lafayette head to Mexico to harness a shaman's power; Jason convalesces.</Overview>
  <ProductionCode></ProductionCode>
  <Rating>7.6</Rating>
  <RatingCount>146</RatingCount>
  <SeasonNumber>4</SeasonNumber>
  <Writer>Mark Hudis</Writer>
  <absolute_number></absolute_number>
  <filename>episodes/82283/4055471.jpg</filename>
  <lastupdated>1347701517</lastupdated>
  <seasonid>371891</seasonid>
  <seriesid>82283</seriesid>
</Episode>
<Episode>
  <id>4055481</id>
  <Combined_episodenumber>6</Combined_episodenumber>
  <Combined_season>4</Combined_season>
  <DVD_chapter></DVD_chapter>
  <DVD_discid></DVD_discid>
  <DVD_episodenumber></DVD_episodenumber>
  <DVD_season></DVD_season>
  <Director>Jeremy Podeswa</Director>
  <EpImgFlag>2</EpImgFlag>
  <EpisodeName>I Wish I Was the Moon</EpisodeName>
  <EpisodeNumber>6</EpisodeNumber>
  <FirstAired>2011-07-31</FirstAired>
  <GuestStars></GuestStars>
  <IMDB_ID>tt1683850</IMDB_ID>
  <Language>en</Language>
  <Overview>Sookie searches for Jason under a full moon; Marnie connects with spirits of the past; Arlene and Terry cope with a suspicious inferno; Debbie urges Alcide to join a new werewolf community; Tommy trades places with Sam; Lafayette feels the spirit in Mexico; Eric surrenders to his King's will.</Overview>
  <ProductionCode></ProductionCode>
  <Rating>7.7</Rating>
  <RatingCount>158</RatingCount>
  <SeasonNumber>4</SeasonNumber>
  <Writer>|Alan Ball|Charlaine Harris|</Writer>
  <absolute_number></absolute_number>
  <filename>episodes/82283/4055481.jpg</filename>
  <lastupdated>1347701540</lastupdated>
  <seasonid>371891</seasonid>
  <seriesid>82283</seriesid>
</Episode>
<Episode>
  <id>4055491</id>
  <Combined_episodenumber>7</Combined_episodenumber>
  <Combined_season>4</Combined_season>
  <DVD_chapter></DVD_chapter>
  <DVD_discid></DVD_discid>
  <DVD_episodenumber></DVD_episodenumber>
  <DVD_season></DVD_season>
  <Director>Michael Ruscio</Director>
  <EpImgFlag>2</EpImgFlag>
  <EpisodeName>Cold Grey Light of Dawn</EpisodeName>
  <EpisodeNumber>7</EpisodeNumber>
  <FirstAired>2011-08-07</FirstAired>
  <GuestStars></GuestStars>
  <IMDB_ID>tt1683851</IMDB_ID>
  <Language>en</Language>
  <Overview>With Marnie empowered by spirits of the dead, Bill issues an unpopular order to save vampires from the light. Eric embraces his amnesia; Luna discovers Sam’s not the man she thought he was; Lafayette expands his consciousness; Pam gets a body peel; Andy’s date with Holly doesn’t go as planned; Jessica has doubts about her future with Hoyt; Alcide and Debbie join a new pack.</Overview>
  <ProductionCode></ProductionCode>
  <Rating>7.9</Rating>
  <RatingCount>139</RatingCount>
  <SeasonNumber>4</SeasonNumber>
  <Writer>Alexander Woo</Writer>
  <absolute_number></absolute_number>
  <filename>episodes/82283/4055491.jpg</filename>
  <lastupdated>1347701558</lastupdated>
  <seasonid>371891</seasonid>
  <seriesid>82283</seriesid>
</Episode>
<Episode>
  <id>4081361</id>
  <Combined_episodenumber>8</Combined_episodenumber>
  <Combined_season>4</Combined_season>
  <DVD_chapter></DVD_chapter>
  <DVD_discid></DVD_discid>
  <DVD_episodenumber></DVD_episodenumber>
  <DVD_season></DVD_season>
  <Director>Dan Minahan</Director>
  <EpImgFlag>2</EpImgFlag>
  <EpisodeName>Spellbound</EpisodeName>
  <EpisodeNumber>8</EpisodeNumber>
  <FirstAired>2011-08-14</FirstAired>
  <GuestStars></GuestStars>
  <IMDB_ID>tt1683852</IMDB_ID>
  <Language>en</Language>
  <Overview>Bill and Marnie get ready for an open confrontation. The King secures the loyalty of Sookie and Eric. Jason is conflicted emotionally. A spirit manipulates Lafayette for its own purposes. Sam must deal with Marcus who just happens to be Luna's ex.</Overview>
  <ProductionCode></ProductionCode>
  <Rating>7.7</Rating>
  <RatingCount>149</RatingCount>
  <SeasonNumber>4</SeasonNumber>
  <Writer>Alan Ball | Charlaine Harris</Writer>
  <absolute_number></absolute_number>
  <filename>episodes/82283/4081361.jpg</filename>
  <lastupdated>1347701574</lastupdated>
  <seasonid>371891</seasonid>
  <seriesid>82283</seriesid>
</Episode>
<Episode>
  <id>4081362</id>
  <Combined_episodenumber>9</Combined_episodenumber>
  <Combined_season>4</Combined_season>
  <DVD_chapter></DVD_chapter>
  <DVD_discid></DVD_discid>
  <DVD_episodenumber></DVD_episodenumber>
  <DVD_season></DVD_season>
  <Director>Romeo Tirone</Director>
  <EpImgFlag>2</EpImgFlag>
  <EpisodeName>Let's Get Out of Here</EpisodeName>
  <EpisodeNumber>9</EpisodeNumber>
  <FirstAired>2011-08-21</FirstAired>
  <GuestStars></GuestStars>
  <IMDB_ID>tt1683853</IMDB_ID>
  <Language>en</Language>
  <Overview>Sookie tries to figure out how to fit both Bill and Eric into her life. Lafayette needs Jesus' help to rid him of the spirit that has taken over. Alcide is called upon by Marcus to help render assistance. Opposing ideas bring Bill into direct conflict with Nan. Marnie secretly plans out the strategy for her next step against the vampires in spite of Tara and Holly's apprehension about the outcome.</Overview>
  <ProductionCode></ProductionCode>
  <Rating>7.6</Rating>
  <RatingCount>146</RatingCount>
  <SeasonNumber>4</SeasonNumber>
  <Writer>Brian Buckner</Writer>
  <absolute_number></absolute_number>
  <filename>episodes/82283/4081362.jpg</filename>
  <lastupdated>1351371318</lastupdated>
  <seasonid>371891</seasonid>
  <seriesid>82283</seriesid>
</Episode>
<Episode>
  <id>4081363</id>
  <Combined_episodenumber>10</Combined_episodenumber>
  <Combined_season>4</Combined_season>
  <DVD_chapter></DVD_chapter>
  <DVD_discid></DVD_discid>
  <DVD_episodenumber></DVD_episodenumber>
  <DVD_season></DVD_season>
  <Director>Lesli Linka Glatter</Director>
  <EpImgFlag>2</EpImgFlag>
  <EpisodeName>Burning Down the House</EpisodeName>
  <EpisodeNumber>10</EpisodeNumber>
  <FirstAired>2011-08-28</FirstAired>
  <GuestStars></GuestStars>
  <IMDB_ID>tt1683843</IMDB_ID>
  <Language>en</Language>
  <Overview>Bill needs Sookie to use her powers which results in breaking a spell. Jessica is implored to glamour Jason. Terry tries to help Andy with an intervention. Alcide reassesses his loyalties. Bill organizes the vampires to attack Marnie's Moon Goddess Emporium while Jesus, Lafayette, Sookie and Jason attempt to free Tara and Holly.</Overview>
  <ProductionCode></ProductionCode>
  <Rating>7.6</Rating>
  <RatingCount>150</RatingCount>
  <SeasonNumber>4</SeasonNumber>
  <Writer>Nancy Oliver</Writer>
  <absolute_number></absolute_number>
  <filename>episodes/82283/4081363.jpg</filename>
  <lastupdated>1347701612</lastupdated>
  <seasonid>371891</seasonid>
  <seriesid>82283</seriesid>
</Episode>
<Episode>
  <id>4081364</id>
  <Combined_episodenumber>11</Combined_episodenumber>
  <Combined_season>4</Combined_season>
  <DVD_chapter></DVD_chapter>
  <DVD_discid></DVD_discid>
  <DVD_episodenumber></DVD_episodenumber>
  <DVD_season></DVD_season>
  <Director>Michael Lehmann</Director>
  <EpImgFlag>2</EpImgFlag>
  <EpisodeName>Soul of Fire</EpisodeName>
  <EpisodeNumber>11</EpisodeNumber>
  <FirstAired>2011-09-04</FirstAired>
  <GuestStars></GuestStars>
  <IMDB_ID>tt1683844</IMDB_ID>
  <Language>en</Language>
  <Overview>It's up to Sookie and her powers to keep Bill, Eric and Pam from harm. While Jesus casts a spell, Lafayette is totally absorbed by the past. Sams gets even with Marcus and Alcide deals with Debbie head on. Andy's foray into the forest is filled with deep, overwhelming emotion.</Overview>
  <ProductionCode></ProductionCode>
  <Rating>7.7</Rating>
  <RatingCount>151</RatingCount>
  <SeasonNumber>4</SeasonNumber>
  <Writer>Mark Hudis</Writer>
  <absolute_number></absolute_number>
  <filename>episodes/82283/4081364.jpg</filename>
  <lastupdated>1347701627</lastupdated>
  <seasonid>371891</seasonid>
  <seriesid>82283</seriesid>
</Episode>
<Episode>
  <id>4081365</id>
  <Combined_episodenumber>12</Combined_episodenumber>
  <Combined_season>4</Combined_season>
  <DVD_chapter></DVD_chapter>
  <DVD_discid></DVD_discid>
  <DVD_episodenumber></DVD_episodenumber>
  <DVD_season></DVD_season>
  <Director>Scott Winant</Director>
  <EpImgFlag>2</EpImgFlag>
  <EpisodeName>And When I Die</EpisodeName>
  <EpisodeNumber>12</EpisodeNumber>
  <FirstAired>2011-09-11</FirstAired>
  <GuestStars></GuestStars>
  <IMDB_ID>tt1683845</IMDB_ID>
  <Language>en</Language>
  <Overview>The souls of the dead rise up in Bon Temps. Sookie makes some important associations. Jesus and Lafayette's connection is imperiled. Sam and Luna imagine a happy and perfect future. Sookie and Tara are confronted by Debbie.</Overview>
  <ProductionCode></ProductionCode>
  <Rating>7.9</Rating>
  <RatingCount>163</RatingCount>
  <SeasonNumber>4</SeasonNumber>
  <Writer>Raelle Tucker</Writer>
  <absolute_number></absolute_number>
  <filename>episodes/82283/4081365.jpg</filename>
  <lastupdated>1347701646</lastupdated>
  <seasonid>371891</seasonid>
  <seriesid>82283</seriesid>
</Episode>
<Episode>
  <id>4242348</id>
  <Combined_episodenumber>1</Combined_episodenumber>
  <Combined_season>5</Combined_season>
  <DVD_chapter></DVD_chapter>
  <DVD_discid></DVD_discid>
  <DVD_episodenumber></DVD_episodenumber>
  <DVD_season></DVD_season>
  <Director>Daniel Minahan</Director>
  <EpImgFlag>2</EpImgFlag>
  <EpisodeName>Turn! Turn! Turn!</EpisodeName>
  <EpisodeNumber>1</EpisodeNumber>
  <FirstAired>2012-06-10</FirstAired>
  <GuestStars>Dale Dickey|Kelly Overton|Conor O'Farrell|Louis Herthum|Cherilyn Wilson|Zoran Korach|Brendan McCarthy|Dawn Stern|Marque Richardson|</GuestStars>
  <IMDB_ID>tt2139373</IMDB_ID>
  <Language>en</Language>
  <Overview>Sookie and Lafayette clean up the mess. Bill and Eric have a visit from the Vampire authority. Sam and Alcide come to terms with an angry pack.</Overview>
  <ProductionCode>#5.1</ProductionCode>
  <Rating>7.6</Rating>
  <RatingCount>129</RatingCount>
  <SeasonNumber>5</SeasonNumber>
  <Writer>Alan Ball</Writer>
  <absolute_number></absolute_number>
  <filename>episodes/82283/4242348.jpg</filename>
  <lastupdated>1364805353</lastupdated>
  <seasonid>482849</seasonid>
  <seriesid>82283</seriesid>
</Episode>
<Episode>
  <id>4242349</id>
  <Combined_episodenumber>2</Combined_episodenumber>
  <Combined_season>5</Combined_season>
  <DVD_chapter></DVD_chapter>
  <DVD_discid></DVD_discid>
  <DVD_episodenumber></DVD_episodenumber>
  <DVD_season></DVD_season>
  <Director>Michael Lehmann</Director>
  <EpImgFlag>2</EpImgFlag>
  <EpisodeName>Authority Always Wins</EpisodeName>
  <EpisodeNumber>2</EpisodeNumber>
  <FirstAired>2012-06-17</FirstAired>
  <GuestStars>Peter Mensah|Jacob Hopkins|John Rezig|Brendan McCarthy|Dale Raoul|Tara Buck|Dale Dickey|Kelly Overton|Brian Geraghty|Louis Herthum|Christopher Heyerdahl|Carolyn Hennesy|</GuestStars>
  <IMDB_ID>tt2170049</IMDB_ID>
  <Language>en</Language>
  <Overview>Tara resurfaces in Bom Temps. Pam recalls her human life when she met Eric. </Overview>
  <ProductionCode>#5.2</ProductionCode>
  <Rating>7.5</Rating>
  <RatingCount>114</RatingCount>
  <SeasonNumber>5</SeasonNumber>
  <Writer>Alan Ball</Writer>
  <absolute_number></absolute_number>
  <filename>episodes/82283/4242349.jpg</filename>
  <lastupdated>1364805460</lastupdated>
  <seasonid>482849</seasonid>
  <seriesid>82283</seriesid>
</Episode>
<Episode>
  <id>4242350</id>
  <Combined_episodenumber>3</Combined_episodenumber>
  <Combined_season>5</Combined_season>
  <DVD_chapter></DVD_chapter>
  <DVD_discid></DVD_discid>
  <DVD_episodenumber></DVD_episodenumber>
  <DVD_season></DVD_season>
  <Director>David Petrarca</Director>
  <EpImgFlag>2</EpImgFlag>
  <EpisodeName>Whatever I Am, You Made Me</EpisodeName>
  <EpisodeNumber>3</EpisodeNumber>
  <FirstAired>2012-06-24</FirstAired>
  <GuestStars>Melinda Page Hamilton|Peter Mensah|Jacob Hopkins|Carolyn Hennesy|Christopher Heyerdahl|Tanya Wright|John Rezig|Steve Rankin|Giles Matthey</GuestStars>
  <IMDB_ID>tt2170051</IMDB_ID>
  <Language>en</Language>
  <Overview>Bill and Eric barter for their lives with Roman, the head of the Authority; Jason reunites with his old high school teacher; Sookie searches for Tara.</Overview>
  <ProductionCode>#5.3</ProductionCode>
  <Rating>7.5</Rating>
  <RatingCount>104</RatingCount>
  <SeasonNumber>5</SeasonNumber>
  <Writer>Alan Ball</Writer>
  <absolute_number></absolute_number>
  <filename>episodes/82283/4242350.jpg</filename>
  <lastupdated>1354836370</lastupdated>
  <seasonid>482849</seasonid>
  <seriesid>82283</seriesid>
</Episode>
<Episode>
  <id>4242351</id>
  <Combined_episodenumber>4</Combined_episodenumber>
  <Combined_season>5</Combined_season>
  <DVD_chapter></DVD_chapter>
  <DVD_discid></DVD_discid>
  <DVD_episodenumber></DVD_episodenumber>
  <DVD_season></DVD_season>
  <Director>Romeo Tirone</Director>
  <EpImgFlag>2</EpImgFlag>
  <EpisodeName>We'll Meet Again</EpisodeName>
  <EpisodeNumber>4</EpisodeNumber>
  <FirstAired>2012-07-01</FirstAired>
  <GuestStars>John Rezig|Carolyn Hennesy|Peter Mensah|Christopher Heyerdahl|Jacob Hopkins|Lindsey Haun|Kristina Anapau|Christina Moore|Steve Rankin</GuestStars>
  <IMDB_ID>tt2171651</IMDB_ID>
  <Language>en</Language>
  <Overview>Eric and Bill fear for their lives; Lafayette puts Sookie’s life in danger; Roman and Salome root out a Council traitor.</Overview>
  <ProductionCode>#5.4</ProductionCode>
  <Rating>7.5</Rating>
  <RatingCount>111</RatingCount>
  <SeasonNumber>5</SeasonNumber>
  <Writer>Alexander Woo</Writer>
  <absolute_number></absolute_number>
  <filename>episodes/82283/4242351.jpg</filename>
  <lastupdated>1354836383</lastupdated>
  <seasonid>482849</seasonid>
  <seriesid>82283</seriesid>
</Episode>
<Episode>
  <id>4283826</id>
  <Combined_episodenumber>5</Combined_episodenumber>
  <Combined_season>5</Combined_season>
  <DVD_chapter></DVD_chapter>
  <DVD_discid></DVD_discid>
  <DVD_episodenumber></DVD_episodenumber>
  <DVD_season></DVD_season>
  <Director>Michael Lehmann</Director>
  <EpImgFlag>2</EpImgFlag>
  <EpisodeName>Let's Boot and Rally</EpisodeName>
  <EpisodeNumber>5</EpisodeNumber>
  <FirstAired>2012-07-08</FirstAired>
  <GuestStars>Alfre Woodard|Brian Geraghty|Carolyn Hennesy|Christopher Heyerdahl|John Billingsley|Tina Majorino|Jeffrey Nicholas Brown|Jenni Blong|Christina Moore|Mike Akrawi|Chloe Noelle</GuestStars>
  <IMDB_ID></IMDB_ID>
  <Language>en</Language>
  <Overview>Bill and Eric turn to Sookie for help with Russell’s whereabouts; Jason has a disturbing dream.</Overview>
  <ProductionCode></ProductionCode>
  <Rating>7.9</Rating>
  <RatingCount>115</RatingCount>
  <SeasonNumber>5</SeasonNumber>
  <Writer>Angela Robinson</Writer>
  <absolute_number></absolute_number>
  <filename>episodes/82283/4283826.jpg</filename>
  <lastupdated>1354836399</lastupdated>
  <seasonid>482849</seasonid>
  <seriesid>82283</seriesid>
</Episode>
<Episode>
  <id>4292793</id>
  <Combined_episodenumber>6</Combined_episodenumber>
  <Combined_season>5</Combined_season>
  <DVD_chapter></DVD_chapter>
  <DVD_discid></DVD_discid>
  <DVD_episodenumber></DVD_episodenumber>
  <DVD_season></DVD_season>
  <Director>Daniel Attias</Director>
  <EpImgFlag>2</EpImgFlag>
  <EpisodeName>Hopeless</EpisodeName>
  <EpisodeNumber>6</EpisodeNumber>
  <FirstAired>2012-07-15</FirstAired>
  <GuestStars>Alfre Woodard|Dale Dickey|Louis Herthum|Kelly Overton|Lindsey Haun|Christopher Heyerdahl|Peter Mensah|Carolyn Hennesy|Tina Majorino|Jeffrey Nicholas Brown|Jenni Blong|Giles Matthey|Chloe Noelle</GuestStars>
  <IMDB_ID></IMDB_ID>
  <Language>en</Language>
  <Overview>Bill and Eric are retrieved by the Authority; Roman lays out his plans for Russell. </Overview>
  <ProductionCode></ProductionCode>
  <Rating>7.9</Rating>
  <RatingCount>107</RatingCount>
  <SeasonNumber>5</SeasonNumber>
  <Writer>Alan Ball</Writer>
  <absolute_number></absolute_number>
  <filename>episodes/82283/4292793.jpg</filename>
  <lastupdated>1354836410</lastupdated>
  <seasonid>482849</seasonid>
  <seriesid>82283</seriesid>
</Episode>
<Episode>
  <id>4292794</id>
  <Combined_episodenumber>7</Combined_episodenumber>
  <Combined_season>5</Combined_season>
  <DVD_chapter></DVD_chapter>
  <DVD_discid></DVD_discid>
  <DVD_episodenumber></DVD_episodenumber>
  <DVD_season></DVD_season>
  <Director>Michael Ruscio</Director>
  <EpImgFlag>2</EpImgFlag>
  <EpisodeName>In the Beginning</EpisodeName>
  <EpisodeNumber>7</EpisodeNumber>
  <FirstAired>2012-07-22</FirstAired>
  <GuestStars>Jessica Clark|Allan Hyde|John Billingsley|Dale Dickey|Kelly Overton|Christopher Heyerdahl|Carolyn Hennesy|Peter Mensah|Louis Herthum|Tina Majorino|John Rezig|Tanya Wright|Del Zamora|Giles Matthey</GuestStars>
  <IMDB_ID></IMDB_ID>
  <Language>en</Language>
  <Overview>Salome reveals her true allegiances; Sookie embraces her human side; Sam sniffs out some perps; Alcide braces for a fight.</Overview>
  <ProductionCode></ProductionCode>
  <Rating>7.8</Rating>
  <RatingCount>107</RatingCount>
  <SeasonNumber>5</SeasonNumber>
  <Writer>Brian Buckner</Writer>
  <absolute_number></absolute_number>
  <filename>episodes/82283/4292794.jpg</filename>
  <lastupdated>1357430894</lastupdated>
  <seasonid>482849</seasonid>
  <seriesid>82283</seriesid>
</Episode>
<Episode>
  <id>4292795</id>
  <Combined_episodenumber>8</Combined_episodenumber>
  <Combined_season>5</Combined_season>
  <DVD_chapter></DVD_chapter>
  <DVD_discid></DVD_discid>
  <DVD_episodenumber></DVD_episodenumber>
  <DVD_season></DVD_season>
  <Director>Stephen Moyer</Director>
  <EpImgFlag>2</EpImgFlag>
  <EpisodeName>Somebody That I Used to Know</EpisodeName>
  <EpisodeNumber>8</EpisodeNumber>
  <FirstAired>2012-07-29</FirstAired>
  <GuestStars>Dale Dickey|Louis Herthum|Kelly Overton|John Rezig|Carolyn Hennesy|Peter Mensah|Jeffrey Nicholas Brown|Jenni Blong|Lara Pulver|Giles Matthey|Emma Greenwell|Camilla Luddington</GuestStars>
  <IMDB_ID></IMDB_ID>
  <Language>en</Language>
  <Overview>The Authority revels in a new direction; Sookie and Jason visit the site of their parents’ deaths; Luna gets stuck on Sam.</Overview>
  <ProductionCode></ProductionCode>
  <Rating>7.7</Rating>
  <RatingCount>108</RatingCount>
  <SeasonNumber>5</SeasonNumber>
  <Writer>Mark Hudis</Writer>
  <absolute_number></absolute_number>
  <filename>episodes/82283/4292795.jpg</filename>
  <lastupdated>1357430994</lastupdated>
  <seasonid>482849</seasonid>
  <seriesid>82283</seriesid>
</Episode>
<Episode>
  <id>4292796</id>
  <Combined_episodenumber>9</Combined_episodenumber>
  <Combined_season>5</Combined_season>
  <DVD_chapter></DVD_chapter>
  <DVD_discid></DVD_discid>
  <DVD_episodenumber></DVD_episodenumber>
  <DVD_season></DVD_season>
  <Director>Daniel Attias</Director>
  <EpImgFlag>2</EpImgFlag>
  <EpisodeName>Everybody Wants to Rule the World</EpisodeName>
  <EpisodeNumber>9</EpisodeNumber>
  <FirstAired>2012-08-05</FirstAired>
  <GuestStars>Robert Patrick|Louis Herthum|Dale Dickey|John Rezig|Tanya Wright|Jessica Clark|Tina Majorino|Giles Matthey|Camilla Luddington|</GuestStars>
  <IMDB_ID></IMDB_ID>
  <Language>en</Language>
  <Overview>Vampires celebrate the start of the holy war; anti-supernatural zealots put Sookie in danger.</Overview>
  <ProductionCode></ProductionCode>
  <Rating>7.8</Rating>
  <RatingCount>109</RatingCount>
  <SeasonNumber>5</SeasonNumber>
  <Writer>Raelle Tucker</Writer>
  <absolute_number></absolute_number>
  <filename>episodes/82283/4292796.jpg</filename>
  <lastupdated>1354836501</lastupdated>
  <seasonid>482849</seasonid>
  <seriesid>82283</seriesid>
</Episode>
<Episode>
  <id>4292797</id>
  <Combined_episodenumber>10</Combined_episodenumber>
  <Combined_season>5</Combined_season>
  <DVD_chapter></DVD_chapter>
  <DVD_discid></DVD_discid>
  <DVD_episodenumber></DVD_episodenumber>
  <DVD_season></DVD_season>
  <Director>Scott Winant</Director>
  <EpImgFlag>2</EpImgFlag>
  <EpisodeName>Gone, Gone, Gone</EpisodeName>
  <EpisodeNumber>10</EpisodeNumber>
  <FirstAired>2012-08-12</FirstAired>
  <GuestStars>Dale Raoul|Allan Hyde|John Billingsley|Tara Buck|Carolyn Hennesy|Peter Mensah|Giles Matthey|Camilla Luddington|Chloe Noelle|Kristina Anapau</GuestStars>
  <IMDB_ID></IMDB_ID>
  <Language>en</Language>
  <Overview>Bill puts a spin on the rising vampire violence; Jason uncovers a mysterious scroll.</Overview>
  <ProductionCode></ProductionCode>
  <Rating>7.6</Rating>
  <RatingCount>105</RatingCount>
  <SeasonNumber>5</SeasonNumber>
  <Writer>Alexander Woo</Writer>
  <absolute_number></absolute_number>
  <filename>episodes/82283/4292797.jpg</filename>
  <lastupdated>1354836514</lastupdated>
  <seasonid>482849</seasonid>
  <seriesid>82283</seriesid>
</Episode>
<Episode>
  <id>4292798</id>
  <Combined_episodenumber>11</Combined_episodenumber>
  <Combined_season>5</Combined_season>
  <DVD_chapter></DVD_chapter>
  <DVD_discid></DVD_discid>
  <DVD_episodenumber></DVD_episodenumber>
  <DVD_season></DVD_season>
  <Director>Lesli Linka Glatter</Director>
  <EpImgFlag>2</EpImgFlag>
  <EpisodeName>Sunset</EpisodeName>
  <EpisodeNumber>11</EpisodeNumber>
  <FirstAired>2012-08-19</FirstAired>
  <GuestStars>Kristina Anapau|Robert Patrick|Carolyn Hennesy|Peter Mensah|Jessica Clark|Skyler Hart|Camilla Luddington|</GuestStars>
  <IMDB_ID></IMDB_ID>
  <Language>en</Language>
  <Overview>Bill slips into religious fervor; Sookie seeks insight from the faerie Elder.</Overview>
  <ProductionCode></ProductionCode>
  <Rating>7.8</Rating>
  <RatingCount>101</RatingCount>
  <SeasonNumber>5</SeasonNumber>
  <Writer>Angela Robinson</Writer>
  <absolute_number></absolute_number>
  <filename>episodes/82283/4292798.jpg</filename>
  <lastupdated>1354836526</lastupdated>
  <seasonid>482849</seasonid>
  <seriesid>82283</seriesid>
</Episode>
<Episode>
  <id>4292799</id>
  <Combined_episodenumber>12</Combined_episodenumber>
  <Combined_season>5</Combined_season>
  <DVD_chapter></DVD_chapter>
  <DVD_discid></DVD_discid>
  <DVD_episodenumber></DVD_episodenumber>
  <DVD_season></DVD_season>
  <Director>Michael Lehmann</Director>
  <EpImgFlag>2</EpImgFlag>
  <EpisodeName>Save Yourself</EpisodeName>
  <EpisodeNumber>12</EpisodeNumber>
  <FirstAired>2012-08-26</FirstAired>
  <GuestStars>Carolyn Hennesy|Kelly Overton|Dale Dickey|Louis Herthum|Kristina Anapau|Camilla Luddington|Marque Richardson|Robert Patrick</GuestStars>
  <IMDB_ID></IMDB_ID>
  <Language>en</Language>
  <Overview>Eric tries to save Bill from losing his humanity.</Overview>
  <ProductionCode></ProductionCode>
  <Rating>7.9</Rating>
  <RatingCount>94</RatingCount>
  <SeasonNumber>5</SeasonNumber>
  <Writer>Alan Ball</Writer>
  <absolute_number></absolute_number>
  <filename>episodes/82283/4292799.jpg</filename>
  <lastupdated>1354836542</lastupdated>
  <seasonid>482849</seasonid>
  <seriesid>82283</seriesid>
</Episode>
<Episode>
  <id>4445552</id>
  <Combined_episodenumber>1</Combined_episodenumber>
  <Combined_season>6</Combined_season>
  <DVD_chapter></DVD_chapter>
  <DVD_discid></DVD_discid>
  <DVD_episodenumber></DVD_episodenumber>
  <DVD_season></DVD_season>
  <Director></Director>
  <EpImgFlag>3</EpImgFlag>
  <EpisodeName>Don't Let Me Be Misunderstood</EpisodeName>
  <EpisodeNumber>1</EpisodeNumber>
  <FirstAired>2013-06-16</FirstAired>
  <GuestStars></GuestStars>
  <IMDB_ID></IMDB_ID>
  <Language>en</Language>
  <Overview></Overview>
  <ProductionCode></ProductionCode>
  <Rating></Rating>
  <RatingCount>0</RatingCount>
  <SeasonNumber>6</SeasonNumber>
  <Writer></Writer>
  <absolute_number></absolute_number>
  <filename>episodes/82283/4445552.jpg</filename>
  <lastupdated>1364585514</lastupdated>
  <seasonid>496665</seasonid>
  <seriesid>82283</seriesid>
</Episode>
<Episode>
  <id>4459806</id>
  <Combined_episodenumber>2</Combined_episodenumber>
  <Combined_season>6</Combined_season>
  <DVD_chapter></DVD_chapter>
  <DVD_discid></DVD_discid>
  <DVD_episodenumber></DVD_episodenumber>
  <DVD_season></DVD_season>
  <Director></Director>
  <EpImgFlag></EpImgFlag>
  <EpisodeName>Here Comes the Sun</EpisodeName>
  <EpisodeNumber>2</EpisodeNumber>
  <FirstAired>2013-06-30</FirstAired>
  <GuestStars></GuestStars>
  <IMDB_ID></IMDB_ID>
  <Language>en</Language>
  <Overview></Overview>
  <ProductionCode></ProductionCode>
  <Rating></Rating>
  <RatingCount>0</RatingCount>
  <SeasonNumber>6</SeasonNumber>
  <Writer></Writer>
  <absolute_number></absolute_number>
  <filename></filename>
  <lastupdated>1364585983</lastupdated>
  <seasonid>496665</seasonid>
  <seriesid>82283</seriesid>
</Episode>
<Episode>
  <id>4489817</id>
  <Combined_episodenumber>3</Combined_episodenumber>
  <Combined_season>6</Combined_season>
  <DVD_chapter></DVD_chapter>
  <DVD_discid></DVD_discid>
  <DVD_episodenumber></DVD_episodenumber>
  <DVD_season></DVD_season>
  <Director></Director>
  <EpImgFlag></EpImgFlag>
  <EpisodeName>Abducted</EpisodeName>
  <EpisodeNumber>3</EpisodeNumber>
  <FirstAired>2013-06-23</FirstAired>
  <GuestStars></GuestStars>
  <IMDB_ID></IMDB_ID>
  <Language>en</Language>
  <Overview></Overview>
  <ProductionCode></ProductionCode>
  <Rating></Rating>
  <RatingCount>0</RatingCount>
  <SeasonNumber>6</SeasonNumber>
  <Writer></Writer>
  <absolute_number></absolute_number>
  <filename></filename>
  <lastupdated>1364238130</lastupdated>
  <seasonid>496665</seasonid>
  <seriesid>82283</seriesid>
</Episode>
<Episode>
  <id>4510060</id>
  <Combined_episodenumber>4</Combined_episodenumber>
  <Combined_season>6</Combined_season>
  <DVD_chapter></DVD_chapter>
  <DVD_discid></DVD_discid>
  <DVD_episodenumber></DVD_episodenumber>
  <DVD_season></DVD_season>
  <Director></Director>
  <EpImgFlag></EpImgFlag>
  <EpisodeName>I'm Your Man</EpisodeName>
  <EpisodeNumber>4</EpisodeNumber>
  <FirstAired>2013-06-30</FirstAired>
  <GuestStars></GuestStars>
  <IMDB_ID></IMDB_ID>
  <Language>en</Language>
  <Overview></Overview>
  <ProductionCode></ProductionCode>
  <Rating></Rating>
  <RatingCount>0</RatingCount>
  <SeasonNumber>6</SeasonNumber>
  <Writer></Writer>
  <absolute_number></absolute_number>
  <filename></filename>
  <lastupdated>1364238140</lastupdated>
  <seasonid>496665</seasonid>
  <seriesid>82283</seriesid>
</Episode>
<Episode>
  <id>4517749</id>
  <Combined_episodenumber>5</Combined_episodenumber>
  <Combined_season>6</Combined_season>
  <DVD_chapter></DVD_chapter>
  <DVD_discid></DVD_discid>
  <DVD_episodenumber></DVD_episodenumber>
  <DVD_season></DVD_season>
  <Director></Director>
  <EpImgFlag></EpImgFlag>
  <EpisodeName>F**k the Pain Away</EpisodeName>
  <EpisodeNumber>5</EpisodeNumber>
  <FirstAired>2013-07-07</FirstAired>
  <GuestStars></GuestStars>
  <IMDB_ID></IMDB_ID>
  <Language>en</Language>
  <Overview></Overview>
  <ProductionCode></ProductionCode>
  <Rating></Rating>
  <RatingCount>0</RatingCount>
  <SeasonNumber>6</SeasonNumber>
  <Writer></Writer>
  <absolute_number></absolute_number>
  <filename></filename>
  <lastupdated>1364238158</lastupdated>
  <seasonid>496665</seasonid>
  <seriesid>82283</seriesid>
</Episode>
<Episode>
  <id>4533065</id>
  <Combined_episodenumber>6</Combined_episodenumber>
  <Combined_season>6</Combined_season>
  <DVD_chapter></DVD_chapter>
  <DVD_discid></DVD_discid>
  <DVD_episodenumber></DVD_episodenumber>
  <DVD_season></DVD_season>
  <Director></Director>
  <EpImgFlag></EpImgFlag>
  <EpisodeName>Don't You Feel Me</EpisodeName>
  <EpisodeNumber>6</EpisodeNumber>
  <FirstAired>2013-07-14</FirstAired>
  <GuestStars></GuestStars>
  <IMDB_ID></IMDB_ID>
  <Language>en</Language>
  <Overview></Overview>
  <ProductionCode></ProductionCode>
  <Rating></Rating>
  <RatingCount>0</RatingCount>
  <SeasonNumber>6</SeasonNumber>
  <Writer></Writer>
  <absolute_number></absolute_number>
  <filename></filename>
  <lastupdated>1364309402</lastupdated>
  <seasonid>496665</seasonid>
  <seriesid>82283</seriesid>
</Episode>
</Data>