<?xml version="1.0" encoding="UTF-8" ?>
<Actors>
<Actor>
  <id>199521</id>
  <Image>actors/199521.jpg</Image>
  <Name>David Lyons</Name>
  <Role>Vince Faraday</Role>
  <SortOrder>0</SortOrder>
</Actor>
<Actor>
  <id>199561</id>
  <Image>actors/199561.jpg</Image>
  <Name>Summer Glau</Name>
  <Role>Orwell</Role>
  <SortOrder>1</SortOrder>
</Actor>
<Actor>
  <id>199531</id>
  <Image>actors/199531.jpg</Image>
  <Name>James Frain</Name>
  <Role>Peter Fleming</Role>
  <SortOrder>1</SortOrder>
</Actor>
<Actor>
  <id>236011</id>
  <Image>actors/236011.jpg</Image>
  <Name>Martin Klebba</Name>
  <Role>Rollo</Role>
  <SortOrder>3</SortOrder>
</Actor>
<Actor>
  <id>236001</id>
  <Image>actors/236001.jpg</Image>
  <Name>Vinnie Jones</Name>
  <Role>Scales</Role>
  <SortOrder>3</SortOrder>
</Actor>
<Actor>
  <id>199581</id>
  <Image>actors/199581.jpg</Image>
  <Name>Dorian Missick</Name>
  <Role>Marty Voight</Role>
  <SortOrder>3</SortOrder>
</Actor>
<Actor>
  <id>199571</id>
  <Image>actors/199571.jpg</Image>
  <Name>Keith David</Name>
  <Role>Max Malini</Role>
  <SortOrder>3</SortOrder>
</Actor>
<Actor>
  <id>199551</id>
  <Image>actors/199551.jpg</Image>
  <Name>Ryan Wynott</Name>
  <Role>Trip</Role>
  <SortOrder>3</SortOrder>
</Actor>
<Actor>
  <id>199541</id>
  <Image>actors/199541.jpg</Image>
  <Name>Jennifer Ferrin</Name>
  <Role>Dana Faraday</Role>
  <SortOrder>3</SortOrder>
</Actor>
</Actors>