<?xml version="1.0" encoding="UTF-8" ?>
<Data><Series>
  <id>160671</id>
  <Actors>|David Lyons|Summer Glau|James Frain|Martin Klebba|Vinnie Jones|Dorian Missick|Keith David|Ryan Wynott|Jennifer Ferrin|</Actors>
  <Airs_DayOfWeek>Monday</Airs_DayOfWeek>
  <Airs_Time>9:00 PM</Airs_Time>
  <ContentRating>TV-PG</ContentRating>
  <FirstAired>2011-01-09</FirstAired>
  <Genre>|Drama|</Genre>
  <IMDB_ID>tt1593823</IMDB_ID>
  <Language>en</Language>
  <Network>NBC</Network>
  <NetworkID></NetworkID>
  <Overview>From the visionary team of Gail Berman and Lloyd Braun comes an imaginative adventure about a dad who would do anything to protect his family. Officer Vince Faraday was a good cop trying to clean up a corrupt city. Framed for murder and left for dead, he suddenly found himself separated from his wife and son and forced into hiding. Now, inspired by his son's favorite comic book hero, he's taking the law into his own hands, and playing a deadly game of chess with the powerful kingpin who framed him. With the hope of one day reuniting with his family, The Cape is sending a loud message to all criminals... run.</Overview>
  <Rating>6.6</Rating>
  <RatingCount>43</RatingCount>
  <Runtime>60</Runtime>
  <SeriesID>78652</SeriesID>
  <SeriesName>The Cape (2011)</SeriesName>
  <Status>Ended</Status>
  <added>2010-05-02 05:06:31</added>
  <addedBy>173931</addedBy>
  <banner>graphical/160671-g3.jpg</banner>
  <fanart>fanart/original/160671-2.jpg</fanart>
  <lastupdated>1364854439</lastupdated>
  <poster>posters/160671-8.jpg</poster>
  <zap2it_id>SH01279165</zap2it_id>
</Series>
<Episode>
  <id>4364216</id>
  <Combined_episodenumber>1</Combined_episodenumber>
  <Combined_season>0</Combined_season>
  <DVD_chapter></DVD_chapter>
  <DVD_discid></DVD_discid>
  <DVD_episodenumber></DVD_episodenumber>
  <DVD_season></DVD_season>
  <Director></Director>
  <EpImgFlag></EpImgFlag>
  <EpisodeName>Behind the Scenes</EpisodeName>
  <EpisodeNumber>1</EpisodeNumber>
  <FirstAired>2010-11-21</FirstAired>
  <GuestStars></GuestStars>
  <IMDB_ID></IMDB_ID>
  <Language>en</Language>
  <Overview></Overview>
  <ProductionCode></ProductionCode>
  <Rating>7.0</Rating>
  <RatingCount>1</RatingCount>
  <SeasonNumber>0</SeasonNumber>
  <Writer></Writer>
  <absolute_number></absolute_number>
  <airsafter_season></airsafter_season>
  <airsbefore_episode>1</airsbefore_episode>
  <airsbefore_season>1</airsbefore_season>
  <filename></filename>
  <lastupdated>1342934906</lastupdated>
  <seasonid>240731</seasonid>
  <seriesid>160671</seriesid>
</Episode>
<Episode>
  <id>3061841</id>
  <Combined_episodenumber>1</Combined_episodenumber>
  <Combined_season>1</Combined_season>
  <DVD_chapter></DVD_chapter>
  <DVD_discid></DVD_discid>
  <DVD_episodenumber></DVD_episodenumber>
  <DVD_season></DVD_season>
  <Director>Simon West</Director>
  <EpImgFlag>2</EpImgFlag>
  <EpisodeName>Pilot</EpisodeName>
  <EpisodeNumber>1</EpisodeNumber>
  <FirstAired>2011-01-09</FirstAired>
  <GuestStars></GuestStars>
  <IMDB_ID>tt1669050</IMDB_ID>
  <Language>en</Language>
  <Overview>Former police sergeant Vince Faraday is framed as notorious criminal Chess and left for dead at the hands of the corrupt ARK corporation's security. Mentored by Max Malini among a group of bank robbers who use carnival talents, Vince must leave behind his wife and son to fight against corruption in Palm City, including villains Chess and Scales. Under the guise of The Cape, Vince must trust mysterious blogger Orwell to help in the fight. </Overview>
  <ProductionCode></ProductionCode>
  <Rating>7.3</Rating>
  <RatingCount>75</RatingCount>
  <SeasonNumber>1</SeasonNumber>
  <Writer>Tom Wheeler</Writer>
  <absolute_number>1</absolute_number>
  <filename>episodes/160671/3061841.jpg</filename>
  <lastupdated>1323121966</lastupdated>
  <seasonid>346351</seasonid>
  <seriesid>160671</seriesid>
</Episode>
<Episode>
  <id>3061851</id>
  <Combined_episodenumber>2</Combined_episodenumber>
  <Combined_season>1</Combined_season>
  <DVD_chapter></DVD_chapter>
  <DVD_discid></DVD_discid>
  <DVD_episodenumber></DVD_episodenumber>
  <DVD_season></DVD_season>
  <Director>Deran Sarafian</Director>
  <EpImgFlag>2</EpImgFlag>
  <EpisodeName>Tarot</EpisodeName>
  <EpisodeNumber>2</EpisodeNumber>
  <FirstAired>2011-01-09</FirstAired>
  <GuestStars></GuestStars>
  <IMDB_ID>tt1803603</IMDB_ID>
  <Language>en</Language>
  <Overview>Ark Corporation's aim is at prison privatization, but The Cape will battle Chess and his newest ally Chef to stop it. As Chess and Chef set their sites on Secretary for the Bureau of Prisons Patrick Portman, the Cape intervenes, barely surviving the encounter. Orwell, Max Malini, and the circus gang band together to help the Cape recover and also save Patrick. Aired the same date as the previous episode.</Overview>
  <ProductionCode></ProductionCode>
  <Rating>6.9</Rating>
  <RatingCount>65</RatingCount>
  <SeasonNumber>1</SeasonNumber>
  <Writer>Tom Wheeler</Writer>
  <absolute_number>2</absolute_number>
  <filename>episodes/160671/3061851.jpg</filename>
  <lastupdated>1323121516</lastupdated>
  <seasonid>346351</seasonid>
  <seriesid>160671</seriesid>
</Episode>
<Episode>
  <id>3061871</id>
  <Combined_episodenumber>3</Combined_episodenumber>
  <Combined_season>1</Combined_season>
  <DVD_chapter></DVD_chapter>
  <DVD_discid></DVD_discid>
  <DVD_episodenumber></DVD_episodenumber>
  <DVD_season></DVD_season>
  <Director>David Jackson</Director>
  <EpImgFlag>2</EpImgFlag>
  <EpisodeName>Kozmo</EpisodeName>
  <EpisodeNumber>3</EpisodeNumber>
  <FirstAired>2011-01-17</FirstAired>
  <GuestStars></GuestStars>
  <IMDB_ID>tt1760272</IMDB_ID>
  <Language>en</Language>
  <Overview>Max Malini's old friend Gregor Molotov has come to town, but not for a friendly visit. He is looking for whoever has the cape, and The Cape/Vince has to protect the carnies who took him in. Dana, Vince's wife, returns to work after grieving his loss and sees Palm City's corruption at work in the public defender's office. She also discovers there were witnesses when Vince vanished. </Overview>
  <ProductionCode></ProductionCode>
  <Rating>7.1</Rating>
  <RatingCount>49</RatingCount>
  <SeasonNumber>1</SeasonNumber>
  <Writer>Craig Titley</Writer>
  <absolute_number>3</absolute_number>
  <filename>episodes/160671/3061871.jpg</filename>
  <lastupdated>1323121546</lastupdated>
  <seasonid>346351</seasonid>
  <seriesid>160671</seriesid>
</Episode>
<Episode>
  <id>3125421</id>
  <Combined_episodenumber>4</Combined_episodenumber>
  <Combined_season>1</Combined_season>
  <DVD_chapter></DVD_chapter>
  <DVD_discid></DVD_discid>
  <DVD_episodenumber></DVD_episodenumber>
  <DVD_season></DVD_season>
  <Director>Dennie Gordon</Director>
  <EpImgFlag>2</EpImgFlag>
  <EpisodeName>Scales</EpisodeName>
  <EpisodeNumber>4</EpisodeNumber>
  <FirstAired>2011-01-24</FirstAired>
  <GuestStars></GuestStars>
  <IMDB_ID></IMDB_ID>
  <Language>en</Language>
  <Overview>When &quot;The Cape&quot; tips off Dominic Raoul (aka Scales) that Peter Fleming has been extorting money from him, Scales heads to a costume party on a train to confront Fleming. &quot;The Cape&quot; and Orwell, also at the party, discover Max and the gang are going to heist the train, and Vince/The Cape is conflicted about what to do. Meanwhile, Dana and Trip must endure scrutiny and taunts while trying to deal with their loss.</Overview>
  <ProductionCode></ProductionCode>
  <Rating>6.9</Rating>
  <RatingCount>38</RatingCount>
  <SeasonNumber>1</SeasonNumber>
  <Writer>William Wheeler</Writer>
  <absolute_number>4</absolute_number>
  <filename>episodes/160671/3125421.jpg</filename>
  <lastupdated>1323121574</lastupdated>
  <seasonid>346351</seasonid>
  <seriesid>160671</seriesid>
</Episode>
<Episode>
  <id>3061861</id>
  <Combined_episodenumber>5</Combined_episodenumber>
  <Combined_season>1</Combined_season>
  <DVD_chapter></DVD_chapter>
  <DVD_discid></DVD_discid>
  <DVD_episodenumber></DVD_episodenumber>
  <DVD_season></DVD_season>
  <Director>Michael Nankin</Director>
  <EpImgFlag>2</EpImgFlag>
  <EpisodeName>Dice</EpisodeName>
  <EpisodeNumber>5</EpisodeNumber>
  <FirstAired>2011-01-31</FirstAired>
  <GuestStars>Mena Suvari</GuestStars>
  <IMDB_ID></IMDB_ID>
  <Language>en</Language>
  <Overview>Peter Fleming (aka Chess) and the ARK Corporation prepare to unveil a special device that may alter the fate of Palm City. Tracey Jerrod (aka Dice), a young savant and inspiration for the device, emerges and targets Chess to avenge her father's death. Realizing he must keep his enemy alive in order to fully destroy him, Vince (aka The Cape) suddenly finds himself defending his archnemesis. With the help of Rollo, Ruvi, Raia and Max, Vince attempts to master new skills and also tries to accept how his choices will affect his wife, Dana and son, Trip.</Overview>
  <ProductionCode></ProductionCode>
  <Rating>7.2</Rating>
  <RatingCount>33</RatingCount>
  <SeasonNumber>1</SeasonNumber>
  <Writer>Tom Wheeler</Writer>
  <absolute_number>5</absolute_number>
  <filename>episodes/160671/3061861.jpg</filename>
  <lastupdated>1323121602</lastupdated>
  <seasonid>346351</seasonid>
  <seriesid>160671</seriesid>
</Episode>
<Episode>
  <id>3125431</id>
  <Combined_episodenumber>6</Combined_episodenumber>
  <Combined_season>1</Combined_season>
  <DVD_chapter></DVD_chapter>
  <DVD_discid></DVD_discid>
  <DVD_episodenumber></DVD_episodenumber>
  <DVD_season></DVD_season>
  <Director>Deran Sarafian</Director>
  <EpImgFlag>2</EpImgFlag>
  <EpisodeName>Goggles and Hicks</EpisodeName>
  <EpisodeNumber>6</EpisodeNumber>
  <FirstAired>2011-02-07</FirstAired>
  <GuestStars></GuestStars>
  <IMDB_ID></IMDB_ID>
  <Language>en</Language>
  <Overview>Badly bruised and exhausted, The Cape heeds advice from Max to take some time off to recover. Determined to finally kill The Cape, Peter Fleming hires a tech-savvy team, including Goggles and Hicks, to track and destroy The Cape. Meanwhile, Orwell faces digital challenges against the teams’ strong expertise and Dana becomes more involved in uncovering the truth about Vince’s case. 
</Overview>
  <ProductionCode></ProductionCode>
  <Rating>7.1</Rating>
  <RatingCount>28</RatingCount>
  <SeasonNumber>1</SeasonNumber>
  <Writer>Craig Titley</Writer>
  <absolute_number>6</absolute_number>
  <filename>episodes/160671/3125431.jpg</filename>
  <lastupdated>1324952485</lastupdated>
  <seasonid>346351</seasonid>
  <seriesid>160671</seriesid>
</Episode>
<Episode>
  <id>3148661</id>
  <Combined_episodenumber>7</Combined_episodenumber>
  <Combined_season>1</Combined_season>
  <DVD_chapter></DVD_chapter>
  <DVD_discid></DVD_discid>
  <DVD_episodenumber></DVD_episodenumber>
  <DVD_season></DVD_season>
  <Director>Karen Gaviola</Director>
  <EpImgFlag>2</EpImgFlag>
  <EpisodeName>The Lich (1)</EpisodeName>
  <EpisodeNumber>7</EpisodeNumber>
  <FirstAired>2011-02-14</FirstAired>
  <GuestStars></GuestStars>
  <IMDB_ID></IMDB_ID>
  <Language>en</Language>
  <Overview>Orphaned since birth, Conrad Chandler, the heir of one of Palm City’s founders, exacts revenge on the public and threatens to paralyze and control the city. The Cape and Max alert Marty of the impending danger to the city, which backfires on The Cape. Meanwhile, the Secretary of Prisons, Patrick Portman, aids Orwell in her search for the lone heir. Orwell locates Conrad through Netta, his mysterious caretaker, but soon discovers his deeply disturbing past and finds herself in danger. Elsewhere, Dana becomes increasingly uncomfortable with her new social life.</Overview>
  <ProductionCode></ProductionCode>
  <Rating>7.1</Rating>
  <RatingCount>26</RatingCount>
  <SeasonNumber>1</SeasonNumber>
  <Writer>Bill Wheeler</Writer>
  <absolute_number>7</absolute_number>
  <filename>episodes/160671/3148661.jpg</filename>
  <lastupdated>1323121677</lastupdated>
  <seasonid>346351</seasonid>
  <seriesid>160671</seriesid>
</Episode>
<Episode>
  <id>3148671</id>
  <Combined_episodenumber>8</Combined_episodenumber>
  <Combined_season>1</Combined_season>
  <DVD_chapter></DVD_chapter>
  <DVD_discid></DVD_discid>
  <DVD_episodenumber></DVD_episodenumber>
  <DVD_season></DVD_season>
  <Director>Roxann Dawson</Director>
  <EpImgFlag>2</EpImgFlag>
  <EpisodeName>The Lich (2)</EpisodeName>
  <EpisodeNumber>8</EpisodeNumber>
  <FirstAired>2011-02-21</FirstAired>
  <GuestStars></GuestStars>
  <IMDB_ID></IMDB_ID>
  <Language>en</Language>
  <Overview>The Cape, Max, and Rollo are forced to rely on Dana's legal connections to help them discover The Lich's whereabouts. Heavily entranced by Conrad Chandler's (The Lich) potent serum, Orwell struggles to fight off the physiological and mental effects of the strong dose. Meanwhile, Netta's strange loyalty to The Lich is clarified. In a sedated, weak state, Orwell drifts between reality and fantasy sequences, which slowly reveal her history and past.</Overview>
  <ProductionCode></ProductionCode>
  <Rating>6.7</Rating>
  <RatingCount>27</RatingCount>
  <SeasonNumber>1</SeasonNumber>
  <Writer>Toni Graphia|Rob Thompson</Writer>
  <absolute_number>8</absolute_number>
  <filename>episodes/160671/3148671.jpg</filename>
  <lastupdated>1328030285</lastupdated>
  <seasonid>346351</seasonid>
  <seriesid>160671</seriesid>
</Episode>
<Episode>
  <id>3421261</id>
  <Combined_episodenumber>9</Combined_episodenumber>
  <Combined_season>1</Combined_season>
  <DVD_chapter></DVD_chapter>
  <DVD_discid></DVD_discid>
  <DVD_episodenumber></DVD_episodenumber>
  <DVD_season></DVD_season>
  <Director>David Straiton</Director>
  <EpImgFlag>2</EpImgFlag>
  <EpisodeName>Razer</EpisodeName>
  <EpisodeNumber>9</EpisodeNumber>
  <FirstAired>2011-02-28</FirstAired>
  <GuestStars></GuestStars>
  <IMDB_ID></IMDB_ID>
  <Language>en</Language>
  <Overview>Concerned about the protection of his gang’s city territory, Scales makes a controversial pact with Fleming and plans to bring a dangerous villain, Razer, to the city. Vince intercepts Razer’s arrival, disguises himself as the villain, and infiltrates the inner circle of Scales and his gang. Meanwhile, Fleming battles internally with his alter ego, Chess, and Orwell remains in a dreary state, hinting at a uncertain future.</Overview>
  <ProductionCode></ProductionCode>
  <Rating>7.2</Rating>
  <RatingCount>24</RatingCount>
  <SeasonNumber>1</SeasonNumber>
  <Writer>Tom Wheeler|Bill Wheeler</Writer>
  <absolute_number>9</absolute_number>
  <filename>episodes/160671/3421261.jpg</filename>
  <lastupdated>1324952515</lastupdated>
  <seasonid>346351</seasonid>
  <seriesid>160671</seriesid>
</Episode>
<Episode>
  <id>3518471</id>
  <Combined_episodenumber>10</Combined_episodenumber>
  <Combined_season>1</Combined_season>
  <DVD_chapter></DVD_chapter>
  <DVD_discid></DVD_discid>
  <DVD_episodenumber></DVD_episodenumber>
  <DVD_season></DVD_season>
  <Director></Director>
  <EpImgFlag>2</EpImgFlag>
  <EpisodeName>Endgame</EpisodeName>
  <EpisodeNumber>10</EpisodeNumber>
  <FirstAired>2011-03-11</FirstAired>
  <GuestStars></GuestStars>
  <IMDB_ID></IMDB_ID>
  <Language>en</Language>
  <Overview>The Cape's worlds collide as Dana defends Marty after Fleming sets him up to the take the fall for corruption in Palm City.</Overview>
  <ProductionCode></ProductionCode>
  <Rating>7.2</Rating>
  <RatingCount>25</RatingCount>
  <SeasonNumber>1</SeasonNumber>
  <Writer></Writer>
  <absolute_number></absolute_number>
  <filename>episodes/160671/3518471.jpg</filename>
  <lastupdated>1324952537</lastupdated>
  <seasonid>346351</seasonid>
  <seriesid>160671</seriesid>
</Episode>
</Data>