<?xml version="1.0" encoding="UTF-8" ?>
<Actors>
<Actor>
  <id>10044</id>
  <Image>actors/10044.jpg</Image>
  <Name>Tara Strong</Name>
  <Role>Raven</Role>
  <SortOrder>0</SortOrder>
</Actor>
<Actor>
  <id>10036</id>
  <Image></Image>
  <Name>Ashley Johnson</Name>
  <Role></Role>
  <SortOrder>3</SortOrder>
</Actor>
<Actor>
  <id>10040</id>
  <Image></Image>
  <Name>Dee Bradley Baker</Name>
  <Role></Role>
  <SortOrder>3</SortOrder>
</Actor>
<Actor>
  <id>10039</id>
  <Image></Image>
  <Name>Greg Cipes</Name>
  <Role></Role>
  <SortOrder>3</SortOrder>
</Actor>
<Actor>
  <id>10043</id>
  <Image></Image>
  <Name>Hynden Walch</Name>
  <Role></Role>
  <SortOrder>3</SortOrder>
</Actor>
<Actor>
  <id>10041</id>
  <Image></Image>
  <Name>John DiMaggio</Name>
  <Role></Role>
  <SortOrder>3</SortOrder>
</Actor>
<Actor>
  <id>10037</id>
  <Image></Image>
  <Name>Kevin Michael Richardson</Name>
  <Role></Role>
  <SortOrder>3</SortOrder>
</Actor>
<Actor>
  <id>10038</id>
  <Image></Image>
  <Name>Khary Payton</Name>
  <Role></Role>
  <SortOrder>3</SortOrder>
</Actor>
<Actor>
  <id>10035</id>
  <Image></Image>
  <Name>Ron Perlman</Name>
  <Role></Role>
  <SortOrder>3</SortOrder>
</Actor>
<Actor>
  <id>10042</id>
  <Image></Image>
  <Name>Scott Menville</Name>
  <Role></Role>
  <SortOrder>3</SortOrder>
</Actor>
</Actors>