<?xml version="1.0" encoding="UTF-8" ?>
<Data><Series>
  <id>71503</id>
  <Actors>|Tara Strong|Ashley Johnson|Dee Bradley Baker|Greg Cipes|Hynden Walch|John DiMaggio|Kevin Michael Richardson|Khary Payton|Ron Perlman|Scott Menville|</Actors>
  <Airs_DayOfWeek>Saturday</Airs_DayOfWeek>
  <Airs_Time>8:00 PM</Airs_Time>
  <ContentRating>TV-Y7</ContentRating>
  <FirstAired>2003-07-19</FirstAired>
  <Genre>|Action|Adventure|Animation|Children|</Genre>
  <IMDB_ID>tt0343314</IMDB_ID>
  <Language>en</Language>
  <Network>Cartoon Network</Network>
  <NetworkID></NetworkID>
  <Overview>The Teen Titans are five heroes under one roof. Their names: Robin, Starfire, Raven, Cyborg, and Beast Boy They live in a large tower in the shape of a T that they call Titan Tower. No secret identities. No school. Just superheroes being superheroes. They must go up against their arch nemesis, Slade, and his evil minions. What he really plans to do is unknown but one thing's for sure... he's an evil madman.</Overview>
  <Rating>9.0</Rating>
  <RatingCount>7</RatingCount>
  <Runtime>30</Runtime>
  <SeriesID>13878</SeriesID>
  <SeriesName>Teen Titans</SeriesName>
  <Status>Ended</Status>
  <added></added>
  <addedBy></addedBy>
  <banner>graphical/13878-g.jpg</banner>
  <fanart>fanart/original/71503-3.jpg</fanart>
  <lastupdated>1364045616</lastupdated>
  <poster>posters/71503-1.jpg</poster>
  <zap2it_id>SH587023</zap2it_id>
</Series>
<Episode>
  <id>302079</id>
  <Combined_episodenumber>1</Combined_episodenumber>
  <Combined_season>0</Combined_season>
  <DVD_chapter></DVD_chapter>
  <DVD_discid></DVD_discid>
  <DVD_episodenumber></DVD_episodenumber>
  <DVD_season></DVD_season>
  <Director>|Matt Youngberg|Tara Strong|Scott Menville|Hynden Walch|Khary Payton|Greg Cipes|</Director>
  <EpImgFlag></EpImgFlag>
  <EpisodeName>The Lost Episode</EpisodeName>
  <EpisodeNumber>1</EpisodeNumber>
  <FirstAired>2005-01-11</FirstAired>
  <GuestStars>|Greg Ellis|</GuestStars>
  <IMDB_ID></IMDB_ID>
  <Language>en</Language>
  <Overview>The Titans face a villain called Punk Rocket, who wields a mean guitar that emits crushing sonic waves.</Overview>
  <ProductionCode>256-422</ProductionCode>
  <Rating>7.0</Rating>
  <RatingCount>2</RatingCount>
  <SeasonNumber>0</SeasonNumber>
  <Writer>|Rick Copp|</Writer>
  <absolute_number></absolute_number>
  <airsafter_season></airsafter_season>
  <airsbefore_episode>1</airsbefore_episode>
  <airsbefore_season>1</airsbefore_season>
  <filename></filename>
  <lastupdated>1233860663</lastupdated>
  <seasonid>18970</seasonid>
  <seriesid>71503</seriesid>
</Episode>
<Episode>
  <id>427446</id>
  <Combined_episodenumber>2</Combined_episodenumber>
  <Combined_season>0</Combined_season>
  <DVD_chapter></DVD_chapter>
  <DVD_discid></DVD_discid>
  <DVD_episodenumber></DVD_episodenumber>
  <DVD_season></DVD_season>
  <Director></Director>
  <EpImgFlag></EpImgFlag>
  <EpisodeName>Trouble in Tokyo</EpisodeName>
  <EpisodeNumber>2</EpisodeNumber>
  <FirstAired>2006-09-15</FirstAired>
  <GuestStars></GuestStars>
  <IMDB_ID></IMDB_ID>
  <Language>en</Language>
  <Overview>When a Japanese villain attacks Titans Tower, Robin, Starfire, Cyborg, Raven, and Beast Boy spring into action. When Robin finds out that Saico-Tek was sent by a mysterious and menacing Japanese criminal known as Brushogun, and the Teen Titans travel to Tokyo to track the villain down.</Overview>
  <ProductionCode></ProductionCode>
  <Rating></Rating>
  <RatingCount>0</RatingCount>
  <SeasonNumber>0</SeasonNumber>
  <Writer></Writer>
  <absolute_number></absolute_number>
  <airsafter_season>5</airsafter_season>
  <airsbefore_episode></airsbefore_episode>
  <airsbefore_season></airsbefore_season>
  <filename></filename>
  <lastupdated>1232547900</lastupdated>
  <seasonid>18970</seasonid>
  <seriesid>71503</seriesid>
</Episode>
<Episode>
  <id>48181</id>
  <Combined_episodenumber>3.0</Combined_episodenumber>
  <Combined_season>1</Combined_season>
  <DVD_chapter></DVD_chapter>
  <DVD_discid></DVD_discid>
  <DVD_episodenumber>3.0</DVD_episodenumber>
  <DVD_season>1</DVD_season>
  <Director>|Michael Chang|</Director>
  <EpImgFlag>1</EpImgFlag>
  <EpisodeName>Final Exam</EpisodeName>
  <EpisodeNumber>1</EpisodeNumber>
  <FirstAired>2003-07-19</FirstAired>
  <GuestStars>|Lauren Tom|Andrea Romano|Kevin Michael Richardson|</GuestStars>
  <IMDB_ID>tt0719001</IMDB_ID>
  <Language>en</Language>
  <Overview>Three H.I.V.E. graduates, Mammoth, Jinx, and Gizmo, are sent by the mysterious Slade to attack the Titans. While presumably well-trained and able to control their powers, the Titans get completely overpowered by the bad guys! Will the Titans be able to defeat these three villains and ruin Slade's plan?</Overview>
  <ProductionCode>385-903</ProductionCode>
  <Rating>7.7</Rating>
  <RatingCount>3</RatingCount>
  <SeasonNumber>1</SeasonNumber>
  <Writer>|Rob Hoegee|</Writer>
  <absolute_number></absolute_number>
  <filename>episodes/71503/48181.jpg</filename>
  <lastupdated>1253898331</lastupdated>
  <seasonid>2394</seasonid>
  <seriesid>71503</seriesid>
</Episode>
<Episode>
  <id>48182</id>
  <Combined_episodenumber>2.0</Combined_episodenumber>
  <Combined_season>1</Combined_season>
  <DVD_chapter></DVD_chapter>
  <DVD_discid></DVD_discid>
  <DVD_episodenumber>2.0</DVD_episodenumber>
  <DVD_season>1</DVD_season>
  <Director>|Alex Soto|</Director>
  <EpImgFlag>1</EpImgFlag>
  <EpisodeName>Sisters</EpisodeName>
  <EpisodeNumber>2</EpisodeNumber>
  <FirstAired>2003-07-26</FirstAired>
  <GuestStars>|Rino Romano|Hynden Walch|David Sobolov|</GuestStars>
  <IMDB_ID></IMDB_ID>
  <Language>en</Language>
  <Overview>Starfires better-than-her-at-everything sister, Blackfire, visits Starfire as the latter is suffering a personal crisis; she quickly makes friends with the Titans, and slowly begins to pull them away from Starfire, making her feel like an outcast.</Overview>
  <ProductionCode>385-902</ProductionCode>
  <Rating>7.3</Rating>
  <RatingCount>3</RatingCount>
  <SeasonNumber>1</SeasonNumber>
  <Writer>|Amy Wolfram|</Writer>
  <absolute_number></absolute_number>
  <filename>episodes/71503/48182.jpg</filename>
  <lastupdated>1253898186</lastupdated>
  <seasonid>2394</seasonid>
  <seriesid>71503</seriesid>
</Episode>
<Episode>
  <id>48183</id>
  <Combined_episodenumber>1.0</Combined_episodenumber>
  <Combined_season>1</Combined_season>
  <DVD_chapter></DVD_chapter>
  <DVD_discid></DVD_discid>
  <DVD_episodenumber>1.0</DVD_episodenumber>
  <DVD_season>1</DVD_season>
  <Director>|Ciro Nieli|</Director>
  <EpImgFlag>1</EpImgFlag>
  <EpisodeName>Divide and Conquer</EpisodeName>
  <EpisodeNumber>3</EpisodeNumber>
  <FirstAired>2003-08-02</FirstAired>
  <GuestStars>|Dee Bradley Baker|</GuestStars>
  <IMDB_ID>tt0718996</IMDB_ID>
  <Language>en</Language>
  <Overview>The Titans attempt to thwart the villain Cinderblock as he breaks into a prison to free a specific prisoner, but their lack of teamwork lets both get away. Cyborg and Robin start arguing over who is responsible, and Cyborg quits. Cinderblock turns over the prisoner to the mysterious &quot;&quot;Slade,&quot;&quot; who when awakened, becomes Plasmus. The remaining Titans go after Plasmus, but are overwhelmed until Cyborg shows up and helps them defeat Plasmus after capturing Cinderblock, leaving Robin to wonder who is the mastermind behind the plan.</Overview>
  <ProductionCode>385-901</ProductionCode>
  <Rating>8.5</Rating>
  <RatingCount>2</RatingCount>
  <SeasonNumber>1</SeasonNumber>
  <Writer>|David Slack|</Writer>
  <absolute_number></absolute_number>
  <filename>episodes/71503/48183.jpg</filename>
  <lastupdated>1253898341</lastupdated>
  <seasonid>2394</seasonid>
  <seriesid>71503</seriesid>
</Episode>
<Episode>
  <id>48184</id>
  <Combined_episodenumber>4.0</Combined_episodenumber>
  <Combined_season>1</Combined_season>
  <DVD_chapter></DVD_chapter>
  <DVD_discid></DVD_discid>
  <DVD_episodenumber>4.0</DVD_episodenumber>
  <DVD_season>1</DVD_season>
  <Director>|Ciro Nieli|</Director>
  <EpImgFlag>1</EpImgFlag>
  <EpisodeName>Forces of Nature</EpisodeName>
  <EpisodeNumber>4</EpisodeNumber>
  <FirstAired>2003-08-16</FirstAired>
  <GuestStars>|S. Scott Bullock|Quinton Flynn|</GuestStars>
  <IMDB_ID></IMDB_ID>
  <Language>en</Language>
  <Overview>Dark clouds blow in, bringing Thunder and Lightning, two stormy brothers looking for a good time. Unfortunately, their idea of fun is wrecking everything in sight. Meanwhile, after one of Beast Boy's practical jokes on Starfire misfires, Beast Boy learns his lesson after realizing that, just like the brothers, there are penalties when you don't think of others. He starts to get through to one of the brothers, Thunder, but the mysterious Slade disguised as a Chinese sorcerer shows up and tricks the brothers into unleashing a fire demon. Beast Boy gets through to Thunder, who gets through to his brother - the two team up to summon a thunderstorm and put out the demon while Slade escapes.</Overview>
  <ProductionCode>385-904</ProductionCode>
  <Rating>8.5</Rating>
  <RatingCount>2</RatingCount>
  <SeasonNumber>1</SeasonNumber>
  <Writer>|Adam Beechen|</Writer>
  <absolute_number></absolute_number>
  <filename>episodes/71503/48184.jpg</filename>
  <lastupdated>1253898216</lastupdated>
  <seasonid>2394</seasonid>
  <seriesid>71503</seriesid>
</Episode>
<Episode>
  <id>48185</id>
  <Combined_episodenumber>5.0</Combined_episodenumber>
  <Combined_season>1</Combined_season>
  <DVD_chapter></DVD_chapter>
  <DVD_discid></DVD_discid>
  <DVD_episodenumber>5.0</DVD_episodenumber>
  <DVD_season>1</DVD_season>
  <Director>|Alex Soto|</Director>
  <EpImgFlag>1</EpImgFlag>
  <EpisodeName>The Sum of His Parts</EpisodeName>
  <EpisodeNumber>5</EpisodeNumber>
  <FirstAired>2003-08-23</FirstAired>
  <GuestStars>|Tom Kenny|Tara Strong|</GuestStars>
  <IMDB_ID></IMDB_ID>
  <Language>en</Language>
  <Overview>Cyborg is reminded he's not completely human, when his power cell dies during a wild junkyard battle with the Amazing Mumbo. The Titans fear Mumbo has taken their friend, and search the city for Cyborg. But Fixit, a cybernetic hermit who finds and repairs broken things, finds Cyborg.</Overview>
  <ProductionCode>385-905</ProductionCode>
  <Rating>9.0</Rating>
  <RatingCount>1</RatingCount>
  <SeasonNumber>1</SeasonNumber>
  <Writer>|David Slack|</Writer>
  <absolute_number></absolute_number>
  <filename>episodes/71503/48185.jpg</filename>
  <lastupdated>1253898225</lastupdated>
  <seasonid>2394</seasonid>
  <seriesid>71503</seriesid>
</Episode>
<Episode>
  <id>48186</id>
  <Combined_episodenumber>6.0</Combined_episodenumber>
  <Combined_season>1</Combined_season>
  <DVD_chapter></DVD_chapter>
  <DVD_discid></DVD_discid>
  <DVD_episodenumber>6.0</DVD_episodenumber>
  <DVD_season>1</DVD_season>
  <Director>|Michael Chang|</Director>
  <EpImgFlag>1</EpImgFlag>
  <EpisodeName>Nevermore</EpisodeName>
  <EpisodeNumber>6</EpisodeNumber>
  <FirstAired>2003-08-30</FirstAired>
  <GuestStars>|Rodger Bumpass|Keith Szarabajka|</GuestStars>
  <IMDB_ID></IMDB_ID>
  <Language>en</Language>
  <Overview>Raven's creepy tantrum of crackling black energy leaves Dr. Light begging for mercy, and the Titans see a new side of    Raven- her temper. But, when Cyborg and Beast Boy find a Mysterious Mirror in Raven's room, they're suddenly transported to a strange nightmare world that's somehow connected to Raven.</Overview>
  <ProductionCode>385-906</ProductionCode>
  <Rating>8.0</Rating>
  <RatingCount>2</RatingCount>
  <SeasonNumber>1</SeasonNumber>
  <Writer>|Greg Klein|Tom Pugsley|</Writer>
  <absolute_number></absolute_number>
  <filename>episodes/71503/48186.jpg</filename>
  <lastupdated>1253898232</lastupdated>
  <seasonid>2394</seasonid>
  <seriesid>71503</seriesid>
</Episode>
<Episode>
  <id>48187</id>
  <Combined_episodenumber>7.0</Combined_episodenumber>
  <Combined_season>1</Combined_season>
  <DVD_chapter></DVD_chapter>
  <DVD_discid></DVD_discid>
  <DVD_episodenumber>7.0</DVD_episodenumber>
  <DVD_season>1</DVD_season>
  <Director>|Ciro Nieli|</Director>
  <EpImgFlag>1</EpImgFlag>
  <EpisodeName>Switched</EpisodeName>
  <EpisodeNumber>7</EpisodeNumber>
  <FirstAired>2003-09-06</FirstAired>
  <GuestStars>|Tracey Walter|</GuestStars>
  <IMDB_ID></IMDB_ID>
  <Language>en</Language>
  <Overview>Starfire and Raven don't really &quot;&quot;get each other.&quot;&quot; Star doesn't understand Raven's repression, and Raven can't deal with Starfire's emotional outbursts. But when The Puppet King imprisons Robin, Cyborg, and Beast Boy inside wooden puppets and takes control of the boys' bodies. The girls are going to have to understand each other -- if they want to survive.</Overview>
  <ProductionCode>385-907</ProductionCode>
  <Rating>8.0</Rating>
  <RatingCount>2</RatingCount>
  <SeasonNumber>1</SeasonNumber>
  <Writer>|Rick Copp|</Writer>
  <absolute_number></absolute_number>
  <filename>episodes/71503/48187.jpg</filename>
  <lastupdated>1253898240</lastupdated>
  <seasonid>2394</seasonid>
  <seriesid>71503</seriesid>
</Episode>
<Episode>
  <id>48188</id>
  <Combined_episodenumber>8.0</Combined_episodenumber>
  <Combined_season>1</Combined_season>
  <DVD_chapter></DVD_chapter>
  <DVD_discid></DVD_discid>
  <DVD_episodenumber>8.0</DVD_episodenumber>
  <DVD_season>1</DVD_season>
  <Director>|Alex Soto|</Director>
  <EpImgFlag>1</EpImgFlag>
  <EpisodeName>Deep Six</EpisodeName>
  <EpisodeNumber>8</EpisodeNumber>
  <FirstAired>2003-09-13</FirstAired>
  <GuestStars>|Wil Wheaton|Dave Coulier|Clancy Brown|Tom O'Donoghue|</GuestStars>
  <IMDB_ID></IMDB_ID>
  <Language>en</Language>
  <Overview>When a mysterious amphibious villain called Trident makes off with a boatload of dangerous Toxic Waste, the Titans hop into the T-SUB and go on an undersea adventure to put a stop to Trident. This is Beast Boy's big chance to morph into all sorts of undersea animals and show the team what a big hero he really is. But unfortunately another big hero shows up to steal the spotlight: a good-looking water-breathing teenage do-gooder named Aqualad.</Overview>
  <ProductionCode>385-908</ProductionCode>
  <Rating>8.5</Rating>
  <RatingCount>2</RatingCount>
  <SeasonNumber>1</SeasonNumber>
  <Writer>|Marvin Wolfman|</Writer>
  <absolute_number></absolute_number>
  <filename>episodes/71503/48188.jpg</filename>
  <lastupdated>1253898250</lastupdated>
  <seasonid>2394</seasonid>
  <seriesid>71503</seriesid>
</Episode>
<Episode>
  <id>48189</id>
  <Combined_episodenumber>9.0</Combined_episodenumber>
  <Combined_season>1</Combined_season>
  <DVD_chapter></DVD_chapter>
  <DVD_discid></DVD_discid>
  <DVD_episodenumber>9.0</DVD_episodenumber>
  <DVD_season>1</DVD_season>
  <Director>|Michael Chang|</Director>
  <EpImgFlag>1</EpImgFlag>
  <EpisodeName>Masks</EpisodeName>
  <EpisodeNumber>9</EpisodeNumber>
  <FirstAired>2003-09-20</FirstAired>
  <GuestStars>|Scott Menville|</GuestStars>
  <IMDB_ID></IMDB_ID>
  <Language>en</Language>
  <Overview>Slade sends a team of Robotic Commandos to steal a high-tech chip. Now Robin is more determined than ever to find out who Slade is -- and what he's planning. But while Robin is obsessively researching his arch-nemesis, a mysterious new bad guy called Red X tries to steal the same chip.</Overview>
  <ProductionCode>385-909</ProductionCode>
  <Rating>6.5</Rating>
  <RatingCount>2</RatingCount>
  <SeasonNumber>1</SeasonNumber>
  <Writer>|Tom Pugsley|Greg Klein|</Writer>
  <absolute_number></absolute_number>
  <filename>episodes/71503/48189.jpg</filename>
  <lastupdated>1253898259</lastupdated>
  <seasonid>2394</seasonid>
  <seriesid>71503</seriesid>
</Episode>
<Episode>
  <id>48190</id>
  <Combined_episodenumber>10.0</Combined_episodenumber>
  <Combined_season>1</Combined_season>
  <DVD_chapter></DVD_chapter>
  <DVD_discid></DVD_discid>
  <DVD_episodenumber>10.0</DVD_episodenumber>
  <DVD_season>1</DVD_season>
  <Director>|Ciro Nieli|</Director>
  <EpImgFlag>1</EpImgFlag>
  <EpisodeName>Mad Mod</EpisodeName>
  <EpisodeNumber>10</EpisodeNumber>
  <FirstAired>2003-09-27</FirstAired>
  <GuestStars>|Malcolm McDowell|</GuestStars>
  <IMDB_ID></IMDB_ID>
  <Language>en</Language>
  <Overview>The Titans awake to find themselves captured as prisoners of Mad Mod, a madcap bad guy in a psychedelic suit. Mad Mod has decided to teach the teens a lesson, creating a massive mind-bending school full of optical illusions and brain-washing hypno-screens. Will the Titans be &quot;&quot;re-educated&quot;&quot; and lose their minds in the process?</Overview>
  <ProductionCode>385-910</ProductionCode>
  <Rating>7.0</Rating>
  <RatingCount>2</RatingCount>
  <SeasonNumber>1</SeasonNumber>
  <Writer>|Adam Beechen|</Writer>
  <absolute_number></absolute_number>
  <filename>episodes/71503/48190.jpg</filename>
  <lastupdated>1253898269</lastupdated>
  <seasonid>2394</seasonid>
  <seriesid>71503</seriesid>
</Episode>
<Episode>
  <id>48192</id>
  <Combined_episodenumber>12.0</Combined_episodenumber>
  <Combined_season>1</Combined_season>
  <DVD_chapter></DVD_chapter>
  <DVD_discid></DVD_discid>
  <DVD_episodenumber>12.0</DVD_episodenumber>
  <DVD_season>1</DVD_season>
  <Director>|Michael Chang|</Director>
  <EpImgFlag>1</EpImgFlag>
  <EpisodeName>Apprentice (Part 1)</EpisodeName>
  <EpisodeNumber>11</EpisodeNumber>
  <FirstAired>2003-10-04</FirstAired>
  <GuestStars>|Dee Bradley Baker|</GuestStars>
  <IMDB_ID></IMDB_ID>
  <Language>en</Language>
  <Overview>Robin is haunted by dreams of becoming more like the mysterious Slade, while the Titans must track down the mastermind to stop his detonation of a chronoton bomb. Robin catches up to Slade while the others defuse the bomb, but Slade reveals the bomb was a lure - Robin's teammates now have microbombs secretly placed in their bodies, and Slade will detonate the bombs if Robin doesn't switch sides and becomes his assistant. Reluctantly, Robin agrees... (to be continued)</Overview>
  <ProductionCode>385-912</ProductionCode>
  <Rating>7.0</Rating>
  <RatingCount>1</RatingCount>
  <SeasonNumber>1</SeasonNumber>
  <Writer>|Rob Hoegee|</Writer>
  <absolute_number></absolute_number>
  <filename>episodes/71503/48192.jpg</filename>
  <lastupdated>1253898290</lastupdated>
  <seasonid>2394</seasonid>
  <seriesid>71503</seriesid>
</Episode>
<Episode>
  <id>48193</id>
  <Combined_episodenumber>13.0</Combined_episodenumber>
  <Combined_season>1</Combined_season>
  <DVD_chapter></DVD_chapter>
  <DVD_discid></DVD_discid>
  <DVD_episodenumber>13.0</DVD_episodenumber>
  <DVD_season>1</DVD_season>
  <Director></Director>
  <EpImgFlag>1</EpImgFlag>
  <EpisodeName>Apprentice (Part 2)</EpisodeName>
  <EpisodeNumber>12</EpisodeNumber>
  <FirstAired>2003-10-11</FirstAired>
  <GuestStars></GuestStars>
  <IMDB_ID></IMDB_ID>
  <Language>en</Language>
  <Overview>With no signs of Robin since Slade's &quot;&quot;Chronoton Detonator&quot;&quot; turned out to be a fake, the four remaining Teen Titans search the city for their missing leader. But their search is cut short when the Titan signal alerts them to a new villain in town.</Overview>
  <ProductionCode>385-913</ProductionCode>
  <Rating>7.0</Rating>
  <RatingCount>2</RatingCount>
  <SeasonNumber>1</SeasonNumber>
  <Writer>|David Slack|</Writer>
  <absolute_number></absolute_number>
  <filename>episodes/71503/48193.jpg</filename>
  <lastupdated>1253898301</lastupdated>
  <seasonid>2394</seasonid>
  <seriesid>71503</seriesid>
</Episode>
<Episode>
  <id>48191</id>
  <Combined_episodenumber>11.0</Combined_episodenumber>
  <Combined_season>1</Combined_season>
  <DVD_chapter></DVD_chapter>
  <DVD_discid></DVD_discid>
  <DVD_episodenumber>11.0</DVD_episodenumber>
  <DVD_season>1</DVD_season>
  <Director>|Alex Soto|</Director>
  <EpImgFlag>1</EpImgFlag>
  <EpisodeName>Car Trouble</EpisodeName>
  <EpisodeNumber>13</EpisodeNumber>
  <FirstAired>2003-11-11</FirstAired>
  <GuestStars>|Lauren Tom|James Arnold Taylor|Matt Levin|</GuestStars>
  <IMDB_ID></IMDB_ID>
  <Language>en</Language>
  <Overview>Cyborg has just finished building the vehicle of his dreams: the super-cool , uberfast, ultra-high-tech T-CAR! Cy grins like a proud parent as he shows off his &quot;&quot;baby&quot;&quot; to the other Titans. But before Cyborg can take his cool car out for a spin, the Titians are called to an Electronics Superstore where an electrical menace called Overload is wrecking havoc. Our heroes race to the scene - and Cyborg leaves behind his beloved car parked out front with its high-tech alarm set. But when they emerge from the store with Overload in custody, Cyborg freaks: the T-Car is gone!! A wild adventure unfolds as the T-Car changes hands from bad guy to worse guy - Cyborg races all over town, trying to catch up. Can Cyborg get his &quot;&quot;baby&quot;&quot; back - or is the T-Car lost forever?</Overview>
  <ProductionCode>385-911</ProductionCode>
  <Rating>8.0</Rating>
  <RatingCount>2</RatingCount>
  <SeasonNumber>1</SeasonNumber>
  <Writer>|Amy Wolfram|</Writer>
  <absolute_number></absolute_number>
  <filename>episodes/71503/48191.jpg</filename>
  <lastupdated>1253898316</lastupdated>
  <seasonid>2394</seasonid>
  <seriesid>71503</seriesid>
</Episode>
<Episode>
  <id>48194</id>
  <Combined_episodenumber>1.0</Combined_episodenumber>
  <Combined_season>2</Combined_season>
  <DVD_chapter></DVD_chapter>
  <DVD_discid></DVD_discid>
  <DVD_episodenumber>1.0</DVD_episodenumber>
  <DVD_season>2</DVD_season>
  <Director>|Alex Soto|</Director>
  <EpImgFlag>1</EpImgFlag>
  <EpisodeName>How Long Is Forever?</EpisodeName>
  <EpisodeNumber>1</EpisodeNumber>
  <FirstAired>2004-01-10</FirstAired>
  <GuestStars>|Xander Berkeley|</GuestStars>
  <IMDB_ID></IMDB_ID>
  <Language>en</Language>
  <Overview>When Starfire accidentaly falls into Warp's time portal, she is hurled twenty years into the future. Once there, she finds that the Titans have split up. She is devestated! Can Starfire save her friends? Or will the Titans end?</Overview>
  <ProductionCode>257-321</ProductionCode>
  <Rating>5.0</Rating>
  <RatingCount>1</RatingCount>
  <SeasonNumber>2</SeasonNumber>
  <Writer>|David Slack|</Writer>
  <absolute_number></absolute_number>
  <filename>episodes/71503/48194.jpg</filename>
  <lastupdated>1253898397</lastupdated>
  <seasonid>2395</seasonid>
  <seriesid>71503</seriesid>
</Episode>
<Episode>
  <id>48195</id>
  <Combined_episodenumber>2.0</Combined_episodenumber>
  <Combined_season>2</Combined_season>
  <DVD_chapter></DVD_chapter>
  <DVD_discid></DVD_discid>
  <DVD_episodenumber>2.0</DVD_episodenumber>
  <DVD_season>2</DVD_season>
  <Director>|Alex Soto|</Director>
  <EpImgFlag>1</EpImgFlag>
  <EpisodeName>Every Dog Has His Day</EpisodeName>
  <EpisodeNumber>2</EpisodeNumber>
  <FirstAired>2004-01-17</FirstAired>
  <GuestStars>|Dee Bradley Baker|Tara Strong|</GuestStars>
  <IMDB_ID></IMDB_ID>
  <Language>en</Language>
  <Overview>A strange green Alien Dog comes to Earth with a mysterious flying saucer chasing after it. But when the Alien Dog bumps into Green Dog Beast Boy, who's hanging out at the dog park, the flying saucer accidentally abducts the wrong pooch. When the Teen Titans spot the Alien Dog, they mistakenly think it's Beast Boy.</Overview>
  <ProductionCode>257-322</ProductionCode>
  <Rating></Rating>
  <RatingCount>0</RatingCount>
  <SeasonNumber>2</SeasonNumber>
  <Writer>|Rob Hoegee|</Writer>
  <absolute_number></absolute_number>
  <filename>episodes/71503/48195.jpg</filename>
  <lastupdated>1253898404</lastupdated>
  <seasonid>2395</seasonid>
  <seriesid>71503</seriesid>
</Episode>
<Episode>
  <id>48196</id>
  <Combined_episodenumber>3.0</Combined_episodenumber>
  <Combined_season>2</Combined_season>
  <DVD_chapter></DVD_chapter>
  <DVD_discid></DVD_discid>
  <DVD_episodenumber>3.0</DVD_episodenumber>
  <DVD_season>2</DVD_season>
  <Director></Director>
  <EpImgFlag>1</EpImgFlag>
  <EpisodeName>Terra</EpisodeName>
  <EpisodeNumber>3</EpisodeNumber>
  <FirstAired>2004-01-24</FirstAired>
  <GuestStars></GuestStars>
  <IMDB_ID></IMDB_ID>
  <Language>en</Language>
  <Overview>The Titans meet a girl named Terra who is a difter. She has the powers to move and control Earth. They allow her to stay at Titans Tower while they wonder if she should become part of them. Beast Boy convices her to stay, and he finds out that she is unable to control her powers. She makes him swear never to tell anyone. She then beats Cyborg in practice. They all go to fight Slade and Terra has a face-to-face talk with him. She is told that he can teach her to control her powers. She soon ultimately loses control of he powers and creates a twister. Beast Boy helps her and she begs for him to never tell. The Titans invite her to be a Titan, but Robin tells her, he knows her secret and she runs away, Slade watching her every move.</Overview>
  <ProductionCode>257-323</ProductionCode>
  <Rating>9.0</Rating>
  <RatingCount>1</RatingCount>
  <SeasonNumber>2</SeasonNumber>
  <Writer>|Amy Wolfram|</Writer>
  <absolute_number></absolute_number>
  <filename>episodes/71503/48196.jpg</filename>
  <lastupdated>1253898411</lastupdated>
  <seasonid>2395</seasonid>
  <seriesid>71503</seriesid>
</Episode>
<Episode>
  <id>48197</id>
  <Combined_episodenumber>4.0</Combined_episodenumber>
  <Combined_season>2</Combined_season>
  <DVD_chapter></DVD_chapter>
  <DVD_discid></DVD_discid>
  <DVD_episodenumber>4.0</DVD_episodenumber>
  <DVD_season>2</DVD_season>
  <Director>|Alex Soto|</Director>
  <EpImgFlag>1</EpImgFlag>
  <EpisodeName>Only Human</EpisodeName>
  <EpisodeNumber>4</EpisodeNumber>
  <FirstAired>2004-01-31</FirstAired>
  <GuestStars>|Keith David|John DiMaggio|</GuestStars>
  <IMDB_ID></IMDB_ID>
  <Language>en</Language>
  <Overview>Back when Cyborg was a fully human athlete, he loved trying to do more than he thought he could do. But now that his muscles are mechanical, Cyborg's limitations are built-in. But when the other Teen Titans are captured, Cyborg is forced to fight Atlas, a giant robot.</Overview>
  <ProductionCode>257-324</ProductionCode>
  <Rating></Rating>
  <RatingCount>0</RatingCount>
  <SeasonNumber>2</SeasonNumber>
  <Writer>|Adam Beechen|</Writer>
  <absolute_number></absolute_number>
  <filename>episodes/71503/48197.jpg</filename>
  <lastupdated>1253898418</lastupdated>
  <seasonid>2395</seasonid>
  <seriesid>71503</seriesid>
</Episode>
<Episode>
  <id>48198</id>
  <Combined_episodenumber>5.0</Combined_episodenumber>
  <Combined_season>2</Combined_season>
  <DVD_chapter></DVD_chapter>
  <DVD_discid></DVD_discid>
  <DVD_episodenumber>5.0</DVD_episodenumber>
  <DVD_season>2</DVD_season>
  <Director>|Michael Chang|</Director>
  <EpImgFlag>1</EpImgFlag>
  <EpisodeName>Fear Itself</EpisodeName>
  <EpisodeNumber>5</EpisodeNumber>
  <FirstAired>2004-02-07</FirstAired>
  <GuestStars>|Tara Strong|Tress MacNeille|Alexander Polinsky|</GuestStars>
  <IMDB_ID></IMDB_ID>
  <Language>en</Language>
  <Overview>A ghostly, unknown force starts hunting down the Titans one by one and Titans Tower becomes a Tower of Horrors and even Raven gets rattled. Can she control her fear long enough to find out what's behind all this?</Overview>
  <ProductionCode>257-325</ProductionCode>
  <Rating>7.0</Rating>
  <RatingCount>1</RatingCount>
  <SeasonNumber>2</SeasonNumber>
  <Writer>|Dwayne McDuffie|</Writer>
  <absolute_number></absolute_number>
  <filename>episodes/71503/48198.jpg</filename>
  <lastupdated>1253898427</lastupdated>
  <seasonid>2395</seasonid>
  <seriesid>71503</seriesid>
</Episode>
<Episode>
  <id>48199</id>
  <Combined_episodenumber>6.0</Combined_episodenumber>
  <Combined_season>2</Combined_season>
  <DVD_chapter></DVD_chapter>
  <DVD_discid></DVD_discid>
  <DVD_episodenumber>6.0</DVD_episodenumber>
  <DVD_season>2</DVD_season>
  <Director>|Ciro Nieli|</Director>
  <EpImgFlag>1</EpImgFlag>
  <EpisodeName>Date With Destiny</EpisodeName>
  <EpisodeNumber>6</EpisodeNumber>
  <FirstAired>2004-02-14</FirstAired>
  <GuestStars>|Tara Strong|Will Friedle|Thomas Haden Church|</GuestStars>
  <IMDB_ID></IMDB_ID>
  <Language>en</Language>
  <Overview>While chasing a jewl thief known as Fang, the Titans learn of a much bigger threat. Killer Moth is threatening to destroy the city with mutated moths unless Robin takes his spoiled Rotten daughter, Kitten, to her junior prom. But Starfire doesn't agree with this so well...</Overview>
  <ProductionCode>257-326</ProductionCode>
  <Rating>7.0</Rating>
  <RatingCount>1</RatingCount>
  <SeasonNumber>2</SeasonNumber>
  <Writer>|Rick Copp|</Writer>
  <absolute_number></absolute_number>
  <filename>episodes/71503/48199.jpg</filename>
  <lastupdated>1253898434</lastupdated>
  <seasonid>2395</seasonid>
  <seriesid>71503</seriesid>
</Episode>
<Episode>
  <id>48200</id>
  <Combined_episodenumber>7.0</Combined_episodenumber>
  <Combined_season>2</Combined_season>
  <DVD_chapter></DVD_chapter>
  <DVD_discid></DVD_discid>
  <DVD_episodenumber>7.0</DVD_episodenumber>
  <DVD_season>2</DVD_season>
  <Director>|Alex Soto|</Director>
  <EpImgFlag>1</EpImgFlag>
  <EpisodeName>Transformation</EpisodeName>
  <EpisodeNumber>7</EpisodeNumber>
  <FirstAired>2004-02-21</FirstAired>
  <GuestStars>|Dee Bradley Baker|Catherine Cavadini|Tony Jay|</GuestStars>
  <IMDB_ID></IMDB_ID>
  <Language>en</Language>
  <Overview>The beautiful alien Starfire has never thought much about her looks. But when a strange red bump appears on her forehead, Star becomes concerned. Raven tells her not to worry -- it's probably just a zit. Or is it? As she grows tusks on her neck, scales on her skin, and hideous clawed fingernails, the question becomes unavoidable: Is Starfire turning into some sort of horrible alien monster?</Overview>
  <ProductionCode>257-327</ProductionCode>
  <Rating>7.0</Rating>
  <RatingCount>1</RatingCount>
  <SeasonNumber>2</SeasonNumber>
  <Writer>|Rob Hoegee|</Writer>
  <absolute_number></absolute_number>
  <filename>episodes/71503/48200.jpg</filename>
  <lastupdated>1253898443</lastupdated>
  <seasonid>2395</seasonid>
  <seriesid>71503</seriesid>
</Episode>
<Episode>
  <id>48201</id>
  <Combined_episodenumber>8.0</Combined_episodenumber>
  <Combined_season>2</Combined_season>
  <DVD_chapter></DVD_chapter>
  <DVD_discid></DVD_discid>
  <DVD_episodenumber>8.0</DVD_episodenumber>
  <DVD_season>2</DVD_season>
  <Director></Director>
  <EpImgFlag>1</EpImgFlag>
  <EpisodeName>Titan Rising</EpisodeName>
  <EpisodeNumber>8</EpisodeNumber>
  <FirstAired>2004-02-28</FirstAired>
  <GuestStars></GuestStars>
  <IMDB_ID></IMDB_ID>
  <Language>en</Language>
  <Overview>Terra is ready to join the team after getting the chance to practice her powers, However, other members of the team wonder if they have made a huge mistake. Raven doesn't want Terra back. Can Terra prove to the team that she can be trusted with her powers?</Overview>
  <ProductionCode>257-328</ProductionCode>
  <Rating></Rating>
  <RatingCount>0</RatingCount>
  <SeasonNumber>2</SeasonNumber>
  <Writer>|Amy Wolfram|</Writer>
  <absolute_number></absolute_number>
  <filename>episodes/71503/48201.jpg</filename>
  <lastupdated>1253898450</lastupdated>
  <seasonid>2395</seasonid>
  <seriesid>71503</seriesid>
</Episode>
<Episode>
  <id>48202</id>
  <Combined_episodenumber>9.0</Combined_episodenumber>
  <Combined_season>2</Combined_season>
  <DVD_chapter></DVD_chapter>
  <DVD_discid></DVD_discid>
  <DVD_episodenumber>9.0</DVD_episodenumber>
  <DVD_season>2</DVD_season>
  <Director>|Ciro Nieli|</Director>
  <EpImgFlag>1</EpImgFlag>
  <EpisodeName>Winner Take All</EpisodeName>
  <EpisodeNumber>9</EpisodeNumber>
  <FirstAired>2004-03-06</FirstAired>
  <GuestStars>|Wil Wheaton|Jim Cummings|Mike Erwin|</GuestStars>
  <IMDB_ID></IMDB_ID>
  <Language>en</Language>
  <Overview>This episode shows Robin wanting to be a big shot winner. When he, Cyborg, and Beast Boy are transported to another land, along with Gizmo, Wildebeest, Hot Spot, Aqualad, and Speedy, Robin finally has his chance. As the players battle, The Master of Games takes the losers powers. It will take Robin to figure out Winning isn't everything to save the day</Overview>
  <ProductionCode>257-329</ProductionCode>
  <Rating></Rating>
  <RatingCount>0</RatingCount>
  <SeasonNumber>2</SeasonNumber>
  <Writer>|Dwayne McDuffie|</Writer>
  <absolute_number></absolute_number>
  <filename>episodes/71503/48202.jpg</filename>
  <lastupdated>1253898455</lastupdated>
  <seasonid>2395</seasonid>
  <seriesid>71503</seriesid>
</Episode>
<Episode>
  <id>48203</id>
  <Combined_episodenumber>10.0</Combined_episodenumber>
  <Combined_season>2</Combined_season>
  <DVD_chapter></DVD_chapter>
  <DVD_discid></DVD_discid>
  <DVD_episodenumber>10.0</DVD_episodenumber>
  <DVD_season>2</DVD_season>
  <Director></Director>
  <EpImgFlag>1</EpImgFlag>
  <EpisodeName>Betrayal</EpisodeName>
  <EpisodeNumber>10</EpisodeNumber>
  <FirstAired>2004-07-31</FirstAired>
  <GuestStars></GuestStars>
  <IMDB_ID></IMDB_ID>
  <Language>en</Language>
  <Overview>Terra and Beast Boy are finally kicking up a notch when they go out on a date. But while they were out, someone let Slade's army into Titans Tower. But when Beast Boy and Terra just about kiss, Slade ruins the romance. Slade lets out the news that Terra is his apprentice, making for a very unhappy Beast Boy. Finally, he turns his back on Terra, letting her go with Slade.</Overview>
  <ProductionCode>257-330</ProductionCode>
  <Rating></Rating>
  <RatingCount>0</RatingCount>
  <SeasonNumber>2</SeasonNumber>
  <Writer>|Amy Wolfram|</Writer>
  <absolute_number></absolute_number>
  <filename>episodes/71503/48203.jpg</filename>
  <lastupdated>1253898462</lastupdated>
  <seasonid>2395</seasonid>
  <seriesid>71503</seriesid>
</Episode>
<Episode>
  <id>48204</id>
  <Combined_episodenumber>11.0</Combined_episodenumber>
  <Combined_season>2</Combined_season>
  <DVD_chapter></DVD_chapter>
  <DVD_discid></DVD_discid>
  <DVD_episodenumber>11.0</DVD_episodenumber>
  <DVD_season>2</DVD_season>
  <Director>|Michael Chang|</Director>
  <EpImgFlag>1</EpImgFlag>
  <EpisodeName>Fractured</EpisodeName>
  <EpisodeNumber>11</EpisodeNumber>
  <FirstAired>2004-08-07</FirstAired>
  <GuestStars>|Henry Rollins|Dee Bradley Baker|</GuestStars>
  <IMDB_ID></IMDB_ID>
  <Language>en</Language>
  <Overview>When Robin accidentally wrecks his R-Cycle while pursuing a nasty thug named Johnny Rancid, he winds up with his arm in a cast and doubt in himself. The good news is he gets a visit from his number one fan, a short little weirdo name Larry the Titan. The bad news is Larry's reality-bending powers than they can fix. Can Robin get his nerve back and take down Johnny Rancid before Larry's &quot;&quot;help&quot;&quot; breaks the fabric of time and space and destroy reality as we know it?</Overview>
  <ProductionCode>257-331</ProductionCode>
  <Rating>8.0</Rating>
  <RatingCount>1</RatingCount>
  <SeasonNumber>2</SeasonNumber>
  <Writer>|David Slack|</Writer>
  <absolute_number></absolute_number>
  <filename>episodes/71503/48204.jpg</filename>
  <lastupdated>1253898469</lastupdated>
  <seasonid>2395</seasonid>
  <seriesid>71503</seriesid>
</Episode>
<Episode>
  <id>48205</id>
  <Combined_episodenumber>12.0</Combined_episodenumber>
  <Combined_season>2</Combined_season>
  <DVD_chapter></DVD_chapter>
  <DVD_discid></DVD_discid>
  <DVD_episodenumber>12.0</DVD_episodenumber>
  <DVD_season>2</DVD_season>
  <Director>|Ciro Nieli|</Director>
  <EpImgFlag>1</EpImgFlag>
  <EpisodeName>Aftershock (Part 1)</EpisodeName>
  <EpisodeNumber>12</EpisodeNumber>
  <FirstAired>2004-08-14</FirstAired>
  <GuestStars>|Dee Bradley Baker|Scott Menville|</GuestStars>
  <IMDB_ID></IMDB_ID>
  <Language>en</Language>
  <Overview>Terra returns with a vengeance, Meanwhile, Slade gives orders to Cinderblock, Overload, and Plasmus to launch a series of sinister strikes all over the city. Can our heroes stop the three villianous monsters, Slade, and Terra? Or will the Teen Titans be destroyed?</Overview>
  <ProductionCode>257-332</ProductionCode>
  <Rating></Rating>
  <RatingCount>0</RatingCount>
  <SeasonNumber>2</SeasonNumber>
  <Writer>|David Slack|</Writer>
  <absolute_number></absolute_number>
  <filename>episodes/71503/48205.jpg</filename>
  <lastupdated>1253898479</lastupdated>
  <seasonid>2395</seasonid>
  <seriesid>71503</seriesid>
</Episode>
<Episode>
  <id>48206</id>
  <Combined_episodenumber>13.0</Combined_episodenumber>
  <Combined_season>2</Combined_season>
  <DVD_chapter></DVD_chapter>
  <DVD_discid></DVD_discid>
  <DVD_episodenumber>13.0</DVD_episodenumber>
  <DVD_season>2</DVD_season>
  <Director>|Alex Soto|</Director>
  <EpImgFlag>1</EpImgFlag>
  <EpisodeName>Aftershock (Part 2)</EpisodeName>
  <EpisodeNumber>13</EpisodeNumber>
  <FirstAired>2004-08-21</FirstAired>
  <GuestStars>|Dee Bradley Baker|Tom Kenny|</GuestStars>
  <IMDB_ID></IMDB_ID>
  <Language>en</Language>
  <Overview>Terra finds out that the Titans are not easily destroyed, when they come back and nearly defeat her.  Slade sends Ternion (a combination of Overload, Plasmus, and Cinderblock) while he beats Terra up for running away.  When the Titans see how sorry Terra is and the torture Slade is doing to her, will they forgive her?  Or will they follow out with their plans and destroy her?</Overview>
  <ProductionCode>257-333</ProductionCode>
  <Rating></Rating>
  <RatingCount>0</RatingCount>
  <SeasonNumber>2</SeasonNumber>
  <Writer>|Amy Wolfram|</Writer>
  <absolute_number></absolute_number>
  <filename>episodes/71503/48206.jpg</filename>
  <lastupdated>1253898489</lastupdated>
  <seasonid>2395</seasonid>
  <seriesid>71503</seriesid>
</Episode>
<Episode>
  <id>48207</id>
  <Combined_episodenumber>1.0</Combined_episodenumber>
  <Combined_season>3</Combined_season>
  <DVD_chapter></DVD_chapter>
  <DVD_discid></DVD_discid>
  <DVD_episodenumber>1.0</DVD_episodenumber>
  <DVD_season>3</DVD_season>
  <Director>|Michael Chang|</Director>
  <EpImgFlag>1</EpImgFlag>
  <EpisodeName>Deception</EpisodeName>
  <EpisodeNumber>1</EpisodeNumber>
  <FirstAired>2004-08-28</FirstAired>
  <GuestStars>|Lauren Tom|Kevin Michael Richardson|Khary Payton|Andrea Romano|John DiMaggio|</GuestStars>
  <IMDB_ID></IMDB_ID>
  <Language>en</Language>
  <Overview>When the H.I.V.E. shows up causing havoc, the Titans get straight to the job. Unfortunatley, they escape, but Robin was able to plant a locator device onto Jynx just in time. The Titans send Cyborg - disguised as a strong man known as &quot;&quot;Stone&quot;&quot; - to infilitrate the H.I.V.E. academy and find out what they're up to.</Overview>
  <ProductionCode>257-481</ProductionCode>
  <Rating>8.0</Rating>
  <RatingCount>1</RatingCount>
  <SeasonNumber>3</SeasonNumber>
  <Writer>|Rob Hoegee|</Writer>
  <absolute_number></absolute_number>
  <filename>episodes/71503/48207.jpg</filename>
  <lastupdated>1253898520</lastupdated>
  <seasonid>2396</seasonid>
  <seriesid>71503</seriesid>
</Episode>
<Episode>
  <id>48208</id>
  <Combined_episodenumber>2.0</Combined_episodenumber>
  <Combined_season>3</Combined_season>
  <DVD_chapter></DVD_chapter>
  <DVD_discid></DVD_discid>
  <DVD_episodenumber>2.0</DVD_episodenumber>
  <DVD_season>3</DVD_season>
  <Director>|Ben Jones|</Director>
  <EpImgFlag>1</EpImgFlag>
  <EpisodeName>X</EpisodeName>
  <EpisodeNumber>2</EpisodeNumber>
  <FirstAired>2004-09-04</FirstAired>
  <GuestStars>|Scott Menville|James Hong|</GuestStars>
  <IMDB_ID></IMDB_ID>
  <Language>en</Language>
  <Overview>There's a new thief in town - Robin's former evil alter ego, Red X. Robin feels that this is all his fault, and must stop X from getting a dangerous powerful chemical known as synovium that will power him up. Robin stops at nothing to catch his former evil alter ego - but it turns out that there may be a even bigger villianious plot in the mists.</Overview>
  <ProductionCode>257-482</ProductionCode>
  <Rating></Rating>
  <RatingCount>0</RatingCount>
  <SeasonNumber>3</SeasonNumber>
  <Writer>|David Slack|</Writer>
  <absolute_number></absolute_number>
  <filename>episodes/71503/48208.jpg</filename>
  <lastupdated>1253898529</lastupdated>
  <seasonid>2396</seasonid>
  <seriesid>71503</seriesid>
</Episode>
<Episode>
  <id>48209</id>
  <Combined_episodenumber>3.0</Combined_episodenumber>
  <Combined_season>3</Combined_season>
  <DVD_chapter></DVD_chapter>
  <DVD_discid></DVD_discid>
  <DVD_episodenumber>3.0</DVD_episodenumber>
  <DVD_season>3</DVD_season>
  <Director>|Alex Soto|</Director>
  <EpImgFlag>1</EpImgFlag>
  <EpisodeName>Betrothed</EpisodeName>
  <EpisodeNumber>3</EpisodeNumber>
  <FirstAired>2004-09-11</FirstAired>
  <GuestStars>|Hynden Walch|Alan Shearman|Dee Bradley Baker|</GuestStars>
  <IMDB_ID></IMDB_ID>
  <Language>en</Language>
  <Overview>The Grand Ruler of Tamaran has arranged for Starfire to be married during the Teen Titans' visit to Tamaran. Robin has a hard time believing that Starfire is to marry someone she hasn't met or known.</Overview>
  <ProductionCode>257-483</ProductionCode>
  <Rating></Rating>
  <RatingCount>0</RatingCount>
  <SeasonNumber>3</SeasonNumber>
  <Writer>|Amy Wolfram|</Writer>
  <absolute_number></absolute_number>
  <filename>episodes/71503/48209.jpg</filename>
  <lastupdated>1253898535</lastupdated>
  <seasonid>2396</seasonid>
  <seriesid>71503</seriesid>
</Episode>
<Episode>
  <id>48210</id>
  <Combined_episodenumber>4.0</Combined_episodenumber>
  <Combined_season>3</Combined_season>
  <DVD_chapter></DVD_chapter>
  <DVD_discid></DVD_discid>
  <DVD_episodenumber>4.0</DVD_episodenumber>
  <DVD_season>3</DVD_season>
  <Director>|Michael Chang|</Director>
  <EpImgFlag>1</EpImgFlag>
  <EpisodeName>Crash</EpisodeName>
  <EpisodeNumber>4</EpisodeNumber>
  <FirstAired>2004-09-18</FirstAired>
  <GuestStars>|Lauren Tom|</GuestStars>
  <IMDB_ID></IMDB_ID>
  <Language>en</Language>
  <Overview>Beast Boy's attempts at playing his new &quot;&quot;advance copy&quot;&quot; of Mega Monkeys 4 ends up with Cyborg getting infected with a computer virus. The Titans reluctantly seek the assistance of Gizmo in getting rid of the virus, and a guilty Beast Boy tags along to help. Can Gizmo and Beast Boy save Cyborg before his virus-addled antics trash the city and result in the virus being spread?</Overview>
  <ProductionCode>257-484</ProductionCode>
  <Rating></Rating>
  <RatingCount>0</RatingCount>
  <SeasonNumber>3</SeasonNumber>
  <Writer>|Rick Copp|</Writer>
  <absolute_number></absolute_number>
  <filename>episodes/71503/48210.jpg</filename>
  <lastupdated>1253898540</lastupdated>
  <seasonid>2396</seasonid>
  <seriesid>71503</seriesid>
</Episode>
<Episode>
  <id>48211</id>
  <Combined_episodenumber>5.0</Combined_episodenumber>
  <Combined_season>3</Combined_season>
  <DVD_chapter></DVD_chapter>
  <DVD_discid></DVD_discid>
  <DVD_episodenumber>5.0</DVD_episodenumber>
  <DVD_season>3</DVD_season>
  <Director>|Ben Jones|</Director>
  <EpImgFlag>1</EpImgFlag>
  <EpisodeName>Haunted</EpisodeName>
  <EpisodeNumber>5</EpisodeNumber>
  <FirstAired>2004-10-02</FirstAired>
  <GuestStars>|Dee Bradley Baker|</GuestStars>
  <IMDB_ID></IMDB_ID>
  <Language>en</Language>
  <Overview>Ever since Slade's last appearance, Robin has been haunted by the question if he survived or not. And when Cinderblock busts out of jail, Robin is hurled into a vast forest where he gets his answer: Slade is standing right in front of him and he is planning to use Seismic Generators to destroy the entire city. Robin tells the Titans to find the generators while he and Starfire go for Slade, but when Starfire can't see Slade and the Titans can't see the generators, Robin is convinced that it's up to him to put a stop to his nemesis once and for all.</Overview>
  <ProductionCode>257-485</ProductionCode>
  <Rating></Rating>
  <RatingCount>0</RatingCount>
  <SeasonNumber>3</SeasonNumber>
  <Writer>|Adam Beechen|</Writer>
  <absolute_number></absolute_number>
  <filename>episodes/71503/48211.jpg</filename>
  <lastupdated>1253898546</lastupdated>
  <seasonid>2396</seasonid>
  <seriesid>71503</seriesid>
</Episode>
<Episode>
  <id>48212</id>
  <Combined_episodenumber>6.0</Combined_episodenumber>
  <Combined_season>3</Combined_season>
  <DVD_chapter></DVD_chapter>
  <DVD_discid></DVD_discid>
  <DVD_episodenumber>6.0</DVD_episodenumber>
  <DVD_season>3</DVD_season>
  <Director>|Alex Soto|</Director>
  <EpImgFlag>1</EpImgFlag>
  <EpisodeName>Spellbound</EpisodeName>
  <EpisodeNumber>6</EpisodeNumber>
  <FirstAired>2004-10-09</FirstAired>
  <GuestStars>|Greg Ellis|Greg Cipes|</GuestStars>
  <IMDB_ID></IMDB_ID>
  <Language>en</Language>
  <Overview>Raven has always been lonely at the Tower, despite the other Titans. But that all changes when Raven discovers a young magician trapped inside one of her books.</Overview>
  <ProductionCode>257-486</ProductionCode>
  <Rating>7.0</Rating>
  <RatingCount>1</RatingCount>
  <SeasonNumber>3</SeasonNumber>
  <Writer>|David Slack|</Writer>
  <absolute_number></absolute_number>
  <filename>episodes/71503/48212.jpg</filename>
  <lastupdated>1253898552</lastupdated>
  <seasonid>2396</seasonid>
  <seriesid>71503</seriesid>
</Episode>
<Episode>
  <id>48213</id>
  <Combined_episodenumber>7.0</Combined_episodenumber>
  <Combined_season>3</Combined_season>
  <DVD_chapter></DVD_chapter>
  <DVD_discid></DVD_discid>
  <DVD_episodenumber>7.0</DVD_episodenumber>
  <DVD_season>3</DVD_season>
  <Director>|Michael Chang|</Director>
  <EpImgFlag>1</EpImgFlag>
  <EpisodeName>Revolution</EpisodeName>
  <EpisodeNumber>7</EpisodeNumber>
  <FirstAired>2004-10-16</FirstAired>
  <GuestStars>|Malcolm McDowell|</GuestStars>
  <IMDB_ID></IMDB_ID>
  <Language>en</Language>
  <Overview>The Titans hold a 4th of July party. Everything is going well until Mad Mod crashes the party. He claims that the American Revolution was a hoax and claims the city for England. Worse, wanting to get back to his youth, he steals Robin's youth, turning Robin into an old man!</Overview>
  <ProductionCode>257-487</ProductionCode>
  <Rating></Rating>
  <RatingCount>0</RatingCount>
  <SeasonNumber>3</SeasonNumber>
  <Writer>|John Esposito|</Writer>
  <absolute_number></absolute_number>
  <filename>episodes/71503/48213.jpg</filename>
  <lastupdated>1296459244</lastupdated>
  <seasonid>2396</seasonid>
  <seriesid>71503</seriesid>
</Episode>
<Episode>
  <id>48214</id>
  <Combined_episodenumber>8.0</Combined_episodenumber>
  <Combined_season>3</Combined_season>
  <DVD_chapter></DVD_chapter>
  <DVD_discid></DVD_discid>
  <DVD_episodenumber>8.0</DVD_episodenumber>
  <DVD_season>3</DVD_season>
  <Director>|Ben Jones|</Director>
  <EpImgFlag>1</EpImgFlag>
  <EpisodeName>Wavelength</EpisodeName>
  <EpisodeNumber>8</EpisodeNumber>
  <FirstAired>2004-10-23</FirstAired>
  <GuestStars>|John DiMaggio|Wil Wheaton|T'Keyah KeymÃ¡h|</GuestStars>
  <IMDB_ID></IMDB_ID>
  <Language>en</Language>
  <Overview>After the destruction of the H.I.V.E. academy, Brother Blood and his minions rebuilt a fortress undersea and plans to create a giant cannon using Cyborg's blueprints to shoot the sea and flood the whole city. Aqualad quickly alerts the Titans of Blood's new scheme and the Titans take the T-Sub to stop Blood's newest plot. Unfortunatley, Blood's got some new tricks up his sleeve - and it's gonna be alot tougher for the Titans to stop him then they thought.</Overview>
  <ProductionCode>257-488</ProductionCode>
  <Rating></Rating>
  <RatingCount>0</RatingCount>
  <SeasonNumber>3</SeasonNumber>
  <Writer>|Tom Pugsley|Greg Klein|</Writer>
  <absolute_number></absolute_number>
  <filename>episodes/71503/48214.jpg</filename>
  <lastupdated>1253898563</lastupdated>
  <seasonid>2396</seasonid>
  <seriesid>71503</seriesid>
</Episode>
<Episode>
  <id>48215</id>
  <Combined_episodenumber>9.0</Combined_episodenumber>
  <Combined_season>3</Combined_season>
  <DVD_chapter></DVD_chapter>
  <DVD_discid></DVD_discid>
  <DVD_episodenumber>9.0</DVD_episodenumber>
  <DVD_season>3</DVD_season>
  <Director>|Alex Soto|</Director>
  <EpImgFlag>1</EpImgFlag>
  <EpisodeName>The Beast Within</EpisodeName>
  <EpisodeNumber>9</EpisodeNumber>
  <FirstAired>2004-10-30</FirstAired>
  <GuestStars>|Greg Cipes|Dee Bradley Baker|</GuestStars>
  <IMDB_ID></IMDB_ID>
  <Language>en</Language>
  <Overview>During a fight with Adonis, Beast Boy gets covered in toxic waste. The day after the fight, he shows different changes, such as eating meat, pumping iron and acting nasty. He has a fight with Raven and turns into a Man-Beast and runs amock in the sewers. The Titans discover Raven in his mouth and go to the conclusion that he attacked her and threatened to put him in prison, which makes him angry and form into the Man-Beast once more. But When Cyborg and Robin leave to fight him, leaving Starfire to watch over her, Raven wakes up and says that he saved her. When the guys get to Beast Boy, he gets attacked by another Beast. Beast Boy wins and the other Beast turns out to be Adonis.</Overview>
  <ProductionCode>257-489</ProductionCode>
  <Rating></Rating>
  <RatingCount>0</RatingCount>
  <SeasonNumber>3</SeasonNumber>
  <Writer>|David Slack|</Writer>
  <absolute_number></absolute_number>
  <filename>episodes/71503/48215.jpg</filename>
  <lastupdated>1253898568</lastupdated>
  <seasonid>2396</seasonid>
  <seriesid>71503</seriesid>
</Episode>
<Episode>
  <id>48216</id>
  <Combined_episodenumber>10.0</Combined_episodenumber>
  <Combined_season>3</Combined_season>
  <DVD_chapter></DVD_chapter>
  <DVD_discid></DVD_discid>
  <DVD_episodenumber>10.0</DVD_episodenumber>
  <DVD_season>3</DVD_season>
  <Director>|Michael Chang|Christopher Berkely|</Director>
  <EpImgFlag>1</EpImgFlag>
  <EpisodeName>Can I Keep Him?</EpisodeName>
  <EpisodeNumber>10</EpisodeNumber>
  <FirstAired>2004-11-06</FirstAired>
  <GuestStars>|Dee Bradley Baker|Henry Rollins|Marc Worden|</GuestStars>
  <IMDB_ID></IMDB_ID>
  <Language>en</Language>
  <Overview>Beast Boy's pet, Silkie, the silk worm from &quot;&quot;Date With Destiny,&quot;&quot; has caused some major trouble at the tower eating almost everything in site. In order to save him from being discovered by the others, Beast Boy gives Silkie to Starfire. She falls in love with it and cares for it like her own child. But when she feeds it some Tamaranian food, it grows huge and destructive. What's worse is Silkie's former father, Killer Moth, is back and Johnny Rancid is tearing up town with some new pets of his own.</Overview>
  <ProductionCode>257-490</ProductionCode>
  <Rating></Rating>
  <RatingCount>0</RatingCount>
  <SeasonNumber>3</SeasonNumber>
  <Writer>|Simon Racioppa|</Writer>
  <absolute_number></absolute_number>
  <filename>episodes/71503/48216.jpg</filename>
  <lastupdated>1253898574</lastupdated>
  <seasonid>2396</seasonid>
  <seriesid>71503</seriesid>
</Episode>
<Episode>
  <id>48217</id>
  <Combined_episodenumber>11.0</Combined_episodenumber>
  <Combined_season>3</Combined_season>
  <DVD_chapter></DVD_chapter>
  <DVD_discid></DVD_discid>
  <DVD_episodenumber>11.0</DVD_episodenumber>
  <DVD_season>3</DVD_season>
  <Director>|Ben Jones|</Director>
  <EpImgFlag>1</EpImgFlag>
  <EpisodeName>Bunny Raven or How to Make a Titananimal Disappear</EpisodeName>
  <EpisodeNumber>11</EpisodeNumber>
  <FirstAired>2005-01-08</FirstAired>
  <GuestStars>|Tom Kenny|</GuestStars>
  <IMDB_ID></IMDB_ID>
  <Language>en</Language>
  <Overview>The Amazing Mumbo is up to his old tricks. When the Teen Titans try to stop the madcap magician in mid-performance, Mumbo pulls a fast one. With a wave of his wand, he sucks the Titans into his hat where our heroes discover a strange magical world of weirdness.</Overview>
  <ProductionCode>257-491</ProductionCode>
  <Rating>7.0</Rating>
  <RatingCount>1</RatingCount>
  <SeasonNumber>3</SeasonNumber>
  <Writer>|Joelle Sellner|Louis Hirshorn|</Writer>
  <absolute_number></absolute_number>
  <filename>episodes/71503/48217.jpg</filename>
  <lastupdated>1253898581</lastupdated>
  <seasonid>2396</seasonid>
  <seriesid>71503</seriesid>
</Episode>
<Episode>
  <id>48218</id>
  <Combined_episodenumber>12.0</Combined_episodenumber>
  <Combined_season>3</Combined_season>
  <DVD_chapter></DVD_chapter>
  <DVD_discid></DVD_discid>
  <DVD_episodenumber>12.0</DVD_episodenumber>
  <DVD_season>3</DVD_season>
  <Director>|Alex Soto|</Director>
  <EpImgFlag>1</EpImgFlag>
  <EpisodeName>Titans East (Part 1)</EpisodeName>
  <EpisodeNumber>12</EpisodeNumber>
  <FirstAired>2005-01-15</FirstAired>
  <GuestStars>|T'Keyah KeymÃ¡h|Wil Wheaton|John DiMaggio|Mike Erwin|Freddy Rodriguez|</GuestStars>
  <IMDB_ID></IMDB_ID>
  <Language>en</Language>
  <Overview>Speedy, Aqualad, Bumblebee, and two high speed Spanish twins, Mas Y Menos, have formed a new team called Titans East in order to find Brother Blood, who has been heading east to Steel City. Cyborg heads to Steel City to help the new team build their new tower and get things started up and then he plans to head home. But, Cyborg is forced to stay and fight in Steel City for a while when Brother Blood attacks the new tower with intent to make it his new school. When the dust has cleared, the Titans East ask Cyborg to stay on as leader and help them learn to fight as a team. Cyborg accepts not knowing that the Titans East have been brainwashed by Brother Blood.</Overview>
  <ProductionCode>257-492</ProductionCode>
  <Rating></Rating>
  <RatingCount>0</RatingCount>
  <SeasonNumber>3</SeasonNumber>
  <Writer>|Marvin Wolfman|</Writer>
  <absolute_number></absolute_number>
  <filename>episodes/71503/48218.jpg</filename>
  <lastupdated>1260347418</lastupdated>
  <seasonid>2396</seasonid>
  <seriesid>71503</seriesid>
</Episode>
<Episode>
  <id>48219</id>
  <Combined_episodenumber>13.0</Combined_episodenumber>
  <Combined_season>3</Combined_season>
  <DVD_chapter></DVD_chapter>
  <DVD_discid></DVD_discid>
  <DVD_episodenumber>13.0</DVD_episodenumber>
  <DVD_season>3</DVD_season>
  <Director>|Michael Chang|</Director>
  <EpImgFlag>1</EpImgFlag>
  <EpisodeName>Titans East (Part 2)</EpisodeName>
  <EpisodeNumber>13</EpisodeNumber>
  <FirstAired>2005-01-22</FirstAired>
  <GuestStars>|Mike Erwin|John DiMaggio|Wil Wheaton|T'Keyah KeymÃ¡h|Freddy Rodriguez|</GuestStars>
  <IMDB_ID></IMDB_ID>
  <Language>en</Language>
  <Overview>The Titans East reveal to Cyborg they are under Brother Blood's control and take him captive in the tower. Then Brother Blood reveals a shocking development. He has converted himself into a half-human, half-robot being like Cyborg. He plans to do the same thing to all his students as he did to himself, thus making them unable to escape his mind control, ever. Cyborg must fight and rescue the Titans East and stop Brother Blood and even with the help of Robin and the others, it will be no easy task.</Overview>
  <ProductionCode>257-493</ProductionCode>
  <Rating></Rating>
  <RatingCount>0</RatingCount>
  <SeasonNumber>3</SeasonNumber>
  <Writer>|David Slack|</Writer>
  <absolute_number></absolute_number>
  <filename>episodes/71503/48219.jpg</filename>
  <lastupdated>1260347426</lastupdated>
  <seasonid>2396</seasonid>
  <seriesid>71503</seriesid>
</Episode>
<Episode>
  <id>48220</id>
  <Combined_episodenumber>1.0</Combined_episodenumber>
  <Combined_season>4</Combined_season>
  <DVD_chapter></DVD_chapter>
  <DVD_discid></DVD_discid>
  <DVD_episodenumber>1.0</DVD_episodenumber>
  <DVD_season>4</DVD_season>
  <Director>|Ben Jones|</Director>
  <EpImgFlag>1</EpImgFlag>
  <EpisodeName>Don't Touch that Dial</EpisodeName>
  <EpisodeNumber>1</EpisodeNumber>
  <FirstAired>2005-01-17</FirstAired>
  <GuestStars>|Alexander Polinsky|Tara Strong|Rob Paulsen|Tom Kenny|Dee Bradley Baker|Jeff Bennett|James Arnold Taylor|</GuestStars>
  <IMDB_ID></IMDB_ID>
  <Language>en</Language>
  <Overview>Control Freak has escaped from prison and brought the Titans into his TV world. The Titans must track him down through the diffrent channels of television while he gets more powerful with all the TV show related powers he gets.</Overview>
  <ProductionCode>257-494</ProductionCode>
  <Rating></Rating>
  <RatingCount>0</RatingCount>
  <SeasonNumber>4</SeasonNumber>
  <Writer>|David Slack|</Writer>
  <absolute_number></absolute_number>
  <filename>episodes/71503/48220.jpg</filename>
  <lastupdated>1324330583</lastupdated>
  <seasonid>2397</seasonid>
  <seriesid>71503</seriesid>
</Episode>
<Episode>
  <id>48221</id>
  <Combined_episodenumber>2.0</Combined_episodenumber>
  <Combined_season>4</Combined_season>
  <DVD_chapter></DVD_chapter>
  <DVD_discid></DVD_discid>
  <DVD_episodenumber>2.0</DVD_episodenumber>
  <DVD_season>4</DVD_season>
  <Director>|Ben Jones|</Director>
  <EpImgFlag>1</EpImgFlag>
  <EpisodeName>The Quest</EpisodeName>
  <EpisodeNumber>2</EpisodeNumber>
  <FirstAired>2005-01-29</FirstAired>
  <GuestStars>|Kevin Michael Richardson|Keone Young|Takayo Fischer|Keith David|</GuestStars>
  <IMDB_ID></IMDB_ID>
  <Language>en</Language>
  <Overview>When Robin is defeated by the malicious martial artist Kitarou, our hero decides that if he wants to be the best -- he needs more training. So he embarks on a difficult quest to seek a mysterious, legendary teacher known only as... The True Master.</Overview>
  <ProductionCode>257-497</ProductionCode>
  <Rating></Rating>
  <RatingCount>0</RatingCount>
  <SeasonNumber>4</SeasonNumber>
  <Writer>|Amy Wolfram|</Writer>
  <absolute_number></absolute_number>
  <filename>episodes/71503/48221.jpg</filename>
  <lastupdated>1253898637</lastupdated>
  <seasonid>2397</seasonid>
  <seriesid>71503</seriesid>
</Episode>
<Episode>
  <id>48222</id>
  <Combined_episodenumber>3.0</Combined_episodenumber>
  <Combined_season>4</Combined_season>
  <DVD_chapter></DVD_chapter>
  <DVD_discid></DVD_discid>
  <DVD_episodenumber>3.0</DVD_episodenumber>
  <DVD_season>4</DVD_season>
  <Director>|Michael Chang|</Director>
  <EpImgFlag>1</EpImgFlag>
  <EpisodeName>Birthmark</EpisodeName>
  <EpisodeNumber>3</EpisodeNumber>
  <FirstAired>2005-02-05</FirstAired>
  <GuestStars>|Rodger Bumpass|Kevin Michael Richardson|</GuestStars>
  <IMDB_ID></IMDB_ID>
  <Language>en</Language>
  <Overview>It's Raven's birthday, but she is far from wanting to celebrate. But before Robin can learn why, the Titans receive a distress call and go to check it out. When they get there, they are greeted by none other than Slade, back from the dead. But Slade seems to have new powers along with a strange red mark on his head and he has a message for Raven that he is going to deliver, no matter what.</Overview>
  <ProductionCode>257-496</ProductionCode>
  <Rating></Rating>
  <RatingCount>0</RatingCount>
  <SeasonNumber>4</SeasonNumber>
  <Writer>|David Slack|</Writer>
  <absolute_number></absolute_number>
  <filename>episodes/71503/48222.jpg</filename>
  <lastupdated>1253898646</lastupdated>
  <seasonid>2397</seasonid>
  <seriesid>71503</seriesid>
</Episode>
<Episode>
  <id>48223</id>
  <Combined_episodenumber>4.0</Combined_episodenumber>
  <Combined_season>4</Combined_season>
  <DVD_chapter></DVD_chapter>
  <DVD_discid></DVD_discid>
  <DVD_episodenumber>4.0</DVD_episodenumber>
  <DVD_season>4</DVD_season>
  <Director>|Alex Soto|</Director>
  <EpImgFlag>1</EpImgFlag>
  <EpisodeName>Cyborg the Barbarian</EpisodeName>
  <EpisodeNumber>4</EpisodeNumber>
  <FirstAired>2005-02-12</FirstAired>
  <GuestStars>|Michael Clarke Duncan|Kimberly Brooks|</GuestStars>
  <IMDB_ID></IMDB_ID>
  <Language>en</Language>
  <Overview>Cyborg is mysteriously thrown into the distant past and lands in the middle of a barbarian village that needs his help. But with the nearest charging station 5,000 years in the future, Cy has no way to recharge, and his power supply is dwindling.</Overview>
  <ProductionCode>257-495</ProductionCode>
  <Rating></Rating>
  <RatingCount>0</RatingCount>
  <SeasonNumber>4</SeasonNumber>
  <Writer>|Simon Racioppa|Richard Elliot|</Writer>
  <absolute_number></absolute_number>
  <filename>episodes/71503/48223.jpg</filename>
  <lastupdated>1253898655</lastupdated>
  <seasonid>2397</seasonid>
  <seriesid>71503</seriesid>
</Episode>
<Episode>
  <id>48224</id>
  <Combined_episodenumber>5.0</Combined_episodenumber>
  <Combined_season>4</Combined_season>
  <DVD_chapter></DVD_chapter>
  <DVD_discid></DVD_discid>
  <DVD_episodenumber>5.0</DVD_episodenumber>
  <DVD_season>4</DVD_season>
  <Director>|Alex Soto|</Director>
  <EpImgFlag>1</EpImgFlag>
  <EpisodeName>Employee of the Month</EpisodeName>
  <EpisodeNumber>5</EpisodeNumber>
  <FirstAired>2005-02-19</FirstAired>
  <GuestStars>|Tom Kane|Rob Paulsen|</GuestStars>
  <IMDB_ID></IMDB_ID>
  <Language>en</Language>
  <Overview>Beast Boy has only one real dream in life -- to someday, somehow own a Moped. And when Robin won't buy him one and Cyborg won't build him one, Beast Boy has only one way to make his dream come true he has to get a job. However, when he goes to work at a new restaurant called &quot;&quot;Mega Meaty Meat&quot;&quot; for a strange man named Bob, he soon realizes all is not what it seems.</Overview>
  <ProductionCode>257-498</ProductionCode>
  <Rating></Rating>
  <RatingCount>0</RatingCount>
  <SeasonNumber>4</SeasonNumber>
  <Writer>|Rob Hoegee|</Writer>
  <absolute_number></absolute_number>
  <filename>episodes/71503/48224.jpg</filename>
  <lastupdated>1253898661</lastupdated>
  <seasonid>2397</seasonid>
  <seriesid>71503</seriesid>
</Episode>
<Episode>
  <id>48225</id>
  <Combined_episodenumber>6.0</Combined_episodenumber>
  <Combined_season>4</Combined_season>
  <DVD_chapter></DVD_chapter>
  <DVD_discid></DVD_discid>
  <DVD_episodenumber>6.0</DVD_episodenumber>
  <DVD_season>4</DVD_season>
  <Director>|Michael Chang|</Director>
  <EpImgFlag>1</EpImgFlag>
  <EpisodeName>Troq</EpisodeName>
  <EpisodeNumber>6</EpisodeNumber>
  <FirstAired>2005-05-09</FirstAired>
  <GuestStars>|Stephen Root|</GuestStars>
  <IMDB_ID></IMDB_ID>
  <Language>en</Language>
  <Overview>A brave hero from outer space called Val-Yor comes to Earth, and asks for the Titans help in defeating an otherworldly menace known as The Locrix. But according to Val-Yor, Starfire may be the real problem...</Overview>
  <ProductionCode>257-499</ProductionCode>
  <Rating></Rating>
  <RatingCount>0</RatingCount>
  <SeasonNumber>4</SeasonNumber>
  <Writer>|Amy Wolfram|</Writer>
  <absolute_number></absolute_number>
  <filename>episodes/71503/48225.jpg</filename>
  <lastupdated>1253898668</lastupdated>
  <seasonid>2397</seasonid>
  <seriesid>71503</seriesid>
</Episode>
<Episode>
  <id>48226</id>
  <Combined_episodenumber>7.0</Combined_episodenumber>
  <Combined_season>4</Combined_season>
  <DVD_chapter></DVD_chapter>
  <DVD_discid></DVD_discid>
  <DVD_episodenumber>7.0</DVD_episodenumber>
  <DVD_season>4</DVD_season>
  <Director>|Ben Jones|</Director>
  <EpImgFlag>1</EpImgFlag>
  <EpisodeName>The Prophecy</EpisodeName>
  <EpisodeNumber>7</EpisodeNumber>
  <FirstAired>2005-06-04</FirstAired>
  <GuestStars>|Virginia Madsen|Kevin Michael Richardson|</GuestStars>
  <IMDB_ID></IMDB_ID>
  <Language>en</Language>
  <Overview>Ever since Slade's return, the Titans have been searching high and low for answers, including looking for theories as to the 'S' mark on his forehead. However, Raven knows why he's back, and the Titans are about to discover the truth themselves after Slade launches another attack.</Overview>
  <ProductionCode>257-500</ProductionCode>
  <Rating></Rating>
  <RatingCount>0</RatingCount>
  <SeasonNumber>4</SeasonNumber>
  <Writer>|Tom Puglsey|Greg Klein|</Writer>
  <absolute_number></absolute_number>
  <filename>episodes/71503/48226.jpg</filename>
  <lastupdated>1253898674</lastupdated>
  <seasonid>2397</seasonid>
  <seriesid>71503</seriesid>
</Episode>
<Episode>
  <id>48227</id>
  <Combined_episodenumber>8.0</Combined_episodenumber>
  <Combined_season>4</Combined_season>
  <DVD_chapter></DVD_chapter>
  <DVD_discid></DVD_discid>
  <DVD_episodenumber>8.0</DVD_episodenumber>
  <DVD_season>4</DVD_season>
  <Director>|Alex Soto|</Director>
  <EpImgFlag>1</EpImgFlag>
  <EpisodeName>Stranded</EpisodeName>
  <EpisodeNumber>8</EpisodeNumber>
  <FirstAired>2005-06-11</FirstAired>
  <GuestStars>|Dee Bradley Baker|</GuestStars>
  <IMDB_ID></IMDB_ID>
  <Language>en</Language>
  <Overview>An exciting battle on a distant space station ends with a tremendous explosion that blows the T-Ship apart -- and sends the Titans flying off in five different directions to crashland on a strange alien world.</Overview>
  <ProductionCode>257-501</ProductionCode>
  <Rating>8.0</Rating>
  <RatingCount>1</RatingCount>
  <SeasonNumber>4</SeasonNumber>
  <Writer>|Melody Fox|</Writer>
  <absolute_number></absolute_number>
  <filename>episodes/71503/48227.jpg</filename>
  <lastupdated>1253898681</lastupdated>
  <seasonid>2397</seasonid>
  <seriesid>71503</seriesid>
</Episode>
<Episode>
  <id>48228</id>
  <Combined_episodenumber>9.0</Combined_episodenumber>
  <Combined_season>4</Combined_season>
  <DVD_chapter></DVD_chapter>
  <DVD_discid></DVD_discid>
  <DVD_episodenumber>9.0</DVD_episodenumber>
  <DVD_season>4</DVD_season>
  <Director>|Michael Chang|</Director>
  <EpImgFlag>1</EpImgFlag>
  <EpisodeName>Overdrive</EpisodeName>
  <EpisodeNumber>9</EpisodeNumber>
  <FirstAired>2005-06-18</FirstAired>
  <GuestStars>|Jason Marsden|Greg Cipes|</GuestStars>
  <IMDB_ID></IMDB_ID>
  <Language>en</Language>
  <Overview>Wishing to get the most he can out of his time, Cyborg installs a special Max-7 chip into his head which throws him into overdrive, allowing him to do a lot of things, very fast. But when the self-copying Billy Numerous starts stealing everything in town, even the Max-7 may not be enough to stop him.</Overview>
  <ProductionCode>257-502</ProductionCode>
  <Rating>8.5</Rating>
  <RatingCount>2</RatingCount>
  <SeasonNumber>4</SeasonNumber>
  <Writer>|David Slack|</Writer>
  <absolute_number></absolute_number>
  <filename>episodes/71503/48228.jpg</filename>
  <lastupdated>1253898689</lastupdated>
  <seasonid>2397</seasonid>
  <seriesid>71503</seriesid>
</Episode>
<Episode>
  <id>48229</id>
  <Combined_episodenumber>10.0</Combined_episodenumber>
  <Combined_season>4</Combined_season>
  <DVD_chapter></DVD_chapter>
  <DVD_discid></DVD_discid>
  <DVD_episodenumber>10.0</DVD_episodenumber>
  <DVD_season>4</DVD_season>
  <Director>|Ben Jones|</Director>
  <EpImgFlag>1</EpImgFlag>
  <EpisodeName>Mother Mae-Eye</EpisodeName>
  <EpisodeNumber>10</EpisodeNumber>
  <FirstAired>2005-06-25</FirstAired>
  <GuestStars>|Lauren Tom|Kevin Michael Richardson|Billie Hayes|</GuestStars>
  <IMDB_ID></IMDB_ID>
  <Language>en</Language>
  <Overview>The strange Mother Mae-Eye has taken the Titans on as her children and turned the tower into a massive gingerbread house. But even below her initial weirdness, she just keeps getting weirder.</Overview>
  <ProductionCode>257-503</ProductionCode>
  <Rating></Rating>
  <RatingCount>0</RatingCount>
  <SeasonNumber>4</SeasonNumber>
  <Writer>|David Slack|</Writer>
  <absolute_number></absolute_number>
  <filename>episodes/71503/48229.jpg</filename>
  <lastupdated>1253898695</lastupdated>
  <seasonid>2397</seasonid>
  <seriesid>71503</seriesid>
</Episode>
<Episode>
  <id>48230</id>
  <Combined_episodenumber>11.0</Combined_episodenumber>
  <Combined_season>4</Combined_season>
  <DVD_chapter></DVD_chapter>
  <DVD_discid></DVD_discid>
  <DVD_episodenumber>11.0</DVD_episodenumber>
  <DVD_season>4</DVD_season>
  <Director>|Alex Soto|</Director>
  <EpImgFlag>1</EpImgFlag>
  <EpisodeName>The End (Part 1)</EpisodeName>
  <EpisodeNumber>11</EpisodeNumber>
  <FirstAired>2005-07-02</FirstAired>
  <GuestStars>|Kevin Michael Richardson|</GuestStars>
  <IMDB_ID></IMDB_ID>
  <Language>en</Language>
  <Overview>The day has finally come. Raven is destined to end the world on this day. Trigon will come by sunset. But not if the Titans have anything to say about it. They place Raven in a safe room while they take on an army of flame creatures and Slade who is determind to take Raven to the Trigon. But Raven knows the horrible truth. No matter what the Titans do, there is no escaping her destiny.</Overview>
  <ProductionCode>257-504</ProductionCode>
  <Rating>7.0</Rating>
  <RatingCount>1</RatingCount>
  <SeasonNumber>4</SeasonNumber>
  <Writer>|Amy Wolfram|</Writer>
  <absolute_number></absolute_number>
  <filename>episodes/71503/48230.jpg</filename>
  <lastupdated>1253898706</lastupdated>
  <seasonid>2397</seasonid>
  <seriesid>71503</seriesid>
</Episode>
<Episode>
  <id>48231</id>
  <Combined_episodenumber>12.0</Combined_episodenumber>
  <Combined_season>4</Combined_season>
  <DVD_chapter></DVD_chapter>
  <DVD_discid></DVD_discid>
  <DVD_episodenumber>12.0</DVD_episodenumber>
  <DVD_season>4</DVD_season>
  <Director>|Michael Chang|</Director>
  <EpImgFlag>1</EpImgFlag>
  <EpisodeName>The End (Part 2)</EpisodeName>
  <EpisodeNumber>12</EpisodeNumber>
  <FirstAired>2005-07-09</FirstAired>
  <GuestStars>|Kevin Michael Richardson|</GuestStars>
  <IMDB_ID></IMDB_ID>
  <Language>en</Language>
  <Overview>Robin, Starfire, Cyborg, and Beast Boy awake to a nightmare. Trigon has risen and he has ended the world. Every building is destroyed, and all life has been turned to stone. Due to one last gift of Raven's, the Titans have survived. Now, they must find a way to get Raven back, maybe she knows of a way to stop Trigon. But to do this, the Titans will have to accept help from their old enemy - Slade.</Overview>
  <ProductionCode>257-505</ProductionCode>
  <Rating>10.0</Rating>
  <RatingCount>1</RatingCount>
  <SeasonNumber>4</SeasonNumber>
  <Writer>|Rob Hoegee|</Writer>
  <absolute_number></absolute_number>
  <filename>episodes/71503/48231.jpg</filename>
  <lastupdated>1253898716</lastupdated>
  <seasonid>2397</seasonid>
  <seriesid>71503</seriesid>
</Episode>
<Episode>
  <id>48232</id>
  <Combined_episodenumber>13.0</Combined_episodenumber>
  <Combined_season>4</Combined_season>
  <DVD_chapter></DVD_chapter>
  <DVD_discid></DVD_discid>
  <DVD_episodenumber>13.0</DVD_episodenumber>
  <DVD_season>4</DVD_season>
  <Director>|Ben Jones|</Director>
  <EpImgFlag>1</EpImgFlag>
  <EpisodeName>The End (Part 3)</EpisodeName>
  <EpisodeNumber>13</EpisodeNumber>
  <FirstAired>2005-07-16</FirstAired>
  <GuestStars>|Kevin Michael Richardson|</GuestStars>
  <IMDB_ID></IMDB_ID>
  <Language>en</Language>
  <Overview>The stars are aligned. The sun is in eclipse. All of Slade's labors are about to reach fruition -- and the Titans are about to face their greatest challenge ever. But is there really any hope of preventing the end of the world?</Overview>
  <ProductionCode>257-506</ProductionCode>
  <Rating>10.0</Rating>
  <RatingCount>1</RatingCount>
  <SeasonNumber>4</SeasonNumber>
  <Writer>|David Slack|</Writer>
  <absolute_number></absolute_number>
  <filename>episodes/71503/48232.jpg</filename>
  <lastupdated>1253898727</lastupdated>
  <seasonid>2397</seasonid>
  <seriesid>71503</seriesid>
</Episode>
<Episode>
  <id>48233</id>
  <Combined_episodenumber>1.0</Combined_episodenumber>
  <Combined_season>5</Combined_season>
  <DVD_chapter></DVD_chapter>
  <DVD_discid></DVD_discid>
  <DVD_episodenumber>1.0</DVD_episodenumber>
  <DVD_season>5</DVD_season>
  <Director></Director>
  <EpImgFlag>1</EpImgFlag>
  <EpisodeName>Homecoming (Part 1)</EpisodeName>
  <EpisodeNumber>1</EpisodeNumber>
  <FirstAired>2005-09-24</FirstAired>
  <GuestStars></GuestStars>
  <IMDB_ID></IMDB_ID>
  <Language>en</Language>
  <Overview>When Beast Boy's former team, The Doom Patrol, is in trouble, the Titans must embark on a daring mission to save them. Beast Boy explains that this can only mean one thing: the Doom Patrol's greatest foes are back. The Brotherhood of Evil has returned.</Overview>
  <ProductionCode></ProductionCode>
  <Rating></Rating>
  <RatingCount>0</RatingCount>
  <SeasonNumber>5</SeasonNumber>
  <Writer></Writer>
  <absolute_number></absolute_number>
  <filename>episodes/71503/48233.jpg</filename>
  <lastupdated>1296459190</lastupdated>
  <seasonid>2398</seasonid>
  <seriesid>71503</seriesid>
</Episode>
<Episode>
  <id>48234</id>
  <Combined_episodenumber>2.0</Combined_episodenumber>
  <Combined_season>5</Combined_season>
  <DVD_chapter></DVD_chapter>
  <DVD_discid></DVD_discid>
  <DVD_episodenumber>2.0</DVD_episodenumber>
  <DVD_season>5</DVD_season>
  <Director></Director>
  <EpImgFlag>1</EpImgFlag>
  <EpisodeName>Homecoming (Part 2)</EpisodeName>
  <EpisodeNumber>2</EpisodeNumber>
  <FirstAired>2005-10-01</FirstAired>
  <GuestStars></GuestStars>
  <IMDB_ID></IMDB_ID>
  <Language>en</Language>
  <Overview>The Doom Patrol has been saved, but the sinister Brotherhood of Evil is still on the loose. It's just like old times for Beast Boy when he finds himself back on the team for one last mission - to stop the Brotherhood once and for all... no matter what the</Overview>
  <ProductionCode></ProductionCode>
  <Rating></Rating>
  <RatingCount>0</RatingCount>
  <SeasonNumber>5</SeasonNumber>
  <Writer></Writer>
  <absolute_number></absolute_number>
  <filename>episodes/71503/48234.jpg</filename>
  <lastupdated>1296459204</lastupdated>
  <seasonid>2398</seasonid>
  <seriesid>71503</seriesid>
</Episode>
<Episode>
  <id>48235</id>
  <Combined_episodenumber>3.0</Combined_episodenumber>
  <Combined_season>5</Combined_season>
  <DVD_chapter></DVD_chapter>
  <DVD_discid></DVD_discid>
  <DVD_episodenumber>3.0</DVD_episodenumber>
  <DVD_season>5</DVD_season>
  <Director></Director>
  <EpImgFlag>1</EpImgFlag>
  <EpisodeName>Trust</EpisodeName>
  <EpisodeNumber>3</EpisodeNumber>
  <FirstAired>2005-10-08</FirstAired>
  <GuestStars></GuestStars>
  <IMDB_ID></IMDB_ID>
  <Language>en</Language>
  <Overview>The Brotherhood of Evil has begun its master plan to eliminate all of the young superheroes around the globe, starting with honorary Titans, Wildebeest and Hotspot. This new threat brings Robin to Monaco. But with an unknown enemy, how can anyone know who</Overview>
  <ProductionCode></ProductionCode>
  <Rating></Rating>
  <RatingCount>0</RatingCount>
  <SeasonNumber>5</SeasonNumber>
  <Writer></Writer>
  <absolute_number></absolute_number>
  <filename>episodes/71503/48235.jpg</filename>
  <lastupdated>1253898781</lastupdated>
  <seasonid>2398</seasonid>
  <seriesid>71503</seriesid>
</Episode>
<Episode>
  <id>48236</id>
  <Combined_episodenumber>4.0</Combined_episodenumber>
  <Combined_season>5</Combined_season>
  <DVD_chapter></DVD_chapter>
  <DVD_discid></DVD_discid>
  <DVD_episodenumber>4.0</DVD_episodenumber>
  <DVD_season>5</DVD_season>
  <Director></Director>
  <EpImgFlag>1</EpImgFlag>
  <EpisodeName>For Real</EpisodeName>
  <EpisodeNumber>4</EpisodeNumber>
  <FirstAired>2005-10-15</FirstAired>
  <GuestStars></GuestStars>
  <IMDB_ID></IMDB_ID>
  <Language>en</Language>
  <Overview>Control Freak returns to Titan Tower with &quot;&quot;The Ultimate Titans Challenge,&quot;&quot; a series of events designed specifically to challenge the Teen Titans. But what happens to Control Freak's big plan when he finds himself facing not the &quot;&quot;real&quot;&quot; Titans - but the Tit</Overview>
  <ProductionCode></ProductionCode>
  <Rating></Rating>
  <RatingCount>0</RatingCount>
  <SeasonNumber>5</SeasonNumber>
  <Writer></Writer>
  <absolute_number></absolute_number>
  <filename>episodes/71503/48236.jpg</filename>
  <lastupdated>1253898787</lastupdated>
  <seasonid>2398</seasonid>
  <seriesid>71503</seriesid>
</Episode>
<Episode>
  <id>48237</id>
  <Combined_episodenumber>5.0</Combined_episodenumber>
  <Combined_season>5</Combined_season>
  <DVD_chapter></DVD_chapter>
  <DVD_discid></DVD_discid>
  <DVD_episodenumber>5.0</DVD_episodenumber>
  <DVD_season>5</DVD_season>
  <Director></Director>
  <EpImgFlag>1</EpImgFlag>
  <EpisodeName>Snowblind</EpisodeName>
  <EpisodeNumber>5</EpisodeNumber>
  <FirstAired>2005-10-22</FirstAired>
  <GuestStars></GuestStars>
  <IMDB_ID></IMDB_ID>
  <Language>en</Language>
  <Overview>While battling a mysterious creature in the wilds of Siberia, Starfire is lost in a blinding snowstorm. A reclusive young soldier named Red Star comes to her aid and the two become fast friends. When Robin and the rest of the Titans arrive, they discover</Overview>
  <ProductionCode></ProductionCode>
  <Rating></Rating>
  <RatingCount>0</RatingCount>
  <SeasonNumber>5</SeasonNumber>
  <Writer></Writer>
  <absolute_number></absolute_number>
  <filename>episodes/71503/48237.jpg</filename>
  <lastupdated>1264964684</lastupdated>
  <seasonid>2398</seasonid>
  <seriesid>71503</seriesid>
</Episode>
<Episode>
  <id>302080</id>
  <Combined_episodenumber>6.0</Combined_episodenumber>
  <Combined_season>5</Combined_season>
  <DVD_chapter></DVD_chapter>
  <DVD_discid></DVD_discid>
  <DVD_episodenumber>6.0</DVD_episodenumber>
  <DVD_season>5</DVD_season>
  <Director>|Matt Youngberg|Hynden Walch|Tara Strong|Khary Payton|Scott Menville|Greg Cipes|</Director>
  <EpImgFlag>1</EpImgFlag>
  <EpisodeName>Kole</EpisodeName>
  <EpisodeNumber>6</EpisodeNumber>
  <FirstAired>2005-11-05</FirstAired>
  <GuestStars>|Tara Strong|Dee Bradley Baker|Rodger Bumpass|</GuestStars>
  <IMDB_ID></IMDB_ID>
  <Language>en</Language>
  <Overview>While in the Arctic Circle, the Titans once again take on Dr. Light. And when an accident sends the Titans through the ice, they discover a new exotic Underworld - and two new superheroes, Kole and her caveman sidekick, Gnarrk. Unfortunately, Dr. Light has plans for Kole.</Overview>
  <ProductionCode>506</ProductionCode>
  <Rating></Rating>
  <RatingCount>0</RatingCount>
  <SeasonNumber>5</SeasonNumber>
  <Writer>|Amy Wolfram|</Writer>
  <absolute_number></absolute_number>
  <filename>episodes/71503/302080.jpg</filename>
  <lastupdated>1253898799</lastupdated>
  <seasonid>2398</seasonid>
  <seriesid>71503</seriesid>
</Episode>
<Episode>
  <id>302081</id>
  <Combined_episodenumber>7.0</Combined_episodenumber>
  <Combined_season>5</Combined_season>
  <DVD_chapter></DVD_chapter>
  <DVD_discid></DVD_discid>
  <DVD_episodenumber>7.0</DVD_episodenumber>
  <DVD_season>5</DVD_season>
  <Director>|Michael Chang|Tara Strong|Greg Cipes|</Director>
  <EpImgFlag>1</EpImgFlag>
  <EpisodeName>Hide and Seek</EpisodeName>
  <EpisodeNumber>7</EpisodeNumber>
  <FirstAired>2005-11-11</FirstAired>
  <GuestStars>|Glenn Shadix|Russi Taylor|Tara Strong|</GuestStars>
  <IMDB_ID></IMDB_ID>
  <Language>en</Language>
  <Overview>With the other Titans off fighting exciting battles with the Brotherhood of Evil, Raven is left with the worst task of all - transporting three rambunctious future superheroes to safety. But this simple task turns into an adventure in babysitting as Raven and her young charges are chased through the Alps by the Brotherhood of Evil's Msr. Mallah.</Overview>
  <ProductionCode>507</ProductionCode>
  <Rating></Rating>
  <RatingCount>0</RatingCount>
  <SeasonNumber>5</SeasonNumber>
  <Writer>|Amy Wolfram|</Writer>
  <absolute_number></absolute_number>
  <filename>episodes/71503/302081.jpg</filename>
  <lastupdated>1253898805</lastupdated>
  <seasonid>2398</seasonid>
  <seriesid>71503</seriesid>
</Episode>
<Episode>
  <id>302082</id>
  <Combined_episodenumber>8.0</Combined_episodenumber>
  <Combined_season>5</Combined_season>
  <DVD_chapter></DVD_chapter>
  <DVD_discid></DVD_discid>
  <DVD_episodenumber>8.0</DVD_episodenumber>
  <DVD_season>5</DVD_season>
  <Director>|Ben Jones|</Director>
  <EpImgFlag>1</EpImgFlag>
  <EpisodeName>Lightspeed</EpisodeName>
  <EpisodeNumber>8</EpisodeNumber>
  <FirstAired>2005-12-03</FirstAired>
  <GuestStars>|Hynden Walch|Kevin Michael Richardson|Jason Marsden|Michael Rosenbaum|Lauren Tom|</GuestStars>
  <IMDB_ID></IMDB_ID>
  <Language>en</Language>
  <Overview>With Titans dispatched across the globe, members of the HIVE Five figure they have it made. Unfortunately, their city-wide crime spree is cut short when a new hero in town spoils the fun. Handing him over to the Brotherhood of Evil may score the HIVE Five points, but actually catching this lightning-fast do-gooder is much harder than it seems.</Overview>
  <ProductionCode>508</ProductionCode>
  <Rating></Rating>
  <RatingCount>0</RatingCount>
  <SeasonNumber>5</SeasonNumber>
  <Writer>|Rob Hoegee|</Writer>
  <absolute_number></absolute_number>
  <filename>episodes/71503/302082.jpg</filename>
  <lastupdated>1253898811</lastupdated>
  <seasonid>2398</seasonid>
  <seriesid>71503</seriesid>
</Episode>
<Episode>
  <id>302083</id>
  <Combined_episodenumber>9.0</Combined_episodenumber>
  <Combined_season>5</Combined_season>
  <DVD_chapter></DVD_chapter>
  <DVD_discid></DVD_discid>
  <DVD_episodenumber>9.0</DVD_episodenumber>
  <DVD_season>5</DVD_season>
  <Director></Director>
  <EpImgFlag>1</EpImgFlag>
  <EpisodeName>Revved Up</EpisodeName>
  <EpisodeNumber>9</EpisodeNumber>
  <FirstAired>2005-12-10</FirstAired>
  <GuestStars>|Scott Menville|</GuestStars>
  <IMDB_ID></IMDB_ID>
  <Language>en</Language>
  <Overview>Robin's most prized possession is stolen by the hip hot-rodder, Ding Dong Daddy, and to get it back they're going to have to beat him in a cross-country road race. But with Ding Dong Daddy making the rules and a few unexpected rivals joining in the competition, it's anyone's guess who will cross the finish line first.</Overview>
  <ProductionCode>509</ProductionCode>
  <Rating></Rating>
  <RatingCount>0</RatingCount>
  <SeasonNumber>5</SeasonNumber>
  <Writer></Writer>
  <absolute_number></absolute_number>
  <filename>episodes/71503/302083.jpg</filename>
  <lastupdated>1253898817</lastupdated>
  <seasonid>2398</seasonid>
  <seriesid>71503</seriesid>
</Episode>
<Episode>
  <id>302084</id>
  <Combined_episodenumber>10.0</Combined_episodenumber>
  <Combined_season>5</Combined_season>
  <DVD_chapter></DVD_chapter>
  <DVD_discid></DVD_discid>
  <DVD_episodenumber>10.0</DVD_episodenumber>
  <DVD_season>5</DVD_season>
  <Director></Director>
  <EpImgFlag>2</EpImgFlag>
  <EpisodeName>Go!</EpisodeName>
  <EpisodeNumber>10</EpisodeNumber>
  <FirstAired>2005-12-17</FirstAired>
  <GuestStars></GuestStars>
  <IMDB_ID></IMDB_ID>
  <Language>en</Language>
  <Overview>How did Robin meet Starfire? What was Beast Boy's first joke? Why did Cyborg build his Sonic Cannon? When did Raven first call the Titans her friends? Return to the very beginning and see how it all started - from the word &quot;&quot;GO!&quot;&quot;</Overview>
  <ProductionCode>510</ProductionCode>
  <Rating></Rating>
  <RatingCount>0</RatingCount>
  <SeasonNumber>5</SeasonNumber>
  <Writer></Writer>
  <absolute_number></absolute_number>
  <filename>episodes/71503/302084.jpg</filename>
  <lastupdated>1353942862</lastupdated>
  <seasonid>2398</seasonid>
  <seriesid>71503</seriesid>
</Episode>
<Episode>
  <id>302085</id>
  <Combined_episodenumber>11.0</Combined_episodenumber>
  <Combined_season>5</Combined_season>
  <DVD_chapter></DVD_chapter>
  <DVD_discid></DVD_discid>
  <DVD_episodenumber>11.0</DVD_episodenumber>
  <DVD_season>5</DVD_season>
  <Director>|Ben Jones|Khary Payton|Tara Strong|Hynden Walch|Greg Cipes|Scott Menville|</Director>
  <EpImgFlag>1</EpImgFlag>
  <EpisodeName>Calling All Titans</EpisodeName>
  <EpisodeNumber>11</EpisodeNumber>
  <FirstAired>2006-01-07</FirstAired>
  <GuestStars>|Freddy Rodriguez|Glenn Shadix|</GuestStars>
  <IMDB_ID></IMDB_ID>
  <Language>en</Language>
  <Overview>The final game has begun. While the Titans are spread out throughout the globe on one last mission, Brotherhood mastermind, the Brain, makes his move. Robin has a strategy of his own, but as all the villains begin taking down all the superheroes all at once, will it be enough to save his friends?</Overview>
  <ProductionCode>511</ProductionCode>
  <Rating></Rating>
  <RatingCount>0</RatingCount>
  <SeasonNumber>5</SeasonNumber>
  <Writer></Writer>
  <absolute_number></absolute_number>
  <filename>episodes/71503/302085.jpg</filename>
  <lastupdated>1253898843</lastupdated>
  <seasonid>2398</seasonid>
  <seriesid>71503</seriesid>
</Episode>
<Episode>
  <id>302086</id>
  <Combined_episodenumber>12.0</Combined_episodenumber>
  <Combined_season>5</Combined_season>
  <DVD_chapter></DVD_chapter>
  <DVD_discid></DVD_discid>
  <DVD_episodenumber>12.0</DVD_episodenumber>
  <DVD_season>5</DVD_season>
  <Director></Director>
  <EpImgFlag>1</EpImgFlag>
  <EpisodeName>Titans Together</EpisodeName>
  <EpisodeNumber>12</EpisodeNumber>
  <FirstAired>2006-01-14</FirstAired>
  <GuestStars>|Freddy Rodriguez|Glenn Shadix|</GuestStars>
  <IMDB_ID></IMDB_ID>
  <Language>en</Language>
  <Overview>All seems lost for young heroes across the globe - they have been spread far and wide, their lines of communication have been severed, and one by one, the Brotherhood of Evil takes them down. But as The Brain claims his victory is assured, one brave hero manages to slip through the Brotherhood of Evil's grasp.</Overview>
  <ProductionCode>512</ProductionCode>
  <Rating></Rating>
  <RatingCount>0</RatingCount>
  <SeasonNumber>5</SeasonNumber>
  <Writer></Writer>
  <absolute_number></absolute_number>
  <filename>episodes/71503/302086.jpg</filename>
  <lastupdated>1253898851</lastupdated>
  <seasonid>2398</seasonid>
  <seriesid>71503</seriesid>
</Episode>
<Episode>
  <id>302087</id>
  <Combined_episodenumber>13.0</Combined_episodenumber>
  <Combined_season>5</Combined_season>
  <DVD_chapter></DVD_chapter>
  <DVD_discid></DVD_discid>
  <DVD_episodenumber>13.0</DVD_episodenumber>
  <DVD_season>5</DVD_season>
  <Director></Director>
  <EpImgFlag>1</EpImgFlag>
  <EpisodeName>Things Change</EpisodeName>
  <EpisodeNumber>13</EpisodeNumber>
  <FirstAired>2006-01-16</FirstAired>
  <GuestStars></GuestStars>
  <IMDB_ID></IMDB_ID>
  <Language>en</Language>
  <Overview>After months of fighting the Brotherhood of Evil around the globe, the Teen Titans are finally back home. But a walk through the city reveals that things are no longer as they remembered. And while Beast Boy wants everything to be just like it was in the past, he has to face the fact that in life things change.</Overview>
  <ProductionCode>513</ProductionCode>
  <Rating></Rating>
  <RatingCount>0</RatingCount>
  <SeasonNumber>5</SeasonNumber>
  <Writer></Writer>
  <absolute_number></absolute_number>
  <filename>episodes/71503/302087.jpg</filename>
  <lastupdated>1253898857</lastupdated>
  <seasonid>2398</seasonid>
  <seriesid>71503</seriesid>
</Episode>
</Data>