<?xml version="1.0" encoding="UTF-8" ?>
<Actors>
<Actor>
  <id>22234</id>
  <Image></Image>
  <Name>Andrea Libman</Name>
  <Role>AndrAIa</Role>
  <SortOrder>3</SortOrder>
</Actor>
<Actor>
  <id>22231</id>
  <Image></Image>
  <Name>Christopher Gray</Name>
  <Role></Role>
  <SortOrder>3</SortOrder>
</Actor>
<Actor>
  <id>22232</id>
  <Image></Image>
  <Name>Gary Chalk</Name>
  <Role></Role>
  <SortOrder>3</SortOrder>
</Actor>
<Actor>
  <id>22239</id>
  <Image></Image>
  <Name>Giacomo Baessato</Name>
  <Role></Role>
  <SortOrder>3</SortOrder>
</Actor>
<Actor>
  <id>22246</id>
  <Image></Image>
  <Name>Ian James Corlett</Name>
  <Role></Role>
  <SortOrder>3</SortOrder>
</Actor>
<Actor>
  <id>22241</id>
  <Image></Image>
  <Name>Jesse Moss</Name>
  <Role></Role>
  <SortOrder>3</SortOrder>
</Actor>
<Actor>
  <id>22237</id>
  <Image></Image>
  <Name>Kathleen Barr</Name>
  <Role></Role>
  <SortOrder>3</SortOrder>
</Actor>
<Actor>
  <id>22242</id>
  <Image></Image>
  <Name>Louise Vallance</Name>
  <Role></Role>
  <SortOrder>3</SortOrder>
</Actor>
<Actor>
  <id>22235</id>
  <Image></Image>
  <Name>Matthew Sinclair</Name>
  <Role></Role>
  <SortOrder>3</SortOrder>
</Actor>
<Actor>
  <id>22240</id>
  <Image></Image>
  <Name>Michael Benyaer</Name>
  <Role></Role>
  <SortOrder>3</SortOrder>
</Actor>
<Actor>
  <id>22244</id>
  <Image></Image>
  <Name>Michael Donovan</Name>
  <Role></Role>
  <SortOrder>3</SortOrder>
</Actor>
<Actor>
  <id>22233</id>
  <Image></Image>
  <Name>Paul Dobson</Name>
  <Role></Role>
  <SortOrder>3</SortOrder>
</Actor>
<Actor>
  <id>22243</id>
  <Image></Image>
  <Name>Scott McNeil</Name>
  <Role></Role>
  <SortOrder>3</SortOrder>
</Actor>
<Actor>
  <id>22236</id>
  <Image></Image>
  <Name>Sharon Alexander</Name>
  <Role></Role>
  <SortOrder>3</SortOrder>
</Actor>
<Actor>
  <id>22238</id>
  <Image></Image>
  <Name>Shirley Millner</Name>
  <Role></Role>
  <SortOrder>3</SortOrder>
</Actor>
<Actor>
  <id>22245</id>
  <Image></Image>
  <Name>Tony Jay</Name>
  <Role></Role>
  <SortOrder>3</SortOrder>
</Actor>
</Actors>