<?xml version="1.0" encoding="UTF-8" ?>
<Data><Series>
  <id>73025</id>
  <Actors>|Andrea Libman|Christopher Gray|Gary Chalk|Giacomo Baessato|Ian James Corlett|Jesse Moss|Kathleen Barr|Louise Vallance|Matthew Sinclair|Michael Benyaer|Michael Donovan|Paul Dobson|Scott McNeil|Sharon Alexander|Shirley Millner|Tony Jay|</Actors>
  <Airs_DayOfWeek></Airs_DayOfWeek>
  <Airs_Time></Airs_Time>
  <ContentRating></ContentRating>
  <FirstAired>1994-09-01</FirstAired>
  <Genre>|Animation|Children|Science-Fiction|</Genre>
  <IMDB_ID>tt0108903</IMDB_ID>
  <Language>en</Language>
  <Network>YTV</Network>
  <NetworkID></NetworkID>
  <Overview>Welcome to the city of Mainframe, a computer system inhabited by binomes and sprites who go about their business, trying to keep everything running smoothly. Unfortunately, they live under the constant threat of the user, whose games wreck havoc if left unchecked, and the viruses Hexadecimal and Megabyte, who seek to gain the power of the system's core so they can spread themselves throughout the Net. That's where the Guardian, Bob, comes in. Armed with the versatile key-tool &quot;Glitch&quot; he tries his best to keep citizens safe, upholding his mandate to mend and defend. ReBoot!</Overview>
  <Rating>8.9</Rating>
  <RatingCount>11</RatingCount>
  <Runtime>30</Runtime>
  <SeriesID>2138</SeriesID>
  <SeriesName>ReBoot</SeriesName>
  <Status>Ended</Status>
  <added></added>
  <addedBy></addedBy>
  <banner>graphical/2138-g.jpg</banner>
  <fanart>fanart/original/73025-4.jpg</fanart>
  <lastupdated>1358492752</lastupdated>
  <poster>posters/73025-4.jpg</poster>
  <zap2it_id></zap2it_id>
</Series>
<Episode>
  <id>402202</id>
  <Combined_episodenumber>1</Combined_episodenumber>
  <Combined_season>0</Combined_season>
  <DVD_chapter></DVD_chapter>
  <DVD_discid></DVD_discid>
  <DVD_episodenumber></DVD_episodenumber>
  <DVD_season></DVD_season>
  <Director>Helen Du Toit</Director>
  <EpImgFlag>3</EpImgFlag>
  <EpisodeName>Fast Forward: The Making of ReBoot</EpisodeName>
  <EpisodeNumber>1</EpisodeNumber>
  <FirstAired>1995-02-27</FirstAired>
  <GuestStars>Tony Jay</GuestStars>
  <IMDB_ID>1259780</IMDB_ID>
  <Language>en</Language>
  <Overview>An un-aired special meant to be shown between seasons 1 and 2, giving viewers an inside look as to how ReBoot is created, along with it's humble beginnings.

Tony Jay reprises his role as Megabyte to introduce the special, as well as another one of his attempted take-over plans!</Overview>
  <ProductionCode></ProductionCode>
  <Rating></Rating>
  <RatingCount>0</RatingCount>
  <SeasonNumber>0</SeasonNumber>
  <Writer>Gavin Blair, Helen Du Toit, John Grace, Philip Mitchell, Ian Pearson</Writer>
  <absolute_number></absolute_number>
  <airsafter_season>1</airsafter_season>
  <airsbefore_episode>1</airsbefore_episode>
  <airsbefore_season>2</airsbefore_season>
  <filename>episodes/73025/402202.jpg</filename>
  <lastupdated>1323939181</lastupdated>
  <seasonid>20490</seasonid>
  <seriesid>73025</seriesid>
</Episode>
<Episode>
  <id>4097870</id>
  <Combined_episodenumber>2</Combined_episodenumber>
  <Combined_season>0</Combined_season>
  <DVD_chapter></DVD_chapter>
  <DVD_discid></DVD_discid>
  <DVD_episodenumber></DVD_episodenumber>
  <DVD_season></DVD_season>
  <Director></Director>
  <EpImgFlag>2</EpImgFlag>
  <EpisodeName>Daemon Rising: The Movie</EpisodeName>
  <EpisodeNumber>2</EpisodeNumber>
  <FirstAired></FirstAired>
  <GuestStars></GuestStars>
  <IMDB_ID></IMDB_ID>
  <Language>en</Language>
  <Overview>Looks like Bob and his fellow computer Sprites may have finally met their match. Supervirus Daemon is spreading her infection throughout the entire Net and edging ever closer to the City of Mainframe. Bob joins forces with old enemies in an attempt to foil her destruction of Mainframe and must reach into the past to find the answer.</Overview>
  <ProductionCode></ProductionCode>
  <Rating></Rating>
  <RatingCount>0</RatingCount>
  <SeasonNumber>0</SeasonNumber>
  <Writer></Writer>
  <absolute_number></absolute_number>
  <airsafter_season>4</airsafter_season>
  <airsbefore_episode></airsbefore_episode>
  <airsbefore_season></airsbefore_season>
  <filename>episodes/73025/4097870.jpg</filename>
  <lastupdated>1323937690</lastupdated>
  <seasonid>20490</seasonid>
  <seriesid>73025</seriesid>
</Episode>
<Episode>
  <id>4097871</id>
  <Combined_episodenumber>3</Combined_episodenumber>
  <Combined_season>0</Combined_season>
  <DVD_chapter></DVD_chapter>
  <DVD_discid></DVD_discid>
  <DVD_episodenumber></DVD_episodenumber>
  <DVD_season></DVD_season>
  <Director></Director>
  <EpImgFlag>2</EpImgFlag>
  <EpisodeName>My Two Bobs: The Movie</EpisodeName>
  <EpisodeNumber>3</EpisodeNumber>
  <FirstAired></FirstAired>
  <GuestStars></GuestStars>
  <IMDB_ID></IMDB_ID>
  <Language>en</Language>
  <Overview>Will the real Bob please step forward? There might not be a virus, but life's still interesting in Mainframe when a second Bob comes on the scene. No one knows which is which - including the two Bobs. With wedding preparations underway, Dot can't decide who to marry and turns to her friends for assistance. Meanwhile, an old enemy returns to the system and only one of the Sprites can save the Mainframe inhabitants.</Overview>
  <ProductionCode></ProductionCode>
  <Rating></Rating>
  <RatingCount>0</RatingCount>
  <SeasonNumber>0</SeasonNumber>
  <Writer></Writer>
  <absolute_number></absolute_number>
  <airsafter_season>4</airsafter_season>
  <airsbefore_episode></airsbefore_episode>
  <airsbefore_season></airsbefore_season>
  <filename>episodes/73025/4097871.jpg</filename>
  <lastupdated>1323937707</lastupdated>
  <seasonid>20490</seasonid>
  <seriesid>73025</seriesid>
</Episode>
<Episode>
  <id>4099220</id>
  <Combined_episodenumber>4</Combined_episodenumber>
  <Combined_season>0</Combined_season>
  <DVD_chapter></DVD_chapter>
  <DVD_discid></DVD_discid>
  <DVD_episodenumber></DVD_episodenumber>
  <DVD_season></DVD_season>
  <Director></Director>
  <EpImgFlag></EpImgFlag>
  <EpisodeName>Looking Back at ReBoot with Co-Creator Gavin Blair</EpisodeName>
  <EpisodeNumber>4</EpisodeNumber>
  <FirstAired></FirstAired>
  <GuestStars></GuestStars>
  <IMDB_ID></IMDB_ID>
  <Language>en</Language>
  <Overview>Gavin Blair, the co-creator of ReBoot, gives a behind the scenes look about the creation of ReBoot, and the stories around the voice actors, plot, and the technology behind the series.</Overview>
  <ProductionCode></ProductionCode>
  <Rating></Rating>
  <RatingCount>0</RatingCount>
  <SeasonNumber>0</SeasonNumber>
  <Writer></Writer>
  <absolute_number></absolute_number>
  <airsafter_season></airsafter_season>
  <airsbefore_episode></airsbefore_episode>
  <airsbefore_season></airsbefore_season>
  <filename></filename>
  <lastupdated>1305327710</lastupdated>
  <seasonid>20490</seasonid>
  <seriesid>73025</seriesid>
</Episode>
<Episode>
  <id>4099221</id>
  <Combined_episodenumber>5</Combined_episodenumber>
  <Combined_season>0</Combined_season>
  <DVD_chapter></DVD_chapter>
  <DVD_discid></DVD_discid>
  <DVD_episodenumber></DVD_episodenumber>
  <DVD_season></DVD_season>
  <Director></Director>
  <EpImgFlag></EpImgFlag>
  <EpisodeName>Animated Character Models</EpisodeName>
  <EpisodeNumber>5</EpisodeNumber>
  <FirstAired></FirstAired>
  <GuestStars></GuestStars>
  <IMDB_ID></IMDB_ID>
  <Language>en</Language>
  <Overview>A short containing rare, never before aired footage of the original character animation models for the ReBoot series.</Overview>
  <ProductionCode></ProductionCode>
  <Rating></Rating>
  <RatingCount>0</RatingCount>
  <SeasonNumber>0</SeasonNumber>
  <Writer></Writer>
  <absolute_number></absolute_number>
  <airsafter_season></airsafter_season>
  <airsbefore_episode></airsbefore_episode>
  <airsbefore_season></airsbefore_season>
  <filename></filename>
  <lastupdated>1305327805</lastupdated>
  <seasonid>20490</seasonid>
  <seriesid>73025</seriesid>
</Episode>
<Episode>
  <id>105414</id>
  <Combined_episodenumber>1</Combined_episodenumber>
  <Combined_season>1</Combined_season>
  <DVD_chapter></DVD_chapter>
  <DVD_discid></DVD_discid>
  <DVD_episodenumber></DVD_episodenumber>
  <DVD_season></DVD_season>
  <Director></Director>
  <EpImgFlag>1</EpImgFlag>
  <EpisodeName>The Tearing</EpisodeName>
  <EpisodeNumber>1</EpisodeNumber>
  <FirstAired>1994-09-10</FirstAired>
  <GuestStars></GuestStars>
  <IMDB_ID></IMDB_ID>
  <Language>en</Language>
  <Overview>Megabyte tries to blackmail Bob into stabilizing a tear into a portal to the super computer. As Bob makes an escape with the help from Dot the user inserts a game which stabilizes the tear. Bob and the rest of the sprites must race Megabyte, who has infected the user, to the portal to win the game and keep him from gaining access to the super computer.</Overview>
  <ProductionCode>9402</ProductionCode>
  <Rating></Rating>
  <RatingCount>0</RatingCount>
  <SeasonNumber>1</SeasonNumber>
  <Writer>|Mark Hoffmeier|</Writer>
  <absolute_number></absolute_number>
  <filename>episodes/73025/105414.jpg</filename>
  <lastupdated>1329030332</lastupdated>
  <seasonid>5163</seasonid>
  <seriesid>73025</seriesid>
</Episode>
<Episode>
  <id>105415</id>
  <Combined_episodenumber>2</Combined_episodenumber>
  <Combined_season>1</Combined_season>
  <DVD_chapter></DVD_chapter>
  <DVD_discid></DVD_discid>
  <DVD_episodenumber></DVD_episodenumber>
  <DVD_season></DVD_season>
  <Director></Director>
  <EpImgFlag>1</EpImgFlag>
  <EpisodeName>Racing the Clock</EpisodeName>
  <EpisodeNumber>2</EpisodeNumber>
  <FirstAired>1994-09-17</FirstAired>
  <GuestStars></GuestStars>
  <IMDB_ID></IMDB_ID>
  <Language>en</Language>
  <Overview>Megabyte takes advantage of Enzo's new delivery service to try to deliver a delete command to Hexadecimal. Bob unknowingly attempts to deliver the package, only to be trapped in a racing game where the user's vehicle becomes a ticking time-bomb.</Overview>
  <ProductionCode>9401</ProductionCode>
  <Rating></Rating>
  <RatingCount>0</RatingCount>
  <SeasonNumber>1</SeasonNumber>
  <Writer>|Mark Edward Edens|Lane Raichert|</Writer>
  <absolute_number></absolute_number>
  <filename>episodes/73025/105415.jpg</filename>
  <lastupdated>1329030350</lastupdated>
  <seasonid>5163</seasonid>
  <seriesid>73025</seriesid>
</Episode>
<Episode>
  <id>105416</id>
  <Combined_episodenumber>3</Combined_episodenumber>
  <Combined_season>1</Combined_season>
  <DVD_chapter></DVD_chapter>
  <DVD_discid></DVD_discid>
  <DVD_episodenumber></DVD_episodenumber>
  <DVD_season></DVD_season>
  <Director></Director>
  <EpImgFlag>1</EpImgFlag>
  <EpisodeName>Quick and the Fed</EpisodeName>
  <EpisodeNumber>3</EpisodeNumber>
  <FirstAired>1994-09-24</FirstAired>
  <GuestStars></GuestStars>
  <IMDB_ID></IMDB_ID>
  <Language>en</Language>
  <Overview>An accident causes a magnet to drain Dot of energy and, according to Phong, the only way to save her is to feed her slow food from Al's on level 31. While in Al's, the sprites are caught in a medival fantasy game where Bob and the user are attempting to reach Dot, the damsel in distress. Or are they?</Overview>
  <ProductionCode>9403</ProductionCode>
  <Rating>8.0</Rating>
  <RatingCount>1</RatingCount>
  <SeasonNumber>1</SeasonNumber>
  <Writer>|Mark Edward Edens|Lane Raichert|</Writer>
  <absolute_number></absolute_number>
  <filename>episodes/73025/105416.jpg</filename>
  <lastupdated>1329030362</lastupdated>
  <seasonid>5163</seasonid>
  <seriesid>73025</seriesid>
</Episode>
<Episode>
  <id>105417</id>
  <Combined_episodenumber>4</Combined_episodenumber>
  <Combined_season>1</Combined_season>
  <DVD_chapter></DVD_chapter>
  <DVD_discid></DVD_discid>
  <DVD_episodenumber></DVD_episodenumber>
  <DVD_season></DVD_season>
  <Director></Director>
  <EpImgFlag>1</EpImgFlag>
  <EpisodeName>Medusa Bug</EpisodeName>
  <EpisodeNumber>4</EpisodeNumber>
  <FirstAired>1994-10-08</FirstAired>
  <GuestStars></GuestStars>
  <IMDB_ID></IMDB_ID>
  <Language>en</Language>
  <Overview>Megabyte steals Hexadecimal's precious Medusa Bug but finds it to be a trap which turns everything in Mainframe to stone.</Overview>
  <ProductionCode>9405</ProductionCode>
  <Rating>7.0</Rating>
  <RatingCount>1</RatingCount>
  <SeasonNumber>1</SeasonNumber>
  <Writer>|Lane Raichert|</Writer>
  <absolute_number></absolute_number>
  <filename>episodes/73025/105417.jpg</filename>
  <lastupdated>1329030377</lastupdated>
  <seasonid>5163</seasonid>
  <seriesid>73025</seriesid>
</Episode>
<Episode>
  <id>105418</id>
  <Combined_episodenumber>5</Combined_episodenumber>
  <Combined_season>1</Combined_season>
  <DVD_chapter></DVD_chapter>
  <DVD_discid></DVD_discid>
  <DVD_episodenumber></DVD_episodenumber>
  <DVD_season></DVD_season>
  <Director>|Zondag Entertainment|Mark Hoffmeier|Lane Raichert|</Director>
  <EpImgFlag>1</EpImgFlag>
  <EpisodeName>The Tiff</EpisodeName>
  <EpisodeNumber>5</EpisodeNumber>
  <FirstAired>1994-12-03</FirstAired>
  <GuestStars>|Long John Baldry|</GuestStars>
  <IMDB_ID></IMDB_ID>
  <Language>en</Language>
  <Overview>After Bob makes Dot late for an appointment, she and Bob get into a big argument. Seems Dot suddenly thinks Bob is too &quot;random&quot;, and Bob thinks Dot is too straight-laced. Enzo and the other citizens of Mainframe try to trick the two into making up, but nothing seems to work. When Bob and Dot get trapped in a game cube, will that be enough of a crisis to get them to stop squabbling?</Overview>
  <ProductionCode>9408</ProductionCode>
  <Rating></Rating>
  <RatingCount>0</RatingCount>
  <SeasonNumber>1</SeasonNumber>
  <Writer>|Mark Hoffmeier|</Writer>
  <absolute_number></absolute_number>
  <filename>episodes/73025/105418.jpg</filename>
  <lastupdated>1333721267</lastupdated>
  <seasonid>5163</seasonid>
  <seriesid>73025</seriesid>
</Episode>
<Episode>
  <id>105419</id>
  <Combined_episodenumber>6</Combined_episodenumber>
  <Combined_season>1</Combined_season>
  <DVD_chapter></DVD_chapter>
  <DVD_discid></DVD_discid>
  <DVD_episodenumber></DVD_episodenumber>
  <DVD_season></DVD_season>
  <Director></Director>
  <EpImgFlag>1</EpImgFlag>
  <EpisodeName>In the Belly of the Beast</EpisodeName>
  <EpisodeNumber>6</EpisodeNumber>
  <FirstAired>1994-12-31</FirstAired>
  <GuestStars></GuestStars>
  <IMDB_ID></IMDB_ID>
  <Language>en</Language>
  <Overview>Frisket swallows an unformat command Megabyte had just uncovered. Wanting to get it back, the virus has Enzo kidnapped, using him as bait to lure the dog into Silicon Tor.</Overview>
  <ProductionCode>9404</ProductionCode>
  <Rating></Rating>
  <RatingCount>0</RatingCount>
  <SeasonNumber>1</SeasonNumber>
  <Writer>|Lane Raichert|</Writer>
  <absolute_number></absolute_number>
  <filename>episodes/73025/105419.jpg</filename>
  <lastupdated>1333721247</lastupdated>
  <seasonid>5163</seasonid>
  <seriesid>73025</seriesid>
</Episode>
<Episode>
  <id>105420</id>
  <Combined_episodenumber>7</Combined_episodenumber>
  <Combined_season>1</Combined_season>
  <DVD_chapter></DVD_chapter>
  <DVD_discid></DVD_discid>
  <DVD_episodenumber></DVD_episodenumber>
  <DVD_season></DVD_season>
  <Director>|Zondag Entertainment|Gavin Blair|Ian Pearson|Phil Mitchell|Lane Raichert|</Director>
  <EpImgFlag>1</EpImgFlag>
  <EpisodeName>The Crimson Binome</EpisodeName>
  <EpisodeNumber>7</EpisodeNumber>
  <FirstAired>1995-01-07</FirstAired>
  <GuestStars>|Long John Baldry|</GuestStars>
  <IMDB_ID></IMDB_ID>
  <Language>en</Language>
  <Overview>Mainframe is attacked by dastardly software pirates, who quickly scavenge the city, taking everything of worth - including Bob!</Overview>
  <ProductionCode>9414</ProductionCode>
  <Rating></Rating>
  <RatingCount>0</RatingCount>
  <SeasonNumber>1</SeasonNumber>
  <Writer>|Lane Raichert|</Writer>
  <absolute_number></absolute_number>
  <filename>episodes/73025/105420.jpg</filename>
  <lastupdated>1329030842</lastupdated>
  <seasonid>5163</seasonid>
  <seriesid>73025</seriesid>
</Episode>
<Episode>
  <id>105421</id>
  <Combined_episodenumber>8</Combined_episodenumber>
  <Combined_season>1</Combined_season>
  <DVD_chapter></DVD_chapter>
  <DVD_discid></DVD_discid>
  <DVD_episodenumber></DVD_episodenumber>
  <DVD_season></DVD_season>
  <Director></Director>
  <EpImgFlag>1</EpImgFlag>
  <EpisodeName>Enzo the Smart</EpisodeName>
  <EpisodeNumber>8</EpisodeNumber>
  <FirstAired>1995-02-11</FirstAired>
  <GuestStars></GuestStars>
  <IMDB_ID></IMDB_ID>
  <Language>en</Language>
  <Overview>After Bob upstages him during a game, Enzo decides to get smarter in a hurry. The Read-Only Room at the Principle Office is too much like work for the young sprite, so he's tempted into tinkering with the system clock. Only instead of making himself twice as smart as everyone else in Mainframe, he accidentally makes everyone else half as smart! What's worse, he ends up trapped in a game cube with a bunch of his dumbed-down friends. Can Enzo best the user by himself and fix this mess?</Overview>
  <ProductionCode>9411</ProductionCode>
  <Rating>7.0</Rating>
  <RatingCount>1</RatingCount>
  <SeasonNumber>1</SeasonNumber>
  <Writer></Writer>
  <absolute_number></absolute_number>
  <filename>episodes/73025/105421.jpg</filename>
  <lastupdated>1329030855</lastupdated>
  <seasonid>5163</seasonid>
  <seriesid>73025</seriesid>
</Episode>
<Episode>
  <id>105422</id>
  <Combined_episodenumber>9</Combined_episodenumber>
  <Combined_season>1</Combined_season>
  <DVD_chapter></DVD_chapter>
  <DVD_discid></DVD_discid>
  <DVD_episodenumber></DVD_episodenumber>
  <DVD_season></DVD_season>
  <Director></Director>
  <EpImgFlag>1</EpImgFlag>
  <EpisodeName>Wizards, Warriors and a Word from Our Sponsor</EpisodeName>
  <EpisodeNumber>9</EpisodeNumber>
  <FirstAired>1995-02-25</FirstAired>
  <GuestStars></GuestStars>
  <IMDB_ID></IMDB_ID>
  <Language>en</Language>
  <Overview>Mike the TV is driving everybody insane, but when a game cube drops and Mike reboots into a warrior they're going to need him to help stop the user.</Overview>
  <ProductionCode>9410</ProductionCode>
  <Rating></Rating>
  <RatingCount>0</RatingCount>
  <SeasonNumber>1</SeasonNumber>
  <Writer>|Jono Howard|Lane Raichert|</Writer>
  <absolute_number></absolute_number>
  <filename>episodes/73025/105422.jpg</filename>
  <lastupdated>1329030871</lastupdated>
  <seasonid>5163</seasonid>
  <seriesid>73025</seriesid>
</Episode>
<Episode>
  <id>105423</id>
  <Combined_episodenumber>10</Combined_episodenumber>
  <Combined_season>1</Combined_season>
  <DVD_chapter></DVD_chapter>
  <DVD_discid></DVD_discid>
  <DVD_episodenumber></DVD_episodenumber>
  <DVD_season></DVD_season>
  <Director></Director>
  <EpImgFlag>1</EpImgFlag>
  <EpisodeName>The Great Brain Robbery</EpisodeName>
  <EpisodeNumber>10</EpisodeNumber>
  <FirstAired>1995-03-18</FirstAired>
  <GuestStars></GuestStars>
  <IMDB_ID></IMDB_ID>
  <Language>en</Language>
  <Overview>With the help of Mouse, a hired mercenary, Megabyte intends to send a heavily compressed ship into Bob's head to take control of his brain. However, things don't go exactly as planned.</Overview>
  <ProductionCode>9406</ProductionCode>
  <Rating>7.0</Rating>
  <RatingCount>1</RatingCount>
  <SeasonNumber>1</SeasonNumber>
  <Writer>|Jono Howard|</Writer>
  <absolute_number></absolute_number>
  <filename>episodes/73025/105423.jpg</filename>
  <lastupdated>1329030897</lastupdated>
  <seasonid>5163</seasonid>
  <seriesid>73025</seriesid>
</Episode>
<Episode>
  <id>105424</id>
  <Combined_episodenumber>11</Combined_episodenumber>
  <Combined_season>1</Combined_season>
  <DVD_chapter></DVD_chapter>
  <DVD_discid></DVD_discid>
  <DVD_episodenumber></DVD_episodenumber>
  <DVD_season></DVD_season>
  <Director></Director>
  <EpImgFlag>1</EpImgFlag>
  <EpisodeName>Talent Night</EpisodeName>
  <EpisodeNumber>11</EpisodeNumber>
  <FirstAired>1995-08-12</FirstAired>
  <GuestStars></GuestStars>
  <IMDB_ID></IMDB_ID>
  <Language>en</Language>
  <Overview>Dot is arranging a celebration for Enzo's first birthday, and Bob has to keep the young sprite occupied until everything is ready.</Overview>
  <ProductionCode>9416</ProductionCode>
  <Rating>8.0</Rating>
  <RatingCount>1</RatingCount>
  <SeasonNumber>1</SeasonNumber>
  <Writer>|Lane Raichert|</Writer>
  <absolute_number></absolute_number>
  <filename>episodes/73025/105424.jpg</filename>
  <lastupdated>1329030909</lastupdated>
  <seasonid>5163</seasonid>
  <seriesid>73025</seriesid>
</Episode>
<Episode>
  <id>105425</id>
  <Combined_episodenumber>12</Combined_episodenumber>
  <Combined_season>1</Combined_season>
  <DVD_chapter></DVD_chapter>
  <DVD_discid></DVD_discid>
  <DVD_episodenumber></DVD_episodenumber>
  <DVD_season></DVD_season>
  <Director></Director>
  <EpImgFlag>1</EpImgFlag>
  <EpisodeName>Identity Crisis (1)</EpisodeName>
  <EpisodeNumber>12</EpisodeNumber>
  <FirstAired>1995-09-09</FirstAired>
  <GuestStars></GuestStars>
  <IMDB_ID></IMDB_ID>
  <Language>en</Language>
  <Overview>Dot manages to convince a the binomes of one of Megabyte's sectors to entrust her with their PIDs, so she can register them with the Principal Office. But first she has to get them safely back to Mainframe, which proves harder than anticipated when the virals attack the meeting place. And if that wasn't enough, she keeps getting mysterious flashes of a reality where Megabyte has taken control of the system.</Overview>
  <ProductionCode>9415a</ProductionCode>
  <Rating>6.0</Rating>
  <RatingCount>1</RatingCount>
  <SeasonNumber>1</SeasonNumber>
  <Writer>|Jono Howard|</Writer>
  <absolute_number></absolute_number>
  <filename>episodes/73025/105425.jpg</filename>
  <lastupdated>1329030926</lastupdated>
  <seasonid>5163</seasonid>
  <seriesid>73025</seriesid>
</Episode>
<Episode>
  <id>105426</id>
  <Combined_episodenumber>13</Combined_episodenumber>
  <Combined_season>1</Combined_season>
  <DVD_chapter></DVD_chapter>
  <DVD_discid></DVD_discid>
  <DVD_episodenumber></DVD_episodenumber>
  <DVD_season></DVD_season>
  <Director></Director>
  <EpImgFlag>1</EpImgFlag>
  <EpisodeName>Identity Crisis (2)</EpisodeName>
  <EpisodeNumber>13</EpisodeNumber>
  <FirstAired>1995-09-16</FirstAired>
  <GuestStars></GuestStars>
  <IMDB_ID></IMDB_ID>
  <Language>en</Language>
  <Overview>With Dot stuck in a game, heavily depressed and about to give up, Phong decides to take drastic action, sending her into a possible future where she lost the game and got herself and Bob nullified.</Overview>
  <ProductionCode>9415b</ProductionCode>
  <Rating>7.0</Rating>
  <RatingCount>1</RatingCount>
  <SeasonNumber>1</SeasonNumber>
  <Writer>|Jono Howard|</Writer>
  <absolute_number></absolute_number>
  <filename>episodes/73025/105426.jpg</filename>
  <lastupdated>1329030932</lastupdated>
  <seasonid>5163</seasonid>
  <seriesid>73025</seriesid>
</Episode>
<Episode>
  <id>105427</id>
  <Combined_episodenumber>1</Combined_episodenumber>
  <Combined_season>2</Combined_season>
  <DVD_chapter></DVD_chapter>
  <DVD_discid></DVD_discid>
  <DVD_episodenumber></DVD_episodenumber>
  <DVD_season></DVD_season>
  <Director></Director>
  <EpImgFlag>1</EpImgFlag>
  <EpisodeName>Infected</EpisodeName>
  <EpisodeNumber>1</EpisodeNumber>
  <FirstAired>1995-09-23</FirstAired>
  <GuestStars></GuestStars>
  <IMDB_ID></IMDB_ID>
  <Language>en</Language>
  <Overview>The joy of receiving a new upgrade is cut short when it turns out to contain Megabyte himself, who's decided to take a more direct approach to infecting the core.</Overview>
  <ProductionCode>9501</ProductionCode>
  <Rating>8.0</Rating>
  <RatingCount>1</RatingCount>
  <SeasonNumber>2</SeasonNumber>
  <Writer>|Martin Borycki|</Writer>
  <absolute_number></absolute_number>
  <filename>episodes/73025/105427.jpg</filename>
  <lastupdated>1329031077</lastupdated>
  <seasonid>5164</seasonid>
  <seriesid>73025</seriesid>
</Episode>
<Episode>
  <id>105428</id>
  <Combined_episodenumber>2</Combined_episodenumber>
  <Combined_season>2</Combined_season>
  <DVD_chapter></DVD_chapter>
  <DVD_discid></DVD_discid>
  <DVD_episodenumber></DVD_episodenumber>
  <DVD_season></DVD_season>
  <Director>|Michael Robison|Gavin Blair|Ian Pearson|Phil Mitchell|Lane Raichert|</Director>
  <EpImgFlag>1</EpImgFlag>
  <EpisodeName>High Code</EpisodeName>
  <EpisodeNumber>2</EpisodeNumber>
  <FirstAired>1995-09-30</FirstAired>
  <GuestStars>|Long John Baldry|</GuestStars>
  <IMDB_ID></IMDB_ID>
  <Language>en</Language>
  <Overview>A being of incredible power, known as a codemaster, arrives in Mainframe, demanding they bring out another codemaster who he believes is hiding there.</Overview>
  <ProductionCode>9502</ProductionCode>
  <Rating>7.0</Rating>
  <RatingCount>1</RatingCount>
  <SeasonNumber>2</SeasonNumber>
  <Writer>|Martin Borycki|</Writer>
  <absolute_number></absolute_number>
  <filename>episodes/73025/105428.jpg</filename>
  <lastupdated>1329031089</lastupdated>
  <seasonid>5164</seasonid>
  <seriesid>73025</seriesid>
</Episode>
<Episode>
  <id>105429</id>
  <Combined_episodenumber>3</Combined_episodenumber>
  <Combined_season>2</Combined_season>
  <DVD_chapter></DVD_chapter>
  <DVD_discid></DVD_discid>
  <DVD_episodenumber></DVD_episodenumber>
  <DVD_season></DVD_season>
  <Director></Director>
  <EpImgFlag>1</EpImgFlag>
  <EpisodeName>When Games Collide</EpisodeName>
  <EpisodeNumber>3</EpisodeNumber>
  <FirstAired>1995-10-07</FirstAired>
  <GuestStars></GuestStars>
  <IMDB_ID></IMDB_ID>
  <Language>en</Language>
  <Overview>Megabyte is draining energy from the games to fuel his attempt to breach the Mainframe archive's protective barrier. But when he takes too much, the game crashes and merges with a new one, trapping him and Bob inside the chaos.</Overview>
  <ProductionCode>9503</ProductionCode>
  <Rating>7.0</Rating>
  <RatingCount>1</RatingCount>
  <SeasonNumber>2</SeasonNumber>
  <Writer>|Jono Howard|</Writer>
  <absolute_number></absolute_number>
  <filename>episodes/73025/105429.jpg</filename>
  <lastupdated>1329031099</lastupdated>
  <seasonid>5164</seasonid>
  <seriesid>73025</seriesid>
</Episode>
<Episode>
  <id>105430</id>
  <Combined_episodenumber>4</Combined_episodenumber>
  <Combined_season>2</Combined_season>
  <DVD_chapter></DVD_chapter>
  <DVD_discid></DVD_discid>
  <DVD_episodenumber></DVD_episodenumber>
  <DVD_season></DVD_season>
  <Director></Director>
  <EpImgFlag>1</EpImgFlag>
  <EpisodeName>Bad Bob</EpisodeName>
  <EpisodeNumber>4</EpisodeNumber>
  <FirstAired>1995-10-14</FirstAired>
  <GuestStars></GuestStars>
  <IMDB_ID></IMDB_ID>
  <Language>en</Language>
  <Overview>Megabyte makes a grab for the core energy, but ends up getting trapped with it inside a corrupt game. Now Bob must keep the game going until he can get the energy back to the Principal Office or Mainframe will shut down when game ends.</Overview>
  <ProductionCode>9505</ProductionCode>
  <Rating>8.0</Rating>
  <RatingCount>1</RatingCount>
  <SeasonNumber>2</SeasonNumber>
  <Writer>|Martin Borycki|Susan Turner|</Writer>
  <absolute_number></absolute_number>
  <filename>episodes/73025/105430.jpg</filename>
  <lastupdated>1329031109</lastupdated>
  <seasonid>5164</seasonid>
  <seriesid>73025</seriesid>
</Episode>
<Episode>
  <id>105431</id>
  <Combined_episodenumber>5</Combined_episodenumber>
  <Combined_season>2</Combined_season>
  <DVD_chapter></DVD_chapter>
  <DVD_discid></DVD_discid>
  <DVD_episodenumber></DVD_episodenumber>
  <DVD_season></DVD_season>
  <Director></Director>
  <EpImgFlag>1</EpImgFlag>
  <EpisodeName>Painted Windows</EpisodeName>
  <EpisodeNumber>5</EpisodeNumber>
  <FirstAired>1995-11-04</FirstAired>
  <GuestStars></GuestStars>
  <IMDB_ID></IMDB_ID>
  <Language>en</Language>
  <Overview>Mainframe is thrown into utter chaos when Hexadecimal manages to tap into the system's paint function.</Overview>
  <ProductionCode>9504</ProductionCode>
  <Rating></Rating>
  <RatingCount>0</RatingCount>
  <SeasonNumber>2</SeasonNumber>
  <Writer>|Jono Howard|Susan Turner|</Writer>
  <absolute_number></absolute_number>
  <filename>episodes/73025/105431.jpg</filename>
  <lastupdated>1329031121</lastupdated>
  <seasonid>5164</seasonid>
  <seriesid>73025</seriesid>
</Episode>
<Episode>
  <id>105432</id>
  <Combined_episodenumber>6</Combined_episodenumber>
  <Combined_season>2</Combined_season>
  <DVD_chapter></DVD_chapter>
  <DVD_discid></DVD_discid>
  <DVD_episodenumber></DVD_episodenumber>
  <DVD_season></DVD_season>
  <Director></Director>
  <EpImgFlag>1</EpImgFlag>
  <EpisodeName>AndrAIa</EpisodeName>
  <EpisodeNumber>6</EpisodeNumber>
  <FirstAired>1995-11-11</FirstAired>
  <GuestStars></GuestStars>
  <IMDB_ID></IMDB_ID>
  <Language>en</Language>
  <Overview>Enzo is feeling along since there are no sprites his age in Mainframe. Dot won't let him enter games with Bob and Frisket comes and goes has he pleases. So when a game cube drops on the Diner and he runs to a young female sprite named AndrAIa, he's all too quick to make friends with her. But there's something Enzo doesn't seem to realise about AndrAIa...</Overview>
  <ProductionCode>9509</ProductionCode>
  <Rating>8.0</Rating>
  <RatingCount>1</RatingCount>
  <SeasonNumber>2</SeasonNumber>
  <Writer>|Steve Ball|Phil Mitchell|Ian Pearson|Susan Turner|</Writer>
  <absolute_number></absolute_number>
  <filename>episodes/73025/105432.jpg</filename>
  <lastupdated>1329031131</lastupdated>
  <seasonid>5164</seasonid>
  <seriesid>73025</seriesid>
</Episode>
<Episode>
  <id>105433</id>
  <Combined_episodenumber>7</Combined_episodenumber>
  <Combined_season>2</Combined_season>
  <DVD_chapter></DVD_chapter>
  <DVD_discid></DVD_discid>
  <DVD_episodenumber></DVD_episodenumber>
  <DVD_season></DVD_season>
  <Director></Director>
  <EpImgFlag>1</EpImgFlag>
  <EpisodeName>Nullzilla (1)</EpisodeName>
  <EpisodeNumber>7</EpisodeNumber>
  <FirstAired>1995-12-16</FirstAired>
  <GuestStars></GuestStars>
  <IMDB_ID></IMDB_ID>
  <Language>en</Language>
  <Overview>Mike accidently shatters Hexadecimal's looking glass, unleashing a horrible black parasite that infects the virus. Suddenly, all the nulls react, flocking to Lost Angles, covering the altered Hexadecimal until she's became a gigantic mass of nulls, walking around and flattening random buildings.</Overview>
  <ProductionCode>9508</ProductionCode>
  <Rating>8.0</Rating>
  <RatingCount>1</RatingCount>
  <SeasonNumber>2</SeasonNumber>
  <Writer>|Susan Turner|</Writer>
  <absolute_number></absolute_number>
  <filename>episodes/73025/105433.jpg</filename>
  <lastupdated>1329031144</lastupdated>
  <seasonid>5164</seasonid>
  <seriesid>73025</seriesid>
</Episode>
<Episode>
  <id>105434</id>
  <Combined_episodenumber>8</Combined_episodenumber>
  <Combined_season>2</Combined_season>
  <DVD_chapter></DVD_chapter>
  <DVD_discid></DVD_discid>
  <DVD_episodenumber></DVD_episodenumber>
  <DVD_season></DVD_season>
  <Director>|Ian Pearson|</Director>
  <EpImgFlag>1</EpImgFlag>
  <EpisodeName>Gigabyte (2)</EpisodeName>
  <EpisodeNumber>8</EpisodeNumber>
  <FirstAired>1995-12-23</FirstAired>
  <GuestStars>|Blu Mankuma|</GuestStars>
  <IMDB_ID></IMDB_ID>
  <Language>en</Language>
  <Overview>The infected Megabyte merges with Hexadecimal, turning into the energy devouring super-virus Gigabyte. It must be stopped before it gathers enough power to create a portal to the Net.</Overview>
  <ProductionCode>9506</ProductionCode>
  <Rating>8.0</Rating>
  <RatingCount>1</RatingCount>
  <SeasonNumber>2</SeasonNumber>
  <Writer>|Phil Mitchell|Susan Turner|</Writer>
  <absolute_number></absolute_number>
  <filename>episodes/73025/105434.jpg</filename>
  <lastupdated>1329031155</lastupdated>
  <seasonid>5164</seasonid>
  <seriesid>73025</seriesid>
</Episode>
<Episode>
  <id>105435</id>
  <Combined_episodenumber>9</Combined_episodenumber>
  <Combined_season>2</Combined_season>
  <DVD_chapter></DVD_chapter>
  <DVD_discid></DVD_discid>
  <DVD_episodenumber></DVD_episodenumber>
  <DVD_season></DVD_season>
  <Director>|Steve Ball|Gavin Blair|Mark Leiren-Young|Phil Mitchell|Susan Turner|Ian Pearson|</Director>
  <EpImgFlag>1</EpImgFlag>
  <EpisodeName>Trust No One (3)</EpisodeName>
  <EpisodeNumber>9</EpisodeNumber>
  <FirstAired>1995-12-30</FirstAired>
  <GuestStars>|Gillian Anderson|Scott McNeil|</GuestStars>
  <IMDB_ID></IMDB_ID>
  <Language>en</Language>
  <Overview>Two special agents from the CGI are investigating disappearances in level 31. Their prime suspect is Mouse but the real abductor ends up being something far more dangerous: a web creature. The Guardians would destroy all of Mainframe to kill the web creature, but Bob has other ideas.</Overview>
  <ProductionCode>9507</ProductionCode>
  <Rating>8.0</Rating>
  <RatingCount>1</RatingCount>
  <SeasonNumber>2</SeasonNumber>
  <Writer>|Mark Leiren-Young|</Writer>
  <absolute_number></absolute_number>
  <filename>episodes/73025/105435.jpg</filename>
  <lastupdated>1329031166</lastupdated>
  <seasonid>5164</seasonid>
  <seriesid>73025</seriesid>
</Episode>
<Episode>
  <id>105436</id>
  <Combined_episodenumber>10</Combined_episodenumber>
  <Combined_season>2</Combined_season>
  <DVD_chapter></DVD_chapter>
  <DVD_discid></DVD_discid>
  <DVD_episodenumber></DVD_episodenumber>
  <DVD_season></DVD_season>
  <Director></Director>
  <EpImgFlag>1</EpImgFlag>
  <EpisodeName>Web World Wars (4)</EpisodeName>
  <EpisodeNumber>10</EpisodeNumber>
  <FirstAired>1996-03-02</FirstAired>
  <GuestStars></GuestStars>
  <IMDB_ID></IMDB_ID>
  <Language>en</Language>
  <Overview>Above Mainframe hangs the web creature's parting gift: A gigantic portal to the Web - a chaotic abyss filled with unspeakable horrors. It will take the combined might of all inhabitants of the system to close it, including the viruses, but can they be trusted?</Overview>
  <ProductionCode>9510</ProductionCode>
  <Rating>7.0</Rating>
  <RatingCount>1</RatingCount>
  <SeasonNumber>2</SeasonNumber>
  <Writer>|Mark Leiren-Young|</Writer>
  <absolute_number></absolute_number>
  <filename>episodes/73025/105436.jpg</filename>
  <lastupdated>1329031178</lastupdated>
  <seasonid>5164</seasonid>
  <seriesid>73025</seriesid>
</Episode>
<Episode>
  <id>105437</id>
  <Combined_episodenumber>1</Combined_episodenumber>
  <Combined_season>3</Combined_season>
  <DVD_chapter></DVD_chapter>
  <DVD_discid></DVD_discid>
  <DVD_episodenumber></DVD_episodenumber>
  <DVD_season></DVD_season>
  <Director></Director>
  <EpImgFlag>1</EpImgFlag>
  <EpisodeName>To Mend and Defend</EpisodeName>
  <EpisodeNumber>1</EpisodeNumber>
  <FirstAired>1999-04-15</FirstAired>
  <GuestStars></GuestStars>
  <IMDB_ID></IMDB_ID>
  <Language>en</Language>
  <Overview>Megabyte and Hexadecimal are about to take the core, but Mainframe is saved at the last minute by an incoming game cube. However with Bob gone, Enzo is left having the answer the call of the guardian protocol.</Overview>
  <ProductionCode>9701</ProductionCode>
  <Rating>8.0</Rating>
  <RatingCount>1</RatingCount>
  <SeasonNumber>3</SeasonNumber>
  <Writer>|Marvin Wolfman|</Writer>
  <absolute_number></absolute_number>
  <filename>episodes/73025/105437.jpg</filename>
  <lastupdated>1329031222</lastupdated>
  <seasonid>5165</seasonid>
  <seriesid>73025</seriesid>
</Episode>
<Episode>
  <id>105438</id>
  <Combined_episodenumber>2</Combined_episodenumber>
  <Combined_season>3</Combined_season>
  <DVD_chapter></DVD_chapter>
  <DVD_discid></DVD_discid>
  <DVD_episodenumber></DVD_episodenumber>
  <DVD_season></DVD_season>
  <Director></Director>
  <EpImgFlag>1</EpImgFlag>
  <EpisodeName>Between a Raccoon and a Hard Place</EpisodeName>
  <EpisodeNumber>2</EpisodeNumber>
  <FirstAired>1999-04-16</FirstAired>
  <GuestStars></GuestStars>
  <IMDB_ID></IMDB_ID>
  <Language>en</Language>
  <Overview>Megabyte is trying to turn Mainfraime against Enzo, blocking him from entering the games and smearing his reputation with propaganda. When the young guardian finally manages to sneak past the blockade, it's more crucial than ever that he wins, this time facing Rocky the Rabid Raccoon...</Overview>
  <ProductionCode></ProductionCode>
  <Rating>7.0</Rating>
  <RatingCount>1</RatingCount>
  <SeasonNumber>3</SeasonNumber>
  <Writer>|Len Wein|</Writer>
  <absolute_number></absolute_number>
  <filename>episodes/73025/105438.jpg</filename>
  <lastupdated>1329031243</lastupdated>
  <seasonid>5165</seasonid>
  <seriesid>73025</seriesid>
</Episode>
<Episode>
  <id>105439</id>
  <Combined_episodenumber>3</Combined_episodenumber>
  <Combined_season>3</Combined_season>
  <DVD_chapter></DVD_chapter>
  <DVD_discid></DVD_discid>
  <DVD_episodenumber></DVD_episodenumber>
  <DVD_season></DVD_season>
  <Director>|James Boshier|Michaela Zabranska|Gavin Blair|Phil Mitchell|Ian Pearson|</Director>
  <EpImgFlag>1</EpImgFlag>
  <EpisodeName>Firewall</EpisodeName>
  <EpisodeNumber>3</EpisodeNumber>
  <FirstAired>1999-04-19</FirstAired>
  <GuestStars></GuestStars>
  <IMDB_ID></IMDB_ID>
  <Language>en</Language>
  <Overview>As Megabyte prepares to launch a another attack using the newly recovered Hexadecimal, Mouse initiates a project to seal Megabyte's domain inside a firewall. Enzo and AndrAIa face the user in a Toy Story-esque racing game.</Overview>
  <ProductionCode></ProductionCode>
  <Rating>7.0</Rating>
  <RatingCount>1</RatingCount>
  <SeasonNumber>3</SeasonNumber>
  <Writer>|Dan DiDio|</Writer>
  <absolute_number></absolute_number>
  <filename>episodes/73025/105439.jpg</filename>
  <lastupdated>1329031254</lastupdated>
  <seasonid>5165</seasonid>
  <seriesid>73025</seriesid>
</Episode>
<Episode>
  <id>105440</id>
  <Combined_episodenumber>4</Combined_episodenumber>
  <Combined_season>3</Combined_season>
  <DVD_chapter></DVD_chapter>
  <DVD_discid></DVD_discid>
  <DVD_episodenumber></DVD_episodenumber>
  <DVD_season></DVD_season>
  <Director></Director>
  <EpImgFlag>1</EpImgFlag>
  <EpisodeName>Game Over</EpisodeName>
  <EpisodeNumber>4</EpisodeNumber>
  <FirstAired>1999-04-20</FirstAired>
  <GuestStars></GuestStars>
  <IMDB_ID></IMDB_ID>
  <Language>en</Language>
  <Overview>Enzo and AndrAIa are caught in a tournament style fighting game where they have no control and may not be able to defend against the user.</Overview>
  <ProductionCode></ProductionCode>
  <Rating>6.0</Rating>
  <RatingCount>1</RatingCount>
  <SeasonNumber>3</SeasonNumber>
  <Writer>|Ian Pearson|</Writer>
  <absolute_number></absolute_number>
  <filename>episodes/73025/105440.jpg</filename>
  <lastupdated>1329031263</lastupdated>
  <seasonid>5165</seasonid>
  <seriesid>73025</seriesid>
</Episode>
<Episode>
  <id>105441</id>
  <Combined_episodenumber>5</Combined_episodenumber>
  <Combined_season>3</Combined_season>
  <DVD_chapter></DVD_chapter>
  <DVD_discid></DVD_discid>
  <DVD_episodenumber></DVD_episodenumber>
  <DVD_season></DVD_season>
  <Director>|Ezekiel Norton|Gavin Blair|Phil Mitchell|Ian Pearson|</Director>
  <EpImgFlag>1</EpImgFlag>
  <EpisodeName>Icons</EpisodeName>
  <EpisodeNumber>5</EpisodeNumber>
  <FirstAired>1999-04-21</FirstAired>
  <GuestStars></GuestStars>
  <IMDB_ID></IMDB_ID>
  <Language>en</Language>
  <Overview>After getting stuck in a game, Matrix, the hardened and cynical warrior once known as Enzo, and AndrAIa have been wandering the net for a very long time, moving from system to system through the games, searching for a way back to Mainframe. This time they arrive in a barely functioning system, devastated by virals and constant lost games.</Overview>
  <ProductionCode></ProductionCode>
  <Rating>7.0</Rating>
  <RatingCount>1</RatingCount>
  <SeasonNumber>3</SeasonNumber>
  <Writer>|Christy Marx|</Writer>
  <absolute_number></absolute_number>
  <filename>episodes/73025/105441.jpg</filename>
  <lastupdated>1329031272</lastupdated>
  <seasonid>5165</seasonid>
  <seriesid>73025</seriesid>
</Episode>
<Episode>
  <id>105442</id>
  <Combined_episodenumber>6</Combined_episodenumber>
  <Combined_season>3</Combined_season>
  <DVD_chapter></DVD_chapter>
  <DVD_discid></DVD_discid>
  <DVD_episodenumber></DVD_episodenumber>
  <DVD_season></DVD_season>
  <Director>|Owen Hurley|Gavin Blair|Dan DiDio|Phil Mitchell|Ian Pearson|</Director>
  <EpImgFlag>1</EpImgFlag>
  <EpisodeName>Where No Sprite Has Gone Before</EpisodeName>
  <EpisodeNumber>6</EpisodeNumber>
  <FirstAired>1999-04-22</FirstAired>
  <GuestStars></GuestStars>
  <IMDB_ID></IMDB_ID>
  <Language>en</Language>
  <Overview>Matrix and AndrAIa find themselves on different sides of a conflict between the mysterious Spectrols and a team of super hero sprites.</Overview>
  <ProductionCode></ProductionCode>
  <Rating>8.0</Rating>
  <RatingCount>1</RatingCount>
  <SeasonNumber>3</SeasonNumber>
  <Writer>|D.C. Fontana|</Writer>
  <absolute_number></absolute_number>
  <filename>episodes/73025/105442.jpg</filename>
  <lastupdated>1329031283</lastupdated>
  <seasonid>5165</seasonid>
  <seriesid>73025</seriesid>
</Episode>
<Episode>
  <id>105443</id>
  <Combined_episodenumber>7</Combined_episodenumber>
  <Combined_season>3</Combined_season>
  <DVD_chapter></DVD_chapter>
  <DVD_discid></DVD_discid>
  <DVD_episodenumber></DVD_episodenumber>
  <DVD_season></DVD_season>
  <Director></Director>
  <EpImgFlag>1</EpImgFlag>
  <EpisodeName>Number 7</EpisodeName>
  <EpisodeNumber>7</EpisodeNumber>
  <FirstAired>1999-04-23</FirstAired>
  <GuestStars></GuestStars>
  <IMDB_ID></IMDB_ID>
  <Language>en</Language>
  <Overview>Matrix is shocked when he finds Mainframe inside a game cube. Dot is there... Phong is there... even Bob! But why did he and AndrAIa reboot as Megabyte and Hexadecimal? And who is Number One?</Overview>
  <ProductionCode></ProductionCode>
  <Rating>7.0</Rating>
  <RatingCount>1</RatingCount>
  <SeasonNumber>3</SeasonNumber>
  <Writer>|Dan DiDio|</Writer>
  <absolute_number></absolute_number>
  <filename>episodes/73025/105443.jpg</filename>
  <lastupdated>1329031292</lastupdated>
  <seasonid>5165</seasonid>
  <seriesid>73025</seriesid>
</Episode>
<Episode>
  <id>105444</id>
  <Combined_episodenumber>8</Combined_episodenumber>
  <Combined_season>3</Combined_season>
  <DVD_chapter></DVD_chapter>
  <DVD_discid></DVD_discid>
  <DVD_episodenumber></DVD_episodenumber>
  <DVD_season></DVD_season>
  <Director>|James Boshier|J. Falconer|Gavin Blair|Phil Mitchell|Ian Pearson|</Director>
  <EpImgFlag>1</EpImgFlag>
  <EpisodeName>The Episode with No Name</EpisodeName>
  <EpisodeNumber>8</EpisodeNumber>
  <FirstAired>1999-04-26</FirstAired>
  <GuestStars></GuestStars>
  <IMDB_ID></IMDB_ID>
  <Language>en</Language>
  <Overview>Having finally found a system with ports to the Net, Matrix is overjoyed. But it doesn't last long, when access is blocked as the city comes under siege by a team of... guardians?</Overview>
  <ProductionCode></ProductionCode>
  <Rating>8.0</Rating>
  <RatingCount>1</RatingCount>
  <SeasonNumber>3</SeasonNumber>
  <Writer>|Adria Budd|</Writer>
  <absolute_number></absolute_number>
  <filename>episodes/73025/105444.jpg</filename>
  <lastupdated>1329031303</lastupdated>
  <seasonid>5165</seasonid>
  <seriesid>73025</seriesid>
</Episode>
<Episode>
  <id>105445</id>
  <Combined_episodenumber>9</Combined_episodenumber>
  <Combined_season>3</Combined_season>
  <DVD_chapter></DVD_chapter>
  <DVD_discid></DVD_discid>
  <DVD_episodenumber></DVD_episodenumber>
  <DVD_season></DVD_season>
  <Director></Director>
  <EpImgFlag>1</EpImgFlag>
  <EpisodeName>The Return of the Crimson Binome (1)</EpisodeName>
  <EpisodeNumber>9</EpisodeNumber>
  <FirstAired>1999-04-27</FirstAired>
  <GuestStars></GuestStars>
  <IMDB_ID></IMDB_ID>
  <Language>en</Language>
  <Overview>Matrix and Andraia meet up with Captain Capacitor who promises to help them find Bob as long as they release his crew from the prison in which the guardians have placed them.</Overview>
  <ProductionCode>v3.3.1</ProductionCode>
  <Rating>7.0</Rating>
  <RatingCount>1</RatingCount>
  <SeasonNumber>3</SeasonNumber>
  <Writer></Writer>
  <absolute_number></absolute_number>
  <filename>episodes/73025/105445.jpg</filename>
  <lastupdated>1329031312</lastupdated>
  <seasonid>5165</seasonid>
  <seriesid>73025</seriesid>
</Episode>
<Episode>
  <id>105446</id>
  <Combined_episodenumber>10</Combined_episodenumber>
  <Combined_season>3</Combined_season>
  <DVD_chapter></DVD_chapter>
  <DVD_discid></DVD_discid>
  <DVD_episodenumber></DVD_episodenumber>
  <DVD_season></DVD_season>
  <Director></Director>
  <EpImgFlag>1</EpImgFlag>
  <EpisodeName>The Edge of Beyond (2)</EpisodeName>
  <EpisodeNumber>10</EpisodeNumber>
  <FirstAired>1999-04-28</FirstAired>
  <GuestStars></GuestStars>
  <IMDB_ID></IMDB_ID>
  <Language>en</Language>
  <Overview>The crew of the Saucy Mare enter the web looking for Bob but when a web creature sucks away half of AndrAIa's energy, leaving her in a dying state, Matrix must find the creature so he can save her life.</Overview>
  <ProductionCode>v3.3.2</ProductionCode>
  <Rating>7.0</Rating>
  <RatingCount>1</RatingCount>
  <SeasonNumber>3</SeasonNumber>
  <Writer></Writer>
  <absolute_number></absolute_number>
  <filename>episodes/73025/105446.jpg</filename>
  <lastupdated>1329031327</lastupdated>
  <seasonid>5165</seasonid>
  <seriesid>73025</seriesid>
</Episode>
<Episode>
  <id>105447</id>
  <Combined_episodenumber>11</Combined_episodenumber>
  <Combined_season>3</Combined_season>
  <DVD_chapter></DVD_chapter>
  <DVD_discid></DVD_discid>
  <DVD_episodenumber></DVD_episodenumber>
  <DVD_season></DVD_season>
  <Director></Director>
  <EpImgFlag>1</EpImgFlag>
  <EpisodeName>Web Riders on the Storm (3)</EpisodeName>
  <EpisodeNumber>11</EpisodeNumber>
  <FirstAired>1999-04-29</FirstAired>
  <GuestStars></GuestStars>
  <IMDB_ID></IMDB_ID>
  <Language>en</Language>
  <Overview>The Saucy Mare is attacked by a group of degraded sprites riding web creatures, and AndrAia is saved by an old friend.</Overview>
  <ProductionCode>v3.3.3</ProductionCode>
  <Rating>7.0</Rating>
  <RatingCount>1</RatingCount>
  <SeasonNumber>3</SeasonNumber>
  <Writer></Writer>
  <absolute_number></absolute_number>
  <filename>episodes/73025/105447.jpg</filename>
  <lastupdated>1329031338</lastupdated>
  <seasonid>5165</seasonid>
  <seriesid>73025</seriesid>
</Episode>
<Episode>
  <id>105448</id>
  <Combined_episodenumber>12</Combined_episodenumber>
  <Combined_season>3</Combined_season>
  <DVD_chapter></DVD_chapter>
  <DVD_discid></DVD_discid>
  <DVD_episodenumber></DVD_episodenumber>
  <DVD_season></DVD_season>
  <Director></Director>
  <EpImgFlag>1</EpImgFlag>
  <EpisodeName>Mousetrap (4)</EpisodeName>
  <EpisodeNumber>12</EpisodeNumber>
  <FirstAired>1999-04-30</FirstAired>
  <GuestStars></GuestStars>
  <IMDB_ID></IMDB_ID>
  <Language>en</Language>
  <Overview>The traps Mouse once placed to stop the web creatures from accessing Mainframe are now making it difficult for the sprites to return home.</Overview>
  <ProductionCode>v3.3.4</ProductionCode>
  <Rating>8.0</Rating>
  <RatingCount>1</RatingCount>
  <SeasonNumber>3</SeasonNumber>
  <Writer>|Marvin Wolfman|</Writer>
  <absolute_number></absolute_number>
  <filename>episodes/73025/105448.jpg</filename>
  <lastupdated>1329031347</lastupdated>
  <seasonid>5165</seasonid>
  <seriesid>73025</seriesid>
</Episode>
<Episode>
  <id>105449</id>
  <Combined_episodenumber>13</Combined_episodenumber>
  <Combined_season>3</Combined_season>
  <DVD_chapter></DVD_chapter>
  <DVD_discid></DVD_discid>
  <DVD_episodenumber></DVD_episodenumber>
  <DVD_season></DVD_season>
  <Director></Director>
  <EpImgFlag>1</EpImgFlag>
  <EpisodeName>Megaframe (1)</EpisodeName>
  <EpisodeNumber>13</EpisodeNumber>
  <FirstAired>1999-05-03</FirstAired>
  <GuestStars></GuestStars>
  <IMDB_ID></IMDB_ID>
  <Language>en</Language>
  <Overview>Matrix and the gang finally return to Mainframe only to discover it has been almost destroyed by Megabyte. We learn what the resistance has been doing all this time and the plan to finally save their home.</Overview>
  <ProductionCode></ProductionCode>
  <Rating>7.0</Rating>
  <RatingCount>1</RatingCount>
  <SeasonNumber>3</SeasonNumber>
  <Writer>|Katherine Lawrence|</Writer>
  <absolute_number></absolute_number>
  <filename>episodes/73025/105449.jpg</filename>
  <lastupdated>1329031358</lastupdated>
  <seasonid>5165</seasonid>
  <seriesid>73025</seriesid>
</Episode>
<Episode>
  <id>105450</id>
  <Combined_episodenumber>14</Combined_episodenumber>
  <Combined_season>3</Combined_season>
  <DVD_chapter></DVD_chapter>
  <DVD_discid></DVD_discid>
  <DVD_episodenumber></DVD_episodenumber>
  <DVD_season></DVD_season>
  <Director></Director>
  <EpImgFlag>1</EpImgFlag>
  <EpisodeName>Showdown (2)</EpisodeName>
  <EpisodeNumber>14</EpisodeNumber>
  <FirstAired>1999-05-04</FirstAired>
  <GuestStars></GuestStars>
  <IMDB_ID></IMDB_ID>
  <Language>en</Language>
  <Overview>The battle for Mainframe begins and Matrix has a final confrontation with Megabyte. Meanwhile, Hexadecimal seems to have gone even more insane but Bob thinks he might be able to help her.</Overview>
  <ProductionCode>v3.4.2</ProductionCode>
  <Rating>8.0</Rating>
  <RatingCount>1</RatingCount>
  <SeasonNumber>3</SeasonNumber>
  <Writer>|Len Wein|</Writer>
  <absolute_number></absolute_number>
  <filename>episodes/73025/105450.jpg</filename>
  <lastupdated>1329031368</lastupdated>
  <seasonid>5165</seasonid>
  <seriesid>73025</seriesid>
</Episode>
<Episode>
  <id>105451</id>
  <Combined_episodenumber>15</Combined_episodenumber>
  <Combined_season>3</Combined_season>
  <DVD_chapter></DVD_chapter>
  <DVD_discid></DVD_discid>
  <DVD_episodenumber></DVD_episodenumber>
  <DVD_season></DVD_season>
  <Director></Director>
  <EpImgFlag>1</EpImgFlag>
  <EpisodeName>System Crash (3)</EpisodeName>
  <EpisodeNumber>15</EpisodeNumber>
  <FirstAired>1999-05-05</FirstAired>
  <GuestStars></GuestStars>
  <IMDB_ID></IMDB_ID>
  <Language>en</Language>
  <Overview>Mainframe begins to crash around them and users from games played break out into mainframe. Matrix meets up with an enemy from his past.</Overview>
  <ProductionCode>v3.4.3</ProductionCode>
  <Rating>7.0</Rating>
  <RatingCount>1</RatingCount>
  <SeasonNumber>3</SeasonNumber>
  <Writer>|Mark Wolfman|</Writer>
  <absolute_number></absolute_number>
  <filename>episodes/73025/105451.jpg</filename>
  <lastupdated>1329031378</lastupdated>
  <seasonid>5165</seasonid>
  <seriesid>73025</seriesid>
</Episode>
<Episode>
  <id>105452</id>
  <Combined_episodenumber>16</Combined_episodenumber>
  <Combined_season>3</Combined_season>
  <DVD_chapter></DVD_chapter>
  <DVD_discid></DVD_discid>
  <DVD_episodenumber></DVD_episodenumber>
  <DVD_season></DVD_season>
  <Director>|Andrew Duncan|Ian Pearson|Dan DiDio|Len Wein|Phil Mitchell|</Director>
  <EpImgFlag>1</EpImgFlag>
  <EpisodeName>End Prog (4)</EpisodeName>
  <EpisodeNumber>16</EpisodeNumber>
  <FirstAired>1999-05-06</FirstAired>
  <GuestStars>|Miles Ramsay|Erica Northcott|Jane Mortifee|Gord Maxwell|Steve Maddock|Tanya Hancheroff|</GuestStars>
  <IMDB_ID></IMDB_ID>
  <Language>en</Language>
  <Overview>Mainframe is all but destroyed and Bob realises that their only hope lies in the user.</Overview>
  <ProductionCode>v3.4.4</ProductionCode>
  <Rating>7.0</Rating>
  <RatingCount>1</RatingCount>
  <SeasonNumber>3</SeasonNumber>
  <Writer>|Mark Wolfman|</Writer>
  <absolute_number></absolute_number>
  <filename>episodes/73025/105452.jpg</filename>
  <lastupdated>1329031390</lastupdated>
  <seasonid>5165</seasonid>
  <seriesid>73025</seriesid>
</Episode>
<Episode>
  <id>105453</id>
  <Combined_episodenumber>1</Combined_episodenumber>
  <Combined_season>4</Combined_season>
  <DVD_chapter></DVD_chapter>
  <DVD_discid></DVD_discid>
  <DVD_episodenumber></DVD_episodenumber>
  <DVD_season></DVD_season>
  <Director>|George Roman Samilski|</Director>
  <EpImgFlag>1</EpImgFlag>
  <EpisodeName>Daemon Rising (1)</EpisodeName>
  <EpisodeNumber>1</EpisodeNumber>
  <FirstAired>2001-10-19</FirstAired>
  <GuestStars>|Colombe Demers|</GuestStars>
  <IMDB_ID></IMDB_ID>
  <Language>en</Language>
  <Overview>The citizens of Mainframe start to battle the supervirus Daemon who has infected 92% of the Net. Bob is horrified to discover that she has infected all the other guardians.</Overview>
  <ProductionCode>v4.1.1</ProductionCode>
  <Rating>7.0</Rating>
  <RatingCount>1</RatingCount>
  <SeasonNumber>4</SeasonNumber>
  <Writer>|Ian Pearson|Gavin Blair|Ian Weir|</Writer>
  <absolute_number></absolute_number>
  <filename>episodes/73025/105453.jpg</filename>
  <lastupdated>1329031429</lastupdated>
  <seasonid>5166</seasonid>
  <seriesid>73025</seriesid>
</Episode>
<Episode>
  <id>105454</id>
  <Combined_episodenumber>2</Combined_episodenumber>
  <Combined_season>4</Combined_season>
  <DVD_chapter></DVD_chapter>
  <DVD_discid></DVD_discid>
  <DVD_episodenumber></DVD_episodenumber>
  <DVD_season></DVD_season>
  <Director></Director>
  <EpImgFlag>1</EpImgFlag>
  <EpisodeName>Cross Nodes (2)</EpisodeName>
  <EpisodeNumber>2</EpisodeNumber>
  <FirstAired>2001-10-10</FirstAired>
  <GuestStars>|Colombe Demers|</GuestStars>
  <IMDB_ID></IMDB_ID>
  <Language>en</Language>
  <Overview>The battle against Daemon continues, Hexadecimal turns into a sprite, we learn more of the character's pasts, the nulls form an old friend, and Turbo has been infected by Daemon.</Overview>
  <ProductionCode>v4.1.2</ProductionCode>
  <Rating>7.0</Rating>
  <RatingCount>1</RatingCount>
  <SeasonNumber>4</SeasonNumber>
  <Writer></Writer>
  <absolute_number></absolute_number>
  <filename>episodes/73025/105454.jpg</filename>
  <lastupdated>1329031437</lastupdated>
  <seasonid>5166</seasonid>
  <seriesid>73025</seriesid>
</Episode>
<Episode>
  <id>105455</id>
  <Combined_episodenumber>3</Combined_episodenumber>
  <Combined_season>4</Combined_season>
  <DVD_chapter></DVD_chapter>
  <DVD_discid></DVD_discid>
  <DVD_episodenumber></DVD_episodenumber>
  <DVD_season></DVD_season>
  <Director></Director>
  <EpImgFlag>1</EpImgFlag>
  <EpisodeName>What's Love Got To Do With It? (3)</EpisodeName>
  <EpisodeNumber>3</EpisodeNumber>
  <FirstAired>2001-10-26</FirstAired>
  <GuestStars>|Colombe Demers|</GuestStars>
  <IMDB_ID></IMDB_ID>
  <Language>en</Language>
  <Overview>Daemon continues to infect more and more citizens of Mainframe, we discover more about Bob's past and his first coming to Mainframe, Bob's condition worsens, and Daemon learns about love.</Overview>
  <ProductionCode>v4.1.3</ProductionCode>
  <Rating>7.0</Rating>
  <RatingCount>1</RatingCount>
  <SeasonNumber>4</SeasonNumber>
  <Writer></Writer>
  <absolute_number></absolute_number>
  <filename>episodes/73025/105455.jpg</filename>
  <lastupdated>1329031447</lastupdated>
  <seasonid>5166</seasonid>
  <seriesid>73025</seriesid>
</Episode>
<Episode>
  <id>105456</id>
  <Combined_episodenumber>4</Combined_episodenumber>
  <Combined_season>4</Combined_season>
  <DVD_chapter></DVD_chapter>
  <DVD_discid></DVD_discid>
  <DVD_episodenumber></DVD_episodenumber>
  <DVD_season></DVD_season>
  <Director></Director>
  <EpImgFlag>1</EpImgFlag>
  <EpisodeName>Sacrifice (4)</EpisodeName>
  <EpisodeNumber>4</EpisodeNumber>
  <FirstAired>2001-11-02</FirstAired>
  <GuestStars></GuestStars>
  <IMDB_ID></IMDB_ID>
  <Language>en</Language>
  <Overview>Daemon finally infects all of Mainframe except for Little Enzo, Hack, Slash, and Frisket, who were in a game cube. Hexadecimal makes the ultimate sacrifice.</Overview>
  <ProductionCode>v4.1.4</ProductionCode>
  <Rating>7.0</Rating>
  <RatingCount>1</RatingCount>
  <SeasonNumber>4</SeasonNumber>
  <Writer></Writer>
  <absolute_number></absolute_number>
  <filename>episodes/73025/105456.jpg</filename>
  <lastupdated>1329031457</lastupdated>
  <seasonid>5166</seasonid>
  <seriesid>73025</seriesid>
</Episode>
<Episode>
  <id>105457</id>
  <Combined_episodenumber>5</Combined_episodenumber>
  <Combined_season>4</Combined_season>
  <DVD_chapter></DVD_chapter>
  <DVD_discid></DVD_discid>
  <DVD_episodenumber></DVD_episodenumber>
  <DVD_season></DVD_season>
  <Director></Director>
  <EpImgFlag>1</EpImgFlag>
  <EpisodeName>My Two Bobs (1)</EpisodeName>
  <EpisodeNumber>5</EpisodeNumber>
  <FirstAired>2001-11-09</FirstAired>
  <GuestStars></GuestStars>
  <IMDB_ID></IMDB_ID>
  <Language>en</Language>
  <Overview>The two bobs try to figure out which is the original and which is the copy. Dot can't decide which one to choose. A game cube drops placing Matrix, Frisket and Normal Bob into a Pokemon style game.</Overview>
  <ProductionCode>v4.2.1</ProductionCode>
  <Rating>8.0</Rating>
  <RatingCount>1</RatingCount>
  <SeasonNumber>4</SeasonNumber>
  <Writer></Writer>
  <absolute_number></absolute_number>
  <filename>episodes/73025/105457.jpg</filename>
  <lastupdated>1329031467</lastupdated>
  <seasonid>5166</seasonid>
  <seriesid>73025</seriesid>
</Episode>
<Episode>
  <id>105458</id>
  <Combined_episodenumber>6</Combined_episodenumber>
  <Combined_season>4</Combined_season>
  <DVD_chapter></DVD_chapter>
  <DVD_discid></DVD_discid>
  <DVD_episodenumber></DVD_episodenumber>
  <DVD_season></DVD_season>
  <Director></Director>
  <EpImgFlag>1</EpImgFlag>
  <EpisodeName>Life's a Glitch (2)</EpisodeName>
  <EpisodeNumber>6</EpisodeNumber>
  <FirstAired>2001-11-16</FirstAired>
  <GuestStars></GuestStars>
  <IMDB_ID></IMDB_ID>
  <Language>en</Language>
  <Overview>While most of the gang battle Rocky The Rabid Raccoon in a game, Glitch Bob struggles to find a way to separate himself from glitch, and Dot follows her heart.</Overview>
  <ProductionCode>v4.2.2</ProductionCode>
  <Rating>7.0</Rating>
  <RatingCount>1</RatingCount>
  <SeasonNumber>4</SeasonNumber>
  <Writer></Writer>
  <absolute_number></absolute_number>
  <filename>episodes/73025/105458.jpg</filename>
  <lastupdated>1329031480</lastupdated>
  <seasonid>5166</seasonid>
  <seriesid>73025</seriesid>
</Episode>
<Episode>
  <id>105459</id>
  <Combined_episodenumber>7</Combined_episodenumber>
  <Combined_season>4</Combined_season>
  <DVD_chapter></DVD_chapter>
  <DVD_discid></DVD_discid>
  <DVD_episodenumber></DVD_episodenumber>
  <DVD_season></DVD_season>
  <Director></Director>
  <EpImgFlag>1</EpImgFlag>
  <EpisodeName>Null-Bot of the Bride (3)</EpisodeName>
  <EpisodeNumber>7</EpisodeNumber>
  <FirstAired>2001-11-23</FirstAired>
  <GuestStars></GuestStars>
  <IMDB_ID></IMDB_ID>
  <Language>en</Language>
  <Overview>Dot prepares for her wedding with Normal Bob, Glitch Bob remains comatose in the super computer, and Glitch finally reveals the identity of the real Bob.</Overview>
  <ProductionCode>v4.2.3</ProductionCode>
  <Rating>7.0</Rating>
  <RatingCount>1</RatingCount>
  <SeasonNumber>4</SeasonNumber>
  <Writer></Writer>
  <absolute_number></absolute_number>
  <filename>episodes/73025/105459.jpg</filename>
  <lastupdated>1329031489</lastupdated>
  <seasonid>5166</seasonid>
  <seriesid>73025</seriesid>
</Episode>
<Episode>
  <id>105460</id>
  <Combined_episodenumber>8</Combined_episodenumber>
  <Combined_season>4</Combined_season>
  <DVD_chapter></DVD_chapter>
  <DVD_discid></DVD_discid>
  <DVD_episodenumber></DVD_episodenumber>
  <DVD_season></DVD_season>
  <Director></Director>
  <EpImgFlag>1</EpImgFlag>
  <EpisodeName>Crouching Binome, Hidden Virus (4)</EpisodeName>
  <EpisodeNumber>8</EpisodeNumber>
  <FirstAired>2001-11-30</FirstAired>
  <GuestStars>|Tony Jay|</GuestStars>
  <IMDB_ID></IMDB_ID>
  <Language>en</Language>
  <Overview>Megabyte, now able to shift form, rampages through mainframe, but Bob insists his theories on turning a virus good will work.</Overview>
  <ProductionCode>v4.2.4</ProductionCode>
  <Rating>7.0</Rating>
  <RatingCount>1</RatingCount>
  <SeasonNumber>4</SeasonNumber>
  <Writer></Writer>
  <absolute_number></absolute_number>
  <filename>episodes/73025/105460.jpg</filename>
  <lastupdated>1329031498</lastupdated>
  <seasonid>5166</seasonid>
  <seriesid>73025</seriesid>
</Episode>
<Episode>
  <id>424034</id>
  <Combined_episodenumber>9</Combined_episodenumber>
  <Combined_season>4</Combined_season>
  <DVD_chapter></DVD_chapter>
  <DVD_discid></DVD_discid>
  <DVD_episodenumber></DVD_episodenumber>
  <DVD_season></DVD_season>
  <Director></Director>
  <EpImgFlag>2</EpImgFlag>
  <EpisodeName>Daemon Rising: The Movie (S04E01-S04E04)</EpisodeName>
  <EpisodeNumber>9</EpisodeNumber>
  <FirstAired></FirstAired>
  <GuestStars></GuestStars>
  <IMDB_ID></IMDB_ID>
  <Language>en</Language>
  <Overview>Looks like Bob and his fellow computer Sprites may have finally met their match. Supervirus Daemon is spreading her infection throughout the entire Net and edging ever closer to the City of Mainframe. Bob joins forces with old enemies in an attempt to foil her destruction of Mainframe and must reach into the past to find the answer.</Overview>
  <ProductionCode></ProductionCode>
  <Rating></Rating>
  <RatingCount>0</RatingCount>
  <SeasonNumber>4</SeasonNumber>
  <Writer></Writer>
  <absolute_number></absolute_number>
  <filename>episodes/73025/424034.jpg</filename>
  <lastupdated>1353287170</lastupdated>
  <seasonid>5166</seasonid>
  <seriesid>73025</seriesid>
</Episode>
<Episode>
  <id>424035</id>
  <Combined_episodenumber>10</Combined_episodenumber>
  <Combined_season>4</Combined_season>
  <DVD_chapter></DVD_chapter>
  <DVD_discid></DVD_discid>
  <DVD_episodenumber></DVD_episodenumber>
  <DVD_season></DVD_season>
  <Director></Director>
  <EpImgFlag>2</EpImgFlag>
  <EpisodeName>My Two Bobs: The Movie (S04E05-S04E08)</EpisodeName>
  <EpisodeNumber>10</EpisodeNumber>
  <FirstAired></FirstAired>
  <GuestStars></GuestStars>
  <IMDB_ID></IMDB_ID>
  <Language>en</Language>
  <Overview>Will the real Bob please step forward? There might not be a virus, but life's still interesting in Mainframe when a second Bob comes on the scene. No one knows which is which - including the two Bobs. With wedding preparations underway, Dot can't decide who to marry and turns to her friends for assistance. Meanwhile, an old enemy returns to the system and only one of the Sprites can save the Mainframe inhabitants.</Overview>
  <ProductionCode></ProductionCode>
  <Rating></Rating>
  <RatingCount>0</RatingCount>
  <SeasonNumber>4</SeasonNumber>
  <Writer></Writer>
  <absolute_number></absolute_number>
  <filename>episodes/73025/424035.jpg</filename>
  <lastupdated>1353287187</lastupdated>
  <seasonid>5166</seasonid>
  <seriesid>73025</seriesid>
</Episode>
</Data>