<?xml version="1.0" encoding="UTF-8" ?>
<Actors>
<Actor>
  <id>88511</id>
  <Image>actors/88511.jpg</Image>
  <Name>Will Arnett</Name>
  <Role>Ennis Hofftard</Role>
  <SortOrder>0</SortOrder>
</Actor>
<Actor>
  <id>88521</id>
  <Image>actors/88521.jpg</Image>
  <Name>Jason Bateman</Name>
  <Role>Larry Littlejunk</Role>
  <SortOrder>1</SortOrder>
</Actor>
<Actor>
  <id>88531</id>
  <Image>actors/88531.jpg</Image>
  <Name>Kristin Chenoweth</Name>
  <Role>Miracle Grohe</Role>
  <SortOrder>2</SortOrder>
</Actor>
<Actor>
  <id>88591</id>
  <Image>actors/88591.jpg</Image>
  <Name>Henry Winkler</Name>
  <Role>Willard Deutschebog</Role>
  <SortOrder>3</SortOrder>
</Actor>
<Actor>
  <id>88581</id>
  <Image>actors/88581.jpg</Image>
  <Name>Kenan Thompson</Name>
  <Role>Sue Sezno</Role>
  <SortOrder>3</SortOrder>
</Actor>
<Actor>
  <id>88571</id>
  <Image>actors/88571.jpg</Image>
  <Name>Cheri Oteri</Name>
  <Role>Helen Klench</Role>
  <SortOrder>3</SortOrder>
</Actor>
<Actor>
  <id>88561</id>
  <Image>actors/88561.jpg</Image>
  <Name>Nick Kroll</Name>
  <Role>Andrew LeGustambos</Role>
  <SortOrder>3</SortOrder>
</Actor>
<Actor>
  <id>88551</id>
  <Image>actors/88551.jpg</Image>
  <Name>Tom Kenny</Name>
  <Role>Muhannad Sabeeh &quot;Happy&quot; Fa-ach Nuabar</Role>
  <SortOrder>3</SortOrder>
</Actor>
<Actor>
  <id>88541</id>
  <Image>actors/88541.jpg</Image>
  <Name>Will Forte</Name>
  <Role>Stuart Proszakian</Role>
  <SortOrder>3</SortOrder>
</Actor>
</Actors>