<?xml version="1.0" encoding="UTF-8" ?>
<Data><Series>
  <id>90571</id>
  <Actors>|Will Arnett|Jason Bateman|Kristin Chenoweth|Henry Winkler|Kenan Thompson|Cheri Oteri|Nick Kroll|Tom Kenny|Will Forte|</Actors>
  <Airs_DayOfWeek>Sunday</Airs_DayOfWeek>
  <Airs_Time>08:30 pm</Airs_Time>
  <ContentRating>TV-14</ContentRating>
  <FirstAired>2009-04-19</FirstAired>
  <Genre>|Animation|Comedy|</Genre>
  <IMDB_ID>tt1232266</IMDB_ID>
  <Language>en</Language>
  <Network>FOX</Network>
  <NetworkID></NetworkID>
  <Overview>Sit Down, Shut Up is an animated comedy about the lives of eight staff members at a high school in a small northeastern fishing town. Sue Sezno (Kenan Thompson) is the acting principal -- the principal is recovering from a series of escape attempts unfortunate accidents -- and a woman who frequently says &quot;no.&quot; Next in line is vice principal Stuart Prozackian (Will Forte) who has a never ending positive and upbeat attitude, most likely due to performance-enhancing medication the other teachers secretly put him on. It's been said that those who can teach teach gym, and that saying sums up the life of Larry Slimp (Jason Bateman), who has been exiled to the gym. Larry has a crush on Miracle Grohe (Maria Bamford), the science teacher who balances science with her superficial grasp on spirituality. Rounding out the staff is Willard Deutschebog (Henry Winkler), an aging German teacher; Helen Klench (Cheri Oteri), the uptight librarian angered that her life's work in research and archiving can be outdone by a simple Google search; Andrew Sapien (Nick Kroll), the flamboyant drama teacher; Ennis Hofftard (Will Arnett), a self-obsessed body builder; and Happy (Tom Kenny), the custodian. </Overview>
  <Rating>6.3</Rating>
  <RatingCount>8</RatingCount>
  <Runtime>30</Runtime>
  <SeriesID>75287</SeriesID>
  <SeriesName>Sit Down, Shut Up</SeriesName>
  <Status>Ended</Status>
  <added>2009-04-19 18:17:34</added>
  <addedBy>6537</addedBy>
  <banner>graphical/90571-g3.jpg</banner>
  <fanart>fanart/original/90571-3.jpg</fanart>
  <lastupdated>1284884473</lastupdated>
  <poster>posters/90571-2.jpg</poster>
  <zap2it_id></zap2it_id>
</Series>
<Episode>
  <id>560891</id>
  <Combined_episodenumber>1</Combined_episodenumber>
  <Combined_season>1</Combined_season>
  <DVD_chapter></DVD_chapter>
  <DVD_discid></DVD_discid>
  <DVD_episodenumber></DVD_episodenumber>
  <DVD_season></DVD_season>
  <Director>Dwayne Carey-Hill</Director>
  <EpImgFlag>2</EpImgFlag>
  <EpisodeName>Pilot</EpisodeName>
  <EpisodeNumber>1</EpisodeNumber>
  <FirstAired>2009-04-19</FirstAired>
  <GuestStars></GuestStars>
  <IMDB_ID></IMDB_ID>
  <Language>en</Language>
  <Overview>Knob Haven High School is in financial trouble, and Acting Principal Sue Sezno must win the upcoming football game to gain alumni donations or face firing a faculty member. Meanwhile, a scandal erupts when pills confiscated from a student’s locker becomes a part of Vice Principal Stuart Proszakian’s daily diet.</Overview>
  <ProductionCode>SIT-101</ProductionCode>
  <Rating>7.3</Rating>
  <RatingCount>4</RatingCount>
  <SeasonNumber>1</SeasonNumber>
  <Writer>Mitch Hurwitz</Writer>
  <absolute_number></absolute_number>
  <filename>episodes/90571/560891.jpg</filename>
  <lastupdated>1240244736</lastupdated>
  <seasonid>55231</seasonid>
  <seriesid>90571</seriesid>
</Episode>
<Episode>
  <id>560901</id>
  <Combined_episodenumber>2</Combined_episodenumber>
  <Combined_season>1</Combined_season>
  <DVD_chapter></DVD_chapter>
  <DVD_discid></DVD_discid>
  <DVD_episodenumber></DVD_episodenumber>
  <DVD_season></DVD_season>
  <Director>Raymie Muzquiz</Director>
  <EpImgFlag>2</EpImgFlag>
  <EpisodeName>Miracle's Are Real</EpisodeName>
  <EpisodeNumber>2</EpisodeNumber>
  <FirstAired>2009-04-26</FirstAired>
  <GuestStars></GuestStars>
  <IMDB_ID></IMDB_ID>
  <Language>en</Language>
  <Overview>To celebrate the first day of spring, Miracle distributes flowers (at least she thinks so) to the staff. The flowers turn out to be hemlock, and Andrew winds up in a coma. Larry’s pragmatism causes Miracle to lose her hippy-dippy spirituality. As a result, Miracle becomes despondent, and it’s up to Larry to help her regain her faith. Meanwhile, Helen’s grudge against Sue puts the school’s spring fundraiser in jeopardy.</Overview>
  <ProductionCode>SIT-102</ProductionCode>
  <Rating>7.7</Rating>
  <RatingCount>3</RatingCount>
  <SeasonNumber>1</SeasonNumber>
  <Writer>Mitch Hurwitz|Jim Vallely</Writer>
  <absolute_number></absolute_number>
  <filename>episodes/90571/560901.jpg</filename>
  <lastupdated>1241268810</lastupdated>
  <seasonid>55231</seasonid>
  <seriesid>90571</seriesid>
</Episode>
<Episode>
  <id>560911</id>
  <Combined_episodenumber>3</Combined_episodenumber>
  <Combined_season>1</Combined_season>
  <DVD_chapter></DVD_chapter>
  <DVD_discid></DVD_discid>
  <DVD_episodenumber></DVD_episodenumber>
  <DVD_season></DVD_season>
  <Director>Frank Marino</Director>
  <EpImgFlag>2</EpImgFlag>
  <EpisodeName>World's Greatest Teacher</EpisodeName>
  <EpisodeNumber>3</EpisodeNumber>
  <FirstAired>2009-05-03</FirstAired>
  <GuestStars></GuestStars>
  <IMDB_ID></IMDB_ID>
  <Language>en</Language>
  <Overview>When Knob Haven High School has a chance to become a “distinguished school,” Larry volunteers to give a speech to the school board in hopes of impressing Miracle. All looks good for Larry until a video of Ennis surfaces online and Principal Sezno replaces him. Meanwhile, Willard volunteers to teach Driver’s Ed in hopes of overcoming his fear of driving.</Overview>
  <ProductionCode>SIT-103</ProductionCode>
  <Rating>7.0</Rating>
  <RatingCount>2</RatingCount>
  <SeasonNumber>1</SeasonNumber>
  <Writer>Alex Herschlag</Writer>
  <absolute_number></absolute_number>
  <filename>episodes/90571/560911.jpg</filename>
  <lastupdated>1241433927</lastupdated>
  <seasonid>55231</seasonid>
  <seriesid>90571</seriesid>
</Episode>
<Episode>
  <id>560921</id>
  <Combined_episodenumber>4</Combined_episodenumber>
  <Combined_season>1</Combined_season>
  <DVD_chapter></DVD_chapter>
  <DVD_discid></DVD_discid>
  <DVD_episodenumber></DVD_episodenumber>
  <DVD_season></DVD_season>
  <Director>Stephen Sandoval</Director>
  <EpImgFlag>2</EpImgFlag>
  <EpisodeName>Back In Time</EpisodeName>
  <EpisodeNumber>4</EpisodeNumber>
  <FirstAired>2009-05-10</FirstAired>
  <GuestStars></GuestStars>
  <IMDB_ID></IMDB_ID>
  <Language>en</Language>
  <Overview>In an effort to impress the PTA, the faculty and staff of Knob Haven High School throw a party at Huey Lewis’ house. In true John Hughes fashion, the teachers decide to shake it up: Larry tries to get Miracle’s attention with his “interesting” date, Helen attempts to reinvent herself, Andrew finds his true identity and Willard goes on a booze run in a DeLorean that takes him across town and the time-space continuum in this homage to the ‘80s.</Overview>
  <ProductionCode>SIT-104</ProductionCode>
  <Rating>8.0</Rating>
  <RatingCount>1</RatingCount>
  <SeasonNumber>1</SeasonNumber>
  <Writer>John Aboud|Michael Colton</Writer>
  <absolute_number></absolute_number>
  <filename>episodes/90571/560921.jpg</filename>
  <lastupdated>1242095068</lastupdated>
  <seasonid>55231</seasonid>
  <seriesid>90571</seriesid>
</Episode>
<Episode>
  <id>560931</id>
  <Combined_episodenumber>5</Combined_episodenumber>
  <Combined_season>1</Combined_season>
  <DVD_chapter></DVD_chapter>
  <DVD_discid></DVD_discid>
  <DVD_episodenumber></DVD_episodenumber>
  <DVD_season></DVD_season>
  <Director>Dwayne Carey-Hill</Director>
  <EpImgFlag>2</EpImgFlag>
  <EpisodeName>High School Confidential</EpisodeName>
  <EpisodeNumber>5</EpisodeNumber>
  <FirstAired>2009-09-12</FirstAired>
  <GuestStars></GuestStars>
  <IMDB_ID></IMDB_ID>
  <Language>en</Language>
  <Overview>Vice Principal Prozackian is put in charge of the student newspaper, and runs a report that reveals that Miracle never graduated from high school. Meanwhile, Ennis gets stuck in the windshield of Principal Sezno's car and believes he's a half-man, half-machine superhero named &quot;Sedanimal&quot;.</Overview>
  <ProductionCode>SIT-108</ProductionCode>
  <Rating>7.0</Rating>
  <RatingCount>1</RatingCount>
  <SeasonNumber>1</SeasonNumber>
  <Writer>Aisha Muharrar</Writer>
  <absolute_number></absolute_number>
  <filename>episodes/90571/560931.jpg</filename>
  <lastupdated>1255264081</lastupdated>
  <seasonid>55231</seasonid>
  <seriesid>90571</seriesid>
</Episode>
<Episode>
  <id>1090661</id>
  <Combined_episodenumber>6</Combined_episodenumber>
  <Combined_season>1</Combined_season>
  <DVD_chapter></DVD_chapter>
  <DVD_discid></DVD_discid>
  <DVD_episodenumber></DVD_episodenumber>
  <DVD_season></DVD_season>
  <Director>Ray Claffey</Director>
  <EpImgFlag>2</EpImgFlag>
  <EpisodeName>Taming of the Dude</EpisodeName>
  <EpisodeNumber>6</EpisodeNumber>
  <FirstAired>2009-09-19</FirstAired>
  <GuestStars></GuestStars>
  <IMDB_ID></IMDB_ID>
  <Language>en</Language>
  <Overview>Larry meets a woman from Ennis's past. Meanwhile, Miracle shares a deadly secret with Principal Sezno.</Overview>
  <ProductionCode>SIT-112</ProductionCode>
  <Rating>8.0</Rating>
  <RatingCount>1</RatingCount>
  <SeasonNumber>1</SeasonNumber>
  <Writer>Michael Colton|John Aboud</Writer>
  <absolute_number></absolute_number>
  <filename>episodes/90571/1090661.jpg</filename>
  <lastupdated>1256631164</lastupdated>
  <seasonid>55231</seasonid>
  <seriesid>90571</seriesid>
</Episode>
<Episode>
  <id>1120251</id>
  <Combined_episodenumber>7</Combined_episodenumber>
  <Combined_season>1</Combined_season>
  <DVD_chapter></DVD_chapter>
  <DVD_discid></DVD_discid>
  <DVD_episodenumber></DVD_episodenumber>
  <DVD_season></DVD_season>
  <Director>Raymie Muzquiz</Director>
  <EpImgFlag>2</EpImgFlag>
  <EpisodeName>Hurricane Willard</EpisodeName>
  <EpisodeNumber>7</EpisodeNumber>
  <FirstAired>2009-09-26</FirstAired>
  <GuestStars></GuestStars>
  <IMDB_ID></IMDB_ID>
  <Language>en</Language>
  <Overview>When a hurricane heads for Knob Haven, the high school becomes the town's shelter for those who've lost their homes.</Overview>
  <ProductionCode>SIT-109</ProductionCode>
  <Rating>7.0</Rating>
  <RatingCount>1</RatingCount>
  <SeasonNumber>1</SeasonNumber>
  <Writer>Aaron Ehasz</Writer>
  <absolute_number></absolute_number>
  <filename>episodes/90571/1120251.jpg</filename>
  <lastupdated>1256631193</lastupdated>
  <seasonid>55231</seasonid>
  <seriesid>90571</seriesid>
</Episode>
<Episode>
  <id>1143041</id>
  <Combined_episodenumber>8</Combined_episodenumber>
  <Combined_season>1</Combined_season>
  <DVD_chapter></DVD_chapter>
  <DVD_discid></DVD_discid>
  <DVD_episodenumber></DVD_episodenumber>
  <DVD_season></DVD_season>
  <Director>Frank Marino</Director>
  <EpImgFlag>2</EpImgFlag>
  <EpisodeName>Mr. Hofftard Goes to Washington</EpisodeName>
  <EpisodeNumber>8</EpisodeNumber>
  <FirstAired>2009-10-03</FirstAired>
  <GuestStars></GuestStars>
  <IMDB_ID></IMDB_ID>
  <Language>en</Language>
  <Overview>On a field trip to the nation’s capital, Sue Sezno ditches the teachers in order to testify in a Senate hearing. In an effort to prevent her from going on record stating Knob Haven High School is the worst school in the country, the staff splits up and races to stop her. Meanwhile, Ennis’s journey becomes personal when he decides to prove his bravery.</Overview>
  <ProductionCode>SIT-110</ProductionCode>
  <Rating>7.0</Rating>
  <RatingCount>1</RatingCount>
  <SeasonNumber>1</SeasonNumber>
  <Writer>Dan Fybel|Rich Rinaldi</Writer>
  <absolute_number></absolute_number>
  <filename>episodes/90571/1143041.jpg</filename>
  <lastupdated>1256631207</lastupdated>
  <seasonid>55231</seasonid>
  <seriesid>90571</seriesid>
</Episode>
<Episode>
  <id>1143051</id>
  <Combined_episodenumber>9</Combined_episodenumber>
  <Combined_season>1</Combined_season>
  <DVD_chapter></DVD_chapter>
  <DVD_discid></DVD_discid>
  <DVD_episodenumber></DVD_episodenumber>
  <DVD_season></DVD_season>
  <Director>Crystal Chesney-Thompson</Director>
  <EpImgFlag>2</EpImgFlag>
  <EpisodeName>Tackin'</EpisodeName>
  <EpisodeNumber>9</EpisodeNumber>
  <FirstAired>2009-10-10</FirstAired>
  <GuestStars></GuestStars>
  <IMDB_ID></IMDB_ID>
  <Language>en</Language>
  <Overview>When Larry hears from the Deep South Council of Physical Fitness, he attempts to remove all the junk food from the school to help the kids get fit. Willard convinces Larry to give him all the junk food, and as a result, suffers an unfortunate heart attack. When he awakens, he shares his amazing journey and causes an unexpected frenzy.</Overview>
  <ProductionCode>SIT-113</ProductionCode>
  <Rating>6.0</Rating>
  <RatingCount>1</RatingCount>
  <SeasonNumber>1</SeasonNumber>
  <Writer>Richard Day</Writer>
  <absolute_number></absolute_number>
  <filename>episodes/90571/1143051.jpg</filename>
  <lastupdated>1258851839</lastupdated>
  <seasonid>55231</seasonid>
  <seriesid>90571</seriesid>
</Episode>
<Episode>
  <id>1169621</id>
  <Combined_episodenumber>10</Combined_episodenumber>
  <Combined_season>1</Combined_season>
  <DVD_chapter></DVD_chapter>
  <DVD_discid></DVD_discid>
  <DVD_episodenumber></DVD_episodenumber>
  <DVD_season></DVD_season>
  <Director>Peter Avanzino</Director>
  <EpImgFlag>2</EpImgFlag>
  <EpisodeName>Helen and Sue's High School Reunion</EpisodeName>
  <EpisodeNumber>10</EpisodeNumber>
  <FirstAired>2008-10-24</FirstAired>
  <GuestStars>Alanis Morissette</GuestStars>
  <IMDB_ID></IMDB_ID>
  <Language>en</Language>
  <Overview>When Larry plans Knob Haven High School's reunion, he persuades Alanis Morissette to attend so that Helen and Sue's all-girl band, the &quot;Knob Girlzz,&quot; can reunite for a special performance. Meanwhile, Andrew plots revenge against Jose Canseco, Larry seeks his long lost mermaid love and Ennis tries to stop Happy from planning what he thinks is a terrorist attack.</Overview>
  <ProductionCode>SIT-107</ProductionCode>
  <Rating>8.0</Rating>
  <RatingCount>1</RatingCount>
  <SeasonNumber>1</SeasonNumber>
  <Writer>Alex Herschlag</Writer>
  <absolute_number></absolute_number>
  <filename>episodes/90571/1169621.jpg</filename>
  <lastupdated>1258851884</lastupdated>
  <seasonid>55231</seasonid>
  <seriesid>90571</seriesid>
</Episode>
<Episode>
  <id>1189301</id>
  <Combined_episodenumber>11</Combined_episodenumber>
  <Combined_season>1</Combined_season>
  <DVD_chapter></DVD_chapter>
  <DVD_discid></DVD_discid>
  <DVD_episodenumber></DVD_episodenumber>
  <DVD_season></DVD_season>
  <Director>Crystal Chesney-Thompson</Director>
  <EpImgFlag>2</EpImgFlag>
  <EpisodeName>Math Lab</EpisodeName>
  <EpisodeNumber>11</EpisodeNumber>
  <FirstAired>2009-11-07</FirstAired>
  <GuestStars></GuestStars>
  <IMDB_ID></IMDB_ID>
  <Language>en</Language>
  <Overview>Stuart misunderstands his part in Knob Haven High’s anti-drug campaign and builds a meth lab instead of a math lab. Meanwhile, Larry takes the school’s affiliation with a pharmaceutical company a little too seriously. </Overview>
  <ProductionCode>SIT-106</ProductionCode>
  <Rating>7.5</Rating>
  <RatingCount>2</RatingCount>
  <SeasonNumber>1</SeasonNumber>
  <Writer>Laura Gutin</Writer>
  <absolute_number></absolute_number>
  <filename>episodes/90571/1189301.jpg</filename>
  <lastupdated>1258851901</lastupdated>
  <seasonid>55231</seasonid>
  <seriesid>90571</seriesid>
</Episode>
<Episode>
  <id>1189311</id>
  <Combined_episodenumber>12</Combined_episodenumber>
  <Combined_season>1</Combined_season>
  <DVD_chapter></DVD_chapter>
  <DVD_discid></DVD_discid>
  <DVD_episodenumber></DVD_episodenumber>
  <DVD_season></DVD_season>
  <Director>Ray Claffey</Director>
  <EpImgFlag>1</EpImgFlag>
  <EpisodeName>SpEd</EpisodeName>
  <EpisodeNumber>12</EpisodeNumber>
  <FirstAired>2009-11-14</FirstAired>
  <GuestStars></GuestStars>
  <IMDB_ID></IMDB_ID>
  <Language>en</Language>
  <Overview>When Ennis proctors a test for gifted students, he accidentally sends the kids off in a trailer into the harbor. Meanwhile, Willard tries to protect Stuart from getting conned. </Overview>
  <ProductionCode>SIT-105</ProductionCode>
  <Rating>7.0</Rating>
  <RatingCount>1</RatingCount>
  <SeasonNumber>1</SeasonNumber>
  <Writer>Dan Fybel|Rich Rinaldi</Writer>
  <absolute_number></absolute_number>
  <filename>episodes/90571/1189311.jpg</filename>
  <lastupdated>1258941982</lastupdated>
  <seasonid>55231</seasonid>
  <seriesid>90571</seriesid>
</Episode>
<Episode>
  <id>1189321</id>
  <Combined_episodenumber>13</Combined_episodenumber>
  <Combined_season>1</Combined_season>
  <DVD_chapter></DVD_chapter>
  <DVD_discid></DVD_discid>
  <DVD_episodenumber></DVD_episodenumber>
  <DVD_season></DVD_season>
  <Director></Director>
  <EpImgFlag>1</EpImgFlag>
  <EpisodeName>High School Musical Musical</EpisodeName>
  <EpisodeNumber>13</EpisodeNumber>
  <FirstAired>2009-11-21</FirstAired>
  <GuestStars></GuestStars>
  <IMDB_ID></IMDB_ID>
  <Language>en</Language>
  <Overview>When Sue gives Andrew an ultimatum to turn around the drama department, he writes a musical starring the teachers. Meanwhile, Sue discovers that Ennis is smartest when he is intoxicated. </Overview>
  <ProductionCode>SIT-111</ProductionCode>
  <Rating>8.0</Rating>
  <RatingCount>1</RatingCount>
  <SeasonNumber>1</SeasonNumber>
  <Writer></Writer>
  <absolute_number></absolute_number>
  <filename>episodes/90571/1189321.jpg</filename>
  <lastupdated>1258938735</lastupdated>
  <seasonid>55231</seasonid>
  <seriesid>90571</seriesid>
</Episode>
</Data>