<?xml version="1.0" encoding="UTF-8" ?>
<Actors>
<Actor>
  <id>28338</id>
  <Image>actors/28338.jpg</Image>
  <Name>Felicity Huffman</Name>
  <Role>Lynette Scavo</Role>
  <SortOrder>0</SortOrder>
</Actor>
<Actor>
  <id>28337</id>
  <Image>actors/28337.jpg</Image>
  <Name>Marcia Cross</Name>
  <Role>Bree Van De Kamp</Role>
  <SortOrder>0</SortOrder>
</Actor>
<Actor>
  <id>28336</id>
  <Image>actors/28336.jpg</Image>
  <Name>Teri Hatcher</Name>
  <Role>Susan Mayer </Role>
  <SortOrder>0</SortOrder>
</Actor>
<Actor>
  <id>28329</id>
  <Image>actors/28329.jpg</Image>
  <Name>Eva Longoria Parker</Name>
  <Role>Gabrielle Solis</Role>
  <SortOrder>0</SortOrder>
</Actor>
<Actor>
  <id>28339</id>
  <Image>actors/28339.jpg</Image>
  <Name>Doug Savant</Name>
  <Role>Tom Scavo</Role>
  <SortOrder>1</SortOrder>
</Actor>
<Actor>
  <id>28334</id>
  <Image>actors/28334.jpg</Image>
  <Name>James Denton</Name>
  <Role>Mike Delfino</Role>
  <SortOrder>1</SortOrder>
</Actor>
<Actor>
  <id>28330</id>
  <Image>actors/28330.jpg</Image>
  <Name>Ricardo Antonio Chavira</Name>
  <Role>Carlos Solis</Role>
  <SortOrder>1</SortOrder>
</Actor>
<Actor>
  <id>28331</id>
  <Image>actors/28331.jpg</Image>
  <Name>Dana Delany</Name>
  <Role>Katherine Mayfair</Role>
  <SortOrder>2</SortOrder>
</Actor>
<Actor>
  <id>28326</id>
  <Image>actors/28326.jpg</Image>
  <Name>Nicollette Sheridan</Name>
  <Role>Edie Britt</Role>
  <SortOrder>2</SortOrder>
</Actor>
<Actor>
  <id>79808</id>
  <Image>actors/79808.jpg</Image>
  <Name>Neal McDonough</Name>
  <Role>Dave Williams / Dave Dash</Role>
  <SortOrder>3</SortOrder>
</Actor>
<Actor>
  <id>78739</id>
  <Image>actors/78739.jpg</Image>
  <Name>Lyndsy Fonseca</Name>
  <Role>Dylan Mayfair</Role>
  <SortOrder>3</SortOrder>
</Actor>
<Actor>
  <id>78738</id>
  <Image>actors/78738.jpg</Image>
  <Name>Josh Henderson</Name>
  <Role>Austin McCann</Role>
  <SortOrder>3</SortOrder>
</Actor>
<Actor>
  <id>78737</id>
  <Image>actors/78737.jpg</Image>
  <Name>Dougray Scott</Name>
  <Role>Ian Hainsworth</Role>
  <SortOrder>3</SortOrder>
</Actor>
<Actor>
  <id>78736</id>
  <Image>actors/78736.jpg</Image>
  <Name>Alfre Woodard</Name>
  <Role>Betty Applewhite</Role>
  <SortOrder>3</SortOrder>
</Actor>
<Actor>
  <id>78735</id>
  <Image>actors/78735.jpg</Image>
  <Name>Joy Lauren</Name>
  <Role>Danielle Van De Kamp</Role>
  <SortOrder>3</SortOrder>
</Actor>
<Actor>
  <id>78734</id>
  <Image>actors/78734.jpg</Image>
  <Name>Shawn Pyfrom</Name>
  <Role>Andrew Van De Kamp</Role>
  <SortOrder>3</SortOrder>
</Actor>
<Actor>
  <id>78733</id>
  <Image>actors/78733.jpg</Image>
  <Name>Brenda Strong</Name>
  <Role>Mary Alice Young</Role>
  <SortOrder>3</SortOrder>
</Actor>
<Actor>
  <id>78732</id>
  <Image>actors/78732.jpg</Image>
  <Name>Kyle MacLachlan</Name>
  <Role>Orson Hodge</Role>
  <SortOrder>3</SortOrder>
</Actor>
<Actor>
  <id>299667</id>
  <Image>actors/299667.jpg</Image>
  <Name>Charles Mesure</Name>
  <Role>Ben Faulkner</Role>
  <SortOrder>3</SortOrder>
</Actor>
<Actor>
  <id>297190</id>
  <Image>actors/297190.jpg</Image>
  <Name>NaShawn Kearse</Name>
  <Role>Caleb Applewhite</Role>
  <SortOrder>3</SortOrder>
</Actor>
<Actor>
  <id>297188</id>
  <Image>actors/297188.jpg</Image>
  <Name>Mehcad Brooks</Name>
  <Role>Matthew Applewhite</Role>
  <SortOrder>3</SortOrder>
</Actor>
<Actor>
  <id>28335</id>
  <Image>actors/28335.jpg</Image>
  <Name>Cody Kasch</Name>
  <Role>Zach Young</Role>
  <SortOrder>3</SortOrder>
</Actor>
<Actor>
  <id>28333</id>
  <Image>actors/28333.jpg</Image>
  <Name>Mark Moses</Name>
  <Role>Paul Young</Role>
  <SortOrder>3</SortOrder>
</Actor>
<Actor>
  <id>28332</id>
  <Image>actors/28332.jpg</Image>
  <Name>Steven Culp</Name>
  <Role> Rex Van De Kamp</Role>
  <SortOrder>3</SortOrder>
</Actor>
<Actor>
  <id>28328</id>
  <Image>actors/28328.jpg</Image>
  <Name>Jesse Metcalfe</Name>
  <Role>John Rowland</Role>
  <SortOrder>3</SortOrder>
</Actor>
<Actor>
  <id>28327</id>
  <Image>actors/28327.jpg</Image>
  <Name>Andrea Bowen</Name>
  <Role>Julie Mayer</Role>
  <SortOrder>3</SortOrder>
</Actor>
<Actor>
  <id>238831</id>
  <Image>actors/238831.jpg</Image>
  <Name>Vanessa Williams</Name>
  <Role>Renee Perry</Role>
  <SortOrder>3</SortOrder>
</Actor>
<Actor>
  <id>163021</id>
  <Image>actors/163021.jpg</Image>
  <Name>Mason Vale Cotton</Name>
  <Role>MJ Delfino</Role>
  <SortOrder>3</SortOrder>
</Actor>
<Actor>
  <id>162961</id>
  <Image>actors/162961.jpg</Image>
  <Name>Madison de la Garza</Name>
  <Role>Juanita Solis</Role>
  <SortOrder>3</SortOrder>
</Actor>
<Actor>
  <id>162931</id>
  <Image>actors/162931.jpg</Image>
  <Name>Kendall Applegate</Name>
  <Role>Penny Scavo</Role>
  <SortOrder>3</SortOrder>
</Actor>
<Actor>
  <id>162921</id>
  <Image>actors/162921.jpg</Image>
  <Name>Joshua Logan Moore</Name>
  <Role>Parker Scavo</Role>
  <SortOrder>3</SortOrder>
</Actor>
<Actor>
  <id>162911</id>
  <Image>actors/162911.jpg</Image>
  <Name>Max Carver</Name>
  <Role>Preston Scavo</Role>
  <SortOrder>3</SortOrder>
</Actor>
<Actor>
  <id>162901</id>
  <Image>actors/162901.jpg</Image>
  <Name>Charlie Carver</Name>
  <Role>Porter Scavo</Role>
  <SortOrder>3</SortOrder>
</Actor>
<Actor>
  <id>162891</id>
  <Image>actors/162891.jpg</Image>
  <Name>Beau Mirchoff</Name>
  <Role>Danny Bolen</Role>
  <SortOrder>3</SortOrder>
</Actor>
<Actor>
  <id>162881</id>
  <Image>actors/162881.jpg</Image>
  <Name>Jeffrey Nordling</Name>
  <Role>Nick Bolen</Role>
  <SortOrder>3</SortOrder>
</Actor>
<Actor>
  <id>162871</id>
  <Image>actors/162871.jpg</Image>
  <Name>Kathryn Joosten</Name>
  <Role>Mrs. McCluskey</Role>
  <SortOrder>3</SortOrder>
</Actor>
<Actor>
  <id>162861</id>
  <Image>actors/162861.jpg</Image>
  <Name>Maiara Walsh</Name>
  <Role>Ana Solis</Role>
  <SortOrder>3</SortOrder>
</Actor>
<Actor>
  <id>162851</id>
  <Image>actors/162851.jpg</Image>
  <Name>Drea de Matteo</Name>
  <Role>Angie Bolen</Role>
  <SortOrder>3</SortOrder>
</Actor>
</Actors>