<?xml version="1.0" encoding="UTF-8" ?>
<Actors>
<Actor>
  <id>68492</id>
  <Image></Image>
  <Name>Arthur Anderson</Name>
  <Role></Role>
  <SortOrder>3</SortOrder>
</Actor>
<Actor>
  <id>68493</id>
  <Image></Image>
  <Name>Brian Drummond</Name>
  <Role></Role>
  <SortOrder>3</SortOrder>
</Actor>
<Actor>
  <id>68490</id>
  <Image></Image>
  <Name>Chantal Strand</Name>
  <Role></Role>
  <SortOrder>3</SortOrder>
</Actor>
<Actor>
  <id>68488</id>
  <Image></Image>
  <Name>Dave Willis</Name>
  <Role></Role>
  <SortOrder>3</SortOrder>
</Actor>
<Actor>
  <id>68491</id>
  <Image></Image>
  <Name>Eddie Deezen</Name>
  <Role></Role>
  <SortOrder>3</SortOrder>
</Actor>
<Actor>
  <id>68487</id>
  <Image></Image>
  <Name>Marty Grabstein</Name>
  <Role></Role>
  <SortOrder>3</SortOrder>
</Actor>
<Actor>
  <id>68489</id>
  <Image></Image>
  <Name>Mike MacRac</Name>
  <Role></Role>
  <SortOrder>3</SortOrder>
</Actor>
</Actors>