<?xml version="1.0" encoding="UTF-8" ?>
<Data><Series>
  <id>78891</id>
  <Actors>|Arthur Anderson|Brian Drummond|Chantal Strand|Dave Willis|Eddie Deezen|Marty Grabstein|Mike MacRac|</Actors>
  <Airs_DayOfWeek>Friday</Airs_DayOfWeek>
  <Airs_Time>9:30 PM</Airs_Time>
  <ContentRating>TV-MA</ContentRating>
  <FirstAired>2005-03-01</FirstAired>
  <Genre>|Comedy|</Genre>
  <IMDB_ID>tt0450357</IMDB_ID>
  <Language>en</Language>
  <Network>MTV</Network>
  <NetworkID></NetworkID>
  <Overview>Wonder Showzen is a chaotic mix of puppets, animation and live action with a twist that will leave viewers torn between laughter, sadness and sheer perplexity. Episodes will contain skits from the main puppets (Chauncey, Wordsworth, Sthugar and Him), news segments with A.P. Gibralter, and Clarence's &quot;puppet on the street&quot; skit. Think delightfully dark yet smartly subversive. Wonder Showzen takes your favorite things about watching TV as a kid and turns them into a twisted nightmare for all ages.</Overview>
  <Rating>8.7</Rating>
  <RatingCount>3</RatingCount>
  <Runtime>30</Runtime>
  <SeriesID>8450</SeriesID>
  <SeriesName>Wonder Showzen</SeriesName>
  <Status>Ended</Status>
  <added></added>
  <addedBy></addedBy>
  <banner>graphical/78891-g4.jpg</banner>
  <fanart>fanart/original/78891-1.jpg</fanart>
  <lastupdated>1345833655</lastupdated>
  <poster>posters/78891-1.jpg</poster>
  <zap2it_id>SH730897</zap2it_id>
</Series>
<Episode>
  <id>382309</id>
  <Combined_episodenumber>1</Combined_episodenumber>
  <Combined_season>0</Combined_season>
  <DVD_chapter></DVD_chapter>
  <DVD_discid></DVD_discid>
  <DVD_episodenumber></DVD_episodenumber>
  <DVD_season></DVD_season>
  <Director></Director>
  <EpImgFlag>1</EpImgFlag>
  <EpisodeName>Kids Show - Pilot</EpisodeName>
  <EpisodeNumber>1</EpisodeNumber>
  <FirstAired></FirstAired>
  <GuestStars></GuestStars>
  <IMDB_ID></IMDB_ID>
  <Language>en</Language>
  <Overview>Kids Show - Pilot Episode</Overview>
  <ProductionCode></ProductionCode>
  <Rating></Rating>
  <RatingCount>0</RatingCount>
  <SeasonNumber>0</SeasonNumber>
  <Writer></Writer>
  <absolute_number></absolute_number>
  <airsafter_season></airsafter_season>
  <airsbefore_episode>1</airsbefore_episode>
  <airsbefore_season>1</airsbefore_season>
  <filename>episodes/78891/382309.jpg</filename>
  <lastupdated>1310413805</lastupdated>
  <seasonid>26344</seasonid>
  <seriesid>78891</seriesid>
</Episode>
<Episode>
  <id>2251441</id>
  <Combined_episodenumber>2</Combined_episodenumber>
  <Combined_season>0</Combined_season>
  <DVD_chapter></DVD_chapter>
  <DVD_discid></DVD_discid>
  <DVD_episodenumber></DVD_episodenumber>
  <DVD_season></DVD_season>
  <Director></Director>
  <EpImgFlag></EpImgFlag>
  <EpisodeName>Season 2 DVD Special: Horse Apples Test Marketing Mindfudge</EpisodeName>
  <EpisodeNumber>2</EpisodeNumber>
  <FirstAired>2006-10-10</FirstAired>
  <GuestStars></GuestStars>
  <IMDB_ID></IMDB_ID>
  <Language>en</Language>
  <Overview>Three months after the marketing session of Horse Apples, the same test marketing group was reconvened in order to screen the episode of Wonder Showzen in which they and their test marketing segment had appeared, unbeknownst to them. That is, heretofore unbeknownst. Or, rather, thentofore. That is, they thought that Horse Apples was real at the time, and then we came back for this DVD feature to show them their episode of Wonder Showzen and how they were cut into it reacting to Horse Apples. Because we wanted to see how they would react to that. Thing. This, then, is that thing.</Overview>
  <ProductionCode></ProductionCode>
  <Rating></Rating>
  <RatingCount>0</RatingCount>
  <SeasonNumber>0</SeasonNumber>
  <Writer></Writer>
  <absolute_number></absolute_number>
  <airsafter_season>2</airsafter_season>
  <airsbefore_episode></airsbefore_episode>
  <airsbefore_season></airsbefore_season>
  <filename></filename>
  <lastupdated>1274573449</lastupdated>
  <seasonid>26344</seasonid>
  <seriesid>78891</seriesid>
</Episode>
<Episode>
  <id>4384500</id>
  <Combined_episodenumber>3</Combined_episodenumber>
  <Combined_season>0</Combined_season>
  <DVD_chapter></DVD_chapter>
  <DVD_discid></DVD_discid>
  <DVD_episodenumber></DVD_episodenumber>
  <DVD_season></DVD_season>
  <Director></Director>
  <EpImgFlag></EpImgFlag>
  <EpisodeName>Beat Kids Interview: Collection 1</EpisodeName>
  <EpisodeNumber>3</EpisodeNumber>
  <FirstAired></FirstAired>
  <GuestStars></GuestStars>
  <IMDB_ID></IMDB_ID>
  <Language>en</Language>
  <Overview></Overview>
  <ProductionCode></ProductionCode>
  <Rating></Rating>
  <RatingCount>0</RatingCount>
  <SeasonNumber>0</SeasonNumber>
  <Writer></Writer>
  <absolute_number></absolute_number>
  <airsafter_season></airsafter_season>
  <airsbefore_episode></airsbefore_episode>
  <airsbefore_season></airsbefore_season>
  <filename></filename>
  <lastupdated>1345756481</lastupdated>
  <seasonid>26344</seasonid>
  <seriesid>78891</seriesid>
</Episode>
<Episode>
  <id>4384501</id>
  <Combined_episodenumber>4</Combined_episodenumber>
  <Combined_season>0</Combined_season>
  <DVD_chapter></DVD_chapter>
  <DVD_discid></DVD_discid>
  <DVD_episodenumber></DVD_episodenumber>
  <DVD_season></DVD_season>
  <Director></Director>
  <EpImgFlag></EpImgFlag>
  <EpisodeName>Beat Kids Interview: Collection 2</EpisodeName>
  <EpisodeNumber>4</EpisodeNumber>
  <FirstAired></FirstAired>
  <GuestStars></GuestStars>
  <IMDB_ID></IMDB_ID>
  <Language>en</Language>
  <Overview></Overview>
  <ProductionCode></ProductionCode>
  <Rating></Rating>
  <RatingCount>0</RatingCount>
  <SeasonNumber>0</SeasonNumber>
  <Writer></Writer>
  <absolute_number></absolute_number>
  <airsafter_season></airsafter_season>
  <airsbefore_episode></airsbefore_episode>
  <airsbefore_season></airsbefore_season>
  <filename></filename>
  <lastupdated>1345756534</lastupdated>
  <seasonid>26344</seasonid>
  <seriesid>78891</seriesid>
</Episode>
<Episode>
  <id>4384503</id>
  <Combined_episodenumber>5</Combined_episodenumber>
  <Combined_season>0</Combined_season>
  <DVD_chapter></DVD_chapter>
  <DVD_discid></DVD_discid>
  <DVD_episodenumber></DVD_episodenumber>
  <DVD_season></DVD_season>
  <Director></Director>
  <EpImgFlag></EpImgFlag>
  <EpisodeName>Beat Kids Interview: DVD Staring Contest</EpisodeName>
  <EpisodeNumber>5</EpisodeNumber>
  <FirstAired></FirstAired>
  <GuestStars></GuestStars>
  <IMDB_ID></IMDB_ID>
  <Language>en</Language>
  <Overview></Overview>
  <ProductionCode></ProductionCode>
  <Rating></Rating>
  <RatingCount>0</RatingCount>
  <SeasonNumber>0</SeasonNumber>
  <Writer></Writer>
  <absolute_number></absolute_number>
  <airsafter_season></airsafter_season>
  <airsbefore_episode></airsbefore_episode>
  <airsbefore_season></airsbefore_season>
  <filename></filename>
  <lastupdated>1345756613</lastupdated>
  <seasonid>26344</seasonid>
  <seriesid>78891</seriesid>
</Episode>
<Episode>
  <id>4384504</id>
  <Combined_episodenumber>6</Combined_episodenumber>
  <Combined_season>0</Combined_season>
  <DVD_chapter></DVD_chapter>
  <DVD_discid></DVD_discid>
  <DVD_episodenumber></DVD_episodenumber>
  <DVD_season></DVD_season>
  <Director></Director>
  <EpImgFlag></EpImgFlag>
  <EpisodeName>Deleted Scene: Beat Kids, Outtake Collection 1</EpisodeName>
  <EpisodeNumber>6</EpisodeNumber>
  <FirstAired></FirstAired>
  <GuestStars></GuestStars>
  <IMDB_ID></IMDB_ID>
  <Language>en</Language>
  <Overview></Overview>
  <ProductionCode></ProductionCode>
  <Rating></Rating>
  <RatingCount>0</RatingCount>
  <SeasonNumber>0</SeasonNumber>
  <Writer></Writer>
  <absolute_number></absolute_number>
  <airsafter_season></airsafter_season>
  <airsbefore_episode></airsbefore_episode>
  <airsbefore_season></airsbefore_season>
  <filename></filename>
  <lastupdated>1345756710</lastupdated>
  <seasonid>26344</seasonid>
  <seriesid>78891</seriesid>
</Episode>
<Episode>
  <id>4384505</id>
  <Combined_episodenumber>7</Combined_episodenumber>
  <Combined_season>0</Combined_season>
  <DVD_chapter></DVD_chapter>
  <DVD_discid></DVD_discid>
  <DVD_episodenumber></DVD_episodenumber>
  <DVD_season></DVD_season>
  <Director></Director>
  <EpImgFlag></EpImgFlag>
  <EpisodeName>Deleted Scene: Beat Kids, Outtake Collection 2</EpisodeName>
  <EpisodeNumber>7</EpisodeNumber>
  <FirstAired></FirstAired>
  <GuestStars></GuestStars>
  <IMDB_ID></IMDB_ID>
  <Language>en</Language>
  <Overview></Overview>
  <ProductionCode></ProductionCode>
  <Rating></Rating>
  <RatingCount>0</RatingCount>
  <SeasonNumber>0</SeasonNumber>
  <Writer></Writer>
  <absolute_number></absolute_number>
  <airsafter_season></airsafter_season>
  <airsbefore_episode></airsbefore_episode>
  <airsbefore_season></airsbefore_season>
  <filename></filename>
  <lastupdated>1345833553</lastupdated>
  <seasonid>26344</seasonid>
  <seriesid>78891</seriesid>
</Episode>
<Episode>
  <id>4384506</id>
  <Combined_episodenumber>8</Combined_episodenumber>
  <Combined_season>0</Combined_season>
  <DVD_chapter></DVD_chapter>
  <DVD_discid></DVD_discid>
  <DVD_episodenumber></DVD_episodenumber>
  <DVD_season></DVD_season>
  <Director></Director>
  <EpImgFlag></EpImgFlag>
  <EpisodeName>Deleted Scene: Clarence Interview Collection 1</EpisodeName>
  <EpisodeNumber>8</EpisodeNumber>
  <FirstAired></FirstAired>
  <GuestStars></GuestStars>
  <IMDB_ID></IMDB_ID>
  <Language>en</Language>
  <Overview></Overview>
  <ProductionCode></ProductionCode>
  <Rating></Rating>
  <RatingCount>0</RatingCount>
  <SeasonNumber>0</SeasonNumber>
  <Writer></Writer>
  <absolute_number></absolute_number>
  <airsafter_season></airsafter_season>
  <airsbefore_episode></airsbefore_episode>
  <airsbefore_season></airsbefore_season>
  <filename></filename>
  <lastupdated>1345756753</lastupdated>
  <seasonid>26344</seasonid>
  <seriesid>78891</seriesid>
</Episode>
<Episode>
  <id>4384507</id>
  <Combined_episodenumber>9</Combined_episodenumber>
  <Combined_season>0</Combined_season>
  <DVD_chapter></DVD_chapter>
  <DVD_discid></DVD_discid>
  <DVD_episodenumber></DVD_episodenumber>
  <DVD_season></DVD_season>
  <Director></Director>
  <EpImgFlag></EpImgFlag>
  <EpisodeName>Deleted Scene: Clarence Interview Collection 2</EpisodeName>
  <EpisodeNumber>9</EpisodeNumber>
  <FirstAired></FirstAired>
  <GuestStars></GuestStars>
  <IMDB_ID></IMDB_ID>
  <Language>en</Language>
  <Overview></Overview>
  <ProductionCode></ProductionCode>
  <Rating></Rating>
  <RatingCount>0</RatingCount>
  <SeasonNumber>0</SeasonNumber>
  <Writer></Writer>
  <absolute_number></absolute_number>
  <airsafter_season></airsafter_season>
  <airsbefore_episode></airsbefore_episode>
  <airsbefore_season></airsbefore_season>
  <filename></filename>
  <lastupdated>1345756776</lastupdated>
  <seasonid>26344</seasonid>
  <seriesid>78891</seriesid>
</Episode>
<Episode>
  <id>4384508</id>
  <Combined_episodenumber>10</Combined_episodenumber>
  <Combined_season>0</Combined_season>
  <DVD_chapter></DVD_chapter>
  <DVD_discid></DVD_discid>
  <DVD_episodenumber></DVD_episodenumber>
  <DVD_season></DVD_season>
  <Director></Director>
  <EpImgFlag></EpImgFlag>
  <EpisodeName>Deleted Scene: Adventures of Scooter McJimmy, Hillbilly Boy Genius</EpisodeName>
  <EpisodeNumber>10</EpisodeNumber>
  <FirstAired></FirstAired>
  <GuestStars></GuestStars>
  <IMDB_ID></IMDB_ID>
  <Language>en</Language>
  <Overview></Overview>
  <ProductionCode></ProductionCode>
  <Rating></Rating>
  <RatingCount>0</RatingCount>
  <SeasonNumber>0</SeasonNumber>
  <Writer></Writer>
  <absolute_number></absolute_number>
  <airsafter_season></airsafter_season>
  <airsbefore_episode></airsbefore_episode>
  <airsbefore_season></airsbefore_season>
  <filename></filename>
  <lastupdated>1345757024</lastupdated>
  <seasonid>26344</seasonid>
  <seriesid>78891</seriesid>
</Episode>
<Episode>
  <id>4384509</id>
  <Combined_episodenumber>11</Combined_episodenumber>
  <Combined_season>0</Combined_season>
  <DVD_chapter></DVD_chapter>
  <DVD_discid></DVD_discid>
  <DVD_episodenumber></DVD_episodenumber>
  <DVD_season></DVD_season>
  <Director></Director>
  <EpImgFlag></EpImgFlag>
  <EpisodeName>Deleted Scene: Emotions</EpisodeName>
  <EpisodeNumber>11</EpisodeNumber>
  <FirstAired></FirstAired>
  <GuestStars></GuestStars>
  <IMDB_ID></IMDB_ID>
  <Language>en</Language>
  <Overview></Overview>
  <ProductionCode></ProductionCode>
  <Rating></Rating>
  <RatingCount>0</RatingCount>
  <SeasonNumber>0</SeasonNumber>
  <Writer></Writer>
  <absolute_number></absolute_number>
  <airsafter_season></airsafter_season>
  <airsbefore_episode></airsbefore_episode>
  <airsbefore_season></airsbefore_season>
  <filename></filename>
  <lastupdated>1345757001</lastupdated>
  <seasonid>26344</seasonid>
  <seriesid>78891</seriesid>
</Episode>
<Episode>
  <id>4384511</id>
  <Combined_episodenumber>12</Combined_episodenumber>
  <Combined_season>0</Combined_season>
  <DVD_chapter></DVD_chapter>
  <DVD_discid></DVD_discid>
  <DVD_episodenumber></DVD_episodenumber>
  <DVD_season></DVD_season>
  <Director></Director>
  <EpImgFlag></EpImgFlag>
  <EpisodeName>Deleted Scene: Horse Apples, Closeups</EpisodeName>
  <EpisodeNumber>12</EpisodeNumber>
  <FirstAired></FirstAired>
  <GuestStars></GuestStars>
  <IMDB_ID></IMDB_ID>
  <Language>en</Language>
  <Overview></Overview>
  <ProductionCode></ProductionCode>
  <Rating></Rating>
  <RatingCount>0</RatingCount>
  <SeasonNumber>0</SeasonNumber>
  <Writer></Writer>
  <absolute_number></absolute_number>
  <airsafter_season></airsafter_season>
  <airsbefore_episode></airsbefore_episode>
  <airsbefore_season></airsbefore_season>
  <filename></filename>
  <lastupdated>1345833601</lastupdated>
  <seasonid>26344</seasonid>
  <seriesid>78891</seriesid>
</Episode>
<Episode>
  <id>4384512</id>
  <Combined_episodenumber>13</Combined_episodenumber>
  <Combined_season>0</Combined_season>
  <DVD_chapter></DVD_chapter>
  <DVD_discid></DVD_discid>
  <DVD_episodenumber></DVD_episodenumber>
  <DVD_season></DVD_season>
  <Director></Director>
  <EpImgFlag></EpImgFlag>
  <EpisodeName>Deleted Scene: Horse Apples, Outtakes</EpisodeName>
  <EpisodeNumber>13</EpisodeNumber>
  <FirstAired></FirstAired>
  <GuestStars></GuestStars>
  <IMDB_ID></IMDB_ID>
  <Language>en</Language>
  <Overview></Overview>
  <ProductionCode></ProductionCode>
  <Rating></Rating>
  <RatingCount>0</RatingCount>
  <SeasonNumber>0</SeasonNumber>
  <Writer></Writer>
  <absolute_number></absolute_number>
  <airsafter_season></airsafter_season>
  <airsbefore_episode></airsbefore_episode>
  <airsbefore_season></airsbefore_season>
  <filename></filename>
  <lastupdated>1345757140</lastupdated>
  <seasonid>26344</seasonid>
  <seriesid>78891</seriesid>
</Episode>
<Episode>
  <id>4384513</id>
  <Combined_episodenumber>14</Combined_episodenumber>
  <Combined_season>0</Combined_season>
  <DVD_chapter></DVD_chapter>
  <DVD_discid></DVD_discid>
  <DVD_episodenumber></DVD_episodenumber>
  <DVD_season></DVD_season>
  <Director></Director>
  <EpImgFlag></EpImgFlag>
  <EpisodeName>Deleted Scene: Horse Apples, Test Audience</EpisodeName>
  <EpisodeNumber>14</EpisodeNumber>
  <FirstAired></FirstAired>
  <GuestStars></GuestStars>
  <IMDB_ID></IMDB_ID>
  <Language>en</Language>
  <Overview></Overview>
  <ProductionCode></ProductionCode>
  <Rating></Rating>
  <RatingCount>0</RatingCount>
  <SeasonNumber>0</SeasonNumber>
  <Writer></Writer>
  <absolute_number></absolute_number>
  <airsafter_season></airsafter_season>
  <airsbefore_episode></airsbefore_episode>
  <airsbefore_season></airsbefore_season>
  <filename></filename>
  <lastupdated>1345757159</lastupdated>
  <seasonid>26344</seasonid>
  <seriesid>78891</seriesid>
</Episode>
<Episode>
  <id>4384514</id>
  <Combined_episodenumber>15</Combined_episodenumber>
  <Combined_season>0</Combined_season>
  <DVD_chapter></DVD_chapter>
  <DVD_discid></DVD_discid>
  <DVD_episodenumber></DVD_episodenumber>
  <DVD_season></DVD_season>
  <Director></Director>
  <EpImgFlag></EpImgFlag>
  <EpisodeName>Deleted Scene: How To Make a Sandwich</EpisodeName>
  <EpisodeNumber>15</EpisodeNumber>
  <FirstAired></FirstAired>
  <GuestStars></GuestStars>
  <IMDB_ID></IMDB_ID>
  <Language>en</Language>
  <Overview></Overview>
  <ProductionCode></ProductionCode>
  <Rating></Rating>
  <RatingCount>0</RatingCount>
  <SeasonNumber>0</SeasonNumber>
  <Writer></Writer>
  <absolute_number></absolute_number>
  <airsafter_season></airsafter_season>
  <airsbefore_episode></airsbefore_episode>
  <airsbefore_season></airsbefore_season>
  <filename></filename>
  <lastupdated>1345757195</lastupdated>
  <seasonid>26344</seasonid>
  <seriesid>78891</seriesid>
</Episode>
<Episode>
  <id>4384515</id>
  <Combined_episodenumber>16</Combined_episodenumber>
  <Combined_season>0</Combined_season>
  <DVD_chapter></DVD_chapter>
  <DVD_discid></DVD_discid>
  <DVD_episodenumber></DVD_episodenumber>
  <DVD_season></DVD_season>
  <Director></Director>
  <EpImgFlag></EpImgFlag>
  <EpisodeName>Deleted Scene: I'll Tell You What Patience Is</EpisodeName>
  <EpisodeNumber>16</EpisodeNumber>
  <FirstAired></FirstAired>
  <GuestStars></GuestStars>
  <IMDB_ID></IMDB_ID>
  <Language>en</Language>
  <Overview></Overview>
  <ProductionCode></ProductionCode>
  <Rating></Rating>
  <RatingCount>0</RatingCount>
  <SeasonNumber>0</SeasonNumber>
  <Writer></Writer>
  <absolute_number></absolute_number>
  <airsafter_season></airsafter_season>
  <airsbefore_episode></airsbefore_episode>
  <airsbefore_season></airsbefore_season>
  <filename></filename>
  <lastupdated>1345757217</lastupdated>
  <seasonid>26344</seasonid>
  <seriesid>78891</seriesid>
</Episode>
<Episode>
  <id>4384516</id>
  <Combined_episodenumber>17</Combined_episodenumber>
  <Combined_season>0</Combined_season>
  <DVD_chapter></DVD_chapter>
  <DVD_discid></DVD_discid>
  <DVD_episodenumber></DVD_episodenumber>
  <DVD_season></DVD_season>
  <Director></Director>
  <EpImgFlag></EpImgFlag>
  <EpisodeName>Deleted Scene: Jaguar</EpisodeName>
  <EpisodeNumber>17</EpisodeNumber>
  <FirstAired></FirstAired>
  <GuestStars></GuestStars>
  <IMDB_ID></IMDB_ID>
  <Language>en</Language>
  <Overview></Overview>
  <ProductionCode></ProductionCode>
  <Rating></Rating>
  <RatingCount>0</RatingCount>
  <SeasonNumber>0</SeasonNumber>
  <Writer></Writer>
  <absolute_number></absolute_number>
  <airsafter_season></airsafter_season>
  <airsbefore_episode></airsbefore_episode>
  <airsbefore_season></airsbefore_season>
  <filename></filename>
  <lastupdated>1345757244</lastupdated>
  <seasonid>26344</seasonid>
  <seriesid>78891</seriesid>
</Episode>
<Episode>
  <id>4384517</id>
  <Combined_episodenumber>18</Combined_episodenumber>
  <Combined_season>0</Combined_season>
  <DVD_chapter></DVD_chapter>
  <DVD_discid></DVD_discid>
  <DVD_episodenumber></DVD_episodenumber>
  <DVD_season></DVD_season>
  <Director></Director>
  <EpImgFlag></EpImgFlag>
  <EpisodeName>Deleted Scene: Kids, It's Important to be Patient</EpisodeName>
  <EpisodeNumber>18</EpisodeNumber>
  <FirstAired></FirstAired>
  <GuestStars></GuestStars>
  <IMDB_ID></IMDB_ID>
  <Language>en</Language>
  <Overview></Overview>
  <ProductionCode></ProductionCode>
  <Rating></Rating>
  <RatingCount>0</RatingCount>
  <SeasonNumber>0</SeasonNumber>
  <Writer></Writer>
  <absolute_number></absolute_number>
  <airsafter_season></airsafter_season>
  <airsbefore_episode></airsbefore_episode>
  <airsbefore_season></airsbefore_season>
  <filename></filename>
  <lastupdated>1345757284</lastupdated>
  <seasonid>26344</seasonid>
  <seriesid>78891</seriesid>
</Episode>
<Episode>
  <id>4384518</id>
  <Combined_episodenumber>19</Combined_episodenumber>
  <Combined_season>0</Combined_season>
  <DVD_chapter></DVD_chapter>
  <DVD_discid></DVD_discid>
  <DVD_episodenumber></DVD_episodenumber>
  <DVD_season></DVD_season>
  <Director></Director>
  <EpImgFlag></EpImgFlag>
  <EpisodeName>Deleted Scene: Mr. President</EpisodeName>
  <EpisodeNumber>19</EpisodeNumber>
  <FirstAired></FirstAired>
  <GuestStars></GuestStars>
  <IMDB_ID></IMDB_ID>
  <Language>en</Language>
  <Overview></Overview>
  <ProductionCode></ProductionCode>
  <Rating></Rating>
  <RatingCount>0</RatingCount>
  <SeasonNumber>0</SeasonNumber>
  <Writer></Writer>
  <absolute_number></absolute_number>
  <airsafter_season></airsafter_season>
  <airsbefore_episode></airsbefore_episode>
  <airsbefore_season></airsbefore_season>
  <filename></filename>
  <lastupdated>1345757312</lastupdated>
  <seasonid>26344</seasonid>
  <seriesid>78891</seriesid>
</Episode>
<Episode>
  <id>4384519</id>
  <Combined_episodenumber>20</Combined_episodenumber>
  <Combined_season>0</Combined_season>
  <DVD_chapter></DVD_chapter>
  <DVD_discid></DVD_discid>
  <DVD_episodenumber></DVD_episodenumber>
  <DVD_season></DVD_season>
  <Director></Director>
  <EpImgFlag></EpImgFlag>
  <EpisodeName>Deleted Scene: Oh, Danny Boy</EpisodeName>
  <EpisodeNumber>20</EpisodeNumber>
  <FirstAired></FirstAired>
  <GuestStars></GuestStars>
  <IMDB_ID></IMDB_ID>
  <Language>en</Language>
  <Overview></Overview>
  <ProductionCode></ProductionCode>
  <Rating></Rating>
  <RatingCount>0</RatingCount>
  <SeasonNumber>0</SeasonNumber>
  <Writer></Writer>
  <absolute_number></absolute_number>
  <airsafter_season></airsafter_season>
  <airsbefore_episode></airsbefore_episode>
  <airsbefore_season></airsbefore_season>
  <filename></filename>
  <lastupdated>1345757377</lastupdated>
  <seasonid>26344</seasonid>
  <seriesid>78891</seriesid>
</Episode>
<Episode>
  <id>4384520</id>
  <Combined_episodenumber>21</Combined_episodenumber>
  <Combined_season>0</Combined_season>
  <DVD_chapter></DVD_chapter>
  <DVD_discid></DVD_discid>
  <DVD_episodenumber></DVD_episodenumber>
  <DVD_season></DVD_season>
  <Director></Director>
  <EpImgFlag></EpImgFlag>
  <EpisodeName>Deleted Scene: Oh, Stop, Tyler</EpisodeName>
  <EpisodeNumber>21</EpisodeNumber>
  <FirstAired></FirstAired>
  <GuestStars></GuestStars>
  <IMDB_ID></IMDB_ID>
  <Language>en</Language>
  <Overview></Overview>
  <ProductionCode></ProductionCode>
  <Rating></Rating>
  <RatingCount>0</RatingCount>
  <SeasonNumber>0</SeasonNumber>
  <Writer></Writer>
  <absolute_number></absolute_number>
  <airsafter_season></airsafter_season>
  <airsbefore_episode></airsbefore_episode>
  <airsbefore_season></airsbefore_season>
  <filename></filename>
  <lastupdated>1345757363</lastupdated>
  <seasonid>26344</seasonid>
  <seriesid>78891</seriesid>
</Episode>
<Episode>
  <id>4384521</id>
  <Combined_episodenumber>22</Combined_episodenumber>
  <Combined_season>0</Combined_season>
  <DVD_chapter></DVD_chapter>
  <DVD_discid></DVD_discid>
  <DVD_episodenumber></DVD_episodenumber>
  <DVD_season></DVD_season>
  <Director></Director>
  <EpImgFlag></EpImgFlag>
  <EpisodeName>Deleted Scene: Special Owesome Squad</EpisodeName>
  <EpisodeNumber>22</EpisodeNumber>
  <FirstAired></FirstAired>
  <GuestStars></GuestStars>
  <IMDB_ID></IMDB_ID>
  <Language>en</Language>
  <Overview></Overview>
  <ProductionCode></ProductionCode>
  <Rating></Rating>
  <RatingCount>0</RatingCount>
  <SeasonNumber>0</SeasonNumber>
  <Writer></Writer>
  <absolute_number></absolute_number>
  <airsafter_season></airsafter_season>
  <airsbefore_episode></airsbefore_episode>
  <airsbefore_season></airsbefore_season>
  <filename></filename>
  <lastupdated>1345757419</lastupdated>
  <seasonid>26344</seasonid>
  <seriesid>78891</seriesid>
</Episode>
<Episode>
  <id>4384522</id>
  <Combined_episodenumber>23</Combined_episodenumber>
  <Combined_season>0</Combined_season>
  <DVD_chapter></DVD_chapter>
  <DVD_discid></DVD_discid>
  <DVD_episodenumber></DVD_episodenumber>
  <DVD_season></DVD_season>
  <Director></Director>
  <EpImgFlag></EpImgFlag>
  <EpisodeName>Deleted Scene: Story Time With Flavor Flav</EpisodeName>
  <EpisodeNumber>23</EpisodeNumber>
  <FirstAired></FirstAired>
  <GuestStars></GuestStars>
  <IMDB_ID></IMDB_ID>
  <Language>en</Language>
  <Overview></Overview>
  <ProductionCode></ProductionCode>
  <Rating></Rating>
  <RatingCount>0</RatingCount>
  <SeasonNumber>0</SeasonNumber>
  <Writer></Writer>
  <absolute_number></absolute_number>
  <airsafter_season></airsafter_season>
  <airsbefore_episode></airsbefore_episode>
  <airsbefore_season></airsbefore_season>
  <filename></filename>
  <lastupdated>1345757475</lastupdated>
  <seasonid>26344</seasonid>
  <seriesid>78891</seriesid>
</Episode>
<Episode>
  <id>4384523</id>
  <Combined_episodenumber>24</Combined_episodenumber>
  <Combined_season>0</Combined_season>
  <DVD_chapter></DVD_chapter>
  <DVD_discid></DVD_discid>
  <DVD_episodenumber></DVD_episodenumber>
  <DVD_season></DVD_season>
  <Director></Director>
  <EpImgFlag></EpImgFlag>
  <EpisodeName>Deleted Scene: Tyler Marching</EpisodeName>
  <EpisodeNumber>24</EpisodeNumber>
  <FirstAired></FirstAired>
  <GuestStars></GuestStars>
  <IMDB_ID></IMDB_ID>
  <Language>en</Language>
  <Overview></Overview>
  <ProductionCode></ProductionCode>
  <Rating></Rating>
  <RatingCount>0</RatingCount>
  <SeasonNumber>0</SeasonNumber>
  <Writer></Writer>
  <absolute_number></absolute_number>
  <airsafter_season></airsafter_season>
  <airsbefore_episode></airsbefore_episode>
  <airsbefore_season></airsbefore_season>
  <filename></filename>
  <lastupdated>1345757501</lastupdated>
  <seasonid>26344</seasonid>
  <seriesid>78891</seriesid>
</Episode>
<Episode>
  <id>4384524</id>
  <Combined_episodenumber>25</Combined_episodenumber>
  <Combined_season>0</Combined_season>
  <DVD_chapter></DVD_chapter>
  <DVD_discid></DVD_discid>
  <DVD_episodenumber></DVD_episodenumber>
  <DVD_season></DVD_season>
  <Director></Director>
  <EpImgFlag></EpImgFlag>
  <EpisodeName>Deleted Scene: Unused Segments</EpisodeName>
  <EpisodeNumber>25</EpisodeNumber>
  <FirstAired></FirstAired>
  <GuestStars></GuestStars>
  <IMDB_ID></IMDB_ID>
  <Language>en</Language>
  <Overview></Overview>
  <ProductionCode></ProductionCode>
  <Rating></Rating>
  <RatingCount>0</RatingCount>
  <SeasonNumber>0</SeasonNumber>
  <Writer></Writer>
  <absolute_number></absolute_number>
  <airsafter_season></airsafter_season>
  <airsbefore_episode></airsbefore_episode>
  <airsbefore_season></airsbefore_season>
  <filename></filename>
  <lastupdated>1345757536</lastupdated>
  <seasonid>26344</seasonid>
  <seriesid>78891</seriesid>
</Episode>
<Episode>
  <id>4384527</id>
  <Combined_episodenumber>26</Combined_episodenumber>
  <Combined_season>0</Combined_season>
  <DVD_chapter></DVD_chapter>
  <DVD_discid></DVD_discid>
  <DVD_episodenumber></DVD_episodenumber>
  <DVD_season></DVD_season>
  <Director></Director>
  <EpImgFlag></EpImgFlag>
  <EpisodeName>Music Video: Japanese Girls</EpisodeName>
  <EpisodeNumber>26</EpisodeNumber>
  <FirstAired></FirstAired>
  <GuestStars></GuestStars>
  <IMDB_ID></IMDB_ID>
  <Language>en</Language>
  <Overview></Overview>
  <ProductionCode></ProductionCode>
  <Rating></Rating>
  <RatingCount>0</RatingCount>
  <SeasonNumber>0</SeasonNumber>
  <Writer></Writer>
  <absolute_number></absolute_number>
  <airsafter_season></airsafter_season>
  <airsbefore_episode></airsbefore_episode>
  <airsbefore_season></airsbefore_season>
  <filename></filename>
  <lastupdated>1345757570</lastupdated>
  <seasonid>26344</seasonid>
  <seriesid>78891</seriesid>
</Episode>
<Episode>
  <id>4384528</id>
  <Combined_episodenumber>27</Combined_episodenumber>
  <Combined_season>0</Combined_season>
  <DVD_chapter></DVD_chapter>
  <DVD_discid></DVD_discid>
  <DVD_episodenumber></DVD_episodenumber>
  <DVD_season></DVD_season>
  <Director></Director>
  <EpImgFlag></EpImgFlag>
  <EpisodeName>Music Video: You're My Friend, Letter N</EpisodeName>
  <EpisodeNumber>27</EpisodeNumber>
  <FirstAired></FirstAired>
  <GuestStars></GuestStars>
  <IMDB_ID></IMDB_ID>
  <Language>en</Language>
  <Overview></Overview>
  <ProductionCode></ProductionCode>
  <Rating></Rating>
  <RatingCount>0</RatingCount>
  <SeasonNumber>0</SeasonNumber>
  <Writer></Writer>
  <absolute_number></absolute_number>
  <airsafter_season></airsafter_season>
  <airsbefore_episode></airsbefore_episode>
  <airsbefore_season></airsbefore_season>
  <filename></filename>
  <lastupdated>1345757585</lastupdated>
  <seasonid>26344</seasonid>
  <seriesid>78891</seriesid>
</Episode>
<Episode>
  <id>4384529</id>
  <Combined_episodenumber>28</Combined_episodenumber>
  <Combined_season>0</Combined_season>
  <DVD_chapter></DVD_chapter>
  <DVD_discid></DVD_discid>
  <DVD_episodenumber></DVD_episodenumber>
  <DVD_season></DVD_season>
  <Director></Director>
  <EpImgFlag></EpImgFlag>
  <EpisodeName>Promo: Animate This Boring Story</EpisodeName>
  <EpisodeNumber>28</EpisodeNumber>
  <FirstAired></FirstAired>
  <GuestStars></GuestStars>
  <IMDB_ID></IMDB_ID>
  <Language>en</Language>
  <Overview></Overview>
  <ProductionCode></ProductionCode>
  <Rating></Rating>
  <RatingCount>0</RatingCount>
  <SeasonNumber>0</SeasonNumber>
  <Writer></Writer>
  <absolute_number></absolute_number>
  <airsafter_season></airsafter_season>
  <airsbefore_episode></airsbefore_episode>
  <airsbefore_season></airsbefore_season>
  <filename></filename>
  <lastupdated>1345833659</lastupdated>
  <seasonid>26344</seasonid>
  <seriesid>78891</seriesid>
</Episode>
<Episode>
  <id>4384530</id>
  <Combined_episodenumber>29</Combined_episodenumber>
  <Combined_season>0</Combined_season>
  <DVD_chapter></DVD_chapter>
  <DVD_discid></DVD_discid>
  <DVD_episodenumber></DVD_episodenumber>
  <DVD_season></DVD_season>
  <Director></Director>
  <EpImgFlag></EpImgFlag>
  <EpisodeName>Promo: MTV2</EpisodeName>
  <EpisodeNumber>29</EpisodeNumber>
  <FirstAired></FirstAired>
  <GuestStars></GuestStars>
  <IMDB_ID></IMDB_ID>
  <Language>en</Language>
  <Overview></Overview>
  <ProductionCode></ProductionCode>
  <Rating></Rating>
  <RatingCount>0</RatingCount>
  <SeasonNumber>0</SeasonNumber>
  <Writer></Writer>
  <absolute_number></absolute_number>
  <airsafter_season></airsafter_season>
  <airsbefore_episode></airsbefore_episode>
  <airsbefore_season></airsbefore_season>
  <filename></filename>
  <lastupdated>1345757631</lastupdated>
  <seasonid>26344</seasonid>
  <seriesid>78891</seriesid>
</Episode>
<Episode>
  <id>4384531</id>
  <Combined_episodenumber>30</Combined_episodenumber>
  <Combined_season>0</Combined_season>
  <DVD_chapter></DVD_chapter>
  <DVD_discid></DVD_discid>
  <DVD_episodenumber></DVD_episodenumber>
  <DVD_season></DVD_season>
  <Director></Director>
  <EpImgFlag></EpImgFlag>
  <EpisodeName>Promo: Season Premiere</EpisodeName>
  <EpisodeNumber>30</EpisodeNumber>
  <FirstAired></FirstAired>
  <GuestStars></GuestStars>
  <IMDB_ID></IMDB_ID>
  <Language>en</Language>
  <Overview></Overview>
  <ProductionCode></ProductionCode>
  <Rating></Rating>
  <RatingCount>0</RatingCount>
  <SeasonNumber>0</SeasonNumber>
  <Writer></Writer>
  <absolute_number></absolute_number>
  <airsafter_season></airsafter_season>
  <airsbefore_episode></airsbefore_episode>
  <airsbefore_season></airsbefore_season>
  <filename></filename>
  <lastupdated>1345757658</lastupdated>
  <seasonid>26344</seasonid>
  <seriesid>78891</seriesid>
</Episode>
<Episode>
  <id>4384532</id>
  <Combined_episodenumber>31</Combined_episodenumber>
  <Combined_season>0</Combined_season>
  <DVD_chapter></DVD_chapter>
  <DVD_discid></DVD_discid>
  <DVD_episodenumber></DVD_episodenumber>
  <DVD_season></DVD_season>
  <Director></Director>
  <EpImgFlag></EpImgFlag>
  <EpisodeName>Q &amp; A: How Did Your Show Get Started</EpisodeName>
  <EpisodeNumber>31</EpisodeNumber>
  <FirstAired></FirstAired>
  <GuestStars></GuestStars>
  <IMDB_ID></IMDB_ID>
  <Language>en</Language>
  <Overview></Overview>
  <ProductionCode></ProductionCode>
  <Rating></Rating>
  <RatingCount>0</RatingCount>
  <SeasonNumber>0</SeasonNumber>
  <Writer></Writer>
  <absolute_number></absolute_number>
  <airsafter_season></airsafter_season>
  <airsbefore_episode></airsbefore_episode>
  <airsbefore_season></airsbefore_season>
  <filename></filename>
  <lastupdated>1345757692</lastupdated>
  <seasonid>26344</seasonid>
  <seriesid>78891</seriesid>
</Episode>
<Episode>
  <id>4384533</id>
  <Combined_episodenumber>32</Combined_episodenumber>
  <Combined_season>0</Combined_season>
  <DVD_chapter></DVD_chapter>
  <DVD_discid></DVD_discid>
  <DVD_episodenumber></DVD_episodenumber>
  <DVD_season></DVD_season>
  <Director></Director>
  <EpImgFlag></EpImgFlag>
  <EpisodeName>Q &amp; A: Are Children a Calming Force in the Universe</EpisodeName>
  <EpisodeNumber>32</EpisodeNumber>
  <FirstAired></FirstAired>
  <GuestStars></GuestStars>
  <IMDB_ID></IMDB_ID>
  <Language>en</Language>
  <Overview></Overview>
  <ProductionCode></ProductionCode>
  <Rating></Rating>
  <RatingCount>0</RatingCount>
  <SeasonNumber>0</SeasonNumber>
  <Writer></Writer>
  <absolute_number></absolute_number>
  <airsafter_season></airsafter_season>
  <airsbefore_episode></airsbefore_episode>
  <airsbefore_season></airsbefore_season>
  <filename></filename>
  <lastupdated>1345757779</lastupdated>
  <seasonid>26344</seasonid>
  <seriesid>78891</seriesid>
</Episode>
<Episode>
  <id>4384534</id>
  <Combined_episodenumber>33</Combined_episodenumber>
  <Combined_season>0</Combined_season>
  <DVD_chapter></DVD_chapter>
  <DVD_discid></DVD_discid>
  <DVD_episodenumber></DVD_episodenumber>
  <DVD_season></DVD_season>
  <Director></Director>
  <EpImgFlag></EpImgFlag>
  <EpisodeName>Q &amp; A: Is America #1</EpisodeName>
  <EpisodeNumber>33</EpisodeNumber>
  <FirstAired></FirstAired>
  <GuestStars></GuestStars>
  <IMDB_ID></IMDB_ID>
  <Language>en</Language>
  <Overview></Overview>
  <ProductionCode></ProductionCode>
  <Rating></Rating>
  <RatingCount>0</RatingCount>
  <SeasonNumber>0</SeasonNumber>
  <Writer></Writer>
  <absolute_number></absolute_number>
  <airsafter_season></airsafter_season>
  <airsbefore_episode></airsbefore_episode>
  <airsbefore_season></airsbefore_season>
  <filename></filename>
  <lastupdated>1345757824</lastupdated>
  <seasonid>26344</seasonid>
  <seriesid>78891</seriesid>
</Episode>
<Episode>
  <id>4384535</id>
  <Combined_episodenumber>34</Combined_episodenumber>
  <Combined_season>0</Combined_season>
  <DVD_chapter></DVD_chapter>
  <DVD_discid></DVD_discid>
  <DVD_episodenumber></DVD_episodenumber>
  <DVD_season></DVD_season>
  <Director></Director>
  <EpImgFlag></EpImgFlag>
  <EpisodeName>Q &amp; A: Is That S</EpisodeName>
  <EpisodeNumber>34</EpisodeNumber>
  <FirstAired></FirstAired>
  <GuestStars></GuestStars>
  <IMDB_ID></IMDB_ID>
  <Language>en</Language>
  <Overview></Overview>
  <ProductionCode></ProductionCode>
  <Rating></Rating>
  <RatingCount>0</RatingCount>
  <SeasonNumber>0</SeasonNumber>
  <Writer></Writer>
  <absolute_number></absolute_number>
  <airsafter_season></airsafter_season>
  <airsbefore_episode></airsbefore_episode>
  <airsbefore_season></airsbefore_season>
  <filename></filename>
  <lastupdated>1345758039</lastupdated>
  <seasonid>26344</seasonid>
  <seriesid>78891</seriesid>
</Episode>
<Episode>
  <id>4384536</id>
  <Combined_episodenumber>35</Combined_episodenumber>
  <Combined_season>0</Combined_season>
  <DVD_chapter></DVD_chapter>
  <DVD_discid></DVD_discid>
  <DVD_episodenumber></DVD_episodenumber>
  <DVD_season></DVD_season>
  <Director></Director>
  <EpImgFlag></EpImgFlag>
  <EpisodeName>Q &amp; A: What Does Corn Dream About</EpisodeName>
  <EpisodeNumber>35</EpisodeNumber>
  <FirstAired></FirstAired>
  <GuestStars></GuestStars>
  <IMDB_ID></IMDB_ID>
  <Language>en</Language>
  <Overview></Overview>
  <ProductionCode></ProductionCode>
  <Rating></Rating>
  <RatingCount>0</RatingCount>
  <SeasonNumber>0</SeasonNumber>
  <Writer></Writer>
  <absolute_number></absolute_number>
  <airsafter_season></airsafter_season>
  <airsbefore_episode></airsbefore_episode>
  <airsbefore_season></airsbefore_season>
  <filename></filename>
  <lastupdated>1345757897</lastupdated>
  <seasonid>26344</seasonid>
  <seriesid>78891</seriesid>
</Episode>
<Episode>
  <id>4384537</id>
  <Combined_episodenumber>36</Combined_episodenumber>
  <Combined_season>0</Combined_season>
  <DVD_chapter></DVD_chapter>
  <DVD_discid></DVD_discid>
  <DVD_episodenumber></DVD_episodenumber>
  <DVD_season></DVD_season>
  <Director></Director>
  <EpImgFlag></EpImgFlag>
  <EpisodeName>Q &amp; A: What's With That One Kid</EpisodeName>
  <EpisodeNumber>36</EpisodeNumber>
  <FirstAired></FirstAired>
  <GuestStars></GuestStars>
  <IMDB_ID></IMDB_ID>
  <Language>en</Language>
  <Overview></Overview>
  <ProductionCode></ProductionCode>
  <Rating></Rating>
  <RatingCount>0</RatingCount>
  <SeasonNumber>0</SeasonNumber>
  <Writer></Writer>
  <absolute_number></absolute_number>
  <airsafter_season></airsafter_season>
  <airsbefore_episode></airsbefore_episode>
  <airsbefore_season></airsbefore_season>
  <filename></filename>
  <lastupdated>1345757936</lastupdated>
  <seasonid>26344</seasonid>
  <seriesid>78891</seriesid>
</Episode>
<Episode>
  <id>4384538</id>
  <Combined_episodenumber>37</Combined_episodenumber>
  <Combined_season>0</Combined_season>
  <DVD_chapter></DVD_chapter>
  <DVD_discid></DVD_discid>
  <DVD_episodenumber></DVD_episodenumber>
  <DVD_season></DVD_season>
  <Director></Director>
  <EpImgFlag></EpImgFlag>
  <EpisodeName>Q &amp; A: Who Owns The Truth</EpisodeName>
  <EpisodeNumber>37</EpisodeNumber>
  <FirstAired></FirstAired>
  <GuestStars></GuestStars>
  <IMDB_ID></IMDB_ID>
  <Language>en</Language>
  <Overview></Overview>
  <ProductionCode></ProductionCode>
  <Rating></Rating>
  <RatingCount>0</RatingCount>
  <SeasonNumber>0</SeasonNumber>
  <Writer></Writer>
  <absolute_number></absolute_number>
  <airsafter_season></airsafter_season>
  <airsbefore_episode></airsbefore_episode>
  <airsbefore_season></airsbefore_season>
  <filename></filename>
  <lastupdated>1345757964</lastupdated>
  <seasonid>26344</seasonid>
  <seriesid>78891</seriesid>
</Episode>
<Episode>
  <id>4384539</id>
  <Combined_episodenumber>38</Combined_episodenumber>
  <Combined_season>0</Combined_season>
  <DVD_chapter></DVD_chapter>
  <DVD_discid></DVD_discid>
  <DVD_episodenumber></DVD_episodenumber>
  <DVD_season></DVD_season>
  <Director></Director>
  <EpImgFlag></EpImgFlag>
  <EpisodeName>Q &amp; A: Why Aren't There More Girls On TV</EpisodeName>
  <EpisodeNumber>38</EpisodeNumber>
  <FirstAired></FirstAired>
  <GuestStars></GuestStars>
  <IMDB_ID></IMDB_ID>
  <Language>en</Language>
  <Overview></Overview>
  <ProductionCode></ProductionCode>
  <Rating></Rating>
  <RatingCount>0</RatingCount>
  <SeasonNumber>0</SeasonNumber>
  <Writer></Writer>
  <absolute_number></absolute_number>
  <airsafter_season></airsafter_season>
  <airsbefore_episode></airsbefore_episode>
  <airsbefore_season></airsbefore_season>
  <filename></filename>
  <lastupdated>1345757991</lastupdated>
  <seasonid>26344</seasonid>
  <seriesid>78891</seriesid>
</Episode>
<Episode>
  <id>298338</id>
  <Combined_episodenumber>1</Combined_episodenumber>
  <Combined_season>1</Combined_season>
  <DVD_chapter></DVD_chapter>
  <DVD_discid></DVD_discid>
  <DVD_episodenumber></DVD_episodenumber>
  <DVD_season></DVD_season>
  <Director>John Lee, Vernon Chatman</Director>
  <EpImgFlag></EpImgFlag>
  <EpisodeName>Birth</EpisodeName>
  <EpisodeNumber>1</EpisodeNumber>
  <FirstAired>2005-03-11</FirstAired>
  <GuestStars>|Flavor Flav| Brian Senior| Frankie Scapoli| Trevor Heins| Jon Glaser|</GuestStars>
  <IMDB_ID></IMDB_ID>
  <Language>en</Language>
  <Overview>Today's Wonder Showzen is brought to you by the Letter N. Letter N, feeling unloved, plunges into a shame spiral. After a night of self-destruction and romance, Letter N discovers that there's light at the end of the tunnel.
</Overview>
  <ProductionCode>101</ProductionCode>
  <Rating></Rating>
  <RatingCount>0</RatingCount>
  <SeasonNumber>1</SeasonNumber>
  <Writer>Vernon Chatman, John Lee</Writer>
  <absolute_number></absolute_number>
  <filename>episodes/78891/298338.jpg</filename>
  <lastupdated>1204598357</lastupdated>
  <seasonid>15811</seasonid>
  <seriesid>78891</seriesid>
</Episode>
<Episode>
  <id>298339</id>
  <Combined_episodenumber>2</Combined_episodenumber>
  <Combined_season>1</Combined_season>
  <DVD_chapter></DVD_chapter>
  <DVD_discid></DVD_discid>
  <DVD_episodenumber></DVD_episodenumber>
  <DVD_season></DVD_season>
  <Director></Director>
  <EpImgFlag></EpImgFlag>
  <EpisodeName>Space</EpisodeName>
  <EpisodeNumber>2</EpisodeNumber>
  <FirstAired>2005-03-18</FirstAired>
  <GuestStars>|Evan Seligman| Demi Pirrone| Jacob Kogan| Samuel Kaufman| Pierce Gidez| Daemar Harleston| Alexandra Rose Smith| Trevor Heins| Lee Tockar| Tony Oliver|</GuestStars>
  <IMDB_ID></IMDB_ID>
  <Language>en</Language>
  <Overview>Today's Wonder Showzen is brought to you by space. Chauncey and Kaitlin go into outer-space in a home made rocket where they discover, then battle God.
</Overview>
  <ProductionCode>102</ProductionCode>
  <Rating></Rating>
  <RatingCount>0</RatingCount>
  <SeasonNumber>1</SeasonNumber>
  <Writer></Writer>
  <absolute_number></absolute_number>
  <filename>episodes/78891/298339.jpg</filename>
  <lastupdated>1201235130</lastupdated>
  <seasonid>15811</seasonid>
  <seriesid>78891</seriesid>
</Episode>
<Episode>
  <id>298340</id>
  <Combined_episodenumber>3</Combined_episodenumber>
  <Combined_season>1</Combined_season>
  <DVD_chapter></DVD_chapter>
  <DVD_discid></DVD_discid>
  <DVD_episodenumber></DVD_episodenumber>
  <DVD_season></DVD_season>
  <Director></Director>
  <EpImgFlag></EpImgFlag>
  <EpisodeName>Ocean</EpisodeName>
  <EpisodeNumber>3</EpisodeNumber>
  <FirstAired>2005-03-25</FirstAired>
  <GuestStars>|Jordan Beauregard| Jake Carlin| Yousef Gaffary| Pierce Gidez| Jacob Kogan| Seydonni Adams| Kyle Bogart| Trevor Heins| Tony Oliver| Dick Gregory| Maurice LaMarche| Cathy Weseluck| Jim Cummings| Chiara Zanni|</GuestStars>
  <IMDB_ID></IMDB_ID>
  <Language>en</Language>
  <Overview>Today's Wonder Showzen is brought to you by the Ocean. The gang discovers a map to the greatest treasure of all: a bottomless chalice of pure liquid imagination. The adventure begins. Then it ends.
</Overview>
  <ProductionCode>103</ProductionCode>
  <Rating>6.0</Rating>
  <RatingCount>1</RatingCount>
  <SeasonNumber>1</SeasonNumber>
  <Writer></Writer>
  <absolute_number></absolute_number>
  <filename>episodes/78891/298340.jpg</filename>
  <lastupdated>1201235143</lastupdated>
  <seasonid>15811</seasonid>
  <seriesid>78891</seriesid>
</Episode>
<Episode>
  <id>298341</id>
  <Combined_episodenumber>4</Combined_episodenumber>
  <Combined_season>1</Combined_season>
  <DVD_chapter></DVD_chapter>
  <DVD_discid></DVD_discid>
  <DVD_episodenumber></DVD_episodenumber>
  <DVD_season></DVD_season>
  <Director></Director>
  <EpImgFlag></EpImgFlag>
  <EpisodeName>Diversity</EpisodeName>
  <EpisodeNumber>4</EpisodeNumber>
  <FirstAired>2005-04-01</FirstAired>
  <GuestStars>|Beth Bernstein| Tahmel Morton| Sam Kaufman| Matthew Daniels|</GuestStars>
  <IMDB_ID></IMDB_ID>
  <Language>en</Language>
  <Overview>Today's Wonder Showzen is celebrating Numbers. When Letters show up, they begin a violent battle to prove who is better. Only love could bring these enemies together.
</Overview>
  <ProductionCode>104</ProductionCode>
  <Rating>7.0</Rating>
  <RatingCount>1</RatingCount>
  <SeasonNumber>1</SeasonNumber>
  <Writer></Writer>
  <absolute_number></absolute_number>
  <filename>episodes/78891/298341.jpg</filename>
  <lastupdated>1201235156</lastupdated>
  <seasonid>15811</seasonid>
  <seriesid>78891</seriesid>
</Episode>
<Episode>
  <id>298342</id>
  <Combined_episodenumber>5</Combined_episodenumber>
  <Combined_season>1</Combined_season>
  <DVD_chapter></DVD_chapter>
  <DVD_discid></DVD_discid>
  <DVD_episodenumber></DVD_episodenumber>
  <DVD_season></DVD_season>
  <Director></Director>
  <EpImgFlag></EpImgFlag>
  <EpisodeName>Nature</EpisodeName>
  <EpisodeNumber>5</EpisodeNumber>
  <FirstAired>2005-04-08</FirstAired>
  <GuestStars>|Bria Peronneau| Austin Holcomb| Sebastian Virga| Jillian Pampinella| Austin Valentine| Christine Paduano| Ian Harrington| Nichie Austin| Che McKay| Yousef Gaffary| Irma St. Paule| Daniel Manche| Keith Brown| Samuel Kaufman| Alana Peterson| Demi Pirrone| Jordan Beauregard|</GuestStars>
  <IMDB_ID></IMDB_ID>
  <Language>en</Language>
  <Overview>When Mother Nature gets a sex change operation, nature feels the consequences. Can Chanucey save us all?  Most certainly.
</Overview>
  <ProductionCode>105</ProductionCode>
  <Rating></Rating>
  <RatingCount>0</RatingCount>
  <SeasonNumber>1</SeasonNumber>
  <Writer></Writer>
  <absolute_number></absolute_number>
  <filename>episodes/78891/298342.jpg</filename>
  <lastupdated>1201235164</lastupdated>
  <seasonid>15811</seasonid>
  <seriesid>78891</seriesid>
</Episode>
<Episode>
  <id>298343</id>
  <Combined_episodenumber>6</Combined_episodenumber>
  <Combined_season>1</Combined_season>
  <DVD_chapter></DVD_chapter>
  <DVD_discid></DVD_discid>
  <DVD_episodenumber></DVD_episodenumber>
  <DVD_season></DVD_season>
  <Director></Director>
  <EpImgFlag></EpImgFlag>
  <EpisodeName>History</EpisodeName>
  <EpisodeNumber>6</EpisodeNumber>
  <FirstAired>2005-04-15</FirstAired>
  <GuestStars>|Yousef Gaffary| Phillip Donner| Madison Rose| Kailyn Diaz-Lee| Paris Rose Yates| Amir Ali Said| Alina Depalma| Albert Miro| Daniel Bifalco| Beth Bernstein| Austin Holcomb| Trenton Valentine| Daemar Harleston| Jordan Beauregard| Amy Sedaris|</GuestStars>
  <IMDB_ID></IMDB_ID>
  <Language>en</Language>
  <Overview>Today's Wonder Showzen is brought to you by the Number One, but Number Two shows up trying to steal the show.  Chauncey tosses her, and the Number Two tries every stunt in the book to make it back on!
</Overview>
  <ProductionCode>106</ProductionCode>
  <Rating>6.0</Rating>
  <RatingCount>1</RatingCount>
  <SeasonNumber>1</SeasonNumber>
  <Writer></Writer>
  <absolute_number></absolute_number>
  <filename>episodes/78891/298343.jpg</filename>
  <lastupdated>1201235171</lastupdated>
  <seasonid>15811</seasonid>
  <seriesid>78891</seriesid>
</Episode>
<Episode>
  <id>298344</id>
  <Combined_episodenumber>7</Combined_episodenumber>
  <Combined_season>1</Combined_season>
  <DVD_chapter></DVD_chapter>
  <DVD_discid></DVD_discid>
  <DVD_episodenumber></DVD_episodenumber>
  <DVD_season></DVD_season>
  <Director></Director>
  <EpImgFlag></EpImgFlag>
  <EpisodeName>Health</EpisodeName>
  <EpisodeNumber>7</EpisodeNumber>
  <FirstAired>2005-04-22</FirstAired>
  <GuestStars>|Sabrina Bogen| Beth Bernstein| Nia Thomas| Nicki Sulli| Irma St. Paule| Jared Oliff-Lieberman| Ameerah Moore| Jamel Hudson| Alex Hoffman| Kailyn Diaz-Lee| Christopher Meloni|</GuestStars>
  <IMDB_ID></IMDB_ID>
  <Language>en</Language>
  <Overview>Wordsworth comes down with cooties! Him turns Wordsworth's misfortune into a fortune and becomes torn between success and the truth.
</Overview>
  <ProductionCode>107</ProductionCode>
  <Rating>7.0</Rating>
  <RatingCount>1</RatingCount>
  <SeasonNumber>1</SeasonNumber>
  <Writer></Writer>
  <absolute_number></absolute_number>
  <filename>episodes/78891/298344.jpg</filename>
  <lastupdated>1201235177</lastupdated>
  <seasonid>15811</seasonid>
  <seriesid>78891</seriesid>
</Episode>
<Episode>
  <id>298345</id>
  <Combined_episodenumber>8</Combined_episodenumber>
  <Combined_season>1</Combined_season>
  <DVD_chapter></DVD_chapter>
  <DVD_discid></DVD_discid>
  <DVD_episodenumber></DVD_episodenumber>
  <DVD_season></DVD_season>
  <Director>Vernon Chatman, John Lee</Director>
  <EpImgFlag></EpImgFlag>
  <EpisodeName>Patience</EpisodeName>
  <EpisodeNumber>8</EpisodeNumber>
  <FirstAired>2005-04-29</FirstAired>
  <GuestStars>|Nia Thomas| Austin Holcomb| Stacey Hipps| Ronesha Simons| Beth Bernstein| Madison Rose| Khadijah Maloney|</GuestStars>
  <IMDB_ID></IMDB_ID>
  <Language>en</Language>
  <Overview>Today's Wonder Showzen is brought to you by Patience. A strict demonstration of patience tries every ones nerves, audience included.
</Overview>
  <ProductionCode>108</ProductionCode>
  <Rating></Rating>
  <RatingCount>0</RatingCount>
  <SeasonNumber>1</SeasonNumber>
  <Writer>Vernon Chatman, John Lee</Writer>
  <absolute_number></absolute_number>
  <filename>episodes/78891/298345.jpg</filename>
  <lastupdated>1201235186</lastupdated>
  <seasonid>15811</seasonid>
  <seriesid>78891</seriesid>
</Episode>
<Episode>
  <id>324685</id>
  <Combined_episodenumber>1</Combined_episodenumber>
  <Combined_season>2</Combined_season>
  <DVD_chapter></DVD_chapter>
  <DVD_discid></DVD_discid>
  <DVD_episodenumber></DVD_episodenumber>
  <DVD_season></DVD_season>
  <Director>Vernon Chatman, John Lee</Director>
  <EpImgFlag></EpImgFlag>
  <EpisodeName>Body</EpisodeName>
  <EpisodeNumber>1</EpisodeNumber>
  <FirstAired>2006-03-31</FirstAired>
  <GuestStars>|Will Ryan|</GuestStars>
  <IMDB_ID></IMDB_ID>
  <Language>en</Language>
  <Overview>Pop sensation Letter P is literally ready to blow up, and it is making the gang sick.  Luckily, she learns that liposuction will not only make you a better person, it can save the world.
</Overview>
  <ProductionCode></ProductionCode>
  <Rating>9.0</Rating>
  <RatingCount>1</RatingCount>
  <SeasonNumber>2</SeasonNumber>
  <Writer>Vernon Chatman, John Lee</Writer>
  <absolute_number></absolute_number>
  <filename>episodes/78891/324685.jpg</filename>
  <lastupdated>1201235207</lastupdated>
  <seasonid>17414</seasonid>
  <seriesid>78891</seriesid>
</Episode>
<Episode>
  <id>324686</id>
  <Combined_episodenumber>2</Combined_episodenumber>
  <Combined_season>2</Combined_season>
  <DVD_chapter></DVD_chapter>
  <DVD_discid></DVD_discid>
  <DVD_episodenumber></DVD_episodenumber>
  <DVD_season></DVD_season>
  <Director>Vernon Chatman, John Lee</Director>
  <EpImgFlag></EpImgFlag>
  <EpisodeName>Time</EpisodeName>
  <EpisodeNumber>2</EpisodeNumber>
  <FirstAired>2006-04-07</FirstAired>
  <GuestStars>|Auden Galbraith|</GuestStars>
  <IMDB_ID></IMDB_ID>
  <Language>en</Language>
  <Overview>When Chauncey decides to travel in his time machine to mess with mental slowpokes, he discovers that he already beat himself to it.  Which Chauncey will survive?
</Overview>
  <ProductionCode></ProductionCode>
  <Rating></Rating>
  <RatingCount>0</RatingCount>
  <SeasonNumber>2</SeasonNumber>
  <Writer>Vernon Chatman, John Lee</Writer>
  <absolute_number></absolute_number>
  <filename>episodes/78891/324686.jpg</filename>
  <lastupdated>1201235214</lastupdated>
  <seasonid>17414</seasonid>
  <seriesid>78891</seriesid>
</Episode>
<Episode>
  <id>324687</id>
  <Combined_episodenumber>3</Combined_episodenumber>
  <Combined_season>2</Combined_season>
  <DVD_chapter></DVD_chapter>
  <DVD_discid></DVD_discid>
  <DVD_episodenumber></DVD_episodenumber>
  <DVD_season></DVD_season>
  <Director>John Lee, Vernon Chatman</Director>
  <EpImgFlag></EpImgFlag>
  <EpisodeName>Knowledge</EpisodeName>
  <EpisodeNumber>3</EpisodeNumber>
  <FirstAired>2006-04-14</FirstAired>
  <GuestStars>|Judah Friedlander| Jennifer Araki| Michael Birch| Chris Anderson| Barbara Ann Davidson| Charles Russell Drew| David Cross| Amy Poehler| Tony Oliver| Jasmine Torre| KC Roemer| Ptolemy Slocum| Jon Glaser| Heather Lawless| Timmy Ray| Peyton Ray| Philomena Loescher| Tyree King| Frances Hisgen| Penny Henzel| Juliet DePaula| Trevor Heins| Nicholas Aponte| Alex Kilgore|</GuestStars>
  <IMDB_ID></IMDB_ID>
  <Language>en</Language>
  <Overview>Middle America visits the show and the gang falls in love with his stupidity.  They even let him take control of Wonder Showzen.  The result is a big stinky horse apple.
</Overview>
  <ProductionCode></ProductionCode>
  <Rating></Rating>
  <RatingCount>0</RatingCount>
  <SeasonNumber>2</SeasonNumber>
  <Writer>Vernon Chatman, John Lee</Writer>
  <absolute_number></absolute_number>
  <filename>episodes/78891/324687.jpg</filename>
  <lastupdated>1201235221</lastupdated>
  <seasonid>17414</seasonid>
  <seriesid>78891</seriesid>
</Episode>
<Episode>
  <id>324688</id>
  <Combined_episodenumber>4</Combined_episodenumber>
  <Combined_season>2</Combined_season>
  <DVD_chapter></DVD_chapter>
  <DVD_discid></DVD_discid>
  <DVD_episodenumber></DVD_episodenumber>
  <DVD_season></DVD_season>
  <Director></Director>
  <EpImgFlag></EpImgFlag>
  <EpisodeName>Justice</EpisodeName>
  <EpisodeNumber>4</EpisodeNumber>
  <FirstAired>2006-04-21</FirstAired>
  <GuestStars>|Neville Archambault| Jasmine Torre| Jacob Kegan| Frances Hisgen| Penny Henzel| Robert  Gullery|</GuestStars>
  <IMDB_ID></IMDB_ID>
  <Language>en</Language>
  <Overview>In today's Ye Olde Wonder Showzen, the gang celebrates the idyllic good old days of America, when slavery and rape was more than a gleam in ye eye.
</Overview>
  <ProductionCode></ProductionCode>
  <Rating></Rating>
  <RatingCount>0</RatingCount>
  <SeasonNumber>2</SeasonNumber>
  <Writer></Writer>
  <absolute_number></absolute_number>
  <filename>episodes/78891/324688.jpg</filename>
  <lastupdated>1201235229</lastupdated>
  <seasonid>17414</seasonid>
  <seriesid>78891</seriesid>
</Episode>
<Episode>
  <id>324689</id>
  <Combined_episodenumber>5</Combined_episodenumber>
  <Combined_season>2</Combined_season>
  <DVD_chapter></DVD_chapter>
  <DVD_discid></DVD_discid>
  <DVD_episodenumber></DVD_episodenumber>
  <DVD_season></DVD_season>
  <Director></Director>
  <EpImgFlag></EpImgFlag>
  <EpisodeName>Science</EpisodeName>
  <EpisodeNumber>5</EpisodeNumber>
  <FirstAired>2006-04-28</FirstAired>
  <GuestStars>|Jamel Hudson| Alex de Castro| Anthony Claus| Kyle Bogert| Emma Watson II| Evan Seligman| Joshua James| Jacob Kogan|</GuestStars>
  <IMDB_ID></IMDB_ID>
  <Language>en</Language>
  <Overview>When Wordsworth is afraid to fight his fear, Chauncey and Him have a climb into his brain and change his mind from a boy into a man.
</Overview>
  <ProductionCode></ProductionCode>
  <Rating></Rating>
  <RatingCount>0</RatingCount>
  <SeasonNumber>2</SeasonNumber>
  <Writer></Writer>
  <absolute_number></absolute_number>
  <filename>episodes/78891/324689.jpg</filename>
  <lastupdated>1201235235</lastupdated>
  <seasonid>17414</seasonid>
  <seriesid>78891</seriesid>
</Episode>
<Episode>
  <id>324690</id>
  <Combined_episodenumber>6</Combined_episodenumber>
  <Combined_season>2</Combined_season>
  <DVD_chapter></DVD_chapter>
  <DVD_discid></DVD_discid>
  <DVD_episodenumber></DVD_episodenumber>
  <DVD_season></DVD_season>
  <Director></Director>
  <EpImgFlag></EpImgFlag>
  <EpisodeName>Cooperation</EpisodeName>
  <EpisodeNumber>6</EpisodeNumber>
  <FirstAired>2006-05-05</FirstAired>
  <GuestStars>|Emma Watson II| Evan Seligman| Jacob Kogan| Joshua James| Jamel Hudson| Alex de Castro| David Cross| Amy Poehler| Anthony Claus| Kyle Bogert|</GuestStars>
  <IMDB_ID></IMDB_ID>
  <Language>en</Language>
  <Overview>Wonder Showzen is so broke the gang buys a bootleg rip off and decide to show that instead.  Naturally, this results in war, and a compromise of apocalyptic dimensions.
</Overview>
  <ProductionCode></ProductionCode>
  <Rating></Rating>
  <RatingCount>0</RatingCount>
  <SeasonNumber>2</SeasonNumber>
  <Writer></Writer>
  <absolute_number></absolute_number>
  <filename>episodes/78891/324690.jpg</filename>
  <lastupdated>1201235242</lastupdated>
  <seasonid>17414</seasonid>
  <seriesid>78891</seriesid>
</Episode>
<Episode>
  <id>324691</id>
  <Combined_episodenumber>7</Combined_episodenumber>
  <Combined_season>2</Combined_season>
  <DVD_chapter></DVD_chapter>
  <DVD_discid></DVD_discid>
  <DVD_episodenumber></DVD_episodenumber>
  <DVD_season></DVD_season>
  <Director></Director>
  <EpImgFlag></EpImgFlag>
  <EpisodeName>Mathematics</EpisodeName>
  <EpisodeNumber>7</EpisodeNumber>
  <FirstAired>2006-05-12</FirstAired>
  <GuestStars>|Barbara Ann Davidson| David Cross| Michael Birch| Todd Barry| Judah Friedlander| Zach Galifianakis| Jon Glaser| Alex Kilgore| Heather Lawless| Will Ordham| K C Roemer| Ptolemy Slocum| Darlene Violette| Jen Araki| Charles Russell Drew|</GuestStars>
  <IMDB_ID></IMDB_ID>
  <Language>en</Language>
  <Overview>Attention: Due to the results of a recent network test marketing session, Wonder Showzen has been slightly retooled.

Today's Wonder Showzen has been replaced by a full episode of Horse Apples!
</Overview>
  <ProductionCode></ProductionCode>
  <Rating></Rating>
  <RatingCount>0</RatingCount>
  <SeasonNumber>2</SeasonNumber>
  <Writer></Writer>
  <absolute_number></absolute_number>
  <filename>episodes/78891/324691.jpg</filename>
  <lastupdated>1316948861</lastupdated>
  <seasonid>17414</seasonid>
  <seriesid>78891</seriesid>
</Episode>
<Episode>
  <id>324692</id>
  <Combined_episodenumber>8</Combined_episodenumber>
  <Combined_season>2</Combined_season>
  <DVD_chapter></DVD_chapter>
  <DVD_discid></DVD_discid>
  <DVD_episodenumber></DVD_episodenumber>
  <DVD_season></DVD_season>
  <Director></Director>
  <EpImgFlag></EpImgFlag>
  <EpisodeName>Clarence Special Report</EpisodeName>
  <EpisodeNumber>8</EpisodeNumber>
  <FirstAired>2006-05-19</FirstAired>
  <GuestStars></GuestStars>
  <IMDB_ID></IMDB_ID>
  <Language>en</Language>
  <Overview>A Clarence Special Report: Compelling Television.  Clarence seeks, captures, and defeats the notion of compelling television.
</Overview>
  <ProductionCode></ProductionCode>
  <Rating></Rating>
  <RatingCount>0</RatingCount>
  <SeasonNumber>2</SeasonNumber>
  <Writer></Writer>
  <absolute_number></absolute_number>
  <filename>episodes/78891/324692.jpg</filename>
  <lastupdated>1201235256</lastupdated>
  <seasonid>17414</seasonid>
  <seriesid>78891</seriesid>
</Episode>
</Data>