<?xml version="1.0" encoding="UTF-8" ?>
<Actors>
<Actor>
  <id>303085</id>
  <Image>actors/303085.jpg</Image>
  <Name>Daniella Alonso</Name>
  <Role>Nora Clayton</Role>
  <SortOrder>0</SortOrder>
</Actor>
<Actor>
  <id>298683</id>
  <Image>actors/298683.jpg</Image>
  <Name>Billy Burke</Name>
  <Role>Miles Matheson</Role>
  <SortOrder>0</SortOrder>
</Actor>
<Actor>
  <id>298682</id>
  <Image>actors/298682.jpg</Image>
  <Name>Tracy Spiridakos</Name>
  <Role>Charlie Matheson</Role>
  <SortOrder>0</SortOrder>
</Actor>
<Actor>
  <id>304223</id>
  <Image>actors/304223.jpg</Image>
  <Name>David Lyons</Name>
  <Role>Sebastian &quot;Bass&quot; Monroe</Role>
  <SortOrder>1</SortOrder>
</Actor>
<Actor>
  <id>303087</id>
  <Image>actors/303087.jpg</Image>
  <Name>Zak Orth</Name>
  <Role>Aaron Pittman</Role>
  <SortOrder>1</SortOrder>
</Actor>
<Actor>
  <id>298684</id>
  <Image>actors/298684.jpg</Image>
  <Name>Giancarlo Esposito</Name>
  <Role>Captain Tom Neville</Role>
  <SortOrder>1</SortOrder>
</Actor>
<Actor>
  <id>303088</id>
  <Image>actors/303088.jpg</Image>
  <Name>JD Pardo</Name>
  <Role>Nate Walker</Role>
  <SortOrder>3</SortOrder>
</Actor>
<Actor>
  <id>303086</id>
  <Image>actors/303086.jpg</Image>
  <Name>Maria Howell</Name>
  <Role>Grace Beaumont</Role>
  <SortOrder>3</SortOrder>
</Actor>
<Actor>
  <id>303084</id>
  <Image>actors/303084.jpg</Image>
  <Name>Graham Rogers</Name>
  <Role>Danny Matheson</Role>
  <SortOrder>3</SortOrder>
</Actor>
<Actor>
  <id>303082</id>
  <Image>actors/303082.jpg</Image>
  <Name>Elizabeth Mitchell</Name>
  <Role>Rachel Matheson</Role>
  <SortOrder>3</SortOrder>
</Actor>
<Actor>
  <id>303081</id>
  <Image>actors/303081.jpg</Image>
  <Name>Tim Guinee</Name>
  <Role>Ben Matheson</Role>
  <SortOrder>3</SortOrder>
</Actor>
</Actors>