<?xml version="1.0" encoding="UTF-8" ?>
<Data><Series>
  <id>258823</id>
  <Actors>|Daniella Alonso|Billy Burke|Tracy Spiridakos|David Lyons|Zak Orth|Giancarlo Esposito|JD Pardo|Maria Howell|Graham Rogers|Elizabeth Mitchell|Tim Guinee|</Actors>
  <Airs_DayOfWeek>Monday</Airs_DayOfWeek>
  <Airs_Time>10:00 PM</Airs_Time>
  <ContentRating>TV-14</ContentRating>
  <FirstAired>2012-09-17</FirstAired>
  <Genre>|Action|Adventure|Drama|Science-Fiction|</Genre>
  <IMDB_ID>tt2070791</IMDB_ID>
  <Language>en</Language>
  <Network>NBC</Network>
  <NetworkID></NetworkID>
  <Overview>Our entire way of life depends on electricity. So what would happen if it just stopped working? Well, one day, like a switch turned off, the world is suddenly thrust back into the dark ages. Planes fall from the sky, hospitals shut down, and communication is impossible. And without any modern technology, who can tell us why? Now, 15 years later, life is back to what it once was long before the industrial revolution: families living in quiet cul-de-sacs, and when the sun goes down lanterns and candles are lit. Life is slower and sweeter. Or is it? On the fringes of small farming communities, danger lurks. And a young woman's life is dramatically changed when a local militia arrives and kills her father, who mysteriously - and unbeknownst to her - had something to do with the blackout. This brutal encounter sets her and two unlikely companions off on a daring coming-of-age journey to find answers about the past in the hopes of reclaiming the future.</Overview>
  <Rating>7.5</Rating>
  <RatingCount>60</RatingCount>
  <Runtime>60</Runtime>
  <SeriesID>158541</SeriesID>
  <SeriesName>Revolution</SeriesName>
  <Status>Continuing</Status>
  <added>2012-05-07 15:27:20</added>
  <addedBy>348885</addedBy>
  <banner>graphical/258823-g6.jpg</banner>
  <fanart>fanart/original/258823-7.jpg</fanart>
  <lastupdated>1365597788</lastupdated>
  <poster>posters/258823-1.jpg</poster>
  <zap2it_id>EP01567902</zap2it_id>
</Series>
<Episode>
  <id>4400954</id>
  <Combined_episodenumber>1</Combined_episodenumber>
  <Combined_season>0</Combined_season>
  <DVD_chapter></DVD_chapter>
  <DVD_discid></DVD_discid>
  <DVD_episodenumber></DVD_episodenumber>
  <DVD_season></DVD_season>
  <Director></Director>
  <EpImgFlag>1</EpImgFlag>
  <EpisodeName>Revolution Revealed 01</EpisodeName>
  <EpisodeNumber>1</EpisodeNumber>
  <FirstAired>2012-09-17</FirstAired>
  <GuestStars></GuestStars>
  <IMDB_ID></IMDB_ID>
  <Language>en</Language>
  <Overview>Get the lowdown on the premiere episode from the actors and creators of Revolution.</Overview>
  <ProductionCode></ProductionCode>
  <Rating>9.0</Rating>
  <RatingCount>1</RatingCount>
  <SeasonNumber>0</SeasonNumber>
  <Writer></Writer>
  <absolute_number></absolute_number>
  <airsafter_season></airsafter_season>
  <airsbefore_episode>2</airsbefore_episode>
  <airsbefore_season>1</airsbefore_season>
  <filename>episodes/258823/4400954.jpg</filename>
  <lastupdated>1349773883</lastupdated>
  <seasonid>491873</seasonid>
  <seriesid>258823</seriesid>
</Episode>
<Episode>
  <id>4404881</id>
  <Combined_episodenumber>2</Combined_episodenumber>
  <Combined_season>0</Combined_season>
  <DVD_chapter></DVD_chapter>
  <DVD_discid></DVD_discid>
  <DVD_episodenumber></DVD_episodenumber>
  <DVD_season></DVD_season>
  <Director></Director>
  <EpImgFlag>1</EpImgFlag>
  <EpisodeName>Revolution Revealed 02</EpisodeName>
  <EpisodeNumber>2</EpisodeNumber>
  <FirstAired>2012-09-24</FirstAired>
  <GuestStars></GuestStars>
  <IMDB_ID></IMDB_ID>
  <Language>en</Language>
  <Overview>Cast and creators talk about the pendant, Danny as Neville's pawn and more.</Overview>
  <ProductionCode></ProductionCode>
  <Rating>8.0</Rating>
  <RatingCount>1</RatingCount>
  <SeasonNumber>0</SeasonNumber>
  <Writer></Writer>
  <absolute_number></absolute_number>
  <airsafter_season></airsafter_season>
  <airsbefore_episode>3</airsbefore_episode>
  <airsbefore_season>1</airsbefore_season>
  <filename>episodes/258823/4404881.jpg</filename>
  <lastupdated>1349773899</lastupdated>
  <seasonid>491873</seasonid>
  <seriesid>258823</seriesid>
</Episode>
<Episode>
  <id>4409803</id>
  <Combined_episodenumber>3</Combined_episodenumber>
  <Combined_season>0</Combined_season>
  <DVD_chapter></DVD_chapter>
  <DVD_discid></DVD_discid>
  <DVD_episodenumber></DVD_episodenumber>
  <DVD_season></DVD_season>
  <Director></Director>
  <EpImgFlag>1</EpImgFlag>
  <EpisodeName>Revolution Revealed 03</EpisodeName>
  <EpisodeNumber>3</EpisodeNumber>
  <FirstAired>2012-10-01</FirstAired>
  <GuestStars></GuestStars>
  <IMDB_ID></IMDB_ID>
  <Language>en</Language>
  <Overview>Erik Kripke and the cast talk about the perils of perception and best intentions in this week's episode.</Overview>
  <ProductionCode></ProductionCode>
  <Rating>8.0</Rating>
  <RatingCount>2</RatingCount>
  <SeasonNumber>0</SeasonNumber>
  <Writer></Writer>
  <absolute_number></absolute_number>
  <airsafter_season></airsafter_season>
  <airsbefore_episode>4</airsbefore_episode>
  <airsbefore_season>1</airsbefore_season>
  <filename>episodes/258823/4409803.jpg</filename>
  <lastupdated>1349773915</lastupdated>
  <seasonid>491873</seasonid>
  <seriesid>258823</seriesid>
</Episode>
<Episode>
  <id>4414180</id>
  <Combined_episodenumber>4</Combined_episodenumber>
  <Combined_season>0</Combined_season>
  <DVD_chapter></DVD_chapter>
  <DVD_discid></DVD_discid>
  <DVD_episodenumber></DVD_episodenumber>
  <DVD_season></DVD_season>
  <Director></Director>
  <EpImgFlag>1</EpImgFlag>
  <EpisodeName>Revolution Revealed 04</EpisodeName>
  <EpisodeNumber>4</EpisodeNumber>
  <FirstAired>2012-10-08</FirstAired>
  <GuestStars></GuestStars>
  <IMDB_ID></IMDB_ID>
  <Language>en</Language>
  <Overview>The show creators and cast talk about themes of redemption and sacrifice in &quot;The Plague Dogs.&quot;</Overview>
  <ProductionCode></ProductionCode>
  <Rating></Rating>
  <RatingCount>0</RatingCount>
  <SeasonNumber>0</SeasonNumber>
  <Writer></Writer>
  <absolute_number></absolute_number>
  <airsafter_season></airsafter_season>
  <airsbefore_episode>5</airsbefore_episode>
  <airsbefore_season>1</airsbefore_season>
  <filename>episodes/258823/4414180.jpg</filename>
  <lastupdated>1349773936</lastupdated>
  <seasonid>491873</seasonid>
  <seriesid>258823</seriesid>
</Episode>
<Episode>
  <id>4418810</id>
  <Combined_episodenumber>5</Combined_episodenumber>
  <Combined_season>0</Combined_season>
  <DVD_chapter></DVD_chapter>
  <DVD_discid></DVD_discid>
  <DVD_episodenumber></DVD_episodenumber>
  <DVD_season></DVD_season>
  <Director></Director>
  <EpImgFlag>1</EpImgFlag>
  <EpisodeName>Revolution Revealed 05</EpisodeName>
  <EpisodeNumber>5</EpisodeNumber>
  <FirstAired>2012-10-15</FirstAired>
  <GuestStars></GuestStars>
  <IMDB_ID></IMDB_ID>
  <Language>en</Language>
  <Overview>Eric Kripke and the cast talk about the mythological what if posed in &quot;Soul Train.&quot;</Overview>
  <ProductionCode></ProductionCode>
  <Rating>7.0</Rating>
  <RatingCount>1</RatingCount>
  <SeasonNumber>0</SeasonNumber>
  <Writer></Writer>
  <absolute_number></absolute_number>
  <airsafter_season></airsafter_season>
  <airsbefore_episode>6</airsbefore_episode>
  <airsbefore_season>1</airsbefore_season>
  <filename>episodes/258823/4418810.jpg</filename>
  <lastupdated>1350367879</lastupdated>
  <seasonid>491873</seasonid>
  <seriesid>258823</seriesid>
</Episode>
<Episode>
  <id>4427774</id>
  <Combined_episodenumber>6</Combined_episodenumber>
  <Combined_season>0</Combined_season>
  <DVD_chapter></DVD_chapter>
  <DVD_discid></DVD_discid>
  <DVD_episodenumber></DVD_episodenumber>
  <DVD_season></DVD_season>
  <Director></Director>
  <EpImgFlag>1</EpImgFlag>
  <EpisodeName>Revolution Revealed 06</EpisodeName>
  <EpisodeNumber>6</EpisodeNumber>
  <FirstAired>2012-10-29</FirstAired>
  <GuestStars></GuestStars>
  <IMDB_ID></IMDB_ID>
  <Language>en</Language>
  <Overview>Eric Kripke and the cast talk about themes of urgent choices in &quot;Sex and Drugs.&quot;</Overview>
  <ProductionCode></ProductionCode>
  <Rating>8.0</Rating>
  <RatingCount>1</RatingCount>
  <SeasonNumber>0</SeasonNumber>
  <Writer></Writer>
  <absolute_number></absolute_number>
  <airsafter_season></airsafter_season>
  <airsbefore_episode>7</airsbefore_episode>
  <airsbefore_season>1</airsbefore_season>
  <filename>episodes/258823/4427774.jpg</filename>
  <lastupdated>1351595885</lastupdated>
  <seasonid>491873</seasonid>
  <seriesid>258823</seriesid>
</Episode>
<Episode>
  <id>4432275</id>
  <Combined_episodenumber>7</Combined_episodenumber>
  <Combined_season>0</Combined_season>
  <DVD_chapter></DVD_chapter>
  <DVD_discid></DVD_discid>
  <DVD_episodenumber></DVD_episodenumber>
  <DVD_season></DVD_season>
  <Director></Director>
  <EpImgFlag>1</EpImgFlag>
  <EpisodeName>Revolution Revealed 07</EpisodeName>
  <EpisodeNumber>7</EpisodeNumber>
  <FirstAired>2012-11-05</FirstAired>
  <GuestStars></GuestStars>
  <IMDB_ID></IMDB_ID>
  <Language>en</Language>
  <Overview>Eric Kripke and the cast deconstruct the character of Revolution's reluctant - and guilty - hero, Miles Matheson.</Overview>
  <ProductionCode></ProductionCode>
  <Rating>9.0</Rating>
  <RatingCount>1</RatingCount>
  <SeasonNumber>0</SeasonNumber>
  <Writer></Writer>
  <absolute_number></absolute_number>
  <airsafter_season></airsafter_season>
  <airsbefore_episode>8</airsbefore_episode>
  <airsbefore_season>1</airsbefore_season>
  <filename>episodes/258823/4432275.jpg</filename>
  <lastupdated>1352206228</lastupdated>
  <seasonid>491873</seasonid>
  <seriesid>258823</seriesid>
</Episode>
<Episode>
  <id>4436604</id>
  <Combined_episodenumber>8</Combined_episodenumber>
  <Combined_season>0</Combined_season>
  <DVD_chapter></DVD_chapter>
  <DVD_discid></DVD_discid>
  <DVD_episodenumber></DVD_episodenumber>
  <DVD_season></DVD_season>
  <Director></Director>
  <EpImgFlag>1</EpImgFlag>
  <EpisodeName>Revolution Revealed 08</EpisodeName>
  <EpisodeNumber>8</EpisodeNumber>
  <FirstAired>2012-11-12</FirstAired>
  <GuestStars></GuestStars>
  <IMDB_ID></IMDB_ID>
  <Language>en</Language>
  <Overview>Show creator Eric Kripke talks about Nora's mythology and the fun of writing for &quot;bad guy&quot; characters.</Overview>
  <ProductionCode></ProductionCode>
  <Rating></Rating>
  <RatingCount>0</RatingCount>
  <SeasonNumber>0</SeasonNumber>
  <Writer></Writer>
  <absolute_number></absolute_number>
  <airsafter_season></airsafter_season>
  <airsbefore_episode>9</airsbefore_episode>
  <airsbefore_season>1</airsbefore_season>
  <filename>episodes/258823/4436604.jpg</filename>
  <lastupdated>1352802272</lastupdated>
  <seasonid>491873</seasonid>
  <seriesid>258823</seriesid>
</Episode>
<Episode>
  <id>4439999</id>
  <Combined_episodenumber>9</Combined_episodenumber>
  <Combined_season>0</Combined_season>
  <DVD_chapter></DVD_chapter>
  <DVD_discid></DVD_discid>
  <DVD_episodenumber></DVD_episodenumber>
  <DVD_season></DVD_season>
  <Director></Director>
  <EpImgFlag>1</EpImgFlag>
  <EpisodeName>Revolution Revealed 09</EpisodeName>
  <EpisodeNumber>9</EpisodeNumber>
  <FirstAired>2012-11-19</FirstAired>
  <GuestStars></GuestStars>
  <IMDB_ID></IMDB_ID>
  <Language>en</Language>
  <Overview>The heroes of Revolution walk into the belly of the beast.</Overview>
  <ProductionCode></ProductionCode>
  <Rating></Rating>
  <RatingCount>0</RatingCount>
  <SeasonNumber>0</SeasonNumber>
  <Writer></Writer>
  <absolute_number></absolute_number>
  <airsafter_season></airsafter_season>
  <airsbefore_episode>10</airsbefore_episode>
  <airsbefore_season>1</airsbefore_season>
  <filename>episodes/258823/4439999.jpg</filename>
  <lastupdated>1353393806</lastupdated>
  <seasonid>491873</seasonid>
  <seriesid>258823</seriesid>
</Episode>
<Episode>
  <id>4443417</id>
  <Combined_episodenumber>10</Combined_episodenumber>
  <Combined_season>0</Combined_season>
  <DVD_chapter></DVD_chapter>
  <DVD_discid></DVD_discid>
  <DVD_episodenumber></DVD_episodenumber>
  <DVD_season></DVD_season>
  <Director></Director>
  <EpImgFlag>1</EpImgFlag>
  <EpisodeName>Revolution Revealed 10</EpisodeName>
  <EpisodeNumber>10</EpisodeNumber>
  <FirstAired>2012-11-26</FirstAired>
  <GuestStars></GuestStars>
  <IMDB_ID></IMDB_ID>
  <Language>en</Language>
  <Overview>Erik Kripke and the cast weigh in on the fall finale, Revolution's biggest episode to date!</Overview>
  <ProductionCode></ProductionCode>
  <Rating></Rating>
  <RatingCount>0</RatingCount>
  <SeasonNumber>0</SeasonNumber>
  <Writer></Writer>
  <absolute_number></absolute_number>
  <airsafter_season></airsafter_season>
  <airsbefore_episode>11</airsbefore_episode>
  <airsbefore_season>1</airsbefore_season>
  <filename>episodes/258823/4443417.jpg</filename>
  <lastupdated>1354012403</lastupdated>
  <seasonid>491873</seasonid>
  <seriesid>258823</seriesid>
</Episode>
<Episode>
  <id>4495243</id>
  <Combined_episodenumber>11</Combined_episodenumber>
  <Combined_season>0</Combined_season>
  <DVD_chapter></DVD_chapter>
  <DVD_discid></DVD_discid>
  <DVD_episodenumber></DVD_episodenumber>
  <DVD_season></DVD_season>
  <Director></Director>
  <EpImgFlag>2</EpImgFlag>
  <EpisodeName>Wheatley's Letters: May 7th</EpisodeName>
  <EpisodeNumber>11</EpisodeNumber>
  <FirstAired>2013-01-22</FirstAired>
  <GuestStars></GuestStars>
  <IMDB_ID></IMDB_ID>
  <Language>en</Language>
  <Overview>Meet Militia Corporal Joseph Wheatley, working undercover to undermine the Rebels.</Overview>
  <ProductionCode></ProductionCode>
  <Rating></Rating>
  <RatingCount>0</RatingCount>
  <SeasonNumber>0</SeasonNumber>
  <Writer></Writer>
  <absolute_number></absolute_number>
  <airsafter_season></airsafter_season>
  <airsbefore_episode>11</airsbefore_episode>
  <airsbefore_season>1</airsbefore_season>
  <filename>episodes/258823/4495243.jpg</filename>
  <lastupdated>1363367642</lastupdated>
  <seasonid>491873</seasonid>
  <seriesid>258823</seriesid>
</Episode>
<Episode>
  <id>4495244</id>
  <Combined_episodenumber>12</Combined_episodenumber>
  <Combined_season>0</Combined_season>
  <DVD_chapter></DVD_chapter>
  <DVD_discid></DVD_discid>
  <DVD_episodenumber></DVD_episodenumber>
  <DVD_season></DVD_season>
  <Director></Director>
  <EpImgFlag>2</EpImgFlag>
  <EpisodeName>Wheatley's Letters: August 10th</EpisodeName>
  <EpisodeNumber>12</EpisodeNumber>
  <FirstAired>2013-01-28</FirstAired>
  <GuestStars></GuestStars>
  <IMDB_ID></IMDB_ID>
  <Language>en</Language>
  <Overview>The Rebels have no idea there's a dangerous traitor among them...</Overview>
  <ProductionCode></ProductionCode>
  <Rating></Rating>
  <RatingCount>0</RatingCount>
  <SeasonNumber>0</SeasonNumber>
  <Writer></Writer>
  <absolute_number></absolute_number>
  <airsafter_season></airsafter_season>
  <airsbefore_episode>11</airsbefore_episode>
  <airsbefore_season>1</airsbefore_season>
  <filename>episodes/258823/4495244.jpg</filename>
  <lastupdated>1363367778</lastupdated>
  <seasonid>491873</seasonid>
  <seriesid>258823</seriesid>
</Episode>
<Episode>
  <id>4495246</id>
  <Combined_episodenumber>13</Combined_episodenumber>
  <Combined_season>0</Combined_season>
  <DVD_chapter></DVD_chapter>
  <DVD_discid></DVD_discid>
  <DVD_episodenumber></DVD_episodenumber>
  <DVD_season></DVD_season>
  <Director></Director>
  <EpImgFlag>2</EpImgFlag>
  <EpisodeName>Wheatley's Letters: October 15th</EpisodeName>
  <EpisodeNumber>13</EpisodeNumber>
  <FirstAired>2013-02-04</FirstAired>
  <GuestStars></GuestStars>
  <IMDB_ID></IMDB_ID>
  <Language>en</Language>
  <Overview>Has Wheatley been turned or did the Militia mess up?</Overview>
  <ProductionCode></ProductionCode>
  <Rating></Rating>
  <RatingCount>0</RatingCount>
  <SeasonNumber>0</SeasonNumber>
  <Writer></Writer>
  <absolute_number></absolute_number>
  <airsafter_season></airsafter_season>
  <airsbefore_episode>11</airsbefore_episode>
  <airsbefore_season>1</airsbefore_season>
  <filename>episodes/258823/4495246.jpg</filename>
  <lastupdated>1363367858</lastupdated>
  <seasonid>491873</seasonid>
  <seriesid>258823</seriesid>
</Episode>
<Episode>
  <id>4499541</id>
  <Combined_episodenumber>14</Combined_episodenumber>
  <Combined_season>0</Combined_season>
  <DVD_chapter></DVD_chapter>
  <DVD_discid></DVD_discid>
  <DVD_episodenumber></DVD_episodenumber>
  <DVD_season></DVD_season>
  <Director></Director>
  <EpImgFlag>2</EpImgFlag>
  <EpisodeName>Wheatley's Letters: March 3rd</EpisodeName>
  <EpisodeNumber>14</EpisodeNumber>
  <FirstAired>2013-02-11</FirstAired>
  <GuestStars></GuestStars>
  <IMDB_ID></IMDB_ID>
  <Language>en</Language>
  <Overview>Feigning patriotism, Wheatley earns a promotion from the Rebels.
</Overview>
  <ProductionCode></ProductionCode>
  <Rating></Rating>
  <RatingCount>0</RatingCount>
  <SeasonNumber>0</SeasonNumber>
  <Writer></Writer>
  <absolute_number></absolute_number>
  <airsafter_season></airsafter_season>
  <airsbefore_episode>11</airsbefore_episode>
  <airsbefore_season>1</airsbefore_season>
  <filename>episodes/258823/4499541.jpg</filename>
  <lastupdated>1363367926</lastupdated>
  <seasonid>491873</seasonid>
  <seriesid>258823</seriesid>
</Episode>
<Episode>
  <id>4505298</id>
  <Combined_episodenumber>15</Combined_episodenumber>
  <Combined_season>0</Combined_season>
  <DVD_chapter></DVD_chapter>
  <DVD_discid></DVD_discid>
  <DVD_episodenumber></DVD_episodenumber>
  <DVD_season></DVD_season>
  <Director></Director>
  <EpImgFlag>2</EpImgFlag>
  <EpisodeName>Wheatley's Letters: May 23rd</EpisodeName>
  <EpisodeNumber>15</EpisodeNumber>
  <FirstAired>2013-02-18</FirstAired>
  <GuestStars></GuestStars>
  <IMDB_ID></IMDB_ID>
  <Language>en</Language>
  <Overview>The forgotten Militia operative recalls the day the power went off.</Overview>
  <ProductionCode></ProductionCode>
  <Rating></Rating>
  <RatingCount>0</RatingCount>
  <SeasonNumber>0</SeasonNumber>
  <Writer></Writer>
  <absolute_number></absolute_number>
  <airsafter_season></airsafter_season>
  <airsbefore_episode>11</airsbefore_episode>
  <airsbefore_season>1</airsbefore_season>
  <filename>episodes/258823/4505298.jpg</filename>
  <lastupdated>1363368024</lastupdated>
  <seasonid>491873</seasonid>
  <seriesid>258823</seriesid>
</Episode>
<Episode>
  <id>4510299</id>
  <Combined_episodenumber>16</Combined_episodenumber>
  <Combined_season>0</Combined_season>
  <DVD_chapter></DVD_chapter>
  <DVD_discid></DVD_discid>
  <DVD_episodenumber></DVD_episodenumber>
  <DVD_season></DVD_season>
  <Director></Director>
  <EpImgFlag>2</EpImgFlag>
  <EpisodeName> Wheatley's Letters: September 15th</EpisodeName>
  <EpisodeNumber>16</EpisodeNumber>
  <FirstAired>2013-02-25</FirstAired>
  <GuestStars></GuestStars>
  <IMDB_ID></IMDB_ID>
  <Language>en</Language>
  <Overview>Wheatley lays out his nefarious plan for Miles.</Overview>
  <ProductionCode></ProductionCode>
  <Rating></Rating>
  <RatingCount>0</RatingCount>
  <SeasonNumber>0</SeasonNumber>
  <Writer></Writer>
  <absolute_number></absolute_number>
  <airsafter_season></airsafter_season>
  <airsbefore_episode>11</airsbefore_episode>
  <airsbefore_season>1</airsbefore_season>
  <filename>episodes/258823/4510299.jpg</filename>
  <lastupdated>1364374070</lastupdated>
  <seasonid>491873</seasonid>
  <seriesid>258823</seriesid>
</Episode>
<Episode>
  <id>4510317</id>
  <Combined_episodenumber>17</Combined_episodenumber>
  <Combined_season>0</Combined_season>
  <DVD_chapter></DVD_chapter>
  <DVD_discid></DVD_discid>
  <DVD_episodenumber></DVD_episodenumber>
  <DVD_season></DVD_season>
  <Director></Director>
  <EpImgFlag>2</EpImgFlag>
  <EpisodeName>Enemies of the State: Part 1</EpisodeName>
  <EpisodeNumber>17</EpisodeNumber>
  <FirstAired>2013-02-25</FirstAired>
  <GuestStars></GuestStars>
  <IMDB_ID></IMDB_ID>
  <Language>en</Language>
  <Overview>Monroe orders Neville to embark on a manhunt that will forever change the Republic.</Overview>
  <ProductionCode></ProductionCode>
  <Rating>9.0</Rating>
  <RatingCount>1</RatingCount>
  <SeasonNumber>0</SeasonNumber>
  <Writer></Writer>
  <absolute_number></absolute_number>
  <airsafter_season></airsafter_season>
  <airsbefore_episode>11</airsbefore_episode>
  <airsbefore_season>1</airsbefore_season>
  <filename>episodes/258823/4510317.jpg</filename>
  <lastupdated>1364381218</lastupdated>
  <seasonid>491873</seasonid>
  <seriesid>258823</seriesid>
</Episode>
<Episode>
  <id>4516725</id>
  <Combined_episodenumber>18</Combined_episodenumber>
  <Combined_season>0</Combined_season>
  <DVD_chapter></DVD_chapter>
  <DVD_discid></DVD_discid>
  <DVD_episodenumber></DVD_episodenumber>
  <DVD_season></DVD_season>
  <Director></Director>
  <EpImgFlag>2</EpImgFlag>
  <EpisodeName> Enemies of the State: Part 2</EpisodeName>
  <EpisodeNumber>18</EpisodeNumber>
  <FirstAired>2013-03-04</FirstAired>
  <GuestStars></GuestStars>
  <IMDB_ID></IMDB_ID>
  <Language>en</Language>
  <Overview>Neville puts a velvet glove on his iron fist to shake down a madame for intel on Miles.</Overview>
  <ProductionCode></ProductionCode>
  <Rating></Rating>
  <RatingCount>0</RatingCount>
  <SeasonNumber>0</SeasonNumber>
  <Writer></Writer>
  <absolute_number></absolute_number>
  <airsafter_season></airsafter_season>
  <airsbefore_episode>11</airsbefore_episode>
  <airsbefore_season>1</airsbefore_season>
  <filename>episodes/258823/4516725.jpg</filename>
  <lastupdated>1364381609</lastupdated>
  <seasonid>491873</seasonid>
  <seriesid>258823</seriesid>
</Episode>
<Episode>
  <id>4521075</id>
  <Combined_episodenumber>19</Combined_episodenumber>
  <Combined_season>0</Combined_season>
  <DVD_chapter></DVD_chapter>
  <DVD_discid></DVD_discid>
  <DVD_episodenumber></DVD_episodenumber>
  <DVD_season></DVD_season>
  <Director></Director>
  <EpImgFlag>2</EpImgFlag>
  <EpisodeName>Enemies of the State: Part 3</EpisodeName>
  <EpisodeNumber>19</EpisodeNumber>
  <FirstAired>2013-03-11</FirstAired>
  <GuestStars></GuestStars>
  <IMDB_ID></IMDB_ID>
  <Language>en</Language>
  <Overview>During his interrogation, a Militia conspirator tells Neville that Monroe isn't the man he used to be.
</Overview>
  <ProductionCode></ProductionCode>
  <Rating></Rating>
  <RatingCount>0</RatingCount>
  <SeasonNumber>0</SeasonNumber>
  <Writer></Writer>
  <absolute_number></absolute_number>
  <airsafter_season></airsafter_season>
  <airsbefore_episode>11</airsbefore_episode>
  <airsbefore_season>1</airsbefore_season>
  <filename>episodes/258823/4521075.jpg</filename>
  <lastupdated>1364383391</lastupdated>
  <seasonid>491873</seasonid>
  <seriesid>258823</seriesid>
</Episode>
<Episode>
  <id>4527853</id>
  <Combined_episodenumber>20</Combined_episodenumber>
  <Combined_season>0</Combined_season>
  <DVD_chapter></DVD_chapter>
  <DVD_discid></DVD_discid>
  <DVD_episodenumber></DVD_episodenumber>
  <DVD_season></DVD_season>
  <Director></Director>
  <EpImgFlag>2</EpImgFlag>
  <EpisodeName> Enemies of the State: Part 4</EpisodeName>
  <EpisodeNumber>20</EpisodeNumber>
  <FirstAired>2013-03-18</FirstAired>
  <GuestStars></GuestStars>
  <IMDB_ID></IMDB_ID>
  <Language>en</Language>
  <Overview>After he completed his investigation, will his unquenchable quest for truth lead Neville to death?</Overview>
  <ProductionCode></ProductionCode>
  <Rating></Rating>
  <RatingCount>0</RatingCount>
  <SeasonNumber>0</SeasonNumber>
  <Writer></Writer>
  <absolute_number></absolute_number>
  <airsafter_season></airsafter_season>
  <airsbefore_episode>11</airsbefore_episode>
  <airsbefore_season>1</airsbefore_season>
  <filename>episodes/258823/4527853.jpg</filename>
  <lastupdated>1364392128</lastupdated>
  <seasonid>491873</seasonid>
  <seriesid>258823</seriesid>
</Episode>
<Episode>
  <id>4532310</id>
  <Combined_episodenumber>21</Combined_episodenumber>
  <Combined_season>0</Combined_season>
  <DVD_chapter></DVD_chapter>
  <DVD_discid></DVD_discid>
  <DVD_episodenumber></DVD_episodenumber>
  <DVD_season></DVD_season>
  <Director></Director>
  <EpImgFlag>2</EpImgFlag>
  <EpisodeName>Enemies of the State: Part 5</EpisodeName>
  <EpisodeNumber>21</EpisodeNumber>
  <FirstAired>2013-03-25</FirstAired>
  <GuestStars></GuestStars>
  <IMDB_ID></IMDB_ID>
  <Language>en</Language>
  <Overview>After promoting Neville, an eerily composed Monroe sends him on a mission to find Ben Matheson.</Overview>
  <ProductionCode></ProductionCode>
  <Rating></Rating>
  <RatingCount>0</RatingCount>
  <SeasonNumber>0</SeasonNumber>
  <Writer></Writer>
  <absolute_number></absolute_number>
  <airsafter_season></airsafter_season>
  <airsbefore_episode>11</airsbefore_episode>
  <airsbefore_season>1</airsbefore_season>
  <filename>episodes/258823/4532310.jpg</filename>
  <lastupdated>1364236569</lastupdated>
  <seasonid>491873</seasonid>
  <seriesid>258823</seriesid>
</Episode>
<Episode>
  <id>4533237</id>
  <Combined_episodenumber>22</Combined_episodenumber>
  <Combined_season>0</Combined_season>
  <DVD_chapter></DVD_chapter>
  <DVD_discid></DVD_discid>
  <DVD_episodenumber></DVD_episodenumber>
  <DVD_season></DVD_season>
  <Director></Director>
  <EpImgFlag>2</EpImgFlag>
  <EpisodeName>Revolution Revealed 11</EpisodeName>
  <EpisodeNumber>22</EpisodeNumber>
  <FirstAired>2013-03-25</FirstAired>
  <GuestStars></GuestStars>
  <IMDB_ID></IMDB_ID>
  <Language>en</Language>
  <Overview>The cast and crew discuss the shocking twists in store for &quot;The Stand&quot;.
</Overview>
  <ProductionCode></ProductionCode>
  <Rating></Rating>
  <RatingCount>0</RatingCount>
  <SeasonNumber>0</SeasonNumber>
  <Writer></Writer>
  <absolute_number></absolute_number>
  <airsafter_season></airsafter_season>
  <airsbefore_episode>12</airsbefore_episode>
  <airsbefore_season>1</airsbefore_season>
  <filename>episodes/258823/4533237.jpg</filename>
  <lastupdated>1364328556</lastupdated>
  <seasonid>491873</seasonid>
  <seriesid>258823</seriesid>
</Episode>
<Episode>
  <id>4542858</id>
  <Combined_episodenumber>23</Combined_episodenumber>
  <Combined_season>0</Combined_season>
  <DVD_chapter></DVD_chapter>
  <DVD_discid></DVD_discid>
  <DVD_episodenumber></DVD_episodenumber>
  <DVD_season></DVD_season>
  <Director></Director>
  <EpImgFlag>2</EpImgFlag>
  <EpisodeName>Revolution Revealed 12</EpisodeName>
  <EpisodeNumber>23</EpisodeNumber>
  <FirstAired>2013-04-01</FirstAired>
  <GuestStars></GuestStars>
  <IMDB_ID></IMDB_ID>
  <Language>en</Language>
  <Overview>Go behind the scenes with the cast on the set of &quot;Ghosts.&quot;</Overview>
  <ProductionCode></ProductionCode>
  <Rating></Rating>
  <RatingCount>0</RatingCount>
  <SeasonNumber>0</SeasonNumber>
  <Writer></Writer>
  <absolute_number></absolute_number>
  <airsafter_season></airsafter_season>
  <airsbefore_episode>13</airsbefore_episode>
  <airsbefore_season>1</airsbefore_season>
  <filename>episodes/258823/4542858.jpg</filename>
  <lastupdated>1365518040</lastupdated>
  <seasonid>491873</seasonid>
  <seriesid>258823</seriesid>
</Episode>
<Episode>
  <id>4542859</id>
  <Combined_episodenumber>24</Combined_episodenumber>
  <Combined_season>0</Combined_season>
  <DVD_chapter></DVD_chapter>
  <DVD_discid></DVD_discid>
  <DVD_episodenumber></DVD_episodenumber>
  <DVD_season></DVD_season>
  <Director></Director>
  <EpImgFlag>2</EpImgFlag>
  <EpisodeName>Revolution Revealed 13</EpisodeName>
  <EpisodeNumber>24</EpisodeNumber>
  <FirstAired>2013-04-08</FirstAired>
  <GuestStars></GuestStars>
  <IMDB_ID></IMDB_ID>
  <Language>en</Language>
  <Overview>The series creator and cast discuss Rachel's homicidal tendencies... and her secrets.</Overview>
  <ProductionCode></ProductionCode>
  <Rating></Rating>
  <RatingCount>0</RatingCount>
  <SeasonNumber>0</SeasonNumber>
  <Writer></Writer>
  <absolute_number></absolute_number>
  <airsafter_season></airsafter_season>
  <airsbefore_episode>14</airsbefore_episode>
  <airsbefore_season>1</airsbefore_season>
  <filename>episodes/258823/4542859.jpg</filename>
  <lastupdated>1365518167</lastupdated>
  <seasonid>491873</seasonid>
  <seriesid>258823</seriesid>
</Episode>
<Episode>
  <id>4323128</id>
  <Combined_episodenumber>1</Combined_episodenumber>
  <Combined_season>1</Combined_season>
  <DVD_chapter></DVD_chapter>
  <DVD_discid></DVD_discid>
  <DVD_episodenumber></DVD_episodenumber>
  <DVD_season></DVD_season>
  <Director>Jon Favreau</Director>
  <EpImgFlag>2</EpImgFlag>
  <EpisodeName>Pilot</EpisodeName>
  <EpisodeNumber>1</EpisodeNumber>
  <FirstAired>2012-09-17</FirstAired>
  <GuestStars></GuestStars>
  <IMDB_ID>tt2403715</IMDB_ID>
  <Language>en</Language>
  <Overview>A family struggles in an American landscape of empty cities, militias and freedom fighters, where every piece of technology has blacked out forever.</Overview>
  <ProductionCode>296830</ProductionCode>
  <Rating>7.5</Rating>
  <RatingCount>137</RatingCount>
  <SeasonNumber>1</SeasonNumber>
  <Writer>Eric Kripke</Writer>
  <absolute_number>1</absolute_number>
  <filename>episodes/258823/4323128.jpg</filename>
  <lastupdated>1365367203</lastupdated>
  <seasonid>491957</seasonid>
  <seriesid>258823</seriesid>
</Episode>
<Episode>
  <id>4364984</id>
  <Combined_episodenumber>2</Combined_episodenumber>
  <Combined_season>1</Combined_season>
  <DVD_chapter></DVD_chapter>
  <DVD_discid></DVD_discid>
  <DVD_episodenumber></DVD_episodenumber>
  <DVD_season></DVD_season>
  <Director>Charles Beeson</Director>
  <EpImgFlag>2</EpImgFlag>
  <EpisodeName>Chained Heat</EpisodeName>
  <EpisodeNumber>2</EpisodeNumber>
  <FirstAired>2012-09-24</FirstAired>
  <GuestStars>C. Thomas Howell|Maria Howell|David Meunier</GuestStars>
  <IMDB_ID>tt2271428</IMDB_ID>
  <Language>en</Language>
  <Overview>In order to rescue Danny, Miles knows he and the gang will need help. Thus, the search begins for Nora, a rebel fighter battling against the Militia. Meanwhile, Aaron confides in Maggie and Danny lays witness to what Captain Neville is capable of. </Overview>
  <ProductionCode>2J7102</ProductionCode>
  <Rating>7.4</Rating>
  <RatingCount>122</RatingCount>
  <SeasonNumber>1</SeasonNumber>
  <Writer>Eric Kripke</Writer>
  <absolute_number>2</absolute_number>
  <filename>episodes/258823/4364984.jpg</filename>
  <lastupdated>1365367216</lastupdated>
  <seasonid>491957</seasonid>
  <seriesid>258823</seriesid>
</Episode>
<Episode>
  <id>4364985</id>
  <Combined_episodenumber>3</Combined_episodenumber>
  <Combined_season>1</Combined_season>
  <DVD_chapter></DVD_chapter>
  <DVD_discid></DVD_discid>
  <DVD_episodenumber></DVD_episodenumber>
  <DVD_season></DVD_season>
  <Director>Sanford Bookstaver</Director>
  <EpImgFlag>2</EpImgFlag>
  <EpisodeName>No Quarter</EpisodeName>
  <EpisodeNumber>3</EpisodeNumber>
  <FirstAired>2012-10-01</FirstAired>
  <GuestStars>Michael Mosley|Mark Pellegrino|Derek Webster</GuestStars>
  <IMDB_ID>tt2311060</IMDB_ID>
  <Language>en</Language>
  <Overview>On the run from the Militia, Nora leads Miles and Charlie back to the Rebel camp. Aaron and Maggie search for Grace, and Danny stands up to one of Captain Neville’s men.</Overview>
  <ProductionCode></ProductionCode>
  <Rating>7.6</Rating>
  <RatingCount>110</RatingCount>
  <SeasonNumber>1</SeasonNumber>
  <Writer>Monica Owusu-Breen</Writer>
  <absolute_number>3</absolute_number>
  <filename>episodes/258823/4364985.jpg</filename>
  <lastupdated>1365367231</lastupdated>
  <seasonid>491957</seasonid>
  <seriesid>258823</seriesid>
</Episode>
<Episode>
  <id>4364986</id>
  <Combined_episodenumber>4</Combined_episodenumber>
  <Combined_season>1</Combined_season>
  <DVD_chapter></DVD_chapter>
  <DVD_discid></DVD_discid>
  <DVD_episodenumber></DVD_episodenumber>
  <DVD_season></DVD_season>
  <Director>Felix Alcala</Director>
  <EpImgFlag>2</EpImgFlag>
  <EpisodeName>The Plague Dogs</EpisodeName>
  <EpisodeNumber>4</EpisodeNumber>
  <FirstAired>2012-10-08</FirstAired>
  <GuestStars>Michael Bowen|David Meunier</GuestStars>
  <IMDB_ID>tt2311062</IMDB_ID>
  <Language>en</Language>
  <Overview>As Charlie and Miles travel with Nora in hope of meeting up with Maggie and Aaron, Nate tracks their every move. Unforeseeable challenges await the gang.</Overview>
  <ProductionCode></ProductionCode>
  <Rating>7.5</Rating>
  <RatingCount>107</RatingCount>
  <SeasonNumber>1</SeasonNumber>
  <Writer>Anne Cofell Saunders</Writer>
  <absolute_number>4</absolute_number>
  <filename>episodes/258823/4364986.jpg</filename>
  <lastupdated>1365367248</lastupdated>
  <seasonid>491957</seasonid>
  <seriesid>258823</seriesid>
</Episode>
<Episode>
  <id>4364987</id>
  <Combined_episodenumber>5</Combined_episodenumber>
  <Combined_season>1</Combined_season>
  <DVD_chapter></DVD_chapter>
  <DVD_discid></DVD_discid>
  <DVD_episodenumber></DVD_episodenumber>
  <DVD_season></DVD_season>
  <Director>Jon Cassar</Director>
  <EpImgFlag>2</EpImgFlag>
  <EpisodeName>Soul Train</EpisodeName>
  <EpisodeNumber>5</EpisodeNumber>
  <FirstAired>2012-10-15</FirstAired>
  <GuestStars>Jeff Fahey|Ric Reitz|Kim Raver</GuestStars>
  <IMDB_ID>tt2311066</IMDB_ID>
  <Language>en</Language>
  <Overview>A shocking discovery threatens to impede the gang's effort to find Danny. Orders from Monroe up the value of Danny's life. Nora connects with a fellow Rebel.</Overview>
  <ProductionCode></ProductionCode>
  <Rating>7.6</Rating>
  <RatingCount>103</RatingCount>
  <SeasonNumber>1</SeasonNumber>
  <Writer>Paul Grellong</Writer>
  <absolute_number>5</absolute_number>
  <filename>episodes/258823/4364987.jpg</filename>
  <lastupdated>1365367260</lastupdated>
  <seasonid>491957</seasonid>
  <seriesid>258823</seriesid>
</Episode>
<Episode>
  <id>4373909</id>
  <Combined_episodenumber>6</Combined_episodenumber>
  <Combined_season>1</Combined_season>
  <DVD_chapter></DVD_chapter>
  <DVD_discid></DVD_discid>
  <DVD_episodenumber></DVD_episodenumber>
  <DVD_season></DVD_season>
  <Director>Steve Boyum</Director>
  <EpImgFlag>2</EpImgFlag>
  <EpisodeName>Sex and Drugs</EpisodeName>
  <EpisodeNumber>6</EpisodeNumber>
  <FirstAired>2012-10-29</FirstAired>
  <GuestStars>David Andrews|David Meunier|Maureen Sebastian|Todd Stashwick</GuestStars>
  <IMDB_ID>tt2311064</IMDB_ID>
  <Language>en</Language>
  <Overview>Miles leads the gang on a detour into dangerous territory to get medical help for Nora. Aaron looks back at his pre/post-blackout life. Neville delivers Danny to Monroe. </Overview>
  <ProductionCode></ProductionCode>
  <Rating>7.5</Rating>
  <RatingCount>84</RatingCount>
  <SeasonNumber>1</SeasonNumber>
  <Writer>David Rambo</Writer>
  <absolute_number>6</absolute_number>
  <filename>episodes/258823/4373909.jpg</filename>
  <lastupdated>1365367273</lastupdated>
  <seasonid>491957</seasonid>
  <seriesid>258823</seriesid>
</Episode>
<Episode>
  <id>4398676</id>
  <Combined_episodenumber>7</Combined_episodenumber>
  <Combined_season>1</Combined_season>
  <DVD_chapter></DVD_chapter>
  <DVD_discid></DVD_discid>
  <DVD_episodenumber></DVD_episodenumber>
  <DVD_season></DVD_season>
  <Director>Charles Beeson</Director>
  <EpImgFlag>2</EpImgFlag>
  <EpisodeName>The Children's Crusade</EpisodeName>
  <EpisodeNumber>7</EpisodeNumber>
  <FirstAired>2012-11-05</FirstAired>
  <GuestStars>Maria Howell|Colin Ford|Joshua Cox|Conor O'Farrell|Colm Feore</GuestStars>
  <IMDB_ID>tt2399694</IMDB_ID>
  <Language>en</Language>
  <Overview>When Charlie meets a boy who's suffered a plight similar to her own, she relates and longs to help him and his young friends. First, she must convince Miles. Meanwhile, Rachel grows weary of General Monroe as she meets someone from her past.</Overview>
  <ProductionCode></ProductionCode>
  <Rating>7.7</Rating>
  <RatingCount>80</RatingCount>
  <SeasonNumber>1</SeasonNumber>
  <Writer>Matt Pitts</Writer>
  <absolute_number>7</absolute_number>
  <filename>episodes/258823/4398676.jpg</filename>
  <lastupdated>1365367289</lastupdated>
  <seasonid>491957</seasonid>
  <seriesid>258823</seriesid>
</Episode>
<Episode>
  <id>4428794</id>
  <Combined_episodenumber>8</Combined_episodenumber>
  <Combined_season>1</Combined_season>
  <DVD_chapter></DVD_chapter>
  <DVD_discid></DVD_discid>
  <DVD_episodenumber></DVD_episodenumber>
  <DVD_season></DVD_season>
  <Director>Guy Bee</Director>
  <EpImgFlag>2</EpImgFlag>
  <EpisodeName>Ties That Bind</EpisodeName>
  <EpisodeNumber>8</EpisodeNumber>
  <FirstAired>2012-11-12</FirstAired>
  <GuestStars>Maria Howell|Alyssa Diaz|Lacey Ellison|David Meunier|Ric Reitz|Colm Feore|Kim Raver|Aileen Davila</GuestStars>
  <IMDB_ID>tt2481604</IMDB_ID>
  <Language>en</Language>
  <Overview>When Nora encounters a close relative, she must make a difficult choice between family and a promise. Meanwhile, one of the most ruthless members of the Militia is tracking Miles, Charlie and the gang and General Monroe hands Captain Neville a stern warning.</Overview>
  <ProductionCode></ProductionCode>
  <Rating>7.7</Rating>
  <RatingCount>78</RatingCount>
  <SeasonNumber>1</SeasonNumber>
  <Writer>David Rambo|Melissa Glenn</Writer>
  <absolute_number>8</absolute_number>
  <filename>episodes/258823/4428794.jpg</filename>
  <lastupdated>1365367301</lastupdated>
  <seasonid>491957</seasonid>
  <seriesid>258823</seriesid>
</Episode>
<Episode>
  <id>4429932</id>
  <Combined_episodenumber>9</Combined_episodenumber>
  <Combined_season>1</Combined_season>
  <DVD_chapter></DVD_chapter>
  <DVD_discid></DVD_discid>
  <DVD_episodenumber></DVD_episodenumber>
  <DVD_season></DVD_season>
  <Director>Charles Beeson</Director>
  <EpImgFlag>2</EpImgFlag>
  <EpisodeName>Kashmir</EpisodeName>
  <EpisodeNumber>9</EpisodeNumber>
  <FirstAired>2012-11-19</FirstAired>
  <GuestStars>Reed Diamond|Conor O'Farrell|Maureen Sebastian|Nishi Munshi</GuestStars>
  <IMDB_ID>tt2454912</IMDB_ID>
  <Language>en</Language>
  <Overview>Miles and the gang are bound for Monroe’s lair – Independence Hall, but their efforts are impeded when they begin to have difficulty separating fantasy from reality.</Overview>
  <ProductionCode></ProductionCode>
  <Rating>7.6</Rating>
  <RatingCount>71</RatingCount>
  <SeasonNumber>1</SeasonNumber>
  <Writer>Jim Barnes</Writer>
  <absolute_number>9</absolute_number>
  <filename>episodes/258823/4429932.jpg</filename>
  <lastupdated>1365367315</lastupdated>
  <seasonid>491957</seasonid>
  <seriesid>258823</seriesid>
</Episode>
<Episode>
  <id>4429934</id>
  <Combined_episodenumber>10</Combined_episodenumber>
  <Combined_season>1</Combined_season>
  <DVD_chapter></DVD_chapter>
  <DVD_discid></DVD_discid>
  <DVD_episodenumber></DVD_episodenumber>
  <DVD_season></DVD_season>
  <Director>Frederick E. O. Toye</Director>
  <EpImgFlag>2</EpImgFlag>
  <EpisodeName>Nobody's Fault But Mine</EpisodeName>
  <EpisodeNumber>10</EpisodeNumber>
  <FirstAired>2012-11-26</FirstAired>
  <GuestStars>David Meunier|Mark Pellegrino|Glynn Turman|Kim Raver</GuestStars>
  <IMDB_ID>tt2496952</IMDB_ID>
  <Language>en</Language>
  <Overview>In the gang’s quest to rescue Danny, the time has come for Miles and Monroe to meet face to face. Meanwhile, on the verge of reuniting with her brother, Charlie is conflicted by a shocking discovery and Rachel tests Monroe’s patience.</Overview>
  <ProductionCode></ProductionCode>
  <Rating>7.8</Rating>
  <RatingCount>66</RatingCount>
  <SeasonNumber>1</SeasonNumber>
  <Writer>Monica Breen|Matt Pitts</Writer>
  <absolute_number>10</absolute_number>
  <filename>episodes/258823/4429934.jpg</filename>
  <lastupdated>1365367329</lastupdated>
  <seasonid>491957</seasonid>
  <seriesid>258823</seriesid>
</Episode>
<Episode>
  <id>4429935</id>
  <Combined_episodenumber>11</Combined_episodenumber>
  <Combined_season>1</Combined_season>
  <DVD_chapter></DVD_chapter>
  <DVD_discid></DVD_discid>
  <DVD_episodenumber></DVD_episodenumber>
  <DVD_season></DVD_season>
  <Director>Steve Boyum</Director>
  <EpImgFlag>2</EpImgFlag>
  <EpisodeName>The Stand</EpisodeName>
  <EpisodeNumber>11</EpisodeNumber>
  <FirstAired>2013-03-25</FirstAired>
  <GuestStars></GuestStars>
  <IMDB_ID>tt2483204</IMDB_ID>
  <Language>en</Language>
  <Overview>Miles leads the rebel squad out of Philadelphia and away from Monroe’s helicopters and machine guns. Meanwhile, a guilt-ridden Rachel tries to redeem herself by providing power to the rebels, but once again must leave her children, Charlie and Danny, behind. As if there wasn’t enough heat, romantic sparks ignite between Miles and Nora.</Overview>
  <ProductionCode></ProductionCode>
  <Rating>7.8</Rating>
  <RatingCount>42</RatingCount>
  <SeasonNumber>1</SeasonNumber>
  <Writer>Anne Cofell Saunders &amp; Paul Grellong</Writer>
  <absolute_number>11</absolute_number>
  <filename>episodes/258823/4429935.jpg</filename>
  <lastupdated>1365448617</lastupdated>
  <seasonid>491957</seasonid>
  <seriesid>258823</seriesid>
</Episode>
<Episode>
  <id>4499127</id>
  <Combined_episodenumber>12</Combined_episodenumber>
  <Combined_season>1</Combined_season>
  <DVD_chapter></DVD_chapter>
  <DVD_discid></DVD_discid>
  <DVD_episodenumber></DVD_episodenumber>
  <DVD_season></DVD_season>
  <Director>Miguel Sapochnik</Director>
  <EpImgFlag>2</EpImgFlag>
  <EpisodeName>Ghosts</EpisodeName>
  <EpisodeNumber>12</EpisodeNumber>
  <FirstAired>2013-04-01</FirstAired>
  <GuestStars>Malik Yoba</GuestStars>
  <IMDB_ID>tt2718080</IMDB_ID>
  <Language>en</Language>
  <Overview>A final act of heroism by one of their own saves the lives of Charlie and the gang, but the loss devastates everyone and they must carry on with heavy hearts but increased resolve. Miles sets out on a mission with Nora to recruit his former Militia comrade, Jim Hudson and enlist his savage killing skills. Meanwhile, Rachel looks for a power source and a way back into the heart of her daughter Charlie. Rachel also attempts to elude the grip of Randall Flynn, her ruthless former boss and ally of Monroe.</Overview>
  <ProductionCode></ProductionCode>
  <Rating>7.3</Rating>
  <RatingCount>32</RatingCount>
  <SeasonNumber>1</SeasonNumber>
  <Writer>David Rambo|Melissa Glenn</Writer>
  <absolute_number></absolute_number>
  <filename>episodes/258823/4499127.jpg</filename>
  <lastupdated>1365502476</lastupdated>
  <seasonid>491957</seasonid>
  <seriesid>258823</seriesid>
</Episode>
<Episode>
  <id>4499128</id>
  <Combined_episodenumber>13</Combined_episodenumber>
  <Combined_season>1</Combined_season>
  <DVD_chapter></DVD_chapter>
  <DVD_discid></DVD_discid>
  <DVD_episodenumber></DVD_episodenumber>
  <DVD_season></DVD_season>
  <Director>John F. Showalter</Director>
  <EpImgFlag>2</EpImgFlag>
  <EpisodeName>The Song Remains the Same</EpisodeName>
  <EpisodeNumber>13</EpisodeNumber>
  <FirstAired>2013-04-08</FirstAired>
  <GuestStars></GuestStars>
  <IMDB_ID>tt2667178</IMDB_ID>
  <Language>en</Language>
  <Overview>Neville faces danger and hard choices as Monroe doubts his loyalty, he disowns his son Jason and gets captured by Miles. Rachel and Charlie begin slowly patching their relationship only to be pulled apart again as Rachel suddenly embarks on a quest to restore the power and her self-respect. She must make a dangerous journey to the mysterious Tower as it holds her only chance at redemption.</Overview>
  <ProductionCode></ProductionCode>
  <Rating>7.7</Rating>
  <RatingCount>10</RatingCount>
  <SeasonNumber>1</SeasonNumber>
  <Writer>Monica Owusu-Breen &amp; Matt Pitts</Writer>
  <absolute_number></absolute_number>
  <filename>episodes/258823/4499128.jpg</filename>
  <lastupdated>1365488402</lastupdated>
  <seasonid>491957</seasonid>
  <seriesid>258823</seriesid>
</Episode>
<Episode>
  <id>4499129</id>
  <Combined_episodenumber>14</Combined_episodenumber>
  <Combined_season>1</Combined_season>
  <DVD_chapter></DVD_chapter>
  <DVD_discid></DVD_discid>
  <DVD_episodenumber></DVD_episodenumber>
  <DVD_season></DVD_season>
  <Director>Nick Copus</Director>
  <EpImgFlag>2</EpImgFlag>
  <EpisodeName>The Night the Lights Went Out in Georgia</EpisodeName>
  <EpisodeNumber>14</EpisodeNumber>
  <FirstAired>2013-04-15</FirstAired>
  <GuestStars></GuestStars>
  <IMDB_ID>tt2676618</IMDB_ID>
  <Language>en</Language>
  <Overview>Paranoia strikes Monroe deeply as Neville disappears and Neville’s son Jason makes a big decision. Meanwhile, the familial bond between Miles and Charlie grows stronger. Elsewhere, Miles experiences romantic attraction with both Rachel and Nora. And Rachel sets off on her dangerous quest to infiltrate the Tower and restore power to the world before Monroe can ignite a nuclear device.</Overview>
  <ProductionCode></ProductionCode>
  <Rating></Rating>
  <RatingCount>0</RatingCount>
  <SeasonNumber>1</SeasonNumber>
  <Writer></Writer>
  <absolute_number>14</absolute_number>
  <filename>episodes/258823/4499129.jpg</filename>
  <lastupdated>1365597709</lastupdated>
  <seasonid>491957</seasonid>
  <seriesid>258823</seriesid>
</Episode>
<Episode>
  <id>4474164</id>
  <Combined_episodenumber>15</Combined_episodenumber>
  <Combined_season>1</Combined_season>
  <DVD_chapter></DVD_chapter>
  <DVD_discid></DVD_discid>
  <DVD_episodenumber></DVD_episodenumber>
  <DVD_season></DVD_season>
  <Director>Jon Cassar</Director>
  <EpImgFlag>2</EpImgFlag>
  <EpisodeName>Home</EpisodeName>
  <EpisodeNumber>15</EpisodeNumber>
  <FirstAired>2013-04-22</FirstAired>
  <GuestStars></GuestStars>
  <IMDB_ID>tt2652134</IMDB_ID>
  <Language>en</Language>
  <Overview>When the past catches up with Miles and Monroe in the form of mutual heartthrob, Emma all hell breaks loose for them physically and emotionally. Charlie and Nora are the ones who rescue Miles this time. Meanwhile Aaron’s life is turned inside out while accompanying Rachel on her tenacious trek to the mysterious Tower where she plans to restore the power.</Overview>
  <ProductionCode></ProductionCode>
  <Rating></Rating>
  <RatingCount>0</RatingCount>
  <SeasonNumber>1</SeasonNumber>
  <Writer></Writer>
  <absolute_number></absolute_number>
  <filename>episodes/258823/4474164.jpg</filename>
  <lastupdated>1365597404</lastupdated>
  <seasonid>491957</seasonid>
  <seriesid>258823</seriesid>
</Episode>
<Episode>
  <id>4517808</id>
  <Combined_episodenumber>16</Combined_episodenumber>
  <Combined_season>1</Combined_season>
  <DVD_chapter></DVD_chapter>
  <DVD_discid></DVD_discid>
  <DVD_episodenumber></DVD_episodenumber>
  <DVD_season></DVD_season>
  <Director></Director>
  <EpImgFlag></EpImgFlag>
  <EpisodeName>The Love Boat</EpisodeName>
  <EpisodeNumber>16</EpisodeNumber>
  <FirstAired>2013-04-29</FirstAired>
  <GuestStars></GuestStars>
  <IMDB_ID>tt2715982</IMDB_ID>
  <Language>en</Language>
  <Overview>As Miles and Tom fight for the same cause, Miles remains suspicious; in order to keep anthrax out of Monroe’s hands, Charlie, Nora and Jason try to save Dr. Stephen Camp; Aaron and Rachel are captured.</Overview>
  <ProductionCode></ProductionCode>
  <Rating></Rating>
  <RatingCount>0</RatingCount>
  <SeasonNumber>1</SeasonNumber>
  <Writer></Writer>
  <absolute_number></absolute_number>
  <filename></filename>
  <lastupdated>1365597789</lastupdated>
  <seasonid>491957</seasonid>
  <seriesid>258823</seriesid>
</Episode>
<Episode>
  <id>4517809</id>
  <Combined_episodenumber>17</Combined_episodenumber>
  <Combined_season>1</Combined_season>
  <DVD_chapter></DVD_chapter>
  <DVD_discid></DVD_discid>
  <DVD_episodenumber></DVD_episodenumber>
  <DVD_season></DVD_season>
  <Director>Steve Boyum</Director>
  <EpImgFlag></EpImgFlag>
  <EpisodeName>TBA</EpisodeName>
  <EpisodeNumber>17</EpisodeNumber>
  <FirstAired>2013-05-06</FirstAired>
  <GuestStars></GuestStars>
  <IMDB_ID>tt2771706</IMDB_ID>
  <Language>en</Language>
  <Overview></Overview>
  <ProductionCode></ProductionCode>
  <Rating></Rating>
  <RatingCount>0</RatingCount>
  <SeasonNumber>1</SeasonNumber>
  <Writer></Writer>
  <absolute_number></absolute_number>
  <filename></filename>
  <lastupdated>1365502615</lastupdated>
  <seasonid>491957</seasonid>
  <seriesid>258823</seriesid>
</Episode>
<Episode>
  <id>4517810</id>
  <Combined_episodenumber>18</Combined_episodenumber>
  <Combined_season>1</Combined_season>
  <DVD_chapter></DVD_chapter>
  <DVD_discid></DVD_discid>
  <DVD_episodenumber></DVD_episodenumber>
  <DVD_season></DVD_season>
  <Director></Director>
  <EpImgFlag></EpImgFlag>
  <EpisodeName>TBA</EpisodeName>
  <EpisodeNumber>18</EpisodeNumber>
  <FirstAired>2013-05-13</FirstAired>
  <GuestStars></GuestStars>
  <IMDB_ID>tt2771708</IMDB_ID>
  <Language>en</Language>
  <Overview></Overview>
  <ProductionCode></ProductionCode>
  <Rating></Rating>
  <RatingCount>0</RatingCount>
  <SeasonNumber>1</SeasonNumber>
  <Writer></Writer>
  <absolute_number></absolute_number>
  <filename></filename>
  <lastupdated>1365502635</lastupdated>
  <seasonid>491957</seasonid>
  <seriesid>258823</seriesid>
</Episode>
<Episode>
  <id>4517811</id>
  <Combined_episodenumber>19</Combined_episodenumber>
  <Combined_season>1</Combined_season>
  <DVD_chapter></DVD_chapter>
  <DVD_discid></DVD_discid>
  <DVD_episodenumber></DVD_episodenumber>
  <DVD_season></DVD_season>
  <Director></Director>
  <EpImgFlag></EpImgFlag>
  <EpisodeName>TBA</EpisodeName>
  <EpisodeNumber>19</EpisodeNumber>
  <FirstAired>2013-05-20</FirstAired>
  <GuestStars></GuestStars>
  <IMDB_ID>tt2771710</IMDB_ID>
  <Language>en</Language>
  <Overview></Overview>
  <ProductionCode></ProductionCode>
  <Rating></Rating>
  <RatingCount>0</RatingCount>
  <SeasonNumber>1</SeasonNumber>
  <Writer></Writer>
  <absolute_number></absolute_number>
  <filename></filename>
  <lastupdated>1365502655</lastupdated>
  <seasonid>491957</seasonid>
  <seriesid>258823</seriesid>
</Episode>
<Episode>
  <id>4517812</id>
  <Combined_episodenumber>20</Combined_episodenumber>
  <Combined_season>1</Combined_season>
  <DVD_chapter></DVD_chapter>
  <DVD_discid></DVD_discid>
  <DVD_episodenumber></DVD_episodenumber>
  <DVD_season></DVD_season>
  <Director></Director>
  <EpImgFlag></EpImgFlag>
  <EpisodeName>TBA</EpisodeName>
  <EpisodeNumber>20</EpisodeNumber>
  <FirstAired>2013-05-27</FirstAired>
  <GuestStars></GuestStars>
  <IMDB_ID></IMDB_ID>
  <Language>en</Language>
  <Overview></Overview>
  <ProductionCode></ProductionCode>
  <Rating></Rating>
  <RatingCount>0</RatingCount>
  <SeasonNumber>1</SeasonNumber>
  <Writer></Writer>
  <absolute_number></absolute_number>
  <filename></filename>
  <lastupdated>1362665297</lastupdated>
  <seasonid>491957</seasonid>
  <seriesid>258823</seriesid>
</Episode>
</Data>