<?xml version="1.0" encoding="UTF-8" ?>
<Actors>
<Actor>
  <id>68129</id>
  <Image>actors/68129.jpg</Image>
  <Name>Adam Carolla</Name>
  <Role>Spanky Ham</Role>
  <SortOrder>0</SortOrder>
</Actor>
<Actor>
  <id>68131</id>
  <Image>actors/68131.jpg</Image>
  <Name>Jess Harnell</Name>
  <Role>Captain Leslie Hero</Role>
  <SortOrder>3</SortOrder>
</Actor>
<Actor>
  <id>68130</id>
  <Image>actors/68130.jpg</Image>
  <Name>Tara Strong</Name>
  <Role>Princess Clara/Toot Braunstein</Role>
  <SortOrder>3</SortOrder>
</Actor>
<Actor>
  <id>68128</id>
  <Image>actors/68128.jpg</Image>
  <Name>Abbey McBride</Name>
  <Role>Ling-Ling</Role>
  <SortOrder>3</SortOrder>
</Actor>
<Actor>
  <id>68127</id>
  <Image>actors/68127.jpg</Image>
  <Name>James Arnold Taylor</Name>
  <Role>Wooldoor Jebediah Sockbat</Role>
  <SortOrder>3</SortOrder>
</Actor>
<Actor>
  <id>68126</id>
  <Image>actors/68126.jpg</Image>
  <Name>Cree Summer</Name>
  <Role>Foxxy Love</Role>
  <SortOrder>3</SortOrder>
</Actor>
<Actor>
  <id>68125</id>
  <Image>actors/68125.jpg</Image>
  <Name>Jack Plotnick</Name>
  <Role>Xandir P. Wifflebottom</Role>
  <SortOrder>3</SortOrder>
</Actor>
</Actors>