<?xml version="1.0" encoding="UTF-8" ?>
<Data><Series>
  <id>78831</id>
  <Actors>|Adam Carolla|Jess Harnell|Tara Strong|Abbey McBride|James Arnold Taylor|Cree Summer|Jack Plotnick|</Actors>
  <Airs_DayOfWeek>Wednesday</Airs_DayOfWeek>
  <Airs_Time>10:30 PM</Airs_Time>
  <ContentRating>TV-MA</ContentRating>
  <FirstAired>2004-10-27</FirstAired>
  <Genre>|Animation|Comedy|</Genre>
  <IMDB_ID>tt0386180</IMDB_ID>
  <Language>en</Language>
  <Network>Comedy Central</Network>
  <NetworkID></NetworkID>
  <Overview>Drawn Together is a parody of reality shows, cast with spoofs of several famous types of animated characters.</Overview>
  <Rating>8.3</Rating>
  <RatingCount>34</RatingCount>
  <Runtime>30</Runtime>
  <SeriesID>21914</SeriesID>
  <SeriesName>Drawn Together</SeriesName>
  <Status>Ended</Status>
  <added></added>
  <addedBy></addedBy>
  <banner>graphical/78831-g2.jpg</banner>
  <fanart>fanart/original/78831-1.jpg</fanart>
  <lastupdated>1364521760</lastupdated>
  <poster>posters/78831-1.jpg</poster>
  <zap2it_id>EP00686098</zap2it_id>
</Series>
<Episode>
  <id>2118281</id>
  <Combined_episodenumber>1</Combined_episodenumber>
  <Combined_season>0</Combined_season>
  <DVD_chapter></DVD_chapter>
  <DVD_discid></DVD_discid>
  <DVD_episodenumber></DVD_episodenumber>
  <DVD_season></DVD_season>
  <Director></Director>
  <EpImgFlag>2</EpImgFlag>
  <EpisodeName>The Drawn Together Movie: The Movie!</EpisodeName>
  <EpisodeNumber>1</EpisodeNumber>
  <FirstAired>2010-03-18</FirstAired>
  <GuestStars>Seth McFarlane</GuestStars>
  <IMDB_ID>tt1546036</IMDB_ID>
  <Language>en</Language>
  <Overview>When the mystery-solving musician Foxxy Love notices she and her fellow housemates can curse without being bleeped—something they’ve never been able to do before—she realizes their show has been canceled. Determined to get back on the air, the gang travels to Make-A-Point-Land in order to get a point (and get back on the air).</Overview>
  <ProductionCode></ProductionCode>
  <Rating>6.0</Rating>
  <RatingCount>1</RatingCount>
  <SeasonNumber>0</SeasonNumber>
  <Writer></Writer>
  <absolute_number></absolute_number>
  <airsafter_season>3</airsafter_season>
  <airsbefore_episode></airsbefore_episode>
  <airsbefore_season></airsbefore_season>
  <filename>episodes/78831/2118281.jpg</filename>
  <lastupdated>1304055874</lastupdated>
  <seasonid>26287</seasonid>
  <seriesid>78831</seriesid>
</Episode>
<Episode>
  <id>4091559</id>
  <Combined_episodenumber>2</Combined_episodenumber>
  <Combined_season>0</Combined_season>
  <DVD_chapter></DVD_chapter>
  <DVD_discid></DVD_discid>
  <DVD_episodenumber></DVD_episodenumber>
  <DVD_season></DVD_season>
  <Director></Director>
  <EpImgFlag></EpImgFlag>
  <EpisodeName>Writers Rant</EpisodeName>
  <EpisodeNumber>2</EpisodeNumber>
  <FirstAired></FirstAired>
  <GuestStars></GuestStars>
  <IMDB_ID></IMDB_ID>
  <Language>en</Language>
  <Overview></Overview>
  <ProductionCode></ProductionCode>
  <Rating></Rating>
  <RatingCount>0</RatingCount>
  <SeasonNumber>0</SeasonNumber>
  <Writer></Writer>
  <absolute_number></absolute_number>
  <airsafter_season></airsafter_season>
  <airsbefore_episode></airsbefore_episode>
  <airsbefore_season></airsbefore_season>
  <filename></filename>
  <lastupdated>1304244728</lastupdated>
  <seasonid>26287</seasonid>
  <seriesid>78831</seriesid>
</Episode>
<Episode>
  <id>4091560</id>
  <Combined_episodenumber>3</Combined_episodenumber>
  <Combined_season>0</Combined_season>
  <DVD_chapter></DVD_chapter>
  <DVD_discid></DVD_discid>
  <DVD_episodenumber></DVD_episodenumber>
  <DVD_season></DVD_season>
  <Director></Director>
  <EpImgFlag>1</EpImgFlag>
  <EpisodeName>Season 1 Deleted Scenes</EpisodeName>
  <EpisodeNumber>3</EpisodeNumber>
  <FirstAired></FirstAired>
  <GuestStars></GuestStars>
  <IMDB_ID></IMDB_ID>
  <Language>en</Language>
  <Overview></Overview>
  <ProductionCode></ProductionCode>
  <Rating></Rating>
  <RatingCount>0</RatingCount>
  <SeasonNumber>0</SeasonNumber>
  <Writer></Writer>
  <absolute_number></absolute_number>
  <airsafter_season></airsafter_season>
  <airsbefore_episode></airsbefore_episode>
  <airsbefore_season></airsbefore_season>
  <filename>episodes/78831/4091560.jpg</filename>
  <lastupdated>1364521760</lastupdated>
  <seasonid>26287</seasonid>
  <seriesid>78831</seriesid>
</Episode>
<Episode>
  <id>4091561</id>
  <Combined_episodenumber>4</Combined_episodenumber>
  <Combined_season>0</Combined_season>
  <DVD_chapter></DVD_chapter>
  <DVD_discid></DVD_discid>
  <DVD_episodenumber></DVD_episodenumber>
  <DVD_season></DVD_season>
  <Director></Director>
  <EpImgFlag></EpImgFlag>
  <EpisodeName>Previously On Drawn Together</EpisodeName>
  <EpisodeNumber>4</EpisodeNumber>
  <FirstAired></FirstAired>
  <GuestStars></GuestStars>
  <IMDB_ID></IMDB_ID>
  <Language>en</Language>
  <Overview></Overview>
  <ProductionCode></ProductionCode>
  <Rating></Rating>
  <RatingCount>0</RatingCount>
  <SeasonNumber>0</SeasonNumber>
  <Writer></Writer>
  <absolute_number></absolute_number>
  <airsafter_season></airsafter_season>
  <airsbefore_episode></airsbefore_episode>
  <airsbefore_season></airsbefore_season>
  <filename></filename>
  <lastupdated>1304244761</lastupdated>
  <seasonid>26287</seasonid>
  <seriesid>78831</seriesid>
</Episode>
<Episode>
  <id>4091562</id>
  <Combined_episodenumber>5</Combined_episodenumber>
  <Combined_season>0</Combined_season>
  <DVD_chapter></DVD_chapter>
  <DVD_discid></DVD_discid>
  <DVD_episodenumber></DVD_episodenumber>
  <DVD_season></DVD_season>
  <Director></Director>
  <EpImgFlag></EpImgFlag>
  <EpisodeName>Black Chick's Tongue [Sing-along]</EpisodeName>
  <EpisodeNumber>5</EpisodeNumber>
  <FirstAired></FirstAired>
  <GuestStars></GuestStars>
  <IMDB_ID></IMDB_ID>
  <Language>en</Language>
  <Overview></Overview>
  <ProductionCode></ProductionCode>
  <Rating></Rating>
  <RatingCount>0</RatingCount>
  <SeasonNumber>0</SeasonNumber>
  <Writer></Writer>
  <absolute_number></absolute_number>
  <airsafter_season></airsafter_season>
  <airsbefore_episode></airsbefore_episode>
  <airsbefore_season></airsbefore_season>
  <filename></filename>
  <lastupdated>1304244776</lastupdated>
  <seasonid>26287</seasonid>
  <seriesid>78831</seriesid>
</Episode>
<Episode>
  <id>4091563</id>
  <Combined_episodenumber>6</Combined_episodenumber>
  <Combined_season>0</Combined_season>
  <DVD_chapter></DVD_chapter>
  <DVD_discid></DVD_discid>
  <DVD_episodenumber></DVD_episodenumber>
  <DVD_season></DVD_season>
  <Director></Director>
  <EpImgFlag></EpImgFlag>
  <EpisodeName>Ling-Ling Lament [Sing-along]</EpisodeName>
  <EpisodeNumber>6</EpisodeNumber>
  <FirstAired></FirstAired>
  <GuestStars></GuestStars>
  <IMDB_ID></IMDB_ID>
  <Language>en</Language>
  <Overview></Overview>
  <ProductionCode></ProductionCode>
  <Rating></Rating>
  <RatingCount>0</RatingCount>
  <SeasonNumber>0</SeasonNumber>
  <Writer></Writer>
  <absolute_number></absolute_number>
  <airsafter_season></airsafter_season>
  <airsbefore_episode></airsbefore_episode>
  <airsbefore_season></airsbefore_season>
  <filename></filename>
  <lastupdated>1304244786</lastupdated>
  <seasonid>26287</seasonid>
  <seriesid>78831</seriesid>
</Episode>
<Episode>
  <id>4091564</id>
  <Combined_episodenumber>7</Combined_episodenumber>
  <Combined_season>0</Combined_season>
  <DVD_chapter></DVD_chapter>
  <DVD_discid></DVD_discid>
  <DVD_episodenumber></DVD_episodenumber>
  <DVD_season></DVD_season>
  <Director></Director>
  <EpImgFlag></EpImgFlag>
  <EpisodeName>Bully Song [Sing-along]</EpisodeName>
  <EpisodeNumber>7</EpisodeNumber>
  <FirstAired></FirstAired>
  <GuestStars></GuestStars>
  <IMDB_ID></IMDB_ID>
  <Language>en</Language>
  <Overview></Overview>
  <ProductionCode></ProductionCode>
  <Rating></Rating>
  <RatingCount>0</RatingCount>
  <SeasonNumber>0</SeasonNumber>
  <Writer></Writer>
  <absolute_number></absolute_number>
  <airsafter_season></airsafter_season>
  <airsbefore_episode></airsbefore_episode>
  <airsbefore_season></airsbefore_season>
  <filename></filename>
  <lastupdated>1304244794</lastupdated>
  <seasonid>26287</seasonid>
  <seriesid>78831</seriesid>
</Episode>
<Episode>
  <id>4091565</id>
  <Combined_episodenumber>8</Combined_episodenumber>
  <Combined_season>0</Combined_season>
  <DVD_chapter></DVD_chapter>
  <DVD_discid></DVD_discid>
  <DVD_episodenumber></DVD_episodenumber>
  <DVD_season></DVD_season>
  <Director></Director>
  <EpImgFlag></EpImgFlag>
  <EpisodeName>Ling-Ling Battle Song [Sing-along]</EpisodeName>
  <EpisodeNumber>8</EpisodeNumber>
  <FirstAired></FirstAired>
  <GuestStars></GuestStars>
  <IMDB_ID></IMDB_ID>
  <Language>en</Language>
  <Overview></Overview>
  <ProductionCode></ProductionCode>
  <Rating></Rating>
  <RatingCount>0</RatingCount>
  <SeasonNumber>0</SeasonNumber>
  <Writer></Writer>
  <absolute_number></absolute_number>
  <airsafter_season></airsafter_season>
  <airsbefore_episode></airsbefore_episode>
  <airsbefore_season></airsbefore_season>
  <filename></filename>
  <lastupdated>1304244802</lastupdated>
  <seasonid>26287</seasonid>
  <seriesid>78831</seriesid>
</Episode>
<Episode>
  <id>4091566</id>
  <Combined_episodenumber>9</Combined_episodenumber>
  <Combined_season>0</Combined_season>
  <DVD_chapter></DVD_chapter>
  <DVD_discid></DVD_discid>
  <DVD_episodenumber></DVD_episodenumber>
  <DVD_season></DVD_season>
  <Director></Director>
  <EpImgFlag></EpImgFlag>
  <EpisodeName>La La Labia [Sing-along]</EpisodeName>
  <EpisodeNumber>9</EpisodeNumber>
  <FirstAired></FirstAired>
  <GuestStars></GuestStars>
  <IMDB_ID></IMDB_ID>
  <Language>en</Language>
  <Overview></Overview>
  <ProductionCode></ProductionCode>
  <Rating></Rating>
  <RatingCount>0</RatingCount>
  <SeasonNumber>0</SeasonNumber>
  <Writer></Writer>
  <absolute_number></absolute_number>
  <airsafter_season></airsafter_season>
  <airsbefore_episode></airsbefore_episode>
  <airsbefore_season></airsbefore_season>
  <filename></filename>
  <lastupdated>1304244812</lastupdated>
  <seasonid>26287</seasonid>
  <seriesid>78831</seriesid>
</Episode>
<Episode>
  <id>4175340</id>
  <Combined_episodenumber>10</Combined_episodenumber>
  <Combined_season>0</Combined_season>
  <DVD_chapter></DVD_chapter>
  <DVD_discid></DVD_discid>
  <DVD_episodenumber></DVD_episodenumber>
  <DVD_season></DVD_season>
  <Director></Director>
  <EpImgFlag></EpImgFlag>
  <EpisodeName></EpisodeName>
  <EpisodeNumber>10</EpisodeNumber>
  <FirstAired></FirstAired>
  <GuestStars></GuestStars>
  <IMDB_ID></IMDB_ID>
  <Language>en</Language>
  <Overview></Overview>
  <ProductionCode></ProductionCode>
  <Rating></Rating>
  <RatingCount>0</RatingCount>
  <SeasonNumber>0</SeasonNumber>
  <Writer></Writer>
  <absolute_number></absolute_number>
  <airsafter_season></airsafter_season>
  <airsbefore_episode></airsbefore_episode>
  <airsbefore_season></airsbefore_season>
  <filename></filename>
  <lastupdated>1316674618</lastupdated>
  <seasonid>26287</seasonid>
  <seriesid>78831</seriesid>
</Episode>
<Episode>
  <id>4175341</id>
  <Combined_episodenumber>11</Combined_episodenumber>
  <Combined_season>0</Combined_season>
  <DVD_chapter></DVD_chapter>
  <DVD_discid></DVD_discid>
  <DVD_episodenumber></DVD_episodenumber>
  <DVD_season></DVD_season>
  <Director></Director>
  <EpImgFlag></EpImgFlag>
  <EpisodeName></EpisodeName>
  <EpisodeNumber>11</EpisodeNumber>
  <FirstAired></FirstAired>
  <GuestStars></GuestStars>
  <IMDB_ID></IMDB_ID>
  <Language>en</Language>
  <Overview></Overview>
  <ProductionCode></ProductionCode>
  <Rating></Rating>
  <RatingCount>0</RatingCount>
  <SeasonNumber>0</SeasonNumber>
  <Writer></Writer>
  <absolute_number></absolute_number>
  <airsafter_season></airsafter_season>
  <airsbefore_episode></airsbefore_episode>
  <airsbefore_season></airsbefore_season>
  <filename></filename>
  <lastupdated>1316674623</lastupdated>
  <seasonid>26287</seasonid>
  <seriesid>78831</seriesid>
</Episode>
<Episode>
  <id>4175342</id>
  <Combined_episodenumber>12</Combined_episodenumber>
  <Combined_season>0</Combined_season>
  <DVD_chapter></DVD_chapter>
  <DVD_discid></DVD_discid>
  <DVD_episodenumber></DVD_episodenumber>
  <DVD_season></DVD_season>
  <Director></Director>
  <EpImgFlag></EpImgFlag>
  <EpisodeName></EpisodeName>
  <EpisodeNumber>12</EpisodeNumber>
  <FirstAired></FirstAired>
  <GuestStars></GuestStars>
  <IMDB_ID></IMDB_ID>
  <Language>en</Language>
  <Overview></Overview>
  <ProductionCode></ProductionCode>
  <Rating></Rating>
  <RatingCount>0</RatingCount>
  <SeasonNumber>0</SeasonNumber>
  <Writer></Writer>
  <absolute_number></absolute_number>
  <airsafter_season></airsafter_season>
  <airsbefore_episode></airsbefore_episode>
  <airsbefore_season></airsbefore_season>
  <filename></filename>
  <lastupdated>1316674628</lastupdated>
  <seasonid>26287</seasonid>
  <seriesid>78831</seriesid>
</Episode>
<Episode>
  <id>4175343</id>
  <Combined_episodenumber>13</Combined_episodenumber>
  <Combined_season>0</Combined_season>
  <DVD_chapter></DVD_chapter>
  <DVD_discid></DVD_discid>
  <DVD_episodenumber></DVD_episodenumber>
  <DVD_season></DVD_season>
  <Director></Director>
  <EpImgFlag></EpImgFlag>
  <EpisodeName></EpisodeName>
  <EpisodeNumber>13</EpisodeNumber>
  <FirstAired></FirstAired>
  <GuestStars></GuestStars>
  <IMDB_ID></IMDB_ID>
  <Language>en</Language>
  <Overview></Overview>
  <ProductionCode></ProductionCode>
  <Rating></Rating>
  <RatingCount>0</RatingCount>
  <SeasonNumber>0</SeasonNumber>
  <Writer></Writer>
  <absolute_number></absolute_number>
  <airsafter_season></airsafter_season>
  <airsbefore_episode></airsbefore_episode>
  <airsbefore_season></airsbefore_season>
  <filename></filename>
  <lastupdated>1316674634</lastupdated>
  <seasonid>26287</seasonid>
  <seriesid>78831</seriesid>
</Episode>
<Episode>
  <id>4175344</id>
  <Combined_episodenumber>14</Combined_episodenumber>
  <Combined_season>0</Combined_season>
  <DVD_chapter></DVD_chapter>
  <DVD_discid></DVD_discid>
  <DVD_episodenumber></DVD_episodenumber>
  <DVD_season></DVD_season>
  <Director></Director>
  <EpImgFlag></EpImgFlag>
  <EpisodeName></EpisodeName>
  <EpisodeNumber>14</EpisodeNumber>
  <FirstAired></FirstAired>
  <GuestStars></GuestStars>
  <IMDB_ID></IMDB_ID>
  <Language>en</Language>
  <Overview></Overview>
  <ProductionCode></ProductionCode>
  <Rating></Rating>
  <RatingCount>0</RatingCount>
  <SeasonNumber>0</SeasonNumber>
  <Writer></Writer>
  <absolute_number></absolute_number>
  <airsafter_season></airsafter_season>
  <airsbefore_episode></airsbefore_episode>
  <airsbefore_season></airsbefore_season>
  <filename></filename>
  <lastupdated>1316674639</lastupdated>
  <seasonid>26287</seasonid>
  <seriesid>78831</seriesid>
</Episode>
<Episode>
  <id>4175345</id>
  <Combined_episodenumber>15</Combined_episodenumber>
  <Combined_season>0</Combined_season>
  <DVD_chapter></DVD_chapter>
  <DVD_discid></DVD_discid>
  <DVD_episodenumber></DVD_episodenumber>
  <DVD_season></DVD_season>
  <Director></Director>
  <EpImgFlag></EpImgFlag>
  <EpisodeName></EpisodeName>
  <EpisodeNumber>15</EpisodeNumber>
  <FirstAired></FirstAired>
  <GuestStars></GuestStars>
  <IMDB_ID></IMDB_ID>
  <Language>en</Language>
  <Overview></Overview>
  <ProductionCode></ProductionCode>
  <Rating></Rating>
  <RatingCount>0</RatingCount>
  <SeasonNumber>0</SeasonNumber>
  <Writer></Writer>
  <absolute_number></absolute_number>
  <airsafter_season></airsafter_season>
  <airsbefore_episode></airsbefore_episode>
  <airsbefore_season></airsbefore_season>
  <filename></filename>
  <lastupdated>1316674662</lastupdated>
  <seasonid>26287</seasonid>
  <seriesid>78831</seriesid>
</Episode>
<Episode>
  <id>4175346</id>
  <Combined_episodenumber>16</Combined_episodenumber>
  <Combined_season>0</Combined_season>
  <DVD_chapter></DVD_chapter>
  <DVD_discid></DVD_discid>
  <DVD_episodenumber></DVD_episodenumber>
  <DVD_season></DVD_season>
  <Director></Director>
  <EpImgFlag></EpImgFlag>
  <EpisodeName></EpisodeName>
  <EpisodeNumber>16</EpisodeNumber>
  <FirstAired></FirstAired>
  <GuestStars></GuestStars>
  <IMDB_ID></IMDB_ID>
  <Language>en</Language>
  <Overview></Overview>
  <ProductionCode></ProductionCode>
  <Rating></Rating>
  <RatingCount>0</RatingCount>
  <SeasonNumber>0</SeasonNumber>
  <Writer></Writer>
  <absolute_number></absolute_number>
  <airsafter_season></airsafter_season>
  <airsbefore_episode></airsbefore_episode>
  <airsbefore_season></airsbefore_season>
  <filename></filename>
  <lastupdated>1316674666</lastupdated>
  <seasonid>26287</seasonid>
  <seriesid>78831</seriesid>
</Episode>
<Episode>
  <id>4175347</id>
  <Combined_episodenumber>17</Combined_episodenumber>
  <Combined_season>0</Combined_season>
  <DVD_chapter></DVD_chapter>
  <DVD_discid></DVD_discid>
  <DVD_episodenumber></DVD_episodenumber>
  <DVD_season></DVD_season>
  <Director></Director>
  <EpImgFlag></EpImgFlag>
  <EpisodeName></EpisodeName>
  <EpisodeNumber>17</EpisodeNumber>
  <FirstAired></FirstAired>
  <GuestStars></GuestStars>
  <IMDB_ID></IMDB_ID>
  <Language>en</Language>
  <Overview></Overview>
  <ProductionCode></ProductionCode>
  <Rating></Rating>
  <RatingCount>0</RatingCount>
  <SeasonNumber>0</SeasonNumber>
  <Writer></Writer>
  <absolute_number></absolute_number>
  <airsafter_season></airsafter_season>
  <airsbefore_episode></airsbefore_episode>
  <airsbefore_season></airsbefore_season>
  <filename></filename>
  <lastupdated>1316674670</lastupdated>
  <seasonid>26287</seasonid>
  <seriesid>78831</seriesid>
</Episode>
<Episode>
  <id>4175348</id>
  <Combined_episodenumber>18</Combined_episodenumber>
  <Combined_season>0</Combined_season>
  <DVD_chapter></DVD_chapter>
  <DVD_discid></DVD_discid>
  <DVD_episodenumber></DVD_episodenumber>
  <DVD_season></DVD_season>
  <Director></Director>
  <EpImgFlag></EpImgFlag>
  <EpisodeName></EpisodeName>
  <EpisodeNumber>18</EpisodeNumber>
  <FirstAired></FirstAired>
  <GuestStars></GuestStars>
  <IMDB_ID></IMDB_ID>
  <Language>en</Language>
  <Overview></Overview>
  <ProductionCode></ProductionCode>
  <Rating></Rating>
  <RatingCount>0</RatingCount>
  <SeasonNumber>0</SeasonNumber>
  <Writer></Writer>
  <absolute_number></absolute_number>
  <airsafter_season></airsafter_season>
  <airsbefore_episode></airsbefore_episode>
  <airsbefore_season></airsbefore_season>
  <filename></filename>
  <lastupdated>1316674690</lastupdated>
  <seasonid>26287</seasonid>
  <seriesid>78831</seriesid>
</Episode>
<Episode>
  <id>4175349</id>
  <Combined_episodenumber>19</Combined_episodenumber>
  <Combined_season>0</Combined_season>
  <DVD_chapter></DVD_chapter>
  <DVD_discid></DVD_discid>
  <DVD_episodenumber></DVD_episodenumber>
  <DVD_season></DVD_season>
  <Director></Director>
  <EpImgFlag></EpImgFlag>
  <EpisodeName></EpisodeName>
  <EpisodeNumber>19</EpisodeNumber>
  <FirstAired></FirstAired>
  <GuestStars></GuestStars>
  <IMDB_ID></IMDB_ID>
  <Language>en</Language>
  <Overview></Overview>
  <ProductionCode></ProductionCode>
  <Rating></Rating>
  <RatingCount>0</RatingCount>
  <SeasonNumber>0</SeasonNumber>
  <Writer></Writer>
  <absolute_number></absolute_number>
  <airsafter_season></airsafter_season>
  <airsbefore_episode></airsbefore_episode>
  <airsbefore_season></airsbefore_season>
  <filename></filename>
  <lastupdated>1316674694</lastupdated>
  <seasonid>26287</seasonid>
  <seriesid>78831</seriesid>
</Episode>
<Episode>
  <id>4175350</id>
  <Combined_episodenumber>20</Combined_episodenumber>
  <Combined_season>0</Combined_season>
  <DVD_chapter></DVD_chapter>
  <DVD_discid></DVD_discid>
  <DVD_episodenumber></DVD_episodenumber>
  <DVD_season></DVD_season>
  <Director></Director>
  <EpImgFlag></EpImgFlag>
  <EpisodeName></EpisodeName>
  <EpisodeNumber>20</EpisodeNumber>
  <FirstAired></FirstAired>
  <GuestStars></GuestStars>
  <IMDB_ID></IMDB_ID>
  <Language>en</Language>
  <Overview></Overview>
  <ProductionCode></ProductionCode>
  <Rating></Rating>
  <RatingCount>0</RatingCount>
  <SeasonNumber>0</SeasonNumber>
  <Writer></Writer>
  <absolute_number></absolute_number>
  <airsafter_season></airsafter_season>
  <airsbefore_episode></airsbefore_episode>
  <airsbefore_season></airsbefore_season>
  <filename></filename>
  <lastupdated>1316674698</lastupdated>
  <seasonid>26287</seasonid>
  <seriesid>78831</seriesid>
</Episode>
<Episode>
  <id>4175351</id>
  <Combined_episodenumber>21</Combined_episodenumber>
  <Combined_season>0</Combined_season>
  <DVD_chapter></DVD_chapter>
  <DVD_discid></DVD_discid>
  <DVD_episodenumber></DVD_episodenumber>
  <DVD_season></DVD_season>
  <Director></Director>
  <EpImgFlag></EpImgFlag>
  <EpisodeName></EpisodeName>
  <EpisodeNumber>21</EpisodeNumber>
  <FirstAired></FirstAired>
  <GuestStars></GuestStars>
  <IMDB_ID></IMDB_ID>
  <Language>en</Language>
  <Overview></Overview>
  <ProductionCode></ProductionCode>
  <Rating></Rating>
  <RatingCount>0</RatingCount>
  <SeasonNumber>0</SeasonNumber>
  <Writer></Writer>
  <absolute_number></absolute_number>
  <airsafter_season></airsafter_season>
  <airsbefore_episode></airsbefore_episode>
  <airsbefore_season></airsbefore_season>
  <filename></filename>
  <lastupdated>1316674702</lastupdated>
  <seasonid>26287</seasonid>
  <seriesid>78831</seriesid>
</Episode>
<Episode>
  <id>4175352</id>
  <Combined_episodenumber>22</Combined_episodenumber>
  <Combined_season>0</Combined_season>
  <DVD_chapter></DVD_chapter>
  <DVD_discid></DVD_discid>
  <DVD_episodenumber></DVD_episodenumber>
  <DVD_season></DVD_season>
  <Director></Director>
  <EpImgFlag></EpImgFlag>
  <EpisodeName></EpisodeName>
  <EpisodeNumber>22</EpisodeNumber>
  <FirstAired></FirstAired>
  <GuestStars></GuestStars>
  <IMDB_ID></IMDB_ID>
  <Language>en</Language>
  <Overview></Overview>
  <ProductionCode></ProductionCode>
  <Rating></Rating>
  <RatingCount>0</RatingCount>
  <SeasonNumber>0</SeasonNumber>
  <Writer></Writer>
  <absolute_number></absolute_number>
  <airsafter_season></airsafter_season>
  <airsbefore_episode></airsbefore_episode>
  <airsbefore_season></airsbefore_season>
  <filename></filename>
  <lastupdated>1316674708</lastupdated>
  <seasonid>26287</seasonid>
  <seriesid>78831</seriesid>
</Episode>
<Episode>
  <id>4175353</id>
  <Combined_episodenumber>23</Combined_episodenumber>
  <Combined_season>0</Combined_season>
  <DVD_chapter></DVD_chapter>
  <DVD_discid></DVD_discid>
  <DVD_episodenumber></DVD_episodenumber>
  <DVD_season></DVD_season>
  <Director></Director>
  <EpImgFlag></EpImgFlag>
  <EpisodeName></EpisodeName>
  <EpisodeNumber>23</EpisodeNumber>
  <FirstAired></FirstAired>
  <GuestStars></GuestStars>
  <IMDB_ID></IMDB_ID>
  <Language>en</Language>
  <Overview></Overview>
  <ProductionCode></ProductionCode>
  <Rating></Rating>
  <RatingCount>0</RatingCount>
  <SeasonNumber>0</SeasonNumber>
  <Writer></Writer>
  <absolute_number></absolute_number>
  <airsafter_season></airsafter_season>
  <airsbefore_episode></airsbefore_episode>
  <airsbefore_season></airsbefore_season>
  <filename></filename>
  <lastupdated>1316674712</lastupdated>
  <seasonid>26287</seasonid>
  <seriesid>78831</seriesid>
</Episode>
<Episode>
  <id>296054</id>
  <Combined_episodenumber>1.0</Combined_episodenumber>
  <Combined_season>1</Combined_season>
  <DVD_chapter></DVD_chapter>
  <DVD_discid></DVD_discid>
  <DVD_episodenumber>1.0</DVD_episodenumber>
  <DVD_season>1</DVD_season>
  <Director>Peter Avanzino</Director>
  <EpImgFlag></EpImgFlag>
  <EpisodeName>Hot Tub</EpisodeName>
  <EpisodeNumber>1</EpisodeNumber>
  <FirstAired>2004-10-27</FirstAired>
  <GuestStars>|Jim Ward|</GuestStars>
  <IMDB_ID></IMDB_ID>
  <Language>en</Language>
  <Overview>The Housemates are introduced and arrive at the Drawn Together House for the first time. At first it seems like they will get along well, but a string of racist comments from Clara start a major fight.
</Overview>
  <ProductionCode>101</ProductionCode>
  <Rating>7.5</Rating>
  <RatingCount>10</RatingCount>
  <SeasonNumber>1</SeasonNumber>
  <Writer>Matt Silverstein, Dave Jeser</Writer>
  <absolute_number></absolute_number>
  <filename>episodes/78831/296054.jpg</filename>
  <lastupdated>1281349264</lastupdated>
  <seasonid>15729</seasonid>
  <seriesid>78831</seriesid>
</Episode>
<Episode>
  <id>296055</id>
  <Combined_episodenumber>2.0</Combined_episodenumber>
  <Combined_season>1</Combined_season>
  <DVD_chapter></DVD_chapter>
  <DVD_discid></DVD_discid>
  <DVD_episodenumber>2.0</DVD_episodenumber>
  <DVD_season>1</DVD_season>
  <Director>Dwayne Carey-Hill</Director>
  <EpImgFlag></EpImgFlag>
  <EpisodeName>Clara's Dirty Little Secret</EpisodeName>
  <EpisodeNumber>2</EpisodeNumber>
  <FirstAired>2004-11-03</FirstAired>
  <GuestStars>Carlos Alazraqui|Alex Borstein</GuestStars>
  <IMDB_ID></IMDB_ID>
  <Language>en</Language>
  <Overview>A pregnancy scare is the least of Clara's worries (and one easily settled by a talk about &quot;the facts of life&quot;) when the rest of the household finds out about her &quot;personal problem.&quot; It seems due to a curse cast by her wicked stepmother, her vagina has been transformed into a bizarre tentacle monster! After the initial fear, horror, and urge to form an angry mob die down, the rest of the crew bands together to help Clara break the curse by finding her &quot;one true love.&quot;</Overview>
  <ProductionCode>102</ProductionCode>
  <Rating>7.3</Rating>
  <RatingCount>6</RatingCount>
  <SeasonNumber>1</SeasonNumber>
  <Writer>Matt Silverstein|Dave Jeser</Writer>
  <absolute_number></absolute_number>
  <filename>episodes/78831/296055.jpg</filename>
  <lastupdated>1281349300</lastupdated>
  <seasonid>15729</seasonid>
  <seriesid>78831</seriesid>
</Episode>
<Episode>
  <id>296056</id>
  <Combined_episodenumber>3.0</Combined_episodenumber>
  <Combined_season>1</Combined_season>
  <DVD_chapter></DVD_chapter>
  <DVD_discid></DVD_discid>
  <DVD_episodenumber>3.0</DVD_episodenumber>
  <DVD_season>1</DVD_season>
  <Director>James  Purdum</Director>
  <EpImgFlag></EpImgFlag>
  <EpisodeName>Gay Bash</EpisodeName>
  <EpisodeNumber>3</EpisodeNumber>
  <FirstAired>2004-11-10</FirstAired>
  <GuestStars>|Chris Edgerly| Jess Harnell| Jim Ward|</GuestStars>
  <IMDB_ID></IMDB_ID>
  <Language>en</Language>
  <Overview>With some not-so-gentle coaxing from his roommates, Xandir finally comes to terms with his homosexuality. But after awkwardly breaking the news to his girlfriend, and getting dumped as a result, Xandir desperately tries to find a way back in the closet. Meanwhile, after seeing Ling-Ling's incredible sewing abilities, Spanky exploits him as a source of cheap sweatshop labor, hoping to make a fortune selling knockoff sneakers to the NBA.
</Overview>
  <ProductionCode>103</ProductionCode>
  <Rating>6.9</Rating>
  <RatingCount>8</RatingCount>
  <SeasonNumber>1</SeasonNumber>
  <Writer>Elijah Aron</Writer>
  <absolute_number></absolute_number>
  <filename>episodes/78831/296056.jpg</filename>
  <lastupdated>1281349329</lastupdated>
  <seasonid>15729</seasonid>
  <seriesid>78831</seriesid>
</Episode>
<Episode>
  <id>296057</id>
  <Combined_episodenumber>4.0</Combined_episodenumber>
  <Combined_season>1</Combined_season>
  <DVD_chapter></DVD_chapter>
  <DVD_discid></DVD_discid>
  <DVD_episodenumber>4.0</DVD_episodenumber>
  <DVD_season>1</DVD_season>
  <Director>Ray Claffey</Director>
  <EpImgFlag></EpImgFlag>
  <EpisodeName>Requiem for a Reality Show</EpisodeName>
  <EpisodeNumber>4</EpisodeNumber>
  <FirstAired>2004-11-17</FirstAired>
  <GuestStars></GuestStars>
  <IMDB_ID></IMDB_ID>
  <Language>en</Language>
  <Overview>After she, Ling-Ling, Foxxy, and Xandir win a competition for food rights, Toot overindulges to the extreme, and desperately seeks help from Xandir in dealing with her not-so-little weight problem. Meanwhile, the starving housemates resort to drastic measures to get food, as Spanky bullies Wooldoor into helping him trap Clara's animal friends for game. And Foxxy extorts humiliating favors out of Captain Hero in exchange for food, only for their bondage to turn into bonding.
</Overview>
  <ProductionCode>104</ProductionCode>
  <Rating>7.0</Rating>
  <RatingCount>10</RatingCount>
  <SeasonNumber>1</SeasonNumber>
  <Writer>Erik Sommers</Writer>
  <absolute_number></absolute_number>
  <filename>episodes/78831/296057.jpg</filename>
  <lastupdated>1281349367</lastupdated>
  <seasonid>15729</seasonid>
  <seriesid>78831</seriesid>
</Episode>
<Episode>
  <id>296058</id>
  <Combined_episodenumber>5.0</Combined_episodenumber>
  <Combined_season>1</Combined_season>
  <DVD_chapter></DVD_chapter>
  <DVD_discid></DVD_discid>
  <DVD_episodenumber>5.0</DVD_episodenumber>
  <DVD_season>1</DVD_season>
  <Director>Peter Avanzino</Director>
  <EpImgFlag></EpImgFlag>
  <EpisodeName>The Other Cousin</EpisodeName>
  <EpisodeNumber>5</EpisodeNumber>
  <FirstAired>2004-12-01</FirstAired>
  <GuestStars>|Sarah Silverman| Jess Harnell|</GuestStars>
  <IMDB_ID></IMDB_ID>
  <Language>en</Language>
  <Overview>Clara's special cousin, Bleh, comes to visit the Drawn Together house, and Captain Hero bets Spanky that he'll sleep with her for 50 bucks. Meanwhile, Xandir, Toot, and Wooldoor enjoy the immense high that the fur of a depressed Ling-Ling can provide.
</Overview>
  <ProductionCode>105</ProductionCode>
  <Rating>7.3</Rating>
  <RatingCount>6</RatingCount>
  <SeasonNumber>1</SeasonNumber>
  <Writer>Reid Harrison</Writer>
  <absolute_number></absolute_number>
  <filename>episodes/78831/296058.jpg</filename>
  <lastupdated>1281349402</lastupdated>
  <seasonid>15729</seasonid>
  <seriesid>78831</seriesid>
</Episode>
<Episode>
  <id>296059</id>
  <Combined_episodenumber>6.0</Combined_episodenumber>
  <Combined_season>1</Combined_season>
  <DVD_chapter></DVD_chapter>
  <DVD_discid></DVD_discid>
  <DVD_episodenumber>6.0</DVD_episodenumber>
  <DVD_season>1</DVD_season>
  <Director>James  Purdum</Director>
  <EpImgFlag></EpImgFlag>
  <EpisodeName>Dirty Pranking Number 2</EpisodeName>
  <EpisodeNumber>6</EpisodeNumber>
  <FirstAired>2004-12-08</FirstAired>
  <GuestStars>|Bob Widmer| Hank Azaria| Johnathan Kimmel|</GuestStars>
  <IMDB_ID></IMDB_ID>
  <Language>en</Language>
  <Overview>Clara becomes addicted to a prank made up by Spanky, crapping on pizza. This only makes things worse for Clara, due to the fact that her father refuses to let her to do the prank, or see Spanky anymore. Meanwhile, Captain Hero and Xandir try to bond, as they are roommates.
</Overview>
  <ProductionCode>106</ProductionCode>
  <Rating>6.9</Rating>
  <RatingCount>7</RatingCount>
  <SeasonNumber>1</SeasonNumber>
  <Writer>Jordan Young</Writer>
  <absolute_number></absolute_number>
  <filename>episodes/78831/296059.jpg</filename>
  <lastupdated>1281349431</lastupdated>
  <seasonid>15729</seasonid>
  <seriesid>78831</seriesid>
</Episode>
<Episode>
  <id>296060</id>
  <Combined_episodenumber>7.0</Combined_episodenumber>
  <Combined_season>1</Combined_season>
  <DVD_chapter></DVD_chapter>
  <DVD_discid></DVD_discid>
  <DVD_episodenumber>7.0</DVD_episodenumber>
  <DVD_season>1</DVD_season>
  <Director>Ray Claffey</Director>
  <EpImgFlag></EpImgFlag>
  <EpisodeName>The One Wherein There Is A Big Twist (1)</EpisodeName>
  <EpisodeNumber>7</EpisodeNumber>
  <FirstAired>2004-12-15</FirstAired>
  <GuestStars>|Cree Summer| Chris Edgerly| Jim Ward|</GuestStars>
  <IMDB_ID></IMDB_ID>
  <Language>en</Language>
  <Overview>Notorious billionaire, Bucky Bucks, comes to the Drawn Together house, and hosts an Apprentice style boardroom to answer the demands of the house mates, claiming that they wanted a prize for winning something on the show. Meanwhile, Toot tries to persuade the house mates to blow up the house.
</Overview>
  <ProductionCode>1087</ProductionCode>
  <Rating>6.9</Rating>
  <RatingCount>7</RatingCount>
  <SeasonNumber>1</SeasonNumber>
  <Writer>Dave Jeser, Matt Silverstein</Writer>
  <absolute_number></absolute_number>
  <filename>episodes/78831/296060.jpg</filename>
  <lastupdated>1351272246</lastupdated>
  <seasonid>15729</seasonid>
  <seriesid>78831</seriesid>
</Episode>
<Episode>
  <id>296062</id>
  <Combined_episodenumber>1.0</Combined_episodenumber>
  <Combined_season>2</Combined_season>
  <DVD_chapter></DVD_chapter>
  <DVD_discid></DVD_discid>
  <DVD_episodenumber>1.0</DVD_episodenumber>
  <DVD_season>2</DVD_season>
  <Director>Dwayne Carey-Hill</Director>
  <EpImgFlag></EpImgFlag>
  <EpisodeName>The One Wherein There Is A Big Twist (2)</EpisodeName>
  <EpisodeNumber>1</EpisodeNumber>
  <FirstAired>2005-10-19</FirstAired>
  <GuestStars></GuestStars>
  <IMDB_ID></IMDB_ID>
  <Language>en</Language>
  <Overview>The conclusion of the cliffhanger involves the cast crash landing on a supposedly deserted island.  The cast mates, with the exception of Toot, make it back to the house, where they start to interview new roommate possibilities, including Scorpion from the Mortal Kombat video games.
</Overview>
  <ProductionCode></ProductionCode>
  <Rating>7.1</Rating>
  <RatingCount>9</RatingCount>
  <SeasonNumber>2</SeasonNumber>
  <Writer>Matt Silverstein, Dave Jeser</Writer>
  <absolute_number></absolute_number>
  <filename>episodes/78831/296062.jpg</filename>
  <lastupdated>1278899919</lastupdated>
  <seasonid>15730</seasonid>
  <seriesid>78831</seriesid>
</Episode>
<Episode>
  <id>300741</id>
  <Combined_episodenumber>2.0</Combined_episodenumber>
  <Combined_season>2</Combined_season>
  <DVD_chapter></DVD_chapter>
  <DVD_discid></DVD_discid>
  <DVD_episodenumber>2.0</DVD_episodenumber>
  <DVD_season>2</DVD_season>
  <Director>Raymie Muzquiz</Director>
  <EpImgFlag></EpImgFlag>
  <EpisodeName>Foxxy vs. the Board of Education</EpisodeName>
  <EpisodeNumber>2</EpisodeNumber>
  <FirstAired>2005-10-26</FirstAired>
  <GuestStars>|Nick Jameson| Tom Kenny| Patrick Warburton|</GuestStars>
  <IMDB_ID></IMDB_ID>
  <Language>en</Language>
  <Overview>Spanky gets downloaded with a virus and in order to get life-saving health insurance, he must &quot;gay marry&quot; Xandir. Meanwhile, Foxxy is busted for not having a Mystery-Solving License and she convinces Ling-Ling to take the racially biased test for her so she can go back to college to finish up her degree.
</Overview>
  <ProductionCode></ProductionCode>
  <Rating>7.2</Rating>
  <RatingCount>9</RatingCount>
  <SeasonNumber>2</SeasonNumber>
  <Writer>Elijah Aron</Writer>
  <absolute_number></absolute_number>
  <filename>episodes/78831/300741.jpg</filename>
  <lastupdated>1278899965</lastupdated>
  <seasonid>15730</seasonid>
  <seriesid>78831</seriesid>
</Episode>
<Episode>
  <id>301101</id>
  <Combined_episodenumber>3.0</Combined_episodenumber>
  <Combined_season>2</Combined_season>
  <DVD_chapter></DVD_chapter>
  <DVD_discid></DVD_discid>
  <DVD_episodenumber>3.0</DVD_episodenumber>
  <DVD_season>2</DVD_season>
  <Director>Ray Claffey</Director>
  <EpImgFlag></EpImgFlag>
  <EpisodeName>Little Orphan Hero</EpisodeName>
  <EpisodeNumber>3</EpisodeNumber>
  <FirstAired>2005-11-02</FirstAired>
  <GuestStars></GuestStars>
  <IMDB_ID></IMDB_ID>
  <Language>en</Language>
  <Overview>Captain Hero suffers a bout of depression from the loss of his parents. He copes by going to therapy, but shortly thereafter, he discovers his parents are, in fact, alive. Meanwhile, the other housemates start a suicide hot-line business and learn about responsibility and working together as a team.
</Overview>
  <ProductionCode></ProductionCode>
  <Rating>6.7</Rating>
  <RatingCount>11</RatingCount>
  <SeasonNumber>2</SeasonNumber>
  <Writer>Erik Sommers</Writer>
  <absolute_number></absolute_number>
  <filename>episodes/78831/301101.jpg</filename>
  <lastupdated>1278899975</lastupdated>
  <seasonid>15730</seasonid>
  <seriesid>78831</seriesid>
</Episode>
<Episode>
  <id>301102</id>
  <Combined_episodenumber>4.0</Combined_episodenumber>
  <Combined_season>2</Combined_season>
  <DVD_chapter></DVD_chapter>
  <DVD_discid></DVD_discid>
  <DVD_episodenumber>4.0</DVD_episodenumber>
  <DVD_season>2</DVD_season>
  <Director>Chuck Sheetz</Director>
  <EpImgFlag></EpImgFlag>
  <EpisodeName>Captain Hero's Marriage Pact</EpisodeName>
  <EpisodeNumber>4</EpisodeNumber>
  <FirstAired>2005-11-09</FirstAired>
  <GuestStars>|Tara Strong|</GuestStars>
  <IMDB_ID></IMDB_ID>
  <Language>en</Language>
  <Overview>Captain Hero gets a visit from his ex-girlfriend, UFG (Unusually Flexible Girl), who reminds him of their marriage pact once they both hit 30. Meanwhile, Foxxy Love tries to get the Foxxy 5 band back together so they can all reclaim their fame.
</Overview>
  <ProductionCode></ProductionCode>
  <Rating>7.1</Rating>
  <RatingCount>9</RatingCount>
  <SeasonNumber>2</SeasonNumber>
  <Writer>Reed Agnew, Elliot Blake</Writer>
  <absolute_number></absolute_number>
  <filename>episodes/78831/301102.jpg</filename>
  <lastupdated>1278899991</lastupdated>
  <seasonid>15730</seasonid>
  <seriesid>78831</seriesid>
</Episode>
<Episode>
  <id>301292</id>
  <Combined_episodenumber>5.0</Combined_episodenumber>
  <Combined_season>2</Combined_season>
  <DVD_chapter></DVD_chapter>
  <DVD_discid></DVD_discid>
  <DVD_episodenumber>5.0</DVD_episodenumber>
  <DVD_season>2</DVD_season>
  <Director>Rich Moore</Director>
  <EpImgFlag></EpImgFlag>
  <EpisodeName>Clum Babies</EpisodeName>
  <EpisodeNumber>5</EpisodeNumber>
  <FirstAired>2005-11-16</FirstAired>
  <GuestStars>|Will Ryan| Maurice LaMarche|</GuestStars>
  <IMDB_ID></IMDB_ID>
  <Language>en</Language>
  <Overview>Wooldoor hits puberty at long last and can't keep himself from masturbating. Thus, his Clum Babies with their healing powers are born. Clara, however, thinks this is an act against God and vows to stop him. Meanwhile, Ling-Ling's bachelor days might be numbered as his mother and father send an arranged battle mate to the Drawn Together house.
</Overview>
  <ProductionCode></ProductionCode>
  <Rating>7.2</Rating>
  <RatingCount>6</RatingCount>
  <SeasonNumber>2</SeasonNumber>
  <Writer>Jon Kimmel</Writer>
  <absolute_number></absolute_number>
  <filename>episodes/78831/301292.jpg</filename>
  <lastupdated>1278900003</lastupdated>
  <seasonid>15730</seasonid>
  <seriesid>78831</seriesid>
</Episode>
<Episode>
  <id>301293</id>
  <Combined_episodenumber>6.0</Combined_episodenumber>
  <Combined_season>2</Combined_season>
  <DVD_chapter></DVD_chapter>
  <DVD_discid></DVD_discid>
  <DVD_episodenumber>6.0</DVD_episodenumber>
  <DVD_season>2</DVD_season>
  <Director>Tuck Tucker</Director>
  <EpImgFlag></EpImgFlag>
  <EpisodeName>Ghostesses in the Slot Machine</EpisodeName>
  <EpisodeNumber>6</EpisodeNumber>
  <FirstAired>2005-11-30</FirstAired>
  <GuestStars></GuestStars>
  <IMDB_ID></IMDB_ID>
  <Language>en</Language>
  <Overview>When the housemates start to notice strange Poltergeist-esque occurrences, Foxxy discovers that the house is haunted by the souls of 1,000 dead Indians. The gang decides to give a piece of their property to the Indians as a gesture of peace, and the Indians build a big Vegas-style casino.
</Overview>
  <ProductionCode></ProductionCode>
  <Rating>7.0</Rating>
  <RatingCount>8</RatingCount>
  <SeasonNumber>2</SeasonNumber>
  <Writer>Bill Freiberger</Writer>
  <absolute_number></absolute_number>
  <filename>episodes/78831/301293.jpg</filename>
  <lastupdated>1278900015</lastupdated>
  <seasonid>15730</seasonid>
  <seriesid>78831</seriesid>
</Episode>
<Episode>
  <id>301739</id>
  <Combined_episodenumber>7.0</Combined_episodenumber>
  <Combined_season>2</Combined_season>
  <DVD_chapter></DVD_chapter>
  <DVD_discid></DVD_discid>
  <DVD_episodenumber>7.0</DVD_episodenumber>
  <DVD_season>2</DVD_season>
  <Director>Peter Avanzino</Director>
  <EpImgFlag></EpImgFlag>
  <EpisodeName>Super Nanny</EpisodeName>
  <EpisodeNumber>7</EpisodeNumber>
  <FirstAired>2005-12-07</FirstAired>
  <GuestStars>|Jeannie Elias|</GuestStars>
  <IMDB_ID></IMDB_ID>
  <Language>en</Language>
  <Overview>Upon seeing the reality TV show Super Nanny, Captain Hero  purposefully acts bad so he can summon Super Nanny and challenge her once and for all, because he thinks anything called super is a challenge to him. Meanwhile, Ling-Ling tries to get his driver's license. When he fails miserably, Wooldoor helps him become more &quot;Americanized&quot; so he can pass.
</Overview>
  <ProductionCode>207</ProductionCode>
  <Rating>6.6</Rating>
  <RatingCount>8</RatingCount>
  <SeasonNumber>2</SeasonNumber>
  <Writer>Dave Jeser, Matt Silverstein</Writer>
  <absolute_number></absolute_number>
  <filename>episodes/78831/301739.jpg</filename>
  <lastupdated>1278900030</lastupdated>
  <seasonid>15730</seasonid>
  <seriesid>78831</seriesid>
</Episode>
<Episode>
  <id>303678</id>
  <Combined_episodenumber>8.0</Combined_episodenumber>
  <Combined_season>2</Combined_season>
  <DVD_chapter></DVD_chapter>
  <DVD_discid></DVD_discid>
  <DVD_episodenumber>8.0</DVD_episodenumber>
  <DVD_season>2</DVD_season>
  <Director>Dwayne Carey-Hill</Director>
  <EpImgFlag></EpImgFlag>
  <EpisodeName>Terms of Endearment</EpisodeName>
  <EpisodeNumber>8</EpisodeNumber>
  <FirstAired>2006-01-25</FirstAired>
  <GuestStars>|Jess Harnell|</GuestStars>
  <IMDB_ID></IMDB_ID>
  <Language>en</Language>
  <Overview>Captain Hero uses his X-ray vision to spy on the girls in the shower. As a result of doing it too much, Foxxy receives a brain tumor. Afterwards, Captain Hero feels so guilty that he decides to give up his powers, which makes him a quadriplegic in a breath-controlled wheel chair.
</Overview>
  <ProductionCode>106</ProductionCode>
  <Rating>7.0</Rating>
  <RatingCount>8</RatingCount>
  <SeasonNumber>2</SeasonNumber>
  <Writer>Sam Freiberger, Bill Freiberger</Writer>
  <absolute_number></absolute_number>
  <filename>episodes/78831/303678.jpg</filename>
  <lastupdated>1278900179</lastupdated>
  <seasonid>15730</seasonid>
  <seriesid>78831</seriesid>
</Episode>
<Episode>
  <id>303679</id>
  <Combined_episodenumber>9.0</Combined_episodenumber>
  <Combined_season>2</Combined_season>
  <DVD_chapter></DVD_chapter>
  <DVD_discid></DVD_discid>
  <DVD_episodenumber>9.0</DVD_episodenumber>
  <DVD_season>2</DVD_season>
  <Director>Dwayne Carey-Hill</Director>
  <EpImgFlag></EpImgFlag>
  <EpisodeName>Captain Girl</EpisodeName>
  <EpisodeNumber>9</EpisodeNumber>
  <FirstAired>2006-02-01</FirstAired>
  <GuestStars>|Paget Brewster|</GuestStars>
  <IMDB_ID></IMDB_ID>
  <Language>en</Language>
  <Overview>Captain Hero's sidekick, Captain Girl, is killed by the evil Mad-Libber and replaces her with Wooldoor. Toot learns the hardships of being a mother to a Nicaraguan baby.
</Overview>
  <ProductionCode>208</ProductionCode>
  <Rating>7.0</Rating>
  <RatingCount>8</RatingCount>
  <SeasonNumber>2</SeasonNumber>
  <Writer>Jordan Young</Writer>
  <absolute_number></absolute_number>
  <filename>episodes/78831/303679.jpg</filename>
  <lastupdated>1278900167</lastupdated>
  <seasonid>15730</seasonid>
  <seriesid>78831</seriesid>
</Episode>
<Episode>
  <id>303680</id>
  <Combined_episodenumber>10.0</Combined_episodenumber>
  <Combined_season>2</Combined_season>
  <DVD_chapter></DVD_chapter>
  <DVD_discid></DVD_discid>
  <DVD_episodenumber>10.0</DVD_episodenumber>
  <DVD_season>2</DVD_season>
  <Director>Ray Claffey</Director>
  <EpImgFlag></EpImgFlag>
  <EpisodeName>A Tale of Two Cows</EpisodeName>
  <EpisodeNumber>10</EpisodeNumber>
  <FirstAired>2006-02-08</FirstAired>
  <GuestStars>|Alex Borstein|</GuestStars>
  <IMDB_ID></IMDB_ID>
  <Language>en</Language>
  <Overview>Toot uses a video game cheat book to get Xandir to accompany her to her fat camp reunion. Wooldoor brings home a live-action cow from the live-action forest.
</Overview>
  <ProductionCode>210</ProductionCode>
  <Rating>6.4</Rating>
  <RatingCount>7</RatingCount>
  <SeasonNumber>2</SeasonNumber>
  <Writer>Dave Lewman, Joe Liss</Writer>
  <absolute_number></absolute_number>
  <filename>episodes/78831/303680.jpg</filename>
  <lastupdated>1278900228</lastupdated>
  <seasonid>15730</seasonid>
  <seriesid>78831</seriesid>
</Episode>
<Episode>
  <id>305398</id>
  <Combined_episodenumber>11.0</Combined_episodenumber>
  <Combined_season>2</Combined_season>
  <DVD_chapter></DVD_chapter>
  <DVD_discid></DVD_discid>
  <DVD_episodenumber>11.0</DVD_episodenumber>
  <DVD_season>2</DVD_season>
  <Director>Raymie Muzquiz</Director>
  <EpImgFlag></EpImgFlag>
  <EpisodeName>Xandir and Tim, Sitting In a Tree</EpisodeName>
  <EpisodeNumber>11</EpisodeNumber>
  <FirstAired>2006-02-15</FirstAired>
  <GuestStars>|Jimmy Kimmel|</GuestStars>
  <IMDB_ID></IMDB_ID>
  <Language>en</Language>
  <Overview>Captain Hero's alter-ego, the mild-mannered reporter Tim Tommerson, comes to visit and spends a lot of gay time with Xandir. And the housemates learn that &quot;Drawn Together&quot; has received an &quot;F&quot; from Entertainment Weekly and seek revenge.
</Overview>
  <ProductionCode>209</ProductionCode>
  <Rating>7.2</Rating>
  <RatingCount>5</RatingCount>
  <SeasonNumber>2</SeasonNumber>
  <Writer>Bill Freiberger</Writer>
  <absolute_number></absolute_number>
  <filename>episodes/78831/305398.jpg</filename>
  <lastupdated>1278900238</lastupdated>
  <seasonid>15730</seasonid>
  <seriesid>78831</seriesid>
</Episode>
<Episode>
  <id>305399</id>
  <Combined_episodenumber>12.0</Combined_episodenumber>
  <Combined_season>2</Combined_season>
  <DVD_chapter></DVD_chapter>
  <DVD_discid></DVD_discid>
  <DVD_episodenumber>12.0</DVD_episodenumber>
  <DVD_season>2</DVD_season>
  <Director>Tuck Tucker</Director>
  <EpImgFlag></EpImgFlag>
  <EpisodeName>The Lemon-AIDS Walk</EpisodeName>
  <EpisodeNumber>12</EpisodeNumber>
  <FirstAired>2006-02-22</FirstAired>
  <GuestStars>|Billy West| Alex Borstein|</GuestStars>
  <IMDB_ID></IMDB_ID>
  <Language>en</Language>
  <Overview>Captain Hero is determined to win the AIDS walk, no matter how many steroids he must take to be the best walker around. Wooldoor gets in trouble at the mall for stealing some candy.
</Overview>
  <ProductionCode>212</ProductionCode>
  <Rating>7.6</Rating>
  <RatingCount>7</RatingCount>
  <SeasonNumber>2</SeasonNumber>
  <Writer>Erik Sommers</Writer>
  <absolute_number></absolute_number>
  <filename>episodes/78831/305399.jpg</filename>
  <lastupdated>1278900249</lastupdated>
  <seasonid>15730</seasonid>
  <seriesid>78831</seriesid>
</Episode>
<Episode>
  <id>305400</id>
  <Combined_episodenumber>13.0</Combined_episodenumber>
  <Combined_season>2</Combined_season>
  <DVD_chapter></DVD_chapter>
  <DVD_discid></DVD_discid>
  <DVD_episodenumber>13.0</DVD_episodenumber>
  <DVD_season>2</DVD_season>
  <Director>Peter Avanzino</Director>
  <EpImgFlag></EpImgFlag>
  <EpisodeName>A Very Special Drawn Together Afterschool Special</EpisodeName>
  <EpisodeNumber>13</EpisodeNumber>
  <FirstAired>2006-03-01</FirstAired>
  <GuestStars></GuestStars>
  <IMDB_ID></IMDB_ID>
  <Language>en</Language>
  <Overview>Xandir looks to his housemates for help in telling his parents he is gay. They do a little role-playing and, as usual, things get out of hand.
</Overview>
  <ProductionCode>213</ProductionCode>
  <Rating>6.8</Rating>
  <RatingCount>6</RatingCount>
  <SeasonNumber>2</SeasonNumber>
  <Writer>Valerie Ahern, Christian McLaughlin</Writer>
  <absolute_number></absolute_number>
  <filename>episodes/78831/305400.jpg</filename>
  <lastupdated>1278900267</lastupdated>
  <seasonid>15730</seasonid>
  <seriesid>78831</seriesid>
</Episode>
<Episode>
  <id>305401</id>
  <Combined_episodenumber>14.0</Combined_episodenumber>
  <Combined_season>2</Combined_season>
  <DVD_chapter></DVD_chapter>
  <DVD_discid></DVD_discid>
  <DVD_episodenumber>14.0</DVD_episodenumber>
  <DVD_season>2</DVD_season>
  <Director>Rich Moore</Director>
  <EpImgFlag></EpImgFlag>
  <EpisodeName>Alzheimer's That Ends Well</EpisodeName>
  <EpisodeNumber>14</EpisodeNumber>
  <FirstAired>2006-03-08</FirstAired>
  <GuestStars>|Chris Edgerly| Debi Mae West| Jimmy Kimmel|</GuestStars>
  <IMDB_ID></IMDB_ID>
  <Language>en</Language>
  <Overview>Clara gets an extreme make-over of her own when she gets an operation to remove her &quot;Octopussoir&quot; and give her a normal vagina again. The housemates, believing Toot to be old and suffering from Alzheimers, check her into an old folks home.
</Overview>
  <ProductionCode>211</ProductionCode>
  <Rating>7.1</Rating>
  <RatingCount>7</RatingCount>
  <SeasonNumber>2</SeasonNumber>
  <Writer>Elijah Aron</Writer>
  <absolute_number></absolute_number>
  <filename>episodes/78831/305401.jpg</filename>
  <lastupdated>1278900282</lastupdated>
  <seasonid>15730</seasonid>
  <seriesid>78831</seriesid>
</Episode>
<Episode>
  <id>305402</id>
  <Combined_episodenumber>15.0</Combined_episodenumber>
  <Combined_season>2</Combined_season>
  <DVD_chapter></DVD_chapter>
  <DVD_discid></DVD_discid>
  <DVD_episodenumber>15.0</DVD_episodenumber>
  <DVD_season>2</DVD_season>
  <Director>Dwayne Carey-Hill</Director>
  <EpImgFlag></EpImgFlag>
  <EpisodeName>The Drawn Together Clip Show</EpisodeName>
  <EpisodeNumber>15</EpisodeNumber>
  <FirstAired>2006-03-15</FirstAired>
  <GuestStars>|Chris Edgerly|</GuestStars>
  <IMDB_ID></IMDB_ID>
  <Language>en</Language>
  <Overview>The best of the past two seasons in clip-show form.
</Overview>
  <ProductionCode>214</ProductionCode>
  <Rating>6.8</Rating>
  <RatingCount>5</RatingCount>
  <SeasonNumber>2</SeasonNumber>
  <Writer>Dave Jeser, Matt Silverstein</Writer>
  <absolute_number></absolute_number>
  <filename>episodes/78831/305402.jpg</filename>
  <lastupdated>1278900297</lastupdated>
  <seasonid>15730</seasonid>
  <seriesid>78831</seriesid>
</Episode>
<Episode>
  <id>308062</id>
  <Combined_episodenumber>1.0</Combined_episodenumber>
  <Combined_season>3</Combined_season>
  <DVD_chapter></DVD_chapter>
  <DVD_discid></DVD_discid>
  <DVD_episodenumber>1.0</DVD_episodenumber>
  <DVD_season>3</DVD_season>
  <Director>Ray Claffey</Director>
  <EpImgFlag></EpImgFlag>
  <EpisodeName>Freaks &amp; Greeks</EpisodeName>
  <EpisodeNumber>1</EpisodeNumber>
  <FirstAired>2006-10-05</FirstAired>
  <GuestStars>|Maurice LaMarche|</GuestStars>
  <IMDB_ID></IMDB_ID>
  <Language>en</Language>
  <Overview>Captain Hero is thrilled to discover Greeks have moved in next door, but remains oblivious to the fact that it is a family of Greek immigrants and not a Greek fraternity. When the Greeks won't let Captain Hero rush their house, he sets his sights on revenge, including fraternity-style pranks like kidnapping their daughter. Meanwhile, Ling-Ling's sickly father moves into the Drawn Together house and falls in love with Toot. Like a typical gold digger, Toot marries the rich old man for his money. But will Ling-Ling put up with losing his inheritance to a fatty?
</Overview>
  <ProductionCode></ProductionCode>
  <Rating>7.6</Rating>
  <RatingCount>9</RatingCount>
  <SeasonNumber>3</SeasonNumber>
  <Writer>Dave Jeser, Matt Silverstein</Writer>
  <absolute_number></absolute_number>
  <filename>episodes/78831/308062.jpg</filename>
  <lastupdated>1246163841</lastupdated>
  <seasonid>16355</seasonid>
  <seriesid>78831</seriesid>
</Episode>
<Episode>
  <id>308063</id>
  <Combined_episodenumber>2.0</Combined_episodenumber>
  <Combined_season>3</Combined_season>
  <DVD_chapter></DVD_chapter>
  <DVD_discid></DVD_discid>
  <DVD_episodenumber>2.0</DVD_episodenumber>
  <DVD_season>3</DVD_season>
  <Director>Dwayne Carey-Hill</Director>
  <EpImgFlag></EpImgFlag>
  <EpisodeName>Wooldoor Sockbat's Giggle-Wiggle Funny Tickle Non-Traditional Progressive Multicultural Roundtable!</EpisodeName>
  <EpisodeNumber>2</EpisodeNumber>
  <FirstAired>2006-10-12</FirstAired>
  <GuestStars>|Jess Harnell|</GuestStars>
  <IMDB_ID></IMDB_ID>
  <Language>en</Language>
  <Overview>Wooldoor's new children's show is finally hitting the air, but Clara is certain that it will turn kids gay faster than Tinky-Winky and SpongeBob combined. A Terminator from the future shows up to kill Wooldoor, but Xandir saves the little guy and explains that the show does really does turn the whole world gay. The Terminator was sent back by the remaining few straight people to ensure the straight future. In the mean time, Toot pines away for the mythical &quot;Wiener Mobile,&quot; which is supposed to give out free hot dogs. but only to the worthy.
</Overview>
  <ProductionCode></ProductionCode>
  <Rating>7.5</Rating>
  <RatingCount>13</RatingCount>
  <SeasonNumber>3</SeasonNumber>
  <Writer>Erik Sommers</Writer>
  <absolute_number></absolute_number>
  <filename>episodes/78831/308063.jpg</filename>
  <lastupdated>1246163861</lastupdated>
  <seasonid>16355</seasonid>
  <seriesid>78831</seriesid>
</Episode>
<Episode>
  <id>308064</id>
  <Combined_episodenumber>3.0</Combined_episodenumber>
  <Combined_season>3</Combined_season>
  <DVD_chapter></DVD_chapter>
  <DVD_discid></DVD_discid>
  <DVD_episodenumber>3.0</DVD_episodenumber>
  <DVD_season>3</DVD_season>
  <Director>Frank Marino</Director>
  <EpImgFlag></EpImgFlag>
  <EpisodeName>Spelling Applebee's</EpisodeName>
  <EpisodeNumber>3</EpisodeNumber>
  <FirstAired>2006-10-19</FirstAired>
  <GuestStars>|David Cooley|</GuestStars>
  <IMDB_ID></IMDB_ID>
  <Language>en</Language>
  <Overview>Foxxy refuses to participate in a house Spelling Bee to win a gift certificate to Applebee's. The truth comes out that Foxxy used to be the best speller in all the land, but had fallen far from grace after a violent racial incident at a Bee years earlier. Spanky convinces Foxxy to go for the title once again. In the meantime, Captain Hero discovers Clara has a secret sexual fetish for car crashes. Hero causes wrecks to get Clara off, but does she really love him? Or is she just using him for the car crashes?
</Overview>
  <ProductionCode></ProductionCode>
  <Rating>7.3</Rating>
  <RatingCount>9</RatingCount>
  <SeasonNumber>3</SeasonNumber>
  <Writer>Jordan Young</Writer>
  <absolute_number></absolute_number>
  <filename>episodes/78831/308064.jpg</filename>
  <lastupdated>1246163874</lastupdated>
  <seasonid>16355</seasonid>
  <seriesid>78831</seriesid>
</Episode>
<Episode>
  <id>310544</id>
  <Combined_episodenumber>4.0</Combined_episodenumber>
  <Combined_season>3</Combined_season>
  <DVD_chapter></DVD_chapter>
  <DVD_discid></DVD_discid>
  <DVD_episodenumber>4.0</DVD_episodenumber>
  <DVD_season>3</DVD_season>
  <Director>Kyounghee Lim</Director>
  <EpImgFlag></EpImgFlag>
  <EpisodeName>Unrestrainable Trainable</EpisodeName>
  <EpisodeNumber>4</EpisodeNumber>
  <FirstAired>2006-10-25</FirstAired>
  <GuestStars>|David Cooley| Billy West|</GuestStars>
  <IMDB_ID></IMDB_ID>
  <Language>en</Language>
  <Overview>Captain Hero discovers that the &quot;special&quot; Giant who's been attacking the city is actually his son! And what's worse, Hero's sister, Captain She-Ro, is the mother! Can Hero raise his inbred son to be a productive member of society? Or will the Giant destroy the world by hugging a Winnie-the-Pooh-shaped nuclear bomb? In the mean time, Clara get Munchhausen's by Proxy and earns accolades by alternately taking care of Wooldoor, and keeping him sick with drain cleaner and sledgehammers.
</Overview>
  <ProductionCode></ProductionCode>
  <Rating>7.4</Rating>
  <RatingCount>8</RatingCount>
  <SeasonNumber>3</SeasonNumber>
  <Writer>Elijah Aron</Writer>
  <absolute_number></absolute_number>
  <filename>episodes/78831/310544.jpg</filename>
  <lastupdated>1246163896</lastupdated>
  <seasonid>16355</seasonid>
  <seriesid>78831</seriesid>
</Episode>
<Episode>
  <id>310545</id>
  <Combined_episodenumber>5.0</Combined_episodenumber>
  <Combined_season>3</Combined_season>
  <DVD_chapter></DVD_chapter>
  <DVD_discid></DVD_discid>
  <DVD_episodenumber>5.0</DVD_episodenumber>
  <DVD_season>3</DVD_season>
  <Director>Stephen Sandoval</Director>
  <EpImgFlag></EpImgFlag>
  <EpisodeName>N.R.A.y RAY</EpisodeName>
  <EpisodeNumber>5</EpisodeNumber>
  <FirstAired>2006-11-01</FirstAired>
  <GuestStars>|Tara Strong| Phil LaMarr|</GuestStars>
  <IMDB_ID></IMDB_ID>
  <Language>en</Language>
  <Overview>After the house is robbed, Captain Hero decides to get a gun for protection. But things get out of hand when Hero starts hunting with assault weapons. Adorable little Bambi convinces Hero to stop hunting deer with such violent weapons. Hero decides rids the world of all assault weapons, leaving Earth vulnerable to the attacking deer! In the mean time, Foxxy hides her thieving grandson Ray Ray in the walls of the Drawn Together house to hide him from the police. Stuck in the walls, Ray Ray spies on the housemates and ends up falling in love with the fattest woman with the biggest ass. Toot. Can her huge ass save the housemates from the attacking deer?
</Overview>
  <ProductionCode></ProductionCode>
  <Rating>7.0</Rating>
  <RatingCount>7</RatingCount>
  <SeasonNumber>3</SeasonNumber>
  <Writer>Craig DiGregorio</Writer>
  <absolute_number></absolute_number>
  <filename>episodes/78831/310545.jpg</filename>
  <lastupdated>1246163916</lastupdated>
  <seasonid>16355</seasonid>
  <seriesid>78831</seriesid>
</Episode>
<Episode>
  <id>312130</id>
  <Combined_episodenumber>6.0</Combined_episodenumber>
  <Combined_season>3</Combined_season>
  <DVD_chapter></DVD_chapter>
  <DVD_discid></DVD_discid>
  <DVD_episodenumber>6.0</DVD_episodenumber>
  <DVD_season>3</DVD_season>
  <Director>Dwayne Carey-Hill</Director>
  <EpImgFlag></EpImgFlag>
  <EpisodeName>Mexican't Buy Me Love (A.K.A. Captain Hero and the Cool Kids)</EpisodeName>
  <EpisodeNumber>6</EpisodeNumber>
  <FirstAired>2006-11-08</FirstAired>
  <GuestStars>|Carlos Mencia|</GuestStars>
  <IMDB_ID></IMDB_ID>
  <Language>en</Language>
  <Overview>Captain Hero is desperate to hang out with the Cool Kids, like Spanky, Clara and Foxxy while Foxxy is desperate to save the world from a meteor. In the meantime, Ling-Ling takes up cockfighting in order to bribe the Mexican police.
</Overview>
  <ProductionCode>307</ProductionCode>
  <Rating>7.5</Rating>
  <RatingCount>8</RatingCount>
  <SeasonNumber>3</SeasonNumber>
  <Writer>Reed Agnew</Writer>
  <absolute_number></absolute_number>
  <filename>episodes/78831/312130.jpg</filename>
  <lastupdated>1302847821</lastupdated>
  <seasonid>16355</seasonid>
  <seriesid>78831</seriesid>
</Episode>
<Episode>
  <id>312444</id>
  <Combined_episodenumber>7.0</Combined_episodenumber>
  <Combined_season>3</Combined_season>
  <DVD_chapter></DVD_chapter>
  <DVD_discid></DVD_discid>
  <DVD_episodenumber>7.0</DVD_episodenumber>
  <DVD_season>3</DVD_season>
  <Director>Peter Avanzino</Director>
  <EpImgFlag></EpImgFlag>
  <EpisodeName>Lost In Parking Space (1)</EpisodeName>
  <EpisodeNumber>7</EpisodeNumber>
  <FirstAired>2006-11-15</FirstAired>
  <GuestStars>|Will Forte| Phil LaMarr|</GuestStars>
  <IMDB_ID></IMDB_ID>
  <Language>en</Language>
  <Overview>Clara annoys her housemates by preaching about the upcoming rapture. When her housemates head off to the mall, Clara mistakenly thinks they've been taken off to heaven. In the mean time, the other housemates get themselves trapped in a compact parking space in the mall with little or no means of escape.
</Overview>
  <ProductionCode>306</ProductionCode>
  <Rating>6.9</Rating>
  <RatingCount>7</RatingCount>
  <SeasonNumber>3</SeasonNumber>
  <Writer>Erik Sommers, Elijah Aron</Writer>
  <absolute_number></absolute_number>
  <filename>episodes/78831/312444.jpg</filename>
  <lastupdated>1302847838</lastupdated>
  <seasonid>16355</seasonid>
  <seriesid>78831</seriesid>
</Episode>
<Episode>
  <id>314263</id>
  <Combined_episodenumber>8.0</Combined_episodenumber>
  <Combined_season>3</Combined_season>
  <DVD_chapter></DVD_chapter>
  <DVD_discid></DVD_discid>
  <DVD_episodenumber>8.0</DVD_episodenumber>
  <DVD_season>3</DVD_season>
  <Director></Director>
  <EpImgFlag></EpImgFlag>
  <EpisodeName>Lost In Parking Space (2)</EpisodeName>
  <EpisodeNumber>8</EpisodeNumber>
  <FirstAired>2007-10-04</FirstAired>
  <GuestStars></GuestStars>
  <IMDB_ID></IMDB_ID>
  <Language>en</Language>
  <Overview>When Toot drinks salt water and goes insane while trapped in the van, she tries to convince the other roommates in the van to kill and eat Ling-Ling. Foxxy tries to escape Hot Topic's back room before the manager lets customers torture her.</Overview>
  <ProductionCode>308</ProductionCode>
  <Rating>7.3</Rating>
  <RatingCount>4</RatingCount>
  <SeasonNumber>3</SeasonNumber>
  <Writer></Writer>
  <absolute_number></absolute_number>
  <filename>episodes/78831/314263.jpg</filename>
  <lastupdated>1302847847</lastupdated>
  <seasonid>16355</seasonid>
  <seriesid>78831</seriesid>
</Episode>
<Episode>
  <id>315984</id>
  <Combined_episodenumber>13.0</Combined_episodenumber>
  <Combined_season>3</Combined_season>
  <DVD_chapter></DVD_chapter>
  <DVD_discid></DVD_discid>
  <DVD_episodenumber>13.0</DVD_episodenumber>
  <DVD_season>3</DVD_season>
  <Director></Director>
  <EpImgFlag></EpImgFlag>
  <EpisodeName>Charlotte's Web of Lies</EpisodeName>
  <EpisodeNumber>9</EpisodeNumber>
  <FirstAired>2007-10-11</FirstAired>
  <GuestStars>Rebecca Romijn</GuestStars>
  <IMDB_ID></IMDB_ID>
  <Language>en</Language>
  <Overview>A spider has a one night stand with Spanky Ham, and relationship quickly turns into a fatal attraction. Meanwhile, Captain Hero comes face to face with his arch nemesis, and forges an unlikely bond. We also learn the origin of Ling-Ling's violent tendencies - he never truly wanted to be a fighter, oh no, all he wanted to do was dance.
</Overview>
  <ProductionCode>313</ProductionCode>
  <Rating>7.2</Rating>
  <RatingCount>6</RatingCount>
  <SeasonNumber>3</SeasonNumber>
  <Writer></Writer>
  <absolute_number></absolute_number>
  <filename>episodes/78831/315984.jpg</filename>
  <lastupdated>1246163989</lastupdated>
  <seasonid>16355</seasonid>
  <seriesid>78831</seriesid>
</Episode>
<Episode>
  <id>315985</id>
  <Combined_episodenumber>12.0</Combined_episodenumber>
  <Combined_season>3</Combined_season>
  <DVD_chapter></DVD_chapter>
  <DVD_discid></DVD_discid>
  <DVD_episodenumber>12.0</DVD_episodenumber>
  <DVD_season>3</DVD_season>
  <Director></Director>
  <EpImgFlag></EpImgFlag>
  <EpisodeName>Breakfast Food Killer</EpisodeName>
  <EpisodeNumber>10</EpisodeNumber>
  <FirstAired>2007-10-18</FirstAired>
  <GuestStars></GuestStars>
  <IMDB_ID></IMDB_ID>
  <Language>en</Language>
  <Overview>Wooldoor becomes the cereal mascot of Quackers cereal after the original mascot is mysteriously murdered. Wooldoor parties it up Hollywood-style with his new cereal friends, and soon finds himself addicted to Crunchberries. Toot discovers that the cereal industry is evil and tries to bring down those cereal jackasses before they lose Wooldoor forever</Overview>
  <ProductionCode>312</ProductionCode>
  <Rating>7.3</Rating>
  <RatingCount>6</RatingCount>
  <SeasonNumber>3</SeasonNumber>
  <Writer></Writer>
  <absolute_number></absolute_number>
  <filename>episodes/78831/315985.jpg</filename>
  <lastupdated>1294390724</lastupdated>
  <seasonid>16355</seasonid>
  <seriesid>78831</seriesid>
</Episode>
<Episode>
  <id>315986</id>
  <Combined_episodenumber>9.0</Combined_episodenumber>
  <Combined_season>3</Combined_season>
  <DVD_chapter></DVD_chapter>
  <DVD_discid></DVD_discid>
  <DVD_episodenumber>9.0</DVD_episodenumber>
  <DVD_season>3</DVD_season>
  <Director></Director>
  <EpImgFlag></EpImgFlag>
  <EpisodeName>Drawn Together Babies</EpisodeName>
  <EpisodeNumber>11</EpisodeNumber>
  <FirstAired>2007-10-25</FirstAired>
  <GuestStars></GuestStars>
  <IMDB_ID></IMDB_ID>
  <Language>en</Language>
  <Overview>The eight housemates are living together as babies, and when Mommy and Daddy leave them with a babysitter they begin to plot against her. They end up killing her and have to cover up the whole thing.
</Overview>
  <ProductionCode>309</ProductionCode>
  <Rating>7.4</Rating>
  <RatingCount>5</RatingCount>
  <SeasonNumber>3</SeasonNumber>
  <Writer></Writer>
  <absolute_number></absolute_number>
  <filename>episodes/78831/315986.jpg</filename>
  <lastupdated>1246163735</lastupdated>
  <seasonid>16355</seasonid>
  <seriesid>78831</seriesid>
</Episode>
<Episode>
  <id>315987</id>
  <Combined_episodenumber>10.0</Combined_episodenumber>
  <Combined_season>3</Combined_season>
  <DVD_chapter></DVD_chapter>
  <DVD_discid></DVD_discid>
  <DVD_episodenumber>10.0</DVD_episodenumber>
  <DVD_season>3</DVD_season>
  <Director></Director>
  <EpImgFlag></EpImgFlag>
  <EpisodeName>Nipple Ring-Ring Goes to Foster Care</EpisodeName>
  <EpisodeNumber>12</EpisodeNumber>
  <FirstAired>2007-11-01</FirstAired>
  <GuestStars>Tara Strong</GuestStars>
  <IMDB_ID></IMDB_ID>
  <Language>en</Language>
  <Overview>Child Services puts Ling-Ling in foster care, where he ends up in the house of Uncle Ben. Foxxy decides to save Ling-Ling from foster care and ends up discovering who her father is. Hero is jealous of Xandir's nipple ring and decides to get one himself. After he gets hit by lighting, Hero realizes he can use his nipple ring to communicate with himself from the past.</Overview>
  <ProductionCode>310</ProductionCode>
  <Rating>7.2</Rating>
  <RatingCount>5</RatingCount>
  <SeasonNumber>3</SeasonNumber>
  <Writer></Writer>
  <absolute_number></absolute_number>
  <filename>episodes/78831/315987.jpg</filename>
  <lastupdated>1246163808</lastupdated>
  <seasonid>16355</seasonid>
  <seriesid>78831</seriesid>
</Episode>
<Episode>
  <id>315988</id>
  <Combined_episodenumber>11.0</Combined_episodenumber>
  <Combined_season>3</Combined_season>
  <DVD_chapter></DVD_chapter>
  <DVD_discid></DVD_discid>
  <DVD_episodenumber>11.0</DVD_episodenumber>
  <DVD_season>3</DVD_season>
  <Director></Director>
  <EpImgFlag></EpImgFlag>
  <EpisodeName>Toot Goes Bollywood</EpisodeName>
  <EpisodeNumber>13</EpisodeNumber>
  <FirstAired>2007-11-08</FirstAired>
  <GuestStars></GuestStars>
  <IMDB_ID></IMDB_ID>
  <Language>en</Language>
  <Overview>Foxxy vows to give up sex and Toot vows to get some. Wooldoor hypnotizes Foxxy to try to discover why she is such a whore. Meanwhile, the housemates tease Toot until Xandir finally offers to help Toot change her look.</Overview>
  <ProductionCode>311</ProductionCode>
  <Rating>7.6</Rating>
  <RatingCount>5</RatingCount>
  <SeasonNumber>3</SeasonNumber>
  <Writer></Writer>
  <absolute_number></absolute_number>
  <filename>episodes/78831/315988.jpg</filename>
  <lastupdated>1310276317</lastupdated>
  <seasonid>16355</seasonid>
  <seriesid>78831</seriesid>
</Episode>
<Episode>
  <id>315989</id>
  <Combined_episodenumber>14.0</Combined_episodenumber>
  <Combined_season>3</Combined_season>
  <DVD_chapter></DVD_chapter>
  <DVD_discid></DVD_discid>
  <DVD_episodenumber>14.0</DVD_episodenumber>
  <DVD_season>3</DVD_season>
  <Director></Director>
  <EpImgFlag></EpImgFlag>
  <EpisodeName>The Elimination Special, Part II: The Elimination</EpisodeName>
  <EpisodeNumber>14</EpisodeNumber>
  <FirstAired>2007-11-15</FirstAired>
  <GuestStars></GuestStars>
  <IMDB_ID></IMDB_ID>
  <Language>en</Language>
  <Overview>The housemates look back at the season and compete to stay in the house in an American Idol type competition, while they are forced to sing some show favorites with some new twists.</Overview>
  <ProductionCode>314</ProductionCode>
  <Rating>6.8</Rating>
  <RatingCount>5</RatingCount>
  <SeasonNumber>3</SeasonNumber>
  <Writer></Writer>
  <absolute_number></absolute_number>
  <filename>episodes/78831/315989.jpg</filename>
  <lastupdated>1246164128</lastupdated>
  <seasonid>16355</seasonid>
  <seriesid>78831</seriesid>
</Episode>
</Data>