<?xml version="1.0" encoding="UTF-8" ?>
<Actors>
<Actor>
  <id>78464</id>
  <Image>actors/78464.jpg</Image>
  <Name>Peter Krause</Name>
  <Role>Nick George</Role>
  <SortOrder>0</SortOrder>
</Actor>
<Actor>
  <id>78465</id>
  <Image>actors/78465.jpg</Image>
  <Name>Donald Sutherland</Name>
  <Role>Tripp Darling</Role>
  <SortOrder>1</SortOrder>
</Actor>
<Actor>
  <id>79189</id>
  <Image>actors/79189.jpg</Image>
  <Name>Lucy Liu</Name>
  <Role>Nola Lyons</Role>
  <SortOrder>3</SortOrder>
</Actor>
<Actor>
  <id>78479</id>
  <Image>actors/78479.jpg</Image>
  <Name>Blair Underwood</Name>
  <Role>Simon Elder</Role>
  <SortOrder>3</SortOrder>
</Actor>
<Actor>
  <id>78472</id>
  <Image>actors/78472.jpg</Image>
  <Name>Zoe McLellan</Name>
  <Role>Lisa George</Role>
  <SortOrder>3</SortOrder>
</Actor>
<Actor>
  <id>78471</id>
  <Image>actors/78471.jpg</Image>
  <Name>Samaire Armstrong</Name>
  <Role>Juliet Darling</Role>
  <SortOrder>3</SortOrder>
</Actor>
<Actor>
  <id>78470</id>
  <Image>actors/78470.jpg</Image>
  <Name>Glenn Fitzgerald</Name>
  <Role>Rev. Brian Darling</Role>
  <SortOrder>3</SortOrder>
</Actor>
<Actor>
  <id>78469</id>
  <Image>actors/78469.jpg</Image>
  <Name>Jill Clayburgh</Name>
  <Role>Letitia Darling</Role>
  <SortOrder>3</SortOrder>
</Actor>
<Actor>
  <id>78468</id>
  <Image>actors/78468.jpg</Image>
  <Name>Seth Gabel</Name>
  <Role>Jeremy Darling</Role>
  <SortOrder>3</SortOrder>
</Actor>
<Actor>
  <id>78467</id>
  <Image>actors/78467.jpg</Image>
  <Name>Natalie Zea</Name>
  <Role>Karen Darling</Role>
  <SortOrder>3</SortOrder>
</Actor>
<Actor>
  <id>78466</id>
  <Image>actors/78466.jpg</Image>
  <Name>William Baldwin</Name>
  <Role>Patrick Darling</Role>
  <SortOrder>3</SortOrder>
</Actor>
</Actors>