<?xml version="1.0" encoding="UTF-8" ?>
<Data><Series>
  <id>80593</id>
  <Actors>|Peter Krause|Donald Sutherland|Lucy Liu|Blair Underwood|Zoe McLellan|Samaire Armstrong|Glenn Fitzgerald|Jill Clayburgh|Seth Gabel|Natalie Zea|William Baldwin|</Actors>
  <Airs_DayOfWeek>Wednesday</Airs_DayOfWeek>
  <Airs_Time>10:00 PM</Airs_Time>
  <ContentRating>TV-14</ContentRating>
  <FirstAired>2007-09-26</FirstAired>
  <Genre>|Comedy|Drama|</Genre>
  <IMDB_ID>tt0960136</IMDB_ID>
  <Language>en</Language>
  <Network>ABC</Network>
  <NetworkID></NetworkID>
  <Overview>When Nick's father mysteriously dies in a plane crash, he agrees to take his position as the Darling family's lawyer, while trying to discover who committed the murder. The Darlings, the richest family in New York, constantly rely on Nick to solve their problems. Nick struggles to balance his morals and family life while dealing with the demands of the Darlings.</Overview>
  <Rating>7.9</Rating>
  <RatingCount>24</RatingCount>
  <Runtime>60</Runtime>
  <SeriesID>68659</SeriesID>
  <SeriesName>Dirty Sexy Money</SeriesName>
  <Status>Ended</Status>
  <added></added>
  <addedBy></addedBy>
  <banner>graphical/80593-g3.jpg</banner>
  <fanart>fanart/original/80593-6.jpg</fanart>
  <lastupdated>1361178373</lastupdated>
  <poster>posters/80593-2.jpg</poster>
  <zap2it_id>SH930979</zap2it_id>
</Series>
<Episode>
  <id>336581</id>
  <Combined_episodenumber>1</Combined_episodenumber>
  <Combined_season>1</Combined_season>
  <DVD_chapter></DVD_chapter>
  <DVD_discid></DVD_discid>
  <DVD_episodenumber></DVD_episodenumber>
  <DVD_season></DVD_season>
  <Director>Peter Horton</Director>
  <EpImgFlag></EpImgFlag>
  <EpisodeName>Pilot</EpisodeName>
  <EpisodeNumber>1</EpisodeNumber>
  <FirstAired>2007-09-26</FirstAired>
  <GuestStars>Victoria Pratt|Laz Alonso|Shawn Michael Patrick|Daniel Cosgrove|John Ellison Conlee|Brooke Smith|Rae Ritke|Laura Margolis|Tamara Feldman|Roxana Brusso</GuestStars>
  <IMDB_ID></IMDB_ID>
  <Language>en</Language>
  <Overview>When attorney Nick George's father dies, Nick takes over his law practice and must take care of the Darlings and their problems, including human trafficking, illegitimate children, and affairs.</Overview>
  <ProductionCode></ProductionCode>
  <Rating>7.0</Rating>
  <RatingCount>7</RatingCount>
  <SeasonNumber>1</SeasonNumber>
  <Writer>Craig Wright</Writer>
  <absolute_number></absolute_number>
  <filename>episodes/80593/336581.jpg</filename>
  <lastupdated>1278450774</lastupdated>
  <seasonid>28646</seasonid>
  <seriesid>80593</seriesid>
</Episode>
<Episode>
  <id>337137</id>
  <Combined_episodenumber>2</Combined_episodenumber>
  <Combined_season>1</Combined_season>
  <DVD_chapter></DVD_chapter>
  <DVD_discid></DVD_discid>
  <DVD_episodenumber></DVD_episodenumber>
  <DVD_season></DVD_season>
  <Director>Jack Bender</Director>
  <EpImgFlag></EpImgFlag>
  <EpisodeName>The Lions</EpisodeName>
  <EpisodeNumber>2</EpisodeNumber>
  <FirstAired>2007-10-03</FirstAired>
  <GuestStars>Will Shadley|Laura Margolis|Candis Cayne|Michelle Krusiec|Daniel Cosgrove|Blair Underwood|Tamara Feldman|Chloë Grace Moretz|Roxana Brusso|Yan Ruiz</GuestStars>
  <IMDB_ID>tt1039169</IMDB_ID>
  <Language>en</Language>
  <Overview>Nick searches for his father's killer. When the family has a photo shoot Juliet refuses to be there. Patrick has to deal with his father who wants him to run for the senate.</Overview>
  <ProductionCode></ProductionCode>
  <Rating>7.9</Rating>
  <RatingCount>7</RatingCount>
  <SeasonNumber>1</SeasonNumber>
  <Writer>Craig Wright</Writer>
  <absolute_number></absolute_number>
  <filename>episodes/80593/337137.jpg</filename>
  <lastupdated>1361177113</lastupdated>
  <seasonid>28646</seasonid>
  <seriesid>80593</seriesid>
</Episode>
<Episode>
  <id>337138</id>
  <Combined_episodenumber>3</Combined_episodenumber>
  <Combined_season>1</Combined_season>
  <DVD_chapter></DVD_chapter>
  <DVD_discid></DVD_discid>
  <DVD_episodenumber></DVD_episodenumber>
  <DVD_season></DVD_season>
  <Director>Michael Grossman</Director>
  <EpImgFlag></EpImgFlag>
  <EpisodeName>The Italian Banker</EpisodeName>
  <EpisodeNumber>3</EpisodeNumber>
  <FirstAired>2007-10-10</FirstAired>
  <GuestStars>Daniel Cosgrove|Tamara Feldman|Laura Margolis|Candis Cayne|Chloë Grace Moretz|Michelle Krusiec|Will Shadley</GuestStars>
  <IMDB_ID>tt1039170</IMDB_ID>
  <Language>en</Language>
  <Overview>Nick tries to fix things when the Darlings are blackmailed over a sex tape starring a family member. Patrick is upset over being forced to end things with Carmelita. Brian's wife gets suspicious over the Swedish orphan he brought home. Jeremy tries to keep it quiet about him and Natalie, but when they all show up at a fundraiser for Patrick things get out of control.</Overview>
  <ProductionCode></ProductionCode>
  <Rating>7.9</Rating>
  <RatingCount>7</RatingCount>
  <SeasonNumber>1</SeasonNumber>
  <Writer>Josh Reims|Tad Quill</Writer>
  <absolute_number></absolute_number>
  <filename>episodes/80593/337138.jpg</filename>
  <lastupdated>1361177135</lastupdated>
  <seasonid>28646</seasonid>
  <seriesid>80593</seriesid>
</Episode>
<Episode>
  <id>337139</id>
  <Combined_episodenumber>4</Combined_episodenumber>
  <Combined_season>1</Combined_season>
  <DVD_chapter></DVD_chapter>
  <DVD_discid></DVD_discid>
  <DVD_episodenumber></DVD_episodenumber>
  <DVD_season></DVD_season>
  <Director>Michael Lange</Director>
  <EpImgFlag></EpImgFlag>
  <EpisodeName>The Chiavennasca</EpisodeName>
  <EpisodeNumber>4</EpisodeNumber>
  <FirstAired>2007-10-17</FirstAired>
  <GuestStars>Michelle Krusiec|Daniel Cosgrove|Laura Margolis|Tamara Feldman|Bellamy Young|Will Shadley|Chloë Grace Moretz</GuestStars>
  <IMDB_ID>tt1039171</IMDB_ID>
  <Language>en</Language>
  <Overview>Tripp sends Nick to a vineyard in Italy to get information about his father's death. Nick decides to bring Lisa along to spend some time with her away from the Darlings but Freddy and Karen are following them everywhere they go. After Leticia admits she was unfaithful to him, Tripp decides to find out if all of his children are really his.</Overview>
  <ProductionCode></ProductionCode>
  <Rating>7.5</Rating>
  <RatingCount>6</RatingCount>
  <SeasonNumber>1</SeasonNumber>
  <Writer>Christopher Landon|Diane Ruggiero</Writer>
  <absolute_number></absolute_number>
  <filename>episodes/80593/337139.jpg</filename>
  <lastupdated>1360994418</lastupdated>
  <seasonid>28646</seasonid>
  <seriesid>80593</seriesid>
</Episode>
<Episode>
  <id>337140</id>
  <Combined_episodenumber>5</Combined_episodenumber>
  <Combined_season>1</Combined_season>
  <DVD_chapter></DVD_chapter>
  <DVD_discid></DVD_discid>
  <DVD_episodenumber></DVD_episodenumber>
  <DVD_season></DVD_season>
  <Director>James Frawley</Director>
  <EpImgFlag></EpImgFlag>
  <EpisodeName>The Bridge</EpisodeName>
  <EpisodeNumber>5</EpisodeNumber>
  <FirstAired>2007-10-24</FirstAired>
  <GuestStars>Daniel Cosgrove|Blair Underwood|Tamara Feldman|Laura Margolis|Bellamy Young|Chloë Grace Moretz</GuestStars>
  <IMDB_ID>tt1039172</IMDB_ID>
  <Language>en</Language>
  <Overview>Nick finds he has a lot in common with Simon, Tripp's nemesis. In a case of sibling rivalry Jeremy and Juliet decide to try and outdo each other for their separate birthday parties. Brian Jr. wants to tell Brian's wife the truth. Karen tries to get Freddy into a fancy country club.</Overview>
  <ProductionCode></ProductionCode>
  <Rating>8.1</Rating>
  <RatingCount>8</RatingCount>
  <SeasonNumber>1</SeasonNumber>
  <Writer>Peter Elkoff|Jessica Brickman</Writer>
  <absolute_number></absolute_number>
  <filename>episodes/80593/337140.jpg</filename>
  <lastupdated>1361176752</lastupdated>
  <seasonid>28646</seasonid>
  <seriesid>80593</seriesid>
</Episode>
<Episode>
  <id>337141</id>
  <Combined_episodenumber>6</Combined_episodenumber>
  <Combined_season>1</Combined_season>
  <DVD_chapter></DVD_chapter>
  <DVD_discid></DVD_discid>
  <DVD_episodenumber></DVD_episodenumber>
  <DVD_season></DVD_season>
  <Director></Director>
  <EpImgFlag></EpImgFlag>
  <EpisodeName>The Game</EpisodeName>
  <EpisodeNumber>6</EpisodeNumber>
  <FirstAired>2007-10-31</FirstAired>
  <GuestStars></GuestStars>
  <IMDB_ID></IMDB_ID>
  <Language>en</Language>
  <Overview>A high stakes poker game pits Simon Elder against Tripp, Karen needs a favor from her irresistible ex husband, and pampered Jeremy gets a real job.</Overview>
  <ProductionCode></ProductionCode>
  <Rating>7.8</Rating>
  <RatingCount>8</RatingCount>
  <SeasonNumber>1</SeasonNumber>
  <Writer></Writer>
  <absolute_number></absolute_number>
  <filename>episodes/80593/337141.jpg</filename>
  <lastupdated>1278450923</lastupdated>
  <seasonid>28646</seasonid>
  <seriesid>80593</seriesid>
</Episode>
<Episode>
  <id>337142</id>
  <Combined_episodenumber>7</Combined_episodenumber>
  <Combined_season>1</Combined_season>
  <DVD_chapter></DVD_chapter>
  <DVD_discid></DVD_discid>
  <DVD_episodenumber></DVD_episodenumber>
  <DVD_season></DVD_season>
  <Director>Jamie Babbit</Director>
  <EpImgFlag></EpImgFlag>
  <EpisodeName>The Wedding</EpisodeName>
  <EpisodeNumber>7</EpisodeNumber>
  <FirstAired>2007-11-14</FirstAired>
  <GuestStars>Brad Campbell|Rico E. Anderson|Hiram Kasten|Jeffrey Hutchinson|Maria McCann|Edward Carnevale|Bruce Barton|Victoria Eugenia Acuna|Van Epperson|Steve Jones|Chloë Grace Moretz</GuestStars>
  <IMDB_ID>tt1120012</IMDB_ID>
  <Language>en</Language>
  <Overview>Karen is getting married, but her strong desire for Nick might be more of a distraction then she could have ever thought. Brian Jr.'s mother comes back into town trying to get her son back, but the once arrogant Brian has another idea.</Overview>
  <ProductionCode>107</ProductionCode>
  <Rating>7.4</Rating>
  <RatingCount>7</RatingCount>
  <SeasonNumber>1</SeasonNumber>
  <Writer>Peter Elkoff|Jake Coburn</Writer>
  <absolute_number></absolute_number>
  <filename>episodes/80593/337142.jpg</filename>
  <lastupdated>1361177280</lastupdated>
  <seasonid>28646</seasonid>
  <seriesid>80593</seriesid>
</Episode>
<Episode>
  <id>337143</id>
  <Combined_episodenumber>8</Combined_episodenumber>
  <Combined_season>1</Combined_season>
  <DVD_chapter></DVD_chapter>
  <DVD_discid></DVD_discid>
  <DVD_episodenumber></DVD_episodenumber>
  <DVD_season></DVD_season>
  <Director>Michael Schultz</Director>
  <EpImgFlag></EpImgFlag>
  <EpisodeName>The Country House</EpisodeName>
  <EpisodeNumber>8</EpisodeNumber>
  <FirstAired>2007-11-21</FirstAired>
  <GuestStars>Steve Stapenhorst|Rebecca Tilney|Tom Wright|Nick Kiriazis|Jocelin Donahue|Andrew Astor|Jocelin Donahue|Chris Forsyth|Louisa Kendrick|Paul Hungerford</GuestStars>
  <IMDB_ID></IMDB_ID>
  <Language>en</Language>
  <Overview>Thanksgiving has arrived and Nick George wants to spend the day with his wife and daughter, but Tripp has another idea. Tripp wants Nick to set up a meeting with Simon Elder so Tripp and Simon can talk face-to-face once and for all. Meanwhile, Letitia helps Karen try and to get closer to Nick. Brian fights to keep his ex-girlfriend, Andrea, from taking his son away from him while Jeremy goes on a first date with Sofia.</Overview>
  <ProductionCode>108</ProductionCode>
  <Rating>7.7</Rating>
  <RatingCount>6</RatingCount>
  <SeasonNumber>1</SeasonNumber>
  <Writer>Josh Reims|Nancy Won</Writer>
  <absolute_number></absolute_number>
  <filename>episodes/80593/337143.jpg</filename>
  <lastupdated>1278450977</lastupdated>
  <seasonid>28646</seasonid>
  <seriesid>80593</seriesid>
</Episode>
<Episode>
  <id>338714</id>
  <Combined_episodenumber>9</Combined_episodenumber>
  <Combined_season>1</Combined_season>
  <DVD_chapter></DVD_chapter>
  <DVD_discid></DVD_discid>
  <DVD_episodenumber></DVD_episodenumber>
  <DVD_season></DVD_season>
  <Director>Andrew Bernstein</Director>
  <EpImgFlag></EpImgFlag>
  <EpisodeName>The Watch</EpisodeName>
  <EpisodeNumber>9</EpisodeNumber>
  <FirstAired>2007-11-28</FirstAired>
  <GuestStars>|Bellamy Young|Candis Cayne|Will Shadley|Peter Strauss|Rebecca Tilney|Sofía Vergara|Alan Blumenfeld|Sheryl Lee|</GuestStars>
  <IMDB_ID></IMDB_ID>
  <Language>en</Language>
  <Overview>This flashback episode reveals secrets about Dutch (Nick's father) and the relationships he had with Nick, Tripp, and Letitia. Karen's intimate view towards Nick is put on hold as she takes a liking to Simon Elder. Brian's attempt to get his son takes a turn he didn't expect and Jeremy continues to hide how much he is worth from Sofia.

</Overview>
  <ProductionCode></ProductionCode>
  <Rating>8.2</Rating>
  <RatingCount>6</RatingCount>
  <SeasonNumber>1</SeasonNumber>
  <Writer>|Yahlin Chang|Liz Tigelaar|</Writer>
  <absolute_number></absolute_number>
  <filename>episodes/80593/338714.jpg</filename>
  <lastupdated>1339070289</lastupdated>
  <seasonid>28646</seasonid>
  <seriesid>80593</seriesid>
</Episode>
<Episode>
  <id>344628</id>
  <Combined_episodenumber>10</Combined_episodenumber>
  <Combined_season>1</Combined_season>
  <DVD_chapter></DVD_chapter>
  <DVD_discid></DVD_discid>
  <DVD_episodenumber></DVD_episodenumber>
  <DVD_season></DVD_season>
  <Director>Tony Goldwyn</Director>
  <EpImgFlag></EpImgFlag>
  <EpisodeName>The Nutcracker</EpisodeName>
  <EpisodeNumber>10</EpisodeNumber>
  <FirstAired>2007-12-05</FirstAired>
  <GuestStars>Chloë Grace Moretz</GuestStars>
  <IMDB_ID>tt1149442</IMDB_ID>
  <Language>en</Language>
  <Overview>Nick learns Simon and Karen are secretly together, but refuses to say why it truly bothers him. Karen doesn't attend the family tradition of watching &quot;The Nutcracker&quot; in order to meet a mysterious person. Brian's suspension from the ministry makes him look elsewhere for a job, and Letitia suggests he go to Tripp for guidance. Meanwhile, Juliet has a visitor from the Seychelles, and Carmelita tells Patrick she thinks she's being watched by someone.</Overview>
  <ProductionCode>110</ProductionCode>
  <Rating>8.2</Rating>
  <RatingCount>5</RatingCount>
  <SeasonNumber>1</SeasonNumber>
  <Writer>Craig Wright|Jill Soloway</Writer>
  <absolute_number></absolute_number>
  <filename>episodes/80593/344628.jpg</filename>
  <lastupdated>1361177396</lastupdated>
  <seasonid>28646</seasonid>
  <seriesid>80593</seriesid>
</Episode>
<Episode>
  <id>391213</id>
  <Combined_episodenumber>1.0</Combined_episodenumber>
  <Combined_season>2</Combined_season>
  <DVD_chapter></DVD_chapter>
  <DVD_discid></DVD_discid>
  <DVD_episodenumber>1.0</DVD_episodenumber>
  <DVD_season>2</DVD_season>
  <Director>Jeffrey Melman</Director>
  <EpImgFlag>2</EpImgFlag>
  <EpisodeName>The Birthday Present</EpisodeName>
  <EpisodeNumber>1</EpisodeNumber>
  <FirstAired>2008-10-01</FirstAired>
  <GuestStars>Will Shadley|Shawn Michael Patrick|Sheryl Lee|Laura Margolis|Bellamy Young|Joe Siravo|John Bennett Perry|Ron Ostrow|Angela Martinez|Roxana Brusso|</GuestStars>
  <IMDB_ID></IMDB_ID>
  <Language>en</Language>
  <Overview>Tripp and Letitia Darling throw Nick a luxurious birthday party on a yacht; Jeremy reveals his feelings for Lisa to the mysterious Nola Lyons; Brian is reunited with his illegitimate son; someone is arrested for murder.</Overview>
  <ProductionCode></ProductionCode>
  <Rating>8.3</Rating>
  <RatingCount>11</RatingCount>
  <SeasonNumber>2</SeasonNumber>
  <Writer>Craig Wright|Jon Feldman</Writer>
  <absolute_number></absolute_number>
  <filename>episodes/80593/391213.jpg</filename>
  <lastupdated>1262175902</lastupdated>
  <seasonid>35596</seasonid>
  <seriesid>80593</seriesid>
</Episode>
<Episode>
  <id>391214</id>
  <Combined_episodenumber>2.0</Combined_episodenumber>
  <Combined_season>2</Combined_season>
  <DVD_chapter></DVD_chapter>
  <DVD_discid></DVD_discid>
  <DVD_episodenumber>2.0</DVD_episodenumber>
  <DVD_season>2</DVD_season>
  <Director>Andrew Bernstein</Director>
  <EpImgFlag>2</EpImgFlag>
  <EpisodeName>The Family Lawyer</EpisodeName>
  <EpisodeNumber>2</EpisodeNumber>
  <FirstAired>2008-10-08</FirstAired>
  <GuestStars>Kenny G|Bella Thorne|Andrew Astor|John Burke|Emily Happe|Jamal Thomas|Kristin Holt|Don Stark|Rick Scarry|John McDonnell|</GuestStars>
  <IMDB_ID></IMDB_ID>
  <Language>en</Language>
  <Overview>The Darlings deal with funeral arrangements and the aftermath of the arrest of a suspect in the murder of Dutch George; Jeremy discovers Nola Lyons' real profession; Lisa and Nick talk about having another child; Kenny G performs.</Overview>
  <ProductionCode></ProductionCode>
  <Rating>8.0</Rating>
  <RatingCount>7</RatingCount>
  <SeasonNumber>2</SeasonNumber>
  <Writer>Craig Wright</Writer>
  <absolute_number></absolute_number>
  <filename>episodes/80593/391214.jpg</filename>
  <lastupdated>1262175913</lastupdated>
  <seasonid>35596</seasonid>
  <seriesid>80593</seriesid>
</Episode>
<Episode>
  <id>395756</id>
  <Combined_episodenumber>3.0</Combined_episodenumber>
  <Combined_season>2</Combined_season>
  <DVD_chapter></DVD_chapter>
  <DVD_discid></DVD_discid>
  <DVD_episodenumber>3.0</DVD_episodenumber>
  <DVD_season>2</DVD_season>
  <Director>Robert Berlinger</Director>
  <EpImgFlag>2</EpImgFlag>
  <EpisodeName>The Star Witness</EpisodeName>
  <EpisodeNumber>3</EpisodeNumber>
  <FirstAired>2008-10-22</FirstAired>
  <GuestStars>Michael Lerner|Mary Linda Phillips|Cari Champion|Caroline Lagerfelt|Laura Margolis|Sheryl Lee| The Weepies|Dan Rather|Candis Cayne|Will Shadley|Ron Glass|Chloë Grace Moretz</GuestStars>
  <IMDB_ID>tt1225998</IMDB_ID>
  <Language>en</Language>
  <Overview>When Nick agrees to defend Letitia in the murder case of Dutch George, he is shocked to learn that his mother is on the prosecutor's witness list. Meanwhile, Jeremy plans a surprise concert for Nola; Patrick tries to clear his mind of his wife's death; and Brian heads to Brazil to kidnap Brian Jr.</Overview>
  <ProductionCode></ProductionCode>
  <Rating>7.8</Rating>
  <RatingCount>9</RatingCount>
  <SeasonNumber>2</SeasonNumber>
  <Writer>Yahlin Chang</Writer>
  <absolute_number></absolute_number>
  <filename>episodes/80593/395756.jpg</filename>
  <lastupdated>1361177485</lastupdated>
  <seasonid>35596</seasonid>
  <seriesid>80593</seriesid>
</Episode>
<Episode>
  <id>395757</id>
  <Combined_episodenumber>4.0</Combined_episodenumber>
  <Combined_season>2</Combined_season>
  <DVD_chapter></DVD_chapter>
  <DVD_discid></DVD_discid>
  <DVD_episodenumber>4.0</DVD_episodenumber>
  <DVD_season>2</DVD_season>
  <Director>Bob Berlinger</Director>
  <EpImgFlag>2</EpImgFlag>
  <EpisodeName>The Silence</EpisodeName>
  <EpisodeNumber>4</EpisodeNumber>
  <FirstAired>2008-10-29</FirstAired>
  <GuestStars>Sheryl Lee|Laura Margolis|Candis Cayne|Elaine Kagan|Jim Moret|Michael FitzGibbon|Scott Holroyd|Ron Butler|Elizabeth Sanchez|Ken Rudulph|</GuestStars>
  <IMDB_ID></IMDB_ID>
  <Language>en</Language>
  <Overview>As Election Day nears, Patrick insists on taking his relationship with Carmelita public; Ellen's brother, Chase, demands to know the truth about his sister's death; Nick and Lisa go to couples therapy; Brian Jr. goes missing.</Overview>
  <ProductionCode></ProductionCode>
  <Rating>7.2</Rating>
  <RatingCount>11</RatingCount>
  <SeasonNumber>2</SeasonNumber>
  <Writer>Jake Coburn</Writer>
  <absolute_number></absolute_number>
  <filename>episodes/80593/395757.jpg</filename>
  <lastupdated>1262175940</lastupdated>
  <seasonid>35596</seasonid>
  <seriesid>80593</seriesid>
</Episode>
<Episode>
  <id>395758</id>
  <Combined_episodenumber>5.0</Combined_episodenumber>
  <Combined_season>2</Combined_season>
  <DVD_chapter></DVD_chapter>
  <DVD_discid></DVD_discid>
  <DVD_episodenumber>5.0</DVD_episodenumber>
  <DVD_season>2</DVD_season>
  <Director>Andrew Bernstein</Director>
  <EpImgFlag>2</EpImgFlag>
  <EpisodeName>The Verdict</EpisodeName>
  <EpisodeNumber>5</EpisodeNumber>
  <FirstAired>2008-11-05</FirstAired>
  <GuestStars>Joel Madden|Will Shadley|Sheryl Lee|Laura Margolis|Isabella Hoffman|Thomas Kopache|Ron Glass|Roxana Brusso|</GuestStars>
  <IMDB_ID></IMDB_ID>
  <Language>en</Language>
  <Overview>Nick faces an uphill battle defending Letitia in the murder case until he discovers a secret about Nola; Karen asks Nick to tell Tripp that she's marrying Simon Elder; Andrea and Brian learn shocking news after a trip to the doctor.</Overview>
  <ProductionCode></ProductionCode>
  <Rating>8.3</Rating>
  <RatingCount>8</RatingCount>
  <SeasonNumber>2</SeasonNumber>
  <Writer>Craig Wright|Jon Feldman|</Writer>
  <absolute_number></absolute_number>
  <filename>episodes/80593/395758.jpg</filename>
  <lastupdated>1262175955</lastupdated>
  <seasonid>35596</seasonid>
  <seriesid>80593</seriesid>
</Episode>
<Episode>
  <id>395761</id>
  <Combined_episodenumber>6.0</Combined_episodenumber>
  <Combined_season>2</Combined_season>
  <DVD_chapter></DVD_chapter>
  <DVD_discid></DVD_discid>
  <DVD_episodenumber>6.0</DVD_episodenumber>
  <DVD_season>2</DVD_season>
  <Director>Dean White</Director>
  <EpImgFlag>2</EpImgFlag>
  <EpisodeName>The Injured Party</EpisodeName>
  <EpisodeNumber>6</EpisodeNumber>
  <FirstAired>2008-11-19</FirstAired>
  <GuestStars>Sarah Carter|Will Shadley|Darcy Rose Byrnes|Laura Margolis|Shawn Michael Patrick|Sheryl Lee|John Rubenstein|Nikki Novak|Ryan Lee|</GuestStars>
  <IMDB_ID></IMDB_ID>
  <Language>en</Language>
  <Overview>After Letitia hits a pretty, young bicyclist with her car, Tripp invites the woman to recuperate at the Darling mansion; Patrick is delighted with Nola's aggressive manner as his new chief of staff.</Overview>
  <ProductionCode></ProductionCode>
  <Rating>7.8</Rating>
  <RatingCount>9</RatingCount>
  <SeasonNumber>2</SeasonNumber>
  <Writer>Paul Redford|Sallie Patrick</Writer>
  <absolute_number></absolute_number>
  <filename>episodes/80593/395761.jpg</filename>
  <lastupdated>1262175966</lastupdated>
  <seasonid>35596</seasonid>
  <seriesid>80593</seriesid>
</Episode>
<Episode>
  <id>403888</id>
  <Combined_episodenumber>8.0</Combined_episodenumber>
  <Combined_season>2</Combined_season>
  <DVD_chapter></DVD_chapter>
  <DVD_discid></DVD_discid>
  <DVD_episodenumber>8.0</DVD_episodenumber>
  <DVD_season>2</DVD_season>
  <Director>Jamie Babbit</Director>
  <EpImgFlag>2</EpImgFlag>
  <EpisodeName>The Summer House</EpisodeName>
  <EpisodeNumber>7</EpisodeNumber>
  <FirstAired>2008-12-03</FirstAired>
  <GuestStars>|Ken Howard|Shawn Michael Patrick|Sheryl Lee|S</GuestStars>
  <IMDB_ID></IMDB_ID>
  <Language>en</Language>
  <Overview>As Karen excitedly prepares for her wedding day, she is convinced that this fifth marriage -- to family nemesis Simon Elder -- is the one that will end in happily ever after. But Tripp is still suspicious of Simon's real motives and wants Nick to make one last-ditch effort to keep the wedding from happening. Lisa hopes taking Jeremy to the wedding will make Nick jealous. In other developments, Patrick hires Jeremy to join his senate team, against Nola's protestations; Brian finds himself drawing closer to Andrea as her illness worsens; and when Letitia sees Tripp paying too much attention to their houseguest, Wrenn, she realizes that this pretty, young woman has overstayed her welcome.</Overview>
  <ProductionCode></ProductionCode>
  <Rating>7.4</Rating>
  <RatingCount>8</RatingCount>
  <SeasonNumber>2</SeasonNumber>
  <Writer>|Bill Chais|Jake Coburn|</Writer>
  <absolute_number></absolute_number>
  <filename>episodes/80593/403888.jpg</filename>
  <lastupdated>1262708238</lastupdated>
  <seasonid>35596</seasonid>
  <seriesid>80593</seriesid>
</Episode>
<Episode>
  <id>403889</id>
  <Combined_episodenumber>9.0</Combined_episodenumber>
  <Combined_season>2</Combined_season>
  <DVD_chapter></DVD_chapter>
  <DVD_discid></DVD_discid>
  <DVD_episodenumber>9.0</DVD_episodenumber>
  <DVD_season>2</DVD_season>
  <Director>Michael Schultz</Director>
  <EpImgFlag>2</EpImgFlag>
  <EpisodeName>The Plan</EpisodeName>
  <EpisodeNumber>8</EpisodeNumber>
  <FirstAired>2008-12-10</FirstAired>
  <GuestStars>|Candis Cayne|Sheryl Lee|John Rubinstein|Scott Holroyd|Richard McGonagle|</GuestStars>
  <IMDB_ID></IMDB_ID>
  <Language>en</Language>
  <Overview>Filled with love for Carmelita, newly-elected Senator Patrick Darling goes against Nick and Tripp's advice and invites her to his inauguration. Meanwhile Chase defies his agreement with the Darlings and threatens to go public with his accusation that Patrick murdered his sister; Jeremy finds out that Simon has control of Nola's little brother; as Andrea's health dims, Brian promises God anything to make her well again; and Karen goes to Nick's apartment to make amends with him, but is confronted by a gun-wielding intruder.</Overview>
  <ProductionCode></ProductionCode>
  <Rating>7.7</Rating>
  <RatingCount>9</RatingCount>
  <SeasonNumber>2</SeasonNumber>
  <Writer>|Yahlin Chang|Emily Whitesell|</Writer>
  <absolute_number></absolute_number>
  <filename>episodes/80593/403889.jpg</filename>
  <lastupdated>1262708279</lastupdated>
  <seasonid>35596</seasonid>
  <seriesid>80593</seriesid>
</Episode>
<Episode>
  <id>403411</id>
  <Combined_episodenumber>10.0</Combined_episodenumber>
  <Combined_season>2</Combined_season>
  <DVD_chapter></DVD_chapter>
  <DVD_discid></DVD_discid>
  <DVD_episodenumber>10.0</DVD_episodenumber>
  <DVD_season>2</DVD_season>
  <Director>Michael Grossman</Director>
  <EpImgFlag>2</EpImgFlag>
  <EpisodeName>The Organ Donor</EpisodeName>
  <EpisodeNumber>9</EpisodeNumber>
  <FirstAired>2008-12-17</FirstAired>
  <GuestStars></GuestStars>
  <IMDB_ID></IMDB_ID>
  <Language>en</Language>
  <Overview>The Darlings must deal with the aftermath following the inauguration, which leaves one person dead, one shot, and one with amensia. Meanwhile, Nick and Lisa discuss custody arrangements for their daughter.</Overview>
  <ProductionCode></ProductionCode>
  <Rating>8.0</Rating>
  <RatingCount>8</RatingCount>
  <SeasonNumber>2</SeasonNumber>
  <Writer>Craig Wright</Writer>
  <absolute_number></absolute_number>
  <filename>episodes/80593/403411.jpg</filename>
  <lastupdated>1282233302</lastupdated>
  <seasonid>35596</seasonid>
  <seriesid>80593</seriesid>
</Episode>
<Episode>
  <id>412400</id>
  <Combined_episodenumber>7.0</Combined_episodenumber>
  <Combined_season>2</Combined_season>
  <DVD_chapter></DVD_chapter>
  <DVD_discid></DVD_discid>
  <DVD_episodenumber>7.0</DVD_episodenumber>
  <DVD_season>2</DVD_season>
  <Director>Michael Grossman</Director>
  <EpImgFlag>2</EpImgFlag>
  <EpisodeName>The Facts</EpisodeName>
  <EpisodeNumber>10</EpisodeNumber>
  <FirstAired>2009-07-18</FirstAired>
  <GuestStars></GuestStars>
  <IMDB_ID></IMDB_ID>
  <Language>en</Language>
  <Overview>While the Darlings are away the help will play, a reporter is insisting on finding out the truth regarding the rumors surrounding the Darlings and the chauffeur gives his version all-be-it different from what has been said.
Meanwhile, the fashion show goes forward at the Darling mansion and a socialite in attendance has &quot;words&quot; for the family matriarch.</Overview>
  <ProductionCode></ProductionCode>
  <Rating>6.9</Rating>
  <RatingCount>8</RatingCount>
  <SeasonNumber>2</SeasonNumber>
  <Writer>Sallie Patrick</Writer>
  <absolute_number></absolute_number>
  <filename>episodes/80593/412400.jpg</filename>
  <lastupdated>1268952430</lastupdated>
  <seasonid>35596</seasonid>
  <seriesid>80593</seriesid>
</Episode>
<Episode>
  <id>441699</id>
  <Combined_episodenumber>11.0</Combined_episodenumber>
  <Combined_season>2</Combined_season>
  <DVD_chapter></DVD_chapter>
  <DVD_discid></DVD_discid>
  <DVD_episodenumber>11.0</DVD_episodenumber>
  <DVD_season>2</DVD_season>
  <Director>Peter O'Fallon</Director>
  <EpImgFlag>2</EpImgFlag>
  <EpisodeName>The Convertible</EpisodeName>
  <EpisodeNumber>11</EpisodeNumber>
  <FirstAired>2009-07-25</FirstAired>
  <GuestStars></GuestStars>
  <IMDB_ID></IMDB_ID>
  <Language>en</Language>
  <Overview>Nick declares his true feelings when faced with a life-and-death situation. Meanwhile, still despairing over her fourth marriage failure, Karen drops a bombshell. Then, Patrick receives a shocking proposal.</Overview>
  <ProductionCode></ProductionCode>
  <Rating>7.5</Rating>
  <RatingCount>6</RatingCount>
  <SeasonNumber>2</SeasonNumber>
  <Writer>Emily Whitesell, Jon Harmon Feldman|</Writer>
  <absolute_number></absolute_number>
  <filename>episodes/80593/441699.jpg</filename>
  <lastupdated>1268952588</lastupdated>
  <seasonid>35596</seasonid>
  <seriesid>80593</seriesid>
</Episode>
<Episode>
  <id>441700</id>
  <Combined_episodenumber>12.0</Combined_episodenumber>
  <Combined_season>2</Combined_season>
  <DVD_chapter></DVD_chapter>
  <DVD_discid></DVD_discid>
  <DVD_episodenumber>12.0</DVD_episodenumber>
  <DVD_season>2</DVD_season>
  <Director>Michael W. Watkins</Director>
  <EpImgFlag>2</EpImgFlag>
  <EpisodeName>The Unexpected Arrival</EpisodeName>
  <EpisodeNumber>12</EpisodeNumber>
  <FirstAired>2009-08-01</FirstAired>
  <GuestStars></GuestStars>
  <IMDB_ID></IMDB_ID>
  <Language>en</Language>
  <Overview>Simon provides Nola with a solution to her problems. Meanwhile, Karen is faced with an impossible decision regarding Nick, and Patrick finds himself in a compromising position. </Overview>
  <ProductionCode></ProductionCode>
  <Rating>7.5</Rating>
  <RatingCount>6</RatingCount>
  <SeasonNumber>2</SeasonNumber>
  <Writer>Craig Wright</Writer>
  <absolute_number></absolute_number>
  <filename>episodes/80593/441700.jpg</filename>
  <lastupdated>1268952774</lastupdated>
  <seasonid>35596</seasonid>
  <seriesid>80593</seriesid>
</Episode>
<Episode>
  <id>489891</id>
  <Combined_episodenumber>13.0</Combined_episodenumber>
  <Combined_season>2</Combined_season>
  <DVD_chapter></DVD_chapter>
  <DVD_discid></DVD_discid>
  <DVD_episodenumber>13.0</DVD_episodenumber>
  <DVD_season>2</DVD_season>
  <Director>Robert Berlinger</Director>
  <EpImgFlag>2</EpImgFlag>
  <EpisodeName>The Bad Guy</EpisodeName>
  <EpisodeNumber>13</EpisodeNumber>
  <FirstAired>2009-08-08</FirstAired>
  <GuestStars></GuestStars>
  <IMDB_ID></IMDB_ID>
  <Language>en</Language>
  <Overview>Nick finds out his father is alive while Karen loses Simon's baby which she was pregnant with. Nick and Karen finally get together while Jeremy Proposes to Nola who is finally about to find her brother. </Overview>
  <ProductionCode></ProductionCode>
  <Rating>7.2</Rating>
  <RatingCount>5</RatingCount>
  <SeasonNumber>2</SeasonNumber>
  <Writer>Paul Redford</Writer>
  <absolute_number></absolute_number>
  <filename>episodes/80593/489891.jpg</filename>
  <lastupdated>1352401038</lastupdated>
  <seasonid>35596</seasonid>
  <seriesid>80593</seriesid>
</Episode>
</Data>