<?xml version="1.0" encoding="UTF-8" ?>
<Actors>
<Actor>
  <id>298848</id>
  <Image>actors/298848.jpg</Image>
  <Name>David Krumholtz</Name>
  <Role>Charlie</Role>
  <SortOrder>0</SortOrder>
</Actor>
<Actor>
  <id>302306</id>
  <Image>actors/302306.jpg</Image>
  <Name>Michael Urie</Name>
  <Role>Louis</Role>
  <SortOrder>1</SortOrder>
</Actor>
<Actor>
  <id>298846</id>
  <Image>actors/298846.jpg</Image>
  <Name>Sophia Bush</Name>
  <Role>Ali</Role>
  <SortOrder>1</SortOrder>
</Actor>
<Actor>
  <id>298847</id>
  <Image>actors/298847.jpg</Image>
  <Name>Brandon Routh</Name>
  <Role>Wyatt</Role>
  <SortOrder>2</SortOrder>
</Actor>
<Actor>
  <id>305539</id>
  <Image>actors/305539.jpg</Image>
  <Name>Tracy Vilar</Name>
  <Role>Rosanna &quot;Ro-Ro&quot;</Role>
  <SortOrder>3</SortOrder>
</Actor>
</Actors>