<?xml version="1.0" encoding="UTF-8" ?>
<Data><Series>
  <id>259092</id>
  <Actors>|David Krumholtz|Michael Urie|Sophia Bush|Brandon Routh|Tracy Vilar|</Actors>
  <Airs_DayOfWeek>Monday</Airs_DayOfWeek>
  <Airs_Time>8:30 PM</Airs_Time>
  <ContentRating></ContentRating>
  <FirstAired>2012-09-24</FirstAired>
  <Genre>|Comedy|</Genre>
  <IMDB_ID>tt2248977</IMDB_ID>
  <Language>en</Language>
  <Network>CBS</Network>
  <NetworkID></NetworkID>
  <Overview>Two life-long best friends and business partners' “bromance” is tested when one of them is engaged to be married. 

Joe is an accomplished architect who leads with his head and not his heart, especially in his love life. That’s in stark contrast to his gay co-worker, Louis, who is spontaneous, emotional and prone to exaggeration. Both have found joy in their love lives: Joe is newly engaged to Ali, while Louis is dating Wyatt. As news of Joe’s engagement settles, time will tell if their business and personal bond can adapt to the addition of two other important relationships.</Overview>
  <Rating>6.5</Rating>
  <RatingCount>4</RatingCount>
  <Runtime>30</Runtime>
  <SeriesID>158572</SeriesID>
  <SeriesName>Partners (2012)</SeriesName>
  <Status>Ended</Status>
  <added>2012-05-16 08:57:38</added>
  <addedBy>359580</addedBy>
  <banner>graphical/259092-g.jpg</banner>
  <fanart>fanart/original/259092-3.jpg</fanart>
  <lastupdated>1361145771</lastupdated>
  <poster>posters/259092-2.jpg</poster>
  <zap2it_id>EP01568644</zap2it_id>
</Series>
<Episode>
  <id>4330254</id>
  <Combined_episodenumber>1</Combined_episodenumber>
  <Combined_season>1</Combined_season>
  <DVD_chapter></DVD_chapter>
  <DVD_discid></DVD_discid>
  <DVD_episodenumber></DVD_episodenumber>
  <DVD_season></DVD_season>
  <Director>James Burrows</Director>
  <EpImgFlag>1</EpImgFlag>
  <EpisodeName>Pilot</EpisodeName>
  <EpisodeNumber>1</EpisodeNumber>
  <FirstAired>2012-09-24</FirstAired>
  <GuestStars>|Nika Williams|Deborah Levin|David Bloom|Gabriel Suttle|Sloan Morgan Siegel|Corey Fogelmanis|</GuestStars>
  <IMDB_ID>tt2322798</IMDB_ID>
  <Language>en</Language>
  <Overview>When Joe must decide whether or not to ask Ali to marry him, Louis and his good intentions threaten to get in the way of his best friend’s happiness.</Overview>
  <ProductionCode></ProductionCode>
  <Rating>6.7</Rating>
  <RatingCount>14</RatingCount>
  <SeasonNumber>1</SeasonNumber>
  <Writer>|David Kohan|Max Mutchnick|</Writer>
  <absolute_number></absolute_number>
  <filename>episodes/259092/4330254.jpg</filename>
  <lastupdated>1353806527</lastupdated>
  <seasonid>492539</seasonid>
  <seriesid>259092</seriesid>
</Episode>
<Episode>
  <id>4401576</id>
  <Combined_episodenumber>2</Combined_episodenumber>
  <Combined_season>1</Combined_season>
  <DVD_chapter></DVD_chapter>
  <DVD_discid></DVD_discid>
  <DVD_episodenumber></DVD_episodenumber>
  <DVD_season></DVD_season>
  <Director>James Burrows</Director>
  <EpImgFlag>1</EpImgFlag>
  <EpisodeName>Chicken &amp; Stuffing</EpisodeName>
  <EpisodeNumber>2</EpisodeNumber>
  <FirstAired>2012-10-01</FirstAired>
  <GuestStars></GuestStars>
  <IMDB_ID>tt2418088</IMDB_ID>
  <Language>en</Language>
  <Overview>Joe and Louis bicker about who takes better care of whom when Louis discovers that Joe and Ali haven’t been “romantic” lately.</Overview>
  <ProductionCode></ProductionCode>
  <Rating>7.3</Rating>
  <RatingCount>7</RatingCount>
  <SeasonNumber>1</SeasonNumber>
  <Writer>|David Kohan|Max Mutchnick|Jeff Astrof|</Writer>
  <absolute_number></absolute_number>
  <filename>episodes/259092/4401576.jpg</filename>
  <lastupdated>1353806278</lastupdated>
  <seasonid>492539</seasonid>
  <seriesid>259092</seriesid>
</Episode>
<Episode>
  <id>4407031</id>
  <Combined_episodenumber>3</Combined_episodenumber>
  <Combined_season>1</Combined_season>
  <DVD_chapter></DVD_chapter>
  <DVD_discid></DVD_discid>
  <DVD_episodenumber></DVD_episodenumber>
  <DVD_season></DVD_season>
  <Director>James Burrows</Director>
  <EpImgFlag>1</EpImgFlag>
  <EpisodeName>The Jeter Exception</EpisodeName>
  <EpisodeNumber>3</EpisodeNumber>
  <FirstAired>2012-10-08</FirstAired>
  <GuestStars></GuestStars>
  <IMDB_ID>tt2446032</IMDB_ID>
  <Language>en</Language>
  <Overview>After Joe uncovers sexy photos of Ali with famous baseball player Derek Jeter and tells Louis about it, Ali questions Joe’s ability to keep a secret from his partner.</Overview>
  <ProductionCode></ProductionCode>
  <Rating>6.8</Rating>
  <RatingCount>4</RatingCount>
  <SeasonNumber>1</SeasonNumber>
  <Writer>Jeff Astrof</Writer>
  <absolute_number></absolute_number>
  <filename>episodes/259092/4407031.jpg</filename>
  <lastupdated>1353806333</lastupdated>
  <seasonid>492539</seasonid>
  <seriesid>259092</seriesid>
</Episode>
<Episode>
  <id>4409889</id>
  <Combined_episodenumber>4</Combined_episodenumber>
  <Combined_season>1</Combined_season>
  <DVD_chapter></DVD_chapter>
  <DVD_discid></DVD_discid>
  <DVD_episodenumber></DVD_episodenumber>
  <DVD_season></DVD_season>
  <Director>James Burrows</Director>
  <EpImgFlag>1</EpImgFlag>
  <EpisodeName>The Key</EpisodeName>
  <EpisodeNumber>4</EpisodeNumber>
  <FirstAired>2012-10-15</FirstAired>
  <GuestStars></GuestStars>
  <IMDB_ID>tt2449168</IMDB_ID>
  <Language>en</Language>
  <Overview>Joe is stuck in the middle after Ali finds out that Louis has a key to Joe’s apartment and she does not.</Overview>
  <ProductionCode></ProductionCode>
  <Rating>7.0</Rating>
  <RatingCount>4</RatingCount>
  <SeasonNumber>1</SeasonNumber>
  <Writer>|David Kohan|Max Mutchnick|</Writer>
  <absolute_number></absolute_number>
  <filename>episodes/259092/4409889.jpg</filename>
  <lastupdated>1353806569</lastupdated>
  <seasonid>492539</seasonid>
  <seriesid>259092</seriesid>
</Episode>
<Episode>
  <id>4401579</id>
  <Combined_episodenumber>5</Combined_episodenumber>
  <Combined_season>1</Combined_season>
  <DVD_chapter></DVD_chapter>
  <DVD_discid></DVD_discid>
  <DVD_episodenumber></DVD_episodenumber>
  <DVD_season></DVD_season>
  <Director>James Burrows</Director>
  <EpImgFlag>1</EpImgFlag>
  <EpisodeName>2 Broke Guys</EpisodeName>
  <EpisodeNumber>5</EpisodeNumber>
  <FirstAired>2012-11-05</FirstAired>
  <GuestStars></GuestStars>
  <IMDB_ID>tt2433168</IMDB_ID>
  <Language>en</Language>
  <Overview>Joe and Louis’ financial problems force the partners to ask for their old jobs back. Meanwhile, Joe questions just how platonic Ali’s overly friendly kiss with Wyatt really is. </Overview>
  <ProductionCode></ProductionCode>
  <Rating>7.3</Rating>
  <RatingCount>4</RatingCount>
  <SeasonNumber>1</SeasonNumber>
  <Writer>David Kohan &amp; Max Mutchnick</Writer>
  <absolute_number></absolute_number>
  <filename>episodes/259092/4401579.jpg</filename>
  <lastupdated>1353807370</lastupdated>
  <seasonid>492539</seasonid>
  <seriesid>259092</seriesid>
</Episode>
<Episode>
  <id>4432269</id>
  <Combined_episodenumber>6</Combined_episodenumber>
  <Combined_season>1</Combined_season>
  <DVD_chapter></DVD_chapter>
  <DVD_discid></DVD_discid>
  <DVD_episodenumber></DVD_episodenumber>
  <DVD_season></DVD_season>
  <Director>James Burrows</Director>
  <EpImgFlag>1</EpImgFlag>
  <EpisodeName>Temporary Insanity</EpisodeName>
  <EpisodeNumber>6</EpisodeNumber>
  <FirstAired>2012-11-12</FirstAired>
  <GuestStars></GuestStars>
  <IMDB_ID>tt2505796</IMDB_ID>
  <Language>en</Language>
  <Overview>Louis hires Wyatt to fill in as their assistant at the office when Ro-Ro goes on vacation. </Overview>
  <ProductionCode></ProductionCode>
  <Rating>6.5</Rating>
  <RatingCount>4</RatingCount>
  <SeasonNumber>1</SeasonNumber>
  <Writer>Jeff Astrof</Writer>
  <absolute_number></absolute_number>
  <filename>episodes/259092/4432269.jpg</filename>
  <lastupdated>1353807331</lastupdated>
  <seasonid>492539</seasonid>
  <seriesid>259092</seriesid>
</Episode>
<Episode>
  <id>4401582</id>
  <Combined_episodenumber>7</Combined_episodenumber>
  <Combined_season>1</Combined_season>
  <DVD_chapter></DVD_chapter>
  <DVD_discid></DVD_discid>
  <DVD_episodenumber></DVD_episodenumber>
  <DVD_season></DVD_season>
  <Director></Director>
  <EpImgFlag></EpImgFlag>
  <EpisodeName>Pretty Funny</EpisodeName>
  <EpisodeNumber>7</EpisodeNumber>
  <FirstAired></FirstAired>
  <GuestStars></GuestStars>
  <IMDB_ID>tt2505800</IMDB_ID>
  <Language>en</Language>
  <Overview></Overview>
  <ProductionCode></ProductionCode>
  <Rating></Rating>
  <RatingCount>0</RatingCount>
  <SeasonNumber>1</SeasonNumber>
  <Writer></Writer>
  <absolute_number></absolute_number>
  <filename></filename>
  <lastupdated>1358322450</lastupdated>
  <seasonid>492539</seasonid>
  <seriesid>259092</seriesid>
</Episode>
<Episode>
  <id>4469850</id>
  <Combined_episodenumber>8</Combined_episodenumber>
  <Combined_season>1</Combined_season>
  <DVD_chapter></DVD_chapter>
  <DVD_discid></DVD_discid>
  <DVD_episodenumber></DVD_episodenumber>
  <DVD_season></DVD_season>
  <Director></Director>
  <EpImgFlag></EpImgFlag>
  <EpisodeName>My Best Friend's Wedding Ring</EpisodeName>
  <EpisodeNumber>8</EpisodeNumber>
  <FirstAired></FirstAired>
  <GuestStars></GuestStars>
  <IMDB_ID></IMDB_ID>
  <Language>en</Language>
  <Overview></Overview>
  <ProductionCode></ProductionCode>
  <Rating></Rating>
  <RatingCount>0</RatingCount>
  <SeasonNumber>1</SeasonNumber>
  <Writer></Writer>
  <absolute_number></absolute_number>
  <filename></filename>
  <lastupdated>1358326731</lastupdated>
  <seasonid>492539</seasonid>
  <seriesid>259092</seriesid>
</Episode>
<Episode>
  <id>4442159</id>
  <Combined_episodenumber>9</Combined_episodenumber>
  <Combined_season>1</Combined_season>
  <DVD_chapter></DVD_chapter>
  <DVD_discid></DVD_discid>
  <DVD_episodenumber></DVD_episodenumber>
  <DVD_season></DVD_season>
  <Director></Director>
  <EpImgFlag></EpImgFlag>
  <EpisodeName>Troubled Water</EpisodeName>
  <EpisodeNumber>9</EpisodeNumber>
  <FirstAired></FirstAired>
  <GuestStars></GuestStars>
  <IMDB_ID>tt2477462</IMDB_ID>
  <Language>en</Language>
  <Overview></Overview>
  <ProductionCode></ProductionCode>
  <Rating></Rating>
  <RatingCount>0</RatingCount>
  <SeasonNumber>1</SeasonNumber>
  <Writer></Writer>
  <absolute_number></absolute_number>
  <filename></filename>
  <lastupdated>1358326736</lastupdated>
  <seasonid>492539</seasonid>
  <seriesid>259092</seriesid>
</Episode>
<Episode>
  <id>4420017</id>
  <Combined_episodenumber>10</Combined_episodenumber>
  <Combined_season>1</Combined_season>
  <DVD_chapter></DVD_chapter>
  <DVD_discid></DVD_discid>
  <DVD_episodenumber></DVD_episodenumber>
  <DVD_season></DVD_season>
  <Director></Director>
  <EpImgFlag></EpImgFlag>
  <EpisodeName>Straight Man's Best Friend</EpisodeName>
  <EpisodeNumber>10</EpisodeNumber>
  <FirstAired></FirstAired>
  <GuestStars></GuestStars>
  <IMDB_ID></IMDB_ID>
  <Language>en</Language>
  <Overview></Overview>
  <ProductionCode></ProductionCode>
  <Rating></Rating>
  <RatingCount>0</RatingCount>
  <SeasonNumber>1</SeasonNumber>
  <Writer></Writer>
  <absolute_number></absolute_number>
  <filename></filename>
  <lastupdated>1358322509</lastupdated>
  <seasonid>492539</seasonid>
  <seriesid>259092</seriesid>
</Episode>
<Episode>
  <id>4442160</id>
  <Combined_episodenumber>11</Combined_episodenumber>
  <Combined_season>1</Combined_season>
  <DVD_chapter></DVD_chapter>
  <DVD_discid></DVD_discid>
  <DVD_episodenumber></DVD_episodenumber>
  <DVD_season></DVD_season>
  <Director></Director>
  <EpImgFlag></EpImgFlag>
  <EpisodeName>The Archives</EpisodeName>
  <EpisodeNumber>11</EpisodeNumber>
  <FirstAired></FirstAired>
  <GuestStars></GuestStars>
  <IMDB_ID></IMDB_ID>
  <Language>en</Language>
  <Overview></Overview>
  <ProductionCode></ProductionCode>
  <Rating></Rating>
  <RatingCount>0</RatingCount>
  <SeasonNumber>1</SeasonNumber>
  <Writer></Writer>
  <absolute_number></absolute_number>
  <filename></filename>
  <lastupdated>1358326787</lastupdated>
  <seasonid>492539</seasonid>
  <seriesid>259092</seriesid>
</Episode>
<Episode>
  <id>4442161</id>
  <Combined_episodenumber>12</Combined_episodenumber>
  <Combined_season>1</Combined_season>
  <DVD_chapter></DVD_chapter>
  <DVD_discid></DVD_discid>
  <DVD_episodenumber></DVD_episodenumber>
  <DVD_season></DVD_season>
  <Director></Director>
  <EpImgFlag></EpImgFlag>
  <EpisodeName>Two Nines and a Pair of Queens</EpisodeName>
  <EpisodeNumber>12</EpisodeNumber>
  <FirstAired></FirstAired>
  <GuestStars></GuestStars>
  <IMDB_ID></IMDB_ID>
  <Language>en</Language>
  <Overview></Overview>
  <ProductionCode></ProductionCode>
  <Rating></Rating>
  <RatingCount>0</RatingCount>
  <SeasonNumber>1</SeasonNumber>
  <Writer></Writer>
  <absolute_number></absolute_number>
  <filename></filename>
  <lastupdated>1358326763</lastupdated>
  <seasonid>492539</seasonid>
  <seriesid>259092</seriesid>
</Episode>
</Data>