<?xml version="1.0" encoding="UTF-8" ?>
<Actors>
<Actor>
  <id>71136</id>
  <Image></Image>
  <Name>David Clennon</Name>
  <Role></Role>
  <SortOrder>3</SortOrder>
</Actor>
<Actor>
  <id>71139</id>
  <Image></Image>
  <Name>Elizabeth Reaser</Name>
  <Role></Role>
  <SortOrder>3</SortOrder>
</Actor>
<Actor>
  <id>71137</id>
  <Image></Image>
  <Name>Michael McMillian</Name>
  <Role></Role>
  <SortOrder>3</SortOrder>
</Actor>
<Actor>
  <id>71140</id>
  <Image></Image>
  <Name>Omari Hardwick</Name>
  <Role></Role>
  <SortOrder>3</SortOrder>
</Actor>
<Actor>
  <id>71135</id>
  <Image></Image>
  <Name>Tom Everett Scott</Name>
  <Role></Role>
  <SortOrder>3</SortOrder>
</Actor>
<Actor>
  <id>71138</id>
  <Image></Image>
  <Name>Tracy Vilar</Name>
  <Role></Role>
  <SortOrder>3</SortOrder>
</Actor>
</Actors>