<?xml version="1.0" encoding="UTF-8" ?>
<Data><Series>
  <id>79401</id>
  <Actors>|David Clennon|Elizabeth Reaser|Michael McMillian|Omari Hardwick|Tom Everett Scott|Tracy Vilar|</Actors>
  <Airs_DayOfWeek>Monday</Airs_DayOfWeek>
  <Airs_Time>10:00 PM</Airs_Time>
  <ContentRating></ContentRating>
  <FirstAired>2006-06-12</FirstAired>
  <Genre>|Drama|</Genre>
  <IMDB_ID>tt0756591</IMDB_ID>
  <Language>en</Language>
  <Network>TNT</Network>
  <NetworkID></NetworkID>
  <Overview>“Saved” chronicles medical school dropout turned paramedic Wyatt Cole, who finds the breakneck pace of his 24-hour shift a welcome escape from his inner demons.</Overview>
  <Rating>7.0</Rating>
  <RatingCount>1</RatingCount>
  <Runtime>60</Runtime>
  <SeriesID>52070</SeriesID>
  <SeriesName>Saved</SeriesName>
  <Status>Ended</Status>
  <added></added>
  <addedBy></addedBy>
  <banner>graphical/79401-g2.jpg</banner>
  <fanart>fanart/original/79401-1.jpg</fanart>
  <lastupdated>1361728119</lastupdated>
  <poster>posters/79401-1.jpg</poster>
  <zap2it_id>SH829237</zap2it_id>
</Series>
<Episode>
  <id>307830</id>
  <Combined_episodenumber>1</Combined_episodenumber>
  <Combined_season>1</Combined_season>
  <DVD_chapter></DVD_chapter>
  <DVD_discid></DVD_discid>
  <DVD_episodenumber></DVD_episodenumber>
  <DVD_season></DVD_season>
  <Director>Darnell Martin</Director>
  <EpImgFlag></EpImgFlag>
  <EpisodeName>A Day in the Life</EpisodeName>
  <EpisodeNumber>1</EpisodeNumber>
  <FirstAired>2006-06-12</FirstAired>
  <GuestStars>|Melanie Papalia| Christopher Heyerdahl| Kevin Johnson| Ryan Robbins|</GuestStars>
  <IMDB_ID></IMDB_ID>
  <Language>en</Language>
  <Overview>Portland, Oregon paramedic Wyatt Cole is going through a lot at the moment. He struggles to deal with his gambling addiction, demanding surgeon father and his ex-girlfriend, who happens to be a ER doctor. During Wyatt's numerous emergency runs, he ends up treating a drug user and victims of a drunken-driving accident.
</Overview>
  <ProductionCode>100</ProductionCode>
  <Rating>8.0</Rating>
  <RatingCount>1</RatingCount>
  <SeasonNumber>1</SeasonNumber>
  <Writer>David Manson</Writer>
  <absolute_number></absolute_number>
  <filename></filename>
  <lastupdated>1336080340</lastupdated>
  <seasonid>16327</seasonid>
  <seriesid>79401</seriesid>
</Episode>
<Episode>
  <id>307831</id>
  <Combined_episodenumber>2</Combined_episodenumber>
  <Combined_season>1</Combined_season>
  <DVD_chapter></DVD_chapter>
  <DVD_discid></DVD_discid>
  <DVD_episodenumber></DVD_episodenumber>
  <DVD_season></DVD_season>
  <Director>John David Coles</Director>
  <EpImgFlag></EpImgFlag>
  <EpisodeName>Lady &amp; the Tiger</EpisodeName>
  <EpisodeNumber>2</EpisodeNumber>
  <FirstAired>2006-06-19</FirstAired>
  <GuestStars>|Willam Belli| Blu Mankuma| Karin Konoval| Tom McBeath| Michael Weston|</GuestStars>
  <IMDB_ID></IMDB_ID>
  <Language>en</Language>
  <Overview>Cole still has romantic feelings for ex-girlfriend Alice and tries to help out an old schoolmate who is suffering from leukemia. On the job, Cole treats a priest who is suffering from seizures, but his parish believes that he is possessed. Meanwhile, Alice is thinking of going to the next level with her latest boyfriend.
</Overview>
  <ProductionCode>101</ProductionCode>
  <Rating>8.0</Rating>
  <RatingCount>1</RatingCount>
  <SeasonNumber>1</SeasonNumber>
  <Writer>David  Manson</Writer>
  <absolute_number></absolute_number>
  <filename></filename>
  <lastupdated>1336080351</lastupdated>
  <seasonid>16327</seasonid>
  <seriesid>79401</seriesid>
</Episode>
<Episode>
  <id>307832</id>
  <Combined_episodenumber>3</Combined_episodenumber>
  <Combined_season>1</Combined_season>
  <DVD_chapter></DVD_chapter>
  <DVD_discid></DVD_discid>
  <DVD_episodenumber></DVD_episodenumber>
  <DVD_season></DVD_season>
  <Director>Dean White</Director>
  <EpImgFlag></EpImgFlag>
  <EpisodeName>The Living Dead</EpisodeName>
  <EpisodeNumber>3</EpisodeNumber>
  <FirstAired>2006-06-26</FirstAired>
  <GuestStars>|Richard DeKlerk| Biski Gugushe| Diana Pavlovska| Jeremy Jones| Leah Cairns| James Long| Sharon Heath| Terry Howson| Bill Marchant| Jenn Forgie| Brock  Johnson| Michael Adamthwaite| Christopher Redman| Xantha Radley| Veronika Hadrava| Anwar Haban| William Belli| Carmelina Cupo| Michael Daingerfield| Kristie Marsden| Claude Knowlton|</GuestStars>
  <IMDB_ID></IMDB_ID>
  <Language>en</Language>
  <Overview>It's a full moon which means that Cole and Sack have to endure some bizarre emergencies including a man who falls from the sky and then lands on a car, a couple of government agents who are all they seem to be, and an imposter EMT who the two find when they show up for a call from a gay bar. In the meantime, Cole continues to deal with his father's demands.
</Overview>
  <ProductionCode>102</ProductionCode>
  <Rating>8.0</Rating>
  <RatingCount>1</RatingCount>
  <SeasonNumber>1</SeasonNumber>
  <Writer>Joseph Dougherty</Writer>
  <absolute_number></absolute_number>
  <filename></filename>
  <lastupdated>1336080362</lastupdated>
  <seasonid>16327</seasonid>
  <seriesid>79401</seriesid>
</Episode>
<Episode>
  <id>307833</id>
  <Combined_episodenumber>4</Combined_episodenumber>
  <Combined_season>1</Combined_season>
  <DVD_chapter></DVD_chapter>
  <DVD_discid></DVD_discid>
  <DVD_episodenumber></DVD_episodenumber>
  <DVD_season></DVD_season>
  <Director>Darnell Martin</Director>
  <EpImgFlag></EpImgFlag>
  <EpisodeName>Fog</EpisodeName>
  <EpisodeNumber>4</EpisodeNumber>
  <FirstAired>2006-07-03</FirstAired>
  <GuestStars>|Michael Eklund| C. Ernst Harth| Lisa Banes| Jeanette Brox| Jennifer Ann Lee| Dee Jay Jackson| Lorena Gale|</GuestStars>
  <IMDB_ID></IMDB_ID>
  <Language>en</Language>
  <Overview>During heavy fog, Cole and Sack are sent to help out victims of of highway pileup. The two must also help a liver transplant patient get to the hospital and a crane operator who has chest pains. Meanwhile, Cole decides to ask his psychologist mother to help out Sack's son.
</Overview>
  <ProductionCode>103</ProductionCode>
  <Rating>7.0</Rating>
  <RatingCount>1</RatingCount>
  <SeasonNumber>1</SeasonNumber>
  <Writer>Ann Hamilton</Writer>
  <absolute_number></absolute_number>
  <filename></filename>
  <lastupdated>1336080374</lastupdated>
  <seasonid>16327</seasonid>
  <seriesid>79401</seriesid>
</Episode>
<Episode>
  <id>307834</id>
  <Combined_episodenumber>5</Combined_episodenumber>
  <Combined_season>1</Combined_season>
  <DVD_chapter></DVD_chapter>
  <DVD_discid></DVD_discid>
  <DVD_episodenumber></DVD_episodenumber>
  <DVD_season></DVD_season>
  <Director>Stephen T. Kay</Director>
  <EpImgFlag></EpImgFlag>
  <EpisodeName>Family</EpisodeName>
  <EpisodeNumber>5</EpisodeNumber>
  <FirstAired>2006-07-10</FirstAired>
  <GuestStars>|Lisa Banes| Jeanette Brox| Kaj-Erik Eriksen| Terry  David  Mulligan| Sheila Paterson| Matthew Smalley| Christian Tessier| John Hainsworth| Malcolm Scott| Linda Ko| Kira Clavell| Allison Hossack| Christopher Redman| Sonya Salomaa| Matt Letscher| Shane Abrahams|</GuestStars>
  <IMDB_ID></IMDB_ID>
  <Language>en</Language>
  <Overview>Cole has to deal with his father's 60th birthday approaching as well as his relationship with Alice and his mounting gambling problem. He also has to go on an emergency run to assist an underwear model. Meanwhile, Sack decides to enroll his son in a gifted school.
</Overview>
  <ProductionCode>104</ProductionCode>
  <Rating>8.0</Rating>
  <RatingCount>1</RatingCount>
  <SeasonNumber>1</SeasonNumber>
  <Writer>John Mankiewicz</Writer>
  <absolute_number></absolute_number>
  <filename></filename>
  <lastupdated>1336080387</lastupdated>
  <seasonid>16327</seasonid>
  <seriesid>79401</seriesid>
</Episode>
<Episode>
  <id>307835</id>
  <Combined_episodenumber>6</Combined_episodenumber>
  <Combined_season>1</Combined_season>
  <DVD_chapter></DVD_chapter>
  <DVD_discid></DVD_discid>
  <DVD_episodenumber></DVD_episodenumber>
  <DVD_season></DVD_season>
  <Director>Alex Zakrzewski</Director>
  <EpImgFlag></EpImgFlag>
  <EpisodeName>Cowboys and Independents</EpisodeName>
  <EpisodeNumber>6</EpisodeNumber>
  <FirstAired>2006-07-17</FirstAired>
  <GuestStars>|Karin Konoval| Shane Meier| Victoria Tennant|</GuestStars>
  <IMDB_ID></IMDB_ID>
  <Language>en</Language>
  <Overview>Cole finds himself with a new supervisor: his former nemesis, Kroll, from a competing ambulance company. Sack's son is accepted into the private school, and Alice has child problems of her own, in the form of her boyfriend's problem daughter.
</Overview>
  <ProductionCode>105</ProductionCode>
  <Rating>8.0</Rating>
  <RatingCount>1</RatingCount>
  <SeasonNumber>1</SeasonNumber>
  <Writer>Kira Arne</Writer>
  <absolute_number></absolute_number>
  <filename></filename>
  <lastupdated>1336080400</lastupdated>
  <seasonid>16327</seasonid>
  <seriesid>79401</seriesid>
</Episode>
<Episode>
  <id>307836</id>
  <Combined_episodenumber>7</Combined_episodenumber>
  <Combined_season>1</Combined_season>
  <DVD_chapter></DVD_chapter>
  <DVD_discid></DVD_discid>
  <DVD_episodenumber></DVD_episodenumber>
  <DVD_season></DVD_season>
  <Director>Stephen Kay</Director>
  <EpImgFlag></EpImgFlag>
  <EpisodeName>Who Do You Trust?</EpisodeName>
  <EpisodeNumber>7</EpisodeNumber>
  <FirstAired>2006-07-24</FirstAired>
  <GuestStars>|Genevieve Buechner| Ellen Kennedy| Don Payne| Lisa Bunting| Terry  David  Mulligan| Howard Siegel| Colin van den Ameele| Craig Fraser| Yee Jee Tso| Donna White| C.J Jackman-Zigante| Link Baker| Jeanette Brox| Kathryn Joosten| Dan Payne|</GuestStars>
  <IMDB_ID></IMDB_ID>
  <Language>en</Language>
  <Overview>When Lexie's cancer advances, Wyatt attempts to persuade his father to use his influence with the transplant board get her a needed liver.  Meanwhile, Krull makes life difficult when he installs surveillance equipment to monitor the paramedics, and Sack feels the burden of his son's school tuition.
</Overview>
  <ProductionCode>106</ProductionCode>
  <Rating>10.0</Rating>
  <RatingCount>1</RatingCount>
  <SeasonNumber>1</SeasonNumber>
  <Writer>Barry Pullman</Writer>
  <absolute_number></absolute_number>
  <filename></filename>
  <lastupdated>1336080410</lastupdated>
  <seasonid>16327</seasonid>
  <seriesid>79401</seriesid>
</Episode>
<Episode>
  <id>307837</id>
  <Combined_episodenumber>8</Combined_episodenumber>
  <Combined_season>1</Combined_season>
  <DVD_chapter></DVD_chapter>
  <DVD_discid></DVD_discid>
  <DVD_episodenumber></DVD_episodenumber>
  <DVD_season></DVD_season>
  <Director>Arvin Brown</Director>
  <EpImgFlag></EpImgFlag>
  <EpisodeName>Secrets &amp; Lies</EpisodeName>
  <EpisodeNumber>8</EpisodeNumber>
  <FirstAired>2006-07-31</FirstAired>
  <GuestStars>|Christopher Redman| Joe Maffei| Cristine Rose| Brian Drummond| Sean Tyson| Julius Chapple| Johnston Gray| Patricia Drake| Christine Rose| Javier Villarreal| Andrea Brooks| Christopher Attadia| Zak Santiago|</GuestStars>
  <IMDB_ID></IMDB_ID>
  <Language>en</Language>
  <Overview>Alice's manic-depressive mother, Amanda, makes a whirlwind visit to the ER and leaves Alice struggling to manage her emotions. When Amanda provides Wyatt with some unexpected insight into why Alice broke off their relationship, the truth is almost more than he can take.
</Overview>
  <ProductionCode>107</ProductionCode>
  <Rating>8.0</Rating>
  <RatingCount>1</RatingCount>
  <SeasonNumber>1</SeasonNumber>
  <Writer>Arla Sorkin Manson, Arla Sorkin Manson</Writer>
  <absolute_number></absolute_number>
  <filename></filename>
  <lastupdated>1336080421</lastupdated>
  <seasonid>16327</seasonid>
  <seriesid>79401</seriesid>
</Episode>
<Episode>
  <id>307838</id>
  <Combined_episodenumber>9</Combined_episodenumber>
  <Combined_season>1</Combined_season>
  <DVD_chapter></DVD_chapter>
  <DVD_discid></DVD_discid>
  <DVD_episodenumber></DVD_episodenumber>
  <DVD_season></DVD_season>
  <Director>John David Coles</Director>
  <EpImgFlag></EpImgFlag>
  <EpisodeName>Triage</EpisodeName>
  <EpisodeNumber>9</EpisodeNumber>
  <FirstAired>2006-08-07</FirstAired>
  <GuestStars>|Curtis Caravaggio| Michelle Harrison| Andrew Airlie| Ari Cohen|</GuestStars>
  <IMDB_ID></IMDB_ID>
  <Language>en</Language>
  <Overview>When the team responds to a bomb at a clinic, Wyat must make the difficult choice whether to leave a patient as a second bomb threatens. Angela and Harper are followed by Japanese firemen hoping to learn paramedic techniques.
</Overview>
  <ProductionCode>108</ProductionCode>
  <Rating>9.0</Rating>
  <RatingCount>1</RatingCount>
  <SeasonNumber>1</SeasonNumber>
  <Writer>John Mankiewicz, David Manson</Writer>
  <absolute_number></absolute_number>
  <filename></filename>
  <lastupdated>1336080432</lastupdated>
  <seasonid>16327</seasonid>
  <seriesid>79401</seriesid>
</Episode>
<Episode>
  <id>307839</id>
  <Combined_episodenumber>10</Combined_episodenumber>
  <Combined_season>1</Combined_season>
  <DVD_chapter></DVD_chapter>
  <DVD_discid></DVD_discid>
  <DVD_episodenumber></DVD_episodenumber>
  <DVD_season></DVD_season>
  <Director>Dean White</Director>
  <EpImgFlag></EpImgFlag>
  <EpisodeName>A Shock to the System</EpisodeName>
  <EpisodeNumber>10</EpisodeNumber>
  <FirstAired>2006-08-14</FirstAired>
  <GuestStars>|Deryl Hayes| Chelah Horsdal| Ari Cohen| Wayne Thomas Yorke| Travis MacDonald| Sunita Prasad| Shaun Omaio| Sean Campbell| Lucie Guest| John B. Lowe| Peter Kelamis| Mikayla Switzer| Michael Teigen| Maria Di Martino| Jocelyne Loewen|</GuestStars>
  <IMDB_ID></IMDB_ID>
  <Language>en</Language>
  <Overview>Even though Cole and Sack save a baby during an emergency C-Section, the two are sued by the father because his wife died. The media becomes fanatic over the story, but Cole finds he has one supporter, his own father.
</Overview>
  <ProductionCode>109</ProductionCode>
  <Rating>8.0</Rating>
  <RatingCount>1</RatingCount>
  <SeasonNumber>1</SeasonNumber>
  <Writer>Joseph Dougherty</Writer>
  <absolute_number></absolute_number>
  <filename></filename>
  <lastupdated>1336080442</lastupdated>
  <seasonid>16327</seasonid>
  <seriesid>79401</seriesid>
</Episode>
<Episode>
  <id>307840</id>
  <Combined_episodenumber>11</Combined_episodenumber>
  <Combined_season>1</Combined_season>
  <DVD_chapter></DVD_chapter>
  <DVD_discid></DVD_discid>
  <DVD_episodenumber></DVD_episodenumber>
  <DVD_season></DVD_season>
  <Director>Stephen T. Kay</Director>
  <EpImgFlag></EpImgFlag>
  <EpisodeName>Code Zero</EpisodeName>
  <EpisodeNumber>11</EpisodeNumber>
  <FirstAired>2006-08-21</FirstAired>
  <GuestStars>|Tyler Labine| Brendan Fletcher| Patrick Gallagher| Melanie Yeats| Colin Cunningham|</GuestStars>
  <IMDB_ID></IMDB_ID>
  <Language>en</Language>
  <Overview>Cole's ambulance ends up getting carjacked by drug fiends. Angela ends up being given the job as temporary dispatcher, but her fellow paramedics are not so happy with her newfound authority.
</Overview>
  <ProductionCode>110</ProductionCode>
  <Rating>8.0</Rating>
  <RatingCount>1</RatingCount>
  <SeasonNumber>1</SeasonNumber>
  <Writer>Speed Weed</Writer>
  <absolute_number></absolute_number>
  <filename></filename>
  <lastupdated>1336080453</lastupdated>
  <seasonid>16327</seasonid>
  <seriesid>79401</seriesid>
</Episode>
<Episode>
  <id>307841</id>
  <Combined_episodenumber>12</Combined_episodenumber>
  <Combined_season>1</Combined_season>
  <DVD_chapter></DVD_chapter>
  <DVD_discid></DVD_discid>
  <DVD_episodenumber></DVD_episodenumber>
  <DVD_season></DVD_season>
  <Director>John David Coles</Director>
  <EpImgFlag></EpImgFlag>
  <EpisodeName>Tango</EpisodeName>
  <EpisodeNumber>12</EpisodeNumber>
  <FirstAired>2006-08-28</FirstAired>
  <GuestStars>|Peter Grier| Andrew Moxham| Marilyn Norry| Andrew Wheeler| Alana Husband| Colin Lawrence| Jason McKinnon| Patrick Gilmore| Matias  Hacker| Chelah Horsdal| Kimberley Warnat| Christian Tessier| Andrew Airlie|</GuestStars>
  <IMDB_ID></IMDB_ID>
  <Language>en</Language>
  <Overview>As the trial nears, a confession puts Sack and Wyatt's partnership in jeopardy.
</Overview>
  <ProductionCode>111</ProductionCode>
  <Rating>8.0</Rating>
  <RatingCount>1</RatingCount>
  <SeasonNumber>1</SeasonNumber>
  <Writer>Ann Hamilton</Writer>
  <absolute_number></absolute_number>
  <filename></filename>
  <lastupdated>1336080464</lastupdated>
  <seasonid>16327</seasonid>
  <seriesid>79401</seriesid>
</Episode>
<Episode>
  <id>307842</id>
  <Combined_episodenumber>13</Combined_episodenumber>
  <Combined_season>1</Combined_season>
  <DVD_chapter></DVD_chapter>
  <DVD_discid></DVD_discid>
  <DVD_episodenumber></DVD_episodenumber>
  <DVD_season></DVD_season>
  <Director>David Manson</Director>
  <EpImgFlag></EpImgFlag>
  <EpisodeName>Crossroads</EpisodeName>
  <EpisodeNumber>13</EpisodeNumber>
  <FirstAired>2006-09-04</FirstAired>
  <GuestStars>|Sam  Laird| Curtis Caravaggio| Chase Ellison| Brian Markinson| Andrew Airlie| C.J. Sanders|</GuestStars>
  <IMDB_ID></IMDB_ID>
  <Language>en</Language>
  <Overview>After LifeShield goes up for sale, Cole and his collegues face a huge crossroads in their lives. Cole also faces a big decision when it comes to Alice, who is contemplating moving to the East Coast for a new job. Meanwhile, Sack receives some disturbing news from the mother of his child, and Angela has a new possibility in her life.
</Overview>
  <ProductionCode>112</ProductionCode>
  <Rating>9.0</Rating>
  <RatingCount>1</RatingCount>
  <SeasonNumber>1</SeasonNumber>
  <Writer>John Mankiewicz</Writer>
  <absolute_number></absolute_number>
  <filename></filename>
  <lastupdated>1336080474</lastupdated>
  <seasonid>16327</seasonid>
  <seriesid>79401</seriesid>
</Episode>
</Data>