<?xml version="1.0" encoding="UTF-8" ?>
<Actors>
<Actor>
  <id>81178</id>
  <Image>actors/81178.jpg</Image>
  <Name>Rashida Jones</Name>
  <Role>Ann Perkins</Role>
  <SortOrder>0</SortOrder>
</Actor>
<Actor>
  <id>81177</id>
  <Image>actors/81177.jpg</Image>
  <Name>Aubrey Plaza</Name>
  <Role>April</Role>
  <SortOrder>0</SortOrder>
</Actor>
<Actor>
  <id>81175</id>
  <Image>actors/81175.jpg</Image>
  <Name>Amy Poehler</Name>
  <Role>Leslie Knope</Role>
  <SortOrder>0</SortOrder>
</Actor>
<Actor>
  <id>193751</id>
  <Image>actors/193751.jpg</Image>
  <Name>Nick Offerman</Name>
  <Role>Ron Swanson</Role>
  <SortOrder>2</SortOrder>
</Actor>
<Actor>
  <id>81179</id>
  <Image>actors/81179.jpg</Image>
  <Name>Aziz Ansari</Name>
  <Role>Tom Haverford</Role>
  <SortOrder>3</SortOrder>
</Actor>
<Actor>
  <id>304209</id>
  <Image>actors/304209.jpg</Image>
  <Name>Paul Rudd</Name>
  <Role>Bobby Newport</Role>
  <SortOrder>3</SortOrder>
</Actor>
<Actor>
  <id>304208</id>
  <Image>actors/304208.jpg</Image>
  <Name>Kathryn Hahn</Name>
  <Role>Jennifer Barkley</Role>
  <SortOrder>3</SortOrder>
</Actor>
<Actor>
  <id>298471</id>
  <Image>actors/298471.jpg</Image>
  <Name>Retta</Name>
  <Role>Donna Meagle </Role>
  <SortOrder>3</SortOrder>
</Actor>
<Actor>
  <id>298470</id>
  <Image>actors/298470.jpg</Image>
  <Name>Jim O'Heir</Name>
  <Role>Jerry Gergich</Role>
  <SortOrder>3</SortOrder>
</Actor>
<Actor>
  <id>246451</id>
  <Image>actors/246451.jpg</Image>
  <Name>Rob Lowe</Name>
  <Role>Chris Traeger</Role>
  <SortOrder>3</SortOrder>
</Actor>
<Actor>
  <id>246431</id>
  <Image>actors/246431.jpg</Image>
  <Name>Paul Schneider</Name>
  <Role>Mark Brendanawicz</Role>
  <SortOrder>3</SortOrder>
</Actor>
<Actor>
  <id>246421</id>
  <Image>actors/246421.jpg</Image>
  <Name>Chris Pratt</Name>
  <Role>Andy Dwyer</Role>
  <SortOrder>3</SortOrder>
</Actor>
<Actor>
  <id>246411</id>
  <Image>actors/246411.jpg</Image>
  <Name>Adam Scott</Name>
  <Role>Ben Wyatt</Role>
  <SortOrder>3</SortOrder>
</Actor>
</Actors>