<?xml version="1.0" encoding="UTF-8" ?>
<Actors>
<Actor>
  <id>10227</id>
  <Image></Image>
  <Name>Judd Hirsch</Name>
  <Role>Alex Reiger</Role>
  <SortOrder>0</SortOrder>
</Actor>
<Actor>
  <id>10233</id>
  <Image></Image>
  <Name>Danny DeVito</Name>
  <Role>Louie De Palma</Role>
  <SortOrder>1</SortOrder>
</Actor>
<Actor>
  <id>10235</id>
  <Image></Image>
  <Name>Andy Kaufman</Name>
  <Role>Latka Gravas</Role>
  <SortOrder>2</SortOrder>
</Actor>
<Actor>
  <id>10229</id>
  <Image></Image>
  <Name>Carol Kane</Name>
  <Role>Simka Dahblitz-Gravas</Role>
  <SortOrder>3</SortOrder>
</Actor>
<Actor>
  <id>10228</id>
  <Image></Image>
  <Name>Christopher Lloyd</Name>
  <Role>Reverend Jim Ignatowski</Role>
  <SortOrder>3</SortOrder>
</Actor>
<Actor>
  <id>10231</id>
  <Image></Image>
  <Name>J. Alan Thomas</Name>
  <Role>Jeff Bennett</Role>
  <SortOrder>3</SortOrder>
</Actor>
<Actor>
  <id>10230</id>
  <Image></Image>
  <Name>Jeff Conaway</Name>
  <Role>Bobby Wheeler</Role>
  <SortOrder>3</SortOrder>
</Actor>
<Actor>
  <id>10232</id>
  <Image></Image>
  <Name>Marilu Henner</Name>
  <Role>Elaine Nardo</Role>
  <SortOrder>3</SortOrder>
</Actor>
<Actor>
  <id>10234</id>
  <Image></Image>
  <Name>Randall Carver</Name>
  <Role>John Burns</Role>
  <SortOrder>3</SortOrder>
</Actor>
<Actor>
  <id>10226</id>
  <Image></Image>
  <Name>Tony Danza</Name>
  <Role>Tony Banta</Role>
  <SortOrder>3</SortOrder>
</Actor>
</Actors>