<?xml version="1.0" encoding="UTF-8" ?>
<Banners>
<Banner>
  <id>343741</id>
  <BannerPath>fanart/original/85040-7.jpg</BannerPath>
  <BannerType>fanart</BannerType>
  <BannerType2>1920x1080</BannerType2>
  <Colors>|255,255,255|156,163,169|147,144,125|</Colors>
  <Language>en</Language>
  <Rating>7.4118</Rating>
  <RatingCount>17</RatingCount>
  <SeriesName>false</SeriesName>
  <ThumbnailPath>_cache/fanart/original/85040-7.jpg</ThumbnailPath>
  <VignettePath>fanart/vignette/85040-7.jpg</VignettePath>
</Banner>
<Banner>
  <id>299581</id>
  <BannerPath>fanart/original/85040-2.jpg</BannerPath>
  <BannerType>fanart</BannerType>
  <BannerType2>1920x1080</BannerType2>
  <Colors>|241,245,246|248,249,251|233,238,242|</Colors>
  <Language>en</Language>
  <Rating>7.4091</Rating>
  <RatingCount>22</RatingCount>
  <SeriesName>false</SeriesName>
  <ThumbnailPath>_cache/fanart/original/85040-2.jpg</ThumbnailPath>
  <VignettePath>fanart/vignette/85040-2.jpg</VignettePath>
</Banner>
<Banner>
  <id>449101</id>
  <BannerPath>fanart/original/85040-15.jpg</BannerPath>
  <BannerType>fanart</BannerType>
  <BannerType2>1280x720</BannerType2>
  <Colors></Colors>
  <Language>de</Language>
  <Rating>6.8333</Rating>
  <RatingCount>6</RatingCount>
  <SeriesName>false</SeriesName>
  <ThumbnailPath>_cache/fanart/original/85040-15.jpg</ThumbnailPath>
  <VignettePath>fanart/vignette/85040-15.jpg</VignettePath>
</Banner>
<Banner>
  <id>343811</id>
  <BannerPath>fanart/original/85040-10.jpg</BannerPath>
  <BannerType>fanart</BannerType>
  <BannerType2>1920x1080</BannerType2>
  <Colors>|228,192,168|206,189,161|255,255,255|</Colors>
  <Language>en</Language>
  <Rating>6.2500</Rating>
  <RatingCount>4</RatingCount>
  <SeriesName>false</SeriesName>
  <ThumbnailPath>_cache/fanart/original/85040-10.jpg</ThumbnailPath>
  <VignettePath>fanart/vignette/85040-10.jpg</VignettePath>
</Banner>
<Banner>
  <id>434651</id>
  <BannerPath>fanart/original/85040-14.jpg</BannerPath>
  <BannerType>fanart</BannerType>
  <BannerType2>1280x720</BannerType2>
  <Colors></Colors>
  <Language>en</Language>
  <Rating>5.5000</Rating>
  <RatingCount>2</RatingCount>
  <SeriesName>false</SeriesName>
  <ThumbnailPath>_cache/fanart/original/85040-14.jpg</ThumbnailPath>
  <VignettePath>fanart/vignette/85040-14.jpg</VignettePath>
</Banner>
<Banner>
  <id>343821</id>
  <BannerPath>fanart/original/85040-11.jpg</BannerPath>
  <BannerType>fanart</BannerType>
  <BannerType2>1920x1080</BannerType2>
  <Colors></Colors>
  <Language>en</Language>
  <Rating>4.7500</Rating>
  <RatingCount>4</RatingCount>
  <SeriesName>false</SeriesName>
  <ThumbnailPath>_cache/fanart/original/85040-11.jpg</ThumbnailPath>
  <VignettePath>fanart/vignette/85040-11.jpg</VignettePath>
</Banner>
<Banner>
  <id>345221</id>
  <BannerPath>fanart/original/85040-13.jpg</BannerPath>
  <BannerType>fanart</BannerType>
  <BannerType2>1280x720</BannerType2>
  <Colors>|197,207,216|24,25,30|121,13,11|</Colors>
  <Language>en</Language>
  <Rating>4.5000</Rating>
  <RatingCount>4</RatingCount>
  <SeriesName>false</SeriesName>
  <ThumbnailPath>_cache/fanart/original/85040-13.jpg</ThumbnailPath>
  <VignettePath>fanart/vignette/85040-13.jpg</VignettePath>
</Banner>
<Banner>
  <id>152921</id>
  <BannerPath>fanart/original/85040-6.jpg</BannerPath>
  <BannerType>fanart</BannerType>
  <BannerType2>1920x1080</BannerType2>
  <Colors></Colors>
  <Language>de</Language>
  <Rating>4.3333</Rating>
  <RatingCount>3</RatingCount>
  <SeriesName>false</SeriesName>
  <ThumbnailPath>_cache/fanart/original/85040-6.jpg</ThumbnailPath>
  <VignettePath>fanart/vignette/85040-6.jpg</VignettePath>
</Banner>
<Banner>
  <id>299561</id>
  <BannerPath>fanart/original/85040-4.jpg</BannerPath>
  <BannerType>fanart</BannerType>
  <BannerType2>1920x1080</BannerType2>
  <Colors></Colors>
  <Language>en</Language>
  <Rating>4.3333</Rating>
  <RatingCount>3</RatingCount>
  <SeriesName>false</SeriesName>
  <ThumbnailPath>_cache/fanart/original/85040-4.jpg</ThumbnailPath>
  <VignettePath>fanart/vignette/85040-4.jpg</VignettePath>
</Banner>
<Banner>
  <id>299571</id>
  <BannerPath>fanart/original/85040-5.jpg</BannerPath>
  <BannerType>fanart</BannerType>
  <BannerType2>1920x1080</BannerType2>
  <Colors></Colors>
  <Language>en</Language>
  <Rating>4.3333</Rating>
  <RatingCount>3</RatingCount>
  <SeriesName>false</SeriesName>
  <ThumbnailPath>_cache/fanart/original/85040-5.jpg</ThumbnailPath>
  <VignettePath>fanart/vignette/85040-5.jpg</VignettePath>
</Banner>
<Banner>
  <id>71361</id>
  <BannerPath>fanart/original/85040-1.jpg</BannerPath>
  <BannerType>fanart</BannerType>
  <BannerType2>1280x720</BannerType2>
  <Colors>|43,40,33|208,206,193|185,175,166|</Colors>
  <Language>en</Language>
  <Rating>3.6667</Rating>
  <RatingCount>6</RatingCount>
  <SeriesName>false</SeriesName>
  <ThumbnailPath>_cache/fanart/original/85040-1.jpg</ThumbnailPath>
  <VignettePath>fanart/vignette/85040-1.jpg</VignettePath>
</Banner>
<Banner>
  <id>343861</id>
  <BannerPath>fanart/original/85040-12.jpg</BannerPath>
  <BannerType>fanart</BannerType>
  <BannerType2>1920x1080</BannerType2>
  <Colors></Colors>
  <Language>en</Language>
  <Rating>3.5000</Rating>
  <RatingCount>2</RatingCount>
  <SeriesName>false</SeriesName>
  <ThumbnailPath>_cache/fanart/original/85040-12.jpg</ThumbnailPath>
  <VignettePath>fanart/vignette/85040-12.jpg</VignettePath>
</Banner>
<Banner>
  <id>343801</id>
  <BannerPath>fanart/original/85040-9.jpg</BannerPath>
  <BannerType>fanart</BannerType>
  <BannerType2>1920x1080</BannerType2>
  <Colors></Colors>
  <Language>en</Language>
  <Rating>3.5000</Rating>
  <RatingCount>2</RatingCount>
  <SeriesName>false</SeriesName>
  <ThumbnailPath>_cache/fanart/original/85040-9.jpg</ThumbnailPath>
  <VignettePath>fanart/vignette/85040-9.jpg</VignettePath>
</Banner>
<Banner>
  <id>343781</id>
  <BannerPath>fanart/original/85040-8.jpg</BannerPath>
  <BannerType>fanart</BannerType>
  <BannerType2>1920x1080</BannerType2>
  <Colors></Colors>
  <Language>en</Language>
  <Rating>3.5000</Rating>
  <RatingCount>2</RatingCount>
  <SeriesName>false</SeriesName>
  <ThumbnailPath>_cache/fanart/original/85040-8.jpg</ThumbnailPath>
  <VignettePath>fanart/vignette/85040-8.jpg</VignettePath>
</Banner>
<Banner>
  <id>86801</id>
  <BannerPath>fanart/original/85040-3.jpg</BannerPath>
  <BannerType>fanart</BannerType>
  <BannerType2>1920x1080</BannerType2>
  <Colors></Colors>
  <Language>en</Language>
  <Rating>3.3333</Rating>
  <RatingCount>3</RatingCount>
  <SeriesName>false</SeriesName>
  <ThumbnailPath>_cache/fanart/original/85040-3.jpg</ThumbnailPath>
  <VignettePath>fanart/vignette/85040-3.jpg</VignettePath>
</Banner>
<Banner>
  <id>449111</id>
  <BannerPath>fanart/original/85040-16.jpg</BannerPath>
  <BannerType>fanart</BannerType>
  <BannerType2>1280x720</BannerType2>
  <Colors></Colors>
  <Language>de</Language>
  <Rating>2.0000</Rating>
  <RatingCount>2</RatingCount>
  <SeriesName>false</SeriesName>
  <ThumbnailPath>_cache/fanart/original/85040-16.jpg</ThumbnailPath>
  <VignettePath>fanart/vignette/85040-16.jpg</VignettePath>
</Banner>
<Banner>
  <id>677771</id>
  <BannerPath>fanart/original/85040-17.jpg</BannerPath>
  <BannerType>fanart</BannerType>
  <BannerType2>1920x1080</BannerType2>
  <Colors></Colors>
  <Language>en</Language>
  <Rating></Rating>
  <RatingCount>0</RatingCount>
  <SeriesName>false</SeriesName>
  <ThumbnailPath>_cache/fanart/original/85040-17.jpg</ThumbnailPath>
  <VignettePath>fanart/vignette/85040-17.jpg</VignettePath>
</Banner>
<Banner>
  <id>925320</id>
  <BannerPath>posters/85040-11.jpg</BannerPath>
  <BannerType>poster</BannerType>
  <BannerType2>680x1000</BannerType2>
  <Language>en</Language>
  <Rating>7.7500</Rating>
  <RatingCount>4</RatingCount>
</Banner>
<Banner>
  <id>884847</id>
  <BannerPath>posters/85040-9.jpg</BannerPath>
  <BannerType>poster</BannerType>
  <BannerType2>680x1000</BannerType2>
  <Language>en</Language>
  <Rating>7.2727</Rating>
  <RatingCount>11</RatingCount>
</Banner>
<Banner>
  <id>314121</id>
  <BannerPath>posters/85040-4.jpg</BannerPath>
  <BannerType>poster</BannerType>
  <BannerType2>680x1000</BannerType2>
  <Language>en</Language>
  <Rating>7.1600</Rating>
  <RatingCount>25</RatingCount>
</Banner>
<Banner>
  <id>263301</id>
  <BannerPath>posters/85040-1.jpg</BannerPath>
  <BannerType>poster</BannerType>
  <BannerType2>680x1000</BannerType2>
  <Language>en</Language>
  <Rating>7.0000</Rating>
  <RatingCount>12</RatingCount>
</Banner>
<Banner>
  <id>884846</id>
  <BannerPath>posters/85040-8.jpg</BannerPath>
  <BannerType>poster</BannerType>
  <BannerType2>680x1000</BannerType2>
  <Language>en</Language>
  <Rating>6.6000</Rating>
  <RatingCount>5</RatingCount>
</Banner>
<Banner>
  <id>88231</id>
  <BannerPath>posters/85040-2.jpg</BannerPath>
  <BannerType>poster</BannerType>
  <BannerType2>680x1000</BannerType2>
  <Language>en</Language>
  <Rating>6.5000</Rating>
  <RatingCount>10</RatingCount>
</Banner>
<Banner>
  <id>343911</id>
  <BannerPath>posters/85040-5.jpg</BannerPath>
  <BannerType>poster</BannerType>
  <BannerType2>680x1000</BannerType2>
  <Language>en</Language>
  <Rating>6.0000</Rating>
  <RatingCount>6</RatingCount>
</Banner>
<Banner>
  <id>314031</id>
  <BannerPath>posters/85040-3.jpg</BannerPath>
  <BannerType>poster</BannerType>
  <BannerType2>680x1000</BannerType2>
  <Language>en</Language>
  <Rating>5.7500</Rating>
  <RatingCount>4</RatingCount>
</Banner>
<Banner>
  <id>704631</id>
  <BannerPath>posters/85040-6.jpg</BannerPath>
  <BannerType>poster</BannerType>
  <BannerType2>680x1000</BannerType2>
  <Language>en</Language>
  <Rating>5.3333</Rating>
  <RatingCount>3</RatingCount>
</Banner>
<Banner>
  <id>925318</id>
  <BannerPath>posters/85040-10.jpg</BannerPath>
  <BannerType>poster</BannerType>
  <BannerType2>680x1000</BannerType2>
  <Language>en</Language>
  <Rating>4.5000</Rating>
  <RatingCount>2</RatingCount>
</Banner>
<Banner>
  <id>950605</id>
  <BannerPath>posters/85040-7.jpg</BannerPath>
  <BannerType>poster</BannerType>
  <BannerType2>680x1000</BannerType2>
  <Language>en</Language>
  <Rating></Rating>
  <RatingCount>0</RatingCount>
</Banner>
<Banner>
  <id>344521</id>
  <BannerPath>seasons/85040-1-3.jpg</BannerPath>
  <BannerType>season</BannerType>
  <BannerType2>season</BannerType2>
  <Language>en</Language>
  <Rating>8.0000</Rating>
  <RatingCount>6</RatingCount>
  <Season>1</Season>
</Banner>
<Banner>
  <id>72061</id>
  <BannerPath>seasons/85040-0.jpg</BannerPath>
  <BannerType>season</BannerType>
  <BannerType2>season</BannerType2>
  <Language>en</Language>
  <Rating>8.0000</Rating>
  <RatingCount>1</RatingCount>
  <Season>0</Season>
</Banner>
<Banner>
  <id>677751</id>
  <BannerPath>seasons/85040-1.jpg</BannerPath>
  <BannerType>season</BannerType>
  <BannerType2>season</BannerType2>
  <Language>en</Language>
  <Rating>6.7500</Rating>
  <RatingCount>8</RatingCount>
  <Season>1</Season>
</Banner>
<Banner>
  <id>344511</id>
  <BannerPath>seasons/85040-1-2.jpg</BannerPath>
  <BannerType>season</BannerType>
  <BannerType2>season</BannerType2>
  <Language>en</Language>
  <Rating>6.0000</Rating>
  <RatingCount>4</RatingCount>
  <Season>1</Season>
</Banner>
<Banner>
  <id>704641</id>
  <BannerPath>seasons/85040-1-4.jpg</BannerPath>
  <BannerType>season</BannerType>
  <BannerType2>season</BannerType2>
  <Language>en</Language>
  <Rating>4.5000</Rating>
  <RatingCount>4</RatingCount>
  <Season>1</Season>
</Banner>
<Banner>
  <id>704651</id>
  <BannerPath>seasons/85040-1-5.jpg</BannerPath>
  <BannerType>season</BannerType>
  <BannerType2>season</BannerType2>
  <Language>en</Language>
  <Rating>4.2500</Rating>
  <RatingCount>4</RatingCount>
  <Season>1</Season>
</Banner>
<Banner>
  <id>779171</id>
  <BannerPath>seasons/85040-1-7.jpg</BannerPath>
  <BannerType>season</BannerType>
  <BannerType2>season</BannerType2>
  <Language>en</Language>
  <Rating>4.0000</Rating>
  <RatingCount>3</RatingCount>
  <Season>1</Season>
</Banner>
<Banner>
  <id>319541</id>
  <BannerPath>graphical/85040-g6.jpg</BannerPath>
  <BannerType>series</BannerType>
  <BannerType2>graphical</BannerType2>
  <Language>en</Language>
  <Rating>8.1111</Rating>
  <RatingCount>9</RatingCount>
</Banner>
<Banner>
  <id>410421</id>
  <BannerPath>graphical/85040-g11.jpg</BannerPath>
  <BannerType>series</BannerType>
  <BannerType2>graphical</BannerType2>
  <Language>en</Language>
  <Rating>7.3333</Rating>
  <RatingCount>3</RatingCount>
</Banner>
<Banner>
  <id>71931</id>
  <BannerPath>graphical/85040-g4.jpg</BannerPath>
  <BannerType>series</BannerType>
  <BannerType2>graphical</BannerType2>
  <Language>en</Language>
  <Rating>7.2000</Rating>
  <RatingCount>5</RatingCount>
</Banner>
<Banner>
  <id>320191</id>
  <BannerPath>graphical/85040-g5.jpg</BannerPath>
  <BannerType>series</BannerType>
  <BannerType2>graphical</BannerType2>
  <Language>en</Language>
  <Rating>7.0000</Rating>
  <RatingCount>11</RatingCount>
</Banner>
<Banner>
  <id>323161</id>
  <BannerPath>graphical/85040-g8.jpg</BannerPath>
  <BannerType>series</BannerType>
  <BannerType2>graphical</BannerType2>
  <Language>en</Language>
  <Rating>6.7500</Rating>
  <RatingCount>4</RatingCount>
</Banner>
<Banner>
  <id>70141</id>
  <BannerPath>graphical/85040-g3.jpg</BannerPath>
  <BannerType>series</BannerType>
  <BannerType2>graphical</BannerType2>
  <Language>en</Language>
  <Rating>6.0000</Rating>
  <RatingCount>9</RatingCount>
</Banner>
<Banner>
  <id>70131</id>
  <BannerPath>graphical/85040-g2.jpg</BannerPath>
  <BannerType>series</BannerType>
  <BannerType2>graphical</BannerType2>
  <Language>en</Language>
  <Rating>4.6000</Rating>
  <RatingCount>5</RatingCount>
</Banner>
<Banner>
  <id>343931</id>
  <BannerPath>graphical/85040-g10.jpg</BannerPath>
  <BannerType>series</BannerType>
  <BannerType2>graphical</BannerType2>
  <Language>en</Language>
  <Rating>4.5000</Rating>
  <RatingCount>2</RatingCount>
</Banner>
<Banner>
  <id>323391</id>
  <BannerPath>graphical/85040-g9.jpg</BannerPath>
  <BannerType>series</BannerType>
  <BannerType2>graphical</BannerType2>
  <Language>en</Language>
  <Rating>4.0000</Rating>
  <RatingCount>2</RatingCount>
</Banner>
<Banner>
  <id>319551</id>
  <BannerPath>graphical/85040-g7.jpg</BannerPath>
  <BannerType>series</BannerType>
  <BannerType2>graphical</BannerType2>
  <Language>en</Language>
  <Rating>1.0000</Rating>
  <RatingCount>2</RatingCount>
</Banner>
</Banners>