<?xml version="1.0" encoding="UTF-8" ?>
<Data><Series>
  <id>85040</id>
  <Actors>|Eric Stoltz|Alessandra Torresani|Esai Morales|Paula Malcomson|Genevieve Buechner|Sasha Roiz|Magda Apanowicz|Sina Najafi|Avan Jogia|Polly Walker|James Marsters|</Actors>
  <Airs_DayOfWeek>Friday</Airs_DayOfWeek>
  <Airs_Time>10:00 PM</Airs_Time>
  <ContentRating>TV-14</ContentRating>
  <FirstAired>2010-01-22</FirstAired>
  <Genre>|Drama|Science-Fiction|</Genre>
  <IMDB_ID>tt0799862</IMDB_ID>
  <Language>en</Language>
  <Network>SciFi</Network>
  <NetworkID></NetworkID>
  <Overview>Set nearly 60 years before the events depicted in Battlestar Galactica, Caprica tells the story of how the Cylons came to be, set against the backdrop of the Greystones and the Adamas, two families that are changed in an act of tragedy that takes the lives of their daughters.</Overview>
  <Rating>8.1</Rating>
  <RatingCount>157</RatingCount>
  <Runtime>60</Runtime>
  <SeriesID></SeriesID>
  <SeriesName>Caprica</SeriesName>
  <Status>Ended</Status>
  <added>2009-02-09 21:53:16</added>
  <addedBy>7243</addedBy>
  <banner>graphical/85040-g6.jpg</banner>
  <fanart>fanart/original/85040-7.jpg</fanart>
  <lastupdated>1364914911</lastupdated>
  <poster>posters/85040-11.jpg</poster>
  <zap2it_id>SH01213751</zap2it_id>
</Series>
<Episode>
  <id>533751</id>
  <Combined_episodenumber>1</Combined_episodenumber>
  <Combined_season>1</Combined_season>
  <DVD_chapter></DVD_chapter>
  <DVD_discid></DVD_discid>
  <DVD_episodenumber></DVD_episodenumber>
  <DVD_season></DVD_season>
  <Director>Jeffrey Reiner</Director>
  <EpImgFlag>2</EpImgFlag>
  <EpisodeName>Pilot</EpisodeName>
  <EpisodeNumber>1</EpisodeNumber>
  <FirstAired>2009-04-21</FirstAired>
  <GuestStars></GuestStars>
  <IMDB_ID></IMDB_ID>
  <Language>en</Language>
  <Overview>58 years before Battlestar Galactica, an astonishing breakthrough is taking shape on the planet Caprica.
The creator of a failing urban combat robot project tries to bring a virtual copy of his dead daughter into the real world, using a stolen processor, his combat chassis and her code. He thus creates the Cybernetic Life form Node or CYLON.
The rapidly evolving spheres of human and mechanical engineering have collided, along with the fates of two families. Joined by tragedy in an explosive instant of terror, two rival clans led by powerful patriarchs, Joseph Adama (Esai Morales) and Daniel Greystone (Eric Stoltz) duel in an era of questionable ethics, corporate machinations and unbridled personal ambition as the final war for humanity looms.</Overview>
  <ProductionCode></ProductionCode>
  <Rating>7.8</Rating>
  <RatingCount>95</RatingCount>
  <SeasonNumber>1</SeasonNumber>
  <Writer>Remi Aubuchon|Ronald D. Moore</Writer>
  <absolute_number></absolute_number>
  <filename>episodes/85040/533751.jpg</filename>
  <lastupdated>1317737536</lastupdated>
  <seasonid>52071</seasonid>
  <seriesid>85040</seriesid>
</Episode>
<Episode>
  <id>1572941</id>
  <Combined_episodenumber>2</Combined_episodenumber>
  <Combined_season>1</Combined_season>
  <DVD_chapter></DVD_chapter>
  <DVD_discid></DVD_discid>
  <DVD_episodenumber></DVD_episodenumber>
  <DVD_season></DVD_season>
  <Director>Jonas Pate</Director>
  <EpImgFlag>2</EpImgFlag>
  <EpisodeName>Rebirth</EpisodeName>
  <EpisodeNumber>2</EpisodeNumber>
  <FirstAired>2010-01-29</FirstAired>
  <GuestStars>Scott Porter|Avan Jogia|Alex Arsenault</GuestStars>
  <IMDB_ID></IMDB_ID>
  <Language>en</Language>
  <Overview>Zoe's avatar tries to adapt to her new life inside a robot's body while the Graystones and the Adamas cope with their losses. Elsewhere, Lacy dines with Sister Clarice, and young Will Adama spends some quality time with his shady uncle.</Overview>
  <ProductionCode></ProductionCode>
  <Rating>7.4</Rating>
  <RatingCount>96</RatingCount>
  <SeasonNumber>1</SeasonNumber>
  <Writer>Mark Verheiden|Ronald D. Moore</Writer>
  <absolute_number></absolute_number>
  <filename>episodes/85040/1572941.jpg</filename>
  <lastupdated>1317737544</lastupdated>
  <seasonid>52071</seasonid>
  <seriesid>85040</seriesid>
</Episode>
<Episode>
  <id>1572951</id>
  <Combined_episodenumber>3</Combined_episodenumber>
  <Combined_season>1</Combined_season>
  <DVD_chapter></DVD_chapter>
  <DVD_discid></DVD_discid>
  <DVD_episodenumber></DVD_episodenumber>
  <DVD_season></DVD_season>
  <Director>Ronald D. Moore</Director>
  <EpImgFlag>2</EpImgFlag>
  <EpisodeName>The Reins of a Waterfall</EpisodeName>
  <EpisodeNumber>3</EpisodeNumber>
  <FirstAired>2010-02-05</FirstAired>
  <GuestStars>Patton Oswalt|Avan Jogia|Kendall Cross|Peter Wingfield|Luciana Carro</GuestStars>
  <IMDB_ID></IMDB_ID>
  <Language>en</Language>
  <Overview>Following Amanda's public revelation that their daughter was responsible for the MAGLEV tragedy, the Graystones must face the wrath of angry Capricans.</Overview>
  <ProductionCode></ProductionCode>
  <Rating>7.1</Rating>
  <RatingCount>96</RatingCount>
  <SeasonNumber>1</SeasonNumber>
  <Writer>Michael Angeli</Writer>
  <absolute_number></absolute_number>
  <filename>episodes/85040/1572951.jpg</filename>
  <lastupdated>1317737551</lastupdated>
  <seasonid>52071</seasonid>
  <seriesid>85040</seriesid>
</Episode>
<Episode>
  <id>1572961</id>
  <Combined_episodenumber>4</Combined_episodenumber>
  <Combined_season>1</Combined_season>
  <DVD_chapter></DVD_chapter>
  <DVD_discid></DVD_discid>
  <DVD_episodenumber></DVD_episodenumber>
  <DVD_season></DVD_season>
  <Director>Michael W. Watkins</Director>
  <EpImgFlag>2</EpImgFlag>
  <EpisodeName>Gravedancing</EpisodeName>
  <EpisodeNumber>4</EpisodeNumber>
  <FirstAired>2010-02-19</FirstAired>
  <GuestStars>Alex Arsenault|Luciana Carro|Patton Oswalt</GuestStars>
  <IMDB_ID></IMDB_ID>
  <Language>en</Language>
  <Overview>Daniel preps himself to go on the popular Backtalk with Baxter Sarno to put a good spin on his daughter's role in the bombing tragedy, despite protests from Amanda who is unaware that Sam is waiting for his moment to carry out his brother's requested hit.</Overview>
  <ProductionCode></ProductionCode>
  <Rating>7.3</Rating>
  <RatingCount>85</RatingCount>
  <SeasonNumber>1</SeasonNumber>
  <Writer>Michael Angeli|Jane Espenson</Writer>
  <absolute_number></absolute_number>
  <filename>episodes/85040/1572961.jpg</filename>
  <lastupdated>1317737559</lastupdated>
  <seasonid>52071</seasonid>
  <seriesid>85040</seriesid>
</Episode>
<Episode>
  <id>1572971</id>
  <Combined_episodenumber>5</Combined_episodenumber>
  <Combined_season>1</Combined_season>
  <DVD_chapter></DVD_chapter>
  <DVD_discid></DVD_discid>
  <DVD_episodenumber></DVD_episodenumber>
  <DVD_season></DVD_season>
  <Director>Michael Nankin</Director>
  <EpImgFlag>2</EpImgFlag>
  <EpisodeName>There is Another Sky</EpisodeName>
  <EpisodeNumber>5</EpisodeNumber>
  <FirstAired>2010-02-26</FirstAired>
  <GuestStars>Luciana Carro|Karen Elizabeth Austin|Camille Mitchell</GuestStars>
  <IMDB_ID></IMDB_ID>
  <Language>en</Language>
  <Overview>The avatar of Tamara Adama wanders V-World, unaware that she died nearly a month ago in the MagLev bombing and discovers a new side to V-World -- New Cap City, a place where people live random lives of violence and crime in search of the game’s elusive meaning.</Overview>
  <ProductionCode></ProductionCode>
  <Rating>7.7</Rating>
  <RatingCount>85</RatingCount>
  <SeasonNumber>1</SeasonNumber>
  <Writer>Kath Lingenfelter</Writer>
  <absolute_number></absolute_number>
  <filename>episodes/85040/1572971.jpg</filename>
  <lastupdated>1317737568</lastupdated>
  <seasonid>52071</seasonid>
  <seriesid>85040</seriesid>
</Episode>
<Episode>
  <id>1598221</id>
  <Combined_episodenumber>6</Combined_episodenumber>
  <Combined_season>1</Combined_season>
  <DVD_chapter></DVD_chapter>
  <DVD_discid></DVD_discid>
  <DVD_episodenumber></DVD_episodenumber>
  <DVD_season></DVD_season>
  <Director>Michael Nankin</Director>
  <EpImgFlag>2</EpImgFlag>
  <EpisodeName>Know Thy Enemy</EpisodeName>
  <EpisodeNumber>6</EpisodeNumber>
  <FirstAired>2010-03-05</FirstAired>
  <GuestStars>Scott Porter|Patton Oswalt|John Pyper-Ferguson|Alex Arsenault|James Marsters</GuestStars>
  <IMDB_ID></IMDB_ID>
  <Language>en</Language>
  <Overview>Tomas Vergis confronts Daniel over the theft of the meta-cognitive processor and the two workers who were murdered in the robbery. However, his means of revenge aren't quite what Daniel expects.
</Overview>
  <ProductionCode></ProductionCode>
  <Rating>7.4</Rating>
  <RatingCount>83</RatingCount>
  <SeasonNumber>1</SeasonNumber>
  <Writer>Patrick Massett|John Zinman|Matthew B. Roberts</Writer>
  <absolute_number></absolute_number>
  <filename>episodes/85040/1598221.jpg</filename>
  <lastupdated>1317737579</lastupdated>
  <seasonid>52071</seasonid>
  <seriesid>85040</seriesid>
</Episode>
<Episode>
  <id>1717281</id>
  <Combined_episodenumber>7</Combined_episodenumber>
  <Combined_season>1</Combined_season>
  <DVD_chapter></DVD_chapter>
  <DVD_discid></DVD_discid>
  <DVD_episodenumber></DVD_episodenumber>
  <DVD_season></DVD_season>
  <Director>Wayne Rose</Director>
  <EpImgFlag>2</EpImgFlag>
  <EpisodeName>The Imperfections of Memory</EpisodeName>
  <EpisodeNumber>7</EpisodeNumber>
  <FirstAired>2010-03-12</FirstAired>
  <GuestStars>Alex Arsenault|John Pyper-Ferguson|Richard Harmon</GuestStars>
  <IMDB_ID></IMDB_ID>
  <Language>en</Language>
  <Overview>Amanda’s life spirals out of control as she begins to see visions of her brother, who died years earlier. As a result, Clarice sees an opportunity to gain her trust and we learn a dark secret from Amanda’s past that could have major implications for her life with Daniel.</Overview>
  <ProductionCode></ProductionCode>
  <Rating>7.6</Rating>
  <RatingCount>91</RatingCount>
  <SeasonNumber>1</SeasonNumber>
  <Writer>Matthew B. Roberts</Writer>
  <absolute_number></absolute_number>
  <filename>episodes/85040/1717281.jpg</filename>
  <lastupdated>1317737588</lastupdated>
  <seasonid>52071</seasonid>
  <seriesid>85040</seriesid>
</Episode>
<Episode>
  <id>1717291</id>
  <Combined_episodenumber>8</Combined_episodenumber>
  <Combined_season>1</Combined_season>
  <DVD_chapter></DVD_chapter>
  <DVD_discid></DVD_discid>
  <DVD_episodenumber></DVD_episodenumber>
  <DVD_season></DVD_season>
  <Director>Wayne Rose</Director>
  <EpImgFlag>2</EpImgFlag>
  <EpisodeName>Ghost in the Machine</EpisodeName>
  <EpisodeNumber>8</EpisodeNumber>
  <FirstAired>2010-03-19</FirstAired>
  <GuestStars>Leah Gibson|Amos Stern|Ronald Selmour|Genevieve Buechner</GuestStars>
  <IMDB_ID></IMDB_ID>
  <Language>en</Language>
  <Overview>Daniel is beginning to suspect that Zoe-Avatar is in the robot, but his pleas for his daughter to reveal herself go ignored. In an effort to flush her out, he launches a campaign of psychological torture, resulting in escalating tests that force Zoe into a choice she cannot take back.</Overview>
  <ProductionCode></ProductionCode>
  <Rating>7.6</Rating>
  <RatingCount>80</RatingCount>
  <SeasonNumber>1</SeasonNumber>
  <Writer>Michael Taylor</Writer>
  <absolute_number></absolute_number>
  <filename>episodes/85040/1717291.jpg</filename>
  <lastupdated>1317737595</lastupdated>
  <seasonid>52071</seasonid>
  <seriesid>85040</seriesid>
</Episode>
<Episode>
  <id>1717301</id>
  <Combined_episodenumber>9</Combined_episodenumber>
  <Combined_season>1</Combined_season>
  <DVD_chapter></DVD_chapter>
  <DVD_discid></DVD_discid>
  <DVD_episodenumber></DVD_episodenumber>
  <DVD_season></DVD_season>
  <Director>Roxann Dawson</Director>
  <EpImgFlag>2</EpImgFlag>
  <EpisodeName>End of Line</EpisodeName>
  <EpisodeNumber>9</EpisodeNumber>
  <FirstAired>2010-03-26</FirstAired>
  <GuestStars>Alex Arsenault|James Marsters|Genevieve Buechner|Hiro Kanagawa|Juan Riedinger</GuestStars>
  <IMDB_ID></IMDB_ID>
  <Language>en</Language>
  <Overview>When Daniel finally sets a deadline for resetting the U-87 Cylon - and unknowingly ending Zoe-A’s existence as she knows it - she makes a desperate attempt to save herself. But when her plan backfires, she finds herself out of time and out of options.</Overview>
  <ProductionCode></ProductionCode>
  <Rating>7.7</Rating>
  <RatingCount>91</RatingCount>
  <SeasonNumber>1</SeasonNumber>
  <Writer>Michael Taylor</Writer>
  <absolute_number></absolute_number>
  <filename>episodes/85040/1717301.jpg</filename>
  <lastupdated>1317737602</lastupdated>
  <seasonid>52071</seasonid>
  <seriesid>85040</seriesid>
</Episode>
<Episode>
  <id>2600941</id>
  <Combined_episodenumber>10</Combined_episodenumber>
  <Combined_season>1</Combined_season>
  <DVD_chapter></DVD_chapter>
  <DVD_discid></DVD_discid>
  <DVD_episodenumber></DVD_episodenumber>
  <DVD_season></DVD_season>
  <Director>Eric Stoltz</Director>
  <EpImgFlag>2</EpImgFlag>
  <EpisodeName>Unvanquished</EpisodeName>
  <EpisodeNumber>10</EpisodeNumber>
  <FirstAired>2010-10-05</FirstAired>
  <GuestStars></GuestStars>
  <IMDB_ID></IMDB_ID>
  <Language>en</Language>
  <Overview>Having lost both his wife and company, Daniel approaches the Ha'la'tha with a deal to capitalise on virtual avatars as a means of defeating grief.</Overview>
  <ProductionCode></ProductionCode>
  <Rating>7.3</Rating>
  <RatingCount>89</RatingCount>
  <SeasonNumber>1</SeasonNumber>
  <Writer>Ryan Mottesheard</Writer>
  <absolute_number></absolute_number>
  <filename>episodes/85040/2600941.jpg</filename>
  <lastupdated>1317737615</lastupdated>
  <seasonid>52071</seasonid>
  <seriesid>85040</seriesid>
</Episode>
<Episode>
  <id>2600951</id>
  <Combined_episodenumber>11</Combined_episodenumber>
  <Combined_season>1</Combined_season>
  <DVD_chapter></DVD_chapter>
  <DVD_discid></DVD_discid>
  <DVD_episodenumber></DVD_episodenumber>
  <DVD_season></DVD_season>
  <Director>Jonas Pate</Director>
  <EpImgFlag>2</EpImgFlag>
  <EpisodeName>Retribution</EpisodeName>
  <EpisodeNumber>11</EpisodeNumber>
  <FirstAired>2010-10-12</FirstAired>
  <GuestStars>James Marsters</GuestStars>
  <IMDB_ID></IMDB_ID>
  <Language>en</Language>
  <Overview>Daniel's deal with the Ha'la'tha leads to some unpalatable choices.</Overview>
  <ProductionCode></ProductionCode>
  <Rating>7.2</Rating>
  <RatingCount>81</RatingCount>
  <SeasonNumber>1</SeasonNumber>
  <Writer>Patrick Massett|John Zinman</Writer>
  <absolute_number></absolute_number>
  <filename>episodes/85040/2600951.jpg</filename>
  <lastupdated>1317737622</lastupdated>
  <seasonid>52071</seasonid>
  <seriesid>85040</seriesid>
</Episode>
<Episode>
  <id>2600961</id>
  <Combined_episodenumber>12</Combined_episodenumber>
  <Combined_season>1</Combined_season>
  <DVD_chapter></DVD_chapter>
  <DVD_discid></DVD_discid>
  <DVD_episodenumber></DVD_episodenumber>
  <DVD_season></DVD_season>
  <Director>Tim Hunter</Director>
  <EpImgFlag>2</EpImgFlag>
  <EpisodeName>Things We Lock Away</EpisodeName>
  <EpisodeNumber>12</EpisodeNumber>
  <FirstAired>2010-10-19</FirstAired>
  <GuestStars></GuestStars>
  <IMDB_ID></IMDB_ID>
  <Language>en</Language>
  <Overview>Lines of loyalty have been drawn. Where do you stand?</Overview>
  <ProductionCode></ProductionCode>
  <Rating>7.5</Rating>
  <RatingCount>82</RatingCount>
  <SeasonNumber>1</SeasonNumber>
  <Writer>Drew Z. Greenberg</Writer>
  <absolute_number></absolute_number>
  <filename>episodes/85040/2600961.jpg</filename>
  <lastupdated>1317737628</lastupdated>
  <seasonid>52071</seasonid>
  <seriesid>85040</seriesid>
</Episode>
<Episode>
  <id>2600971</id>
  <Combined_episodenumber>13</Combined_episodenumber>
  <Combined_season>1</Combined_season>
  <DVD_chapter></DVD_chapter>
  <DVD_discid></DVD_discid>
  <DVD_episodenumber></DVD_episodenumber>
  <DVD_season></DVD_season>
  <Director>John Dahl</Director>
  <EpImgFlag>2</EpImgFlag>
  <EpisodeName>False Labor</EpisodeName>
  <EpisodeNumber>13</EpisodeNumber>
  <FirstAired>2010-10-26</FirstAired>
  <GuestStars></GuestStars>
  <IMDB_ID></IMDB_ID>
  <Language>en</Language>
  <Overview>Graystone Industries provides an opportunity to never lose a loved one thanks to breakthrough technology. Others are staring down the same path as the deceased when held at gunpoint, and even still others are doing the gun-holding against another life-force. What the frak will they do?</Overview>
  <ProductionCode></ProductionCode>
  <Rating>7.3</Rating>
  <RatingCount>83</RatingCount>
  <SeasonNumber>1</SeasonNumber>
  <Writer>Remi Aubuchon|Ronald D. Moore</Writer>
  <absolute_number></absolute_number>
  <filename>episodes/85040/2600971.jpg</filename>
  <lastupdated>1317737636</lastupdated>
  <seasonid>52071</seasonid>
  <seriesid>85040</seriesid>
</Episode>
<Episode>
  <id>2600981</id>
  <Combined_episodenumber>14</Combined_episodenumber>
  <Combined_season>1</Combined_season>
  <DVD_chapter></DVD_chapter>
  <DVD_discid></DVD_discid>
  <DVD_episodenumber></DVD_episodenumber>
  <DVD_season></DVD_season>
  <Director>Omar Madha</Director>
  <EpImgFlag>2</EpImgFlag>
  <EpisodeName>Blowback</EpisodeName>
  <EpisodeNumber>14</EpisodeNumber>
  <FirstAired>2011-01-04</FirstAired>
  <GuestStars></GuestStars>
  <IMDB_ID></IMDB_ID>
  <Language>en</Language>
  <Overview>Amanda tries to get more information from Clarice, but can't get close enough. In order to provide her with the equipment to do so, Duram would have to give her up as his CI, a dangerous confession given the possible leak within the department.</Overview>
  <ProductionCode></ProductionCode>
  <Rating>7.7</Rating>
  <RatingCount>70</RatingCount>
  <SeasonNumber>1</SeasonNumber>
  <Writer>Kevin Murphy</Writer>
  <absolute_number></absolute_number>
  <filename>episodes/85040/2600981.jpg</filename>
  <lastupdated>1317737642</lastupdated>
  <seasonid>52071</seasonid>
  <seriesid>85040</seriesid>
</Episode>
<Episode>
  <id>2600991</id>
  <Combined_episodenumber>15</Combined_episodenumber>
  <Combined_season>1</Combined_season>
  <DVD_chapter></DVD_chapter>
  <DVD_discid></DVD_discid>
  <DVD_episodenumber></DVD_episodenumber>
  <DVD_season></DVD_season>
  <Director>John Dahl</Director>
  <EpImgFlag>2</EpImgFlag>
  <EpisodeName>The Dirteaters</EpisodeName>
  <EpisodeNumber>15</EpisodeNumber>
  <FirstAired>2011-01-04</FirstAired>
  <GuestStars></GuestStars>
  <IMDB_ID></IMDB_ID>
  <Language>en</Language>
  <Overview>As the Adama brothers rise to new positions in the Ha'la'tha, they are haunted by the mission of their late parents and the different direction the Guatrau is taking them. Daniel hopes to use this with Sam by offering Cylons for Tauron, in exchange for refraining to carry out the ordered hit.</Overview>
  <ProductionCode></ProductionCode>
  <Rating>7.3</Rating>
  <RatingCount>65</RatingCount>
  <SeasonNumber>1</SeasonNumber>
  <Writer>Matthew B. Roberts</Writer>
  <absolute_number></absolute_number>
  <filename>episodes/85040/2600991.jpg</filename>
  <lastupdated>1317737650</lastupdated>
  <seasonid>52071</seasonid>
  <seriesid>85040</seriesid>
</Episode>
<Episode>
  <id>2601001</id>
  <Combined_episodenumber>16</Combined_episodenumber>
  <Combined_season>1</Combined_season>
  <DVD_chapter></DVD_chapter>
  <DVD_discid></DVD_discid>
  <DVD_episodenumber></DVD_episodenumber>
  <DVD_season></DVD_season>
  <Director>Michael Nankin</Director>
  <EpImgFlag>2</EpImgFlag>
  <EpisodeName>The Heavens Will Rise</EpisodeName>
  <EpisodeNumber>16</EpisodeNumber>
  <FirstAired>2011-01-04</FirstAired>
  <GuestStars></GuestStars>
  <IMDB_ID></IMDB_ID>
  <Language>en</Language>
  <Overview>As the &quot;Avenging Angels&quot; change code inside New Cap City, Daniel is able to track them down, but an early snafu in trying to reach out to Zoe leave the Graystones to enter the game only under its strict rules. With only one chance, Daniel asks help from Sam who has no interest in disturbing his brother's peace of mind.</Overview>
  <ProductionCode></ProductionCode>
  <Rating>7.5</Rating>
  <RatingCount>66</RatingCount>
  <SeasonNumber>1</SeasonNumber>
  <Writer>Patrick Massett|John Zinman</Writer>
  <absolute_number></absolute_number>
  <filename>episodes/85040/2601001.jpg</filename>
  <lastupdated>1317737657</lastupdated>
  <seasonid>52071</seasonid>
  <seriesid>85040</seriesid>
</Episode>
<Episode>
  <id>2601011</id>
  <Combined_episodenumber>17</Combined_episodenumber>
  <Combined_season>1</Combined_season>
  <DVD_chapter></DVD_chapter>
  <DVD_discid></DVD_discid>
  <DVD_episodenumber></DVD_episodenumber>
  <DVD_season></DVD_season>
  <Director>Michael Nankin</Director>
  <EpImgFlag>2</EpImgFlag>
  <EpisodeName>Here Be Dragons</EpisodeName>
  <EpisodeNumber>17</EpisodeNumber>
  <FirstAired>2011-01-04</FirstAired>
  <GuestStars></GuestStars>
  <IMDB_ID></IMDB_ID>
  <Language>en</Language>
  <Overview>    The Graystones' search for Zoe leave them oblivious to the danger of Clarice and her two husbands invading their home. At the same time, the Adamas are targeted by the Ha'la'tha. One family will finally begin the move forward, while the other will experience yet another tragedy.</Overview>
  <ProductionCode></ProductionCode>
  <Rating>7.8</Rating>
  <RatingCount>61</RatingCount>
  <SeasonNumber>1</SeasonNumber>
  <Writer>Michael Taylor</Writer>
  <absolute_number></absolute_number>
  <filename>episodes/85040/2601011.jpg</filename>
  <lastupdated>1317737663</lastupdated>
  <seasonid>52071</seasonid>
  <seriesid>85040</seriesid>
</Episode>
<Episode>
  <id>2601021</id>
  <Combined_episodenumber>18</Combined_episodenumber>
  <Combined_season>1</Combined_season>
  <DVD_chapter></DVD_chapter>
  <DVD_discid></DVD_discid>
  <DVD_episodenumber></DVD_episodenumber>
  <DVD_season></DVD_season>
  <Director>Jonas Pate</Director>
  <EpImgFlag>2</EpImgFlag>
  <EpisodeName>Apotheosis</EpisodeName>
  <EpisodeNumber>18</EpisodeNumber>
  <FirstAired>2011-01-04</FirstAired>
  <GuestStars></GuestStars>
  <IMDB_ID></IMDB_ID>
  <Language>en</Language>
  <Overview>Clarice and Olaf move forward with the plan to blow up Atlas Arena when they learn of their powerful ally in the GDD. Singh covers their tracks by framing the Graystones as terrorists, forcing them to go on the run.

The grieving Adamas confront the Guatrau for his string of recent decisions in the hopes of avoiding further violence.</Overview>
  <ProductionCode></ProductionCode>
  <Rating>8.4</Rating>
  <RatingCount>61</RatingCount>
  <SeasonNumber>1</SeasonNumber>
  <Writer>Jane Espenson|Kevin Murphy</Writer>
  <absolute_number></absolute_number>
  <filename>episodes/85040/2601021.jpg</filename>
  <lastupdated>1317737671</lastupdated>
  <seasonid>52071</seasonid>
  <seriesid>85040</seriesid>
</Episode>
</Data>