<?xml version="1.0" encoding="UTF-8" ?>
<Actors>
<Actor>
  <id>100991</id>
  <Image>actors/100991.jpg</Image>
  <Name>Thomas Jane</Name>
  <Role>Ray Drecker</Role>
  <SortOrder>0</SortOrder>
</Actor>
<Actor>
  <id>101001</id>
  <Image>actors/101001.jpg</Image>
  <Name>Jane Adams</Name>
  <Role>Tanya Skagle</Role>
  <SortOrder>1</SortOrder>
</Actor>
<Actor>
  <id>101011</id>
  <Image>actors/101011.jpg</Image>
  <Name>Anne Heche</Name>
  <Role>Jessica Haxon</Role>
  <SortOrder>2</SortOrder>
</Actor>
<Actor>
  <id>303505</id>
  <Image>actors/303505.jpg</Image>
  <Name>Stephen Amell</Name>
  <Role>Jason</Role>
  <SortOrder>3</SortOrder>
</Actor>
<Actor>
  <id>203091</id>
  <Image>actors/203091.jpg</Image>
  <Name>Rebecca Creskoff</Name>
  <Role>Lenore Bernard</Role>
  <SortOrder>3</SortOrder>
</Actor>
<Actor>
  <id>146441</id>
  <Image>actors/146441.jpg</Image>
  <Name>Sianoa Smit-McPhee</Name>
  <Role>Darby Drecker</Role>
  <SortOrder>3</SortOrder>
</Actor>
<Actor>
  <id>146431</id>
  <Image>actors/146431.jpg</Image>
  <Name>Charlie Saxton</Name>
  <Role>Damon Drecker</Role>
  <SortOrder>3</SortOrder>
</Actor>
</Actors>