<?xml version="1.0" encoding="UTF-8" ?>
<Data><Series>
  <id>82091</id>
  <Actors>|Thomas Jane|Jane Adams|Anne Heche|Stephen Amell|Rebecca Creskoff|Sianoa Smit-McPhee|Charlie Saxton|</Actors>
  <Airs_DayOfWeek>Sunday</Airs_DayOfWeek>
  <Airs_Time>10:00 PM</Airs_Time>
  <ContentRating>TV-MA</ContentRating>
  <FirstAired>2009-06-28</FirstAired>
  <Genre>|Comedy|</Genre>
  <IMDB_ID>tt1229413</IMDB_ID>
  <Language>en</Language>
  <Network>HBO</Network>
  <NetworkID></NetworkID>
  <Overview>&quot;It's hard to make an indecent living.&quot; Thomas Jane heads up the cast in this comedy as Ray Drecker, a middle-aged basketball coach and high school History teacher who figures out how to put his exceptional physical endowments to use and change his fortunes. Forced to find an alternative… More source of income after a series of unfavorable events, Ray takes on a whole new profession aided by his pimp and business partner, Tanya Skagle. Joining Jane and Adams are Men in Trees' Anne Heche who plays Ray's ex-wife, Jessica and Eddie Jemison as Jessica's new husband, Dr. Ronnie Haxon. Rounding up the series cast are Charlie Saxton and Sianoa Smit-McPhee who play Jessica and Ray's twin children, Damon and Darby. Created by Colette Burson and Dmitry Lipkin, the series is filmed both in areas of Detroit, Michigan and Los Angeles, California.</Overview>
  <Rating>7.7</Rating>
  <RatingCount>55</RatingCount>
  <Runtime>30</Runtime>
  <SeriesID>75623</SeriesID>
  <SeriesName>Hung</SeriesName>
  <Status>Ended</Status>
  <added></added>
  <addedBy></addedBy>
  <banner>graphical/82091-g5.jpg</banner>
  <fanart>fanart/original/82091-10.jpg</fanart>
  <lastupdated>1364430505</lastupdated>
  <poster>posters/82091-8.jpg</poster>
  <zap2it_id>EP01152404</zap2it_id>
</Series>
<Episode>
  <id>2409221</id>
  <Combined_episodenumber>1</Combined_episodenumber>
  <Combined_season>0</Combined_season>
  <DVD_chapter></DVD_chapter>
  <DVD_discid></DVD_discid>
  <DVD_episodenumber></DVD_episodenumber>
  <DVD_season></DVD_season>
  <Director></Director>
  <EpImgFlag></EpImgFlag>
  <EpisodeName>About Hung</EpisodeName>
  <EpisodeNumber>1</EpisodeNumber>
  <FirstAired></FirstAired>
  <GuestStars></GuestStars>
  <IMDB_ID></IMDB_ID>
  <Language>en</Language>
  <Overview></Overview>
  <ProductionCode></ProductionCode>
  <Rating></Rating>
  <RatingCount>0</RatingCount>
  <SeasonNumber>0</SeasonNumber>
  <Writer></Writer>
  <absolute_number></absolute_number>
  <airsafter_season></airsafter_season>
  <airsbefore_episode></airsbefore_episode>
  <airsbefore_season></airsbefore_season>
  <filename></filename>
  <lastupdated>1277714219</lastupdated>
  <seasonid>32662</seasonid>
  <seriesid>82091</seriesid>
</Episode>
<Episode>
  <id>2409231</id>
  <Combined_episodenumber>2</Combined_episodenumber>
  <Combined_season>0</Combined_season>
  <DVD_chapter></DVD_chapter>
  <DVD_discid></DVD_discid>
  <DVD_episodenumber></DVD_episodenumber>
  <DVD_season></DVD_season>
  <Director></Director>
  <EpImgFlag></EpImgFlag>
  <EpisodeName>The Women of Hung</EpisodeName>
  <EpisodeNumber>2</EpisodeNumber>
  <FirstAired></FirstAired>
  <GuestStars></GuestStars>
  <IMDB_ID></IMDB_ID>
  <Language>en</Language>
  <Overview></Overview>
  <ProductionCode></ProductionCode>
  <Rating></Rating>
  <RatingCount>0</RatingCount>
  <SeasonNumber>0</SeasonNumber>
  <Writer></Writer>
  <absolute_number></absolute_number>
  <airsafter_season></airsafter_season>
  <airsbefore_episode></airsbefore_episode>
  <airsbefore_season></airsbefore_season>
  <filename></filename>
  <lastupdated>1277714228</lastupdated>
  <seasonid>32662</seasonid>
  <seriesid>82091</seriesid>
</Episode>
<Episode>
  <id>2409241</id>
  <Combined_episodenumber>3</Combined_episodenumber>
  <Combined_season>0</Combined_season>
  <DVD_chapter></DVD_chapter>
  <DVD_discid></DVD_discid>
  <DVD_episodenumber></DVD_episodenumber>
  <DVD_season></DVD_season>
  <Director></Director>
  <EpImgFlag></EpImgFlag>
  <EpisodeName>Ray's Personal Ad</EpisodeName>
  <EpisodeNumber>3</EpisodeNumber>
  <FirstAired></FirstAired>
  <GuestStars></GuestStars>
  <IMDB_ID></IMDB_ID>
  <Language>en</Language>
  <Overview></Overview>
  <ProductionCode></ProductionCode>
  <Rating>8.0</Rating>
  <RatingCount>1</RatingCount>
  <SeasonNumber>0</SeasonNumber>
  <Writer></Writer>
  <absolute_number></absolute_number>
  <airsafter_season></airsafter_season>
  <airsbefore_episode></airsbefore_episode>
  <airsbefore_season></airsbefore_season>
  <filename></filename>
  <lastupdated>1282425537</lastupdated>
  <seasonid>32662</seasonid>
  <seriesid>82091</seriesid>
</Episode>
<Episode>
  <id>2671701</id>
  <Combined_episodenumber>4</Combined_episodenumber>
  <Combined_season>0</Combined_season>
  <DVD_chapter></DVD_chapter>
  <DVD_discid></DVD_discid>
  <DVD_episodenumber></DVD_episodenumber>
  <DVD_season></DVD_season>
  <Director></Director>
  <EpImgFlag></EpImgFlag>
  <EpisodeName>Tanya's Personal Ad</EpisodeName>
  <EpisodeNumber>4</EpisodeNumber>
  <FirstAired></FirstAired>
  <GuestStars></GuestStars>
  <IMDB_ID></IMDB_ID>
  <Language>en</Language>
  <Overview></Overview>
  <ProductionCode></ProductionCode>
  <Rating></Rating>
  <RatingCount>0</RatingCount>
  <SeasonNumber>0</SeasonNumber>
  <Writer></Writer>
  <absolute_number></absolute_number>
  <airsafter_season></airsafter_season>
  <airsbefore_episode></airsbefore_episode>
  <airsbefore_season></airsbefore_season>
  <filename></filename>
  <lastupdated>1282425555</lastupdated>
  <seasonid>32662</seasonid>
  <seriesid>82091</seriesid>
</Episode>
<Episode>
  <id>4194102</id>
  <Combined_episodenumber>5</Combined_episodenumber>
  <Combined_season>0</Combined_season>
  <DVD_chapter></DVD_chapter>
  <DVD_discid></DVD_discid>
  <DVD_episodenumber></DVD_episodenumber>
  <DVD_season></DVD_season>
  <Director></Director>
  <EpImgFlag></EpImgFlag>
  <EpisodeName>Inside The Series: Season Two</EpisodeName>
  <EpisodeNumber>5</EpisodeNumber>
  <FirstAired></FirstAired>
  <GuestStars></GuestStars>
  <IMDB_ID></IMDB_ID>
  <Language>en</Language>
  <Overview></Overview>
  <ProductionCode></ProductionCode>
  <Rating></Rating>
  <RatingCount>0</RatingCount>
  <SeasonNumber>0</SeasonNumber>
  <Writer></Writer>
  <absolute_number></absolute_number>
  <airsafter_season></airsafter_season>
  <airsbefore_episode></airsbefore_episode>
  <airsbefore_season></airsbefore_season>
  <filename></filename>
  <lastupdated>1319594750</lastupdated>
  <seasonid>32662</seasonid>
  <seriesid>82091</seriesid>
</Episode>
<Episode>
  <id>673821</id>
  <Combined_episodenumber>1.0</Combined_episodenumber>
  <Combined_season>1</Combined_season>
  <DVD_chapter></DVD_chapter>
  <DVD_discid></DVD_discid>
  <DVD_episodenumber>1.0</DVD_episodenumber>
  <DVD_season>1</DVD_season>
  <Director>Alexander Payne</Director>
  <EpImgFlag>2</EpImgFlag>
  <EpisodeName>Pilot</EpisodeName>
  <EpisodeNumber>1</EpisodeNumber>
  <FirstAired>2009-06-28</FirstAired>
  <GuestStars></GuestStars>
  <IMDB_ID></IMDB_ID>
  <Language>en</Language>
  <Overview>Ray Drecker is a struggling high school coach in Detroit who is descending to all-time lows in his professional and personal life. He attends a self-help group in a desperate attempt to find a plan for financial success. Tanya, an old flame, is also attending the self-help group and she gives Ray inspiration in an unexpected way.</Overview>
  <ProductionCode></ProductionCode>
  <Rating>7.0</Rating>
  <RatingCount>63</RatingCount>
  <SeasonNumber>1</SeasonNumber>
  <Writer>|Colette Burson|Dmitry Lipkin|</Writer>
  <absolute_number>1</absolute_number>
  <filename>episodes/82091/673821.jpg</filename>
  <lastupdated>1289052539</lastupdated>
  <seasonid>69141</seasonid>
  <seriesid>82091</seriesid>
</Episode>
<Episode>
  <id>864011</id>
  <Combined_episodenumber>2.0</Combined_episodenumber>
  <Combined_season>1</Combined_season>
  <DVD_chapter></DVD_chapter>
  <DVD_discid></DVD_discid>
  <DVD_episodenumber>2.0</DVD_episodenumber>
  <DVD_season>1</DVD_season>
  <Director>Craig Zisk</Director>
  <EpImgFlag>2</EpImgFlag>
  <EpisodeName>Great Sausage or Can I Call You Dick?</EpisodeName>
  <EpisodeNumber>2</EpisodeNumber>
  <FirstAired>2009-07-12</FirstAired>
  <GuestStars></GuestStars>
  <IMDB_ID></IMDB_ID>
  <Language>en</Language>
  <Overview>Tanya enlists the help of a former colleague Lenore, who is now a professional shopper, so Ray can offer his services to her clientele of rich older women.  </Overview>
  <ProductionCode></ProductionCode>
  <Rating>7.2</Rating>
  <RatingCount>55</RatingCount>
  <SeasonNumber>1</SeasonNumber>
  <Writer>|Colette Burson|Dmitry Lipkin|</Writer>
  <absolute_number>2</absolute_number>
  <filename>episodes/82091/864011.jpg</filename>
  <lastupdated>1277321484</lastupdated>
  <seasonid>69141</seasonid>
  <seriesid>82091</seriesid>
</Episode>
<Episode>
  <id>864021</id>
  <Combined_episodenumber>3.0</Combined_episodenumber>
  <Combined_season>1</Combined_season>
  <DVD_chapter></DVD_chapter>
  <DVD_discid></DVD_discid>
  <DVD_episodenumber>3.0</DVD_episodenumber>
  <DVD_season>1</DVD_season>
  <Director>Scott Ellis</Director>
  <EpImgFlag>2</EpImgFlag>
  <EpisodeName>Strange Friends or The Truth Is, You're Sexy</EpisodeName>
  <EpisodeNumber>3</EpisodeNumber>
  <FirstAired>2009-07-19</FirstAired>
  <GuestStars></GuestStars>
  <IMDB_ID></IMDB_ID>
  <Language>en</Language>
  <Overview>Ray's life continues to frustrate: His neighbor Koontz is on his case for urinating in the lake; he and Jessica continue to argue over the best way to parent the twins; and it turns out Lenore has disappeared, along with his wallet.</Overview>
  <ProductionCode></ProductionCode>
  <Rating>7.2</Rating>
  <RatingCount>53</RatingCount>
  <SeasonNumber>1</SeasonNumber>
  <Writer>|Colette Burson|Dmitry Lipkin|</Writer>
  <absolute_number>3</absolute_number>
  <filename>episodes/82091/864021.jpg</filename>
  <lastupdated>1343378657</lastupdated>
  <seasonid>69141</seasonid>
  <seriesid>82091</seriesid>
</Episode>
<Episode>
  <id>864031</id>
  <Combined_episodenumber>4.0</Combined_episodenumber>
  <Combined_season>1</Combined_season>
  <DVD_chapter></DVD_chapter>
  <DVD_discid></DVD_discid>
  <DVD_episodenumber>4.0</DVD_episodenumber>
  <DVD_season>1</DVD_season>
  <Director>David Petrarca</Director>
  <EpImgFlag>2</EpImgFlag>
  <EpisodeName>The Pickle Jar</EpisodeName>
  <EpisodeNumber>4</EpisodeNumber>
  <FirstAired>2009-07-26</FirstAired>
  <GuestStars></GuestStars>
  <IMDB_ID></IMDB_ID>
  <Language>en</Language>
  <Overview>The students of Lakefield vote for Coach Drecker as their recipient for the fundraiser but Ray finds it embarrassing. Tanya has other ideas to boost Ray's career as a gigolo.</Overview>
  <ProductionCode></ProductionCode>
  <Rating>7.1</Rating>
  <RatingCount>50</RatingCount>
  <SeasonNumber>1</SeasonNumber>
  <Writer>|Colette Burson|Dmitry Lipkin|</Writer>
  <absolute_number>4</absolute_number>
  <filename>episodes/82091/864031.jpg</filename>
  <lastupdated>1343378687</lastupdated>
  <seasonid>69141</seasonid>
  <seriesid>82091</seriesid>
</Episode>
<Episode>
  <id>864041</id>
  <Combined_episodenumber>5.0</Combined_episodenumber>
  <Combined_season>1</Combined_season>
  <DVD_chapter></DVD_chapter>
  <DVD_discid></DVD_discid>
  <DVD_episodenumber>5.0</DVD_episodenumber>
  <DVD_season>1</DVD_season>
  <Director>Bronwen Hughes</Director>
  <EpImgFlag>2</EpImgFlag>
  <EpisodeName>Do it, Monkey!</EpisodeName>
  <EpisodeNumber>5</EpisodeNumber>
  <FirstAired>2009-08-02</FirstAired>
  <GuestStars></GuestStars>
  <IMDB_ID></IMDB_ID>
  <Language>en</Language>
  <Overview>A client who is unhappy wants to revisit a role-playing fantasy; Ray promises a car for Damon and Darby, to capitalize on Jessica's frugality. Reluctantly, Tanya agrees to go on a date with Floyd.</Overview>
  <ProductionCode></ProductionCode>
  <Rating>7.1</Rating>
  <RatingCount>56</RatingCount>
  <SeasonNumber>1</SeasonNumber>
  <Writer>|Colette Burson|Dmitry Lipkin|</Writer>
  <absolute_number>5</absolute_number>
  <filename>episodes/82091/864041.jpg</filename>
  <lastupdated>1343378713</lastupdated>
  <seasonid>69141</seasonid>
  <seriesid>82091</seriesid>
</Episode>
<Episode>
  <id>864051</id>
  <Combined_episodenumber>6.0</Combined_episodenumber>
  <Combined_season>1</Combined_season>
  <DVD_chapter></DVD_chapter>
  <DVD_discid></DVD_discid>
  <DVD_episodenumber>6.0</DVD_episodenumber>
  <DVD_season>1</DVD_season>
  <Director>Matt Shakman</Director>
  <EpImgFlag>2</EpImgFlag>
  <EpisodeName>Doris Is Dead or Are We Rich or Are We Poor?</EpisodeName>
  <EpisodeNumber>6</EpisodeNumber>
  <FirstAired>2009-08-09</FirstAired>
  <GuestStars></GuestStars>
  <IMDB_ID></IMDB_ID>
  <Language>en</Language>
  <Overview>Tanya objects to the break in protocol after Jemma bypasses her to set up &quot;dates&quot; directly with Ray. Jessica confronts Ronnie about their finances, but he refuses to give her a straight answer. After Jemma prods Ray to open up about himself, he gives his basketball team an inspiring pep talk.</Overview>
  <ProductionCode></ProductionCode>
  <Rating>7.1</Rating>
  <RatingCount>54</RatingCount>
  <SeasonNumber>1</SeasonNumber>
  <Writer>|Colette Burson|Dmitry Lipkin|Ellie Herman|</Writer>
  <absolute_number>6</absolute_number>
  <filename>episodes/82091/864051.jpg</filename>
  <lastupdated>1277321550</lastupdated>
  <seasonid>69141</seasonid>
  <seriesid>82091</seriesid>
</Episode>
<Episode>
  <id>945591</id>
  <Combined_episodenumber>7.0</Combined_episodenumber>
  <Combined_season>1</Combined_season>
  <DVD_chapter></DVD_chapter>
  <DVD_discid></DVD_discid>
  <DVD_episodenumber>7.0</DVD_episodenumber>
  <DVD_season>1</DVD_season>
  <Director>Jim McKay</Director>
  <EpImgFlag>2</EpImgFlag>
  <EpisodeName>The Rita Flower or The Indelible Stench</EpisodeName>
  <EpisodeNumber>7</EpisodeNumber>
  <FirstAired>2009-08-16</FirstAired>
  <GuestStars></GuestStars>
  <IMDB_ID></IMDB_ID>
  <Language>en</Language>
  <Overview>Ray starts to fall for Jemma, which clouds their professional relationship. Tanya receives unexpected help for her writer's block. Jessica invites Ray to a family dinner.  </Overview>
  <ProductionCode></ProductionCode>
  <Rating>7.0</Rating>
  <RatingCount>54</RatingCount>
  <SeasonNumber>1</SeasonNumber>
  <Writer>Emily Kapnek</Writer>
  <absolute_number>7</absolute_number>
  <filename>episodes/82091/945591.jpg</filename>
  <lastupdated>1277321563</lastupdated>
  <seasonid>69141</seasonid>
  <seriesid>82091</seriesid>
</Episode>
<Episode>
  <id>960791</id>
  <Combined_episodenumber>8.0</Combined_episodenumber>
  <Combined_season>1</Combined_season>
  <DVD_chapter></DVD_chapter>
  <DVD_discid></DVD_discid>
  <DVD_episodenumber>8.0</DVD_episodenumber>
  <DVD_season>1</DVD_season>
  <Director>Bronwen Hughes</Director>
  <EpImgFlag>2</EpImgFlag>
  <EpisodeName>Thith Ith a Prothetic or You Cum Just Right</EpisodeName>
  <EpisodeNumber>8</EpisodeNumber>
  <FirstAired>2009-08-23</FirstAired>
  <GuestStars></GuestStars>
  <IMDB_ID></IMDB_ID>
  <Language>en</Language>
  <Overview>After standing him up, Jemma tells Ray they should take a break, and Ray seeks out Tanya for advice on women. Ray finds himself in an uncomfortable situation at Jessica and Ronnie's family barbeque.</Overview>
  <ProductionCode></ProductionCode>
  <Rating>7.2</Rating>
  <RatingCount>53</RatingCount>
  <SeasonNumber>1</SeasonNumber>
  <Writer>Brett C. Leonard</Writer>
  <absolute_number>8</absolute_number>
  <filename>episodes/82091/960791.jpg</filename>
  <lastupdated>1277321582</lastupdated>
  <seasonid>69141</seasonid>
  <seriesid>82091</seriesid>
</Episode>
<Episode>
  <id>960801</id>
  <Combined_episodenumber>9.0</Combined_episodenumber>
  <Combined_season>1</Combined_season>
  <DVD_chapter></DVD_chapter>
  <DVD_discid></DVD_discid>
  <DVD_episodenumber>9.0</DVD_episodenumber>
  <DVD_season>1</DVD_season>
  <Director>Seith Mann</Director>
  <EpImgFlag>2</EpImgFlag>
  <EpisodeName>This Is America or Fifty Bucks</EpisodeName>
  <EpisodeNumber>9</EpisodeNumber>
  <FirstAired>2009-08-30</FirstAired>
  <GuestStars></GuestStars>
  <IMDB_ID></IMDB_ID>
  <Language>en</Language>
  <Overview>Tanya pitches Happiness Consultants to other women in her office, with mixed results. Damon goes to detention to hang out with his androgynous friend, leaving Ray baffled. Lenore gives Ray some lessons in branding and, after a chance encounter at a department store, offers Jessica some lifestyle advice.</Overview>
  <ProductionCode></ProductionCode>
  <Rating>7.0</Rating>
  <RatingCount>52</RatingCount>
  <SeasonNumber>1</SeasonNumber>
  <Writer>Angela Robinson</Writer>
  <absolute_number>9</absolute_number>
  <filename>episodes/82091/960801.jpg</filename>
  <lastupdated>1297779242</lastupdated>
  <seasonid>69141</seasonid>
  <seriesid>82091</seriesid>
</Episode>
<Episode>
  <id>960811</id>
  <Combined_episodenumber>10.0</Combined_episodenumber>
  <Combined_season>1</Combined_season>
  <DVD_chapter></DVD_chapter>
  <DVD_discid></DVD_discid>
  <DVD_episodenumber>10.0</DVD_episodenumber>
  <DVD_season>1</DVD_season>
  <Director>Daniel Attias</Director>
  <EpImgFlag>2</EpImgFlag>
  <EpisodeName>A Dick and a Dream or Fight the Honey</EpisodeName>
  <EpisodeNumber>10</EpisodeNumber>
  <FirstAired>2009-09-13</FirstAired>
  <GuestStars></GuestStars>
  <IMDB_ID></IMDB_ID>
  <Language>en</Language>
  <Overview>Tanya worries that Lenore may stage a coup for control of Ray, who is unnerved by rumors of layoffs at his school. </Overview>
  <ProductionCode></ProductionCode>
  <Rating>7.1</Rating>
  <RatingCount>48</RatingCount>
  <SeasonNumber>1</SeasonNumber>
  <Writer>|Colette Burson|Dmitry Lipkin|Emily Kapnek|Brett C. Leonard|</Writer>
  <absolute_number>10</absolute_number>
  <filename>episodes/82091/960811.jpg</filename>
  <lastupdated>1297779275</lastupdated>
  <seasonid>69141</seasonid>
  <seriesid>82091</seriesid>
</Episode>
<Episode>
  <id>2119271</id>
  <Combined_episodenumber>1</Combined_episodenumber>
  <Combined_season>2</Combined_season>
  <DVD_chapter></DVD_chapter>
  <DVD_discid></DVD_discid>
  <DVD_episodenumber></DVD_episodenumber>
  <DVD_season></DVD_season>
  <Director>Dan Attias</Director>
  <EpImgFlag>2</EpImgFlag>
  <EpisodeName>Just the Tip</EpisodeName>
  <EpisodeNumber>1</EpisodeNumber>
  <FirstAired>2010-06-27</FirstAired>
  <GuestStars></GuestStars>
  <IMDB_ID></IMDB_ID>
  <Language>en</Language>
  <Overview>Ray, Tanya and Lenore's new partnership starts inauspiciously when Ray &quot;holds back&quot; during a tryst with a pregnant client.</Overview>
  <ProductionCode></ProductionCode>
  <Rating>7.2</Rating>
  <RatingCount>68</RatingCount>
  <SeasonNumber>2</SeasonNumber>
  <Writer>|Colette Burson|Dmitry Lipkin|</Writer>
  <absolute_number>11</absolute_number>
  <filename>episodes/82091/2119271.jpg</filename>
  <lastupdated>1342714180</lastupdated>
  <seasonid>235861</seasonid>
  <seriesid>82091</seriesid>
</Episode>
<Episode>
  <id>2422481</id>
  <Combined_episodenumber>2</Combined_episodenumber>
  <Combined_season>2</Combined_season>
  <DVD_chapter></DVD_chapter>
  <DVD_discid></DVD_discid>
  <DVD_episodenumber></DVD_episodenumber>
  <DVD_season></DVD_season>
  <Director>David Petrarca</Director>
  <EpImgFlag>2</EpImgFlag>
  <EpisodeName>'Tucson Is the Gateway to Dick' or 'This Is Not Sexy'</EpisodeName>
  <EpisodeNumber>2</EpisodeNumber>
  <FirstAired>2010-07-11</FirstAired>
  <GuestStars></GuestStars>
  <IMDB_ID></IMDB_ID>
  <Language>en</Language>
  <Overview>Ray irritates Lenore and risks losing a client by giving Claire marriage advice. Tanya tries to prove she can land a big fish for Ray after being humiliated by Lenore during a meeting with a 60-year-old widow. Ray uses his sex earnings to pay for the school baseball team’s transportation to away games, raising Mike’s suspicions. Jessica embarrasses Darby by crashing an eat-in protest outside a fitness gym. At the end of a long day, Ray reconsiders accepting a gift delivered by his neighbor’s wife, Yael.</Overview>
  <ProductionCode></ProductionCode>
  <Rating>7.4</Rating>
  <RatingCount>59</RatingCount>
  <SeasonNumber>2</SeasonNumber>
  <Writer>|Dmitry Lipkin|Colette Burson|Julia Brownell|</Writer>
  <absolute_number>12</absolute_number>
  <filename>episodes/82091/2422481.jpg</filename>
  <lastupdated>1342714255</lastupdated>
  <seasonid>235861</seasonid>
  <seriesid>82091</seriesid>
</Episode>
<Episode>
  <id>2422611</id>
  <Combined_episodenumber>3</Combined_episodenumber>
  <Combined_season>2</Combined_season>
  <DVD_chapter></DVD_chapter>
  <DVD_discid></DVD_discid>
  <DVD_episodenumber></DVD_episodenumber>
  <DVD_season></DVD_season>
  <Director>Jennifer Getzinger</Director>
  <EpImgFlag>2</EpImgFlag>
  <EpisodeName>'Mind Bullets' or 'Bang Bang Bang Bang Motherfucker'</EpisodeName>
  <EpisodeNumber>3</EpisodeNumber>
  <FirstAired>2010-07-18</FirstAired>
  <GuestStars></GuestStars>
  <IMDB_ID></IMDB_ID>
  <Language>en</Language>
  <Overview>Spurred by criticism from Damon and Darby, Ray tries to prove he's not an insensitive ex-jock. Seething from the demands of her new boss at work, Tanya turns to Charlie for advice on how to deal with an even more irritable problem: Lenore. Meanwhile, Jessica feels the pinch of the economic downturn, but can't stomach Ronnie's remedy.</Overview>
  <ProductionCode></ProductionCode>
  <Rating>7.3</Rating>
  <RatingCount>59</RatingCount>
  <SeasonNumber>2</SeasonNumber>
  <Writer>|Colette Burson|Dmitry Lipkin|</Writer>
  <absolute_number>13</absolute_number>
  <filename>episodes/82091/2422611.jpg</filename>
  <lastupdated>1342714307</lastupdated>
  <seasonid>235861</seasonid>
  <seriesid>82091</seriesid>
</Episode>
<Episode>
  <id>2422621</id>
  <Combined_episodenumber>4</Combined_episodenumber>
  <Combined_season>2</Combined_season>
  <DVD_chapter></DVD_chapter>
  <DVD_discid></DVD_discid>
  <DVD_episodenumber></DVD_episodenumber>
  <DVD_season></DVD_season>
  <Director>Uta Briesewitz</Director>
  <EpImgFlag>2</EpImgFlag>
  <EpisodeName>'Sing It Again Ray' or 'Home Plate'</EpisodeName>
  <EpisodeNumber>4</EpisodeNumber>
  <FirstAired>2010-07-25</FirstAired>
  <GuestStars></GuestStars>
  <IMDB_ID></IMDB_ID>
  <Language>en</Language>
  <Overview>Ray gives Lenore an ultimatum, and probes Tanya about the possibility of cutting ties with her fellow pimp. Disturbed that Damon has defiled the school baseball diamond, Ray considers Tanya's suggestion that his son find a new hobby to shake him out of his recent doldrums. Ignoring Ray's warning, Lenore offers Jessica advice in dealing with Ronnie. On his way to meet a new client, Ray has to think on his feet when he runs into Mike in a hotel lobby.</Overview>
  <ProductionCode></ProductionCode>
  <Rating>7.3</Rating>
  <RatingCount>47</RatingCount>
  <SeasonNumber>2</SeasonNumber>
  <Writer>Brett C. Leonard</Writer>
  <absolute_number>14</absolute_number>
  <filename>episodes/82091/2422621.jpg</filename>
  <lastupdated>1342714346</lastupdated>
  <seasonid>235861</seasonid>
  <seriesid>82091</seriesid>
</Episode>
<Episode>
  <id>2422641</id>
  <Combined_episodenumber>5</Combined_episodenumber>
  <Combined_season>2</Combined_season>
  <DVD_chapter></DVD_chapter>
  <DVD_discid></DVD_discid>
  <DVD_episodenumber></DVD_episodenumber>
  <DVD_season></DVD_season>
  <Director>Adam Davidson</Director>
  <EpImgFlag>2</EpImgFlag>
  <EpisodeName>'A Man, A Plan' or 'Thank You, Jimmy Carter'</EpisodeName>
  <EpisodeNumber>5</EpisodeNumber>
  <FirstAired>2010-08-01</FirstAired>
  <GuestStars></GuestStars>
  <IMDB_ID></IMDB_ID>
  <Language>en</Language>
  <Overview>Tanya finally gets Francis to agree to dinner with Ray and Lenore is continuing to be a pest as usual. Ray can tell that Mike is struggling to not continue with his life and tells that he needs to look at himself and tell himself that he is wonderful. Damon goes back to the Poetry Bar and embarrasses Darby after which he has a performance &quot;enhancing&quot; scone and sees Jessica and Ronnie naked. Ray has to choose whether to cancel on the big client or his son who needs him. </Overview>
  <ProductionCode></ProductionCode>
  <Rating>7.3</Rating>
  <RatingCount>55</RatingCount>
  <SeasonNumber>2</SeasonNumber>
  <Writer>Eileen Myers</Writer>
  <absolute_number>15</absolute_number>
  <filename>episodes/82091/2422641.jpg</filename>
  <lastupdated>1342714383</lastupdated>
  <seasonid>235861</seasonid>
  <seriesid>82091</seriesid>
</Episode>
<Episode>
  <id>2422651</id>
  <Combined_episodenumber>6</Combined_episodenumber>
  <Combined_season>2</Combined_season>
  <DVD_chapter></DVD_chapter>
  <DVD_discid></DVD_discid>
  <DVD_episodenumber></DVD_episodenumber>
  <DVD_season></DVD_season>
  <Director>Lisa Cholodenko</Director>
  <EpImgFlag>2</EpImgFlag>
  <EpisodeName>Beaverland</EpisodeName>
  <EpisodeNumber>6</EpisodeNumber>
  <FirstAired>2010-08-08</FirstAired>
  <GuestStars></GuestStars>
  <IMDB_ID></IMDB_ID>
  <Language>en</Language>
  <Overview>Jessica turns to Ray for help with a rodent problem that may be imaginary. Rebuffed by Ray in her attempts to add Mike to her stable, Tanya gets guilt-management advice from Charlie (Lennie James), then goes to extremes to prove her success. Ray has difficulty thawing a client who is cold as ice.</Overview>
  <ProductionCode></ProductionCode>
  <Rating>7.4</Rating>
  <RatingCount>52</RatingCount>
  <SeasonNumber>2</SeasonNumber>
  <Writer>Angela Robinson</Writer>
  <absolute_number>16</absolute_number>
  <filename>episodes/82091/2422651.jpg</filename>
  <lastupdated>1360802770</lastupdated>
  <seasonid>235861</seasonid>
  <seriesid>82091</seriesid>
</Episode>
<Episode>
  <id>2422661</id>
  <Combined_episodenumber>7</Combined_episodenumber>
  <Combined_season>2</Combined_season>
  <DVD_chapter></DVD_chapter>
  <DVD_discid></DVD_discid>
  <DVD_episodenumber></DVD_episodenumber>
  <DVD_season></DVD_season>
  <Director>Gloria Muzio</Director>
  <EpImgFlag>2</EpImgFlag>
  <EpisodeName>The Middle East Is Complicated</EpisodeName>
  <EpisodeNumber>7</EpisodeNumber>
  <FirstAired>2010-08-15</FirstAired>
  <GuestStars></GuestStars>
  <IMDB_ID></IMDB_ID>
  <Language>en</Language>
  <Overview>Ray must choose sides between Yael and a new client; Tanya turns to Charlie for stress relief; Lenore learns of Tanya's duplicity; Liz surprises Ray with a revelation about her personal life.</Overview>
  <ProductionCode></ProductionCode>
  <Rating>7.4</Rating>
  <RatingCount>54</RatingCount>
  <SeasonNumber>2</SeasonNumber>
  <Writer>|Brett C. Leonard|Kyle Peck|</Writer>
  <absolute_number>17</absolute_number>
  <filename>episodes/82091/2422661.jpg</filename>
  <lastupdated>1360802780</lastupdated>
  <seasonid>235861</seasonid>
  <seriesid>82091</seriesid>
</Episode>
<Episode>
  <id>2422681</id>
  <Combined_episodenumber>8</Combined_episodenumber>
  <Combined_season>2</Combined_season>
  <DVD_chapter></DVD_chapter>
  <DVD_discid></DVD_discid>
  <DVD_episodenumber></DVD_episodenumber>
  <DVD_season></DVD_season>
  <Director>Bronwen Hughes</Director>
  <EpImgFlag>1</EpImgFlag>
  <EpisodeName>'Third Base' or 'The Rash'</EpisodeName>
  <EpisodeNumber>8</EpisodeNumber>
  <FirstAired>2010-08-22</FirstAired>
  <GuestStars></GuestStars>
  <IMDB_ID></IMDB_ID>
  <Language>en</Language>
  <Overview>Ray's unscheduled appointment with Claire threatens his participation in a student-alumni baseball game; Frances has doubts about her affair with Mike and her business relationship with Tanya; Ronnie delivers a stern message to Ray.</Overview>
  <ProductionCode></ProductionCode>
  <Rating>7.4</Rating>
  <RatingCount>52</RatingCount>
  <SeasonNumber>2</SeasonNumber>
  <Writer>|Julia Brownell|Eileen Myers|</Writer>
  <absolute_number>18</absolute_number>
  <filename>episodes/82091/2422681.jpg</filename>
  <lastupdated>1360802801</lastupdated>
  <seasonid>235861</seasonid>
  <seriesid>82091</seriesid>
</Episode>
<Episode>
  <id>2422691</id>
  <Combined_episodenumber>9</Combined_episodenumber>
  <Combined_season>2</Combined_season>
  <DVD_chapter></DVD_chapter>
  <DVD_discid></DVD_discid>
  <DVD_episodenumber></DVD_episodenumber>
  <DVD_season></DVD_season>
  <Director>Colette Burson</Director>
  <EpImgFlag>2</EpImgFlag>
  <EpisodeName>'Fat Off My Love' or 'I'm the Allergen'</EpisodeName>
  <EpisodeNumber>9</EpisodeNumber>
  <FirstAired>2010-08-29</FirstAired>
  <GuestStars></GuestStars>
  <IMDB_ID></IMDB_ID>
  <Language>en</Language>
  <Overview>Mike accuses Ray of betraying him; Ronnie has a big fight with Jessica at the dermatologists' banquet; Tanya gets things off her chest when she goes into confessional mode and tells Ray, Lenore and Horny Patty exactly what she thinks of them.</Overview>
  <ProductionCode></ProductionCode>
  <Rating>7.3</Rating>
  <RatingCount>50</RatingCount>
  <SeasonNumber>2</SeasonNumber>
  <Writer>Angela Robinson</Writer>
  <absolute_number>19</absolute_number>
  <filename>episodes/82091/2422691.jpg</filename>
  <lastupdated>1360802814</lastupdated>
  <seasonid>235861</seasonid>
  <seriesid>82091</seriesid>
</Episode>
<Episode>
  <id>2422701</id>
  <Combined_episodenumber>10</Combined_episodenumber>
  <Combined_season>2</Combined_season>
  <DVD_chapter></DVD_chapter>
  <DVD_discid></DVD_discid>
  <DVD_episodenumber></DVD_episodenumber>
  <DVD_season></DVD_season>
  <Director>Dan Attias</Director>
  <EpImgFlag>2</EpImgFlag>
  <EpisodeName>'Even Steven' or 'Luckiest Kid in Detroit'</EpisodeName>
  <EpisodeNumber>10</EpisodeNumber>
  <FirstAired>2010-09-12</FirstAired>
  <GuestStars></GuestStars>
  <IMDB_ID></IMDB_ID>
  <Language>en</Language>
  <Overview>Ray considers leaving the business; Tanya is emotionally frayed after encounters with Damon and Vera-Joan; Jessica makes a decision about the future.</Overview>
  <ProductionCode></ProductionCode>
  <Rating>7.3</Rating>
  <RatingCount>48</RatingCount>
  <SeasonNumber>2</SeasonNumber>
  <Writer>|Dmitry Lipkin|Eduardo Machado|Julia Brownell|Brett C. Leonard|</Writer>
  <absolute_number>20</absolute_number>
  <filename>episodes/82091/2422701.jpg</filename>
  <lastupdated>1360802826</lastupdated>
  <seasonid>235861</seasonid>
  <seriesid>82091</seriesid>
</Episode>
<Episode>
  <id>4140530</id>
  <Combined_episodenumber>1</Combined_episodenumber>
  <Combined_season>3</Combined_season>
  <DVD_chapter></DVD_chapter>
  <DVD_discid></DVD_discid>
  <DVD_episodenumber></DVD_episodenumber>
  <DVD_season></DVD_season>
  <Director>Colette Burson</Director>
  <EpImgFlag>2</EpImgFlag>
  <EpisodeName>'Don't Give Up on Detroit' or 'Hung Like a Horse'</EpisodeName>
  <EpisodeNumber>1</EpisodeNumber>
  <FirstAired>2011-10-02</FirstAired>
  <GuestStars></GuestStars>
  <IMDB_ID></IMDB_ID>
  <Language>en</Language>
  <Overview>Ray and Tanya must convince a bank officer and her friend that their &quot;Wellness Center for Women&quot; idea is financially sound. Lenore discovers a new prospect to rival Ray.</Overview>
  <ProductionCode></ProductionCode>
  <Rating>7.4</Rating>
  <RatingCount>29</RatingCount>
  <SeasonNumber>3</SeasonNumber>
  <Writer>|Dmitry Lipkin|Colette Burson|</Writer>
  <absolute_number>21</absolute_number>
  <filename>episodes/82091/4140530.jpg</filename>
  <lastupdated>1342715154</lastupdated>
  <seasonid>470597</seasonid>
  <seriesid>82091</seriesid>
</Episode>
<Episode>
  <id>4161299</id>
  <Combined_episodenumber>2</Combined_episodenumber>
  <Combined_season>3</Combined_season>
  <DVD_chapter></DVD_chapter>
  <DVD_discid></DVD_discid>
  <DVD_episodenumber></DVD_episodenumber>
  <DVD_season></DVD_season>
  <Director>Uta Briesewitz</Director>
  <EpImgFlag>2</EpImgFlag>
  <EpisodeName>'Take the Cake' or 'Are You Packing?'</EpisodeName>
  <EpisodeNumber>2</EpisodeNumber>
  <FirstAired>2011-10-09</FirstAired>
  <GuestStars></GuestStars>
  <IMDB_ID></IMDB_ID>
  <Language>en</Language>
  <Overview>Tanya takes matters into her own hands after Jason steals one of Ray's clients. Lenore discovers some surprising news about Jason. Meanwhile, Jessica tries living on her own, and Charlie asks Tanya for a favor. Ray works with a new client who likes to dress up as a cop. </Overview>
  <ProductionCode></ProductionCode>
  <Rating>7.5</Rating>
  <RatingCount>28</RatingCount>
  <SeasonNumber>3</SeasonNumber>
  <Writer>Julia Brownell</Writer>
  <absolute_number>22</absolute_number>
  <filename>episodes/82091/4161299.jpg</filename>
  <lastupdated>1342714710</lastupdated>
  <seasonid>470597</seasonid>
  <seriesid>82091</seriesid>
</Episode>
<Episode>
  <id>4161300</id>
  <Combined_episodenumber>3</Combined_episodenumber>
  <Combined_season>3</Combined_season>
  <DVD_chapter></DVD_chapter>
  <DVD_discid></DVD_discid>
  <DVD_episodenumber></DVD_episodenumber>
  <DVD_season></DVD_season>
  <Director>Gloria Muzio</Director>
  <EpImgFlag>2</EpImgFlag>
  <EpisodeName>'Mister Drecker' or 'Ease Up on the Whup-Ass'</EpisodeName>
  <EpisodeNumber>3</EpisodeNumber>
  <FirstAired>2011-10-16</FirstAired>
  <GuestStars></GuestStars>
  <IMDB_ID></IMDB_ID>
  <Language>en</Language>
  <Overview>Ray worries that his cover might be blown when he confuses one of his former students with a client. Tanya finds her self taking care of a convicted felon, and Jess takes a job working the Dr. Matt Kopylov's office, the husband of Ronnie's mistress. Lenore makes a deal with Jason's fiancée, Sandee. </Overview>
  <ProductionCode></ProductionCode>
  <Rating>7.4</Rating>
  <RatingCount>26</RatingCount>
  <SeasonNumber>3</SeasonNumber>
  <Writer>|Eduardo Machado|Drew Lindo|</Writer>
  <absolute_number>23</absolute_number>
  <filename>episodes/82091/4161300.jpg</filename>
  <lastupdated>1342714758</lastupdated>
  <seasonid>470597</seasonid>
  <seriesid>82091</seriesid>
</Episode>
<Episode>
  <id>4161301</id>
  <Combined_episodenumber>4</Combined_episodenumber>
  <Combined_season>3</Combined_season>
  <DVD_chapter></DVD_chapter>
  <DVD_discid></DVD_discid>
  <DVD_episodenumber></DVD_episodenumber>
  <DVD_season></DVD_season>
  <Director>Dan Attias</Director>
  <EpImgFlag>2</EpImgFlag>
  <EpisodeName>'Fuck Me, Mr. Drecker' or 'Let's Not Go to Jail'</EpisodeName>
  <EpisodeNumber>4</EpisodeNumber>
  <FirstAired>2011-10-23</FirstAired>
  <GuestStars></GuestStars>
  <IMDB_ID></IMDB_ID>
  <Language>en</Language>
  <Overview>Ray and Tanya conspire to get rid of an explosive client. Charlie advises Tanya to keep Lydia happy. Lenore manages Sandee's rising demands, and Matt and Jessica bond.</Overview>
  <ProductionCode></ProductionCode>
  <Rating>7.5</Rating>
  <RatingCount>19</RatingCount>
  <SeasonNumber>3</SeasonNumber>
  <Writer>Brett C. Leonard</Writer>
  <absolute_number>24</absolute_number>
  <filename>episodes/82091/4161301.jpg</filename>
  <lastupdated>1342714800</lastupdated>
  <seasonid>470597</seasonid>
  <seriesid>82091</seriesid>
</Episode>
<Episode>
  <id>4161302</id>
  <Combined_episodenumber>5</Combined_episodenumber>
  <Combined_season>3</Combined_season>
  <DVD_chapter></DVD_chapter>
  <DVD_discid></DVD_discid>
  <DVD_episodenumber></DVD_episodenumber>
  <DVD_season></DVD_season>
  <Director>Gloria Muzio</Director>
  <EpImgFlag>2</EpImgFlag>
  <EpisodeName>'We're Golden' or 'Crooks and Big Beaver'</EpisodeName>
  <EpisodeNumber>5</EpisodeNumber>
  <FirstAired>2011-10-30</FirstAired>
  <GuestStars></GuestStars>
  <IMDB_ID></IMDB_ID>
  <Language>en</Language>
  <Overview>After Ray tells Lydia he's leaving the business, she takes Ray and Tanya on a ride they will never forget. Darby threatens to leave home, and Lenore confronts Jason about missing a date with a client.</Overview>
  <ProductionCode></ProductionCode>
  <Rating>7.3</Rating>
  <RatingCount>24</RatingCount>
  <SeasonNumber>3</SeasonNumber>
  <Writer>|Colette Burson|Dmitry Lipkin|</Writer>
  <absolute_number>25</absolute_number>
  <filename>episodes/82091/4161302.jpg</filename>
  <lastupdated>1342714823</lastupdated>
  <seasonid>470597</seasonid>
  <seriesid>82091</seriesid>
</Episode>
<Episode>
  <id>4197299</id>
  <Combined_episodenumber>6</Combined_episodenumber>
  <Combined_season>3</Combined_season>
  <DVD_chapter></DVD_chapter>
  <DVD_discid></DVD_discid>
  <DVD_episodenumber></DVD_episodenumber>
  <DVD_season></DVD_season>
  <Director>Uta Briesewitz</Director>
  <EpImgFlag>2</EpImgFlag>
  <EpisodeName>'Money on the Floor'</EpisodeName>
  <EpisodeNumber>6</EpisodeNumber>
  <FirstAired>2011-11-06</FirstAired>
  <GuestStars></GuestStars>
  <IMDB_ID></IMDB_ID>
  <Language>en</Language>
  <Overview>When his shoebox of cash goes missing, Ray goes after the prime suspect: Lenore. His investigation lands him a brand new client named Kyla. Meanwhile, Sandee offers Tanya the opportunity to expand her business.</Overview>
  <ProductionCode></ProductionCode>
  <Rating>7.5</Rating>
  <RatingCount>21</RatingCount>
  <SeasonNumber>3</SeasonNumber>
  <Writer>|Angela Robinson|Julia Brownell|</Writer>
  <absolute_number>26</absolute_number>
  <filename>episodes/82091/4197299.jpg</filename>
  <lastupdated>1342714895</lastupdated>
  <seasonid>470597</seasonid>
  <seriesid>82091</seriesid>
</Episode>
<Episode>
  <id>4197301</id>
  <Combined_episodenumber>7</Combined_episodenumber>
  <Combined_season>3</Combined_season>
  <DVD_chapter></DVD_chapter>
  <DVD_discid></DVD_discid>
  <DVD_episodenumber></DVD_episodenumber>
  <DVD_season></DVD_season>
  <Director>Bronwen Hughes</Director>
  <EpImgFlag>2</EpImgFlag>
  <EpisodeName>'What's Going on Downstairs?' or 'Don't Eat Prince Eric!'</EpisodeName>
  <EpisodeNumber>7</EpisodeNumber>
  <FirstAired>2011-11-13</FirstAired>
  <GuestStars></GuestStars>
  <IMDB_ID></IMDB_ID>
  <Language>en</Language>
  <Overview>Ray’s night with Kyla leaves him wondering who she really is; a competition develops at the Wellness Center; Tanya gets help from Charlie in finding out what happened to Ray’s money.</Overview>
  <ProductionCode></ProductionCode>
  <Rating>7.3</Rating>
  <RatingCount>22</RatingCount>
  <SeasonNumber>3</SeasonNumber>
  <Writer>|Eduardo Machado|Micah Schraft|</Writer>
  <absolute_number>27</absolute_number>
  <filename>episodes/82091/4197301.jpg</filename>
  <lastupdated>1342714943</lastupdated>
  <seasonid>470597</seasonid>
  <seriesid>82091</seriesid>
</Episode>
<Episode>
  <id>4197302</id>
  <Combined_episodenumber>8</Combined_episodenumber>
  <Combined_season>3</Combined_season>
  <DVD_chapter></DVD_chapter>
  <DVD_discid></DVD_discid>
  <DVD_episodenumber></DVD_episodenumber>
  <DVD_season></DVD_season>
  <Director>Adam Davidson</Director>
  <EpImgFlag>2</EpImgFlag>
  <EpisodeName>'I, Sandee' or 'This Sex. Which Is. Not One.'</EpisodeName>
  <EpisodeNumber>8</EpisodeNumber>
  <FirstAired>2011-11-20</FirstAired>
  <GuestStars></GuestStars>
  <IMDB_ID></IMDB_ID>
  <Language>en</Language>
  <Overview>Tanya discovers that Charlie has skipped bail, and she asks Missy, the mother of Charlie's child, to help locate him. Lenore declares war on Tanya and the Wellness Center, and Sandee tries to position Jason to take Ray's spot. Ray faces concerns about his ability to satisfy women, particularly Jessica. </Overview>
  <ProductionCode></ProductionCode>
  <Rating>7.5</Rating>
  <RatingCount>19</RatingCount>
  <SeasonNumber>3</SeasonNumber>
  <Writer>|Angela Robinson|Alex Kondracke|</Writer>
  <absolute_number>28</absolute_number>
  <filename>episodes/82091/4197302.jpg</filename>
  <lastupdated>1342715020</lastupdated>
  <seasonid>470597</seasonid>
  <seriesid>82091</seriesid>
</Episode>
<Episode>
  <id>4197303</id>
  <Combined_episodenumber>9</Combined_episodenumber>
  <Combined_season>3</Combined_season>
  <DVD_chapter></DVD_chapter>
  <DVD_discid></DVD_discid>
  <DVD_episodenumber></DVD_episodenumber>
  <DVD_season></DVD_season>
  <Director>Howard Deutch</Director>
  <EpImgFlag>2</EpImgFlag>
  <EpisodeName>'A Monkey Named Simian' or 'Frances is Not a Fan'</EpisodeName>
  <EpisodeNumber>9</EpisodeNumber>
  <FirstAired>2011-11-27</FirstAired>
  <GuestStars></GuestStars>
  <IMDB_ID></IMDB_ID>
  <Language>en</Language>
  <Overview>The guest list for Frances and Mike's wedding doesn't include Tanya; Ray takes back what was his after a physical confrontation with Jason; Tanya finds a connection with Charlie's kids.</Overview>
  <ProductionCode></ProductionCode>
  <Rating>7.1</Rating>
  <RatingCount>15</RatingCount>
  <SeasonNumber>3</SeasonNumber>
  <Writer>|Brett C. Leonard|Eileen Myers|</Writer>
  <absolute_number>29</absolute_number>
  <filename>episodes/82091/4197303.jpg</filename>
  <lastupdated>1342715069</lastupdated>
  <seasonid>470597</seasonid>
  <seriesid>82091</seriesid>
</Episode>
<Episode>
  <id>4208116</id>
  <Combined_episodenumber>10</Combined_episodenumber>
  <Combined_season>3</Combined_season>
  <DVD_chapter></DVD_chapter>
  <DVD_discid></DVD_discid>
  <DVD_episodenumber></DVD_episodenumber>
  <DVD_season></DVD_season>
  <Director>Adam Davidson</Director>
  <EpImgFlag>2</EpImgFlag>
  <EpisodeName>The Whole Beefalo 04</EpisodeName>
  <EpisodeNumber>10</EpisodeNumber>
  <FirstAired>2011-12-22</FirstAired>
  <GuestStars></GuestStars>
  <IMDB_ID></IMDB_ID>
  <Language>en</Language>
  <Overview>The survival of Tanya and Ray's business depends on Charlie's whereabouts; Jessica is accused of negligence by Matt; and Lenore tries to get Sandee out of the picture for good.</Overview>
  <ProductionCode></ProductionCode>
  <Rating>7.4</Rating>
  <RatingCount>18</RatingCount>
  <SeasonNumber>3</SeasonNumber>
  <Writer>Kyle Peck</Writer>
  <absolute_number>30</absolute_number>
  <filename>episodes/82091/4208116.jpg</filename>
  <lastupdated>1342715103</lastupdated>
  <seasonid>470597</seasonid>
  <seriesid>82091</seriesid>
</Episode>
</Data>