<?xml version="1.0" encoding="UTF-8" ?>
<Data><Series>
  <id>190511</id>
  <Actors>||</Actors>
  <Airs_DayOfWeek>Friday</Airs_DayOfWeek>
  <Airs_Time></Airs_Time>
  <ContentRating>TV-PG</ContentRating>
  <FirstAired>2010-09-17</FirstAired>
  <Genre>|Action and Adventure|Animation|</Genre>
  <IMDB_ID>tt1709198</IMDB_ID>
  <Language>en</Language>
  <Network>Cartoon Network</Network>
  <NetworkID></NetworkID>
  <Overview>Sym-Bionic Titan was an American animated television series created by Genndy Tartakovsky for Cartoon Network. The series focused on a trio made up of an alien princess, a rebellious soldier, and a robot; these three characters are able to combine to create the titular Sym-Bionic Titan. A preview of the series was first shown at the 2009 San Diego Comic-Con International, and further details were revealed at Cartoon Network's 2010 Upfront. The series premiered on September 17, 2010.
Cartoon Network initially ordered 20 episodes; Tartakovsky had hoped to expand on that, but the series was not renewed for another season. Tartakovsky is now reported to have moved on to Sony Pictures Animation.</Overview>
  <Rating>8.0</Rating>
  <RatingCount>6</RatingCount>
  <Runtime>30</Runtime>
  <SeriesID>77077</SeriesID>
  <SeriesName>Sym-Bionic Titan</SeriesName>
  <Status>Ended</Status>
  <added>2010-09-17 19:23:37</added>
  <addedBy>220751</addedBy>
  <banner>graphical/190511-g2.jpg</banner>
  <fanart>fanart/original/190511-2.jpg</fanart>
  <lastupdated>1359841437</lastupdated>
  <poster>posters/190511-4.jpg</poster>
  <zap2it_id>EP01326180</zap2it_id>
</Series>
<Episode>
  <id>2824901</id>
  <Combined_episodenumber>1</Combined_episodenumber>
  <Combined_season>1</Combined_season>
  <DVD_chapter></DVD_chapter>
  <DVD_discid></DVD_discid>
  <DVD_episodenumber></DVD_episodenumber>
  <DVD_season></DVD_season>
  <Director>Genndy Tartakovsky</Director>
  <EpImgFlag>2</EpImgFlag>
  <EpisodeName>Escape to Sherman High</EpisodeName>
  <EpisodeNumber>1</EpisodeNumber>
  <FirstAired>2010-09-17</FirstAired>
  <GuestStars></GuestStars>
  <IMDB_ID></IMDB_ID>
  <Language>en</Language>
  <Overview>Three aliens (Lance, Ilana, and Octus) crash-land on Earth while fleeing the evil general that has conquered their home planet, Galaluna. Shortly after, the general sends one of his minions after them, and they must fight the creature.</Overview>
  <ProductionCode></ProductionCode>
  <Rating>7.7</Rating>
  <RatingCount>3</RatingCount>
  <SeasonNumber>1</SeasonNumber>
  <Writer>Genndy Tartakovsky</Writer>
  <absolute_number></absolute_number>
  <filename>episodes/190511/2824901.jpg</filename>
  <lastupdated>1353706668</lastupdated>
  <seasonid>317751</seasonid>
  <seriesid>190511</seriesid>
</Episode>
<Episode>
  <id>2824911</id>
  <Combined_episodenumber>2</Combined_episodenumber>
  <Combined_season>1</Combined_season>
  <DVD_chapter></DVD_chapter>
  <DVD_discid></DVD_discid>
  <DVD_episodenumber></DVD_episodenumber>
  <DVD_season></DVD_season>
  <Director>Genndy Tartakovsky</Director>
  <EpImgFlag>2</EpImgFlag>
  <EpisodeName>Neighbors in Disguise</EpisodeName>
  <EpisodeNumber>2</EpisodeNumber>
  <FirstAired>2010-09-24</FirstAired>
  <GuestStars></GuestStars>
  <IMDB_ID></IMDB_ID>
  <Language>en</Language>
  <Overview>Ilana suggests that they decorate their new home to fit in to the neighborhood, but as they enter the city's mall, Lance has a hard time adjusting the new life while protecting the princess... </Overview>
  <ProductionCode></ProductionCode>
  <Rating>7.0</Rating>
  <RatingCount>2</RatingCount>
  <SeasonNumber>1</SeasonNumber>
  <Writer>Genndy Tartakovsky</Writer>
  <absolute_number></absolute_number>
  <filename>episodes/190511/2824911.jpg</filename>
  <lastupdated>1353706703</lastupdated>
  <seasonid>317751</seasonid>
  <seriesid>190511</seriesid>
</Episode>
<Episode>
  <id>2824921</id>
  <Combined_episodenumber>3</Combined_episodenumber>
  <Combined_season>1</Combined_season>
  <DVD_chapter></DVD_chapter>
  <DVD_discid></DVD_discid>
  <DVD_episodenumber></DVD_episodenumber>
  <DVD_season></DVD_season>
  <Director>Genndy Tartakovsky</Director>
  <EpImgFlag>2</EpImgFlag>
  <EpisodeName>Elephant Logic</EpisodeName>
  <EpisodeNumber>3</EpisodeNumber>
  <FirstAired>2010-10-01</FirstAired>
  <GuestStars></GuestStars>
  <IMDB_ID></IMDB_ID>
  <Language>en</Language>
  <Overview>In an attempt to fight the titan, General Steel and his men seek out an extra terrestrial weapon. Meanwhile, Lance and Ilana discover the importance of teamwork. </Overview>
  <ProductionCode></ProductionCode>
  <Rating>7.0</Rating>
  <RatingCount>1</RatingCount>
  <SeasonNumber>1</SeasonNumber>
  <Writer>Genndy Tartakovsky</Writer>
  <absolute_number></absolute_number>
  <filename>episodes/190511/2824921.jpg</filename>
  <lastupdated>1353706737</lastupdated>
  <seasonid>317751</seasonid>
  <seriesid>190511</seriesid>
</Episode>
<Episode>
  <id>2937071</id>
  <Combined_episodenumber>4</Combined_episodenumber>
  <Combined_season>1</Combined_season>
  <DVD_chapter></DVD_chapter>
  <DVD_discid></DVD_discid>
  <DVD_episodenumber></DVD_episodenumber>
  <DVD_season></DVD_season>
  <Director>Genndy Tartakovsky</Director>
  <EpImgFlag>2</EpImgFlag>
  <EpisodeName>Phantom Ninja</EpisodeName>
  <EpisodeNumber>4</EpisodeNumber>
  <FirstAired>2010-10-08</FirstAired>
  <GuestStars></GuestStars>
  <IMDB_ID></IMDB_ID>
  <Language>en</Language>
  <Overview>Lance takes up being a vigilante and an intelligent roach-like Muddradi assassin comes after the princess. Lance's exploits are on the news without people knowing it was him, and Octus warns Lance not to take Earth laws into his own hands.</Overview>
  <ProductionCode></ProductionCode>
  <Rating>6.0</Rating>
  <RatingCount>1</RatingCount>
  <SeasonNumber>1</SeasonNumber>
  <Writer>Genndy Tartakovsky</Writer>
  <absolute_number></absolute_number>
  <filename>episodes/190511/2937071.jpg</filename>
  <lastupdated>1353706774</lastupdated>
  <seasonid>317751</seasonid>
  <seriesid>190511</seriesid>
</Episode>
<Episode>
  <id>2937081</id>
  <Combined_episodenumber>5</Combined_episodenumber>
  <Combined_season>1</Combined_season>
  <DVD_chapter></DVD_chapter>
  <DVD_discid></DVD_discid>
  <DVD_episodenumber></DVD_episodenumber>
  <DVD_season></DVD_season>
  <Director>Genndy Tartakovsky</Director>
  <EpImgFlag>2</EpImgFlag>
  <EpisodeName>Roar of the White Dragon</EpisodeName>
  <EpisodeNumber>5</EpisodeNumber>
  <FirstAired>2010-10-15</FirstAired>
  <GuestStars></GuestStars>
  <IMDB_ID></IMDB_ID>
  <Language>en</Language>
  <Overview>When Lance becomes fascinated by the cars, he gets into a vehicle racing challenge against one of the competitive Earthlings.</Overview>
  <ProductionCode></ProductionCode>
  <Rating>9.0</Rating>
  <RatingCount>1</RatingCount>
  <SeasonNumber>1</SeasonNumber>
  <Writer>Genndy Tartakovsky</Writer>
  <absolute_number></absolute_number>
  <filename>episodes/190511/2937081.jpg</filename>
  <lastupdated>1353706809</lastupdated>
  <seasonid>317751</seasonid>
  <seriesid>190511</seriesid>
</Episode>
<Episode>
  <id>3020061</id>
  <Combined_episodenumber>6</Combined_episodenumber>
  <Combined_season>1</Combined_season>
  <DVD_chapter></DVD_chapter>
  <DVD_discid></DVD_discid>
  <DVD_episodenumber></DVD_episodenumber>
  <DVD_season></DVD_season>
  <Director>Genndy Tartakovsky</Director>
  <EpImgFlag>2</EpImgFlag>
  <EpisodeName>Shaman of Fear</EpisodeName>
  <EpisodeNumber>6</EpisodeNumber>
  <FirstAired>2010-10-22</FirstAired>
  <GuestStars></GuestStars>
  <IMDB_ID></IMDB_ID>
  <Language>en</Language>
  <Overview>The group comes face-to-face with their deepest fears when a deadly alien being attempts to use their worst nightmares against them.</Overview>
  <ProductionCode></ProductionCode>
  <Rating>7.0</Rating>
  <RatingCount>1</RatingCount>
  <SeasonNumber>1</SeasonNumber>
  <Writer>Genndy Tartakovsky</Writer>
  <absolute_number></absolute_number>
  <filename>episodes/190511/3020061.jpg</filename>
  <lastupdated>1353706839</lastupdated>
  <seasonid>317751</seasonid>
  <seriesid>190511</seriesid>
</Episode>
<Episode>
  <id>3055451</id>
  <Combined_episodenumber>7</Combined_episodenumber>
  <Combined_season>1</Combined_season>
  <DVD_chapter></DVD_chapter>
  <DVD_discid></DVD_discid>
  <DVD_episodenumber></DVD_episodenumber>
  <DVD_season></DVD_season>
  <Director>Genndy Tartakovsky</Director>
  <EpImgFlag>2</EpImgFlag>
  <EpisodeName>Showdown at Sherman High</EpisodeName>
  <EpisodeNumber>7</EpisodeNumber>
  <FirstAired>2010-10-29</FirstAired>
  <GuestStars></GuestStars>
  <IMDB_ID></IMDB_ID>
  <Language>en</Language>
  <Overview>The group must protect their fellow classmates without the aid of Sym-Bionic Titan when a huge tar creature manages to infiltrate Sherman High School and traps everyone inside the building.</Overview>
  <ProductionCode></ProductionCode>
  <Rating>8.0</Rating>
  <RatingCount>1</RatingCount>
  <SeasonNumber>1</SeasonNumber>
  <Writer>Genndy Tartakovsky</Writer>
  <absolute_number></absolute_number>
  <filename>episodes/190511/3055451.jpg</filename>
  <lastupdated>1353706875</lastupdated>
  <seasonid>317751</seasonid>
  <seriesid>190511</seriesid>
</Episode>
<Episode>
  <id>3055461</id>
  <Combined_episodenumber>8</Combined_episodenumber>
  <Combined_season>1</Combined_season>
  <DVD_chapter></DVD_chapter>
  <DVD_discid></DVD_discid>
  <DVD_episodenumber></DVD_episodenumber>
  <DVD_season></DVD_season>
  <Director>Genndy Tartakovsky</Director>
  <EpImgFlag>2</EpImgFlag>
  <EpisodeName>Shadows of Youth</EpisodeName>
  <EpisodeNumber>8</EpisodeNumber>
  <FirstAired>2010-11-05</FirstAired>
  <GuestStars></GuestStars>
  <IMDB_ID></IMDB_ID>
  <Language>en</Language>
  <Overview>Lance looks back into his childhood years before he was chosen to be one of the Galalunian soldiers.</Overview>
  <ProductionCode></ProductionCode>
  <Rating></Rating>
  <RatingCount>0</RatingCount>
  <SeasonNumber>1</SeasonNumber>
  <Writer>Genndy Tartakovsky</Writer>
  <absolute_number></absolute_number>
  <filename>episodes/190511/3055461.jpg</filename>
  <lastupdated>1353706905</lastupdated>
  <seasonid>317751</seasonid>
  <seriesid>190511</seriesid>
</Episode>
<Episode>
  <id>3055471</id>
  <Combined_episodenumber>9</Combined_episodenumber>
  <Combined_season>1</Combined_season>
  <DVD_chapter></DVD_chapter>
  <DVD_discid></DVD_discid>
  <DVD_episodenumber></DVD_episodenumber>
  <DVD_season></DVD_season>
  <Director></Director>
  <EpImgFlag>2</EpImgFlag>
  <EpisodeName>Tashy 497</EpisodeName>
  <EpisodeNumber>9</EpisodeNumber>
  <FirstAired>2010-11-12</FirstAired>
  <GuestStars></GuestStars>
  <IMDB_ID></IMDB_ID>
  <Language>en</Language>
  <Overview>When Modula finds another deadly beast to unleash upon the group, Lance, Ilana and Octus find a cuddly little alien they kept as a pet. However, they soon discover that the cute creature isn't all what it seems. The creature is generating enough energy to wipe out Earth, so the trio reluctantly let their beloved pet die peacefully in a glorious burst of energy. At an astronomy center, Octus locates a nebula cluster where they let their pet go, which the scientist of the station allows them to name for discovering it. In agreement, they come to name the cloud Tashy 497, as a mix of the names they wanted to name the creature.</Overview>
  <ProductionCode></ProductionCode>
  <Rating></Rating>
  <RatingCount>0</RatingCount>
  <SeasonNumber>1</SeasonNumber>
  <Writer></Writer>
  <absolute_number></absolute_number>
  <filename>episodes/190511/3055471.jpg</filename>
  <lastupdated>1353706939</lastupdated>
  <seasonid>317751</seasonid>
  <seriesid>190511</seriesid>
</Episode>
<Episode>
  <id>3055491</id>
  <Combined_episodenumber>10</Combined_episodenumber>
  <Combined_season>1</Combined_season>
  <DVD_chapter></DVD_chapter>
  <DVD_discid></DVD_discid>
  <DVD_episodenumber></DVD_episodenumber>
  <DVD_season></DVD_season>
  <Director></Director>
  <EpImgFlag>2</EpImgFlag>
  <EpisodeName>Lessons in Love</EpisodeName>
  <EpisodeNumber>10</EpisodeNumber>
  <FirstAired>2010-11-19</FirstAired>
  <GuestStars></GuestStars>
  <IMDB_ID></IMDB_ID>
  <Language>en</Language>
  <Overview>Kimmy, the head cheerleader, forces Octus (as Newton) to tutor her after she fails a test, where things take an unexpected turn of events. Meanwhile, a Mutradi monster lands in the city where Lance and Ilana come across it but are unable to activate their mech suits.</Overview>
  <ProductionCode></ProductionCode>
  <Rating></Rating>
  <RatingCount>0</RatingCount>
  <SeasonNumber>1</SeasonNumber>
  <Writer></Writer>
  <absolute_number></absolute_number>
  <filename>episodes/190511/3055491.jpg</filename>
  <lastupdated>1353706972</lastupdated>
  <seasonid>317751</seasonid>
  <seriesid>190511</seriesid>
</Episode>
<Episode>
  <id>3055481</id>
  <Combined_episodenumber>11</Combined_episodenumber>
  <Combined_season>1</Combined_season>
  <DVD_chapter></DVD_chapter>
  <DVD_discid></DVD_discid>
  <DVD_episodenumber></DVD_episodenumber>
  <DVD_season></DVD_season>
  <Director>Genndy Tartakovsky</Director>
  <EpImgFlag>2</EpImgFlag>
  <EpisodeName>The Fortress of Deception</EpisodeName>
  <EpisodeNumber>11</EpisodeNumber>
  <FirstAired>2010-12-03</FirstAired>
  <GuestStars></GuestStars>
  <IMDB_ID>tt1782243</IMDB_ID>
  <Language>en</Language>
  <Overview>Lance, Ilana, and Octus travel to a foreign planet to rescue a Gallunian prisoner.</Overview>
  <ProductionCode></ProductionCode>
  <Rating>8.0</Rating>
  <RatingCount>1</RatingCount>
  <SeasonNumber>1</SeasonNumber>
  <Writer>Genndy Tartakovsky</Writer>
  <absolute_number>11</absolute_number>
  <filename>episodes/190511/3055481.jpg</filename>
  <lastupdated>1353707002</lastupdated>
  <seasonid>317751</seasonid>
  <seriesid>190511</seriesid>
</Episode>
<Episode>
  <id>3495811</id>
  <Combined_episodenumber>12</Combined_episodenumber>
  <Combined_season>1</Combined_season>
  <DVD_chapter></DVD_chapter>
  <DVD_discid></DVD_discid>
  <DVD_episodenumber></DVD_episodenumber>
  <DVD_season></DVD_season>
  <Director></Director>
  <EpImgFlag>2</EpImgFlag>
  <EpisodeName>The Ballad of Scary Mary</EpisodeName>
  <EpisodeNumber>12</EpisodeNumber>
  <FirstAired>2011-02-02</FirstAired>
  <GuestStars></GuestStars>
  <IMDB_ID>tt1832782</IMDB_ID>
  <Language>en</Language>
  <Overview>An annual party celebrating a local legend gets interrupted by a shape shifting alien.
Meanwhile Newton continues to explore his relationship with Kimmy. </Overview>
  <ProductionCode></ProductionCode>
  <Rating></Rating>
  <RatingCount>0</RatingCount>
  <SeasonNumber>1</SeasonNumber>
  <Writer></Writer>
  <absolute_number>12</absolute_number>
  <filename>episodes/190511/3495811.jpg</filename>
  <lastupdated>1353707032</lastupdated>
  <seasonid>317751</seasonid>
  <seriesid>190511</seriesid>
</Episode>
<Episode>
  <id>3495821</id>
  <Combined_episodenumber>13</Combined_episodenumber>
  <Combined_season>1</Combined_season>
  <DVD_chapter></DVD_chapter>
  <DVD_discid></DVD_discid>
  <DVD_episodenumber></DVD_episodenumber>
  <DVD_season></DVD_season>
  <Director></Director>
  <EpImgFlag>2</EpImgFlag>
  <EpisodeName>The Demon Within</EpisodeName>
  <EpisodeNumber>13</EpisodeNumber>
  <FirstAired>2011-02-09</FirstAired>
  <GuestStars></GuestStars>
  <IMDB_ID>tt1842963</IMDB_ID>
  <Language>en</Language>
  <Overview>Lance, Ilana, and Octus go deep in to the swamp to find a Mutraddi that has crash-landed in the water. They investigate the wreckage and are attack by an amphibian-like Mutraddi that, after a seemingly easy kill, is able to bite Ilana and escape. Very slowly she transforms into the creature and attacks an alligator that was also mutated. Lance and Octus discovered that if they kill the original Mutraddi she might turn back to normal. After a short battle they killed the original Mutraddi turning Ilana back to herself.</Overview>
  <ProductionCode></ProductionCode>
  <Rating>8.0</Rating>
  <RatingCount>1</RatingCount>
  <SeasonNumber>1</SeasonNumber>
  <Writer></Writer>
  <absolute_number>13</absolute_number>
  <filename>episodes/190511/3495821.jpg</filename>
  <lastupdated>1353707060</lastupdated>
  <seasonid>317751</seasonid>
  <seriesid>190511</seriesid>
</Episode>
<Episode>
  <id>3608751</id>
  <Combined_episodenumber>14</Combined_episodenumber>
  <Combined_season>1</Combined_season>
  <DVD_chapter></DVD_chapter>
  <DVD_discid></DVD_discid>
  <DVD_episodenumber></DVD_episodenumber>
  <DVD_season></DVD_season>
  <Director></Director>
  <EpImgFlag>2</EpImgFlag>
  <EpisodeName>I Am Octus</EpisodeName>
  <EpisodeNumber>14</EpisodeNumber>
  <FirstAired>2011-02-16</FirstAired>
  <GuestStars></GuestStars>
  <IMDB_ID>tt1842962</IMDB_ID>
  <Language>en</Language>
  <Overview>As the world seems to come to an absolute standstill, Octus searches for the cure to stop the disease that can affect humans and animals.</Overview>
  <ProductionCode></ProductionCode>
  <Rating>7.0</Rating>
  <RatingCount>1</RatingCount>
  <SeasonNumber>1</SeasonNumber>
  <Writer></Writer>
  <absolute_number>14</absolute_number>
  <filename>episodes/190511/3608751.jpg</filename>
  <lastupdated>1353707092</lastupdated>
  <seasonid>317751</seasonid>
  <seriesid>190511</seriesid>
</Episode>
<Episode>
  <id>3608761</id>
  <Combined_episodenumber>15</Combined_episodenumber>
  <Combined_season>1</Combined_season>
  <DVD_chapter></DVD_chapter>
  <DVD_discid></DVD_discid>
  <DVD_episodenumber></DVD_episodenumber>
  <DVD_season></DVD_season>
  <Director></Director>
  <EpImgFlag>2</EpImgFlag>
  <EpisodeName>Disenfranchised</EpisodeName>
  <EpisodeNumber>15</EpisodeNumber>
  <FirstAired>2011-03-02</FirstAired>
  <GuestStars></GuestStars>
  <IMDB_ID>tt1860049</IMDB_ID>
  <Language>en</Language>
  <Overview>Lance learns how to play the guitar, and General Steel sends a spy to Sherman High whom Octus convinces that there is connection between Titan and the school. A dragon-like Mutraddi, which was defeated earlier by Titan, comes back as a severed head during a concert but is destroyed by Illana and Octus with a hologram of the Manus armor, to give Lance an alibi with the General being at the concert.</Overview>
  <ProductionCode></ProductionCode>
  <Rating>9.0</Rating>
  <RatingCount>1</RatingCount>
  <SeasonNumber>1</SeasonNumber>
  <Writer></Writer>
  <absolute_number>15</absolute_number>
  <filename>episodes/190511/3608761.jpg</filename>
  <lastupdated>1353707127</lastupdated>
  <seasonid>317751</seasonid>
  <seriesid>190511</seriesid>
</Episode>
<Episode>
  <id>3770351</id>
  <Combined_episodenumber>16</Combined_episodenumber>
  <Combined_season>1</Combined_season>
  <DVD_chapter></DVD_chapter>
  <DVD_discid></DVD_discid>
  <DVD_episodenumber></DVD_episodenumber>
  <DVD_season></DVD_season>
  <Director></Director>
  <EpImgFlag>2</EpImgFlag>
  <EpisodeName>Escape From Galaluna</EpisodeName>
  <EpisodeNumber>16</EpisodeNumber>
  <FirstAired>2011-03-09</FirstAired>
  <GuestStars></GuestStars>
  <IMDB_ID>tt1860050</IMDB_ID>
  <Language>en</Language>
  <Overview>Another Flashback episode showing how the invasion of Mutraddi happened and how Ilana, Lance and Octus were able to escape. Illana atends the opening of a school in a tribal region of Galaluna with Hobbs, her bodyguard resembeling Race Bannon. Lance was on a mission to rescue hostages from an observatory. His commander told him to return to his post, but sneaked in to the observatory as Muddradi were talking to Modula (unbeknownst to Lance) and Lance was imprisoned for getting the hostages killed- even though they were beforehand. Meanwhile, the King is seen finishing building Octus. The invasion occurs and Hobbs is injured and returns Illana to the palace with both of them alive, and Lance's commander is a traitor for Modula. Lance kills his former commander after a long sword fight and events lead up to how the trio arrived in the pilot.</Overview>
  <ProductionCode></ProductionCode>
  <Rating>7.0</Rating>
  <RatingCount>1</RatingCount>
  <SeasonNumber>1</SeasonNumber>
  <Writer></Writer>
  <absolute_number>16</absolute_number>
  <filename>episodes/190511/3770351.jpg</filename>
  <lastupdated>1353707158</lastupdated>
  <seasonid>317751</seasonid>
  <seriesid>190511</seriesid>
</Episode>
<Episode>
  <id>3861281</id>
  <Combined_episodenumber>17</Combined_episodenumber>
  <Combined_season>1</Combined_season>
  <DVD_chapter></DVD_chapter>
  <DVD_discid></DVD_discid>
  <DVD_episodenumber></DVD_episodenumber>
  <DVD_season></DVD_season>
  <Director></Director>
  <EpImgFlag>2</EpImgFlag>
  <EpisodeName>Under The Three Moons</EpisodeName>
  <EpisodeNumber>17</EpisodeNumber>
  <FirstAired>2011-03-16</FirstAired>
  <GuestStars></GuestStars>
  <IMDB_ID>tt1860052</IMDB_ID>
  <Language>en</Language>
  <Overview>Ilana is homesick, so she joins the Homecoming Dance Committee and creates a Galalunian-themed dance. Meanwhile, General Modula's continued failure to kill the princess is spreading across the galaxy. Modula is approached by an alien who guarantees on his own life that he has a creature that will kill Ilana and crush the Galalunian People's spirit. As our three heroes try to prepare for the dance, Lance and Kristin go a little further in their relationship via a karate bout, but she declines his request to join him at the dance. Issues arise when the Mutraddi arrives just as they depart for the dance. Titan at first fares poorly, as Octus and Ilana are distracted by missing the dance, and making Kimmy cry. However, Lance's lack of concern for their feelings pushes Ilana over the top, and the alien is soundly defeated.</Overview>
  <ProductionCode></ProductionCode>
  <Rating>8.0</Rating>
  <RatingCount>1</RatingCount>
  <SeasonNumber>1</SeasonNumber>
  <Writer></Writer>
  <absolute_number>17</absolute_number>
  <filename>episodes/190511/3861281.jpg</filename>
  <lastupdated>1353707192</lastupdated>
  <seasonid>317751</seasonid>
  <seriesid>190511</seriesid>
</Episode>
<Episode>
  <id>3861311</id>
  <Combined_episodenumber>18</Combined_episodenumber>
  <Combined_season>1</Combined_season>
  <DVD_chapter></DVD_chapter>
  <DVD_discid></DVD_discid>
  <DVD_episodenumber></DVD_episodenumber>
  <DVD_season></DVD_season>
  <Director></Director>
  <EpImgFlag>2</EpImgFlag>
  <EpisodeName>A Family Crisis</EpisodeName>
  <EpisodeNumber>18</EpisodeNumber>
  <FirstAired>2011-03-26</FirstAired>
  <GuestStars></GuestStars>
  <IMDB_ID>tt1860047</IMDB_ID>
  <Language>en</Language>
  <Overview>Solomon and his team land at a heavily damaged space station when they are attacked by a burst of energy. Meanwhile, Octus is thrown a surprise birthday party by Lance and Ilana. During the party, Octus receives a distressing call from Solomon that requires Titan's immediate assistance. Titan arrives at the space station and are able to survive one encounter with the creature thanks to Solomon. He explains it is a creature made of pure energy and when it drains the energy of something, it cannot be recharged. As they flee from the creature, Octus is hit by the creature in his leg, and cannot fix it. The gang then decide to contain the creature instead of destroying it. Lance and Solomon head towards the creature while Octus and Ilana hide. They manage to trap the creature temporarily, until Solomon's ship arrives. All of them escape, except for Lance due to the cable breaking. Octus saves him but is drained by the creature. When they try to recharge his mainframe it fails, and after an angry Lance uses Solomon's ship to destroy the station and the creature within, he, Ilana and Solomon mourn Octus' death.</Overview>
  <ProductionCode></ProductionCode>
  <Rating>7.0</Rating>
  <RatingCount>1</RatingCount>
  <SeasonNumber>1</SeasonNumber>
  <Writer></Writer>
  <absolute_number>18</absolute_number>
  <filename>episodes/190511/3861311.jpg</filename>
  <lastupdated>1353707221</lastupdated>
  <seasonid>317751</seasonid>
  <seriesid>190511</seriesid>
</Episode>
<Episode>
  <id>3968751</id>
  <Combined_episodenumber>19</Combined_episodenumber>
  <Combined_season>1</Combined_season>
  <DVD_chapter></DVD_chapter>
  <DVD_discid></DVD_discid>
  <DVD_episodenumber></DVD_episodenumber>
  <DVD_season></DVD_season>
  <Director></Director>
  <EpImgFlag>1</EpImgFlag>
  <EpisodeName>Steel Foe</EpisodeName>
  <EpisodeNumber>19</EpisodeNumber>
  <FirstAired>2011-04-02</FirstAired>
  <GuestStars></GuestStars>
  <IMDB_ID>tt1860051</IMDB_ID>
  <Language>en</Language>
  <Overview>General Steel unleashes his newest dastardly creation in the form of his own giant killer robot, and faces the team of heroes to scramble in order to find a way to defend themselves and the planet without the aid of Octus.</Overview>
  <ProductionCode></ProductionCode>
  <Rating></Rating>
  <RatingCount>0</RatingCount>
  <SeasonNumber>1</SeasonNumber>
  <Writer></Writer>
  <absolute_number>19</absolute_number>
  <filename>episodes/190511/3968751.jpg</filename>
  <lastupdated>1353707252</lastupdated>
  <seasonid>317751</seasonid>
  <seriesid>190511</seriesid>
</Episode>
<Episode>
  <id>3968761</id>
  <Combined_episodenumber>20</Combined_episodenumber>
  <Combined_season>1</Combined_season>
  <DVD_chapter></DVD_chapter>
  <DVD_discid></DVD_discid>
  <DVD_episodenumber></DVD_episodenumber>
  <DVD_season></DVD_season>
  <Director></Director>
  <EpImgFlag>2</EpImgFlag>
  <EpisodeName>A New Beginning</EpisodeName>
  <EpisodeNumber>20</EpisodeNumber>
  <FirstAired>2011-04-09</FirstAired>
  <GuestStars></GuestStars>
  <IMDB_ID>tt1860048</IMDB_ID>
  <Language>en</Language>
  <Overview>After Solomon saved Lance and Ilana from General Steel, three nearly-indestructible Mutraddi beasts were sent to ravage the Earth. Lance, Ilana, the US army, and G3 must set aside their difference to defeat the trio of giant creatures.</Overview>
  <ProductionCode></ProductionCode>
  <Rating>8.0</Rating>
  <RatingCount>1</RatingCount>
  <SeasonNumber>1</SeasonNumber>
  <Writer></Writer>
  <absolute_number>20</absolute_number>
  <filename>episodes/190511/3968761.jpg</filename>
  <lastupdated>1353707342</lastupdated>
  <seasonid>317751</seasonid>
  <seriesid>190511</seriesid>
</Episode>
<Episode>
  <id>4026741</id>
  <Combined_episodenumber>21</Combined_episodenumber>
  <Combined_season>1</Combined_season>
  <DVD_chapter></DVD_chapter>
  <DVD_discid></DVD_discid>
  <DVD_episodenumber></DVD_episodenumber>
  <DVD_season></DVD_season>
  <Director></Director>
  <EpImgFlag></EpImgFlag>
  <EpisodeName>A Hero Returns</EpisodeName>
  <EpisodeNumber>21</EpisodeNumber>
  <FirstAired></FirstAired>
  <GuestStars></GuestStars>
  <IMDB_ID></IMDB_ID>
  <Language>en</Language>
  <Overview></Overview>
  <ProductionCode></ProductionCode>
  <Rating></Rating>
  <RatingCount>0</RatingCount>
  <SeasonNumber>1</SeasonNumber>
  <Writer></Writer>
  <absolute_number></absolute_number>
  <filename></filename>
  <lastupdated>1353707371</lastupdated>
  <seasonid>317751</seasonid>
  <seriesid>190511</seriesid>
</Episode>
</Data>