<?xml version="1.0" encoding="UTF-8" ?>
<Banners>
<Banner>
  <id>894925</id>
  <BannerPath>fanart/original/164301-26.jpg</BannerPath>
  <BannerType>fanart</BannerType>
  <BannerType2>1920x1080</BannerType2>
  <Colors></Colors>
  <Language>en</Language>
  <Rating>7.8333</Rating>
  <RatingCount>6</RatingCount>
  <SeriesName>false</SeriesName>
  <ThumbnailPath>_cache/fanart/original/164301-26.jpg</ThumbnailPath>
  <VignettePath>fanart/vignette/164301-26.jpg</VignettePath>
</Banner>
<Banner>
  <id>861862</id>
  <BannerPath>fanart/original/164301-2.jpg</BannerPath>
  <BannerType>fanart</BannerType>
  <BannerType2>1280x720</BannerType2>
  <Colors>|95,0,26|1,0,18|95,122,167|</Colors>
  <Language>de</Language>
  <Rating>7.8000</Rating>
  <RatingCount>10</RatingCount>
  <SeriesName>false</SeriesName>
  <ThumbnailPath>_cache/fanart/original/164301-2.jpg</ThumbnailPath>
  <VignettePath>fanart/vignette/164301-2.jpg</VignettePath>
</Banner>
<Banner>
  <id>587461</id>
  <BannerPath>fanart/original/164301-5.jpg</BannerPath>
  <BannerType>fanart</BannerType>
  <BannerType2>1920x1080</BannerType2>
  <Colors>|226,168,148|21,1,2|130,0,0|</Colors>
  <Language>en</Language>
  <Rating>7.3684</Rating>
  <RatingCount>19</RatingCount>
  <SeriesName>false</SeriesName>
  <ThumbnailPath>_cache/fanart/original/164301-5.jpg</ThumbnailPath>
  <VignettePath>fanart/vignette/164301-5.jpg</VignettePath>
</Banner>
<Banner>
  <id>535361</id>
  <BannerPath>fanart/original/164301-4.jpg</BannerPath>
  <BannerType>fanart</BannerType>
  <BannerType2>1920x1080</BannerType2>
  <Colors>|222,175,169|73,6,0|112,16,4|</Colors>
  <Language>en</Language>
  <Rating>7.2667</Rating>
  <RatingCount>15</RatingCount>
  <SeriesName>false</SeriesName>
  <ThumbnailPath>_cache/fanart/original/164301-4.jpg</ThumbnailPath>
  <VignettePath>fanart/vignette/164301-4.jpg</VignettePath>
</Banner>
<Banner>
  <id>936298</id>
  <BannerPath>fanart/original/164301-35.jpg</BannerPath>
  <BannerType>fanart</BannerType>
  <BannerType2>1920x1080</BannerType2>
  <Colors></Colors>
  <Language>de</Language>
  <Rating>7.0000</Rating>
  <RatingCount>1</RatingCount>
  <SeriesName>false</SeriesName>
  <ThumbnailPath>_cache/fanart/original/164301-35.jpg</ThumbnailPath>
  <VignettePath>fanart/vignette/164301-35.jpg</VignettePath>
</Banner>
<Banner>
  <id>896401</id>
  <BannerPath>fanart/original/164301-27.jpg</BannerPath>
  <BannerType>fanart</BannerType>
  <BannerType2>1920x1080</BannerType2>
  <Colors></Colors>
  <Language>de</Language>
  <Rating>7.0000</Rating>
  <RatingCount>4</RatingCount>
  <SeriesName>false</SeriesName>
  <ThumbnailPath>_cache/fanart/original/164301-27.jpg</ThumbnailPath>
  <VignettePath>fanart/vignette/164301-27.jpg</VignettePath>
</Banner>
<Banner>
  <id>830601</id>
  <BannerPath>fanart/original/164301-11.jpg</BannerPath>
  <BannerType>fanart</BannerType>
  <BannerType2>1920x1080</BannerType2>
  <Colors>|86,25,20|86,25,20|86,25,20|</Colors>
  <Language>en</Language>
  <Rating>6.8571</Rating>
  <RatingCount>7</RatingCount>
  <SeriesName>false</SeriesName>
  <ThumbnailPath>_cache/fanart/original/164301-11.jpg</ThumbnailPath>
  <VignettePath>fanart/vignette/164301-11.jpg</VignettePath>
</Banner>
<Banner>
  <id>864179</id>
  <BannerPath>fanart/original/164301-14.jpg</BannerPath>
  <BannerType>fanart</BannerType>
  <BannerType2>1920x1080</BannerType2>
  <Colors>|61,72,76|176,138,163|154,125,145|</Colors>
  <Language>en</Language>
  <Rating>6.7143</Rating>
  <RatingCount>7</RatingCount>
  <SeriesName>false</SeriesName>
  <ThumbnailPath>_cache/fanart/original/164301-14.jpg</ThumbnailPath>
  <VignettePath>fanart/vignette/164301-14.jpg</VignettePath>
</Banner>
<Banner>
  <id>830611</id>
  <BannerPath>fanart/original/164301-12.jpg</BannerPath>
  <BannerType>fanart</BannerType>
  <BannerType2>1920x1080</BannerType2>
  <Colors>|153,150,141|0,112,116|38,53,50|</Colors>
  <Language>en</Language>
  <Rating>6.7143</Rating>
  <RatingCount>7</RatingCount>
  <SeriesName>false</SeriesName>
  <ThumbnailPath>_cache/fanart/original/164301-12.jpg</ThumbnailPath>
  <VignettePath>fanart/vignette/164301-12.jpg</VignettePath>
</Banner>
<Banner>
  <id>771241</id>
  <BannerPath>fanart/original/164301-8.jpg</BannerPath>
  <BannerType>fanart</BannerType>
  <BannerType2>1920x1080</BannerType2>
  <Colors></Colors>
  <Language>en</Language>
  <Rating>6.4286</Rating>
  <RatingCount>7</RatingCount>
  <SeriesName>false</SeriesName>
  <ThumbnailPath>_cache/fanart/original/164301-8.jpg</ThumbnailPath>
  <VignettePath>fanart/vignette/164301-8.jpg</VignettePath>
</Banner>
<Banner>
  <id>495371</id>
  <BannerPath>fanart/original/164301-3.jpg</BannerPath>
  <BannerType>fanart</BannerType>
  <BannerType2>1920x1080</BannerType2>
  <Colors></Colors>
  <Language>en</Language>
  <Rating>6.3000</Rating>
  <RatingCount>10</RatingCount>
  <SeriesName>false</SeriesName>
  <ThumbnailPath>_cache/fanart/original/164301-3.jpg</ThumbnailPath>
  <VignettePath>fanart/vignette/164301-3.jpg</VignettePath>
</Banner>
<Banner>
  <id>910008</id>
  <BannerPath>fanart/original/164301-32.jpg</BannerPath>
  <BannerType>fanart</BannerType>
  <BannerType2>1920x1080</BannerType2>
  <Colors></Colors>
  <Language>en</Language>
  <Rating>6.2500</Rating>
  <RatingCount>4</RatingCount>
  <SeriesName>false</SeriesName>
  <ThumbnailPath>_cache/fanart/original/164301-32.jpg</ThumbnailPath>
  <VignettePath>fanart/vignette/164301-32.jpg</VignettePath>
</Banner>
<Banner>
  <id>877223</id>
  <BannerPath>fanart/original/164301-17.jpg</BannerPath>
  <BannerType>fanart</BannerType>
  <BannerType2>1920x1080</BannerType2>
  <Colors>|207,234,241|27,111,122|109,169,170|</Colors>
  <Language>en</Language>
  <Rating>5.8333</Rating>
  <RatingCount>6</RatingCount>
  <SeriesName>false</SeriesName>
  <ThumbnailPath>_cache/fanart/original/164301-17.jpg</ThumbnailPath>
  <VignettePath>fanart/vignette/164301-17.jpg</VignettePath>
</Banner>
<Banner>
  <id>864254</id>
  <BannerPath>fanart/original/164301-15.jpg</BannerPath>
  <BannerType>fanart</BannerType>
  <BannerType2>1920x1080</BannerType2>
  <Colors></Colors>
  <Language>de</Language>
  <Rating>5.6667</Rating>
  <RatingCount>3</RatingCount>
  <SeriesName>false</SeriesName>
  <ThumbnailPath>_cache/fanart/original/164301-15.jpg</ThumbnailPath>
  <VignettePath>fanart/vignette/164301-15.jpg</VignettePath>
</Banner>
<Banner>
  <id>783731</id>
  <BannerPath>fanart/original/164301-10.jpg</BannerPath>
  <BannerType>fanart</BannerType>
  <BannerType2>1920x1080</BannerType2>
  <Colors></Colors>
  <Language>en</Language>
  <Rating>5.5000</Rating>
  <RatingCount>4</RatingCount>
  <SeriesName>false</SeriesName>
  <ThumbnailPath>_cache/fanart/original/164301-10.jpg</ThumbnailPath>
  <VignettePath>fanart/vignette/164301-10.jpg</VignettePath>
</Banner>
<Banner>
  <id>766831</id>
  <BannerPath>fanart/original/164301-9.jpg</BannerPath>
  <BannerType>fanart</BannerType>
  <BannerType2>1920x1080</BannerType2>
  <Colors></Colors>
  <Language>en</Language>
  <Rating>5.2500</Rating>
  <RatingCount>4</RatingCount>
  <SeriesName>false</SeriesName>
  <ThumbnailPath>_cache/fanart/original/164301-9.jpg</ThumbnailPath>
  <VignettePath>fanart/vignette/164301-9.jpg</VignettePath>
</Banner>
<Banner>
  <id>910010</id>
  <BannerPath>fanart/original/164301-33.jpg</BannerPath>
  <BannerType>fanart</BannerType>
  <BannerType2>1920x1080</BannerType2>
  <Colors></Colors>
  <Language>en</Language>
  <Rating>5.0000</Rating>
  <RatingCount>4</RatingCount>
  <SeriesName>false</SeriesName>
  <ThumbnailPath>_cache/fanart/original/164301-33.jpg</ThumbnailPath>
  <VignettePath>fanart/vignette/164301-33.jpg</VignettePath>
</Banner>
<Banner>
  <id>495351</id>
  <BannerPath>fanart/original/164301-1.jpg</BannerPath>
  <BannerType>fanart</BannerType>
  <BannerType2>1920x1080</BannerType2>
  <Colors>|226,189,173|3,1,2|113,80,49|</Colors>
  <Language>en</Language>
  <Rating>4.8571</Rating>
  <RatingCount>7</RatingCount>
  <SeriesName>false</SeriesName>
  <ThumbnailPath>_cache/fanart/original/164301-1.jpg</ThumbnailPath>
  <VignettePath>fanart/vignette/164301-1.jpg</VignettePath>
</Banner>
<Banner>
  <id>877484</id>
  <BannerPath>fanart/original/164301-19.jpg</BannerPath>
  <BannerType>fanart</BannerType>
  <BannerType2>1920x1080</BannerType2>
  <Colors></Colors>
  <Language>de</Language>
  <Rating>4.6667</Rating>
  <RatingCount>3</RatingCount>
  <SeriesName>false</SeriesName>
  <ThumbnailPath>_cache/fanart/original/164301-19.jpg</ThumbnailPath>
  <VignettePath>fanart/vignette/164301-19.jpg</VignettePath>
</Banner>
<Banner>
  <id>884575</id>
  <BannerPath>fanart/original/164301-25.jpg</BannerPath>
  <BannerType>fanart</BannerType>
  <BannerType2>1920x1080</BannerType2>
  <Colors>|226,201,241|20,19,24|42,45,98|</Colors>
  <Language>en</Language>
  <Rating>4.5000</Rating>
  <RatingCount>4</RatingCount>
  <SeriesName>false</SeriesName>
  <ThumbnailPath>_cache/fanart/original/164301-25.jpg</ThumbnailPath>
  <VignettePath>fanart/vignette/164301-25.jpg</VignettePath>
</Banner>
<Banner>
  <id>775421</id>
  <BannerPath>fanart/original/164301-7.jpg</BannerPath>
  <BannerType>fanart</BannerType>
  <BannerType2>1920x1080</BannerType2>
  <Colors></Colors>
  <Language>de</Language>
  <Rating>4.3333</Rating>
  <RatingCount>3</RatingCount>
  <SeriesName>false</SeriesName>
  <ThumbnailPath>_cache/fanart/original/164301-7.jpg</ThumbnailPath>
  <VignettePath>fanart/vignette/164301-7.jpg</VignettePath>
</Banner>
<Banner>
  <id>880284</id>
  <BannerPath>fanart/original/164301-23.jpg</BannerPath>
  <BannerType>fanart</BannerType>
  <BannerType2>1920x1080</BannerType2>
  <Colors></Colors>
  <Language>en</Language>
  <Rating>4.0000</Rating>
  <RatingCount>2</RatingCount>
  <SeriesName>false</SeriesName>
  <ThumbnailPath>_cache/fanart/original/164301-23.jpg</ThumbnailPath>
  <VignettePath>fanart/vignette/164301-23.jpg</VignettePath>
</Banner>
<Banner>
  <id>833221</id>
  <BannerPath>fanart/original/164301-13.jpg</BannerPath>
  <BannerType>fanart</BannerType>
  <BannerType2>1920x1080</BannerType2>
  <Colors>|133,22,29|44,15,19|106,12,26|</Colors>
  <Language>de</Language>
  <Rating>4.0000</Rating>
  <RatingCount>3</RatingCount>
  <SeriesName>false</SeriesName>
  <ThumbnailPath>_cache/fanart/original/164301-13.jpg</ThumbnailPath>
  <VignettePath>fanart/vignette/164301-13.jpg</VignettePath>
</Banner>
<Banner>
  <id>877374</id>
  <BannerPath>fanart/original/164301-18.jpg</BannerPath>
  <BannerType>fanart</BannerType>
  <BannerType2>1920x1080</BannerType2>
  <Colors></Colors>
  <Language>en</Language>
  <Rating>4.0000</Rating>
  <RatingCount>3</RatingCount>
  <SeriesName>false</SeriesName>
  <ThumbnailPath>_cache/fanart/original/164301-18.jpg</ThumbnailPath>
  <VignettePath>fanart/vignette/164301-18.jpg</VignettePath>
</Banner>
<Banner>
  <id>907754</id>
  <BannerPath>fanart/original/164301-30.jpg</BannerPath>
  <BannerType>fanart</BannerType>
  <BannerType2>1920x1080</BannerType2>
  <Colors></Colors>
  <Language>de</Language>
  <Rating>1.0000</Rating>
  <RatingCount>1</RatingCount>
  <SeriesName>false</SeriesName>
  <ThumbnailPath>_cache/fanart/original/164301-30.jpg</ThumbnailPath>
  <VignettePath>fanart/vignette/164301-30.jpg</VignettePath>
</Banner>
<Banner>
  <id>907753</id>
  <BannerPath>fanart/original/164301-29.jpg</BannerPath>
  <BannerType>fanart</BannerType>
  <BannerType2>1920x1080</BannerType2>
  <Colors></Colors>
  <Language>de</Language>
  <Rating>1.0000</Rating>
  <RatingCount>1</RatingCount>
  <SeriesName>false</SeriesName>
  <ThumbnailPath>_cache/fanart/original/164301-29.jpg</ThumbnailPath>
  <VignettePath>fanart/vignette/164301-29.jpg</VignettePath>
</Banner>
<Banner>
  <id>909306</id>
  <BannerPath>fanart/original/164301-31.jpg</BannerPath>
  <BannerType>fanart</BannerType>
  <BannerType2>1920x1080</BannerType2>
  <Colors></Colors>
  <Language>en</Language>
  <Rating>1.0000</Rating>
  <RatingCount>1</RatingCount>
  <SeriesName>false</SeriesName>
  <ThumbnailPath>_cache/fanart/original/164301-31.jpg</ThumbnailPath>
  <VignettePath>fanart/vignette/164301-31.jpg</VignettePath>
</Banner>
<Banner>
  <id>877485</id>
  <BannerPath>fanart/original/164301-20.jpg</BannerPath>
  <BannerType>fanart</BannerType>
  <BannerType2>1920x1080</BannerType2>
  <Colors></Colors>
  <Language>de</Language>
  <Rating>1.0000</Rating>
  <RatingCount>1</RatingCount>
  <SeriesName>false</SeriesName>
  <ThumbnailPath>_cache/fanart/original/164301-20.jpg</ThumbnailPath>
  <VignettePath>fanart/vignette/164301-20.jpg</VignettePath>
</Banner>
<Banner>
  <id>865949</id>
  <BannerPath>fanart/original/164301-16.jpg</BannerPath>
  <BannerType>fanart</BannerType>
  <BannerType2>1920x1080</BannerType2>
  <Colors></Colors>
  <Language>de</Language>
  <Rating>1.0000</Rating>
  <RatingCount>1</RatingCount>
  <SeriesName>false</SeriesName>
  <ThumbnailPath>_cache/fanart/original/164301-16.jpg</ThumbnailPath>
  <VignettePath>fanart/vignette/164301-16.jpg</VignettePath>
</Banner>
<Banner>
  <id>878092</id>
  <BannerPath>fanart/original/164301-21.jpg</BannerPath>
  <BannerType>fanart</BannerType>
  <BannerType2>1920x1080</BannerType2>
  <Colors>|248,249,254|1,1,1|194,159,117|</Colors>
  <Language>de</Language>
  <Rating>1.0000</Rating>
  <RatingCount>1</RatingCount>
  <SeriesName>false</SeriesName>
  <ThumbnailPath>_cache/fanart/original/164301-21.jpg</ThumbnailPath>
  <VignettePath>fanart/vignette/164301-21.jpg</VignettePath>
</Banner>
<Banner>
  <id>903710</id>
  <BannerPath>fanart/original/164301-28.jpg</BannerPath>
  <BannerType>fanart</BannerType>
  <BannerType2>1920x1080</BannerType2>
  <Colors></Colors>
  <Language>en</Language>
  <Rating>1.0000</Rating>
  <RatingCount>1</RatingCount>
  <SeriesName>false</SeriesName>
  <ThumbnailPath>_cache/fanart/original/164301-28.jpg</ThumbnailPath>
  <VignettePath>fanart/vignette/164301-28.jpg</VignettePath>
</Banner>
<Banner>
  <id>882524</id>
  <BannerPath>fanart/original/164301-24.jpg</BannerPath>
  <BannerType>fanart</BannerType>
  <BannerType2>1280x720</BannerType2>
  <Colors></Colors>
  <Language>en</Language>
  <Rating>1.0000</Rating>
  <RatingCount>1</RatingCount>
  <SeriesName>true</SeriesName>
  <ThumbnailPath>_cache/fanart/original/164301-24.jpg</ThumbnailPath>
  <VignettePath>fanart/vignette/164301-24.jpg</VignettePath>
</Banner>
<Banner>
  <id>879722</id>
  <BannerPath>fanart/original/164301-22.jpg</BannerPath>
  <BannerType>fanart</BannerType>
  <BannerType2>1280x720</BannerType2>
  <Colors>|186,166,115|186,166,115|68,65,74|</Colors>
  <Language>de</Language>
  <Rating>1.0000</Rating>
  <RatingCount>1</RatingCount>
  <SeriesName>false</SeriesName>
  <ThumbnailPath>_cache/fanart/original/164301-22.jpg</ThumbnailPath>
  <VignettePath>fanart/vignette/164301-22.jpg</VignettePath>
</Banner>
<Banner>
  <id>597651</id>
  <BannerPath>fanart/original/164301-6.jpg</BannerPath>
  <BannerType>fanart</BannerType>
  <BannerType2>1920x1080</BannerType2>
  <Colors></Colors>
  <Language>de</Language>
  <Rating>1.0000</Rating>
  <RatingCount>1</RatingCount>
  <SeriesName>false</SeriesName>
  <ThumbnailPath>_cache/fanart/original/164301-6.jpg</ThumbnailPath>
  <VignettePath>fanart/vignette/164301-6.jpg</VignettePath>
</Banner>
<Banner>
  <id>936297</id>
  <BannerPath>fanart/original/164301-34.jpg</BannerPath>
  <BannerType>fanart</BannerType>
  <BannerType2>1920x1080</BannerType2>
  <Colors></Colors>
  <Language>de</Language>
  <Rating></Rating>
  <RatingCount>0</RatingCount>
  <SeriesName>false</SeriesName>
  <ThumbnailPath>_cache/fanart/original/164301-34.jpg</ThumbnailPath>
  <VignettePath>fanart/vignette/164301-34.jpg</VignettePath>
</Banner>
<Banner>
  <id>894926</id>
  <BannerPath>posters/164301-7.jpg</BannerPath>
  <BannerType>poster</BannerType>
  <BannerType2>680x1000</BannerType2>
  <Language>en</Language>
  <Rating>7.6667</Rating>
  <RatingCount>6</RatingCount>
</Banner>
<Banner>
  <id>541941</id>
  <BannerPath>posters/164301-2.jpg</BannerPath>
  <BannerType>poster</BannerType>
  <BannerType2>680x1000</BannerType2>
  <Language>en</Language>
  <Rating>7.6667</Rating>
  <RatingCount>12</RatingCount>
</Banner>
<Banner>
  <id>864181</id>
  <BannerPath>posters/164301-5.jpg</BannerPath>
  <BannerType>poster</BannerType>
  <BannerType2>680x1000</BannerType2>
  <Language>en</Language>
  <Rating>7.0909</Rating>
  <RatingCount>11</RatingCount>
</Banner>
<Banner>
  <id>928025</id>
  <BannerPath>posters/164301-11.jpg</BannerPath>
  <BannerType>poster</BannerType>
  <BannerType2>680x1000</BannerType2>
  <Language>en</Language>
  <Rating>7.0000</Rating>
  <RatingCount>6</RatingCount>
</Banner>
<Banner>
  <id>927026</id>
  <BannerPath>posters/164301-10.jpg</BannerPath>
  <BannerType>poster</BannerType>
  <BannerType2>680x1000</BannerType2>
  <Language>en</Language>
  <Rating>7.0000</Rating>
  <RatingCount>1</RatingCount>
</Banner>
<Banner>
  <id>779221</id>
  <BannerPath>posters/164301-4.jpg</BannerPath>
  <BannerType>poster</BannerType>
  <BannerType2>680x1000</BannerType2>
  <Language>en</Language>
  <Rating>6.7500</Rating>
  <RatingCount>8</RatingCount>
</Banner>
<Banner>
  <id>914602</id>
  <BannerPath>posters/164301-9.jpg</BannerPath>
  <BannerType>poster</BannerType>
  <BannerType2>680x1000</BannerType2>
  <Language>en</Language>
  <Rating>6.0000</Rating>
  <RatingCount>3</RatingCount>
</Banner>
<Banner>
  <id>541951</id>
  <BannerPath>posters/164301-3.jpg</BannerPath>
  <BannerType>poster</BannerType>
  <BannerType2>680x1000</BannerType2>
  <Language>en</Language>
  <Rating>5.4000</Rating>
  <RatingCount>5</RatingCount>
</Banner>
<Banner>
  <id>495381</id>
  <BannerPath>posters/164301-1.jpg</BannerPath>
  <BannerType>poster</BannerType>
  <BannerType2>680x1000</BannerType2>
  <Language>en</Language>
  <Rating>5.4000</Rating>
  <RatingCount>5</RatingCount>
</Banner>
<Banner>
  <id>884576</id>
  <BannerPath>posters/164301-6.jpg</BannerPath>
  <BannerType>poster</BannerType>
  <BannerType2>680x1000</BannerType2>
  <Language>en</Language>
  <Rating>5.2500</Rating>
  <RatingCount>4</RatingCount>
</Banner>
<Banner>
  <id>911748</id>
  <BannerPath>posters/164301-8.jpg</BannerPath>
  <BannerType>poster</BannerType>
  <BannerType2>680x1000</BannerType2>
  <Language>en</Language>
  <Rating></Rating>
  <RatingCount>0</RatingCount>
</Banner>
<Banner>
  <id>912487</id>
  <BannerPath>seasons/164301-2-4.jpg</BannerPath>
  <BannerType>season</BannerType>
  <BannerType2>season</BannerType2>
  <Language>en</Language>
  <Rating>10.0000</Rating>
  <RatingCount>3</RatingCount>
  <Season>2</Season>
</Banner>
<Banner>
  <id>927090</id>
  <BannerPath>seasons/164301-3.jpg</BannerPath>
  <BannerType>season</BannerType>
  <BannerType2>season</BannerType2>
  <Language>en</Language>
  <Rating>10.0000</Rating>
  <RatingCount>2</RatingCount>
  <Season>3</Season>
</Banner>
<Banner>
  <id>864753</id>
  <BannerPath>seasons/164301-1.jpg</BannerPath>
  <BannerType>season</BannerType>
  <BannerType2>season</BannerType2>
  <Language>en</Language>
  <Rating>10.0000</Rating>
  <RatingCount>3</RatingCount>
  <Season>1</Season>
</Banner>
<Banner>
  <id>877757</id>
  <BannerPath>seasons/164301-2-2.jpg</BannerPath>
  <BannerType>season</BannerType>
  <BannerType2>season</BannerType2>
  <Language>en</Language>
  <Rating>9.2500</Rating>
  <RatingCount>4</RatingCount>
  <Season>2</Season>
</Banner>
<Banner>
  <id>894964</id>
  <BannerPath>seasons/164301-2-3.jpg</BannerPath>
  <BannerType>season</BannerType>
  <BannerType2>season</BannerType2>
  <Language>en</Language>
  <Rating>8.5000</Rating>
  <RatingCount>2</RatingCount>
  <Season>2</Season>
</Banner>
<Banner>
  <id>865752</id>
  <BannerPath>seasons/164301-2.jpg</BannerPath>
  <BannerType>season</BannerType>
  <BannerType2>season</BannerType2>
  <Language>en</Language>
  <Rating>7.0000</Rating>
  <RatingCount>3</RatingCount>
  <Season>2</Season>
</Banner>
<Banner>
  <id>600161</id>
  <BannerPath>seasons/164301-1-2.jpg</BannerPath>
  <BannerType>season</BannerType>
  <BannerType2>season</BannerType2>
  <Language>en</Language>
  <Rating>6.0000</Rating>
  <RatingCount>2</RatingCount>
  <Season>1</Season>
</Banner>
<Banner>
  <id>904210</id>
  <BannerPath>seasons/164301-1-3.jpg</BannerPath>
  <BannerType>season</BannerType>
  <BannerType2>season</BannerType2>
  <Language>en</Language>
  <Rating>5.5000</Rating>
  <RatingCount>2</RatingCount>
  <Season>1</Season>
</Banner>
<Banner>
  <id>928027</id>
  <BannerPath>seasons/164301-3-2.jpg</BannerPath>
  <BannerType>season</BannerType>
  <BannerType2>season</BannerType2>
  <Language>en</Language>
  <Rating></Rating>
  <RatingCount>0</RatingCount>
  <Season>3</Season>
</Banner>
<Banner>
  <id>914849</id>
  <BannerPath>seasons/164301-1-4.jpg</BannerPath>
  <BannerType>season</BannerType>
  <BannerType2>season</BannerType2>
  <Language>pt</Language>
  <Rating></Rating>
  <RatingCount>0</RatingCount>
  <Season>1</Season>
</Banner>
<Banner>
  <id>869098</id>
  <BannerPath>seasons/164301-0.jpg</BannerPath>
  <BannerType>season</BannerType>
  <BannerType2>season</BannerType2>
  <Language>en</Language>
  <Rating></Rating>
  <RatingCount>0</RatingCount>
  <Season>0</Season>
</Banner>
<Banner>
  <id>913061</id>
  <BannerPath>graphical/164301-g12.jpg</BannerPath>
  <BannerType>series</BannerType>
  <BannerType2>graphical</BannerType2>
  <Language>en</Language>
  <Rating>8.0000</Rating>
  <RatingCount>3</RatingCount>
</Banner>
<Banner>
  <id>894963</id>
  <BannerPath>graphical/164301-g10.jpg</BannerPath>
  <BannerType>series</BannerType>
  <BannerType2>graphical</BannerType2>
  <Language>en</Language>
  <Rating>7.6000</Rating>
  <RatingCount>5</RatingCount>
</Banner>
<Banner>
  <id>585071</id>
  <BannerPath>graphical/164301-g6.jpg</BannerPath>
  <BannerType>series</BannerType>
  <BannerType2>graphical</BannerType2>
  <Language>en</Language>
  <Rating>7.0000</Rating>
  <RatingCount>9</RatingCount>
</Banner>
<Banner>
  <id>490141</id>
  <BannerPath>graphical/164301-g2.jpg</BannerPath>
  <BannerType>series</BannerType>
  <BannerType2>graphical</BannerType2>
  <Language>en</Language>
  <Rating>6.8571</Rating>
  <RatingCount>7</RatingCount>
</Banner>
<Banner>
  <id>550631</id>
  <BannerPath>graphical/164301-g4.jpg</BannerPath>
  <BannerType>series</BannerType>
  <BannerType2>graphical</BannerType2>
  <Language>en</Language>
  <Rating>6.7778</Rating>
  <RatingCount>9</RatingCount>
</Banner>
<Banner>
  <id>541931</id>
  <BannerPath>graphical/164301-g3.jpg</BannerPath>
  <BannerType>series</BannerType>
  <BannerType2>graphical</BannerType2>
  <Language>en</Language>
  <Rating>6.6250</Rating>
  <RatingCount>8</RatingCount>
</Banner>
<Banner>
  <id>550801</id>
  <BannerPath>graphical/164301-g5.jpg</BannerPath>
  <BannerType>series</BannerType>
  <BannerType2>graphical</BannerType2>
  <Language>en</Language>
  <Rating>5.8571</Rating>
  <RatingCount>7</RatingCount>
</Banner>
<Banner>
  <id>861854</id>
  <BannerPath>graphical/164301-g8.jpg</BannerPath>
  <BannerType>series</BannerType>
  <BannerType2>graphical</BannerType2>
  <Language>en</Language>
  <Rating>5.8333</Rating>
  <RatingCount>6</RatingCount>
</Banner>
<Banner>
  <id>864180</id>
  <BannerPath>graphical/164301-g9.jpg</BannerPath>
  <BannerType>series</BannerType>
  <BannerType2>graphical</BannerType2>
  <Language>de</Language>
  <Rating>5.4000</Rating>
  <RatingCount>5</RatingCount>
</Banner>
<Banner>
  <id>598121</id>
  <BannerPath>graphical/164301-g7.jpg</BannerPath>
  <BannerType>series</BannerType>
  <BannerType2>graphical</BannerType2>
  <Language>en</Language>
  <Rating>5.0000</Rating>
  <RatingCount>6</RatingCount>
</Banner>
<Banner>
  <id>901677</id>
  <BannerPath>graphical/164301-g11.jpg</BannerPath>
  <BannerType>series</BannerType>
  <BannerType2>graphical</BannerType2>
  <Language>en</Language>
  <Rating>4.3333</Rating>
  <RatingCount>3</RatingCount>
</Banner>
<Banner>
  <id>482301</id>
  <BannerPath>graphical/164301-g.jpg</BannerPath>
  <BannerType>series</BannerType>
  <BannerType2>graphical</BannerType2>
  <Language>en</Language>
  <Rating>2.2000</Rating>
  <RatingCount>5</RatingCount>
</Banner>
</Banners>