<?xml version="1.0" encoding="UTF-8" ?>
<Data><Series>
  <id>164301</id>
  <Actors>|Maggie Q|Shane West|Lyndsy Fonseca|Aaron Stanford|Melinda Clarke|Xander Berkeley|Rob Stewart|Peter Outerbridge|Noah Bean|Dillon Casey|Devon Sawa|Tiffany Hines|Ashton Holmes|</Actors>
  <Airs_DayOfWeek>Friday</Airs_DayOfWeek>
  <Airs_Time>8:00 PM</Airs_Time>
  <ContentRating>TV-14</ContentRating>
  <FirstAired>2010-09-09</FirstAired>
  <Genre>|Action|Adventure|Drama|</Genre>
  <IMDB_ID>tt1592154</IMDB_ID>
  <Language>en</Language>
  <Network>The CW</Network>
  <NetworkID></NetworkID>
  <Overview>When she was a deeply troubled teenager, Nikita was rescued from death row and given a second chance by a secret U.S. agency known only as Division. What they didn't tell her was that she was being trained as a spy and assassin. Having escaped Division, Nikita is seeking retribution and will stop at nothing to expose and destroy their covert operation. </Overview>
  <Rating>8.2</Rating>
  <RatingCount>116</RatingCount>
  <Runtime>60</Runtime>
  <SeriesID>164301</SeriesID>
  <SeriesName>Nikita</SeriesName>
  <Status>Continuing</Status>
  <added>2010-05-20 12:28:55</added>
  <addedBy>235</addedBy>
  <banner>graphical/164301-g12.jpg</banner>
  <fanart>fanart/original/164301-26.jpg</fanart>
  <lastupdated>1364850986</lastupdated>
  <poster>posters/164301-7.jpg</poster>
  <zap2it_id>EP01280597</zap2it_id>
</Series>
<Episode>
  <id>2415991</id>
  <Combined_episodenumber>1</Combined_episodenumber>
  <Combined_season>1</Combined_season>
  <DVD_chapter></DVD_chapter>
  <DVD_discid></DVD_discid>
  <DVD_episodenumber></DVD_episodenumber>
  <DVD_season></DVD_season>
  <Director>Danny Cannon</Director>
  <EpImgFlag>2</EpImgFlag>
  <EpisodeName>Pilot</EpisodeName>
  <EpisodeNumber>1</EpisodeNumber>
  <FirstAired>2010-09-09</FirstAired>
  <GuestStars></GuestStars>
  <IMDB_ID>tt1669717</IMDB_ID>
  <Language>en</Language>
  <Overview>When she was a deeply troubled teenager, Nikita was rescued from death row by a secret U.S. agency known only as Division, who trained her as a spy and assassin. Nikita was eventually betrayed by the only people she thought she could trust. Now, after three years in hiding, Nikita is seeking retribution and making it clear to her former boss, Percy and her former friends Michael and Birkhoff that she will stop at nothing to expose and destroy their covert operation. Division continues to recruit and train other young people, among them Jaden and Thom, erasing all evidence of their former lives and turning them into cold and efficient killers. One of these new recruits, Alex is a beautiful girl with a violent past and a story not so different from Nikita's. The recruits all spend part of their training with Amanda, a master manipulator who can turn any ugly duckling into a swan and any bleeding heart into a killer.</Overview>
  <ProductionCode></ProductionCode>
  <Rating>7.7</Rating>
  <RatingCount>108</RatingCount>
  <SeasonNumber>1</SeasonNumber>
  <Writer>Craig Silverstein</Writer>
  <absolute_number></absolute_number>
  <filename>episodes/164301/2415991.jpg</filename>
  <lastupdated>1356794775</lastupdated>
  <seasonid>270371</seasonid>
  <seriesid>164301</seriesid>
</Episode>
<Episode>
  <id>2733071</id>
  <Combined_episodenumber>2</Combined_episodenumber>
  <Combined_season>1</Combined_season>
  <DVD_chapter></DVD_chapter>
  <DVD_discid></DVD_discid>
  <DVD_episodenumber></DVD_episodenumber>
  <DVD_season></DVD_season>
  <Director>Danny Cannon</Director>
  <EpImgFlag>2</EpImgFlag>
  <EpisodeName>2.0</EpisodeName>
  <EpisodeNumber>2</EpisodeNumber>
  <FirstAired>2010-09-16</FirstAired>
  <GuestStars></GuestStars>
  <IMDB_ID>tt1706167</IMDB_ID>
  <Language>en</Language>
  <Overview>Percy and Michael take their latest assignment, a Slavic leader wanted for war crimes, into protective custody. Nikita learns of their hideout and attempts to thwart their plan, but a mysterious group of mercenaries in search of nuclear material beats her to the task. Alex is activated earlier than expected for a special assignment that throws her into the crossfire of bullets. A flashback reveals a pivotal moment in Nikita's life.</Overview>
  <ProductionCode></ProductionCode>
  <Rating>7.6</Rating>
  <RatingCount>98</RatingCount>
  <SeasonNumber>1</SeasonNumber>
  <Writer>Craig Silverstein|David Levinson</Writer>
  <absolute_number></absolute_number>
  <filename>episodes/164301/2733071.jpg</filename>
  <lastupdated>1356794735</lastupdated>
  <seasonid>270371</seasonid>
  <seriesid>164301</seriesid>
</Episode>
<Episode>
  <id>2738381</id>
  <Combined_episodenumber>3</Combined_episodenumber>
  <Combined_season>1</Combined_season>
  <DVD_chapter></DVD_chapter>
  <DVD_discid></DVD_discid>
  <DVD_episodenumber></DVD_episodenumber>
  <DVD_season></DVD_season>
  <Director>David Solomon</Director>
  <EpImgFlag>2</EpImgFlag>
  <EpisodeName>Kill Jill</EpisodeName>
  <EpisodeNumber>3</EpisodeNumber>
  <FirstAired>2010-09-23</FirstAired>
  <GuestStars>Julie Gonzalo</GuestStars>
  <IMDB_ID>tt1705639</IMDB_ID>
  <Language>en</Language>
  <Overview>Nikita rescues Jill, a journalist who is trying to expose a conspiracy involving Division and a major plane crash. Michael and Percy suspect Birkhoff of being Nikita’s inside mole and send Amanda in to interrogate him... Michael enlists the help of the recruits, Alex, Jaden and Thom, to help them locate their latest target.</Overview>
  <ProductionCode></ProductionCode>
  <Rating>7.6</Rating>
  <RatingCount>94</RatingCount>
  <SeasonNumber>1</SeasonNumber>
  <Writer>Amanda Segel</Writer>
  <absolute_number></absolute_number>
  <filename>episodes/164301/2738381.jpg</filename>
  <lastupdated>1359383752</lastupdated>
  <seasonid>270371</seasonid>
  <seriesid>164301</seriesid>
</Episode>
<Episode>
  <id>2756411</id>
  <Combined_episodenumber>4</Combined_episodenumber>
  <Combined_season>1</Combined_season>
  <DVD_chapter></DVD_chapter>
  <DVD_discid></DVD_discid>
  <DVD_episodenumber></DVD_episodenumber>
  <DVD_season></DVD_season>
  <Director>Nick Copus</Director>
  <EpImgFlag>2</EpImgFlag>
  <EpisodeName>Rough Trade</EpisodeName>
  <EpisodeNumber>4</EpisodeNumber>
  <FirstAired>2010-09-30</FirstAired>
  <GuestStars></GuestStars>
  <IMDB_ID>tt1717365</IMDB_ID>
  <Language>en</Language>
  <Overview>Nikita delves into her past when she posed as a nanny for an influential government official and decides to right the wrong of his death. During the mission, Michael comes to Nikita’s rescue and begins to doubt Percy’s motives... Back at Division, while undergoing basic training, Alex suffers from a panic attack which prompts Amanda to break her of claustrophobia.</Overview>
  <ProductionCode></ProductionCode>
  <Rating>7.6</Rating>
  <RatingCount>86</RatingCount>
  <SeasonNumber>1</SeasonNumber>
  <Writer>Carlos Coto</Writer>
  <absolute_number></absolute_number>
  <filename>episodes/164301/2756411.jpg</filename>
  <lastupdated>1359383974</lastupdated>
  <seasonid>270371</seasonid>
  <seriesid>164301</seriesid>
</Episode>
<Episode>
  <id>2756421</id>
  <Combined_episodenumber>5</Combined_episodenumber>
  <Combined_season>1</Combined_season>
  <DVD_chapter></DVD_chapter>
  <DVD_discid></DVD_discid>
  <DVD_episodenumber></DVD_episodenumber>
  <DVD_season></DVD_season>
  <Director>David Solomon</Director>
  <EpImgFlag>2</EpImgFlag>
  <EpisodeName>The Guardian</EpisodeName>
  <EpisodeNumber>5</EpisodeNumber>
  <FirstAired>2010-10-07</FirstAired>
  <GuestStars>Devon Sawa|Bianca Lawson</GuestStars>
  <IMDB_ID>tt1719320</IMDB_ID>
  <Language>en</Language>
  <Overview>Divison’s secrets are at risk of being revealed to the world when Owen, a Division operative, escapes from a bank robbery and becomes a fugitive. Percy decides to search for Owen himself, which makes Michael suspicious of his motives. Nikita and Owen go head-to-head until Percy joins them for a tense standoff. Alex sneaks into Percy’s office to warn Nikita, but she is busted by Thom.</Overview>
  <ProductionCode></ProductionCode>
  <Rating>7.7</Rating>
  <RatingCount>90</RatingCount>
  <SeasonNumber>1</SeasonNumber>
  <Writer>Albert Kim</Writer>
  <absolute_number></absolute_number>
  <filename>episodes/164301/2756421.jpg</filename>
  <lastupdated>1359383719</lastupdated>
  <seasonid>270371</seasonid>
  <seriesid>164301</seriesid>
</Episode>
<Episode>
  <id>2822371</id>
  <Combined_episodenumber>6</Combined_episodenumber>
  <Combined_season>1</Combined_season>
  <DVD_chapter></DVD_chapter>
  <DVD_discid></DVD_discid>
  <DVD_episodenumber></DVD_episodenumber>
  <DVD_season></DVD_season>
  <Director>Guy Ferland</Director>
  <EpImgFlag>2</EpImgFlag>
  <EpisodeName>Resistance</EpisodeName>
  <EpisodeNumber>6</EpisodeNumber>
  <FirstAired>2010-10-21</FirstAired>
  <GuestStars>Devon Sawa</GuestStars>
  <IMDB_ID></IMDB_ID>
  <Language>en</Language>
  <Overview>A bus filled with Division recruits is attacked by terrorists who kidnap Alex and Thom, both of whom are unaware that this is a test by Division. Percy, Michael and Amanda watch as Alex is tortured. Alex breaks free and contacts Nikita for help. Meanwhile, Nikita has earned Owen's trust and he reveals some devastating news to Nikita about her fiancé.</Overview>
  <ProductionCode></ProductionCode>
  <Rating>7.7</Rating>
  <RatingCount>86</RatingCount>
  <SeasonNumber>1</SeasonNumber>
  <Writer>Kalinda Vasquez</Writer>
  <absolute_number></absolute_number>
  <filename>episodes/164301/2822371.jpg</filename>
  <lastupdated>1348823258</lastupdated>
  <seasonid>270371</seasonid>
  <seriesid>164301</seriesid>
</Episode>
<Episode>
  <id>2822381</id>
  <Combined_episodenumber>7</Combined_episodenumber>
  <Combined_season>1</Combined_season>
  <DVD_chapter></DVD_chapter>
  <DVD_discid></DVD_discid>
  <DVD_episodenumber></DVD_episodenumber>
  <DVD_season></DVD_season>
  <Director>Eagle Egilsson</Director>
  <EpImgFlag>2</EpImgFlag>
  <EpisodeName>The Recruit</EpisodeName>
  <EpisodeNumber>7</EpisodeNumber>
  <FirstAired>2010-10-28</FirstAired>
  <GuestStars></GuestStars>
  <IMDB_ID></IMDB_ID>
  <Language>en</Language>
  <Overview>Alex alerts Nikita that Division has activated one of the recruits to execute a suicide mission. Nikita intercepts the recruit at the same time Michael arrives, and the two exchange gunfire. Meanwhile, back at Division, a recruit attacks several guards, which leads to mass chaos.</Overview>
  <ProductionCode>3X6257</ProductionCode>
  <Rating>7.6</Rating>
  <RatingCount>87</RatingCount>
  <SeasonNumber>1</SeasonNumber>
  <Writer>Amanda Segel</Writer>
  <absolute_number></absolute_number>
  <filename>episodes/164301/2822381.jpg</filename>
  <lastupdated>1359383628</lastupdated>
  <seasonid>270371</seasonid>
  <seriesid>164301</seriesid>
</Episode>
<Episode>
  <id>2800981</id>
  <Combined_episodenumber>8</Combined_episodenumber>
  <Combined_season>1</Combined_season>
  <DVD_chapter></DVD_chapter>
  <DVD_discid></DVD_discid>
  <DVD_episodenumber></DVD_episodenumber>
  <DVD_season></DVD_season>
  <Director>David Barrett</Director>
  <EpImgFlag>2</EpImgFlag>
  <EpisodeName>Phoenix</EpisodeName>
  <EpisodeNumber>8</EpisodeNumber>
  <FirstAired>2010-11-04</FirstAired>
  <GuestStars></GuestStars>
  <IMDB_ID></IMDB_ID>
  <Language>en</Language>
  <Overview>Division sends Thom to eliminate Anna, a woman who was having a secret affair with a U.S. Senator. Division agrees to cover up any trace of the affair as long as the Senator agrees to help pass a bill that will continue to fund the agency. Nikita, with Alex's help, attempts to reach out to Anna's parents, but the conversation doesn't go as she expected. </Overview>
  <ProductionCode></ProductionCode>
  <Rating>7.8</Rating>
  <RatingCount>85</RatingCount>
  <SeasonNumber>1</SeasonNumber>
  <Writer>James Barnes</Writer>
  <absolute_number></absolute_number>
  <filename>episodes/164301/2800981.jpg</filename>
  <lastupdated>1348823300</lastupdated>
  <seasonid>270371</seasonid>
  <seriesid>164301</seriesid>
</Episode>
<Episode>
  <id>2886121</id>
  <Combined_episodenumber>9</Combined_episodenumber>
  <Combined_season>1</Combined_season>
  <DVD_chapter></DVD_chapter>
  <DVD_discid></DVD_discid>
  <DVD_episodenumber></DVD_episodenumber>
  <DVD_season></DVD_season>
  <Director>Ken Fink</Director>
  <EpImgFlag>2</EpImgFlag>
  <EpisodeName>One Way</EpisodeName>
  <EpisodeNumber>9</EpisodeNumber>
  <FirstAired>2010-11-11</FirstAired>
  <GuestStars></GuestStars>
  <IMDB_ID></IMDB_ID>
  <Language>en</Language>
  <Overview>Nikita and Michael temporarily team-up to kill a terrorist who murdered Michael’s family many years ago. When Percy learns this information, he sends Division agents to kill Nikita, who ultimately compromises the mission, leading to Michael’s capture by the terrorist group. Alex is caught going through medical files inside Division so she creates a lie that involves Jaden and almost blows her cover. </Overview>
  <ProductionCode></ProductionCode>
  <Rating>7.8</Rating>
  <RatingCount>82</RatingCount>
  <SeasonNumber>1</SeasonNumber>
  <Writer>Albert Kim</Writer>
  <absolute_number></absolute_number>
  <filename>episodes/164301/2886121.jpg</filename>
  <lastupdated>1348823323</lastupdated>
  <seasonid>270371</seasonid>
  <seriesid>164301</seriesid>
</Episode>
<Episode>
  <id>2952681</id>
  <Combined_episodenumber>10</Combined_episodenumber>
  <Combined_season>1</Combined_season>
  <DVD_chapter></DVD_chapter>
  <DVD_discid></DVD_discid>
  <DVD_episodenumber></DVD_episodenumber>
  <DVD_season></DVD_season>
  <Director>Danny Cannon</Director>
  <EpImgFlag>2</EpImgFlag>
  <EpisodeName>Dark Matter</EpisodeName>
  <EpisodeNumber>10</EpisodeNumber>
  <FirstAired>2010-12-02</FirstAired>
  <GuestStars>|Devon Sawa|Noah Bean|Jon Gries|</GuestStars>
  <IMDB_ID></IMDB_ID>
  <Language>en</Language>
  <Overview>Owen leaks secret information from Division’s black boxes to the media, revealing that the U.S. Government was responsible for an assassination in Chile. As a result, Percy frames a C.I.A. agent, Ryan Fletcher for the crime. Nikita and Owen go to Chile to rescue Ryan from mercenaries and in doing so end up getting captured. Nikita reveals the secrets of Division to Ryan in an effort to save all of their lives. Back inside Division, Alex spies on Percy and Birkhoff and witnesses a side to Percy she has never seen before.</Overview>
  <ProductionCode></ProductionCode>
  <Rating>7.7</Rating>
  <RatingCount>80</RatingCount>
  <SeasonNumber>1</SeasonNumber>
  <Writer>Carlos Coto</Writer>
  <absolute_number></absolute_number>
  <filename>episodes/164301/2952681.jpg</filename>
  <lastupdated>1359384035</lastupdated>
  <seasonid>270371</seasonid>
  <seriesid>164301</seriesid>
</Episode>
<Episode>
  <id>3012731</id>
  <Combined_episodenumber>11</Combined_episodenumber>
  <Combined_season>1</Combined_season>
  <DVD_chapter></DVD_chapter>
  <DVD_discid></DVD_discid>
  <DVD_episodenumber></DVD_episodenumber>
  <DVD_season></DVD_season>
  <Director>Terrence O'Hara</Director>
  <EpImgFlag>2</EpImgFlag>
  <EpisodeName>All the Way</EpisodeName>
  <EpisodeNumber>11</EpisodeNumber>
  <FirstAired>2010-12-09</FirstAired>
  <GuestStars></GuestStars>
  <IMDB_ID></IMDB_ID>
  <Language>en</Language>
  <Overview>Alex informs Nikita that Division is sending her on her first mission to kill the leader of a crime syndicate. Alex is uneasy about taking someone's life but is reassured by Nikita who insists on helping her with the kill order. Birkhoff informs Percy and Michael when he discovers the shell program that a Division mole has been using to connect to Nikita in the outside world. When the mission doesn't go as planned, Nikita makes a quick decision in an effort to clear Alex's name. Inside Division, Jayden attempts to reveal Alex as the mole but Thom steps in and a shocking accident clears her name.</Overview>
  <ProductionCode></ProductionCode>
  <Rating>7.9</Rating>
  <RatingCount>77</RatingCount>
  <SeasonNumber>1</SeasonNumber>
  <Writer>Craig Silverstein</Writer>
  <absolute_number></absolute_number>
  <filename>episodes/164301/3012731.jpg</filename>
  <lastupdated>1345647191</lastupdated>
  <seasonid>270371</seasonid>
  <seriesid>164301</seriesid>
</Episode>
<Episode>
  <id>3197651</id>
  <Combined_episodenumber>12</Combined_episodenumber>
  <Combined_season>1</Combined_season>
  <DVD_chapter></DVD_chapter>
  <DVD_discid></DVD_discid>
  <DVD_episodenumber></DVD_episodenumber>
  <DVD_season></DVD_season>
  <Director>Jonathan Glassner</Director>
  <EpImgFlag>2</EpImgFlag>
  <EpisodeName>Free</EpisodeName>
  <EpisodeNumber>12</EpisodeNumber>
  <FirstAired>2011-01-27</FirstAired>
  <GuestStars></GuestStars>
  <IMDB_ID>tt1790298</IMDB_ID>
  <Language>en</Language>
  <Overview>Now an agent, Alex gets a new apartment and is given a cover job. She meets her new neighbor Nathan who invites her to a party at his house. Nikita warns Alex about getting too involved with people but Alex struggles between her duties at Division and living a normal life. Nikita realizes Division has implanted a kill chip in Alex's head and sets out to gain control of the chip. While interrogating Birkhoff, Nikita stuns Ryan by revealing a secret.</Overview>
  <ProductionCode></ProductionCode>
  <Rating>7.7</Rating>
  <RatingCount>81</RatingCount>
  <SeasonNumber>1</SeasonNumber>
  <Writer>Kalinda Vazquez</Writer>
  <absolute_number></absolute_number>
  <filename>episodes/164301/3197651.jpg</filename>
  <lastupdated>1359384984</lastupdated>
  <seasonid>270371</seasonid>
  <seriesid>164301</seriesid>
</Episode>
<Episode>
  <id>3197641</id>
  <Combined_episodenumber>13</Combined_episodenumber>
  <Combined_season>1</Combined_season>
  <DVD_chapter></DVD_chapter>
  <DVD_discid></DVD_discid>
  <DVD_episodenumber></DVD_episodenumber>
  <DVD_season></DVD_season>
  <Director>Nathan Hope</Director>
  <EpImgFlag>2</EpImgFlag>
  <EpisodeName>Coup de Grace</EpisodeName>
  <EpisodeNumber>13</EpisodeNumber>
  <FirstAired>2011-02-03</FirstAired>
  <GuestStars></GuestStars>
  <IMDB_ID>tt1789419</IMDB_ID>
  <Language>en</Language>
  <Overview>Alex’s first assignment is a group mission to kill the Prince of Georgia at a museum gala. After Alex tells Nikita about the order, the two devise a plan to foil the assassination. However, Nikita trusts the wrong person and their plans are foiled, resulting in a stand-off and alerting Division that Nikita is in the building. Percy sends Michael in to kill Nikita.</Overview>
  <ProductionCode></ProductionCode>
  <Rating>7.7</Rating>
  <RatingCount>76</RatingCount>
  <SeasonNumber>1</SeasonNumber>
  <Writer>Albert Kim</Writer>
  <absolute_number></absolute_number>
  <filename>episodes/164301/3197641.jpg</filename>
  <lastupdated>1345647240</lastupdated>
  <seasonid>270371</seasonid>
  <seriesid>164301</seriesid>
</Episode>
<Episode>
  <id>3197631</id>
  <Combined_episodenumber>14</Combined_episodenumber>
  <Combined_season>1</Combined_season>
  <DVD_chapter></DVD_chapter>
  <DVD_discid></DVD_discid>
  <DVD_episodenumber></DVD_episodenumber>
  <DVD_season></DVD_season>
  <Director>David Solomon</Director>
  <EpImgFlag>2</EpImgFlag>
  <EpisodeName>The Next Seduction</EpisodeName>
  <EpisodeNumber>14</EpisodeNumber>
  <FirstAired>2011-02-10</FirstAired>
  <GuestStars></GuestStars>
  <IMDB_ID>tt1809884</IMDB_ID>
  <Language>en</Language>
  <Overview>Ryan intercepts information about a dangerous new weapon coming into the U.S. and asks Nikita to help him prevent its delivery. Nikita learns that the man bringing the weapon into the country is Voss, a man Division forced her to have a relationship with while working undercover. She reluctantly resumes her alter ego to prevent the missile from being delivered. Meanwhile, Michael interferes with Alex's relationship with Nathan.</Overview>
  <ProductionCode></ProductionCode>
  <Rating>7.8</Rating>
  <RatingCount>73</RatingCount>
  <SeasonNumber>1</SeasonNumber>
  <Writer>Juan Carlos Coto</Writer>
  <absolute_number></absolute_number>
  <filename>episodes/164301/3197631.jpg</filename>
  <lastupdated>1348823064</lastupdated>
  <seasonid>270371</seasonid>
  <seriesid>164301</seriesid>
</Episode>
<Episode>
  <id>3265191</id>
  <Combined_episodenumber>15</Combined_episodenumber>
  <Combined_season>1</Combined_season>
  <DVD_chapter></DVD_chapter>
  <DVD_discid></DVD_discid>
  <DVD_episodenumber></DVD_episodenumber>
  <DVD_season></DVD_season>
  <Director>Mark Ivanir</Director>
  <EpImgFlag>2</EpImgFlag>
  <EpisodeName>Alexandra</EpisodeName>
  <EpisodeNumber>15</EpisodeNumber>
  <FirstAired>2011-02-17</FirstAired>
  <GuestStars>|Ksenia Solo|Mark Ivanir|</GuestStars>
  <IMDB_ID></IMDB_ID>
  <Language>en</Language>
  <Overview>While out on a mission for Division, Alex runs into Irina, a woman from her past. Alex tries to help Irina break free from her captor, but her old friend double crosses her and turns Alex over to Vlad, a Russian mobster, with a debt to settle. Nikita realizes Alex is in trouble and sets out to save her but runs into Michael who is searching for his missing agent. Realizing she can’t compromise Alex’s secret, Nikita must find a way to work with Michael to save Alex without getting her friend killed by Division.</Overview>
  <ProductionCode></ProductionCode>
  <Rating>7.7</Rating>
  <RatingCount>72</RatingCount>
  <SeasonNumber>1</SeasonNumber>
  <Writer>Andrew Colville</Writer>
  <absolute_number></absolute_number>
  <filename>episodes/164301/3265191.jpg</filename>
  <lastupdated>1348823091</lastupdated>
  <seasonid>270371</seasonid>
  <seriesid>164301</seriesid>
</Episode>
<Episode>
  <id>3451721</id>
  <Combined_episodenumber>16</Combined_episodenumber>
  <Combined_season>1</Combined_season>
  <DVD_chapter></DVD_chapter>
  <DVD_discid></DVD_discid>
  <DVD_episodenumber></DVD_episodenumber>
  <DVD_season></DVD_season>
  <Director>Nick Copus</Director>
  <EpImgFlag>2</EpImgFlag>
  <EpisodeName>Echoes</EpisodeName>
  <EpisodeNumber>16</EpisodeNumber>
  <FirstAired>2011-02-24</FirstAired>
  <GuestStars>Rudolf Martin</GuestStars>
  <IMDB_ID></IMDB_ID>
  <Language>en</Language>
  <Overview>In order to speed up her healing, Amanda sedates Alex after her last mission then takes advantage of Alex’s drugged condition to question her about the secrets Amanda believes Alex is keeping. Nikita realizes Alex is in danger and tries to secure her another identity to smuggle her out of the country. However, Nikita’s contact double-crosses her and she comes face to face with a surprising opponent. Meanwhile, Michael becomes suspicious of Alex and asks Birkhoff to investigate her.</Overview>
  <ProductionCode></ProductionCode>
  <Rating>7.8</Rating>
  <RatingCount>80</RatingCount>
  <SeasonNumber>1</SeasonNumber>
  <Writer>Kristen Reidel</Writer>
  <absolute_number></absolute_number>
  <filename>episodes/164301/3451721.jpg</filename>
  <lastupdated>1358714173</lastupdated>
  <seasonid>270371</seasonid>
  <seriesid>164301</seriesid>
</Episode>
<Episode>
  <id>3774651</id>
  <Combined_episodenumber>17</Combined_episodenumber>
  <Combined_season>1</Combined_season>
  <DVD_chapter></DVD_chapter>
  <DVD_discid></DVD_discid>
  <DVD_episodenumber></DVD_episodenumber>
  <DVD_season></DVD_season>
  <Director>Eagle Egilsson</Director>
  <EpImgFlag>2</EpImgFlag>
  <EpisodeName>Covenant</EpisodeName>
  <EpisodeNumber>17</EpisodeNumber>
  <FirstAired>2011-04-07</FirstAired>
  <GuestStars>Haaz Sleiman</GuestStars>
  <IMDB_ID></IMDB_ID>
  <Language>en</Language>
  <Overview>Michael confronts Nikita in her lair and reveals that he knows Alex is the mole. He tells Nikita that she has 24 hours to find Kasim, the man who killed Michael’s family, or he will tell Percy about Alex.</Overview>
  <ProductionCode></ProductionCode>
  <Rating>7.8</Rating>
  <RatingCount>72</RatingCount>
  <SeasonNumber>1</SeasonNumber>
  <Writer>Jim Barnes</Writer>
  <absolute_number></absolute_number>
  <filename>episodes/164301/3774651.jpg</filename>
  <lastupdated>1359384747</lastupdated>
  <seasonid>270371</seasonid>
  <seriesid>164301</seriesid>
</Episode>
<Episode>
  <id>3880661</id>
  <Combined_episodenumber>18</Combined_episodenumber>
  <Combined_season>1</Combined_season>
  <DVD_chapter></DVD_chapter>
  <DVD_discid></DVD_discid>
  <DVD_episodenumber></DVD_episodenumber>
  <DVD_season></DVD_season>
  <Director>Jeff Hunt</Director>
  <EpImgFlag>2</EpImgFlag>
  <EpisodeName>Into The Dark</EpisodeName>
  <EpisodeNumber>18</EpisodeNumber>
  <FirstAired>2011-04-14</FirstAired>
  <GuestStars>Ray Park</GuestStars>
  <IMDB_ID></IMDB_ID>
  <Language>en</Language>
  <Overview>Owen returns with information on one of Percy’s black boxes. Nikita returns to London with him to retrieve it but notices that Owen is acting strangely. Owen tells Nikita that he wants to release the contents of the black box and when Nikita disagrees, he turns on her. Meanwhile, Percy finds out Nikita is in London and dispenses Michael to kill her. Also, Amanda overhears Jaden arguing with Alex about the escape tunnels so she hooks Alex up to a lie detector to get the truth out of her once and for all.</Overview>
  <ProductionCode></ProductionCode>
  <Rating>7.7</Rating>
  <RatingCount>80</RatingCount>
  <SeasonNumber>1</SeasonNumber>
  <Writer>Albert Kim</Writer>
  <absolute_number></absolute_number>
  <filename>episodes/164301/3880661.jpg</filename>
  <lastupdated>1348822936</lastupdated>
  <seasonid>270371</seasonid>
  <seriesid>164301</seriesid>
</Episode>
<Episode>
  <id>4065791</id>
  <Combined_episodenumber>19</Combined_episodenumber>
  <Combined_season>1</Combined_season>
  <DVD_chapter></DVD_chapter>
  <DVD_discid></DVD_discid>
  <DVD_episodenumber></DVD_episodenumber>
  <DVD_season></DVD_season>
  <Director>Rob Lieberman</Director>
  <EpImgFlag>2</EpImgFlag>
  <EpisodeName>Girl's Best Friend</EpisodeName>
  <EpisodeNumber>19</EpisodeNumber>
  <FirstAired>2011-04-21</FirstAired>
  <GuestStars>Edi Gathegi</GuestStars>
  <IMDB_ID></IMDB_ID>
  <Language>en</Language>
  <Overview>Nikita believes it's getting too dangerous for Alex at Division and decides its time Alex disappeared. Alex agrees but before the plan can be put in motion, she and Jaden are assigned to an overseas mission to stop the son of a foreign president from selling a newly developed nerve toxin. Things go awry and Alex must decide between saving the mission or saving herself.</Overview>
  <ProductionCode></ProductionCode>
  <Rating>7.6</Rating>
  <RatingCount>74</RatingCount>
  <SeasonNumber>1</SeasonNumber>
  <Writer>Carlos Coto</Writer>
  <absolute_number></absolute_number>
  <filename>episodes/164301/4065791.jpg</filename>
  <lastupdated>1348822983</lastupdated>
  <seasonid>270371</seasonid>
  <seriesid>164301</seriesid>
</Episode>
<Episode>
  <id>4065781</id>
  <Combined_episodenumber>20</Combined_episodenumber>
  <Combined_season>1</Combined_season>
  <DVD_chapter></DVD_chapter>
  <DVD_discid></DVD_discid>
  <DVD_episodenumber></DVD_episodenumber>
  <DVD_season></DVD_season>
  <Director>Ralph Hemecker</Director>
  <EpImgFlag>2</EpImgFlag>
  <EpisodeName>Glass Houses</EpisodeName>
  <EpisodeNumber>20</EpisodeNumber>
  <FirstAired>2011-04-28</FirstAired>
  <GuestStars>|Christina Moses|Thad Luckinbill|</GuestStars>
  <IMDB_ID></IMDB_ID>
  <Language>en</Language>
  <Overview>Frustrated that Nikita continues to intercept his black boxes, Percy sends Michael to check on one of the boxes and the guardian attached to it. Nikita makes it to the small Pennsylvania town first and is shocked to find that the guardian is a normal woman named Dana who has abandoned her post and is attempting to live a normal life with her husband and child. Tensions mount when Michael is forced to report Dana’s actions and Division swarms in to clean up any evidence of her existence. Meanwhile, Alex and Jaden get into an argument and Nathan gets caught in the middle.</Overview>
  <ProductionCode></ProductionCode>
  <Rating>7.7</Rating>
  <RatingCount>71</RatingCount>
  <SeasonNumber>1</SeasonNumber>
  <Writer>Kalinda Vazquez</Writer>
  <absolute_number></absolute_number>
  <filename>episodes/164301/4065781.jpg</filename>
  <lastupdated>1348823008</lastupdated>
  <seasonid>270371</seasonid>
  <seriesid>164301</seriesid>
</Episode>
<Episode>
  <id>4078471</id>
  <Combined_episodenumber>21</Combined_episodenumber>
  <Combined_season>1</Combined_season>
  <DVD_chapter></DVD_chapter>
  <DVD_discid></DVD_discid>
  <DVD_episodenumber></DVD_episodenumber>
  <DVD_season></DVD_season>
  <Director>Eagle Egilsson</Director>
  <EpImgFlag>2</EpImgFlag>
  <EpisodeName>Betrayals (1)</EpisodeName>
  <EpisodeNumber>21</EpisodeNumber>
  <FirstAired>2011-05-05</FirstAired>
  <GuestStars>|Rich Sommer|Noah Bean|</GuestStars>
  <IMDB_ID></IMDB_ID>
  <Language>en</Language>
  <Overview>After Michael learns that Percy has ordered Divison to kill anyone who could decrypt the black boxes, he sends Nikita in to save the last person on the list, a CIA cryptographer named Malcolm. Nikita kidnaps Malcom and takes him to Ryan for protection. Meanwhile, Percy turns on Alex.</Overview>
  <ProductionCode></ProductionCode>
  <Rating>7.8</Rating>
  <RatingCount>73</RatingCount>
  <SeasonNumber>1</SeasonNumber>
  <Writer>Andrew Colville</Writer>
  <absolute_number></absolute_number>
  <filename>episodes/164301/4078471.jpg</filename>
  <lastupdated>1320526624</lastupdated>
  <seasonid>270371</seasonid>
  <seriesid>164301</seriesid>
</Episode>
<Episode>
  <id>4078479</id>
  <Combined_episodenumber>22</Combined_episodenumber>
  <Combined_season>1</Combined_season>
  <DVD_chapter></DVD_chapter>
  <DVD_discid></DVD_discid>
  <DVD_episodenumber></DVD_episodenumber>
  <DVD_season></DVD_season>
  <Director>Ken Fink</Director>
  <EpImgFlag>2</EpImgFlag>
  <EpisodeName>Pandora (2)</EpisodeName>
  <EpisodeNumber>22</EpisodeNumber>
  <FirstAired>2011-05-12</FirstAired>
  <GuestStars></GuestStars>
  <IMDB_ID></IMDB_ID>
  <Language>en</Language>
  <Overview>Percy makes a move to take over the CIA, Alex goes rogue, and Michael gets trapped inside Division making him unable to help Nikita, who may have to pay with her life for helping Alex. </Overview>
  <ProductionCode>3X6272</ProductionCode>
  <Rating>7.9</Rating>
  <RatingCount>63</RatingCount>
  <SeasonNumber>1</SeasonNumber>
  <Writer>Craig Silverstein</Writer>
  <absolute_number></absolute_number>
  <filename>episodes/164301/4078479.jpg</filename>
  <lastupdated>1342905468</lastupdated>
  <seasonid>270371</seasonid>
  <seriesid>164301</seriesid>
</Episode>
<Episode>
  <id>4119234</id>
  <Combined_episodenumber>1</Combined_episodenumber>
  <Combined_season>2</Combined_season>
  <DVD_chapter></DVD_chapter>
  <DVD_discid></DVD_discid>
  <DVD_episodenumber></DVD_episodenumber>
  <DVD_season></DVD_season>
  <Director>Danny Cannon</Director>
  <EpImgFlag>2</EpImgFlag>
  <EpisodeName>Game Change</EpisodeName>
  <EpisodeNumber>1</EpisodeNumber>
  <FirstAired>2011-09-23</FirstAired>
  <GuestStars>Dillon Casey</GuestStars>
  <IMDB_ID>tt2002045</IMDB_ID>
  <Language>en</Language>
  <Overview>Nikita and Michael plot to take down Division and Oversight and are prepared to use the contents of the black box to do so. Amanda is now running Division but Oversight has assigned one of their own, a new agent named Sean, to keep an eye on her. Amanda's first mission is to get back the black box from Nikita, and she enlists Alex's help to do so. Alex refuses until Amanda tells her she will help her find the man who killed Alex's father. Meanwhile, Nikita and Michael find help from an unlikely ally.</Overview>
  <ProductionCode></ProductionCode>
  <Rating>7.9</Rating>
  <RatingCount>73</RatingCount>
  <SeasonNumber>2</SeasonNumber>
  <Writer>Craig Silverstein</Writer>
  <absolute_number></absolute_number>
  <filename>episodes/164301/4119234.jpg</filename>
  <lastupdated>1354815703</lastupdated>
  <seasonid>468255</seasonid>
  <seriesid>164301</seriesid>
</Episode>
<Episode>
  <id>4136121</id>
  <Combined_episodenumber>2</Combined_episodenumber>
  <Combined_season>2</Combined_season>
  <DVD_chapter></DVD_chapter>
  <DVD_discid></DVD_discid>
  <DVD_episodenumber></DVD_episodenumber>
  <DVD_season></DVD_season>
  <Director>Eagle Egillson</Director>
  <EpImgFlag>2</EpImgFlag>
  <EpisodeName>Falling Ash</EpisodeName>
  <EpisodeNumber>2</EpisodeNumber>
  <FirstAired>2011-09-30</FirstAired>
  <GuestStars>|Devon Sawa|John Ralston|</GuestStars>
  <IMDB_ID></IMDB_ID>
  <Language>en</Language>
  <Overview>While investigating an old corrupt Division program, P9, that seems to have resurfaced, Nikita and Michael run into Owen. He tells them he is searching for Dr. Joseph Mars, who is not only the mastermind behind P9, but also invented the Regimen and could help Owen wean himself off the dangerous drug. Michael is hesitant to trust Owen again but Nikita decides the three should join forces. Percy demands to see Alex.</Overview>
  <ProductionCode></ProductionCode>
  <Rating>7.6</Rating>
  <RatingCount>66</RatingCount>
  <SeasonNumber>2</SeasonNumber>
  <Writer>Kalinda Vazquez</Writer>
  <absolute_number></absolute_number>
  <filename>episodes/164301/4136121.jpg</filename>
  <lastupdated>1354815750</lastupdated>
  <seasonid>468255</seasonid>
  <seriesid>164301</seriesid>
</Episode>
<Episode>
  <id>4136122</id>
  <Combined_episodenumber>3</Combined_episodenumber>
  <Combined_season>2</Combined_season>
  <DVD_chapter></DVD_chapter>
  <DVD_discid></DVD_discid>
  <DVD_episodenumber></DVD_episodenumber>
  <DVD_season></DVD_season>
  <Director>Ken Fink</Director>
  <EpImgFlag>2</EpImgFlag>
  <EpisodeName>Knightfall</EpisodeName>
  <EpisodeNumber>3</EpisodeNumber>
  <FirstAired>2011-10-07</FirstAired>
  <GuestStars></GuestStars>
  <IMDB_ID></IMDB_ID>
  <Language>en</Language>
  <Overview>Birkoff tells Nikita and Michael that a black box file reveals that an international terrorist named Ramon, who has been taking credit for some serious political assassinations, now works for Division. This news upsets Nikita since she was the agent that captured Ramon years ago and turned him over to Percy. Amanda convinces Alex to kill Anton Kochenko, a man who used to work for Alex's father, and plans to let Ramon take the credit for the murder. However, when Nikita disrupts Amanda's plan, Amanda fights back by taking what Nikita loves most.</Overview>
  <ProductionCode></ProductionCode>
  <Rating>7.7</Rating>
  <RatingCount>66</RatingCount>
  <SeasonNumber>2</SeasonNumber>
  <Writer>Carlos Coto</Writer>
  <absolute_number></absolute_number>
  <filename>episodes/164301/4136122.jpg</filename>
  <lastupdated>1345527059</lastupdated>
  <seasonid>468255</seasonid>
  <seriesid>164301</seriesid>
</Episode>
<Episode>
  <id>4154192</id>
  <Combined_episodenumber>4</Combined_episodenumber>
  <Combined_season>2</Combined_season>
  <DVD_chapter></DVD_chapter>
  <DVD_discid></DVD_discid>
  <DVD_episodenumber></DVD_episodenumber>
  <DVD_season></DVD_season>
  <Director>Dermott Downs</Director>
  <EpImgFlag>2</EpImgFlag>
  <EpisodeName>Partners</EpisodeName>
  <EpisodeNumber>4</EpisodeNumber>
  <FirstAired>2011-10-14</FirstAired>
  <GuestStars></GuestStars>
  <IMDB_ID></IMDB_ID>
  <Language>en</Language>
  <Overview>Nikita is stunned when she hears that her old Division partner Kelly escaped from a Turkish prison. Nikita thought Kelly died years ago and always felt responsible because it happened on the mission where Nikita escaped from Division. Knowing Amanda will go after Kelly, Nikita tells Michael they have to go to Turkey to help her. Amanda sends Alex and Roan to Europe to stop the former partners from reuniting.</Overview>
  <ProductionCode></ProductionCode>
  <Rating>7.8</Rating>
  <RatingCount>64</RatingCount>
  <SeasonNumber>2</SeasonNumber>
  <Writer>Kristen Reidel</Writer>
  <absolute_number></absolute_number>
  <filename>episodes/164301/4154192.jpg</filename>
  <lastupdated>1354815814</lastupdated>
  <seasonid>468255</seasonid>
  <seriesid>164301</seriesid>
</Episode>
<Episode>
  <id>4154193</id>
  <Combined_episodenumber>5</Combined_episodenumber>
  <Combined_season>2</Combined_season>
  <DVD_chapter></DVD_chapter>
  <DVD_discid></DVD_discid>
  <DVD_episodenumber></DVD_episodenumber>
  <DVD_season></DVD_season>
  <Director>Ken Girotti</Director>
  <EpImgFlag>2</EpImgFlag>
  <EpisodeName>Looking Glass</EpisodeName>
  <EpisodeNumber>5</EpisodeNumber>
  <FirstAired>2011-10-21</FirstAired>
  <GuestStars>Helena Mattsson</GuestStars>
  <IMDB_ID></IMDB_ID>
  <Language>en</Language>
  <Overview>Michael discovers Cassandra, a woman he once romanced under Division orders, is in danger. Feeling guilty for how things ended, he wants to help her but Nikita suspects there is more to it than easing his conscience. Amanda manipulates Alex into helping her on a mission but Sean gets caught in Amanda's web of lies and begins to doubt Division's true motives.</Overview>
  <ProductionCode></ProductionCode>
  <Rating>7.7</Rating>
  <RatingCount>59</RatingCount>
  <SeasonNumber>2</SeasonNumber>
  <Writer>Albert Kim</Writer>
  <absolute_number></absolute_number>
  <filename>episodes/164301/4154193.jpg</filename>
  <lastupdated>1358109484</lastupdated>
  <seasonid>468255</seasonid>
  <seriesid>164301</seriesid>
</Episode>
<Episode>
  <id>4179704</id>
  <Combined_episodenumber>6</Combined_episodenumber>
  <Combined_season>2</Combined_season>
  <DVD_chapter></DVD_chapter>
  <DVD_discid></DVD_discid>
  <DVD_episodenumber></DVD_episodenumber>
  <DVD_season></DVD_season>
  <Director>Nick Copus</Director>
  <EpImgFlag>2</EpImgFlag>
  <EpisodeName>343 Walnut Lane</EpisodeName>
  <EpisodeNumber>6</EpisodeNumber>
  <FirstAired>2011-10-28</FirstAired>
  <GuestStars>David Keith</GuestStars>
  <IMDB_ID></IMDB_ID>
  <Language>en</Language>
  <Overview>While searching for information on the black box, Birkoff stumbles upon Nikita’s birth certificate. Nikita and Michael track down Nikita’s father Richard, but the reunion is not quite what Nikita expected. Percy tells Alex that the black box that Nikita has contains information that could help her avenge her father’s death.</Overview>
  <ProductionCode></ProductionCode>
  <Rating>8.0</Rating>
  <RatingCount>61</RatingCount>
  <SeasonNumber>2</SeasonNumber>
  <Writer>Andrew Colville</Writer>
  <absolute_number></absolute_number>
  <filename>episodes/164301/4179704.jpg</filename>
  <lastupdated>1347400405</lastupdated>
  <seasonid>468255</seasonid>
  <seriesid>164301</seriesid>
</Episode>
<Episode>
  <id>4187880</id>
  <Combined_episodenumber>7</Combined_episodenumber>
  <Combined_season>2</Combined_season>
  <DVD_chapter></DVD_chapter>
  <DVD_discid></DVD_discid>
  <DVD_episodenumber></DVD_episodenumber>
  <DVD_season></DVD_season>
  <Director>Eagle Egilsson</Director>
  <EpImgFlag>2</EpImgFlag>
  <EpisodeName>Clawback</EpisodeName>
  <EpisodeNumber>7</EpisodeNumber>
  <FirstAired>2011-11-04</FirstAired>
  <GuestStars>Noah Bean</GuestStars>
  <IMDB_ID></IMDB_ID>
  <Language>en</Language>
  <Overview>While in prison, Ryan discovers patterns that reveal how Oversight gets its funding. Ryan arranges a meeting with Nikita to fill her in, but Amanda intercepts their coded messages to each other and alerts Oversight, who sends in one of their own to interrogate Ryan. Nikita and Michael scramble to break Noah out of prison before Oversight gets to him. Meanwhile, Alex is being tailed by Gogol, and comes face to face with someone from her past.</Overview>
  <ProductionCode></ProductionCode>
  <Rating>8.0</Rating>
  <RatingCount>64</RatingCount>
  <SeasonNumber>2</SeasonNumber>
  <Writer>Michael Brandon Guercio</Writer>
  <absolute_number></absolute_number>
  <filename>episodes/164301/4187880.jpg</filename>
  <lastupdated>1347400423</lastupdated>
  <seasonid>468255</seasonid>
  <seriesid>164301</seriesid>
</Episode>
<Episode>
  <id>4190847</id>
  <Combined_episodenumber>8</Combined_episodenumber>
  <Combined_season>2</Combined_season>
  <DVD_chapter></DVD_chapter>
  <DVD_discid></DVD_discid>
  <DVD_episodenumber></DVD_episodenumber>
  <DVD_season></DVD_season>
  <Director>Jeffrey Hunt</Director>
  <EpImgFlag>2</EpImgFlag>
  <EpisodeName>London Calling</EpisodeName>
  <EpisodeNumber>8</EpisodeNumber>
  <FirstAired>2011-11-11</FirstAired>
  <GuestStars>Helena Mattsson|Paulino Nunes|William deVry</GuestStars>
  <IMDB_ID></IMDB_ID>
  <Language>en</Language>
  <Overview>Michael becomes alarmed when he hears Cassandra is in trouble and rushes off to help her. He discovers General Tupelov has accused her of stealing two million dollars and has threatened to kill her unless she returns it. However, when Cassandra's story doesn't add up, Nikita becomes suspicious of what she might be hiding. Meanwhile, Alex receives a very tempting offer from Percy that could give her the resources to eliminate Semak.</Overview>
  <ProductionCode></ProductionCode>
  <Rating>7.8</Rating>
  <RatingCount>62</RatingCount>
  <SeasonNumber>2</SeasonNumber>
  <Writer>Kalinda Vazquez</Writer>
  <absolute_number></absolute_number>
  <filename>episodes/164301/4190847.jpg</filename>
  <lastupdated>1359663453</lastupdated>
  <seasonid>468255</seasonid>
  <seriesid>164301</seriesid>
</Episode>
<Episode>
  <id>4194586</id>
  <Combined_episodenumber>9</Combined_episodenumber>
  <Combined_season>2</Combined_season>
  <DVD_chapter></DVD_chapter>
  <DVD_discid></DVD_discid>
  <DVD_episodenumber></DVD_episodenumber>
  <DVD_season></DVD_season>
  <Director>Nick Copus</Director>
  <EpImgFlag>2</EpImgFlag>
  <EpisodeName>Fair Trade</EpisodeName>
  <EpisodeNumber>9</EpisodeNumber>
  <FirstAired>2011-11-18</FirstAired>
  <GuestStars>Malik Yoba</GuestStars>
  <IMDB_ID></IMDB_ID>
  <Language>en</Language>
  <Overview>Nikita steals funds from Oversight, forcing them to host an emergency meeting. Nikita and Birkoff figure out how to spy on the meeting so Nikita can identify the other members of Oversight, but things go awry and Sean captures Birkoff. Amanda demands to know where Nikita is hiding but Birkoff refuses to give up his friend so she tortures him. Meanwhile, Alex sets her plan in motion to reclaim her father’s empire. With a price on her head, Alex realizes the easiest way to get into Russia undetected is the same way she was smuggled out – through the illegal sex ring. </Overview>
  <ProductionCode></ProductionCode>
  <Rating>7.9</Rating>
  <RatingCount>60</RatingCount>
  <SeasonNumber>2</SeasonNumber>
  <Writer>Carlos Coto</Writer>
  <absolute_number></absolute_number>
  <filename>episodes/164301/4194586.jpg</filename>
  <lastupdated>1350813640</lastupdated>
  <seasonid>468255</seasonid>
  <seriesid>164301</seriesid>
</Episode>
<Episode>
  <id>4198615</id>
  <Combined_episodenumber>10</Combined_episodenumber>
  <Combined_season>2</Combined_season>
  <DVD_chapter></DVD_chapter>
  <DVD_discid></DVD_discid>
  <DVD_episodenumber></DVD_episodenumber>
  <DVD_season></DVD_season>
  <Director>Dwight Little</Director>
  <EpImgFlag>2</EpImgFlag>
  <EpisodeName>Guardians</EpisodeName>
  <EpisodeNumber>10</EpisodeNumber>
  <FirstAired>2011-12-02</FirstAired>
  <GuestStars>Peter J. Lucas|Devon Sawa|William deVry</GuestStars>
  <IMDB_ID></IMDB_ID>
  <Language>en</Language>
  <Overview>With Michael out of town, Nikita turns to Owen to help her track down and steal another black box from a Guardian. Unfortunately, she discovers that Owen is working for an unlikely employer that could jeopardize Nikita's whole operation.  Amanda realizes Alex  received privileged information about Semak and that information could only have come from Percy. Furious that Percy undermined her, Amanda strips him of all his amenities. Back home in Russia, Alex finally makes her move on Semak.</Overview>
  <ProductionCode></ProductionCode>
  <Rating>7.8</Rating>
  <RatingCount>62</RatingCount>
  <SeasonNumber>2</SeasonNumber>
  <Writer>Albert Kim</Writer>
  <absolute_number></absolute_number>
  <filename>episodes/164301/4198615.jpg</filename>
  <lastupdated>1359663494</lastupdated>
  <seasonid>468255</seasonid>
  <seriesid>164301</seriesid>
</Episode>
<Episode>
  <id>4198616</id>
  <Combined_episodenumber>11</Combined_episodenumber>
  <Combined_season>2</Combined_season>
  <DVD_chapter></DVD_chapter>
  <DVD_discid></DVD_discid>
  <DVD_episodenumber></DVD_episodenumber>
  <DVD_season></DVD_season>
  <Director>Deran Sarafian</Director>
  <EpImgFlag>2</EpImgFlag>
  <EpisodeName>Pale Fire</EpisodeName>
  <EpisodeNumber>11</EpisodeNumber>
  <FirstAired>2012-01-06</FirstAired>
  <GuestStars>Peter J. Lucas|Devon Sawa|William deVry</GuestStars>
  <IMDB_ID></IMDB_ID>
  <Language>en</Language>
  <Overview>Alex’s mission to take down Gogol comes to a head as she infiltrates her childhood home and faces ghosts from her past. On a completely separate mission, Nikita also ends up at the mansion to steal Semak’s black box. Nikita and Alex run into each other and decide to join forces, but they run into a major roadblock. Meanwhile, Michael and Owen work together to figure out Percy’s secret plan with the Guardians.</Overview>
  <ProductionCode></ProductionCode>
  <Rating>7.6</Rating>
  <RatingCount>58</RatingCount>
  <SeasonNumber>2</SeasonNumber>
  <Writer>Kristen Reidel</Writer>
  <absolute_number></absolute_number>
  <filename>episodes/164301/4198616.jpg</filename>
  <lastupdated>1359663548</lastupdated>
  <seasonid>468255</seasonid>
  <seriesid>164301</seriesid>
</Episode>
<Episode>
  <id>4198617</id>
  <Combined_episodenumber>12</Combined_episodenumber>
  <Combined_season>2</Combined_season>
  <DVD_chapter></DVD_chapter>
  <DVD_discid></DVD_discid>
  <DVD_episodenumber></DVD_episodenumber>
  <DVD_season></DVD_season>
  <Director>Steven A. Adelson</Director>
  <EpImgFlag>2</EpImgFlag>
  <EpisodeName>Sanctuary</EpisodeName>
  <EpisodeNumber>12</EpisodeNumber>
  <FirstAired>2012-01-13</FirstAired>
  <GuestStars>William deVry</GuestStars>
  <IMDB_ID></IMDB_ID>
  <Language>en</Language>
  <Overview>Sean attacks Nikita and Michael in an effort to protect his mother. Meanwhile, Percy gets the upper hand on Amanda and threatens to level Division unless she releases him.</Overview>
  <ProductionCode></ProductionCode>
  <Rating>8.0</Rating>
  <RatingCount>53</RatingCount>
  <SeasonNumber>2</SeasonNumber>
  <Writer>Andrew Colville</Writer>
  <absolute_number></absolute_number>
  <filename>episodes/164301/4198617.jpg</filename>
  <lastupdated>1359663581</lastupdated>
  <seasonid>468255</seasonid>
  <seriesid>164301</seriesid>
</Episode>
<Episode>
  <id>4239599</id>
  <Combined_episodenumber>13</Combined_episodenumber>
  <Combined_season>2</Combined_season>
  <DVD_chapter></DVD_chapter>
  <DVD_discid></DVD_discid>
  <DVD_episodenumber></DVD_episodenumber>
  <DVD_season></DVD_season>
  <Director>Danny Cannon</Director>
  <EpImgFlag>2</EpImgFlag>
  <EpisodeName>Clean Sweep</EpisodeName>
  <EpisodeNumber>13</EpisodeNumber>
  <FirstAired>2012-02-03</FirstAired>
  <GuestStars>William deVry</GuestStars>
  <IMDB_ID></IMDB_ID>
  <Language>en</Language>
  <Overview>Percy has his Guardians hold the members of Oversight hostage until Amanda agrees to his demands. If she doesn't, the Guardians will shoot all the members of Oversight and release a deadly gas inside Division that will instantly kill everyone, including Amanda. Nikita is torn between letting the enemy fall and saving the innocent lives inside Division. Meanwhile, Sean is frantic to save his mother from Percy's clutches and turns to Nikita, Michael and Alex for help.</Overview>
  <ProductionCode></ProductionCode>
  <Rating>7.9</Rating>
  <RatingCount>53</RatingCount>
  <SeasonNumber>2</SeasonNumber>
  <Writer>Kalinda Vazquez</Writer>
  <absolute_number></absolute_number>
  <filename>episodes/164301/4239599.jpg</filename>
  <lastupdated>1359663603</lastupdated>
  <seasonid>468255</seasonid>
  <seriesid>164301</seriesid>
</Episode>
<Episode>
  <id>4240728</id>
  <Combined_episodenumber>14</Combined_episodenumber>
  <Combined_season>2</Combined_season>
  <DVD_chapter></DVD_chapter>
  <DVD_discid></DVD_discid>
  <DVD_episodenumber></DVD_episodenumber>
  <DVD_season></DVD_season>
  <Director>Brad Turner</Director>
  <EpImgFlag>2</EpImgFlag>
  <EpisodeName>Rogue</EpisodeName>
  <EpisodeNumber>14</EpisodeNumber>
  <FirstAired>2012-02-10</FirstAired>
  <GuestStars>Erica Gimpel|Alberta Watson|William deVry</GuestStars>
  <IMDB_ID></IMDB_ID>
  <Language>en</Language>
  <Overview>Percy continues his plan to take back Division by threatening to kill Nikita’s mentor Carla, the woman who took Nikita off the streets when she was a junkie. Determined to get to Carla before Percy, Nikita uses Madeline to send her a message. Percy intercepts the message and it’s a race to see who can get to Carla first. Meanwhile, Amanda tells Alex it’s time for her to take back Zetrov and reveal to the world that Alexandra Udinov is alive.</Overview>
  <ProductionCode></ProductionCode>
  <Rating>7.9</Rating>
  <RatingCount>50</RatingCount>
  <SeasonNumber>2</SeasonNumber>
  <Writer>Carlos Coto</Writer>
  <absolute_number></absolute_number>
  <filename>episodes/164301/4240728.jpg</filename>
  <lastupdated>1359663633</lastupdated>
  <seasonid>468255</seasonid>
  <seriesid>164301</seriesid>
</Episode>
<Episode>
  <id>4240729</id>
  <Combined_episodenumber>15</Combined_episodenumber>
  <Combined_season>2</Combined_season>
  <DVD_chapter></DVD_chapter>
  <DVD_discid></DVD_discid>
  <DVD_episodenumber></DVD_episodenumber>
  <DVD_season></DVD_season>
  <Director>Brad Turner</Director>
  <EpImgFlag>2</EpImgFlag>
  <EpisodeName>Origins</EpisodeName>
  <EpisodeNumber>15</EpisodeNumber>
  <FirstAired>2012-02-17</FirstAired>
  <GuestStars>|Erica Gimpel|Peter J. Lucas|</GuestStars>
  <IMDB_ID></IMDB_ID>
  <Language>en</Language>
  <Overview>Nikita and Michael try to help Carla remember her past, which holds the key to taking down Division. Carla recounts the night Nikita was arrested and Nikita is stunned at what she learns. Meanwhile, Alex shows up at a Zetrov press conference where Semak is speaking and announces that she’s Alexandra Udinov. Alex demands a trade – her mother for the empire.</Overview>
  <ProductionCode></ProductionCode>
  <Rating>7.6</Rating>
  <RatingCount>50</RatingCount>
  <SeasonNumber>2</SeasonNumber>
  <Writer>Albert Kim</Writer>
  <absolute_number></absolute_number>
  <filename>episodes/164301/4240729.jpg</filename>
  <lastupdated>1359389316</lastupdated>
  <seasonid>468255</seasonid>
  <seriesid>164301</seriesid>
</Episode>
<Episode>
  <id>4268293</id>
  <Combined_episodenumber>16</Combined_episodenumber>
  <Combined_season>2</Combined_season>
  <DVD_chapter></DVD_chapter>
  <DVD_discid></DVD_discid>
  <DVD_episodenumber></DVD_episodenumber>
  <DVD_season></DVD_season>
  <Director>Eagle Egilsson</Director>
  <EpImgFlag>2</EpImgFlag>
  <EpisodeName>Doublecross</EpisodeName>
  <EpisodeNumber>16</EpisodeNumber>
  <FirstAired>2012-03-16</FirstAired>
  <GuestStars>William deVry</GuestStars>
  <IMDB_ID></IMDB_ID>
  <Language>en</Language>
  <Overview>Division is in an uproar when their agents are being assassinated one by one. Amanda realizes Percy is behind the murders and is trying to undermine her authority with the other Division agents. She reluctantly calls Nikita with an offer that is hard to resist – stop Percy and she’ll give Nikita Ryan.</Overview>
  <ProductionCode></ProductionCode>
  <Rating>7.8</Rating>
  <RatingCount>48</RatingCount>
  <SeasonNumber>2</SeasonNumber>
  <Writer>Kristen Reidel</Writer>
  <absolute_number></absolute_number>
  <filename>episodes/164301/4268293.jpg</filename>
  <lastupdated>1359663661</lastupdated>
  <seasonid>468255</seasonid>
  <seriesid>164301</seriesid>
</Episode>
<Episode>
  <id>4272324</id>
  <Combined_episodenumber>17</Combined_episodenumber>
  <Combined_season>2</Combined_season>
  <DVD_chapter></DVD_chapter>
  <DVD_discid></DVD_discid>
  <DVD_episodenumber></DVD_episodenumber>
  <DVD_season></DVD_season>
  <Director>Karen Gaviola</Director>
  <EpImgFlag>2</EpImgFlag>
  <EpisodeName>Arising</EpisodeName>
  <EpisodeNumber>17</EpisodeNumber>
  <FirstAired>2012-03-23</FirstAired>
  <GuestStars>|Helena Mattsson|Sarah Clarke|</GuestStars>
  <IMDB_ID></IMDB_ID>
  <Language>en</Language>
  <Overview>Michael is furious when he discovers a secret that Cassandra kept from him, so he and Nikita fly to Moscow to confront her. Meanwhile, Alex makes a last ditch effort to find her mother by sending out a coded message through a televised interview.</Overview>
  <ProductionCode></ProductionCode>
  <Rating>7.6</Rating>
  <RatingCount>50</RatingCount>
  <SeasonNumber>2</SeasonNumber>
  <Writer>Andrew Colville</Writer>
  <absolute_number></absolute_number>
  <filename>episodes/164301/4272324.jpg</filename>
  <lastupdated>1350813835</lastupdated>
  <seasonid>468255</seasonid>
  <seriesid>164301</seriesid>
</Episode>
<Episode>
  <id>4272325</id>
  <Combined_episodenumber>18</Combined_episodenumber>
  <Combined_season>2</Combined_season>
  <DVD_chapter></DVD_chapter>
  <DVD_discid></DVD_discid>
  <DVD_episodenumber></DVD_episodenumber>
  <DVD_season></DVD_season>
  <Director>Chris Peppe</Director>
  <EpImgFlag>3</EpImgFlag>
  <EpisodeName>Power</EpisodeName>
  <EpisodeNumber>18</EpisodeNumber>
  <FirstAired>2012-03-30</FirstAired>
  <GuestStars>Peter Outerbridge</GuestStars>
  <IMDB_ID></IMDB_ID>
  <Language>en</Language>
  <Overview>Amanda and Ari set up a board meeting with Zetrov and prepare to take over the company. After a heated face-to-face confrontation between Nikita and Amanda, Nikita recalls what Amanda was like when she was first brought to Division. Meanwhile, Alex surprises Ari by showing up at the board meeting with an old and powerful friend.</Overview>
  <ProductionCode></ProductionCode>
  <Rating>8.0</Rating>
  <RatingCount>49</RatingCount>
  <SeasonNumber>2</SeasonNumber>
  <Writer>Carlos Coto</Writer>
  <absolute_number></absolute_number>
  <filename>episodes/164301/4272325.jpg</filename>
  <lastupdated>1360080010</lastupdated>
  <seasonid>468255</seasonid>
  <seriesid>164301</seriesid>
</Episode>
<Episode>
  <id>4272326</id>
  <Combined_episodenumber>19</Combined_episodenumber>
  <Combined_season>2</Combined_season>
  <DVD_chapter></DVD_chapter>
  <DVD_discid></DVD_discid>
  <DVD_episodenumber></DVD_episodenumber>
  <DVD_season></DVD_season>
  <Director>Jeffrey Hunt</Director>
  <EpImgFlag>2</EpImgFlag>
  <EpisodeName>Wrath</EpisodeName>
  <EpisodeNumber>19</EpisodeNumber>
  <FirstAired>2012-04-20</FirstAired>
  <GuestStars>Rick Ravanello</GuestStars>
  <IMDB_ID></IMDB_ID>
  <Language>en</Language>
  <Overview>When Nikita worked for Division, she targeted a man named Nicholas Brandt and infiltrated his inner circle. She captured him and he’s been behind bars ever since. However, Percy springs Brant, and his first mission is to capture Nikita for payback. After he has her in his clutches, he tortures her, forcing Nikita to face a side of herself she thought she had long buried. Meanwhile, Percy continues to play mind games with Michael, Alex and Sean, pushing one of them to the brink of death.</Overview>
  <ProductionCode></ProductionCode>
  <Rating>7.6</Rating>
  <RatingCount>46</RatingCount>
  <SeasonNumber>2</SeasonNumber>
  <Writer>Albert Kim</Writer>
  <absolute_number></absolute_number>
  <filename>episodes/164301/4272326.jpg</filename>
  <lastupdated>1360080040</lastupdated>
  <seasonid>468255</seasonid>
  <seriesid>164301</seriesid>
</Episode>
<Episode>
  <id>4296310</id>
  <Combined_episodenumber>20</Combined_episodenumber>
  <Combined_season>2</Combined_season>
  <DVD_chapter></DVD_chapter>
  <DVD_discid></DVD_discid>
  <DVD_episodenumber></DVD_episodenumber>
  <DVD_season></DVD_season>
  <Director>Nick Copus</Director>
  <EpImgFlag>2</EpImgFlag>
  <EpisodeName>Shadow Walker</EpisodeName>
  <EpisodeNumber>20</EpisodeNumber>
  <FirstAired>2012-04-27</FirstAired>
  <GuestStars></GuestStars>
  <IMDB_ID></IMDB_ID>
  <Language>en</Language>
  <Overview>Nikita convinces a reluctant Birkhoff to use 20 million dollars of his own money in a plan to bankrupt Percy and Division, but when Percy ends up stealing Birkhoff’s entire life savings, Birkhoff and Nikita clash. Team Nikita has one last chance to hit Percy again, but Birkhoff is arrested trying to regain his millions and Nikita realizes she must break him out of jail before Division gets to him. Michael and Alex go after Birkhoff’s stolen money while Nikita goes to save Birkhoff. </Overview>
  <ProductionCode></ProductionCode>
  <Rating>7.8</Rating>
  <RatingCount>50</RatingCount>
  <SeasonNumber>2</SeasonNumber>
  <Writer>Kristen Reidel</Writer>
  <absolute_number></absolute_number>
  <filename>episodes/164301/4296310.jpg</filename>
  <lastupdated>1360083090</lastupdated>
  <seasonid>468255</seasonid>
  <seriesid>164301</seriesid>
</Episode>
<Episode>
  <id>4296311</id>
  <Combined_episodenumber>21</Combined_episodenumber>
  <Combined_season>2</Combined_season>
  <DVD_chapter></DVD_chapter>
  <DVD_discid></DVD_discid>
  <DVD_episodenumber></DVD_episodenumber>
  <DVD_season></DVD_season>
  <Director>Michael Robison</Director>
  <EpImgFlag>2</EpImgFlag>
  <EpisodeName>Dead Drop</EpisodeName>
  <EpisodeNumber>21</EpisodeNumber>
  <FirstAired>2012-05-04</FirstAired>
  <GuestStars>|Brian Howe|Noah Bean|</GuestStars>
  <IMDB_ID></IMDB_ID>
  <Language>en</Language>
  <Overview>When it looks like Percy’s nuclear weapons plan is getting out of control, Ryan suggests they go to the Director of the CIA, Morgan Kendrick, for help. Nikita is vehemently opposed to the plan and is surprised when Michael takes Ryan’s side. Tensions escalate when Nikita is proven right after they discover Kendrick has a link to Percy. Meanwhile, Sean is shot by Percy’s men, shaking Alex to the core.</Overview>
  <ProductionCode></ProductionCode>
  <Rating>7.8</Rating>
  <RatingCount>52</RatingCount>
  <SeasonNumber>2</SeasonNumber>
  <Writer>Kalinda Vazquez</Writer>
  <absolute_number></absolute_number>
  <filename>episodes/164301/4296311.jpg</filename>
  <lastupdated>1360080134</lastupdated>
  <seasonid>468255</seasonid>
  <seriesid>164301</seriesid>
</Episode>
<Episode>
  <id>4296312</id>
  <Combined_episodenumber>22</Combined_episodenumber>
  <Combined_season>2</Combined_season>
  <DVD_chapter></DVD_chapter>
  <DVD_discid></DVD_discid>
  <DVD_episodenumber></DVD_episodenumber>
  <DVD_season></DVD_season>
  <Director>Danny Cannon</Director>
  <EpImgFlag>2</EpImgFlag>
  <EpisodeName>Crossbow</EpisodeName>
  <EpisodeNumber>22</EpisodeNumber>
  <FirstAired>2012-05-11</FirstAired>
  <GuestStars>Cameron Daddo</GuestStars>
  <IMDB_ID></IMDB_ID>
  <Language>en</Language>
  <Overview>Percy calls the President the United States and threatens to set off a nuclear explosion unless his demands are met. Birkhoff finds two scientists who could help stop Percy’s new nuclear satellite, so Nikita and Michael head after one and Sean and Alex look for the other. Unfortunately, Alex and Sean get caught at the very location that Percy blows up as an example of his power. Meanwhile, Nikita realizes the best way to stop Percy is to go into the belly of the beast – Division itself.</Overview>
  <ProductionCode></ProductionCode>
  <Rating>7.8</Rating>
  <RatingCount>50</RatingCount>
  <SeasonNumber>2</SeasonNumber>
  <Writer>Andrew Colville</Writer>
  <absolute_number></absolute_number>
  <filename>episodes/164301/4296312.jpg</filename>
  <lastupdated>1360083029</lastupdated>
  <seasonid>468255</seasonid>
  <seriesid>164301</seriesid>
</Episode>
<Episode>
  <id>4296313</id>
  <Combined_episodenumber>23</Combined_episodenumber>
  <Combined_season>2</Combined_season>
  <DVD_chapter></DVD_chapter>
  <DVD_discid></DVD_discid>
  <DVD_episodenumber></DVD_episodenumber>
  <DVD_season></DVD_season>
  <Director>Eagle Egillson</Director>
  <EpImgFlag>2</EpImgFlag>
  <EpisodeName>Homecoming</EpisodeName>
  <EpisodeNumber>23</EpisodeNumber>
  <FirstAired>2012-05-18</FirstAired>
  <GuestStars>Lyndie Greenwood</GuestStars>
  <IMDB_ID></IMDB_ID>
  <Language>en</Language>
  <Overview>Nikita and Michael invade Division in an attempt to capture Percy. Alex and Sean get caught in a deadly gunfire battle with the U.S. Marines and Ryan must convince the President of the United States not to destroy Division until he is sure Nikita and Michael are safely out of the building, but the President is eager to end Percy’s reign. Meanwhile, Birkhoff asks Sonya for help, and Nikita corners Percy in his office, but he pulls out one final trick that may cost her the battle.</Overview>
  <ProductionCode></ProductionCode>
  <Rating>8.1</Rating>
  <RatingCount>45</RatingCount>
  <SeasonNumber>2</SeasonNumber>
  <Writer>Carlos Coto</Writer>
  <absolute_number></absolute_number>
  <filename>episodes/164301/4296313.jpg</filename>
  <lastupdated>1360082854</lastupdated>
  <seasonid>468255</seasonid>
  <seriesid>164301</seriesid>
</Episode>
<Episode>
  <id>4351536</id>
  <Combined_episodenumber>1</Combined_episodenumber>
  <Combined_season>3</Combined_season>
  <DVD_chapter></DVD_chapter>
  <DVD_discid></DVD_discid>
  <DVD_episodenumber></DVD_episodenumber>
  <DVD_season></DVD_season>
  <Director>Eagle Egilsson</Director>
  <EpImgFlag>2</EpImgFlag>
  <EpisodeName>3.0</EpisodeName>
  <EpisodeNumber>1</EpisodeNumber>
  <FirstAired>2012-10-19</FirstAired>
  <GuestStars>Lyndie Greenwood</GuestStars>
  <IMDB_ID></IMDB_ID>
  <Language>en</Language>
  <Overview>Ryan takes charge of Division with Nikita by his side. Their first mission under the new regime is to bring in “The Dirty Thirty,” the rogue agents who failed to respond to the Division recall after Percy was killed. Unfortunately, their first mission doesn’t go as planned and Michael is arrested, forcing Nikita to change gears and hatch an escape plan for him. Alex reprises her alter ego, the spoiled Russian princess Alexandra Udinov, in a very unique way as part of the plan to spring Michael. Meanwhile, Birkhoff struggles to maintain a working relationship with Sonya, despite his growing attraction to her.</Overview>
  <ProductionCode></ProductionCode>
  <Rating>7.5</Rating>
  <RatingCount>35</RatingCount>
  <SeasonNumber>3</SeasonNumber>
  <Writer>Craig Silverstein</Writer>
  <absolute_number></absolute_number>
  <filename>episodes/164301/4351536.jpg</filename>
  <lastupdated>1350724104</lastupdated>
  <seasonid>495494</seasonid>
  <seriesid>164301</seriesid>
</Episode>
<Episode>
  <id>4362403</id>
  <Combined_episodenumber>2</Combined_episodenumber>
  <Combined_season>3</Combined_season>
  <DVD_chapter></DVD_chapter>
  <DVD_discid></DVD_discid>
  <DVD_episodenumber></DVD_episodenumber>
  <DVD_season></DVD_season>
  <Director>David Grossman</Director>
  <EpImgFlag>2</EpImgFlag>
  <EpisodeName>Innocence</EpisodeName>
  <EpisodeNumber>2</EpisodeNumber>
  <FirstAired>2012-10-26</FirstAired>
  <GuestStars>|Annalise Basso|Chance Kelly|</GuestStars>
  <IMDB_ID></IMDB_ID>
  <Language>en</Language>
  <Overview>Nikita, Michael and team extract a young girl named Liza, who is being held captive by a rogue Division agent, Wade. Wade has brainwashed Liza and trained her to be a Division agent to help him on his own personal mission. Nikita tries desperately to break through to Liza but, in a moment of chaos, the girl escapes Division. The team races to find her before she can complete her mission to unleash a deadly chemical into the UN building during a special event. Meanwhile, Liza’s abduction brings up painful old memories for Alex.</Overview>
  <ProductionCode>#303</ProductionCode>
  <Rating>7.8</Rating>
  <RatingCount>36</RatingCount>
  <SeasonNumber>3</SeasonNumber>
  <Writer>Mary Trahan</Writer>
  <absolute_number></absolute_number>
  <filename>episodes/164301/4362403.jpg</filename>
  <lastupdated>1351320918</lastupdated>
  <seasonid>495494</seasonid>
  <seriesid>164301</seriesid>
</Episode>
<Episode>
  <id>4365618</id>
  <Combined_episodenumber>3</Combined_episodenumber>
  <Combined_season>3</Combined_season>
  <DVD_chapter></DVD_chapter>
  <DVD_discid></DVD_discid>
  <DVD_episodenumber></DVD_episodenumber>
  <DVD_season></DVD_season>
  <Director>Danny Cannon</Director>
  <EpImgFlag>2</EpImgFlag>
  <EpisodeName>True Believer</EpisodeName>
  <EpisodeNumber>3</EpisodeNumber>
  <FirstAired>2012-11-02</FirstAired>
  <GuestStars>Lyndie Greenwood</GuestStars>
  <IMDB_ID></IMDB_ID>
  <Language>en</Language>
  <Overview>When Ryan tells Nikita an undercover agent has been arrested and they need to extract her from prison, Nikita questions why Division is continuing to run Percy’s old missions. Nikita, Michael and Sean attempt to stop a terrorist attack but are one man down after Alex is shot. Meanwhile, Birkhoff and Sonya continue to bicker.</Overview>
  <ProductionCode></ProductionCode>
  <Rating>7.5</Rating>
  <RatingCount>34</RatingCount>
  <SeasonNumber>3</SeasonNumber>
  <Writer>Carlos Coto</Writer>
  <absolute_number></absolute_number>
  <filename>episodes/164301/4365618.jpg</filename>
  <lastupdated>1351976162</lastupdated>
  <seasonid>495494</seasonid>
  <seriesid>164301</seriesid>
</Episode>
<Episode>
  <id>4375150</id>
  <Combined_episodenumber>4</Combined_episodenumber>
  <Combined_season>3</Combined_season>
  <DVD_chapter></DVD_chapter>
  <DVD_discid></DVD_discid>
  <DVD_episodenumber></DVD_episodenumber>
  <DVD_season></DVD_season>
  <Director>Nick Copus</Director>
  <EpImgFlag>2</EpImgFlag>
  <EpisodeName>Consequences</EpisodeName>
  <EpisodeNumber>4</EpisodeNumber>
  <FirstAired>2012-11-09</FirstAired>
  <GuestStars>Sarah Allen</GuestStars>
  <IMDB_ID></IMDB_ID>
  <Language>en</Language>
  <Overview>Amanda sends a rogue Division agent, Anne to spring Owen from a Russian prison, but Owen manages to escape her clutches and sends a message to Nikita that he’s free. When Nikita tracks him down, Owen is shocked to learn that Nikita is with Division now but returns to base with her. Michael and Ryan aren’t sure they can trust Owen but Nikita stands by her friend.</Overview>
  <ProductionCode></ProductionCode>
  <Rating>7.7</Rating>
  <RatingCount>35</RatingCount>
  <SeasonNumber>3</SeasonNumber>
  <Writer>Kristen Reidel</Writer>
  <absolute_number></absolute_number>
  <filename>episodes/164301/4375150.jpg</filename>
  <lastupdated>1351364573</lastupdated>
  <seasonid>495494</seasonid>
  <seriesid>164301</seriesid>
</Episode>
<Episode>
  <id>4384395</id>
  <Combined_episodenumber>5</Combined_episodenumber>
  <Combined_season>3</Combined_season>
  <DVD_chapter></DVD_chapter>
  <DVD_discid></DVD_discid>
  <DVD_episodenumber></DVD_episodenumber>
  <DVD_season></DVD_season>
  <Director>Ken Fink</Director>
  <EpImgFlag>2</EpImgFlag>
  <EpisodeName>The Sword's Edge</EpisodeName>
  <EpisodeNumber>5</EpisodeNumber>
  <FirstAired>2012-11-30</FirstAired>
  <GuestStars>|Jonathan Goad|Michelle Nolden|</GuestStars>
  <IMDB_ID></IMDB_ID>
  <Language>en</Language>
  <Overview>Division discovers one of their rogue agents, Markov, who has been undercover for six years, has been elected President of Uzbekistan and is planning to kill the President of the United States. Ryan confesses to the team that Division is on thin ice with the President and she has threatened to wipe them out if the public finds out about the secret agency and rogue agents. Nikita and Michael are furious that Ryan kept this a secret from them and must figure out how to save the President’s life without alerting her of the danger. Meanwhile, after Alex and Owen are caught in an explosion, they investigate and believe an insider set it up.</Overview>
  <ProductionCode></ProductionCode>
  <Rating>7.5</Rating>
  <RatingCount>32</RatingCount>
  <SeasonNumber>3</SeasonNumber>
  <Writer>Albert Kim</Writer>
  <absolute_number></absolute_number>
  <filename>episodes/164301/4384395.jpg</filename>
  <lastupdated>1353205101</lastupdated>
  <seasonid>495494</seasonid>
  <seriesid>164301</seriesid>
</Episode>
<Episode>
  <id>4391433</id>
  <Combined_episodenumber>6</Combined_episodenumber>
  <Combined_season>3</Combined_season>
  <DVD_chapter></DVD_chapter>
  <DVD_discid></DVD_discid>
  <DVD_episodenumber></DVD_episodenumber>
  <DVD_season></DVD_season>
  <Director>Joshua Butler</Director>
  <EpImgFlag>2</EpImgFlag>
  <EpisodeName>Sideswipe</EpisodeName>
  <EpisodeNumber>6</EpisodeNumber>
  <FirstAired>2012-12-07</FirstAired>
  <GuestStars>|Isaiah Mustafa|Peter Outerbridge|</GuestStars>
  <IMDB_ID></IMDB_ID>
  <Language>en</Language>
  <Overview>Nikita and Michael capture Cyrus, an arms dealer, who is purchasing a weapon-jamming device for Ari. Nikita convinces Ryan to let them use Cyrus as bait to capture Amanda but Cyrus manages to escape the trap. However, when Amanda double crosses Cyrus, his only hope for survival is Nikita. Meanwhile, Birkhoff is hot on the trail of Amanda’s mole and Alex starts to unravel.</Overview>
  <ProductionCode></ProductionCode>
  <Rating>7.4</Rating>
  <RatingCount>29</RatingCount>
  <SeasonNumber>3</SeasonNumber>
  <Writer>|Terry Matalas|Travis Fickett|</Writer>
  <absolute_number></absolute_number>
  <filename>episodes/164301/4391433.jpg</filename>
  <lastupdated>1354634733</lastupdated>
  <seasonid>495494</seasonid>
  <seriesid>164301</seriesid>
</Episode>
<Episode>
  <id>4451249</id>
  <Combined_episodenumber>7</Combined_episodenumber>
  <Combined_season>3</Combined_season>
  <DVD_chapter></DVD_chapter>
  <DVD_discid></DVD_discid>
  <DVD_episodenumber></DVD_episodenumber>
  <DVD_season></DVD_season>
  <Director>Dwight Little</Director>
  <EpImgFlag>2</EpImgFlag>
  <EpisodeName>Intersection</EpisodeName>
  <EpisodeNumber>7</EpisodeNumber>
  <FirstAired>2013-01-18</FirstAired>
  <GuestStars>Lyndie Greenwood</GuestStars>
  <IMDB_ID></IMDB_ID>
  <Language>en</Language>
  <Overview>Birkhoff tells Nikita that Sonya is Amanda’s mole and not only has Amanda reactivated Sonya’s kill chip but she also placed a second mole in Division to keep an eye on her. Nikita, Michael and Ryan devise a plan to use Sonya to ferret out Amanda’s hiding place and Birkhoff sets a trap for the second mole. Meanwhile, Michael confronts Alex about her drug use and she begs him not to tell Nikita.</Overview>
  <ProductionCode>307</ProductionCode>
  <Rating>7.7</Rating>
  <RatingCount>28</RatingCount>
  <SeasonNumber>3</SeasonNumber>
  <Writer>Michael Brandon Guercio</Writer>
  <absolute_number></absolute_number>
  <filename>episodes/164301/4451249.jpg</filename>
  <lastupdated>1358572567</lastupdated>
  <seasonid>495494</seasonid>
  <seriesid>164301</seriesid>
</Episode>
<Episode>
  <id>4453147</id>
  <Combined_episodenumber>8</Combined_episodenumber>
  <Combined_season>3</Combined_season>
  <DVD_chapter></DVD_chapter>
  <DVD_discid></DVD_discid>
  <DVD_episodenumber></DVD_episodenumber>
  <DVD_season></DVD_season>
  <Director>Brad Turner</Director>
  <EpImgFlag>2</EpImgFlag>
  <EpisodeName>Aftermath</EpisodeName>
  <EpisodeNumber>8</EpisodeNumber>
  <FirstAired>2013-01-25</FirstAired>
  <GuestStars>Pedro Pascal</GuestStars>
  <IMDB_ID></IMDB_ID>
  <Language>en</Language>
  <Overview>Nikita and Owen face off against a rogue “cleaner” named Liam, while Michael takes a new position at Division. Michael and Nikita’s relationship becomes strained as he watches her work with Owen.</Overview>
  <ProductionCode></ProductionCode>
  <Rating>7.3</Rating>
  <RatingCount>25</RatingCount>
  <SeasonNumber>3</SeasonNumber>
  <Writer>Carlos Coto</Writer>
  <absolute_number></absolute_number>
  <filename>episodes/164301/4453147.jpg</filename>
  <lastupdated>1359180127</lastupdated>
  <seasonid>495494</seasonid>
  <seriesid>164301</seriesid>
</Episode>
<Episode>
  <id>4453148</id>
  <Combined_episodenumber>9</Combined_episodenumber>
  <Combined_season>3</Combined_season>
  <DVD_chapter></DVD_chapter>
  <DVD_discid></DVD_discid>
  <DVD_episodenumber></DVD_episodenumber>
  <DVD_season></DVD_season>
  <Director>John Showalter</Director>
  <EpImgFlag>2</EpImgFlag>
  <EpisodeName>Survival Instincts</EpisodeName>
  <EpisodeNumber>9</EpisodeNumber>
  <FirstAired>2013-02-01</FirstAired>
  <GuestStars>Matt Bushell | Anna Hopkins</GuestStars>
  <IMDB_ID></IMDB_ID>
  <Language>en</Language>
  <Overview>Ray (Matt Bushell), a rogue agent, kidnaps his girlfriend Kate (Anna Hopkins), so Ryan dispatches the team to rescue her. Nikita is confused when Michael sends Owen into the field with her instead of going himself. Meanwhile, Sean makes a decision about Alex.</Overview>
  <ProductionCode></ProductionCode>
  <Rating>7.6</Rating>
  <RatingCount>24</RatingCount>
  <SeasonNumber>3</SeasonNumber>
  <Writer>Albert Kim</Writer>
  <absolute_number></absolute_number>
  <filename>episodes/164301/4453148.jpg</filename>
  <lastupdated>1359631151</lastupdated>
  <seasonid>495494</seasonid>
  <seriesid>164301</seriesid>
</Episode>
<Episode>
  <id>4453149</id>
  <Combined_episodenumber>10</Combined_episodenumber>
  <Combined_season>3</Combined_season>
  <DVD_chapter></DVD_chapter>
  <DVD_discid></DVD_discid>
  <DVD_episodenumber></DVD_episodenumber>
  <DVD_season></DVD_season>
  <Director>Marc David Alpert</Director>
  <EpImgFlag>2</EpImgFlag>
  <EpisodeName>Brave New World</EpisodeName>
  <EpisodeNumber>10</EpisodeNumber>
  <FirstAired>2013-02-08</FirstAired>
  <GuestStars>John Billingsley</GuestStars>
  <IMDB_ID></IMDB_ID>
  <Language>en</Language>
  <Overview>Michael gives up his role as a field agent and resumes his role inside Division running Operations. After learning key information from Birkhoff, Nikita preps a secret mission that takes her into dangerous territory. When Michael and Alex and Ryan find out, they follow her into Kosovo but the outcome has far-reaching consequences for Division.</Overview>
  <ProductionCode></ProductionCode>
  <Rating>8.0</Rating>
  <RatingCount>24</RatingCount>
  <SeasonNumber>3</SeasonNumber>
  <Writer>Kristen Reidel</Writer>
  <absolute_number></absolute_number>
  <filename>episodes/164301/4453149.jpg</filename>
  <lastupdated>1360428022</lastupdated>
  <seasonid>495494</seasonid>
  <seriesid>164301</seriesid>
</Episode>
<Episode>
  <id>4430292</id>
  <Combined_episodenumber>11</Combined_episodenumber>
  <Combined_season>3</Combined_season>
  <DVD_chapter></DVD_chapter>
  <DVD_discid></DVD_discid>
  <DVD_episodenumber></DVD_episodenumber>
  <DVD_season></DVD_season>
  <Director>David Grossman</Director>
  <EpImgFlag>2</EpImgFlag>
  <EpisodeName>Black Badge</EpisodeName>
  <EpisodeNumber>11</EpisodeNumber>
  <FirstAired>2013-02-22</FirstAired>
  <GuestStars>Amanda Schull|Brian Howe</GuestStars>
  <IMDB_ID></IMDB_ID>
  <Language>en</Language>
  <Overview>A CIA agent named Naomi comes across a file detailing Madeline Pierce’s involvement with Division and turns it over to the Director of the CIA, Morgan Kendrick. When Kendrick is killed shortly thereafter, Amanda frames Sean for the assassination and the CIA takes him into custody. Nikita promises Alex they will free Sean and comes up with a plan that could either save him or cost him his life.</Overview>
  <ProductionCode></ProductionCode>
  <Rating>7.6</Rating>
  <RatingCount>20</RatingCount>
  <SeasonNumber>3</SeasonNumber>
  <Writer>Mary Trahan</Writer>
  <absolute_number></absolute_number>
  <filename>episodes/164301/4430292.jpg</filename>
  <lastupdated>1361329260</lastupdated>
  <seasonid>495494</seasonid>
  <seriesid>164301</seriesid>
</Episode>
<Episode>
  <id>4445726</id>
  <Combined_episodenumber>12</Combined_episodenumber>
  <Combined_season>3</Combined_season>
  <DVD_chapter></DVD_chapter>
  <DVD_discid></DVD_discid>
  <DVD_episodenumber></DVD_episodenumber>
  <DVD_season></DVD_season>
  <Director>Eagle Egilsson</Director>
  <EpImgFlag>2</EpImgFlag>
  <EpisodeName>With Fire</EpisodeName>
  <EpisodeNumber>12</EpisodeNumber>
  <FirstAired>2013-03-01</FirstAired>
  <GuestStars>Peter Outerbridge</GuestStars>
  <IMDB_ID></IMDB_ID>
  <Language>en</Language>
  <Overview>After Birkhoff gets a tip from Shadowbot that Ari is in NY, Nikita and Owen swoop in to pick him up before the FBI does. However, Ari reveals he planned everything for a chance to talk to Nikita. He tells her that Amanda has gone too far and is working with a terrorist who plans an attack on American soil. Ari wants fifty million dollars for the information that could lead to the terrorist’s capture. Nikita and Michael are stunned when Ryan considers paying the bribe. Meanwhile, Sean is jealous of Alex and Owen’s relationship.</Overview>
  <ProductionCode></ProductionCode>
  <Rating>7.5</Rating>
  <RatingCount>20</RatingCount>
  <SeasonNumber>3</SeasonNumber>
  <Writer>Carlos Coto</Writer>
  <absolute_number></absolute_number>
  <filename>episodes/164301/4445726.jpg</filename>
  <lastupdated>1361641269</lastupdated>
  <seasonid>495494</seasonid>
  <seriesid>164301</seriesid>
</Episode>
<Episode>
  <id>4445725</id>
  <Combined_episodenumber>13</Combined_episodenumber>
  <Combined_season>3</Combined_season>
  <DVD_chapter></DVD_chapter>
  <DVD_discid></DVD_discid>
  <DVD_episodenumber></DVD_episodenumber>
  <DVD_season></DVD_season>
  <Director>Jon Cassar</Director>
  <EpImgFlag>2</EpImgFlag>
  <EpisodeName>Reunion</EpisodeName>
  <EpisodeNumber>13</EpisodeNumber>
  <FirstAired>2013-03-08</FirstAired>
  <GuestStars>Dylan Minnette|Andrew Divoff</GuestStars>
  <IMDB_ID></IMDB_ID>
  <Language>en</Language>
  <Overview>In order to gain control of the black box, Amanda makes plans to kidnap Ari's son Stefan (Dylan Minnette) to use him as leverage. Still in Division’s protective custody, Ari begs Nikita for help. However, Stefan’s bodyguard Krieg (Andrew Divoff) manages to capture both Nikita and Amanda and the two must work together to escape. Owen is furious with Michael after Michael assigns Alex to be Nikita’s back-up instead of him.</Overview>
  <ProductionCode></ProductionCode>
  <Rating>7.8</Rating>
  <RatingCount>21</RatingCount>
  <SeasonNumber>3</SeasonNumber>
  <Writer>Terry Matalas|Travis Fickett</Writer>
  <absolute_number></absolute_number>
  <filename>episodes/164301/4445725.jpg</filename>
  <lastupdated>1362934638</lastupdated>
  <seasonid>495494</seasonid>
  <seriesid>164301</seriesid>
</Episode>
<Episode>
  <id>4458896</id>
  <Combined_episodenumber>14</Combined_episodenumber>
  <Combined_season>3</Combined_season>
  <DVD_chapter></DVD_chapter>
  <DVD_discid></DVD_discid>
  <DVD_episodenumber></DVD_episodenumber>
  <DVD_season></DVD_season>
  <Director>Brad Turner</Director>
  <EpImgFlag>2</EpImgFlag>
  <EpisodeName>The Life We've Chosen</EpisodeName>
  <EpisodeNumber>14</EpisodeNumber>
  <FirstAired>2013-03-15</FirstAired>
  <GuestStars>Peter Outerbridge|Olga Fonda</GuestStars>
  <IMDB_ID></IMDB_ID>
  <Language>en</Language>
  <Overview>Amanda holds Alex hostage and tells Nikita she will release Alex in exchange for Ari. Michael assigns Nikita and Sean to handle the exchange of prisoners, but Ryan adds Owen to the team at the last minute, which makes Michael suspicious. While in captivity, Alex befriends a fellow prisoner named Larissa and vows to break them both out of the jail, which ultimately conflicts with Nikita’s plan, forcing Alex to choose between Nikita and her promise to Larissa.</Overview>
  <ProductionCode></ProductionCode>
  <Rating>7.6</Rating>
  <RatingCount>18</RatingCount>
  <SeasonNumber>3</SeasonNumber>
  <Writer>Albert Kim</Writer>
  <absolute_number></absolute_number>
  <filename>episodes/164301/4458896.jpg</filename>
  <lastupdated>1363450390</lastupdated>
  <seasonid>495494</seasonid>
  <seriesid>164301</seriesid>
</Episode>
<Episode>
  <id>4471007</id>
  <Combined_episodenumber>15</Combined_episodenumber>
  <Combined_season>3</Combined_season>
  <DVD_chapter></DVD_chapter>
  <DVD_discid></DVD_discid>
  <DVD_episodenumber></DVD_episodenumber>
  <DVD_season></DVD_season>
  <Director>Mark Baldwin</Director>
  <EpImgFlag>2</EpImgFlag>
  <EpisodeName>Inevitability</EpisodeName>
  <EpisodeNumber>15</EpisodeNumber>
  <FirstAired>2013-03-29</FirstAired>
  <GuestStars>Jonathan Adams|Richard T. Jones</GuestStars>
  <IMDB_ID></IMDB_ID>
  <Language>en</Language>
  <Overview>When Nikita decides Division should take on a government mission to eliminate the President of Chad while he’s in Paris, Alex takes a stand and refuses to participate. Upset that Nikita is keeping secrets from everyone, much like Percy did, Alex recruits Birkoff to dig up secrets on Danforth to use as leverage in case things get messy with the government. Alex and Birkhoff are shocked when they come across a secret so big it could blow up Division — literally.</Overview>
  <ProductionCode></ProductionCode>
  <Rating>8.0</Rating>
  <RatingCount>11</RatingCount>
  <SeasonNumber>3</SeasonNumber>
  <Writer>Kristen Reidel</Writer>
  <absolute_number></absolute_number>
  <filename>episodes/164301/4471007.jpg</filename>
  <lastupdated>1363798012</lastupdated>
  <seasonid>495494</seasonid>
  <seriesid>164301</seriesid>
</Episode>
<Episode>
  <id>4471008</id>
  <Combined_episodenumber>16</Combined_episodenumber>
  <Combined_season>3</Combined_season>
  <DVD_chapter></DVD_chapter>
  <DVD_discid></DVD_discid>
  <DVD_episodenumber></DVD_episodenumber>
  <DVD_season></DVD_season>
  <Director>Dwight Little</Director>
  <EpImgFlag></EpImgFlag>
  <EpisodeName>Tipping Point</EpisodeName>
  <EpisodeNumber>16</EpisodeNumber>
  <FirstAired>2013-04-05</FirstAired>
  <GuestStars></GuestStars>
  <IMDB_ID></IMDB_ID>
  <Language>en</Language>
  <Overview>Nikita and Michael learn of a new prosthetic hand that could have Michael back to his old self, but it comes at a steep price. Meanwhile, Alex and Sean are tasked with investigating who, inside Division, is behind a mutiny that ends in bloodshed.</Overview>
  <ProductionCode></ProductionCode>
  <Rating></Rating>
  <RatingCount>0</RatingCount>
  <SeasonNumber>3</SeasonNumber>
  <Writer>Oliver Grigsby</Writer>
  <absolute_number></absolute_number>
  <filename></filename>
  <lastupdated>1363335090</lastupdated>
  <seasonid>495494</seasonid>
  <seriesid>164301</seriesid>
</Episode>
<Episode>
  <id>4529262</id>
  <Combined_episodenumber>17</Combined_episodenumber>
  <Combined_season>3</Combined_season>
  <DVD_chapter></DVD_chapter>
  <DVD_discid></DVD_discid>
  <DVD_episodenumber></DVD_episodenumber>
  <DVD_season></DVD_season>
  <Director>Chris Peppe</Director>
  <EpImgFlag></EpImgFlag>
  <EpisodeName>Masks</EpisodeName>
  <EpisodeNumber>17</EpisodeNumber>
  <FirstAired>2013-04-12</FirstAired>
  <GuestStars></GuestStars>
  <IMDB_ID></IMDB_ID>
  <Language>en</Language>
  <Overview>Alex confesses her desire to leave Division to Birkhoff, while Amanda begins providing Owen with something he was never able to find – memories of his real past. Despite Nikita’s attempts to help, Owen begins to confront the events of his past.</Overview>
  <ProductionCode></ProductionCode>
  <Rating></Rating>
  <RatingCount>0</RatingCount>
  <SeasonNumber>3</SeasonNumber>
  <Writer>Kamran Pasha</Writer>
  <absolute_number></absolute_number>
  <filename></filename>
  <lastupdated>1363878715</lastupdated>
  <seasonid>495494</seasonid>
  <seriesid>164301</seriesid>
</Episode>
<Episode>
  <id>4534549</id>
  <Combined_episodenumber>18</Combined_episodenumber>
  <Combined_season>3</Combined_season>
  <DVD_chapter></DVD_chapter>
  <DVD_discid></DVD_discid>
  <DVD_episodenumber></DVD_episodenumber>
  <DVD_season></DVD_season>
  <Director>John Badham</Director>
  <EpImgFlag></EpImgFlag>
  <EpisodeName>Broken Home</EpisodeName>
  <EpisodeNumber>18</EpisodeNumber>
  <FirstAired>2013-04-19</FirstAired>
  <GuestStars></GuestStars>
  <IMDB_ID></IMDB_ID>
  <Language>en</Language>
  <Overview>Strapped down and drugged, Nikita is subjected to Amanda's horrific mental conditioning process, sending her down a terrible trip through memory lane. In the process, Nikita discovers Amanda's deepest, most guarded secret ever. Now revealed as leader of the uprising, Alex struggles to save everyone as events violently escalate. With Michael locked away by Division conspirators, Birkhoff and Sean must step up to save the women they love. Meanwhile, Owen's newfound memories drive him to disturbing actions during Division's lockdown.</Overview>
  <ProductionCode></ProductionCode>
  <Rating></Rating>
  <RatingCount>0</RatingCount>
  <SeasonNumber>3</SeasonNumber>
  <Writer>Terry Matalas|Travis Fickett</Writer>
  <absolute_number></absolute_number>
  <filename></filename>
  <lastupdated>1364479781</lastupdated>
  <seasonid>495494</seasonid>
  <seriesid>164301</seriesid>
</Episode>
<Episode>
  <id>4532393</id>
  <Combined_episodenumber>20</Combined_episodenumber>
  <Combined_season>3</Combined_season>
  <DVD_chapter></DVD_chapter>
  <DVD_discid></DVD_discid>
  <DVD_episodenumber></DVD_episodenumber>
  <DVD_season></DVD_season>
  <Director>Dan Sackheim</Director>
  <EpImgFlag></EpImgFlag>
  <EpisodeName>High-Value Target</EpisodeName>
  <EpisodeNumber>20</EpisodeNumber>
  <FirstAired></FirstAired>
  <GuestStars></GuestStars>
  <IMDB_ID></IMDB_ID>
  <Language>en</Language>
  <Overview></Overview>
  <ProductionCode></ProductionCode>
  <Rating></Rating>
  <RatingCount>0</RatingCount>
  <SeasonNumber>3</SeasonNumber>
  <Writer>Michael Brandon Guercio</Writer>
  <absolute_number></absolute_number>
  <filename></filename>
  <lastupdated>1364246673</lastupdated>
  <seasonid>495494</seasonid>
  <seriesid>164301</seriesid>
</Episode>
</Data>