<?xml version="1.0" encoding="UTF-8" ?>
<Actors>
<Actor>
  <id>291627</id>
  <Image>actors/291627.jpg</Image>
  <Name>Charlie Sheen</Name>
  <Role>Charlie Goodson</Role>
  <SortOrder>0</SortOrder>
</Actor>
<Actor>
  <id>297519</id>
  <Image>actors/297519.jpg</Image>
  <Name>Selma Blair</Name>
  <Role>Kate Wales</Role>
  <SortOrder>1</SortOrder>
</Actor>
<Actor>
  <id>300570</id>
  <Image>actors/300570.jpg</Image>
  <Name>Daniela Bobadilla</Name>
  <Role>Sam Goodson</Role>
  <SortOrder>2</SortOrder>
</Actor>
<Actor>
  <id>306339</id>
  <Image>actors/306339.jpg</Image>
  <Name>Martin Sheen</Name>
  <Role>Martin Goodson</Role>
  <SortOrder>3</SortOrder>
</Actor>
<Actor>
  <id>301364</id>
  <Image>actors/301364.jpg</Image>
  <Name>Barry Corbin</Name>
  <Role>Ed</Role>
  <SortOrder>3</SortOrder>
</Actor>
<Actor>
  <id>300572</id>
  <Image>actors/300572.jpg</Image>
  <Name>Derek Richardson</Name>
  <Role>Nolan</Role>
  <SortOrder>3</SortOrder>
</Actor>
<Actor>
  <id>300571</id>
  <Image>actors/300571.jpg</Image>
  <Name>Michael Arden</Name>
  <Role>Patrick </Role>
  <SortOrder>3</SortOrder>
</Actor>
<Actor>
  <id>300569</id>
  <Image>actors/300569.jpg</Image>
  <Name>Noureen DeWulf</Name>
  <Role>Lacey</Role>
  <SortOrder>3</SortOrder>
</Actor>
<Actor>
  <id>300568</id>
  <Image>actors/300568.jpg</Image>
  <Name>Shawnee Smith</Name>
  <Role>Jennifer Goodson</Role>
  <SortOrder>3</SortOrder>
</Actor>
<Actor>
  <id>300567</id>
  <Image>actors/300567.jpg</Image>
  <Name>Brett Butler</Name>
  <Role>Bartender</Role>
  <SortOrder>3</SortOrder>
</Actor>
<Actor>
  <id>300566</id>
  <Image>actors/300566.jpg</Image>
  <Name>Michael Boatman</Name>
  <Role>Mike</Role>
  <SortOrder>3</SortOrder>
</Actor>
</Actors>