<?xml version="1.0" encoding="UTF-8" ?>
<Data><Series>
  <id>253350</id>
  <Actors>|Charlie Sheen|Selma Blair|Daniela Bobadilla|Martin Sheen|Barry Corbin|Derek Richardson|Michael Arden|Noureen DeWulf|Shawnee Smith|Brett Butler|Michael Boatman|</Actors>
  <Airs_DayOfWeek>Thursday</Airs_DayOfWeek>
  <Airs_Time>9:30 PM</Airs_Time>
  <ContentRating>TV-MA</ContentRating>
  <FirstAired>2012-06-28</FirstAired>
  <Genre>|Comedy|</Genre>
  <IMDB_ID>tt1986770</IMDB_ID>
  <Language>en</Language>
  <Network>FX</Network>
  <NetworkID></NetworkID>
  <Overview>The series follows Charlie (Charlie Sheen), a former minor-league baseball player who has overcome his past anger issues to become a &quot;non-traditional&quot; therapist. However, his life is continuously complicated by his family and friends.</Overview>
  <Rating>7.4</Rating>
  <RatingCount>23</RatingCount>
  <Runtime>30</Runtime>
  <SeriesID></SeriesID>
  <SeriesName>Anger Management</SeriesName>
  <Status>Continuing</Status>
  <added>2011-11-03 23:49:29</added>
  <addedBy>67951</addedBy>
  <banner>graphical/253350-g5.jpg</banner>
  <fanart>fanart/original/253350-4.jpg</fanart>
  <lastupdated>1364842784</lastupdated>
  <poster>posters/253350-4.jpg</poster>
  <zap2it_id>SH01508470</zap2it_id>
</Series>
<Episode>
  <id>4472784</id>
  <Combined_episodenumber>1</Combined_episodenumber>
  <Combined_season>0</Combined_season>
  <DVD_chapter></DVD_chapter>
  <DVD_discid></DVD_discid>
  <DVD_episodenumber></DVD_episodenumber>
  <DVD_season></DVD_season>
  <Director></Director>
  <EpImgFlag></EpImgFlag>
  <EpisodeName>Anger Mismanagement Gag Reel</EpisodeName>
  <EpisodeNumber>1</EpisodeNumber>
  <FirstAired></FirstAired>
  <GuestStars></GuestStars>
  <IMDB_ID></IMDB_ID>
  <Language>en</Language>
  <Overview></Overview>
  <ProductionCode></ProductionCode>
  <Rating></Rating>
  <RatingCount>0</RatingCount>
  <SeasonNumber>0</SeasonNumber>
  <Writer></Writer>
  <absolute_number></absolute_number>
  <airsafter_season></airsafter_season>
  <airsbefore_episode></airsbefore_episode>
  <airsbefore_season></airsbefore_season>
  <filename></filename>
  <lastupdated>1357727355</lastupdated>
  <seasonid>477727</seasonid>
  <seriesid>253350</seriesid>
</Episode>
<Episode>
  <id>4472798</id>
  <Combined_episodenumber>2</Combined_episodenumber>
  <Combined_season>0</Combined_season>
  <DVD_chapter></DVD_chapter>
  <DVD_discid></DVD_discid>
  <DVD_episodenumber></DVD_episodenumber>
  <DVD_season></DVD_season>
  <Director></Director>
  <EpImgFlag></EpImgFlag>
  <EpisodeName>Charlie's Baby</EpisodeName>
  <EpisodeNumber>2</EpisodeNumber>
  <FirstAired></FirstAired>
  <GuestStars></GuestStars>
  <IMDB_ID></IMDB_ID>
  <Language>en</Language>
  <Overview></Overview>
  <ProductionCode></ProductionCode>
  <Rating></Rating>
  <RatingCount>0</RatingCount>
  <SeasonNumber>0</SeasonNumber>
  <Writer></Writer>
  <absolute_number></absolute_number>
  <airsafter_season></airsafter_season>
  <airsbefore_episode></airsbefore_episode>
  <airsbefore_season></airsbefore_season>
  <filename></filename>
  <lastupdated>1357731823</lastupdated>
  <seasonid>477727</seasonid>
  <seriesid>253350</seriesid>
</Episode>
<Episode>
  <id>4472799</id>
  <Combined_episodenumber>3</Combined_episodenumber>
  <Combined_season>0</Combined_season>
  <DVD_chapter></DVD_chapter>
  <DVD_discid></DVD_discid>
  <DVD_episodenumber></DVD_episodenumber>
  <DVD_season></DVD_season>
  <Director></Director>
  <EpImgFlag></EpImgFlag>
  <EpisodeName>Behind The Couch</EpisodeName>
  <EpisodeNumber>3</EpisodeNumber>
  <FirstAired></FirstAired>
  <GuestStars></GuestStars>
  <IMDB_ID></IMDB_ID>
  <Language>en</Language>
  <Overview></Overview>
  <ProductionCode></ProductionCode>
  <Rating></Rating>
  <RatingCount>0</RatingCount>
  <SeasonNumber>0</SeasonNumber>
  <Writer></Writer>
  <absolute_number></absolute_number>
  <airsafter_season></airsafter_season>
  <airsbefore_episode></airsbefore_episode>
  <airsbefore_season></airsbefore_season>
  <filename></filename>
  <lastupdated>1357731836</lastupdated>
  <seasonid>477727</seasonid>
  <seriesid>253350</seriesid>
</Episode>
<Episode>
  <id>4198854</id>
  <Combined_episodenumber>1</Combined_episodenumber>
  <Combined_season>1</Combined_season>
  <DVD_chapter></DVD_chapter>
  <DVD_discid></DVD_discid>
  <DVD_episodenumber></DVD_episodenumber>
  <DVD_season></DVD_season>
  <Director>Andy Cadiff</Director>
  <EpImgFlag>2</EpImgFlag>
  <EpisodeName>Charlie Goes Back to Therapy</EpisodeName>
  <EpisodeNumber>1</EpisodeNumber>
  <FirstAired>2012-06-28</FirstAired>
  <GuestStars>|Brett Butler|Michael Boatman|James Black|Aldo Gonzalez|Brian Austin Green|Darius McCrary|Stephen Taylor|Mikaela Hoover|Kerri Kenney|</GuestStars>
  <IMDB_ID>tt2243745</IMDB_ID>
  <Language>en</Language>
  <Overview>Charlie, a baseball player with anger issues decides to return to therapy after a bad run-in with his ex-wife's new boyfriend.</Overview>
  <ProductionCode></ProductionCode>
  <Rating>7.2</Rating>
  <RatingCount>69</RatingCount>
  <SeasonNumber>1</SeasonNumber>
  <Writer>Bruce Helford</Writer>
  <absolute_number>1</absolute_number>
  <filename>episodes/253350/4198854.jpg</filename>
  <lastupdated>1358779218</lastupdated>
  <seasonid>477729</seasonid>
  <seriesid>253350</seriesid>
</Episode>
<Episode>
  <id>4305864</id>
  <Combined_episodenumber>2</Combined_episodenumber>
  <Combined_season>1</Combined_season>
  <DVD_chapter></DVD_chapter>
  <DVD_discid></DVD_discid>
  <DVD_episodenumber></DVD_episodenumber>
  <DVD_season></DVD_season>
  <Director>Gerry Cohen</Director>
  <EpImgFlag>2</EpImgFlag>
  <EpisodeName>Charlie and the Slumpbuster</EpisodeName>
  <EpisodeNumber>2</EpisodeNumber>
  <FirstAired>2012-06-28</FirstAired>
  <GuestStars>|Brett Butler|Kerri Kenney|Mikaela Hoover|</GuestStars>
  <IMDB_ID>tt2336573</IMDB_ID>
  <Language>en</Language>
  <Overview>The new Charlie deals with a ghost from his baseball-playing days when an unattractive woman he slept with shows up as a new patient.</Overview>
  <ProductionCode></ProductionCode>
  <Rating>7.3</Rating>
  <RatingCount>59</RatingCount>
  <SeasonNumber>1</SeasonNumber>
  <Writer>Kristy Grant</Writer>
  <absolute_number>2</absolute_number>
  <filename>episodes/253350/4305864.jpg</filename>
  <lastupdated>1358780438</lastupdated>
  <seasonid>477729</seasonid>
  <seriesid>253350</seriesid>
</Episode>
<Episode>
  <id>4305865</id>
  <Combined_episodenumber>3</Combined_episodenumber>
  <Combined_season>1</Combined_season>
  <DVD_chapter></DVD_chapter>
  <DVD_discid></DVD_discid>
  <DVD_episodenumber></DVD_episodenumber>
  <DVD_season></DVD_season>
  <Director>Bob Koherr</Director>
  <EpImgFlag>2</EpImgFlag>
  <EpisodeName>Charlie Tries Sleep Deprivation</EpisodeName>
  <EpisodeNumber>3</EpisodeNumber>
  <FirstAired>2012-07-05</FirstAired>
  <GuestStars></GuestStars>
  <IMDB_ID></IMDB_ID>
  <Language>en</Language>
  <Overview>Charlie challenges his group to do 36 hours of sleep-deprivation therapy so that their inhibitions come down.</Overview>
  <ProductionCode></ProductionCode>
  <Rating>7.5</Rating>
  <RatingCount>56</RatingCount>
  <SeasonNumber>1</SeasonNumber>
  <Writer>Dave Kaplan</Writer>
  <absolute_number>3</absolute_number>
  <filename>episodes/253350/4305865.jpg</filename>
  <lastupdated>1359468492</lastupdated>
  <seasonid>477729</seasonid>
  <seriesid>253350</seriesid>
</Episode>
<Episode>
  <id>4348865</id>
  <Combined_episodenumber>4</Combined_episodenumber>
  <Combined_season>1</Combined_season>
  <DVD_chapter></DVD_chapter>
  <DVD_discid></DVD_discid>
  <DVD_episodenumber></DVD_episodenumber>
  <DVD_season></DVD_season>
  <Director>Andy Cadiff</Director>
  <EpImgFlag>2</EpImgFlag>
  <EpisodeName>Charlie and Kate Battle Over a Patient</EpisodeName>
  <EpisodeNumber>4</EpisodeNumber>
  <FirstAired>2012-07-12</FirstAired>
  <GuestStars>|James Black|Darius McCrary|Stephen Taylor|Katlin Mastandrea|Hannah Zeile|</GuestStars>
  <IMDB_ID>tt2396839</IMDB_ID>
  <Language>en</Language>
  <Overview>Kate starts a war when she steals one of Charlie's group patients.</Overview>
  <ProductionCode></ProductionCode>
  <Rating>7.5</Rating>
  <RatingCount>49</RatingCount>
  <SeasonNumber>1</SeasonNumber>
  <Writer>Bob Kushell</Writer>
  <absolute_number>4</absolute_number>
  <filename>episodes/253350/4348865.jpg</filename>
  <lastupdated>1359468558</lastupdated>
  <seasonid>477729</seasonid>
  <seriesid>253350</seriesid>
</Episode>
<Episode>
  <id>4355947</id>
  <Combined_episodenumber>5</Combined_episodenumber>
  <Combined_season>1</Combined_season>
  <DVD_chapter></DVD_chapter>
  <DVD_discid></DVD_discid>
  <DVD_episodenumber></DVD_episodenumber>
  <DVD_season></DVD_season>
  <Director>Rob Schiller</Director>
  <EpImgFlag>2</EpImgFlag>
  <EpisodeName>Charlie Tries to Prove Therapy Is Legit</EpisodeName>
  <EpisodeNumber>5</EpisodeNumber>
  <FirstAired>2012-07-19</FirstAired>
  <GuestStars>|Denise Richards|Stephen Taylor|Aldo Gonzalez|</GuestStars>
  <IMDB_ID>tt2396831</IMDB_ID>
  <Language>en</Language>
  <Overview>Charlie falls for Jen's hot new business partner only to find she thinks therapy is a scam; Patrick asks Charlie to counsel the angry ghost of his mother.</Overview>
  <ProductionCode></ProductionCode>
  <Rating>7.5</Rating>
  <RatingCount>50</RatingCount>
  <SeasonNumber>1</SeasonNumber>
  <Writer>Daley Haggar</Writer>
  <absolute_number>5</absolute_number>
  <filename>episodes/253350/4355947.jpg</filename>
  <lastupdated>1359468584</lastupdated>
  <seasonid>477729</seasonid>
  <seriesid>253350</seriesid>
</Episode>
<Episode>
  <id>4355948</id>
  <Combined_episodenumber>6</Combined_episodenumber>
  <Combined_season>1</Combined_season>
  <DVD_chapter></DVD_chapter>
  <DVD_discid></DVD_discid>
  <DVD_episodenumber></DVD_episodenumber>
  <DVD_season></DVD_season>
  <Director>Sam Simon</Director>
  <EpImgFlag>2</EpImgFlag>
  <EpisodeName>Charlie Dates Kate's Patient</EpisodeName>
  <EpisodeNumber>6</EpisodeNumber>
  <FirstAired>2012-07-26</FirstAired>
  <GuestStars>Michael Swan</GuestStars>
  <IMDB_ID>tt2385333</IMDB_ID>
  <Language>en</Language>
  <Overview>Charlie starts covertly dating a brilliant coffee-shop barista who is a patient of Kate's.</Overview>
  <ProductionCode></ProductionCode>
  <Rating>7.5</Rating>
  <RatingCount>43</RatingCount>
  <SeasonNumber>1</SeasonNumber>
  <Writer>Shauna McGarry</Writer>
  <absolute_number>6</absolute_number>
  <filename>episodes/253350/4355948.jpg</filename>
  <lastupdated>1359468606</lastupdated>
  <seasonid>477729</seasonid>
  <seriesid>253350</seriesid>
</Episode>
<Episode>
  <id>4355949</id>
  <Combined_episodenumber>7</Combined_episodenumber>
  <Combined_season>1</Combined_season>
  <DVD_chapter></DVD_chapter>
  <DVD_discid></DVD_discid>
  <DVD_episodenumber></DVD_episodenumber>
  <DVD_season></DVD_season>
  <Director>Gerry Cohen</Director>
  <EpImgFlag>2</EpImgFlag>
  <EpisodeName>Charlie's Patient Gets Out of Jail</EpisodeName>
  <EpisodeNumber>7</EpisodeNumber>
  <FirstAired>2012-08-02</FirstAired>
  <GuestStars></GuestStars>
  <IMDB_ID>tt2260558</IMDB_ID>
  <Language>en</Language>
  <Overview>One of Charlie's patients from his prison anger therapy group shows up on his doorstep; Jennifer gets back at Charlie by dating an ex-con.</Overview>
  <ProductionCode></ProductionCode>
  <Rating>7.4</Rating>
  <RatingCount>41</RatingCount>
  <SeasonNumber>1</SeasonNumber>
  <Writer>Michael Loftus</Writer>
  <absolute_number>7</absolute_number>
  <filename>episodes/253350/4355949.jpg</filename>
  <lastupdated>1359468639</lastupdated>
  <seasonid>477729</seasonid>
  <seriesid>253350</seriesid>
</Episode>
<Episode>
  <id>4355950</id>
  <Combined_episodenumber>8</Combined_episodenumber>
  <Combined_season>1</Combined_season>
  <DVD_chapter></DVD_chapter>
  <DVD_discid></DVD_discid>
  <DVD_episodenumber></DVD_episodenumber>
  <DVD_season></DVD_season>
  <Director>Rob Schiller</Director>
  <EpImgFlag>2</EpImgFlag>
  <EpisodeName>Charlie Outs A Patient</EpisodeName>
  <EpisodeNumber>8</EpisodeNumber>
  <FirstAired>2012-08-09</FirstAired>
  <GuestStars></GuestStars>
  <IMDB_ID>tt2372611</IMDB_ID>
  <Language>en</Language>
  <Overview>Charlie evaluates the depth of his involvement in his patient's lives when he accidentally helps his patient hook up with a crazy woman.</Overview>
  <ProductionCode></ProductionCode>
  <Rating>7.7</Rating>
  <RatingCount>43</RatingCount>
  <SeasonNumber>1</SeasonNumber>
  <Writer>Brian Posehn</Writer>
  <absolute_number>8</absolute_number>
  <filename>episodes/253350/4355950.jpg</filename>
  <lastupdated>1359468686</lastupdated>
  <seasonid>477729</seasonid>
  <seriesid>253350</seriesid>
</Episode>
<Episode>
  <id>4355951</id>
  <Combined_episodenumber>9</Combined_episodenumber>
  <Combined_season>1</Combined_season>
  <DVD_chapter></DVD_chapter>
  <DVD_discid></DVD_discid>
  <DVD_episodenumber></DVD_episodenumber>
  <DVD_season></DVD_season>
  <Director>Bob Koherr</Director>
  <EpImgFlag>2</EpImgFlag>
  <EpisodeName>Charlie's Dad Visits</EpisodeName>
  <EpisodeNumber>9</EpisodeNumber>
  <FirstAired>2012-08-16</FirstAired>
  <GuestStars>Martin Sheen</GuestStars>
  <IMDB_ID>tt2303914</IMDB_ID>
  <Language>en</Language>
  <Overview>Charlie gets an unexpected visit from his hypercritical father; Charlie attempts to help Lacey with road rage.</Overview>
  <ProductionCode></ProductionCode>
  <Rating>7.5</Rating>
  <RatingCount>37</RatingCount>
  <SeasonNumber>1</SeasonNumber>
  <Writer>Daley Haggar</Writer>
  <absolute_number>9</absolute_number>
  <filename>episodes/253350/4355951.jpg</filename>
  <lastupdated>1359468721</lastupdated>
  <seasonid>477729</seasonid>
  <seriesid>253350</seriesid>
</Episode>
<Episode>
  <id>4370037</id>
  <Combined_episodenumber>10</Combined_episodenumber>
  <Combined_season>1</Combined_season>
  <DVD_chapter></DVD_chapter>
  <DVD_discid></DVD_discid>
  <DVD_episodenumber></DVD_episodenumber>
  <DVD_season></DVD_season>
  <Director>Bob Koherr</Director>
  <EpImgFlag>2</EpImgFlag>
  <EpisodeName>Charlie Gets Romantic</EpisodeName>
  <EpisodeNumber>10</EpisodeNumber>
  <FirstAired>2012-08-23</FirstAired>
  <GuestStars></GuestStars>
  <IMDB_ID></IMDB_ID>
  <Language>en</Language>
  <Overview>Charlie and Kate's sexual episode leads to complications when he innocently asks her to a movie; Sam kisses a girl and the picture winds up on a social media site.</Overview>
  <ProductionCode></ProductionCode>
  <Rating>7.6</Rating>
  <RatingCount>32</RatingCount>
  <SeasonNumber>1</SeasonNumber>
  <Writer>Janae Bakken</Writer>
  <absolute_number>10</absolute_number>
  <filename>episodes/253350/4370037.jpg</filename>
  <lastupdated>1364205557</lastupdated>
  <seasonid>477729</seasonid>
  <seriesid>253350</seriesid>
</Episode>
<Episode>
  <id>4445175</id>
  <Combined_episodenumber>1</Combined_episodenumber>
  <Combined_season>2</Combined_season>
  <DVD_chapter></DVD_chapter>
  <DVD_discid></DVD_discid>
  <DVD_episodenumber></DVD_episodenumber>
  <DVD_season></DVD_season>
  <Director>|Steve Zuckerman|</Director>
  <EpImgFlag>2</EpImgFlag>
  <EpisodeName>Charlie Loses it at a Baby Shower</EpisodeName>
  <EpisodeNumber>1</EpisodeNumber>
  <FirstAired>2013-01-17</FirstAired>
  <GuestStars>|Meredith Salinger|Jen Kober|</GuestStars>
  <IMDB_ID></IMDB_ID>
  <Language>en</Language>
  <Overview>Charlie blows up at his sister's baby shower.</Overview>
  <ProductionCode></ProductionCode>
  <Rating>7.5</Rating>
  <RatingCount>31</RatingCount>
  <SeasonNumber>2</SeasonNumber>
  <Writer>|Michael Loftus|</Writer>
  <absolute_number>11</absolute_number>
  <filename>episodes/253350/4445175.jpg</filename>
  <lastupdated>1359468944</lastupdated>
  <seasonid>506234</seasonid>
  <seriesid>253350</seriesid>
</Episode>
<Episode>
  <id>4453124</id>
  <Combined_episodenumber>2</Combined_episodenumber>
  <Combined_season>2</Combined_season>
  <DVD_chapter></DVD_chapter>
  <DVD_discid></DVD_discid>
  <DVD_episodenumber></DVD_episodenumber>
  <DVD_season></DVD_season>
  <Director>|Andy Cadiff|</Director>
  <EpImgFlag>2</EpImgFlag>
  <EpisodeName>Charlie's Dad Starts to Lose It</EpisodeName>
  <EpisodeNumber>2</EpisodeNumber>
  <FirstAired>2013-01-17</FirstAired>
  <GuestStars>|Mimi Kennedy|Carolyn Hennesy|</GuestStars>
  <IMDB_ID></IMDB_ID>
  <Language>en</Language>
  <Overview>Charlie wonders if his father is developing Alzheimer's.</Overview>
  <ProductionCode></ProductionCode>
  <Rating>7.7</Rating>
  <RatingCount>26</RatingCount>
  <SeasonNumber>2</SeasonNumber>
  <Writer>|Clay Graham|</Writer>
  <absolute_number>12</absolute_number>
  <filename>episodes/253350/4453124.jpg</filename>
  <lastupdated>1359468973</lastupdated>
  <seasonid>506234</seasonid>
  <seriesid>253350</seriesid>
</Episode>
<Episode>
  <id>4453125</id>
  <Combined_episodenumber>3</Combined_episodenumber>
  <Combined_season>2</Combined_season>
  <DVD_chapter></DVD_chapter>
  <DVD_discid></DVD_discid>
  <DVD_episodenumber></DVD_episodenumber>
  <DVD_season></DVD_season>
  <Director>Gerry Cohen</Director>
  <EpImgFlag>2</EpImgFlag>
  <EpisodeName>Charlie and the Ex-Patient</EpisodeName>
  <EpisodeNumber>3</EpisodeNumber>
  <FirstAired>2013-01-24</FirstAired>
  <GuestStars></GuestStars>
  <IMDB_ID></IMDB_ID>
  <Language>en</Language>
  <Overview>Charlie begins a questionable romantic relationship with an ex-patient.</Overview>
  <ProductionCode></ProductionCode>
  <Rating>7.9</Rating>
  <RatingCount>23</RatingCount>
  <SeasonNumber>2</SeasonNumber>
  <Writer>Daley Haggar</Writer>
  <absolute_number>13</absolute_number>
  <filename>episodes/253350/4453125.jpg</filename>
  <lastupdated>1359468997</lastupdated>
  <seasonid>506234</seasonid>
  <seriesid>253350</seriesid>
</Episode>
<Episode>
  <id>4453126</id>
  <Combined_episodenumber>4</Combined_episodenumber>
  <Combined_season>2</Combined_season>
  <DVD_chapter></DVD_chapter>
  <DVD_discid></DVD_discid>
  <DVD_episodenumber></DVD_episodenumber>
  <DVD_season></DVD_season>
  <Director>Bob Koherr</Director>
  <EpImgFlag>2</EpImgFlag>
  <EpisodeName>Charlie's Dad Breaks Bad</EpisodeName>
  <EpisodeNumber>4</EpisodeNumber>
  <FirstAired>2013-01-31</FirstAired>
  <GuestStars></GuestStars>
  <IMDB_ID></IMDB_ID>
  <Language>en</Language>
  <Overview>Charlie's dad falls in with a bad crowd.</Overview>
  <ProductionCode></ProductionCode>
  <Rating>7.5</Rating>
  <RatingCount>21</RatingCount>
  <SeasonNumber>2</SeasonNumber>
  <Writer>Eric Weinberg</Writer>
  <absolute_number>14</absolute_number>
  <filename>episodes/253350/4453126.jpg</filename>
  <lastupdated>1359742521</lastupdated>
  <seasonid>506234</seasonid>
  <seriesid>253350</seriesid>
</Episode>
<Episode>
  <id>4453127</id>
  <Combined_episodenumber>5</Combined_episodenumber>
  <Combined_season>2</Combined_season>
  <DVD_chapter></DVD_chapter>
  <DVD_discid></DVD_discid>
  <DVD_episodenumber></DVD_episodenumber>
  <DVD_season></DVD_season>
  <Director></Director>
  <EpImgFlag>2</EpImgFlag>
  <EpisodeName>Charlie &amp; Jen Together Again</EpisodeName>
  <EpisodeNumber>5</EpisodeNumber>
  <FirstAired>2013-02-07</FirstAired>
  <GuestStars></GuestStars>
  <IMDB_ID></IMDB_ID>
  <Language>en</Language>
  <Overview>Jennifer moves in with Charlie temporarily and Kate gets jealous.</Overview>
  <ProductionCode></ProductionCode>
  <Rating>7.7</Rating>
  <RatingCount>19</RatingCount>
  <SeasonNumber>2</SeasonNumber>
  <Writer></Writer>
  <absolute_number></absolute_number>
  <filename>episodes/253350/4453127.jpg</filename>
  <lastupdated>1360339512</lastupdated>
  <seasonid>506234</seasonid>
  <seriesid>253350</seriesid>
</Episode>
<Episode>
  <id>4453128</id>
  <Combined_episodenumber>6</Combined_episodenumber>
  <Combined_season>2</Combined_season>
  <DVD_chapter></DVD_chapter>
  <DVD_discid></DVD_discid>
  <DVD_episodenumber></DVD_episodenumber>
  <DVD_season></DVD_season>
  <Director></Director>
  <EpImgFlag>2</EpImgFlag>
  <EpisodeName>Charlie and Deception Therapy</EpisodeName>
  <EpisodeNumber>6</EpisodeNumber>
  <FirstAired>2013-02-14</FirstAired>
  <GuestStars></GuestStars>
  <IMDB_ID></IMDB_ID>
  <Language>en</Language>
  <Overview>Charlie tries to help his patient with a placebo pill that supposedly reduces anger.</Overview>
  <ProductionCode></ProductionCode>
  <Rating>7.8</Rating>
  <RatingCount>20</RatingCount>
  <SeasonNumber>2</SeasonNumber>
  <Writer></Writer>
  <absolute_number></absolute_number>
  <filename>episodes/253350/4453128.jpg</filename>
  <lastupdated>1360910205</lastupdated>
  <seasonid>506234</seasonid>
  <seriesid>253350</seriesid>
</Episode>
<Episode>
  <id>4453129</id>
  <Combined_episodenumber>7</Combined_episodenumber>
  <Combined_season>2</Combined_season>
  <DVD_chapter></DVD_chapter>
  <DVD_discid></DVD_discid>
  <DVD_episodenumber></DVD_episodenumber>
  <DVD_season></DVD_season>
  <Director></Director>
  <EpImgFlag>2</EpImgFlag>
  <EpisodeName>Charlie Dates a Teacher</EpisodeName>
  <EpisodeNumber>7</EpisodeNumber>
  <FirstAired>2013-02-21</FirstAired>
  <GuestStars></GuestStars>
  <IMDB_ID></IMDB_ID>
  <Language>en</Language>
  <Overview>Charlie dates his daughter's teacher.</Overview>
  <ProductionCode></ProductionCode>
  <Rating>7.9</Rating>
  <RatingCount>17</RatingCount>
  <SeasonNumber>2</SeasonNumber>
  <Writer></Writer>
  <absolute_number></absolute_number>
  <filename>episodes/253350/4453129.jpg</filename>
  <lastupdated>1361548830</lastupdated>
  <seasonid>506234</seasonid>
  <seriesid>253350</seriesid>
</Episode>
<Episode>
  <id>4453132</id>
  <Combined_episodenumber>8</Combined_episodenumber>
  <Combined_season>2</Combined_season>
  <DVD_chapter></DVD_chapter>
  <DVD_discid></DVD_discid>
  <DVD_episodenumber></DVD_episodenumber>
  <DVD_season></DVD_season>
  <Director></Director>
  <EpImgFlag>2</EpImgFlag>
  <EpisodeName>Charlie and Cee Lo</EpisodeName>
  <EpisodeNumber>8</EpisodeNumber>
  <FirstAired>2013-02-28</FirstAired>
  <GuestStars></GuestStars>
  <IMDB_ID></IMDB_ID>
  <Language>en</Language>
  <Overview>Charlie takes on Cee Lo Green as a therapy patient.</Overview>
  <ProductionCode></ProductionCode>
  <Rating>8.1</Rating>
  <RatingCount>16</RatingCount>
  <SeasonNumber>2</SeasonNumber>
  <Writer></Writer>
  <absolute_number></absolute_number>
  <filename>episodes/253350/4453132.jpg</filename>
  <lastupdated>1362119854</lastupdated>
  <seasonid>506234</seasonid>
  <seriesid>253350</seriesid>
</Episode>
<Episode>
  <id>4453131</id>
  <Combined_episodenumber>9</Combined_episodenumber>
  <Combined_season>2</Combined_season>
  <DVD_chapter></DVD_chapter>
  <DVD_discid></DVD_discid>
  <DVD_episodenumber></DVD_episodenumber>
  <DVD_season></DVD_season>
  <Director></Director>
  <EpImgFlag>2</EpImgFlag>
  <EpisodeName>Charlie is an Expert Witness</EpisodeName>
  <EpisodeNumber>9</EpisodeNumber>
  <FirstAired>2013-03-07</FirstAired>
  <GuestStars></GuestStars>
  <IMDB_ID></IMDB_ID>
  <Language>en</Language>
  <Overview>Charlie and Kate face off as expert witnesses in the same trial.</Overview>
  <ProductionCode></ProductionCode>
  <Rating>7.8</Rating>
  <RatingCount>17</RatingCount>
  <SeasonNumber>2</SeasonNumber>
  <Writer></Writer>
  <absolute_number></absolute_number>
  <filename>episodes/253350/4453131.jpg</filename>
  <lastupdated>1362723475</lastupdated>
  <seasonid>506234</seasonid>
  <seriesid>253350</seriesid>
</Episode>
<Episode>
  <id>4453130</id>
  <Combined_episodenumber>10</Combined_episodenumber>
  <Combined_season>2</Combined_season>
  <DVD_chapter></DVD_chapter>
  <DVD_discid></DVD_discid>
  <DVD_episodenumber></DVD_episodenumber>
  <DVD_season></DVD_season>
  <Director></Director>
  <EpImgFlag>2</EpImgFlag>
  <EpisodeName>Charlie &amp; Catholicism</EpisodeName>
  <EpisodeNumber>10</EpisodeNumber>
  <FirstAired>2013-03-14</FirstAired>
  <GuestStars></GuestStars>
  <IMDB_ID></IMDB_ID>
  <Language>en</Language>
  <Overview>Martin has Charlie's daughter baptized behind Charlie's back.</Overview>
  <ProductionCode></ProductionCode>
  <Rating>7.5</Rating>
  <RatingCount>17</RatingCount>
  <SeasonNumber>2</SeasonNumber>
  <Writer></Writer>
  <absolute_number></absolute_number>
  <filename>episodes/253350/4453130.jpg</filename>
  <lastupdated>1363387039</lastupdated>
  <seasonid>506234</seasonid>
  <seriesid>253350</seriesid>
</Episode>
<Episode>
  <id>4453133</id>
  <Combined_episodenumber>11</Combined_episodenumber>
  <Combined_season>2</Combined_season>
  <DVD_chapter></DVD_chapter>
  <DVD_discid></DVD_discid>
  <DVD_episodenumber></DVD_episodenumber>
  <DVD_season></DVD_season>
  <Director></Director>
  <EpImgFlag></EpImgFlag>
  <EpisodeName>Charlie Dates Crazy, Sexy, Angry</EpisodeName>
  <EpisodeNumber>11</EpisodeNumber>
  <FirstAired>2013-04-04</FirstAired>
  <GuestStars></GuestStars>
  <IMDB_ID></IMDB_ID>
  <Language>en</Language>
  <Overview>Charlie dates Jennifer's business partner and finds out she has sexual anger issues.</Overview>
  <ProductionCode></ProductionCode>
  <Rating></Rating>
  <RatingCount>0</RatingCount>
  <SeasonNumber>2</SeasonNumber>
  <Writer></Writer>
  <absolute_number></absolute_number>
  <filename></filename>
  <lastupdated>1364231432</lastupdated>
  <seasonid>506234</seasonid>
  <seriesid>253350</seriesid>
</Episode>
<Episode>
  <id>4453134</id>
  <Combined_episodenumber>12</Combined_episodenumber>
  <Combined_season>2</Combined_season>
  <DVD_chapter></DVD_chapter>
  <DVD_discid></DVD_discid>
  <DVD_episodenumber></DVD_episodenumber>
  <DVD_season></DVD_season>
  <Director></Director>
  <EpImgFlag></EpImgFlag>
  <EpisodeName>Charlie Gets Lindsay Lohan in Trouble</EpisodeName>
  <EpisodeNumber>12</EpisodeNumber>
  <FirstAired>2013-04-11</FirstAired>
  <GuestStars></GuestStars>
  <IMDB_ID></IMDB_ID>
  <Language>en</Language>
  <Overview>Lindsay Lohan comes to Charlie for therapy and they begin a tumultuous relationship.</Overview>
  <ProductionCode></ProductionCode>
  <Rating></Rating>
  <RatingCount>0</RatingCount>
  <SeasonNumber>2</SeasonNumber>
  <Writer></Writer>
  <absolute_number></absolute_number>
  <filename></filename>
  <lastupdated>1364231463</lastupdated>
  <seasonid>506234</seasonid>
  <seriesid>253350</seriesid>
</Episode>
<Episode>
  <id>4453135</id>
  <Combined_episodenumber>13</Combined_episodenumber>
  <Combined_season>2</Combined_season>
  <DVD_chapter></DVD_chapter>
  <DVD_discid></DVD_discid>
  <DVD_episodenumber></DVD_episodenumber>
  <DVD_season></DVD_season>
  <Director></Director>
  <EpImgFlag></EpImgFlag>
  <EpisodeName>Charlie and the Break Up Coach</EpisodeName>
  <EpisodeNumber>13</EpisodeNumber>
  <FirstAired>2013-04-18</FirstAired>
  <GuestStars></GuestStars>
  <IMDB_ID></IMDB_ID>
  <Language>en</Language>
  <Overview>Charlie lets his father help him coach a high school baseball team.</Overview>
  <ProductionCode></ProductionCode>
  <Rating></Rating>
  <RatingCount>0</RatingCount>
  <SeasonNumber>2</SeasonNumber>
  <Writer></Writer>
  <absolute_number></absolute_number>
  <filename></filename>
  <lastupdated>1364686608</lastupdated>
  <seasonid>506234</seasonid>
  <seriesid>253350</seriesid>
</Episode>
<Episode>
  <id>4453136</id>
  <Combined_episodenumber>14</Combined_episodenumber>
  <Combined_season>2</Combined_season>
  <DVD_chapter></DVD_chapter>
  <DVD_discid></DVD_discid>
  <DVD_episodenumber></DVD_episodenumber>
  <DVD_season></DVD_season>
  <Director></Director>
  <EpImgFlag></EpImgFlag>
  <EpisodeName>Charlie Goes to War With the Neighbors</EpisodeName>
  <EpisodeNumber>14</EpisodeNumber>
  <FirstAired>2013-04-18</FirstAired>
  <GuestStars></GuestStars>
  <IMDB_ID></IMDB_ID>
  <Language>en</Language>
  <Overview>Charlie's neighbors find out he's been having clients with anger issues meeting at his house.</Overview>
  <ProductionCode></ProductionCode>
  <Rating></Rating>
  <RatingCount>0</RatingCount>
  <SeasonNumber>2</SeasonNumber>
  <Writer></Writer>
  <absolute_number></absolute_number>
  <filename></filename>
  <lastupdated>1364686575</lastupdated>
  <seasonid>506234</seasonid>
  <seriesid>253350</seriesid>
</Episode>
<Episode>
  <id>4532244</id>
  <Combined_episodenumber>15</Combined_episodenumber>
  <Combined_season>2</Combined_season>
  <DVD_chapter></DVD_chapter>
  <DVD_discid></DVD_discid>
  <DVD_episodenumber></DVD_episodenumber>
  <DVD_season></DVD_season>
  <Director></Director>
  <EpImgFlag></EpImgFlag>
  <EpisodeName>Charlie the Coach</EpisodeName>
  <EpisodeNumber>15</EpisodeNumber>
  <FirstAired>2013-04-25</FirstAired>
  <GuestStars></GuestStars>
  <IMDB_ID></IMDB_ID>
  <Language>en</Language>
  <Overview></Overview>
  <ProductionCode></ProductionCode>
  <Rating></Rating>
  <RatingCount>0</RatingCount>
  <SeasonNumber>2</SeasonNumber>
  <Writer></Writer>
  <absolute_number></absolute_number>
  <filename></filename>
  <lastupdated>1364231625</lastupdated>
  <seasonid>506234</seasonid>
  <seriesid>253350</seriesid>
</Episode>
</Data>