<?xml version="1.0" encoding="UTF-8" ?>
<Actors>
<Actor>
  <id>300642</id>
  <Image>actors/300642.jpg</Image>
  <Name>Garry Chalk </Name>
  <Role>Optimus Primal</Role>
  <SortOrder>0</SortOrder>
</Actor>
<Actor>
  <id>26183</id>
  <Image>actors/26183.jpg</Image>
  <Name>David Kaye</Name>
  <Role>Megatron</Role>
  <SortOrder>1</SortOrder>
</Actor>
<Actor>
  <id>300641</id>
  <Image>actors/300641.jpg</Image>
  <Name>Scott McNeil</Name>
  <Role>Dinobot</Role>
  <SortOrder>2</SortOrder>
</Actor>
<Actor>
  <id>26195</id>
  <Image>actors/26195.jpg</Image>
  <Name>Richard Newman</Name>
  <Role>Rhinox </Role>
  <SortOrder>3</SortOrder>
</Actor>
<Actor>
  <id>26191</id>
  <Image>actors/26191.jpg</Image>
  <Name>Ian James Corlett</Name>
  <Role>Cheetor</Role>
  <SortOrder>3</SortOrder>
</Actor>
<Actor>
  <id>26188</id>
  <Image>actors/26188.jpg</Image>
  <Name>Donald Brown</Name>
  <Role>Scorponok</Role>
  <SortOrder>3</SortOrder>
</Actor>
<Actor>
  <id>26186</id>
  <Image>actors/26186.jpg</Image>
  <Name>Jim Byrnes</Name>
  <Role>Inferno</Role>
  <SortOrder>3</SortOrder>
</Actor>
<Actor>
  <id>26185</id>
  <Image>actors/26185.jpg</Image>
  <Name>Venus Terzo</Name>
  <Role>Blackarachnia</Role>
  <SortOrder>3</SortOrder>
</Actor>
<Actor>
  <id>26181</id>
  <Image>actors/26181.jpg</Image>
  <Name>Blu Mankuma</Name>
  <Role>Tigatron </Role>
  <SortOrder>3</SortOrder>
</Actor>
<Actor>
  <id>26194</id>
  <Image></Image>
  <Name>Alec Willows</Name>
  <Role></Role>
  <SortOrder>3</SortOrder>
</Actor>
<Actor>
  <id>26189</id>
  <Image></Image>
  <Name>Colin Murdock</Name>
  <Role></Role>
  <SortOrder>3</SortOrder>
</Actor>
<Actor>
  <id>26196</id>
  <Image></Image>
  <Name>David Sobolov</Name>
  <Role></Role>
  <SortOrder>3</SortOrder>
</Actor>
<Actor>
  <id>26193</id>
  <Image></Image>
  <Name>Doug Parker</Name>
  <Role></Role>
  <SortOrder>3</SortOrder>
</Actor>
<Actor>
  <id>26192</id>
  <Image></Image>
  <Name>Elizabeth Carol Savenkoff</Name>
  <Role></Role>
  <SortOrder>3</SortOrder>
</Actor>
<Actor>
  <id>26184</id>
  <Image></Image>
  <Name>Gary Chalk</Name>
  <Role></Role>
  <SortOrder>3</SortOrder>
</Actor>
<Actor>
  <id>26190</id>
  <Image></Image>
  <Name>Iwanaga Tetsuya</Name>
  <Role></Role>
  <SortOrder>3</SortOrder>
</Actor>
<Actor>
  <id>26187</id>
  <Image></Image>
  <Name>Pauline Newstone</Name>
  <Role></Role>
  <SortOrder>3</SortOrder>
</Actor>
<Actor>
  <id>26197</id>
  <Image></Image>
  <Name>Susan Blu</Name>
  <Role></Role>
  <SortOrder>3</SortOrder>
</Actor>
<Actor>
  <id>26182</id>
  <Image></Image>
  <Name>Yamaguchi Kappei</Name>
  <Role></Role>
  <SortOrder>3</SortOrder>
</Actor>
</Actors>