<?xml version="1.0" encoding="UTF-8" ?>
<Data><Series>
  <id>73562</id>
  <Actors>|Garry Chalk |David Kaye|Scott McNeil|Richard Newman|Ian James Corlett|Donald Brown|Jim Byrnes|Venus Terzo|Blu Mankuma|Alec Willows|Colin Murdock|David Sobolov|Doug Parker|Elizabeth Carol Savenkoff|Gary Chalk|Iwanaga Tetsuya|Pauline Newstone|Susan Blu|Yamaguchi Kappei|</Actors>
  <Airs_DayOfWeek>Monday</Airs_DayOfWeek>
  <Airs_Time></Airs_Time>
  <ContentRating>TV-Y7</ContentRating>
  <FirstAired>1996-04-01</FirstAired>
  <Genre>|Action|Adventure|Animation|Science-Fiction|</Genre>
  <IMDB_ID>tt0115108</IMDB_ID>
  <Language>en</Language>
  <Network>Syndicated</Network>
  <NetworkID></NetworkID>
  <Overview>Trapped on a primitive planet, two opposing factions, the Maximals and the Predacons, of Transformers, a race of sentient robots, fight over its precious Energon. Soon they discover that there are other forces at work on the planet - a powerful alien race that does not approve of their presence. And as they delve deeper into the planet's history, they uncover a terrible secret, one that must not be allowed to fall into the wrong hands, or their entire race's very existence could be threatened.Beast Wars was a spin-off from the 80s Transformers cartoon. It was later followed by Beast Machines, which continues this show. Another interesting series to note that Beast Wars may have started as Beast Wars Neo, completely done in Japanese and yet to be dubbed; it is vaguely reminiscent of Gundam Wing, and many other popular mobile suit animes.</Overview>
  <Rating>7.7</Rating>
  <RatingCount>9</RatingCount>
  <Runtime>30</Runtime>
  <SeriesID>2361</SeriesID>
  <SeriesName>Beast Wars</SeriesName>
  <Status>Ended</Status>
  <added></added>
  <addedBy></addedBy>
  <banner>graphical/73562-g2.jpg</banner>
  <fanart>fanart/original/73562-3.jpg</fanart>
  <lastupdated>1364622193</lastupdated>
  <poster>posters/73562-1.jpg</poster>
  <zap2it_id></zap2it_id>
</Series>
<Episode>
  <id>701931</id>
  <Combined_episodenumber>1</Combined_episodenumber>
  <Combined_season>0</Combined_season>
  <DVD_chapter></DVD_chapter>
  <DVD_discid></DVD_discid>
  <DVD_episodenumber></DVD_episodenumber>
  <DVD_season></DVD_season>
  <Director></Director>
  <EpImgFlag></EpImgFlag>
  <EpisodeName>Theft of the Golden Disk</EpisodeName>
  <EpisodeNumber>1</EpisodeNumber>
  <FirstAired>2007-07-01</FirstAired>
  <GuestStars></GuestStars>
  <IMDB_ID></IMDB_ID>
  <Language>en</Language>
  <Overview>A gang of Predacons plot a heist that will ultimately impact time itself... </Overview>
  <ProductionCode></ProductionCode>
  <Rating></Rating>
  <RatingCount>0</RatingCount>
  <SeasonNumber>0</SeasonNumber>
  <Writer>Trent Troop</Writer>
  <absolute_number></absolute_number>
  <airsafter_season></airsafter_season>
  <airsbefore_episode>1</airsbefore_episode>
  <airsbefore_season>1</airsbefore_season>
  <filename></filename>
  <lastupdated>1243740541</lastupdated>
  <seasonid>21024</seasonid>
  <seriesid>73562</seriesid>
</Episode>
<Episode>
  <id>118671</id>
  <Combined_episodenumber>1.0</Combined_episodenumber>
  <Combined_season>1</Combined_season>
  <DVD_chapter></DVD_chapter>
  <DVD_discid></DVD_discid>
  <DVD_episodenumber>1.0</DVD_episodenumber>
  <DVD_season></DVD_season>
  <Director>|Ian Pearson|</Director>
  <EpImgFlag></EpImgFlag>
  <EpisodeName>Beast Wars (Part 1)</EpisodeName>
  <EpisodeNumber>1</EpisodeNumber>
  <FirstAired>1996-09-16</FirstAired>
  <GuestStars></GuestStars>
  <IMDB_ID>tt0853340</IMDB_ID>
  <Language>en</Language>
  <Overview>A ship of Predacon criminals, and the Maximal exploration ship pursuing it, both crash down on a energon rich planet. To survive the energon fields they acquire protective beast forms based on local animals.Series begins by showing the Maximals and Predacons battling in space. The Maximals are established as an exploration vessel, and the Predacons as warriors. Battle forces both teams to crash onto an unknown planet, the Predacons goal was Earth, where the Energon, which Transformers need to survive, is so abundant that it may cause damage to their robotic forms. They decide to create alternate forms based upon the most powerful local creatures. Dinobot loses a battle for leadership with Megatron, and leaves the Predacons. The Maximals are having issues accepting Optimus Primal as a commander, Cheetor is ambushed by Waspinator, and both the Predacons and Maximals go to battle. Optimus Primal is damaged when Rattrap refuses to obey an order. The Maximals retreat from the battle and are</Overview>
  <ProductionCode>01</ProductionCode>
  <Rating></Rating>
  <RatingCount>0</RatingCount>
  <SeasonNumber>1</SeasonNumber>
  <Writer>|Bob Forward|</Writer>
  <absolute_number>1</absolute_number>
  <filename>episodes/73562/118671.jpg</filename>
  <lastupdated>1364620862</lastupdated>
  <seasonid>5990</seasonid>
  <seriesid>73562</seriesid>
</Episode>
<Episode>
  <id>118672</id>
  <Combined_episodenumber>2.0</Combined_episodenumber>
  <Combined_season>1</Combined_season>
  <DVD_chapter></DVD_chapter>
  <DVD_discid></DVD_discid>
  <DVD_episodenumber>2.0</DVD_episodenumber>
  <DVD_season></DVD_season>
  <Director>|Steve Ball|</Director>
  <EpImgFlag></EpImgFlag>
  <EpisodeName>Beast Wars (Part 2)</EpisodeName>
  <EpisodeNumber>2</EpisodeNumber>
  <FirstAired>1996-09-17</FirstAired>
  <GuestStars></GuestStars>
  <IMDB_ID>tt0858578</IMDB_ID>
  <Language>en</Language>
  <Overview>Dinobot challenges Optimus for leadership of the Maximals, but while they fight the Predacons launch an ambush.</Overview>
  <ProductionCode>02</ProductionCode>
  <Rating></Rating>
  <RatingCount>0</RatingCount>
  <SeasonNumber>1</SeasonNumber>
  <Writer>|Bob Forward|</Writer>
  <absolute_number>2</absolute_number>
  <filename>episodes/73562/118672.jpg</filename>
  <lastupdated>1364620855</lastupdated>
  <seasonid>5990</seasonid>
  <seriesid>73562</seriesid>
</Episode>
<Episode>
  <id>118673</id>
  <Combined_episodenumber>3.0</Combined_episodenumber>
  <Combined_season>1</Combined_season>
  <DVD_chapter></DVD_chapter>
  <DVD_discid></DVD_discid>
  <DVD_episodenumber>3.0</DVD_episodenumber>
  <DVD_season></DVD_season>
  <Director>|C. Michael Easton|</Director>
  <EpImgFlag></EpImgFlag>
  <EpisodeName>The Web</EpisodeName>
  <EpisodeNumber>3</EpisodeNumber>
  <FirstAired>1996-09-18</FirstAired>
  <GuestStars></GuestStars>
  <IMDB_ID>tt0858580</IMDB_ID>
  <Language>en</Language>
  <Overview>While out testing a communicator adapted to the energon interference, Cheetor takes on Scorponok alone to prevent the Predacons getting salvaging a powerful cannon. But he is ambushed by Tarantulas and ends up knocked out. Overeager to make up for his failure he sneaks into the Pred base to take out the cannon, and once again stumbles right into Tarantulas fangs.</Overview>
  <ProductionCode>04</ProductionCode>
  <Rating></Rating>
  <RatingCount>0</RatingCount>
  <SeasonNumber>1</SeasonNumber>
  <Writer>|Larry DiTillio|</Writer>
  <absolute_number>3</absolute_number>
  <filename>episodes/73562/118673.jpg</filename>
  <lastupdated>1364620926</lastupdated>
  <seasonid>5990</seasonid>
  <seriesid>73562</seriesid>
</Episode>
<Episode>
  <id>118674</id>
  <Combined_episodenumber>4.0</Combined_episodenumber>
  <Combined_season>1</Combined_season>
  <DVD_chapter></DVD_chapter>
  <DVD_discid></DVD_discid>
  <DVD_episodenumber>4.0</DVD_episodenumber>
  <DVD_season></DVD_season>
  <Director>|T.W. Peacocke|</Director>
  <EpImgFlag></EpImgFlag>
  <EpisodeName>Equal Measures</EpisodeName>
  <EpisodeNumber>4</EpisodeNumber>
  <FirstAired>1996-09-23</FirstAired>
  <GuestStars></GuestStars>
  <IMDB_ID>tt0858579</IMDB_ID>
  <Language>en</Language>
  <Overview>The Maximals are preparing to place out a Predacon detection system, but Optimus postpones it due to a fierce storm. Cheetor is however again out to prove himself, and starts setting it up anyway - ignoring the storm until a freak lighting somehow transports him into the Predacon base.</Overview>
  <ProductionCode>03</ProductionCode>
  <Rating></Rating>
  <RatingCount>0</RatingCount>
  <SeasonNumber>1</SeasonNumber>
  <Writer>|Greg Johnson|</Writer>
  <absolute_number>4</absolute_number>
  <filename>episodes/73562/118674.jpg</filename>
  <lastupdated>1364620918</lastupdated>
  <seasonid>5990</seasonid>
  <seriesid>73562</seriesid>
</Episode>
<Episode>
  <id>118675</id>
  <Combined_episodenumber>5.0</Combined_episodenumber>
  <Combined_season>1</Combined_season>
  <DVD_chapter></DVD_chapter>
  <DVD_discid></DVD_discid>
  <DVD_episodenumber>5.0</DVD_episodenumber>
  <DVD_season></DVD_season>
  <Director>|Andrew Doucette|</Director>
  <EpImgFlag></EpImgFlag>
  <EpisodeName>Chain of Command</EpisodeName>
  <EpisodeNumber>5</EpisodeNumber>
  <FirstAired>1996-09-24</FirstAired>
  <GuestStars></GuestStars>
  <IMDB_ID>tt0988207</IMDB_ID>
  <Language>en</Language>
  <Overview>A stone circle, showing abnormal energon readings, is activated during a Predacon attack and attracts an alien probe. While investigating it, Optimus is disintegrated, leaving the Maximals bickering over who's in charge, while the Predacons prepare to attack.</Overview>
  <ProductionCode>05</ProductionCode>
  <Rating></Rating>
  <RatingCount>0</RatingCount>
  <SeasonNumber>1</SeasonNumber>
  <Writer>|Jesse Winfield|</Writer>
  <absolute_number>5</absolute_number>
  <filename>episodes/73562/118675.jpg</filename>
  <lastupdated>1364621001</lastupdated>
  <seasonid>5990</seasonid>
  <seriesid>73562</seriesid>
</Episode>
<Episode>
  <id>118676</id>
  <Combined_episodenumber>6.0</Combined_episodenumber>
  <Combined_season>1</Combined_season>
  <DVD_chapter></DVD_chapter>
  <DVD_discid></DVD_discid>
  <DVD_episodenumber>6.0</DVD_episodenumber>
  <DVD_season></DVD_season>
  <Director>|Nicholas Kendall|</Director>
  <EpImgFlag></EpImgFlag>
  <EpisodeName>Power Surge</EpisodeName>
  <EpisodeNumber>6</EpisodeNumber>
  <FirstAired>1996-09-25</FirstAired>
  <GuestStars></GuestStars>
  <IMDB_ID>tt0988216</IMDB_ID>
  <Language>en</Language>
  <Overview>Terrorsaur comes across a mountain of energon floating in mid air. He chances robot mode to get a sample, but instead of damaging him, the energon supercharges him. With his newly gained powers he sets out to depose Megatron and then destroy the Maximals.</Overview>
  <ProductionCode>08</ProductionCode>
  <Rating></Rating>
  <RatingCount>0</RatingCount>
  <SeasonNumber>1</SeasonNumber>
  <Writer>|Larry DiTillio|</Writer>
  <absolute_number>6</absolute_number>
  <filename>episodes/73562/118676.jpg</filename>
  <lastupdated>1364621059</lastupdated>
  <seasonid>5990</seasonid>
  <seriesid>73562</seriesid>
</Episode>
<Episode>
  <id>118677</id>
  <Combined_episodenumber>7.0</Combined_episodenumber>
  <Combined_season>1</Combined_season>
  <DVD_chapter></DVD_chapter>
  <DVD_discid></DVD_discid>
  <DVD_episodenumber>7.0</DVD_episodenumber>
  <DVD_season></DVD_season>
  <Director>|Steve Ball|</Director>
  <EpImgFlag></EpImgFlag>
  <EpisodeName>Fallen Comrades</EpisodeName>
  <EpisodeNumber>7</EpisodeNumber>
  <FirstAired>1996-09-30</FirstAired>
  <GuestStars></GuestStars>
  <IMDB_ID>tt0988212</IMDB_ID>
  <Language>en</Language>
  <Overview>One of the Maximal stasis pods, put in orbit before the crash, falls down in the north, and Optimus rushes out to retrieve it. Unfortunately, Megatron anticipates this and sets up an ambush that nearly kills the Maximal leader. Without a flyer, the Maximals race to the pod in hope of getting it before the Predacons reprogram the dormant robot inside.</Overview>
  <ProductionCode>06</ProductionCode>
  <Rating></Rating>
  <RatingCount>0</RatingCount>
  <SeasonNumber>1</SeasonNumber>
  <Writer>|Bob Forward|</Writer>
  <absolute_number>7</absolute_number>
  <filename>episodes/73562/118677.jpg</filename>
  <lastupdated>1364621113</lastupdated>
  <seasonid>5990</seasonid>
  <seriesid>73562</seriesid>
</Episode>
<Episode>
  <id>118678</id>
  <Combined_episodenumber>8.0</Combined_episodenumber>
  <Combined_season>1</Combined_season>
  <DVD_chapter></DVD_chapter>
  <DVD_discid></DVD_discid>
  <DVD_episodenumber>8.0</DVD_episodenumber>
  <DVD_season></DVD_season>
  <Director>|Mark Schiemann|</Director>
  <EpImgFlag></EpImgFlag>
  <EpisodeName>Double Jeopardy</EpisodeName>
  <EpisodeNumber>8</EpisodeNumber>
  <FirstAired>1996-10-07</FirstAired>
  <GuestStars></GuestStars>
  <IMDB_ID>tt0988211</IMDB_ID>
  <Language>en</Language>
  <Overview>After repeated ambushes by the Predacons, this time costing the Maximals a stasis pod, Optimus calls Rattrap's loyalty into question, and sends him off into Predacon territory to look for energon. Once there, he is attacked by Terrorsaur, and offers to surrender... and become a Predacon.</Overview>
  <ProductionCode>07</ProductionCode>
  <Rating></Rating>
  <RatingCount>0</RatingCount>
  <SeasonNumber>1</SeasonNumber>
  <Writer>|Jesse Winfield|</Writer>
  <absolute_number>8</absolute_number>
  <filename>episodes/73562/118678.jpg</filename>
  <lastupdated>1364621165</lastupdated>
  <seasonid>5990</seasonid>
  <seriesid>73562</seriesid>
</Episode>
<Episode>
  <id>118679</id>
  <Combined_episodenumber>11.0</Combined_episodenumber>
  <Combined_season>1</Combined_season>
  <DVD_chapter></DVD_chapter>
  <DVD_discid></DVD_discid>
  <DVD_episodenumber>11.0</DVD_episodenumber>
  <DVD_season></DVD_season>
  <Director>|J. Falconer|</Director>
  <EpImgFlag></EpImgFlag>
  <EpisodeName>A Better Mousetrap</EpisodeName>
  <EpisodeNumber>9</EpisodeNumber>
  <FirstAired>1996-10-08</FirstAired>
  <GuestStars></GuestStars>
  <IMDB_ID>tt0988204</IMDB_ID>
  <Language>en</Language>
  <Overview>While the Predacons are preparing to strike at the Maximal base by creating a hole in the ground below it, Dinobot accidentally activates the Maximal's new defense system before it's learnt to recognize the Maximals as friendlies.</Overview>
  <ProductionCode>09</ProductionCode>
  <Rating></Rating>
  <RatingCount>0</RatingCount>
  <SeasonNumber>1</SeasonNumber>
  <Writer>|Karen Willson|Chris Weber|</Writer>
  <absolute_number>9</absolute_number>
  <filename>episodes/73562/118679.jpg</filename>
  <lastupdated>1364621300</lastupdated>
  <seasonid>5990</seasonid>
  <seriesid>73562</seriesid>
</Episode>
<Episode>
  <id>118680</id>
  <Combined_episodenumber>10.0</Combined_episodenumber>
  <Combined_season>1</Combined_season>
  <DVD_chapter></DVD_chapter>
  <DVD_discid></DVD_discid>
  <DVD_episodenumber>10.0</DVD_episodenumber>
  <DVD_season></DVD_season>
  <Director>|James Boshier|</Director>
  <EpImgFlag></EpImgFlag>
  <EpisodeName>Gorilla Warfare</EpisodeName>
  <EpisodeNumber>10</EpisodeNumber>
  <FirstAired>1996-10-14</FirstAired>
  <GuestStars></GuestStars>
  <IMDB_ID>tt1089122</IMDB_ID>
  <Language>en</Language>
  <Overview>Scorponok infects Optimus with a virus supposed to make him a coward, but it turns him into a battle-crazed berserker instead. Filled with fury, Optimus attacks the Predacon base alone.</Overview>
  <ProductionCode>11</ProductionCode>
  <Rating></Rating>
  <RatingCount>0</RatingCount>
  <SeasonNumber>1</SeasonNumber>
  <Writer>|Greg Johnson|</Writer>
  <absolute_number>10</absolute_number>
  <filename>episodes/73562/118680.jpg</filename>
  <lastupdated>1364621373</lastupdated>
  <seasonid>5990</seasonid>
  <seriesid>73562</seriesid>
</Episode>
<Episode>
  <id>118681</id>
  <Combined_episodenumber>9.0</Combined_episodenumber>
  <Combined_season>1</Combined_season>
  <DVD_chapter></DVD_chapter>
  <DVD_discid></DVD_discid>
  <DVD_episodenumber>9.0</DVD_episodenumber>
  <DVD_season></DVD_season>
  <Director>|Ezekiel Norton|</Director>
  <EpImgFlag>1</EpImgFlag>
  <EpisodeName>The Probe</EpisodeName>
  <EpisodeNumber>11</EpisodeNumber>
  <FirstAired>1996-10-15</FirstAired>
  <GuestStars></GuestStars>
  <IMDB_ID>tt0988219</IMDB_ID>
  <Language>en</Language>
  <Overview>Rhinox detects a Cybertronian probe entering the star system, but is unable to contact it though the energon fields. The only option is build a more powerful transmitter before the probe leaves, but the nearest suitable place is in the middle of Predacon territory.</Overview>
  <ProductionCode>10</ProductionCode>
  <Rating></Rating>
  <RatingCount>0</RatingCount>
  <SeasonNumber>1</SeasonNumber>
  <Writer>|Craig Miller|Marvin Wolfman|</Writer>
  <absolute_number>11</absolute_number>
  <filename>episodes/73562/118681.jpg</filename>
  <lastupdated>1364621444</lastupdated>
  <seasonid>5990</seasonid>
  <seriesid>73562</seriesid>
</Episode>
<Episode>
  <id>118682</id>
  <Combined_episodenumber>12.0</Combined_episodenumber>
  <Combined_season>1</Combined_season>
  <DVD_chapter></DVD_chapter>
  <DVD_discid></DVD_discid>
  <DVD_episodenumber>12.0</DVD_episodenumber>
  <DVD_season></DVD_season>
  <Director>|Steve Ball|</Director>
  <EpImgFlag>1</EpImgFlag>
  <EpisodeName>Victory</EpisodeName>
  <EpisodeNumber>12</EpisodeNumber>
  <FirstAired>1996-11-01</FirstAired>
  <GuestStars></GuestStars>
  <IMDB_ID>tt0988223</IMDB_ID>
  <Language>en</Language>
  <Overview>After installing a hidden camera in the Predacon base, the Maximals watch them destroy themselves during a power-struggle between Terrorsaur and Megatron. Investigating, they find no signs of life, so it looks like they won, and can go back to Cybertron with salvaged parts from the remains of the Predacon ship.</Overview>
  <ProductionCode>13</ProductionCode>
  <Rating></Rating>
  <RatingCount>0</RatingCount>
  <SeasonNumber>1</SeasonNumber>
  <Writer>|Wendy Reardon|</Writer>
  <absolute_number>12</absolute_number>
  <filename>episodes/73562/118682.jpg</filename>
  <lastupdated>1364621497</lastupdated>
  <seasonid>5990</seasonid>
  <seriesid>73562</seriesid>
</Episode>
<Episode>
  <id>118683</id>
  <Combined_episodenumber>13.0</Combined_episodenumber>
  <Combined_season>1</Combined_season>
  <DVD_chapter></DVD_chapter>
  <DVD_discid></DVD_discid>
  <DVD_episodenumber>13.0</DVD_episodenumber>
  <DVD_season></DVD_season>
  <Director>|Owen Hurley|</Director>
  <EpImgFlag>1</EpImgFlag>
  <EpisodeName>Dark Designs</EpisodeName>
  <EpisodeNumber>13</EpisodeNumber>
  <FirstAired>1996-11-04</FirstAired>
  <GuestStars></GuestStars>
  <IMDB_ID>tt0988208</IMDB_ID>
  <Language>en</Language>
  <Overview>After Rhinox thwarts a Predacon trap, Megatron decides it's time to test Tarantulas' newest device on him - reprogramming the Maximal into a Predacon. Megatron is certain that the new ally will make overrunning the Maximal base easy, though it seems like the new Rhinox has other ideas.</Overview>
  <ProductionCode>12</ProductionCode>
  <Rating></Rating>
  <RatingCount>0</RatingCount>
  <SeasonNumber>1</SeasonNumber>
  <Writer>|Ian Weir|</Writer>
  <absolute_number>13</absolute_number>
  <filename>episodes/73562/118683.jpg</filename>
  <lastupdated>1364621560</lastupdated>
  <seasonid>5990</seasonid>
  <seriesid>73562</seriesid>
</Episode>
<Episode>
  <id>118684</id>
  <Combined_episodenumber>14.0</Combined_episodenumber>
  <Combined_season>1</Combined_season>
  <DVD_chapter></DVD_chapter>
  <DVD_discid></DVD_discid>
  <DVD_episodenumber>14.0</DVD_episodenumber>
  <DVD_season></DVD_season>
  <Director>|John Pozer|</Director>
  <EpImgFlag>1</EpImgFlag>
  <EpisodeName>Double Dinobot</EpisodeName>
  <EpisodeNumber>14</EpisodeNumber>
  <FirstAired>1996-11-05</FirstAired>
  <GuestStars></GuestStars>
  <IMDB_ID>tt0988210</IMDB_ID>
  <Language>en</Language>
  <Overview>Megatron creates a clone of Dinobot's beastmode, and sends him off to deactivate Sentinel while Terrorsaur traps the real Dinobot in a cave.</Overview>
  <ProductionCode>14</ProductionCode>
  <Rating></Rating>
  <RatingCount>0</RatingCount>
  <SeasonNumber>1</SeasonNumber>
  <Writer>|Rowby Goren|</Writer>
  <absolute_number>14</absolute_number>
  <filename>episodes/73562/118684.jpg</filename>
  <lastupdated>1364621623</lastupdated>
  <seasonid>5990</seasonid>
  <seriesid>73562</seriesid>
</Episode>
<Episode>
  <id>118685</id>
  <Combined_episodenumber>15</Combined_episodenumber>
  <Combined_season>1</Combined_season>
  <DVD_chapter></DVD_chapter>
  <DVD_discid></DVD_discid>
  <DVD_episodenumber></DVD_episodenumber>
  <DVD_season></DVD_season>
  <Director>|Colin Davies|</Director>
  <EpImgFlag>1</EpImgFlag>
  <EpisodeName>The Spark</EpisodeName>
  <EpisodeNumber>15</EpisodeNumber>
  <FirstAired>1996-11-11</FirstAired>
  <GuestStars></GuestStars>
  <IMDB_ID>tt0988220</IMDB_ID>
  <Language>en</Language>
  <Overview>Rhinox spots a falling stasis pod while surveying unused Predacon territory. He is the first to arrive, but the pod is damaged and he is unable to activate the DNA scanner. Unless he can get it working again soon, the protoform's spark will be extinguished.</Overview>
  <ProductionCode>15</ProductionCode>
  <Rating></Rating>
  <RatingCount>0</RatingCount>
  <SeasonNumber>1</SeasonNumber>
  <Writer>|Larry DiTillio|</Writer>
  <absolute_number>15</absolute_number>
  <filename>episodes/73562/118685.jpg</filename>
  <lastupdated>1364621678</lastupdated>
  <seasonid>5990</seasonid>
  <seriesid>73562</seriesid>
</Episode>
<Episode>
  <id>118686</id>
  <Combined_episodenumber>16</Combined_episodenumber>
  <Combined_season>1</Combined_season>
  <DVD_chapter></DVD_chapter>
  <DVD_discid></DVD_discid>
  <DVD_episodenumber></DVD_episodenumber>
  <DVD_season></DVD_season>
  <Director>|J. Falconer|</Director>
  <EpImgFlag>1</EpImgFlag>
  <EpisodeName>The Trigger (Part 1)</EpisodeName>
  <EpisodeNumber>16</EpisodeNumber>
  <FirstAired>1996-11-18</FirstAired>
  <GuestStars></GuestStars>
  <IMDB_ID>tt0988221</IMDB_ID>
  <Language>en</Language>
  <Overview>Tigatron discovers a floating island, with a giant obelisk in its center. When the obelisk fries Waspinator and Terrorsaur with a single blast, Megatron decides he wants that power and sends out Scorponok and Blackarachnia to seize it.</Overview>
  <ProductionCode>16</ProductionCode>
  <Rating></Rating>
  <RatingCount>0</RatingCount>
  <SeasonNumber>1</SeasonNumber>
  <Writer>|Bob Forward|</Writer>
  <absolute_number>16</absolute_number>
  <filename>episodes/73562/118686.jpg</filename>
  <lastupdated>1364621722</lastupdated>
  <seasonid>5990</seasonid>
  <seriesid>73562</seriesid>
</Episode>
<Episode>
  <id>118687</id>
  <Combined_episodenumber>17</Combined_episodenumber>
  <Combined_season>1</Combined_season>
  <DVD_chapter></DVD_chapter>
  <DVD_discid></DVD_discid>
  <DVD_episodenumber></DVD_episodenumber>
  <DVD_season></DVD_season>
  <Director>|Michaela Zabranska|</Director>
  <EpImgFlag>1</EpImgFlag>
  <EpisodeName>The Trigger (Part 2)</EpisodeName>
  <EpisodeNumber>17</EpisodeNumber>
  <FirstAired>1996-11-19</FirstAired>
  <GuestStars></GuestStars>
  <IMDB_ID>tt0988222</IMDB_ID>
  <Language>en</Language>
  <Overview>Optimus and Rattrap race to the island to assist Tigatron and the wounded Airrazor, while Scorponok and Blackarachnia make their way towards the obelisk.</Overview>
  <ProductionCode>17</ProductionCode>
  <Rating></Rating>
  <RatingCount>0</RatingCount>
  <SeasonNumber>1</SeasonNumber>
  <Writer>|Bob Forward|</Writer>
  <absolute_number>17</absolute_number>
  <filename>episodes/73562/118687.jpg</filename>
  <lastupdated>1364621760</lastupdated>
  <seasonid>5990</seasonid>
  <seriesid>73562</seriesid>
</Episode>
<Episode>
  <id>118688</id>
  <Combined_episodenumber>18</Combined_episodenumber>
  <Combined_season>1</Combined_season>
  <DVD_chapter></DVD_chapter>
  <DVD_discid></DVD_discid>
  <DVD_episodenumber></DVD_episodenumber>
  <DVD_season></DVD_season>
  <Director>|James Boshier|</Director>
  <EpImgFlag>1</EpImgFlag>
  <EpisodeName>Spider's Game</EpisodeName>
  <EpisodeNumber>18</EpisodeNumber>
  <FirstAired>1997-01-06</FirstAired>
  <GuestStars></GuestStars>
  <IMDB_ID>tt0988217</IMDB_ID>
  <Language>en</Language>
  <Overview>Predicting the next stasis pod's landing, Tarantulas knocks out both the Preds' and the Maximals' computer systems. He plans to recruit the protoform robot for himself, but has to let Blackarachnia tag along when she discovers him scheming.</Overview>
  <ProductionCode>20</ProductionCode>
  <Rating></Rating>
  <RatingCount>0</RatingCount>
  <SeasonNumber>1</SeasonNumber>
  <Writer>|Larry DiTillio|</Writer>
  <absolute_number>18</absolute_number>
  <filename>episodes/73562/118688.jpg</filename>
  <lastupdated>1364621807</lastupdated>
  <seasonid>5990</seasonid>
  <seriesid>73562</seriesid>
</Episode>
<Episode>
  <id>118689</id>
  <Combined_episodenumber>19</Combined_episodenumber>
  <Combined_season>1</Combined_season>
  <DVD_chapter></DVD_chapter>
  <DVD_discid></DVD_discid>
  <DVD_episodenumber></DVD_episodenumber>
  <DVD_season></DVD_season>
  <Director>|Jonathan Goodwill|</Director>
  <EpImgFlag>1</EpImgFlag>
  <EpisodeName>Call of the Wild</EpisodeName>
  <EpisodeNumber>19</EpisodeNumber>
  <FirstAired>1997-01-07</FirstAired>
  <GuestStars></GuestStars>
  <IMDB_ID>tt0988206</IMDB_ID>
  <Language>en</Language>
  <Overview>The Predacons steal the Maximals' rectifier-coil, leaving the Axalon without Energon shielding. Forced to remain in beastmode, the Maximals' mentality becomes closer and closer to that of their organic counterparts.</Overview>
  <ProductionCode>21</ProductionCode>
  <Rating></Rating>
  <RatingCount>0</RatingCount>
  <SeasonNumber>1</SeasonNumber>
  <Writer>|Bob Forward|</Writer>
  <absolute_number>19</absolute_number>
  <filename>episodes/73562/118689.jpg</filename>
  <lastupdated>1364621863</lastupdated>
  <seasonid>5990</seasonid>
  <seriesid>73562</seriesid>
</Episode>
<Episode>
  <id>118690</id>
  <Combined_episodenumber>20</Combined_episodenumber>
  <Combined_season>1</Combined_season>
  <DVD_chapter></DVD_chapter>
  <DVD_discid></DVD_discid>
  <DVD_episodenumber></DVD_episodenumber>
  <DVD_season></DVD_season>
  <Director>|Steve Ball|</Director>
  <EpImgFlag>1</EpImgFlag>
  <EpisodeName>Dark Voyage</EpisodeName>
  <EpisodeNumber>20</EpisodeNumber>
  <FirstAired>1997-01-27</FirstAired>
  <GuestStars></GuestStars>
  <IMDB_ID>tt0988209</IMDB_ID>
  <Language>en</Language>
  <Overview>A Predacon attack sets off a large energon explosion, leaving a group of Maximals with their optic-sensors non-functional while they try to make it back to the base.</Overview>
  <ProductionCode>18</ProductionCode>
  <Rating></Rating>
  <RatingCount>0</RatingCount>
  <SeasonNumber>1</SeasonNumber>
  <Writer>|Samuel Warren Joseph|</Writer>
  <absolute_number>20</absolute_number>
  <filename>episodes/73562/118690.jpg</filename>
  <lastupdated>1364621903</lastupdated>
  <seasonid>5990</seasonid>
  <seriesid>73562</seriesid>
</Episode>
<Episode>
  <id>118691</id>
  <Combined_episodenumber>21</Combined_episodenumber>
  <Combined_season>1</Combined_season>
  <DVD_chapter></DVD_chapter>
  <DVD_discid></DVD_discid>
  <DVD_episodenumber></DVD_episodenumber>
  <DVD_season></DVD_season>
  <Director>|Owen Hurley|</Director>
  <EpImgFlag>1</EpImgFlag>
  <EpisodeName>Possession</EpisodeName>
  <EpisodeNumber>21</EpisodeNumber>
  <FirstAired>1997-02-03</FirstAired>
  <GuestStars></GuestStars>
  <IMDB_ID>tt0840065</IMDB_ID>
  <Language>en</Language>
  <Overview>During a fierce storm, the immortal spark of the Deception Starscream lands on the planet and takes control of Waspinator's body. He convinces Megatron to let him help with an attack on the Maximal base, which he knows to be offline. His skills are after all considerable... but then again - so is his treachery.</Overview>
  <ProductionCode>19</ProductionCode>
  <Rating></Rating>
  <RatingCount>0</RatingCount>
  <SeasonNumber>1</SeasonNumber>
  <Writer>|Ian Weir|</Writer>
  <absolute_number>21</absolute_number>
  <filename>episodes/73562/118691.jpg</filename>
  <lastupdated>1364621941</lastupdated>
  <seasonid>5990</seasonid>
  <seriesid>73562</seriesid>
</Episode>
<Episode>
  <id>118692</id>
  <Combined_episodenumber>22</Combined_episodenumber>
  <Combined_season>1</Combined_season>
  <DVD_chapter></DVD_chapter>
  <DVD_discid></DVD_discid>
  <DVD_episodenumber></DVD_episodenumber>
  <DVD_season></DVD_season>
  <Director>|J. Falconer|</Director>
  <EpImgFlag>1</EpImgFlag>
  <EpisodeName>The Low Road</EpisodeName>
  <EpisodeNumber>22</EpisodeNumber>
  <FirstAired>1997-02-10</FirstAired>
  <GuestStars></GuestStars>
  <IMDB_ID>tt0988218</IMDB_ID>
  <Language>en</Language>
  <Overview>Tarantulas infects Rhinox with a virus that causes him to sneeze raw energon, rapidly depleting the Maximal's power cells. Optimus sends out Dinobot and Rattrap to look for an antidote, and they end up having to follow the spider into its underground lair...</Overview>
  <ProductionCode>22</ProductionCode>
  <Rating></Rating>
  <RatingCount>0</RatingCount>
  <SeasonNumber>1</SeasonNumber>
  <Writer>|Bob Forward|</Writer>
  <absolute_number>22</absolute_number>
  <filename>episodes/73562/118692.jpg</filename>
  <lastupdated>1364621984</lastupdated>
  <seasonid>5990</seasonid>
  <seriesid>73562</seriesid>
</Episode>
<Episode>
  <id>118693</id>
  <Combined_episodenumber>23</Combined_episodenumber>
  <Combined_season>1</Combined_season>
  <DVD_chapter></DVD_chapter>
  <DVD_discid></DVD_discid>
  <DVD_episodenumber></DVD_episodenumber>
  <DVD_season></DVD_season>
  <Director>|John Pozer|</Director>
  <EpImgFlag>1</EpImgFlag>
  <EpisodeName>Law of the Jungle</EpisodeName>
  <EpisodeNumber>23</EpisodeNumber>
  <FirstAired>1997-02-17</FirstAired>
  <GuestStars></GuestStars>
  <IMDB_ID>tt0988213</IMDB_ID>
  <Language>en</Language>
  <Overview>Tigatron accidentally blows up a Predacon ammo storage, and the resulting avalanche kills a feline friend. Tired of fighting, he sets of alone, renouncing his membership from the Maximals.</Overview>
  <ProductionCode>23</ProductionCode>
  <Rating></Rating>
  <RatingCount>0</RatingCount>
  <SeasonNumber>1</SeasonNumber>
  <Writer>|Mark Leiren-Young|</Writer>
  <absolute_number>23</absolute_number>
  <filename>episodes/73562/118693.jpg</filename>
  <lastupdated>1364622031</lastupdated>
  <seasonid>5990</seasonid>
  <seriesid>73562</seriesid>
</Episode>
<Episode>
  <id>118694</id>
  <Combined_episodenumber>24</Combined_episodenumber>
  <Combined_season>1</Combined_season>
  <DVD_chapter></DVD_chapter>
  <DVD_discid></DVD_discid>
  <DVD_episodenumber></DVD_episodenumber>
  <DVD_season></DVD_season>
  <Director>|Adam Wood|</Director>
  <EpImgFlag>1</EpImgFlag>
  <EpisodeName>Before the Storm</EpisodeName>
  <EpisodeNumber>24</EpisodeNumber>
  <FirstAired>1997-02-21</FirstAired>
  <GuestStars></GuestStars>
  <IMDB_ID>tt0988205</IMDB_ID>
  <Language>en</Language>
  <Overview>Inferno retrieves a golden disk hidden inside a glowing mountain. When Megatron sees it, he decides there are far more important things to worry about than the Maximals, and offers Optimus a truce. Meanwhile, Tarantulas is even more determined to leave the planet than ever.</Overview>
  <ProductionCode>24</ProductionCode>
  <Rating></Rating>
  <RatingCount>0</RatingCount>
  <SeasonNumber>1</SeasonNumber>
  <Writer>|Bob Forward|Larry DiTillio|</Writer>
  <absolute_number>24</absolute_number>
  <filename>episodes/73562/118694.jpg</filename>
  <lastupdated>1364622108</lastupdated>
  <seasonid>5990</seasonid>
  <seriesid>73562</seriesid>
</Episode>
<Episode>
  <id>118695</id>
  <Combined_episodenumber>25</Combined_episodenumber>
  <Combined_season>1</Combined_season>
  <DVD_chapter></DVD_chapter>
  <DVD_discid></DVD_discid>
  <DVD_episodenumber></DVD_episodenumber>
  <DVD_season></DVD_season>
  <Director>|Colin Davies|</Director>
  <EpImgFlag>1</EpImgFlag>
  <EpisodeName>Other Voices (Part 1)</EpisodeName>
  <EpisodeNumber>25</EpisodeNumber>
  <FirstAired>1997-03-31</FirstAired>
  <GuestStars></GuestStars>
  <IMDB_ID>tt0988214</IMDB_ID>
  <Language>en</Language>
  <Overview>An alien spacecraft lands and captures Airrazor while she's examining it. Optimus and Rattrap enter to rescue her, while the Predacons stand outside, ready to break the truce at a moment's notice.</Overview>
  <ProductionCode>25</ProductionCode>
  <Rating></Rating>
  <RatingCount>0</RatingCount>
  <SeasonNumber>1</SeasonNumber>
  <Writer>|Larry DiTillio|Bob Forward|</Writer>
  <absolute_number>25</absolute_number>
  <filename>episodes/73562/118695.jpg</filename>
  <lastupdated>1364622153</lastupdated>
  <seasonid>5990</seasonid>
  <seriesid>73562</seriesid>
</Episode>
<Episode>
  <id>118696</id>
  <Combined_episodenumber>26</Combined_episodenumber>
  <Combined_season>1</Combined_season>
  <DVD_chapter></DVD_chapter>
  <DVD_discid></DVD_discid>
  <DVD_episodenumber></DVD_episodenumber>
  <DVD_season></DVD_season>
  <Director>|Ezekiel Norton|</Director>
  <EpImgFlag>1</EpImgFlag>
  <EpisodeName>Other Voices (Part 2)</EpisodeName>
  <EpisodeNumber>26</EpisodeNumber>
  <FirstAired>1997-04-01</FirstAired>
  <GuestStars></GuestStars>
  <IMDB_ID>tt0988215</IMDB_ID>
  <Language>en</Language>
  <Overview>The spacecraft leaves, but not before revealing the second moon's true purpose - planet destruction. As it gets ready to fire, Optimus and the others return to the Axalon only to find Rhinox and Dinobot off-line... and spiders in their basement.</Overview>
  <ProductionCode>26</ProductionCode>
  <Rating></Rating>
  <RatingCount>0</RatingCount>
  <SeasonNumber>1</SeasonNumber>
  <Writer>|Larry DiTillio|</Writer>
  <absolute_number>26</absolute_number>
  <filename>episodes/73562/118696.jpg</filename>
  <lastupdated>1364622193</lastupdated>
  <seasonid>5990</seasonid>
  <seriesid>73562</seriesid>
</Episode>
<Episode>
  <id>118697</id>
  <Combined_episodenumber>1</Combined_episodenumber>
  <Combined_season>2</Combined_season>
  <DVD_chapter></DVD_chapter>
  <DVD_discid></DVD_discid>
  <DVD_episodenumber></DVD_episodenumber>
  <DVD_season></DVD_season>
  <Director></Director>
  <EpImgFlag></EpImgFlag>
  <EpisodeName>Aftermath</EpisodeName>
  <EpisodeNumber>1</EpisodeNumber>
  <FirstAired>1997-10-26</FirstAired>
  <GuestStars></GuestStars>
  <IMDB_ID></IMDB_ID>
  <Language>en</Language>
  <Overview>The alien machine is destroyed and Optimus went up with it, but the explosion sets off a quantum surge that changes the planet - and several of the robots. In his new, more powerful transmetal body, Megatron hopes to take out the Maximals before they have a chance to regroup and recover.</Overview>
  <ProductionCode></ProductionCode>
  <Rating></Rating>
  <RatingCount>0</RatingCount>
  <SeasonNumber>2</SeasonNumber>
  <Writer>|Larry DiTillio|</Writer>
  <absolute_number></absolute_number>
  <filename>episodes/73562/118697.jpg</filename>
  <lastupdated>1303576474</lastupdated>
  <seasonid>5991</seasonid>
  <seriesid>73562</seriesid>
</Episode>
<Episode>
  <id>118698</id>
  <Combined_episodenumber>2</Combined_episodenumber>
  <Combined_season>2</Combined_season>
  <DVD_chapter></DVD_chapter>
  <DVD_discid></DVD_discid>
  <DVD_episodenumber></DVD_episodenumber>
  <DVD_season></DVD_season>
  <Director></Director>
  <EpImgFlag></EpImgFlag>
  <EpisodeName>Coming of the Fuzors (Part 1)</EpisodeName>
  <EpisodeNumber>2</EpisodeNumber>
  <FirstAired>1997-11-02</FirstAired>
  <GuestStars></GuestStars>
  <IMDB_ID></IMDB_ID>
  <Language>en</Language>
  <Overview>Two new Maximals awake in Predacon territory, both with bizarre looks and unusual personalities due to the damaged systems in their stasispods. Taking advantage of their confusion, Megatron convinces them they are Predacons, hoping to finally crush the Maximals with these reinforcements. Meanwhile, Blackarachnia returns to the Predacon base with Tarantulas' body, Tigatron and Airrazor go of looking for more stasispods, Rhinox shuts down and connects to the Axalon in an attempt at reaching Optimus' spark, and Dinobot realizes that the aborted armageddon has left the planet looking awfully familiar.</Overview>
  <ProductionCode></ProductionCode>
  <Rating></Rating>
  <RatingCount>0</RatingCount>
  <SeasonNumber>2</SeasonNumber>
  <Writer>|Bob Forward|</Writer>
  <absolute_number></absolute_number>
  <filename>episodes/73562/118698.jpg</filename>
  <lastupdated>1303577269</lastupdated>
  <seasonid>5991</seasonid>
  <seriesid>73562</seriesid>
</Episode>
<Episode>
  <id>118699</id>
  <Combined_episodenumber>3</Combined_episodenumber>
  <Combined_season>2</Combined_season>
  <DVD_chapter></DVD_chapter>
  <DVD_discid></DVD_discid>
  <DVD_episodenumber></DVD_episodenumber>
  <DVD_season></DVD_season>
  <Director></Director>
  <EpImgFlag></EpImgFlag>
  <EpisodeName>Coming of the Fuzors (Part 2)</EpisodeName>
  <EpisodeNumber>3</EpisodeNumber>
  <FirstAired>1997-11-09</FirstAired>
  <GuestStars></GuestStars>
  <IMDB_ID></IMDB_ID>
  <Language>en</Language>
  <Overview>Hopelessly outnumbered and outgunned, Rattrap, Cheetor and Dinobot try to keep the Predacons away from the Axalon where Rhinox lies delving deep into the Matrix, pursuing a faint hope...</Overview>
  <ProductionCode></ProductionCode>
  <Rating></Rating>
  <RatingCount>0</RatingCount>
  <SeasonNumber>2</SeasonNumber>
  <Writer>|Bob Forward|</Writer>
  <absolute_number></absolute_number>
  <filename>episodes/73562/118699.jpg</filename>
  <lastupdated>1303576504</lastupdated>
  <seasonid>5991</seasonid>
  <seriesid>73562</seriesid>
</Episode>
<Episode>
  <id>118700</id>
  <Combined_episodenumber>4</Combined_episodenumber>
  <Combined_season>2</Combined_season>
  <DVD_chapter></DVD_chapter>
  <DVD_discid></DVD_discid>
  <DVD_episodenumber></DVD_episodenumber>
  <DVD_season></DVD_season>
  <Director></Director>
  <EpImgFlag></EpImgFlag>
  <EpisodeName>Tangled Web</EpisodeName>
  <EpisodeNumber>4</EpisodeNumber>
  <FirstAired>1997-11-16</FirstAired>
  <GuestStars></GuestStars>
  <IMDB_ID></IMDB_ID>
  <Language>en</Language>
  <Overview>Megatron sends out Tarantulas, Blackarachnia and Quickstrike to build an energon refueling station, though the spiders' scheming complicates even the simplest task.</Overview>
  <ProductionCode></ProductionCode>
  <Rating></Rating>
  <RatingCount>0</RatingCount>
  <SeasonNumber>2</SeasonNumber>
  <Writer>|Len Wein|</Writer>
  <absolute_number></absolute_number>
  <filename>episodes/73562/118700.jpg</filename>
  <lastupdated>1303576517</lastupdated>
  <seasonid>5991</seasonid>
  <seriesid>73562</seriesid>
</Episode>
<Episode>
  <id>118701</id>
  <Combined_episodenumber>5</Combined_episodenumber>
  <Combined_season>2</Combined_season>
  <DVD_chapter></DVD_chapter>
  <DVD_discid></DVD_discid>
  <DVD_episodenumber></DVD_episodenumber>
  <DVD_season></DVD_season>
  <Director></Director>
  <EpImgFlag></EpImgFlag>
  <EpisodeName>Maximal, No More</EpisodeName>
  <EpisodeNumber>5</EpisodeNumber>
  <FirstAired>1997-11-23</FirstAired>
  <GuestStars></GuestStars>
  <IMDB_ID></IMDB_ID>
  <Language>en</Language>
  <Overview>Dinobot is captured while on a recognizance mission, and surprisingly asks Megatron for permission to rejoin the Predacons, offering the golden disk as proof of his sincerity.</Overview>
  <ProductionCode></ProductionCode>
  <Rating></Rating>
  <RatingCount>0</RatingCount>
  <SeasonNumber>2</SeasonNumber>
  <Writer>|Patrick Barry|</Writer>
  <absolute_number></absolute_number>
  <filename>episodes/73562/118701.jpg</filename>
  <lastupdated>1303576530</lastupdated>
  <seasonid>5991</seasonid>
  <seriesid>73562</seriesid>
</Episode>
<Episode>
  <id>118702</id>
  <Combined_episodenumber>6</Combined_episodenumber>
  <Combined_season>2</Combined_season>
  <DVD_chapter></DVD_chapter>
  <DVD_discid></DVD_discid>
  <DVD_episodenumber></DVD_episodenumber>
  <DVD_season></DVD_season>
  <Director></Director>
  <EpImgFlag></EpImgFlag>
  <EpisodeName>Other Visits (Part 1)</EpisodeName>
  <EpisodeNumber>6</EpisodeNumber>
  <FirstAired>1998-02-08</FirstAired>
  <GuestStars></GuestStars>
  <IMDB_ID></IMDB_ID>
  <Language>en</Language>
  <Overview>While out surveying the planet, Airrazor and Tigatron trigger a remaining alien site. While the Maximals scramble to their rescue, Tarantulas is already on his way, determined to thwart the aliens' plans.</Overview>
  <ProductionCode></ProductionCode>
  <Rating></Rating>
  <RatingCount>0</RatingCount>
  <SeasonNumber>2</SeasonNumber>
  <Writer>|Larry DiTillio|</Writer>
  <absolute_number></absolute_number>
  <filename>episodes/73562/118702.jpg</filename>
  <lastupdated>1303576547</lastupdated>
  <seasonid>5991</seasonid>
  <seriesid>73562</seriesid>
</Episode>
<Episode>
  <id>118703</id>
  <Combined_episodenumber>7</Combined_episodenumber>
  <Combined_season>2</Combined_season>
  <DVD_chapter></DVD_chapter>
  <DVD_discid></DVD_discid>
  <DVD_episodenumber></DVD_episodenumber>
  <DVD_season></DVD_season>
  <Director></Director>
  <EpImgFlag></EpImgFlag>
  <EpisodeName>Other Visits (Part 2)</EpisodeName>
  <EpisodeNumber>7</EpisodeNumber>
  <FirstAired>1998-02-15</FirstAired>
  <GuestStars></GuestStars>
  <IMDB_ID></IMDB_ID>
  <Language>en</Language>
  <Overview>Surviving the energon surge thanks to their new transmetal bodies, Tarantulas sets up a shield around the alien construct and heads inside along with Megatron and Quckstrike. Outside, Optimus and Rattrap try to figure a way in, while the two other transmetalized Maximals return the wounded Rhinox and Dinobot the CR chambers.</Overview>
  <ProductionCode></ProductionCode>
  <Rating></Rating>
  <RatingCount>0</RatingCount>
  <SeasonNumber>2</SeasonNumber>
  <Writer>|Larry DiTillio|</Writer>
  <absolute_number></absolute_number>
  <filename>episodes/73562/118703.jpg</filename>
  <lastupdated>1303576559</lastupdated>
  <seasonid>5991</seasonid>
  <seriesid>73562</seriesid>
</Episode>
<Episode>
  <id>118704</id>
  <Combined_episodenumber>8</Combined_episodenumber>
  <Combined_season>2</Combined_season>
  <DVD_chapter></DVD_chapter>
  <DVD_discid></DVD_discid>
  <DVD_episodenumber></DVD_episodenumber>
  <DVD_season></DVD_season>
  <Director></Director>
  <EpImgFlag></EpImgFlag>
  <EpisodeName>Bad Spark</EpisodeName>
  <EpisodeNumber>8</EpisodeNumber>
  <FirstAired>1998-02-22</FirstAired>
  <GuestStars></GuestStars>
  <IMDB_ID></IMDB_ID>
  <Language>en</Language>
  <Overview>Cheetor discovers a huge stasis pod, containing Protoform X - a failed Maximal experiment that created an indestructible spark but drove it insane in the process. When Predacons arrive, a fight breaks out over it, setting off an energon storm that leaves Blackarachnia and Silverbolt together damaged, having to fend for themselves - While Protoform X awakens, looking for a victim...</Overview>
  <ProductionCode></ProductionCode>
  <Rating></Rating>
  <RatingCount>0</RatingCount>
  <SeasonNumber>2</SeasonNumber>
  <Writer>|Greg Johnson|</Writer>
  <absolute_number></absolute_number>
  <filename>episodes/73562/118704.jpg</filename>
  <lastupdated>1303576580</lastupdated>
  <seasonid>5991</seasonid>
  <seriesid>73562</seriesid>
</Episode>
<Episode>
  <id>118705</id>
  <Combined_episodenumber>9</Combined_episodenumber>
  <Combined_season>2</Combined_season>
  <DVD_chapter></DVD_chapter>
  <DVD_discid></DVD_discid>
  <DVD_episodenumber></DVD_episodenumber>
  <DVD_season></DVD_season>
  <Director></Director>
  <EpImgFlag></EpImgFlag>
  <EpisodeName>Code of Hero</EpisodeName>
  <EpisodeNumber>9</EpisodeNumber>
  <FirstAired>1998-03-09</FirstAired>
  <GuestStars></GuestStars>
  <IMDB_ID></IMDB_ID>
  <Language>en</Language>
  <Overview>Dinobot sees a chance to regain his lost honor when he spots Megatron attempting to alter history using the knowledge on the remaining golden disk.</Overview>
  <ProductionCode></ProductionCode>
  <Rating></Rating>
  <RatingCount>0</RatingCount>
  <SeasonNumber>2</SeasonNumber>
  <Writer>|Ian Weir|</Writer>
  <absolute_number></absolute_number>
  <filename>episodes/73562/118705.jpg</filename>
  <lastupdated>1303576592</lastupdated>
  <seasonid>5991</seasonid>
  <seriesid>73562</seriesid>
</Episode>
<Episode>
  <id>118706</id>
  <Combined_episodenumber>10</Combined_episodenumber>
  <Combined_season>2</Combined_season>
  <DVD_chapter></DVD_chapter>
  <DVD_discid></DVD_discid>
  <DVD_episodenumber></DVD_episodenumber>
  <DVD_season></DVD_season>
  <Director>|J. Falconer|Sean Osborne|George Samilski|</Director>
  <EpImgFlag></EpImgFlag>
  <EpisodeName>Transmutate</EpisodeName>
  <EpisodeNumber>10</EpisodeNumber>
  <FirstAired>1998-03-10</FirstAired>
  <GuestStars></GuestStars>
  <IMDB_ID></IMDB_ID>
  <Language>en</Language>
  <Overview>A series of earthquakes uncovers a heavily damaged stasispod. Out of it comes a freakish robot - barely sentient, but with extremely powerful weapons. Scoffed at by the others, both Silverbolt and Rampage sense a kindred spirit, each in their own way.</Overview>
  <ProductionCode></ProductionCode>
  <Rating></Rating>
  <RatingCount>0</RatingCount>
  <SeasonNumber>2</SeasonNumber>
  <Writer>|Christy Marx|</Writer>
  <absolute_number></absolute_number>
  <filename>episodes/73562/118706.jpg</filename>
  <lastupdated>1303576604</lastupdated>
  <seasonid>5991</seasonid>
  <seriesid>73562</seriesid>
</Episode>
<Episode>
  <id>118707</id>
  <Combined_episodenumber>11</Combined_episodenumber>
  <Combined_season>2</Combined_season>
  <DVD_chapter></DVD_chapter>
  <DVD_discid></DVD_discid>
  <DVD_episodenumber></DVD_episodenumber>
  <DVD_season></DVD_season>
  <Director>|Cal Shumiatcher|</Director>
  <EpImgFlag></EpImgFlag>
  <EpisodeName>The Agenda (Part 1)</EpisodeName>
  <EpisodeNumber>11</EpisodeNumber>
  <FirstAired>1998-03-11</FirstAired>
  <GuestStars></GuestStars>
  <IMDB_ID></IMDB_ID>
  <Language>en</Language>
  <Overview>As the transwarp wave generated by the explosion in &quot;&quot;Other Voices (2)&quot;&quot; nears Cybertron, the Maximals rejoice, thinking the rescue is on its way. But unbeknownst to them, it is intercepted and diverted by the leaders of the Cybertronian Predacon alliance, who view Megatron as a loose cannon and wants to deal with him quietly, by sending one of their covert operatives.</Overview>
  <ProductionCode></ProductionCode>
  <Rating></Rating>
  <RatingCount>0</RatingCount>
  <SeasonNumber>2</SeasonNumber>
  <Writer>|Bob Forward|</Writer>
  <absolute_number></absolute_number>
  <filename>episodes/73562/118707.jpg</filename>
  <lastupdated>1303577302</lastupdated>
  <seasonid>5991</seasonid>
  <seriesid>73562</seriesid>
</Episode>
<Episode>
  <id>118708</id>
  <Combined_episodenumber>12</Combined_episodenumber>
  <Combined_season>2</Combined_season>
  <DVD_chapter></DVD_chapter>
  <DVD_discid></DVD_discid>
  <DVD_episodenumber></DVD_episodenumber>
  <DVD_season></DVD_season>
  <Director>|Owen Hurley|</Director>
  <EpImgFlag></EpImgFlag>
  <EpisodeName>The Agenda (Part 2)</EpisodeName>
  <EpisodeNumber>12</EpisodeNumber>
  <FirstAired>1998-03-12</FirstAired>
  <GuestStars></GuestStars>
  <IMDB_ID></IMDB_ID>
  <Language>en</Language>
  <Overview>Megatron is captured, but the battle used up too much of the cruiser's energon supply for there to be enough for the travel back to Cybertron. While Ravage interrogates Megatron about where they might find more, Primal confronts Silverbolt about his relationship Blackarachnia, leading the Fuzor to go off on his own to find her.</Overview>
  <ProductionCode></ProductionCode>
  <Rating></Rating>
  <RatingCount>0</RatingCount>
  <SeasonNumber>2</SeasonNumber>
  <Writer>|Bob Forward|</Writer>
  <absolute_number></absolute_number>
  <filename>episodes/73562/118708.jpg</filename>
  <lastupdated>1303576635</lastupdated>
  <seasonid>5991</seasonid>
  <seriesid>73562</seriesid>
</Episode>
<Episode>
  <id>118709</id>
  <Combined_episodenumber>13</Combined_episodenumber>
  <Combined_season>2</Combined_season>
  <DVD_chapter></DVD_chapter>
  <DVD_discid></DVD_discid>
  <DVD_episodenumber></DVD_episodenumber>
  <DVD_season></DVD_season>
  <Director>|Asaph Fipke|Colin Davies|</Director>
  <EpImgFlag></EpImgFlag>
  <EpisodeName>The Agenda (Part 3)</EpisodeName>
  <EpisodeNumber>13</EpisodeNumber>
  <FirstAired>1998-03-13</FirstAired>
  <GuestStars></GuestStars>
  <IMDB_ID></IMDB_ID>
  <Language>en</Language>
  <Overview>The Maximals manage to take out the transwarp cruiser and fend of the Predacon attack. But the battle is far from over, as Megatron heads for the now uncovered Autobot Ark - containing the heroes and villains who'll shape the Cybertron where the Predacons and Maximals come from.</Overview>
  <ProductionCode></ProductionCode>
  <Rating></Rating>
  <RatingCount>0</RatingCount>
  <SeasonNumber>2</SeasonNumber>
  <Writer>|Bob Forward|</Writer>
  <absolute_number></absolute_number>
  <filename>episodes/73562/118709.jpg</filename>
  <lastupdated>1303576648</lastupdated>
  <seasonid>5991</seasonid>
  <seriesid>73562</seriesid>
</Episode>
<Episode>
  <id>118710</id>
  <Combined_episodenumber>1</Combined_episodenumber>
  <Combined_season>3</Combined_season>
  <DVD_chapter></DVD_chapter>
  <DVD_discid></DVD_discid>
  <DVD_episodenumber></DVD_episodenumber>
  <DVD_season></DVD_season>
  <Director></Director>
  <EpImgFlag>1</EpImgFlag>
  <EpisodeName>Optimal Situation</EpisodeName>
  <EpisodeNumber>1</EpisodeNumber>
  <FirstAired>1998-10-25</FirstAired>
  <GuestStars></GuestStars>
  <IMDB_ID></IMDB_ID>
  <Language>en</Language>
  <Overview>Realizing that without the Maximals she would never have existed, Blackarachnia actives the Ark's defenses and forces Megatron out of the ship. The Maximals start initial repairs and the time storm subsides a bit, but Optimus Prime's life still hangs in the balance - it could swing either way. Megatron rallies his troops to make sure it swings in his favor.</Overview>
  <ProductionCode></ProductionCode>
  <Rating></Rating>
  <RatingCount>0</RatingCount>
  <SeasonNumber>3</SeasonNumber>
  <Writer>|Bob Forward|</Writer>
  <absolute_number></absolute_number>
  <filename>episodes/73562/118710.jpg</filename>
  <lastupdated>1303576724</lastupdated>
  <seasonid>5992</seasonid>
  <seriesid>73562</seriesid>
</Episode>
<Episode>
  <id>118711</id>
  <Combined_episodenumber>2</Combined_episodenumber>
  <Combined_season>3</Combined_season>
  <DVD_chapter></DVD_chapter>
  <DVD_discid></DVD_discid>
  <DVD_episodenumber></DVD_episodenumber>
  <DVD_season></DVD_season>
  <Director></Director>
  <EpImgFlag>1</EpImgFlag>
  <EpisodeName>Deep Metal</EpisodeName>
  <EpisodeNumber>2</EpisodeNumber>
  <FirstAired>1998-11-01</FirstAired>
  <GuestStars></GuestStars>
  <IMDB_ID></IMDB_ID>
  <Language>en</Language>
  <Overview>The Maximal Depthcharge flies into a temporal disruption while out searching for Protoform X, and is sent back in time to the Beast Wars. He and Rampage has some unfinished business, and neither cares if anything gets in their way.</Overview>
  <ProductionCode></ProductionCode>
  <Rating></Rating>
  <RatingCount>0</RatingCount>
  <SeasonNumber>3</SeasonNumber>
  <Writer>|Larry DiTillio|</Writer>
  <absolute_number></absolute_number>
  <filename>episodes/73562/118711.jpg</filename>
  <lastupdated>1303576736</lastupdated>
  <seasonid>5992</seasonid>
  <seriesid>73562</seriesid>
</Episode>
<Episode>
  <id>118712</id>
  <Combined_episodenumber>3</Combined_episodenumber>
  <Combined_season>3</Combined_season>
  <DVD_chapter></DVD_chapter>
  <DVD_discid></DVD_discid>
  <DVD_episodenumber></DVD_episodenumber>
  <DVD_season></DVD_season>
  <Director></Director>
  <EpImgFlag>1</EpImgFlag>
  <EpisodeName>Changing of the Guard</EpisodeName>
  <EpisodeNumber>3</EpisodeNumber>
  <FirstAired>1998-11-08</FirstAired>
  <GuestStars></GuestStars>
  <IMDB_ID></IMDB_ID>
  <Language>en</Language>
  <Overview>Unable to jury-rig defenses using parts from the Ark, the Maximals send Rattrap down under water in a small capsule to retrieve Sentinel from wreckage of the Axalon. But Megatron wants to lay his hands on it too, and Rampage and Depthcharge fighting it out in the area, nobody's safe.</Overview>
  <ProductionCode></ProductionCode>
  <Rating></Rating>
  <RatingCount>0</RatingCount>
  <SeasonNumber>3</SeasonNumber>
  <Writer>|Evan Carlos Somers|</Writer>
  <absolute_number></absolute_number>
  <filename>episodes/73562/118712.jpg</filename>
  <lastupdated>1303576748</lastupdated>
  <seasonid>5992</seasonid>
  <seriesid>73562</seriesid>
</Episode>
<Episode>
  <id>118713</id>
  <Combined_episodenumber>4</Combined_episodenumber>
  <Combined_season>3</Combined_season>
  <DVD_chapter></DVD_chapter>
  <DVD_discid></DVD_discid>
  <DVD_episodenumber></DVD_episodenumber>
  <DVD_season></DVD_season>
  <Director></Director>
  <EpImgFlag>1</EpImgFlag>
  <EpisodeName>Cutting Edge</EpisodeName>
  <EpisodeNumber>4</EpisodeNumber>
  <FirstAired>1998-11-15</FirstAired>
  <GuestStars></GuestStars>
  <IMDB_ID></IMDB_ID>
  <Language>en</Language>
  <Overview>Two young cave-humans are separated from their parents by an attack from Megatron's new transmetal enhanced raptor clones. Optimus chases off the raptors and charges Blackarachnia and Cheetor with escorting the kids back to their homes.</Overview>
  <ProductionCode></ProductionCode>
  <Rating></Rating>
  <RatingCount>0</RatingCount>
  <SeasonNumber>3</SeasonNumber>
  <Writer>|Ian Weir|</Writer>
  <absolute_number></absolute_number>
  <filename>episodes/73562/118713.jpg</filename>
  <lastupdated>1303576759</lastupdated>
  <seasonid>5992</seasonid>
  <seriesid>73562</seriesid>
</Episode>
<Episode>
  <id>118714</id>
  <Combined_episodenumber>5</Combined_episodenumber>
  <Combined_season>3</Combined_season>
  <DVD_chapter></DVD_chapter>
  <DVD_discid></DVD_discid>
  <DVD_episodenumber></DVD_episodenumber>
  <DVD_season></DVD_season>
  <Director></Director>
  <EpImgFlag>1</EpImgFlag>
  <EpisodeName>Feral Scream (Part 1)</EpisodeName>
  <EpisodeNumber>5</EpisodeNumber>
  <FirstAired>1999-01-31</FirstAired>
  <GuestStars></GuestStars>
  <IMDB_ID></IMDB_ID>
  <Language>en</Language>
  <Overview>Using a newly discovered blank protoform, and his part of Rampage's spark, Megatron creates a clone of Dinobot incorporating his enhanced transmetal 2 technology. Discovering the experiment, Cheetor and Depthcharge try to destroy the equipment, but it is activated during the fight and blows up - the cat getting caught in the blast.</Overview>
  <ProductionCode></ProductionCode>
  <Rating></Rating>
  <RatingCount>0</RatingCount>
  <SeasonNumber>3</SeasonNumber>
  <Writer>|Greg Johnson|</Writer>
  <absolute_number></absolute_number>
  <filename>episodes/73562/118714.jpg</filename>
  <lastupdated>1303576777</lastupdated>
  <seasonid>5992</seasonid>
  <seriesid>73562</seriesid>
</Episode>
<Episode>
  <id>118715</id>
  <Combined_episodenumber>6</Combined_episodenumber>
  <Combined_season>3</Combined_season>
  <DVD_chapter></DVD_chapter>
  <DVD_discid></DVD_discid>
  <DVD_episodenumber></DVD_episodenumber>
  <DVD_season></DVD_season>
  <Director></Director>
  <EpImgFlag>1</EpImgFlag>
  <EpisodeName>Feral Scream (Part 2)</EpisodeName>
  <EpisodeNumber>6</EpisodeNumber>
  <FirstAired>1999-02-07</FirstAired>
  <GuestStars></GuestStars>
  <IMDB_ID></IMDB_ID>
  <Language>en</Language>
  <Overview>Afraid of what he's becoming and unable to control it, Cheetor tries to hide his temporary transmetal 2 transformation, leading the others to believe a mutant beast has destroyed him.</Overview>
  <ProductionCode></ProductionCode>
  <Rating></Rating>
  <RatingCount>0</RatingCount>
  <SeasonNumber>3</SeasonNumber>
  <Writer>|Jules Dennis|</Writer>
  <absolute_number></absolute_number>
  <filename>episodes/73562/118715.jpg</filename>
  <lastupdated>1303576805</lastupdated>
  <seasonid>5992</seasonid>
  <seriesid>73562</seriesid>
</Episode>
<Episode>
  <id>118716</id>
  <Combined_episodenumber>7</Combined_episodenumber>
  <Combined_season>3</Combined_season>
  <DVD_chapter></DVD_chapter>
  <DVD_discid></DVD_discid>
  <DVD_episodenumber></DVD_episodenumber>
  <DVD_season></DVD_season>
  <Director></Director>
  <EpImgFlag>1</EpImgFlag>
  <EpisodeName>Proving Grounds</EpisodeName>
  <EpisodeNumber>7</EpisodeNumber>
  <FirstAired>1999-02-14</FirstAired>
  <GuestStars></GuestStars>
  <IMDB_ID></IMDB_ID>
  <Language>en</Language>
  <Overview>Blackarachnia is getting tired of the distrust, and when she overhears Optimus and Rhinox discussing removing her Predacon programming, and the fact that it might leave her mindless, she rushes out on her own... straight into the claws of the waiting Dinobot.</Overview>
  <ProductionCode></ProductionCode>
  <Rating></Rating>
  <RatingCount>0</RatingCount>
  <SeasonNumber>3</SeasonNumber>
  <Writer>|Arthur Sellers|</Writer>
  <absolute_number></absolute_number>
  <filename>episodes/73562/118716.jpg</filename>
  <lastupdated>1303576819</lastupdated>
  <seasonid>5992</seasonid>
  <seriesid>73562</seriesid>
</Episode>
<Episode>
  <id>118717</id>
  <Combined_episodenumber>8</Combined_episodenumber>
  <Combined_season>3</Combined_season>
  <DVD_chapter></DVD_chapter>
  <DVD_discid></DVD_discid>
  <DVD_episodenumber></DVD_episodenumber>
  <DVD_season></DVD_season>
  <Director>|Cal Shumiatcher|</Director>
  <EpImgFlag>1</EpImgFlag>
  <EpisodeName>Go with the Flow</EpisodeName>
  <EpisodeNumber>8</EpisodeNumber>
  <FirstAired>1999-02-18</FirstAired>
  <GuestStars></GuestStars>
  <IMDB_ID></IMDB_ID>
  <Language>en</Language>
  <Overview>Megatron is building a disruptor ray to scramble the Maximals' circuits, but needs an organic lifeform who won't be affected by it to finish putting the shielding into place. He has one of the cave-human children kidnapped, and it's up to Rattrap and Depthcharge to save her.</Overview>
  <ProductionCode></ProductionCode>
  <Rating></Rating>
  <RatingCount>0</RatingCount>
  <SeasonNumber>3</SeasonNumber>
  <Writer>|Bob Forward|</Writer>
  <absolute_number></absolute_number>
  <filename>episodes/73562/118717.jpg</filename>
  <lastupdated>1303576905</lastupdated>
  <seasonid>5992</seasonid>
  <seriesid>73562</seriesid>
</Episode>
<Episode>
  <id>118718</id>
  <Combined_episodenumber>9</Combined_episodenumber>
  <Combined_season>3</Combined_season>
  <DVD_chapter></DVD_chapter>
  <DVD_discid></DVD_discid>
  <DVD_episodenumber></DVD_episodenumber>
  <DVD_season></DVD_season>
  <Director></Director>
  <EpImgFlag>1</EpImgFlag>
  <EpisodeName>Crossing the Rubicon</EpisodeName>
  <EpisodeNumber>9</EpisodeNumber>
  <FirstAired>1999-02-22</FirstAired>
  <GuestStars></GuestStars>
  <IMDB_ID></IMDB_ID>
  <Language>en</Language>
  <Overview>Blackarachnia attempts to use the transmetal driver on herself, but all it accomplishes is to disrupt her Predacon programming, making it deteriorate quickly to the point that it will make her mindless unless it is removed.</Overview>
  <ProductionCode></ProductionCode>
  <Rating></Rating>
  <RatingCount>0</RatingCount>
  <SeasonNumber>3</SeasonNumber>
  <Writer>|D.C. Fontana|</Writer>
  <absolute_number></absolute_number>
  <filename>episodes/73562/118718.jpg</filename>
  <lastupdated>1303576922</lastupdated>
  <seasonid>5992</seasonid>
  <seriesid>73562</seriesid>
</Episode>
<Episode>
  <id>118719</id>
  <Combined_episodenumber>10</Combined_episodenumber>
  <Combined_season>3</Combined_season>
  <DVD_chapter></DVD_chapter>
  <DVD_discid></DVD_discid>
  <DVD_episodenumber></DVD_episodenumber>
  <DVD_season></DVD_season>
  <Director></Director>
  <EpImgFlag>1</EpImgFlag>
  <EpisodeName>Master Blaster</EpisodeName>
  <EpisodeNumber>10</EpisodeNumber>
  <FirstAired>1999-03-15</FirstAired>
  <GuestStars></GuestStars>
  <IMDB_ID></IMDB_ID>
  <Language>en</Language>
  <Overview>Optimus is implanted with one of Tarantulas' bugs, this one letting Quickstrike remote control him. After securing the Maximal base, Megatron goes after the original Megatron's spark, hoping it will give him equal power to Optimal Optimus.</Overview>
  <ProductionCode></ProductionCode>
  <Rating></Rating>
  <RatingCount>0</RatingCount>
  <SeasonNumber>3</SeasonNumber>
  <Writer>|Eric Torin|</Writer>
  <absolute_number></absolute_number>
  <filename>episodes/73562/118719.jpg</filename>
  <lastupdated>1303576942</lastupdated>
  <seasonid>5992</seasonid>
  <seriesid>73562</seriesid>
</Episode>
<Episode>
  <id>118720</id>
  <Combined_episodenumber>11</Combined_episodenumber>
  <Combined_season>3</Combined_season>
  <DVD_chapter></DVD_chapter>
  <DVD_discid></DVD_discid>
  <DVD_episodenumber></DVD_episodenumber>
  <DVD_season></DVD_season>
  <Director>|William Lau|</Director>
  <EpImgFlag>1</EpImgFlag>
  <EpisodeName>Other Victories</EpisodeName>
  <EpisodeNumber>11</EpisodeNumber>
  <FirstAired>1999-05-05</FirstAired>
  <GuestStars></GuestStars>
  <IMDB_ID></IMDB_ID>
  <Language>en</Language>
  <Overview>The aliens, the Vok, send Tigerhawk to Earth to stop Megatron's meddling with time. He crashes into the Predacon base, but the Predacons have no intention of takeing this lying down... especially Tarantulas.</Overview>
  <ProductionCode></ProductionCode>
  <Rating></Rating>
  <RatingCount>0</RatingCount>
  <SeasonNumber>3</SeasonNumber>
  <Writer>|Larry DiTillio|</Writer>
  <absolute_number></absolute_number>
  <filename>episodes/73562/118720.jpg</filename>
  <lastupdated>1303576963</lastupdated>
  <seasonid>5992</seasonid>
  <seriesid>73562</seriesid>
</Episode>
<Episode>
  <id>118721</id>
  <Combined_episodenumber>12</Combined_episodenumber>
  <Combined_season>3</Combined_season>
  <DVD_chapter></DVD_chapter>
  <DVD_discid></DVD_discid>
  <DVD_episodenumber></DVD_episodenumber>
  <DVD_season></DVD_season>
  <Director>|Ezekiel Norton|</Director>
  <EpImgFlag>1</EpImgFlag>
  <EpisodeName>Nemesis (Part 1)</EpisodeName>
  <EpisodeNumber>12</EpisodeNumber>
  <FirstAired>1999-05-06</FirstAired>
  <GuestStars></GuestStars>
  <IMDB_ID></IMDB_ID>
  <Language>en</Language>
  <Overview>While Inferno, Quickstrike and Waspinator go looking for a new &quot;&quot;colony&quot;&quot;, Megatron discovers one of Tarantulas' secret projects - the reactivation of the gigantic Decepticon warship that shot down the Ark before it crashed into the sea.</Overview>
  <ProductionCode></ProductionCode>
  <Rating></Rating>
  <RatingCount>0</RatingCount>
  <SeasonNumber>3</SeasonNumber>
  <Writer>|Bob Forward|</Writer>
  <absolute_number></absolute_number>
  <filename>episodes/73562/118721.jpg</filename>
  <lastupdated>1303576978</lastupdated>
  <seasonid>5992</seasonid>
  <seriesid>73562</seriesid>
</Episode>
<Episode>
  <id>118722</id>
  <Combined_episodenumber>13</Combined_episodenumber>
  <Combined_season>3</Combined_season>
  <DVD_chapter></DVD_chapter>
  <DVD_discid></DVD_discid>
  <DVD_episodenumber></DVD_episodenumber>
  <DVD_season></DVD_season>
  <Director>|Cal Shumiatcher|Steve Sacks|</Director>
  <EpImgFlag>1</EpImgFlag>
  <EpisodeName>Nemesis (Part 2)</EpisodeName>
  <EpisodeNumber>13</EpisodeNumber>
  <FirstAired>1999-05-07</FirstAired>
  <GuestStars></GuestStars>
  <IMDB_ID></IMDB_ID>
  <Language>en</Language>
  <Overview>Destruction rains down on the Maximals as Megatron unleashes the weapons of the Nemesis. Optimus orders a desperate attempt at getting the Ark airborne.</Overview>
  <ProductionCode></ProductionCode>
  <Rating></Rating>
  <RatingCount>0</RatingCount>
  <SeasonNumber>3</SeasonNumber>
  <Writer>|Simon Furman|</Writer>
  <absolute_number></absolute_number>
  <filename>episodes/73562/118722.jpg</filename>
  <lastupdated>1303576988</lastupdated>
  <seasonid>5992</seasonid>
  <seriesid>73562</seriesid>
</Episode>
</Data>