<?xml version="1.0" encoding="UTF-8" ?>
<Actors>
<Actor>
  <id>284208</id>
  <Image>actors/284208.jpg</Image>
  <Name>Sarah Jones</Name>
  <Role>Detective Rebecca Madsen</Role>
  <SortOrder>0</SortOrder>
</Actor>
<Actor>
  <id>284207</id>
  <Image>actors/284207.jpg</Image>
  <Name>Jorge Garcia</Name>
  <Role>Dr. Diego Soto</Role>
  <SortOrder>0</SortOrder>
</Actor>
<Actor>
  <id>284206</id>
  <Image>actors/284206.jpg</Image>
  <Name>Sam Neill</Name>
  <Role>Emerson Hauser</Role>
  <SortOrder>0</SortOrder>
</Actor>
<Actor>
  <id>296649</id>
  <Image>actors/296649.jpg</Image>
  <Name>Leon Rippy</Name>
  <Role>Dr. Milton Beauregard</Role>
  <SortOrder>1</SortOrder>
</Actor>
<Actor>
  <id>287460</id>
  <Image>actors/287460.jpg</Image>
  <Name>Jonny Coyne</Name>
  <Role>Warden Edwin James</Role>
  <SortOrder>1</SortOrder>
</Actor>
<Actor>
  <id>287458</id>
  <Image>actors/287458.jpg</Image>
  <Name>Parminder Nagra</Name>
  <Role>Dr. Lucy Banerjee</Role>
  <SortOrder>1</SortOrder>
</Actor>
<Actor>
  <id>296650</id>
  <Image>actors/296650.jpg</Image>
  <Name>David Hoflin</Name>
  <Role>Tommy Madsen</Role>
  <SortOrder>2</SortOrder>
</Actor>
<Actor>
  <id>287461</id>
  <Image>actors/287461.jpg</Image>
  <Name>Robert Forster</Name>
  <Role>Ray Archer</Role>
  <SortOrder>3</SortOrder>
</Actor>
<Actor>
  <id>287459</id>
  <Image>actors/287459.jpg</Image>
  <Name>Jason Butler Harner</Name>
  <Role>Deputy Warden E.B. Tiller</Role>
  <SortOrder>3</SortOrder>
</Actor>
</Actors>