<?xml version="1.0" encoding="UTF-8" ?>
<Banners>
<Banner>
  <id>920441</id>
  <BannerPath>fanart/original/248646-10.jpg</BannerPath>
  <BannerType>fanart</BannerType>
  <BannerType2>1920x1080</BannerType2>
  <Colors></Colors>
  <Language>de</Language>
  <Rating>8.0000</Rating>
  <RatingCount>2</RatingCount>
  <SeriesName>false</SeriesName>
  <ThumbnailPath>_cache/fanart/original/248646-10.jpg</ThumbnailPath>
  <VignettePath>fanart/vignette/248646-10.jpg</VignettePath>
</Banner>
<Banner>
  <id>891112</id>
  <BannerPath>fanart/original/248646-8.jpg</BannerPath>
  <BannerType>fanart</BannerType>
  <BannerType2>1280x720</BannerType2>
  <Colors></Colors>
  <Language>de</Language>
  <Rating>7.6250</Rating>
  <RatingCount>8</RatingCount>
  <SeriesName>false</SeriesName>
  <ThumbnailPath>_cache/fanart/original/248646-8.jpg</ThumbnailPath>
  <VignettePath>fanart/vignette/248646-8.jpg</VignettePath>
</Banner>
<Banner>
  <id>861555</id>
  <BannerPath>fanart/original/248646-1.jpg</BannerPath>
  <BannerType>fanart</BannerType>
  <BannerType2>1920x1080</BannerType2>
  <Colors>|36,34,35|203,203,203|35,33,34|</Colors>
  <Language>en</Language>
  <Rating>7.6000</Rating>
  <RatingCount>10</RatingCount>
  <SeriesName>false</SeriesName>
  <ThumbnailPath>_cache/fanart/original/248646-1.jpg</ThumbnailPath>
  <VignettePath>fanart/vignette/248646-1.jpg</VignettePath>
</Banner>
<Banner>
  <id>892357</id>
  <BannerPath>fanart/original/248646-11.jpg</BannerPath>
  <BannerType>fanart</BannerType>
  <BannerType2>1920x1080</BannerType2>
  <Colors>|66,89,97|111,145,157|184,200,197|</Colors>
  <Language>en</Language>
  <Rating>7.2500</Rating>
  <RatingCount>4</RatingCount>
  <SeriesName>true</SeriesName>
  <ThumbnailPath>_cache/fanart/original/248646-11.jpg</ThumbnailPath>
  <VignettePath>fanart/vignette/248646-11.jpg</VignettePath>
</Banner>
<Banner>
  <id>876265</id>
  <BannerPath>fanart/original/248646-4.jpg</BannerPath>
  <BannerType>fanart</BannerType>
  <BannerType2>1280x720</BannerType2>
  <Colors></Colors>
  <Language>en</Language>
  <Rating>7.1429</Rating>
  <RatingCount>7</RatingCount>
  <SeriesName>false</SeriesName>
  <ThumbnailPath>_cache/fanart/original/248646-4.jpg</ThumbnailPath>
  <VignettePath>fanart/vignette/248646-4.jpg</VignettePath>
</Banner>
<Banner>
  <id>886700</id>
  <BannerPath>fanart/original/248646-6.jpg</BannerPath>
  <BannerType>fanart</BannerType>
  <BannerType2>1920x1080</BannerType2>
  <Colors></Colors>
  <Language>en</Language>
  <Rating>7.0000</Rating>
  <RatingCount>3</RatingCount>
  <SeriesName>false</SeriesName>
  <ThumbnailPath>_cache/fanart/original/248646-6.jpg</ThumbnailPath>
  <VignettePath>fanart/vignette/248646-6.jpg</VignettePath>
</Banner>
<Banner>
  <id>886699</id>
  <BannerPath>fanart/original/248646-5.jpg</BannerPath>
  <BannerType>fanart</BannerType>
  <BannerType2>1920x1080</BannerType2>
  <Colors></Colors>
  <Language>en</Language>
  <Rating>6.8333</Rating>
  <RatingCount>6</RatingCount>
  <SeriesName>false</SeriesName>
  <ThumbnailPath>_cache/fanart/original/248646-5.jpg</ThumbnailPath>
  <VignettePath>fanart/vignette/248646-5.jpg</VignettePath>
</Banner>
<Banner>
  <id>886899</id>
  <BannerPath>fanart/original/248646-7.jpg</BannerPath>
  <BannerType>fanart</BannerType>
  <BannerType2>1920x1080</BannerType2>
  <Colors>|227,227,235|36,41,47|141,157,180|</Colors>
  <Language>en</Language>
  <Rating>6.7778</Rating>
  <RatingCount>9</RatingCount>
  <SeriesName>true</SeriesName>
  <ThumbnailPath>_cache/fanart/original/248646-7.jpg</ThumbnailPath>
  <VignettePath>fanart/vignette/248646-7.jpg</VignettePath>
</Banner>
<Banner>
  <id>876263</id>
  <BannerPath>fanart/original/248646-2.jpg</BannerPath>
  <BannerType>fanart</BannerType>
  <BannerType2>1280x720</BannerType2>
  <Colors></Colors>
  <Language>en</Language>
  <Rating>6.3333</Rating>
  <RatingCount>6</RatingCount>
  <SeriesName>true</SeriesName>
  <ThumbnailPath>_cache/fanart/original/248646-2.jpg</ThumbnailPath>
  <VignettePath>fanart/vignette/248646-2.jpg</VignettePath>
</Banner>
<Banner>
  <id>876264</id>
  <BannerPath>fanart/original/248646-3.jpg</BannerPath>
  <BannerType>fanart</BannerType>
  <BannerType2>1280x720</BannerType2>
  <Colors></Colors>
  <Language>en</Language>
  <Rating>5.0000</Rating>
  <RatingCount>5</RatingCount>
  <SeriesName>false</SeriesName>
  <ThumbnailPath>_cache/fanart/original/248646-3.jpg</ThumbnailPath>
  <VignettePath>fanart/vignette/248646-3.jpg</VignettePath>
</Banner>
<Banner>
  <id>893552</id>
  <BannerPath>fanart/original/248646-9.jpg</BannerPath>
  <BannerType>fanart</BannerType>
  <BannerType2>1920x1080</BannerType2>
  <Colors></Colors>
  <Language>en</Language>
  <Rating>5.0000</Rating>
  <RatingCount>1</RatingCount>
  <SeriesName>true</SeriesName>
  <ThumbnailPath>_cache/fanart/original/248646-9.jpg</ThumbnailPath>
  <VignettePath>fanart/vignette/248646-9.jpg</VignettePath>
</Banner>
<Banner>
  <id>905704</id>
  <BannerPath>posters/248646-6.jpg</BannerPath>
  <BannerType>poster</BannerType>
  <BannerType2>680x1000</BannerType2>
  <Language>en</Language>
  <Rating>8.5000</Rating>
  <RatingCount>6</RatingCount>
</Banner>
<Banner>
  <id>898962</id>
  <BannerPath>posters/248646-5.jpg</BannerPath>
  <BannerType>poster</BannerType>
  <BannerType2>680x1000</BannerType2>
  <Language>en</Language>
  <Rating>8.0000</Rating>
  <RatingCount>8</RatingCount>
</Banner>
<Banner>
  <id>891114</id>
  <BannerPath>posters/248646-3.jpg</BannerPath>
  <BannerType>poster</BannerType>
  <BannerType2>680x1000</BannerType2>
  <Language>en</Language>
  <Rating>7.5000</Rating>
  <RatingCount>8</RatingCount>
</Banner>
<Banner>
  <id>914699</id>
  <BannerPath>posters/248646-7.jpg</BannerPath>
  <BannerType>poster</BannerType>
  <BannerType2>680x1000</BannerType2>
  <Language>en</Language>
  <Rating>7.5000</Rating>
  <RatingCount>4</RatingCount>
</Banner>
<Banner>
  <id>890439</id>
  <BannerPath>posters/248646-2.jpg</BannerPath>
  <BannerType>poster</BannerType>
  <BannerType2>680x1000</BannerType2>
  <Language>en</Language>
  <Rating>7.2000</Rating>
  <RatingCount>10</RatingCount>
</Banner>
<Banner>
  <id>860889</id>
  <BannerPath>posters/248646-1.jpg</BannerPath>
  <BannerType>poster</BannerType>
  <BannerType2>680x1000</BannerType2>
  <Language>en</Language>
  <Rating>5.8333</Rating>
  <RatingCount>6</RatingCount>
</Banner>
<Banner>
  <id>892642</id>
  <BannerPath>posters/248646-4.jpg</BannerPath>
  <BannerType>poster</BannerType>
  <BannerType2>680x1000</BannerType2>
  <Language>en</Language>
  <Rating>4.5000</Rating>
  <RatingCount>4</RatingCount>
</Banner>
<Banner>
  <id>914698</id>
  <BannerPath>seasons/248646-1-5.jpg</BannerPath>
  <BannerType>season</BannerType>
  <BannerType2>season</BannerType2>
  <Language>en</Language>
  <Rating>10.0000</Rating>
  <RatingCount>3</RatingCount>
  <Season>1</Season>
</Banner>
<Banner>
  <id>950472</id>
  <BannerPath>seasons/248646-1-6.jpg</BannerPath>
  <BannerType>season</BannerType>
  <BannerType2>season</BannerType2>
  <Language>de</Language>
  <Rating>9.0000</Rating>
  <RatingCount>1</RatingCount>
  <Season>1</Season>
</Banner>
<Banner>
  <id>899230</id>
  <BannerPath>seasons/248646-1-4.jpg</BannerPath>
  <BannerType>season</BannerType>
  <BannerType2>season</BannerType2>
  <Language>en</Language>
  <Rating>8.0000</Rating>
  <RatingCount>8</RatingCount>
  <Season>1</Season>
</Banner>
<Banner>
  <id>891118</id>
  <BannerPath>seasons/248646-1-2.jpg</BannerPath>
  <BannerType>season</BannerType>
  <BannerType2>season</BannerType2>
  <Language>en</Language>
  <Rating>7.8571</Rating>
  <RatingCount>7</RatingCount>
  <Season>1</Season>
</Banner>
<Banner>
  <id>887392</id>
  <BannerPath>seasons/248646-1.jpg</BannerPath>
  <BannerType>season</BannerType>
  <BannerType2>season</BannerType2>
  <Language>en</Language>
  <Rating>6.1667</Rating>
  <RatingCount>6</RatingCount>
  <Season>1</Season>
</Banner>
<Banner>
  <id>894237</id>
  <BannerPath>seasons/248646-1-3.jpg</BannerPath>
  <BannerType>season</BannerType>
  <BannerType2>season</BannerType2>
  <Language>he</Language>
  <Rating>1.0000</Rating>
  <RatingCount>3</RatingCount>
  <Season>1</Season>
</Banner>
<Banner>
  <id>892704</id>
  <BannerPath>graphical/248646-g11.jpg</BannerPath>
  <BannerType>series</BannerType>
  <BannerType2>graphical</BannerType2>
  <Language>en</Language>
  <Rating>10.0000</Rating>
  <RatingCount>3</RatingCount>
</Banner>
<Banner>
  <id>892685</id>
  <BannerPath>graphical/248646-g8.jpg</BannerPath>
  <BannerType>series</BannerType>
  <BannerType2>graphical</BannerType2>
  <Language>en</Language>
  <Rating>9.0000</Rating>
  <RatingCount>2</RatingCount>
</Banner>
<Banner>
  <id>863903</id>
  <BannerPath>graphical/248646-g4.jpg</BannerPath>
  <BannerType>series</BannerType>
  <BannerType2>graphical</BannerType2>
  <Language>en</Language>
  <Rating>8.8000</Rating>
  <RatingCount>5</RatingCount>
</Banner>
<Banner>
  <id>892668</id>
  <BannerPath>graphical/248646-g7.jpg</BannerPath>
  <BannerType>series</BannerType>
  <BannerType2>graphical</BannerType2>
  <Language>en</Language>
  <Rating>8.6667</Rating>
  <RatingCount>3</RatingCount>
</Banner>
<Banner>
  <id>887393</id>
  <BannerPath>graphical/248646-g6.jpg</BannerPath>
  <BannerType>series</BannerType>
  <BannerType2>graphical</BannerType2>
  <Language>en</Language>
  <Rating>7.5000</Rating>
  <RatingCount>2</RatingCount>
</Banner>
<Banner>
  <id>892691</id>
  <BannerPath>graphical/248646-g9.jpg</BannerPath>
  <BannerType>series</BannerType>
  <BannerType2>graphical</BannerType2>
  <Language>en</Language>
  <Rating>7.0000</Rating>
  <RatingCount>1</RatingCount>
</Banner>
<Banner>
  <id>863904</id>
  <BannerPath>graphical/248646-g5.jpg</BannerPath>
  <BannerType>series</BannerType>
  <BannerType2>graphical</BannerType2>
  <Language>en</Language>
  <Rating>6.8000</Rating>
  <RatingCount>5</RatingCount>
</Banner>
<Banner>
  <id>861556</id>
  <BannerPath>graphical/248646-g2.jpg</BannerPath>
  <BannerType>series</BannerType>
  <BannerType2>graphical</BannerType2>
  <Language>en</Language>
  <Rating>6.6667</Rating>
  <RatingCount>6</RatingCount>
</Banner>
<Banner>
  <id>863891</id>
  <BannerPath>graphical/248646-g3.jpg</BannerPath>
  <BannerType>series</BannerType>
  <BannerType2>graphical</BannerType2>
  <Language>en</Language>
  <Rating>6.3333</Rating>
  <RatingCount>3</RatingCount>
</Banner>
<Banner>
  <id>892703</id>
  <BannerPath>graphical/248646-g10.jpg</BannerPath>
  <BannerType>series</BannerType>
  <BannerType2>graphical</BannerType2>
  <Language>en</Language>
  <Rating>6.0000</Rating>
  <RatingCount>1</RatingCount>
</Banner>
<Banner>
  <id>860888</id>
  <BannerPath>graphical/248646-g.jpg</BannerPath>
  <BannerType>series</BannerType>
  <BannerType2>graphical</BannerType2>
  <Language>en</Language>
  <Rating>4.7500</Rating>
  <RatingCount>4</RatingCount>
</Banner>
<Banner>
  <id>938558</id>
  <BannerPath>graphical/248646-g12.jpg</BannerPath>
  <BannerType>series</BannerType>
  <BannerType2>graphical</BannerType2>
  <Language>en</Language>
  <Rating></Rating>
  <RatingCount>0</RatingCount>
</Banner>
</Banners>