<?xml version="1.0" encoding="UTF-8" ?>
<Data><Series>
  <id>248646</id>
  <Actors>|Sarah Jones|Jorge Garcia|Sam Neill|Leon Rippy|Jonny Coyne|Parminder Nagra|David Hoflin|Robert Forster|Jason Butler Harner|</Actors>
  <Airs_DayOfWeek>Monday</Airs_DayOfWeek>
  <Airs_Time>9:00 PM</Airs_Time>
  <ContentRating>TV-14</ContentRating>
  <FirstAired>2012-01-16</FirstAired>
  <Genre>|Action|Adventure|Drama|Science-Fiction|</Genre>
  <IMDB_ID>tt1728102</IMDB_ID>
  <Language>en</Language>
  <Network>FOX</Network>
  <NetworkID></NetworkID>
  <Overview>Detective Rebecca Madsen and Alcatraz historian Doctor Diego Soto team up with a secret agency that is dedicated to finding and catching inmates from the infamous prison who went missing 50 years ago and are reappearing today. The special task force includes Emerson Hauser and Doctor Lucy Banerjee.</Overview>
  <Rating>8.3</Rating>
  <RatingCount>65</RatingCount>
  <Runtime>60</Runtime>
  <SeriesID>80121</SeriesID>
  <SeriesName>Alcatraz</SeriesName>
  <Status>Ended</Status>
  <added>2011-05-10 23:43:57</added>
  <addedBy>342859</addedBy>
  <banner>graphical/248646-g11.jpg</banner>
  <fanart>fanart/original/248646-10.jpg</fanart>
  <lastupdated>1364833423</lastupdated>
  <poster>posters/248646-6.jpg</poster>
  <zap2it_id>EP01419230</zap2it_id>
</Series>
<Episode>
  <id>4239834</id>
  <Combined_episodenumber>1</Combined_episodenumber>
  <Combined_season>0</Combined_season>
  <DVD_chapter></DVD_chapter>
  <DVD_discid></DVD_discid>
  <DVD_episodenumber></DVD_episodenumber>
  <DVD_season></DVD_season>
  <Director></Director>
  <EpImgFlag>2</EpImgFlag>
  <EpisodeName>First Look</EpisodeName>
  <EpisodeNumber>1</EpisodeNumber>
  <FirstAired>2012-01-12</FirstAired>
  <GuestStars></GuestStars>
  <IMDB_ID></IMDB_ID>
  <Language>en</Language>
  <Overview></Overview>
  <ProductionCode></ProductionCode>
  <Rating>8.0</Rating>
  <RatingCount>5</RatingCount>
  <SeasonNumber>0</SeasonNumber>
  <Writer></Writer>
  <absolute_number></absolute_number>
  <airsafter_season></airsafter_season>
  <airsbefore_episode>1</airsbefore_episode>
  <airsbefore_season>1</airsbefore_season>
  <filename>episodes/248646/4239834.jpg</filename>
  <lastupdated>1332190293</lastupdated>
  <seasonid>465695</seasonid>
  <seriesid>248646</seriesid>
</Episode>
<Episode>
  <id>4098243</id>
  <Combined_episodenumber>1.0</Combined_episodenumber>
  <Combined_season>1</Combined_season>
  <DVD_chapter></DVD_chapter>
  <DVD_discid></DVD_discid>
  <DVD_episodenumber>1.0</DVD_episodenumber>
  <DVD_season>1</DVD_season>
  <Director>Danny Cannon</Director>
  <EpImgFlag>2</EpImgFlag>
  <EpisodeName>Pilot</EpisodeName>
  <EpisodeNumber>1</EpisodeNumber>
  <FirstAired>2012-01-16</FirstAired>
  <GuestStars>|David Hoflin|Jeffrey Pierce|Leon Rippy|</GuestStars>
  <IMDB_ID>tt1941739</IMDB_ID>
  <Language>en</Language>
  <Overview>Detective Rebecca Madsen and Alcatraz historian Dr Diego Soto team up with a secret agency that is dedicated to finding and catching inmates from the infamous prison who went missing 50 years ago and are reappearing today.</Overview>
  <ProductionCode>296790</ProductionCode>
  <Rating>7.6</Rating>
  <RatingCount>209</RatingCount>
  <SeasonNumber>1</SeasonNumber>
  <Writer>Elizabeth Sarnoff|Steven Lilien|Bryan Wynbrandt</Writer>
  <absolute_number>1</absolute_number>
  <filename>episodes/248646/4098243.jpg</filename>
  <lastupdated>1349106432</lastupdated>
  <seasonid>465765</seasonid>
  <seriesid>248646</seriesid>
</Episode>
<Episode>
  <id>4218955</id>
  <Combined_episodenumber>2.0</Combined_episodenumber>
  <Combined_season>1</Combined_season>
  <DVD_chapter></DVD_chapter>
  <DVD_discid></DVD_discid>
  <DVD_episodenumber>2.0</DVD_episodenumber>
  <DVD_season>1</DVD_season>
  <Director>Jack Bender</Director>
  <EpImgFlag>2</EpImgFlag>
  <EpisodeName>Ernest Cobb</EpisodeName>
  <EpisodeNumber>2</EpisodeNumber>
  <FirstAired>2012-01-16</FirstAired>
  <GuestStars>|Joe Egender|Jeffrey Pierce|</GuestStars>
  <IMDB_ID>tt2057521</IMDB_ID>
  <Language>en</Language>
  <Overview>When a sniper begins targeting young victims, the team is forced to retrace the steps of the past in order to solve this modern day mystery.</Overview>
  <ProductionCode>2J6052</ProductionCode>
  <Rating>7.5</Rating>
  <RatingCount>173</RatingCount>
  <SeasonNumber>1</SeasonNumber>
  <Writer>Alison Balian</Writer>
  <absolute_number>2</absolute_number>
  <filename>episodes/248646/4218955.jpg</filename>
  <lastupdated>1345131660</lastupdated>
  <seasonid>465765</seasonid>
  <seriesid>248646</seriesid>
</Episode>
<Episode>
  <id>4218957</id>
  <Combined_episodenumber>3.0</Combined_episodenumber>
  <Combined_season>1</Combined_season>
  <DVD_chapter></DVD_chapter>
  <DVD_discid></DVD_discid>
  <DVD_episodenumber>3.0</DVD_episodenumber>
  <DVD_season>1</DVD_season>
  <Director>Jack Bender</Director>
  <EpImgFlag>2</EpImgFlag>
  <EpisodeName>Kit Nelson</EpisodeName>
  <EpisodeNumber>3</EpisodeNumber>
  <FirstAired>2012-01-23</FirstAired>
  <GuestStars>|Michael Eklund|Rebecca Field|David Hoflin|Leon Rippy|Will Shadley|</GuestStars>
  <IMDB_ID>tt2099814</IMDB_ID>
  <Language>en</Language>
  <Overview>When child killer Kit Nelson, a terrifying kidnapper who always returns his victims home - after he's killed them - reappears from the past, the team is in a race against time to catch the man before he kills again.</Overview>
  <ProductionCode>2J6053</ProductionCode>
  <Rating>7.5</Rating>
  <RatingCount>167</RatingCount>
  <SeasonNumber>1</SeasonNumber>
  <Writer>Jennifer Johnson</Writer>
  <absolute_number>3</absolute_number>
  <filename>episodes/248646/4218957.jpg</filename>
  <lastupdated>1349106457</lastupdated>
  <seasonid>465765</seasonid>
  <seriesid>248646</seriesid>
</Episode>
<Episode>
  <id>4218958</id>
  <Combined_episodenumber>4.0</Combined_episodenumber>
  <Combined_season>1</Combined_season>
  <DVD_chapter></DVD_chapter>
  <DVD_discid></DVD_discid>
  <DVD_episodenumber>4.0</DVD_episodenumber>
  <DVD_season>1</DVD_season>
  <Director>Brad Anderson</Director>
  <EpImgFlag>2</EpImgFlag>
  <EpisodeName>Cal Sweeney</EpisodeName>
  <EpisodeNumber>4</EpisodeNumber>
  <FirstAired>2012-01-30</FirstAired>
  <GuestStars>|Steven Grayhm|Geri Jewell|Eric Johnson|Leon Rippy|</GuestStars>
  <IMDB_ID>tt2077081</IMDB_ID>
  <Language>en</Language>
  <Overview>When a bank robbing criminal returns from the past and things go wrong in the present, Rebecca has to break him out of the hostage-filled bank before people can find out who he is.</Overview>
  <ProductionCode>2J6055</ProductionCode>
  <Rating>7.6</Rating>
  <RatingCount>153</RatingCount>
  <SeasonNumber>1</SeasonNumber>
  <Writer>Robert Hull</Writer>
  <absolute_number>4</absolute_number>
  <filename>episodes/248646/4218958.jpg</filename>
  <lastupdated>1349106498</lastupdated>
  <seasonid>465765</seasonid>
  <seriesid>248646</seriesid>
</Episode>
<Episode>
  <id>4218960</id>
  <Combined_episodenumber>5.0</Combined_episodenumber>
  <Combined_season>1</Combined_season>
  <DVD_chapter></DVD_chapter>
  <DVD_discid></DVD_discid>
  <DVD_episodenumber>5.0</DVD_episodenumber>
  <DVD_season>1</DVD_season>
  <Director>Charles Beeson</Director>
  <EpImgFlag>2</EpImgFlag>
  <EpisodeName>Guy Hastings</EpisodeName>
  <EpisodeNumber>5</EpisodeNumber>
  <FirstAired>2012-02-06</FirstAired>
  <GuestStars>|Robbie Amell|David Hoflin|Jim Parrack|Leon Rippy|</GuestStars>
  <IMDB_ID>tt2099815</IMDB_ID>
  <Language>en</Language>
  <Overview>Guy Hastings, an Alcatraz guard, reappears. Although a good man, Hastings is being asked to do bad things and will come face-to-face with an old acquaintance.</Overview>
  <ProductionCode>2J6056</ProductionCode>
  <Rating>7.7</Rating>
  <RatingCount>144</RatingCount>
  <SeasonNumber>1</SeasonNumber>
  <Writer>|Steven Lilien|Bryan Wynbrandt|</Writer>
  <absolute_number>5</absolute_number>
  <filename>episodes/248646/4218960.jpg</filename>
  <lastupdated>1349106534</lastupdated>
  <seasonid>465765</seasonid>
  <seriesid>248646</seriesid>
</Episode>
<Episode>
  <id>4218959</id>
  <Combined_episodenumber>6.0</Combined_episodenumber>
  <Combined_season>1</Combined_season>
  <DVD_chapter></DVD_chapter>
  <DVD_discid></DVD_discid>
  <DVD_episodenumber>6.0</DVD_episodenumber>
  <DVD_season>1</DVD_season>
  <Director>Paul A. Edwards</Director>
  <EpImgFlag>7</EpImgFlag>
  <EpisodeName>Paxton Petty</EpisodeName>
  <EpisodeNumber>6</EpisodeNumber>
  <FirstAired>2012-02-13</FirstAired>
  <GuestStars>|Mehcad Brooks|David Hoflin|James Pizzinato|Leon Rippy|Jeananne Goossen|Greyston Holt|</GuestStars>
  <IMDB_ID>tt2176143</IMDB_ID>
  <Language>en</Language>
  <Overview>When Hauser, Madsen, and Soto track former inmate Paxton Petty, a landmine bomber who has returned and is placing bombs throughout populated areas of San Francisco, methods of the past are applied to the present. </Overview>
  <ProductionCode>2J6058</ProductionCode>
  <Rating>7.6</Rating>
  <RatingCount>137</RatingCount>
  <SeasonNumber>1</SeasonNumber>
  <Writer>Jennifer Johnson</Writer>
  <absolute_number>6</absolute_number>
  <filename>episodes/248646/4218959.jpg</filename>
  <lastupdated>1354205952</lastupdated>
  <seasonid>465765</seasonid>
  <seriesid>248646</seriesid>
</Episode>
<Episode>
  <id>4218961</id>
  <Combined_episodenumber>7.0</Combined_episodenumber>
  <Combined_season>1</Combined_season>
  <DVD_chapter></DVD_chapter>
  <DVD_discid></DVD_discid>
  <DVD_episodenumber>7.0</DVD_episodenumber>
  <DVD_season>1</DVD_season>
  <Director>Brad Turner</Director>
  <EpImgFlag>2</EpImgFlag>
  <EpisodeName>Johnny McKee</EpisodeName>
  <EpisodeNumber>7</EpisodeNumber>
  <FirstAired>2012-02-20</FirstAired>
  <GuestStars>|Jeffrey Pierce|Leon Rippy|Adam Rothenberg|Garry Chalk|Jeananne Goossen|</GuestStars>
  <IMDB_ID>tt2097966</IMDB_ID>
  <Language>en</Language>
  <Overview>Madsen and Hauser hunt down Johnny McKee, a former Alcatraz inmate and vicious killer with a background in chemistry. It’s a race against time before McKee horrifically poisons more innocent victims. Meanwhile, more details emerge about Madsen’s grandfather. </Overview>
  <ProductionCode>2J6054</ProductionCode>
  <Rating>7.4</Rating>
  <RatingCount>142</RatingCount>
  <SeasonNumber>1</SeasonNumber>
  <Writer>Toni Graphia</Writer>
  <absolute_number>7</absolute_number>
  <filename>episodes/248646/4218961.jpg</filename>
  <lastupdated>1354205931</lastupdated>
  <seasonid>465765</seasonid>
  <seriesid>248646</seriesid>
</Episode>
<Episode>
  <id>4242009</id>
  <Combined_episodenumber>9.0</Combined_episodenumber>
  <Combined_season>1</Combined_season>
  <DVD_chapter></DVD_chapter>
  <DVD_discid></DVD_discid>
  <DVD_episodenumber>9.0</DVD_episodenumber>
  <DVD_season>1</DVD_season>
  <Director>Nick Copus</Director>
  <EpImgFlag>2</EpImgFlag>
  <EpisodeName>The Ames Brothers</EpisodeName>
  <EpisodeNumber>8</EpisodeNumber>
  <FirstAired>2012-03-05</FirstAired>
  <GuestStars>|Robbie Amell|David Hoflin|Leon Rippy|Graham Shiels|Travis Aaron Wade|Frank Whaley|</GuestStars>
  <IMDB_ID>tt2174289</IMDB_ID>
  <Language>en</Language>
  <Overview>Herman and Pinky Ames, who almost escaped in 1963, return to Alcatraz in the present day and find something strangely wrong</Overview>
  <ProductionCode>2J6059</ProductionCode>
  <Rating>7.5</Rating>
  <RatingCount>89</RatingCount>
  <SeasonNumber>1</SeasonNumber>
  <Writer>Robert Hull</Writer>
  <absolute_number>9</absolute_number>
  <filename>episodes/248646/4242009.jpg</filename>
  <lastupdated>1354205915</lastupdated>
  <seasonid>465765</seasonid>
  <seriesid>248646</seriesid>
</Episode>
<Episode>
  <id>4240668</id>
  <Combined_episodenumber>10.0</Combined_episodenumber>
  <Combined_season>1</Combined_season>
  <DVD_chapter></DVD_chapter>
  <DVD_discid></DVD_discid>
  <DVD_episodenumber>10.0</DVD_episodenumber>
  <DVD_season>1</DVD_season>
  <Director></Director>
  <EpImgFlag>2</EpImgFlag>
  <EpisodeName>Sonny Burnett</EpisodeName>
  <EpisodeNumber>9</EpisodeNumber>
  <FirstAired>2012-03-05</FirstAired>
  <GuestStars>|Wendy Crewson|Jeananne Goossen|David Hoflin|Leon Rippy|Theo Rossi|</GuestStars>
  <IMDB_ID>tt2201345</IMDB_ID>
  <Language>en</Language>
  <Overview>Sonny Burnett, a man with a dark side, who became extremely violent while at Alcatraz reappears</Overview>
  <ProductionCode>2J6060</ProductionCode>
  <Rating>7.5</Rating>
  <RatingCount>117</RatingCount>
  <SeasonNumber>1</SeasonNumber>
  <Writer>Toni Graphia</Writer>
  <absolute_number>10</absolute_number>
  <filename>episodes/248646/4240668.jpg</filename>
  <lastupdated>1354205893</lastupdated>
  <seasonid>465765</seasonid>
  <seriesid>248646</seriesid>
</Episode>
<Episode>
  <id>4251974</id>
  <Combined_episodenumber>8.0</Combined_episodenumber>
  <Combined_season>1</Combined_season>
  <DVD_chapter></DVD_chapter>
  <DVD_discid></DVD_discid>
  <DVD_episodenumber>8.0</DVD_episodenumber>
  <DVD_season>1</DVD_season>
  <Director>Jack Bender</Director>
  <EpImgFlag>2</EpImgFlag>
  <EpisodeName>Clarence Montgomery</EpisodeName>
  <EpisodeNumber>10</EpisodeNumber>
  <FirstAired>2012-03-12</FirstAired>
  <GuestStars>|Mahershala Ali|Leon Rippy|Glynn Turman|Ben Cotton|Jeananne Goossen|</GuestStars>
  <IMDB_ID>tt2097965</IMDB_ID>
  <Language>en</Language>
  <Overview>Clarence Montgomery was the only innocent man in Alcatraz but he's returned and is committing crimes.

This episode was scheduled to premiere on February 27, 2012, however it was postponed due to the weather delay of the 2012 Daytona 500.
It is available online.

It will air again on March 12.</Overview>
  <ProductionCode>2J6057</ProductionCode>
  <Rating>7.6</Rating>
  <RatingCount>109</RatingCount>
  <SeasonNumber>1</SeasonNumber>
  <Writer>Leigh Dana Jackson</Writer>
  <absolute_number>8</absolute_number>
  <filename>episodes/248646/4251974.jpg</filename>
  <lastupdated>1354205876</lastupdated>
  <seasonid>465765</seasonid>
  <seriesid>248646</seriesid>
</Episode>
<Episode>
  <id>4251975</id>
  <Combined_episodenumber>11.0</Combined_episodenumber>
  <Combined_season>1</Combined_season>
  <DVD_chapter></DVD_chapter>
  <DVD_discid></DVD_discid>
  <DVD_episodenumber>11.0</DVD_episodenumber>
  <DVD_season>1</DVD_season>
  <Director>Jack Bender</Director>
  <EpImgFlag>2</EpImgFlag>
  <EpisodeName>Webb Porter</EpisodeName>
  <EpisodeNumber>11</EpisodeNumber>
  <FirstAired>2012-03-19</FirstAired>
  <GuestStars>Rami Malek|Leon Rippy|Jeananne Goossen|Greyston Holt</GuestStars>
  <IMDB_ID>tt2201349</IMDB_ID>
  <Language>en</Language>
  <Overview>Rebecca, Doc, and Hauser set out to capture musically-inclined serial killer Webb Porter (guest star Malek), an unknown ’63 that returns more violent than ever </Overview>
  <ProductionCode>2J6061</ProductionCode>
  <Rating>7.6</Rating>
  <RatingCount>112</RatingCount>
  <SeasonNumber>1</SeasonNumber>
  <Writer>Steven Lilien |Bryan Wynbrandt</Writer>
  <absolute_number>11</absolute_number>
  <filename>episodes/248646/4251975.jpg</filename>
  <lastupdated>1363629959</lastupdated>
  <seasonid>465765</seasonid>
  <seriesid>248646</seriesid>
</Episode>
<Episode>
  <id>4253440</id>
  <Combined_episodenumber>12.0</Combined_episodenumber>
  <Combined_season>1</Combined_season>
  <DVD_chapter></DVD_chapter>
  <DVD_discid></DVD_discid>
  <DVD_episodenumber>12.0</DVD_episodenumber>
  <DVD_season>1</DVD_season>
  <Director>Eagle Egilsson</Director>
  <EpImgFlag>2</EpImgFlag>
  <EpisodeName>Garrett Stillman</EpisodeName>
  <EpisodeNumber>12</EpisodeNumber>
  <FirstAired>2012-03-26</FirstAired>
  <GuestStars>Joe Egender|Greg Ellis|Leon Rippy|Brendan Fletcher|Steven Grayhm</GuestStars>
  <IMDB_ID>tt2201347</IMDB_ID>
  <Language>en</Language>
  <Overview>Doc and Rebecca close in on a man who may be the key to revealing the secrets behind all the returning criminals. Meanwhile, Hauser makes a discovery beneath the halls of Alcatraz that brings him ever closer to the truth.</Overview>
  <ProductionCode>2J6062</ProductionCode>
  <Rating>7.6</Rating>
  <RatingCount>116</RatingCount>
  <SeasonNumber>1</SeasonNumber>
  <Writer>Leigh Dana Jackson|Coleman Herbert</Writer>
  <absolute_number>12</absolute_number>
  <filename>episodes/248646/4253440.jpg</filename>
  <lastupdated>1354205846</lastupdated>
  <seasonid>465765</seasonid>
  <seriesid>248646</seriesid>
</Episode>
<Episode>
  <id>4253441</id>
  <Combined_episodenumber>13.0</Combined_episodenumber>
  <Combined_season>1</Combined_season>
  <DVD_chapter></DVD_chapter>
  <DVD_discid></DVD_discid>
  <DVD_episodenumber>13.0</DVD_episodenumber>
  <DVD_season>1</DVD_season>
  <Director>Aaron Lipstadt</Director>
  <EpImgFlag>2</EpImgFlag>
  <EpisodeName>Tommy Madsen</EpisodeName>
  <EpisodeNumber>13</EpisodeNumber>
  <FirstAired>2012-03-26</FirstAired>
  <GuestStars>Robbie Amell|Matt Craven|David Hoflin|Leon Rippy|Emily Holmes|Eric Keenleyside</GuestStars>
  <IMDB_ID>tt2276167</IMDB_ID>
  <Language>en</Language>
  <Overview>Revealing doors are opened and lives hang in the balance as Rebecca will stop at nothing in pursuit of the man who killed her partner.</Overview>
  <ProductionCode>2J6063</ProductionCode>
  <Rating>7.8</Rating>
  <RatingCount>109</RatingCount>
  <SeasonNumber>1</SeasonNumber>
  <Writer>Jennifer Johnson|Daniel Pyne</Writer>
  <absolute_number>13</absolute_number>
  <filename>episodes/248646/4253441.jpg</filename>
  <lastupdated>1354205827</lastupdated>
  <seasonid>465765</seasonid>
  <seriesid>248646</seriesid>
</Episode>
</Data>