<?xml version="1.0" encoding="UTF-8" ?>
<Banners>
<Banner>
  <id>256011</id>
  <BannerPath>fanart/original/78845-3.jpg</BannerPath>
  <BannerType>fanart</BannerType>
  <BannerType2>1280x720</BannerType2>
  <Colors></Colors>
  <Language>en</Language>
  <Rating>9.5000</Rating>
  <RatingCount>2</RatingCount>
  <SeriesName>false</SeriesName>
  <ThumbnailPath>_cache/fanart/original/78845-3.jpg</ThumbnailPath>
  <VignettePath>fanart/vignette/78845-3.jpg</VignettePath>
</Banner>
<Banner>
  <id>409871</id>
  <BannerPath>fanart/original/78845-1.jpg</BannerPath>
  <BannerType>fanart</BannerType>
  <BannerType2>1280x720</BannerType2>
  <Colors></Colors>
  <Language>en</Language>
  <Rating>9.0000</Rating>
  <RatingCount>1</RatingCount>
  <SeriesName>false</SeriesName>
  <ThumbnailPath>_cache/fanart/original/78845-1.jpg</ThumbnailPath>
  <VignettePath>fanart/vignette/78845-1.jpg</VignettePath>
</Banner>
<Banner>
  <id>409911</id>
  <BannerPath>fanart/original/78845-6.jpg</BannerPath>
  <BannerType>fanart</BannerType>
  <BannerType2>1280x720</BannerType2>
  <Colors></Colors>
  <Language>en</Language>
  <Rating>9.0000</Rating>
  <RatingCount>1</RatingCount>
  <SeriesName>false</SeriesName>
  <ThumbnailPath>_cache/fanart/original/78845-6.jpg</ThumbnailPath>
  <VignettePath>fanart/vignette/78845-6.jpg</VignettePath>
</Banner>
<Banner>
  <id>409881</id>
  <BannerPath>fanart/original/78845-4.jpg</BannerPath>
  <BannerType>fanart</BannerType>
  <BannerType2>1280x720</BannerType2>
  <Colors></Colors>
  <Language>en</Language>
  <Rating>7.0000</Rating>
  <RatingCount>1</RatingCount>
  <SeriesName>false</SeriesName>
  <ThumbnailPath>_cache/fanart/original/78845-4.jpg</ThumbnailPath>
  <VignettePath>fanart/vignette/78845-4.jpg</VignettePath>
</Banner>
<Banner>
  <id>409961</id>
  <BannerPath>fanart/original/78845-10.jpg</BannerPath>
  <BannerType>fanart</BannerType>
  <BannerType2>1280x720</BannerType2>
  <Colors></Colors>
  <Language>en</Language>
  <Rating>7.0000</Rating>
  <RatingCount>1</RatingCount>
  <SeriesName>false</SeriesName>
  <ThumbnailPath>_cache/fanart/original/78845-10.jpg</ThumbnailPath>
  <VignettePath>fanart/vignette/78845-10.jpg</VignettePath>
</Banner>
<Banner>
  <id>409891</id>
  <BannerPath>fanart/original/78845-5.jpg</BannerPath>
  <BannerType>fanart</BannerType>
  <BannerType2>1280x720</BannerType2>
  <Colors></Colors>
  <Language>en</Language>
  <Rating>7.0000</Rating>
  <RatingCount>1</RatingCount>
  <SeriesName>false</SeriesName>
  <ThumbnailPath>_cache/fanart/original/78845-5.jpg</ThumbnailPath>
  <VignettePath>fanart/vignette/78845-5.jpg</VignettePath>
</Banner>
<Banner>
  <id>409921</id>
  <BannerPath>fanart/original/78845-7.jpg</BannerPath>
  <BannerType>fanart</BannerType>
  <BannerType2>1280x720</BannerType2>
  <Colors></Colors>
  <Language>en</Language>
  <Rating>7.0000</Rating>
  <RatingCount>1</RatingCount>
  <SeriesName>false</SeriesName>
  <ThumbnailPath>_cache/fanart/original/78845-7.jpg</ThumbnailPath>
  <VignettePath>fanart/vignette/78845-7.jpg</VignettePath>
</Banner>
<Banner>
  <id>409951</id>
  <BannerPath>fanart/original/78845-9.jpg</BannerPath>
  <BannerType>fanart</BannerType>
  <BannerType2>1280x720</BannerType2>
  <Colors></Colors>
  <Language>en</Language>
  <Rating>6.0000</Rating>
  <RatingCount>1</RatingCount>
  <SeriesName>false</SeriesName>
  <ThumbnailPath>_cache/fanart/original/78845-9.jpg</ThumbnailPath>
  <VignettePath>fanart/vignette/78845-9.jpg</VignettePath>
</Banner>
<Banner>
  <id>409931</id>
  <BannerPath>fanart/original/78845-8.jpg</BannerPath>
  <BannerType>fanart</BannerType>
  <BannerType2>1280x720</BannerType2>
  <Colors></Colors>
  <Language>en</Language>
  <Rating>6.0000</Rating>
  <RatingCount>1</RatingCount>
  <SeriesName>false</SeriesName>
  <ThumbnailPath>_cache/fanart/original/78845-8.jpg</ThumbnailPath>
  <VignettePath>fanart/vignette/78845-8.jpg</VignettePath>
</Banner>
<Banner>
  <id>33218</id>
  <BannerPath>fanart/original/78845-2.jpg</BannerPath>
  <BannerType>fanart</BannerType>
  <BannerType2>1280x720</BannerType2>
  <Colors></Colors>
  <Language>en</Language>
  <Rating>4.7500</Rating>
  <RatingCount>4</RatingCount>
  <SeriesName>false</SeriesName>
  <ThumbnailPath>_cache/fanart/original/78845-2.jpg</ThumbnailPath>
  <VignettePath>fanart/vignette/78845-2.jpg</VignettePath>
</Banner>
<Banner>
  <id>28874</id>
  <BannerPath>posters/78845-1.jpg</BannerPath>
  <BannerType>poster</BannerType>
  <BannerType2>680x1000</BannerType2>
  <Language>en</Language>
  <Rating></Rating>
  <RatingCount>0</RatingCount>
</Banner>
<Banner>
  <id>908732</id>
  <BannerPath>seasons/78845-1.jpg</BannerPath>
  <BannerType>season</BannerType>
  <BannerType2>season</BannerType2>
  <Language>en</Language>
  <Rating>10.0000</Rating>
  <RatingCount>1</RatingCount>
  <Season>1</Season>
</Banner>
<Banner>
  <id>908733</id>
  <BannerPath>seasons/78845-0.jpg</BannerPath>
  <BannerType>season</BannerType>
  <BannerType2>season</BannerType2>
  <Language>en</Language>
  <Rating></Rating>
  <RatingCount>0</RatingCount>
  <Season>0</Season>
</Banner>
<Banner>
  <id>7075</id>
  <BannerPath>seasons/18158-1.jpg</BannerPath>
  <BannerType>season</BannerType>
  <BannerType2>season</BannerType2>
  <Language>en</Language>
  <Rating></Rating>
  <RatingCount>0</RatingCount>
  <Season>1</Season>
</Banner>
<Banner>
  <id>908735</id>
  <BannerPath>graphical/78845-g2.jpg</BannerPath>
  <BannerType>series</BannerType>
  <BannerType2>graphical</BannerType2>
  <Language>en</Language>
  <Rating>10.0000</Rating>
  <RatingCount>2</RatingCount>
</Banner>
<Banner>
  <id>31372</id>
  <BannerPath>graphical/78845-g.jpg</BannerPath>
  <BannerType>series</BannerType>
  <BannerType2>graphical</BannerType2>
  <Language>en</Language>
  <Rating>8.0000</Rating>
  <RatingCount>3</RatingCount>
</Banner>
<Banner>
  <id>13436</id>
  <BannerPath>blank/78845.jpg</BannerPath>
  <BannerType>series</BannerType>
  <BannerType2>blank</BannerType2>
  <Language>en</Language>
  <Rating></Rating>
  <RatingCount>0</RatingCount>
</Banner>
<Banner>
  <id>5702</id>
  <BannerPath>graphical/18158-g.jpg</BannerPath>
  <BannerType>series</BannerType>
  <BannerType2>graphical</BannerType2>
  <Language>en</Language>
  <Rating></Rating>
  <RatingCount>0</RatingCount>
</Banner>
</Banners>