<?xml version="1.0" encoding="UTF-8" ?>
<Data><Series>
  <id>78845</id>
  <Actors>|Caroline Dhavernas|Tracie Thoms|Tyron Leitso|Diana Scarwid|Lee Pace|Katie Finneran|William Sadler|</Actors>
  <Airs_DayOfWeek></Airs_DayOfWeek>
  <Airs_Time></Airs_Time>
  <ContentRating>TV-14</ContentRating>
  <FirstAired>2004-03-12</FirstAired>
  <Genre>|Comedy|Drama|</Genre>
  <IMDB_ID>tt0361256</IMDB_ID>
  <Language>en</Language>
  <Network>FOX</Network>
  <NetworkID></NetworkID>
  <Overview>Set against the backdrop of Niagara Falls, Wonderfalls is a quirky one-hour family dramedy about an underachieving twenty-something souvenir shop worker named Jaye Tyler. Her life is forever changed when inanimate figures  including toys, cartoons and anything in the form of an animal, begin to talk to her. In each episode, the creatures' cryptic messages set into motion a chain of unpredictable events that invariably lead Jaye into the lives of others in need. Throughout the series' bizarre situations and madcap adventures, Jaye seeks advice from her best buddy Mahandra and befriends Eric, a local bartender who tries to help answer her unrequited questions. Is the universe conspiring against her? Is this real or just her imagination? Should she struggle with fate or surrender to destiny? Whatever the outcome one thing is for certain - Jaye will discover that the world around her is a magical place and that the seemingly random event.</Overview>
  <Rating>8.8</Rating>
  <RatingCount>21</RatingCount>
  <Runtime>40</Runtime>
  <SeriesID>18158</SeriesID>
  <SeriesName>Wonderfalls</SeriesName>
  <Status>Ended</Status>
  <added></added>
  <addedBy></addedBy>
  <banner>graphical/78845-g2.jpg</banner>
  <fanart>fanart/original/78845-3.jpg</fanart>
  <lastupdated>1363382458</lastupdated>
  <poster>posters/78845-1.jpg</poster>
  <zap2it_id>SH398546</zap2it_id>
</Series>
<Episode>
  <id>4143724</id>
  <Combined_episodenumber>1</Combined_episodenumber>
  <Combined_season>0</Combined_season>
  <DVD_chapter></DVD_chapter>
  <DVD_discid></DVD_discid>
  <DVD_episodenumber></DVD_episodenumber>
  <DVD_season></DVD_season>
  <Director></Director>
  <EpImgFlag></EpImgFlag>
  <EpisodeName>Pilot</EpisodeName>
  <EpisodeNumber>1</EpisodeNumber>
  <FirstAired></FirstAired>
  <GuestStars></GuestStars>
  <IMDB_ID></IMDB_ID>
  <Language>en</Language>
  <Overview></Overview>
  <ProductionCode></ProductionCode>
  <Rating></Rating>
  <RatingCount>0</RatingCount>
  <SeasonNumber>0</SeasonNumber>
  <Writer></Writer>
  <absolute_number></absolute_number>
  <airsafter_season></airsafter_season>
  <airsbefore_episode>1</airsbefore_episode>
  <airsbefore_season>1</airsbefore_season>
  <filename></filename>
  <lastupdated>1312289040</lastupdated>
  <seasonid>26299</seasonid>
  <seriesid>78845</seriesid>
</Episode>
<Episode>
  <id>1938291</id>
  <Combined_episodenumber>1.0</Combined_episodenumber>
  <Combined_season>0</Combined_season>
  <DVD_chapter></DVD_chapter>
  <DVD_discid></DVD_discid>
  <DVD_episodenumber>1.0</DVD_episodenumber>
  <DVD_season></DVD_season>
  <Director></Director>
  <EpImgFlag></EpImgFlag>
  <EpisodeName>Greetings From Wonderfalls</EpisodeName>
  <EpisodeNumber>2</EpisodeNumber>
  <FirstAired></FirstAired>
  <GuestStars></GuestStars>
  <IMDB_ID></IMDB_ID>
  <Language>en</Language>
  <Overview></Overview>
  <ProductionCode></ProductionCode>
  <Rating></Rating>
  <RatingCount>0</RatingCount>
  <SeasonNumber>0</SeasonNumber>
  <Writer></Writer>
  <absolute_number></absolute_number>
  <airsafter_season>1</airsafter_season>
  <airsbefore_episode></airsbefore_episode>
  <airsbefore_season></airsbefore_season>
  <filename></filename>
  <lastupdated>1276306061</lastupdated>
  <seasonid>26299</seasonid>
  <seriesid>78845</seriesid>
</Episode>
<Episode>
  <id>1938301</id>
  <Combined_episodenumber>2.0</Combined_episodenumber>
  <Combined_season>0</Combined_season>
  <DVD_chapter></DVD_chapter>
  <DVD_discid></DVD_discid>
  <DVD_episodenumber>2.0</DVD_episodenumber>
  <DVD_season></DVD_season>
  <Director></Director>
  <EpImgFlag></EpImgFlag>
  <EpisodeName>Visual Effects Featurette</EpisodeName>
  <EpisodeNumber>3</EpisodeNumber>
  <FirstAired></FirstAired>
  <GuestStars></GuestStars>
  <IMDB_ID></IMDB_ID>
  <Language>en</Language>
  <Overview></Overview>
  <ProductionCode></ProductionCode>
  <Rating></Rating>
  <RatingCount>0</RatingCount>
  <SeasonNumber>0</SeasonNumber>
  <Writer></Writer>
  <absolute_number></absolute_number>
  <airsafter_season>1</airsafter_season>
  <airsbefore_episode></airsbefore_episode>
  <airsbefore_season></airsbefore_season>
  <filename></filename>
  <lastupdated>1273066391</lastupdated>
  <seasonid>26299</seasonid>
  <seriesid>78845</seriesid>
</Episode>
<Episode>
  <id>2164021</id>
  <Combined_episodenumber>3.0</Combined_episodenumber>
  <Combined_season>0</Combined_season>
  <DVD_chapter></DVD_chapter>
  <DVD_discid></DVD_discid>
  <DVD_episodenumber>3.0</DVD_episodenumber>
  <DVD_season></DVD_season>
  <Director></Director>
  <EpImgFlag></EpImgFlag>
  <EpisodeName>I Wonder Why The Wonderfalls</EpisodeName>
  <EpisodeNumber>4</EpisodeNumber>
  <FirstAired></FirstAired>
  <GuestStars></GuestStars>
  <IMDB_ID></IMDB_ID>
  <Language>en</Language>
  <Overview>Music video for the song I wonder Why The Wonderfalls by Andy Partridge</Overview>
  <ProductionCode></ProductionCode>
  <Rating></Rating>
  <RatingCount>0</RatingCount>
  <SeasonNumber>0</SeasonNumber>
  <Writer></Writer>
  <absolute_number></absolute_number>
  <airsafter_season>1</airsafter_season>
  <airsbefore_episode></airsbefore_episode>
  <airsbefore_season></airsbefore_season>
  <filename></filename>
  <lastupdated>1273066407</lastupdated>
  <seasonid>26299</seasonid>
  <seriesid>78845</seriesid>
</Episode>
<Episode>
  <id>296337</id>
  <Combined_episodenumber>1.0</Combined_episodenumber>
  <Combined_season>1</Combined_season>
  <DVD_chapter></DVD_chapter>
  <DVD_discid></DVD_discid>
  <DVD_episodenumber>1.0</DVD_episodenumber>
  <DVD_season>1</DVD_season>
  <Director>|Todd Holland|Bryan Fuller|Todd Holland|</Director>
  <EpImgFlag></EpImgFlag>
  <EpisodeName>Wax Lion</EpisodeName>
  <EpisodeNumber>1</EpisodeNumber>
  <FirstAired>2004-03-12</FirstAired>
  <GuestStars>|Scotch Ellis Loring|Gerry Fiorini|Kim Roberts|Corry Karpf|Curt Wu|Bailey Stocker|Lisa Marcos|Jorge Molina|Morgan Drmaj|Chantal Purdy|Kari Matchett|Neil Grayston|Anna Starnino|Melissa Grelo|Brandon Oakes|Scotch Ellis Loring|Ted Dykstra|Kathryn Greenwood|G</GuestStars>
  <IMDB_ID></IMDB_ID>
  <Language>en</Language>
  <Overview>When Jaye Tyler is convinced by a waxed lion to chase after a shinny quarter, she finds herself returning a lost purse to a lady (who instead of thanking her, is punched in the face), meeting an attractive and sweet bartender names Eric, introducing her sister, Sharon to the EPS newly divorced bachelor, Thomas, she knows, and later discovering her sister, Sharon's sexuality.</Overview>
  <ProductionCode>1AHM79</ProductionCode>
  <Rating>8.2</Rating>
  <RatingCount>6</RatingCount>
  <SeasonNumber>1</SeasonNumber>
  <Writer>|Todd Holland|Bryan Fuller|</Writer>
  <absolute_number></absolute_number>
  <filename>episodes/78845/296337.jpg</filename>
  <lastupdated>1345467495</lastupdated>
  <seasonid>15749</seasonid>
  <seriesid>78845</seriesid>
</Episode>
<Episode>
  <id>296338</id>
  <Combined_episodenumber>3.0</Combined_episodenumber>
  <Combined_season>1</Combined_season>
  <DVD_chapter></DVD_chapter>
  <DVD_discid></DVD_discid>
  <DVD_episodenumber>3.0</DVD_episodenumber>
  <DVD_season>1</DVD_season>
  <Director>|Marita Grabiak|</Director>
  <EpImgFlag></EpImgFlag>
  <EpisodeName>Karma Chameleon</EpisodeName>
  <EpisodeNumber>2</EpisodeNumber>
  <FirstAired>2004-03-19</FirstAired>
  <GuestStars>|Tim Minear|Kathryn Haggis|Sarah Drew|Neil Grayston|Karim Morgan|Scotch Ellis Loring|Jeffrey R. Smith|Tim Minear|</GuestStars>
  <IMDB_ID></IMDB_ID>
  <Language>en</Language>
  <Overview>While working another shift, Jaye is approached by a young girl who, after an introduction, tells her that she stole her wallet. As she gives it back to her, Jaye notices that she has a stuttering problem and a stuffed chameleon tells her to &quot;&quot;get her words out&quot;&quot;. This eventually leads to the girl - nicknamed Binky- getting a job at Wonderfalls, with Jaye as her mentor. Unfortunately, Binky starts to take the mentor idea too seriously and seemingly takes Jaye's identity: Her job, her friends, her family, her looks, and her personality. With the animals still telling her to &quot;&quot;get her words out&quot;&quot;, Jaye decides to take matters into her own hands.</Overview>
  <ProductionCode>1AHM10</ProductionCode>
  <Rating>7.4</Rating>
  <RatingCount>5</RatingCount>
  <SeasonNumber>1</SeasonNumber>
  <Writer>|Tim Minear|</Writer>
  <absolute_number></absolute_number>
  <filename>episodes/78845/296338.jpg</filename>
  <lastupdated>1345467502</lastupdated>
  <seasonid>15749</seasonid>
  <seriesid>78845</seriesid>
</Episode>
<Episode>
  <id>296339</id>
  <Combined_episodenumber>4.0</Combined_episodenumber>
  <Combined_season>1</Combined_season>
  <DVD_chapter></DVD_chapter>
  <DVD_discid></DVD_discid>
  <DVD_episodenumber>4.0</DVD_episodenumber>
  <DVD_season>1</DVD_season>
  <Director>|Todd Holland|</Director>
  <EpImgFlag></EpImgFlag>
  <EpisodeName>Wound-Up Penguin</EpisodeName>
  <EpisodeNumber>3</EpisodeNumber>
  <FirstAired>2004-03-26</FirstAired>
  <GuestStars>|Carrie Preston|Aidan Devine|Sean Sullivan|Boyd Banks|Richard Quesnel|Michael Cronin|Stefanie Samuels|Karen Ivany|Isabella Lobo|Bryan Hatt|Scotch Ellis Loring|Ted Dykstra|Jeffrey R. Smith|</GuestStars>
  <IMDB_ID></IMDB_ID>
  <Language>en</Language>
  <Overview>Jaye and Eric find a woman in the Barrel, who they discover is a nun that is trying to leave her abbey. A priest comes looking for her to try to convince her to come back, but isn't very successful in doing so. Jaye naturally gets wrapped up in it, and taking instructions from the animals, eventually helps the two.</Overview>
  <ProductionCode>1AHM13</ProductionCode>
  <Rating>7.3</Rating>
  <RatingCount>3</RatingCount>
  <SeasonNumber>1</SeasonNumber>
  <Writer>|Liz W. Garcia|</Writer>
  <absolute_number></absolute_number>
  <filename>episodes/78845/296339.jpg</filename>
  <lastupdated>1345467514</lastupdated>
  <seasonid>15749</seasonid>
  <seriesid>78845</seriesid>
</Episode>
<Episode>
  <id>296340</id>
  <Combined_episodenumber>2.0</Combined_episodenumber>
  <Combined_season>1</Combined_season>
  <DVD_chapter></DVD_chapter>
  <DVD_discid></DVD_discid>
  <DVD_episodenumber>2.0</DVD_episodenumber>
  <DVD_season>1</DVD_season>
  <Director>|Todd Holland|</Director>
  <EpImgFlag></EpImgFlag>
  <EpisodeName>Pink Flamingos</EpisodeName>
  <EpisodeNumber>4</EpisodeNumber>
  <FirstAired>2004-04-01</FirstAired>
  <GuestStars>|Kari Matchett|Chelan Simmons|Neil Grayston|Noah Klar|Michael Buie|Marcia Johnson|Zoe Mugford|Sarah Armenia|Gerry Fiorini|Mark Andrada|Sandra Caldwell|Jeffrey R. Smith|</GuestStars>
  <IMDB_ID></IMDB_ID>
  <Language>en</Language>
  <Overview>Jaye's father ends up in the hospital after she helps him collect garbage; the muses instruct Jaye to help an old high-school nemesis.</Overview>
  <ProductionCode>1AHM01</ProductionCode>
  <Rating>7.0</Rating>
  <RatingCount>2</RatingCount>
  <SeasonNumber>1</SeasonNumber>
  <Writer>|Aaron Harberts|Gretchen J. Berg|</Writer>
  <absolute_number></absolute_number>
  <filename>episodes/78845/296340.jpg</filename>
  <lastupdated>1345467523</lastupdated>
  <seasonid>15749</seasonid>
  <seriesid>78845</seriesid>
</Episode>
<Episode>
  <id>296341</id>
  <Combined_episodenumber>5.0</Combined_episodenumber>
  <Combined_season>1</Combined_season>
  <DVD_chapter></DVD_chapter>
  <DVD_discid></DVD_discid>
  <DVD_episodenumber>5.0</DVD_episodenumber>
  <DVD_season>1</DVD_season>
  <Director>|Allan Kroeker|</Director>
  <EpImgFlag></EpImgFlag>
  <EpisodeName>Crime Dog</EpisodeName>
  <EpisodeNumber>5</EpisodeNumber>
  <FirstAired>2004-07-23</FirstAired>
  <GuestStars>|Audrey Wasilewski|Bill Lake|Kimberly Scott|</GuestStars>
  <IMDB_ID></IMDB_ID>
  <Language>en</Language>
  <Overview>When Jaye's brother sees her talking to inanimate objects, he begins to question her state of mind; the animals help Jaye reunite her family with the housekeeper.</Overview>
  <ProductionCode>1AHM02</ProductionCode>
  <Rating>6.6</Rating>
  <RatingCount>5</RatingCount>
  <SeasonNumber>1</SeasonNumber>
  <Writer>|Krista Vernoff|</Writer>
  <absolute_number></absolute_number>
  <filename>episodes/78845/296341.jpg</filename>
  <lastupdated>1345467530</lastupdated>
  <seasonid>15749</seasonid>
  <seriesid>78845</seriesid>
</Episode>
<Episode>
  <id>296342</id>
  <Combined_episodenumber>7.0</Combined_episodenumber>
  <Combined_season>1</Combined_season>
  <DVD_chapter></DVD_chapter>
  <DVD_discid></DVD_discid>
  <DVD_episodenumber>7.0</DVD_episodenumber>
  <DVD_season>1</DVD_season>
  <Director>|Jamie Babbit|</Director>
  <EpImgFlag></EpImgFlag>
  <EpisodeName>Barrel Bear</EpisodeName>
  <EpisodeNumber>6</EpisodeNumber>
  <FirstAired>2004-10-27</FirstAired>
  <GuestStars>|Louise Fletcher|Rue McClanahan|</GuestStars>
  <IMDB_ID></IMDB_ID>
  <Language>en</Language>
  <Overview>An old celebrity Millie Markus drops into town to reminisce about being the first woman to ride in a barrel over the falls and survive. Only, she wasn't. Vivian, the real one who went over the falls, calls her bluff.</Overview>
  <ProductionCode>1AMH03</ProductionCode>
  <Rating>6.0</Rating>
  <RatingCount>2</RatingCount>
  <SeasonNumber>1</SeasonNumber>
  <Writer>|Tim Minear|Bryan Fuller|</Writer>
  <absolute_number></absolute_number>
  <filename>episodes/78845/296342.jpg</filename>
  <lastupdated>1345467538</lastupdated>
  <seasonid>15749</seasonid>
  <seriesid>78845</seriesid>
</Episode>
<Episode>
  <id>296343</id>
  <Combined_episodenumber>6.0</Combined_episodenumber>
  <Combined_season>1</Combined_season>
  <DVD_chapter></DVD_chapter>
  <DVD_discid></DVD_discid>
  <DVD_episodenumber>6.0</DVD_episodenumber>
  <DVD_season>1</DVD_season>
  <Director>|Craig Zisk|</Director>
  <EpImgFlag></EpImgFlag>
  <EpisodeName>Muffin Buffalo</EpisodeName>
  <EpisodeNumber>7</EpisodeNumber>
  <FirstAired>2004-07-23</FirstAired>
  <GuestStars>|Eddie Kaye Thomas|Scotch Ellis Loring|Beth Grant|</GuestStars>
  <IMDB_ID></IMDB_ID>
  <Language>en</Language>
  <Overview>Jaye performs an unethical act, proposed by the animals, that ultimately improves the lives of her neighbors.</Overview>
  <ProductionCode>1AHM05</ProductionCode>
  <Rating>8.0</Rating>
  <RatingCount>2</RatingCount>
  <SeasonNumber>1</SeasonNumber>
  <Writer>|Gretchen J. Berg|Aaron Harberts|</Writer>
  <absolute_number></absolute_number>
  <filename>episodes/78845/296343.jpg</filename>
  <lastupdated>1345467545</lastupdated>
  <seasonid>15749</seasonid>
  <seriesid>78845</seriesid>
</Episode>
<Episode>
  <id>296344</id>
  <Combined_episodenumber>8.0</Combined_episodenumber>
  <Combined_season>1</Combined_season>
  <DVD_chapter></DVD_chapter>
  <DVD_discid></DVD_discid>
  <DVD_episodenumber>8.0</DVD_episodenumber>
  <DVD_season>1</DVD_season>
  <Director>|Craig Zisk|</Director>
  <EpImgFlag></EpImgFlag>
  <EpisodeName>Lovesick Ass</EpisodeName>
  <EpisodeNumber>8</EpisodeNumber>
  <FirstAired>2004-11-03</FirstAired>
  <GuestStars>|Spencer Breslin|</GuestStars>
  <IMDB_ID></IMDB_ID>
  <Language>en</Language>
  <Overview>As Jaye and Eric verbally spar over their relationship, or more precisely, lack of one, they encounter and help a Russian mail order bride, Katya, and Peter the 12 year old that ordered her.</Overview>
  <ProductionCode>1AHM04</ProductionCode>
  <Rating>7.5</Rating>
  <RatingCount>2</RatingCount>
  <SeasonNumber>1</SeasonNumber>
  <Writer>|Gretchen J. Berg|Aaron Harberts|</Writer>
  <absolute_number></absolute_number>
  <filename>episodes/78845/296344.jpg</filename>
  <lastupdated>1345467554</lastupdated>
  <seasonid>15749</seasonid>
  <seriesid>78845</seriesid>
</Episode>
<Episode>
  <id>296345</id>
  <Combined_episodenumber>9.0</Combined_episodenumber>
  <Combined_season>1</Combined_season>
  <DVD_chapter></DVD_chapter>
  <DVD_discid></DVD_discid>
  <DVD_episodenumber>9.0</DVD_episodenumber>
  <DVD_season>1</DVD_season>
  <Director>|Peter Lauer|</Director>
  <EpImgFlag></EpImgFlag>
  <EpisodeName>Safety Canary</EpisodeName>
  <EpisodeNumber>9</EpisodeNumber>
  <FirstAired>2004-11-17</FirstAired>
  <GuestStars>|Kellie Waymire|Jewel Staite|Dov Tiefenbach|</GuestStars>
  <IMDB_ID></IMDB_ID>
  <Language>en</Language>
  <Overview>Jaye and Eric, now officially dating delve a little deeper into thier relationships. But Jaye, under the influence of the talking things that don't talk, snaps a photo of 2 birds which sets in motion a bird napping, a brother and best friend challenging, Jaye questioning her relationship with Eric and a zoologist and janitor's relationship.</Overview>
  <ProductionCode>1AHM06</ProductionCode>
  <Rating>7.5</Rating>
  <RatingCount>2</RatingCount>
  <SeasonNumber>1</SeasonNumber>
  <Writer>|Alexander Woo|Liz W. Garcia|</Writer>
  <absolute_number></absolute_number>
  <filename>episodes/78845/296345.jpg</filename>
  <lastupdated>1345467561</lastupdated>
  <seasonid>15749</seasonid>
  <seriesid>78845</seriesid>
</Episode>
<Episode>
  <id>296346</id>
  <Combined_episodenumber>10.0</Combined_episodenumber>
  <Combined_season>1</Combined_season>
  <DVD_chapter></DVD_chapter>
  <DVD_discid></DVD_discid>
  <DVD_episodenumber>10.0</DVD_episodenumber>
  <DVD_season>1</DVD_season>
  <Director>|Peter O'Fallon|</Director>
  <EpImgFlag></EpImgFlag>
  <EpisodeName>Lying Pig</EpisodeName>
  <EpisodeNumber>10</EpisodeNumber>
  <FirstAired>2004-11-25</FirstAired>
  <GuestStars>|Mark Aiken|Jewel Staite|</GuestStars>
  <IMDB_ID></IMDB_ID>
  <Language>en</Language>
  <Overview>Heidi, Eric's wife, shows up and wreaks havok on he and Jaye's relationship. Meanwhile, fed up with the things that don't talk, Jaye convinces her brother to take all the talking animals from her. Jaye's mom goes out on a date and everything comes to a head.</Overview>
  <ProductionCode>1AHM07</ProductionCode>
  <Rating>7.5</Rating>
  <RatingCount>2</RatingCount>
  <SeasonNumber>1</SeasonNumber>
  <Writer>|Krista Vernhoff|Abby Gewanter|</Writer>
  <absolute_number></absolute_number>
  <filename>episodes/78845/296346.jpg</filename>
  <lastupdated>1345467568</lastupdated>
  <seasonid>15749</seasonid>
  <seriesid>78845</seriesid>
</Episode>
<Episode>
  <id>296347</id>
  <Combined_episodenumber>11.0</Combined_episodenumber>
  <Combined_season>1</Combined_season>
  <DVD_chapter></DVD_chapter>
  <DVD_discid></DVD_discid>
  <DVD_episodenumber>11.0</DVD_episodenumber>
  <DVD_season>1</DVD_season>
  <Director></Director>
  <EpImgFlag>2</EpImgFlag>
  <EpisodeName>Cocktail Bunny</EpisodeName>
  <EpisodeNumber>11</EpisodeNumber>
  <FirstAired>2004-07-25</FirstAired>
  <GuestStars>|Jewel Staite|</GuestStars>
  <IMDB_ID></IMDB_ID>
  <Language>en</Language>
  <Overview>As Eric and Heidi's marrage tries to get back on track. Jaye spirals wildly out of control as the muses convince her that she must &quot;&quot;Save Him From Her&quot;&quot;, save him from the fact that some is going to murder him. To deal with things, she visits the family's therapist.</Overview>
  <ProductionCode>1AHM08</ProductionCode>
  <Rating>8.5</Rating>
  <RatingCount>2</RatingCount>
  <SeasonNumber>1</SeasonNumber>
  <Writer></Writer>
  <absolute_number></absolute_number>
  <filename>episodes/78845/296347.jpg</filename>
  <lastupdated>1345467576</lastupdated>
  <seasonid>15749</seasonid>
  <seriesid>78845</seriesid>
</Episode>
<Episode>
  <id>296348</id>
  <Combined_episodenumber>12.0</Combined_episodenumber>
  <Combined_season>1</Combined_season>
  <DVD_chapter></DVD_chapter>
  <DVD_discid></DVD_discid>
  <DVD_episodenumber>12.0</DVD_episodenumber>
  <DVD_season>1</DVD_season>
  <Director></Director>
  <EpImgFlag>2</EpImgFlag>
  <EpisodeName>Totem Mole</EpisodeName>
  <EpisodeNumber>12</EpisodeNumber>
  <FirstAired>2004-12-12</FirstAired>
  <GuestStars></GuestStars>
  <IMDB_ID></IMDB_ID>
  <Language>en</Language>
  <Overview>Jaye, Sharon and Mahandra visit a nearby Indian reservation, where the spirit of a dead grandmother send all three on a new path towards easing Jaye's burden. Aaron and Jaye continue on this path and hilarity ensues.</Overview>
  <ProductionCode>1AHM09</ProductionCode>
  <Rating>6.5</Rating>
  <RatingCount>2</RatingCount>
  <SeasonNumber>1</SeasonNumber>
  <Writer>|Dan E. Fessman|Harry Victor|</Writer>
  <absolute_number></absolute_number>
  <filename>episodes/78845/296348.jpg</filename>
  <lastupdated>1345467583</lastupdated>
  <seasonid>15749</seasonid>
  <seriesid>78845</seriesid>
</Episode>
<Episode>
  <id>296349</id>
  <Combined_episodenumber>13.0</Combined_episodenumber>
  <Combined_season>1</Combined_season>
  <DVD_chapter></DVD_chapter>
  <DVD_discid></DVD_discid>
  <DVD_episodenumber>13.0</DVD_episodenumber>
  <DVD_season>1</DVD_season>
  <Director></Director>
  <EpImgFlag>2</EpImgFlag>
  <EpisodeName>Caged Bird</EpisodeName>
  <EpisodeNumber>13</EpisodeNumber>
  <FirstAired>2004-12-15</FirstAired>
  <GuestStars></GuestStars>
  <IMDB_ID></IMDB_ID>
  <Language>en</Language>
  <Overview>Jaye, Sharon, mouth-breather and the local security guard get held hostage at Wonderfalls. In the meantime, everyone evaluates their relationships as Jaye's parents start to prep for their anniversary.</Overview>
  <ProductionCode>1AHM11</ProductionCode>
  <Rating>7.5</Rating>
  <RatingCount>2</RatingCount>
  <SeasonNumber>1</SeasonNumber>
  <Writer>|Krista Vernoff|</Writer>
  <absolute_number></absolute_number>
  <filename>episodes/78845/296349.jpg</filename>
  <lastupdated>1345467591</lastupdated>
  <seasonid>15749</seasonid>
  <seriesid>78845</seriesid>
</Episode>
</Data>