<?xml version="1.0" encoding="UTF-8" ?>
<Actors>
<Actor>
  <id>12863</id>
  <Image></Image>
  <Name>Amy Danles</Name>
  <Role></Role>
  <SortOrder>3</SortOrder>
</Actor>
<Actor>
  <id>12865</id>
  <Image></Image>
  <Name>Barry Stigler</Name>
  <Role></Role>
  <SortOrder>3</SortOrder>
</Actor>
<Actor>
  <id>12859</id>
  <Image></Image>
  <Name>David Valera</Name>
  <Role></Role>
  <SortOrder>3</SortOrder>
</Actor>
<Actor>
  <id>12861</id>
  <Image></Image>
  <Name>Glynnis Talken</Name>
  <Role></Role>
  <SortOrder>3</SortOrder>
</Actor>
<Actor>
  <id>12862</id>
  <Image></Image>
  <Name>Michael Haley</Name>
  <Role></Role>
  <SortOrder>3</SortOrder>
</Actor>
<Actor>
  <id>12860</id>
  <Image></Image>
  <Name>Patty Wynne-Hughs</Name>
  <Role></Role>
  <SortOrder>3</SortOrder>
</Actor>
<Actor>
  <id>12864</id>
  <Image></Image>
  <Name>Tony Fucile</Name>
  <Role></Role>
  <SortOrder>3</SortOrder>
</Actor>
</Actors>