<?xml version="1.0" encoding="UTF-8" ?>
<Data><Series>
  <id>71839</id>
  <Actors>|Amy Danles|Barry Stigler|David Valera|Glynnis Talken|Michael Haley|Patty Wynne-Hughs|Tony Fucile|</Actors>
  <Airs_DayOfWeek></Airs_DayOfWeek>
  <Airs_Time></Airs_Time>
  <ContentRating>TV-14</ContentRating>
  <FirstAired>1995-04-01</FirstAired>
  <Genre>|Animation|</Genre>
  <IMDB_ID>tt0112065</IMDB_ID>
  <Language>en</Language>
  <Network>MTV</Network>
  <NetworkID></NetworkID>
  <Overview>Image Comics' The Maxx was adapted into an animated series as part of the MTV program Oddities. It covered Darker Image #1, The Maxx #1/2, and issues #1-11 of the regular series.
The series follows the adventures of the titular hero in the real world and in an alternate reality, referred to as The Outback. In the real world the Maxx is a vagrant while in the Outback he is the protector of the Jungle Queen.</Overview>
  <Rating>9.6</Rating>
  <RatingCount>17</RatingCount>
  <Runtime>11</Runtime>
  <SeriesID>15534</SeriesID>
  <SeriesName>The Maxx</SeriesName>
  <Status>Ended</Status>
  <added></added>
  <addedBy></addedBy>
  <banner>graphical/71839-g.jpg</banner>
  <fanart>fanart/original/71839-2.jpg</fanart>
  <lastupdated>1348722153</lastupdated>
  <poster>posters/71839-2.jpg</poster>
  <zap2it_id></zap2it_id>
</Series>
<Episode>
  <id>374356</id>
  <Combined_episodenumber>1</Combined_episodenumber>
  <Combined_season>0</Combined_season>
  <DVD_chapter></DVD_chapter>
  <DVD_discid></DVD_discid>
  <DVD_episodenumber></DVD_episodenumber>
  <DVD_season></DVD_season>
  <Director>Ilya Skorupsky, Yeol Jung Chang, Eugene Slandra, Gregg Vanzo</Director>
  <EpImgFlag>3</EpImgFlag>
  <EpisodeName>Recap</EpisodeName>
  <EpisodeNumber>1</EpisodeNumber>
  <FirstAired>1995-06-19</FirstAired>
  <GuestStars></GuestStars>
  <IMDB_ID></IMDB_ID>
  <Language>en</Language>
  <Overview>A recap of the first 10 episodes narrated by Mr. Gone.</Overview>
  <ProductionCode></ProductionCode>
  <Rating></Rating>
  <RatingCount>0</RatingCount>
  <SeasonNumber>0</SeasonNumber>
  <Writer>Sam Kieth, David Feiss, Bill Messner-Loebs</Writer>
  <absolute_number></absolute_number>
  <airsafter_season></airsafter_season>
  <airsbefore_episode>11</airsbefore_episode>
  <airsbefore_season>1</airsbefore_season>
  <filename>episodes/71839/374356.jpg</filename>
  <lastupdated>1238020351</lastupdated>
  <seasonid>19306</seasonid>
  <seriesid>71839</seriesid>
</Episode>
<Episode>
  <id>1746551</id>
  <Combined_episodenumber>2</Combined_episodenumber>
  <Combined_season>0</Combined_season>
  <DVD_chapter></DVD_chapter>
  <DVD_discid></DVD_discid>
  <DVD_episodenumber></DVD_episodenumber>
  <DVD_season></DVD_season>
  <Director></Director>
  <EpImgFlag>1</EpImgFlag>
  <EpisodeName>The Origins of MTV's The Maxx</EpisodeName>
  <EpisodeNumber>2</EpisodeNumber>
  <FirstAired>2009-12-22</FirstAired>
  <GuestStars></GuestStars>
  <IMDB_ID></IMDB_ID>
  <Language>en</Language>
  <Overview>Interview with Creator Sam Kieth &amp; Director Gregg Vanzo.</Overview>
  <ProductionCode></ProductionCode>
  <Rating></Rating>
  <RatingCount>0</RatingCount>
  <SeasonNumber>0</SeasonNumber>
  <Writer></Writer>
  <absolute_number></absolute_number>
  <airsafter_season></airsafter_season>
  <airsbefore_episode></airsbefore_episode>
  <airsbefore_season></airsbefore_season>
  <filename>episodes/71839/1746551.jpg</filename>
  <lastupdated>1277670027</lastupdated>
  <seasonid>19306</seasonid>
  <seriesid>71839</seriesid>
</Episode>
<Episode>
  <id>4161380</id>
  <Combined_episodenumber>3</Combined_episodenumber>
  <Combined_season>0</Combined_season>
  <DVD_chapter></DVD_chapter>
  <DVD_discid></DVD_discid>
  <DVD_episodenumber></DVD_episodenumber>
  <DVD_season></DVD_season>
  <Director></Director>
  <EpImgFlag></EpImgFlag>
  <EpisodeName>Interviews</EpisodeName>
  <EpisodeNumber>3</EpisodeNumber>
  <FirstAired></FirstAired>
  <GuestStars></GuestStars>
  <IMDB_ID></IMDB_ID>
  <Language>en</Language>
  <Overview></Overview>
  <ProductionCode></ProductionCode>
  <Rating></Rating>
  <RatingCount>0</RatingCount>
  <SeasonNumber>0</SeasonNumber>
  <Writer></Writer>
  <absolute_number></absolute_number>
  <airsafter_season></airsafter_season>
  <airsbefore_episode></airsbefore_episode>
  <airsbefore_season></airsbefore_season>
  <filename></filename>
  <lastupdated>1314812929</lastupdated>
  <seasonid>19306</seasonid>
  <seriesid>71839</seriesid>
</Episode>
<Episode>
  <id>62137</id>
  <Combined_episodenumber>1</Combined_episodenumber>
  <Combined_season>1</Combined_season>
  <DVD_chapter></DVD_chapter>
  <DVD_discid></DVD_discid>
  <DVD_episodenumber></DVD_episodenumber>
  <DVD_season></DVD_season>
  <Director>Ilya Skorupsky, Yeol Jung Chang, Eugene Slandra, Gregg Vanzo</Director>
  <EpImgFlag>1</EpImgFlag>
  <EpisodeName>Episode 1</EpisodeName>
  <EpisodeNumber>1</EpisodeNumber>
  <FirstAired>1995-04-08</FirstAired>
  <GuestStars></GuestStars>
  <IMDB_ID></IMDB_ID>
  <Language>en</Language>
  <Overview>We meet Maxx as he attempts to save a woman from thugs. The police arrive on the scene, and the thugs accuse Maxx of attacking them.   So Maxx is carted off to jail, the thugs go free, and the woman becomes the prey of Mr. Gone -- occultist and serial rapist/killer.  We meet Julie Winters, freelance social worker, as she bails Maxx out from jail.  As the episode progresses, elements of Maxx's fantasy world, &quot;The Outback&quot; are introduced.</Overview>
  <ProductionCode></ProductionCode>
  <Rating>8.3</Rating>
  <RatingCount>3</RatingCount>
  <SeasonNumber>1</SeasonNumber>
  <Writer>Sam Kieth, David Feiss, Bill Messner-Loebs</Writer>
  <absolute_number></absolute_number>
  <filename>episodes/71839/62137.jpg</filename>
  <lastupdated>1237937392</lastupdated>
  <seasonid>3080</seasonid>
  <seriesid>71839</seriesid>
</Episode>
<Episode>
  <id>62138</id>
  <Combined_episodenumber>2</Combined_episodenumber>
  <Combined_season>1</Combined_season>
  <DVD_chapter></DVD_chapter>
  <DVD_discid></DVD_discid>
  <DVD_episodenumber></DVD_episodenumber>
  <DVD_season></DVD_season>
  <Director>Ilya Skorupsky, Yeol Jung Chang, Eugene Slandra, Gregg Vanzo</Director>
  <EpImgFlag>1</EpImgFlag>
  <EpisodeName>Episode 2</EpisodeName>
  <EpisodeNumber>2</EpisodeNumber>
  <FirstAired>1995-04-08</FirstAired>
  <GuestStars></GuestStars>
  <IMDB_ID></IMDB_ID>
  <Language>en</Language>
  <Overview>Mr. Gone claims another victim, Glorie, at the laundromat.  Julie receives an call from Mr. Gone, placed by an Isz, one of his many servants.  Gone has set his sights on Julie.  Maxx finds the Isz making a call and follows it straight to Mr. Gone.  As usual, Maxx expresses his thoughts, and forgets that he's talking out loud again.</Overview>
  <ProductionCode></ProductionCode>
  <Rating>7.0</Rating>
  <RatingCount>2</RatingCount>
  <SeasonNumber>1</SeasonNumber>
  <Writer>Sam Kieth, David Feiss, Bill Messner-Loebs</Writer>
  <absolute_number></absolute_number>
  <filename>episodes/71839/62138.jpg</filename>
  <lastupdated>1237937416</lastupdated>
  <seasonid>3080</seasonid>
  <seriesid>71839</seriesid>
</Episode>
<Episode>
  <id>62139</id>
  <Combined_episodenumber>3</Combined_episodenumber>
  <Combined_season>1</Combined_season>
  <DVD_chapter></DVD_chapter>
  <DVD_discid></DVD_discid>
  <DVD_episodenumber></DVD_episodenumber>
  <DVD_season></DVD_season>
  <Director>Ilya Skorupsky, Yeol Jung Chang, Eugene Slandra, Gregg Vanzo</Director>
  <EpImgFlag>1</EpImgFlag>
  <EpisodeName>Episode 3</EpisodeName>
  <EpisodeNumber>3</EpisodeNumber>
  <FirstAired>1995-04-17</FirstAired>
  <GuestStars></GuestStars>
  <IMDB_ID></IMDB_ID>
  <Language>en</Language>
  <Overview>Julie is kidnapped from her apartment by a band of Isz.  Maxx and Mr. Gone battle at the Gas Station.  Thinking he's won, Mr. Gone returns home, where Julie Winters waits, tied up.  After a revealing exchange, Julie manages to free herself and attacks Gone just before he reveals a dark secret to her...</Overview>
  <ProductionCode></ProductionCode>
  <Rating>7.0</Rating>
  <RatingCount>2</RatingCount>
  <SeasonNumber>1</SeasonNumber>
  <Writer>Sam Kieth, David Feiss, Bill Messner-Loebs</Writer>
  <absolute_number></absolute_number>
  <filename>episodes/71839/62139.jpg</filename>
  <lastupdated>1237937430</lastupdated>
  <seasonid>3080</seasonid>
  <seriesid>71839</seriesid>
</Episode>
<Episode>
  <id>62140</id>
  <Combined_episodenumber>4</Combined_episodenumber>
  <Combined_season>1</Combined_season>
  <DVD_chapter></DVD_chapter>
  <DVD_discid></DVD_discid>
  <DVD_episodenumber></DVD_episodenumber>
  <DVD_season></DVD_season>
  <Director>Ilya Skorupsky, Yeol Jung Chang, Eugene Slandra, Gregg Vanzo</Director>
  <EpImgFlag>1</EpImgFlag>
  <EpisodeName>Episode 4</EpisodeName>
  <EpisodeNumber>4</EpisodeNumber>
  <FirstAired>1995-04-17</FirstAired>
  <GuestStars></GuestStars>
  <IMDB_ID></IMDB_ID>
  <Language>en</Language>
  <Overview>Maxx chases an other Isz, only this time the two worlds, the City and the Outback, collide.  The Isz leads him to another battle with Mr. Gone.  Maxx stops fighting when Gone reveals that he knows the origin and truth about Maxx.  They have a long talk. Maxx questions Gone's revelations over a roof-top pedicure with Julie.  We discover that Julie was raped and left for dead many years ago.  We begin to understand why Julie is hiding from this truth.</Overview>
  <ProductionCode></ProductionCode>
  <Rating>8.0</Rating>
  <RatingCount>1</RatingCount>
  <SeasonNumber>1</SeasonNumber>
  <Writer>Sam Kieth, David Feiss, Bill Messner-Loebs</Writer>
  <absolute_number></absolute_number>
  <filename>episodes/71839/62140.jpg</filename>
  <lastupdated>1237937443</lastupdated>
  <seasonid>3080</seasonid>
  <seriesid>71839</seriesid>
</Episode>
<Episode>
  <id>62141</id>
  <Combined_episodenumber>5</Combined_episodenumber>
  <Combined_season>1</Combined_season>
  <DVD_chapter></DVD_chapter>
  <DVD_discid></DVD_discid>
  <DVD_episodenumber></DVD_episodenumber>
  <DVD_season></DVD_season>
  <Director>Ilya Skorupsky, Yeol Jung Chang, Eugene Slandra, Gregg Vanzo</Director>
  <EpImgFlag>1</EpImgFlag>
  <EpisodeName>Episode 5</EpisodeName>
  <EpisodeNumber>5</EpisodeNumber>
  <FirstAired>1995-04-24</FirstAired>
  <GuestStars></GuestStars>
  <IMDB_ID></IMDB_ID>
  <Language>en</Language>
  <Overview>Meet Sarah and her mother, clients of Julie's who are mysteriously linked to her past.  Sarah's father, who bears a strange resemblance to Mr. Gone, shot his co-workers and then himself some time ago.  Sarah goes to talk to Julie and confesses that she's been carrying around one of her father's guns.  Sarah also tells Julie how she was humiliated at a school dance by her friend, Jimmy, betrays her in order to gain popularity.  Sarah considers shooting Jimmy for revenge...</Overview>
  <ProductionCode></ProductionCode>
  <Rating>6.5</Rating>
  <RatingCount>2</RatingCount>
  <SeasonNumber>1</SeasonNumber>
  <Writer>Sam Kieth, David Feiss, Bill Messner-Loebs</Writer>
  <absolute_number></absolute_number>
  <filename>episodes/71839/62141.jpg</filename>
  <lastupdated>1237937453</lastupdated>
  <seasonid>3080</seasonid>
  <seriesid>71839</seriesid>
</Episode>
<Episode>
  <id>62142</id>
  <Combined_episodenumber>6</Combined_episodenumber>
  <Combined_season>1</Combined_season>
  <DVD_chapter></DVD_chapter>
  <DVD_discid></DVD_discid>
  <DVD_episodenumber></DVD_episodenumber>
  <DVD_season></DVD_season>
  <Director>Ilya Skorupsky, Yeol Jung Chang, Eugene Slandra, Gregg Vanzo</Director>
  <EpImgFlag>1</EpImgFlag>
  <EpisodeName>Episode 6</EpisodeName>
  <EpisodeNumber>6</EpisodeNumber>
  <FirstAired>1995-04-24</FirstAired>
  <GuestStars></GuestStars>
  <IMDB_ID></IMDB_ID>
  <Language>en</Language>
  <Overview>Sarah meets up with Julie and Maxx.  The three of them get car-jacked by a group of Isz masquerading as punks.  Maxx prevails, but when Sarah sees one of the punks die and become an Isz, it's too much.  With gun in hand, she threatens suicide.  Maxx and Julie talk her out of it, mostly... </Overview>
  <ProductionCode></ProductionCode>
  <Rating>8.0</Rating>
  <RatingCount>1</RatingCount>
  <SeasonNumber>1</SeasonNumber>
  <Writer>Sam Kieth, David Feiss, Bill Messner-Loebs</Writer>
  <absolute_number></absolute_number>
  <filename>episodes/71839/62142.jpg</filename>
  <lastupdated>1237937469</lastupdated>
  <seasonid>3080</seasonid>
  <seriesid>71839</seriesid>
</Episode>
<Episode>
  <id>62143</id>
  <Combined_episodenumber>7</Combined_episodenumber>
  <Combined_season>1</Combined_season>
  <DVD_chapter></DVD_chapter>
  <DVD_discid></DVD_discid>
  <DVD_episodenumber></DVD_episodenumber>
  <DVD_season></DVD_season>
  <Director>Ilya Skorupsky, Yeol Jung Chang, Eugene Slandra, Gregg Vanzo</Director>
  <EpImgFlag>1</EpImgFlag>
  <EpisodeName>Episode 7</EpisodeName>
  <EpisodeNumber>7</EpisodeNumber>
  <FirstAired>1995-05-01</FirstAired>
  <GuestStars></GuestStars>
  <IMDB_ID></IMDB_ID>
  <Language>en</Language>
  <Overview>Maxx falls asleep on Julie's couch and dreams that he is is an episode of his favorite cartoon, &quot;The Crappon In a Hat.&quot;  In the dream, Maxx is chased by his fears of knowing the truth of his identity.  Also in this episode, Julie explores deep into her own &quot;Outback.&quot; </Overview>
  <ProductionCode></ProductionCode>
  <Rating>7.0</Rating>
  <RatingCount>2</RatingCount>
  <SeasonNumber>1</SeasonNumber>
  <Writer>Sam Kieth, David Feiss, Bill Messner-Loebs</Writer>
  <absolute_number></absolute_number>
  <filename>episodes/71839/62143.jpg</filename>
  <lastupdated>1237937573</lastupdated>
  <seasonid>3080</seasonid>
  <seriesid>71839</seriesid>
</Episode>
<Episode>
  <id>62144</id>
  <Combined_episodenumber>8</Combined_episodenumber>
  <Combined_season>1</Combined_season>
  <DVD_chapter></DVD_chapter>
  <DVD_discid></DVD_discid>
  <DVD_episodenumber></DVD_episodenumber>
  <DVD_season></DVD_season>
  <Director>Ilya Skorupsky, Yeol Jung Chang, Eugene Slandra, Gregg Vanzo</Director>
  <EpImgFlag>1</EpImgFlag>
  <EpisodeName>Episode 8</EpisodeName>
  <EpisodeNumber>8</EpisodeNumber>
  <FirstAired>1995-05-01</FirstAired>
  <GuestStars></GuestStars>
  <IMDB_ID></IMDB_ID>
  <Language>en</Language>
  <Overview>Mr.  Gone sends Mako, a half-shark/half-human villain after Maxx.  They have a battle across the city, while Gone speaks to us from the inside of Julie's head...  Ironically, Julie and Sarah's mother, Tilly, talk about TV violence in cartoons.  </Overview>
  <ProductionCode></ProductionCode>
  <Rating>8.0</Rating>
  <RatingCount>1</RatingCount>
  <SeasonNumber>1</SeasonNumber>
  <Writer>Sam Kieth, David Feiss, Bill Messner-Loebs</Writer>
  <absolute_number></absolute_number>
  <filename>episodes/71839/62144.jpg</filename>
  <lastupdated>1237937587</lastupdated>
  <seasonid>3080</seasonid>
  <seriesid>71839</seriesid>
</Episode>
<Episode>
  <id>62145</id>
  <Combined_episodenumber>9</Combined_episodenumber>
  <Combined_season>1</Combined_season>
  <DVD_chapter></DVD_chapter>
  <DVD_discid></DVD_discid>
  <DVD_episodenumber></DVD_episodenumber>
  <DVD_season></DVD_season>
  <Director>Ilya Skorupsky, Yeol Jung Chang, Eugene Slandra, Gregg Vanzo</Director>
  <EpImgFlag>1</EpImgFlag>
  <EpisodeName>Episode 9</EpisodeName>
  <EpisodeNumber>9</EpisodeNumber>
  <FirstAired>1995-05-08</FirstAired>
  <GuestStars></GuestStars>
  <IMDB_ID></IMDB_ID>
  <Language>en</Language>
  <Overview>Julie's in the bathroom.  Maxx finally takes Julie to the Outback.  However, the scale is different and Maxx and Julie are the biggest things there.  Sarah finds a piece of talking clay at school.  Mr. Clay wants her to take him to Julie's apartment.  Mr.  Clay promises to show Sarah her spirit animal in exchange for taking him to Julie's apartment.  Mr.  Clay's voice is strangely familiar.  Maxx continues to battle the Isz.  Mr. Gone appears in Pangaea and watches Julie discovers a fort that she had built as a child.  She also remembers her pet rabbit.  Mr. Gone attempts to halt Julie's memories, for his own safety.</Overview>
  <ProductionCode></ProductionCode>
  <Rating>8.0</Rating>
  <RatingCount>1</RatingCount>
  <SeasonNumber>1</SeasonNumber>
  <Writer>Sam Kieth, David Feiss, Bill Messner-Loebs</Writer>
  <absolute_number></absolute_number>
  <filename>episodes/71839/62145.jpg</filename>
  <lastupdated>1237937601</lastupdated>
  <seasonid>3080</seasonid>
  <seriesid>71839</seriesid>
</Episode>
<Episode>
  <id>62146</id>
  <Combined_episodenumber>10</Combined_episodenumber>
  <Combined_season>1</Combined_season>
  <DVD_chapter></DVD_chapter>
  <DVD_discid></DVD_discid>
  <DVD_episodenumber></DVD_episodenumber>
  <DVD_season></DVD_season>
  <Director>Ilya Skorupsky, Yeol Jung Chang, Eugene Slandra, Gregg Vanzo</Director>
  <EpImgFlag>1</EpImgFlag>
  <EpisodeName>Episode 10</EpisodeName>
  <EpisodeNumber>10</EpisodeNumber>
  <FirstAired>1995-05-08</FirstAired>
  <GuestStars></GuestStars>
  <IMDB_ID></IMDB_ID>
  <Language>en</Language>
  <Overview>Sarah finds her spirit animal.  Maxx tries to get to Julie, but in the process, his mask falls off, and reveals what's underneath.  Mr. Gone explains to Julie that her communication with her other selves has damaged the barriers of the two worlds.  Julie and Maxx flashback to this world and end up on top of a mailbox.  Sarah finds them, takes them back to Julie's apartment.  Once inside, they discover the truth about Mr. Clay.</Overview>
  <ProductionCode></ProductionCode>
  <Rating>8.0</Rating>
  <RatingCount>1</RatingCount>
  <SeasonNumber>1</SeasonNumber>
  <Writer>Sam Kieth, David Feiss, Bill Messner-Loebs</Writer>
  <absolute_number></absolute_number>
  <filename>episodes/71839/62146.jpg</filename>
  <lastupdated>1237937615</lastupdated>
  <seasonid>3080</seasonid>
  <seriesid>71839</seriesid>
</Episode>
<Episode>
  <id>62147</id>
  <Combined_episodenumber>11</Combined_episodenumber>
  <Combined_season>1</Combined_season>
  <DVD_chapter></DVD_chapter>
  <DVD_discid></DVD_discid>
  <DVD_episodenumber></DVD_episodenumber>
  <DVD_season></DVD_season>
  <Director></Director>
  <EpImgFlag>1</EpImgFlag>
  <EpisodeName>Episode 11</EpisodeName>
  <EpisodeNumber>11</EpisodeNumber>
  <FirstAired>1995-06-19</FirstAired>
  <GuestStars></GuestStars>
  <IMDB_ID></IMDB_ID>
  <Language>en</Language>
  <Overview>Mr. Gone uses a captured doctor to replace his head (which got recovered by an Isz from Julie's apartment).  Meanwhile, Maxx tells a bunch of kids a story relating to his origin, specifically where he got his claws.  Julie continues to question her relationship with Maxx while sitting on the toilet.  We flash to the Outback where Maxx battles many strange creatures.</Overview>
  <ProductionCode></ProductionCode>
  <Rating>8.0</Rating>
  <RatingCount>1</RatingCount>
  <SeasonNumber>1</SeasonNumber>
  <Writer></Writer>
  <absolute_number></absolute_number>
  <filename>episodes/71839/62147.jpg</filename>
  <lastupdated>1237937051</lastupdated>
  <seasonid>3080</seasonid>
  <seriesid>71839</seriesid>
</Episode>
<Episode>
  <id>62148</id>
  <Combined_episodenumber>12</Combined_episodenumber>
  <Combined_season>1</Combined_season>
  <DVD_chapter></DVD_chapter>
  <DVD_discid></DVD_discid>
  <DVD_episodenumber></DVD_episodenumber>
  <DVD_season></DVD_season>
  <Director>Ilya Skorupsky, Yeol Jung Chang, Eugene Slandra, Gregg Vanzo</Director>
  <EpImgFlag>1</EpImgFlag>
  <EpisodeName>Episode 12</EpisodeName>
  <EpisodeNumber>12</EpisodeNumber>
  <FirstAired>1995-06-19</FirstAired>
  <GuestStars></GuestStars>
  <IMDB_ID></IMDB_ID>
  <Language>en</Language>
  <Overview>Mr. Gone tells a story of Julie as a little girl.  We learn of Julie's parents and their personalities.  Young Julie finds a bunny that's been hit by a car.  The way the parents deal with it scars Julie deeply.  During that time, she learns how to deal with problems.  Julie and Sarah clean out Julie's apartment.  Julie is leaving.  Sarah finds the blood-stained shovel.  Julie tells her to throw it out, all the while, pulling roots from her badly cared for plants.</Overview>
  <ProductionCode></ProductionCode>
  <Rating>9.0</Rating>
  <RatingCount>1</RatingCount>
  <SeasonNumber>1</SeasonNumber>
  <Writer>Sam Kieth, David Feiss, Bill Messner-Loebs</Writer>
  <absolute_number></absolute_number>
  <filename>episodes/71839/62148.jpg</filename>
  <lastupdated>1237937638</lastupdated>
  <seasonid>3080</seasonid>
  <seriesid>71839</seriesid>
</Episode>
<Episode>
  <id>62149</id>
  <Combined_episodenumber>13</Combined_episodenumber>
  <Combined_season>1</Combined_season>
  <DVD_chapter></DVD_chapter>
  <DVD_discid></DVD_discid>
  <DVD_episodenumber></DVD_episodenumber>
  <DVD_season></DVD_season>
  <Director>Ilya Skorupsky, Yeol Jung Chang, Eugene Slandra, Gregg Vanzo</Director>
  <EpImgFlag>1</EpImgFlag>
  <EpisodeName>Episode 13</EpisodeName>
  <EpisodeNumber>13</EpisodeNumber>
  <FirstAired>1995-06-19</FirstAired>
  <GuestStars></GuestStars>
  <IMDB_ID></IMDB_ID>
  <Language>en</Language>
  <Overview>Julie tries to help Maxx understand that she has to go.  Maxx wonders what will happen to his reality when she leaves.  Maxx finds Gone's head.  Gone tries to explain the truth to him.  Unfortunately, everyone likes to shut Gone off before he's finished.  Back in Maxx's Outback, Maxx is trapped by Isz and pulled underground.  Julie has a final talk with Maxx.  She closes the door behind her, just as in the Outback, Maxx discards his outfit and mask and walks through a blinding white portal.  We close on a scene of Maxx's new outback.</Overview>
  <ProductionCode></ProductionCode>
  <Rating></Rating>
  <RatingCount>0</RatingCount>
  <SeasonNumber>1</SeasonNumber>
  <Writer>Sam Kieth, David Feiss, Bill Messner-Loebs</Writer>
  <absolute_number></absolute_number>
  <filename>episodes/71839/62149.jpg</filename>
  <lastupdated>1237937648</lastupdated>
  <seasonid>3080</seasonid>
  <seriesid>71839</seriesid>
</Episode>
</Data>