<?xml version="1.0" encoding="UTF-8" ?>
<Banners>
<Banner>
  <id>90781</id>
  <BannerPath>fanart/original/80252-6.jpg</BannerPath>
  <BannerType>fanart</BannerType>
  <BannerType2>1920x1080</BannerType2>
  <Colors></Colors>
  <Language>en</Language>
  <Rating>9.3333</Rating>
  <RatingCount>3</RatingCount>
  <SeriesName>false</SeriesName>
  <ThumbnailPath>_cache/fanart/original/80252-6.jpg</ThumbnailPath>
  <VignettePath>fanart/vignette/80252-6.jpg</VignettePath>
</Banner>
<Banner>
  <id>42264</id>
  <BannerPath>fanart/original/80252-4.jpg</BannerPath>
  <BannerType>fanart</BannerType>
  <BannerType2>1920x1080</BannerType2>
  <Colors></Colors>
  <Language>en</Language>
  <Rating>9.0000</Rating>
  <RatingCount>2</RatingCount>
  <SeriesName>false</SeriesName>
  <ThumbnailPath>_cache/fanart/original/80252-4.jpg</ThumbnailPath>
  <VignettePath>fanart/vignette/80252-4.jpg</VignettePath>
</Banner>
<Banner>
  <id>176991</id>
  <BannerPath>fanart/original/80252-11.jpg</BannerPath>
  <BannerType>fanart</BannerType>
  <BannerType2>1280x720</BannerType2>
  <Colors></Colors>
  <Language>en</Language>
  <Rating>9.0000</Rating>
  <RatingCount>1</RatingCount>
  <SeriesName>false</SeriesName>
  <ThumbnailPath>_cache/fanart/original/80252-11.jpg</ThumbnailPath>
  <VignettePath>fanart/vignette/80252-11.jpg</VignettePath>
</Banner>
<Banner>
  <id>37569</id>
  <BannerPath>fanart/original/80252-2.jpg</BannerPath>
  <BannerType>fanart</BannerType>
  <BannerType2>1920x1080</BannerType2>
  <Colors>|133,167,204|232,177,172|141,132,185|</Colors>
  <Language>en</Language>
  <Rating>8.5000</Rating>
  <RatingCount>4</RatingCount>
  <SeriesName>false</SeriesName>
  <ThumbnailPath>_cache/fanart/original/80252-2.jpg</ThumbnailPath>
  <VignettePath>fanart/vignette/80252-2.jpg</VignettePath>
</Banner>
<Banner>
  <id>22124</id>
  <BannerPath>fanart/original/80252-1.jpg</BannerPath>
  <BannerType>fanart</BannerType>
  <BannerType2>1280x720</BannerType2>
  <Colors>|250,250,250|8,3,7|106,120,61|</Colors>
  <Language>en</Language>
  <Rating>8.1429</Rating>
  <RatingCount>7</RatingCount>
  <SeriesName>false</SeriesName>
  <ThumbnailPath>_cache/fanart/original/80252-1.jpg</ThumbnailPath>
  <VignettePath>fanart/vignette/80252-1.jpg</VignettePath>
</Banner>
<Banner>
  <id>42753</id>
  <BannerPath>fanart/original/80252-5.jpg</BannerPath>
  <BannerType>fanart</BannerType>
  <BannerType2>1280x720</BannerType2>
  <Colors></Colors>
  <Language>en</Language>
  <Rating>5.5000</Rating>
  <RatingCount>2</RatingCount>
  <SeriesName>false</SeriesName>
  <ThumbnailPath>_cache/fanart/original/80252-5.jpg</ThumbnailPath>
  <VignettePath>fanart/vignette/80252-5.jpg</VignettePath>
</Banner>
<Banner>
  <id>41469</id>
  <BannerPath>fanart/original/80252-3.jpg</BannerPath>
  <BannerType>fanart</BannerType>
  <BannerType2>1280x720</BannerType2>
  <Colors></Colors>
  <Language>en</Language>
  <Rating>4.2500</Rating>
  <RatingCount>4</RatingCount>
  <SeriesName>false</SeriesName>
  <ThumbnailPath>_cache/fanart/original/80252-3.jpg</ThumbnailPath>
  <VignettePath>fanart/vignette/80252-3.jpg</VignettePath>
</Banner>
<Banner>
  <id>176981</id>
  <BannerPath>fanart/original/80252-10.jpg</BannerPath>
  <BannerType>fanart</BannerType>
  <BannerType2>1280x720</BannerType2>
  <Colors></Colors>
  <Language>en</Language>
  <Rating></Rating>
  <RatingCount>0</RatingCount>
  <SeriesName>false</SeriesName>
  <ThumbnailPath>_cache/fanart/original/80252-10.jpg</ThumbnailPath>
  <VignettePath>fanart/vignette/80252-10.jpg</VignettePath>
</Banner>
<Banner>
  <id>90791</id>
  <BannerPath>fanart/original/80252-7.jpg</BannerPath>
  <BannerType>fanart</BannerType>
  <BannerType2>1920x1080</BannerType2>
  <Colors></Colors>
  <Language>en</Language>
  <Rating></Rating>
  <RatingCount>0</RatingCount>
  <SeriesName>false</SeriesName>
  <ThumbnailPath>_cache/fanart/original/80252-7.jpg</ThumbnailPath>
  <VignettePath>fanart/vignette/80252-7.jpg</VignettePath>
</Banner>
<Banner>
  <id>176961</id>
  <BannerPath>fanart/original/80252-8.jpg</BannerPath>
  <BannerType>fanart</BannerType>
  <BannerType2>1280x720</BannerType2>
  <Colors></Colors>
  <Language>en</Language>
  <Rating></Rating>
  <RatingCount>0</RatingCount>
  <SeriesName>false</SeriesName>
  <ThumbnailPath>_cache/fanart/original/80252-8.jpg</ThumbnailPath>
  <VignettePath>fanart/vignette/80252-8.jpg</VignettePath>
</Banner>
<Banner>
  <id>176971</id>
  <BannerPath>fanart/original/80252-9.jpg</BannerPath>
  <BannerType>fanart</BannerType>
  <BannerType2>1280x720</BannerType2>
  <Colors></Colors>
  <Language>en</Language>
  <Rating></Rating>
  <RatingCount>0</RatingCount>
  <SeriesName>false</SeriesName>
  <ThumbnailPath>_cache/fanart/original/80252-9.jpg</ThumbnailPath>
  <VignettePath>fanart/vignette/80252-9.jpg</VignettePath>
</Banner>
<Banner>
  <id>177011</id>
  <BannerPath>fanart/original/80252-13.jpg</BannerPath>
  <BannerType>fanart</BannerType>
  <BannerType2>1280x720</BannerType2>
  <Colors></Colors>
  <Language>en</Language>
  <Rating></Rating>
  <RatingCount>0</RatingCount>
  <SeriesName>false</SeriesName>
  <ThumbnailPath>_cache/fanart/original/80252-13.jpg</ThumbnailPath>
  <VignettePath>fanart/vignette/80252-13.jpg</VignettePath>
</Banner>
<Banner>
  <id>177001</id>
  <BannerPath>fanart/original/80252-12.jpg</BannerPath>
  <BannerType>fanart</BannerType>
  <BannerType2>1280x720</BannerType2>
  <Colors></Colors>
  <Language>en</Language>
  <Rating></Rating>
  <RatingCount>0</RatingCount>
  <SeriesName>false</SeriesName>
  <ThumbnailPath>_cache/fanart/original/80252-12.jpg</ThumbnailPath>
  <VignettePath>fanart/vignette/80252-12.jpg</VignettePath>
</Banner>
<Banner>
  <id>25512</id>
  <BannerPath>posters/80252-1.jpg</BannerPath>
  <BannerType>poster</BannerType>
  <BannerType2>680x1000</BannerType2>
  <Language>en</Language>
  <Rating>10.0000</Rating>
  <RatingCount>2</RatingCount>
</Banner>
<Banner>
  <id>16347</id>
  <BannerPath>seasons/80252-1.jpg</BannerPath>
  <BannerType>season</BannerType>
  <BannerType2>season</BannerType2>
  <Language>en</Language>
  <Rating>8.0000</Rating>
  <RatingCount>3</RatingCount>
  <Season>1</Season>
</Banner>
<Banner>
  <id>45831</id>
  <BannerPath>seasons/80252-2-3.jpg</BannerPath>
  <BannerType>season</BannerType>
  <BannerType2>season</BannerType2>
  <Language>en</Language>
  <Rating>7.8333</Rating>
  <RatingCount>6</RatingCount>
  <Season>2</Season>
</Banner>
<Banner>
  <id>46811</id>
  <BannerPath>seasons/80252-2-4.jpg</BannerPath>
  <BannerType>season</BannerType>
  <BannerType2>season</BannerType2>
  <Language>en</Language>
  <Rating>5.0000</Rating>
  <RatingCount>3</RatingCount>
  <Season>2</Season>
</Banner>
<Banner>
  <id>102651</id>
  <BannerPath>seasons/80252-0.jpg</BannerPath>
  <BannerType>season</BannerType>
  <BannerType2>season</BannerType2>
  <Language>en</Language>
  <Rating></Rating>
  <RatingCount>0</RatingCount>
  <Season>0</Season>
</Banner>
<Banner>
  <id>225881</id>
  <BannerPath>seasonswide/80252-2.jpg</BannerPath>
  <BannerType>season</BannerType>
  <BannerType2>seasonwide</BannerType2>
  <Language>en</Language>
  <Rating>8.0000</Rating>
  <RatingCount>1</RatingCount>
  <Season>2</Season>
</Banner>
<Banner>
  <id>225871</id>
  <BannerPath>seasonswide/80252-1.jpg</BannerPath>
  <BannerType>season</BannerType>
  <BannerType2>seasonwide</BannerType2>
  <Language>en</Language>
  <Rating></Rating>
  <RatingCount>0</RatingCount>
  <Season>1</Season>
</Banner>
<Banner>
  <id>31442</id>
  <BannerPath>seasonswide/80252-1.jpg</BannerPath>
  <BannerType>season</BannerType>
  <BannerType2>seasonwide</BannerType2>
  <Language>en</Language>
  <Rating></Rating>
  <RatingCount>0</RatingCount>
  <Season>1</Season>
</Banner>
<Banner>
  <id>14922</id>
  <BannerPath>graphical/80252-g3.jpg</BannerPath>
  <BannerType>series</BannerType>
  <BannerType2>graphical</BannerType2>
  <Language>en</Language>
  <Rating>9.0000</Rating>
  <RatingCount>6</RatingCount>
</Banner>
<Banner>
  <id>14417</id>
  <BannerPath>graphical/80252-g2.jpg</BannerPath>
  <BannerType>series</BannerType>
  <BannerType2>graphical</BannerType2>
  <Language>en</Language>
  <Rating>7.6250</Rating>
  <RatingCount>8</RatingCount>
</Banner>
<Banner>
  <id>17722</id>
  <BannerPath>graphical/80252-g5.jpg</BannerPath>
  <BannerType>series</BannerType>
  <BannerType2>graphical</BannerType2>
  <Language>en</Language>
  <Rating>7.5000</Rating>
  <RatingCount>6</RatingCount>
</Banner>
<Banner>
  <id>14923</id>
  <BannerPath>graphical/80252-g4.jpg</BannerPath>
  <BannerType>series</BannerType>
  <BannerType2>graphical</BannerType2>
  <Language>en</Language>
  <Rating>6.7500</Rating>
  <RatingCount>4</RatingCount>
</Banner>
<Banner>
  <id>14354</id>
  <BannerPath>graphical/80252-g.jpg</BannerPath>
  <BannerType>series</BannerType>
  <BannerType2>graphical</BannerType2>
  <Language>en</Language>
  <Rating></Rating>
  <RatingCount>0</RatingCount>
</Banner>
</Banners>