<?xml version="1.0" encoding="UTF-8" ?>
<Data><Series>
  <id>80252</id>
  <Actors>|Jemaine Clement|Bret McKenzie|Rhys Darby|Eugene Mirman|Kristen Schaal|Arj Barker|</Actors>
  <Airs_DayOfWeek>Sunday</Airs_DayOfWeek>
  <Airs_Time>10:00 PM</Airs_Time>
  <ContentRating>TV-14</ContentRating>
  <FirstAired>2007-06-17</FirstAired>
  <Genre>|Comedy|</Genre>
  <IMDB_ID>tt0863046</IMDB_ID>
  <Language>en</Language>
  <Network>HBO</Network>
  <NetworkID></NetworkID>
  <Overview>New Zealand duo Bret McKenzie and Jemaine Clement, AKA the folk/comedy-band Flight of the Conchords, star in this fictionalized look at their lives.

Bret and Jemaine are trying to make it big in New York City, despite their inept manager Murray, and their sole fan/stalker Mel. Their other friends include Dave, a pawn-shop owner, and Eugene, their building's super.</Overview>
  <Rating>8.6</Rating>
  <RatingCount>77</RatingCount>
  <Runtime>25</Runtime>
  <SeriesID>68719</SeriesID>
  <SeriesName>Flight of the Conchords</SeriesName>
  <Status>Ended</Status>
  <added></added>
  <addedBy></addedBy>
  <banner>graphical/80252-g3.jpg</banner>
  <fanart>fanart/original/80252-6.jpg</fanart>
  <lastupdated>1364606073</lastupdated>
  <poster>posters/80252-1.jpg</poster>
  <zap2it_id>EP00923943</zap2it_id>
</Series>
<Episode>
  <id>355665</id>
  <Combined_episodenumber>1</Combined_episodenumber>
  <Combined_season>0</Combined_season>
  <DVD_chapter></DVD_chapter>
  <DVD_discid></DVD_discid>
  <DVD_episodenumber></DVD_episodenumber>
  <DVD_season></DVD_season>
  <Director></Director>
  <EpImgFlag>2</EpImgFlag>
  <EpisodeName>HBO Special</EpisodeName>
  <EpisodeNumber>1</EpisodeNumber>
  <FirstAired></FirstAired>
  <GuestStars></GuestStars>
  <IMDB_ID></IMDB_ID>
  <Language>en</Language>
  <Overview>Live performances of: Jenny, Issues (Think About It), Business Time, Albi the Racist Dragon, Hiphopopotamus Vs. Rhymenoceros and She's So Hot Boom.</Overview>
  <ProductionCode></ProductionCode>
  <Rating>9.0</Rating>
  <RatingCount>1</RatingCount>
  <SeasonNumber>0</SeasonNumber>
  <Writer></Writer>
  <absolute_number></absolute_number>
  <airsafter_season></airsafter_season>
  <airsbefore_episode></airsbefore_episode>
  <airsbefore_season></airsbefore_season>
  <filename>episodes/80252/355665.jpg</filename>
  <lastupdated>1232593019</lastupdated>
  <seasonid>27745</seasonid>
  <seriesid>80252</seriesid>
</Episode>
<Episode>
  <id>544351</id>
  <Combined_episodenumber>2</Combined_episodenumber>
  <Combined_season>0</Combined_season>
  <DVD_chapter></DVD_chapter>
  <DVD_discid></DVD_discid>
  <DVD_episodenumber></DVD_episodenumber>
  <DVD_season></DVD_season>
  <Director></Director>
  <EpImgFlag>3</EpImgFlag>
  <EpisodeName>A Texan Odyssey</EpisodeName>
  <EpisodeNumber>2</EpisodeNumber>
  <FirstAired>2006-10-19</FirstAired>
  <GuestStars></GuestStars>
  <IMDB_ID></IMDB_ID>
  <Language>en</Language>
  <Overview>is a rare and exciting chance for New Zealand viewers to see our most successful comedy duo do their thing on the world stage.

In March 2006, Bret McKenzie and Jemaine Clement aka Flight of the Conchords embarked on a revealing and hilarious odyssey into the political and musical heart of the United States of America. The result is a very amusing comedy documentary jam-packed with the Conchords’ classic hit songs.

With a Gibson Group documentary crew in tow, they travelled from Wellington, New Zealand to Austin, Texas to launch their folk parody act upon one of the toughest music industry events in the world: the South By SouthWest music showcase.

Superstars Morrissey, Neil Young, Peaches, Lyle Lovett and Kinky Friedman appear alongside New Zealanders Coco Solid, The Brunettes and Flight of the Conchords themselves in this enlightening look at what it takes to break into the ruthless American music market.

In their first experience as documentarians, McKenzie and Clement meet famous folk and political candidates, real cowboys and regular musicians, as well as their own management and fans. Important questions are asked. Is it better to be called a band, or a duo? Can one good rock show change the world? Can a comedy act break through onto the ruthless music circuit? Has anybody in America heard of any bands from New Zealand? Is stage-diving a good idea? The answers can be shocking.

In its 20 years of existence, SXSW has become widely regarded as the most important showcase of contemporary music in the world. Held every March in the state capital of Texas, approximately 1500 bands line up to tout their wares to record labels, managers, tour promoters, festival bookers and venue owners.

Flight of the Conchords had a greater head-start than most when they hit the ground in Austin this year: they already had a record contract (with Sub Pop – the legendary US indie label that signed Nirvana); management (the guy behind Good Charlotte and My Morning Jacket); a legal team (who also represent the South Park lads), and a personal invitation from SXSW head honcho, Roland Swenson (who saw them on HBO and loved them). Yet this still wasn’t enough to guarantee them decent sound at their gigs, fancy accommodation close to town, or cool bodyguards like Morrissey has to protect them from their fans. Things could go wrong – and they did.

Flight of the Conchords: A Texan Odyssey features live performances of the Flight of the Conchords hits “Business Time”, “The Most Beautiful Girl in the Room”, “Boom, She’s So Hot!”, “Think About It, Think, Think About It” and Coco Solid’s hit single “Denim &amp; Leather”. </Overview>
  <ProductionCode></ProductionCode>
  <Rating>7.0</Rating>
  <RatingCount>1</RatingCount>
  <SeasonNumber>0</SeasonNumber>
  <Writer></Writer>
  <absolute_number></absolute_number>
  <airsafter_season></airsafter_season>
  <airsbefore_episode></airsbefore_episode>
  <airsbefore_season></airsbefore_season>
  <filename>episodes/80252/544351.jpg</filename>
  <lastupdated>1280600740</lastupdated>
  <seasonid>27745</seasonid>
  <seriesid>80252</seriesid>
</Episode>
<Episode>
  <id>4481843</id>
  <Combined_episodenumber>4</Combined_episodenumber>
  <Combined_season>0</Combined_season>
  <DVD_chapter></DVD_chapter>
  <DVD_discid></DVD_discid>
  <DVD_episodenumber></DVD_episodenumber>
  <DVD_season></DVD_season>
  <Director></Director>
  <EpImgFlag></EpImgFlag>
  <EpisodeName>Deleted Scenes</EpisodeName>
  <EpisodeNumber>4</EpisodeNumber>
  <FirstAired></FirstAired>
  <GuestStars></GuestStars>
  <IMDB_ID></IMDB_ID>
  <Language>en</Language>
  <Overview></Overview>
  <ProductionCode></ProductionCode>
  <Rating></Rating>
  <RatingCount>0</RatingCount>
  <SeasonNumber>0</SeasonNumber>
  <Writer></Writer>
  <absolute_number></absolute_number>
  <airsafter_season></airsafter_season>
  <airsbefore_episode></airsbefore_episode>
  <airsbefore_season></airsbefore_season>
  <filename></filename>
  <lastupdated>1358716465</lastupdated>
  <seasonid>27745</seasonid>
  <seriesid>80252</seriesid>
</Episode>
<Episode>
  <id>4481842</id>
  <Combined_episodenumber>5</Combined_episodenumber>
  <Combined_season>0</Combined_season>
  <DVD_chapter></DVD_chapter>
  <DVD_discid></DVD_discid>
  <DVD_episodenumber></DVD_episodenumber>
  <DVD_season></DVD_season>
  <Director></Director>
  <EpImgFlag></EpImgFlag>
  <EpisodeName>Outtakes</EpisodeName>
  <EpisodeNumber>5</EpisodeNumber>
  <FirstAired></FirstAired>
  <GuestStars></GuestStars>
  <IMDB_ID></IMDB_ID>
  <Language>en</Language>
  <Overview></Overview>
  <ProductionCode></ProductionCode>
  <Rating></Rating>
  <RatingCount>0</RatingCount>
  <SeasonNumber>0</SeasonNumber>
  <Writer></Writer>
  <absolute_number></absolute_number>
  <airsafter_season></airsafter_season>
  <airsbefore_episode></airsbefore_episode>
  <airsbefore_season></airsbefore_season>
  <filename></filename>
  <lastupdated>1358716293</lastupdated>
  <seasonid>27745</seasonid>
  <seriesid>80252</seriesid>
</Episode>
<Episode>
  <id>1136111</id>
  <Combined_episodenumber>6</Combined_episodenumber>
  <Combined_season>0</Combined_season>
  <DVD_chapter></DVD_chapter>
  <DVD_discid></DVD_discid>
  <DVD_episodenumber></DVD_episodenumber>
  <DVD_season></DVD_season>
  <Director></Director>
  <EpImgFlag></EpImgFlag>
  <EpisodeName>Dave's Pawn Shop Commercials</EpisodeName>
  <EpisodeNumber>6</EpisodeNumber>
  <FirstAired></FirstAired>
  <GuestStars></GuestStars>
  <IMDB_ID></IMDB_ID>
  <Language>en</Language>
  <Overview></Overview>
  <ProductionCode></ProductionCode>
  <Rating></Rating>
  <RatingCount>0</RatingCount>
  <SeasonNumber>0</SeasonNumber>
  <Writer></Writer>
  <absolute_number></absolute_number>
  <airsafter_season></airsafter_season>
  <airsbefore_episode></airsbefore_episode>
  <airsbefore_season></airsbefore_season>
  <filename></filename>
  <lastupdated>1267155286</lastupdated>
  <seasonid>27745</seasonid>
  <seriesid>80252</seriesid>
</Episode>
<Episode>
  <id>1136121</id>
  <Combined_episodenumber>7</Combined_episodenumber>
  <Combined_season>0</Combined_season>
  <DVD_chapter></DVD_chapter>
  <DVD_discid></DVD_discid>
  <DVD_episodenumber></DVD_episodenumber>
  <DVD_season></DVD_season>
  <Director></Director>
  <EpImgFlag></EpImgFlag>
  <EpisodeName>New Zealand Consulate Meeting with Murray and Greg</EpisodeName>
  <EpisodeNumber>7</EpisodeNumber>
  <FirstAired></FirstAired>
  <GuestStars></GuestStars>
  <IMDB_ID></IMDB_ID>
  <Language>en</Language>
  <Overview></Overview>
  <ProductionCode></ProductionCode>
  <Rating></Rating>
  <RatingCount>0</RatingCount>
  <SeasonNumber>0</SeasonNumber>
  <Writer></Writer>
  <absolute_number></absolute_number>
  <airsafter_season></airsafter_season>
  <airsbefore_episode></airsbefore_episode>
  <airsbefore_season></airsbefore_season>
  <filename></filename>
  <lastupdated>1265999546</lastupdated>
  <seasonid>27745</seasonid>
  <seriesid>80252</seriesid>
</Episode>
<Episode>
  <id>647451</id>
  <Combined_episodenumber>10</Combined_episodenumber>
  <Combined_season>0</Combined_season>
  <DVD_chapter></DVD_chapter>
  <DVD_discid></DVD_discid>
  <DVD_episodenumber></DVD_episodenumber>
  <DVD_season></DVD_season>
  <Director>Hannah Clarke</Director>
  <EpImgFlag>1</EpImgFlag>
  <EpisodeName>On Air</EpisodeName>
  <EpisodeNumber>10</EpisodeNumber>
  <FirstAired></FirstAired>
  <GuestStars></GuestStars>
  <IMDB_ID></IMDB_ID>
  <Language>en</Language>
  <Overview>Behind the scenes look at the cult comedy series about Kiwi folk musicians Bret and Jemaine trying to make it big in their adopted home of New York.

It follows the duo in the United States before and after the release of the first series, as they speak candidly about the road to fame, and we meet the other personalities, cast and crew that helped make their show a smash hit in America, NZ and the rest of the world.

As Bret McKenzie's long-term partner, director Hannah Clarke was in a unique position to gain access to the Conchords at their most relaxed, as well as their most frantic and exhausted, and was able to get an up-close-and-personal glimpse into this experience. Through her insider's eye we are granted an intimate look into the lives of this great comedy act and discover how they won the hearts of America.</Overview>
  <ProductionCode></ProductionCode>
  <Rating>6.5</Rating>
  <RatingCount>2</RatingCount>
  <SeasonNumber>0</SeasonNumber>
  <Writer></Writer>
  <absolute_number></absolute_number>
  <airsafter_season>2</airsafter_season>
  <airsbefore_episode></airsbefore_episode>
  <airsbefore_season></airsbefore_season>
  <filename>episodes/80252/647451.jpg</filename>
  <lastupdated>1327937312</lastupdated>
  <seasonid>27745</seasonid>
  <seriesid>80252</seriesid>
</Episode>
<Episode>
  <id>2305521</id>
  <Combined_episodenumber>11</Combined_episodenumber>
  <Combined_season>0</Combined_season>
  <DVD_chapter></DVD_chapter>
  <DVD_discid></DVD_discid>
  <DVD_episodenumber></DVD_episodenumber>
  <DVD_season></DVD_season>
  <Director></Director>
  <EpImgFlag></EpImgFlag>
  <EpisodeName>Doggie Bounce (Original Video)</EpisodeName>
  <EpisodeNumber>11</EpisodeNumber>
  <FirstAired></FirstAired>
  <GuestStars></GuestStars>
  <IMDB_ID></IMDB_ID>
  <Language>en</Language>
  <Overview></Overview>
  <ProductionCode></ProductionCode>
  <Rating></Rating>
  <RatingCount>0</RatingCount>
  <SeasonNumber>0</SeasonNumber>
  <Writer></Writer>
  <absolute_number></absolute_number>
  <airsafter_season></airsafter_season>
  <airsbefore_episode></airsbefore_episode>
  <airsbefore_season></airsbefore_season>
  <filename></filename>
  <lastupdated>1275436838</lastupdated>
  <seasonid>27745</seasonid>
  <seriesid>80252</seriesid>
</Episode>
<Episode>
  <id>3168391</id>
  <Combined_episodenumber>12</Combined_episodenumber>
  <Combined_season>0</Combined_season>
  <DVD_chapter></DVD_chapter>
  <DVD_discid></DVD_discid>
  <DVD_episodenumber></DVD_episodenumber>
  <DVD_season></DVD_season>
  <Director></Director>
  <EpImgFlag></EpImgFlag>
  <EpisodeName>Rhys Darby Live: Imagine That!</EpisodeName>
  <EpisodeNumber>12</EpisodeNumber>
  <FirstAired></FirstAired>
  <GuestStars></GuestStars>
  <IMDB_ID></IMDB_ID>
  <Language>en</Language>
  <Overview></Overview>
  <ProductionCode></ProductionCode>
  <Rating></Rating>
  <RatingCount>0</RatingCount>
  <SeasonNumber>0</SeasonNumber>
  <Writer></Writer>
  <absolute_number></absolute_number>
  <airsafter_season></airsafter_season>
  <airsbefore_episode></airsbefore_episode>
  <airsbefore_season></airsbefore_season>
  <filename></filename>
  <lastupdated>1290188331</lastupdated>
  <seasonid>27745</seasonid>
  <seriesid>80252</seriesid>
</Episode>
<Episode>
  <id>3278911</id>
  <Combined_episodenumber>13</Combined_episodenumber>
  <Combined_season>0</Combined_season>
  <DVD_chapter></DVD_chapter>
  <DVD_discid></DVD_discid>
  <DVD_episodenumber></DVD_episodenumber>
  <DVD_season></DVD_season>
  <Director></Director>
  <EpImgFlag></EpImgFlag>
  <EpisodeName>HBO One Night Stand</EpisodeName>
  <EpisodeNumber>13</EpisodeNumber>
  <FirstAired>2005-09-09</FirstAired>
  <GuestStars></GuestStars>
  <IMDB_ID></IMDB_ID>
  <Language>en</Language>
  <Overview></Overview>
  <ProductionCode></ProductionCode>
  <Rating></Rating>
  <RatingCount>0</RatingCount>
  <SeasonNumber>0</SeasonNumber>
  <Writer></Writer>
  <absolute_number></absolute_number>
  <airsafter_season></airsafter_season>
  <airsbefore_episode></airsbefore_episode>
  <airsbefore_season></airsbefore_season>
  <filename></filename>
  <lastupdated>1322034980</lastupdated>
  <seasonid>27745</seasonid>
  <seriesid>80252</seriesid>
</Episode>
<Episode>
  <id>4109375</id>
  <Combined_episodenumber>14</Combined_episodenumber>
  <Combined_season>0</Combined_season>
  <DVD_chapter></DVD_chapter>
  <DVD_discid></DVD_discid>
  <DVD_episodenumber></DVD_episodenumber>
  <DVD_season></DVD_season>
  <Director></Director>
  <EpImgFlag></EpImgFlag>
  <EpisodeName>Music Video: Robots</EpisodeName>
  <EpisodeNumber>14</EpisodeNumber>
  <FirstAired></FirstAired>
  <GuestStars></GuestStars>
  <IMDB_ID></IMDB_ID>
  <Language>en</Language>
  <Overview>Music Video: Robots</Overview>
  <ProductionCode></ProductionCode>
  <Rating></Rating>
  <RatingCount>0</RatingCount>
  <SeasonNumber>0</SeasonNumber>
  <Writer></Writer>
  <absolute_number></absolute_number>
  <airsafter_season></airsafter_season>
  <airsbefore_episode></airsbefore_episode>
  <airsbefore_season></airsbefore_season>
  <filename></filename>
  <lastupdated>1307130433</lastupdated>
  <seasonid>27745</seasonid>
  <seriesid>80252</seriesid>
</Episode>
<Episode>
  <id>4109376</id>
  <Combined_episodenumber>15</Combined_episodenumber>
  <Combined_season>0</Combined_season>
  <DVD_chapter></DVD_chapter>
  <DVD_discid></DVD_discid>
  <DVD_episodenumber></DVD_episodenumber>
  <DVD_season></DVD_season>
  <Director></Director>
  <EpImgFlag></EpImgFlag>
  <EpisodeName>Music Video: I'm Not Crying</EpisodeName>
  <EpisodeNumber>15</EpisodeNumber>
  <FirstAired></FirstAired>
  <GuestStars></GuestStars>
  <IMDB_ID></IMDB_ID>
  <Language>en</Language>
  <Overview></Overview>
  <ProductionCode></ProductionCode>
  <Rating></Rating>
  <RatingCount>0</RatingCount>
  <SeasonNumber>0</SeasonNumber>
  <Writer></Writer>
  <absolute_number></absolute_number>
  <airsafter_season></airsafter_season>
  <airsbefore_episode></airsbefore_episode>
  <airsbefore_season></airsbefore_season>
  <filename></filename>
  <lastupdated>1307127757</lastupdated>
  <seasonid>27745</seasonid>
  <seriesid>80252</seriesid>
</Episode>
<Episode>
  <id>4109377</id>
  <Combined_episodenumber>16</Combined_episodenumber>
  <Combined_season>0</Combined_season>
  <DVD_chapter></DVD_chapter>
  <DVD_discid></DVD_discid>
  <DVD_episodenumber></DVD_episodenumber>
  <DVD_season></DVD_season>
  <Director></Director>
  <EpImgFlag></EpImgFlag>
  <EpisodeName>Music Video: Inner City Pressure</EpisodeName>
  <EpisodeNumber>16</EpisodeNumber>
  <FirstAired></FirstAired>
  <GuestStars></GuestStars>
  <IMDB_ID></IMDB_ID>
  <Language>en</Language>
  <Overview></Overview>
  <ProductionCode></ProductionCode>
  <Rating></Rating>
  <RatingCount>0</RatingCount>
  <SeasonNumber>0</SeasonNumber>
  <Writer></Writer>
  <absolute_number></absolute_number>
  <airsafter_season></airsafter_season>
  <airsbefore_episode></airsbefore_episode>
  <airsbefore_season></airsbefore_season>
  <filename></filename>
  <lastupdated>1307127765</lastupdated>
  <seasonid>27745</seasonid>
  <seriesid>80252</seriesid>
</Episode>
<Episode>
  <id>4109378</id>
  <Combined_episodenumber>17</Combined_episodenumber>
  <Combined_season>0</Combined_season>
  <DVD_chapter></DVD_chapter>
  <DVD_discid></DVD_discid>
  <DVD_episodenumber></DVD_episodenumber>
  <DVD_season></DVD_season>
  <Director></Director>
  <EpImgFlag></EpImgFlag>
  <EpisodeName>Music Video: She's So Hot (Boom)</EpisodeName>
  <EpisodeNumber>17</EpisodeNumber>
  <FirstAired></FirstAired>
  <GuestStars></GuestStars>
  <IMDB_ID></IMDB_ID>
  <Language>en</Language>
  <Overview></Overview>
  <ProductionCode></ProductionCode>
  <Rating></Rating>
  <RatingCount>0</RatingCount>
  <SeasonNumber>0</SeasonNumber>
  <Writer></Writer>
  <absolute_number></absolute_number>
  <airsafter_season></airsafter_season>
  <airsbefore_episode></airsbefore_episode>
  <airsbefore_season></airsbefore_season>
  <filename></filename>
  <lastupdated>1307127774</lastupdated>
  <seasonid>27745</seasonid>
  <seriesid>80252</seriesid>
</Episode>
<Episode>
  <id>4109379</id>
  <Combined_episodenumber>18</Combined_episodenumber>
  <Combined_season>0</Combined_season>
  <DVD_chapter></DVD_chapter>
  <DVD_discid></DVD_discid>
  <DVD_episodenumber></DVD_episodenumber>
  <DVD_season></DVD_season>
  <Director></Director>
  <EpImgFlag></EpImgFlag>
  <EpisodeName>Music Video: Hiphopopotamus vs the Rhymenocerous</EpisodeName>
  <EpisodeNumber>18</EpisodeNumber>
  <FirstAired></FirstAired>
  <GuestStars></GuestStars>
  <IMDB_ID></IMDB_ID>
  <Language>en</Language>
  <Overview></Overview>
  <ProductionCode></ProductionCode>
  <Rating></Rating>
  <RatingCount>0</RatingCount>
  <SeasonNumber>0</SeasonNumber>
  <Writer></Writer>
  <absolute_number></absolute_number>
  <airsafter_season></airsafter_season>
  <airsbefore_episode></airsbefore_episode>
  <airsbefore_season></airsbefore_season>
  <filename></filename>
  <lastupdated>1307127808</lastupdated>
  <seasonid>27745</seasonid>
  <seriesid>80252</seriesid>
</Episode>
<Episode>
  <id>4109380</id>
  <Combined_episodenumber>19</Combined_episodenumber>
  <Combined_season>0</Combined_season>
  <DVD_chapter></DVD_chapter>
  <DVD_discid></DVD_discid>
  <DVD_episodenumber></DVD_episodenumber>
  <DVD_season></DVD_season>
  <Director></Director>
  <EpImgFlag></EpImgFlag>
  <EpisodeName>Music Video: Think About Think Think About It</EpisodeName>
  <EpisodeNumber>19</EpisodeNumber>
  <FirstAired></FirstAired>
  <GuestStars></GuestStars>
  <IMDB_ID></IMDB_ID>
  <Language>en</Language>
  <Overview></Overview>
  <ProductionCode></ProductionCode>
  <Rating></Rating>
  <RatingCount>0</RatingCount>
  <SeasonNumber>0</SeasonNumber>
  <Writer></Writer>
  <absolute_number></absolute_number>
  <airsafter_season></airsafter_season>
  <airsbefore_episode></airsbefore_episode>
  <airsbefore_season></airsbefore_season>
  <filename></filename>
  <lastupdated>1307127820</lastupdated>
  <seasonid>27745</seasonid>
  <seriesid>80252</seriesid>
</Episode>
<Episode>
  <id>4109381</id>
  <Combined_episodenumber>20</Combined_episodenumber>
  <Combined_season>0</Combined_season>
  <DVD_chapter></DVD_chapter>
  <DVD_discid></DVD_discid>
  <DVD_episodenumber></DVD_episodenumber>
  <DVD_season></DVD_season>
  <Director></Director>
  <EpImgFlag></EpImgFlag>
  <EpisodeName>Music Video: If You're Into It</EpisodeName>
  <EpisodeNumber>20</EpisodeNumber>
  <FirstAired></FirstAired>
  <GuestStars></GuestStars>
  <IMDB_ID></IMDB_ID>
  <Language>en</Language>
  <Overview></Overview>
  <ProductionCode></ProductionCode>
  <Rating></Rating>
  <RatingCount>0</RatingCount>
  <SeasonNumber>0</SeasonNumber>
  <Writer></Writer>
  <absolute_number></absolute_number>
  <airsafter_season></airsafter_season>
  <airsbefore_episode></airsbefore_episode>
  <airsbefore_season></airsbefore_season>
  <filename></filename>
  <lastupdated>1307127832</lastupdated>
  <seasonid>27745</seasonid>
  <seriesid>80252</seriesid>
</Episode>
<Episode>
  <id>4109382</id>
  <Combined_episodenumber>21</Combined_episodenumber>
  <Combined_season>0</Combined_season>
  <DVD_chapter></DVD_chapter>
  <DVD_discid></DVD_discid>
  <DVD_episodenumber></DVD_episodenumber>
  <DVD_season></DVD_season>
  <Director></Director>
  <EpImgFlag></EpImgFlag>
  <EpisodeName>Music Video: Pencils in the Wind</EpisodeName>
  <EpisodeNumber>21</EpisodeNumber>
  <FirstAired></FirstAired>
  <GuestStars></GuestStars>
  <IMDB_ID></IMDB_ID>
  <Language>en</Language>
  <Overview></Overview>
  <ProductionCode></ProductionCode>
  <Rating></Rating>
  <RatingCount>0</RatingCount>
  <SeasonNumber>0</SeasonNumber>
  <Writer></Writer>
  <absolute_number></absolute_number>
  <airsafter_season></airsafter_season>
  <airsbefore_episode></airsbefore_episode>
  <airsbefore_season></airsbefore_season>
  <filename></filename>
  <lastupdated>1307127840</lastupdated>
  <seasonid>27745</seasonid>
  <seriesid>80252</seriesid>
</Episode>
<Episode>
  <id>4109383</id>
  <Combined_episodenumber>22</Combined_episodenumber>
  <Combined_season>0</Combined_season>
  <DVD_chapter></DVD_chapter>
  <DVD_discid></DVD_discid>
  <DVD_episodenumber></DVD_episodenumber>
  <DVD_season></DVD_season>
  <Director></Director>
  <EpImgFlag></EpImgFlag>
  <EpisodeName>Music Video: Business Time</EpisodeName>
  <EpisodeNumber>22</EpisodeNumber>
  <FirstAired></FirstAired>
  <GuestStars></GuestStars>
  <IMDB_ID></IMDB_ID>
  <Language>en</Language>
  <Overview></Overview>
  <ProductionCode></ProductionCode>
  <Rating></Rating>
  <RatingCount>0</RatingCount>
  <SeasonNumber>0</SeasonNumber>
  <Writer></Writer>
  <absolute_number></absolute_number>
  <airsafter_season></airsafter_season>
  <airsbefore_episode></airsbefore_episode>
  <airsbefore_season></airsbefore_season>
  <filename></filename>
  <lastupdated>1307127847</lastupdated>
  <seasonid>27745</seasonid>
  <seriesid>80252</seriesid>
</Episode>
<Episode>
  <id>4109384</id>
  <Combined_episodenumber>23</Combined_episodenumber>
  <Combined_season>0</Combined_season>
  <DVD_chapter></DVD_chapter>
  <DVD_discid></DVD_discid>
  <DVD_episodenumber></DVD_episodenumber>
  <DVD_season></DVD_season>
  <Director></Director>
  <EpImgFlag></EpImgFlag>
  <EpisodeName>Music Video: Sally</EpisodeName>
  <EpisodeNumber>23</EpisodeNumber>
  <FirstAired></FirstAired>
  <GuestStars></GuestStars>
  <IMDB_ID></IMDB_ID>
  <Language>en</Language>
  <Overview></Overview>
  <ProductionCode></ProductionCode>
  <Rating></Rating>
  <RatingCount>0</RatingCount>
  <SeasonNumber>0</SeasonNumber>
  <Writer></Writer>
  <absolute_number></absolute_number>
  <airsafter_season></airsafter_season>
  <airsbefore_episode></airsbefore_episode>
  <airsbefore_season></airsbefore_season>
  <filename></filename>
  <lastupdated>1307127853</lastupdated>
  <seasonid>27745</seasonid>
  <seriesid>80252</seriesid>
</Episode>
<Episode>
  <id>4109385</id>
  <Combined_episodenumber>24</Combined_episodenumber>
  <Combined_season>0</Combined_season>
  <DVD_chapter></DVD_chapter>
  <DVD_discid></DVD_discid>
  <DVD_episodenumber></DVD_episodenumber>
  <DVD_season></DVD_season>
  <Director></Director>
  <EpImgFlag></EpImgFlag>
  <EpisodeName>Music Video: Bret You Got It Going On</EpisodeName>
  <EpisodeNumber>24</EpisodeNumber>
  <FirstAired></FirstAired>
  <GuestStars></GuestStars>
  <IMDB_ID></IMDB_ID>
  <Language>en</Language>
  <Overview></Overview>
  <ProductionCode></ProductionCode>
  <Rating></Rating>
  <RatingCount>0</RatingCount>
  <SeasonNumber>0</SeasonNumber>
  <Writer></Writer>
  <absolute_number></absolute_number>
  <airsafter_season></airsafter_season>
  <airsbefore_episode></airsbefore_episode>
  <airsbefore_season></airsbefore_season>
  <filename></filename>
  <lastupdated>1307127863</lastupdated>
  <seasonid>27745</seasonid>
  <seriesid>80252</seriesid>
</Episode>
<Episode>
  <id>4109386</id>
  <Combined_episodenumber>25</Combined_episodenumber>
  <Combined_season>0</Combined_season>
  <DVD_chapter></DVD_chapter>
  <DVD_discid></DVD_discid>
  <DVD_episodenumber></DVD_episodenumber>
  <DVD_season></DVD_season>
  <Director></Director>
  <EpImgFlag></EpImgFlag>
  <EpisodeName>Music Video: Bowie</EpisodeName>
  <EpisodeNumber>25</EpisodeNumber>
  <FirstAired></FirstAired>
  <GuestStars></GuestStars>
  <IMDB_ID></IMDB_ID>
  <Language>en</Language>
  <Overview></Overview>
  <ProductionCode></ProductionCode>
  <Rating></Rating>
  <RatingCount>0</RatingCount>
  <SeasonNumber>0</SeasonNumber>
  <Writer></Writer>
  <absolute_number></absolute_number>
  <airsafter_season></airsafter_season>
  <airsbefore_episode></airsbefore_episode>
  <airsbefore_season></airsbefore_season>
  <filename></filename>
  <lastupdated>1307127869</lastupdated>
  <seasonid>27745</seasonid>
  <seriesid>80252</seriesid>
</Episode>
<Episode>
  <id>4109387</id>
  <Combined_episodenumber>26</Combined_episodenumber>
  <Combined_season>0</Combined_season>
  <DVD_chapter></DVD_chapter>
  <DVD_discid></DVD_discid>
  <DVD_episodenumber></DVD_episodenumber>
  <DVD_season></DVD_season>
  <Director></Director>
  <EpImgFlag></EpImgFlag>
  <EpisodeName>Music Video: Albi</EpisodeName>
  <EpisodeNumber>26</EpisodeNumber>
  <FirstAired></FirstAired>
  <GuestStars></GuestStars>
  <IMDB_ID></IMDB_ID>
  <Language>en</Language>
  <Overview></Overview>
  <ProductionCode></ProductionCode>
  <Rating></Rating>
  <RatingCount>0</RatingCount>
  <SeasonNumber>0</SeasonNumber>
  <Writer></Writer>
  <absolute_number></absolute_number>
  <airsafter_season></airsafter_season>
  <airsbefore_episode></airsbefore_episode>
  <airsbefore_season></airsbefore_season>
  <filename></filename>
  <lastupdated>1307127875</lastupdated>
  <seasonid>27745</seasonid>
  <seriesid>80252</seriesid>
</Episode>
<Episode>
  <id>4109388</id>
  <Combined_episodenumber>27</Combined_episodenumber>
  <Combined_season>0</Combined_season>
  <DVD_chapter></DVD_chapter>
  <DVD_discid></DVD_discid>
  <DVD_episodenumber></DVD_episodenumber>
  <DVD_season></DVD_season>
  <Director></Director>
  <EpImgFlag></EpImgFlag>
  <EpisodeName>Music Video: Too Many Mutha Uckers</EpisodeName>
  <EpisodeNumber>27</EpisodeNumber>
  <FirstAired></FirstAired>
  <GuestStars></GuestStars>
  <IMDB_ID></IMDB_ID>
  <Language>en</Language>
  <Overview></Overview>
  <ProductionCode></ProductionCode>
  <Rating></Rating>
  <RatingCount>0</RatingCount>
  <SeasonNumber>0</SeasonNumber>
  <Writer></Writer>
  <absolute_number></absolute_number>
  <airsafter_season></airsafter_season>
  <airsbefore_episode></airsbefore_episode>
  <airsbefore_season></airsbefore_season>
  <filename></filename>
  <lastupdated>1307127888</lastupdated>
  <seasonid>27745</seasonid>
  <seriesid>80252</seriesid>
</Episode>
<Episode>
  <id>4109389</id>
  <Combined_episodenumber>28</Combined_episodenumber>
  <Combined_season>0</Combined_season>
  <DVD_chapter></DVD_chapter>
  <DVD_discid></DVD_discid>
  <DVD_episodenumber></DVD_episodenumber>
  <DVD_season></DVD_season>
  <Director></Director>
  <EpImgFlag></EpImgFlag>
  <EpisodeName>Music Video: Goodbye (Leggie Blonde)</EpisodeName>
  <EpisodeNumber>28</EpisodeNumber>
  <FirstAired></FirstAired>
  <GuestStars></GuestStars>
  <IMDB_ID></IMDB_ID>
  <Language>en</Language>
  <Overview></Overview>
  <ProductionCode></ProductionCode>
  <Rating></Rating>
  <RatingCount>0</RatingCount>
  <SeasonNumber>0</SeasonNumber>
  <Writer></Writer>
  <absolute_number></absolute_number>
  <airsafter_season></airsafter_season>
  <airsbefore_episode></airsbefore_episode>
  <airsbefore_season></airsbefore_season>
  <filename></filename>
  <lastupdated>1307127899</lastupdated>
  <seasonid>27745</seasonid>
  <seriesid>80252</seriesid>
</Episode>
<Episode>
  <id>4109390</id>
  <Combined_episodenumber>29</Combined_episodenumber>
  <Combined_season>0</Combined_season>
  <DVD_chapter></DVD_chapter>
  <DVD_discid></DVD_discid>
  <DVD_episodenumber></DVD_episodenumber>
  <DVD_season></DVD_season>
  <Director></Director>
  <EpImgFlag></EpImgFlag>
  <EpisodeName>Music Video: Foux Da Fa Fa</EpisodeName>
  <EpisodeNumber>29</EpisodeNumber>
  <FirstAired></FirstAired>
  <GuestStars></GuestStars>
  <IMDB_ID></IMDB_ID>
  <Language>en</Language>
  <Overview></Overview>
  <ProductionCode></ProductionCode>
  <Rating></Rating>
  <RatingCount>0</RatingCount>
  <SeasonNumber>0</SeasonNumber>
  <Writer></Writer>
  <absolute_number></absolute_number>
  <airsafter_season></airsafter_season>
  <airsbefore_episode></airsbefore_episode>
  <airsbefore_season></airsbefore_season>
  <filename></filename>
  <lastupdated>1307127908</lastupdated>
  <seasonid>27745</seasonid>
  <seriesid>80252</seriesid>
</Episode>
<Episode>
  <id>4109391</id>
  <Combined_episodenumber>30</Combined_episodenumber>
  <Combined_season>0</Combined_season>
  <DVD_chapter></DVD_chapter>
  <DVD_discid></DVD_discid>
  <DVD_episodenumber></DVD_episodenumber>
  <DVD_season></DVD_season>
  <Director></Director>
  <EpImgFlag></EpImgFlag>
  <EpisodeName>Music Video: K.I.S.S.I.N.G</EpisodeName>
  <EpisodeNumber>30</EpisodeNumber>
  <FirstAired></FirstAired>
  <GuestStars></GuestStars>
  <IMDB_ID></IMDB_ID>
  <Language>en</Language>
  <Overview></Overview>
  <ProductionCode></ProductionCode>
  <Rating></Rating>
  <RatingCount>0</RatingCount>
  <SeasonNumber>0</SeasonNumber>
  <Writer></Writer>
  <absolute_number></absolute_number>
  <airsafter_season></airsafter_season>
  <airsbefore_episode></airsbefore_episode>
  <airsbefore_season></airsbefore_season>
  <filename></filename>
  <lastupdated>1307127921</lastupdated>
  <seasonid>27745</seasonid>
  <seriesid>80252</seriesid>
</Episode>
<Episode>
  <id>4109392</id>
  <Combined_episodenumber>31</Combined_episodenumber>
  <Combined_season>0</Combined_season>
  <DVD_chapter></DVD_chapter>
  <DVD_discid></DVD_discid>
  <DVD_episodenumber></DVD_episodenumber>
  <DVD_season></DVD_season>
  <Director></Director>
  <EpImgFlag></EpImgFlag>
  <EpisodeName>Music Video: Mermaids</EpisodeName>
  <EpisodeNumber>31</EpisodeNumber>
  <FirstAired></FirstAired>
  <GuestStars></GuestStars>
  <IMDB_ID></IMDB_ID>
  <Language>en</Language>
  <Overview></Overview>
  <ProductionCode></ProductionCode>
  <Rating></Rating>
  <RatingCount>0</RatingCount>
  <SeasonNumber>0</SeasonNumber>
  <Writer></Writer>
  <absolute_number></absolute_number>
  <airsafter_season></airsafter_season>
  <airsbefore_episode></airsbefore_episode>
  <airsbefore_season></airsbefore_season>
  <filename></filename>
  <lastupdated>1307127927</lastupdated>
  <seasonid>27745</seasonid>
  <seriesid>80252</seriesid>
</Episode>
<Episode>
  <id>4109393</id>
  <Combined_episodenumber>32</Combined_episodenumber>
  <Combined_season>0</Combined_season>
  <DVD_chapter></DVD_chapter>
  <DVD_discid></DVD_discid>
  <DVD_episodenumber></DVD_episodenumber>
  <DVD_season></DVD_season>
  <Director></Director>
  <EpImgFlag></EpImgFlag>
  <EpisodeName>Music Video: Prince of Parties</EpisodeName>
  <EpisodeNumber>32</EpisodeNumber>
  <FirstAired></FirstAired>
  <GuestStars></GuestStars>
  <IMDB_ID></IMDB_ID>
  <Language>en</Language>
  <Overview></Overview>
  <ProductionCode></ProductionCode>
  <Rating></Rating>
  <RatingCount>0</RatingCount>
  <SeasonNumber>0</SeasonNumber>
  <Writer></Writer>
  <absolute_number></absolute_number>
  <airsafter_season></airsafter_season>
  <airsbefore_episode></airsbefore_episode>
  <airsbefore_season></airsbefore_season>
  <filename></filename>
  <lastupdated>1307127935</lastupdated>
  <seasonid>27745</seasonid>
  <seriesid>80252</seriesid>
</Episode>
<Episode>
  <id>4109394</id>
  <Combined_episodenumber>33</Combined_episodenumber>
  <Combined_season>0</Combined_season>
  <DVD_chapter></DVD_chapter>
  <DVD_discid></DVD_discid>
  <DVD_episodenumber></DVD_episodenumber>
  <DVD_season></DVD_season>
  <Director></Director>
  <EpImgFlag></EpImgFlag>
  <EpisodeName>Music Video: Something Special for the Ladies</EpisodeName>
  <EpisodeNumber>33</EpisodeNumber>
  <FirstAired></FirstAired>
  <GuestStars></GuestStars>
  <IMDB_ID></IMDB_ID>
  <Language>en</Language>
  <Overview></Overview>
  <ProductionCode></ProductionCode>
  <Rating></Rating>
  <RatingCount>0</RatingCount>
  <SeasonNumber>0</SeasonNumber>
  <Writer></Writer>
  <absolute_number></absolute_number>
  <airsafter_season></airsafter_season>
  <airsbefore_episode></airsbefore_episode>
  <airsbefore_season></airsbefore_season>
  <filename></filename>
  <lastupdated>1307127945</lastupdated>
  <seasonid>27745</seasonid>
  <seriesid>80252</seriesid>
</Episode>
<Episode>
  <id>4109395</id>
  <Combined_episodenumber>34</Combined_episodenumber>
  <Combined_season>0</Combined_season>
  <DVD_chapter></DVD_chapter>
  <DVD_discid></DVD_discid>
  <DVD_episodenumber></DVD_episodenumber>
  <DVD_season></DVD_season>
  <Director></Director>
  <EpImgFlag></EpImgFlag>
  <EpisodeName>Music Video: Cheer Up Murray</EpisodeName>
  <EpisodeNumber>34</EpisodeNumber>
  <FirstAired></FirstAired>
  <GuestStars></GuestStars>
  <IMDB_ID></IMDB_ID>
  <Language>en</Language>
  <Overview></Overview>
  <ProductionCode></ProductionCode>
  <Rating></Rating>
  <RatingCount>0</RatingCount>
  <SeasonNumber>0</SeasonNumber>
  <Writer></Writer>
  <absolute_number></absolute_number>
  <airsafter_season></airsafter_season>
  <airsbefore_episode></airsbefore_episode>
  <airsbefore_season></airsbefore_season>
  <filename></filename>
  <lastupdated>1307127953</lastupdated>
  <seasonid>27745</seasonid>
  <seriesid>80252</seriesid>
</Episode>
<Episode>
  <id>4109396</id>
  <Combined_episodenumber>35</Combined_episodenumber>
  <Combined_season>0</Combined_season>
  <DVD_chapter></DVD_chapter>
  <DVD_discid></DVD_discid>
  <DVD_episodenumber></DVD_episodenumber>
  <DVD_season></DVD_season>
  <Director></Director>
  <EpImgFlag></EpImgFlag>
  <EpisodeName>Music Video: Frodo</EpisodeName>
  <EpisodeNumber>35</EpisodeNumber>
  <FirstAired></FirstAired>
  <GuestStars></GuestStars>
  <IMDB_ID></IMDB_ID>
  <Language>en</Language>
  <Overview></Overview>
  <ProductionCode></ProductionCode>
  <Rating></Rating>
  <RatingCount>0</RatingCount>
  <SeasonNumber>0</SeasonNumber>
  <Writer></Writer>
  <absolute_number></absolute_number>
  <airsafter_season></airsafter_season>
  <airsbefore_episode></airsbefore_episode>
  <airsbefore_season></airsbefore_season>
  <filename></filename>
  <lastupdated>1307127959</lastupdated>
  <seasonid>27745</seasonid>
  <seriesid>80252</seriesid>
</Episode>
<Episode>
  <id>4109397</id>
  <Combined_episodenumber>36</Combined_episodenumber>
  <Combined_season>0</Combined_season>
  <DVD_chapter></DVD_chapter>
  <DVD_discid></DVD_discid>
  <DVD_episodenumber></DVD_episodenumber>
  <DVD_season></DVD_season>
  <Director></Director>
  <EpImgFlag></EpImgFlag>
  <EpisodeName>Music Video: The Most Beautiful Girl in the Room</EpisodeName>
  <EpisodeNumber>36</EpisodeNumber>
  <FirstAired></FirstAired>
  <GuestStars></GuestStars>
  <IMDB_ID></IMDB_ID>
  <Language>en</Language>
  <Overview></Overview>
  <ProductionCode></ProductionCode>
  <Rating></Rating>
  <RatingCount>0</RatingCount>
  <SeasonNumber>0</SeasonNumber>
  <Writer></Writer>
  <absolute_number></absolute_number>
  <airsafter_season></airsafter_season>
  <airsbefore_episode></airsbefore_episode>
  <airsbefore_season></airsbefore_season>
  <filename></filename>
  <lastupdated>1307127974</lastupdated>
  <seasonid>27745</seasonid>
  <seriesid>80252</seriesid>
</Episode>
<Episode>
  <id>4330252</id>
  <Combined_episodenumber>37</Combined_episodenumber>
  <Combined_season>0</Combined_season>
  <DVD_chapter></DVD_chapter>
  <DVD_discid></DVD_discid>
  <DVD_episodenumber></DVD_episodenumber>
  <DVD_season></DVD_season>
  <Director></Director>
  <EpImgFlag></EpImgFlag>
  <EpisodeName>Music Clips: Season 1 and 2</EpisodeName>
  <EpisodeNumber>37</EpisodeNumber>
  <FirstAired></FirstAired>
  <GuestStars></GuestStars>
  <IMDB_ID></IMDB_ID>
  <Language>en</Language>
  <Overview></Overview>
  <ProductionCode></ProductionCode>
  <Rating></Rating>
  <RatingCount>0</RatingCount>
  <SeasonNumber>0</SeasonNumber>
  <Writer></Writer>
  <absolute_number></absolute_number>
  <airsafter_season></airsafter_season>
  <airsbefore_episode></airsbefore_episode>
  <airsbefore_season></airsbefore_season>
  <filename></filename>
  <lastupdated>1337459800</lastupdated>
  <seasonid>27745</seasonid>
  <seriesid>80252</seriesid>
</Episode>
<Episode>
  <id>4429389</id>
  <Combined_episodenumber>38</Combined_episodenumber>
  <Combined_season>0</Combined_season>
  <DVD_chapter></DVD_chapter>
  <DVD_discid></DVD_discid>
  <DVD_episodenumber></DVD_episodenumber>
  <DVD_season></DVD_season>
  <Director></Director>
  <EpImgFlag></EpImgFlag>
  <EpisodeName></EpisodeName>
  <EpisodeNumber>38</EpisodeNumber>
  <FirstAired></FirstAired>
  <GuestStars></GuestStars>
  <IMDB_ID></IMDB_ID>
  <Language>en</Language>
  <Overview></Overview>
  <ProductionCode></ProductionCode>
  <Rating></Rating>
  <RatingCount>0</RatingCount>
  <SeasonNumber>0</SeasonNumber>
  <Writer></Writer>
  <absolute_number></absolute_number>
  <airsafter_season></airsafter_season>
  <airsbefore_episode></airsbefore_episode>
  <airsbefore_season></airsbefore_season>
  <filename></filename>
  <lastupdated>1351866449</lastupdated>
  <seasonid>27745</seasonid>
  <seriesid>80252</seriesid>
</Episode>
<Episode>
  <id>4458469</id>
  <Combined_episodenumber>39</Combined_episodenumber>
  <Combined_season>0</Combined_season>
  <DVD_chapter></DVD_chapter>
  <DVD_discid></DVD_discid>
  <DVD_episodenumber></DVD_episodenumber>
  <DVD_season></DVD_season>
  <Director></Director>
  <EpImgFlag></EpImgFlag>
  <EpisodeName>Feel Inside (And Stuff Like That)</EpisodeName>
  <EpisodeNumber>39</EpisodeNumber>
  <FirstAired>2012-08-28</FirstAired>
  <GuestStars></GuestStars>
  <IMDB_ID></IMDB_ID>
  <Language>en</Language>
  <Overview>Flight of the Conchords' Bret and Jermaine's all-New Zealand new charity song for kids</Overview>
  <ProductionCode></ProductionCode>
  <Rating></Rating>
  <RatingCount>0</RatingCount>
  <SeasonNumber>0</SeasonNumber>
  <Writer></Writer>
  <absolute_number></absolute_number>
  <airsafter_season></airsafter_season>
  <airsbefore_episode></airsbefore_episode>
  <airsbefore_season></airsbefore_season>
  <filename></filename>
  <lastupdated>1355966583</lastupdated>
  <seasonid>27745</seasonid>
  <seriesid>80252</seriesid>
</Episode>
<Episode>
  <id>330948</id>
  <Combined_episodenumber>1</Combined_episodenumber>
  <Combined_season>1</Combined_season>
  <DVD_chapter></DVD_chapter>
  <DVD_discid></DVD_discid>
  <DVD_episodenumber></DVD_episodenumber>
  <DVD_season></DVD_season>
  <Director>|James Bobin|</Director>
  <EpImgFlag>2</EpImgFlag>
  <EpisodeName>Sally</EpisodeName>
  <EpisodeNumber>1</EpisodeNumber>
  <FirstAired>2007-06-17</FirstAired>
  <GuestStars>|Marisa Kinsey|David Costabile|Rachel Blanchard|Frank Wood|Judah Friedlander|</GuestStars>
  <IMDB_ID></IMDB_ID>
  <Language>en</Language>
  <Overview>Bret and Jemaine go to a party at Dave's, where Jemaine meets and falls for the 'most beautiful girl in the room', Sally. When it turns out that Sally used to go out with Bret, things get weird between Bret and Jemaine. </Overview>
  <ProductionCode></ProductionCode>
  <Rating>7.6</Rating>
  <RatingCount>29</RatingCount>
  <SeasonNumber>1</SeasonNumber>
  <Writer>|Jemaine Clement|Bret McKenzie|James Bobin|</Writer>
  <absolute_number></absolute_number>
  <filename>episodes/80252/330948.jpg</filename>
  <lastupdated>1335869226</lastupdated>
  <seasonid>27794</seasonid>
  <seriesid>80252</seriesid>
</Episode>
<Episode>
  <id>330949</id>
  <Combined_episodenumber>2</Combined_episodenumber>
  <Combined_season>1</Combined_season>
  <DVD_chapter></DVD_chapter>
  <DVD_discid></DVD_discid>
  <DVD_episodenumber></DVD_episodenumber>
  <DVD_season></DVD_season>
  <Director>|James Bobin|</Director>
  <EpImgFlag>2</EpImgFlag>
  <EpisodeName>Bret Gives Up The Dream</EpisodeName>
  <EpisodeNumber>2</EpisodeNumber>
  <FirstAired>2007-06-24</FirstAired>
  <GuestStars>|Sutton Foster|</GuestStars>
  <IMDB_ID></IMDB_ID>
  <Language>en</Language>
  <Overview>Faced with dire financial circumstances, Bret and Jemaine look for jobs. Bret gets a job holding signs but soon he has no time for the band and Murray and Jemaine start looking for a replacement.</Overview>
  <ProductionCode></ProductionCode>
  <Rating>7.8</Rating>
  <RatingCount>25</RatingCount>
  <SeasonNumber>1</SeasonNumber>
  <Writer>|Jemaine Clement|Bret McKenzie|James Bobin|</Writer>
  <absolute_number></absolute_number>
  <filename>episodes/80252/330949.jpg</filename>
  <lastupdated>1335869233</lastupdated>
  <seasonid>27794</seasonid>
  <seriesid>80252</seriesid>
</Episode>
<Episode>
  <id>330950</id>
  <Combined_episodenumber>3</Combined_episodenumber>
  <Combined_season>1</Combined_season>
  <DVD_chapter></DVD_chapter>
  <DVD_discid></DVD_discid>
  <DVD_episodenumber></DVD_episodenumber>
  <DVD_season></DVD_season>
  <Director>|James Bobin|</Director>
  <EpImgFlag>2</EpImgFlag>
  <EpisodeName>Mugged</EpisodeName>
  <EpisodeNumber>3</EpisodeNumber>
  <FirstAired>2007-07-01</FirstAired>
  <GuestStars>|Luther Creek|Lenny Venito|Eugene Mirman|Marilyn Torres|Diana Bologna|</GuestStars>
  <IMDB_ID></IMDB_ID>
  <Language>en</Language>
  <Overview>Bret loses Jemaine's trust after Bret abandons him when they get mugged. To regain it, Bret tries to retrieve Jemaine's stolen &quot;camera phone&quot; (a phone with a camera taped to it) from their muggers, who are experiencing their own trust issues.</Overview>
  <ProductionCode></ProductionCode>
  <Rating>8.0</Rating>
  <RatingCount>26</RatingCount>
  <SeasonNumber>1</SeasonNumber>
  <Writer>|Jemaine Clement|Bret McKenzie|James Bobin|</Writer>
  <absolute_number></absolute_number>
  <filename>episodes/80252/330950.jpg</filename>
  <lastupdated>1335869313</lastupdated>
  <seasonid>27794</seasonid>
  <seriesid>80252</seriesid>
</Episode>
<Episode>
  <id>330951</id>
  <Combined_episodenumber>4</Combined_episodenumber>
  <Combined_season>1</Combined_season>
  <DVD_chapter></DVD_chapter>
  <DVD_discid></DVD_discid>
  <DVD_episodenumber></DVD_episodenumber>
  <DVD_season></DVD_season>
  <Director>|Troy Miller|</Director>
  <EpImgFlag>2</EpImgFlag>
  <EpisodeName>Yoko</EpisodeName>
  <EpisodeNumber>4</EpisodeNumber>
  <FirstAired>2007-07-08</FirstAired>
  <GuestStars>|Sutton Foster|</GuestStars>
  <IMDB_ID></IMDB_ID>
  <Language>en</Language>
  <Overview>Bret's relationship with Coco threatens to split up the duo.</Overview>
  <ProductionCode></ProductionCode>
  <Rating>7.7</Rating>
  <RatingCount>18</RatingCount>
  <SeasonNumber>1</SeasonNumber>
  <Writer>|James Bobin|Jemaine Clement|Bret McKenzie|</Writer>
  <absolute_number></absolute_number>
  <filename>episodes/80252/330951.jpg</filename>
  <lastupdated>1335869321</lastupdated>
  <seasonid>27794</seasonid>
  <seriesid>80252</seriesid>
</Episode>
<Episode>
  <id>330952</id>
  <Combined_episodenumber>5</Combined_episodenumber>
  <Combined_season>1</Combined_season>
  <DVD_chapter></DVD_chapter>
  <DVD_discid></DVD_discid>
  <DVD_episodenumber></DVD_episodenumber>
  <DVD_season></DVD_season>
  <Director>|James Bobin|</Director>
  <EpImgFlag>2</EpImgFlag>
  <EpisodeName>Sally Returns</EpisodeName>
  <EpisodeNumber>5</EpisodeNumber>
  <FirstAired>2007-07-15</FirstAired>
  <GuestStars>|Rachel Blanchard|Sutton Foster|Eugene Mirman|Frank Wood|Murray Bartlett|</GuestStars>
  <IMDB_ID></IMDB_ID>
  <Language>en</Language>
  <Overview>Sally, the ex-girlfriend of both Bret and Jemaine, from the season premiere, returns to further complicate things in the band.</Overview>
  <ProductionCode></ProductionCode>
  <Rating>7.5</Rating>
  <RatingCount>20</RatingCount>
  <SeasonNumber>1</SeasonNumber>
  <Writer>|Jemaine Clement|Bret McKenzie|James Bobin|</Writer>
  <absolute_number></absolute_number>
  <filename>episodes/80252/330952.jpg</filename>
  <lastupdated>1335869329</lastupdated>
  <seasonid>27794</seasonid>
  <seriesid>80252</seriesid>
</Episode>
<Episode>
  <id>330953</id>
  <Combined_episodenumber>6</Combined_episodenumber>
  <Combined_season>1</Combined_season>
  <DVD_chapter></DVD_chapter>
  <DVD_discid></DVD_discid>
  <DVD_episodenumber></DVD_episodenumber>
  <DVD_season></DVD_season>
  <Director>|Troy Miller|</Director>
  <EpImgFlag>2</EpImgFlag>
  <EpisodeName>Bowie</EpisodeName>
  <EpisodeNumber>6</EpisodeNumber>
  <FirstAired>2007-07-22</FirstAired>
  <GuestStars>|David Costabile|John Hodgman|Frank Wood|</GuestStars>
  <IMDB_ID></IMDB_ID>
  <Language>en</Language>
  <Overview>After a photo session, Bret develops body image issues and gets some dream advice from his idol, David Bowie. Jemaine plots to cheer him up and Murray tries to get one of the band's tunes used for a musical greeting card.</Overview>
  <ProductionCode></ProductionCode>
  <Rating>8.1</Rating>
  <RatingCount>20</RatingCount>
  <SeasonNumber>1</SeasonNumber>
  <Writer>|Jemaine Clement|Bret McKenzie|James Bobin|</Writer>
  <absolute_number></absolute_number>
  <filename>episodes/80252/330953.jpg</filename>
  <lastupdated>1335869336</lastupdated>
  <seasonid>27794</seasonid>
  <seriesid>80252</seriesid>
</Episode>
<Episode>
  <id>330954</id>
  <Combined_episodenumber>7</Combined_episodenumber>
  <Combined_season>1</Combined_season>
  <DVD_chapter></DVD_chapter>
  <DVD_discid></DVD_discid>
  <DVD_episodenumber></DVD_episodenumber>
  <DVD_season></DVD_season>
  <Director>|Taika Waititi|</Director>
  <EpImgFlag>2</EpImgFlag>
  <EpisodeName>Drive By</EpisodeName>
  <EpisodeNumber>7</EpisodeNumber>
  <FirstAired>2007-07-29</FirstAired>
  <GuestStars>|Aziz Ansari|Kevin Allison|Frank Wood|</GuestStars>
  <IMDB_ID></IMDB_ID>
  <Language>en</Language>
  <Overview>Bret and Jemaine are shocked by the prejudiced actions of a fruit vendor who won't sell to them because they are New Zealanders. Dave recommends a strong response and teaches them how to &quot;flip the bird&quot;. Murray is smitten with the new tech support lady at the consulate. </Overview>
  <ProductionCode></ProductionCode>
  <Rating>7.8</Rating>
  <RatingCount>22</RatingCount>
  <SeasonNumber>1</SeasonNumber>
  <Writer>|Taika Waititi|</Writer>
  <absolute_number></absolute_number>
  <filename>episodes/80252/330954.jpg</filename>
  <lastupdated>1335869344</lastupdated>
  <seasonid>27794</seasonid>
  <seriesid>80252</seriesid>
</Episode>
<Episode>
  <id>330955</id>
  <Combined_episodenumber>8</Combined_episodenumber>
  <Combined_season>1</Combined_season>
  <DVD_chapter></DVD_chapter>
  <DVD_discid></DVD_discid>
  <DVD_episodenumber></DVD_episodenumber>
  <DVD_season></DVD_season>
  <Director></Director>
  <EpImgFlag>2</EpImgFlag>
  <EpisodeName>Girlfriends</EpisodeName>
  <EpisodeNumber>8</EpisodeNumber>
  <FirstAired>2007-08-05</FirstAired>
  <GuestStars></GuestStars>
  <IMDB_ID></IMDB_ID>
  <Language>en</Language>
  <Overview>Bret and Jemaine pick up two women at a croissant shop - but end up with very different dating experiences. Meanwhile, Murray makes an album deal for the band.</Overview>
  <ProductionCode></ProductionCode>
  <Rating>7.8</Rating>
  <RatingCount>17</RatingCount>
  <SeasonNumber>1</SeasonNumber>
  <Writer></Writer>
  <absolute_number></absolute_number>
  <filename>episodes/80252/330955.jpg</filename>
  <lastupdated>1335869350</lastupdated>
  <seasonid>27794</seasonid>
  <seriesid>80252</seriesid>
</Episode>
<Episode>
  <id>330957</id>
  <Combined_episodenumber>9</Combined_episodenumber>
  <Combined_season>1</Combined_season>
  <DVD_chapter></DVD_chapter>
  <DVD_discid></DVD_discid>
  <DVD_episodenumber></DVD_episodenumber>
  <DVD_season></DVD_season>
  <Director></Director>
  <EpImgFlag>2</EpImgFlag>
  <EpisodeName>What Goes On Tour</EpisodeName>
  <EpisodeNumber>9</EpisodeNumber>
  <FirstAired>2007-08-12</FirstAired>
  <GuestStars></GuestStars>
  <IMDB_ID></IMDB_ID>
  <Language>en</Language>
  <Overview>Using the band's &quot;emergency fund,&quot; Murray organizes a warm-up tour in preparation for a big gig in Central Park. At an airport bar, the boys get hooked by some &quot;mermaids&quot; from a woman's water-polo team - nearly ruining the tour and their relationship with Murray.</Overview>
  <ProductionCode></ProductionCode>
  <Rating>7.5</Rating>
  <RatingCount>16</RatingCount>
  <SeasonNumber>1</SeasonNumber>
  <Writer></Writer>
  <absolute_number></absolute_number>
  <filename>episodes/80252/330957.jpg</filename>
  <lastupdated>1335869356</lastupdated>
  <seasonid>27794</seasonid>
  <seriesid>80252</seriesid>
</Episode>
<Episode>
  <id>330958</id>
  <Combined_episodenumber>10</Combined_episodenumber>
  <Combined_season>1</Combined_season>
  <DVD_chapter></DVD_chapter>
  <DVD_discid></DVD_discid>
  <DVD_episodenumber></DVD_episodenumber>
  <DVD_season></DVD_season>
  <Director>|Taika Waititi|</Director>
  <EpImgFlag>2</EpImgFlag>
  <EpisodeName>New Fans</EpisodeName>
  <EpisodeNumber>10</EpisodeNumber>
  <FirstAired>2007-08-19</FirstAired>
  <GuestStars>|David Costabile|Sarah Burns|Heather Lawless|Frank Wood|Daryl Hall|</GuestStars>
  <IMDB_ID></IMDB_ID>
  <Language>en</Language>
  <Overview>A performance at a local &quot;World Music Jam&quot; results in the Conchords gaining two new fans, but Mel is suspicious of the newcomers and their motives. Murray encourages the band to adopt a more &quot;rock star&quot; attitude.</Overview>
  <ProductionCode></ProductionCode>
  <Rating>7.5</Rating>
  <RatingCount>20</RatingCount>
  <SeasonNumber>1</SeasonNumber>
  <Writer>|Duncan Sarkies|</Writer>
  <absolute_number></absolute_number>
  <filename>episodes/80252/330958.jpg</filename>
  <lastupdated>1335869364</lastupdated>
  <seasonid>27794</seasonid>
  <seriesid>80252</seriesid>
</Episode>
<Episode>
  <id>330956</id>
  <Combined_episodenumber>11</Combined_episodenumber>
  <Combined_season>1</Combined_season>
  <DVD_chapter></DVD_chapter>
  <DVD_discid></DVD_discid>
  <DVD_episodenumber></DVD_episodenumber>
  <DVD_season></DVD_season>
  <Director>|Michael Patrick Jann|</Director>
  <EpImgFlag>2</EpImgFlag>
  <EpisodeName>The Actor</EpisodeName>
  <EpisodeNumber>11</EpisodeNumber>
  <FirstAired>2007-08-26</FirstAired>
  <GuestStars>|Will Forte|John Turturro|Dan Bakkedahl|David Costabile|Eugene Mirman|Frank Wood|</GuestStars>
  <IMDB_ID></IMDB_ID>
  <Language>en</Language>
  <Overview>Bret and Jemaine enlist a semi-professional actor to cheer Murray up after a disappointing gig. Asked to place a good-hearted rejection call, the actor gets carried away, offering Murray and the Conchords a recording deal that's too good to be true.</Overview>
  <ProductionCode></ProductionCode>
  <Rating>7.5</Rating>
  <RatingCount>15</RatingCount>
  <SeasonNumber>1</SeasonNumber>
  <Writer>|Damon Beesley|Ian Morris|</Writer>
  <absolute_number></absolute_number>
  <filename>episodes/80252/330956.jpg</filename>
  <lastupdated>1335869380</lastupdated>
  <seasonid>27794</seasonid>
  <seriesid>80252</seriesid>
</Episode>
<Episode>
  <id>330959</id>
  <Combined_episodenumber>12</Combined_episodenumber>
  <Combined_season>1</Combined_season>
  <DVD_chapter></DVD_chapter>
  <DVD_discid></DVD_discid>
  <DVD_episodenumber></DVD_episodenumber>
  <DVD_season></DVD_season>
  <Director>|James Bobin|</Director>
  <EpImgFlag>2</EpImgFlag>
  <EpisodeName>The Third Conchord</EpisodeName>
  <EpisodeNumber>12</EpisodeNumber>
  <FirstAired>2007-09-03</FirstAired>
  <GuestStars>|Todd Barry|Demetri Martin|Eugene Mirman|Frank Wood|</GuestStars>
  <IMDB_ID></IMDB_ID>
  <Language>en</Language>
  <Overview>Murray introduces a new bongo-playing band member on Bret and Jemaine, triggering angry dances and mutant half-bands.</Overview>
  <ProductionCode></ProductionCode>
  <Rating>7.9</Rating>
  <RatingCount>19</RatingCount>
  <SeasonNumber>1</SeasonNumber>
  <Writer>|Jemaine Clement|Bret McKenzie|James Bobin|</Writer>
  <absolute_number></absolute_number>
  <filename>episodes/80252/330959.jpg</filename>
  <lastupdated>1335869387</lastupdated>
  <seasonid>27794</seasonid>
  <seriesid>80252</seriesid>
</Episode>
<Episode>
  <id>417265</id>
  <Combined_episodenumber>1</Combined_episodenumber>
  <Combined_season>2</Combined_season>
  <DVD_chapter></DVD_chapter>
  <DVD_discid></DVD_discid>
  <DVD_episodenumber></DVD_episodenumber>
  <DVD_season></DVD_season>
  <Director>James Bobin</Director>
  <EpImgFlag>2</EpImgFlag>
  <EpisodeName>A Good Opportunity</EpisodeName>
  <EpisodeNumber>1</EpisodeNumber>
  <FirstAired>2009-01-18</FirstAired>
  <GuestStars></GuestStars>
  <IMDB_ID></IMDB_ID>
  <Language>en</Language>
  <Overview>Bret and Jemaine fire Murray for neglecting them in favour of the Crazy Dogggz and almost immediately they receive an offer to write a jingle for a commercial. Meanwhile Murray's fortunes reverse after he discovers that the Crazy Dogggz big hit is a rip-off of a 1990s Polish song. </Overview>
  <ProductionCode></ProductionCode>
  <Rating>7.4</Rating>
  <RatingCount>17</RatingCount>
  <SeasonNumber>2</SeasonNumber>
  <Writer>James Bobin | Jemaine Clement | Bret McKenzie</Writer>
  <absolute_number></absolute_number>
  <filename>episodes/80252/417265.jpg</filename>
  <lastupdated>1335869402</lastupdated>
  <seasonid>38357</seasonid>
  <seriesid>80252</seriesid>
</Episode>
<Episode>
  <id>422068</id>
  <Combined_episodenumber>2</Combined_episodenumber>
  <Combined_season>2</Combined_season>
  <DVD_chapter></DVD_chapter>
  <DVD_discid></DVD_discid>
  <DVD_episodenumber></DVD_episodenumber>
  <DVD_season></DVD_season>
  <Director>James Bobin</Director>
  <EpImgFlag>2</EpImgFlag>
  <EpisodeName>The New Cup</EpisodeName>
  <EpisodeNumber>2</EpisodeNumber>
  <FirstAired>2009-01-25</FirstAired>
  <GuestStars></GuestStars>
  <IMDB_ID></IMDB_ID>
  <Language>en</Language>
  <Overview>Bret and Jemaine s fortunes unravel after Bret buys a new tea cup; Jemaine goes to desperate measures to supplement his income.</Overview>
  <ProductionCode></ProductionCode>
  <Rating>7.6</Rating>
  <RatingCount>18</RatingCount>
  <SeasonNumber>2</SeasonNumber>
  <Writer>Duncan Sarkies</Writer>
  <absolute_number></absolute_number>
  <filename>episodes/80252/422068.jpg</filename>
  <lastupdated>1335869408</lastupdated>
  <seasonid>38357</seasonid>
  <seriesid>80252</seriesid>
</Episode>
<Episode>
  <id>422069</id>
  <Combined_episodenumber>3</Combined_episodenumber>
  <Combined_season>2</Combined_season>
  <DVD_chapter></DVD_chapter>
  <DVD_discid></DVD_discid>
  <DVD_episodenumber></DVD_episodenumber>
  <DVD_season></DVD_season>
  <Director>James Bobin</Director>
  <EpImgFlag>2</EpImgFlag>
  <EpisodeName>The Tough Brets</EpisodeName>
  <EpisodeNumber>3</EpisodeNumber>
  <FirstAired>2009-02-01</FirstAired>
  <GuestStars></GuestStars>
  <IMDB_ID></IMDB_ID>
  <Language>en</Language>
  <Overview>Bret organizes a gang to protect himself from rappers he dissed in a song; Murray and Jemaine confront a group of Aussie bullies; Mel paints a portrait Jemaine can't get rid of.</Overview>
  <ProductionCode></ProductionCode>
  <Rating>7.2</Rating>
  <RatingCount>23</RatingCount>
  <SeasonNumber>2</SeasonNumber>
  <Writer>James Bobin|Jemaine Clement|Bret McKenzie</Writer>
  <absolute_number></absolute_number>
  <filename>episodes/80252/422069.jpg</filename>
  <lastupdated>1335869491</lastupdated>
  <seasonid>38357</seasonid>
  <seriesid>80252</seriesid>
</Episode>
<Episode>
  <id>422070</id>
  <Combined_episodenumber>4</Combined_episodenumber>
  <Combined_season>2</Combined_season>
  <DVD_chapter></DVD_chapter>
  <DVD_discid></DVD_discid>
  <DVD_episodenumber></DVD_episodenumber>
  <DVD_season></DVD_season>
  <Director>Troy Miller</Director>
  <EpImgFlag>2</EpImgFlag>
  <EpisodeName>Murray Takes It To The Next Level</EpisodeName>
  <EpisodeNumber>4</EpisodeNumber>
  <FirstAired>2009-02-08</FirstAired>
  <GuestStars></GuestStars>
  <IMDB_ID></IMDB_ID>
  <Language>en</Language>
  <Overview>Murray tries to elevate Bret and Jemaine on his friendship graph, bringing his questioning pal Jim in on the plan; Mel demands an apology from Bret for inappropriate dream behavior.</Overview>
  <ProductionCode></ProductionCode>
  <Rating>7.3</Rating>
  <RatingCount>21</RatingCount>
  <SeasonNumber>2</SeasonNumber>
  <Writer>James Bobin|Jemaine Clement|Bret McKenzie</Writer>
  <absolute_number></absolute_number>
  <filename>episodes/80252/422070.jpg</filename>
  <lastupdated>1335869498</lastupdated>
  <seasonid>38357</seasonid>
  <seriesid>80252</seriesid>
</Episode>
<Episode>
  <id>422071</id>
  <Combined_episodenumber>5</Combined_episodenumber>
  <Combined_season>2</Combined_season>
  <DVD_chapter></DVD_chapter>
  <DVD_discid></DVD_discid>
  <DVD_episodenumber></DVD_episodenumber>
  <DVD_season></DVD_season>
  <Director>Michel Gondry</Director>
  <EpImgFlag>2</EpImgFlag>
  <EpisodeName>Unnatural Love</EpisodeName>
  <EpisodeNumber>5</EpisodeNumber>
  <FirstAired>2009-02-15</FirstAired>
  <GuestStars>Sarah Wynter</GuestStars>
  <IMDB_ID></IMDB_ID>
  <Language>en</Language>
  <Overview>Jemaine starts dating an Australian, to Bret's dismay and inconvenience.</Overview>
  <ProductionCode></ProductionCode>
  <Rating>7.8</Rating>
  <RatingCount>23</RatingCount>
  <SeasonNumber>2</SeasonNumber>
  <Writer>Damon Beesley|Iain Morris</Writer>
  <absolute_number></absolute_number>
  <filename>episodes/80252/422071.jpg</filename>
  <lastupdated>1335869508</lastupdated>
  <seasonid>38357</seasonid>
  <seriesid>80252</seriesid>
</Episode>
<Episode>
  <id>433978</id>
  <Combined_episodenumber>6</Combined_episodenumber>
  <Combined_season>2</Combined_season>
  <DVD_chapter></DVD_chapter>
  <DVD_discid></DVD_discid>
  <DVD_episodenumber></DVD_episodenumber>
  <DVD_season></DVD_season>
  <Director>James Bobin</Director>
  <EpImgFlag>2</EpImgFlag>
  <EpisodeName>Love is a Weapon of Choice</EpisodeName>
  <EpisodeNumber>6</EpisodeNumber>
  <FirstAired>2009-02-22</FirstAired>
  <GuestStars>Kristen Wiig</GuestStars>
  <IMDB_ID></IMDB_ID>
  <Language>en</Language>
  <Overview>Bret and Jemaine become rivals for the attentions of the same woman, who happens to have an epileptic dog that has gone missing.</Overview>
  <ProductionCode></ProductionCode>
  <Rating>7.8</Rating>
  <RatingCount>18</RatingCount>
  <SeasonNumber>2</SeasonNumber>
  <Writer>|Jemaine Clement|Bret McKenzie|Paul Simms|</Writer>
  <absolute_number></absolute_number>
  <filename>episodes/80252/433978.jpg</filename>
  <lastupdated>1335869516</lastupdated>
  <seasonid>38357</seasonid>
  <seriesid>80252</seriesid>
</Episode>
<Episode>
  <id>433979</id>
  <Combined_episodenumber>7</Combined_episodenumber>
  <Combined_season>2</Combined_season>
  <DVD_chapter></DVD_chapter>
  <DVD_discid></DVD_discid>
  <DVD_episodenumber></DVD_episodenumber>
  <DVD_season></DVD_season>
  <Director>James Bobin</Director>
  <EpImgFlag>2</EpImgFlag>
  <EpisodeName>Prime Minister</EpisodeName>
  <EpisodeNumber>7</EpisodeNumber>
  <FirstAired>2009-03-01</FirstAired>
  <GuestStars></GuestStars>
  <IMDB_ID></IMDB_ID>
  <Language>en</Language>
  <Overview>Murray sets up a meeting for the New Zealand prime minister; Jemaine gets mixed up with an Art Garfunkel fan at the end of a tribute gig.</Overview>
  <ProductionCode></ProductionCode>
  <Rating>7.7</Rating>
  <RatingCount>21</RatingCount>
  <SeasonNumber>2</SeasonNumber>
  <Writer>|James Bobin|Jemaine Clement|Bret McKenzie</Writer>
  <absolute_number></absolute_number>
  <filename>episodes/80252/433979.jpg</filename>
  <lastupdated>1335869525</lastupdated>
  <seasonid>38357</seasonid>
  <seriesid>80252</seriesid>
</Episode>
<Episode>
  <id>443618</id>
  <Combined_episodenumber>8</Combined_episodenumber>
  <Combined_season>2</Combined_season>
  <DVD_chapter></DVD_chapter>
  <DVD_discid></DVD_discid>
  <DVD_episodenumber></DVD_episodenumber>
  <DVD_season></DVD_season>
  <Director>Taika Waititi</Director>
  <EpImgFlag>2</EpImgFlag>
  <EpisodeName>New Zealand Town</EpisodeName>
  <EpisodeNumber>8</EpisodeNumber>
  <FirstAired>2009-03-08</FirstAired>
  <GuestStars></GuestStars>
  <IMDB_ID></IMDB_ID>
  <Language>en</Language>
  <Overview>Trying to look cool for a gig at the Grand Opening of New York's one-block New Zealand enclave, the Conchords end up getting hooked on hair gel.</Overview>
  <ProductionCode></ProductionCode>
  <Rating>7.3</Rating>
  <RatingCount>22</RatingCount>
  <SeasonNumber>2</SeasonNumber>
  <Writer>Taika Waititi</Writer>
  <absolute_number></absolute_number>
  <filename>episodes/80252/443618.jpg</filename>
  <lastupdated>1362935645</lastupdated>
  <seasonid>38357</seasonid>
  <seriesid>80252</seriesid>
</Episode>
<Episode>
  <id>443619</id>
  <Combined_episodenumber>9</Combined_episodenumber>
  <Combined_season>2</Combined_season>
  <DVD_chapter></DVD_chapter>
  <DVD_discid></DVD_discid>
  <DVD_episodenumber></DVD_episodenumber>
  <DVD_season></DVD_season>
  <Director>Troy Miller</Director>
  <EpImgFlag>2</EpImgFlag>
  <EpisodeName>Wingmen</EpisodeName>
  <EpisodeNumber>9</EpisodeNumber>
  <FirstAired>2009-03-15</FirstAired>
  <GuestStars></GuestStars>
  <IMDB_ID></IMDB_ID>
  <Language>en</Language>
  <Overview>Jemaine and Dave help Bret woo the clerk at the cheap zoo (pet shop). Jemaine also helps Murry seek forgiveness from Greg.</Overview>
  <ProductionCode></ProductionCode>
  <Rating>7.5</Rating>
  <RatingCount>19</RatingCount>
  <SeasonNumber>2</SeasonNumber>
  <Writer>|James Bobin|Jemaine Clement|Bret McKenzie</Writer>
  <absolute_number></absolute_number>
  <filename>episodes/80252/443619.jpg</filename>
  <lastupdated>1335869539</lastupdated>
  <seasonid>38357</seasonid>
  <seriesid>80252</seriesid>
</Episode>
<Episode>
  <id>443620</id>
  <Combined_episodenumber>10</Combined_episodenumber>
  <Combined_season>2</Combined_season>
  <DVD_chapter></DVD_chapter>
  <DVD_discid></DVD_discid>
  <DVD_episodenumber></DVD_episodenumber>
  <DVD_season></DVD_season>
  <Director>Taika Cohen</Director>
  <EpImgFlag>2</EpImgFlag>
  <EpisodeName>Evicted</EpisodeName>
  <EpisodeNumber>10</EpisodeNumber>
  <FirstAired>2009-03-22</FirstAired>
  <GuestStars></GuestStars>
  <IMDB_ID></IMDB_ID>
  <Language>en</Language>
  <Overview>Bret and Jermaine can't afford to pay their rent and are forced to move in with Mel and Doug, and Murray believes they can make some money with a theatrical production about the band. </Overview>
  <ProductionCode></ProductionCode>
  <Rating>7.9</Rating>
  <RatingCount>17</RatingCount>
  <SeasonNumber>2</SeasonNumber>
  <Writer></Writer>
  <absolute_number></absolute_number>
  <filename>episodes/80252/443620.jpg</filename>
  <lastupdated>1335869550</lastupdated>
  <seasonid>38357</seasonid>
  <seriesid>80252</seriesid>
</Episode>
</Data>