<?xml version="1.0" encoding="UTF-8" ?>
<Actors>
<Actor>
  <id>48568</id>
  <Image>actors/48568.jpg</Image>
  <Name>Jackie Chan</Name>
  <Role>Jackie Chan</Role>
  <SortOrder>0</SortOrder>
</Actor>
<Actor>
  <id>48579</id>
  <Image></Image>
  <Name>Stacie Chan</Name>
  <Role>Jade</Role>
  <SortOrder>1</SortOrder>
</Actor>
<Actor>
  <id>48577</id>
  <Image>actors/48577.jpg</Image>
  <Name>Sab Shimono</Name>
  <Role>Uncle</Role>
  <SortOrder>2</SortOrder>
</Actor>
<Actor>
  <id>48562</id>
  <Image></Image>
  <Name>Adam Baldwin</Name>
  <Role>Finn</Role>
  <SortOrder>3</SortOrder>
</Actor>
<Actor>
  <id>48573</id>
  <Image></Image>
  <Name>Andrew Abelson</Name>
  <Role></Role>
  <SortOrder>3</SortOrder>
</Actor>
<Actor>
  <id>48563</id>
  <Image></Image>
  <Name>Clancy Brown</Name>
  <Role></Role>
  <SortOrder>3</SortOrder>
</Actor>
<Actor>
  <id>48575</id>
  <Image></Image>
  <Name>Franco Velez</Name>
  <Role></Role>
  <SortOrder>3</SortOrder>
</Actor>
<Actor>
  <id>48570</id>
  <Image></Image>
  <Name>Glenn Shadix</Name>
  <Role></Role>
  <SortOrder>3</SortOrder>
</Actor>
<Actor>
  <id>48569</id>
  <Image></Image>
  <Name>James Hong</Name>
  <Role></Role>
  <SortOrder>3</SortOrder>
</Actor>
<Actor>
  <id>48576</id>
  <Image></Image>
  <Name>James Sie</Name>
  <Role></Role>
  <SortOrder>3</SortOrder>
</Actor>
<Actor>
  <id>48571</id>
  <Image></Image>
  <Name>Jim Cummings</Name>
  <Role></Role>
  <SortOrder>3</SortOrder>
</Actor>
<Actor>
  <id>48578</id>
  <Image></Image>
  <Name>John DiMaggio</Name>
  <Role></Role>
  <SortOrder>3</SortOrder>
</Actor>
<Actor>
  <id>48567</id>
  <Image></Image>
  <Name>Julian Sands</Name>
  <Role></Role>
  <SortOrder>3</SortOrder>
</Actor>
<Actor>
  <id>48564</id>
  <Image></Image>
  <Name>Michael Rosenbaum</Name>
  <Role></Role>
  <SortOrder>3</SortOrder>
</Actor>
<Actor>
  <id>48565</id>
  <Image></Image>
  <Name>Miguel Ferrer</Name>
  <Role></Role>
  <SortOrder>3</SortOrder>
</Actor>
<Actor>
  <id>48566</id>
  <Image></Image>
  <Name>Miguel Sandoval</Name>
  <Role></Role>
  <SortOrder>3</SortOrder>
</Actor>
<Actor>
  <id>48572</id>
  <Image></Image>
  <Name>Noah Nelson</Name>
  <Role></Role>
  <SortOrder>3</SortOrder>
</Actor>
<Actor>
  <id>48574</id>
  <Image></Image>
  <Name>Susan Eisenberg</Name>
  <Role></Role>
  <SortOrder>3</SortOrder>
</Actor>
</Actors>