<?xml version="1.0" encoding="UTF-8" ?>
<Actors>
<Actor>
  <id>283235</id>
  <Image>actors/283235.jpg</Image>
  <Name>Kristen Bell</Name>
  <Role>Jeannie Van Der Hooven</Role>
  <SortOrder>0</SortOrder>
</Actor>
<Actor>
  <id>283236</id>
  <Image>actors/283236.jpg</Image>
  <Name>Don Cheadle</Name>
  <Role>Marty Kaan</Role>
  <SortOrder>1</SortOrder>
</Actor>
<Actor>
  <id>291808</id>
  <Image>actors/291808.jpg</Image>
  <Name>Ben Schwartz</Name>
  <Role>Clyde Oberholt</Role>
  <SortOrder>2</SortOrder>
</Actor>
<Actor>
  <id>303631</id>
  <Image>actors/303631.jpg</Image>
  <Name>Daphne Duplaix</Name>
  <Role>Alisette Kauffman</Role>
  <SortOrder>3</SortOrder>
</Actor>
<Actor>
  <id>291809</id>
  <Image>actors/291809.jpg</Image>
  <Name>Dawn Olivieri </Name>
  <Role>Monica</Role>
  <SortOrder>3</SortOrder>
</Actor>
<Actor>
  <id>291807</id>
  <Image>actors/291807.jpg</Image>
  <Name>Josh Lawson</Name>
  <Role>Doug</Role>
  <SortOrder>3</SortOrder>
</Actor>
<Actor>
  <id>283620</id>
  <Image>actors/283620.jpg</Image>
  <Name>Megalyn Echikunwoke</Name>
  <Role>April</Role>
  <SortOrder>3</SortOrder>
</Actor>
<Actor>
  <id>293156</id>
  <Image></Image>
  <Name>Donis Leonard Jr.</Name>
  <Role>Roscoe Kaan</Role>
  <SortOrder>3</SortOrder>
</Actor>
<Actor>
  <id>293157</id>
  <Image></Image>
  <Name>Glynn Turman</Name>
  <Role>Jeremiah Kaan</Role>
  <SortOrder>3</SortOrder>
</Actor>
</Actors>