<?xml version="1.0" encoding="UTF-8" ?>
<Banners>
<Banner>
  <id>909455</id>
  <BannerPath>fanart/original/247909-8.jpg</BannerPath>
  <BannerType>fanart</BannerType>
  <BannerType2>1920x1080</BannerType2>
  <Colors></Colors>
  <Language>de</Language>
  <Rating>7.6667</Rating>
  <RatingCount>3</RatingCount>
  <SeriesName>false</SeriesName>
  <ThumbnailPath>_cache/fanart/original/247909-8.jpg</ThumbnailPath>
  <VignettePath>fanart/vignette/247909-8.jpg</VignettePath>
</Banner>
<Banner>
  <id>859325</id>
  <BannerPath>fanart/original/247909-1.jpg</BannerPath>
  <BannerType>fanart</BannerType>
  <BannerType2>1920x1080</BannerType2>
  <Colors></Colors>
  <Language>en</Language>
  <Rating>7.0000</Rating>
  <RatingCount>4</RatingCount>
  <SeriesName>false</SeriesName>
  <ThumbnailPath>_cache/fanart/original/247909-1.jpg</ThumbnailPath>
  <VignettePath>fanart/vignette/247909-1.jpg</VignettePath>
</Banner>
<Banner>
  <id>890739</id>
  <BannerPath>fanart/original/247909-6.jpg</BannerPath>
  <BannerType>fanart</BannerType>
  <BannerType2>1920x1080</BannerType2>
  <Colors></Colors>
  <Language>en</Language>
  <Rating>6.6667</Rating>
  <RatingCount>3</RatingCount>
  <SeriesName>false</SeriesName>
  <ThumbnailPath>_cache/fanart/original/247909-6.jpg</ThumbnailPath>
  <VignettePath>fanart/vignette/247909-6.jpg</VignettePath>
</Banner>
<Banner>
  <id>886464</id>
  <BannerPath>fanart/original/247909-3.jpg</BannerPath>
  <BannerType>fanart</BannerType>
  <BannerType2>1920x1080</BannerType2>
  <Colors></Colors>
  <Language>en</Language>
  <Rating>5.7500</Rating>
  <RatingCount>4</RatingCount>
  <SeriesName>false</SeriesName>
  <ThumbnailPath>_cache/fanart/original/247909-3.jpg</ThumbnailPath>
  <VignettePath>fanart/vignette/247909-3.jpg</VignettePath>
</Banner>
<Banner>
  <id>909456</id>
  <BannerPath>fanart/original/247909-9.jpg</BannerPath>
  <BannerType>fanart</BannerType>
  <BannerType2>1920x1080</BannerType2>
  <Colors></Colors>
  <Language>de</Language>
  <Rating>5.5000</Rating>
  <RatingCount>2</RatingCount>
  <SeriesName>false</SeriesName>
  <ThumbnailPath>_cache/fanart/original/247909-9.jpg</ThumbnailPath>
  <VignettePath>fanart/vignette/247909-9.jpg</VignettePath>
</Banner>
<Banner>
  <id>886754</id>
  <BannerPath>fanart/original/247909-4.jpg</BannerPath>
  <BannerType>fanart</BannerType>
  <BannerType2>1920x1080</BannerType2>
  <Colors></Colors>
  <Language>en</Language>
  <Rating></Rating>
  <RatingCount>0</RatingCount>
  <SeriesName>false</SeriesName>
  <ThumbnailPath>_cache/fanart/original/247909-4.jpg</ThumbnailPath>
  <VignettePath>fanart/vignette/247909-4.jpg</VignettePath>
</Banner>
<Banner>
  <id>940510</id>
  <BannerPath>fanart/original/247909-11.jpg</BannerPath>
  <BannerType>fanart</BannerType>
  <BannerType2>1920x1080</BannerType2>
  <Colors></Colors>
  <Language>en</Language>
  <Rating></Rating>
  <RatingCount>0</RatingCount>
  <SeriesName>false</SeriesName>
  <ThumbnailPath>_cache/fanart/original/247909-11.jpg</ThumbnailPath>
  <VignettePath>fanart/vignette/247909-11.jpg</VignettePath>
</Banner>
<Banner>
  <id>909458</id>
  <BannerPath>fanart/original/247909-10.jpg</BannerPath>
  <BannerType>fanart</BannerType>
  <BannerType2>1920x1080</BannerType2>
  <Colors></Colors>
  <Language>de</Language>
  <Rating></Rating>
  <RatingCount>0</RatingCount>
  <SeriesName>false</SeriesName>
  <ThumbnailPath>_cache/fanart/original/247909-10.jpg</ThumbnailPath>
  <VignettePath>fanart/vignette/247909-10.jpg</VignettePath>
</Banner>
<Banner>
  <id>893535</id>
  <BannerPath>fanart/original/247909-2.jpg</BannerPath>
  <BannerType>fanart</BannerType>
  <BannerType2>1920x1080</BannerType2>
  <Colors></Colors>
  <Language>de</Language>
  <Rating></Rating>
  <RatingCount>0</RatingCount>
  <SeriesName>false</SeriesName>
  <ThumbnailPath>_cache/fanart/original/247909-2.jpg</ThumbnailPath>
  <VignettePath>fanart/vignette/247909-2.jpg</VignettePath>
</Banner>
<Banner>
  <id>950398</id>
  <BannerPath>fanart/original/247909-12.jpg</BannerPath>
  <BannerType>fanart</BannerType>
  <BannerType2>1920x1080</BannerType2>
  <Colors></Colors>
  <Language>en</Language>
  <Rating></Rating>
  <RatingCount>0</RatingCount>
  <SeriesName>false</SeriesName>
  <ThumbnailPath>_cache/fanart/original/247909-12.jpg</ThumbnailPath>
  <VignettePath>fanart/vignette/247909-12.jpg</VignettePath>
</Banner>
<Banner>
  <id>890738</id>
  <BannerPath>fanart/original/247909-5.jpg</BannerPath>
  <BannerType>fanart</BannerType>
  <BannerType2>1920x1080</BannerType2>
  <Colors></Colors>
  <Language>en</Language>
  <Rating></Rating>
  <RatingCount>0</RatingCount>
  <SeriesName>false</SeriesName>
  <ThumbnailPath>_cache/fanart/original/247909-5.jpg</ThumbnailPath>
  <VignettePath>fanart/vignette/247909-5.jpg</VignettePath>
</Banner>
<Banner>
  <id>909454</id>
  <BannerPath>fanart/original/247909-7.jpg</BannerPath>
  <BannerType>fanart</BannerType>
  <BannerType2>1920x1080</BannerType2>
  <Colors></Colors>
  <Language>en</Language>
  <Rating></Rating>
  <RatingCount>0</RatingCount>
  <SeriesName>false</SeriesName>
  <ThumbnailPath>_cache/fanart/original/247909-7.jpg</ThumbnailPath>
  <VignettePath>fanart/vignette/247909-7.jpg</VignettePath>
</Banner>
<Banner>
  <id>934326</id>
  <BannerPath>posters/247909-3.jpg</BannerPath>
  <BannerType>poster</BannerType>
  <BannerType2>680x1000</BannerType2>
  <Language>en</Language>
  <Rating>9.5000</Rating>
  <RatingCount>2</RatingCount>
</Banner>
<Banner>
  <id>891287</id>
  <BannerPath>posters/247909-1.jpg</BannerPath>
  <BannerType>poster</BannerType>
  <BannerType2>680x1000</BannerType2>
  <Language>en</Language>
  <Rating>7.2500</Rating>
  <RatingCount>4</RatingCount>
</Banner>
<Banner>
  <id>937482</id>
  <BannerPath>posters/247909-4.jpg</BannerPath>
  <BannerType>poster</BannerType>
  <BannerType2>680x1000</BannerType2>
  <Language>en</Language>
  <Rating>7.0000</Rating>
  <RatingCount>1</RatingCount>
</Banner>
<Banner>
  <id>893669</id>
  <BannerPath>posters/247909-2.jpg</BannerPath>
  <BannerType>poster</BannerType>
  <BannerType2>680x1000</BannerType2>
  <Language>en</Language>
  <Rating>1.0000</Rating>
  <RatingCount>2</RatingCount>
</Banner>
<Banner>
  <id>927239</id>
  <BannerPath>seasons/247909-1-3.jpg</BannerPath>
  <BannerType>season</BannerType>
  <BannerType2>season</BannerType2>
  <Language>en</Language>
  <Rating>10.0000</Rating>
  <RatingCount>2</RatingCount>
  <Season>1</Season>
</Banner>
<Banner>
  <id>891288</id>
  <BannerPath>seasons/247909-1-2.jpg</BannerPath>
  <BannerType>season</BannerType>
  <BannerType2>season</BannerType2>
  <Language>en</Language>
  <Rating>7.0000</Rating>
  <RatingCount>3</RatingCount>
  <Season>1</Season>
</Banner>
<Banner>
  <id>891232</id>
  <BannerPath>seasons/247909-1.jpg</BannerPath>
  <BannerType>season</BannerType>
  <BannerType2>season</BannerType2>
  <Language>en</Language>
  <Rating></Rating>
  <RatingCount>0</RatingCount>
  <Season>1</Season>
</Banner>
<Banner>
  <id>947148</id>
  <BannerPath>seasons/247909-2.jpg</BannerPath>
  <BannerType>season</BannerType>
  <BannerType2>season</BannerType2>
  <Language>en</Language>
  <Rating></Rating>
  <RatingCount>0</RatingCount>
  <Season>2</Season>
</Banner>
<Banner>
  <id>937485</id>
  <BannerPath>graphical/247909-g4.jpg</BannerPath>
  <BannerType>series</BannerType>
  <BannerType2>graphical</BannerType2>
  <Language>en</Language>
  <Rating>10.0000</Rating>
  <RatingCount>1</RatingCount>
</Banner>
<Banner>
  <id>888557</id>
  <BannerPath>graphical/247909-g3.jpg</BannerPath>
  <BannerType>series</BannerType>
  <BannerType2>graphical</BannerType2>
  <Language>en</Language>
  <Rating>9.0000</Rating>
  <RatingCount>2</RatingCount>
</Banner>
<Banner>
  <id>882876</id>
  <BannerPath>graphical/247909-g2.jpg</BannerPath>
  <BannerType>series</BannerType>
  <BannerType2>graphical</BannerType2>
  <Language>en</Language>
  <Rating></Rating>
  <RatingCount>0</RatingCount>
</Banner>
<Banner>
  <id>882878</id>
  <BannerPath>graphical/247909-g.jpg</BannerPath>
  <BannerType>series</BannerType>
  <BannerType2>graphical</BannerType2>
  <Language>en</Language>
  <Rating></Rating>
  <RatingCount>0</RatingCount>
</Banner>
</Banners>