<?xml version="1.0" encoding="UTF-8" ?>
<Data><Series>
  <id>247909</id>
  <Actors>|Kristen Bell|Don Cheadle|Ben Schwartz|Daphne Duplaix|Dawn Olivieri |Josh Lawson|Megalyn Echikunwoke|Donis Leonard Jr.|Glynn Turman|</Actors>
  <Airs_DayOfWeek>Sunday</Airs_DayOfWeek>
  <Airs_Time>10:00 PM</Airs_Time>
  <ContentRating>TV-MA</ContentRating>
  <FirstAired>2012-01-08</FirstAired>
  <Genre>|Comedy|</Genre>
  <IMDB_ID>tt1797404</IMDB_ID>
  <Language>en</Language>
  <Network>Showtime</Network>
  <NetworkID></NetworkID>
  <Overview>A subversive, scathing look at a self-loathing management consultant from a top-tier firm. Marty, a highly successful, cutthroat consultant is never above using any means (or anyone) necessary to get his clients the information they want.</Overview>
  <Rating>8.1</Rating>
  <RatingCount>24</RatingCount>
  <Runtime>30</Runtime>
  <SeriesID>80667</SeriesID>
  <SeriesName>House of Lies</SeriesName>
  <Status>Continuing</Status>
  <added>2011-04-13 01:36:42</added>
  <addedBy>189961</addedBy>
  <banner>graphical/247909-g4.jpg</banner>
  <fanart>fanart/original/247909-8.jpg</fanart>
  <lastupdated>1365570798</lastupdated>
  <poster>posters/247909-3.jpg</poster>
  <zap2it_id>SH01481218</zap2it_id>
</Series>
<Episode>
  <id>4507838</id>
  <Combined_episodenumber>0</Combined_episodenumber>
  <Combined_season>0</Combined_season>
  <DVD_chapter></DVD_chapter>
  <DVD_discid></DVD_discid>
  <DVD_episodenumber></DVD_episodenumber>
  <DVD_season></DVD_season>
  <Director></Director>
  <EpImgFlag></EpImgFlag>
  <EpisodeName></EpisodeName>
  <EpisodeNumber>0</EpisodeNumber>
  <FirstAired></FirstAired>
  <GuestStars></GuestStars>
  <IMDB_ID></IMDB_ID>
  <Language>en</Language>
  <Overview></Overview>
  <ProductionCode></ProductionCode>
  <Rating></Rating>
  <RatingCount>0</RatingCount>
  <SeasonNumber>0</SeasonNumber>
  <Writer></Writer>
  <absolute_number></absolute_number>
  <airsafter_season></airsafter_season>
  <airsbefore_episode></airsbefore_episode>
  <airsbefore_season></airsbefore_season>
  <filename></filename>
  <lastupdated>1365532920</lastupdated>
  <seasonid>513401</seasonid>
  <seriesid>247909</seriesid>
</Episode>
<Episode>
  <id>4507826</id>
  <Combined_episodenumber>2</Combined_episodenumber>
  <Combined_season>0</Combined_season>
  <DVD_chapter></DVD_chapter>
  <DVD_discid></DVD_discid>
  <DVD_episodenumber></DVD_episodenumber>
  <DVD_season></DVD_season>
  <Director></Director>
  <EpImgFlag></EpImgFlag>
  <EpisodeName></EpisodeName>
  <EpisodeNumber>2</EpisodeNumber>
  <FirstAired></FirstAired>
  <GuestStars></GuestStars>
  <IMDB_ID></IMDB_ID>
  <Language>en</Language>
  <Overview></Overview>
  <ProductionCode></ProductionCode>
  <Rating></Rating>
  <RatingCount>0</RatingCount>
  <SeasonNumber>0</SeasonNumber>
  <Writer></Writer>
  <absolute_number></absolute_number>
  <airsafter_season></airsafter_season>
  <airsbefore_episode></airsbefore_episode>
  <airsbefore_season></airsbefore_season>
  <filename></filename>
  <lastupdated>1361640540</lastupdated>
  <seasonid>513401</seasonid>
  <seriesid>247909</seriesid>
</Episode>
<Episode>
  <id>4507827</id>
  <Combined_episodenumber>3</Combined_episodenumber>
  <Combined_season>0</Combined_season>
  <DVD_chapter></DVD_chapter>
  <DVD_discid></DVD_discid>
  <DVD_episodenumber></DVD_episodenumber>
  <DVD_season></DVD_season>
  <Director></Director>
  <EpImgFlag></EpImgFlag>
  <EpisodeName></EpisodeName>
  <EpisodeNumber>3</EpisodeNumber>
  <FirstAired></FirstAired>
  <GuestStars></GuestStars>
  <IMDB_ID></IMDB_ID>
  <Language>en</Language>
  <Overview></Overview>
  <ProductionCode></ProductionCode>
  <Rating></Rating>
  <RatingCount>0</RatingCount>
  <SeasonNumber>0</SeasonNumber>
  <Writer></Writer>
  <absolute_number></absolute_number>
  <airsafter_season></airsafter_season>
  <airsbefore_episode></airsbefore_episode>
  <airsbefore_season></airsbefore_season>
  <filename></filename>
  <lastupdated>1361640551</lastupdated>
  <seasonid>513401</seasonid>
  <seriesid>247909</seriesid>
</Episode>
<Episode>
  <id>4507829</id>
  <Combined_episodenumber>4</Combined_episodenumber>
  <Combined_season>0</Combined_season>
  <DVD_chapter></DVD_chapter>
  <DVD_discid></DVD_discid>
  <DVD_episodenumber></DVD_episodenumber>
  <DVD_season></DVD_season>
  <Director></Director>
  <EpImgFlag></EpImgFlag>
  <EpisodeName></EpisodeName>
  <EpisodeNumber>4</EpisodeNumber>
  <FirstAired></FirstAired>
  <GuestStars></GuestStars>
  <IMDB_ID></IMDB_ID>
  <Language>en</Language>
  <Overview></Overview>
  <ProductionCode></ProductionCode>
  <Rating></Rating>
  <RatingCount>0</RatingCount>
  <SeasonNumber>0</SeasonNumber>
  <Writer></Writer>
  <absolute_number></absolute_number>
  <airsafter_season></airsafter_season>
  <airsbefore_episode></airsbefore_episode>
  <airsbefore_season></airsbefore_season>
  <filename></filename>
  <lastupdated>1361640560</lastupdated>
  <seasonid>513401</seasonid>
  <seriesid>247909</seriesid>
</Episode>
<Episode>
  <id>4507830</id>
  <Combined_episodenumber>5</Combined_episodenumber>
  <Combined_season>0</Combined_season>
  <DVD_chapter></DVD_chapter>
  <DVD_discid></DVD_discid>
  <DVD_episodenumber></DVD_episodenumber>
  <DVD_season></DVD_season>
  <Director></Director>
  <EpImgFlag></EpImgFlag>
  <EpisodeName></EpisodeName>
  <EpisodeNumber>5</EpisodeNumber>
  <FirstAired></FirstAired>
  <GuestStars></GuestStars>
  <IMDB_ID></IMDB_ID>
  <Language>en</Language>
  <Overview></Overview>
  <ProductionCode></ProductionCode>
  <Rating></Rating>
  <RatingCount>0</RatingCount>
  <SeasonNumber>0</SeasonNumber>
  <Writer></Writer>
  <absolute_number></absolute_number>
  <airsafter_season></airsafter_season>
  <airsbefore_episode></airsbefore_episode>
  <airsbefore_season></airsbefore_season>
  <filename></filename>
  <lastupdated>1361640572</lastupdated>
  <seasonid>513401</seasonid>
  <seriesid>247909</seriesid>
</Episode>
<Episode>
  <id>4507831</id>
  <Combined_episodenumber>6</Combined_episodenumber>
  <Combined_season>0</Combined_season>
  <DVD_chapter></DVD_chapter>
  <DVD_discid></DVD_discid>
  <DVD_episodenumber></DVD_episodenumber>
  <DVD_season></DVD_season>
  <Director></Director>
  <EpImgFlag></EpImgFlag>
  <EpisodeName></EpisodeName>
  <EpisodeNumber>6</EpisodeNumber>
  <FirstAired></FirstAired>
  <GuestStars></GuestStars>
  <IMDB_ID></IMDB_ID>
  <Language>en</Language>
  <Overview></Overview>
  <ProductionCode></ProductionCode>
  <Rating></Rating>
  <RatingCount>0</RatingCount>
  <SeasonNumber>0</SeasonNumber>
  <Writer></Writer>
  <absolute_number></absolute_number>
  <airsafter_season></airsafter_season>
  <airsbefore_episode></airsbefore_episode>
  <airsbefore_season></airsbefore_season>
  <filename></filename>
  <lastupdated>1361640582</lastupdated>
  <seasonid>513401</seasonid>
  <seriesid>247909</seriesid>
</Episode>
<Episode>
  <id>4507832</id>
  <Combined_episodenumber>7</Combined_episodenumber>
  <Combined_season>0</Combined_season>
  <DVD_chapter></DVD_chapter>
  <DVD_discid></DVD_discid>
  <DVD_episodenumber></DVD_episodenumber>
  <DVD_season></DVD_season>
  <Director></Director>
  <EpImgFlag></EpImgFlag>
  <EpisodeName></EpisodeName>
  <EpisodeNumber>7</EpisodeNumber>
  <FirstAired></FirstAired>
  <GuestStars></GuestStars>
  <IMDB_ID></IMDB_ID>
  <Language>en</Language>
  <Overview></Overview>
  <ProductionCode></ProductionCode>
  <Rating></Rating>
  <RatingCount>0</RatingCount>
  <SeasonNumber>0</SeasonNumber>
  <Writer></Writer>
  <absolute_number></absolute_number>
  <airsafter_season></airsafter_season>
  <airsbefore_episode></airsbefore_episode>
  <airsbefore_season></airsbefore_season>
  <filename></filename>
  <lastupdated>1361640591</lastupdated>
  <seasonid>513401</seasonid>
  <seriesid>247909</seriesid>
</Episode>
<Episode>
  <id>4507833</id>
  <Combined_episodenumber>8</Combined_episodenumber>
  <Combined_season>0</Combined_season>
  <DVD_chapter></DVD_chapter>
  <DVD_discid></DVD_discid>
  <DVD_episodenumber></DVD_episodenumber>
  <DVD_season></DVD_season>
  <Director></Director>
  <EpImgFlag></EpImgFlag>
  <EpisodeName></EpisodeName>
  <EpisodeNumber>8</EpisodeNumber>
  <FirstAired></FirstAired>
  <GuestStars></GuestStars>
  <IMDB_ID></IMDB_ID>
  <Language>en</Language>
  <Overview></Overview>
  <ProductionCode></ProductionCode>
  <Rating></Rating>
  <RatingCount>0</RatingCount>
  <SeasonNumber>0</SeasonNumber>
  <Writer></Writer>
  <absolute_number></absolute_number>
  <airsafter_season></airsafter_season>
  <airsbefore_episode></airsbefore_episode>
  <airsbefore_season></airsbefore_season>
  <filename></filename>
  <lastupdated>1361640601</lastupdated>
  <seasonid>513401</seasonid>
  <seriesid>247909</seriesid>
</Episode>
<Episode>
  <id>4507834</id>
  <Combined_episodenumber>9</Combined_episodenumber>
  <Combined_season>0</Combined_season>
  <DVD_chapter></DVD_chapter>
  <DVD_discid></DVD_discid>
  <DVD_episodenumber></DVD_episodenumber>
  <DVD_season></DVD_season>
  <Director></Director>
  <EpImgFlag></EpImgFlag>
  <EpisodeName></EpisodeName>
  <EpisodeNumber>9</EpisodeNumber>
  <FirstAired></FirstAired>
  <GuestStars></GuestStars>
  <IMDB_ID></IMDB_ID>
  <Language>en</Language>
  <Overview></Overview>
  <ProductionCode></ProductionCode>
  <Rating></Rating>
  <RatingCount>0</RatingCount>
  <SeasonNumber>0</SeasonNumber>
  <Writer></Writer>
  <absolute_number></absolute_number>
  <airsafter_season></airsafter_season>
  <airsbefore_episode></airsbefore_episode>
  <airsbefore_season></airsbefore_season>
  <filename></filename>
  <lastupdated>1361640610</lastupdated>
  <seasonid>513401</seasonid>
  <seriesid>247909</seriesid>
</Episode>
<Episode>
  <id>4507835</id>
  <Combined_episodenumber>10</Combined_episodenumber>
  <Combined_season>0</Combined_season>
  <DVD_chapter></DVD_chapter>
  <DVD_discid></DVD_discid>
  <DVD_episodenumber></DVD_episodenumber>
  <DVD_season></DVD_season>
  <Director></Director>
  <EpImgFlag></EpImgFlag>
  <EpisodeName></EpisodeName>
  <EpisodeNumber>10</EpisodeNumber>
  <FirstAired></FirstAired>
  <GuestStars></GuestStars>
  <IMDB_ID></IMDB_ID>
  <Language>en</Language>
  <Overview></Overview>
  <ProductionCode></ProductionCode>
  <Rating></Rating>
  <RatingCount>0</RatingCount>
  <SeasonNumber>0</SeasonNumber>
  <Writer></Writer>
  <absolute_number></absolute_number>
  <airsafter_season></airsafter_season>
  <airsbefore_episode></airsbefore_episode>
  <airsbefore_season></airsbefore_season>
  <filename></filename>
  <lastupdated>1361640618</lastupdated>
  <seasonid>513401</seasonid>
  <seriesid>247909</seriesid>
</Episode>
<Episode>
  <id>4507837</id>
  <Combined_episodenumber>11</Combined_episodenumber>
  <Combined_season>0</Combined_season>
  <DVD_chapter></DVD_chapter>
  <DVD_discid></DVD_discid>
  <DVD_episodenumber></DVD_episodenumber>
  <DVD_season></DVD_season>
  <Director></Director>
  <EpImgFlag></EpImgFlag>
  <EpisodeName></EpisodeName>
  <EpisodeNumber>11</EpisodeNumber>
  <FirstAired></FirstAired>
  <GuestStars></GuestStars>
  <IMDB_ID></IMDB_ID>
  <Language>en</Language>
  <Overview></Overview>
  <ProductionCode></ProductionCode>
  <Rating></Rating>
  <RatingCount>0</RatingCount>
  <SeasonNumber>0</SeasonNumber>
  <Writer></Writer>
  <absolute_number></absolute_number>
  <airsafter_season></airsafter_season>
  <airsbefore_episode></airsbefore_episode>
  <airsbefore_season></airsbefore_season>
  <filename></filename>
  <lastupdated>1361640626</lastupdated>
  <seasonid>513401</seasonid>
  <seriesid>247909</seriesid>
</Episode>
<Episode>
  <id>4077530</id>
  <Combined_episodenumber>1</Combined_episodenumber>
  <Combined_season>1</Combined_season>
  <DVD_chapter></DVD_chapter>
  <DVD_discid></DVD_discid>
  <DVD_episodenumber></DVD_episodenumber>
  <DVD_season></DVD_season>
  <Director>Stephen Hopkins</Director>
  <EpImgFlag>2</EpImgFlag>
  <EpisodeName>Gods of Dangerous Financial Instruments</EpisodeName>
  <EpisodeNumber>1</EpisodeNumber>
  <FirstAired>2012-01-08</FirstAired>
  <GuestStars>Greg Germann</GuestStars>
  <IMDB_ID>tt2082715</IMDB_ID>
  <Language>en</Language>
  <Overview>Marty and The Pod travel to New York to consult for MetroCapital, a mega-bank that is looking for a plan to unscrupulously justify taking their year-end bonuses as the financial world around them burns. Unfortunately, Marty makes an enemy out of MetroCapital's number two guy, Greg Norbert, in the process. Back at home, Marty gets some unwanted advice on how to raise his son, Roscoe, from Jeremiah, Marty's live-in father, when Roscoe decides to try out for the female lead in a school play.</Overview>
  <ProductionCode></ProductionCode>
  <Rating>7.5</Rating>
  <RatingCount>64</RatingCount>
  <SeasonNumber>1</SeasonNumber>
  <Writer>Matthew Carnahan</Writer>
  <absolute_number></absolute_number>
  <filename>episodes/247909/4077530.jpg</filename>
  <lastupdated>1365363041</lastupdated>
  <seasonid>463684</seasonid>
  <seriesid>247909</seriesid>
</Episode>
<Episode>
  <id>4230893</id>
  <Combined_episodenumber>2</Combined_episodenumber>
  <Combined_season>1</Combined_season>
  <DVD_chapter></DVD_chapter>
  <DVD_discid></DVD_discid>
  <DVD_episodenumber></DVD_episodenumber>
  <DVD_season></DVD_season>
  <Director>Stephen Hopkins</Director>
  <EpImgFlag>2</EpImgFlag>
  <EpisodeName>Amsterdam</EpisodeName>
  <EpisodeNumber>2</EpisodeNumber>
  <FirstAired>2012-01-15</FirstAired>
  <GuestStars>Cat Deeley</GuestStars>
  <IMDB_ID></IMDB_ID>
  <Language>en</Language>
  <Overview>Marty and The Pod are sent to Phoenix to clean up a mess at a very powerful sports franchise caused by the impending divorce of its high-powered owners. Jeannie takes a dinner meeting with Derek, an old flame, but is deflated when she finds out his real intentions toward her. On the home front, Marty continues his personal war with Principal Gita over Roscoe's cross-dressing.</Overview>
  <ProductionCode></ProductionCode>
  <Rating>7.5</Rating>
  <RatingCount>45</RatingCount>
  <SeasonNumber>1</SeasonNumber>
  <Writer>Matthew Carnahan</Writer>
  <absolute_number></absolute_number>
  <filename>episodes/247909/4230893.jpg</filename>
  <lastupdated>1365363073</lastupdated>
  <seasonid>463684</seasonid>
  <seriesid>247909</seriesid>
</Episode>
<Episode>
  <id>4230894</id>
  <Combined_episodenumber>3</Combined_episodenumber>
  <Combined_season>1</Combined_season>
  <DVD_chapter></DVD_chapter>
  <DVD_discid></DVD_discid>
  <DVD_episodenumber></DVD_episodenumber>
  <DVD_season></DVD_season>
  <Director>|Seith Mann|</Director>
  <EpImgFlag>2</EpImgFlag>
  <EpisodeName>Microphallus</EpisodeName>
  <EpisodeNumber>3</EpisodeNumber>
  <FirstAired>2012-01-22</FirstAired>
  <GuestStars></GuestStars>
  <IMDB_ID>tt2174547</IMDB_ID>
  <Language>en</Language>
  <Overview>Marty arrives at the offices to find Greg Norbert there to announce the possible acquisition of Galweather by MetroCapital; the Pod flies to Indiana to consult for a beverage company, where Marty applies his management skills to turn a loss into a win; Clyde questions whether Doug really hooked up with a transvestite; Roscoe struggles with the confusing feelings of liking both a boy and a girl.</Overview>
  <ProductionCode></ProductionCode>
  <Rating>7.6</Rating>
  <RatingCount>39</RatingCount>
  <SeasonNumber>1</SeasonNumber>
  <Writer>|Matthew Carnahan|</Writer>
  <absolute_number></absolute_number>
  <filename>episodes/247909/4230894.jpg</filename>
  <lastupdated>1365020112</lastupdated>
  <seasonid>463684</seasonid>
  <seriesid>247909</seriesid>
</Episode>
<Episode>
  <id>4230895</id>
  <Combined_episodenumber>4</Combined_episodenumber>
  <Combined_season>1</Combined_season>
  <DVD_chapter></DVD_chapter>
  <DVD_discid></DVD_discid>
  <DVD_episodenumber></DVD_episodenumber>
  <DVD_season></DVD_season>
  <Director>Stephen Hopkins</Director>
  <EpImgFlag>2</EpImgFlag>
  <EpisodeName>Mini-Mogul</EpisodeName>
  <EpisodeNumber>4</EpisodeNumber>
  <FirstAired>2012-01-29</FirstAired>
  <GuestStars></GuestStars>
  <IMDB_ID></IMDB_ID>
  <Language>en</Language>
  <Overview>With Jeremiah out of town, Marty is forced to bring his son Roscoe to his next job in San Francisco; hoping for some quality time with his dad, Roscoe ends up spending it all with the Pod when Marty is forced to babysit Alex Katsnelson, the teenage CEO of a security software company. Meanwhile, Jeannie reacts to her recent engagement by having a tryst with Kurt, a tortured musician she randomly meets in a coffee house.</Overview>
  <ProductionCode></ProductionCode>
  <Rating>7.6</Rating>
  <RatingCount>34</RatingCount>
  <SeasonNumber>1</SeasonNumber>
  <Writer>|Kate Garwood|Karin Gist|</Writer>
  <absolute_number></absolute_number>
  <filename>episodes/247909/4230895.jpg</filename>
  <lastupdated>1365020266</lastupdated>
  <seasonid>463684</seasonid>
  <seriesid>247909</seriesid>
</Episode>
<Episode>
  <id>4236103</id>
  <Combined_episodenumber>5</Combined_episodenumber>
  <Combined_season>1</Combined_season>
  <DVD_chapter></DVD_chapter>
  <DVD_discid></DVD_discid>
  <DVD_episodenumber></DVD_episodenumber>
  <DVD_season></DVD_season>
  <Director>Adam Bernstein</Director>
  <EpImgFlag>2</EpImgFlag>
  <EpisodeName>Utah</EpisodeName>
  <EpisodeNumber>5</EpisodeNumber>
  <FirstAired>2012-02-05</FirstAired>
  <GuestStars></GuestStars>
  <IMDB_ID></IMDB_ID>
  <Language>en</Language>
  <Overview>Jeannie has to take charge of the Pod when the racist CEO of a motel chain has reservations about dealing with Marty. Meanwhile, Clyde hopes to hit it off with a lovely Mormon virgin; and when Monica finds she has some free time on her hands, she decides to spend it with Roscoe.</Overview>
  <ProductionCode></ProductionCode>
  <Rating>7.5</Rating>
  <RatingCount>35</RatingCount>
  <SeasonNumber>1</SeasonNumber>
  <Writer>David Walpert</Writer>
  <absolute_number></absolute_number>
  <filename>episodes/247909/4236103.jpg</filename>
  <lastupdated>1365020291</lastupdated>
  <seasonid>463684</seasonid>
  <seriesid>247909</seriesid>
</Episode>
<Episode>
  <id>4236104</id>
  <Combined_episodenumber>6</Combined_episodenumber>
  <Combined_season>1</Combined_season>
  <DVD_chapter></DVD_chapter>
  <DVD_discid></DVD_discid>
  <DVD_episodenumber></DVD_episodenumber>
  <DVD_season></DVD_season>
  <Director>Stephen Hopkins</Director>
  <EpImgFlag>2</EpImgFlag>
  <EpisodeName>Our Descent Into Los Angeles</EpisodeName>
  <EpisodeNumber>6</EpisodeNumber>
  <FirstAired>2012-02-12</FirstAired>
  <GuestStars></GuestStars>
  <IMDB_ID></IMDB_ID>
  <Language>en</Language>
  <Overview>Marty goes to war with his son's school when Roscoe is accused of sexual harassment for trying to kiss a boy. On the home front, Marty's personal life is further complicated when April, a stripper he met in New York, suddenly reappears. Meanwhile, Jeannie starts to get cold feet at the prospect of her upcoming wedding.</Overview>
  <ProductionCode></ProductionCode>
  <Rating>7.7</Rating>
  <RatingCount>32</RatingCount>
  <SeasonNumber>1</SeasonNumber>
  <Writer>|Matthew Carnahan|Devon Shepard|</Writer>
  <absolute_number></absolute_number>
  <filename>episodes/247909/4236104.jpg</filename>
  <lastupdated>1365020322</lastupdated>
  <seasonid>463684</seasonid>
  <seriesid>247909</seriesid>
</Episode>
<Episode>
  <id>4236105</id>
  <Combined_episodenumber>7</Combined_episodenumber>
  <Combined_season>1</Combined_season>
  <DVD_chapter></DVD_chapter>
  <DVD_discid></DVD_discid>
  <DVD_episodenumber></DVD_episodenumber>
  <DVD_season></DVD_season>
  <Director>Miguel Arteta</Director>
  <EpImgFlag>2</EpImgFlag>
  <EpisodeName>Bareback Town</EpisodeName>
  <EpisodeNumber>7</EpisodeNumber>
  <FirstAired>2012-02-19</FirstAired>
  <GuestStars></GuestStars>
  <IMDB_ID></IMDB_ID>
  <Language>en</Language>
  <Overview>When the Pod goes to Washington D.C. to consult for a pharmaceutical company, Marty faces a challenge from April to stay monogamous on the road, which puts Jeannie in the position of having to &quot;take one for the team&quot; and fully satisfy a female client; Jeremiah reveals something serious to April, asking for her discretion until he can tell Marty himself; a jealous Monica drops a huge bombshell on Marty.</Overview>
  <ProductionCode></ProductionCode>
  <Rating>7.7</Rating>
  <RatingCount>32</RatingCount>
  <SeasonNumber>1</SeasonNumber>
  <Writer>Barbara Nance</Writer>
  <absolute_number></absolute_number>
  <filename>episodes/247909/4236105.jpg</filename>
  <lastupdated>1365020351</lastupdated>
  <seasonid>463684</seasonid>
  <seriesid>247909</seriesid>
</Episode>
<Episode>
  <id>4256942</id>
  <Combined_episodenumber>8</Combined_episodenumber>
  <Combined_season>1</Combined_season>
  <DVD_chapter></DVD_chapter>
  <DVD_discid></DVD_discid>
  <DVD_episodenumber></DVD_episodenumber>
  <DVD_season></DVD_season>
  <Director>Stephen Hopkins</Director>
  <EpImgFlag>2</EpImgFlag>
  <EpisodeName>Veritas</EpisodeName>
  <EpisodeNumber>8</EpisodeNumber>
  <FirstAired>2012-03-04</FirstAired>
  <GuestStars></GuestStars>
  <IMDB_ID></IMDB_ID>
  <Language>en</Language>
  <Overview>Marty and the Pod participate in Galweather-Stearn's annual recruiting event, where the best and brightest from Harvard Business School are wined and dined. Marty takes the sole black recruit in the predominantly white affair under his wing; Doug tries to prove to Clyde that he can coach any of the potential candidates onto &quot;the list;&quot; Jeannie grills a sexy, flirtatious recruit to see if she's all style and no substance, but a secret of Jeannie's is revealed that makes her stance somewhat hypocritical.</Overview>
  <ProductionCode></ProductionCode>
  <Rating>7.9</Rating>
  <RatingCount>31</RatingCount>
  <SeasonNumber>1</SeasonNumber>
  <Writer>Wesley S. Nickerson III</Writer>
  <absolute_number></absolute_number>
  <filename>episodes/247909/4256942.jpg</filename>
  <lastupdated>1365020371</lastupdated>
  <seasonid>463684</seasonid>
  <seriesid>247909</seriesid>
</Episode>
<Episode>
  <id>4256943</id>
  <Combined_episodenumber>9</Combined_episodenumber>
  <Combined_season>1</Combined_season>
  <DVD_chapter></DVD_chapter>
  <DVD_discid></DVD_discid>
  <DVD_episodenumber></DVD_episodenumber>
  <DVD_season></DVD_season>
  <Director>Stephen Hopkins</Director>
  <EpImgFlag>2</EpImgFlag>
  <EpisodeName>Ouroboros</EpisodeName>
  <EpisodeNumber>9</EpisodeNumber>
  <FirstAired>2012-03-11</FirstAired>
  <GuestStars></GuestStars>
  <IMDB_ID></IMDB_ID>
  <Language>en</Language>
  <Overview>Marty and the Pod are put through the ringer by their arch-rival firm Kinsley-Johnson as part of the due diligence performed by MetroCapital for the pending merger; Jeannie does her best to keep Wes and the marriage at bay but fails to keep it a secret from Marty; Monica and Roscoe bond but Marty learns about Jeremiah's secret and receives shocking news from Monica.</Overview>
  <ProductionCode></ProductionCode>
  <Rating>7.7</Rating>
  <RatingCount>28</RatingCount>
  <SeasonNumber>1</SeasonNumber>
  <Writer>Matthew Carnahan</Writer>
  <absolute_number></absolute_number>
  <filename>episodes/247909/4256943.jpg</filename>
  <lastupdated>1365020397</lastupdated>
  <seasonid>463684</seasonid>
  <seriesid>247909</seriesid>
</Episode>
<Episode>
  <id>4256944</id>
  <Combined_episodenumber>10</Combined_episodenumber>
  <Combined_season>1</Combined_season>
  <DVD_chapter></DVD_chapter>
  <DVD_discid></DVD_discid>
  <DVD_episodenumber></DVD_episodenumber>
  <DVD_season></DVD_season>
  <Director>Beth McCarthy Miller</Director>
  <EpImgFlag>2</EpImgFlag>
  <EpisodeName>Prologue and Aftermath</EpisodeName>
  <EpisodeNumber>10</EpisodeNumber>
  <FirstAired>2012-03-18</FirstAired>
  <GuestStars></GuestStars>
  <IMDB_ID></IMDB_ID>
  <Language>en</Language>
  <Overview>Jeannie embarks on a gig to establish her own legend in the consulting world when she leads the Pod to her hometown on a mission to resurrect an ailing church; Marty enters into custody mediation with Monica but her powers of manipulation are in full force, threatening Marty's relationship with April.</Overview>
  <ProductionCode></ProductionCode>
  <Rating>7.9</Rating>
  <RatingCount>28</RatingCount>
  <SeasonNumber>1</SeasonNumber>
  <Writer>Karen Gist</Writer>
  <absolute_number></absolute_number>
  <filename>episodes/247909/4256944.jpg</filename>
  <lastupdated>1365020434</lastupdated>
  <seasonid>463684</seasonid>
  <seriesid>247909</seriesid>
</Episode>
<Episode>
  <id>4256945</id>
  <Combined_episodenumber>11</Combined_episodenumber>
  <Combined_season>1</Combined_season>
  <DVD_chapter></DVD_chapter>
  <DVD_discid></DVD_discid>
  <DVD_episodenumber></DVD_episodenumber>
  <DVD_season></DVD_season>
  <Director>Stephen Hopkins</Director>
  <EpImgFlag>2</EpImgFlag>
  <EpisodeName>Business</EpisodeName>
  <EpisodeNumber>11</EpisodeNumber>
  <FirstAired>2012-03-25</FirstAired>
  <GuestStars></GuestStars>
  <IMDB_ID></IMDB_ID>
  <Language>en</Language>
  <Overview>Marty and &quot;The Rainmaker&quot; work together to put the kibosh on their firm's acquisition by MetroCapital but a back-stabbing turn of events leaves Marty and &quot;The Rainmaker&quot; mortal enemies instead of valued allies; in the aftermath of the news about April, Marty must deal with attitude from Roscoe.</Overview>
  <ProductionCode></ProductionCode>
  <Rating>7.8</Rating>
  <RatingCount>27</RatingCount>
  <SeasonNumber>1</SeasonNumber>
  <Writer>David Walpert</Writer>
  <absolute_number></absolute_number>
  <filename>episodes/247909/4256945.jpg</filename>
  <lastupdated>1365020459</lastupdated>
  <seasonid>463684</seasonid>
  <seriesid>247909</seriesid>
</Episode>
<Episode>
  <id>4264980</id>
  <Combined_episodenumber>12</Combined_episodenumber>
  <Combined_season>1</Combined_season>
  <DVD_chapter></DVD_chapter>
  <DVD_discid></DVD_discid>
  <DVD_episodenumber></DVD_episodenumber>
  <DVD_season></DVD_season>
  <Director>Matthew Carnahan</Director>
  <EpImgFlag>2</EpImgFlag>
  <EpisodeName>The Mayan Apocalypse</EpisodeName>
  <EpisodeNumber>12</EpisodeNumber>
  <FirstAired>2012-04-01</FirstAired>
  <GuestStars></GuestStars>
  <IMDB_ID></IMDB_ID>
  <Language>en</Language>
  <Overview>With the help of Greg Norbert, Marty and the Pod fight to pull off an eleventh-hour reprieve and stop the MetroCapital acquisition from happening; Jeannie makes a decision about marrying Wes; Marty's son Roscoe makes a life-altering choice of his own.</Overview>
  <ProductionCode></ProductionCode>
  <Rating>8.3</Rating>
  <RatingCount>29</RatingCount>
  <SeasonNumber>1</SeasonNumber>
  <Writer>Matthew Carnahan</Writer>
  <absolute_number></absolute_number>
  <filename>episodes/247909/4264980.jpg</filename>
  <lastupdated>1365020493</lastupdated>
  <seasonid>463684</seasonid>
  <seriesid>247909</seriesid>
</Episode>
<Episode>
  <id>4400382</id>
  <Combined_episodenumber>1</Combined_episodenumber>
  <Combined_season>2</Combined_season>
  <DVD_chapter></DVD_chapter>
  <DVD_discid></DVD_discid>
  <DVD_episodenumber></DVD_episodenumber>
  <DVD_season></DVD_season>
  <Director>|Stephen Hopkins|</Director>
  <EpImgFlag>2</EpImgFlag>
  <EpisodeName>Stochasticity</EpisodeName>
  <EpisodeNumber>1</EpisodeNumber>
  <FirstAired>2013-01-13</FirstAired>
  <GuestStars>|Bess Armstrong|Kevin Dobson|Ronete Levenson|</GuestStars>
  <IMDB_ID>tt2352505</IMDB_ID>
  <Language>en</Language>
  <Overview>In the Season 2 premiere, the aftermath of the sexual-harassment scandal leaves Marty and his Pod adjusting to a new corporate culture at Galweather Stearn, where the interim CEO entrusts consummate closer Marty with sealing a big deal. Later, a boozy night on the town leaves Jeannie reeling, while Marty's relationship with Roscoe is in need of some repair.</Overview>
  <ProductionCode></ProductionCode>
  <Rating>8.3</Rating>
  <RatingCount>16</RatingCount>
  <SeasonNumber>2</SeasonNumber>
  <Writer>|Matthew Carnahan|</Writer>
  <absolute_number>13</absolute_number>
  <filename>episodes/247909/4400382.jpg</filename>
  <lastupdated>1360248386</lastupdated>
  <seasonid>501078</seasonid>
  <seriesid>247909</seriesid>
</Episode>
<Episode>
  <id>4456893</id>
  <Combined_episodenumber>2</Combined_episodenumber>
  <Combined_season>2</Combined_season>
  <DVD_chapter></DVD_chapter>
  <DVD_discid></DVD_discid>
  <DVD_episodenumber></DVD_episodenumber>
  <DVD_season></DVD_season>
  <Director>|Stephen Hopkins|</Director>
  <EpImgFlag>2</EpImgFlag>
  <EpisodeName>When Dinosaurs Ruled the Planet</EpisodeName>
  <EpisodeNumber>2</EpisodeNumber>
  <FirstAired>2013-01-20</FirstAired>
  <GuestStars>|Bess Armstrong|Kevin Dobson|Evan Hart|Taylor Hart|Nia Long|Mather Zickel|</GuestStars>
  <IMDB_ID>tt2553598</IMDB_ID>
  <Language>en</Language>
  <Overview>In Las Vegas to help reinvigorate an aging casino, Marty meets the firm's newest consultant, a woman who was his biggest rival in business school. Meanwhile, Clyde is seduced by the Vegas nightlife; and Jeannie discovers a passive-aggressive adversary in Galweather Stearn's interim CEO.</Overview>
  <ProductionCode></ProductionCode>
  <Rating>7.8</Rating>
  <RatingCount>25</RatingCount>
  <SeasonNumber>2</SeasonNumber>
  <Writer>|David Walpert|</Writer>
  <absolute_number>14</absolute_number>
  <filename>episodes/247909/4456893.jpg</filename>
  <lastupdated>1360248425</lastupdated>
  <seasonid>501078</seasonid>
  <seriesid>247909</seriesid>
</Episode>
<Episode>
  <id>4456894</id>
  <Combined_episodenumber>3</Combined_episodenumber>
  <Combined_season>2</Combined_season>
  <DVD_chapter></DVD_chapter>
  <DVD_discid></DVD_discid>
  <DVD_episodenumber></DVD_episodenumber>
  <DVD_season></DVD_season>
  <Director>|Stephen Hopkins|</Director>
  <EpImgFlag>2</EpImgFlag>
  <EpisodeName>Man-date</EpisodeName>
  <EpisodeNumber>3</EpisodeNumber>
  <FirstAired>2013-01-27</FirstAired>
  <GuestStars>|Evan Hart|Taylor Hart|Ronete Levenson|Nia Long|Mather Zickel|</GuestStars>
  <IMDB_ID>tt2553600</IMDB_ID>
  <Language>en</Language>
  <Overview>Marty and Clyde attempt to woo the business of new Las Vegas casino king, Michael Carlson, a maverick self-made millionaire who notoriously hates consultants. Meanwhile, Jeannie tries to assess how big a threat Tamara is by suggesting the two of them enjoy a spa day together. 
Monica makes an unlikely connection with her personal vegan chef, Tessa.</Overview>
  <ProductionCode></ProductionCode>
  <Rating>8.1</Rating>
  <RatingCount>21</RatingCount>
  <SeasonNumber>2</SeasonNumber>
  <Writer>|Matthew Carnahan|</Writer>
  <absolute_number>15</absolute_number>
  <filename>episodes/247909/4456894.jpg</filename>
  <lastupdated>1359368923</lastupdated>
  <seasonid>501078</seasonid>
  <seriesid>247909</seriesid>
</Episode>
<Episode>
  <id>4478857</id>
  <Combined_episodenumber>4</Combined_episodenumber>
  <Combined_season>2</Combined_season>
  <DVD_chapter></DVD_chapter>
  <DVD_discid></DVD_discid>
  <DVD_episodenumber></DVD_episodenumber>
  <DVD_season></DVD_season>
  <Director></Director>
  <EpImgFlag>2</EpImgFlag>
  <EpisodeName>Damonschildren.org</EpisodeName>
  <EpisodeNumber>4</EpisodeNumber>
  <FirstAired>2013-02-10</FirstAired>
  <GuestStars>|Matt Damon|</GuestStars>
  <IMDB_ID></IMDB_ID>
  <Language>en</Language>
  <Overview>Matt Damon (as himself) hires the firm to find a charity to enhance his image, but Marty soon realizes he may have to dig deeper than expected in order to keep the actor as a client. Meanwhile, Jeannie finds time to spend with Roscoe; and Tessa grills Monica about their status. </Overview>
  <ProductionCode></ProductionCode>
  <Rating>7.9</Rating>
  <RatingCount>16</RatingCount>
  <SeasonNumber>2</SeasonNumber>
  <Writer></Writer>
  <absolute_number></absolute_number>
  <filename>episodes/247909/4478857.jpg</filename>
  <lastupdated>1360576688</lastupdated>
  <seasonid>501078</seasonid>
  <seriesid>247909</seriesid>
</Episode>
<Episode>
  <id>4478858</id>
  <Combined_episodenumber>5</Combined_episodenumber>
  <Combined_season>2</Combined_season>
  <DVD_chapter></DVD_chapter>
  <DVD_discid></DVD_discid>
  <DVD_episodenumber></DVD_episodenumber>
  <DVD_season></DVD_season>
  <Director></Director>
  <EpImgFlag>2</EpImgFlag>
  <EpisodeName>Sincerity is an Easy Disguise in This Business</EpisodeName>
  <EpisodeNumber>5</EpisodeNumber>
  <FirstAired>2013-02-17</FirstAired>
  <GuestStars></GuestStars>
  <IMDB_ID></IMDB_ID>
  <Language>en</Language>
  <Overview>Marty's militant younger brother pays a surprise visit, while Doug and Jeannie work an assignment for an online-dating company. Later, Marty hits it off with a fellow consultant.</Overview>
  <ProductionCode></ProductionCode>
  <Rating>7.5</Rating>
  <RatingCount>19</RatingCount>
  <SeasonNumber>2</SeasonNumber>
  <Writer></Writer>
  <absolute_number></absolute_number>
  <filename>episodes/247909/4478858.jpg</filename>
  <lastupdated>1361228943</lastupdated>
  <seasonid>501078</seasonid>
  <seriesid>247909</seriesid>
</Episode>
<Episode>
  <id>4478859</id>
  <Combined_episodenumber>6</Combined_episodenumber>
  <Combined_season>2</Combined_season>
  <DVD_chapter></DVD_chapter>
  <DVD_discid></DVD_discid>
  <DVD_episodenumber></DVD_episodenumber>
  <DVD_season></DVD_season>
  <Director></Director>
  <EpImgFlag>2</EpImgFlag>
  <EpisodeName>Family Values</EpisodeName>
  <EpisodeNumber>6</EpisodeNumber>
  <FirstAired>2013-02-24</FirstAired>
  <GuestStars></GuestStars>
  <IMDB_ID></IMDB_ID>
  <Language>en</Language>
  <Overview>Marty's plan to spend time with Roscoe conflicts with an executive retreat, while Doug sees his fellow Pod members in a different light after introducing them to his new girlfriend. Later, Tamara offers an intriguing revelation about her personal life, piquing Marty's interest.</Overview>
  <ProductionCode></ProductionCode>
  <Rating>7.6</Rating>
  <RatingCount>20</RatingCount>
  <SeasonNumber>2</SeasonNumber>
  <Writer></Writer>
  <absolute_number></absolute_number>
  <filename>episodes/247909/4478859.jpg</filename>
  <lastupdated>1361823271</lastupdated>
  <seasonid>501078</seasonid>
  <seriesid>247909</seriesid>
</Episode>
<Episode>
  <id>4478860</id>
  <Combined_episodenumber>7</Combined_episodenumber>
  <Combined_season>2</Combined_season>
  <DVD_chapter></DVD_chapter>
  <DVD_discid></DVD_discid>
  <DVD_episodenumber></DVD_episodenumber>
  <DVD_season></DVD_season>
  <Director></Director>
  <EpImgFlag>2</EpImgFlag>
  <EpisodeName>The Runner Stumbles</EpisodeName>
  <EpisodeNumber>7</EpisodeNumber>
  <FirstAired>2013-03-03</FirstAired>
  <GuestStars></GuestStars>
  <IMDB_ID></IMDB_ID>
  <Language>en</Language>
  <Overview>Marty faces a moral dilemma when he discovers evidence of a banking client's role in a cover-up scheme. Jeannie attempts damage control with the Pod when an ex-boyfriend posts something shocking on the web.</Overview>
  <ProductionCode></ProductionCode>
  <Rating>7.5</Rating>
  <RatingCount>19</RatingCount>
  <SeasonNumber>2</SeasonNumber>
  <Writer></Writer>
  <absolute_number></absolute_number>
  <filename>episodes/247909/4478860.jpg</filename>
  <lastupdated>1362446089</lastupdated>
  <seasonid>501078</seasonid>
  <seriesid>247909</seriesid>
</Episode>
<Episode>
  <id>4478861</id>
  <Combined_episodenumber>8</Combined_episodenumber>
  <Combined_season>2</Combined_season>
  <DVD_chapter></DVD_chapter>
  <DVD_discid></DVD_discid>
  <DVD_episodenumber></DVD_episodenumber>
  <DVD_season></DVD_season>
  <Director></Director>
  <EpImgFlag>2</EpImgFlag>
  <EpisodeName>Wonders of the World</EpisodeName>
  <EpisodeNumber>8</EpisodeNumber>
  <FirstAired>2013-03-10</FirstAired>
  <GuestStars></GuestStars>
  <IMDB_ID></IMDB_ID>
  <Language>en</Language>
  <Overview>During a consultation with an adult-toy company, Jeannie meets an interesting suitor, while Doug comes up with a racy gift idea for his new girlfriend. Later, Marty's brother Malcolm drives a wedge between their father and Marty.</Overview>
  <ProductionCode></ProductionCode>
  <Rating>7.9</Rating>
  <RatingCount>17</RatingCount>
  <SeasonNumber>2</SeasonNumber>
  <Writer></Writer>
  <absolute_number></absolute_number>
  <filename>episodes/247909/4478861.jpg</filename>
  <lastupdated>1363031595</lastupdated>
  <seasonid>501078</seasonid>
  <seriesid>247909</seriesid>
</Episode>
<Episode>
  <id>4478862</id>
  <Combined_episodenumber>9</Combined_episodenumber>
  <Combined_season>2</Combined_season>
  <DVD_chapter></DVD_chapter>
  <DVD_discid></DVD_discid>
  <DVD_episodenumber></DVD_episodenumber>
  <DVD_season></DVD_season>
  <Director></Director>
  <EpImgFlag>2</EpImgFlag>
  <EpisodeName>Liability</EpisodeName>
  <EpisodeNumber>9</EpisodeNumber>
  <FirstAired>2013-03-17</FirstAired>
  <GuestStars></GuestStars>
  <IMDB_ID></IMDB_ID>
  <Language>en</Language>
  <Overview>Doug and Clyde give depositions in a wrongful-death suit filed against a telecommunications conglomerate, while a casino mogul impedes Marty's efforts to close a deal. Later, Monica unravels when Roscoe moves out.</Overview>
  <ProductionCode></ProductionCode>
  <Rating>7.8</Rating>
  <RatingCount>13</RatingCount>
  <SeasonNumber>2</SeasonNumber>
  <Writer></Writer>
  <absolute_number></absolute_number>
  <filename>episodes/247909/4478862.jpg</filename>
  <lastupdated>1364757148</lastupdated>
  <seasonid>501078</seasonid>
  <seriesid>247909</seriesid>
</Episode>
<Episode>
  <id>4478863</id>
  <Combined_episodenumber>10</Combined_episodenumber>
  <Combined_season>2</Combined_season>
  <DVD_chapter></DVD_chapter>
  <DVD_discid></DVD_discid>
  <DVD_episodenumber></DVD_episodenumber>
  <DVD_season></DVD_season>
  <Director></Director>
  <EpImgFlag>2</EpImgFlag>
  <EpisodeName>All In</EpisodeName>
  <EpisodeNumber>10</EpisodeNumber>
  <FirstAired>2013-03-24</FirstAired>
  <GuestStars></GuestStars>
  <IMDB_ID></IMDB_ID>
  <Language>en</Language>
  <Overview>Marty looks to solidify a future career opportunity, while Jeannie has misgivings about hers; and Doug needs to step up his social-networking skills when a promising business opportunity drops in his lap. Later, tensions erupt between Marty and his brother, Malcolm.</Overview>
  <ProductionCode></ProductionCode>
  <Rating>7.8</Rating>
  <RatingCount>12</RatingCount>
  <SeasonNumber>2</SeasonNumber>
  <Writer></Writer>
  <absolute_number></absolute_number>
  <filename>episodes/247909/4478863.jpg</filename>
  <lastupdated>1364182805</lastupdated>
  <seasonid>501078</seasonid>
  <seriesid>247909</seriesid>
</Episode>
<Episode>
  <id>4478864</id>
  <Combined_episodenumber>11</Combined_episodenumber>
  <Combined_season>2</Combined_season>
  <DVD_chapter></DVD_chapter>
  <DVD_discid></DVD_discid>
  <DVD_episodenumber></DVD_episodenumber>
  <DVD_season></DVD_season>
  <Director></Director>
  <EpImgFlag>2</EpImgFlag>
  <EpisodeName>Hostile Takeover</EpisodeName>
  <EpisodeNumber>11</EpisodeNumber>
  <FirstAired>2013-03-31</FirstAired>
  <GuestStars></GuestStars>
  <IMDB_ID></IMDB_ID>
  <Language>en</Language>
  <Overview>A mercurial Las Vegas casino czar ups the ante on a business deal with a frustrated Marty; and Clyde's club-owner friends look to him to expand their brand beyond Vegas. Meanwhile, Marty picks up some inside dirt on Tamara.</Overview>
  <ProductionCode></ProductionCode>
  <Rating>7.8</Rating>
  <RatingCount>14</RatingCount>
  <SeasonNumber>2</SeasonNumber>
  <Writer></Writer>
  <absolute_number></absolute_number>
  <filename>episodes/247909/4478864.jpg</filename>
  <lastupdated>1364760392</lastupdated>
  <seasonid>501078</seasonid>
  <seriesid>247909</seriesid>
</Episode>
<Episode>
  <id>4536259</id>
  <Combined_episodenumber>12</Combined_episodenumber>
  <Combined_season>2</Combined_season>
  <DVD_chapter></DVD_chapter>
  <DVD_discid></DVD_discid>
  <DVD_episodenumber></DVD_episodenumber>
  <DVD_season></DVD_season>
  <Director></Director>
  <EpImgFlag>2</EpImgFlag>
  <EpisodeName>Til Death Do Us Part </EpisodeName>
  <EpisodeNumber>12</EpisodeNumber>
  <FirstAired>2013-04-07</FirstAired>
  <GuestStars></GuestStars>
  <IMDB_ID></IMDB_ID>
  <Language>en</Language>
  <Overview>Doug pops the question to his girlfriend, Sarah (Jenny Slate), who plans a shotgun wedding in Las Vegas on the eve of the Pod closing a major business deal. Marty's backhanded dealings lead to increased tension and unintended consequences for everyone.</Overview>
  <ProductionCode></ProductionCode>
  <Rating>8.1</Rating>
  <RatingCount>9</RatingCount>
  <SeasonNumber>2</SeasonNumber>
  <Writer></Writer>
  <absolute_number></absolute_number>
  <filename>episodes/247909/4536259.jpg</filename>
  <lastupdated>1365397092</lastupdated>
  <seasonid>501078</seasonid>
  <seriesid>247909</seriesid>
</Episode>
</Data>