<?xml version="1.0" encoding="UTF-8" ?>
<Data><Series>
  <id>84676</id>
  <Actors>|Eddie McClintock|Joanne Kelly|Saul Rubinek|Aaron Ashmore|CCH Pounder|Jaime Murray|Allison Scagliotti|Genelle Williams|</Actors>
  <Airs_DayOfWeek>Monday</Airs_DayOfWeek>
  <Airs_Time>10:00 PM</Airs_Time>
  <ContentRating>TV-PG</ContentRating>
  <FirstAired>2009-07-07</FirstAired>
  <Genre>|Action|Adventure|Fantasy|Science-Fiction|</Genre>
  <IMDB_ID>tt1132290</IMDB_ID>
  <Language>en</Language>
  <Network>Syfy</Network>
  <NetworkID></NetworkID>
  <Overview>After saving the life of an international diplomat in Washington D.C., a pair of U.S. Secret Service agents are whisked away to a covert location in South Dakota that houses supernatural objects that the U.S. Government has collected over the centuries. Their new assignment: retrieve some of the missing objects and investigate reports of new ones.</Overview>
  <Rating>8.4</Rating>
  <RatingCount>221</RatingCount>
  <Runtime>60</Runtime>
  <SeriesID>75313</SeriesID>
  <SeriesName>Warehouse 13</SeriesName>
  <Status>Continuing</Status>
  <added>2009-01-19 07:27:17</added>
  <addedBy>3071</addedBy>
  <banner>graphical/84676-g7.jpg</banner>
  <fanart>fanart/original/84676-19.jpg</fanart>
  <lastupdated>1365563914</lastupdated>
  <poster>posters/84676-8.jpg</poster>
  <zap2it_id>SH01159848</zap2it_id>
</Series>
<Episode>
  <id>2427151</id>
  <Combined_episodenumber>1</Combined_episodenumber>
  <Combined_season>0</Combined_season>
  <DVD_chapter></DVD_chapter>
  <DVD_discid></DVD_discid>
  <DVD_episodenumber></DVD_episodenumber>
  <DVD_season></DVD_season>
  <Director></Director>
  <EpImgFlag></EpImgFlag>
  <EpisodeName>Season One Recap</EpisodeName>
  <EpisodeNumber>1</EpisodeNumber>
  <FirstAired>2010-06-21</FirstAired>
  <GuestStars></GuestStars>
  <IMDB_ID></IMDB_ID>
  <Language>en</Language>
  <Overview>Get ready for the all-new season of Syfy's biggest hit series. Experience all the action, adventure, and secrets of the entire first season of Warehouse 13 along with an exclusive look at what's to come in season 2.</Overview>
  <ProductionCode></ProductionCode>
  <Rating>6.8</Rating>
  <RatingCount>4</RatingCount>
  <SeasonNumber>0</SeasonNumber>
  <Writer></Writer>
  <absolute_number></absolute_number>
  <airsafter_season></airsafter_season>
  <airsbefore_episode>1</airsbefore_episode>
  <airsbefore_season>2</airsbefore_season>
  <filename></filename>
  <lastupdated>1284153258</lastupdated>
  <seasonid>39641</seasonid>
  <seriesid>84676</seriesid>
</Episode>
<Episode>
  <id>4172794</id>
  <Combined_episodenumber>2</Combined_episodenumber>
  <Combined_season>0</Combined_season>
  <DVD_chapter></DVD_chapter>
  <DVD_discid></DVD_discid>
  <DVD_episodenumber></DVD_episodenumber>
  <DVD_season></DVD_season>
  <Director></Director>
  <EpImgFlag>1</EpImgFlag>
  <EpisodeName>Of Monsters and Men: Chapter 1</EpisodeName>
  <EpisodeNumber>2</EpisodeNumber>
  <FirstAired>2011-07-05</FirstAired>
  <GuestStars></GuestStars>
  <IMDB_ID></IMDB_ID>
  <Language>en</Language>
  <Overview>Artie and Claudia's delivery of classic comics has unexpected consequences. </Overview>
  <ProductionCode></ProductionCode>
  <Rating>7.0</Rating>
  <RatingCount>1</RatingCount>
  <SeasonNumber>0</SeasonNumber>
  <Writer></Writer>
  <absolute_number></absolute_number>
  <airsafter_season></airsafter_season>
  <airsbefore_episode>1</airsbefore_episode>
  <airsbefore_season>3</airsbefore_season>
  <filename>episodes/84676/4172794.jpg</filename>
  <lastupdated>1364185892</lastupdated>
  <seasonid>39641</seasonid>
  <seriesid>84676</seriesid>
</Episode>
<Episode>
  <id>4172795</id>
  <Combined_episodenumber>3</Combined_episodenumber>
  <Combined_season>0</Combined_season>
  <DVD_chapter></DVD_chapter>
  <DVD_discid></DVD_discid>
  <DVD_episodenumber></DVD_episodenumber>
  <DVD_season></DVD_season>
  <Director></Director>
  <EpImgFlag>1</EpImgFlag>
  <EpisodeName>Of Monsters and Men: Chapter 2</EpisodeName>
  <EpisodeNumber>3</EpisodeNumber>
  <FirstAired>2011-07-05</FirstAired>
  <GuestStars></GuestStars>
  <IMDB_ID></IMDB_ID>
  <Language>en</Language>
  <Overview>Things get two-dimensional as Pete, Claudia and Artie find themselves trapped in a comic book.</Overview>
  <ProductionCode></ProductionCode>
  <Rating>7.0</Rating>
  <RatingCount>1</RatingCount>
  <SeasonNumber>0</SeasonNumber>
  <Writer></Writer>
  <absolute_number></absolute_number>
  <airsafter_season></airsafter_season>
  <airsbefore_episode>1</airsbefore_episode>
  <airsbefore_season>3</airsbefore_season>
  <filename>episodes/84676/4172795.jpg</filename>
  <lastupdated>1364192335</lastupdated>
  <seasonid>39641</seasonid>
  <seriesid>84676</seriesid>
</Episode>
<Episode>
  <id>4172796</id>
  <Combined_episodenumber>4</Combined_episodenumber>
  <Combined_season>0</Combined_season>
  <DVD_chapter></DVD_chapter>
  <DVD_discid></DVD_discid>
  <DVD_episodenumber></DVD_episodenumber>
  <DVD_season></DVD_season>
  <Director></Director>
  <EpImgFlag>1</EpImgFlag>
  <EpisodeName>Of Monsters and Men: Chapter 3</EpisodeName>
  <EpisodeNumber>4</EpisodeNumber>
  <FirstAired>2011-07-05</FirstAired>
  <GuestStars></GuestStars>
  <IMDB_ID></IMDB_ID>
  <Language>en</Language>
  <Overview>The &quot;City of Ghouls&quot; comic book lives up to its name...much to the team's dismay.</Overview>
  <ProductionCode></ProductionCode>
  <Rating>7.0</Rating>
  <RatingCount>1</RatingCount>
  <SeasonNumber>0</SeasonNumber>
  <Writer></Writer>
  <absolute_number></absolute_number>
  <airsafter_season></airsafter_season>
  <airsbefore_episode>1</airsbefore_episode>
  <airsbefore_season>3</airsbefore_season>
  <filename>episodes/84676/4172796.jpg</filename>
  <lastupdated>1364192464</lastupdated>
  <seasonid>39641</seasonid>
  <seriesid>84676</seriesid>
</Episode>
<Episode>
  <id>4172797</id>
  <Combined_episodenumber>5</Combined_episodenumber>
  <Combined_season>0</Combined_season>
  <DVD_chapter></DVD_chapter>
  <DVD_discid></DVD_discid>
  <DVD_episodenumber></DVD_episodenumber>
  <DVD_season></DVD_season>
  <Director></Director>
  <EpImgFlag>1</EpImgFlag>
  <EpisodeName>Of Monsters and Men: Chapter 4</EpisodeName>
  <EpisodeNumber>5</EpisodeNumber>
  <FirstAired>2011-07-05</FirstAired>
  <GuestStars></GuestStars>
  <IMDB_ID></IMDB_ID>
  <Language>en</Language>
  <Overview>Pete descends into the sewers to track Claudia's ghoulish captor.</Overview>
  <ProductionCode></ProductionCode>
  <Rating>7.0</Rating>
  <RatingCount>1</RatingCount>
  <SeasonNumber>0</SeasonNumber>
  <Writer></Writer>
  <absolute_number></absolute_number>
  <airsafter_season></airsafter_season>
  <airsbefore_episode>1</airsbefore_episode>
  <airsbefore_season>3</airsbefore_season>
  <filename>episodes/84676/4172797.jpg</filename>
  <lastupdated>1364192583</lastupdated>
  <seasonid>39641</seasonid>
  <seriesid>84676</seriesid>
</Episode>
<Episode>
  <id>4172798</id>
  <Combined_episodenumber>6</Combined_episodenumber>
  <Combined_season>0</Combined_season>
  <DVD_chapter></DVD_chapter>
  <DVD_discid></DVD_discid>
  <DVD_episodenumber></DVD_episodenumber>
  <DVD_season></DVD_season>
  <Director></Director>
  <EpImgFlag>1</EpImgFlag>
  <EpisodeName>Of Monsters and Men: Chapter 5</EpisodeName>
  <EpisodeNumber>6</EpisodeNumber>
  <FirstAired>2011-07-05</FirstAired>
  <GuestStars></GuestStars>
  <IMDB_ID></IMDB_ID>
  <Language>en</Language>
  <Overview>The plot thickens as Pete is rescued and Claudia meets more ghouls.</Overview>
  <ProductionCode></ProductionCode>
  <Rating>7.0</Rating>
  <RatingCount>1</RatingCount>
  <SeasonNumber>0</SeasonNumber>
  <Writer></Writer>
  <absolute_number></absolute_number>
  <airsafter_season></airsafter_season>
  <airsbefore_episode>1</airsbefore_episode>
  <airsbefore_season>3</airsbefore_season>
  <filename>episodes/84676/4172798.jpg</filename>
  <lastupdated>1364192677</lastupdated>
  <seasonid>39641</seasonid>
  <seriesid>84676</seriesid>
</Episode>
<Episode>
  <id>4172799</id>
  <Combined_episodenumber>7</Combined_episodenumber>
  <Combined_season>0</Combined_season>
  <DVD_chapter></DVD_chapter>
  <DVD_discid></DVD_discid>
  <DVD_episodenumber></DVD_episodenumber>
  <DVD_season></DVD_season>
  <Director></Director>
  <EpImgFlag>1</EpImgFlag>
  <EpisodeName>Of Monsters and Men: Chapter 6</EpisodeName>
  <EpisodeNumber>7</EpisodeNumber>
  <FirstAired>2011-07-05</FirstAired>
  <GuestStars></GuestStars>
  <IMDB_ID></IMDB_ID>
  <Language>en</Language>
  <Overview>Artie makes contact with the outside world and Pete meets the four-color resistance.</Overview>
  <ProductionCode></ProductionCode>
  <Rating>7.0</Rating>
  <RatingCount>1</RatingCount>
  <SeasonNumber>0</SeasonNumber>
  <Writer></Writer>
  <absolute_number></absolute_number>
  <airsafter_season></airsafter_season>
  <airsbefore_episode>1</airsbefore_episode>
  <airsbefore_season>3</airsbefore_season>
  <filename>episodes/84676/4172799.jpg</filename>
  <lastupdated>1364192824</lastupdated>
  <seasonid>39641</seasonid>
  <seriesid>84676</seriesid>
</Episode>
<Episode>
  <id>4172800</id>
  <Combined_episodenumber>8</Combined_episodenumber>
  <Combined_season>0</Combined_season>
  <DVD_chapter></DVD_chapter>
  <DVD_discid></DVD_discid>
  <DVD_episodenumber></DVD_episodenumber>
  <DVD_season></DVD_season>
  <Director></Director>
  <EpImgFlag>1</EpImgFlag>
  <EpisodeName>Of Monsters and Men: Chapter 7</EpisodeName>
  <EpisodeNumber>8</EpisodeNumber>
  <FirstAired>2011-07-05</FirstAired>
  <GuestStars></GuestStars>
  <IMDB_ID></IMDB_ID>
  <Language>en</Language>
  <Overview>Leena strives to remove the team from their comic containment as Claudia establishes contact.</Overview>
  <ProductionCode></ProductionCode>
  <Rating>7.0</Rating>
  <RatingCount>1</RatingCount>
  <SeasonNumber>0</SeasonNumber>
  <Writer></Writer>
  <absolute_number></absolute_number>
  <airsafter_season></airsafter_season>
  <airsbefore_episode>1</airsbefore_episode>
  <airsbefore_season>3</airsbefore_season>
  <filename>episodes/84676/4172800.jpg</filename>
  <lastupdated>1364192926</lastupdated>
  <seasonid>39641</seasonid>
  <seriesid>84676</seriesid>
</Episode>
<Episode>
  <id>4172801</id>
  <Combined_episodenumber>9</Combined_episodenumber>
  <Combined_season>0</Combined_season>
  <DVD_chapter></DVD_chapter>
  <DVD_discid></DVD_discid>
  <DVD_episodenumber></DVD_episodenumber>
  <DVD_season></DVD_season>
  <Director></Director>
  <EpImgFlag>1</EpImgFlag>
  <EpisodeName>Of Monsters and Men: Chapter 8</EpisodeName>
  <EpisodeNumber>9</EpisodeNumber>
  <FirstAired>2011-07-05</FirstAired>
  <GuestStars></GuestStars>
  <IMDB_ID></IMDB_ID>
  <Language>en</Language>
  <Overview>Pete's confrontation ends badly while Artie cracks the secret to the rack's power.</Overview>
  <ProductionCode></ProductionCode>
  <Rating>7.0</Rating>
  <RatingCount>1</RatingCount>
  <SeasonNumber>0</SeasonNumber>
  <Writer></Writer>
  <absolute_number></absolute_number>
  <airsafter_season></airsafter_season>
  <airsbefore_episode>1</airsbefore_episode>
  <airsbefore_season>3</airsbefore_season>
  <filename>episodes/84676/4172801.jpg</filename>
  <lastupdated>1364193258</lastupdated>
  <seasonid>39641</seasonid>
  <seriesid>84676</seriesid>
</Episode>
<Episode>
  <id>4172802</id>
  <Combined_episodenumber>10</Combined_episodenumber>
  <Combined_season>0</Combined_season>
  <DVD_chapter></DVD_chapter>
  <DVD_discid></DVD_discid>
  <DVD_episodenumber></DVD_episodenumber>
  <DVD_season></DVD_season>
  <Director></Director>
  <EpImgFlag>1</EpImgFlag>
  <EpisodeName>Of Monsters and Men: Chapter 9</EpisodeName>
  <EpisodeNumber>10</EpisodeNumber>
  <FirstAired>2011-07-05</FirstAired>
  <GuestStars></GuestStars>
  <IMDB_ID></IMDB_ID>
  <Language>en</Language>
  <Overview>Mercer's monstrous attack on the ghouls leads to danger for Pete and Claudia.</Overview>
  <ProductionCode></ProductionCode>
  <Rating>7.0</Rating>
  <RatingCount>1</RatingCount>
  <SeasonNumber>0</SeasonNumber>
  <Writer></Writer>
  <absolute_number></absolute_number>
  <airsafter_season></airsafter_season>
  <airsbefore_episode>1</airsbefore_episode>
  <airsbefore_season>3</airsbefore_season>
  <filename>episodes/84676/4172802.jpg</filename>
  <lastupdated>1364193401</lastupdated>
  <seasonid>39641</seasonid>
  <seriesid>84676</seriesid>
</Episode>
<Episode>
  <id>4172803</id>
  <Combined_episodenumber>11</Combined_episodenumber>
  <Combined_season>0</Combined_season>
  <DVD_chapter></DVD_chapter>
  <DVD_discid></DVD_discid>
  <DVD_episodenumber></DVD_episodenumber>
  <DVD_season></DVD_season>
  <Director></Director>
  <EpImgFlag>1</EpImgFlag>
  <EpisodeName>Of Monsters and Men: Chapter 10</EpisodeName>
  <EpisodeNumber>11</EpisodeNumber>
  <FirstAired>2011-07-05</FirstAired>
  <GuestStars></GuestStars>
  <IMDB_ID></IMDB_ID>
  <Language>en</Language>
  <Overview></Overview>
  <ProductionCode></ProductionCode>
  <Rating>7.0</Rating>
  <RatingCount>1</RatingCount>
  <SeasonNumber>0</SeasonNumber>
  <Writer></Writer>
  <absolute_number></absolute_number>
  <airsafter_season></airsafter_season>
  <airsbefore_episode>1</airsbefore_episode>
  <airsbefore_season>3</airsbefore_season>
  <filename>episodes/84676/4172803.jpg</filename>
  <lastupdated>1364193681</lastupdated>
  <seasonid>39641</seasonid>
  <seriesid>84676</seriesid>
</Episode>
<Episode>
  <id>4405648</id>
  <Combined_episodenumber>12</Combined_episodenumber>
  <Combined_season>0</Combined_season>
  <DVD_chapter></DVD_chapter>
  <DVD_discid></DVD_discid>
  <DVD_episodenumber></DVD_episodenumber>
  <DVD_season></DVD_season>
  <Director></Director>
  <EpImgFlag>1</EpImgFlag>
  <EpisodeName>Grand Designs: Chapter 1</EpisodeName>
  <EpisodeNumber>12</EpisodeNumber>
  <FirstAired>2012-07-24</FirstAired>
  <GuestStars></GuestStars>
  <IMDB_ID></IMDB_ID>
  <Language>en</Language>
  <Overview>On a rainy day at the Warehouse, Pete accidentally triggers an artifact that transforms the team into two-dimensional diorama versions of themselves, and returns the Warehouse to its original, unstable design.</Overview>
  <ProductionCode></ProductionCode>
  <Rating></Rating>
  <RatingCount>0</RatingCount>
  <SeasonNumber>0</SeasonNumber>
  <Writer></Writer>
  <absolute_number></absolute_number>
  <airsafter_season></airsafter_season>
  <airsbefore_episode></airsbefore_episode>
  <airsbefore_season></airsbefore_season>
  <filename>episodes/84676/4405648.jpg</filename>
  <lastupdated>1364457765</lastupdated>
  <seasonid>39641</seasonid>
  <seriesid>84676</seriesid>
</Episode>
<Episode>
  <id>4405649</id>
  <Combined_episodenumber>13</Combined_episodenumber>
  <Combined_season>0</Combined_season>
  <DVD_chapter></DVD_chapter>
  <DVD_discid></DVD_discid>
  <DVD_episodenumber></DVD_episodenumber>
  <DVD_season></DVD_season>
  <Director></Director>
  <EpImgFlag>1</EpImgFlag>
  <EpisodeName>Grand Designs: Chapter 2</EpisodeName>
  <EpisodeNumber>13</EpisodeNumber>
  <FirstAired>2012-07-24</FirstAired>
  <GuestStars></GuestStars>
  <IMDB_ID></IMDB_ID>
  <Language>en</Language>
  <Overview>As Artie brings the team up to speed on the inner workings of the original Warehouse 13, the Anubis Shrine - one of three artifacts once used to power it - suddenly comes back online with devastating results.</Overview>
  <ProductionCode></ProductionCode>
  <Rating></Rating>
  <RatingCount>0</RatingCount>
  <SeasonNumber>0</SeasonNumber>
  <Writer></Writer>
  <absolute_number></absolute_number>
  <airsafter_season></airsafter_season>
  <airsbefore_episode></airsbefore_episode>
  <airsbefore_season></airsbefore_season>
  <filename>episodes/84676/4405649.jpg</filename>
  <lastupdated>1364458082</lastupdated>
  <seasonid>39641</seasonid>
  <seriesid>84676</seriesid>
</Episode>
<Episode>
  <id>4405650</id>
  <Combined_episodenumber>14</Combined_episodenumber>
  <Combined_season>0</Combined_season>
  <DVD_chapter></DVD_chapter>
  <DVD_discid></DVD_discid>
  <DVD_episodenumber></DVD_episodenumber>
  <DVD_season></DVD_season>
  <Director></Director>
  <EpImgFlag>1</EpImgFlag>
  <EpisodeName>Grand Designs: Chapter 3</EpisodeName>
  <EpisodeNumber>14</EpisodeNumber>
  <FirstAired>2012-07-24</FirstAired>
  <GuestStars></GuestStars>
  <IMDB_ID></IMDB_ID>
  <Language>en</Language>
  <Overview>To stop the earthquakes generated by the Anubis Shrine, Leena and Trailer must risk their lives to stabilize this mega-powerful artifact before it tears the Warehouse apart</Overview>
  <ProductionCode></ProductionCode>
  <Rating></Rating>
  <RatingCount>0</RatingCount>
  <SeasonNumber>0</SeasonNumber>
  <Writer></Writer>
  <absolute_number></absolute_number>
  <airsafter_season></airsafter_season>
  <airsbefore_episode></airsbefore_episode>
  <airsbefore_season></airsbefore_season>
  <filename>episodes/84676/4405650.jpg</filename>
  <lastupdated>1364458369</lastupdated>
  <seasonid>39641</seasonid>
  <seriesid>84676</seriesid>
</Episode>
<Episode>
  <id>4405651</id>
  <Combined_episodenumber>15</Combined_episodenumber>
  <Combined_season>0</Combined_season>
  <DVD_chapter></DVD_chapter>
  <DVD_discid></DVD_discid>
  <DVD_episodenumber></DVD_episodenumber>
  <DVD_season></DVD_season>
  <Director></Director>
  <EpImgFlag>1</EpImgFlag>
  <EpisodeName>Grand Designs: Chapter 4</EpisodeName>
  <EpisodeNumber>15</EpisodeNumber>
  <FirstAired>2012-07-24</FirstAired>
  <GuestStars></GuestStars>
  <IMDB_ID></IMDB_ID>
  <Language>en</Language>
  <Overview>While the artifact-generated chaos continues, Claudia and Artie race to the Gooery - the site of the second artifact power source - to try and shut it down before the entire Warehouse is flooded with purple goo.</Overview>
  <ProductionCode></ProductionCode>
  <Rating></Rating>
  <RatingCount>0</RatingCount>
  <SeasonNumber>0</SeasonNumber>
  <Writer></Writer>
  <absolute_number></absolute_number>
  <airsafter_season></airsafter_season>
  <airsbefore_episode></airsbefore_episode>
  <airsbefore_season></airsbefore_season>
  <filename>episodes/84676/4405651.jpg</filename>
  <lastupdated>1364458786</lastupdated>
  <seasonid>39641</seasonid>
  <seriesid>84676</seriesid>
</Episode>
<Episode>
  <id>4405652</id>
  <Combined_episodenumber>16</Combined_episodenumber>
  <Combined_season>0</Combined_season>
  <DVD_chapter></DVD_chapter>
  <DVD_discid></DVD_discid>
  <DVD_episodenumber></DVD_episodenumber>
  <DVD_season></DVD_season>
  <Director></Director>
  <EpImgFlag>1</EpImgFlag>
  <EpisodeName>Grand Designs: Chapter 5</EpisodeName>
  <EpisodeNumber>16</EpisodeNumber>
  <FirstAired>2012-07-24</FirstAired>
  <GuestStars></GuestStars>
  <IMDB_ID></IMDB_ID>
  <Language>en</Language>
  <Overview>As Artie fights to save Claudia from drowning in the Gooery, and Pete and Myka set out for the third artifact power source, Leena and Trailer's search for the diorama artifact takes an unexpected turn when they discover the Warehouse is on fire.</Overview>
  <ProductionCode></ProductionCode>
  <Rating></Rating>
  <RatingCount>0</RatingCount>
  <SeasonNumber>0</SeasonNumber>
  <Writer></Writer>
  <absolute_number></absolute_number>
  <airsafter_season></airsafter_season>
  <airsbefore_episode></airsbefore_episode>
  <airsbefore_season></airsbefore_season>
  <filename>episodes/84676/4405652.jpg</filename>
  <lastupdated>1364458956</lastupdated>
  <seasonid>39641</seasonid>
  <seriesid>84676</seriesid>
</Episode>
<Episode>
  <id>4405653</id>
  <Combined_episodenumber>17</Combined_episodenumber>
  <Combined_season>0</Combined_season>
  <DVD_chapter></DVD_chapter>
  <DVD_discid></DVD_discid>
  <DVD_episodenumber></DVD_episodenumber>
  <DVD_season></DVD_season>
  <Director></Director>
  <EpImgFlag>1</EpImgFlag>
  <EpisodeName>Grand Designs: Chapter 6</EpisodeName>
  <EpisodeNumber>17</EpisodeNumber>
  <FirstAired>2012-07-24</FirstAired>
  <GuestStars></GuestStars>
  <IMDB_ID></IMDB_ID>
  <Language>en</Language>
  <Overview>As the Warehouse heats up all around them, Pete and Myka must find a way to shut down the gale force winds being generated by third artifact power source - Miguel De Cervantes's Windmill.</Overview>
  <ProductionCode></ProductionCode>
  <Rating></Rating>
  <RatingCount>0</RatingCount>
  <SeasonNumber>0</SeasonNumber>
  <Writer></Writer>
  <absolute_number></absolute_number>
  <airsafter_season></airsafter_season>
  <airsbefore_episode></airsbefore_episode>
  <airsbefore_season></airsbefore_season>
  <filename>episodes/84676/4405653.jpg</filename>
  <lastupdated>1364459079</lastupdated>
  <seasonid>39641</seasonid>
  <seriesid>84676</seriesid>
</Episode>
<Episode>
  <id>4405654</id>
  <Combined_episodenumber>18</Combined_episodenumber>
  <Combined_season>0</Combined_season>
  <DVD_chapter></DVD_chapter>
  <DVD_discid></DVD_discid>
  <DVD_episodenumber></DVD_episodenumber>
  <DVD_season></DVD_season>
  <Director></Director>
  <EpImgFlag>1</EpImgFlag>
  <EpisodeName>Grand Designs: Chapter 7</EpisodeName>
  <EpisodeNumber>18</EpisodeNumber>
  <FirstAired>2012-07-24</FirstAired>
  <GuestStars></GuestStars>
  <IMDB_ID></IMDB_ID>
  <Language>en</Language>
  <Overview>Blasted by gale force winds, Myka holds on for dear life while Pete retrieves an artifact that can help them neutralize Cervantes's Windmill once and for all.</Overview>
  <ProductionCode></ProductionCode>
  <Rating></Rating>
  <RatingCount>0</RatingCount>
  <SeasonNumber>0</SeasonNumber>
  <Writer></Writer>
  <absolute_number></absolute_number>
  <airsafter_season></airsafter_season>
  <airsbefore_episode></airsbefore_episode>
  <airsbefore_season></airsbefore_season>
  <filename>episodes/84676/4405654.jpg</filename>
  <lastupdated>1364459254</lastupdated>
  <seasonid>39641</seasonid>
  <seriesid>84676</seriesid>
</Episode>
<Episode>
  <id>4405655</id>
  <Combined_episodenumber>19</Combined_episodenumber>
  <Combined_season>0</Combined_season>
  <DVD_chapter></DVD_chapter>
  <DVD_discid></DVD_discid>
  <DVD_episodenumber></DVD_episodenumber>
  <DVD_season></DVD_season>
  <Director></Director>
  <EpImgFlag>1</EpImgFlag>
  <EpisodeName>Grand Designs: Chapter 8</EpisodeName>
  <EpisodeNumber>19</EpisodeNumber>
  <FirstAired>2012-07-24</FirstAired>
  <GuestStars></GuestStars>
  <IMDB_ID></IMDB_ID>
  <Language>en</Language>
  <Overview>To stop the fires raging throughout the Warehouse, the team must first find an artifact capable of breaking through the wall that now separates them from the ventilation control system inside the Lehmann Fornax.</Overview>
  <ProductionCode></ProductionCode>
  <Rating></Rating>
  <RatingCount>0</RatingCount>
  <SeasonNumber>0</SeasonNumber>
  <Writer></Writer>
  <absolute_number></absolute_number>
  <airsafter_season></airsafter_season>
  <airsbefore_episode></airsbefore_episode>
  <airsbefore_season></airsbefore_season>
  <filename>episodes/84676/4405655.jpg</filename>
  <lastupdated>1364459380</lastupdated>
  <seasonid>39641</seasonid>
  <seriesid>84676</seriesid>
</Episode>
<Episode>
  <id>4405656</id>
  <Combined_episodenumber>20</Combined_episodenumber>
  <Combined_season>0</Combined_season>
  <DVD_chapter></DVD_chapter>
  <DVD_discid></DVD_discid>
  <DVD_episodenumber></DVD_episodenumber>
  <DVD_season></DVD_season>
  <Director></Director>
  <EpImgFlag>1</EpImgFlag>
  <EpisodeName>Grand Designs: Chapter 9</EpisodeName>
  <EpisodeNumber>20</EpisodeNumber>
  <FirstAired>2012-07-24</FirstAired>
  <GuestStars></GuestStars>
  <IMDB_ID></IMDB_ID>
  <Language>en</Language>
  <Overview>Working together, the team fights to regain control of the Lehmann Fornax before the entire Warehouse goes up in flames.</Overview>
  <ProductionCode></ProductionCode>
  <Rating></Rating>
  <RatingCount>0</RatingCount>
  <SeasonNumber>0</SeasonNumber>
  <Writer></Writer>
  <absolute_number></absolute_number>
  <airsafter_season></airsafter_season>
  <airsbefore_episode></airsbefore_episode>
  <airsbefore_season></airsbefore_season>
  <filename>episodes/84676/4405656.jpg</filename>
  <lastupdated>1364459482</lastupdated>
  <seasonid>39641</seasonid>
  <seriesid>84676</seriesid>
</Episode>
<Episode>
  <id>4405657</id>
  <Combined_episodenumber>21</Combined_episodenumber>
  <Combined_season>0</Combined_season>
  <DVD_chapter></DVD_chapter>
  <DVD_discid></DVD_discid>
  <DVD_episodenumber></DVD_episodenumber>
  <DVD_season></DVD_season>
  <Director></Director>
  <EpImgFlag>1</EpImgFlag>
  <EpisodeName>Grand Designs: Chapter 10</EpisodeName>
  <EpisodeNumber>21</EpisodeNumber>
  <FirstAired>2012-07-24</FirstAired>
  <GuestStars></GuestStars>
  <IMDB_ID></IMDB_ID>
  <Language>en</Language>
  <Overview>With the Warehouse folding in on itself all around them, the team races against time to neutralize the diorama and turn everything back to normal.</Overview>
  <ProductionCode></ProductionCode>
  <Rating></Rating>
  <RatingCount>0</RatingCount>
  <SeasonNumber>0</SeasonNumber>
  <Writer></Writer>
  <absolute_number></absolute_number>
  <airsafter_season></airsafter_season>
  <airsbefore_episode></airsbefore_episode>
  <airsbefore_season></airsbefore_season>
  <filename>episodes/84676/4405657.jpg</filename>
  <lastupdated>1364459630</lastupdated>
  <seasonid>39641</seasonid>
  <seriesid>84676</seriesid>
</Episode>
<Episode>
  <id>600981</id>
  <Combined_episodenumber>1</Combined_episodenumber>
  <Combined_season>1</Combined_season>
  <DVD_chapter></DVD_chapter>
  <DVD_discid></DVD_discid>
  <DVD_episodenumber></DVD_episodenumber>
  <DVD_season></DVD_season>
  <Director>Jace Alexander</Director>
  <EpImgFlag>2</EpImgFlag>
  <EpisodeName>Pilot</EpisodeName>
  <EpisodeNumber>1</EpisodeNumber>
  <FirstAired>2009-07-07</FirstAired>
  <GuestStars>Tom Barnett|Michael Boatman|Dillon Casey</GuestStars>
  <IMDB_ID>tt1417762</IMDB_ID>
  <Language>en</Language>
  <Overview>Secret Service agents Lattimer and Bering are &quot;rewarded&quot; with a transfer to the top-secret Warehouse 13. They meet Artie Nielsen, the caretaker of the mysterious warehouse, who tells them about their new job. The agents are responsible for the collection of every supernatural and unexplained item that the U.S. Government has ever collected. For their first assignment, they are sent to Iowa to investigate a possible artifact belonging to a college student who went berserk and assaulted his girlfriend while chanting an Italian incantation.</Overview>
  <ProductionCode></ProductionCode>
  <Rating>7.4</Rating>
  <RatingCount>137</RatingCount>
  <SeasonNumber>1</SeasonNumber>
  <Writer>Jane Espenson, David Simkins, D. Brent Mote</Writer>
  <absolute_number></absolute_number>
  <filename>episodes/84676/600981.jpg</filename>
  <lastupdated>1287122818</lastupdated>
  <seasonid>41975</seasonid>
  <seriesid>84676</seriesid>
</Episode>
<Episode>
  <id>843931</id>
  <Combined_episodenumber>2</Combined_episodenumber>
  <Combined_season>1</Combined_season>
  <DVD_chapter></DVD_chapter>
  <DVD_discid></DVD_discid>
  <DVD_episodenumber></DVD_episodenumber>
  <DVD_season></DVD_season>
  <Director>Vincent Misiano</Director>
  <EpImgFlag>2</EpImgFlag>
  <EpisodeName>Resonance</EpisodeName>
  <EpisodeNumber>2</EpisodeNumber>
  <FirstAired>2009-07-14</FirstAired>
  <GuestStars>Tricia Helfer</GuestStars>
  <IMDB_ID>tt1431675</IMDB_ID>
  <Language>en</Language>
  <Overview>Pete and Myka are after a team of bank robbers who have a distinctive weapon. Meanwhile, Artie examines the security breach at the warehouse. </Overview>
  <ProductionCode></ProductionCode>
  <Rating>7.4</Rating>
  <RatingCount>90</RatingCount>
  <SeasonNumber>1</SeasonNumber>
  <Writer>David Simkins</Writer>
  <absolute_number></absolute_number>
  <filename>episodes/84676/843931.jpg</filename>
  <lastupdated>1287116015</lastupdated>
  <seasonid>41975</seasonid>
  <seriesid>84676</seriesid>
</Episode>
<Episode>
  <id>843951</id>
  <Combined_episodenumber>3</Combined_episodenumber>
  <Combined_season>1</Combined_season>
  <DVD_chapter></DVD_chapter>
  <DVD_discid></DVD_discid>
  <DVD_episodenumber></DVD_episodenumber>
  <DVD_season></DVD_season>
  <Director>Jace Alexander</Director>
  <EpImgFlag>2</EpImgFlag>
  <EpisodeName>Magnetism</EpisodeName>
  <EpisodeNumber>3</EpisodeNumber>
  <FirstAired>2009-07-21</FirstAired>
  <GuestStars></GuestStars>
  <IMDB_ID></IMDB_ID>
  <Language>en</Language>
  <Overview>Pete and Myka are sent to investigate a town where the inhabitants' minds are being altered making them act as they please. Meanwhile, Artie is confused by the energy flows going on in the warehouse.</Overview>
  <ProductionCode></ProductionCode>
  <Rating>7.2</Rating>
  <RatingCount>110</RatingCount>
  <SeasonNumber>1</SeasonNumber>
  <Writer>Jack Kenny</Writer>
  <absolute_number></absolute_number>
  <filename>episodes/84676/843951.jpg</filename>
  <lastupdated>1287116022</lastupdated>
  <seasonid>41975</seasonid>
  <seriesid>84676</seriesid>
</Episode>
<Episode>
  <id>843971</id>
  <Combined_episodenumber>4</Combined_episodenumber>
  <Combined_season>1</Combined_season>
  <DVD_chapter></DVD_chapter>
  <DVD_discid></DVD_discid>
  <DVD_episodenumber></DVD_episodenumber>
  <DVD_season></DVD_season>
  <Director>Stephen Surjik</Director>
  <EpImgFlag>2</EpImgFlag>
  <EpisodeName>Claudia</EpisodeName>
  <EpisodeNumber>4</EpisodeNumber>
  <FirstAired>2009-07-28</FirstAired>
  <GuestStars></GuestStars>
  <IMDB_ID>tt1431669</IMDB_ID>
  <Language>en</Language>
  <Overview>A woman kidnaps Artie and insists that he help her recover her brother... who was lost in an artifact-related experiment 12 years ago. </Overview>
  <ProductionCode></ProductionCode>
  <Rating>7.5</Rating>
  <RatingCount>108</RatingCount>
  <SeasonNumber>1</SeasonNumber>
  <Writer>Drew Z. Greenberg</Writer>
  <absolute_number></absolute_number>
  <filename>episodes/84676/843971.jpg</filename>
  <lastupdated>1287116028</lastupdated>
  <seasonid>41975</seasonid>
  <seriesid>84676</seriesid>
</Episode>
<Episode>
  <id>843991</id>
  <Combined_episodenumber>5</Combined_episodenumber>
  <Combined_season>1</Combined_season>
  <DVD_chapter></DVD_chapter>
  <DVD_discid></DVD_discid>
  <DVD_episodenumber></DVD_episodenumber>
  <DVD_season></DVD_season>
  <Director>Ken Girotti</Director>
  <EpImgFlag>2</EpImgFlag>
  <EpisodeName>Elements</EpisodeName>
  <EpisodeNumber>5</EpisodeNumber>
  <FirstAired>2009-08-04</FirstAired>
  <GuestStars></GuestStars>
  <IMDB_ID>tt1431671</IMDB_ID>
  <Language>en</Language>
  <Overview>The theft of a sculpture leads Myka and Pete to a sacred Indian cave holding an ancient secret of creation... and destruction. </Overview>
  <ProductionCode></ProductionCode>
  <Rating>7.3</Rating>
  <RatingCount>105</RatingCount>
  <SeasonNumber>1</SeasonNumber>
  <Writer>Dana Baratta|Jack Kenny</Writer>
  <absolute_number></absolute_number>
  <filename>episodes/84676/843991.jpg</filename>
  <lastupdated>1287116034</lastupdated>
  <seasonid>41975</seasonid>
  <seriesid>84676</seriesid>
</Episode>
<Episode>
  <id>844001</id>
  <Combined_episodenumber>6</Combined_episodenumber>
  <Combined_season>1</Combined_season>
  <DVD_chapter></DVD_chapter>
  <DVD_discid></DVD_discid>
  <DVD_episodenumber></DVD_episodenumber>
  <DVD_season></DVD_season>
  <Director>Constantine Makris</Director>
  <EpImgFlag>2</EpImgFlag>
  <EpisodeName>Burnout</EpisodeName>
  <EpisodeNumber>6</EpisodeNumber>
  <FirstAired>2009-08-11</FirstAired>
  <GuestStars></GuestStars>
  <IMDB_ID></IMDB_ID>
  <Language>en</Language>
  <Overview>Pete and Myka take on a previous agent's assignment after the man's corpse turns up in the basement of a St. Louis police station.</Overview>
  <ProductionCode></ProductionCode>
  <Rating>7.3</Rating>
  <RatingCount>99</RatingCount>
  <SeasonNumber>1</SeasonNumber>
  <Writer>Stephen Scaia|Matthew Federman</Writer>
  <absolute_number></absolute_number>
  <filename>episodes/84676/844001.jpg</filename>
  <lastupdated>1290804348</lastupdated>
  <seasonid>41975</seasonid>
  <seriesid>84676</seriesid>
</Episode>
<Episode>
  <id>844021</id>
  <Combined_episodenumber>7</Combined_episodenumber>
  <Combined_season>1</Combined_season>
  <DVD_chapter></DVD_chapter>
  <DVD_discid></DVD_discid>
  <DVD_episodenumber></DVD_episodenumber>
  <DVD_season></DVD_season>
  <Director>Vincent Misiano</Director>
  <EpImgFlag>2</EpImgFlag>
  <EpisodeName>Implosion</EpisodeName>
  <EpisodeNumber>7</EpisodeNumber>
  <FirstAired>2009-08-18</FirstAired>
  <GuestStars>Graham Abbey|Dennis Akayama</GuestStars>
  <IMDB_ID>tt1431672</IMDB_ID>
  <Language>en</Language>
  <Overview>Pete and Myka return to Washington to intercept a samurai sword that is to be presented to the president, and they discover a competitor for items that belong to the warehouse.</Overview>
  <ProductionCode></ProductionCode>
  <Rating>7.3</Rating>
  <RatingCount>99</RatingCount>
  <SeasonNumber>1</SeasonNumber>
  <Writer>Bob Goodman</Writer>
  <absolute_number></absolute_number>
  <filename>episodes/84676/844021.jpg</filename>
  <lastupdated>1290804363</lastupdated>
  <seasonid>41975</seasonid>
  <seriesid>84676</seriesid>
</Episode>
<Episode>
  <id>844041</id>
  <Combined_episodenumber>8</Combined_episodenumber>
  <Combined_season>1</Combined_season>
  <DVD_chapter></DVD_chapter>
  <DVD_discid></DVD_discid>
  <DVD_episodenumber></DVD_episodenumber>
  <DVD_season></DVD_season>
  <Director>Michael W. Watkins</Director>
  <EpImgFlag>2</EpImgFlag>
  <EpisodeName>Duped</EpisodeName>
  <EpisodeNumber>8</EpisodeNumber>
  <FirstAired>2009-08-25</FirstAired>
  <GuestStars>Allison Scagliotti-Smith|Joe Morton</GuestStars>
  <IMDB_ID>tt1431670</IMDB_ID>
  <Language>en</Language>
  <Overview>Pete and Myka go to Las Vegas to fetch an artifact that is helping a couple of gamblers, but the mission goes awry when Myka becomes trapped in a famous author's mirror.</Overview>
  <ProductionCode></ProductionCode>
  <Rating>7.4</Rating>
  <RatingCount>94</RatingCount>
  <SeasonNumber>1</SeasonNumber>
  <Writer>Benjamin Raab|Deric A. Hughes</Writer>
  <absolute_number></absolute_number>
  <filename>episodes/84676/844041.jpg</filename>
  <lastupdated>1290804378</lastupdated>
  <seasonid>41975</seasonid>
  <seriesid>84676</seriesid>
</Episode>
<Episode>
  <id>1040661</id>
  <Combined_episodenumber>9</Combined_episodenumber>
  <Combined_season>1</Combined_season>
  <DVD_chapter></DVD_chapter>
  <DVD_discid></DVD_discid>
  <DVD_episodenumber></DVD_episodenumber>
  <DVD_season></DVD_season>
  <Director>Michael W. Watkins</Director>
  <EpImgFlag>2</EpImgFlag>
  <EpisodeName>Regrets</EpisodeName>
  <EpisodeNumber>9</EpisodeNumber>
  <FirstAired>2009-09-01</FirstAired>
  <GuestStars></GuestStars>
  <IMDB_ID>tt1431674</IMDB_ID>
  <Language>en</Language>
  <Overview>Pete and Myka visit a Florida prison to probe a spate of unexplained suicides. Meanwhile, Claudia changes a light bulb with the help of an artifact.</Overview>
  <ProductionCode></ProductionCode>
  <Rating>7.4</Rating>
  <RatingCount>80</RatingCount>
  <SeasonNumber>1</SeasonNumber>
  <Writer>Tamara Becher</Writer>
  <absolute_number></absolute_number>
  <filename>episodes/84676/1040661.jpg</filename>
  <lastupdated>1290804391</lastupdated>
  <seasonid>41975</seasonid>
  <seriesid>84676</seriesid>
</Episode>
<Episode>
  <id>844051</id>
  <Combined_episodenumber>10</Combined_episodenumber>
  <Combined_season>1</Combined_season>
  <DVD_chapter></DVD_chapter>
  <DVD_discid></DVD_discid>
  <DVD_episodenumber></DVD_episodenumber>
  <DVD_season></DVD_season>
  <Director>Eric Laneuville</Director>
  <EpImgFlag>2</EpImgFlag>
  <EpisodeName>Breakdown</EpisodeName>
  <EpisodeNumber>10</EpisodeNumber>
  <FirstAired>2009-09-08</FirstAired>
  <GuestStars></GuestStars>
  <IMDB_ID>tt1431667</IMDB_ID>
  <Language>en</Language>
  <Overview>Artie gets questioned by the Regents and Mrs. Frederic. Meanwhile, Pete, Myka and Claudia become trapped inside Warehouse 13, where a dangerous predicament unfolds.</Overview>
  <ProductionCode></ProductionCode>
  <Rating>7.4</Rating>
  <RatingCount>85</RatingCount>
  <SeasonNumber>1</SeasonNumber>
  <Writer>Michael P. Fox|Ian Stokes</Writer>
  <absolute_number></absolute_number>
  <filename>episodes/84676/844051.jpg</filename>
  <lastupdated>1290804407</lastupdated>
  <seasonid>41975</seasonid>
  <seriesid>84676</seriesid>
</Episode>
<Episode>
  <id>844071</id>
  <Combined_episodenumber>11</Combined_episodenumber>
  <Combined_season>1</Combined_season>
  <DVD_chapter></DVD_chapter>
  <DVD_discid></DVD_discid>
  <DVD_episodenumber></DVD_episodenumber>
  <DVD_season></DVD_season>
  <Director>Tawnia McKiernan</Director>
  <EpImgFlag>2</EpImgFlag>
  <EpisodeName>Nevermore</EpisodeName>
  <EpisodeNumber>11</EpisodeNumber>
  <FirstAired>2009-09-15</FirstAired>
  <GuestStars>Neil Crone|Philip Akin</GuestStars>
  <IMDB_ID>tt1431665</IMDB_ID>
  <Language>en</Language>
  <Overview>After receiving word that her father is dying, Myka travels home to see her parents.</Overview>
  <ProductionCode></ProductionCode>
  <Rating>7.4</Rating>
  <RatingCount>82</RatingCount>
  <SeasonNumber>1</SeasonNumber>
  <Writer>David Simkins</Writer>
  <absolute_number></absolute_number>
  <filename>episodes/84676/844071.jpg</filename>
  <lastupdated>1290804422</lastupdated>
  <seasonid>41975</seasonid>
  <seriesid>84676</seriesid>
</Episode>
<Episode>
  <id>844091</id>
  <Combined_episodenumber>12</Combined_episodenumber>
  <Combined_season>1</Combined_season>
  <DVD_chapter></DVD_chapter>
  <DVD_discid></DVD_discid>
  <DVD_episodenumber></DVD_episodenumber>
  <DVD_season></DVD_season>
  <Director>Stephen Surjik</Director>
  <EpImgFlag>2</EpImgFlag>
  <EpisodeName>MacPherson</EpisodeName>
  <EpisodeNumber>12</EpisodeNumber>
  <FirstAired>2009-09-22</FirstAired>
  <GuestStars>Vincent Bellon</GuestStars>
  <IMDB_ID>tt1431666</IMDB_ID>
  <Language>en</Language>
  <Overview>The team discovers that MacPherson is auctioning artifacts he has siphoned from the Warehouse shelves.</Overview>
  <ProductionCode></ProductionCode>
  <Rating>7.6</Rating>
  <RatingCount>77</RatingCount>
  <SeasonNumber>1</SeasonNumber>
  <Writer>David Simkins</Writer>
  <absolute_number></absolute_number>
  <filename>episodes/84676/844091.jpg</filename>
  <lastupdated>1290804441</lastupdated>
  <seasonid>41975</seasonid>
  <seriesid>84676</seriesid>
</Episode>
<Episode>
  <id>1777251</id>
  <Combined_episodenumber>1</Combined_episodenumber>
  <Combined_season>2</Combined_season>
  <DVD_chapter></DVD_chapter>
  <DVD_discid></DVD_discid>
  <DVD_episodenumber></DVD_episodenumber>
  <DVD_season></DVD_season>
  <Director>Stephen Surjik</Director>
  <EpImgFlag>2</EpImgFlag>
  <EpisodeName>Time Will Tell</EpisodeName>
  <EpisodeNumber>1</EpisodeNumber>
  <FirstAired>2010-07-06</FirstAired>
  <GuestStars>Roger Rees|Jaime Murray|Tyler Hynes</GuestStars>
  <IMDB_ID></IMDB_ID>
  <Language>en</Language>
  <Overview>In the season two premiere, we pick up right where we left off. MacPherson has blown Artie to smithereens, and disappeared. Is Leena really a traitor? Where has Claudia gone? How will Pete, Myka and the Warehouse fare without Artie? What other havoc did MacPherson wreak when he was alone in the Warehouse? And is there yet a new villain on the horizon?</Overview>
  <ProductionCode></ProductionCode>
  <Rating>7.5</Rating>
  <RatingCount>120</RatingCount>
  <SeasonNumber>2</SeasonNumber>
  <Writer>Jack Kenny</Writer>
  <absolute_number></absolute_number>
  <filename>episodes/84676/1777251.jpg</filename>
  <lastupdated>1304868950</lastupdated>
  <seasonid>199131</seasonid>
  <seriesid>84676</seriesid>
</Episode>
<Episode>
  <id>2091131</id>
  <Combined_episodenumber>2</Combined_episodenumber>
  <Combined_season>2</Combined_season>
  <DVD_chapter></DVD_chapter>
  <DVD_discid></DVD_discid>
  <DVD_episodenumber></DVD_episodenumber>
  <DVD_season></DVD_season>
  <Director>Constantine Makris</Director>
  <EpImgFlag>2</EpImgFlag>
  <EpisodeName>Mild Mannered</EpisodeName>
  <EpisodeNumber>2</EpisodeNumber>
  <FirstAired>2010-07-13</FirstAired>
  <GuestStars>Roger Rees|Sean Maher|Jewel Staite</GuestStars>
  <IMDB_ID></IMDB_ID>
  <Language>en</Language>
  <Overview>A super-powered vigilante is at large in Detroit, and the agents try to track down the person responsible. Meanwhile, things between Leena and Claudia are still tense, and Artie is haunted by the spirit of his dead friend.</Overview>
  <ProductionCode></ProductionCode>
  <Rating>7.5</Rating>
  <RatingCount>117</RatingCount>
  <SeasonNumber>2</SeasonNumber>
  <Writer>Benjamin Raab|Deric A. Hughes</Writer>
  <absolute_number></absolute_number>
  <filename>episodes/84676/2091131.jpg</filename>
  <lastupdated>1304868962</lastupdated>
  <seasonid>199131</seasonid>
  <seriesid>84676</seriesid>
</Episode>
<Episode>
  <id>2368221</id>
  <Combined_episodenumber>3</Combined_episodenumber>
  <Combined_season>2</Combined_season>
  <DVD_chapter></DVD_chapter>
  <DVD_discid></DVD_discid>
  <DVD_episodenumber></DVD_episodenumber>
  <DVD_season></DVD_season>
  <Director>Constantine Makris</Director>
  <EpImgFlag>2</EpImgFlag>
  <EpisodeName>Beyond Our Control</EpisodeName>
  <EpisodeNumber>3</EpisodeNumber>
  <FirstAired>2010-07-20</FirstAired>
  <GuestStars>Paula Garces|Nolan Gerard Funk|Mark A. Sheppard|Philip Winchester|CCH Pounder</GuestStars>
  <IMDB_ID></IMDB_ID>
  <Language>en</Language>
  <Overview>When an artifact meant for the Warehouse turns up in the small town next door, the team finds themselves in the middle of a B-movie meltdown complete with cowboys, gladiators, sci-fi robots and beach storming marines. Their only chance of survival rests with the man who invented television, Philo T. Farnsworth.</Overview>
  <ProductionCode></ProductionCode>
  <Rating>7.5</Rating>
  <RatingCount>110</RatingCount>
  <SeasonNumber>2</SeasonNumber>
  <Writer>David Simkins</Writer>
  <absolute_number></absolute_number>
  <filename>episodes/84676/2368221.jpg</filename>
  <lastupdated>1304868970</lastupdated>
  <seasonid>199131</seasonid>
  <seriesid>84676</seriesid>
</Episode>
<Episode>
  <id>2368231</id>
  <Combined_episodenumber>4</Combined_episodenumber>
  <Combined_season>2</Combined_season>
  <DVD_chapter></DVD_chapter>
  <DVD_discid></DVD_discid>
  <DVD_episodenumber></DVD_episodenumber>
  <DVD_season></DVD_season>
  <Director>Tawnia McKiernan</Director>
  <EpImgFlag>2</EpImgFlag>
  <EpisodeName>Age Before Beauty</EpisodeName>
  <EpisodeNumber>4</EpisodeNumber>
  <FirstAired>2010-07-27</FirstAired>
  <GuestStars>Tawny Cypress|Phillip Rhys|Nolan Gerard Funk|Salvatore Antonio|Natalie Krill|Robin Kasyanov|Erica Cox|Shauna MacDonald</GuestStars>
  <IMDB_ID></IMDB_ID>
  <Language>en</Language>
  <Overview>When young super models rapidly age 50 years overnight, Pete and Myka go undercover in the glam world of high fashion to discover who – and what – is behind the transformations.</Overview>
  <ProductionCode></ProductionCode>
  <Rating>7.6</Rating>
  <RatingCount>112</RatingCount>
  <SeasonNumber>2</SeasonNumber>
  <Writer>Andrew Kreisberg</Writer>
  <absolute_number></absolute_number>
  <filename>episodes/84676/2368231.jpg</filename>
  <lastupdated>1304868978</lastupdated>
  <seasonid>199131</seasonid>
  <seriesid>84676</seriesid>
</Episode>
<Episode>
  <id>2368241</id>
  <Combined_episodenumber>5</Combined_episodenumber>
  <Combined_season>2</Combined_season>
  <DVD_chapter></DVD_chapter>
  <DVD_discid></DVD_discid>
  <DVD_episodenumber></DVD_episodenumber>
  <DVD_season></DVD_season>
  <Director>Chris Fisher</Director>
  <EpImgFlag>2</EpImgFlag>
  <EpisodeName>13.1</EpisodeName>
  <EpisodeNumber>5</EpisodeNumber>
  <FirstAired>2010-08-03</FirstAired>
  <GuestStars>Neal Grayston|Nolan Gerard Funk|Rene Auberjonois|Paloma Nunez</GuestStars>
  <IMDB_ID></IMDB_ID>
  <Language>en</Language>
  <Overview>Douglas Fargo of Eureka's Global Dynamics is sent to Warehouse 13 to help update its aging computer system. This triggers a seemingly sentient computer virus that sends the Warehouse into lockdown and traps the team inside.</Overview>
  <ProductionCode></ProductionCode>
  <Rating>7.7</Rating>
  <RatingCount>108</RatingCount>
  <SeasonNumber>2</SeasonNumber>
  <Writer>Ian Stokes</Writer>
  <absolute_number></absolute_number>
  <filename>episodes/84676/2368241.jpg</filename>
  <lastupdated>1304868990</lastupdated>
  <seasonid>199131</seasonid>
  <seriesid>84676</seriesid>
</Episode>
<Episode>
  <id>2577851</id>
  <Combined_episodenumber>6</Combined_episodenumber>
  <Combined_season>2</Combined_season>
  <DVD_chapter></DVD_chapter>
  <DVD_discid></DVD_discid>
  <DVD_episodenumber></DVD_episodenumber>
  <DVD_season></DVD_season>
  <Director>Tawnia McKiernan</Director>
  <EpImgFlag>2</EpImgFlag>
  <EpisodeName>Around the Bend</EpisodeName>
  <EpisodeNumber>6</EpisodeNumber>
  <FirstAired>2010-08-10</FirstAired>
  <GuestStars>Tia Carrere|Mark A. Sheppard|CCH Pounder</GuestStars>
  <IMDB_ID></IMDB_ID>
  <Language>en</Language>
  <Overview>Mrs. Frederick secretly recruits Pete to find a mole within the organization who is buying artifacts. However, when the mole finds out, they go after those closest to Pete. </Overview>
  <ProductionCode></ProductionCode>
  <Rating>7.5</Rating>
  <RatingCount>115</RatingCount>
  <SeasonNumber>2</SeasonNumber>
  <Writer>Robert Goodman</Writer>
  <absolute_number></absolute_number>
  <filename>episodes/84676/2577851.jpg</filename>
  <lastupdated>1304868999</lastupdated>
  <seasonid>199131</seasonid>
  <seriesid>84676</seriesid>
</Episode>
<Episode>
  <id>2592331</id>
  <Combined_episodenumber>7</Combined_episodenumber>
  <Combined_season>2</Combined_season>
  <DVD_chapter></DVD_chapter>
  <DVD_discid></DVD_discid>
  <DVD_episodenumber></DVD_episodenumber>
  <DVD_season></DVD_season>
  <Director>Tawnia McKiernan</Director>
  <EpImgFlag>2</EpImgFlag>
  <EpisodeName>For the Team</EpisodeName>
  <EpisodeNumber>7</EpisodeNumber>
  <FirstAired>2010-08-17</FirstAired>
  <GuestStars>Jaime Murray|Paula Garces|Lindsay Wagner</GuestStars>
  <IMDB_ID></IMDB_ID>
  <Language>en</Language>
  <Overview>Claudia has just been given her first assignment, but when it involves a real human torch and H.G. Wells could it be too much for her to handle? Not to mention an appearance by an old love of Artie's</Overview>
  <ProductionCode></ProductionCode>
  <Rating>7.6</Rating>
  <RatingCount>111</RatingCount>
  <SeasonNumber>2</SeasonNumber>
  <Writer>Drew Z. Greenberg</Writer>
  <absolute_number></absolute_number>
  <filename>episodes/84676/2592331.jpg</filename>
  <lastupdated>1304869010</lastupdated>
  <seasonid>199131</seasonid>
  <seriesid>84676</seriesid>
</Episode>
<Episode>
  <id>2620291</id>
  <Combined_episodenumber>8</Combined_episodenumber>
  <Combined_season>2</Combined_season>
  <DVD_chapter></DVD_chapter>
  <DVD_discid></DVD_discid>
  <DVD_episodenumber></DVD_episodenumber>
  <DVD_season></DVD_season>
  <Director>Anton Cropper</Director>
  <EpImgFlag>2</EpImgFlag>
  <EpisodeName>Merge With Caution</EpisodeName>
  <EpisodeNumber>8</EpisodeNumber>
  <FirstAired>2010-08-24</FirstAired>
  <GuestStars>Paula Garces|Laura Harris|Cody Runnels</GuestStars>
  <IMDB_ID></IMDB_ID>
  <Language>en</Language>
  <Overview>The agents hope to spend a weekend relaxing until an artifact gets in the way.</Overview>
  <ProductionCode></ProductionCode>
  <Rating>7.5</Rating>
  <RatingCount>109</RatingCount>
  <SeasonNumber>2</SeasonNumber>
  <Writer>Nell Scovell</Writer>
  <absolute_number></absolute_number>
  <filename>episodes/84676/2620291.jpg</filename>
  <lastupdated>1304869021</lastupdated>
  <seasonid>199131</seasonid>
  <seriesid>84676</seriesid>
</Episode>
<Episode>
  <id>2620301</id>
  <Combined_episodenumber>9</Combined_episodenumber>
  <Combined_season>2</Combined_season>
  <DVD_chapter></DVD_chapter>
  <DVD_discid></DVD_discid>
  <DVD_episodenumber></DVD_episodenumber>
  <DVD_season></DVD_season>
  <Director>Matt Earl Beesley</Director>
  <EpImgFlag>2</EpImgFlag>
  <EpisodeName>Vendetta</EpisodeName>
  <EpisodeNumber>9</EpisodeNumber>
  <FirstAired>2010-08-31</FirstAired>
  <GuestStars>Tia Carrere|Nolan Gerard Funk|Simon Reynolds|Faran Tahir|Jaime Murray</GuestStars>
  <IMDB_ID></IMDB_ID>
  <Language>en</Language>
  <Overview>Someone is using Artie's artifacts to commit a series of murders.</Overview>
  <ProductionCode></ProductionCode>
  <Rating>7.5</Rating>
  <RatingCount>106</RatingCount>
  <SeasonNumber>2</SeasonNumber>
  <Writer>Michael P. Fox</Writer>
  <absolute_number></absolute_number>
  <filename>episodes/84676/2620301.jpg</filename>
  <lastupdated>1304869030</lastupdated>
  <seasonid>199131</seasonid>
  <seriesid>84676</seriesid>
</Episode>
<Episode>
  <id>2685581</id>
  <Combined_episodenumber>10</Combined_episodenumber>
  <Combined_season>2</Combined_season>
  <DVD_chapter></DVD_chapter>
  <DVD_discid></DVD_discid>
  <DVD_episodenumber></DVD_episodenumber>
  <DVD_season></DVD_season>
  <Director>Stephen Cragg</Director>
  <EpImgFlag>2</EpImgFlag>
  <EpisodeName>Where and When</EpisodeName>
  <EpisodeNumber>10</EpisodeNumber>
  <FirstAired>2010-09-07</FirstAired>
  <GuestStars>Roberta Maxwell|Jaime Murray|Armin Shimerman|David Anders</GuestStars>
  <IMDB_ID></IMDB_ID>
  <Language>en</Language>
  <Overview>Pete and Myka use H.G. Wells's time machine to travel back to 1961.</Overview>
  <ProductionCode></ProductionCode>
  <Rating>7.5</Rating>
  <RatingCount>112</RatingCount>
  <SeasonNumber>2</SeasonNumber>
  <Writer>Drew Z. Greenberg|Andrew Kreisberg</Writer>
  <absolute_number></absolute_number>
  <filename>episodes/84676/2685581.jpg</filename>
  <lastupdated>1305563970</lastupdated>
  <seasonid>199131</seasonid>
  <seriesid>84676</seriesid>
</Episode>
<Episode>
  <id>2703791</id>
  <Combined_episodenumber>11</Combined_episodenumber>
  <Combined_season>2</Combined_season>
  <DVD_chapter></DVD_chapter>
  <DVD_discid></DVD_discid>
  <DVD_episodenumber></DVD_episodenumber>
  <DVD_season></DVD_season>
  <Director>Stephen Surjik</Director>
  <EpImgFlag>2</EpImgFlag>
  <EpisodeName>Buried (1)</EpisodeName>
  <EpisodeNumber>11</EpisodeNumber>
  <FirstAired>2010-09-14</FirstAired>
  <GuestStars>Jaime Murray|Paula Garces|Mark A. Sheppard|Lindsay Wagner|CCH Pounder</GuestStars>
  <IMDB_ID></IMDB_ID>
  <Language>en</Language>
  <Overview>When Mrs. Frederic is stricken ill, the agents must search for a cure before it's too late. Their quest takes them to Egypt and the long-lost Warehouse 2. </Overview>
  <ProductionCode></ProductionCode>
  <Rating>7.8</Rating>
  <RatingCount>115</RatingCount>
  <SeasonNumber>2</SeasonNumber>
  <Writer>Robyn Adams|Mike Johnson</Writer>
  <absolute_number></absolute_number>
  <filename>episodes/84676/2703791.jpg</filename>
  <lastupdated>1308469059</lastupdated>
  <seasonid>199131</seasonid>
  <seriesid>84676</seriesid>
</Episode>
<Episode>
  <id>2703811</id>
  <Combined_episodenumber>12</Combined_episodenumber>
  <Combined_season>2</Combined_season>
  <DVD_chapter></DVD_chapter>
  <DVD_discid></DVD_discid>
  <DVD_episodenumber></DVD_episodenumber>
  <DVD_season></DVD_season>
  <Director>Contantine Makris</Director>
  <EpImgFlag>2</EpImgFlag>
  <EpisodeName>Reset (2)</EpisodeName>
  <EpisodeNumber>12</EpisodeNumber>
  <FirstAired>2010-09-21</FirstAired>
  <GuestStars>Jaime Murray|Faran Tahir|Paula Garces|CCH Pounder</GuestStars>
  <IMDB_ID>tt1719469</IMDB_ID>
  <Language>en</Language>
  <Overview>The team tries to track down their rogue member, and discover the artifact they have is unexpectedly powerful. Meanwhile, Claudia wonders about her future with the Warehouse team and Pete must choose between Kelly and the mission.</Overview>
  <ProductionCode></ProductionCode>
  <Rating>7.7</Rating>
  <RatingCount>114</RatingCount>
  <SeasonNumber>2</SeasonNumber>
  <Writer>Jack Kenny|Nell Scovell</Writer>
  <absolute_number></absolute_number>
  <filename>episodes/84676/2703811.jpg</filename>
  <lastupdated>1308469052</lastupdated>
  <seasonid>199131</seasonid>
  <seriesid>84676</seriesid>
</Episode>
<Episode>
  <id>3012701</id>
  <Combined_episodenumber>13</Combined_episodenumber>
  <Combined_season>2</Combined_season>
  <DVD_chapter></DVD_chapter>
  <DVD_discid></DVD_discid>
  <DVD_episodenumber></DVD_episodenumber>
  <DVD_season></DVD_season>
  <Director>Jack Kenny</Director>
  <EpImgFlag>2</EpImgFlag>
  <EpisodeName>Secret Santa</EpisodeName>
  <EpisodeNumber>13</EpisodeNumber>
  <FirstAired>2010-12-07</FirstAired>
  <GuestStars>|Judd Hirsch|Paul Blackthorne|</GuestStars>
  <IMDB_ID></IMDB_ID>
  <Language>en</Language>
  <Overview>As the Warehouse team prepares to celebrate the holidays in snowy South Dakota, Pete and Myka are called upon to hunt down a malevolent Santa Claus. Meanwhile, in time for Hanukkah, Artie and his estranged father, Isadore Weisfelt reunite after 30 years.</Overview>
  <ProductionCode></ProductionCode>
  <Rating>7.2</Rating>
  <RatingCount>105</RatingCount>
  <SeasonNumber>2</SeasonNumber>
  <Writer>Bob Goodman</Writer>
  <absolute_number></absolute_number>
  <filename>episodes/84676/3012701.jpg</filename>
  <lastupdated>1332108427</lastupdated>
  <seasonid>199131</seasonid>
  <seriesid>84676</seriesid>
</Episode>
<Episode>
  <id>4078804</id>
  <Combined_episodenumber>1</Combined_episodenumber>
  <Combined_season>3</Combined_season>
  <DVD_chapter></DVD_chapter>
  <DVD_discid></DVD_discid>
  <DVD_episodenumber></DVD_episodenumber>
  <DVD_season></DVD_season>
  <Director>Stephen Surjik</Director>
  <EpImgFlag>2</EpImgFlag>
  <EpisodeName>The New Guy</EpisodeName>
  <EpisodeNumber>1</EpisodeNumber>
  <FirstAired>2011-07-11</FirstAired>
  <GuestStars>|Aaron Ashmore|Ashley Williams|Jaime Murray|Mark Robinson|</GuestStars>
  <IMDB_ID>tt1733085</IMDB_ID>
  <Language>en</Language>
  <Overview>When we last left agents Myka Bering and Pete Lattimer at the conclusion of season 2, Myka had decided to leave the top secret team with little to no warning. As season 3 begins, Artie fills Myka's shoes with 'The New Guy,' which also happens to be the name of the season premiere episode.</Overview>
  <ProductionCode></ProductionCode>
  <Rating>7.6</Rating>
  <RatingCount>103</RatingCount>
  <SeasonNumber>3</SeasonNumber>
  <Writer>Jack Kenny</Writer>
  <absolute_number></absolute_number>
  <filename>episodes/84676/4078804.jpg</filename>
  <lastupdated>1361245250</lastupdated>
  <seasonid>463845</seasonid>
  <seriesid>84676</seriesid>
</Episode>
<Episode>
  <id>4105014</id>
  <Combined_episodenumber>2</Combined_episodenumber>
  <Combined_season>3</Combined_season>
  <DVD_chapter></DVD_chapter>
  <DVD_discid></DVD_discid>
  <DVD_episodenumber></DVD_episodenumber>
  <DVD_season></DVD_season>
  <Director>Constantine Makris</Director>
  <EpImgFlag>2</EpImgFlag>
  <EpisodeName>Trials</EpisodeName>
  <EpisodeNumber>2</EpisodeNumber>
  <FirstAired>2011-07-18</FirstAired>
  <GuestStars>Aaron Ashmore|Faran Tahir</GuestStars>
  <IMDB_ID>tt1878799</IMDB_ID>
  <Language>en</Language>
  <Overview>Myka's return to the Warehouse leads to a memory-wiping escapade.</Overview>
  <ProductionCode></ProductionCode>
  <Rating>7.5</Rating>
  <RatingCount>97</RatingCount>
  <SeasonNumber>3</SeasonNumber>
  <Writer>Drew Z. Greenburg</Writer>
  <absolute_number></absolute_number>
  <filename>episodes/84676/4105014.jpg</filename>
  <lastupdated>1361245288</lastupdated>
  <seasonid>463845</seasonid>
  <seriesid>84676</seriesid>
</Episode>
<Episode>
  <id>4105015</id>
  <Combined_episodenumber>3</Combined_episodenumber>
  <Combined_season>3</Combined_season>
  <DVD_chapter></DVD_chapter>
  <DVD_discid></DVD_discid>
  <DVD_episodenumber></DVD_episodenumber>
  <DVD_season></DVD_season>
  <Director>Tawnia McKiernan</Director>
  <EpImgFlag>2</EpImgFlag>
  <EpisodeName>Love Sick</EpisodeName>
  <EpisodeNumber>3</EpisodeNumber>
  <FirstAired>2011-07-25</FirstAired>
  <GuestStars>Aaron Ashmore|Sasha Roiz|Ashley Williams|Rene Auberjonois|Lindsay Wagner|Max Morrow</GuestStars>
  <IMDB_ID>tt1877525</IMDB_ID>
  <Language>en</Language>
  <Overview>Lindsay Wagner guest stars as Artie's not-so-secret crush returns in pursuit of a murderous cyber matrix.</Overview>
  <ProductionCode></ProductionCode>
  <Rating>7.4</Rating>
  <RatingCount>100</RatingCount>
  <SeasonNumber>3</SeasonNumber>
  <Writer>Andrew Kreisberg</Writer>
  <absolute_number></absolute_number>
  <filename>episodes/84676/4105015.jpg</filename>
  <lastupdated>1361245309</lastupdated>
  <seasonid>463845</seasonid>
  <seriesid>84676</seriesid>
</Episode>
<Episode>
  <id>4134719</id>
  <Combined_episodenumber>4</Combined_episodenumber>
  <Combined_season>3</Combined_season>
  <DVD_chapter></DVD_chapter>
  <DVD_discid></DVD_discid>
  <DVD_episodenumber></DVD_episodenumber>
  <DVD_season></DVD_season>
  <Director>Jeremiah Checik</Director>
  <EpImgFlag>2</EpImgFlag>
  <EpisodeName>Queen for a Day</EpisodeName>
  <EpisodeNumber>4</EpisodeNumber>
  <FirstAired>2011-08-01</FirstAired>
  <GuestStars>|Jeri Ryan|Aaron Ashmore|Anthony Lemke|</GuestStars>
  <IMDB_ID>tt1991859</IMDB_ID>
  <Language>en</Language>
  <Overview>Pete's ex-wife arrives in town to remarry, but an artifact may derail the wedding; Steve and Claudia visit a Civil War reenactment in search of an artifact</Overview>
  <ProductionCode></ProductionCode>
  <Rating>7.7</Rating>
  <RatingCount>94</RatingCount>
  <SeasonNumber>3</SeasonNumber>
  <Writer>Holly Harold</Writer>
  <absolute_number></absolute_number>
  <filename>episodes/84676/4134719.jpg</filename>
  <lastupdated>1361245328</lastupdated>
  <seasonid>463845</seasonid>
  <seriesid>84676</seriesid>
</Episode>
<Episode>
  <id>4134720</id>
  <Combined_episodenumber>5</Combined_episodenumber>
  <Combined_season>3</Combined_season>
  <DVD_chapter></DVD_chapter>
  <DVD_discid></DVD_discid>
  <DVD_episodenumber></DVD_episodenumber>
  <DVD_season></DVD_season>
  <Director>Chris Fisher</Director>
  <EpImgFlag>2</EpImgFlag>
  <EpisodeName>3...2...1...</EpisodeName>
  <EpisodeNumber>5</EpisodeNumber>
  <FirstAired>2011-08-08</FirstAired>
  <GuestStars>|Gareth David-Lloyd|Jaime Murray|Chad Connell|</GuestStars>
  <IMDB_ID>tt1918571</IMDB_ID>
  <Language>en</Language>
  <Overview>Pete, Myka and H.G. Wells track Joshua's Trumpet, an artifact that has eluded three generations of Warehouse agents, which now may pose a threat to a packed baseball stadium.</Overview>
  <ProductionCode></ProductionCode>
  <Rating>7.7</Rating>
  <RatingCount>88</RatingCount>
  <SeasonNumber>3</SeasonNumber>
  <Writer>Bob Goodman</Writer>
  <absolute_number></absolute_number>
  <filename>episodes/84676/4134720.jpg</filename>
  <lastupdated>1361245345</lastupdated>
  <seasonid>463845</seasonid>
  <seriesid>84676</seriesid>
</Episode>
<Episode>
  <id>4134721</id>
  <Combined_episodenumber>6</Combined_episodenumber>
  <Combined_season>3</Combined_season>
  <DVD_chapter></DVD_chapter>
  <DVD_discid></DVD_discid>
  <DVD_episodenumber></DVD_episodenumber>
  <DVD_season></DVD_season>
  <Director>Chris Fisher</Director>
  <EpImgFlag>2</EpImgFlag>
  <EpisodeName>Don't Hate the Player</EpisodeName>
  <EpisodeNumber>6</EpisodeNumber>
  <FirstAired>2011-08-15</FirstAired>
  <GuestStars>|Neil Grayston|Sasha Roiz|Steven Yeun|Ashley Williams|Aaron Ashmore|</GuestStars>
  <IMDB_ID>tt1991857</IMDB_ID>
  <Language>en</Language>
  <Overview>Fargo becomes trapped in a video game inspired by Warehouse 13 and requires help from Pete, Claudia and Myka. Meanwhile, Stukowski recruits Artie and Steve to help with a case, and catches them stealing an artifact.</Overview>
  <ProductionCode></ProductionCode>
  <Rating>7.5</Rating>
  <RatingCount>97</RatingCount>
  <SeasonNumber>3</SeasonNumber>
  <Writer>Ian Stokes</Writer>
  <absolute_number></absolute_number>
  <filename>episodes/84676/4134721.jpg</filename>
  <lastupdated>1361245365</lastupdated>
  <seasonid>463845</seasonid>
  <seriesid>84676</seriesid>
</Episode>
<Episode>
  <id>4134722</id>
  <Combined_episodenumber>7</Combined_episodenumber>
  <Combined_season>3</Combined_season>
  <DVD_chapter></DVD_chapter>
  <DVD_discid></DVD_discid>
  <DVD_episodenumber></DVD_episodenumber>
  <DVD_season></DVD_season>
  <Director>Tawnia McKiernan</Director>
  <EpImgFlag>2</EpImgFlag>
  <EpisodeName>Past Imperfect</EpisodeName>
  <EpisodeNumber>7</EpisodeNumber>
  <FirstAired>2011-08-22</FirstAired>
  <GuestStars>|Aaron Ashmore|Yancey Arias|</GuestStars>
  <IMDB_ID>tt1991858</IMDB_ID>
  <Language>en</Language>
  <Overview>Myka hunts for Leo, the man who murdered her old partner, and the Warehouse agents think there's a link between the killer and the Secret Service.</Overview>
  <ProductionCode></ProductionCode>
  <Rating>7.6</Rating>
  <RatingCount>91</RatingCount>
  <SeasonNumber>3</SeasonNumber>
  <Writer>Nell Scovell</Writer>
  <absolute_number></absolute_number>
  <filename>episodes/84676/4134722.jpg</filename>
  <lastupdated>1361245380</lastupdated>
  <seasonid>463845</seasonid>
  <seriesid>84676</seriesid>
</Episode>
<Episode>
  <id>4134723</id>
  <Combined_episodenumber>8</Combined_episodenumber>
  <Combined_season>3</Combined_season>
  <DVD_chapter></DVD_chapter>
  <DVD_discid></DVD_discid>
  <DVD_episodenumber></DVD_episodenumber>
  <DVD_season></DVD_season>
  <Director>Chris Fisher</Director>
  <EpImgFlag>2</EpImgFlag>
  <EpisodeName>The 40th Floor</EpisodeName>
  <EpisodeNumber>8</EpisodeNumber>
  <FirstAired>2011-08-29</FirstAired>
  <GuestStars>Aaron Ashmore|Faran Tahir|Kate Mulgrew|Ashley Williams|Sasha Roiz|CCH Pounder|Paula Boudreau|Andrew Jackson</GuestStars>
  <IMDB_ID>tt1912325</IMDB_ID>
  <Language>en</Language>
  <Overview>Sally Stukowski and her partner make their move, attacking the Regents and using an artifact to trap them in a building and bring it down around them. </Overview>
  <ProductionCode></ProductionCode>
  <Rating>7.7</Rating>
  <RatingCount>86</RatingCount>
  <SeasonNumber>3</SeasonNumber>
  <Writer>Deric A. Hughes|Benjamin Raab</Writer>
  <absolute_number></absolute_number>
  <filename>episodes/84676/4134723.jpg</filename>
  <lastupdated>1361245404</lastupdated>
  <seasonid>463845</seasonid>
  <seriesid>84676</seriesid>
</Episode>
<Episode>
  <id>4138318</id>
  <Combined_episodenumber>9</Combined_episodenumber>
  <Combined_season>3</Combined_season>
  <DVD_chapter></DVD_chapter>
  <DVD_discid></DVD_discid>
  <DVD_episodenumber></DVD_episodenumber>
  <DVD_season></DVD_season>
  <Director>Tawnia McKiernan</Director>
  <EpImgFlag>1</EpImgFlag>
  <EpisodeName>Shadows</EpisodeName>
  <EpisodeNumber>9</EpisodeNumber>
  <FirstAired>2011-09-12</FirstAired>
  <GuestStars>Kate Mulgrew|Anthony Michael Hall|Alessandra Torresani|Sasha Roiz|CCH Pounder|Emily Andrews</GuestStars>
  <IMDB_ID>tt2004133</IMDB_ID>
  <Language>en</Language>
  <Overview>While the team investigates the case of a woman who can disintegrate anyone who angers her, Pete and his mother deal with their issues after being reunited.</Overview>
  <ProductionCode></ProductionCode>
  <Rating>7.6</Rating>
  <RatingCount>79</RatingCount>
  <SeasonNumber>3</SeasonNumber>
  <Writer>Robert Goodman|Holly Harold</Writer>
  <absolute_number></absolute_number>
  <filename>episodes/84676/4138318.jpg</filename>
  <lastupdated>1361245425</lastupdated>
  <seasonid>463845</seasonid>
  <seriesid>84676</seriesid>
</Episode>
<Episode>
  <id>4138319</id>
  <Combined_episodenumber>10</Combined_episodenumber>
  <Combined_season>3</Combined_season>
  <DVD_chapter></DVD_chapter>
  <DVD_discid></DVD_discid>
  <DVD_episodenumber></DVD_episodenumber>
  <DVD_season></DVD_season>
  <Director>Constantine Makris</Director>
  <EpImgFlag>2</EpImgFlag>
  <EpisodeName>Insatiable</EpisodeName>
  <EpisodeNumber>10</EpisodeNumber>
  <FirstAired>2011-09-19</FirstAired>
  <GuestStars>Aaron Ashmore|Sasha Roiz|Johnny Pacar|Jenny Raven</GuestStars>
  <IMDB_ID>tt1977646</IMDB_ID>
  <Language>en</Language>
  <Overview>While Myka and Pete deal with what appears to be a zombie plague, Claudia tries to reach Jinks.</Overview>
  <ProductionCode></ProductionCode>
  <Rating>7.5</Rating>
  <RatingCount>80</RatingCount>
  <SeasonNumber>3</SeasonNumber>
  <Writer>Benjamin Raab|Deric A. Hughes</Writer>
  <absolute_number></absolute_number>
  <filename>episodes/84676/4138319.jpg</filename>
  <lastupdated>1361245436</lastupdated>
  <seasonid>463845</seasonid>
  <seriesid>84676</seriesid>
</Episode>
<Episode>
  <id>4138320</id>
  <Combined_episodenumber>11</Combined_episodenumber>
  <Combined_season>3</Combined_season>
  <DVD_chapter></DVD_chapter>
  <DVD_discid></DVD_discid>
  <DVD_episodenumber></DVD_episodenumber>
  <DVD_season></DVD_season>
  <Director>Millicent Shelton</Director>
  <EpImgFlag>2</EpImgFlag>
  <EpisodeName>Emily Lake</EpisodeName>
  <EpisodeNumber>11</EpisodeNumber>
  <FirstAired>2011-10-03</FirstAired>
  <GuestStars>|Kate Mulgrew|Aaron Ashmore|Jaime Murray|Faran Tahir|Sasha Roiz|Anthony Michael Hall|Max Morrow|</GuestStars>
  <IMDB_ID>tt2064683</IMDB_ID>
  <Language>en</Language>
  <Overview>As Sykes begins his end game, the agents discover that Helena is still alive... and teaching high school literature. Meanwhile, Jane reveals the full extent of her plan but one agent will lose their life carrying it out.</Overview>
  <ProductionCode></ProductionCode>
  <Rating>8.2</Rating>
  <RatingCount>89</RatingCount>
  <SeasonNumber>3</SeasonNumber>
  <Writer>Ian Stokes|Nell Scovell</Writer>
  <absolute_number></absolute_number>
  <filename>episodes/84676/4138320.jpg</filename>
  <lastupdated>1361245453</lastupdated>
  <seasonid>463845</seasonid>
  <seriesid>84676</seriesid>
</Episode>
<Episode>
  <id>4138321</id>
  <Combined_episodenumber>12</Combined_episodenumber>
  <Combined_season>3</Combined_season>
  <DVD_chapter></DVD_chapter>
  <DVD_discid></DVD_discid>
  <DVD_episodenumber></DVD_episodenumber>
  <DVD_season></DVD_season>
  <Director>Stephen Surjik</Director>
  <EpImgFlag>2</EpImgFlag>
  <EpisodeName>Stand</EpisodeName>
  <EpisodeNumber>12</EpisodeNumber>
  <FirstAired>2011-10-03</FirstAired>
  <GuestStars>Anthony Michael Hall|Aaron Ashmore|Kate Mulgrew|Erick Avari|Sasha Roiz|Jaime Murray|CCH Pounder|Max Morrow</GuestStars>
  <IMDB_ID>tt2084726</IMDB_ID>
  <Language>en</Language>
  <Overview>Pete and Myka race to stop Sykes from using his own cache of artifacts to destroy them and the Warehouse. 

Warehouse 13 season finale part 2</Overview>
  <ProductionCode></ProductionCode>
  <Rating>8.2</Rating>
  <RatingCount>41</RatingCount>
  <SeasonNumber>3</SeasonNumber>
  <Writer>Andrew Kreisberg|Drew Z. Greenberg</Writer>
  <absolute_number></absolute_number>
  <filename>episodes/84676/4138321.jpg</filename>
  <lastupdated>1361245480</lastupdated>
  <seasonid>463845</seasonid>
  <seriesid>84676</seriesid>
</Episode>
<Episode>
  <id>4186624</id>
  <Combined_episodenumber>13</Combined_episodenumber>
  <Combined_season>3</Combined_season>
  <DVD_chapter></DVD_chapter>
  <DVD_discid></DVD_discid>
  <DVD_episodenumber></DVD_episodenumber>
  <DVD_season></DVD_season>
  <Director>Jack Kenny</Director>
  <EpImgFlag>2</EpImgFlag>
  <EpisodeName>The Greatest Gift</EpisodeName>
  <EpisodeNumber>13</EpisodeNumber>
  <FirstAired>2011-12-06</FirstAired>
  <GuestStars>Roger Rees|Charles Malik Whitfield|Susan Hogan|CCH Pounder|Skyler Wexler</GuestStars>
  <IMDB_ID>tt2120683</IMDB_ID>
  <Language>en</Language>
  <Overview>Pete Lattimer is hit in the head by an artifact and wakes up to a life where he was never born. Pete must hunt down and persuade the Warehouse team (none of whom recognize him) to go on this life or death mission with him to vanquish a long dead nemesis from the past to get everyone’s lives back.</Overview>
  <ProductionCode></ProductionCode>
  <Rating>7.8</Rating>
  <RatingCount>71</RatingCount>
  <SeasonNumber>3</SeasonNumber>
  <Writer>Mike Johnson|John-Paul Nickel</Writer>
  <absolute_number></absolute_number>
  <filename>episodes/84676/4186624.jpg</filename>
  <lastupdated>1361245502</lastupdated>
  <seasonid>463845</seasonid>
  <seriesid>84676</seriesid>
</Episode>
<Episode>
  <id>4328137</id>
  <Combined_episodenumber>1</Combined_episodenumber>
  <Combined_season>4</Combined_season>
  <DVD_chapter></DVD_chapter>
  <DVD_discid></DVD_discid>
  <DVD_episodenumber></DVD_episodenumber>
  <DVD_season></DVD_season>
  <Director>Chris Fisher</Director>
  <EpImgFlag>2</EpImgFlag>
  <EpisodeName>A New Hope</EpisodeName>
  <EpisodeNumber>1</EpisodeNumber>
  <FirstAired>2012-07-23</FirstAired>
  <GuestStars>Jaime Murray|Jeffrey R. Smith|Ed Schulz|Brent Spiner|Lester Holt|Faran Tahir|Anthony Michael Hall</GuestStars>
  <IMDB_ID>tt2353463</IMDB_ID>
  <Language>en</Language>
  <Overview>Season 4 kicks off with the Warehouse Team still reeling from the shocking events of the climactic season three finale – the loss of Agent Steve Jinks, Mrs. Frederic, H.G. Wells, and the destruction of the Warehouse itself. Their only hope lies in racing to the other side of the Earth to hunt down an obscure artifact, which may or may not even exist – and if it does exist, what consequences will they face for using it?</Overview>
  <ProductionCode></ProductionCode>
  <Rating>7.7</Rating>
  <RatingCount>62</RatingCount>
  <SeasonNumber>4</SeasonNumber>
  <Writer>Jack Kenny</Writer>
  <absolute_number></absolute_number>
  <filename>episodes/84676/4328137.jpg</filename>
  <lastupdated>1364565642</lastupdated>
  <seasonid>492583</seasonid>
  <seriesid>84676</seriesid>
</Episode>
<Episode>
  <id>4337386</id>
  <Combined_episodenumber>2</Combined_episodenumber>
  <Combined_season>4</Combined_season>
  <DVD_chapter></DVD_chapter>
  <DVD_discid></DVD_discid>
  <DVD_episodenumber></DVD_episodenumber>
  <DVD_season></DVD_season>
  <Director>Constantine Makris</Director>
  <EpImgFlag>2</EpImgFlag>
  <EpisodeName>An Evil Within</EpisodeName>
  <EpisodeNumber>2</EpisodeNumber>
  <FirstAired>2012-07-30</FirstAired>
  <GuestStars>Brent Spiner|Faran Tahir|Kate Mulgrew</GuestStars>
  <IMDB_ID>tt2374519</IMDB_ID>
  <Language>en</Language>
  <Overview>Pete and Myka investigate a mysterious case where mobs of angry people are hallucinating</Overview>
  <ProductionCode></ProductionCode>
  <Rating>7.5</Rating>
  <RatingCount>62</RatingCount>
  <SeasonNumber>4</SeasonNumber>
  <Writer>Holly Harold</Writer>
  <absolute_number></absolute_number>
  <filename>episodes/84676/4337386.jpg</filename>
  <lastupdated>1364565653</lastupdated>
  <seasonid>492583</seasonid>
  <seriesid>84676</seriesid>
</Episode>
<Episode>
  <id>4337387</id>
  <Combined_episodenumber>3</Combined_episodenumber>
  <Combined_season>4</Combined_season>
  <DVD_chapter></DVD_chapter>
  <DVD_discid></DVD_discid>
  <DVD_episodenumber></DVD_episodenumber>
  <DVD_season></DVD_season>
  <Director>Andrew Seklir</Director>
  <EpImgFlag>2</EpImgFlag>
  <EpisodeName>Personal Effects</EpisodeName>
  <EpisodeNumber>3</EpisodeNumber>
  <FirstAired>2012-08-06</FirstAired>
  <GuestStars>Brian J. Smith|Dee Wallace</GuestStars>
  <IMDB_ID>tt2353465</IMDB_ID>
  <Language>en</Language>
  <Overview>All hands are on deck to prevent a small town from being wiped off the map when a box of artifacts is accidently unleashed.</Overview>
  <ProductionCode></ProductionCode>
  <Rating>7.7</Rating>
  <RatingCount>56</RatingCount>
  <SeasonNumber>4</SeasonNumber>
  <Writer>Ian Stokes</Writer>
  <absolute_number></absolute_number>
  <filename>episodes/84676/4337387.jpg</filename>
  <lastupdated>1357681155</lastupdated>
  <seasonid>492583</seasonid>
  <seriesid>84676</seriesid>
</Episode>
<Episode>
  <id>4337388</id>
  <Combined_episodenumber>4</Combined_episodenumber>
  <Combined_season>4</Combined_season>
  <DVD_chapter></DVD_chapter>
  <DVD_discid></DVD_discid>
  <DVD_episodenumber></DVD_episodenumber>
  <DVD_season></DVD_season>
  <Director>Constantine Makris</Director>
  <EpImgFlag>2</EpImgFlag>
  <EpisodeName>There's Always a Downside</EpisodeName>
  <EpisodeNumber>4</EpisodeNumber>
  <FirstAired>2012-08-13</FirstAired>
  <GuestStars>Brent Spiner|Sam Huntington|Justin Kelly|Rene Auberjonois</GuestStars>
  <IMDB_ID>tt2374521</IMDB_ID>
  <Language>en</Language>
  <Overview>Pete and Claudia reunite with Hugo to track down a deadly artifact at his nephew's prep school; Myka and Steve investigate an artifact that is killing a musician in New Orleans.</Overview>
  <ProductionCode></ProductionCode>
  <Rating>7.8</Rating>
  <RatingCount>48</RatingCount>
  <SeasonNumber>4</SeasonNumber>
  <Writer>Drew Z. Greenberg</Writer>
  <absolute_number></absolute_number>
  <filename>episodes/84676/4337388.jpg</filename>
  <lastupdated>1357681175</lastupdated>
  <seasonid>492583</seasonid>
  <seriesid>84676</seriesid>
</Episode>
<Episode>
  <id>4337389</id>
  <Combined_episodenumber>5</Combined_episodenumber>
  <Combined_season>4</Combined_season>
  <DVD_chapter></DVD_chapter>
  <DVD_discid></DVD_discid>
  <DVD_episodenumber></DVD_episodenumber>
  <DVD_season></DVD_season>
  <Director>Jay Chandrasekhar</Director>
  <EpImgFlag>2</EpImgFlag>
  <EpisodeName>No Pain, No Gain</EpisodeName>
  <EpisodeNumber>5</EpisodeNumber>
  <FirstAired>2012-08-20</FirstAired>
  <GuestStars>Mike Dopud|Kristen Nelson|Timothy Omundson</GuestStars>
  <IMDB_ID>tt2328449</IMDB_ID>
  <Language>en</Language>
  <Overview>Pete and Myka investigate a hockey player who is miraculously recovering from his injuries; Claudia is invited to a mysterious lunch with Mrs. Frederic; Artie and Steve has discovered that someone is stealing artifacts from the warehouse.</Overview>
  <ProductionCode></ProductionCode>
  <Rating>7.8</Rating>
  <RatingCount>57</RatingCount>
  <SeasonNumber>4</SeasonNumber>
  <Writer>Nell Scovell</Writer>
  <absolute_number></absolute_number>
  <filename>episodes/84676/4337389.jpg</filename>
  <lastupdated>1356979331</lastupdated>
  <seasonid>492583</seasonid>
  <seriesid>84676</seriesid>
</Episode>
<Episode>
  <id>4337390</id>
  <Combined_episodenumber>6</Combined_episodenumber>
  <Combined_season>4</Combined_season>
  <DVD_chapter></DVD_chapter>
  <DVD_discid></DVD_discid>
  <DVD_episodenumber></DVD_episodenumber>
  <DVD_season></DVD_season>
  <Director>Chris Fisher</Director>
  <EpImgFlag>2</EpImgFlag>
  <EpisodeName>Fractures</EpisodeName>
  <EpisodeNumber>6</EpisodeNumber>
  <FirstAired>2012-08-27</FirstAired>
  <GuestStars></GuestStars>
  <IMDB_ID>tt2358813</IMDB_ID>
  <Language>en</Language>
  <Overview>The team discovers someone has stolen Lewis Carroll's mirror from the warehouse.</Overview>
  <ProductionCode></ProductionCode>
  <Rating>7.5</Rating>
  <RatingCount>51</RatingCount>
  <SeasonNumber>4</SeasonNumber>
  <Writer>Benjamin Raab|Deric A. Hughes</Writer>
  <absolute_number></absolute_number>
  <filename>episodes/84676/4337390.jpg</filename>
  <lastupdated>1357681266</lastupdated>
  <seasonid>492583</seasonid>
  <seriesid>84676</seriesid>
</Episode>
<Episode>
  <id>4337391</id>
  <Combined_episodenumber>7</Combined_episodenumber>
  <Combined_season>4</Combined_season>
  <DVD_chapter></DVD_chapter>
  <DVD_discid></DVD_discid>
  <DVD_episodenumber></DVD_episodenumber>
  <DVD_season></DVD_season>
  <Director>Michael McMurray</Director>
  <EpImgFlag>2</EpImgFlag>
  <EpisodeName>Endless Wonder</EpisodeName>
  <EpisodeNumber>7</EpisodeNumber>
  <FirstAired>2012-09-10</FirstAired>
  <GuestStars>Brent Spiner|Faran Tahir|Danielle Nicolet|Steven Eckholdt|Jaime Murray</GuestStars>
  <IMDB_ID>tt2400237</IMDB_ID>
  <Language>en</Language>
  <Overview>Pete and Myka cross paths with an inquisitive drug company exec; a pill is making people taller; Artie, Steve and Claudia track Brother Adrian to his hideout.</Overview>
  <ProductionCode></ProductionCode>
  <Rating>7.9</Rating>
  <RatingCount>59</RatingCount>
  <SeasonNumber>4</SeasonNumber>
  <Writer>Bob Goodman</Writer>
  <absolute_number></absolute_number>
  <filename>episodes/84676/4337391.jpg</filename>
  <lastupdated>1357681304</lastupdated>
  <seasonid>492583</seasonid>
  <seriesid>84676</seriesid>
</Episode>
<Episode>
  <id>4337392</id>
  <Combined_episodenumber>8</Combined_episodenumber>
  <Combined_season>4</Combined_season>
  <DVD_chapter></DVD_chapter>
  <DVD_discid></DVD_discid>
  <DVD_episodenumber></DVD_episodenumber>
  <DVD_season></DVD_season>
  <Director>Constantine Makris</Director>
  <EpImgFlag>2</EpImgFlag>
  <EpisodeName>Second Chances</EpisodeName>
  <EpisodeNumber>8</EpisodeNumber>
  <FirstAired>2012-09-17</FirstAired>
  <GuestStars>Jaime Murray|Laura Innes|Pooch Hall</GuestStars>
  <IMDB_ID>tt2404149</IMDB_ID>
  <Language>en</Language>
  <Overview>Pete and Myka investigate a case of people rusting away; Steve and Claudia visit Steve's hometown to end his dependence on the Metronome; Artie tells the truth about Brother Adrian and his use of the Astrolabe.</Overview>
  <ProductionCode></ProductionCode>
  <Rating>7.7</Rating>
  <RatingCount>52</RatingCount>
  <SeasonNumber>4</SeasonNumber>
  <Writer>Diego Gutierrez</Writer>
  <absolute_number></absolute_number>
  <filename>episodes/84676/4337392.jpg</filename>
  <lastupdated>1357681340</lastupdated>
  <seasonid>492583</seasonid>
  <seriesid>84676</seriesid>
</Episode>
<Episode>
  <id>4383343</id>
  <Combined_episodenumber>9</Combined_episodenumber>
  <Combined_season>4</Combined_season>
  <DVD_chapter></DVD_chapter>
  <DVD_discid></DVD_discid>
  <DVD_episodenumber></DVD_episodenumber>
  <DVD_season></DVD_season>
  <Director>Howie Deutch</Director>
  <EpImgFlag>2</EpImgFlag>
  <EpisodeName>The Ones You Love</EpisodeName>
  <EpisodeNumber>9</EpisodeNumber>
  <FirstAired>2012-09-24</FirstAired>
  <GuestStars>Brent Spiner|Jeri Ryan|Amy Acker</GuestStars>
  <IMDB_ID>tt2322366</IMDB_ID>
  <Language>en</Language>
  <Overview>Brother Adrian sends deadly artifacts to the agents loved ones; Mrs. Frederic and Steve discover the truth about Artie and Adrian.</Overview>
  <ProductionCode></ProductionCode>
  <Rating>7.9</Rating>
  <RatingCount>49</RatingCount>
  <SeasonNumber>4</SeasonNumber>
  <Writer>Nell Scovell</Writer>
  <absolute_number></absolute_number>
  <filename>episodes/84676/4383343.jpg</filename>
  <lastupdated>1365384410</lastupdated>
  <seasonid>492583</seasonid>
  <seriesid>84676</seriesid>
</Episode>
<Episode>
  <id>4399434</id>
  <Combined_episodenumber>10</Combined_episodenumber>
  <Combined_season>4</Combined_season>
  <DVD_chapter></DVD_chapter>
  <DVD_discid></DVD_discid>
  <DVD_episodenumber></DVD_episodenumber>
  <DVD_season></DVD_season>
  <Director>Chris Fisher</Director>
  <EpImgFlag>2</EpImgFlag>
  <EpisodeName>We All Fall Down</EpisodeName>
  <EpisodeNumber>10</EpisodeNumber>
  <FirstAired>2012-10-01</FirstAired>
  <GuestStars>Brent Spiner</GuestStars>
  <IMDB_ID>tt2398814</IMDB_ID>
  <Language>en</Language>
  <Overview>The Warehouse’s battle against an unspeakable power that has steadily consumed Artie Nielsen comes to a devastating conclusion.</Overview>
  <ProductionCode></ProductionCode>
  <Rating>7.9</Rating>
  <RatingCount>50</RatingCount>
  <SeasonNumber>4</SeasonNumber>
  <Writer>Holly Harold</Writer>
  <absolute_number></absolute_number>
  <filename>episodes/84676/4399434.jpg</filename>
  <lastupdated>1362322940</lastupdated>
  <seasonid>492583</seasonid>
  <seriesid>84676</seriesid>
</Episode>
<Episode>
  <id>4489700</id>
  <Combined_episodenumber>11</Combined_episodenumber>
  <Combined_season>4</Combined_season>
  <DVD_chapter></DVD_chapter>
  <DVD_discid></DVD_discid>
  <DVD_episodenumber></DVD_episodenumber>
  <DVD_season></DVD_season>
  <Director></Director>
  <EpImgFlag></EpImgFlag>
  <EpisodeName>The Living and the Dead</EpisodeName>
  <EpisodeNumber>11</EpisodeNumber>
  <FirstAired>2013-04-29</FirstAired>
  <GuestStars>Polly Walker</GuestStars>
  <IMDB_ID>tt2225994</IMDB_ID>
  <Language>en</Language>
  <Overview>Pete and Myka race to stop a global plague before it kills half the world's population.</Overview>
  <ProductionCode></ProductionCode>
  <Rating></Rating>
  <RatingCount>0</RatingCount>
  <SeasonNumber>4</SeasonNumber>
  <Writer></Writer>
  <absolute_number></absolute_number>
  <filename></filename>
  <lastupdated>1365446728</lastupdated>
  <seasonid>492583</seasonid>
  <seriesid>84676</seriesid>
</Episode>
<Episode>
  <id>4518971</id>
  <Combined_episodenumber>12</Combined_episodenumber>
  <Combined_season>4</Combined_season>
  <DVD_chapter></DVD_chapter>
  <DVD_discid></DVD_discid>
  <DVD_episodenumber></DVD_episodenumber>
  <DVD_season></DVD_season>
  <Director>Larry Teng</Director>
  <EpImgFlag></EpImgFlag>
  <EpisodeName>Parks and Rehabilitation</EpisodeName>
  <EpisodeNumber>12</EpisodeNumber>
  <FirstAired></FirstAired>
  <GuestStars></GuestStars>
  <IMDB_ID>tt2534582</IMDB_ID>
  <Language>en</Language>
  <Overview></Overview>
  <ProductionCode></ProductionCode>
  <Rating></Rating>
  <RatingCount>0</RatingCount>
  <SeasonNumber>4</SeasonNumber>
  <Writer></Writer>
  <absolute_number></absolute_number>
  <filename></filename>
  <lastupdated>1365446752</lastupdated>
  <seasonid>492583</seasonid>
  <seriesid>84676</seriesid>
</Episode>
<Episode>
  <id>4526816</id>
  <Combined_episodenumber>13</Combined_episodenumber>
  <Combined_season>4</Combined_season>
  <DVD_chapter></DVD_chapter>
  <DVD_discid></DVD_discid>
  <DVD_episodenumber></DVD_episodenumber>
  <DVD_season></DVD_season>
  <Director>Chris Fisher</Director>
  <EpImgFlag></EpImgFlag>
  <EpisodeName>The Big Snag</EpisodeName>
  <EpisodeNumber>13</EpisodeNumber>
  <FirstAired></FirstAired>
  <GuestStars></GuestStars>
  <IMDB_ID>tt2449026</IMDB_ID>
  <Language>en</Language>
  <Overview></Overview>
  <ProductionCode></ProductionCode>
  <Rating></Rating>
  <RatingCount>0</RatingCount>
  <SeasonNumber>4</SeasonNumber>
  <Writer>John-Paul Nickel</Writer>
  <absolute_number></absolute_number>
  <filename></filename>
  <lastupdated>1365446779</lastupdated>
  <seasonid>492583</seasonid>
  <seriesid>84676</seriesid>
</Episode>
<Episode>
  <id>4526818</id>
  <Combined_episodenumber>14</Combined_episodenumber>
  <Combined_season>4</Combined_season>
  <DVD_chapter></DVD_chapter>
  <DVD_discid></DVD_discid>
  <DVD_episodenumber></DVD_episodenumber>
  <DVD_season></DVD_season>
  <Director></Director>
  <EpImgFlag></EpImgFlag>
  <EpisodeName>The Sky's the Limit</EpisodeName>
  <EpisodeNumber>14</EpisodeNumber>
  <FirstAired></FirstAired>
  <GuestStars></GuestStars>
  <IMDB_ID>tt2607524</IMDB_ID>
  <Language>en</Language>
  <Overview></Overview>
  <ProductionCode></ProductionCode>
  <Rating></Rating>
  <RatingCount>0</RatingCount>
  <SeasonNumber>4</SeasonNumber>
  <Writer>Michael Jones-Morales</Writer>
  <absolute_number></absolute_number>
  <filename></filename>
  <lastupdated>1365446806</lastupdated>
  <seasonid>492583</seasonid>
  <seriesid>84676</seriesid>
</Episode>
<Episode>
  <id>4526819</id>
  <Combined_episodenumber>15</Combined_episodenumber>
  <Combined_season>4</Combined_season>
  <DVD_chapter></DVD_chapter>
  <DVD_discid></DVD_discid>
  <DVD_episodenumber></DVD_episodenumber>
  <DVD_season></DVD_season>
  <Director></Director>
  <EpImgFlag></EpImgFlag>
  <EpisodeName>Instinct</EpisodeName>
  <EpisodeNumber>15</EpisodeNumber>
  <FirstAired></FirstAired>
  <GuestStars></GuestStars>
  <IMDB_ID>tt2607544</IMDB_ID>
  <Language>en</Language>
  <Overview></Overview>
  <ProductionCode></ProductionCode>
  <Rating></Rating>
  <RatingCount>0</RatingCount>
  <SeasonNumber>4</SeasonNumber>
  <Writer></Writer>
  <absolute_number></absolute_number>
  <filename></filename>
  <lastupdated>1365446826</lastupdated>
  <seasonid>492583</seasonid>
  <seriesid>84676</seriesid>
</Episode>
<Episode>
  <id>4526820</id>
  <Combined_episodenumber>16</Combined_episodenumber>
  <Combined_season>4</Combined_season>
  <DVD_chapter></DVD_chapter>
  <DVD_discid></DVD_discid>
  <DVD_episodenumber></DVD_episodenumber>
  <DVD_season></DVD_season>
  <Director></Director>
  <EpImgFlag></EpImgFlag>
  <EpisodeName>Runaway</EpisodeName>
  <EpisodeNumber>16</EpisodeNumber>
  <FirstAired></FirstAired>
  <GuestStars></GuestStars>
  <IMDB_ID>tt2426442</IMDB_ID>
  <Language>en</Language>
  <Overview></Overview>
  <ProductionCode></ProductionCode>
  <Rating></Rating>
  <RatingCount>0</RatingCount>
  <SeasonNumber>4</SeasonNumber>
  <Writer></Writer>
  <absolute_number></absolute_number>
  <filename></filename>
  <lastupdated>1365446856</lastupdated>
  <seasonid>492583</seasonid>
  <seriesid>84676</seriesid>
</Episode>
<Episode>
  <id>4526821</id>
  <Combined_episodenumber>17</Combined_episodenumber>
  <Combined_season>4</Combined_season>
  <DVD_chapter></DVD_chapter>
  <DVD_discid></DVD_discid>
  <DVD_episodenumber></DVD_episodenumber>
  <DVD_season></DVD_season>
  <Director></Director>
  <EpImgFlag></EpImgFlag>
  <EpisodeName>What Matters Most</EpisodeName>
  <EpisodeNumber>17</EpisodeNumber>
  <FirstAired></FirstAired>
  <GuestStars></GuestStars>
  <IMDB_ID>tt2496012</IMDB_ID>
  <Language>en</Language>
  <Overview></Overview>
  <ProductionCode></ProductionCode>
  <Rating></Rating>
  <RatingCount>0</RatingCount>
  <SeasonNumber>4</SeasonNumber>
  <Writer></Writer>
  <absolute_number></absolute_number>
  <filename></filename>
  <lastupdated>1365446872</lastupdated>
  <seasonid>492583</seasonid>
  <seriesid>84676</seriesid>
</Episode>
<Episode>
  <id>4526822</id>
  <Combined_episodenumber>18</Combined_episodenumber>
  <Combined_season>4</Combined_season>
  <DVD_chapter></DVD_chapter>
  <DVD_discid></DVD_discid>
  <DVD_episodenumber></DVD_episodenumber>
  <DVD_season></DVD_season>
  <Director></Director>
  <EpImgFlag></EpImgFlag>
  <EpisodeName>Lost and Found</EpisodeName>
  <EpisodeNumber>18</EpisodeNumber>
  <FirstAired></FirstAired>
  <GuestStars></GuestStars>
  <IMDB_ID>tt2424324</IMDB_ID>
  <Language>en</Language>
  <Overview></Overview>
  <ProductionCode></ProductionCode>
  <Rating></Rating>
  <RatingCount>0</RatingCount>
  <SeasonNumber>4</SeasonNumber>
  <Writer></Writer>
  <absolute_number></absolute_number>
  <filename></filename>
  <lastupdated>1365446886</lastupdated>
  <seasonid>492583</seasonid>
  <seriesid>84676</seriesid>
</Episode>
<Episode>
  <id>4526823</id>
  <Combined_episodenumber>19</Combined_episodenumber>
  <Combined_season>4</Combined_season>
  <DVD_chapter></DVD_chapter>
  <DVD_discid></DVD_discid>
  <DVD_episodenumber></DVD_episodenumber>
  <DVD_season></DVD_season>
  <Director></Director>
  <EpImgFlag></EpImgFlag>
  <EpisodeName>[TBD]</EpisodeName>
  <EpisodeNumber>19</EpisodeNumber>
  <FirstAired></FirstAired>
  <GuestStars></GuestStars>
  <IMDB_ID></IMDB_ID>
  <Language>en</Language>
  <Overview></Overview>
  <ProductionCode></ProductionCode>
  <Rating></Rating>
  <RatingCount>0</RatingCount>
  <SeasonNumber>4</SeasonNumber>
  <Writer></Writer>
  <absolute_number></absolute_number>
  <filename></filename>
  <lastupdated>1363609111</lastupdated>
  <seasonid>492583</seasonid>
  <seriesid>84676</seriesid>
</Episode>
<Episode>
  <id>4526824</id>
  <Combined_episodenumber>20</Combined_episodenumber>
  <Combined_season>4</Combined_season>
  <DVD_chapter></DVD_chapter>
  <DVD_discid></DVD_discid>
  <DVD_episodenumber></DVD_episodenumber>
  <DVD_season></DVD_season>
  <Director></Director>
  <EpImgFlag></EpImgFlag>
  <EpisodeName>The Truth Hurts</EpisodeName>
  <EpisodeNumber>20</EpisodeNumber>
  <FirstAired></FirstAired>
  <GuestStars></GuestStars>
  <IMDB_ID>tt2583080</IMDB_ID>
  <Language>en</Language>
  <Overview></Overview>
  <ProductionCode></ProductionCode>
  <Rating></Rating>
  <RatingCount>0</RatingCount>
  <SeasonNumber>4</SeasonNumber>
  <Writer></Writer>
  <absolute_number></absolute_number>
  <filename></filename>
  <lastupdated>1365446923</lastupdated>
  <seasonid>492583</seasonid>
  <seriesid>84676</seriesid>
</Episode>
</Data>