<?xml version="1.0" encoding="UTF-8" ?>
<Actors>
<Actor>
  <id>23734</id>
  <Image>actors/23734.jpg</Image>
  <Name>Steve Carell</Name>
  <Role>Michael Scott</Role>
  <SortOrder>0</SortOrder>
</Actor>
<Actor>
  <id>23732</id>
  <Image>actors/23732.jpg</Image>
  <Name>John Krasinski</Name>
  <Role>Jim Halpert</Role>
  <SortOrder>1</SortOrder>
</Actor>
<Actor>
  <id>23730</id>
  <Image>actors/23730.jpg</Image>
  <Name>Jenna Fischer</Name>
  <Role>Pam Beesly</Role>
  <SortOrder>1</SortOrder>
</Actor>
<Actor>
  <id>23733</id>
  <Image>actors/23733.jpg</Image>
  <Name>Rainn Wilson</Name>
  <Role>Dwight Schrute</Role>
  <SortOrder>2</SortOrder>
</Actor>
<Actor>
  <id>80909</id>
  <Image>actors/80909.jpg</Image>
  <Name>Craig Robinson</Name>
  <Role>Darryl Philbin</Role>
  <SortOrder>3</SortOrder>
</Actor>
<Actor>
  <id>80908</id>
  <Image>actors/80908.jpg</Image>
  <Name>David Denman</Name>
  <Role>Roy Anderson</Role>
  <SortOrder>3</SortOrder>
</Actor>
<Actor>
  <id>77821</id>
  <Image>actors/77821.jpg</Image>
  <Name>Paul Lieberstein</Name>
  <Role>Toby Flenderson</Role>
  <SortOrder>3</SortOrder>
</Actor>
<Actor>
  <id>77820</id>
  <Image>actors/77820.jpg</Image>
  <Name>Melora Hardin</Name>
  <Role>Jan Levinson-Gould</Role>
  <SortOrder>3</SortOrder>
</Actor>
<Actor>
  <id>77819</id>
  <Image>actors/77819.jpg</Image>
  <Name>Creed Bratton</Name>
  <Role>Creed Bratton</Role>
  <SortOrder>3</SortOrder>
</Actor>
<Actor>
  <id>77818</id>
  <Image>actors/77818.jpg</Image>
  <Name>Mindy Kaling</Name>
  <Role>Kelly Kapoor</Role>
  <SortOrder>3</SortOrder>
</Actor>
<Actor>
  <id>77817</id>
  <Image>actors/77817.jpg</Image>
  <Name>Kate Flannery</Name>
  <Role>Meredith Palmer</Role>
  <SortOrder>3</SortOrder>
</Actor>
<Actor>
  <id>77816</id>
  <Image>actors/77816.jpg</Image>
  <Name>Ed Helms</Name>
  <Role>Andy Bernard</Role>
  <SortOrder>3</SortOrder>
</Actor>
<Actor>
  <id>77815</id>
  <Image>actors/77815.jpg</Image>
  <Name>Phyllis Smith</Name>
  <Role>Phyllis Lapin</Role>
  <SortOrder>3</SortOrder>
</Actor>
<Actor>
  <id>77814</id>
  <Image>actors/77814.jpg</Image>
  <Name>Angela Kinsey</Name>
  <Role>Angela Martin</Role>
  <SortOrder>3</SortOrder>
</Actor>
<Actor>
  <id>77813</id>
  <Image>actors/77813.jpg</Image>
  <Name>B.J. Novak</Name>
  <Role>Ryan Howard</Role>
  <SortOrder>3</SortOrder>
</Actor>
<Actor>
  <id>77812</id>
  <Image>actors/77812.jpg</Image>
  <Name>Oscar Nuñez</Name>
  <Role>Oscar Martinez</Role>
  <SortOrder>3</SortOrder>
</Actor>
<Actor>
  <id>77811</id>
  <Image>actors/77811.jpg</Image>
  <Name>Brian Baumgartner</Name>
  <Role>Kevin Malone</Role>
  <SortOrder>3</SortOrder>
</Actor>
<Actor>
  <id>77778</id>
  <Image>actors/77778.jpg</Image>
  <Name>Leslie David Baker</Name>
  <Role>Stanley Hudson</Role>
  <SortOrder>3</SortOrder>
</Actor>
<Actor>
  <id>153981</id>
  <Image>actors/153981.jpg</Image>
  <Name>Ellie Kemper</Name>
  <Role>Kelly Erin Hannon</Role>
  <SortOrder>3</SortOrder>
</Actor>
</Actors>