<?xml version="1.0" encoding="UTF-8" ?>
<Banners>
<Banner>
  <id>89141</id>
  <BannerPath>fanart/original/73739-34.jpg</BannerPath>
  <BannerType>fanart</BannerType>
  <BannerType2>1920x1080</BannerType2>
  <Colors>|148,149,153|13,23,22|165,159,137|</Colors>
  <Language>en</Language>
  <Rating>7.6471</Rating>
  <RatingCount>34</RatingCount>
  <SeriesName>false</SeriesName>
  <ThumbnailPath>_cache/fanart/original/73739-34.jpg</ThumbnailPath>
  <VignettePath>fanart/vignette/73739-34.jpg</VignettePath>
</Banner>
<Banner>
  <id>20106</id>
  <BannerPath>fanart/original/73739-1.jpg</BannerPath>
  <BannerType>fanart</BannerType>
  <BannerType2>1920x1080</BannerType2>
  <Colors>|251,251,251|92,103,61|87,87,99|</Colors>
  <Language>en</Language>
  <Rating>6.9583</Rating>
  <RatingCount>24</RatingCount>
  <SeriesName>false</SeriesName>
  <ThumbnailPath>_cache/fanart/original/73739-1.jpg</ThumbnailPath>
  <VignettePath>fanart/vignette/73739-1.jpg</VignettePath>
</Banner>
<Banner>
  <id>23089</id>
  <BannerPath>fanart/original/73739-15.jpg</BannerPath>
  <BannerType>fanart</BannerType>
  <BannerType2>1920x1080</BannerType2>
  <Colors>|255,255,255|0,0,0|181,199,209|</Colors>
  <Language>en</Language>
  <Rating>6.8929</Rating>
  <RatingCount>28</RatingCount>
  <SeriesName>false</SeriesName>
  <ThumbnailPath>_cache/fanart/original/73739-15.jpg</ThumbnailPath>
  <VignettePath>fanart/vignette/73739-15.jpg</VignettePath>
</Banner>
<Banner>
  <id>314151</id>
  <BannerPath>fanart/original/73739-25.jpg</BannerPath>
  <BannerType>fanart</BannerType>
  <BannerType2>1920x1080</BannerType2>
  <Colors>|84,99,104|71,62,55|64,79,84|</Colors>
  <Language>en</Language>
  <Rating>6.8462</Rating>
  <RatingCount>13</RatingCount>
  <SeriesName>false</SeriesName>
  <ThumbnailPath>_cache/fanart/original/73739-25.jpg</ThumbnailPath>
  <VignettePath>fanart/vignette/73739-25.jpg</VignettePath>
</Banner>
<Banner>
  <id>25062</id>
  <BannerPath>fanart/original/73739-23.jpg</BannerPath>
  <BannerType>fanart</BannerType>
  <BannerType2>1920x1080</BannerType2>
  <Colors>|48,64,51|7,17,26|39,40,42|</Colors>
  <Language>en</Language>
  <Rating>6.7895</Rating>
  <RatingCount>19</RatingCount>
  <SeriesName>false</SeriesName>
  <ThumbnailPath>_cache/fanart/original/73739-23.jpg</ThumbnailPath>
  <VignettePath>fanart/vignette/73739-23.jpg</VignettePath>
</Banner>
<Banner>
  <id>20709</id>
  <BannerPath>fanart/original/73739-9.jpg</BannerPath>
  <BannerType>fanart</BannerType>
  <BannerType2>1280x720</BannerType2>
  <Colors>|233,219,190|55,19,7|102,95,111|</Colors>
  <Language>en</Language>
  <Rating>6.6842</Rating>
  <RatingCount>19</RatingCount>
  <SeriesName>false</SeriesName>
  <ThumbnailPath>_cache/fanart/original/73739-9.jpg</ThumbnailPath>
  <VignettePath>fanart/vignette/73739-9.jpg</VignettePath>
</Banner>
<Banner>
  <id>345331</id>
  <BannerPath>fanart/original/73739-43.jpg</BannerPath>
  <BannerType>fanart</BannerType>
  <BannerType2>1920x1080</BannerType2>
  <Colors>|50,35,2|63,54,0|71,66,8|</Colors>
  <Language>en</Language>
  <Rating>6.6316</Rating>
  <RatingCount>19</RatingCount>
  <SeriesName>false</SeriesName>
  <ThumbnailPath>_cache/fanart/original/73739-43.jpg</ThumbnailPath>
  <VignettePath>fanart/vignette/73739-43.jpg</VignettePath>
</Banner>
<Banner>
  <id>608111</id>
  <BannerPath>fanart/original/73739-20.jpg</BannerPath>
  <BannerType>fanart</BannerType>
  <BannerType2>1920x1080</BannerType2>
  <Colors></Colors>
  <Language>en</Language>
  <Rating>6.5000</Rating>
  <RatingCount>8</RatingCount>
  <SeriesName>true</SeriesName>
  <ThumbnailPath>_cache/fanart/original/73739-20.jpg</ThumbnailPath>
  <VignettePath>fanart/vignette/73739-20.jpg</VignettePath>
</Banner>
<Banner>
  <id>423861</id>
  <BannerPath>fanart/original/73739-46.jpg</BannerPath>
  <BannerType>fanart</BannerType>
  <BannerType2>1280x720</BannerType2>
  <Colors></Colors>
  <Language>en</Language>
  <Rating>6.5000</Rating>
  <RatingCount>6</RatingCount>
  <SeriesName>false</SeriesName>
  <ThumbnailPath>_cache/fanart/original/73739-46.jpg</ThumbnailPath>
  <VignettePath>fanart/vignette/73739-46.jpg</VignettePath>
</Banner>
<Banner>
  <id>30285</id>
  <BannerPath>fanart/original/73739-24.jpg</BannerPath>
  <BannerType>fanart</BannerType>
  <BannerType2>1280x720</BannerType2>
  <Colors>|219,155,119|255,194,147|171,142,76|</Colors>
  <Language>en</Language>
  <Rating>6.4000</Rating>
  <RatingCount>10</RatingCount>
  <SeriesName>false</SeriesName>
  <ThumbnailPath>_cache/fanart/original/73739-24.jpg</ThumbnailPath>
  <VignettePath>fanart/vignette/73739-24.jpg</VignettePath>
</Banner>
<Banner>
  <id>456171</id>
  <BannerPath>fanart/original/73739-47.jpg</BannerPath>
  <BannerType>fanart</BannerType>
  <BannerType2>1920x1080</BannerType2>
  <Colors>|255,248,204|21,16,10|131,133,132|</Colors>
  <Language>en</Language>
  <Rating>6.3750</Rating>
  <RatingCount>8</RatingCount>
  <SeriesName>false</SeriesName>
  <ThumbnailPath>_cache/fanart/original/73739-47.jpg</ThumbnailPath>
  <VignettePath>fanart/vignette/73739-47.jpg</VignettePath>
</Banner>
<Banner>
  <id>20249</id>
  <BannerPath>fanart/original/73739-2.jpg</BannerPath>
  <BannerType>fanart</BannerType>
  <BannerType2>1280x720</BannerType2>
  <Colors>|181,212,214|35,55,56|82,132,131|</Colors>
  <Language>en</Language>
  <Rating>6.3750</Rating>
  <RatingCount>8</RatingCount>
  <SeriesName>false</SeriesName>
  <ThumbnailPath>_cache/fanart/original/73739-2.jpg</ThumbnailPath>
  <VignettePath>fanart/vignette/73739-2.jpg</VignettePath>
</Banner>
<Banner>
  <id>91341</id>
  <BannerPath>fanart/original/73739-35.jpg</BannerPath>
  <BannerType>fanart</BannerType>
  <BannerType2>1920x1080</BannerType2>
  <Colors>|105,84,67|9,12,19|34,54,45|</Colors>
  <Language>en</Language>
  <Rating>6.2857</Rating>
  <RatingCount>7</RatingCount>
  <SeriesName>true</SeriesName>
  <ThumbnailPath>_cache/fanart/original/73739-35.jpg</ThumbnailPath>
  <VignettePath>fanart/vignette/73739-35.jpg</VignettePath>
</Banner>
<Banner>
  <id>58891</id>
  <BannerPath>fanart/original/73739-33.jpg</BannerPath>
  <BannerType>fanart</BannerType>
  <BannerType2>1280x720</BannerType2>
  <Colors></Colors>
  <Language>en</Language>
  <Rating>6.2500</Rating>
  <RatingCount>8</RatingCount>
  <SeriesName>false</SeriesName>
  <ThumbnailPath>_cache/fanart/original/73739-33.jpg</ThumbnailPath>
  <VignettePath>fanart/vignette/73739-33.jpg</VignettePath>
</Banner>
<Banner>
  <id>22269</id>
  <BannerPath>fanart/original/73739-14.jpg</BannerPath>
  <BannerType>fanart</BannerType>
  <BannerType2>1280x720</BannerType2>
  <Colors>|192,209,216|38,51,60|139,164,186|</Colors>
  <Language>en</Language>
  <Rating>6.2000</Rating>
  <RatingCount>5</RatingCount>
  <SeriesName>false</SeriesName>
  <ThumbnailPath>_cache/fanart/original/73739-14.jpg</ThumbnailPath>
  <VignettePath>fanart/vignette/73739-14.jpg</VignettePath>
</Banner>
<Banner>
  <id>21771</id>
  <BannerPath>fanart/original/73739-12.jpg</BannerPath>
  <BannerType>fanart</BannerType>
  <BannerType2>1920x1080</BannerType2>
  <Colors>|213,200,209|31,13,3|218,187,158|</Colors>
  <Language>en</Language>
  <Rating>6.1111</Rating>
  <RatingCount>9</RatingCount>
  <SeriesName>false</SeriesName>
  <ThumbnailPath>_cache/fanart/original/73739-12.jpg</ThumbnailPath>
  <VignettePath>fanart/vignette/73739-12.jpg</VignettePath>
</Banner>
<Banner>
  <id>34141</id>
  <BannerPath>fanart/original/73739-26.jpg</BannerPath>
  <BannerType>fanart</BannerType>
  <BannerType2>1920x1080</BannerType2>
  <Colors>|233,243,245|9,8,14|59,162,177|</Colors>
  <Language>en</Language>
  <Rating>6.0714</Rating>
  <RatingCount>14</RatingCount>
  <SeriesName>false</SeriesName>
  <ThumbnailPath>_cache/fanart/original/73739-26.jpg</ThumbnailPath>
  <VignettePath>fanart/vignette/73739-26.jpg</VignettePath>
</Banner>
<Banner>
  <id>919101</id>
  <BannerPath>fanart/original/73739-53.jpg</BannerPath>
  <BannerType>fanart</BannerType>
  <BannerType2>1920x1080</BannerType2>
  <Colors></Colors>
  <Language>fr</Language>
  <Rating>6.0000</Rating>
  <RatingCount>1</RatingCount>
  <SeriesName>false</SeriesName>
  <ThumbnailPath>_cache/fanart/original/73739-53.jpg</ThumbnailPath>
  <VignettePath>fanart/vignette/73739-53.jpg</VignettePath>
</Banner>
<Banner>
  <id>863578</id>
  <BannerPath>fanart/original/73739-48.jpg</BannerPath>
  <BannerType>fanart</BannerType>
  <BannerType2>1280x720</BannerType2>
  <Colors></Colors>
  <Language>de</Language>
  <Rating>6.0000</Rating>
  <RatingCount>1</RatingCount>
  <SeriesName>false</SeriesName>
  <ThumbnailPath>_cache/fanart/original/73739-48.jpg</ThumbnailPath>
  <VignettePath>fanart/vignette/73739-48.jpg</VignettePath>
</Banner>
<Banner>
  <id>20250</id>
  <BannerPath>fanart/original/73739-3.jpg</BannerPath>
  <BannerType>fanart</BannerType>
  <BannerType2>1280x720</BannerType2>
  <Colors>|235,237,234|9,9,9|61,117,164|</Colors>
  <Language>en</Language>
  <Rating>6.0000</Rating>
  <RatingCount>9</RatingCount>
  <SeriesName>false</SeriesName>
  <ThumbnailPath>_cache/fanart/original/73739-3.jpg</ThumbnailPath>
  <VignettePath>fanart/vignette/73739-3.jpg</VignettePath>
</Banner>
<Banner>
  <id>21448</id>
  <BannerPath>fanart/original/73739-11.jpg</BannerPath>
  <BannerType>fanart</BannerType>
  <BannerType2>1920x1080</BannerType2>
  <Colors>|156,222,238|41,95,119|67,174,208|</Colors>
  <Language>en</Language>
  <Rating>6.0000</Rating>
  <RatingCount>4</RatingCount>
  <SeriesName>false</SeriesName>
  <ThumbnailPath>_cache/fanart/original/73739-11.jpg</ThumbnailPath>
  <VignettePath>fanart/vignette/73739-11.jpg</VignettePath>
</Banner>
<Banner>
  <id>24005</id>
  <BannerPath>fanart/original/73739-19.jpg</BannerPath>
  <BannerType>fanart</BannerType>
  <BannerType2>1280x720</BannerType2>
  <Colors>|232,231,236|99,77,53|115,124,97|</Colors>
  <Language>en</Language>
  <Rating>6.0000</Rating>
  <RatingCount>9</RatingCount>
  <SeriesName>false</SeriesName>
  <ThumbnailPath>_cache/fanart/original/73739-19.jpg</ThumbnailPath>
  <VignettePath>fanart/vignette/73739-19.jpg</VignettePath>
</Banner>
<Banner>
  <id>120091</id>
  <BannerPath>fanart/original/73739-38.jpg</BannerPath>
  <BannerType>fanart</BannerType>
  <BannerType2>1920x1080</BannerType2>
  <Colors></Colors>
  <Language>en</Language>
  <Rating>6.0000</Rating>
  <RatingCount>7</RatingCount>
  <SeriesName>false</SeriesName>
  <ThumbnailPath>_cache/fanart/original/73739-38.jpg</ThumbnailPath>
  <VignettePath>fanart/vignette/73739-38.jpg</VignettePath>
</Banner>
<Banner>
  <id>863577</id>
  <BannerPath>fanart/original/73739-41.jpg</BannerPath>
  <BannerType>fanart</BannerType>
  <BannerType2>1920x1080</BannerType2>
  <Colors></Colors>
  <Language>de</Language>
  <Rating>6.0000</Rating>
  <RatingCount>1</RatingCount>
  <SeriesName>false</SeriesName>
  <ThumbnailPath>_cache/fanart/original/73739-41.jpg</ThumbnailPath>
  <VignettePath>fanart/vignette/73739-41.jpg</VignettePath>
</Banner>
<Banner>
  <id>25061</id>
  <BannerPath>fanart/original/73739-22.jpg</BannerPath>
  <BannerType>fanart</BannerType>
  <BannerType2>1920x1080</BannerType2>
  <Colors>|217,206,220|63,34,52|159,92,66|</Colors>
  <Language>en</Language>
  <Rating>6.0000</Rating>
  <RatingCount>10</RatingCount>
  <SeriesName>false</SeriesName>
  <ThumbnailPath>_cache/fanart/original/73739-22.jpg</ThumbnailPath>
  <VignettePath>fanart/vignette/73739-22.jpg</VignettePath>
</Banner>
<Banner>
  <id>30284</id>
  <BannerPath>fanart/original/73739-21.jpg</BannerPath>
  <BannerType>fanart</BannerType>
  <BannerType2>1280x720</BannerType2>
  <Colors>|228,231,238|88,73,52|151,68,176|</Colors>
  <Language>en</Language>
  <Rating>5.8000</Rating>
  <RatingCount>5</RatingCount>
  <SeriesName>false</SeriesName>
  <ThumbnailPath>_cache/fanart/original/73739-21.jpg</ThumbnailPath>
  <VignettePath>fanart/vignette/73739-21.jpg</VignettePath>
</Banner>
<Banner>
  <id>35613</id>
  <BannerPath>fanart/original/73739-28.jpg</BannerPath>
  <BannerType>fanart</BannerType>
  <BannerType2>1280x720</BannerType2>
  <Colors>|236,236,238|63,60,43|175,160,121|</Colors>
  <Language>en</Language>
  <Rating>5.8000</Rating>
  <RatingCount>5</RatingCount>
  <SeriesName>false</SeriesName>
  <ThumbnailPath>_cache/fanart/original/73739-28.jpg</ThumbnailPath>
  <VignettePath>fanart/vignette/73739-28.jpg</VignettePath>
</Banner>
<Banner>
  <id>24003</id>
  <BannerPath>fanart/original/73739-16.jpg</BannerPath>
  <BannerType>fanart</BannerType>
  <BannerType2>1280x720</BannerType2>
  <Colors>|143,191,227|160,195,225|152,196,225|</Colors>
  <Language>en</Language>
  <Rating>5.7500</Rating>
  <RatingCount>8</RatingCount>
  <SeriesName>false</SeriesName>
  <ThumbnailPath>_cache/fanart/original/73739-16.jpg</ThumbnailPath>
  <VignettePath>fanart/vignette/73739-16.jpg</VignettePath>
</Banner>
<Banner>
  <id>23137</id>
  <BannerPath>fanart/original/73739-17.jpg</BannerPath>
  <BannerType>fanart</BannerType>
  <BannerType2>1920x1080</BannerType2>
  <Colors>|96,156,192|37,96,128|68,141,182|</Colors>
  <Language>en</Language>
  <Rating>5.6154</Rating>
  <RatingCount>13</RatingCount>
  <SeriesName>false</SeriesName>
  <ThumbnailPath>_cache/fanart/original/73739-17.jpg</ThumbnailPath>
  <VignettePath>fanart/vignette/73739-17.jpg</VignettePath>
</Banner>
<Banner>
  <id>20327</id>
  <BannerPath>fanart/original/73739-4.jpg</BannerPath>
  <BannerType>fanart</BannerType>
  <BannerType2>1280x720</BannerType2>
  <Colors>|224,225,220|63,86,117|189,217,254|</Colors>
  <Language>en</Language>
  <Rating>5.6000</Rating>
  <RatingCount>5</RatingCount>
  <SeriesName>false</SeriesName>
  <ThumbnailPath>_cache/fanart/original/73739-4.jpg</ThumbnailPath>
  <VignettePath>fanart/vignette/73739-4.jpg</VignettePath>
</Banner>
<Banner>
  <id>388201</id>
  <BannerPath>fanart/original/73739-44.jpg</BannerPath>
  <BannerType>fanart</BannerType>
  <BannerType2>1920x1080</BannerType2>
  <Colors>|235,225,114|106,117,100|253,246,204|</Colors>
  <Language>en</Language>
  <Rating>5.6000</Rating>
  <RatingCount>5</RatingCount>
  <SeriesName>false</SeriesName>
  <ThumbnailPath>_cache/fanart/original/73739-44.jpg</ThumbnailPath>
  <VignettePath>fanart/vignette/73739-44.jpg</VignettePath>
</Banner>
<Banner>
  <id>92111</id>
  <BannerPath>fanart/original/73739-36.jpg</BannerPath>
  <BannerType>fanart</BannerType>
  <BannerType2>1920x1080</BannerType2>
  <Colors></Colors>
  <Language>de</Language>
  <Rating>5.5000</Rating>
  <RatingCount>6</RatingCount>
  <SeriesName>false</SeriesName>
  <ThumbnailPath>_cache/fanart/original/73739-36.jpg</ThumbnailPath>
  <VignettePath>fanart/vignette/73739-36.jpg</VignettePath>
</Banner>
<Banner>
  <id>92121</id>
  <BannerPath>fanart/original/73739-37.jpg</BannerPath>
  <BannerType>fanart</BannerType>
  <BannerType2>1920x1080</BannerType2>
  <Colors></Colors>
  <Language>de</Language>
  <Rating>5.5000</Rating>
  <RatingCount>4</RatingCount>
  <SeriesName>false</SeriesName>
  <ThumbnailPath>_cache/fanart/original/73739-37.jpg</ThumbnailPath>
  <VignettePath>fanart/vignette/73739-37.jpg</VignettePath>
</Banner>
<Banner>
  <id>619921</id>
  <BannerPath>fanart/original/73739-32.jpg</BannerPath>
  <BannerType>fanart</BannerType>
  <BannerType2>1920x1080</BannerType2>
  <Colors></Colors>
  <Language>de</Language>
  <Rating>5.5000</Rating>
  <RatingCount>4</RatingCount>
  <SeriesName>false</SeriesName>
  <ThumbnailPath>_cache/fanart/original/73739-32.jpg</ThumbnailPath>
  <VignettePath>fanart/vignette/73739-32.jpg</VignettePath>
</Banner>
<Banner>
  <id>20506</id>
  <BannerPath>fanart/original/73739-7.jpg</BannerPath>
  <BannerType>fanart</BannerType>
  <BannerType2>1280x720</BannerType2>
  <Colors>|243,237,239|133,123,147|200,184,169|</Colors>
  <Language>en</Language>
  <Rating>5.4000</Rating>
  <RatingCount>5</RatingCount>
  <SeriesName>false</SeriesName>
  <ThumbnailPath>_cache/fanart/original/73739-7.jpg</ThumbnailPath>
  <VignettePath>fanart/vignette/73739-7.jpg</VignettePath>
</Banner>
<Banner>
  <id>30283</id>
  <BannerPath>fanart/original/73739-5.jpg</BannerPath>
  <BannerType>fanart</BannerType>
  <BannerType2>1280x720</BannerType2>
  <Colors>|255,254,233|13,14,6|105,102,83|</Colors>
  <Language>en</Language>
  <Rating>5.3333</Rating>
  <RatingCount>6</RatingCount>
  <SeriesName>false</SeriesName>
  <ThumbnailPath>_cache/fanart/original/73739-5.jpg</ThumbnailPath>
  <VignettePath>fanart/vignette/73739-5.jpg</VignettePath>
</Banner>
<Banner>
  <id>35614</id>
  <BannerPath>fanart/original/73739-29.jpg</BannerPath>
  <BannerType>fanart</BannerType>
  <BannerType2>1280x720</BannerType2>
  <Colors>|242,237,241|20,25,18|179,164,125|</Colors>
  <Language>en</Language>
  <Rating>5.3333</Rating>
  <RatingCount>3</RatingCount>
  <SeriesName>false</SeriesName>
  <ThumbnailPath>_cache/fanart/original/73739-29.jpg</ThumbnailPath>
  <VignettePath>fanart/vignette/73739-29.jpg</VignettePath>
</Banner>
<Banner>
  <id>40331</id>
  <BannerPath>fanart/original/73739-13.jpg</BannerPath>
  <BannerType>fanart</BannerType>
  <BannerType2>1280x720</BannerType2>
  <Colors>|211,225,238|215,226,232|191,186,180|</Colors>
  <Language>en</Language>
  <Rating>5.3333</Rating>
  <RatingCount>6</RatingCount>
  <SeriesName>false</SeriesName>
  <ThumbnailPath>_cache/fanart/original/73739-13.jpg</ThumbnailPath>
  <VignettePath>fanart/vignette/73739-13.jpg</VignettePath>
</Banner>
<Banner>
  <id>35615</id>
  <BannerPath>fanart/original/73739-30.jpg</BannerPath>
  <BannerType>fanart</BannerType>
  <BannerType2>1280x720</BannerType2>
  <Colors>|241,245,244|26,23,4|216,187,147|</Colors>
  <Language>en</Language>
  <Rating>5.2000</Rating>
  <RatingCount>5</RatingCount>
  <SeriesName>false</SeriesName>
  <ThumbnailPath>_cache/fanart/original/73739-30.jpg</ThumbnailPath>
  <VignettePath>fanart/vignette/73739-30.jpg</VignettePath>
</Banner>
<Banner>
  <id>919102</id>
  <BannerPath>fanart/original/73739-54.jpg</BannerPath>
  <BannerType>fanart</BannerType>
  <BannerType2>1920x1080</BannerType2>
  <Colors></Colors>
  <Language>fr</Language>
  <Rating>5.0000</Rating>
  <RatingCount>1</RatingCount>
  <SeriesName>false</SeriesName>
  <ThumbnailPath>_cache/fanart/original/73739-54.jpg</ThumbnailPath>
  <VignettePath>fanart/vignette/73739-54.jpg</VignettePath>
</Banner>
<Banner>
  <id>917049</id>
  <BannerPath>fanart/original/73739-52.jpg</BannerPath>
  <BannerType>fanart</BannerType>
  <BannerType2>1280x720</BannerType2>
  <Colors></Colors>
  <Language>de</Language>
  <Rating>5.0000</Rating>
  <RatingCount>1</RatingCount>
  <SeriesName>false</SeriesName>
  <ThumbnailPath>_cache/fanart/original/73739-52.jpg</ThumbnailPath>
  <VignettePath>fanart/vignette/73739-52.jpg</VignettePath>
</Banner>
<Banner>
  <id>360911</id>
  <BannerPath>fanart/original/73739-42.jpg</BannerPath>
  <BannerType>fanart</BannerType>
  <BannerType2>1920x1080</BannerType2>
  <Colors></Colors>
  <Language>en</Language>
  <Rating>5.0000</Rating>
  <RatingCount>5</RatingCount>
  <SeriesName>false</SeriesName>
  <ThumbnailPath>_cache/fanart/original/73739-42.jpg</ThumbnailPath>
  <VignettePath>fanart/vignette/73739-42.jpg</VignettePath>
</Banner>
<Banner>
  <id>20457</id>
  <BannerPath>fanart/original/73739-6.jpg</BannerPath>
  <BannerType>fanart</BannerType>
  <BannerType2>1280x720</BannerType2>
  <Colors>|127,156,46|62,54,52|230,236,252|</Colors>
  <Language>en</Language>
  <Rating>5.0000</Rating>
  <RatingCount>3</RatingCount>
  <SeriesName>false</SeriesName>
  <ThumbnailPath>_cache/fanart/original/73739-6.jpg</ThumbnailPath>
  <VignettePath>fanart/vignette/73739-6.jpg</VignettePath>
</Banner>
<Banner>
  <id>410641</id>
  <BannerPath>fanart/original/73739-45.jpg</BannerPath>
  <BannerType>fanart</BannerType>
  <BannerType2>1280x720</BannerType2>
  <Colors></Colors>
  <Language>en</Language>
  <Rating>5.0000</Rating>
  <RatingCount>3</RatingCount>
  <SeriesName>false</SeriesName>
  <ThumbnailPath>_cache/fanart/original/73739-45.jpg</ThumbnailPath>
  <VignettePath>fanart/vignette/73739-45.jpg</VignettePath>
</Banner>
<Banner>
  <id>42811</id>
  <BannerPath>fanart/original/73739-31.jpg</BannerPath>
  <BannerType>fanart</BannerType>
  <BannerType2>1280x720</BannerType2>
  <Colors>|118,123,31|13,9,8|232,166,114|</Colors>
  <Language>en</Language>
  <Rating>4.8000</Rating>
  <RatingCount>5</RatingCount>
  <SeriesName>false</SeriesName>
  <ThumbnailPath>_cache/fanart/original/73739-31.jpg</ThumbnailPath>
  <VignettePath>fanart/vignette/73739-31.jpg</VignettePath>
</Banner>
<Banner>
  <id>20799</id>
  <BannerPath>fanart/original/73739-10.jpg</BannerPath>
  <BannerType>fanart</BannerType>
  <BannerType2>1280x720</BannerType2>
  <Colors>|95,142,48|10,57,3|188,161,118|</Colors>
  <Language>en</Language>
  <Rating>4.7500</Rating>
  <RatingCount>4</RatingCount>
  <SeriesName>false</SeriesName>
  <ThumbnailPath>_cache/fanart/original/73739-10.jpg</ThumbnailPath>
  <VignettePath>fanart/vignette/73739-10.jpg</VignettePath>
</Banner>
<Banner>
  <id>20525</id>
  <BannerPath>fanart/original/73739-8.jpg</BannerPath>
  <BannerType>fanart</BannerType>
  <BannerType2>1280x720</BannerType2>
  <Colors>|233,210,192|77,57,56|70,100,26|</Colors>
  <Language>en</Language>
  <Rating>4.7500</Rating>
  <RatingCount>4</RatingCount>
  <SeriesName>false</SeriesName>
  <ThumbnailPath>_cache/fanart/original/73739-8.jpg</ThumbnailPath>
  <VignettePath>fanart/vignette/73739-8.jpg</VignettePath>
</Banner>
<Banner>
  <id>225161</id>
  <BannerPath>fanart/original/73739-39.jpg</BannerPath>
  <BannerType>fanart</BannerType>
  <BannerType2>1280x720</BannerType2>
  <Colors></Colors>
  <Language>en</Language>
  <Rating>4.7500</Rating>
  <RatingCount>4</RatingCount>
  <SeriesName>true</SeriesName>
  <ThumbnailPath>_cache/fanart/original/73739-39.jpg</ThumbnailPath>
  <VignettePath>fanart/vignette/73739-39.jpg</VignettePath>
</Banner>
<Banner>
  <id>24004</id>
  <BannerPath>fanart/original/73739-18.jpg</BannerPath>
  <BannerType>fanart</BannerType>
  <BannerType2>1280x720</BannerType2>
  <Colors>|221,254,207|16,35,16|189,154,116|</Colors>
  <Language>en</Language>
  <Rating>4.7500</Rating>
  <RatingCount>4</RatingCount>
  <SeriesName>false</SeriesName>
  <ThumbnailPath>_cache/fanart/original/73739-18.jpg</ThumbnailPath>
  <VignettePath>fanart/vignette/73739-18.jpg</VignettePath>
</Banner>
<Banner>
  <id>245291</id>
  <BannerPath>fanart/original/73739-40.jpg</BannerPath>
  <BannerType>fanart</BannerType>
  <BannerType2>1920x1080</BannerType2>
  <Colors>|205,194,190|0,2,17|46,64,48|</Colors>
  <Language>es</Language>
  <Rating>4.6000</Rating>
  <RatingCount>5</RatingCount>
  <SeriesName>true</SeriesName>
  <ThumbnailPath>_cache/fanart/original/73739-40.jpg</ThumbnailPath>
  <VignettePath>fanart/vignette/73739-40.jpg</VignettePath>
</Banner>
<Banner>
  <id>863586</id>
  <BannerPath>fanart/original/73739-51.jpg</BannerPath>
  <BannerType>fanart</BannerType>
  <BannerType2>1280x720</BannerType2>
  <Colors></Colors>
  <Language>de</Language>
  <Rating></Rating>
  <RatingCount>0</RatingCount>
  <SeriesName>false</SeriesName>
  <ThumbnailPath>_cache/fanart/original/73739-51.jpg</ThumbnailPath>
  <VignettePath>fanart/vignette/73739-51.jpg</VignettePath>
</Banner>
<Banner>
  <id>863584</id>
  <BannerPath>fanart/original/73739-49.jpg</BannerPath>
  <BannerType>fanart</BannerType>
  <BannerType2>1920x1080</BannerType2>
  <Colors></Colors>
  <Language>en</Language>
  <Rating></Rating>
  <RatingCount>0</RatingCount>
  <SeriesName>true</SeriesName>
  <ThumbnailPath>_cache/fanart/original/73739-49.jpg</ThumbnailPath>
  <VignettePath>fanart/vignette/73739-49.jpg</VignettePath>
</Banner>
<Banner>
  <id>863585</id>
  <BannerPath>fanart/original/73739-50.jpg</BannerPath>
  <BannerType>fanart</BannerType>
  <BannerType2>1920x1080</BannerType2>
  <Colors></Colors>
  <Language>de</Language>
  <Rating></Rating>
  <RatingCount>0</RatingCount>
  <SeriesName>false</SeriesName>
  <ThumbnailPath>_cache/fanart/original/73739-50.jpg</ThumbnailPath>
  <VignettePath>fanart/vignette/73739-50.jpg</VignettePath>
</Banner>
<Banner>
  <id>888803</id>
  <BannerPath>posters/73739-11.jpg</BannerPath>
  <BannerType>poster</BannerType>
  <BannerType2>680x1000</BannerType2>
  <Language>en</Language>
  <Rating>8.3750</Rating>
  <RatingCount>8</RatingCount>
</Banner>
<Banner>
  <id>40330</id>
  <BannerPath>posters/73739-7.jpg</BannerPath>
  <BannerType>poster</BannerType>
  <BannerType2>680x1000</BannerType2>
  <Language>en</Language>
  <Rating>7.9000</Rating>
  <RatingCount>20</RatingCount>
</Banner>
<Banner>
  <id>25884</id>
  <BannerPath>posters/73739-1.jpg</BannerPath>
  <BannerType>poster</BannerType>
  <BannerType2>680x1000</BannerType2>
  <Language>en</Language>
  <Rating>7.7895</Rating>
  <RatingCount>19</RatingCount>
</Banner>
<Banner>
  <id>35644</id>
  <BannerPath>posters/73739-6.jpg</BannerPath>
  <BannerType>poster</BannerType>
  <BannerType2>680x1000</BannerType2>
  <Language>en</Language>
  <Rating>7.0909</Rating>
  <RatingCount>11</RatingCount>
</Banner>
<Banner>
  <id>28055</id>
  <BannerPath>posters/73739-2.jpg</BannerPath>
  <BannerType>poster</BannerType>
  <BannerType2>680x1000</BannerType2>
  <Language>en</Language>
  <Rating>6.5000</Rating>
  <RatingCount>4</RatingCount>
</Banner>
<Banner>
  <id>355781</id>
  <BannerPath>posters/73739-9.jpg</BannerPath>
  <BannerType>poster</BannerType>
  <BannerType2>680x1000</BannerType2>
  <Language>en</Language>
  <Rating>6.4000</Rating>
  <RatingCount>5</RatingCount>
</Banner>
<Banner>
  <id>29007</id>
  <BannerPath>posters/73739-4.jpg</BannerPath>
  <BannerType>poster</BannerType>
  <BannerType2>680x1000</BannerType2>
  <Language>en</Language>
  <Rating>6.3333</Rating>
  <RatingCount>3</RatingCount>
</Banner>
<Banner>
  <id>34142</id>
  <BannerPath>posters/73739-5.jpg</BannerPath>
  <BannerType>poster</BannerType>
  <BannerType2>680x1000</BannerType2>
  <Language>en</Language>
  <Rating>6.0000</Rating>
  <RatingCount>7</RatingCount>
</Banner>
<Banner>
  <id>908410</id>
  <BannerPath>posters/73739-12.jpg</BannerPath>
  <BannerType>poster</BannerType>
  <BannerType2>680x1000</BannerType2>
  <Language>en</Language>
  <Rating>5.6667</Rating>
  <RatingCount>3</RatingCount>
</Banner>
<Banner>
  <id>260151</id>
  <BannerPath>posters/73739-8.jpg</BannerPath>
  <BannerType>poster</BannerType>
  <BannerType2>680x1000</BannerType2>
  <Language>en</Language>
  <Rating>5.6667</Rating>
  <RatingCount>3</RatingCount>
</Banner>
<Banner>
  <id>859972</id>
  <BannerPath>posters/73739-10.jpg</BannerPath>
  <BannerType>poster</BannerType>
  <BannerType2>680x1000</BannerType2>
  <Language>en</Language>
  <Rating>3.6667</Rating>
  <RatingCount>3</RatingCount>
</Banner>
<Banner>
  <id>28414</id>
  <BannerPath>posters/73739-3.jpg</BannerPath>
  <BannerType>poster</BannerType>
  <BannerType2>680x1000</BannerType2>
  <Language>en</Language>
  <Rating>1.0000</Rating>
  <RatingCount>2</RatingCount>
</Banner>
<Banner>
  <id>908551</id>
  <BannerPath>posters/73739-13.jpg</BannerPath>
  <BannerType>poster</BannerType>
  <BannerType2>680x1000</BannerType2>
  <Language>en</Language>
  <Rating></Rating>
  <RatingCount>0</RatingCount>
</Banner>
<Banner>
  <id>122621</id>
  <BannerPath>seasons/73739-5-3.jpg</BannerPath>
  <BannerType>season</BannerType>
  <BannerType2>season</BannerType2>
  <Language>en</Language>
  <Rating>9.8889</Rating>
  <RatingCount>9</RatingCount>
  <Season>5</Season>
</Banner>
<Banner>
  <id>17936</id>
  <BannerPath>seasons/73739-0.jpg</BannerPath>
  <BannerType>season</BannerType>
  <BannerType2>season</BannerType2>
  <Language>en</Language>
  <Rating>9.5000</Rating>
  <RatingCount>2</RatingCount>
  <Season>0</Season>
</Banner>
<Banner>
  <id>16912</id>
  <BannerPath>seasons/73739-2.jpg</BannerPath>
  <BannerType>season</BannerType>
  <BannerType2>season</BannerType2>
  <Language>en</Language>
  <Rating>9.0000</Rating>
  <RatingCount>14</RatingCount>
  <Season>2</Season>
</Banner>
<Banner>
  <id>9079</id>
  <BannerPath>seasons/24313-1-2.jpg</BannerPath>
  <BannerType>season</BannerType>
  <BannerType2>season</BannerType2>
  <Language>en</Language>
  <Rating>8.8947</Rating>
  <RatingCount>19</RatingCount>
  <Season>1</Season>
</Banner>
<Banner>
  <id>21364</id>
  <BannerPath>seasons/73739-3-2.jpg</BannerPath>
  <BannerType>season</BannerType>
  <BannerType2>season</BannerType2>
  <Language>en</Language>
  <Rating>8.5263</Rating>
  <RatingCount>19</RatingCount>
  <Season>3</Season>
</Banner>
<Banner>
  <id>17176</id>
  <BannerPath>seasons/73739-1-2.jpg</BannerPath>
  <BannerType>season</BannerType>
  <BannerType2>season</BannerType2>
  <Language>en</Language>
  <Rating>8.2857</Rating>
  <RatingCount>7</RatingCount>
  <Season>1</Season>
</Banner>
<Banner>
  <id>31337</id>
  <BannerPath>seasons/73739-4-7.jpg</BannerPath>
  <BannerType>season</BannerType>
  <BannerType2>season</BannerType2>
  <Language>en</Language>
  <Rating>8.0667</Rating>
  <RatingCount>15</RatingCount>
  <Season>4</Season>
</Banner>
<Banner>
  <id>490131</id>
  <BannerPath>seasons/73739-6-5.jpg</BannerPath>
  <BannerType>season</BannerType>
  <BannerType2>season</BannerType2>
  <Language>en</Language>
  <Rating>8.0000</Rating>
  <RatingCount>12</RatingCount>
  <Season>6</Season>
</Banner>
<Banner>
  <id>397631</id>
  <BannerPath>seasons/73739-1-5.jpg</BannerPath>
  <BannerType>season</BannerType>
  <BannerType2>season</BannerType2>
  <Language>de</Language>
  <Rating>8.0000</Rating>
  <RatingCount>4</RatingCount>
  <Season>1</Season>
</Banner>
<Banner>
  <id>895154</id>
  <BannerPath>seasons/73739-2-7.jpg</BannerPath>
  <BannerType>season</BannerType>
  <BannerType2>season</BannerType2>
  <Language>he</Language>
  <Rating>8.0000</Rating>
  <RatingCount>3</RatingCount>
  <Season>2</Season>
</Banner>
<Banner>
  <id>895159</id>
  <BannerPath>seasons/73739-1-8.jpg</BannerPath>
  <BannerType>season</BannerType>
  <BannerType2>season</BannerType2>
  <Language>he</Language>
  <Rating>8.0000</Rating>
  <RatingCount>3</RatingCount>
  <Season>1</Season>
</Banner>
<Banner>
  <id>23356</id>
  <BannerPath>seasons/73739-4-4.jpg</BannerPath>
  <BannerType>season</BannerType>
  <BannerType2>season</BannerType2>
  <Language>en</Language>
  <Rating>7.8750</Rating>
  <RatingCount>8</RatingCount>
  <Season>4</Season>
</Banner>
<Banner>
  <id>27457</id>
  <BannerPath>seasons/73739-4-6.jpg</BannerPath>
  <BannerType>season</BannerType>
  <BannerType2>season</BannerType2>
  <Language>es</Language>
  <Rating>7.5000</Rating>
  <RatingCount>2</RatingCount>
  <Season>4</Season>
</Banner>
<Banner>
  <id>27405</id>
  <BannerPath>seasons/73739-1-3.jpg</BannerPath>
  <BannerType>season</BannerType>
  <BannerType2>season</BannerType2>
  <Language>es</Language>
  <Rating>7.5000</Rating>
  <RatingCount>2</RatingCount>
  <Season>1</Season>
</Banner>
<Banner>
  <id>295931</id>
  <BannerPath>seasons/73739-6-2.jpg</BannerPath>
  <BannerType>season</BannerType>
  <BannerType2>season</BannerType2>
  <Language>en</Language>
  <Rating>7.5000</Rating>
  <RatingCount>8</RatingCount>
  <Season>6</Season>
</Banner>
<Banner>
  <id>16913</id>
  <BannerPath>seasons/73739-1.jpg</BannerPath>
  <BannerType>season</BannerType>
  <BannerType2>season</BannerType2>
  <Language>en</Language>
  <Rating>7.3333</Rating>
  <RatingCount>3</RatingCount>
  <Season>1</Season>
</Banner>
<Banner>
  <id>355671</id>
  <BannerPath>seasons/73739-6-4.jpg</BannerPath>
  <BannerType>season</BannerType>
  <BannerType2>season</BannerType2>
  <Language>en</Language>
  <Rating>7.3333</Rating>
  <RatingCount>6</RatingCount>
  <Season>6</Season>
</Banner>
<Banner>
  <id>89201</id>
  <BannerPath>seasons/73739-5-2.jpg</BannerPath>
  <BannerType>season</BannerType>
  <BannerType2>season</BannerType2>
  <Language>en</Language>
  <Rating>7.1429</Rating>
  <RatingCount>7</RatingCount>
  <Season>5</Season>
</Banner>
<Banner>
  <id>310971</id>
  <BannerPath>seasons/73739-6.jpg</BannerPath>
  <BannerType>season</BannerType>
  <BannerType2>season</BannerType2>
  <Language>en</Language>
  <Rating>7.0000</Rating>
  <RatingCount>6</RatingCount>
  <Season>6</Season>
</Banner>
<Banner>
  <id>865695</id>
  <BannerPath>seasons/73739-1-6.jpg</BannerPath>
  <BannerType>season</BannerType>
  <BannerType2>season</BannerType2>
  <Language>en</Language>
  <Rating>7.0000</Rating>
  <RatingCount>2</RatingCount>
  <Season>1</Season>
</Banner>
<Banner>
  <id>865702</id>
  <BannerPath>seasons/73739-4-12.jpg</BannerPath>
  <BannerType>season</BannerType>
  <BannerType2>season</BannerType2>
  <Language>en</Language>
  <Rating>7.0000</Rating>
  <RatingCount>2</RatingCount>
  <Season>4</Season>
</Banner>
<Banner>
  <id>19460</id>
  <BannerPath>seasons/73739-4-3.jpg</BannerPath>
  <BannerType>season</BannerType>
  <BannerType2>season</BannerType2>
  <Language>en</Language>
  <Rating>7.0000</Rating>
  <RatingCount>7</RatingCount>
  <Season>4</Season>
</Banner>
<Banner>
  <id>865704</id>
  <BannerPath>seasons/73739-5-6.jpg</BannerPath>
  <BannerType>season</BannerType>
  <BannerType2>season</BannerType2>
  <Language>en</Language>
  <Rating>7.0000</Rating>
  <RatingCount>2</RatingCount>
  <Season>5</Season>
</Banner>
<Banner>
  <id>865698</id>
  <BannerPath>seasons/73739-3-10.jpg</BannerPath>
  <BannerType>season</BannerType>
  <BannerType2>season</BannerType2>
  <Language>en</Language>
  <Rating>7.0000</Rating>
  <RatingCount>2</RatingCount>
  <Season>3</Season>
</Banner>
<Banner>
  <id>865696</id>
  <BannerPath>seasons/73739-2-5.jpg</BannerPath>
  <BannerType>season</BannerType>
  <BannerType2>season</BannerType2>
  <Language>en</Language>
  <Rating>7.0000</Rating>
  <RatingCount>2</RatingCount>
  <Season>2</Season>
</Banner>
<Banner>
  <id>8865</id>
  <BannerPath>seasons/24313-3.jpg</BannerPath>
  <BannerType>season</BannerType>
  <BannerType2>season</BannerType2>
  <Language>en</Language>
  <Rating>6.8750</Rating>
  <RatingCount>8</RatingCount>
  <Season>3</Season>
</Banner>
<Banner>
  <id>19018</id>
  <BannerPath>seasons/73739-4-2.jpg</BannerPath>
  <BannerType>season</BannerType>
  <BannerType2>season</BannerType2>
  <Language>en</Language>
  <Rating>6.8333</Rating>
  <RatingCount>6</RatingCount>
  <Season>4</Season>
</Banner>
<Banner>
  <id>865705</id>
  <BannerPath>seasons/73739-6-7.jpg</BannerPath>
  <BannerType>season</BannerType>
  <BannerType2>season</BannerType2>
  <Language>en</Language>
  <Rating>6.6667</Rating>
  <RatingCount>3</RatingCount>
  <Season>6</Season>
</Banner>
<Banner>
  <id>402891</id>
  <BannerPath>seasons/73739-5-4.jpg</BannerPath>
  <BannerType>season</BannerType>
  <BannerType2>season</BannerType2>
  <Language>es</Language>
  <Rating>6.5000</Rating>
  <RatingCount>2</RatingCount>
  <Season>5</Season>
</Banner>
<Banner>
  <id>31261</id>
  <BannerPath>seasons/73739-3-6.jpg</BannerPath>
  <BannerType>season</BannerType>
  <BannerType2>season</BannerType2>
  <Language>en</Language>
  <Rating>6.5000</Rating>
  <RatingCount>4</RatingCount>
  <Season>3</Season>
</Banner>
<Banner>
  <id>27406</id>
  <BannerPath>seasons/73739-3-3.jpg</BannerPath>
  <BannerType>season</BannerType>
  <BannerType2>season</BannerType2>
  <Language>es</Language>
  <Rating>6.5000</Rating>
  <RatingCount>2</RatingCount>
  <Season>3</Season>
</Banner>
<Banner>
  <id>872062</id>
  <BannerPath>seasons/73739-1-7.jpg</BannerPath>
  <BannerType>season</BannerType>
  <BannerType2>season</BannerType2>
  <Language>en</Language>
  <Rating>6.0000</Rating>
  <RatingCount>2</RatingCount>
  <Season>1</Season>
</Banner>
<Banner>
  <id>872058</id>
  <BannerPath>seasons/73739-5-7.jpg</BannerPath>
  <BannerType>season</BannerType>
  <BannerType2>season</BannerType2>
  <Language>en</Language>
  <Rating>6.0000</Rating>
  <RatingCount>2</RatingCount>
  <Season>5</Season>
</Banner>
<Banner>
  <id>6543</id>
  <BannerPath>seasons/24313-2.jpg</BannerPath>
  <BannerType>season</BannerType>
  <BannerType2>season</BannerType2>
  <Language>en</Language>
  <Rating>6.0000</Rating>
  <RatingCount>4</RatingCount>
  <Season>2</Season>
</Banner>
<Banner>
  <id>895156</id>
  <BannerPath>seasons/73739-4-14.jpg</BannerPath>
  <BannerType>season</BannerType>
  <BannerType2>season</BannerType2>
  <Language>he</Language>
  <Rating>6.0000</Rating>
  <RatingCount>2</RatingCount>
  <Season>4</Season>
</Banner>
<Banner>
  <id>314051</id>
  <BannerPath>seasons/73739-6-3.jpg</BannerPath>
  <BannerType>season</BannerType>
  <BannerType2>season</BannerType2>
  <Language>en</Language>
  <Rating>6.0000</Rating>
  <RatingCount>2</RatingCount>
  <Season>6</Season>
</Banner>
<Banner>
  <id>895155</id>
  <BannerPath>seasons/73739-3-12.jpg</BannerPath>
  <BannerType>season</BannerType>
  <BannerType2>season</BannerType2>
  <Language>he</Language>
  <Rating>6.0000</Rating>
  <RatingCount>2</RatingCount>
  <Season>3</Season>
</Banner>
<Banner>
  <id>872057</id>
  <BannerPath>seasons/73739-4-13.jpg</BannerPath>
  <BannerType>season</BannerType>
  <BannerType2>season</BannerType2>
  <Language>en</Language>
  <Rating>6.0000</Rating>
  <RatingCount>2</RatingCount>
  <Season>4</Season>
</Banner>
<Banner>
  <id>872059</id>
  <BannerPath>seasons/73739-6-8.jpg</BannerPath>
  <BannerType>season</BannerType>
  <BannerType2>season</BannerType2>
  <Language>en</Language>
  <Rating>6.0000</Rating>
  <RatingCount>2</RatingCount>
  <Season>6</Season>
</Banner>
<Banner>
  <id>872060</id>
  <BannerPath>seasons/73739-3-11.jpg</BannerPath>
  <BannerType>season</BannerType>
  <BannerType2>season</BannerType2>
  <Language>en</Language>
  <Rating>6.0000</Rating>
  <RatingCount>2</RatingCount>
  <Season>3</Season>
</Banner>
<Banner>
  <id>872061</id>
  <BannerPath>seasons/73739-2-6.jpg</BannerPath>
  <BannerType>season</BannerType>
  <BannerType2>season</BannerType2>
  <Language>en</Language>
  <Rating>6.0000</Rating>
  <RatingCount>2</RatingCount>
  <Season>2</Season>
</Banner>
<Banner>
  <id>895158</id>
  <BannerPath>seasons/73739-6-9.jpg</BannerPath>
  <BannerType>season</BannerType>
  <BannerType2>season</BannerType2>
  <Language>he</Language>
  <Rating>5.5000</Rating>
  <RatingCount>2</RatingCount>
  <Season>6</Season>
</Banner>
<Banner>
  <id>895157</id>
  <BannerPath>seasons/73739-5-8.jpg</BannerPath>
  <BannerType>season</BannerType>
  <BannerType2>season</BannerType2>
  <Language>he</Language>
  <Rating>5.5000</Rating>
  <RatingCount>2</RatingCount>
  <Season>5</Season>
</Banner>
<Banner>
  <id>911032</id>
  <BannerPath>seasons/73739-4-17.jpg</BannerPath>
  <BannerType>season</BannerType>
  <BannerType2>season</BannerType2>
  <Language>ru</Language>
  <Rating>5.5000</Rating>
  <RatingCount>2</RatingCount>
  <Season>4</Season>
</Banner>
<Banner>
  <id>865706</id>
  <BannerPath>seasons/73739-0-2.jpg</BannerPath>
  <BannerType>season</BannerType>
  <BannerType2>season</BannerType2>
  <Language>en</Language>
  <Rating>5.5000</Rating>
  <RatingCount>2</RatingCount>
  <Season>0</Season>
</Banner>
<Banner>
  <id>755241</id>
  <BannerPath>seasons/73739-6-6.jpg</BannerPath>
  <BannerType>season</BannerType>
  <BannerType2>season</BannerType2>
  <Language>de</Language>
  <Rating>5.5000</Rating>
  <RatingCount>2</RatingCount>
  <Season>6</Season>
</Banner>
<Banner>
  <id>872122</id>
  <BannerPath>seasons/73739-0-3.jpg</BannerPath>
  <BannerType>season</BannerType>
  <BannerType2>season</BannerType2>
  <Language>en</Language>
  <Rating>5.5000</Rating>
  <RatingCount>2</RatingCount>
  <Season>0</Season>
</Banner>
<Banner>
  <id>911037</id>
  <BannerPath>seasons/73739-6-11.jpg</BannerPath>
  <BannerType>season</BannerType>
  <BannerType2>season</BannerType2>
  <Language>ru</Language>
  <Rating>5.5000</Rating>
  <RatingCount>2</RatingCount>
  <Season>6</Season>
</Banner>
<Banner>
  <id>895152</id>
  <BannerPath>seasons/73739-0-4.jpg</BannerPath>
  <BannerType>season</BannerType>
  <BannerType2>season</BannerType2>
  <Language>he</Language>
  <Rating>5.5000</Rating>
  <RatingCount>2</RatingCount>
  <Season>0</Season>
</Banner>
<Banner>
  <id>18953</id>
  <BannerPath>seasons/73739-2-2.jpg</BannerPath>
  <BannerType>season</BannerType>
  <BannerType2>season</BannerType2>
  <Language>es</Language>
  <Rating>5.3333</Rating>
  <RatingCount>3</RatingCount>
  <Season>2</Season>
</Banner>
<Banner>
  <id>905415</id>
  <BannerPath>seasons/73739-3-13.jpg</BannerPath>
  <BannerType>season</BannerType>
  <BannerType2>season</BannerType2>
  <Language>de</Language>
  <Rating>5.0000</Rating>
  <RatingCount>1</RatingCount>
  <Season>3</Season>
</Banner>
<Banner>
  <id>905421</id>
  <BannerPath>seasons/73739-5-9.jpg</BannerPath>
  <BannerType>season</BannerType>
  <BannerType2>season</BannerType2>
  <Language>de</Language>
  <Rating>5.0000</Rating>
  <RatingCount>1</RatingCount>
  <Season>5</Season>
</Banner>
<Banner>
  <id>905418</id>
  <BannerPath>seasons/73739-4-15.jpg</BannerPath>
  <BannerType>season</BannerType>
  <BannerType2>season</BannerType2>
  <Language>de</Language>
  <Rating>5.0000</Rating>
  <RatingCount>1</RatingCount>
  <Season>4</Season>
</Banner>
<Banner>
  <id>397641</id>
  <BannerPath>seasons/73739-2-4.jpg</BannerPath>
  <BannerType>season</BannerType>
  <BannerType2>season</BannerType2>
  <Language>de</Language>
  <Rating>4.5000</Rating>
  <RatingCount>2</RatingCount>
  <Season>2</Season>
</Banner>
<Banner>
  <id>865700</id>
  <BannerPath>seasons/73739-4-11.jpg</BannerPath>
  <BannerType>season</BannerType>
  <BannerType2>season</BannerType2>
  <Language>en</Language>
  <Rating>4.5000</Rating>
  <RatingCount>2</RatingCount>
  <Season>4</Season>
</Banner>
<Banner>
  <id>37703</id>
  <BannerPath>seasons/73739-3-8.jpg</BannerPath>
  <BannerType>season</BannerType>
  <BannerType2>season</BannerType2>
  <Language>en</Language>
  <Rating>4.5000</Rating>
  <RatingCount>4</RatingCount>
  <Season>3</Season>
</Banner>
<Banner>
  <id>6542</id>
  <BannerPath>seasons/24313-1.jpg</BannerPath>
  <BannerType>season</BannerType>
  <BannerType2>season</BannerType2>
  <Language>en</Language>
  <Rating>4.3333</Rating>
  <RatingCount>3</RatingCount>
  <Season>1</Season>
</Banner>
<Banner>
  <id>60701</id>
  <BannerPath>seasons/73739-3-9.jpg</BannerPath>
  <BannerType>season</BannerType>
  <BannerType2>season</BannerType2>
  <Language>de</Language>
  <Rating>4.2500</Rating>
  <RatingCount>4</RatingCount>
  <Season>3</Season>
</Banner>
<Banner>
  <id>60721</id>
  <BannerPath>seasons/73739-4-9.jpg</BannerPath>
  <BannerType>season</BannerType>
  <BannerType2>season</BannerType2>
  <Language>de</Language>
  <Rating>4.2500</Rating>
  <RatingCount>4</RatingCount>
  <Season>4</Season>
</Banner>
<Banner>
  <id>911026</id>
  <BannerPath>seasons/73739-5-12.jpg</BannerPath>
  <BannerType>season</BannerType>
  <BannerType2>season</BannerType2>
  <Language>ru</Language>
  <Rating>4.0000</Rating>
  <RatingCount>3</RatingCount>
  <Season>5</Season>
</Banner>
<Banner>
  <id>911020</id>
  <BannerPath>seasons/73739-2-9.jpg</BannerPath>
  <BannerType>season</BannerType>
  <BannerType2>season</BannerType2>
  <Language>ru</Language>
  <Rating>4.0000</Rating>
  <RatingCount>3</RatingCount>
  <Season>2</Season>
</Banner>
<Banner>
  <id>911022</id>
  <BannerPath>seasons/73739-3-15.jpg</BannerPath>
  <BannerType>season</BannerType>
  <BannerType2>season</BannerType2>
  <Language>ru</Language>
  <Rating>4.0000</Rating>
  <RatingCount>3</RatingCount>
  <Season>3</Season>
</Banner>
<Banner>
  <id>911021</id>
  <BannerPath>seasons/73739-1-10.jpg</BannerPath>
  <BannerType>season</BannerType>
  <BannerType2>season</BannerType2>
  <Language>ru</Language>
  <Rating>4.0000</Rating>
  <RatingCount>3</RatingCount>
  <Season>1</Season>
</Banner>
<Banner>
  <id>14048</id>
  <BannerPath>seasons/73739-3.jpg</BannerPath>
  <BannerType>season</BannerType>
  <BannerType2>season</BannerType2>
  <Language>en</Language>
  <Rating>4.0000</Rating>
  <RatingCount>4</RatingCount>
  <Season>3</Season>
</Banner>
<Banner>
  <id>34601</id>
  <BannerPath>seasons/73739-1-4.jpg</BannerPath>
  <BannerType>season</BannerType>
  <BannerType2>season</BannerType2>
  <Language>hu</Language>
  <Rating>4.0000</Rating>
  <RatingCount>1</RatingCount>
  <Season>1</Season>
</Banner>
<Banner>
  <id>18063</id>
  <BannerPath>seasons/73739-4.jpg</BannerPath>
  <BannerType>season</BannerType>
  <BannerType2>season</BannerType2>
  <Language>en</Language>
  <Rating>2.0000</Rating>
  <RatingCount>5</RatingCount>
  <Season>4</Season>
</Banner>
<Banner>
  <id>9080</id>
  <BannerPath>seasons/24313-2-2.jpg</BannerPath>
  <BannerType>season</BannerType>
  <BannerType2>season</BannerType2>
  <Language>en</Language>
  <Rating>1.5000</Rating>
  <RatingCount>2</RatingCount>
  <Season>2</Season>
</Banner>
<Banner>
  <id>909473</id>
  <BannerPath>seasons/73739-5-11.jpg</BannerPath>
  <BannerType>season</BannerType>
  <BannerType2>season</BannerType2>
  <Language>it</Language>
  <Rating></Rating>
  <RatingCount>0</RatingCount>
  <Season>5</Season>
</Banner>
<Banner>
  <id>803861</id>
  <BannerPath>seasons/73739-5-5.jpg</BannerPath>
  <BannerType>season</BannerType>
  <BannerType2>season</BannerType2>
  <Language>de</Language>
  <Rating></Rating>
  <RatingCount>0</RatingCount>
  <Season>5</Season>
</Banner>
<Banner>
  <id>27414</id>
  <BannerPath>seasons/73739-4-5.jpg</BannerPath>
  <BannerType>season</BannerType>
  <BannerType2>season</BannerType2>
  <Language>es</Language>
  <Rating></Rating>
  <RatingCount>0</RatingCount>
  <Season>4</Season>
</Banner>
<Banner>
  <id>72001</id>
  <BannerPath>seasons/73739-4-10.jpg</BannerPath>
  <BannerType>season</BannerType>
  <BannerType2>season</BannerType2>
  <Language>hu</Language>
  <Rating></Rating>
  <RatingCount>0</RatingCount>
  <Season>4</Season>
</Banner>
<Banner>
  <id>909469</id>
  <BannerPath>seasons/73739-3-14.jpg</BannerPath>
  <BannerType>season</BannerType>
  <BannerType2>season</BannerType2>
  <Language>it</Language>
  <Rating></Rating>
  <RatingCount>0</RatingCount>
  <Season>3</Season>
</Banner>
<Banner>
  <id>909460</id>
  <BannerPath>seasons/73739-1-9.jpg</BannerPath>
  <BannerType>season</BannerType>
  <BannerType2>season</BannerType2>
  <Language>it</Language>
  <Rating></Rating>
  <RatingCount>0</RatingCount>
  <Season>1</Season>
</Banner>
<Banner>
  <id>34611</id>
  <BannerPath>seasons/73739-4-8.jpg</BannerPath>
  <BannerType>season</BannerType>
  <BannerType2>season</BannerType2>
  <Language>hu</Language>
  <Rating></Rating>
  <RatingCount>0</RatingCount>
  <Season>4</Season>
</Banner>
<Banner>
  <id>909472</id>
  <BannerPath>seasons/73739-5-10.jpg</BannerPath>
  <BannerType>season</BannerType>
  <BannerType2>season</BannerType2>
  <Language>it</Language>
  <Rating></Rating>
  <RatingCount>0</RatingCount>
  <Season>5</Season>
</Banner>
<Banner>
  <id>34602</id>
  <BannerPath>seasons/73739-3-7.jpg</BannerPath>
  <BannerType>season</BannerType>
  <BannerType2>season</BannerType2>
  <Language>hu</Language>
  <Rating></Rating>
  <RatingCount>0</RatingCount>
  <Season>3</Season>
</Banner>
<Banner>
  <id>27415</id>
  <BannerPath>seasons/73739-3-4.jpg</BannerPath>
  <BannerType>season</BannerType>
  <BannerType2>season</BannerType2>
  <Language>es</Language>
  <Rating></Rating>
  <RatingCount>0</RatingCount>
  <Season>3</Season>
</Banner>
<Banner>
  <id>27416</id>
  <BannerPath>seasons/73739-3-5.jpg</BannerPath>
  <BannerType>season</BannerType>
  <BannerType2>season</BannerType2>
  <Language>es</Language>
  <Rating></Rating>
  <RatingCount>0</RatingCount>
  <Season>3</Season>
</Banner>
<Banner>
  <id>909474</id>
  <BannerPath>seasons/73739-6-10.jpg</BannerPath>
  <BannerType>season</BannerType>
  <BannerType2>season</BannerType2>
  <Language>it</Language>
  <Rating></Rating>
  <RatingCount>0</RatingCount>
  <Season>6</Season>
</Banner>
<Banner>
  <id>909471</id>
  <BannerPath>seasons/73739-4-16.jpg</BannerPath>
  <BannerType>season</BannerType>
  <BannerType2>season</BannerType2>
  <Language>it</Language>
  <Rating></Rating>
  <RatingCount>0</RatingCount>
  <Season>4</Season>
</Banner>
<Banner>
  <id>34605</id>
  <BannerPath>seasons/73739-2-3.jpg</BannerPath>
  <BannerType>season</BannerType>
  <BannerType2>season</BannerType2>
  <Language>hu</Language>
  <Rating></Rating>
  <RatingCount>0</RatingCount>
  <Season>2</Season>
</Banner>
<Banner>
  <id>909468</id>
  <BannerPath>seasons/73739-2-8.jpg</BannerPath>
  <BannerType>season</BannerType>
  <BannerType2>season</BannerType2>
  <Language>it</Language>
  <Rating></Rating>
  <RatingCount>0</RatingCount>
  <Season>2</Season>
</Banner>
<Banner>
  <id>622801</id>
  <BannerPath>seasons/73739-5.jpg</BannerPath>
  <BannerType>season</BannerType>
  <BannerType2>season</BannerType2>
  <Language>en</Language>
  <Rating></Rating>
  <RatingCount>0</RatingCount>
  <Season>5</Season>
</Banner>
<Banner>
  <id>456801</id>
  <BannerPath>seasonswide/73739-6.jpg</BannerPath>
  <BannerType>season</BannerType>
  <BannerType2>seasonwide</BannerType2>
  <Language>en</Language>
  <Rating>10.0000</Rating>
  <RatingCount>1</RatingCount>
  <Season>6</Season>
</Banner>
<Banner>
  <id>18106</id>
  <BannerPath>seasonswide/73739-4.jpg</BannerPath>
  <BannerType>season</BannerType>
  <BannerType2>seasonwide</BannerType2>
  <Language>en</Language>
  <Rating>8.5000</Rating>
  <RatingCount>2</RatingCount>
  <Season>4</Season>
</Banner>
<Banner>
  <id>18103</id>
  <BannerPath>seasonswide/73739-1.jpg</BannerPath>
  <BannerType>season</BannerType>
  <BannerType2>seasonwide</BannerType2>
  <Language>en</Language>
  <Rating>7.0000</Rating>
  <RatingCount>2</RatingCount>
  <Season>1</Season>
</Banner>
<Banner>
  <id>18104</id>
  <BannerPath>seasonswide/73739-2.jpg</BannerPath>
  <BannerType>season</BannerType>
  <BannerType2>seasonwide</BannerType2>
  <Language>en</Language>
  <Rating></Rating>
  <RatingCount>0</RatingCount>
  <Season>2</Season>
</Banner>
<Banner>
  <id>22507</id>
  <BannerPath>seasonswide/73739-4-2.jpg</BannerPath>
  <BannerType>season</BannerType>
  <BannerType2>seasonwide</BannerType2>
  <Language>it</Language>
  <Rating></Rating>
  <RatingCount>0</RatingCount>
  <Season>4</Season>
</Banner>
<Banner>
  <id>18105</id>
  <BannerPath>seasonswide/73739-3.jpg</BannerPath>
  <BannerType>season</BannerType>
  <BannerType2>seasonwide</BannerType2>
  <Language>en</Language>
  <Rating></Rating>
  <RatingCount>0</RatingCount>
  <Season>3</Season>
</Banner>
<Banner>
  <id>456791</id>
  <BannerPath>seasonswide/73739-5.jpg</BannerPath>
  <BannerType>season</BannerType>
  <BannerType2>seasonwide</BannerType2>
  <Language>en</Language>
  <Rating></Rating>
  <RatingCount>0</RatingCount>
  <Season>5</Season>
</Banner>
<Banner>
  <id>13944</id>
  <BannerPath>graphical/73739-g4.jpg</BannerPath>
  <BannerType>series</BannerType>
  <BannerType2>graphical</BannerType2>
  <Language>en</Language>
  <Rating>8.5526</Rating>
  <RatingCount>38</RatingCount>
</Banner>
<Banner>
  <id>19017</id>
  <BannerPath>graphical/73739-g6.jpg</BannerPath>
  <BannerType>series</BannerType>
  <BannerType2>graphical</BannerType2>
  <Language>en</Language>
  <Rating>7.1818</Rating>
  <RatingCount>22</RatingCount>
</Banner>
<Banner>
  <id>11739</id>
  <BannerPath>graphical/73739-g3.jpg</BannerPath>
  <BannerType>series</BannerType>
  <BannerType2>graphical</BannerType2>
  <Language>en</Language>
  <Rating>6.3529</Rating>
  <RatingCount>17</RatingCount>
</Banner>
<Banner>
  <id>24035</id>
  <BannerPath>graphical/73739-g8.jpg</BannerPath>
  <BannerType>series</BannerType>
  <BannerType2>graphical</BannerType2>
  <Language>en</Language>
  <Rating>6.0000</Rating>
  <RatingCount>11</RatingCount>
</Banner>
<Banner>
  <id>9529</id>
  <BannerPath>graphical/73739-g.jpg</BannerPath>
  <BannerType>series</BannerType>
  <BannerType2>graphical</BannerType2>
  <Language>en</Language>
  <Rating>5.8462</Rating>
  <RatingCount>13</RatingCount>
</Banner>
<Banner>
  <id>6558</id>
  <BannerPath>graphical/24313-g2.jpg</BannerPath>
  <BannerType>series</BannerType>
  <BannerType2>graphical</BannerType2>
  <Language>en</Language>
  <Rating>5.8000</Rating>
  <RatingCount>15</RatingCount>
</Banner>
<Banner>
  <id>13943</id>
  <BannerPath>graphical/73739-g5.jpg</BannerPath>
  <BannerType>series</BannerType>
  <BannerType2>graphical</BannerType2>
  <Language>en</Language>
  <Rating>5.6364</Rating>
  <RatingCount>11</RatingCount>
</Banner>
<Banner>
  <id>21786</id>
  <BannerPath>graphical/73739-g7.jpg</BannerPath>
  <BannerType>series</BannerType>
  <BannerType2>graphical</BannerType2>
  <Language>en</Language>
  <Rating>5.6000</Rating>
  <RatingCount>10</RatingCount>
</Banner>
<Banner>
  <id>870920</id>
  <BannerPath>graphical/73739-g15.jpg</BannerPath>
  <BannerType>series</BannerType>
  <BannerType2>graphical</BannerType2>
  <Language>he</Language>
  <Rating>5.5000</Rating>
  <RatingCount>2</RatingCount>
</Banner>
<Banner>
  <id>424941</id>
  <BannerPath>graphical/73739-g13.jpg</BannerPath>
  <BannerType>series</BannerType>
  <BannerType2>graphical</BannerType2>
  <Language>en</Language>
  <Rating>5.4000</Rating>
  <RatingCount>5</RatingCount>
</Banner>
<Banner>
  <id>410681</id>
  <BannerPath>graphical/73739-g12.jpg</BannerPath>
  <BannerType>series</BannerType>
  <BannerType2>graphical</BannerType2>
  <Language>en</Language>
  <Rating>4.4000</Rating>
  <RatingCount>5</RatingCount>
</Banner>
<Banner>
  <id>908414</id>
  <BannerPath>graphical/73739-g16.jpg</BannerPath>
  <BannerType>series</BannerType>
  <BannerType2>graphical</BannerType2>
  <Language>ru</Language>
  <Rating>4.0000</Rating>
  <RatingCount>3</RatingCount>
</Banner>
<Banner>
  <id>410671</id>
  <BannerPath>graphical/73739-g11.jpg</BannerPath>
  <BannerType>series</BannerType>
  <BannerType2>graphical</BannerType2>
  <Language>en</Language>
  <Rating>4.0000</Rating>
  <RatingCount>3</RatingCount>
</Banner>
<Banner>
  <id>5415</id>
  <BannerPath>graphical/24313-g.jpg</BannerPath>
  <BannerType>series</BannerType>
  <BannerType2>graphical</BannerType2>
  <Language>en</Language>
  <Rating>3.7500</Rating>
  <RatingCount>8</RatingCount>
</Banner>
<Banner>
  <id>43395</id>
  <BannerPath>graphical/73739-g10.jpg</BannerPath>
  <BannerType>series</BannerType>
  <BannerType2>graphical</BannerType2>
  <Language>en</Language>
  <Rating>2.7500</Rating>
  <RatingCount>4</RatingCount>
</Banner>
<Banner>
  <id>11738</id>
  <BannerPath>graphical/73739-g2.jpg</BannerPath>
  <BannerType>series</BannerType>
  <BannerType2>graphical</BannerType2>
  <Language>en</Language>
  <Rating>2.7368</Rating>
  <RatingCount>19</RatingCount>
</Banner>
<Banner>
  <id>12801</id>
  <BannerPath>blank/73739.jpg</BannerPath>
  <BannerType>series</BannerType>
  <BannerType2>blank</BannerType2>
  <Language>en</Language>
  <Rating>2.6000</Rating>
  <RatingCount>10</RatingCount>
</Banner>
<Banner>
  <id>498351</id>
  <BannerPath>graphical/73739-g14.jpg</BannerPath>
  <BannerType>series</BannerType>
  <BannerType2>graphical</BannerType2>
  <Language>fr</Language>
  <Rating>1.0000</Rating>
  <RatingCount>1</RatingCount>
</Banner>
<Banner>
  <id>34607</id>
  <BannerPath>graphical/73739-g9.jpg</BannerPath>
  <BannerType>series</BannerType>
  <BannerType2>graphical</BannerType2>
  <Language>hu</Language>
  <Rating>1.0000</Rating>
  <RatingCount>6</RatingCount>
</Banner>
<Banner>
  <id>934047</id>
  <BannerPath>graphical/73739-g17.jpg</BannerPath>
  <BannerType>series</BannerType>
  <BannerType2>graphical</BannerType2>
  <Language>hu</Language>
  <Rating></Rating>
  <RatingCount>0</RatingCount>
</Banner>
</Banners>