<?xml version="1.0" encoding="UTF-8" ?>
<Actors>
<Actor>
  <id>307543</id>
  <Image>actors/307543.jpg</Image>
  <Name>Tatiana Maslany</Name>
  <Role>Sarah</Role>
  <SortOrder>0</SortOrder>
</Actor>
<Actor>
  <id>308820</id>
  <Image>actors/308820.jpg</Image>
  <Name>Jordan Gavaris</Name>
  <Role>Felix</Role>
  <SortOrder>1</SortOrder>
</Actor>
<Actor>
  <id>310611</id>
  <Image></Image>
  <Name>David Richmond-Peck</Name>
  <Role>Olivier Duval</Role>
  <SortOrder>3</SortOrder>
</Actor>
<Actor>
  <id>310607</id>
  <Image></Image>
  <Name>Drew Davis</Name>
  <Role>Oscar Hendrix</Role>
  <SortOrder>3</SortOrder>
</Actor>
<Actor>
  <id>310600</id>
  <Image></Image>
  <Name>Dylan Bruce</Name>
  <Role>Paul</Role>
  <SortOrder>3</SortOrder>
</Actor>
<Actor>
  <id>310604</id>
  <Image></Image>
  <Name>Inga Cadranel</Name>
  <Role>Angela Deangelis</Role>
  <SortOrder>3</SortOrder>
</Actor>
<Actor>
  <id>310603</id>
  <Image></Image>
  <Name>Kevin Hanchard</Name>
  <Role>Art</Role>
  <SortOrder>3</SortOrder>
</Actor>
<Actor>
  <id>310609</id>
  <Image></Image>
  <Name>Kristian Bruun</Name>
  <Role>Donnie Hendrix</Role>
  <SortOrder>3</SortOrder>
</Actor>
<Actor>
  <id>310602</id>
  <Image></Image>
  <Name>Maria Doyle Kennedy</Name>
  <Role>Mrs. S</Role>
  <SortOrder>3</SortOrder>
</Actor>
<Actor>
  <id>310606</id>
  <Image></Image>
  <Name>Michael Mando</Name>
  <Role>Vic</Role>
  <SortOrder>3</SortOrder>
</Actor>
<Actor>
  <id>310608</id>
  <Image></Image>
  <Name>Millie Davis</Name>
  <Role>Gemma Hendrix</Role>
  <SortOrder>3</SortOrder>
</Actor>
<Actor>
  <id>310610</id>
  <Image></Image>
  <Name>Natalie Lisinska</Name>
  <Role>Aynesley</Role>
  <SortOrder>3</SortOrder>
</Actor>
<Actor>
  <id>310605</id>
  <Image></Image>
  <Name>Ron Lea</Name>
  <Role>Lieutenant Gavin Hardcastle</Role>
  <SortOrder>3</SortOrder>
</Actor>
<Actor>
  <id>310601</id>
  <Image></Image>
  <Name>Skyler Wexler</Name>
  <Role>Kira</Role>
  <SortOrder>3</SortOrder>
</Actor>
</Actors>