<?xml version="1.0" encoding="UTF-8" ?>
<Banners>
<Banner>
  <id>951103</id>
  <BannerPath>fanart/original/260315-8.jpg</BannerPath>
  <BannerType>fanart</BannerType>
  <BannerType2>1920x1080</BannerType2>
  <Colors></Colors>
  <Language>en</Language>
  <Rating>5.5000</Rating>
  <RatingCount>2</RatingCount>
  <SeriesName>false</SeriesName>
  <ThumbnailPath>_cache/fanart/original/260315-8.jpg</ThumbnailPath>
  <VignettePath>fanart/vignette/260315-8.jpg</VignettePath>
</Banner>
<Banner>
  <id>950215</id>
  <BannerPath>fanart/original/260315-4.jpg</BannerPath>
  <BannerType>fanart</BannerType>
  <BannerType2>1920x1080</BannerType2>
  <Colors></Colors>
  <Language>en</Language>
  <Rating>5.5000</Rating>
  <RatingCount>4</RatingCount>
  <SeriesName>false</SeriesName>
  <ThumbnailPath>_cache/fanart/original/260315-4.jpg</ThumbnailPath>
  <VignettePath>fanart/vignette/260315-4.jpg</VignettePath>
</Banner>
<Banner>
  <id>950417</id>
  <BannerPath>fanart/original/260315-6.jpg</BannerPath>
  <BannerType>fanart</BannerType>
  <BannerType2>1280x720</BannerType2>
  <Colors></Colors>
  <Language>en</Language>
  <Rating>5.2500</Rating>
  <RatingCount>4</RatingCount>
  <SeriesName>false</SeriesName>
  <ThumbnailPath>_cache/fanart/original/260315-6.jpg</ThumbnailPath>
  <VignettePath>fanart/vignette/260315-6.jpg</VignettePath>
</Banner>
<Banner>
  <id>950235</id>
  <BannerPath>fanart/original/260315-5.jpg</BannerPath>
  <BannerType>fanart</BannerType>
  <BannerType2>1280x720</BannerType2>
  <Colors></Colors>
  <Language>en</Language>
  <Rating>5.2500</Rating>
  <RatingCount>4</RatingCount>
  <SeriesName>false</SeriesName>
  <ThumbnailPath>_cache/fanart/original/260315-5.jpg</ThumbnailPath>
  <VignettePath>fanart/vignette/260315-5.jpg</VignettePath>
</Banner>
<Banner>
  <id>949413</id>
  <BannerPath>fanart/original/260315-2.jpg</BannerPath>
  <BannerType>fanart</BannerType>
  <BannerType2>1280x720</BannerType2>
  <Colors></Colors>
  <Language>en</Language>
  <Rating>5.0000</Rating>
  <RatingCount>3</RatingCount>
  <SeriesName>false</SeriesName>
  <ThumbnailPath>_cache/fanart/original/260315-2.jpg</ThumbnailPath>
  <VignettePath>fanart/vignette/260315-2.jpg</VignettePath>
</Banner>
<Banner>
  <id>946718</id>
  <BannerPath>fanart/original/260315-1.jpg</BannerPath>
  <BannerType>fanart</BannerType>
  <BannerType2>1280x720</BannerType2>
  <Colors></Colors>
  <Language>en</Language>
  <Rating>4.5714</Rating>
  <RatingCount>7</RatingCount>
  <SeriesName>false</SeriesName>
  <ThumbnailPath>_cache/fanart/original/260315-1.jpg</ThumbnailPath>
  <VignettePath>fanart/vignette/260315-1.jpg</VignettePath>
</Banner>
<Banner>
  <id>950214</id>
  <BannerPath>fanart/original/260315-3.jpg</BannerPath>
  <BannerType>fanart</BannerType>
  <BannerType2>1920x1080</BannerType2>
  <Colors></Colors>
  <Language>en</Language>
  <Rating>3.5000</Rating>
  <RatingCount>2</RatingCount>
  <SeriesName>false</SeriesName>
  <ThumbnailPath>_cache/fanart/original/260315-3.jpg</ThumbnailPath>
  <VignettePath>fanart/vignette/260315-3.jpg</VignettePath>
</Banner>
<Banner>
  <id>951106</id>
  <BannerPath>fanart/original/260315-9.jpg</BannerPath>
  <BannerType>fanart</BannerType>
  <BannerType2>1920x1080</BannerType2>
  <Colors></Colors>
  <Language>en</Language>
  <Rating>1.0000</Rating>
  <RatingCount>2</RatingCount>
  <SeriesName>true</SeriesName>
  <ThumbnailPath>_cache/fanart/original/260315-9.jpg</ThumbnailPath>
  <VignettePath>fanart/vignette/260315-9.jpg</VignettePath>
</Banner>
<Banner>
  <id>937025</id>
  <BannerPath>posters/260315-1.jpg</BannerPath>
  <BannerType>poster</BannerType>
  <BannerType2>680x1000</BannerType2>
  <Language>en</Language>
  <Rating>6.6667</Rating>
  <RatingCount>3</RatingCount>
</Banner>
<Banner>
  <id>938872</id>
  <BannerPath>posters/260315-2.jpg</BannerPath>
  <BannerType>poster</BannerType>
  <BannerType2>680x1000</BannerType2>
  <Language>en</Language>
  <Rating>6.6667</Rating>
  <RatingCount>3</RatingCount>
</Banner>
<Banner>
  <id>950256</id>
  <BannerPath>seasons/260315-1.jpg</BannerPath>
  <BannerType>season</BannerType>
  <BannerType2>season</BannerType2>
  <Language>en</Language>
  <Rating>10.0000</Rating>
  <RatingCount>1</RatingCount>
  <Season>1</Season>
</Banner>
<Banner>
  <id>937429</id>
  <BannerPath>graphical/260315-g2.jpg</BannerPath>
  <BannerType>series</BannerType>
  <BannerType2>graphical</BannerType2>
  <Language>en</Language>
  <Rating>7.6667</Rating>
  <RatingCount>3</RatingCount>
</Banner>
<Banner>
  <id>937430</id>
  <BannerPath>graphical/260315-g3.jpg</BannerPath>
  <BannerType>series</BannerType>
  <BannerType2>graphical</BannerType2>
  <Language>en</Language>
  <Rating>7.6000</Rating>
  <RatingCount>5</RatingCount>
</Banner>
<Banner>
  <id>937428</id>
  <BannerPath>graphical/260315-g.jpg</BannerPath>
  <BannerType>series</BannerType>
  <BannerType2>graphical</BannerType2>
  <Language>en</Language>
  <Rating>7.2500</Rating>
  <RatingCount>4</RatingCount>
</Banner>
<Banner>
  <id>933867</id>
  <BannerPath>text/260315.jpg</BannerPath>
  <BannerType>series</BannerType>
  <BannerType2>text</BannerType2>
  <Language>en</Language>
  <Rating>6.3333</Rating>
  <RatingCount>3</RatingCount>
</Banner>
</Banners>