<?xml version="1.0" encoding="UTF-8" ?>
<Data><Series>
  <id>260315</id>
  <Actors>|Tatiana Maslany|Jordan Gavaris|David Richmond-Peck|Drew Davis|Dylan Bruce|Inga Cadranel|Kevin Hanchard|Kristian Bruun|Maria Doyle Kennedy|Michael Mando|Millie Davis|Natalie Lisinska|Ron Lea|Skyler Wexler|</Actors>
  <Airs_DayOfWeek>Saturday</Airs_DayOfWeek>
  <Airs_Time>9:00 PM</Airs_Time>
  <ContentRating>TV-MA</ContentRating>
  <FirstAired>2013-03-30</FirstAired>
  <Genre>|Science-Fiction|</Genre>
  <IMDB_ID>tt2234222</IMDB_ID>
  <Language>en</Language>
  <Network>BBC America</Network>
  <NetworkID></NetworkID>
  <Overview>“Orphan Black” follows outsider, orphan and street-wise chameleon Sarah. After witnessing a woman’s suicide, Sarah assumes the stranger’s identity, who happens to look just like her. Expecting to solve all her problems by cleaning out the dead woman’s savings, Sarah is instead thrust headlong into a kaleidoscopic mystery as she realizes the dizzying truth: she and the dead woman are clones.

As Sarah searches for answers, she discovers the chilling fact that there are more people like her out there - genetically identical individuals who were planted in unsuspecting birth parents and nurtured in completely different circumstances. With no idea who created the clones, she’ll need to discover the reason in a hurry as an assassin is killing them one by one. </Overview>
  <Rating>8.0</Rating>
  <RatingCount>3</RatingCount>
  <Runtime>60</Runtime>
  <SeriesID></SeriesID>
  <SeriesName>Orphan Black</SeriesName>
  <Status>Continuing</Status>
  <added>2012-06-28 12:05:42</added>
  <addedBy>360590</addedBy>
  <banner>graphical/260315-g2.jpg</banner>
  <fanart>fanart/original/260315-8.jpg</fanart>
  <lastupdated>1365529073</lastupdated>
  <poster>posters/260315-2.jpg</poster>
  <zap2it_id>SH01634965</zap2it_id>
</Series>
<Episode>
  <id>4528427</id>
  <Combined_episodenumber>1</Combined_episodenumber>
  <Combined_season>0</Combined_season>
  <DVD_chapter></DVD_chapter>
  <DVD_discid></DVD_discid>
  <DVD_episodenumber></DVD_episodenumber>
  <DVD_season></DVD_season>
  <Director></Director>
  <EpImgFlag>3</EpImgFlag>
  <EpisodeName>Series Teaser</EpisodeName>
  <EpisodeNumber>1</EpisodeNumber>
  <FirstAired>2012-12-25</FirstAired>
  <GuestStars></GuestStars>
  <IMDB_ID></IMDB_ID>
  <Language>en</Language>
  <Overview>Ever get the feeling that someone looks... familiar? Then suddenly, it hits you. Beth. Alison. Katja. Cosima. Sarah. Who are they? What's going on? </Overview>
  <ProductionCode></ProductionCode>
  <Rating></Rating>
  <RatingCount>0</RatingCount>
  <SeasonNumber>0</SeasonNumber>
  <Writer></Writer>
  <absolute_number></absolute_number>
  <airsafter_season></airsafter_season>
  <airsbefore_episode>1</airsbefore_episode>
  <airsbefore_season>1</airsbefore_season>
  <filename>episodes/260315/4528427.jpg</filename>
  <lastupdated>1364566828</lastupdated>
  <seasonid>495507</seasonid>
  <seriesid>260315</seriesid>
</Episode>
<Episode>
  <id>4528768</id>
  <Combined_episodenumber>2</Combined_episodenumber>
  <Combined_season>0</Combined_season>
  <DVD_chapter></DVD_chapter>
  <DVD_discid></DVD_discid>
  <DVD_episodenumber></DVD_episodenumber>
  <DVD_season></DVD_season>
  <Director></Director>
  <EpImgFlag>2</EpImgFlag>
  <EpisodeName>Identity Theft Sneak Peek</EpisodeName>
  <EpisodeNumber>2</EpisodeNumber>
  <FirstAired>2013-03-26</FirstAired>
  <GuestStars></GuestStars>
  <IMDB_ID></IMDB_ID>
  <Language>en</Language>
  <Overview>Watch Sarah transform from English punk to conservative cop when she steals her clone's identity!</Overview>
  <ProductionCode></ProductionCode>
  <Rating></Rating>
  <RatingCount>0</RatingCount>
  <SeasonNumber>0</SeasonNumber>
  <Writer></Writer>
  <absolute_number></absolute_number>
  <airsafter_season></airsafter_season>
  <airsbefore_episode>1</airsbefore_episode>
  <airsbefore_season>1</airsbefore_season>
  <filename>episodes/260315/4528768.jpg</filename>
  <lastupdated>1364566924</lastupdated>
  <seasonid>495507</seasonid>
  <seriesid>260315</seriesid>
</Episode>
<Episode>
  <id>4352158</id>
  <Combined_episodenumber>1</Combined_episodenumber>
  <Combined_season>1</Combined_season>
  <DVD_chapter></DVD_chapter>
  <DVD_discid></DVD_discid>
  <DVD_episodenumber></DVD_episodenumber>
  <DVD_season></DVD_season>
  <Director></Director>
  <EpImgFlag>2</EpImgFlag>
  <EpisodeName>Natural Selection</EpisodeName>
  <EpisodeNumber>1</EpisodeNumber>
  <FirstAired>2013-03-30</FirstAired>
  <GuestStars></GuestStars>
  <IMDB_ID>2510426</IMDB_ID>
  <Language>en</Language>
  <Overview>Sarah, a streetwise hustler on the run from a lifetime of bad decisions, witnesses the suicide of a stranger who looks just like her. Sarah assumes her identity, hoping that cleaning out the dead woman’s bank account will solve all of her problems. Instead, the street smart chameleon is thrust headlong into a kaleidoscopic mystery. After taking on the new identity, Sarah quickly finds herself caught in the middle of a deadly conspiracy and must race to find answers.</Overview>
  <ProductionCode></ProductionCode>
  <Rating>8.0</Rating>
  <RatingCount>9</RatingCount>
  <SeasonNumber>1</SeasonNumber>
  <Writer></Writer>
  <absolute_number></absolute_number>
  <filename>episodes/260315/4352158.jpg</filename>
  <lastupdated>1364566323</lastupdated>
  <seasonid>495508</seasonid>
  <seriesid>260315</seriesid>
</Episode>
<Episode>
  <id>4535490</id>
  <Combined_episodenumber>2</Combined_episodenumber>
  <Combined_season>1</Combined_season>
  <DVD_chapter></DVD_chapter>
  <DVD_discid></DVD_discid>
  <DVD_episodenumber></DVD_episodenumber>
  <DVD_season></DVD_season>
  <Director>John Fawcett</Director>
  <EpImgFlag>2</EpImgFlag>
  <EpisodeName>Instinct</EpisodeName>
  <EpisodeNumber>2</EpisodeNumber>
  <FirstAired>2013-04-06</FirstAired>
  <GuestStars></GuestStars>
  <IMDB_ID>tt2580386</IMDB_ID>
  <Language>en</Language>
  <Overview>With a body in her car and nowhere to turn, Sarah is forced to continue her con and earn “Beth” a second chance on the force. But with a killer on her tail, her only hope of finding answers lies with another apparent ‘identical,’ Alison.</Overview>
  <ProductionCode></ProductionCode>
  <Rating>7.0</Rating>
  <RatingCount>2</RatingCount>
  <SeasonNumber>1</SeasonNumber>
  <Writer>Graeme Manson</Writer>
  <absolute_number></absolute_number>
  <filename>episodes/260315/4535490.jpg</filename>
  <lastupdated>1365380581</lastupdated>
  <seasonid>495508</seasonid>
  <seriesid>260315</seriesid>
</Episode>
<Episode>
  <id>4536409</id>
  <Combined_episodenumber>3</Combined_episodenumber>
  <Combined_season>1</Combined_season>
  <DVD_chapter></DVD_chapter>
  <DVD_discid></DVD_discid>
  <DVD_episodenumber></DVD_episodenumber>
  <DVD_season></DVD_season>
  <Director></Director>
  <EpImgFlag></EpImgFlag>
  <EpisodeName>Variation Under Nature</EpisodeName>
  <EpisodeNumber>3</EpisodeNumber>
  <FirstAired>2013-04-13</FirstAired>
  <GuestStars></GuestStars>
  <IMDB_ID></IMDB_ID>
  <Language>en</Language>
  <Overview>Rocked by the revelation that she and her fellow “Orphans” are clones, Sarah just wants to get her hands on the money and skip town. But Sarah’s fake detective ruse stretches thin when the cops find the body she buried and assign “Beth” to the case. As Sarah closes in on the killer, the hunter becomes the hunted.</Overview>
  <ProductionCode></ProductionCode>
  <Rating></Rating>
  <RatingCount>0</RatingCount>
  <SeasonNumber>1</SeasonNumber>
  <Writer></Writer>
  <absolute_number></absolute_number>
  <filename></filename>
  <lastupdated>1365329726</lastupdated>
  <seasonid>495508</seasonid>
  <seriesid>260315</seriesid>
</Episode>
<Episode>
  <id>4536410</id>
  <Combined_episodenumber>4</Combined_episodenumber>
  <Combined_season>1</Combined_season>
  <DVD_chapter></DVD_chapter>
  <DVD_discid></DVD_discid>
  <DVD_episodenumber></DVD_episodenumber>
  <DVD_season></DVD_season>
  <Director></Director>
  <EpImgFlag></EpImgFlag>
  <EpisodeName>Effects of External Conditions</EpisodeName>
  <EpisodeNumber>4</EpisodeNumber>
  <FirstAired>2013-04-20</FirstAired>
  <GuestStars></GuestStars>
  <IMDB_ID></IMDB_ID>
  <Language>en</Language>
  <Overview></Overview>
  <ProductionCode></ProductionCode>
  <Rating></Rating>
  <RatingCount>0</RatingCount>
  <SeasonNumber>1</SeasonNumber>
  <Writer></Writer>
  <absolute_number></absolute_number>
  <filename></filename>
  <lastupdated>1365529000</lastupdated>
  <seasonid>495508</seasonid>
  <seriesid>260315</seriesid>
</Episode>
<Episode>
  <id>4536411</id>
  <Combined_episodenumber>5</Combined_episodenumber>
  <Combined_season>1</Combined_season>
  <DVD_chapter></DVD_chapter>
  <DVD_discid></DVD_discid>
  <DVD_episodenumber></DVD_episodenumber>
  <DVD_season></DVD_season>
  <Director></Director>
  <EpImgFlag></EpImgFlag>
  <EpisodeName>Conditions of Existence</EpisodeName>
  <EpisodeNumber>5</EpisodeNumber>
  <FirstAired>2013-04-27</FirstAired>
  <GuestStars></GuestStars>
  <IMDB_ID></IMDB_ID>
  <Language>en</Language>
  <Overview></Overview>
  <ProductionCode></ProductionCode>
  <Rating></Rating>
  <RatingCount>0</RatingCount>
  <SeasonNumber>1</SeasonNumber>
  <Writer></Writer>
  <absolute_number></absolute_number>
  <filename></filename>
  <lastupdated>1365529011</lastupdated>
  <seasonid>495508</seasonid>
  <seriesid>260315</seriesid>
</Episode>
<Episode>
  <id>4536412</id>
  <Combined_episodenumber>6</Combined_episodenumber>
  <Combined_season>1</Combined_season>
  <DVD_chapter></DVD_chapter>
  <DVD_discid></DVD_discid>
  <DVD_episodenumber></DVD_episodenumber>
  <DVD_season></DVD_season>
  <Director></Director>
  <EpImgFlag></EpImgFlag>
  <EpisodeName>Variations Under Domestication</EpisodeName>
  <EpisodeNumber>6</EpisodeNumber>
  <FirstAired>2013-05-04</FirstAired>
  <GuestStars></GuestStars>
  <IMDB_ID></IMDB_ID>
  <Language>en</Language>
  <Overview></Overview>
  <ProductionCode></ProductionCode>
  <Rating></Rating>
  <RatingCount>0</RatingCount>
  <SeasonNumber>1</SeasonNumber>
  <Writer></Writer>
  <absolute_number></absolute_number>
  <filename></filename>
  <lastupdated>1365529024</lastupdated>
  <seasonid>495508</seasonid>
  <seriesid>260315</seriesid>
</Episode>
<Episode>
  <id>4536413</id>
  <Combined_episodenumber>7</Combined_episodenumber>
  <Combined_season>1</Combined_season>
  <DVD_chapter></DVD_chapter>
  <DVD_discid></DVD_discid>
  <DVD_episodenumber></DVD_episodenumber>
  <DVD_season></DVD_season>
  <Director></Director>
  <EpImgFlag></EpImgFlag>
  <EpisodeName>Parts Developed in an Unusual Manner</EpisodeName>
  <EpisodeNumber>7</EpisodeNumber>
  <FirstAired>2013-05-11</FirstAired>
  <GuestStars></GuestStars>
  <IMDB_ID></IMDB_ID>
  <Language>en</Language>
  <Overview></Overview>
  <ProductionCode></ProductionCode>
  <Rating></Rating>
  <RatingCount>0</RatingCount>
  <SeasonNumber>1</SeasonNumber>
  <Writer></Writer>
  <absolute_number></absolute_number>
  <filename></filename>
  <lastupdated>1365529033</lastupdated>
  <seasonid>495508</seasonid>
  <seriesid>260315</seriesid>
</Episode>
<Episode>
  <id>4536414</id>
  <Combined_episodenumber>8</Combined_episodenumber>
  <Combined_season>1</Combined_season>
  <DVD_chapter></DVD_chapter>
  <DVD_discid></DVD_discid>
  <DVD_episodenumber></DVD_episodenumber>
  <DVD_season></DVD_season>
  <Director></Director>
  <EpImgFlag></EpImgFlag>
  <EpisodeName>TBC</EpisodeName>
  <EpisodeNumber>8</EpisodeNumber>
  <FirstAired>2013-05-18</FirstAired>
  <GuestStars></GuestStars>
  <IMDB_ID></IMDB_ID>
  <Language>en</Language>
  <Overview></Overview>
  <ProductionCode></ProductionCode>
  <Rating></Rating>
  <RatingCount>0</RatingCount>
  <SeasonNumber>1</SeasonNumber>
  <Writer></Writer>
  <absolute_number></absolute_number>
  <filename></filename>
  <lastupdated>1364727729</lastupdated>
  <seasonid>495508</seasonid>
  <seriesid>260315</seriesid>
</Episode>
<Episode>
  <id>4536415</id>
  <Combined_episodenumber>9</Combined_episodenumber>
  <Combined_season>1</Combined_season>
  <DVD_chapter></DVD_chapter>
  <DVD_discid></DVD_discid>
  <DVD_episodenumber></DVD_episodenumber>
  <DVD_season></DVD_season>
  <Director></Director>
  <EpImgFlag></EpImgFlag>
  <EpisodeName>TBC</EpisodeName>
  <EpisodeNumber>9</EpisodeNumber>
  <FirstAired>2013-05-25</FirstAired>
  <GuestStars></GuestStars>
  <IMDB_ID></IMDB_ID>
  <Language>en</Language>
  <Overview></Overview>
  <ProductionCode></ProductionCode>
  <Rating></Rating>
  <RatingCount>0</RatingCount>
  <SeasonNumber>1</SeasonNumber>
  <Writer></Writer>
  <absolute_number></absolute_number>
  <filename></filename>
  <lastupdated>1365529061</lastupdated>
  <seasonid>495508</seasonid>
  <seriesid>260315</seriesid>
</Episode>
<Episode>
  <id>4536416</id>
  <Combined_episodenumber>10</Combined_episodenumber>
  <Combined_season>1</Combined_season>
  <DVD_chapter></DVD_chapter>
  <DVD_discid></DVD_discid>
  <DVD_episodenumber></DVD_episodenumber>
  <DVD_season></DVD_season>
  <Director></Director>
  <EpImgFlag></EpImgFlag>
  <EpisodeName>TBC</EpisodeName>
  <EpisodeNumber>10</EpisodeNumber>
  <FirstAired>2013-06-01</FirstAired>
  <GuestStars></GuestStars>
  <IMDB_ID></IMDB_ID>
  <Language>en</Language>
  <Overview></Overview>
  <ProductionCode></ProductionCode>
  <Rating></Rating>
  <RatingCount>0</RatingCount>
  <SeasonNumber>1</SeasonNumber>
  <Writer></Writer>
  <absolute_number></absolute_number>
  <filename></filename>
  <lastupdated>1365529073</lastupdated>
  <seasonid>495508</seasonid>
  <seriesid>260315</seriesid>
</Episode>
</Data>