<?xml version="1.0" encoding="UTF-8" ?>
<Actors>
<Actor>
  <id>73962</id>
  <Image>actors/73962.jpg</Image>
  <Name>Kate Walsh</Name>
  <Role>Dr. Addison Forbes Montgomery</Role>
  <SortOrder>0</SortOrder>
</Actor>
<Actor>
  <id>73961</id>
  <Image>actors/73961.jpg</Image>
  <Name>Timothy Daly</Name>
  <Role>Dr. Pete Wilder</Role>
  <SortOrder>1</SortOrder>
</Actor>
<Actor>
  <id>78055</id>
  <Image>actors/78055.jpg</Image>
  <Name>Audra McDonald</Name>
  <Role>Dr. Naomi Bennett</Role>
  <SortOrder>2</SortOrder>
</Actor>
<Actor>
  <id>73965</id>
  <Image>actors/73965.jpg</Image>
  <Name>Kadee Strickland</Name>
  <Role>Dr. Charlotte King</Role>
  <SortOrder>3</SortOrder>
</Actor>
<Actor>
  <id>73963</id>
  <Image>actors/73963.jpg</Image>
  <Name>Taye Diggs</Name>
  <Role>Dr. Sam Bennett</Role>
  <SortOrder>3</SortOrder>
</Actor>
<Actor>
  <id>73960</id>
  <Image>actors/73960.jpg</Image>
  <Name>Paul Adelstein</Name>
  <Role>Dr. Cooper Freedman</Role>
  <SortOrder>3</SortOrder>
</Actor>
<Actor>
  <id>73959</id>
  <Image>actors/73959.jpg</Image>
  <Name>Amy Brenneman</Name>
  <Role>Dr. Violet Turner</Role>
  <SortOrder>3</SortOrder>
</Actor>
<Actor>
  <id>73958</id>
  <Image>actors/73958.jpg</Image>
  <Name>Chris Lowell</Name>
  <Role>William &quot;Dell&quot; Parker</Role>
  <SortOrder>3</SortOrder>
</Actor>
<Actor>
  <id>262151</id>
  <Image>actors/262151.jpg</Image>
  <Name>Caterina Scorsone</Name>
  <Role>Dr. Amelia Shepherd</Role>
  <SortOrder>3</SortOrder>
</Actor>
<Actor>
  <id>278581</id>
  <Image></Image>
  <Name>Brian Benben</Name>
  <Role>Dr. Sheldon Wallace</Role>
  <SortOrder>3</SortOrder>
</Actor>
</Actors>