<?xml version="1.0" encoding="UTF-8" ?>
<Banners>
<Banner>
  <id>676331</id>
  <BannerPath>fanart/original/80542-5.jpg</BannerPath>
  <BannerType>fanart</BannerType>
  <BannerType2>1920x1080</BannerType2>
  <Colors></Colors>
  <Language>en</Language>
  <Rating>8.5000</Rating>
  <RatingCount>6</RatingCount>
  <SeriesName>false</SeriesName>
  <ThumbnailPath>_cache/fanart/original/80542-5.jpg</ThumbnailPath>
  <VignettePath>fanart/vignette/80542-5.jpg</VignettePath>
</Banner>
<Banner>
  <id>190701</id>
  <BannerPath>fanart/original/80542-9.jpg</BannerPath>
  <BannerType>fanart</BannerType>
  <BannerType2>1280x720</BannerType2>
  <Colors></Colors>
  <Language>en</Language>
  <Rating>8.0000</Rating>
  <RatingCount>2</RatingCount>
  <SeriesName>true</SeriesName>
  <ThumbnailPath>_cache/fanart/original/80542-9.jpg</ThumbnailPath>
  <VignettePath>fanart/vignette/80542-9.jpg</VignettePath>
</Banner>
<Banner>
  <id>241721</id>
  <BannerPath>fanart/original/80542-13.jpg</BannerPath>
  <BannerType>fanart</BannerType>
  <BannerType2>1920x1080</BannerType2>
  <Colors></Colors>
  <Language>en</Language>
  <Rating>7.7500</Rating>
  <RatingCount>4</RatingCount>
  <SeriesName>false</SeriesName>
  <ThumbnailPath>_cache/fanart/original/80542-13.jpg</ThumbnailPath>
  <VignettePath>fanart/vignette/80542-13.jpg</VignettePath>
</Banner>
<Banner>
  <id>381351</id>
  <BannerPath>fanart/original/80542-14.jpg</BannerPath>
  <BannerType>fanart</BannerType>
  <BannerType2>1920x1080</BannerType2>
  <Colors></Colors>
  <Language>fr</Language>
  <Rating>7.0000</Rating>
  <RatingCount>3</RatingCount>
  <SeriesName>false</SeriesName>
  <ThumbnailPath>_cache/fanart/original/80542-14.jpg</ThumbnailPath>
  <VignettePath>fanart/vignette/80542-14.jpg</VignettePath>
</Banner>
<Banner>
  <id>618151</id>
  <BannerPath>fanart/original/80542-12.jpg</BannerPath>
  <BannerType>fanart</BannerType>
  <BannerType2>1920x1080</BannerType2>
  <Colors></Colors>
  <Language>de</Language>
  <Rating>7.0000</Rating>
  <RatingCount>3</RatingCount>
  <SeriesName>false</SeriesName>
  <ThumbnailPath>_cache/fanart/original/80542-12.jpg</ThumbnailPath>
  <VignettePath>fanart/vignette/80542-12.jpg</VignettePath>
</Banner>
<Banner>
  <id>20177</id>
  <BannerPath>fanart/original/80542-1.jpg</BannerPath>
  <BannerType>fanart</BannerType>
  <BannerType2>1920x1080</BannerType2>
  <Colors>|164,200,188|58,67,82|191,156,88|</Colors>
  <Language>en</Language>
  <Rating>6.6667</Rating>
  <RatingCount>3</RatingCount>
  <SeriesName>false</SeriesName>
  <ThumbnailPath>_cache/fanart/original/80542-1.jpg</ThumbnailPath>
  <VignettePath>fanart/vignette/80542-1.jpg</VignettePath>
</Banner>
<Banner>
  <id>676341</id>
  <BannerPath>fanart/original/80542-16.jpg</BannerPath>
  <BannerType>fanart</BannerType>
  <BannerType2>1920x1080</BannerType2>
  <Colors></Colors>
  <Language>de</Language>
  <Rating>6.4000</Rating>
  <RatingCount>5</RatingCount>
  <SeriesName>false</SeriesName>
  <ThumbnailPath>_cache/fanart/original/80542-16.jpg</ThumbnailPath>
  <VignettePath>fanart/vignette/80542-16.jpg</VignettePath>
</Banner>
<Banner>
  <id>66071</id>
  <BannerPath>fanart/original/80542-6.jpg</BannerPath>
  <BannerType>fanart</BannerType>
  <BannerType2>1280x720</BannerType2>
  <Colors></Colors>
  <Language>en</Language>
  <Rating>5.5000</Rating>
  <RatingCount>4</RatingCount>
  <SeriesName>false</SeriesName>
  <ThumbnailPath>_cache/fanart/original/80542-6.jpg</ThumbnailPath>
  <VignettePath>fanart/vignette/80542-6.jpg</VignettePath>
</Banner>
<Banner>
  <id>190731</id>
  <BannerPath>fanart/original/80542-11.jpg</BannerPath>
  <BannerType>fanart</BannerType>
  <BannerType2>1280x720</BannerType2>
  <Colors></Colors>
  <Language>en</Language>
  <Rating>5.0000</Rating>
  <RatingCount>2</RatingCount>
  <SeriesName>true</SeriesName>
  <ThumbnailPath>_cache/fanart/original/80542-11.jpg</ThumbnailPath>
  <VignettePath>fanart/vignette/80542-11.jpg</VignettePath>
</Banner>
<Banner>
  <id>190721</id>
  <BannerPath>fanart/original/80542-10.jpg</BannerPath>
  <BannerType>fanart</BannerType>
  <BannerType2>1280x720</BannerType2>
  <Colors></Colors>
  <Language>en</Language>
  <Rating>4.5000</Rating>
  <RatingCount>2</RatingCount>
  <SeriesName>true</SeriesName>
  <ThumbnailPath>_cache/fanart/original/80542-10.jpg</ThumbnailPath>
  <VignettePath>fanart/vignette/80542-10.jpg</VignettePath>
</Banner>
<Banner>
  <id>676291</id>
  <BannerPath>fanart/original/80542-15.jpg</BannerPath>
  <BannerType>fanart</BannerType>
  <BannerType2>1920x1080</BannerType2>
  <Colors></Colors>
  <Language>de</Language>
  <Rating>4.0000</Rating>
  <RatingCount>3</RatingCount>
  <SeriesName>false</SeriesName>
  <ThumbnailPath>_cache/fanart/original/80542-15.jpg</ThumbnailPath>
  <VignettePath>fanart/vignette/80542-15.jpg</VignettePath>
</Banner>
<Banner>
  <id>21651</id>
  <BannerPath>fanart/original/80542-3.jpg</BannerPath>
  <BannerType>fanart</BannerType>
  <BannerType2>1280x720</BannerType2>
  <Colors>|251,251,241|29,29,29|59,41,21|</Colors>
  <Language>en</Language>
  <Rating></Rating>
  <RatingCount>0</RatingCount>
  <SeriesName>false</SeriesName>
  <ThumbnailPath>_cache/fanart/original/80542-3.jpg</ThumbnailPath>
  <VignettePath>fanart/vignette/80542-3.jpg</VignettePath>
</Banner>
<Banner>
  <id>25064</id>
  <BannerPath>fanart/original/80542-4.jpg</BannerPath>
  <BannerType>fanart</BannerType>
  <BannerType2>1920x1080</BannerType2>
  <Colors></Colors>
  <Language>en</Language>
  <Rating></Rating>
  <RatingCount>0</RatingCount>
  <SeriesName>false</SeriesName>
  <ThumbnailPath>_cache/fanart/original/80542-4.jpg</ThumbnailPath>
  <VignettePath>fanart/vignette/80542-4.jpg</VignettePath>
</Banner>
<Banner>
  <id>21650</id>
  <BannerPath>fanart/original/80542-2.jpg</BannerPath>
  <BannerType>fanart</BannerType>
  <BannerType2>1280x720</BannerType2>
  <Colors>|255,240,243|38,29,20|190,157,104|</Colors>
  <Language>en</Language>
  <Rating></Rating>
  <RatingCount>0</RatingCount>
  <SeriesName>false</SeriesName>
  <ThumbnailPath>_cache/fanart/original/80542-2.jpg</ThumbnailPath>
  <VignettePath>fanart/vignette/80542-2.jpg</VignettePath>
</Banner>
<Banner>
  <id>131361</id>
  <BannerPath>fanart/original/80542-8.jpg</BannerPath>
  <BannerType>fanart</BannerType>
  <BannerType2>1920x1080</BannerType2>
  <Colors></Colors>
  <Language>de</Language>
  <Rating></Rating>
  <RatingCount>0</RatingCount>
  <SeriesName>false</SeriesName>
  <ThumbnailPath>_cache/fanart/original/80542-8.jpg</ThumbnailPath>
  <VignettePath>fanart/vignette/80542-8.jpg</VignettePath>
</Banner>
<Banner>
  <id>884021</id>
  <BannerPath>fanart/original/80542-19.jpg</BannerPath>
  <BannerType>fanart</BannerType>
  <BannerType2>1920x1080</BannerType2>
  <Colors></Colors>
  <Language>en</Language>
  <Rating></Rating>
  <RatingCount>0</RatingCount>
  <SeriesName>false</SeriesName>
  <ThumbnailPath>_cache/fanart/original/80542-19.jpg</ThumbnailPath>
  <VignettePath>fanart/vignette/80542-19.jpg</VignettePath>
</Banner>
<Banner>
  <id>876545</id>
  <BannerPath>fanart/original/80542-17.jpg</BannerPath>
  <BannerType>fanart</BannerType>
  <BannerType2>1920x1080</BannerType2>
  <Colors></Colors>
  <Language>en</Language>
  <Rating></Rating>
  <RatingCount>0</RatingCount>
  <SeriesName>false</SeriesName>
  <ThumbnailPath>_cache/fanart/original/80542-17.jpg</ThumbnailPath>
  <VignettePath>fanart/vignette/80542-17.jpg</VignettePath>
</Banner>
<Banner>
  <id>876549</id>
  <BannerPath>fanart/original/80542-18.jpg</BannerPath>
  <BannerType>fanart</BannerType>
  <BannerType2>1920x1080</BannerType2>
  <Colors></Colors>
  <Language>en</Language>
  <Rating></Rating>
  <RatingCount>0</RatingCount>
  <SeriesName>false</SeriesName>
  <ThumbnailPath>_cache/fanart/original/80542-18.jpg</ThumbnailPath>
  <VignettePath>fanart/vignette/80542-18.jpg</VignettePath>
</Banner>
<Banner>
  <id>927579</id>
  <BannerPath>fanart/original/80542-21.jpg</BannerPath>
  <BannerType>fanart</BannerType>
  <BannerType2>1920x1080</BannerType2>
  <Colors></Colors>
  <Language>en</Language>
  <Rating></Rating>
  <RatingCount>0</RatingCount>
  <SeriesName>false</SeriesName>
  <ThumbnailPath>_cache/fanart/original/80542-21.jpg</ThumbnailPath>
  <VignettePath>fanart/vignette/80542-21.jpg</VignettePath>
</Banner>
<Banner>
  <id>98961</id>
  <BannerPath>fanart/original/80542-7.jpg</BannerPath>
  <BannerType>fanart</BannerType>
  <BannerType2>1280x720</BannerType2>
  <Colors></Colors>
  <Language>en</Language>
  <Rating></Rating>
  <RatingCount>0</RatingCount>
  <SeriesName>false</SeriesName>
  <ThumbnailPath>_cache/fanart/original/80542-7.jpg</ThumbnailPath>
  <VignettePath>fanart/vignette/80542-7.jpg</VignettePath>
</Banner>
<Banner>
  <id>890838</id>
  <BannerPath>fanart/original/80542-20.jpg</BannerPath>
  <BannerType>fanart</BannerType>
  <BannerType2>1920x1080</BannerType2>
  <Colors></Colors>
  <Language>en</Language>
  <Rating></Rating>
  <RatingCount>0</RatingCount>
  <SeriesName>false</SeriesName>
  <ThumbnailPath>_cache/fanart/original/80542-20.jpg</ThumbnailPath>
  <VignettePath>fanart/vignette/80542-20.jpg</VignettePath>
</Banner>
<Banner>
  <id>884011</id>
  <BannerPath>posters/80542-5.jpg</BannerPath>
  <BannerType>poster</BannerType>
  <BannerType2>680x1000</BannerType2>
  <Language>en</Language>
  <Rating>8.5000</Rating>
  <RatingCount>2</RatingCount>
</Banner>
<Banner>
  <id>397351</id>
  <BannerPath>posters/80542-3.jpg</BannerPath>
  <BannerType>poster</BannerType>
  <BannerType2>680x1000</BannerType2>
  <Language>en</Language>
  <Rating>8.5000</Rating>
  <RatingCount>2</RatingCount>
</Banner>
<Banner>
  <id>35323</id>
  <BannerPath>posters/80542-1.jpg</BannerPath>
  <BannerType>poster</BannerType>
  <BannerType2>680x1000</BannerType2>
  <Language>en</Language>
  <Rating>8.0000</Rating>
  <RatingCount>2</RatingCount>
</Banner>
<Banner>
  <id>676311</id>
  <BannerPath>posters/80542-4.jpg</BannerPath>
  <BannerType>poster</BannerType>
  <BannerType2>680x1000</BannerType2>
  <Language>en</Language>
  <Rating>6.3333</Rating>
  <RatingCount>3</RatingCount>
</Banner>
<Banner>
  <id>377931</id>
  <BannerPath>posters/80542-2.jpg</BannerPath>
  <BannerType>poster</BannerType>
  <BannerType2>680x1000</BannerType2>
  <Language>en</Language>
  <Rating>2.0000</Rating>
  <RatingCount>1</RatingCount>
</Banner>
<Banner>
  <id>938568</id>
  <BannerPath>posters/80542-6.jpg</BannerPath>
  <BannerType>poster</BannerType>
  <BannerType2>680x1000</BannerType2>
  <Language>en</Language>
  <Rating></Rating>
  <RatingCount>0</RatingCount>
</Banner>
<Banner>
  <id>250731</id>
  <BannerPath>seasons/80542-1-2.jpg</BannerPath>
  <BannerType>season</BannerType>
  <BannerType2>season</BannerType2>
  <Language>en</Language>
  <Rating>10.0000</Rating>
  <RatingCount>2</RatingCount>
  <Season>1</Season>
</Banner>
<Banner>
  <id>636011</id>
  <BannerPath>seasons/80542-3-3.jpg</BannerPath>
  <BannerType>season</BannerType>
  <BannerType2>season</BannerType2>
  <Language>en</Language>
  <Rating>10.0000</Rating>
  <RatingCount>2</RatingCount>
  <Season>3</Season>
</Banner>
<Banner>
  <id>949908</id>
  <BannerPath>seasons/80542-6-3.jpg</BannerPath>
  <BannerType>season</BannerType>
  <BannerType2>season</BannerType2>
  <Language>en</Language>
  <Rating>10.0000</Rating>
  <RatingCount>1</RatingCount>
  <Season>6</Season>
</Banner>
<Banner>
  <id>16257</id>
  <BannerPath>seasons/80542-1.jpg</BannerPath>
  <BannerType>season</BannerType>
  <BannerType2>season</BannerType2>
  <Language>en</Language>
  <Rating>10.0000</Rating>
  <RatingCount>1</RatingCount>
  <Season>1</Season>
</Banner>
<Banner>
  <id>250741</id>
  <BannerPath>seasons/80542-2.jpg</BannerPath>
  <BannerType>season</BannerType>
  <BannerType2>season</BannerType2>
  <Language>en</Language>
  <Rating>10.0000</Rating>
  <RatingCount>3</RatingCount>
  <Season>2</Season>
</Banner>
<Banner>
  <id>397361</id>
  <BannerPath>seasons/80542-3-2.jpg</BannerPath>
  <BannerType>season</BannerType>
  <BannerType2>season</BannerType2>
  <Language>en</Language>
  <Rating>8.6667</Rating>
  <RatingCount>3</RatingCount>
  <Season>3</Season>
</Banner>
<Banner>
  <id>862398</id>
  <BannerPath>seasons/80542-4-2.jpg</BannerPath>
  <BannerType>season</BannerType>
  <BannerType2>season</BannerType2>
  <Language>en</Language>
  <Rating>8.5000</Rating>
  <RatingCount>6</RatingCount>
  <Season>4</Season>
</Banner>
<Banner>
  <id>907740</id>
  <BannerPath>seasons/80542-5-2.jpg</BannerPath>
  <BannerType>season</BannerType>
  <BannerType2>season</BannerType2>
  <Language>en</Language>
  <Rating>7.5000</Rating>
  <RatingCount>6</RatingCount>
  <Season>5</Season>
</Banner>
<Banner>
  <id>897914</id>
  <BannerPath>seasons/80542-5.jpg</BannerPath>
  <BannerType>season</BannerType>
  <BannerType2>season</BannerType2>
  <Language>en</Language>
  <Rating>6.2500</Rating>
  <RatingCount>4</RatingCount>
  <Season>5</Season>
</Banner>
<Banner>
  <id>928372</id>
  <BannerPath>seasons/80542-6.jpg</BannerPath>
  <BannerType>season</BannerType>
  <BannerType2>season</BannerType2>
  <Language>en</Language>
  <Rating></Rating>
  <RatingCount>0</RatingCount>
  <Season>6</Season>
</Banner>
<Banner>
  <id>949907</id>
  <BannerPath>seasons/80542-6-2.jpg</BannerPath>
  <BannerType>season</BannerType>
  <BannerType2>season</BannerType2>
  <Language>en</Language>
  <Rating></Rating>
  <RatingCount>0</RatingCount>
  <Season>6</Season>
</Banner>
<Banner>
  <id>708351</id>
  <BannerPath>seasons/80542-4.jpg</BannerPath>
  <BannerType>season</BannerType>
  <BannerType2>season</BannerType2>
  <Language>en</Language>
  <Rating></Rating>
  <RatingCount>0</RatingCount>
  <Season>4</Season>
</Banner>
<Banner>
  <id>36013</id>
  <BannerPath>seasons/80542-2-2.jpg</BannerPath>
  <BannerType>season</BannerType>
  <BannerType2>season</BannerType2>
  <Language>en</Language>
  <Rating></Rating>
  <RatingCount>0</RatingCount>
  <Season>2</Season>
</Banner>
<Banner>
  <id>377901</id>
  <BannerPath>seasons/80542-2-3.jpg</BannerPath>
  <BannerType>season</BannerType>
  <BannerType2>season</BannerType2>
  <Language>de</Language>
  <Rating></Rating>
  <RatingCount>0</RatingCount>
  <Season>2</Season>
</Banner>
<Banner>
  <id>250751</id>
  <BannerPath>seasons/80542-3.jpg</BannerPath>
  <BannerType>season</BannerType>
  <BannerType2>season</BannerType2>
  <Language>en</Language>
  <Rating></Rating>
  <RatingCount>0</RatingCount>
  <Season>3</Season>
</Banner>
<Banner>
  <id>377891</id>
  <BannerPath>seasons/80542-1-3.jpg</BannerPath>
  <BannerType>season</BannerType>
  <BannerType2>season</BannerType2>
  <Language>de</Language>
  <Rating></Rating>
  <RatingCount>0</RatingCount>
  <Season>1</Season>
</Banner>
<Banner>
  <id>689361</id>
  <BannerPath>seasonswide/80542-4.jpg</BannerPath>
  <BannerType>season</BannerType>
  <BannerType2>seasonwide</BannerType2>
  <Language>de</Language>
  <Rating>10.0000</Rating>
  <RatingCount>1</RatingCount>
  <Season>4</Season>
</Banner>
<Banner>
  <id>450751</id>
  <BannerPath>seasonswide/80542-2.jpg</BannerPath>
  <BannerType>season</BannerType>
  <BannerType2>seasonwide</BannerType2>
  <Language>de</Language>
  <Rating>10.0000</Rating>
  <RatingCount>1</RatingCount>
  <Season>2</Season>
</Banner>
<Banner>
  <id>450761</id>
  <BannerPath>seasonswide/80542-3.jpg</BannerPath>
  <BannerType>season</BannerType>
  <BannerType2>seasonwide</BannerType2>
  <Language>de</Language>
  <Rating>10.0000</Rating>
  <RatingCount>1</RatingCount>
  <Season>3</Season>
</Banner>
<Banner>
  <id>450741</id>
  <BannerPath>seasonswide/80542-1.jpg</BannerPath>
  <BannerType>season</BannerType>
  <BannerType2>seasonwide</BannerType2>
  <Language>de</Language>
  <Rating>10.0000</Rating>
  <RatingCount>1</RatingCount>
  <Season>1</Season>
</Banner>
<Banner>
  <id>902311</id>
  <BannerPath>seasonswide/80542-5-2.jpg</BannerPath>
  <BannerType>season</BannerType>
  <BannerType2>seasonwide</BannerType2>
  <Language>de</Language>
  <Rating>10.0000</Rating>
  <RatingCount>1</RatingCount>
  <Season>5</Season>
</Banner>
<Banner>
  <id>890794</id>
  <BannerPath>seasonswide/80542-5.jpg</BannerPath>
  <BannerType>season</BannerType>
  <BannerType2>seasonwide</BannerType2>
  <Language>en</Language>
  <Rating>1.0000</Rating>
  <RatingCount>1</RatingCount>
  <Season>5</Season>
</Banner>
<Banner>
  <id>928504</id>
  <BannerPath>seasonswide/80542-6-2.jpg</BannerPath>
  <BannerType>season</BannerType>
  <BannerType2>seasonwide</BannerType2>
  <Language>en</Language>
  <Rating></Rating>
  <RatingCount>0</RatingCount>
  <Season>6</Season>
</Banner>
<Banner>
  <id>922260</id>
  <BannerPath>seasonswide/80542-6.jpg</BannerPath>
  <BannerType>season</BannerType>
  <BannerType2>seasonwide</BannerType2>
  <Language>de</Language>
  <Rating></Rating>
  <RatingCount>0</RatingCount>
  <Season>6</Season>
</Banner>
<Banner>
  <id>450731</id>
  <BannerPath>seasonswide/80542-0.jpg</BannerPath>
  <BannerType>season</BannerType>
  <BannerType2>seasonwide</BannerType2>
  <Language>de</Language>
  <Rating></Rating>
  <RatingCount>0</RatingCount>
  <Season>0</Season>
</Banner>
<Banner>
  <id>483061</id>
  <BannerPath>graphical/80542-g7.jpg</BannerPath>
  <BannerType>series</BannerType>
  <BannerType2>graphical</BannerType2>
  <Language>en</Language>
  <Rating>8.6667</Rating>
  <RatingCount>3</RatingCount>
</Banner>
<Banner>
  <id>44161</id>
  <BannerPath>graphical/80542-g4.jpg</BannerPath>
  <BannerType>series</BannerType>
  <BannerType2>graphical</BannerType2>
  <Language>en</Language>
  <Rating>8.0000</Rating>
  <RatingCount>1</RatingCount>
</Banner>
<Banner>
  <id>16128</id>
  <BannerPath>graphical/80542-g2.jpg</BannerPath>
  <BannerType>series</BannerType>
  <BannerType2>graphical</BannerType2>
  <Language>en</Language>
  <Rating>6.8000</Rating>
  <RatingCount>5</RatingCount>
</Banner>
<Banner>
  <id>482821</id>
  <BannerPath>graphical/80542-g6.jpg</BannerPath>
  <BannerType>series</BannerType>
  <BannerType2>graphical</BannerType2>
  <Language>en</Language>
  <Rating>6.5000</Rating>
  <RatingCount>2</RatingCount>
</Banner>
<Banner>
  <id>16243</id>
  <BannerPath>graphical/80542-g3.jpg</BannerPath>
  <BannerType>series</BannerType>
  <BannerType2>graphical</BannerType2>
  <Language>en</Language>
  <Rating>6.2500</Rating>
  <RatingCount>4</RatingCount>
</Banner>
<Banner>
  <id>16120</id>
  <BannerPath>graphical/80542-g.jpg</BannerPath>
  <BannerType>series</BannerType>
  <BannerType2>graphical</BannerType2>
  <Language>en</Language>
  <Rating>5.0000</Rating>
  <RatingCount>5</RatingCount>
</Banner>
<Banner>
  <id>431941</id>
  <BannerPath>graphical/80542-g5.jpg</BannerPath>
  <BannerType>series</BannerType>
  <BannerType2>graphical</BannerType2>
  <Language>en</Language>
  <Rating></Rating>
  <RatingCount>0</RatingCount>
</Banner>
<Banner>
  <id>883404</id>
  <BannerPath>graphical/80542-g8.jpg</BannerPath>
  <BannerType>series</BannerType>
  <BannerType2>graphical</BannerType2>
  <Language>en</Language>
  <Rating></Rating>
  <RatingCount>0</RatingCount>
</Banner>
</Banners>