<?xml version="1.0" encoding="UTF-8" ?>
<Actors>
<Actor>
  <id>298132</id>
  <Image>actors/298132.jpg</Image>
  <Name>Matthew Davis</Name>
  <Role>Jeff Sefton</Role>
  <SortOrder>0</SortOrder>
</Actor>
<Actor>
  <id>305394</id>
  <Image>actors/305394.jpg</Image>
  <Name>Jessica Lucas</Name>
  <Role>Skye Yarrow</Role>
  <SortOrder>1</SortOrder>
</Actor>
<Actor>
  <id>298134</id>
  <Image>actors/298134.jpg</Image>
  <Name>Robert Knepper</Name>
  <Role>Billy Grimm</Role>
  <SortOrder>2</SortOrder>
</Actor>
<Actor>
  <id>298133</id>
  <Image>actors/298133.jpg</Image>
  <Name>Alona Tal</Name>
  <Role>Kelly Collins</Role>
  <SortOrder>2</SortOrder>
</Actor>
</Actors>