<?xml version="1.0" encoding="UTF-8" ?>
<Data><Series>
  <id>258540</id>
  <Actors>|Matthew Davis|Jessica Lucas|Robert Knepper|Alona Tal|</Actors>
  <Airs_DayOfWeek>Friday</Airs_DayOfWeek>
  <Airs_Time>9:00 PM</Airs_Time>
  <ContentRating>TV-14</ContentRating>
  <FirstAired>2013-02-19</FirstAired>
  <Genre>|Drama|</Genre>
  <IMDB_ID>tt2193053</IMDB_ID>
  <Language>en</Language>
  <Network>The CW</Network>
  <NetworkID></NetworkID>
  <Overview> After a rash of disappearances and a likely murder, an inquisitive, young female production assistant on a wildly popular television show called Cult joins a journalist blogger in investigating the rabid fans of the series who might be re-creating crimes seen on the program, in real life.</Overview>
  <Rating>9.5</Rating>
  <RatingCount>2</RatingCount>
  <Runtime>60</Runtime>
  <SeriesID></SeriesID>
  <SeriesName>Cult</SeriesName>
  <Status>Continuing</Status>
  <added>2012-04-28 05:04:15</added>
  <addedBy>235</addedBy>
  <banner>graphical/258540-g.jpg</banner>
  <fanart>fanart/original/258540-2.jpg</fanart>
  <lastupdated>1365509528</lastupdated>
  <poster>posters/258540-4.jpg</poster>
  <zap2it_id></zap2it_id>
</Series>
<Episode>
  <id>4316128</id>
  <Combined_episodenumber>1</Combined_episodenumber>
  <Combined_season>1</Combined_season>
  <DVD_chapter></DVD_chapter>
  <DVD_discid></DVD_discid>
  <DVD_episodenumber></DVD_episodenumber>
  <DVD_season></DVD_season>
  <Director>|Jason Ensler|</Director>
  <EpImgFlag>2</EpImgFlag>
  <EpisodeName>You're Next</EpisodeName>
  <EpisodeNumber>1</EpisodeNumber>
  <FirstAired>2013-02-19</FirstAired>
  <GuestStars>James Pizzinato|Marie Avgeropoulos|Aisha Hinds|Zak Santiago|Kadeem Hardison|Andrew Leeds|Tom Amandes|Rebecca McFarland|</GuestStars>
  <IMDB_ID>tt2210426</IMDB_ID>
  <Language>en</Language>
  <Overview>Investigative journalist Jeff Sefton has learned to laugh off his younger brother Nate's relentless string of obsessions, especially his latest rant that a hit TV show intends to harm him.  However, when his brother mysteriously disappears, Jeff takes Nate's paranoia seriously, and in the process uncovers the dark underworld of the TV series &quot;Cult&quot; and its rabid fans, who are obsessed with the show's charismatic cult leader, Billy Grimm.  As the show's gruesome plot twists begin to play out in the real world, Jeff enlists the help of a young research assistant Skye in a race to save Nate and unravel the mystery behind the TV series whose hardcore fans would literally kill to see what happens next...  </Overview>
  <ProductionCode>276055</ProductionCode>
  <Rating>7.1</Rating>
  <RatingCount>16</RatingCount>
  <SeasonNumber>1</SeasonNumber>
  <Writer>|Rockne S. O’Bannon|</Writer>
  <absolute_number>1</absolute_number>
  <filename>episodes/258540/4316128.jpg</filename>
  <lastupdated>1364145464</lastupdated>
  <seasonid>491155</seasonid>
  <seriesid>258540</seriesid>
</Episode>
<Episode>
  <id>4448844</id>
  <Combined_episodenumber>2</Combined_episodenumber>
  <Combined_season>1</Combined_season>
  <DVD_chapter></DVD_chapter>
  <DVD_discid></DVD_discid>
  <DVD_episodenumber></DVD_episodenumber>
  <DVD_season></DVD_season>
  <Director>Sam Hill</Director>
  <EpImgFlag>1</EpImgFlag>
  <EpisodeName>In the Blood</EpisodeName>
  <EpisodeNumber>2</EpisodeNumber>
  <FirstAired>2013-02-26</FirstAired>
  <GuestStars>Marie Avgeropoulos|Aisha Hinds|Kadeem Hardison|James Pizzinato|Stacey Farber|Ben Hollingsworth|Andrew Leeds|Daren A. Herbert|Chris Nowland|Ingrid Torrance|</GuestStars>
  <IMDB_ID>tt2343470</IMDB_ID>
  <Language>en</Language>
  <Overview>Jeff enlists tech-savvy E.J. to help in his search for his brother Nate. Skye finally reveals to Jeff that she took the researcher job on “Cult” to learn more about Steven Rae. Meanwhile, at the production office, associate producer Peter Grey brushes off Skye’s concerns that some of the “Cult” fans believe there are hidden messages embedded in the show. On the television show, Kelly and Paz discover a body buried vertically, and Kelly believes that this might be a message from Billy.</Overview>
  <ProductionCode>3X7702</ProductionCode>
  <Rating>7.2</Rating>
  <RatingCount>9</RatingCount>
  <SeasonNumber>1</SeasonNumber>
  <Writer>Rockne S. O’Bannon</Writer>
  <absolute_number>2</absolute_number>
  <filename>episodes/258540/4448844.jpg</filename>
  <lastupdated>1364145487</lastupdated>
  <seasonid>491155</seasonid>
  <seriesid>258540</seriesid>
</Episode>
<Episode>
  <id>4448845</id>
  <Combined_episodenumber>3</Combined_episodenumber>
  <Combined_season>1</Combined_season>
  <DVD_chapter></DVD_chapter>
  <DVD_discid></DVD_discid>
  <DVD_episodenumber></DVD_episodenumber>
  <DVD_season></DVD_season>
  <Director>James L. Conway</Director>
  <EpImgFlag>2</EpImgFlag>
  <EpisodeName>Being Billy</EpisodeName>
  <EpisodeNumber>3</EpisodeNumber>
  <FirstAired>2013-03-08</FirstAired>
  <GuestStars>Marie Avgeropoulos|Spencer Locke|Elizabeth Rice|Kadeem Hardison|James Pizzinato|Stacey Farber|Ben Hollingsworth|</GuestStars>
  <IMDB_ID>tt2352852</IMDB_ID>
  <Language>en</Language>
  <Overview>Jeff finds a surprise visitor in Nate’s apartment who tells him about a dangerous on-campus game that Nate had been hosting known as &quot;Being Billy,&quot; which involves role-playing scenes from past &quot;Cult&quot; episodes. Jeff and Skye follow clues that might explain the next scene the players will try to recreate. Meanwhile, E.J. (Stacy Farber) searches Nate’s laptop and finds that he’s been active online and sent a cryptic email to a hidden recipient list. On the television show, Kelly confronts Billy.</Overview>
  <ProductionCode>3X7703</ProductionCode>
  <Rating>7.0</Rating>
  <RatingCount>7</RatingCount>
  <SeasonNumber>1</SeasonNumber>
  <Writer>Megan Martin</Writer>
  <absolute_number>3</absolute_number>
  <filename>episodes/258540/4448845.jpg</filename>
  <lastupdated>1364145512</lastupdated>
  <seasonid>491155</seasonid>
  <seriesid>258540</seriesid>
</Episode>
<Episode>
  <id>4448846</id>
  <Combined_episodenumber>4</Combined_episodenumber>
  <Combined_season>1</Combined_season>
  <DVD_chapter></DVD_chapter>
  <DVD_discid></DVD_discid>
  <DVD_episodenumber></DVD_episodenumber>
  <DVD_season></DVD_season>
  <Director>Rob Hardy</Director>
  <EpImgFlag>3</EpImgFlag>
  <EpisodeName>Get with the Program</EpisodeName>
  <EpisodeNumber>4</EpisodeNumber>
  <FirstAired>2013-03-15</FirstAired>
  <GuestStars>Neelam Khabra|Stacy Farber|Jonathan Holmes|Aisha Hinds|Ona Grauer|</GuestStars>
  <IMDB_ID>tt2383326</IMDB_ID>
  <Language>en</Language>
  <Overview>Jeff tells Skye about Ama, a woman he met on a “Cult” fan site who claims that her husband is missing after becoming obsessed with the show. When they finally meet her, Jeff notices that she has a “Cult” notebook that looks eerily like Nate’s notebook. Ama introduces Jeff and Skye to a man who finds and deprograms cult members. EJ locates an IP address on a disk that could bring Jeff and Skye one step closer to finding Nate. Meanwhile, on the television show, Kelly finds Professor Patrick, the man who deprogrammed her, at Billy’s compound.</Overview>
  <ProductionCode>3X7704</ProductionCode>
  <Rating>7.4</Rating>
  <RatingCount>5</RatingCount>
  <SeasonNumber>1</SeasonNumber>
  <Writer>Craig Gore|Tim Walsh|</Writer>
  <absolute_number>4</absolute_number>
  <filename>episodes/258540/4448846.jpg</filename>
  <lastupdated>1364145535</lastupdated>
  <seasonid>491155</seasonid>
  <seriesid>258540</seriesid>
</Episode>
<Episode>
  <id>4448847</id>
  <Combined_episodenumber>5</Combined_episodenumber>
  <Combined_season>1</Combined_season>
  <DVD_chapter></DVD_chapter>
  <DVD_discid></DVD_discid>
  <DVD_episodenumber></DVD_episodenumber>
  <DVD_season></DVD_season>
  <Director>Tim Hunter</Director>
  <EpImgFlag>2</EpImgFlag>
  <EpisodeName>The Kiss</EpisodeName>
  <EpisodeNumber>5</EpisodeNumber>
  <FirstAired>2013-03-22</FirstAired>
  <GuestStars>Aisha Hinds|Jeffrey Pierce|Marie Avgeropoulos|James Pizzinato|Ben Hollingsworth|Ona Grauer|</GuestStars>
  <IMDB_ID>tt2384986</IMDB_ID>
  <Language>en</Language>
  <Overview>Jeff receives news that one of Nate’s friends might be planning something at an upcoming “Cult” fan costume party, so Jeff and Skye attend the party dressed as Billy and Kelly. At the party, Skye’s drink is spiked with a hallucinogenic drug similar to a drug used on the television show “Cult.” Sakelik warns Jeff that he might be in over his head. Also, at the party, Roger meets a mysterious stranger named Stuart. Meanwhile, on the television show, Kelly marries Billy in a flashback scene.</Overview>
  <ProductionCode>3X7705</ProductionCode>
  <Rating>7.3</Rating>
  <RatingCount>3</RatingCount>
  <SeasonNumber>1</SeasonNumber>
  <Writer>David Kemper|Lindsay Sturman|</Writer>
  <absolute_number>5</absolute_number>
  <filename>episodes/258540/4448847.jpg</filename>
  <lastupdated>1364145551</lastupdated>
  <seasonid>491155</seasonid>
  <seriesid>258540</seriesid>
</Episode>
<Episode>
  <id>4448848</id>
  <Combined_episodenumber>6</Combined_episodenumber>
  <Combined_season>1</Combined_season>
  <DVD_chapter></DVD_chapter>
  <DVD_discid></DVD_discid>
  <DVD_episodenumber></DVD_episodenumber>
  <DVD_season></DVD_season>
  <Director>Martha Coolidge</Director>
  <EpImgFlag>3</EpImgFlag>
  <EpisodeName>The Good Fight</EpisodeName>
  <EpisodeNumber>6</EpisodeNumber>
  <FirstAired>2013-03-29</FirstAired>
  <GuestStars>Aisha Hinds|Obba Babatunde|Stacey Farber|Ona Grauer|Erica Gimpel|</GuestStars>
  <IMDB_ID>tt2426990</IMDB_ID>
  <Language>en</Language>
  <Overview>Skye collapses the morning after the “Cult” fan party, suffering a serious reaction to the drug she was slipped. The doctors urge Jeff to locate a sample of the drug so they can find a way to reverse its effects in order to save Skye’s life. Detective Sakelik arrives at the hospital but refuses to help. Jeff suspects that the drug might be hidden at her place so he takes matters into his own hands. Meanwhile, inside Skye’s hallucinogenic state, Billy, Kelly and Skye’s father Quentin encourage Skye to give up and stop searching for the truth. </Overview>
  <ProductionCode>3X7706</ProductionCode>
  <Rating>7.0</Rating>
  <RatingCount>1</RatingCount>
  <SeasonNumber>1</SeasonNumber>
  <Writer>Megan Lynn|Wade Solomon</Writer>
  <absolute_number>6</absolute_number>
  <filename>episodes/258540/4448848.jpg</filename>
  <lastupdated>1364649296</lastupdated>
  <seasonid>491155</seasonid>
  <seriesid>258540</seriesid>
</Episode>
<Episode>
  <id>4457801</id>
  <Combined_episodenumber>7</Combined_episodenumber>
  <Combined_season>1</Combined_season>
  <DVD_chapter></DVD_chapter>
  <DVD_discid></DVD_discid>
  <DVD_episodenumber></DVD_episodenumber>
  <DVD_season></DVD_season>
  <Director>Nathan Hope</Director>
  <EpImgFlag>2</EpImgFlag>
  <EpisodeName>Suffer the Children</EpisodeName>
  <EpisodeNumber>7</EpisodeNumber>
  <FirstAired>2013-04-05</FirstAired>
  <GuestStars>Aisha Hinds|Brigid Brannagh|Jeffrey Pierce|Stacy Farber|Ben Hollingsworth|</GuestStars>
  <IMDB_ID>tt2425748</IMDB_ID>
  <Language>en</Language>
  <Overview>E.J. slips Jeff a copy of Sakelik’s police personnel file which reveals that Sakelik was taken into custody by Child Protective Services 25 years ago after being found with other abandoned children at a house in Arrowhead. Jeff and Skye locate the house and question the owner, Annabelle. Sakelik tracks Jeff and Skye to the house and they barely escape with their lives. Stuart continues to befriend Roger. Meanwhile, on the television show, Kelly finds a lock of Meadow’s hair in the trunk of Billy’s car.</Overview>
  <ProductionCode>3X7707</ProductionCode>
  <Rating></Rating>
  <RatingCount>0</RatingCount>
  <SeasonNumber>1</SeasonNumber>
  <Writer>Megan Martin</Writer>
  <absolute_number>7</absolute_number>
  <filename>episodes/258540/4457801.jpg</filename>
  <lastupdated>1365509529</lastupdated>
  <seasonid>491155</seasonid>
  <seriesid>258540</seriesid>
</Episode>
<Episode>
  <id>4457802</id>
  <Combined_episodenumber>8</Combined_episodenumber>
  <Combined_season>1</Combined_season>
  <DVD_chapter></DVD_chapter>
  <DVD_discid></DVD_discid>
  <DVD_episodenumber></DVD_episodenumber>
  <DVD_season></DVD_season>
  <Director>Marita Grabiak</Director>
  <EpImgFlag></EpImgFlag>
  <EpisodeName>The Devil You Know</EpisodeName>
  <EpisodeNumber>8</EpisodeNumber>
  <FirstAired>2013-04-12</FirstAired>
  <GuestStars>Aisha Hinds|Erica Gimpel</GuestStars>
  <IMDB_ID>tt2473668</IMDB_ID>
  <Language>en</Language>
  <Overview>Jeff and Skye struggle to find evidence against Sakelik to use as leverage to gain information on Nate. Stuart invites Roger to a weekend getaway at his Santa Barbara estate. Skye has lunch with her mother and the two discuss the past. Meanwhile, on the television show, Kelly strikes a deal with Billy  to get her sister Meadow back. </Overview>
  <ProductionCode>3X7708</ProductionCode>
  <Rating></Rating>
  <RatingCount>0</RatingCount>
  <SeasonNumber>1</SeasonNumber>
  <Writer>Hans Yobeason</Writer>
  <absolute_number>8</absolute_number>
  <filename></filename>
  <lastupdated>1364145691</lastupdated>
  <seasonid>491155</seasonid>
  <seriesid>258540</seriesid>
</Episode>
<Episode>
  <id>4457803</id>
  <Combined_episodenumber>9</Combined_episodenumber>
  <Combined_season>1</Combined_season>
  <DVD_chapter></DVD_chapter>
  <DVD_discid></DVD_discid>
  <DVD_episodenumber></DVD_episodenumber>
  <DVD_season></DVD_season>
  <Director>Thomas Wright</Director>
  <EpImgFlag></EpImgFlag>
  <EpisodeName>Off to See the Wizard</EpisodeName>
  <EpisodeNumber>9</EpisodeNumber>
  <FirstAired>2013-04-19</FirstAired>
  <GuestStars>Christian Michael Cooper</GuestStars>
  <IMDB_ID>tt2472954</IMDB_ID>
  <Language>en</Language>
  <Overview>Jeff and Skye learn about a new initiates meeting of the True Believers. Skye plans to infiltrate the meeting with Jeff following close behind. While Skye and her fellow newbie’s are being driven to the meeting location, Jeff unknowingly follows a decoy vehicle. Meanwhile, on the television show, Kelly suspects that Billy’s followers kidnapped Andy.</Overview>
  <ProductionCode>3X7709</ProductionCode>
  <Rating></Rating>
  <RatingCount>0</RatingCount>
  <SeasonNumber>1</SeasonNumber>
  <Writer>Craig Gore | Tim Walsh | Steven Rae</Writer>
  <absolute_number>9</absolute_number>
  <filename></filename>
  <lastupdated>1365509373</lastupdated>
  <seasonid>491155</seasonid>
  <seriesid>258540</seriesid>
</Episode>
<Episode>
  <id>4457804</id>
  <Combined_episodenumber>10</Combined_episodenumber>
  <Combined_season>1</Combined_season>
  <DVD_chapter></DVD_chapter>
  <DVD_discid></DVD_discid>
  <DVD_episodenumber></DVD_episodenumber>
  <DVD_season></DVD_season>
  <Director>Matt Barber|Thomas Wright</Director>
  <EpImgFlag></EpImgFlag>
  <EpisodeName>The Prophecy of St. Clare</EpisodeName>
  <EpisodeNumber>10</EpisodeNumber>
  <FirstAired>2013-04-26</FirstAired>
  <GuestStars>Shauna Johannesen|Teryl Rothery|Ben Hollingsworth</GuestStars>
  <IMDB_ID>tt2495586</IMDB_ID>
  <Language>en</Language>
  <Overview>On the set of the television show “Cult,” Skye consoles Edie MacDonald, the actress who plays Meadow, after she confesses to being spooked by a pair of figurines she recognizes from her childhood. Jeff and Skye pay a visit to Edie’s mother. Peter continues to spy on Skye. Meanwhile, on the television show, Billy nears his breaking point.</Overview>
  <ProductionCode>3X7710</ProductionCode>
  <Rating></Rating>
  <RatingCount>0</RatingCount>
  <SeasonNumber>1</SeasonNumber>
  <Writer>Lindsay Jewett Sturman</Writer>
  <absolute_number>10</absolute_number>
  <filename></filename>
  <lastupdated>1365118236</lastupdated>
  <seasonid>491155</seasonid>
  <seriesid>258540</seriesid>
</Episode>
<Episode>
  <id>4457805</id>
  <Combined_episodenumber>11</Combined_episodenumber>
  <Combined_season>1</Combined_season>
  <DVD_chapter></DVD_chapter>
  <DVD_discid></DVD_discid>
  <DVD_episodenumber></DVD_episodenumber>
  <DVD_season></DVD_season>
  <Director></Director>
  <EpImgFlag></EpImgFlag>
  <EpisodeName>Flip the Script</EpisodeName>
  <EpisodeNumber>11</EpisodeNumber>
  <FirstAired>2013-05-03</FirstAired>
  <GuestStars></GuestStars>
  <IMDB_ID>tt2513084</IMDB_ID>
  <Language>en</Language>
  <Overview></Overview>
  <ProductionCode>3X7711</ProductionCode>
  <Rating></Rating>
  <RatingCount>0</RatingCount>
  <SeasonNumber>1</SeasonNumber>
  <Writer></Writer>
  <absolute_number>11</absolute_number>
  <filename></filename>
  <lastupdated>1364146378</lastupdated>
  <seasonid>491155</seasonid>
  <seriesid>258540</seriesid>
</Episode>
<Episode>
  <id>4457806</id>
  <Combined_episodenumber>12</Combined_episodenumber>
  <Combined_season>1</Combined_season>
  <DVD_chapter></DVD_chapter>
  <DVD_discid></DVD_discid>
  <DVD_episodenumber></DVD_episodenumber>
  <DVD_season></DVD_season>
  <Director></Director>
  <EpImgFlag></EpImgFlag>
  <EpisodeName>1987</EpisodeName>
  <EpisodeNumber>12</EpisodeNumber>
  <FirstAired>2013-05-10</FirstAired>
  <GuestStars></GuestStars>
  <IMDB_ID>tt2525660</IMDB_ID>
  <Language>en</Language>
  <Overview></Overview>
  <ProductionCode>3X7712</ProductionCode>
  <Rating></Rating>
  <RatingCount>0</RatingCount>
  <SeasonNumber>1</SeasonNumber>
  <Writer></Writer>
  <absolute_number>12</absolute_number>
  <filename></filename>
  <lastupdated>1364146411</lastupdated>
  <seasonid>491155</seasonid>
  <seriesid>258540</seriesid>
</Episode>
<Episode>
  <id>4457807</id>
  <Combined_episodenumber>13</Combined_episodenumber>
  <Combined_season>1</Combined_season>
  <DVD_chapter></DVD_chapter>
  <DVD_discid></DVD_discid>
  <DVD_episodenumber></DVD_episodenumber>
  <DVD_season></DVD_season>
  <Director></Director>
  <EpImgFlag></EpImgFlag>
  <EpisodeName>Executive Producer Steven Rae</EpisodeName>
  <EpisodeNumber>13</EpisodeNumber>
  <FirstAired>2013-05-17</FirstAired>
  <GuestStars></GuestStars>
  <IMDB_ID>tt2529952</IMDB_ID>
  <Language>en</Language>
  <Overview></Overview>
  <ProductionCode>3X7713</ProductionCode>
  <Rating></Rating>
  <RatingCount>0</RatingCount>
  <SeasonNumber>1</SeasonNumber>
  <Writer></Writer>
  <absolute_number>13</absolute_number>
  <filename></filename>
  <lastupdated>1364146445</lastupdated>
  <seasonid>491155</seasonid>
  <seriesid>258540</seriesid>
</Episode>
</Data>