<?xml version="1.0" encoding="UTF-8" ?>
<Actors>
<Actor>
  <id>73758</id>
  <Image>actors/73758.jpg</Image>
  <Name>Eric Johnson</Name>
  <Role>Steven &quot;Flash&quot; Gordon</Role>
  <SortOrder>0</SortOrder>
</Actor>
<Actor>
  <id>73760</id>
  <Image>actors/73760.jpg</Image>
  <Name>Gina Holden</Name>
  <Role>Dale Arden</Role>
  <SortOrder>1</SortOrder>
</Actor>
<Actor>
  <id>73761</id>
  <Image>actors/73761.jpg</Image>
  <Name>Karen Cliche</Name>
  <Role>Baylin</Role>
  <SortOrder>2</SortOrder>
</Actor>
<Actor>
  <id>73762</id>
  <Image>actors/73762.jpg</Image>
  <Name>Jody Racicot</Name>
  <Role>Dr. Hans Zarkov</Role>
  <SortOrder>3</SortOrder>
</Actor>
<Actor>
  <id>73759</id>
  <Image>actors/73759.jpg</Image>
  <Name>John Ralston</Name>
  <Role>Ming</Role>
  <SortOrder>3</SortOrder>
</Actor>
<Actor>
  <id>105571</id>
  <Image>actors/105571.jpg</Image>
  <Name>Jonathan Walker</Name>
  <Role>Rankol</Role>
  <SortOrder>3</SortOrder>
</Actor>
<Actor>
  <id>105561</id>
  <Image>actors/105561.jpg</Image>
  <Name>Anna Van Hooft</Name>
  <Role>Aura</Role>
  <SortOrder>3</SortOrder>
</Actor>
<Actor>
  <id>105591</id>
  <Image></Image>
  <Name>Giles Panton</Name>
  <Role>Joe Wylee</Role>
  <SortOrder>3</SortOrder>
</Actor>
<Actor>
  <id>105581</id>
  <Image></Image>
  <Name>Panou</Name>
  <Role>Nick Gilmore</Role>
  <SortOrder>3</SortOrder>
</Actor>
</Actors>