<?xml version="1.0" encoding="UTF-8" ?>
<Data><Series>
  <id>80441</id>
  <Actors>|Eric Johnson|Gina Holden|Karen Cliche|Jody Racicot|John Ralston|Jonathan Walker|Anna Van Hooft|Giles Panton|Panou|</Actors>
  <Airs_DayOfWeek>Friday</Airs_DayOfWeek>
  <Airs_Time>9:00 PM</Airs_Time>
  <ContentRating>TV-PG</ContentRating>
  <FirstAired>2007-08-10</FirstAired>
  <Genre>|Science-Fiction|</Genre>
  <IMDB_ID>tt0959086</IMDB_ID>
  <Language>en</Language>
  <Network>SciFi</Network>
  <NetworkID></NetworkID>
  <Overview>Placing a 21st century spin on a science fiction classic, SCI FI's contemporized version of Flash Gordon follows the all-new adventures of Flash (Eric Johnson) and his companions, Dale Arden (Gina Holden), Baylin (Karen Cliche) and Dr. Hans Zarkov (Jody Racicot). Ordinary people thrust into extraordinary circumstances, they find themselves as Earth's last line of defense against the forces of the merciless dictator Ming (John Ralston).</Overview>
  <Rating>5.3</Rating>
  <RatingCount>12</RatingCount>
  <Runtime>60</Runtime>
  <SeriesID>71778</SeriesID>
  <SeriesName>Flash Gordon (2007)</SeriesName>
  <Status>Ended</Status>
  <added></added>
  <addedBy></addedBy>
  <banner>graphical/80441-g.jpg</banner>
  <fanart>fanart/original/80441-4.jpg</fanart>
  <lastupdated>1364125300</lastupdated>
  <poster>posters/80441-1.jpg</poster>
  <zap2it_id></zap2it_id>
</Series>
<Episode>
  <id>546061</id>
  <Combined_episodenumber>1</Combined_episodenumber>
  <Combined_season>0</Combined_season>
  <DVD_chapter></DVD_chapter>
  <DVD_discid></DVD_discid>
  <DVD_episodenumber></DVD_episodenumber>
  <DVD_season></DVD_season>
  <Director></Director>
  <EpImgFlag>2</EpImgFlag>
  <EpisodeName>Alternate Pilot</EpisodeName>
  <EpisodeNumber>1</EpisodeNumber>
  <FirstAired>2007-08-10</FirstAired>
  <GuestStars></GuestStars>
  <IMDB_ID></IMDB_ID>
  <Language>en</Language>
  <Overview>This 65 minute version of the pilot which was aired on The Sci-Fi Channel and released as a Best Buy exclusive DVD drastically differs from the 2-part, 87 minute version that was released on DVD in Canada.

The episode opens with Flash Gordon running a marathon and winning. His mother and his best friend Nick congratulate him.

Meanwhile, on Mongo, Ming and Rankol open a rift to Earth and send in a probe. A rift is shown opening on Earth and the probe exits from it and flies away.</Overview>
  <ProductionCode></ProductionCode>
  <Rating></Rating>
  <RatingCount>0</RatingCount>
  <SeasonNumber>0</SeasonNumber>
  <Writer></Writer>
  <absolute_number></absolute_number>
  <airsafter_season></airsafter_season>
  <airsbefore_episode>1</airsbefore_episode>
  <airsbefore_season>1</airsbefore_season>
  <filename>episodes/80441/546061.jpg</filename>
  <lastupdated>1334253041</lastupdated>
  <seasonid>28181</seasonid>
  <seriesid>80441</seriesid>
</Episode>
<Episode>
  <id>333408</id>
  <Combined_episodenumber>1</Combined_episodenumber>
  <Combined_season>1</Combined_season>
  <DVD_chapter></DVD_chapter>
  <DVD_discid></DVD_discid>
  <DVD_episodenumber></DVD_episodenumber>
  <DVD_season></DVD_season>
  <Director>Rick Rosenthal</Director>
  <EpImgFlag>2</EpImgFlag>
  <EpisodeName>Pilot 1/2</EpisodeName>
  <EpisodeNumber>1</EpisodeNumber>
  <FirstAired>2007-08-10</FirstAired>
  <GuestStars></GuestStars>
  <IMDB_ID></IMDB_ID>
  <Language>en</Language>
  <Overview>* Changes in the two-part version include:
* The show begins with an extended version of the scene in which Ming and Rankol open a rift.
* Running late for the race, Flash changes his clothes in the backseat of the car as Nick drives.
* The race is longer and features flashbacks of a younger Flash.
* Joely appears in the scene in which Dale turns her ring around.
* Dale and Joely have a conversation before Flash arrives at the cemetery.
* There's an additional shot of Flash leaving the graveyard.
* A scene with Dale and Joely in the newsroom is sandwiched between Flash and Norah's breakfast.
* After Flash sees Dale's ring, there's an additional scene of a cowboy being attacked by Ming's minion outside of a convenience store.
* As Flash is being tortured by Rankol, Joe stops in the newsroom to check up on Dale.</Overview>
  <ProductionCode></ProductionCode>
  <Rating>6.8</Rating>
  <RatingCount>4</RatingCount>
  <SeasonNumber>1</SeasonNumber>
  <Writer>Peter Hume</Writer>
  <absolute_number></absolute_number>
  <filename>episodes/80441/333408.jpg</filename>
  <lastupdated>1337272231</lastupdated>
  <seasonid>28182</seasonid>
  <seriesid>80441</seriesid>
</Episode>
<Episode>
  <id>4199701</id>
  <Combined_episodenumber>2</Combined_episodenumber>
  <Combined_season>1</Combined_season>
  <DVD_chapter></DVD_chapter>
  <DVD_discid></DVD_discid>
  <DVD_episodenumber></DVD_episodenumber>
  <DVD_season></DVD_season>
  <Director>Rick Rosenthal</Director>
  <EpImgFlag>2</EpImgFlag>
  <EpisodeName>Pilot 2/2</EpisodeName>
  <EpisodeNumber>2</EpisodeNumber>
  <FirstAired>2007-08-10</FirstAired>
  <GuestStars></GuestStars>
  <IMDB_ID></IMDB_ID>
  <Language>en</Language>
  <Overview>* Dale has an additional scene as Ming's slaves &quot;prepare&quot; her.
* After Flash is tortured, Zarkov searches the Internet for the Imex.
* After arriving on Earth, Aura reprimands a group of workmen who are ogling her.
* There's an additional scene with Flash arriving at home and conversing with Nick.
* Aura further snoops through Dale's apartment.
* Long intro to Dale's phone call with Joe.
* Extended version of Flash discovering the Imex.
* Additional scene with Aura encountering Nick.
* Extended ending of the scene with Aura being reprimanded by Ming.</Overview>
  <ProductionCode></ProductionCode>
  <Rating>6.0</Rating>
  <RatingCount>1</RatingCount>
  <SeasonNumber>1</SeasonNumber>
  <Writer>Peter Hume</Writer>
  <absolute_number></absolute_number>
  <filename>episodes/80441/4199701.jpg</filename>
  <lastupdated>1337272805</lastupdated>
  <seasonid>28182</seasonid>
  <seriesid>80441</seriesid>
</Episode>
<Episode>
  <id>333409</id>
  <Combined_episodenumber>3</Combined_episodenumber>
  <Combined_season>1</Combined_season>
  <DVD_chapter></DVD_chapter>
  <DVD_discid></DVD_discid>
  <DVD_episodenumber></DVD_episodenumber>
  <DVD_season></DVD_season>
  <Director>Paul Shapiro</Director>
  <EpImgFlag>2</EpImgFlag>
  <EpisodeName>Pride</EpisodeName>
  <EpisodeNumber>3</EpisodeNumber>
  <FirstAired>2007-08-17</FirstAired>
  <GuestStars>|Carmen Moore|Mark Gibbon|Kevin O'Grady|Aeja Goldsmith|</GuestStars>
  <IMDB_ID></IMDB_ID>
  <Language>en</Language>
  <Overview>Baylin is Ming's best bounty hunter, but she is stranded on Earth; Tyrus is sent by Ming to fetch her.</Overview>
  <ProductionCode></ProductionCode>
  <Rating>5.3</Rating>
  <RatingCount>3</RatingCount>
  <SeasonNumber>1</SeasonNumber>
  <Writer>Derick Martini</Writer>
  <absolute_number></absolute_number>
  <filename>episodes/80441/333409.jpg</filename>
  <lastupdated>1320501006</lastupdated>
  <seasonid>28182</seasonid>
  <seriesid>80441</seriesid>
</Episode>
<Episode>
  <id>334143</id>
  <Combined_episodenumber>4</Combined_episodenumber>
  <Combined_season>1</Combined_season>
  <DVD_chapter></DVD_chapter>
  <DVD_discid></DVD_discid>
  <DVD_episodenumber></DVD_episodenumber>
  <DVD_season></DVD_season>
  <Director>Paul Shapiro</Director>
  <EpImgFlag></EpImgFlag>
  <EpisodeName>Infestation</EpisodeName>
  <EpisodeNumber>4</EpisodeNumber>
  <FirstAired>2007-08-24</FirstAired>
  <GuestStars></GuestStars>
  <IMDB_ID></IMDB_ID>
  <Language>en</Language>
  <Overview>Flash and Baylin travel to Mongo to acquire an antidote after Nick is bitten by an alien parasite.</Overview>
  <ProductionCode></ProductionCode>
  <Rating>7.7</Rating>
  <RatingCount>3</RatingCount>
  <SeasonNumber>1</SeasonNumber>
  <Writer>Melody Fox</Writer>
  <absolute_number></absolute_number>
  <filename>episodes/80441/334143.jpg</filename>
  <lastupdated>1320500960</lastupdated>
  <seasonid>28182</seasonid>
  <seriesid>80441</seriesid>
</Episode>
<Episode>
  <id>335081</id>
  <Combined_episodenumber>5</Combined_episodenumber>
  <Combined_season>1</Combined_season>
  <DVD_chapter></DVD_chapter>
  <DVD_discid></DVD_discid>
  <DVD_episodenumber></DVD_episodenumber>
  <DVD_season></DVD_season>
  <Director>Neill Fearnley</Director>
  <EpImgFlag></EpImgFlag>
  <EpisodeName>Assassin</EpisodeName>
  <EpisodeNumber>5</EpisodeNumber>
  <FirstAired>2007-09-07</FirstAired>
  <GuestStars></GuestStars>
  <IMDB_ID></IMDB_ID>
  <Language>en</Language>
  <Overview>Flash is shocked after witnessing a familiar face, his father, exit a rift.</Overview>
  <ProductionCode></ProductionCode>
  <Rating>7.5</Rating>
  <RatingCount>2</RatingCount>
  <SeasonNumber>1</SeasonNumber>
  <Writer>James Thorpe</Writer>
  <absolute_number></absolute_number>
  <filename>episodes/80441/335081.jpg</filename>
  <lastupdated>1320500931</lastupdated>
  <seasonid>28182</seasonid>
  <seriesid>80441</seriesid>
</Episode>
<Episode>
  <id>335594</id>
  <Combined_episodenumber>6</Combined_episodenumber>
  <Combined_season>1</Combined_season>
  <DVD_chapter></DVD_chapter>
  <DVD_discid></DVD_discid>
  <DVD_episodenumber></DVD_episodenumber>
  <DVD_season></DVD_season>
  <Director>T. J. Scott</Director>
  <EpImgFlag>2</EpImgFlag>
  <EpisodeName>Ascension   </EpisodeName>
  <EpisodeNumber>6</EpisodeNumber>
  <FirstAired>2007-09-14</FirstAired>
  <GuestStars>|Anna Van Hooft|Giles Panton|Jill Teed|Jonathan Lloyd Walker|Ty Olsson|Samuel Patrick Chu|Shawn Roberts|</GuestStars>
  <IMDB_ID></IMDB_ID>
  <Language>en</Language>
  <Overview>Flash, Dale and Baylin travel to Mongo and learn about the Dactyl ascension ceremony. Meanwhile, Rankol is pressured into opening a rift.</Overview>
  <ProductionCode></ProductionCode>
  <Rating>7.5</Rating>
  <RatingCount>2</RatingCount>
  <SeasonNumber>1</SeasonNumber>
  <Writer>Scott Murphy</Writer>
  <absolute_number></absolute_number>
  <filename>episodes/80441/335594.jpg</filename>
  <lastupdated>1320500910</lastupdated>
  <seasonid>28182</seasonid>
  <seriesid>80441</seriesid>
</Episode>
<Episode>
  <id>335595</id>
  <Combined_episodenumber>7</Combined_episodenumber>
  <Combined_season>1</Combined_season>
  <DVD_chapter></DVD_chapter>
  <DVD_discid></DVD_discid>
  <DVD_episodenumber></DVD_episodenumber>
  <DVD_season></DVD_season>
  <Director>T.J. Scott</Director>
  <EpImgFlag></EpImgFlag>
  <EpisodeName>Life Source</EpisodeName>
  <EpisodeNumber>7</EpisodeNumber>
  <FirstAired>2007-09-21</FirstAired>
  <GuestStars>|Carmen Moore|Giles Panton|Jonathan Lloyd Walker|Christine Willes|Laura Mennell|Zak Santiago|</GuestStars>
  <IMDB_ID></IMDB_ID>
  <Language>en</Language>
  <Overview>Ming sends a hunter to Earth on a mission. Meanwhile, Flash, Baylin and Zarkov find a dead soldier.</Overview>
  <ProductionCode></ProductionCode>
  <Rating>6.0</Rating>
  <RatingCount>1</RatingCount>
  <SeasonNumber>1</SeasonNumber>
  <Writer>Melody Fox</Writer>
  <absolute_number></absolute_number>
  <filename>episodes/80441/335595.jpg</filename>
  <lastupdated>1320500880</lastupdated>
  <seasonid>28182</seasonid>
  <seriesid>80441</seriesid>
</Episode>
<Episode>
  <id>335596</id>
  <Combined_episodenumber>8</Combined_episodenumber>
  <Combined_season>1</Combined_season>
  <DVD_chapter></DVD_chapter>
  <DVD_discid></DVD_discid>
  <DVD_episodenumber></DVD_episodenumber>
  <DVD_season></DVD_season>
  <Director>Grant Harvey</Director>
  <EpImgFlag>2</EpImgFlag>
  <EpisodeName>Alliances</EpisodeName>
  <EpisodeNumber>8</EpisodeNumber>
  <FirstAired>2007-09-28</FirstAired>
  <GuestStars>|Anna Van Hooft|Giles Panton|Jill Teed|Jonathan Lloyd Walker|Steve Bacic|Kerry Sandomirsky|Michael Eklund|</GuestStars>
  <IMDB_ID></IMDB_ID>
  <Language>en</Language>
  <Overview>Flash, Baylin and Zarkov visit the Verden on Mongo, where Flash learns more about his father from their leader, Barin; Ming has plans for Barin and Aura.</Overview>
  <ProductionCode></ProductionCode>
  <Rating>7.5</Rating>
  <RatingCount>2</RatingCount>
  <SeasonNumber>1</SeasonNumber>
  <Writer>Gillian Horvath</Writer>
  <absolute_number></absolute_number>
  <filename>episodes/80441/335596.jpg</filename>
  <lastupdated>1320500860</lastupdated>
  <seasonid>28182</seasonid>
  <seriesid>80441</seriesid>
</Episode>
<Episode>
  <id>335597</id>
  <Combined_episodenumber>9</Combined_episodenumber>
  <Combined_season>1</Combined_season>
  <DVD_chapter></DVD_chapter>
  <DVD_discid></DVD_discid>
  <DVD_episodenumber></DVD_episodenumber>
  <DVD_season></DVD_season>
  <Director>Mick Mackay</Director>
  <EpImgFlag>2</EpImgFlag>
  <EpisodeName>Revelations</EpisodeName>
  <EpisodeNumber>9</EpisodeNumber>
  <FirstAired>2007-10-05</FirstAired>
  <GuestStars>|Anna Van Hooft|Steve Bacic|Jonathan Lloyd Walker|Gardiner Millar|Sam J. Jones|</GuestStars>
  <IMDB_ID></IMDB_ID>
  <Language>en</Language>
  <Overview>Zarkov becomes stranded on Mongo and is arrested in Nascent City. While imprisoned he meets Kreb, somebody who has information about Flash's father.</Overview>
  <ProductionCode></ProductionCode>
  <Rating>7.5</Rating>
  <RatingCount>2</RatingCount>
  <SeasonNumber>1</SeasonNumber>
  <Writer>James Thorpe</Writer>
  <absolute_number></absolute_number>
  <filename>episodes/80441/335597.jpg</filename>
  <lastupdated>1320500823</lastupdated>
  <seasonid>28182</seasonid>
  <seriesid>80441</seriesid>
</Episode>
<Episode>
  <id>335598</id>
  <Combined_episodenumber>10</Combined_episodenumber>
  <Combined_season>1</Combined_season>
  <DVD_chapter></DVD_chapter>
  <DVD_discid></DVD_discid>
  <DVD_episodenumber></DVD_episodenumber>
  <DVD_season></DVD_season>
  <Director>Morgan Beggs</Director>
  <EpImgFlag>2</EpImgFlag>
  <EpisodeName>Til Death  </EpisodeName>
  <EpisodeNumber>10</EpisodeNumber>
  <FirstAired>2007-10-12</FirstAired>
  <GuestStars>|Anna Van Hooft|Carmen Moore|Carrie Genzel|Jonathan Lloyd Walker|Steve Bacic|Panou|</GuestStars>
  <IMDB_ID></IMDB_ID>
  <Language>en</Language>
  <Overview>Flash falls for Ming's daughter, Aura, after she drugs him with a love potion as part of a scheme to derail her upcoming nuptials with Barin.</Overview>
  <ProductionCode></ProductionCode>
  <Rating>7.0</Rating>
  <RatingCount>2</RatingCount>
  <SeasonNumber>1</SeasonNumber>
  <Writer>Lisa Klink</Writer>
  <absolute_number></absolute_number>
  <filename>episodes/80441/335598.jpg</filename>
  <lastupdated>1320500803</lastupdated>
  <seasonid>28182</seasonid>
  <seriesid>80441</seriesid>
</Episode>
<Episode>
  <id>335599</id>
  <Combined_episodenumber>11</Combined_episodenumber>
  <Combined_season>1</Combined_season>
  <DVD_chapter></DVD_chapter>
  <DVD_discid></DVD_discid>
  <DVD_episodenumber></DVD_episodenumber>
  <DVD_season></DVD_season>
  <Director>Rick Stevenson</Director>
  <EpImgFlag>2</EpImgFlag>
  <EpisodeName>Conspiracy Theory   </EpisodeName>
  <EpisodeNumber>11</EpisodeNumber>
  <FirstAired>2007-10-19</FirstAired>
  <GuestStars>|Jonathan Lloyd Walker|Don S. Davis|Michael Kopsa|Ona Grauer|Carmen Moore|Françoise Yip|</GuestStars>
  <IMDB_ID></IMDB_ID>
  <Language>en</Language>
  <Overview>Zarkov is abducted by Rankol's bodyguard, Genessa, in a bid to enlist the scientist's help in controlling the rifts. </Overview>
  <ProductionCode></ProductionCode>
  <Rating>7.5</Rating>
  <RatingCount>2</RatingCount>
  <SeasonNumber>1</SeasonNumber>
  <Writer>Sheryl J. Anderson</Writer>
  <absolute_number></absolute_number>
  <filename>episodes/80441/335599.jpg</filename>
  <lastupdated>1320500778</lastupdated>
  <seasonid>28182</seasonid>
  <seriesid>80441</seriesid>
</Episode>
<Episode>
  <id>335600</id>
  <Combined_episodenumber>12</Combined_episodenumber>
  <Combined_season>1</Combined_season>
  <DVD_chapter></DVD_chapter>
  <DVD_discid></DVD_discid>
  <DVD_episodenumber></DVD_episodenumber>
  <DVD_season></DVD_season>
  <Director>Patrick Williams</Director>
  <EpImgFlag>2</EpImgFlag>
  <EpisodeName>Random Access</EpisodeName>
  <EpisodeNumber>12</EpisodeNumber>
  <FirstAired>2007-10-26</FirstAired>
  <GuestStars></GuestStars>
  <IMDB_ID></IMDB_ID>
  <Language>en</Language>
  <Overview>Joe learns Flash and Dale's secret after he and Flash fall through a rift while fighting. Elsewhere, Baylin and Dale help bring a child into the world.</Overview>
  <ProductionCode></ProductionCode>
  <Rating>7.5</Rating>
  <RatingCount>2</RatingCount>
  <SeasonNumber>1</SeasonNumber>
  <Writer></Writer>
  <absolute_number></absolute_number>
  <filename>episodes/80441/335600.jpg</filename>
  <lastupdated>1320500758</lastupdated>
  <seasonid>28182</seasonid>
  <seriesid>80441</seriesid>
</Episode>
<Episode>
  <id>341079</id>
  <Combined_episodenumber>13</Combined_episodenumber>
  <Combined_season>1</Combined_season>
  <DVD_chapter></DVD_chapter>
  <DVD_discid></DVD_discid>
  <DVD_episodenumber></DVD_episodenumber>
  <DVD_season></DVD_season>
  <Director>Mick MacKay</Director>
  <EpImgFlag>2</EpImgFlag>
  <EpisodeName>Secrets and Lies</EpisodeName>
  <EpisodeNumber>13</EpisodeNumber>
  <FirstAired>2007-11-02</FirstAired>
  <GuestStars>Jody Thompson|Ty Olsson</GuestStars>
  <IMDB_ID></IMDB_ID>
  <Language>en</Language>
  <Overview>Flash and Zarkov become deeply involved in a complicated clash between two clans of Mongo. Meanwhile, Joe begins to talk about his &quot;adventures,&quot; jeopardising his career.</Overview>
  <ProductionCode></ProductionCode>
  <Rating>7.5</Rating>
  <RatingCount>2</RatingCount>
  <SeasonNumber>1</SeasonNumber>
  <Writer>Peter Hume</Writer>
  <absolute_number></absolute_number>
  <filename>episodes/80441/341079.jpg</filename>
  <lastupdated>1320500733</lastupdated>
  <seasonid>28182</seasonid>
  <seriesid>80441</seriesid>
</Episode>
<Episode>
  <id>341080</id>
  <Combined_episodenumber>14</Combined_episodenumber>
  <Combined_season>1</Combined_season>
  <DVD_chapter></DVD_chapter>
  <DVD_discid></DVD_discid>
  <DVD_episodenumber></DVD_episodenumber>
  <DVD_season></DVD_season>
  <Director>Patrick Williams</Director>
  <EpImgFlag>2</EpImgFlag>
  <EpisodeName>Sorrow</EpisodeName>
  <EpisodeNumber>14</EpisodeNumber>
  <FirstAired>2007-11-09</FirstAired>
  <GuestStars>Jonathan Lloyd Walker|Anna Van Hooft|Dominic Zamprogna|Michael Adamthwaite|Elias Toufexis</GuestStars>
  <IMDB_ID></IMDB_ID>
  <Language>en</Language>
  <Overview>Flash and Dale accompany Baylin back to Mongo for Honor Day, a day of remembrance for the lives lost during an environmental catastrophe known as &quot;The Sorrow.&quot;</Overview>
  <ProductionCode></ProductionCode>
  <Rating>7.5</Rating>
  <RatingCount>2</RatingCount>
  <SeasonNumber>1</SeasonNumber>
  <Writer>Melody Fox</Writer>
  <absolute_number></absolute_number>
  <filename>episodes/80441/341080.jpg</filename>
  <lastupdated>1320500698</lastupdated>
  <seasonid>28182</seasonid>
  <seriesid>80441</seriesid>
</Episode>
<Episode>
  <id>342298</id>
  <Combined_episodenumber>15</Combined_episodenumber>
  <Combined_season>1</Combined_season>
  <DVD_chapter></DVD_chapter>
  <DVD_discid></DVD_discid>
  <DVD_episodenumber></DVD_episodenumber>
  <DVD_season></DVD_season>
  <Director>Mick McKay</Director>
  <EpImgFlag>2</EpImgFlag>
  <EpisodeName>Stand and Deliver</EpisodeName>
  <EpisodeNumber>15</EpisodeNumber>
  <FirstAired>2007-11-16</FirstAired>
  <GuestStars></GuestStars>
  <IMDB_ID></IMDB_ID>
  <Language>en</Language>
  <Overview>Flash must help Baylin rescue the Verden who have been sold into slavery.</Overview>
  <ProductionCode></ProductionCode>
  <Rating>7.5</Rating>
  <RatingCount>2</RatingCount>
  <SeasonNumber>1</SeasonNumber>
  <Writer></Writer>
  <absolute_number></absolute_number>
  <filename>episodes/80441/342298.jpg</filename>
  <lastupdated>1320500673</lastupdated>
  <seasonid>28182</seasonid>
  <seriesid>80441</seriesid>
</Episode>
<Episode>
  <id>342299</id>
  <Combined_episodenumber>16</Combined_episodenumber>
  <Combined_season>1</Combined_season>
  <DVD_chapter></DVD_chapter>
  <DVD_discid></DVD_discid>
  <DVD_episodenumber></DVD_episodenumber>
  <DVD_season></DVD_season>
  <Director>Patrick Williams</Director>
  <EpImgFlag>2</EpImgFlag>
  <EpisodeName>Possession</EpisodeName>
  <EpisodeNumber>16</EpisodeNumber>
  <FirstAired>2007-11-30</FirstAired>
  <GuestStars></GuestStars>
  <IMDB_ID></IMDB_ID>
  <Language>en</Language>
  <Overview>Joe steals a rift blaster which he uses to visit Mongo. Joe intends to secure photographic evidence of the planet's existence.</Overview>
  <ProductionCode></ProductionCode>
  <Rating>7.5</Rating>
  <RatingCount>2</RatingCount>
  <SeasonNumber>1</SeasonNumber>
  <Writer></Writer>
  <absolute_number></absolute_number>
  <filename>episodes/80441/342299.jpg</filename>
  <lastupdated>1320500628</lastupdated>
  <seasonid>28182</seasonid>
  <seriesid>80441</seriesid>
</Episode>
<Episode>
  <id>347346</id>
  <Combined_episodenumber>17</Combined_episodenumber>
  <Combined_season>1</Combined_season>
  <DVD_chapter></DVD_chapter>
  <DVD_discid></DVD_discid>
  <DVD_episodenumber></DVD_episodenumber>
  <DVD_season></DVD_season>
  <Director>Matt Hastings</Director>
  <EpImgFlag>2</EpImgFlag>
  <EpisodeName>Thicker Than Water</EpisodeName>
  <EpisodeNumber>17</EpisodeNumber>
  <FirstAired>2008-01-04</FirstAired>
  <GuestStars></GuestStars>
  <IMDB_ID></IMDB_ID>
  <Language>en</Language>
  <Overview>Flash and Aura are kidnapped by a Deviate after he returns to Mongo with Baylin and Zarkov in search of the rift blaster that Joe lost before Rankol does. </Overview>
  <ProductionCode></ProductionCode>
  <Rating>7.5</Rating>
  <RatingCount>2</RatingCount>
  <SeasonNumber>1</SeasonNumber>
  <Writer>James Thorpe</Writer>
  <absolute_number></absolute_number>
  <filename>episodes/80441/347346.jpg</filename>
  <lastupdated>1320500604</lastupdated>
  <seasonid>28182</seasonid>
  <seriesid>80441</seriesid>
</Episode>
<Episode>
  <id>347901</id>
  <Combined_episodenumber>18</Combined_episodenumber>
  <Combined_season>1</Combined_season>
  <DVD_chapter></DVD_chapter>
  <DVD_discid></DVD_discid>
  <DVD_episodenumber></DVD_episodenumber>
  <DVD_season></DVD_season>
  <Director>Pat Williams</Director>
  <EpImgFlag>2</EpImgFlag>
  <EpisodeName>Ebb and Flow</EpisodeName>
  <EpisodeNumber>18</EpisodeNumber>
  <FirstAired>2008-01-11</FirstAired>
  <GuestStars></GuestStars>
  <IMDB_ID></IMDB_ID>
  <Language>en</Language>
  <Overview>Flash and the gang visit Mongo after Rankol steals a body of water from Earth.</Overview>
  <ProductionCode></ProductionCode>
  <Rating>7.5</Rating>
  <RatingCount>2</RatingCount>
  <SeasonNumber>1</SeasonNumber>
  <Writer></Writer>
  <absolute_number></absolute_number>
  <filename>episodes/80441/347901.jpg</filename>
  <lastupdated>1320500567</lastupdated>
  <seasonid>28182</seasonid>
  <seriesid>80441</seriesid>
</Episode>
<Episode>
  <id>347902</id>
  <Combined_episodenumber>19</Combined_episodenumber>
  <Combined_season>1</Combined_season>
  <DVD_chapter></DVD_chapter>
  <DVD_discid></DVD_discid>
  <DVD_episodenumber></DVD_episodenumber>
  <DVD_season></DVD_season>
  <Director>Rachel Talalay</Director>
  <EpImgFlag>2</EpImgFlag>
  <EpisodeName>Blame</EpisodeName>
  <EpisodeNumber>19</EpisodeNumber>
  <FirstAired>2008-01-18</FirstAired>
  <GuestStars>Craig Stanghetta</GuestStars>
  <IMDB_ID></IMDB_ID>
  <Language>en</Language>
  <Overview>Flash and Aura search for an antidote for a canton whose water supply is contaminated.</Overview>
  <ProductionCode></ProductionCode>
  <Rating>7.5</Rating>
  <RatingCount>2</RatingCount>
  <SeasonNumber>1</SeasonNumber>
  <Writer></Writer>
  <absolute_number></absolute_number>
  <filename>episodes/80441/347902.jpg</filename>
  <lastupdated>1320500534</lastupdated>
  <seasonid>28182</seasonid>
  <seriesid>80441</seriesid>
</Episode>
<Episode>
  <id>347903</id>
  <Combined_episodenumber>20</Combined_episodenumber>
  <Combined_season>1</Combined_season>
  <DVD_chapter></DVD_chapter>
  <DVD_discid></DVD_discid>
  <DVD_episodenumber></DVD_episodenumber>
  <DVD_season></DVD_season>
  <Director>Patrick Williams</Director>
  <EpImgFlag>2</EpImgFlag>
  <EpisodeName>Cold Day In Hell</EpisodeName>
  <EpisodeNumber>20</EpisodeNumber>
  <FirstAired>2008-01-25</FirstAired>
  <GuestStars></GuestStars>
  <IMDB_ID></IMDB_ID>
  <Language>en</Language>
  <Overview>Flash heads to Frigia, a cold area of Mongo, to free the region's queen.</Overview>
  <ProductionCode></ProductionCode>
  <Rating>7.5</Rating>
  <RatingCount>2</RatingCount>
  <SeasonNumber>1</SeasonNumber>
  <Writer></Writer>
  <absolute_number></absolute_number>
  <filename>episodes/80441/347903.jpg</filename>
  <lastupdated>1320500452</lastupdated>
  <seasonid>28182</seasonid>
  <seriesid>80441</seriesid>
</Episode>
<Episode>
  <id>347904</id>
  <Combined_episodenumber>21</Combined_episodenumber>
  <Combined_season>1</Combined_season>
  <DVD_chapter></DVD_chapter>
  <DVD_discid></DVD_discid>
  <DVD_episodenumber></DVD_episodenumber>
  <DVD_season></DVD_season>
  <Director>Paul Shapiro</Director>
  <EpImgFlag>2</EpImgFlag>
  <EpisodeName>Revolution (1)</EpisodeName>
  <EpisodeNumber>21</EpisodeNumber>
  <FirstAired>2008-02-01</FirstAired>
  <GuestStars></GuestStars>
  <IMDB_ID></IMDB_ID>
  <Language>en</Language>
  <Overview>Ming orders Rankol's execution after he learns that Rankol is a Celetroph. Terek builds a force to rebel against Ming, while Flash is shocked by a discovery he makes in the mainframe room of the Citadel. Dale and Norah, who are being chased by &quot;men in black,&quot; escape to Mongo.</Overview>
  <ProductionCode></ProductionCode>
  <Rating>7.5</Rating>
  <RatingCount>2</RatingCount>
  <SeasonNumber>1</SeasonNumber>
  <Writer></Writer>
  <absolute_number></absolute_number>
  <filename>episodes/80441/347904.jpg</filename>
  <lastupdated>1320500422</lastupdated>
  <seasonid>28182</seasonid>
  <seriesid>80441</seriesid>
</Episode>
<Episode>
  <id>347905</id>
  <Combined_episodenumber>22</Combined_episodenumber>
  <Combined_season>1</Combined_season>
  <DVD_chapter></DVD_chapter>
  <DVD_discid></DVD_discid>
  <DVD_episodenumber></DVD_episodenumber>
  <DVD_season></DVD_season>
  <Director>Paul Shapiro</Director>
  <EpImgFlag>2</EpImgFlag>
  <EpisodeName>Revolution (2)</EpisodeName>
  <EpisodeNumber>22</EpisodeNumber>
  <FirstAired>2008-02-08</FirstAired>
  <GuestStars></GuestStars>
  <IMDB_ID></IMDB_ID>
  <Language>en</Language>
  <Overview>The attack against Ming has begun, though Azura offers Ming assistance in repelling Terek's forces. Dr. Gordon is freed from a mind prison, leading to a brief reunion between father and son.</Overview>
  <ProductionCode></ProductionCode>
  <Rating>9.0</Rating>
  <RatingCount>1</RatingCount>
  <SeasonNumber>1</SeasonNumber>
  <Writer></Writer>
  <absolute_number></absolute_number>
  <filename>episodes/80441/347905.jpg</filename>
  <lastupdated>1320500366</lastupdated>
  <seasonid>28182</seasonid>
  <seriesid>80441</seriesid>
</Episode>
</Data>