<?xml version="1.0" encoding="UTF-8" ?>
<Banners>
<Banner>
  <id>876021</id>
  <BannerPath>fanart/original/79334-18.jpg</BannerPath>
  <BannerType>fanart</BannerType>
  <BannerType2>1920x1080</BannerType2>
  <Colors></Colors>
  <Language>en</Language>
  <Rating>8.2000</Rating>
  <RatingCount>5</RatingCount>
  <SeriesName>false</SeriesName>
  <ThumbnailPath>_cache/fanart/original/79334-18.jpg</ThumbnailPath>
  <VignettePath>fanart/vignette/79334-18.jpg</VignettePath>
</Banner>
<Banner>
  <id>21632</id>
  <BannerPath>fanart/original/79334-5.jpg</BannerPath>
  <BannerType>fanart</BannerType>
  <BannerType2>1280x720</BannerType2>
  <Colors>|73,172,193|76,64,52|9,26,52|</Colors>
  <Language>en</Language>
  <Rating>8.1429</Rating>
  <RatingCount>14</RatingCount>
  <SeriesName>false</SeriesName>
  <ThumbnailPath>_cache/fanart/original/79334-5.jpg</ThumbnailPath>
  <VignettePath>fanart/vignette/79334-5.jpg</VignettePath>
</Banner>
<Banner>
  <id>20280</id>
  <BannerPath>fanart/original/79334-1.jpg</BannerPath>
  <BannerType>fanart</BannerType>
  <BannerType2>1280x720</BannerType2>
  <Colors>|188,163,97|89,27,2|94,82,44|</Colors>
  <Language>en</Language>
  <Rating>7.8667</Rating>
  <RatingCount>15</RatingCount>
  <SeriesName>false</SeriesName>
  <ThumbnailPath>_cache/fanart/original/79334-1.jpg</ThumbnailPath>
  <VignettePath>fanart/vignette/79334-1.jpg</VignettePath>
</Banner>
<Banner>
  <id>72681</id>
  <BannerPath>fanart/original/79334-12.jpg</BannerPath>
  <BannerType>fanart</BannerType>
  <BannerType2>1280x720</BannerType2>
  <Colors></Colors>
  <Language>en</Language>
  <Rating>7.6667</Rating>
  <RatingCount>3</RatingCount>
  <SeriesName>false</SeriesName>
  <ThumbnailPath>_cache/fanart/original/79334-12.jpg</ThumbnailPath>
  <VignettePath>fanart/vignette/79334-12.jpg</VignettePath>
</Banner>
<Banner>
  <id>21631</id>
  <BannerPath>fanart/original/79334-4.jpg</BannerPath>
  <BannerType>fanart</BannerType>
  <BannerType2>1280x720</BannerType2>
  <Colors>|255,255,255|47,55,66|241,235,219|</Colors>
  <Language>en</Language>
  <Rating>7.5000</Rating>
  <RatingCount>10</RatingCount>
  <SeriesName>false</SeriesName>
  <ThumbnailPath>_cache/fanart/original/79334-4.jpg</ThumbnailPath>
  <VignettePath>fanart/vignette/79334-4.jpg</VignettePath>
</Banner>
<Banner>
  <id>536811</id>
  <BannerPath>fanart/original/79334-20.jpg</BannerPath>
  <BannerType>fanart</BannerType>
  <BannerType2>1920x1080</BannerType2>
  <Colors>|228,211,191|61,48,40|13,27,14|</Colors>
  <Language>fr</Language>
  <Rating>7.2500</Rating>
  <RatingCount>4</RatingCount>
  <SeriesName>false</SeriesName>
  <ThumbnailPath>_cache/fanart/original/79334-20.jpg</ThumbnailPath>
  <VignettePath>fanart/vignette/79334-20.jpg</VignettePath>
</Banner>
<Banner>
  <id>38609</id>
  <BannerPath>fanart/original/79334-10.jpg</BannerPath>
  <BannerType>fanart</BannerType>
  <BannerType2>1280x720</BannerType2>
  <Colors></Colors>
  <Language>en</Language>
  <Rating>7.0000</Rating>
  <RatingCount>4</RatingCount>
  <SeriesName>false</SeriesName>
  <ThumbnailPath>_cache/fanart/original/79334-10.jpg</ThumbnailPath>
  <VignettePath>fanart/vignette/79334-10.jpg</VignettePath>
</Banner>
<Banner>
  <id>84021</id>
  <BannerPath>fanart/original/79334-13.jpg</BannerPath>
  <BannerType>fanart</BannerType>
  <BannerType2>1280x720</BannerType2>
  <Colors></Colors>
  <Language>en</Language>
  <Rating>6.3333</Rating>
  <RatingCount>3</RatingCount>
  <SeriesName>false</SeriesName>
  <ThumbnailPath>_cache/fanart/original/79334-13.jpg</ThumbnailPath>
  <VignettePath>fanart/vignette/79334-13.jpg</VignettePath>
</Banner>
<Banner>
  <id>182531</id>
  <BannerPath>fanart/original/79334-16.jpg</BannerPath>
  <BannerType>fanart</BannerType>
  <BannerType2>1280x720</BannerType2>
  <Colors>|94,185,255|165,132,87|251,213,168|</Colors>
  <Language>en</Language>
  <Rating>6.0000</Rating>
  <RatingCount>3</RatingCount>
  <SeriesName>true</SeriesName>
  <ThumbnailPath>_cache/fanart/original/79334-16.jpg</ThumbnailPath>
  <VignettePath>fanart/vignette/79334-16.jpg</VignettePath>
</Banner>
<Banner>
  <id>25892</id>
  <BannerPath>fanart/original/79334-7.jpg</BannerPath>
  <BannerType>fanart</BannerType>
  <BannerType2>1920x1080</BannerType2>
  <Colors>|196,137,93|196,58,84|223,209,198|</Colors>
  <Language>en</Language>
  <Rating>6.0000</Rating>
  <RatingCount>2</RatingCount>
  <SeriesName>false</SeriesName>
  <ThumbnailPath>_cache/fanart/original/79334-7.jpg</ThumbnailPath>
  <VignettePath>fanart/vignette/79334-7.jpg</VignettePath>
</Banner>
<Banner>
  <id>72661</id>
  <BannerPath>fanart/original/79334-11.jpg</BannerPath>
  <BannerType>fanart</BannerType>
  <BannerType2>1280x720</BannerType2>
  <Colors></Colors>
  <Language>en</Language>
  <Rating>6.0000</Rating>
  <RatingCount>1</RatingCount>
  <SeriesName>false</SeriesName>
  <ThumbnailPath>_cache/fanart/original/79334-11.jpg</ThumbnailPath>
  <VignettePath>fanart/vignette/79334-11.jpg</VignettePath>
</Banner>
<Banner>
  <id>20568</id>
  <BannerPath>fanart/original/79334-2.jpg</BannerPath>
  <BannerType>fanart</BannerType>
  <BannerType2>1280x720</BannerType2>
  <Colors>|228,236,238|53,104,61|101,160,192|</Colors>
  <Language>en</Language>
  <Rating>5.8000</Rating>
  <RatingCount>5</RatingCount>
  <SeriesName>false</SeriesName>
  <ThumbnailPath>_cache/fanart/original/79334-2.jpg</ThumbnailPath>
  <VignettePath>fanart/vignette/79334-2.jpg</VignettePath>
</Banner>
<Banner>
  <id>26542</id>
  <BannerPath>fanart/original/79334-8.jpg</BannerPath>
  <BannerType>fanart</BannerType>
  <BannerType2>1920x1080</BannerType2>
  <Colors>|255,243,83|60,41,26|141,175,223|</Colors>
  <Language>en</Language>
  <Rating>5.4000</Rating>
  <RatingCount>5</RatingCount>
  <SeriesName>false</SeriesName>
  <ThumbnailPath>_cache/fanart/original/79334-8.jpg</ThumbnailPath>
  <VignettePath>fanart/vignette/79334-8.jpg</VignettePath>
</Banner>
<Banner>
  <id>24477</id>
  <BannerPath>fanart/original/79334-6.jpg</BannerPath>
  <BannerType>fanart</BannerType>
  <BannerType2>1280x720</BannerType2>
  <Colors></Colors>
  <Language>en</Language>
  <Rating>5.3333</Rating>
  <RatingCount>3</RatingCount>
  <SeriesName>false</SeriesName>
  <ThumbnailPath>_cache/fanart/original/79334-6.jpg</ThumbnailPath>
  <VignettePath>fanart/vignette/79334-6.jpg</VignettePath>
</Banner>
<Banner>
  <id>182521</id>
  <BannerPath>fanart/original/79334-15.jpg</BannerPath>
  <BannerType>fanart</BannerType>
  <BannerType2>1280x720</BannerType2>
  <Colors></Colors>
  <Language>en</Language>
  <Rating>5.0000</Rating>
  <RatingCount>2</RatingCount>
  <SeriesName>true</SeriesName>
  <ThumbnailPath>_cache/fanart/original/79334-15.jpg</ThumbnailPath>
  <VignettePath>fanart/vignette/79334-15.jpg</VignettePath>
</Banner>
<Banner>
  <id>26543</id>
  <BannerPath>fanart/original/79334-9.jpg</BannerPath>
  <BannerType>fanart</BannerType>
  <BannerType2>1920x1080</BannerType2>
  <Colors></Colors>
  <Language>en</Language>
  <Rating>4.7500</Rating>
  <RatingCount>4</RatingCount>
  <SeriesName>false</SeriesName>
  <ThumbnailPath>_cache/fanart/original/79334-9.jpg</ThumbnailPath>
  <VignettePath>fanart/vignette/79334-9.jpg</VignettePath>
</Banner>
<Banner>
  <id>88291</id>
  <BannerPath>fanart/original/79334-14.jpg</BannerPath>
  <BannerType>fanart</BannerType>
  <BannerType2>1280x720</BannerType2>
  <Colors></Colors>
  <Language>en</Language>
  <Rating>4.6667</Rating>
  <RatingCount>3</RatingCount>
  <SeriesName>false</SeriesName>
  <ThumbnailPath>_cache/fanart/original/79334-14.jpg</ThumbnailPath>
  <VignettePath>fanart/vignette/79334-14.jpg</VignettePath>
</Banner>
<Banner>
  <id>72641</id>
  <BannerPath>fanart/original/79334-3.jpg</BannerPath>
  <BannerType>fanart</BannerType>
  <BannerType2>1280x720</BannerType2>
  <Colors></Colors>
  <Language>en</Language>
  <Rating>2.0000</Rating>
  <RatingCount>1</RatingCount>
  <SeriesName>false</SeriesName>
  <ThumbnailPath>_cache/fanart/original/79334-3.jpg</ThumbnailPath>
  <VignettePath>fanart/vignette/79334-3.jpg</VignettePath>
</Banner>
<Banner>
  <id>918720</id>
  <BannerPath>fanart/original/79334-26.jpg</BannerPath>
  <BannerType>fanart</BannerType>
  <BannerType2>1920x1080</BannerType2>
  <Colors></Colors>
  <Language>fr</Language>
  <Rating></Rating>
  <RatingCount>0</RatingCount>
  <SeriesName>false</SeriesName>
  <ThumbnailPath>_cache/fanart/original/79334-26.jpg</ThumbnailPath>
  <VignettePath>fanart/vignette/79334-26.jpg</VignettePath>
</Banner>
<Banner>
  <id>918723</id>
  <BannerPath>fanart/original/79334-29.jpg</BannerPath>
  <BannerType>fanart</BannerType>
  <BannerType2>1920x1080</BannerType2>
  <Colors></Colors>
  <Language>fr</Language>
  <Rating></Rating>
  <RatingCount>0</RatingCount>
  <SeriesName>false</SeriesName>
  <ThumbnailPath>_cache/fanart/original/79334-29.jpg</ThumbnailPath>
  <VignettePath>fanart/vignette/79334-29.jpg</VignettePath>
</Banner>
<Banner>
  <id>918721</id>
  <BannerPath>fanart/original/79334-27.jpg</BannerPath>
  <BannerType>fanart</BannerType>
  <BannerType2>1920x1080</BannerType2>
  <Colors></Colors>
  <Language>fr</Language>
  <Rating></Rating>
  <RatingCount>0</RatingCount>
  <SeriesName>false</SeriesName>
  <ThumbnailPath>_cache/fanart/original/79334-27.jpg</ThumbnailPath>
  <VignettePath>fanart/vignette/79334-27.jpg</VignettePath>
</Banner>
<Banner>
  <id>918724</id>
  <BannerPath>fanart/original/79334-30.jpg</BannerPath>
  <BannerType>fanart</BannerType>
  <BannerType2>1920x1080</BannerType2>
  <Colors></Colors>
  <Language>fr</Language>
  <Rating></Rating>
  <RatingCount>0</RatingCount>
  <SeriesName>false</SeriesName>
  <ThumbnailPath>_cache/fanart/original/79334-30.jpg</ThumbnailPath>
  <VignettePath>fanart/vignette/79334-30.jpg</VignettePath>
</Banner>
<Banner>
  <id>918719</id>
  <BannerPath>fanart/original/79334-25.jpg</BannerPath>
  <BannerType>fanart</BannerType>
  <BannerType2>1920x1080</BannerType2>
  <Colors></Colors>
  <Language>fr</Language>
  <Rating></Rating>
  <RatingCount>0</RatingCount>
  <SeriesName>false</SeriesName>
  <ThumbnailPath>_cache/fanart/original/79334-25.jpg</ThumbnailPath>
  <VignettePath>fanart/vignette/79334-25.jpg</VignettePath>
</Banner>
<Banner>
  <id>212641</id>
  <BannerPath>fanart/original/79334-17.jpg</BannerPath>
  <BannerType>fanart</BannerType>
  <BannerType2>1280x720</BannerType2>
  <Colors></Colors>
  <Language>en</Language>
  <Rating></Rating>
  <RatingCount>0</RatingCount>
  <SeriesName>true</SeriesName>
  <ThumbnailPath>_cache/fanart/original/79334-17.jpg</ThumbnailPath>
  <VignettePath>fanart/vignette/79334-17.jpg</VignettePath>
</Banner>
<Banner>
  <id>919503</id>
  <BannerPath>fanart/original/79334-31.jpg</BannerPath>
  <BannerType>fanart</BannerType>
  <BannerType2>1920x1080</BannerType2>
  <Colors></Colors>
  <Language>en</Language>
  <Rating></Rating>
  <RatingCount>0</RatingCount>
  <SeriesName>false</SeriesName>
  <ThumbnailPath>_cache/fanart/original/79334-31.jpg</ThumbnailPath>
  <VignettePath>fanart/vignette/79334-31.jpg</VignettePath>
</Banner>
<Banner>
  <id>876023</id>
  <BannerPath>fanart/original/79334-21.jpg</BannerPath>
  <BannerType>fanart</BannerType>
  <BannerType2>1920x1080</BannerType2>
  <Colors></Colors>
  <Language>en</Language>
  <Rating></Rating>
  <RatingCount>0</RatingCount>
  <SeriesName>false</SeriesName>
  <ThumbnailPath>_cache/fanart/original/79334-21.jpg</ThumbnailPath>
  <VignettePath>fanart/vignette/79334-21.jpg</VignettePath>
</Banner>
<Banner>
  <id>918722</id>
  <BannerPath>fanart/original/79334-28.jpg</BannerPath>
  <BannerType>fanart</BannerType>
  <BannerType2>1920x1080</BannerType2>
  <Colors></Colors>
  <Language>fr</Language>
  <Rating></Rating>
  <RatingCount>0</RatingCount>
  <SeriesName>false</SeriesName>
  <ThumbnailPath>_cache/fanart/original/79334-28.jpg</ThumbnailPath>
  <VignettePath>fanart/vignette/79334-28.jpg</VignettePath>
</Banner>
<Banner>
  <id>876027</id>
  <BannerPath>fanart/original/79334-22.jpg</BannerPath>
  <BannerType>fanart</BannerType>
  <BannerType2>1920x1080</BannerType2>
  <Colors></Colors>
  <Language>en</Language>
  <Rating></Rating>
  <RatingCount>0</RatingCount>
  <SeriesName>false</SeriesName>
  <ThumbnailPath>_cache/fanart/original/79334-22.jpg</ThumbnailPath>
  <VignettePath>fanart/vignette/79334-22.jpg</VignettePath>
</Banner>
<Banner>
  <id>536801</id>
  <BannerPath>fanart/original/79334-19.jpg</BannerPath>
  <BannerType>fanart</BannerType>
  <BannerType2>1920x1080</BannerType2>
  <Colors></Colors>
  <Language>fr</Language>
  <Rating></Rating>
  <RatingCount>0</RatingCount>
  <SeriesName>false</SeriesName>
  <ThumbnailPath>_cache/fanart/original/79334-19.jpg</ThumbnailPath>
  <VignettePath>fanart/vignette/79334-19.jpg</VignettePath>
</Banner>
<Banner>
  <id>878807</id>
  <BannerPath>fanart/original/79334-24.jpg</BannerPath>
  <BannerType>fanart</BannerType>
  <BannerType2>1280x720</BannerType2>
  <Colors>|252,254,204|22,5,0|102,57,26|</Colors>
  <Language>en</Language>
  <Rating></Rating>
  <RatingCount>0</RatingCount>
  <SeriesName>false</SeriesName>
  <ThumbnailPath>_cache/fanart/original/79334-24.jpg</ThumbnailPath>
  <VignettePath>fanart/vignette/79334-24.jpg</VignettePath>
</Banner>
<Banner>
  <id>878806</id>
  <BannerPath>fanart/original/79334-23.jpg</BannerPath>
  <BannerType>fanart</BannerType>
  <BannerType2>1920x1080</BannerType2>
  <Colors></Colors>
  <Language>en</Language>
  <Rating></Rating>
  <RatingCount>0</RatingCount>
  <SeriesName>false</SeriesName>
  <ThumbnailPath>_cache/fanart/original/79334-23.jpg</ThumbnailPath>
  <VignettePath>fanart/vignette/79334-23.jpg</VignettePath>
</Banner>
<Banner>
  <id>25825</id>
  <BannerPath>posters/79334-2.jpg</BannerPath>
  <BannerType>poster</BannerType>
  <BannerType2>680x1000</BannerType2>
  <Language>en</Language>
  <Rating>6.5714</Rating>
  <RatingCount>14</RatingCount>
</Banner>
<Banner>
  <id>25824</id>
  <BannerPath>posters/79334-1.jpg</BannerPath>
  <BannerType>poster</BannerType>
  <BannerType2>680x1000</BannerType2>
  <Language>en</Language>
  <Rating>6.1111</Rating>
  <RatingCount>9</RatingCount>
</Banner>
<Banner>
  <id>25826</id>
  <BannerPath>posters/79334-3.jpg</BannerPath>
  <BannerType>poster</BannerType>
  <BannerType2>680x1000</BannerType2>
  <Language>en</Language>
  <Rating>6.0000</Rating>
  <RatingCount>9</RatingCount>
</Banner>
<Banner>
  <id>882592</id>
  <BannerPath>posters/79334-4.jpg</BannerPath>
  <BannerType>poster</BannerType>
  <BannerType2>680x1000</BannerType2>
  <Language>en</Language>
  <Rating>5.5000</Rating>
  <RatingCount>2</RatingCount>
</Banner>
<Banner>
  <id>916344</id>
  <BannerPath>seasons/79334-5-6.jpg</BannerPath>
  <BannerType>season</BannerType>
  <BannerType2>season</BannerType2>
  <Language>en</Language>
  <Rating>10.0000</Rating>
  <RatingCount>1</RatingCount>
  <Season>5</Season>
</Banner>
<Banner>
  <id>78341</id>
  <BannerPath>seasons/79334-3.jpg</BannerPath>
  <BannerType>season</BannerType>
  <BannerType2>season</BannerType2>
  <Language>en</Language>
  <Rating>10.0000</Rating>
  <RatingCount>3</RatingCount>
  <Season>3</Season>
</Banner>
<Banner>
  <id>531361</id>
  <BannerPath>seasons/79334-4-2.jpg</BannerPath>
  <BannerType>season</BannerType>
  <BannerType2>season</BannerType2>
  <Language>en</Language>
  <Rating>8.5556</Rating>
  <RatingCount>9</RatingCount>
  <Season>4</Season>
</Banner>
<Banner>
  <id>9768</id>
  <BannerPath>seasons/79334-1.jpg</BannerPath>
  <BannerType>season</BannerType>
  <BannerType2>season</BannerType2>
  <Language>en</Language>
  <Rating>7.6000</Rating>
  <RatingCount>5</RatingCount>
  <Season>1</Season>
</Banner>
<Banner>
  <id>638161</id>
  <BannerPath>seasons/79334-1-5.jpg</BannerPath>
  <BannerType>season</BannerType>
  <BannerType2>season</BannerType2>
  <Language>es</Language>
  <Rating>7.5000</Rating>
  <RatingCount>2</RatingCount>
  <Season>1</Season>
</Banner>
<Banner>
  <id>906377</id>
  <BannerPath>seasons/79334-5-5.jpg</BannerPath>
  <BannerType>season</BannerType>
  <BannerType2>season</BannerType2>
  <Language>en</Language>
  <Rating>7.3333</Rating>
  <RatingCount>3</RatingCount>
  <Season>5</Season>
</Banner>
<Banner>
  <id>15080</id>
  <BannerPath>seasons/79334-2-2.jpg</BannerPath>
  <BannerType>season</BannerType>
  <BannerType2>season</BannerType2>
  <Language>en</Language>
  <Rating>7.1429</Rating>
  <RatingCount>7</RatingCount>
  <Season>2</Season>
</Banner>
<Banner>
  <id>638171</id>
  <BannerPath>seasons/79334-2-6.jpg</BannerPath>
  <BannerType>season</BannerType>
  <BannerType2>season</BannerType2>
  <Language>es</Language>
  <Rating>7.0000</Rating>
  <RatingCount>2</RatingCount>
  <Season>2</Season>
</Banner>
<Banner>
  <id>866439</id>
  <BannerPath>seasons/79334-4-3.jpg</BannerPath>
  <BannerType>season</BannerType>
  <BannerType2>season</BannerType2>
  <Language>en</Language>
  <Rating>7.0000</Rating>
  <RatingCount>9</RatingCount>
  <Season>4</Season>
</Banner>
<Banner>
  <id>882590</id>
  <BannerPath>seasons/79334-4-4.jpg</BannerPath>
  <BannerType>season</BannerType>
  <BannerType2>season</BannerType2>
  <Language>ru</Language>
  <Rating>6.3333</Rating>
  <RatingCount>3</RatingCount>
  <Season>4</Season>
</Banner>
<Banner>
  <id>902706</id>
  <BannerPath>seasons/79334-5.jpg</BannerPath>
  <BannerType>season</BannerType>
  <BannerType2>season</BannerType2>
  <Language>en</Language>
  <Rating>6.2500</Rating>
  <RatingCount>4</RatingCount>
  <Season>5</Season>
</Banner>
<Banner>
  <id>338821</id>
  <BannerPath>seasons/79334-1-4.jpg</BannerPath>
  <BannerType>season</BannerType>
  <BannerType2>season</BannerType2>
  <Language>en</Language>
  <Rating>5.5000</Rating>
  <RatingCount>2</RatingCount>
  <Season>1</Season>
</Banner>
<Banner>
  <id>251771</id>
  <BannerPath>seasons/79334-2-5.jpg</BannerPath>
  <BannerType>season</BannerType>
  <BannerType2>season</BannerType2>
  <Language>en</Language>
  <Rating>5.5000</Rating>
  <RatingCount>2</RatingCount>
  <Season>2</Season>
</Banner>
<Banner>
  <id>29796</id>
  <BannerPath>seasons/79334-3-2.jpg</BannerPath>
  <BannerType>season</BannerType>
  <BannerType2>season</BannerType2>
  <Language>en</Language>
  <Rating>4.4000</Rating>
  <RatingCount>5</RatingCount>
  <Season>3</Season>
</Banner>
<Banner>
  <id>905918</id>
  <BannerPath>seasons/79334-5-3.jpg</BannerPath>
  <BannerType>season</BannerType>
  <BannerType2>season</BannerType2>
  <Language>ru</Language>
  <Rating>3.2500</Rating>
  <RatingCount>4</RatingCount>
  <Season>5</Season>
</Banner>
<Banner>
  <id>15072</id>
  <BannerPath>seasons/79334-2.jpg</BannerPath>
  <BannerType>season</BannerType>
  <BannerType2>season</BannerType2>
  <Language>en</Language>
  <Rating>1.5000</Rating>
  <RatingCount>2</RatingCount>
  <Season>2</Season>
</Banner>
<Banner>
  <id>30475</id>
  <BannerPath>seasons/79334-2-4.jpg</BannerPath>
  <BannerType>season</BannerType>
  <BannerType2>season</BannerType2>
  <Language>de</Language>
  <Rating>1.0000</Rating>
  <RatingCount>1</RatingCount>
  <Season>2</Season>
</Banner>
<Banner>
  <id>696531</id>
  <BannerPath>seasons/79334-4.jpg</BannerPath>
  <BannerType>season</BannerType>
  <BannerType2>season</BannerType2>
  <Language>ru</Language>
  <Rating>1.0000</Rating>
  <RatingCount>1</RatingCount>
  <Season>4</Season>
</Banner>
<Banner>
  <id>30474</id>
  <BannerPath>seasons/79334-1-2.jpg</BannerPath>
  <BannerType>season</BannerType>
  <BannerType2>season</BannerType2>
  <Language>de</Language>
  <Rating>1.0000</Rating>
  <RatingCount>1</RatingCount>
  <Season>1</Season>
</Banner>
<Banner>
  <id>18189</id>
  <BannerPath>seasons/79334-2-3.jpg</BannerPath>
  <BannerType>season</BannerType>
  <BannerType2>season</BannerType2>
  <Language>es</Language>
  <Rating>1.0000</Rating>
  <RatingCount>1</RatingCount>
  <Season>2</Season>
</Banner>
<Banner>
  <id>492641</id>
  <BannerPath>seasons/79334-0.jpg</BannerPath>
  <BannerType>season</BannerType>
  <BannerType2>season</BannerType2>
  <Language>en</Language>
  <Rating></Rating>
  <RatingCount>0</RatingCount>
  <Season>0</Season>
</Banner>
<Banner>
  <id>882589</id>
  <BannerPath>seasons/79334-3-3.jpg</BannerPath>
  <BannerType>season</BannerType>
  <BannerType2>season</BannerType2>
  <Language>ru</Language>
  <Rating></Rating>
  <RatingCount>0</RatingCount>
  <Season>3</Season>
</Banner>
<Banner>
  <id>251761</id>
  <BannerPath>seasons/79334-1-3.jpg</BannerPath>
  <BannerType>season</BannerType>
  <BannerType2>season</BannerType2>
  <Language>en</Language>
  <Rating></Rating>
  <RatingCount>0</RatingCount>
  <Season>1</Season>
</Banner>
<Banner>
  <id>921768</id>
  <BannerPath>seasons/79334-5-7.jpg</BannerPath>
  <BannerType>season</BannerType>
  <BannerType2>season</BannerType2>
  <Language>ru</Language>
  <Rating></Rating>
  <RatingCount>0</RatingCount>
  <Season>5</Season>
</Banner>
<Banner>
  <id>882588</id>
  <BannerPath>seasons/79334-2-7.jpg</BannerPath>
  <BannerType>season</BannerType>
  <BannerType2>season</BannerType2>
  <Language>ru</Language>
  <Rating></Rating>
  <RatingCount>0</RatingCount>
  <Season>2</Season>
</Banner>
<Banner>
  <id>906376</id>
  <BannerPath>seasons/79334-5-4.jpg</BannerPath>
  <BannerType>season</BannerType>
  <BannerType2>season</BannerType2>
  <Language>en</Language>
  <Rating></Rating>
  <RatingCount>0</RatingCount>
  <Season>5</Season>
</Banner>
<Banner>
  <id>917068</id>
  <BannerPath>seasons/79334-4-5.jpg</BannerPath>
  <BannerType>season</BannerType>
  <BannerType2>season</BannerType2>
  <Language>en</Language>
  <Rating></Rating>
  <RatingCount>0</RatingCount>
  <Season>4</Season>
</Banner>
<Banner>
  <id>882587</id>
  <BannerPath>seasons/79334-1-6.jpg</BannerPath>
  <BannerType>season</BannerType>
  <BannerType2>season</BannerType2>
  <Language>ru</Language>
  <Rating></Rating>
  <RatingCount>0</RatingCount>
  <Season>1</Season>
</Banner>
<Banner>
  <id>743541</id>
  <BannerPath>seasonswide/79334-1-3.jpg</BannerPath>
  <BannerType>season</BannerType>
  <BannerType2>seasonwide</BannerType2>
  <Language>en</Language>
  <Rating>10.0000</Rating>
  <RatingCount>1</RatingCount>
  <Season>1</Season>
</Banner>
<Banner>
  <id>743551</id>
  <BannerPath>seasonswide/79334-2-2.jpg</BannerPath>
  <BannerType>season</BannerType>
  <BannerType2>seasonwide</BannerType2>
  <Language>en</Language>
  <Rating>10.0000</Rating>
  <RatingCount>1</RatingCount>
  <Season>2</Season>
</Banner>
<Banner>
  <id>743561</id>
  <BannerPath>seasonswide/79334-3.jpg</BannerPath>
  <BannerType>season</BannerType>
  <BannerType2>seasonwide</BannerType2>
  <Language>en</Language>
  <Rating>10.0000</Rating>
  <RatingCount>1</RatingCount>
  <Season>3</Season>
</Banner>
<Banner>
  <id>743571</id>
  <BannerPath>seasonswide/79334-4.jpg</BannerPath>
  <BannerType>season</BannerType>
  <BannerType2>seasonwide</BannerType2>
  <Language>en</Language>
  <Rating>6.5000</Rating>
  <RatingCount>4</RatingCount>
  <Season>4</Season>
</Banner>
<Banner>
  <id>638211</id>
  <BannerPath>seasonswide/79334-1-2.jpg</BannerPath>
  <BannerType>season</BannerType>
  <BannerType2>seasonwide</BannerType2>
  <Language>es</Language>
  <Rating>5.5000</Rating>
  <RatingCount>2</RatingCount>
  <Season>1</Season>
</Banner>
<Banner>
  <id>638221</id>
  <BannerPath>seasonswide/79334-2.jpg</BannerPath>
  <BannerType>season</BannerType>
  <BannerType2>seasonwide</BannerType2>
  <Language>es</Language>
  <Rating>5.5000</Rating>
  <RatingCount>2</RatingCount>
  <Season>2</Season>
</Banner>
<Banner>
  <id>870338</id>
  <BannerPath>seasonswide/79334-4-2.jpg</BannerPath>
  <BannerType>season</BannerType>
  <BannerType2>seasonwide</BannerType2>
  <Language>en</Language>
  <Rating>4.7500</Rating>
  <RatingCount>4</RatingCount>
  <Season>4</Season>
</Banner>
<Banner>
  <id>15831</id>
  <BannerPath>seasonswide/79334-1.jpg</BannerPath>
  <BannerType>season</BannerType>
  <BannerType2>seasonwide</BannerType2>
  <Language>es</Language>
  <Rating></Rating>
  <RatingCount>0</RatingCount>
  <Season>1</Season>
</Banner>
<Banner>
  <id>156701</id>
  <BannerPath>graphical/79334-g6.jpg</BannerPath>
  <BannerType>series</BannerType>
  <BannerType2>graphical</BannerType2>
  <Language>en</Language>
  <Rating>7.4000</Rating>
  <RatingCount>10</RatingCount>
</Banner>
<Banner>
  <id>26431</id>
  <BannerPath>graphical/79334-g4.jpg</BannerPath>
  <BannerType>series</BannerType>
  <BannerType2>graphical</BannerType2>
  <Language>en</Language>
  <Rating>7.3125</Rating>
  <RatingCount>16</RatingCount>
</Banner>
<Banner>
  <id>191271</id>
  <BannerPath>graphical/79334-g8.jpg</BannerPath>
  <BannerType>series</BannerType>
  <BannerType2>graphical</BannerType2>
  <Language>en</Language>
  <Rating>7.0000</Rating>
  <RatingCount>4</RatingCount>
</Banner>
<Banner>
  <id>8616</id>
  <BannerPath>graphical/58448-g.jpg</BannerPath>
  <BannerType>series</BannerType>
  <BannerType2>graphical</BannerType2>
  <Language>en</Language>
  <Rating>6.6364</Rating>
  <RatingCount>11</RatingCount>
</Banner>
<Banner>
  <id>15163</id>
  <BannerPath>graphical/79334-g.jpg</BannerPath>
  <BannerType>series</BannerType>
  <BannerType2>graphical</BannerType2>
  <Language>en</Language>
  <Rating>6.5000</Rating>
  <RatingCount>10</RatingCount>
</Banner>
<Banner>
  <id>161321</id>
  <BannerPath>graphical/79334-g7.jpg</BannerPath>
  <BannerType>series</BannerType>
  <BannerType2>graphical</BannerType2>
  <Language>en</Language>
  <Rating>5.5000</Rating>
  <RatingCount>4</RatingCount>
</Banner>
<Banner>
  <id>15833</id>
  <BannerPath>graphical/79334-g2.jpg</BannerPath>
  <BannerType>series</BannerType>
  <BannerType2>graphical</BannerType2>
  <Language>en</Language>
  <Rating>5.0000</Rating>
  <RatingCount>3</RatingCount>
</Banner>
<Banner>
  <id>15834</id>
  <BannerPath>graphical/79334-g3.jpg</BannerPath>
  <BannerType>series</BannerType>
  <BannerType2>graphical</BannerType2>
  <Language>en</Language>
  <Rating>3.0000</Rating>
  <RatingCount>3</RatingCount>
</Banner>
<Banner>
  <id>33412</id>
  <BannerPath>graphical/79334-g5.jpg</BannerPath>
  <BannerType>series</BannerType>
  <BannerType2>graphical</BannerType2>
  <Language>en</Language>
  <Rating>3.0000</Rating>
  <RatingCount>2</RatingCount>
</Banner>
<Banner>
  <id>185171</id>
  <BannerPath>blank/79334-3.jpg</BannerPath>
  <BannerType>series</BannerType>
  <BannerType2>blank</BannerType2>
  <Language></Language>
  <Rating>2.5000</Rating>
  <RatingCount>4</RatingCount>
</Banner>
<Banner>
  <id>9066</id>
  <BannerPath>text/58448.jpg</BannerPath>
  <BannerType>series</BannerType>
  <BannerType2>text</BannerType2>
  <Language>en</Language>
  <Rating>1.7500</Rating>
  <RatingCount>4</RatingCount>
</Banner>
<Banner>
  <id>12890</id>
  <BannerPath>blank/79334.jpg</BannerPath>
  <BannerType>series</BannerType>
  <BannerType2>blank</BannerType2>
  <Language>en</Language>
  <Rating>1.0000</Rating>
  <RatingCount>3</RatingCount>
</Banner>
<Banner>
  <id>70261</id>
  <BannerPath>blank/79334-2.jpg</BannerPath>
  <BannerType>series</BannerType>
  <BannerType2>blank</BannerType2>
  <Language></Language>
  <Rating>1.0000</Rating>
  <RatingCount>3</RatingCount>
</Banner>
</Banners>