<?xml version="1.0" encoding="UTF-8" ?>
<Actors>
<Actor>
  <id>71357</id>
  <Image>actors/71357.jpg</Image>
  <Name>Sally Field</Name>
  <Role>Nora Walker</Role>
  <SortOrder>0</SortOrder>
</Actor>
<Actor>
  <id>71356</id>
  <Image>actors/71356.jpg</Image>
  <Name>Calista Flockhart</Name>
  <Role>Kitty Walker</Role>
  <SortOrder>1</SortOrder>
</Actor>
<Actor>
  <id>79301</id>
  <Image>actors/79301.jpg</Image>
  <Name>Rob Lowe</Name>
  <Role>Senator Robert McCallister</Role>
  <SortOrder>2</SortOrder>
</Actor>
<Actor>
  <id>81485</id>
  <Image>actors/81485.jpg</Image>
  <Name>Luke MacFarlane</Name>
  <Role>Scotty Wandell</Role>
  <SortOrder>3</SortOrder>
</Actor>
<Actor>
  <id>81484</id>
  <Image>actors/81484.jpg</Image>
  <Name>John Pyper-Ferguson</Name>
  <Role>Joe Whedon</Role>
  <SortOrder>3</SortOrder>
</Actor>
<Actor>
  <id>79304</id>
  <Image>actors/79304.jpg</Image>
  <Name>Not in the cast</Name>
  <Role></Role>
  <SortOrder>3</SortOrder>
</Actor>
<Actor>
  <id>79303</id>
  <Image>actors/79303.jpg</Image>
  <Name>Not in the cast</Name>
  <Role></Role>
  <SortOrder>3</SortOrder>
</Actor>
<Actor>
  <id>79302</id>
  <Image>actors/79302.jpg</Image>
  <Name>Not in the cast</Name>
  <Role></Role>
  <SortOrder>3</SortOrder>
</Actor>
<Actor>
  <id>78823</id>
  <Image>actors/78823.jpg</Image>
  <Name>Emily VanCamp</Name>
  <Role>Rebecca Harper</Role>
  <SortOrder>3</SortOrder>
</Actor>
<Actor>
  <id>71358</id>
  <Image>actors/71358.jpg</Image>
  <Name>Balthazar Getty</Name>
  <Role>Thomas Walker</Role>
  <SortOrder>3</SortOrder>
</Actor>
<Actor>
  <id>71355</id>
  <Image>actors/71355.jpg</Image>
  <Name>Dave Annable</Name>
  <Role>Justin Walker</Role>
  <SortOrder>3</SortOrder>
</Actor>
<Actor>
  <id>71354</id>
  <Image>actors/71354.jpg</Image>
  <Name>Ron Rifkin</Name>
  <Role>Saul Holden</Role>
  <SortOrder>3</SortOrder>
</Actor>
<Actor>
  <id>71353</id>
  <Image>actors/71353.jpg</Image>
  <Name>Sarah Jane Morris</Name>
  <Role>Julia Walker</Role>
  <SortOrder>3</SortOrder>
</Actor>
<Actor>
  <id>71352</id>
  <Image>actors/71352.jpg</Image>
  <Name>John Pyper-Ferguson</Name>
  <Role>Joe Whedon</Role>
  <SortOrder>3</SortOrder>
</Actor>
<Actor>
  <id>71351</id>
  <Image>actors/71351.jpg</Image>
  <Name>Matthew Rhys</Name>
  <Role>Kevin Walker</Role>
  <SortOrder>3</SortOrder>
</Actor>
<Actor>
  <id>71350</id>
  <Image>actors/71350.jpg</Image>
  <Name>Patricia Wettig</Name>
  <Role>Holly Harper</Role>
  <SortOrder>3</SortOrder>
</Actor>
<Actor>
  <id>71349</id>
  <Image>actors/71349.jpg</Image>
  <Name>Rachel Griffiths</Name>
  <Role>Sarah Whedon</Role>
  <SortOrder>3</SortOrder>
</Actor>
<Actor>
  <id>81483</id>
  <Image></Image>
  <Name>Kerris Dorsey</Name>
  <Role>Paige Whedon</Role>
  <SortOrder>3</SortOrder>
</Actor>
<Actor>
  <id>81486</id>
  <Image></Image>
  <Name>Maxwell Perry Cotton</Name>
  <Role>Cooper Whedon</Role>
  <SortOrder>3</SortOrder>
</Actor>
</Actors>