<?xml version="1.0" encoding="UTF-8" ?>
<Data><Series>
  <id>75164</id>
  <Actors>|Mako|Phil LaMarr|</Actors>
  <Airs_DayOfWeek></Airs_DayOfWeek>
  <Airs_Time></Airs_Time>
  <ContentRating>TV-Y7</ContentRating>
  <FirstAired>2001-08-01</FirstAired>
  <Genre>|Animation|Children|</Genre>
  <IMDB_ID>tt0278238</IMDB_ID>
  <Language>en</Language>
  <Network>Cartoon Network</Network>
  <NetworkID></NetworkID>
  <Overview>This cartoon from Dexter's Labratory creator Genndy Tartakovsky tells the story of a great warrior displaced to the distant future by the evil shape-shifting wizard Aku. The world has become a bleak place under the rule of Aku, segregated into fantastic tribes and ruled by Aku's evil robot warlords. Jack travels this foreign landscape in search of a time portal that can return him to his home time so he can &quot;undo the future that is Aku!&quot;. </Overview>
  <Rating>8.9</Rating>
  <RatingCount>17</RatingCount>
  <Runtime>30</Runtime>
  <SeriesID>3064</SeriesID>
  <SeriesName>Samurai Jack</SeriesName>
  <Status>Ended</Status>
  <added></added>
  <addedBy></addedBy>
  <banner>graphical/75164-g2.jpg</banner>
  <fanart>fanart/original/75164-1.jpg</fanart>
  <lastupdated>1363883085</lastupdated>
  <poster>posters/75164-4.jpg</poster>
  <zap2it_id></zap2it_id>
</Series>
<Episode>
  <id>1911921</id>
  <Combined_episodenumber>1</Combined_episodenumber>
  <Combined_season>0</Combined_season>
  <DVD_chapter></DVD_chapter>
  <DVD_discid></DVD_discid>
  <DVD_episodenumber></DVD_episodenumber>
  <DVD_season></DVD_season>
  <Director></Director>
  <EpImgFlag></EpImgFlag>
  <EpisodeName>The Making of Samurai Jack</EpisodeName>
  <EpisodeNumber>1</EpisodeNumber>
  <FirstAired></FirstAired>
  <GuestStars></GuestStars>
  <IMDB_ID></IMDB_ID>
  <Language>en</Language>
  <Overview></Overview>
  <ProductionCode></ProductionCode>
  <Rating></Rating>
  <RatingCount>0</RatingCount>
  <SeasonNumber>0</SeasonNumber>
  <Writer></Writer>
  <absolute_number></absolute_number>
  <airsafter_season></airsafter_season>
  <airsbefore_episode></airsbefore_episode>
  <airsbefore_season></airsbefore_season>
  <filename></filename>
  <lastupdated>1282300945</lastupdated>
  <seasonid>22625</seasonid>
  <seriesid>75164</seriesid>
</Episode>
<Episode>
  <id>1911931</id>
  <Combined_episodenumber>2</Combined_episodenumber>
  <Combined_season>0</Combined_season>
  <DVD_chapter></DVD_chapter>
  <DVD_discid></DVD_discid>
  <DVD_episodenumber></DVD_episodenumber>
  <DVD_season></DVD_season>
  <Director></Director>
  <EpImgFlag></EpImgFlag>
  <EpisodeName>Original Animation Test</EpisodeName>
  <EpisodeNumber>2</EpisodeNumber>
  <FirstAired></FirstAired>
  <GuestStars></GuestStars>
  <IMDB_ID></IMDB_ID>
  <Language>en</Language>
  <Overview></Overview>
  <ProductionCode></ProductionCode>
  <Rating></Rating>
  <RatingCount>0</RatingCount>
  <SeasonNumber>0</SeasonNumber>
  <Writer></Writer>
  <absolute_number></absolute_number>
  <airsafter_season></airsafter_season>
  <airsbefore_episode></airsbefore_episode>
  <airsbefore_season></airsbefore_season>
  <filename></filename>
  <lastupdated>1282301619</lastupdated>
  <seasonid>22625</seasonid>
  <seriesid>75164</seriesid>
</Episode>
<Episode>
  <id>1911941</id>
  <Combined_episodenumber>3</Combined_episodenumber>
  <Combined_season>0</Combined_season>
  <DVD_chapter></DVD_chapter>
  <DVD_discid></DVD_discid>
  <DVD_episodenumber></DVD_episodenumber>
  <DVD_season></DVD_season>
  <Director></Director>
  <EpImgFlag></EpImgFlag>
  <EpisodeName>Original Artwork</EpisodeName>
  <EpisodeNumber>3</EpisodeNumber>
  <FirstAired></FirstAired>
  <GuestStars></GuestStars>
  <IMDB_ID></IMDB_ID>
  <Language>en</Language>
  <Overview></Overview>
  <ProductionCode></ProductionCode>
  <Rating></Rating>
  <RatingCount>0</RatingCount>
  <SeasonNumber>0</SeasonNumber>
  <Writer></Writer>
  <absolute_number></absolute_number>
  <airsafter_season></airsafter_season>
  <airsbefore_episode></airsbefore_episode>
  <airsbefore_season></airsbefore_season>
  <filename></filename>
  <lastupdated>1282300961</lastupdated>
  <seasonid>22625</seasonid>
  <seriesid>75164</seriesid>
</Episode>
<Episode>
  <id>1911951</id>
  <Combined_episodenumber>4</Combined_episodenumber>
  <Combined_season>0</Combined_season>
  <DVD_chapter></DVD_chapter>
  <DVD_discid></DVD_discid>
  <DVD_episodenumber></DVD_episodenumber>
  <DVD_season></DVD_season>
  <Director></Director>
  <EpImgFlag></EpImgFlag>
  <EpisodeName>Creator Scrapbook</EpisodeName>
  <EpisodeNumber>4</EpisodeNumber>
  <FirstAired></FirstAired>
  <GuestStars></GuestStars>
  <IMDB_ID></IMDB_ID>
  <Language>en</Language>
  <Overview></Overview>
  <ProductionCode></ProductionCode>
  <Rating></Rating>
  <RatingCount>0</RatingCount>
  <SeasonNumber>0</SeasonNumber>
  <Writer></Writer>
  <absolute_number></absolute_number>
  <airsafter_season></airsafter_season>
  <airsbefore_episode></airsbefore_episode>
  <airsbefore_season></airsbefore_season>
  <filename></filename>
  <lastupdated>1268933316</lastupdated>
  <seasonid>22625</seasonid>
  <seriesid>75164</seriesid>
</Episode>
<Episode>
  <id>1911961</id>
  <Combined_episodenumber>5</Combined_episodenumber>
  <Combined_season>0</Combined_season>
  <DVD_chapter></DVD_chapter>
  <DVD_discid></DVD_discid>
  <DVD_episodenumber></DVD_episodenumber>
  <DVD_season></DVD_season>
  <Director></Director>
  <EpImgFlag></EpImgFlag>
  <EpisodeName>An Original Episode Pitch</EpisodeName>
  <EpisodeNumber>5</EpisodeNumber>
  <FirstAired></FirstAired>
  <GuestStars></GuestStars>
  <IMDB_ID></IMDB_ID>
  <Language>en</Language>
  <Overview></Overview>
  <ProductionCode></ProductionCode>
  <Rating></Rating>
  <RatingCount>0</RatingCount>
  <SeasonNumber>0</SeasonNumber>
  <Writer></Writer>
  <absolute_number></absolute_number>
  <airsafter_season></airsafter_season>
  <airsbefore_episode></airsbefore_episode>
  <airsbefore_season></airsbefore_season>
  <filename></filename>
  <lastupdated>1268933336</lastupdated>
  <seasonid>22625</seasonid>
  <seriesid>75164</seriesid>
</Episode>
<Episode>
  <id>1911971</id>
  <Combined_episodenumber>6</Combined_episodenumber>
  <Combined_season>0</Combined_season>
  <DVD_chapter></DVD_chapter>
  <DVD_discid></DVD_discid>
  <DVD_episodenumber></DVD_episodenumber>
  <DVD_season></DVD_season>
  <Director></Director>
  <EpImgFlag></EpImgFlag>
  <EpisodeName>The Martial Arts of Samurai Jack</EpisodeName>
  <EpisodeNumber>6</EpisodeNumber>
  <FirstAired></FirstAired>
  <GuestStars></GuestStars>
  <IMDB_ID></IMDB_ID>
  <Language>en</Language>
  <Overview></Overview>
  <ProductionCode></ProductionCode>
  <Rating></Rating>
  <RatingCount>0</RatingCount>
  <SeasonNumber>0</SeasonNumber>
  <Writer></Writer>
  <absolute_number></absolute_number>
  <airsafter_season></airsafter_season>
  <airsbefore_episode></airsbefore_episode>
  <airsbefore_season></airsbefore_season>
  <filename></filename>
  <lastupdated>1268933486</lastupdated>
  <seasonid>22625</seasonid>
  <seriesid>75164</seriesid>
</Episode>
<Episode>
  <id>1911981</id>
  <Combined_episodenumber>7</Combined_episodenumber>
  <Combined_season>0</Combined_season>
  <DVD_chapter></DVD_chapter>
  <DVD_discid></DVD_discid>
  <DVD_episodenumber></DVD_episodenumber>
  <DVD_season></DVD_season>
  <Director></Director>
  <EpImgFlag></EpImgFlag>
  <EpisodeName>Lost Artwork Gallery</EpisodeName>
  <EpisodeNumber>7</EpisodeNumber>
  <FirstAired></FirstAired>
  <GuestStars></GuestStars>
  <IMDB_ID></IMDB_ID>
  <Language>en</Language>
  <Overview></Overview>
  <ProductionCode></ProductionCode>
  <Rating></Rating>
  <RatingCount>0</RatingCount>
  <SeasonNumber>0</SeasonNumber>
  <Writer></Writer>
  <absolute_number></absolute_number>
  <airsafter_season></airsafter_season>
  <airsbefore_episode></airsbefore_episode>
  <airsbefore_season></airsbefore_season>
  <filename></filename>
  <lastupdated>1268933498</lastupdated>
  <seasonid>22625</seasonid>
  <seriesid>75164</seriesid>
</Episode>
<Episode>
  <id>1912021</id>
  <Combined_episodenumber>8</Combined_episodenumber>
  <Combined_season>0</Combined_season>
  <DVD_chapter></DVD_chapter>
  <DVD_discid></DVD_discid>
  <DVD_episodenumber></DVD_episodenumber>
  <DVD_season></DVD_season>
  <Director></Director>
  <EpImgFlag></EpImgFlag>
  <EpisodeName>Samurai Jack Promos</EpisodeName>
  <EpisodeNumber>8</EpisodeNumber>
  <FirstAired></FirstAired>
  <GuestStars></GuestStars>
  <IMDB_ID></IMDB_ID>
  <Language>en</Language>
  <Overview></Overview>
  <ProductionCode></ProductionCode>
  <Rating></Rating>
  <RatingCount>0</RatingCount>
  <SeasonNumber>0</SeasonNumber>
  <Writer></Writer>
  <absolute_number></absolute_number>
  <airsafter_season></airsafter_season>
  <airsbefore_episode></airsbefore_episode>
  <airsbefore_season></airsbefore_season>
  <filename></filename>
  <lastupdated>1268934063</lastupdated>
  <seasonid>22625</seasonid>
  <seriesid>75164</seriesid>
</Episode>
<Episode>
  <id>1912031</id>
  <Combined_episodenumber>9</Combined_episodenumber>
  <Combined_season>0</Combined_season>
  <DVD_chapter></DVD_chapter>
  <DVD_discid></DVD_discid>
  <DVD_episodenumber></DVD_episodenumber>
  <DVD_season></DVD_season>
  <Director></Director>
  <EpImgFlag></EpImgFlag>
  <EpisodeName>Deleted Scenes</EpisodeName>
  <EpisodeNumber>9</EpisodeNumber>
  <FirstAired></FirstAired>
  <GuestStars></GuestStars>
  <IMDB_ID></IMDB_ID>
  <Language>en</Language>
  <Overview></Overview>
  <ProductionCode></ProductionCode>
  <Rating></Rating>
  <RatingCount>0</RatingCount>
  <SeasonNumber>0</SeasonNumber>
  <Writer></Writer>
  <absolute_number></absolute_number>
  <airsafter_season></airsafter_season>
  <airsbefore_episode></airsbefore_episode>
  <airsbefore_season></airsbefore_season>
  <filename></filename>
  <lastupdated>1268934073</lastupdated>
  <seasonid>22625</seasonid>
  <seriesid>75164</seriesid>
</Episode>
<Episode>
  <id>1912041</id>
  <Combined_episodenumber>10</Combined_episodenumber>
  <Combined_season>0</Combined_season>
  <DVD_chapter></DVD_chapter>
  <DVD_discid></DVD_discid>
  <DVD_episodenumber></DVD_episodenumber>
  <DVD_season></DVD_season>
  <Director></Director>
  <EpImgFlag></EpImgFlag>
  <EpisodeName>Genndy's New Projects</EpisodeName>
  <EpisodeNumber>10</EpisodeNumber>
  <FirstAired></FirstAired>
  <GuestStars></GuestStars>
  <IMDB_ID></IMDB_ID>
  <Language>en</Language>
  <Overview></Overview>
  <ProductionCode></ProductionCode>
  <Rating></Rating>
  <RatingCount>0</RatingCount>
  <SeasonNumber>0</SeasonNumber>
  <Writer></Writer>
  <absolute_number></absolute_number>
  <airsafter_season></airsafter_season>
  <airsbefore_episode></airsbefore_episode>
  <airsbefore_season></airsbefore_season>
  <filename></filename>
  <lastupdated>1268934090</lastupdated>
  <seasonid>22625</seasonid>
  <seriesid>75164</seriesid>
</Episode>
<Episode>
  <id>1912051</id>
  <Combined_episodenumber>11</Combined_episodenumber>
  <Combined_season>0</Combined_season>
  <DVD_chapter></DVD_chapter>
  <DVD_discid></DVD_discid>
  <DVD_episodenumber></DVD_episodenumber>
  <DVD_season></DVD_season>
  <Director></Director>
  <EpImgFlag></EpImgFlag>
  <EpisodeName>Genndy's Roundtable</EpisodeName>
  <EpisodeNumber>11</EpisodeNumber>
  <FirstAired></FirstAired>
  <GuestStars></GuestStars>
  <IMDB_ID></IMDB_ID>
  <Language>en</Language>
  <Overview></Overview>
  <ProductionCode></ProductionCode>
  <Rating></Rating>
  <RatingCount>0</RatingCount>
  <SeasonNumber>0</SeasonNumber>
  <Writer></Writer>
  <absolute_number></absolute_number>
  <airsafter_season></airsafter_season>
  <airsbefore_episode></airsbefore_episode>
  <airsbefore_season></airsbefore_season>
  <filename></filename>
  <lastupdated>1268934112</lastupdated>
  <seasonid>22625</seasonid>
  <seriesid>75164</seriesid>
</Episode>
<Episode>
  <id>1936301</id>
  <Combined_episodenumber>12</Combined_episodenumber>
  <Combined_season>0</Combined_season>
  <DVD_chapter></DVD_chapter>
  <DVD_discid></DVD_discid>
  <DVD_episodenumber></DVD_episodenumber>
  <DVD_season></DVD_season>
  <Director></Director>
  <EpImgFlag></EpImgFlag>
  <EpisodeName>Creator Commentary Episode XXV - Jack and the Spartans</EpisodeName>
  <EpisodeNumber>12</EpisodeNumber>
  <FirstAired></FirstAired>
  <GuestStars></GuestStars>
  <IMDB_ID></IMDB_ID>
  <Language>en</Language>
  <Overview></Overview>
  <ProductionCode></ProductionCode>
  <Rating></Rating>
  <RatingCount>0</RatingCount>
  <SeasonNumber>0</SeasonNumber>
  <Writer></Writer>
  <absolute_number></absolute_number>
  <airsafter_season></airsafter_season>
  <airsbefore_episode></airsbefore_episode>
  <airsbefore_season></airsbefore_season>
  <filename></filename>
  <lastupdated>1269234817</lastupdated>
  <seasonid>22625</seasonid>
  <seriesid>75164</seriesid>
</Episode>
<Episode>
  <id>1936311</id>
  <Combined_episodenumber>13</Combined_episodenumber>
  <Combined_season>0</Combined_season>
  <DVD_chapter></DVD_chapter>
  <DVD_discid></DVD_discid>
  <DVD_episodenumber></DVD_episodenumber>
  <DVD_season></DVD_season>
  <Director></Director>
  <EpImgFlag></EpImgFlag>
  <EpisodeName>Creator Commentary Episode XXXVII - Birth of Evil</EpisodeName>
  <EpisodeNumber>13</EpisodeNumber>
  <FirstAired></FirstAired>
  <GuestStars></GuestStars>
  <IMDB_ID></IMDB_ID>
  <Language>en</Language>
  <Overview></Overview>
  <ProductionCode></ProductionCode>
  <Rating></Rating>
  <RatingCount>0</RatingCount>
  <SeasonNumber>0</SeasonNumber>
  <Writer></Writer>
  <absolute_number></absolute_number>
  <airsafter_season></airsafter_season>
  <airsbefore_episode></airsbefore_episode>
  <airsbefore_season></airsbefore_season>
  <filename></filename>
  <lastupdated>1269234809</lastupdated>
  <seasonid>22625</seasonid>
  <seriesid>75164</seriesid>
</Episode>
<Episode>
  <id>165910</id>
  <Combined_episodenumber>1</Combined_episodenumber>
  <Combined_season>1</Combined_season>
  <DVD_chapter></DVD_chapter>
  <DVD_discid></DVD_discid>
  <DVD_episodenumber></DVD_episodenumber>
  <DVD_season></DVD_season>
  <Director>|Genndy Tartakovsky|</Director>
  <EpImgFlag></EpImgFlag>
  <EpisodeName>The Beginning</EpisodeName>
  <EpisodeNumber>1</EpisodeNumber>
  <FirstAired>2001-08-10</FirstAired>
  <GuestStars>|Sab Shimono|Kevin Michael Richardson|Jeff Bennett|Jennifer Hale|Rob Paulsen|Phil LaMarr|</GuestStars>
  <IMDB_ID>tt0768684</IMDB_ID>
  <Language>en</Language>
  <Overview>Aku, the shape-shifting master of evil, devastates a young boy's land, forcing him to travel around the world to train as a samurai.  When Samurai Jack returns to free his people, he is instead flung into the far future, where he must quest to undo the future that is Aku.</Overview>
  <ProductionCode>101</ProductionCode>
  <Rating>7.8</Rating>
  <RatingCount>4</RatingCount>
  <SeasonNumber>1</SeasonNumber>
  <Writer>|Genndy Tartakovsky|</Writer>
  <absolute_number>1</absolute_number>
  <filename>episodes/75164/165910.jpg</filename>
  <lastupdated>1361615625</lastupdated>
  <seasonid>8566</seasonid>
  <seriesid>75164</seriesid>
</Episode>
<Episode>
  <id>165911</id>
  <Combined_episodenumber>2</Combined_episodenumber>
  <Combined_season>1</Combined_season>
  <DVD_chapter></DVD_chapter>
  <DVD_discid></DVD_discid>
  <DVD_episodenumber></DVD_episodenumber>
  <DVD_season></DVD_season>
  <Director>|Genndy Tartakovsky|</Director>
  <EpImgFlag></EpImgFlag>
  <EpisodeName>The Samurai Called Jack</EpisodeName>
  <EpisodeNumber>2</EpisodeNumber>
  <FirstAired>2001-08-10</FirstAired>
  <GuestStars></GuestStars>
  <IMDB_ID>tt0834491</IMDB_ID>
  <Language>en</Language>
  <Overview>Jack befriends some talking archeologist dogs and learns of his location: In the future shaped by years of Aku's evil reign. He vows to help the dogs gain their freedom from a life of enslaved jewel mining.</Overview>
  <ProductionCode>102</ProductionCode>
  <Rating>7.6</Rating>
  <RatingCount>5</RatingCount>
  <SeasonNumber>1</SeasonNumber>
  <Writer>|Genndy Tartakovsky|</Writer>
  <absolute_number>2</absolute_number>
  <filename>episodes/75164/165911.jpg</filename>
  <lastupdated>1361615644</lastupdated>
  <seasonid>8566</seasonid>
  <seriesid>75164</seriesid>
</Episode>
<Episode>
  <id>165912</id>
  <Combined_episodenumber>3</Combined_episodenumber>
  <Combined_season>1</Combined_season>
  <DVD_chapter></DVD_chapter>
  <DVD_discid></DVD_discid>
  <DVD_episodenumber></DVD_episodenumber>
  <DVD_season></DVD_season>
  <Director>|Genndy Tartakovsky|</Director>
  <EpImgFlag></EpImgFlag>
  <EpisodeName>The First Fight</EpisodeName>
  <EpisodeNumber>3</EpisodeNumber>
  <FirstAired>2001-08-10</FirstAired>
  <GuestStars></GuestStars>
  <IMDB_ID>tt0834490</IMDB_ID>
  <Language>en</Language>
  <Overview>Aku learns of Jack's arrival in the future, and of the help he is giving the dogs. He sends a huge army of insect drones to destroy Jack and the dogs alike. Jack has been busy preparing many traps for them however, and when they arrive the battle begins in earnest.</Overview>
  <ProductionCode>103</ProductionCode>
  <Rating>7.3</Rating>
  <RatingCount>4</RatingCount>
  <SeasonNumber>1</SeasonNumber>
  <Writer>|Genndy Tartakovsky|</Writer>
  <absolute_number>3</absolute_number>
  <filename>episodes/75164/165912.jpg</filename>
  <lastupdated>1361615657</lastupdated>
  <seasonid>8566</seasonid>
  <seriesid>75164</seriesid>
</Episode>
<Episode>
  <id>165913</id>
  <Combined_episodenumber>4</Combined_episodenumber>
  <Combined_season>1</Combined_season>
  <DVD_chapter></DVD_chapter>
  <DVD_discid></DVD_discid>
  <DVD_episodenumber></DVD_episodenumber>
  <DVD_season></DVD_season>
  <Director>|Randy Myers|Genndy Tartakovsky|</Director>
  <EpImgFlag></EpImgFlag>
  <EpisodeName>Jack, the Woolies, and the Chritchellites</EpisodeName>
  <EpisodeNumber>4</EpisodeNumber>
  <FirstAired>2001-08-13</FirstAired>
  <GuestStars>|Tom Kenny|Brook Peters|Kevin Michael Richardson|</GuestStars>
  <IMDB_ID>tt0693973</IMDB_ID>
  <Language>en</Language>
  <Overview>Jack comes into contact with a tribe of creatures who utilize their technology to subdue a group of supposedly savage beasts called &quot;Woolies.&quot;  Little does Jack know, there is more to the situation than meets the eye.</Overview>
  <ProductionCode>104</ProductionCode>
  <Rating>7.3</Rating>
  <RatingCount>3</RatingCount>
  <SeasonNumber>1</SeasonNumber>
  <Writer>|Chris Reccardi|Chris Mitchell|</Writer>
  <absolute_number>4</absolute_number>
  <filename>episodes/75164/165913.jpg</filename>
  <lastupdated>1361615672</lastupdated>
  <seasonid>8566</seasonid>
  <seriesid>75164</seriesid>
</Episode>
<Episode>
  <id>165914</id>
  <Combined_episodenumber>5</Combined_episodenumber>
  <Combined_season>1</Combined_season>
  <DVD_chapter></DVD_chapter>
  <DVD_discid></DVD_discid>
  <DVD_episodenumber></DVD_episodenumber>
  <DVD_season></DVD_season>
  <Director>|Genndy Tartakovsky|</Director>
  <EpImgFlag></EpImgFlag>
  <EpisodeName>Jack in Space</EpisodeName>
  <EpisodeNumber>5</EpisodeNumber>
  <FirstAired>2001-08-27</FirstAired>
  <GuestStars>|Phil LaMarr|Jeff Bennett|Jennifer Hale|Tom Kenny|</GuestStars>
  <IMDB_ID>tt0834488</IMDB_ID>
  <Language>en</Language>
  <Overview>Samurai Jack befriends a future community building a spaceship to escape Aku's tyrannic rule.  Jack agrees to assist in their escape by fighting off the blockade orbiting the planet in return for a trip through time back home.</Overview>
  <ProductionCode>105</ProductionCode>
  <Rating>6.7</Rating>
  <RatingCount>3</RatingCount>
  <SeasonNumber>1</SeasonNumber>
  <Writer>|Genndy Tartakovsky|</Writer>
  <absolute_number>5</absolute_number>
  <filename>episodes/75164/165914.jpg</filename>
  <lastupdated>1361615688</lastupdated>
  <seasonid>8566</seasonid>
  <seriesid>75164</seriesid>
</Episode>
<Episode>
  <id>165915</id>
  <Combined_episodenumber>6</Combined_episodenumber>
  <Combined_season>1</Combined_season>
  <DVD_chapter></DVD_chapter>
  <DVD_discid></DVD_discid>
  <DVD_episodenumber></DVD_episodenumber>
  <DVD_season></DVD_season>
  <Director>|Rob Renzetti|Genndy Tartakovsky|</Director>
  <EpImgFlag></EpImgFlag>
  <EpisodeName>Jack and the Warrior Woman</EpisodeName>
  <EpisodeNumber>6</EpisodeNumber>
  <FirstAired>2001-11-19</FirstAired>
  <GuestStars>|Danny Mann|Jennifer Martin|</GuestStars>
  <IMDB_ID>tt0834487</IMDB_ID>
  <Language>en</Language>
  <Overview>Jack searches for the the magical jewel the Woolies told him would be able to send him back in time. Locating the last survivor of the race who can reveal its location, Jack learns of how to find the jewel, and meets up with a woman questing for the same jewel. They journey through the desert together, but will they be able to share the jewel if they find it?</Overview>
  <ProductionCode>106</ProductionCode>
  <Rating>8.0</Rating>
  <RatingCount>2</RatingCount>
  <SeasonNumber>1</SeasonNumber>
  <Writer>|Mike Manley|Genndy Tartakovsky|</Writer>
  <absolute_number>6</absolute_number>
  <filename>episodes/75164/165915.jpg</filename>
  <lastupdated>1361615704</lastupdated>
  <seasonid>8566</seasonid>
  <seriesid>75164</seriesid>
</Episode>
<Episode>
  <id>165916</id>
  <Combined_episodenumber>7</Combined_episodenumber>
  <Combined_season>1</Combined_season>
  <DVD_chapter></DVD_chapter>
  <DVD_discid></DVD_discid>
  <DVD_episodenumber></DVD_episodenumber>
  <DVD_season></DVD_season>
  <Director>|Genndy Tartakovsky|</Director>
  <EpImgFlag></EpImgFlag>
  <EpisodeName>Jack and the Three Blind Archers</EpisodeName>
  <EpisodeNumber>7</EpisodeNumber>
  <FirstAired>2001-08-20</FirstAired>
  <GuestStars>|Phil LaMarr|Joe Alaskey|Kevin Michael Richardson|Clyde Kusatsu|</GuestStars>
  <IMDB_ID>tt0693957</IMDB_ID>
  <Language>en</Language>
  <Overview>Samurai Jack hears of a mysterious island which possesses a well that can grant any wish. He arrives at the island and discovers the well is not alone.</Overview>
  <ProductionCode>107</ProductionCode>
  <Rating>8.0</Rating>
  <RatingCount>2</RatingCount>
  <SeasonNumber>1</SeasonNumber>
  <Writer>|Mark Andrews|Bryan Andrews|</Writer>
  <absolute_number>7</absolute_number>
  <filename>episodes/75164/165916.jpg</filename>
  <lastupdated>1361615716</lastupdated>
  <seasonid>8566</seasonid>
  <seriesid>75164</seriesid>
</Episode>
<Episode>
  <id>165917</id>
  <Combined_episodenumber>8</Combined_episodenumber>
  <Combined_season>1</Combined_season>
  <DVD_chapter></DVD_chapter>
  <DVD_discid></DVD_discid>
  <DVD_episodenumber></DVD_episodenumber>
  <DVD_season></DVD_season>
  <Director>|Randy Myers|Genndy Tartakovsky|</Director>
  <EpImgFlag></EpImgFlag>
  <EpisodeName>Jack versus Mad Jack</EpisodeName>
  <EpisodeNumber>8</EpisodeNumber>
  <FirstAired>2001-10-15</FirstAired>
  <GuestStars>|Tom Kenny|Kevin Michael Richardson|Phil LaMarr|</GuestStars>
  <IMDB_ID>tt0834489</IMDB_ID>
  <Language>en</Language>
  <Overview>Aku places a bounty on Jack's head, but is disappointed by the failure of some inept hunters, so he creates an evil spirit-clone version of Jack to finish our hero off for good.</Overview>
  <ProductionCode>108</ProductionCode>
  <Rating>7.0</Rating>
  <RatingCount>1</RatingCount>
  <SeasonNumber>1</SeasonNumber>
  <Writer>|Chris Mitchell|Carey Yost|</Writer>
  <absolute_number>8</absolute_number>
  <filename>episodes/75164/165917.jpg</filename>
  <lastupdated>1361615735</lastupdated>
  <seasonid>8566</seasonid>
  <seriesid>75164</seriesid>
</Episode>
<Episode>
  <id>165918</id>
  <Combined_episodenumber>9</Combined_episodenumber>
  <Combined_season>1</Combined_season>
  <DVD_chapter></DVD_chapter>
  <DVD_discid></DVD_discid>
  <DVD_episodenumber></DVD_episodenumber>
  <DVD_season></DVD_season>
  <Director>|Rob Renzetti|Genndy Tartakovsky|</Director>
  <EpImgFlag></EpImgFlag>
  <EpisodeName>Jack Under the Sea</EpisodeName>
  <EpisodeNumber>9</EpisodeNumber>
  <FirstAired>2001-09-03</FirstAired>
  <GuestStars>|Jeff Bennett|Mark Hamill|Jess Harnell|</GuestStars>
  <IMDB_ID>tt0693968</IMDB_ID>
  <Language>en</Language>
  <Overview>Jack hears tales about a race of amphibians living in an underwater city who have a time machine. He searches them out, and they agree to let him use the machine, but the creatures have not been entirely truthful.</Overview>
  <ProductionCode>109</ProductionCode>
  <Rating>8.0</Rating>
  <RatingCount>1</RatingCount>
  <SeasonNumber>1</SeasonNumber>
  <Writer>|Chris Reccardi|Charlie Bean|</Writer>
  <absolute_number>9</absolute_number>
  <filename>episodes/75164/165918.jpg</filename>
  <lastupdated>1361615756</lastupdated>
  <seasonid>8566</seasonid>
  <seriesid>75164</seriesid>
</Episode>
<Episode>
  <id>165919</id>
  <Combined_episodenumber>10</Combined_episodenumber>
  <Combined_season>1</Combined_season>
  <DVD_chapter></DVD_chapter>
  <DVD_discid></DVD_discid>
  <DVD_episodenumber></DVD_episodenumber>
  <DVD_season></DVD_season>
  <Director>|Genndy Tartakovsky|</Director>
  <EpImgFlag></EpImgFlag>
  <EpisodeName>Jack and the Lava Monster</EpisodeName>
  <EpisodeNumber>10</EpisodeNumber>
  <FirstAired>2001-11-05</FirstAired>
  <GuestStars>|Richard McGonagle|</GuestStars>
  <IMDB_ID>tt0834484</IMDB_ID>
  <Language>en</Language>
  <Overview>Called on by a mysterious voice, Jack overcomes many obstacles and booby traps to find who is calling him. Deep in the earth he finds it is a creature made from rock and lava, who immediately challenges Jack to a fight, but why did it call for Jack?</Overview>
  <ProductionCode>110</ProductionCode>
  <Rating>8.0</Rating>
  <RatingCount>2</RatingCount>
  <SeasonNumber>1</SeasonNumber>
  <Writer>|Genndy Tartakovsky|</Writer>
  <absolute_number>10</absolute_number>
  <filename>episodes/75164/165919.jpg</filename>
  <lastupdated>1361615769</lastupdated>
  <seasonid>8566</seasonid>
  <seriesid>75164</seriesid>
</Episode>
<Episode>
  <id>165920</id>
  <Combined_episodenumber>11</Combined_episodenumber>
  <Combined_season>1</Combined_season>
  <DVD_chapter></DVD_chapter>
  <DVD_discid></DVD_discid>
  <DVD_episodenumber></DVD_episodenumber>
  <DVD_season></DVD_season>
  <Director>|Genndy Tartakovsky|</Director>
  <EpImgFlag></EpImgFlag>
  <EpisodeName>Jack and the Scotsman</EpisodeName>
  <EpisodeNumber>11</EpisodeNumber>
  <FirstAired>2001-10-29</FirstAired>
  <GuestStars>|John DiMaggio|Kevin Michael Richardson|</GuestStars>
  <IMDB_ID>tt0693966</IMDB_ID>
  <Language>en</Language>
  <Overview>When Jack and a Scotsman meet on a seemingly never-ending bridge, they end up shackled together and on the run from bounty hunters.</Overview>
  <ProductionCode>111</ProductionCode>
  <Rating>8.5</Rating>
  <RatingCount>2</RatingCount>
  <SeasonNumber>1</SeasonNumber>
  <Writer>|Genndy Tartakovsky|</Writer>
  <absolute_number>11</absolute_number>
  <filename>episodes/75164/165920.jpg</filename>
  <lastupdated>1361615797</lastupdated>
  <seasonid>8566</seasonid>
  <seriesid>75164</seriesid>
</Episode>
<Episode>
  <id>165921</id>
  <Combined_episodenumber>12</Combined_episodenumber>
  <Combined_season>1</Combined_season>
  <DVD_chapter></DVD_chapter>
  <DVD_discid></DVD_discid>
  <DVD_episodenumber></DVD_episodenumber>
  <DVD_season></DVD_season>
  <Director>|Genndy Tartakovsky|</Director>
  <EpImgFlag></EpImgFlag>
  <EpisodeName>Jack and the Gangsters</EpisodeName>
  <EpisodeNumber>12</EpisodeNumber>
  <FirstAired>2001-11-26</FirstAired>
  <GuestStars>|Phil LaMarr|Maurice LaMarche|Larry Cedar|Grey Delisle|AndrÃ© Sogliuzzo|Kevin Michael Richardson|</GuestStars>
  <IMDB_ID>tt0693962</IMDB_ID>
  <Language>en</Language>
  <Overview>Jack joins a group of gangsters who work for Aku. He also agrees to help steal the heavily protected crystal that can give Aku power over the whole planet. Fortunately Jack has not become a traitor, but has his own plans of how to hand over the swag.</Overview>
  <ProductionCode>112</ProductionCode>
  <Rating>10.0</Rating>
  <RatingCount>1</RatingCount>
  <SeasonNumber>1</SeasonNumber>
  <Writer>|Genndy Tartakovsky|</Writer>
  <absolute_number>12</absolute_number>
  <filename>episodes/75164/165921.jpg</filename>
  <lastupdated>1361615808</lastupdated>
  <seasonid>8566</seasonid>
  <seriesid>75164</seriesid>
</Episode>
<Episode>
  <id>165922</id>
  <Combined_episodenumber>13</Combined_episodenumber>
  <Combined_season>1</Combined_season>
  <DVD_chapter></DVD_chapter>
  <DVD_discid></DVD_discid>
  <DVD_episodenumber></DVD_episodenumber>
  <DVD_season></DVD_season>
  <Director>|Genndy Tartakovsky|</Director>
  <EpImgFlag></EpImgFlag>
  <EpisodeName>Aku's Fairy Tales</EpisodeName>
  <EpisodeNumber>13</EpisodeNumber>
  <FirstAired>2001-12-03</FirstAired>
  <GuestStars>|Jeff Bennett|Gary Leroi Gray|Grey Delisle|Tom Kenny|Josh Peck|</GuestStars>
  <IMDB_ID>tt0834482</IMDB_ID>
  <Language>en</Language>
  <Overview>The tales of Jack's adventures have spread far and wide, and children are having fun acting out the stories.  Aku, in an attempt to keep the children in line, decides to spread a few stories of his own.</Overview>
  <ProductionCode>113</ProductionCode>
  <Rating>10.0</Rating>
  <RatingCount>1</RatingCount>
  <SeasonNumber>1</SeasonNumber>
  <Writer>|Genndy Tartakovsky|</Writer>
  <absolute_number>13</absolute_number>
  <filename>episodes/75164/165922.jpg</filename>
  <lastupdated>1361615817</lastupdated>
  <seasonid>8566</seasonid>
  <seriesid>75164</seriesid>
</Episode>
<Episode>
  <id>165923</id>
  <Combined_episodenumber>1</Combined_episodenumber>
  <Combined_season>2</Combined_season>
  <DVD_chapter></DVD_chapter>
  <DVD_discid></DVD_discid>
  <DVD_episodenumber></DVD_episodenumber>
  <DVD_season></DVD_season>
  <Director>|Genndy Tartakovsky|</Director>
  <EpImgFlag></EpImgFlag>
  <EpisodeName>Jack Learns to Jump Good</EpisodeName>
  <EpisodeNumber>1</EpisodeNumber>
  <FirstAired>2002-03-01</FirstAired>
  <GuestStars>|Jeff Bennett|</GuestStars>
  <IMDB_ID>tt0837448</IMDB_ID>
  <Language>en</Language>
  <Overview>Jack tries to save a peaceful tribe that move constantly due to an opposing food-stealing tribe of monkey/lions: Jack meets up with the Monkey Boy who can &quot;&quot;jump good&quot;&quot; almost to the point of flying. Jack is taken to his village and agrees to teach a group of furry creatures to fend for themselves in return for &quot;&quot;jumping good&quot;&quot; lessons. Jack teaches the creatures to use bamboo to fight and together they set up an array of traps for the monkey/lions. In return Jack has an challenging time trying to &quot;&quot;jump good&quot;&quot;, a process involving climbing hills and vines... with boulders attached to his body.</Overview>
  <ProductionCode>201</ProductionCode>
  <Rating>8.3</Rating>
  <RatingCount>3</RatingCount>
  <SeasonNumber>2</SeasonNumber>
  <Writer>|Genndy Tartakovsky|</Writer>
  <absolute_number>14</absolute_number>
  <filename>episodes/75164/165923.jpg</filename>
  <lastupdated>1361615851</lastupdated>
  <seasonid>8567</seasonid>
  <seriesid>75164</seriesid>
</Episode>
<Episode>
  <id>165924</id>
  <Combined_episodenumber>2</Combined_episodenumber>
  <Combined_season>2</Combined_season>
  <DVD_chapter></DVD_chapter>
  <DVD_discid></DVD_discid>
  <DVD_episodenumber></DVD_episodenumber>
  <DVD_season></DVD_season>
  <Director>|Genndy Tartakovsky|</Director>
  <EpImgFlag></EpImgFlag>
  <EpisodeName>Jack Tales</EpisodeName>
  <EpisodeNumber>2</EpisodeNumber>
  <FirstAired>2002-03-08</FirstAired>
  <GuestStars>|Tim Curry|Phil LaMarr|Jeff Bennett|Jennifer Hale|</GuestStars>
  <IMDB_ID>tt0837450</IMDB_ID>
  <Language>en</Language>
  <Overview>Three short stories: 1) Jack confronts a two-headed riddling serpent who will grant him his wish if he can answer their questions. 2) Jack confronts a family that feed on metal, only for him and they to find out that they are robots. 3) Jack tries to rescue a wish-granting fairy from a gargoyle.</Overview>
  <ProductionCode>202</ProductionCode>
  <Rating>7.0</Rating>
  <RatingCount>1</RatingCount>
  <SeasonNumber>2</SeasonNumber>
  <Writer>|Genndy Tartakovsky|</Writer>
  <absolute_number>15</absolute_number>
  <filename>episodes/75164/165924.jpg</filename>
  <lastupdated>1361615862</lastupdated>
  <seasonid>8567</seasonid>
  <seriesid>75164</seriesid>
</Episode>
<Episode>
  <id>165925</id>
  <Combined_episodenumber>3</Combined_episodenumber>
  <Combined_season>2</Combined_season>
  <DVD_chapter></DVD_chapter>
  <DVD_discid></DVD_discid>
  <DVD_episodenumber></DVD_episodenumber>
  <DVD_season></DVD_season>
  <Director>|Genndy Tartakovsky|</Director>
  <EpImgFlag></EpImgFlag>
  <EpisodeName>Jack and the Smackback</EpisodeName>
  <EpisodeNumber>3</EpisodeNumber>
  <FirstAired>2002-03-15</FirstAired>
  <GuestStars>|Phil LaMarr|Jeff Bennett|Richard McGonagle|Kevin Michael Richardson|</GuestStars>
  <IMDB_ID>tt0837461</IMDB_ID>
  <Language>en</Language>
  <Overview>Jack is kidnapped and placed in a chain gang of warriors chosen to battle in the Dome of Doom, against the Smackback Ultimate Champions. Even without his sword, Jack defeats Gordo and the Aqualizer, and then must defeat the massive but ticklish Sumoto with the aid of his top knot. In desperation the Ringleader sends his remaining gladiators after Jack, who defeats them handily and forces the Ringleader to release the gladiator-slaves.</Overview>
  <ProductionCode>203</ProductionCode>
  <Rating>7.5</Rating>
  <RatingCount>2</RatingCount>
  <SeasonNumber>2</SeasonNumber>
  <Writer>|Chris Reccardi|</Writer>
  <absolute_number>16</absolute_number>
  <filename>episodes/75164/165925.jpg</filename>
  <lastupdated>1361615874</lastupdated>
  <seasonid>8567</seasonid>
  <seriesid>75164</seriesid>
</Episode>
<Episode>
  <id>165926</id>
  <Combined_episodenumber>4</Combined_episodenumber>
  <Combined_season>2</Combined_season>
  <DVD_chapter></DVD_chapter>
  <DVD_discid></DVD_discid>
  <DVD_episodenumber></DVD_episodenumber>
  <DVD_season></DVD_season>
  <Director>|Genndy Tartakovsky|</Director>
  <EpImgFlag></EpImgFlag>
  <EpisodeName>Jack and the Scotsman (2)</EpisodeName>
  <EpisodeNumber>4</EpisodeNumber>
  <FirstAired>2002-03-22</FirstAired>
  <GuestStars>|Phil LaMarr|Jeff Bennett|John DiMaggio|Ruth Williamson|Patrick Pinney|</GuestStars>
  <IMDB_ID>tt0693959</IMDB_ID>
  <Language>en</Language>
  <Overview>The Scotsman needs Jack's help to save his kidnapped wife. But this woman is hardly the distressed damsel the Scotsman makes her out to be.</Overview>
  <ProductionCode>204</ProductionCode>
  <Rating>8.5</Rating>
  <RatingCount>2</RatingCount>
  <SeasonNumber>2</SeasonNumber>
  <Writer>|Genndy Tartakovsky|</Writer>
  <absolute_number>17</absolute_number>
  <filename>episodes/75164/165926.jpg</filename>
  <lastupdated>1361615885</lastupdated>
  <seasonid>8567</seasonid>
  <seriesid>75164</seriesid>
</Episode>
<Episode>
  <id>165927</id>
  <Combined_episodenumber>5</Combined_episodenumber>
  <Combined_season>2</Combined_season>
  <DVD_chapter></DVD_chapter>
  <DVD_discid></DVD_discid>
  <DVD_episodenumber></DVD_episodenumber>
  <DVD_season></DVD_season>
  <Director>|Genndy Tartakovsky|</Director>
  <EpImgFlag></EpImgFlag>
  <EpisodeName>Jack and the Ultra-robots</EpisodeName>
  <EpisodeNumber>5</EpisodeNumber>
  <FirstAired>2002-03-29</FirstAired>
  <GuestStars>|Jeff Bennett|Kevin Michael Richardson|</GuestStars>
  <IMDB_ID>tt0837463</IMDB_ID>
  <Language>en</Language>
  <Overview>Jack goes from destroyed village to destroyed village looking for the ultra-robots responsible for the destruction only to find that they were created by a troll commissioned by Aku.</Overview>
  <ProductionCode>205</ProductionCode>
  <Rating>7.0</Rating>
  <RatingCount>1</RatingCount>
  <SeasonNumber>2</SeasonNumber>
  <Writer>|Genndy Tartakovsky|</Writer>
  <absolute_number>18</absolute_number>
  <filename>episodes/75164/165927.jpg</filename>
  <lastupdated>1361615900</lastupdated>
  <seasonid>8567</seasonid>
  <seriesid>75164</seriesid>
</Episode>
<Episode>
  <id>165928</id>
  <Combined_episodenumber>6</Combined_episodenumber>
  <Combined_season>2</Combined_season>
  <DVD_chapter></DVD_chapter>
  <DVD_discid></DVD_discid>
  <DVD_episodenumber></DVD_episodenumber>
  <DVD_season></DVD_season>
  <Director>|Genndy Tartakovsky|</Director>
  <EpImgFlag></EpImgFlag>
  <EpisodeName>Jack Remembers the Past</EpisodeName>
  <EpisodeNumber>6</EpisodeNumber>
  <FirstAired>2002-04-05</FirstAired>
  <GuestStars>|Phil LaMarr|Dee Bradley Baker|Sab Shimono|</GuestStars>
  <IMDB_ID>tt0837449</IMDB_ID>
  <Language>en</Language>
  <Overview>After defeating a band of robotic cat-demons Jack travels the land and finds himself in the area where he grew up. As he tours the ruins he has flashbacks to a day spent pursuing a locust in the company of a young girl, witnessing a wandering warrior defeat four men on a bridge, having his parents greet him, and tricking three bullies.</Overview>
  <ProductionCode>206</ProductionCode>
  <Rating></Rating>
  <RatingCount>0</RatingCount>
  <SeasonNumber>2</SeasonNumber>
  <Writer>|Genndy Tartakovsky|</Writer>
  <absolute_number>19</absolute_number>
  <filename>episodes/75164/165928.jpg</filename>
  <lastupdated>1361615916</lastupdated>
  <seasonid>8567</seasonid>
  <seriesid>75164</seriesid>
</Episode>
<Episode>
  <id>165929</id>
  <Combined_episodenumber>7</Combined_episodenumber>
  <Combined_season>2</Combined_season>
  <DVD_chapter></DVD_chapter>
  <DVD_discid></DVD_discid>
  <DVD_episodenumber></DVD_episodenumber>
  <DVD_season></DVD_season>
  <Director>|Genndy Tartakovsky|</Director>
  <EpImgFlag></EpImgFlag>
  <EpisodeName>Jack and the Monks</EpisodeName>
  <EpisodeNumber>7</EpisodeNumber>
  <FirstAired>2002-04-12</FirstAired>
  <GuestStars>|Kevin Michael Richardson|Corey Burton|</GuestStars>
  <IMDB_ID>tt0837459</IMDB_ID>
  <Language>en</Language>
  <Overview>After Aku's beetle drones destroy yet another gateway to the past, only moments before he's is able to reach it, Jack is overcome with frustration and is about ready to give up the quest. Then, by chance, he meets three monks about to climb the Mountain of Fatoom. Where, legend has it, truth can be found at the top.</Overview>
  <ProductionCode>207</ProductionCode>
  <Rating></Rating>
  <RatingCount>0</RatingCount>
  <SeasonNumber>2</SeasonNumber>
  <Writer>|Genndy Tartakovsky|</Writer>
  <absolute_number>20</absolute_number>
  <filename>episodes/75164/165929.jpg</filename>
  <lastupdated>1361615929</lastupdated>
  <seasonid>8567</seasonid>
  <seriesid>75164</seriesid>
</Episode>
<Episode>
  <id>165930</id>
  <Combined_episodenumber>8</Combined_episodenumber>
  <Combined_season>2</Combined_season>
  <DVD_chapter></DVD_chapter>
  <DVD_discid></DVD_discid>
  <DVD_episodenumber></DVD_episodenumber>
  <DVD_season></DVD_season>
  <Director>|Genndy Tartakovsky|</Director>
  <EpImgFlag></EpImgFlag>
  <EpisodeName>Jack and the Farting Dragon</EpisodeName>
  <EpisodeNumber>8</EpisodeNumber>
  <FirstAired>2002-09-06</FirstAired>
  <GuestStars>|Clancy Brown|Jennifer Hale|John Kassir|Tom Kenny|Kevin Michael Richardson|</GuestStars>
  <IMDB_ID>tt0693961</IMDB_ID>
  <Language>en</Language>
  <Overview>Jack discovers a village of panicky medieval serfs, overwhelmed and unable to earn their livelihood because of a horrible stench coming from a nearby mountain. After getting some more information from a demented scissorsmith, Jack heads to &quot;The Spire&quot; to deal with the source of this stink: a fire-breathing dragon who needs Jack's help in dealing with some serious indigestion!</Overview>
  <ProductionCode>208</ProductionCode>
  <Rating>7.3</Rating>
  <RatingCount>3</RatingCount>
  <SeasonNumber>2</SeasonNumber>
  <Writer>|Genndy Tartakovsky|</Writer>
  <absolute_number>21</absolute_number>
  <filename>episodes/75164/165930.jpg</filename>
  <lastupdated>1361615939</lastupdated>
  <seasonid>8567</seasonid>
  <seriesid>75164</seriesid>
</Episode>
<Episode>
  <id>165931</id>
  <Combined_episodenumber>9</Combined_episodenumber>
  <Combined_season>2</Combined_season>
  <DVD_chapter></DVD_chapter>
  <DVD_discid></DVD_discid>
  <DVD_episodenumber></DVD_episodenumber>
  <DVD_season></DVD_season>
  <Director>|Genndy Tartakovsky|Robert Alvarez|</Director>
  <EpImgFlag></EpImgFlag>
  <EpisodeName>Jack and the Hunters</EpisodeName>
  <EpisodeNumber>9</EpisodeNumber>
  <FirstAired>2002-09-13</FirstAired>
  <GuestStars>|Kevin Michael Richardson|</GuestStars>
  <IMDB_ID>tt0837452</IMDB_ID>
  <Language>en</Language>
  <Overview>On an alien planet, Aku contacts four Emikandi hunters and offers them the chance to hunt Jack. They capture Jack with incredible ease but Jack just as easily frees himself after he hears they're working for Aku and the real hunt begins! After an extended chase the two sides battle atop a skyscraper and Jack falls to his death...but the hunters rescue him out of respect for their greatest prey. Then the Emikandi refuse to give him to Aku out of respect for Jack's skill and depart.</Overview>
  <ProductionCode>209</ProductionCode>
  <Rating>8.0</Rating>
  <RatingCount>1</RatingCount>
  <SeasonNumber>2</SeasonNumber>
  <Writer>|Genndy Tartakovsky|</Writer>
  <absolute_number>22</absolute_number>
  <filename>episodes/75164/165931.jpg</filename>
  <lastupdated>1361615950</lastupdated>
  <seasonid>8567</seasonid>
  <seriesid>75164</seriesid>
</Episode>
<Episode>
  <id>165932</id>
  <Combined_episodenumber>10</Combined_episodenumber>
  <Combined_season>2</Combined_season>
  <DVD_chapter></DVD_chapter>
  <DVD_discid></DVD_discid>
  <DVD_episodenumber></DVD_episodenumber>
  <DVD_season></DVD_season>
  <Director>|Randy Myers|Genndy Tartakovsky|</Director>
  <EpImgFlag></EpImgFlag>
  <EpisodeName>Jack versus Demongo, The Soul Collector</EpisodeName>
  <EpisodeNumber>10</EpisodeNumber>
  <FirstAired>2002-09-20</FirstAired>
  <GuestStars>|Keith Michael Richardson|George Takei|Phil LaMarr|</GuestStars>
  <IMDB_ID>tt0693972</IMDB_ID>
  <Language>en</Language>
  <Overview>Aku has his most powerful minion, Demongo, find jack and capture his essence.</Overview>
  <ProductionCode>210</ProductionCode>
  <Rating>8.0</Rating>
  <RatingCount>1</RatingCount>
  <SeasonNumber>2</SeasonNumber>
  <Writer>|Mark Andrews|</Writer>
  <absolute_number>23</absolute_number>
  <filename>episodes/75164/165932.jpg</filename>
  <lastupdated>1361615961</lastupdated>
  <seasonid>8567</seasonid>
  <seriesid>75164</seriesid>
</Episode>
<Episode>
  <id>165933</id>
  <Combined_episodenumber>11</Combined_episodenumber>
  <Combined_season>2</Combined_season>
  <DVD_chapter></DVD_chapter>
  <DVD_discid></DVD_discid>
  <DVD_episodenumber></DVD_episodenumber>
  <DVD_season></DVD_season>
  <Director>|Randy Myers|Robert Alvarez|Genndy Tartakovsky|</Director>
  <EpImgFlag></EpImgFlag>
  <EpisodeName>Jack is Naked</EpisodeName>
  <EpisodeNumber>11</EpisodeNumber>
  <FirstAired>2002-09-27</FirstAired>
  <GuestStars>|Phil LaMarr|Grey Delisle|Tom Kenny|Daran Norris|Rob Paulsen|Tara Strong|</GuestStars>
  <IMDB_ID>tt0693970</IMDB_ID>
  <Language>en</Language>
  <Overview>Jack's clothes are stolen and he must get them back while being chased by an angry mob who think he's indecent.</Overview>
  <ProductionCode>211</ProductionCode>
  <Rating>7.0</Rating>
  <RatingCount>2</RatingCount>
  <SeasonNumber>2</SeasonNumber>
  <Writer>|Chris Reccardi|</Writer>
  <absolute_number>24</absolute_number>
  <filename>episodes/75164/165933.jpg</filename>
  <lastupdated>1361615978</lastupdated>
  <seasonid>8567</seasonid>
  <seriesid>75164</seriesid>
</Episode>
<Episode>
  <id>165934</id>
  <Combined_episodenumber>12</Combined_episodenumber>
  <Combined_season>2</Combined_season>
  <DVD_chapter></DVD_chapter>
  <DVD_discid></DVD_discid>
  <DVD_episodenumber></DVD_episodenumber>
  <DVD_season></DVD_season>
  <Director>|Randy Myers|Genndy Tartakovsky|</Director>
  <EpImgFlag></EpImgFlag>
  <EpisodeName>Jack and the Spartans</EpisodeName>
  <EpisodeNumber>12</EpisodeNumber>
  <FirstAired>2002-10-04</FirstAired>
  <GuestStars>|Daran Norris|Brian George|Danny Mann|</GuestStars>
  <IMDB_ID>tt0693969</IMDB_ID>
  <Language>en</Language>
  <Overview>As jack climbs up to the top of a mountain he meets up with an army of great warriors and gets asked to help them in the last chapter of a 300 year battle.</Overview>
  <ProductionCode>212</ProductionCode>
  <Rating>8.0</Rating>
  <RatingCount>2</RatingCount>
  <SeasonNumber>2</SeasonNumber>
  <Writer>|Bryan Andrews|Brian Larsen|</Writer>
  <absolute_number>25</absolute_number>
  <filename>episodes/75164/165934.jpg</filename>
  <lastupdated>1361615987</lastupdated>
  <seasonid>8567</seasonid>
  <seriesid>75164</seriesid>
</Episode>
<Episode>
  <id>165935</id>
  <Combined_episodenumber>13</Combined_episodenumber>
  <Combined_season>2</Combined_season>
  <DVD_chapter></DVD_chapter>
  <DVD_discid></DVD_discid>
  <DVD_episodenumber></DVD_episodenumber>
  <DVD_season></DVD_season>
  <Director>|Genndy Tartakovsky|Randy Myers|Robert Alvarez|</Director>
  <EpImgFlag></EpImgFlag>
  <EpisodeName>Jack's Sandals</EpisodeName>
  <EpisodeNumber>13</EpisodeNumber>
  <FirstAired>2002-10-11</FirstAired>
  <GuestStars>|Brian Tochi|Kath Soucie|Kevin Michael Richardson|Michael Bell|Phil LaMarr|Phil LaMarr|Clyde Kusatsu|</GuestStars>
  <IMDB_ID>tt0693967</IMDB_ID>
  <Language>en</Language>
  <Overview>Jack's enjoying a nice, quiet day by the riverside... until a band of transforming biker-bots nearly runs him down, wrecking his precious sandals in the process!</Overview>
  <ProductionCode>213</ProductionCode>
  <Rating></Rating>
  <RatingCount>0</RatingCount>
  <SeasonNumber>2</SeasonNumber>
  <Writer>|Paul Rudish|Charlie Bean|</Writer>
  <absolute_number>26</absolute_number>
  <filename>episodes/75164/165935.jpg</filename>
  <lastupdated>1361615996</lastupdated>
  <seasonid>8567</seasonid>
  <seriesid>75164</seriesid>
</Episode>
<Episode>
  <id>165936</id>
  <Combined_episodenumber>1</Combined_episodenumber>
  <Combined_season>3</Combined_season>
  <DVD_chapter></DVD_chapter>
  <DVD_discid></DVD_discid>
  <DVD_episodenumber></DVD_episodenumber>
  <DVD_season></DVD_season>
  <Director>|Robert Alvarez|Genndy Tartakovsky|</Director>
  <EpImgFlag></EpImgFlag>
  <EpisodeName>Chicken Jack</EpisodeName>
  <EpisodeNumber>1</EpisodeNumber>
  <FirstAired>2002-10-18</FirstAired>
  <GuestStars>|Phil LaMarr|Jeff Bennett|Bob Joles|Billy West|</GuestStars>
  <IMDB_ID></IMDB_ID>
  <Language>en</Language>
  <Overview>Jack bumps into an old wizard who transforms him into a chicken - a rather goofy-looking master of the martial arts that nobody can understand. He gets captured and taken to a animal fight where he must defeat a robot beetle and snake. Jack wins but must then fight a spider-like creature, a giant worm, and the ratlike mechanical &quot;Finisher&quot;. Jack's series of wins make his new owner a wealthy man but when he goes out to buy some decent clothing he bumps into the same wizard who hits them both with a spell - causing Jack to become human and the owner to become a chicken. Jack departs with a new found appreciation for the virtues of not eating chicken.</Overview>
  <ProductionCode>301</ProductionCode>
  <Rating>7.5</Rating>
  <RatingCount>2</RatingCount>
  <SeasonNumber>3</SeasonNumber>
  <Writer>|Chris Reccardi|</Writer>
  <absolute_number>27</absolute_number>
  <filename>episodes/75164/165936.jpg</filename>
  <lastupdated>1361616032</lastupdated>
  <seasonid>8568</seasonid>
  <seriesid>75164</seriesid>
</Episode>
<Episode>
  <id>165937</id>
  <Combined_episodenumber>2</Combined_episodenumber>
  <Combined_season>3</Combined_season>
  <DVD_chapter></DVD_chapter>
  <DVD_discid></DVD_discid>
  <DVD_episodenumber></DVD_episodenumber>
  <DVD_season></DVD_season>
  <Director>|Genndy Tartakovsky|Randy Myers|</Director>
  <EpImgFlag></EpImgFlag>
  <EpisodeName>Jack and the Rave</EpisodeName>
  <EpisodeNumber>2</EpisodeNumber>
  <FirstAired>2002-11-01</FirstAired>
  <GuestStars>|Michael Bell|Kevin Michael Richardson|Kath Soucie|</GuestStars>
  <IMDB_ID></IMDB_ID>
  <Language>en</Language>
  <Overview>In his travels Jack comes to a tavern and a crying tavern owner. Then shadowy figures attack but Jack discovers they are teenagers, the &quot;Children of Aku&quot;, under a magical musical spell. Knocking one out and following them in disguise, jack finds their rave and a sinister DJ playing the music. The DJ spots Jack and a fight ensues. Jack takes the fight directly to the DJ who is his near-equal. When Jack gets the upper hand the DJ dons a speaker-battlesuit but Jack regains his lost sword at the last minute and triumphs, freeing the children.</Overview>
  <ProductionCode>302</ProductionCode>
  <Rating>7.0</Rating>
  <RatingCount>1</RatingCount>
  <SeasonNumber>3</SeasonNumber>
  <Writer>|Chris Mitchell|Erik Wiese|</Writer>
  <absolute_number>28</absolute_number>
  <filename>episodes/75164/165937.jpg</filename>
  <lastupdated>1361616043</lastupdated>
  <seasonid>8568</seasonid>
  <seriesid>75164</seriesid>
</Episode>
<Episode>
  <id>165938</id>
  <Combined_episodenumber>3</Combined_episodenumber>
  <Combined_season>3</Combined_season>
  <DVD_chapter></DVD_chapter>
  <DVD_discid></DVD_discid>
  <DVD_episodenumber></DVD_episodenumber>
  <DVD_season></DVD_season>
  <Director>|Genndy Tartakovsky|Robert Alvarez|</Director>
  <EpImgFlag></EpImgFlag>
  <EpisodeName>The Good, the Bad, and the Beautiful</EpisodeName>
  <EpisodeNumber>3</EpisodeNumber>
  <FirstAired>2002-11-08</FirstAired>
  <GuestStars>|Phil LaMarr|Greg Burson|Grey Delisle|John DiMaggio|Joe Lala|</GuestStars>
  <IMDB_ID></IMDB_ID>
  <Language>en</Language>
  <Overview>While taking a trip on a Old West-style train, Jack is stalked by a bounty hunter, Ezekial Clench. He manages to defeat him but unwittingly falls prey to Ezekial's ex-wife Josephine.</Overview>
  <ProductionCode>303</ProductionCode>
  <Rating>7.0</Rating>
  <RatingCount>3</RatingCount>
  <SeasonNumber>3</SeasonNumber>
  <Writer>|Paul Rudish|Charlie Bean|</Writer>
  <absolute_number>29</absolute_number>
  <filename>episodes/75164/165938.jpg</filename>
  <lastupdated>1332997198</lastupdated>
  <seasonid>8568</seasonid>
  <seriesid>75164</seriesid>
</Episode>
<Episode>
  <id>165939</id>
  <Combined_episodenumber>4</Combined_episodenumber>
  <Combined_season>3</Combined_season>
  <DVD_chapter></DVD_chapter>
  <DVD_discid></DVD_discid>
  <DVD_episodenumber></DVD_episodenumber>
  <DVD_season></DVD_season>
  <Director>|Genndy Tartakovsky|</Director>
  <EpImgFlag></EpImgFlag>
  <EpisodeName>Jack and the Zombies</EpisodeName>
  <EpisodeNumber>4</EpisodeNumber>
  <FirstAired>2002-10-25</FirstAired>
  <GuestStars>|B.J. Ward|</GuestStars>
  <IMDB_ID></IMDB_ID>
  <Language>en</Language>
  <Overview>Aku resolves to do something about The Samurai once and for all and lures him into a cemetery. Then the wizard unleashes hordes of the undead and one of the creatures manages to possess Jack's sword and deliver it to Aku. Armed with the sword and his own shape-shifting powers, Aku runs Jack ragged and then captures him and tries to kill him with the sword...which Jack finally remembers can't be used by the evil to harm the innocent. With the sword incapable of harming him, Jack regains his weapon and drives Aku away.</Overview>
  <ProductionCode>304</ProductionCode>
  <Rating>8.0</Rating>
  <RatingCount>2</RatingCount>
  <SeasonNumber>3</SeasonNumber>
  <Writer>|Bryan Andrews|Brian Larsen|</Writer>
  <absolute_number>30</absolute_number>
  <filename>episodes/75164/165939.jpg</filename>
  <lastupdated>1361616085</lastupdated>
  <seasonid>8568</seasonid>
  <seriesid>75164</seriesid>
</Episode>
<Episode>
  <id>165940</id>
  <Combined_episodenumber>5</Combined_episodenumber>
  <Combined_season>3</Combined_season>
  <DVD_chapter></DVD_chapter>
  <DVD_discid></DVD_discid>
  <DVD_episodenumber></DVD_episodenumber>
  <DVD_season></DVD_season>
  <Director>|Chris Savino|Genndy Tartakovsky|</Director>
  <EpImgFlag></EpImgFlag>
  <EpisodeName>Jack in Egypt</EpisodeName>
  <EpisodeNumber>5</EpisodeNumber>
  <FirstAired>2002-11-22</FirstAired>
  <GuestStars>|Phil LaMarr|Bobby Edner|Jonathan Osser|Peter Renaday|</GuestStars>
  <IMDB_ID></IMDB_ID>
  <Language>en</Language>
  <Overview>In the past during his training days in Egypt as a boy, the Samurai wandered into a temple and saw part of an ancient prophecy concerning Set. In the modern day, as he travels toward Egypt, Aku unearths three ancient Minions and tasks them to kill Jack in return for freeing them. The three creatures, armed with mystic weapons, prove more than a match for Jack but he remembers the prophecy. Unraveling a series of riddles, Jack assembles the three pieces and summons an ancient god to destroy the creatures.</Overview>
  <ProductionCode>305</ProductionCode>
  <Rating>7.0</Rating>
  <RatingCount>3</RatingCount>
  <SeasonNumber>3</SeasonNumber>
  <Writer>|Bryan Andrews|Brian Larsen|</Writer>
  <absolute_number>31</absolute_number>
  <filename>episodes/75164/165940.jpg</filename>
  <lastupdated>1361616097</lastupdated>
  <seasonid>8568</seasonid>
  <seriesid>75164</seriesid>
</Episode>
<Episode>
  <id>165941</id>
  <Combined_episodenumber>6</Combined_episodenumber>
  <Combined_season>3</Combined_season>
  <DVD_chapter></DVD_chapter>
  <DVD_discid></DVD_discid>
  <DVD_episodenumber></DVD_episodenumber>
  <DVD_season></DVD_season>
  <Director>|Genndy Tartakovsky|Randy Myers|</Director>
  <EpImgFlag></EpImgFlag>
  <EpisodeName>Jack and the Travelling Creatures</EpisodeName>
  <EpisodeNumber>6</EpisodeNumber>
  <FirstAired>2003-04-26</FirstAired>
  <GuestStars>|Phil LaMarr|Grey Delisle|Richard McGonagle|Kevin Michael Richardson|</GuestStars>
  <IMDB_ID></IMDB_ID>
  <Language>en</Language>
  <Overview>To get to a time passage, Jack must pass a lake which sucks down any who try to cross it without touching its bottom. The locals summon an ancient creature who can walk upon the bottom but tall enough to stay above the water. It puts in a good word for two other creatures: a crawling creature that helps Jack pass a mountain and a flying creature that flies him to the portal. Jack must face its Guardian, a mighty warrior with an unlimited arsenal of weapons and incredible strength who says the only one who may pass is the one destined to use it. Ultimately Jack is defeated and the Guardian sends Jack back, as a mysterious warrior (apparently an older bearded version of Jack) within the time passage apparently tells the Guardian that Jack can't use it . . . yet.</Overview>
  <ProductionCode>306</ProductionCode>
  <Rating>7.0</Rating>
  <RatingCount>2</RatingCount>
  <SeasonNumber>3</SeasonNumber>
  <Writer>|Erik Wiese|Genndy Tartakovsky|</Writer>
  <absolute_number>32</absolute_number>
  <filename>episodes/75164/165941.jpg</filename>
  <lastupdated>1361616108</lastupdated>
  <seasonid>8568</seasonid>
  <seriesid>75164</seriesid>
</Episode>
<Episode>
  <id>165942</id>
  <Combined_episodenumber>7</Combined_episodenumber>
  <Combined_season>3</Combined_season>
  <DVD_chapter></DVD_chapter>
  <DVD_discid></DVD_discid>
  <DVD_episodenumber></DVD_episodenumber>
  <DVD_season></DVD_season>
  <Director>|Randy Myers|Genndy Tartakovsky|</Director>
  <EpImgFlag></EpImgFlag>
  <EpisodeName>Jack and the Creature</EpisodeName>
  <EpisodeNumber>7</EpisodeNumber>
  <FirstAired>2003-05-03</FirstAired>
  <GuestStars>|Phil LaMarr|Jeff Bennett|</GuestStars>
  <IMDB_ID></IMDB_ID>
  <Language>en</Language>
  <Overview>Whilst crossing a desert to seek the Crystal of Cagliostoro, Jack comes across a oasis. He unwittingly disturbs an overly friendly creature, who begins following Jack, messing up Jack's every move along his quest. After the creature eats the Crystal, Jack spurns the creature who even more upset to discover in the morning that Jack has abandoned him. Jack meanwhile runs into some mean bots that are more than a match for him. On hearing Jack's cry of pain and seeing him unconscious, the creature becomes enraged and transforms into its vicious form to defeat the robots. Jack wakes up and is left to wonder what happened to the robots.</Overview>
  <ProductionCode>307</ProductionCode>
  <Rating>7.5</Rating>
  <RatingCount>2</RatingCount>
  <SeasonNumber>3</SeasonNumber>
  <Writer>|Chris Reccardi|</Writer>
  <absolute_number>33</absolute_number>
  <filename>episodes/75164/165942.jpg</filename>
  <lastupdated>1361616120</lastupdated>
  <seasonid>8568</seasonid>
  <seriesid>75164</seriesid>
</Episode>
<Episode>
  <id>165943</id>
  <Combined_episodenumber>8</Combined_episodenumber>
  <Combined_season>3</Combined_season>
  <DVD_chapter></DVD_chapter>
  <DVD_discid></DVD_discid>
  <DVD_episodenumber></DVD_episodenumber>
  <DVD_season></DVD_season>
  <Director>|Randy Myers|Genndy Tartakovsky|</Director>
  <EpImgFlag></EpImgFlag>
  <EpisodeName>Jack and the Swamp Monster</EpisodeName>
  <EpisodeNumber>8</EpisodeNumber>
  <FirstAired>2003-05-10</FirstAired>
  <GuestStars>|Phil LaMarr|Jennifer Hale|Mako|</GuestStars>
  <IMDB_ID></IMDB_ID>
  <Language>en</Language>
  <Overview>Jack finds a swamp where a foul-tempered hermit answers his call. The wizard tells Jack of the titan Chronos and his powers over space and time, now locked within three pieces of armor set with gems.
Three trap-solving sequences follow - the helmet is hidden in a water trap, one gauntlet in a volcanic air trap, and the second gauntlet in a lens-dome. Jack manages to defeat all three traps and  Aku uses the armor/gems to summon a time-space-monster to kill Jack.
Jack realized that it had been a trap all along and took one of the gems, causing the creature to fall apart, and then goes after Aku. Jack manages to slice and dice his way through anything Aku throws at him with surprising ease - Aku flees as a triumphant Jack speaking of how the future/past holds his victory.</Overview>
  <ProductionCode>308</ProductionCode>
  <Rating>7.0</Rating>
  <RatingCount>2</RatingCount>
  <SeasonNumber>3</SeasonNumber>
  <Writer>|Paul Rudish|Charlie Bean|</Writer>
  <absolute_number>34</absolute_number>
  <filename>episodes/75164/165943.jpg</filename>
  <lastupdated>1361616134</lastupdated>
  <seasonid>8568</seasonid>
  <seriesid>75164</seriesid>
</Episode>
<Episode>
  <id>165944</id>
  <Combined_episodenumber>9</Combined_episodenumber>
  <Combined_season>3</Combined_season>
  <DVD_chapter></DVD_chapter>
  <DVD_discid></DVD_discid>
  <DVD_episodenumber></DVD_episodenumber>
  <DVD_season></DVD_season>
  <Director>|Genndy Tartakovsky|Randy Myers|</Director>
  <EpImgFlag></EpImgFlag>
  <EpisodeName>Jack and the Haunted House</EpisodeName>
  <EpisodeNumber>9</EpisodeNumber>
  <FirstAired>2003-05-17</FirstAired>
  <GuestStars>|Lauren Tom|Clyde Kusatsu|</GuestStars>
  <IMDB_ID></IMDB_ID>
  <Language>en</Language>
  <Overview>Jack travels through a beautifully animated swampland, when he comes across a small shadow crying in the distance.  After approaching the being, it drops a small toy doll and Jack follows it back to a small house in hopes of giving the item back to the creature. Jack travels through the house, taking on the memory of a family, ravaged by some creature, with each specific items unlocking these horror filled dreams. Jack finally uncovers the owner of the doll, a little girl, and also discovers that all the windows or doors have disappeared. Later Jack awakens to see the little girl gone, only to find in a beautiful room with the family Jack sees in his visions. Although the family pretends nothing is amiss, eventually each lets out strange light from their mouths which forms into a large shadowy dragon beast that devours Jack, allowing him to see the family trapped inside.</Overview>
  <ProductionCode>309</ProductionCode>
  <Rating>8.5</Rating>
  <RatingCount>2</RatingCount>
  <SeasonNumber>3</SeasonNumber>
  <Writer>|Chris Reccardi|</Writer>
  <absolute_number>35</absolute_number>
  <filename>episodes/75164/165944.jpg</filename>
  <lastupdated>1361616147</lastupdated>
  <seasonid>8568</seasonid>
  <seriesid>75164</seriesid>
</Episode>
<Episode>
  <id>165945</id>
  <Combined_episodenumber>10</Combined_episodenumber>
  <Combined_season>3</Combined_season>
  <DVD_chapter></DVD_chapter>
  <DVD_discid></DVD_discid>
  <DVD_episodenumber></DVD_episodenumber>
  <DVD_season></DVD_season>
  <Director>|Randy Myers|Genndy Tartakovsky|</Director>
  <EpImgFlag></EpImgFlag>
  <EpisodeName>Jack, the Monks, and the Ancient Master's Son</EpisodeName>
  <EpisodeNumber>10</EpisodeNumber>
  <FirstAired>2003-05-31</FirstAired>
  <GuestStars>|Quinton Flynn|Matt Levin|Peter Renaday|</GuestStars>
  <IMDB_ID></IMDB_ID>
  <Language>en</Language>
  <Overview>Jack meets two Shaolin monks and after a brief fight he convinces them of his credentials and they take him to see their Grand Master at their hidden temple. The Master was at the temple when Jack studied there and remembers him. The Master directs Jack to a gateway that opens at noon and he and the two monks travel to the tower it is atop. Moving up the tower's catwalks they must fight a seemingly endless horde of stone statues. Jack gets to the portal but turns back to help the two monks rather then make his escape. The three of them escape the statues by destroying the tower and his time portal.</Overview>
  <ProductionCode>310</ProductionCode>
  <Rating>7.0</Rating>
  <RatingCount>1</RatingCount>
  <SeasonNumber>3</SeasonNumber>
  <Writer>|Bryan Andrews|Brian Larsen|</Writer>
  <absolute_number>36</absolute_number>
  <filename>episodes/75164/165945.jpg</filename>
  <lastupdated>1361616158</lastupdated>
  <seasonid>8568</seasonid>
  <seriesid>75164</seriesid>
</Episode>
<Episode>
  <id>165946</id>
  <Combined_episodenumber>11</Combined_episodenumber>
  <Combined_season>3</Combined_season>
  <DVD_chapter></DVD_chapter>
  <DVD_discid></DVD_discid>
  <DVD_episodenumber></DVD_episodenumber>
  <DVD_season></DVD_season>
  <Director>|Genndy Tartakovsky|Randy Myers|Robert Alvarez|</Director>
  <EpImgFlag></EpImgFlag>
  <EpisodeName>The Birth of Evil (1)</EpisodeName>
  <EpisodeNumber>11</EpisodeNumber>
  <FirstAired>2003-08-16</FirstAired>
  <GuestStars>|Keone Young|Lauren Tom|Daran Norris|Richard McGonagle|Phil LaMarr|</GuestStars>
  <IMDB_ID></IMDB_ID>
  <Language>en</Language>
  <Overview>The gods Odin, Ra, and Rama battle a great dark evil. One shard escapes and falls to primitive Earth, creating a vast black forest. Down through the millennia it spreads and kills until the period of feudal Japan. An emperor and his army set out to fight the evil with the aid of a mystical elixir. His army is wiped out but the emperor fires an arrow covered with the elixir into the heart of the darkness, but only sets it free and gives it voice and face: Aku. Aku imprisons the Emperor and wipes out his lands.</Overview>
  <ProductionCode>311</ProductionCode>
  <Rating>7.0</Rating>
  <RatingCount>2</RatingCount>
  <SeasonNumber>3</SeasonNumber>
  <Writer>|Don Shank|Genndy Tartakovsky|</Writer>
  <absolute_number>37</absolute_number>
  <filename>episodes/75164/165946.jpg</filename>
  <lastupdated>1361616169</lastupdated>
  <seasonid>8568</seasonid>
  <seriesid>75164</seriesid>
</Episode>
<Episode>
  <id>165947</id>
  <Combined_episodenumber>12</Combined_episodenumber>
  <Combined_season>3</Combined_season>
  <DVD_chapter></DVD_chapter>
  <DVD_discid></DVD_discid>
  <DVD_episodenumber></DVD_episodenumber>
  <DVD_season></DVD_season>
  <Director>|Genndy Tartakovsky|Randy Myers|Robert Alvarez|</Director>
  <EpImgFlag></EpImgFlag>
  <EpisodeName>The Birth of Evil (2)</EpisodeName>
  <EpisodeNumber>12</EpisodeNumber>
  <FirstAired>2003-08-16</FirstAired>
  <GuestStars>|Keone Young|Lauren Tom|Daran Norris|Richard McGonagle|Phil LaMarr|</GuestStars>
  <IMDB_ID></IMDB_ID>
  <Language>en</Language>
  <Overview>The gods send the Emperor a mystical horse to free him and deliver him to a castle in the sky. The three gods give him powers and forge a mystic sword for him to wield. The Emperor goes forth to fight Aku. Aku is vulnerable to the sword but his shape shifting abilities prove the Emperor's equal, particularly when Aku takes on the form of an entire army. But the Emperor manages to prove seemingly triumphant and the Emperor's wife greets him with his newborn son. The Emperor resolves that in case Aku returns, he must formulate a plan.</Overview>
  <ProductionCode>312</ProductionCode>
  <Rating>7.0</Rating>
  <RatingCount>2</RatingCount>
  <SeasonNumber>3</SeasonNumber>
  <Writer>|Don Shank|Genndy Tartakovsky|</Writer>
  <absolute_number>38</absolute_number>
  <filename>episodes/75164/165947.jpg</filename>
  <lastupdated>1361616178</lastupdated>
  <seasonid>8568</seasonid>
  <seriesid>75164</seriesid>
</Episode>
<Episode>
  <id>165948</id>
  <Combined_episodenumber>13</Combined_episodenumber>
  <Combined_season>3</Combined_season>
  <DVD_chapter></DVD_chapter>
  <DVD_discid></DVD_discid>
  <DVD_episodenumber></DVD_episodenumber>
  <DVD_season></DVD_season>
  <Director>|Robert Alvarez|Genndy Tartakovsky|</Director>
  <EpImgFlag></EpImgFlag>
  <EpisodeName>Jack and the Labyrinth</EpisodeName>
  <EpisodeNumber>13</EpisodeNumber>
  <FirstAired>2003-06-07</FirstAired>
  <GuestStars>|Phil LaMarr|Rino Romano|</GuestStars>
  <IMDB_ID></IMDB_ID>
  <Language>en</Language>
  <Overview>Jack is directed to a deathtrap-filled labyrinth which holds a diamond that can restore him to his time. Unfortunately a master Thief also enters the labyrinth going for the item. The two of them prove equally adept in their own styles of bypassing the same traps through technology and training. The two men are forced to alternately join forces to defeat the guardian statue-robots and double-cross each other to make sure they end up with the gem. Jack helps the Thief escape who in return leaves him trapped - overwhelmed, Jack is on the verge of defeat when the Thief returns to pull him out. The two seem to come to terms...just as the diamond shatters and the Thief apparently disappears.</Overview>
  <ProductionCode>313</ProductionCode>
  <Rating>7.0</Rating>
  <RatingCount>2</RatingCount>
  <SeasonNumber>3</SeasonNumber>
  <Writer>|Don Shank|</Writer>
  <absolute_number>39</absolute_number>
  <filename>episodes/75164/165948.jpg</filename>
  <lastupdated>1361616188</lastupdated>
  <seasonid>8568</seasonid>
  <seriesid>75164</seriesid>
</Episode>
<Episode>
  <id>165949</id>
  <Combined_episodenumber>1</Combined_episodenumber>
  <Combined_season>4</Combined_season>
  <DVD_chapter></DVD_chapter>
  <DVD_discid></DVD_discid>
  <DVD_episodenumber></DVD_episodenumber>
  <DVD_season></DVD_season>
  <Director>|Randy Myers|Genndy Tartakovsky|Robert Alvarez|</Director>
  <EpImgFlag></EpImgFlag>
  <EpisodeName>Samurai versus Ninja</EpisodeName>
  <EpisodeNumber>1</EpisodeNumber>
  <FirstAired>2003-06-14</FirstAired>
  <GuestStars>|Phil LaMarr|Tara Strong|</GuestStars>
  <IMDB_ID></IMDB_ID>
  <Language>en</Language>
  <Overview>Aku sends forth the robotic ninja Shinobi, Warrior of the Dark, to kill the Samurai. Jack responds to the cries of a young boy from a village beset by robot lobsters. Jack defeats them all while Shinobi watches - then the ninja takes the boy to a nearby ruined tower where he strikes from the darkness at Jack as he follows. Jack knows of the ninja's technique and reveals that he is trained to blend with the light just as Shinobi can blend with the dark. The warriors of light and dark fight from shadow to light and back again - with the sun going down, Jack quickly runs out of concealment and in a last desperate measure reflects the waning light onto Shinobi and destroys him with a well-tossed sword.</Overview>
  <ProductionCode>401</ProductionCode>
  <Rating>8.7</Rating>
  <RatingCount>3</RatingCount>
  <SeasonNumber>4</SeasonNumber>
  <Writer>|Bryan Andrews|Brian Larsen|</Writer>
  <absolute_number>40</absolute_number>
  <filename>episodes/75164/165949.jpg</filename>
  <lastupdated>1361616229</lastupdated>
  <seasonid>8569</seasonid>
  <seriesid>75164</seriesid>
</Episode>
<Episode>
  <id>165950</id>
  <Combined_episodenumber>2</Combined_episodenumber>
  <Combined_season>4</Combined_season>
  <DVD_chapter></DVD_chapter>
  <DVD_discid></DVD_discid>
  <DVD_episodenumber></DVD_episodenumber>
  <DVD_season></DVD_season>
  <Director>|Randy Myers|Genndy Tartakovsky|</Director>
  <EpImgFlag></EpImgFlag>
  <EpisodeName>Robo-Samurai versus Mondo Bot</EpisodeName>
  <EpisodeNumber>2</EpisodeNumber>
  <FirstAired>2003-06-21</FirstAired>
  <GuestStars>|Grey Delisle|Daran Norris|</GuestStars>
  <IMDB_ID></IMDB_ID>
  <Language>en</Language>
  <Overview>Jack enters the abandoned city of Andromeda and finds himself under attack by a monstrous giant robot, the Mondo-Bot. Jack is initially defeated and rescued by local robots who believe he is the Chosen One. The city is built on a magical city of giants and Jack goes underwater to seek them out and finds a giant samurai robot which pulls Jack into it. Jack's bot is resistant to everything the Mondo-Bot shoots at it so the two engage in an enormous close combat battle and Jack proves triumphant.</Overview>
  <ProductionCode>402</ProductionCode>
  <Rating>7.0</Rating>
  <RatingCount>2</RatingCount>
  <SeasonNumber>4</SeasonNumber>
  <Writer>|Bryan Andrews|Brian Larsen|Erik Wiese|Jim Smith|</Writer>
  <absolute_number>41</absolute_number>
  <filename>episodes/75164/165950.jpg</filename>
  <lastupdated>1361616240</lastupdated>
  <seasonid>8569</seasonid>
  <seriesid>75164</seriesid>
</Episode>
<Episode>
  <id>165951</id>
  <Combined_episodenumber>3</Combined_episodenumber>
  <Combined_season>4</Combined_season>
  <DVD_chapter></DVD_chapter>
  <DVD_discid></DVD_discid>
  <DVD_episodenumber></DVD_episodenumber>
  <DVD_season></DVD_season>
  <Director>|Robert Alvarez|Genndy Tartakovsky|</Director>
  <EpImgFlag></EpImgFlag>
  <EpisodeName>Samurai versus Samurai</EpisodeName>
  <EpisodeNumber>3</EpisodeNumber>
  <FirstAired>2003-06-28</FirstAired>
  <GuestStars>|Phil LaMarr|David Alan Grier|</GuestStars>
  <IMDB_ID></IMDB_ID>
  <Language>en</Language>
  <Overview>While traveling through the rain, Jack takes refuge in an inn and meets Da Samurai, a hip-hop singer/fighter. His performance is interrupted by a new version of Aku's bounty hunters. Jack defeats them handily, much to Da Samurai's amazement. Da Samurai challenges him to battle and Jack eventually agrees. Jack requires him to first fight with sticks and Jack is clearly the superior warrior. Their fight is interrupted by the arrival of many more of Aku's hunters. Da Samurai is captured and Jack defeats the 100+ robots...but they assemble into one gigantic multi-headed robot. Da Samurai saves Jack by taking an energy blast, giving Jack time to defeat the robot and acknowledge Da Samurai has taken the first step on the path of a true warrior.</Overview>
  <ProductionCode>403</ProductionCode>
  <Rating>7.0</Rating>
  <RatingCount>1</RatingCount>
  <SeasonNumber>4</SeasonNumber>
  <Writer>|Chris Reccardi|</Writer>
  <absolute_number>42</absolute_number>
  <filename>episodes/75164/165951.jpg</filename>
  <lastupdated>1361616256</lastupdated>
  <seasonid>8569</seasonid>
  <seriesid>75164</seriesid>
</Episode>
<Episode>
  <id>165952</id>
  <Combined_episodenumber>4</Combined_episodenumber>
  <Combined_season>4</Combined_season>
  <DVD_chapter></DVD_chapter>
  <DVD_discid></DVD_discid>
  <DVD_episodenumber></DVD_episodenumber>
  <DVD_season></DVD_season>
  <Director>|Randy Myers|Genndy Tartakovsky|</Director>
  <EpImgFlag></EpImgFlag>
  <EpisodeName>The Aku Infection</EpisodeName>
  <EpisodeNumber>4</EpisodeNumber>
  <FirstAired>2003-11-05</FirstAired>
  <GuestStars>|Phil LaMarr|Jeff Bennett|Tom Kenny|Sab Shimono|Lauren Tom|</GuestStars>
  <IMDB_ID></IMDB_ID>
  <Language>en</Language>
  <Overview>Jack is infected with a bit of Aku and the piece infects him with Aku, trying to take him over and drive him to evil.</Overview>
  <ProductionCode>404</ProductionCode>
  <Rating>7.0</Rating>
  <RatingCount>1</RatingCount>
  <SeasonNumber>4</SeasonNumber>
  <Writer>|Paul Rudish|Charlie Bean|</Writer>
  <absolute_number>43</absolute_number>
  <filename>episodes/75164/165952.jpg</filename>
  <lastupdated>1361616265</lastupdated>
  <seasonid>8569</seasonid>
  <seriesid>75164</seriesid>
</Episode>
<Episode>
  <id>165953</id>
  <Combined_episodenumber>5</Combined_episodenumber>
  <Combined_season>4</Combined_season>
  <DVD_chapter></DVD_chapter>
  <DVD_discid></DVD_discid>
  <DVD_episodenumber></DVD_episodenumber>
  <DVD_season></DVD_season>
  <Director>|Robert Alvarez|Genndy Tartakovsky|</Director>
  <EpImgFlag></EpImgFlag>
  <EpisodeName>The Princess and the Bounty Hunters</EpisodeName>
  <EpisodeNumber>5</EpisodeNumber>
  <FirstAired>2003-11-12</FirstAired>
  <GuestStars>|Grey Delisle|Daran Norris|Kevin Michael Richardson|</GuestStars>
  <IMDB_ID></IMDB_ID>
  <Language>en</Language>
  <Overview>Bounty hunters come together and vie among themselves to determine who will go first. Each hunter outlines his plan while another, armored hunter points out the flaws in each plan. The armored hunter is a woman, Princess Mira and she proposes they fight together, but she claim the bounty so that Aku will free her people..
The bounty hunters prepare their trap, digging pits to ambush Jack. But Jack defeats them all in the span of a second and even the princess yields before his superior ability.</Overview>
  <ProductionCode>405</ProductionCode>
  <Rating>7.0</Rating>
  <RatingCount>1</RatingCount>
  <SeasonNumber>4</SeasonNumber>
  <Writer>|Bryan Andrews|Brian Larsen|</Writer>
  <absolute_number>44</absolute_number>
  <filename>episodes/75164/165953.jpg</filename>
  <lastupdated>1361616273</lastupdated>
  <seasonid>8569</seasonid>
  <seriesid>75164</seriesid>
</Episode>
<Episode>
  <id>165954</id>
  <Combined_episodenumber>6</Combined_episodenumber>
  <Combined_season>4</Combined_season>
  <DVD_chapter></DVD_chapter>
  <DVD_discid></DVD_discid>
  <DVD_episodenumber></DVD_episodenumber>
  <DVD_season></DVD_season>
  <Director>|Genndy Tartakovsky|Randy Myers|</Director>
  <EpImgFlag></EpImgFlag>
  <EpisodeName>Scotsman Saves Jack (1)</EpisodeName>
  <EpisodeNumber>6</EpisodeNumber>
  <FirstAired>2003-08-23</FirstAired>
  <GuestStars>|Dee Bradley Baker|Phil LaMarr|Kevin Michael Richardson|Darn Norris|John DiMaggio|</GuestStars>
  <IMDB_ID></IMDB_ID>
  <Language>en</Language>
  <Overview>While traveling the Scotsman finds Samurai Jack working as a waiter named Brent Worthington. The Scotsman rescues the amnesiac Jack from bounty hunters and realizes that Jack was injured by the tango beast. He follows the trail from the tango beast to a bar of bounty hunters to a sea captain to a chart that directs them to The Great Unknown. The Scotsman hires a ship to take them there.</Overview>
  <ProductionCode>406</ProductionCode>
  <Rating>6.0</Rating>
  <RatingCount>2</RatingCount>
  <SeasonNumber>4</SeasonNumber>
  <Writer>|Brian Larsen|Bryan Andrews|</Writer>
  <absolute_number>45</absolute_number>
  <filename>episodes/75164/165954.jpg</filename>
  <lastupdated>1361616284</lastupdated>
  <seasonid>8569</seasonid>
  <seriesid>75164</seriesid>
</Episode>
<Episode>
  <id>165955</id>
  <Combined_episodenumber>7</Combined_episodenumber>
  <Combined_season>4</Combined_season>
  <DVD_chapter></DVD_chapter>
  <DVD_discid></DVD_discid>
  <DVD_episodenumber></DVD_episodenumber>
  <DVD_season></DVD_season>
  <Director>|Randy Myers|Genndy Tartakovsky|</Director>
  <EpImgFlag></EpImgFlag>
  <EpisodeName>Scotsman Saves Jack (2)</EpisodeName>
  <EpisodeNumber>7</EpisodeNumber>
  <FirstAired>2003-08-23</FirstAired>
  <GuestStars>|Tara Strong|Janine La Manna|Jennifer Hale|Daran Norris|John DiMaggio|</GuestStars>
  <IMDB_ID></IMDB_ID>
  <Language>en</Language>
  <Overview>The ship sails into the Great Unknown and encounters sirens who hypnotize everyone except the Scotsman who is conveniently immune thanks to his musical taste for Scottish music and his wife's singing. The entranced crew bring the ship to ground and give the sirens all their treasure as the Scotsman confronts the Sirens. They send the crews against him but use his bagpipes to snap them out of it. While the Sirens attack the defenseless Scotsman, Jack grabs his sword and kills the beasts. When the other ships leave without them and they have to have a series of contests to determine who will row the boat. Jack wins them all, including an epic thumb-wrestling battle.</Overview>
  <ProductionCode>407</ProductionCode>
  <Rating>7.5</Rating>
  <RatingCount>2</RatingCount>
  <SeasonNumber>4</SeasonNumber>
  <Writer>|Brian Larsen|Bryan Andrews|</Writer>
  <absolute_number>46</absolute_number>
  <filename>episodes/75164/165955.jpg</filename>
  <lastupdated>1361616294</lastupdated>
  <seasonid>8569</seasonid>
  <seriesid>75164</seriesid>
</Episode>
<Episode>
  <id>165956</id>
  <Combined_episodenumber>8</Combined_episodenumber>
  <Combined_season>4</Combined_season>
  <DVD_chapter></DVD_chapter>
  <DVD_discid></DVD_discid>
  <DVD_episodenumber></DVD_episodenumber>
  <DVD_season></DVD_season>
  <Director>|Chris Savino|Genndy Tartakovsky|</Director>
  <EpImgFlag></EpImgFlag>
  <EpisodeName>Jack and the Flying Prince and Princess</EpisodeName>
  <EpisodeNumber>8</EpisodeNumber>
  <FirstAired>2003-11-19</FirstAired>
  <GuestStars>|Phil LaMarr|Tom Kenny|Matt Levin|Tara Strong|</GuestStars>
  <IMDB_ID></IMDB_ID>
  <Language>en</Language>
  <Overview>A prince and princess flee invaders of their planet and go for help, but ended up stranded on Earth and captured by Aku's forces - only Jack can rescue them.</Overview>
  <ProductionCode>408</ProductionCode>
  <Rating>7.0</Rating>
  <RatingCount>1</RatingCount>
  <SeasonNumber>4</SeasonNumber>
  <Writer>|Paul Rudish|</Writer>
  <absolute_number>47</absolute_number>
  <filename>episodes/75164/165956.jpg</filename>
  <lastupdated>1361616304</lastupdated>
  <seasonid>8569</seasonid>
  <seriesid>75164</seriesid>
</Episode>
<Episode>
  <id>165957</id>
  <Combined_episodenumber>9</Combined_episodenumber>
  <Combined_season>4</Combined_season>
  <DVD_chapter></DVD_chapter>
  <DVD_discid></DVD_discid>
  <DVD_episodenumber></DVD_episodenumber>
  <DVD_season></DVD_season>
  <Director></Director>
  <EpImgFlag></EpImgFlag>
  <EpisodeName>Jack versus Aku</EpisodeName>
  <EpisodeNumber>9</EpisodeNumber>
  <FirstAired>2003-11-24</FirstAired>
  <GuestStars></GuestStars>
  <IMDB_ID></IMDB_ID>
  <Language>en</Language>
  <Overview>Tiring of the failure of his minions, Aku decides to engage Jack in one-on-one combat to settle matters between them once and for all.</Overview>
  <ProductionCode>409</ProductionCode>
  <Rating>6.0</Rating>
  <RatingCount>2</RatingCount>
  <SeasonNumber>4</SeasonNumber>
  <Writer>|Chris Reccardi|</Writer>
  <absolute_number>48</absolute_number>
  <filename>episodes/75164/165957.jpg</filename>
  <lastupdated>1361616313</lastupdated>
  <seasonid>8569</seasonid>
  <seriesid>75164</seriesid>
</Episode>
<Episode>
  <id>165958</id>
  <Combined_episodenumber>10</Combined_episodenumber>
  <Combined_season>4</Combined_season>
  <DVD_chapter></DVD_chapter>
  <DVD_discid></DVD_discid>
  <DVD_episodenumber></DVD_episodenumber>
  <DVD_season></DVD_season>
  <Director></Director>
  <EpImgFlag></EpImgFlag>
  <EpisodeName>The 4 Seasons of Death</EpisodeName>
  <EpisodeNumber>10</EpisodeNumber>
  <FirstAired>2004-09-25</FirstAired>
  <GuestStars></GuestStars>
  <IMDB_ID></IMDB_ID>
  <Language>en</Language>
  <Overview>Four separate stories following Jack through the four seasons: Summer, Fall, Winter and Spring.
In Summer, Jack is traveling through the desert and is set upon by strange creatures formed of sandstorms. In Fall, a creepy little scientist attempts to make a poison to kill Jack. In Winter, a warrior race forge a mighty sword with which to slay Jack. In Spring, Jack finds rest in a mysterious garden paradise.</Overview>
  <ProductionCode>410</ProductionCode>
  <Rating>7.3</Rating>
  <RatingCount>3</RatingCount>
  <SeasonNumber>4</SeasonNumber>
  <Writer></Writer>
  <absolute_number>49</absolute_number>
  <filename>episodes/75164/165958.jpg</filename>
  <lastupdated>1361616325</lastupdated>
  <seasonid>8569</seasonid>
  <seriesid>75164</seriesid>
</Episode>
<Episode>
  <id>165959</id>
  <Combined_episodenumber>11</Combined_episodenumber>
  <Combined_season>4</Combined_season>
  <DVD_chapter></DVD_chapter>
  <DVD_discid></DVD_discid>
  <DVD_episodenumber></DVD_episodenumber>
  <DVD_season></DVD_season>
  <Director>|Genndy Tartakovsky|</Director>
  <EpImgFlag></EpImgFlag>
  <EpisodeName>Tale of X9</EpisodeName>
  <EpisodeNumber>11</EpisodeNumber>
  <FirstAired>2004-09-25</FirstAired>
  <GuestStars>|Daran Norris|</GuestStars>
  <IMDB_ID></IMDB_ID>
  <Language>en</Language>
  <Overview>The first three-fourths of the story is a monologue: a Terminator-like killer robot with human emotions tells us the story of his life. He formerly worked for Aku, but stopped because of his emotions and because he felt in love with a little dog.
But Aku kidnapped his dog and forces him to fight against Jack if he wants to see it again. He is tracking Jack and he is finally destroyed by the samurai His last words are for his puppy and Jack looks sadly at him. Then there is a close-up of his car and the last image of the episode is a photo of the dog.</Overview>
  <ProductionCode>411</ProductionCode>
  <Rating>9.0</Rating>
  <RatingCount>1</RatingCount>
  <SeasonNumber>4</SeasonNumber>
  <Writer>|Bryan Andrews|Genndy Tartakovsky|</Writer>
  <absolute_number>50</absolute_number>
  <filename>episodes/75164/165959.jpg</filename>
  <lastupdated>1361616337</lastupdated>
  <seasonid>8569</seasonid>
  <seriesid>75164</seriesid>
</Episode>
<Episode>
  <id>165960</id>
  <Combined_episodenumber>12</Combined_episodenumber>
  <Combined_season>4</Combined_season>
  <DVD_chapter></DVD_chapter>
  <DVD_discid></DVD_discid>
  <DVD_episodenumber></DVD_episodenumber>
  <DVD_season></DVD_season>
  <Director></Director>
  <EpImgFlag></EpImgFlag>
  <EpisodeName>Young Jack in Africa</EpisodeName>
  <EpisodeNumber>12</EpisodeNumber>
  <FirstAired>2004-09-25</FirstAired>
  <GuestStars>|Kevin Michael Richardson|Adrian Diamond|</GuestStars>
  <IMDB_ID></IMDB_ID>
  <Language>en</Language>
  <Overview>This episode takes place during Jack's childhood. After Aku's first attack, Jack is brought to a tribe in Africa where he is admitted into the adult community after a small ritual and the chief of the village teaches him the art of fighting with a stick.
But an enemy tribe attacks the village in order to get a reward promised by Aku for Jack's capture and everyone is captured except for Jack. So he follows them, mastering the captors' weapon, using qualities of the animals he has observed to do so. After a difficult series of fights, Jack releases all the prisoners and with their help, the enemy tribe is defeated. At the end, Jack leaves the tribe because he is now considered to have learned all he can from them.</Overview>
  <ProductionCode>412</ProductionCode>
  <Rating>7.0</Rating>
  <RatingCount>1</RatingCount>
  <SeasonNumber>4</SeasonNumber>
  <Writer></Writer>
  <absolute_number>51</absolute_number>
  <filename>episodes/75164/165960.jpg</filename>
  <lastupdated>1361616347</lastupdated>
  <seasonid>8569</seasonid>
  <seriesid>75164</seriesid>
</Episode>
<Episode>
  <id>165961</id>
  <Combined_episodenumber>13</Combined_episodenumber>
  <Combined_season>4</Combined_season>
  <DVD_chapter></DVD_chapter>
  <DVD_discid></DVD_discid>
  <DVD_episodenumber></DVD_episodenumber>
  <DVD_season></DVD_season>
  <Director></Director>
  <EpImgFlag></EpImgFlag>
  <EpisodeName>Jack and the Baby</EpisodeName>
  <EpisodeNumber>13</EpisodeNumber>
  <FirstAired>2004-09-25</FirstAired>
  <GuestStars></GuestStars>
  <IMDB_ID></IMDB_ID>
  <Language>en</Language>
  <Overview>While peacefully enjoying a snack of peaches, Jack hears a baby cry and races to find out what's the matter.  He rescues Baby from a crew of hungry (baby-eating) monsters.
The two then set off to find the baby's mother.  Jack makes a great temporary parent, finding food, shelter, dealing with diapers.  He tells Baby a bedtime story of Momotaro (Peach-boy, an archetypal Japanese folk-tale).  When sick, Baby wants peaches; when they return to the peach orchard, the monsters find them again.
After the final defeat of the monsters, Baby's mother is found.  When she notices a surprising change in her child, Jack explains the baby has achieved sakai, the spirit of the samurai.</Overview>
  <ProductionCode>413</ProductionCode>
  <Rating>7.0</Rating>
  <RatingCount>1</RatingCount>
  <SeasonNumber>4</SeasonNumber>
  <Writer></Writer>
  <absolute_number>52</absolute_number>
  <filename>episodes/75164/165961.jpg</filename>
  <lastupdated>1361616360</lastupdated>
  <seasonid>8569</seasonid>
  <seriesid>75164</seriesid>
</Episode>
</Data>