<?xml version="1.0" encoding="UTF-8" ?>
<Actors>
<Actor>
  <id>44914</id>
  <Image>actors/44914.jpg</Image>
  <Name>Kiefer Sutherland</Name>
  <Role>Jack Bauer</Role>
  <SortOrder>0</SortOrder>
</Actor>
<Actor>
  <id>78578</id>
  <Image>actors/78578.jpg</Image>
  <Name>Carlos Bernard</Name>
  <Role>Tony Almeida</Role>
  <SortOrder>1</SortOrder>
</Actor>
<Actor>
  <id>44921</id>
  <Image>actors/44921.jpg</Image>
  <Name>Mary Lynn Rajskub</Name>
  <Role>Chloe O'Brian</Role>
  <SortOrder>2</SortOrder>
</Actor>
<Actor>
  <id>91331</id>
  <Image>actors/91331.jpg</Image>
  <Name>Jude Ciccolella</Name>
  <Role>Mike Novick</Role>
  <SortOrder>3</SortOrder>
</Actor>
<Actor>
  <id>91321</id>
  <Image>actors/91321.jpg</Image>
  <Name>Glenn Morshower</Name>
  <Role>Aaron Pierce</Role>
  <SortOrder>3</SortOrder>
</Actor>
<Actor>
  <id>91311</id>
  <Image>actors/91311.jpg</Image>
  <Name>Tanya Wright</Name>
  <Role>Patty Brooks</Role>
  <SortOrder>3</SortOrder>
</Actor>
<Actor>
  <id>91281</id>
  <Image>actors/91281.jpg</Image>
  <Name>Alberta Watson</Name>
  <Role>Erin Driscoll</Role>
  <SortOrder>3</SortOrder>
</Actor>
<Actor>
  <id>82135</id>
  <Image>actors/82135.jpg</Image>
  <Name>Eric Balfour</Name>
  <Role>Milo Pressman</Role>
  <SortOrder>3</SortOrder>
</Actor>
<Actor>
  <id>82134</id>
  <Image>actors/82134.jpg</Image>
  <Name>Regina King</Name>
  <Role>Sandra Palmer</Role>
  <SortOrder>3</SortOrder>
</Actor>
<Actor>
  <id>82133</id>
  <Image>actors/82133.jpg</Image>
  <Name>Peter MacNicol</Name>
  <Role>Tom Lennox</Role>
  <SortOrder>3</SortOrder>
</Actor>
<Actor>
  <id>82132</id>
  <Image>actors/82132.jpg</Image>
  <Name>Marisol Nichols</Name>
  <Role>Nadia Yassir </Role>
  <SortOrder>3</SortOrder>
</Actor>
<Actor>
  <id>82131</id>
  <Image>actors/82131.jpg</Image>
  <Name>Jayne Atkinson</Name>
  <Role>Karen Hayes</Role>
  <SortOrder>3</SortOrder>
</Actor>
<Actor>
  <id>82130</id>
  <Image>actors/82130.jpg</Image>
  <Name>Carlo Rota</Name>
  <Role>Morris O'Brian</Role>
  <SortOrder>3</SortOrder>
</Actor>
<Actor>
  <id>82129</id>
  <Image>actors/82129.jpg</Image>
  <Name>Janeane Garofalo</Name>
  <Role>Janis Gold</Role>
  <SortOrder>3</SortOrder>
</Actor>
<Actor>
  <id>82128</id>
  <Image>actors/82128.jpg</Image>
  <Name>Rhys Coiro</Name>
  <Role>Sean Hillinger</Role>
  <SortOrder>3</SortOrder>
</Actor>
<Actor>
  <id>82127</id>
  <Image>actors/82127.jpg</Image>
  <Name>Jeffrey Nordling</Name>
  <Role>Larry Moss</Role>
  <SortOrder>3</SortOrder>
</Actor>
<Actor>
  <id>82126</id>
  <Image>actors/82126.jpg</Image>
  <Name>Bob Gunton</Name>
  <Role>Ethan Kanin</Role>
  <SortOrder>3</SortOrder>
</Actor>
<Actor>
  <id>82125</id>
  <Image>actors/82125.jpg</Image>
  <Name>Colm Feore</Name>
  <Role>Henry Taylor</Role>
  <SortOrder>3</SortOrder>
</Actor>
<Actor>
  <id>82124</id>
  <Image>actors/82124.jpg</Image>
  <Name>Annie Wersching</Name>
  <Role>Renee Walker</Role>
  <SortOrder>3</SortOrder>
</Actor>
<Actor>
  <id>82123</id>
  <Image>actors/82123.jpg</Image>
  <Name>Cherry Jones</Name>
  <Role>President Allison Taylor</Role>
  <SortOrder>3</SortOrder>
</Actor>
<Actor>
  <id>78577</id>
  <Image>actors/78577.jpg</Image>
  <Name>D.B. Woodside</Name>
  <Role>Wayne Palmer</Role>
  <SortOrder>3</SortOrder>
</Actor>
<Actor>
  <id>44934</id>
  <Image>actors/44934.jpg</Image>
  <Name>James Morrison</Name>
  <Role>Bill Buchanan</Role>
  <SortOrder>3</SortOrder>
</Actor>
<Actor>
  <id>44933</id>
  <Image>actors/44933.jpg</Image>
  <Name>Gregory Itzin</Name>
  <Role>President Charles Logan</Role>
  <SortOrder>3</SortOrder>
</Actor>
<Actor>
  <id>44932</id>
  <Image>actors/44932.jpg</Image>
  <Name>Jean Smart</Name>
  <Role>Martha Logan</Role>
  <SortOrder>3</SortOrder>
</Actor>
<Actor>
  <id>44931</id>
  <Image>actors/44931.jpg</Image>
  <Name>Louis Lombardi</Name>
  <Role>Edgar Stiles</Role>
  <SortOrder>3</SortOrder>
</Actor>
<Actor>
  <id>44930</id>
  <Image>actors/44930.jpg</Image>
  <Name>Sarah Clarke</Name>
  <Role>Nina Myers</Role>
  <SortOrder>3</SortOrder>
</Actor>
<Actor>
  <id>44929</id>
  <Image>actors/44929.jpg</Image>
  <Name>Roger R. Cross</Name>
  <Role>Curtis Manning</Role>
  <SortOrder>3</SortOrder>
</Actor>
<Actor>
  <id>44928</id>
  <Image>actors/44928.jpg</Image>
  <Name>Reiko Aylesworth</Name>
  <Role>Michelle Dessler</Role>
  <SortOrder>3</SortOrder>
</Actor>
<Actor>
  <id>44927</id>
  <Image>actors/44927.jpg</Image>
  <Name>Elisha Cuthbert</Name>
  <Role>Kim Bauer</Role>
  <SortOrder>3</SortOrder>
</Actor>
<Actor>
  <id>44926</id>
  <Image>actors/44926.jpg</Image>
  <Name>Lana Parrilla</Name>
  <Role>Sarah Gavin</Role>
  <SortOrder>3</SortOrder>
</Actor>
<Actor>
  <id>44925</id>
  <Image>actors/44925.jpg</Image>
  <Name>Kim Raver</Name>
  <Role>Audrey Raines</Role>
  <SortOrder>3</SortOrder>
</Actor>
<Actor>
  <id>44924</id>
  <Image>actors/44924.jpg</Image>
  <Name>Dennis Haysbert</Name>
  <Role>President David Palmer</Role>
  <SortOrder>3</SortOrder>
</Actor>
<Actor>
  <id>44923</id>
  <Image>actors/44923.jpg</Image>
  <Name>Leslie Hope</Name>
  <Role>Teri Bauer</Role>
  <SortOrder>3</SortOrder>
</Actor>
<Actor>
  <id>44922</id>
  <Image>actors/44922.jpg</Image>
  <Name>Xander Berkeley</Name>
  <Role>George Mason</Role>
  <SortOrder>3</SortOrder>
</Actor>
<Actor>
  <id>44920</id>
  <Image>actors/44920.jpg</Image>
  <Name>James Badge Dale</Name>
  <Role>Chase Edmunds</Role>
  <SortOrder>3</SortOrder>
</Actor>
<Actor>
  <id>44918</id>
  <Image>actors/44918.jpg</Image>
  <Name>Penny Johnson Jerald</Name>
  <Role>Sherry Palmer</Role>
  <SortOrder>3</SortOrder>
</Actor>
<Actor>
  <id>44915</id>
  <Image>actors/44915.jpg</Image>
  <Name>Sarah Wynter</Name>
  <Role>Kate Warner</Role>
  <SortOrder>3</SortOrder>
</Actor>
<Actor>
  <id>144161</id>
  <Image>actors/144161.jpg</Image>
  <Name>Shohreh Aghdashloo</Name>
  <Role>Dina Araz</Role>
  <SortOrder>3</SortOrder>
</Actor>
<Actor>
  <id>144151</id>
  <Image>actors/144151.jpg</Image>
  <Name>Laura Harris</Name>
  <Role>Marie Warner</Role>
  <SortOrder>3</SortOrder>
</Actor>
<Actor>
  <id>137251</id>
  <Image>actors/137251.jpg</Image>
  <Name>David Anders</Name>
  <Role>Josef Bazhaev</Role>
  <SortOrder>3</SortOrder>
</Actor>
<Actor>
  <id>137241</id>
  <Image>actors/137241.jpg</Image>
  <Name>Katee Sackhoff</Name>
  <Role>Dana Walsh</Role>
  <SortOrder>3</SortOrder>
</Actor>
<Actor>
  <id>137231</id>
  <Image>actors/137231.jpg</Image>
  <Name>Mykelti Williamson</Name>
  <Role>Brian Hastings</Role>
  <SortOrder>3</SortOrder>
</Actor>
<Actor>
  <id>137221</id>
  <Image>actors/137221.jpg</Image>
  <Name>Anil Kapoor</Name>
  <Role>Omar Hassan</Role>
  <SortOrder>3</SortOrder>
</Actor>
<Actor>
  <id>137211</id>
  <Image>actors/137211.jpg</Image>
  <Name>Chris Diamantopoulos</Name>
  <Role>Rob Weiss</Role>
  <SortOrder>3</SortOrder>
</Actor>
<Actor>
  <id>137201</id>
  <Image>actors/137201.jpg</Image>
  <Name>John Boyd</Name>
  <Role>Arlo Glass</Role>
  <SortOrder>3</SortOrder>
</Actor>
<Actor>
  <id>137191</id>
  <Image>actors/137191.jpg</Image>
  <Name>Freddie Prinze Jr.</Name>
  <Role>Cole Ortiz</Role>
  <SortOrder>3</SortOrder>
</Actor>
</Actors>