<?xml version="1.0" encoding="UTF-8" ?>
<Banners>
<Banner>
  <id>504891</id>
  <BannerPath>fanart/original/104281-1.jpg</BannerPath>
  <BannerType>fanart</BannerType>
  <BannerType2>1920x1080</BannerType2>
  <Colors>|158,153,194|30,28,39|71,37,28|</Colors>
  <Language>en</Language>
  <Rating>7.6364</Rating>
  <RatingCount>11</RatingCount>
  <SeriesName>false</SeriesName>
  <ThumbnailPath>_cache/fanart/original/104281-1.jpg</ThumbnailPath>
  <VignettePath>fanart/vignette/104281-1.jpg</VignettePath>
</Banner>
<Banner>
  <id>504901</id>
  <BannerPath>fanart/original/104281-2.jpg</BannerPath>
  <BannerType>fanart</BannerType>
  <BannerType2>1920x1080</BannerType2>
  <Colors>|228,226,211|77,67,66|234,189,158|</Colors>
  <Language>en</Language>
  <Rating>6.8000</Rating>
  <RatingCount>10</RatingCount>
  <SeriesName>false</SeriesName>
  <ThumbnailPath>_cache/fanart/original/104281-2.jpg</ThumbnailPath>
  <VignettePath>fanart/vignette/104281-2.jpg</VignettePath>
</Banner>
<Banner>
  <id>912563</id>
  <BannerPath>fanart/original/104281-9.jpg</BannerPath>
  <BannerType>fanart</BannerType>
  <BannerType2>1920x1080</BannerType2>
  <Colors></Colors>
  <Language>en</Language>
  <Rating>6.5000</Rating>
  <RatingCount>4</RatingCount>
  <SeriesName>false</SeriesName>
  <ThumbnailPath>_cache/fanart/original/104281-9.jpg</ThumbnailPath>
  <VignettePath>fanart/vignette/104281-9.jpg</VignettePath>
</Banner>
<Banner>
  <id>862668</id>
  <BannerPath>fanart/original/104281-5.jpg</BannerPath>
  <BannerType>fanart</BannerType>
  <BannerType2>1920x1080</BannerType2>
  <Colors>|215,195,186|178,138,149|187,176,154|</Colors>
  <Language>en</Language>
  <Rating>6.3333</Rating>
  <RatingCount>3</RatingCount>
  <SeriesName>false</SeriesName>
  <ThumbnailPath>_cache/fanart/original/104281-5.jpg</ThumbnailPath>
  <VignettePath>fanart/vignette/104281-5.jpg</VignettePath>
</Banner>
<Banner>
  <id>928761</id>
  <BannerPath>fanart/original/104281-10.jpg</BannerPath>
  <BannerType>fanart</BannerType>
  <BannerType2>1920x1080</BannerType2>
  <Colors>|184,170,167|22,21,19|30,75,94|</Colors>
  <Language>en</Language>
  <Rating>6.3333</Rating>
  <RatingCount>3</RatingCount>
  <SeriesName>false</SeriesName>
  <ThumbnailPath>_cache/fanart/original/104281-10.jpg</ThumbnailPath>
  <VignettePath>fanart/vignette/104281-10.jpg</VignettePath>
</Banner>
<Banner>
  <id>862669</id>
  <BannerPath>fanart/original/104281-6.jpg</BannerPath>
  <BannerType>fanart</BannerType>
  <BannerType2>1920x1080</BannerType2>
  <Colors>|168,178,187|202,172,162|136,100,84|</Colors>
  <Language>en</Language>
  <Rating>4.8000</Rating>
  <RatingCount>5</RatingCount>
  <SeriesName>false</SeriesName>
  <ThumbnailPath>_cache/fanart/original/104281-6.jpg</ThumbnailPath>
  <VignettePath>fanart/vignette/104281-6.jpg</VignettePath>
</Banner>
<Banner>
  <id>862665</id>
  <BannerPath>fanart/original/104281-4.jpg</BannerPath>
  <BannerType>fanart</BannerType>
  <BannerType2>1920x1080</BannerType2>
  <Colors></Colors>
  <Language>en</Language>
  <Rating>4.6667</Rating>
  <RatingCount>3</RatingCount>
  <SeriesName>false</SeriesName>
  <ThumbnailPath>_cache/fanart/original/104281-4.jpg</ThumbnailPath>
  <VignettePath>fanart/vignette/104281-4.jpg</VignettePath>
</Banner>
<Banner>
  <id>893127</id>
  <BannerPath>fanart/original/104281-8.jpg</BannerPath>
  <BannerType>fanart</BannerType>
  <BannerType2>1920x1080</BannerType2>
  <Colors></Colors>
  <Language>en</Language>
  <Rating>2.0000</Rating>
  <RatingCount>2</RatingCount>
  <SeriesName>false</SeriesName>
  <ThumbnailPath>_cache/fanart/original/104281-8.jpg</ThumbnailPath>
  <VignettePath>fanart/vignette/104281-8.jpg</VignettePath>
</Banner>
<Banner>
  <id>862670</id>
  <BannerPath>fanart/original/104281-7.jpg</BannerPath>
  <BannerType>fanart</BannerType>
  <BannerType2>1920x1080</BannerType2>
  <Colors></Colors>
  <Language>en</Language>
  <Rating>1.0000</Rating>
  <RatingCount>1</RatingCount>
  <SeriesName>false</SeriesName>
  <ThumbnailPath>_cache/fanart/original/104281-7.jpg</ThumbnailPath>
  <VignettePath>fanart/vignette/104281-7.jpg</VignettePath>
</Banner>
<Banner>
  <id>504911</id>
  <BannerPath>fanart/original/104281-3.jpg</BannerPath>
  <BannerType>fanart</BannerType>
  <BannerType2>1920x1080</BannerType2>
  <Colors>|250,251,246|46,44,47|208,209,203|</Colors>
  <Language>en</Language>
  <Rating>1.0000</Rating>
  <RatingCount>1</RatingCount>
  <SeriesName>false</SeriesName>
  <ThumbnailPath>_cache/fanart/original/104281-3.jpg</ThumbnailPath>
  <VignettePath>fanart/vignette/104281-3.jpg</VignettePath>
</Banner>
<Banner>
  <id>948558</id>
  <BannerPath>posters/104281-3.jpg</BannerPath>
  <BannerType>poster</BannerType>
  <BannerType2>680x1000</BannerType2>
  <Language>en</Language>
  <Rating>10.0000</Rating>
  <RatingCount>1</RatingCount>
</Banner>
<Banner>
  <id>916281</id>
  <BannerPath>posters/104281-2.jpg</BannerPath>
  <BannerType>poster</BannerType>
  <BannerType2>680x1000</BannerType2>
  <Language>en</Language>
  <Rating>9.0000</Rating>
  <RatingCount>2</RatingCount>
</Banner>
<Banner>
  <id>525431</id>
  <BannerPath>posters/104281-1.jpg</BannerPath>
  <BannerType>poster</BannerType>
  <BannerType2>680x1000</BannerType2>
  <Language>en</Language>
  <Rating>8.0000</Rating>
  <RatingCount>1</RatingCount>
</Banner>
<Banner>
  <id>916098</id>
  <BannerPath>seasons/104281-1.jpg</BannerPath>
  <BannerType>season</BannerType>
  <BannerType2>season</BannerType2>
  <Language>en</Language>
  <Rating>10.0000</Rating>
  <RatingCount>1</RatingCount>
  <Season>1</Season>
</Banner>
<Banner>
  <id>916104</id>
  <BannerPath>seasons/104281-2.jpg</BannerPath>
  <BannerType>season</BannerType>
  <BannerType2>season</BannerType2>
  <Language>en</Language>
  <Rating>10.0000</Rating>
  <RatingCount>1</RatingCount>
  <Season>2</Season>
</Banner>
<Banner>
  <id>869119</id>
  <BannerPath>seasons/104281-2-6.jpg</BannerPath>
  <BannerType>season</BannerType>
  <BannerType2>season</BannerType2>
  <Language>en</Language>
  <Rating>9.0000</Rating>
  <RatingCount>2</RatingCount>
  <Season>2</Season>
</Banner>
<Banner>
  <id>869115</id>
  <BannerPath>seasons/104281-2-2.jpg</BannerPath>
  <BannerType>season</BannerType>
  <BannerType2>season</BannerType2>
  <Language>en</Language>
  <Rating>8.5000</Rating>
  <RatingCount>2</RatingCount>
  <Season>2</Season>
</Banner>
<Banner>
  <id>916106</id>
  <BannerPath>seasons/104281-3.jpg</BannerPath>
  <BannerType>season</BannerType>
  <BannerType2>season</BannerType2>
  <Language>en</Language>
  <Rating>5.5000</Rating>
  <RatingCount>2</RatingCount>
  <Season>3</Season>
</Banner>
<Banner>
  <id>869113</id>
  <BannerPath>seasons/104281-1-3.jpg</BannerPath>
  <BannerType>season</BannerType>
  <BannerType2>season</BannerType2>
  <Language>en</Language>
  <Rating>5.5000</Rating>
  <RatingCount>2</RatingCount>
  <Season>1</Season>
</Banner>
<Banner>
  <id>931343</id>
  <BannerPath>seasons/104281-3-2.jpg</BannerPath>
  <BannerType>season</BannerType>
  <BannerType2>season</BannerType2>
  <Language>en</Language>
  <Rating></Rating>
  <RatingCount>0</RatingCount>
  <Season>3</Season>
</Banner>
<Banner>
  <id>931342</id>
  <BannerPath>seasons/104281-2-3.jpg</BannerPath>
  <BannerType>season</BannerType>
  <BannerType2>season</BannerType2>
  <Language>en</Language>
  <Rating></Rating>
  <RatingCount>0</RatingCount>
  <Season>2</Season>
</Banner>
<Banner>
  <id>931341</id>
  <BannerPath>seasons/104281-1-4.jpg</BannerPath>
  <BannerType>season</BannerType>
  <BannerType2>season</BannerType2>
  <Language>en</Language>
  <Rating></Rating>
  <RatingCount>0</RatingCount>
  <Season>1</Season>
</Banner>
<Banner>
  <id>869111</id>
  <BannerPath>seasons/104281-1-2.jpg</BannerPath>
  <BannerType>season</BannerType>
  <BannerType2>season</BannerType2>
  <Language>en</Language>
  <Rating></Rating>
  <RatingCount>0</RatingCount>
  <Season>1</Season>
</Banner>
<Banner>
  <id>509211</id>
  <BannerPath>graphical/104281-g2.jpg</BannerPath>
  <BannerType>series</BannerType>
  <BannerType2>graphical</BannerType2>
  <Language>en</Language>
  <Rating>7.6000</Rating>
  <RatingCount>5</RatingCount>
</Banner>
<Banner>
  <id>511071</id>
  <BannerPath>graphical/104281-g.jpg</BannerPath>
  <BannerType>series</BannerType>
  <BannerType2>graphical</BannerType2>
  <Language>en</Language>
  <Rating>7.4286</Rating>
  <RatingCount>7</RatingCount>
</Banner>
<Banner>
  <id>863611</id>
  <BannerPath>graphical/104281-g5.jpg</BannerPath>
  <BannerType>series</BannerType>
  <BannerType2>graphical</BannerType2>
  <Language>en</Language>
  <Rating>6.2500</Rating>
  <RatingCount>4</RatingCount>
</Banner>
<Banner>
  <id>509221</id>
  <BannerPath>graphical/104281-g3.jpg</BannerPath>
  <BannerType>series</BannerType>
  <BannerType2>graphical</BannerType2>
  <Language>en</Language>
  <Rating></Rating>
  <RatingCount>0</RatingCount>
</Banner>
<Banner>
  <id>862800</id>
  <BannerPath>graphical/104281-g4.jpg</BannerPath>
  <BannerType>series</BannerType>
  <BannerType2>graphical</BannerType2>
  <Language>en</Language>
  <Rating></Rating>
  <RatingCount>0</RatingCount>
</Banner>
<Banner>
  <id>933538</id>
  <BannerPath>graphical/104281-g6.jpg</BannerPath>
  <BannerType>series</BannerType>
  <BannerType2>graphical</BannerType2>
  <Language>ru</Language>
  <Rating></Rating>
  <RatingCount>0</RatingCount>
</Banner>
</Banners>