<?xml version="1.0" encoding="UTF-8" ?>
<Data><Series>
  <id>104281</id>
  <Actors>|Piper Perabo|Christopher Gorham|Kari Matchett|Peter Gallagher|Sarah Clarke|Anne Dudek|Sendhil Ramamurthy|</Actors>
  <Airs_DayOfWeek>Tuesday</Airs_DayOfWeek>
  <Airs_Time>10:00 PM</Airs_Time>
  <ContentRating>TV-14</ContentRating>
  <FirstAired>2010-07-13</FirstAired>
  <Genre>|Action|Adventure|Drama|</Genre>
  <IMDB_ID>tt1495708</IMDB_ID>
  <Language>en</Language>
  <Network>USA Network</Network>
  <NetworkID></NetworkID>
  <Overview>&quot;Covert Affairs&quot; centers on a young CIA operative, Annie Walker, mysteriously summoned to headquarters for duty as a field operative. While Annie believes she's been promoted for her exceptional linguistic skills, there may be something or someone from her past that her CIA bosses are really after. Auggie Anderson is a CIA military intelligence agent who was blinded while on assignment and is Annie's guide in this world of bureaucracy, excitement and intrigue.</Overview>
  <Rating>8.2</Rating>
  <RatingCount>58</RatingCount>
  <Runtime>60</Runtime>
  <SeriesID>1347072</SeriesID>
  <SeriesName>Covert Affairs</SeriesName>
  <Status>Continuing</Status>
  <added>2009-07-14 09:47:20</added>
  <addedBy>3088</addedBy>
  <banner>graphical/104281-g2.jpg</banner>
  <fanart>fanart/original/104281-1.jpg</fanart>
  <lastupdated>1364859849</lastupdated>
  <poster>posters/104281-3.jpg</poster>
  <zap2it_id>EP01281070</zap2it_id>
</Series>
<Episode>
  <id>1053901</id>
  <Combined_episodenumber>1</Combined_episodenumber>
  <Combined_season>1</Combined_season>
  <DVD_chapter></DVD_chapter>
  <DVD_discid></DVD_discid>
  <DVD_episodenumber></DVD_episodenumber>
  <DVD_season></DVD_season>
  <Director>Tim Matheson</Director>
  <EpImgFlag>2</EpImgFlag>
  <EpisodeName>Pilot</EpisodeName>
  <EpisodeNumber>1</EpisodeNumber>
  <FirstAired>2010-07-13</FirstAired>
  <GuestStars></GuestStars>
  <IMDB_ID></IMDB_ID>
  <Language>en</Language>
  <Overview>Annie Walker is removed from CIA training and thrust into the inner sanctum of the Agency for what appears to be their need of her exceptional linguistic skills, but there may be something or someone from her past that her CIA bosses are really after. </Overview>
  <ProductionCode></ProductionCode>
  <Rating>7.8</Rating>
  <RatingCount>87</RatingCount>
  <SeasonNumber>1</SeasonNumber>
  <Writer></Writer>
  <absolute_number></absolute_number>
  <filename>episodes/104281/1053901.jpg</filename>
  <lastupdated>1339672870</lastupdated>
  <seasonid>97211</seasonid>
  <seriesid>104281</seriesid>
</Episode>
<Episode>
  <id>2447871</id>
  <Combined_episodenumber>2</Combined_episodenumber>
  <Combined_season>1</Combined_season>
  <DVD_chapter></DVD_chapter>
  <DVD_discid></DVD_discid>
  <DVD_episodenumber></DVD_episodenumber>
  <DVD_season></DVD_season>
  <Director>Tim Matheson</Director>
  <EpImgFlag>2</EpImgFlag>
  <EpisodeName>Walter's Walk</EpisodeName>
  <EpisodeNumber>2</EpisodeNumber>
  <FirstAired>2010-07-20</FirstAired>
  <GuestStars></GuestStars>
  <IMDB_ID></IMDB_ID>
  <Language>en</Language>
  <Overview>New CIA agent Annie Walker is still forced to work on low-key cases until she is tipped off that a IRA cell operates in America. </Overview>
  <ProductionCode></ProductionCode>
  <Rating>7.5</Rating>
  <RatingCount>76</RatingCount>
  <SeasonNumber>1</SeasonNumber>
  <Writer></Writer>
  <absolute_number></absolute_number>
  <filename>episodes/104281/2447871.jpg</filename>
  <lastupdated>1364081115</lastupdated>
  <seasonid>97211</seasonid>
  <seriesid>104281</seriesid>
</Episode>
<Episode>
  <id>2447881</id>
  <Combined_episodenumber>3</Combined_episodenumber>
  <Combined_season>1</Combined_season>
  <DVD_chapter></DVD_chapter>
  <DVD_discid></DVD_discid>
  <DVD_episodenumber></DVD_episodenumber>
  <DVD_season></DVD_season>
  <Director></Director>
  <EpImgFlag>2</EpImgFlag>
  <EpisodeName>South Bound Suarez</EpisodeName>
  <EpisodeNumber>3</EpisodeNumber>
  <FirstAired>2010-07-27</FirstAired>
  <GuestStars></GuestStars>
  <IMDB_ID></IMDB_ID>
  <Language>en</Language>
  <Overview>Annie is tasked with getting close to Diego, a college student, in the hopes that his sister, Julia, will provide the CIA with intel on Victor Ponces, a corrupt Venezuelan government official. But when the CIA station agent looking into Ponces goes missing, Diego's trust in Annie means that she's going to have to finish the job.</Overview>
  <ProductionCode></ProductionCode>
  <Rating>7.5</Rating>
  <RatingCount>70</RatingCount>
  <SeasonNumber>1</SeasonNumber>
  <Writer></Writer>
  <absolute_number></absolute_number>
  <filename>episodes/104281/2447881.jpg</filename>
  <lastupdated>1364081125</lastupdated>
  <seasonid>97211</seasonid>
  <seriesid>104281</seriesid>
</Episode>
<Episode>
  <id>2533561</id>
  <Combined_episodenumber>4</Combined_episodenumber>
  <Combined_season>1</Combined_season>
  <DVD_chapter></DVD_chapter>
  <DVD_discid></DVD_discid>
  <DVD_episodenumber></DVD_episodenumber>
  <DVD_season></DVD_season>
  <Director></Director>
  <EpImgFlag>2</EpImgFlag>
  <EpisodeName>No Quarter</EpisodeName>
  <EpisodeNumber>4</EpisodeNumber>
  <FirstAired>2010-08-03</FirstAired>
  <GuestStars></GuestStars>
  <IMDB_ID></IMDB_ID>
  <Language>en</Language>
  <Overview>After a &quot;simple brush pass&quot; goes sour, Annie is stranded and on the run in Zurich with Eyal, a Mossad agent who can't be trusted. Meanwhile, as Auggie works to bring Annie home safely, Arthur and Joan are busy trying to track a leak coming from within the CIA ... and Auggie is near the top of the list</Overview>
  <ProductionCode></ProductionCode>
  <Rating>7.6</Rating>
  <RatingCount>66</RatingCount>
  <SeasonNumber>1</SeasonNumber>
  <Writer></Writer>
  <absolute_number></absolute_number>
  <filename>episodes/104281/2533561.jpg</filename>
  <lastupdated>1339672829</lastupdated>
  <seasonid>97211</seasonid>
  <seriesid>104281</seriesid>
</Episode>
<Episode>
  <id>2486681</id>
  <Combined_episodenumber>5</Combined_episodenumber>
  <Combined_season>1</Combined_season>
  <DVD_chapter></DVD_chapter>
  <DVD_discid></DVD_discid>
  <DVD_episodenumber></DVD_episodenumber>
  <DVD_season></DVD_season>
  <Director>Jonathan Glassner</Director>
  <EpImgFlag>2</EpImgFlag>
  <EpisodeName>In the Light</EpisodeName>
  <EpisodeNumber>5</EpisodeNumber>
  <FirstAired>2010-08-10</FirstAired>
  <GuestStars></GuestStars>
  <IMDB_ID></IMDB_ID>
  <Language>en</Language>
  <Overview>In order to stop a weapons shipment, Annie asks a former operative for help and attracts Henry Wilcox's and her former lover Ben Mercer's attention.</Overview>
  <ProductionCode></ProductionCode>
  <Rating>7.6</Rating>
  <RatingCount>62</RatingCount>
  <SeasonNumber>1</SeasonNumber>
  <Writer>Meredith Lavender | Marcie Ulin</Writer>
  <absolute_number></absolute_number>
  <filename>episodes/104281/2486681.jpg</filename>
  <lastupdated>1316607751</lastupdated>
  <seasonid>97211</seasonid>
  <seriesid>104281</seriesid>
</Episode>
<Episode>
  <id>2592241</id>
  <Combined_episodenumber>6</Combined_episodenumber>
  <Combined_season>1</Combined_season>
  <DVD_chapter></DVD_chapter>
  <DVD_discid></DVD_discid>
  <DVD_episodenumber></DVD_episodenumber>
  <DVD_season></DVD_season>
  <Director>Alex Chapple</Director>
  <EpImgFlag>3</EpImgFlag>
  <EpisodeName>Houses of the Holy</EpisodeName>
  <EpisodeNumber>6</EpisodeNumber>
  <FirstAired>2010-08-17</FirstAired>
  <GuestStars></GuestStars>
  <IMDB_ID></IMDB_ID>
  <Language>en</Language>
  <Overview>Annie is tasked with investigating a potential national security leak originating from the Senate Intelligence Committee. Elsewhere, Auggie is assigned as a stateside handler for his old special ops unit, and Annie is worried that her brother-in-law, Michael, is cheating on Danielle.</Overview>
  <ProductionCode></ProductionCode>
  <Rating>7.6</Rating>
  <RatingCount>60</RatingCount>
  <SeasonNumber>1</SeasonNumber>
  <Writer>Dana Calvo</Writer>
  <absolute_number></absolute_number>
  <filename>episodes/104281/2592241.jpg</filename>
  <lastupdated>1330421005</lastupdated>
  <seasonid>97211</seasonid>
  <seriesid>104281</seriesid>
</Episode>
<Episode>
  <id>2620171</id>
  <Combined_episodenumber>7</Combined_episodenumber>
  <Combined_season>1</Combined_season>
  <DVD_chapter></DVD_chapter>
  <DVD_discid></DVD_discid>
  <DVD_episodenumber></DVD_episodenumber>
  <DVD_season></DVD_season>
  <Director>Kate Woods</Director>
  <EpImgFlag>3</EpImgFlag>
  <EpisodeName>Communication Breakdown</EpisodeName>
  <EpisodeNumber>7</EpisodeNumber>
  <FirstAired>2010-08-24</FirstAired>
  <GuestStars></GuestStars>
  <IMDB_ID></IMDB_ID>
  <Language>en</Language>
  <Overview>When communication systems throughout D.C. are shut down by a hacker, Auggie is put in the field to obtain the code for the CIA. But his excitement to be doing field work is tempered when he learns that the hacker responsible is Natasha Petrova ... who happens to be his ex-girlfriend. </Overview>
  <ProductionCode></ProductionCode>
  <Rating>7.7</Rating>
  <RatingCount>63</RatingCount>
  <SeasonNumber>1</SeasonNumber>
  <Writer>Matthew Lau</Writer>
  <absolute_number></absolute_number>
  <filename>episodes/104281/2620171.jpg</filename>
  <lastupdated>1330421070</lastupdated>
  <seasonid>97211</seasonid>
  <seriesid>104281</seriesid>
</Episode>
<Episode>
  <id>2686541</id>
  <Combined_episodenumber>8</Combined_episodenumber>
  <Combined_season>1</Combined_season>
  <DVD_chapter></DVD_chapter>
  <DVD_discid></DVD_discid>
  <DVD_episodenumber></DVD_episodenumber>
  <DVD_season></DVD_season>
  <Director></Director>
  <EpImgFlag>2</EpImgFlag>
  <EpisodeName>What Is and What Should Never Be</EpisodeName>
  <EpisodeNumber>8</EpisodeNumber>
  <FirstAired>2010-08-31</FirstAired>
  <GuestStars></GuestStars>
  <IMDB_ID></IMDB_ID>
  <Language>en</Language>
  <Overview>After Annie witnesses a suspicious purchase at an art auction, her follow-up brings a surprise visitor  -- Ben Mercer -- back into her life. </Overview>
  <ProductionCode></ProductionCode>
  <Rating>7.4</Rating>
  <RatingCount>56</RatingCount>
  <SeasonNumber>1</SeasonNumber>
  <Writer></Writer>
  <absolute_number></absolute_number>
  <filename>episodes/104281/2686541.jpg</filename>
  <lastupdated>1330421080</lastupdated>
  <seasonid>97211</seasonid>
  <seriesid>104281</seriesid>
</Episode>
<Episode>
  <id>2657981</id>
  <Combined_episodenumber>9</Combined_episodenumber>
  <Combined_season>1</Combined_season>
  <DVD_chapter></DVD_chapter>
  <DVD_discid></DVD_discid>
  <DVD_episodenumber></DVD_episodenumber>
  <DVD_season></DVD_season>
  <Director>Vincent Misiano</Director>
  <EpImgFlag>2</EpImgFlag>
  <EpisodeName>Fool in the Rain</EpisodeName>
  <EpisodeNumber>9</EpisodeNumber>
  <FirstAired>2010-09-07</FirstAired>
  <GuestStars></GuestStars>
  <IMDB_ID></IMDB_ID>
  <Language>en</Language>
  <Overview>An Iranian trade delegation member attending the WTO conference in Toronto escapes his handlers and contacts the CIA, hoping to parlay stolen intelligence into safe passage to the United States.</Overview>
  <ProductionCode>CA109</ProductionCode>
  <Rating>7.7</Rating>
  <RatingCount>57</RatingCount>
  <SeasonNumber>1</SeasonNumber>
  <Writer>Stephen Hootstein</Writer>
  <absolute_number></absolute_number>
  <filename>episodes/104281/2657981.jpg</filename>
  <lastupdated>1330421092</lastupdated>
  <seasonid>97211</seasonid>
  <seriesid>104281</seriesid>
</Episode>
<Episode>
  <id>2686551</id>
  <Combined_episodenumber>10</Combined_episodenumber>
  <Combined_season>1</Combined_season>
  <DVD_chapter></DVD_chapter>
  <DVD_discid></DVD_discid>
  <DVD_episodenumber></DVD_episodenumber>
  <DVD_season></DVD_season>
  <Director>Ken Girotti</Director>
  <EpImgFlag>2</EpImgFlag>
  <EpisodeName>I Can't Quit You Baby</EpisodeName>
  <EpisodeNumber>10</EpisodeNumber>
  <FirstAired>2010-09-14</FirstAired>
  <GuestStars></GuestStars>
  <IMDB_ID></IMDB_ID>
  <Language>en</Language>
  <Overview>Annie needs to be recruited by smugglers; Arthur and Joan must bring Henry Wilcox back into the fold.</Overview>
  <ProductionCode></ProductionCode>
  <Rating>7.5</Rating>
  <RatingCount>62</RatingCount>
  <SeasonNumber>1</SeasonNumber>
  <Writer>James Parriott</Writer>
  <absolute_number></absolute_number>
  <filename>episodes/104281/2686551.jpg</filename>
  <lastupdated>1330421102</lastupdated>
  <seasonid>97211</seasonid>
  <seriesid>104281</seriesid>
</Episode>
<Episode>
  <id>2686561</id>
  <Combined_episodenumber>11</Combined_episodenumber>
  <Combined_season>1</Combined_season>
  <DVD_chapter></DVD_chapter>
  <DVD_discid></DVD_discid>
  <DVD_episodenumber></DVD_episodenumber>
  <DVD_season></DVD_season>
  <Director>Allan Kroeker</Director>
  <EpImgFlag>2</EpImgFlag>
  <EpisodeName>When the Levee Breaks</EpisodeName>
  <EpisodeNumber>11</EpisodeNumber>
  <FirstAired>2010-09-14</FirstAired>
  <GuestStars></GuestStars>
  <IMDB_ID></IMDB_ID>
  <Language>en</Language>
  <Overview>Annie is forced to confront her past when Ben Mercer walks into CIA Headquarters.</Overview>
  <ProductionCode></ProductionCode>
  <Rating>7.8</Rating>
  <RatingCount>63</RatingCount>
  <SeasonNumber>1</SeasonNumber>
  <Writer>Matt Corman | Chris Ord</Writer>
  <absolute_number></absolute_number>
  <filename>episodes/104281/2686561.jpg</filename>
  <lastupdated>1330421111</lastupdated>
  <seasonid>97211</seasonid>
  <seriesid>104281</seriesid>
</Episode>
<Episode>
  <id>3473341</id>
  <Combined_episodenumber>1</Combined_episodenumber>
  <Combined_season>2</Combined_season>
  <DVD_chapter></DVD_chapter>
  <DVD_discid></DVD_discid>
  <DVD_episodenumber></DVD_episodenumber>
  <DVD_season></DVD_season>
  <Director>Kate Woods</Director>
  <EpImgFlag>2</EpImgFlag>
  <EpisodeName>Begin the Begin</EpisodeName>
  <EpisodeNumber>1</EpisodeNumber>
  <FirstAired>2011-06-07</FirstAired>
  <GuestStars></GuestStars>
  <IMDB_ID>tt1909437</IMDB_ID>
  <Language>en</Language>
  <Overview>When Annie and Ben go back to Washington DC, Ben goes missing. Annie is assigned to keep a professional tennis player from Estonia safe.</Overview>
  <ProductionCode>CA201</ProductionCode>
  <Rating>7.7</Rating>
  <RatingCount>58</RatingCount>
  <SeasonNumber>2</SeasonNumber>
  <Writer>Matt Corman|Chris Ord</Writer>
  <absolute_number></absolute_number>
  <filename>episodes/104281/3473341.jpg</filename>
  <lastupdated>1351075174</lastupdated>
  <seasonid>396181</seasonid>
  <seriesid>104281</seriesid>
</Episode>
<Episode>
  <id>4105007</id>
  <Combined_episodenumber>2</Combined_episodenumber>
  <Combined_season>2</Combined_season>
  <DVD_chapter></DVD_chapter>
  <DVD_discid></DVD_discid>
  <DVD_episodenumber></DVD_episodenumber>
  <DVD_season></DVD_season>
  <Director>Ken Girotti</Director>
  <EpImgFlag>2</EpImgFlag>
  <EpisodeName>Good Advices</EpisodeName>
  <EpisodeNumber>2</EpisodeNumber>
  <FirstAired>2011-06-14</FirstAired>
  <GuestStars></GuestStars>
  <IMDB_ID>tt1951852</IMDB_ID>
  <Language>en</Language>
  <Overview>Annie meets Mossad agent Eyal Lavin again when they both try to turn a secretary working at the Syrian embassy in Paris into an asset. </Overview>
  <ProductionCode>CA202</ProductionCode>
  <Rating>7.6</Rating>
  <RatingCount>42</RatingCount>
  <SeasonNumber>2</SeasonNumber>
  <Writer>Stephen Hootstein</Writer>
  <absolute_number></absolute_number>
  <filename>episodes/104281/4105007.jpg</filename>
  <lastupdated>1351075215</lastupdated>
  <seasonid>396181</seasonid>
  <seriesid>104281</seriesid>
</Episode>
<Episode>
  <id>4105008</id>
  <Combined_episodenumber>3</Combined_episodenumber>
  <Combined_season>2</Combined_season>
  <DVD_chapter></DVD_chapter>
  <DVD_discid></DVD_discid>
  <DVD_episodenumber></DVD_episodenumber>
  <DVD_season></DVD_season>
  <Director>Allan Kroeker</Director>
  <EpImgFlag>2</EpImgFlag>
  <EpisodeName>Bang and Blame</EpisodeName>
  <EpisodeNumber>3</EpisodeNumber>
  <FirstAired>2011-06-21</FirstAired>
  <GuestStars></GuestStars>
  <IMDB_ID>tt1958291</IMDB_ID>
  <Language>en</Language>
  <Overview>The leak of a CIA Trainee's name brings Annie back to The Farm with the sensitive task to find the culprit without being exposed herself which would end her own CIA career. </Overview>
  <ProductionCode>CA203</ProductionCode>
  <Rating>7.8</Rating>
  <RatingCount>45</RatingCount>
  <SeasonNumber>2</SeasonNumber>
  <Writer>Erica Shelton</Writer>
  <absolute_number></absolute_number>
  <filename>episodes/104281/4105008.jpg</filename>
  <lastupdated>1351075234</lastupdated>
  <seasonid>396181</seasonid>
  <seriesid>104281</seriesid>
</Episode>
<Episode>
  <id>4105009</id>
  <Combined_episodenumber>4</Combined_episodenumber>
  <Combined_season>2</Combined_season>
  <DVD_chapter></DVD_chapter>
  <DVD_discid></DVD_discid>
  <DVD_episodenumber></DVD_episodenumber>
  <DVD_season></DVD_season>
  <Director>Stephen Kay</Director>
  <EpImgFlag>2</EpImgFlag>
  <EpisodeName>All the Right Friends</EpisodeName>
  <EpisodeNumber>4</EpisodeNumber>
  <FirstAired>2011-06-28</FirstAired>
  <GuestStars></GuestStars>
  <IMDB_ID>tt1919597</IMDB_ID>
  <Language>en</Language>
  <Overview>Annie runs into a set up when she tries to exchange a spy named Carlo Reni in Argentina. They escape the assassin and go on the run, trying to find the one responsible before the assassin can finish the job.</Overview>
  <ProductionCode>CA204</ProductionCode>
  <Rating>7.7</Rating>
  <RatingCount>46</RatingCount>
  <SeasonNumber>2</SeasonNumber>
  <Writer>Norman Morrill</Writer>
  <absolute_number></absolute_number>
  <filename>episodes/104281/4105009.jpg</filename>
  <lastupdated>1351075258</lastupdated>
  <seasonid>396181</seasonid>
  <seriesid>104281</seriesid>
</Episode>
<Episode>
  <id>4105010</id>
  <Combined_episodenumber>5</Combined_episodenumber>
  <Combined_season>2</Combined_season>
  <DVD_chapter></DVD_chapter>
  <DVD_discid></DVD_discid>
  <DVD_episodenumber></DVD_episodenumber>
  <DVD_season></DVD_season>
  <Director>Felix Alcala</Director>
  <EpImgFlag>2</EpImgFlag>
  <EpisodeName>Around the Sun</EpisodeName>
  <EpisodeNumber>5</EpisodeNumber>
  <FirstAired>2011-07-05</FirstAired>
  <GuestStars></GuestStars>
  <IMDB_ID>tt1958290</IMDB_ID>
  <Language>en</Language>
  <Overview>Annie looks into a potential leak at NASA, which could threaten the U.S.'s spy satellites. During the mission, she must also adjust to working with a new tech operative after Auggie moves to a new position.</Overview>
  <ProductionCode>CA205</ProductionCode>
  <Rating>7.7</Rating>
  <RatingCount>47</RatingCount>
  <SeasonNumber>2</SeasonNumber>
  <Writer>Dana Calvo</Writer>
  <absolute_number></absolute_number>
  <filename>episodes/104281/4105010.jpg</filename>
  <lastupdated>1339463688</lastupdated>
  <seasonid>396181</seasonid>
  <seriesid>104281</seriesid>
</Episode>
<Episode>
  <id>4105011</id>
  <Combined_episodenumber>6</Combined_episodenumber>
  <Combined_season>2</Combined_season>
  <DVD_chapter></DVD_chapter>
  <DVD_discid></DVD_discid>
  <DVD_episodenumber></DVD_episodenumber>
  <DVD_season></DVD_season>
  <Director>Marc Roskin</Director>
  <EpImgFlag>2</EpImgFlag>
  <EpisodeName>The Outsiders</EpisodeName>
  <EpisodeNumber>6</EpisodeNumber>
  <FirstAired>2011-07-12</FirstAired>
  <GuestStars>Peter Stormare</GuestStars>
  <IMDB_ID>tt1955453</IMDB_ID>
  <Language>en</Language>
  <Overview>Annie and Reva are captured near the Polish-Belarusian border by a man (Peter Stormare) working for the secret Soviet police when they try to deploy surveillence cameras in the Bialowieza Forest. Meanwhile Jai assembles an extraction team to rescue them in Belarus. </Overview>
  <ProductionCode>CA206</ProductionCode>
  <Rating>7.8</Rating>
  <RatingCount>49</RatingCount>
  <SeasonNumber>2</SeasonNumber>
  <Writer>Julia Ruchman</Writer>
  <absolute_number></absolute_number>
  <filename>episodes/104281/4105011.jpg</filename>
  <lastupdated>1339463729</lastupdated>
  <seasonid>396181</seasonid>
  <seriesid>104281</seriesid>
</Episode>
<Episode>
  <id>4105012</id>
  <Combined_episodenumber>7</Combined_episodenumber>
  <Combined_season>2</Combined_season>
  <DVD_chapter></DVD_chapter>
  <DVD_discid></DVD_discid>
  <DVD_episodenumber></DVD_episodenumber>
  <DVD_season></DVD_season>
  <Director>Félix Alcalá</Director>
  <EpImgFlag>2</EpImgFlag>
  <EpisodeName>Half a World Away</EpisodeName>
  <EpisodeNumber>7</EpisodeNumber>
  <FirstAired>2011-07-19</FirstAired>
  <GuestStars>Rebecca Mader</GuestStars>
  <IMDB_ID>tt1958292</IMDB_ID>
  <Language>en</Language>
  <Overview>Auggie is aided by a flight attendant (Rebecca Mader) while on his vacation to the international jazz festival in Istanbul. His trip turns into a mission when he inadvertently records the voice of the man who injured him during the war in Afghanistan.</Overview>
  <ProductionCode>CA207</ProductionCode>
  <Rating>7.9</Rating>
  <RatingCount>50</RatingCount>
  <SeasonNumber>2</SeasonNumber>
  <Writer>Julia Ruchman</Writer>
  <absolute_number></absolute_number>
  <filename>episodes/104281/4105012.jpg</filename>
  <lastupdated>1351075334</lastupdated>
  <seasonid>396181</seasonid>
  <seriesid>104281</seriesid>
</Episode>
<Episode>
  <id>4105013</id>
  <Combined_episodenumber>8</Combined_episodenumber>
  <Combined_season>2</Combined_season>
  <DVD_chapter></DVD_chapter>
  <DVD_discid></DVD_discid>
  <DVD_episodenumber></DVD_episodenumber>
  <DVD_season></DVD_season>
  <Director>John Fawcett</Director>
  <EpImgFlag>2</EpImgFlag>
  <EpisodeName>Welcome to the Occupation</EpisodeName>
  <EpisodeNumber>8</EpisodeNumber>
  <FirstAired>2011-07-26</FirstAired>
  <GuestStars>Eion Bailey|Ben Lawson|Gregory Itzin|Emmanuelle Vaugier|Yancey Arias</GuestStars>
  <IMDB_ID>tt1958293</IMDB_ID>
  <Language>en</Language>
  <Overview>When a covert CIA operative and friend of Joan's gets caught up in a hostage crisis in Mexico, Annie and Joan are sent to assess the situation under the cover of being a news team. But when Arthur decides that they need additional backup, he sends Ben Mercer to assist them.</Overview>
  <ProductionCode>CA208</ProductionCode>
  <Rating>7.9</Rating>
  <RatingCount>47</RatingCount>
  <SeasonNumber>2</SeasonNumber>
  <Writer>Zak Schwartz</Writer>
  <absolute_number></absolute_number>
  <filename>episodes/104281/4105013.jpg</filename>
  <lastupdated>1339463790</lastupdated>
  <seasonid>396181</seasonid>
  <seriesid>104281</seriesid>
</Episode>
<Episode>
  <id>4135157</id>
  <Combined_episodenumber>9</Combined_episodenumber>
  <Combined_season>2</Combined_season>
  <DVD_chapter></DVD_chapter>
  <DVD_discid></DVD_discid>
  <DVD_episodenumber></DVD_episodenumber>
  <DVD_season></DVD_season>
  <Director>J. Miller Tobin</Director>
  <EpImgFlag>2</EpImgFlag>
  <EpisodeName>Sad Professor</EpisodeName>
  <EpisodeNumber>9</EpisodeNumber>
  <FirstAired>2011-08-02</FirstAired>
  <GuestStars></GuestStars>
  <IMDB_ID>tt1998612</IMDB_ID>
  <Language>en</Language>
  <Overview>Annie learns that her college professor Mark Ramsay was secretly working for the CIA when he was killed tracking a Pakistani spy ring. The CIA asks Annie to find the missing intel using her connection to Ramsay's widow Safia.</Overview>
  <ProductionCode>CA209</ProductionCode>
  <Rating>8.0</Rating>
  <RatingCount>43</RatingCount>
  <SeasonNumber>2</SeasonNumber>
  <Writer>Alex Berger</Writer>
  <absolute_number></absolute_number>
  <filename>episodes/104281/4135157.jpg</filename>
  <lastupdated>1351075362</lastupdated>
  <seasonid>396181</seasonid>
  <seriesid>104281</seriesid>
</Episode>
<Episode>
  <id>4139083</id>
  <Combined_episodenumber>10</Combined_episodenumber>
  <Combined_season>2</Combined_season>
  <DVD_chapter></DVD_chapter>
  <DVD_discid></DVD_discid>
  <DVD_episodenumber></DVD_episodenumber>
  <DVD_season></DVD_season>
  <Director>Kate Woods</Director>
  <EpImgFlag>2</EpImgFlag>
  <EpisodeName>World Leader Pretend</EpisodeName>
  <EpisodeNumber>10</EpisodeNumber>
  <FirstAired>2011-08-09</FirstAired>
  <GuestStars></GuestStars>
  <IMDB_ID></IMDB_ID>
  <Language>en</Language>
  <Overview>While Annie runs the extraction of a Chinese scientist named Shen Yue who is willing to defect, she runs into complications and is forced to make a difficult choice. </Overview>
  <ProductionCode></ProductionCode>
  <Rating>7.9</Rating>
  <RatingCount>47</RatingCount>
  <SeasonNumber>2</SeasonNumber>
  <Writer>Matt Corman|Chris Ord</Writer>
  <absolute_number></absolute_number>
  <filename>episodes/104281/4139083.jpg</filename>
  <lastupdated>1351075133</lastupdated>
  <seasonid>396181</seasonid>
  <seriesid>104281</seriesid>
</Episode>
<Episode>
  <id>4191496</id>
  <Combined_episodenumber>11</Combined_episodenumber>
  <Combined_season>2</Combined_season>
  <DVD_chapter></DVD_chapter>
  <DVD_discid></DVD_discid>
  <DVD_episodenumber></DVD_episodenumber>
  <DVD_season></DVD_season>
  <Director>Stephen Kay</Director>
  <EpImgFlag>2</EpImgFlag>
  <EpisodeName>The Wake-Up Bomb</EpisodeName>
  <EpisodeNumber>11</EpisodeNumber>
  <FirstAired>2011-11-01</FirstAired>
  <GuestStars></GuestStars>
  <IMDB_ID></IMDB_ID>
  <Language>en</Language>
  <Overview>Annie feels lonely during some downtime following a failed mission in Venice. Another assignment soon comes up, however, involving a chef tied to a Basque separatist movement. </Overview>
  <ProductionCode></ProductionCode>
  <Rating>7.8</Rating>
  <RatingCount>53</RatingCount>
  <SeasonNumber>2</SeasonNumber>
  <Writer>Stephen Hootstein</Writer>
  <absolute_number></absolute_number>
  <filename>episodes/104281/4191496.jpg</filename>
  <lastupdated>1341923378</lastupdated>
  <seasonid>396181</seasonid>
  <seriesid>104281</seriesid>
</Episode>
<Episode>
  <id>4191497</id>
  <Combined_episodenumber>12</Combined_episodenumber>
  <Combined_season>2</Combined_season>
  <DVD_chapter></DVD_chapter>
  <DVD_discid></DVD_discid>
  <DVD_episodenumber></DVD_episodenumber>
  <DVD_season></DVD_season>
  <Director>Jonathan Glassner</Director>
  <EpImgFlag>2</EpImgFlag>
  <EpisodeName>Uberlin</EpisodeName>
  <EpisodeNumber>12</EpisodeNumber>
  <FirstAired>2011-11-08</FirstAired>
  <GuestStars>|Devin Kelley|Urs Remond|Nina Kronjage|</GuestStars>
  <IMDB_ID></IMDB_ID>
  <Language>en</Language>
  <Overview>While on the trail of Isaak Von Hagen, a known money launderer, Annie prepares to turn his wife, Elsa, into a CIA asset.</Overview>
  <ProductionCode></ProductionCode>
  <Rating>7.7</Rating>
  <RatingCount>54</RatingCount>
  <SeasonNumber>2</SeasonNumber>
  <Writer>Erica Shelton</Writer>
  <absolute_number></absolute_number>
  <filename>episodes/104281/4191497.jpg</filename>
  <lastupdated>1339463947</lastupdated>
  <seasonid>396181</seasonid>
  <seriesid>104281</seriesid>
</Episode>
<Episode>
  <id>4191498</id>
  <Combined_episodenumber>13</Combined_episodenumber>
  <Combined_season>2</Combined_season>
  <DVD_chapter></DVD_chapter>
  <DVD_discid></DVD_discid>
  <DVD_episodenumber></DVD_episodenumber>
  <DVD_season></DVD_season>
  <Director>Stephen Kay</Director>
  <EpImgFlag>2</EpImgFlag>
  <EpisodeName>A Girl Like You</EpisodeName>
  <EpisodeNumber>13</EpisodeNumber>
  <FirstAired>2011-11-15</FirstAired>
  <GuestStars>Oded Fehr</GuestStars>
  <IMDB_ID></IMDB_ID>
  <Language>en</Language>
  <Overview>Annie is sent to find Mossad agent Eyal Lavin after it's discovered he's in Washington D.C. posing as a CIA operative.</Overview>
  <ProductionCode></ProductionCode>
  <Rating>7.6</Rating>
  <RatingCount>47</RatingCount>
  <SeasonNumber>2</SeasonNumber>
  <Writer>Norman Morrill</Writer>
  <absolute_number></absolute_number>
  <filename>episodes/104281/4191498.jpg</filename>
  <lastupdated>1351087726</lastupdated>
  <seasonid>396181</seasonid>
  <seriesid>104281</seriesid>
</Episode>
<Episode>
  <id>4197855</id>
  <Combined_episodenumber>14</Combined_episodenumber>
  <Combined_season>2</Combined_season>
  <DVD_chapter></DVD_chapter>
  <DVD_discid></DVD_discid>
  <DVD_episodenumber></DVD_episodenumber>
  <DVD_season></DVD_season>
  <Director>Rosemary Rodriguez</Director>
  <EpImgFlag>2</EpImgFlag>
  <EpisodeName>Horse to Water</EpisodeName>
  <EpisodeNumber>14</EpisodeNumber>
  <FirstAired>2011-11-22</FirstAired>
  <GuestStars></GuestStars>
  <IMDB_ID></IMDB_ID>
  <Language>en</Language>
  <Overview>Annie keeps tabs on the daughter of a CIA analyst imprisoned for selling intelligence. After an asset is killed in Russia, the CIA suspects the woman could be helping her father.</Overview>
  <ProductionCode></ProductionCode>
  <Rating>7.6</Rating>
  <RatingCount>46</RatingCount>
  <SeasonNumber>2</SeasonNumber>
  <Writer>Alex Berger</Writer>
  <absolute_number></absolute_number>
  <filename>episodes/104281/4197855.jpg</filename>
  <lastupdated>1341923087</lastupdated>
  <seasonid>396181</seasonid>
  <seriesid>104281</seriesid>
</Episode>
<Episode>
  <id>4197856</id>
  <Combined_episodenumber>15</Combined_episodenumber>
  <Combined_season>2</Combined_season>
  <DVD_chapter></DVD_chapter>
  <DVD_discid></DVD_discid>
  <DVD_episodenumber></DVD_episodenumber>
  <DVD_season></DVD_season>
  <Director>Omar Madha</Director>
  <EpImgFlag>2</EpImgFlag>
  <EpisodeName>What's the Frequency, Kenneth?</EpisodeName>
  <EpisodeNumber>15</EpisodeNumber>
  <FirstAired>2011-11-29</FirstAired>
  <GuestStars>Tony Curran</GuestStars>
  <IMDB_ID></IMDB_ID>
  <Language>en</Language>
  <Overview>A MI6 operative asks Annie for access to the Smithsonian. Since he doesn't know that Annie's a CIA agent, she decides to cooperate in order to find out what he's after. </Overview>
  <ProductionCode></ProductionCode>
  <Rating>7.7</Rating>
  <RatingCount>48</RatingCount>
  <SeasonNumber>2</SeasonNumber>
  <Writer>Donald Joh</Writer>
  <absolute_number></absolute_number>
  <filename>episodes/104281/4197856.jpg</filename>
  <lastupdated>1341923428</lastupdated>
  <seasonid>396181</seasonid>
  <seriesid>104281</seriesid>
</Episode>
<Episode>
  <id>4197857</id>
  <Combined_episodenumber>16</Combined_episodenumber>
  <Combined_season>2</Combined_season>
  <DVD_chapter></DVD_chapter>
  <DVD_discid></DVD_discid>
  <DVD_episodenumber></DVD_episodenumber>
  <DVD_season></DVD_season>
  <Director>Allan Kroeker</Director>
  <EpImgFlag>2</EpImgFlag>
  <EpisodeName>Letter Never Sent</EpisodeName>
  <EpisodeNumber>16</EpisodeNumber>
  <FirstAired>2011-12-06</FirstAired>
  <GuestStars></GuestStars>
  <IMDB_ID></IMDB_ID>
  <Language>en</Language>
  <Overview>Annie and Danielle's vacation in Stockholm turns dangerous when Danielle is mistaken for a spy, putting her life in danger.</Overview>
  <ProductionCode></ProductionCode>
  <Rating>8.0</Rating>
  <RatingCount>40</RatingCount>
  <SeasonNumber>2</SeasonNumber>
  <Writer>|Matt Corman|Chris Ord|</Writer>
  <absolute_number></absolute_number>
  <filename>episodes/104281/4197857.jpg</filename>
  <lastupdated>1339957893</lastupdated>
  <seasonid>396181</seasonid>
  <seriesid>104281</seriesid>
</Episode>
<Episode>
  <id>4309837</id>
  <Combined_episodenumber>1</Combined_episodenumber>
  <Combined_season>3</Combined_season>
  <DVD_chapter></DVD_chapter>
  <DVD_discid></DVD_discid>
  <DVD_episodenumber></DVD_episodenumber>
  <DVD_season></DVD_season>
  <Director>Allan Kroeker</Director>
  <EpImgFlag>2</EpImgFlag>
  <EpisodeName>Hang on to Yourself</EpisodeName>
  <EpisodeNumber>1</EpisodeNumber>
  <FirstAired>2012-07-10</FirstAired>
  <GuestStars></GuestStars>
  <IMDB_ID></IMDB_ID>
  <Language>en</Language>
  <Overview>After tragedy shakes up the CIA, Annie and the rest of the DPD find themselves in an unfamiliar situation.</Overview>
  <ProductionCode></ProductionCode>
  <Rating>7.6</Rating>
  <RatingCount>38</RatingCount>
  <SeasonNumber>3</SeasonNumber>
  <Writer>Matt Corman|Chris Ord</Writer>
  <absolute_number></absolute_number>
  <filename>episodes/104281/4309837.jpg</filename>
  <lastupdated>1364257405</lastupdated>
  <seasonid>490426</seasonid>
  <seriesid>104281</seriesid>
</Episode>
<Episode>
  <id>4346426</id>
  <Combined_episodenumber>2</Combined_episodenumber>
  <Combined_season>3</Combined_season>
  <DVD_chapter></DVD_chapter>
  <DVD_discid></DVD_discid>
  <DVD_episodenumber></DVD_episodenumber>
  <DVD_season></DVD_season>
  <Director>Stephen Kay</Director>
  <EpImgFlag>2</EpImgFlag>
  <EpisodeName>Sound and Vision</EpisodeName>
  <EpisodeNumber>2</EpisodeNumber>
  <FirstAired>2012-07-17</FirstAired>
  <GuestStars></GuestStars>
  <IMDB_ID></IMDB_ID>
  <Language>en</Language>
  <Overview>Annie and Auggie are brought together for a DPD assignment, sending them to Spain to acquire a computer virus that China also wants to obtain. </Overview>
  <ProductionCode></ProductionCode>
  <Rating>7.5</Rating>
  <RatingCount>35</RatingCount>
  <SeasonNumber>3</SeasonNumber>
  <Writer>Stephen Hootstein</Writer>
  <absolute_number></absolute_number>
  <filename>episodes/104281/4346426.jpg</filename>
  <lastupdated>1364257477</lastupdated>
  <seasonid>490426</seasonid>
  <seriesid>104281</seriesid>
</Episode>
<Episode>
  <id>4346834</id>
  <Combined_episodenumber>3</Combined_episodenumber>
  <Combined_season>3</Combined_season>
  <DVD_chapter></DVD_chapter>
  <DVD_discid></DVD_discid>
  <DVD_episodenumber></DVD_episodenumber>
  <DVD_season></DVD_season>
  <Director>Felix Alcala</Director>
  <EpImgFlag>2</EpImgFlag>
  <EpisodeName>The Last Thing You Should Do</EpisodeName>
  <EpisodeNumber>3</EpisodeNumber>
  <FirstAired>2012-07-24</FirstAired>
  <GuestStars></GuestStars>
  <IMDB_ID></IMDB_ID>
  <Language>en</Language>
  <Overview>When a situation develops while Auggie is visiting Parker in Africa, Annie, Joan and Lena have to find a way to work together to bring him back safely. </Overview>
  <ProductionCode></ProductionCode>
  <Rating>7.6</Rating>
  <RatingCount>38</RatingCount>
  <SeasonNumber>3</SeasonNumber>
  <Writer>Normam Morrill</Writer>
  <absolute_number></absolute_number>
  <filename>episodes/104281/4346834.jpg</filename>
  <lastupdated>1364257580</lastupdated>
  <seasonid>490426</seasonid>
  <seriesid>104281</seriesid>
</Episode>
<Episode>
  <id>4346835</id>
  <Combined_episodenumber>4</Combined_episodenumber>
  <Combined_season>3</Combined_season>
  <DVD_chapter></DVD_chapter>
  <DVD_discid></DVD_discid>
  <DVD_episodenumber></DVD_episodenumber>
  <DVD_season></DVD_season>
  <Director>Michael Smith</Director>
  <EpImgFlag>2</EpImgFlag>
  <EpisodeName>Speed of Life</EpisodeName>
  <EpisodeNumber>4</EpisodeNumber>
  <FirstAired>2012-07-31</FirstAired>
  <GuestStars></GuestStars>
  <IMDB_ID></IMDB_ID>
  <Language>en</Language>
  <Overview>Annie investigates a break-in at a high-tech company and reaches out to the FBI for help. But her plan is complicated by Simon's unexpected arrival in town. </Overview>
  <ProductionCode></ProductionCode>
  <Rating>7.5</Rating>
  <RatingCount>39</RatingCount>
  <SeasonNumber>3</SeasonNumber>
  <Writer>Eric Shelton</Writer>
  <absolute_number></absolute_number>
  <filename>episodes/104281/4346835.jpg</filename>
  <lastupdated>1364257731</lastupdated>
  <seasonid>490426</seasonid>
  <seriesid>104281</seriesid>
</Episode>
<Episode>
  <id>4361773</id>
  <Combined_episodenumber>5</Combined_episodenumber>
  <Combined_season>3</Combined_season>
  <DVD_chapter></DVD_chapter>
  <DVD_discid></DVD_discid>
  <DVD_episodenumber></DVD_episodenumber>
  <DVD_season></DVD_season>
  <Director>Allan Kroeker</Director>
  <EpImgFlag>2</EpImgFlag>
  <EpisodeName>This is Not America</EpisodeName>
  <EpisodeNumber>5</EpisodeNumber>
  <FirstAired>2012-08-14</FirstAired>
  <GuestStars></GuestStars>
  <IMDB_ID></IMDB_ID>
  <Language>en</Language>
  <Overview>When proprietary American technology is found in an Iranian missile, Annie is sent to Israel where, along with Eyal Lavin, she attempts to discover who leaked the technology. </Overview>
  <ProductionCode></ProductionCode>
  <Rating>7.6</Rating>
  <RatingCount>31</RatingCount>
  <SeasonNumber>3</SeasonNumber>
  <Writer>Julia Ruchman</Writer>
  <absolute_number></absolute_number>
  <filename>episodes/104281/4361773.jpg</filename>
  <lastupdated>1364257787</lastupdated>
  <seasonid>490426</seasonid>
  <seriesid>104281</seriesid>
</Episode>
<Episode>
  <id>4361774</id>
  <Combined_episodenumber>6</Combined_episodenumber>
  <Combined_season>3</Combined_season>
  <DVD_chapter></DVD_chapter>
  <DVD_discid></DVD_discid>
  <DVD_episodenumber></DVD_episodenumber>
  <DVD_season></DVD_season>
  <Director>Elodie Keene</Director>
  <EpImgFlag>2</EpImgFlag>
  <EpisodeName>Hello Stranger</EpisodeName>
  <EpisodeNumber>6</EpisodeNumber>
  <FirstAired>2012-08-21</FirstAired>
  <GuestStars></GuestStars>
  <IMDB_ID>tt2321376</IMDB_ID>
  <Language>en</Language>
  <Overview>When the Prime Minister of Yemen arrives in the US for emergency heart surgery, Annie takes on a near-impossible assignment: with a three-hour window, no back-up, and the State Department warning the CIA not to interfere, Annie attempts to turn the Prime Minister's Chief of Staff into a CIA asset.</Overview>
  <ProductionCode></ProductionCode>
  <Rating>7.7</Rating>
  <RatingCount>35</RatingCount>
  <SeasonNumber>3</SeasonNumber>
  <Writer>Steve Harper</Writer>
  <absolute_number></absolute_number>
  <filename>episodes/104281/4361774.jpg</filename>
  <lastupdated>1364257897</lastupdated>
  <seasonid>490426</seasonid>
  <seriesid>104281</seriesid>
</Episode>
<Episode>
  <id>4361775</id>
  <Combined_episodenumber>7</Combined_episodenumber>
  <Combined_season>3</Combined_season>
  <DVD_chapter></DVD_chapter>
  <DVD_discid></DVD_discid>
  <DVD_episodenumber></DVD_episodenumber>
  <DVD_season></DVD_season>
  <Director></Director>
  <EpImgFlag>2</EpImgFlag>
  <EpisodeName>Loving The Alien</EpisodeName>
  <EpisodeNumber>7</EpisodeNumber>
  <FirstAired>2012-08-28</FirstAired>
  <GuestStars></GuestStars>
  <IMDB_ID></IMDB_ID>
  <Language>en</Language>
  <Overview>When Simon invites Annie on a trip to Cuba, she accepts, knowing this is her best opportunity to learn what Simon has been planning. But going to Cuba means Annie won't have any backup if she gets caught. </Overview>
  <ProductionCode></ProductionCode>
  <Rating>7.5</Rating>
  <RatingCount>33</RatingCount>
  <SeasonNumber>3</SeasonNumber>
  <Writer></Writer>
  <absolute_number></absolute_number>
  <filename>episodes/104281/4361775.jpg</filename>
  <lastupdated>1364257975</lastupdated>
  <seasonid>490426</seasonid>
  <seriesid>104281</seriesid>
</Episode>
<Episode>
  <id>4374969</id>
  <Combined_episodenumber>8</Combined_episodenumber>
  <Combined_season>3</Combined_season>
  <DVD_chapter></DVD_chapter>
  <DVD_discid></DVD_discid>
  <DVD_episodenumber></DVD_episodenumber>
  <DVD_season></DVD_season>
  <Director>Stephen Kay</Director>
  <EpImgFlag>2</EpImgFlag>
  <EpisodeName>Glass Spider</EpisodeName>
  <EpisodeNumber>8</EpisodeNumber>
  <FirstAired>2012-09-04</FirstAired>
  <GuestStars></GuestStars>
  <IMDB_ID></IMDB_ID>
  <Language>en</Language>
  <Overview>After it's discovered that Jai was investigating Simon Fischer when he was killed, bringing Simon in becomes Arthur's top priority. In the hopes of protecting Simon, Annie requests that she be allowed to bring him in herself. </Overview>
  <ProductionCode></ProductionCode>
  <Rating>7.8</Rating>
  <RatingCount>29</RatingCount>
  <SeasonNumber>3</SeasonNumber>
  <Writer>Zak Schwartz</Writer>
  <absolute_number></absolute_number>
  <filename>episodes/104281/4374969.jpg</filename>
  <lastupdated>1364258102</lastupdated>
  <seasonid>490426</seasonid>
  <seriesid>104281</seriesid>
</Episode>
<Episode>
  <id>4374970</id>
  <Combined_episodenumber>9</Combined_episodenumber>
  <Combined_season>3</Combined_season>
  <DVD_chapter></DVD_chapter>
  <DVD_discid></DVD_discid>
  <DVD_episodenumber></DVD_episodenumber>
  <DVD_season></DVD_season>
  <Director>Felix Alcala</Director>
  <EpImgFlag>2</EpImgFlag>
  <EpisodeName>Suffragette City</EpisodeName>
  <EpisodeNumber>9</EpisodeNumber>
  <FirstAired>2012-09-11</FirstAired>
  <GuestStars></GuestStars>
  <IMDB_ID></IMDB_ID>
  <Language>en</Language>
  <Overview>As the life of one the Agency’s best hangs in the balance, the team works to discover the truth after it’s revealed that one of their own might not be who they thought.</Overview>
  <ProductionCode></ProductionCode>
  <Rating>7.8</Rating>
  <RatingCount>34</RatingCount>
  <SeasonNumber>3</SeasonNumber>
  <Writer>Tamara Becher</Writer>
  <absolute_number></absolute_number>
  <filename>episodes/104281/4374970.jpg</filename>
  <lastupdated>1364258498</lastupdated>
  <seasonid>490426</seasonid>
  <seriesid>104281</seriesid>
</Episode>
<Episode>
  <id>4374972</id>
  <Combined_episodenumber>10</Combined_episodenumber>
  <Combined_season>3</Combined_season>
  <DVD_chapter></DVD_chapter>
  <DVD_discid></DVD_discid>
  <DVD_episodenumber></DVD_episodenumber>
  <DVD_season></DVD_season>
  <Director></Director>
  <EpImgFlag>2</EpImgFlag>
  <EpisodeName>Let's Dance</EpisodeName>
  <EpisodeNumber>10</EpisodeNumber>
  <FirstAired>2012-09-18</FirstAired>
  <GuestStars></GuestStars>
  <IMDB_ID></IMDB_ID>
  <Language>en</Language>
  <Overview>The CIA attempts to obtain proof that an enemy is hiding in Russia, in the hopes of bringing them to justice. </Overview>
  <ProductionCode></ProductionCode>
  <Rating>7.9</Rating>
  <RatingCount>29</RatingCount>
  <SeasonNumber>3</SeasonNumber>
  <Writer></Writer>
  <absolute_number></absolute_number>
  <filename>episodes/104281/4374972.jpg</filename>
  <lastupdated>1364258686</lastupdated>
  <seasonid>490426</seasonid>
  <seriesid>104281</seriesid>
</Episode>
<Episode>
  <id>4395368</id>
  <Combined_episodenumber>11</Combined_episodenumber>
  <Combined_season>3</Combined_season>
  <DVD_chapter></DVD_chapter>
  <DVD_discid></DVD_discid>
  <DVD_episodenumber></DVD_episodenumber>
  <DVD_season></DVD_season>
  <Director>Stephen Kay</Director>
  <EpImgFlag>2</EpImgFlag>
  <EpisodeName>Rock 'n' Roll Suicide</EpisodeName>
  <EpisodeNumber>11</EpisodeNumber>
  <FirstAired>2012-10-16</FirstAired>
  <GuestStars></GuestStars>
  <IMDB_ID></IMDB_ID>
  <Language>en</Language>
  <Overview>When Annie's mission in Russia goes awry, landing her in prison, Auggie, Joan, and Arthur work with an old friend to bring her home safely.</Overview>
  <ProductionCode></ProductionCode>
  <Rating>7.8</Rating>
  <RatingCount>33</RatingCount>
  <SeasonNumber>3</SeasonNumber>
  <Writer>Stephen Hootstein</Writer>
  <absolute_number></absolute_number>
  <filename>episodes/104281/4395368.jpg</filename>
  <lastupdated>1364258793</lastupdated>
  <seasonid>490426</seasonid>
  <seriesid>104281</seriesid>
</Episode>
<Episode>
  <id>4374974</id>
  <Combined_episodenumber>12</Combined_episodenumber>
  <Combined_season>3</Combined_season>
  <DVD_chapter></DVD_chapter>
  <DVD_discid></DVD_discid>
  <DVD_episodenumber></DVD_episodenumber>
  <DVD_season></DVD_season>
  <Director>Tawnia McKiernan</Director>
  <EpImgFlag>2</EpImgFlag>
  <EpisodeName>Wishful Beginnings</EpisodeName>
  <EpisodeNumber>12</EpisodeNumber>
  <FirstAired>2012-10-23</FirstAired>
  <GuestStars></GuestStars>
  <IMDB_ID></IMDB_ID>
  <Language>en</Language>
  <Overview>Things become complicated for Annie when Eyal Lavin and his boss, Rivka Singer, request the CIA's assistance tracking down a Mossad asset.</Overview>
  <ProductionCode></ProductionCode>
  <Rating>7.5</Rating>
  <RatingCount>32</RatingCount>
  <SeasonNumber>3</SeasonNumber>
  <Writer>Julia Ruchman</Writer>
  <absolute_number></absolute_number>
  <filename>episodes/104281/4374974.jpg</filename>
  <lastupdated>1364258948</lastupdated>
  <seasonid>490426</seasonid>
  <seriesid>104281</seriesid>
</Episode>
<Episode>
  <id>4395370</id>
  <Combined_episodenumber>13</Combined_episodenumber>
  <Combined_season>3</Combined_season>
  <DVD_chapter></DVD_chapter>
  <DVD_discid></DVD_discid>
  <DVD_episodenumber></DVD_episodenumber>
  <DVD_season></DVD_season>
  <Director>Christopher Gorham</Director>
  <EpImgFlag>2</EpImgFlag>
  <EpisodeName>Man in the Middle</EpisodeName>
  <EpisodeNumber>13</EpisodeNumber>
  <FirstAired>2012-10-30</FirstAired>
  <GuestStars></GuestStars>
  <IMDB_ID></IMDB_ID>
  <Language>en</Language>
  <Overview>After receiving intel from Mossad warning that two suspected terrorists are planning to meet, Annie finds herself in a race against the clock to track down the meeting location before the targets get away.</Overview>
  <ProductionCode></ProductionCode>
  <Rating>7.5</Rating>
  <RatingCount>29</RatingCount>
  <SeasonNumber>3</SeasonNumber>
  <Writer>Matt Corman|Chris Ord</Writer>
  <absolute_number></absolute_number>
  <filename>episodes/104281/4395370.jpg</filename>
  <lastupdated>1364259027</lastupdated>
  <seasonid>490426</seasonid>
  <seriesid>104281</seriesid>
</Episode>
<Episode>
  <id>4395371</id>
  <Combined_episodenumber>14</Combined_episodenumber>
  <Combined_season>3</Combined_season>
  <DVD_chapter></DVD_chapter>
  <DVD_discid></DVD_discid>
  <DVD_episodenumber></DVD_episodenumber>
  <DVD_season></DVD_season>
  <Director>Emile Levisetti</Director>
  <EpImgFlag>2</EpImgFlag>
  <EpisodeName>Scary Monsters (and Super Creeps)</EpisodeName>
  <EpisodeNumber>14</EpisodeNumber>
  <FirstAired>2012-11-06</FirstAired>
  <GuestStars></GuestStars>
  <IMDB_ID></IMDB_ID>
  <Language>en</Language>
  <Overview>When a crucial CIA asset disappears from protective custody, Annie and Eyal work to find her before they lose her forever.</Overview>
  <ProductionCode></ProductionCode>
  <Rating>7.7</Rating>
  <RatingCount>25</RatingCount>
  <SeasonNumber>3</SeasonNumber>
  <Writer>Tamara Becher</Writer>
  <absolute_number></absolute_number>
  <filename>episodes/104281/4395371.jpg</filename>
  <lastupdated>1364259086</lastupdated>
  <seasonid>490426</seasonid>
  <seriesid>104281</seriesid>
</Episode>
<Episode>
  <id>4403002</id>
  <Combined_episodenumber>15</Combined_episodenumber>
  <Combined_season>3</Combined_season>
  <DVD_chapter></DVD_chapter>
  <DVD_discid></DVD_discid>
  <DVD_episodenumber></DVD_episodenumber>
  <DVD_season></DVD_season>
  <Director>Jamie Barber</Director>
  <EpImgFlag>2</EpImgFlag>
  <EpisodeName>Quicksand</EpisodeName>
  <EpisodeNumber>15</EpisodeNumber>
  <FirstAired>2012-11-13</FirstAired>
  <GuestStars></GuestStars>
  <IMDB_ID></IMDB_ID>
  <Language>en</Language>
  <Overview>With Auggie in Iraq and Joan out of the office, Annie turns to Eyal to help her track down Khalid Ansari.</Overview>
  <ProductionCode></ProductionCode>
  <Rating>7.7</Rating>
  <RatingCount>29</RatingCount>
  <SeasonNumber>3</SeasonNumber>
  <Writer>Zak Schwartz</Writer>
  <absolute_number></absolute_number>
  <filename>episodes/104281/4403002.jpg</filename>
  <lastupdated>1364259152</lastupdated>
  <seasonid>490426</seasonid>
  <seriesid>104281</seriesid>
</Episode>
<Episode>
  <id>4403003</id>
  <Combined_episodenumber>16</Combined_episodenumber>
  <Combined_season>3</Combined_season>
  <DVD_chapter></DVD_chapter>
  <DVD_discid></DVD_discid>
  <DVD_episodenumber></DVD_episodenumber>
  <DVD_season></DVD_season>
  <Director>Renny Harlin</Director>
  <EpImgFlag>2</EpImgFlag>
  <EpisodeName>Lady Stardust</EpisodeName>
  <EpisodeNumber>16</EpisodeNumber>
  <FirstAired>2012-11-20</FirstAired>
  <GuestStars></GuestStars>
  <IMDB_ID></IMDB_ID>
  <Language>en</Language>
  <Overview>When a fellow spy is taken hostage, Annie travels to Amsterdam to eliminate Khalid once and for all.</Overview>
  <ProductionCode></ProductionCode>
  <Rating>7.9</Rating>
  <RatingCount>24</RatingCount>
  <SeasonNumber>3</SeasonNumber>
  <Writer>Matt Corman|Chris Ord</Writer>
  <absolute_number></absolute_number>
  <filename>episodes/104281/4403003.jpg</filename>
  <lastupdated>1364259305</lastupdated>
  <seasonid>490426</seasonid>
  <seriesid>104281</seriesid>
</Episode>
</Data>