<?xml version="1.0" encoding="UTF-8" ?>
<Actors>
<Actor>
  <id>284300</id>
  <Image>actors/284300.jpg</Image>
  <Name>Eric McCormack</Name>
  <Role>Dr. Geoffrey Pierce</Role>
  <SortOrder>0</SortOrder>
</Actor>
<Actor>
  <id>284301</id>
  <Image>actors/284301.jpg</Image>
  <Name>Rachael Leigh Cook</Name>
  <Role>Kate Moretti</Role>
  <SortOrder>1</SortOrder>
</Actor>
<Actor>
  <id>296485</id>
  <Image>actors/296485.jpg</Image>
  <Name>Kelly Rowan</Name>
  <Role>Natalie Vincent</Role>
  <SortOrder>2</SortOrder>
</Actor>
<Actor>
  <id>296484</id>
  <Image>actors/296484.jpg</Image>
  <Name>Arjay Smith</Name>
  <Role>Max Lewicki</Role>
  <SortOrder>3</SortOrder>
</Actor>
</Actors>