<?xml version="1.0" encoding="UTF-8" ?>
<Data><Series>
  <id>248757</id>
  <Actors>|Eric McCormack|Rachael Leigh Cook|Kelly Rowan|Arjay Smith|</Actors>
  <Airs_DayOfWeek>Monday</Airs_DayOfWeek>
  <Airs_Time>10:00 PM</Airs_Time>
  <ContentRating>TV-14</ContentRating>
  <FirstAired>2012-07-09</FirstAired>
  <Genre>|Action|Adventure|Drama|</Genre>
  <IMDB_ID>tt1714204</IMDB_ID>
  <Language>en</Language>
  <Network>TNT</Network>
  <NetworkID></NetworkID>
  <Overview>In Perception, Eric McCormack plays Dr. Geoffrey Pierce, an eccentric neuroscientist who uses his unique outlook and expertise to help the federal government crack difficult cases. Pierce's intimate knowledge of human behavior and masterful understanding of the mind are matched by his equally odd and imaginative view of the world. Rachael Leigh Cook co-stars as FBI agent Kate Rossi, Pierce's former student and the person responsible for recruiting him to work for the government. Arjay Smith plays Max Lewicki, Pierce's teaching assistant who has spent nine years at college. Kelly Rowan is Natalie Vincent, Pierce's best friend and every bit his intellectual equal.</Overview>
  <Rating>7.9</Rating>
  <RatingCount>19</RatingCount>
  <Runtime>60</Runtime>
  <SeriesID>80087</SeriesID>
  <SeriesName>Perception</SeriesName>
  <Status>Continuing</Status>
  <added>2011-05-15 00:16:39</added>
  <addedBy>342859</addedBy>
  <banner>graphical/248757-g.jpg</banner>
  <fanart>fanart/original/248757-4.jpg</fanart>
  <lastupdated>1365316485</lastupdated>
  <poster>posters/248757-3.jpg</poster>
  <zap2it_id>EP01481222</zap2it_id>
</Series>
<Episode>
  <id>4099762</id>
  <Combined_episodenumber>1</Combined_episodenumber>
  <Combined_season>1</Combined_season>
  <DVD_chapter></DVD_chapter>
  <DVD_discid></DVD_discid>
  <DVD_episodenumber></DVD_episodenumber>
  <DVD_season></DVD_season>
  <Director>Alan Poul</Director>
  <EpImgFlag>2</EpImgFlag>
  <EpisodeName>Pilot</EpisodeName>
  <EpisodeNumber>1</EpisodeNumber>
  <FirstAired>2012-07-09</FirstAired>
  <GuestStars>Jonathan Scarfe|Jeremy Ratchford|LeVar Burton|Colin Cunningham</GuestStars>
  <IMDB_ID>tt1923717</IMDB_ID>
  <Language>en</Language>
  <Overview>Neuroscience professor Daniel Pierce (Eric McCormack) is recruited by a former student, FBI Agent Kate Moretti (Rachael Leigh Cook), to help out on a case involving the death of a pharmaceutical executive. But Daniel's schizophrenic hallucinations could potentially derail the investigation.</Overview>
  <ProductionCode></ProductionCode>
  <Rating>7.7</Rating>
  <RatingCount>40</RatingCount>
  <SeasonNumber>1</SeasonNumber>
  <Writer>Kenneth Biller|Mike Sussman</Writer>
  <absolute_number></absolute_number>
  <filename>episodes/248757/4099762.jpg</filename>
  <lastupdated>1364286932</lastupdated>
  <seasonid>465987</seasonid>
  <seriesid>248757</seriesid>
</Episode>
<Episode>
  <id>4333917</id>
  <Combined_episodenumber>2</Combined_episodenumber>
  <Combined_season>1</Combined_season>
  <DVD_chapter></DVD_chapter>
  <DVD_discid></DVD_discid>
  <DVD_episodenumber></DVD_episodenumber>
  <DVD_season></DVD_season>
  <Director>Greg Beeman</Director>
  <EpImgFlag>2</EpImgFlag>
  <EpisodeName>Faces</EpisodeName>
  <EpisodeNumber>2</EpisodeNumber>
  <FirstAired>2012-07-16</FirstAired>
  <GuestStars>Jamie Bamber|Katherine Boecher|Winter Ave Zoli|W. Earl Brown|Jason Gerhardt|Tessa Munro|Dimitri Diatchenko|Zeljka Cvjetan|Zoran Korach|Kinga Philipps|Jonathan Scarfe</GuestStars>
  <IMDB_ID>tt2027957</IMDB_ID>
  <Language>en</Language>
  <Overview>Pierce is enlisted to help crack the case of a murdered mail-order bride. A twist marks the investigation when it's discovered the prime suspect suffers from an unusual condition. Elsewhere, Moretti is drawn to a handsome new professor.
</Overview>
  <ProductionCode></ProductionCode>
  <Rating>7.5</Rating>
  <RatingCount>29</RatingCount>
  <SeasonNumber>1</SeasonNumber>
  <Writer>Kenneth Biller|Mike Sussman</Writer>
  <absolute_number></absolute_number>
  <filename>episodes/248757/4333917.jpg</filename>
  <lastupdated>1364286957</lastupdated>
  <seasonid>465987</seasonid>
  <seriesid>248757</seriesid>
</Episode>
<Episode>
  <id>4349957</id>
  <Combined_episodenumber>3</Combined_episodenumber>
  <Combined_season>1</Combined_season>
  <DVD_chapter></DVD_chapter>
  <DVD_discid></DVD_discid>
  <DVD_episodenumber></DVD_episodenumber>
  <DVD_season></DVD_season>
  <Director>Deran Sarafian</Director>
  <EpImgFlag>2</EpImgFlag>
  <EpisodeName>86'd</EpisodeName>
  <EpisodeNumber>3</EpisodeNumber>
  <FirstAired>2012-07-23</FirstAired>
  <GuestStars>Patrick Cassidy|Pete Gardner|Dan Lauria|Sheryl Lee|Pamela Reed|Armin Shimerman|Richard Edson|Paul Ganus|Bobby Hosea|Pat Millicano|Jonathan Scarfe</GuestStars>
  <IMDB_ID>tt2031972</IMDB_ID>
  <Language>en</Language>
  <Overview>Pierce and Moretti race to find clues when a serial killer from 1986 begins killing again. They catch a break when they learn that one of the victims is actually alive. Moretti's dad, one of the investigators on the original case, offers his daughter advice. Pamela Reed also guest-stars as the mother of the surviving victim, while Armin Shimerman is the victim's psychologist.</Overview>
  <ProductionCode></ProductionCode>
  <Rating>7.6</Rating>
  <RatingCount>27</RatingCount>
  <SeasonNumber>1</SeasonNumber>
  <Writer>Stephen Tolkin</Writer>
  <absolute_number></absolute_number>
  <filename>episodes/248757/4349957.jpg</filename>
  <lastupdated>1364286984</lastupdated>
  <seasonid>465987</seasonid>
  <seriesid>248757</seriesid>
</Episode>
<Episode>
  <id>4349958</id>
  <Combined_episodenumber>4</Combined_episodenumber>
  <Combined_season>1</Combined_season>
  <DVD_chapter></DVD_chapter>
  <DVD_discid></DVD_discid>
  <DVD_episodenumber></DVD_episodenumber>
  <DVD_season></DVD_season>
  <Director>Deran Sarafian</Director>
  <EpImgFlag>2</EpImgFlag>
  <EpisodeName>Cipher</EpisodeName>
  <EpisodeNumber>4</EpisodeNumber>
  <FirstAired>2012-07-30</FirstAired>
  <GuestStars>Neal McDonough|Laurie Fortier|Gill Gayle|Tzi Ma|Will Rothhaar|Marc Aden Gray|Cary Elwes|Jonathan Scarfe</GuestStars>
  <IMDB_ID>tt2052997</IMDB_ID>
  <Language>en</Language>
  <Overview>Pierce tries to crack a coded message left in a newspaper by someone who may be connected to a murder. But time isn't on his side as another victim's life could be in danger.</Overview>
  <ProductionCode></ProductionCode>
  <Rating>7.9</Rating>
  <RatingCount>27</RatingCount>
  <SeasonNumber>1</SeasonNumber>
  <Writer>Jerry Shandy</Writer>
  <absolute_number></absolute_number>
  <filename>episodes/248757/4349958.jpg</filename>
  <lastupdated>1364287012</lastupdated>
  <seasonid>465987</seasonid>
  <seriesid>248757</seriesid>
</Episode>
<Episode>
  <id>4349959</id>
  <Combined_episodenumber>5</Combined_episodenumber>
  <Combined_season>1</Combined_season>
  <DVD_chapter></DVD_chapter>
  <DVD_discid></DVD_discid>
  <DVD_episodenumber></DVD_episodenumber>
  <DVD_season></DVD_season>
  <Director>Christopher Misiano</Director>
  <EpImgFlag>2</EpImgFlag>
  <EpisodeName>The Messenger</EpisodeName>
  <EpisodeNumber>5</EpisodeNumber>
  <FirstAired>2012-08-06</FirstAired>
  <GuestStars>Jaimie Alexander|Roger Bart|Brett DelBuono|Melissa Farman|Tim Guinee|Lisa Waltz|Christopher Backus|Anita Finlay|Piter Marek|Ryan Slater|LeVar Burton</GuestStars>
  <IMDB_ID>tt2052999</IMDB_ID>
  <Language>en</Language>
  <Overview>When a young man in a cult claims to be hearing the word of God, Pierce must determine if it's actually the word of God or a life-threatening neurological condition. Pierce and Moretti must also figure out if his murder is linked to his drug past or his new life with an organization that may be scamming people out of their life savings. Roger Bart guest-stars as Ethan Kendrick, a high-powered IRS agent looking into the finances of the organization. Meanwhile, the university gives Pierce an award for his research.</Overview>
  <ProductionCode></ProductionCode>
  <Rating>7.7</Rating>
  <RatingCount>27</RatingCount>
  <SeasonNumber>1</SeasonNumber>
  <Writer>Stephen Tolkin|Jason Ning</Writer>
  <absolute_number></absolute_number>
  <filename>episodes/248757/4349959.jpg</filename>
  <lastupdated>1364287043</lastupdated>
  <seasonid>465987</seasonid>
  <seriesid>248757</seriesid>
</Episode>
<Episode>
  <id>4349960</id>
  <Combined_episodenumber>6</Combined_episodenumber>
  <Combined_season>1</Combined_season>
  <DVD_chapter></DVD_chapter>
  <DVD_discid></DVD_discid>
  <DVD_episodenumber></DVD_episodenumber>
  <DVD_season></DVD_season>
  <Director>Greg Beeman</Director>
  <EpImgFlag>2</EpImgFlag>
  <EpisodeName>Lovesick</EpisodeName>
  <EpisodeNumber>6</EpisodeNumber>
  <FirstAired>2012-08-20</FirstAired>
  <GuestStars>Jamie Bamber|Mary Birdsong|Vanessa Branch|J.R. Cacia|Laura Carswell|Spencer Garrett|John M. Jackson|William Ragsdale|Krista Allen|August Emerson|Jillian Murray|LeVar Burton</GuestStars>
  <IMDB_ID>tt2027958</IMDB_ID>
  <Language>en</Language>
  <Overview>Pierce is called upon to help the FBI investigate the murder of a therapist. Moretti spends more time with Professor Hathaway. And Dean Haley uses Pierce as bait to get a wealthy alumni's widow to fund a new building.</Overview>
  <ProductionCode></ProductionCode>
  <Rating>7.5</Rating>
  <RatingCount>25</RatingCount>
  <SeasonNumber>1</SeasonNumber>
  <Writer>Jason Ning</Writer>
  <absolute_number></absolute_number>
  <filename>episodes/248757/4349960.jpg</filename>
  <lastupdated>1364287063</lastupdated>
  <seasonid>465987</seasonid>
  <seriesid>248757</seriesid>
</Episode>
<Episode>
  <id>4349961</id>
  <Combined_episodenumber>7</Combined_episodenumber>
  <Combined_season>1</Combined_season>
  <DVD_chapter></DVD_chapter>
  <DVD_discid></DVD_discid>
  <DVD_episodenumber></DVD_episodenumber>
  <DVD_season></DVD_season>
  <Director>Christopher Misiano</Director>
  <EpImgFlag>2</EpImgFlag>
  <EpisodeName>Nemesis</EpisodeName>
  <EpisodeNumber>7</EpisodeNumber>
  <FirstAired>2012-08-27</FirstAired>
  <GuestStars>Jonathan Tucker|Mary Page Keller|Edward Furlong|Lisa Banes|Conor O'Farrell|David H. Lawrence XVII|Nicki Micheaux|Tom Sizemore</GuestStars>
  <IMDB_ID>tt2052998</IMDB_ID>
  <Language>en</Language>
  <Overview>Pierce must take a deep look into his own life when he is brought into a case involving a schizophrenic. Meanwhile, Moretti stops at nothing to impress her new boss at the FBI. Guest star Tom Sizemore plays a top-level Irish mobster, while guest star Edward Furlong plays a would-be tough guy who may have played a crucial role in the crime.</Overview>
  <ProductionCode></ProductionCode>
  <Rating>7.4</Rating>
  <RatingCount>23</RatingCount>
  <SeasonNumber>1</SeasonNumber>
  <Writer>Amanda Green</Writer>
  <absolute_number></absolute_number>
  <filename>episodes/248757/4349961.jpg</filename>
  <lastupdated>1364287094</lastupdated>
  <seasonid>465987</seasonid>
  <seriesid>248757</seriesid>
</Episode>
<Episode>
  <id>4349962</id>
  <Combined_episodenumber>8</Combined_episodenumber>
  <Combined_season>1</Combined_season>
  <DVD_chapter></DVD_chapter>
  <DVD_discid></DVD_discid>
  <DVD_episodenumber></DVD_episodenumber>
  <DVD_season></DVD_season>
  <Director>Tawnia McKiernan</Director>
  <EpImgFlag>2</EpImgFlag>
  <EpisodeName>Kilimanjaro</EpisodeName>
  <EpisodeNumber>8</EpisodeNumber>
  <FirstAired>2012-09-03</FirstAired>
  <GuestStars>Jamie Bamber|Lisa Banes|Gabriel Basso|Amelia Rose Blaire|Shane Coffey|Greg Ellis|Molly Hagan|Aaron Hill|William Moseley|Christina Scherer|Dov Tiefenbach|Jazz Raycole|Azim Rizk|LeVar Burton</GuestStars>
  <IMDB_ID>tt2077488</IMDB_ID>
  <Language>en</Language>
  <Overview>Moretti and Pierce are called upon to solve a crime in their own backyard when a college student is killed in her dorm room. Pierce is forced into the uncomfortable situation of interacting on a personal level with more than one of his students, which forces him to confront difficult truths about his own past. The case comes just as Moretti is beginning to re-evaluate her relationship with Dr. Hathaway.</Overview>
  <ProductionCode></ProductionCode>
  <Rating>7.6</Rating>
  <RatingCount>24</RatingCount>
  <SeasonNumber>1</SeasonNumber>
  <Writer>Amanda Green</Writer>
  <absolute_number></absolute_number>
  <filename>episodes/248757/4349962.jpg</filename>
  <lastupdated>1364287119</lastupdated>
  <seasonid>465987</seasonid>
  <seriesid>248757</seriesid>
</Episode>
<Episode>
  <id>4364349</id>
  <Combined_episodenumber>9</Combined_episodenumber>
  <Combined_season>1</Combined_season>
  <DVD_chapter></DVD_chapter>
  <DVD_discid></DVD_discid>
  <DVD_episodenumber></DVD_episodenumber>
  <DVD_season></DVD_season>
  <Director>Ken Biller</Director>
  <EpImgFlag>2</EpImgFlag>
  <EpisodeName>Shadow</EpisodeName>
  <EpisodeNumber>9</EpisodeNumber>
  <FirstAired>2012-09-10</FirstAired>
  <GuestStars>Freddy Rodríguez|Jayne Atkinson|Jimmy Bennett|Steven Culp|Nicole de Boer|Matthew Glave|Bridget Regan|Michael B. Silver|Dave Thomas|Hira Ambrosino|Kieron Elliott|Jonathan Scarfe</GuestStars>
  <IMDB_ID>tt2077490</IMDB_ID>
  <Language>en</Language>
  <Overview>A student tips off Pierce about a potential conspiracy to cover up the murder of a U.S. Senator.</Overview>
  <ProductionCode></ProductionCode>
  <Rating>7.8</Rating>
  <RatingCount>28</RatingCount>
  <SeasonNumber>1</SeasonNumber>
  <Writer>Mike Sussman</Writer>
  <absolute_number></absolute_number>
  <filename>episodes/248757/4364349.jpg</filename>
  <lastupdated>1365136349</lastupdated>
  <seasonid>465987</seasonid>
  <seriesid>248757</seriesid>
</Episode>
<Episode>
  <id>4365675</id>
  <Combined_episodenumber>10</Combined_episodenumber>
  <Combined_season>1</Combined_season>
  <DVD_chapter></DVD_chapter>
  <DVD_discid></DVD_discid>
  <DVD_episodenumber></DVD_episodenumber>
  <DVD_season></DVD_season>
  <Director>Kenneth Biller</Director>
  <EpImgFlag>2</EpImgFlag>
  <EpisodeName>Light</EpisodeName>
  <EpisodeNumber>10</EpisodeNumber>
  <FirstAired>2012-09-17</FirstAired>
  <GuestStars>Freddy Rodríguez|Bridget Regan|Jayne Atkinson|Jimmy Bennett|Glenn Fitzgerald|Matthew Glave|Scott Paulin|Allison Smith|Paul Ganus|Bob Morrisey|Jonathan Scarfe|LeVar Burton</GuestStars>
  <IMDB_ID>tt2077489</IMDB_ID>
  <Language>en</Language>
  <Overview>Moretti learns that there may be some truth to Pierce's conspiracy theory; Pierce's new doctor forces him to face the truth about Natalie.</Overview>
  <ProductionCode></ProductionCode>
  <Rating>7.8</Rating>
  <RatingCount>25</RatingCount>
  <SeasonNumber>1</SeasonNumber>
  <Writer>Kenneth Biller</Writer>
  <absolute_number></absolute_number>
  <filename>episodes/248757/4365675.jpg</filename>
  <lastupdated>1365136369</lastupdated>
  <seasonid>465987</seasonid>
  <seriesid>248757</seriesid>
</Episode>
<Episode>
  <id>4447233</id>
  <Combined_episodenumber>1</Combined_episodenumber>
  <Combined_season>2</Combined_season>
  <DVD_chapter></DVD_chapter>
  <DVD_discid></DVD_discid>
  <DVD_episodenumber></DVD_episodenumber>
  <DVD_season></DVD_season>
  <Director></Director>
  <EpImgFlag></EpImgFlag>
  <EpisodeName>Ch-Ch-Changes</EpisodeName>
  <EpisodeNumber>1</EpisodeNumber>
  <FirstAired>2013-06-18</FirstAired>
  <GuestStars></GuestStars>
  <IMDB_ID></IMDB_ID>
  <Language>en</Language>
  <Overview></Overview>
  <ProductionCode></ProductionCode>
  <Rating></Rating>
  <RatingCount>0</RatingCount>
  <SeasonNumber>2</SeasonNumber>
  <Writer></Writer>
  <absolute_number></absolute_number>
  <filename></filename>
  <lastupdated>1365155394</lastupdated>
  <seasonid>506475</seasonid>
  <seriesid>248757</seriesid>
</Episode>
<Episode>
  <id>4524292</id>
  <Combined_episodenumber>2</Combined_episodenumber>
  <Combined_season>2</Combined_season>
  <DVD_chapter></DVD_chapter>
  <DVD_discid></DVD_discid>
  <DVD_episodenumber></DVD_episodenumber>
  <DVD_season></DVD_season>
  <Director></Director>
  <EpImgFlag></EpImgFlag>
  <EpisodeName>Alienation</EpisodeName>
  <EpisodeNumber>2</EpisodeNumber>
  <FirstAired></FirstAired>
  <GuestStars></GuestStars>
  <IMDB_ID></IMDB_ID>
  <Language>en</Language>
  <Overview></Overview>
  <ProductionCode></ProductionCode>
  <Rating></Rating>
  <RatingCount>0</RatingCount>
  <SeasonNumber>2</SeasonNumber>
  <Writer></Writer>
  <absolute_number></absolute_number>
  <filename></filename>
  <lastupdated>1363436462</lastupdated>
  <seasonid>506475</seasonid>
  <seriesid>248757</seriesid>
</Episode>
<Episode>
  <id>4524294</id>
  <Combined_episodenumber>3</Combined_episodenumber>
  <Combined_season>2</Combined_season>
  <DVD_chapter></DVD_chapter>
  <DVD_discid></DVD_discid>
  <DVD_episodenumber></DVD_episodenumber>
  <DVD_season></DVD_season>
  <Director></Director>
  <EpImgFlag></EpImgFlag>
  <EpisodeName>Brotherhood</EpisodeName>
  <EpisodeNumber>3</EpisodeNumber>
  <FirstAired></FirstAired>
  <GuestStars></GuestStars>
  <IMDB_ID></IMDB_ID>
  <Language>en</Language>
  <Overview></Overview>
  <ProductionCode></ProductionCode>
  <Rating></Rating>
  <RatingCount>0</RatingCount>
  <SeasonNumber>2</SeasonNumber>
  <Writer></Writer>
  <absolute_number></absolute_number>
  <filename></filename>
  <lastupdated>1363436476</lastupdated>
  <seasonid>506475</seasonid>
  <seriesid>248757</seriesid>
</Episode>
<Episode>
  <id>4524295</id>
  <Combined_episodenumber>4</Combined_episodenumber>
  <Combined_season>2</Combined_season>
  <DVD_chapter></DVD_chapter>
  <DVD_discid></DVD_discid>
  <DVD_episodenumber></DVD_episodenumber>
  <DVD_season></DVD_season>
  <Director></Director>
  <EpImgFlag></EpImgFlag>
  <EpisodeName>Caleidoscope</EpisodeName>
  <EpisodeNumber>4</EpisodeNumber>
  <FirstAired></FirstAired>
  <GuestStars></GuestStars>
  <IMDB_ID></IMDB_ID>
  <Language>en</Language>
  <Overview></Overview>
  <ProductionCode></ProductionCode>
  <Rating></Rating>
  <RatingCount>0</RatingCount>
  <SeasonNumber>2</SeasonNumber>
  <Writer></Writer>
  <absolute_number></absolute_number>
  <filename></filename>
  <lastupdated>1363436491</lastupdated>
  <seasonid>506475</seasonid>
  <seriesid>248757</seriesid>
</Episode>
<Episode>
  <id>4524296</id>
  <Combined_episodenumber>5</Combined_episodenumber>
  <Combined_season>2</Combined_season>
  <DVD_chapter></DVD_chapter>
  <DVD_discid></DVD_discid>
  <DVD_episodenumber></DVD_episodenumber>
  <DVD_season></DVD_season>
  <Director></Director>
  <EpImgFlag></EpImgFlag>
  <EpisodeName>Blindness</EpisodeName>
  <EpisodeNumber>5</EpisodeNumber>
  <FirstAired></FirstAired>
  <GuestStars></GuestStars>
  <IMDB_ID></IMDB_ID>
  <Language>en</Language>
  <Overview></Overview>
  <ProductionCode></ProductionCode>
  <Rating></Rating>
  <RatingCount>0</RatingCount>
  <SeasonNumber>2</SeasonNumber>
  <Writer></Writer>
  <absolute_number></absolute_number>
  <filename></filename>
  <lastupdated>1363436505</lastupdated>
  <seasonid>506475</seasonid>
  <seriesid>248757</seriesid>
</Episode>
<Episode>
  <id>4524297</id>
  <Combined_episodenumber>6</Combined_episodenumber>
  <Combined_season>2</Combined_season>
  <DVD_chapter></DVD_chapter>
  <DVD_discid></DVD_discid>
  <DVD_episodenumber></DVD_episodenumber>
  <DVD_season></DVD_season>
  <Director></Director>
  <EpImgFlag></EpImgFlag>
  <EpisodeName>Toxic</EpisodeName>
  <EpisodeNumber>6</EpisodeNumber>
  <FirstAired></FirstAired>
  <GuestStars></GuestStars>
  <IMDB_ID></IMDB_ID>
  <Language>en</Language>
  <Overview></Overview>
  <ProductionCode></ProductionCode>
  <Rating></Rating>
  <RatingCount>0</RatingCount>
  <SeasonNumber>2</SeasonNumber>
  <Writer></Writer>
  <absolute_number></absolute_number>
  <filename></filename>
  <lastupdated>1363436519</lastupdated>
  <seasonid>506475</seasonid>
  <seriesid>248757</seriesid>
</Episode>
<Episode>
  <id>4524289</id>
  <Combined_episodenumber>7</Combined_episodenumber>
  <Combined_season>2</Combined_season>
  <DVD_chapter></DVD_chapter>
  <DVD_discid></DVD_discid>
  <DVD_episodenumber></DVD_episodenumber>
  <DVD_season></DVD_season>
  <Director></Director>
  <EpImgFlag></EpImgFlag>
  <EpisodeName>Defective</EpisodeName>
  <EpisodeNumber>7</EpisodeNumber>
  <FirstAired></FirstAired>
  <GuestStars></GuestStars>
  <IMDB_ID></IMDB_ID>
  <Language>en</Language>
  <Overview>Pierce investigates when a brain implant is used as a murder weapon</Overview>
  <ProductionCode></ProductionCode>
  <Rating></Rating>
  <RatingCount>0</RatingCount>
  <SeasonNumber>2</SeasonNumber>
  <Writer></Writer>
  <absolute_number></absolute_number>
  <filename></filename>
  <lastupdated>1363436394</lastupdated>
  <seasonid>506475</seasonid>
  <seriesid>248757</seriesid>
</Episode>
<Episode>
  <id>4524290</id>
  <Combined_episodenumber>8</Combined_episodenumber>
  <Combined_season>2</Combined_season>
  <DVD_chapter></DVD_chapter>
  <DVD_discid></DVD_discid>
  <DVD_episodenumber></DVD_episodenumber>
  <DVD_season></DVD_season>
  <Director></Director>
  <EpImgFlag></EpImgFlag>
  <EpisodeName>Neuropositive</EpisodeName>
  <EpisodeNumber>8</EpisodeNumber>
  <FirstAired></FirstAired>
  <GuestStars></GuestStars>
  <IMDB_ID></IMDB_ID>
  <Language>en</Language>
  <Overview>An unsolved crime is investigated, only to have the killer, himself, murdered</Overview>
  <ProductionCode></ProductionCode>
  <Rating></Rating>
  <RatingCount>0</RatingCount>
  <SeasonNumber>2</SeasonNumber>
  <Writer></Writer>
  <absolute_number></absolute_number>
  <filename></filename>
  <lastupdated>1363436420</lastupdated>
  <seasonid>506475</seasonid>
  <seriesid>248757</seriesid>
</Episode>
</Data>