<?xml version="1.0" encoding="UTF-8" ?>
<Actors>
<Actor>
  <id>298186</id>
  <Image>actors/298186.jpg</Image>
  <Name>Matthew Perry</Name>
  <Role>Ryan King</Role>
  <SortOrder>0</SortOrder>
</Actor>
<Actor>
  <id>301964</id>
  <Image>actors/301964.jpg</Image>
  <Name>Laura Benanti</Name>
  <Role>Lauren</Role>
  <SortOrder>1</SortOrder>
</Actor>
<Actor>
  <id>301965</id>
  <Image>actors/301965.jpg</Image>
  <Name>John Cho</Name>
  <Role>Stephen</Role>
  <SortOrder>2</SortOrder>
</Actor>
<Actor>
  <id>301969</id>
  <Image>actors/301969.jpg</Image>
  <Name>Tyler James Williams</Name>
  <Role>Owen</Role>
  <SortOrder>3</SortOrder>
</Actor>
<Actor>
  <id>301968</id>
  <Image>actors/301968.jpg</Image>
  <Name>Suzy Nakamura</Name>
  <Role>Yolanda</Role>
  <SortOrder>3</SortOrder>
</Actor>
<Actor>
  <id>301967</id>
  <Image>actors/301967.jpg</Image>
  <Name>Brett Gelman</Name>
  <Role>Mr. K</Role>
  <SortOrder>3</SortOrder>
</Actor>
<Actor>
  <id>301966</id>
  <Image>actors/301966.jpg</Image>
  <Name>Julie White</Name>
  <Role>Annie</Role>
  <SortOrder>3</SortOrder>
</Actor>
</Actors>