<?xml version="1.0" encoding="UTF-8" ?>
<Banners>
<Banner>
  <id>919391</id>
  <BannerPath>fanart/original/258616-3.jpg</BannerPath>
  <BannerType>fanart</BannerType>
  <BannerType2>1920x1080</BannerType2>
  <Colors>|208,144,108|254,66,67|129,184,91|</Colors>
  <Language>en</Language>
  <Rating>9.5000</Rating>
  <RatingCount>4</RatingCount>
  <SeriesName>false</SeriesName>
  <ThumbnailPath>_cache/fanart/original/258616-3.jpg</ThumbnailPath>
  <VignettePath>fanart/vignette/258616-3.jpg</VignettePath>
</Banner>
<Banner>
  <id>909117</id>
  <BannerPath>fanart/original/258616-2.jpg</BannerPath>
  <BannerType>fanart</BannerType>
  <BannerType2>1920x1080</BannerType2>
  <Colors></Colors>
  <Language>en</Language>
  <Rating>5.0000</Rating>
  <RatingCount>1</RatingCount>
  <SeriesName>false</SeriesName>
  <ThumbnailPath>_cache/fanart/original/258616-2.jpg</ThumbnailPath>
  <VignettePath>fanart/vignette/258616-2.jpg</VignettePath>
</Banner>
<Banner>
  <id>919392</id>
  <BannerPath>fanart/original/258616-4.jpg</BannerPath>
  <BannerType>fanart</BannerType>
  <BannerType2>1920x1080</BannerType2>
  <Colors>|251,251,251|173,201,213|226,235,240|</Colors>
  <Language>en</Language>
  <Rating>5.0000</Rating>
  <RatingCount>4</RatingCount>
  <SeriesName>false</SeriesName>
  <ThumbnailPath>_cache/fanart/original/258616-4.jpg</ThumbnailPath>
  <VignettePath>fanart/vignette/258616-4.jpg</VignettePath>
</Banner>
<Banner>
  <id>919721</id>
  <BannerPath>fanart/original/258616-5.jpg</BannerPath>
  <BannerType>fanart</BannerType>
  <BannerType2>1920x1080</BannerType2>
  <Colors></Colors>
  <Language>en</Language>
  <Rating>5.0000</Rating>
  <RatingCount>1</RatingCount>
  <SeriesName>false</SeriesName>
  <ThumbnailPath>_cache/fanart/original/258616-5.jpg</ThumbnailPath>
  <VignettePath>fanart/vignette/258616-5.jpg</VignettePath>
</Banner>
<Banner>
  <id>923891</id>
  <BannerPath>fanart/original/258616-6.jpg</BannerPath>
  <BannerType>fanart</BannerType>
  <BannerType2>1920x1080</BannerType2>
  <Colors></Colors>
  <Language>en</Language>
  <Rating>4.0000</Rating>
  <RatingCount>3</RatingCount>
  <SeriesName>false</SeriesName>
  <ThumbnailPath>_cache/fanart/original/258616-6.jpg</ThumbnailPath>
  <VignettePath>fanart/vignette/258616-6.jpg</VignettePath>
</Banner>
<Banner>
  <id>923890</id>
  <BannerPath>posters/258616-3.jpg</BannerPath>
  <BannerType>poster</BannerType>
  <BannerType2>680x1000</BannerType2>
  <Language>en</Language>
  <Rating>7.1429</Rating>
  <RatingCount>7</RatingCount>
</Banner>
<Banner>
  <id>923746</id>
  <BannerPath>posters/258616-2.jpg</BannerPath>
  <BannerType>poster</BannerType>
  <BannerType2>680x1000</BannerType2>
  <Language>en</Language>
  <Rating>5.0000</Rating>
  <RatingCount>10</RatingCount>
</Banner>
<Banner>
  <id>919318</id>
  <BannerPath>posters/258616-1.jpg</BannerPath>
  <BannerType>poster</BannerType>
  <BannerType2>680x1000</BannerType2>
  <Language>en</Language>
  <Rating>0.6667</Rating>
  <RatingCount>3</RatingCount>
</Banner>
<Banner>
  <id>923892</id>
  <BannerPath>seasons/258616-1-2.jpg</BannerPath>
  <BannerType>season</BannerType>
  <BannerType2>season</BannerType2>
  <Language>en</Language>
  <Rating>6.3333</Rating>
  <RatingCount>3</RatingCount>
  <Season>1</Season>
</Banner>
<Banner>
  <id>920775</id>
  <BannerPath>seasons/258616-1.jpg</BannerPath>
  <BannerType>season</BannerType>
  <BannerType2>season</BannerType2>
  <Language>en</Language>
  <Rating>5.5000</Rating>
  <RatingCount>4</RatingCount>
  <Season>1</Season>
</Banner>
<Banner>
  <id>919411</id>
  <BannerPath>graphical/258616-g3.jpg</BannerPath>
  <BannerType>series</BannerType>
  <BannerType2>graphical</BannerType2>
  <Language>en</Language>
  <Rating>8.2500</Rating>
  <RatingCount>4</RatingCount>
</Banner>
<Banner>
  <id>919390</id>
  <BannerPath>graphical/258616-g4.jpg</BannerPath>
  <BannerType>series</BannerType>
  <BannerType2>graphical</BannerType2>
  <Language>en</Language>
  <Rating>8.0000</Rating>
  <RatingCount>3</RatingCount>
</Banner>
<Banner>
  <id>919434</id>
  <BannerPath>graphical/258616-g2.jpg</BannerPath>
  <BannerType>series</BannerType>
  <BannerType2>graphical</BannerType2>
  <Language>en</Language>
  <Rating>8.0000</Rating>
  <RatingCount>5</RatingCount>
</Banner>
<Banner>
  <id>908473</id>
  <BannerPath>graphical/258616-g.jpg</BannerPath>
  <BannerType>series</BannerType>
  <BannerType2>graphical</BannerType2>
  <Language>en</Language>
  <Rating>3.0000</Rating>
  <RatingCount>1</RatingCount>
</Banner>
</Banners>