<?xml version="1.0" encoding="UTF-8" ?>
<Data><Series>
  <id>258616</id>
  <Actors>|Matthew Perry|Laura Benanti|John Cho|Tyler James Williams|Suzy Nakamura|Brett Gelman|Julie White|</Actors>
  <Airs_DayOfWeek>Tuesday</Airs_DayOfWeek>
  <Airs_Time>9:00 PM</Airs_Time>
  <ContentRating>TV-PG</ContentRating>
  <FirstAired>2012-08-08</FirstAired>
  <Genre>|Comedy|</Genre>
  <IMDB_ID>tt2300923</IMDB_ID>
  <Language>en</Language>
  <Network>NBC</Network>
  <NetworkID></NetworkID>
  <Overview>After taking some time to deal with the death of his wife, sportscaster Ryan King is ready to push his feelings down and get back to work. However, Ryan's boss, preferring that Ryan work through his grief first, refuses to let him back on air until he gets counseling. Reluctantly, Ryan joins a support group, where his lack of interest in healing not only makes therapy interesting but also may just serve as the breath of fresh air needed to get his fellow group members back on track to health.</Overview>
  <Rating>8.1</Rating>
  <RatingCount>15</RatingCount>
  <Runtime>30</Runtime>
  <SeriesID>158550</SeriesID>
  <SeriesName>Go On</SeriesName>
  <Status>Continuing</Status>
  <added>2012-04-30 03:04:59</added>
  <addedBy>363517</addedBy>
  <banner>graphical/258616-g3.jpg</banner>
  <fanart>fanart/original/258616-3.jpg</fanart>
  <lastupdated>1365558705</lastupdated>
  <poster>posters/258616-3.jpg</poster>
  <zap2it_id>SH274690478</zap2it_id>
</Series>
<Episode>
  <id>4327461</id>
  <Combined_episodenumber>1</Combined_episodenumber>
  <Combined_season>1</Combined_season>
  <DVD_chapter></DVD_chapter>
  <DVD_discid></DVD_discid>
  <DVD_episodenumber></DVD_episodenumber>
  <DVD_season></DVD_season>
  <Director>Todd Holland</Director>
  <EpImgFlag>2</EpImgFlag>
  <EpisodeName>Pilot</EpisodeName>
  <EpisodeNumber>1</EpisodeNumber>
  <FirstAired>2012-08-08</FirstAired>
  <GuestStars></GuestStars>
  <IMDB_ID>tt2395795</IMDB_ID>
  <Language>en</Language>
  <Overview>A sportscaster reluctantly joins a support group after the death of his wife, and ends up turning sadness into a sport.</Overview>
  <ProductionCode></ProductionCode>
  <Rating>7.7</Rating>
  <RatingCount>42</RatingCount>
  <SeasonNumber>1</SeasonNumber>
  <Writer>Scott Silveri</Writer>
  <absolute_number></absolute_number>
  <filename>episodes/258616/4327461.jpg</filename>
  <lastupdated>1357907983</lastupdated>
  <seasonid>492458</seasonid>
  <seriesid>258616</seriesid>
</Episode>
<Episode>
  <id>4373902</id>
  <Combined_episodenumber>2</Combined_episodenumber>
  <Combined_season>1</Combined_season>
  <DVD_chapter></DVD_chapter>
  <DVD_discid></DVD_discid>
  <DVD_episodenumber></DVD_episodenumber>
  <DVD_season></DVD_season>
  <Director>Andy Ackerman</Director>
  <EpImgFlag>2</EpImgFlag>
  <EpisodeName>He Got Game, She Got Cats</EpisodeName>
  <EpisodeNumber>2</EpisodeNumber>
  <FirstAired>2012-09-11</FirstAired>
  <GuestStars>|Sarah Baker|Tonita Castro|Bill Cobbs|Seth Morris|Allison Miller|</GuestStars>
  <IMDB_ID>tt2279262</IMDB_ID>
  <Language>en</Language>
  <Overview>Ryan disregards Lauren's &quot;all talk, no action&quot; philosophy and encourages Sonia to break up with her boyfriend; George's love of basketball is rekindled.</Overview>
  <ProductionCode></ProductionCode>
  <Rating>7.4</Rating>
  <RatingCount>39</RatingCount>
  <SeasonNumber>1</SeasonNumber>
  <Writer>Lesley Wake Webster</Writer>
  <absolute_number></absolute_number>
  <filename>episodes/258616/4373902.jpg</filename>
  <lastupdated>1357908201</lastupdated>
  <seasonid>492458</seasonid>
  <seriesid>258616</seriesid>
</Episode>
<Episode>
  <id>4373904</id>
  <Combined_episodenumber>3</Combined_episodenumber>
  <Combined_season>1</Combined_season>
  <DVD_chapter></DVD_chapter>
  <DVD_discid></DVD_discid>
  <DVD_episodenumber></DVD_episodenumber>
  <DVD_season></DVD_season>
  <Director>Todd Holland</Director>
  <EpImgFlag>2</EpImgFlag>
  <EpisodeName>There's No 'Ryan' in Team</EpisodeName>
  <EpisodeNumber>3</EpisodeNumber>
  <FirstAired>2012-09-18</FirstAired>
  <GuestStars>|Sarah Baker|Tonita Castro|Bill Cobbs|Seth Morris|Alejandro Patino|Allison Miller|</GuestStars>
  <IMDB_ID>tt2279268</IMDB_ID>
  <Language>en</Language>
  <Overview>Ryan struggles to keep the group separate from his personal life; Steven awkwardly tries to help Ryan overcome his loss.</Overview>
  <ProductionCode></ProductionCode>
  <Rating>7.4</Rating>
  <RatingCount>34</RatingCount>
  <SeasonNumber>1</SeasonNumber>
  <Writer>Scott Silveri</Writer>
  <absolute_number></absolute_number>
  <filename>episodes/258616/4373904.jpg</filename>
  <lastupdated>1357908319</lastupdated>
  <seasonid>492458</seasonid>
  <seriesid>258616</seriesid>
</Episode>
<Episode>
  <id>4389578</id>
  <Combined_episodenumber>4</Combined_episodenumber>
  <Combined_season>1</Combined_season>
  <DVD_chapter></DVD_chapter>
  <DVD_discid></DVD_discid>
  <DVD_episodenumber></DVD_episodenumber>
  <DVD_season></DVD_season>
  <Director>Jamie Babbit</Director>
  <EpImgFlag>2</EpImgFlag>
  <EpisodeName>Bench-Clearing Brawl</EpisodeName>
  <EpisodeNumber>4</EpisodeNumber>
  <FirstAired>2012-09-25</FirstAired>
  <GuestStars>|Sarah Baker|Tonita Castro|Seth Morris|Jeremy Roenick|Allison Miller|</GuestStars>
  <IMDB_ID></IMDB_ID>
  <Language>en</Language>
  <Overview>Ryan is ecstatic when he's finally invited to play in Jeremy Roenick's hockey game; Anne asks Ryan to a wedding.</Overview>
  <ProductionCode></ProductionCode>
  <Rating>7.4</Rating>
  <RatingCount>36</RatingCount>
  <SeasonNumber>1</SeasonNumber>
  <Writer>Liz Brixius</Writer>
  <absolute_number></absolute_number>
  <filename>episodes/258616/4389578.jpg</filename>
  <lastupdated>1357908527</lastupdated>
  <seasonid>492458</seasonid>
  <seriesid>258616</seriesid>
</Episode>
<Episode>
  <id>4406060</id>
  <Combined_episodenumber>5</Combined_episodenumber>
  <Combined_season>1</Combined_season>
  <DVD_chapter></DVD_chapter>
  <DVD_discid></DVD_discid>
  <DVD_episodenumber></DVD_episodenumber>
  <DVD_season></DVD_season>
  <Director></Director>
  <EpImgFlag>2</EpImgFlag>
  <EpisodeName>Do You Believe In Ghosts... Yes!</EpisodeName>
  <EpisodeNumber>5</EpisodeNumber>
  <FirstAired>2012-10-02</FirstAired>
  <GuestStars></GuestStars>
  <IMDB_ID>tt2418704</IMDB_ID>
  <Language>en</Language>
  <Overview>Ryan makes progress and begins taking care of himself in Janie's absence. Elsewhere, the group helps Lauren study for a real-estate exam, and Steven hits the town with Ryan in the wake of a breakup.</Overview>
  <ProductionCode></ProductionCode>
  <Rating>7.5</Rating>
  <RatingCount>35</RatingCount>
  <SeasonNumber>1</SeasonNumber>
  <Writer>Scott Silveri , Lesley Wakeand , Liz Brixius</Writer>
  <absolute_number></absolute_number>
  <filename>episodes/258616/4406060.jpg</filename>
  <lastupdated>1357908759</lastupdated>
  <seasonid>492458</seasonid>
  <seriesid>258616</seriesid>
</Episode>
<Episode>
  <id>4406062</id>
  <Combined_episodenumber>6</Combined_episodenumber>
  <Combined_season>1</Combined_season>
  <DVD_chapter></DVD_chapter>
  <DVD_discid></DVD_discid>
  <DVD_episodenumber></DVD_episodenumber>
  <DVD_season></DVD_season>
  <Director></Director>
  <EpImgFlag>2</EpImgFlag>
  <EpisodeName>Big League Chew</EpisodeName>
  <EpisodeNumber>6</EpisodeNumber>
  <FirstAired>2012-10-09</FirstAired>
  <GuestStars></GuestStars>
  <IMDB_ID>tt2279266</IMDB_ID>
  <Language>en</Language>
  <Overview>Grieving causes Ryan to become a compulsive eater, triggering an intervention from the group. Meanwhile, Ryan offers romantic advice to Lauren, and Ryan tries to pull Danny out of his sweeping fantasy world.</Overview>
  <ProductionCode></ProductionCode>
  <Rating>7.4</Rating>
  <RatingCount>33</RatingCount>
  <SeasonNumber>1</SeasonNumber>
  <Writer>Scott Silveri (creator), Dennis McNicholas</Writer>
  <absolute_number></absolute_number>
  <filename>episodes/258616/4406062.jpg</filename>
  <lastupdated>1357911329</lastupdated>
  <seasonid>492458</seasonid>
  <seriesid>258616</seriesid>
</Episode>
<Episode>
  <id>4414201</id>
  <Combined_episodenumber>7</Combined_episodenumber>
  <Combined_season>1</Combined_season>
  <DVD_chapter></DVD_chapter>
  <DVD_discid></DVD_discid>
  <DVD_episodenumber></DVD_episodenumber>
  <DVD_season></DVD_season>
  <Director></Director>
  <EpImgFlag>2</EpImgFlag>
  <EpisodeName>Any Given Birthday</EpisodeName>
  <EpisodeNumber>7</EpisodeNumber>
  <FirstAired>2012-10-23</FirstAired>
  <GuestStars></GuestStars>
  <IMDB_ID>tt2279270</IMDB_ID>
  <Language>en</Language>
  <Overview>The group celebrates Ryan's birthday with a scavenger hunt. Elsewhere, Sonia cares for Steven following his colonoscopy, and Mr. K and Anne connect over their love of musicals.</Overview>
  <ProductionCode></ProductionCode>
  <Rating>7.7</Rating>
  <RatingCount>34</RatingCount>
  <SeasonNumber>1</SeasonNumber>
  <Writer></Writer>
  <absolute_number></absolute_number>
  <filename>episodes/258616/4414201.jpg</filename>
  <lastupdated>1357911843</lastupdated>
  <seasonid>492458</seasonid>
  <seriesid>258616</seriesid>
</Episode>
<Episode>
  <id>4414202</id>
  <Combined_episodenumber>8</Combined_episodenumber>
  <Combined_season>1</Combined_season>
  <DVD_chapter></DVD_chapter>
  <DVD_discid></DVD_discid>
  <DVD_episodenumber></DVD_episodenumber>
  <DVD_season></DVD_season>
  <Director></Director>
  <EpImgFlag>2</EpImgFlag>
  <EpisodeName>Videogame, Set, Match</EpisodeName>
  <EpisodeNumber>8</EpisodeNumber>
  <FirstAired>2012-11-13</FirstAired>
  <GuestStars></GuestStars>
  <IMDB_ID>tt2279278</IMDB_ID>
  <Language>en</Language>
  <Overview>Though Ryan is reluctant to take Owen under his wing, he begins to realize Owen may need a big brother figure in his life. Meanwhile, Yolanda decides she's ready to graduate from the group and Steven hires a new K-Bal Girl.</Overview>
  <ProductionCode></ProductionCode>
  <Rating>7.7</Rating>
  <RatingCount>28</RatingCount>
  <SeasonNumber>1</SeasonNumber>
  <Writer></Writer>
  <absolute_number></absolute_number>
  <filename>episodes/258616/4414202.jpg</filename>
  <lastupdated>1357912400</lastupdated>
  <seasonid>492458</seasonid>
  <seriesid>258616</seriesid>
</Episode>
<Episode>
  <id>4420014</id>
  <Combined_episodenumber>9</Combined_episodenumber>
  <Combined_season>1</Combined_season>
  <DVD_chapter></DVD_chapter>
  <DVD_discid></DVD_discid>
  <DVD_episodenumber></DVD_episodenumber>
  <DVD_season></DVD_season>
  <Director></Director>
  <EpImgFlag>2</EpImgFlag>
  <EpisodeName>Dinner Takes All</EpisodeName>
  <EpisodeNumber>9</EpisodeNumber>
  <FirstAired>2012-11-20</FirstAired>
  <GuestStars>Lauren Graham</GuestStars>
  <IMDB_ID>tt2279284</IMDB_ID>
  <Language>en</Language>
  <Overview>An old college friend (Lauren Graham) arrives, sparking a surprise competition between Ryan and Steven to win her affection. Meanwhile, Ryan takes the gang to the studio for Thanksgiving; Owen's mother scrutinizes Lauren's qualifications; and Ryan meets Anne's children.</Overview>
  <ProductionCode></ProductionCode>
  <Rating>7.6</Rating>
  <RatingCount>25</RatingCount>
  <SeasonNumber>1</SeasonNumber>
  <Writer></Writer>
  <absolute_number></absolute_number>
  <filename>episodes/258616/4420014.jpg</filename>
  <lastupdated>1357913062</lastupdated>
  <seasonid>492458</seasonid>
  <seriesid>258616</seriesid>
</Episode>
<Episode>
  <id>4436351</id>
  <Combined_episodenumber>10</Combined_episodenumber>
  <Combined_season>1</Combined_season>
  <DVD_chapter></DVD_chapter>
  <DVD_discid></DVD_discid>
  <DVD_episodenumber></DVD_episodenumber>
  <DVD_season></DVD_season>
  <Director></Director>
  <EpImgFlag>2</EpImgFlag>
  <EpisodeName>Back, Back, Back... It's Gone!</EpisodeName>
  <EpisodeNumber>10</EpisodeNumber>
  <FirstAired>2012-11-27</FirstAired>
  <GuestStars></GuestStars>
  <IMDB_ID>tt2279280</IMDB_ID>
  <Language>en</Language>
  <Overview>When Ryan decides it's time to start dating again, Misty May-Treanor offers to help and invites him to play in a game of beach volleyball with her friends. Elsewhere, George outlives his doctors' predicted life expectancy for him and is ready to celebrate and Danny develops feelings for Sonia.</Overview>
  <ProductionCode></ProductionCode>
  <Rating>7.6</Rating>
  <RatingCount>25</RatingCount>
  <SeasonNumber>1</SeasonNumber>
  <Writer></Writer>
  <absolute_number></absolute_number>
  <filename>episodes/258616/4436351.jpg</filename>
  <lastupdated>1357913497</lastupdated>
  <seasonid>492458</seasonid>
  <seriesid>258616</seriesid>
</Episode>
<Episode>
  <id>4437755</id>
  <Combined_episodenumber>11</Combined_episodenumber>
  <Combined_season>1</Combined_season>
  <DVD_chapter></DVD_chapter>
  <DVD_discid></DVD_discid>
  <DVD_episodenumber></DVD_episodenumber>
  <DVD_season></DVD_season>
  <Director></Director>
  <EpImgFlag>2</EpImgFlag>
  <EpisodeName>The World Ain't Over 'Til It's Over</EpisodeName>
  <EpisodeNumber>11</EpisodeNumber>
  <FirstAired>2012-12-04</FirstAired>
  <GuestStars></GuestStars>
  <IMDB_ID>tt2279286</IMDB_ID>
  <Language>en</Language>
  <Overview>When the group settles on a date for their holiday party, it happens to fall on what Mr. K believes will be the end of the world. Ryan invites Anne along on his annual trip to wine country with Steven and Lauren worries her boyfriend is ready to pop the question. </Overview>
  <ProductionCode></ProductionCode>
  <Rating>7.7</Rating>
  <RatingCount>24</RatingCount>
  <SeasonNumber>1</SeasonNumber>
  <Writer></Writer>
  <absolute_number></absolute_number>
  <filename>episodes/258616/4437755.jpg</filename>
  <lastupdated>1357913892</lastupdated>
  <seasonid>492458</seasonid>
  <seriesid>258616</seriesid>
</Episode>
<Episode>
  <id>4444670</id>
  <Combined_episodenumber>12</Combined_episodenumber>
  <Combined_season>1</Combined_season>
  <DVD_chapter></DVD_chapter>
  <DVD_discid></DVD_discid>
  <DVD_episodenumber></DVD_episodenumber>
  <DVD_season></DVD_season>
  <Director>Michael Lehmann</Director>
  <EpImgFlag>2</EpImgFlag>
  <EpisodeName>Win at All Costas</EpisodeName>
  <EpisodeNumber>12</EpisodeNumber>
  <FirstAired>2013-01-08</FirstAired>
  <GuestStars>Rich Eisen, Bob Costas, Jennifer Jalene, Theresa June-Tao, Michael Nanfria</GuestStars>
  <IMDB_ID></IMDB_ID>
  <Language>en</Language>
  <Overview>Ryan receives an invitation from Bob Costas, his hero, to take part on his new TV show while Fausta invites everyone in the group to her niece's Quincenierra - everyone except Anne. Meanwhile, after completing a major project at work, Mr. K searches to find a new way to contribute and make a difference. </Overview>
  <ProductionCode></ProductionCode>
  <Rating>7.3</Rating>
  <RatingCount>25</RatingCount>
  <SeasonNumber>1</SeasonNumber>
  <Writer></Writer>
  <absolute_number></absolute_number>
  <filename>episodes/258616/4444670.jpg</filename>
  <lastupdated>1358969027</lastupdated>
  <seasonid>492458</seasonid>
  <seriesid>258616</seriesid>
</Episode>
<Episode>
  <id>4468856</id>
  <Combined_episodenumber>13</Combined_episodenumber>
  <Combined_season>1</Combined_season>
  <DVD_chapter></DVD_chapter>
  <DVD_discid></DVD_discid>
  <DVD_episodenumber></DVD_episodenumber>
  <DVD_season></DVD_season>
  <Director></Director>
  <EpImgFlag>2</EpImgFlag>
  <EpisodeName>Gooooaaaallll Doll!</EpisodeName>
  <EpisodeNumber>13</EpisodeNumber>
  <FirstAired>2013-01-15</FirstAired>
  <GuestStars></GuestStars>
  <IMDB_ID></IMDB_ID>
  <Language>en</Language>
  <Overview>Despite Carrie’s warning, Ryan wants to get his first date out of the way and asks Carrie’s flaky friend, but not without a little competition from Shaun White. Meanwhile, Yolanda starts a new job at the hospital where Sonia works and tries to reinvent herself.</Overview>
  <ProductionCode></ProductionCode>
  <Rating>7.7</Rating>
  <RatingCount>20</RatingCount>
  <SeasonNumber>1</SeasonNumber>
  <Writer></Writer>
  <absolute_number></absolute_number>
  <filename>episodes/258616/4468856.jpg</filename>
  <lastupdated>1359889233</lastupdated>
  <seasonid>492458</seasonid>
  <seriesid>258616</seriesid>
</Episode>
<Episode>
  <id>4475381</id>
  <Combined_episodenumber>14</Combined_episodenumber>
  <Combined_season>1</Combined_season>
  <DVD_chapter></DVD_chapter>
  <DVD_discid></DVD_discid>
  <DVD_episodenumber></DVD_episodenumber>
  <DVD_season></DVD_season>
  <Director></Director>
  <EpImgFlag>2</EpImgFlag>
  <EpisodeName>Comeback Player of the Year</EpisodeName>
  <EpisodeNumber>14</EpisodeNumber>
  <FirstAired>2013-01-22</FirstAired>
  <GuestStars>Piper Perabo</GuestStars>
  <IMDB_ID></IMDB_ID>
  <Language>en</Language>
  <Overview>Ryan fears the group chemistry will change and feels threatened by the return of the very popular and beautiful former group member, Simone (Piper Perabo) who tries to force the group to choose between her and Ryan. Meanwhile Steven and Mr. K buddy bond and along with Terrell Owens, teach Ryan a lesson. Anne prevents Danny from being taken to the cleaners in his divorce.</Overview>
  <ProductionCode></ProductionCode>
  <Rating>7.7</Rating>
  <RatingCount>21</RatingCount>
  <SeasonNumber>1</SeasonNumber>
  <Writer></Writer>
  <absolute_number></absolute_number>
  <filename>episodes/258616/4475381.jpg</filename>
  <lastupdated>1359889753</lastupdated>
  <seasonid>492458</seasonid>
  <seriesid>258616</seriesid>
</Episode>
<Episode>
  <id>4478017</id>
  <Combined_episodenumber>15</Combined_episodenumber>
  <Combined_season>1</Combined_season>
  <DVD_chapter></DVD_chapter>
  <DVD_discid></DVD_discid>
  <DVD_episodenumber></DVD_episodenumber>
  <DVD_season></DVD_season>
  <Director>Jamie Babbit</Director>
  <EpImgFlag>2</EpImgFlag>
  <EpisodeName>Pass Interference</EpisodeName>
  <EpisodeNumber>15</EpisodeNumber>
  <FirstAired>2013-01-29</FirstAired>
  <GuestStars></GuestStars>
  <IMDB_ID></IMDB_ID>
  <Language>en</Language>
  <Overview>Ryan woos an attractive group member, but Janie's ghost materializes as he feels great guilt for dating again. Elsewhere, some of the ladies set out to buy a wedding dress for Lauren. </Overview>
  <ProductionCode></ProductionCode>
  <Rating>7.7</Rating>
  <RatingCount>17</RatingCount>
  <SeasonNumber>1</SeasonNumber>
  <Writer>Matthew Harawitz | Lesley Wake Webster</Writer>
  <absolute_number></absolute_number>
  <filename>episodes/258616/4478017.jpg</filename>
  <lastupdated>1361218382</lastupdated>
  <seasonid>492458</seasonid>
  <seriesid>258616</seriesid>
</Episode>
<Episode>
  <id>4489186</id>
  <Combined_episodenumber>16</Combined_episodenumber>
  <Combined_season>1</Combined_season>
  <DVD_chapter></DVD_chapter>
  <DVD_discid></DVD_discid>
  <DVD_episodenumber></DVD_episodenumber>
  <DVD_season></DVD_season>
  <Director></Director>
  <EpImgFlag>2</EpImgFlag>
  <EpisodeName>Go Deep</EpisodeName>
  <EpisodeNumber>16</EpisodeNumber>
  <FirstAired>2013-02-19</FirstAired>
  <GuestStars></GuestStars>
  <IMDB_ID></IMDB_ID>
  <Language>en</Language>
  <Overview>Ryan stages a work walkout when he's forced to read a commercial for a male-enhancement product. Meanwhile, Ryan hires football's Terrell Owens as an assistant; Lauren receives a low evaluation score; and Simone takes Ryan to a meditation center.</Overview>
  <ProductionCode></ProductionCode>
  <Rating>7.6</Rating>
  <RatingCount>17</RatingCount>
  <SeasonNumber>1</SeasonNumber>
  <Writer></Writer>
  <absolute_number></absolute_number>
  <filename>episodes/258616/4489186.jpg</filename>
  <lastupdated>1361998169</lastupdated>
  <seasonid>492458</seasonid>
  <seriesid>258616</seriesid>
</Episode>
<Episode>
  <id>4500766</id>
  <Combined_episodenumber>17</Combined_episodenumber>
  <Combined_season>1</Combined_season>
  <DVD_chapter></DVD_chapter>
  <DVD_discid></DVD_discid>
  <DVD_episodenumber></DVD_episodenumber>
  <DVD_season></DVD_season>
  <Director></Director>
  <EpImgFlag>2</EpImgFlag>
  <EpisodeName>Ring and a Miss</EpisodeName>
  <EpisodeNumber>17</EpisodeNumber>
  <FirstAired>2013-02-26</FirstAired>
  <GuestStars></GuestStars>
  <IMDB_ID></IMDB_ID>
  <Language>en</Language>
  <Overview>Ryan's wedding ring causes complications. Meanwhile, Ryan asks Simone to move in with him after he has an encounter with his mirthless bachelor friend; and Anne hesitantly enlists Mr. K as a babysitter. </Overview>
  <ProductionCode></ProductionCode>
  <Rating>7.6</Rating>
  <RatingCount>12</RatingCount>
  <SeasonNumber>1</SeasonNumber>
  <Writer></Writer>
  <absolute_number></absolute_number>
  <filename>episodes/258616/4500766.jpg</filename>
  <lastupdated>1361998345</lastupdated>
  <seasonid>492458</seasonid>
  <seriesid>258616</seriesid>
</Episode>
<Episode>
  <id>4502152</id>
  <Combined_episodenumber>18</Combined_episodenumber>
  <Combined_season>1</Combined_season>
  <DVD_chapter></DVD_chapter>
  <DVD_discid></DVD_discid>
  <DVD_episodenumber></DVD_episodenumber>
  <DVD_season></DVD_season>
  <Director></Director>
  <EpImgFlag>2</EpImgFlag>
  <EpisodeName>Double Down</EpisodeName>
  <EpisodeNumber>18</EpisodeNumber>
  <FirstAired>2013-03-05</FirstAired>
  <GuestStars></GuestStars>
  <IMDB_ID></IMDB_ID>
  <Language>en</Language>
  <Overview>Ryan, still pained from the breakup with Simone, backslides into his old gambling habit, though sternly warned by Lauren to steer clear. But when he receives the life insurance check for his deceased wife, it’s more than he can bear and he starts making bets on anything and everything. Meanwhile Anne meets a stunning, young bookstore clerk, Brittney, (Annie Heise) who turns out to be all beauty and no brains.</Overview>
  <ProductionCode></ProductionCode>
  <Rating>7.7</Rating>
  <RatingCount>15</RatingCount>
  <SeasonNumber>1</SeasonNumber>
  <Writer></Writer>
  <absolute_number></absolute_number>
  <filename>episodes/258616/4502152.jpg</filename>
  <lastupdated>1365137459</lastupdated>
  <seasonid>492458</seasonid>
  <seriesid>258616</seriesid>
</Episode>
<Episode>
  <id>4502153</id>
  <Combined_episodenumber>19</Combined_episodenumber>
  <Combined_season>1</Combined_season>
  <DVD_chapter></DVD_chapter>
  <DVD_discid></DVD_discid>
  <DVD_episodenumber></DVD_episodenumber>
  <DVD_season></DVD_season>
  <Director></Director>
  <EpImgFlag>2</EpImgFlag>
  <EpisodeName>Go For the Gold Watch</EpisodeName>
  <EpisodeNumber>19</EpisodeNumber>
  <FirstAired>2013-03-19</FirstAired>
  <GuestStars></GuestStars>
  <IMDB_ID></IMDB_ID>
  <Language>en</Language>
  <Overview>Although his radio show is tops in the ratings, Ryan still can't find personal happiness. He pursues inner peace by trying to romantically connect Danny and Sonia, but she has eyes for someone else. Elsewhere, Owen and Anne explore quirky Mr. K's house.</Overview>
  <ProductionCode></ProductionCode>
  <Rating>7.5</Rating>
  <RatingCount>14</RatingCount>
  <SeasonNumber>1</SeasonNumber>
  <Writer></Writer>
  <absolute_number></absolute_number>
  <filename>episodes/258616/4502153.jpg</filename>
  <lastupdated>1364412950</lastupdated>
  <seasonid>492458</seasonid>
  <seriesid>258616</seriesid>
</Episode>
<Episode>
  <id>4502154</id>
  <Combined_episodenumber>20</Combined_episodenumber>
  <Combined_season>1</Combined_season>
  <DVD_chapter></DVD_chapter>
  <DVD_discid></DVD_discid>
  <DVD_episodenumber></DVD_episodenumber>
  <DVD_season></DVD_season>
  <Director></Director>
  <EpImgFlag>2</EpImgFlag>
  <EpisodeName>Matchup Problems</EpisodeName>
  <EpisodeNumber>20</EpisodeNumber>
  <FirstAired>2013-03-26</FirstAired>
  <GuestStars></GuestStars>
  <IMDB_ID></IMDB_ID>
  <Language>en</Language>
  <Overview>Ryan dates a recent widow (Courteney Cox). Serving as his &quot;wingman&quot; is Anne, who ends up competing against Ryan for the widow's attentions. Elsewhere, Lauren unwittingly lures a man away from Yolanda.</Overview>
  <ProductionCode></ProductionCode>
  <Rating>7.5</Rating>
  <RatingCount>15</RatingCount>
  <SeasonNumber>1</SeasonNumber>
  <Writer></Writer>
  <absolute_number></absolute_number>
  <filename>episodes/258616/4502154.jpg</filename>
  <lastupdated>1365267817</lastupdated>
  <seasonid>492458</seasonid>
  <seriesid>258616</seriesid>
</Episode>
<Episode>
  <id>4502155</id>
  <Combined_episodenumber>21</Combined_episodenumber>
  <Combined_season>1</Combined_season>
  <DVD_chapter></DVD_chapter>
  <DVD_discid></DVD_discid>
  <DVD_episodenumber></DVD_episodenumber>
  <DVD_season></DVD_season>
  <Director></Director>
  <EpImgFlag>2</EpImgFlag>
  <EpisodeName>Fast Breakup</EpisodeName>
  <EpisodeNumber>21</EpisodeNumber>
  <FirstAired>2013-04-04</FirstAired>
  <GuestStars></GuestStars>
  <IMDB_ID></IMDB_ID>
  <Language>en</Language>
  <Overview>Ryan finds a new rival in the K-Ball Mascot. Also, Ryan is unsure how to handle a flirty, drunk-dial call from his secretary Carrie (Allison Miller). In a strange role reversal, Ryan becomes counselor to Lauren in her confused love life while the group prepares a bachelorette party that will never be.</Overview>
  <ProductionCode></ProductionCode>
  <Rating>7.6</Rating>
  <RatingCount>14</RatingCount>
  <SeasonNumber>1</SeasonNumber>
  <Writer></Writer>
  <absolute_number></absolute_number>
  <filename>episodes/258616/4502155.jpg</filename>
  <lastupdated>1365267928</lastupdated>
  <seasonid>492458</seasonid>
  <seriesid>258616</seriesid>
</Episode>
<Episode>
  <id>4502156</id>
  <Combined_episodenumber>22</Combined_episodenumber>
  <Combined_season>1</Combined_season>
  <DVD_chapter></DVD_chapter>
  <DVD_discid></DVD_discid>
  <DVD_episodenumber></DVD_episodenumber>
  <DVD_season></DVD_season>
  <Director></Director>
  <EpImgFlag>2</EpImgFlag>
  <EpisodeName>Urn-ed Run</EpisodeName>
  <EpisodeNumber>22</EpisodeNumber>
  <FirstAired>2013-04-11</FirstAired>
  <GuestStars></GuestStars>
  <IMDB_ID></IMDB_ID>
  <Language>en</Language>
  <Overview>Worried that his career is in shambles, Ryan travels to New York with Steven to interview as host of a national show, set up for him by Anne. Meanwhile, the group grumbles they're getting nothing out of their sessions and blame Lauren to such an extent that Yolanda and Sonia make up a big problem for her to fix. When both plans crash, the group finds renewed strength from their failures. 
</Overview>
  <ProductionCode></ProductionCode>
  <Rating></Rating>
  <RatingCount>0</RatingCount>
  <SeasonNumber>1</SeasonNumber>
  <Writer></Writer>
  <absolute_number></absolute_number>
  <filename>episodes/258616/4502156.jpg</filename>
  <lastupdated>1365361884</lastupdated>
  <seasonid>492458</seasonid>
  <seriesid>258616</seriesid>
</Episode>
</Data>