<?xml version="1.0" encoding="UTF-8" ?>
<Actors>
<Actor>
  <id>285677</id>
  <Image>actors/285677.jpg</Image>
  <Name>Becki Newton</Name>
  <Role>Annie</Role>
  <SortOrder>0</SortOrder>
</Actor>
<Actor>
  <id>285674</id>
  <Image>actors/285674.jpg</Image>
  <Name>Greg Grunberg</Name>
  <Role>Judd</Role>
  <SortOrder>1</SortOrder>
</Actor>
<Actor>
  <id>285676</id>
  <Image>actors/285676.jpg</Image>
  <Name>Constance Zimmer</Name>
  <Role>Colleen</Role>
  <SortOrder>2</SortOrder>
</Actor>
<Actor>
  <id>286309</id>
  <Image>actors/286309.jpg</Image>
  <Name>Steve Talley</Name>
  <Role>Dan</Role>
  <SortOrder>3</SortOrder>
</Actor>
<Actor>
  <id>285678</id>
  <Image>actors/285678.jpg</Image>
  <Name>Michelle Trachtenberg</Name>
  <Role>Jodie</Role>
  <SortOrder>3</SortOrder>
</Actor>
<Actor>
  <id>285675</id>
  <Image>actors/285675.jpg</Image>
  <Name>Lindsay Price</Name>
  <Role>Liz</Role>
  <SortOrder>3</SortOrder>
</Actor>
</Actors>