<?xml version="1.0" encoding="UTF-8" ?>
<Banners>
<Banner>
  <id>894668</id>
  <BannerPath>fanart/original/163551-4.jpg</BannerPath>
  <BannerType>fanart</BannerType>
  <BannerType2>1280x720</BannerType2>
  <Colors></Colors>
  <Language>en</Language>
  <Rating>10.0000</Rating>
  <RatingCount>1</RatingCount>
  <SeriesName>true</SeriesName>
  <ThumbnailPath>_cache/fanart/original/163551-4.jpg</ThumbnailPath>
  <VignettePath>fanart/vignette/163551-4.jpg</VignettePath>
</Banner>
<Banner>
  <id>863306</id>
  <BannerPath>fanart/original/163551-1.jpg</BannerPath>
  <BannerType>fanart</BannerType>
  <BannerType2>1280x720</BannerType2>
  <Colors></Colors>
  <Language>en</Language>
  <Rating>6.0000</Rating>
  <RatingCount>3</RatingCount>
  <SeriesName>false</SeriesName>
  <ThumbnailPath>_cache/fanart/original/163551-1.jpg</ThumbnailPath>
  <VignettePath>fanart/vignette/163551-1.jpg</VignettePath>
</Banner>
<Banner>
  <id>864286</id>
  <BannerPath>fanart/original/163551-2.jpg</BannerPath>
  <BannerType>fanart</BannerType>
  <BannerType2>1920x1080</BannerType2>
  <Colors></Colors>
  <Language>de</Language>
  <Rating>6.0000</Rating>
  <RatingCount>2</RatingCount>
  <SeriesName>false</SeriesName>
  <ThumbnailPath>_cache/fanart/original/163551-2.jpg</ThumbnailPath>
  <VignettePath>fanart/vignette/163551-2.jpg</VignettePath>
</Banner>
<Banner>
  <id>864287</id>
  <BannerPath>fanart/original/163551-3.jpg</BannerPath>
  <BannerType>fanart</BannerType>
  <BannerType2>1920x1080</BannerType2>
  <Colors></Colors>
  <Language>de</Language>
  <Rating></Rating>
  <RatingCount>0</RatingCount>
  <SeriesName>false</SeriesName>
  <ThumbnailPath>_cache/fanart/original/163551-3.jpg</ThumbnailPath>
  <VignettePath>fanart/vignette/163551-3.jpg</VignettePath>
</Banner>
<Banner>
  <id>894666</id>
  <BannerPath>posters/163551-3.jpg</BannerPath>
  <BannerType>poster</BannerType>
  <BannerType2>680x1000</BannerType2>
  <Language>en</Language>
  <Rating>10.0000</Rating>
  <RatingCount>2</RatingCount>
</Banner>
<Banner>
  <id>864285</id>
  <BannerPath>posters/163551-1.jpg</BannerPath>
  <BannerType>poster</BannerType>
  <BannerType2>680x1000</BannerType2>
  <Language>en</Language>
  <Rating>8.6000</Rating>
  <RatingCount>5</RatingCount>
</Banner>
<Banner>
  <id>863327</id>
  <BannerPath>posters/163551-2.jpg</BannerPath>
  <BannerType>poster</BannerType>
  <BannerType2>680x1000</BannerType2>
  <Language>en</Language>
  <Rating>3.0000</Rating>
  <RatingCount>6</RatingCount>
</Banner>
<Banner>
  <id>878136</id>
  <BannerPath>seasons/163551-1.jpg</BannerPath>
  <BannerType>season</BannerType>
  <BannerType2>season</BannerType2>
  <Language>en</Language>
  <Rating></Rating>
  <RatingCount>0</RatingCount>
  <Season>1</Season>
</Banner>
<Banner>
  <id>894667</id>
  <BannerPath>graphical/163551-g4.jpg</BannerPath>
  <BannerType>series</BannerType>
  <BannerType2>graphical</BannerType2>
  <Language>en</Language>
  <Rating>10.0000</Rating>
  <RatingCount>1</RatingCount>
</Banner>
<Banner>
  <id>862425</id>
  <BannerPath>graphical/163551-g.jpg</BannerPath>
  <BannerType>series</BannerType>
  <BannerType2>graphical</BannerType2>
  <Language>en</Language>
  <Rating>8.3333</Rating>
  <RatingCount>3</RatingCount>
</Banner>
<Banner>
  <id>864284</id>
  <BannerPath>graphical/163551-g3.jpg</BannerPath>
  <BannerType>series</BannerType>
  <BannerType2>graphical</BannerType2>
  <Language>en</Language>
  <Rating>7.0000</Rating>
  <RatingCount>2</RatingCount>
</Banner>
<Banner>
  <id>864283</id>
  <BannerPath>graphical/163551-g2.jpg</BannerPath>
  <BannerType>series</BannerType>
  <BannerType2>graphical</BannerType2>
  <Language>en</Language>
  <Rating>5.5000</Rating>
  <RatingCount>2</RatingCount>
</Banner>
</Banners>