<?xml version="1.0" encoding="UTF-8" ?>
<Data><Series>
  <id>163551</id>
  <Actors>|Becki Newton|Greg Grunberg|Constance Zimmer|Steve Talley|Michelle Trachtenberg|Lindsay Price|</Actors>
  <Airs_DayOfWeek>Thursday</Airs_DayOfWeek>
  <Airs_Time>10:00 PM</Airs_Time>
  <ContentRating>TV-PG</ContentRating>
  <FirstAired>2011-06-02</FirstAired>
  <Genre>|Comedy|</Genre>
  <IMDB_ID>tt1582454</IMDB_ID>
  <Language>en</Language>
  <Network>NBC</Network>
  <NetworkID></NetworkID>
  <Overview>Cindy Chupack and Working Title Films bring us a series about love, and all the crazy things it makes us do. Like pretending to be a virgin to get a guy interested. Or competing with your fiancée's favorite bedroom toy. Or actually being in the position to take advantage of the &quot;celebrity exemption list,&quot; and join the mile high club at the same time!
Irreverent and poignant, Love Bites pulls back the curtain to expose modern romance - in a way you've never seen before.</Overview>
  <Rating>6.3</Rating>
  <RatingCount>7</RatingCount>
  <Runtime>60</Runtime>
  <SeriesID>78486</SeriesID>
  <SeriesName>Love Bites (2011)</SeriesName>
  <Status>Ended</Status>
  <added>2010-05-16 13:45:26</added>
  <addedBy>6560</addedBy>
  <banner>graphical/163551-g4.jpg</banner>
  <fanart>fanart/original/163551-4.jpg</fanart>
  <lastupdated>1365279104</lastupdated>
  <poster>posters/163551-3.jpg</poster>
  <zap2it_id></zap2it_id>
</Series>
<Episode>
  <id>2922871</id>
  <Combined_episodenumber>1</Combined_episodenumber>
  <Combined_season>1</Combined_season>
  <DVD_chapter></DVD_chapter>
  <DVD_discid></DVD_discid>
  <DVD_episodenumber></DVD_episodenumber>
  <DVD_season></DVD_season>
  <Director></Director>
  <EpImgFlag>3</EpImgFlag>
  <EpisodeName>Firsts</EpisodeName>
  <EpisodeNumber>1</EpisodeNumber>
  <FirstAired>2011-06-02</FirstAired>
  <GuestStars></GuestStars>
  <IMDB_ID></IMDB_ID>
  <Language>en</Language>
  <Overview>Annie Matopoulos is a young, single woman who has taken on an incredible task - serving as a surrogate for her sister. Jealous of the attention that Annie receives while being pregnant, her friend Cassie decides she must have a &quot;story&quot; as well, and decides to masquerade as a virgin to attract a man. Meanwhile, when Carter is fired from his accounting job and comes home early, he finds his fiancée Liz in bed with a unique gift from her bachelorette party. Also, Judd Rouscher and his friend Bowman end up on a cross- country flight with Jennifer Love Hewitt, who is on Judd's &quot;celebrity exemption list,&quot; allowing him sleep with her without marital consequences. When Judd ends up actually sitting next to her, he must decide what to do with this opportunity. </Overview>
  <ProductionCode></ProductionCode>
  <Rating>7.9</Rating>
  <RatingCount>8</RatingCount>
  <SeasonNumber>1</SeasonNumber>
  <Writer></Writer>
  <absolute_number></absolute_number>
  <filename>episodes/163551/2922871.jpg</filename>
  <lastupdated>1307381685</lastupdated>
  <seasonid>329111</seasonid>
  <seriesid>163551</seriesid>
</Episode>
<Episode>
  <id>2922881</id>
  <Combined_episodenumber>2</Combined_episodenumber>
  <Combined_season>1</Combined_season>
  <DVD_chapter></DVD_chapter>
  <DVD_discid></DVD_discid>
  <DVD_episodenumber></DVD_episodenumber>
  <DVD_season></DVD_season>
  <Director></Director>
  <EpImgFlag>2</EpImgFlag>
  <EpisodeName>How To ...</EpisodeName>
  <EpisodeNumber>2</EpisodeNumber>
  <FirstAired>2011-06-09</FirstAired>
  <GuestStars></GuestStars>
  <IMDB_ID></IMDB_ID>
  <Language>en</Language>
  <Overview>Annie's friend Jodie scares a guy off by baking for him; a couple learn to embrace their gay son's relationship; a guy takes up knitting to spend time with a woman.</Overview>
  <ProductionCode></ProductionCode>
  <Rating>7.9</Rating>
  <RatingCount>7</RatingCount>
  <SeasonNumber>1</SeasonNumber>
  <Writer></Writer>
  <absolute_number></absolute_number>
  <filename>episodes/163551/2922881.jpg</filename>
  <lastupdated>1308883349</lastupdated>
  <seasonid>329111</seasonid>
  <seriesid>163551</seriesid>
</Episode>
<Episode>
  <id>2922901</id>
  <Combined_episodenumber>3</Combined_episodenumber>
  <Combined_season>1</Combined_season>
  <DVD_chapter></DVD_chapter>
  <DVD_discid></DVD_discid>
  <DVD_episodenumber></DVD_episodenumber>
  <DVD_season></DVD_season>
  <Director></Director>
  <EpImgFlag>2</EpImgFlag>
  <EpisodeName>Keep On Truckin</EpisodeName>
  <EpisodeNumber>3</EpisodeNumber>
  <FirstAired>2011-06-16</FirstAired>
  <GuestStars></GuestStars>
  <IMDB_ID></IMDB_ID>
  <Language>en</Language>
  <Overview>Judd and a colleague are in for a surprise when they crash a party; Ricky (Donald Faison) tries to avoid post-date responsibilities; Annie goes on a date with a man who is overly interested in her pregnancy.</Overview>
  <ProductionCode></ProductionCode>
  <Rating>7.4</Rating>
  <RatingCount>7</RatingCount>
  <SeasonNumber>1</SeasonNumber>
  <Writer></Writer>
  <absolute_number></absolute_number>
  <filename>episodes/163551/2922901.jpg</filename>
  <lastupdated>1362973633</lastupdated>
  <seasonid>329111</seasonid>
  <seriesid>163551</seriesid>
</Episode>
<Episode>
  <id>2922891</id>
  <Combined_episodenumber>4</Combined_episodenumber>
  <Combined_season>1</Combined_season>
  <DVD_chapter></DVD_chapter>
  <DVD_discid></DVD_discid>
  <DVD_episodenumber></DVD_episodenumber>
  <DVD_season></DVD_season>
  <Director></Director>
  <EpImgFlag>2</EpImgFlag>
  <EpisodeName>Sky High</EpisodeName>
  <EpisodeNumber>4</EpisodeNumber>
  <FirstAired>2011-06-23</FirstAired>
  <GuestStars></GuestStars>
  <IMDB_ID></IMDB_ID>
  <Language>en</Language>
  <Overview>Judd and Colleen indulge in treats from the medical marijuana store and almost miss a family event; a teenager's family tries to give him advice about the prom; an astronaut suspects his girlfriend is cheating.</Overview>
  <ProductionCode></ProductionCode>
  <Rating>8.1</Rating>
  <RatingCount>8</RatingCount>
  <SeasonNumber>1</SeasonNumber>
  <Writer></Writer>
  <absolute_number></absolute_number>
  <filename>episodes/163551/2922891.jpg</filename>
  <lastupdated>1308880834</lastupdated>
  <seasonid>329111</seasonid>
  <seriesid>163551</seriesid>
</Episode>
<Episode>
  <id>3218881</id>
  <Combined_episodenumber>5</Combined_episodenumber>
  <Combined_season>1</Combined_season>
  <DVD_chapter></DVD_chapter>
  <DVD_discid></DVD_discid>
  <DVD_episodenumber></DVD_episodenumber>
  <DVD_season></DVD_season>
  <Director></Director>
  <EpImgFlag>2</EpImgFlag>
  <EpisodeName>Stand and Deliver</EpisodeName>
  <EpisodeNumber>5</EpisodeNumber>
  <FirstAired>2011-06-30</FirstAired>
  <GuestStars></GuestStars>
  <IMDB_ID></IMDB_ID>
  <Language>en</Language>
  <Overview>A man (Beau Bridges) tries to console his son after a breakup; Colleen and Judd think they have found the perfect house; Julia Clark (Emily Rutherfurd) must choose between romance and her career.</Overview>
  <ProductionCode></ProductionCode>
  <Rating>8.0</Rating>
  <RatingCount>9</RatingCount>
  <SeasonNumber>1</SeasonNumber>
  <Writer></Writer>
  <absolute_number></absolute_number>
  <filename>episodes/163551/3218881.jpg</filename>
  <lastupdated>1310009025</lastupdated>
  <seasonid>329111</seasonid>
  <seriesid>163551</seriesid>
</Episode>
<Episode>
  <id>3218891</id>
  <Combined_episodenumber>6</Combined_episodenumber>
  <Combined_season>1</Combined_season>
  <DVD_chapter></DVD_chapter>
  <DVD_discid></DVD_discid>
  <DVD_episodenumber></DVD_episodenumber>
  <DVD_season></DVD_season>
  <Director></Director>
  <EpImgFlag>2</EpImgFlag>
  <EpisodeName>TMI</EpisodeName>
  <EpisodeNumber>6</EpisodeNumber>
  <FirstAired>2011-07-07</FirstAired>
  <GuestStars></GuestStars>
  <IMDB_ID></IMDB_ID>
  <Language>en</Language>
  <Overview>Bridget is embarrassed when her boyfriend discovers one of her secrets; Judd's niece turns to him for advice.</Overview>
  <ProductionCode></ProductionCode>
  <Rating>8.0</Rating>
  <RatingCount>9</RatingCount>
  <SeasonNumber>1</SeasonNumber>
  <Writer></Writer>
  <absolute_number></absolute_number>
  <filename>episodes/163551/3218891.jpg</filename>
  <lastupdated>1310493389</lastupdated>
  <seasonid>329111</seasonid>
  <seriesid>163551</seriesid>
</Episode>
<Episode>
  <id>3218871</id>
  <Combined_episodenumber>7</Combined_episodenumber>
  <Combined_season>1</Combined_season>
  <DVD_chapter></DVD_chapter>
  <DVD_discid></DVD_discid>
  <DVD_episodenumber></DVD_episodenumber>
  <DVD_season></DVD_season>
  <Director></Director>
  <EpImgFlag>2</EpImgFlag>
  <EpisodeName>Boys To Men</EpisodeName>
  <EpisodeNumber>7</EpisodeNumber>
  <FirstAired>2011-07-14</FirstAired>
  <GuestStars></GuestStars>
  <IMDB_ID></IMDB_ID>
  <Language>en</Language>
  <Overview>Colleen's heart-broken nephew receives an unexpected lesson in love; a flirty receptionist distracts Annie's brother-in-law</Overview>
  <ProductionCode></ProductionCode>
  <Rating>7.6</Rating>
  <RatingCount>11</RatingCount>
  <SeasonNumber>1</SeasonNumber>
  <Writer></Writer>
  <absolute_number></absolute_number>
  <filename>episodes/163551/3218871.jpg</filename>
  <lastupdated>1311568183</lastupdated>
  <seasonid>329111</seasonid>
  <seriesid>163551</seriesid>
</Episode>
<Episode>
  <id>3218861</id>
  <Combined_episodenumber>8</Combined_episodenumber>
  <Combined_season>1</Combined_season>
  <DVD_chapter></DVD_chapter>
  <DVD_discid></DVD_discid>
  <DVD_episodenumber></DVD_episodenumber>
  <DVD_season></DVD_season>
  <Director></Director>
  <EpImgFlag>2</EpImgFlag>
  <EpisodeName>Modern Plagues</EpisodeName>
  <EpisodeNumber>8</EpisodeNumber>
  <FirstAired>2011-07-21</FirstAired>
  <GuestStars></GuestStars>
  <IMDB_ID></IMDB_ID>
  <Language>en</Language>
  <Overview>Newly shacked-up couple Jodie and Charlie realize they have bedbugs; Judd gives his neighbor the Heimlich maneuver; a guy who helped Annie out of a date once considers leaving his girlfriend for a chance with her.</Overview>
  <ProductionCode></ProductionCode>
  <Rating>7.4</Rating>
  <RatingCount>8</RatingCount>
  <SeasonNumber>1</SeasonNumber>
  <Writer></Writer>
  <absolute_number></absolute_number>
  <filename>episodes/163551/3218861.jpg</filename>
  <lastupdated>1362974297</lastupdated>
  <seasonid>329111</seasonid>
  <seriesid>163551</seriesid>
</Episode>
</Data>