<?xml version="1.0" encoding="UTF-8" ?>
<Actors>
<Actor>
  <id>29084</id>
  <Image>actors/29084.jpg</Image>
  <Name>Mike Judge</Name>
  <Role>Hank Hill|Boomhauer</Role>
  <SortOrder>0</SortOrder>
</Actor>
<Actor>
  <id>29090</id>
  <Image>actors/29090.jpg</Image>
  <Name>Kathy Najimy</Name>
  <Role>Peggy Hill</Role>
  <SortOrder>1</SortOrder>
</Actor>
<Actor>
  <id>29089</id>
  <Image>actors/29089.jpg</Image>
  <Name>Pamela Segall</Name>
  <Role>Bobby Hill</Role>
  <SortOrder>1</SortOrder>
</Actor>
<Actor>
  <id>29092</id>
  <Image>actors/29092.jpg</Image>
  <Name>Johnny Hardwick</Name>
  <Role>Dale Gribble</Role>
  <SortOrder>2</SortOrder>
</Actor>
<Actor>
  <id>29083</id>
  <Image>actors/29083.jpg</Image>
  <Name>Brittany Murphy</Name>
  <Role>Luanne Platter|Joseph Gribble</Role>
  <SortOrder>2</SortOrder>
</Actor>
<Actor>
  <id>29091</id>
  <Image>actors/29091.jpg</Image>
  <Name>David Herman</Name>
  <Role>Jimmy Whichard|Buckley</Role>
  <SortOrder>3</SortOrder>
</Actor>
<Actor>
  <id>29088</id>
  <Image>actors/29088.jpg</Image>
  <Name>Breckin Meyer</Name>
  <Role>Joseph Gribble</Role>
  <SortOrder>3</SortOrder>
</Actor>
<Actor>
  <id>29087</id>
  <Image>actors/29087.jpg</Image>
  <Name>Jonathan Joss</Name>
  <Role>John Redcorn</Role>
  <SortOrder>3</SortOrder>
</Actor>
<Actor>
  <id>29086</id>
  <Image>actors/29086.jpg</Image>
  <Name>Stephen Root</Name>
  <Role>Bill Dauterive|Buck Strickland</Role>
  <SortOrder>3</SortOrder>
</Actor>
<Actor>
  <id>29085</id>
  <Image>actors/29085.jpg</Image>
  <Name>Lauren Tom</Name>
  <Role>Connie Souphanousinphone|Minh Souphanousinphone</Role>
  <SortOrder>3</SortOrder>
</Actor>
<Actor>
  <id>29082</id>
  <Image>actors/29082.jpg</Image>
  <Name>Ashley Gardner</Name>
  <Role>Nancy Gribble|Didi Hill</Role>
  <SortOrder>3</SortOrder>
</Actor>
<Actor>
  <id>29081</id>
  <Image>actors/29081.jpg</Image>
  <Name>Toby Huss</Name>
  <Role>Cotton Hill|Kahn Souphanousinphone|Joe Jack</Role>
  <SortOrder>3</SortOrder>
</Actor>
</Actors>