<?xml version="1.0" encoding="UTF-8" ?>
<Banners>
<Banner>
  <id>822551</id>
  <BannerPath>fanart/original/197001-2.jpg</BannerPath>
  <BannerType>fanart</BannerType>
  <BannerType2>1280x720</BannerType2>
  <Colors>|71,51,42|0,0,0|221,189,210|</Colors>
  <Language>en</Language>
  <Rating>10.0000</Rating>
  <RatingCount>3</RatingCount>
  <SeriesName>false</SeriesName>
  <ThumbnailPath>_cache/fanart/original/197001-2.jpg</ThumbnailPath>
  <VignettePath>fanart/vignette/197001-2.jpg</VignettePath>
</Banner>
<Banner>
  <id>638391</id>
  <BannerPath>fanart/original/197001-1.jpg</BannerPath>
  <BannerType>fanart</BannerType>
  <BannerType2>1280x720</BannerType2>
  <Colors></Colors>
  <Language>en</Language>
  <Rating>8.0000</Rating>
  <RatingCount>1</RatingCount>
  <SeriesName>false</SeriesName>
  <ThumbnailPath>_cache/fanart/original/197001-1.jpg</ThumbnailPath>
  <VignettePath>fanart/vignette/197001-1.jpg</VignettePath>
</Banner>
<Banner>
  <id>910654</id>
  <BannerPath>posters/197001-1.jpg</BannerPath>
  <BannerType>poster</BannerType>
  <BannerType2>680x1000</BannerType2>
  <Language>en</Language>
  <Rating>10.0000</Rating>
  <RatingCount>1</RatingCount>
</Banner>
<Banner>
  <id>857026</id>
  <BannerPath>posters/197001-2.jpg</BannerPath>
  <BannerType>poster</BannerType>
  <BannerType2>680x1000</BannerType2>
  <Language>en</Language>
  <Rating>10.0000</Rating>
  <RatingCount>1</RatingCount>
</Banner>
<Banner>
  <id>867382</id>
  <BannerPath>seasons/197001-1.jpg</BannerPath>
  <BannerType>season</BannerType>
  <BannerType2>season</BannerType2>
  <Language>ru</Language>
  <Rating></Rating>
  <RatingCount>0</RatingCount>
  <Season>1</Season>
</Banner>
<Banner>
  <id>794221</id>
  <BannerPath>graphical/197001-g2.jpg</BannerPath>
  <BannerType>series</BannerType>
  <BannerType2>graphical</BannerType2>
  <Language>en</Language>
  <Rating>7.0000</Rating>
  <RatingCount>1</RatingCount>
</Banner>
</Banners>