<?xml version="1.0" encoding="UTF-8" ?>
<Data><Series>
  <id>197001</id>
  <Actors>||</Actors>
  <Airs_DayOfWeek></Airs_DayOfWeek>
  <Airs_Time></Airs_Time>
  <ContentRating>TV-14</ContentRating>
  <FirstAired>2011-02-23</FirstAired>
  <Genre>|Animation|Fantasy|</Genre>
  <IMDB_ID>tt1679482</IMDB_ID>
  <Language>en</Language>
  <Network>The CW</Network>
  <NetworkID></NetworkID>
  <Overview>Supernatural the Animation will not only remake the best episodes from the live-action version, but also depict original episodes. These original episodes will include prologues of the Winchester brothers’ childhood, anime-only enemies, and episodes featuring secondary characters from the original series.</Overview>
  <Rating>9.0</Rating>
  <RatingCount>2</RatingCount>
  <Runtime>25</Runtime>
  <SeriesID></SeriesID>
  <SeriesName>Supernatural the Animation</SeriesName>
  <Status>Ended</Status>
  <added>2010-10-11 12:46:56</added>
  <addedBy>39061</addedBy>
  <banner>graphical/197001-g2.jpg</banner>
  <fanart>fanart/original/197001-2.jpg</fanart>
  <lastupdated>1363335374</lastupdated>
  <poster>posters/197001-1.jpg</poster>
  <zap2it_id></zap2it_id>
</Series>
<Episode>
  <id>3807251</id>
  <Combined_episodenumber>1.0</Combined_episodenumber>
  <Combined_season>1</Combined_season>
  <DVD_chapter></DVD_chapter>
  <DVD_discid></DVD_discid>
  <DVD_episodenumber>1.0</DVD_episodenumber>
  <DVD_season>1</DVD_season>
  <Director></Director>
  <EpImgFlag>2</EpImgFlag>
  <EpisodeName>The Alter Ego</EpisodeName>
  <EpisodeNumber>1</EpisodeNumber>
  <FirstAired>2011-01-12</FirstAired>
  <GuestStars></GuestStars>
  <IMDB_ID></IMDB_ID>
  <Language>en</Language>
  <Overview>While looking for their father who has disappeared, demon hunters Sam and Dean start to investigate a bizarre string of murders in which husbands are being accused of killing their wives. The brothers head to a town in Missouri. While the suspects are the husbands and there's evidence that supports that they did it, all of them insist that they are innocent. Sam and Dean think that it might be the doing of their ikiryou (from Japanese mythology - a vengeful manifestation of part of a living person's soul) and start the investigation, however...</Overview>
  <ProductionCode></ProductionCode>
  <Rating>6.8</Rating>
  <RatingCount>5</RatingCount>
  <SeasonNumber>1</SeasonNumber>
  <Writer></Writer>
  <absolute_number>1</absolute_number>
  <filename>episodes/197001/3807251.jpg</filename>
  <lastupdated>1340494730</lastupdated>
  <seasonid>333631</seasonid>
  <seriesid>197001</seriesid>
</Episode>
<Episode>
  <id>3807261</id>
  <Combined_episodenumber>2.0</Combined_episodenumber>
  <Combined_season>1</Combined_season>
  <DVD_chapter></DVD_chapter>
  <DVD_discid></DVD_discid>
  <DVD_episodenumber>2.0</DVD_episodenumber>
  <DVD_season>1</DVD_season>
  <Director></Director>
  <EpImgFlag>2</EpImgFlag>
  <EpisodeName>Roadkill</EpisodeName>
  <EpisodeNumber>2</EpisodeNumber>
  <FirstAired>2011-01-12</FirstAired>
  <GuestStars></GuestStars>
  <IMDB_ID></IMDB_ID>
  <Language>en</Language>
  <Overview>A couple gets into a car accident on a mountain road. When the wife, Molly, comes around, she can't find her husband anywhere and wanders about the forest where someone attacks her. By chance, Sam and Dean happen to pass by and she asks them for help. However, they are in the middle of investigating a ghost phenomenon which happened near the place of the accident.
</Overview>
  <ProductionCode></ProductionCode>
  <Rating>7.5</Rating>
  <RatingCount>2</RatingCount>
  <SeasonNumber>1</SeasonNumber>
  <Writer></Writer>
  <absolute_number>2</absolute_number>
  <filename>episodes/197001/3807261.jpg</filename>
  <lastupdated>1340494705</lastupdated>
  <seasonid>333631</seasonid>
  <seriesid>197001</seriesid>
</Episode>
<Episode>
  <id>3807271</id>
  <Combined_episodenumber>3.0</Combined_episodenumber>
  <Combined_season>1</Combined_season>
  <DVD_chapter></DVD_chapter>
  <DVD_discid></DVD_discid>
  <DVD_episodenumber>3.0</DVD_episodenumber>
  <DVD_season>1</DVD_season>
  <Director></Director>
  <EpImgFlag>2</EpImgFlag>
  <EpisodeName>Home</EpisodeName>
  <EpisodeNumber>3</EpisodeNumber>
  <FirstAired>2011-02-02</FirstAired>
  <GuestStars></GuestStars>
  <IMDB_ID></IMDB_ID>
  <Language>en</Language>
  <Overview>Guided by Sam's vision, Sam and Dean return to the house where they spent their childhood. A mother and her child are being tormented by a mysterious phenomenon. The brothers think that it may be the doing of an evil spirit, so in order to find some clues they visit Missouri, a spirit medium who was close to their father. With the help of Missouri they succeed at exorcising the evil spirit. However, on the same night the mother and her child are once again attacked by a violent poltergeist phenomenon...</Overview>
  <ProductionCode></ProductionCode>
  <Rating>7.5</Rating>
  <RatingCount>2</RatingCount>
  <SeasonNumber>1</SeasonNumber>
  <Writer></Writer>
  <absolute_number>3</absolute_number>
  <filename>episodes/197001/3807271.jpg</filename>
  <lastupdated>1340494792</lastupdated>
  <seasonid>333631</seasonid>
  <seriesid>197001</seriesid>
</Episode>
<Episode>
  <id>3807281</id>
  <Combined_episodenumber>4.0</Combined_episodenumber>
  <Combined_season>1</Combined_season>
  <DVD_chapter></DVD_chapter>
  <DVD_discid></DVD_discid>
  <DVD_episodenumber>4.0</DVD_episodenumber>
  <DVD_season>1</DVD_season>
  <Director></Director>
  <EpImgFlag>2</EpImgFlag>
  <EpisodeName>Ghost on the Highway</EpisodeName>
  <EpisodeNumber>4</EpisodeNumber>
  <FirstAired>2011-02-02</FirstAired>
  <GuestStars></GuestStars>
  <IMDB_ID></IMDB_ID>
  <Language>en</Language>
  <Overview>Sam and Dean were traveling in the Impala in the suburbs of New Orleans, when suddenly a police car starts chasing them. They are accused of being involved in a hit-and-run accident and causing a rear-end collision. The police arrest them without listening to their side of the story, but they are saved by Michael, the police chief's little brother and the vice-police chief, and are able to escape from the jail. However, hearing Michael mutter &quot;the criminal might not be a human&quot; piques their interest, so they decide to get in touch with him, but...
</Overview>
  <ProductionCode></ProductionCode>
  <Rating>8.0</Rating>
  <RatingCount>2</RatingCount>
  <SeasonNumber>1</SeasonNumber>
  <Writer></Writer>
  <absolute_number>4</absolute_number>
  <filename>episodes/197001/3807281.jpg</filename>
  <lastupdated>1340494823</lastupdated>
  <seasonid>333631</seasonid>
  <seriesid>197001</seriesid>
</Episode>
<Episode>
  <id>3807291</id>
  <Combined_episodenumber>5.0</Combined_episodenumber>
  <Combined_season>1</Combined_season>
  <DVD_chapter></DVD_chapter>
  <DVD_discid></DVD_discid>
  <DVD_episodenumber>5.0</DVD_episodenumber>
  <DVD_season>1</DVD_season>
  <Director></Director>
  <EpImgFlag>2</EpImgFlag>
  <EpisodeName>Savage Blood</EpisodeName>
  <EpisodeNumber>5</EpisodeNumber>
  <FirstAired>2011-02-02</FirstAired>
  <GuestStars></GuestStars>
  <IMDB_ID></IMDB_ID>
  <Language>en</Language>
  <Overview>In a rural town a strange incident keeps occurring. Cows are being killed and their blood, sucked out. Hearing this, Sam and Dean decide to check it out. There, Dean meets a small boy named Ryan, who is being bullied. Dean sees his past self in Ryan and decides to teach him martial arts. In the meantime, Sam notices Jason, a coldhearted vampire hunter, and decides to keep an eye on him, but...</Overview>
  <ProductionCode></ProductionCode>
  <Rating>7.0</Rating>
  <RatingCount>1</RatingCount>
  <SeasonNumber>1</SeasonNumber>
  <Writer></Writer>
  <absolute_number>5</absolute_number>
  <filename>episodes/197001/3807291.jpg</filename>
  <lastupdated>1340494858</lastupdated>
  <seasonid>333631</seasonid>
  <seriesid>197001</seriesid>
</Episode>
<Episode>
  <id>3807301</id>
  <Combined_episodenumber>6.0</Combined_episodenumber>
  <Combined_season>1</Combined_season>
  <DVD_chapter></DVD_chapter>
  <DVD_discid></DVD_discid>
  <DVD_episodenumber>6.0</DVD_episodenumber>
  <DVD_season>1</DVD_season>
  <Director></Director>
  <EpImgFlag>2</EpImgFlag>
  <EpisodeName>Till Death Do Us Part</EpisodeName>
  <EpisodeNumber>6</EpisodeNumber>
  <FirstAired>2011-02-02</FirstAired>
  <GuestStars></GuestStars>
  <IMDB_ID></IMDB_ID>
  <Language>en</Language>
  <Overview>Three years ago, Sam said farewell to his life as a hunter with his brother, Dean, and his father, John, and went to a university to study law. There he met a girl named Jessica, who would later become his girlfriend. During that time, a mysterious incident happens to two of Jessica's friends: they die after bleeding from their eyes. The demon's hand draw's near Jessica's back, too. Meanwhile, as hunters, Dean and John are investigating the same incident.</Overview>
  <ProductionCode></ProductionCode>
  <Rating>8.0</Rating>
  <RatingCount>1</RatingCount>
  <SeasonNumber>1</SeasonNumber>
  <Writer></Writer>
  <absolute_number>6</absolute_number>
  <filename>episodes/197001/3807301.jpg</filename>
  <lastupdated>1340494896</lastupdated>
  <seasonid>333631</seasonid>
  <seriesid>197001</seriesid>
</Episode>
<Episode>
  <id>4013491</id>
  <Combined_episodenumber>7.0</Combined_episodenumber>
  <Combined_season>1</Combined_season>
  <DVD_chapter></DVD_chapter>
  <DVD_discid></DVD_discid>
  <DVD_episodenumber>7.0</DVD_episodenumber>
  <DVD_season>1</DVD_season>
  <Director></Director>
  <EpImgFlag>2</EpImgFlag>
  <EpisodeName>Temptation of the Demon</EpisodeName>
  <EpisodeNumber>7</EpisodeNumber>
  <FirstAired>2011-02-02</FirstAired>
  <GuestStars></GuestStars>
  <IMDB_ID></IMDB_ID>
  <Language>en</Language>
  <Overview>Sam and Dean get a call from Bobby, a hunter friend of theirs, who tells them that he found some clues about their missing father. They meet up with Bobby whom they haven't seen for several years and he tells them about the mysterious death of Henderson, a hunter and friend of their father's when he was in the Marine Corps. Using the clues, the three of them start investigating who the criminal is and they soon discover that it's the same &quot;demon&quot; who killed their loved ones.</Overview>
  <ProductionCode></ProductionCode>
  <Rating>8.0</Rating>
  <RatingCount>1</RatingCount>
  <SeasonNumber>1</SeasonNumber>
  <Writer></Writer>
  <absolute_number>7</absolute_number>
  <filename>episodes/197001/4013491.jpg</filename>
  <lastupdated>1340494931</lastupdated>
  <seasonid>333631</seasonid>
  <seriesid>197001</seriesid>
</Episode>
<Episode>
  <id>4013501</id>
  <Combined_episodenumber>8.0</Combined_episodenumber>
  <Combined_season>1</Combined_season>
  <DVD_chapter></DVD_chapter>
  <DVD_discid></DVD_discid>
  <DVD_episodenumber>8.0</DVD_episodenumber>
  <DVD_season>1</DVD_season>
  <Director></Director>
  <EpImgFlag>2</EpImgFlag>
  <EpisodeName>Everlasting Love</EpisodeName>
  <EpisodeNumber>8</EpisodeNumber>
  <FirstAired>2011-02-02</FirstAired>
  <GuestStars></GuestStars>
  <IMDB_ID></IMDB_ID>
  <Language>en</Language>
  <Overview>In the suburbs of Chicago, young females with blond hair and blue eyes are being targeted in a string of murders. Sam and Dean think that it may be connected to demon worshiping and during the investigation, find out that every 15 years over the past 50 there have been similar murder cases in various places. The case becomes even more mysterious when on the latest crime scene fingerprints are found of a woman who died in a car accident 50 years ago. In order to find out the truth, the brothers visit the husband of the woman, Richard, but...</Overview>
  <ProductionCode></ProductionCode>
  <Rating>8.0</Rating>
  <RatingCount>1</RatingCount>
  <SeasonNumber>1</SeasonNumber>
  <Writer></Writer>
  <absolute_number>8</absolute_number>
  <filename>episodes/197001/4013501.jpg</filename>
  <lastupdated>1340494959</lastupdated>
  <seasonid>333631</seasonid>
  <seriesid>197001</seriesid>
</Episode>
<Episode>
  <id>4013511</id>
  <Combined_episodenumber>9.0</Combined_episodenumber>
  <Combined_season>1</Combined_season>
  <DVD_chapter></DVD_chapter>
  <DVD_discid></DVD_discid>
  <DVD_episodenumber>9.0</DVD_episodenumber>
  <DVD_season>1</DVD_season>
  <Director></Director>
  <EpImgFlag>2</EpImgFlag>
  <EpisodeName>The Spirit of Vegas</EpisodeName>
  <EpisodeNumber>9</EpisodeNumber>
  <FirstAired>2011-02-02</FirstAired>
  <GuestStars></GuestStars>
  <IMDB_ID></IMDB_ID>
  <Language>en</Language>
  <Overview>While Sam and Dean are in Las Vegas trying to &quot;earn some money&quot;, a chandelier falls down and kills the dealer right in front of their eyes. Since then, Dean is met with misfortune after misfortune. It turns out that Dean has been cursed by the God of Poverty, a Japanese god who is said to get attached to a human and cause him/her misfortune until their death. Can the brothers run away from the growing number of misfortunes?</Overview>
  <ProductionCode></ProductionCode>
  <Rating>8.0</Rating>
  <RatingCount>1</RatingCount>
  <SeasonNumber>1</SeasonNumber>
  <Writer></Writer>
  <absolute_number>9</absolute_number>
  <filename>episodes/197001/4013511.jpg</filename>
  <lastupdated>1340494988</lastupdated>
  <seasonid>333631</seasonid>
  <seriesid>197001</seriesid>
</Episode>
<Episode>
  <id>4013521</id>
  <Combined_episodenumber>10.0</Combined_episodenumber>
  <Combined_season>1</Combined_season>
  <DVD_chapter></DVD_chapter>
  <DVD_discid></DVD_discid>
  <DVD_episodenumber>10.0</DVD_episodenumber>
  <DVD_season>1</DVD_season>
  <Director></Director>
  <EpImgFlag>2</EpImgFlag>
  <EpisodeName>Moonlight</EpisodeName>
  <EpisodeNumber>10</EpisodeNumber>
  <FirstAired>2011-02-02</FirstAired>
  <GuestStars></GuestStars>
  <IMDB_ID></IMDB_ID>
  <Language>en</Language>
  <Overview>Before the night of the full moon, prostitutes are being bitten to death by wild dogs, but this time a male lawyer was killed. Sam and Dean think that it may be connected to the werewolf legends and visit the victim's subordinate, Madison. Madison takes the place of Sam's now dead girlfriend in his heart and he decides to protect her, but she has a horrible secret.</Overview>
  <ProductionCode></ProductionCode>
  <Rating></Rating>
  <RatingCount>0</RatingCount>
  <SeasonNumber>1</SeasonNumber>
  <Writer></Writer>
  <absolute_number>10</absolute_number>
  <filename>episodes/197001/4013521.jpg</filename>
  <lastupdated>1340495045</lastupdated>
  <seasonid>333631</seasonid>
  <seriesid>197001</seriesid>
</Episode>
<Episode>
  <id>4013531</id>
  <Combined_episodenumber>11.0</Combined_episodenumber>
  <Combined_season>1</Combined_season>
  <DVD_chapter></DVD_chapter>
  <DVD_discid></DVD_discid>
  <DVD_episodenumber>11.0</DVD_episodenumber>
  <DVD_season>1</DVD_season>
  <Director></Director>
  <EpImgFlag>2</EpImgFlag>
  <EpisodeName>Nightmare</EpisodeName>
  <EpisodeNumber>11</EpisodeNumber>
  <FirstAired>2011-02-02</FirstAired>
  <GuestStars></GuestStars>
  <IMDB_ID></IMDB_ID>
  <Language>en</Language>
  <Overview>Sam has a precognitive dream about a man dying and goes with Dean to a certain bar, but right before reaching him the man is attacked and loses his life. They are convinced that it was the doing of an evil spirit and visit the man's house. They meet his son, Max, and Sam feels like he has more than a simple connection to him. However, even though Max says that &quot;they were very happy&quot;, the family seems to have a hidden secret.</Overview>
  <ProductionCode></ProductionCode>
  <Rating></Rating>
  <RatingCount>0</RatingCount>
  <SeasonNumber>1</SeasonNumber>
  <Writer></Writer>
  <absolute_number>11</absolute_number>
  <filename>episodes/197001/4013531.jpg</filename>
  <lastupdated>1340495097</lastupdated>
  <seasonid>333631</seasonid>
  <seriesid>197001</seriesid>
</Episode>
<Episode>
  <id>4013541</id>
  <Combined_episodenumber>12.0</Combined_episodenumber>
  <Combined_season>1</Combined_season>
  <DVD_chapter></DVD_chapter>
  <DVD_discid></DVD_discid>
  <DVD_episodenumber>12.0</DVD_episodenumber>
  <DVD_season>1</DVD_season>
  <Director></Director>
  <EpImgFlag>2</EpImgFlag>
  <EpisodeName>Darkness Calling</EpisodeName>
  <EpisodeNumber>12</EpisodeNumber>
  <FirstAired>2011-02-02</FirstAired>
  <GuestStars></GuestStars>
  <IMDB_ID></IMDB_ID>
  <Language>en</Language>
  <Overview>While Sam and Dean are looking for their father, John is looking for clues about the being that killed his wife. He investigates Lily, the daughter of a woman who died in a fire in Michigan, the same way Mary had 22 years ago. Lily's father, Gray, tells him that on the day of the fire &quot;a yellow eyed man&quot; made Lily drink blood. They visit Lily, however &quot;black eyed beings&quot; are drawing closer to them.</Overview>
  <ProductionCode></ProductionCode>
  <Rating></Rating>
  <RatingCount>0</RatingCount>
  <SeasonNumber>1</SeasonNumber>
  <Writer></Writer>
  <absolute_number>12</absolute_number>
  <filename>episodes/197001/4013541.jpg</filename>
  <lastupdated>1340495160</lastupdated>
  <seasonid>333631</seasonid>
  <seriesid>197001</seriesid>
</Episode>
<Episode>
  <id>4077208</id>
  <Combined_episodenumber>13.0</Combined_episodenumber>
  <Combined_season>1</Combined_season>
  <DVD_chapter></DVD_chapter>
  <DVD_discid></DVD_discid>
  <DVD_episodenumber>13.0</DVD_episodenumber>
  <DVD_season>1</DVD_season>
  <Director></Director>
  <EpImgFlag>2</EpImgFlag>
  <EpisodeName>What Lives in the Lake</EpisodeName>
  <EpisodeNumber>13</EpisodeNumber>
  <FirstAired>2011-04-06</FirstAired>
  <GuestStars></GuestStars>
  <IMDB_ID></IMDB_ID>
  <Language>en</Language>
  <Overview>Over the past few years, bizarre drowning accidents have been happening in a certain lake in Louisiana. They say the victims were attacked by a monster. Sam and Dean learn that, also in the past few years, the farming has been poor due to crop failure and a great number of the bees have died. They think that this is the doing of a demon and start investigating around the lake where the drowning accidents occurred. They find clues that show that it was the doing of a demon, but...</Overview>
  <ProductionCode></ProductionCode>
  <Rating></Rating>
  <RatingCount>0</RatingCount>
  <SeasonNumber>1</SeasonNumber>
  <Writer></Writer>
  <absolute_number>13</absolute_number>
  <filename>episodes/197001/4077208.jpg</filename>
  <lastupdated>1340495194</lastupdated>
  <seasonid>333631</seasonid>
  <seriesid>197001</seriesid>
</Episode>
<Episode>
  <id>4077209</id>
  <Combined_episodenumber>14.0</Combined_episodenumber>
  <Combined_season>1</Combined_season>
  <DVD_chapter></DVD_chapter>
  <DVD_discid></DVD_discid>
  <DVD_episodenumber>14.0</DVD_episodenumber>
  <DVD_season>1</DVD_season>
  <Director></Director>
  <EpImgFlag>2</EpImgFlag>
  <EpisodeName>Reunion</EpisodeName>
  <EpisodeNumber>14</EpisodeNumber>
  <FirstAired>2011-04-06</FirstAired>
  <GuestStars></GuestStars>
  <IMDB_ID></IMDB_ID>
  <Language>en</Language>
  <Overview>A series of bizarre murders occur in Colorado and a hunter named Daniel Elkins is among those killed. Sam and Dean think that it was done by a vampire and head out. Once there, much to their surprise, they find their father, John. Needless to say, the brothers are very happy and, following John's instructions, they set out to find the Colt, a gun stolen by the vampire that killed Elkins. Though Sam can't help but complain about the fact that John won't explain anything to them.</Overview>
  <ProductionCode></ProductionCode>
  <Rating></Rating>
  <RatingCount>0</RatingCount>
  <SeasonNumber>1</SeasonNumber>
  <Writer></Writer>
  <absolute_number>14</absolute_number>
  <filename>episodes/197001/4077209.jpg</filename>
  <lastupdated>1340495291</lastupdated>
  <seasonid>333631</seasonid>
  <seriesid>197001</seriesid>
</Episode>
<Episode>
  <id>4077210</id>
  <Combined_episodenumber>15.0</Combined_episodenumber>
  <Combined_season>1</Combined_season>
  <DVD_chapter></DVD_chapter>
  <DVD_discid></DVD_discid>
  <DVD_episodenumber>15.0</DVD_episodenumber>
  <DVD_season>1</DVD_season>
  <Director></Director>
  <EpImgFlag>2</EpImgFlag>
  <EpisodeName>Devil's Trap</EpisodeName>
  <EpisodeNumber>15</EpisodeNumber>
  <FirstAired>2011-04-06</FirstAired>
  <GuestStars></GuestStars>
  <IMDB_ID></IMDB_ID>
  <Language>en</Language>
  <Overview>After Sam has a vision, he, Dean and John get into the car and set out. They finally have a chance to settle things with their old enemy, the &quot;yellow eyed demon&quot;. However, John falls into a trap set by the demons and is captured. Can Sam and Dean save John? And will they be able to defeat their enemy, the &quot;yellow eyed demon&quot;?</Overview>
  <ProductionCode></ProductionCode>
  <Rating></Rating>
  <RatingCount>0</RatingCount>
  <SeasonNumber>1</SeasonNumber>
  <Writer></Writer>
  <absolute_number>15</absolute_number>
  <filename>episodes/197001/4077210.jpg</filename>
  <lastupdated>1340495327</lastupdated>
  <seasonid>333631</seasonid>
  <seriesid>197001</seriesid>
</Episode>
<Episode>
  <id>4077211</id>
  <Combined_episodenumber>16.0</Combined_episodenumber>
  <Combined_season>1</Combined_season>
  <DVD_chapter></DVD_chapter>
  <DVD_discid></DVD_discid>
  <DVD_episodenumber>16.0</DVD_episodenumber>
  <DVD_season>1</DVD_season>
  <Director></Director>
  <EpImgFlag>2</EpImgFlag>
  <EpisodeName>In My Time of Dying</EpisodeName>
  <EpisodeNumber>16</EpisodeNumber>
  <FirstAired>2011-04-06</FirstAired>
  <GuestStars></GuestStars>
  <IMDB_ID></IMDB_ID>
  <Language>en</Language>
  <Overview>The Winchester family suffered serious injuries during the fight with the demon. Sam and John regain consciousness, but Dean stays in a coma. Dean, whose soul was separated from his body, wanders around the hospital till he meets a Reaper. Dean is uncertain whether to die or stay in this world as a ghost and become the same as the demons they hunt. Meanwhile, Sam and John decide to take certain actions in order to save him.</Overview>
  <ProductionCode></ProductionCode>
  <Rating></Rating>
  <RatingCount>0</RatingCount>
  <SeasonNumber>1</SeasonNumber>
  <Writer></Writer>
  <absolute_number>16</absolute_number>
  <filename>episodes/197001/4077211.jpg</filename>
  <lastupdated>1340495461</lastupdated>
  <seasonid>333631</seasonid>
  <seriesid>197001</seriesid>
</Episode>
<Episode>
  <id>4077212</id>
  <Combined_episodenumber>17.0</Combined_episodenumber>
  <Combined_season>1</Combined_season>
  <DVD_chapter></DVD_chapter>
  <DVD_discid></DVD_discid>
  <DVD_episodenumber>17.0</DVD_episodenumber>
  <DVD_season>1</DVD_season>
  <Director></Director>
  <EpImgFlag>2</EpImgFlag>
  <EpisodeName>Rising Son</EpisodeName>
  <EpisodeNumber>17</EpisodeNumber>
  <FirstAired>2011-04-06</FirstAired>
  <GuestStars></GuestStars>
  <IMDB_ID></IMDB_ID>
  <Language>en</Language>
  <Overview>Dean is tormented by the sin he committed and loses his reason to fight. When he can't take the suffering anymore, Missouri pays a visit and hands him a photo which awakens old memories inside him. 15 years ago, Ryle, a teacher at the school Sam and Dean were attending, became a mother like figure for the brothers and a member of the Winchester family. However, Dean remembers their mother, Mary, and can't idly accept Ryle. Ryle had a secret that even John didn't notice.</Overview>
  <ProductionCode></ProductionCode>
  <Rating></Rating>
  <RatingCount>0</RatingCount>
  <SeasonNumber>1</SeasonNumber>
  <Writer></Writer>
  <absolute_number>17</absolute_number>
  <filename>episodes/197001/4077212.jpg</filename>
  <lastupdated>1340495523</lastupdated>
  <seasonid>333631</seasonid>
  <seriesid>197001</seriesid>
</Episode>
<Episode>
  <id>4077213</id>
  <Combined_episodenumber>18.0</Combined_episodenumber>
  <Combined_season>1</Combined_season>
  <DVD_chapter></DVD_chapter>
  <DVD_discid></DVD_discid>
  <DVD_episodenumber>18.0</DVD_episodenumber>
  <DVD_season>1</DVD_season>
  <Director></Director>
  <EpImgFlag>2</EpImgFlag>
  <EpisodeName>Crossroad</EpisodeName>
  <EpisodeNumber>18</EpisodeNumber>
  <FirstAired>2011-04-06</FirstAired>
  <GuestStars></GuestStars>
  <IMDB_ID></IMDB_ID>
  <Language>en</Language>
  <Overview>Leaving the words, &quot;I'll be killed by the black dog!&quot; behind, an architect jumps off his own mansion and dies. Sam and Dean think that it's possible that it's the work of their old demon enemy and start investigating the truth. They learn that 10 years ago, other geniuses died in similar ways. Sam and Dean think that the &quot;Crossroads Demon&quot;, who grants people's wishes in exchange for their lives, is behind the case. In order to save the next victim, they take a big gamble and risk their own lives.</Overview>
  <ProductionCode></ProductionCode>
  <Rating></Rating>
  <RatingCount>0</RatingCount>
  <SeasonNumber>1</SeasonNumber>
  <Writer></Writer>
  <absolute_number>18</absolute_number>
  <filename>episodes/197001/4077213.jpg</filename>
  <lastupdated>1340495856</lastupdated>
  <seasonid>333631</seasonid>
  <seriesid>197001</seriesid>
</Episode>
<Episode>
  <id>4077214</id>
  <Combined_episodenumber>19.0</Combined_episodenumber>
  <Combined_season>1</Combined_season>
  <DVD_chapter></DVD_chapter>
  <DVD_discid></DVD_discid>
  <DVD_episodenumber>19.0</DVD_episodenumber>
  <DVD_season>1</DVD_season>
  <Director></Director>
  <EpImgFlag>2</EpImgFlag>
  <EpisodeName>Loser</EpisodeName>
  <EpisodeNumber>19</EpisodeNumber>
  <FirstAired>2011-04-06</FirstAired>
  <GuestStars></GuestStars>
  <IMDB_ID></IMDB_ID>
  <Language>en</Language>
  <Overview>Jake, serving as a soldier in Afghanistan, lost his mother 22 years ago in a fire, just like Sam. The &quot;Yellow Eyed Demon&quot; follows him and tries to urge him to unleash his hidden power, but he always refuses to do it. While leading his troops, they are attacked by the enemy and on the verge of destruction. In order to save his friends who are falling in front of his eyes, Jake makes a decision. In the meantime, Sam and Dean visit Jake's hometown, Saint Louis.</Overview>
  <ProductionCode></ProductionCode>
  <Rating></Rating>
  <RatingCount>0</RatingCount>
  <SeasonNumber>1</SeasonNumber>
  <Writer></Writer>
  <absolute_number>19</absolute_number>
  <filename>episodes/197001/4077214.jpg</filename>
  <lastupdated>1340495897</lastupdated>
  <seasonid>333631</seasonid>
  <seriesid>197001</seriesid>
</Episode>
<Episode>
  <id>4077215</id>
  <Combined_episodenumber>20.0</Combined_episodenumber>
  <Combined_season>1</Combined_season>
  <DVD_chapter></DVD_chapter>
  <DVD_discid></DVD_discid>
  <DVD_episodenumber>20.0</DVD_episodenumber>
  <DVD_season>1</DVD_season>
  <Director></Director>
  <EpImgFlag>2</EpImgFlag>
  <EpisodeName>What Is and What Should Never Be</EpisodeName>
  <EpisodeNumber>20</EpisodeNumber>
  <FirstAired>2011-04-06</FirstAired>
  <GuestStars></GuestStars>
  <IMDB_ID></IMDB_ID>
  <Language>en</Language>
  <Overview>Dean wakes up with an unknown woman next to him who turns out to be his wife. What's more, his mother Mary, who is supposed to be dead, is alive and Sam is married to Jessica, who was supposedly killed. Dean and the others gather together to celebrate his mother's birthday. Even though Dean was perplexed by this everyday life he started feeling happy, til he realized the truth behind that world and then...</Overview>
  <ProductionCode></ProductionCode>
  <Rating></Rating>
  <RatingCount>0</RatingCount>
  <SeasonNumber>1</SeasonNumber>
  <Writer></Writer>
  <absolute_number>20</absolute_number>
  <filename>episodes/197001/4077215.jpg</filename>
  <lastupdated>1340497572</lastupdated>
  <seasonid>333631</seasonid>
  <seriesid>197001</seriesid>
</Episode>
<Episode>
  <id>4077216</id>
  <Combined_episodenumber>21.0</Combined_episodenumber>
  <Combined_season>1</Combined_season>
  <DVD_chapter></DVD_chapter>
  <DVD_discid></DVD_discid>
  <DVD_episodenumber>21.0</DVD_episodenumber>
  <DVD_season>1</DVD_season>
  <Director></Director>
  <EpImgFlag>2</EpImgFlag>
  <EpisodeName>All Hell Breaks Loose Part 1</EpisodeName>
  <EpisodeNumber>21</EpisodeNumber>
  <FirstAired>2011-04-06</FirstAired>
  <GuestStars></GuestStars>
  <IMDB_ID></IMDB_ID>
  <Language>en</Language>
  <Overview>When demon activity starts becoming more and more active, Sam suddenly disappears in front of Dean's eyes. When Sam comes to, he learns that Lily, Jake and other people who are holding special powers have been gathered together in a ruined ghost town. There, Sam and the others learn about their cruel fate and every detail about the dreadful plan imposed on them by the Yellow Eyed Demon.</Overview>
  <ProductionCode></ProductionCode>
  <Rating></Rating>
  <RatingCount>0</RatingCount>
  <SeasonNumber>1</SeasonNumber>
  <Writer></Writer>
  <absolute_number>21</absolute_number>
  <filename>episodes/197001/4077216.jpg</filename>
  <lastupdated>1340497615</lastupdated>
  <seasonid>333631</seasonid>
  <seriesid>197001</seriesid>
</Episode>
<Episode>
  <id>4077217</id>
  <Combined_episodenumber>22.0</Combined_episodenumber>
  <Combined_season>1</Combined_season>
  <DVD_chapter></DVD_chapter>
  <DVD_discid></DVD_discid>
  <DVD_episodenumber>22.0</DVD_episodenumber>
  <DVD_season>1</DVD_season>
  <Director></Director>
  <EpImgFlag>2</EpImgFlag>
  <EpisodeName>All Hell Breaks Loose Part 2</EpisodeName>
  <EpisodeNumber>22</EpisodeNumber>
  <FirstAired>2011-04-06</FirstAired>
  <GuestStars></GuestStars>
  <IMDB_ID></IMDB_ID>
  <Language>en</Language>
  <Overview>After the fight between Jake and Sam, Dean has to make the ultimate sacrifice for his brother. Meanwhile the Yellow-Eyed Demon has his new servant and plans to unleash the hordes of Hell.</Overview>
  <ProductionCode></ProductionCode>
  <Rating></Rating>
  <RatingCount>0</RatingCount>
  <SeasonNumber>1</SeasonNumber>
  <Writer></Writer>
  <absolute_number>22</absolute_number>
  <filename>episodes/197001/4077217.jpg</filename>
  <lastupdated>1340497656</lastupdated>
  <seasonid>333631</seasonid>
  <seriesid>197001</seriesid>
</Episode>
</Data>