<?xml version="1.0" encoding="UTF-8" ?>
<Data><Series>
  <id>219901</id>
  <Actors>||</Actors>
  <Airs_DayOfWeek></Airs_DayOfWeek>
  <Airs_Time></Airs_Time>
  <ContentRating></ContentRating>
  <FirstAired></FirstAired>
  <Genre></Genre>
  <IMDB_ID></IMDB_ID>
  <Language>en</Language>
  <Network></Network>
  <NetworkID></NetworkID>
  <Overview>    This is left here as a reference to the crap you should not be adding to thetvdb. All of the repeat offending titles are to be added to the searchable alias list which will bring (you) idiots here so they can read this message. DO NOT DELETE THIS ENTRY. </Overview>
  <Rating>8.9</Rating>
  <RatingCount>11</RatingCount>
  <Runtime>1</Runtime>
  <SeriesID>219901</SeriesID>
  <SeriesName>** All The Crap You Should Not Add To TheTVDb **</SeriesName>
  <Status></Status>
  <added></added>
  <addedBy>593</addedBy>
  <banner></banner>
  <fanart></fanart>
  <lastupdated>1360850638</lastupdated>
  <poster></poster>
  <zap2it_id></zap2it_id>
</Series>
<Episode>
  <id>4251126</id>
  <Combined_episodenumber>1</Combined_episodenumber>
  <Combined_season>1</Combined_season>
  <DVD_chapter></DVD_chapter>
  <DVD_discid></DVD_discid>
  <DVD_episodenumber></DVD_episodenumber>
  <DVD_season></DVD_season>
  <Director></Director>
  <EpImgFlag></EpImgFlag>
  <EpisodeName>dwjp90</EpisodeName>
  <EpisodeNumber>1</EpisodeNumber>
  <FirstAired></FirstAired>
  <GuestStars></GuestStars>
  <IMDB_ID></IMDB_ID>
  <Language>en</Language>
  <Overview>Don't delete me.  :(</Overview>
  <ProductionCode></ProductionCode>
  <Rating></Rating>
  <RatingCount>0</RatingCount>
  <SeasonNumber>1</SeasonNumber>
  <Writer></Writer>
  <absolute_number></absolute_number>
  <filename></filename>
  <lastupdated>1327781254</lastupdated>
  <seasonid>483840</seasonid>
  <seriesid>219901</seriesid>
</Episode>
</Data>