<?xml version="1.0" encoding="UTF-8" ?>
<Actors>
<Actor>
  <id>170671</id>
  <Image>actors/170671.jpg</Image>
  <Name>William H. Macy</Name>
  <Role>Frank Gallagher</Role>
  <SortOrder>0</SortOrder>
</Actor>
<Actor>
  <id>170681</id>
  <Image>actors/170681.jpg</Image>
  <Name>Emmy Rossum</Name>
  <Role>Fiona Gallagher</Role>
  <SortOrder>1</SortOrder>
</Actor>
<Actor>
  <id>170691</id>
  <Image>actors/170691.jpg</Image>
  <Name>Justin Chatwin</Name>
  <Role>Steve</Role>
  <SortOrder>2</SortOrder>
</Actor>
<Actor>
  <id>303635</id>
  <Image>actors/303635.jpg</Image>
  <Name>Stephanie Fantauzzi</Name>
  <Role>Estefania</Role>
  <SortOrder>3</SortOrder>
</Actor>
<Actor>
  <id>303633</id>
  <Image>actors/303633.jpg</Image>
  <Name>Emma Greenwell</Name>
  <Role>Mandy Milkovich</Role>
  <SortOrder>3</SortOrder>
</Actor>
<Actor>
  <id>279161</id>
  <Image>actors/279161.jpg</Image>
  <Name>Laura Wiggins</Name>
  <Role>Karen Jackson</Role>
  <SortOrder>3</SortOrder>
</Actor>
<Actor>
  <id>279151</id>
  <Image>actors/279151.jpg</Image>
  <Name>Steve Howey</Name>
  <Role>Kevin Ball</Role>
  <SortOrder>3</SortOrder>
</Actor>
<Actor>
  <id>279141</id>
  <Image>actors/279141.jpg</Image>
  <Name>Shanola Hampton</Name>
  <Role>Veronica Fisher</Role>
  <SortOrder>3</SortOrder>
</Actor>
<Actor>
  <id>279131</id>
  <Image>actors/279131.jpg</Image>
  <Name>Ethan Cutkosky</Name>
  <Role>Carl Gallagher</Role>
  <SortOrder>3</SortOrder>
</Actor>
<Actor>
  <id>279121</id>
  <Image>actors/279121.jpg</Image>
  <Name>Emma Kenney</Name>
  <Role>Debbie Gallagher</Role>
  <SortOrder>3</SortOrder>
</Actor>
<Actor>
  <id>279111</id>
  <Image>actors/279111.jpg</Image>
  <Name>Cameron Monaghan</Name>
  <Role>Ian Gallagher</Role>
  <SortOrder>3</SortOrder>
</Actor>
<Actor>
  <id>279101</id>
  <Image>actors/279101.jpg</Image>
  <Name>Jeremy Allen White</Name>
  <Role>Lip Gallagher</Role>
  <SortOrder>3</SortOrder>
</Actor>
<Actor>
  <id>241321</id>
  <Image>actors/241321.jpg</Image>
  <Name>Joan Cusack</Name>
  <Role>Sheila Jackson</Role>
  <SortOrder>3</SortOrder>
</Actor>
<Actor>
  <id>306568</id>
  <Image></Image>
  <Name>Zach McGowan</Name>
  <Role>Jody Silverman</Role>
  <SortOrder>3</SortOrder>
</Actor>
</Actors>