<?xml version="1.0" encoding="UTF-8" ?>
<Data><Series>
  <id>161511</id>
  <Actors>|William H. Macy|Emmy Rossum|Justin Chatwin|Stephanie Fantauzzi|Emma Greenwell|Laura Wiggins|Steve Howey|Shanola Hampton|Ethan Cutkosky|Emma Kenney|Cameron Monaghan|Jeremy Allen White|Joan Cusack|Zach McGowan|</Actors>
  <Airs_DayOfWeek>Sunday</Airs_DayOfWeek>
  <Airs_Time>9:00 PM</Airs_Time>
  <ContentRating>TV-MA</ContentRating>
  <FirstAired>2011-01-09</FirstAired>
  <Genre>|Comedy|Drama|</Genre>
  <IMDB_ID>tt1586680</IMDB_ID>
  <Language>en</Language>
  <Network>Showtime</Network>
  <NetworkID></NetworkID>
  <Overview>Chicagoan Frank Gallagher is the proud single dad of six smart, industrious, independent kids, who without him would be...perhaps better off. When Frank's not at the bar spending what little money they have, he's passed out on the floor. But the kids have found ways to grow up in spite of him. They may not be like any family you know, but they make no apologies for being exactly who they are.</Overview>
  <Rating>8.9</Rating>
  <RatingCount>67</RatingCount>
  <Runtime>60</Runtime>
  <SeriesID>78143</SeriesID>
  <SeriesName>Shameless (US)</SeriesName>
  <Status>Continuing</Status>
  <added>2010-05-06 13:26:59</added>
  <addedBy>235</addedBy>
  <banner>graphical/161511-g4.jpg</banner>
  <fanart>fanart/original/161511-3.jpg</fanart>
  <lastupdated>1365576657</lastupdated>
  <poster>posters/161511-1.jpg</poster>
  <zap2it_id>SH01347868</zap2it_id>
</Series>
<Episode>
  <id>3279851</id>
  <Combined_episodenumber>1</Combined_episodenumber>
  <Combined_season>0</Combined_season>
  <DVD_chapter></DVD_chapter>
  <DVD_discid></DVD_discid>
  <DVD_episodenumber></DVD_episodenumber>
  <DVD_season></DVD_season>
  <Director></Director>
  <EpImgFlag></EpImgFlag>
  <EpisodeName>Sneak Peek</EpisodeName>
  <EpisodeNumber>1</EpisodeNumber>
  <FirstAired>2010-12-12</FirstAired>
  <GuestStars></GuestStars>
  <IMDB_ID></IMDB_ID>
  <Language>en</Language>
  <Overview></Overview>
  <ProductionCode></ProductionCode>
  <Rating></Rating>
  <RatingCount>0</RatingCount>
  <SeasonNumber>0</SeasonNumber>
  <Writer></Writer>
  <absolute_number></absolute_number>
  <airsafter_season></airsafter_season>
  <airsbefore_episode>1</airsbefore_episode>
  <airsbefore_season>1</airsbefore_season>
  <filename></filename>
  <lastupdated>1295259537</lastupdated>
  <seasonid>242591</seasonid>
  <seriesid>161511</seriesid>
</Episode>
<Episode>
  <id>4222258</id>
  <Combined_episodenumber>2</Combined_episodenumber>
  <Combined_season>0</Combined_season>
  <DVD_chapter></DVD_chapter>
  <DVD_discid></DVD_discid>
  <DVD_episodenumber></DVD_episodenumber>
  <DVD_season></DVD_season>
  <Director></Director>
  <EpImgFlag></EpImgFlag>
  <EpisodeName>Christmas Carol</EpisodeName>
  <EpisodeNumber>2</EpisodeNumber>
  <FirstAired>2011-12-14</FirstAired>
  <GuestStars></GuestStars>
  <IMDB_ID></IMDB_ID>
  <Language>en</Language>
  <Overview>The Shameless Cast celebrates Christmas with a song as only the Gallaghers could.</Overview>
  <ProductionCode></ProductionCode>
  <Rating></Rating>
  <RatingCount>0</RatingCount>
  <SeasonNumber>0</SeasonNumber>
  <Writer></Writer>
  <absolute_number></absolute_number>
  <airsafter_season>1</airsafter_season>
  <airsbefore_episode></airsbefore_episode>
  <airsbefore_season></airsbefore_season>
  <filename></filename>
  <lastupdated>1323986942</lastupdated>
  <seasonid>242591</seasonid>
  <seriesid>161511</seriesid>
</Episode>
<Episode>
  <id>4230821</id>
  <Combined_episodenumber>3</Combined_episodenumber>
  <Combined_season>0</Combined_season>
  <DVD_chapter></DVD_chapter>
  <DVD_discid></DVD_discid>
  <DVD_episodenumber></DVD_episodenumber>
  <DVD_season></DVD_season>
  <Director></Director>
  <EpImgFlag></EpImgFlag>
  <EpisodeName>Bringing The &quot;Fun&quot; To &quot;Dysfunctional&quot;</EpisodeName>
  <EpisodeNumber>3</EpisodeNumber>
  <FirstAired></FirstAired>
  <GuestStars></GuestStars>
  <IMDB_ID></IMDB_ID>
  <Language>en</Language>
  <Overview></Overview>
  <ProductionCode></ProductionCode>
  <Rating></Rating>
  <RatingCount>0</RatingCount>
  <SeasonNumber>0</SeasonNumber>
  <Writer></Writer>
  <absolute_number></absolute_number>
  <airsafter_season></airsafter_season>
  <airsbefore_episode></airsbefore_episode>
  <airsbefore_season></airsbefore_season>
  <filename></filename>
  <lastupdated>1325281183</lastupdated>
  <seasonid>242591</seasonid>
  <seriesid>161511</seriesid>
</Episode>
<Episode>
  <id>4231182</id>
  <Combined_episodenumber>4</Combined_episodenumber>
  <Combined_season>0</Combined_season>
  <DVD_chapter></DVD_chapter>
  <DVD_discid></DVD_discid>
  <DVD_episodenumber></DVD_episodenumber>
  <DVD_season></DVD_season>
  <Director></Director>
  <EpImgFlag></EpImgFlag>
  <EpisodeName>Bringing Shameless to America</EpisodeName>
  <EpisodeNumber>4</EpisodeNumber>
  <FirstAired></FirstAired>
  <GuestStars></GuestStars>
  <IMDB_ID></IMDB_ID>
  <Language>en</Language>
  <Overview></Overview>
  <ProductionCode></ProductionCode>
  <Rating></Rating>
  <RatingCount>0</RatingCount>
  <SeasonNumber>0</SeasonNumber>
  <Writer></Writer>
  <absolute_number></absolute_number>
  <airsafter_season></airsafter_season>
  <airsbefore_episode></airsbefore_episode>
  <airsbefore_season></airsbefore_season>
  <filename></filename>
  <lastupdated>1325363269</lastupdated>
  <seasonid>242591</seasonid>
  <seriesid>161511</seriesid>
</Episode>
<Episode>
  <id>4231249</id>
  <Combined_episodenumber>5</Combined_episodenumber>
  <Combined_season>0</Combined_season>
  <DVD_chapter></DVD_chapter>
  <DVD_discid></DVD_discid>
  <DVD_episodenumber></DVD_episodenumber>
  <DVD_season></DVD_season>
  <Director></Director>
  <EpImgFlag></EpImgFlag>
  <EpisodeName>A Shameless Discussion About Sex</EpisodeName>
  <EpisodeNumber>5</EpisodeNumber>
  <FirstAired></FirstAired>
  <GuestStars></GuestStars>
  <IMDB_ID></IMDB_ID>
  <Language>en</Language>
  <Overview></Overview>
  <ProductionCode></ProductionCode>
  <Rating></Rating>
  <RatingCount>0</RatingCount>
  <SeasonNumber>0</SeasonNumber>
  <Writer></Writer>
  <absolute_number></absolute_number>
  <airsafter_season></airsafter_season>
  <airsbefore_episode></airsbefore_episode>
  <airsbefore_season></airsbefore_season>
  <filename></filename>
  <lastupdated>1350989128</lastupdated>
  <seasonid>242591</seasonid>
  <seriesid>161511</seriesid>
</Episode>
<Episode>
  <id>4231254</id>
  <Combined_episodenumber>6</Combined_episodenumber>
  <Combined_season>0</Combined_season>
  <DVD_chapter></DVD_chapter>
  <DVD_discid></DVD_discid>
  <DVD_episodenumber></DVD_episodenumber>
  <DVD_season></DVD_season>
  <Director></Director>
  <EpImgFlag></EpImgFlag>
  <EpisodeName>Season 2 Sneak Peek</EpisodeName>
  <EpisodeNumber>6</EpisodeNumber>
  <FirstAired></FirstAired>
  <GuestStars></GuestStars>
  <IMDB_ID></IMDB_ID>
  <Language>en</Language>
  <Overview></Overview>
  <ProductionCode></ProductionCode>
  <Rating></Rating>
  <RatingCount>0</RatingCount>
  <SeasonNumber>0</SeasonNumber>
  <Writer></Writer>
  <absolute_number></absolute_number>
  <airsafter_season></airsafter_season>
  <airsbefore_episode></airsbefore_episode>
  <airsbefore_season></airsbefore_season>
  <filename></filename>
  <lastupdated>1325364103</lastupdated>
  <seasonid>242591</seasonid>
  <seriesid>161511</seriesid>
</Episode>
<Episode>
  <id>4231255</id>
  <Combined_episodenumber>7</Combined_episodenumber>
  <Combined_season>0</Combined_season>
  <DVD_chapter></DVD_chapter>
  <DVD_discid></DVD_discid>
  <DVD_episodenumber></DVD_episodenumber>
  <DVD_season></DVD_season>
  <Director></Director>
  <EpImgFlag></EpImgFlag>
  <EpisodeName>Season 1 Deleted Scenes</EpisodeName>
  <EpisodeNumber>7</EpisodeNumber>
  <FirstAired></FirstAired>
  <GuestStars></GuestStars>
  <IMDB_ID></IMDB_ID>
  <Language>en</Language>
  <Overview></Overview>
  <ProductionCode></ProductionCode>
  <Rating></Rating>
  <RatingCount>0</RatingCount>
  <SeasonNumber>0</SeasonNumber>
  <Writer></Writer>
  <absolute_number></absolute_number>
  <airsafter_season></airsafter_season>
  <airsbefore_episode></airsbefore_episode>
  <airsbefore_season></airsbefore_season>
  <filename></filename>
  <lastupdated>1325364246</lastupdated>
  <seasonid>242591</seasonid>
  <seriesid>161511</seriesid>
</Episode>
<Episode>
  <id>4457958</id>
  <Combined_episodenumber>8</Combined_episodenumber>
  <Combined_season>0</Combined_season>
  <DVD_chapter></DVD_chapter>
  <DVD_discid></DVD_discid>
  <DVD_episodenumber></DVD_episodenumber>
  <DVD_season></DVD_season>
  <Director></Director>
  <EpImgFlag></EpImgFlag>
  <EpisodeName>Season 2 Deleted Scenes</EpisodeName>
  <EpisodeNumber>8</EpisodeNumber>
  <FirstAired></FirstAired>
  <GuestStars></GuestStars>
  <IMDB_ID></IMDB_ID>
  <Language>en</Language>
  <Overview></Overview>
  <ProductionCode></ProductionCode>
  <Rating></Rating>
  <RatingCount>0</RatingCount>
  <SeasonNumber>0</SeasonNumber>
  <Writer></Writer>
  <absolute_number></absolute_number>
  <airsafter_season></airsafter_season>
  <airsbefore_episode></airsbefore_episode>
  <airsbefore_season></airsbefore_season>
  <filename></filename>
  <lastupdated>1355931610</lastupdated>
  <seasonid>242591</seasonid>
  <seriesid>161511</seriesid>
</Episode>
<Episode>
  <id>4457959</id>
  <Combined_episodenumber>9</Combined_episodenumber>
  <Combined_season>0</Combined_season>
  <DVD_chapter></DVD_chapter>
  <DVD_discid></DVD_discid>
  <DVD_episodenumber></DVD_episodenumber>
  <DVD_season></DVD_season>
  <Director></Director>
  <EpImgFlag></EpImgFlag>
  <EpisodeName>The Complicated Life of Fiona Gallagher</EpisodeName>
  <EpisodeNumber>9</EpisodeNumber>
  <FirstAired></FirstAired>
  <GuestStars></GuestStars>
  <IMDB_ID></IMDB_ID>
  <Language>en</Language>
  <Overview></Overview>
  <ProductionCode></ProductionCode>
  <Rating></Rating>
  <RatingCount>0</RatingCount>
  <SeasonNumber>0</SeasonNumber>
  <Writer></Writer>
  <absolute_number></absolute_number>
  <airsafter_season></airsafter_season>
  <airsbefore_episode></airsbefore_episode>
  <airsbefore_season></airsbefore_season>
  <filename></filename>
  <lastupdated>1355931705</lastupdated>
  <seasonid>242591</seasonid>
  <seriesid>161511</seriesid>
</Episode>
<Episode>
  <id>4457960</id>
  <Combined_episodenumber>10</Combined_episodenumber>
  <Combined_season>0</Combined_season>
  <DVD_chapter></DVD_chapter>
  <DVD_discid></DVD_discid>
  <DVD_episodenumber></DVD_episodenumber>
  <DVD_season></DVD_season>
  <Director></Director>
  <EpImgFlag></EpImgFlag>
  <EpisodeName>The Art of Acting Drunk</EpisodeName>
  <EpisodeNumber>10</EpisodeNumber>
  <FirstAired></FirstAired>
  <GuestStars></GuestStars>
  <IMDB_ID></IMDB_ID>
  <Language>en</Language>
  <Overview></Overview>
  <ProductionCode></ProductionCode>
  <Rating></Rating>
  <RatingCount>0</RatingCount>
  <SeasonNumber>0</SeasonNumber>
  <Writer></Writer>
  <absolute_number></absolute_number>
  <airsafter_season></airsafter_season>
  <airsbefore_episode></airsbefore_episode>
  <airsbefore_season></airsbefore_season>
  <filename></filename>
  <lastupdated>1355931741</lastupdated>
  <seasonid>242591</seasonid>
  <seriesid>161511</seriesid>
</Episode>
<Episode>
  <id>4457961</id>
  <Combined_episodenumber>11</Combined_episodenumber>
  <Combined_season>0</Combined_season>
  <DVD_chapter></DVD_chapter>
  <DVD_discid></DVD_discid>
  <DVD_episodenumber></DVD_episodenumber>
  <DVD_season></DVD_season>
  <Director></Director>
  <EpImgFlag></EpImgFlag>
  <EpisodeName>Writing the Shameless Version</EpisodeName>
  <EpisodeNumber>11</EpisodeNumber>
  <FirstAired></FirstAired>
  <GuestStars></GuestStars>
  <IMDB_ID></IMDB_ID>
  <Language>en</Language>
  <Overview></Overview>
  <ProductionCode></ProductionCode>
  <Rating></Rating>
  <RatingCount>0</RatingCount>
  <SeasonNumber>0</SeasonNumber>
  <Writer></Writer>
  <absolute_number></absolute_number>
  <airsafter_season></airsafter_season>
  <airsbefore_episode></airsbefore_episode>
  <airsbefore_season></airsbefore_season>
  <filename></filename>
  <lastupdated>1355932056</lastupdated>
  <seasonid>242591</seasonid>
  <seriesid>161511</seriesid>
</Episode>
<Episode>
  <id>4458029</id>
  <Combined_episodenumber>12</Combined_episodenumber>
  <Combined_season>0</Combined_season>
  <DVD_chapter></DVD_chapter>
  <DVD_discid></DVD_discid>
  <DVD_episodenumber></DVD_episodenumber>
  <DVD_season></DVD_season>
  <Director></Director>
  <EpImgFlag></EpImgFlag>
  <EpisodeName>The Ghetto Girl and the Car Thief</EpisodeName>
  <EpisodeNumber>12</EpisodeNumber>
  <FirstAired></FirstAired>
  <GuestStars></GuestStars>
  <IMDB_ID></IMDB_ID>
  <Language>en</Language>
  <Overview></Overview>
  <ProductionCode></ProductionCode>
  <Rating></Rating>
  <RatingCount>0</RatingCount>
  <SeasonNumber>0</SeasonNumber>
  <Writer></Writer>
  <absolute_number></absolute_number>
  <airsafter_season></airsafter_season>
  <airsbefore_episode></airsbefore_episode>
  <airsbefore_season></airsbefore_season>
  <filename></filename>
  <lastupdated>1355942186</lastupdated>
  <seasonid>242591</seasonid>
  <seriesid>161511</seriesid>
</Episode>
<Episode>
  <id>4458030</id>
  <Combined_episodenumber>13</Combined_episodenumber>
  <Combined_season>0</Combined_season>
  <DVD_chapter></DVD_chapter>
  <DVD_discid></DVD_discid>
  <DVD_episodenumber></DVD_episodenumber>
  <DVD_season></DVD_season>
  <Director></Director>
  <EpImgFlag></EpImgFlag>
  <EpisodeName>Sibling Rivalry</EpisodeName>
  <EpisodeNumber>13</EpisodeNumber>
  <FirstAired></FirstAired>
  <GuestStars></GuestStars>
  <IMDB_ID></IMDB_ID>
  <Language>en</Language>
  <Overview></Overview>
  <ProductionCode></ProductionCode>
  <Rating></Rating>
  <RatingCount>0</RatingCount>
  <SeasonNumber>0</SeasonNumber>
  <Writer></Writer>
  <absolute_number></absolute_number>
  <airsafter_season></airsafter_season>
  <airsbefore_episode></airsbefore_episode>
  <airsbefore_season></airsbefore_season>
  <filename></filename>
  <lastupdated>1355942252</lastupdated>
  <seasonid>242591</seasonid>
  <seriesid>161511</seriesid>
</Episode>
<Episode>
  <id>4458031</id>
  <Combined_episodenumber>14</Combined_episodenumber>
  <Combined_season>0</Combined_season>
  <DVD_chapter></DVD_chapter>
  <DVD_discid></DVD_discid>
  <DVD_episodenumber></DVD_episodenumber>
  <DVD_season></DVD_season>
  <Director></Director>
  <EpImgFlag></EpImgFlag>
  <EpisodeName>The Bartender and the Sex-Cam Worker</EpisodeName>
  <EpisodeNumber>14</EpisodeNumber>
  <FirstAired></FirstAired>
  <GuestStars></GuestStars>
  <IMDB_ID></IMDB_ID>
  <Language>en</Language>
  <Overview></Overview>
  <ProductionCode></ProductionCode>
  <Rating></Rating>
  <RatingCount>0</RatingCount>
  <SeasonNumber>0</SeasonNumber>
  <Writer></Writer>
  <absolute_number></absolute_number>
  <airsafter_season></airsafter_season>
  <airsbefore_episode></airsbefore_episode>
  <airsbefore_season></airsbefore_season>
  <filename></filename>
  <lastupdated>1355942311</lastupdated>
  <seasonid>242591</seasonid>
  <seriesid>161511</seriesid>
</Episode>
<Episode>
  <id>4458032</id>
  <Combined_episodenumber>15</Combined_episodenumber>
  <Combined_season>0</Combined_season>
  <DVD_chapter></DVD_chapter>
  <DVD_discid></DVD_discid>
  <DVD_episodenumber></DVD_episodenumber>
  <DVD_season></DVD_season>
  <Director></Director>
  <EpImgFlag></EpImgFlag>
  <EpisodeName>Juvenile Delinquents</EpisodeName>
  <EpisodeNumber>15</EpisodeNumber>
  <FirstAired></FirstAired>
  <GuestStars></GuestStars>
  <IMDB_ID></IMDB_ID>
  <Language>en</Language>
  <Overview></Overview>
  <ProductionCode></ProductionCode>
  <Rating></Rating>
  <RatingCount>0</RatingCount>
  <SeasonNumber>0</SeasonNumber>
  <Writer></Writer>
  <absolute_number></absolute_number>
  <airsafter_season></airsafter_season>
  <airsbefore_episode></airsbefore_episode>
  <airsbefore_season></airsbefore_season>
  <filename></filename>
  <lastupdated>1355942351</lastupdated>
  <seasonid>242591</seasonid>
  <seriesid>161511</seriesid>
</Episode>
<Episode>
  <id>4458034</id>
  <Combined_episodenumber>16</Combined_episodenumber>
  <Combined_season>0</Combined_season>
  <DVD_chapter></DVD_chapter>
  <DVD_discid></DVD_discid>
  <DVD_episodenumber></DVD_episodenumber>
  <DVD_season></DVD_season>
  <Director></Director>
  <EpImgFlag></EpImgFlag>
  <EpisodeName>The Agoraphobe and the Beautiful Mess</EpisodeName>
  <EpisodeNumber>16</EpisodeNumber>
  <FirstAired></FirstAired>
  <GuestStars></GuestStars>
  <IMDB_ID></IMDB_ID>
  <Language>en</Language>
  <Overview></Overview>
  <ProductionCode></ProductionCode>
  <Rating></Rating>
  <RatingCount>0</RatingCount>
  <SeasonNumber>0</SeasonNumber>
  <Writer></Writer>
  <absolute_number></absolute_number>
  <airsafter_season></airsafter_season>
  <airsbefore_episode></airsbefore_episode>
  <airsbefore_season></airsbefore_season>
  <filename></filename>
  <lastupdated>1355942393</lastupdated>
  <seasonid>242591</seasonid>
  <seriesid>161511</seriesid>
</Episode>
<Episode>
  <id>4458039</id>
  <Combined_episodenumber>17</Combined_episodenumber>
  <Combined_season>0</Combined_season>
  <DVD_chapter></DVD_chapter>
  <DVD_discid></DVD_discid>
  <DVD_episodenumber></DVD_episodenumber>
  <DVD_season></DVD_season>
  <Director></Director>
  <EpImgFlag></EpImgFlag>
  <EpisodeName>Season 3 Sneak Peek</EpisodeName>
  <EpisodeNumber>17</EpisodeNumber>
  <FirstAired></FirstAired>
  <GuestStars></GuestStars>
  <IMDB_ID></IMDB_ID>
  <Language>en</Language>
  <Overview></Overview>
  <ProductionCode></ProductionCode>
  <Rating></Rating>
  <RatingCount>0</RatingCount>
  <SeasonNumber>0</SeasonNumber>
  <Writer></Writer>
  <absolute_number></absolute_number>
  <airsafter_season></airsafter_season>
  <airsbefore_episode></airsbefore_episode>
  <airsbefore_season></airsbefore_season>
  <filename></filename>
  <lastupdated>1355942723</lastupdated>
  <seasonid>242591</seasonid>
  <seriesid>161511</seriesid>
</Episode>
<Episode>
  <id>2861921</id>
  <Combined_episodenumber>1.0</Combined_episodenumber>
  <Combined_season>1</Combined_season>
  <DVD_chapter></DVD_chapter>
  <DVD_discid></DVD_discid>
  <DVD_episodenumber>1.0</DVD_episodenumber>
  <DVD_season>1</DVD_season>
  <Director>Mark Mylod</Director>
  <EpImgFlag>2</EpImgFlag>
  <EpisodeName>Pilot</EpisodeName>
  <EpisodeNumber>1</EpisodeNumber>
  <FirstAired>2011-01-09</FirstAired>
  <GuestStars>Marguerite Moreau|Joel Murray|Pej Vahdat|</GuestStars>
  <IMDB_ID>tt1589573</IMDB_ID>
  <Language>en</Language>
  <Overview>Having her handbag stolen proves to be a blessing for Fiona when a handsome stranger named Steve comes to her rescue. Lip is shocked to discover Ian could be gay and decides his brother should pay a visit to the ever-accommodating Karen Jackson down the block. But the sudden arrival of her furious father Eddie ensures Ian's already-slim chances of happiness with Karen take a severe blow. Meanwhile, Steve buys Fiona a romantic gift, but for some reason she's less than impressed with it.</Overview>
  <ProductionCode></ProductionCode>
  <Rating>7.8</Rating>
  <RatingCount>63</RatingCount>
  <SeasonNumber>1</SeasonNumber>
  <Writer>Paul Abbott|John Wells</Writer>
  <absolute_number></absolute_number>
  <filename>episodes/161511/2861921.jpg</filename>
  <lastupdated>1364773277</lastupdated>
  <seasonid>321521</seasonid>
  <seriesid>161511</seriesid>
</Episode>
<Episode>
  <id>3279811</id>
  <Combined_episodenumber>2</Combined_episodenumber>
  <Combined_season>1</Combined_season>
  <DVD_chapter></DVD_chapter>
  <DVD_discid></DVD_discid>
  <DVD_episodenumber></DVD_episodenumber>
  <DVD_season></DVD_season>
  <Director>John Wells</Director>
  <EpImgFlag>2</EpImgFlag>
  <EpisodeName>Frank the Plank</EpisodeName>
  <EpisodeNumber>2</EpisodeNumber>
  <FirstAired>2011-01-16</FirstAired>
  <GuestStars>Tyler Jacob Moore|Joel Murray|Missy Doty</GuestStars>
  <IMDB_ID>tt1717968</IMDB_ID>
  <Language>en</Language>
  <Overview>Frank has a drunken run-in with Karen's father and takes it out on Ian. The family starts a manhunt when Frank is nowhere to be found on disability check day. </Overview>
  <ProductionCode></ProductionCode>
  <Rating>7.6</Rating>
  <RatingCount>60</RatingCount>
  <SeasonNumber>1</SeasonNumber>
  <Writer>Paul Abbott</Writer>
  <absolute_number></absolute_number>
  <filename>episodes/161511/3279811.jpg</filename>
  <lastupdated>1364773304</lastupdated>
  <seasonid>321521</seasonid>
  <seriesid>161511</seriesid>
</Episode>
<Episode>
  <id>3444601</id>
  <Combined_episodenumber>3.0</Combined_episodenumber>
  <Combined_season>1</Combined_season>
  <DVD_chapter></DVD_chapter>
  <DVD_discid></DVD_discid>
  <DVD_episodenumber>3.0</DVD_episodenumber>
  <DVD_season>1</DVD_season>
  <Director>Stephen Hopkins</Director>
  <EpImgFlag>2</EpImgFlag>
  <EpisodeName>Aunt Ginger</EpisodeName>
  <EpisodeNumber>3</EpisodeNumber>
  <FirstAired>2011-01-23</FirstAired>
  <GuestStars>Jillian Armenante|Noel Fisher|Jane Levy|Gloria LeRoy|Tyler Jacob Moore|Pej Vahdat|</GuestStars>
  <IMDB_ID>tt1732475</IMDB_ID>
  <Language>en</Language>
  <Overview>Fiona turns her attentions to Tony, a cop who has had a crush on her since childhood, but Steve isn't willing to give up without a fight; Ian is targeted by the brothers of a girl he spurned; the whole family searches for elderly Aunt Ginger, who owns their house.</Overview>
  <ProductionCode></ProductionCode>
  <Rating>8.1</Rating>
  <RatingCount>60</RatingCount>
  <SeasonNumber>1</SeasonNumber>
  <Writer>Nancy Pimental</Writer>
  <absolute_number></absolute_number>
  <filename>episodes/161511/3444601.jpg</filename>
  <lastupdated>1364773325</lastupdated>
  <seasonid>321521</seasonid>
  <seriesid>161511</seriesid>
</Episode>
<Episode>
  <id>3456131</id>
  <Combined_episodenumber>4.0</Combined_episodenumber>
  <Combined_season>1</Combined_season>
  <DVD_chapter></DVD_chapter>
  <DVD_discid></DVD_discid>
  <DVD_episodenumber>4.0</DVD_episodenumber>
  <DVD_season>1</DVD_season>
  <Director>Todd Holland</Director>
  <EpImgFlag>2</EpImgFlag>
  <EpisodeName>Casey Casden</EpisodeName>
  <EpisodeNumber>4</EpisodeNumber>
  <FirstAired>2011-01-30</FirstAired>
  <GuestStars>Tim Bagley|Vanessa Bell Calloway|Tyler Jacob Moore|Joel Murray|Tyler F. Anderson|Missy Doty|</GuestStars>
  <IMDB_ID>tt1733025</IMDB_ID>
  <Language>en</Language>
  <Overview>Debbie, sad and lonely after Aunt Ginger leaves, steals a little boy from a birthday party. In classic Gallagher style, the family hatches a plan to return the toddler safe and sound without attracting attention from the Chicago Police Department, who has made the kidnapping a top priority. Karen, in complete defiance of Eddie, starts to tease Frank sexually. Frank not knowing what to make of it keeps himself busy with booze, picking up Sheila'­s meds from the pharmacy and concentrating on finding the missing boy. What began as an innocent lie for Kevin to protect himself from a hot girl ultimately becomes a proposal of marriage for Veronica.</Overview>
  <ProductionCode></ProductionCode>
  <Rating>8.0</Rating>
  <RatingCount>56</RatingCount>
  <SeasonNumber>1</SeasonNumber>
  <Writer>Cindy Caponera</Writer>
  <absolute_number></absolute_number>
  <filename>episodes/161511/3456131.jpg</filename>
  <lastupdated>1364773345</lastupdated>
  <seasonid>321521</seasonid>
  <seriesid>161511</seriesid>
</Episode>
<Episode>
  <id>3456141</id>
  <Combined_episodenumber>5.0</Combined_episodenumber>
  <Combined_season>1</Combined_season>
  <DVD_chapter></DVD_chapter>
  <DVD_discid></DVD_discid>
  <DVD_episodenumber>5.0</DVD_episodenumber>
  <DVD_season>1</DVD_season>
  <Director>Mimi Leder</Director>
  <EpImgFlag>2</EpImgFlag>
  <EpisodeName>Three Boys</EpisodeName>
  <EpisodeNumber>5</EpisodeNumber>
  <FirstAired>2011-02-06</FirstAired>
  <GuestStars>Anthony Anderson|Vanessa Bell Calloway|Jane Levy|Sandy Martin|Tyler Jacob Moore|Marguerite Moreau|Joel Murray|Pej Vahdat|</GuestStars>
  <IMDB_ID>tt1744244</IMDB_ID>
  <Language>en</Language>
  <Overview>When the Gallagher's find out Veronica comes from a wealthy family, they try to scheme a fake wedding for the dowry. Meanwhile, Frank gets some bad news about his health.</Overview>
  <ProductionCode></ProductionCode>
  <Rating>7.7</Rating>
  <RatingCount>57</RatingCount>
  <SeasonNumber>1</SeasonNumber>
  <Writer>Alex Borstein</Writer>
  <absolute_number></absolute_number>
  <filename>episodes/161511/3456141.jpg</filename>
  <lastupdated>1364773369</lastupdated>
  <seasonid>321521</seasonid>
  <seriesid>161511</seriesid>
</Episode>
<Episode>
  <id>3456151</id>
  <Combined_episodenumber>6.0</Combined_episodenumber>
  <Combined_season>1</Combined_season>
  <DVD_chapter></DVD_chapter>
  <DVD_discid></DVD_discid>
  <DVD_episodenumber>6.0</DVD_episodenumber>
  <DVD_season>1</DVD_season>
  <Director>John Dahl</Director>
  <EpImgFlag>2</EpImgFlag>
  <EpisodeName>Killer Carl</EpisodeName>
  <EpisodeNumber>6</EpisodeNumber>
  <FirstAired>2011-02-13</FirstAired>
  <GuestStars>Dennis Boutsikaris|Noel Fisher|Brent Jennings|Robert Knepper|Marguerite Moreau|Joel Murray|Pej Vahdat|</GuestStars>
  <IMDB_ID>tt1751740</IMDB_ID>
  <Language>en</Language>
  <Overview>Fiona tries to prove the Gallagher home is suitable for rehabilitating a delinquent after receiving a letter from Carl's teacher; Lip gets busted taking the SAT for fellow students in exchange for cash; Kash and Ian are ashamed at their failure to stop a string of robberies at the Kash and Grab; Frank's poor business acumen continues to have negative consequences.</Overview>
  <ProductionCode></ProductionCode>
  <Rating>7.8</Rating>
  <RatingCount>50</RatingCount>
  <SeasonNumber>1</SeasonNumber>
  <Writer>Mike O'Malley</Writer>
  <absolute_number></absolute_number>
  <filename>episodes/161511/3456151.jpg</filename>
  <lastupdated>1364773385</lastupdated>
  <seasonid>321521</seasonid>
  <seriesid>161511</seriesid>
</Episode>
<Episode>
  <id>3456161</id>
  <Combined_episodenumber>7.0</Combined_episodenumber>
  <Combined_season>1</Combined_season>
  <DVD_chapter></DVD_chapter>
  <DVD_discid></DVD_discid>
  <DVD_episodenumber>7.0</DVD_episodenumber>
  <DVD_season>1</DVD_season>
  <Director>David Nutter</Director>
  <EpImgFlag>2</EpImgFlag>
  <EpisodeName>Frank Gallagher: Loving Husband, Devoted Father </EpisodeName>
  <EpisodeNumber>7</EpisodeNumber>
  <FirstAired>2011-02-20</FirstAired>
  <GuestStars>Noel Fisher|Robert Knepper|Jane Levy|Marguerite Moreau|Pej Vahdat|Timothy V. Murphy|Missy Doty|</GuestStars>
  <IMDB_ID>tt1814411</IMDB_ID>
  <Language>en</Language>
  <Overview>Frank gets into trouble with two goons he owes money. Fiona asks Sheila to take care of Liam while she spends a night with Steve, and Ian tries to stop Mickey from bullying Kash.</Overview>
  <ProductionCode></ProductionCode>
  <Rating>7.7</Rating>
  <RatingCount>48</RatingCount>
  <SeasonNumber>1</SeasonNumber>
  <Writer>Etan Frankel</Writer>
  <absolute_number></absolute_number>
  <filename>episodes/161511/3456161.jpg</filename>
  <lastupdated>1364773403</lastupdated>
  <seasonid>321521</seasonid>
  <seriesid>161511</seriesid>
</Episode>
<Episode>
  <id>3456171</id>
  <Combined_episodenumber>8.0</Combined_episodenumber>
  <Combined_season>1</Combined_season>
  <DVD_chapter></DVD_chapter>
  <DVD_discid></DVD_discid>
  <DVD_episodenumber>8.0</DVD_episodenumber>
  <DVD_season>1</DVD_season>
  <Director>Scott Frank</Director>
  <EpImgFlag>2</EpImgFlag>
  <EpisodeName>It's Time To Kill The Turtle</EpisodeName>
  <EpisodeNumber>8</EpisodeNumber>
  <FirstAired>2011-02-27</FirstAired>
  <GuestStars>Dennis Boutsikaris|Madison Davenport|Noel Fisher|Christopher Gartin|Jane Levy|Pej Vahdat</GuestStars>
  <IMDB_ID>tt1812446</IMDB_ID>
  <Language>en</Language>
  <Overview>Sheila fears to lose Frank when he gives up drinking. While Lip suspects their dad hasn't changed, Debbie and Carl enjoy having Frank back in their life. Meanwhile, Fiona tries to find a better paying job.</Overview>
  <ProductionCode></ProductionCode>
  <Rating>7.7</Rating>
  <RatingCount>50</RatingCount>
  <SeasonNumber>1</SeasonNumber>
  <Writer>Nathan Jackson|Nancy Pimental</Writer>
  <absolute_number></absolute_number>
  <filename>episodes/161511/3456171.jpg</filename>
  <lastupdated>1364773426</lastupdated>
  <seasonid>321521</seasonid>
  <seriesid>161511</seriesid>
</Episode>
<Episode>
  <id>3650491</id>
  <Combined_episodenumber>9.0</Combined_episodenumber>
  <Combined_season>1</Combined_season>
  <DVD_chapter></DVD_chapter>
  <DVD_discid></DVD_discid>
  <DVD_episodenumber>9.0</DVD_episodenumber>
  <DVD_season>1</DVD_season>
  <Director>Mark Mylod</Director>
  <EpImgFlag>2</EpImgFlag>
  <EpisodeName>But at Last Came a Knock</EpisodeName>
  <EpisodeNumber>9</EpisodeNumber>
  <FirstAired>2011-03-06</FirstAired>
  <GuestStars>Alex Borstein|Madison Davenport|Julia Duffy|Noel Fisher|Joel Murray|Pej Vahdat|Chloe Webb|</GuestStars>
  <IMDB_ID>tt1812447</IMDB_ID>
  <Language>en</Language>
  <Overview>Monica comes back when Frank needs her to sign documents and decides to take Liam with her. Meanwhile, Steve and Fiona move together.</Overview>
  <ProductionCode></ProductionCode>
  <Rating>7.8</Rating>
  <RatingCount>48</RatingCount>
  <SeasonNumber>1</SeasonNumber>
  <Writer>Paul Abbott|Alex Borstein</Writer>
  <absolute_number></absolute_number>
  <filename>episodes/161511/3650491.jpg</filename>
  <lastupdated>1364773453</lastupdated>
  <seasonid>321521</seasonid>
  <seriesid>161511</seriesid>
</Episode>
<Episode>
  <id>3650501</id>
  <Combined_episodenumber>10.0</Combined_episodenumber>
  <Combined_season>1</Combined_season>
  <DVD_chapter></DVD_chapter>
  <DVD_discid></DVD_discid>
  <DVD_episodenumber>10.0</DVD_episodenumber>
  <DVD_season>1</DVD_season>
  <Director>Adam Bernstein</Director>
  <EpImgFlag>2</EpImgFlag>
  <EpisodeName>Nana Gallagher Had an Affair</EpisodeName>
  <EpisodeNumber>10</EpisodeNumber>
  <FirstAired>2011-03-13</FirstAired>
  <GuestStars>Noel Fisher|Mo Gaffney|Jane Levy|Tyler Jacob Moore|Joel Murray|Chloe Webb|</GuestStars>
  <IMDB_ID>tt1814409</IMDB_ID>
  <Language>en</Language>
  <Overview>The children's paternity is put into question and Frank needs Carl's help.</Overview>
  <ProductionCode></ProductionCode>
  <Rating>7.9</Rating>
  <RatingCount>53</RatingCount>
  <SeasonNumber>1</SeasonNumber>
  <Writer>Paul Abbott|Cindy Caponera</Writer>
  <absolute_number></absolute_number>
  <filename>episodes/161511/3650501.jpg</filename>
  <lastupdated>1364773473</lastupdated>
  <seasonid>321521</seasonid>
  <seriesid>161511</seriesid>
</Episode>
<Episode>
  <id>3650511</id>
  <Combined_episodenumber>11.0</Combined_episodenumber>
  <Combined_season>1</Combined_season>
  <DVD_chapter></DVD_chapter>
  <DVD_discid></DVD_discid>
  <DVD_episodenumber>11.0</DVD_episodenumber>
  <DVD_season>1</DVD_season>
  <Director>Sanaa Hamri</Director>
  <EpImgFlag>2</EpImgFlag>
  <EpisodeName>Daddyz Girl</EpisodeName>
  <EpisodeNumber>11</EpisodeNumber>
  <FirstAired>2011-03-20</FirstAired>
  <GuestStars>Amy Smart|Louise Fletcher|Lindsey Ginter|Brad William Henke|Russell Hornsby|Leonard Earl Howze|John Kapelos|Tyler Jacob Moore|Joel Murray|</GuestStars>
  <IMDB_ID>tt1814410</IMDB_ID>
  <Language>en</Language>
  <Overview>Tony comes closer to discovering what Steve is doing, while Fiona makes a new friend. In the meantime, Lip helps Ian look for his father.</Overview>
  <ProductionCode></ProductionCode>
  <Rating>7.9</Rating>
  <RatingCount>56</RatingCount>
  <SeasonNumber>1</SeasonNumber>
  <Writer>Nancy Pimental</Writer>
  <absolute_number></absolute_number>
  <filename>episodes/161511/3650511.jpg</filename>
  <lastupdated>1364773494</lastupdated>
  <seasonid>321521</seasonid>
  <seriesid>161511</seriesid>
</Episode>
<Episode>
  <id>3650521</id>
  <Combined_episodenumber>12.0</Combined_episodenumber>
  <Combined_season>1</Combined_season>
  <DVD_chapter></DVD_chapter>
  <DVD_discid></DVD_discid>
  <DVD_episodenumber>12.0</DVD_episodenumber>
  <DVD_season>1</DVD_season>
  <Director>Mark Mylod</Director>
  <EpImgFlag>2</EpImgFlag>
  <EpisodeName>Father Frank, Full of Grace</EpisodeName>
  <EpisodeNumber>12</EpisodeNumber>
  <FirstAired>2011-03-27</FirstAired>
  <GuestStars>Amy Smart|Madison Davenport|Julia Duffy|Russell Hornsby|Toby Huss|Tyler Jacob Moore|Joel Murray|Jeremy Ratchford|</GuestStars>
  <IMDB_ID>tt1812445</IMDB_ID>
  <Language>en</Language>
  <Overview>Steve tries to convince Fiona to skip town with him now that his true livelihood as been discovered; Frank and Karen's secret is revealed, forcing Frank to go into hiding; Fiona tries to figure out how to get Lip and Ian out of jail after their arrest for car theft.</Overview>
  <ProductionCode></ProductionCode>
  <Rating>7.8</Rating>
  <RatingCount>57</RatingCount>
  <SeasonNumber>1</SeasonNumber>
  <Writer>John Wells</Writer>
  <absolute_number></absolute_number>
  <filename>episodes/161511/3650521.jpg</filename>
  <lastupdated>1364773503</lastupdated>
  <seasonid>321521</seasonid>
  <seriesid>161511</seriesid>
</Episode>
<Episode>
  <id>4145965</id>
  <Combined_episodenumber>1.0</Combined_episodenumber>
  <Combined_season>2</Combined_season>
  <DVD_chapter></DVD_chapter>
  <DVD_discid></DVD_discid>
  <DVD_episodenumber>1.0</DVD_episodenumber>
  <DVD_season>2</DVD_season>
  <Director>Mark Mylod</Director>
  <EpImgFlag>2</EpImgFlag>
  <EpisodeName>Summertime</EpisodeName>
  <EpisodeNumber>1</EpisodeNumber>
  <FirstAired>2012-01-08</FirstAired>
  <GuestStars>Amy Smart|James Wolk|Madison Davenport|Marcus Brown|Pej Vahdat|Emma Greenwell|Tyler Jacob Moore|Marguerite Moreau|Jack Carter|Dennis Boutsikaris|</GuestStars>
  <IMDB_ID>tt1988453</IMDB_ID>
  <Language>en</Language>
  <Overview>Fiona spends her summer with a new guy and bartending, while Debbie runs a daycare at their home. Meanwhile, Kevin realizes his extended weed-growing left him with a huge electrical bill and Frank borrows his youngest son Liam to help him pay a debt.</Overview>
  <ProductionCode></ProductionCode>
  <Rating>7.6</Rating>
  <RatingCount>60</RatingCount>
  <SeasonNumber>2</SeasonNumber>
  <Writer>John Wells|LaToya Morgan</Writer>
  <absolute_number></absolute_number>
  <filename>episodes/161511/4145965.jpg</filename>
  <lastupdated>1364773575</lastupdated>
  <seasonid>471102</seasonid>
  <seriesid>161511</seriesid>
</Episode>
<Episode>
  <id>4220094</id>
  <Combined_episodenumber>2.0</Combined_episodenumber>
  <Combined_season>2</Combined_season>
  <DVD_chapter></DVD_chapter>
  <DVD_discid></DVD_discid>
  <DVD_episodenumber>2.0</DVD_episodenumber>
  <DVD_season>2</DVD_season>
  <Director>John Wells</Director>
  <EpImgFlag>2</EpImgFlag>
  <EpisodeName>Summer Loving</EpisodeName>
  <EpisodeNumber>2</EpisodeNumber>
  <FirstAired>2012-01-15</FirstAired>
  <GuestStars>Dale Wade Davis|Amy Smart|Noel Fisher|Emma Greenwell|Madison Davenport|Marguerite Moreau|</GuestStars>
  <IMDB_ID>tt2004908</IMDB_ID>
  <Language>en</Language>
  <Overview>As Sheila conquers her agoraphobia, a worried Frank finds a new financial plan in fellow bar patron Dottie, whose declining health and city pension make her an ideal match; Fiona juggles her job, the kids and her burgeoning love life, and Jasmine tries to help by setting up Fiona with a sugar daddy; Veronica takes some old folks from the home on an excursion; Lip worries about Karen's growing relationship with Jody; Ian tries to land a recently released Mickey a job at the Kash and Grab; Debbie wants her own room; Carl moves into the van.</Overview>
  <ProductionCode></ProductionCode>
  <Rating>7.5</Rating>
  <RatingCount>55</RatingCount>
  <SeasonNumber>2</SeasonNumber>
  <Writer>Mike O'Malley|LaToya Morgan</Writer>
  <absolute_number></absolute_number>
  <filename>episodes/161511/4220094.jpg</filename>
  <lastupdated>1364773601</lastupdated>
  <seasonid>471102</seasonid>
  <seriesid>161511</seriesid>
</Episode>
<Episode>
  <id>4220096</id>
  <Combined_episodenumber>3.0</Combined_episodenumber>
  <Combined_season>2</Combined_season>
  <DVD_chapter></DVD_chapter>
  <DVD_discid></DVD_discid>
  <DVD_episodenumber>3.0</DVD_episodenumber>
  <DVD_season>2</DVD_season>
  <Director>Craig Zisk</Director>
  <EpImgFlag>2</EpImgFlag>
  <EpisodeName>I'll Light a Candle for You Every Day</EpisodeName>
  <EpisodeNumber>3</EpisodeNumber>
  <FirstAired>2012-01-22</FirstAired>
  <GuestStars>Molly Price|Madison Davenport|Zach McGowan|Trey Teufel|</GuestStars>
  <IMDB_ID>tt2108266</IMDB_ID>
  <Language>en</Language>
  <Overview>Fiona hopes her moral compass isn't leading her astray when she reconnects with her married high school crush, but when she finds an abandoned purse with over five hundred dollars inside, she assumes her luck is finally changing; Frank is willing to do just about anything to stay in Dottie's good graces, even marry her; after Harry's passing, Debbie becomes obsessed with death; Kevin thinks about buying the Alibi; Lip meets with a colonel to glean information for Ian about West Point; Jody asks Frank for Karen's hand in marriage.</Overview>
  <ProductionCode></ProductionCode>
  <Rating>7.7</Rating>
  <RatingCount>50</RatingCount>
  <SeasonNumber>2</SeasonNumber>
  <Writer>Nancy Pimental|LaToya Morgan</Writer>
  <absolute_number></absolute_number>
  <filename>episodes/161511/4220096.jpg</filename>
  <lastupdated>1364773623</lastupdated>
  <seasonid>471102</seasonid>
  <seriesid>161511</seriesid>
</Episode>
<Episode>
  <id>4220097</id>
  <Combined_episodenumber>4.0</Combined_episodenumber>
  <Combined_season>2</Combined_season>
  <DVD_chapter></DVD_chapter>
  <DVD_discid></DVD_discid>
  <DVD_episodenumber>4.0</DVD_episodenumber>
  <DVD_season>2</DVD_season>
  <Director>Mark Mylod</Director>
  <EpImgFlag>2</EpImgFlag>
  <EpisodeName>A Beautiful Mess</EpisodeName>
  <EpisodeNumber>4</EpisodeNumber>
  <FirstAired>2012-01-29</FirstAired>
  <GuestStars>Amy Smart|James Wolk|Madison Davenport|Noel Fisher|Zach McGowan|Emma Greenwell|Taylor Kinney|Brit Morgan|Nicky Korba|Zayne Emory|Dove Cameron|</GuestStars>
  <IMDB_ID>tt2108267</IMDB_ID>
  <Language>en</Language>
  <Overview>Fiona deals with the consequences of sleeping with Craig when his angry wife shows up at the door; Debbie develops a stress-rash and Fiona wonders if she's putting too much responsibility on the kids; Sheila has made it all the way to the hair salon and Frank realizes his days in the Jackson household are numbered; no longer having sex with Karen, Lip tries to dig up dirt on Jody; Ian continues on the path to West Point; Carl house-sits with his friend, Little Hank; Ethel meets Malik, a boy on Kevin's youth basketball team.</Overview>
  <ProductionCode></ProductionCode>
  <Rating>7.9</Rating>
  <RatingCount>51</RatingCount>
  <SeasonNumber>2</SeasonNumber>
  <Writer>Alex Borstein|LaToya Morgan</Writer>
  <absolute_number></absolute_number>
  <filename>episodes/161511/4220097.jpg</filename>
  <lastupdated>1364773634</lastupdated>
  <seasonid>471102</seasonid>
  <seriesid>161511</seriesid>
</Episode>
<Episode>
  <id>4232177</id>
  <Combined_episodenumber>5.0</Combined_episodenumber>
  <Combined_season>2</Combined_season>
  <DVD_chapter></DVD_chapter>
  <DVD_discid></DVD_discid>
  <DVD_episodenumber>5.0</DVD_episodenumber>
  <DVD_season>2</DVD_season>
  <Director>Anthony Hemingway</Director>
  <EpImgFlag>2</EpImgFlag>
  <EpisodeName>Father's Day</EpisodeName>
  <EpisodeNumber>5</EpisodeNumber>
  <FirstAired>2012-02-05</FirstAired>
  <GuestStars>Madison Davenport|Zach McGowan|Emma Greenwell|Peter Murnik|Johnny Sneed|</GuestStars>
  <IMDB_ID>tt2108268</IMDB_ID>
  <Language>en</Language>
  <Overview>Frank tries to claim Eddie's insurance benefits and pension, despite being a prime suspect in his death; Fiona attends a ritzy wedding with Richard and lies about her background; Lip is devastated by Karen's rejection; Carl rents Frank's room to a hooker.</Overview>
  <ProductionCode></ProductionCode>
  <Rating>7.6</Rating>
  <RatingCount>47</RatingCount>
  <SeasonNumber>2</SeasonNumber>
  <Writer>Etan Frankel|Stan Frankel|LaToya Morgan</Writer>
  <absolute_number></absolute_number>
  <filename>episodes/161511/4232177.jpg</filename>
  <lastupdated>1364773659</lastupdated>
  <seasonid>471102</seasonid>
  <seriesid>161511</seriesid>
</Episode>
<Episode>
  <id>4232178</id>
  <Combined_episodenumber>6.0</Combined_episodenumber>
  <Combined_season>2</Combined_season>
  <DVD_chapter></DVD_chapter>
  <DVD_discid></DVD_discid>
  <DVD_episodenumber>6.0</DVD_episodenumber>
  <DVD_season>2</DVD_season>
  <Director>John Dahl</Director>
  <EpImgFlag>1</EpImgFlag>
  <EpisodeName>Can I Have a Mother</EpisodeName>
  <EpisodeNumber>6</EpisodeNumber>
  <FirstAired>2012-02-12</FirstAired>
  <GuestStars>James Wolk|Madison Davenport|Zach McGowan|Tyler Jacob Moore|Stephanie Fantauzzi|Rob Benedict|Lisa K. Wyatt|Louise Fletcher|</GuestStars>
  <IMDB_ID>tt2048583</IMDB_ID>
  <Language>en</Language>
  <Overview>Grammy Gallagher shows up on a medical furlough and tries to track down a former meth lab protege that owes her money; Sheila plans Karen's wedding reception; Fiona double dates with Steve and his Brazilian girlfriend, and discovers that Steve is married; Ethel reacts to Clyde's death; Frank discovers the identity of Eddie's insurance beneficiary.</Overview>
  <ProductionCode></ProductionCode>
  <Rating>8.2</Rating>
  <RatingCount>49</RatingCount>
  <SeasonNumber>2</SeasonNumber>
  <Writer>William H. Macy|Steven Schachter|Steven Schaffer|LaToya Morgan|</Writer>
  <absolute_number></absolute_number>
  <filename>episodes/161511/4232178.jpg</filename>
  <lastupdated>1364773671</lastupdated>
  <seasonid>471102</seasonid>
  <seriesid>161511</seriesid>
</Episode>
<Episode>
  <id>4232179</id>
  <Combined_episodenumber>7.0</Combined_episodenumber>
  <Combined_season>2</Combined_season>
  <DVD_chapter></DVD_chapter>
  <DVD_discid></DVD_discid>
  <DVD_episodenumber>7.0</DVD_episodenumber>
  <DVD_season>2</DVD_season>
  <Director>David Nutter</Director>
  <EpImgFlag>2</EpImgFlag>
  <EpisodeName>A Bottle of Jean Nate</EpisodeName>
  <EpisodeNumber>7</EpisodeNumber>
  <FirstAired>2012-02-19</FirstAired>
  <GuestStars>Amy Smart|Zach McGowan|Stephanie Fantauzzi|Gwen McGee|Rakefet Abergel|Gloria Garayua|Jack Carter|Louise Fletcher|</GuestStars>
  <IMDB_ID>tt2064556</IMDB_ID>
  <Language>en</Language>
  <Overview>Lip tries to get back in Karen's good graces by crafting a prenuptial agreement for her and Jody, while Ian continues to give Lip the silent treatment; Frank wants to kick Grammy out but Fiona resists until the basement meth lab explodes; Fiona is invited on a boat trip but doesn't realize Steve and his girlfriend are also attending.</Overview>
  <ProductionCode></ProductionCode>
  <Rating>7.9</Rating>
  <RatingCount>45</RatingCount>
  <SeasonNumber>2</SeasonNumber>
  <Writer>Nancy Pimental|LaToya Morgan|</Writer>
  <absolute_number></absolute_number>
  <filename>episodes/161511/4232179.jpg</filename>
  <lastupdated>1364773694</lastupdated>
  <seasonid>471102</seasonid>
  <seriesid>161511</seriesid>
</Episode>
<Episode>
  <id>4238737</id>
  <Combined_episodenumber>8.0</Combined_episodenumber>
  <Combined_season>2</Combined_season>
  <DVD_chapter></DVD_chapter>
  <DVD_discid></DVD_discid>
  <DVD_episodenumber>8.0</DVD_episodenumber>
  <DVD_season>2</DVD_season>
  <Director>Daisy von Scherler Mayer</Director>
  <EpImgFlag>2</EpImgFlag>
  <EpisodeName>Parenthood</EpisodeName>
  <EpisodeNumber>8</EpisodeNumber>
  <FirstAired>2012-03-04</FirstAired>
  <GuestStars>Zach McGowan|Stephanie Fantauzzi|Noel Fisher|Chloe Webb|Ed Lauter|Susan Krebs|Larry Clarke|Diora Baird|</GuestStars>
  <IMDB_ID>tt2105878</IMDB_ID>
  <Language>en</Language>
  <Overview>With Grammy near death, Frank exits the house but walks in on Ian and Mickey locked in passion at the Kash and Grab; when Lip drops out of school, Fiona proposes a deal where they both earn their diplomas, but Lip acts out and gets himself expelled when he realizes that Karen plans to sell their baby to the highest bidder.</Overview>
  <ProductionCode></ProductionCode>
  <Rating>7.8</Rating>
  <RatingCount>47</RatingCount>
  <SeasonNumber>2</SeasonNumber>
  <Writer>Mike O'Malley|LaToya Morgan</Writer>
  <absolute_number></absolute_number>
  <filename>episodes/161511/4238737.jpg</filename>
  <lastupdated>1364773710</lastupdated>
  <seasonid>471102</seasonid>
  <seriesid>161511</seriesid>
</Episode>
<Episode>
  <id>4238738</id>
  <Combined_episodenumber>9</Combined_episodenumber>
  <Combined_season>2</Combined_season>
  <DVD_chapter></DVD_chapter>
  <DVD_discid></DVD_discid>
  <DVD_episodenumber></DVD_episodenumber>
  <DVD_season></DVD_season>
  <Director>Alex Graves</Director>
  <EpImgFlag>2</EpImgFlag>
  <EpisodeName>Hurricane Monica</EpisodeName>
  <EpisodeNumber>9</EpisodeNumber>
  <FirstAired>2012-03-11</FirstAired>
  <GuestStars>Chloe Webb|Emma Greenwell</GuestStars>
  <IMDB_ID>tt2080942</IMDB_ID>
  <Language>en</Language>
  <Overview>Monica returns to party and plot scams with Frank, but the rest of the family suspects she hasn't returned to stay; Fiona reconsiders her decision to kick Lip out of the house; Grammy's death affects everyone differently, and leaves Frank determined to make sure he gets every last penny his mother left behind; Sheila and Jody think Eddie's ghost is haunting the house.</Overview>
  <ProductionCode></ProductionCode>
  <Rating>7.7</Rating>
  <RatingCount>43</RatingCount>
  <SeasonNumber>2</SeasonNumber>
  <Writer>Alex Borstein</Writer>
  <absolute_number></absolute_number>
  <filename>episodes/161511/4238738.jpg</filename>
  <lastupdated>1364773734</lastupdated>
  <seasonid>471102</seasonid>
  <seriesid>161511</seriesid>
</Episode>
<Episode>
  <id>4238739</id>
  <Combined_episodenumber>10</Combined_episodenumber>
  <Combined_season>2</Combined_season>
  <DVD_chapter></DVD_chapter>
  <DVD_discid></DVD_discid>
  <DVD_episodenumber></DVD_episodenumber>
  <DVD_season></DVD_season>
  <Director>Mimi Leder</Director>
  <EpImgFlag>2</EpImgFlag>
  <EpisodeName>A Great Cause</EpisodeName>
  <EpisodeNumber>10</EpisodeNumber>
  <FirstAired>2012-03-18</FirstAired>
  <GuestStars>Chloe Webb|Zach McGowan|Stephanie Fantauzzi|Emma Greenwell|Diora Baird</GuestStars>
  <IMDB_ID>tt2093744</IMDB_ID>
  <Language>en</Language>
  <Overview>Fiona starts to plan for her future now that Monica is back but her reprieve may be short-lived as Monica falls apart, spends the squirrel fund and gets arrested; Steve conspires to reunite Estefania with her true love so that he can be with Fiona; Lip and Ian learn the true identity of Mandy's baby; Sheila takes in a homeless crack addict.</Overview>
  <ProductionCode></ProductionCode>
  <Rating>7.8</Rating>
  <RatingCount>42</RatingCount>
  <SeasonNumber>2</SeasonNumber>
  <Writer>Etan Frankel</Writer>
  <absolute_number></absolute_number>
  <filename>episodes/161511/4238739.jpg</filename>
  <lastupdated>1364976783</lastupdated>
  <seasonid>471102</seasonid>
  <seriesid>161511</seriesid>
</Episode>
<Episode>
  <id>4238740</id>
  <Combined_episodenumber>11</Combined_episodenumber>
  <Combined_season>2</Combined_season>
  <DVD_chapter></DVD_chapter>
  <DVD_discid></DVD_discid>
  <DVD_episodenumber></DVD_episodenumber>
  <DVD_season></DVD_season>
  <Director>Mark Mylod</Director>
  <EpImgFlag>2</EpImgFlag>
  <EpisodeName>Just Like the Pilgrims Intended</EpisodeName>
  <EpisodeNumber>11</EpisodeNumber>
  <FirstAired>2012-03-25</FirstAired>
  <GuestStars></GuestStars>
  <IMDB_ID>tt2091073</IMDB_ID>
  <Language>en</Language>
  <Overview>It's a typical Gallagher nontraditional Thanksgiving that includes a suicide attempt by Monica, Carl shooting a bald eagle, and Karen going into labor; Steve agrees to allow Estefania's boyfriend to steal his identity; Ian sleeps with a businessman named Ned; Frank tries to get his share of his mother's money from his brother Clayton.</Overview>
  <ProductionCode></ProductionCode>
  <Rating>7.7</Rating>
  <RatingCount>46</RatingCount>
  <SeasonNumber>2</SeasonNumber>
  <Writer>Nancy Pimental</Writer>
  <absolute_number></absolute_number>
  <filename>episodes/161511/4238740.jpg</filename>
  <lastupdated>1364773776</lastupdated>
  <seasonid>471102</seasonid>
  <seriesid>161511</seriesid>
</Episode>
<Episode>
  <id>4274498</id>
  <Combined_episodenumber>12</Combined_episodenumber>
  <Combined_season>2</Combined_season>
  <DVD_chapter></DVD_chapter>
  <DVD_discid></DVD_discid>
  <DVD_episodenumber></DVD_episodenumber>
  <DVD_season></DVD_season>
  <Director>John Wells</Director>
  <EpImgFlag>2</EpImgFlag>
  <EpisodeName>Fiona Interrupted</EpisodeName>
  <EpisodeNumber>12</EpisodeNumber>
  <FirstAired>2012-04-01</FirstAired>
  <GuestStars>Harry Hamlin|Chloe Webb|Zach McGowan|Stephanie Fantauzzi|Emma Greenwell|Tyler Jacob Moore|Julia Duffy|Christopher Gartin|Jim Hoffmaster|William Charles Mitchell|Larry Herron|Jenna Elfman</GuestStars>
  <IMDB_ID>tt2104602</IMDB_ID>
  <Language>en</Language>
  <Overview>A lonely Frank schemes to break Monica out of the psychiatric facility. Jimmy earns his way back into Fiona's good graces and she asks to meet his family while Ian runs into Ned again.</Overview>
  <ProductionCode></ProductionCode>
  <Rating>7.9</Rating>
  <RatingCount>39</RatingCount>
  <SeasonNumber>2</SeasonNumber>
  <Writer>John Wells</Writer>
  <absolute_number></absolute_number>
  <filename>episodes/161511/4274498.jpg</filename>
  <lastupdated>1364773788</lastupdated>
  <seasonid>471102</seasonid>
  <seriesid>161511</seriesid>
</Episode>
<Episode>
  <id>4400381</id>
  <Combined_episodenumber>1</Combined_episodenumber>
  <Combined_season>3</Combined_season>
  <DVD_chapter></DVD_chapter>
  <DVD_discid></DVD_discid>
  <DVD_episodenumber></DVD_episodenumber>
  <DVD_season></DVD_season>
  <Director>Mark Mylod</Director>
  <EpImgFlag>2</EpImgFlag>
  <EpisodeName>El Gran Cañon</EpisodeName>
  <EpisodeNumber>1</EpisodeNumber>
  <FirstAired>2013-01-13</FirstAired>
  <GuestStars>Harry Hamlin|Stephanie Fantauzzi|Ed Lauter|Bernardo de Paula|Pêpê Rapazote|Lombardo Boyar|Diora Baird|Thierre Di Castro|Danny Mora|Tara Karsian|John Bishop</GuestStars>
  <IMDB_ID>tt2316912</IMDB_ID>
  <Language>en</Language>
  <Overview>Fiona struggles to accept the new Jimmy; Frank wakes up in a place completely foreign to him.</Overview>
  <ProductionCode></ProductionCode>
  <Rating>8.1</Rating>
  <RatingCount>23</RatingCount>
  <SeasonNumber>3</SeasonNumber>
  <Writer>John Wells</Writer>
  <absolute_number></absolute_number>
  <filename>episodes/161511/4400381.jpg</filename>
  <lastupdated>1365517623</lastupdated>
  <seasonid>501077</seasonid>
  <seriesid>161511</seriesid>
</Episode>
<Episode>
  <id>4457516</id>
  <Combined_episodenumber>2</Combined_episodenumber>
  <Combined_season>3</Combined_season>
  <DVD_chapter></DVD_chapter>
  <DVD_discid></DVD_discid>
  <DVD_episodenumber></DVD_episodenumber>
  <DVD_season></DVD_season>
  <Director>Anthony Hemingway</Director>
  <EpImgFlag>2</EpImgFlag>
  <EpisodeName>The American Dream</EpisodeName>
  <EpisodeNumber>2</EpisodeNumber>
  <FirstAired>2013-01-20</FirstAired>
  <GuestStars>Stephanie Fantauzzi|Ed Lauter|Bernardo de Paula|Cameron Richardson|Vyto Ruginis|Diora Baird|Brendan Patrick Connor|Joseph Fuhr|Michael Patrick McGill|Kerry O'Malley|Kevin Phillips|Harrison Xu|Chasty Ballesteros|C.J. Berdahl||Rebecca Jordan|Burton Perez</GuestStars>
  <IMDB_ID>tt2316918</IMDB_ID>
  <Language>en</Language>
  <Overview>Fiona is stressed about the money she used for her club night; Frank makes his way home.</Overview>
  <ProductionCode></ProductionCode>
  <Rating>7.9</Rating>
  <RatingCount>26</RatingCount>
  <SeasonNumber>3</SeasonNumber>
  <Writer>Nancy Pimental</Writer>
  <absolute_number></absolute_number>
  <filename>episodes/161511/4457516.jpg</filename>
  <lastupdated>1365576657</lastupdated>
  <seasonid>501077</seasonid>
  <seriesid>161511</seriesid>
</Episode>
<Episode>
  <id>4457517</id>
  <Combined_episodenumber>3</Combined_episodenumber>
  <Combined_season>3</Combined_season>
  <DVD_chapter></DVD_chapter>
  <DVD_discid></DVD_discid>
  <DVD_episodenumber></DVD_episodenumber>
  <DVD_season></DVD_season>
  <Director>Steve Shill</Director>
  <EpImgFlag>2</EpImgFlag>
  <EpisodeName>May I Trim Your Hedges?</EpisodeName>
  <EpisodeNumber>3</EpisodeNumber>
  <FirstAired>2013-01-27</FirstAired>
  <GuestStars>Melissa De Sousa|Eric Edelstein|Stephanie Fantauzzi|Zoran Korach|Bernardo de Paula|Nicky Korba|Michael Patrick McGill|Justine Lupe|</GuestStars>
  <IMDB_ID>tt2316924</IMDB_ID>
  <Language>en</Language>
  <Overview>Frank tells Carl he has cancer to scam a charity foundation; Lip hunts down pedophiles in the neighborhood.</Overview>
  <ProductionCode></ProductionCode>
  <Rating>7.8</Rating>
  <RatingCount>24</RatingCount>
  <SeasonNumber>3</SeasonNumber>
  <Writer>Krista Vernoff</Writer>
  <absolute_number></absolute_number>
  <filename>episodes/161511/4457517.jpg</filename>
  <lastupdated>1365517714</lastupdated>
  <seasonid>501077</seasonid>
  <seriesid>161511</seriesid>
</Episode>
<Episode>
  <id>4477134</id>
  <Combined_episodenumber>4</Combined_episodenumber>
  <Combined_season>3</Combined_season>
  <DVD_chapter></DVD_chapter>
  <DVD_discid></DVD_discid>
  <DVD_episodenumber></DVD_episodenumber>
  <DVD_season></DVD_season>
  <Director>Randall Einhorn</Director>
  <EpImgFlag>2</EpImgFlag>
  <EpisodeName>The Helpful Gallaghers</EpisodeName>
  <EpisodeNumber>4</EpisodeNumber>
  <FirstAired>2013-02-10</FirstAired>
  <GuestStars>Sally Ann Brooks|Eric Edelstein|Ellen Gerstein|Cooper Gillespie|Michael Patrick McGill|Madison Moellers|Harry Hamlin|</GuestStars>
  <IMDB_ID>tt2316926</IMDB_ID>
  <Language>en</Language>
  <Overview>Carl says his goodbyes; Frank is on babysitting duty; Sheila wants to introduce Jody to toy time.</Overview>
  <ProductionCode></ProductionCode>
  <Rating>7.7</Rating>
  <RatingCount>25</RatingCount>
  <SeasonNumber>3</SeasonNumber>
  <Writer>Mike O'Malley</Writer>
  <absolute_number></absolute_number>
  <filename>episodes/161511/4477134.jpg</filename>
  <lastupdated>1365517777</lastupdated>
  <seasonid>501077</seasonid>
  <seriesid>161511</seriesid>
</Episode>
<Episode>
  <id>4477139</id>
  <Combined_episodenumber>5</Combined_episodenumber>
  <Combined_season>3</Combined_season>
  <DVD_chapter></DVD_chapter>
  <DVD_discid></DVD_discid>
  <DVD_episodenumber></DVD_episodenumber>
  <DVD_season></DVD_season>
  <Director>J. Michael Muro</Director>
  <EpImgFlag>2</EpImgFlag>
  <EpisodeName>The Sins of My Caretaker</EpisodeName>
  <EpisodeNumber>5</EpisodeNumber>
  <FirstAired>2013-02-17</FirstAired>
  <GuestStars>Madison Curtis|</GuestStars>
  <IMDB_ID>tt2316928</IMDB_ID>
  <Language>en</Language>
  <Overview>The city needs to work on the sewer main and Frank must find Aunt Ginger's bones in the yard before they dig.</Overview>
  <ProductionCode></ProductionCode>
  <Rating>7.7</Rating>
  <RatingCount>24</RatingCount>
  <SeasonNumber>3</SeasonNumber>
  <Writer>Sheila Callaghan</Writer>
  <absolute_number></absolute_number>
  <filename>episodes/161511/4477139.jpg</filename>
  <lastupdated>1365518062</lastupdated>
  <seasonid>501077</seasonid>
  <seriesid>161511</seriesid>
</Episode>
<Episode>
  <id>4477144</id>
  <Combined_episodenumber>6</Combined_episodenumber>
  <Combined_season>3</Combined_season>
  <DVD_chapter></DVD_chapter>
  <DVD_discid></DVD_discid>
  <DVD_episodenumber></DVD_episodenumber>
  <DVD_season></DVD_season>
  <Director>Anthony Hemingway</Director>
  <EpImgFlag>2</EpImgFlag>
  <EpisodeName>Cascading Failures</EpisodeName>
  <EpisodeNumber>6</EpisodeNumber>
  <FirstAired>2013-02-24</FirstAired>
  <GuestStars>Dale Wade Davis|Isidora Goreshter|René Mena|Madison Moellers|Mustafa Shakir|Sarah Stouffer|Mike Doyle|</GuestStars>
  <IMDB_ID>tt2386512</IMDB_ID>
  <Language>en</Language>
  <Overview>Fiona is desperate to get the children back after the Department of Family Services hauls them away.</Overview>
  <ProductionCode></ProductionCode>
  <Rating>7.9</Rating>
  <RatingCount>26</RatingCount>
  <SeasonNumber>3</SeasonNumber>
  <Writer>Alex Borstein</Writer>
  <absolute_number></absolute_number>
  <filename>episodes/161511/4477144.jpg</filename>
  <lastupdated>1365518099</lastupdated>
  <seasonid>501077</seasonid>
  <seriesid>161511</seriesid>
</Episode>
<Episode>
  <id>4490817</id>
  <Combined_episodenumber>7</Combined_episodenumber>
  <Combined_season>3</Combined_season>
  <DVD_chapter></DVD_chapter>
  <DVD_discid></DVD_discid>
  <DVD_episodenumber></DVD_episodenumber>
  <DVD_season></DVD_season>
  <Director>Mimi Leder</Director>
  <EpImgFlag>2</EpImgFlag>
  <EpisodeName>A Long Way From Home</EpisodeName>
  <EpisodeNumber>7</EpisodeNumber>
  <FirstAired>2013-03-03</FirstAired>
  <GuestStars>Bernardo de Paula|Keiko Agena|</GuestStars>
  <IMDB_ID>tt2666306</IMDB_ID>
  <Language>en</Language>
  <Overview>Frank and Fiona go to extreme lengths in court to claim custody of the kids.</Overview>
  <ProductionCode></ProductionCode>
  <Rating>7.6</Rating>
  <RatingCount>20</RatingCount>
  <SeasonNumber>3</SeasonNumber>
  <Writer>Etan Frankel</Writer>
  <absolute_number></absolute_number>
  <filename>episodes/161511/4490817.jpg</filename>
  <lastupdated>1365517911</lastupdated>
  <seasonid>501077</seasonid>
  <seriesid>161511</seriesid>
</Episode>
<Episode>
  <id>4490819</id>
  <Combined_episodenumber>8</Combined_episodenumber>
  <Combined_season>3</Combined_season>
  <DVD_chapter></DVD_chapter>
  <DVD_discid></DVD_discid>
  <DVD_episodenumber></DVD_episodenumber>
  <DVD_season></DVD_season>
  <Director>Danny Cannon</Director>
  <EpImgFlag>2</EpImgFlag>
  <EpisodeName>Where There's A Will</EpisodeName>
  <EpisodeNumber>8</EpisodeNumber>
  <FirstAired>2013-03-10</FirstAired>
  <GuestStars>Noel Fisher|Christian Clemenson|Bernardo de Paula|Tyler Jacob Moore|Brent Sexton|</GuestStars>
  <IMDB_ID>tt2666310</IMDB_ID>
  <Language>en</Language>
  <Overview>The family gathers for the real Aunt Ginger's fake funeral.</Overview>
  <ProductionCode></ProductionCode>
  <Rating>7.7</Rating>
  <RatingCount>20</RatingCount>
  <SeasonNumber>3</SeasonNumber>
  <Writer>Davey Holmes</Writer>
  <absolute_number></absolute_number>
  <filename>episodes/161511/4490819.jpg</filename>
  <lastupdated>1365517925</lastupdated>
  <seasonid>501077</seasonid>
  <seriesid>161511</seriesid>
</Episode>
<Episode>
  <id>4490820</id>
  <Combined_episodenumber>9</Combined_episodenumber>
  <Combined_season>3</Combined_season>
  <DVD_chapter></DVD_chapter>
  <DVD_discid></DVD_discid>
  <DVD_episodenumber></DVD_episodenumber>
  <DVD_season></DVD_season>
  <Director>Mark Mylod</Director>
  <EpImgFlag>2</EpImgFlag>
  <EpisodeName>Frank the Plumber</EpisodeName>
  <EpisodeNumber>9</EpisodeNumber>
  <FirstAired>2013-03-17</FirstAired>
  <GuestStars>Bradley Whitford|Christian Clemenson|Bernardo de Paula|Bill Brochtrup|</GuestStars>
  <IMDB_ID>tt2666316</IMDB_ID>
  <Language>en</Language>
  <Overview>Fiona starts a new office job but has a hard time fitting in with the corporate culture. In an attempt to get medical coverage, Frank inadvertently becomes involved in the gay rights movement where he meets Abraham Paige, a powerful activist.</Overview>
  <ProductionCode></ProductionCode>
  <Rating>7.8</Rating>
  <RatingCount>19</RatingCount>
  <SeasonNumber>3</SeasonNumber>
  <Writer>Krista Vernoff</Writer>
  <absolute_number></absolute_number>
  <filename>episodes/161511/4490820.jpg</filename>
  <lastupdated>1365517960</lastupdated>
  <seasonid>501077</seasonid>
  <seriesid>161511</seriesid>
</Episode>
<Episode>
  <id>4490821</id>
  <Combined_episodenumber>10</Combined_episodenumber>
  <Combined_season>3</Combined_season>
  <DVD_chapter></DVD_chapter>
  <DVD_discid></DVD_discid>
  <DVD_episodenumber></DVD_episodenumber>
  <DVD_season></DVD_season>
  <Director>Gary B. Goldman</Director>
  <EpImgFlag>2</EpImgFlag>
  <EpisodeName>Civil Wrongs</EpisodeName>
  <EpisodeNumber>10</EpisodeNumber>
  <FirstAired>2013-03-24</FirstAired>
  <GuestStars>Noel Fisher|Bill Brochtrup|Bradley Whitford|Jeff Doucette|</GuestStars>
  <IMDB_ID>tt2666312</IMDB_ID>
  <Language>en</Language>
  <Overview>Fiona's job has brought structure ito her life, but when Jimmy drops a bomb on her things fall apart. Frank is happy with his newfound celebrity as the face of the gay rights movement.</Overview>
  <ProductionCode></ProductionCode>
  <Rating>7.5</Rating>
  <RatingCount>17</RatingCount>
  <SeasonNumber>3</SeasonNumber>
  <Writer>Mike O'Malley</Writer>
  <absolute_number></absolute_number>
  <filename>episodes/161511/4490821.jpg</filename>
  <lastupdated>1365518222</lastupdated>
  <seasonid>501077</seasonid>
  <seriesid>161511</seriesid>
</Episode>
<Episode>
  <id>4490822</id>
  <Combined_episodenumber>11</Combined_episodenumber>
  <Combined_season>3</Combined_season>
  <DVD_chapter></DVD_chapter>
  <DVD_discid></DVD_discid>
  <DVD_episodenumber></DVD_episodenumber>
  <DVD_season></DVD_season>
  <Director>Sanaa Hamri</Director>
  <EpImgFlag>2</EpImgFlag>
  <EpisodeName>Order Room Service</EpisodeName>
  <EpisodeNumber>11</EpisodeNumber>
  <FirstAired>2013-03-31</FirstAired>
  <GuestStars></GuestStars>
  <IMDB_ID>tt2666314</IMDB_ID>
  <Language>en</Language>
  <Overview>Fiona takes the kids on a camping trip. Essentially homeless, Frank seeks out Carl who sneaks him into the Gallagher van for the night.</Overview>
  <ProductionCode></ProductionCode>
  <Rating>7.9</Rating>
  <RatingCount>15</RatingCount>
  <SeasonNumber>3</SeasonNumber>
  <Writer>Sheila Callaghan</Writer>
  <absolute_number></absolute_number>
  <filename>episodes/161511/4490822.jpg</filename>
  <lastupdated>1365518316</lastupdated>
  <seasonid>501077</seasonid>
  <seriesid>161511</seriesid>
</Episode>
<Episode>
  <id>4490826</id>
  <Combined_episodenumber>12</Combined_episodenumber>
  <Combined_season>3</Combined_season>
  <DVD_chapter></DVD_chapter>
  <DVD_discid></DVD_discid>
  <DVD_episodenumber></DVD_episodenumber>
  <DVD_season></DVD_season>
  <Director></Director>
  <EpImgFlag>2</EpImgFlag>
  <EpisodeName>Survival of the Fittest</EpisodeName>
  <EpisodeNumber>12</EpisodeNumber>
  <FirstAired>2013-04-07</FirstAired>
  <GuestStars></GuestStars>
  <IMDB_ID>tt2747042</IMDB_ID>
  <Language>en</Language>
  <Overview>Fiona and the family prepare a surprise high school,graduation party for Lip. Frank wins a bet and uses the winnings to take Lip out for lobster and some quality father/son time.</Overview>
  <ProductionCode></ProductionCode>
  <Rating>8.1</Rating>
  <RatingCount>12</RatingCount>
  <SeasonNumber>3</SeasonNumber>
  <Writer></Writer>
  <absolute_number></absolute_number>
  <filename>episodes/161511/4490826.jpg</filename>
  <lastupdated>1365518353</lastupdated>
  <seasonid>501077</seasonid>
  <seriesid>161511</seriesid>
</Episode>
</Data>