<?xml version="1.0" encoding="UTF-8" ?>
<Actors>
<Actor>
  <id>59043</id>
  <Image>actors/59043.jpg</Image>
  <Name>Kelsey Grammer</Name>
  <Role>Dr. Frasier Winston Crane</Role>
  <SortOrder>0</SortOrder>
</Actor>
<Actor>
  <id>59042</id>
  <Image>actors/59042.jpg</Image>
  <Name>John Mahoney</Name>
  <Role>Martin &quot;Marty&quot; Crane</Role>
  <SortOrder>0</SortOrder>
</Actor>
<Actor>
  <id>59044</id>
  <Image>actors/59044.jpg</Image>
  <Name>David Hyde Pierce</Name>
  <Role>Dr. Niles Crane</Role>
  <SortOrder>1</SortOrder>
</Actor>
<Actor>
  <id>59047</id>
  <Image>actors/59047.jpg</Image>
  <Name>Peri Gilpin</Name>
  <Role>Roz Doyle</Role>
  <SortOrder>2</SortOrder>
</Actor>
<Actor>
  <id>59045</id>
  <Image>actors/59045.jpg</Image>
  <Name>Jane Leeves</Name>
  <Role>Daphne Moon Crane</Role>
  <SortOrder>2</SortOrder>
</Actor>
<Actor>
  <id>59041</id>
  <Image>actors/59041.jpg</Image>
  <Name>Dan Butler</Name>
  <Role>Bob 'Bulldog' Briscoe</Role>
  <SortOrder>3</SortOrder>
</Actor>
<Actor>
  <id>59046</id>
  <Image></Image>
  <Name>Enzo</Name>
  <Role>Eddie</Role>
  <SortOrder>3</SortOrder>
</Actor>
</Actors>