<?xml version="1.0" encoding="UTF-8" ?>
<Data><Series>
  <id>78107</id>
  <Actors>|Ricky Gervais|Lucy Davis|Martin Freeman|Mackenzie Crook|Ralph Ineson|Stacey Roca|Ewen Macintosh|Patrick Baladi|Alexander Perkins|Jamie Deeks|Joel Beckett|Julie Fernandez|Kiki Kendrick|Oliver Chris|Rachel Isaac|Sally Bretton|Stirling Gallacher|</Actors>
  <Airs_DayOfWeek></Airs_DayOfWeek>
  <Airs_Time></Airs_Time>
  <ContentRating>TV-14</ContentRating>
  <FirstAired>2001-07-01</FirstAired>
  <Genre>|Comedy|</Genre>
  <IMDB_ID>tt0290978</IMDB_ID>
  <Language>en</Language>
  <Network>BBC Two</Network>
  <NetworkID></NetworkID>
  <Overview>A mockumentary about life in a mid-sized suboffice paper merchants in a bleak British industrial town, where manager David Brent thinks he's the coolest, funniest, and most popular boss ever. He isn't. That doesn't stop him from embarrassing himself in front of the cameras on a regular basis, whether from his political sermonizing, his stand-up 'comedy', or his incredibly unique dancing. Meanwhile, long-suffering Tim longs after Dawn the engaged receptionist and keeps himself sane by playing childish practical jokes on his insufferable, army-obsessed deskmate Gareth. Will the Slough office be closed? Will the BBC give David a game show? Will Tim and Dawn end up with each other? And more importantly, will Gareth realize what a hopeless prat he is?</Overview>
  <Rating>8.8</Rating>
  <RatingCount>60</RatingCount>
  <Runtime>30</Runtime>
  <SeriesID>7842</SeriesID>
  <SeriesName>The Office (UK)</SeriesName>
  <Status>Ended</Status>
  <added></added>
  <addedBy></addedBy>
  <banner>graphical/78107-g10.jpg</banner>
  <fanart>fanart/original/78107-1.jpg</fanart>
  <lastupdated>1364608732</lastupdated>
  <poster>posters/78107-2.jpg</poster>
  <zap2it_id></zap2it_id>
</Series>
<Episode>
  <id>341043</id>
  <Combined_episodenumber>1</Combined_episodenumber>
  <Combined_season>0</Combined_season>
  <DVD_chapter></DVD_chapter>
  <DVD_discid></DVD_discid>
  <DVD_episodenumber></DVD_episodenumber>
  <DVD_season></DVD_season>
  <Director>|Ricky Gervais|Stephen Merchant|</Director>
  <EpImgFlag></EpImgFlag>
  <EpisodeName>Christmas Special (1)</EpisodeName>
  <EpisodeNumber>1</EpisodeNumber>
  <FirstAired>2003-12-26</FirstAired>
  <GuestStars></GuestStars>
  <IMDB_ID></IMDB_ID>
  <Language>en</Language>
  <Overview>It's been three years since the BBC documentary crew first arrived at the office. Back for one last visit, they find Gareth Keenan now in charge and is running the office with a military precision. Since we last saw David Brent he has become a sales rep for a cleaning products company, released his own pop single and has acquired an agent to look after his celebrity appearances. He visits his old workplace regularly, despite him successfully suing Wernham Hogg for unfair dismissal. The big news for Tim is the imminent arrival of Dawn. The documentary crew has kindly offered to fly Dawn and boyfriend Lee from Florida back to Slough for the office Christmas party.</Overview>
  <ProductionCode></ProductionCode>
  <Rating>8.8</Rating>
  <RatingCount>6</RatingCount>
  <SeasonNumber>0</SeasonNumber>
  <Writer>|Ricky Gervais|Stephen Merchant|</Writer>
  <absolute_number></absolute_number>
  <airsafter_season>2</airsafter_season>
  <airsbefore_episode></airsbefore_episode>
  <airsbefore_season></airsbefore_season>
  <filename>episodes/78107/341043.jpg</filename>
  <lastupdated>1314998422</lastupdated>
  <seasonid>25564</seasonid>
  <seriesid>78107</seriesid>
</Episode>
<Episode>
  <id>341044</id>
  <Combined_episodenumber>2</Combined_episodenumber>
  <Combined_season>0</Combined_season>
  <DVD_chapter></DVD_chapter>
  <DVD_discid></DVD_discid>
  <DVD_episodenumber></DVD_episodenumber>
  <DVD_season></DVD_season>
  <Director>|Ricky Gervais|Stephen Merchant|</Director>
  <EpImgFlag></EpImgFlag>
  <EpisodeName>Christmas Special (2)</EpisodeName>
  <EpisodeNumber>2</EpisodeNumber>
  <FirstAired>2003-12-27</FirstAired>
  <GuestStars></GuestStars>
  <IMDB_ID></IMDB_ID>
  <Language>en</Language>
  <Overview>Tim's world is rocked when Dawn turns up at the office to say hello. Despite a stern warning from Gareth and wise words from Keith in Accounts, Tim can't help but get his hopes up again. Meanwhile, David Brent has been using the services of a dating agency and, in between making celebrity appearances in nightclubs, he meets up for drinks with a rather disappointing selection of single women. The office Christmas party kicks off like any other but there are a few surprises in store...</Overview>
  <ProductionCode></ProductionCode>
  <Rating>9.8</Rating>
  <RatingCount>5</RatingCount>
  <SeasonNumber>0</SeasonNumber>
  <Writer>|Ricky Gervais|Stephen Merchant|</Writer>
  <absolute_number></absolute_number>
  <airsafter_season>2</airsafter_season>
  <airsbefore_episode></airsbefore_episode>
  <airsbefore_season></airsbefore_season>
  <filename>episodes/78107/341044.jpg</filename>
  <lastupdated>1314998417</lastupdated>
  <seasonid>25564</seasonid>
  <seriesid>78107</seriesid>
</Episode>
<Episode>
  <id>4162124</id>
  <Combined_episodenumber>3</Combined_episodenumber>
  <Combined_season>0</Combined_season>
  <DVD_chapter></DVD_chapter>
  <DVD_discid></DVD_discid>
  <DVD_episodenumber></DVD_episodenumber>
  <DVD_season></DVD_season>
  <Director></Director>
  <EpImgFlag></EpImgFlag>
  <EpisodeName>The Office Values: Microsoft Video</EpisodeName>
  <EpisodeNumber>3</EpisodeNumber>
  <FirstAired>2006-07-08</FirstAired>
  <GuestStars></GuestStars>
  <IMDB_ID></IMDB_ID>
  <Language>en</Language>
  <Overview>The first of two training videos by Ricky Gervais and Steven Merchant for the employees of Microsoft.</Overview>
  <ProductionCode></ProductionCode>
  <Rating></Rating>
  <RatingCount>0</RatingCount>
  <SeasonNumber>0</SeasonNumber>
  <Writer></Writer>
  <absolute_number></absolute_number>
  <airsafter_season>2</airsafter_season>
  <airsbefore_episode></airsbefore_episode>
  <airsbefore_season></airsbefore_season>
  <filename></filename>
  <lastupdated>1314998824</lastupdated>
  <seasonid>25564</seasonid>
  <seriesid>78107</seriesid>
</Episode>
<Episode>
  <id>4162125</id>
  <Combined_episodenumber>4</Combined_episodenumber>
  <Combined_season>0</Combined_season>
  <DVD_chapter></DVD_chapter>
  <DVD_discid></DVD_discid>
  <DVD_episodenumber></DVD_episodenumber>
  <DVD_season></DVD_season>
  <Director></Director>
  <EpImgFlag></EpImgFlag>
  <EpisodeName>The Office Values: Realising Potential</EpisodeName>
  <EpisodeNumber>4</EpisodeNumber>
  <FirstAired>2006-07-08</FirstAired>
  <GuestStars></GuestStars>
  <IMDB_ID></IMDB_ID>
  <Language>en</Language>
  <Overview>The second of two training videos by Ricky Gervais and Steven Merchant for the employees of Microsoft.</Overview>
  <ProductionCode></ProductionCode>
  <Rating></Rating>
  <RatingCount>0</RatingCount>
  <SeasonNumber>0</SeasonNumber>
  <Writer></Writer>
  <absolute_number></absolute_number>
  <airsafter_season>2</airsafter_season>
  <airsbefore_episode></airsbefore_episode>
  <airsbefore_season></airsbefore_season>
  <filename></filename>
  <lastupdated>1314998815</lastupdated>
  <seasonid>25564</seasonid>
  <seriesid>78107</seriesid>
</Episode>
<Episode>
  <id>4230910</id>
  <Combined_episodenumber>5</Combined_episodenumber>
  <Combined_season>0</Combined_season>
  <DVD_chapter></DVD_chapter>
  <DVD_discid></DVD_discid>
  <DVD_episodenumber></DVD_episodenumber>
  <DVD_season></DVD_season>
  <Director></Director>
  <EpImgFlag></EpImgFlag>
  <EpisodeName>How I Made The Office</EpisodeName>
  <EpisodeNumber>5</EpisodeNumber>
  <FirstAired>2004-10-21</FirstAired>
  <GuestStars></GuestStars>
  <IMDB_ID></IMDB_ID>
  <Language>en</Language>
  <Overview>A Documentary showing a behind the scenes look at the creation of this series. Originally aired on BBC America following the Christmas Specials</Overview>
  <ProductionCode></ProductionCode>
  <Rating></Rating>
  <RatingCount>0</RatingCount>
  <SeasonNumber>0</SeasonNumber>
  <Writer></Writer>
  <absolute_number></absolute_number>
  <airsafter_season>2</airsafter_season>
  <airsbefore_episode></airsbefore_episode>
  <airsbefore_season></airsbefore_season>
  <filename></filename>
  <lastupdated>1325314757</lastupdated>
  <seasonid>25564</seasonid>
  <seriesid>78107</seriesid>
</Episode>
<Episode>
  <id>272170</id>
  <Combined_episodenumber>1.0</Combined_episodenumber>
  <Combined_season>1</Combined_season>
  <DVD_chapter></DVD_chapter>
  <DVD_discid></DVD_discid>
  <DVD_episodenumber>1.0</DVD_episodenumber>
  <DVD_season>1</DVD_season>
  <Director>Ricky Gervais|Stephen Merchant</Director>
  <EpImgFlag>2</EpImgFlag>
  <EpisodeName>Downsize</EpisodeName>
  <EpisodeNumber>1</EpisodeNumber>
  <FirstAired>2001-07-09</FirstAired>
  <GuestStars></GuestStars>
  <IMDB_ID></IMDB_ID>
  <Language>en</Language>
  <Overview>David Brent, manager of the Slough branch of Wernham Hogg paper merchants, is told that it might be closed down. He makes the rash promise of No Redundancies...</Overview>
  <ProductionCode>LEGU611H</ProductionCode>
  <Rating>7.5</Rating>
  <RatingCount>28</RatingCount>
  <SeasonNumber>1</SeasonNumber>
  <Writer>Ricky Gervais|Stephen Merchant</Writer>
  <absolute_number>1</absolute_number>
  <filename>episodes/78107/272170.jpg</filename>
  <lastupdated>1306247195</lastupdated>
  <seasonid>14296</seasonid>
  <seriesid>78107</seriesid>
</Episode>
<Episode>
  <id>272171</id>
  <Combined_episodenumber>2.0</Combined_episodenumber>
  <Combined_season>1</Combined_season>
  <DVD_chapter></DVD_chapter>
  <DVD_discid></DVD_discid>
  <DVD_episodenumber>2.0</DVD_episodenumber>
  <DVD_season>1</DVD_season>
  <Director>Ricky Gervais|Stephen Merchant</Director>
  <EpImgFlag>2</EpImgFlag>
  <EpisodeName>Work Experience</EpisodeName>
  <EpisodeNumber>2</EpisodeNumber>
  <FirstAired>2001-07-16</FirstAired>
  <GuestStars></GuestStars>
  <IMDB_ID></IMDB_ID>
  <Language>en</Language>
  <Overview>A new girl arrives on work experience. The day is brightened up even more by a doctored picture of David Brent that's been e-mailed around the office. Cue Gareth Keenan Special Investigator...</Overview>
  <ProductionCode>LEGU612B</ProductionCode>
  <Rating>7.8</Rating>
  <RatingCount>18</RatingCount>
  <SeasonNumber>1</SeasonNumber>
  <Writer>Ricky Gervais|Stephen Merchant</Writer>
  <absolute_number>2</absolute_number>
  <filename>episodes/78107/272171.jpg</filename>
  <lastupdated>1277381369</lastupdated>
  <seasonid>14296</seasonid>
  <seriesid>78107</seriesid>
</Episode>
<Episode>
  <id>272172</id>
  <Combined_episodenumber>3.0</Combined_episodenumber>
  <Combined_season>1</Combined_season>
  <DVD_chapter></DVD_chapter>
  <DVD_discid></DVD_discid>
  <DVD_episodenumber>3.0</DVD_episodenumber>
  <DVD_season>1</DVD_season>
  <Director>Ricky Gervais|Stephen Merchant</Director>
  <EpImgFlag>2</EpImgFlag>
  <EpisodeName>The Quiz</EpisodeName>
  <EpisodeNumber>3</EpisodeNumber>
  <FirstAired>2001-07-23</FirstAired>
  <GuestStars></GuestStars>
  <IMDB_ID></IMDB_ID>
  <Language>en</Language>
  <Overview>Tim is 30 today and receives some special gifts. Dawn wants to organize after-work drinks for him but it's also the annual quiz night. Brent &amp; Finchy see it as a point of honour that they win. The only real competition comes from Tim &amp; Ricky...</Overview>
  <ProductionCode>LEGU613W</ProductionCode>
  <Rating>7.7</Rating>
  <RatingCount>17</RatingCount>
  <SeasonNumber>1</SeasonNumber>
  <Writer>Ricky Gervais|Stephen Merchant</Writer>
  <absolute_number>3</absolute_number>
  <filename>episodes/78107/272172.jpg</filename>
  <lastupdated>1277381376</lastupdated>
  <seasonid>14296</seasonid>
  <seriesid>78107</seriesid>
</Episode>
<Episode>
  <id>272173</id>
  <Combined_episodenumber>4.0</Combined_episodenumber>
  <Combined_season>1</Combined_season>
  <DVD_chapter></DVD_chapter>
  <DVD_discid></DVD_discid>
  <DVD_episodenumber>4.0</DVD_episodenumber>
  <DVD_season>1</DVD_season>
  <Director>Ricky Gervais|Stephen Merchant</Director>
  <EpImgFlag>2</EpImgFlag>
  <EpisodeName>Training</EpisodeName>
  <EpisodeNumber>4</EpisodeNumber>
  <FirstAired>2001-07-30</FirstAired>
  <GuestStars>Vincent Franklin|Peter Purves|Richard Hollis|Lucy O'Connel</GuestStars>
  <IMDB_ID></IMDB_ID>
  <Language>en</Language>
  <Overview>Wernham Hogg, Slough branch are having a training day. Rowan, an outside consultant tries his best.  Dawn has other things on her mind...</Overview>
  <ProductionCode>LEGU614P</ProductionCode>
  <Rating>8.2</Rating>
  <RatingCount>13</RatingCount>
  <SeasonNumber>1</SeasonNumber>
  <Writer>Ricky Gervais|Stephen Merchant</Writer>
  <absolute_number>4</absolute_number>
  <filename>episodes/78107/272173.jpg</filename>
  <lastupdated>1277381384</lastupdated>
  <seasonid>14296</seasonid>
  <seriesid>78107</seriesid>
</Episode>
<Episode>
  <id>272174</id>
  <Combined_episodenumber>5.0</Combined_episodenumber>
  <Combined_season>1</Combined_season>
  <DVD_chapter></DVD_chapter>
  <DVD_discid></DVD_discid>
  <DVD_episodenumber>5.0</DVD_episodenumber>
  <DVD_season>1</DVD_season>
  <Director>Ricky Gervais|Stephen Merchant</Director>
  <EpImgFlag>2</EpImgFlag>
  <EpisodeName>New Girl</EpisodeName>
  <EpisodeNumber>5</EpisodeNumber>
  <FirstAired>2001-08-13</FirstAired>
  <GuestStars>Kiki Kendrick|Ellen Collier|Robin Ince|Tiffany Stevenson-Oake|Nicola Cotter</GuestStars>
  <IMDB_ID></IMDB_ID>
  <Language>en</Language>
  <Overview>Brent decides to take on a new secretary despite the spectre of redundancies in the Slough branch. He can choose between some bloke that's turned up for interview and a pretty young blonde. The day is rounded off with a trip to Chasers nightclub...</Overview>
  <ProductionCode>LEGU615J</ProductionCode>
  <Rating>8.0</Rating>
  <RatingCount>13</RatingCount>
  <SeasonNumber>1</SeasonNumber>
  <Writer>Ricky Gervais|Stephen Merchant</Writer>
  <absolute_number>5</absolute_number>
  <filename>episodes/78107/272174.jpg</filename>
  <lastupdated>1277381393</lastupdated>
  <seasonid>14296</seasonid>
  <seriesid>78107</seriesid>
</Episode>
<Episode>
  <id>272175</id>
  <Combined_episodenumber>6.0</Combined_episodenumber>
  <Combined_season>1</Combined_season>
  <DVD_chapter></DVD_chapter>
  <DVD_discid></DVD_discid>
  <DVD_episodenumber>6.0</DVD_episodenumber>
  <DVD_season>1</DVD_season>
  <Director>Ricky Gervais|Stephen Merchant</Director>
  <EpImgFlag>2</EpImgFlag>
  <EpisodeName>Judgement</EpisodeName>
  <EpisodeNumber>6</EpisodeNumber>
  <FirstAired>2001-08-20</FirstAired>
  <GuestStars>Neil Fitzmaurice|Dick Bradnum|Ron Merchant|Nicola Cotter</GuestStars>
  <IMDB_ID></IMDB_ID>
  <Language>en</Language>
  <Overview>Jennifer arrives to give the final decision. The Slough branch is to be merged with Swindon and some people will lose their jobs, and Dave has been offered Jennifer's job, which he accepts.</Overview>
  <ProductionCode>LEGU616D</ProductionCode>
  <Rating>7.6</Rating>
  <RatingCount>14</RatingCount>
  <SeasonNumber>1</SeasonNumber>
  <Writer>Ricky Gervais|Stephen Merchant</Writer>
  <absolute_number>6</absolute_number>
  <filename>episodes/78107/272175.jpg</filename>
  <lastupdated>1277381401</lastupdated>
  <seasonid>14296</seasonid>
  <seriesid>78107</seriesid>
</Episode>
<Episode>
  <id>272176</id>
  <Combined_episodenumber>1.0</Combined_episodenumber>
  <Combined_season>2</Combined_season>
  <DVD_chapter></DVD_chapter>
  <DVD_discid></DVD_discid>
  <DVD_episodenumber>1.0</DVD_episodenumber>
  <DVD_season>2</DVD_season>
  <Director>Ricky Gervais|Stephen Merchant</Director>
  <EpImgFlag></EpImgFlag>
  <EpisodeName>Merger</EpisodeName>
  <EpisodeNumber>1</EpisodeNumber>
  <FirstAired>2002-09-30</FirstAired>
  <GuestStars></GuestStars>
  <IMDB_ID></IMDB_ID>
  <Language>en</Language>
  <Overview>As a result of the Swindon merger, a group of new staff arrive at Slough branch and David wastes no time in familiarising them with his unique style of management. Meanwhile, Tim seems to be taking his promotion very seriously.</Overview>
  <ProductionCode>LEGL981X</ProductionCode>
  <Rating>8.0</Rating>
  <RatingCount>12</RatingCount>
  <SeasonNumber>2</SeasonNumber>
  <Writer>Ricky Gervais|Stephen Merchant</Writer>
  <absolute_number>7</absolute_number>
  <filename>episodes/78107/272176.jpg</filename>
  <lastupdated>1277381421</lastupdated>
  <seasonid>14297</seasonid>
  <seriesid>78107</seriesid>
</Episode>
<Episode>
  <id>272177</id>
  <Combined_episodenumber>2.0</Combined_episodenumber>
  <Combined_season>2</Combined_season>
  <DVD_chapter></DVD_chapter>
  <DVD_discid></DVD_discid>
  <DVD_episodenumber>2.0</DVD_episodenumber>
  <DVD_season>2</DVD_season>
  <Director>Ricky Gervais|Stephen Merchant</Director>
  <EpImgFlag></EpImgFlag>
  <EpisodeName>Appraisals</EpisodeName>
  <EpisodeNumber>2</EpisodeNumber>
  <FirstAired>2002-10-07</FirstAired>
  <GuestStars></GuestStars>
  <IMDB_ID></IMDB_ID>
  <Language>en</Language>
  <Overview>As David conducts the annual staff appraisals he discovers that the group from Swindon are less than impressed with their new boss and a lunchtime trip to the pub does little to improve the situation. The same cannot be said for Tim however, who is getting on particularly well with new girl Rachel.</Overview>
  <ProductionCode>LEGL982R</ProductionCode>
  <Rating>7.7</Rating>
  <RatingCount>10</RatingCount>
  <SeasonNumber>2</SeasonNumber>
  <Writer>Ricky Gervais|Stephen Merchant</Writer>
  <absolute_number>8</absolute_number>
  <filename>episodes/78107/272177.jpg</filename>
  <lastupdated>1277381435</lastupdated>
  <seasonid>14297</seasonid>
  <seriesid>78107</seriesid>
</Episode>
<Episode>
  <id>272178</id>
  <Combined_episodenumber>3.0</Combined_episodenumber>
  <Combined_season>2</Combined_season>
  <DVD_chapter></DVD_chapter>
  <DVD_discid></DVD_discid>
  <DVD_episodenumber>3.0</DVD_episodenumber>
  <DVD_season>2</DVD_season>
  <Director>Ricky Gervais|Stephen Merchant</Director>
  <EpImgFlag></EpImgFlag>
  <EpisodeName>Party</EpisodeName>
  <EpisodeNumber>3</EpisodeNumber>
  <FirstAired>2002-10-14</FirstAired>
  <GuestStars>David Schaal|Tom Goodman-Hill|Jennifer Hennessy</GuestStars>
  <IMDB_ID></IMDB_ID>
  <Language>en</Language>
  <Overview>A colleague's birthday provides a welcome distraction for the employees of Wernham Hogg and leads to a series of practical jokes at the expense of David and Gareth. Meanwhile, David's growing frustrations with new boss Neil constantly looking over his shoulder are somewhat alleviated by the arrival of two representatives from a public speaking company who seem keen to recruit him.</Overview>
  <ProductionCode>LEGL983K</ProductionCode>
  <Rating>7.9</Rating>
  <RatingCount>12</RatingCount>
  <SeasonNumber>2</SeasonNumber>
  <Writer>Ricky Gervais|Stephen Merchant</Writer>
  <absolute_number>9</absolute_number>
  <filename>episodes/78107/272178.jpg</filename>
  <lastupdated>1277381446</lastupdated>
  <seasonid>14297</seasonid>
  <seriesid>78107</seriesid>
</Episode>
<Episode>
  <id>272179</id>
  <Combined_episodenumber>4.0</Combined_episodenumber>
  <Combined_season>2</Combined_season>
  <DVD_chapter></DVD_chapter>
  <DVD_discid></DVD_discid>
  <DVD_episodenumber>4.0</DVD_episodenumber>
  <DVD_season>2</DVD_season>
  <Director>Ricky Gervais|Stephen Merchant</Director>
  <EpImgFlag></EpImgFlag>
  <EpisodeName>Motivation</EpisodeName>
  <EpisodeNumber>4</EpisodeNumber>
  <FirstAired>2002-10-21</FirstAired>
  <GuestStars>Che Given|Richard Wills-Cotton|Matthew Holness|Tom Goodman-Hill|Jennifer Hennessy</GuestStars>
  <IMDB_ID></IMDB_ID>
  <Language>en</Language>
  <Overview>David's preparations for his first motivational training seminar that evening don't get off to the perfect start when he first discovers the staff's new nicknames for him that are doing the rounds and then receives another reprimand from Neil for neglecting his duties. Meanwhile, Tim and Rachel finally go public with their relationship, much to the dismay of Gareth.</Overview>
  <ProductionCode>LEGL984E</ProductionCode>
  <Rating>7.9</Rating>
  <RatingCount>14</RatingCount>
  <SeasonNumber>2</SeasonNumber>
  <Writer>Ricky Gervais|Stephen Merchant</Writer>
  <absolute_number>10</absolute_number>
  <filename>episodes/78107/272179.jpg</filename>
  <lastupdated>1277381456</lastupdated>
  <seasonid>14297</seasonid>
  <seriesid>78107</seriesid>
</Episode>
<Episode>
  <id>272180</id>
  <Combined_episodenumber>5.0</Combined_episodenumber>
  <Combined_season>2</Combined_season>
  <DVD_chapter></DVD_chapter>
  <DVD_discid></DVD_discid>
  <DVD_episodenumber>5.0</DVD_episodenumber>
  <DVD_season>2</DVD_season>
  <Director>Ricky Gervais|Stephen Merchant</Director>
  <EpImgFlag></EpImgFlag>
  <EpisodeName>Charity</EpisodeName>
  <EpisodeNumber>5</EpisodeNumber>
  <FirstAired>2002-10-28</FirstAired>
  <GuestStars>Stephen Merchant|Hugh Parker|Bruce MacKinnon</GuestStars>
  <IMDB_ID></IMDB_ID>
  <Language>en</Language>
  <Overview>It's Comic Relief Day and the staff of Werhnam Hogg all do their bit to raise money including Dawn, whose 'kisses for 1' stand finally provides Tim with the opportunity he's been waiting for. But when David can only produce a draft of his new gameshow concept in place of an important company report, Neil and Jennifer draw the line and inform him that he is being made redundant.</Overview>
  <ProductionCode>LEGL985Y</ProductionCode>
  <Rating>8.2</Rating>
  <RatingCount>13</RatingCount>
  <SeasonNumber>2</SeasonNumber>
  <Writer>Ricky Gervais|Stephen Merchant</Writer>
  <absolute_number>11</absolute_number>
  <filename>episodes/78107/272180.jpg</filename>
  <lastupdated>1277381471</lastupdated>
  <seasonid>14297</seasonid>
  <seriesid>78107</seriesid>
</Episode>
<Episode>
  <id>272181</id>
  <Combined_episodenumber>6.0</Combined_episodenumber>
  <Combined_season>2</Combined_season>
  <DVD_chapter></DVD_chapter>
  <DVD_discid></DVD_discid>
  <DVD_episodenumber>6.0</DVD_episodenumber>
  <DVD_season>2</DVD_season>
  <Director>Ricky Gervais|Stephen Merchant</Director>
  <EpImgFlag></EpImgFlag>
  <EpisodeName>Interview</EpisodeName>
  <EpisodeNumber>6</EpisodeNumber>
  <FirstAired>2002-11-04</FirstAired>
  <GuestStars>Stephen Merchant|Jennifer Hennessy|Ron Merchant|Olivia Colman|Tom Goodman-Hill</GuestStars>
  <IMDB_ID></IMDB_ID>
  <Language>en</Language>
  <Overview>Although slightly peaved that the staff seem to be taking his redundancy in their stride, David's spirits remain high as he plans his future while also being interviewed for an article in 'Inside Paper'. Tim takes drastic action when he learns that Dawn has resigned in order to move to the USA with boyfriend Lee. However, when David is told that his services as a motivational speaker are also no longer required he sinks to his lowest ebb and begs Neil to reconsider the dismissal. But is it too late?</Overview>
  <ProductionCode>LEGL986S</ProductionCode>
  <Rating>8.0</Rating>
  <RatingCount>11</RatingCount>
  <SeasonNumber>2</SeasonNumber>
  <Writer>Ricky Gervais|Stephen Merchant</Writer>
  <absolute_number>12</absolute_number>
  <filename>episodes/78107/272181.jpg</filename>
  <lastupdated>1277381481</lastupdated>
  <seasonid>14297</seasonid>
  <seriesid>78107</seriesid>
</Episode>
</Data>