<?xml version="1.0" encoding="UTF-8" ?>
<Actors>
<Actor>
  <id>39296</id>
  <Image></Image>
  <Name>Corey Burton</Name>
  <Role></Role>
  <SortOrder>3</SortOrder>
</Actor>
<Actor>
  <id>39297</id>
  <Image></Image>
  <Name>Jim Cummings</Name>
  <Role></Role>
  <SortOrder>3</SortOrder>
</Actor>
<Actor>
  <id>39299</id>
  <Image></Image>
  <Name>Peter Cullen</Name>
  <Role></Role>
  <SortOrder>3</SortOrder>
</Actor>
<Actor>
  <id>39298</id>
  <Image></Image>
  <Name>Tress MacNeille</Name>
  <Role></Role>
  <SortOrder>3</SortOrder>
</Actor>
</Actors>