<?xml version="1.0" encoding="UTF-8" ?>
<Data><Series>
  <id>75477</id>
  <Actors>|Corey Burton|Jim Cummings|Peter Cullen|Tress MacNeille|</Actors>
  <Airs_DayOfWeek>Daily</Airs_DayOfWeek>
  <Airs_Time>4:30 AM</Airs_Time>
  <ContentRating>TV-Y</ContentRating>
  <FirstAired>1989-03-01</FirstAired>
  <Genre>|Animation|Children|</Genre>
  <IMDB_ID>tt0096557</IMDB_ID>
  <Language>en</Language>
  <Network>Disney Channel</Network>
  <NetworkID></NetworkID>
  <Overview>Chip and Dale, two chipmunks with a nose for trouble, start a detective agency, Rescue Rangers, along with their new friends Gadget, Monterey Jack, and Zipper. The pint-sized detectives deal with crimes that are often &quot;too small&quot; for the police to handle, usually with other animals as their clients. The gang frequently finds itself going up against two particular arch villains: Mafia-style tabby cat Fat Cat and mad scientist Norton Nimnul (both voiced by Jim Cummings).</Overview>
  <Rating>7.8</Rating>
  <RatingCount>13</RatingCount>
  <Runtime>30</Runtime>
  <SeriesID>3236</SeriesID>
  <SeriesName>Chip 'n Dale Rescue Rangers</SeriesName>
  <Status>Ended</Status>
  <added></added>
  <addedBy></addedBy>
  <banner>graphical/75477-g.jpg</banner>
  <fanart>fanart/original/75477-6.jpg</fanart>
  <lastupdated>1366055806</lastupdated>
  <poster>posters/75477-2.jpg</poster>
  <zap2it_id></zap2it_id>
</Series>
<Episode>
  <id>4431408</id>
  <Combined_episodenumber>1</Combined_episodenumber>
  <Combined_season>0</Combined_season>
  <DVD_chapter></DVD_chapter>
  <DVD_discid></DVD_discid>
  <DVD_episodenumber></DVD_episodenumber>
  <DVD_season></DVD_season>
  <Director></Director>
  <EpImgFlag></EpImgFlag>
  <EpisodeName></EpisodeName>
  <EpisodeNumber>1</EpisodeNumber>
  <FirstAired></FirstAired>
  <GuestStars></GuestStars>
  <IMDB_ID></IMDB_ID>
  <Language>en</Language>
  <Overview></Overview>
  <ProductionCode></ProductionCode>
  <Rating></Rating>
  <RatingCount>0</RatingCount>
  <SeasonNumber>0</SeasonNumber>
  <Writer></Writer>
  <absolute_number></absolute_number>
  <airsafter_season></airsafter_season>
  <airsbefore_episode></airsbefore_episode>
  <airsbefore_season></airsbefore_season>
  <filename></filename>
  <lastupdated>1352045787</lastupdated>
  <seasonid>22938</seasonid>
  <seriesid>75477</seriesid>
</Episode>
<Episode>
  <id>4431409</id>
  <Combined_episodenumber>2</Combined_episodenumber>
  <Combined_season>0</Combined_season>
  <DVD_chapter></DVD_chapter>
  <DVD_discid></DVD_discid>
  <DVD_episodenumber></DVD_episodenumber>
  <DVD_season></DVD_season>
  <Director></Director>
  <EpImgFlag></EpImgFlag>
  <EpisodeName></EpisodeName>
  <EpisodeNumber>2</EpisodeNumber>
  <FirstAired></FirstAired>
  <GuestStars></GuestStars>
  <IMDB_ID></IMDB_ID>
  <Language>en</Language>
  <Overview></Overview>
  <ProductionCode></ProductionCode>
  <Rating></Rating>
  <RatingCount>0</RatingCount>
  <SeasonNumber>0</SeasonNumber>
  <Writer></Writer>
  <absolute_number></absolute_number>
  <airsafter_season></airsafter_season>
  <airsbefore_episode></airsbefore_episode>
  <airsbefore_season></airsbefore_season>
  <filename></filename>
  <lastupdated>1352045805</lastupdated>
  <seasonid>22938</seasonid>
  <seriesid>75477</seriesid>
</Episode>
<Episode>
  <id>171713</id>
  <Combined_episodenumber>4.0</Combined_episodenumber>
  <Combined_season>1</Combined_season>
  <DVD_chapter></DVD_chapter>
  <DVD_discid></DVD_discid>
  <DVD_episodenumber>4.0</DVD_episodenumber>
  <DVD_season>1</DVD_season>
  <Director>|John Kimball|Bob Zamboni|</Director>
  <EpImgFlag></EpImgFlag>
  <EpisodeName>Piratsy Under the Seas</EpisodeName>
  <EpisodeNumber>1</EpisodeNumber>
  <FirstAired>1989-03-05</FirstAired>
  <GuestStars></GuestStars>
  <IMDB_ID></IMDB_ID>
  <Language>en</Language>
  <Overview>Dale is being hassled with chores so much that he joins a group of pirate rats.</Overview>
  <ProductionCode></ProductionCode>
  <Rating>7.5</Rating>
  <RatingCount>2</RatingCount>
  <SeasonNumber>1</SeasonNumber>
  <Writer>|Mark Edward Edens|</Writer>
  <absolute_number></absolute_number>
  <filename>episodes/75477/171713.jpg</filename>
  <lastupdated>1304864973</lastupdated>
  <seasonid>8916</seasonid>
  <seriesid>75477</seriesid>
</Episode>
<Episode>
  <id>171714</id>
  <Combined_episodenumber>1.0</Combined_episodenumber>
  <Combined_season>1</Combined_season>
  <DVD_chapter></DVD_chapter>
  <DVD_discid></DVD_discid>
  <DVD_episodenumber>1.0</DVD_episodenumber>
  <DVD_season>1</DVD_season>
  <Director>|John Kimball|Bob Zamboni|Tad Stones|</Director>
  <EpImgFlag></EpImgFlag>
  <EpisodeName>Catteries Not Included</EpisodeName>
  <EpisodeNumber>2</EpisodeNumber>
  <FirstAired>1989-03-06</FirstAired>
  <GuestStars></GuestStars>
  <IMDB_ID></IMDB_ID>
  <Language>en</Language>
  <Overview>A little girl is looking for her beloved cat Spunky, and the Rescue Rangers are on the case. It seems that all of the cats have been kidnapped by mechanical dogs under the power of Professor Nimnul. The Professor is using the cats for static electricity to power his device to take over the city. The Rangers find Spunky and free him along with all of the other cats, and the Professor's plan is foiled.</Overview>
  <ProductionCode></ProductionCode>
  <Rating>8.0</Rating>
  <RatingCount>3</RatingCount>
  <SeasonNumber>1</SeasonNumber>
  <Writer>|Bruce Talkington|</Writer>
  <absolute_number></absolute_number>
  <filename>episodes/75477/171714.jpg</filename>
  <lastupdated>1304864980</lastupdated>
  <seasonid>8916</seasonid>
  <seriesid>75477</seriesid>
</Episode>
<Episode>
  <id>171715</id>
  <Combined_episodenumber>12.0</Combined_episodenumber>
  <Combined_season>1</Combined_season>
  <DVD_chapter></DVD_chapter>
  <DVD_discid></DVD_discid>
  <DVD_episodenumber>12.0</DVD_episodenumber>
  <DVD_season>1</DVD_season>
  <Director>|John Kimball|Bob Zamboni|</Director>
  <EpImgFlag></EpImgFlag>
  <EpisodeName>Dale Beside Himself</EpisodeName>
  <EpisodeNumber>3</EpisodeNumber>
  <FirstAired>1989-03-12</FirstAired>
  <GuestStars></GuestStars>
  <IMDB_ID></IMDB_ID>
  <Language>en</Language>
  <Overview>In order to get out of doing his regular chores, Dale switches places with a visiting space alien who has a penchant for shape-shifting.</Overview>
  <ProductionCode></ProductionCode>
  <Rating>8.0</Rating>
  <RatingCount>3</RatingCount>
  <SeasonNumber>1</SeasonNumber>
  <Writer>|Mark Edward Edens|</Writer>
  <absolute_number></absolute_number>
  <filename>episodes/75477/171715.jpg</filename>
  <lastupdated>1304864989</lastupdated>
  <seasonid>8916</seasonid>
  <seriesid>75477</seriesid>
</Episode>
<Episode>
  <id>171716</id>
  <Combined_episodenumber>6.0</Combined_episodenumber>
  <Combined_season>1</Combined_season>
  <DVD_chapter></DVD_chapter>
  <DVD_discid></DVD_discid>
  <DVD_episodenumber>6.0</DVD_episodenumber>
  <DVD_season>1</DVD_season>
  <Director>|John Kimball|Bob Zamboni|Buzz Dixon|</Director>
  <EpImgFlag></EpImgFlag>
  <EpisodeName>Flash the Wonder Dog</EpisodeName>
  <EpisodeNumber>4</EpisodeNumber>
  <FirstAired>1989-03-19</FirstAired>
  <GuestStars></GuestStars>
  <IMDB_ID></IMDB_ID>
  <Language>en</Language>
  <Overview>Dale's television hero, Flash, is kidnapped and framed by Fat Cat, in a ploy to discredit dogs everywhere.</Overview>
  <ProductionCode></ProductionCode>
  <Rating>10.0</Rating>
  <RatingCount>1</RatingCount>
  <SeasonNumber>1</SeasonNumber>
  <Writer>|Buzz Dixon|Terry Wise|</Writer>
  <absolute_number></absolute_number>
  <filename>episodes/75477/171716.jpg</filename>
  <lastupdated>1304864997</lastupdated>
  <seasonid>8916</seasonid>
  <seriesid>75477</seriesid>
</Episode>
<Episode>
  <id>171717</id>
  <Combined_episodenumber>11.0</Combined_episodenumber>
  <Combined_season>1</Combined_season>
  <DVD_chapter></DVD_chapter>
  <DVD_discid></DVD_discid>
  <DVD_episodenumber>11.0</DVD_episodenumber>
  <DVD_season>1</DVD_season>
  <Director>|John Kimball|Bob Zamboni|</Director>
  <EpImgFlag></EpImgFlag>
  <EpisodeName>Out to Launch</EpisodeName>
  <EpisodeNumber>5</EpisodeNumber>
  <FirstAired>1989-03-26</FirstAired>
  <GuestStars></GuestStars>
  <IMDB_ID></IMDB_ID>
  <Language>en</Language>
  <Overview>Unforseen circumstances cause the Rangers to take off in the Space Plane and be stranded in space!</Overview>
  <ProductionCode></ProductionCode>
  <Rating>10.0</Rating>
  <RatingCount>1</RatingCount>
  <SeasonNumber>1</SeasonNumber>
  <Writer>|Mark Edward Edens|</Writer>
  <absolute_number></absolute_number>
  <filename>episodes/75477/171717.jpg</filename>
  <lastupdated>1304865006</lastupdated>
  <seasonid>8916</seasonid>
  <seriesid>75477</seriesid>
</Episode>
<Episode>
  <id>171718</id>
  <Combined_episodenumber>13.0</Combined_episodenumber>
  <Combined_season>1</Combined_season>
  <DVD_chapter></DVD_chapter>
  <DVD_discid></DVD_discid>
  <DVD_episodenumber>13.0</DVD_episodenumber>
  <DVD_season>1</DVD_season>
  <Director>|John Kimball|Bob Zamboni|</Director>
  <EpImgFlag></EpImgFlag>
  <EpisodeName>Kiwi's Big Adventure</EpisodeName>
  <EpisodeNumber>6</EpisodeNumber>
  <FirstAired>1989-04-02</FirstAired>
  <GuestStars></GuestStars>
  <IMDB_ID></IMDB_ID>
  <Language>en</Language>
  <Overview>The Ranger plane is swiped by a primitive tribe of flightless Kiwis, who worship it in the hope that it will allow them to fly once again.</Overview>
  <ProductionCode></ProductionCode>
  <Rating>10.0</Rating>
  <RatingCount>1</RatingCount>
  <SeasonNumber>1</SeasonNumber>
  <Writer>|Julia J. Roberts|</Writer>
  <absolute_number></absolute_number>
  <filename>episodes/75477/171718.jpg</filename>
  <lastupdated>1304865018</lastupdated>
  <seasonid>8916</seasonid>
  <seriesid>75477</seriesid>
</Episode>
<Episode>
  <id>171719</id>
  <Combined_episodenumber>5.0</Combined_episodenumber>
  <Combined_season>1</Combined_season>
  <DVD_chapter></DVD_chapter>
  <DVD_discid></DVD_discid>
  <DVD_episodenumber>5.0</DVD_episodenumber>
  <DVD_season>1</DVD_season>
  <Director>|John Kimball|Bob Zamboni|</Director>
  <EpImgFlag></EpImgFlag>
  <EpisodeName>Adventures in Squirrelsitting</EpisodeName>
  <EpisodeNumber>7</EpisodeNumber>
  <FirstAired>1989-04-09</FirstAired>
  <GuestStars></GuestStars>
  <IMDB_ID></IMDB_ID>
  <Language>en</Language>
  <Overview>The Rescue Rangers try to recover the Maltese Mouse from Fat Cat, and end up with the unlikely task of babysitting a mother squirrel's two rambunctious daughters.</Overview>
  <ProductionCode></ProductionCode>
  <Rating>8.5</Rating>
  <RatingCount>2</RatingCount>
  <SeasonNumber>1</SeasonNumber>
  <Writer>|Dev Ross|Tad Stone|</Writer>
  <absolute_number></absolute_number>
  <filename>episodes/75477/171719.jpg</filename>
  <lastupdated>1304865027</lastupdated>
  <seasonid>8916</seasonid>
  <seriesid>75477</seriesid>
</Episode>
<Episode>
  <id>171720</id>
  <Combined_episodenumber>7.0</Combined_episodenumber>
  <Combined_season>1</Combined_season>
  <DVD_chapter></DVD_chapter>
  <DVD_discid></DVD_discid>
  <DVD_episodenumber>7.0</DVD_episodenumber>
  <DVD_season>1</DVD_season>
  <Director>|John Kimball|Bob Zamboni|</Director>
  <EpImgFlag></EpImgFlag>
  <EpisodeName>Pound of the Baskervilles</EpisodeName>
  <EpisodeNumber>8</EpisodeNumber>
  <FirstAired>1989-04-16</FirstAired>
  <GuestStars></GuestStars>
  <IMDB_ID></IMDB_ID>
  <Language>en</Language>
  <Overview>Chip thinks he's famed literary detective, Sureluck Jones, as the Rangers try to find a hidden will in an old mansion before time runs out.</Overview>
  <ProductionCode></ProductionCode>
  <Rating>8.0</Rating>
  <RatingCount>3</RatingCount>
  <SeasonNumber>1</SeasonNumber>
  <Writer>|Eric Lewald|</Writer>
  <absolute_number></absolute_number>
  <filename>episodes/75477/171720.jpg</filename>
  <lastupdated>1304865038</lastupdated>
  <seasonid>8916</seasonid>
  <seriesid>75477</seriesid>
</Episode>
<Episode>
  <id>171721</id>
  <Combined_episodenumber>9.0</Combined_episodenumber>
  <Combined_season>1</Combined_season>
  <DVD_chapter></DVD_chapter>
  <DVD_discid></DVD_discid>
  <DVD_episodenumber>9.0</DVD_episodenumber>
  <DVD_season>1</DVD_season>
  <Director>|John Kimball|Bob Zamboni|David Wise|Tad Stones|</Director>
  <EpImgFlag></EpImgFlag>
  <EpisodeName>Risky Beesness</EpisodeName>
  <EpisodeNumber>9</EpisodeNumber>
  <FirstAired>1989-04-23</FirstAired>
  <GuestStars></GuestStars>
  <IMDB_ID></IMDB_ID>
  <Language>en</Language>
  <Overview>A queen bee enlists the Rangers' help (and Zipper's affections) when her hive gets mesmerized by a rock star wannabe.</Overview>
  <ProductionCode></ProductionCode>
  <Rating>7.0</Rating>
  <RatingCount>3</RatingCount>
  <SeasonNumber>1</SeasonNumber>
  <Writer>|Linda Wolverton|</Writer>
  <absolute_number></absolute_number>
  <filename>episodes/75477/171721.jpg</filename>
  <lastupdated>1304865046</lastupdated>
  <seasonid>8916</seasonid>
  <seriesid>75477</seriesid>
</Episode>
<Episode>
  <id>171722</id>
  <Combined_episodenumber>2.0</Combined_episodenumber>
  <Combined_season>1</Combined_season>
  <DVD_chapter></DVD_chapter>
  <DVD_discid></DVD_discid>
  <DVD_episodenumber>2.0</DVD_episodenumber>
  <DVD_season>1</DVD_season>
  <Director>|John Kimball|Bob Zamboni|</Director>
  <EpImgFlag></EpImgFlag>
  <EpisodeName>Three Men and a Booby</EpisodeName>
  <EpisodeNumber>10</EpisodeNumber>
  <FirstAired>1989-04-30</FirstAired>
  <GuestStars></GuestStars>
  <IMDB_ID></IMDB_ID>
  <Language>en</Language>
  <Overview>A mother Booby's egg is eggnapped and she asks for the Rangers' aid in recovering it.</Overview>
  <ProductionCode></ProductionCode>
  <Rating>10.0</Rating>
  <RatingCount>1</RatingCount>
  <SeasonNumber>1</SeasonNumber>
  <Writer>|Eric Lewald|</Writer>
  <absolute_number></absolute_number>
  <filename>episodes/75477/171722.jpg</filename>
  <lastupdated>1304865053</lastupdated>
  <seasonid>8916</seasonid>
  <seriesid>75477</seriesid>
</Episode>
<Episode>
  <id>171723</id>
  <Combined_episodenumber>3.0</Combined_episodenumber>
  <Combined_season>1</Combined_season>
  <DVD_chapter></DVD_chapter>
  <DVD_discid></DVD_discid>
  <DVD_episodenumber>3.0</DVD_episodenumber>
  <DVD_season>1</DVD_season>
  <Director>|John Kimball|Bob Zamboni|</Director>
  <EpImgFlag></EpImgFlag>
  <EpisodeName>The Carpetsnaggers</EpisodeName>
  <EpisodeNumber>11</EpisodeNumber>
  <FirstAired>1989-05-07</FirstAired>
  <GuestStars></GuestStars>
  <IMDB_ID></IMDB_ID>
  <Language>en</Language>
  <Overview>The Rangers are met with a supernatural mystery when they catch flying carpets in the act of burglarizing houses.</Overview>
  <ProductionCode></ProductionCode>
  <Rating>8.0</Rating>
  <RatingCount>2</RatingCount>
  <SeasonNumber>1</SeasonNumber>
  <Writer>|Somtow Sucharitkal|</Writer>
  <absolute_number></absolute_number>
  <filename>episodes/75477/171723.jpg</filename>
  <lastupdated>1304865067</lastupdated>
  <seasonid>8916</seasonid>
  <seriesid>75477</seriesid>
</Episode>
<Episode>
  <id>171724</id>
  <Combined_episodenumber>10.0</Combined_episodenumber>
  <Combined_season>1</Combined_season>
  <DVD_chapter></DVD_chapter>
  <DVD_discid></DVD_discid>
  <DVD_episodenumber>10.0</DVD_episodenumber>
  <DVD_season>1</DVD_season>
  <Director>|John Kimball|Bob Zamboni|</Director>
  <EpImgFlag></EpImgFlag>
  <EpisodeName>Bearing Up Baby</EpisodeName>
  <EpisodeNumber>12</EpisodeNumber>
  <FirstAired>1989-05-14</FirstAired>
  <GuestStars></GuestStars>
  <IMDB_ID></IMDB_ID>
  <Language>en</Language>
  <Overview>Humphrey the bear adopts a stray human child, and the Rangers have to figure out how to get him back to his gun-happy parents.</Overview>
  <ProductionCode></ProductionCode>
  <Rating>8.5</Rating>
  <RatingCount>2</RatingCount>
  <SeasonNumber>1</SeasonNumber>
  <Writer>|David Wise|</Writer>
  <absolute_number></absolute_number>
  <filename>episodes/75477/171724.jpg</filename>
  <lastupdated>1304865074</lastupdated>
  <seasonid>8916</seasonid>
  <seriesid>75477</seriesid>
</Episode>
<Episode>
  <id>171725</id>
  <Combined_episodenumber>8.0</Combined_episodenumber>
  <Combined_season>1</Combined_season>
  <DVD_chapter></DVD_chapter>
  <DVD_discid></DVD_discid>
  <DVD_episodenumber>8.0</DVD_episodenumber>
  <DVD_season>1</DVD_season>
  <Director>|John Kimball|Bob Zamboni|</Director>
  <EpImgFlag></EpImgFlag>
  <EpisodeName>Parental Discretion Retired</EpisodeName>
  <EpisodeNumber>13</EpisodeNumber>
  <FirstAired>1989-05-21</FirstAired>
  <GuestStars></GuestStars>
  <IMDB_ID></IMDB_ID>
  <Language>en</Language>
  <Overview>Monty's father, Cheddarhead Charlie, comes for a visit and takes over, much to the Rescue Rangers' chagrin.</Overview>
  <ProductionCode></ProductionCode>
  <Rating>10.0</Rating>
  <RatingCount>1</RatingCount>
  <SeasonNumber>1</SeasonNumber>
  <Writer>|Mark Edward Edens|</Writer>
  <absolute_number></absolute_number>
  <filename>episodes/75477/171725.jpg</filename>
  <lastupdated>1304865084</lastupdated>
  <seasonid>8916</seasonid>
  <seriesid>75477</seriesid>
</Episode>
<Episode>
  <id>171726</id>
  <Combined_episodenumber>1.0</Combined_episodenumber>
  <Combined_season>2</Combined_season>
  <DVD_chapter></DVD_chapter>
  <DVD_discid></DVD_discid>
  <DVD_episodenumber>1.0</DVD_episodenumber>
  <DVD_season>2</DVD_season>
  <Director>|John Kimball|Rick Leon|Jamie Mitchell|Bob Zamboni|Kevin Hoops|Tad Stones|</Director>
  <EpImgFlag>1</EpImgFlag>
  <EpisodeName>Rescue Rangers to the Rescue (1)</EpisodeName>
  <EpisodeNumber>1</EpisodeNumber>
  <FirstAired>1989-09-11</FirstAired>
  <GuestStars></GuestStars>
  <IMDB_ID></IMDB_ID>
  <Language>en</Language>
  <Overview>When an old detective friend is falsely accused of stealing a priceless ruby, Chip and Dale decide to take on the task of solving the crime themselves, in this introduction to the series.</Overview>
  <ProductionCode></ProductionCode>
  <Rating>7.0</Rating>
  <RatingCount>1</RatingCount>
  <SeasonNumber>2</SeasonNumber>
  <Writer>|Jymn Magon|Tad Stones|Mark Zaslove|</Writer>
  <absolute_number></absolute_number>
  <filename>episodes/75477/171726.jpg</filename>
  <lastupdated>1334857787</lastupdated>
  <seasonid>8917</seasonid>
  <seriesid>75477</seriesid>
</Episode>
<Episode>
  <id>171727</id>
  <Combined_episodenumber>2.0</Combined_episodenumber>
  <Combined_season>2</Combined_season>
  <DVD_chapter></DVD_chapter>
  <DVD_discid></DVD_discid>
  <DVD_episodenumber>2.0</DVD_episodenumber>
  <DVD_season>2</DVD_season>
  <Director>|John Kimball|Rick Leon|Jamie Mitchell|Bob Zamboni|Kevin Hoops|Tad Stones|</Director>
  <EpImgFlag>1</EpImgFlag>
  <EpisodeName>Rescue Rangers to the Rescue (2)</EpisodeName>
  <EpisodeNumber>2</EpisodeNumber>
  <FirstAired>1989-09-12</FirstAired>
  <GuestStars></GuestStars>
  <IMDB_ID></IMDB_ID>
  <Language>en</Language>
  <Overview>Chip and Dale are hot on Fat Cat's trail, who leads them to a Chinese laundry and then to a fishing vessel where they meet Monty and Zipper for the very first time.</Overview>
  <ProductionCode></ProductionCode>
  <Rating>8.0</Rating>
  <RatingCount>1</RatingCount>
  <SeasonNumber>2</SeasonNumber>
  <Writer>|Jymn Magon|Tad Stones|Mark Zaslove|Kevin Hoops|</Writer>
  <absolute_number></absolute_number>
  <filename>episodes/75477/171727.jpg</filename>
  <lastupdated>1334857795</lastupdated>
  <seasonid>8917</seasonid>
  <seriesid>75477</seriesid>
</Episode>
<Episode>
  <id>171728</id>
  <Combined_episodenumber>3.0</Combined_episodenumber>
  <Combined_season>2</Combined_season>
  <DVD_chapter></DVD_chapter>
  <DVD_discid></DVD_discid>
  <DVD_episodenumber>3.0</DVD_episodenumber>
  <DVD_season>2</DVD_season>
  <Director>|John Kimball|Rick Leon|Jamie Mitchell|Bob Zamboni|Kevin Hoops|Tad Stones|</Director>
  <EpImgFlag>1</EpImgFlag>
  <EpisodeName>Rescue Rangers to the Rescue (3)</EpisodeName>
  <EpisodeNumber>3</EpisodeNumber>
  <FirstAired>1989-09-13</FirstAired>
  <GuestStars></GuestStars>
  <IMDB_ID></IMDB_ID>
  <Language>en</Language>
  <Overview>Monty suggests they visit his old friend, Geegaw Hackwrench, but instead find Geegaw's daughter, Gadget, who flies the group to Glacier Bay as they continue their investigation.</Overview>
  <ProductionCode></ProductionCode>
  <Rating>7.0</Rating>
  <RatingCount>1</RatingCount>
  <SeasonNumber>2</SeasonNumber>
  <Writer>|Jymn Magon|Tad Stones|Mark Zaslove|Julia J. Roberts|</Writer>
  <absolute_number></absolute_number>
  <filename>episodes/75477/171728.jpg</filename>
  <lastupdated>1334857803</lastupdated>
  <seasonid>8917</seasonid>
  <seriesid>75477</seriesid>
</Episode>
<Episode>
  <id>171729</id>
  <Combined_episodenumber>4.0</Combined_episodenumber>
  <Combined_season>2</Combined_season>
  <DVD_chapter></DVD_chapter>
  <DVD_discid></DVD_discid>
  <DVD_episodenumber>4.0</DVD_episodenumber>
  <DVD_season>2</DVD_season>
  <Director>|John Kimball|Rick Leon|Jamie Mitchell|Bob Zamboni|Kevin Hoops|Tad Stones|</Director>
  <EpImgFlag>1</EpImgFlag>
  <EpisodeName>Rescue Rangers to the Rescue (4)</EpisodeName>
  <EpisodeNumber>4</EpisodeNumber>
  <FirstAired>1989-09-14</FirstAired>
  <GuestStars></GuestStars>
  <IMDB_ID></IMDB_ID>
  <Language>en</Language>
  <Overview>The investigative trail leads Chip, Dale, Monty, Gadget and Zipper from Glacier Bay to a dog pound and then to the subway where they find Claudaine, who masterminded this whole thing.</Overview>
  <ProductionCode></ProductionCode>
  <Rating>7.0</Rating>
  <RatingCount>1</RatingCount>
  <SeasonNumber>2</SeasonNumber>
  <Writer>|Jymn Magon|Tad Stones|Kevin Hoops|Julia J. Roberts|</Writer>
  <absolute_number></absolute_number>
  <filename>episodes/75477/171729.jpg</filename>
  <lastupdated>1334858023</lastupdated>
  <seasonid>8917</seasonid>
  <seriesid>75477</seriesid>
</Episode>
<Episode>
  <id>171730</id>
  <Combined_episodenumber>5.0</Combined_episodenumber>
  <Combined_season>2</Combined_season>
  <DVD_chapter></DVD_chapter>
  <DVD_discid></DVD_discid>
  <DVD_episodenumber>5.0</DVD_episodenumber>
  <DVD_season>2</DVD_season>
  <Director>|John Kimball|Rick Leon|Jamie Mitchell|Bob Zamboni|Kevin Hoops|Tad Stones|</Director>
  <EpImgFlag>1</EpImgFlag>
  <EpisodeName>Rescue Rangers to the Rescue (5)</EpisodeName>
  <EpisodeNumber>5</EpisodeNumber>
  <FirstAired>1989-09-15</FirstAired>
  <GuestStars></GuestStars>
  <IMDB_ID></IMDB_ID>
  <Language>en</Language>
  <Overview>Claudaine and Nimnul plot together and build a huge jello mold, which they plan to use to cause an earthquake to crack open a Reserve Building vault so they can steal all the gold inside it.</Overview>
  <ProductionCode></ProductionCode>
  <Rating>7.0</Rating>
  <RatingCount>2</RatingCount>
  <SeasonNumber>2</SeasonNumber>
  <Writer>|Jymn Magon|Mark Zaslove|</Writer>
  <absolute_number></absolute_number>
  <filename>episodes/75477/171730.jpg</filename>
  <lastupdated>1334858278</lastupdated>
  <seasonid>8917</seasonid>
  <seriesid>75477</seriesid>
</Episode>
<Episode>
  <id>171731</id>
  <Combined_episodenumber>14.0</Combined_episodenumber>
  <Combined_season>1</Combined_season>
  <DVD_chapter></DVD_chapter>
  <DVD_discid></DVD_discid>
  <DVD_episodenumber>14.0</DVD_episodenumber>
  <DVD_season>1</DVD_season>
  <Director>|John Kimball|Bob Zamboni|</Director>
  <EpImgFlag></EpImgFlag>
  <EpisodeName>A Lad in a Lamp</EpisodeName>
  <EpisodeNumber>6</EpisodeNumber>
  <FirstAired>1989-10-03</FirstAired>
  <GuestStars></GuestStars>
  <IMDB_ID></IMDB_ID>
  <Language>en</Language>
  <Overview>Monty's greed backfires when a genie in lamp tricks Monty into changing places with him.</Overview>
  <ProductionCode></ProductionCode>
  <Rating></Rating>
  <RatingCount>0</RatingCount>
  <SeasonNumber>2</SeasonNumber>
  <Writer>|Eric Lewald|</Writer>
  <absolute_number></absolute_number>
  <filename>episodes/75477/171731.jpg</filename>
  <lastupdated>1337092034</lastupdated>
  <seasonid>8917</seasonid>
  <seriesid>75477</seriesid>
</Episode>
<Episode>
  <id>171732</id>
  <Combined_episodenumber>19.0</Combined_episodenumber>
  <Combined_season>1</Combined_season>
  <DVD_chapter></DVD_chapter>
  <DVD_discid></DVD_discid>
  <DVD_episodenumber>19.0</DVD_episodenumber>
  <DVD_season>1</DVD_season>
  <Director>|John Kimball|Bob Zamboni|Kevin Hoops|Luanne Wood|</Director>
  <EpImgFlag></EpImgFlag>
  <EpisodeName>The Luck Stops Here</EpisodeName>
  <EpisodeNumber>7</EpisodeNumber>
  <FirstAired>1989-10-06</FirstAired>
  <GuestStars></GuestStars>
  <IMDB_ID></IMDB_ID>
  <Language>en</Language>
  <Overview>Gadget takes pity on a hapless inventor who's had a streak of bad luck.</Overview>
  <ProductionCode></ProductionCode>
  <Rating>10.0</Rating>
  <RatingCount>1</RatingCount>
  <SeasonNumber>2</SeasonNumber>
  <Writer>|Kevin Hoops|</Writer>
  <absolute_number></absolute_number>
  <filename>episodes/75477/171732.jpg</filename>
  <lastupdated>1337092077</lastupdated>
  <seasonid>8917</seasonid>
  <seriesid>75477</seriesid>
</Episode>
<Episode>
  <id>171733</id>
  <Combined_episodenumber>15.0</Combined_episodenumber>
  <Combined_season>1</Combined_season>
  <DVD_chapter></DVD_chapter>
  <DVD_discid></DVD_discid>
  <DVD_episodenumber>15.0</DVD_episodenumber>
  <DVD_season>1</DVD_season>
  <Director>|John Kimball|Bob Zamboni|</Director>
  <EpImgFlag></EpImgFlag>
  <EpisodeName>Battle of the Bulge</EpisodeName>
  <EpisodeNumber>8</EpisodeNumber>
  <FirstAired>1989-10-09</FirstAired>
  <GuestStars></GuestStars>
  <IMDB_ID></IMDB_ID>
  <Language>en</Language>
  <Overview>Monty's exercise regimen turns into a major disadvantage as the Rangers try to capture some flying jewel thieves.</Overview>
  <ProductionCode></ProductionCode>
  <Rating></Rating>
  <RatingCount>0</RatingCount>
  <SeasonNumber>2</SeasonNumber>
  <Writer>|Dev Ross|Tad Stones|</Writer>
  <absolute_number></absolute_number>
  <filename>episodes/75477/171733.jpg</filename>
  <lastupdated>1337092090</lastupdated>
  <seasonid>8917</seasonid>
  <seriesid>75477</seriesid>
</Episode>
<Episode>
  <id>171734</id>
  <Combined_episodenumber>16.0</Combined_episodenumber>
  <Combined_season>1</Combined_season>
  <DVD_chapter></DVD_chapter>
  <DVD_discid></DVD_discid>
  <DVD_episodenumber>16.0</DVD_episodenumber>
  <DVD_season>1</DVD_season>
  <Director>|John Kimball|Bob Zamboni|</Director>
  <EpImgFlag></EpImgFlag>
  <EpisodeName>Ghost of a Chance</EpisodeName>
  <EpisodeNumber>9</EpisodeNumber>
  <FirstAired>1989-10-10</FirstAired>
  <GuestStars></GuestStars>
  <IMDB_ID></IMDB_ID>
  <Language>en</Language>
  <Overview>While trying to foil Fat Cat's plan to steal the Crown Jewels, Monty unearths one of his ghostly ancestors.</Overview>
  <ProductionCode></ProductionCode>
  <Rating></Rating>
  <RatingCount>0</RatingCount>
  <SeasonNumber>2</SeasonNumber>
  <Writer>|Bryce Malek|Art Cover|Lydia Marano|</Writer>
  <absolute_number></absolute_number>
  <filename>episodes/75477/171734.jpg</filename>
  <lastupdated>1337092102</lastupdated>
  <seasonid>8917</seasonid>
  <seriesid>75477</seriesid>
</Episode>
<Episode>
  <id>171735</id>
  <Combined_episodenumber>17.0</Combined_episodenumber>
  <Combined_season>1</Combined_season>
  <DVD_chapter></DVD_chapter>
  <DVD_discid></DVD_discid>
  <DVD_episodenumber>17.0</DVD_episodenumber>
  <DVD_season>1</DVD_season>
  <Director>|John Kimball|Bob Zamboni|</Director>
  <EpImgFlag></EpImgFlag>
  <EpisodeName>An Elephant Never Suspects</EpisodeName>
  <EpisodeNumber>10</EpisodeNumber>
  <FirstAired>1989-10-11</FirstAired>
  <GuestStars></GuestStars>
  <IMDB_ID></IMDB_ID>
  <Language>en</Language>
  <Overview>Some elephants at the zoo accept the Rangers assistance to help them find out who's been stealing all their peanuts but the Rangers have to go undercover when they become the main suspects!</Overview>
  <ProductionCode></ProductionCode>
  <Rating>7.0</Rating>
  <RatingCount>2</RatingCount>
  <SeasonNumber>2</SeasonNumber>
  <Writer>|Julia J. Roberts|</Writer>
  <absolute_number></absolute_number>
  <filename>episodes/75477/171735.jpg</filename>
  <lastupdated>1337092115</lastupdated>
  <seasonid>8917</seasonid>
  <seriesid>75477</seriesid>
</Episode>
<Episode>
  <id>171736</id>
  <Combined_episodenumber>20.0</Combined_episodenumber>
  <Combined_season>1</Combined_season>
  <DVD_chapter></DVD_chapter>
  <DVD_discid></DVD_discid>
  <DVD_episodenumber>20.0</DVD_episodenumber>
  <DVD_season>1</DVD_season>
  <Director>|John Kimball|Bob Zamboni|</Director>
  <EpImgFlag></EpImgFlag>
  <EpisodeName>Fake Me to Your Leader</EpisodeName>
  <EpisodeNumber>11</EpisodeNumber>
  <FirstAired>1989-10-12</FirstAired>
  <GuestStars></GuestStars>
  <IMDB_ID></IMDB_ID>
  <Language>en</Language>
  <Overview>Zipper gets zapped by one of Nimnul's inventions -- a ray gun that causes him to grow at an alarming rate.</Overview>
  <ProductionCode></ProductionCode>
  <Rating>6.0</Rating>
  <RatingCount>1</RatingCount>
  <SeasonNumber>2</SeasonNumber>
  <Writer>|Mark Edward Edens|</Writer>
  <absolute_number></absolute_number>
  <filename>episodes/75477/171736.jpg</filename>
  <lastupdated>1337092129</lastupdated>
  <seasonid>8917</seasonid>
  <seriesid>75477</seriesid>
</Episode>
<Episode>
  <id>171737</id>
  <Combined_episodenumber>21.0</Combined_episodenumber>
  <Combined_season>1</Combined_season>
  <DVD_chapter></DVD_chapter>
  <DVD_discid></DVD_discid>
  <DVD_episodenumber>21.0</DVD_episodenumber>
  <DVD_season>1</DVD_season>
  <Director>|John Kimball|Bob Zamboni|</Director>
  <EpImgFlag></EpImgFlag>
  <EpisodeName>Last Train to Cashville</EpisodeName>
  <EpisodeNumber>12</EpisodeNumber>
  <FirstAired>1989-10-13</FirstAired>
  <GuestStars></GuestStars>
  <IMDB_ID></IMDB_ID>
  <Language>en</Language>
  <Overview>The Rangers investigate a case of a missing toy train and end up tracking Fat Cat to a pet store where they find him plotting to rob a bank.</Overview>
  <ProductionCode></ProductionCode>
  <Rating></Rating>
  <RatingCount>0</RatingCount>
  <SeasonNumber>2</SeasonNumber>
  <Writer>|Julia J. Roberts|</Writer>
  <absolute_number></absolute_number>
  <filename>episodes/75477/171737.jpg</filename>
  <lastupdated>1337092140</lastupdated>
  <seasonid>8917</seasonid>
  <seriesid>75477</seriesid>
</Episode>
<Episode>
  <id>171738</id>
  <Combined_episodenumber>18.0</Combined_episodenumber>
  <Combined_season>1</Combined_season>
  <DVD_chapter></DVD_chapter>
  <DVD_discid></DVD_discid>
  <DVD_episodenumber>18.0</DVD_episodenumber>
  <DVD_season>1</DVD_season>
  <Director>|John Kimball|Bob Zamboni|</Director>
  <EpImgFlag></EpImgFlag>
  <EpisodeName>A Case of Stage Blight</EpisodeName>
  <EpisodeNumber>13</EpisodeNumber>
  <FirstAired>1989-10-16</FirstAired>
  <GuestStars></GuestStars>
  <IMDB_ID></IMDB_ID>
  <Language>en</Language>
  <Overview>A night at the Opera proves to be more than just culturally enriching for the Rescue Rangers, when they go underground into the sewers and run into an insane alligator with a yen for acting.</Overview>
  <ProductionCode></ProductionCode>
  <Rating>7.0</Rating>
  <RatingCount>2</RatingCount>
  <SeasonNumber>2</SeasonNumber>
  <Writer>|Dev Ross|</Writer>
  <absolute_number></absolute_number>
  <filename>episodes/75477/171738.jpg</filename>
  <lastupdated>1337092167</lastupdated>
  <seasonid>8917</seasonid>
  <seriesid>75477</seriesid>
</Episode>
<Episode>
  <id>171739</id>
  <Combined_episodenumber>22.0</Combined_episodenumber>
  <Combined_season>1</Combined_season>
  <DVD_chapter></DVD_chapter>
  <DVD_discid></DVD_discid>
  <DVD_episodenumber>22.0</DVD_episodenumber>
  <DVD_season>1</DVD_season>
  <Director>|John Kimball|Bob Zamboni|</Director>
  <EpImgFlag></EpImgFlag>
  <EpisodeName>The Case of the Cola Cult</EpisodeName>
  <EpisodeNumber>14</EpisodeNumber>
  <FirstAired>1989-10-17</FirstAired>
  <GuestStars></GuestStars>
  <IMDB_ID></IMDB_ID>
  <Language>en</Language>
  <Overview>While out test driving the Rangermobile, the Rangers stumble across an entire cult of rats that worship a soft drink known as 'Kookoo Cola.'</Overview>
  <ProductionCode></ProductionCode>
  <Rating></Rating>
  <RatingCount>0</RatingCount>
  <SeasonNumber>2</SeasonNumber>
  <Writer>|Kevin Hopps|</Writer>
  <absolute_number></absolute_number>
  <filename>episodes/75477/171739.jpg</filename>
  <lastupdated>1337092196</lastupdated>
  <seasonid>8917</seasonid>
  <seriesid>75477</seriesid>
</Episode>
<Episode>
  <id>171740</id>
  <Combined_episodenumber>23.0</Combined_episodenumber>
  <Combined_season>1</Combined_season>
  <DVD_chapter></DVD_chapter>
  <DVD_discid></DVD_discid>
  <DVD_episodenumber>23.0</DVD_episodenumber>
  <DVD_season>1</DVD_season>
  <Director>|John Kimball|Rick Leon|</Director>
  <EpImgFlag></EpImgFlag>
  <EpisodeName>Throw Mummy From the Train</EpisodeName>
  <EpisodeNumber>15</EpisodeNumber>
  <FirstAired>1989-10-18</FirstAired>
  <GuestStars></GuestStars>
  <IMDB_ID></IMDB_ID>
  <Language>en</Language>
  <Overview>A crooked archaeologist steals a mummy's ring and the Rangers agree to help the mummy get the ring back.</Overview>
  <ProductionCode></ProductionCode>
  <Rating></Rating>
  <RatingCount>0</RatingCount>
  <SeasonNumber>2</SeasonNumber>
  <Writer>|Dev Ross|Julia J. Roberts|</Writer>
  <absolute_number></absolute_number>
  <filename>episodes/75477/171740.jpg</filename>
  <lastupdated>1337092233</lastupdated>
  <seasonid>8917</seasonid>
  <seriesid>75477</seriesid>
</Episode>
<Episode>
  <id>171741</id>
  <Combined_episodenumber>24.0</Combined_episodenumber>
  <Combined_season>1</Combined_season>
  <DVD_chapter></DVD_chapter>
  <DVD_discid></DVD_discid>
  <DVD_episodenumber>24.0</DVD_episodenumber>
  <DVD_season>1</DVD_season>
  <Director>|John Kimball|Rick Leon|</Director>
  <EpImgFlag></EpImgFlag>
  <EpisodeName>A Wolf in Cheap Clothing</EpisodeName>
  <EpisodeNumber>16</EpisodeNumber>
  <FirstAired>1989-10-19</FirstAired>
  <GuestStars></GuestStars>
  <IMDB_ID></IMDB_ID>
  <Language>en</Language>
  <Overview>Werewolf sightings are explained when the Rangers discover Nimnul has invented a device that allows him to swap bodies with other animals.</Overview>
  <ProductionCode></ProductionCode>
  <Rating></Rating>
  <RatingCount>0</RatingCount>
  <SeasonNumber>2</SeasonNumber>
  <Writer>|Kevin Hopps|Tad Stones|</Writer>
  <absolute_number></absolute_number>
  <filename>episodes/75477/171741.jpg</filename>
  <lastupdated>1337092248</lastupdated>
  <seasonid>8917</seasonid>
  <seriesid>75477</seriesid>
</Episode>
<Episode>
  <id>171742</id>
  <Combined_episodenumber>26.0</Combined_episodenumber>
  <Combined_season>1</Combined_season>
  <DVD_chapter></DVD_chapter>
  <DVD_discid></DVD_discid>
  <DVD_episodenumber>26.0</DVD_episodenumber>
  <DVD_season>1</DVD_season>
  <Director>|John Kimball|Rick Leon|</Director>
  <EpImgFlag></EpImgFlag>
  <EpisodeName>Robocat</EpisodeName>
  <EpisodeNumber>17</EpisodeNumber>
  <FirstAired>1989-10-20</FirstAired>
  <GuestStars></GuestStars>
  <IMDB_ID></IMDB_ID>
  <Language>en</Language>
  <Overview>The Rangers befriend a mechanical cat, until Fat Cat rewrites its program and turns it into a killing machine.</Overview>
  <ProductionCode></ProductionCode>
  <Rating></Rating>
  <RatingCount>0</RatingCount>
  <SeasonNumber>2</SeasonNumber>
  <Writer>|David Wise|</Writer>
  <absolute_number></absolute_number>
  <filename>episodes/75477/171742.jpg</filename>
  <lastupdated>1337092268</lastupdated>
  <seasonid>8917</seasonid>
  <seriesid>75477</seriesid>
</Episode>
<Episode>
  <id>171743</id>
  <Combined_episodenumber>27.0</Combined_episodenumber>
  <Combined_season>1</Combined_season>
  <DVD_chapter></DVD_chapter>
  <DVD_discid></DVD_discid>
  <DVD_episodenumber>27.0</DVD_episodenumber>
  <DVD_season>1</DVD_season>
  <Director>|Jim Kimball|Bob Zamboni|</Director>
  <EpImgFlag></EpImgFlag>
  <EpisodeName>Does Pavlov Ring a Bell</EpisodeName>
  <EpisodeNumber>18</EpisodeNumber>
  <FirstAired>1989-11-02</FirstAired>
  <GuestStars></GuestStars>
  <IMDB_ID></IMDB_ID>
  <Language>en</Language>
  <Overview>Chip and Dale are jealous of the attentions bestowed upon Gadget by a lab rat named Sparky.</Overview>
  <ProductionCode></ProductionCode>
  <Rating>10.0</Rating>
  <RatingCount>1</RatingCount>
  <SeasonNumber>2</SeasonNumber>
  <Writer>|Kevin Hopps|</Writer>
  <absolute_number></absolute_number>
  <filename>episodes/75477/171743.jpg</filename>
  <lastupdated>1337092310</lastupdated>
  <seasonid>8917</seasonid>
  <seriesid>75477</seriesid>
</Episode>
<Episode>
  <id>171744</id>
  <Combined_episodenumber>25.0</Combined_episodenumber>
  <Combined_season>1</Combined_season>
  <DVD_chapter></DVD_chapter>
  <DVD_discid></DVD_discid>
  <DVD_episodenumber>25.0</DVD_episodenumber>
  <DVD_season>1</DVD_season>
  <Director>|John Kimball|Rick Leon|</Director>
  <EpImgFlag></EpImgFlag>
  <EpisodeName>Prehysterical Pet</EpisodeName>
  <EpisodeNumber>19</EpisodeNumber>
  <FirstAired>1989-11-03</FirstAired>
  <GuestStars></GuestStars>
  <IMDB_ID></IMDB_ID>
  <Language>en</Language>
  <Overview>Dale adopts a pet, only to find out it's an intelligent dinosaur alien from a distant planet.</Overview>
  <ProductionCode></ProductionCode>
  <Rating></Rating>
  <RatingCount>0</RatingCount>
  <SeasonNumber>2</SeasonNumber>
  <Writer>|Mark Edward Edens|</Writer>
  <absolute_number></absolute_number>
  <filename>episodes/75477/171744.jpg</filename>
  <lastupdated>1337096785</lastupdated>
  <seasonid>8917</seasonid>
  <seriesid>75477</seriesid>
</Episode>
<Episode>
  <id>171745</id>
  <Combined_episodenumber>6.0</Combined_episodenumber>
  <Combined_season>2</Combined_season>
  <DVD_chapter></DVD_chapter>
  <DVD_discid></DVD_discid>
  <DVD_episodenumber>6.0</DVD_episodenumber>
  <DVD_season>2</DVD_season>
  <Director>|John Kimball|Bob Zamboni|</Director>
  <EpImgFlag>1</EpImgFlag>
  <EpisodeName>A Creep in the Deep</EpisodeName>
  <EpisodeNumber>20</EpisodeNumber>
  <FirstAired>1989-11-13</FirstAired>
  <GuestStars></GuestStars>
  <IMDB_ID></IMDB_ID>
  <Language>en</Language>
  <Overview>Captain Fin, self-appointed crusader for rights of fishes everywhere, uses a converted submarine to terrorize the land dwellers and the Rangers must find a way to stop him.</Overview>
  <ProductionCode></ProductionCode>
  <Rating></Rating>
  <RatingCount>0</RatingCount>
  <SeasonNumber>2</SeasonNumber>
  <Writer>|Mark Edward Edens|</Writer>
  <absolute_number></absolute_number>
  <filename>episodes/75477/171745.jpg</filename>
  <lastupdated>1337096652</lastupdated>
  <seasonid>8917</seasonid>
  <seriesid>75477</seriesid>
</Episode>
<Episode>
  <id>171746</id>
  <Combined_episodenumber>7.0</Combined_episodenumber>
  <Combined_season>2</Combined_season>
  <DVD_chapter></DVD_chapter>
  <DVD_discid></DVD_discid>
  <DVD_episodenumber>7.0</DVD_episodenumber>
  <DVD_season>2</DVD_season>
  <Director>|John Kimball|Bob Zamboni|</Director>
  <EpImgFlag>1</EpImgFlag>
  <EpisodeName>Normie's Science Project</EpisodeName>
  <EpisodeNumber>21</EpisodeNumber>
  <FirstAired>1989-11-14</FirstAired>
  <GuestStars></GuestStars>
  <IMDB_ID></IMDB_ID>
  <Language>en</Language>
  <Overview>Nimnul's nephew, Normie, 'borrows' one of Nimnul's inventions and enters it as his exhibit in a science fair.</Overview>
  <ProductionCode></ProductionCode>
  <Rating></Rating>
  <RatingCount>0</RatingCount>
  <SeasonNumber>2</SeasonNumber>
  <Writer>|Mark Edward Edens|</Writer>
  <absolute_number></absolute_number>
  <filename>episodes/75477/171746.jpg</filename>
  <lastupdated>1337096678</lastupdated>
  <seasonid>8917</seasonid>
  <seriesid>75477</seriesid>
</Episode>
<Episode>
  <id>171747</id>
  <Combined_episodenumber>8.0</Combined_episodenumber>
  <Combined_season>2</Combined_season>
  <DVD_chapter></DVD_chapter>
  <DVD_discid></DVD_discid>
  <DVD_episodenumber>8.0</DVD_episodenumber>
  <DVD_season>2</DVD_season>
  <Director>|John Kimball|Bob Zamboni|</Director>
  <EpImgFlag>1</EpImgFlag>
  <EpisodeName>Seer No Evil</EpisodeName>
  <EpisodeNumber>22</EpisodeNumber>
  <FirstAired>1989-11-15</FirstAired>
  <GuestStars></GuestStars>
  <IMDB_ID></IMDB_ID>
  <Language>en</Language>
  <Overview>The Rangers visit a gypsy fortune teller at a local carnival and are shocked when she predicts that Chip will become the victim of a horrible accident.</Overview>
  <ProductionCode></ProductionCode>
  <Rating></Rating>
  <RatingCount>0</RatingCount>
  <SeasonNumber>2</SeasonNumber>
  <Writer>|Julia J. Roberts|</Writer>
  <absolute_number></absolute_number>
  <filename>episodes/75477/171747.jpg</filename>
  <lastupdated>1337096688</lastupdated>
  <seasonid>8917</seasonid>
  <seriesid>75477</seriesid>
</Episode>
<Episode>
  <id>171748</id>
  <Combined_episodenumber>9.0</Combined_episodenumber>
  <Combined_season>2</Combined_season>
  <DVD_chapter></DVD_chapter>
  <DVD_discid></DVD_discid>
  <DVD_episodenumber>9.0</DVD_episodenumber>
  <DVD_season>2</DVD_season>
  <Director>|John Kimball|Bob Zamboni|</Director>
  <EpImgFlag>1</EpImgFlag>
  <EpisodeName>Chipwrecked Shipmunks</EpisodeName>
  <EpisodeNumber>23</EpisodeNumber>
  <FirstAired>1989-11-16</FirstAired>
  <GuestStars></GuestStars>
  <IMDB_ID></IMDB_ID>
  <Language>en</Language>
  <Overview>The Rangers are shipwrecked on a deserted island and once again encounter the PiRats searching for buried treasure.</Overview>
  <ProductionCode></ProductionCode>
  <Rating></Rating>
  <RatingCount>0</RatingCount>
  <SeasonNumber>2</SeasonNumber>
  <Writer>|Kevin Hopps|</Writer>
  <absolute_number></absolute_number>
  <filename>episodes/75477/171748.jpg</filename>
  <lastupdated>1337096701</lastupdated>
  <seasonid>8917</seasonid>
  <seriesid>75477</seriesid>
</Episode>
<Episode>
  <id>171749</id>
  <Combined_episodenumber>10.0</Combined_episodenumber>
  <Combined_season>2</Combined_season>
  <DVD_chapter></DVD_chapter>
  <DVD_discid></DVD_discid>
  <DVD_episodenumber>10.0</DVD_episodenumber>
  <DVD_season>2</DVD_season>
  <Director>|John Kimball|Bob Zamboni|</Director>
  <EpImgFlag>1</EpImgFlag>
  <EpisodeName>When Mice Were Men</EpisodeName>
  <EpisodeNumber>24</EpisodeNumber>
  <FirstAired>1989-11-17</FirstAired>
  <GuestStars></GuestStars>
  <IMDB_ID></IMDB_ID>
  <Language>en</Language>
  <Overview>The Rangers are summoned to Tramplonia to find the mouse village being trampled on by an old enemy of Monty's -- a bull named El Emenopio.</Overview>
  <ProductionCode></ProductionCode>
  <Rating></Rating>
  <RatingCount>0</RatingCount>
  <SeasonNumber>2</SeasonNumber>
  <Writer>|Eric Lewald|</Writer>
  <absolute_number></absolute_number>
  <filename>episodes/75477/171749.jpg</filename>
  <lastupdated>1337096722</lastupdated>
  <seasonid>8917</seasonid>
  <seriesid>75477</seriesid>
</Episode>
<Episode>
  <id>171750</id>
  <Combined_episodenumber>11.0</Combined_episodenumber>
  <Combined_season>2</Combined_season>
  <DVD_chapter></DVD_chapter>
  <DVD_discid></DVD_discid>
  <DVD_episodenumber>11.0</DVD_episodenumber>
  <DVD_season>2</DVD_season>
  <Director>|John Kimball|Bob Zamboni|</Director>
  <EpImgFlag>7</EpImgFlag>
  <EpisodeName>Chocolate Chips</EpisodeName>
  <EpisodeNumber>25</EpisodeNumber>
  <FirstAired>1989-11-20</FirstAired>
  <GuestStars></GuestStars>
  <IMDB_ID></IMDB_ID>
  <Language>en</Language>
  <Overview>During a trip to South America, the Rangers try to unveil the mystery behind who is uprooting the cacao trees, and why.</Overview>
  <ProductionCode></ProductionCode>
  <Rating></Rating>
  <RatingCount>0</RatingCount>
  <SeasonNumber>2</SeasonNumber>
  <Writer>|Dev Ross|Tad Stones|</Writer>
  <absolute_number></absolute_number>
  <filename>episodes/75477/171750.jpg</filename>
  <lastupdated>1337096841</lastupdated>
  <seasonid>8917</seasonid>
  <seriesid>75477</seriesid>
</Episode>
<Episode>
  <id>171751</id>
  <Combined_episodenumber>12.0</Combined_episodenumber>
  <Combined_season>2</Combined_season>
  <DVD_chapter></DVD_chapter>
  <DVD_discid></DVD_discid>
  <DVD_episodenumber>12.0</DVD_episodenumber>
  <DVD_season>2</DVD_season>
  <Director>|John Kimball|Bob Zamboni|</Director>
  <EpImgFlag></EpImgFlag>
  <EpisodeName>The Last Leprechaun</EpisodeName>
  <EpisodeNumber>26</EpisodeNumber>
  <FirstAired>1989-11-21</FirstAired>
  <GuestStars></GuestStars>
  <IMDB_ID></IMDB_ID>
  <Language>en</Language>
  <Overview>Dale's greed gets the best of him when he switches places with a leprechaun to get the pot of magic gold.</Overview>
  <ProductionCode></ProductionCode>
  <Rating></Rating>
  <RatingCount>0</RatingCount>
  <SeasonNumber>2</SeasonNumber>
  <Writer>|David Wise|</Writer>
  <absolute_number></absolute_number>
  <filename>episodes/75477/171751.jpg</filename>
  <lastupdated>1337096854</lastupdated>
  <seasonid>8917</seasonid>
  <seriesid>75477</seriesid>
</Episode>
<Episode>
  <id>171752</id>
  <Combined_episodenumber>13.0</Combined_episodenumber>
  <Combined_season>2</Combined_season>
  <DVD_chapter></DVD_chapter>
  <DVD_discid></DVD_discid>
  <DVD_episodenumber>13.0</DVD_episodenumber>
  <DVD_season>2</DVD_season>
  <Director>|John Kimball|Bob Zamboni|</Director>
  <EpImgFlag></EpImgFlag>
  <EpisodeName>Weather or Not</EpisodeName>
  <EpisodeNumber>27</EpisodeNumber>
  <FirstAired>1989-11-22</FirstAired>
  <GuestStars></GuestStars>
  <IMDB_ID></IMDB_ID>
  <Language>en</Language>
  <Overview>The Rangers think Monty has lost his marbles when he insists that there's going to be a blizzard in the middle of a heat wave.</Overview>
  <ProductionCode></ProductionCode>
  <Rating></Rating>
  <RatingCount>0</RatingCount>
  <SeasonNumber>2</SeasonNumber>
  <Writer>|Dev Ross|</Writer>
  <absolute_number></absolute_number>
  <filename>episodes/75477/171752.jpg</filename>
  <lastupdated>1337096864</lastupdated>
  <seasonid>8917</seasonid>
  <seriesid>75477</seriesid>
</Episode>
<Episode>
  <id>171753</id>
  <Combined_episodenumber>14.0</Combined_episodenumber>
  <Combined_season>2</Combined_season>
  <DVD_chapter></DVD_chapter>
  <DVD_discid></DVD_discid>
  <DVD_episodenumber>14.0</DVD_episodenumber>
  <DVD_season>2</DVD_season>
  <Director>|John Kimball|Bob Zamboni|</Director>
  <EpImgFlag>1</EpImgFlag>
  <EpisodeName>One-Upsman-Chip</EpisodeName>
  <EpisodeNumber>28</EpisodeNumber>
  <FirstAired>1989-11-23</FirstAired>
  <GuestStars></GuestStars>
  <IMDB_ID></IMDB_ID>
  <Language>en</Language>
  <Overview>Chip plays a dirty trick on Dale that backfires, causing Dale to fall into Fat Cat's clutches!</Overview>
  <ProductionCode></ProductionCode>
  <Rating></Rating>
  <RatingCount>0</RatingCount>
  <SeasonNumber>2</SeasonNumber>
  <Writer>|Julia J. Roberts|</Writer>
  <absolute_number></absolute_number>
  <filename>episodes/75477/171753.jpg</filename>
  <lastupdated>1337096873</lastupdated>
  <seasonid>8917</seasonid>
  <seriesid>75477</seriesid>
</Episode>
<Episode>
  <id>171754</id>
  <Combined_episodenumber>15.0</Combined_episodenumber>
  <Combined_season>2</Combined_season>
  <DVD_chapter></DVD_chapter>
  <DVD_discid></DVD_discid>
  <DVD_episodenumber>15.0</DVD_episodenumber>
  <DVD_season>2</DVD_season>
  <Director>|John Kimball|Bob Zamboni|</Director>
  <EpImgFlag>1</EpImgFlag>
  <EpisodeName>Shell Shocked</EpisodeName>
  <EpisodeNumber>29</EpisodeNumber>
  <FirstAired>1989-11-24</FirstAired>
  <GuestStars></GuestStars>
  <IMDB_ID></IMDB_ID>
  <Language>en</Language>
  <Overview>A vacation at the beach is interrupted by a bunch of crabs who have had their shells stolen.</Overview>
  <ProductionCode></ProductionCode>
  <Rating></Rating>
  <RatingCount>0</RatingCount>
  <SeasonNumber>2</SeasonNumber>
  <Writer>|Julia J. Roberts|</Writer>
  <absolute_number></absolute_number>
  <filename>episodes/75477/171754.jpg</filename>
  <lastupdated>1337096889</lastupdated>
  <seasonid>8917</seasonid>
  <seriesid>75477</seriesid>
</Episode>
<Episode>
  <id>171755</id>
  <Combined_episodenumber>16.0</Combined_episodenumber>
  <Combined_season>2</Combined_season>
  <DVD_chapter></DVD_chapter>
  <DVD_discid></DVD_discid>
  <DVD_episodenumber>16.0</DVD_episodenumber>
  <DVD_season>2</DVD_season>
  <Director>|John Kimball|Bob Zamboni|</Director>
  <EpImgFlag>1</EpImgFlag>
  <EpisodeName>Love is a Many Splintered Thing</EpisodeName>
  <EpisodeNumber>30</EpisodeNumber>
  <FirstAired>1989-12-18</FirstAired>
  <GuestStars></GuestStars>
  <IMDB_ID></IMDB_ID>
  <Language>en</Language>
  <Overview>Monty is torn between an old flame and his loyalty to the Rescue Rangers.</Overview>
  <ProductionCode></ProductionCode>
  <Rating></Rating>
  <RatingCount>0</RatingCount>
  <SeasonNumber>2</SeasonNumber>
  <Writer>|Len Uhley|</Writer>
  <absolute_number></absolute_number>
  <filename>episodes/75477/171755.jpg</filename>
  <lastupdated>1337096914</lastupdated>
  <seasonid>8917</seasonid>
  <seriesid>75477</seriesid>
</Episode>
<Episode>
  <id>171756</id>
  <Combined_episodenumber>17.0</Combined_episodenumber>
  <Combined_season>2</Combined_season>
  <DVD_chapter></DVD_chapter>
  <DVD_discid></DVD_discid>
  <DVD_episodenumber>17.0</DVD_episodenumber>
  <DVD_season>2</DVD_season>
  <Director>|John Kimball|Bob Zamboni|</Director>
  <EpImgFlag>1</EpImgFlag>
  <EpisodeName>Song of the Night n' Dale</EpisodeName>
  <EpisodeNumber>31</EpisodeNumber>
  <FirstAired>1989-12-19</FirstAired>
  <GuestStars></GuestStars>
  <IMDB_ID></IMDB_ID>
  <Language>en</Language>
  <Overview>The maiden voyage of the Ranger Wing turns into an adventure when Dale flies into the jet stream which takes them halfway across the world to a beautiful valley in the Himalayas.</Overview>
  <ProductionCode></ProductionCode>
  <Rating></Rating>
  <RatingCount>0</RatingCount>
  <SeasonNumber>2</SeasonNumber>
  <Writer>|Tad Stone|</Writer>
  <absolute_number></absolute_number>
  <filename>episodes/75477/171756.jpg</filename>
  <lastupdated>1337104872</lastupdated>
  <seasonid>8917</seasonid>
  <seriesid>75477</seriesid>
</Episode>
<Episode>
  <id>171757</id>
  <Combined_episodenumber>18.0</Combined_episodenumber>
  <Combined_season>2</Combined_season>
  <DVD_chapter></DVD_chapter>
  <DVD_discid></DVD_discid>
  <DVD_episodenumber>18.0</DVD_episodenumber>
  <DVD_season>2</DVD_season>
  <Director>|John Kimball|Bob Zamboni|</Director>
  <EpImgFlag>1</EpImgFlag>
  <EpisodeName>Double 'O' Chipmunk</EpisodeName>
  <EpisodeNumber>32</EpisodeNumber>
  <FirstAired>1989-12-20</FirstAired>
  <GuestStars></GuestStars>
  <IMDB_ID></IMDB_ID>
  <Language>en</Language>
  <Overview>Dale emulates his favorite spy hero while playing spy games with Chip, Monty &amp; Gadget.</Overview>
  <ProductionCode></ProductionCode>
  <Rating></Rating>
  <RatingCount>0</RatingCount>
  <SeasonNumber>2</SeasonNumber>
  <Writer>|Julia J. Roberts|Tad Stones|</Writer>
  <absolute_number></absolute_number>
  <filename>episodes/75477/171757.jpg</filename>
  <lastupdated>1337104887</lastupdated>
  <seasonid>8917</seasonid>
  <seriesid>75477</seriesid>
</Episode>
<Episode>
  <id>171758</id>
  <Combined_episodenumber>19.0</Combined_episodenumber>
  <Combined_season>2</Combined_season>
  <DVD_chapter></DVD_chapter>
  <DVD_discid></DVD_discid>
  <DVD_episodenumber>19.0</DVD_episodenumber>
  <DVD_season>2</DVD_season>
  <Director>|John Kimball|Bob Zamboni|</Director>
  <EpImgFlag>1</EpImgFlag>
  <EpisodeName>Gadget Goes Hawaiian</EpisodeName>
  <EpisodeNumber>33</EpisodeNumber>
  <FirstAired>1989-12-21</FirstAired>
  <GuestStars></GuestStars>
  <IMDB_ID></IMDB_ID>
  <Language>en</Language>
  <Overview>During their vacation in Hawaii, Gadget runs into an exact double of herself who gets her into some sticky situations!</Overview>
  <ProductionCode></ProductionCode>
  <Rating></Rating>
  <RatingCount>0</RatingCount>
  <SeasonNumber>2</SeasonNumber>
  <Writer>|Julia J. Roberts|</Writer>
  <absolute_number></absolute_number>
  <filename>episodes/75477/171758.jpg</filename>
  <lastupdated>1337104901</lastupdated>
  <seasonid>8917</seasonid>
  <seriesid>75477</seriesid>
</Episode>
<Episode>
  <id>171759</id>
  <Combined_episodenumber>20.0</Combined_episodenumber>
  <Combined_season>2</Combined_season>
  <DVD_chapter></DVD_chapter>
  <DVD_discid></DVD_discid>
  <DVD_episodenumber>20.0</DVD_episodenumber>
  <DVD_season>2</DVD_season>
  <Director>|John Kimball|Bob Zamboni|</Director>
  <EpImgFlag>1</EpImgFlag>
  <EpisodeName>It's a Bird, It's Insane, It's Dale!</EpisodeName>
  <EpisodeNumber>34</EpisodeNumber>
  <FirstAired>1989-12-22</FirstAired>
  <GuestStars></GuestStars>
  <IMDB_ID></IMDB_ID>
  <Language>en</Language>
  <Overview>Dale finds a meteorite that gives him amazing powers and decides to use it to his advantage by becoming a superhero dedicated to doing good.</Overview>
  <ProductionCode></ProductionCode>
  <Rating></Rating>
  <RatingCount>0</RatingCount>
  <SeasonNumber>2</SeasonNumber>
  <Writer>|Dev Ross|Tad Stones|</Writer>
  <absolute_number></absolute_number>
  <filename>episodes/75477/171759.jpg</filename>
  <lastupdated>1337104926</lastupdated>
  <seasonid>8917</seasonid>
  <seriesid>75477</seriesid>
</Episode>
<Episode>
  <id>171760</id>
  <Combined_episodenumber>21.0</Combined_episodenumber>
  <Combined_season>2</Combined_season>
  <DVD_chapter></DVD_chapter>
  <DVD_discid></DVD_discid>
  <DVD_episodenumber>21.0</DVD_episodenumber>
  <DVD_season>2</DVD_season>
  <Director>|John Kimball|Bob Zamboni|</Director>
  <EpImgFlag>1</EpImgFlag>
  <EpisodeName>Short Order Crooks</EpisodeName>
  <EpisodeNumber>35</EpisodeNumber>
  <FirstAired>1990-02-05</FirstAired>
  <GuestStars></GuestStars>
  <IMDB_ID></IMDB_ID>
  <Language>en</Language>
  <Overview>Monty tries to make some cheese chowder and instead encounters a couple of cut-rate crooks.</Overview>
  <ProductionCode></ProductionCode>
  <Rating></Rating>
  <RatingCount>0</RatingCount>
  <SeasonNumber>2</SeasonNumber>
  <Writer>|Mark Edward Edens|</Writer>
  <absolute_number></absolute_number>
  <filename>episodes/75477/171760.jpg</filename>
  <lastupdated>1337104935</lastupdated>
  <seasonid>8917</seasonid>
  <seriesid>75477</seriesid>
</Episode>
<Episode>
  <id>171761</id>
  <Combined_episodenumber>22.0</Combined_episodenumber>
  <Combined_season>2</Combined_season>
  <DVD_chapter></DVD_chapter>
  <DVD_discid></DVD_discid>
  <DVD_episodenumber>22.0</DVD_episodenumber>
  <DVD_season>2</DVD_season>
  <Director>|John Kimball|Bob Zamboni|</Director>
  <EpImgFlag>1</EpImgFlag>
  <EpisodeName>Mind Your Cheese and Q's</EpisodeName>
  <EpisodeNumber>36</EpisodeNumber>
  <FirstAired>1990-02-06</FirstAired>
  <GuestStars></GuestStars>
  <IMDB_ID></IMDB_ID>
  <Language>en</Language>
  <Overview>A cheese shortage leads Monty and the Rangers to Rat Capone's secret hideout under a dairy.</Overview>
  <ProductionCode></ProductionCode>
  <Rating></Rating>
  <RatingCount>0</RatingCount>
  <SeasonNumber>2</SeasonNumber>
  <Writer>|Michael Price Nelson|Burt Brown|</Writer>
  <absolute_number></absolute_number>
  <filename>episodes/75477/171761.jpg</filename>
  <lastupdated>1337105033</lastupdated>
  <seasonid>8917</seasonid>
  <seriesid>75477</seriesid>
</Episode>
<Episode>
  <id>171762</id>
  <Combined_episodenumber>23.0</Combined_episodenumber>
  <Combined_season>2</Combined_season>
  <DVD_chapter></DVD_chapter>
  <DVD_discid></DVD_discid>
  <DVD_episodenumber>23.0</DVD_episodenumber>
  <DVD_season>2</DVD_season>
  <Director>|John Kimball|Bob Zamboni|</Director>
  <EpImgFlag>1</EpImgFlag>
  <EpisodeName>Out of Scale</EpisodeName>
  <EpisodeNumber>37</EpisodeNumber>
  <FirstAired>1990-02-08</FirstAired>
  <GuestStars></GuestStars>
  <IMDB_ID></IMDB_ID>
  <Language>en</Language>
  <Overview>It's Nimnul's ray gun again -- this time being used to shrink objects. When Chip and Dale investigate, they're captured and given as pets to amuse a gangster's daughter.</Overview>
  <ProductionCode></ProductionCode>
  <Rating></Rating>
  <RatingCount>0</RatingCount>
  <SeasonNumber>2</SeasonNumber>
  <Writer>|David Wise|</Writer>
  <absolute_number></absolute_number>
  <filename>episodes/75477/171762.jpg</filename>
  <lastupdated>1337105041</lastupdated>
  <seasonid>8917</seasonid>
  <seriesid>75477</seriesid>
</Episode>
<Episode>
  <id>171763</id>
  <Combined_episodenumber>24.0</Combined_episodenumber>
  <Combined_season>2</Combined_season>
  <DVD_chapter></DVD_chapter>
  <DVD_discid></DVD_discid>
  <DVD_episodenumber>24.0</DVD_episodenumber>
  <DVD_season>2</DVD_season>
  <Director>|John Kimball|Bob Zamboni|</Director>
  <EpImgFlag>1</EpImgFlag>
  <EpisodeName>Dirty Rotten Diapers</EpisodeName>
  <EpisodeNumber>38</EpisodeNumber>
  <FirstAired>1990-02-19</FirstAired>
  <GuestStars></GuestStars>
  <IMDB_ID></IMDB_ID>
  <Language>en</Language>
  <Overview>Gadget decides the Rangers' method of crime solving involves too much violence, so she adopts a kinder, gentler way for getting things done.</Overview>
  <ProductionCode></ProductionCode>
  <Rating></Rating>
  <RatingCount>0</RatingCount>
  <SeasonNumber>2</SeasonNumber>
  <Writer>|Dev Ross|Ken Koonce|David Wiemers|</Writer>
  <absolute_number></absolute_number>
  <filename>episodes/75477/171763.jpg</filename>
  <lastupdated>1337105088</lastupdated>
  <seasonid>8917</seasonid>
  <seriesid>75477</seriesid>
</Episode>
<Episode>
  <id>171764</id>
  <Combined_episodenumber>25.0</Combined_episodenumber>
  <Combined_season>2</Combined_season>
  <DVD_chapter></DVD_chapter>
  <DVD_discid></DVD_discid>
  <DVD_episodenumber>25.0</DVD_episodenumber>
  <DVD_season>2</DVD_season>
  <Director>|John Kimball|Bob Zamboni|</Director>
  <EpImgFlag>1</EpImgFlag>
  <EpisodeName>Good Times, Bat Times</EpisodeName>
  <EpisodeNumber>39</EpisodeNumber>
  <FirstAired>1990-02-21</FirstAired>
  <GuestStars></GuestStars>
  <IMDB_ID></IMDB_ID>
  <Language>en</Language>
  <Overview>Foxglove the bat develops a huge crush on Dale, who is unaware that she is a witch's familiar.</Overview>
  <ProductionCode></ProductionCode>
  <Rating></Rating>
  <RatingCount>0</RatingCount>
  <SeasonNumber>2</SeasonNumber>
  <Writer>|Bruce Talkington|</Writer>
  <absolute_number></absolute_number>
  <filename>episodes/75477/171764.jpg</filename>
  <lastupdated>1337105301</lastupdated>
  <seasonid>8917</seasonid>
  <seriesid>75477</seriesid>
</Episode>
<Episode>
  <id>171765</id>
  <Combined_episodenumber>26.0</Combined_episodenumber>
  <Combined_season>2</Combined_season>
  <DVD_chapter></DVD_chapter>
  <DVD_discid></DVD_discid>
  <DVD_episodenumber>26.0</DVD_episodenumber>
  <DVD_season>2</DVD_season>
  <Director>|John Kimball|Bob Zamboni|</Director>
  <EpImgFlag>1</EpImgFlag>
  <EpisodeName>Pie in the Sky</EpisodeName>
  <EpisodeNumber>40</EpisodeNumber>
  <FirstAired>1990-02-22</FirstAired>
  <GuestStars></GuestStars>
  <IMDB_ID></IMDB_ID>
  <Language>en</Language>
  <Overview>The Rangers offer to help a lost sparrow find her way to Capistrano, only to be thrown off course by a powerful supermagnet.</Overview>
  <ProductionCode></ProductionCode>
  <Rating></Rating>
  <RatingCount>0</RatingCount>
  <SeasonNumber>2</SeasonNumber>
  <Writer>|Sindy McKay|Larry Swerdlove|</Writer>
  <absolute_number></absolute_number>
  <filename>episodes/75477/171765.jpg</filename>
  <lastupdated>1337105310</lastupdated>
  <seasonid>8917</seasonid>
  <seriesid>75477</seriesid>
</Episode>
<Episode>
  <id>171766</id>
  <Combined_episodenumber>27.0</Combined_episodenumber>
  <Combined_season>2</Combined_season>
  <DVD_chapter></DVD_chapter>
  <DVD_discid></DVD_discid>
  <DVD_episodenumber>27.0</DVD_episodenumber>
  <DVD_season>2</DVD_season>
  <Director>|John Kimball|Bob Zamboni|</Director>
  <EpImgFlag>1</EpImgFlag>
  <EpisodeName>Le Purrfect Crime</EpisodeName>
  <EpisodeNumber>41</EpisodeNumber>
  <FirstAired>1990-03-19</FirstAired>
  <GuestStars></GuestStars>
  <IMDB_ID></IMDB_ID>
  <Language>en</Language>
  <Overview>The Rangers travel to France to find out what's been driving all the dogs out of Paris and run into Fat Cat's equally evil cousin, Maltese de Sade.</Overview>
  <ProductionCode></ProductionCode>
  <Rating></Rating>
  <RatingCount>0</RatingCount>
  <SeasonNumber>2</SeasonNumber>
  <Writer>|Dean Stefan|Ken Koonce|David Wiemers|</Writer>
  <absolute_number></absolute_number>
  <filename>episodes/75477/171766.jpg</filename>
  <lastupdated>1337105318</lastupdated>
  <seasonid>8917</seasonid>
  <seriesid>75477</seriesid>
</Episode>
<Episode>
  <id>171767</id>
  <Combined_episodenumber>28.0</Combined_episodenumber>
  <Combined_season>2</Combined_season>
  <DVD_chapter></DVD_chapter>
  <DVD_discid></DVD_discid>
  <DVD_episodenumber>28.0</DVD_episodenumber>
  <DVD_season>2</DVD_season>
  <Director>|John Kimball|Bob Zamboni|</Director>
  <EpImgFlag>1</EpImgFlag>
  <EpisodeName>When You Fish Upon a Star</EpisodeName>
  <EpisodeNumber>42</EpisodeNumber>
  <FirstAired>1990-03-21</FirstAired>
  <GuestStars></GuestStars>
  <IMDB_ID></IMDB_ID>
  <Language>en</Language>
  <Overview>Monty takes the Rangers to visit Canine Island, who find it isn't exactly the wondrous place that Monty has been describing.</Overview>
  <ProductionCode></ProductionCode>
  <Rating></Rating>
  <RatingCount>0</RatingCount>
  <SeasonNumber>2</SeasonNumber>
  <Writer>|Julia J. Roberts|</Writer>
  <absolute_number></absolute_number>
  <filename>episodes/75477/171767.jpg</filename>
  <lastupdated>1337105326</lastupdated>
  <seasonid>8917</seasonid>
  <seriesid>75477</seriesid>
</Episode>
<Episode>
  <id>171768</id>
  <Combined_episodenumber>29.0</Combined_episodenumber>
  <Combined_season>2</Combined_season>
  <DVD_chapter></DVD_chapter>
  <DVD_discid></DVD_discid>
  <DVD_episodenumber>29.0</DVD_episodenumber>
  <DVD_season>2</DVD_season>
  <Director>|John Kimball|Bob Zamboni|</Director>
  <EpImgFlag>1</EpImgFlag>
  <EpisodeName>Rest Home Rangers</EpisodeName>
  <EpisodeNumber>43</EpisodeNumber>
  <FirstAired>1990-03-22</FirstAired>
  <GuestStars></GuestStars>
  <IMDB_ID></IMDB_ID>
  <Language>en</Language>
  <Overview>Monty gets caught in another one of Nimnul's inventions -- this time, an aging gun that causes him to grow old before his time.</Overview>
  <ProductionCode></ProductionCode>
  <Rating></Rating>
  <RatingCount>0</RatingCount>
  <SeasonNumber>2</SeasonNumber>
  <Writer>|Mark Edward Edens|Michael Edens|</Writer>
  <absolute_number></absolute_number>
  <filename>episodes/75477/171768.jpg</filename>
  <lastupdated>1337105499</lastupdated>
  <seasonid>8917</seasonid>
  <seriesid>75477</seriesid>
</Episode>
<Episode>
  <id>171769</id>
  <Combined_episodenumber>30.0</Combined_episodenumber>
  <Combined_season>2</Combined_season>
  <DVD_chapter></DVD_chapter>
  <DVD_discid></DVD_discid>
  <DVD_episodenumber>30.0</DVD_episodenumber>
  <DVD_season>2</DVD_season>
  <Director>|John Kimball|Bob Zamboni|</Director>
  <EpImgFlag>1</EpImgFlag>
  <EpisodeName>A Lean on the Property</EpisodeName>
  <EpisodeNumber>44</EpisodeNumber>
  <FirstAired>1990-04-16</FirstAired>
  <GuestStars></GuestStars>
  <IMDB_ID></IMDB_ID>
  <Language>en</Language>
  <Overview>Monty's mother shows up for a visit and makes things miserable for him while the Rangers try to figure out why all the buildings are falling over.</Overview>
  <ProductionCode></ProductionCode>
  <Rating></Rating>
  <RatingCount>0</RatingCount>
  <SeasonNumber>2</SeasonNumber>
  <Writer>|Bruce Reid Schaefer|Ken Koonce|David Weimers|</Writer>
  <absolute_number></absolute_number>
  <filename>episodes/75477/171769.jpg</filename>
  <lastupdated>1337105509</lastupdated>
  <seasonid>8917</seasonid>
  <seriesid>75477</seriesid>
</Episode>
<Episode>
  <id>171770</id>
  <Combined_episodenumber>31.0</Combined_episodenumber>
  <Combined_season>2</Combined_season>
  <DVD_chapter></DVD_chapter>
  <DVD_discid></DVD_discid>
  <DVD_episodenumber>31.0</DVD_episodenumber>
  <DVD_season>2</DVD_season>
  <Director>|John Kimball|Bob Zamboni|</Director>
  <EpImgFlag>1</EpImgFlag>
  <EpisodeName>The Pied Piper Power Play</EpisodeName>
  <EpisodeNumber>45</EpisodeNumber>
  <FirstAired>1990-04-23</FirstAired>
  <GuestStars></GuestStars>
  <IMDB_ID></IMDB_ID>
  <Language>en</Language>
  <Overview>Professor Nimnul hypnotizes and captures all the mice so he can use them to generate electricity for yet another one of his vile schemes.</Overview>
  <ProductionCode></ProductionCode>
  <Rating></Rating>
  <RatingCount>0</RatingCount>
  <SeasonNumber>2</SeasonNumber>
  <Writer>|Dean Stefan|</Writer>
  <absolute_number></absolute_number>
  <filename>episodes/75477/171770.jpg</filename>
  <lastupdated>1337105575</lastupdated>
  <seasonid>8917</seasonid>
  <seriesid>75477</seriesid>
</Episode>
<Episode>
  <id>171771</id>
  <Combined_episodenumber>32.0</Combined_episodenumber>
  <Combined_season>2</Combined_season>
  <DVD_chapter></DVD_chapter>
  <DVD_discid></DVD_discid>
  <DVD_episodenumber>32.0</DVD_episodenumber>
  <DVD_season>2</DVD_season>
  <Director>|John Kimball|Bob Zamboni|Larry Swerdlove|Sindy McKay|</Director>
  <EpImgFlag>1</EpImgFlag>
  <EpisodeName>Gorilla My Dreams</EpisodeName>
  <EpisodeNumber>46</EpisodeNumber>
  <FirstAired>1990-05-01</FirstAired>
  <GuestStars></GuestStars>
  <IMDB_ID></IMDB_ID>
  <Language>en</Language>
  <Overview>Kookoo the gorilla's pet kitten has been kidnapped by Fat Cat, and it is up to the Rangers to rescue him.</Overview>
  <ProductionCode></ProductionCode>
  <Rating></Rating>
  <RatingCount>0</RatingCount>
  <SeasonNumber>2</SeasonNumber>
  <Writer>|Julia Jane Lewald|Dev Ross|</Writer>
  <absolute_number></absolute_number>
  <filename>episodes/75477/171771.jpg</filename>
  <lastupdated>1337105674</lastupdated>
  <seasonid>8917</seasonid>
  <seriesid>75477</seriesid>
</Episode>
<Episode>
  <id>171772</id>
  <Combined_episodenumber>33.0</Combined_episodenumber>
  <Combined_season>2</Combined_season>
  <DVD_chapter></DVD_chapter>
  <DVD_discid></DVD_discid>
  <DVD_episodenumber>33.0</DVD_episodenumber>
  <DVD_season>2</DVD_season>
  <Director>|John Kimball|Bob Zamboni|</Director>
  <EpImgFlag>1</EpImgFlag>
  <EpisodeName>The SS Drainpipe</EpisodeName>
  <EpisodeNumber>47</EpisodeNumber>
  <FirstAired>1990-05-02</FirstAired>
  <GuestStars></GuestStars>
  <IMDB_ID></IMDB_ID>
  <Language>en</Language>
  <Overview>It's reunion time for the Rangers when they once again meet up with Rat Capone and his cronies.</Overview>
  <ProductionCode></ProductionCode>
  <Rating></Rating>
  <RatingCount>0</RatingCount>
  <SeasonNumber>2</SeasonNumber>
  <Writer>|Michael Price Nelson|Burt Brown|</Writer>
  <absolute_number></absolute_number>
  <filename>episodes/75477/171772.jpg</filename>
  <lastupdated>1337105684</lastupdated>
  <seasonid>8917</seasonid>
  <seriesid>75477</seriesid>
</Episode>
<Episode>
  <id>171773</id>
  <Combined_episodenumber>1</Combined_episodenumber>
  <Combined_season>3</Combined_season>
  <DVD_chapter></DVD_chapter>
  <DVD_discid></DVD_discid>
  <DVD_episodenumber></DVD_episodenumber>
  <DVD_season></DVD_season>
  <Director>|John Kimball|Bob Zamboni|</Director>
  <EpImgFlag>1</EpImgFlag>
  <EpisodeName>Zipper Come Home</EpisodeName>
  <EpisodeNumber>1</EpisodeNumber>
  <FirstAired>1990-09-10</FirstAired>
  <GuestStars></GuestStars>
  <IMDB_ID></IMDB_ID>
  <Language>en</Language>
  <Overview>Zipper runs away from home and is taken in by a tribe of beetles who plan on fattening him up and sacrificing him to The Great Ribbit.</Overview>
  <ProductionCode></ProductionCode>
  <Rating></Rating>
  <RatingCount>0</RatingCount>
  <SeasonNumber>3</SeasonNumber>
  <Writer>|Dev Ross|</Writer>
  <absolute_number></absolute_number>
  <filename>episodes/75477/171773.jpg</filename>
  <lastupdated>1337366475</lastupdated>
  <seasonid>8918</seasonid>
  <seriesid>75477</seriesid>
</Episode>
<Episode>
  <id>171774</id>
  <Combined_episodenumber>2</Combined_episodenumber>
  <Combined_season>3</Combined_season>
  <DVD_chapter></DVD_chapter>
  <DVD_discid></DVD_discid>
  <DVD_episodenumber></DVD_episodenumber>
  <DVD_season></DVD_season>
  <Director>|John Kimball|Bob Zamboni|</Director>
  <EpImgFlag>1</EpImgFlag>
  <EpisodeName>Puffed Rangers</EpisodeName>
  <EpisodeNumber>2</EpisodeNumber>
  <FirstAired>1990-09-18</FirstAired>
  <GuestStars></GuestStars>
  <IMDB_ID></IMDB_ID>
  <Language>en</Language>
  <Overview>In their neverending quest for truth, the Rangers travel to Hong Kong to find out who has been stealing the toys out of Dale's favorite brand of cereal.</Overview>
  <ProductionCode></ProductionCode>
  <Rating></Rating>
  <RatingCount>0</RatingCount>
  <SeasonNumber>3</SeasonNumber>
  <Writer>|Mark Edward Edens|</Writer>
  <absolute_number></absolute_number>
  <filename>episodes/75477/171774.jpg</filename>
  <lastupdated>1337366484</lastupdated>
  <seasonid>8918</seasonid>
  <seriesid>75477</seriesid>
</Episode>
<Episode>
  <id>171775</id>
  <Combined_episodenumber>3</Combined_episodenumber>
  <Combined_season>3</Combined_season>
  <DVD_chapter></DVD_chapter>
  <DVD_discid></DVD_discid>
  <DVD_episodenumber></DVD_episodenumber>
  <DVD_season></DVD_season>
  <Director>|John Kimball|Bob Zamboni|</Director>
  <EpImgFlag>1</EpImgFlag>
  <EpisodeName>A Fly in the Ointment</EpisodeName>
  <EpisodeNumber>3</EpisodeNumber>
  <FirstAired>1990-09-26</FirstAired>
  <GuestStars></GuestStars>
  <IMDB_ID></IMDB_ID>
  <Language>en</Language>
  <Overview>Zipper gets caught in the 'modemizer' and ends up switching heads with Professor Nimnul, in this horror movie spoof!</Overview>
  <ProductionCode></ProductionCode>
  <Rating></Rating>
  <RatingCount>0</RatingCount>
  <SeasonNumber>3</SeasonNumber>
  <Writer>|Alan Burnett|</Writer>
  <absolute_number></absolute_number>
  <filename>episodes/75477/171775.jpg</filename>
  <lastupdated>1337366496</lastupdated>
  <seasonid>8918</seasonid>
  <seriesid>75477</seriesid>
</Episode>
<Episode>
  <id>171776</id>
  <Combined_episodenumber>4</Combined_episodenumber>
  <Combined_season>3</Combined_season>
  <DVD_chapter></DVD_chapter>
  <DVD_discid></DVD_discid>
  <DVD_episodenumber></DVD_episodenumber>
  <DVD_season></DVD_season>
  <Director>|John Kimball|Bob Zamboni|</Director>
  <EpImgFlag>1</EpImgFlag>
  <EpisodeName>A Chorus Crime</EpisodeName>
  <EpisodeNumber>4</EpisodeNumber>
  <FirstAired>1990-11-05</FirstAired>
  <GuestStars></GuestStars>
  <IMDB_ID></IMDB_ID>
  <Language>en</Language>
  <Overview>Chip, Dale and Gadget offer to help famous screen star Canina LeFur recover some stolen dancing shoes, while Monty journeys to the Arctic Circle to try to find out what's been sinking the cheese ships.</Overview>
  <ProductionCode></ProductionCode>
  <Rating></Rating>
  <RatingCount>0</RatingCount>
  <SeasonNumber>3</SeasonNumber>
  <Writer></Writer>
  <absolute_number></absolute_number>
  <filename>episodes/75477/171776.jpg</filename>
  <lastupdated>1337366507</lastupdated>
  <seasonid>8918</seasonid>
  <seriesid>75477</seriesid>
</Episode>
<Episode>
  <id>171777</id>
  <Combined_episodenumber>5</Combined_episodenumber>
  <Combined_season>3</Combined_season>
  <DVD_chapter></DVD_chapter>
  <DVD_discid></DVD_discid>
  <DVD_episodenumber></DVD_episodenumber>
  <DVD_season></DVD_season>
  <Director>|John Kimball|Bob Zamboni|Bruce Reid Schaefer|Ken Koonce|David Weimers|</Director>
  <EpImgFlag>1</EpImgFlag>
  <EpisodeName>They Shoot Dogs, Don't They?</EpisodeName>
  <EpisodeNumber>5</EpisodeNumber>
  <FirstAired>1990-11-19</FirstAired>
  <GuestStars></GuestStars>
  <IMDB_ID></IMDB_ID>
  <Language>en</Language>
  <Overview>The Rangers once again go to Canina LeFur's aid -- this time in Taxadermia where Canina fears her stand-in is trying to bump her off and take her place.</Overview>
  <ProductionCode></ProductionCode>
  <Rating></Rating>
  <RatingCount>0</RatingCount>
  <SeasonNumber>3</SeasonNumber>
  <Writer>|Ken Koonce|David Weimers|</Writer>
  <absolute_number></absolute_number>
  <filename>episodes/75477/171777.jpg</filename>
  <lastupdated>1337366515</lastupdated>
  <seasonid>8918</seasonid>
  <seriesid>75477</seriesid>
</Episode>
</Data>