<?xml version="1.0" encoding="UTF-8" ?>
<Actors>
<Actor>
  <id>78332</id>
  <Image>actors/78332.jpg</Image>
  <Name>Jon Hamm</Name>
  <Role>Don Draper</Role>
  <SortOrder>0</SortOrder>
</Actor>
<Actor>
  <id>103201</id>
  <Image>actors/103201.jpg</Image>
  <Name>January Jones</Name>
  <Role>Betty Draper</Role>
  <SortOrder>1</SortOrder>
</Actor>
<Actor>
  <id>103211</id>
  <Image>actors/103211.jpg</Image>
  <Name>Elisabeth Moss</Name>
  <Role>Peggy Olson</Role>
  <SortOrder>2</SortOrder>
</Actor>
<Actor>
  <id>78344</id>
  <Image>actors/78344.jpg</Image>
  <Name>Vincent Kartheiser</Name>
  <Role>Pete Campbell</Role>
  <SortOrder>3</SortOrder>
</Actor>
<Actor>
  <id>78343</id>
  <Image>actors/78343.jpg</Image>
  <Name>Christina Hendricks</Name>
  <Role>Joan Holloway</Role>
  <SortOrder>3</SortOrder>
</Actor>
<Actor>
  <id>78333</id>
  <Image>actors/78333.jpg</Image>
  <Name>John Slattery</Name>
  <Role>Roger Sterling</Role>
  <SortOrder>3</SortOrder>
</Actor>
<Actor>
  <id>297409</id>
  <Image>actors/297409.jpg</Image>
  <Name>Jessica Paré</Name>
  <Role>Megan Calvet</Role>
  <SortOrder>3</SortOrder>
</Actor>
<Actor>
  <id>296241</id>
  <Image>actors/296241.jpg</Image>
  <Name>Kiernan Shipka</Name>
  <Role>Sally Draper</Role>
  <SortOrder>3</SortOrder>
</Actor>
<Actor>
  <id>296240</id>
  <Image>actors/296240.jpg</Image>
  <Name>Jay R. Ferguson</Name>
  <Role>Stan Rizzo</Role>
  <SortOrder>3</SortOrder>
</Actor>
<Actor>
  <id>296239</id>
  <Image>actors/296239.jpg</Image>
  <Name>Christopher Stanley</Name>
  <Role>Henry Francis</Role>
  <SortOrder>3</SortOrder>
</Actor>
<Actor>
  <id>296238</id>
  <Image>actors/296238.jpg</Image>
  <Name>Jared Harris</Name>
  <Role>Lane Price</Role>
  <SortOrder>3</SortOrder>
</Actor>
<Actor>
  <id>296237</id>
  <Image>actors/296237.jpg</Image>
  <Name>Robert Morse</Name>
  <Role>Bertram Cooper</Role>
  <SortOrder>3</SortOrder>
</Actor>
<Actor>
  <id>230641</id>
  <Image>actors/230641.jpg</Image>
  <Name>Alison Brie</Name>
  <Role>Trudy Campbell</Role>
  <SortOrder>3</SortOrder>
</Actor>
<Actor>
  <id>103241</id>
  <Image>actors/103241.jpg</Image>
  <Name>Aaron Staton</Name>
  <Role>Ken Cosgrove</Role>
  <SortOrder>3</SortOrder>
</Actor>
<Actor>
  <id>103231</id>
  <Image>actors/103231.jpg</Image>
  <Name>Michael Gladis</Name>
  <Role>Paul Kinsey</Role>
  <SortOrder>3</SortOrder>
</Actor>
<Actor>
  <id>103221</id>
  <Image>actors/103221.jpg</Image>
  <Name>Rich Sommer</Name>
  <Role>Harry Crane</Role>
  <SortOrder>3</SortOrder>
</Actor>
</Actors>