<?xml version="1.0" encoding="UTF-8" ?>
<Banners>
<Banner>
  <id>900487</id>
  <BannerPath>fanart/original/80337-47.jpg</BannerPath>
  <BannerType>fanart</BannerType>
  <BannerType2>1920x1080</BannerType2>
  <Colors>|168,149,119|215,194,163|176,169,153|</Colors>
  <Language>en</Language>
  <Rating>8.2500</Rating>
  <RatingCount>4</RatingCount>
  <SeriesName>false</SeriesName>
  <ThumbnailPath>_cache/fanart/original/80337-47.jpg</ThumbnailPath>
  <VignettePath>fanart/vignette/80337-47.jpg</VignettePath>
</Banner>
<Banner>
  <id>770141</id>
  <BannerPath>fanart/original/80337-38.jpg</BannerPath>
  <BannerType>fanart</BannerType>
  <BannerType2>1920x1080</BannerType2>
  <Colors></Colors>
  <Language>en</Language>
  <Rating>8.0000</Rating>
  <RatingCount>7</RatingCount>
  <SeriesName>false</SeriesName>
  <ThumbnailPath>_cache/fanart/original/80337-38.jpg</ThumbnailPath>
  <VignettePath>fanart/vignette/80337-38.jpg</VignettePath>
</Banner>
<Banner>
  <id>909133</id>
  <BannerPath>fanart/original/80337-50.jpg</BannerPath>
  <BannerType>fanart</BannerType>
  <BannerType2>1920x1080</BannerType2>
  <Colors></Colors>
  <Language>en</Language>
  <Rating>8.0000</Rating>
  <RatingCount>1</RatingCount>
  <SeriesName>false</SeriesName>
  <ThumbnailPath>_cache/fanart/original/80337-50.jpg</ThumbnailPath>
  <VignettePath>fanart/vignette/80337-50.jpg</VignettePath>
</Banner>
<Banner>
  <id>904017</id>
  <BannerPath>fanart/original/80337-48.jpg</BannerPath>
  <BannerType>fanart</BannerType>
  <BannerType2>1920x1080</BannerType2>
  <Colors></Colors>
  <Language>de</Language>
  <Rating>7.8333</Rating>
  <RatingCount>6</RatingCount>
  <SeriesName>false</SeriesName>
  <ThumbnailPath>_cache/fanart/original/80337-48.jpg</ThumbnailPath>
  <VignettePath>fanart/vignette/80337-48.jpg</VignettePath>
</Banner>
<Banner>
  <id>583271</id>
  <BannerPath>fanart/original/80337-35.jpg</BannerPath>
  <BannerType>fanart</BannerType>
  <BannerType2>1920x1080</BannerType2>
  <Colors>|177,40,50|27,23,14|188,127,80|</Colors>
  <Language>en</Language>
  <Rating>7.7778</Rating>
  <RatingCount>9</RatingCount>
  <SeriesName>false</SeriesName>
  <ThumbnailPath>_cache/fanart/original/80337-35.jpg</ThumbnailPath>
  <VignettePath>fanart/vignette/80337-35.jpg</VignettePath>
</Banner>
<Banner>
  <id>950162</id>
  <BannerPath>fanart/original/80337-62.jpg</BannerPath>
  <BannerType>fanart</BannerType>
  <BannerType2>1920x1080</BannerType2>
  <Colors></Colors>
  <Language>en</Language>
  <Rating>7.5000</Rating>
  <RatingCount>2</RatingCount>
  <SeriesName>false</SeriesName>
  <ThumbnailPath>_cache/fanart/original/80337-62.jpg</ThumbnailPath>
  <VignettePath>fanart/vignette/80337-62.jpg</VignettePath>
</Banner>
<Banner>
  <id>167021</id>
  <BannerPath>fanart/original/80337-17.jpg</BannerPath>
  <BannerType>fanart</BannerType>
  <BannerType2>1280x720</BannerType2>
  <Colors></Colors>
  <Language>en</Language>
  <Rating>7.2308</Rating>
  <RatingCount>13</RatingCount>
  <SeriesName>false</SeriesName>
  <ThumbnailPath>_cache/fanart/original/80337-17.jpg</ThumbnailPath>
  <VignettePath>fanart/vignette/80337-17.jpg</VignettePath>
</Banner>
<Banner>
  <id>865901</id>
  <BannerPath>fanart/original/80337-1.jpg</BannerPath>
  <BannerType>fanart</BannerType>
  <BannerType2>1280x720</BannerType2>
  <Colors></Colors>
  <Language>de</Language>
  <Rating>7.2222</Rating>
  <RatingCount>9</RatingCount>
  <SeriesName>false</SeriesName>
  <ThumbnailPath>_cache/fanart/original/80337-1.jpg</ThumbnailPath>
  <VignettePath>fanart/vignette/80337-1.jpg</VignettePath>
</Banner>
<Banner>
  <id>533061</id>
  <BannerPath>fanart/original/80337-33.jpg</BannerPath>
  <BannerType>fanart</BannerType>
  <BannerType2>1920x1080</BannerType2>
  <Colors>|190,181,172|188,181,175|189,182,174|</Colors>
  <Language>fr</Language>
  <Rating>7.2000</Rating>
  <RatingCount>10</RatingCount>
  <SeriesName>false</SeriesName>
  <ThumbnailPath>_cache/fanart/original/80337-33.jpg</ThumbnailPath>
  <VignettePath>fanart/vignette/80337-33.jpg</VignettePath>
</Banner>
<Banner>
  <id>872852</id>
  <BannerPath>fanart/original/80337-43.jpg</BannerPath>
  <BannerType>fanart</BannerType>
  <BannerType2>1280x720</BannerType2>
  <Colors></Colors>
  <Language>en</Language>
  <Rating>7.1429</Rating>
  <RatingCount>7</RatingCount>
  <SeriesName>false</SeriesName>
  <ThumbnailPath>_cache/fanart/original/80337-43.jpg</ThumbnailPath>
  <VignettePath>fanart/vignette/80337-43.jpg</VignettePath>
</Banner>
<Banner>
  <id>770191</id>
  <BannerPath>fanart/original/80337-41.jpg</BannerPath>
  <BannerType>fanart</BannerType>
  <BannerType2>1920x1080</BannerType2>
  <Colors></Colors>
  <Language>en</Language>
  <Rating>7.0000</Rating>
  <RatingCount>4</RatingCount>
  <SeriesName>false</SeriesName>
  <ThumbnailPath>_cache/fanart/original/80337-41.jpg</ThumbnailPath>
  <VignettePath>fanart/vignette/80337-41.jpg</VignettePath>
</Banner>
<Banner>
  <id>413611</id>
  <BannerPath>fanart/original/80337-31.jpg</BannerPath>
  <BannerType>fanart</BannerType>
  <BannerType2>1280x720</BannerType2>
  <Colors></Colors>
  <Language>en</Language>
  <Rating>7.0000</Rating>
  <RatingCount>1</RatingCount>
  <SeriesName>false</SeriesName>
  <ThumbnailPath>_cache/fanart/original/80337-31.jpg</ThumbnailPath>
  <VignettePath>fanart/vignette/80337-31.jpg</VignettePath>
</Banner>
<Banner>
  <id>253961</id>
  <BannerPath>fanart/original/80337-28.jpg</BannerPath>
  <BannerType>fanart</BannerType>
  <BannerType2>1920x1080</BannerType2>
  <Colors>|185,131,95|220,204,189|107,115,126|</Colors>
  <Language>en</Language>
  <Rating>7.0000</Rating>
  <RatingCount>1</RatingCount>
  <SeriesName>false</SeriesName>
  <ThumbnailPath>_cache/fanart/original/80337-28.jpg</ThumbnailPath>
  <VignettePath>fanart/vignette/80337-28.jpg</VignettePath>
</Banner>
<Banner>
  <id>919825</id>
  <BannerPath>fanart/original/80337-61.jpg</BannerPath>
  <BannerType>fanart</BannerType>
  <BannerType2>1920x1080</BannerType2>
  <Colors></Colors>
  <Language>fr</Language>
  <Rating>7.0000</Rating>
  <RatingCount>1</RatingCount>
  <SeriesName>false</SeriesName>
  <ThumbnailPath>_cache/fanart/original/80337-61.jpg</ThumbnailPath>
  <VignettePath>fanart/vignette/80337-61.jpg</VignettePath>
</Banner>
<Banner>
  <id>918977</id>
  <BannerPath>fanart/original/80337-55.jpg</BannerPath>
  <BannerType>fanart</BannerType>
  <BannerType2>1920x1080</BannerType2>
  <Colors></Colors>
  <Language>fr</Language>
  <Rating>7.0000</Rating>
  <RatingCount>1</RatingCount>
  <SeriesName>false</SeriesName>
  <ThumbnailPath>_cache/fanart/original/80337-55.jpg</ThumbnailPath>
  <VignettePath>fanart/vignette/80337-55.jpg</VignettePath>
</Banner>
<Banner>
  <id>167001</id>
  <BannerPath>fanart/original/80337-16.jpg</BannerPath>
  <BannerType>fanart</BannerType>
  <BannerType2>1920x1080</BannerType2>
  <Colors></Colors>
  <Language>en</Language>
  <Rating>7.0000</Rating>
  <RatingCount>4</RatingCount>
  <SeriesName>false</SeriesName>
  <ThumbnailPath>_cache/fanart/original/80337-16.jpg</ThumbnailPath>
  <VignettePath>fanart/vignette/80337-16.jpg</VignettePath>
</Banner>
<Banner>
  <id>194691</id>
  <BannerPath>fanart/original/80337-24.jpg</BannerPath>
  <BannerType>fanart</BannerType>
  <BannerType2>1280x720</BannerType2>
  <Colors></Colors>
  <Language>en</Language>
  <Rating>7.0000</Rating>
  <RatingCount>2</RatingCount>
  <SeriesName>false</SeriesName>
  <ThumbnailPath>_cache/fanart/original/80337-24.jpg</ThumbnailPath>
  <VignettePath>fanart/vignette/80337-24.jpg</VignettePath>
</Banner>
<Banner>
  <id>183321</id>
  <BannerPath>fanart/original/80337-19.jpg</BannerPath>
  <BannerType>fanart</BannerType>
  <BannerType2>1920x1080</BannerType2>
  <Colors></Colors>
  <Language>de</Language>
  <Rating>7.0000</Rating>
  <RatingCount>2</RatingCount>
  <SeriesName>false</SeriesName>
  <ThumbnailPath>_cache/fanart/original/80337-19.jpg</ThumbnailPath>
  <VignettePath>fanart/vignette/80337-19.jpg</VignettePath>
</Banner>
<Banner>
  <id>100381</id>
  <BannerPath>fanart/original/80337-14.jpg</BannerPath>
  <BannerType>fanart</BannerType>
  <BannerType2>1920x1080</BannerType2>
  <Colors></Colors>
  <Language>de</Language>
  <Rating>7.0000</Rating>
  <RatingCount>2</RatingCount>
  <SeriesName>false</SeriesName>
  <ThumbnailPath>_cache/fanart/original/80337-14.jpg</ThumbnailPath>
  <VignettePath>fanart/vignette/80337-14.jpg</VignettePath>
</Banner>
<Banner>
  <id>580331</id>
  <BannerPath>fanart/original/80337-32.jpg</BannerPath>
  <BannerType>fanart</BannerType>
  <BannerType2>1920x1080</BannerType2>
  <Colors></Colors>
  <Language>fr</Language>
  <Rating>6.8889</Rating>
  <RatingCount>9</RatingCount>
  <SeriesName>false</SeriesName>
  <ThumbnailPath>_cache/fanart/original/80337-32.jpg</ThumbnailPath>
  <VignettePath>fanart/vignette/80337-32.jpg</VignettePath>
</Banner>
<Banner>
  <id>375351</id>
  <BannerPath>fanart/original/80337-30.jpg</BannerPath>
  <BannerType>fanart</BannerType>
  <BannerType2>1280x720</BannerType2>
  <Colors>|124,125,120|157,158,153|190,191,186|</Colors>
  <Language>en</Language>
  <Rating>6.7500</Rating>
  <RatingCount>8</RatingCount>
  <SeriesName>true</SeriesName>
  <ThumbnailPath>_cache/fanart/original/80337-30.jpg</ThumbnailPath>
  <VignettePath>fanart/vignette/80337-30.jpg</VignettePath>
</Banner>
<Banner>
  <id>580341</id>
  <BannerPath>fanart/original/80337-34.jpg</BannerPath>
  <BannerType>fanart</BannerType>
  <BannerType2>1920x1080</BannerType2>
  <Colors></Colors>
  <Language>fr</Language>
  <Rating>6.6667</Rating>
  <RatingCount>6</RatingCount>
  <SeriesName>false</SeriesName>
  <ThumbnailPath>_cache/fanart/original/80337-34.jpg</ThumbnailPath>
  <VignettePath>fanart/vignette/80337-34.jpg</VignettePath>
</Banner>
<Banner>
  <id>770201</id>
  <BannerPath>fanart/original/80337-42.jpg</BannerPath>
  <BannerType>fanart</BannerType>
  <BannerType2>1920x1080</BannerType2>
  <Colors></Colors>
  <Language>en</Language>
  <Rating>6.6667</Rating>
  <RatingCount>3</RatingCount>
  <SeriesName>false</SeriesName>
  <ThumbnailPath>_cache/fanart/original/80337-42.jpg</ThumbnailPath>
  <VignettePath>fanart/vignette/80337-42.jpg</VignettePath>
</Banner>
<Banner>
  <id>33803</id>
  <BannerPath>fanart/original/80337-7.jpg</BannerPath>
  <BannerType>fanart</BannerType>
  <BannerType2>1280x720</BannerType2>
  <Colors></Colors>
  <Language>en</Language>
  <Rating>6.5000</Rating>
  <RatingCount>2</RatingCount>
  <SeriesName>false</SeriesName>
  <ThumbnailPath>_cache/fanart/original/80337-7.jpg</ThumbnailPath>
  <VignettePath>fanart/vignette/80337-7.jpg</VignettePath>
</Banner>
<Banner>
  <id>22123</id>
  <BannerPath>fanart/original/80337-3.jpg</BannerPath>
  <BannerType>fanart</BannerType>
  <BannerType2>1280x720</BannerType2>
  <Colors>|158,150,139|55,24,4|189,146,101|</Colors>
  <Language>en</Language>
  <Rating>6.5000</Rating>
  <RatingCount>2</RatingCount>
  <SeriesName>false</SeriesName>
  <ThumbnailPath>_cache/fanart/original/80337-3.jpg</ThumbnailPath>
  <VignettePath>fanart/vignette/80337-3.jpg</VignettePath>
</Banner>
<Banner>
  <id>772321</id>
  <BannerPath>fanart/original/80337-40.jpg</BannerPath>
  <BannerType>fanart</BannerType>
  <BannerType2>1920x1080</BannerType2>
  <Colors></Colors>
  <Language>en</Language>
  <Rating>6.5000</Rating>
  <RatingCount>2</RatingCount>
  <SeriesName>false</SeriesName>
  <ThumbnailPath>_cache/fanart/original/80337-40.jpg</ThumbnailPath>
  <VignettePath>fanart/vignette/80337-40.jpg</VignettePath>
</Banner>
<Banner>
  <id>194701</id>
  <BannerPath>fanart/original/80337-25.jpg</BannerPath>
  <BannerType>fanart</BannerType>
  <BannerType2>1280x720</BannerType2>
  <Colors>|205,75,62|11,6,2|250,217,182|</Colors>
  <Language>en</Language>
  <Rating>6.5000</Rating>
  <RatingCount>2</RatingCount>
  <SeriesName>false</SeriesName>
  <ThumbnailPath>_cache/fanart/original/80337-25.jpg</ThumbnailPath>
  <VignettePath>fanart/vignette/80337-25.jpg</VignettePath>
</Banner>
<Banner>
  <id>234351</id>
  <BannerPath>fanart/original/80337-27.jpg</BannerPath>
  <BannerType>fanart</BannerType>
  <BannerType2>1920x1080</BannerType2>
  <Colors></Colors>
  <Language>de</Language>
  <Rating>6.5000</Rating>
  <RatingCount>2</RatingCount>
  <SeriesName>false</SeriesName>
  <ThumbnailPath>_cache/fanart/original/80337-27.jpg</ThumbnailPath>
  <VignettePath>fanart/vignette/80337-27.jpg</VignettePath>
</Banner>
<Banner>
  <id>159511</id>
  <BannerPath>fanart/original/80337-15.jpg</BannerPath>
  <BannerType>fanart</BannerType>
  <BannerType2>1920x1080</BannerType2>
  <Colors></Colors>
  <Language>de</Language>
  <Rating>6.3636</Rating>
  <RatingCount>11</RatingCount>
  <SeriesName>false</SeriesName>
  <ThumbnailPath>_cache/fanart/original/80337-15.jpg</ThumbnailPath>
  <VignettePath>fanart/vignette/80337-15.jpg</VignettePath>
</Banner>
<Banner>
  <id>183331</id>
  <BannerPath>fanart/original/80337-20.jpg</BannerPath>
  <BannerType>fanart</BannerType>
  <BannerType2>1920x1080</BannerType2>
  <Colors></Colors>
  <Language>de</Language>
  <Rating>6.3333</Rating>
  <RatingCount>6</RatingCount>
  <SeriesName>false</SeriesName>
  <ThumbnailPath>_cache/fanart/original/80337-20.jpg</ThumbnailPath>
  <VignettePath>fanart/vignette/80337-20.jpg</VignettePath>
</Banner>
<Banner>
  <id>739821</id>
  <BannerPath>fanart/original/80337-37.jpg</BannerPath>
  <BannerType>fanart</BannerType>
  <BannerType2>1920x1080</BannerType2>
  <Colors></Colors>
  <Language>de</Language>
  <Rating>6.2857</Rating>
  <RatingCount>7</RatingCount>
  <SeriesName>false</SeriesName>
  <ThumbnailPath>_cache/fanart/original/80337-37.jpg</ThumbnailPath>
  <VignettePath>fanart/vignette/80337-37.jpg</VignettePath>
</Banner>
<Banner>
  <id>33805</id>
  <BannerPath>fanart/original/80337-8.jpg</BannerPath>
  <BannerType>fanart</BannerType>
  <BannerType2>1280x720</BannerType2>
  <Colors>|186,129,39|191,2,9|0,0,12|</Colors>
  <Language>en</Language>
  <Rating>6.2500</Rating>
  <RatingCount>8</RatingCount>
  <SeriesName>false</SeriesName>
  <ThumbnailPath>_cache/fanart/original/80337-8.jpg</ThumbnailPath>
  <VignettePath>fanart/vignette/80337-8.jpg</VignettePath>
</Banner>
<Banner>
  <id>33806</id>
  <BannerPath>fanart/original/80337-9.jpg</BannerPath>
  <BannerType>fanart</BannerType>
  <BannerType2>1280x720</BannerType2>
  <Colors></Colors>
  <Language>en</Language>
  <Rating>6.1667</Rating>
  <RatingCount>6</RatingCount>
  <SeriesName>false</SeriesName>
  <ThumbnailPath>_cache/fanart/original/80337-9.jpg</ThumbnailPath>
  <VignettePath>fanart/vignette/80337-9.jpg</VignettePath>
</Banner>
<Banner>
  <id>33808</id>
  <BannerPath>fanart/original/80337-11.jpg</BannerPath>
  <BannerType>fanart</BannerType>
  <BannerType2>1280x720</BannerType2>
  <Colors>|182,4,36|255,255,255|252,251,249|</Colors>
  <Language>en</Language>
  <Rating>6.0000</Rating>
  <RatingCount>5</RatingCount>
  <SeriesName>false</SeriesName>
  <ThumbnailPath>_cache/fanart/original/80337-11.jpg</ThumbnailPath>
  <VignettePath>fanart/vignette/80337-11.jpg</VignettePath>
</Banner>
<Banner>
  <id>650651</id>
  <BannerPath>fanart/original/80337-36.jpg</BannerPath>
  <BannerType>fanart</BannerType>
  <BannerType2>1280x720</BannerType2>
  <Colors></Colors>
  <Language>en</Language>
  <Rating>6.0000</Rating>
  <RatingCount>5</RatingCount>
  <SeriesName>false</SeriesName>
  <ThumbnailPath>_cache/fanart/original/80337-36.jpg</ThumbnailPath>
  <VignettePath>fanart/vignette/80337-36.jpg</VignettePath>
</Banner>
<Banner>
  <id>183351</id>
  <BannerPath>fanart/original/80337-22.jpg</BannerPath>
  <BannerType>fanart</BannerType>
  <BannerType2>1920x1080</BannerType2>
  <Colors></Colors>
  <Language>de</Language>
  <Rating>6.0000</Rating>
  <RatingCount>2</RatingCount>
  <SeriesName>false</SeriesName>
  <ThumbnailPath>_cache/fanart/original/80337-22.jpg</ThumbnailPath>
  <VignettePath>fanart/vignette/80337-22.jpg</VignettePath>
</Banner>
<Banner>
  <id>867086</id>
  <BannerPath>fanart/original/80337-23.jpg</BannerPath>
  <BannerType>fanart</BannerType>
  <BannerType2>1920x1080</BannerType2>
  <Colors></Colors>
  <Language>en</Language>
  <Rating>5.5000</Rating>
  <RatingCount>4</RatingCount>
  <SeriesName>false</SeriesName>
  <ThumbnailPath>_cache/fanart/original/80337-23.jpg</ThumbnailPath>
  <VignettePath>fanart/vignette/80337-23.jpg</VignettePath>
</Banner>
<Banner>
  <id>327741</id>
  <BannerPath>fanart/original/80337-29.jpg</BannerPath>
  <BannerType>fanart</BannerType>
  <BannerType2>1920x1080</BannerType2>
  <Colors></Colors>
  <Language>en</Language>
  <Rating>5.5000</Rating>
  <RatingCount>2</RatingCount>
  <SeriesName>false</SeriesName>
  <ThumbnailPath>_cache/fanart/original/80337-29.jpg</ThumbnailPath>
  <VignettePath>fanart/vignette/80337-29.jpg</VignettePath>
</Banner>
<Banner>
  <id>183341</id>
  <BannerPath>fanart/original/80337-21.jpg</BannerPath>
  <BannerType>fanart</BannerType>
  <BannerType2>1920x1080</BannerType2>
  <Colors></Colors>
  <Language>de</Language>
  <Rating>5.4000</Rating>
  <RatingCount>5</RatingCount>
  <SeriesName>false</SeriesName>
  <ThumbnailPath>_cache/fanart/original/80337-21.jpg</ThumbnailPath>
  <VignettePath>fanart/vignette/80337-21.jpg</VignettePath>
</Banner>
<Banner>
  <id>772291</id>
  <BannerPath>fanart/original/80337-39.jpg</BannerPath>
  <BannerType>fanart</BannerType>
  <BannerType2>1920x1080</BannerType2>
  <Colors></Colors>
  <Language>en</Language>
  <Rating>5.3333</Rating>
  <RatingCount>3</RatingCount>
  <SeriesName>false</SeriesName>
  <ThumbnailPath>_cache/fanart/original/80337-39.jpg</ThumbnailPath>
  <VignettePath>fanart/vignette/80337-39.jpg</VignettePath>
</Banner>
<Banner>
  <id>22122</id>
  <BannerPath>fanart/original/80337-2.jpg</BannerPath>
  <BannerType>fanart</BannerType>
  <BannerType2>1280x720</BannerType2>
  <Colors>|136,137,123|3,3,3|67,55,31|</Colors>
  <Language>en</Language>
  <Rating>5.0000</Rating>
  <RatingCount>4</RatingCount>
  <SeriesName>false</SeriesName>
  <ThumbnailPath>_cache/fanart/original/80337-2.jpg</ThumbnailPath>
  <VignettePath>fanart/vignette/80337-2.jpg</VignettePath>
</Banner>
<Banner>
  <id>918976</id>
  <BannerPath>fanart/original/80337-54.jpg</BannerPath>
  <BannerType>fanart</BannerType>
  <BannerType2>1920x1080</BannerType2>
  <Colors></Colors>
  <Language>fr</Language>
  <Rating>5.0000</Rating>
  <RatingCount>1</RatingCount>
  <SeriesName>false</SeriesName>
  <ThumbnailPath>_cache/fanart/original/80337-54.jpg</ThumbnailPath>
  <VignettePath>fanart/vignette/80337-54.jpg</VignettePath>
</Banner>
<Banner>
  <id>918974</id>
  <BannerPath>fanart/original/80337-52.jpg</BannerPath>
  <BannerType>fanart</BannerType>
  <BannerType2>1920x1080</BannerType2>
  <Colors></Colors>
  <Language>fr</Language>
  <Rating>5.0000</Rating>
  <RatingCount>1</RatingCount>
  <SeriesName>false</SeriesName>
  <ThumbnailPath>_cache/fanart/original/80337-52.jpg</ThumbnailPath>
  <VignettePath>fanart/vignette/80337-52.jpg</VignettePath>
</Banner>
<Banner>
  <id>86941</id>
  <BannerPath>fanart/original/80337-13.jpg</BannerPath>
  <BannerType>fanart</BannerType>
  <BannerType2>1280x720</BannerType2>
  <Colors></Colors>
  <Language>en</Language>
  <Rating>4.7500</Rating>
  <RatingCount>4</RatingCount>
  <SeriesName>false</SeriesName>
  <ThumbnailPath>_cache/fanart/original/80337-13.jpg</ThumbnailPath>
  <VignettePath>fanart/vignette/80337-13.jpg</VignettePath>
</Banner>
<Banner>
  <id>872855</id>
  <BannerPath>fanart/original/80337-45.jpg</BannerPath>
  <BannerType>fanart</BannerType>
  <BannerType2>1280x720</BannerType2>
  <Colors></Colors>
  <Language>en</Language>
  <Rating>4.5000</Rating>
  <RatingCount>4</RatingCount>
  <SeriesName>false</SeriesName>
  <ThumbnailPath>_cache/fanart/original/80337-45.jpg</ThumbnailPath>
  <VignettePath>fanart/vignette/80337-45.jpg</VignettePath>
</Banner>
<Banner>
  <id>33809</id>
  <BannerPath>fanart/original/80337-12.jpg</BannerPath>
  <BannerType>fanart</BannerType>
  <BannerType2>1280x720</BannerType2>
  <Colors></Colors>
  <Language>en</Language>
  <Rating>4.3333</Rating>
  <RatingCount>3</RatingCount>
  <SeriesName>false</SeriesName>
  <ThumbnailPath>_cache/fanart/original/80337-12.jpg</ThumbnailPath>
  <VignettePath>fanart/vignette/80337-12.jpg</VignettePath>
</Banner>
<Banner>
  <id>918975</id>
  <BannerPath>fanart/original/80337-53.jpg</BannerPath>
  <BannerType>fanart</BannerType>
  <BannerType2>1920x1080</BannerType2>
  <Colors></Colors>
  <Language>fr</Language>
  <Rating>4.0000</Rating>
  <RatingCount>1</RatingCount>
  <SeriesName>false</SeriesName>
  <ThumbnailPath>_cache/fanart/original/80337-53.jpg</ThumbnailPath>
  <VignettePath>fanart/vignette/80337-53.jpg</VignettePath>
</Banner>
<Banner>
  <id>183311</id>
  <BannerPath>fanart/original/80337-18.jpg</BannerPath>
  <BannerType>fanart</BannerType>
  <BannerType2>1920x1080</BannerType2>
  <Colors></Colors>
  <Language>de</Language>
  <Rating>3.0000</Rating>
  <RatingCount>1</RatingCount>
  <SeriesName>false</SeriesName>
  <ThumbnailPath>_cache/fanart/original/80337-18.jpg</ThumbnailPath>
  <VignettePath>fanart/vignette/80337-18.jpg</VignettePath>
</Banner>
<Banner>
  <id>33316</id>
  <BannerPath>fanart/original/80337-5.jpg</BannerPath>
  <BannerType>fanart</BannerType>
  <BannerType2>1280x720</BannerType2>
  <Colors></Colors>
  <Language>en</Language>
  <Rating>2.0000</Rating>
  <RatingCount>1</RatingCount>
  <SeriesName>false</SeriesName>
  <ThumbnailPath>_cache/fanart/original/80337-5.jpg</ThumbnailPath>
  <VignettePath>fanart/vignette/80337-5.jpg</VignettePath>
</Banner>
<Banner>
  <id>900486</id>
  <BannerPath>fanart/original/80337-46.jpg</BannerPath>
  <BannerType>fanart</BannerType>
  <BannerType2>1920x1080</BannerType2>
  <Colors></Colors>
  <Language>en</Language>
  <Rating>1.5000</Rating>
  <RatingCount>2</RatingCount>
  <SeriesName>false</SeriesName>
  <ThumbnailPath>_cache/fanart/original/80337-46.jpg</ThumbnailPath>
  <VignettePath>fanart/vignette/80337-46.jpg</VignettePath>
</Banner>
<Banner>
  <id>918979</id>
  <BannerPath>fanart/original/80337-57.jpg</BannerPath>
  <BannerType>fanart</BannerType>
  <BannerType2>1920x1080</BannerType2>
  <Colors></Colors>
  <Language>fr</Language>
  <Rating></Rating>
  <RatingCount>0</RatingCount>
  <SeriesName>false</SeriesName>
  <ThumbnailPath>_cache/fanart/original/80337-57.jpg</ThumbnailPath>
  <VignettePath>fanart/vignette/80337-57.jpg</VignettePath>
</Banner>
<Banner>
  <id>918980</id>
  <BannerPath>fanart/original/80337-58.jpg</BannerPath>
  <BannerType>fanart</BannerType>
  <BannerType2>1920x1080</BannerType2>
  <Colors>|231,218,201|61,26,24|204,160,121|</Colors>
  <Language>fr</Language>
  <Rating></Rating>
  <RatingCount>0</RatingCount>
  <SeriesName>false</SeriesName>
  <ThumbnailPath>_cache/fanart/original/80337-58.jpg</ThumbnailPath>
  <VignettePath>fanart/vignette/80337-58.jpg</VignettePath>
</Banner>
<Banner>
  <id>950161</id>
  <BannerPath>fanart/original/80337-44.jpg</BannerPath>
  <BannerType>fanart</BannerType>
  <BannerType2>1920x1080</BannerType2>
  <Colors></Colors>
  <Language>en</Language>
  <Rating></Rating>
  <RatingCount>0</RatingCount>
  <SeriesName>false</SeriesName>
  <ThumbnailPath>_cache/fanart/original/80337-44.jpg</ThumbnailPath>
  <VignettePath>fanart/vignette/80337-44.jpg</VignettePath>
</Banner>
<Banner>
  <id>909134</id>
  <BannerPath>fanart/original/80337-49.jpg</BannerPath>
  <BannerType>fanart</BannerType>
  <BannerType2>1920x1080</BannerType2>
  <Colors></Colors>
  <Language>en</Language>
  <Rating></Rating>
  <RatingCount>0</RatingCount>
  <SeriesName>false</SeriesName>
  <ThumbnailPath>_cache/fanart/original/80337-49.jpg</ThumbnailPath>
  <VignettePath>fanart/vignette/80337-49.jpg</VignettePath>
</Banner>
<Banner>
  <id>919824</id>
  <BannerPath>fanart/original/80337-60.jpg</BannerPath>
  <BannerType>fanart</BannerType>
  <BannerType2>1920x1080</BannerType2>
  <Colors></Colors>
  <Language>fr</Language>
  <Rating></Rating>
  <RatingCount>0</RatingCount>
  <SeriesName>false</SeriesName>
  <ThumbnailPath>_cache/fanart/original/80337-60.jpg</ThumbnailPath>
  <VignettePath>fanart/vignette/80337-60.jpg</VignettePath>
</Banner>
<Banner>
  <id>918978</id>
  <BannerPath>fanart/original/80337-56.jpg</BannerPath>
  <BannerType>fanart</BannerType>
  <BannerType2>1920x1080</BannerType2>
  <Colors></Colors>
  <Language>fr</Language>
  <Rating></Rating>
  <RatingCount>0</RatingCount>
  <SeriesName>false</SeriesName>
  <ThumbnailPath>_cache/fanart/original/80337-56.jpg</ThumbnailPath>
  <VignettePath>fanart/vignette/80337-56.jpg</VignettePath>
</Banner>
<Banner>
  <id>918973</id>
  <BannerPath>fanart/original/80337-51.jpg</BannerPath>
  <BannerType>fanart</BannerType>
  <BannerType2>1920x1080</BannerType2>
  <Colors></Colors>
  <Language>fr</Language>
  <Rating></Rating>
  <RatingCount>0</RatingCount>
  <SeriesName>false</SeriesName>
  <ThumbnailPath>_cache/fanart/original/80337-51.jpg</ThumbnailPath>
  <VignettePath>fanart/vignette/80337-51.jpg</VignettePath>
</Banner>
<Banner>
  <id>918981</id>
  <BannerPath>fanart/original/80337-59.jpg</BannerPath>
  <BannerType>fanart</BannerType>
  <BannerType2>1920x1080</BannerType2>
  <Colors></Colors>
  <Language>fr</Language>
  <Rating></Rating>
  <RatingCount>0</RatingCount>
  <SeriesName>false</SeriesName>
  <ThumbnailPath>_cache/fanart/original/80337-59.jpg</ThumbnailPath>
  <VignettePath>fanart/vignette/80337-59.jpg</VignettePath>
</Banner>
<Banner>
  <id>906014</id>
  <BannerPath>posters/80337-4.jpg</BannerPath>
  <BannerType>poster</BannerType>
  <BannerType2>680x1000</BannerType2>
  <Language>en</Language>
  <Rating>9.2500</Rating>
  <RatingCount>4</RatingCount>
</Banner>
<Banner>
  <id>27584</id>
  <BannerPath>posters/80337-1.jpg</BannerPath>
  <BannerType>poster</BannerType>
  <BannerType2>680x1000</BannerType2>
  <Language>en</Language>
  <Rating>7.2727</Rating>
  <RatingCount>11</RatingCount>
</Banner>
<Banner>
  <id>159831</id>
  <BannerPath>posters/80337-6.jpg</BannerPath>
  <BannerType>poster</BannerType>
  <BannerType2>680x1000</BannerType2>
  <Language>en</Language>
  <Rating>6.6667</Rating>
  <RatingCount>3</RatingCount>
</Banner>
<Banner>
  <id>739801</id>
  <BannerPath>posters/80337-9.jpg</BannerPath>
  <BannerType>poster</BannerType>
  <BannerType2>680x1000</BannerType2>
  <Language>en</Language>
  <Rating>6.5000</Rating>
  <RatingCount>8</RatingCount>
</Banner>
<Banner>
  <id>885085</id>
  <BannerPath>posters/80337-11.jpg</BannerPath>
  <BannerType>poster</BannerType>
  <BannerType2>680x1000</BannerType2>
  <Language>en</Language>
  <Rating>6.3333</Rating>
  <RatingCount>3</RatingCount>
</Banner>
<Banner>
  <id>547601</id>
  <BannerPath>posters/80337-8.jpg</BannerPath>
  <BannerType>poster</BannerType>
  <BannerType2>680x1000</BannerType2>
  <Language>en</Language>
  <Rating>3.5000</Rating>
  <RatingCount>2</RatingCount>
</Banner>
<Banner>
  <id>159841</id>
  <BannerPath>posters/80337-2.jpg</BannerPath>
  <BannerType>poster</BannerType>
  <BannerType2>680x1000</BannerType2>
  <Language>en</Language>
  <Rating>1.0000</Rating>
  <RatingCount>1</RatingCount>
</Banner>
<Banner>
  <id>891912</id>
  <BannerPath>posters/80337-12.jpg</BannerPath>
  <BannerType>poster</BannerType>
  <BannerType2>680x1000</BannerType2>
  <Language>en</Language>
  <Rating>1.0000</Rating>
  <RatingCount>1</RatingCount>
</Banner>
<Banner>
  <id>29013</id>
  <BannerPath>posters/80337-3.jpg</BannerPath>
  <BannerType>poster</BannerType>
  <BannerType2>680x1000</BannerType2>
  <Language>en</Language>
  <Rating>1.0000</Rating>
  <RatingCount>1</RatingCount>
</Banner>
<Banner>
  <id>920736</id>
  <BannerPath>posters/80337-5.jpg</BannerPath>
  <BannerType>poster</BannerType>
  <BannerType2>680x1000</BannerType2>
  <Language>en</Language>
  <Rating></Rating>
  <RatingCount>0</RatingCount>
</Banner>
<Banner>
  <id>900485</id>
  <BannerPath>posters/80337-13.jpg</BannerPath>
  <BannerType>poster</BannerType>
  <BannerType2>680x1000</BannerType2>
  <Language>en</Language>
  <Rating></Rating>
  <RatingCount>0</RatingCount>
</Banner>
<Banner>
  <id>922668</id>
  <BannerPath>posters/80337-7.jpg</BannerPath>
  <BannerType>poster</BannerType>
  <BannerType2>680x1000</BannerType2>
  <Language>en</Language>
  <Rating></Rating>
  <RatingCount>0</RatingCount>
</Banner>
<Banner>
  <id>947855</id>
  <BannerPath>seasons/80337-6.jpg</BannerPath>
  <BannerType>season</BannerType>
  <BannerType2>season</BannerType2>
  <Language>en</Language>
  <Rating>10.0000</Rating>
  <RatingCount>1</RatingCount>
  <Season>6</Season>
</Banner>
<Banner>
  <id>898521</id>
  <BannerPath>seasons/80337-5.jpg</BannerPath>
  <BannerType>season</BannerType>
  <BannerType2>season</BannerType2>
  <Language>en</Language>
  <Rating>7.8000</Rating>
  <RatingCount>5</RatingCount>
  <Season>5</Season>
</Banner>
<Banner>
  <id>898531</id>
  <BannerPath>seasons/80337-1-4.jpg</BannerPath>
  <BannerType>season</BannerType>
  <BannerType2>season</BannerType2>
  <Language>en</Language>
  <Rating>7.8000</Rating>
  <RatingCount>5</RatingCount>
  <Season>1</Season>
</Banner>
<Banner>
  <id>898523</id>
  <BannerPath>seasons/80337-4.jpg</BannerPath>
  <BannerType>season</BannerType>
  <BannerType2>season</BannerType2>
  <Language>en</Language>
  <Rating>7.2500</Rating>
  <RatingCount>4</RatingCount>
  <Season>4</Season>
</Banner>
<Banner>
  <id>898528</id>
  <BannerPath>seasons/80337-2.jpg</BannerPath>
  <BannerType>season</BannerType>
  <BannerType2>season</BannerType2>
  <Language>en</Language>
  <Rating>7.2500</Rating>
  <RatingCount>4</RatingCount>
  <Season>2</Season>
</Banner>
<Banner>
  <id>898527</id>
  <BannerPath>seasons/80337-3.jpg</BannerPath>
  <BannerType>season</BannerType>
  <BannerType2>season</BannerType2>
  <Language>en</Language>
  <Rating>7.2500</Rating>
  <RatingCount>4</RatingCount>
  <Season>3</Season>
</Banner>
<Banner>
  <id>312971</id>
  <BannerPath>seasons/80337-3-3.jpg</BannerPath>
  <BannerType>season</BannerType>
  <BannerType2>season</BannerType2>
  <Language>en</Language>
  <Rating>7.1111</Rating>
  <RatingCount>9</RatingCount>
  <Season>3</Season>
</Banner>
<Banner>
  <id>28041</id>
  <BannerPath>seasons/80337-1.jpg</BannerPath>
  <BannerType>season</BannerType>
  <BannerType2>season</BannerType2>
  <Language>en</Language>
  <Rating>7.1111</Rating>
  <RatingCount>9</RatingCount>
  <Season>1</Season>
</Banner>
<Banner>
  <id>739631</id>
  <BannerPath>seasons/80337-4-2.jpg</BannerPath>
  <BannerType>season</BannerType>
  <BannerType2>season</BannerType2>
  <Language>en</Language>
  <Rating>6.7143</Rating>
  <RatingCount>7</RatingCount>
  <Season>4</Season>
</Banner>
<Banner>
  <id>308181</id>
  <BannerPath>seasons/80337-2-5.jpg</BannerPath>
  <BannerType>season</BannerType>
  <BannerType2>season</BannerType2>
  <Language>en</Language>
  <Rating>6.1111</Rating>
  <RatingCount>9</RatingCount>
  <Season>2</Season>
</Banner>
<Banner>
  <id>199921</id>
  <BannerPath>seasons/80337-3-2.jpg</BannerPath>
  <BannerType>season</BannerType>
  <BannerType2>season</BannerType2>
  <Language>en</Language>
  <Rating>5.5000</Rating>
  <RatingCount>6</RatingCount>
  <Season>3</Season>
</Banner>
<Banner>
  <id>362591</id>
  <BannerPath>seasons/80337-2-6.jpg</BannerPath>
  <BannerType>season</BannerType>
  <BannerType2>season</BannerType2>
  <Language>en</Language>
  <Rating>5.5000</Rating>
  <RatingCount>6</RatingCount>
  <Season>2</Season>
</Banner>
<Banner>
  <id>917683</id>
  <BannerPath>seasons/80337-5-2.jpg</BannerPath>
  <BannerType>season</BannerType>
  <BannerType2>season</BannerType2>
  <Language>en</Language>
  <Rating>4.6667</Rating>
  <RatingCount>3</RatingCount>
  <Season>5</Season>
</Banner>
<Banner>
  <id>898529</id>
  <BannerPath>seasons/80337-1-3.jpg</BannerPath>
  <BannerType>season</BannerType>
  <BannerType2>season</BannerType2>
  <Language>en</Language>
  <Rating>3.5000</Rating>
  <RatingCount>4</RatingCount>
  <Season>1</Season>
</Banner>
<Banner>
  <id>18960</id>
  <BannerPath>seasons/80337-1-2.jpg</BannerPath>
  <BannerType>season</BannerType>
  <BannerType2>season</BannerType2>
  <Language>en</Language>
  <Rating>1.5000</Rating>
  <RatingCount>2</RatingCount>
  <Season>1</Season>
</Banner>
<Banner>
  <id>903127</id>
  <BannerPath>graphical/80337-g14.jpg</BannerPath>
  <BannerType>series</BannerType>
  <BannerType2>graphical</BannerType2>
  <Language>en</Language>
  <Rating>7.5000</Rating>
  <RatingCount>2</RatingCount>
</Banner>
<Banner>
  <id>479171</id>
  <BannerPath>graphical/80337-g6.jpg</BannerPath>
  <BannerType>series</BannerType>
  <BannerType2>graphical</BannerType2>
  <Language>en</Language>
  <Rating>7.2500</Rating>
  <RatingCount>8</RatingCount>
</Banner>
<Banner>
  <id>14770</id>
  <BannerPath>graphical/80337-g.jpg</BannerPath>
  <BannerType>series</BannerType>
  <BannerType2>graphical</BannerType2>
  <Language>en</Language>
  <Rating>7.2308</Rating>
  <RatingCount>13</RatingCount>
</Banner>
<Banner>
  <id>739781</id>
  <BannerPath>graphical/80337-g9.jpg</BannerPath>
  <BannerType>series</BannerType>
  <BannerType2>graphical</BannerType2>
  <Language>en</Language>
  <Rating>6.3333</Rating>
  <RatingCount>3</RatingCount>
</Banner>
<Banner>
  <id>902403</id>
  <BannerPath>graphical/80337-g13.jpg</BannerPath>
  <BannerType>series</BannerType>
  <BannerType2>graphical</BannerType2>
  <Language>en</Language>
  <Rating>6.0000</Rating>
  <RatingCount>2</RatingCount>
</Banner>
<Banner>
  <id>37175</id>
  <BannerPath>graphical/80337-g4.jpg</BannerPath>
  <BannerType>series</BannerType>
  <BannerType2>graphical</BannerType2>
  <Language>en</Language>
  <Rating>6.0000</Rating>
  <RatingCount>6</RatingCount>
</Banner>
<Banner>
  <id>479281</id>
  <BannerPath>graphical/80337-g7.jpg</BannerPath>
  <BannerType>series</BannerType>
  <BannerType2>graphical</BannerType2>
  <Language>en</Language>
  <Rating>5.7500</Rating>
  <RatingCount>4</RatingCount>
</Banner>
<Banner>
  <id>14771</id>
  <BannerPath>graphical/80337-g2.jpg</BannerPath>
  <BannerType>series</BannerType>
  <BannerType2>graphical</BannerType2>
  <Language>en</Language>
  <Rating>5.5000</Rating>
  <RatingCount>8</RatingCount>
</Banner>
<Banner>
  <id>159531</id>
  <BannerPath>graphical/80337-g5.jpg</BannerPath>
  <BannerType>series</BannerType>
  <BannerType2>graphical</BannerType2>
  <Language>en</Language>
  <Rating>5.5000</Rating>
  <RatingCount>6</RatingCount>
</Banner>
<Banner>
  <id>902514</id>
  <BannerPath>graphical/80337-g12.jpg</BannerPath>
  <BannerType>series</BannerType>
  <BannerType2>graphical</BannerType2>
  <Language>en</Language>
  <Rating>5.0000</Rating>
  <RatingCount>2</RatingCount>
</Banner>
<Banner>
  <id>912388</id>
  <BannerPath>graphical/80337-g17.jpg</BannerPath>
  <BannerType>series</BannerType>
  <BannerType2>graphical</BannerType2>
  <Language>he</Language>
  <Rating>4.6667</Rating>
  <RatingCount>3</RatingCount>
</Banner>
<Banner>
  <id>561001</id>
  <BannerPath>graphical/80337-g8.jpg</BannerPath>
  <BannerType>series</BannerType>
  <BannerType2>graphical</BannerType2>
  <Language>en</Language>
  <Rating>4.0000</Rating>
  <RatingCount>5</RatingCount>
</Banner>
<Banner>
  <id>902360</id>
  <BannerPath>graphical/80337-g11.jpg</BannerPath>
  <BannerType>series</BannerType>
  <BannerType2>graphical</BannerType2>
  <Language>en</Language>
  <Rating>3.5000</Rating>
  <RatingCount>2</RatingCount>
</Banner>
<Banner>
  <id>905652</id>
  <BannerPath>graphical/80337-g15.jpg</BannerPath>
  <BannerType>series</BannerType>
  <BannerType2>graphical</BannerType2>
  <Language>en</Language>
  <Rating>3.0000</Rating>
  <RatingCount>1</RatingCount>
</Banner>
<Banner>
  <id>905667</id>
  <BannerPath>graphical/80337-g16.jpg</BannerPath>
  <BannerType>series</BannerType>
  <BannerType2>graphical</BannerType2>
  <Language>en</Language>
  <Rating>3.0000</Rating>
  <RatingCount>1</RatingCount>
</Banner>
<Banner>
  <id>33355</id>
  <BannerPath>graphical/80337-g3.jpg</BannerPath>
  <BannerType>series</BannerType>
  <BannerType2>graphical</BannerType2>
  <Language>en</Language>
  <Rating>3.0000</Rating>
  <RatingCount>1</RatingCount>
</Banner>
<Banner>
  <id>15157</id>
  <BannerPath>blank/80337.jpg</BannerPath>
  <BannerType>series</BannerType>
  <BannerType2>blank</BannerType2>
  <Language>en</Language>
  <Rating>1.6667</Rating>
  <RatingCount>3</RatingCount>
</Banner>
<Banner>
  <id>15156</id>
  <BannerPath>text/80337.jpg</BannerPath>
  <BannerType>series</BannerType>
  <BannerType2>text</BannerType2>
  <Language>en</Language>
  <Rating>1.5000</Rating>
  <RatingCount>4</RatingCount>
</Banner>
<Banner>
  <id>623011</id>
  <BannerPath>graphical/80337-g10.jpg</BannerPath>
  <BannerType>series</BannerType>
  <BannerType2>graphical</BannerType2>
  <Language>en</Language>
  <Rating>0.5000</Rating>
  <RatingCount>2</RatingCount>
</Banner>
</Banners>