<?xml version="1.0" encoding="UTF-8" ?>
<Data><Series>
  <id>80337</id>
  <Actors>|Jon Hamm|January Jones|Elisabeth Moss|Vincent Kartheiser|Christina Hendricks|John Slattery|Jessica Paré|Kiernan Shipka|Jay R. Ferguson|Christopher Stanley|Jared Harris|Robert Morse|Alison Brie|Aaron Staton|Michael Gladis|Rich Sommer|</Actors>
  <Airs_DayOfWeek>Sunday</Airs_DayOfWeek>
  <Airs_Time>10:00 PM</Airs_Time>
  <ContentRating>TV-14</ContentRating>
  <FirstAired>2007-07-19</FirstAired>
  <Genre>|Drama|</Genre>
  <IMDB_ID>tt0804503</IMDB_ID>
  <Language>en</Language>
  <Network>AMC</Network>
  <NetworkID></NetworkID>
  <Overview>Set in 1960 New York, MAD MEN reveals the lives of the ruthlessly competitive men and women of Madison Avenue’s “Golden Age”, where key players make the art of the sell while their private lives get sold. And no one plays the game better than Don Draper (Golden Globe®-winner Jon Hamm), the biggest ad man – and ladies man in the business.</Overview>
  <Rating>8.7</Rating>
  <RatingCount>147</RatingCount>
  <Runtime>60</Runtime>
  <SeriesID>74140</SeriesID>
  <SeriesName>Mad Men</SeriesName>
  <Status>Continuing</Status>
  <added></added>
  <addedBy></addedBy>
  <banner>graphical/80337-g14.jpg</banner>
  <fanart>fanart/original/80337-47.jpg</fanart>
  <lastupdated>1365597579</lastupdated>
  <poster>posters/80337-4.jpg</poster>
  <zap2it_id>SH935777</zap2it_id>
</Series>
<Episode>
  <id>333179</id>
  <Combined_episodenumber>1.0</Combined_episodenumber>
  <Combined_season>1</Combined_season>
  <DVD_chapter></DVD_chapter>
  <DVD_discid></DVD_discid>
  <DVD_episodenumber>1.0</DVD_episodenumber>
  <DVD_season>1</DVD_season>
  <Director>Alan Taylor</Director>
  <EpImgFlag>2</EpImgFlag>
  <EpisodeName>Smoke Gets in Your Eyes</EpisodeName>
  <EpisodeNumber>1</EpisodeNumber>
  <FirstAired>2007-07-19</FirstAired>
  <GuestStars>Rosemarie DeWitt|Remy Auberjonois|Darren Pettie|John Cullum|Maggie Siff|Bryan Batt|Kristen Schaal|Zandy Hartig|Stephanie Courtney|Julie McNiven|Bess Rous|</GuestStars>
  <IMDB_ID>tt1059578</IMDB_ID>
  <Language>en</Language>
  <Overview>In 1960 New York City - the high-powered and glamorous &quot;Golden Age&quot; of advertising - Don Draper, the biggest ad man in the business, struggles to stay a step ahead of the rapidly changing times and the young executives nipping at his heels.</Overview>
  <ProductionCode></ProductionCode>
  <Rating>7.5</Rating>
  <RatingCount>121</RatingCount>
  <SeasonNumber>1</SeasonNumber>
  <Writer>|Matthew Weiner|</Writer>
  <absolute_number>1</absolute_number>
  <filename>episodes/80337/333179.jpg</filename>
  <lastupdated>1354387627</lastupdated>
  <seasonid>28156</seasonid>
  <seriesid>80337</seriesid>
</Episode>
<Episode>
  <id>333180</id>
  <Combined_episodenumber>2.0</Combined_episodenumber>
  <Combined_season>1</Combined_season>
  <DVD_chapter></DVD_chapter>
  <DVD_discid></DVD_discid>
  <DVD_episodenumber>2.0</DVD_episodenumber>
  <DVD_season>1</DVD_season>
  <Director>Alan Taylor</Director>
  <EpImgFlag>2</EpImgFlag>
  <EpisodeName>Ladies Room</EpisodeName>
  <EpisodeNumber>2</EpisodeNumber>
  <FirstAired>2007-07-26</FirstAired>
  <GuestStars>Rosemarie DeWitt|Bryan Batt||Maggie Siff|Talia Balsam|Anne Dudek|Marten Holden Weiner|Darby Stanchfield|Andy Umberger|Mark Kelly|</GuestStars>
  <IMDB_ID>tt1049715</IMDB_ID>
  <Language>en</Language>
  <Overview>Don Draper is reluctant to talk about his past, or his childhood, whether with his wife Betty or his boss Roger Sterling. Joan Holloway teaches Peggy Olsen how to wrangle a free lunch out of some of the ad men. Roger Sterling raises the issue of working for the upcoming Nixon presidential campaign and while Don doesn't have much enthusiasm, senior partner Bert Cooper insists that they will go ahead and orders Don to put a team together. The creative team has to come up with an ad campaign for a new deodorant in an aerosol spray can. Betty Draper's doctor recommends that she see a psychiatrist. </Overview>
  <ProductionCode></ProductionCode>
  <Rating>7.1</Rating>
  <RatingCount>95</RatingCount>
  <SeasonNumber>1</SeasonNumber>
  <Writer>Matthew Weiner</Writer>
  <absolute_number>2</absolute_number>
  <filename>episodes/80337/333180.jpg</filename>
  <lastupdated>1353178500</lastupdated>
  <seasonid>28156</seasonid>
  <seriesid>80337</seriesid>
</Episode>
<Episode>
  <id>333181</id>
  <Combined_episodenumber>3.0</Combined_episodenumber>
  <Combined_season>1</Combined_season>
  <DVD_chapter></DVD_chapter>
  <DVD_discid></DVD_discid>
  <DVD_episodenumber>3.0</DVD_episodenumber>
  <DVD_season>1</DVD_season>
  <Director>Ed Bianchi</Director>
  <EpImgFlag>2</EpImgFlag>
  <EpisodeName>Marriage of Figaro</EpisodeName>
  <EpisodeNumber>3</EpisodeNumber>
  <FirstAired>2007-08-02</FirstAired>
  <GuestStars>Rosemarie DeWitt|Bryan Batt|Maggie Siff|Anne Dudek|Darby Stanchfield|Alastair Duncan|Jerry Kernion|Marten Holden Weiner|Kristoffer Polaha|Alexa Alemanni|Price Carson|Kate Connor|Stephanie Courtney|</GuestStars>
  <IMDB_ID>tt1049716</IMDB_ID>
  <Language>en</Language>
  <Overview>Pete Campbell returns from his honeymoon with tall tales and a big grin on his face. He does tell Peggy Olson that their fling before his marriage was for one night only. Don Draper runs into an old army buddy who knows him under the name of Dick Whitman. He also takes a tour of Rachel Menken's store but in a private moment, their mutual attraction becomes evident. The Drapers have friends over for their daughter's birthday party, including the divorcée who lives down the street. Don however is obviously unhappy with his lot in life and seems to be carrying a burden that is not apparent. </Overview>
  <ProductionCode></ProductionCode>
  <Rating>7.2</Rating>
  <RatingCount>80</RatingCount>
  <SeasonNumber>1</SeasonNumber>
  <Writer>Tom Palmer</Writer>
  <absolute_number>3</absolute_number>
  <filename>episodes/80337/333181.jpg</filename>
  <lastupdated>1353178650</lastupdated>
  <seasonid>28156</seasonid>
  <seriesid>80337</seriesid>
</Episode>
<Episode>
  <id>333182</id>
  <Combined_episodenumber>4.0</Combined_episodenumber>
  <Combined_season>1</Combined_season>
  <DVD_chapter></DVD_chapter>
  <DVD_discid></DVD_discid>
  <DVD_episodenumber>4.0</DVD_episodenumber>
  <DVD_season>1</DVD_season>
  <Director>Tim Hunter</Director>
  <EpImgFlag>2</EpImgFlag>
  <EpisodeName>New Amsterdam</EpisodeName>
  <EpisodeNumber>4</EpisodeNumber>
  <FirstAired>2007-08-09</FirstAired>
  <GuestStars>Rosemarie DeWitt|Bryan Batt|Maggie Siff|Darby Stanchfield|Christopher Allport|Marten Holden Weiner|Julie McNiven|</GuestStars>
  <IMDB_ID>tt1040713</IMDB_ID>
  <Language>en</Language>
  <Overview>Pete Campbell oversteps the mark when he pitches an idea for ad campaign to the head of Bethlehem Steel without telling Don Draper. Draper wants him fired but learns a lesson in corporate politics. Pete's wife wants to buy a Manhattan apartment but he has to approach his cold and distant parents for a loan. Pete's in-laws, however, are more forthcoming.</Overview>
  <ProductionCode></ProductionCode>
  <Rating>7.3</Rating>
  <RatingCount>66</RatingCount>
  <SeasonNumber>1</SeasonNumber>
  <Writer>Lisa Albert</Writer>
  <absolute_number>4</absolute_number>
  <filename>episodes/80337/333182.jpg</filename>
  <lastupdated>1353178729</lastupdated>
  <seasonid>28156</seasonid>
  <seriesid>80337</seriesid>
</Episode>
<Episode>
  <id>333183</id>
  <Combined_episodenumber>5.0</Combined_episodenumber>
  <Combined_season>1</Combined_season>
  <DVD_chapter></DVD_chapter>
  <DVD_discid></DVD_discid>
  <DVD_episodenumber>5.0</DVD_episodenumber>
  <DVD_season>1</DVD_season>
  <Director>Lesli Linka Glatter</Director>
  <EpImgFlag>2</EpImgFlag>
  <EpisodeName>5G</EpisodeName>
  <EpisodeNumber>5</EpisodeNumber>
  <FirstAired>2007-08-16</FirstAired>
  <GuestStars>Rosemarie DeWitt|Bryan Batt|Maggie Siff|Jim Abele|Anne Dudek|</GuestStars>
  <IMDB_ID>tt1097127</IMDB_ID>
  <Language>en</Language>
  <Overview>Don Draper is shaken when his past life comes back to haunt him. After his picture appears in a local newspaper, Adam Whitman, a man who claims to be his younger brother, approaches him. Don, or Dick as his brother knows him, initially denies everything but in the end admits to having taken on a new name. He refuses however to have anything to do with him and tries to buy his silence. When one of the ad men gets a short story published, Pete Campbell is frustrated that his own stories have yet to see the light of day. When his wife approaches an old beau to see if he will publish the stories, he has an interesting proposition for her.</Overview>
  <ProductionCode></ProductionCode>
  <Rating>7.3</Rating>
  <RatingCount>61</RatingCount>
  <SeasonNumber>1</SeasonNumber>
  <Writer>Matthew Weiner</Writer>
  <absolute_number>5</absolute_number>
  <filename>episodes/80337/333183.jpg</filename>
  <lastupdated>1353178781</lastupdated>
  <seasonid>28156</seasonid>
  <seriesid>80337</seriesid>
</Episode>
<Episode>
  <id>333184</id>
  <Combined_episodenumber>6.0</Combined_episodenumber>
  <Combined_season>1</Combined_season>
  <DVD_chapter></DVD_chapter>
  <DVD_discid></DVD_discid>
  <DVD_episodenumber>6.0</DVD_episodenumber>
  <DVD_season>1</DVD_season>
  <Director>Andrew Bernstein</Director>
  <EpImgFlag>2</EpImgFlag>
  <EpisodeName>Babylon</EpisodeName>
  <EpisodeNumber>6</EpisodeNumber>
  <FirstAired>2007-08-23</FirstAired>
  <GuestStars>Rosemarie DeWitt|Bryan Batt|Maggie Siff|Talia Balsam|Ian Bohen|Rebecca Creskoff|</GuestStars>
  <IMDB_ID>tt1042049</IMDB_ID>
  <Language>en</Language>
  <Overview>The Agency is looking to land an advertising contract to promote tourism to Israel. Don and his team try to come with a theme but know so little about the country they're stumped so Don calls Rachel Menken to see if she has any ideas. Roger Sterling is getting tired of sneaking around with Joan Holloway and suggests she should her own apartment but she knows better. Peggy comes up with an advertising concept during a testing session for a new line of lipsticks and she's subsequently asks to write copy. </Overview>
  <ProductionCode></ProductionCode>
  <Rating>7.4</Rating>
  <RatingCount>58</RatingCount>
  <SeasonNumber>1</SeasonNumber>
  <Writer>Maria Jacquemetton| Andre Jacquemetton|</Writer>
  <absolute_number>6</absolute_number>
  <filename>episodes/80337/333184.jpg</filename>
  <lastupdated>1353178810</lastupdated>
  <seasonid>28156</seasonid>
  <seriesid>80337</seriesid>
</Episode>
<Episode>
  <id>333185</id>
  <Combined_episodenumber>7.0</Combined_episodenumber>
  <Combined_season>1</Combined_season>
  <DVD_chapter></DVD_chapter>
  <DVD_discid></DVD_discid>
  <DVD_episodenumber>7.0</DVD_episodenumber>
  <DVD_season>1</DVD_season>
  <Director>Tim Hunter</Director>
  <EpImgFlag>2</EpImgFlag>
  <EpisodeName>Red in the Face</EpisodeName>
  <EpisodeNumber>7</EpisodeNumber>
  <FirstAired>2007-08-30</FirstAired>
  <GuestStars>Rosemarie DeWitt|Bryan Batt|Maggie Siff|Anne Dudek|Kate Norby|Shayna Rose|</GuestStars>
  <IMDB_ID>tt1050979</IMDB_ID>
  <Language>en</Language>
  <Overview>When Don invites Roger home for dinner, too much alcohol fuels repercussions between Don and Betty and between Don and Roger. Joan puts Roger off for the weekend, spending time with her roommate Carol instead. Pete exchanges a wedding gift for a rifle, and then shares a hunting fantasy with Peggy. Bertram Cooper arranges for the Nixon campaign to meet with him, Roger, Don, and Pete.</Overview>
  <ProductionCode></ProductionCode>
  <Rating>7.5</Rating>
  <RatingCount>55</RatingCount>
  <SeasonNumber>1</SeasonNumber>
  <Writer>Bridget Bedard</Writer>
  <absolute_number>7</absolute_number>
  <filename>episodes/80337/333185.jpg</filename>
  <lastupdated>1353178842</lastupdated>
  <seasonid>28156</seasonid>
  <seriesid>80337</seriesid>
</Episode>
<Episode>
  <id>335030</id>
  <Combined_episodenumber>8.0</Combined_episodenumber>
  <Combined_season>1</Combined_season>
  <DVD_chapter></DVD_chapter>
  <DVD_discid></DVD_discid>
  <DVD_episodenumber>8.0</DVD_episodenumber>
  <DVD_season>1</DVD_season>
  <Director>Phil Abraham</Director>
  <EpImgFlag>2</EpImgFlag>
  <EpisodeName>The Hobo Code</EpisodeName>
  <EpisodeNumber>8</EpisodeNumber>
  <FirstAired>2007-09-06</FirstAired>
  <GuestStars>Bryan Batt|Rosemarie DeWitt|Paul Schulze|Ian Bohen|</GuestStars>
  <IMDB_ID>tt1097128</IMDB_ID>
  <Language>en</Language>
  <Overview>Pete Campbell and Peggy Olsen start an office romance. Peggy's copy for the lipstick account goes over well and the men in the firm congratulate her. A new telephone receptionist, Lois Saddler, takes a liking to Salvatore Romano but his own interests seem to lie elsewhere. Don Draper gets an unexpected bonus from Bert Cooper and wants to take Midge on a surprise trip to Paris. She seems too involved with her beatnik friends however. Don reflects on his unhappy childhood and in flashbacks he reveals some life lessons he learned early on when a hobo spent the day working on the family farm in exchange for a meal. </Overview>
  <ProductionCode></ProductionCode>
  <Rating>7.5</Rating>
  <RatingCount>54</RatingCount>
  <SeasonNumber>1</SeasonNumber>
  <Writer>Chris Provenzano</Writer>
  <absolute_number>8</absolute_number>
  <filename>episodes/80337/335030.jpg</filename>
  <lastupdated>1353178870</lastupdated>
  <seasonid>28156</seasonid>
  <seriesid>80337</seriesid>
</Episode>
<Episode>
  <id>335474</id>
  <Combined_episodenumber>9.0</Combined_episodenumber>
  <Combined_season>1</Combined_season>
  <DVD_chapter></DVD_chapter>
  <DVD_discid></DVD_discid>
  <DVD_episodenumber>9.0</DVD_episodenumber>
  <DVD_season>1</DVD_season>
  <Director>Paul Feig</Director>
  <EpImgFlag>2</EpImgFlag>
  <EpisodeName>Shoot</EpisodeName>
  <EpisodeNumber>9</EpisodeNumber>
  <FirstAired>2007-09-13</FirstAired>
  <GuestStars>Bryan Batt|Rosemarie DeWitt|Nathan Anderson|Anne Dudek|Crista Flanagan|</GuestStars>
  <IMDB_ID>tt1097298</IMDB_ID>
  <Language>en</Language>
  <Overview>Don is courted by Jim Hobarth, head of a larger ad firm who offers him more money and more creative resources to join them. Betty Draper rekindles her interest in modeling after Hobarth suggests she should try it. She doesn't realize it's all part of the strategy to get Don on board. Peggy Olsen is fretting over her weight gain but doesn't appreciate Joan's advice about getting ahead in the office. The ad team tries to counter the advertising coming out of the Kennedy campaign. Pete Campbell comes up with an idea to keep Kennedy's image off TV in key States. </Overview>
  <ProductionCode></ProductionCode>
  <Rating>7.5</Rating>
  <RatingCount>55</RatingCount>
  <SeasonNumber>1</SeasonNumber>
  <Writer>Matthew Weiner, Chris Provenzano</Writer>
  <absolute_number>9</absolute_number>
  <filename>episodes/80337/335474.jpg</filename>
  <lastupdated>1353178894</lastupdated>
  <seasonid>28156</seasonid>
  <seriesid>80337</seriesid>
</Episode>
<Episode>
  <id>335953</id>
  <Combined_episodenumber>10.0</Combined_episodenumber>
  <Combined_season>1</Combined_season>
  <DVD_chapter></DVD_chapter>
  <DVD_discid></DVD_discid>
  <DVD_episodenumber>10.0</DVD_episodenumber>
  <DVD_season>1</DVD_season>
  <Director>Tim Hunter</Director>
  <EpImgFlag>2</EpImgFlag>
  <EpisodeName>Long Weekend</EpisodeName>
  <EpisodeNumber>10</EpisodeNumber>
  <FirstAired>2007-09-27</FirstAired>
  <GuestStars>Bryan Batt|Maggie Siff|Kate Norby|Talia Balsam|Ryan Cutrona|Allan Miller|Elizabeth Rice|Alexis Stier|Megan Stier|</GuestStars>
  <IMDB_ID>tt1094472</IMDB_ID>
  <Language>en</Language>
  <Overview>It's Labor Day weekend and most of the men are sending their wives away for a few days. Don Draper's wife Betty is dreading the thought, as her father and his new girlfriend, whom she detests, will be staying with them. With the election approaching, the team at Sterling Cooper is gloomy since the Nixon campaign has not been following their advice. Roger Sterling was hoping to spend Friday night with Joan Holloway but having just seen the movie, The Apartment (1960), she is feeling a bit used. She plans a night on the town with her old college friend who has some surprising information for her. Don and Roger invite twin sisters from a casting call to join them for a drink but things go badly for Roger who suffers a serious heart attack. After the incident Don ends up spending the night with Rachel Menken where reveals a lot of his inner self. </Overview>
  <ProductionCode></ProductionCode>
  <Rating>7.6</Rating>
  <RatingCount>54</RatingCount>
  <SeasonNumber>1</SeasonNumber>
  <Writer>Bridget Bedard, Maria Jacquemetton, Andre Jacquemetton, Matthew Weiner</Writer>
  <absolute_number>10</absolute_number>
  <filename>episodes/80337/335953.jpg</filename>
  <lastupdated>1353178966</lastupdated>
  <seasonid>28156</seasonid>
  <seriesid>80337</seriesid>
</Episode>
<Episode>
  <id>337256</id>
  <Combined_episodenumber>11.0</Combined_episodenumber>
  <Combined_season>1</Combined_season>
  <DVD_chapter></DVD_chapter>
  <DVD_discid></DVD_discid>
  <DVD_episodenumber>11.0</DVD_episodenumber>
  <DVD_season>1</DVD_season>
  <Director>Tim Hunter</Director>
  <EpImgFlag>2</EpImgFlag>
  <EpisodeName>Indian Summer</EpisodeName>
  <EpisodeNumber>11</EpisodeNumber>
  <FirstAired>2007-10-04</FirstAired>
  <GuestStars>Aaron Hill|Maggie Siff|Bryan Batt|John Cullum|Talia Balsam|Anne Dudek|Rebecca Creskoff|Adam Kaufman|Joel Murray|Jay Paulson|Andy Umberger|Aaron Hart|Julie McNiven|Bess Rous|</GuestStars>
  <IMDB_ID>tt1108366</IMDB_ID>
  <Language>en</Language>
  <Overview>Peggy is given a difficult assignment. Roger's work problems provide new opportunities for Don, and Pete grows more frustrated. Betty finds a new outlet for her growing dissatisfaction.</Overview>
  <ProductionCode></ProductionCode>
  <Rating>7.6</Rating>
  <RatingCount>50</RatingCount>
  <SeasonNumber>1</SeasonNumber>
  <Writer>Matthew Weiner| Tom Palmer|</Writer>
  <absolute_number>11</absolute_number>
  <filename>episodes/80337/337256.jpg</filename>
  <lastupdated>1352486719</lastupdated>
  <seasonid>28156</seasonid>
  <seriesid>80337</seriesid>
</Episode>
<Episode>
  <id>337257</id>
  <Combined_episodenumber>12.0</Combined_episodenumber>
  <Combined_season>1</Combined_season>
  <DVD_chapter></DVD_chapter>
  <DVD_discid></DVD_discid>
  <DVD_episodenumber>12.0</DVD_episodenumber>
  <DVD_season>1</DVD_season>
  <Director>Alan Taylor</Director>
  <EpImgFlag>2</EpImgFlag>
  <EpisodeName>Nixon vs. Kennedy</EpisodeName>
  <EpisodeNumber>12</EpisodeNumber>
  <FirstAired>2007-10-11</FirstAired>
  <GuestStars>Bryan Batt|Maggie Siff|Mark Moses|Troy Ruptash|Alexa Alemanni|Stephanie Courtney|Brynn Horrocks|Julie McNiven|Morgan Rusler|Heather Seiffert|</GuestStars>
  <IMDB_ID>tt1102103</IMDB_ID>
  <Language>en</Language>
  <Overview>On election night, the Sterling Cooper staff pulls a rowdy all-nighter while watching the returns. Pete's ambitions cause him to directly challenge Don.</Overview>
  <ProductionCode></ProductionCode>
  <Rating>7.7</Rating>
  <RatingCount>58</RatingCount>
  <SeasonNumber>1</SeasonNumber>
  <Writer>Maria Jacquemetton| Andre Jacquemetton| Lisa Albert|</Writer>
  <absolute_number>12</absolute_number>
  <filename>episodes/80337/337257.jpg</filename>
  <lastupdated>1352486840</lastupdated>
  <seasonid>28156</seasonid>
  <seriesid>80337</seriesid>
</Episode>
<Episode>
  <id>337258</id>
  <Combined_episodenumber>13.0</Combined_episodenumber>
  <Combined_season>1</Combined_season>
  <DVD_chapter></DVD_chapter>
  <DVD_discid></DVD_discid>
  <DVD_episodenumber>13.0</DVD_episodenumber>
  <DVD_season>1</DVD_season>
  <Director>Matthew Weiner</Director>
  <EpImgFlag>2</EpImgFlag>
  <EpisodeName>The Wheel</EpisodeName>
  <EpisodeNumber>13</EpisodeNumber>
  <FirstAired>2007-10-18</FirstAired>
  <GuestStars>Bryan Batt|Anne Dudek|Katherine Boecher|Mark Moses|Joe O'Connor|Sheila Shaw|Andy Umberger|Aaron Hart|Deborah Lacey|Lisa Grady|Ross Mackenzie|Marten Holden Weiner|</GuestStars>
  <IMDB_ID>tt1105057</IMDB_ID>
  <Language>en</Language>
  <Overview>As Thanksgiving approaches, Don's work responsibilities interfere with his domestic life. Peggy is given a new opportunity, provoking the ire of some of her colleagues. Betty makes a startling discovery.</Overview>
  <ProductionCode></ProductionCode>
  <Rating>7.6</Rating>
  <RatingCount>52</RatingCount>
  <SeasonNumber>1</SeasonNumber>
  <Writer>Matthew Weiner|Robin Veith|</Writer>
  <absolute_number>13</absolute_number>
  <filename>episodes/80337/337258.jpg</filename>
  <lastupdated>1352487017</lastupdated>
  <seasonid>28156</seasonid>
  <seriesid>80337</seriesid>
</Episode>
<Episode>
  <id>376358</id>
  <Combined_episodenumber>1.0</Combined_episodenumber>
  <Combined_season>2</Combined_season>
  <DVD_chapter></DVD_chapter>
  <DVD_discid></DVD_discid>
  <DVD_episodenumber>1.0</DVD_episodenumber>
  <DVD_season>2</DVD_season>
  <Director>Tim Hunter</Director>
  <EpImgFlag>2</EpImgFlag>
  <EpisodeName>For Those Who Think Young</EpisodeName>
  <EpisodeNumber>1</EpisodeNumber>
  <FirstAired>2008-07-27</FirstAired>
  <GuestStars>Mark Moses|Joel Murray|Bryan Batt|Gabriel Mann|Anne Dudek|</GuestStars>
  <IMDB_ID>tt1118051</IMDB_ID>
  <Language>en</Language>
  <Overview>It’s Valentine’s Day, and the Sterling Cooper advertising agency is hustling to stay on top of its game and buzzing over the newest office equipment. Don and Duck find themselves at odds over an account. Betty reconnects with an old friend and once again finds herself struggling with car trouble.</Overview>
  <ProductionCode>201</ProductionCode>
  <Rating>7.2</Rating>
  <RatingCount>58</RatingCount>
  <SeasonNumber>2</SeasonNumber>
  <Writer>Matthew Weiner</Writer>
  <absolute_number>14</absolute_number>
  <filename>episodes/80337/376358.jpg</filename>
  <lastupdated>1352484201</lastupdated>
  <seasonid>33800</seasonid>
  <seriesid>80337</seriesid>
</Episode>
<Episode>
  <id>376359</id>
  <Combined_episodenumber>2.0</Combined_episodenumber>
  <Combined_season>2</Combined_season>
  <DVD_chapter></DVD_chapter>
  <DVD_discid></DVD_discid>
  <DVD_episodenumber>2.0</DVD_episodenumber>
  <DVD_season>2</DVD_season>
  <Director>Andrew Bernstein</Director>
  <EpImgFlag>2</EpImgFlag>
  <EpisodeName>Flight 1</EpisodeName>
  <EpisodeNumber>2</EpisodeNumber>
  <FirstAired>2008-08-03</FirstAired>
  <GuestStars>Bryan Batt|Mark Moses|Joel Murray|Anne Dudek|Kristoffer Polaha|</GuestStars>
  <IMDB_ID>tt1118056</IMDB_ID>
  <Language>en</Language>
  <Overview>Paul hosts a party at his apartment and introduces someone special to his Sterling Cooper colleagues. Peggy visits her family for dinner. Despite a conflict of interest, the Sterling Cooper agency aggressively pursues an airline account and Duck attempts to appeal to the client using an unorthodox approach.</Overview>
  <ProductionCode>202</ProductionCode>
  <Rating>7.4</Rating>
  <RatingCount>52</RatingCount>
  <SeasonNumber>2</SeasonNumber>
  <Writer>Lisa Albert| Matthew Weiner|</Writer>
  <absolute_number>15</absolute_number>
  <filename>episodes/80337/376359.jpg</filename>
  <lastupdated>1352484310</lastupdated>
  <seasonid>33800</seasonid>
  <seriesid>80337</seriesid>
</Episode>
<Episode>
  <id>378151</id>
  <Combined_episodenumber>3.0</Combined_episodenumber>
  <Combined_season>2</Combined_season>
  <DVD_chapter></DVD_chapter>
  <DVD_discid></DVD_discid>
  <DVD_episodenumber>3.0</DVD_episodenumber>
  <DVD_season>2</DVD_season>
  <Director>Lesli Linka Glatter</Director>
  <EpImgFlag>2</EpImgFlag>
  <EpisodeName>The Benefactor</EpisodeName>
  <EpisodeNumber>3</EpisodeNumber>
  <FirstAired>2008-08-10</FirstAired>
  <GuestStars>Mark Moses|Joel Murray|Melinda McGraw|Gabriel Mann|Crista Flanagan|</GuestStars>
  <IMDB_ID>tt1118057</IMDB_ID>
  <Language>en</Language>
  <Overview>Trouble arises on the set of a commercial; Harry tries to gather support for a controversial sponsorship; Betty and Don try to appease a client with a friendly dinner.</Overview>
  <ProductionCode>203</ProductionCode>
  <Rating>7.5</Rating>
  <RatingCount>53</RatingCount>
  <SeasonNumber>2</SeasonNumber>
  <Writer>Rick Cleveland| Matthew Weiner|</Writer>
  <absolute_number>16</absolute_number>
  <filename>episodes/80337/378151.jpg</filename>
  <lastupdated>1352484397</lastupdated>
  <seasonid>33800</seasonid>
  <seriesid>80337</seriesid>
</Episode>
<Episode>
  <id>379436</id>
  <Combined_episodenumber>4.0</Combined_episodenumber>
  <Combined_season>2</Combined_season>
  <DVD_chapter></DVD_chapter>
  <DVD_discid></DVD_discid>
  <DVD_episodenumber>4.0</DVD_episodenumber>
  <DVD_season>2</DVD_season>
  <Director>Tim Hunter</Director>
  <EpImgFlag>2</EpImgFlag>
  <EpisodeName>Three Sundays</EpisodeName>
  <EpisodeNumber>4</EpisodeNumber>
  <FirstAired>2008-08-17</FirstAired>
  <GuestStars>Bryan Batt|Mark Moses|Colin Hanks|Melinda McGraw|Talia Balsam|</GuestStars>
  <IMDB_ID>tt1118058</IMDB_ID>
  <Language>en</Language>
  <Overview>Peggy's family hosts a lunch for their church's new priest; Don and Betty enjoy a weekend together; Freddy and Ken take a client out to lunch; the staff works to prepare for a last minute pitch meeting.</Overview>
  <ProductionCode>204</ProductionCode>
  <Rating>7.5</Rating>
  <RatingCount>52</RatingCount>
  <SeasonNumber>2</SeasonNumber>
  <Writer>Andre Jacquemetton| Maria Jacquemetton|</Writer>
  <absolute_number>17</absolute_number>
  <filename>episodes/80337/379436.jpg</filename>
  <lastupdated>1352484610</lastupdated>
  <seasonid>33800</seasonid>
  <seriesid>80337</seriesid>
</Episode>
<Episode>
  <id>380960</id>
  <Combined_episodenumber>5.0</Combined_episodenumber>
  <Combined_season>2</Combined_season>
  <DVD_chapter></DVD_chapter>
  <DVD_discid></DVD_discid>
  <DVD_episodenumber>5.0</DVD_episodenumber>
  <DVD_season>2</DVD_season>
  <Director>Jennifer Getzinger</Director>
  <EpImgFlag>2</EpImgFlag>
  <EpisodeName>The New Girl</EpisodeName>
  <EpisodeNumber>5</EpisodeNumber>
  <FirstAired>2008-08-24</FirstAired>
  <GuestStars>Bryan Batt|Joel Murray|Maggie Siff|Melinda McGraw|Patrick Fischler|</GuestStars>
  <IMDB_ID>tt1118059</IMDB_ID>
  <Language>en</Language>
  <Overview>Don has to deal with issues between a TV comedian and his wife; Joan finds Don the perfect secretary.</Overview>
  <ProductionCode>205</ProductionCode>
  <Rating>7.6</Rating>
  <RatingCount>52</RatingCount>
  <SeasonNumber>2</SeasonNumber>
  <Writer>Robin Veith</Writer>
  <absolute_number>18</absolute_number>
  <filename>episodes/80337/380960.jpg</filename>
  <lastupdated>1352484726</lastupdated>
  <seasonid>33800</seasonid>
  <seriesid>80337</seriesid>
</Episode>
<Episode>
  <id>383002</id>
  <Combined_episodenumber>6.0</Combined_episodenumber>
  <Combined_season>2</Combined_season>
  <DVD_chapter></DVD_chapter>
  <DVD_discid></DVD_discid>
  <DVD_episodenumber>6.0</DVD_episodenumber>
  <DVD_season>2</DVD_season>
  <Director>Phil Abraham</Director>
  <EpImgFlag>2</EpImgFlag>
  <EpisodeName>Maidenform</EpisodeName>
  <EpisodeNumber>6</EpisodeNumber>
  <FirstAired>2008-08-31</FirstAired>
  <GuestStars>Bryan Batt|Mark Moses|Joel Murray|Melinda McGraw|Gabriel Mann|Alison Brie|</GuestStars>
  <IMDB_ID>tt1118060</IMDB_ID>
  <Language>en</Language>
  <Overview>Don and Duck try to make peace; Peggy tries to get into the executive's after-hours meetings; Duck deals with a family visit.</Overview>
  <ProductionCode>206</ProductionCode>
  <Rating>7.3</Rating>
  <RatingCount>50</RatingCount>
  <SeasonNumber>2</SeasonNumber>
  <Writer>Matthew Weiner</Writer>
  <absolute_number>19</absolute_number>
  <filename>episodes/80337/383002.jpg</filename>
  <lastupdated>1352484810</lastupdated>
  <seasonid>33800</seasonid>
  <seriesid>80337</seriesid>
</Episode>
<Episode>
  <id>384073</id>
  <Combined_episodenumber>7.0</Combined_episodenumber>
  <Combined_season>2</Combined_season>
  <DVD_chapter></DVD_chapter>
  <DVD_discid></DVD_discid>
  <DVD_episodenumber>7.0</DVD_episodenumber>
  <DVD_season>2</DVD_season>
  <Director>Andrew Bernstein</Director>
  <EpImgFlag>2</EpImgFlag>
  <EpisodeName>The Gold Violin</EpisodeName>
  <EpisodeNumber>7</EpisodeNumber>
  <FirstAired>2008-09-07</FirstAired>
  <GuestStars>Bryan Batt|Mark Moses|Melinda McGraw|Patrick Fischler|Peyton List|</GuestStars>
  <IMDB_ID>tt1118061</IMDB_ID>
  <Language>en</Language>
  <Overview>Don buys a new car; Pete, Harry and Ken strategize to attract new business; Don's secretary makes a grave error; Cooper has a new piece of art in his office.</Overview>
  <ProductionCode>207</ProductionCode>
  <Rating>7.4</Rating>
  <RatingCount>52</RatingCount>
  <SeasonNumber>2</SeasonNumber>
  <Writer>Marie Jacquemetton| Andre Jacquemetton|Jane Anderson|</Writer>
  <absolute_number>20</absolute_number>
  <filename>episodes/80337/384073.jpg</filename>
  <lastupdated>1352484897</lastupdated>
  <seasonid>33800</seasonid>
  <seriesid>80337</seriesid>
</Episode>
<Episode>
  <id>386037</id>
  <Combined_episodenumber>8.0</Combined_episodenumber>
  <Combined_season>2</Combined_season>
  <DVD_chapter></DVD_chapter>
  <DVD_discid></DVD_discid>
  <DVD_episodenumber>8.0</DVD_episodenumber>
  <DVD_season>2</DVD_season>
  <Director>Lesli Linka Glatter</Director>
  <EpImgFlag>2</EpImgFlag>
  <EpisodeName>A Night to Remember</EpisodeName>
  <EpisodeNumber>8</EpisodeNumber>
  <FirstAired>2008-09-14</FirstAired>
  <GuestStars>Bryan Batt|Mark Moses|Colin Hanks|Talia Balsam|Sam Page|Audrey Wasilewski|</GuestStars>
  <IMDB_ID>tt1118062</IMDB_ID>
  <Language>en</Language>
  <Overview>Peggy contributes on a church project; Duck and Don try to create market appeal for a foreign beer brand; Harry recruits assistance to help with the workload in his department.</Overview>
  <ProductionCode>208</ProductionCode>
  <Rating>7.7</Rating>
  <RatingCount>54</RatingCount>
  <SeasonNumber>2</SeasonNumber>
  <Writer>Robin Veith| Matthew Weiner|</Writer>
  <absolute_number>21</absolute_number>
  <filename>episodes/80337/386037.jpg</filename>
  <lastupdated>1352484995</lastupdated>
  <seasonid>33800</seasonid>
  <seriesid>80337</seriesid>
</Episode>
<Episode>
  <id>387719</id>
  <Combined_episodenumber>9.0</Combined_episodenumber>
  <Combined_season>2</Combined_season>
  <DVD_chapter></DVD_chapter>
  <DVD_discid></DVD_discid>
  <DVD_episodenumber>9.0</DVD_episodenumber>
  <DVD_season>2</DVD_season>
  <Director>Michael Uppendahl</Director>
  <EpImgFlag>2</EpImgFlag>
  <EpisodeName>Six Month Leave</EpisodeName>
  <EpisodeNumber>9</EpisodeNumber>
  <FirstAired>2008-09-28</FirstAired>
  <GuestStars>Bryan Batt|Mark Moses|Joel Murray|Talia Balsam|Gabriel Mann|Patrick Fischler|</GuestStars>
  <IMDB_ID>tt1118063</IMDB_ID>
  <Language>en</Language>
  <Overview>Freddy Rumsen disappoints his team during a pitch. Pete finds an opportunity at the office to exploit while Don proves his loyalty to an old friend. Betty finds a welcome distraction in Sara Beth.</Overview>
  <ProductionCode>209</ProductionCode>
  <Rating>7.7</Rating>
  <RatingCount>56</RatingCount>
  <SeasonNumber>2</SeasonNumber>
  <Writer>Andre Jacquemetton| Maria Jacquemetton| Matthew Weiner|</Writer>
  <absolute_number>22</absolute_number>
  <filename>episodes/80337/387719.jpg</filename>
  <lastupdated>1352485093</lastupdated>
  <seasonid>33800</seasonid>
  <seriesid>80337</seriesid>
</Episode>
<Episode>
  <id>389520</id>
  <Combined_episodenumber>10.0</Combined_episodenumber>
  <Combined_season>2</Combined_season>
  <DVD_chapter></DVD_chapter>
  <DVD_discid></DVD_discid>
  <DVD_episodenumber>10.0</DVD_episodenumber>
  <DVD_season>2</DVD_season>
  <Director>Andrew Bernstein</Director>
  <EpImgFlag>2</EpImgFlag>
  <EpisodeName>The Inheritance</EpisodeName>
  <EpisodeNumber>10</EpisodeNumber>
  <FirstAired>2008-10-05</FirstAired>
  <GuestStars>Bryan Batt|Darby Stanchfield|Eric Ladin|Rich Hutchman|</GuestStars>
  <IMDB_ID>tt1118052</IMDB_ID>
  <Language>en</Language>
  <Overview>Betty visits her father; Paul's girlfriend tries to convince him to prioritize his duties; Pete's mother disapproves of his and Trudy's idea.</Overview>
  <ProductionCode>210</ProductionCode>
  <Rating>7.5</Rating>
  <RatingCount>57</RatingCount>
  <SeasonNumber>2</SeasonNumber>
  <Writer>Matthew Weiner| Lisa Albert| Marti Noxon|</Writer>
  <absolute_number>23</absolute_number>
  <filename>episodes/80337/389520.jpg</filename>
  <lastupdated>1352485173</lastupdated>
  <seasonid>33800</seasonid>
  <seriesid>80337</seriesid>
</Episode>
<Episode>
  <id>393936</id>
  <Combined_episodenumber>11.0</Combined_episodenumber>
  <Combined_season>2</Combined_season>
  <DVD_chapter></DVD_chapter>
  <DVD_discid></DVD_discid>
  <DVD_episodenumber>11.0</DVD_episodenumber>
  <DVD_season>2</DVD_season>
  <Director>Phil Abraham</Director>
  <EpImgFlag>2</EpImgFlag>
  <EpisodeName>The Jet Set</EpisodeName>
  <EpisodeNumber>11</EpisodeNumber>
  <FirstAired>2008-10-12</FirstAired>
  <GuestStars>Bryan Batt|Mark Moses|Laura Ramsey|Philippe Brenninkmeyer|Justine Eyre|</GuestStars>
  <IMDB_ID>tt1118053</IMDB_ID>
  <Language>en</Language>
  <Overview>Don makes some new friends on his trip to Los Angeles; Peggy looks for romance; Duck ponders the future of Sterling Cooper.</Overview>
  <ProductionCode>211</ProductionCode>
  <Rating>7.4</Rating>
  <RatingCount>55</RatingCount>
  <SeasonNumber>2</SeasonNumber>
  <Writer>Matthew Weiner</Writer>
  <absolute_number>24</absolute_number>
  <filename>episodes/80337/393936.jpg</filename>
  <lastupdated>1352485252</lastupdated>
  <seasonid>33800</seasonid>
  <seriesid>80337</seriesid>
</Episode>
<Episode>
  <id>396567</id>
  <Combined_episodenumber>12.0</Combined_episodenumber>
  <Combined_season>2</Combined_season>
  <DVD_chapter></DVD_chapter>
  <DVD_discid></DVD_discid>
  <DVD_episodenumber>12.0</DVD_episodenumber>
  <DVD_season>2</DVD_season>
  <Director>Alan Taylor</Director>
  <EpImgFlag>2</EpImgFlag>
  <EpisodeName>The Mountain King</EpisodeName>
  <EpisodeNumber>12</EpisodeNumber>
  <FirstAired>2008-10-19</FirstAired>
  <GuestStars>Bryan Batt|Melinda Page Hamilton|Sam Page|Missy Yager|</GuestStars>
  <IMDB_ID>tt1118054</IMDB_ID>
  <Language>en</Language>
  <Overview>Don meets up with an old friend; Pete's personal life presents problems; Joan brings her boyfriend to the office.</Overview>
  <ProductionCode>212</ProductionCode>
  <Rating>7.5</Rating>
  <RatingCount>46</RatingCount>
  <SeasonNumber>2</SeasonNumber>
  <Writer>Matthew Weiner| Robin Veith|</Writer>
  <absolute_number>25</absolute_number>
  <filename>episodes/80337/396567.jpg</filename>
  <lastupdated>1352485377</lastupdated>
  <seasonid>33800</seasonid>
  <seriesid>80337</seriesid>
</Episode>
<Episode>
  <id>399466</id>
  <Combined_episodenumber>13.0</Combined_episodenumber>
  <Combined_season>2</Combined_season>
  <DVD_chapter></DVD_chapter>
  <DVD_discid></DVD_discid>
  <DVD_episodenumber>13.0</DVD_episodenumber>
  <DVD_season>2</DVD_season>
  <Director>Matthew Weiner</Director>
  <EpImgFlag>2</EpImgFlag>
  <EpisodeName>Meditations in an Emergency</EpisodeName>
  <EpisodeNumber>13</EpisodeNumber>
  <FirstAired>2008-10-26</FirstAired>
  <GuestStars>Bryan Batt|Mark Moses|Colin Hanks|Anne Dudek|Ryan McPartlin|</GuestStars>
  <IMDB_ID>tt1118055</IMDB_ID>
  <Language>en</Language>
  <Overview>The office scrambles without Don; Betty learns some disconcerting news.</Overview>
  <ProductionCode>213</ProductionCode>
  <Rating>7.8</Rating>
  <RatingCount>51</RatingCount>
  <SeasonNumber>2</SeasonNumber>
  <Writer>Kater Gordon, Matthew Weiner</Writer>
  <absolute_number>26</absolute_number>
  <filename>episodes/80337/399466.jpg</filename>
  <lastupdated>1352485445</lastupdated>
  <seasonid>33800</seasonid>
  <seriesid>80337</seriesid>
</Episode>
<Episode>
  <id>982661</id>
  <Combined_episodenumber>1</Combined_episodenumber>
  <Combined_season>3</Combined_season>
  <DVD_chapter></DVD_chapter>
  <DVD_discid></DVD_discid>
  <DVD_episodenumber></DVD_episodenumber>
  <DVD_season></DVD_season>
  <Director>Phil Abraham</Director>
  <EpImgFlag>2</EpImgFlag>
  <EpisodeName>Out of Town</EpisodeName>
  <EpisodeNumber>1</EpisodeNumber>
  <FirstAired>2009-08-16</FirstAired>
  <GuestStars>Joseph Culp|Bryan Batt|Ryan Cartwright|Brynn Horrocks|Michael Gaston|Sunny Mabrey|Jack Kehler|Julie McNiven|Orestes Arcuni|Kelly Huddleston|Annie Little|Joel Lambert|Jamie Elman|</GuestStars>
  <IMDB_ID>tt1439792</IMDB_ID>
  <Language>en</Language>
  <Overview>In the third-season opener, Salvatore and Don take a business trip out of town. Pete Campbell and Ken Cosgrove worry about the changes at Sterling-Cooper and how the changes will impact them.</Overview>
  <ProductionCode></ProductionCode>
  <Rating>7.4</Rating>
  <RatingCount>61</RatingCount>
  <SeasonNumber>3</SeasonNumber>
  <Writer>Matthew Weiner</Writer>
  <absolute_number>27</absolute_number>
  <filename>episodes/80337/982661.jpg</filename>
  <lastupdated>1354231932</lastupdated>
  <seasonid>106221</seasonid>
  <seriesid>80337</seriesid>
</Episode>
<Episode>
  <id>1007571</id>
  <Combined_episodenumber>2</Combined_episodenumber>
  <Combined_season>3</Combined_season>
  <DVD_chapter></DVD_chapter>
  <DVD_discid></DVD_discid>
  <DVD_episodenumber></DVD_episodenumber>
  <DVD_season></DVD_season>
  <Director>Lesli Linka Glatter</Director>
  <EpImgFlag>2</EpImgFlag>
  <EpisodeName>Love Among the Ruins</EpisodeName>
  <EpisodeNumber>2</EpisodeNumber>
  <FirstAired>2009-08-23</FirstAired>
  <GuestStars>Bryan Batt|Talia Balsam|Ryan Cutrona|Embeth Davidtz|Eric Ladin|Abigail Spencer|Elizabeth Rice|Kevin Cooney|Alexa Alemanni|Derek Ray|Brian Carpenter|Billy Finnigan|Jeremy Scott Johnson|</GuestStars>
  <IMDB_ID>tt1449612</IMDB_ID>
  <Language>en</Language>
  <Overview>Don's father-in-law pays a visit to his daughter's family. Peggy works hard on a campaign while the firm tries to decide if they will accommodate an unusual request from a client. Elsewhere, Roger plans a wedding.</Overview>
  <ProductionCode></ProductionCode>
  <Rating>7.2</Rating>
  <RatingCount>54</RatingCount>
  <SeasonNumber>3</SeasonNumber>
  <Writer>Cathryn Humphris|Matthew Weiner</Writer>
  <absolute_number>28</absolute_number>
  <filename>episodes/80337/1007571.jpg</filename>
  <lastupdated>1352567867</lastupdated>
  <seasonid>106221</seasonid>
  <seriesid>80337</seriesid>
</Episode>
<Episode>
  <id>1007581</id>
  <Combined_episodenumber>3</Combined_episodenumber>
  <Combined_season>3</Combined_season>
  <DVD_chapter></DVD_chapter>
  <DVD_discid></DVD_discid>
  <DVD_episodenumber></DVD_episodenumber>
  <DVD_season></DVD_season>
  <Director>Jennifer Getzinger</Director>
  <EpImgFlag>2</EpImgFlag>
  <EpisodeName>My Old Kentucky Home</EpisodeName>
  <EpisodeNumber>3</EpisodeNumber>
  <FirstAired>2009-08-30</FirstAired>
  <GuestStars>Bryan Batt|Ryan Cutrona|Peyton List|Sam Page|Chelcie Ross|Laura Regan|Miles Fisher|Jud Tylor|Judy Kain|</GuestStars>
  <IMDB_ID>tt1484415</IMDB_ID>
  <Language>en</Language>
  <Overview>The writers make an attempt to stave off late-night boredom during a mandatory overtime session. Roger throws a party as Joan and Greg host their own party. Sally has a run-in with Grandpa. </Overview>
  <ProductionCode></ProductionCode>
  <Rating>7.4</Rating>
  <RatingCount>54</RatingCount>
  <SeasonNumber>3</SeasonNumber>
  <Writer>|Dahvi Waller|Matthew Weiner</Writer>
  <absolute_number>29</absolute_number>
  <filename>episodes/80337/1007581.jpg</filename>
  <lastupdated>1352568036</lastupdated>
  <seasonid>106221</seasonid>
  <seriesid>80337</seriesid>
</Episode>
<Episode>
  <id>1007601</id>
  <Combined_episodenumber>4</Combined_episodenumber>
  <Combined_season>3</Combined_season>
  <DVD_chapter></DVD_chapter>
  <DVD_discid></DVD_discid>
  <DVD_episodenumber></DVD_episodenumber>
  <DVD_season></DVD_season>
  <Director>Mike Uppendahl</Director>
  <EpImgFlag>2</EpImgFlag>
  <EpisodeName>The Arrangements</EpisodeName>
  <EpisodeNumber>4</EpisodeNumber>
  <FirstAired>2009-09-06</FirstAired>
  <GuestStars>Bryan Batt|Ryan Cutrona|Eric Ladin|Carla Gallo|Aaron Stanford|Ryan Cartwright|Crista Flanagan|Sarah Drew|Audrey Wasilewski|Alexa Alemanni|</GuestStars>
  <IMDB_ID>tt1484416</IMDB_ID>
  <Language>en</Language>
  <Overview>Don and his father-in-law cross paths. Meanwhile, Peggy is in search of a new roommate; and a rich new client is excited to be doing business with the firm. </Overview>
  <ProductionCode></ProductionCode>
  <Rating>7.2</Rating>
  <RatingCount>48</RatingCount>
  <SeasonNumber>3</SeasonNumber>
  <Writer>Andrew Colville|Matthew Weiner|</Writer>
  <absolute_number>30</absolute_number>
  <filename>episodes/80337/1007601.jpg</filename>
  <lastupdated>1352568207</lastupdated>
  <seasonid>106221</seasonid>
  <seriesid>80337</seriesid>
</Episode>
<Episode>
  <id>1007621</id>
  <Combined_episodenumber>5</Combined_episodenumber>
  <Combined_season>3</Combined_season>
  <DVD_chapter></DVD_chapter>
  <DVD_discid></DVD_discid>
  <DVD_episodenumber></DVD_episodenumber>
  <DVD_season></DVD_season>
  <Director>Phil Abraham</Director>
  <EpImgFlag>7</EpImgFlag>
  <EpisodeName>The Fog</EpisodeName>
  <EpisodeNumber>5</EpisodeNumber>
  <FirstAired>2009-09-13</FirstAired>
  <GuestStars>Bryan Batt|Mark Moses|Ryan Cutrona|Abigail Spencer|Matt Bushell|Anne Dudek|Yeardley Smith|Alexa Alemanni|</GuestStars>
  <IMDB_ID>tt1484417</IMDB_ID>
  <Language>en</Language>
  <Overview>Sally's behavior causes concern for Don and Betty. Betty has an eye-opening dream that has a strange effect on her. Pete tries to work a new business angle in his dealings.</Overview>
  <ProductionCode>305</ProductionCode>
  <Rating>7.3</Rating>
  <RatingCount>50</RatingCount>
  <SeasonNumber>3</SeasonNumber>
  <Writer>Kater Gordon</Writer>
  <absolute_number>31</absolute_number>
  <filename>episodes/80337/1007621.jpg</filename>
  <lastupdated>1352568361</lastupdated>
  <seasonid>106221</seasonid>
  <seriesid>80337</seriesid>
</Episode>
<Episode>
  <id>1007641</id>
  <Combined_episodenumber>6</Combined_episodenumber>
  <Combined_season>3</Combined_season>
  <DVD_chapter></DVD_chapter>
  <DVD_discid></DVD_discid>
  <DVD_episodenumber></DVD_episodenumber>
  <DVD_season></DVD_season>
  <Director>Lesli Linka Glatter</Director>
  <EpImgFlag>7</EpImgFlag>
  <EpisodeName>Guy Walks Into an Advertising Agency</EpisodeName>
  <EpisodeNumber>6</EpisodeNumber>
  <FirstAired>2009-09-20</FirstAired>
  <GuestStars>Bryan Batt|Crista Flanagan|Sam Page|Chelcie Ross|Charles Shaughnessy|Jamie Thomas King|Ryan Cartwright|Patrick Cavanaugh|Judy Kain|Alexa Alemanni|Julie McNiven|</GuestStars>
  <IMDB_ID>tt1484435</IMDB_ID>
  <Language>en</Language>
  <Overview>Sterling Cooper receives a surprise visitor; Sally has been spooked by something (or someone); and Joan receives some shocking news. </Overview>
  <ProductionCode>306</ProductionCode>
  <Rating>7.6</Rating>
  <RatingCount>51</RatingCount>
  <SeasonNumber>3</SeasonNumber>
  <Writer>Robin Veith|Matthew Weiner|</Writer>
  <absolute_number>32</absolute_number>
  <filename>episodes/80337/1007641.jpg</filename>
  <lastupdated>1352568516</lastupdated>
  <seasonid>106221</seasonid>
  <seriesid>80337</seriesid>
</Episode>
<Episode>
  <id>1007661</id>
  <Combined_episodenumber>7</Combined_episodenumber>
  <Combined_season>3</Combined_season>
  <DVD_chapter></DVD_chapter>
  <DVD_discid></DVD_discid>
  <DVD_episodenumber></DVD_episodenumber>
  <DVD_season></DVD_season>
  <Director>Daisy von Scherler Mayer</Director>
  <EpImgFlag>2</EpImgFlag>
  <EpisodeName>Seven Twenty Three</EpisodeName>
  <EpisodeNumber>7</EpisodeNumber>
  <FirstAired>2009-09-27</FirstAired>
  <GuestStars>Bryan Batt|Mark Moses|Chelcie Ross|Anne Dudek|Abigail Spencer|Kristoffer Polaha|</GuestStars>
  <IMDB_ID>tt1472778</IMDB_ID>
  <Language>en</Language>
  <Overview>Betty tries her hand at local politics. Don is forced into thinking about the future. Peggy receives a luxurious gift.</Overview>
  <ProductionCode></ProductionCode>
  <Rating>7.7</Rating>
  <RatingCount>52</RatingCount>
  <SeasonNumber>3</SeasonNumber>
  <Writer>Andre Jacquemetton|Maria Jacquemetton|Matthew Weiner|</Writer>
  <absolute_number>33</absolute_number>
  <filename>episodes/80337/1007661.jpg</filename>
  <lastupdated>1352568666</lastupdated>
  <seasonid>106221</seasonid>
  <seriesid>80337</seriesid>
</Episode>
<Episode>
  <id>1007671</id>
  <Combined_episodenumber>8</Combined_episodenumber>
  <Combined_season>3</Combined_season>
  <DVD_chapter></DVD_chapter>
  <DVD_discid></DVD_discid>
  <DVD_episodenumber></DVD_episodenumber>
  <DVD_season></DVD_season>
  <Director>Phil Abraham</Director>
  <EpImgFlag>7</EpImgFlag>
  <EpisodeName>Souvenir</EpisodeName>
  <EpisodeNumber>8</EpisodeNumber>
  <FirstAired>2009-10-04</FirstAired>
  <GuestStars>Chelcie Ross|Anne Dudek|Mark Metcalf|Julie McNiven|Nina Rausch|</GuestStars>
  <IMDB_ID>tt1484662</IMDB_ID>
  <Language>en</Language>
  <Overview>Don decides to include Betty on a company business trip. Pete lends a hand to a neighbor in his apartment building.</Overview>
  <ProductionCode>308</ProductionCode>
  <Rating>7.5</Rating>
  <RatingCount>47</RatingCount>
  <SeasonNumber>3</SeasonNumber>
  <Writer>Lisa Albert|Matthew Weiner|</Writer>
  <absolute_number>34</absolute_number>
  <filename>episodes/80337/1007671.jpg</filename>
  <lastupdated>1352568763</lastupdated>
  <seasonid>106221</seasonid>
  <seriesid>80337</seriesid>
</Episode>
<Episode>
  <id>1007681</id>
  <Combined_episodenumber>9</Combined_episodenumber>
  <Combined_season>3</Combined_season>
  <DVD_chapter></DVD_chapter>
  <DVD_discid></DVD_discid>
  <DVD_episodenumber></DVD_episodenumber>
  <DVD_season></DVD_season>
  <Director>Scott Hornbacher</Director>
  <EpImgFlag>2</EpImgFlag>
  <EpisodeName>Wee Small Hours</EpisodeName>
  <EpisodeNumber>9</EpisodeNumber>
  <FirstAired>2009-10-11</FirstAired>
  <GuestStars>Bryan Batt|Chelcie Ross|Anne Dudek|Abigail Spencer|Darren Pettie|Patrick Cavanaugh|Alexa Alemanni|</GuestStars>
  <IMDB_ID>tt1484663</IMDB_ID>
  <Language>en</Language>
  <Overview>There is trouble for Don and Sal in giving their clients what they ask for. Meanwhile, Betty hosts a fundraiser. </Overview>
  <ProductionCode>309</ProductionCode>
  <Rating>7.5</Rating>
  <RatingCount>43</RatingCount>
  <SeasonNumber>3</SeasonNumber>
  <Writer>Dahvi Waller|Matthew Weiner</Writer>
  <absolute_number>35</absolute_number>
  <filename>episodes/80337/1007681.jpg</filename>
  <lastupdated>1352568868</lastupdated>
  <seasonid>106221</seasonid>
  <seriesid>80337</seriesid>
</Episode>
<Episode>
  <id>1007691</id>
  <Combined_episodenumber>10</Combined_episodenumber>
  <Combined_season>3</Combined_season>
  <DVD_chapter></DVD_chapter>
  <DVD_discid></DVD_discid>
  <DVD_episodenumber></DVD_episodenumber>
  <DVD_season></DVD_season>
  <Director>Michael Uppendahl</Director>
  <EpImgFlag>7</EpImgFlag>
  <EpisodeName>The Color Blue</EpisodeName>
  <EpisodeNumber>10</EpisodeNumber>
  <FirstAired>2009-10-18</FirstAired>
  <GuestStars>Embeth Davidtz|Abigail Spencer|Charles Shaughnessy|Marshall Allman|Peyton List|Crista Flanagan|Laura Regan|Ryan Cartwright|Mary Anne McGarry|Alexa Alemanni|</GuestStars>
  <IMDB_ID>tt1484249</IMDB_ID>
  <Language>en</Language>
  <Overview>The firm celebrates as they hit a milestone. Peggy and Paul compete to secure the same account. </Overview>
  <ProductionCode>310</ProductionCode>
  <Rating>7.5</Rating>
  <RatingCount>51</RatingCount>
  <SeasonNumber>3</SeasonNumber>
  <Writer>Kater Gordon|Matthew Weiner|</Writer>
  <absolute_number>36</absolute_number>
  <filename>episodes/80337/1007691.jpg</filename>
  <lastupdated>1352568998</lastupdated>
  <seasonid>106221</seasonid>
  <seriesid>80337</seriesid>
</Episode>
<Episode>
  <id>1007701</id>
  <Combined_episodenumber>11</Combined_episodenumber>
  <Combined_season>3</Combined_season>
  <DVD_chapter></DVD_chapter>
  <DVD_discid></DVD_discid>
  <DVD_episodenumber></DVD_episodenumber>
  <DVD_season></DVD_season>
  <Director>Jennifer Getzinger</Director>
  <EpImgFlag>7</EpImgFlag>
  <EpisodeName>The Gypsy and the Hobo</EpisodeName>
  <EpisodeNumber>11</EpisodeNumber>
  <FirstAired>2009-10-25</FirstAired>
  <GuestStars>Sam Page|Eric Ladin|Abigail Spencer|Mary Page Keller|Kristoffer Polaha|Alexa Alemanni|</GuestStars>
  <IMDB_ID>tt1484250</IMDB_ID>
  <Language>en</Language>
  <Overview>A former client makes a return; Betty and her kids go on a trip; and Joan and Greg make plans for their future.</Overview>
  <ProductionCode>311</ProductionCode>
  <Rating>7.8</Rating>
  <RatingCount>48</RatingCount>
  <SeasonNumber>3</SeasonNumber>
  <Writer>Marti Noxon|Cathryn Humphris|Matthew Weiner|</Writer>
  <absolute_number>37</absolute_number>
  <filename>episodes/80337/1007701.jpg</filename>
  <lastupdated>1352569148</lastupdated>
  <seasonid>106221</seasonid>
  <seriesid>80337</seriesid>
</Episode>
<Episode>
  <id>1007711</id>
  <Combined_episodenumber>12</Combined_episodenumber>
  <Combined_season>3</Combined_season>
  <DVD_chapter></DVD_chapter>
  <DVD_discid></DVD_discid>
  <DVD_episodenumber></DVD_episodenumber>
  <DVD_season></DVD_season>
  <Director>Barbet Schroeder</Director>
  <EpImgFlag>2</EpImgFlag>
  <EpisodeName>The Grown-Ups</EpisodeName>
  <EpisodeNumber>12</EpisodeNumber>
  <FirstAired>2009-11-01</FirstAired>
  <GuestStars>Mark Moses|Talia Balsam|Elizabeth Rice|Carla Gallo|Peyton List|Judy Kain|Laura Regan|Julie McNiven|Alexa Alemanni|Veronica Taylor|</GuestStars>
  <IMDB_ID>tt1484251</IMDB_ID>
  <Language>en</Language>
  <Overview>Peggy's taste in men proves questionable. Pete has to make a big decision about his career and a candidate makes a big impression on Don.</Overview>
  <ProductionCode>312</ProductionCode>
  <Rating>7.7</Rating>
  <RatingCount>53</RatingCount>
  <SeasonNumber>3</SeasonNumber>
  <Writer>Brett Johnson|Matthew Weiner|</Writer>
  <absolute_number>38</absolute_number>
  <filename>episodes/80337/1007711.jpg</filename>
  <lastupdated>1352569265</lastupdated>
  <seasonid>106221</seasonid>
  <seriesid>80337</seriesid>
</Episode>
<Episode>
  <id>1007721</id>
  <Combined_episodenumber>13</Combined_episodenumber>
  <Combined_season>3</Combined_season>
  <DVD_chapter></DVD_chapter>
  <DVD_discid></DVD_discid>
  <DVD_episodenumber></DVD_episodenumber>
  <DVD_season></DVD_season>
  <Director>Matthew Weiner</Director>
  <EpImgFlag>2</EpImgFlag>
  <EpisodeName>Shut the Door, Have a Seat</EpisodeName>
  <EpisodeNumber>13</EpisodeNumber>
  <FirstAired>2009-11-08</FirstAired>
  <GuestStars>Chelcie Ross|Charles Shaughnessy|Joseph Culp|Ryan Cartwright|Patrick Cavanaugh|J. Patrick McCormack|Alexa Alemanni|Brynn Horrocks|</GuestStars>
  <IMDB_ID>tt1484414</IMDB_ID>
  <Language>en</Language>
  <Overview>Don has a big meeting with Connie about their future relationship. Betty is the beneficiary of some interesting advice and Pete has a serious sit-down with some clients.</Overview>
  <ProductionCode>313</ProductionCode>
  <Rating>8.0</Rating>
  <RatingCount>50</RatingCount>
  <SeasonNumber>3</SeasonNumber>
  <Writer>Matthew Weiner|Erin Levy|</Writer>
  <absolute_number>39</absolute_number>
  <filename>episodes/80337/1007721.jpg</filename>
  <lastupdated>1352569386</lastupdated>
  <seasonid>106221</seasonid>
  <seriesid>80337</seriesid>
</Episode>
<Episode>
  <id>2099901</id>
  <Combined_episodenumber>1</Combined_episodenumber>
  <Combined_season>4</Combined_season>
  <DVD_chapter></DVD_chapter>
  <DVD_discid></DVD_discid>
  <DVD_episodenumber></DVD_episodenumber>
  <DVD_season></DVD_season>
  <Director>Phil Abraham</Director>
  <EpImgFlag>2</EpImgFlag>
  <EpisodeName>Public Relations</EpisodeName>
  <EpisodeNumber>1</EpisodeNumber>
  <FirstAired>2010-07-25</FirstAired>
  <GuestStars>Matt Long|Erin Cummings|Anna Camp|Blake Bashoff|Pamela Dunlap|Jack Laufer|Chris McGarry|Ron Perkins|Paul Bartholomew|Alexa Alemanni|Norma Maldonado|Veronica Taylor|Michael J. Silver|Alyson Croft|</GuestStars>
  <IMDB_ID>tt1615656</IMDB_ID>
  <Language>en</Language>
  <Overview>Don deals with a trade-paper interview but doesn't want to talk about himself. A manufacturer of a &quot;wholesome&quot; two-piece bathing suit wants to hire the firm but doesn't want anything too risque. Pete and Peggy try to secure more money for the firm. </Overview>
  <ProductionCode>401</ProductionCode>
  <Rating>7.6</Rating>
  <RatingCount>58</RatingCount>
  <SeasonNumber>4</SeasonNumber>
  <Writer>Matthew Weiner</Writer>
  <absolute_number>40</absolute_number>
  <filename>episodes/80337/2099901.jpg</filename>
  <lastupdated>1356682790</lastupdated>
  <seasonid>233601</seasonid>
  <seriesid>80337</seriesid>
</Episode>
<Episode>
  <id>2295351</id>
  <Combined_episodenumber>2</Combined_episodenumber>
  <Combined_season>4</Combined_season>
  <DVD_chapter></DVD_chapter>
  <DVD_discid></DVD_discid>
  <DVD_episodenumber></DVD_episodenumber>
  <DVD_season></DVD_season>
  <Director>Michael Uppendahl</Director>
  <EpImgFlag>2</EpImgFlag>
  <EpisodeName>Christmas Comes But Once a Year</EpisodeName>
  <EpisodeNumber>2</EpisodeNumber>
  <FirstAired>2010-08-01</FirstAired>
  <GuestStars>Joel Murray|Deborah Lacey|Alexa Alemanni|Matt Long|Blake Bashoff|Cara Buono|John Aylward|Darren Pettie|Peyton List|Laura Regan|Nora Zehetner|Beth Hall|Marten Holden Weiner|</GuestStars>
  <IMDB_ID>tt1615661</IMDB_ID>
  <Language>en</Language>
  <Overview>The agency's Christmas party is nearly spoiled by the late arrival of a surprise and not-so-welcome visitor.</Overview>
  <ProductionCode>402</ProductionCode>
  <Rating>7.5</Rating>
  <RatingCount>57</RatingCount>
  <SeasonNumber>4</SeasonNumber>
  <Writer>Tracy McMillan|Matthew Weiner|</Writer>
  <absolute_number>41</absolute_number>
  <filename>episodes/80337/2295351.jpg</filename>
  <lastupdated>1356682798</lastupdated>
  <seasonid>233601</seasonid>
  <seriesid>80337</seriesid>
</Episode>
<Episode>
  <id>2295361</id>
  <Combined_episodenumber>3</Combined_episodenumber>
  <Combined_season>4</Combined_season>
  <DVD_chapter></DVD_chapter>
  <DVD_discid></DVD_discid>
  <DVD_episodenumber></DVD_episodenumber>
  <DVD_season></DVD_season>
  <Director>Jennifer Getzinger</Director>
  <EpImgFlag>2</EpImgFlag>
  <EpisodeName>The Good News</EpisodeName>
  <EpisodeNumber>3</EpisodeNumber>
  <FirstAired>2010-08-08</FirstAired>
  <GuestStars>Sam Page|Melinda Page Hamilton|Susan Leslie|Caity Lotz|Erin Cummings|Will Janowitz|Remy Auberjonois|Bayne Gibby|Alexa Alemanni|Elaine Carroll|Gina Torrecilla|Liesl Ehardt|Brian Whelan|</GuestStars>
  <IMDB_ID>tt1615662</IMDB_ID>
  <Language>en</Language>
  <Overview>Don takes a trip. Joan has scheduling problems. Don and Lane get to know each other a little better.</Overview>
  <ProductionCode>403</ProductionCode>
  <Rating>7.6</Rating>
  <RatingCount>59</RatingCount>
  <SeasonNumber>4</SeasonNumber>
  <Writer>Jonathan Abrahams|Matthew Weiner|</Writer>
  <absolute_number>42</absolute_number>
  <filename>episodes/80337/2295361.jpg</filename>
  <lastupdated>1356682805</lastupdated>
  <seasonid>233601</seasonid>
  <seriesid>80337</seriesid>
</Episode>
<Episode>
  <id>2295371</id>
  <Combined_episodenumber>4</Combined_episodenumber>
  <Combined_season>4</Combined_season>
  <DVD_chapter></DVD_chapter>
  <DVD_discid></DVD_discid>
  <DVD_episodenumber></DVD_episodenumber>
  <DVD_season></DVD_season>
  <Director>John Slattery</Director>
  <EpImgFlag>2</EpImgFlag>
  <EpisodeName>The Rejected</EpisodeName>
  <EpisodeNumber>4</EpisodeNumber>
  <FirstAired>2010-08-15</FirstAired>
  <GuestStars>Joel Murray|Alexa Alemanni|Joe O'Connor|Cara Buono|Zosia Mamet|Matt Long|Charlie Hofheimer|Randee Heller|Sheila Shaw|Benjamin Scott Perry|Alexandra Ella|Abby Miller|Karimah Westbrook|</GuestStars>
  <IMDB_ID>tt1615663</IMDB_ID>
  <Language>en</Language>
  <Overview>An edict from Roger and Lane puts Pete in a personal dilemma.</Overview>
  <ProductionCode>404</ProductionCode>
  <Rating>7.4</Rating>
  <RatingCount>56</RatingCount>
  <SeasonNumber>4</SeasonNumber>
  <Writer>Keith Huff|Matthew Weiner|</Writer>
  <absolute_number>43</absolute_number>
  <filename>episodes/80337/2295371.jpg</filename>
  <lastupdated>1356682816</lastupdated>
  <seasonid>233601</seasonid>
  <seriesid>80337</seriesid>
</Episode>
<Episode>
  <id>2295381</id>
  <Combined_episodenumber>5</Combined_episodenumber>
  <Combined_season>4</Combined_season>
  <DVD_chapter></DVD_chapter>
  <DVD_discid></DVD_discid>
  <DVD_episodenumber></DVD_episodenumber>
  <DVD_season></DVD_season>
  <Director>Lesli Linka Glatter</Director>
  <EpImgFlag>2</EpImgFlag>
  <EpisodeName>The Chrysanthemum and the Sword</EpisodeName>
  <EpisodeNumber>5</EpisodeNumber>
  <FirstAired>2010-08-22</FirstAired>
  <GuestStars>Deborah Lacey|Cara Buono|Matt Long|Kevin Rahm|Nora Zehetner|Sab Shimono|Anna Camp|Patrick Cavanaugh|Patricia Bethune|Amy Sloan|Christopher Shea|Randee Heller|Brian Elerding|Timi Prulhiere|Michael Sollenberger|John Henry Canavan|</GuestStars>
  <IMDB_ID>tt1615664</IMDB_ID>
  <Language>en</Language>
  <Overview>Don and Pete disregard Roger's plans in order to land a new client. </Overview>
  <ProductionCode>405</ProductionCode>
  <Rating>7.6</Rating>
  <RatingCount>60</RatingCount>
  <SeasonNumber>4</SeasonNumber>
  <Writer>Erin Levy</Writer>
  <absolute_number>44</absolute_number>
  <filename>episodes/80337/2295381.jpg</filename>
  <lastupdated>1356682822</lastupdated>
  <seasonid>233601</seasonid>
  <seriesid>80337</seriesid>
</Episode>
<Episode>
  <id>2295391</id>
  <Combined_episodenumber>6</Combined_episodenumber>
  <Combined_season>4</Combined_season>
  <DVD_chapter></DVD_chapter>
  <DVD_discid></DVD_discid>
  <DVD_episodenumber></DVD_episodenumber>
  <DVD_season></DVD_season>
  <Director>Scott Hornbacher</Director>
  <EpImgFlag>2</EpImgFlag>
  <EpisodeName>Waldorf Stories</EpisodeName>
  <EpisodeNumber>6</EpisodeNumber>
  <FirstAired>2010-08-29</FirstAired>
  <GuestStars>Cara Buono|Mark Moses|Matt Long|Jay R. Ferguson|Danny Strong|Kevin Rahm|John Aniston|Tim De Zarn|Becky Wahlstrom|Randee Heller|Alexandra Ella|Brent Huff|Roger Rignack|John O'Brien|Michael Yurchak|Amy Motta|</GuestStars>
  <IMDB_ID>tt1615665</IMDB_ID>
  <Language>en</Language>
  <Overview>Peggy clashes with her new creative partner; Don pitches under unusual circumstances.</Overview>
  <ProductionCode>406</ProductionCode>
  <Rating>7.6</Rating>
  <RatingCount>65</RatingCount>
  <SeasonNumber>4</SeasonNumber>
  <Writer>Brett Johnson|Matthew Weiner</Writer>
  <absolute_number>45</absolute_number>
  <filename>episodes/80337/2295391.jpg</filename>
  <lastupdated>1356682834</lastupdated>
  <seasonid>233601</seasonid>
  <seriesid>80337</seriesid>
</Episode>
<Episode>
  <id>2686341</id>
  <Combined_episodenumber>7</Combined_episodenumber>
  <Combined_season>4</Combined_season>
  <DVD_chapter></DVD_chapter>
  <DVD_discid></DVD_discid>
  <DVD_episodenumber></DVD_episodenumber>
  <DVD_season></DVD_season>
  <Director>Jennifer Getzinger</Director>
  <EpImgFlag>2</EpImgFlag>
  <EpisodeName>The Suitcase</EpisodeName>
  <EpisodeNumber>7</EpisodeNumber>
  <FirstAired>2010-09-05</FirstAired>
  <GuestStars>Mark Moses|Matt Long|Jay R. Ferguson|Danny Strong|Melinda Page Hamilton|Blake Bashoff|Myra Turley|Audrey Wasilewski|Jerry O'Donnell|Caity Lotz|Randee Heller|Rachel Style|</GuestStars>
  <IMDB_ID>tt1615666</IMDB_ID>
  <Language>en</Language>
  <Overview>A deadline disrupts Sterling Cooper Draper Pryce. </Overview>
  <ProductionCode>407</ProductionCode>
  <Rating>7.7</Rating>
  <RatingCount>59</RatingCount>
  <SeasonNumber>4</SeasonNumber>
  <Writer>Matthew Weiner</Writer>
  <absolute_number>46</absolute_number>
  <filename>episodes/80337/2686341.jpg</filename>
  <lastupdated>1356682847</lastupdated>
  <seasonid>233601</seasonid>
  <seriesid>80337</seriesid>
</Episode>
<Episode>
  <id>2686351</id>
  <Combined_episodenumber>8</Combined_episodenumber>
  <Combined_season>4</Combined_season>
  <DVD_chapter></DVD_chapter>
  <DVD_discid></DVD_discid>
  <DVD_episodenumber></DVD_episodenumber>
  <DVD_season></DVD_season>
  <Director>Phil Abraham</Director>
  <EpImgFlag>2</EpImgFlag>
  <EpisodeName>The Summer Man</EpisodeName>
  <EpisodeNumber>8</EpisodeNumber>
  <FirstAired>2010-09-12</FirstAired>
  <GuestStars>Matt Long|Anne Dudek|Sam Page|Cara Buono|Jay R. Ferguson|Anna Camp|Randee Heller|Peter Lewis|Brian Elerding|</GuestStars>
  <IMDB_ID>tt1615667</IMDB_ID>
  <Language>en</Language>
  <Overview>Joan and Peggy deal with high-jinx in the office.</Overview>
  <ProductionCode>408</ProductionCode>
  <Rating>7.6</Rating>
  <RatingCount>60</RatingCount>
  <SeasonNumber>4</SeasonNumber>
  <Writer>Lisa Albert|Janet Leahy|Matthew Weiner|</Writer>
  <absolute_number>47</absolute_number>
  <filename>episodes/80337/2686351.jpg</filename>
  <lastupdated>1356682852</lastupdated>
  <seasonid>233601</seasonid>
  <seriesid>80337</seriesid>
</Episode>
<Episode>
  <id>2686361</id>
  <Combined_episodenumber>9</Combined_episodenumber>
  <Combined_season>4</Combined_season>
  <DVD_chapter></DVD_chapter>
  <DVD_discid></DVD_discid>
  <DVD_episodenumber></DVD_episodenumber>
  <DVD_season></DVD_season>
  <Director>Michael Uppendahl</Director>
  <EpImgFlag>2</EpImgFlag>
  <EpisodeName>The Beautiful Girls</EpisodeName>
  <EpisodeNumber>9</EpisodeNumber>
  <FirstAired>2010-09-19</FirstAired>
  <GuestStars>Cara Buono|Zosia Mamet|David Warshofsky|Charlie Hofheimer|Jay R. Ferguson|Randee Heller|Christopher Gehrman|Grinnell Morris|Beth Hall|Sarah Benoit|</GuestStars>
  <IMDB_ID>tt1615668</IMDB_ID>
  <Language>en</Language>
  <Overview>Peggy is forced to face some unpleasant facts about a client's discriminatory business practices. Don and Faye's burgeoning relationship is tested when Sally runs away from home and turns up at the office. Roger tries to rekindle his affair with Joan.</Overview>
  <ProductionCode>409</ProductionCode>
  <Rating>7.5</Rating>
  <RatingCount>60</RatingCount>
  <SeasonNumber>4</SeasonNumber>
  <Writer>Dahvi Waller|Matthew Weiner|</Writer>
  <absolute_number>48</absolute_number>
  <filename>episodes/80337/2686361.jpg</filename>
  <lastupdated>1356682881</lastupdated>
  <seasonid>233601</seasonid>
  <seriesid>80337</seriesid>
</Episode>
<Episode>
  <id>2686371</id>
  <Combined_episodenumber>10</Combined_episodenumber>
  <Combined_season>4</Combined_season>
  <DVD_chapter></DVD_chapter>
  <DVD_discid></DVD_discid>
  <DVD_episodenumber></DVD_episodenumber>
  <DVD_season></DVD_season>
  <Director>Lynn Shelton</Director>
  <EpImgFlag>2</EpImgFlag>
  <EpisodeName>Hands and Knees</EpisodeName>
  <EpisodeNumber>10</EpisodeNumber>
  <FirstAired>2010-09-26</FirstAired>
  <GuestStars>Cara Buono|Darren Pettie|Jack Laufer|Naturi Naughton|William Morgan Sheppard|JD Cullum|Casey Sander|Ray Proscia|Rob Nagle|Jim Jansen|</GuestStars>
  <IMDB_ID>tt1615657</IMDB_ID>
  <Language>en</Language>
  <Overview>An unannounced visitor at the Francis home rattles Betty.
</Overview>
  <ProductionCode>410</ProductionCode>
  <Rating>7.6</Rating>
  <RatingCount>53</RatingCount>
  <SeasonNumber>4</SeasonNumber>
  <Writer>Jonathan Abrahams|Matthew Weiner|</Writer>
  <absolute_number>49</absolute_number>
  <filename>episodes/80337/2686371.jpg</filename>
  <lastupdated>1356682899</lastupdated>
  <seasonid>233601</seasonid>
  <seriesid>80337</seriesid>
</Episode>
<Episode>
  <id>2879831</id>
  <Combined_episodenumber>11</Combined_episodenumber>
  <Combined_season>4</Combined_season>
  <DVD_chapter></DVD_chapter>
  <DVD_discid></DVD_discid>
  <DVD_episodenumber></DVD_episodenumber>
  <DVD_season></DVD_season>
  <Director>Phil Abraham</Director>
  <EpImgFlag>2</EpImgFlag>
  <EpisodeName>Chinese Wall</EpisodeName>
  <EpisodeNumber>11</EpisodeNumber>
  <FirstAired>2010-10-03</FirstAired>
  <GuestStars>Joel Murray|Ray Wise|Cara Buono|Jay R. Ferguson|Danny Strong|Charlie Hofheimer|Peyton List|Zosia Mamet|Kevin Rahm|Joe O'Connor|Sheila Shaw|Tommy Dewey|Larisa Oleynik|John Hartmann|Randy Thompson|Bradford English|Dale Waddington|Mark Colson|Chad Hall|</GuestStars>
  <IMDB_ID>tt1615658</IMDB_ID>
  <Language>en</Language>
  <Overview>Sterling Cooper Draper Price employees resort to scuttlebutt after an agency wide meeting is called.</Overview>
  <ProductionCode>411</ProductionCode>
  <Rating>7.5</Rating>
  <RatingCount>55</RatingCount>
  <SeasonNumber>4</SeasonNumber>
  <Writer>Erin Levy</Writer>
  <absolute_number>50</absolute_number>
  <filename>episodes/80337/2879831.jpg</filename>
  <lastupdated>1356682906</lastupdated>
  <seasonid>233601</seasonid>
  <seriesid>80337</seriesid>
</Episode>
<Episode>
  <id>2922451</id>
  <Combined_episodenumber>12</Combined_episodenumber>
  <Combined_season>4</Combined_season>
  <DVD_chapter></DVD_chapter>
  <DVD_discid></DVD_discid>
  <DVD_episodenumber></DVD_episodenumber>
  <DVD_season></DVD_season>
  <Director>John Slattery</Director>
  <EpImgFlag>2</EpImgFlag>
  <EpisodeName>Blowing Smoke</EpisodeName>
  <EpisodeNumber>12</EpisodeNumber>
  <FirstAired>2010-10-10</FirstAired>
  <GuestStars>Rosemarie DeWitt|Cara Buono|Jay R. Ferguson|Danny Strong|John Aylward|Kevin Rahm|John Ales|Brian Elerding|Patricia Bethune|John Sloman|Marten Holden Weiner|</GuestStars>
  <IMDB_ID>tt1615659</IMDB_ID>
  <Language>en</Language>
  <Overview>In the midst of a crisis, Don runs into an old friend.</Overview>
  <ProductionCode>412</ProductionCode>
  <Rating>7.5</Rating>
  <RatingCount>61</RatingCount>
  <SeasonNumber>4</SeasonNumber>
  <Writer>Andre Jacquemetton|Maria Jacquemetton|</Writer>
  <absolute_number>51</absolute_number>
  <filename>episodes/80337/2922451.jpg</filename>
  <lastupdated>1356682920</lastupdated>
  <seasonid>233601</seasonid>
  <seriesid>80337</seriesid>
</Episode>
<Episode>
  <id>2922461</id>
  <Combined_episodenumber>13</Combined_episodenumber>
  <Combined_season>4</Combined_season>
  <DVD_chapter></DVD_chapter>
  <DVD_discid></DVD_discid>
  <DVD_episodenumber></DVD_episodenumber>
  <DVD_season></DVD_season>
  <Director>Matthew Weiner</Director>
  <EpImgFlag>2</EpImgFlag>
  <EpisodeName>Tomorrowland</EpisodeName>
  <EpisodeNumber>13</EpisodeNumber>
  <FirstAired>2010-10-17</FirstAired>
  <GuestStars>Deborah Lacey|Sam Page|Lawrence Pressman|Cara Buono|Zosia Mamet|Jack Laufer|Jon Manfrellotti|Caity Lotz|Cassandra Jean|Jay Seals|Marten Holden Weiner|Barbara Brownell|Kim Poirier|</GuestStars>
  <IMDB_ID>tt1615660</IMDB_ID>
  <Language>en</Language>
  <Overview>Don and Peggy are faced with life-altering decisions</Overview>
  <ProductionCode>413</ProductionCode>
  <Rating>7.8</Rating>
  <RatingCount>52</RatingCount>
  <SeasonNumber>4</SeasonNumber>
  <Writer>Jonathan Igla|Matthew Weiner|</Writer>
  <absolute_number>52</absolute_number>
  <filename>episodes/80337/2922461.jpg</filename>
  <lastupdated>1356682931</lastupdated>
  <seasonid>233601</seasonid>
  <seriesid>80337</seriesid>
</Episode>
<Episode>
  <id>4168172</id>
  <Combined_episodenumber>1</Combined_episodenumber>
  <Combined_season>5</Combined_season>
  <DVD_chapter></DVD_chapter>
  <DVD_discid></DVD_discid>
  <DVD_episodenumber></DVD_episodenumber>
  <DVD_season></DVD_season>
  <Director>Jennifer Getzinger</Director>
  <EpImgFlag>2</EpImgFlag>
  <EpisodeName>A Little Kiss (1)</EpisodeName>
  <EpisodeNumber>1</EpisodeNumber>
  <FirstAired>2012-03-25</FirstAired>
  <GuestStars>Peyton List|Embeth Davidtz|Charlie Hofheimer|Larisa Oleynik|Jack Laufer|Christine Estabrook|John Sloman|Matt Riedy|Jeff Clarke|Beth Hall|Alexandra Ella|Irving Green|Meghan Bradley|Taylor Emerson|Steven Lee Allen|Devin Skrade|Dominic Dierkes|</GuestStars>
  <IMDB_ID>tt2048448</IMDB_ID>
  <Language>en</Language>
  <Overview>For the Draper family, life has changed. The children must adapt to a new home, a new brother, and a new stepmother. Don seems to have everything a man could want. However, Megan, still employed at the agency, has difficulty interpreting Don's expectations for a sex kitten at home and a prim and proper employee at the office.</Overview>
  <ProductionCode></ProductionCode>
  <Rating>7.6</Rating>
  <RatingCount>39</RatingCount>
  <SeasonNumber>5</SeasonNumber>
  <Writer>Matthew Weiner</Writer>
  <absolute_number>53</absolute_number>
  <filename>episodes/80337/4168172.jpg</filename>
  <lastupdated>1356683009</lastupdated>
  <seasonid>474048</seasonid>
  <seriesid>80337</seriesid>
</Episode>
<Episode>
  <id>4256954</id>
  <Combined_episodenumber>2</Combined_episodenumber>
  <Combined_season>5</Combined_season>
  <DVD_chapter></DVD_chapter>
  <DVD_discid></DVD_discid>
  <DVD_episodenumber></DVD_episodenumber>
  <DVD_season></DVD_season>
  <Director>Jennifer Getzinger</Director>
  <EpImgFlag>2</EpImgFlag>
  <EpisodeName>A Little Kiss (2)</EpisodeName>
  <EpisodeNumber>2</EpisodeNumber>
  <FirstAired>2012-03-25</FirstAired>
  <GuestStars>Peyton List|Embeth Davidtz|Christine Estabrook|Jeff Clarke|Brian Scolaro|Beth Hall|Alexandra Ella|Stephanie Drake|</GuestStars>
  <IMDB_ID>tt2049168</IMDB_ID>
  <Language>en</Language>
  <Overview>Don and Megan work out some of their issues, Roger and Pete butt heads, and Joan has a run-in with a house guest.</Overview>
  <ProductionCode></ProductionCode>
  <Rating>7.8</Rating>
  <RatingCount>11</RatingCount>
  <SeasonNumber>5</SeasonNumber>
  <Writer>Matthew Weiner</Writer>
  <absolute_number>54</absolute_number>
  <filename>episodes/80337/4256954.jpg</filename>
  <lastupdated>1356683019</lastupdated>
  <seasonid>474048</seasonid>
  <seriesid>80337</seriesid>
</Episode>
<Episode>
  <id>4284542</id>
  <Combined_episodenumber>3</Combined_episodenumber>
  <Combined_season>5</Combined_season>
  <DVD_chapter></DVD_chapter>
  <DVD_discid></DVD_discid>
  <DVD_episodenumber></DVD_episodenumber>
  <DVD_season></DVD_season>
  <Director>Jon Hamm</Director>
  <EpImgFlag>2</EpImgFlag>
  <EpisodeName>Tea Leaves</EpisodeName>
  <EpisodeNumber>3</EpisodeNumber>
  <FirstAired>2012-04-01</FirstAired>
  <GuestStars>John Sloman|Teyonah Parris|Ben Feldman|Pamela Dunlap|Adria Tennor|Robin Pearson Rose|Stephen Mendel|Hayley McFarland|Ken Barnett|</GuestStars>
  <IMDB_ID>tt2049169</IMDB_ID>
  <Language>en</Language>
  <Overview>As Sterling Cooper Draper Pryce tries to build upon its current business, Peggy is given new responsibility. Don and Harry indulge a client. Betty contemplates her mortality after seeing a doctor.</Overview>
  <ProductionCode></ProductionCode>
  <Rating>7.8</Rating>
  <RatingCount>43</RatingCount>
  <SeasonNumber>5</SeasonNumber>
  <Writer>Erin Levy|Matthew Weiner|</Writer>
  <absolute_number>55</absolute_number>
  <filename>episodes/80337/4284542.jpg</filename>
  <lastupdated>1356683025</lastupdated>
  <seasonid>474048</seasonid>
  <seriesid>80337</seriesid>
</Episode>
<Episode>
  <id>4284543</id>
  <Combined_episodenumber>4</Combined_episodenumber>
  <Combined_season>5</Combined_season>
  <DVD_chapter></DVD_chapter>
  <DVD_discid></DVD_discid>
  <DVD_episodenumber></DVD_episodenumber>
  <DVD_season></DVD_season>
  <Director>Matt Shakman</Director>
  <EpImgFlag>2</EpImgFlag>
  <EpisodeName>Mystery Date</EpisodeName>
  <EpisodeNumber>4</EpisodeNumber>
  <FirstAired>2012-04-08</FirstAired>
  <GuestStars>Teyonah Parris|Ben Feldman|Sam Page|Christine Estabrook|Pamela Dunlap|Zosia Mamet|Alyson Reed|Lou Richards|Mädchen Amick|Stephanie Drake|Matt Biedel|</GuestStars>
  <IMDB_ID>tt2049170</IMDB_ID>
  <Language>en</Language>
  <Overview>Don has an encounter with someone from the past. Meanwhile, Roger increases Peggy's workload, and Joan comes to a momentous decision.</Overview>
  <ProductionCode></ProductionCode>
  <Rating>7.8</Rating>
  <RatingCount>45</RatingCount>
  <SeasonNumber>5</SeasonNumber>
  <Writer>Victor Levin|Matthew Weiner|</Writer>
  <absolute_number>56</absolute_number>
  <filename>episodes/80337/4284543.jpg</filename>
  <lastupdated>1356683030</lastupdated>
  <seasonid>474048</seasonid>
  <seriesid>80337</seriesid>
</Episode>
<Episode>
  <id>4284544</id>
  <Combined_episodenumber>5</Combined_episodenumber>
  <Combined_season>5</Combined_season>
  <DVD_chapter></DVD_chapter>
  <DVD_discid></DVD_discid>
  <DVD_episodenumber></DVD_episodenumber>
  <DVD_season></DVD_season>
  <Director>John Slattery</Director>
  <EpImgFlag>2</EpImgFlag>
  <EpisodeName>Signal 30</EpisodeName>
  <EpisodeNumber>5</EpisodeNumber>
  <FirstAired>2012-04-15</FirstAired>
  <GuestStars>Embeth Davidtz|Teyonah Parris|Larisa Oleynik|David Hunt|Amanda Bauer|Parker Young|Cherilyn Wilson|Eve Gordon|</GuestStars>
  <IMDB_ID>tt2049171</IMDB_ID>
  <Language>en</Language>
  <Overview>Lane attempts to land an account with Jaguar Cars, leading to a altercation with Pete. Pete and Trudy host a dinner party in the suburbs.</Overview>
  <ProductionCode></ProductionCode>
  <Rating>8.0</Rating>
  <RatingCount>49</RatingCount>
  <SeasonNumber>5</SeasonNumber>
  <Writer>Frank Pierson|Matthew Weiner|</Writer>
  <absolute_number>57</absolute_number>
  <filename>episodes/80337/4284544.jpg</filename>
  <lastupdated>1356683036</lastupdated>
  <seasonid>474048</seasonid>
  <seriesid>80337</seriesid>
</Episode>
<Episode>
  <id>4284545</id>
  <Combined_episodenumber>6</Combined_episodenumber>
  <Combined_season>5</Combined_season>
  <DVD_chapter></DVD_chapter>
  <DVD_discid></DVD_discid>
  <DVD_episodenumber></DVD_episodenumber>
  <DVD_season></DVD_season>
  <Director>Scott Hornbacher</Director>
  <EpImgFlag>2</EpImgFlag>
  <EpisodeName>Far Away Places</EpisodeName>
  <EpisodeNumber>6</EpisodeNumber>
  <FirstAired>2012-04-22</FirstAired>
  <GuestStars>Ben Feldman|Charlie Hofheimer|Teyonah Parris|Stephen Mendel|John Sloman|Tony Pasqualini|Bess Armstrong|Tom Beyer|Lisa K. Wyatt|Greg Allan Martin|Kristen Miller|Keith Allan|</GuestStars>
  <IMDB_ID>tt2049172</IMDB_ID>
  <Language>en</Language>
  <Overview>Peggy has a tough time during a particularly formidable pitch. Don calls on a potential client. Roger and Jane have an experience with LSD.</Overview>
  <ProductionCode></ProductionCode>
  <Rating>7.5</Rating>
  <RatingCount>47</RatingCount>
  <SeasonNumber>5</SeasonNumber>
  <Writer>Semi Chellas|Matthew Weiner|</Writer>
  <absolute_number>58</absolute_number>
  <filename>episodes/80337/4284545.jpg</filename>
  <lastupdated>1356683042</lastupdated>
  <seasonid>474048</seasonid>
  <seriesid>80337</seriesid>
</Episode>
<Episode>
  <id>4284546</id>
  <Combined_episodenumber>7</Combined_episodenumber>
  <Combined_season>5</Combined_season>
  <DVD_chapter></DVD_chapter>
  <DVD_discid></DVD_discid>
  <DVD_episodenumber></DVD_episodenumber>
  <DVD_season></DVD_season>
  <Director>Michael Uppendahl</Director>
  <EpImgFlag>2</EpImgFlag>
  <EpisodeName>At the Codfish Ball</EpisodeName>
  <EpisodeNumber>7</EpisodeNumber>
  <FirstAired>2012-04-29</FirstAired>
  <GuestStars>Talia Balsam|Julia Ormond|Ronald Guttman|Charlie Hofheimer|Ben Feldman|Myra Turley|Pamela Dunlap|Ray Wise|John Sloman|Robin Pearson Rose|Larisa Oleynik|Marten Holden Weiner|</GuestStars>
  <IMDB_ID>tt2049173</IMDB_ID>
  <Language>en</Language>
  <Overview>Don is honored at a banquet for the American Cancer Society, but finds his professional reputation has been damaged. Sally lends a hand to a relative. Megan's parents come to visit from Canada.</Overview>
  <ProductionCode></ProductionCode>
  <Rating>7.8</Rating>
  <RatingCount>45</RatingCount>
  <SeasonNumber>5</SeasonNumber>
  <Writer>Jonathan Igla</Writer>
  <absolute_number>59</absolute_number>
  <filename>episodes/80337/4284546.jpg</filename>
  <lastupdated>1365086809</lastupdated>
  <seasonid>474048</seasonid>
  <seriesid>80337</seriesid>
</Episode>
<Episode>
  <id>4292722</id>
  <Combined_episodenumber>8</Combined_episodenumber>
  <Combined_season>5</Combined_season>
  <DVD_chapter></DVD_chapter>
  <DVD_discid></DVD_discid>
  <DVD_episodenumber></DVD_episodenumber>
  <DVD_season></DVD_season>
  <Director>Phil Abraham</Director>
  <EpImgFlag>2</EpImgFlag>
  <EpisodeName>Lady Lazarus</EpisodeName>
  <EpisodeNumber>8</EpisodeNumber>
  <FirstAired>2012-05-06</FirstAired>
  <GuestStars>Alexis Bledel|Ben Feldman|Teyonah Parris|Jeff Clarke|Dennis Haskins|Jordan Feldman|Doug Tompos|James Sharpe|Molly Hawkey|</GuestStars>
  <IMDB_ID>tt2049174</IMDB_ID>
  <Language>en</Language>
  <Overview>Megan has second thoughts about her future at Sterling, Cooper, Draper, Pryce. Peggy lashes out when she's inadvertently put in the uncomfortable position of having to lie. Pete's effort to protect an acquaintance doesn't turn out quite like he expected.</Overview>
  <ProductionCode></ProductionCode>
  <Rating>7.5</Rating>
  <RatingCount>42</RatingCount>
  <SeasonNumber>5</SeasonNumber>
  <Writer>Matthew Weiner</Writer>
  <absolute_number>60</absolute_number>
  <filename>episodes/80337/4292722.jpg</filename>
  <lastupdated>1356683059</lastupdated>
  <seasonid>474048</seasonid>
  <seriesid>80337</seriesid>
</Episode>
<Episode>
  <id>4292723</id>
  <Combined_episodenumber>9</Combined_episodenumber>
  <Combined_season>5</Combined_season>
  <DVD_chapter></DVD_chapter>
  <DVD_discid></DVD_discid>
  <DVD_episodenumber></DVD_episodenumber>
  <DVD_season></DVD_season>
  <Director>Scott Hornbacher</Director>
  <EpImgFlag>2</EpImgFlag>
  <EpisodeName>Dark Shadows</EpisodeName>
  <EpisodeNumber>9</EpisodeNumber>
  <FirstAired>2012-05-13</FirstAired>
  <GuestStars>Peyton List|Alexis Bledel|Richard Fancy|Kate McNeil|Ben Feldman|Jeff Clarke|Mark Famiglietti|Eileen Barnett|Meghan Bradley|Gabrielle Wagner|</GuestStars>
  <IMDB_ID>tt2049175</IMDB_ID>
  <Language>en</Language>
  <Overview>Don attempts to regain his creative spark, but undermines a member of his staff while doing so. Roger pursues some new clients, and in the process, hurts Jane. Betty displays her pettiness when she reveals a distressing secret to Sally.</Overview>
  <ProductionCode></ProductionCode>
  <Rating>7.6</Rating>
  <RatingCount>38</RatingCount>
  <SeasonNumber>5</SeasonNumber>
  <Writer>Erin Levy</Writer>
  <absolute_number>61</absolute_number>
  <filename>episodes/80337/4292723.jpg</filename>
  <lastupdated>1365086863</lastupdated>
  <seasonid>474048</seasonid>
  <seriesid>80337</seriesid>
</Episode>
<Episode>
  <id>4292724</id>
  <Combined_episodenumber>10</Combined_episodenumber>
  <Combined_season>5</Combined_season>
  <DVD_chapter></DVD_chapter>
  <DVD_discid></DVD_discid>
  <DVD_episodenumber></DVD_episodenumber>
  <DVD_season></DVD_season>
  <Director>Phil Abraham</Director>
  <EpImgFlag>2</EpImgFlag>
  <EpisodeName>Christmas Waltz</EpisodeName>
  <EpisodeNumber>10</EpisodeNumber>
  <FirstAired>2012-05-20</FirstAired>
  <GuestStars>Embeth Davidtz|Teyonah Parris|Ben Feldman|Anna Wood|Nicholas Guest|James DuMont|Mitchell Fink|Beth Hall|Sadie Alexandru|Stephanie Drake|</GuestStars>
  <IMDB_ID>tt2049164</IMDB_ID>
  <Language>en</Language>
  <Overview>Harry finds himself in an uncomfortable position after reconnecting with Paul Kinsey who has joined the Hare Krishnas. Lane takes drastic and unethical measures to get out of financial trouble. Don spends an afternoon with Joan to get her mind off her marital problems.</Overview>
  <ProductionCode></ProductionCode>
  <Rating>7.7</Rating>
  <RatingCount>38</RatingCount>
  <SeasonNumber>5</SeasonNumber>
  <Writer>Semi Chellas|Matthew Weiner|</Writer>
  <absolute_number>62</absolute_number>
  <filename>episodes/80337/4292724.jpg</filename>
  <lastupdated>1365086899</lastupdated>
  <seasonid>474048</seasonid>
  <seriesid>80337</seriesid>
</Episode>
<Episode>
  <id>4292725</id>
  <Combined_episodenumber>11</Combined_episodenumber>
  <Combined_season>5</Combined_season>
  <DVD_chapter></DVD_chapter>
  <DVD_discid></DVD_discid>
  <DVD_episodenumber></DVD_episodenumber>
  <DVD_season></DVD_season>
  <Director>Phil Abraham</Director>
  <EpImgFlag>2</EpImgFlag>
  <EpisodeName>The Other Woman</EpisodeName>
  <EpisodeNumber>11</EpisodeNumber>
  <FirstAired>2012-05-27</FirstAired>
  <GuestStars>Joel Murray|Teyonah Parris|Ben Feldman|Christine Estabrook|Kevin Rahm|Gary Basaraba|Jordan Feldman|Beth Hall|Meghan Bradley|Mark Kelly|Marty Lodge|Brian Elerding|</GuestStars>
  <IMDB_ID>tt2049165</IMDB_ID>
  <Language>en</Language>
  <Overview>Pete asks Joan to make a personal and moral sacrifice to ensure the company lands the Jaguar account. Don becomes furious after learning of the impact Megan's new profession will have on their life. Feeling unappreciated, Peggy attends lunch with Freddy Rumsen, who encourages her to make a move.</Overview>
  <ProductionCode></ProductionCode>
  <Rating>8.0</Rating>
  <RatingCount>37</RatingCount>
  <SeasonNumber>5</SeasonNumber>
  <Writer>Semi Chellas|Matthew Weiner|</Writer>
  <absolute_number>63</absolute_number>
  <filename>episodes/80337/4292725.jpg</filename>
  <lastupdated>1365086920</lastupdated>
  <seasonid>474048</seasonid>
  <seriesid>80337</seriesid>
</Episode>
<Episode>
  <id>4292726</id>
  <Combined_episodenumber>12</Combined_episodenumber>
  <Combined_season>5</Combined_season>
  <DVD_chapter></DVD_chapter>
  <DVD_discid></DVD_discid>
  <DVD_episodenumber></DVD_episodenumber>
  <DVD_season></DVD_season>
  <Director>Chris Manley</Director>
  <EpImgFlag>2</EpImgFlag>
  <EpisodeName>Commissions and Fees</EpisodeName>
  <EpisodeNumber>12</EpisodeNumber>
  <FirstAired>2012-06-03</FirstAired>
  <GuestStars>Embeth Davidtz|Timothy Carhart|Marten Holden Weiner|Ray Wise|Michael Chieffo|Meghan Bradley|Sadie Alexandru|John Knox|Henry Dittman|</GuestStars>
  <IMDB_ID>tt2049166</IMDB_ID>
  <Language>en</Language>
  <Overview>Lane's shameful secret comes to the surface with dire consequences. Don recaptures his hunger for success, and Sally experiences a major milestone.</Overview>
  <ProductionCode></ProductionCode>
  <Rating>7.8</Rating>
  <RatingCount>37</RatingCount>
  <SeasonNumber>5</SeasonNumber>
  <Writer>Andre Jacquemetton|Maria Jacquemetton|</Writer>
  <absolute_number>64</absolute_number>
  <filename>episodes/80337/4292726.jpg</filename>
  <lastupdated>1365086948</lastupdated>
  <seasonid>474048</seasonid>
  <seriesid>80337</seriesid>
</Episode>
<Episode>
  <id>4292727</id>
  <Combined_episodenumber>13</Combined_episodenumber>
  <Combined_season>5</Combined_season>
  <DVD_chapter></DVD_chapter>
  <DVD_discid></DVD_discid>
  <DVD_episodenumber></DVD_episodenumber>
  <DVD_season></DVD_season>
  <Director>Matthew Weiner</Director>
  <EpImgFlag>2</EpImgFlag>
  <EpisodeName>The Phantom</EpisodeName>
  <EpisodeNumber>13</EpisodeNumber>
  <FirstAired>2012-06-10</FirstAired>
  <GuestStars>Julia Ormond|Embeth Davidtz|Alexis Bledel|Jay Paulson|Teyonah Parris|Ben Feldman|Kevin Rahm|Lou Richards|Jeff Clarke|Jon Manfrellotti|Jay Seals|Emily Foxler|James Martin Kelly|Sadie Alexandru|Geoffrey Wade|</GuestStars>
  <IMDB_ID>tt2049167</IMDB_ID>
  <Language>en</Language>
  <Overview>Roger seeks to expand his affair with Megan's mother. Pete has a &quot;last&quot; encounter with Beth with lasting repercussions. Megan struggles to find acting work and asks for Don's help getting an audition. Peggy still seeks Don's approval.</Overview>
  <ProductionCode></ProductionCode>
  <Rating>7.7</Rating>
  <RatingCount>41</RatingCount>
  <SeasonNumber>5</SeasonNumber>
  <Writer>Jonathan Igla|Matthew Weiner|</Writer>
  <absolute_number>65</absolute_number>
  <filename>episodes/80337/4292727.jpg</filename>
  <lastupdated>1365086968</lastupdated>
  <seasonid>474048</seasonid>
  <seriesid>80337</seriesid>
</Episode>
<Episode>
  <id>4542235</id>
  <Combined_episodenumber>0</Combined_episodenumber>
  <Combined_season>6</Combined_season>
  <DVD_chapter></DVD_chapter>
  <DVD_discid></DVD_discid>
  <DVD_episodenumber></DVD_episodenumber>
  <DVD_season></DVD_season>
  <Director></Director>
  <EpImgFlag></EpImgFlag>
  <EpisodeName>A Look at Season 6: Inside Mad Men</EpisodeName>
  <EpisodeNumber>0</EpisodeNumber>
  <FirstAired>2013-03-24</FirstAired>
  <GuestStars></GuestStars>
  <IMDB_ID></IMDB_ID>
  <Language>en</Language>
  <Overview>The cast and creators of Mad Men give some tantalizing information about what's ahead in the 6th Season.</Overview>
  <ProductionCode></ProductionCode>
  <Rating></Rating>
  <RatingCount>0</RatingCount>
  <SeasonNumber>6</SeasonNumber>
  <Writer></Writer>
  <absolute_number></absolute_number>
  <filename></filename>
  <lastupdated>1365414287</lastupdated>
  <seasonid>507584</seasonid>
  <seriesid>80337</seriesid>
</Episode>
<Episode>
  <id>4468357</id>
  <Combined_episodenumber>1</Combined_episodenumber>
  <Combined_season>6</Combined_season>
  <DVD_chapter></DVD_chapter>
  <DVD_discid></DVD_discid>
  <DVD_episodenumber></DVD_episodenumber>
  <DVD_season></DVD_season>
  <Director>Scott Hornbacher</Director>
  <EpImgFlag>2</EpImgFlag>
  <EpisodeName>The Doorway (1)</EpisodeName>
  <EpisodeNumber>1</EpisodeNumber>
  <FirstAired>2013-04-07</FirstAired>
  <GuestStars>Linda Cardellini</GuestStars>
  <IMDB_ID>tt2470504</IMDB_ID>
  <Language>en</Language>
  <Overview>Don spearheads a new campaign, Roger gets some unsettling news, and Betty takes in a houseguest.</Overview>
  <ProductionCode></ProductionCode>
  <Rating>7.6</Rating>
  <RatingCount>9</RatingCount>
  <SeasonNumber>6</SeasonNumber>
  <Writer>Matthew Weiner</Writer>
  <absolute_number>66</absolute_number>
  <filename>episodes/80337/4468357.jpg</filename>
  <lastupdated>1365515132</lastupdated>
  <seasonid>507584</seasonid>
  <seriesid>80337</seriesid>
</Episode>
<Episode>
  <id>4531385</id>
  <Combined_episodenumber>2</Combined_episodenumber>
  <Combined_season>6</Combined_season>
  <DVD_chapter></DVD_chapter>
  <DVD_discid></DVD_discid>
  <DVD_episodenumber></DVD_episodenumber>
  <DVD_season></DVD_season>
  <Director>Scott Hornbacher</Director>
  <EpImgFlag>2</EpImgFlag>
  <EpisodeName>The Doorway (2)</EpisodeName>
  <EpisodeNumber>2</EpisodeNumber>
  <FirstAired>2013-04-07</FirstAired>
  <GuestStars>Linda Cardellini</GuestStars>
  <IMDB_ID>tt2649564</IMDB_ID>
  <Language>en</Language>
  <Overview>Don spearheads a new campaign, Roger gets some unsettling news, and Betty takes in a houseguest.</Overview>
  <ProductionCode></ProductionCode>
  <Rating>7.7</Rating>
  <RatingCount>3</RatingCount>
  <SeasonNumber>6</SeasonNumber>
  <Writer>Matthew Weiner</Writer>
  <absolute_number>67</absolute_number>
  <filename>episodes/80337/4531385.jpg</filename>
  <lastupdated>1365514997</lastupdated>
  <seasonid>507584</seasonid>
  <seriesid>80337</seriesid>
</Episode>
<Episode>
  <id>4531386</id>
  <Combined_episodenumber>3</Combined_episodenumber>
  <Combined_season>6</Combined_season>
  <DVD_chapter></DVD_chapter>
  <DVD_discid></DVD_discid>
  <DVD_episodenumber></DVD_episodenumber>
  <DVD_season></DVD_season>
  <Director></Director>
  <EpImgFlag></EpImgFlag>
  <EpisodeName>The Collaborators</EpisodeName>
  <EpisodeNumber>3</EpisodeNumber>
  <FirstAired>2013-04-14</FirstAired>
  <GuestStars></GuestStars>
  <IMDB_ID>tt2551222</IMDB_ID>
  <Language>en</Language>
  <Overview>Don has a disagreement with a client; Pete entertains a guest; Peggy tries to motivate the staff.</Overview>
  <ProductionCode></ProductionCode>
  <Rating></Rating>
  <RatingCount>0</RatingCount>
  <SeasonNumber>6</SeasonNumber>
  <Writer></Writer>
  <absolute_number>68</absolute_number>
  <filename></filename>
  <lastupdated>1365145399</lastupdated>
  <seasonid>507584</seasonid>
  <seriesid>80337</seriesid>
</Episode>
<Episode>
  <id>4531387</id>
  <Combined_episodenumber>4</Combined_episodenumber>
  <Combined_season>6</Combined_season>
  <DVD_chapter></DVD_chapter>
  <DVD_discid></DVD_discid>
  <DVD_episodenumber></DVD_episodenumber>
  <DVD_season></DVD_season>
  <Director></Director>
  <EpImgFlag></EpImgFlag>
  <EpisodeName>To Have and to Hold</EpisodeName>
  <EpisodeNumber>4</EpisodeNumber>
  <FirstAired>2013-04-21</FirstAired>
  <GuestStars></GuestStars>
  <IMDB_ID>tt2560864</IMDB_ID>
  <Language>en</Language>
  <Overview>The partners try to keep a secret campaign under wraps; an old friend visits Joan.</Overview>
  <ProductionCode></ProductionCode>
  <Rating></Rating>
  <RatingCount>0</RatingCount>
  <SeasonNumber>6</SeasonNumber>
  <Writer></Writer>
  <absolute_number>69</absolute_number>
  <filename></filename>
  <lastupdated>1365145415</lastupdated>
  <seasonid>507584</seasonid>
  <seriesid>80337</seriesid>
</Episode>
<Episode>
  <id>4531388</id>
  <Combined_episodenumber>5</Combined_episodenumber>
  <Combined_season>6</Combined_season>
  <DVD_chapter></DVD_chapter>
  <DVD_discid></DVD_discid>
  <DVD_episodenumber></DVD_episodenumber>
  <DVD_season></DVD_season>
  <Director></Director>
  <EpImgFlag></EpImgFlag>
  <EpisodeName>TBA</EpisodeName>
  <EpisodeNumber>5</EpisodeNumber>
  <FirstAired>2013-04-28</FirstAired>
  <GuestStars></GuestStars>
  <IMDB_ID>tt2717848</IMDB_ID>
  <Language>en</Language>
  <Overview></Overview>
  <ProductionCode></ProductionCode>
  <Rating></Rating>
  <RatingCount>0</RatingCount>
  <SeasonNumber>6</SeasonNumber>
  <Writer></Writer>
  <absolute_number>70</absolute_number>
  <filename></filename>
  <lastupdated>1365145432</lastupdated>
  <seasonid>507584</seasonid>
  <seriesid>80337</seriesid>
</Episode>
</Data>