<?xml version="1.0" encoding="UTF-8" ?>
<Actors>
<Actor>
  <id>70982</id>
  <Image>actors/70982.jpg</Image>
  <Name>Jason Isaacs</Name>
  <Role>Michael Caffee</Role>
  <SortOrder>0</SortOrder>
</Actor>
<Actor>
  <id>70987</id>
  <Image>actors/70987.jpg</Image>
  <Name>Jason Clarke</Name>
  <Role>Tommy Caffee</Role>
  <SortOrder>1</SortOrder>
</Actor>
<Actor>
  <id>70989</id>
  <Image>actors/70989.jpg</Image>
  <Name>Ethan Embry</Name>
  <Role>Declan Giggs</Role>
  <SortOrder>3</SortOrder>
</Actor>
<Actor>
  <id>70985</id>
  <Image>actors/70985.jpg</Image>
  <Name>Annabeth Gish</Name>
  <Role>Eileen Caffee</Role>
  <SortOrder>3</SortOrder>
</Actor>
<Actor>
  <id>70984</id>
  <Image>actors/70984.jpg</Image>
  <Name>Fionnula Flanagan</Name>
  <Role>Mary Rose Caffee</Role>
  <SortOrder>3</SortOrder>
</Actor>
<Actor>
  <id>70983</id>
  <Image>actors/70983.jpg</Image>
  <Name>Stivi Paskoski</Name>
  <Role>Pete McGonagle</Role>
  <SortOrder>3</SortOrder>
</Actor>
<Actor>
  <id>70988</id>
  <Image></Image>
  <Name>Fiona Erickson</Name>
  <Role></Role>
  <SortOrder>3</SortOrder>
</Actor>
<Actor>
  <id>70986</id>
  <Image></Image>
  <Name>Kevin Chapman</Name>
  <Role></Role>
  <SortOrder>3</SortOrder>
</Actor>
</Actors>