<?xml version="1.0" encoding="UTF-8" ?>
<Data><Series>
  <id>79356</id>
  <Actors>|Jason Isaacs|Jason Clarke|Ethan Embry|Annabeth Gish|Fionnula Flanagan|Stivi Paskoski|Fiona Erickson|Kevin Chapman|</Actors>
  <Airs_DayOfWeek>Sunday</Airs_DayOfWeek>
  <Airs_Time>10:00 PM</Airs_Time>
  <ContentRating>TV-MA</ContentRating>
  <FirstAired>2006-07-09</FirstAired>
  <Genre>|Action|Adventure|Drama|</Genre>
  <IMDB_ID>tt0457229</IMDB_ID>
  <Language>en</Language>
  <Network>Showtime</Network>
  <NetworkID></NetworkID>
  <Overview>Brotherhood, a Showtime original series, follows the lives of two brothers in the Providence, Rhode Island Irish-American neighborhood known as “The Hill”. The blue-collar neighborhood has roots in old-world ways of street justice and shady dealings. Tommy Caffee (Jason Clarke) is a family man and local politician who is out to protect the community and its best interests. His world is turned around when his gangster brother Mike (Jason Isaacs) returns to “The Hill” to regain control of the seedy underworld.</Overview>
  <Rating>8.6</Rating>
  <RatingCount>16</RatingCount>
  <Runtime>60</Runtime>
  <SeriesID>59747</SeriesID>
  <SeriesName>Brotherhood</SeriesName>
  <Status>Ended</Status>
  <added></added>
  <addedBy></addedBy>
  <banner>graphical/79356-g.jpg</banner>
  <fanart>fanart/original/79356-1.jpg</fanart>
  <lastupdated>1362719071</lastupdated>
  <poster>posters/79356-3.jpg</poster>
  <zap2it_id>EP00830603</zap2it_id>
</Series>
<Episode>
  <id>308649</id>
  <Combined_episodenumber>1</Combined_episodenumber>
  <Combined_season>1</Combined_season>
  <DVD_chapter></DVD_chapter>
  <DVD_discid></DVD_discid>
  <DVD_episodenumber></DVD_episodenumber>
  <DVD_season></DVD_season>
  <Director>Phillip Noyce</Director>
  <EpImgFlag>2</EpImgFlag>
  <EpisodeName>Mark 8:36</EpisodeName>
  <EpisodeNumber>1</EpisodeNumber>
  <FirstAired>2006-07-09</FirstAired>
  <GuestStars>|Bates Wilder| Brian Scannell| Scottie Thompson| Al Sapienza| Osmani Rodriguez| Frank  Ridley| Jonno Roberts| Loy Lee| Anthony  Estrella| Karl Bury| T. Bruce Page| Kerry O'Malley| Tom Kemp| Madison Garland| Rose Weaver| Denise Ryland| Anne Reeder| Porell John| Peg Holzemer| William Decoff| Miles Herter| Janice Duclose| Elizabeth Dann| Tim Crowe| David Catanzaro| Mark Anthony Brown| James Milord| Audrie Neenan| Eric LaRay Harvey| Kailey Gilbert| Tony Viveiros| Lonnie Farmer| Billy Smith| Scott William Winters| Rob Campbell|</GuestStars>
  <IMDB_ID></IMDB_ID>
  <Language>en</Language>
  <Overview>Local politician Tommy Caffee's life gets complicated when his gangster brother returns home to Providence.
</Overview>
  <ProductionCode>1-01</ProductionCode>
  <Rating>8.7</Rating>
  <RatingCount>3</RatingCount>
  <SeasonNumber>1</SeasonNumber>
  <Writer>Blake Masters</Writer>
  <absolute_number></absolute_number>
  <filename>episodes/79356/308649.jpg</filename>
  <lastupdated>1239699318</lastupdated>
  <seasonid>16404</seasonid>
  <seriesid>79356</seriesid>
</Episode>
<Episode>
  <id>308650</id>
  <Combined_episodenumber>2</Combined_episodenumber>
  <Combined_season>1</Combined_season>
  <DVD_chapter></DVD_chapter>
  <DVD_discid></DVD_discid>
  <DVD_episodenumber></DVD_episodenumber>
  <DVD_season></DVD_season>
  <Director>Ed Bianchi</Director>
  <EpImgFlag>2</EpImgFlag>
  <EpisodeName>Genesis 27:29</EpisodeName>
  <EpisodeNumber>2</EpisodeNumber>
  <FirstAired>2006-07-16</FirstAired>
  <GuestStars>|Dana Eskelson| Scottie Thompson| Gloria Crist| Lewis D Wheeler| Gary Galone|</GuestStars>
  <IMDB_ID></IMDB_ID>
  <Language>en</Language>
  <Overview>Michael plays a game of Russian roulette with the mentally challenged brother of a neighborhood store he wants to take over.  Tommy is working on keeping a highway spur from going through the hill by wheeling and dealing behind the scenes.  Eileen gets some upsetting news at the doctor's office.
</Overview>
  <ProductionCode>1-02</ProductionCode>
  <Rating>7.5</Rating>
  <RatingCount>4</RatingCount>
  <SeasonNumber>1</SeasonNumber>
  <Writer>Henry Bromell</Writer>
  <absolute_number></absolute_number>
  <filename>episodes/79356/308650.jpg</filename>
  <lastupdated>1239699362</lastupdated>
  <seasonid>16404</seasonid>
  <seriesid>79356</seriesid>
</Episode>
<Episode>
  <id>308651</id>
  <Combined_episodenumber>3</Combined_episodenumber>
  <Combined_season>1</Combined_season>
  <DVD_chapter></DVD_chapter>
  <DVD_discid></DVD_discid>
  <DVD_episodenumber></DVD_episodenumber>
  <DVD_season></DVD_season>
  <Director>Jean de Segonzac</Director>
  <EpImgFlag>2</EpImgFlag>
  <EpisodeName>Matthew 13:57</EpisodeName>
  <EpisodeNumber>3</EpisodeNumber>
  <FirstAired>2006-07-23</FirstAired>
  <GuestStars>|Lewis D Wheeler| Richard Tobin Junior|</GuestStars>
  <IMDB_ID></IMDB_ID>
  <Language>en</Language>
  <Overview>Tommy must help settle a garbage strike.  Michael tries to recruit for his crew.  Eileen's boyfriend misses their time together.
</Overview>
  <ProductionCode>1-03</ProductionCode>
  <Rating>7.5</Rating>
  <RatingCount>4</RatingCount>
  <SeasonNumber>1</SeasonNumber>
  <Writer>Dawn Prestwich, Nicole Yorkin</Writer>
  <absolute_number></absolute_number>
  <filename>episodes/79356/308651.jpg</filename>
  <lastupdated>1239699408</lastupdated>
  <seasonid>16404</seasonid>
  <seriesid>79356</seriesid>
</Episode>
<Episode>
  <id>308652</id>
  <Combined_episodenumber>4</Combined_episodenumber>
  <Combined_season>1</Combined_season>
  <DVD_chapter></DVD_chapter>
  <DVD_discid></DVD_discid>
  <DVD_episodenumber></DVD_episodenumber>
  <DVD_season></DVD_season>
  <Director>Ed Bianchi</Director>
  <EpImgFlag>2</EpImgFlag>
  <EpisodeName>Matthew 5:6</EpisodeName>
  <EpisodeNumber>4</EpisodeNumber>
  <FirstAired>2006-07-30</FirstAired>
  <GuestStars>|Robert Mason| Scottie Thompson| Lewis D Wheeler| Julie  McNiven| Armen Garo| Gary Galone| Anthony  Estrella|</GuestStars>
  <IMDB_ID></IMDB_ID>
  <Language>en</Language>
  <Overview>The Caffee's Sunday dinner is interrupted by  Treasury Agents looking for the conterfeit money.  Michael takes care of the guy who &quot;ratted&quot; him out and Tommy looks to the speaker for help on a bill that will help his real estate deal.
</Overview>
  <ProductionCode>1-04</ProductionCode>
  <Rating>7.8</Rating>
  <RatingCount>6</RatingCount>
  <SeasonNumber>1</SeasonNumber>
  <Writer>Blake Masters</Writer>
  <absolute_number></absolute_number>
  <filename>episodes/79356/308652.jpg</filename>
  <lastupdated>1239699442</lastupdated>
  <seasonid>16404</seasonid>
  <seriesid>79356</seriesid>
</Episode>
<Episode>
  <id>308653</id>
  <Combined_episodenumber>5</Combined_episodenumber>
  <Combined_season>1</Combined_season>
  <DVD_chapter></DVD_chapter>
  <DVD_discid></DVD_discid>
  <DVD_episodenumber></DVD_episodenumber>
  <DVD_season></DVD_season>
  <Director>Steve Shill</Director>
  <EpImgFlag>2</EpImgFlag>
  <EpisodeName>Matthew 12:25</EpisodeName>
  <EpisodeNumber>5</EpisodeNumber>
  <FirstAired>2006-08-06</FirstAired>
  <GuestStars>|Robert Mason| Aaron J. Patton| Mark Margolis| Scottie Thompson|</GuestStars>
  <IMDB_ID></IMDB_ID>
  <Language>en</Language>
  <Overview>Tommy sees an opportunity to make some money when the governor asks him to introduce a bill that would create jobs on the hill but would also tear down some houses.  Michael deals with Armenian drug dealers working out of a local bar.  Rose fights back when they want to lay off 25 workers at the mill.
</Overview>
  <ProductionCode>1-05</ProductionCode>
  <Rating>7.3</Rating>
  <RatingCount>3</RatingCount>
  <SeasonNumber>1</SeasonNumber>
  <Writer>Henry Bromell</Writer>
  <absolute_number></absolute_number>
  <filename>episodes/79356/308653.jpg</filename>
  <lastupdated>1239699474</lastupdated>
  <seasonid>16404</seasonid>
  <seriesid>79356</seriesid>
</Episode>
<Episode>
  <id>308654</id>
  <Combined_episodenumber>6</Combined_episodenumber>
  <Combined_season>1</Combined_season>
  <DVD_chapter></DVD_chapter>
  <DVD_discid></DVD_discid>
  <DVD_episodenumber></DVD_episodenumber>
  <DVD_season></DVD_season>
  <Director>Leslie Libman</Director>
  <EpImgFlag>2</EpImgFlag>
  <EpisodeName>Samyutta 11.10</EpisodeName>
  <EpisodeNumber>6</EpisodeNumber>
  <FirstAired>2006-08-13</FirstAired>
  <GuestStars>|David Conley| Gloria Crist|</GuestStars>
  <IMDB_ID></IMDB_ID>
  <Language>en</Language>
  <Overview>Michael helps out Declan's partner.  Tommy sees a way to fix his zoning problems by helping a black minister.
</Overview>
  <ProductionCode>1-06</ProductionCode>
  <Rating>7.8</Rating>
  <RatingCount>5</RatingCount>
  <SeasonNumber>1</SeasonNumber>
  <Writer>Dawn Prestwich, Nicole Yorkin</Writer>
  <absolute_number></absolute_number>
  <filename>episodes/79356/308654.jpg</filename>
  <lastupdated>1239699502</lastupdated>
  <seasonid>16404</seasonid>
  <seriesid>79356</seriesid>
</Episode>
<Episode>
  <id>308655</id>
  <Combined_episodenumber>7</Combined_episodenumber>
  <Combined_season>1</Combined_season>
  <DVD_chapter></DVD_chapter>
  <DVD_discid></DVD_discid>
  <DVD_episodenumber></DVD_episodenumber>
  <DVD_season></DVD_season>
  <Director>Steve Shill</Director>
  <EpImgFlag>2</EpImgFlag>
  <EpisodeName>Genesis 27:39</EpisodeName>
  <EpisodeNumber>7</EpisodeNumber>
  <FirstAired>2006-08-20</FirstAired>
  <GuestStars></GuestStars>
  <IMDB_ID></IMDB_ID>
  <Language>en</Language>
  <Overview>Tommy decides to work with Michael to save a local movie theater.  Rose gets a new job and immediately tires to unionize her co-workers.
</Overview>
  <ProductionCode>1-07</ProductionCode>
  <Rating>7.0</Rating>
  <RatingCount>4</RatingCount>
  <SeasonNumber>1</SeasonNumber>
  <Writer>Blake Masters</Writer>
  <absolute_number></absolute_number>
  <filename>episodes/79356/308655.jpg</filename>
  <lastupdated>1239699532</lastupdated>
  <seasonid>16404</seasonid>
  <seriesid>79356</seriesid>
</Episode>
<Episode>
  <id>308656</id>
  <Combined_episodenumber>8</Combined_episodenumber>
  <Combined_season>1</Combined_season>
  <DVD_chapter></DVD_chapter>
  <DVD_discid></DVD_discid>
  <DVD_episodenumber></DVD_episodenumber>
  <DVD_season></DVD_season>
  <Director>Nick Gomez</Director>
  <EpImgFlag>2</EpImgFlag>
  <EpisodeName>Job 31:5-6</EpisodeName>
  <EpisodeNumber>8</EpisodeNumber>
  <FirstAired>2006-08-27</FirstAired>
  <GuestStars>|Michael Peluso| John Ellison Conlee|</GuestStars>
  <IMDB_ID></IMDB_ID>
  <Language>en</Language>
  <Overview>Rose plans a surprise birthday part for Michael.  Tommy decides to play dirty to be the majority leader.
</Overview>
  <ProductionCode>1-08</ProductionCode>
  <Rating>7.2</Rating>
  <RatingCount>5</RatingCount>
  <SeasonNumber>1</SeasonNumber>
  <Writer>Henry Bromell</Writer>
  <absolute_number></absolute_number>
  <filename>episodes/79356/308656.jpg</filename>
  <lastupdated>1239699560</lastupdated>
  <seasonid>16404</seasonid>
  <seriesid>79356</seriesid>
</Episode>
<Episode>
  <id>308657</id>
  <Combined_episodenumber>9</Combined_episodenumber>
  <Combined_season>1</Combined_season>
  <DVD_chapter></DVD_chapter>
  <DVD_discid></DVD_discid>
  <DVD_episodenumber></DVD_episodenumber>
  <DVD_season></DVD_season>
  <Director>Henry Bromell</Director>
  <EpImgFlag>2</EpImgFlag>
  <EpisodeName>Ecclesiastes 7:2</EpisodeName>
  <EpisodeNumber>9</EpisodeNumber>
  <FirstAired>2006-09-10</FirstAired>
  <GuestStars>|Jonathan  Yvon| Bill  Thorpe|</GuestStars>
  <IMDB_ID></IMDB_ID>
  <Language>en</Language>
  <Overview>A deadly bus crash is caused by a suicide jumper.  The bus was carrying passengers from The Hill back from a Patriots game.  Michael tries to figure out a way to use this to his advantage with Freddie.
</Overview>
  <ProductionCode>1-08</ProductionCode>
  <Rating>7.3</Rating>
  <RatingCount>3</RatingCount>
  <SeasonNumber>1</SeasonNumber>
  <Writer>Blake Masters</Writer>
  <absolute_number></absolute_number>
  <filename>episodes/79356/308657.jpg</filename>
  <lastupdated>1239699589</lastupdated>
  <seasonid>16404</seasonid>
  <seriesid>79356</seriesid>
</Episode>
<Episode>
  <id>308658</id>
  <Combined_episodenumber>10</Combined_episodenumber>
  <Combined_season>1</Combined_season>
  <DVD_chapter></DVD_chapter>
  <DVD_discid></DVD_discid>
  <DVD_episodenumber></DVD_episodenumber>
  <DVD_season></DVD_season>
  <Director>Brian Kirk</Director>
  <EpImgFlag>2</EpImgFlag>
  <EpisodeName>Vivekchaudamani: 51</EpisodeName>
  <EpisodeNumber>10</EpisodeNumber>
  <FirstAired>2006-09-17</FirstAired>
  <GuestStars>|Kevin Conway| Joy Lee| Lynne McCollough| Bob Jaffe|</GuestStars>
  <IMDB_ID></IMDB_ID>
  <Language>en</Language>
  <Overview>When the Caffee's father shows up, he tries to get the boys to help him by threatening to sell the family home.
</Overview>
  <ProductionCode>1-10</ProductionCode>
  <Rating>7.5</Rating>
  <RatingCount>2</RatingCount>
  <SeasonNumber>1</SeasonNumber>
  <Writer>Dawn Prestwich, Nicole Yorkin</Writer>
  <absolute_number></absolute_number>
  <filename>episodes/79356/308658.jpg</filename>
  <lastupdated>1239699632</lastupdated>
  <seasonid>16404</seasonid>
  <seriesid>79356</seriesid>
</Episode>
<Episode>
  <id>308659</id>
  <Combined_episodenumber>11</Combined_episodenumber>
  <Combined_season>1</Combined_season>
  <DVD_chapter></DVD_chapter>
  <DVD_discid></DVD_discid>
  <DVD_episodenumber></DVD_episodenumber>
  <DVD_season></DVD_season>
  <Director>Ed Bianchi</Director>
  <EpImgFlag>2</EpImgFlag>
  <EpisodeName>Matthew 22:10</EpisodeName>
  <EpisodeNumber>11</EpisodeNumber>
  <FirstAired>2006-09-24</FirstAired>
  <GuestStars>|Dana Eskelson| Julie McNiven| Mike Houston|</GuestStars>
  <IMDB_ID></IMDB_ID>
  <Language>en</Language>
  <Overview>A hit is ordered on Michael. Marty Trio works with the FBI to get Freddie by wearing a wire.  Declan thinks his partner might be a dirty cop.
</Overview>
  <ProductionCode>1-11</ProductionCode>
  <Rating>8.0</Rating>
  <RatingCount>2</RatingCount>
  <SeasonNumber>1</SeasonNumber>
  <Writer>Henry Bromell, Blake Masters</Writer>
  <absolute_number></absolute_number>
  <filename>episodes/79356/308659.jpg</filename>
  <lastupdated>1239699661</lastupdated>
  <seasonid>16404</seasonid>
  <seriesid>79356</seriesid>
</Episode>
<Episode>
  <id>337046</id>
  <Combined_episodenumber>1</Combined_episodenumber>
  <Combined_season>2</Combined_season>
  <DVD_chapter></DVD_chapter>
  <DVD_discid></DVD_discid>
  <DVD_episodenumber></DVD_episodenumber>
  <DVD_season></DVD_season>
  <Director>Phillip Noyce</Director>
  <EpImgFlag>2</EpImgFlag>
  <EpisodeName>One Too Many Mornings 3:4-8</EpisodeName>
  <EpisodeNumber>1</EpisodeNumber>
  <FirstAired>2007-09-30</FirstAired>
  <GuestStars></GuestStars>
  <IMDB_ID></IMDB_ID>
  <Language>en</Language>
  <Overview>Tommy outmaneuvers U.S. Attorney Ellis Franklin as he and Eileen struggle to keep up the appearance of a happy marriage. Michael, who has no memory of his attacker at the wedding, tries to re-establish his territory with Freddie and asks Declan to investigate the source of his head injury. Declan spirals out of control as he finds himself shut out at work and at home.</Overview>
  <ProductionCode></ProductionCode>
  <Rating>7.0</Rating>
  <RatingCount>2</RatingCount>
  <SeasonNumber>2</SeasonNumber>
  <Writer>Blake Masters</Writer>
  <absolute_number></absolute_number>
  <filename>episodes/79356/337046.jpg</filename>
  <lastupdated>1221003315</lastupdated>
  <seasonid>28707</seasonid>
  <seriesid>79356</seriesid>
</Episode>
<Episode>
  <id>337047</id>
  <Combined_episodenumber>2</Combined_episodenumber>
  <Combined_season>2</Combined_season>
  <DVD_chapter></DVD_chapter>
  <DVD_discid></DVD_discid>
  <DVD_episodenumber></DVD_episodenumber>
  <DVD_season></DVD_season>
  <Director>Brian Kirk</Director>
  <EpImgFlag>2</EpImgFlag>
  <EpisodeName>Down in the Flood 3: 5-6</EpisodeName>
  <EpisodeNumber>2</EpisodeNumber>
  <FirstAired>2007-10-07</FirstAired>
  <GuestStars></GuestStars>
  <IMDB_ID></IMDB_ID>
  <Language>en</Language>
  <Overview>As Tommy begins his re-election campaign, he turns to his sister, Mary-Kate, rather than Eileen for support. Colin Carr, Tommy and Michael’s estranged Irish cousin, returns to Providence – an event Rose views with deep distrust. Michael and Moe team up for a truck heist while Declan and Cassie have dinner with Cassie’s parents.</Overview>
  <ProductionCode></ProductionCode>
  <Rating>7.0</Rating>
  <RatingCount>1</RatingCount>
  <SeasonNumber>2</SeasonNumber>
  <Writer>Henry Bromell</Writer>
  <absolute_number></absolute_number>
  <filename>episodes/79356/337047.jpg</filename>
  <lastupdated>1221003329</lastupdated>
  <seasonid>28707</seasonid>
  <seriesid>79356</seriesid>
</Episode>
<Episode>
  <id>338613</id>
  <Combined_episodenumber>3</Combined_episodenumber>
  <Combined_season>2</Combined_season>
  <DVD_chapter></DVD_chapter>
  <DVD_discid></DVD_discid>
  <DVD_episodenumber></DVD_episodenumber>
  <DVD_season></DVD_season>
  <Director>Nick Gomez</Director>
  <EpImgFlag>2</EpImgFlag>
  <EpisodeName>The Lonesome Death Of ... 4:7-8</EpisodeName>
  <EpisodeNumber>3</EpisodeNumber>
  <FirstAired>2007-10-14</FirstAired>
  <GuestStars></GuestStars>
  <IMDB_ID></IMDB_ID>
  <Language>en</Language>
  <Overview>Colin helps Michael and Eileen cope with the unexpected death of a friend while Freddie tries to avoid a war with the Italians; Tommy helps smooth things over with the Speaker of the House's mistress.
</Overview>
  <ProductionCode></ProductionCode>
  <Rating>7.0</Rating>
  <RatingCount>1</RatingCount>
  <SeasonNumber>2</SeasonNumber>
  <Writer>Blake Masters</Writer>
  <absolute_number></absolute_number>
  <filename>episodes/79356/338613.jpg</filename>
  <lastupdated>1245345074</lastupdated>
  <seasonid>28707</seasonid>
  <seriesid>79356</seriesid>
</Episode>
<Episode>
  <id>343321</id>
  <Combined_episodenumber>4</Combined_episodenumber>
  <Combined_season>2</Combined_season>
  <DVD_chapter></DVD_chapter>
  <DVD_discid></DVD_discid>
  <DVD_episodenumber></DVD_episodenumber>
  <DVD_season></DVD_season>
  <Director>Henry Bromell</Director>
  <EpImgFlag>2</EpImgFlag>
  <EpisodeName>Not Dark Yet 3:5-6</EpisodeName>
  <EpisodeNumber>4</EpisodeNumber>
  <FirstAired>2007-10-21</FirstAired>
  <GuestStars>Billy Smith|Karl Bury|Kerry O'Malley|Tina Benko|Bates Wilder</GuestStars>
  <IMDB_ID></IMDB_ID>
  <Language>en</Language>
  <Overview>Rose causes problems between Tommy and Michael.  Michael messes up Tommy's real estate deal.  Freddie asks Declan for some help.  Tommy and Dana get closer.</Overview>
  <ProductionCode>2-04</ProductionCode>
  <Rating>8.0</Rating>
  <RatingCount>1</RatingCount>
  <SeasonNumber>2</SeasonNumber>
  <Writer>Henry Bromell</Writer>
  <absolute_number></absolute_number>
  <filename>episodes/79356/343321.jpg</filename>
  <lastupdated>1221003380</lastupdated>
  <seasonid>28707</seasonid>
  <seriesid>79356</seriesid>
</Episode>
<Episode>
  <id>343322</id>
  <Combined_episodenumber>5</Combined_episodenumber>
  <Combined_season>2</Combined_season>
  <DVD_chapter></DVD_chapter>
  <DVD_discid></DVD_discid>
  <DVD_episodenumber></DVD_episodenumber>
  <DVD_season></DVD_season>
  <Director>Ed Bianchi</Director>
  <EpImgFlag>2</EpImgFlag>
  <EpisodeName>Dear Landlord 1:3-4</EpisodeName>
  <EpisodeNumber>5</EpisodeNumber>
  <FirstAired>2007-10-28</FirstAired>
  <GuestStars>Karl Bury|Kerry O'Malley|Matt Servitto|Len Cariou|Billy Smith|Helen Carey|Tina Benko</GuestStars>
  <IMDB_ID></IMDB_ID>
  <Language>en</Language>
  <Overview>Tommy doesn't get support from the usual places while struggling to stay on track.  Michal looks to make some changes in his life.  Colin searches for his father.  Freddie asks Declan for help in finding someone.</Overview>
  <ProductionCode>2-05</ProductionCode>
  <Rating>7.0</Rating>
  <RatingCount>1</RatingCount>
  <SeasonNumber>2</SeasonNumber>
  <Writer>Blake Masters</Writer>
  <absolute_number></absolute_number>
  <filename>episodes/79356/343322.jpg</filename>
  <lastupdated>1221003615</lastupdated>
  <seasonid>28707</seasonid>
  <seriesid>79356</seriesid>
</Episode>
<Episode>
  <id>343323</id>
  <Combined_episodenumber>6</Combined_episodenumber>
  <Combined_season>2</Combined_season>
  <DVD_chapter></DVD_chapter>
  <DVD_discid></DVD_discid>
  <DVD_episodenumber></DVD_episodenumber>
  <DVD_season></DVD_season>
  <Director>Thomas Carter</Director>
  <EpImgFlag>2</EpImgFlag>
  <EpisodeName>True Love Tends to Forget 1:1-4</EpisodeName>
  <EpisodeNumber>6</EpisodeNumber>
  <FirstAired>2007-11-04</FirstAired>
  <GuestStars>Len Cariou|Helen Carey|Tina Benko|Al Sapienza|Billy Smith|Wendy Hoop|Janel Moloney</GuestStars>
  <IMDB_ID></IMDB_ID>
  <Language>en</Language>
  <Overview>Michael goes after more power while he and Kath get ready for their little addition to the family.  Tommy tries to fix the problems in a bad area of The Hill.  Eileen learns from other politicians wives.</Overview>
  <ProductionCode>2-06</ProductionCode>
  <Rating>7.0</Rating>
  <RatingCount>2</RatingCount>
  <SeasonNumber>2</SeasonNumber>
  <Writer>Henry Bromell</Writer>
  <absolute_number></absolute_number>
  <filename>episodes/79356/343323.jpg</filename>
  <lastupdated>1221004026</lastupdated>
  <seasonid>28707</seasonid>
  <seriesid>79356</seriesid>
</Episode>
<Episode>
  <id>343324</id>
  <Combined_episodenumber>7</Combined_episodenumber>
  <Combined_season>2</Combined_season>
  <DVD_chapter></DVD_chapter>
  <DVD_discid></DVD_discid>
  <DVD_episodenumber></DVD_episodenumber>
  <DVD_season></DVD_season>
  <Director>Blake Masters</Director>
  <EpImgFlag>2</EpImgFlag>
  <EpisodeName>Only a Pawn ... 1:7-8</EpisodeName>
  <EpisodeNumber>7</EpisodeNumber>
  <FirstAired>2007-11-10</FirstAired>
  <GuestStars>Janel Moloney|Bates Wilder|Tom Riis Farrell</GuestStars>
  <IMDB_ID></IMDB_ID>
  <Language>en</Language>
  <Overview>Election day is here and Tommy is behind in the early exit polls. Michael goes with a hit man as a favor.  Kath turns to Colin for help and he takes her to an abortion clinic.</Overview>
  <ProductionCode>2-07</ProductionCode>
  <Rating>6.5</Rating>
  <RatingCount>2</RatingCount>
  <SeasonNumber>2</SeasonNumber>
  <Writer>Blake Masters</Writer>
  <absolute_number></absolute_number>
  <filename>episodes/79356/343324.jpg</filename>
  <lastupdated>1221003660</lastupdated>
  <seasonid>28707</seasonid>
  <seriesid>79356</seriesid>
</Episode>
<Episode>
  <id>343325</id>
  <Combined_episodenumber>8</Combined_episodenumber>
  <Combined_season>2</Combined_season>
  <DVD_chapter></DVD_chapter>
  <DVD_discid></DVD_discid>
  <DVD_episodenumber></DVD_episodenumber>
  <DVD_season></DVD_season>
  <Director>Michael Corrente</Director>
  <EpImgFlag>2</EpImgFlag>
  <EpisodeName>Shelter From the Storm 1:1-2</EpisodeName>
  <EpisodeNumber>8</EpisodeNumber>
  <FirstAired>2007-11-18</FirstAired>
  <GuestStars></GuestStars>
  <IMDB_ID></IMDB_ID>
  <Language>en</Language>
  <Overview>Declan gets a new assignment from the FBI.  Eileen is in for a shock when she becomes a volunteer at social services.  Tommy is feeling pressure to become Judd's replacement as chairman of a committee.  Michael and Collin enter a partnership with Nozzoli.</Overview>
  <ProductionCode>2-08</ProductionCode>
  <Rating>7.0</Rating>
  <RatingCount>2</RatingCount>
  <SeasonNumber>2</SeasonNumber>
  <Writer>Henry Bromell</Writer>
  <absolute_number></absolute_number>
  <filename>episodes/79356/343325.jpg</filename>
  <lastupdated>1221003890</lastupdated>
  <seasonid>28707</seasonid>
  <seriesid>79356</seriesid>
</Episode>
<Episode>
  <id>343326</id>
  <Combined_episodenumber>9</Combined_episodenumber>
  <Combined_season>2</Combined_season>
  <DVD_chapter></DVD_chapter>
  <DVD_discid></DVD_discid>
  <DVD_episodenumber></DVD_episodenumber>
  <DVD_season></DVD_season>
  <Director>Alik Sakharov</Director>
  <EpImgFlag>2</EpImgFlag>
  <EpisodeName>Call Letter Blues 1:2-6</EpisodeName>
  <EpisodeNumber>9</EpisodeNumber>
  <FirstAired>2007-11-25</FirstAired>
  <GuestStars></GuestStars>
  <IMDB_ID></IMDB_ID>
  <Language>en</Language>
  <Overview>It's Thanksgiving and Rose is fed up with everyone.  She leaves and they are forced to figure things out on their own.  Freddy and Marty Trio use some information to get a holiday furlough from prison.</Overview>
  <ProductionCode>2-09</ProductionCode>
  <Rating>7.5</Rating>
  <RatingCount>2</RatingCount>
  <SeasonNumber>2</SeasonNumber>
  <Writer>Henry Bromell</Writer>
  <absolute_number></absolute_number>
  <filename>episodes/79356/343326.jpg</filename>
  <lastupdated>1245345128</lastupdated>
  <seasonid>28707</seasonid>
  <seriesid>79356</seriesid>
</Episode>
<Episode>
  <id>344521</id>
  <Combined_episodenumber>10</Combined_episodenumber>
  <Combined_season>2</Combined_season>
  <DVD_chapter></DVD_chapter>
  <DVD_discid></DVD_discid>
  <DVD_episodenumber></DVD_episodenumber>
  <DVD_season></DVD_season>
  <Director>Ed Bianchi</Director>
  <EpImgFlag>2</EpImgFlag>
  <EpisodeName>Things Have Changed 1:7-8</EpisodeName>
  <EpisodeNumber>10</EpisodeNumber>
  <FirstAired>2007-12-02</FirstAired>
  <GuestStars></GuestStars>
  <IMDB_ID></IMDB_ID>
  <Language>en</Language>
  <Overview>Freddie tries to get Nozzoli's help involving Michael.  Tommy goes after the Speaker's chair.  Eileen has had enough and confronts Tommy about his relationship with Dana.  After losing someone close to them Colin and Rose become closer.  The US Attorney's office investigates Freddie's furlough.</Overview>
  <ProductionCode>2-10</ProductionCode>
  <Rating>7.5</Rating>
  <RatingCount>2</RatingCount>
  <SeasonNumber>2</SeasonNumber>
  <Writer>Blake Masters</Writer>
  <absolute_number></absolute_number>
  <filename>episodes/79356/344521.jpg</filename>
  <lastupdated>1245345153</lastupdated>
  <seasonid>28707</seasonid>
  <seriesid>79356</seriesid>
</Episode>
<Episode>
  <id>398502</id>
  <Combined_episodenumber>1</Combined_episodenumber>
  <Combined_season>3</Combined_season>
  <DVD_chapter></DVD_chapter>
  <DVD_discid></DVD_discid>
  <DVD_episodenumber></DVD_episodenumber>
  <DVD_season></DVD_season>
  <Director>Henry Bromell</Director>
  <EpImgFlag>3</EpImgFlag>
  <EpisodeName>Uneasy Lies the Head</EpisodeName>
  <EpisodeNumber>1</EpisodeNumber>
  <FirstAired>2008-11-02</FirstAired>
  <GuestStars></GuestStars>
  <IMDB_ID></IMDB_ID>
  <Language>en</Language>
  <Overview>Unhappy being the speaker's lackey, Tommy explores the possibility of leaving politics. Rose's birthday party attracts both of her feuding sons. Declan is offered an opportunity to investigate government corruption.</Overview>
  <ProductionCode></ProductionCode>
  <Rating>8.0</Rating>
  <RatingCount>2</RatingCount>
  <SeasonNumber>3</SeasonNumber>
  <Writer>Henry Bromell</Writer>
  <absolute_number></absolute_number>
  <filename>episodes/79356/398502.jpg</filename>
  <lastupdated>1233609949</lastupdated>
  <seasonid>36340</seasonid>
  <seriesid>79356</seriesid>
</Episode>
<Episode>
  <id>398503</id>
  <Combined_episodenumber>2</Combined_episodenumber>
  <Combined_season>3</Combined_season>
  <DVD_chapter></DVD_chapter>
  <DVD_discid></DVD_discid>
  <DVD_episodenumber></DVD_episodenumber>
  <DVD_season></DVD_season>
  <Director>Nick Gomez</Director>
  <EpImgFlag>2</EpImgFlag>
  <EpisodeName>Things Badly Begun</EpisodeName>
  <EpisodeNumber>2</EpisodeNumber>
  <FirstAired>2008-11-09</FirstAired>
  <GuestStars></GuestStars>
  <IMDB_ID></IMDB_ID>
  <Language>en</Language>
  <Overview>Tommy blackmails Mayor Panzarella into supporting the waterfront development but runs into opposition from a community group organized by Michael. Freddi Cork is forced to take a legitimate job as a car salesman. Eileen's pregnancy costs he a chance to advance. Declan begins his investigation to statehouse corruption as the disappearance of Federal Attorney Franklin draws attention away from his efforts. Rose begins to learn the joys of managed care.</Overview>
  <ProductionCode></ProductionCode>
  <Rating>7.0</Rating>
  <RatingCount>2</RatingCount>
  <SeasonNumber>3</SeasonNumber>
  <Writer>Blake Masters</Writer>
  <absolute_number></absolute_number>
  <filename>episodes/79356/398503.jpg</filename>
  <lastupdated>1233609916</lastupdated>
  <seasonid>36340</seasonid>
  <seriesid>79356</seriesid>
</Episode>
<Episode>
  <id>398504</id>
  <Combined_episodenumber>3</Combined_episodenumber>
  <Combined_season>3</Combined_season>
  <DVD_chapter></DVD_chapter>
  <DVD_discid></DVD_discid>
  <DVD_episodenumber></DVD_episodenumber>
  <DVD_season></DVD_season>
  <Director>Ed Bianchi</Director>
  <EpImgFlag>2</EpImgFlag>
  <EpisodeName>Let Rome in Tiber Melt</EpisodeName>
  <EpisodeNumber>3</EpisodeNumber>
  <FirstAired>2008-11-16</FirstAired>
  <GuestStars></GuestStars>
  <IMDB_ID></IMDB_ID>
  <Language>en</Language>
  <Overview>A fire in an abandoned mill that kills several Latino squatters and a firefighter causes political fallout for Tommy. Colin begins drinking heavily because of a love triangle. Declan's investigation bears fruit and is expanded.</Overview>
  <ProductionCode></ProductionCode>
  <Rating>7.5</Rating>
  <RatingCount>2</RatingCount>
  <SeasonNumber>3</SeasonNumber>
  <Writer>Karen Hall</Writer>
  <absolute_number></absolute_number>
  <filename>episodes/79356/398504.jpg</filename>
  <lastupdated>1233609887</lastupdated>
  <seasonid>36340</seasonid>
  <seriesid>79356</seriesid>
</Episode>
<Episode>
  <id>398505</id>
  <Combined_episodenumber>4</Combined_episodenumber>
  <Combined_season>3</Combined_season>
  <DVD_chapter></DVD_chapter>
  <DVD_discid></DVD_discid>
  <DVD_episodenumber></DVD_episodenumber>
  <DVD_season></DVD_season>
  <Director>Seith Mann</Director>
  <EpImgFlag>2</EpImgFlag>
  <EpisodeName>The Course of True Love Never Did Run Smooth</EpisodeName>
  <EpisodeNumber>4</EpisodeNumber>
  <FirstAired>2008-11-23</FirstAired>
  <GuestStars></GuestStars>
  <IMDB_ID></IMDB_ID>
  <Language>en</Language>
  <Overview>Over Labor Day Weekend Tommy, Eileen and the family spend the holiday at a water front property where Tommy surprises Eileen with his plans for their new home away from the hill, his mom and Michael but Eileen won't let her self believe it until it happens. An incident at Nozzoli's barbeque pushes Michael's growing paranoia into overdrive. The absence of Kath and Colin who have gone away together does little to ease his mind. Declan and Cassie get away for a romantic weekend, which is ruined by their past marital difficulties.</Overview>
  <ProductionCode></ProductionCode>
  <Rating>6.5</Rating>
  <RatingCount>2</RatingCount>
  <SeasonNumber>3</SeasonNumber>
  <Writer>Henry Bromell</Writer>
  <absolute_number></absolute_number>
  <filename>episodes/79356/398505.jpg</filename>
  <lastupdated>1233609727</lastupdated>
  <seasonid>36340</seasonid>
  <seriesid>79356</seriesid>
</Episode>
<Episode>
  <id>408898</id>
  <Combined_episodenumber>5</Combined_episodenumber>
  <Combined_season>3</Combined_season>
  <DVD_chapter></DVD_chapter>
  <DVD_discid></DVD_discid>
  <DVD_episodenumber></DVD_episodenumber>
  <DVD_season></DVD_season>
  <Director>Alik Sakharov</Director>
  <EpImgFlag>2</EpImgFlag>
  <EpisodeName>Give Me The Ocular Proof...</EpisodeName>
  <EpisodeNumber>5</EpisodeNumber>
  <FirstAired>2008-11-30</FirstAired>
  <GuestStars></GuestStars>
  <IMDB_ID></IMDB_ID>
  <Language>en</Language>
  <Overview>Declan's investigation triggers alarms among the corrupt politicians so Tommy tries to finesse information from the investigation. Rose receives a diagnosis and shares the truth with Ellen. Michael and Colin begin to clash as they help Freddie plan a robbery.</Overview>
  <ProductionCode></ProductionCode>
  <Rating>7.0</Rating>
  <RatingCount>1</RatingCount>
  <SeasonNumber>3</SeasonNumber>
  <Writer>Blake Masters</Writer>
  <absolute_number></absolute_number>
  <filename>episodes/79356/408898.jpg</filename>
  <lastupdated>1233612248</lastupdated>
  <seasonid>36340</seasonid>
  <seriesid>79356</seriesid>
</Episode>
<Episode>
  <id>408899</id>
  <Combined_episodenumber>6</Combined_episodenumber>
  <Combined_season>3</Combined_season>
  <DVD_chapter></DVD_chapter>
  <DVD_discid></DVD_discid>
  <DVD_episodenumber></DVD_episodenumber>
  <DVD_season></DVD_season>
  <Director>Ed Bianchi</Director>
  <EpImgFlag>2</EpImgFlag>
  <EpisodeName>The Chimes At Midnight</EpisodeName>
  <EpisodeNumber>6</EpisodeNumber>
  <FirstAired>2008-12-07</FirstAired>
  <GuestStars></GuestStars>
  <IMDB_ID></IMDB_ID>
  <Language>en</Language>
  <Overview>Tommy's plan to extricate himself from political entanglements hits a snag when Speaker Danatello seeks his help passing the budget.
Declan learns more about Tommy's involvement in the Waterfront Project and connects Tommy to Nozzoli.
Michael's jealousy over his mother's attachment to Colin adds fuel to his paranoia about Colin and Kath.</Overview>
  <ProductionCode></ProductionCode>
  <Rating>8.0</Rating>
  <RatingCount>2</RatingCount>
  <SeasonNumber>3</SeasonNumber>
  <Writer>Karen Hall</Writer>
  <absolute_number></absolute_number>
  <filename>episodes/79356/408899.jpg</filename>
  <lastupdated>1233615216</lastupdated>
  <seasonid>36340</seasonid>
  <seriesid>79356</seriesid>
</Episode>
<Episode>
  <id>408900</id>
  <Combined_episodenumber>7</Combined_episodenumber>
  <Combined_season>3</Combined_season>
  <DVD_chapter></DVD_chapter>
  <DVD_discid></DVD_discid>
  <DVD_episodenumber></DVD_episodenumber>
  <DVD_season></DVD_season>
  <Director>Tim Hunter</Director>
  <EpImgFlag>2</EpImgFlag>
  <EpisodeName>All The Interim Is Like A Phantasma</EpisodeName>
  <EpisodeNumber>7</EpisodeNumber>
  <FirstAired>2008-12-14</FirstAired>
  <GuestStars></GuestStars>
  <IMDB_ID></IMDB_ID>
  <Language>en</Language>
  <Overview>Michael returns to Kath but she and Colin begin to worry as the FBI fuels Michael's suspicions about their relationship. Eileen is confined to bed rest for the duration of her pregnancy. Tommy seeks Michael's assistance as Declan begins to zero his investigation in on the Waterfront Project.</Overview>
  <ProductionCode></ProductionCode>
  <Rating>8.0</Rating>
  <RatingCount>3</RatingCount>
  <SeasonNumber>3</SeasonNumber>
  <Writer>Henry Bromell</Writer>
  <absolute_number></absolute_number>
  <filename>episodes/79356/408900.jpg</filename>
  <lastupdated>1233617418</lastupdated>
  <seasonid>36340</seasonid>
  <seriesid>79356</seriesid>
</Episode>
<Episode>
  <id>408901</id>
  <Combined_episodenumber>8</Combined_episodenumber>
  <Combined_season>3</Combined_season>
  <DVD_chapter></DVD_chapter>
  <DVD_discid></DVD_discid>
  <DVD_episodenumber></DVD_episodenumber>
  <DVD_season></DVD_season>
  <Director>Blake Masters</Director>
  <EpImgFlag>2</EpImgFlag>
  <EpisodeName>Birnam Wood Comes To Dunsinane</EpisodeName>
  <EpisodeNumber>8</EpisodeNumber>
  <FirstAired>2008-12-21</FirstAired>
  <GuestStars></GuestStars>
  <IMDB_ID></IMDB_ID>
  <Language>en</Language>
  <Overview>Tommy becomes heir apparent for Speaker when Donatello's condition worsens; Freddie maneuvers to get on Tommy's good side; with the mob, the state police, and feds after him, Michael's obsession with Colin puts everyone in jeopardy.</Overview>
  <ProductionCode></ProductionCode>
  <Rating>9.5</Rating>
  <RatingCount>2</RatingCount>
  <SeasonNumber>3</SeasonNumber>
  <Writer>Blake Masters</Writer>
  <absolute_number></absolute_number>
  <filename>episodes/79356/408901.jpg</filename>
  <lastupdated>1242168057</lastupdated>
  <seasonid>36340</seasonid>
  <seriesid>79356</seriesid>
</Episode>
</Data>