<?xml version="1.0" encoding="UTF-8" ?>
<Data><Series>
  <id>94831</id>
  <Actors>|Tyler Labine|Natalie Martinez|Benjamin Stockham|Matthew Levy|Frank Dolce|</Actors>
  <Airs_DayOfWeek>Sunday</Airs_DayOfWeek>
  <Airs_Time>9:30pm</Airs_Time>
  <ContentRating>TV-14</ContentRating>
  <FirstAired>2010-03-14</FirstAired>
  <Genre>|Comedy|</Genre>
  <IMDB_ID>tt1361839</IMDB_ID>
  <Language>en</Language>
  <Network>FOX</Network>
  <NetworkID></NetworkID>
  <Overview>In the tradition of &quot;Malcolm in the Middle&quot; and &quot;The Bernie Mac Show,&quot; SONS OF TUCSON is a family comedy about three brothers who hire a charming, wayward schemer to stand in as their father when their real one goes to prison. What begins as a business relationship evolves into something more complex and compelling: a family unlike any we've ever seen. The three brothers find their dad-for-hire, RON SNUFFKIN (Tyler Labine, &quot;Reaper&quot;), at the local sporting good store. Ron will be forced to draw on a wide array of skills and a vast bag of tricks as he steps into the patriarch role to take care of the boys of the Gunderson family. ROBBY GUNDERSON (Davis Cleveland, &quot;How I Met Your Mother&quot;), 8, is a loose cannon who doesn't respond well to authority; GARY GUNDERSON (Frank Dolce, &quot;Doubt&quot;), 11, is a bright and street-savvy leader who is every bit the con man his father is; and BRANDON GUNDERSON (Troy Gentile, &quot;Entourage&quot;), 13, is a gentle free spirit who simply goes along for the ride. MAGGIE MORALES (Natalie Martinez, &quot;Saints &amp; Sinners&quot;), Robby's second-grade teacher and the object of Ron's affection, might just be the only stable figure in the lives of this quirky quartet. While SONS OF TUCSON is grounded in the day-to-day challenges of a single-parent home, nothing in the Gunderson household is quite what it seems. An ongoing chess match between Ron and the boys will keep both parties on their toes, as neither side can afford to give up too much power or independence. </Overview>
  <Rating>9.0</Rating>
  <RatingCount>7</RatingCount>
  <Runtime>30</Runtime>
  <SeriesID>76635</SeriesID>
  <SeriesName>Sons of Tucson</SeriesName>
  <Status>Ended</Status>
  <added>2009-05-18 10:58:46</added>
  <addedBy>5664</addedBy>
  <banner>graphical/94831-g5.jpg</banner>
  <fanart>fanart/original/94831-1.jpg</fanart>
  <lastupdated>1364548868</lastupdated>
  <poster>posters/94831-2.jpg</poster>
  <zap2it_id>SH01157786</zap2it_id>
</Series>
<Episode>
  <id>658701</id>
  <Combined_episodenumber>1</Combined_episodenumber>
  <Combined_season>0</Combined_season>
  <DVD_chapter></DVD_chapter>
  <DVD_discid></DVD_discid>
  <DVD_episodenumber></DVD_episodenumber>
  <DVD_season></DVD_season>
  <Director></Director>
  <EpImgFlag></EpImgFlag>
  <EpisodeName>Pilot</EpisodeName>
  <EpisodeNumber>1</EpisodeNumber>
  <FirstAired></FirstAired>
  <GuestStars></GuestStars>
  <IMDB_ID></IMDB_ID>
  <Language>en</Language>
  <Overview></Overview>
  <ProductionCode></ProductionCode>
  <Rating></Rating>
  <RatingCount>0</RatingCount>
  <SeasonNumber>0</SeasonNumber>
  <Writer></Writer>
  <absolute_number></absolute_number>
  <airsafter_season></airsafter_season>
  <airsbefore_episode></airsbefore_episode>
  <airsbefore_season></airsbefore_season>
  <filename></filename>
  <lastupdated>1242669620</lastupdated>
  <seasonid>66811</seasonid>
  <seriesid>94831</seriesid>
</Episode>
<Episode>
  <id>982511</id>
  <Combined_episodenumber>1</Combined_episodenumber>
  <Combined_season>1</Combined_season>
  <DVD_chapter></DVD_chapter>
  <DVD_discid></DVD_discid>
  <DVD_episodenumber></DVD_episodenumber>
  <DVD_season></DVD_season>
  <Director>Todd Holland</Director>
  <EpImgFlag>2</EpImgFlag>
  <EpisodeName>Pilot</EpisodeName>
  <EpisodeNumber>1</EpisodeNumber>
  <FirstAired>2010-03-14</FirstAired>
  <GuestStars></GuestStars>
  <IMDB_ID></IMDB_ID>
  <Language>en</Language>
  <Overview>When the Gunderson boys Brandon, Gary and Robby hire Ron Snuffkin to pretend to be their father after their real father goes to prison, they find out that there's more to their &quot;fake&quot; dad than meets the eye. Ron has to enroll them in school, convince Robby's teacher to keep him in her class, sweet-talk the principal, locate mint-condition toy soldiers at his grandmother's house and avoid a thug who wants his money.</Overview>
  <ProductionCode>SOT-101</ProductionCode>
  <Rating>8.0</Rating>
  <RatingCount>12</RatingCount>
  <SeasonNumber>1</SeasonNumber>
  <Writer>Greg Bratman|Tommy Dewey</Writer>
  <absolute_number></absolute_number>
  <filename>episodes/94831/982511.jpg</filename>
  <lastupdated>1364548642</lastupdated>
  <seasonid>106191</seasonid>
  <seriesid>94831</seriesid>
</Episode>
<Episode>
  <id>1702511</id>
  <Combined_episodenumber>2</Combined_episodenumber>
  <Combined_season>1</Combined_season>
  <DVD_chapter></DVD_chapter>
  <DVD_discid></DVD_discid>
  <DVD_episodenumber></DVD_episodenumber>
  <DVD_season></DVD_season>
  <Director></Director>
  <EpImgFlag>2</EpImgFlag>
  <EpisodeName>The Break In</EpisodeName>
  <EpisodeNumber>2</EpisodeNumber>
  <FirstAired>2010-03-21</FirstAired>
  <GuestStars>|Joe Lo Truglio|Sarayu Rao|Stephanie Courtney|</GuestStars>
  <IMDB_ID></IMDB_ID>
  <Language>en</Language>
  <Overview>A string of local burglaries have the neighborhood and the Gundersons on edge, leaving Ron looking for a way to benefit from the situation. Ron convinces his buddy Glenn to pretend to rob the Gundersons so he can swoop in and save them and hopefully move into the house.</Overview>
  <ProductionCode>SOT-103</ProductionCode>
  <Rating>8.7</Rating>
  <RatingCount>7</RatingCount>
  <SeasonNumber>1</SeasonNumber>
  <Writer></Writer>
  <absolute_number></absolute_number>
  <filename>episodes/94831/1702511.jpg</filename>
  <lastupdated>1364548656</lastupdated>
  <seasonid>106191</seasonid>
  <seriesid>94831</seriesid>
</Episode>
<Episode>
  <id>1847351</id>
  <Combined_episodenumber>3</Combined_episodenumber>
  <Combined_season>1</Combined_season>
  <DVD_chapter></DVD_chapter>
  <DVD_discid></DVD_discid>
  <DVD_episodenumber></DVD_episodenumber>
  <DVD_season></DVD_season>
  <Director></Director>
  <EpImgFlag>2</EpImgFlag>
  <EpisodeName>Golden Ticket</EpisodeName>
  <EpisodeNumber>3</EpisodeNumber>
  <FirstAired>2010-03-28</FirstAired>
  <GuestStars></GuestStars>
  <IMDB_ID></IMDB_ID>
  <Language>en</Language>
  <Overview>Ron befriends a police officer in hopes of getting a free pass from the cops, all while brokering a shady scheme involving south-of-the-border prescriptions. Meanwhile, the boys decide to make a movie, but find their project being taken over by Robby's play date.</Overview>
  <ProductionCode>SOT-112</ProductionCode>
  <Rating>8.7</Rating>
  <RatingCount>7</RatingCount>
  <SeasonNumber>1</SeasonNumber>
  <Writer></Writer>
  <absolute_number></absolute_number>
  <filename>episodes/94831/1847351.jpg</filename>
  <lastupdated>1364548670</lastupdated>
  <seasonid>106191</seasonid>
  <seriesid>94831</seriesid>
</Episode>
<Episode>
  <id>1799861</id>
  <Combined_episodenumber>4</Combined_episodenumber>
  <Combined_season>1</Combined_season>
  <DVD_chapter></DVD_chapter>
  <DVD_discid></DVD_discid>
  <DVD_episodenumber></DVD_episodenumber>
  <DVD_season></DVD_season>
  <Director></Director>
  <EpImgFlag>2</EpImgFlag>
  <EpisodeName>Family Album</EpisodeName>
  <EpisodeNumber>4</EpisodeNumber>
  <FirstAired>2010-04-04</FirstAired>
  <GuestStars></GuestStars>
  <IMDB_ID></IMDB_ID>
  <Language>en</Language>
  <Overview>When Robby's teacher becomes suspicious of Ron's behavior, he invites her over for a family dinner. Meanwhile, Ron and the boys set out to create 15 years of photo history.</Overview>
  <ProductionCode>SOT-102</ProductionCode>
  <Rating>8.3</Rating>
  <RatingCount>6</RatingCount>
  <SeasonNumber>1</SeasonNumber>
  <Writer></Writer>
  <absolute_number></absolute_number>
  <filename>episodes/94831/1799861.jpg</filename>
  <lastupdated>1364548684</lastupdated>
  <seasonid>106191</seasonid>
  <seriesid>94831</seriesid>
</Episode>
<Episode>
  <id>2023731</id>
  <Combined_episodenumber>5</Combined_episodenumber>
  <Combined_season>1</Combined_season>
  <DVD_chapter></DVD_chapter>
  <DVD_discid></DVD_discid>
  <DVD_episodenumber></DVD_episodenumber>
  <DVD_season></DVD_season>
  <Director></Director>
  <EpImgFlag>2</EpImgFlag>
  <EpisodeName>Chicken Pox</EpisodeName>
  <EpisodeNumber>5</EpisodeNumber>
  <FirstAired>2010-06-06</FirstAired>
  <GuestStars></GuestStars>
  <IMDB_ID></IMDB_ID>
  <Language>en</Language>
  <Overview>When the Gunderson boys get chickenpox, Ron cares for them until he develops symptons of his own. Meanwhile, Brandon falls for a girl who is only into him because he's sick.</Overview>
  <ProductionCode>SOT-105</ProductionCode>
  <Rating>8.1</Rating>
  <RatingCount>11</RatingCount>
  <SeasonNumber>1</SeasonNumber>
  <Writer></Writer>
  <absolute_number></absolute_number>
  <filename>episodes/94831/2023731.jpg</filename>
  <lastupdated>1364548699</lastupdated>
  <seasonid>106191</seasonid>
  <seriesid>94831</seriesid>
</Episode>
<Episode>
  <id>1962621</id>
  <Combined_episodenumber>6</Combined_episodenumber>
  <Combined_season>1</Combined_season>
  <DVD_chapter></DVD_chapter>
  <DVD_discid></DVD_discid>
  <DVD_episodenumber></DVD_episodenumber>
  <DVD_season></DVD_season>
  <Director></Director>
  <EpImgFlag>2</EpImgFlag>
  <EpisodeName>The Debate Trip</EpisodeName>
  <EpisodeNumber>6</EpisodeNumber>
  <FirstAired>2010-06-13</FirstAired>
  <GuestStars></GuestStars>
  <IMDB_ID></IMDB_ID>
  <Language>en</Language>
  <Overview>When Ron chaperones Gary on an out-of-town debate tournament, Gary learns the hard way what his teammates really think of him. Meanwhile, Angela volunteers to watch Brandon and Robby back at the house, ultimately leading to Brandon being homeless on the streets and Robby locking her in the shed.</Overview>
  <ProductionCode>SOT-111</ProductionCode>
  <Rating>8.1</Rating>
  <RatingCount>7</RatingCount>
  <SeasonNumber>1</SeasonNumber>
  <Writer></Writer>
  <absolute_number></absolute_number>
  <filename>episodes/94831/1962621.jpg</filename>
  <lastupdated>1364548749</lastupdated>
  <seasonid>106191</seasonid>
  <seriesid>94831</seriesid>
</Episode>
<Episode>
  <id>1922471</id>
  <Combined_episodenumber>7</Combined_episodenumber>
  <Combined_season>1</Combined_season>
  <DVD_chapter></DVD_chapter>
  <DVD_discid></DVD_discid>
  <DVD_episodenumber></DVD_episodenumber>
  <DVD_season></DVD_season>
  <Director></Director>
  <EpImgFlag></EpImgFlag>
  <EpisodeName>Father's Day</EpisodeName>
  <EpisodeNumber>7</EpisodeNumber>
  <FirstAired>2010-06-20</FirstAired>
  <GuestStars></GuestStars>
  <IMDB_ID></IMDB_ID>
  <Language>en</Language>
  <Overview>Ron eavesdrops on the boys planning to get a Father's Day present, thinking that they're are going to get him a present, he does what he can to reciprocate and goes all out to get them something special. Mr. Gunderson plans to call his sons from prison and this makes the boys nervous.</Overview>
  <ProductionCode>SOT-108</ProductionCode>
  <Rating>7.8</Rating>
  <RatingCount>5</RatingCount>
  <SeasonNumber>1</SeasonNumber>
  <Writer></Writer>
  <absolute_number></absolute_number>
  <filename></filename>
  <lastupdated>1364548781</lastupdated>
  <seasonid>106191</seasonid>
  <seriesid>94831</seriesid>
</Episode>
<Episode>
  <id>2278521</id>
  <Combined_episodenumber>8</Combined_episodenumber>
  <Combined_season>1</Combined_season>
  <DVD_chapter></DVD_chapter>
  <DVD_discid></DVD_discid>
  <DVD_episodenumber></DVD_episodenumber>
  <DVD_season></DVD_season>
  <Director></Director>
  <EpImgFlag>2</EpImgFlag>
  <EpisodeName>Gina</EpisodeName>
  <EpisodeNumber>8</EpisodeNumber>
  <FirstAired>2010-06-27</FirstAired>
  <GuestStars></GuestStars>
  <IMDB_ID></IMDB_ID>
  <Language>en</Language>
  <Overview>While at work, Ron gets a visit from his ex-girlfriend and she tells him that she is breaking up with her boyfriend. Ron seeks help from The Gunderson boys to increase his chances of getting her back.</Overview>
  <ProductionCode></ProductionCode>
  <Rating>7.8</Rating>
  <RatingCount>8</RatingCount>
  <SeasonNumber>1</SeasonNumber>
  <Writer></Writer>
  <absolute_number></absolute_number>
  <filename>episodes/94831/2278521.jpg</filename>
  <lastupdated>1364548793</lastupdated>
  <seasonid>106191</seasonid>
  <seriesid>94831</seriesid>
</Episode>
<Episode>
  <id>1702531</id>
  <Combined_episodenumber>9</Combined_episodenumber>
  <Combined_season>1</Combined_season>
  <DVD_chapter></DVD_chapter>
  <DVD_discid></DVD_discid>
  <DVD_episodenumber></DVD_episodenumber>
  <DVD_season></DVD_season>
  <Director></Director>
  <EpImgFlag>2</EpImgFlag>
  <EpisodeName>Dog Days of Tucson</EpisodeName>
  <EpisodeNumber>9</EpisodeNumber>
  <FirstAired>2010-07-04</FirstAired>
  <GuestStars></GuestStars>
  <IMDB_ID></IMDB_ID>
  <Language>en</Language>
  <Overview>Ron brings a dog home for the boys and they fall in love with him. After they name him Waffles, Ron discovers that he is a wolf and must find some other place for him to live.</Overview>
  <ProductionCode></ProductionCode>
  <Rating>8.2</Rating>
  <RatingCount>6</RatingCount>
  <SeasonNumber>1</SeasonNumber>
  <Writer></Writer>
  <absolute_number></absolute_number>
  <filename>episodes/94831/1702531.jpg</filename>
  <lastupdated>1364548808</lastupdated>
  <seasonid>106191</seasonid>
  <seriesid>94831</seriesid>
</Episode>
<Episode>
  <id>1702521</id>
  <Combined_episodenumber>10</Combined_episodenumber>
  <Combined_season>1</Combined_season>
  <DVD_chapter></DVD_chapter>
  <DVD_discid></DVD_discid>
  <DVD_episodenumber></DVD_episodenumber>
  <DVD_season></DVD_season>
  <Director></Director>
  <EpImgFlag>2</EpImgFlag>
  <EpisodeName>Kisses &amp; Beads</EpisodeName>
  <EpisodeNumber>10</EpisodeNumber>
  <FirstAired>2010-07-11</FirstAired>
  <GuestStars></GuestStars>
  <IMDB_ID></IMDB_ID>
  <Language>en</Language>
  <Overview>Ron convinces the Gundersons to host a party to help Robby make friends his age, but Ron’s secret motive is for Robby and his new friends to embrace arts and crafts and make souvenirs that he can sell for profit. Meanwhile, Brandon tries to help Gary talk to his crush.</Overview>
  <ProductionCode></ProductionCode>
  <Rating>7.3</Rating>
  <RatingCount>8</RatingCount>
  <SeasonNumber>1</SeasonNumber>
  <Writer></Writer>
  <absolute_number></absolute_number>
  <filename>episodes/94831/1702521.jpg</filename>
  <lastupdated>1364548821</lastupdated>
  <seasonid>106191</seasonid>
  <seriesid>94831</seriesid>
</Episode>
<Episode>
  <id>2390081</id>
  <Combined_episodenumber>11</Combined_episodenumber>
  <Combined_season>1</Combined_season>
  <DVD_chapter></DVD_chapter>
  <DVD_discid></DVD_discid>
  <DVD_episodenumber></DVD_episodenumber>
  <DVD_season></DVD_season>
  <Director></Director>
  <EpImgFlag>2</EpImgFlag>
  <EpisodeName>Glenn's Birthday</EpisodeName>
  <EpisodeNumber>11</EpisodeNumber>
  <FirstAired>2010-07-18</FirstAired>
  <GuestStars></GuestStars>
  <IMDB_ID></IMDB_ID>
  <Language>en</Language>
  <Overview>Glenn's birthday is coming up and to celebrate it, Ron decides to take him to an upcoming adult-film convention; Brandon and Gary form a band.</Overview>
  <ProductionCode></ProductionCode>
  <Rating>7.9</Rating>
  <RatingCount>8</RatingCount>
  <SeasonNumber>1</SeasonNumber>
  <Writer>Greg Bratman Tommy Dewey</Writer>
  <absolute_number></absolute_number>
  <filename>episodes/94831/2390081.jpg</filename>
  <lastupdated>1364548840</lastupdated>
  <seasonid>106191</seasonid>
  <seriesid>94831</seriesid>
</Episode>
<Episode>
  <id>2480201</id>
  <Combined_episodenumber>12</Combined_episodenumber>
  <Combined_season>1</Combined_season>
  <DVD_chapter></DVD_chapter>
  <DVD_discid></DVD_discid>
  <DVD_episodenumber></DVD_episodenumber>
  <DVD_season></DVD_season>
  <Director></Director>
  <EpImgFlag>2</EpImgFlag>
  <EpisodeName>Sally Teel</EpisodeName>
  <EpisodeNumber>12</EpisodeNumber>
  <FirstAired>2010-07-25</FirstAired>
  <GuestStars></GuestStars>
  <IMDB_ID></IMDB_ID>
  <Language>en</Language>
  <Overview>Robby enters a ballroom-dancing competition; Brandon gets a job at Sport Space.</Overview>
  <ProductionCode></ProductionCode>
  <Rating>8.0</Rating>
  <RatingCount>7</RatingCount>
  <SeasonNumber>1</SeasonNumber>
  <Writer></Writer>
  <absolute_number></absolute_number>
  <filename>episodes/94831/2480201.jpg</filename>
  <lastupdated>1364548854</lastupdated>
  <seasonid>106191</seasonid>
  <seriesid>94831</seriesid>
</Episode>
<Episode>
  <id>2520391</id>
  <Combined_episodenumber>13</Combined_episodenumber>
  <Combined_season>1</Combined_season>
  <DVD_chapter></DVD_chapter>
  <DVD_discid></DVD_discid>
  <DVD_episodenumber></DVD_episodenumber>
  <DVD_season></DVD_season>
  <Director></Director>
  <EpImgFlag>2</EpImgFlag>
  <EpisodeName>Ron Quits</EpisodeName>
  <EpisodeNumber>13</EpisodeNumber>
  <FirstAired>2010-08-01</FirstAired>
  <GuestStars></GuestStars>
  <IMDB_ID></IMDB_ID>
  <Language>en</Language>
  <Overview>Ron quits after the boys get upset with him for spending too much time with his girlfriend.</Overview>
  <ProductionCode></ProductionCode>
  <Rating>7.9</Rating>
  <RatingCount>9</RatingCount>
  <SeasonNumber>1</SeasonNumber>
  <Writer></Writer>
  <absolute_number></absolute_number>
  <filename>episodes/94831/2520391.jpg</filename>
  <lastupdated>1364548868</lastupdated>
  <seasonid>106191</seasonid>
  <seriesid>94831</seriesid>
</Episode>
</Data>