<?xml version="1.0" encoding="UTF-8" ?>
<Actors>
<Actor>
  <id>302172</id>
  <Image>actors/302172.jpg</Image>
  <Name>Justin Bartha</Name>
  <Role>David Murray</Role>
  <SortOrder>0</SortOrder>
</Actor>
<Actor>
  <id>302204</id>
  <Image>actors/302204.jpg</Image>
  <Name>Andrew Rannells</Name>
  <Role>Bryan Collins</Role>
  <SortOrder>1</SortOrder>
</Actor>
<Actor>
  <id>303091</id>
  <Image>actors/303091.jpg</Image>
  <Name>Georgia King</Name>
  <Role>Goldie</Role>
  <SortOrder>2</SortOrder>
</Actor>
<Actor>
  <id>303092</id>
  <Image>actors/303092.jpg</Image>
  <Name>Ellen Barkin</Name>
  <Role>Jane Forrest</Role>
  <SortOrder>3</SortOrder>
</Actor>
<Actor>
  <id>303090</id>
  <Image>actors/303090.jpg</Image>
  <Name>NeNe Leakes</Name>
  <Role>Rocky</Role>
  <SortOrder>3</SortOrder>
</Actor>
<Actor>
  <id>302206</id>
  <Image>actors/302206.jpg</Image>
  <Name>Bebe Wood</Name>
  <Role>Shania</Role>
  <SortOrder>3</SortOrder>
</Actor>
</Actors>