<?xml version="1.0" encoding="UTF-8" ?>
<Data><Series>
  <id>258979</id>
  <Actors>|Justin Bartha|Andrew Rannells|Georgia King|Ellen Barkin|NeNe Leakes|Bebe Wood|</Actors>
  <Airs_DayOfWeek>Tuesday</Airs_DayOfWeek>
  <Airs_Time>9:30 PM</Airs_Time>
  <ContentRating>TV-14</ContentRating>
  <FirstAired>2012-09-10</FirstAired>
  <Genre>|Comedy|</Genre>
  <IMDB_ID>tt2087571</IMDB_ID>
  <Language>en</Language>
  <Network>NBC</Network>
  <NetworkID></NetworkID>
  <Overview>These days, families come in all forms - single dads, double moms, sperm donors, egg donors, one-night-stand donors... It's 2012 and anything goes.

Bryan and David are a Beverly Hills couple and they have it all. Well, almost. With successful careers and a committed and loving partnership, the one thing missing is a baby. And just when they think the stars will never align, enter Goldie, an extraordinary young woman with a checkered past. A Midwestern waitress and single mother looking to escape her dead-end life and small-minded grandmother, Goldie decides to change everything and move to L.A. with her precocious eight-year-old daughter. Desperate and broke - but also fertile - Goldie quickly becomes the guys' surrogate and quite possibly the girl of their dreams. Surrogate mother, surrogate family.</Overview>
  <Rating>8.1</Rating>
  <RatingCount>7</RatingCount>
  <Runtime>30</Runtime>
  <SeriesID>158540</SeriesID>
  <SeriesName>The New Normal</SeriesName>
  <Status>Continuing</Status>
  <added>2012-05-13 14:06:08</added>
  <addedBy>352008</addedBy>
  <banner>graphical/258979-g4.jpg</banner>
  <fanart>fanart/original/258979-4.jpg</fanart>
  <lastupdated>1364938246</lastupdated>
  <poster>posters/258979-1.jpg</poster>
  <zap2it_id>EP01567810</zap2it_id>
</Series>
<Episode>
  <id>4418968</id>
  <Combined_episodenumber>1</Combined_episodenumber>
  <Combined_season>0</Combined_season>
  <DVD_chapter></DVD_chapter>
  <DVD_discid></DVD_discid>
  <DVD_episodenumber></DVD_episodenumber>
  <DVD_season></DVD_season>
  <Director>Burr Steers</Director>
  <EpImgFlag>2</EpImgFlag>
  <EpisodeName>Para-New Normal Activity</EpisodeName>
  <EpisodeNumber>1</EpisodeNumber>
  <FirstAired></FirstAired>
  <GuestStars>Nicole Richie and George Takei</GuestStars>
  <IMDB_ID></IMDB_ID>
  <Language>en</Language>
  <Overview>Bryan is getting into the Halloween spirit by doing what he does every year -- decorating the house so that it is the envy of the neighborhood and making his annual trip to the pumpkin patch with his bestie Nicole Richie to spot celebrities. Also, with the help of the 'Sing' make-up artist, Sam, Bryan dictates what everyone's costumes are going to be. However, when he insists on a 'Here Comes Honey Boo Boo' Halloween theme, David rebels and defiantly sports a Tom Brady costume. Meanwhile, Goldie is still struggling with the on-going custody battle for Shania. Later, Clay makes a shocking announcement that puts Jane over the edge.</Overview>
  <ProductionCode></ProductionCode>
  <Rating>7.5</Rating>
  <RatingCount>2</RatingCount>
  <SeasonNumber>0</SeasonNumber>
  <Writer>Karey Dornetto</Writer>
  <absolute_number></absolute_number>
  <airsafter_season></airsafter_season>
  <airsbefore_episode>8</airsbefore_episode>
  <airsbefore_season>1</airsbefore_season>
  <filename>episodes/258979/4418968.jpg</filename>
  <lastupdated>1354974247</lastupdated>
  <seasonid>492302</seasonid>
  <seriesid>258979</seriesid>
</Episode>
<Episode>
  <id>4336233</id>
  <Combined_episodenumber>1</Combined_episodenumber>
  <Combined_season>1</Combined_season>
  <DVD_chapter></DVD_chapter>
  <DVD_discid></DVD_discid>
  <DVD_episodenumber></DVD_episodenumber>
  <DVD_season></DVD_season>
  <Director>Ryan Murphy</Director>
  <EpImgFlag>2</EpImgFlag>
  <EpisodeName>Pilot</EpisodeName>
  <EpisodeNumber>1</EpisodeNumber>
  <FirstAired>2012-09-10</FirstAired>
  <GuestStars></GuestStars>
  <IMDB_ID></IMDB_ID>
  <Language>en</Language>
  <Overview>A gay couple start a family with the help of a young single mother who becomes their surrogate.</Overview>
  <ProductionCode></ProductionCode>
  <Rating>8.3</Rating>
  <RatingCount>11</RatingCount>
  <SeasonNumber>1</SeasonNumber>
  <Writer>Ryan Murphy &amp; Ali Adler</Writer>
  <absolute_number></absolute_number>
  <filename>episodes/258979/4336233.jpg</filename>
  <lastupdated>1362520038</lastupdated>
  <seasonid>492312</seasonid>
  <seriesid>258979</seriesid>
</Episode>
<Episode>
  <id>4389579</id>
  <Combined_episodenumber>2</Combined_episodenumber>
  <Combined_season>1</Combined_season>
  <DVD_chapter></DVD_chapter>
  <DVD_discid></DVD_discid>
  <DVD_episodenumber></DVD_episodenumber>
  <DVD_season></DVD_season>
  <Director>Ryan Murphy</Director>
  <EpImgFlag>2</EpImgFlag>
  <EpisodeName>Sofa's Choice</EpisodeName>
  <EpisodeNumber>2</EpisodeNumber>
  <FirstAired>2012-09-11</FirstAired>
  <GuestStars></GuestStars>
  <IMDB_ID></IMDB_ID>
  <Language>en</Language>
  <Overview>Shania is working to adapt to her new surroundings and, much to the delight of Bryan, begins impersonating Little Edie from ‘Grey Gardens.’ Later, David and Bryan reminisce about the first time they met and decide to have a night on the town like they did when they were younger. Elsewhere, Jane finds something disturbing in the boys’ room and enlists Goldie’s ex-husband Clay to try and woo her granddaughter back to Ohio. Elsewhere, Rocky mistakenly suspects Shania of misbehaving.</Overview>
  <ProductionCode></ProductionCode>
  <Rating>8.1</Rating>
  <RatingCount>9</RatingCount>
  <SeasonNumber>1</SeasonNumber>
  <Writer>Ryan Murphy &amp; Ali Adler</Writer>
  <absolute_number></absolute_number>
  <filename>episodes/258979/4389579.jpg</filename>
  <lastupdated>1362520058</lastupdated>
  <seasonid>492312</seasonid>
  <seriesid>258979</seriesid>
</Episode>
<Episode>
  <id>4392593</id>
  <Combined_episodenumber>3</Combined_episodenumber>
  <Combined_season>1</Combined_season>
  <DVD_chapter></DVD_chapter>
  <DVD_discid></DVD_discid>
  <DVD_episodenumber></DVD_episodenumber>
  <DVD_season></DVD_season>
  <Director>Ryan Murphy</Director>
  <EpImgFlag>2</EpImgFlag>
  <EpisodeName>Baby Clothes</EpisodeName>
  <EpisodeNumber>3</EpisodeNumber>
  <FirstAired>2012-09-18</FirstAired>
  <GuestStars></GuestStars>
  <IMDB_ID></IMDB_ID>
  <Language>en</Language>
  <Overview>Bryan goes on a shopping spree for baby clothes, and returning them proves to be a problem. Meanwhile, Shania dresses up in baby clothes for school, forcing Goldie to have an uncomfortable interaction with Shania's teacher.</Overview>
  <ProductionCode></ProductionCode>
  <Rating>7.5</Rating>
  <RatingCount>6</RatingCount>
  <SeasonNumber>1</SeasonNumber>
  <Writer>Ryan Murphy</Writer>
  <absolute_number></absolute_number>
  <filename>episodes/258979/4392593.jpg</filename>
  <lastupdated>1362520328</lastupdated>
  <seasonid>492312</seasonid>
  <seriesid>258979</seriesid>
</Episode>
<Episode>
  <id>4396085</id>
  <Combined_episodenumber>4</Combined_episodenumber>
  <Combined_season>1</Combined_season>
  <DVD_chapter></DVD_chapter>
  <DVD_discid></DVD_discid>
  <DVD_episodenumber></DVD_episodenumber>
  <DVD_season></DVD_season>
  <Director>Scott Ellis</Director>
  <EpImgFlag>2</EpImgFlag>
  <EpisodeName>Obama Mama</EpisodeName>
  <EpisodeNumber>4</EpisodeNumber>
  <FirstAired>2012-09-25</FirstAired>
  <GuestStars></GuestStars>
  <IMDB_ID></IMDB_ID>
  <Language>en</Language>
  <Overview>Shania's mock school election sparks political upheaval in the household when it's discovered Goldie plans to vote against Barack Obama. The guys attempt to change Goldie's mind, to staunch Republican Jane's chagrin.</Overview>
  <ProductionCode></ProductionCode>
  <Rating>6.5</Rating>
  <RatingCount>6</RatingCount>
  <SeasonNumber>1</SeasonNumber>
  <Writer>Ali Adler</Writer>
  <absolute_number></absolute_number>
  <filename>episodes/258979/4396085.jpg</filename>
  <lastupdated>1362520348</lastupdated>
  <seasonid>492312</seasonid>
  <seriesid>258979</seriesid>
</Episode>
<Episode>
  <id>4398555</id>
  <Combined_episodenumber>5</Combined_episodenumber>
  <Combined_season>1</Combined_season>
  <DVD_chapter></DVD_chapter>
  <DVD_discid></DVD_discid>
  <DVD_episodenumber></DVD_episodenumber>
  <DVD_season></DVD_season>
  <Director>Miguel Arteta</Director>
  <EpImgFlag>2</EpImgFlag>
  <EpisodeName>Nanagasm</EpisodeName>
  <EpisodeNumber>5</EpisodeNumber>
  <FirstAired>2012-10-02</FirstAired>
  <GuestStars></GuestStars>
  <IMDB_ID></IMDB_ID>
  <Language>en</Language>
  <Overview>David plans a family dinner to tell his mother about the baby; mother-in-law miseries plague Goldie; Jane feels a unique sensation when she happens upon a younger man; and Shania fears that her father will win a custody battle.</Overview>
  <ProductionCode></ProductionCode>
  <Rating>7.2</Rating>
  <RatingCount>5</RatingCount>
  <SeasonNumber>1</SeasonNumber>
  <Writer>Adam Barr</Writer>
  <absolute_number></absolute_number>
  <filename>episodes/258979/4398555.jpg</filename>
  <lastupdated>1364938246</lastupdated>
  <seasonid>492312</seasonid>
  <seriesid>258979</seriesid>
</Episode>
<Episode>
  <id>4399287</id>
  <Combined_episodenumber>6</Combined_episodenumber>
  <Combined_season>1</Combined_season>
  <DVD_chapter></DVD_chapter>
  <DVD_discid></DVD_discid>
  <DVD_episodenumber></DVD_episodenumber>
  <DVD_season></DVD_season>
  <Director>Ryan Murphy</Director>
  <EpImgFlag>2</EpImgFlag>
  <EpisodeName>Bryanzilla</EpisodeName>
  <EpisodeNumber>6</EpisodeNumber>
  <FirstAired>2012-10-09</FirstAired>
  <GuestStars></GuestStars>
  <IMDB_ID></IMDB_ID>
  <Language>en</Language>
  <Overview>Shania and a classmate pretend to get engaged and plan an imaginary wedding. As a delighted Bryan arranges the big event with help from Rocky, Jane sets out to shut down the entire ceremony. Meanwhile, David makes a game-changing decision.</Overview>
  <ProductionCode></ProductionCode>
  <Rating>7.1</Rating>
  <RatingCount>7</RatingCount>
  <SeasonNumber>1</SeasonNumber>
  <Writer>Mark Kunerth</Writer>
  <absolute_number></absolute_number>
  <filename>episodes/258979/4399287.jpg</filename>
  <lastupdated>1362520372</lastupdated>
  <seasonid>492312</seasonid>
  <seriesid>258979</seriesid>
</Episode>
<Episode>
  <id>4415925</id>
  <Combined_episodenumber>7</Combined_episodenumber>
  <Combined_season>1</Combined_season>
  <DVD_chapter></DVD_chapter>
  <DVD_discid></DVD_discid>
  <DVD_episodenumber></DVD_episodenumber>
  <DVD_season></DVD_season>
  <Director>Miguel Arteta</Director>
  <EpImgFlag>2</EpImgFlag>
  <EpisodeName>The Godparent Trap</EpisodeName>
  <EpisodeNumber>7</EpisodeNumber>
  <FirstAired>2012-10-23</FirstAired>
  <GuestStars></GuestStars>
  <IMDB_ID></IMDB_ID>
  <Language>en</Language>
  <Overview>David and Bryan decide they need godparents for their baby. Meanwhile, Shania worries about the future of her relationship with the guys.</Overview>
  <ProductionCode></ProductionCode>
  <Rating>7.3</Rating>
  <RatingCount>6</RatingCount>
  <SeasonNumber>1</SeasonNumber>
  <Writer>Mike Scully</Writer>
  <absolute_number></absolute_number>
  <filename>episodes/258979/4415925.jpg</filename>
  <lastupdated>1362520383</lastupdated>
  <seasonid>492312</seasonid>
  <seriesid>258979</seriesid>
</Episode>
<Episode>
  <id>4418967</id>
  <Combined_episodenumber>8</Combined_episodenumber>
  <Combined_season>1</Combined_season>
  <DVD_chapter></DVD_chapter>
  <DVD_discid></DVD_discid>
  <DVD_episodenumber></DVD_episodenumber>
  <DVD_season></DVD_season>
  <Director>Max Winkler</Director>
  <EpImgFlag>2</EpImgFlag>
  <EpisodeName>Unplugged</EpisodeName>
  <EpisodeNumber>8</EpisodeNumber>
  <FirstAired>2012-11-13</FirstAired>
  <GuestStars></GuestStars>
  <IMDB_ID></IMDB_ID>
  <Language>en</Language>
  <Overview>When technology begins to interrupt their lives Bryan, David, Goldie and Shania reluctantly give up their various electronic devices for one day. Shania, however, takes it one step further by suggesting they give up all modern technology including heated toilet seats. Meanwhile, Rocky unleashes an online beast when she shows Jane how to use twitter. Hoping to gain more followers, Jane posts a private video from Bryan which was meant to surprise David on their future wedding day. Shocked at the invasion of privacy, Bryan is appalled until the cast of his show &quot;Sing&quot; tells him what they think of the tweet. </Overview>
  <ProductionCode></ProductionCode>
  <Rating>7.4</Rating>
  <RatingCount>5</RatingCount>
  <SeasonNumber>1</SeasonNumber>
  <Writer>Aaron Lee</Writer>
  <absolute_number></absolute_number>
  <filename>episodes/258979/4418967.jpg</filename>
  <lastupdated>1362520394</lastupdated>
  <seasonid>492312</seasonid>
  <seriesid>258979</seriesid>
</Episode>
<Episode>
  <id>4436911</id>
  <Combined_episodenumber>9</Combined_episodenumber>
  <Combined_season>1</Combined_season>
  <DVD_chapter></DVD_chapter>
  <DVD_discid></DVD_discid>
  <DVD_episodenumber></DVD_episodenumber>
  <DVD_season></DVD_season>
  <Director>Max Winkler</Director>
  <EpImgFlag>2</EpImgFlag>
  <EpisodeName>Pardon Me</EpisodeName>
  <EpisodeNumber>9</EpisodeNumber>
  <FirstAired>2012-11-20</FirstAired>
  <GuestStars>|Jackie Hoffman|Barry Bostwick|Sterling Sulieman|</GuestStars>
  <IMDB_ID>tt2464206</IMDB_ID>
  <Language>en</Language>
  <Overview>After recalling the disastrous dinners of Thanksgivings past, Bryan, David, Goldie, Shania and Rocky decide that this year they are going to enjoy the holiday with their new family. Later, after realizing the horrible fates of the turkeys at the farm a sensitive Shania and Bryan pardon all of them and take them home as new pets. The move prompts a meat-free dinner menu and in the spirit of the pardon encourages everyone to invite over family and friends that they need to make amends with. David invites his mother and his father, while Bryan extends an olive branch to Jane, Goldie reaches out to Clay and Rocky puts aside her political differences with her brother Clint. Though the pre-dinner festivities seem to be cheerful it doesn't take long for personalities to clash and for this Thanksgiving to go to the birds.</Overview>
  <ProductionCode>110</ProductionCode>
  <Rating>7.0</Rating>
  <RatingCount>6</RatingCount>
  <SeasonNumber>1</SeasonNumber>
  <Writer>Moshe Kasher</Writer>
  <absolute_number>9</absolute_number>
  <filename>episodes/258979/4436911.jpg</filename>
  <lastupdated>1362520410</lastupdated>
  <seasonid>492312</seasonid>
  <seriesid>258979</seriesid>
</Episode>
<Episode>
  <id>4437114</id>
  <Combined_episodenumber>10</Combined_episodenumber>
  <Combined_season>1</Combined_season>
  <DVD_chapter></DVD_chapter>
  <DVD_discid></DVD_discid>
  <DVD_episodenumber></DVD_episodenumber>
  <DVD_season></DVD_season>
  <Director>Elodie Keene</Director>
  <EpImgFlag>2</EpImgFlag>
  <EpisodeName>The XY Factor</EpisodeName>
  <EpisodeNumber>10</EpisodeNumber>
  <FirstAired>2012-11-27</FirstAired>
  <GuestStars>|Shannen Doherty|</GuestStars>
  <IMDB_ID>tt2514848</IMDB_ID>
  <Language>en</Language>
  <Overview>Bryan and David accidentally learn the baby's gender; Shania's performance at a school assembly reminds Goldie she has dreams to pursue; Shania gets suspended.</Overview>
  <ProductionCode>111</ProductionCode>
  <Rating>7.0</Rating>
  <RatingCount>4</RatingCount>
  <SeasonNumber>1</SeasonNumber>
  <Writer>Erin Foster</Writer>
  <absolute_number>10</absolute_number>
  <filename>episodes/258979/4437114.jpg</filename>
  <lastupdated>1362520421</lastupdated>
  <seasonid>492312</seasonid>
  <seriesid>258979</seriesid>
</Episode>
<Episode>
  <id>4437747</id>
  <Combined_episodenumber>11</Combined_episodenumber>
  <Combined_season>1</Combined_season>
  <DVD_chapter></DVD_chapter>
  <DVD_discid></DVD_discid>
  <DVD_episodenumber></DVD_episodenumber>
  <DVD_season></DVD_season>
  <Director>Max Winkler</Director>
  <EpImgFlag>2</EpImgFlag>
  <EpisodeName>Baby Proofing</EpisodeName>
  <EpisodeNumber>11</EpisodeNumber>
  <FirstAired>2012-12-04</FirstAired>
  <GuestStars></GuestStars>
  <IMDB_ID></IMDB_ID>
  <Language>en</Language>
  <Overview>Bryan and David start fighting after David hires a woman to baby-proof their home; the family discovers eggnog has a pleasant effect on Jane; Bryan and Jane attend a party.</Overview>
  <ProductionCode></ProductionCode>
  <Rating>6.7</Rating>
  <RatingCount>3</RatingCount>
  <SeasonNumber>1</SeasonNumber>
  <Writer>Robert Sudduth</Writer>
  <absolute_number>11</absolute_number>
  <filename>episodes/258979/4437747.jpg</filename>
  <lastupdated>1362520432</lastupdated>
  <seasonid>492312</seasonid>
  <seriesid>258979</seriesid>
</Episode>
<Episode>
  <id>4448882</id>
  <Combined_episodenumber>12</Combined_episodenumber>
  <Combined_season>1</Combined_season>
  <DVD_chapter></DVD_chapter>
  <DVD_discid></DVD_discid>
  <DVD_episodenumber></DVD_episodenumber>
  <DVD_season></DVD_season>
  <Director>Elodie Keene</Director>
  <EpImgFlag>2</EpImgFlag>
  <EpisodeName>The Goldie Rush</EpisodeName>
  <EpisodeNumber>12</EpisodeNumber>
  <FirstAired>2013-01-08</FirstAired>
  <GuestStars>|Matt Bomer|Michael Hitchcock|</GuestStars>
  <IMDB_ID>tt2562720</IMDB_ID>
  <Language>en</Language>
  <Overview>Bryan and David discuss their future and how big they want to grow their family. The conversation leads them back to Expanding Families where Gary reveals that he wants a family of his own but he can’t seem to find the right guy. Bryan and David play matchmakers and set him up with Bryan’s ex-boyfriend and legendary party boy Monty, but their plan leads to more than they bargained for when Monty asks Goldie to be his surrogate. Elsewhere, Rocky and Jane help Shania deal with some mean girls.</Overview>
  <ProductionCode>1AVS12</ProductionCode>
  <Rating>7.5</Rating>
  <RatingCount>2</RatingCount>
  <SeasonNumber>1</SeasonNumber>
  <Writer>Ryan Murphy</Writer>
  <absolute_number>12</absolute_number>
  <filename>episodes/258979/4448882.jpg</filename>
  <lastupdated>1362520445</lastupdated>
  <seasonid>492312</seasonid>
  <seriesid>258979</seriesid>
</Episode>
<Episode>
  <id>4453922</id>
  <Combined_episodenumber>13</Combined_episodenumber>
  <Combined_season>1</Combined_season>
  <DVD_chapter></DVD_chapter>
  <DVD_discid></DVD_discid>
  <DVD_episodenumber></DVD_episodenumber>
  <DVD_season></DVD_season>
  <Director>Bradley Buecker</Director>
  <EpImgFlag>2</EpImgFlag>
  <EpisodeName>Stay-At-Home Dad</EpisodeName>
  <EpisodeNumber>13</EpisodeNumber>
  <FirstAired>2013-01-15</FirstAired>
  <GuestStars></GuestStars>
  <IMDB_ID>tt2591662</IMDB_ID>
  <Language>en</Language>
  <Overview>After a failed attempt at finding a nanny, Bryan  and David contemplate the idea of a stay-at-home dad. Both express interest in the role and decide to practice parenting by sending Goldie to a spa and taking in Shania. Bryan, convinced that he is the man for the job, gives Rocky a shot at her dream career by leaving her in charge at &quot;Sing,&quot; but he soon finds that producing a child's life is much more difficult than producing a television show. Later, David confidently takes over and quickly realizes that despite his best intentions parenting is not an exact science. </Overview>
  <ProductionCode>1AVS13</ProductionCode>
  <Rating>7.0</Rating>
  <RatingCount>4</RatingCount>
  <SeasonNumber>1</SeasonNumber>
  <Writer>Ali Adler</Writer>
  <absolute_number>13</absolute_number>
  <filename>episodes/258979/4453922.jpg</filename>
  <lastupdated>1362520459</lastupdated>
  <seasonid>492312</seasonid>
  <seriesid>258979</seriesid>
</Episode>
<Episode>
  <id>4470895</id>
  <Combined_episodenumber>14</Combined_episodenumber>
  <Combined_season>1</Combined_season>
  <DVD_chapter></DVD_chapter>
  <DVD_discid></DVD_discid>
  <DVD_episodenumber></DVD_episodenumber>
  <DVD_season></DVD_season>
  <Director>Elodie Keene</Director>
  <EpImgFlag>2</EpImgFlag>
  <EpisodeName>Gaydar</EpisodeName>
  <EpisodeNumber>14</EpisodeNumber>
  <FirstAired>2013-01-22</FirstAired>
  <GuestStars></GuestStars>
  <IMDB_ID></IMDB_ID>
  <Language>en</Language>
  <Overview>When Shania meets Rocky's new crush, Chris, she claims that her 'gaydar' is going off and that Chris might be more interested in men. Elsewhere, Jane is wondering if her fellow realtor, Brice, is just a fashionable guy or if he is into fashionable guys. Bryan decides to throw a dinner party that doubles as a Gay or Straight fact-finding mission. Meanwhile, David is struggling with how the world will treat their future son.</Overview>
  <ProductionCode>1AVS14</ProductionCode>
  <Rating>7.5</Rating>
  <RatingCount>4</RatingCount>
  <SeasonNumber>1</SeasonNumber>
  <Writer>Adam Barr</Writer>
  <absolute_number>14</absolute_number>
  <filename>episodes/258979/4470895.jpg</filename>
  <lastupdated>1362520470</lastupdated>
  <seasonid>492312</seasonid>
  <seriesid>258979</seriesid>
</Episode>
<Episode>
  <id>4478484</id>
  <Combined_episodenumber>15</Combined_episodenumber>
  <Combined_season>1</Combined_season>
  <DVD_chapter></DVD_chapter>
  <DVD_discid></DVD_discid>
  <DVD_episodenumber></DVD_episodenumber>
  <DVD_season></DVD_season>
  <Director>Bradley Buecker</Director>
  <EpImgFlag>2</EpImgFlag>
  <EpisodeName>Dairy Queen</EpisodeName>
  <EpisodeNumber>15</EpisodeNumber>
  <FirstAired>2013-01-29</FirstAired>
  <GuestStars></GuestStars>
  <IMDB_ID></IMDB_ID>
  <Language>en</Language>
  <Overview>Bryan wishes to have a natural connection to his baby-to-be. Later, Shania is upset to learn that her mother didn't breast-feed her when she was a baby, and Jane sets out to woo her sightly colleague. </Overview>
  <ProductionCode></ProductionCode>
  <Rating>7.3</Rating>
  <RatingCount>3</RatingCount>
  <SeasonNumber>1</SeasonNumber>
  <Writer>Mark Kunerth</Writer>
  <absolute_number></absolute_number>
  <filename>episodes/258979/4478484.jpg</filename>
  <lastupdated>1362520479</lastupdated>
  <seasonid>492312</seasonid>
  <seriesid>258979</seriesid>
</Episode>
<Episode>
  <id>4484898</id>
  <Combined_episodenumber>16</Combined_episodenumber>
  <Combined_season>1</Combined_season>
  <DVD_chapter></DVD_chapter>
  <DVD_discid></DVD_discid>
  <DVD_episodenumber></DVD_episodenumber>
  <DVD_season></DVD_season>
  <Director>Wendey Stanzler</Director>
  <EpImgFlag>2</EpImgFlag>
  <EpisodeName>Dog Children</EpisodeName>
  <EpisodeNumber>16</EpisodeNumber>
  <FirstAired>2013-02-19</FirstAired>
  <GuestStars></GuestStars>
  <IMDB_ID></IMDB_ID>
  <Language>en</Language>
  <Overview>Bryan and David get a preview of the highs and lows of parenting when their beloved puppy has a veterinary emergency. Meanwhile, Goldie meets with Shania's teacher after a class disruption; and romantic feelings between Clay and Goldie are reignited.</Overview>
  <ProductionCode></ProductionCode>
  <Rating>6.7</Rating>
  <RatingCount>3</RatingCount>
  <SeasonNumber>1</SeasonNumber>
  <Writer>Mike Scully</Writer>
  <absolute_number></absolute_number>
  <filename>episodes/258979/4484898.jpg</filename>
  <lastupdated>1362520489</lastupdated>
  <seasonid>492312</seasonid>
  <seriesid>258979</seriesid>
</Episode>
<Episode>
  <id>4489192</id>
  <Combined_episodenumber>17</Combined_episodenumber>
  <Combined_season>1</Combined_season>
  <DVD_chapter></DVD_chapter>
  <DVD_discid></DVD_discid>
  <DVD_episodenumber></DVD_episodenumber>
  <DVD_season></DVD_season>
  <Director>Paris Barclay</Director>
  <EpImgFlag>2</EpImgFlag>
  <EpisodeName>Rocky Bye Baby</EpisodeName>
  <EpisodeNumber>17</EpisodeNumber>
  <FirstAired>2013-02-26</FirstAired>
  <GuestStars></GuestStars>
  <IMDB_ID></IMDB_ID>
  <Language>en</Language>
  <Overview>The gang wants to throw a baby shower for a reluctant Bryan and David, who decide to donate all their baby gifts to an adoption agency. Meanwhile, Clay and Shania agree to stage a surprise shower for Goldie.</Overview>
  <ProductionCode></ProductionCode>
  <Rating>6.4</Rating>
  <RatingCount>5</RatingCount>
  <SeasonNumber>1</SeasonNumber>
  <Writer>Karey Dornetto</Writer>
  <absolute_number></absolute_number>
  <filename>episodes/258979/4489192.jpg</filename>
  <lastupdated>1362025531</lastupdated>
  <seasonid>492312</seasonid>
  <seriesid>258979</seriesid>
</Episode>
<Episode>
  <id>4502109</id>
  <Combined_episodenumber>18</Combined_episodenumber>
  <Combined_season>1</Combined_season>
  <DVD_chapter></DVD_chapter>
  <DVD_discid></DVD_discid>
  <DVD_episodenumber></DVD_episodenumber>
  <DVD_season></DVD_season>
  <Director></Director>
  <EpImgFlag>2</EpImgFlag>
  <EpisodeName>Para-New Normal Activity</EpisodeName>
  <EpisodeNumber>18</EpisodeNumber>
  <FirstAired>2013-03-05</FirstAired>
  <GuestStars></GuestStars>
  <IMDB_ID></IMDB_ID>
  <Language>en</Language>
  <Overview>Bryan basks in the Halloween spirit by decorating the house, going to a pumpkin patch to spot celebrities and ruling over everyone's costumes. David finally rebels when Bryan insists on having a Honey Boo Boo theme.</Overview>
  <ProductionCode></ProductionCode>
  <Rating>7.0</Rating>
  <RatingCount>2</RatingCount>
  <SeasonNumber>1</SeasonNumber>
  <Writer></Writer>
  <absolute_number></absolute_number>
  <filename>episodes/258979/4502109.jpg</filename>
  <lastupdated>1362833453</lastupdated>
  <seasonid>492312</seasonid>
  <seriesid>258979</seriesid>
</Episode>
<Episode>
  <id>4510614</id>
  <Combined_episodenumber>19</Combined_episodenumber>
  <Combined_season>1</Combined_season>
  <DVD_chapter></DVD_chapter>
  <DVD_discid></DVD_discid>
  <DVD_episodenumber></DVD_episodenumber>
  <DVD_season></DVD_season>
  <Director>Elodie Keene</Director>
  <EpImgFlag>2</EpImgFlag>
  <EpisodeName>Blood, Sweat and Fears</EpisodeName>
  <EpisodeNumber>19</EpisodeNumber>
  <FirstAired>2013-03-19</FirstAired>
  <GuestStars></GuestStars>
  <IMDB_ID></IMDB_ID>
  <Language>en</Language>
  <Overview>Bryan proposes using natural childbirth for the baby's delivery, but a classroom video may change his mind. Meanwhile, Goldie searches for new retail space for her clothing business, and Rocky faces her maternal insecurities.</Overview>
  <ProductionCode></ProductionCode>
  <Rating>6.0</Rating>
  <RatingCount>1</RatingCount>
  <SeasonNumber>1</SeasonNumber>
  <Writer>Aaron Lee</Writer>
  <absolute_number></absolute_number>
  <filename>episodes/258979/4510614.jpg</filename>
  <lastupdated>1363779710</lastupdated>
  <seasonid>492312</seasonid>
  <seriesid>258979</seriesid>
</Episode>
<Episode>
  <id>4517766</id>
  <Combined_episodenumber>20</Combined_episodenumber>
  <Combined_season>1</Combined_season>
  <DVD_chapter></DVD_chapter>
  <DVD_discid></DVD_discid>
  <DVD_episodenumber></DVD_episodenumber>
  <DVD_season></DVD_season>
  <Director>Scott Ellis</Director>
  <EpImgFlag>2</EpImgFlag>
  <EpisodeName>About a Boy Scout</EpisodeName>
  <EpisodeNumber>20</EpisodeNumber>
  <FirstAired>2013-03-26</FirstAired>
  <GuestStars></GuestStars>
  <IMDB_ID></IMDB_ID>
  <Language>en</Language>
  <Overview>Despite Bryan’s (Andrew Rannells) concerns, David (Justin Bartha), a former Eagle Scout, jumps at the chance to chaperone a Boy Scout overnight with his friend’s son. His skills earn him the respect of the other fathers and scouts, but when one father disagrees with his lifestyle, David’s Boy Scout membership is revoked. Elsewhere, Rocky (NeNe Leakes) is helping Goldie (Georgia King) sort out her secret crush on Brice (guest star John Stamos). Bebe Wood also stars.</Overview>
  <ProductionCode></ProductionCode>
  <Rating>8.0</Rating>
  <RatingCount>1</RatingCount>
  <SeasonNumber>1</SeasonNumber>
  <Writer>Mark Kunerth &amp; Karey Dornetto</Writer>
  <absolute_number></absolute_number>
  <filename>episodes/258979/4517766.jpg</filename>
  <lastupdated>1364382719</lastupdated>
  <seasonid>492312</seasonid>
  <seriesid>258979</seriesid>
</Episode>
<Episode>
  <id>4517767</id>
  <Combined_episodenumber>21</Combined_episodenumber>
  <Combined_season>1</Combined_season>
  <DVD_chapter></DVD_chapter>
  <DVD_discid></DVD_discid>
  <DVD_episodenumber></DVD_episodenumber>
  <DVD_season></DVD_season>
  <Director></Director>
  <EpImgFlag>3</EpImgFlag>
  <EpisodeName>Finding Name-O</EpisodeName>
  <EpisodeNumber>21</EpisodeNumber>
  <FirstAired>2013-04-02</FirstAired>
  <GuestStars></GuestStars>
  <IMDB_ID></IMDB_ID>
  <Language>en</Language>
  <Overview>Bryan (Andrew Rannells) and David (Justin Bartha) are facing the hardest decision of their relationship, what to name their baby. The conflict prompts Goldie (Georgia King) to reveal the origin of Shania’s (Bebe Wood) name leading to brief identity crises for both of them. Later, While breezing through their wedding planning, David suggests that Bryan invite his mother Colleen (guest star Mary Kay Place), but her added opinion leads to more conflict and an unusual resolution. Meanwhile, Clay (Jayson Blair) decides it’s time to let Goldie know how he feels, after receiving some unsolicited advice from Brice (guest star John Stamos). NeNe Leaks also stars.</Overview>
  <ProductionCode></ProductionCode>
  <Rating></Rating>
  <RatingCount>0</RatingCount>
  <SeasonNumber>1</SeasonNumber>
  <Writer></Writer>
  <absolute_number></absolute_number>
  <filename>episodes/258979/4517767.jpg</filename>
  <lastupdated>1364889422</lastupdated>
  <seasonid>492312</seasonid>
  <seriesid>258979</seriesid>
</Episode>
<Episode>
  <id>4517768</id>
  <Combined_episodenumber>22</Combined_episodenumber>
  <Combined_season>1</Combined_season>
  <DVD_chapter></DVD_chapter>
  <DVD_discid></DVD_discid>
  <DVD_episodenumber></DVD_episodenumber>
  <DVD_season></DVD_season>
  <Director></Director>
  <EpImgFlag>3</EpImgFlag>
  <EpisodeName>The Big Day</EpisodeName>
  <EpisodeNumber>22</EpisodeNumber>
  <FirstAired>2013-04-02</FirstAired>
  <GuestStars></GuestStars>
  <IMDB_ID></IMDB_ID>
  <Language>en</Language>
  <Overview>The wedding is finally here and despite all of the challenges that pop up throughout the day, Bryan (Andrew Rannells) and David (Justin Bartha) are dead set on getting married before the arrival of their baby, but their son has other plans.</Overview>
  <ProductionCode></ProductionCode>
  <Rating></Rating>
  <RatingCount>0</RatingCount>
  <SeasonNumber>1</SeasonNumber>
  <Writer></Writer>
  <absolute_number></absolute_number>
  <filename>episodes/258979/4517768.jpg</filename>
  <lastupdated>1364889464</lastupdated>
  <seasonid>492312</seasonid>
  <seriesid>258979</seriesid>
</Episode>
</Data>