<?xml version="1.0" encoding="UTF-8" ?>
<Banners>
<Banner>
  <id>24648</id>
  <BannerPath>fanart/original/78874-5.jpg</BannerPath>
  <BannerType>fanart</BannerType>
  <BannerType2>1920x1080</BannerType2>
  <Colors>|96,54,42|206,152,124|73,59,48|</Colors>
  <Language>en</Language>
  <Rating>7.1304</Rating>
  <RatingCount>23</RatingCount>
  <SeriesName>false</SeriesName>
  <ThumbnailPath>_cache/fanart/original/78874-5.jpg</ThumbnailPath>
  <VignettePath>fanart/vignette/78874-5.jpg</VignettePath>
</Banner>
<Banner>
  <id>21997</id>
  <BannerPath>fanart/original/78874-4.jpg</BannerPath>
  <BannerType>fanart</BannerType>
  <BannerType2>1280x720</BannerType2>
  <Colors>|252,230,93|62,63,58|187,187,189|</Colors>
  <Language>en</Language>
  <Rating>6.8800</Rating>
  <RatingCount>25</RatingCount>
  <SeriesName>false</SeriesName>
  <ThumbnailPath>_cache/fanart/original/78874-4.jpg</ThumbnailPath>
  <VignettePath>fanart/vignette/78874-4.jpg</VignettePath>
</Banner>
<Banner>
  <id>20292</id>
  <BannerPath>fanart/original/78874-1.jpg</BannerPath>
  <BannerType>fanart</BannerType>
  <BannerType2>1280x720</BannerType2>
  <Colors>|105,74,92|18,10,7|59,41,19|</Colors>
  <Language>en</Language>
  <Rating>6.6667</Rating>
  <RatingCount>15</RatingCount>
  <SeriesName>false</SeriesName>
  <ThumbnailPath>_cache/fanart/original/78874-1.jpg</ThumbnailPath>
  <VignettePath>fanart/vignette/78874-1.jpg</VignettePath>
</Banner>
<Banner>
  <id>151301</id>
  <BannerPath>fanart/original/78874-11.jpg</BannerPath>
  <BannerType>fanart</BannerType>
  <BannerType2>1920x1080</BannerType2>
  <Colors>|154,150,123|102,56,43|200,149,106|</Colors>
  <Language>en</Language>
  <Rating>6.6667</Rating>
  <RatingCount>9</RatingCount>
  <SeriesName>false</SeriesName>
  <ThumbnailPath>_cache/fanart/original/78874-11.jpg</ThumbnailPath>
  <VignettePath>fanart/vignette/78874-11.jpg</VignettePath>
</Banner>
<Banner>
  <id>58801</id>
  <BannerPath>fanart/original/78874-8.jpg</BannerPath>
  <BannerType>fanart</BannerType>
  <BannerType2>1280x720</BannerType2>
  <Colors>|70,57,75|61,48,65|58,52,66|</Colors>
  <Language>en</Language>
  <Rating>6.6364</Rating>
  <RatingCount>11</RatingCount>
  <SeriesName>false</SeriesName>
  <ThumbnailPath>_cache/fanart/original/78874-8.jpg</ThumbnailPath>
  <VignettePath>fanart/vignette/78874-8.jpg</VignettePath>
</Banner>
<Banner>
  <id>21995</id>
  <BannerPath>fanart/original/78874-2.jpg</BannerPath>
  <BannerType>fanart</BannerType>
  <BannerType2>1280x720</BannerType2>
  <Colors>|224,205,211|76,30,4|129,134,140|</Colors>
  <Language>en</Language>
  <Rating>6.6000</Rating>
  <RatingCount>10</RatingCount>
  <SeriesName>false</SeriesName>
  <ThumbnailPath>_cache/fanart/original/78874-2.jpg</ThumbnailPath>
  <VignettePath>fanart/vignette/78874-2.jpg</VignettePath>
</Banner>
<Banner>
  <id>927502</id>
  <BannerPath>fanart/original/78874-14.jpg</BannerPath>
  <BannerType>fanart</BannerType>
  <BannerType2>1920x1080</BannerType2>
  <Colors></Colors>
  <Language>en</Language>
  <Rating>6.0000</Rating>
  <RatingCount>1</RatingCount>
  <SeriesName>false</SeriesName>
  <ThumbnailPath>_cache/fanart/original/78874-14.jpg</ThumbnailPath>
  <VignettePath>fanart/vignette/78874-14.jpg</VignettePath>
</Banner>
<Banner>
  <id>338151</id>
  <BannerPath>fanart/original/78874-13.jpg</BannerPath>
  <BannerType>fanart</BannerType>
  <BannerType2>1280x720</BannerType2>
  <Colors></Colors>
  <Language>en</Language>
  <Rating>5.8333</Rating>
  <RatingCount>6</RatingCount>
  <SeriesName>false</SeriesName>
  <ThumbnailPath>_cache/fanart/original/78874-13.jpg</ThumbnailPath>
  <VignettePath>fanart/vignette/78874-13.jpg</VignettePath>
</Banner>
<Banner>
  <id>26771</id>
  <BannerPath>fanart/original/78874-6.jpg</BannerPath>
  <BannerType>fanart</BannerType>
  <BannerType2>1920x1080</BannerType2>
  <Colors>|26,26,28|202,53,57|56,65,70|</Colors>
  <Language>en</Language>
  <Rating>5.5833</Rating>
  <RatingCount>12</RatingCount>
  <SeriesName>false</SeriesName>
  <ThumbnailPath>_cache/fanart/original/78874-6.jpg</ThumbnailPath>
  <VignettePath>fanart/vignette/78874-6.jpg</VignettePath>
</Banner>
<Banner>
  <id>60061</id>
  <BannerPath>fanart/original/78874-9.jpg</BannerPath>
  <BannerType>fanart</BannerType>
  <BannerType2>1280x720</BannerType2>
  <Colors></Colors>
  <Language>en</Language>
  <Rating>5.5714</Rating>
  <RatingCount>7</RatingCount>
  <SeriesName>false</SeriesName>
  <ThumbnailPath>_cache/fanart/original/78874-9.jpg</ThumbnailPath>
  <VignettePath>fanart/vignette/78874-9.jpg</VignettePath>
</Banner>
<Banner>
  <id>43183</id>
  <BannerPath>fanart/original/78874-7.jpg</BannerPath>
  <BannerType>fanart</BannerType>
  <BannerType2>1280x720</BannerType2>
  <Colors>|230,203,176|13,13,13|44,8,8|</Colors>
  <Language>en</Language>
  <Rating>5.2500</Rating>
  <RatingCount>4</RatingCount>
  <SeriesName>false</SeriesName>
  <ThumbnailPath>_cache/fanart/original/78874-7.jpg</ThumbnailPath>
  <VignettePath>fanart/vignette/78874-7.jpg</VignettePath>
</Banner>
<Banner>
  <id>21996</id>
  <BannerPath>fanart/original/78874-3.jpg</BannerPath>
  <BannerType>fanart</BannerType>
  <BannerType2>1280x720</BannerType2>
  <Colors>|193,159,72|95,49,23|216,207,174|</Colors>
  <Language>en</Language>
  <Rating>4.6000</Rating>
  <RatingCount>5</RatingCount>
  <SeriesName>false</SeriesName>
  <ThumbnailPath>_cache/fanart/original/78874-3.jpg</ThumbnailPath>
  <VignettePath>fanart/vignette/78874-3.jpg</VignettePath>
</Banner>
<Banner>
  <id>235911</id>
  <BannerPath>fanart/original/78874-10.jpg</BannerPath>
  <BannerType>fanart</BannerType>
  <BannerType2>1280x720</BannerType2>
  <Colors></Colors>
  <Language>en</Language>
  <Rating>3.0000</Rating>
  <RatingCount>2</RatingCount>
  <SeriesName>true</SeriesName>
  <ThumbnailPath>_cache/fanart/original/78874-10.jpg</ThumbnailPath>
  <VignettePath>fanart/vignette/78874-10.jpg</VignettePath>
</Banner>
<Banner>
  <id>915332</id>
  <BannerPath>fanart/original/78874-12.jpg</BannerPath>
  <BannerType>fanart</BannerType>
  <BannerType2>1280x720</BannerType2>
  <Colors></Colors>
  <Language>en</Language>
  <Rating></Rating>
  <RatingCount>0</RatingCount>
  <SeriesName>false</SeriesName>
  <ThumbnailPath>_cache/fanart/original/78874-12.jpg</ThumbnailPath>
  <VignettePath>fanart/vignette/78874-12.jpg</VignettePath>
</Banner>
<Banner>
  <id>25510</id>
  <BannerPath>posters/78874-2.jpg</BannerPath>
  <BannerType>poster</BannerType>
  <BannerType2>680x1000</BannerType2>
  <Language>en</Language>
  <Rating>7.4000</Rating>
  <RatingCount>15</RatingCount>
</Banner>
<Banner>
  <id>435041</id>
  <BannerPath>posters/78874-6.jpg</BannerPath>
  <BannerType>poster</BannerType>
  <BannerType2>680x1000</BannerType2>
  <Language>en</Language>
  <Rating>6.6250</Rating>
  <RatingCount>8</RatingCount>
</Banner>
<Banner>
  <id>338201</id>
  <BannerPath>posters/78874-5.jpg</BannerPath>
  <BannerType>poster</BannerType>
  <BannerType2>680x1000</BannerType2>
  <Language>en</Language>
  <Rating>4.5556</Rating>
  <RatingCount>9</RatingCount>
</Banner>
<Banner>
  <id>230631</id>
  <BannerPath>posters/78874-3.jpg</BannerPath>
  <BannerType>poster</BannerType>
  <BannerType2>680x1000</BannerType2>
  <Language>en</Language>
  <Rating>4.0000</Rating>
  <RatingCount>4</RatingCount>
</Banner>
<Banner>
  <id>338191</id>
  <BannerPath>posters/78874-4.jpg</BannerPath>
  <BannerType>poster</BannerType>
  <BannerType2>680x1000</BannerType2>
  <Language>en</Language>
  <Rating>3.7143</Rating>
  <RatingCount>7</RatingCount>
</Banner>
<Banner>
  <id>25509</id>
  <BannerPath>posters/78874-1.jpg</BannerPath>
  <BannerType>poster</BannerType>
  <BannerType2>680x1000</BannerType2>
  <Language>en</Language>
  <Rating>3.6667</Rating>
  <RatingCount>6</RatingCount>
</Banner>
<Banner>
  <id>936191</id>
  <BannerPath>posters/78874-7.jpg</BannerPath>
  <BannerType>poster</BannerType>
  <BannerType2>680x1000</BannerType2>
  <Language>en</Language>
  <Rating>1.0000</Rating>
  <RatingCount>1</RatingCount>
</Banner>
<Banner>
  <id>36561</id>
  <BannerPath>seasons/78874-0.jpg</BannerPath>
  <BannerType>season</BannerType>
  <BannerType2>season</BannerType2>
  <Language>en</Language>
  <Rating>8.2000</Rating>
  <RatingCount>5</RatingCount>
  <Season>0</Season>
</Banner>
<Banner>
  <id>42071</id>
  <BannerPath>seasons/78874-1-2.jpg</BannerPath>
  <BannerType>season</BannerType>
  <BannerType2>season</BannerType2>
  <Language>en</Language>
  <Rating>8.1667</Rating>
  <RatingCount>6</RatingCount>
  <Season>1</Season>
</Banner>
<Banner>
  <id>202521</id>
  <BannerPath>seasons/78874-0-3.jpg</BannerPath>
  <BannerType>season</BannerType>
  <BannerType2>season</BannerType2>
  <Language>en</Language>
  <Rating>6.6667</Rating>
  <RatingCount>3</RatingCount>
  <Season>0</Season>
</Banner>
<Banner>
  <id>6702</id>
  <BannerPath>seasons/7097-1.jpg</BannerPath>
  <BannerType>season</BannerType>
  <BannerType2>season</BannerType2>
  <Language>en</Language>
  <Rating>6.6000</Rating>
  <RatingCount>5</RatingCount>
  <Season>1</Season>
</Banner>
<Banner>
  <id>35001</id>
  <BannerPath>seasons/78874-1.jpg</BannerPath>
  <BannerType>season</BannerType>
  <BannerType2>season</BannerType2>
  <Language>hu</Language>
  <Rating></Rating>
  <RatingCount>0</RatingCount>
  <Season>1</Season>
</Banner>
<Banner>
  <id>934885</id>
  <BannerPath>seasons/78874-1-3.jpg</BannerPath>
  <BannerType>season</BannerType>
  <BannerType2>season</BannerType2>
  <Language>en</Language>
  <Rating></Rating>
  <RatingCount>0</RatingCount>
  <Season>1</Season>
</Banner>
<Banner>
  <id>910315</id>
  <BannerPath>graphical/78874-g3.jpg</BannerPath>
  <BannerType>series</BannerType>
  <BannerType2>graphical</BannerType2>
  <Language>en</Language>
  <Rating>9.5000</Rating>
  <RatingCount>4</RatingCount>
</Banner>
<Banner>
  <id>935601</id>
  <BannerPath>graphical/78874-g4.jpg</BannerPath>
  <BannerType>series</BannerType>
  <BannerType2>graphical</BannerType2>
  <Language>en</Language>
  <Rating>9.0000</Rating>
  <RatingCount>1</RatingCount>
</Banner>
<Banner>
  <id>5430</id>
  <BannerPath>graphical/7097-g.jpg</BannerPath>
  <BannerType>series</BannerType>
  <BannerType2>graphical</BannerType2>
  <Language>en</Language>
  <Rating>9.0000</Rating>
  <RatingCount>13</RatingCount>
</Banner>
<Banner>
  <id>883623</id>
  <BannerPath>graphical/78874-g2.jpg</BannerPath>
  <BannerType>series</BannerType>
  <BannerType2>graphical</BannerType2>
  <Language>en</Language>
  <Rating>8.0000</Rating>
  <RatingCount>2</RatingCount>
</Banner>
<Banner>
  <id>935605</id>
  <BannerPath>graphical/78874-g8.jpg</BannerPath>
  <BannerType>series</BannerType>
  <BannerType2>graphical</BannerType2>
  <Language>en</Language>
  <Rating>7.0000</Rating>
  <RatingCount>2</RatingCount>
</Banner>
<Banner>
  <id>439481</id>
  <BannerPath>graphical/78874-g.jpg</BannerPath>
  <BannerType>series</BannerType>
  <BannerType2>graphical</BannerType2>
  <Language>en</Language>
  <Rating>6.0000</Rating>
  <RatingCount>3</RatingCount>
</Banner>
<Banner>
  <id>935602</id>
  <BannerPath>graphical/78874-g5.jpg</BannerPath>
  <BannerType>series</BannerType>
  <BannerType2>graphical</BannerType2>
  <Language>en</Language>
  <Rating>5.5000</Rating>
  <RatingCount>2</RatingCount>
</Banner>
<Banner>
  <id>935604</id>
  <BannerPath>graphical/78874-g7.jpg</BannerPath>
  <BannerType>series</BannerType>
  <BannerType2>graphical</BannerType2>
  <Language>en</Language>
  <Rating>4.0000</Rating>
  <RatingCount>1</RatingCount>
</Banner>
<Banner>
  <id>13012</id>
  <BannerPath>blank/78874.jpg</BannerPath>
  <BannerType>series</BannerType>
  <BannerType2>blank</BannerType2>
  <Language>en</Language>
  <Rating>2.0000</Rating>
  <RatingCount>3</RatingCount>
</Banner>
<Banner>
  <id>9169</id>
  <BannerPath>text/7097.jpg</BannerPath>
  <BannerType>series</BannerType>
  <BannerType2>text</BannerType2>
  <Language>en</Language>
  <Rating>1.0000</Rating>
  <RatingCount>3</RatingCount>
</Banner>
<Banner>
  <id>935603</id>
  <BannerPath>graphical/78874-g6.jpg</BannerPath>
  <BannerType>series</BannerType>
  <BannerType2>graphical</BannerType2>
  <Language>en</Language>
  <Rating></Rating>
  <RatingCount>0</RatingCount>
</Banner>
</Banners>