<?xml version="1.0" encoding="UTF-8" ?>
<Data><Series>
  <id>78874</id>
  <Actors>|Nathan Fillion|Gina Torres|Alan Tudyk|Morena Baccarin|Adam Baldwin|Jewel Staite|Summer Glau|Sean Maher|Ron Glass|Christina Hendricks|</Actors>
  <Airs_DayOfWeek>Friday</Airs_DayOfWeek>
  <Airs_Time>8:00 PM</Airs_Time>
  <ContentRating>TV-14</ContentRating>
  <FirstAired>2002-09-20</FirstAired>
  <Genre>|Drama|Science-Fiction|</Genre>
  <IMDB_ID>tt0303461</IMDB_ID>
  <Language>en</Language>
  <Network>FOX</Network>
  <NetworkID></NetworkID>
  <Overview>In the far-distant future, Captain Malcolm &quot;Mal&quot; Reynolds is a renegade former brown-coat sergeant, now turned smuggler &amp; rogue, who is the commander of a small spacecraft, with a loyal hand-picked crew made up of the first mate, Zoe Warren; the pilot Hoban &quot;Wash&quot; Washburn; the gung-ho grunt Jayne Cobb; the engineer Kaylee Frye; the fugitives Dr. Simon Tam and his psychic sister River. Together, they travel the far reaches of space in search of food, money, and anything to live on.</Overview>
  <Rating>9.5</Rating>
  <RatingCount>364</RatingCount>
  <Runtime>45</Runtime>
  <SeriesID>7097</SeriesID>
  <SeriesName>Firefly</SeriesName>
  <Status>Ended</Status>
  <added></added>
  <addedBy></addedBy>
  <banner>graphical/78874-g3.jpg</banner>
  <fanart>fanart/original/78874-5.jpg</fanart>
  <lastupdated>1364958829</lastupdated>
  <poster>posters/78874-2.jpg</poster>
  <zap2it_id>EP00524463</zap2it_id>
</Series>
<Episode>
  <id>415679</id>
  <Combined_episodenumber>1</Combined_episodenumber>
  <Combined_season>0</Combined_season>
  <DVD_chapter></DVD_chapter>
  <DVD_discid></DVD_discid>
  <DVD_episodenumber></DVD_episodenumber>
  <DVD_season></DVD_season>
  <Director>Joss Whedon</Director>
  <EpImgFlag>2</EpImgFlag>
  <EpisodeName>Serenity</EpisodeName>
  <EpisodeNumber>1</EpisodeNumber>
  <FirstAired>2005-09-30</FirstAired>
  <GuestStars></GuestStars>
  <IMDB_ID></IMDB_ID>
  <Language>en</Language>
  <Overview>In the future, when a passenger with a deadly secret. Six rebels on the run. An assassin in pursuit. When the renegade crew of Serenity agrees to hide a fugitive on their ship, they find themselves in an awesome action-packed battle between the relentless military might of a totalitarian regime who will destroy anything - or anyone - to get the girl back and the bloodthirsty creatures who roam the uncharted areas of space. But, the greatest danger of all may be on their ship.</Overview>
  <ProductionCode></ProductionCode>
  <Rating>9.3</Rating>
  <RatingCount>11</RatingCount>
  <SeasonNumber>0</SeasonNumber>
  <Writer>Joss Whedon</Writer>
  <absolute_number>15</absolute_number>
  <airsafter_season>1</airsafter_season>
  <airsbefore_episode></airsbefore_episode>
  <airsbefore_season></airsbefore_season>
  <filename>episodes/78874/415679.jpg</filename>
  <lastupdated>1358950216</lastupdated>
  <seasonid>26328</seasonid>
  <seriesid>78874</seriesid>
</Episode>
<Episode>
  <id>1000141</id>
  <Combined_episodenumber>2</Combined_episodenumber>
  <Combined_season>0</Combined_season>
  <DVD_chapter></DVD_chapter>
  <DVD_discid></DVD_discid>
  <DVD_episodenumber></DVD_episodenumber>
  <DVD_season></DVD_season>
  <Director></Director>
  <EpImgFlag>1</EpImgFlag>
  <EpisodeName>Here’s How It Was: The Making of “Firefly”</EpisodeName>
  <EpisodeNumber>2</EpisodeNumber>
  <FirstAired>2003-12-09</FirstAired>
  <GuestStars></GuestStars>
  <IMDB_ID></IMDB_ID>
  <Language>en</Language>
  <Overview>Firefly Special Features from DVD/BluRay, Here’s How It Was: The Making of “Firefly”</Overview>
  <ProductionCode></ProductionCode>
  <Rating>7.0</Rating>
  <RatingCount>6</RatingCount>
  <SeasonNumber>0</SeasonNumber>
  <Writer></Writer>
  <absolute_number></absolute_number>
  <airsafter_season>1</airsafter_season>
  <airsbefore_episode></airsbefore_episode>
  <airsbefore_season></airsbefore_season>
  <filename>episodes/78874/1000141.jpg</filename>
  <lastupdated>1281741143</lastupdated>
  <seasonid>26328</seasonid>
  <seriesid>78874</seriesid>
</Episode>
<Episode>
  <id>967981</id>
  <Combined_episodenumber>3</Combined_episodenumber>
  <Combined_season>0</Combined_season>
  <DVD_chapter></DVD_chapter>
  <DVD_discid></DVD_discid>
  <DVD_episodenumber></DVD_episodenumber>
  <DVD_season></DVD_season>
  <Director>Tony Hadlock|Jason Heppler|Jeremy Neish|Jared Nelson|Brian Wiser</Director>
  <EpImgFlag>2</EpImgFlag>
  <EpisodeName>Done the Impossible</EpisodeName>
  <EpisodeNumber>3</EpisodeNumber>
  <FirstAired>2006-07-28</FirstAired>
  <GuestStars>Joss Whedon|Doron Kipper|Greg Edmonson</GuestStars>
  <IMDB_ID>tt0838164</IMDB_ID>
  <Language>en</Language>
  <Overview>&quot;Done the Impossible&quot; is a documentary fan film of the TV series &quot;Firefly&quot;. Its main focus is on the fans themselves, and how they came to love the show and, ultimately, played a part in getting the film &quot;Serenity&quot; made.</Overview>
  <ProductionCode></ProductionCode>
  <Rating>8.0</Rating>
  <RatingCount>2</RatingCount>
  <SeasonNumber>0</SeasonNumber>
  <Writer>Joss Whedon</Writer>
  <absolute_number></absolute_number>
  <airsafter_season>1</airsafter_season>
  <airsbefore_episode></airsbefore_episode>
  <airsbefore_season></airsbefore_season>
  <filename>episodes/78874/967981.jpg</filename>
  <lastupdated>1270848353</lastupdated>
  <seasonid>26328</seasonid>
  <seriesid>78874</seriesid>
</Episode>
<Episode>
  <id>4360465</id>
  <Combined_episodenumber>4</Combined_episodenumber>
  <Combined_season>0</Combined_season>
  <DVD_chapter></DVD_chapter>
  <DVD_discid></DVD_discid>
  <DVD_episodenumber></DVD_episodenumber>
  <DVD_season></DVD_season>
  <Director></Director>
  <EpImgFlag>2</EpImgFlag>
  <EpisodeName>Browncoats Unite</EpisodeName>
  <EpisodeNumber>4</EpisodeNumber>
  <FirstAired>2012-11-11</FirstAired>
  <GuestStars></GuestStars>
  <IMDB_ID></IMDB_ID>
  <Language>en</Language>
  <Overview>The cast of Firefly unite after 10 years to discuss the lasting impact of one of the most short-lived, yet somehow massively influential and beloved shows of all time.</Overview>
  <ProductionCode></ProductionCode>
  <Rating>9.7</Rating>
  <RatingCount>3</RatingCount>
  <SeasonNumber>0</SeasonNumber>
  <Writer></Writer>
  <absolute_number></absolute_number>
  <airsafter_season>1</airsafter_season>
  <airsbefore_episode></airsbefore_episode>
  <airsbefore_season></airsbefore_season>
  <filename>episodes/78874/4360465.jpg</filename>
  <lastupdated>1353371788</lastupdated>
  <seasonid>26328</seasonid>
  <seriesid>78874</seriesid>
</Episode>
<Episode>
  <id>297989</id>
  <Combined_episodenumber>2.0</Combined_episodenumber>
  <Combined_season>1</Combined_season>
  <DVD_chapter></DVD_chapter>
  <DVD_discid></DVD_discid>
  <DVD_episodenumber>2.0</DVD_episodenumber>
  <DVD_season>1</DVD_season>
  <Director>|Joss Whedon|</Director>
  <EpImgFlag>2</EpImgFlag>
  <EpisodeName>The Train Job</EpisodeName>
  <EpisodeNumber>1</EpisodeNumber>
  <FirstAired>2002-09-20</FirstAired>
  <GuestStars>|Gregg Henry|Tom Towles|Andrew Bryniarski|Michael Fairman|Jeff Ricketts|Mark Sheppard|Valerie Red-Horse|Kevin Will|Lina Patel|David Reynolds|Dennis Cockrum|Eric Lange|Tawny Rene Hamilton|Michelle Ferrara|Drew Goddard|</GuestStars>
  <IMDB_ID>tt0579539</IMDB_ID>
  <Language>en</Language>
  <Overview>Serenity continues to travel through space conducting illegal runs across the star system, which is under the control of The Alliance. A powerful and fearsome mobster named Adelei Niska demands that the crew of Serenity pull a train robbery. The train is carrying medical supplies for a community, and Reynolds and Zoe get held on suspicion. They get free with Inara's help but realize they were tricked and try to return Niska's money. His henchman isn't too happy, but Mal &quot;persuades&quot; the next guy to take the money back. Meanwhile, two blue-handed, black-suited operatives close in on River.</Overview>
  <ProductionCode>1AGE01</ProductionCode>
  <Rating>8.1</Rating>
  <RatingCount>125</RatingCount>
  <SeasonNumber>1</SeasonNumber>
  <Writer>|Tim Minear|Joss Whedon|</Writer>
  <absolute_number>2</absolute_number>
  <filename>episodes/78874/297989.jpg</filename>
  <lastupdated>1340323665</lastupdated>
  <seasonid>15791</seasonid>
  <seriesid>78874</seriesid>
</Episode>
<Episode>
  <id>297990</id>
  <Combined_episodenumber>3.0</Combined_episodenumber>
  <Combined_season>1</Combined_season>
  <DVD_chapter></DVD_chapter>
  <DVD_discid></DVD_discid>
  <DVD_episodenumber>3.0</DVD_episodenumber>
  <DVD_season>1</DVD_season>
  <Director>|Tim Minear|</Director>
  <EpImgFlag>2</EpImgFlag>
  <EpisodeName>Bushwhacked</EpisodeName>
  <EpisodeNumber>2</EpisodeNumber>
  <FirstAired>2002-09-27</FirstAired>
  <GuestStars>|Branden Morgan|Doug Savant|Lancer Dean Shull|Doug Wax|Jared Poe|</GuestStars>
  <IMDB_ID>tt0579528</IMDB_ID>
  <Language>en</Language>
  <Overview>On a salvage mission aboard a drifting colony ship, the Serenity crew find signs that the crew were killed by the cannibalistic Reavers. They find one survivor, but things take a turn for the worse when an Alliance ship looking for an unspecified Firefly-class ship with brother-and-sister stowaways shows up and takes them in.</Overview>
  <ProductionCode>1AGE02</ProductionCode>
  <Rating>8.0</Rating>
  <RatingCount>101</RatingCount>
  <SeasonNumber>1</SeasonNumber>
  <Writer>|Tim Minear|</Writer>
  <absolute_number>3</absolute_number>
  <filename>episodes/78874/297990.jpg</filename>
  <lastupdated>1340323697</lastupdated>
  <seasonid>15791</seasonid>
  <seriesid>78874</seriesid>
</Episode>
<Episode>
  <id>297991</id>
  <Combined_episodenumber>6.0</Combined_episodenumber>
  <Combined_season>1</Combined_season>
  <DVD_chapter></DVD_chapter>
  <DVD_discid></DVD_discid>
  <DVD_episodenumber>6.0</DVD_episodenumber>
  <DVD_season>1</DVD_season>
  <Director>|Vondie Curtis-Hall|</Director>
  <EpImgFlag>2</EpImgFlag>
  <EpisodeName>Our Mrs. Reynolds</EpisodeName>
  <EpisodeNumber>3</EpisodeNumber>
  <FirstAired>2002-10-04</FirstAired>
  <GuestStars>|Jason Gray|Christina Hendricks|Benito Martinez|Erik Passoja|Bob Fimiani|Alex Stemjkovsky|Zachary Woodlee|</GuestStars>
  <IMDB_ID>tt0579532</IMDB_ID>
  <Language>en</Language>
  <Overview>While completing a job on a backwater world, Mal is married to a village girl without his knowledge. The girl, Saffron, gets onboard and the crew does not find her until they're already in the air. Mal is not sure what to do with her, but let her come along.</Overview>
  <ProductionCode>1AGE05</ProductionCode>
  <Rating>8.0</Rating>
  <RatingCount>101</RatingCount>
  <SeasonNumber>1</SeasonNumber>
  <Writer>|Joss Whedon|</Writer>
  <absolute_number>6</absolute_number>
  <filename>episodes/78874/297991.jpg</filename>
  <lastupdated>1340323903</lastupdated>
  <seasonid>15791</seasonid>
  <seriesid>78874</seriesid>
</Episode>
<Episode>
  <id>297992</id>
  <Combined_episodenumber>7.0</Combined_episodenumber>
  <Combined_season>1</Combined_season>
  <DVD_chapter></DVD_chapter>
  <DVD_discid></DVD_discid>
  <DVD_episodenumber>7.0</DVD_episodenumber>
  <DVD_season>1</DVD_season>
  <Director>|Marita Grabiak|</Director>
  <EpImgFlag>2</EpImgFlag>
  <EpisodeName>Jaynestown</EpisodeName>
  <EpisodeNumber>4</EpisodeNumber>
  <FirstAired>2002-10-18</FirstAired>
  <GuestStars>|Josef Cannon|Gregory Itzin|Daniel Bess|Kevin Gage|Zachary Kranzler|Jordan Lund|Bob McCracken|Ronald Craig Williams|John Jabaley|Laura Niemi|Simon Brooke|Clement E. Blake|</GuestStars>
  <IMDB_ID>tt0579530</IMDB_ID>
  <Language>en</Language>
  <Overview>Serenity sets down at the mudder colony of Canton where it turns out Jayne is a hero for having dropped a bunch of money there years ago that he and his partner Stitch stole from the local magistrate. The drop was unintentional but Jayne doesn't turn down the attentions. Meanwhile, Kaylee and Simon dance, River rewrites Book's bible, and Inara beds the magistrate's son, a virgin.</Overview>
  <ProductionCode>1AGE06</ProductionCode>
  <Rating>8.0</Rating>
  <RatingCount>88</RatingCount>
  <SeasonNumber>1</SeasonNumber>
  <Writer>|Ben Edlund|</Writer>
  <absolute_number>7</absolute_number>
  <filename>episodes/78874/297992.jpg</filename>
  <lastupdated>1340323942</lastupdated>
  <seasonid>15791</seasonid>
  <seriesid>78874</seriesid>
</Episode>
<Episode>
  <id>297993</id>
  <Combined_episodenumber>8.0</Combined_episodenumber>
  <Combined_season>1</Combined_season>
  <DVD_chapter></DVD_chapter>
  <DVD_discid></DVD_discid>
  <DVD_episodenumber>8.0</DVD_episodenumber>
  <DVD_season>1</DVD_season>
  <Director>|David Solomon|</Director>
  <EpImgFlag>2</EpImgFlag>
  <EpisodeName>Out of Gas</EpisodeName>
  <EpisodeNumber>5</EpisodeNumber>
  <FirstAired>2002-10-25</FirstAired>
  <GuestStars>|Lyle Kanouse|Dax Griffin|Roderick l. McCarthy|Steven Flynn|Ilia Volok|</GuestStars>
  <IMDB_ID>tt0579533</IMDB_ID>
  <Language>en</Language>
  <Overview>In a delirious state after Serenity's engine explodes, draining the ship of its oxygen supply, Mal has a series of flashbacks about how he came to own Serenity and form his crew. </Overview>
  <ProductionCode>1AGE07</ProductionCode>
  <Rating>8.3</Rating>
  <RatingCount>95</RatingCount>
  <SeasonNumber>1</SeasonNumber>
  <Writer>|Tim Minear|</Writer>
  <absolute_number>8</absolute_number>
  <filename>episodes/78874/297993.jpg</filename>
  <lastupdated>1340324042</lastupdated>
  <seasonid>15791</seasonid>
  <seriesid>78874</seriesid>
</Episode>
<Episode>
  <id>297994</id>
  <Combined_episodenumber>4.0</Combined_episodenumber>
  <Combined_season>1</Combined_season>
  <DVD_chapter></DVD_chapter>
  <DVD_discid></DVD_discid>
  <DVD_episodenumber>4.0</DVD_episodenumber>
  <DVD_season>1</DVD_season>
  <Director>|Vern Gillum|</Director>
  <EpImgFlag>2</EpImgFlag>
  <EpisodeName>Shindig</EpisodeName>
  <EpisodeNumber>6</EpisodeNumber>
  <FirstAired>2002-11-01</FirstAired>
  <GuestStars>|Mark Sheppard|Edward Atterton|Larry Drake|Carl Bresk|Larry Pennell|Michael McMillian|Joshua Grenrock|Kim Onasch|Janora McDuffie|Casey Piotrowski|Hunter Cochran|Roy Werner|</GuestStars>
  <IMDB_ID>tt0579537</IMDB_ID>
  <Language>en</Language>
  <Overview>On the planet Persephone the crew contact their old &quot;friend&quot; Badger the ruthless crime lord to transport some goods on behalf of a local lord. While at a ball to arrange a transport job with the lord, Mal defends Inara's honor when her current customer insults her. By local custom he unintentionally challenges her date, Atherton Wing, to a duel.</Overview>
  <ProductionCode>1AGE03</ProductionCode>
  <Rating>8.1</Rating>
  <RatingCount>87</RatingCount>
  <SeasonNumber>1</SeasonNumber>
  <Writer>|Jane Espenson|</Writer>
  <absolute_number>4</absolute_number>
  <filename>episodes/78874/297994.jpg</filename>
  <lastupdated>1340323716</lastupdated>
  <seasonid>15791</seasonid>
  <seriesid>78874</seriesid>
</Episode>
<Episode>
  <id>297995</id>
  <Combined_episodenumber>5.0</Combined_episodenumber>
  <Combined_season>1</Combined_season>
  <DVD_chapter></DVD_chapter>
  <DVD_discid></DVD_discid>
  <DVD_episodenumber>5.0</DVD_episodenumber>
  <DVD_season>1</DVD_season>
  <Director>|Michael Grossman|</Director>
  <EpImgFlag>2</EpImgFlag>
  <EpisodeName>Safe</EpisodeName>
  <EpisodeNumber>7</EpisodeNumber>
  <FirstAired>2002-11-08</FirstAired>
  <GuestStars>|Scott Terra|Andrew A. Rolfes|Matthew C. Ferreira|Joel Steingold|Erica N. Tazel|Ron Ostrow|Morina Pierce|Skylar Roberge|Zac Efron|Isabella Hofmann|William Converse-Roberts|Scott Terra|John Thaddeus|Gary Werntz|Bryan Friday|Andrew A. Rolfes|</GuestStars>
  <IMDB_ID>tt0579534</IMDB_ID>
  <Language>en</Language>
  <Overview>On a planet, Simon is kidnapped by locals who need a doctor, while River is threatened with burning as a witch.</Overview>
  <ProductionCode>1AGE04</ProductionCode>
  <Rating>7.9</Rating>
  <RatingCount>91</RatingCount>
  <SeasonNumber>1</SeasonNumber>
  <Writer>|Drew Z. Greenberg|</Writer>
  <absolute_number>5</absolute_number>
  <filename>episodes/78874/297995.jpg</filename>
  <lastupdated>1340324090</lastupdated>
  <seasonid>15791</seasonid>
  <seriesid>78874</seriesid>
</Episode>
<Episode>
  <id>297996</id>
  <Combined_episodenumber>9.0</Combined_episodenumber>
  <Combined_season>1</Combined_season>
  <DVD_chapter></DVD_chapter>
  <DVD_discid></DVD_discid>
  <DVD_episodenumber>9.0</DVD_episodenumber>
  <DVD_season>1</DVD_season>
  <Director>|Allan Kroeker|</Director>
  <EpImgFlag>2</EpImgFlag>
  <EpisodeName>Ariel</EpisodeName>
  <EpisodeNumber>8</EpisodeNumber>
  <FirstAired>2002-11-15</FirstAired>
  <GuestStars>|Blake Robbins|Jeff Ricketts|Dennis Cockrum|Tom Virtue|Roma Chugani|Ira Steck|Michael Nagy|Alex Connie|Cate Cohen|</GuestStars>
  <IMDB_ID>tt0579527</IMDB_ID>
  <Language>en</Language>
  <Overview>The crew visit the planet Ariel because Inara needs to receive an annual Companion physical. The crew is offered a surprising job by Simon: in return for stolen medicine he wants them to get him into a hospital to use a high-end scanner to diagnose River. Simon devises a plan - Kaylee and Wash browse through the local dump and find parts to make an imitation emergency vehicle so the crew can get into the hospital posing as EMTs. Simon and River pose as corpses with the aid of a drug Simon has. While Mal and Zoe round up some medicine, Jayne stays with River and Simon, who are unaware he has ratted them out to the Alliance in return for money.
Jayne rushes Simon through the examination and on the way out Jayne, Simon, and River are caught by the Alliance. Jayne is betrayed by the Alliance and becomes a prisoner himself. They manage to escape as the Men With Blue Hands arrive and ruthlessly execute anyone who had contact with the Tams. Mal and Zoe end up saving their friends and Simon ma</Overview>
  <ProductionCode>1AGE08</ProductionCode>
  <Rating>8.2</Rating>
  <RatingCount>87</RatingCount>
  <SeasonNumber>1</SeasonNumber>
  <Writer>|Jose Molina|</Writer>
  <absolute_number>9</absolute_number>
  <filename>episodes/78874/297996.jpg</filename>
  <lastupdated>1340324152</lastupdated>
  <seasonid>15791</seasonid>
  <seriesid>78874</seriesid>
</Episode>
<Episode>
  <id>297997</id>
  <Combined_episodenumber>10.0</Combined_episodenumber>
  <Combined_season>1</Combined_season>
  <DVD_chapter></DVD_chapter>
  <DVD_discid></DVD_discid>
  <DVD_episodenumber>10.0</DVD_episodenumber>
  <DVD_season>1</DVD_season>
  <Director>|James A. Contner|</Director>
  <EpImgFlag>2</EpImgFlag>
  <EpisodeName>War Stories</EpisodeName>
  <EpisodeNumber>9</EpisodeNumber>
  <FirstAired>2002-12-06</FirstAired>
  <GuestStars>|Katherine Kendall|Rolando Molina|John Dunn|Michael A. Benit|Adam Pilver|Jason Van|Johnny Shakespeare|Michael Fairman|</GuestStars>
  <IMDB_ID>tt0579541</IMDB_ID>
  <Language>en</Language>
  <Overview>Jealous of Zoe's relationship with Mal, Wash insists (thanks to a bit of scheming) that he go with Mal to try to sell some of the medical supplies the crew stole from the Alliance.  In the middle of the deal Mal and Wash are kidnapped by men working for Niska the crime lord, who wants revenge against Mal for the botched train heist.  He tortures Mal and Wash until Zoe shows up offering money in exchange for the prisoners.  Niska says that the money is only enough for one person and Zoe chooses Wash. Wash realizes that Mal's antagonizing him while they were being tortured was to help keep him alive and kicking.  This inspires him to do everything he can to help Zoe rescue Mal from Niska.  The rest of the crew jump on board to save the Captain.
Meanwhile Inara extends her services to a council member.  To the crew of Serenity's surprise, it's a woman. And Simon continues to treat River with some of the medicine he stole but she suffers the occasional relapse as well as displays a penchan</Overview>
  <ProductionCode>1AGE09</ProductionCode>
  <Rating>8.1</Rating>
  <RatingCount>84</RatingCount>
  <SeasonNumber>1</SeasonNumber>
  <Writer>|Cheryl Cain|</Writer>
  <absolute_number>10</absolute_number>
  <filename>episodes/78874/297997.jpg</filename>
  <lastupdated>1340324174</lastupdated>
  <seasonid>15791</seasonid>
  <seriesid>78874</seriesid>
</Episode>
<Episode>
  <id>297998</id>
  <Combined_episodenumber>14.0</Combined_episodenumber>
  <Combined_season>1</Combined_season>
  <DVD_chapter></DVD_chapter>
  <DVD_discid></DVD_discid>
  <DVD_episodenumber>14.0</DVD_episodenumber>
  <DVD_season>1</DVD_season>
  <Director>|Joss Whedon|</Director>
  <EpImgFlag>2</EpImgFlag>
  <EpisodeName>Objects in Space</EpisodeName>
  <EpisodeNumber>10</EpisodeNumber>
  <FirstAired>2002-12-13</FirstAired>
  <GuestStars>|Richard Brooks|Blake Robbins|</GuestStars>
  <IMDB_ID>tt0579531</IMDB_ID>
  <Language>en</Language>
  <Overview>A bounty hunter boards the Serenity to capture River for the Alliance.</Overview>
  <ProductionCode>1AGE11</ProductionCode>
  <Rating>8.5</Rating>
  <RatingCount>86</RatingCount>
  <SeasonNumber>1</SeasonNumber>
  <Writer>|Joss Whedon|</Writer>
  <absolute_number>14</absolute_number>
  <filename>episodes/78874/297998.jpg</filename>
  <lastupdated>1340324275</lastupdated>
  <seasonid>15791</seasonid>
  <seriesid>78874</seriesid>
</Episode>
<Episode>
  <id>297999</id>
  <Combined_episodenumber>1.0</Combined_episodenumber>
  <Combined_season>1</Combined_season>
  <DVD_chapter></DVD_chapter>
  <DVD_discid></DVD_discid>
  <DVD_episodenumber>1.0</DVD_episodenumber>
  <DVD_season>1</DVD_season>
  <Director>|Joss Whedon|</Director>
  <EpImgFlag>2</EpImgFlag>
  <EpisodeName>Serenity</EpisodeName>
  <EpisodeNumber>11</EpisodeNumber>
  <FirstAired>2002-12-20</FirstAired>
  <GuestStars>|Carlos Jacott|Mark Sheppard|Andy Umberger|Philip Sternberg|Eddie Adams|Colin Patrick Lynch|Domingo Vara|Stephen O'Mahoney|Jamie McShane|John F. Kearney|Gabrielle Wagner|</GuestStars>
  <IMDB_ID>tt0579535</IMDB_ID>
  <Language>en</Language>
  <Overview>After a flashback to Zoe's and Mal's days in the wars six years previous, we cut to the modern day where the Serenity crew is running a salvage operation on a deserted ship and are forced to flee with the cargo when the Alliance show up. Their buddy Badger refuses to buy the cargo so they head off to the rim worlds after picking up three passengers: Book, Simon, and Dobson. En route someone sends a signal to the Alliance and it turns out to be Dobson, an undercover Federal agent, who arrests Simon but is glad to take the whole crew in. He shoots Kaylee before being captured, and Simon forces Mal to flee in return for his doctoring services. When Mal investigates Simon's cargo he finds a naked woman...</Overview>
  <ProductionCode>1AGE79</ProductionCode>
  <Rating>8.4</Rating>
  <RatingCount>93</RatingCount>
  <SeasonNumber>1</SeasonNumber>
  <Writer>|Joss Whedon|</Writer>
  <absolute_number>1</absolute_number>
  <filename>episodes/78874/297999.jpg</filename>
  <lastupdated>1358950314</lastupdated>
  <seasonid>15791</seasonid>
  <seriesid>78874</seriesid>
</Episode>
<Episode>
  <id>298001</id>
  <Combined_episodenumber>13.0</Combined_episodenumber>
  <Combined_season>1</Combined_season>
  <DVD_chapter></DVD_chapter>
  <DVD_discid></DVD_discid>
  <DVD_episodenumber>13.0</DVD_episodenumber>
  <DVD_season>1</DVD_season>
  <Director>|Tom Wright|</Director>
  <EpImgFlag>2</EpImgFlag>
  <EpisodeName>Heart of Gold</EpisodeName>
  <EpisodeNumber>12</EpisodeNumber>
  <FirstAired>2003-06-23</FirstAired>
  <GuestStars>|Melinda Clarke|Fredric Lehne|Kimberly McCollough|Sandy Mulvihill|Tracy Leah Ryan|Jim Lau|Heather Black|Angie Hart|Doan Ly|Sandy Mulvihill|</GuestStars>
  <IMDB_ID>tt0579529</IMDB_ID>
  <Language>en</Language>
  <Overview>The crew of the Serenity are in for a gunfight when one of Inara's companion colleagues asks for their help. The Serenity crew defends a bordello from a gunslinger who got a prostitute pregnant and now intends to collect the child; Mal falls for the bordello's madam.</Overview>
  <ProductionCode>1AGE10</ProductionCode>
  <Rating>7.8</Rating>
  <RatingCount>80</RatingCount>
  <SeasonNumber>1</SeasonNumber>
  <Writer>|Brent Matthews|</Writer>
  <absolute_number>13</absolute_number>
  <filename>episodes/78874/298001.jpg</filename>
  <lastupdated>1340324253</lastupdated>
  <seasonid>15791</seasonid>
  <seriesid>78874</seriesid>
</Episode>
<Episode>
  <id>298002</id>
  <Combined_episodenumber>11.0</Combined_episodenumber>
  <Combined_season>1</Combined_season>
  <DVD_chapter></DVD_chapter>
  <DVD_discid></DVD_discid>
  <DVD_episodenumber>11.0</DVD_episodenumber>
  <DVD_season>1</DVD_season>
  <Director>|Vern Gillum|</Director>
  <EpImgFlag>2</EpImgFlag>
  <EpisodeName>Trash</EpisodeName>
  <EpisodeNumber>13</EpisodeNumber>
  <FirstAired>2003-06-21</FirstAired>
  <GuestStars>|Franc Ross|Christina Hendricks|John Bentley|Dwier Brown|Blake Robbins|</GuestStars>
  <IMDB_ID>tt0579540</IMDB_ID>
  <Language>en</Language>
  <Overview>Saffron (from &quot;Our Mrs. Reynolds&quot;) returns - after Mal breaks up her current gig, she convinces him and the crew to help out with a &quot;&quot;perfect crime&quot;&quot; that isn't. The crime: go to Bellerophon and steal a criminal's prototype laser gun from his collection. The plan: Saffron and Mal sneak in and dump the gun down the trash, bypassing security, and the Serenity crew grab it from the disposal system. Of course, this is Saffron, and it turns out she's married to the crook, Durran, and plans to double-cross Mal. Things don't work out so well and Saffron strands Mal naked in the desert. Fortunately Mal and Inara anticipated a betrayal and set it up so Inara grabs the gun, leaves Saffron behind, and rescues Mal.
Meanwhile, Simon figures out Jayne betrayed them (in &quot;Ariel&quot;) and the two have words.</Overview>
  <ProductionCode>1AGE12</ProductionCode>
  <Rating>8.3</Rating>
  <RatingCount>82</RatingCount>
  <SeasonNumber>1</SeasonNumber>
  <Writer>|Jose Molina|Ben Edlund|</Writer>
  <absolute_number>11</absolute_number>
  <filename>episodes/78874/298002.jpg</filename>
  <lastupdated>1340324210</lastupdated>
  <seasonid>15791</seasonid>
  <seriesid>78874</seriesid>
</Episode>
<Episode>
  <id>298003</id>
  <Combined_episodenumber>12.0</Combined_episodenumber>
  <Combined_season>1</Combined_season>
  <DVD_chapter></DVD_chapter>
  <DVD_discid></DVD_discid>
  <DVD_episodenumber>12.0</DVD_episodenumber>
  <DVD_season>1</DVD_season>
  <Director>|Tim Minear|</Director>
  <EpImgFlag>2</EpImgFlag>
  <EpisodeName>The Message</EpisodeName>
  <EpisodeNumber>14</EpisodeNumber>
  <FirstAired>2003-06-28</FirstAired>
  <GuestStars>|Craig Vincent|Tod Nakamura|Jonathan M. Woodward|Richard Burgi|Al Pugliese|Morgan Rusler|Joss Whedon|</GuestStars>
  <IMDB_ID>tt0579538</IMDB_ID>
  <Language>en</Language>
  <Overview>An old war comrade of Mal's and Zoe's, Tracey, mails his corpse to them. He also leaves a message asking them to deliver his body to his family. Some men claiming to be with the Alliance is on the trail of the body and catch up to them demanding the body. The crew can't find anything on Tracey's corpse, but as they prepare to cut it open, Tracey comes back to life. He explains he is smuggling super-organs in his own body. They flee to the planet with the men in hot pursuit and eventually/supposedly agree to give up Tracey. Tracey gets wind of the plan and makes a break for it with Kaylee as a hostage, they shoot him down and Mal reveals they were going to send the officer off since he's out of his jurisdiction and on a personal mission with no authority. Then Tracey dies and they deliver his body for real this time.</Overview>
  <ProductionCode>1AGE13</ProductionCode>
  <Rating>8.1</Rating>
  <RatingCount>79</RatingCount>
  <SeasonNumber>1</SeasonNumber>
  <Writer>|Tim Minear|Joss Whedon|</Writer>
  <absolute_number>12</absolute_number>
  <filename>episodes/78874/298003.jpg</filename>
  <lastupdated>1340324232</lastupdated>
  <seasonid>15791</seasonid>
  <seriesid>78874</seriesid>
</Episode>
</Data>