<?xml version="1.0" encoding="UTF-8" ?>
<Actors>
<Actor>
  <id>298328</id>
  <Image>actors/298328.jpg</Image>
  <Name>Natalie Zea</Name>
  <Role>Claire Matthews</Role>
  <SortOrder>0</SortOrder>
</Actor>
<Actor>
  <id>298327</id>
  <Image>actors/298327.jpg</Image>
  <Name>James Purefoy</Name>
  <Role>Joe Carroll</Role>
  <SortOrder>0</SortOrder>
</Actor>
<Actor>
  <id>298326</id>
  <Image>actors/298326.jpg</Image>
  <Name>Kevin Bacon</Name>
  <Role>Ryan Hardy</Role>
  <SortOrder>0</SortOrder>
</Actor>
<Actor>
  <id>301809</id>
  <Image>actors/301809.jpg</Image>
  <Name>Annie Parisse</Name>
  <Role>Debra Parker</Role>
  <SortOrder>1</SortOrder>
</Actor>
<Actor>
  <id>298329</id>
  <Image>actors/298329.jpg</Image>
  <Name>Shawn Ashmore</Name>
  <Role>Agent Mike Weston</Role>
  <SortOrder>1</SortOrder>
</Actor>
<Actor>
  <id>298731</id>
  <Image>actors/298731.jpg</Image>
  <Name>Adan Canto</Name>
  <Role>Paul Torres</Role>
  <SortOrder>2</SortOrder>
</Actor>
<Actor>
  <id>298730</id>
  <Image>actors/298730.jpg</Image>
  <Name>Nico Tortorella</Name>
  <Role>Will Wilson</Role>
  <SortOrder>2</SortOrder>
</Actor>
<Actor>
  <id>298325</id>
  <Image>actors/298325.jpg</Image>
  <Name>Valorie Curry</Name>
  <Role>Emma Hill</Role>
  <SortOrder>2</SortOrder>
</Actor>
<Actor>
  <id>308687</id>
  <Image>actors/308687.jpg</Image>
  <Name>Maggie Grace</Name>
  <Role>Sarah Fuller</Role>
  <SortOrder>3</SortOrder>
</Actor>
<Actor>
  <id>298729</id>
  <Image>actors/298729.jpg</Image>
  <Name>Kyle Catlett</Name>
  <Role>Joey Matthews</Role>
  <SortOrder>3</SortOrder>
</Actor>
</Actors>