<?xml version="1.0" encoding="UTF-8" ?>
<Data><Series>
  <id>258744</id>
  <Actors>|Natalie Zea|James Purefoy|Kevin Bacon|Annie Parisse|Shawn Ashmore|Adan Canto|Nico Tortorella|Valorie Curry|Maggie Grace|Kyle Catlett|</Actors>
  <Airs_DayOfWeek>Monday</Airs_DayOfWeek>
  <Airs_Time>9:00 PM</Airs_Time>
  <ContentRating>TV-14</ContentRating>
  <FirstAired>2013-01-21</FirstAired>
  <Genre>|Drama|</Genre>
  <IMDB_ID>tt2071645</IMDB_ID>
  <Language>en</Language>
  <Network>FOX</Network>
  <NetworkID></NetworkID>
  <Overview>When notorious serial killer Joe Carroll escapes from death row and embarks on a new killing spree, the FBI calls former agent Ryan Hardy to consult on the case. Having since withdrawn from the public eye, Hardy was responsible for Carroll's capture nine years ago. Hardy knows him better than anyone ; he is perhaps Carroll's only psychological and intellectual match. But the Ryan Hardy who broke the Carroll case years ago isn't the same man today. Wounded both physically and mentally by his previous pursuit of this serial killer, Hardy isn't calling the shots on this case. He works closely with an FBI team, which considers Hardy to be more of a liability than an asset.</Overview>
  <Rating>8.3</Rating>
  <RatingCount>13</RatingCount>
  <Runtime>60</Runtime>
  <SeriesID>158548</SeriesID>
  <SeriesName>The Following</SeriesName>
  <Status>Continuing</Status>
  <added>2012-05-05 12:12:35</added>
  <addedBy>235</addedBy>
  <banner>graphical/258744-g.jpg</banner>
  <fanart>fanart/original/258744-1.jpg</fanart>
  <lastupdated>1365592296</lastupdated>
  <poster>posters/258744-5.jpg</poster>
  <zap2it_id>EP01568056</zap2it_id>
</Series>
<Episode>
  <id>4467409</id>
  <Combined_episodenumber>1</Combined_episodenumber>
  <Combined_season>0</Combined_season>
  <DVD_chapter></DVD_chapter>
  <DVD_discid></DVD_discid>
  <DVD_episodenumber></DVD_episodenumber>
  <DVD_season></DVD_season>
  <Director></Director>
  <EpImgFlag>1</EpImgFlag>
  <EpisodeName>Inside the Following</EpisodeName>
  <EpisodeNumber>1</EpisodeNumber>
  <FirstAired>2013-01-19</FirstAired>
  <GuestStars></GuestStars>
  <IMDB_ID></IMDB_ID>
  <Language>en</Language>
  <Overview>This special documentary takes viewers inside the minds of the cast and crew of the new FOX series THE FOLLOWING, with in-depth, behind-the-scenes interviews and never-before-seen production footage.</Overview>
  <ProductionCode>SP-1341</ProductionCode>
  <Rating>5.0</Rating>
  <RatingCount>2</RatingCount>
  <SeasonNumber>0</SeasonNumber>
  <Writer></Writer>
  <absolute_number></absolute_number>
  <airsafter_season></airsafter_season>
  <airsbefore_episode>1</airsbefore_episode>
  <airsbefore_season>1</airsbefore_season>
  <filename>episodes/258744/4467409.jpg</filename>
  <lastupdated>1359621183</lastupdated>
  <seasonid>491705</seasonid>
  <seriesid>258744</seriesid>
</Episode>
<Episode>
  <id>4320953</id>
  <Combined_episodenumber>1</Combined_episodenumber>
  <Combined_season>1</Combined_season>
  <DVD_chapter></DVD_chapter>
  <DVD_discid></DVD_discid>
  <DVD_episodenumber></DVD_episodenumber>
  <DVD_season></DVD_season>
  <Director>Marcos Siega</Director>
  <EpImgFlag>2</EpImgFlag>
  <EpisodeName>Pilot</EpisodeName>
  <EpisodeNumber>1</EpisodeNumber>
  <FirstAired>2013-01-21</FirstAired>
  <GuestStars>Billy Brown|John Lafayette|Steve Monroe|Michael Roark|Michael Roark|Melissa Ponzio</GuestStars>
  <IMDB_ID>tt2169102</IMDB_ID>
  <Language>en</Language>
  <Overview>Former FBI agent Ryan Hardy is drawn out of retirement when serial killer Joe Carroll escapes from prison; the investigation reveals that Carroll has a cult following.</Overview>
  <ProductionCode>FOL-101</ProductionCode>
  <Rating>8.1</Rating>
  <RatingCount>86</RatingCount>
  <SeasonNumber>1</SeasonNumber>
  <Writer>Kevin Williamson</Writer>
  <absolute_number>1</absolute_number>
  <filename>episodes/258744/4320953.jpg</filename>
  <lastupdated>1363425663</lastupdated>
  <seasonid>491706</seasonid>
  <seriesid>258744</seriesid>
</Episode>
<Episode>
  <id>4466724</id>
  <Combined_episodenumber>2.0</Combined_episodenumber>
  <Combined_season>1</Combined_season>
  <DVD_chapter></DVD_chapter>
  <DVD_discid></DVD_discid>
  <DVD_episodenumber>2.0</DVD_episodenumber>
  <DVD_season>1</DVD_season>
  <Director>Marcos Siega</Director>
  <EpImgFlag>2</EpImgFlag>
  <EpisodeName>Chapter Two</EpisodeName>
  <EpisodeNumber>2</EpisodeNumber>
  <FirstAired>2013-01-28</FirstAired>
  <GuestStars>Billy Brown|John Lafayette|Steve Monroe|Kate Hodge|Chinasa Ogbuagu|Carissa Capobianco</GuestStars>
  <IMDB_ID>tt2333756</IMDB_ID>
  <Language>en</Language>
  <Overview>Ryan, Agent Weston and FBI Specialist Debra Parker investigate the history of Carroll's psyche; Emma, Jacob and Paul hold Claire's son while they plan for their next move.</Overview>
  <ProductionCode>FOL-102</ProductionCode>
  <Rating>8.0</Rating>
  <RatingCount>63</RatingCount>
  <SeasonNumber>1</SeasonNumber>
  <Writer>Kevin Williamson</Writer>
  <absolute_number>2</absolute_number>
  <filename>episodes/258744/4466724.jpg</filename>
  <lastupdated>1363425688</lastupdated>
  <seasonid>491706</seasonid>
  <seriesid>258744</seriesid>
</Episode>
<Episode>
  <id>4466725</id>
  <Combined_episodenumber>3.0</Combined_episodenumber>
  <Combined_season>1</Combined_season>
  <DVD_chapter></DVD_chapter>
  <DVD_discid></DVD_discid>
  <DVD_episodenumber>3.0</DVD_episodenumber>
  <DVD_season>1</DVD_season>
  <Director>Liz Friedlander</Director>
  <EpImgFlag>2</EpImgFlag>
  <EpisodeName>The Poet's Fire</EpisodeName>
  <EpisodeNumber>3</EpisodeNumber>
  <FirstAired>2013-02-04</FirstAired>
  <GuestStars>Billy Brown|Virginia Kull|Steve Monroe|Michael Drayer|Li Jun Li</GuestStars>
  <IMDB_ID>tt2386714</IMDB_ID>
  <Language>en</Language>
  <Overview>Hardy and the FBI try to predict the actions of a new follower named Rick (Michael Drayer); Paul's jealousy reaches a breaking point; the beginning of Carroll and Hardy's relationship is revealed.</Overview>
  <ProductionCode>FOL-103</ProductionCode>
  <Rating>7.7</Rating>
  <RatingCount>60</RatingCount>
  <SeasonNumber>1</SeasonNumber>
  <Writer>Adam Armus|Nora Kay Foster</Writer>
  <absolute_number>3</absolute_number>
  <filename>episodes/258744/4466725.jpg</filename>
  <lastupdated>1364566500</lastupdated>
  <seasonid>491706</seasonid>
  <seriesid>258744</seriesid>
</Episode>
<Episode>
  <id>4466726</id>
  <Combined_episodenumber>4</Combined_episodenumber>
  <Combined_season>1</Combined_season>
  <DVD_chapter></DVD_chapter>
  <DVD_discid></DVD_discid>
  <DVD_episodenumber></DVD_episodenumber>
  <DVD_season></DVD_season>
  <Director>Henry Bronchtein</Director>
  <EpImgFlag>2</EpImgFlag>
  <EpisodeName>Mad Love</EpisodeName>
  <EpisodeNumber>4</EpisodeNumber>
  <FirstAired>2013-02-11</FirstAired>
  <GuestStars>Susan Misner|Virginia Kull|Chinasa Ogbuagu|Michael Drayer|Li Jun Li</GuestStars>
  <IMDB_ID>tt2386716</IMDB_ID>
  <Language>en</Language>
  <Overview>Maggie devises a plan to put an end to Hardy; Paul reveals a secret that Jacob has been hiding from Emma; Hardy and Claire's relationship is explored.</Overview>
  <ProductionCode>FOL-104</ProductionCode>
  <Rating>7.6</Rating>
  <RatingCount>64</RatingCount>
  <SeasonNumber>1</SeasonNumber>
  <Writer>Kevin Williamson</Writer>
  <absolute_number>4</absolute_number>
  <filename>episodes/258744/4466726.jpg</filename>
  <lastupdated>1364566535</lastupdated>
  <seasonid>491706</seasonid>
  <seriesid>258744</seriesid>
</Episode>
<Episode>
  <id>4486517</id>
  <Combined_episodenumber>5</Combined_episodenumber>
  <Combined_season>1</Combined_season>
  <DVD_chapter></DVD_chapter>
  <DVD_discid></DVD_discid>
  <DVD_episodenumber></DVD_episodenumber>
  <DVD_season></DVD_season>
  <Director>Phil Abraham</Director>
  <EpImgFlag>2</EpImgFlag>
  <EpisodeName>The Siege</EpisodeName>
  <EpisodeNumber>5</EpisodeNumber>
  <FirstAired>2013-02-18</FirstAired>
  <GuestStars>Renee Goldsberry|John Lafayette|Albert Jones|Lisa Joyce|Li Jun Li|Tom Lipinski|Josh Segarra|Maggie Lacey|Chinasa Ogbuagu</GuestStars>
  <IMDB_ID>tt2457176</IMDB_ID>
  <Language>en</Language>
  <Overview>As Hardy and the team make their next move, panic spreads at the followers' hideout; Carroll seeks out a lawyer from his past.</Overview>
  <ProductionCode>FOL-105</ProductionCode>
  <Rating>7.8</Rating>
  <RatingCount>56</RatingCount>
  <SeasonNumber>1</SeasonNumber>
  <Writer>Rebecca Dameron</Writer>
  <absolute_number>5</absolute_number>
  <filename>episodes/258744/4486517.jpg</filename>
  <lastupdated>1364566567</lastupdated>
  <seasonid>491706</seasonid>
  <seriesid>258744</seriesid>
</Episode>
<Episode>
  <id>4486518</id>
  <Combined_episodenumber>6</Combined_episodenumber>
  <Combined_season>1</Combined_season>
  <DVD_chapter></DVD_chapter>
  <DVD_discid></DVD_discid>
  <DVD_episodenumber></DVD_episodenumber>
  <DVD_season></DVD_season>
  <Director>Marcos Siega</Director>
  <EpImgFlag>2</EpImgFlag>
  <EpisodeName>The Fall</EpisodeName>
  <EpisodeNumber>6</EpisodeNumber>
  <FirstAired>2013-02-25</FirstAired>
  <GuestStars>David Aaron Baker|Renee Goldsberry|John Lafayette|Tom Lipinski|Lisa Joyce|Li Jun Li|Albert Jones|Kristine Sutherland</GuestStars>
  <IMDB_ID>tt2161128</IMDB_ID>
  <Language>en</Language>
  <Overview>A new follower reveals Carroll's true intentions; Hardy tries to turn Jacob, Emma and Paul against one another; Emma makes a surprising decision.</Overview>
  <ProductionCode>FOL-106</ProductionCode>
  <Rating>7.6</Rating>
  <RatingCount>56</RatingCount>
  <SeasonNumber>1</SeasonNumber>
  <Writer>Shintaro Shimosawa</Writer>
  <absolute_number>6</absolute_number>
  <filename>episodes/258744/4486518.jpg</filename>
  <lastupdated>1364566595</lastupdated>
  <seasonid>491706</seasonid>
  <seriesid>258744</seriesid>
</Episode>
<Episode>
  <id>4497784</id>
  <Combined_episodenumber>7</Combined_episodenumber>
  <Combined_season>1</Combined_season>
  <DVD_chapter></DVD_chapter>
  <DVD_discid></DVD_discid>
  <DVD_episodenumber></DVD_episodenumber>
  <DVD_season></DVD_season>
  <Director>Nick Gomez</Director>
  <EpImgFlag>2</EpImgFlag>
  <EpisodeName>Let Me Go</EpisodeName>
  <EpisodeNumber>7</EpisodeNumber>
  <FirstAired>2013-03-04</FirstAired>
  <GuestStars>Chinasa Ogbuagu|Renee Elise Goldsberry|Jacinto Tara Riddick|Audrey Esparza|Tom Lipinski|Arian Moayed|Tom Degnan|Annika Boras</GuestStars>
  <IMDB_ID>tt2481792</IMDB_ID>
  <Language>en</Language>
  <Overview>Joe Carroll makes a case to be transferred to a different facility, raising Ryan's suspicions; Emma and Joey come across one of Roderick's men.</Overview>
  <ProductionCode>FOL-107</ProductionCode>
  <Rating>7.5</Rating>
  <RatingCount>55</RatingCount>
  <SeasonNumber>1</SeasonNumber>
  <Writer>Seamus Kevin Fahey</Writer>
  <absolute_number>7</absolute_number>
  <filename>episodes/258744/4497784.jpg</filename>
  <lastupdated>1364566630</lastupdated>
  <seasonid>491706</seasonid>
  <seriesid>258744</seriesid>
</Episode>
<Episode>
  <id>4497785</id>
  <Combined_episodenumber>8</Combined_episodenumber>
  <Combined_season>1</Combined_season>
  <DVD_chapter></DVD_chapter>
  <DVD_discid></DVD_discid>
  <DVD_episodenumber></DVD_episodenumber>
  <DVD_season></DVD_season>
  <Director>Joshua Butler</Director>
  <EpImgFlag>2</EpImgFlag>
  <EpisodeName>Welcome Home</EpisodeName>
  <EpisodeNumber>8</EpisodeNumber>
  <FirstAired>2013-03-11</FirstAired>
  <GuestStars>Warren Kole|Annika Boras|Mike Colter|Tom Lipinski|Arian Moayed|Chinasa Ogbuagu</GuestStars>
  <IMDB_ID>tt2522196</IMDB_ID>
  <Language>en</Language>
  <Overview>Ryan and Parker are upset when the FBI makes Nick Donovan (Mike Colter) lead investigator as the search for Joey Matthews and Joe Carroll continues; a follower and Joe Carroll form a deadly plan.</Overview>
  <ProductionCode></ProductionCode>
  <Rating>7.4</Rating>
  <RatingCount>44</RatingCount>
  <SeasonNumber>1</SeasonNumber>
  <Writer>Amanda Kate Shuman</Writer>
  <absolute_number>8</absolute_number>
  <filename>episodes/258744/4497785.jpg</filename>
  <lastupdated>1365269111</lastupdated>
  <seasonid>491706</seasonid>
  <seriesid>258744</seriesid>
</Episode>
<Episode>
  <id>4497786</id>
  <Combined_episodenumber>9</Combined_episodenumber>
  <Combined_season>1</Combined_season>
  <DVD_chapter></DVD_chapter>
  <DVD_discid></DVD_discid>
  <DVD_episodenumber></DVD_episodenumber>
  <DVD_season></DVD_season>
  <Director>Marcos Siega|Adam Davidson</Director>
  <EpImgFlag>2</EpImgFlag>
  <EpisodeName>Love Hurts</EpisodeName>
  <EpisodeNumber>9</EpisodeNumber>
  <FirstAired>2013-03-18</FirstAired>
  <GuestStars>Warren Kole|Mike Colter|Jayne Atkinson|Marin Ireland|Annika Boras|Jasmine Carmichael|Amy Hargreaves|Chinasa Ogbuagu|Samantha Ives|Toni D'Antonio</GuestStars>
  <IMDB_ID>tt2479358</IMDB_ID>
  <Language>en</Language>
  <Overview>Ryan and Parker try to outwit their new leader; Joe demands information on Claire's location from Ryan; past followers return.</Overview>
  <ProductionCode>FOL-109</ProductionCode>
  <Rating>7.5</Rating>
  <RatingCount>39</RatingCount>
  <SeasonNumber>1</SeasonNumber>
  <Writer>Adam Armus|Nora Kay Foster</Writer>
  <absolute_number>9</absolute_number>
  <filename>episodes/258744/4497786.jpg</filename>
  <lastupdated>1365269226</lastupdated>
  <seasonid>491706</seasonid>
  <seriesid>258744</seriesid>
</Episode>
<Episode>
  <id>4497787</id>
  <Combined_episodenumber>10</Combined_episodenumber>
  <Combined_season>1</Combined_season>
  <DVD_chapter></DVD_chapter>
  <DVD_discid></DVD_discid>
  <DVD_episodenumber></DVD_episodenumber>
  <DVD_season></DVD_season>
  <Director>Joshua Butler</Director>
  <EpImgFlag>2</EpImgFlag>
  <EpisodeName>Guilt</EpisodeName>
  <EpisodeNumber>10</EpisodeNumber>
  <FirstAired>2013-03-25</FirstAired>
  <GuestStars>Warren Kole|Mike Colter|Jennifer Ferrin|David Zayas|Tom Degnan|Christopher Denham|Chinasa Ogbuagu|Tom Pelphrey</GuestStars>
  <IMDB_ID>tt2579104</IMDB_ID>
  <Language>en</Language>
  <Overview>Joe sends followers to capture Claire; Jacob's stress over recent decisions affects his reunion with Emma.</Overview>
  <ProductionCode>FOL-110</ProductionCode>
  <Rating>7.4</Rating>
  <RatingCount>40</RatingCount>
  <SeasonNumber>1</SeasonNumber>
  <Writer>Kevin Williamson|Shintaro Shimosawa</Writer>
  <absolute_number>10</absolute_number>
  <filename>episodes/258744/4497787.jpg</filename>
  <lastupdated>1365509624</lastupdated>
  <seasonid>491706</seasonid>
  <seriesid>258744</seriesid>
</Episode>
<Episode>
  <id>4497788</id>
  <Combined_episodenumber>11</Combined_episodenumber>
  <Combined_season>1</Combined_season>
  <DVD_chapter></DVD_chapter>
  <DVD_discid></DVD_discid>
  <DVD_episodenumber></DVD_episodenumber>
  <DVD_season></DVD_season>
  <Director>Marcos Siega</Director>
  <EpImgFlag>2</EpImgFlag>
  <EpisodeName>Whips &amp; Regret</EpisodeName>
  <EpisodeNumber>11</EpisodeNumber>
  <FirstAired>2013-04-01</FirstAired>
  <GuestStars>Warren Kole|Christopher Denham|Jennifer Ferrin|Afton Williamson|John Lafayette|Chinasa Ogbuagu</GuestStars>
  <IMDB_ID>tt2649034</IMDB_ID>
  <Language>en</Language>
  <Overview>Ryan and Parker try to recover after losing Claire to Joe's followers; Claire has an unexpected reunion as she adjusts to life at the mansion; Jacob struggles with Emma's betrayal.</Overview>
  <ProductionCode>FOL-111</ProductionCode>
  <Rating>7.5</Rating>
  <RatingCount>35</RatingCount>
  <SeasonNumber>1</SeasonNumber>
  <Writer>Kevin Williamson</Writer>
  <absolute_number>11</absolute_number>
  <filename>episodes/258744/4497788.jpg</filename>
  <lastupdated>1365450780</lastupdated>
  <seasonid>491706</seasonid>
  <seriesid>258744</seriesid>
</Episode>
<Episode>
  <id>4497789</id>
  <Combined_episodenumber>12</Combined_episodenumber>
  <Combined_season>1</Combined_season>
  <DVD_chapter></DVD_chapter>
  <DVD_discid></DVD_discid>
  <DVD_episodenumber></DVD_episodenumber>
  <DVD_season></DVD_season>
  <Director>David Von Ancken</Director>
  <EpImgFlag>2</EpImgFlag>
  <EpisodeName>The Curse</EpisodeName>
  <EpisodeNumber>12</EpisodeNumber>
  <FirstAired>2013-04-08</FirstAired>
  <GuestStars>Warren Kole|Christopher Denham|Jennifer Ferrin|Robert Bogue|Chinasa Ogbuagu</GuestStars>
  <IMDB_ID>tt2649068</IMDB_ID>
  <Language>en</Language>
  <Overview>Ryan and the FBI discover a follower who might be able to lead them to Joe Carroll's location. Agent Weston returns to the case but his run-in with the cult may have had a bigger impact on him than anyone originally thought. Meanwhile, Claire and Emma come face-to-face for the first time since Joey’s kidnapping.</Overview>
  <ProductionCode>FOL-112</ProductionCode>
  <Rating>7.6</Rating>
  <RatingCount>7</RatingCount>
  <SeasonNumber>1</SeasonNumber>
  <Writer>Seamus Kevin Fahey|Amanda Kate Shuman</Writer>
  <absolute_number>12</absolute_number>
  <filename>episodes/258744/4497789.jpg</filename>
  <lastupdated>1365509372</lastupdated>
  <seasonid>491706</seasonid>
  <seriesid>258744</seriesid>
</Episode>
<Episode>
  <id>4513298</id>
  <Combined_episodenumber>13</Combined_episodenumber>
  <Combined_season>1</Combined_season>
  <DVD_chapter></DVD_chapter>
  <DVD_discid></DVD_discid>
  <DVD_episodenumber></DVD_episodenumber>
  <DVD_season></DVD_season>
  <Director></Director>
  <EpImgFlag></EpImgFlag>
  <EpisodeName>Havenport</EpisodeName>
  <EpisodeNumber>13</EpisodeNumber>
  <FirstAired>2013-04-15</FirstAired>
  <GuestStars></GuestStars>
  <IMDB_ID>tt2675842</IMDB_ID>
  <Language>en</Language>
  <Overview>The Havenport Police Department is brought onto the case and Roderick's role as sheriff is called into question, which leads him to make a shocking decision that threatens the safety of Joey. Meanwhile, Ryan goes against the FBI, hoping to gain the trust of one of Joe's followers.</Overview>
  <ProductionCode>FOL-113</ProductionCode>
  <Rating></Rating>
  <RatingCount>0</RatingCount>
  <SeasonNumber>1</SeasonNumber>
  <Writer></Writer>
  <absolute_number>13</absolute_number>
  <filename></filename>
  <lastupdated>1365269649</lastupdated>
  <seasonid>491706</seasonid>
  <seriesid>258744</seriesid>
</Episode>
<Episode>
  <id>4513299</id>
  <Combined_episodenumber>14</Combined_episodenumber>
  <Combined_season>1</Combined_season>
  <DVD_chapter></DVD_chapter>
  <DVD_discid></DVD_discid>
  <DVD_episodenumber></DVD_episodenumber>
  <DVD_season></DVD_season>
  <Director></Director>
  <EpImgFlag></EpImgFlag>
  <EpisodeName>The End is Near</EpisodeName>
  <EpisodeNumber>14</EpisodeNumber>
  <FirstAired>2013-04-22</FirstAired>
  <GuestStars></GuestStars>
  <IMDB_ID>tt2675850</IMDB_ID>
  <Language>en</Language>
  <Overview></Overview>
  <ProductionCode></ProductionCode>
  <Rating></Rating>
  <RatingCount>0</RatingCount>
  <SeasonNumber>1</SeasonNumber>
  <Writer></Writer>
  <absolute_number></absolute_number>
  <filename></filename>
  <lastupdated>1365452723</lastupdated>
  <seasonid>491706</seasonid>
  <seriesid>258744</seriesid>
</Episode>
<Episode>
  <id>4513300</id>
  <Combined_episodenumber>15</Combined_episodenumber>
  <Combined_season>1</Combined_season>
  <DVD_chapter></DVD_chapter>
  <DVD_discid></DVD_discid>
  <DVD_episodenumber></DVD_episodenumber>
  <DVD_season></DVD_season>
  <Director>Marcos Siega</Director>
  <EpImgFlag></EpImgFlag>
  <EpisodeName>The Final Chapter</EpisodeName>
  <EpisodeNumber>15</EpisodeNumber>
  <FirstAired>2013-04-29</FirstAired>
  <GuestStars></GuestStars>
  <IMDB_ID>tt2675848</IMDB_ID>
  <Language>en</Language>
  <Overview></Overview>
  <ProductionCode></ProductionCode>
  <Rating></Rating>
  <RatingCount>0</RatingCount>
  <SeasonNumber>1</SeasonNumber>
  <Writer>Kevin Williamson</Writer>
  <absolute_number></absolute_number>
  <filename></filename>
  <lastupdated>1363096946</lastupdated>
  <seasonid>491706</seasonid>
  <seriesid>258744</seriesid>
</Episode>
</Data>