<?xml version="1.0" encoding="UTF-8" ?>
<Actors>
<Actor>
  <id>42361</id>
  <Image>actors/42361.jpg</Image>
  <Name>Seth MacFarlane</Name>
  <Role>Peter Griffin|Stewie Griffin|Brian Griffin|Glenn Quagmire|Tom Tucker|Jake Tucker|Carter Pewterschmidt|Mickey McFinnigan|O'Brian|Dr. Elmer Hartman|Seamus|Jasper|Kevin Swanson|Jesus|God</Role>
  <SortOrder>0</SortOrder>
</Actor>
<Actor>
  <id>42359</id>
  <Image>actors/42359.jpg</Image>
  <Name>Alex Borstein</Name>
  <Role>Lois Griffin|Loretta Brown|Tricia Takanawa</Role>
  <SortOrder>1</SortOrder>
</Actor>
<Actor>
  <id>42357</id>
  <Image>actors/42357.jpg</Image>
  <Name>Seth Green</Name>
  <Role>Chris Griffin</Role>
  <SortOrder>2</SortOrder>
</Actor>
<Actor>
  <id>42360</id>
  <Image>actors/42360.jpg</Image>
  <Name>Lacey Chabert</Name>
  <Role>Meg Griffin</Role>
  <SortOrder>3</SortOrder>
</Actor>
<Actor>
  <id>42358</id>
  <Image>actors/42358.jpg</Image>
  <Name>Mila Kunis</Name>
  <Role>Meg Griffin #2</Role>
  <SortOrder>3</SortOrder>
</Actor>
<Actor>
  <id>143721</id>
  <Image>actors/143721.jpg</Image>
  <Name>Mike Henry</Name>
  <Role>Cleveland Brown</Role>
  <SortOrder>3</SortOrder>
</Actor>
<Actor>
  <id>113211</id>
  <Image>actors/113211.jpg</Image>
  <Name>Adam West</Name>
  <Role>Adam West</Role>
  <SortOrder>3</SortOrder>
</Actor>
</Actors>