<?xml version="1.0" encoding="UTF-8" ?>
<Actors>
<Actor>
  <id>71388</id>
  <Image>actors/71388.jpg</Image>
  <Name>John Barrowman</Name>
  <Role>Captain Jack Harkness</Role>
  <SortOrder>0</SortOrder>
</Actor>
<Actor>
  <id>71392</id>
  <Image>actors/71392.jpg</Image>
  <Name>Gareth David-Lloyd</Name>
  <Role>Ianto Jones</Role>
  <SortOrder>1</SortOrder>
</Actor>
<Actor>
  <id>71389</id>
  <Image>actors/71389.jpg</Image>
  <Name>Eve Myles</Name>
  <Role>Gwen Cooper</Role>
  <SortOrder>1</SortOrder>
</Actor>
<Actor>
  <id>71391</id>
  <Image>actors/71391.jpg</Image>
  <Name>Naoko Mori</Name>
  <Role>Toshiko Sato</Role>
  <SortOrder>3</SortOrder>
</Actor>
<Actor>
  <id>71390</id>
  <Image>actors/71390.jpg</Image>
  <Name>Burn Gorman</Name>
  <Role>Owen Harper</Role>
  <SortOrder>3</SortOrder>
</Actor>
<Actor>
  <id>286235</id>
  <Image>actors/286235.jpg</Image>
  <Name>Kai Owen</Name>
  <Role>Rhys Williams</Role>
  <SortOrder>3</SortOrder>
</Actor>
<Actor>
  <id>286234</id>
  <Image>actors/286234.jpg</Image>
  <Name>Bill Pullman</Name>
  <Role>Oswald Danes</Role>
  <SortOrder>3</SortOrder>
</Actor>
<Actor>
  <id>285377</id>
  <Image>actors/285377.jpg</Image>
  <Name>Alexa Havins</Name>
  <Role>Esther Drummond</Role>
  <SortOrder>3</SortOrder>
</Actor>
<Actor>
  <id>285376</id>
  <Image>actors/285376.jpg</Image>
  <Name>Lauren Ambrose</Name>
  <Role>Jilly Kitzinger</Role>
  <SortOrder>3</SortOrder>
</Actor>
<Actor>
  <id>285375</id>
  <Image>actors/285375.jpg</Image>
  <Name>Mekhi Phifer</Name>
  <Role>Rex Matheson</Role>
  <SortOrder>3</SortOrder>
</Actor>
</Actors>