<?xml version="1.0" encoding="UTF-8" ?>
<Actors>
<Actor>
  <id>291553</id>
  <Image>actors/291553.jpg</Image>
  <Name>Kristen Johnston</Name>
  <Role>Holly Brooks</Role>
  <SortOrder>0</SortOrder>
</Actor>
<Actor>
  <id>291554</id>
  <Image>actors/291554.jpg</Image>
  <Name>Wayne Knight</Name>
  <Role>Haskell Bing</Role>
  <SortOrder>1</SortOrder>
</Actor>
<Actor>
  <id>291549</id>
  <Image>actors/291549.jpg</Image>
  <Name>Donald Faison</Name>
  <Role>Phil Chase</Role>
  <SortOrder>1</SortOrder>
</Actor>
<Actor>
  <id>291551</id>
  <Image>actors/291551.jpg</Image>
  <Name>David Alan Basche</Name>
  <Role>Stuart Gardner</Role>
  <SortOrder>2</SortOrder>
</Actor>
<Actor>
  <id>291555</id>
  <Image>actors/291555.jpg</Image>
  <Name>Rebecca Rhae Larsen</Name>
  <Role>Alicia</Role>
  <SortOrder>3</SortOrder>
</Actor>
<Actor>
  <id>291552</id>
  <Image>actors/291552.jpg</Image>
  <Name>Edi Patterson</Name>
  <Role>Crazy Sandy</Role>
  <SortOrder>3</SortOrder>
</Actor>
<Actor>
  <id>291550</id>
  <Image>actors/291550.jpg</Image>
  <Name>Kelly Stables</Name>
  <Role>Eden</Role>
  <SortOrder>3</SortOrder>
</Actor>
</Actors>