<?xml version="1.0" encoding="UTF-8" ?>
<Banners>
<Banner>
  <id>894202</id>
  <BannerPath>fanart/original/253279-5.jpg</BannerPath>
  <BannerType>fanart</BannerType>
  <BannerType2>1920x1080</BannerType2>
  <Colors></Colors>
  <Language>en</Language>
  <Rating>9.0000</Rating>
  <RatingCount>2</RatingCount>
  <SeriesName>false</SeriesName>
  <ThumbnailPath>_cache/fanart/original/253279-5.jpg</ThumbnailPath>
  <VignettePath>fanart/vignette/253279-5.jpg</VignettePath>
</Banner>
<Banner>
  <id>888813</id>
  <BannerPath>fanart/original/253279-4.jpg</BannerPath>
  <BannerType>fanart</BannerType>
  <BannerType2>1280x720</BannerType2>
  <Colors></Colors>
  <Language>en</Language>
  <Rating>7.0000</Rating>
  <RatingCount>2</RatingCount>
  <SeriesName>false</SeriesName>
  <ThumbnailPath>_cache/fanart/original/253279-4.jpg</ThumbnailPath>
  <VignettePath>fanart/vignette/253279-4.jpg</VignettePath>
</Banner>
<Banner>
  <id>886684</id>
  <BannerPath>fanart/original/253279-1.jpg</BannerPath>
  <BannerType>fanart</BannerType>
  <BannerType2>1280x720</BannerType2>
  <Colors></Colors>
  <Language>en</Language>
  <Rating>5.0000</Rating>
  <RatingCount>4</RatingCount>
  <SeriesName>false</SeriesName>
  <ThumbnailPath>_cache/fanart/original/253279-1.jpg</ThumbnailPath>
  <VignettePath>fanart/vignette/253279-1.jpg</VignettePath>
</Banner>
<Banner>
  <id>886686</id>
  <BannerPath>fanart/original/253279-3.jpg</BannerPath>
  <BannerType>fanart</BannerType>
  <BannerType2>1280x720</BannerType2>
  <Colors></Colors>
  <Language>en</Language>
  <Rating>4.0000</Rating>
  <RatingCount>3</RatingCount>
  <SeriesName>false</SeriesName>
  <ThumbnailPath>_cache/fanart/original/253279-3.jpg</ThumbnailPath>
  <VignettePath>fanart/vignette/253279-3.jpg</VignettePath>
</Banner>
<Banner>
  <id>886685</id>
  <BannerPath>fanart/original/253279-2.jpg</BannerPath>
  <BannerType>fanart</BannerType>
  <BannerType2>1280x720</BannerType2>
  <Colors></Colors>
  <Language>en</Language>
  <Rating>2.5000</Rating>
  <RatingCount>4</RatingCount>
  <SeriesName>false</SeriesName>
  <ThumbnailPath>_cache/fanart/original/253279-2.jpg</ThumbnailPath>
  <VignettePath>fanart/vignette/253279-2.jpg</VignettePath>
</Banner>
<Banner>
  <id>917136</id>
  <BannerPath>posters/253279-3.jpg</BannerPath>
  <BannerType>poster</BannerType>
  <BannerType2>680x1000</BannerType2>
  <Language>en</Language>
  <Rating>6.5714</Rating>
  <RatingCount>7</RatingCount>
</Banner>
<Banner>
  <id>888219</id>
  <BannerPath>posters/253279-2.jpg</BannerPath>
  <BannerType>poster</BannerType>
  <BannerType2>680x1000</BannerType2>
  <Language>en</Language>
  <Rating>5.6667</Rating>
  <RatingCount>6</RatingCount>
</Banner>
<Banner>
  <id>886689</id>
  <BannerPath>posters/253279-1.jpg</BannerPath>
  <BannerType>poster</BannerType>
  <BannerType2>680x1000</BannerType2>
  <Language>en</Language>
  <Rating>3.4286</Rating>
  <RatingCount>7</RatingCount>
</Banner>
<Banner>
  <id>934261</id>
  <BannerPath>seasons/253279-2.jpg</BannerPath>
  <BannerType>season</BannerType>
  <BannerType2>season</BannerType2>
  <Language>en</Language>
  <Rating>10.0000</Rating>
  <RatingCount>1</RatingCount>
  <Season>2</Season>
</Banner>
<Banner>
  <id>921440</id>
  <BannerPath>seasons/253279-1.jpg</BannerPath>
  <BannerType>season</BannerType>
  <BannerType2>season</BannerType2>
  <Language>en</Language>
  <Rating></Rating>
  <RatingCount>0</RatingCount>
  <Season>1</Season>
</Banner>
<Banner>
  <id>886648</id>
  <BannerPath>graphical/253279-g2.jpg</BannerPath>
  <BannerType>series</BannerType>
  <BannerType2>graphical</BannerType2>
  <Language>en</Language>
  <Rating>7.0000</Rating>
  <RatingCount>2</RatingCount>
</Banner>
<Banner>
  <id>886049</id>
  <BannerPath>graphical/253279-g.jpg</BannerPath>
  <BannerType>series</BannerType>
  <BannerType2>graphical</BannerType2>
  <Language>en</Language>
  <Rating>6.5000</Rating>
  <RatingCount>2</RatingCount>
</Banner>
</Banners>