<?xml version="1.0" encoding="UTF-8" ?>
<Data><Series>
  <id>253279</id>
  <Actors>|Kristen Johnston|Wayne Knight|Donald Faison|David Alan Basche|Rebecca Rhae Larsen|Edi Patterson|Kelly Stables|</Actors>
  <Airs_DayOfWeek>Wednesday</Airs_DayOfWeek>
  <Airs_Time>10:30 PM</Airs_Time>
  <ContentRating></ContentRating>
  <FirstAired>2011-11-30</FirstAired>
  <Genre>|Comedy|</Genre>
  <IMDB_ID>tt1830888</IMDB_ID>
  <Language>en</Language>
  <Network>TV Land</Network>
  <NetworkID></NetworkID>
  <Overview>An all new comedy about three divorced men sharing an apartment across the hall from their female divorce attorney, who is also their landlord. The &quot;never been married&quot; Holly (Johnston) introduces her newest single client Stuart (Basche) to his new roommates -- ladies' man Phil (Faison) and the sardonic homebody, Haskell (Knight). Things get off to a shaky start for Phil and Haskell when they begin to have reservations about living with clingy Stuart, but Holly is right across the hall to help them steer clear of any catastrophes. After all, it helps her to avoid her own relationship and commitment issues! To top it all off, Holly's hard-partying assistant Eden (Stables), doesn't let her professionalism get in the way of prying into her boss's personal life. Through the episodes, the guys begin to realize that the issues they have with each other are the same ones that they had with their ex-wives.</Overview>
  <Rating>7.3</Rating>
  <RatingCount>6</RatingCount>
  <Runtime>30</Runtime>
  <SeriesID>88368</SeriesID>
  <SeriesName>The Exes</SeriesName>
  <Status>Continuing</Status>
  <added>2011-11-01 10:25:08</added>
  <addedBy>4696</addedBy>
  <banner>graphical/253279-g2.jpg</banner>
  <fanart>fanart/original/253279-5.jpg</fanart>
  <lastupdated>1364568043</lastupdated>
  <poster>posters/253279-3.jpg</poster>
  <zap2it_id></zap2it_id>
</Series>
<Episode>
  <id>4197565</id>
  <Combined_episodenumber>1</Combined_episodenumber>
  <Combined_season>1</Combined_season>
  <DVD_chapter></DVD_chapter>
  <DVD_discid></DVD_discid>
  <DVD_episodenumber></DVD_episodenumber>
  <DVD_season></DVD_season>
  <Director>Andy Cadiff</Director>
  <EpImgFlag>2</EpImgFlag>
  <EpisodeName>Pilot</EpisodeName>
  <EpisodeNumber>1</EpisodeNumber>
  <FirstAired>2011-11-30</FirstAired>
  <GuestStars>|Edi Patterson|Beth Lacke|Golden Brooks|</GuestStars>
  <IMDB_ID>tt2074982</IMDB_ID>
  <Language>en</Language>
  <Overview>Divorce attorney Holly (Kristen Johnston) sets up newly single Stuart (David Alan Basche) with also divorced roommates: Phil (Donald Faison) and Haskell (Wayne Knight). After a rocky start with Stuart the unlikely team helps him come to terms with his new unmarried life.</Overview>
  <ProductionCode></ProductionCode>
  <Rating>7.6</Rating>
  <RatingCount>7</RatingCount>
  <SeasonNumber>1</SeasonNumber>
  <Writer>Mark Reisman</Writer>
  <absolute_number></absolute_number>
  <filename>episodes/253279/4197565.jpg</filename>
  <lastupdated>1358019266</lastupdated>
  <seasonid>477570</seasonid>
  <seriesid>253279</seriesid>
</Episode>
<Episode>
  <id>4214351</id>
  <Combined_episodenumber>2</Combined_episodenumber>
  <Combined_season>1</Combined_season>
  <DVD_chapter></DVD_chapter>
  <DVD_discid></DVD_discid>
  <DVD_episodenumber></DVD_episodenumber>
  <DVD_season></DVD_season>
  <Director>Andy Cadiff</Director>
  <EpImgFlag>2</EpImgFlag>
  <EpisodeName>A Little Romance</EpisodeName>
  <EpisodeNumber>2</EpisodeNumber>
  <FirstAired>2011-12-07</FirstAired>
  <GuestStars>|James Madio|Jesus Ruiz|</GuestStars>
  <IMDB_ID>tt2128290</IMDB_ID>
  <Language>en</Language>
  <Overview>Phil uses Holly's assistant to help him land a star jockey as a client, but hes got his eyes on a bigger prize. Haskell talks Stuart into selling sentimental mementos from his marriage but Stuart has trouble letting go.</Overview>
  <ProductionCode></ProductionCode>
  <Rating>7.6</Rating>
  <RatingCount>7</RatingCount>
  <SeasonNumber>1</SeasonNumber>
  <Writer>Ian Gurvitz</Writer>
  <absolute_number></absolute_number>
  <filename>episodes/253279/4214351.jpg</filename>
  <lastupdated>1358019290</lastupdated>
  <seasonid>477570</seasonid>
  <seriesid>253279</seriesid>
</Episode>
<Episode>
  <id>4220100</id>
  <Combined_episodenumber>3</Combined_episodenumber>
  <Combined_season>1</Combined_season>
  <DVD_chapter></DVD_chapter>
  <DVD_discid></DVD_discid>
  <DVD_episodenumber></DVD_episodenumber>
  <DVD_season></DVD_season>
  <Director>Mark Reisman</Director>
  <EpImgFlag>2</EpImgFlag>
  <EpisodeName>Working Girl</EpisodeName>
  <EpisodeNumber>3</EpisodeNumber>
  <FirstAired>2011-12-14</FirstAired>
  <GuestStars>Paula Marshall</GuestStars>
  <IMDB_ID>tt2136384</IMDB_ID>
  <Language>en</Language>
  <Overview>Holly, determined to find Stuart a date, introduces him to a woman who turns out to be a true professional. Haskell invents a fabulous online lifestyle for himself in order to one-up his ex-wife.</Overview>
  <ProductionCode></ProductionCode>
  <Rating>7.6</Rating>
  <RatingCount>8</RatingCount>
  <SeasonNumber>1</SeasonNumber>
  <Writer>Gary Murphy</Writer>
  <absolute_number></absolute_number>
  <filename>episodes/253279/4220100.jpg</filename>
  <lastupdated>1358019303</lastupdated>
  <seasonid>477570</seasonid>
  <seriesid>253279</seriesid>
</Episode>
<Episode>
  <id>4222441</id>
  <Combined_episodenumber>4</Combined_episodenumber>
  <Combined_season>1</Combined_season>
  <DVD_chapter></DVD_chapter>
  <DVD_discid></DVD_discid>
  <DVD_episodenumber></DVD_episodenumber>
  <DVD_season></DVD_season>
  <Director>Andy Cadiff</Director>
  <EpImgFlag>2</EpImgFlag>
  <EpisodeName>Lutz and the Real Girl</EpisodeName>
  <EpisodeNumber>4</EpisodeNumber>
  <FirstAired>2011-12-21</FirstAired>
  <GuestStars>|Melanie Paxson|Victor Webster|Enya Flack|</GuestStars>
  <IMDB_ID>tt2148551</IMDB_ID>
  <Language>en</Language>
  <Overview>Haskell panics when his online girlfriend surprises him with a visit, because he used Phil's picture as his own. Holly discovers a homeless man in the laundry room and learns appearances can be very deceiving.</Overview>
  <ProductionCode></ProductionCode>
  <Rating>7.7</Rating>
  <RatingCount>6</RatingCount>
  <SeasonNumber>1</SeasonNumber>
  <Writer>Howard Gewirtz</Writer>
  <absolute_number>4</absolute_number>
  <filename>episodes/253279/4222441.jpg</filename>
  <lastupdated>1358019374</lastupdated>
  <seasonid>477570</seasonid>
  <seriesid>253279</seriesid>
</Episode>
<Episode>
  <id>4222442</id>
  <Combined_episodenumber>5</Combined_episodenumber>
  <Combined_season>1</Combined_season>
  <DVD_chapter></DVD_chapter>
  <DVD_discid></DVD_discid>
  <DVD_episodenumber></DVD_episodenumber>
  <DVD_season></DVD_season>
  <Director>Andy Cadiff</Director>
  <EpImgFlag>2</EpImgFlag>
  <EpisodeName>An Inconvenient Tooth</EpisodeName>
  <EpisodeNumber>5</EpisodeNumber>
  <FirstAired>2011-12-28</FirstAired>
  <GuestStars>|Kali Rocha|Kevin Daniels|</GuestStars>
  <IMDB_ID>tt2019824</IMDB_ID>
  <Language>en</Language>
  <Overview>Phil is reluctant to have Stuart fix his tooth, due to his fear of dentists. He finally visits Stuart's office, then sleeps with Stuart's long-time dental assistant, Deanna. Eden borrows Holly's clothes to go clubbing. </Overview>
  <ProductionCode>105</ProductionCode>
  <Rating>7.3</Rating>
  <RatingCount>7</RatingCount>
  <SeasonNumber>1</SeasonNumber>
  <Writer>Mark Reisman</Writer>
  <absolute_number>5</absolute_number>
  <filename>episodes/253279/4222442.jpg</filename>
  <lastupdated>1358019411</lastupdated>
  <seasonid>477570</seasonid>
  <seriesid>253279</seriesid>
</Episode>
<Episode>
  <id>4222443</id>
  <Combined_episodenumber>6</Combined_episodenumber>
  <Combined_season>1</Combined_season>
  <DVD_chapter></DVD_chapter>
  <DVD_discid></DVD_discid>
  <DVD_episodenumber></DVD_episodenumber>
  <DVD_season></DVD_season>
  <Director>Andy Cadiff</Director>
  <EpImgFlag>2</EpImgFlag>
  <EpisodeName>A Very Wrong Engagement</EpisodeName>
  <EpisodeNumber>6</EpisodeNumber>
  <FirstAired>2012-01-04</FirstAired>
  <GuestStars>|Judith Light|Laura McLaughlin|</GuestStars>
  <IMDB_ID>tt2148547</IMDB_ID>
  <Language>en</Language>
  <Overview>Holly's mother, Marjorie (Judith Light) visits, with Holly having yet to tell her that she is no longer engaged. So in an attempt to delay telling her mother the truth, Holly moves back into the apartment she shared with her ex, while the boys stay at her place. </Overview>
  <ProductionCode>106</ProductionCode>
  <Rating>7.8</Rating>
  <RatingCount>6</RatingCount>
  <SeasonNumber>1</SeasonNumber>
  <Writer>Howard Gewirtz</Writer>
  <absolute_number>6</absolute_number>
  <filename>episodes/253279/4222443.jpg</filename>
  <lastupdated>1358019432</lastupdated>
  <seasonid>477570</seasonid>
  <seriesid>253279</seriesid>
</Episode>
<Episode>
  <id>4234715</id>
  <Combined_episodenumber>7</Combined_episodenumber>
  <Combined_season>1</Combined_season>
  <DVD_chapter></DVD_chapter>
  <DVD_discid></DVD_discid>
  <DVD_episodenumber></DVD_episodenumber>
  <DVD_season></DVD_season>
  <Director>Mark Reisman</Director>
  <EpImgFlag>2</EpImgFlag>
  <EpisodeName>Lost in Translation</EpisodeName>
  <EpisodeNumber>7</EpisodeNumber>
  <FirstAired>2012-01-11</FirstAired>
  <GuestStars>|Ana Alexander|Robert Mailhouse|Kim Poirier|Annie Korzen|</GuestStars>
  <IMDB_ID>tt2148549</IMDB_ID>
  <Language>en</Language>
  <Overview>Phil dates Tatiana, a Serbian lingerie model who can only speak her native language. Phil asks Stuart to be her translator, until she becomes attracted to Stuart as well. Holly keeps making a fool of herself in front of a guy she likes. Haskell buys something very strange.</Overview>
  <ProductionCode></ProductionCode>
  <Rating>7.8</Rating>
  <RatingCount>6</RatingCount>
  <SeasonNumber>1</SeasonNumber>
  <Writer>Ian Gurvitz</Writer>
  <absolute_number></absolute_number>
  <filename>episodes/253279/4234715.jpg</filename>
  <lastupdated>1358019445</lastupdated>
  <seasonid>477570</seasonid>
  <seriesid>253279</seriesid>
</Episode>
<Episode>
  <id>4244590</id>
  <Combined_episodenumber>8</Combined_episodenumber>
  <Combined_season>1</Combined_season>
  <DVD_chapter></DVD_chapter>
  <DVD_discid></DVD_discid>
  <DVD_episodenumber></DVD_episodenumber>
  <DVD_season></DVD_season>
  <Director>Andy Cadiff</Director>
  <EpImgFlag>2</EpImgFlag>
  <EpisodeName>My Dinner with Phil</EpisodeName>
  <EpisodeNumber>8</EpisodeNumber>
  <FirstAired>2012-01-18</FirstAired>
  <GuestStars></GuestStars>
  <IMDB_ID></IMDB_ID>
  <Language>en</Language>
  <Overview>Phil learns that his ex-wife is getting married and that he will no longer need to alimony, making him ecstatic. Holly tries to get romantic with her boss </Overview>
  <ProductionCode></ProductionCode>
  <Rating>7.8</Rating>
  <RatingCount>6</RatingCount>
  <SeasonNumber>1</SeasonNumber>
  <Writer>Sue Tenney</Writer>
  <absolute_number></absolute_number>
  <filename>episodes/253279/4244590.jpg</filename>
  <lastupdated>1358019484</lastupdated>
  <seasonid>477570</seasonid>
  <seriesid>253279</seriesid>
</Episode>
<Episode>
  <id>4249500</id>
  <Combined_episodenumber>9</Combined_episodenumber>
  <Combined_season>1</Combined_season>
  <DVD_chapter></DVD_chapter>
  <DVD_discid></DVD_discid>
  <DVD_episodenumber></DVD_episodenumber>
  <DVD_season></DVD_season>
  <Director></Director>
  <EpImgFlag>2</EpImgFlag>
  <EpisodeName>When Holly Broke Kevin</EpisodeName>
  <EpisodeNumber>9</EpisodeNumber>
  <FirstAired>2012-01-25</FirstAired>
  <GuestStars></GuestStars>
  <IMDB_ID></IMDB_ID>
  <Language>en</Language>
  <Overview>Holly begins dating basketball player Kevin Tyler (Amar'e Stoudemire), one of Phil's clients. Until their sexual encounters interferes with Kevin's performance on the court. Haskell and Stuart get into sports betting.</Overview>
  <ProductionCode></ProductionCode>
  <Rating>7.5</Rating>
  <RatingCount>6</RatingCount>
  <SeasonNumber>1</SeasonNumber>
  <Writer></Writer>
  <absolute_number></absolute_number>
  <filename>episodes/253279/4249500.jpg</filename>
  <lastupdated>1358019532</lastupdated>
  <seasonid>477570</seasonid>
  <seriesid>253279</seriesid>
</Episode>
<Episode>
  <id>4249501</id>
  <Combined_episodenumber>10</Combined_episodenumber>
  <Combined_season>1</Combined_season>
  <DVD_chapter></DVD_chapter>
  <DVD_discid></DVD_discid>
  <DVD_episodenumber></DVD_episodenumber>
  <DVD_season></DVD_season>
  <Director></Director>
  <EpImgFlag>2</EpImgFlag>
  <EpisodeName>The Ex Always Rings Twice</EpisodeName>
  <EpisodeNumber>10</EpisodeNumber>
  <FirstAired>2012-02-01</FirstAired>
  <GuestStars></GuestStars>
  <IMDB_ID></IMDB_ID>
  <Language>en</Language>
  <Overview>When Holly has to face her cheating ex fiance for the first time since they broke up, she enlists the guys' help to prove to him he lost the best thing he ever had.</Overview>
  <ProductionCode></ProductionCode>
  <Rating>7.7</Rating>
  <RatingCount>6</RatingCount>
  <SeasonNumber>1</SeasonNumber>
  <Writer></Writer>
  <absolute_number></absolute_number>
  <filename>episodes/253279/4249501.jpg</filename>
  <lastupdated>1358019652</lastupdated>
  <seasonid>477570</seasonid>
  <seriesid>253279</seriesid>
</Episode>
<Episode>
  <id>4339202</id>
  <Combined_episodenumber>1</Combined_episodenumber>
  <Combined_season>2</Combined_season>
  <DVD_chapter></DVD_chapter>
  <DVD_discid></DVD_discid>
  <DVD_episodenumber></DVD_episodenumber>
  <DVD_season></DVD_season>
  <Director>Andy Cadiff</Director>
  <EpImgFlag>2</EpImgFlag>
  <EpisodeName>Analyze Them</EpisodeName>
  <EpisodeNumber>1</EpisodeNumber>
  <FirstAired>2012-06-20</FirstAired>
  <GuestStars>Kathleen Rose Perkins</GuestStars>
  <IMDB_ID>tt2163670</IMDB_ID>
  <Language>en</Language>
  <Overview>When the guys have differences that they can't seem to resolve, Holly suggests couples therapy for them. But her move backfires when it becomes apparent that she is the cause of their problems.</Overview>
  <ProductionCode>201</ProductionCode>
  <Rating>7.3</Rating>
  <RatingCount>4</RatingCount>
  <SeasonNumber>2</SeasonNumber>
  <Writer>Boyce Bugliari|Jaime McLaughlin</Writer>
  <absolute_number></absolute_number>
  <filename>episodes/253279/4339202.jpg</filename>
  <lastupdated>1358019983</lastupdated>
  <seasonid>494057</seasonid>
  <seriesid>253279</seriesid>
</Episode>
<Episode>
  <id>4345876</id>
  <Combined_episodenumber>2</Combined_episodenumber>
  <Combined_season>2</Combined_season>
  <DVD_chapter></DVD_chapter>
  <DVD_discid></DVD_discid>
  <DVD_episodenumber></DVD_episodenumber>
  <DVD_season></DVD_season>
  <Director>Andy Cadiff</Director>
  <EpImgFlag>2</EpImgFlag>
  <EpisodeName>What Women Want</EpisodeName>
  <EpisodeNumber>2</EpisodeNumber>
  <FirstAired>2012-06-27</FirstAired>
  <GuestStars></GuestStars>
  <IMDB_ID>tt2238312</IMDB_ID>
  <Language>en</Language>
  <Overview>The gang's relationships are thrown out of whack when it is discovered that there is more to Stuart than originally thought.</Overview>
  <ProductionCode>202</ProductionCode>
  <Rating>8.3</Rating>
  <RatingCount>3</RatingCount>
  <SeasonNumber>2</SeasonNumber>
  <Writer>Mark Reisman</Writer>
  <absolute_number></absolute_number>
  <filename>episodes/253279/4345876.jpg</filename>
  <lastupdated>1358020063</lastupdated>
  <seasonid>494057</seasonid>
  <seriesid>253279</seriesid>
</Episode>
<Episode>
  <id>4351257</id>
  <Combined_episodenumber>3</Combined_episodenumber>
  <Combined_season>2</Combined_season>
  <DVD_chapter></DVD_chapter>
  <DVD_discid></DVD_discid>
  <DVD_episodenumber></DVD_episodenumber>
  <DVD_season></DVD_season>
  <Director>Andrew Weyman</Director>
  <EpImgFlag>2</EpImgFlag>
  <EpisodeName>Cool Hand Lutz</EpisodeName>
  <EpisodeNumber>3</EpisodeNumber>
  <FirstAired>2012-07-04</FirstAired>
  <GuestStars></GuestStars>
  <IMDB_ID>tt2191908</IMDB_ID>
  <Language>en</Language>
  <Overview>Holly &amp; Haskell go on a practice date. Stuart tries really hard to fit in with Phil's friend and embarrasses him in the process.</Overview>
  <ProductionCode>203</ProductionCode>
  <Rating>7.0</Rating>
  <RatingCount>3</RatingCount>
  <SeasonNumber>2</SeasonNumber>
  <Writer>Ian Gurvitz</Writer>
  <absolute_number></absolute_number>
  <filename>episodes/253279/4351257.jpg</filename>
  <lastupdated>1358020105</lastupdated>
  <seasonid>494057</seasonid>
  <seriesid>253279</seriesid>
</Episode>
<Episode>
  <id>4354935</id>
  <Combined_episodenumber>4</Combined_episodenumber>
  <Combined_season>2</Combined_season>
  <DVD_chapter></DVD_chapter>
  <DVD_discid></DVD_discid>
  <DVD_episodenumber></DVD_episodenumber>
  <DVD_season></DVD_season>
  <Director>Andy Cadiff</Director>
  <EpImgFlag></EpImgFlag>
  <EpisodeName>Baby Mama</EpisodeName>
  <EpisodeNumber>4</EpisodeNumber>
  <FirstAired>2012-07-11</FirstAired>
  <GuestStars>James Morrison</GuestStars>
  <IMDB_ID>tt2241832</IMDB_ID>
  <Language>en</Language>
  <Overview>Chopin, the dog that Stuart lost custody of in his divorce, stays over. Phil then accidentally switches the dog with a look-a-like, after having a one night stand with another dog owner. Holly suspects that Eden is having an affair with their married boss, Mr. Hubner (James Morrison), and is even more convinced when she discovers that Eden is pregnant.</Overview>
  <ProductionCode>204</ProductionCode>
  <Rating>7.0</Rating>
  <RatingCount>3</RatingCount>
  <SeasonNumber>2</SeasonNumber>
  <Writer>Joey Gutierrez</Writer>
  <absolute_number></absolute_number>
  <filename></filename>
  <lastupdated>1358020117</lastupdated>
  <seasonid>494057</seasonid>
  <seriesid>253279</seriesid>
</Episode>
<Episode>
  <id>4356247</id>
  <Combined_episodenumber>5</Combined_episodenumber>
  <Combined_season>2</Combined_season>
  <DVD_chapter></DVD_chapter>
  <DVD_discid></DVD_discid>
  <DVD_episodenumber></DVD_episodenumber>
  <DVD_season></DVD_season>
  <Director>Andy Cadiff</Director>
  <EpImgFlag></EpImgFlag>
  <EpisodeName>Lethal Weapons</EpisodeName>
  <EpisodeNumber>5</EpisodeNumber>
  <FirstAired>2012-07-18</FirstAired>
  <GuestStars>Craig Gellis</GuestStars>
  <IMDB_ID>tt2241836</IMDB_ID>
  <Language>en</Language>
  <Overview>Phil's desire to sign top mixed martial arts fighter Tommy Dunbar (Craig Gellis) as a client has the guys all attending a strip club, which lands Stuart in the hospital. Meanwhile, Eden buys Holly a new bra, which provides surprising benefits. </Overview>
  <ProductionCode>205</ProductionCode>
  <Rating>7.5</Rating>
  <RatingCount>4</RatingCount>
  <SeasonNumber>2</SeasonNumber>
  <Writer>Gary Murphy</Writer>
  <absolute_number></absolute_number>
  <filename></filename>
  <lastupdated>1358020128</lastupdated>
  <seasonid>494057</seasonid>
  <seriesid>253279</seriesid>
</Episode>
<Episode>
  <id>4356252</id>
  <Combined_episodenumber>6</Combined_episodenumber>
  <Combined_season>2</Combined_season>
  <DVD_chapter></DVD_chapter>
  <DVD_discid></DVD_discid>
  <DVD_episodenumber></DVD_episodenumber>
  <DVD_season></DVD_season>
  <Director>Andrew Weyman</Director>
  <EpImgFlag></EpImgFlag>
  <EpisodeName>Shall We Dance?</EpisodeName>
  <EpisodeNumber>6</EpisodeNumber>
  <FirstAired>2012-07-25</FirstAired>
  <GuestStars>Janet Varney|Maksim Chmerkovskiy|Garcelle Beauvais</GuestStars>
  <IMDB_ID>tt2241838</IMDB_ID>
  <Language>en</Language>
  <Overview>Holly offers to help Stuart impress his ex-wife, Lorna (Janet Varney), at a ballroom dance contest, but it turns out Holly is no help at all. Adding insult to injury, it appears that Lorna and her partner (played by Dancing with the Stars pro Maksim Chmerkovskiy) are the favorites to win the competition. Meanwhile, Phil meets his female match, Kendra (Garcelle Beauvais), who beats him at his own game. </Overview>
  <ProductionCode>206</ProductionCode>
  <Rating>6.7</Rating>
  <RatingCount>3</RatingCount>
  <SeasonNumber>2</SeasonNumber>
  <Writer>Howard Gewirtz</Writer>
  <absolute_number></absolute_number>
  <filename></filename>
  <lastupdated>1358020154</lastupdated>
  <seasonid>494057</seasonid>
  <seriesid>253279</seriesid>
</Episode>
<Episode>
  <id>4356253</id>
  <Combined_episodenumber>7</Combined_episodenumber>
  <Combined_season>2</Combined_season>
  <DVD_chapter></DVD_chapter>
  <DVD_discid></DVD_discid>
  <DVD_episodenumber></DVD_episodenumber>
  <DVD_season></DVD_season>
  <Director>Andy Cadiff</Director>
  <EpImgFlag></EpImgFlag>
  <EpisodeName>Three Men and a Maybe</EpisodeName>
  <EpisodeNumber>7</EpisodeNumber>
  <FirstAired>2012-08-01</FirstAired>
  <GuestStars></GuestStars>
  <IMDB_ID>tt2171561</IMDB_ID>
  <Language>en</Language>
  <Overview>Holly starts to hear her biological clock ticking, so the guys help in her search for a sperm donor.</Overview>
  <ProductionCode>207</ProductionCode>
  <Rating>6.5</Rating>
  <RatingCount>2</RatingCount>
  <SeasonNumber>2</SeasonNumber>
  <Writer>Yvette Lee Bowser</Writer>
  <absolute_number></absolute_number>
  <filename></filename>
  <lastupdated>1358020199</lastupdated>
  <seasonid>494057</seasonid>
  <seriesid>253279</seriesid>
</Episode>
<Episode>
  <id>4366418</id>
  <Combined_episodenumber>8</Combined_episodenumber>
  <Combined_season>2</Combined_season>
  <DVD_chapter></DVD_chapter>
  <DVD_discid></DVD_discid>
  <DVD_episodenumber></DVD_episodenumber>
  <DVD_season></DVD_season>
  <Director>Andy Cadiff</Director>
  <EpImgFlag></EpImgFlag>
  <EpisodeName>How Holly Got Her Groove Back</EpisodeName>
  <EpisodeNumber>8</EpisodeNumber>
  <FirstAired>2012-08-08</FirstAired>
  <GuestStars>Diedrich Bader|Paula Jai Parker</GuestStars>
  <IMDB_ID></IMDB_ID>
  <Language>en</Language>
  <Overview>Holly's continuing crush on her co-worker Paul, makes her determined to find out how he feels about her. Meanwhile, frustrated with being the only roommate who cleans the apartment, Stuart hires a maid who begins to disrupt Haskell's life.</Overview>
  <ProductionCode>208</ProductionCode>
  <Rating>7.3</Rating>
  <RatingCount>3</RatingCount>
  <SeasonNumber>2</SeasonNumber>
  <Writer>Ian Gurvitz</Writer>
  <absolute_number></absolute_number>
  <filename></filename>
  <lastupdated>1358020247</lastupdated>
  <seasonid>494057</seasonid>
  <seriesid>253279</seriesid>
</Episode>
<Episode>
  <id>4366419</id>
  <Combined_episodenumber>9</Combined_episodenumber>
  <Combined_season>2</Combined_season>
  <DVD_chapter></DVD_chapter>
  <DVD_discid></DVD_discid>
  <DVD_episodenumber></DVD_episodenumber>
  <DVD_season></DVD_season>
  <Director>Andy Cadiff</Director>
  <EpImgFlag></EpImgFlag>
  <EpisodeName>The Party</EpisodeName>
  <EpisodeNumber>9</EpisodeNumber>
  <FirstAired>2012-08-15</FirstAired>
  <GuestStars></GuestStars>
  <IMDB_ID></IMDB_ID>
  <Language>en</Language>
  <Overview>Holly flaunts her new boyfriend, Paul, and Paul invites the roomates to a great party. But Stuart sees signs that Paul may still be too close to his ex-wife.</Overview>
  <ProductionCode>209</ProductionCode>
  <Rating>7.0</Rating>
  <RatingCount>4</RatingCount>
  <SeasonNumber>2</SeasonNumber>
  <Writer>Howard Gewirtz</Writer>
  <absolute_number></absolute_number>
  <filename></filename>
  <lastupdated>1358020307</lastupdated>
  <seasonid>494057</seasonid>
  <seriesid>253279</seriesid>
</Episode>
<Episode>
  <id>4366420</id>
  <Combined_episodenumber>10</Combined_episodenumber>
  <Combined_season>2</Combined_season>
  <DVD_chapter></DVD_chapter>
  <DVD_discid></DVD_discid>
  <DVD_episodenumber></DVD_episodenumber>
  <DVD_season></DVD_season>
  <Director>Andy Cadiff</Director>
  <EpImgFlag></EpImgFlag>
  <EpisodeName>Sister Act</EpisodeName>
  <EpisodeNumber>10</EpisodeNumber>
  <FirstAired>2012-08-22</FirstAired>
  <GuestStars>Judith Light|Amanda Detmer</GuestStars>
  <IMDB_ID></IMDB_ID>
  <Language>en</Language>
  <Overview>With her mother, Majorie (Judith Light), and sister, Jill (Amanda Detmer), in town, Holly tries to impress her &quot;perfect&quot; sister by creating a new identity. Meanwhile, the guys are enamored by Stuart's cooking. </Overview>
  <ProductionCode>210</ProductionCode>
  <Rating>7.0</Rating>
  <RatingCount>3</RatingCount>
  <SeasonNumber>2</SeasonNumber>
  <Writer>Boyce Bugliari|Jaime McLaughlin</Writer>
  <absolute_number></absolute_number>
  <filename></filename>
  <lastupdated>1358020346</lastupdated>
  <seasonid>494057</seasonid>
  <seriesid>253279</seriesid>
</Episode>
<Episode>
  <id>4366421</id>
  <Combined_episodenumber>11</Combined_episodenumber>
  <Combined_season>2</Combined_season>
  <DVD_chapter></DVD_chapter>
  <DVD_discid></DVD_discid>
  <DVD_episodenumber></DVD_episodenumber>
  <DVD_season></DVD_season>
  <Director>Andy Cadiff</Director>
  <EpImgFlag></EpImgFlag>
  <EpisodeName>He's Gotta Have It</EpisodeName>
  <EpisodeNumber>11</EpisodeNumber>
  <FirstAired>2012-08-29</FirstAired>
  <GuestStars>Zach Braff</GuestStars>
  <IMDB_ID></IMDB_ID>
  <Language>en</Language>
  <Overview>A professional tennis player and ladies man (Zach Braff) is in town, but he turns out to be more of a man's man instead.</Overview>
  <ProductionCode>211</ProductionCode>
  <Rating>7.5</Rating>
  <RatingCount>2</RatingCount>
  <SeasonNumber>2</SeasonNumber>
  <Writer>Gary Murphy</Writer>
  <absolute_number></absolute_number>
  <filename></filename>
  <lastupdated>1358020428</lastupdated>
  <seasonid>494057</seasonid>
  <seriesid>253279</seriesid>
</Episode>
<Episode>
  <id>4366422</id>
  <Combined_episodenumber>12</Combined_episodenumber>
  <Combined_season>2</Combined_season>
  <DVD_chapter></DVD_chapter>
  <DVD_discid></DVD_discid>
  <DVD_episodenumber></DVD_episodenumber>
  <DVD_season></DVD_season>
  <Director>Andy Cadiff</Director>
  <EpImgFlag></EpImgFlag>
  <EpisodeName>Pirates of the Care of Eden</EpisodeName>
  <EpisodeNumber>12</EpisodeNumber>
  <FirstAired>2012-09-05</FirstAired>
  <GuestStars>Todd Stashwick</GuestStars>
  <IMDB_ID></IMDB_ID>
  <Language>en</Language>
  <Overview>The gang crashes a party on Phil's boss's yacht; a very pregnant Eden goes into labor.</Overview>
  <ProductionCode>212</ProductionCode>
  <Rating>8.0</Rating>
  <RatingCount>2</RatingCount>
  <SeasonNumber>2</SeasonNumber>
  <Writer>Yvette Lee Bowser</Writer>
  <absolute_number></absolute_number>
  <filename></filename>
  <lastupdated>1358020491</lastupdated>
  <seasonid>494057</seasonid>
  <seriesid>253279</seriesid>
</Episode>
<Episode>
  <id>4475226</id>
  <Combined_episodenumber>1</Combined_episodenumber>
  <Combined_season>3</Combined_season>
  <DVD_chapter></DVD_chapter>
  <DVD_discid></DVD_discid>
  <DVD_episodenumber></DVD_episodenumber>
  <DVD_season></DVD_season>
  <Director></Director>
  <EpImgFlag></EpImgFlag>
  <EpisodeName>TBA</EpisodeName>
  <EpisodeNumber>1</EpisodeNumber>
  <FirstAired>2013-06-19</FirstAired>
  <GuestStars></GuestStars>
  <IMDB_ID></IMDB_ID>
  <Language>en</Language>
  <Overview></Overview>
  <ProductionCode></ProductionCode>
  <Rating></Rating>
  <RatingCount>0</RatingCount>
  <SeasonNumber>3</SeasonNumber>
  <Writer></Writer>
  <absolute_number></absolute_number>
  <filename></filename>
  <lastupdated>1358019948</lastupdated>
  <seasonid>509704</seasonid>
  <seriesid>253279</seriesid>
</Episode>
</Data>