<?xml version="1.0" encoding="UTF-8" ?>
<Data><Series>
  <id>261451</id>
  <Actors>|Sean Astin|Greg Cipes|Jason Biggs|Mae Whitman|Kevin Michael Richardson|Hoon Lee|Rob Paulsen|</Actors>
  <Airs_DayOfWeek>Friday</Airs_DayOfWeek>
  <Airs_Time>7:00 PM</Airs_Time>
  <ContentRating>TV-Y7</ContentRating>
  <FirstAired>2012-09-29</FirstAired>
  <Genre>|Action|Adventure|Animation|Children|</Genre>
  <IMDB_ID>tt1877889</IMDB_ID>
  <Language>en</Language>
  <Network>Nickelodeon</Network>
  <NetworkID></NetworkID>
  <Overview>The Teenage Mutant Ninja Turtles are back in an all-new animated series on Nickelodeon! Surfacing topside for the first time on their fifteenth birthday, the titular turtles, Leonardo, Michelangelo, Raphael and Donatello, find that life out of the sewers isn't exactly what they thought it would be. Now the turtles must work together as a team to take on new enemies that arise to take over New York City.</Overview>
  <Rating>9.4</Rating>
  <RatingCount>5</RatingCount>
  <Runtime>25</Runtime>
  <SeriesID></SeriesID>
  <SeriesName>Teenage Mutant Ninja Turtles (2012)</SeriesName>
  <Status>Continuing</Status>
  <added>2012-08-13 15:37:41</added>
  <addedBy>2678</addedBy>
  <banner>graphical/261451-g.jpg</banner>
  <fanart>fanart/original/261451-1.jpg</fanart>
  <lastupdated>1364144605</lastupdated>
  <poster>posters/261451-5.jpg</poster>
  <zap2it_id></zap2it_id>
</Series>
<Episode>
  <id>4476574</id>
  <Combined_episodenumber>1</Combined_episodenumber>
  <Combined_season>0</Combined_season>
  <DVD_chapter></DVD_chapter>
  <DVD_discid></DVD_discid>
  <DVD_episodenumber></DVD_episodenumber>
  <DVD_season></DVD_season>
  <Director></Director>
  <EpImgFlag></EpImgFlag>
  <EpisodeName>Comic Con 2012 Panel</EpisodeName>
  <EpisodeNumber>1</EpisodeNumber>
  <FirstAired></FirstAired>
  <GuestStars></GuestStars>
  <IMDB_ID></IMDB_ID>
  <Language>en</Language>
  <Overview></Overview>
  <ProductionCode></ProductionCode>
  <Rating></Rating>
  <RatingCount>0</RatingCount>
  <SeasonNumber>0</SeasonNumber>
  <Writer></Writer>
  <absolute_number></absolute_number>
  <airsafter_season></airsafter_season>
  <airsbefore_episode></airsbefore_episode>
  <airsbefore_season></airsbefore_season>
  <filename></filename>
  <lastupdated>1358167862</lastupdated>
  <seasonid>498358</seasonid>
  <seriesid>261451</seriesid>
</Episode>
<Episode>
  <id>4476575</id>
  <Combined_episodenumber>2</Combined_episodenumber>
  <Combined_season>0</Combined_season>
  <DVD_chapter></DVD_chapter>
  <DVD_discid></DVD_discid>
  <DVD_episodenumber></DVD_episodenumber>
  <DVD_season></DVD_season>
  <Director></Director>
  <EpImgFlag></EpImgFlag>
  <EpisodeName>TMNT Concept Art Remix</EpisodeName>
  <EpisodeNumber>2</EpisodeNumber>
  <FirstAired></FirstAired>
  <GuestStars></GuestStars>
  <IMDB_ID></IMDB_ID>
  <Language>en</Language>
  <Overview></Overview>
  <ProductionCode></ProductionCode>
  <Rating></Rating>
  <RatingCount>0</RatingCount>
  <SeasonNumber>0</SeasonNumber>
  <Writer></Writer>
  <absolute_number></absolute_number>
  <airsafter_season></airsafter_season>
  <airsbefore_episode></airsbefore_episode>
  <airsbefore_season></airsbefore_season>
  <filename></filename>
  <lastupdated>1358167955</lastupdated>
  <seasonid>498358</seasonid>
  <seriesid>261451</seriesid>
</Episode>
<Episode>
  <id>4476576</id>
  <Combined_episodenumber>3</Combined_episodenumber>
  <Combined_season>0</Combined_season>
  <DVD_chapter></DVD_chapter>
  <DVD_discid></DVD_discid>
  <DVD_episodenumber></DVD_episodenumber>
  <DVD_season></DVD_season>
  <Director></Director>
  <EpImgFlag></EpImgFlag>
  <EpisodeName>Learn the Theme Song!</EpisodeName>
  <EpisodeNumber>3</EpisodeNumber>
  <FirstAired></FirstAired>
  <GuestStars></GuestStars>
  <IMDB_ID></IMDB_ID>
  <Language>en</Language>
  <Overview></Overview>
  <ProductionCode></ProductionCode>
  <Rating></Rating>
  <RatingCount>0</RatingCount>
  <SeasonNumber>0</SeasonNumber>
  <Writer></Writer>
  <absolute_number></absolute_number>
  <airsafter_season></airsafter_season>
  <airsbefore_episode></airsbefore_episode>
  <airsbefore_season></airsbefore_season>
  <filename></filename>
  <lastupdated>1358168043</lastupdated>
  <seasonid>498358</seasonid>
  <seriesid>261451</seriesid>
</Episode>
<Episode>
  <id>4476577</id>
  <Combined_episodenumber>4</Combined_episodenumber>
  <Combined_season>0</Combined_season>
  <DVD_chapter></DVD_chapter>
  <DVD_discid></DVD_discid>
  <DVD_episodenumber></DVD_episodenumber>
  <DVD_season></DVD_season>
  <Director></Director>
  <EpImgFlag></EpImgFlag>
  <EpisodeName>Trailer 1 - &quot;Coming 9-29&quot;</EpisodeName>
  <EpisodeNumber>4</EpisodeNumber>
  <FirstAired></FirstAired>
  <GuestStars></GuestStars>
  <IMDB_ID></IMDB_ID>
  <Language>en</Language>
  <Overview></Overview>
  <ProductionCode></ProductionCode>
  <Rating></Rating>
  <RatingCount>0</RatingCount>
  <SeasonNumber>0</SeasonNumber>
  <Writer></Writer>
  <absolute_number></absolute_number>
  <airsafter_season></airsafter_season>
  <airsbefore_episode></airsbefore_episode>
  <airsbefore_season></airsbefore_season>
  <filename></filename>
  <lastupdated>1358168173</lastupdated>
  <seasonid>498358</seasonid>
  <seriesid>261451</seriesid>
</Episode>
<Episode>
  <id>4476578</id>
  <Combined_episodenumber>5</Combined_episodenumber>
  <Combined_season>0</Combined_season>
  <DVD_chapter></DVD_chapter>
  <DVD_discid></DVD_discid>
  <DVD_episodenumber></DVD_episodenumber>
  <DVD_season></DVD_season>
  <Director></Director>
  <EpImgFlag></EpImgFlag>
  <EpisodeName>Trailer 2 - &quot;Green vs. Mean&quot;</EpisodeName>
  <EpisodeNumber>5</EpisodeNumber>
  <FirstAired></FirstAired>
  <GuestStars></GuestStars>
  <IMDB_ID></IMDB_ID>
  <Language>en</Language>
  <Overview></Overview>
  <ProductionCode></ProductionCode>
  <Rating></Rating>
  <RatingCount>0</RatingCount>
  <SeasonNumber>0</SeasonNumber>
  <Writer></Writer>
  <absolute_number></absolute_number>
  <airsafter_season></airsafter_season>
  <airsbefore_episode></airsbefore_episode>
  <airsbefore_season></airsbefore_season>
  <filename></filename>
  <lastupdated>1358168240</lastupdated>
  <seasonid>498358</seasonid>
  <seriesid>261451</seriesid>
</Episode>
<Episode>
  <id>4476579</id>
  <Combined_episodenumber>6</Combined_episodenumber>
  <Combined_season>0</Combined_season>
  <DVD_chapter></DVD_chapter>
  <DVD_discid></DVD_discid>
  <DVD_episodenumber></DVD_episodenumber>
  <DVD_season></DVD_season>
  <Director></Director>
  <EpImgFlag></EpImgFlag>
  <EpisodeName>Meet the Turtles</EpisodeName>
  <EpisodeNumber>6</EpisodeNumber>
  <FirstAired></FirstAired>
  <GuestStars></GuestStars>
  <IMDB_ID></IMDB_ID>
  <Language>en</Language>
  <Overview></Overview>
  <ProductionCode></ProductionCode>
  <Rating></Rating>
  <RatingCount>0</RatingCount>
  <SeasonNumber>0</SeasonNumber>
  <Writer></Writer>
  <absolute_number></absolute_number>
  <airsafter_season></airsafter_season>
  <airsbefore_episode></airsbefore_episode>
  <airsbefore_season></airsbefore_season>
  <filename></filename>
  <lastupdated>1358168263</lastupdated>
  <seasonid>498358</seasonid>
  <seriesid>261451</seriesid>
</Episode>
<Episode>
  <id>4476581</id>
  <Combined_episodenumber>7</Combined_episodenumber>
  <Combined_season>0</Combined_season>
  <DVD_chapter></DVD_chapter>
  <DVD_discid></DVD_discid>
  <DVD_episodenumber></DVD_episodenumber>
  <DVD_season></DVD_season>
  <Director></Director>
  <EpImgFlag></EpImgFlag>
  <EpisodeName>Sneak Peek - &quot;Training Showdown&quot;</EpisodeName>
  <EpisodeNumber>7</EpisodeNumber>
  <FirstAired></FirstAired>
  <GuestStars></GuestStars>
  <IMDB_ID></IMDB_ID>
  <Language>en</Language>
  <Overview></Overview>
  <ProductionCode></ProductionCode>
  <Rating></Rating>
  <RatingCount>0</RatingCount>
  <SeasonNumber>0</SeasonNumber>
  <Writer></Writer>
  <absolute_number></absolute_number>
  <airsafter_season></airsafter_season>
  <airsbefore_episode></airsbefore_episode>
  <airsbefore_season></airsbefore_season>
  <filename></filename>
  <lastupdated>1358168313</lastupdated>
  <seasonid>498358</seasonid>
  <seriesid>261451</seriesid>
</Episode>
<Episode>
  <id>4476587</id>
  <Combined_episodenumber>8</Combined_episodenumber>
  <Combined_season>0</Combined_season>
  <DVD_chapter></DVD_chapter>
  <DVD_discid></DVD_discid>
  <DVD_episodenumber></DVD_episodenumber>
  <DVD_season></DVD_season>
  <Director></Director>
  <EpImgFlag></EpImgFlag>
  <EpisodeName>The Mutation of a Scene - &quot;Rise of the Turtles, Part 1&quot;</EpisodeName>
  <EpisodeNumber>8</EpisodeNumber>
  <FirstAired></FirstAired>
  <GuestStars></GuestStars>
  <IMDB_ID></IMDB_ID>
  <Language>en</Language>
  <Overview></Overview>
  <ProductionCode></ProductionCode>
  <Rating></Rating>
  <RatingCount>0</RatingCount>
  <SeasonNumber>0</SeasonNumber>
  <Writer></Writer>
  <absolute_number></absolute_number>
  <airsafter_season></airsafter_season>
  <airsbefore_episode></airsbefore_episode>
  <airsbefore_season></airsbefore_season>
  <filename></filename>
  <lastupdated>1358168653</lastupdated>
  <seasonid>498358</seasonid>
  <seriesid>261451</seriesid>
</Episode>
<Episode>
  <id>4476588</id>
  <Combined_episodenumber>9</Combined_episodenumber>
  <Combined_season>0</Combined_season>
  <DVD_chapter></DVD_chapter>
  <DVD_discid></DVD_discid>
  <DVD_episodenumber></DVD_episodenumber>
  <DVD_season></DVD_season>
  <Director></Director>
  <EpImgFlag></EpImgFlag>
  <EpisodeName>The Mutation of a Scene - &quot;Rise of the Turtles, Part 2&quot;</EpisodeName>
  <EpisodeNumber>9</EpisodeNumber>
  <FirstAired></FirstAired>
  <GuestStars></GuestStars>
  <IMDB_ID></IMDB_ID>
  <Language>en</Language>
  <Overview></Overview>
  <ProductionCode></ProductionCode>
  <Rating></Rating>
  <RatingCount>0</RatingCount>
  <SeasonNumber>0</SeasonNumber>
  <Writer></Writer>
  <absolute_number></absolute_number>
  <airsafter_season></airsafter_season>
  <airsbefore_episode></airsbefore_episode>
  <airsbefore_season></airsbefore_season>
  <filename></filename>
  <lastupdated>1358168682</lastupdated>
  <seasonid>498358</seasonid>
  <seriesid>261451</seriesid>
</Episode>
<Episode>
  <id>4476589</id>
  <Combined_episodenumber>10</Combined_episodenumber>
  <Combined_season>0</Combined_season>
  <DVD_chapter></DVD_chapter>
  <DVD_discid></DVD_discid>
  <DVD_episodenumber></DVD_episodenumber>
  <DVD_season></DVD_season>
  <Director></Director>
  <EpImgFlag></EpImgFlag>
  <EpisodeName>The Mutation of a Scene - &quot;Turtle Temper&quot;</EpisodeName>
  <EpisodeNumber>10</EpisodeNumber>
  <FirstAired></FirstAired>
  <GuestStars></GuestStars>
  <IMDB_ID></IMDB_ID>
  <Language>en</Language>
  <Overview></Overview>
  <ProductionCode></ProductionCode>
  <Rating></Rating>
  <RatingCount>0</RatingCount>
  <SeasonNumber>0</SeasonNumber>
  <Writer></Writer>
  <absolute_number></absolute_number>
  <airsafter_season></airsafter_season>
  <airsbefore_episode></airsbefore_episode>
  <airsbefore_season></airsbefore_season>
  <filename></filename>
  <lastupdated>1358168777</lastupdated>
  <seasonid>498358</seasonid>
  <seriesid>261451</seriesid>
</Episode>
<Episode>
  <id>4476590</id>
  <Combined_episodenumber>11</Combined_episodenumber>
  <Combined_season>0</Combined_season>
  <DVD_chapter></DVD_chapter>
  <DVD_discid></DVD_discid>
  <DVD_episodenumber></DVD_episodenumber>
  <DVD_season></DVD_season>
  <Director></Director>
  <EpImgFlag></EpImgFlag>
  <EpisodeName>The Mutation of a Scene - &quot;New Friend, Old Enemy&quot;</EpisodeName>
  <EpisodeNumber>11</EpisodeNumber>
  <FirstAired></FirstAired>
  <GuestStars></GuestStars>
  <IMDB_ID></IMDB_ID>
  <Language>en</Language>
  <Overview></Overview>
  <ProductionCode></ProductionCode>
  <Rating></Rating>
  <RatingCount>0</RatingCount>
  <SeasonNumber>0</SeasonNumber>
  <Writer></Writer>
  <absolute_number></absolute_number>
  <airsafter_season></airsafter_season>
  <airsbefore_episode></airsbefore_episode>
  <airsbefore_season></airsbefore_season>
  <filename></filename>
  <lastupdated>1358168935</lastupdated>
  <seasonid>498358</seasonid>
  <seriesid>261451</seriesid>
</Episode>
<Episode>
  <id>4476591</id>
  <Combined_episodenumber>12</Combined_episodenumber>
  <Combined_season>0</Combined_season>
  <DVD_chapter></DVD_chapter>
  <DVD_discid></DVD_discid>
  <DVD_episodenumber></DVD_episodenumber>
  <DVD_season></DVD_season>
  <Director></Director>
  <EpImgFlag></EpImgFlag>
  <EpisodeName>The Mutation of a Scene - &quot;I Think His Name is Baxter Stockman&quot;</EpisodeName>
  <EpisodeNumber>12</EpisodeNumber>
  <FirstAired></FirstAired>
  <GuestStars></GuestStars>
  <IMDB_ID></IMDB_ID>
  <Language>en</Language>
  <Overview></Overview>
  <ProductionCode></ProductionCode>
  <Rating></Rating>
  <RatingCount>0</RatingCount>
  <SeasonNumber>0</SeasonNumber>
  <Writer></Writer>
  <absolute_number></absolute_number>
  <airsafter_season></airsafter_season>
  <airsbefore_episode></airsbefore_episode>
  <airsbefore_season></airsbefore_season>
  <filename></filename>
  <lastupdated>1358168958</lastupdated>
  <seasonid>498358</seasonid>
  <seriesid>261451</seriesid>
</Episode>
<Episode>
  <id>4476592</id>
  <Combined_episodenumber>13</Combined_episodenumber>
  <Combined_season>0</Combined_season>
  <DVD_chapter></DVD_chapter>
  <DVD_discid></DVD_discid>
  <DVD_episodenumber></DVD_episodenumber>
  <DVD_season></DVD_season>
  <Director></Director>
  <EpImgFlag></EpImgFlag>
  <EpisodeName>The Mutation of a Scene - &quot;Metalhead&quot;</EpisodeName>
  <EpisodeNumber>13</EpisodeNumber>
  <FirstAired></FirstAired>
  <GuestStars></GuestStars>
  <IMDB_ID></IMDB_ID>
  <Language>en</Language>
  <Overview></Overview>
  <ProductionCode></ProductionCode>
  <Rating></Rating>
  <RatingCount>0</RatingCount>
  <SeasonNumber>0</SeasonNumber>
  <Writer></Writer>
  <absolute_number></absolute_number>
  <airsafter_season></airsafter_season>
  <airsbefore_episode></airsbefore_episode>
  <airsbefore_season></airsbefore_season>
  <filename></filename>
  <lastupdated>1358168992</lastupdated>
  <seasonid>498358</seasonid>
  <seriesid>261451</seriesid>
</Episode>
<Episode>
  <id>4413228</id>
  <Combined_episodenumber>0</Combined_episodenumber>
  <Combined_season>1</Combined_season>
  <DVD_chapter></DVD_chapter>
  <DVD_discid></DVD_discid>
  <DVD_episodenumber></DVD_episodenumber>
  <DVD_season></DVD_season>
  <Director></Director>
  <EpImgFlag></EpImgFlag>
  <EpisodeName>Comic Con 2012 Panel</EpisodeName>
  <EpisodeNumber>0</EpisodeNumber>
  <FirstAired></FirstAired>
  <GuestStars></GuestStars>
  <IMDB_ID></IMDB_ID>
  <Language>en</Language>
  <Overview></Overview>
  <ProductionCode></ProductionCode>
  <Rating></Rating>
  <RatingCount>0</RatingCount>
  <SeasonNumber>1</SeasonNumber>
  <Writer></Writer>
  <absolute_number></absolute_number>
  <filename></filename>
  <lastupdated>1349628447</lastupdated>
  <seasonid>498359</seasonid>
  <seriesid>261451</seriesid>
</Episode>
<Episode>
  <id>4377776</id>
  <Combined_episodenumber>1</Combined_episodenumber>
  <Combined_season>1</Combined_season>
  <DVD_chapter></DVD_chapter>
  <DVD_discid></DVD_discid>
  <DVD_episodenumber></DVD_episodenumber>
  <DVD_season></DVD_season>
  <Director></Director>
  <EpImgFlag>2</EpImgFlag>
  <EpisodeName>Rise of the Turtles (1)</EpisodeName>
  <EpisodeNumber>1</EpisodeNumber>
  <FirstAired>2012-09-29</FirstAired>
  <GuestStars></GuestStars>
  <IMDB_ID>tt2035319</IMDB_ID>
  <Language>en</Language>
  <Overview>For fifteen years, four mutant Turtles and their rodent sensei have lived a secret life beneath the sewers of New York. Coming to the surface for the first time, the Turtles soon find their day out interrupted as a young girl and her father become the targets of mysterious, and dangerous, men...</Overview>
  <ProductionCode></ProductionCode>
  <Rating>8.3</Rating>
  <RatingCount>6</RatingCount>
  <SeasonNumber>1</SeasonNumber>
  <Writer></Writer>
  <absolute_number></absolute_number>
  <filename>episodes/261451/4377776.jpg</filename>
  <lastupdated>1355816594</lastupdated>
  <seasonid>498359</seasonid>
  <seriesid>261451</seriesid>
</Episode>
<Episode>
  <id>4408352</id>
  <Combined_episodenumber>2</Combined_episodenumber>
  <Combined_season>1</Combined_season>
  <DVD_chapter></DVD_chapter>
  <DVD_discid></DVD_discid>
  <DVD_episodenumber></DVD_episodenumber>
  <DVD_season></DVD_season>
  <Director></Director>
  <EpImgFlag>2</EpImgFlag>
  <EpisodeName>Rise of the Turtles (2)</EpisodeName>
  <EpisodeNumber>2</EpisodeNumber>
  <FirstAired>2012-09-29</FirstAired>
  <GuestStars></GuestStars>
  <IMDB_ID>tt2413600</IMDB_ID>
  <Language>en</Language>
  <Overview>When April O'Neil is abducted, the Turtles search leads to the base of the robotic Kraang army, and Leonardo struggles to unify his rebellious brothers to victory.</Overview>
  <ProductionCode></ProductionCode>
  <Rating>8.0</Rating>
  <RatingCount>5</RatingCount>
  <SeasonNumber>1</SeasonNumber>
  <Writer></Writer>
  <absolute_number></absolute_number>
  <filename>episodes/261451/4408352.jpg</filename>
  <lastupdated>1355816612</lastupdated>
  <seasonid>498359</seasonid>
  <seriesid>261451</seriesid>
</Episode>
<Episode>
  <id>4409277</id>
  <Combined_episodenumber>3</Combined_episodenumber>
  <Combined_season>1</Combined_season>
  <DVD_chapter></DVD_chapter>
  <DVD_discid></DVD_discid>
  <DVD_episodenumber></DVD_episodenumber>
  <DVD_season></DVD_season>
  <Director>Alan Wan</Director>
  <EpImgFlag>2</EpImgFlag>
  <EpisodeName>Turtle Temper</EpisodeName>
  <EpisodeNumber>3</EpisodeNumber>
  <FirstAired>2012-10-06</FirstAired>
  <GuestStars></GuestStars>
  <IMDB_ID>tt2413602</IMDB_ID>
  <Language>en</Language>
  <Overview>The Turtles are in danger of exposure when hot-headed Raphael is caught on video arguing with a human on the street. He must learn to control his temper in order to help the others retrieve the video before it falls into the wrong hands.</Overview>
  <ProductionCode></ProductionCode>
  <Rating>8.0</Rating>
  <RatingCount>2</RatingCount>
  <SeasonNumber>1</SeasonNumber>
  <Writer>Jeremy Shipp</Writer>
  <absolute_number></absolute_number>
  <filename>episodes/261451/4409277.jpg</filename>
  <lastupdated>1359754901</lastupdated>
  <seasonid>498359</seasonid>
  <seriesid>261451</seriesid>
</Episode>
<Episode>
  <id>4413702</id>
  <Combined_episodenumber>4</Combined_episodenumber>
  <Combined_season>1</Combined_season>
  <DVD_chapter></DVD_chapter>
  <DVD_discid></DVD_discid>
  <DVD_episodenumber></DVD_episodenumber>
  <DVD_season></DVD_season>
  <Director>Juan Meza-Leon</Director>
  <EpImgFlag>2</EpImgFlag>
  <EpisodeName>New Friend, Old Enemy</EpisodeName>
  <EpisodeNumber>4</EpisodeNumber>
  <FirstAired>2012-10-13</FirstAired>
  <GuestStars></GuestStars>
  <IMDB_ID>tt2413604</IMDB_ID>
  <Language>en</Language>
  <Overview>To prove that Turtles can be friends with humans, Michelangelo uses a social networking site to befriend a famous martial artist who is secretly Shredder's top lieutenant.</Overview>
  <ProductionCode></ProductionCode>
  <Rating>8.0</Rating>
  <RatingCount>2</RatingCount>
  <SeasonNumber>1</SeasonNumber>
  <Writer>Joshua Hamilton</Writer>
  <absolute_number></absolute_number>
  <filename>episodes/261451/4413702.jpg</filename>
  <lastupdated>1359754937</lastupdated>
  <seasonid>498359</seasonid>
  <seriesid>261451</seriesid>
</Episode>
<Episode>
  <id>4418315</id>
  <Combined_episodenumber>5</Combined_episodenumber>
  <Combined_season>1</Combined_season>
  <DVD_chapter></DVD_chapter>
  <DVD_discid></DVD_discid>
  <DVD_episodenumber></DVD_episodenumber>
  <DVD_season></DVD_season>
  <Director>|Michael Chang|Ciro Nieli|</Director>
  <EpImgFlag>2</EpImgFlag>
  <EpisodeName>I Think His Name Is Baxter Stockman</EpisodeName>
  <EpisodeNumber>5</EpisodeNumber>
  <FirstAired>2012-10-20</FirstAired>
  <GuestStars></GuestStars>
  <IMDB_ID>tt2413610</IMDB_ID>
  <Language>en</Language>
  <Overview>When Donatello's latest invention gives failed inventor and perpetual loser Baxter Stockman enhanced abilities, the turtles must learn to use their heads instead of brute force to defeat him.</Overview>
  <ProductionCode></ProductionCode>
  <Rating>8.0</Rating>
  <RatingCount>2</RatingCount>
  <SeasonNumber>1</SeasonNumber>
  <Writer>|Joshua Sternin|J.R. Ventimilia|</Writer>
  <absolute_number></absolute_number>
  <filename>episodes/261451/4418315.jpg</filename>
  <lastupdated>1359754973</lastupdated>
  <seasonid>498359</seasonid>
  <seriesid>261451</seriesid>
</Episode>
<Episode>
  <id>4423138</id>
  <Combined_episodenumber>6</Combined_episodenumber>
  <Combined_season>1</Combined_season>
  <DVD_chapter></DVD_chapter>
  <DVD_discid></DVD_discid>
  <DVD_episodenumber></DVD_episodenumber>
  <DVD_season></DVD_season>
  <Director>Juan Meza-Leon</Director>
  <EpImgFlag>2</EpImgFlag>
  <EpisodeName>Metalhead</EpisodeName>
  <EpisodeNumber>6</EpisodeNumber>
  <FirstAired>2012-10-27</FirstAired>
  <GuestStars></GuestStars>
  <IMDB_ID>tt2413614</IMDB_ID>
  <Language>en</Language>
  <Overview>When Donatello loses confidence in his bo staff as an effective weapon, he constructs Metalhead, a fully armed robotic turtle based on Kraang technology.</Overview>
  <ProductionCode></ProductionCode>
  <Rating>8.3</Rating>
  <RatingCount>3</RatingCount>
  <SeasonNumber>1</SeasonNumber>
  <Writer>Tom Alvarado</Writer>
  <absolute_number></absolute_number>
  <filename>episodes/261451/4423138.jpg</filename>
  <lastupdated>1361001861</lastupdated>
  <seasonid>498359</seasonid>
  <seriesid>261451</seriesid>
</Episode>
<Episode>
  <id>4427429</id>
  <Combined_episodenumber>7</Combined_episodenumber>
  <Combined_season>1</Combined_season>
  <DVD_chapter></DVD_chapter>
  <DVD_discid></DVD_discid>
  <DVD_episodenumber></DVD_episodenumber>
  <DVD_season></DVD_season>
  <Director>Alan Wan</Director>
  <EpImgFlag>2</EpImgFlag>
  <EpisodeName>Monkey Brains</EpisodeName>
  <EpisodeNumber>7</EpisodeNumber>
  <FirstAired>2012-11-03</FirstAired>
  <GuestStars></GuestStars>
  <IMDB_ID></IMDB_ID>
  <Language>en</Language>
  <Overview>Donatello and April investigate a scientist’s disappearance, but discover a conspiracy regarding a bizarre psychic monkey instead.</Overview>
  <ProductionCode></ProductionCode>
  <Rating>8.3</Rating>
  <RatingCount>3</RatingCount>
  <SeasonNumber>1</SeasonNumber>
  <Writer>|Russ Carney|Ron Corcillo|</Writer>
  <absolute_number></absolute_number>
  <filename>episodes/261451/4427429.jpg</filename>
  <lastupdated>1361001869</lastupdated>
  <seasonid>498359</seasonid>
  <seriesid>261451</seriesid>
</Episode>
<Episode>
  <id>4427430</id>
  <Combined_episodenumber>8</Combined_episodenumber>
  <Combined_season>1</Combined_season>
  <DVD_chapter></DVD_chapter>
  <DVD_discid></DVD_discid>
  <DVD_episodenumber></DVD_episodenumber>
  <DVD_season></DVD_season>
  <Director>Michael Chang</Director>
  <EpImgFlag>2</EpImgFlag>
  <EpisodeName>Never Say Xever</EpisodeName>
  <EpisodeNumber>8</EpisodeNumber>
  <FirstAired>2012-11-10</FirstAired>
  <GuestStars></GuestStars>
  <IMDB_ID></IMDB_ID>
  <Language>en</Language>
  <Overview>Leo fears his act of mercy has come back to haunt him when Xever holds a local noodle shop owner hostage. </Overview>
  <ProductionCode></ProductionCode>
  <Rating>8.5</Rating>
  <RatingCount>2</RatingCount>
  <SeasonNumber>1</SeasonNumber>
  <Writer>Kenny Byerly</Writer>
  <absolute_number></absolute_number>
  <filename>episodes/261451/4427430.jpg</filename>
  <lastupdated>1361615596</lastupdated>
  <seasonid>498359</seasonid>
  <seriesid>261451</seriesid>
</Episode>
<Episode>
  <id>4427431</id>
  <Combined_episodenumber>9</Combined_episodenumber>
  <Combined_season>1</Combined_season>
  <DVD_chapter></DVD_chapter>
  <DVD_discid></DVD_discid>
  <DVD_episodenumber></DVD_episodenumber>
  <DVD_season></DVD_season>
  <Director>Juan Meza-Leon</Director>
  <EpImgFlag>2</EpImgFlag>
  <EpisodeName>The Gauntlet</EpisodeName>
  <EpisodeNumber>9</EpisodeNumber>
  <FirstAired>2012-11-17</FirstAired>
  <GuestStars></GuestStars>
  <IMDB_ID></IMDB_ID>
  <Language>en</Language>
  <Overview>After April receives a warning from her imprisoned father, she and the Turtles embark on a mission to save him and stop The Kraang from detonating a mutagen bomb in the city. </Overview>
  <ProductionCode></ProductionCode>
  <Rating>7.0</Rating>
  <RatingCount>1</RatingCount>
  <SeasonNumber>1</SeasonNumber>
  <Writer>|Joshua Sternin|J.R. Ventimilia|</Writer>
  <absolute_number></absolute_number>
  <filename>episodes/261451/4427431.jpg</filename>
  <lastupdated>1355929020</lastupdated>
  <seasonid>498359</seasonid>
  <seriesid>261451</seriesid>
</Episode>
<Episode>
  <id>4427432</id>
  <Combined_episodenumber>10</Combined_episodenumber>
  <Combined_season>1</Combined_season>
  <DVD_chapter></DVD_chapter>
  <DVD_discid></DVD_discid>
  <DVD_episodenumber></DVD_episodenumber>
  <DVD_season></DVD_season>
  <Director>Alan Wan</Director>
  <EpImgFlag>2</EpImgFlag>
  <EpisodeName>Panic in the Sewers</EpisodeName>
  <EpisodeNumber>10</EpisodeNumber>
  <FirstAired>2012-11-24</FirstAired>
  <GuestStars></GuestStars>
  <IMDB_ID></IMDB_ID>
  <Language>en</Language>
  <Overview>The Turtles must defend their home in the sewers when Chris Bradford tries to destroy it with a dangerous chemical. </Overview>
  <ProductionCode></ProductionCode>
  <Rating>9.0</Rating>
  <RatingCount>3</RatingCount>
  <SeasonNumber>1</SeasonNumber>
  <Writer>Jeremy Shipp</Writer>
  <absolute_number></absolute_number>
  <filename>episodes/261451/4427432.jpg</filename>
  <lastupdated>1355929001</lastupdated>
  <seasonid>498359</seasonid>
  <seriesid>261451</seriesid>
</Episode>
<Episode>
  <id>4427441</id>
  <Combined_episodenumber>11</Combined_episodenumber>
  <Combined_season>1</Combined_season>
  <DVD_chapter></DVD_chapter>
  <DVD_discid></DVD_discid>
  <DVD_episodenumber></DVD_episodenumber>
  <DVD_season></DVD_season>
  <Director>Michael Chang</Director>
  <EpImgFlag>2</EpImgFlag>
  <EpisodeName>Mousers Attack!</EpisodeName>
  <EpisodeNumber>11</EpisodeNumber>
  <FirstAired>2012-12-08</FirstAired>
  <GuestStars></GuestStars>
  <IMDB_ID></IMDB_ID>
  <Language>en</Language>
  <Overview>When simultaneous threats from the Purple Dragons and Baxter Stockman’s mechanical Mousers force the Turtles to split into two groups, Donnie &amp; Mikey must prove that their “B Team” is just as valuable as Leo &amp; Raph’s “A Team.” </Overview>
  <ProductionCode></ProductionCode>
  <Rating>9.0</Rating>
  <RatingCount>3</RatingCount>
  <SeasonNumber>1</SeasonNumber>
  <Writer>Kenny Byerly</Writer>
  <absolute_number></absolute_number>
  <filename>episodes/261451/4427441.jpg</filename>
  <lastupdated>1355928974</lastupdated>
  <seasonid>498359</seasonid>
  <seriesid>261451</seriesid>
</Episode>
<Episode>
  <id>4455242</id>
  <Combined_episodenumber>12</Combined_episodenumber>
  <Combined_season>1</Combined_season>
  <DVD_chapter></DVD_chapter>
  <DVD_discid></DVD_discid>
  <DVD_episodenumber></DVD_episodenumber>
  <DVD_season></DVD_season>
  <Director>Juan Meza-Leon</Director>
  <EpImgFlag>2</EpImgFlag>
  <EpisodeName>It Came From The Depths</EpisodeName>
  <EpisodeNumber>12</EpisodeNumber>
  <FirstAired>2012-12-15</FirstAired>
  <GuestStars></GuestStars>
  <IMDB_ID></IMDB_ID>
  <Language>en</Language>
  <Overview>Michelangelo befriends Leatherhead, an unstable mutant alligator who possesses a strange piece of Kraang technology, but the other Turtles aren’t sure whether Leatherhead is a friend or a foe.
</Overview>
  <ProductionCode></ProductionCode>
  <Rating>8.0</Rating>
  <RatingCount>3</RatingCount>
  <SeasonNumber>1</SeasonNumber>
  <Writer>|Russ Carney|Ron Corcillo|</Writer>
  <absolute_number></absolute_number>
  <filename>episodes/261451/4455242.jpg</filename>
  <lastupdated>1355928946</lastupdated>
  <seasonid>498359</seasonid>
  <seriesid>261451</seriesid>
</Episode>
<Episode>
  <id>4481323</id>
  <Combined_episodenumber>13</Combined_episodenumber>
  <Combined_season>1</Combined_season>
  <DVD_chapter></DVD_chapter>
  <DVD_discid></DVD_discid>
  <DVD_episodenumber></DVD_episodenumber>
  <DVD_season></DVD_season>
  <Director></Director>
  <EpImgFlag>2</EpImgFlag>
  <EpisodeName>I, Monster</EpisodeName>
  <EpisodeNumber>13</EpisodeNumber>
  <FirstAired>2013-01-25</FirstAired>
  <GuestStars></GuestStars>
  <IMDB_ID></IMDB_ID>
  <Language>en</Language>
  <Overview>The Turtles must face off against a new enemy, The Rat King, who threatens not only to take control of the city, but of Splinter's mind as well.</Overview>
  <ProductionCode></ProductionCode>
  <Rating>8.0</Rating>
  <RatingCount>3</RatingCount>
  <SeasonNumber>1</SeasonNumber>
  <Writer></Writer>
  <absolute_number></absolute_number>
  <filename>episodes/261451/4481323.jpg</filename>
  <lastupdated>1359252300</lastupdated>
  <seasonid>498359</seasonid>
  <seriesid>261451</seriesid>
</Episode>
<Episode>
  <id>4481324</id>
  <Combined_episodenumber>14</Combined_episodenumber>
  <Combined_season>1</Combined_season>
  <DVD_chapter></DVD_chapter>
  <DVD_discid></DVD_discid>
  <DVD_episodenumber></DVD_episodenumber>
  <DVD_season></DVD_season>
  <Director></Director>
  <EpImgFlag>2</EpImgFlag>
  <EpisodeName>New Girl In Town</EpisodeName>
  <EpisodeNumber>14</EpisodeNumber>
  <FirstAired>2013-02-01</FirstAired>
  <GuestStars></GuestStars>
  <IMDB_ID></IMDB_ID>
  <Language>en</Language>
  <Overview>Tired of Raphael's constant criticism, Leonardo lets him try his hand at leadership, while Leonardo meets a female ninja, Karai, who tries to lure him to the dark side.</Overview>
  <ProductionCode></ProductionCode>
  <Rating>8.5</Rating>
  <RatingCount>2</RatingCount>
  <SeasonNumber>1</SeasonNumber>
  <Writer></Writer>
  <absolute_number></absolute_number>
  <filename>episodes/261451/4481324.jpg</filename>
  <lastupdated>1362229963</lastupdated>
  <seasonid>498359</seasonid>
  <seriesid>261451</seriesid>
</Episode>
<Episode>
  <id>4481325</id>
  <Combined_episodenumber>15</Combined_episodenumber>
  <Combined_season>1</Combined_season>
  <DVD_chapter></DVD_chapter>
  <DVD_discid></DVD_discid>
  <DVD_episodenumber></DVD_episodenumber>
  <DVD_season></DVD_season>
  <Director></Director>
  <EpImgFlag>2</EpImgFlag>
  <EpisodeName>The Alien Agenda</EpisodeName>
  <EpisodeNumber>15</EpisodeNumber>
  <FirstAired>2013-02-08</FirstAired>
  <GuestStars></GuestStars>
  <IMDB_ID></IMDB_ID>
  <Language>en</Language>
  <Overview>The Turtles get their first look at high school when April's school project draws attention from the Kraang.</Overview>
  <ProductionCode></ProductionCode>
  <Rating>7.0</Rating>
  <RatingCount>1</RatingCount>
  <SeasonNumber>1</SeasonNumber>
  <Writer></Writer>
  <absolute_number></absolute_number>
  <filename>episodes/261451/4481325.jpg</filename>
  <lastupdated>1362229983</lastupdated>
  <seasonid>498359</seasonid>
  <seriesid>261451</seriesid>
</Episode>
<Episode>
  <id>4481326</id>
  <Combined_episodenumber>16</Combined_episodenumber>
  <Combined_season>1</Combined_season>
  <DVD_chapter></DVD_chapter>
  <DVD_discid></DVD_discid>
  <DVD_episodenumber></DVD_episodenumber>
  <DVD_season></DVD_season>
  <Director></Director>
  <EpImgFlag>2</EpImgFlag>
  <EpisodeName>The Pulverizer</EpisodeName>
  <EpisodeNumber>16</EpisodeNumber>
  <FirstAired>2013-02-15</FirstAired>
  <GuestStars></GuestStars>
  <IMDB_ID></IMDB_ID>
  <Language>en</Language>
  <Overview>The Turtles meet their first fan when a teenager decides to dress up and fight crime as &quot;The Pulverizer.&quot;</Overview>
  <ProductionCode></ProductionCode>
  <Rating>8.5</Rating>
  <RatingCount>2</RatingCount>
  <SeasonNumber>1</SeasonNumber>
  <Writer></Writer>
  <absolute_number></absolute_number>
  <filename>episodes/261451/4481326.jpg</filename>
  <lastupdated>1361032065</lastupdated>
  <seasonid>498359</seasonid>
  <seriesid>261451</seriesid>
</Episode>
<Episode>
  <id>4481327</id>
  <Combined_episodenumber>17</Combined_episodenumber>
  <Combined_season>1</Combined_season>
  <DVD_chapter></DVD_chapter>
  <DVD_discid></DVD_discid>
  <DVD_episodenumber></DVD_episodenumber>
  <DVD_season></DVD_season>
  <Director></Director>
  <EpImgFlag>2</EpImgFlag>
  <EpisodeName>TCRI</EpisodeName>
  <EpisodeNumber>17</EpisodeNumber>
  <FirstAired>2013-03-01</FirstAired>
  <GuestStars></GuestStars>
  <IMDB_ID></IMDB_ID>
  <Language>en</Language>
  <Overview>While breaking into the hostile environment of TCRI headquarters, the Turtles discover the true intent of the Kraang and resolve to stop the alien invasion once and for all.</Overview>
  <ProductionCode></ProductionCode>
  <Rating></Rating>
  <RatingCount>0</RatingCount>
  <SeasonNumber>1</SeasonNumber>
  <Writer></Writer>
  <absolute_number></absolute_number>
  <filename>episodes/261451/4481327.jpg</filename>
  <lastupdated>1362229677</lastupdated>
  <seasonid>498359</seasonid>
  <seriesid>261451</seriesid>
</Episode>
<Episode>
  <id>4481328</id>
  <Combined_episodenumber>18</Combined_episodenumber>
  <Combined_season>1</Combined_season>
  <DVD_chapter></DVD_chapter>
  <DVD_discid></DVD_discid>
  <DVD_episodenumber></DVD_episodenumber>
  <DVD_season></DVD_season>
  <Director></Director>
  <EpImgFlag>2</EpImgFlag>
  <EpisodeName>Cockroach Terminator</EpisodeName>
  <EpisodeNumber>18</EpisodeNumber>
  <FirstAired>2013-03-15</FirstAired>
  <GuestStars></GuestStars>
  <IMDB_ID></IMDB_ID>
  <Language>en</Language>
  <Overview>While trying to foil a Kraang invasion plot, the Turtles are hunted by a giant cockroach.</Overview>
  <ProductionCode></ProductionCode>
  <Rating>10.0</Rating>
  <RatingCount>1</RatingCount>
  <SeasonNumber>1</SeasonNumber>
  <Writer></Writer>
  <absolute_number></absolute_number>
  <filename>episodes/261451/4481328.jpg</filename>
  <lastupdated>1363526300</lastupdated>
  <seasonid>498359</seasonid>
  <seriesid>261451</seriesid>
</Episode>
<Episode>
  <id>4481329</id>
  <Combined_episodenumber>19</Combined_episodenumber>
  <Combined_season>1</Combined_season>
  <DVD_chapter></DVD_chapter>
  <DVD_discid></DVD_discid>
  <DVD_episodenumber></DVD_episodenumber>
  <DVD_season></DVD_season>
  <Director></Director>
  <EpImgFlag></EpImgFlag>
  <EpisodeName>TBA</EpisodeName>
  <EpisodeNumber>19</EpisodeNumber>
  <FirstAired></FirstAired>
  <GuestStars></GuestStars>
  <IMDB_ID></IMDB_ID>
  <Language>en</Language>
  <Overview></Overview>
  <ProductionCode></ProductionCode>
  <Rating></Rating>
  <RatingCount>0</RatingCount>
  <SeasonNumber>1</SeasonNumber>
  <Writer></Writer>
  <absolute_number></absolute_number>
  <filename></filename>
  <lastupdated>1364037938</lastupdated>
  <seasonid>498359</seasonid>
  <seriesid>261451</seriesid>
</Episode>
<Episode>
  <id>4481330</id>
  <Combined_episodenumber>20</Combined_episodenumber>
  <Combined_season>1</Combined_season>
  <DVD_chapter></DVD_chapter>
  <DVD_discid></DVD_discid>
  <DVD_episodenumber></DVD_episodenumber>
  <DVD_season></DVD_season>
  <Director></Director>
  <EpImgFlag></EpImgFlag>
  <EpisodeName>Enemy of My Enemy</EpisodeName>
  <EpisodeNumber>20</EpisodeNumber>
  <FirstAired></FirstAired>
  <GuestStars></GuestStars>
  <IMDB_ID></IMDB_ID>
  <Language>en</Language>
  <Overview></Overview>
  <ProductionCode></ProductionCode>
  <Rating></Rating>
  <RatingCount>0</RatingCount>
  <SeasonNumber>1</SeasonNumber>
  <Writer></Writer>
  <absolute_number></absolute_number>
  <filename></filename>
  <lastupdated>1364037950</lastupdated>
  <seasonid>498359</seasonid>
  <seriesid>261451</seriesid>
</Episode>
<Episode>
  <id>4481331</id>
  <Combined_episodenumber>21</Combined_episodenumber>
  <Combined_season>1</Combined_season>
  <DVD_chapter></DVD_chapter>
  <DVD_discid></DVD_discid>
  <DVD_episodenumber></DVD_episodenumber>
  <DVD_season></DVD_season>
  <Director></Director>
  <EpImgFlag></EpImgFlag>
  <EpisodeName>Karai's Vendetta</EpisodeName>
  <EpisodeNumber>21</EpisodeNumber>
  <FirstAired></FirstAired>
  <GuestStars></GuestStars>
  <IMDB_ID></IMDB_ID>
  <Language>en</Language>
  <Overview></Overview>
  <ProductionCode></ProductionCode>
  <Rating></Rating>
  <RatingCount>0</RatingCount>
  <SeasonNumber>1</SeasonNumber>
  <Writer></Writer>
  <absolute_number></absolute_number>
  <filename></filename>
  <lastupdated>1364037964</lastupdated>
  <seasonid>498359</seasonid>
  <seriesid>261451</seriesid>
</Episode>
<Episode>
  <id>4481332</id>
  <Combined_episodenumber>22</Combined_episodenumber>
  <Combined_season>1</Combined_season>
  <DVD_chapter></DVD_chapter>
  <DVD_discid></DVD_discid>
  <DVD_episodenumber></DVD_episodenumber>
  <DVD_season></DVD_season>
  <Director></Director>
  <EpImgFlag></EpImgFlag>
  <EpisodeName>TBA</EpisodeName>
  <EpisodeNumber>22</EpisodeNumber>
  <FirstAired></FirstAired>
  <GuestStars></GuestStars>
  <IMDB_ID></IMDB_ID>
  <Language>en</Language>
  <Overview></Overview>
  <ProductionCode></ProductionCode>
  <Rating></Rating>
  <RatingCount>0</RatingCount>
  <SeasonNumber>1</SeasonNumber>
  <Writer></Writer>
  <absolute_number></absolute_number>
  <filename></filename>
  <lastupdated>1364038006</lastupdated>
  <seasonid>498359</seasonid>
  <seriesid>261451</seriesid>
</Episode>
<Episode>
  <id>4481333</id>
  <Combined_episodenumber>23</Combined_episodenumber>
  <Combined_season>1</Combined_season>
  <DVD_chapter></DVD_chapter>
  <DVD_discid></DVD_discid>
  <DVD_episodenumber></DVD_episodenumber>
  <DVD_season></DVD_season>
  <Director></Director>
  <EpImgFlag></EpImgFlag>
  <EpisodeName>TBA</EpisodeName>
  <EpisodeNumber>23</EpisodeNumber>
  <FirstAired></FirstAired>
  <GuestStars></GuestStars>
  <IMDB_ID></IMDB_ID>
  <Language>en</Language>
  <Overview></Overview>
  <ProductionCode></ProductionCode>
  <Rating></Rating>
  <RatingCount>0</RatingCount>
  <SeasonNumber>1</SeasonNumber>
  <Writer></Writer>
  <absolute_number></absolute_number>
  <filename></filename>
  <lastupdated>1364038016</lastupdated>
  <seasonid>498359</seasonid>
  <seriesid>261451</seriesid>
</Episode>
<Episode>
  <id>4481334</id>
  <Combined_episodenumber>24</Combined_episodenumber>
  <Combined_season>1</Combined_season>
  <DVD_chapter></DVD_chapter>
  <DVD_discid></DVD_discid>
  <DVD_episodenumber></DVD_episodenumber>
  <DVD_season></DVD_season>
  <Director></Director>
  <EpImgFlag></EpImgFlag>
  <EpisodeName>TBA</EpisodeName>
  <EpisodeNumber>24</EpisodeNumber>
  <FirstAired></FirstAired>
  <GuestStars></GuestStars>
  <IMDB_ID></IMDB_ID>
  <Language>en</Language>
  <Overview></Overview>
  <ProductionCode></ProductionCode>
  <Rating></Rating>
  <RatingCount>0</RatingCount>
  <SeasonNumber>1</SeasonNumber>
  <Writer></Writer>
  <absolute_number></absolute_number>
  <filename></filename>
  <lastupdated>1364038025</lastupdated>
  <seasonid>498359</seasonid>
  <seriesid>261451</seriesid>
</Episode>
<Episode>
  <id>4481335</id>
  <Combined_episodenumber>25</Combined_episodenumber>
  <Combined_season>1</Combined_season>
  <DVD_chapter></DVD_chapter>
  <DVD_discid></DVD_discid>
  <DVD_episodenumber></DVD_episodenumber>
  <DVD_season></DVD_season>
  <Director></Director>
  <EpImgFlag></EpImgFlag>
  <EpisodeName>TBA</EpisodeName>
  <EpisodeNumber>25</EpisodeNumber>
  <FirstAired></FirstAired>
  <GuestStars></GuestStars>
  <IMDB_ID></IMDB_ID>
  <Language>en</Language>
  <Overview></Overview>
  <ProductionCode></ProductionCode>
  <Rating></Rating>
  <RatingCount>0</RatingCount>
  <SeasonNumber>1</SeasonNumber>
  <Writer></Writer>
  <absolute_number></absolute_number>
  <filename></filename>
  <lastupdated>1364038034</lastupdated>
  <seasonid>498359</seasonid>
  <seriesid>261451</seriesid>
</Episode>
<Episode>
  <id>4481336</id>
  <Combined_episodenumber>26</Combined_episodenumber>
  <Combined_season>1</Combined_season>
  <DVD_chapter></DVD_chapter>
  <DVD_discid></DVD_discid>
  <DVD_episodenumber></DVD_episodenumber>
  <DVD_season></DVD_season>
  <Director></Director>
  <EpImgFlag></EpImgFlag>
  <EpisodeName>TBA</EpisodeName>
  <EpisodeNumber>26</EpisodeNumber>
  <FirstAired></FirstAired>
  <GuestStars></GuestStars>
  <IMDB_ID></IMDB_ID>
  <Language>en</Language>
  <Overview></Overview>
  <ProductionCode></ProductionCode>
  <Rating></Rating>
  <RatingCount>0</RatingCount>
  <SeasonNumber>1</SeasonNumber>
  <Writer></Writer>
  <absolute_number></absolute_number>
  <filename></filename>
  <lastupdated>1364038044</lastupdated>
  <seasonid>498359</seasonid>
  <seriesid>261451</seriesid>
</Episode>
</Data>