<?xml version="1.0" encoding="UTF-8" ?>
<Actors>
<Actor>
  <id>114451</id>
  <Image>actors/114451.jpg</Image>
  <Name>Ed O'Neill</Name>
  <Role>Jay Pritchett</Role>
  <SortOrder>0</SortOrder>
</Actor>
<Actor>
  <id>114461</id>
  <Image>actors/114461.jpg</Image>
  <Name>Sofia Vergara</Name>
  <Role>Gloria Delgado-Pritchett</Role>
  <SortOrder>1</SortOrder>
</Actor>
<Actor>
  <id>114501</id>
  <Image>actors/114501.jpg</Image>
  <Name>Jesse Tyler Ferguson</Name>
  <Role>Mitchell Pritchett</Role>
  <SortOrder>2</SortOrder>
</Actor>
<Actor>
  <id>306266</id>
  <Image>actors/306266.jpg</Image>
  <Name>Aubrey Anderson-Emmons</Name>
  <Role>Lily Tucker-Pritchett (Season 3-)</Role>
  <SortOrder>3</SortOrder>
</Actor>
<Actor>
  <id>114541</id>
  <Image>actors/114541.jpg</Image>
  <Name>Ariel Winter</Name>
  <Role>Alex Dunphy</Role>
  <SortOrder>3</SortOrder>
</Actor>
<Actor>
  <id>114531</id>
  <Image>actors/114531.jpg</Image>
  <Name>Nolan Gould</Name>
  <Role>Luke Dunphy</Role>
  <SortOrder>3</SortOrder>
</Actor>
<Actor>
  <id>114521</id>
  <Image>actors/114521.jpg</Image>
  <Name>Sarah Hyland</Name>
  <Role>Haley Dunphy</Role>
  <SortOrder>3</SortOrder>
</Actor>
<Actor>
  <id>114511</id>
  <Image>actors/114511.jpg</Image>
  <Name>Eric Stonestreet</Name>
  <Role>Cameron</Role>
  <SortOrder>3</SortOrder>
</Actor>
<Actor>
  <id>114491</id>
  <Image>actors/114491.jpg</Image>
  <Name>Ty Burrell</Name>
  <Role>Phil Dunphy</Role>
  <SortOrder>3</SortOrder>
</Actor>
<Actor>
  <id>114481</id>
  <Image>actors/114481.jpg</Image>
  <Name>Julie Bowen</Name>
  <Role>Claire Dunphy</Role>
  <SortOrder>3</SortOrder>
</Actor>
<Actor>
  <id>114471</id>
  <Image>actors/114471.jpg</Image>
  <Name>Rico Rodriguez</Name>
  <Role>Manny Delgado</Role>
  <SortOrder>3</SortOrder>
</Actor>
</Actors>