<?xml version="1.0" encoding="UTF-8" ?>
<Actors>
<Actor>
  <id>63601</id>
  <Image></Image>
  <Name>Bobbie Block</Name>
  <Role></Role>
  <SortOrder>3</SortOrder>
</Actor>
<Actor>
  <id>63598</id>
  <Image></Image>
  <Name>Britta Phillips</Name>
  <Role></Role>
  <SortOrder>3</SortOrder>
</Actor>
<Actor>
  <id>63600</id>
  <Image></Image>
  <Name>Cathianne Blore</Name>
  <Role></Role>
  <SortOrder>3</SortOrder>
</Actor>
<Actor>
  <id>63596</id>
  <Image></Image>
  <Name>Charlie Adler</Name>
  <Role></Role>
  <SortOrder>3</SortOrder>
</Actor>
<Actor>
  <id>63606</id>
  <Image></Image>
  <Name>Cindy McGee</Name>
  <Role></Role>
  <SortOrder>3</SortOrder>
</Actor>
<Actor>
  <id>63597</id>
  <Image></Image>
  <Name>Clyde Kusatsu</Name>
  <Role></Role>
  <SortOrder>3</SortOrder>
</Actor>
<Actor>
  <id>63607</id>
  <Image></Image>
  <Name>Ellen Gerstell</Name>
  <Role></Role>
  <SortOrder>3</SortOrder>
</Actor>
<Actor>
  <id>63604</id>
  <Image></Image>
  <Name>Gordon Grody</Name>
  <Role></Role>
  <SortOrder>3</SortOrder>
</Actor>
<Actor>
  <id>63595</id>
  <Image></Image>
  <Name>Kath Soucie</Name>
  <Role></Role>
  <SortOrder>3</SortOrder>
</Actor>
<Actor>
  <id>63611</id>
  <Image></Image>
  <Name>Linda Dangcil</Name>
  <Role></Role>
  <SortOrder>3</SortOrder>
</Actor>
<Actor>
  <id>63599</id>
  <Image></Image>
  <Name>Marlene Aragon</Name>
  <Role></Role>
  <SortOrder>3</SortOrder>
</Actor>
<Actor>
  <id>63602</id>
  <Image></Image>
  <Name>Michael Sheehan</Name>
  <Role></Role>
  <SortOrder>3</SortOrder>
</Actor>
<Actor>
  <id>63609</id>
  <Image></Image>
  <Name>Noelle North</Name>
  <Role></Role>
  <SortOrder>3</SortOrder>
</Actor>
<Actor>
  <id>63605</id>
  <Image></Image>
  <Name>Samantha Newark</Name>
  <Role></Role>
  <SortOrder>3</SortOrder>
</Actor>
<Actor>
  <id>63610</id>
  <Image></Image>
  <Name>Susan Blu</Name>
  <Role></Role>
  <SortOrder>3</SortOrder>
</Actor>
<Actor>
  <id>63608</id>
  <Image></Image>
  <Name>T.K. Carter</Name>
  <Role></Role>
  <SortOrder>3</SortOrder>
</Actor>
<Actor>
  <id>63612</id>
  <Image></Image>
  <Name>Townsend Colem</Name>
  <Role></Role>
  <SortOrder>3</SortOrder>
</Actor>
<Actor>
  <id>63603</id>
  <Image></Image>
  <Name>Vicki Sue Robinson</Name>
  <Role></Role>
  <SortOrder>3</SortOrder>
</Actor>
</Actors>