<?xml version="1.0" encoding="UTF-8" ?>
<Data><Series>
  <id>78306</id>
  <Actors>|Bobbie Block|Britta Phillips|Cathianne Blore|Charlie Adler|Cindy McGee|Clyde Kusatsu|Ellen Gerstell|Gordon Grody|Kath Soucie|Linda Dangcil|Marlene Aragon|Michael Sheehan|Noelle North|Samantha Newark|Susan Blu|T.K. Carter|Townsend Colem|Vicki Sue Robinson|</Actors>
  <Airs_DayOfWeek></Airs_DayOfWeek>
  <Airs_Time></Airs_Time>
  <ContentRating>TV-G</ContentRating>
  <FirstAired>1985-10-01</FirstAired>
  <Genre>|Animation|</Genre>
  <IMDB_ID>tt0090461</IMDB_ID>
  <Language>en</Language>
  <Network>USA Network</Network>
  <NetworkID></NetworkID>
  <Overview>This fabulous 80's cartoon was every little girls dream come true. Jerrica Benton's father has left her a very special gift. It's Synergy, a holographic projection system that can create illusions of anything, anywhere, anytime. Jerrica uses Synergy to create Jem, her alter ego and the lead singer of Jem  and The Holograms to save her father's company: Starlight Music. This popular cartoon series chronicles this band's adventures as well as their arch rivals The Misfits and their friends The Stingers. The music of these three groups is definately the highlight of the show. Jem is a &quot;truly outrageous&quot; cartoon with a message of love, friendship, ambition, and rock-n-roll.</Overview>
  <Rating>8.6</Rating>
  <RatingCount>5</RatingCount>
  <Runtime>30</Runtime>
  <SeriesID>8440</SeriesID>
  <SeriesName>Jem</SeriesName>
  <Status>Ended</Status>
  <added></added>
  <addedBy></addedBy>
  <banner>graphical/78306-g3.jpg</banner>
  <fanart>fanart/original/78306-2.jpg</fanart>
  <lastupdated>1335125714</lastupdated>
  <poster>posters/78306-1.jpg</poster>
  <zap2it_id></zap2it_id>
</Series>
<Episode>
  <id>279691</id>
  <Combined_episodenumber>1</Combined_episodenumber>
  <Combined_season>1</Combined_season>
  <DVD_chapter></DVD_chapter>
  <DVD_discid></DVD_discid>
  <DVD_episodenumber></DVD_episodenumber>
  <DVD_season></DVD_season>
  <Director></Director>
  <EpImgFlag>1</EpImgFlag>
  <EpisodeName>The Beginning </EpisodeName>
  <EpisodeNumber>1</EpisodeNumber>
  <FirstAired>1985-10-06</FirstAired>
  <GuestStars></GuestStars>
  <IMDB_ID></IMDB_ID>
  <Language>en</Language>
  <Overview>After the death of her father Emmett Benton, Jerrica Benton inherits Starlight House (a foster home for girls) and half of the music company Starlight Music.  Unfortunately Starlight House is falling apart, so Jerrica follows the advice of her housekeeper Mrs. Bailey and goes to get money to fix the house from Starlight Music.  But when Jerrica arrives she finds that her father's office has been completely taken over by Eric Raymond.  He was Emmett's business partner and inherited the other half of the music company - while polite to Jerrica, he soon makes it clear that he thinks she's too young to be co-CEO.
Eric has big plans to make Starlight Music a huge success, so he hires his own band: Pizzazz, Roxy, and Stormer, a.k.a. the Misfits.  The girls are wild and out of control and their music is rough, tough, and cutting edge.  On top of that they are completely rude to Jerrica (who calls them trash).  Eric tells Jerrica that Starlight Music will be holding a Battle of the Bands in th</Overview>
  <ProductionCode>008</ProductionCode>
  <Rating></Rating>
  <RatingCount>0</RatingCount>
  <SeasonNumber>1</SeasonNumber>
  <Writer></Writer>
  <absolute_number></absolute_number>
  <filename>episodes/78306/279691.jpg</filename>
  <lastupdated>1292769214</lastupdated>
  <seasonid>14732</seasonid>
  <seriesid>78306</seriesid>
</Episode>
<Episode>
  <id>279692</id>
  <Combined_episodenumber>2</Combined_episodenumber>
  <Combined_season>1</Combined_season>
  <DVD_chapter></DVD_chapter>
  <DVD_discid></DVD_discid>
  <DVD_episodenumber></DVD_episodenumber>
  <DVD_season></DVD_season>
  <Director></Director>
  <EpImgFlag>1</EpImgFlag>
  <EpisodeName>Disaster [aka Set Backs]</EpisodeName>
  <EpisodeNumber>2</EpisodeNumber>
  <FirstAired>1985-10-27</FirstAired>
  <GuestStars></GuestStars>
  <IMDB_ID></IMDB_ID>
  <Language>en</Language>
  <Overview>Jerrica, Aja, Kimber, Shana and the Starlight Girls escape from the burning house. The house is burned to the ground. The girls loose everthing. So Jem asks Howard Sands the movie producer if they can move into the mansion he is offering as a prize for the Battle Of The Bands Concert.
Jem And The Holograms are invited by the Countess to a party that she is having on her yacht. The Misfits crash the party and the Misfits sneak into the control room. Pizzazz starts messing around with the controls which causes the yacht to head straight for a ship. Jem is thrown over the side and the episodes ends with Jem hanging on the side of the yacht.
This synopsis was done by astro_smurf.</Overview>
  <ProductionCode>009</ProductionCode>
  <Rating></Rating>
  <RatingCount>0</RatingCount>
  <SeasonNumber>1</SeasonNumber>
  <Writer></Writer>
  <absolute_number></absolute_number>
  <filename>episodes/78306/279692.jpg</filename>
  <lastupdated>1292769241</lastupdated>
  <seasonid>14732</seasonid>
  <seriesid>78306</seriesid>
</Episode>
<Episode>
  <id>279693</id>
  <Combined_episodenumber>3</Combined_episodenumber>
  <Combined_season>1</Combined_season>
  <DVD_chapter></DVD_chapter>
  <DVD_discid></DVD_discid>
  <DVD_episodenumber></DVD_episodenumber>
  <DVD_season></DVD_season>
  <Director></Director>
  <EpImgFlag>1</EpImgFlag>
  <EpisodeName>Kimber's Rebellion</EpisodeName>
  <EpisodeNumber>3</EpisodeNumber>
  <FirstAired>1985-11-17</FirstAired>
  <GuestStars></GuestStars>
  <IMDB_ID></IMDB_ID>
  <Language>en</Language>
  <Overview>The Holograms head to Paris to shoot their first video, &quot;Twilight in Paris&quot;. Kimber is jealous of all the attention Jem gets in the video shoot. Eric offers Kimber a solo contract. Kimber declines, but later feels unappreciated and decides to leave the Holograms. The Holograms go to Kimber's favorite radio station and express their appreciation for her. Fortunately, she hears them, and the band makes up. Meanwhile, Ashley, one of the Starlight girls, grows angry with Jerrica and the Holograms and makes friends with the Misfits.</Overview>
  <ProductionCode>010</ProductionCode>
  <Rating></Rating>
  <RatingCount>0</RatingCount>
  <SeasonNumber>1</SeasonNumber>
  <Writer></Writer>
  <absolute_number></absolute_number>
  <filename>episodes/78306/279693.jpg</filename>
  <lastupdated>1292769287</lastupdated>
  <seasonid>14732</seasonid>
  <seriesid>78306</seriesid>
</Episode>
<Episode>
  <id>279694</id>
  <Combined_episodenumber>4</Combined_episodenumber>
  <Combined_season>1</Combined_season>
  <DVD_chapter></DVD_chapter>
  <DVD_discid></DVD_discid>
  <DVD_episodenumber></DVD_episodenumber>
  <DVD_season></DVD_season>
  <Director></Director>
  <EpImgFlag>1</EpImgFlag>
  <EpisodeName>Frame Up</EpisodeName>
  <EpisodeNumber>4</EpisodeNumber>
  <FirstAired>1985-12-08</FirstAired>
  <GuestStars></GuestStars>
  <IMDB_ID></IMDB_ID>
  <Language>en</Language>
  <Overview>Rio gets Jem to safety before she gets crushed and takes her to Lin-Z's dressing room to recover while the Holograms finish the interview.  The Holograms arrive at the dressing room just as Jem and Rio are kissing - flustered, Rio leaves.  Jem worries that if she tells Rio the truth now he'll think she was deliberately manipulating and humiliating him.
A few days later Mrs. Bailey tells Jerrica about how Ashley's been running off without telling anyone where she's gone.  Jerrica tries to talk to Ashley but is interrupted by a Las Vegas casino owner who wants to make a deal with her.  Jerrica signs the Holograms to be headliners at a show at his place, not knowing until afterwards that the Misfits are the opening act.  The Misfits are also outraged when they find out, but Pizzazz decides to use Ashley to help them manuever into becoming the main act. Ashley lures Aja out of the casino and into the storage compartment of a bus heading for New York.  Roxy and Stomer lock her in as Pizzazz</Overview>
  <ProductionCode>011</ProductionCode>
  <Rating></Rating>
  <RatingCount>0</RatingCount>
  <SeasonNumber>1</SeasonNumber>
  <Writer></Writer>
  <absolute_number></absolute_number>
  <filename>episodes/78306/279694.jpg</filename>
  <lastupdated>1292769325</lastupdated>
  <seasonid>14732</seasonid>
  <seriesid>78306</seriesid>
</Episode>
<Episode>
  <id>279695</id>
  <Combined_episodenumber>5</Combined_episodenumber>
  <Combined_season>1</Combined_season>
  <DVD_chapter></DVD_chapter>
  <DVD_discid></DVD_discid>
  <DVD_episodenumber></DVD_episodenumber>
  <DVD_season></DVD_season>
  <Director></Director>
  <EpImgFlag>1</EpImgFlag>
  <EpisodeName>Battle of the Bands</EpisodeName>
  <EpisodeNumber>5</EpisodeNumber>
  <FirstAired>1985-12-29</FirstAired>
  <GuestStars></GuestStars>
  <IMDB_ID></IMDB_ID>
  <Language>en</Language>
  <Overview>Malone runs from the explosion while Synergy calls to Jerrica that there is an intruder at the Drive-In.  Aja catches up to Malone while Synergy disguises the Rockin' Roadster; she tails Malone to a one hour photo and then to Starlight Music.  Realizing that Eric will want to take Synergy and exploit her for his own purposes, the girls rent a moving van and head back to the Starlight Drive-In.  They are surprised to see Synergy in a heap on the floor, but it turns out it was just a hologram she projected to scare Malone off.  Jerrica, Kimber, Aja, and Shana proceed to take her apart.
Meanwhile, Malone shows Eric the pictures and offers the theory that, since Jem entered the room and Jerrica left it, the two of them are the same person.  Eric doesn't believe it since he's seen the two of them together before, but he does believe that the computer is important to the Holograms' act.  He hires Zipper and another thug to come with him to the Drive-In and steal Synergy, but Jerrica and the</Overview>
  <ProductionCode>012</ProductionCode>
  <Rating></Rating>
  <RatingCount>0</RatingCount>
  <SeasonNumber>1</SeasonNumber>
  <Writer></Writer>
  <absolute_number></absolute_number>
  <filename>episodes/78306/279695.jpg</filename>
  <lastupdated>1292769355</lastupdated>
  <seasonid>14732</seasonid>
  <seriesid>78306</seriesid>
</Episode>
<Episode>
  <id>608611</id>
  <Combined_episodenumber>1</Combined_episodenumber>
  <Combined_season>2</Combined_season>
  <DVD_chapter></DVD_chapter>
  <DVD_discid></DVD_discid>
  <DVD_episodenumber></DVD_episodenumber>
  <DVD_season></DVD_season>
  <Director></Director>
  <EpImgFlag>1</EpImgFlag>
  <EpisodeName>Starbright (1): Falling Star</EpisodeName>
  <EpisodeNumber>1</EpisodeNumber>
  <FirstAired>1986-07-05</FirstAired>
  <GuestStars></GuestStars>
  <IMDB_ID></IMDB_ID>
  <Language>en</Language>
  <Overview>Jem stars in Howard Sands' new movie, part of the prize she and the Holograms won in the Battle of the Bands. But Pizzazz convinces her father to buy the movie studio making the film and give ownership to Eric who quickly seizes control of the film and adds the Misfits to the cast. Eric places the focus of the film on the Misfits and Jem and the Holograms are relegated to supporting roles. Finally fed up with the Misfits' disruptive behavior, Jem and the Holograms, along with Video, quit the movie. But Jerrica receives shocking news about Starlight Girl Ba Nee, who has been diagnosed with a rare optical condition that will leave her blind within a matter of months. </Overview>
  <ProductionCode></ProductionCode>
  <Rating></Rating>
  <RatingCount>0</RatingCount>
  <SeasonNumber>2</SeasonNumber>
  <Writer></Writer>
  <absolute_number></absolute_number>
  <filename>episodes/78306/608611.jpg</filename>
  <lastupdated>1307102797</lastupdated>
  <seasonid>14733</seasonid>
  <seriesid>78306</seriesid>
</Episode>
<Episode>
  <id>608621</id>
  <Combined_episodenumber>2</Combined_episodenumber>
  <Combined_season>2</Combined_season>
  <DVD_chapter></DVD_chapter>
  <DVD_discid></DVD_discid>
  <DVD_episodenumber></DVD_episodenumber>
  <DVD_season></DVD_season>
  <Director></Director>
  <EpImgFlag>1</EpImgFlag>
  <EpisodeName>Starbright (2): Colliding Stars</EpisodeName>
  <EpisodeNumber>2</EpisodeNumber>
  <FirstAired>1986-07-19</FirstAired>
  <GuestStars></GuestStars>
  <IMDB_ID></IMDB_ID>
  <Language>en</Language>
  <Overview>Horrified at the news of Ba Nee's impending blindness, Jerrica learns from her doctor that there is an experimental laser surgical procedure that could save Ba Nee's vision. However, the cost of the surgery is a staggering $250,000. Having canceled all their tour dates to star in the movie, Aja hits on the idea to divert funds from Starlight Music to cover the cost. But when they arrive there, they find the building closed down and without power. Joanie, the business manager of Starlight Music, tells the group that Eric has drained huge sums of money from Starlight Music to promote the Misfits' movie. Left with no other option, Jem and the Holograms are forced to return to the movie. Eric's demands push the group to their limits once again, especially when Jem nearly falls from a set display suspended several dozen feet in the air. Video records the accident hoping to use it to shut down the movie's production, but Jem pleads with her not to, because of Ba Nee's surgery. </Overview>
  <ProductionCode></ProductionCode>
  <Rating></Rating>
  <RatingCount>0</RatingCount>
  <SeasonNumber>2</SeasonNumber>
  <Writer></Writer>
  <absolute_number></absolute_number>
  <filename>episodes/78306/608621.jpg</filename>
  <lastupdated>1307102816</lastupdated>
  <seasonid>14733</seasonid>
  <seriesid>78306</seriesid>
</Episode>
<Episode>
  <id>608631</id>
  <Combined_episodenumber>3</Combined_episodenumber>
  <Combined_season>2</Combined_season>
  <DVD_chapter></DVD_chapter>
  <DVD_discid></DVD_discid>
  <DVD_episodenumber></DVD_episodenumber>
  <DVD_season></DVD_season>
  <Director></Director>
  <EpImgFlag>1</EpImgFlag>
  <EpisodeName>Starbright (3): Rising Star</EpisodeName>
  <EpisodeNumber>3</EpisodeNumber>
  <FirstAired>1986-07-19</FirstAired>
  <GuestStars></GuestStars>
  <IMDB_ID></IMDB_ID>
  <Language>en</Language>
  <Overview>During a dangerous motorcycle scene for the movie, Kimber is caught in the middle of a series of explosions set off by Roxy and Clash, and is almost killed. Infuriated, Jem and the Holograms quit the production permanently, along with most of the crew who witnessed the accident. Jem rallies the crew to continue the movie, but with a new plot and title: Starbright, while the Misfits' demanding behavior finally causes what remains of the original crew to walk off the set. Meanwhile, a disguised Clash sneaks onto the set of Starbright to spy on the cast and crew, only to be exposed by Georgia, the makeup artist who had recently quit the movie as well. Clash steals the tape of Jem's accident, but Jem and the cast manage to recover it after a lengthy car chase. Starbright  proves to be a box office smash, while the Misfits Movie bombs quickly. The Holograms' first share in the box office proceeds go to pay for Ba Nee's surgery, which is a complete success. </Overview>
  <ProductionCode></ProductionCode>
  <Rating></Rating>
  <RatingCount>0</RatingCount>
  <SeasonNumber>2</SeasonNumber>
  <Writer></Writer>
  <absolute_number></absolute_number>
  <filename>episodes/78306/608631.jpg</filename>
  <lastupdated>1307105509</lastupdated>
  <seasonid>14733</seasonid>
  <seriesid>78306</seriesid>
</Episode>
<Episode>
  <id>608641</id>
  <Combined_episodenumber>4</Combined_episodenumber>
  <Combined_season>2</Combined_season>
  <DVD_chapter></DVD_chapter>
  <DVD_discid></DVD_discid>
  <DVD_episodenumber></DVD_episodenumber>
  <DVD_season></DVD_season>
  <Director></Director>
  <EpImgFlag>1</EpImgFlag>
  <EpisodeName>The World Hunger Shindig</EpisodeName>
  <EpisodeNumber>4</EpisodeNumber>
  <FirstAired>1986-07-26</FirstAired>
  <GuestStars></GuestStars>
  <IMDB_ID></IMDB_ID>
  <Language>en</Language>
  <Overview>Jem and the Holograms are invited to perform at a concert benefitting the victims of world hunger. When The Misfits learn of the concert, they try to horn in. Sally Brand, the woman behind the World Hunger Shindig tells them they can perform, but can't be on the live album unless another group backs out. Eric Raymond schemes to keep the Holograms away from the concert and to make a tidy sum of money for himself in the process. </Overview>
  <ProductionCode></ProductionCode>
  <Rating></Rating>
  <RatingCount>0</RatingCount>
  <SeasonNumber>2</SeasonNumber>
  <Writer></Writer>
  <absolute_number></absolute_number>
  <filename>episodes/78306/608641.jpg</filename>
  <lastupdated>1307102669</lastupdated>
  <seasonid>14733</seasonid>
  <seriesid>78306</seriesid>
</Episode>
<Episode>
  <id>608651</id>
  <Combined_episodenumber>5</Combined_episodenumber>
  <Combined_season>2</Combined_season>
  <DVD_chapter></DVD_chapter>
  <DVD_discid></DVD_discid>
  <DVD_episodenumber></DVD_episodenumber>
  <DVD_season></DVD_season>
  <Director></Director>
  <EpImgFlag>1</EpImgFlag>
  <EpisodeName>Adventure in China</EpisodeName>
  <EpisodeNumber>5</EpisodeNumber>
  <FirstAired>1986-08-23</FirstAired>
  <GuestStars></GuestStars>
  <IMDB_ID></IMDB_ID>
  <Language>en</Language>
  <Overview>The Holograms are invited to perform a special concert in China. The Misfits tag along and take notice of Jem's reluctance to part with her JemStar earrings while going through customs. They steal the earrings, leading Jerrica and the Holograms in a race against time to recover them in time for the concert. </Overview>
  <ProductionCode></ProductionCode>
  <Rating></Rating>
  <RatingCount>0</RatingCount>
  <SeasonNumber>2</SeasonNumber>
  <Writer></Writer>
  <absolute_number></absolute_number>
  <filename>episodes/78306/608651.jpg</filename>
  <lastupdated>1307102669</lastupdated>
  <seasonid>14733</seasonid>
  <seriesid>78306</seriesid>
</Episode>
<Episode>
  <id>608661</id>
  <Combined_episodenumber>6</Combined_episodenumber>
  <Combined_season>2</Combined_season>
  <DVD_chapter></DVD_chapter>
  <DVD_discid></DVD_discid>
  <DVD_episodenumber></DVD_episodenumber>
  <DVD_season></DVD_season>
  <Director></Director>
  <EpImgFlag>1</EpImgFlag>
  <EpisodeName>Last Resorts</EpisodeName>
  <EpisodeNumber>6</EpisodeNumber>
  <FirstAired>1986-08-30</FirstAired>
  <GuestStars></GuestStars>
  <IMDB_ID></IMDB_ID>
  <Language>en</Language>
  <Overview>Jem and The Holograms take a much needed vacation to a Colorado  ski resort owned by Rick Franklin, an old friend of Howard Sands. Mr. Franklin tells the Holograms that his resort is being threatened by another resort owned by Eric Raymond. Eric and the Misfits attempt to sabotage the resort, in order to bankrupt Franklin so that he will sell the resort to Eric. Meanwhile, Rio and Swenson, the handsome ski instructor face off in a contest for Jem's attentions. In order to settle the matter of which resort controls the mountain, The Holograms and The Misfits face off in a ski contest. </Overview>
  <ProductionCode></ProductionCode>
  <Rating></Rating>
  <RatingCount>0</RatingCount>
  <SeasonNumber>2</SeasonNumber>
  <Writer></Writer>
  <absolute_number></absolute_number>
  <filename>episodes/78306/608661.jpg</filename>
  <lastupdated>1307102669</lastupdated>
  <seasonid>14733</seasonid>
  <seriesid>78306</seriesid>
</Episode>
<Episode>
  <id>608671</id>
  <Combined_episodenumber>7</Combined_episodenumber>
  <Combined_season>2</Combined_season>
  <DVD_chapter></DVD_chapter>
  <DVD_discid></DVD_discid>
  <DVD_episodenumber></DVD_episodenumber>
  <DVD_season></DVD_season>
  <Director></Director>
  <EpImgFlag>1</EpImgFlag>
  <EpisodeName>In Stitches</EpisodeName>
  <EpisodeNumber>7</EpisodeNumber>
  <FirstAired>1986-09-06</FirstAired>
  <GuestStars></GuestStars>
  <IMDB_ID></IMDB_ID>
  <Language>en</Language>
  <Overview>Several girl groups from all over the world are invited to take part in a rock fashion contest headed by Italian music promoter, Tony Cassini. Shana is a bit nervous about the competition and The Misfits try to rattle her by chipping away at her confidence. But the last laugh is on them when their own designer drops out of the contest. Unfortunately this prompts them to get Zipper, Eric's hired henchman to steal the costumes Shana's designed for the Holograms. </Overview>
  <ProductionCode></ProductionCode>
  <Rating></Rating>
  <RatingCount>0</RatingCount>
  <SeasonNumber>2</SeasonNumber>
  <Writer></Writer>
  <absolute_number></absolute_number>
  <filename>episodes/78306/608671.jpg</filename>
  <lastupdated>1307102669</lastupdated>
  <seasonid>14733</seasonid>
  <seriesid>78306</seriesid>
</Episode>
<Episode>
  <id>608691</id>
  <Combined_episodenumber>8</Combined_episodenumber>
  <Combined_season>2</Combined_season>
  <DVD_chapter></DVD_chapter>
  <DVD_discid></DVD_discid>
  <DVD_episodenumber></DVD_episodenumber>
  <DVD_season></DVD_season>
  <Director></Director>
  <EpImgFlag>1</EpImgFlag>
  <EpisodeName>The Music Awards (1)</EpisodeName>
  <EpisodeNumber>8</EpisodeNumber>
  <FirstAired>1986-09-13</FirstAired>
  <GuestStars></GuestStars>
  <IMDB_ID></IMDB_ID>
  <Language>en</Language>
  <Overview>The Holograms and The Misfits become so focused on beating each other at the upcoming annual Music Awards that they neglect their duties to the Starlight Girls. Deidre, one of the girls is so hurt by this she runs away. Ba Nee, not wanting Deidre to go alone decides to come with her, and Krissie goes as well to keep an eye on them. Meanwhile, Video introduces the Holograms to Giselle Dvorak (Danse), a talented stage dancer, who has a special request for them. Eric Raymond hires Techrat to cause trouble for the Holograms. The girls run away to the Misfits, who anonymously report that Jerrica is mistreating her Starlight Girls. At Starlight Music, Jem finds out from Lin-Z that the Haven House Benefit is the same night as the Music Awards and that missing the event would hurt her chances to win this prestigious award. She backs out and goes home only to learn about the runaways. The Holograms search everywhere but there is no trace of them. Feeling guilty for ignoring them, Jem decides to perform at the benefit anyway with the hopes that the girls will hear about it and come home. </Overview>
  <ProductionCode></ProductionCode>
  <Rating></Rating>
  <RatingCount>0</RatingCount>
  <SeasonNumber>2</SeasonNumber>
  <Writer></Writer>
  <absolute_number></absolute_number>
  <filename>episodes/78306/608691.jpg</filename>
  <lastupdated>1307102850</lastupdated>
  <seasonid>14733</seasonid>
  <seriesid>78306</seriesid>
</Episode>
<Episode>
  <id>608701</id>
  <Combined_episodenumber>9</Combined_episodenumber>
  <Combined_season>2</Combined_season>
  <DVD_chapter></DVD_chapter>
  <DVD_discid></DVD_discid>
  <DVD_episodenumber></DVD_episodenumber>
  <DVD_season></DVD_season>
  <Director></Director>
  <EpImgFlag>1</EpImgFlag>
  <EpisodeName>The Music Awards (2)</EpisodeName>
  <EpisodeNumber>9</EpisodeNumber>
  <FirstAired>1986-09-20</FirstAired>
  <GuestStars></GuestStars>
  <IMDB_ID></IMDB_ID>
  <Language>en</Language>
  <Overview>As Jerrica and the others continue their search for the girls, The Misfits stage a publicity stunt to garner more attention toward their appearance at the Music Awards. Deidre, Krissy, Ba Nee and their new friend, Danny run afoul of a couple of thugs, who force Danny to steal from a local electronics store for them. They manage to escape and are directed to Haven House, where Danse finds them and brings them to the concert. Techrat tries to disrupt the concert with a jamming device, but Danny catches him in the act. Meanwhile, the Misfits win for Best Musical Group and Pizzazz plans to gloat to Jem about the win, so they drive to the concert, only to find the audience cheering the performance. Pizzazz, silenced by the overwhelming sense of goodwill the concert has created, doesn't notice her award slip out of her hand to the floor, where it smashes into a hundred pieces. </Overview>
  <ProductionCode></ProductionCode>
  <Rating></Rating>
  <RatingCount>0</RatingCount>
  <SeasonNumber>2</SeasonNumber>
  <Writer></Writer>
  <absolute_number></absolute_number>
  <filename>episodes/78306/608701.jpg</filename>
  <lastupdated>1307102865</lastupdated>
  <seasonid>14733</seasonid>
  <seriesid>78306</seriesid>
</Episode>
<Episode>
  <id>608711</id>
  <Combined_episodenumber>10</Combined_episodenumber>
  <Combined_season>2</Combined_season>
  <DVD_chapter></DVD_chapter>
  <DVD_discid></DVD_discid>
  <DVD_episodenumber></DVD_episodenumber>
  <DVD_season></DVD_season>
  <Director></Director>
  <EpImgFlag>1</EpImgFlag>
  <EpisodeName>The Rock Fashion Book</EpisodeName>
  <EpisodeNumber>10</EpisodeNumber>
  <FirstAired>1986-09-27</FirstAired>
  <GuestStars></GuestStars>
  <IMDB_ID></IMDB_ID>
  <Language>en</Language>
  <Overview>The Misfits try to ruin the Holograms's new rock fashion book. When their initial attempts fail, Pizzazz persuades her father to buy the rights to the book, putting the Misfits in charge of the project. </Overview>
  <ProductionCode></ProductionCode>
  <Rating></Rating>
  <RatingCount>0</RatingCount>
  <SeasonNumber>2</SeasonNumber>
  <Writer></Writer>
  <absolute_number></absolute_number>
  <filename>episodes/78306/608711.jpg</filename>
  <lastupdated>1307102669</lastupdated>
  <seasonid>14733</seasonid>
  <seriesid>78306</seriesid>
</Episode>
<Episode>
  <id>608721</id>
  <Combined_episodenumber>11</Combined_episodenumber>
  <Combined_season>2</Combined_season>
  <DVD_chapter></DVD_chapter>
  <DVD_discid></DVD_discid>
  <DVD_episodenumber></DVD_episodenumber>
  <DVD_season></DVD_season>
  <Director></Director>
  <EpImgFlag>1</EpImgFlag>
  <EpisodeName>Broadway Magic</EpisodeName>
  <EpisodeNumber>11</EpisodeNumber>
  <FirstAired>1986-10-04</FirstAired>
  <GuestStars></GuestStars>
  <IMDB_ID></IMDB_ID>
  <Language>en</Language>
  <Overview>Eric incites greed and scandal by offering a $100,000 reward for anyone who can reveal Jem's real identity, while both groups are in New York City auditioning for the lead roles in a Broadway producer's new show. </Overview>
  <ProductionCode></ProductionCode>
  <Rating></Rating>
  <RatingCount>0</RatingCount>
  <SeasonNumber>2</SeasonNumber>
  <Writer></Writer>
  <absolute_number></absolute_number>
  <filename>episodes/78306/608721.jpg</filename>
  <lastupdated>1307102669</lastupdated>
  <seasonid>14733</seasonid>
  <seriesid>78306</seriesid>
</Episode>
<Episode>
  <id>608731</id>
  <Combined_episodenumber>12</Combined_episodenumber>
  <Combined_season>2</Combined_season>
  <DVD_chapter></DVD_chapter>
  <DVD_discid></DVD_discid>
  <DVD_episodenumber></DVD_episodenumber>
  <DVD_season></DVD_season>
  <Director></Director>
  <EpImgFlag>1</EpImgFlag>
  <EpisodeName>In Search of the Stolen Album</EpisodeName>
  <EpisodeNumber>12</EpisodeNumber>
  <FirstAired>1986-10-11</FirstAired>
  <GuestStars></GuestStars>
  <IMDB_ID></IMDB_ID>
  <Language>en</Language>
  <Overview>As Jem and the Holograms prepare to release their debut album, Eric hires Zipper to steal it, so The Misfits can use the material for themselves. Pizzazz sends the Holograms anonymous letters with clues that will supposedly lead them to the stolen album, but lead them into danger instead. When they retrieve the album, they place a tape of French-speaking lessons for Eric Raymond to trick him. </Overview>
  <ProductionCode></ProductionCode>
  <Rating></Rating>
  <RatingCount>0</RatingCount>
  <SeasonNumber>2</SeasonNumber>
  <Writer></Writer>
  <absolute_number></absolute_number>
  <filename>episodes/78306/608731.jpg</filename>
  <lastupdated>1307102669</lastupdated>
  <seasonid>14733</seasonid>
  <seriesid>78306</seriesid>
</Episode>
<Episode>
  <id>608741</id>
  <Combined_episodenumber>13</Combined_episodenumber>
  <Combined_season>2</Combined_season>
  <DVD_chapter></DVD_chapter>
  <DVD_discid></DVD_discid>
  <DVD_episodenumber></DVD_episodenumber>
  <DVD_season></DVD_season>
  <Director></Director>
  <EpImgFlag>1</EpImgFlag>
  <EpisodeName>Hot Time in Hawaii</EpisodeName>
  <EpisodeNumber>13</EpisodeNumber>
  <FirstAired>1986-10-18</FirstAired>
  <GuestStars></GuestStars>
  <IMDB_ID></IMDB_ID>
  <Language>en</Language>
  <Overview>The Misfits and The Holograms compete in the &quot;Battle of the Music Stars&quot;, a Battle of the Network Stars type event in Honolulu. Kimber is kidnapped, and the Holograms have to find her in time to compete. </Overview>
  <ProductionCode></ProductionCode>
  <Rating></Rating>
  <RatingCount>0</RatingCount>
  <SeasonNumber>2</SeasonNumber>
  <Writer></Writer>
  <absolute_number></absolute_number>
  <filename>episodes/78306/608741.jpg</filename>
  <lastupdated>1307102669</lastupdated>
  <seasonid>14733</seasonid>
  <seriesid>78306</seriesid>
</Episode>
<Episode>
  <id>608751</id>
  <Combined_episodenumber>14</Combined_episodenumber>
  <Combined_season>2</Combined_season>
  <DVD_chapter></DVD_chapter>
  <DVD_discid></DVD_discid>
  <DVD_episodenumber></DVD_episodenumber>
  <DVD_season></DVD_season>
  <Director></Director>
  <EpImgFlag>1</EpImgFlag>
  <EpisodeName>The Princess and the Singer</EpisodeName>
  <EpisodeNumber>14</EpisodeNumber>
  <FirstAired>1986-11-01</FirstAired>
  <GuestStars></GuestStars>
  <IMDB_ID></IMDB_ID>
  <Language>en</Language>
  <Overview>Loosely based on the Mark Twain story The Prince and the Pauper, while touring the small European country of Morvania, Kimber meets Princess Adriana, the teenage heir to the throne who happens to look exactly like her. When Adriana escapes from her room, her power-hungry cousin Lexa hires her henchmen to track her down and bring her back. When Kimber and Adriana bump into each other, Lexa's henchmen discover Kimber (Who they think is Adriana) then kidnap her and lock her in a tower where she escapes. Lexa discovers that the real Adriana is with the Holograms so she uses the Misfits to lure Kimber to the hotel where the Holograms are staying and plant a bomb on the stage (to kill Adriana) and take over the throne. The Misfits gatecrash the party and save the Holograms from the bomb on the stage. The Holograms then rescue Kimber, Lexa is placed under arrest for conspiracy, and Adriana claims the title of crowned queen at last. </Overview>
  <ProductionCode></ProductionCode>
  <Rating></Rating>
  <RatingCount>0</RatingCount>
  <SeasonNumber>2</SeasonNumber>
  <Writer></Writer>
  <absolute_number></absolute_number>
  <filename>episodes/78306/608751.jpg</filename>
  <lastupdated>1307102669</lastupdated>
  <seasonid>14733</seasonid>
  <seriesid>78306</seriesid>
</Episode>
<Episode>
  <id>608761</id>
  <Combined_episodenumber>15</Combined_episodenumber>
  <Combined_season>2</Combined_season>
  <DVD_chapter></DVD_chapter>
  <DVD_discid></DVD_discid>
  <DVD_episodenumber></DVD_episodenumber>
  <DVD_season></DVD_season>
  <Director></Director>
  <EpImgFlag>1</EpImgFlag>
  <EpisodeName>Island of Deception</EpisodeName>
  <EpisodeNumber>15</EpisodeNumber>
  <FirstAired>1986-11-08</FirstAired>
  <GuestStars></GuestStars>
  <IMDB_ID></IMDB_ID>
  <Language>en</Language>
  <Overview>Jem and The Holograms are invited to perform at a concert in St. Thomas and travel aboard a luxury ocean liner to get there. Eric and the Misfits, who are convinced there's a publicity stunt going on, tag along to cash in on it. Later that evening, after giving a performance for the passengers and crew of the ship, Jem and the Holograms are tricked by the Misfits into hiding aboard a lifeboat under the misconception of giving the ship's captain a surprise for his birthday. But when the prank goes wrong, it maroons the Holograms and the Misfits on a tropical island. The girls, despite their rivalry must try to survive and get help from a hermit  living on the island. </Overview>
  <ProductionCode></ProductionCode>
  <Rating></Rating>
  <RatingCount>0</RatingCount>
  <SeasonNumber>2</SeasonNumber>
  <Writer></Writer>
  <absolute_number></absolute_number>
  <filename>episodes/78306/608761.jpg</filename>
  <lastupdated>1307102669</lastupdated>
  <seasonid>14733</seasonid>
  <seriesid>78306</seriesid>
</Episode>
<Episode>
  <id>608771</id>
  <Combined_episodenumber>16</Combined_episodenumber>
  <Combined_season>2</Combined_season>
  <DVD_chapter></DVD_chapter>
  <DVD_discid></DVD_discid>
  <DVD_episodenumber></DVD_episodenumber>
  <DVD_season></DVD_season>
  <Director></Director>
  <EpImgFlag>1</EpImgFlag>
  <EpisodeName>Old Meets New</EpisodeName>
  <EpisodeNumber>16</EpisodeNumber>
  <FirstAired>1986-11-15</FirstAired>
  <GuestStars></GuestStars>
  <IMDB_ID></IMDB_ID>
  <Language>en</Language>
  <Overview>When Jem &amp; The Holograms perform a song called 'Rock and Roll is Forever,' they infuriate an old singer named Bobby Bailey. However, Bobby turns out to be a man with a big heart but also a big problem. His flat is scheduled for demolition and Eric Raymond is behind it. Will Jem &amp; The Holograms manage to help Bobby or will the wrecking ball win the day? </Overview>
  <ProductionCode></ProductionCode>
  <Rating></Rating>
  <RatingCount>0</RatingCount>
  <SeasonNumber>2</SeasonNumber>
  <Writer></Writer>
  <absolute_number></absolute_number>
  <filename>episodes/78306/608771.jpg</filename>
  <lastupdated>1307102669</lastupdated>
  <seasonid>14733</seasonid>
  <seriesid>78306</seriesid>
</Episode>
<Episode>
  <id>608781</id>
  <Combined_episodenumber>17</Combined_episodenumber>
  <Combined_season>2</Combined_season>
  <DVD_chapter></DVD_chapter>
  <DVD_discid></DVD_discid>
  <DVD_episodenumber></DVD_episodenumber>
  <DVD_season></DVD_season>
  <Director></Director>
  <EpImgFlag>1</EpImgFlag>
  <EpisodeName>Intrigue at the Indy 500</EpisodeName>
  <EpisodeNumber>17</EpisodeNumber>
  <FirstAired>1987-02-01</FirstAired>
  <GuestStars></GuestStars>
  <IMDB_ID></IMDB_ID>
  <Language>en</Language>
  <Overview>Starlight Music sponsors Indy 500 driver Martino Granzetti. When a crash lands Martino (and Rio) in the hospital, Jem &amp; the Holograms manage to rebuild the car and Jem decides to race the car for the tournament. However, things turn nasty when Pizzazz enters the race and causes chaos on the track. </Overview>
  <ProductionCode></ProductionCode>
  <Rating></Rating>
  <RatingCount>0</RatingCount>
  <SeasonNumber>2</SeasonNumber>
  <Writer></Writer>
  <absolute_number></absolute_number>
  <filename>episodes/78306/608781.jpg</filename>
  <lastupdated>1307102669</lastupdated>
  <seasonid>14733</seasonid>
  <seriesid>78306</seriesid>
</Episode>
<Episode>
  <id>608791</id>
  <Combined_episodenumber>18</Combined_episodenumber>
  <Combined_season>2</Combined_season>
  <DVD_chapter></DVD_chapter>
  <DVD_discid></DVD_discid>
  <DVD_episodenumber></DVD_episodenumber>
  <DVD_season></DVD_season>
  <Director></Director>
  <EpImgFlag>1</EpImgFlag>
  <EpisodeName>The Jem Jam (1)</EpisodeName>
  <EpisodeNumber>18</EpisodeNumber>
  <FirstAired>1987-02-08</FirstAired>
  <GuestStars></GuestStars>
  <IMDB_ID></IMDB_ID>
  <Language>en</Language>
  <Overview>The Misfits plot to ruin The Jem Jam, a benefit concert Jem is planning, by tricking Luna Dark (a Cyndi Lauper-esque singer) into coming with them, while Krissy must deal with Lena Lerner's (a Tina Turner-like pop star) spoiled brat son, Dominic (who resembles a young Michael Jackson), and Ba Nee is sure that Randy James, a red-haired drummer for a Springsteen-like rock  star, is her father. </Overview>
  <ProductionCode></ProductionCode>
  <Rating></Rating>
  <RatingCount>0</RatingCount>
  <SeasonNumber>2</SeasonNumber>
  <Writer></Writer>
  <absolute_number></absolute_number>
  <filename>episodes/78306/608791.jpg</filename>
  <lastupdated>1307102882</lastupdated>
  <seasonid>14733</seasonid>
  <seriesid>78306</seriesid>
</Episode>
<Episode>
  <id>608801</id>
  <Combined_episodenumber>19</Combined_episodenumber>
  <Combined_season>2</Combined_season>
  <DVD_chapter></DVD_chapter>
  <DVD_discid></DVD_discid>
  <DVD_episodenumber></DVD_episodenumber>
  <DVD_season></DVD_season>
  <Director></Director>
  <EpImgFlag>1</EpImgFlag>
  <EpisodeName>The Jem Jam (2)</EpisodeName>
  <EpisodeNumber>19</EpisodeNumber>
  <FirstAired>1987-02-15</FirstAired>
  <GuestStars></GuestStars>
  <IMDB_ID></IMDB_ID>
  <Language>en</Language>
  <Overview>Jem saves Luna Dark from Pizzazz's guard dogs, and the Misfits plot to ruin the Jem Jam, with help from Techrat. Meanwhile, Ba Nee goes to great lengths to prove that Randy is her father. Also, Krissy finds out that there's more to Dominic than she thought. </Overview>
  <ProductionCode></ProductionCode>
  <Rating></Rating>
  <RatingCount>0</RatingCount>
  <SeasonNumber>2</SeasonNumber>
  <Writer></Writer>
  <absolute_number></absolute_number>
  <filename>episodes/78306/608801.jpg</filename>
  <lastupdated>1307102896</lastupdated>
  <seasonid>14733</seasonid>
  <seriesid>78306</seriesid>
</Episode>
<Episode>
  <id>608811</id>
  <Combined_episodenumber>20</Combined_episodenumber>
  <Combined_season>2</Combined_season>
  <DVD_chapter></DVD_chapter>
  <DVD_discid></DVD_discid>
  <DVD_episodenumber></DVD_episodenumber>
  <DVD_season></DVD_season>
  <Director></Director>
  <EpImgFlag>1</EpImgFlag>
  <EpisodeName>Culture Clash</EpisodeName>
  <EpisodeNumber>20</EpisodeNumber>
  <FirstAired>1987-02-22</FirstAired>
  <GuestStars></GuestStars>
  <IMDB_ID></IMDB_ID>
  <Language>en</Language>
  <Overview>An eccentric artist, Fitzgerald Beck, is the art director for Jem and the Holograms' new video. Beck's art dealer is using his sculptures to smuggle stolen diamonds. The Misfits find this out and set up the sculptures to explode onstage while Jem and the Holograms are filming the video, leading the police to believe it was Jem and the Holograms and Beck who put the diamonds there. Jem and the Holograms must team up with Beck to find the actual culprit before the cops catch them. </Overview>
  <ProductionCode></ProductionCode>
  <Rating></Rating>
  <RatingCount>0</RatingCount>
  <SeasonNumber>2</SeasonNumber>
  <Writer></Writer>
  <absolute_number></absolute_number>
  <filename>episodes/78306/608811.jpg</filename>
  <lastupdated>1307102669</lastupdated>
  <seasonid>14733</seasonid>
  <seriesid>78306</seriesid>
</Episode>
<Episode>
  <id>608821</id>
  <Combined_episodenumber>21</Combined_episodenumber>
  <Combined_season>2</Combined_season>
  <DVD_chapter></DVD_chapter>
  <DVD_discid></DVD_discid>
  <DVD_episodenumber></DVD_episodenumber>
  <DVD_season></DVD_season>
  <Director></Director>
  <EpImgFlag>1</EpImgFlag>
  <EpisodeName>Glitter and Gold</EpisodeName>
  <EpisodeNumber>21</EpisodeNumber>
  <FirstAired>1987-03-15</FirstAired>
  <GuestStars></GuestStars>
  <IMDB_ID></IMDB_ID>
  <Language>en</Language>
  <Overview>Jem hasn't been heard from in some time and Jerrica doesn't seem to care. The Misfits waste no time capitalizing on her absence, especially when Owen Beech, the owner of Diskovery Records promotes a contest, awarding a Gold Album award and a new car, the Glitter and Gold Roadster to the winner. After an argument with Rio, the Holograms try to persuade Jerrica to make a new album to compete with the Misfits. Jerrica is somewhat resistant to the idea, feeling it may be too late to enter the contest, but when she overhears Eric making a comment that she ruined Jem's career, it galvanizes her to enter, and promises Owen Beech she and the Holograms will deliver a new album in time for the contest. The group decides to use the prizes for the contest as the theme for their new album and look called Glitter and Gold. </Overview>
  <ProductionCode></ProductionCode>
  <Rating></Rating>
  <RatingCount>0</RatingCount>
  <SeasonNumber>2</SeasonNumber>
  <Writer></Writer>
  <absolute_number></absolute_number>
  <filename>episodes/78306/608821.jpg</filename>
  <lastupdated>1307102669</lastupdated>
  <seasonid>14733</seasonid>
  <seriesid>78306</seriesid>
</Episode>
<Episode>
  <id>279696</id>
  <Combined_episodenumber>1</Combined_episodenumber>
  <Combined_season>3</Combined_season>
  <DVD_chapter></DVD_chapter>
  <DVD_discid></DVD_discid>
  <DVD_episodenumber></DVD_episodenumber>
  <DVD_season></DVD_season>
  <Director></Director>
  <EpImgFlag>1</EpImgFlag>
  <EpisodeName>The Talent Search (1)</EpisodeName>
  <EpisodeNumber>1</EpisodeNumber>
  <FirstAired>1987-09-21</FirstAired>
  <GuestStars></GuestStars>
  <IMDB_ID></IMDB_ID>
  <Language>en</Language>
  <Overview>Problems affect Jem &amp; The Holograms when Shana leaves to pursue a fashion career. The Holograms decide to host a Talent Search to find a new drummer. News of this spreads like fire which also catches the attention of The Misfits. The Misfits decide to upstage the Talent Search by adding a new Misfit: a hot-tempered saxophone player from England named Jetta. After so many disastrous auditions, the Holograms choose two finalists: A shy, but talented young woman named Carmen Alonzo (nicknamed Raya by her father) and a keen drummer named Craig Phillips. Soon, Raya accidentally discovers Jem's real identity and Eric Raymond attempts to bribe Raya into revealing Jem's identity. </Overview>
  <ProductionCode>027</ProductionCode>
  <Rating></Rating>
  <RatingCount>0</RatingCount>
  <SeasonNumber>3</SeasonNumber>
  <Writer></Writer>
  <absolute_number></absolute_number>
  <filename>episodes/78306/279696.jpg</filename>
  <lastupdated>1307102329</lastupdated>
  <seasonid>14734</seasonid>
  <seriesid>78306</seriesid>
</Episode>
<Episode>
  <id>279697</id>
  <Combined_episodenumber>2</Combined_episodenumber>
  <Combined_season>3</Combined_season>
  <DVD_chapter></DVD_chapter>
  <DVD_discid></DVD_discid>
  <DVD_episodenumber></DVD_episodenumber>
  <DVD_season></DVD_season>
  <Director></Director>
  <EpImgFlag>1</EpImgFlag>
  <EpisodeName>The Talent Search (2)</EpisodeName>
  <EpisodeNumber>2</EpisodeNumber>
  <FirstAired>1987-09-22</FirstAired>
  <GuestStars></GuestStars>
  <IMDB_ID></IMDB_ID>
  <Language>en</Language>
  <Overview>The Misfits discover that the other semi-finalist Craig is Stormer's brother. Eric then decides to use Craig to find out Jem's real identity. When he decides to stand up to Eric, Jetta swipes money from Eric's wallet which she uses to hire a gang to destroy Raya's fathers nursery so that Raya will go to Eric to get the money where she will reveal Jem's identity. The plan backfires when Raya spots Jetta wearing one of her father's orchids in her hair. Raya lashes out at Jetta, Eric and the Misfits and vows never to reveal Jem's secret to the likes of them. Craig turns up a moment later, threatening Eric to pay restitution to the Alonzo Family for destroying their nursery, and also the Misfits for them threatening to throw Stormer out of the group. After the Talent Search, the winner is announced and Shana returns to the Holograms. </Overview>
  <ProductionCode>028</ProductionCode>
  <Rating></Rating>
  <RatingCount>0</RatingCount>
  <SeasonNumber>3</SeasonNumber>
  <Writer></Writer>
  <absolute_number></absolute_number>
  <filename>episodes/78306/279697.jpg</filename>
  <lastupdated>1307102562</lastupdated>
  <seasonid>14734</seasonid>
  <seriesid>78306</seriesid>
</Episode>
<Episode>
  <id>279698</id>
  <Combined_episodenumber>3</Combined_episodenumber>
  <Combined_season>3</Combined_season>
  <DVD_chapter></DVD_chapter>
  <DVD_discid></DVD_discid>
  <DVD_episodenumber></DVD_episodenumber>
  <DVD_season></DVD_season>
  <Director></Director>
  <EpImgFlag>1</EpImgFlag>
  <EpisodeName>Scandal</EpisodeName>
  <EpisodeNumber>3</EpisodeNumber>
  <FirstAired>1987-09-23</FirstAired>
  <GuestStars></GuestStars>
  <IMDB_ID></IMDB_ID>
  <Language>en</Language>
  <Overview>The Holograms, the Misfits, and Shawn Harrison (the British teen idol Kimber met in The World Hunger Shindig, and has asked her to write a song for him to perform) are all in Venice Beach. The Holograms are supposed to go on Harriet Horne's show, which is a famous celebrity gossip show. While the Holograms think they are not much to gossip about, Jetta steals Kimber's diary and publishes it. Tabloids twist the story, saying Kimber is in love with Shawn and he has no feelings for her. Kimber must be strong and stand up to the scandal to come out of it on top. </Overview>
  <ProductionCode>029</ProductionCode>
  <Rating></Rating>
  <RatingCount>0</RatingCount>
  <SeasonNumber>3</SeasonNumber>
  <Writer></Writer>
  <absolute_number></absolute_number>
  <filename>episodes/78306/279698.jpg</filename>
  <lastupdated>1307102539</lastupdated>
  <seasonid>14734</seasonid>
  <seriesid>78306</seriesid>
</Episode>
<Episode>
  <id>279699</id>
  <Combined_episodenumber>4</Combined_episodenumber>
  <Combined_season>3</Combined_season>
  <DVD_chapter></DVD_chapter>
  <DVD_discid></DVD_discid>
  <DVD_episodenumber></DVD_episodenumber>
  <DVD_season></DVD_season>
  <Director></Director>
  <EpImgFlag>1</EpImgFlag>
  <EpisodeName>One Jem Too Many</EpisodeName>
  <EpisodeNumber>4</EpisodeNumber>
  <FirstAired>1987-09-24</FirstAired>
  <GuestStars></GuestStars>
  <IMDB_ID></IMDB_ID>
  <Language>en</Language>
  <Overview>Jerrica, stressed-out from dealing with tax forms and problems with the Starlight record company and home for girls, gets into trouble with a nasty tempered Jem impersonator, who turns out to be Clash disguised in one of The Misfits' plots to ruin Jem. </Overview>
  <ProductionCode>030</ProductionCode>
  <Rating></Rating>
  <RatingCount>0</RatingCount>
  <SeasonNumber>3</SeasonNumber>
  <Writer></Writer>
  <absolute_number></absolute_number>
  <filename>episodes/78306/279699.jpg</filename>
  <lastupdated>1307102539</lastupdated>
  <seasonid>14734</seasonid>
  <seriesid>78306</seriesid>
</Episode>
<Episode>
  <id>279700</id>
  <Combined_episodenumber>5</Combined_episodenumber>
  <Combined_season>3</Combined_season>
  <DVD_chapter></DVD_chapter>
  <DVD_discid></DVD_discid>
  <DVD_episodenumber></DVD_episodenumber>
  <DVD_season></DVD_season>
  <Director></Director>
  <EpImgFlag>1</EpImgFlag>
  <EpisodeName>The Bands Break Up</EpisodeName>
  <EpisodeNumber>5</EpisodeNumber>
  <FirstAired>1987-09-28</FirstAired>
  <GuestStars></GuestStars>
  <IMDB_ID></IMDB_ID>
  <Language>en</Language>
  <Overview>Upset with the way their bands treat them, Kimber and Stormer quit and join forces. They are extremely popular and try to release an album, but they soon realize Eric Raymond is using them to get back his half of Starlight Music. </Overview>
  <ProductionCode>031</ProductionCode>
  <Rating></Rating>
  <RatingCount>0</RatingCount>
  <SeasonNumber>3</SeasonNumber>
  <Writer></Writer>
  <absolute_number></absolute_number>
  <filename>episodes/78306/279700.jpg</filename>
  <lastupdated>1307102539</lastupdated>
  <seasonid>14734</seasonid>
  <seriesid>78306</seriesid>
</Episode>
<Episode>
  <id>279701</id>
  <Combined_episodenumber>6</Combined_episodenumber>
  <Combined_season>3</Combined_season>
  <DVD_chapter></DVD_chapter>
  <DVD_discid></DVD_discid>
  <DVD_episodenumber></DVD_episodenumber>
  <DVD_season></DVD_season>
  <Director></Director>
  <EpImgFlag>1</EpImgFlag>
  <EpisodeName>The Fan</EpisodeName>
  <EpisodeNumber>6</EpisodeNumber>
  <FirstAired>1987-09-29</FirstAired>
  <GuestStars></GuestStars>
  <IMDB_ID></IMDB_ID>
  <Language>en</Language>
  <Overview>Jem is kidnapped by a rich fan with help of The Misfits and taken to a copy of Starlight Mansion with actors playing her friends in an attempt to find out her real identity. </Overview>
  <ProductionCode>032</ProductionCode>
  <Rating></Rating>
  <RatingCount>0</RatingCount>
  <SeasonNumber>3</SeasonNumber>
  <Writer></Writer>
  <absolute_number></absolute_number>
  <filename>episodes/78306/279701.jpg</filename>
  <lastupdated>1307102539</lastupdated>
  <seasonid>14734</seasonid>
  <seriesid>78306</seriesid>
</Episode>
<Episode>
  <id>279702</id>
  <Combined_episodenumber>7</Combined_episodenumber>
  <Combined_season>3</Combined_season>
  <DVD_chapter></DVD_chapter>
  <DVD_discid></DVD_discid>
  <DVD_episodenumber></DVD_episodenumber>
  <DVD_season></DVD_season>
  <Director></Director>
  <EpImgFlag>1</EpImgFlag>
  <EpisodeName>Fathers' Day</EpisodeName>
  <EpisodeNumber>7</EpisodeNumber>
  <FirstAired>1987-10-01</FirstAired>
  <GuestStars></GuestStars>
  <IMDB_ID></IMDB_ID>
  <Language>en</Language>
  <Overview>It's Fathers' Day! Kimber has a bad time, trying to remembering her late father, but learns to cope after having a talk with Pizzazz's father as he has his own problems with his daughter. Also, The Holograms and Misfits visit Clash and Video's hometown for a Father's day banquet. </Overview>
  <ProductionCode>033</ProductionCode>
  <Rating></Rating>
  <RatingCount>0</RatingCount>
  <SeasonNumber>3</SeasonNumber>
  <Writer></Writer>
  <absolute_number></absolute_number>
  <filename>episodes/78306/279702.jpg</filename>
  <lastupdated>1307102539</lastupdated>
  <seasonid>14734</seasonid>
  <seriesid>78306</seriesid>
</Episode>
<Episode>
  <id>279703</id>
  <Combined_episodenumber>8</Combined_episodenumber>
  <Combined_season>3</Combined_season>
  <DVD_chapter></DVD_chapter>
  <DVD_discid></DVD_discid>
  <DVD_episodenumber></DVD_episodenumber>
  <DVD_season></DVD_season>
  <Director></Director>
  <EpImgFlag>1</EpImgFlag>
  <EpisodeName>The Treasure Hunt</EpisodeName>
  <EpisodeNumber>8</EpisodeNumber>
  <FirstAired>1987-10-05</FirstAired>
  <GuestStars></GuestStars>
  <IMDB_ID></IMDB_ID>
  <Language>en</Language>
  <Overview>The Starlight Girls compete with Misfits-in-Training in a treasure hunt for literacy. In the end, they learn that knowledge is the greatest prize of all. </Overview>
  <ProductionCode>034</ProductionCode>
  <Rating></Rating>
  <RatingCount>0</RatingCount>
  <SeasonNumber>3</SeasonNumber>
  <Writer></Writer>
  <absolute_number></absolute_number>
  <filename>episodes/78306/279703.jpg</filename>
  <lastupdated>1307102539</lastupdated>
  <seasonid>14734</seasonid>
  <seriesid>78306</seriesid>
</Episode>
<Episode>
  <id>279704</id>
  <Combined_episodenumber>9</Combined_episodenumber>
  <Combined_season>3</Combined_season>
  <DVD_chapter></DVD_chapter>
  <DVD_discid></DVD_discid>
  <DVD_episodenumber></DVD_episodenumber>
  <DVD_season></DVD_season>
  <Director></Director>
  <EpImgFlag>1</EpImgFlag>
  <EpisodeName>Aztec Enchantment</EpisodeName>
  <EpisodeNumber>9</EpisodeNumber>
  <FirstAired>1987-10-07</FirstAired>
  <GuestStars></GuestStars>
  <IMDB_ID></IMDB_ID>
  <Language>en</Language>
  <Overview>The Misfits join up with Clash, who was just given a video camera by her father, and hit Mexico to ruin Jem and the Holograms' new music video directed by Video at the ruins of an ancient Aztec temple. Also the Holograms befriend a poor young boy who wants to go to the United States. </Overview>
  <ProductionCode>035</ProductionCode>
  <Rating></Rating>
  <RatingCount>0</RatingCount>
  <SeasonNumber>3</SeasonNumber>
  <Writer></Writer>
  <absolute_number></absolute_number>
  <filename>episodes/78306/279704.jpg</filename>
  <lastupdated>1307102539</lastupdated>
  <seasonid>14734</seasonid>
  <seriesid>78306</seriesid>
</Episode>
<Episode>
  <id>279705</id>
  <Combined_episodenumber>10</Combined_episodenumber>
  <Combined_season>3</Combined_season>
  <DVD_chapter></DVD_chapter>
  <DVD_discid></DVD_discid>
  <DVD_episodenumber></DVD_episodenumber>
  <DVD_season></DVD_season>
  <Director></Director>
  <EpImgFlag>1</EpImgFlag>
  <EpisodeName>Music Is Magic</EpisodeName>
  <EpisodeNumber>10</EpisodeNumber>
  <FirstAired>1987-10-14</FirstAired>
  <GuestStars></GuestStars>
  <IMDB_ID></IMDB_ID>
  <Language>en</Language>
  <Overview>Jem &amp; the Holograms are set to appear on a Music &amp; Magic TV Special. However, matters are made worse when they discover that their rivals The Misfits are also guests on the show but the real trouble starts when they all keep disappearing one by one but who's behind it? </Overview>
  <ProductionCode>036</ProductionCode>
  <Rating></Rating>
  <RatingCount>0</RatingCount>
  <SeasonNumber>3</SeasonNumber>
  <Writer></Writer>
  <absolute_number></absolute_number>
  <filename>episodes/78306/279705.jpg</filename>
  <lastupdated>1307102539</lastupdated>
  <seasonid>14734</seasonid>
  <seriesid>78306</seriesid>
</Episode>
<Episode>
  <id>279706</id>
  <Combined_episodenumber>11</Combined_episodenumber>
  <Combined_season>3</Combined_season>
  <DVD_chapter></DVD_chapter>
  <DVD_discid></DVD_discid>
  <DVD_episodenumber></DVD_episodenumber>
  <DVD_season></DVD_season>
  <Director></Director>
  <EpImgFlag>1</EpImgFlag>
  <EpisodeName>The Jazz Player</EpisodeName>
  <EpisodeNumber>11</EpisodeNumber>
  <FirstAired>1987-10-15</FirstAired>
  <GuestStars></GuestStars>
  <IMDB_ID></IMDB_ID>
  <Language>en</Language>
  <Overview>Jem tries to reunite the Tapps Tucket Quartet, an old jazz group. Meanwhile, Eric Raymond is trying to put out a compilation album of jazz songs. Eric and the Misfits do everything in their power to stop the Tapps Tucket Quartet from getting back together so Eric's jazz album can be released. </Overview>
  <ProductionCode>037</ProductionCode>
  <Rating></Rating>
  <RatingCount>0</RatingCount>
  <SeasonNumber>3</SeasonNumber>
  <Writer></Writer>
  <absolute_number></absolute_number>
  <filename>episodes/78306/279706.jpg</filename>
  <lastupdated>1307102539</lastupdated>
  <seasonid>14734</seasonid>
  <seriesid>78306</seriesid>
</Episode>
<Episode>
  <id>279707</id>
  <Combined_episodenumber>12</Combined_episodenumber>
  <Combined_season>3</Combined_season>
  <DVD_chapter></DVD_chapter>
  <DVD_discid></DVD_discid>
  <DVD_episodenumber></DVD_episodenumber>
  <DVD_season></DVD_season>
  <Director></Director>
  <EpImgFlag>1</EpImgFlag>
  <EpisodeName>Danse Time</EpisodeName>
  <EpisodeNumber>12</EpisodeNumber>
  <FirstAired>1987-10-19</FirstAired>
  <GuestStars></GuestStars>
  <IMDB_ID></IMDB_ID>
  <Language>en</Language>
  <Overview>The Holograms want to submit a video with the theme of friendship for a competition. But in the process, Danse is injured. Will she heal in time for them to make the perfect video? </Overview>
  <ProductionCode>038</ProductionCode>
  <Rating></Rating>
  <RatingCount>0</RatingCount>
  <SeasonNumber>3</SeasonNumber>
  <Writer></Writer>
  <absolute_number></absolute_number>
  <filename>episodes/78306/279707.jpg</filename>
  <lastupdated>1307102539</lastupdated>
  <seasonid>14734</seasonid>
  <seriesid>78306</seriesid>
</Episode>
<Episode>
  <id>279708</id>
  <Combined_episodenumber>13</Combined_episodenumber>
  <Combined_season>3</Combined_season>
  <DVD_chapter></DVD_chapter>
  <DVD_discid></DVD_discid>
  <DVD_episodenumber></DVD_episodenumber>
  <DVD_season></DVD_season>
  <Director></Director>
  <EpImgFlag>1</EpImgFlag>
  <EpisodeName>Roxy Rumbles</EpisodeName>
  <EpisodeNumber>13</EpisodeNumber>
  <FirstAired>1987-10-23</FirstAired>
  <GuestStars></GuestStars>
  <IMDB_ID></IMDB_ID>
  <Language>en</Language>
  <Overview>Roxy wins the lottery and goes home to Philadelphia  to show off her new lavish lifestyle to her old friends. Meanwhile, Jem and the Holograms are in Philadelphia on a tour to promote literacy. What no one knows is Roxy is illiterate. Roxy decides to throw a bigger party than the Holograms and ends up without any money left because she didn't read the fine print on her contracts. In the end, she decides to learn how to read thanks to a book BaNee gives her. </Overview>
  <ProductionCode>040</ProductionCode>
  <Rating></Rating>
  <RatingCount>0</RatingCount>
  <SeasonNumber>3</SeasonNumber>
  <Writer></Writer>
  <absolute_number></absolute_number>
  <filename>episodes/78306/279708.jpg</filename>
  <lastupdated>1307102539</lastupdated>
  <seasonid>14734</seasonid>
  <seriesid>78306</seriesid>
</Episode>
<Episode>
  <id>279709</id>
  <Combined_episodenumber>14</Combined_episodenumber>
  <Combined_season>3</Combined_season>
  <DVD_chapter></DVD_chapter>
  <DVD_discid></DVD_discid>
  <DVD_episodenumber></DVD_episodenumber>
  <DVD_season></DVD_season>
  <Director></Director>
  <EpImgFlag>1</EpImgFlag>
  <EpisodeName>Alone Again</EpisodeName>
  <EpisodeNumber>14</EpisodeNumber>
  <FirstAired>1987-10-20</FirstAired>
  <GuestStars></GuestStars>
  <IMDB_ID></IMDB_ID>
  <Language>en</Language>
  <Overview>Laura Holloway, a new Starlight Girl with a talent for music, falls victim to Bobby Braddock, a drug dealer at her school. Ashley plays an important role again, this time helping to confront Laura and eventually help the police catch Bobby. </Overview>
  <ProductionCode>039</ProductionCode>
  <Rating></Rating>
  <RatingCount>0</RatingCount>
  <SeasonNumber>3</SeasonNumber>
  <Writer></Writer>
  <absolute_number></absolute_number>
  <filename>episodes/78306/279709.jpg</filename>
  <lastupdated>1307102539</lastupdated>
  <seasonid>14734</seasonid>
  <seriesid>78306</seriesid>
</Episode>
<Episode>
  <id>279710</id>
  <Combined_episodenumber>15</Combined_episodenumber>
  <Combined_season>3</Combined_season>
  <DVD_chapter></DVD_chapter>
  <DVD_discid></DVD_discid>
  <DVD_episodenumber></DVD_episodenumber>
  <DVD_season></DVD_season>
  <Director></Director>
  <EpImgFlag>1</EpImgFlag>
  <EpisodeName>KJEM</EpisodeName>
  <EpisodeNumber>15</EpisodeNumber>
  <FirstAired>1987-10-29</FirstAired>
  <GuestStars></GuestStars>
  <IMDB_ID></IMDB_ID>
  <Language>en</Language>
  <Overview>A group of college students (including a high school friend of Kimber's) ask Jem to help a struggling radio station that they intern at, that a larger rival station wants to buy out and get rid of. </Overview>
  <ProductionCode>041</ProductionCode>
  <Rating></Rating>
  <RatingCount>0</RatingCount>
  <SeasonNumber>3</SeasonNumber>
  <Writer></Writer>
  <absolute_number></absolute_number>
  <filename>episodes/78306/279710.jpg</filename>
  <lastupdated>1307102539</lastupdated>
  <seasonid>14734</seasonid>
  <seriesid>78306</seriesid>
</Episode>
<Episode>
  <id>279711</id>
  <Combined_episodenumber>16</Combined_episodenumber>
  <Combined_season>3</Combined_season>
  <DVD_chapter></DVD_chapter>
  <DVD_discid></DVD_discid>
  <DVD_episodenumber></DVD_episodenumber>
  <DVD_season></DVD_season>
  <Director></Director>
  <EpImgFlag>1</EpImgFlag>
  <EpisodeName>Trick or Techrat</EpisodeName>
  <EpisodeNumber>16</EpisodeNumber>
  <FirstAired>1987-10-30</FirstAired>
  <GuestStars></GuestStars>
  <IMDB_ID></IMDB_ID>
  <Language>en</Language>
  <Overview>The Holograms plan to save an old opera house from being torn down. As they restore it for a special Halloween  concert, the Holograms encounter spooks and ghosts. </Overview>
  <ProductionCode>042</ProductionCode>
  <Rating></Rating>
  <RatingCount>0</RatingCount>
  <SeasonNumber>3</SeasonNumber>
  <Writer></Writer>
  <absolute_number></absolute_number>
  <filename>episodes/78306/279711.jpg</filename>
  <lastupdated>1307102539</lastupdated>
  <seasonid>14734</seasonid>
  <seriesid>78306</seriesid>
</Episode>
<Episode>
  <id>279712</id>
  <Combined_episodenumber>17</Combined_episodenumber>
  <Combined_season>3</Combined_season>
  <DVD_chapter></DVD_chapter>
  <DVD_discid></DVD_discid>
  <DVD_episodenumber></DVD_episodenumber>
  <DVD_season></DVD_season>
  <Director></Director>
  <EpImgFlag>1</EpImgFlag>
  <EpisodeName>The Presidential Dilemma</EpisodeName>
  <EpisodeNumber>17</EpisodeNumber>
  <FirstAired>1987-11-02</FirstAired>
  <GuestStars></GuestStars>
  <IMDB_ID></IMDB_ID>
  <Language>en</Language>
  <Overview>A marauding thief is taking all of the American national treasures. Meanwhile, Synergy is apprehended by the government. It is up to Jerrica to save her and stop the marauder. </Overview>
  <ProductionCode>043</ProductionCode>
  <Rating></Rating>
  <RatingCount>0</RatingCount>
  <SeasonNumber>3</SeasonNumber>
  <Writer></Writer>
  <absolute_number></absolute_number>
  <filename>episodes/78306/279712.jpg</filename>
  <lastupdated>1307102539</lastupdated>
  <seasonid>14734</seasonid>
  <seriesid>78306</seriesid>
</Episode>
<Episode>
  <id>279713</id>
  <Combined_episodenumber>18</Combined_episodenumber>
  <Combined_season>3</Combined_season>
  <DVD_chapter></DVD_chapter>
  <DVD_discid></DVD_discid>
  <DVD_episodenumber></DVD_episodenumber>
  <DVD_season></DVD_season>
  <Director></Director>
  <EpImgFlag>1</EpImgFlag>
  <EpisodeName>Rock 'n' Roll Express</EpisodeName>
  <EpisodeNumber>18</EpisodeNumber>
  <FirstAired>1987-11-03</FirstAired>
  <GuestStars></GuestStars>
  <IMDB_ID></IMDB_ID>
  <Language>en</Language>
  <Overview>Double trouble on the trains--a thief and the Misfits--affect Jem on a cross-country train trip. </Overview>
  <ProductionCode>044</ProductionCode>
  <Rating></Rating>
  <RatingCount>0</RatingCount>
  <SeasonNumber>3</SeasonNumber>
  <Writer></Writer>
  <absolute_number></absolute_number>
  <filename>episodes/78306/279713.jpg</filename>
  <lastupdated>1307102539</lastupdated>
  <seasonid>14734</seasonid>
  <seriesid>78306</seriesid>
</Episode>
<Episode>
  <id>279714</id>
  <Combined_episodenumber>19</Combined_episodenumber>
  <Combined_season>3</Combined_season>
  <DVD_chapter></DVD_chapter>
  <DVD_discid></DVD_discid>
  <DVD_episodenumber></DVD_episodenumber>
  <DVD_season></DVD_season>
  <Director></Director>
  <EpImgFlag>1</EpImgFlag>
  <EpisodeName>Mardi Gras</EpisodeName>
  <EpisodeNumber>19</EpisodeNumber>
  <FirstAired>1987-11-04</FirstAired>
  <GuestStars></GuestStars>
  <IMDB_ID></IMDB_ID>
  <Language>en</Language>
  <Overview>The Holograms are invited to wear the pirate Jean Lafitte's jewels for the Mardi Gras celebration. But could Lafitte's ghost be after them? </Overview>
  <ProductionCode>045</ProductionCode>
  <Rating></Rating>
  <RatingCount>0</RatingCount>
  <SeasonNumber>3</SeasonNumber>
  <Writer></Writer>
  <absolute_number></absolute_number>
  <filename>episodes/78306/279714.jpg</filename>
  <lastupdated>1307102539</lastupdated>
  <seasonid>14734</seasonid>
  <seriesid>78306</seriesid>
</Episode>
<Episode>
  <id>279715</id>
  <Combined_episodenumber>20</Combined_episodenumber>
  <Combined_season>3</Combined_season>
  <DVD_chapter></DVD_chapter>
  <DVD_discid></DVD_discid>
  <DVD_episodenumber></DVD_episodenumber>
  <DVD_season></DVD_season>
  <Director></Director>
  <EpImgFlag>1</EpImgFlag>
  <EpisodeName>The Middle of Nowhere</EpisodeName>
  <EpisodeNumber>20</EpisodeNumber>
  <FirstAired>1987-11-05</FirstAired>
  <GuestStars></GuestStars>
  <IMDB_ID></IMDB_ID>
  <Language>en</Language>
  <Overview>Jem and the Holograms visit Ba Nee's pen pal in Alaska. It is up to them to stop the Misfits and Eric Raymond from ruining Alaska and destroying a natural seal habitat. </Overview>
  <ProductionCode>046</ProductionCode>
  <Rating></Rating>
  <RatingCount>0</RatingCount>
  <SeasonNumber>3</SeasonNumber>
  <Writer></Writer>
  <absolute_number></absolute_number>
  <filename>episodes/78306/279715.jpg</filename>
  <lastupdated>1307102539</lastupdated>
  <seasonid>14734</seasonid>
  <seriesid>78306</seriesid>
</Episode>
<Episode>
  <id>279716</id>
  <Combined_episodenumber>21</Combined_episodenumber>
  <Combined_season>3</Combined_season>
  <DVD_chapter></DVD_chapter>
  <DVD_discid></DVD_discid>
  <DVD_episodenumber></DVD_episodenumber>
  <DVD_season></DVD_season>
  <Director></Director>
  <EpImgFlag>1</EpImgFlag>
  <EpisodeName>Renaissance Woman</EpisodeName>
  <EpisodeNumber>21</EpisodeNumber>
  <FirstAired>1987-11-16</FirstAired>
  <GuestStars></GuestStars>
  <IMDB_ID></IMDB_ID>
  <Language>en</Language>
  <Overview>The Holgrams and their friends attend a Renaissance fair at a castle in England. The false lord-to-be who owns castle and a Robin Hood-like outlaw trying to oust him both fall in love with Danse. </Overview>
  <ProductionCode>047</ProductionCode>
  <Rating></Rating>
  <RatingCount>0</RatingCount>
  <SeasonNumber>3</SeasonNumber>
  <Writer></Writer>
  <absolute_number></absolute_number>
  <filename>episodes/78306/279716.jpg</filename>
  <lastupdated>1307102539</lastupdated>
  <seasonid>14734</seasonid>
  <seriesid>78306</seriesid>
</Episode>
<Episode>
  <id>279738</id>
  <Combined_episodenumber>22</Combined_episodenumber>
  <Combined_season>3</Combined_season>
  <DVD_chapter></DVD_chapter>
  <DVD_discid></DVD_discid>
  <DVD_episodenumber></DVD_episodenumber>
  <DVD_season></DVD_season>
  <Director></Director>
  <EpImgFlag>1</EpImgFlag>
  <EpisodeName>Journey to Shangri-La</EpisodeName>
  <EpisodeNumber>22</EpisodeNumber>
  <FirstAired>1987-11-24</FirstAired>
  <GuestStars></GuestStars>
  <IMDB_ID></IMDB_ID>
  <Language>en</Language>
  <Overview>The Holograms hear the story of Shangri-La, a magical city that no one can find and contains magical music.  They decide to go in search of the city in order to learn the music and add it to their act.  Naturally, the Misfits follow them to find out what they are up to.  When Pizzazz and Roxy are poisoned by thorns in the snowy mountains, the others learn that only the magic music of Shangri-La can heal them.  An old woman shows the Holograms how to reach the city, and the girls learn the music in time to heal Pizzazz and Roxy.  The Misfits try to go to Shangri-La themselves, but the city vanishes.</Overview>
  <ProductionCode>037</ProductionCode>
  <Rating></Rating>
  <RatingCount>0</RatingCount>
  <SeasonNumber>3</SeasonNumber>
  <Writer></Writer>
  <absolute_number></absolute_number>
  <filename>episodes/78306/279738.jpg</filename>
  <lastupdated>1330663380</lastupdated>
  <seasonid>14734</seasonid>
  <seriesid>78306</seriesid>
</Episode>
<Episode>
  <id>279739</id>
  <Combined_episodenumber>23</Combined_episodenumber>
  <Combined_season>3</Combined_season>
  <DVD_chapter></DVD_chapter>
  <DVD_discid></DVD_discid>
  <DVD_episodenumber></DVD_episodenumber>
  <DVD_season></DVD_season>
  <Director></Director>
  <EpImgFlag>1</EpImgFlag>
  <EpisodeName>Journey Through Time</EpisodeName>
  <EpisodeNumber>23</EpisodeNumber>
  <FirstAired>1988-01-06</FirstAired>
  <GuestStars></GuestStars>
  <IMDB_ID></IMDB_ID>
  <Language>en</Language>
  <Overview>Jem and The Holograms are transported through time by one of Techrat's devices so the Misfits can headline the World History of Music Concert. Along the way, Jem and The Holograms meet Wolfgang Motzart, The Ben Tiller Orchestra, and Johnny Beldricks.</Overview>
  <ProductionCode>052</ProductionCode>
  <Rating></Rating>
  <RatingCount>0</RatingCount>
  <SeasonNumber>3</SeasonNumber>
  <Writer></Writer>
  <absolute_number></absolute_number>
  <filename>episodes/78306/279739.jpg</filename>
  <lastupdated>1330663397</lastupdated>
  <seasonid>14734</seasonid>
  <seriesid>78306</seriesid>
</Episode>
<Episode>
  <id>279740</id>
  <Combined_episodenumber>24</Combined_episodenumber>
  <Combined_season>3</Combined_season>
  <DVD_chapter></DVD_chapter>
  <DVD_discid></DVD_discid>
  <DVD_episodenumber></DVD_episodenumber>
  <DVD_season></DVD_season>
  <Director></Director>
  <EpImgFlag>1</EpImgFlag>
  <EpisodeName>Britrock</EpisodeName>
  <EpisodeNumber>24</EpisodeNumber>
  <FirstAired>1988-02-22</FirstAired>
  <GuestStars></GuestStars>
  <IMDB_ID></IMDB_ID>
  <Language>en</Language>
  <Overview>The Misfits go to England to meet Jetta's supposedly aristocratic family. Jetta's lower-class parents strike up a deal with a Lord of England which ends badly. Meanwhile, the Holograms come to play a show in London  and meet an old friend. </Overview>
  <ProductionCode>062</ProductionCode>
  <Rating></Rating>
  <RatingCount>0</RatingCount>
  <SeasonNumber>3</SeasonNumber>
  <Writer></Writer>
  <absolute_number></absolute_number>
  <filename>episodes/78306/279740.jpg</filename>
  <lastupdated>1330663434</lastupdated>
  <seasonid>14734</seasonid>
  <seriesid>78306</seriesid>
</Episode>
<Episode>
  <id>279741</id>
  <Combined_episodenumber>25</Combined_episodenumber>
  <Combined_season>3</Combined_season>
  <DVD_chapter></DVD_chapter>
  <DVD_discid></DVD_discid>
  <DVD_episodenumber></DVD_episodenumber>
  <DVD_season></DVD_season>
  <Director></Director>
  <EpImgFlag>1</EpImgFlag>
  <EpisodeName>Out of the Past</EpisodeName>
  <EpisodeNumber>25</EpisodeNumber>
  <FirstAired>1988-01-08</FirstAired>
  <GuestStars></GuestStars>
  <IMDB_ID></IMDB_ID>
  <Language>en</Language>
  <Overview>While cleaning out the attic, Jerrica and the Holograms find Emmett Benton's journal.  Jerrica begins to read it out loud - as she does, we see flashback of the Benton family when Jerrica was 11, Kimber was 8 or 9, and both their parents were still alive.  The journal chronicles many important events in the Bentons' lives: Rio moving in next door, Aja and Shana coming to live with the family as foster girls, the beginning of Starlight Music, Jacqui's death in a plane crash, Jerrica and Rio's relationship, the hiring of Eric Raymond, and the creation of Synergy.
Reading the journal, the girls learn that Jerrica and Kimber's father made recordings of one of Jacqui's live performances.  They decide to find the tapes so they can release a tribute album to her.  In the meantime, they give a sneak preview of the album on Lin-Z's show by performing one of Jacqui's songs from her old sheet music.  Eric sees the performance and manages to find the master tapes among the boxes he confiscated fro</Overview>
  <ProductionCode>055</ProductionCode>
  <Rating></Rating>
  <RatingCount>0</RatingCount>
  <SeasonNumber>3</SeasonNumber>
  <Writer></Writer>
  <absolute_number></absolute_number>
  <filename>episodes/78306/279741.jpg</filename>
  <lastupdated>1330663451</lastupdated>
  <seasonid>14734</seasonid>
  <seriesid>78306</seriesid>
</Episode>
<Episode>
  <id>279742</id>
  <Combined_episodenumber>26</Combined_episodenumber>
  <Combined_season>3</Combined_season>
  <DVD_chapter></DVD_chapter>
  <DVD_discid></DVD_discid>
  <DVD_episodenumber></DVD_episodenumber>
  <DVD_season></DVD_season>
  <Director></Director>
  <EpImgFlag>1</EpImgFlag>
  <EpisodeName>Hollywood Jem (1): For Your Consideration</EpisodeName>
  <EpisodeNumber>26</EpisodeNumber>
  <FirstAired>1988-01-11</FirstAired>
  <GuestStars></GuestStars>
  <IMDB_ID></IMDB_ID>
  <Language>en</Language>
  <Overview></Overview>
  <ProductionCode>056</ProductionCode>
  <Rating></Rating>
  <RatingCount>0</RatingCount>
  <SeasonNumber>3</SeasonNumber>
  <Writer></Writer>
  <absolute_number></absolute_number>
  <filename>episodes/78306/279742.jpg</filename>
  <lastupdated>1330663462</lastupdated>
  <seasonid>14734</seasonid>
  <seriesid>78306</seriesid>
</Episode>
<Episode>
  <id>279743</id>
  <Combined_episodenumber>27</Combined_episodenumber>
  <Combined_season>3</Combined_season>
  <DVD_chapter></DVD_chapter>
  <DVD_discid></DVD_discid>
  <DVD_episodenumber></DVD_episodenumber>
  <DVD_season></DVD_season>
  <Director></Director>
  <EpImgFlag>1</EpImgFlag>
  <EpisodeName>Hollywood Jem (2): and the Winner Is...</EpisodeName>
  <EpisodeNumber>27</EpisodeNumber>
  <FirstAired>1988-01-12</FirstAired>
  <GuestStars></GuestStars>
  <IMDB_ID></IMDB_ID>
  <Language>en</Language>
  <Overview></Overview>
  <ProductionCode>057</ProductionCode>
  <Rating></Rating>
  <RatingCount>0</RatingCount>
  <SeasonNumber>3</SeasonNumber>
  <Writer></Writer>
  <absolute_number></absolute_number>
  <filename>episodes/78306/279743.jpg</filename>
  <lastupdated>1330663474</lastupdated>
  <seasonid>14734</seasonid>
  <seriesid>78306</seriesid>
</Episode>
<Episode>
  <id>279744</id>
  <Combined_episodenumber>28</Combined_episodenumber>
  <Combined_season>3</Combined_season>
  <DVD_chapter></DVD_chapter>
  <DVD_discid></DVD_discid>
  <DVD_episodenumber></DVD_episodenumber>
  <DVD_season></DVD_season>
  <Director></Director>
  <EpImgFlag>1</EpImgFlag>
  <EpisodeName>The Stingers Hit Town (1)</EpisodeName>
  <EpisodeNumber>28</EpisodeNumber>
  <FirstAired>1988-02-02</FirstAired>
  <GuestStars></GuestStars>
  <IMDB_ID></IMDB_ID>
  <Language>en</Language>
  <Overview>Eric is fed up with the Misfits' antics and vows to control them once and for all.  He sells everything he owns and buys Misfits Music from Harvey Gabor, telling the Misfits to shape up or be replaced.  Meanwhile, Jerrica wants to find another band to take the pressure off of Jem and the Holograms, who provide most of Starlight Music's income.  Eric, Jerrica, and Kimber go to Le Club Cool to check out a new German band called the Stingers.  The band - Riot on lead vocals, Rapture on guitar, and Minx on synth - are a sensation and cause a riot among the fans (including Kimber).  Riot basks in the glow of this before calming the crowd just by asking them to sit down.  Jerrica and Eric are impressed and each offer the Stingers a contract.  Riot promises to carefully consider both proposals even though he's taking up Eric's offer to stay at &quot;&quot;his&quot;&quot; mansion.
Pizzazz is furious that Eric has offered her home for another band.  She's ready to kick the Stingers out and humiliate Eric - until she</Overview>
  <ProductionCode>053</ProductionCode>
  <Rating></Rating>
  <RatingCount>0</RatingCount>
  <SeasonNumber>3</SeasonNumber>
  <Writer></Writer>
  <absolute_number></absolute_number>
  <filename>episodes/78306/279744.jpg</filename>
  <lastupdated>1330663484</lastupdated>
  <seasonid>14734</seasonid>
  <seriesid>78306</seriesid>
</Episode>
<Episode>
  <id>279745</id>
  <Combined_episodenumber>29</Combined_episodenumber>
  <Combined_season>3</Combined_season>
  <DVD_chapter></DVD_chapter>
  <DVD_discid></DVD_discid>
  <DVD_episodenumber></DVD_episodenumber>
  <DVD_season></DVD_season>
  <Director></Director>
  <EpImgFlag>1</EpImgFlag>
  <EpisodeName>The Stingers Hit Town (2)</EpisodeName>
  <EpisodeNumber>29</EpisodeNumber>
  <FirstAired>1988-02-03</FirstAired>
  <GuestStars></GuestStars>
  <IMDB_ID></IMDB_ID>
  <Language>en</Language>
  <Overview>Jem is very confused and insists they go home, but Riot wants to see her again and she can't say no to him.  She returns to Starlight Mansion to find the Holograms (particularly Aja) concerned about her behavior around Riot.  Rio is jealous when Jem tells him how Riot likes her mysterious identity and the two have a fight.  It's cut short by the arrival of the Stingers, who are taking Jerrica up on her offer to stay at Starlight Mansion.
Pizzazz, who allowed Minx and Rapture to make a fool out of her so that she could win Riot back from Jem, is crushed to discover in the morning the Stingers have left.  The other Misfits vote that Pizzazz must start acting normal again or be kicked out of the group.  Pizzazz is too intent on getting Riot back to care and promises to help Eric win the Stingers over to his company.
The Stingers aren't acting very nicely over at Starlight Mansion - they are rude to the Starlight Girls, push Aja, Shana, and Raya into the pool, and virtually ignore Jerrica.</Overview>
  <ProductionCode>054</ProductionCode>
  <Rating></Rating>
  <RatingCount>0</RatingCount>
  <SeasonNumber>3</SeasonNumber>
  <Writer></Writer>
  <absolute_number></absolute_number>
  <filename>episodes/78306/279745.jpg</filename>
  <lastupdated>1330663497</lastupdated>
  <seasonid>14734</seasonid>
  <seriesid>78306</seriesid>
</Episode>
<Episode>
  <id>279746</id>
  <Combined_episodenumber>30</Combined_episodenumber>
  <Combined_season>3</Combined_season>
  <DVD_chapter></DVD_chapter>
  <DVD_discid></DVD_discid>
  <DVD_episodenumber></DVD_episodenumber>
  <DVD_season></DVD_season>
  <Director></Director>
  <EpImgFlag>1</EpImgFlag>
  <EpisodeName>Video Wars</EpisodeName>
  <EpisodeNumber>30</EpisodeNumber>
  <FirstAired>1988-02-26</FirstAired>
  <GuestStars></GuestStars>
  <IMDB_ID></IMDB_ID>
  <Language>en</Language>
  <Overview>Clash pretends to be a film student and gets Jem and the Holograms to let her film a documentary about them so she can convince Pizzaz she's good enough to be a Misfit.</Overview>
  <ProductionCode>064</ProductionCode>
  <Rating></Rating>
  <RatingCount>0</RatingCount>
  <SeasonNumber>3</SeasonNumber>
  <Writer></Writer>
  <absolute_number></absolute_number>
  <filename>episodes/78306/279746.jpg</filename>
  <lastupdated>1330663508</lastupdated>
  <seasonid>14734</seasonid>
  <seriesid>78306</seriesid>
</Episode>
<Episode>
  <id>279747</id>
  <Combined_episodenumber>31</Combined_episodenumber>
  <Combined_season>3</Combined_season>
  <DVD_chapter></DVD_chapter>
  <DVD_discid></DVD_discid>
  <DVD_episodenumber></DVD_episodenumber>
  <DVD_season></DVD_season>
  <Director></Director>
  <EpImgFlag>1</EpImgFlag>
  <EpisodeName>Beauty and the Rock Promoter</EpisodeName>
  <EpisodeNumber>31</EpisodeNumber>
  <FirstAired>1988-02-04</FirstAired>
  <GuestStars></GuestStars>
  <IMDB_ID></IMDB_ID>
  <Language>en</Language>
  <Overview>Red Johnny Mac gets Jem and the Holograms to star in a rock version of &quot;&quot;Beauty and The Beast&quot;&quot;. Jem becomes obessesed with the beast and her role and is so exausted that she is put on bed rest. The Misfits have to now take over for them.</Overview>
  <ProductionCode>055</ProductionCode>
  <Rating></Rating>
  <RatingCount>0</RatingCount>
  <SeasonNumber>3</SeasonNumber>
  <Writer></Writer>
  <absolute_number></absolute_number>
  <filename>episodes/78306/279747.jpg</filename>
  <lastupdated>1330663519</lastupdated>
  <seasonid>14734</seasonid>
  <seriesid>78306</seriesid>
</Episode>
<Episode>
  <id>279748</id>
  <Combined_episodenumber>32</Combined_episodenumber>
  <Combined_season>3</Combined_season>
  <DVD_chapter></DVD_chapter>
  <DVD_discid></DVD_discid>
  <DVD_episodenumber></DVD_episodenumber>
  <DVD_season></DVD_season>
  <Director></Director>
  <EpImgFlag>1</EpImgFlag>
  <EpisodeName>Homeland, Heartland</EpisodeName>
  <EpisodeNumber>32</EpisodeNumber>
  <FirstAired>1988-02-05</FirstAired>
  <GuestStars></GuestStars>
  <IMDB_ID></IMDB_ID>
  <Language>en</Language>
  <Overview>Jem and the Holograms travel to Zagreb, Yugoslavia to shoot a music video and help Danse search for her mother. They visit the Zagreb Ballet where her mother was a ballerina and find a conrolling director, Victor Krosach, whose obsession with Nadia may keep Danse from leaving the country.</Overview>
  <ProductionCode>056</ProductionCode>
  <Rating></Rating>
  <RatingCount>0</RatingCount>
  <SeasonNumber>3</SeasonNumber>
  <Writer></Writer>
  <absolute_number></absolute_number>
  <filename>episodes/78306/279748.jpg</filename>
  <lastupdated>1330663529</lastupdated>
  <seasonid>14734</seasonid>
  <seriesid>78306</seriesid>
</Episode>
<Episode>
  <id>279749</id>
  <Combined_episodenumber>33</Combined_episodenumber>
  <Combined_season>3</Combined_season>
  <DVD_chapter></DVD_chapter>
  <DVD_discid></DVD_discid>
  <DVD_episodenumber></DVD_episodenumber>
  <DVD_season></DVD_season>
  <Director></Director>
  <EpImgFlag>1</EpImgFlag>
  <EpisodeName>Midsummer Night's Madness</EpisodeName>
  <EpisodeNumber>33</EpisodeNumber>
  <FirstAired>1988-02-08</FirstAired>
  <GuestStars></GuestStars>
  <IMDB_ID></IMDB_ID>
  <Language>en</Language>
  <Overview>Jem and the Holograms and the Stingers go to Greece to play in a music festival. Jerrica and Rio have a fight, and thanks to advice from an Oracle, she creates a new identity. When Rio falls for her new identity, she thinks it means he was never truly loyal to Jerrica in the first place. Meanwhile, Riot tries to make Rio jealous by flirting with Jerrica. </Overview>
  <ProductionCode>057</ProductionCode>
  <Rating></Rating>
  <RatingCount>0</RatingCount>
  <SeasonNumber>3</SeasonNumber>
  <Writer></Writer>
  <absolute_number></absolute_number>
  <filename>episodes/78306/279749.jpg</filename>
  <lastupdated>1330663541</lastupdated>
  <seasonid>14734</seasonid>
  <seriesid>78306</seriesid>
</Episode>
<Episode>
  <id>279750</id>
  <Combined_episodenumber>34</Combined_episodenumber>
  <Combined_season>3</Combined_season>
  <DVD_chapter></DVD_chapter>
  <DVD_discid></DVD_discid>
  <DVD_episodenumber></DVD_episodenumber>
  <DVD_season></DVD_season>
  <Director></Director>
  <EpImgFlag>1</EpImgFlag>
  <EpisodeName>The Day the Music Died</EpisodeName>
  <EpisodeNumber>34</EpisodeNumber>
  <FirstAired>1988-02-24</FirstAired>
  <GuestStars></GuestStars>
  <IMDB_ID></IMDB_ID>
  <Language>en</Language>
  <Overview>After Jem disappears with Riot to Mexico all hell breaks loose when Pizzazz and the other Misfits take over Starlight Music and Starlight Foundation.  The Holograms and the remaining members of The Stingers, Rapture &amp; Minx, join the Misfits to make a mega-group.  Rio, the Holograms and the Stingers decide to try and track down their friends, who by now, after a boating accident, are stuck on a deserted island. They are found and go back to the states.   When Jerrica returns, Pizzazz (who is at her wits end - the Starlight girls have totally run riot) hands over Starlight Music and Starlight House back to her.  Alls right with the world after this and everything goes back to normal.</Overview>
  <ProductionCode>063</ProductionCode>
  <Rating></Rating>
  <RatingCount>0</RatingCount>
  <SeasonNumber>3</SeasonNumber>
  <Writer></Writer>
  <absolute_number></absolute_number>
  <filename>episodes/78306/279750.jpg</filename>
  <lastupdated>1330663553</lastupdated>
  <seasonid>14734</seasonid>
  <seriesid>78306</seriesid>
</Episode>
<Episode>
  <id>279751</id>
  <Combined_episodenumber>35</Combined_episodenumber>
  <Combined_season>3</Combined_season>
  <DVD_chapter></DVD_chapter>
  <DVD_discid></DVD_discid>
  <DVD_episodenumber></DVD_episodenumber>
  <DVD_season></DVD_season>
  <Director></Director>
  <EpImgFlag>1</EpImgFlag>
  <EpisodeName>That Old Houdini Magic</EpisodeName>
  <EpisodeNumber>35</EpisodeNumber>
  <FirstAired>1988-02-17</FirstAired>
  <GuestStars></GuestStars>
  <IMDB_ID></IMDB_ID>
  <Language>en</Language>
  <Overview>In order to get the Stingers onto the bill of a certain concert, Rapture cons the superstitious arranger into thinking she is possessed by the spirit of famous magician Houdini. </Overview>
  <ProductionCode>060</ProductionCode>
  <Rating></Rating>
  <RatingCount>0</RatingCount>
  <SeasonNumber>3</SeasonNumber>
  <Writer></Writer>
  <absolute_number></absolute_number>
  <filename>episodes/78306/279751.jpg</filename>
  <lastupdated>1330663562</lastupdated>
  <seasonid>14734</seasonid>
  <seriesid>78306</seriesid>
</Episode>
<Episode>
  <id>279752</id>
  <Combined_episodenumber>36</Combined_episodenumber>
  <Combined_season>3</Combined_season>
  <DVD_chapter></DVD_chapter>
  <DVD_discid></DVD_discid>
  <DVD_episodenumber></DVD_episodenumber>
  <DVD_season></DVD_season>
  <Director></Director>
  <EpImgFlag>1</EpImgFlag>
  <EpisodeName>Straight from the Heart</EpisodeName>
  <EpisodeNumber>36</EpisodeNumber>
  <FirstAired>1988-02-15</FirstAired>
  <GuestStars></GuestStars>
  <IMDB_ID></IMDB_ID>
  <Language>en</Language>
  <Overview>A new fashion designer, Regine Cesare comes to town and decides whether her loyalties lie with the Holograms or the Stingers. </Overview>
  <ProductionCode>059</ProductionCode>
  <Rating></Rating>
  <RatingCount>0</RatingCount>
  <SeasonNumber>3</SeasonNumber>
  <Writer></Writer>
  <absolute_number></absolute_number>
  <filename>episodes/78306/279752.jpg</filename>
  <lastupdated>1330663575</lastupdated>
  <seasonid>14734</seasonid>
  <seriesid>78306</seriesid>
</Episode>
<Episode>
  <id>279753</id>
  <Combined_episodenumber>37</Combined_episodenumber>
  <Combined_season>3</Combined_season>
  <DVD_chapter></DVD_chapter>
  <DVD_discid></DVD_discid>
  <DVD_episodenumber></DVD_episodenumber>
  <DVD_season></DVD_season>
  <Director></Director>
  <EpImgFlag>1</EpImgFlag>
  <EpisodeName>A Change of Heart</EpisodeName>
  <EpisodeNumber>37</EpisodeNumber>
  <FirstAired>1988-02-18</FirstAired>
  <GuestStars></GuestStars>
  <IMDB_ID></IMDB_ID>
  <Language>en</Language>
  <Overview>Minx decides to step up her pursuit of Rio by helping him design a synthesizer.  While he's grateful for the help, he makes it clear he's not interested and the two separate in a huff.  This changes when Minx gets caught in a dangerous current at the beach and Rio dives in to save her.  Minx is so grateful that she vows she's going to change her ways.  She becomes nice yet insecure, offering her help to Rio, the Holograms, and the Starlight Girls after Riot and Rapture kick her out for acting strangely.  But her efforts to help only disrupt everyone's lives and they are forced to tell her to back off.  Minx becomes so offended that she reverts to her old self - she throws the synth she built for Rio out the window, shoots everyone with a squirt gun, and rejoins the Stingers.  Rio and the Holograms hope that at least part of this experience will stick with Minx, but based on her attitude at the Stingers' next concert it doesn't look like that's going to happen.</Overview>
  <ProductionCode>061</ProductionCode>
  <Rating></Rating>
  <RatingCount>0</RatingCount>
  <SeasonNumber>3</SeasonNumber>
  <Writer></Writer>
  <absolute_number></absolute_number>
  <filename>episodes/78306/279753.jpg</filename>
  <lastupdated>1330663587</lastupdated>
  <seasonid>14734</seasonid>
  <seriesid>78306</seriesid>
</Episode>
<Episode>
  <id>279754</id>
  <Combined_episodenumber>38</Combined_episodenumber>
  <Combined_season>3</Combined_season>
  <DVD_chapter></DVD_chapter>
  <DVD_discid></DVD_discid>
  <DVD_episodenumber></DVD_episodenumber>
  <DVD_season></DVD_season>
  <Director></Director>
  <EpImgFlag>1</EpImgFlag>
  <EpisodeName>Riot's Hope</EpisodeName>
  <EpisodeNumber>38</EpisodeNumber>
  <FirstAired>1988-02-11</FirstAired>
  <GuestStars></GuestStars>
  <IMDB_ID></IMDB_ID>
  <Language>en</Language>
  <Overview>Riot and his father don't get along. Can they put their differences aside when Riot's mother gets sick suddenly? </Overview>
  <ProductionCode>058</ProductionCode>
  <Rating></Rating>
  <RatingCount>0</RatingCount>
  <SeasonNumber>3</SeasonNumber>
  <Writer></Writer>
  <absolute_number></absolute_number>
  <filename>episodes/78306/279754.jpg</filename>
  <lastupdated>1330663597</lastupdated>
  <seasonid>14734</seasonid>
  <seriesid>78306</seriesid>
</Episode>
<Episode>
  <id>279755</id>
  <Combined_episodenumber>39</Combined_episodenumber>
  <Combined_season>3</Combined_season>
  <DVD_chapter></DVD_chapter>
  <DVD_discid></DVD_discid>
  <DVD_episodenumber></DVD_episodenumber>
  <DVD_season></DVD_season>
  <Director></Director>
  <EpImgFlag>1</EpImgFlag>
  <EpisodeName>A Father Should Be...</EpisodeName>
  <EpisodeNumber>39</EpisodeNumber>
  <FirstAired>1988-05-02</FirstAired>
  <GuestStars></GuestStars>
  <IMDB_ID></IMDB_ID>
  <Language>en</Language>
  <Overview>Ba Nee's depression over missing her father is growing steadily worse. Using Riot's army contacts, Jerrica and the others track down the three men who could potentially be her father. One man, an amnesiac sees this investigation as a chance to learn more about his past. A gambler sees this as a ready opportunity to make some cash off of these famous celebrities. </Overview>
  <ProductionCode>065</ProductionCode>
  <Rating></Rating>
  <RatingCount>0</RatingCount>
  <SeasonNumber>3</SeasonNumber>
  <Writer></Writer>
  <absolute_number></absolute_number>
  <filename>episodes/78306/279755.jpg</filename>
  <lastupdated>1330663612</lastupdated>
  <seasonid>14734</seasonid>
  <seriesid>78306</seriesid>
</Episode>
</Data>