<?xml version="1.0" encoding="UTF-8" ?>
<Actors>
<Actor>
  <id>110561</id>
  <Image>actors/110561.jpg</Image>
  <Name>Matthew Bomer</Name>
  <Role>Neal Caffrey</Role>
  <SortOrder>0</SortOrder>
</Actor>
<Actor>
  <id>119611</id>
  <Image>actors/119611.jpg</Image>
  <Name>Tim DeKay</Name>
  <Role>Peter Burke</Role>
  <SortOrder>1</SortOrder>
</Actor>
<Actor>
  <id>119601</id>
  <Image>actors/119601.jpg</Image>
  <Name>Willie Garson</Name>
  <Role>Mozzie</Role>
  <SortOrder>2</SortOrder>
</Actor>
<Actor>
  <id>281541</id>
  <Image>actors/281541.jpg</Image>
  <Name>Hilarie Burton</Name>
  <Role>Sara Ellis</Role>
  <SortOrder>3</SortOrder>
</Actor>
<Actor>
  <id>281511</id>
  <Image>actors/281511.jpg</Image>
  <Name>Sharif Atkins</Name>
  <Role>Clinton Jones</Role>
  <SortOrder>3</SortOrder>
</Actor>
<Actor>
  <id>181221</id>
  <Image>actors/181221.jpg</Image>
  <Name>Marsha Thomason</Name>
  <Role>Diana</Role>
  <SortOrder>3</SortOrder>
</Actor>
<Actor>
  <id>110571</id>
  <Image>actors/110571.jpg</Image>
  <Name>Tiffani Thiessen</Name>
  <Role>Elizabeth Burke</Role>
  <SortOrder>3</SortOrder>
</Actor>
</Actors>