<?xml version="1.0" encoding="UTF-8" ?>
<Banners>
<Banner>
  <id>267621</id>
  <BannerPath>fanart/original/108611-10.jpg</BannerPath>
  <BannerType>fanart</BannerType>
  <BannerType2>1920x1080</BannerType2>
  <Colors></Colors>
  <Language>en</Language>
  <Rating>9.0000</Rating>
  <RatingCount>1</RatingCount>
  <SeriesName>false</SeriesName>
  <ThumbnailPath>_cache/fanart/original/108611-10.jpg</ThumbnailPath>
  <VignettePath>fanart/vignette/108611-10.jpg</VignettePath>
</Banner>
<Banner>
  <id>267151</id>
  <BannerPath>fanart/original/108611-7.jpg</BannerPath>
  <BannerType>fanart</BannerType>
  <BannerType2>1920x1080</BannerType2>
  <Colors>|241,242,247|29,39,51|1,7,85|</Colors>
  <Language>en</Language>
  <Rating>8.3571</Rating>
  <RatingCount>14</RatingCount>
  <SeriesName>false</SeriesName>
  <ThumbnailPath>_cache/fanart/original/108611-7.jpg</ThumbnailPath>
  <VignettePath>fanart/vignette/108611-7.jpg</VignettePath>
</Banner>
<Banner>
  <id>861429</id>
  <BannerPath>fanart/original/108611-29.jpg</BannerPath>
  <BannerType>fanart</BannerType>
  <BannerType2>1920x1080</BannerType2>
  <Colors>|134,43,42|34,34,44|18,29,49|</Colors>
  <Language>de</Language>
  <Rating>8.2000</Rating>
  <RatingCount>10</RatingCount>
  <SeriesName>false</SeriesName>
  <ThumbnailPath>_cache/fanart/original/108611-29.jpg</ThumbnailPath>
  <VignettePath>fanart/vignette/108611-29.jpg</VignettePath>
</Banner>
<Banner>
  <id>210491</id>
  <BannerPath>fanart/original/108611-2.jpg</BannerPath>
  <BannerType>fanart</BannerType>
  <BannerType2>1920x1080</BannerType2>
  <Colors></Colors>
  <Language>de</Language>
  <Rating>8.2000</Rating>
  <RatingCount>5</RatingCount>
  <SeriesName>false</SeriesName>
  <ThumbnailPath>_cache/fanart/original/108611-2.jpg</ThumbnailPath>
  <VignettePath>fanart/vignette/108611-2.jpg</VignettePath>
</Banner>
<Banner>
  <id>341041</id>
  <BannerPath>fanart/original/108611-17.jpg</BannerPath>
  <BannerType>fanart</BannerType>
  <BannerType2>1280x720</BannerType2>
  <Colors></Colors>
  <Language>en</Language>
  <Rating>8.0000</Rating>
  <RatingCount>2</RatingCount>
  <SeriesName>true</SeriesName>
  <ThumbnailPath>_cache/fanart/original/108611-17.jpg</ThumbnailPath>
  <VignettePath>fanart/vignette/108611-17.jpg</VignettePath>
</Banner>
<Banner>
  <id>760771</id>
  <BannerPath>fanart/original/108611-26.jpg</BannerPath>
  <BannerType>fanart</BannerType>
  <BannerType2>1920x1080</BannerType2>
  <Colors></Colors>
  <Language>en</Language>
  <Rating>8.0000</Rating>
  <RatingCount>1</RatingCount>
  <SeriesName>false</SeriesName>
  <ThumbnailPath>_cache/fanart/original/108611-26.jpg</ThumbnailPath>
  <VignettePath>fanart/vignette/108611-26.jpg</VignettePath>
</Banner>
<Banner>
  <id>255301</id>
  <BannerPath>fanart/original/108611-4.jpg</BannerPath>
  <BannerType>fanart</BannerType>
  <BannerType2>1280x720</BannerType2>
  <Colors></Colors>
  <Language>en</Language>
  <Rating>8.0000</Rating>
  <RatingCount>2</RatingCount>
  <SeriesName>false</SeriesName>
  <ThumbnailPath>_cache/fanart/original/108611-4.jpg</ThumbnailPath>
  <VignettePath>fanart/vignette/108611-4.jpg</VignettePath>
</Banner>
<Banner>
  <id>341011</id>
  <BannerPath>fanart/original/108611-14.jpg</BannerPath>
  <BannerType>fanart</BannerType>
  <BannerType2>1280x720</BannerType2>
  <Colors></Colors>
  <Language>en</Language>
  <Rating>8.0000</Rating>
  <RatingCount>1</RatingCount>
  <SeriesName>false</SeriesName>
  <ThumbnailPath>_cache/fanart/original/108611-14.jpg</ThumbnailPath>
  <VignettePath>fanart/vignette/108611-14.jpg</VignettePath>
</Banner>
<Banner>
  <id>861822</id>
  <BannerPath>fanart/original/108611-34.jpg</BannerPath>
  <BannerType>fanart</BannerType>
  <BannerType2>1920x1080</BannerType2>
  <Colors></Colors>
  <Language>en</Language>
  <Rating>8.0000</Rating>
  <RatingCount>1</RatingCount>
  <SeriesName>false</SeriesName>
  <ThumbnailPath>_cache/fanart/original/108611-34.jpg</ThumbnailPath>
  <VignettePath>fanart/vignette/108611-34.jpg</VignettePath>
</Banner>
<Banner>
  <id>341031</id>
  <BannerPath>fanart/original/108611-16.jpg</BannerPath>
  <BannerType>fanart</BannerType>
  <BannerType2>1280x720</BannerType2>
  <Colors></Colors>
  <Language>en</Language>
  <Rating>8.0000</Rating>
  <RatingCount>1</RatingCount>
  <SeriesName>true</SeriesName>
  <ThumbnailPath>_cache/fanart/original/108611-16.jpg</ThumbnailPath>
  <VignettePath>fanart/vignette/108611-16.jpg</VignettePath>
</Banner>
<Banner>
  <id>341001</id>
  <BannerPath>fanart/original/108611-13.jpg</BannerPath>
  <BannerType>fanart</BannerType>
  <BannerType2>1280x720</BannerType2>
  <Colors></Colors>
  <Language>en</Language>
  <Rating>8.0000</Rating>
  <RatingCount>1</RatingCount>
  <SeriesName>false</SeriesName>
  <ThumbnailPath>_cache/fanart/original/108611-13.jpg</ThumbnailPath>
  <VignettePath>fanart/vignette/108611-13.jpg</VignettePath>
</Banner>
<Banner>
  <id>267161</id>
  <BannerPath>fanart/original/108611-8.jpg</BannerPath>
  <BannerType>fanart</BannerType>
  <BannerType2>1280x720</BannerType2>
  <Colors></Colors>
  <Language>en</Language>
  <Rating>7.0000</Rating>
  <RatingCount>4</RatingCount>
  <SeriesName>false</SeriesName>
  <ThumbnailPath>_cache/fanart/original/108611-8.jpg</ThumbnailPath>
  <VignettePath>fanart/vignette/108611-8.jpg</VignettePath>
</Banner>
<Banner>
  <id>210501</id>
  <BannerPath>fanart/original/108611-3.jpg</BannerPath>
  <BannerType>fanart</BannerType>
  <BannerType2>1920x1080</BannerType2>
  <Colors>|216,216,208|0,40,151|190,130,96|</Colors>
  <Language>de</Language>
  <Rating>6.7500</Rating>
  <RatingCount>4</RatingCount>
  <SeriesName>false</SeriesName>
  <ThumbnailPath>_cache/fanart/original/108611-3.jpg</ThumbnailPath>
  <VignettePath>fanart/vignette/108611-3.jpg</VignettePath>
</Banner>
<Banner>
  <id>861980</id>
  <BannerPath>fanart/original/108611-33.jpg</BannerPath>
  <BannerType>fanart</BannerType>
  <BannerType2>1920x1080</BannerType2>
  <Colors></Colors>
  <Language>en</Language>
  <Rating>6.6667</Rating>
  <RatingCount>3</RatingCount>
  <SeriesName>false</SeriesName>
  <ThumbnailPath>_cache/fanart/original/108611-33.jpg</ThumbnailPath>
  <VignettePath>fanart/vignette/108611-33.jpg</VignettePath>
</Banner>
<Banner>
  <id>861978</id>
  <BannerPath>fanart/original/108611-30.jpg</BannerPath>
  <BannerType>fanart</BannerType>
  <BannerType2>1920x1080</BannerType2>
  <Colors>|113,123,159|44,43,48|197,137,129|</Colors>
  <Language>en</Language>
  <Rating>6.3333</Rating>
  <RatingCount>3</RatingCount>
  <SeriesName>false</SeriesName>
  <ThumbnailPath>_cache/fanart/original/108611-30.jpg</ThumbnailPath>
  <VignettePath>fanart/vignette/108611-30.jpg</VignettePath>
</Banner>
<Banner>
  <id>546171</id>
  <BannerPath>fanart/original/108611-23.jpg</BannerPath>
  <BannerType>fanart</BannerType>
  <BannerType2>1920x1080</BannerType2>
  <Colors></Colors>
  <Language>en</Language>
  <Rating>6.0000</Rating>
  <RatingCount>3</RatingCount>
  <SeriesName>false</SeriesName>
  <ThumbnailPath>_cache/fanart/original/108611-23.jpg</ThumbnailPath>
  <VignettePath>fanart/vignette/108611-23.jpg</VignettePath>
</Banner>
<Banner>
  <id>210481</id>
  <BannerPath>fanart/original/108611-1.jpg</BannerPath>
  <BannerType>fanart</BannerType>
  <BannerType2>1920x1080</BannerType2>
  <Colors></Colors>
  <Language>en</Language>
  <Rating>4.0000</Rating>
  <RatingCount>2</RatingCount>
  <SeriesName>false</SeriesName>
  <ThumbnailPath>_cache/fanart/original/108611-1.jpg</ThumbnailPath>
  <VignettePath>fanart/vignette/108611-1.jpg</VignettePath>
</Banner>
<Banner>
  <id>536901</id>
  <BannerPath>fanart/original/108611-22.jpg</BannerPath>
  <BannerType>fanart</BannerType>
  <BannerType2>1920x1080</BannerType2>
  <Colors>|129,133,162|10,9,15|39,38,43|</Colors>
  <Language>fr</Language>
  <Rating></Rating>
  <RatingCount>0</RatingCount>
  <SeriesName>false</SeriesName>
  <ThumbnailPath>_cache/fanart/original/108611-22.jpg</ThumbnailPath>
  <VignettePath>fanart/vignette/108611-22.jpg</VignettePath>
</Banner>
<Banner>
  <id>760811</id>
  <BannerPath>fanart/original/108611-27.jpg</BannerPath>
  <BannerType>fanart</BannerType>
  <BannerType2>1920x1080</BannerType2>
  <Colors></Colors>
  <Language>en</Language>
  <Rating></Rating>
  <RatingCount>0</RatingCount>
  <SeriesName>false</SeriesName>
  <ThumbnailPath>_cache/fanart/original/108611-27.jpg</ThumbnailPath>
  <VignettePath>fanart/vignette/108611-27.jpg</VignettePath>
</Banner>
<Banner>
  <id>950230</id>
  <BannerPath>fanart/original/108611-28.jpg</BannerPath>
  <BannerType>fanart</BannerType>
  <BannerType2>1920x1080</BannerType2>
  <Colors></Colors>
  <Language>en</Language>
  <Rating></Rating>
  <RatingCount>0</RatingCount>
  <SeriesName>false</SeriesName>
  <ThumbnailPath>_cache/fanart/original/108611-28.jpg</ThumbnailPath>
  <VignettePath>fanart/vignette/108611-28.jpg</VignettePath>
</Banner>
<Banner>
  <id>341021</id>
  <BannerPath>fanart/original/108611-15.jpg</BannerPath>
  <BannerType>fanart</BannerType>
  <BannerType2>1280x720</BannerType2>
  <Colors></Colors>
  <Language>en</Language>
  <Rating></Rating>
  <RatingCount>0</RatingCount>
  <SeriesName>false</SeriesName>
  <ThumbnailPath>_cache/fanart/original/108611-15.jpg</ThumbnailPath>
  <VignettePath>fanart/vignette/108611-15.jpg</VignettePath>
</Banner>
<Banner>
  <id>255321</id>
  <BannerPath>fanart/original/108611-6.jpg</BannerPath>
  <BannerType>fanart</BannerType>
  <BannerType2>1280x720</BannerType2>
  <Colors></Colors>
  <Language>en</Language>
  <Rating></Rating>
  <RatingCount>0</RatingCount>
  <SeriesName>false</SeriesName>
  <ThumbnailPath>_cache/fanart/original/108611-6.jpg</ThumbnailPath>
  <VignettePath>fanart/vignette/108611-6.jpg</VignettePath>
</Banner>
<Banner>
  <id>255311</id>
  <BannerPath>fanart/original/108611-5.jpg</BannerPath>
  <BannerType>fanart</BannerType>
  <BannerType2>1280x720</BannerType2>
  <Colors></Colors>
  <Language>en</Language>
  <Rating></Rating>
  <RatingCount>0</RatingCount>
  <SeriesName>false</SeriesName>
  <ThumbnailPath>_cache/fanart/original/108611-5.jpg</ThumbnailPath>
  <VignettePath>fanart/vignette/108611-5.jpg</VignettePath>
</Banner>
<Banner>
  <id>370551</id>
  <BannerPath>fanart/original/108611-18.jpg</BannerPath>
  <BannerType>fanart</BannerType>
  <BannerType2>1920x1080</BannerType2>
  <Colors></Colors>
  <Language>de</Language>
  <Rating></Rating>
  <RatingCount>0</RatingCount>
  <SeriesName>false</SeriesName>
  <ThumbnailPath>_cache/fanart/original/108611-18.jpg</ThumbnailPath>
  <VignettePath>fanart/vignette/108611-18.jpg</VignettePath>
</Banner>
<Banner>
  <id>284421</id>
  <BannerPath>fanart/original/108611-11.jpg</BannerPath>
  <BannerType>fanart</BannerType>
  <BannerType2>1920x1080</BannerType2>
  <Colors></Colors>
  <Language>en</Language>
  <Rating></Rating>
  <RatingCount>0</RatingCount>
  <SeriesName>false</SeriesName>
  <ThumbnailPath>_cache/fanart/original/108611-11.jpg</ThumbnailPath>
  <VignettePath>fanart/vignette/108611-11.jpg</VignettePath>
</Banner>
<Banner>
  <id>534151</id>
  <BannerPath>fanart/original/108611-19.jpg</BannerPath>
  <BannerType>fanart</BannerType>
  <BannerType2>1920x1080</BannerType2>
  <Colors></Colors>
  <Language>en</Language>
  <Rating></Rating>
  <RatingCount>0</RatingCount>
  <SeriesName>false</SeriesName>
  <ThumbnailPath>_cache/fanart/original/108611-19.jpg</ThumbnailPath>
  <VignettePath>fanart/vignette/108611-19.jpg</VignettePath>
</Banner>
<Banner>
  <id>536891</id>
  <BannerPath>fanart/original/108611-21.jpg</BannerPath>
  <BannerType>fanart</BannerType>
  <BannerType2>1920x1080</BannerType2>
  <Colors></Colors>
  <Language>fr</Language>
  <Rating></Rating>
  <RatingCount>0</RatingCount>
  <SeriesName>false</SeriesName>
  <ThumbnailPath>_cache/fanart/original/108611-21.jpg</ThumbnailPath>
  <VignettePath>fanart/vignette/108611-21.jpg</VignettePath>
</Banner>
<Banner>
  <id>950205</id>
  <BannerPath>fanart/original/108611-25.jpg</BannerPath>
  <BannerType>fanart</BannerType>
  <BannerType2>1920x1080</BannerType2>
  <Colors></Colors>
  <Language>en</Language>
  <Rating></Rating>
  <RatingCount>0</RatingCount>
  <SeriesName>false</SeriesName>
  <ThumbnailPath>_cache/fanart/original/108611-25.jpg</ThumbnailPath>
  <VignettePath>fanart/vignette/108611-25.jpg</VignettePath>
</Banner>
<Banner>
  <id>923019</id>
  <BannerPath>fanart/original/108611-24.jpg</BannerPath>
  <BannerType>fanart</BannerType>
  <BannerType2>1280x720</BannerType2>
  <Colors></Colors>
  <Language>en</Language>
  <Rating></Rating>
  <RatingCount>0</RatingCount>
  <SeriesName>true</SeriesName>
  <ThumbnailPath>_cache/fanart/original/108611-24.jpg</ThumbnailPath>
  <VignettePath>fanart/vignette/108611-24.jpg</VignettePath>
</Banner>
<Banner>
  <id>267611</id>
  <BannerPath>fanart/original/108611-9.jpg</BannerPath>
  <BannerType>fanart</BannerType>
  <BannerType2>1920x1080</BannerType2>
  <Colors></Colors>
  <Language>en</Language>
  <Rating></Rating>
  <RatingCount>0</RatingCount>
  <SeriesName>false</SeriesName>
  <ThumbnailPath>_cache/fanart/original/108611-9.jpg</ThumbnailPath>
  <VignettePath>fanart/vignette/108611-9.jpg</VignettePath>
</Banner>
<Banner>
  <id>536881</id>
  <BannerPath>fanart/original/108611-20.jpg</BannerPath>
  <BannerType>fanart</BannerType>
  <BannerType2>1920x1080</BannerType2>
  <Colors></Colors>
  <Language>fr</Language>
  <Rating></Rating>
  <RatingCount>0</RatingCount>
  <SeriesName>false</SeriesName>
  <ThumbnailPath>_cache/fanart/original/108611-20.jpg</ThumbnailPath>
  <VignettePath>fanart/vignette/108611-20.jpg</VignettePath>
</Banner>
<Banner>
  <id>340991</id>
  <BannerPath>fanart/original/108611-12.jpg</BannerPath>
  <BannerType>fanart</BannerType>
  <BannerType2>1280x720</BannerType2>
  <Colors></Colors>
  <Language>en</Language>
  <Rating></Rating>
  <RatingCount>0</RatingCount>
  <SeriesName>false</SeriesName>
  <ThumbnailPath>_cache/fanart/original/108611-12.jpg</ThumbnailPath>
  <VignettePath>fanart/vignette/108611-12.jpg</VignettePath>
</Banner>
<Banner>
  <id>929923</id>
  <BannerPath>posters/108611-1.jpg</BannerPath>
  <BannerType>poster</BannerType>
  <BannerType2>680x1000</BannerType2>
  <Language>en</Language>
  <Rating>9.3333</Rating>
  <RatingCount>3</RatingCount>
</Banner>
<Banner>
  <id>904215</id>
  <BannerPath>posters/108611-8.jpg</BannerPath>
  <BannerType>poster</BannerType>
  <BannerType2>680x1000</BannerType2>
  <Language>en</Language>
  <Rating>8.2500</Rating>
  <RatingCount>4</RatingCount>
</Banner>
<Banner>
  <id>619661</id>
  <BannerPath>posters/108611-3.jpg</BannerPath>
  <BannerType>poster</BannerType>
  <BannerType2>680x1000</BannerType2>
  <Language>en</Language>
  <Rating>7.8000</Rating>
  <RatingCount>5</RatingCount>
</Banner>
<Banner>
  <id>388581</id>
  <BannerPath>posters/108611-2.jpg</BannerPath>
  <BannerType>poster</BannerType>
  <BannerType2>680x1000</BannerType2>
  <Language>en</Language>
  <Rating>7.7273</Rating>
  <RatingCount>11</RatingCount>
</Banner>
<Banner>
  <id>740041</id>
  <BannerPath>posters/108611-4.jpg</BannerPath>
  <BannerType>poster</BannerType>
  <BannerType2>680x1000</BannerType2>
  <Language>en</Language>
  <Rating>6.8000</Rating>
  <RatingCount>10</RatingCount>
</Banner>
<Banner>
  <id>909769</id>
  <BannerPath>posters/108611-9.jpg</BannerPath>
  <BannerType>poster</BannerType>
  <BannerType2>680x1000</BannerType2>
  <Language>en</Language>
  <Rating>5.5000</Rating>
  <RatingCount>4</RatingCount>
</Banner>
<Banner>
  <id>870918</id>
  <BannerPath>posters/108611-6.jpg</BannerPath>
  <BannerType>poster</BannerType>
  <BannerType2>680x1000</BannerType2>
  <Language>en</Language>
  <Rating>4.3333</Rating>
  <RatingCount>3</RatingCount>
</Banner>
<Banner>
  <id>891543</id>
  <BannerPath>posters/108611-7.jpg</BannerPath>
  <BannerType>poster</BannerType>
  <BannerType2>680x1000</BannerType2>
  <Language>en</Language>
  <Rating>1.0000</Rating>
  <RatingCount>2</RatingCount>
</Banner>
<Banner>
  <id>869808</id>
  <BannerPath>posters/108611-5.jpg</BannerPath>
  <BannerType>poster</BannerType>
  <BannerType2>680x1000</BannerType2>
  <Language>en</Language>
  <Rating>1.0000</Rating>
  <RatingCount>1</RatingCount>
</Banner>
<Banner>
  <id>874614</id>
  <BannerPath>seasons/108611-3-2.jpg</BannerPath>
  <BannerType>season</BannerType>
  <BannerType2>season</BannerType2>
  <Language>en</Language>
  <Rating>10.0000</Rating>
  <RatingCount>3</RatingCount>
  <Season>3</Season>
</Banner>
<Banner>
  <id>526801</id>
  <BannerPath>seasons/108611-2.jpg</BannerPath>
  <BannerType>season</BannerType>
  <BannerType2>season</BannerType2>
  <Language>en</Language>
  <Rating>10.0000</Rating>
  <RatingCount>3</RatingCount>
  <Season>2</Season>
</Banner>
<Banner>
  <id>917314</id>
  <BannerPath>seasons/108611-1-4.jpg</BannerPath>
  <BannerType>season</BannerType>
  <BannerType2>season</BannerType2>
  <Language>en</Language>
  <Rating>10.0000</Rating>
  <RatingCount>1</RatingCount>
  <Season>1</Season>
</Banner>
<Banner>
  <id>913344</id>
  <BannerPath>seasons/108611-4.jpg</BannerPath>
  <BannerType>season</BannerType>
  <BannerType2>season</BannerType2>
  <Language>en</Language>
  <Rating>10.0000</Rating>
  <RatingCount>2</RatingCount>
  <Season>4</Season>
</Banner>
<Banner>
  <id>860267</id>
  <BannerPath>seasons/108611-2-2.jpg</BannerPath>
  <BannerType>season</BannerType>
  <BannerType2>season</BannerType2>
  <Language>en</Language>
  <Rating>8.0000</Rating>
  <RatingCount>5</RatingCount>
  <Season>2</Season>
</Banner>
<Banner>
  <id>902521</id>
  <BannerPath>seasons/108611-3-4.jpg</BannerPath>
  <BannerType>season</BannerType>
  <BannerType2>season</BannerType2>
  <Language>en</Language>
  <Rating>7.7500</Rating>
  <RatingCount>4</RatingCount>
  <Season>3</Season>
</Banner>
<Banner>
  <id>520031</id>
  <BannerPath>seasons/108611-1-2.jpg</BannerPath>
  <BannerType>season</BannerType>
  <BannerType2>season</BannerType2>
  <Language>en</Language>
  <Rating>7.6667</Rating>
  <RatingCount>3</RatingCount>
  <Season>1</Season>
</Banner>
<Banner>
  <id>265201</id>
  <BannerPath>seasons/108611-1.jpg</BannerPath>
  <BannerType>season</BannerType>
  <BannerType2>season</BannerType2>
  <Language>en</Language>
  <Rating>7.5000</Rating>
  <RatingCount>4</RatingCount>
  <Season>1</Season>
</Banner>
<Banner>
  <id>915859</id>
  <BannerPath>seasons/108611-4-2.jpg</BannerPath>
  <BannerType>season</BannerType>
  <BannerType2>season</BannerType2>
  <Language>en</Language>
  <Rating>7.5000</Rating>
  <RatingCount>2</RatingCount>
  <Season>4</Season>
</Banner>
<Banner>
  <id>909768</id>
  <BannerPath>seasons/108611-3-5.jpg</BannerPath>
  <BannerType>season</BannerType>
  <BannerType2>season</BannerType2>
  <Language>en</Language>
  <Rating>7.0000</Rating>
  <RatingCount>3</RatingCount>
  <Season>3</Season>
</Banner>
<Banner>
  <id>917313</id>
  <BannerPath>seasons/108611-2-4.jpg</BannerPath>
  <BannerType>season</BannerType>
  <BannerType2>season</BannerType2>
  <Language>en</Language>
  <Rating>7.0000</Rating>
  <RatingCount>3</RatingCount>
  <Season>2</Season>
</Banner>
<Banner>
  <id>863913</id>
  <BannerPath>seasons/108611-3.jpg</BannerPath>
  <BannerType>season</BannerType>
  <BannerType2>season</BannerType2>
  <Language>en</Language>
  <Rating>6.0000</Rating>
  <RatingCount>1</RatingCount>
  <Season>3</Season>
</Banner>
<Banner>
  <id>896836</id>
  <BannerPath>seasons/108611-1-3.jpg</BannerPath>
  <BannerType>season</BannerType>
  <BannerType2>season</BannerType2>
  <Language>he</Language>
  <Rating>5.5000</Rating>
  <RatingCount>2</RatingCount>
  <Season>1</Season>
</Banner>
<Banner>
  <id>918493</id>
  <BannerPath>seasons/108611-4-3.jpg</BannerPath>
  <BannerType>season</BannerType>
  <BannerType2>season</BannerType2>
  <Language>he</Language>
  <Rating>5.5000</Rating>
  <RatingCount>2</RatingCount>
  <Season>4</Season>
</Banner>
<Banner>
  <id>896835</id>
  <BannerPath>seasons/108611-2-3.jpg</BannerPath>
  <BannerType>season</BannerType>
  <BannerType2>season</BannerType2>
  <Language>he</Language>
  <Rating>5.5000</Rating>
  <RatingCount>2</RatingCount>
  <Season>2</Season>
</Banner>
<Banner>
  <id>896833</id>
  <BannerPath>seasons/108611-3-3.jpg</BannerPath>
  <BannerType>season</BannerType>
  <BannerType2>season</BannerType2>
  <Language>he</Language>
  <Rating>4.3333</Rating>
  <RatingCount>3</RatingCount>
  <Season>3</Season>
</Banner>
<Banner>
  <id>927945</id>
  <BannerPath>seasons/108611-1-5.jpg</BannerPath>
  <BannerType>season</BannerType>
  <BannerType2>season</BannerType2>
  <Language>es</Language>
  <Rating></Rating>
  <RatingCount>0</RatingCount>
  <Season>1</Season>
</Banner>
<Banner>
  <id>916068</id>
  <BannerPath>seasons/108611-0.jpg</BannerPath>
  <BannerType>season</BannerType>
  <BannerType2>season</BannerType2>
  <Language>en</Language>
  <Rating></Rating>
  <RatingCount>0</RatingCount>
  <Season>0</Season>
</Banner>
<Banner>
  <id>901622</id>
  <BannerPath>seasonswide/108611-3.jpg</BannerPath>
  <BannerType>season</BannerType>
  <BannerType2>seasonwide</BannerType2>
  <Language>en</Language>
  <Rating>10.0000</Rating>
  <RatingCount>1</RatingCount>
  <Season>3</Season>
</Banner>
<Banner>
  <id>531551</id>
  <BannerPath>seasonswide/108611-2.jpg</BannerPath>
  <BannerType>season</BannerType>
  <BannerType2>seasonwide</BannerType2>
  <Language>en</Language>
  <Rating></Rating>
  <RatingCount>0</RatingCount>
  <Season>2</Season>
</Banner>
<Banner>
  <id>531541</id>
  <BannerPath>seasonswide/108611-1.jpg</BannerPath>
  <BannerType>season</BannerType>
  <BannerType2>seasonwide</BannerType2>
  <Language>en</Language>
  <Rating></Rating>
  <RatingCount>0</RatingCount>
  <Season>1</Season>
</Banner>
<Banner>
  <id>233071</id>
  <BannerPath>graphical/108611-g.jpg</BannerPath>
  <BannerType>series</BannerType>
  <BannerType2>graphical</BannerType2>
  <Language>en</Language>
  <Rating>7.2727</Rating>
  <RatingCount>11</RatingCount>
</Banner>
<Banner>
  <id>370561</id>
  <BannerPath>graphical/108611-g3.jpg</BannerPath>
  <BannerType>series</BannerType>
  <BannerType2>graphical</BannerType2>
  <Language>en</Language>
  <Rating>6.6667</Rating>
  <RatingCount>12</RatingCount>
</Banner>
<Banner>
  <id>862797</id>
  <BannerPath>graphical/108611-g4.jpg</BannerPath>
  <BannerType>series</BannerType>
  <BannerType2>graphical</BannerType2>
  <Language>en</Language>
  <Rating>5.8571</Rating>
  <RatingCount>7</RatingCount>
</Banner>
<Banner>
  <id>870910</id>
  <BannerPath>graphical/108611-g5.jpg</BannerPath>
  <BannerType>series</BannerType>
  <BannerType2>graphical</BannerType2>
  <Language>he</Language>
  <Rating>5.0000</Rating>
  <RatingCount>4</RatingCount>
</Banner>
<Banner>
  <id>271421</id>
  <BannerPath>graphical/108611-g2.jpg</BannerPath>
  <BannerType>series</BannerType>
  <BannerType2>graphical</BannerType2>
  <Language>en</Language>
  <Rating>5.0000</Rating>
  <RatingCount>7</RatingCount>
</Banner>
<Banner>
  <id>914273</id>
  <BannerPath>graphical/108611-g7.jpg</BannerPath>
  <BannerType>series</BannerType>
  <BannerType2>graphical</BannerType2>
  <Language>en</Language>
  <Rating>3.6667</Rating>
  <RatingCount>3</RatingCount>
</Banner>
<Banner>
  <id>870911</id>
  <BannerPath>graphical/108611-g6.jpg</BannerPath>
  <BannerType>series</BannerType>
  <BannerType2>graphical</BannerType2>
  <Language>he</Language>
  <Rating>1.0000</Rating>
  <RatingCount>1</RatingCount>
</Banner>
</Banners>