<?xml version="1.0" encoding="UTF-8" ?>
<Actors>
<Actor>
  <id>297610</id>
  <Image>actors/297610.jpg</Image>
  <Name>Rachel Nichols</Name>
  <Role>Kiera Cameron</Role>
  <SortOrder>0</SortOrder>
</Actor>
<Actor>
  <id>297612</id>
  <Image>actors/297612.jpg</Image>
  <Name>Victor Webster</Name>
  <Role>Carlos Fonnegra</Role>
  <SortOrder>1</SortOrder>
</Actor>
<Actor>
  <id>297611</id>
  <Image></Image>
  <Name>Erik Knudsen</Name>
  <Role>Alec Sadler</Role>
  <SortOrder>2</SortOrder>
</Actor>
<Actor>
  <id>301339</id>
  <Image>actors/301339.jpg</Image>
  <Name>Luvia Petersen</Name>
  <Role>Jasmine Garza</Role>
  <SortOrder>3</SortOrder>
</Actor>
<Actor>
  <id>301338</id>
  <Image>actors/301338.jpg</Image>
  <Name>Omari Newton</Name>
  <Role>Lucas Ingram</Role>
  <SortOrder>3</SortOrder>
</Actor>
<Actor>
  <id>301048</id>
  <Image>actors/301048.jpg</Image>
  <Name>Tony Amendola</Name>
  <Role>Edouard Kagame </Role>
  <SortOrder>3</SortOrder>
</Actor>
<Actor>
  <id>299178</id>
  <Image>actors/299178.jpg</Image>
  <Name>Roger R. Cross</Name>
  <Role>Travis Verta</Role>
  <SortOrder>3</SortOrder>
</Actor>
<Actor>
  <id>299158</id>
  <Image>actors/299158.jpg</Image>
  <Name>Richard Harmon</Name>
  <Role>Julian Randol</Role>
  <SortOrder>3</SortOrder>
</Actor>
<Actor>
  <id>299157</id>
  <Image>actors/299157.jpg</Image>
  <Name>Stephen Lobo</Name>
  <Role>Matthew Kellog</Role>
  <SortOrder>3</SortOrder>
</Actor>
<Actor>
  <id>299156</id>
  <Image>actors/299156.jpg</Image>
  <Name>Brian Markinson</Name>
  <Role>Dillon</Role>
  <SortOrder>3</SortOrder>
</Actor>
<Actor>
  <id>297867</id>
  <Image>actors/297867.jpg</Image>
  <Name>Lexa Doig</Name>
  <Role>Sonya Valentine</Role>
  <SortOrder>3</SortOrder>
</Actor>
<Actor>
  <id>297613</id>
  <Image></Image>
  <Name>Jennifer Spence</Name>
  <Role>Betty Robertson</Role>
  <SortOrder>3</SortOrder>
</Actor>
<Actor>
  <id>299159</id>
  <Image></Image>
  <Name>John Reardon</Name>
  <Role>Greg Cameron</Role>
  <SortOrder>3</SortOrder>
</Actor>
</Actors>