<?xml version="1.0" encoding="UTF-8" ?>
<Banners>
<Banner>
  <id>909361</id>
  <BannerPath>fanart/original/258171-4.jpg</BannerPath>
  <BannerType>fanart</BannerType>
  <BannerType2>1920x1080</BannerType2>
  <Colors>|70,70,68|22,22,22|203,176,167|</Colors>
  <Language>en</Language>
  <Rating>7.5833</Rating>
  <RatingCount>12</RatingCount>
  <SeriesName>false</SeriesName>
  <ThumbnailPath>_cache/fanart/original/258171-4.jpg</ThumbnailPath>
  <VignettePath>fanart/vignette/258171-4.jpg</VignettePath>
</Banner>
<Banner>
  <id>905158</id>
  <BannerPath>fanart/original/258171-2.jpg</BannerPath>
  <BannerType>fanart</BannerType>
  <BannerType2>1920x1080</BannerType2>
  <Colors>|151,156,160|39,7,18|145,115,81|</Colors>
  <Language>en</Language>
  <Rating>7.2500</Rating>
  <RatingCount>8</RatingCount>
  <SeriesName>false</SeriesName>
  <ThumbnailPath>_cache/fanart/original/258171-2.jpg</ThumbnailPath>
  <VignettePath>fanart/vignette/258171-2.jpg</VignettePath>
</Banner>
<Banner>
  <id>905332</id>
  <BannerPath>fanart/original/258171-3.jpg</BannerPath>
  <BannerType>fanart</BannerType>
  <BannerType2>1920x1080</BannerType2>
  <Colors>|117,122,128|60,41,26|92,93,97|</Colors>
  <Language>en</Language>
  <Rating>7.1429</Rating>
  <RatingCount>7</RatingCount>
  <SeriesName>false</SeriesName>
  <ThumbnailPath>_cache/fanart/original/258171-3.jpg</ThumbnailPath>
  <VignettePath>fanart/vignette/258171-3.jpg</VignettePath>
</Banner>
<Banner>
  <id>940836</id>
  <BannerPath>fanart/original/258171-10.jpg</BannerPath>
  <BannerType>fanart</BannerType>
  <BannerType2>1920x1080</BannerType2>
  <Colors></Colors>
  <Language>en</Language>
  <Rating>7.0000</Rating>
  <RatingCount>3</RatingCount>
  <SeriesName>false</SeriesName>
  <ThumbnailPath>_cache/fanart/original/258171-10.jpg</ThumbnailPath>
  <VignettePath>fanart/vignette/258171-10.jpg</VignettePath>
</Banner>
<Banner>
  <id>937032</id>
  <BannerPath>fanart/original/258171-9.jpg</BannerPath>
  <BannerType>fanart</BannerType>
  <BannerType2>1920x1080</BannerType2>
  <Colors></Colors>
  <Language>en</Language>
  <Rating>6.3333</Rating>
  <RatingCount>3</RatingCount>
  <SeriesName>false</SeriesName>
  <ThumbnailPath>_cache/fanart/original/258171-9.jpg</ThumbnailPath>
  <VignettePath>fanart/vignette/258171-9.jpg</VignettePath>
</Banner>
<Banner>
  <id>929244</id>
  <BannerPath>fanart/original/258171-7.jpg</BannerPath>
  <BannerType>fanart</BannerType>
  <BannerType2>1920x1080</BannerType2>
  <Colors></Colors>
  <Language>de</Language>
  <Rating>5.6667</Rating>
  <RatingCount>3</RatingCount>
  <SeriesName>false</SeriesName>
  <ThumbnailPath>_cache/fanart/original/258171-7.jpg</ThumbnailPath>
  <VignettePath>fanart/vignette/258171-7.jpg</VignettePath>
</Banner>
<Banner>
  <id>923906</id>
  <BannerPath>fanart/original/258171-6.jpg</BannerPath>
  <BannerType>fanart</BannerType>
  <BannerType2>1280x720</BannerType2>
  <Colors></Colors>
  <Language>en</Language>
  <Rating>5.5000</Rating>
  <RatingCount>2</RatingCount>
  <SeriesName>false</SeriesName>
  <ThumbnailPath>_cache/fanart/original/258171-6.jpg</ThumbnailPath>
  <VignettePath>fanart/vignette/258171-6.jpg</VignettePath>
</Banner>
<Banner>
  <id>923904</id>
  <BannerPath>fanart/original/258171-5.jpg</BannerPath>
  <BannerType>fanart</BannerType>
  <BannerType2>1280x720</BannerType2>
  <Colors></Colors>
  <Language>en</Language>
  <Rating>5.5000</Rating>
  <RatingCount>2</RatingCount>
  <SeriesName>false</SeriesName>
  <ThumbnailPath>_cache/fanart/original/258171-5.jpg</ThumbnailPath>
  <VignettePath>fanart/vignette/258171-5.jpg</VignettePath>
</Banner>
<Banner>
  <id>948386</id>
  <BannerPath>fanart/original/258171-11.jpg</BannerPath>
  <BannerType>fanart</BannerType>
  <BannerType2>1920x1080</BannerType2>
  <Colors></Colors>
  <Language>en</Language>
  <Rating>4.5000</Rating>
  <RatingCount>2</RatingCount>
  <SeriesName>false</SeriesName>
  <ThumbnailPath>_cache/fanart/original/258171-11.jpg</ThumbnailPath>
  <VignettePath>fanart/vignette/258171-11.jpg</VignettePath>
</Banner>
<Banner>
  <id>904918</id>
  <BannerPath>fanart/original/258171-1.jpg</BannerPath>
  <BannerType>fanart</BannerType>
  <BannerType2>1920x1080</BannerType2>
  <Colors></Colors>
  <Language>en</Language>
  <Rating>4.3750</Rating>
  <RatingCount>8</RatingCount>
  <SeriesName>false</SeriesName>
  <ThumbnailPath>_cache/fanart/original/258171-1.jpg</ThumbnailPath>
  <VignettePath>fanart/vignette/258171-1.jpg</VignettePath>
</Banner>
<Banner>
  <id>950895</id>
  <BannerPath>fanart/original/258171-14.jpg</BannerPath>
  <BannerType>fanart</BannerType>
  <BannerType2>1920x1080</BannerType2>
  <Colors></Colors>
  <Language>en</Language>
  <Rating></Rating>
  <RatingCount>0</RatingCount>
  <SeriesName>false</SeriesName>
  <ThumbnailPath>_cache/fanart/original/258171-14.jpg</ThumbnailPath>
  <VignettePath>fanart/vignette/258171-14.jpg</VignettePath>
</Banner>
<Banner>
  <id>950897</id>
  <BannerPath>fanart/original/258171-16.jpg</BannerPath>
  <BannerType>fanart</BannerType>
  <BannerType2>1920x1080</BannerType2>
  <Colors></Colors>
  <Language>en</Language>
  <Rating></Rating>
  <RatingCount>0</RatingCount>
  <SeriesName>false</SeriesName>
  <ThumbnailPath>_cache/fanart/original/258171-16.jpg</ThumbnailPath>
  <VignettePath>fanart/vignette/258171-16.jpg</VignettePath>
</Banner>
<Banner>
  <id>950896</id>
  <BannerPath>fanart/original/258171-15.jpg</BannerPath>
  <BannerType>fanart</BannerType>
  <BannerType2>1920x1080</BannerType2>
  <Colors></Colors>
  <Language>en</Language>
  <Rating></Rating>
  <RatingCount>0</RatingCount>
  <SeriesName>false</SeriesName>
  <ThumbnailPath>_cache/fanart/original/258171-15.jpg</ThumbnailPath>
  <VignettePath>fanart/vignette/258171-15.jpg</VignettePath>
</Banner>
<Banner>
  <id>950794</id>
  <BannerPath>fanart/original/258171-12.jpg</BannerPath>
  <BannerType>fanart</BannerType>
  <BannerType2>1920x1080</BannerType2>
  <Colors></Colors>
  <Language>en</Language>
  <Rating></Rating>
  <RatingCount>0</RatingCount>
  <SeriesName>true</SeriesName>
  <ThumbnailPath>_cache/fanart/original/258171-12.jpg</ThumbnailPath>
  <VignettePath>fanart/vignette/258171-12.jpg</VignettePath>
</Banner>
<Banner>
  <id>950894</id>
  <BannerPath>fanart/original/258171-13.jpg</BannerPath>
  <BannerType>fanart</BannerType>
  <BannerType2>1920x1080</BannerType2>
  <Colors></Colors>
  <Language>en</Language>
  <Rating></Rating>
  <RatingCount>0</RatingCount>
  <SeriesName>false</SeriesName>
  <ThumbnailPath>_cache/fanart/original/258171-13.jpg</ThumbnailPath>
  <VignettePath>fanart/vignette/258171-13.jpg</VignettePath>
</Banner>
<Banner>
  <id>937031</id>
  <BannerPath>fanart/original/258171-8.jpg</BannerPath>
  <BannerType>fanart</BannerType>
  <BannerType2>1920x1080</BannerType2>
  <Colors></Colors>
  <Language>en</Language>
  <Rating></Rating>
  <RatingCount>0</RatingCount>
  <SeriesName>false</SeriesName>
  <ThumbnailPath>_cache/fanart/original/258171-8.jpg</ThumbnailPath>
  <VignettePath>fanart/vignette/258171-8.jpg</VignettePath>
</Banner>
<Banner>
  <id>915404</id>
  <BannerPath>posters/258171-6.jpg</BannerPath>
  <BannerType>poster</BannerType>
  <BannerType2>680x1000</BannerType2>
  <Language>en</Language>
  <Rating>9.6250</Rating>
  <RatingCount>8</RatingCount>
</Banner>
<Banner>
  <id>923903</id>
  <BannerPath>posters/258171-8.jpg</BannerPath>
  <BannerType>poster</BannerType>
  <BannerType2>680x1000</BannerType2>
  <Language>en</Language>
  <Rating>9.0000</Rating>
  <RatingCount>2</RatingCount>
</Banner>
<Banner>
  <id>911333</id>
  <BannerPath>posters/258171-3.jpg</BannerPath>
  <BannerType>poster</BannerType>
  <BannerType2>680x1000</BannerType2>
  <Language>en</Language>
  <Rating>6.2000</Rating>
  <RatingCount>5</RatingCount>
</Banner>
<Banner>
  <id>905408</id>
  <BannerPath>posters/258171-1.jpg</BannerPath>
  <BannerType>poster</BannerType>
  <BannerType2>680x1000</BannerType2>
  <Language>en</Language>
  <Rating>6.0833</Rating>
  <RatingCount>12</RatingCount>
</Banner>
<Banner>
  <id>911979</id>
  <BannerPath>posters/258171-4.jpg</BannerPath>
  <BannerType>poster</BannerType>
  <BannerType2>680x1000</BannerType2>
  <Language>en</Language>
  <Rating>4.6000</Rating>
  <RatingCount>5</RatingCount>
</Banner>
<Banner>
  <id>910422</id>
  <BannerPath>seasons/258171-1.jpg</BannerPath>
  <BannerType>season</BannerType>
  <BannerType2>season</BannerType2>
  <Language>en</Language>
  <Rating>8.6667</Rating>
  <RatingCount>3</RatingCount>
  <Season>1</Season>
</Banner>
<Banner>
  <id>928532</id>
  <BannerPath>seasons/258171-1-5.jpg</BannerPath>
  <BannerType>season</BannerType>
  <BannerType2>season</BannerType2>
  <Language>en</Language>
  <Rating></Rating>
  <RatingCount>0</RatingCount>
  <Season>1</Season>
</Banner>
<Banner>
  <id>923901</id>
  <BannerPath>seasons/258171-1-4.jpg</BannerPath>
  <BannerType>season</BannerType>
  <BannerType2>season</BannerType2>
  <Language>en</Language>
  <Rating></Rating>
  <RatingCount>0</RatingCount>
  <Season>1</Season>
</Banner>
<Banner>
  <id>943460</id>
  <BannerPath>seasons/258171-1-7.jpg</BannerPath>
  <BannerType>season</BannerType>
  <BannerType2>season</BannerType2>
  <Language>en</Language>
  <Rating></Rating>
  <RatingCount>0</RatingCount>
  <Season>1</Season>
</Banner>
<Banner>
  <id>941690</id>
  <BannerPath>seasons/258171-1-6.jpg</BannerPath>
  <BannerType>season</BannerType>
  <BannerType2>season</BannerType2>
  <Language>en</Language>
  <Rating></Rating>
  <RatingCount>0</RatingCount>
  <Season>1</Season>
</Banner>
<Banner>
  <id>910808</id>
  <BannerPath>seasons/258171-1-2.jpg</BannerPath>
  <BannerType>season</BannerType>
  <BannerType2>season</BannerType2>
  <Language>en</Language>
  <Rating></Rating>
  <RatingCount>0</RatingCount>
  <Season>1</Season>
</Banner>
<Banner>
  <id>921770</id>
  <BannerPath>seasons/258171-1-3.jpg</BannerPath>
  <BannerType>season</BannerType>
  <BannerType2>season</BannerType2>
  <Language>ru</Language>
  <Rating></Rating>
  <RatingCount>0</RatingCount>
  <Season>1</Season>
</Banner>
<Banner>
  <id>949220</id>
  <BannerPath>graphical/258171-g9.jpg</BannerPath>
  <BannerType>series</BannerType>
  <BannerType2>graphical</BannerType2>
  <Language>en</Language>
  <Rating>10.0000</Rating>
  <RatingCount>1</RatingCount>
</Banner>
<Banner>
  <id>911897</id>
  <BannerPath>graphical/258171-g6.jpg</BannerPath>
  <BannerType>series</BannerType>
  <BannerType2>graphical</BannerType2>
  <Language>en</Language>
  <Rating>7.0000</Rating>
  <RatingCount>5</RatingCount>
</Banner>
<Banner>
  <id>910655</id>
  <BannerPath>graphical/258171-g2.jpg</BannerPath>
  <BannerType>series</BannerType>
  <BannerType2>graphical</BannerType2>
  <Language>en</Language>
  <Rating>6.4000</Rating>
  <RatingCount>5</RatingCount>
</Banner>
<Banner>
  <id>905124</id>
  <BannerPath>graphical/258171-g.jpg</BannerPath>
  <BannerType>series</BannerType>
  <BannerType2>graphical</BannerType2>
  <Language>en</Language>
  <Rating>5.8000</Rating>
  <RatingCount>5</RatingCount>
</Banner>
<Banner>
  <id>911978</id>
  <BannerPath>graphical/258171-g7.jpg</BannerPath>
  <BannerType>series</BannerType>
  <BannerType2>graphical</BannerType2>
  <Language>ru</Language>
  <Rating>5.5000</Rating>
  <RatingCount>2</RatingCount>
</Banner>
<Banner>
  <id>910642</id>
  <BannerPath>graphical/258171-g4.jpg</BannerPath>
  <BannerType>series</BannerType>
  <BannerType2>graphical</BannerType2>
  <Language>en</Language>
  <Rating>5.5000</Rating>
  <RatingCount>2</RatingCount>
</Banner>
<Banner>
  <id>944046</id>
  <BannerPath>graphical/258171-g8.jpg</BannerPath>
  <BannerType>series</BannerType>
  <BannerType2>graphical</BannerType2>
  <Language>en</Language>
  <Rating>5.5000</Rating>
  <RatingCount>2</RatingCount>
</Banner>
<Banner>
  <id>909279</id>
  <BannerPath>graphical/258171-g3.jpg</BannerPath>
  <BannerType>series</BannerType>
  <BannerType2>graphical</BannerType2>
  <Language>en</Language>
  <Rating>5.0000</Rating>
  <RatingCount>4</RatingCount>
</Banner>
<Banner>
  <id>910656</id>
  <BannerPath>graphical/258171-g5.jpg</BannerPath>
  <BannerType>series</BannerType>
  <BannerType2>graphical</BannerType2>
  <Language>en</Language>
  <Rating>5.0000</Rating>
  <RatingCount>5</RatingCount>
</Banner>
</Banners>