<?xml version="1.0" encoding="UTF-8" ?>
<Data><Series>
  <id>258171</id>
  <Actors>|Rachel Nichols|Victor Webster|Erik Knudsen|Luvia Petersen|Omari Newton|Tony Amendola|Roger R. Cross|Richard Harmon|Stephen Lobo|Brian Markinson|Lexa Doig|Jennifer Spence|John Reardon|</Actors>
  <Airs_DayOfWeek>Monday</Airs_DayOfWeek>
  <Airs_Time>08:00 PM</Airs_Time>
  <ContentRating>TV-PG</ContentRating>
  <FirstAired>2012-05-27</FirstAired>
  <Genre>|Action|Adventure|Drama|Science-Fiction|</Genre>
  <IMDB_ID>tt1954347</IMDB_ID>
  <Language>en</Language>
  <Network>Showcase</Network>
  <NetworkID></NetworkID>
  <Overview>Kiera Cameron (Rachel Nichols), a Vancouver City Protective Services officer, is transported from the year 2077 to 2012 when eight ruthless terrorists, known as Liber8, attempt to escape execution through time travel.

With the help of 17 year old tech genius Alec Sadler (Erik Knudsen) and VPD officer Carlos Fonnegra (Victor Webster), Kiera must survive in our time period, and capture Liber8 before they can alter the course of history and change the future.</Overview>
  <Rating>8.7</Rating>
  <RatingCount>64</RatingCount>
  <Runtime>60</Runtime>
  <SeriesID>158622</SeriesID>
  <SeriesName>Continuum</SeriesName>
  <Status>Continuing</Status>
  <added>2012-04-14 17:17:35</added>
  <addedBy>2</addedBy>
  <banner>graphical/258171-g9.jpg</banner>
  <fanart>fanart/original/258171-4.jpg</fanart>
  <lastupdated>1364845818</lastupdated>
  <poster>posters/258171-6.jpg</poster>
  <zap2it_id>EP01554798</zap2it_id>
</Series>
<Episode>
  <id>4307617</id>
  <Combined_episodenumber>1</Combined_episodenumber>
  <Combined_season>1</Combined_season>
  <DVD_chapter></DVD_chapter>
  <DVD_discid></DVD_discid>
  <DVD_episodenumber></DVD_episodenumber>
  <DVD_season></DVD_season>
  <Director>Jon Cassar</Director>
  <EpImgFlag>2</EpImgFlag>
  <EpisodeName>A Stitch in Time</EpisodeName>
  <EpisodeNumber>1</EpisodeNumber>
  <FirstAired>2012-05-27</FirstAired>
  <GuestStars>|Terry Chen|David Nykl|Caitlin Cromwell|Tony Amendola|Mike Dopud|Rocky Anderson|William B. Davis|</GuestStars>
  <IMDB_ID>tt2243841</IMDB_ID>
  <Language>en</Language>
  <Overview>Inspector Kiera Cameron loses everything she has and finds herself on a new mission when she and eight dangerous terrorists are transported from their time in 2077 back to 2012 during the terrorist’s attempt to escape execution. She takes on a new identity and joins the Vancouver Police Department in order to stop the terrorists’ reign of violence. Along the way, she befriends Alec Sadler, the 17 year old who will one day grow up to create the technology her world is built upon.</Overview>
  <ProductionCode></ProductionCode>
  <Rating>8.0</Rating>
  <RatingCount>142</RatingCount>
  <SeasonNumber>1</SeasonNumber>
  <Writer>Simon Barry</Writer>
  <absolute_number></absolute_number>
  <filename>episodes/258171/4307617.jpg</filename>
  <lastupdated>1356891449</lastupdated>
  <seasonid>490201</seasonid>
  <seriesid>258171</seriesid>
</Episode>
<Episode>
  <id>4307618</id>
  <Combined_episodenumber>2</Combined_episodenumber>
  <Combined_season>1</Combined_season>
  <DVD_chapter></DVD_chapter>
  <DVD_discid></DVD_discid>
  <DVD_episodenumber></DVD_episodenumber>
  <DVD_season></DVD_season>
  <Director>Jon Cassar</Director>
  <EpImgFlag>2</EpImgFlag>
  <EpisodeName>Fast Times</EpisodeName>
  <EpisodeNumber>2</EpisodeNumber>
  <FirstAired>2012-06-03</FirstAired>
  <GuestStars>|Terry Chen|Brian Markinson|Sean Michael Kyer|Michael Rogers|Janet Kidder|Olivia Ryan Stern|Rocky Anderson|Sean Tyson|Anthony Shim|David Stuart|Tristan Jensen|John Innes|P. Lynn Johnson|</GuestStars>
  <IMDB_ID>tt2273947</IMDB_ID>
  <Language>en</Language>
  <Overview>Kiera tries to find the members of Liber8 before they do more damage. Her attempts are hindered when her cover is blown and her partner on the VPD, Carlos Fonnegra, arrests her. But when she discovers Liber8’s plan to attempt to get back to 2077, she has to escape and possibly ally herself with her sworn enemies to get back home.</Overview>
  <ProductionCode></ProductionCode>
  <Rating>7.7</Rating>
  <RatingCount>129</RatingCount>
  <SeasonNumber>1</SeasonNumber>
  <Writer>Simon Barry</Writer>
  <absolute_number></absolute_number>
  <filename>episodes/258171/4307618.jpg</filename>
  <lastupdated>1360794516</lastupdated>
  <seasonid>490201</seasonid>
  <seriesid>258171</seriesid>
</Episode>
<Episode>
  <id>4307619</id>
  <Combined_episodenumber>3</Combined_episodenumber>
  <Combined_season>1</Combined_season>
  <DVD_chapter></DVD_chapter>
  <DVD_discid></DVD_discid>
  <DVD_episodenumber></DVD_episodenumber>
  <DVD_season></DVD_season>
  <Director>David Frazee</Director>
  <EpImgFlag>2</EpImgFlag>
  <EpisodeName>Wasting Time</EpisodeName>
  <EpisodeNumber>3</EpisodeNumber>
  <FirstAired>2012-06-10</FirstAired>
  <GuestStars>|Terry Chen|Adam Greydon Reid|Mike Dopud|Michael Rogers|Janet Kidder|Caitlin Cromwell|Keith Dallas|Hiro Kanagawa|Colin Lawrence|Darren Bennet|Lori Ann Triolo|Joe Norris|Izaak Smith|</GuestStars>
  <IMDB_ID>tt2273955</IMDB_ID>
  <Language>en</Language>
  <Overview>Kiera and Carlos investigate a series of mysterious murders in which victims have been drained of endocrine fluid only to discover that the crimes were committed by Liber8 in an effort to save Travis, their leader. Kellog tries to make a truce with Kiera by delivering her a gift,one that could cost her and Carlos their lives and will lead to Kellog’s expulsion from Liber8.</Overview>
  <ProductionCode></ProductionCode>
  <Rating>7.6</Rating>
  <RatingCount>115</RatingCount>
  <SeasonNumber>1</SeasonNumber>
  <Writer>Simon Barry</Writer>
  <absolute_number></absolute_number>
  <filename>episodes/258171/4307619.jpg</filename>
  <lastupdated>1360794533</lastupdated>
  <seasonid>490201</seasonid>
  <seriesid>258171</seriesid>
</Episode>
<Episode>
  <id>4307620</id>
  <Combined_episodenumber>4</Combined_episodenumber>
  <Combined_season>1</Combined_season>
  <DVD_chapter></DVD_chapter>
  <DVD_discid></DVD_discid>
  <DVD_episodenumber></DVD_episodenumber>
  <DVD_season></DVD_season>
  <Director>Mike Rohl</Director>
  <EpImgFlag>2</EpImgFlag>
  <EpisodeName>Matter of Time</EpisodeName>
  <EpisodeNumber>4</EpisodeNumber>
  <FirstAired>2012-06-17</FirstAired>
  <GuestStars>|Jesse Moss|Mayko Nguyen|Olivia Ryan Stern|Zahf Paroo|Stephen Huszar|</GuestStars>
  <IMDB_ID>tt2262689</IMDB_ID>
  <Language>en</Language>
  <Overview>A scientist who is working on developing a source of clean energy is found murdered. The list of suspects leads Kiera on a journey that takes her to a precarious place – deciding between the right thing to do and the preservation of the future.</Overview>
  <ProductionCode></ProductionCode>
  <Rating>7.7</Rating>
  <RatingCount>107</RatingCount>
  <SeasonNumber>1</SeasonNumber>
  <Writer>Sam Egan</Writer>
  <absolute_number></absolute_number>
  <filename>episodes/258171/4307620.jpg</filename>
  <lastupdated>1360794557</lastupdated>
  <seasonid>490201</seasonid>
  <seriesid>258171</seriesid>
</Episode>
<Episode>
  <id>4307621</id>
  <Combined_episodenumber>5</Combined_episodenumber>
  <Combined_season>1</Combined_season>
  <DVD_chapter></DVD_chapter>
  <DVD_discid></DVD_discid>
  <DVD_episodenumber></DVD_episodenumber>
  <DVD_season></DVD_season>
  <Director>Pat Williams</Director>
  <EpImgFlag>2</EpImgFlag>
  <EpisodeName>A Test of Time</EpisodeName>
  <EpisodeNumber>5</EpisodeNumber>
  <FirstAired>2012-06-24</FirstAired>
  <GuestStars>|Katie Findlay|Leanne Lapp|Olivia Ryan Stern|Adam Greydon Reid|Beatrice Sallis|Kathryn Dobbs|</GuestStars>
  <IMDB_ID>tt2268961</IMDB_ID>
  <Language>en</Language>
  <Overview>Kagame's return begins with a reset of Liber8’s agenda, away from violence and towards blending into the community. But there may be a glitch – there is the possibility that if their ancestors living in this time are murdered, they might cease to exist. A test of this theory is devised with Kiera and her grandmother as the guinea pigs.</Overview>
  <ProductionCode></ProductionCode>
  <Rating>7.6</Rating>
  <RatingCount>103</RatingCount>
  <SeasonNumber>1</SeasonNumber>
  <Writer>Jeff King</Writer>
  <absolute_number></absolute_number>
  <filename>episodes/258171/4307621.jpg</filename>
  <lastupdated>1360794568</lastupdated>
  <seasonid>490201</seasonid>
  <seriesid>258171</seriesid>
</Episode>
<Episode>
  <id>4307622</id>
  <Combined_episodenumber>6</Combined_episodenumber>
  <Combined_season>1</Combined_season>
  <DVD_chapter></DVD_chapter>
  <DVD_discid></DVD_discid>
  <DVD_episodenumber></DVD_episodenumber>
  <DVD_season></DVD_season>
  <Director>Rachel Talalay</Director>
  <EpImgFlag>2</EpImgFlag>
  <EpisodeName>Time's Up</EpisodeName>
  <EpisodeNumber>6</EpisodeNumber>
  <FirstAired>2012-07-08</FirstAired>
  <GuestStars>|Marilyn Norry|Byron Lawson|Mark Gibbon|Michael Rogers|Janet Kidder|Juan Riedinger|</GuestStars>
  <IMDB_ID>tt2273953</IMDB_ID>
  <Language>en</Language>
  <Overview>Kagame pursues the first step of his new agenda – winning over the intellectuals and the grassroots dissenters. When Liber8 kidnaps the CEO of a major corporation, Kiera and Carlos must race an actual ticking clock to save the CEO from public punishment.</Overview>
  <ProductionCode></ProductionCode>
  <Rating>7.7</Rating>
  <RatingCount>93</RatingCount>
  <SeasonNumber>1</SeasonNumber>
  <Writer>|Jeremy Smith|Jonathan Walker|</Writer>
  <absolute_number></absolute_number>
  <filename>episodes/258171/4307622.jpg</filename>
  <lastupdated>1360794579</lastupdated>
  <seasonid>490201</seasonid>
  <seriesid>258171</seriesid>
</Episode>
<Episode>
  <id>4307623</id>
  <Combined_episodenumber>7</Combined_episodenumber>
  <Combined_season>1</Combined_season>
  <DVD_chapter></DVD_chapter>
  <DVD_discid></DVD_discid>
  <DVD_episodenumber></DVD_episodenumber>
  <DVD_season></DVD_season>
  <Director>Pat Williams</Director>
  <EpImgFlag>2</EpImgFlag>
  <EpisodeName>The Politics of Time</EpisodeName>
  <EpisodeNumber>7</EpisodeNumber>
  <FirstAired>2012-07-15</FirstAired>
  <GuestStars>|Pascale Hutton|Jenn Bird|Sarah Edmondson|Frank Cassini|Tahmoh Penikett|Jim Thorburn|Paula Elle|</GuestStars>
  <IMDB_ID>tt2273951</IMDB_ID>
  <Language>en</Language>
  <Overview>The high-stakes Union Election gives Kiera her first taste of contemporary political intrigue. But issues of trust and loyalty come up for Kiera as evidence points to Carlos in the death of an investigative reporter. Kiera will learn firsthand the lengths a person will go to get elected.</Overview>
  <ProductionCode></ProductionCode>
  <Rating>7.7</Rating>
  <RatingCount>88</RatingCount>
  <SeasonNumber>1</SeasonNumber>
  <Writer>Sara B. Cooper</Writer>
  <absolute_number></absolute_number>
  <filename>episodes/258171/4307623.jpg</filename>
  <lastupdated>1364742131</lastupdated>
  <seasonid>490201</seasonid>
  <seriesid>258171</seriesid>
</Episode>
<Episode>
  <id>4307624</id>
  <Combined_episodenumber>8</Combined_episodenumber>
  <Combined_season>1</Combined_season>
  <DVD_chapter></DVD_chapter>
  <DVD_discid></DVD_discid>
  <DVD_episodenumber></DVD_episodenumber>
  <DVD_season></DVD_season>
  <Director>Paul Shapiro</Director>
  <EpImgFlag>2</EpImgFlag>
  <EpisodeName>Playtime</EpisodeName>
  <EpisodeNumber>8</EpisodeNumber>
  <FirstAired>2012-07-22</FirstAired>
  <GuestStars></GuestStars>
  <IMDB_ID>tt2273949</IMDB_ID>
  <Language>en</Language>
  <Overview>When Kiera and Carlos investigate two mysterious murder-suicides, they quickly realize that both may be the result of a lethal computer program turning video game programmers into killers.</Overview>
  <ProductionCode></ProductionCode>
  <Rating>7.8</Rating>
  <RatingCount>83</RatingCount>
  <SeasonNumber>1</SeasonNumber>
  <Writer>Andrea Stevens</Writer>
  <absolute_number></absolute_number>
  <filename>episodes/258171/4307624.jpg</filename>
  <lastupdated>1364742144</lastupdated>
  <seasonid>490201</seasonid>
  <seriesid>258171</seriesid>
</Episode>
<Episode>
  <id>4307625</id>
  <Combined_episodenumber>9</Combined_episodenumber>
  <Combined_season>1</Combined_season>
  <DVD_chapter></DVD_chapter>
  <DVD_discid></DVD_discid>
  <DVD_episodenumber></DVD_episodenumber>
  <DVD_season></DVD_season>
  <Director>William Waring</Director>
  <EpImgFlag>2</EpImgFlag>
  <EpisodeName>Family Time</EpisodeName>
  <EpisodeNumber>9</EpisodeNumber>
  <FirstAired>2012-07-29</FirstAired>
  <GuestStars></GuestStars>
  <IMDB_ID>tt2273945</IMDB_ID>
  <Language>en</Language>
  <Overview>While accompanying Carlos on a routine investigation of a farmer who purchased large quantities of ammonium nitrate, a fertilizer used in explosives and agriculture, Kiera discovers that the farm is actually the home of Alec. What seemed like a routine check quickly escalates into a tense standoff.</Overview>
  <ProductionCode></ProductionCode>
  <Rating>7.8</Rating>
  <RatingCount>78</RatingCount>
  <SeasonNumber>1</SeasonNumber>
  <Writer>Floyd Kane</Writer>
  <absolute_number></absolute_number>
  <filename>episodes/258171/4307625.jpg</filename>
  <lastupdated>1364742155</lastupdated>
  <seasonid>490201</seasonid>
  <seriesid>258171</seriesid>
</Episode>
<Episode>
  <id>4307626</id>
  <Combined_episodenumber>10</Combined_episodenumber>
  <Combined_season>1</Combined_season>
  <DVD_chapter></DVD_chapter>
  <DVD_discid></DVD_discid>
  <DVD_episodenumber></DVD_episodenumber>
  <DVD_season></DVD_season>
  <Director>Pat Williams</Director>
  <EpImgFlag>2</EpImgFlag>
  <EpisodeName>Endtime</EpisodeName>
  <EpisodeNumber>10</EpisodeNumber>
  <FirstAired>2012-08-05</FirstAired>
  <GuestStars>Ian Tracey|William B. Davis|Nicholas Lea</GuestStars>
  <IMDB_ID>tt2317581</IMDB_ID>
  <Language>en</Language>
  <Overview>Kiera must race against the clock when she realizes that in her timeline, today is the day that terrorists bomb a building killing hundreds of innocent people. As she tries to stop the imminent bombing, Liber8 kidnaps her trusty sidekick Alec after he realizes his stepbrother Julian is under their sway.</Overview>
  <ProductionCode></ProductionCode>
  <Rating>8.4</Rating>
  <RatingCount>76</RatingCount>
  <SeasonNumber>1</SeasonNumber>
  <Writer>Simon Barry</Writer>
  <absolute_number></absolute_number>
  <filename>episodes/258171/4307626.jpg</filename>
  <lastupdated>1364742163</lastupdated>
  <seasonid>490201</seasonid>
  <seriesid>258171</seriesid>
</Episode>
<Episode>
  <id>4505231</id>
  <Combined_episodenumber>1</Combined_episodenumber>
  <Combined_season>2</Combined_season>
  <DVD_chapter></DVD_chapter>
  <DVD_discid></DVD_discid>
  <DVD_episodenumber></DVD_episodenumber>
  <DVD_season></DVD_season>
  <Director></Director>
  <EpImgFlag></EpImgFlag>
  <EpisodeName>TBA</EpisodeName>
  <EpisodeNumber>1</EpisodeNumber>
  <FirstAired>2013-04-21</FirstAired>
  <GuestStars></GuestStars>
  <IMDB_ID></IMDB_ID>
  <Language>en</Language>
  <Overview></Overview>
  <ProductionCode></ProductionCode>
  <Rating></Rating>
  <RatingCount>0</RatingCount>
  <SeasonNumber>2</SeasonNumber>
  <Writer></Writer>
  <absolute_number></absolute_number>
  <filename></filename>
  <lastupdated>1361987965</lastupdated>
  <seasonid>513135</seasonid>
  <seriesid>258171</seriesid>
</Episode>
</Data>