<?xml version="1.0" encoding="UTF-8" ?>
<Actors>
<Actor>
  <id>306702</id>
  <Image>actors/306702.jpg</Image>
  <Name>Alexandra Roach</Name>
  <Role>Becky</Role>
  <SortOrder>0</SortOrder>
</Actor>
<Actor>
  <id>306701</id>
  <Image>actors/306701.jpg</Image>
  <Name>Paul Higgins</Name>
  <Role>Michael Dugdale</Role>
  <SortOrder>0</SortOrder>
</Actor>
<Actor>
  <id>306700</id>
  <Image>actors/306700.jpg</Image>
  <Name>Nathan Stewart-Jarrett</Name>
  <Role>Ian</Role>
  <SortOrder>0</SortOrder>
</Actor>
<Actor>
  <id>307980</id>
  <Image>actors/307980.jpg</Image>
  <Name>Fiona O'Shaughnessy</Name>
  <Role>Jessica Hyde</Role>
  <SortOrder>3</SortOrder>
</Actor>
<Actor>
  <id>307977</id>
  <Image>actors/307977.jpg</Image>
  <Name>Adeel Akhtar </Name>
  <Role>Wilson Wilson</Role>
  <SortOrder>3</SortOrder>
</Actor>
<Actor>
  <id>307978</id>
  <Image></Image>
  <Name>Oliver Woodford</Name>
  <Role>Grant</Role>
  <SortOrder>3</SortOrder>
</Actor>
</Actors>