<?xml version="1.0" encoding="UTF-8" ?>
<Banners>
<Banner>
  <id>941949</id>
  <BannerPath>fanart/original/264991-2.jpg</BannerPath>
  <BannerType>fanart</BannerType>
  <BannerType2>1280x720</BannerType2>
  <Colors></Colors>
  <Language>en</Language>
  <Rating>10.0000</Rating>
  <RatingCount>1</RatingCount>
  <SeriesName>false</SeriesName>
  <ThumbnailPath>_cache/fanart/original/264991-2.jpg</ThumbnailPath>
  <VignettePath>fanart/vignette/264991-2.jpg</VignettePath>
</Banner>
<Banner>
  <id>940351</id>
  <BannerPath>fanart/original/264991-1.jpg</BannerPath>
  <BannerType>fanart</BannerType>
  <BannerType2>1920x1080</BannerType2>
  <Colors></Colors>
  <Language>en</Language>
  <Rating>7.6667</Rating>
  <RatingCount>3</RatingCount>
  <SeriesName>false</SeriesName>
  <ThumbnailPath>_cache/fanart/original/264991-1.jpg</ThumbnailPath>
  <VignettePath>fanart/vignette/264991-1.jpg</VignettePath>
</Banner>
<Banner>
  <id>945445</id>
  <BannerPath>fanart/original/264991-3.jpg</BannerPath>
  <BannerType>fanart</BannerType>
  <BannerType2>1280x720</BannerType2>
  <Colors></Colors>
  <Language>en</Language>
  <Rating></Rating>
  <RatingCount>0</RatingCount>
  <SeriesName>false</SeriesName>
  <ThumbnailPath>_cache/fanart/original/264991-3.jpg</ThumbnailPath>
  <VignettePath>fanart/vignette/264991-3.jpg</VignettePath>
</Banner>
<Banner>
  <id>942990</id>
  <BannerPath>posters/264991-3.jpg</BannerPath>
  <BannerType>poster</BannerType>
  <BannerType2>680x1000</BannerType2>
  <Language>en</Language>
  <Rating>10.0000</Rating>
  <RatingCount>1</RatingCount>
</Banner>
<Banner>
  <id>942992</id>
  <BannerPath>posters/264991-4.jpg</BannerPath>
  <BannerType>poster</BannerType>
  <BannerType2>680x1000</BannerType2>
  <Language>en</Language>
  <Rating>9.0000</Rating>
  <RatingCount>1</RatingCount>
</Banner>
<Banner>
  <id>940427</id>
  <BannerPath>posters/264991-2.jpg</BannerPath>
  <BannerType>poster</BannerType>
  <BannerType2>680x1000</BannerType2>
  <Language>en</Language>
  <Rating>6.3333</Rating>
  <RatingCount>3</RatingCount>
</Banner>
<Banner>
  <id>940359</id>
  <BannerPath>posters/264991-1.jpg</BannerPath>
  <BannerType>poster</BannerType>
  <BannerType2>680x1000</BannerType2>
  <Language>en</Language>
  <Rating>5.7500</Rating>
  <RatingCount>4</RatingCount>
</Banner>
<Banner>
  <id>942324</id>
  <BannerPath>seasons/264991-1.jpg</BannerPath>
  <BannerType>season</BannerType>
  <BannerType2>season</BannerType2>
  <Language>en</Language>
  <Rating></Rating>
  <RatingCount>0</RatingCount>
  <Season>1</Season>
</Banner>
<Banner>
  <id>941766</id>
  <BannerPath>graphical/264991-g5.jpg</BannerPath>
  <BannerType>series</BannerType>
  <BannerType2>graphical</BannerType2>
  <Language>en</Language>
  <Rating>10.0000</Rating>
  <RatingCount>1</RatingCount>
</Banner>
<Banner>
  <id>940426</id>
  <BannerPath>graphical/264991-g.jpg</BannerPath>
  <BannerType>series</BannerType>
  <BannerType2>graphical</BannerType2>
  <Language>en</Language>
  <Rating>7.0000</Rating>
  <RatingCount>2</RatingCount>
</Banner>
<Banner>
  <id>941765</id>
  <BannerPath>graphical/264991-g4.jpg</BannerPath>
  <BannerType>series</BannerType>
  <BannerType2>graphical</BannerType2>
  <Language>en</Language>
  <Rating>3.0000</Rating>
  <RatingCount>1</RatingCount>
</Banner>
<Banner>
  <id>941763</id>
  <BannerPath>graphical/264991-g2.jpg</BannerPath>
  <BannerType>series</BannerType>
  <BannerType2>graphical</BannerType2>
  <Language>en</Language>
  <Rating></Rating>
  <RatingCount>0</RatingCount>
</Banner>
<Banner>
  <id>941764</id>
  <BannerPath>graphical/264991-g3.jpg</BannerPath>
  <BannerType>series</BannerType>
  <BannerType2>graphical</BannerType2>
  <Language>en</Language>
  <Rating></Rating>
  <RatingCount>0</RatingCount>
</Banner>
</Banners>