<?xml version="1.0" encoding="UTF-8" ?>
<Data><Series>
  <id>264991</id>
  <Actors>|Alexandra Roach|Paul Higgins|Nathan Stewart-Jarrett|Fiona O'Shaughnessy|Adeel Akhtar |Oliver Woodford|</Actors>
  <Airs_DayOfWeek>Tuesday</Airs_DayOfWeek>
  <Airs_Time>22:00</Airs_Time>
  <ContentRating></ContentRating>
  <FirstAired>2013-01-15</FirstAired>
  <Genre>|Drama|Science-Fiction|Thriller|</Genre>
  <IMDB_ID>tt2384811</IMDB_ID>
  <Language>en</Language>
  <Network>Channel 4</Network>
  <NetworkID></NetworkID>
  <Overview>Dark and enigmatic thriller. When an unconnected set of people find themselves in possession of the manuscript for a legendary graphic novel, their lives brutally implode as they are pursued by a shadowy and murderous organisation...</Overview>
  <Rating>9.6</Rating>
  <RatingCount>12</RatingCount>
  <Runtime>60</Runtime>
  <SeriesID>177687</SeriesID>
  <SeriesName>Utopia</SeriesName>
  <Status>Continuing</Status>
  <added>2012-12-19 10:09:02</added>
  <addedBy>373874</addedBy>
  <banner>graphical/264991-g5.jpg</banner>
  <fanart>fanart/original/264991-2.jpg</fanart>
  <lastupdated>1364954425</lastupdated>
  <poster>posters/264991-3.jpg</poster>
  <zap2it_id></zap2it_id>
</Series>
<Episode>
  <id>4471351</id>
  <Combined_episodenumber>1</Combined_episodenumber>
  <Combined_season>1</Combined_season>
  <DVD_chapter></DVD_chapter>
  <DVD_discid></DVD_discid>
  <DVD_episodenumber></DVD_episodenumber>
  <DVD_season></DVD_season>
  <Director>Marc Munden</Director>
  <EpImgFlag>2</EpImgFlag>
  <EpisodeName>Episode 1</EpisodeName>
  <EpisodeNumber>1</EpisodeNumber>
  <FirstAired>2013-01-15</FirstAired>
  <GuestStars></GuestStars>
  <IMDB_ID></IMDB_ID>
  <Language>en</Language>
  <Overview>When five strangers from an online comic book forum agree to meet after gaining possession of the original manuscript for the cult graphic novel 'The Utopia Experiments', they find themselves pursued by a shadowy organisation known as The Network who are in pursuit of the manuscript - and they are prepared to kill to track it down.

While three of the forum members - Ian, Becky and Wilson meet in the pub, another is confronted and killed by two Network henchmen. The only witness to the murder is 11-year-old Grant - the fifth forum member - and when he flees with the manuscript, the henchmen give chase.

Ian and Becky soon find they've been set-up for crimes they haven't committed, while Wilson's hacking skills attract the attention of Network henchmen Arby and Lee. As the trio's lives begin to fracture, the world of civil servant Michael Dugdale is also torn apart as he is blackmailed by The Network.

Just as things are looking increasingly desperate for Ian, Becky and Wilson, they come face to face with an enigmatic stranger who claims to offer them a way out...</Overview>
  <ProductionCode></ProductionCode>
  <Rating>8.3</Rating>
  <RatingCount>20</RatingCount>
  <SeasonNumber>1</SeasonNumber>
  <Writer>Dennis Kelly</Writer>
  <absolute_number></absolute_number>
  <filename>episodes/264991/4471351.jpg</filename>
  <lastupdated>1358674942</lastupdated>
  <seasonid>507598</seasonid>
  <seriesid>264991</seriesid>
</Episode>
<Episode>
  <id>4477746</id>
  <Combined_episodenumber>2</Combined_episodenumber>
  <Combined_season>1</Combined_season>
  <DVD_chapter></DVD_chapter>
  <DVD_discid></DVD_discid>
  <DVD_episodenumber></DVD_episodenumber>
  <DVD_season></DVD_season>
  <Director>Marc Munden</Director>
  <EpImgFlag>2</EpImgFlag>
  <EpisodeName>Episode 2</EpisodeName>
  <EpisodeNumber>2</EpisodeNumber>
  <FirstAired>2013-01-22</FirstAired>
  <GuestStars></GuestStars>
  <IMDB_ID></IMDB_ID>
  <Language>en</Language>
  <Overview>Unable to ever return to their old lives, Ian and Becky are forced to face the terrifying reality of life on the run. Meanwhile, Dugdale is drawn deeper and deeper into a plot that threatens to have fatal consequences.</Overview>
  <ProductionCode></ProductionCode>
  <Rating>8.1</Rating>
  <RatingCount>13</RatingCount>
  <SeasonNumber>1</SeasonNumber>
  <Writer>Dennis Kelly</Writer>
  <absolute_number></absolute_number>
  <filename>episodes/264991/4477746.jpg</filename>
  <lastupdated>1362674761</lastupdated>
  <seasonid>507598</seasonid>
  <seriesid>264991</seriesid>
</Episode>
<Episode>
  <id>4477747</id>
  <Combined_episodenumber>3</Combined_episodenumber>
  <Combined_season>1</Combined_season>
  <DVD_chapter></DVD_chapter>
  <DVD_discid></DVD_discid>
  <DVD_episodenumber></DVD_episodenumber>
  <DVD_season></DVD_season>
  <Director>Marc Munden</Director>
  <EpImgFlag>2</EpImgFlag>
  <EpisodeName>Episode 3</EpisodeName>
  <EpisodeNumber>3</EpisodeNumber>
  <FirstAired>2013-01-29</FirstAired>
  <GuestStars></GuestStars>
  <IMDB_ID></IMDB_ID>
  <Language>en</Language>
  <Overview>The gang feel the full weight of The Network's power as Grant is framed for a shocking crime. With nowhere else to turn, they are forced to make a new ally - but can she really be trusted?</Overview>
  <ProductionCode></ProductionCode>
  <Rating>7.5</Rating>
  <RatingCount>11</RatingCount>
  <SeasonNumber>1</SeasonNumber>
  <Writer>Dennis Kelly</Writer>
  <absolute_number></absolute_number>
  <filename>episodes/264991/4477747.jpg</filename>
  <lastupdated>1362675182</lastupdated>
  <seasonid>507598</seasonid>
  <seriesid>264991</seriesid>
</Episode>
<Episode>
  <id>4477748</id>
  <Combined_episodenumber>4</Combined_episodenumber>
  <Combined_season>1</Combined_season>
  <DVD_chapter></DVD_chapter>
  <DVD_discid></DVD_discid>
  <DVD_episodenumber></DVD_episodenumber>
  <DVD_season></DVD_season>
  <Director>Alex Garcia Lopez, Wayne Che Yip</Director>
  <EpImgFlag>2</EpImgFlag>
  <EpisodeName>Episode 4</EpisodeName>
  <EpisodeNumber>4</EpisodeNumber>
  <FirstAired>2013-02-05</FirstAired>
  <GuestStars></GuestStars>
  <IMDB_ID></IMDB_ID>
  <Language>en</Language>
  <Overview>Hidden away in a derelict manor house, the group attempt to decipher the secret meaning of the manuscript. But will uncovering the identity of Mr Rabbit really allow them to return to their former lives?</Overview>
  <ProductionCode></ProductionCode>
  <Rating>8.2</Rating>
  <RatingCount>10</RatingCount>
  <SeasonNumber>1</SeasonNumber>
  <Writer>Dennis Kelly</Writer>
  <absolute_number></absolute_number>
  <filename>episodes/264991/4477748.jpg</filename>
  <lastupdated>1362675547</lastupdated>
  <seasonid>507598</seasonid>
  <seriesid>264991</seriesid>
</Episode>
<Episode>
  <id>4477749</id>
  <Combined_episodenumber>5</Combined_episodenumber>
  <Combined_season>1</Combined_season>
  <DVD_chapter></DVD_chapter>
  <DVD_discid></DVD_discid>
  <DVD_episodenumber></DVD_episodenumber>
  <DVD_season></DVD_season>
  <Director>Alex Garcia Lopez, Wayne Che Yip</Director>
  <EpImgFlag>2</EpImgFlag>
  <EpisodeName>Episode 5</EpisodeName>
  <EpisodeNumber>5</EpisodeNumber>
  <FirstAired>2013-02-12</FirstAired>
  <GuestStars></GuestStars>
  <IMDB_ID></IMDB_ID>
  <Language>en</Language>
  <Overview>The gang's attempt to disrupt The Network's plans backfires leaving one of them in danger. Arby's confession to Jessica has damaging repercussions while Becky is left with an impossible choice.</Overview>
  <ProductionCode></ProductionCode>
  <Rating>7.8</Rating>
  <RatingCount>6</RatingCount>
  <SeasonNumber>1</SeasonNumber>
  <Writer>Dennis Kelly</Writer>
  <absolute_number></absolute_number>
  <filename>episodes/264991/4477749.jpg</filename>
  <lastupdated>1362731045</lastupdated>
  <seasonid>507598</seasonid>
  <seriesid>264991</seriesid>
</Episode>
<Episode>
  <id>4477750</id>
  <Combined_episodenumber>6</Combined_episodenumber>
  <Combined_season>1</Combined_season>
  <DVD_chapter></DVD_chapter>
  <DVD_discid></DVD_discid>
  <DVD_episodenumber></DVD_episodenumber>
  <DVD_season></DVD_season>
  <Director>Wayne Che Yip, Alex Garcia Lopez</Director>
  <EpImgFlag>2</EpImgFlag>
  <EpisodeName>Episode 6</EpisodeName>
  <EpisodeNumber>6</EpisodeNumber>
  <FirstAired>2013-02-19</FirstAired>
  <GuestStars></GuestStars>
  <IMDB_ID></IMDB_ID>
  <Language>en</Language>
  <Overview>Time is running out, the gang must find Mr Rabbit and stop The Network's plan to release Janus. As a daring plan is formed, only one question remains - will the true secrets of Utopia finally be revealed?</Overview>
  <ProductionCode></ProductionCode>
  <Rating>8.5</Rating>
  <RatingCount>6</RatingCount>
  <SeasonNumber>1</SeasonNumber>
  <Writer>Dennis Kelly</Writer>
  <absolute_number></absolute_number>
  <filename>episodes/264991/4477750.jpg</filename>
  <lastupdated>1361877961</lastupdated>
  <seasonid>507598</seasonid>
  <seriesid>264991</seriesid>
</Episode>
</Data>