<?xml version="1.0" encoding="UTF-8" ?>
<Banners>
<Banner>
  <id>947325</id>
  <BannerPath>fanart/original/110381-22.jpg</BannerPath>
  <BannerType>fanart</BannerType>
  <BannerType2>1280x720</BannerType2>
  <Colors></Colors>
  <Language>en</Language>
  <Rating>8.0000</Rating>
  <RatingCount>1</RatingCount>
  <SeriesName>true</SeriesName>
  <ThumbnailPath>_cache/fanart/original/110381-22.jpg</ThumbnailPath>
  <VignettePath>fanart/vignette/110381-22.jpg</VignettePath>
</Banner>
<Banner>
  <id>903577</id>
  <BannerPath>fanart/original/110381-20.jpg</BannerPath>
  <BannerType>fanart</BannerType>
  <BannerType2>1280x720</BannerType2>
  <Colors>|223,222,218|75,75,75|76,76,76|</Colors>
  <Language>en</Language>
  <Rating>7.5556</Rating>
  <RatingCount>9</RatingCount>
  <SeriesName>false</SeriesName>
  <ThumbnailPath>_cache/fanart/original/110381-20.jpg</ThumbnailPath>
  <VignettePath>fanart/vignette/110381-20.jpg</VignettePath>
</Banner>
<Banner>
  <id>205121</id>
  <BannerPath>fanart/original/110381-1.jpg</BannerPath>
  <BannerType>fanart</BannerType>
  <BannerType2>1920x1080</BannerType2>
  <Colors>|214,213,211|40,40,40|255,255,255|</Colors>
  <Language>en</Language>
  <Rating>7.5263</Rating>
  <RatingCount>19</RatingCount>
  <SeriesName>true</SeriesName>
  <ThumbnailPath>_cache/fanart/original/110381-1.jpg</ThumbnailPath>
  <VignettePath>fanart/vignette/110381-1.jpg</VignettePath>
</Banner>
<Banner>
  <id>356311</id>
  <BannerPath>fanart/original/110381-3.jpg</BannerPath>
  <BannerType>fanart</BannerType>
  <BannerType2>1280x720</BannerType2>
  <Colors>|198,211,219|0,0,0|122,122,122|</Colors>
  <Language>en</Language>
  <Rating>7.5000</Rating>
  <RatingCount>14</RatingCount>
  <SeriesName>true</SeriesName>
  <ThumbnailPath>_cache/fanart/original/110381-3.jpg</ThumbnailPath>
  <VignettePath>fanart/vignette/110381-3.jpg</VignettePath>
</Banner>
<Banner>
  <id>762401</id>
  <BannerPath>fanart/original/110381-16.jpg</BannerPath>
  <BannerType>fanart</BannerType>
  <BannerType2>1920x1080</BannerType2>
  <Colors></Colors>
  <Language>en</Language>
  <Rating>7.4000</Rating>
  <RatingCount>5</RatingCount>
  <SeriesName>false</SeriesName>
  <ThumbnailPath>_cache/fanart/original/110381-16.jpg</ThumbnailPath>
  <VignettePath>fanart/vignette/110381-16.jpg</VignettePath>
</Banner>
<Banner>
  <id>762431</id>
  <BannerPath>fanart/original/110381-18.jpg</BannerPath>
  <BannerType>fanart</BannerType>
  <BannerType2>1920x1080</BannerType2>
  <Colors></Colors>
  <Language>en</Language>
  <Rating>7.3333</Rating>
  <RatingCount>6</RatingCount>
  <SeriesName>false</SeriesName>
  <ThumbnailPath>_cache/fanart/original/110381-18.jpg</ThumbnailPath>
  <VignettePath>fanart/vignette/110381-18.jpg</VignettePath>
</Banner>
<Banner>
  <id>231051</id>
  <BannerPath>fanart/original/110381-2.jpg</BannerPath>
  <BannerType>fanart</BannerType>
  <BannerType2>1280x720</BannerType2>
  <Colors></Colors>
  <Language>en</Language>
  <Rating>7.0000</Rating>
  <RatingCount>11</RatingCount>
  <SeriesName>false</SeriesName>
  <ThumbnailPath>_cache/fanart/original/110381-2.jpg</ThumbnailPath>
  <VignettePath>fanart/vignette/110381-2.jpg</VignettePath>
</Banner>
<Banner>
  <id>740091</id>
  <BannerPath>fanart/original/110381-11.jpg</BannerPath>
  <BannerType>fanart</BannerType>
  <BannerType2>1280x720</BannerType2>
  <Colors></Colors>
  <Language>en</Language>
  <Rating>6.5000</Rating>
  <RatingCount>4</RatingCount>
  <SeriesName>true</SeriesName>
  <ThumbnailPath>_cache/fanart/original/110381-11.jpg</ThumbnailPath>
  <VignettePath>fanart/vignette/110381-11.jpg</VignettePath>
</Banner>
<Banner>
  <id>762311</id>
  <BannerPath>fanart/original/110381-12.jpg</BannerPath>
  <BannerType>fanart</BannerType>
  <BannerType2>1920x1080</BannerType2>
  <Colors>|203,142,113|0,0,0|224,174,139|</Colors>
  <Language>en</Language>
  <Rating>6.5000</Rating>
  <RatingCount>6</RatingCount>
  <SeriesName>false</SeriesName>
  <ThumbnailPath>_cache/fanart/original/110381-12.jpg</ThumbnailPath>
  <VignettePath>fanart/vignette/110381-12.jpg</VignettePath>
</Banner>
<Banner>
  <id>387261</id>
  <BannerPath>fanart/original/110381-5.jpg</BannerPath>
  <BannerType>fanart</BannerType>
  <BannerType2>1280x720</BannerType2>
  <Colors>|233,228,222|86,72,69|175,73,175|</Colors>
  <Language>en</Language>
  <Rating>6.4286</Rating>
  <RatingCount>7</RatingCount>
  <SeriesName>false</SeriesName>
  <ThumbnailPath>_cache/fanart/original/110381-5.jpg</ThumbnailPath>
  <VignettePath>fanart/vignette/110381-5.jpg</VignettePath>
</Banner>
<Banner>
  <id>762331</id>
  <BannerPath>fanart/original/110381-13.jpg</BannerPath>
  <BannerType>fanart</BannerType>
  <BannerType2>1920x1080</BannerType2>
  <Colors>|202,31,13|15,15,15|198,107,86|</Colors>
  <Language>en</Language>
  <Rating>6.2000</Rating>
  <RatingCount>5</RatingCount>
  <SeriesName>false</SeriesName>
  <ThumbnailPath>_cache/fanart/original/110381-13.jpg</ThumbnailPath>
  <VignettePath>fanart/vignette/110381-13.jpg</VignettePath>
</Banner>
<Banner>
  <id>762341</id>
  <BannerPath>fanart/original/110381-14.jpg</BannerPath>
  <BannerType>fanart</BannerType>
  <BannerType2>1920x1080</BannerType2>
  <Colors>|208,202,190|24,0,0|122,96,71|</Colors>
  <Language>en</Language>
  <Rating>5.5000</Rating>
  <RatingCount>2</RatingCount>
  <SeriesName>false</SeriesName>
  <ThumbnailPath>_cache/fanart/original/110381-14.jpg</ThumbnailPath>
  <VignettePath>fanart/vignette/110381-14.jpg</VignettePath>
</Banner>
<Banner>
  <id>365721</id>
  <BannerPath>fanart/original/110381-4.jpg</BannerPath>
  <BannerType>fanart</BannerType>
  <BannerType2>1280x720</BannerType2>
  <Colors></Colors>
  <Language>en</Language>
  <Rating>5.5000</Rating>
  <RatingCount>6</RatingCount>
  <SeriesName>true</SeriesName>
  <ThumbnailPath>_cache/fanart/original/110381-4.jpg</ThumbnailPath>
  <VignettePath>fanart/vignette/110381-4.jpg</VignettePath>
</Banner>
<Banner>
  <id>901561</id>
  <BannerPath>fanart/original/110381-19.jpg</BannerPath>
  <BannerType>fanart</BannerType>
  <BannerType2>1280x720</BannerType2>
  <Colors></Colors>
  <Language>en</Language>
  <Rating>5.3333</Rating>
  <RatingCount>3</RatingCount>
  <SeriesName>true</SeriesName>
  <ThumbnailPath>_cache/fanart/original/110381-19.jpg</ThumbnailPath>
  <VignettePath>fanart/vignette/110381-19.jpg</VignettePath>
</Banner>
<Banner>
  <id>548701</id>
  <BannerPath>fanart/original/110381-8.jpg</BannerPath>
  <BannerType>fanart</BannerType>
  <BannerType2>1920x1080</BannerType2>
  <Colors></Colors>
  <Language>en</Language>
  <Rating>4.0000</Rating>
  <RatingCount>2</RatingCount>
  <SeriesName>false</SeriesName>
  <ThumbnailPath>_cache/fanart/original/110381-8.jpg</ThumbnailPath>
  <VignettePath>fanart/vignette/110381-8.jpg</VignettePath>
</Banner>
<Banner>
  <id>762351</id>
  <BannerPath>fanart/original/110381-15.jpg</BannerPath>
  <BannerType>fanart</BannerType>
  <BannerType2>1920x1080</BannerType2>
  <Colors></Colors>
  <Language>en</Language>
  <Rating>4.0000</Rating>
  <RatingCount>2</RatingCount>
  <SeriesName>false</SeriesName>
  <ThumbnailPath>_cache/fanart/original/110381-15.jpg</ThumbnailPath>
  <VignettePath>fanart/vignette/110381-15.jpg</VignettePath>
</Banner>
<Banner>
  <id>548711</id>
  <BannerPath>fanart/original/110381-9.jpg</BannerPath>
  <BannerType>fanart</BannerType>
  <BannerType2>1920x1080</BannerType2>
  <Colors></Colors>
  <Language>en</Language>
  <Rating>3.3333</Rating>
  <RatingCount>3</RatingCount>
  <SeriesName>false</SeriesName>
  <ThumbnailPath>_cache/fanart/original/110381-9.jpg</ThumbnailPath>
  <VignettePath>fanart/vignette/110381-9.jpg</VignettePath>
</Banner>
<Banner>
  <id>548721</id>
  <BannerPath>fanart/original/110381-10.jpg</BannerPath>
  <BannerType>fanart</BannerType>
  <BannerType2>1920x1080</BannerType2>
  <Colors></Colors>
  <Language>en</Language>
  <Rating>3.0000</Rating>
  <RatingCount>3</RatingCount>
  <SeriesName>false</SeriesName>
  <ThumbnailPath>_cache/fanart/original/110381-10.jpg</ThumbnailPath>
  <VignettePath>fanart/vignette/110381-10.jpg</VignettePath>
</Banner>
<Banner>
  <id>548681</id>
  <BannerPath>fanart/original/110381-7.jpg</BannerPath>
  <BannerType>fanart</BannerType>
  <BannerType2>1920x1080</BannerType2>
  <Colors></Colors>
  <Language>en</Language>
  <Rating>3.0000</Rating>
  <RatingCount>3</RatingCount>
  <SeriesName>false</SeriesName>
  <ThumbnailPath>_cache/fanart/original/110381-7.jpg</ThumbnailPath>
  <VignettePath>fanart/vignette/110381-7.jpg</VignettePath>
</Banner>
<Banner>
  <id>548671</id>
  <BannerPath>fanart/original/110381-6.jpg</BannerPath>
  <BannerType>fanart</BannerType>
  <BannerType2>1920x1080</BannerType2>
  <Colors></Colors>
  <Language>en</Language>
  <Rating>2.7500</Rating>
  <RatingCount>4</RatingCount>
  <SeriesName>true</SeriesName>
  <ThumbnailPath>_cache/fanart/original/110381-6.jpg</ThumbnailPath>
  <VignettePath>fanart/vignette/110381-6.jpg</VignettePath>
</Banner>
<Banner>
  <id>931275</id>
  <BannerPath>fanart/original/110381-17.jpg</BannerPath>
  <BannerType>fanart</BannerType>
  <BannerType2>1280x720</BannerType2>
  <Colors></Colors>
  <Language>en</Language>
  <Rating></Rating>
  <RatingCount>0</RatingCount>
  <SeriesName>false</SeriesName>
  <ThumbnailPath>_cache/fanart/original/110381-17.jpg</ThumbnailPath>
  <VignettePath>fanart/vignette/110381-17.jpg</VignettePath>
</Banner>
<Banner>
  <id>931276</id>
  <BannerPath>fanart/original/110381-21.jpg</BannerPath>
  <BannerType>fanart</BannerType>
  <BannerType2>1280x720</BannerType2>
  <Colors></Colors>
  <Language>en</Language>
  <Rating></Rating>
  <RatingCount>0</RatingCount>
  <SeriesName>false</SeriesName>
  <ThumbnailPath>_cache/fanart/original/110381-21.jpg</ThumbnailPath>
  <VignettePath>fanart/vignette/110381-21.jpg</VignettePath>
</Banner>
<Banner>
  <id>330731</id>
  <BannerPath>posters/110381-1.jpg</BannerPath>
  <BannerType>poster</BannerType>
  <BannerType2>680x1000</BannerType2>
  <Language>en</Language>
  <Rating>8.5714</Rating>
  <RatingCount>14</RatingCount>
</Banner>
<Banner>
  <id>762421</id>
  <BannerPath>posters/110381-4.jpg</BannerPath>
  <BannerType>poster</BannerType>
  <BannerType2>680x1000</BannerType2>
  <Language>en</Language>
  <Rating>7.8750</Rating>
  <RatingCount>8</RatingCount>
</Banner>
<Banner>
  <id>841831</id>
  <BannerPath>posters/110381-5.jpg</BannerPath>
  <BannerType>poster</BannerType>
  <BannerType2>680x1000</BannerType2>
  <Language>en</Language>
  <Rating>7.0000</Rating>
  <RatingCount>1</RatingCount>
</Banner>
<Banner>
  <id>936302</id>
  <BannerPath>posters/110381-6.jpg</BannerPath>
  <BannerType>poster</BannerType>
  <BannerType2>680x1000</BannerType2>
  <Language>en</Language>
  <Rating>5.0000</Rating>
  <RatingCount>2</RatingCount>
</Banner>
<Banner>
  <id>538601</id>
  <BannerPath>posters/110381-2.jpg</BannerPath>
  <BannerType>poster</BannerType>
  <BannerType2>680x1000</BannerType2>
  <Language>en</Language>
  <Rating>3.3333</Rating>
  <RatingCount>3</RatingCount>
</Banner>
<Banner>
  <id>940846</id>
  <BannerPath>seasons/110381-4-2.jpg</BannerPath>
  <BannerType>season</BannerType>
  <BannerType2>season</BannerType2>
  <Language>en</Language>
  <Rating>10.0000</Rating>
  <RatingCount>2</RatingCount>
  <Season>4</Season>
</Banner>
<Banner>
  <id>876714</id>
  <BannerPath>seasons/110381-1-3.jpg</BannerPath>
  <BannerType>season</BannerType>
  <BannerType2>season</BannerType2>
  <Language>en</Language>
  <Rating>10.0000</Rating>
  <RatingCount>4</RatingCount>
  <Season>1</Season>
</Banner>
<Banner>
  <id>892934</id>
  <BannerPath>seasons/110381-3-5.jpg</BannerPath>
  <BannerType>season</BannerType>
  <BannerType2>season</BannerType2>
  <Language>en</Language>
  <Rating>10.0000</Rating>
  <RatingCount>8</RatingCount>
  <Season>3</Season>
</Banner>
<Banner>
  <id>876715</id>
  <BannerPath>seasons/110381-2.jpg</BannerPath>
  <BannerType>season</BannerType>
  <BannerType2>season</BannerType2>
  <Language>en</Language>
  <Rating>10.0000</Rating>
  <RatingCount>5</RatingCount>
  <Season>2</Season>
</Banner>
<Banner>
  <id>876713</id>
  <BannerPath>seasons/110381-0-2.jpg</BannerPath>
  <BannerType>season</BannerType>
  <BannerType2>season</BannerType2>
  <Language>en</Language>
  <Rating>9.7500</Rating>
  <RatingCount>4</RatingCount>
  <Season>0</Season>
</Banner>
<Banner>
  <id>886040</id>
  <BannerPath>seasons/110381-3-3.jpg</BannerPath>
  <BannerType>season</BannerType>
  <BannerType2>season</BannerType2>
  <Language>en</Language>
  <Rating>8.8571</Rating>
  <RatingCount>7</RatingCount>
  <Season>3</Season>
</Banner>
<Banner>
  <id>940847</id>
  <BannerPath>seasons/110381-3-6.jpg</BannerPath>
  <BannerType>season</BannerType>
  <BannerType2>season</BannerType2>
  <Language>en</Language>
  <Rating>8.5000</Rating>
  <RatingCount>2</RatingCount>
  <Season>3</Season>
</Banner>
<Banner>
  <id>787701</id>
  <BannerPath>seasons/110381-1.jpg</BannerPath>
  <BannerType>season</BannerType>
  <BannerType2>season</BannerType2>
  <Language>en</Language>
  <Rating>8.5000</Rating>
  <RatingCount>2</RatingCount>
  <Season>1</Season>
</Banner>
<Banner>
  <id>892085</id>
  <BannerPath>seasons/110381-3-4.jpg</BannerPath>
  <BannerType>season</BannerType>
  <BannerType2>season</BannerType2>
  <Language>en</Language>
  <Rating>7.0000</Rating>
  <RatingCount>5</RatingCount>
  <Season>3</Season>
</Banner>
<Banner>
  <id>876653</id>
  <BannerPath>seasons/110381-3.jpg</BannerPath>
  <BannerType>season</BannerType>
  <BannerType2>season</BannerType2>
  <Language>en</Language>
  <Rating>3.8571</Rating>
  <RatingCount>7</RatingCount>
  <Season>3</Season>
</Banner>
<Banner>
  <id>901886</id>
  <BannerPath>seasons/110381-2-3.jpg</BannerPath>
  <BannerType>season</BannerType>
  <BannerType2>season</BannerType2>
  <Language>en</Language>
  <Rating></Rating>
  <RatingCount>0</RatingCount>
  <Season>2</Season>
</Banner>
<Banner>
  <id>928862</id>
  <BannerPath>seasons/110381-3-2.jpg</BannerPath>
  <BannerType>season</BannerType>
  <BannerType2>season</BannerType2>
  <Language>en</Language>
  <Rating></Rating>
  <RatingCount>0</RatingCount>
  <Season>3</Season>
</Banner>
<Banner>
  <id>769831</id>
  <BannerPath>seasons/110381-0.jpg</BannerPath>
  <BannerType>season</BannerType>
  <BannerType2>season</BannerType2>
  <Language>en</Language>
  <Rating></Rating>
  <RatingCount>0</RatingCount>
  <Season>0</Season>
</Banner>
<Banner>
  <id>840671</id>
  <BannerPath>seasonswide/110381-2.jpg</BannerPath>
  <BannerType>season</BannerType>
  <BannerType2>seasonwide</BannerType2>
  <Language>en</Language>
  <Rating></Rating>
  <RatingCount>0</RatingCount>
  <Season>2</Season>
</Banner>
<Banner>
  <id>840651</id>
  <BannerPath>seasonswide/110381-0.jpg</BannerPath>
  <BannerType>season</BannerType>
  <BannerType2>seasonwide</BannerType2>
  <Language>en</Language>
  <Rating></Rating>
  <RatingCount>0</RatingCount>
  <Season>0</Season>
</Banner>
<Banner>
  <id>840661</id>
  <BannerPath>seasonswide/110381-1.jpg</BannerPath>
  <BannerType>season</BannerType>
  <BannerType2>seasonwide</BannerType2>
  <Language>en</Language>
  <Rating></Rating>
  <RatingCount>0</RatingCount>
  <Season>1</Season>
</Banner>
<Banner>
  <id>772931</id>
  <BannerPath>graphical/110381-g5.jpg</BannerPath>
  <BannerType>series</BannerType>
  <BannerType2>graphical</BannerType2>
  <Language>en</Language>
  <Rating>8.1429</Rating>
  <RatingCount>7</RatingCount>
</Banner>
<Banner>
  <id>399941</id>
  <BannerPath>graphical/110381-g4.jpg</BannerPath>
  <BannerType>series</BannerType>
  <BannerType2>graphical</BannerType2>
  <Language>en</Language>
  <Rating>7.6364</Rating>
  <RatingCount>11</RatingCount>
</Banner>
<Banner>
  <id>205131</id>
  <BannerPath>graphical/110381-g.jpg</BannerPath>
  <BannerType>series</BannerType>
  <BannerType2>graphical</BannerType2>
  <Language>en</Language>
  <Rating>6.1111</Rating>
  <RatingCount>9</RatingCount>
</Banner>
<Banner>
  <id>866038</id>
  <BannerPath>graphical/110381-g6.jpg</BannerPath>
  <BannerType>series</BannerType>
  <BannerType2>graphical</BannerType2>
  <Language>en</Language>
  <Rating>5.0000</Rating>
  <RatingCount>2</RatingCount>
</Banner>
<Banner>
  <id>251331</id>
  <BannerPath>graphical/110381-g3.jpg</BannerPath>
  <BannerType>series</BannerType>
  <BannerType2>graphical</BannerType2>
  <Language>en</Language>
  <Rating>4.0000</Rating>
  <RatingCount>2</RatingCount>
</Banner>
<Banner>
  <id>740101</id>
  <BannerPath>text/110381.jpg</BannerPath>
  <BannerType>series</BannerType>
  <BannerType2>text</BannerType2>
  <Language>en</Language>
  <Rating>4.0000</Rating>
  <RatingCount>2</RatingCount>
</Banner>
</Banners>