<?xml version="1.0" encoding="UTF-8" ?>
<Data><Series>
  <id>110381</id>
  <Actors>|H. Jon Benjamin|Aisha Tyler|Jessica Walter|George Coe|Adam Reed|Lucky Yates|Amber Nash|Chris Parnell|Judy Greer|</Actors>
  <Airs_DayOfWeek>Thursday</Airs_DayOfWeek>
  <Airs_Time>10:00 PM</Airs_Time>
  <ContentRating>TV-MA</ContentRating>
  <FirstAired>2009-09-17</FirstAired>
  <Genre>|Action|Adventure|Animation|Comedy|Drama|</Genre>
  <IMDB_ID>tt1486217</IMDB_ID>
  <Language>en</Language>
  <Network>FX</Network>
  <NetworkID></NetworkID>
  <Overview>At ISIS, an international spy agency, global crises are merely opportunities for its highly trained employees to confuse, undermine, betray and royally screw each other. At the center of it all is suave master spy Sterling Archer, whose less-than-masculine code name is &quot;Duchess.&quot; Archer works with his domineering mother Malory, who is also his boss. Drama revolves around Archer's ex-girlfriend, Agent Lana Kane and her new boyfriend, ISIS comptroller Cyril Figgis, as well as Malory's lovesick secretary, Cheryl.</Overview>
  <Rating>9.2</Rating>
  <RatingCount>151</RatingCount>
  <Runtime>30</Runtime>
  <SeriesID>77555</SeriesID>
  <SeriesName>Archer (2009)</SeriesName>
  <Status>Continuing</Status>
  <added>2009-08-23 04:13:16</added>
  <addedBy>235</addedBy>
  <banner>graphical/110381-g5.jpg</banner>
  <fanart>fanart/original/110381-22.jpg</fanart>
  <lastupdated>1365588505</lastupdated>
  <poster>posters/110381-1.jpg</poster>
  <zap2it_id>SH01216702</zap2it_id>
</Series>
<Episode>
  <id>3368921</id>
  <Combined_episodenumber>1</Combined_episodenumber>
  <Combined_season>0</Combined_season>
  <DVD_chapter></DVD_chapter>
  <DVD_discid></DVD_discid>
  <DVD_episodenumber></DVD_episodenumber>
  <DVD_season></DVD_season>
  <Director></Director>
  <EpImgFlag>1</EpImgFlag>
  <EpisodeName>Archersaurus</EpisodeName>
  <EpisodeNumber>1</EpisodeNumber>
  <FirstAired></FirstAired>
  <GuestStars></GuestStars>
  <IMDB_ID></IMDB_ID>
  <Language>en</Language>
  <Overview>The &quot;Original Unaired Archer Pilot&quot; Is actually the first episode &quot;Mole Hunt&quot; With a dinosaur in place of the character of Archer..for the entire episode... </Overview>
  <ProductionCode></ProductionCode>
  <Rating>6.3</Rating>
  <RatingCount>3</RatingCount>
  <SeasonNumber>0</SeasonNumber>
  <Writer></Writer>
  <absolute_number></absolute_number>
  <airsafter_season></airsafter_season>
  <airsbefore_episode>1</airsbefore_episode>
  <airsbefore_season>1</airsbefore_season>
  <filename>episodes/110381/3368921.jpg</filename>
  <lastupdated>1293778214</lastupdated>
  <seasonid>109111</seasonid>
  <seriesid>110381</seriesid>
</Episode>
<Episode>
  <id>3368931</id>
  <Combined_episodenumber>2</Combined_episodenumber>
  <Combined_season>0</Combined_season>
  <DVD_chapter></DVD_chapter>
  <DVD_discid></DVD_discid>
  <DVD_episodenumber></DVD_episodenumber>
  <DVD_season></DVD_season>
  <Director></Director>
  <EpImgFlag>1</EpImgFlag>
  <EpisodeName>Unaired Network Promo</EpisodeName>
  <EpisodeNumber>2</EpisodeNumber>
  <FirstAired></FirstAired>
  <GuestStars></GuestStars>
  <IMDB_ID></IMDB_ID>
  <Language>en</Language>
  <Overview>An unused FX Network promo</Overview>
  <ProductionCode></ProductionCode>
  <Rating></Rating>
  <RatingCount>0</RatingCount>
  <SeasonNumber>0</SeasonNumber>
  <Writer></Writer>
  <absolute_number></absolute_number>
  <airsafter_season></airsafter_season>
  <airsbefore_episode></airsbefore_episode>
  <airsbefore_season></airsbefore_season>
  <filename>episodes/110381/3368931.jpg</filename>
  <lastupdated>1293567131</lastupdated>
  <seasonid>109111</seasonid>
  <seriesid>110381</seriesid>
</Episode>
<Episode>
  <id>4162139</id>
  <Combined_episodenumber>1.0</Combined_episodenumber>
  <Combined_season>3</Combined_season>
  <DVD_chapter></DVD_chapter>
  <DVD_discid></DVD_discid>
  <DVD_episodenumber>1.0</DVD_episodenumber>
  <DVD_season>3</DVD_season>
  <Director></Director>
  <EpImgFlag>2</EpImgFlag>
  <EpisodeName>Heart of Archness: Part I</EpisodeName>
  <EpisodeNumber>4</EpisodeNumber>
  <FirstAired>2011-09-15</FirstAired>
  <GuestStars></GuestStars>
  <IMDB_ID>tt2046353</IMDB_ID>
  <Language>en</Language>
  <Overview>Malory hires an adventurer named Rip Riley (voice of Patrick Warburton) to find Archer, who has been missing since his fiancée was murdered on their wedding day. Rip finds him on a tropical island, but Archer has no interest in leaving.</Overview>
  <ProductionCode></ProductionCode>
  <Rating>8.5</Rating>
  <RatingCount>23</RatingCount>
  <SeasonNumber>0</SeasonNumber>
  <Writer></Writer>
  <absolute_number></absolute_number>
  <airsafter_season></airsafter_season>
  <airsbefore_episode>1</airsbefore_episode>
  <airsbefore_season>3</airsbefore_season>
  <filename>episodes/110381/4162139.jpg</filename>
  <lastupdated>1360589903</lastupdated>
  <seasonid>109111</seasonid>
  <seriesid>110381</seriesid>
</Episode>
<Episode>
  <id>4164047</id>
  <Combined_episodenumber>2.0</Combined_episodenumber>
  <Combined_season>3</Combined_season>
  <DVD_chapter></DVD_chapter>
  <DVD_discid></DVD_discid>
  <DVD_episodenumber>2.0</DVD_episodenumber>
  <DVD_season>3</DVD_season>
  <Director></Director>
  <EpImgFlag>2</EpImgFlag>
  <EpisodeName>Heart of Archness: Part II</EpisodeName>
  <EpisodeNumber>5</EpisodeNumber>
  <FirstAired>2011-09-22</FirstAired>
  <GuestStars></GuestStars>
  <IMDB_ID>tt2046354</IMDB_ID>
  <Language>en</Language>
  <Overview>On the tropical island, Archer has emerged as Pirate King and must deal with it. Meanwhile, his ISIS colleagues keep up their attempts to rescue him. Sort of. </Overview>
  <ProductionCode></ProductionCode>
  <Rating>8.4</Rating>
  <RatingCount>25</RatingCount>
  <SeasonNumber>0</SeasonNumber>
  <Writer></Writer>
  <absolute_number></absolute_number>
  <airsafter_season></airsafter_season>
  <airsbefore_episode>1</airsbefore_episode>
  <airsbefore_season>3</airsbefore_season>
  <filename>episodes/110381/4164047.jpg</filename>
  <lastupdated>1360605981</lastupdated>
  <seasonid>109111</seasonid>
  <seriesid>110381</seriesid>
</Episode>
<Episode>
  <id>4164388</id>
  <Combined_episodenumber>3.0</Combined_episodenumber>
  <Combined_season>3</Combined_season>
  <DVD_chapter></DVD_chapter>
  <DVD_discid></DVD_discid>
  <DVD_episodenumber>3.0</DVD_episodenumber>
  <DVD_season>3</DVD_season>
  <Director></Director>
  <EpImgFlag>2</EpImgFlag>
  <EpisodeName>Heart of Archness: Part III</EpisodeName>
  <EpisodeNumber>6</EpisodeNumber>
  <FirstAired>2011-09-29</FirstAired>
  <GuestStars></GuestStars>
  <IMDB_ID>tt2054900</IMDB_ID>
  <Language>en</Language>
  <Overview>Archer and his fellow prisoners attempt to escape from the Pirate Fortress. Meanwhile, Malory plays hardball in ransom negotiations. Conclusion of a three-part episode.</Overview>
  <ProductionCode></ProductionCode>
  <Rating>7.8</Rating>
  <RatingCount>23</RatingCount>
  <SeasonNumber>0</SeasonNumber>
  <Writer></Writer>
  <absolute_number></absolute_number>
  <airsafter_season></airsafter_season>
  <airsbefore_episode>1</airsbefore_episode>
  <airsbefore_season>3</airsbefore_season>
  <filename>episodes/110381/4164388.jpg</filename>
  <lastupdated>1360605985</lastupdated>
  <seasonid>109111</seasonid>
  <seriesid>110381</seriesid>
</Episode>
<Episode>
  <id>1555111</id>
  <Combined_episodenumber>1.0</Combined_episodenumber>
  <Combined_season>1</Combined_season>
  <DVD_chapter></DVD_chapter>
  <DVD_discid></DVD_discid>
  <DVD_episodenumber>1.0</DVD_episodenumber>
  <DVD_season>1</DVD_season>
  <Director></Director>
  <EpImgFlag>2</EpImgFlag>
  <EpisodeName>Mole Hunt</EpisodeName>
  <EpisodeNumber>1</EpisodeNumber>
  <FirstAired>2009-09-17</FirstAired>
  <GuestStars></GuestStars>
  <IMDB_ID>tt1539157</IMDB_ID>
  <Language>en</Language>
  <Overview>Archer is in trouble with his Mother and the Comptroller because his expense account is way out of proportion to his actual expenses. So he creates the idea that a Mole has breached ISIS and he needs to get into the mainframe to hunt him down (so he can cover his tracks!). All this leads to a surprising ending.</Overview>
  <ProductionCode></ProductionCode>
  <Rating>7.9</Rating>
  <RatingCount>63</RatingCount>
  <SeasonNumber>1</SeasonNumber>
  <Writer>Adam Reed</Writer>
  <absolute_number>2</absolute_number>
  <filename>episodes/110381/1555111.jpg</filename>
  <lastupdated>1360588616</lastupdated>
  <seasonid>119181</seasonid>
  <seriesid>110381</seriesid>
</Episode>
<Episode>
  <id>1085661</id>
  <Combined_episodenumber>2.0</Combined_episodenumber>
  <Combined_season>1</Combined_season>
  <DVD_chapter></DVD_chapter>
  <DVD_discid></DVD_discid>
  <DVD_episodenumber>2.0</DVD_episodenumber>
  <DVD_season>1</DVD_season>
  <Director></Director>
  <EpImgFlag>2</EpImgFlag>
  <EpisodeName>Training Day</EpisodeName>
  <EpisodeNumber>2</EpisodeNumber>
  <FirstAired>2010-01-14</FirstAired>
  <GuestStars></GuestStars>
  <IMDB_ID>tt1570118</IMDB_ID>
  <Language>en</Language>
  <Overview>Lana's residual lust for Archer prompts Malory to promote Cyril to field agent. Archer then trains his new competition as only he can, whilst Malory frets over her own past and her son's future.</Overview>
  <ProductionCode></ProductionCode>
  <Rating>7.8</Rating>
  <RatingCount>58</RatingCount>
  <SeasonNumber>1</SeasonNumber>
  <Writer>Adam Reed</Writer>
  <absolute_number>1</absolute_number>
  <filename>episodes/110381/1085661.jpg</filename>
  <lastupdated>1363183507</lastupdated>
  <seasonid>119181</seasonid>
  <seriesid>110381</seriesid>
</Episode>
<Episode>
  <id>1555121</id>
  <Combined_episodenumber>3.0</Combined_episodenumber>
  <Combined_season>1</Combined_season>
  <DVD_chapter></DVD_chapter>
  <DVD_discid></DVD_discid>
  <DVD_episodenumber>3.0</DVD_episodenumber>
  <DVD_season>1</DVD_season>
  <Director></Director>
  <EpImgFlag>2</EpImgFlag>
  <EpisodeName>Diversity Hire</EpisodeName>
  <EpisodeNumber>3</EpisodeNumber>
  <FirstAired>2010-01-21</FirstAired>
  <GuestStars></GuestStars>
  <IMDB_ID>tt1577177</IMDB_ID>
  <Language>en</Language>
  <Overview>Owing to a rash of agent deaths (the result of Sterling's carelessness), ISIS can't meet government diversity standards. Enter the gruffly elegant Conway Stern, an &quot;onyx&quot; agent who wears a Star of David around his neck. Conway is &quot;a diversity double whammy,&quot; gushes Malory, but that and his secret-agent skills aren't the only reasons she hired him.</Overview>
  <ProductionCode></ProductionCode>
  <Rating>7.7</Rating>
  <RatingCount>57</RatingCount>
  <SeasonNumber>1</SeasonNumber>
  <Writer>Adam Reed</Writer>
  <absolute_number>3</absolute_number>
  <filename>episodes/110381/1555121.jpg</filename>
  <lastupdated>1360588797</lastupdated>
  <seasonid>119181</seasonid>
  <seriesid>110381</seriesid>
</Episode>
<Episode>
  <id>1555131</id>
  <Combined_episodenumber>4.0</Combined_episodenumber>
  <Combined_season>1</Combined_season>
  <DVD_chapter></DVD_chapter>
  <DVD_discid></DVD_discid>
  <DVD_episodenumber>4.0</DVD_episodenumber>
  <DVD_season>1</DVD_season>
  <Director></Director>
  <EpImgFlag>2</EpImgFlag>
  <EpisodeName>Killing Utne</EpisodeName>
  <EpisodeNumber>4</EpisodeNumber>
  <FirstAired>2010-01-28</FirstAired>
  <GuestStars></GuestStars>
  <IMDB_ID>tt1577178</IMDB_ID>
  <Language>en</Language>
  <Overview>Malory hosts a dinner party for the UN intelligence chairman, Torvald Utne, in an effort to get a new weapons contract for ISIS. Unfortunately, a group of rival assassins have targeted Mr. Utne for elimination.</Overview>
  <ProductionCode></ProductionCode>
  <Rating>7.5</Rating>
  <RatingCount>50</RatingCount>
  <SeasonNumber>1</SeasonNumber>
  <Writer>Adam Reed</Writer>
  <absolute_number>4</absolute_number>
  <filename>episodes/110381/1555131.jpg</filename>
  <lastupdated>1360588806</lastupdated>
  <seasonid>119181</seasonid>
  <seriesid>110381</seriesid>
</Episode>
<Episode>
  <id>1654761</id>
  <Combined_episodenumber>5.0</Combined_episodenumber>
  <Combined_season>1</Combined_season>
  <DVD_chapter></DVD_chapter>
  <DVD_discid></DVD_discid>
  <DVD_episodenumber>5.0</DVD_episodenumber>
  <DVD_season>1</DVD_season>
  <Director></Director>
  <EpImgFlag>2</EpImgFlag>
  <EpisodeName>Honeypot</EpisodeName>
  <EpisodeNumber>5</EpisodeNumber>
  <FirstAired>2010-02-04</FirstAired>
  <GuestStars></GuestStars>
  <IMDB_ID>tt1598645</IMDB_ID>
  <Language>en</Language>
  <Overview>Malory's career is threatened when a sensitive videotape falls into the hands of a rogue (and roguish) Cuban agent, so she calls on Archer’s expertise in seduction to turn the tables on her blackmailer.</Overview>
  <ProductionCode></ProductionCode>
  <Rating>7.7</Rating>
  <RatingCount>47</RatingCount>
  <SeasonNumber>1</SeasonNumber>
  <Writer>Adam Reed;Tony Carbone</Writer>
  <absolute_number>5</absolute_number>
  <filename>episodes/110381/1654761.jpg</filename>
  <lastupdated>1360588815</lastupdated>
  <seasonid>119181</seasonid>
  <seriesid>110381</seriesid>
</Episode>
<Episode>
  <id>1699621</id>
  <Combined_episodenumber>6.0</Combined_episodenumber>
  <Combined_season>1</Combined_season>
  <DVD_chapter></DVD_chapter>
  <DVD_discid></DVD_discid>
  <DVD_episodenumber>6.0</DVD_episodenumber>
  <DVD_season>1</DVD_season>
  <Director></Director>
  <EpImgFlag>2</EpImgFlag>
  <EpisodeName>Skorpio</EpisodeName>
  <EpisodeNumber>6</EpisodeNumber>
  <FirstAired>2010-02-11</FirstAired>
  <GuestStars></GuestStars>
  <IMDB_ID>tt1577179</IMDB_ID>
  <Language>en</Language>
  <Overview>Archer must rescue Lana from the clutches of Skorpio, the infamous arms dealer. Meanwhile, Cyril fears not only for his girlfriend's life, but her succumbing to the seductive nature of Archer's heroics.</Overview>
  <ProductionCode></ProductionCode>
  <Rating>8.0</Rating>
  <RatingCount>57</RatingCount>
  <SeasonNumber>1</SeasonNumber>
  <Writer>Adam Reed</Writer>
  <absolute_number>6</absolute_number>
  <filename>episodes/110381/1699621.jpg</filename>
  <lastupdated>1360588827</lastupdated>
  <seasonid>119181</seasonid>
  <seriesid>110381</seriesid>
</Episode>
<Episode>
  <id>1699631</id>
  <Combined_episodenumber>7.0</Combined_episodenumber>
  <Combined_season>1</Combined_season>
  <DVD_chapter></DVD_chapter>
  <DVD_discid></DVD_discid>
  <DVD_episodenumber>7.0</DVD_episodenumber>
  <DVD_season>1</DVD_season>
  <Director></Director>
  <EpImgFlag>2</EpImgFlag>
  <EpisodeName>Skytanic</EpisodeName>
  <EpisodeNumber>7</EpisodeNumber>
  <FirstAired>2010-02-18</FirstAired>
  <GuestStars></GuestStars>
  <IMDB_ID>tt1564607</IMDB_ID>
  <Language>en</Language>
  <Overview>When a bomb threat jeopardizes the maiden voyage of the luxury airship Excelsior, Archer and the ISIS crew must battle the clock (and each other) to avert disaster.</Overview>
  <ProductionCode></ProductionCode>
  <Rating>8.0</Rating>
  <RatingCount>46</RatingCount>
  <SeasonNumber>1</SeasonNumber>
  <Writer>Adam Reed</Writer>
  <absolute_number>7</absolute_number>
  <filename>episodes/110381/1699631.jpg</filename>
  <lastupdated>1360588869</lastupdated>
  <seasonid>119181</seasonid>
  <seriesid>110381</seriesid>
</Episode>
<Episode>
  <id>1725041</id>
  <Combined_episodenumber>8.0</Combined_episodenumber>
  <Combined_season>1</Combined_season>
  <DVD_chapter></DVD_chapter>
  <DVD_discid></DVD_discid>
  <DVD_episodenumber>8.0</DVD_episodenumber>
  <DVD_season>1</DVD_season>
  <Director></Director>
  <EpImgFlag>2</EpImgFlag>
  <EpisodeName>The Rock</EpisodeName>
  <EpisodeNumber>8</EpisodeNumber>
  <FirstAired>2010-03-04</FirstAired>
  <GuestStars></GuestStars>
  <IMDB_ID>tt1613217</IMDB_ID>
  <Language>en</Language>
  <Overview>After ISIS loses yet another lucrative contract to rival agency ODIN, Malory assigns Archer and Lana to embarrass ODIN by stealing a priceless diamond from their biggest client.</Overview>
  <ProductionCode></ProductionCode>
  <Rating>7.7</Rating>
  <RatingCount>48</RatingCount>
  <SeasonNumber>1</SeasonNumber>
  <Writer>Adam Reed</Writer>
  <absolute_number>8</absolute_number>
  <filename>episodes/110381/1725041.jpg</filename>
  <lastupdated>1360588923</lastupdated>
  <seasonid>119181</seasonid>
  <seriesid>110381</seriesid>
</Episode>
<Episode>
  <id>1746101</id>
  <Combined_episodenumber>9.0</Combined_episodenumber>
  <Combined_season>1</Combined_season>
  <DVD_chapter></DVD_chapter>
  <DVD_discid></DVD_discid>
  <DVD_episodenumber>9.0</DVD_episodenumber>
  <DVD_season>1</DVD_season>
  <Director></Director>
  <EpImgFlag>2</EpImgFlag>
  <EpisodeName>Job Offer</EpisodeName>
  <EpisodeNumber>9</EpisodeNumber>
  <FirstAired>2010-03-11</FirstAired>
  <GuestStars></GuestStars>
  <IMDB_ID>tt1613216</IMDB_ID>
  <Language>en</Language>
  <Overview>When Archer takes a higher-paying job at rival agency ODIN, Malory will stop at nothing to get him back.</Overview>
  <ProductionCode></ProductionCode>
  <Rating>7.8</Rating>
  <RatingCount>45</RatingCount>
  <SeasonNumber>1</SeasonNumber>
  <Writer>Adam Reed</Writer>
  <absolute_number>9</absolute_number>
  <filename>episodes/110381/1746101.jpg</filename>
  <lastupdated>1360589106</lastupdated>
  <seasonid>119181</seasonid>
  <seriesid>110381</seriesid>
</Episode>
<Episode>
  <id>1834021</id>
  <Combined_episodenumber>10.0</Combined_episodenumber>
  <Combined_season>1</Combined_season>
  <DVD_chapter></DVD_chapter>
  <DVD_discid></DVD_discid>
  <DVD_episodenumber>10.0</DVD_episodenumber>
  <DVD_season>1</DVD_season>
  <Director></Director>
  <EpImgFlag>2</EpImgFlag>
  <EpisodeName>Dial M for Mother</EpisodeName>
  <EpisodeNumber>10</EpisodeNumber>
  <FirstAired>2010-03-18</FirstAired>
  <GuestStars></GuestStars>
  <IMDB_ID>tt1622042</IMDB_ID>
  <Language>en</Language>
  <Overview>Questions about the identity of Archer's real father lead him into a perilous trap... and an explosive confrontation with Malory.</Overview>
  <ProductionCode></ProductionCode>
  <Rating>7.6</Rating>
  <RatingCount>46</RatingCount>
  <SeasonNumber>1</SeasonNumber>
  <Writer>Adam Reed</Writer>
  <absolute_number>10</absolute_number>
  <filename>episodes/110381/1834021.jpg</filename>
  <lastupdated>1360589229</lastupdated>
  <seasonid>119181</seasonid>
  <seriesid>110381</seriesid>
</Episode>
<Episode>
  <id>3226611</id>
  <Combined_episodenumber>1.0</Combined_episodenumber>
  <Combined_season>2</Combined_season>
  <DVD_chapter></DVD_chapter>
  <DVD_discid></DVD_discid>
  <DVD_episodenumber>1.0</DVD_episodenumber>
  <DVD_season>2</DVD_season>
  <Director>Adam Reed;Mehar Sethi</Director>
  <EpImgFlag>2</EpImgFlag>
  <EpisodeName>Swiss Miss</EpisodeName>
  <EpisodeNumber>1</EpisodeNumber>
  <FirstAired>2011-01-27</FirstAired>
  <GuestStars></GuestStars>
  <IMDB_ID>tt1824276</IMDB_ID>
  <Language>en</Language>
  <Overview>In yet another attempt to secure funding for ISIS, Malory drags her agents to the luxury winter resort town of Gstaad to protect a Swiss billionaire's daughter from a kidnapping threat. But Archer soon finds out the real threat is his protectee: an underage nymphomaniac who will stop at nothing to bed the world’s greatest spy.</Overview>
  <ProductionCode></ProductionCode>
  <Rating>8.1</Rating>
  <RatingCount>51</RatingCount>
  <SeasonNumber>2</SeasonNumber>
  <Writer>Adam Reed;Mehar Sethi</Writer>
  <absolute_number></absolute_number>
  <filename>episodes/110381/3226611.jpg</filename>
  <lastupdated>1360588406</lastupdated>
  <seasonid>364791</seasonid>
  <seriesid>110381</seriesid>
</Episode>
<Episode>
  <id>3409341</id>
  <Combined_episodenumber>2.0</Combined_episodenumber>
  <Combined_season>2</Combined_season>
  <DVD_chapter></DVD_chapter>
  <DVD_discid></DVD_discid>
  <DVD_episodenumber>2.0</DVD_episodenumber>
  <DVD_season>2</DVD_season>
  <Director></Director>
  <EpImgFlag>2</EpImgFlag>
  <EpisodeName>A Going Concern</EpisodeName>
  <EpisodeNumber>2</EpisodeNumber>
  <FirstAired>2011-02-03</FirstAired>
  <GuestStars></GuestStars>
  <IMDB_ID>tt1833264</IMDB_ID>
  <Language>en</Language>
  <Overview>After Malory is wiped out in a Ponzi scheme, she hatches a scheme of her own: selling ISIS - lock, stock and snack machines - to archrival spy agency ODIN. Archer and the rest of the ISIS employees, rightfully fearing for their jobs, must use every trick in the book (ISIS Field Manual, 3rd Edition) to try to stop the sale.</Overview>
  <ProductionCode></ProductionCode>
  <Rating>7.7</Rating>
  <RatingCount>56</RatingCount>
  <SeasonNumber>2</SeasonNumber>
  <Writer>Adam Reed</Writer>
  <absolute_number></absolute_number>
  <filename>episodes/110381/3409341.jpg</filename>
  <lastupdated>1360588436</lastupdated>
  <seasonid>364791</seasonid>
  <seriesid>110381</seriesid>
</Episode>
<Episode>
  <id>3409351</id>
  <Combined_episodenumber>3.0</Combined_episodenumber>
  <Combined_season>2</Combined_season>
  <DVD_chapter></DVD_chapter>
  <DVD_discid></DVD_discid>
  <DVD_episodenumber>3.0</DVD_episodenumber>
  <DVD_season>2</DVD_season>
  <Director></Director>
  <EpImgFlag>2</EpImgFlag>
  <EpisodeName>Blood Test</EpisodeName>
  <EpisodeNumber>3</EpisodeNumber>
  <FirstAired>2011-02-10</FirstAired>
  <GuestStars>Jeffrey Tambour</GuestStars>
  <IMDB_ID>tt1841013</IMDB_ID>
  <Language>en</Language>
  <Overview>When Archer's favorite call girl suddenly arrives for a visit, Archer is shocked to learn that she claims her new baby boy was fathered by him.  She obtains a court order that forces him to take a paternity test in hopes of proving her claim.</Overview>
  <ProductionCode></ProductionCode>
  <Rating>7.7</Rating>
  <RatingCount>51</RatingCount>
  <SeasonNumber>2</SeasonNumber>
  <Writer>Adam Reed</Writer>
  <absolute_number></absolute_number>
  <filename>episodes/110381/3409351.jpg</filename>
  <lastupdated>1360588445</lastupdated>
  <seasonid>364791</seasonid>
  <seriesid>110381</seriesid>
</Episode>
<Episode>
  <id>3409361</id>
  <Combined_episodenumber>4.0</Combined_episodenumber>
  <Combined_season>2</Combined_season>
  <DVD_chapter></DVD_chapter>
  <DVD_discid></DVD_discid>
  <DVD_episodenumber>4.0</DVD_episodenumber>
  <DVD_season>2</DVD_season>
  <Director></Director>
  <EpImgFlag>2</EpImgFlag>
  <EpisodeName>Pipeline Fever</EpisodeName>
  <EpisodeNumber>4</EpisodeNumber>
  <FirstAired>2011-02-17</FirstAired>
  <GuestStars></GuestStars>
  <IMDB_ID>tt1845938</IMDB_ID>
  <Language>en</Language>
  <Overview>Archer and Lana head to Louisiana to stop an ecoterrorist from blowing up a natural-gas pipeline. (Archer’s also looking forward to a Big Easy vacation.) Back at ISIS headquarters, Mallory orders the staff to go green to get “freebie socialist tax credits.” A flashback recalls Lana’s introduction to ISIS.</Overview>
  <ProductionCode></ProductionCode>
  <Rating>7.8</Rating>
  <RatingCount>50</RatingCount>
  <SeasonNumber>2</SeasonNumber>
  <Writer>Adam Reed;Boswell Cocker</Writer>
  <absolute_number></absolute_number>
  <filename>episodes/110381/3409361.jpg</filename>
  <lastupdated>1360588480</lastupdated>
  <seasonid>364791</seasonid>
  <seriesid>110381</seriesid>
</Episode>
<Episode>
  <id>3409371</id>
  <Combined_episodenumber>5.0</Combined_episodenumber>
  <Combined_season>2</Combined_season>
  <DVD_chapter></DVD_chapter>
  <DVD_discid></DVD_discid>
  <DVD_episodenumber>5.0</DVD_episodenumber>
  <DVD_season>2</DVD_season>
  <Director></Director>
  <EpImgFlag>2</EpImgFlag>
  <EpisodeName>The Double Deuce</EpisodeName>
  <EpisodeNumber>5</EpisodeNumber>
  <FirstAired>2011-02-24</FirstAired>
  <GuestStars></GuestStars>
  <IMDB_ID>tt1849255</IMDB_ID>
  <Language>en</Language>
  <Overview>When members of Woodhouse's famed WWI Royal Flying Corps squadron start dying mysteriously, Archer tries to track down the killer.</Overview>
  <ProductionCode></ProductionCode>
  <Rating>7.9</Rating>
  <RatingCount>46</RatingCount>
  <SeasonNumber>2</SeasonNumber>
  <Writer>Adam Reed</Writer>
  <absolute_number></absolute_number>
  <filename>episodes/110381/3409371.jpg</filename>
  <lastupdated>1360588503</lastupdated>
  <seasonid>364791</seasonid>
  <seriesid>110381</seriesid>
</Episode>
<Episode>
  <id>3409381</id>
  <Combined_episodenumber>6.0</Combined_episodenumber>
  <Combined_season>2</Combined_season>
  <DVD_chapter></DVD_chapter>
  <DVD_discid></DVD_discid>
  <DVD_episodenumber>6.0</DVD_episodenumber>
  <DVD_season>2</DVD_season>
  <Director></Director>
  <EpImgFlag>2</EpImgFlag>
  <EpisodeName>Tragical History</EpisodeName>
  <EpisodeNumber>6</EpisodeNumber>
  <FirstAired>2011-03-03</FirstAired>
  <GuestStars></GuestStars>
  <IMDB_ID>tt1856799</IMDB_ID>
  <Language>en</Language>
  <Overview>Cyril agrees to help George Spelvin inject a virus into the ISIS mainframe so Cyril can defeat the virus and be seen as a hero.</Overview>
  <ProductionCode></ProductionCode>
  <Rating>7.7</Rating>
  <RatingCount>51</RatingCount>
  <SeasonNumber>2</SeasonNumber>
  <Writer>Adam Reed</Writer>
  <absolute_number></absolute_number>
  <filename>episodes/110381/3409381.jpg</filename>
  <lastupdated>1360588511</lastupdated>
  <seasonid>364791</seasonid>
  <seriesid>110381</seriesid>
</Episode>
<Episode>
  <id>3409391</id>
  <Combined_episodenumber>7.0</Combined_episodenumber>
  <Combined_season>2</Combined_season>
  <DVD_chapter></DVD_chapter>
  <DVD_discid></DVD_discid>
  <DVD_episodenumber>7.0</DVD_episodenumber>
  <DVD_season>2</DVD_season>
  <Director></Director>
  <EpImgFlag>2</EpImgFlag>
  <EpisodeName>Movie Star</EpisodeName>
  <EpisodeNumber>7</EpisodeNumber>
  <FirstAired>2011-03-10</FirstAired>
  <GuestStars>Rachael Harris</GuestStars>
  <IMDB_ID>tt1862529</IMDB_ID>
  <Language>en</Language>
  <Overview>On Malory's orders, Lana helps Hollywood star Rona Thorne (voice of Rachael Harris) research her role in a spy thriller while Malory writes a role for herself in the movie (with Cyril's reluctant assistance). Meanwhile, Pam steals Rona's diary. </Overview>
  <ProductionCode></ProductionCode>
  <Rating>7.8</Rating>
  <RatingCount>49</RatingCount>
  <SeasonNumber>2</SeasonNumber>
  <Writer></Writer>
  <absolute_number></absolute_number>
  <filename>episodes/110381/3409391.jpg</filename>
  <lastupdated>1360588519</lastupdated>
  <seasonid>364791</seasonid>
  <seriesid>110381</seriesid>
</Episode>
<Episode>
  <id>3712581</id>
  <Combined_episodenumber>8.0</Combined_episodenumber>
  <Combined_season>2</Combined_season>
  <DVD_chapter></DVD_chapter>
  <DVD_discid></DVD_discid>
  <DVD_episodenumber>8.0</DVD_episodenumber>
  <DVD_season>2</DVD_season>
  <Director></Director>
  <EpImgFlag>2</EpImgFlag>
  <EpisodeName>Stage Two</EpisodeName>
  <EpisodeNumber>8</EpisodeNumber>
  <FirstAired>2011-03-17</FirstAired>
  <GuestStars></GuestStars>
  <IMDB_ID>tt1868198</IMDB_ID>
  <Language>en</Language>
  <Overview>Breast cancer strikes the Archer family---Sterling has it. &quot;I'm trying to stay positive,&quot; he says. &quot;I can beat this.&quot; But before surgery, he wants to bond with young Seamus (even though he isn't actually the baby's father) and take a Las Vegas vacation. </Overview>
  <ProductionCode></ProductionCode>
  <Rating>7.9</Rating>
  <RatingCount>41</RatingCount>
  <SeasonNumber>2</SeasonNumber>
  <Writer></Writer>
  <absolute_number></absolute_number>
  <filename>episodes/110381/3712581.jpg</filename>
  <lastupdated>1360588527</lastupdated>
  <seasonid>364791</seasonid>
  <seriesid>110381</seriesid>
</Episode>
<Episode>
  <id>3712591</id>
  <Combined_episodenumber>9.0</Combined_episodenumber>
  <Combined_season>2</Combined_season>
  <DVD_chapter></DVD_chapter>
  <DVD_discid></DVD_discid>
  <DVD_episodenumber>9.0</DVD_episodenumber>
  <DVD_season>2</DVD_season>
  <Director></Director>
  <EpImgFlag>2</EpImgFlag>
  <EpisodeName>Placebo Effect</EpisodeName>
  <EpisodeNumber>9</EpisodeNumber>
  <FirstAired>2011-03-24</FirstAired>
  <GuestStars></GuestStars>
  <IMDB_ID>tt1883469</IMDB_ID>
  <Language>en</Language>
  <Overview>When Archer discovers that the chemotherapy drugs he has been taking are phony, he goes on a rampage against the Irish gangsters behind the scheme. He also makes friends with a fellow marijuana-toking cancer patient (voice of Joan Van Ark). Meanwhile, Cyril learns why Krieger is fluent in Portuguese.</Overview>
  <ProductionCode></ProductionCode>
  <Rating>8.3</Rating>
  <RatingCount>45</RatingCount>
  <SeasonNumber>2</SeasonNumber>
  <Writer></Writer>
  <absolute_number></absolute_number>
  <filename>episodes/110381/3712591.jpg</filename>
  <lastupdated>1360588542</lastupdated>
  <seasonid>364791</seasonid>
  <seriesid>110381</seriesid>
</Episode>
<Episode>
  <id>3989581</id>
  <Combined_episodenumber>10.0</Combined_episodenumber>
  <Combined_season>2</Combined_season>
  <DVD_chapter></DVD_chapter>
  <DVD_discid></DVD_discid>
  <DVD_episodenumber>10.0</DVD_episodenumber>
  <DVD_season>2</DVD_season>
  <Director></Director>
  <EpImgFlag>2</EpImgFlag>
  <EpisodeName>El Secuestro</EpisodeName>
  <EpisodeNumber>10</EpisodeNumber>
  <FirstAired>2011-03-31</FirstAired>
  <GuestStars></GuestStars>
  <IMDB_ID>tt1883467</IMDB_ID>
  <Language>en</Language>
  <Overview>Pam is abducted by kidnappers who mistake her for Cheryl. It seems that Cheryl wasn’t completely forthcoming about her background when she applied for her job at ISIS.</Overview>
  <ProductionCode></ProductionCode>
  <Rating>8.1</Rating>
  <RatingCount>47</RatingCount>
  <SeasonNumber>2</SeasonNumber>
  <Writer></Writer>
  <absolute_number></absolute_number>
  <filename>episodes/110381/3989581.jpg</filename>
  <lastupdated>1360588550</lastupdated>
  <seasonid>364791</seasonid>
  <seriesid>110381</seriesid>
</Episode>
<Episode>
  <id>4002861</id>
  <Combined_episodenumber>11.0</Combined_episodenumber>
  <Combined_season>2</Combined_season>
  <DVD_chapter></DVD_chapter>
  <DVD_discid></DVD_discid>
  <DVD_episodenumber>11.0</DVD_episodenumber>
  <DVD_season>2</DVD_season>
  <Director></Director>
  <EpImgFlag>2</EpImgFlag>
  <EpisodeName>Jeu Monegasque</EpisodeName>
  <EpisodeNumber>11</EpisodeNumber>
  <FirstAired>2011-04-07</FirstAired>
  <GuestStars></GuestStars>
  <IMDB_ID>tt1883468</IMDB_ID>
  <Language>en</Language>
  <Overview>When a mysterious stranger summons Malory and her intrepid ISIS agents to Monaco, all bets are off! Well, actually all bets are on. Because Monaco is basically one giant casino, and Archer has $4 million in untraceable bearer bonds. Also, it's Gran Prix week, so you can just forget getting a hotel room</Overview>
  <ProductionCode></ProductionCode>
  <Rating>7.6</Rating>
  <RatingCount>35</RatingCount>
  <SeasonNumber>2</SeasonNumber>
  <Writer></Writer>
  <absolute_number></absolute_number>
  <filename>episodes/110381/4002861.jpg</filename>
  <lastupdated>1360588570</lastupdated>
  <seasonid>364791</seasonid>
  <seriesid>110381</seriesid>
</Episode>
<Episode>
  <id>4002891</id>
  <Combined_episodenumber>12.0</Combined_episodenumber>
  <Combined_season>2</Combined_season>
  <DVD_chapter></DVD_chapter>
  <DVD_discid></DVD_discid>
  <DVD_episodenumber>12.0</DVD_episodenumber>
  <DVD_season>2</DVD_season>
  <Director></Director>
  <EpImgFlag>2</EpImgFlag>
  <EpisodeName>White Nights</EpisodeName>
  <EpisodeNumber>12</EpisodeNumber>
  <FirstAired>2011-04-14</FirstAired>
  <GuestStars></GuestStars>
  <IMDB_ID>tt1898149</IMDB_ID>
  <Language>en</Language>
  <Overview>Archer's search for his father's identity leads him into hot water.  Agent Barry Dylan is sent to rescue Archer.</Overview>
  <ProductionCode></ProductionCode>
  <Rating>7.9</Rating>
  <RatingCount>40</RatingCount>
  <SeasonNumber>2</SeasonNumber>
  <Writer>Adam Reed</Writer>
  <absolute_number></absolute_number>
  <filename>episodes/110381/4002891.jpg</filename>
  <lastupdated>1360588578</lastupdated>
  <seasonid>364791</seasonid>
  <seriesid>110381</seriesid>
</Episode>
<Episode>
  <id>4077515</id>
  <Combined_episodenumber>13.0</Combined_episodenumber>
  <Combined_season>2</Combined_season>
  <DVD_chapter></DVD_chapter>
  <DVD_discid></DVD_discid>
  <DVD_episodenumber>13.0</DVD_episodenumber>
  <DVD_season>2</DVD_season>
  <Director></Director>
  <EpImgFlag>2</EpImgFlag>
  <EpisodeName>Double Trouble</EpisodeName>
  <EpisodeNumber>13</EpisodeNumber>
  <FirstAired>2011-04-21</FirstAired>
  <GuestStars></GuestStars>
  <IMDB_ID>tt1916816</IMDB_ID>
  <Language>en</Language>
  <Overview>Krieger works to finish a top-secret project, and Archer brings a mysterious former KGB agent named Katya Kazanova home to meet Malory.</Overview>
  <ProductionCode></ProductionCode>
  <Rating>8.3</Rating>
  <RatingCount>41</RatingCount>
  <SeasonNumber>2</SeasonNumber>
  <Writer></Writer>
  <absolute_number></absolute_number>
  <filename>episodes/110381/4077515.jpg</filename>
  <lastupdated>1360588590</lastupdated>
  <seasonid>364791</seasonid>
  <seriesid>110381</seriesid>
</Episode>
<Episode>
  <id>4171788</id>
  <Combined_episodenumber>4.0</Combined_episodenumber>
  <Combined_season>3</Combined_season>
  <DVD_chapter></DVD_chapter>
  <DVD_discid></DVD_discid>
  <DVD_episodenumber>4.0</DVD_episodenumber>
  <DVD_season>3</DVD_season>
  <Director></Director>
  <EpImgFlag>2</EpImgFlag>
  <EpisodeName>The Man From Jupiter</EpisodeName>
  <EpisodeNumber>1</EpisodeNumber>
  <FirstAired>2012-01-19</FirstAired>
  <GuestStars>Burt Reynolds</GuestStars>
  <IMDB_ID>tt2158993</IMDB_ID>
  <Language>en</Language>
  <Overview>Archer is shocked to learn that his mother is dating Archer's idol/hero/man-crush, Burt Reynolds.</Overview>
  <ProductionCode></ProductionCode>
  <Rating>8.2</Rating>
  <RatingCount>51</RatingCount>
  <SeasonNumber>3</SeasonNumber>
  <Writer></Writer>
  <absolute_number></absolute_number>
  <filename>episodes/110381/4171788.jpg</filename>
  <lastupdated>1360588353</lastupdated>
  <seasonid>465786</seasonid>
  <seriesid>110381</seriesid>
</Episode>
<Episode>
  <id>4245836</id>
  <Combined_episodenumber>5.0</Combined_episodenumber>
  <Combined_season>3</Combined_season>
  <DVD_chapter></DVD_chapter>
  <DVD_discid></DVD_discid>
  <DVD_episodenumber>5.0</DVD_episodenumber>
  <DVD_season>3</DVD_season>
  <Director></Director>
  <EpImgFlag>2</EpImgFlag>
  <EpisodeName>El Contador</EpisodeName>
  <EpisodeNumber>2</EpisodeNumber>
  <FirstAired>2012-01-26</FirstAired>
  <GuestStars></GuestStars>
  <IMDB_ID>tt2202719</IMDB_ID>
  <Language>en</Language>
  <Overview>Cyril is promoted to field agent, while Malory institutes a strict drug-testing policy. Neither of which sit well with the staff of ISIS.</Overview>
  <ProductionCode></ProductionCode>
  <Rating>7.8</Rating>
  <RatingCount>41</RatingCount>
  <SeasonNumber>3</SeasonNumber>
  <Writer></Writer>
  <absolute_number></absolute_number>
  <filename>episodes/110381/4245836.jpg</filename>
  <lastupdated>1360605961</lastupdated>
  <seasonid>465786</seasonid>
  <seriesid>110381</seriesid>
</Episode>
<Episode>
  <id>4246771</id>
  <Combined_episodenumber>6.0</Combined_episodenumber>
  <Combined_season>3</Combined_season>
  <DVD_chapter></DVD_chapter>
  <DVD_discid></DVD_discid>
  <DVD_episodenumber>6.0</DVD_episodenumber>
  <DVD_season>3</DVD_season>
  <Director></Director>
  <EpImgFlag>2</EpImgFlag>
  <EpisodeName>The Limited</EpisodeName>
  <EpisodeNumber>3</EpisodeNumber>
  <FirstAired>2012-02-02</FirstAired>
  <GuestStars></GuestStars>
  <IMDB_ID>tt2207833</IMDB_ID>
  <Language>en</Language>
  <Overview>The Royal Canadian Mounted Police enlist the help of ISIS to transport a captured Canadian terrorist. On a train. </Overview>
  <ProductionCode></ProductionCode>
  <Rating>8.0</Rating>
  <RatingCount>45</RatingCount>
  <SeasonNumber>3</SeasonNumber>
  <Writer></Writer>
  <absolute_number></absolute_number>
  <filename>episodes/110381/4246771.jpg</filename>
  <lastupdated>1360605968</lastupdated>
  <seasonid>465786</seasonid>
  <seriesid>110381</seriesid>
</Episode>
<Episode>
  <id>4253725</id>
  <Combined_episodenumber>7.0</Combined_episodenumber>
  <Combined_season>3</Combined_season>
  <DVD_chapter></DVD_chapter>
  <DVD_discid></DVD_discid>
  <DVD_episodenumber>7.0</DVD_episodenumber>
  <DVD_season>3</DVD_season>
  <Director></Director>
  <EpImgFlag>2</EpImgFlag>
  <EpisodeName>Drift Problem</EpisodeName>
  <EpisodeNumber>4</EpisodeNumber>
  <FirstAired>2012-02-09</FirstAired>
  <GuestStars>George Takei</GuestStars>
  <IMDB_ID>tt2211327</IMDB_ID>
  <Language>en</Language>
  <Overview>Archer's surprise birthday present - a high-tech, souped-up spy car - leads to all sorts of other surprises. None of which are good. </Overview>
  <ProductionCode></ProductionCode>
  <Rating>7.8</Rating>
  <RatingCount>46</RatingCount>
  <SeasonNumber>3</SeasonNumber>
  <Writer></Writer>
  <absolute_number></absolute_number>
  <filename>episodes/110381/4253725.jpg</filename>
  <lastupdated>1360605976</lastupdated>
  <seasonid>465786</seasonid>
  <seriesid>110381</seriesid>
</Episode>
<Episode>
  <id>4246772</id>
  <Combined_episodenumber>8.0</Combined_episodenumber>
  <Combined_season>3</Combined_season>
  <DVD_chapter></DVD_chapter>
  <DVD_discid></DVD_discid>
  <DVD_episodenumber>8.0</DVD_episodenumber>
  <DVD_season>3</DVD_season>
  <Director></Director>
  <EpImgFlag>2</EpImgFlag>
  <EpisodeName>Lo Scandalo</EpisodeName>
  <EpisodeNumber>5</EpisodeNumber>
  <FirstAired>2012-02-16</FirstAired>
  <GuestStars></GuestStars>
  <IMDB_ID>tt2207831</IMDB_ID>
  <Language>en</Language>
  <Overview>Malory turns to Archer and Lana for help when she finds herself in a compromising situation with the Italian prime minister. </Overview>
  <ProductionCode></ProductionCode>
  <Rating>8.0</Rating>
  <RatingCount>49</RatingCount>
  <SeasonNumber>3</SeasonNumber>
  <Writer></Writer>
  <absolute_number></absolute_number>
  <filename>episodes/110381/4246772.jpg</filename>
  <lastupdated>1360605995</lastupdated>
  <seasonid>465786</seasonid>
  <seriesid>110381</seriesid>
</Episode>
<Episode>
  <id>4253736</id>
  <Combined_episodenumber>9.0</Combined_episodenumber>
  <Combined_season>3</Combined_season>
  <DVD_chapter></DVD_chapter>
  <DVD_discid></DVD_discid>
  <DVD_episodenumber>9.0</DVD_episodenumber>
  <DVD_season>3</DVD_season>
  <Director></Director>
  <EpImgFlag>2</EpImgFlag>
  <EpisodeName>Bloody Ferlin</EpisodeName>
  <EpisodeNumber>6</EpisodeNumber>
  <FirstAired>2012-02-23</FirstAired>
  <GuestStars></GuestStars>
  <IMDB_ID>tt2211325</IMDB_ID>
  <Language>en</Language>
  <Overview>Archer must help Gillette save his younger brother from a crooked sheriff in the backwoods of West Virginia. </Overview>
  <ProductionCode></ProductionCode>
  <Rating>7.7</Rating>
  <RatingCount>47</RatingCount>
  <SeasonNumber>3</SeasonNumber>
  <Writer></Writer>
  <absolute_number></absolute_number>
  <filename>episodes/110381/4253736.jpg</filename>
  <lastupdated>1360606002</lastupdated>
  <seasonid>465786</seasonid>
  <seriesid>110381</seriesid>
</Episode>
<Episode>
  <id>4258939</id>
  <Combined_episodenumber>10.0</Combined_episodenumber>
  <Combined_season>3</Combined_season>
  <DVD_chapter></DVD_chapter>
  <DVD_discid></DVD_discid>
  <DVD_episodenumber>10.0</DVD_episodenumber>
  <DVD_season>3</DVD_season>
  <Director>Adam Reed</Director>
  <EpImgFlag>2</EpImgFlag>
  <EpisodeName>Crossing Over</EpisodeName>
  <EpisodeNumber>7</EpisodeNumber>
  <FirstAired>2012-03-01</FirstAired>
  <GuestStars></GuestStars>
  <IMDB_ID>tt2256127</IMDB_ID>
  <Language>en</Language>
  <Overview>Archer's sex life compromises his effectiveness as an agent. But more seriously than the countless other times.</Overview>
  <ProductionCode></ProductionCode>
  <Rating>7.7</Rating>
  <RatingCount>46</RatingCount>
  <SeasonNumber>3</SeasonNumber>
  <Writer>Adam Reed</Writer>
  <absolute_number></absolute_number>
  <filename>episodes/110381/4258939.jpg</filename>
  <lastupdated>1360606012</lastupdated>
  <seasonid>465786</seasonid>
  <seriesid>110381</seriesid>
</Episode>
<Episode>
  <id>4277067</id>
  <Combined_episodenumber>11.0</Combined_episodenumber>
  <Combined_season>3</Combined_season>
  <DVD_chapter></DVD_chapter>
  <DVD_discid></DVD_discid>
  <DVD_episodenumber>11.0</DVD_episodenumber>
  <DVD_season>3</DVD_season>
  <Director></Director>
  <EpImgFlag>2</EpImgFlag>
  <EpisodeName>Skin Game</EpisodeName>
  <EpisodeNumber>8</EpisodeNumber>
  <FirstAired>2012-03-08</FirstAired>
  <GuestStars></GuestStars>
  <IMDB_ID>tt2279509</IMDB_ID>
  <Language>en</Language>
  <Overview>Archer is faced with a dilemma when his murdered fiance, Katya, miraculously reappears. In Krieger's lab. </Overview>
  <ProductionCode></ProductionCode>
  <Rating>8.0</Rating>
  <RatingCount>45</RatingCount>
  <SeasonNumber>3</SeasonNumber>
  <Writer></Writer>
  <absolute_number></absolute_number>
  <filename>episodes/110381/4277067.jpg</filename>
  <lastupdated>1360606020</lastupdated>
  <seasonid>465786</seasonid>
  <seriesid>110381</seriesid>
</Episode>
<Episode>
  <id>4277068</id>
  <Combined_episodenumber>12.0</Combined_episodenumber>
  <Combined_season>3</Combined_season>
  <DVD_chapter></DVD_chapter>
  <DVD_discid></DVD_discid>
  <DVD_episodenumber>12.0</DVD_episodenumber>
  <DVD_season>3</DVD_season>
  <Director></Director>
  <EpImgFlag>2</EpImgFlag>
  <EpisodeName>Space Race (1)</EpisodeName>
  <EpisodeNumber>9</EpisodeNumber>
  <FirstAired>2012-03-15</FirstAired>
  <GuestStars>Bryan Cranston</GuestStars>
  <IMDB_ID>tt2279511</IMDB_ID>
  <Language>en</Language>
  <Overview>Archer and his colleagues at ISIS voyage to the final frontier in an effort to prevent a catastrophe on the International Space Station.</Overview>
  <ProductionCode></ProductionCode>
  <Rating>8.0</Rating>
  <RatingCount>37</RatingCount>
  <SeasonNumber>3</SeasonNumber>
  <Writer></Writer>
  <absolute_number></absolute_number>
  <filename>episodes/110381/4277068.jpg</filename>
  <lastupdated>1360606027</lastupdated>
  <seasonid>465786</seasonid>
  <seriesid>110381</seriesid>
</Episode>
<Episode>
  <id>4277069</id>
  <Combined_episodenumber>13.0</Combined_episodenumber>
  <Combined_season>3</Combined_season>
  <DVD_chapter></DVD_chapter>
  <DVD_discid></DVD_discid>
  <DVD_episodenumber>13.0</DVD_episodenumber>
  <DVD_season>3</DVD_season>
  <Director></Director>
  <EpImgFlag>2</EpImgFlag>
  <EpisodeName>Space Race (2)</EpisodeName>
  <EpisodeNumber>10</EpisodeNumber>
  <FirstAired>2012-03-22</FirstAired>
  <GuestStars></GuestStars>
  <IMDB_ID>tt2279513</IMDB_ID>
  <Language>en</Language>
  <Overview>Season finale. Archer and the rest of ISIS are held captive by mutineers on the International Space Station.</Overview>
  <ProductionCode></ProductionCode>
  <Rating>8.1</Rating>
  <RatingCount>38</RatingCount>
  <SeasonNumber>3</SeasonNumber>
  <Writer></Writer>
  <absolute_number></absolute_number>
  <filename>episodes/110381/4277069.jpg</filename>
  <lastupdated>1360606033</lastupdated>
  <seasonid>465786</seasonid>
  <seriesid>110381</seriesid>
</Episode>
<Episode>
  <id>4357938</id>
  <Combined_episodenumber>1</Combined_episodenumber>
  <Combined_season>4</Combined_season>
  <DVD_chapter></DVD_chapter>
  <DVD_discid></DVD_discid>
  <DVD_episodenumber></DVD_episodenumber>
  <DVD_season></DVD_season>
  <Director>Adam Reed</Director>
  <EpImgFlag>2</EpImgFlag>
  <EpisodeName>Fugue and Riffs</EpisodeName>
  <EpisodeNumber>1</EpisodeNumber>
  <FirstAired>2013-01-17</FirstAired>
  <GuestStars></GuestStars>
  <IMDB_ID></IMDB_ID>
  <Language>en</Language>
  <Overview>Archer, I mean Bob, has amnesia and decides the only cure is a spa weekend.</Overview>
  <ProductionCode></ProductionCode>
  <Rating>8.0</Rating>
  <RatingCount>23</RatingCount>
  <SeasonNumber>4</SeasonNumber>
  <Writer>Adam Reed</Writer>
  <absolute_number></absolute_number>
  <filename>episodes/110381/4357938.jpg</filename>
  <lastupdated>1358531908</lastupdated>
  <seasonid>490075</seasonid>
  <seriesid>110381</seriesid>
</Episode>
<Episode>
  <id>4479272</id>
  <Combined_episodenumber>2</Combined_episodenumber>
  <Combined_season>4</Combined_season>
  <DVD_chapter></DVD_chapter>
  <DVD_discid></DVD_discid>
  <DVD_episodenumber></DVD_episodenumber>
  <DVD_season></DVD_season>
  <Director>Adam Reed</Director>
  <EpImgFlag>2</EpImgFlag>
  <EpisodeName>The Wind Cries Mary</EpisodeName>
  <EpisodeNumber>2</EpisodeNumber>
  <FirstAired>2013-01-24</FirstAired>
  <GuestStars>|Timothy Olyphant|</GuestStars>
  <IMDB_ID></IMDB_ID>
  <Language>en</Language>
  <Overview>Archer and his former best friend are holed up in the Vermont wilderness, fighting hard to come out on top. </Overview>
  <ProductionCode></ProductionCode>
  <Rating>8.1</Rating>
  <RatingCount>23</RatingCount>
  <SeasonNumber>4</SeasonNumber>
  <Writer>|Adam Reed|Chris Provenzano|</Writer>
  <absolute_number></absolute_number>
  <filename>episodes/110381/4479272.jpg</filename>
  <lastupdated>1359138763</lastupdated>
  <seasonid>490075</seasonid>
  <seriesid>110381</seriesid>
</Episode>
<Episode>
  <id>4479273</id>
  <Combined_episodenumber>3</Combined_episodenumber>
  <Combined_season>4</Combined_season>
  <DVD_chapter></DVD_chapter>
  <DVD_discid></DVD_discid>
  <DVD_episodenumber></DVD_episodenumber>
  <DVD_season></DVD_season>
  <Director>Adam Reed</Director>
  <EpImgFlag>2</EpImgFlag>
  <EpisodeName>Legs</EpisodeName>
  <EpisodeNumber>3</EpisodeNumber>
  <FirstAired>2013-01-31</FirstAired>
  <GuestStars></GuestStars>
  <IMDB_ID></IMDB_ID>
  <Language>en</Language>
  <Overview>Archer's fear of cyborgs hits home when Krieger offers to make robotic legs for Gillette.</Overview>
  <ProductionCode></ProductionCode>
  <Rating>8.2</Rating>
  <RatingCount>24</RatingCount>
  <SeasonNumber>4</SeasonNumber>
  <Writer>Adam Reed</Writer>
  <absolute_number></absolute_number>
  <filename>episodes/110381/4479273.jpg</filename>
  <lastupdated>1359742306</lastupdated>
  <seasonid>490075</seasonid>
  <seriesid>110381</seriesid>
</Episode>
<Episode>
  <id>4479275</id>
  <Combined_episodenumber>4</Combined_episodenumber>
  <Combined_season>4</Combined_season>
  <DVD_chapter></DVD_chapter>
  <DVD_discid></DVD_discid>
  <DVD_episodenumber></DVD_episodenumber>
  <DVD_season></DVD_season>
  <Director>Adam Reed</Director>
  <EpImgFlag>2</EpImgFlag>
  <EpisodeName>Midnight Ron</EpisodeName>
  <EpisodeNumber>4</EpisodeNumber>
  <FirstAired>2013-02-07</FirstAired>
  <GuestStars></GuestStars>
  <IMDB_ID></IMDB_ID>
  <Language>en</Language>
  <Overview>The beginning of beautiful hatred between Archer and his new stepfather plays out as the two are chased by gangsters. </Overview>
  <ProductionCode></ProductionCode>
  <Rating>8.0</Rating>
  <RatingCount>27</RatingCount>
  <SeasonNumber>4</SeasonNumber>
  <Writer>|Adam Reed|Tesha Kondrat|</Writer>
  <absolute_number></absolute_number>
  <filename>episodes/110381/4479275.jpg</filename>
  <lastupdated>1360193880</lastupdated>
  <seasonid>490075</seasonid>
  <seriesid>110381</seriesid>
</Episode>
<Episode>
  <id>4491197</id>
  <Combined_episodenumber>5</Combined_episodenumber>
  <Combined_season>4</Combined_season>
  <DVD_chapter></DVD_chapter>
  <DVD_discid></DVD_discid>
  <DVD_episodenumber></DVD_episodenumber>
  <DVD_season></DVD_season>
  <Director>Adam Reed</Director>
  <EpImgFlag>2</EpImgFlag>
  <EpisodeName>Viscous Coupling</EpisodeName>
  <EpisodeNumber>5</EpisodeNumber>
  <FirstAired>2013-02-14</FirstAired>
  <GuestStars></GuestStars>
  <IMDB_ID></IMDB_ID>
  <Language>en</Language>
  <Overview>Archer's former fiancée calls on him to rescue her cyborg boyfriend from outer space, but he has other things on his mind.</Overview>
  <ProductionCode></ProductionCode>
  <Rating>8.0</Rating>
  <RatingCount>21</RatingCount>
  <SeasonNumber>4</SeasonNumber>
  <Writer>Adam Reed</Writer>
  <absolute_number></absolute_number>
  <filename>episodes/110381/4491197.jpg</filename>
  <lastupdated>1361557586</lastupdated>
  <seasonid>490075</seasonid>
  <seriesid>110381</seriesid>
</Episode>
<Episode>
  <id>4491198</id>
  <Combined_episodenumber>6</Combined_episodenumber>
  <Combined_season>4</Combined_season>
  <DVD_chapter></DVD_chapter>
  <DVD_discid></DVD_discid>
  <DVD_episodenumber></DVD_episodenumber>
  <DVD_season></DVD_season>
  <Director>Adam Reed</Director>
  <EpImgFlag>2</EpImgFlag>
  <EpisodeName>Once Bitten</EpisodeName>
  <EpisodeNumber>6</EpisodeNumber>
  <FirstAired>2013-02-21</FirstAired>
  <GuestStars></GuestStars>
  <IMDB_ID></IMDB_ID>
  <Language>en</Language>
  <Overview>Archer is bitten by a snake in a &quot;special place&quot;.</Overview>
  <ProductionCode></ProductionCode>
  <Rating>8.0</Rating>
  <RatingCount>21</RatingCount>
  <SeasonNumber>4</SeasonNumber>
  <Writer>Adam Reed</Writer>
  <absolute_number></absolute_number>
  <filename>episodes/110381/4491198.jpg</filename>
  <lastupdated>1361547089</lastupdated>
  <seasonid>490075</seasonid>
  <seriesid>110381</seriesid>
</Episode>
<Episode>
  <id>4491200</id>
  <Combined_episodenumber>7</Combined_episodenumber>
  <Combined_season>4</Combined_season>
  <DVD_chapter></DVD_chapter>
  <DVD_discid></DVD_discid>
  <DVD_episodenumber></DVD_episodenumber>
  <DVD_season></DVD_season>
  <Director>Adam Reed</Director>
  <EpImgFlag>2</EpImgFlag>
  <EpisodeName>Live and Let Dine</EpisodeName>
  <EpisodeNumber>7</EpisodeNumber>
  <FirstAired>2013-02-28</FirstAired>
  <GuestStars></GuestStars>
  <IMDB_ID></IMDB_ID>
  <Language>en</Language>
  <Overview>Archer, Lana, and Cyril go undercover in celebrity chef Lance Casteau's hellish kitchen.</Overview>
  <ProductionCode></ProductionCode>
  <Rating>8.4</Rating>
  <RatingCount>19</RatingCount>
  <SeasonNumber>4</SeasonNumber>
  <Writer>Adam Reed</Writer>
  <absolute_number></absolute_number>
  <filename>episodes/110381/4491200.jpg</filename>
  <lastupdated>1361850998</lastupdated>
  <seasonid>490075</seasonid>
  <seriesid>110381</seriesid>
</Episode>
<Episode>
  <id>4491201</id>
  <Combined_episodenumber>8</Combined_episodenumber>
  <Combined_season>4</Combined_season>
  <DVD_chapter></DVD_chapter>
  <DVD_discid></DVD_discid>
  <DVD_episodenumber></DVD_episodenumber>
  <DVD_season></DVD_season>
  <Director>Adam Reed</Director>
  <EpImgFlag>2</EpImgFlag>
  <EpisodeName>Coyote Lovely</EpisodeName>
  <EpisodeNumber>8</EpisodeNumber>
  <FirstAired>2013-03-07</FirstAired>
  <GuestStars></GuestStars>
  <IMDB_ID></IMDB_ID>
  <Language>en</Language>
  <Overview>Archer heads to the Mexican border to capture a notorious coyote, which is Spanish for coyote.</Overview>
  <ProductionCode></ProductionCode>
  <Rating>8.3</Rating>
  <RatingCount>21</RatingCount>
  <SeasonNumber>4</SeasonNumber>
  <Writer>Adam Reed</Writer>
  <absolute_number></absolute_number>
  <filename>episodes/110381/4491201.jpg</filename>
  <lastupdated>1362373692</lastupdated>
  <seasonid>490075</seasonid>
  <seriesid>110381</seriesid>
</Episode>
<Episode>
  <id>4491202</id>
  <Combined_episodenumber>9</Combined_episodenumber>
  <Combined_season>4</Combined_season>
  <DVD_chapter></DVD_chapter>
  <DVD_discid></DVD_discid>
  <DVD_episodenumber></DVD_episodenumber>
  <DVD_season></DVD_season>
  <Director>Adam Reed</Director>
  <EpImgFlag>2</EpImgFlag>
  <EpisodeName>The Honeymooners</EpisodeName>
  <EpisodeNumber>9</EpisodeNumber>
  <FirstAired>2013-03-14</FirstAired>
  <GuestStars></GuestStars>
  <IMDB_ID></IMDB_ID>
  <Language>en</Language>
  <Overview>Archer and Lana pose as newlyweds to stop a sale of enriched uranium. </Overview>
  <ProductionCode></ProductionCode>
  <Rating>8.1</Rating>
  <RatingCount>22</RatingCount>
  <SeasonNumber>4</SeasonNumber>
  <Writer>Adam Reed|Mike Arnold</Writer>
  <absolute_number></absolute_number>
  <filename>episodes/110381/4491202.jpg</filename>
  <lastupdated>1362975362</lastupdated>
  <seasonid>490075</seasonid>
  <seriesid>110381</seriesid>
</Episode>
<Episode>
  <id>4491203</id>
  <Combined_episodenumber>10</Combined_episodenumber>
  <Combined_season>4</Combined_season>
  <DVD_chapter></DVD_chapter>
  <DVD_discid></DVD_discid>
  <DVD_episodenumber></DVD_episodenumber>
  <DVD_season></DVD_season>
  <Director>Adam Reed</Director>
  <EpImgFlag>2</EpImgFlag>
  <EpisodeName>Un Chien Tangerine</EpisodeName>
  <EpisodeNumber>10</EpisodeNumber>
  <FirstAired>2013-03-21</FirstAired>
  <GuestStars></GuestStars>
  <IMDB_ID></IMDB_ID>
  <Language>en</Language>
  <Overview>Archer and Lana extract an agent from Morocco only to find out his bark is worse than his bite.</Overview>
  <ProductionCode></ProductionCode>
  <Rating>8.4</Rating>
  <RatingCount>22</RatingCount>
  <SeasonNumber>4</SeasonNumber>
  <Writer>Adam Reed|Mike Arnold</Writer>
  <absolute_number></absolute_number>
  <filename>episodes/110381/4491203.jpg</filename>
  <lastupdated>1363507987</lastupdated>
  <seasonid>490075</seasonid>
  <seriesid>110381</seriesid>
</Episode>
<Episode>
  <id>4491204</id>
  <Combined_episodenumber>11</Combined_episodenumber>
  <Combined_season>4</Combined_season>
  <DVD_chapter></DVD_chapter>
  <DVD_discid></DVD_discid>
  <DVD_episodenumber></DVD_episodenumber>
  <DVD_season></DVD_season>
  <Director>Adam Reed</Director>
  <EpImgFlag>2</EpImgFlag>
  <EpisodeName>The Papal Chase</EpisodeName>
  <EpisodeNumber>11</EpisodeNumber>
  <FirstAired>2013-03-28</FirstAired>
  <GuestStars></GuestStars>
  <IMDB_ID></IMDB_ID>
  <Language>en</Language>
  <Overview>Archer must rescue the Pope from an assassination plot using Woodhouse as a decoy. Operation Bad Habit is a go.</Overview>
  <ProductionCode></ProductionCode>
  <Rating>8.0</Rating>
  <RatingCount>22</RatingCount>
  <SeasonNumber>4</SeasonNumber>
  <Writer>Adam Reed|Eric Sims</Writer>
  <absolute_number></absolute_number>
  <filename>episodes/110381/4491204.jpg</filename>
  <lastupdated>1365339115</lastupdated>
  <seasonid>490075</seasonid>
  <seriesid>110381</seriesid>
</Episode>
<Episode>
  <id>4502446</id>
  <Combined_episodenumber>12</Combined_episodenumber>
  <Combined_season>4</Combined_season>
  <DVD_chapter></DVD_chapter>
  <DVD_discid></DVD_discid>
  <DVD_episodenumber></DVD_episodenumber>
  <DVD_season></DVD_season>
  <Director>Adam Reed</Director>
  <EpImgFlag>2</EpImgFlag>
  <EpisodeName>Sea Tunt (1)</EpisodeName>
  <EpisodeNumber>12</EpisodeNumber>
  <FirstAired>2013-04-04</FirstAired>
  <GuestStars>Eugene Mirman|Kristen Schall</GuestStars>
  <IMDB_ID></IMDB_ID>
  <Language>en</Language>
  <Overview>Cheryl's brother Cecil Tunt and his girlfriend Tiffy drive her crazier than usual as they travel into the Bermuda Triangle. Where mysteries abound!.</Overview>
  <ProductionCode></ProductionCode>
  <Rating>8.3</Rating>
  <RatingCount>16</RatingCount>
  <SeasonNumber>4</SeasonNumber>
  <Writer>Adam Reed</Writer>
  <absolute_number></absolute_number>
  <filename>episodes/110381/4502446.jpg</filename>
  <lastupdated>1364826314</lastupdated>
  <seasonid>490075</seasonid>
  <seriesid>110381</seriesid>
</Episode>
<Episode>
  <id>4502447</id>
  <Combined_episodenumber>13</Combined_episodenumber>
  <Combined_season>4</Combined_season>
  <DVD_chapter></DVD_chapter>
  <DVD_discid></DVD_discid>
  <DVD_episodenumber></DVD_episodenumber>
  <DVD_season></DVD_season>
  <Director>Adam Reed</Director>
  <EpImgFlag>2</EpImgFlag>
  <EpisodeName>Sea Tunt (2)</EpisodeName>
  <EpisodeNumber>13</EpisodeNumber>
  <FirstAired>2013-04-11</FirstAired>
  <GuestStars>Jon Hamm</GuestStars>
  <IMDB_ID></IMDB_ID>
  <Language>en</Language>
  <Overview>Archer and the ISIS crew go to an underwater SEA LABoratory  to stop the deranged Captain Murphy.</Overview>
  <ProductionCode></ProductionCode>
  <Rating></Rating>
  <RatingCount>0</RatingCount>
  <SeasonNumber>4</SeasonNumber>
  <Writer>|Adam Reed|Rick Cleveland|</Writer>
  <absolute_number></absolute_number>
  <filename>episodes/110381/4502447.jpg</filename>
  <lastupdated>1365331988</lastupdated>
  <seasonid>490075</seasonid>
  <seriesid>110381</seriesid>
</Episode>
</Data>