<?xml version="1.0" encoding="UTF-8" ?>
<Actors>
<Actor>
  <id>48945</id>
  <Image>actors/48945.jpg</Image>
  <Name>Will Smith</Name>
  <Role>Will Smith</Role>
  <SortOrder>0</SortOrder>
</Actor>
<Actor>
  <id>48946</id>
  <Image></Image>
  <Name>Alfonso Ribeiro</Name>
  <Role>Carlton Banks</Role>
  <SortOrder>1</SortOrder>
</Actor>
<Actor>
  <id>179481</id>
  <Image>actors/179481.jpg</Image>
  <Name>Jeffrey A. Townes</Name>
  <Role>Jazz</Role>
  <SortOrder>2</SortOrder>
</Actor>
<Actor>
  <id>48949</id>
  <Image></Image>
  <Name>James Avery</Name>
  <Role>Philip Banks</Role>
  <SortOrder>2</SortOrder>
</Actor>
<Actor>
  <id>48942</id>
  <Image></Image>
  <Name>Tatyana Ali</Name>
  <Role>Ashley Banks</Role>
  <SortOrder>2</SortOrder>
</Actor>
<Actor>
  <id>48950</id>
  <Image>actors/48950.jpg</Image>
  <Name>Janet Hubert-Whitten</Name>
  <Role>Vivian Banks</Role>
  <SortOrder>3</SortOrder>
</Actor>
<Actor>
  <id>48948</id>
  <Image>actors/48948.jpg</Image>
  <Name>Karyn Parsons</Name>
  <Role>Hilary Banks</Role>
  <SortOrder>3</SortOrder>
</Actor>
<Actor>
  <id>48947</id>
  <Image>actors/48947.jpg</Image>
  <Name>Joseph Marcell</Name>
  <Role>Geoffrey</Role>
  <SortOrder>3</SortOrder>
</Actor>
<Actor>
  <id>48944</id>
  <Image>actors/48944.jpg</Image>
  <Name>Daphne Maxwell Reid</Name>
  <Role>Vivian Banks</Role>
  <SortOrder>3</SortOrder>
</Actor>
<Actor>
  <id>48943</id>
  <Image>actors/48943.jpg</Image>
  <Name>Ross Bagley</Name>
  <Role>Nicky Banks</Role>
  <SortOrder>3</SortOrder>
</Actor>
<Actor>
  <id>198421</id>
  <Image>actors/198421.jpg</Image>
  <Name>Charlayne Woodard</Name>
  <Role>Janice</Role>
  <SortOrder>3</SortOrder>
</Actor>
<Actor>
  <id>198391</id>
  <Image>actors/198391.jpg</Image>
  <Name></Name>
  <Role></Role>
  <SortOrder>3</SortOrder>
</Actor>
<Actor>
  <id>198411</id>
  <Image></Image>
  <Name>Diedrich Bader</Name>
  <Role>Frank</Role>
  <SortOrder>3</SortOrder>
</Actor>
<Actor>
  <id>198431</id>
  <Image></Image>
  <Name>Jenifer Lewis</Name>
  <Role>Helen</Role>
  <SortOrder>3</SortOrder>
</Actor>
</Actors>