<?xml version="1.0" encoding="UTF-8" ?>
<Actors>
<Actor>
  <id>77724</id>
  <Image>actors/77724.jpg</Image>
  <Name>Christopher Eccleston</Name>
  <Role>The Doctor (9)</Role>
  <SortOrder>0</SortOrder>
</Actor>
<Actor>
  <id>67922</id>
  <Image>actors/67922.jpg</Image>
  <Name>David Tennant</Name>
  <Role>The Doctor (10)</Role>
  <SortOrder>0</SortOrder>
</Actor>
<Actor>
  <id>129621</id>
  <Image>actors/129621.jpg</Image>
  <Name>Matt Smith</Name>
  <Role>The Doctor (11)</Role>
  <SortOrder>0</SortOrder>
</Actor>
<Actor>
  <id>77751</id>
  <Image>actors/77751.jpg</Image>
  <Name>Catherine Tate</Name>
  <Role>Donna Noble</Role>
  <SortOrder>1</SortOrder>
</Actor>
<Actor>
  <id>67924</id>
  <Image>actors/67924.jpg</Image>
  <Name>Freema Agyeman</Name>
  <Role>Martha Jones</Role>
  <SortOrder>1</SortOrder>
</Actor>
<Actor>
  <id>67923</id>
  <Image>actors/67923.jpg</Image>
  <Name>Billie Piper</Name>
  <Role>Rose Tyler</Role>
  <SortOrder>1</SortOrder>
</Actor>
<Actor>
  <id>305854</id>
  <Image>actors/305854.jpg</Image>
  <Name>Jenna-Louise Coleman</Name>
  <Role>Oswin Oswald</Role>
  <SortOrder>1</SortOrder>
</Actor>
<Actor>
  <id>200011</id>
  <Image>actors/200011.jpg</Image>
  <Name>Arthur Darvill</Name>
  <Role>Rory Williams</Role>
  <SortOrder>1</SortOrder>
</Actor>
<Actor>
  <id>129611</id>
  <Image>actors/129611.jpg</Image>
  <Name>Karen Gillan</Name>
  <Role>Amy Pond</Role>
  <SortOrder>1</SortOrder>
</Actor>
<Actor>
  <id>79737</id>
  <Image>actors/79737.jpg</Image>
  <Name>John Simm</Name>
  <Role>The Master</Role>
  <SortOrder>3</SortOrder>
</Actor>
<Actor>
  <id>67925</id>
  <Image>actors/67925.jpg</Image>
  <Name>John Barrowman</Name>
  <Role>Captain Jack Harkness</Role>
  <SortOrder>3</SortOrder>
</Actor>
<Actor>
  <id>308282</id>
  <Image>actors/308282.jpg</Image>
  <Name>Bernard Cribbins</Name>
  <Role>Wilfred Mott</Role>
  <SortOrder>3</SortOrder>
</Actor>
<Actor>
  <id>286535</id>
  <Image>actors/286535.jpg</Image>
  <Name>Alex Kingston</Name>
  <Role>River Song</Role>
  <SortOrder>3</SortOrder>
</Actor>
</Actors>