<?xml version="1.0" encoding="UTF-8" ?>
<Actors>
<Actor>
  <id>3299</id>
  <Image></Image>
  <Name>Adewale Akinnuoye-Agbaje</Name>
  <Role>Simon Adebisi</Role>
  <SortOrder>3</SortOrder>
</Actor>
<Actor>
  <id>3304</id>
  <Image></Image>
  <Name>Anthony Chisholm</Name>
  <Role></Role>
  <SortOrder>3</SortOrder>
</Actor>
<Actor>
  <id>3287</id>
  <Image></Image>
  <Name>B.D. Wong</Name>
  <Role></Role>
  <SortOrder>3</SortOrder>
</Actor>
<Actor>
  <id>3294</id>
  <Image></Image>
  <Name>Blake Robbins</Name>
  <Role></Role>
  <SortOrder>3</SortOrder>
</Actor>
<Actor>
  <id>3288</id>
  <Image></Image>
  <Name>Christopher Meloni</Name>
  <Role></Role>
  <SortOrder>3</SortOrder>
</Actor>
<Actor>
  <id>3293</id>
  <Image></Image>
  <Name>Chuck Zito</Name>
  <Role></Role>
  <SortOrder>3</SortOrder>
</Actor>
<Actor>
  <id>3302</id>
  <Image></Image>
  <Name>Dean Winters</Name>
  <Role>Ryan O'Reily</Role>
  <SortOrder>3</SortOrder>
</Actor>
<Actor>
  <id>3298</id>
  <Image></Image>
  <Name>Eamonn Walker</Name>
  <Role>Kareem Said</Role>
  <SortOrder>3</SortOrder>
</Actor>
<Actor>
  <id>3289</id>
  <Image></Image>
  <Name>Edie Falco</Name>
  <Role>Officer Diane Whittlesey</Role>
  <SortOrder>3</SortOrder>
</Actor>
<Actor>
  <id>3290</id>
  <Image></Image>
  <Name>Harold Perrineau Jr.</Name>
  <Role>Augustus Hill</Role>
  <SortOrder>3</SortOrder>
</Actor>
<Actor>
  <id>3291</id>
  <Image></Image>
  <Name>Kathryn Erbe</Name>
  <Role></Role>
  <SortOrder>3</SortOrder>
</Actor>
<Actor>
  <id>3292</id>
  <Image></Image>
  <Name>Kirk Acevedo</Name>
  <Role></Role>
  <SortOrder>3</SortOrder>
</Actor>
<Actor>
  <id>3301</id>
  <Image></Image>
  <Name>Lee Tergesen</Name>
  <Role>Tobias 'Toby' Beecher</Role>
  <SortOrder>3</SortOrder>
</Actor>
<Actor>
  <id>3305</id>
  <Image></Image>
  <Name>M</Name>
  <Role></Role>
  <SortOrder>3</SortOrder>
</Actor>
<Actor>
  <id>3297</id>
  <Image></Image>
  <Name>muMs</Name>
  <Role></Role>
  <SortOrder>3</SortOrder>
</Actor>
<Actor>
  <id>3303</id>
  <Image></Image>
  <Name>Philip Casnoff</Name>
  <Role></Role>
  <SortOrder>3</SortOrder>
</Actor>
<Actor>
  <id>3300</id>
  <Image></Image>
  <Name>Rob Bogue</Name>
  <Role></Role>
  <SortOrder>3</SortOrder>
</Actor>
<Actor>
  <id>3296</id>
  <Image></Image>
  <Name>Steven Wishnoff</Name>
  <Role></Role>
  <SortOrder>3</SortOrder>
</Actor>
<Actor>
  <id>3295</id>
  <Image></Image>
  <Name>Terry Kinney</Name>
  <Role>Tim McManus</Role>
  <SortOrder>3</SortOrder>
</Actor>
<Actor>
  <id>78062</id>
  <Image></Image>
  <Name>Ernie Hudson</Name>
  <Role>Warden Leo Glynn</Role>
  <SortOrder>3</SortOrder>
</Actor>
<Actor>
  <id>78063</id>
  <Image></Image>
  <Name>J.K. Simmons</Name>
  <Role>Vernon 'Vern' Schillinger</Role>
  <SortOrder>3</SortOrder>
</Actor>
</Actors>