<?xml version="1.0" encoding="UTF-8" ?>
<Actors>
<Actor>
  <id>72191</id>
  <Image>actors/72191.jpg</Image>
  <Name>Ron Perlman</Name>
  <Role>Justice</Role>
  <SortOrder>3</SortOrder>
</Actor>
<Actor>
  <id>72190</id>
  <Image>actors/72190.jpg</Image>
  <Name>Samuel L. Jackson</Name>
  <Role>Afro &amp; Ninja Ninja</Role>
  <SortOrder>3</SortOrder>
</Actor>
<Actor>
  <id>72189</id>
  <Image>actors/72189.jpg</Image>
  <Name>Kelly Hu</Name>
  <Role>Okiku</Role>
  <SortOrder>3</SortOrder>
</Actor>
</Actors>