<?xml version="1.0" encoding="UTF-8" ?>
<Data><Series>
  <id>79755</id>
  <Actors>|Ron Perlman|Samuel L. Jackson|Kelly Hu|</Actors>
  <Airs_DayOfWeek>Thursday</Airs_DayOfWeek>
  <Airs_Time>11:00 pm</Airs_Time>
  <ContentRating>TV-MA</ContentRating>
  <FirstAired>2007-01-04</FirstAired>
  <Genre>|Animation|Drama|</Genre>
  <IMDB_ID>tt0465316</IMDB_ID>
  <Language>en</Language>
  <Network>Spike TV</Network>
  <NetworkID></NetworkID>
  <Overview>Featuring the voices of Samuel L. Jackson, Ron Perlman, Jon Kassir, and Kelly Hu, Afro Samurai follows a warrior on the path to avenge his father's death. Set in feudal Japan, this anime series depicts a journey in which the hero encounters love, betrayal, loss and brutality.</Overview>
  <Rating>8.4</Rating>
  <RatingCount>24</RatingCount>
  <Runtime>30</Runtime>
  <SeriesID>67858</SeriesID>
  <SeriesName>Afro Samurai</SeriesName>
  <Status>Ended</Status>
  <added></added>
  <addedBy></addedBy>
  <banner>graphical/79755-g4.jpg</banner>
  <fanart>fanart/original/79755-2.jpg</fanart>
  <lastupdated>1363709084</lastupdated>
  <poster>posters/79755-1.jpg</poster>
  <zap2it_id>SH883483</zap2it_id>
</Series>
<Episode>
  <id>1975741</id>
  <Combined_episodenumber>1.0</Combined_episodenumber>
  <Combined_season>0</Combined_season>
  <DVD_chapter></DVD_chapter>
  <DVD_discid>1</DVD_discid>
  <DVD_episodenumber>1.0</DVD_episodenumber>
  <DVD_season></DVD_season>
  <Director>Fuminori Kizaki</Director>
  <EpImgFlag>3</EpImgFlag>
  <EpisodeName>The Movie (Director's Cut)</EpisodeName>
  <EpisodeNumber>1</EpisodeNumber>
  <FirstAired>2007-05-22</FirstAired>
  <GuestStars></GuestStars>
  <IMDB_ID></IMDB_ID>
  <Language>en</Language>
  <Overview>Afro Samurai is the story of a Black samurai in a futuristic yet feudal Japan who is on a mission to avenge the wrongful death of his father. Afro is a warrior who travels a solitary path encountering a myriad of enemies, friends, and challenges beyond imagination. </Overview>
  <ProductionCode></ProductionCode>
  <Rating>10.0</Rating>
  <RatingCount>1</RatingCount>
  <SeasonNumber>0</SeasonNumber>
  <Writer></Writer>
  <absolute_number></absolute_number>
  <airsafter_season></airsafter_season>
  <airsbefore_episode>1</airsbefore_episode>
  <airsbefore_season>1</airsbefore_season>
  <filename>episodes/79755/1975741.jpg</filename>
  <lastupdated>1345609128</lastupdated>
  <seasonid>27156</seasonid>
  <seriesid>79755</seriesid>
</Episode>
<Episode>
  <id>429558</id>
  <Combined_episodenumber>2.0</Combined_episodenumber>
  <Combined_season>0</Combined_season>
  <DVD_chapter></DVD_chapter>
  <DVD_discid>1</DVD_discid>
  <DVD_episodenumber>2.0</DVD_episodenumber>
  <DVD_season></DVD_season>
  <Director>Fuminori Kizaki</Director>
  <EpImgFlag>2</EpImgFlag>
  <EpisodeName>Resurrection</EpisodeName>
  <EpisodeNumber>2</EpisodeNumber>
  <FirstAired>2009-01-25</FirstAired>
  <GuestStars></GuestStars>
  <IMDB_ID></IMDB_ID>
  <Language>en</Language>
  <Overview>When his father's body is stolen from its grave, Afro takes up his sword again to tear through an army of deadly foes led by a sadistic leader.</Overview>
  <ProductionCode></ProductionCode>
  <Rating>8.3</Rating>
  <RatingCount>4</RatingCount>
  <SeasonNumber>0</SeasonNumber>
  <Writer>Takashi Okazaki</Writer>
  <absolute_number></absolute_number>
  <airsafter_season>1</airsafter_season>
  <airsbefore_episode></airsbefore_episode>
  <airsbefore_season></airsbefore_season>
  <filename>episodes/79755/429558.jpg</filename>
  <lastupdated>1353076729</lastupdated>
  <seasonid>27156</seasonid>
  <seriesid>79755</seriesid>
</Episode>
<Episode>
  <id>412980</id>
  <Combined_episodenumber>3.0</Combined_episodenumber>
  <Combined_season>0</Combined_season>
  <DVD_chapter></DVD_chapter>
  <DVD_discid>2</DVD_discid>
  <DVD_episodenumber>3.0</DVD_episodenumber>
  <DVD_season></DVD_season>
  <Director></Director>
  <EpImgFlag>2</EpImgFlag>
  <EpisodeName>Character Profiles with Commentary</EpisodeName>
  <EpisodeNumber>3</EpisodeNumber>
  <FirstAired>2007-01-04</FirstAired>
  <GuestStars></GuestStars>
  <IMDB_ID></IMDB_ID>
  <Language>en</Language>
  <Overview>Interview &amp; Character Profiles with Commentary by Co-Producer: Eric Calderon Featurette.</Overview>
  <ProductionCode></ProductionCode>
  <Rating></Rating>
  <RatingCount>0</RatingCount>
  <SeasonNumber>0</SeasonNumber>
  <Writer></Writer>
  <absolute_number></absolute_number>
  <airsafter_season></airsafter_season>
  <airsbefore_episode></airsbefore_episode>
  <airsbefore_season></airsbefore_season>
  <filename>episodes/79755/412980.jpg</filename>
  <lastupdated>1345609372</lastupdated>
  <seasonid>27156</seasonid>
  <seriesid>79755</seriesid>
</Episode>
<Episode>
  <id>412981</id>
  <Combined_episodenumber>4.0</Combined_episodenumber>
  <Combined_season>0</Combined_season>
  <DVD_chapter></DVD_chapter>
  <DVD_discid>2</DVD_discid>
  <DVD_episodenumber>4.0</DVD_episodenumber>
  <DVD_season></DVD_season>
  <Director></Director>
  <EpImgFlag>2</EpImgFlag>
  <EpisodeName>In The Booth: The Voice Talent of Afro Samurai</EpisodeName>
  <EpisodeNumber>4</EpisodeNumber>
  <FirstAired>2007-01-04</FirstAired>
  <GuestStars></GuestStars>
  <IMDB_ID></IMDB_ID>
  <Language>en</Language>
  <Overview>Featurette</Overview>
  <ProductionCode></ProductionCode>
  <Rating></Rating>
  <RatingCount>0</RatingCount>
  <SeasonNumber>0</SeasonNumber>
  <Writer></Writer>
  <absolute_number></absolute_number>
  <airsafter_season></airsafter_season>
  <airsbefore_episode></airsbefore_episode>
  <airsbefore_season></airsbefore_season>
  <filename>episodes/79755/412981.jpg</filename>
  <lastupdated>1359737232</lastupdated>
  <seasonid>27156</seasonid>
  <seriesid>79755</seriesid>
</Episode>
<Episode>
  <id>412982</id>
  <Combined_episodenumber>5.0</Combined_episodenumber>
  <Combined_season>0</Combined_season>
  <DVD_chapter></DVD_chapter>
  <DVD_discid>2</DVD_discid>
  <DVD_episodenumber>5.0</DVD_episodenumber>
  <DVD_season></DVD_season>
  <Director></Director>
  <EpImgFlag>1</EpImgFlag>
  <EpisodeName>RZA Music Production Tour</EpisodeName>
  <EpisodeNumber>5</EpisodeNumber>
  <FirstAired>2007-01-04</FirstAired>
  <GuestStars></GuestStars>
  <IMDB_ID></IMDB_ID>
  <Language>en</Language>
  <Overview>Featurette</Overview>
  <ProductionCode></ProductionCode>
  <Rating></Rating>
  <RatingCount>0</RatingCount>
  <SeasonNumber>0</SeasonNumber>
  <Writer></Writer>
  <absolute_number></absolute_number>
  <airsafter_season></airsafter_season>
  <airsbefore_episode></airsbefore_episode>
  <airsbefore_season></airsbefore_season>
  <filename>episodes/79755/412982.jpg</filename>
  <lastupdated>1359737256</lastupdated>
  <seasonid>27156</seasonid>
  <seriesid>79755</seriesid>
</Episode>
<Episode>
  <id>318340</id>
  <Combined_episodenumber>1.0</Combined_episodenumber>
  <Combined_season>1</Combined_season>
  <DVD_chapter></DVD_chapter>
  <DVD_discid></DVD_discid>
  <DVD_episodenumber>1.0</DVD_episodenumber>
  <DVD_season>1</DVD_season>
  <Director>Fuminori Kizaki</Director>
  <EpImgFlag>2</EpImgFlag>
  <EpisodeName>Revenge</EpisodeName>
  <EpisodeNumber>1</EpisodeNumber>
  <FirstAired>2007-01-04</FirstAired>
  <GuestStars>|Fred Tatasciore| Dave Wittenberg| Dwight Schultz| Greg Eagles| John Kassir| Phil LaMarr| Liam O'Brien|</GuestStars>
  <IMDB_ID></IMDB_ID>
  <Language>en</Language>
  <Overview>The Afro Samurai is on a quest for revenge against Justice, the man who is the #1 fighter in the world and the one who killed his father in front of him as a little boy. Accompanied by his sidekick, Ninja Ninja, he walks the land finds clues to Justice's whereabouts and finds himself in gruesome battles along the way.
</Overview>
  <ProductionCode></ProductionCode>
  <Rating>7.7</Rating>
  <RatingCount>7</RatingCount>
  <SeasonNumber>1</SeasonNumber>
  <Writer>Yasuyuki Mutou, Christine Yoo, Derek Draper, Tomohiro Yamashita</Writer>
  <absolute_number>1</absolute_number>
  <filename>episodes/79755/318340.jpg</filename>
  <lastupdated>1355916737</lastupdated>
  <seasonid>17138</seasonid>
  <seriesid>79755</seriesid>
</Episode>
<Episode>
  <id>318341</id>
  <Combined_episodenumber>2.0</Combined_episodenumber>
  <Combined_season>1</Combined_season>
  <DVD_chapter></DVD_chapter>
  <DVD_discid></DVD_discid>
  <DVD_episodenumber>2.0</DVD_episodenumber>
  <DVD_season>1</DVD_season>
  <Director>Fuminori Kizaki</Director>
  <EpImgFlag>2</EpImgFlag>
  <EpisodeName>The Dream Reader</EpisodeName>
  <EpisodeNumber>2</EpisodeNumber>
  <FirstAired>2007-01-11</FirstAired>
  <GuestStars></GuestStars>
  <IMDB_ID></IMDB_ID>
  <Language>en</Language>
  <Overview>Afro is found by the river and taken in by Okiku to let his wounds heal. In his weakened state, he has a series of dreams about beginning his samurai training and his friends from so long ago.
</Overview>
  <ProductionCode></ProductionCode>
  <Rating>7.2</Rating>
  <RatingCount>6</RatingCount>
  <SeasonNumber>1</SeasonNumber>
  <Writer>Christine Yoo, Derek Draper, Tomohiro Yamashita, Yasuyuki Mutou</Writer>
  <absolute_number>2</absolute_number>
  <filename>episodes/79755/318341.jpg</filename>
  <lastupdated>1355914362</lastupdated>
  <seasonid>17138</seasonid>
  <seriesid>79755</seriesid>
</Episode>
<Episode>
  <id>318342</id>
  <Combined_episodenumber>3.0</Combined_episodenumber>
  <Combined_season>1</Combined_season>
  <DVD_chapter></DVD_chapter>
  <DVD_discid></DVD_discid>
  <DVD_episodenumber>3.0</DVD_episodenumber>
  <DVD_season>1</DVD_season>
  <Director>Fuminori Kizaki</Director>
  <EpImgFlag>2</EpImgFlag>
  <EpisodeName>The Clan of the Empty Seven</EpisodeName>
  <EpisodeNumber>3</EpisodeNumber>
  <FirstAired>2007-01-18</FirstAired>
  <GuestStars>|Phil LaMarr| John DiMaggio|</GuestStars>
  <IMDB_ID></IMDB_ID>
  <Language>en</Language>
  <Overview>The Afro Samurai continues on his journey and finds more information on the Empty Seven Clan. The group of monks have decided to unleash a robot on the samurai, created from the data Okiku had taken from his memories.
</Overview>
  <ProductionCode></ProductionCode>
  <Rating>8.3</Rating>
  <RatingCount>4</RatingCount>
  <SeasonNumber>1</SeasonNumber>
  <Writer>Christine Yoo, Derek Draper, Tomohiro Yamashita, Yasuyuki Mutou</Writer>
  <absolute_number>3</absolute_number>
  <filename>episodes/79755/318342.jpg</filename>
  <lastupdated>1355914889</lastupdated>
  <seasonid>17138</seasonid>
  <seriesid>79755</seriesid>
</Episode>
<Episode>
  <id>319020</id>
  <Combined_episodenumber>4.0</Combined_episodenumber>
  <Combined_season>1</Combined_season>
  <DVD_chapter></DVD_chapter>
  <DVD_discid></DVD_discid>
  <DVD_episodenumber>4.0</DVD_episodenumber>
  <DVD_season>1</DVD_season>
  <Director>Fuminori Kizaki</Director>
  <EpImgFlag>2</EpImgFlag>
  <EpisodeName>Duel</EpisodeName>
  <EpisodeNumber>4</EpisodeNumber>
  <FirstAired>2007-01-25</FirstAired>
  <GuestStars>|Phil LaMarr| Steven Jay Blum| Tara Strong| Yuri Lowenthal| Dave Wittenberg| Jason Marsden| Fred Tatasciore|</GuestStars>
  <IMDB_ID></IMDB_ID>
  <Language>en</Language>
  <Overview>Afro takes on Kuma!
</Overview>
  <ProductionCode></ProductionCode>
  <Rating>7.0</Rating>
  <RatingCount>4</RatingCount>
  <SeasonNumber>1</SeasonNumber>
  <Writer>Yasuyuki Mutou, Christine Yoo, Derek Draper, Tomohiro Yamashita</Writer>
  <absolute_number>4</absolute_number>
  <filename>episodes/79755/319020.jpg</filename>
  <lastupdated>1355914909</lastupdated>
  <seasonid>17138</seasonid>
  <seriesid>79755</seriesid>
</Episode>
<Episode>
  <id>319366</id>
  <Combined_episodenumber>5.0</Combined_episodenumber>
  <Combined_season>1</Combined_season>
  <DVD_chapter></DVD_chapter>
  <DVD_discid></DVD_discid>
  <DVD_episodenumber>5.0</DVD_episodenumber>
  <DVD_season>1</DVD_season>
  <Director>Fuminori Kizaki</Director>
  <EpImgFlag>2</EpImgFlag>
  <EpisodeName>Justice</EpisodeName>
  <EpisodeNumber>5</EpisodeNumber>
  <FirstAired>2007-02-01</FirstAired>
  <GuestStars></GuestStars>
  <IMDB_ID></IMDB_ID>
  <Language>en</Language>
  <Overview>Afro finishes up his battle with Kuma and continues up the mountain. Now, the final battle with Justice is at hand. The samurai is now ready to finally avenge his father's untimely death, by slaughtering the deranged gunman.
</Overview>
  <ProductionCode></ProductionCode>
  <Rating>7.7</Rating>
  <RatingCount>3</RatingCount>
  <SeasonNumber>1</SeasonNumber>
  <Writer>Yasuyuki Mutou, Christine Yoo, Derek Draper, Tomohiro Yamashita</Writer>
  <absolute_number>5</absolute_number>
  <filename>episodes/79755/319366.jpg</filename>
  <lastupdated>1355914930</lastupdated>
  <seasonid>17138</seasonid>
  <seriesid>79755</seriesid>
</Episode>
</Data>