<?xml version="1.0" encoding="UTF-8" ?>
<Actors>
<Actor>
  <id>150661</id>
  <Image>actors/150661.jpg</Image>
  <Name>Lauren Graham</Name>
  <Role>Sarah Braverman</Role>
  <SortOrder>0</SortOrder>
</Actor>
<Actor>
  <id>150621</id>
  <Image>actors/150621.jpg</Image>
  <Name>Bonnie Bedelia</Name>
  <Role>Camille Braverman</Role>
  <SortOrder>0</SortOrder>
</Actor>
<Actor>
  <id>150711</id>
  <Image>actors/150711.jpg</Image>
  <Name>Craig T. Nelson</Name>
  <Role>Zeek Braverman</Role>
  <SortOrder>1</SortOrder>
</Actor>
<Actor>
  <id>150751</id>
  <Image>actors/150751.jpg</Image>
  <Name>Dax Shepard</Name>
  <Role>Crosby Braverman</Role>
  <SortOrder>2</SortOrder>
</Actor>
<Actor>
  <id>150721</id>
  <Image>actors/150721.jpg</Image>
  <Name>Monica Potter</Name>
  <Role>Kristina Braverman</Role>
  <SortOrder>2</SortOrder>
</Actor>
<Actor>
  <id>150651</id>
  <Image>actors/150651.jpg</Image>
  <Name>Erika Christensen</Name>
  <Role>Julia Braverman-Graham</Role>
  <SortOrder>2</SortOrder>
</Actor>
<Actor>
  <id>150631</id>
  <Image>actors/150631.jpg</Image>
  <Name>Joy Bryant</Name>
  <Role>Jasmine Trussell</Role>
  <SortOrder>2</SortOrder>
</Actor>
<Actor>
  <id>305667</id>
  <Image>actors/305667.jpg</Image>
  <Name>Tyree Brown</Name>
  <Role>Jabbar Trussell</Role>
  <SortOrder>3</SortOrder>
</Actor>
<Actor>
  <id>150761</id>
  <Image>actors/150761.jpg</Image>
  <Name>Mae Whitman</Name>
  <Role>Amber Holt</Role>
  <SortOrder>3</SortOrder>
</Actor>
<Actor>
  <id>150741</id>
  <Image>actors/150741.jpg</Image>
  <Name>Sarah Ramos</Name>
  <Role>Haddie Braverman</Role>
  <SortOrder>3</SortOrder>
</Actor>
<Actor>
  <id>150731</id>
  <Image>actors/150731.jpg</Image>
  <Name>Savannah Paige Rae</Name>
  <Role>Sydney Graham</Role>
  <SortOrder>3</SortOrder>
</Actor>
<Actor>
  <id>150691</id>
  <Image>actors/150691.jpg</Image>
  <Name>Peter Krause</Name>
  <Role>Adam Braverman</Role>
  <SortOrder>3</SortOrder>
</Actor>
<Actor>
  <id>150681</id>
  <Image>actors/150681.jpg</Image>
  <Name>Sam Jaeger</Name>
  <Role>Joel Graham</Role>
  <SortOrder>3</SortOrder>
</Actor>
<Actor>
  <id>150671</id>
  <Image>actors/150671.jpg</Image>
  <Name>Miles Heizer</Name>
  <Role>Drew Holt</Role>
  <SortOrder>3</SortOrder>
</Actor>
<Actor>
  <id>150641</id>
  <Image>actors/150641.jpg</Image>
  <Name>Max Burkholder</Name>
  <Role>Max Braverman</Role>
  <SortOrder>3</SortOrder>
</Actor>
<Actor>
  <id>305668</id>
  <Image></Image>
  <Name>Xolo Maridueña</Name>
  <Role>Victor (Season 4-)</Role>
  <SortOrder>3</SortOrder>
</Actor>
</Actors>