<?xml version="1.0" encoding="UTF-8" ?>
<Data><Series>
  <id>94551</id>
  <Actors>|Lauren Graham|Bonnie Bedelia|Craig T. Nelson|Dax Shepard|Monica Potter|Erika Christensen|Joy Bryant|Tyree Brown|Mae Whitman|Sarah Ramos|Savannah Paige Rae|Peter Krause|Sam Jaeger|Miles Heizer|Max Burkholder|Xolo Maridueña|</Actors>
  <Airs_DayOfWeek>Tuesday</Airs_DayOfWeek>
  <Airs_Time>10:00 PM</Airs_Time>
  <ContentRating>TV-PG</ContentRating>
  <FirstAired>2010-03-02</FirstAired>
  <Genre>|Drama|</Genre>
  <IMDB_ID>tt1416765</IMDB_ID>
  <Language>en</Language>
  <Network>NBC</Network>
  <NetworkID></NetworkID>
  <Overview>From writer/executive producer Jason Katims (Friday Night Lights) -- this contemporary re-imagining of the blockbuster film depicts the colorful and imperfect Braverman family -- four grown siblings sharing the headaches, heartaches and joy of being parents. The star-studded cast includes Peter Krause, Lauren Graham, Craig T. Nelson, Dax Shepard, Bonnie Bedelia, Monica Potter, Erika Christensen and Sarah Ramos. When Sarah Braverman (Graham, Gilmore Girls), a financially strapped single mother, returns home to her parents and siblings in Berkeley, Calif. after packing up her Fresno apartment and uprooting her two inconvenienced kids, Amber (Mae Whitman) and Drew (Miles Heizer), she is greeted by her opinionated father, Zeek (Nelson), and strong mother, Camille (Bedelia) who are privately dealing with their own marital issues. As Sarah is reunited with her siblings -- sister, Julia (Christensen), and brothers Crosby (Shepard) and Adam (Krause) -- all struggling with issues of their own, it's clear that the Braverman reunion is just what they need to face the everyday challenges of modern family life.</Overview>
  <Rating>8.6</Rating>
  <RatingCount>25</RatingCount>
  <Runtime>60</Runtime>
  <SeriesID>76680</SeriesID>
  <SeriesName>Parenthood (2010)</SeriesName>
  <Status>Continuing</Status>
  <added>2009-05-16 12:42:03</added>
  <addedBy>5664</addedBy>
  <banner>graphical/94551-g3.jpg</banner>
  <fanart>fanart/original/94551-1.jpg</fanart>
  <lastupdated>1365451794</lastupdated>
  <poster>posters/94551-2.jpg</poster>
  <zap2it_id>SH01154163</zap2it_id>
</Series>
<Episode>
  <id>3290951</id>
  <Combined_episodenumber>1</Combined_episodenumber>
  <Combined_season>0</Combined_season>
  <DVD_chapter></DVD_chapter>
  <DVD_discid></DVD_discid>
  <DVD_episodenumber></DVD_episodenumber>
  <DVD_season></DVD_season>
  <Director></Director>
  <EpImgFlag></EpImgFlag>
  <EpisodeName>An NBC Sneak Peek</EpisodeName>
  <EpisodeNumber>1</EpisodeNumber>
  <FirstAired>2010-02-22</FirstAired>
  <GuestStars></GuestStars>
  <IMDB_ID></IMDB_ID>
  <Language>en</Language>
  <Overview></Overview>
  <ProductionCode></ProductionCode>
  <Rating></Rating>
  <RatingCount>0</RatingCount>
  <SeasonNumber>0</SeasonNumber>
  <Writer></Writer>
  <absolute_number></absolute_number>
  <airsafter_season></airsafter_season>
  <airsbefore_episode></airsbefore_episode>
  <airsbefore_season></airsbefore_season>
  <filename></filename>
  <lastupdated>1292355317</lastupdated>
  <seasonid>66171</seasonid>
  <seriesid>94551</seriesid>
</Episode>
<Episode>
  <id>4166080</id>
  <Combined_episodenumber>2</Combined_episodenumber>
  <Combined_season>0</Combined_season>
  <DVD_chapter></DVD_chapter>
  <DVD_discid></DVD_discid>
  <DVD_episodenumber></DVD_episodenumber>
  <DVD_season></DVD_season>
  <Director></Director>
  <EpImgFlag></EpImgFlag>
  <EpisodeName>Season 3 Sneak Peak</EpisodeName>
  <EpisodeNumber>2</EpisodeNumber>
  <FirstAired>2011-08-29</FirstAired>
  <GuestStars></GuestStars>
  <IMDB_ID></IMDB_ID>
  <Language>en</Language>
  <Overview></Overview>
  <ProductionCode></ProductionCode>
  <Rating></Rating>
  <RatingCount>0</RatingCount>
  <SeasonNumber>0</SeasonNumber>
  <Writer></Writer>
  <absolute_number></absolute_number>
  <airsafter_season>2</airsafter_season>
  <airsbefore_episode>1</airsbefore_episode>
  <airsbefore_season>3</airsbefore_season>
  <filename></filename>
  <lastupdated>1315976541</lastupdated>
  <seasonid>66171</seasonid>
  <seriesid>94551</seriesid>
</Episode>
<Episode>
  <id>657691</id>
  <Combined_episodenumber>1</Combined_episodenumber>
  <Combined_season>1</Combined_season>
  <DVD_chapter></DVD_chapter>
  <DVD_discid></DVD_discid>
  <DVD_episodenumber></DVD_episodenumber>
  <DVD_season></DVD_season>
  <Director></Director>
  <EpImgFlag>2</EpImgFlag>
  <EpisodeName>Pilot</EpisodeName>
  <EpisodeNumber>1</EpisodeNumber>
  <FirstAired>2010-03-02</FirstAired>
  <GuestStars></GuestStars>
  <IMDB_ID></IMDB_ID>
  <Language>en</Language>
  <Overview>We are introduced to the very unique Braveman family. Single mom Sarah, and her two kids Amber and Drew, are moving back home with Sarah's parents Zeek and Camille. Julia, Sarah's sister and complete opposite is a successful attorney trying to do both, work and motherhood, alongside her stay-at-home husband, Joel. Sarah's younger brother, Crosby is a commitment-phobe who must accept adult responsabilities when his old flame Jasmine shows up with a kid. Meanwhile, the older sibling of the Bravemans, Adam, his wife Kristina and their teenage daughter Haddie learn that their little boy, Max has Asperger's Syndrome. Although each sibling has its own problems, this reunion may be the push they needed to help each other with the challenges that every family faces while raising children and starting over.</Overview>
  <ProductionCode></ProductionCode>
  <Rating>7.5</Rating>
  <RatingCount>19</RatingCount>
  <SeasonNumber>1</SeasonNumber>
  <Writer></Writer>
  <absolute_number></absolute_number>
  <filename>episodes/94551/657691.jpg</filename>
  <lastupdated>1350506762</lastupdated>
  <seasonid>66651</seasonid>
  <seriesid>94551</seriesid>
</Episode>
<Episode>
  <id>1702441</id>
  <Combined_episodenumber>2</Combined_episodenumber>
  <Combined_season>1</Combined_season>
  <DVD_chapter></DVD_chapter>
  <DVD_discid></DVD_discid>
  <DVD_episodenumber></DVD_episodenumber>
  <DVD_season></DVD_season>
  <Director>Lawrence Trilling</Director>
  <EpImgFlag>2</EpImgFlag>
  <EpisodeName>Man Versus Possum</EpisodeName>
  <EpisodeNumber>2</EpisodeNumber>
  <FirstAired>2010-03-09</FirstAired>
  <GuestStars></GuestStars>
  <IMDB_ID></IMDB_ID>
  <Language>en</Language>
  <Overview>Adam and Kristina try to cope with their son's Asperger's Syndrome. Sarah is job hunting with the help of Zeek that pushes her to dream big. Meanwhile, Crosby bonds with his son and Julia deals with a difficult mom from Sydney's school.</Overview>
  <ProductionCode></ProductionCode>
  <Rating>7.3</Rating>
  <RatingCount>12</RatingCount>
  <SeasonNumber>1</SeasonNumber>
  <Writer>Jason Katims</Writer>
  <absolute_number></absolute_number>
  <filename>episodes/94551/1702441.jpg</filename>
  <lastupdated>1350506772</lastupdated>
  <seasonid>66651</seasonid>
  <seriesid>94551</seriesid>
</Episode>
<Episode>
  <id>1702451</id>
  <Combined_episodenumber>3</Combined_episodenumber>
  <Combined_season>1</Combined_season>
  <DVD_chapter></DVD_chapter>
  <DVD_discid></DVD_discid>
  <DVD_episodenumber></DVD_episodenumber>
  <DVD_season></DVD_season>
  <Director></Director>
  <EpImgFlag>3</EpImgFlag>
  <EpisodeName>The Deep End of the Pool</EpisodeName>
  <EpisodeNumber>3</EpisodeNumber>
  <FirstAired>2010-03-16</FirstAired>
  <GuestStars></GuestStars>
  <IMDB_ID></IMDB_ID>
  <Language>en</Language>
  <Overview>After Max gets kicked out of school, Adam and Kristina explore the best educational options for their son. Sarah hits a wall when she ends things with Jim and succumbs to car problems. Meanwhile, Crosby spends a fun-filled day with Jabbar and Julia realizes that she’s missing out on her daughter’s life.</Overview>
  <ProductionCode></ProductionCode>
  <Rating>7.3</Rating>
  <RatingCount>13</RatingCount>
  <SeasonNumber>1</SeasonNumber>
  <Writer></Writer>
  <absolute_number></absolute_number>
  <filename>episodes/94551/1702451.jpg</filename>
  <lastupdated>1350506782</lastupdated>
  <seasonid>66651</seasonid>
  <seriesid>94551</seriesid>
</Episode>
<Episode>
  <id>1702461</id>
  <Combined_episodenumber>4</Combined_episodenumber>
  <Combined_season>1</Combined_season>
  <DVD_chapter></DVD_chapter>
  <DVD_discid></DVD_discid>
  <DVD_episodenumber></DVD_episodenumber>
  <DVD_season></DVD_season>
  <Director></Director>
  <EpImgFlag>3</EpImgFlag>
  <EpisodeName>Whassup</EpisodeName>
  <EpisodeNumber>4</EpisodeNumber>
  <FirstAired>2010-03-23</FirstAired>
  <GuestStars></GuestStars>
  <IMDB_ID></IMDB_ID>
  <Language>en</Language>
  <Overview>Adam and Kristina use questionable tactics to find out about Haddie's secret relationship. Sarah doesn't know how to talk to Drew when he starts showing signs of becoming a man. Meanwhile, Jabbar has a little accident while under Crosby's watch and Julia and Joel are hesitant to let Amber baby-sit for them.
</Overview>
  <ProductionCode></ProductionCode>
  <Rating>7.9</Rating>
  <RatingCount>12</RatingCount>
  <SeasonNumber>1</SeasonNumber>
  <Writer></Writer>
  <absolute_number></absolute_number>
  <filename>episodes/94551/1702461.jpg</filename>
  <lastupdated>1350506791</lastupdated>
  <seasonid>66651</seasonid>
  <seriesid>94551</seriesid>
</Episode>
<Episode>
  <id>1702471</id>
  <Combined_episodenumber>5</Combined_episodenumber>
  <Combined_season>1</Combined_season>
  <DVD_chapter></DVD_chapter>
  <DVD_discid></DVD_discid>
  <DVD_episodenumber></DVD_episodenumber>
  <DVD_season></DVD_season>
  <Director></Director>
  <EpImgFlag>3</EpImgFlag>
  <EpisodeName>The Situation</EpisodeName>
  <EpisodeNumber>5</EpisodeNumber>
  <FirstAired>2010-03-30</FirstAired>
  <GuestStars></GuestStars>
  <IMDB_ID></IMDB_ID>
  <Language>en</Language>
  <Overview>Drew helps Adam connect with his son Max, when Max rejoins the baseball team. Sarah makes a new friend, Amber's English teacher, Mr. Cyr. Meanwhile, Crosby feels pressured to have a baby sooner than he thought and Julia tries to teach Sydney self-protection.</Overview>
  <ProductionCode></ProductionCode>
  <Rating>7.4</Rating>
  <RatingCount>14</RatingCount>
  <SeasonNumber>1</SeasonNumber>
  <Writer></Writer>
  <absolute_number></absolute_number>
  <filename>episodes/94551/1702471.jpg</filename>
  <lastupdated>1350506800</lastupdated>
  <seasonid>66651</seasonid>
  <seriesid>94551</seriesid>
</Episode>
<Episode>
  <id>1702481</id>
  <Combined_episodenumber>6</Combined_episodenumber>
  <Combined_season>1</Combined_season>
  <DVD_chapter></DVD_chapter>
  <DVD_discid></DVD_discid>
  <DVD_episodenumber></DVD_episodenumber>
  <DVD_season></DVD_season>
  <Director></Director>
  <EpImgFlag>7</EpImgFlag>
  <EpisodeName>The Big O</EpisodeName>
  <EpisodeNumber>6</EpisodeNumber>
  <FirstAired>2010-04-06</FirstAired>
  <GuestStars></GuestStars>
  <IMDB_ID></IMDB_ID>
  <Language>en</Language>
  <Overview>Max gets a new behavioral aide that really works for him, while Drew gets beaten up by some jealous guy at the school. Meanwhile, Crosby is trying to tell his parents that he has a son.</Overview>
  <ProductionCode></ProductionCode>
  <Rating>7.6</Rating>
  <RatingCount>13</RatingCount>
  <SeasonNumber>1</SeasonNumber>
  <Writer></Writer>
  <absolute_number></absolute_number>
  <filename>episodes/94551/1702481.jpg</filename>
  <lastupdated>1350506811</lastupdated>
  <seasonid>66651</seasonid>
  <seriesid>94551</seriesid>
</Episode>
<Episode>
  <id>1702491</id>
  <Combined_episodenumber>7</Combined_episodenumber>
  <Combined_season>1</Combined_season>
  <DVD_chapter></DVD_chapter>
  <DVD_discid></DVD_discid>
  <DVD_episodenumber></DVD_episodenumber>
  <DVD_season></DVD_season>
  <Director></Director>
  <EpImgFlag>7</EpImgFlag>
  <EpisodeName>What's Goin' On Down There?</EpisodeName>
  <EpisodeNumber>7</EpisodeNumber>
  <FirstAired>2010-04-13</FirstAired>
  <GuestStars></GuestStars>
  <IMDB_ID></IMDB_ID>
  <Language>en</Language>
  <Overview>Sarah and Amber are both attracted to Amber's teacher, while Crosby tries to have a romantic moment with Valerie, but because he can't leave Jabbar alone too long the moment doesn't turn out that well. Meanwhile Julia thinks about doing pro bono work, but she's sure that her boss will not approve it. While Adam really needs a break from everyone.</Overview>
  <ProductionCode></ProductionCode>
  <Rating>7.8</Rating>
  <RatingCount>13</RatingCount>
  <SeasonNumber>1</SeasonNumber>
  <Writer></Writer>
  <absolute_number></absolute_number>
  <filename>episodes/94551/1702491.jpg</filename>
  <lastupdated>1352854199</lastupdated>
  <seasonid>66651</seasonid>
  <seriesid>94551</seriesid>
</Episode>
<Episode>
  <id>1702501</id>
  <Combined_episodenumber>8</Combined_episodenumber>
  <Combined_season>1</Combined_season>
  <DVD_chapter></DVD_chapter>
  <DVD_discid></DVD_discid>
  <DVD_episodenumber></DVD_episodenumber>
  <DVD_season></DVD_season>
  <Director></Director>
  <EpImgFlag>2</EpImgFlag>
  <EpisodeName>Rubber Band Ball</EpisodeName>
  <EpisodeNumber>8</EpisodeNumber>
  <FirstAired>2010-04-20</FirstAired>
  <GuestStars></GuestStars>
  <IMDB_ID></IMDB_ID>
  <Language>en</Language>
  <Overview>The Braverman family is on high alert when Amber’s ex-boyfriend Damien arrives from Fresno. Zeek takes Adam on a road trip for investment advice and some father-son bonding. Meanwhile, Julia and Joel worry that Sydney might be suffering from Asperger’s and Crosby wants to help plan Jabbar’s birthday party.</Overview>
  <ProductionCode></ProductionCode>
  <Rating>7.4</Rating>
  <RatingCount>12</RatingCount>
  <SeasonNumber>1</SeasonNumber>
  <Writer></Writer>
  <absolute_number></absolute_number>
  <filename>episodes/94551/1702501.jpg</filename>
  <lastupdated>1350506828</lastupdated>
  <seasonid>66651</seasonid>
  <seriesid>94551</seriesid>
</Episode>
<Episode>
  <id>1734641</id>
  <Combined_episodenumber>9</Combined_episodenumber>
  <Combined_season>1</Combined_season>
  <DVD_chapter></DVD_chapter>
  <DVD_discid></DVD_discid>
  <DVD_episodenumber></DVD_episodenumber>
  <DVD_season></DVD_season>
  <Director></Director>
  <EpImgFlag>7</EpImgFlag>
  <EpisodeName>Perchance to Dream</EpisodeName>
  <EpisodeNumber>9</EpisodeNumber>
  <FirstAired>2010-04-27</FirstAired>
  <GuestStars></GuestStars>
  <IMDB_ID></IMDB_ID>
  <Language>en</Language>
  <Overview>Kristina is excited by the opportunity to help an old acquaintance run for Lieutenant Governor in Sacramento, but doesn't feel hip enough among the young generation of campaign workers. Meanwhile, Jasmine and Crosby agree to go on an official date.</Overview>
  <ProductionCode></ProductionCode>
  <Rating>7.3</Rating>
  <RatingCount>14</RatingCount>
  <SeasonNumber>1</SeasonNumber>
  <Writer></Writer>
  <absolute_number></absolute_number>
  <filename>episodes/94551/1734641.jpg</filename>
  <lastupdated>1350506837</lastupdated>
  <seasonid>66651</seasonid>
  <seriesid>94551</seriesid>
</Episode>
<Episode>
  <id>2075131</id>
  <Combined_episodenumber>10</Combined_episodenumber>
  <Combined_season>1</Combined_season>
  <DVD_chapter></DVD_chapter>
  <DVD_discid></DVD_discid>
  <DVD_episodenumber></DVD_episodenumber>
  <DVD_season></DVD_season>
  <Director></Director>
  <EpImgFlag>7</EpImgFlag>
  <EpisodeName>Namaste No More</EpisodeName>
  <EpisodeNumber>10</EpisodeNumber>
  <FirstAired>2010-05-04</FirstAired>
  <GuestStars></GuestStars>
  <IMDB_ID></IMDB_ID>
  <Language>en</Language>
  <Overview>When Crosby and Jasmine's relationship heats up, they have to decide how to explain it to Jabbar. Elsewhere, Adam and Kristina are on the search for friends but find that the process is more difficult than they thought. Sarah learns about Zeek's financial problems. Meanwhile, Julia becomes the new coach of Sydney's soccer team and Haddie goes to Amber for advice when her boyfriend starts pressuring her into having sex.</Overview>
  <ProductionCode></ProductionCode>
  <Rating>7.2</Rating>
  <RatingCount>12</RatingCount>
  <SeasonNumber>1</SeasonNumber>
  <Writer></Writer>
  <absolute_number></absolute_number>
  <filename>episodes/94551/2075131.jpg</filename>
  <lastupdated>1350506847</lastupdated>
  <seasonid>66651</seasonid>
  <seriesid>94551</seriesid>
</Episode>
<Episode>
  <id>2117711</id>
  <Combined_episodenumber>11</Combined_episodenumber>
  <Combined_season>1</Combined_season>
  <DVD_chapter></DVD_chapter>
  <DVD_discid></DVD_discid>
  <DVD_episodenumber></DVD_episodenumber>
  <DVD_season></DVD_season>
  <Director></Director>
  <EpImgFlag>2</EpImgFlag>
  <EpisodeName>Solace</EpisodeName>
  <EpisodeNumber>11</EpisodeNumber>
  <FirstAired>2010-05-11</FirstAired>
  <GuestStars></GuestStars>
  <IMDB_ID></IMDB_ID>
  <Language>en</Language>
  <Overview>Zeek makes his presence known while crashing with Adam and Kristina. Elsewhere, Camille focuses on her art instead of focusing on her husband. Trying to get her father out of debt, Julia enlists the help of her old college flame much to Joel's chagrin. Meanwhile, Amber feels guilty about betraying Haddie and Crosby thinks about settling down with Jasmine and Jabbar.</Overview>
  <ProductionCode></ProductionCode>
  <Rating>6.9</Rating>
  <RatingCount>12</RatingCount>
  <SeasonNumber>1</SeasonNumber>
  <Writer></Writer>
  <absolute_number></absolute_number>
  <filename>episodes/94551/2117711.jpg</filename>
  <lastupdated>1352854235</lastupdated>
  <seasonid>66651</seasonid>
  <seriesid>94551</seriesid>
</Episode>
<Episode>
  <id>2236631</id>
  <Combined_episodenumber>12</Combined_episodenumber>
  <Combined_season>1</Combined_season>
  <DVD_chapter></DVD_chapter>
  <DVD_discid></DVD_discid>
  <DVD_episodenumber></DVD_episodenumber>
  <DVD_season></DVD_season>
  <Director></Director>
  <EpImgFlag>2</EpImgFlag>
  <EpisodeName>Team Braverman</EpisodeName>
  <EpisodeNumber>12</EpisodeNumber>
  <FirstAired>2010-05-18</FirstAired>
  <GuestStars></GuestStars>
  <IMDB_ID></IMDB_ID>
  <Language>en</Language>
  <Overview>Sarah and Adam argue about their daughters’ behavior; Jasmine auditions for a New York dance company.</Overview>
  <ProductionCode></ProductionCode>
  <Rating>7.5</Rating>
  <RatingCount>13</RatingCount>
  <SeasonNumber>1</SeasonNumber>
  <Writer></Writer>
  <absolute_number></absolute_number>
  <filename>episodes/94551/2236631.jpg</filename>
  <lastupdated>1352854264</lastupdated>
  <seasonid>66651</seasonid>
  <seriesid>94551</seriesid>
</Episode>
<Episode>
  <id>2268991</id>
  <Combined_episodenumber>13</Combined_episodenumber>
  <Combined_season>1</Combined_season>
  <DVD_chapter></DVD_chapter>
  <DVD_discid></DVD_discid>
  <DVD_episodenumber></DVD_episodenumber>
  <DVD_season></DVD_season>
  <Director>Lawrence Trilling</Director>
  <EpImgFlag>7</EpImgFlag>
  <EpisodeName>Lost and Found</EpisodeName>
  <EpisodeNumber>13</EpisodeNumber>
  <FirstAired>2010-05-25</FirstAired>
  <GuestStars></GuestStars>
  <IMDB_ID></IMDB_ID>
  <Language>en</Language>
  <Overview>Tensions between Sarah and Amber reach a boiling point that leads Sarah to go to Mr. Cyr to discuss Amber's problems. Elsewhere, Crosby has to decide between his new family or his old one. Zeek tries to win back Camille. Meanwhile, Julia trying to help Zeek out arranges a dinner meeting for him. </Overview>
  <ProductionCode></ProductionCode>
  <Rating>7.6</Rating>
  <RatingCount>11</RatingCount>
  <SeasonNumber>1</SeasonNumber>
  <Writer>Jason Katims</Writer>
  <absolute_number></absolute_number>
  <filename>episodes/94551/2268991.jpg</filename>
  <lastupdated>1352854286</lastupdated>
  <seasonid>66651</seasonid>
  <seriesid>94551</seriesid>
</Episode>
<Episode>
  <id>2763121</id>
  <Combined_episodenumber>1</Combined_episodenumber>
  <Combined_season>2</Combined_season>
  <DVD_chapter></DVD_chapter>
  <DVD_discid></DVD_discid>
  <DVD_episodenumber></DVD_episodenumber>
  <DVD_season></DVD_season>
  <Director></Director>
  <EpImgFlag>2</EpImgFlag>
  <EpisodeName>I Hear You, I See You</EpisodeName>
  <EpisodeNumber>1</EpisodeNumber>
  <FirstAired>2010-09-14</FirstAired>
  <GuestStars>William Baldwin, Minka Kelly</GuestStars>
  <IMDB_ID></IMDB_ID>
  <Language>en</Language>
  <Overview>Kristina tries to teach Haddie how to drive while Adam tries to find a balance between his work and personal life. Joel and Julia must explain the birds and the bees to Sydney. Zeek works with Joel to fix a leaky roof in the guest house.</Overview>
  <ProductionCode>201</ProductionCode>
  <Rating>7.9</Rating>
  <RatingCount>8</RatingCount>
  <SeasonNumber>2</SeasonNumber>
  <Writer></Writer>
  <absolute_number></absolute_number>
  <filename>episodes/94551/2763121.jpg</filename>
  <lastupdated>1350506448</lastupdated>
  <seasonid>310691</seasonid>
  <seriesid>94551</seriesid>
</Episode>
<Episode>
  <id>2763151</id>
  <Combined_episodenumber>2</Combined_episodenumber>
  <Combined_season>2</Combined_season>
  <DVD_chapter></DVD_chapter>
  <DVD_discid></DVD_discid>
  <DVD_episodenumber></DVD_episodenumber>
  <DVD_season></DVD_season>
  <Director></Director>
  <EpImgFlag>2</EpImgFlag>
  <EpisodeName>No Good Deed</EpisodeName>
  <EpisodeNumber>2</EpisodeNumber>
  <FirstAired>2010-09-21</FirstAired>
  <GuestStars></GuestStars>
  <IMDB_ID></IMDB_ID>
  <Language>en</Language>
  <Overview>Adam and Sarah struggle to find balance between personal and professional life, while Julia deals with the delicate balance of social structure for six-year-olds. Crosby learns about the difficulties of being a father.</Overview>
  <ProductionCode></ProductionCode>
  <Rating>7.4</Rating>
  <RatingCount>7</RatingCount>
  <SeasonNumber>2</SeasonNumber>
  <Writer></Writer>
  <absolute_number></absolute_number>
  <filename>episodes/94551/2763151.jpg</filename>
  <lastupdated>1350506459</lastupdated>
  <seasonid>310691</seasonid>
  <seriesid>94551</seriesid>
</Episode>
<Episode>
  <id>2802451</id>
  <Combined_episodenumber>3</Combined_episodenumber>
  <Combined_season>2</Combined_season>
  <DVD_chapter></DVD_chapter>
  <DVD_discid></DVD_discid>
  <DVD_episodenumber></DVD_episodenumber>
  <DVD_season></DVD_season>
  <Director></Director>
  <EpImgFlag>2</EpImgFlag>
  <EpisodeName>I'm Cooler than You Think</EpisodeName>
  <EpisodeNumber>3</EpisodeNumber>
  <FirstAired>2010-09-28</FirstAired>
  <GuestStars></GuestStars>
  <IMDB_ID></IMDB_ID>
  <Language>en</Language>
  <Overview>Amber starts spending a lot of time with her new friend Kelsey which makes Sarah jealous. Sarah’s coworker, Mike, gives her advice on the situation. Elsewhere, Julia pushes Joel for another baby. Meanwhile, Adam struggles with his relationship with Max.</Overview>
  <ProductionCode></ProductionCode>
  <Rating>7.7</Rating>
  <RatingCount>10</RatingCount>
  <SeasonNumber>2</SeasonNumber>
  <Writer></Writer>
  <absolute_number></absolute_number>
  <filename>episodes/94551/2802451.jpg</filename>
  <lastupdated>1350506481</lastupdated>
  <seasonid>310691</seasonid>
  <seriesid>94551</seriesid>
</Episode>
<Episode>
  <id>2888321</id>
  <Combined_episodenumber>4</Combined_episodenumber>
  <Combined_season>2</Combined_season>
  <DVD_chapter></DVD_chapter>
  <DVD_discid></DVD_discid>
  <DVD_episodenumber></DVD_episodenumber>
  <DVD_season></DVD_season>
  <Director></Director>
  <EpImgFlag>2</EpImgFlag>
  <EpisodeName>Date Night</EpisodeName>
  <EpisodeNumber>4</EpisodeNumber>
  <FirstAired>2010-10-05</FirstAired>
  <GuestStars></GuestStars>
  <IMDB_ID></IMDB_ID>
  <Language>en</Language>
  <Overview>Kristina schedules a date night with Adam to try to keep their marriage alive; Sarah offers Drew advice about love; Haddie runs for student council president; Crosby learns an important lesson about being a father.</Overview>
  <ProductionCode></ProductionCode>
  <Rating>7.8</Rating>
  <RatingCount>8</RatingCount>
  <SeasonNumber>2</SeasonNumber>
  <Writer></Writer>
  <absolute_number></absolute_number>
  <filename>episodes/94551/2888321.jpg</filename>
  <lastupdated>1350506497</lastupdated>
  <seasonid>310691</seasonid>
  <seriesid>94551</seriesid>
</Episode>
<Episode>
  <id>2888331</id>
  <Combined_episodenumber>5</Combined_episodenumber>
  <Combined_season>2</Combined_season>
  <DVD_chapter></DVD_chapter>
  <DVD_discid></DVD_discid>
  <DVD_episodenumber></DVD_episodenumber>
  <DVD_season></DVD_season>
  <Director></Director>
  <EpImgFlag>3</EpImgFlag>
  <EpisodeName>The Booth Job</EpisodeName>
  <EpisodeNumber>5</EpisodeNumber>
  <FirstAired>2010-10-12</FirstAired>
  <GuestStars></GuestStars>
  <IMDB_ID></IMDB_ID>
  <Language>en</Language>
  <Overview>Kristina asks Adam to go with her to an Asperger's support group; Gordon (William Baldwin) makes an unexpected decision after Sarah's performance at the shoe booth exceeds expectations; Camille and Zeek take ballroom dancing classes.</Overview>
  <ProductionCode></ProductionCode>
  <Rating>7.6</Rating>
  <RatingCount>7</RatingCount>
  <SeasonNumber>2</SeasonNumber>
  <Writer></Writer>
  <absolute_number></absolute_number>
  <filename>episodes/94551/2888331.jpg</filename>
  <lastupdated>1350506514</lastupdated>
  <seasonid>310691</seasonid>
  <seriesid>94551</seriesid>
</Episode>
<Episode>
  <id>2996051</id>
  <Combined_episodenumber>6</Combined_episodenumber>
  <Combined_season>2</Combined_season>
  <DVD_chapter></DVD_chapter>
  <DVD_discid></DVD_discid>
  <DVD_episodenumber></DVD_episodenumber>
  <DVD_season></DVD_season>
  <Director>Adam Davidson</Director>
  <EpImgFlag>2</EpImgFlag>
  <EpisodeName>Orange Alert</EpisodeName>
  <EpisodeNumber>6</EpisodeNumber>
  <FirstAired>2010-10-19</FirstAired>
  <GuestStars></GuestStars>
  <IMDB_ID></IMDB_ID>
  <Language>en</Language>
  <Overview>Zeek goes overboard with the Halloween celebration and gets upset when Haddie, Amber and Drew refuse to join in the fun. Meanwhile, Adam and Kristina are nervous about Max's new plans for the holiday. Sarah's relation with Gordon gets even more complicated when she confronts him about the kiss. Meanwhile, Julia struggles with women's rights when Sydney chooses a costume she doesn't approve of.</Overview>
  <ProductionCode></ProductionCode>
  <Rating>7.7</Rating>
  <RatingCount>9</RatingCount>
  <SeasonNumber>2</SeasonNumber>
  <Writer>Sarah Watson</Writer>
  <absolute_number></absolute_number>
  <filename>episodes/94551/2996051.jpg</filename>
  <lastupdated>1350506524</lastupdated>
  <seasonid>310691</seasonid>
  <seriesid>94551</seriesid>
</Episode>
<Episode>
  <id>2996061</id>
  <Combined_episodenumber>7</Combined_episodenumber>
  <Combined_season>2</Combined_season>
  <DVD_chapter></DVD_chapter>
  <DVD_discid></DVD_discid>
  <DVD_episodenumber></DVD_episodenumber>
  <DVD_season></DVD_season>
  <Director></Director>
  <EpImgFlag>2</EpImgFlag>
  <EpisodeName>Seven Names</EpisodeName>
  <EpisodeNumber>7</EpisodeNumber>
  <FirstAired>2010-10-26</FirstAired>
  <GuestStars></GuestStars>
  <IMDB_ID></IMDB_ID>
  <Language>en</Language>
  <Overview>Adam makes a tough business decision during a financial upheaval; Jabbar surprises Jasmine and Crosby with his reaction to their announcement about the future; Sarah confronts Amber about her partying while also dealing with issues at work; and Camille and Haddie perform community service</Overview>
  <ProductionCode></ProductionCode>
  <Rating>8.0</Rating>
  <RatingCount>9</RatingCount>
  <SeasonNumber>2</SeasonNumber>
  <Writer></Writer>
  <absolute_number></absolute_number>
  <filename>episodes/94551/2996061.jpg</filename>
  <lastupdated>1350506534</lastupdated>
  <seasonid>310691</seasonid>
  <seriesid>94551</seriesid>
</Episode>
<Episode>
  <id>3046841</id>
  <Combined_episodenumber>8</Combined_episodenumber>
  <Combined_season>2</Combined_season>
  <DVD_chapter></DVD_chapter>
  <DVD_discid></DVD_discid>
  <DVD_episodenumber></DVD_episodenumber>
  <DVD_season></DVD_season>
  <Director>Allison Liddi Brown</Director>
  <EpImgFlag>2</EpImgFlag>
  <EpisodeName>If This Boat is a Rockin'</EpisodeName>
  <EpisodeNumber>8</EpisodeNumber>
  <FirstAired>2010-11-09</FirstAired>
  <GuestStars></GuestStars>
  <IMDB_ID></IMDB_ID>
  <Language>en</Language>
  <Overview>Adam confronts a man in defense of Max. Crosby and Jasmine delve into domestic discussions, beginning with the selling of Crosby's boat. Meanwhile, Sarah and Gordon spend an afternoon together, which carries on until sunrise the next morning, creating tension with Amber and Drew. Elsewhere, Haddie discovers intriguing information about Alex.</Overview>
  <ProductionCode></ProductionCode>
  <Rating>7.5</Rating>
  <RatingCount>10</RatingCount>
  <SeasonNumber>2</SeasonNumber>
  <Writer>Tyler Bensinger</Writer>
  <absolute_number></absolute_number>
  <filename>episodes/94551/3046841.jpg</filename>
  <lastupdated>1350506544</lastupdated>
  <seasonid>310691</seasonid>
  <seriesid>94551</seriesid>
</Episode>
<Episode>
  <id>3046851</id>
  <Combined_episodenumber>9</Combined_episodenumber>
  <Combined_season>2</Combined_season>
  <DVD_chapter></DVD_chapter>
  <DVD_discid></DVD_discid>
  <DVD_episodenumber></DVD_episodenumber>
  <DVD_season></DVD_season>
  <Director>Patrick Norris</Director>
  <EpImgFlag>2</EpImgFlag>
  <EpisodeName>Put Yourself Out There</EpisodeName>
  <EpisodeNumber>9</EpisodeNumber>
  <FirstAired>2010-11-16</FirstAired>
  <GuestStars></GuestStars>
  <IMDB_ID></IMDB_ID>
  <Language>en</Language>
  <Overview>Sarah convinces Amber to meet with an important colleague of Gordon's. Meanwhile, Kristina frantically attempts to obtain a birthday invite for troublesome Max. Camille takes a class with the man she once had an affair with, making Zeke jealous. Elsewhere, Crosby and Joel band together to direct Jabbar's school play. Haddie's relationship with an unexpected love interest deepens.</Overview>
  <ProductionCode></ProductionCode>
  <Rating>7.4</Rating>
  <RatingCount>9</RatingCount>
  <SeasonNumber>2</SeasonNumber>
  <Writer>Bridget Carpenter</Writer>
  <absolute_number></absolute_number>
  <filename>episodes/94551/3046851.jpg</filename>
  <lastupdated>1350506554</lastupdated>
  <seasonid>310691</seasonid>
  <seriesid>94551</seriesid>
</Episode>
<Episode>
  <id>3143431</id>
  <Combined_episodenumber>10</Combined_episodenumber>
  <Combined_season>2</Combined_season>
  <DVD_chapter></DVD_chapter>
  <DVD_discid></DVD_discid>
  <DVD_episodenumber></DVD_episodenumber>
  <DVD_season></DVD_season>
  <Director></Director>
  <EpImgFlag>2</EpImgFlag>
  <EpisodeName>Happy Thanksgiving </EpisodeName>
  <EpisodeNumber>10</EpisodeNumber>
  <FirstAired>2010-11-23</FirstAired>
  <GuestStars></GuestStars>
  <IMDB_ID></IMDB_ID>
  <Language>en</Language>
  <Overview>Adam fears his future, and he is torn between his job and family after surprising news from Gordon. While preparing Thanksgiving dinner, Camille and Amber share a bonding moment. Meanwhile, Drew feels uncomfortable about his mom, bringing Gordon to dinner. Crosby tries to impress his future mother-in-law. Elsewhere, Julia tries to embrace her domestic side by making pies for dinner, but snaps at Sydney.</Overview>
  <ProductionCode></ProductionCode>
  <Rating>8.1</Rating>
  <RatingCount>10</RatingCount>
  <SeasonNumber>2</SeasonNumber>
  <Writer></Writer>
  <absolute_number></absolute_number>
  <filename>episodes/94551/3143431.jpg</filename>
  <lastupdated>1350506573</lastupdated>
  <seasonid>310691</seasonid>
  <seriesid>94551</seriesid>
</Episode>
<Episode>
  <id>3314111</id>
  <Combined_episodenumber>11</Combined_episodenumber>
  <Combined_season>2</Combined_season>
  <DVD_chapter></DVD_chapter>
  <DVD_discid></DVD_discid>
  <DVD_episodenumber></DVD_episodenumber>
  <DVD_season></DVD_season>
  <Director></Director>
  <EpImgFlag>2</EpImgFlag>
  <EpisodeName>Damage Control</EpisodeName>
  <EpisodeNumber>11</EpisodeNumber>
  <FirstAired>2011-01-04</FirstAired>
  <GuestStars></GuestStars>
  <IMDB_ID></IMDB_ID>
  <Language>en</Language>
  <Overview>Crosby has trouble teaching Jabbar to clean his room. Meanwhile, Zeke finds Drew drinking beer with guys from school. Adam and Kristina get to know Alex at dinner with Haddie and Max. Joel and Julia explain death to Sydney.</Overview>
  <ProductionCode></ProductionCode>
  <Rating>7.4</Rating>
  <RatingCount>9</RatingCount>
  <SeasonNumber>2</SeasonNumber>
  <Writer></Writer>
  <absolute_number></absolute_number>
  <filename>episodes/94551/3314111.jpg</filename>
  <lastupdated>1350506583</lastupdated>
  <seasonid>310691</seasonid>
  <seriesid>94551</seriesid>
</Episode>
<Episode>
  <id>3412861</id>
  <Combined_episodenumber>12</Combined_episodenumber>
  <Combined_season>2</Combined_season>
  <DVD_chapter></DVD_chapter>
  <DVD_discid></DVD_discid>
  <DVD_episodenumber></DVD_episodenumber>
  <DVD_season></DVD_season>
  <Director></Director>
  <EpImgFlag>2</EpImgFlag>
  <EpisodeName>Meet the New Boss</EpisodeName>
  <EpisodeNumber>12</EpisodeNumber>
  <FirstAired>2011-01-11</FirstAired>
  <GuestStars></GuestStars>
  <IMDB_ID></IMDB_ID>
  <Language>en</Language>
  <Overview>Adam tries to cope with the idea of a new boss and is concerned about the stability of his job. Kristina tries winning Haddie over as she seeks comfort in Amber when she realizes her parents refuse to accept her decision. Meanwhile, Crosby is attempting to overcome a few obstacles of his own as a coordinator of a kindergarten performance at Jabbar’s school. Amber is taking on the challenge of performing at an open mic night, but she is surprised by who her biggest critic is.</Overview>
  <ProductionCode></ProductionCode>
  <Rating>7.7</Rating>
  <RatingCount>10</RatingCount>
  <SeasonNumber>2</SeasonNumber>
  <Writer></Writer>
  <absolute_number></absolute_number>
  <filename>episodes/94551/3412861.jpg</filename>
  <lastupdated>1350506594</lastupdated>
  <seasonid>310691</seasonid>
  <seriesid>94551</seriesid>
</Episode>
<Episode>
  <id>3456841</id>
  <Combined_episodenumber>13</Combined_episodenumber>
  <Combined_season>2</Combined_season>
  <DVD_chapter></DVD_chapter>
  <DVD_discid></DVD_discid>
  <DVD_episodenumber></DVD_episodenumber>
  <DVD_season></DVD_season>
  <Director></Director>
  <EpImgFlag>2</EpImgFlag>
  <EpisodeName>Opening Night</EpisodeName>
  <EpisodeNumber>13</EpisodeNumber>
  <FirstAired>2011-01-18</FirstAired>
  <GuestStars></GuestStars>
  <IMDB_ID></IMDB_ID>
  <Language>en</Language>
  <Overview>Kristina and Adam catch Haddie sneaking around with Alex and forbid her from seeing him anymore. Sarah faces a new challenge when Drew tells her he needs to sell five hundred dollars worth of wrapping paper. Meanwhile, Crosby and Jasmine have to deal with Jabbar’s bad case of stage fright right before the school play.</Overview>
  <ProductionCode></ProductionCode>
  <Rating>7.8</Rating>
  <RatingCount>11</RatingCount>
  <SeasonNumber>2</SeasonNumber>
  <Writer></Writer>
  <absolute_number></absolute_number>
  <filename>episodes/94551/3456841.jpg</filename>
  <lastupdated>1350506604</lastupdated>
  <seasonid>310691</seasonid>
  <seriesid>94551</seriesid>
</Episode>
<Episode>
  <id>3506161</id>
  <Combined_episodenumber>14</Combined_episodenumber>
  <Combined_season>2</Combined_season>
  <DVD_chapter></DVD_chapter>
  <DVD_discid></DVD_discid>
  <DVD_episodenumber></DVD_episodenumber>
  <DVD_season></DVD_season>
  <Director></Director>
  <EpImgFlag>2</EpImgFlag>
  <EpisodeName>A House Divided</EpisodeName>
  <EpisodeNumber>14</EpisodeNumber>
  <FirstAired>2011-02-01</FirstAired>
  <GuestStars></GuestStars>
  <IMDB_ID></IMDB_ID>
  <Language>en</Language>
  <Overview>Kristina refuses to accept Haddie’s, relationship with Alex, causing her to move in with her grandparents. Sarah puts her foot down at work and demands a higher salary to pay for Amber’s tuition. Meanwhile, Max makes a camping trip with Zeek extremely difficult. Julia throws a bachelorette party for Jasmine welcoming her to the Braverman tribe, while Adam gets more than he bargained for during a meeting with Crosby, shocking the entire family.</Overview>
  <ProductionCode></ProductionCode>
  <Rating>7.1</Rating>
  <RatingCount>7</RatingCount>
  <SeasonNumber>2</SeasonNumber>
  <Writer></Writer>
  <absolute_number></absolute_number>
  <filename>episodes/94551/3506161.jpg</filename>
  <lastupdated>1350506618</lastupdated>
  <seasonid>310691</seasonid>
  <seriesid>94551</seriesid>
</Episode>
<Episode>
  <id>3550611</id>
  <Combined_episodenumber>15</Combined_episodenumber>
  <Combined_season>2</Combined_season>
  <DVD_chapter></DVD_chapter>
  <DVD_discid></DVD_discid>
  <DVD_episodenumber></DVD_episodenumber>
  <DVD_season></DVD_season>
  <Director></Director>
  <EpImgFlag>2</EpImgFlag>
  <EpisodeName>Just Go Home</EpisodeName>
  <EpisodeNumber>15</EpisodeNumber>
  <FirstAired>2011-02-08</FirstAired>
  <GuestStars></GuestStars>
  <IMDB_ID></IMDB_ID>
  <Language>en</Language>
  <Overview>Sarah and Adam discuss a situation with Haddie. Meanwhile, Haddie, Amber and Max run into Alex. Crosby and Jasmine meet with her reverend for pre-marital counseling. Elsewhere, Drew meets his father, Seth, for breakfast.
</Overview>
  <ProductionCode></ProductionCode>
  <Rating>7.7</Rating>
  <RatingCount>12</RatingCount>
  <SeasonNumber>2</SeasonNumber>
  <Writer></Writer>
  <absolute_number></absolute_number>
  <filename>episodes/94551/3550611.jpg</filename>
  <lastupdated>1350506634</lastupdated>
  <seasonid>310691</seasonid>
  <seriesid>94551</seriesid>
</Episode>
<Episode>
  <id>3550621</id>
  <Combined_episodenumber>16</Combined_episodenumber>
  <Combined_season>2</Combined_season>
  <DVD_chapter></DVD_chapter>
  <DVD_discid></DVD_discid>
  <DVD_episodenumber></DVD_episodenumber>
  <DVD_season></DVD_season>
  <Director></Director>
  <EpImgFlag>2</EpImgFlag>
  <EpisodeName>Amazing Andy &amp; His Wonderful World of Bugs</EpisodeName>
  <EpisodeNumber>16</EpisodeNumber>
  <FirstAired>2011-02-15</FirstAired>
  <GuestStars></GuestStars>
  <IMDB_ID></IMDB_ID>
  <Language>en</Language>
  <Overview>Kristina and Adam throw Max a birthday party, hosted by Amazing Andy, a man who lives with Aspergers. Crosby and Jasmine deal with an issue that could change the fate of their relationship. Drew and Seth continue to strengthen their bond. Meanwhile, Julia and Joel work on adding to the family.</Overview>
  <ProductionCode></ProductionCode>
  <Rating>7.9</Rating>
  <RatingCount>11</RatingCount>
  <SeasonNumber>2</SeasonNumber>
  <Writer></Writer>
  <absolute_number></absolute_number>
  <filename>episodes/94551/3550621.jpg</filename>
  <lastupdated>1350506654</lastupdated>
  <seasonid>310691</seasonid>
  <seriesid>94551</seriesid>
</Episode>
<Episode>
  <id>3677641</id>
  <Combined_episodenumber>17</Combined_episodenumber>
  <Combined_season>2</Combined_season>
  <DVD_chapter></DVD_chapter>
  <DVD_discid></DVD_discid>
  <DVD_episodenumber></DVD_episodenumber>
  <DVD_season></DVD_season>
  <Director></Director>
  <EpImgFlag>1</EpImgFlag>
  <EpisodeName>Do Not Sleep With Your Autistic Nephew's Therapist</EpisodeName>
  <EpisodeNumber>17</EpisodeNumber>
  <FirstAired>2011-02-22</FirstAired>
  <GuestStars></GuestStars>
  <IMDB_ID></IMDB_ID>
  <Language>en</Language>
  <Overview>Crosby pays the price for a mistake that will change his relationships with those closest to him. Adam gets annoyed with Alex's frequent visits. Meanwhile, Adam and Kristina are then forced to deal with a huge problem that will affect Max's progress. Elsewhere, Drew is hit with some disappointing news from his father, while Sydney makes a decision that her parents, Julia and Joel, are supportive of</Overview>
  <ProductionCode></ProductionCode>
  <Rating>7.9</Rating>
  <RatingCount>10</RatingCount>
  <SeasonNumber>2</SeasonNumber>
  <Writer></Writer>
  <absolute_number></absolute_number>
  <filename>episodes/94551/3677641.jpg</filename>
  <lastupdated>1350506667</lastupdated>
  <seasonid>310691</seasonid>
  <seriesid>94551</seriesid>
</Episode>
<Episode>
  <id>3677651</id>
  <Combined_episodenumber>18</Combined_episodenumber>
  <Combined_season>2</Combined_season>
  <DVD_chapter></DVD_chapter>
  <DVD_discid></DVD_discid>
  <DVD_episodenumber></DVD_episodenumber>
  <DVD_season></DVD_season>
  <Director></Director>
  <EpImgFlag>1</EpImgFlag>
  <EpisodeName>Qualities and Difficulties</EpisodeName>
  <EpisodeNumber>18</EpisodeNumber>
  <FirstAired>2011-03-01</FirstAired>
  <GuestStars></GuestStars>
  <IMDB_ID></IMDB_ID>
  <Language>en</Language>
  <Overview>Adam and Kristina find it difficult to talk to Max about his Asperger's Syndrome and come to Dr. Pelickan for guidance. Sarah revisits her relationship with Mark Cyr when she goes to him for help with her latest project. Elsewhere, Crosby attempts to mend his relationship with Jasmine, while Julia and Joel prepare to celebrate their eight-year anniversary.</Overview>
  <ProductionCode></ProductionCode>
  <Rating>8.1</Rating>
  <RatingCount>9</RatingCount>
  <SeasonNumber>2</SeasonNumber>
  <Writer></Writer>
  <absolute_number></absolute_number>
  <filename>episodes/94551/3677651.jpg</filename>
  <lastupdated>1350506675</lastupdated>
  <seasonid>310691</seasonid>
  <seriesid>94551</seriesid>
</Episode>
<Episode>
  <id>3837451</id>
  <Combined_episodenumber>19</Combined_episodenumber>
  <Combined_season>2</Combined_season>
  <DVD_chapter></DVD_chapter>
  <DVD_discid></DVD_discid>
  <DVD_episodenumber></DVD_episodenumber>
  <DVD_season></DVD_season>
  <Director></Director>
  <EpImgFlag>2</EpImgFlag>
  <EpisodeName>Take the Leap</EpisodeName>
  <EpisodeNumber>19</EpisodeNumber>
  <FirstAired>2011-03-29</FirstAired>
  <GuestStars></GuestStars>
  <IMDB_ID></IMDB_ID>
  <Language>en</Language>
  <Overview>Kristina and Adam have a surprise meeting with the principal of Max's school; Jasmine and Crosby become nostalgic for their past; Julia and Joel receive upsetting news.</Overview>
  <ProductionCode></ProductionCode>
  <Rating>8.0</Rating>
  <RatingCount>11</RatingCount>
  <SeasonNumber>2</SeasonNumber>
  <Writer></Writer>
  <absolute_number></absolute_number>
  <filename>episodes/94551/3837451.jpg</filename>
  <lastupdated>1350506689</lastupdated>
  <seasonid>310691</seasonid>
  <seriesid>94551</seriesid>
</Episode>
<Episode>
  <id>3837461</id>
  <Combined_episodenumber>20</Combined_episodenumber>
  <Combined_season>2</Combined_season>
  <DVD_chapter></DVD_chapter>
  <DVD_discid></DVD_discid>
  <DVD_episodenumber></DVD_episodenumber>
  <DVD_season></DVD_season>
  <Director></Director>
  <EpImgFlag>2</EpImgFlag>
  <EpisodeName>New Plan</EpisodeName>
  <EpisodeNumber>20</EpisodeNumber>
  <FirstAired>2011-04-05</FirstAired>
  <GuestStars></GuestStars>
  <IMDB_ID></IMDB_ID>
  <Language>en</Language>
  <Overview>Crosby decides to try and get Jasmine back. Meanwhile, Adam worries about Haddie and Alex going to her prom together. Sarah works on her play script. 

</Overview>
  <ProductionCode></ProductionCode>
  <Rating>8.4</Rating>
  <RatingCount>11</RatingCount>
  <SeasonNumber>2</SeasonNumber>
  <Writer></Writer>
  <absolute_number></absolute_number>
  <filename>episodes/94551/3837461.jpg</filename>
  <lastupdated>1350506699</lastupdated>
  <seasonid>310691</seasonid>
  <seriesid>94551</seriesid>
</Episode>
<Episode>
  <id>3837471</id>
  <Combined_episodenumber>21</Combined_episodenumber>
  <Combined_season>2</Combined_season>
  <DVD_chapter></DVD_chapter>
  <DVD_discid></DVD_discid>
  <DVD_episodenumber></DVD_episodenumber>
  <DVD_season></DVD_season>
  <Director></Director>
  <EpImgFlag>2</EpImgFlag>
  <EpisodeName>Slipping Away</EpisodeName>
  <EpisodeNumber>21</EpisodeNumber>
  <FirstAired>2011-04-12</FirstAired>
  <GuestStars></GuestStars>
  <IMDB_ID></IMDB_ID>
  <Language>en</Language>
  <Overview>Amber quits her job and begins to fall down a dangerous and destructive path. Crosby works with Joel to mend his relationship with Jasmine. Meanwhile, Kristina and Adam overhear a disturbing phone call, which strains their relationship with Haddie. Elsewhere, Sarah makes progress with her stage play with the help of Zeek's, old friend Gilliam T. Blount.</Overview>
  <ProductionCode></ProductionCode>
  <Rating>7.7</Rating>
  <RatingCount>14</RatingCount>
  <SeasonNumber>2</SeasonNumber>
  <Writer></Writer>
  <absolute_number></absolute_number>
  <filename>episodes/94551/3837471.jpg</filename>
  <lastupdated>1350506711</lastupdated>
  <seasonid>310691</seasonid>
  <seriesid>94551</seriesid>
</Episode>
<Episode>
  <id>3837481</id>
  <Combined_episodenumber>22</Combined_episodenumber>
  <Combined_season>2</Combined_season>
  <DVD_chapter></DVD_chapter>
  <DVD_discid></DVD_discid>
  <DVD_episodenumber></DVD_episodenumber>
  <DVD_season></DVD_season>
  <Director></Director>
  <EpImgFlag>2</EpImgFlag>
  <EpisodeName>Hard Times Come Again No More</EpisodeName>
  <EpisodeNumber>22</EpisodeNumber>
  <FirstAired>2011-04-19</FirstAired>
  <GuestStars></GuestStars>
  <IMDB_ID></IMDB_ID>
  <Language>en</Language>
  <Overview>Sarah and the rest of the Braverman family worry about Amber's well-being after an accident. Meanwhile, Max 's behavior upsets Adam, and Julia unexpectedly plays a big role in a woman's labor and delivery. Also, Kristina helps with Haddie's transition into womanhood and Crosby tries to convince Jasmine to visit his new proprerty. </Overview>
  <ProductionCode></ProductionCode>
  <Rating>7.7</Rating>
  <RatingCount>13</RatingCount>
  <SeasonNumber>2</SeasonNumber>
  <Writer></Writer>
  <absolute_number></absolute_number>
  <filename>episodes/94551/3837481.jpg</filename>
  <lastupdated>1350506722</lastupdated>
  <seasonid>310691</seasonid>
  <seriesid>94551</seriesid>
</Episode>
<Episode>
  <id>4127815</id>
  <Combined_episodenumber>1</Combined_episodenumber>
  <Combined_season>3</Combined_season>
  <DVD_chapter></DVD_chapter>
  <DVD_discid></DVD_discid>
  <DVD_episodenumber></DVD_episodenumber>
  <DVD_season></DVD_season>
  <Director></Director>
  <EpImgFlag>2</EpImgFlag>
  <EpisodeName>I Don't Want to Do This Without You</EpisodeName>
  <EpisodeNumber>1</EpisodeNumber>
  <FirstAired>2011-09-13</FirstAired>
  <GuestStars></GuestStars>
  <IMDB_ID></IMDB_ID>
  <Language>en</Language>
  <Overview>Sarah approaches her 40th birthday and turns to Mr. Cyr for support in the Season 3 premiere. Meanwhile, Amber takes a step toward independence; Adam worries about providing for his family and considers joining Crosby for a business opportunity; the adoption process frustrates Julia; and Alex shares a secret with Julia. </Overview>
  <ProductionCode></ProductionCode>
  <Rating>7.8</Rating>
  <RatingCount>10</RatingCount>
  <SeasonNumber>3</SeasonNumber>
  <Writer></Writer>
  <absolute_number></absolute_number>
  <filename>episodes/94551/4127815.jpg</filename>
  <lastupdated>1350506249</lastupdated>
  <seasonid>466534</seasonid>
  <seriesid>94551</seriesid>
</Episode>
<Episode>
  <id>4144109</id>
  <Combined_episodenumber>2</Combined_episodenumber>
  <Combined_season>3</Combined_season>
  <DVD_chapter></DVD_chapter>
  <DVD_discid></DVD_discid>
  <DVD_episodenumber></DVD_episodenumber>
  <DVD_season></DVD_season>
  <Director></Director>
  <EpImgFlag>2</EpImgFlag>
  <EpisodeName>Hey, If You're Not Using That Baby...</EpisodeName>
  <EpisodeNumber>2</EpisodeNumber>
  <FirstAired>2011-09-20</FirstAired>
  <GuestStars></GuestStars>
  <IMDB_ID></IMDB_ID>
  <Language>en</Language>
  <Overview>Max goes to public school, a move that worries Kristina; Sarah and Mark's relationship progresses while Haddie and Alex's takes a hit; the stress of adoption takes a toll on Julia; and Adam rethinks his career path.</Overview>
  <ProductionCode></ProductionCode>
  <Rating>7.6</Rating>
  <RatingCount>10</RatingCount>
  <SeasonNumber>3</SeasonNumber>
  <Writer></Writer>
  <absolute_number></absolute_number>
  <filename>episodes/94551/4144109.jpg</filename>
  <lastupdated>1350506289</lastupdated>
  <seasonid>466534</seasonid>
  <seriesid>94551</seriesid>
</Episode>
<Episode>
  <id>4170679</id>
  <Combined_episodenumber>3</Combined_episodenumber>
  <Combined_season>3</Combined_season>
  <DVD_chapter></DVD_chapter>
  <DVD_discid></DVD_discid>
  <DVD_episodenumber></DVD_episodenumber>
  <DVD_season></DVD_season>
  <Director></Director>
  <EpImgFlag>2</EpImgFlag>
  <EpisodeName>Step Right Up</EpisodeName>
  <EpisodeNumber>3</EpisodeNumber>
  <FirstAired>2011-09-27</FirstAired>
  <GuestStars></GuestStars>
  <IMDB_ID></IMDB_ID>
  <Language>en</Language>
  <Overview>Amber enjoys her independence, while Sarah tries to maintain a connection to her daughter; Jasmine starts dating and wonders about her role in the family; Kristina frets over Crosby and Adam's new venture; Alex has good news; and Zeek counsels Drew on relationships.</Overview>
  <ProductionCode></ProductionCode>
  <Rating>7.6</Rating>
  <RatingCount>10</RatingCount>
  <SeasonNumber>3</SeasonNumber>
  <Writer></Writer>
  <absolute_number></absolute_number>
  <filename>episodes/94551/4170679.jpg</filename>
  <lastupdated>1350506299</lastupdated>
  <seasonid>466534</seasonid>
  <seriesid>94551</seriesid>
</Episode>
<Episode>
  <id>4170680</id>
  <Combined_episodenumber>4</Combined_episodenumber>
  <Combined_season>3</Combined_season>
  <DVD_chapter></DVD_chapter>
  <DVD_discid></DVD_discid>
  <DVD_episodenumber></DVD_episodenumber>
  <DVD_season></DVD_season>
  <Director></Director>
  <EpImgFlag>2</EpImgFlag>
  <EpisodeName>Clear Skies From Here on Out</EpisodeName>
  <EpisodeNumber>4</EpisodeNumber>
  <FirstAired>2011-10-04</FirstAired>
  <GuestStars></GuestStars>
  <IMDB_ID></IMDB_ID>
  <Language>en</Language>
  <Overview>Zeek lands a commercial, while Camille ponders her own achievements; Crosby and Adam don't see eye-to-eye over a parenting issue; Drew's first date goes awry; Jabbar and Max clash; Sarah and Mark take things to the next level while Haddie and Alex grow apart.</Overview>
  <ProductionCode></ProductionCode>
  <Rating>8.3</Rating>
  <RatingCount>8</RatingCount>
  <SeasonNumber>3</SeasonNumber>
  <Writer></Writer>
  <absolute_number></absolute_number>
  <filename>episodes/94551/4170680.jpg</filename>
  <lastupdated>1350506313</lastupdated>
  <seasonid>466534</seasonid>
  <seriesid>94551</seriesid>
</Episode>
<Episode>
  <id>4170681</id>
  <Combined_episodenumber>5</Combined_episodenumber>
  <Combined_season>3</Combined_season>
  <DVD_chapter></DVD_chapter>
  <DVD_discid></DVD_discid>
  <DVD_episodenumber></DVD_episodenumber>
  <DVD_season></DVD_season>
  <Director></Director>
  <EpImgFlag>2</EpImgFlag>
  <EpisodeName>Nora </EpisodeName>
  <EpisodeNumber>5</EpisodeNumber>
  <FirstAired>2011-10-11</FirstAired>
  <GuestStars></GuestStars>
  <IMDB_ID></IMDB_ID>
  <Language>en</Language>
  <Overview>Kristina goes to the hospital with unlikely company; Julia and Joel receive good news; Crosby is bothered by Jasmine's dates; Seth returns and could put a damper on Sarah's relationship with Mark; and Amber helps Max reconcile with Jabbar.</Overview>
  <ProductionCode></ProductionCode>
  <Rating>7.9</Rating>
  <RatingCount>13</RatingCount>
  <SeasonNumber>3</SeasonNumber>
  <Writer></Writer>
  <absolute_number></absolute_number>
  <filename>episodes/94551/4170681.jpg</filename>
  <lastupdated>1350506325</lastupdated>
  <seasonid>466534</seasonid>
  <seriesid>94551</seriesid>
</Episode>
<Episode>
  <id>4170682</id>
  <Combined_episodenumber>6</Combined_episodenumber>
  <Combined_season>3</Combined_season>
  <DVD_chapter></DVD_chapter>
  <DVD_discid></DVD_discid>
  <DVD_episodenumber></DVD_episodenumber>
  <DVD_season></DVD_season>
  <Director></Director>
  <EpImgFlag>2</EpImgFlag>
  <EpisodeName>Tales from the Luncheonette</EpisodeName>
  <EpisodeNumber>6</EpisodeNumber>
  <FirstAired>2011-10-18</FirstAired>
  <GuestStars></GuestStars>
  <IMDB_ID></IMDB_ID>
  <Language>en</Language>
  <Overview>Kristina takes on too much; Adam and Crosby try to impress Cee Lo Green with their new studio; Mark worries about Seth's role in Sarah's life; Zeek creates doubts for Julia and Joel; and Drew takes steps to advance things with Amy.</Overview>
  <ProductionCode></ProductionCode>
  <Rating>7.8</Rating>
  <RatingCount>12</RatingCount>
  <SeasonNumber>3</SeasonNumber>
  <Writer></Writer>
  <absolute_number></absolute_number>
  <filename>episodes/94551/4170682.jpg</filename>
  <lastupdated>1350506336</lastupdated>
  <seasonid>466534</seasonid>
  <seriesid>94551</seriesid>
</Episode>
<Episode>
  <id>4190937</id>
  <Combined_episodenumber>7</Combined_episodenumber>
  <Combined_season>3</Combined_season>
  <DVD_chapter></DVD_chapter>
  <DVD_discid></DVD_discid>
  <DVD_episodenumber></DVD_episodenumber>
  <DVD_season></DVD_season>
  <Director></Director>
  <EpImgFlag>2</EpImgFlag>
  <EpisodeName>Forced Family Fun</EpisodeName>
  <EpisodeNumber>7</EpisodeNumber>
  <FirstAired>2011-11-01</FirstAired>
  <GuestStars>Bobby Reed</GuestStars>
  <IMDB_ID></IMDB_ID>
  <Language>en</Language>
  <Overview>Kristina plans a family night but it doesn't go as she expected. Crosby fears Jasmine's date will replace him as Jabbar's dad. Julia steps in Zoe's life and Zeek continues to question Sarah's involvement with Seth. </Overview>
  <ProductionCode></ProductionCode>
  <Rating>7.2</Rating>
  <RatingCount>10</RatingCount>
  <SeasonNumber>3</SeasonNumber>
  <Writer></Writer>
  <absolute_number></absolute_number>
  <filename>episodes/94551/4190937.jpg</filename>
  <lastupdated>1350506346</lastupdated>
  <seasonid>466534</seasonid>
  <seriesid>94551</seriesid>
</Episode>
<Episode>
  <id>4190938</id>
  <Combined_episodenumber>8</Combined_episodenumber>
  <Combined_season>3</Combined_season>
  <DVD_chapter></DVD_chapter>
  <DVD_discid></DVD_discid>
  <DVD_episodenumber></DVD_episodenumber>
  <DVD_season></DVD_season>
  <Director></Director>
  <EpImgFlag>2</EpImgFlag>
  <EpisodeName>In-Between</EpisodeName>
  <EpisodeNumber>8</EpisodeNumber>
  <FirstAired>2011-11-08</FirstAired>
  <GuestStars></GuestStars>
  <IMDB_ID></IMDB_ID>
  <Language>en</Language>
  <Overview>Amber gets a taste of what her mother had to deal with when she decides to let Seth stay with her. Adam tries to get physical with Kristina while Crosby struggles to come to terms with the idea of another man in Jabbar's life. Drew and Amy decide to take a step forward in their relationship. </Overview>
  <ProductionCode></ProductionCode>
  <Rating>7.4</Rating>
  <RatingCount>14</RatingCount>
  <SeasonNumber>3</SeasonNumber>
  <Writer></Writer>
  <absolute_number></absolute_number>
  <filename>episodes/94551/4190938.jpg</filename>
  <lastupdated>1350506359</lastupdated>
  <seasonid>466534</seasonid>
  <seriesid>94551</seriesid>
</Episode>
<Episode>
  <id>4192270</id>
  <Combined_episodenumber>9</Combined_episodenumber>
  <Combined_season>3</Combined_season>
  <DVD_chapter></DVD_chapter>
  <DVD_discid></DVD_discid>
  <DVD_episodenumber></DVD_episodenumber>
  <DVD_season></DVD_season>
  <Director></Director>
  <EpImgFlag>2</EpImgFlag>
  <EpisodeName>Sore Loser</EpisodeName>
  <EpisodeNumber>9</EpisodeNumber>
  <FirstAired>2011-11-15</FirstAired>
  <GuestStars>Alexandra Daddario</GuestStars>
  <IMDB_ID></IMDB_ID>
  <Language>en</Language>
  <Overview>During an intense game of Braverman charades, Joel and Julia come to the realization they may have spoiled Sydney. Meanwhile, Adam and Crosby celebrate a new client at The Luncheonette and Adam experiences an awkward moment with Rachel. Also, Kristina is concerned about Max's new friends at school, and Drew reaps the consequences of disobeying Sarah's rules.</Overview>
  <ProductionCode></ProductionCode>
  <Rating>8.0</Rating>
  <RatingCount>12</RatingCount>
  <SeasonNumber>3</SeasonNumber>
  <Writer></Writer>
  <absolute_number></absolute_number>
  <filename>episodes/94551/4192270.jpg</filename>
  <lastupdated>1350506369</lastupdated>
  <seasonid>466534</seasonid>
  <seriesid>94551</seriesid>
</Episode>
<Episode>
  <id>4192271</id>
  <Combined_episodenumber>10</Combined_episodenumber>
  <Combined_season>3</Combined_season>
  <DVD_chapter></DVD_chapter>
  <DVD_discid></DVD_discid>
  <DVD_episodenumber></DVD_episodenumber>
  <DVD_season></DVD_season>
  <Director></Director>
  <EpImgFlag>2</EpImgFlag>
  <EpisodeName>Mr. Honesty</EpisodeName>
  <EpisodeNumber>10</EpisodeNumber>
  <FirstAired>2011-11-22</FirstAired>
  <GuestStars></GuestStars>
  <IMDB_ID></IMDB_ID>
  <Language>en</Language>
  <Overview>An inappropriate moment at work disrupts Adam and Kristina’s  marriage. Meanwhile, Crosby and Jasmine  reconnect after clearing up Jabbar’s misunderstanding of their relationship. In an attempt to boost his college applications, Drew seeks out extracurricular activities and Amber is uncertain about her future. Also, a meeting with Zoe’s boyfriend may jeopardize Julia  and Joel’s adoption plan.</Overview>
  <ProductionCode></ProductionCode>
  <Rating>7.1</Rating>
  <RatingCount>15</RatingCount>
  <SeasonNumber>3</SeasonNumber>
  <Writer></Writer>
  <absolute_number></absolute_number>
  <filename>episodes/94551/4192271.jpg</filename>
  <lastupdated>1351346742</lastupdated>
  <seasonid>466534</seasonid>
  <seriesid>94551</seriesid>
</Episode>
<Episode>
  <id>4199197</id>
  <Combined_episodenumber>11</Combined_episodenumber>
  <Combined_season>3</Combined_season>
  <DVD_chapter></DVD_chapter>
  <DVD_discid></DVD_discid>
  <DVD_episodenumber></DVD_episodenumber>
  <DVD_season></DVD_season>
  <Director></Director>
  <EpImgFlag>2</EpImgFlag>
  <EpisodeName>Missing</EpisodeName>
  <EpisodeNumber>11</EpisodeNumber>
  <FirstAired>2011-11-29</FirstAired>
  <GuestStars>Jason Ritter</GuestStars>
  <IMDB_ID></IMDB_ID>
  <Language>en</Language>
  <Overview>Kristina and Adam discover harsh consequences come with two full-time jobs; Crosby and Jasmine confront their relationship issues and Sarah and Mark think about future plans.</Overview>
  <ProductionCode></ProductionCode>
  <Rating>7.2</Rating>
  <RatingCount>9</RatingCount>
  <SeasonNumber>3</SeasonNumber>
  <Writer></Writer>
  <absolute_number></absolute_number>
  <filename>episodes/94551/4199197.jpg</filename>
  <lastupdated>1351346724</lastupdated>
  <seasonid>466534</seasonid>
  <seriesid>94551</seriesid>
</Episode>
<Episode>
  <id>4199198</id>
  <Combined_episodenumber>12</Combined_episodenumber>
  <Combined_season>3</Combined_season>
  <DVD_chapter></DVD_chapter>
  <DVD_discid></DVD_discid>
  <DVD_episodenumber></DVD_episodenumber>
  <DVD_season></DVD_season>
  <Director></Director>
  <EpImgFlag>2</EpImgFlag>
  <EpisodeName>Road Trip</EpisodeName>
  <EpisodeNumber>12</EpisodeNumber>
  <FirstAired>2012-01-03</FirstAired>
  <GuestStars></GuestStars>
  <IMDB_ID></IMDB_ID>
  <Language>en</Language>
  <Overview>Zeek decides to go on a road trip to visit his mother for her 86th birthday and the whole family tags along. However, the disaster bound trip doesn't prove as troublesome as the birthday girl. </Overview>
  <ProductionCode></ProductionCode>
  <Rating>6.8</Rating>
  <RatingCount>11</RatingCount>
  <SeasonNumber>3</SeasonNumber>
  <Writer></Writer>
  <absolute_number></absolute_number>
  <filename>episodes/94551/4199198.jpg</filename>
  <lastupdated>1351841330</lastupdated>
  <seasonid>466534</seasonid>
  <seriesid>94551</seriesid>
</Episode>
<Episode>
  <id>4231535</id>
  <Combined_episodenumber>13</Combined_episodenumber>
  <Combined_season>3</Combined_season>
  <DVD_chapter></DVD_chapter>
  <DVD_discid></DVD_discid>
  <DVD_episodenumber></DVD_episodenumber>
  <DVD_season></DVD_season>
  <Director></Director>
  <EpImgFlag>2</EpImgFlag>
  <EpisodeName>Just Smile</EpisodeName>
  <EpisodeNumber>13</EpisodeNumber>
  <FirstAired>2012-01-10</FirstAired>
  <GuestStars></GuestStars>
  <IMDB_ID></IMDB_ID>
  <Language>en</Language>
  <Overview>Crosby is frustrated when Adam unexpectedly steals the spotlight for a local newspaper's piece on the Luncheonette. Meanwhile, Amber struggles in a new job and Sarah becomes overwhelmed with thoughts of having a baby. Also, Julia and Joel try to resist interfering in Zoe's personal life.</Overview>
  <ProductionCode></ProductionCode>
  <Rating>7.2</Rating>
  <RatingCount>13</RatingCount>
  <SeasonNumber>3</SeasonNumber>
  <Writer></Writer>
  <absolute_number></absolute_number>
  <filename>episodes/94551/4231535.jpg</filename>
  <lastupdated>1352448961</lastupdated>
  <seasonid>466534</seasonid>
  <seriesid>94551</seriesid>
</Episode>
<Episode>
  <id>4231536</id>
  <Combined_episodenumber>14</Combined_episodenumber>
  <Combined_season>3</Combined_season>
  <DVD_chapter></DVD_chapter>
  <DVD_discid></DVD_discid>
  <DVD_episodenumber></DVD_episodenumber>
  <DVD_season></DVD_season>
  <Director></Director>
  <EpImgFlag>2</EpImgFlag>
  <EpisodeName>It Is What It Is</EpisodeName>
  <EpisodeNumber>14</EpisodeNumber>
  <FirstAired>2012-01-17</FirstAired>
  <GuestStars></GuestStars>
  <IMDB_ID></IMDB_ID>
  <Language>en</Language>
  <Overview>Zeek gets shocking news from his doctor; Crosby advances on a new relationship; Amber's boss's actions confuse her; Adam and Kristina become concerned about the cost of college; Julia worries Zoe will want to keep her baby.</Overview>
  <ProductionCode></ProductionCode>
  <Rating>7.3</Rating>
  <RatingCount>16</RatingCount>
  <SeasonNumber>3</SeasonNumber>
  <Writer></Writer>
  <absolute_number></absolute_number>
  <filename>episodes/94551/4231536.jpg</filename>
  <lastupdated>1353104255</lastupdated>
  <seasonid>466534</seasonid>
  <seriesid>94551</seriesid>
</Episode>
<Episode>
  <id>4241214</id>
  <Combined_episodenumber>15</Combined_episodenumber>
  <Combined_season>3</Combined_season>
  <DVD_chapter></DVD_chapter>
  <DVD_discid></DVD_discid>
  <DVD_episodenumber></DVD_episodenumber>
  <DVD_season></DVD_season>
  <Director></Director>
  <EpImgFlag>2</EpImgFlag>
  <EpisodeName>Politics</EpisodeName>
  <EpisodeNumber>15</EpisodeNumber>
  <FirstAired>2012-02-07</FirstAired>
  <GuestStars></GuestStars>
  <IMDB_ID>tt2138879</IMDB_ID>
  <Language>en</Language>
  <Overview>Mark invites Sarah to a friend's engagement party which stirs up a serious conversation about a baby in their future. Meanwhile, Amber receives a job promotion but questions her own qualifications, Adam and Crosby clash over business strategy for The Luncheonette and Zoe's behavior causes Julia and Joel to question their adoption agreement.</Overview>
  <ProductionCode></ProductionCode>
  <Rating>7.5</Rating>
  <RatingCount>11</RatingCount>
  <SeasonNumber>3</SeasonNumber>
  <Writer></Writer>
  <absolute_number></absolute_number>
  <filename>episodes/94551/4241214.jpg</filename>
  <lastupdated>1354450198</lastupdated>
  <seasonid>466534</seasonid>
  <seriesid>94551</seriesid>
</Episode>
<Episode>
  <id>4264713</id>
  <Combined_episodenumber>16</Combined_episodenumber>
  <Combined_season>3</Combined_season>
  <DVD_chapter></DVD_chapter>
  <DVD_discid></DVD_discid>
  <DVD_episodenumber></DVD_episodenumber>
  <DVD_season></DVD_season>
  <Director></Director>
  <EpImgFlag>2</EpImgFlag>
  <EpisodeName>Tough Love</EpisodeName>
  <EpisodeNumber>16</EpisodeNumber>
  <FirstAired>2012-02-14</FirstAired>
  <GuestStars></GuestStars>
  <IMDB_ID>tt2167247</IMDB_ID>
  <Language>en</Language>
  <Overview>Julia struggles to detach herself from getting too involved in Zoe's life, Kristina reacts to Amber and Bob Little's plans to go off on a weekend business trip together and Max tries to use his Asperger's as an excuse to get out of P.E. Meanwhile, Sarah and Mark's plan to have a baby elicits an unexpected reaction from Drew.</Overview>
  <ProductionCode></ProductionCode>
  <Rating>8.3</Rating>
  <RatingCount>8</RatingCount>
  <SeasonNumber>3</SeasonNumber>
  <Writer></Writer>
  <absolute_number></absolute_number>
  <filename>episodes/94551/4264713.jpg</filename>
  <lastupdated>1355306251</lastupdated>
  <seasonid>466534</seasonid>
  <seriesid>94551</seriesid>
</Episode>
<Episode>
  <id>4264714</id>
  <Combined_episodenumber>17</Combined_episodenumber>
  <Combined_season>3</Combined_season>
  <DVD_chapter></DVD_chapter>
  <DVD_discid></DVD_discid>
  <DVD_episodenumber></DVD_episodenumber>
  <DVD_season></DVD_season>
  <Director></Director>
  <EpImgFlag>2</EpImgFlag>
  <EpisodeName>Remember Me, I'm the One Who Loves You</EpisodeName>
  <EpisodeNumber>17</EpisodeNumber>
  <FirstAired>2012-02-21</FirstAired>
  <GuestStars></GuestStars>
  <IMDB_ID></IMDB_ID>
  <Language>en</Language>
  <Overview>The Bravermans come together to celebrate a momentous event while Julia and Joel strive to overcome the emotional rollercoaster adopting a child has put them through. Also, Crosby and Adam decide on the fate of The Luncheonette and Sarah makes a difficult decision about her future.</Overview>
  <ProductionCode></ProductionCode>
  <Rating>8.0</Rating>
  <RatingCount>8</RatingCount>
  <SeasonNumber>3</SeasonNumber>
  <Writer></Writer>
  <absolute_number></absolute_number>
  <filename>episodes/94551/4264714.jpg</filename>
  <lastupdated>1355306213</lastupdated>
  <seasonid>466534</seasonid>
  <seriesid>94551</seriesid>
</Episode>
<Episode>
  <id>4264715</id>
  <Combined_episodenumber>18</Combined_episodenumber>
  <Combined_season>3</Combined_season>
  <DVD_chapter></DVD_chapter>
  <DVD_discid></DVD_discid>
  <DVD_episodenumber></DVD_episodenumber>
  <DVD_season></DVD_season>
  <Director></Director>
  <EpImgFlag>2</EpImgFlag>
  <EpisodeName>My Brother's Wedding</EpisodeName>
  <EpisodeNumber>18</EpisodeNumber>
  <FirstAired>2012-02-28</FirstAired>
  <GuestStars>|Jason Ritter|</GuestStars>
  <IMDB_ID></IMDB_ID>
  <Language>en</Language>
  <Overview>The Bravermans come together to celebrate a momentous event while Julia and Joel strive to overcome the emotional rollercoaster adopting a child has put them through. Also, Crosby and Adam decide on the fate of The Luncheonette and Sarah makes a difficult decision about her future.</Overview>
  <ProductionCode></ProductionCode>
  <Rating>7.6</Rating>
  <RatingCount>8</RatingCount>
  <SeasonNumber>3</SeasonNumber>
  <Writer></Writer>
  <absolute_number></absolute_number>
  <filename>episodes/94551/4264715.jpg</filename>
  <lastupdated>1356517714</lastupdated>
  <seasonid>466534</seasonid>
  <seriesid>94551</seriesid>
</Episode>
<Episode>
  <id>4343852</id>
  <Combined_episodenumber>1</Combined_episodenumber>
  <Combined_season>4</Combined_season>
  <DVD_chapter></DVD_chapter>
  <DVD_discid></DVD_discid>
  <DVD_episodenumber></DVD_episodenumber>
  <DVD_season></DVD_season>
  <Director></Director>
  <EpImgFlag>2</EpImgFlag>
  <EpisodeName>Family Portrait</EpisodeName>
  <EpisodeNumber>1</EpisodeNumber>
  <FirstAired>2012-09-11</FirstAired>
  <GuestStars></GuestStars>
  <IMDB_ID>tt2340702</IMDB_ID>
  <Language>en</Language>
  <Overview>As Haddie prepares to head off to college, the Bravermans gather for a family portrait; Joel and Julia worry about the behavior of their newly adopted son; Sarah tries to impress a photographer (Ray Romano) with her skills as an assistant.</Overview>
  <ProductionCode></ProductionCode>
  <Rating>7.5</Rating>
  <RatingCount>8</RatingCount>
  <SeasonNumber>4</SeasonNumber>
  <Writer></Writer>
  <absolute_number></absolute_number>
  <filename>episodes/94551/4343852.jpg</filename>
  <lastupdated>1357501570</lastupdated>
  <seasonid>494643</seasonid>
  <seriesid>94551</seriesid>
</Episode>
<Episode>
  <id>4386886</id>
  <Combined_episodenumber>2</Combined_episodenumber>
  <Combined_season>4</Combined_season>
  <DVD_chapter></DVD_chapter>
  <DVD_discid></DVD_discid>
  <DVD_episodenumber></DVD_episodenumber>
  <DVD_season></DVD_season>
  <Director></Director>
  <EpImgFlag>2</EpImgFlag>
  <EpisodeName>Left Field</EpisodeName>
  <EpisodeNumber>2</EpisodeNumber>
  <FirstAired>2012-09-18</FirstAired>
  <GuestStars></GuestStars>
  <IMDB_ID></IMDB_ID>
  <Language>en</Language>
  <Overview>Jasmine and Crosby define the boundaries of their marriage; Sarah's new boss (Ray Romano) helps her understand Drew's feelings; Kristina receives potentially life-altering news.</Overview>
  <ProductionCode></ProductionCode>
  <Rating>7.9</Rating>
  <RatingCount>8</RatingCount>
  <SeasonNumber>4</SeasonNumber>
  <Writer></Writer>
  <absolute_number></absolute_number>
  <filename>episodes/94551/4386886.jpg</filename>
  <lastupdated>1357501606</lastupdated>
  <seasonid>494643</seasonid>
  <seriesid>94551</seriesid>
</Episode>
<Episode>
  <id>4386887</id>
  <Combined_episodenumber>3</Combined_episodenumber>
  <Combined_season>4</Combined_season>
  <DVD_chapter></DVD_chapter>
  <DVD_discid></DVD_discid>
  <DVD_episodenumber></DVD_episodenumber>
  <DVD_season></DVD_season>
  <Director></Director>
  <EpImgFlag>2</EpImgFlag>
  <EpisodeName>Everything Is Not Okay</EpisodeName>
  <EpisodeNumber>3</EpisodeNumber>
  <FirstAired>2012-09-25</FirstAired>
  <GuestStars></GuestStars>
  <IMDB_ID></IMDB_ID>
  <Language>en</Language>
  <Overview>Adam and Kristina turn to the family for emotional support; Zeek's behavior causes concern; Sarah confronts her boss and is surprised by the outcome.</Overview>
  <ProductionCode></ProductionCode>
  <Rating>7.6</Rating>
  <RatingCount>7</RatingCount>
  <SeasonNumber>4</SeasonNumber>
  <Writer></Writer>
  <absolute_number></absolute_number>
  <filename>episodes/94551/4386887.jpg</filename>
  <lastupdated>1350952687</lastupdated>
  <seasonid>494643</seasonid>
  <seriesid>94551</seriesid>
</Episode>
<Episode>
  <id>4386888</id>
  <Combined_episodenumber>4</Combined_episodenumber>
  <Combined_season>4</Combined_season>
  <DVD_chapter></DVD_chapter>
  <DVD_discid></DVD_discid>
  <DVD_episodenumber></DVD_episodenumber>
  <DVD_season></DVD_season>
  <Director></Director>
  <EpImgFlag>2</EpImgFlag>
  <EpisodeName>The Talk</EpisodeName>
  <EpisodeNumber>4</EpisodeNumber>
  <FirstAired>2012-10-02</FirstAired>
  <GuestStars></GuestStars>
  <IMDB_ID></IMDB_ID>
  <Language>en</Language>
  <Overview>Jasmine and Jabbar's family dynamic could change; Sarah spends time with her boss's daughter; Zeek makes a new friend; Victor tries an after-school activity.</Overview>
  <ProductionCode></ProductionCode>
  <Rating>7.7</Rating>
  <RatingCount>6</RatingCount>
  <SeasonNumber>4</SeasonNumber>
  <Writer></Writer>
  <absolute_number></absolute_number>
  <filename>episodes/94551/4386888.jpg</filename>
  <lastupdated>1350952701</lastupdated>
  <seasonid>494643</seasonid>
  <seriesid>94551</seriesid>
</Episode>
<Episode>
  <id>4386889</id>
  <Combined_episodenumber>5</Combined_episodenumber>
  <Combined_season>4</Combined_season>
  <DVD_chapter></DVD_chapter>
  <DVD_discid></DVD_discid>
  <DVD_episodenumber></DVD_episodenumber>
  <DVD_season></DVD_season>
  <Director></Director>
  <EpImgFlag>2</EpImgFlag>
  <EpisodeName>There's Something I Need to Tell You...</EpisodeName>
  <EpisodeNumber>5</EpisodeNumber>
  <FirstAired>2012-10-09</FirstAired>
  <GuestStars></GuestStars>
  <IMDB_ID></IMDB_ID>
  <Language>en</Language>
  <Overview>Kristina shares her health news with the family; Joel is nervous as Victor plays in his first baseball game; Sarah is caught in a tender moment with Hank.</Overview>
  <ProductionCode></ProductionCode>
  <Rating>8.3</Rating>
  <RatingCount>9</RatingCount>
  <SeasonNumber>4</SeasonNumber>
  <Writer></Writer>
  <absolute_number></absolute_number>
  <filename>episodes/94551/4386889.jpg</filename>
  <lastupdated>1350952716</lastupdated>
  <seasonid>494643</seasonid>
  <seriesid>94551</seriesid>
</Episode>
<Episode>
  <id>4414977</id>
  <Combined_episodenumber>6</Combined_episodenumber>
  <Combined_season>4</Combined_season>
  <DVD_chapter></DVD_chapter>
  <DVD_discid></DVD_discid>
  <DVD_episodenumber></DVD_episodenumber>
  <DVD_season></DVD_season>
  <Director></Director>
  <EpImgFlag>2</EpImgFlag>
  <EpisodeName>I'll Be Right Here</EpisodeName>
  <EpisodeNumber>6</EpisodeNumber>
  <FirstAired>2012-10-23</FirstAired>
  <GuestStars></GuestStars>
  <IMDB_ID>tt2341082</IMDB_ID>
  <Language>en</Language>
  <Overview>Kristina is dismayed when she learns that Max is giving a speech on the same day as her surgery; Drew disagrees with Sarah's decision to move in with Mark; Ryan asks Amber out.</Overview>
  <ProductionCode></ProductionCode>
  <Rating>7.5</Rating>
  <RatingCount>8</RatingCount>
  <SeasonNumber>4</SeasonNumber>
  <Writer></Writer>
  <absolute_number></absolute_number>
  <filename>episodes/94551/4414977.jpg</filename>
  <lastupdated>1351035585</lastupdated>
  <seasonid>494643</seasonid>
  <seriesid>94551</seriesid>
</Episode>
<Episode>
  <id>4414978</id>
  <Combined_episodenumber>7</Combined_episodenumber>
  <Combined_season>4</Combined_season>
  <DVD_chapter></DVD_chapter>
  <DVD_discid></DVD_discid>
  <DVD_episodenumber></DVD_episodenumber>
  <DVD_season></DVD_season>
  <Director></Director>
  <EpImgFlag>2</EpImgFlag>
  <EpisodeName>Together</EpisodeName>
  <EpisodeNumber>7</EpisodeNumber>
  <FirstAired>2012-11-13</FirstAired>
  <GuestStars></GuestStars>
  <IMDB_ID></IMDB_ID>
  <Language>en</Language>
  <Overview>Adam and Kristina face difficulties as she deals with her continuing treatment; Sarah and Zeek worry about Amber and Ryan's relationship; Julia focuses on building a bond with Victor.</Overview>
  <ProductionCode></ProductionCode>
  <Rating>7.3</Rating>
  <RatingCount>7</RatingCount>
  <SeasonNumber>4</SeasonNumber>
  <Writer></Writer>
  <absolute_number></absolute_number>
  <filename>episodes/94551/4414978.jpg</filename>
  <lastupdated>1352828844</lastupdated>
  <seasonid>494643</seasonid>
  <seriesid>94551</seriesid>
</Episode>
<Episode>
  <id>4432899</id>
  <Combined_episodenumber>8</Combined_episodenumber>
  <Combined_season>4</Combined_season>
  <DVD_chapter></DVD_chapter>
  <DVD_discid></DVD_discid>
  <DVD_episodenumber></DVD_episodenumber>
  <DVD_season></DVD_season>
  <Director></Director>
  <EpImgFlag>2</EpImgFlag>
  <EpisodeName>One More Weekend with You</EpisodeName>
  <EpisodeNumber>8</EpisodeNumber>
  <FirstAired>2012-11-20</FirstAired>
  <GuestStars></GuestStars>
  <IMDB_ID></IMDB_ID>
  <Language>en</Language>
  <Overview>Jasmine and Crosby organize an event for Jabbar's school; during a spontaneous road trip, Amber learns more about Ryan's past; Mark and Sarah encounter a dilemma.</Overview>
  <ProductionCode></ProductionCode>
  <Rating>7.4</Rating>
  <RatingCount>9</RatingCount>
  <SeasonNumber>4</SeasonNumber>
  <Writer></Writer>
  <absolute_number></absolute_number>
  <filename>episodes/94551/4432899.jpg</filename>
  <lastupdated>1354390162</lastupdated>
  <seasonid>494643</seasonid>
  <seriesid>94551</seriesid>
</Episode>
<Episode>
  <id>4437781</id>
  <Combined_episodenumber>9</Combined_episodenumber>
  <Combined_season>4</Combined_season>
  <DVD_chapter></DVD_chapter>
  <DVD_discid></DVD_discid>
  <DVD_episodenumber></DVD_episodenumber>
  <DVD_season></DVD_season>
  <Director></Director>
  <EpImgFlag>2</EpImgFlag>
  <EpisodeName>You Can't Always Get What You Want</EpisodeName>
  <EpisodeNumber>9</EpisodeNumber>
  <FirstAired>2012-11-27</FirstAired>
  <GuestStars></GuestStars>
  <IMDB_ID></IMDB_ID>
  <Language>en</Language>
  <Overview>Julia struggles with her new role as a stay-at-home mom; a disruptive neighbor threatens the future of the Luncheonette; Mark and Sarah can't agree on relationship and parenting issues.</Overview>
  <ProductionCode></ProductionCode>
  <Rating>7.5</Rating>
  <RatingCount>10</RatingCount>
  <SeasonNumber>4</SeasonNumber>
  <Writer></Writer>
  <absolute_number></absolute_number>
  <filename>episodes/94551/4437781.jpg</filename>
  <lastupdated>1354649124</lastupdated>
  <seasonid>494643</seasonid>
  <seriesid>94551</seriesid>
</Episode>
<Episode>
  <id>4437782</id>
  <Combined_episodenumber>10</Combined_episodenumber>
  <Combined_season>4</Combined_season>
  <DVD_chapter></DVD_chapter>
  <DVD_discid></DVD_discid>
  <DVD_episodenumber></DVD_episodenumber>
  <DVD_season></DVD_season>
  <Director>|Dylan K. Massin|</Director>
  <EpImgFlag>2</EpImgFlag>
  <EpisodeName>Trouble in Candyland</EpisodeName>
  <EpisodeNumber>10</EpisodeNumber>
  <FirstAired>2012-12-04</FirstAired>
  <GuestStars>|Glen Hansard|Ray Romano|Matt Lauria|Betsy Brandt|Pamela Adlon|</GuestStars>
  <IMDB_ID>tt2497418</IMDB_ID>
  <Language>en</Language>
  <Overview>Mark becomes increasingly impatient as Sarah tries to help Hank reconnect with his family; Julia asks Kristina for advice when Victor gets frustrated with school; Adam and Crosby try to save the Luncheonette and record an album for Glen Hansard.</Overview>
  <ProductionCode>410</ProductionCode>
  <Rating>7.6</Rating>
  <RatingCount>8</RatingCount>
  <SeasonNumber>4</SeasonNumber>
  <Writer>|Jesse Zwick|</Writer>
  <absolute_number>63</absolute_number>
  <filename>episodes/94551/4437782.jpg</filename>
  <lastupdated>1355325924</lastupdated>
  <seasonid>494643</seasonid>
  <seriesid>94551</seriesid>
</Episode>
<Episode>
  <id>4437783</id>
  <Combined_episodenumber>11</Combined_episodenumber>
  <Combined_season>4</Combined_season>
  <DVD_chapter></DVD_chapter>
  <DVD_discid></DVD_discid>
  <DVD_episodenumber></DVD_episodenumber>
  <DVD_season></DVD_season>
  <Director>|Hanelle Culpepper|</Director>
  <EpImgFlag>2</EpImgFlag>
  <EpisodeName>What to My Wondering Eyes</EpisodeName>
  <EpisodeNumber>11</EpisodeNumber>
  <FirstAired>2012-12-11</FirstAired>
  <GuestStars>|Sarah Ramos|Ray Romano|Matt Lauria|</GuestStars>
  <IMDB_ID>tt2528112</IMDB_ID>
  <Language>en</Language>
  <Overview>Kristina and Adam are faced with a health scare; Jasmine and Crosby celebrate their first Christmas as a family; Sarah feels torn between Mark and Hank; Ryan and Amber have relationship problems.</Overview>
  <ProductionCode>411</ProductionCode>
  <Rating>8.3</Rating>
  <RatingCount>9</RatingCount>
  <SeasonNumber>4</SeasonNumber>
  <Writer>|Jason Katims|</Writer>
  <absolute_number>64</absolute_number>
  <filename>episodes/94551/4437783.jpg</filename>
  <lastupdated>1355326482</lastupdated>
  <seasonid>494643</seasonid>
  <seriesid>94551</seriesid>
</Episode>
<Episode>
  <id>4437784</id>
  <Combined_episodenumber>12</Combined_episodenumber>
  <Combined_season>4</Combined_season>
  <DVD_chapter></DVD_chapter>
  <DVD_discid></DVD_discid>
  <DVD_episodenumber></DVD_episodenumber>
  <DVD_season></DVD_season>
  <Director>|Dax Shepard|</Director>
  <EpImgFlag>2</EpImgFlag>
  <EpisodeName>Keep on Rowing</EpisodeName>
  <EpisodeNumber>12</EpisodeNumber>
  <FirstAired>2013-01-01</FirstAired>
  <GuestStars>|Tina Lifford|Ryan Hansen|Ray Romano|</GuestStars>
  <IMDB_ID>tt2549878</IMDB_ID>
  <Language>en</Language>
  <Overview>Crosby and Jasmine help a family member who is having financial problems; Kristina debuts a new look; Hank and Sarah have an interesting evening together.</Overview>
  <ProductionCode></ProductionCode>
  <Rating>7.6</Rating>
  <RatingCount>7</RatingCount>
  <SeasonNumber>4</SeasonNumber>
  <Writer>|David Hudgins|</Writer>
  <absolute_number>65</absolute_number>
  <filename>episodes/94551/4437784.jpg</filename>
  <lastupdated>1358295370</lastupdated>
  <seasonid>494643</seasonid>
  <seriesid>94551</seriesid>
</Episode>
<Episode>
  <id>4437785</id>
  <Combined_episodenumber>13</Combined_episodenumber>
  <Combined_season>4</Combined_season>
  <DVD_chapter></DVD_chapter>
  <DVD_discid></DVD_discid>
  <DVD_episodenumber></DVD_episodenumber>
  <DVD_season></DVD_season>
  <Director>Peter Krause</Director>
  <EpImgFlag>2</EpImgFlag>
  <EpisodeName>Small Victories</EpisodeName>
  <EpisodeNumber>13</EpisodeNumber>
  <FirstAired>2013-01-08</FirstAired>
  <GuestStars>|Skyler Day|Tina Lifford|</GuestStars>
  <IMDB_ID>tt2539470</IMDB_ID>
  <Language>en</Language>
  <Overview>When Drew and Amy receive life-changing news, Mark expresses his concerns to Sarah; Crosby becomes impatient with his mother-in-law; Joel and Julia question their parenting abilities.</Overview>
  <ProductionCode></ProductionCode>
  <Rating>8.0</Rating>
  <RatingCount>8</RatingCount>
  <SeasonNumber>4</SeasonNumber>
  <Writer>Sarah Watson</Writer>
  <absolute_number>66</absolute_number>
  <filename>episodes/94551/4437785.jpg</filename>
  <lastupdated>1357729826</lastupdated>
  <seasonid>494643</seasonid>
  <seriesid>94551</seriesid>
</Episode>
<Episode>
  <id>4454972</id>
  <Combined_episodenumber>14</Combined_episodenumber>
  <Combined_season>4</Combined_season>
  <DVD_chapter></DVD_chapter>
  <DVD_discid></DVD_discid>
  <DVD_episodenumber></DVD_episodenumber>
  <DVD_season></DVD_season>
  <Director>Lawrence Trilling</Director>
  <EpImgFlag>2</EpImgFlag>
  <EpisodeName>One Step Forward, Two Steps Back</EpisodeName>
  <EpisodeNumber>14</EpisodeNumber>
  <FirstAired>2013-01-15</FirstAired>
  <GuestStars>|Ray Romano|Matt Lauria|Tina Lifford|</GuestStars>
  <IMDB_ID>tt2549764</IMDB_ID>
  <Language>en</Language>
  <Overview>Joel and Julia consider the long-term effects of adopting Victor; Jasmine and Crosby are frustrated when Renee oversteps her boundaries; Hank is concerned when Mark and Sarah have a talk about their relationship.</Overview>
  <ProductionCode>414</ProductionCode>
  <Rating>7.8</Rating>
  <RatingCount>6</RatingCount>
  <SeasonNumber>4</SeasonNumber>
  <Writer>Bridget Carpenter</Writer>
  <absolute_number>67</absolute_number>
  <filename>episodes/94551/4454972.jpg</filename>
  <lastupdated>1358376348</lastupdated>
  <seasonid>494643</seasonid>
  <seriesid>94551</seriesid>
</Episode>
<Episode>
  <id>4454973</id>
  <Combined_episodenumber>15</Combined_episodenumber>
  <Combined_season>4</Combined_season>
  <DVD_chapter></DVD_chapter>
  <DVD_discid></DVD_discid>
  <DVD_episodenumber></DVD_episodenumber>
  <DVD_season></DVD_season>
  <Director>Lawrence Trilling</Director>
  <EpImgFlag>2</EpImgFlag>
  <EpisodeName>Because You're My Sister</EpisodeName>
  <EpisodeNumber>15</EpisodeNumber>
  <FirstAired>2013-01-22</FirstAired>
  <GuestStars>|Ray Romano|Matt Lauria|Jason Ritter|Tina Lifford|</GuestStars>
  <IMDB_ID>tt2549766</IMDB_ID>
  <Language>en</Language>
  <Overview>In the fourth season finale, Jasmine and Crosby plan an anniversary get away and receive exciting news. Kristina and Adam prepare for the next phase of her treatment. Drew learns the results of his college applications. Amber and Ryan discuss the future of their relationship. Joel and Julia plan an event for the entire Braverman family. Meanwhile, Sarah is forced to make a decision about her relationships with Mark and Hank.</Overview>
  <ProductionCode>415</ProductionCode>
  <Rating>8.2</Rating>
  <RatingCount>5</RatingCount>
  <SeasonNumber>4</SeasonNumber>
  <Writer>Jason Katims</Writer>
  <absolute_number>68</absolute_number>
  <filename>episodes/94551/4454973.jpg</filename>
  <lastupdated>1358971640</lastupdated>
  <seasonid>494643</seasonid>
  <seriesid>94551</seriesid>
</Episode>
</Data>