<?xml version="1.0" encoding="UTF-8" ?>
<Actors>
<Actor>
  <id>291497</id>
  <Image>actors/291497.jpg</Image>
  <Name>Christina Ricci</Name>
  <Role>Maggie Ryan</Role>
  <SortOrder>0</SortOrder>
</Actor>
<Actor>
  <id>284644</id>
  <Image>actors/284644.jpg</Image>
  <Name>Karine Vanasse</Name>
  <Role>Colette Valois</Role>
  <SortOrder>0</SortOrder>
</Actor>
<Actor>
  <id>284643</id>
  <Image>actors/284643.jpg</Image>
  <Name>Margot Robbie</Name>
  <Role>Laura Cameron</Role>
  <SortOrder>0</SortOrder>
</Actor>
<Actor>
  <id>294630</id>
  <Image>actors/294630.jpg</Image>
  <Name>Annabelle Wallis</Name>
  <Role>Bridget Pierce</Role>
  <SortOrder>1</SortOrder>
</Actor>
<Actor>
  <id>294628</id>
  <Image>actors/294628.jpg</Image>
  <Name>Mike Vogel</Name>
  <Role>Dean Lowrey</Role>
  <SortOrder>1</SortOrder>
</Actor>
<Actor>
  <id>284642</id>
  <Image>actors/284642.jpg</Image>
  <Name>Kelli Garner</Name>
  <Role>Kate Cameron</Role>
  <SortOrder>1</SortOrder>
</Actor>
<Actor>
  <id>294629</id>
  <Image>actors/294629.jpg</Image>
  <Name>Jeremy Davidson</Name>
  <Role>Richard Parks</Role>
  <SortOrder>2</SortOrder>
</Actor>
<Actor>
  <id>284645</id>
  <Image>actors/284645.jpg</Image>
  <Name>Michael Mosley</Name>
  <Role>Ted Vanderway</Role>
  <SortOrder>2</SortOrder>
</Actor>
<Actor>
  <id>284646</id>
  <Image>actors/284646.jpg</Image>
  <Name>Jonah Lotan</Name>
  <Role></Role>
  <SortOrder>3</SortOrder>
</Actor>
</Actors>