<?xml version="1.0" encoding="UTF-8" ?>
<Banners>
<Banner>
  <id>875499</id>
  <BannerPath>fanart/original/247361-4.jpg</BannerPath>
  <BannerType>fanart</BannerType>
  <BannerType2>1920x1080</BannerType2>
  <Colors></Colors>
  <Language>en</Language>
  <Rating>8.0000</Rating>
  <RatingCount>5</RatingCount>
  <SeriesName>false</SeriesName>
  <ThumbnailPath>_cache/fanart/original/247361-4.jpg</ThumbnailPath>
  <VignettePath>fanart/vignette/247361-4.jpg</VignettePath>
</Banner>
<Banner>
  <id>880603</id>
  <BannerPath>fanart/original/247361-6.jpg</BannerPath>
  <BannerType>fanart</BannerType>
  <BannerType2>1920x1080</BannerType2>
  <Colors></Colors>
  <Language>de</Language>
  <Rating>8.0000</Rating>
  <RatingCount>1</RatingCount>
  <SeriesName>false</SeriesName>
  <ThumbnailPath>_cache/fanart/original/247361-6.jpg</ThumbnailPath>
  <VignettePath>fanart/vignette/247361-6.jpg</VignettePath>
</Banner>
<Banner>
  <id>881397</id>
  <BannerPath>fanart/original/247361-8.jpg</BannerPath>
  <BannerType>fanart</BannerType>
  <BannerType2>1920x1080</BannerType2>
  <Colors></Colors>
  <Language>en</Language>
  <Rating>7.0000</Rating>
  <RatingCount>1</RatingCount>
  <SeriesName>true</SeriesName>
  <ThumbnailPath>_cache/fanart/original/247361-8.jpg</ThumbnailPath>
  <VignettePath>fanart/vignette/247361-8.jpg</VignettePath>
</Banner>
<Banner>
  <id>880604</id>
  <BannerPath>fanart/original/247361-7.jpg</BannerPath>
  <BannerType>fanart</BannerType>
  <BannerType2>1920x1080</BannerType2>
  <Colors></Colors>
  <Language>de</Language>
  <Rating>7.0000</Rating>
  <RatingCount>1</RatingCount>
  <SeriesName>false</SeriesName>
  <ThumbnailPath>_cache/fanart/original/247361-7.jpg</ThumbnailPath>
  <VignettePath>fanart/vignette/247361-7.jpg</VignettePath>
</Banner>
<Banner>
  <id>873727</id>
  <BannerPath>fanart/original/247361-3.jpg</BannerPath>
  <BannerType>fanart</BannerType>
  <BannerType2>1920x1080</BannerType2>
  <Colors></Colors>
  <Language>en</Language>
  <Rating>6.5000</Rating>
  <RatingCount>6</RatingCount>
  <SeriesName>false</SeriesName>
  <ThumbnailPath>_cache/fanart/original/247361-3.jpg</ThumbnailPath>
  <VignettePath>fanart/vignette/247361-3.jpg</VignettePath>
</Banner>
<Banner>
  <id>863357</id>
  <BannerPath>fanart/original/247361-1.jpg</BannerPath>
  <BannerType>fanart</BannerType>
  <BannerType2>1920x1080</BannerType2>
  <Colors></Colors>
  <Language>en</Language>
  <Rating>6.5000</Rating>
  <RatingCount>8</RatingCount>
  <SeriesName>false</SeriesName>
  <ThumbnailPath>_cache/fanart/original/247361-1.jpg</ThumbnailPath>
  <VignettePath>fanart/vignette/247361-1.jpg</VignettePath>
</Banner>
<Banner>
  <id>878443</id>
  <BannerPath>fanart/original/247361-5.jpg</BannerPath>
  <BannerType>fanart</BannerType>
  <BannerType2>1280x720</BannerType2>
  <Colors></Colors>
  <Language>en</Language>
  <Rating>5.0000</Rating>
  <RatingCount>3</RatingCount>
  <SeriesName>false</SeriesName>
  <ThumbnailPath>_cache/fanart/original/247361-5.jpg</ThumbnailPath>
  <VignettePath>fanart/vignette/247361-5.jpg</VignettePath>
</Banner>
<Banner>
  <id>862476</id>
  <BannerPath>fanart/original/247361-2.jpg</BannerPath>
  <BannerType>fanart</BannerType>
  <BannerType2>1280x720</BannerType2>
  <Colors></Colors>
  <Language>en</Language>
  <Rating>4.4000</Rating>
  <RatingCount>5</RatingCount>
  <SeriesName>true</SeriesName>
  <ThumbnailPath>_cache/fanart/original/247361-2.jpg</ThumbnailPath>
  <VignettePath>fanart/vignette/247361-2.jpg</VignettePath>
</Banner>
<Banner>
  <id>863365</id>
  <BannerPath>posters/247361-2.jpg</BannerPath>
  <BannerType>poster</BannerType>
  <BannerType2>680x1000</BannerType2>
  <Language>en</Language>
  <Rating>7.7500</Rating>
  <RatingCount>8</RatingCount>
</Banner>
<Banner>
  <id>875630</id>
  <BannerPath>posters/247361-3.jpg</BannerPath>
  <BannerType>poster</BannerType>
  <BannerType2>680x1000</BannerType2>
  <Language>en</Language>
  <Rating>7.5000</Rating>
  <RatingCount>4</RatingCount>
</Banner>
<Banner>
  <id>862475</id>
  <BannerPath>posters/247361-1.jpg</BannerPath>
  <BannerType>poster</BannerType>
  <BannerType2>680x1000</BannerType2>
  <Language>en</Language>
  <Rating>5.6667</Rating>
  <RatingCount>6</RatingCount>
</Banner>
<Banner>
  <id>875501</id>
  <BannerPath>seasons/247361-1.jpg</BannerPath>
  <BannerType>season</BannerType>
  <BannerType2>season</BannerType2>
  <Language>en</Language>
  <Rating>10.0000</Rating>
  <RatingCount>3</RatingCount>
  <Season>1</Season>
</Banner>
<Banner>
  <id>878423</id>
  <BannerPath>seasons/247361-1-2.jpg</BannerPath>
  <BannerType>season</BannerType>
  <BannerType2>season</BannerType2>
  <Language>ru</Language>
  <Rating>4.0000</Rating>
  <RatingCount>1</RatingCount>
  <Season>1</Season>
</Banner>
<Banner>
  <id>901559</id>
  <BannerPath>seasons/247361-1-3.jpg</BannerPath>
  <BannerType>season</BannerType>
  <BannerType2>season</BannerType2>
  <Language>en</Language>
  <Rating></Rating>
  <RatingCount>0</RatingCount>
  <Season>1</Season>
</Banner>
<Banner>
  <id>864251</id>
  <BannerPath>graphical/247361-g2.jpg</BannerPath>
  <BannerType>series</BannerType>
  <BannerType2>graphical</BannerType2>
  <Language>en</Language>
  <Rating>9.2500</Rating>
  <RatingCount>4</RatingCount>
</Banner>
<Banner>
  <id>876160</id>
  <BannerPath>graphical/247361-g.jpg</BannerPath>
  <BannerType>series</BannerType>
  <BannerType2>graphical</BannerType2>
  <Language>en</Language>
  <Rating>7.2500</Rating>
  <RatingCount>4</RatingCount>
</Banner>
<Banner>
  <id>882475</id>
  <BannerPath>graphical/247361-g4.jpg</BannerPath>
  <BannerType>series</BannerType>
  <BannerType2>graphical</BannerType2>
  <Language>en</Language>
  <Rating>6.0000</Rating>
  <RatingCount>1</RatingCount>
</Banner>
<Banner>
  <id>864248</id>
  <BannerPath>graphical/247361-g3.jpg</BannerPath>
  <BannerType>series</BannerType>
  <BannerType2>graphical</BannerType2>
  <Language>en</Language>
  <Rating>5.0000</Rating>
  <RatingCount>2</RatingCount>
</Banner>
</Banners>