<?xml version="1.0" encoding="UTF-8" ?>
<Data><Series>
  <id>247361</id>
  <Actors>|Christina Ricci|Karine Vanasse|Margot Robbie|Annabelle Wallis|Mike Vogel|Kelli Garner|Jeremy Davidson|Michael Mosley|Jonah Lotan|</Actors>
  <Airs_DayOfWeek>Sunday</Airs_DayOfWeek>
  <Airs_Time>10:00 PM</Airs_Time>
  <ContentRating>TV-PG</ContentRating>
  <FirstAired>2011-09-25</FirstAired>
  <Genre>|Drama|</Genre>
  <IMDB_ID>tt1826805</IMDB_ID>
  <Language>en</Language>
  <Network>ABC</Network>
  <NetworkID></NetworkID>
  <Overview>Passion, jealousy and espionage... They do it all - and they do it at 30,000 feet. The style of the 1960s, the energy and excitement of the Jet Age and a drama full of sexy entanglements deliciously mesh in this thrilling and highly-original new series. 

In this modern world, air travel represents the height of luxury and Pan Am is the biggest name in the business. The planes are glamorous, the pilots are rock stars and the stewardesses are the most desirable women in the world. Not only are these flyboys and girls young and good looking, but to represent Pan Am they also have to be educated, cultured and refined. They're trained to handle everything from in-air emergencies to unwanted advances - all without rumpling their pristine uniforms or mussing their hair. There's Dean (Jonah Lotan) - a cocky, charismatic and ambitious new pilot - the first of a new breed not trained in the war. On the sly against company policy, he's dating Bridget, a stunning beauty with a mysterious past. A rebellious bohemian, Maggie (Christina Ricci) turns into a buttoned up professional for work so she can see the world. Rounding out the crew are flirtatious Collette (Karine Vanasse), the adventurous Kate (Kelli Garner) and, finally, Laura (Margot Robbie) - Kate's beauty queen younger sister, a runaway bride, who recently fled a life of domestic boredom to take to the skies.</Overview>
  <Rating>8.4</Rating>
  <RatingCount>24</RatingCount>
  <Runtime>60</Runtime>
  <SeriesID>80136</SeriesID>
  <SeriesName>Pan Am</SeriesName>
  <Status>Ended</Status>
  <added>2011-04-06 21:29:14</added>
  <addedBy>125021</addedBy>
  <banner>graphical/247361-g2.jpg</banner>
  <fanart>fanart/original/247361-4.jpg</fanart>
  <lastupdated>1365454465</lastupdated>
  <poster>posters/247361-2.jpg</poster>
  <zap2it_id>EP01419495</zap2it_id>
</Series>
<Episode>
  <id>4105586</id>
  <Combined_episodenumber>1</Combined_episodenumber>
  <Combined_season>0</Combined_season>
  <DVD_chapter></DVD_chapter>
  <DVD_discid></DVD_discid>
  <DVD_episodenumber></DVD_episodenumber>
  <DVD_season></DVD_season>
  <Director></Director>
  <EpImgFlag></EpImgFlag>
  <EpisodeName>Pan Am: Trailer</EpisodeName>
  <EpisodeNumber>1</EpisodeNumber>
  <FirstAired>2011-05-17</FirstAired>
  <GuestStars></GuestStars>
  <IMDB_ID></IMDB_ID>
  <Language>en</Language>
  <Overview>The newest TV Drama to air on ABC this fall is Pan Am.</Overview>
  <ProductionCode></ProductionCode>
  <Rating></Rating>
  <RatingCount>0</RatingCount>
  <SeasonNumber>0</SeasonNumber>
  <Writer></Writer>
  <absolute_number></absolute_number>
  <airsafter_season></airsafter_season>
  <airsbefore_episode></airsbefore_episode>
  <airsbefore_season></airsbefore_season>
  <filename></filename>
  <lastupdated>1306423003</lastupdated>
  <seasonid>462191</seasonid>
  <seriesid>247361</seriesid>
</Episode>
<Episode>
  <id>4490298</id>
  <Combined_episodenumber>2</Combined_episodenumber>
  <Combined_season>0</Combined_season>
  <DVD_chapter></DVD_chapter>
  <DVD_discid></DVD_discid>
  <DVD_episodenumber></DVD_episodenumber>
  <DVD_season></DVD_season>
  <Director></Director>
  <EpImgFlag></EpImgFlag>
  <EpisodeName>Becoming a Pan Am Stewardess</EpisodeName>
  <EpisodeNumber>2</EpisodeNumber>
  <FirstAired></FirstAired>
  <GuestStars></GuestStars>
  <IMDB_ID></IMDB_ID>
  <Language>en</Language>
  <Overview></Overview>
  <ProductionCode></ProductionCode>
  <Rating></Rating>
  <RatingCount>0</RatingCount>
  <SeasonNumber>0</SeasonNumber>
  <Writer></Writer>
  <absolute_number></absolute_number>
  <airsafter_season></airsafter_season>
  <airsbefore_episode></airsbefore_episode>
  <airsbefore_season></airsbefore_season>
  <filename></filename>
  <lastupdated>1359522339</lastupdated>
  <seasonid>462191</seasonid>
  <seriesid>247361</seriesid>
</Episode>
<Episode>
  <id>4490301</id>
  <Combined_episodenumber>3</Combined_episodenumber>
  <Combined_season>0</Combined_season>
  <DVD_chapter></DVD_chapter>
  <DVD_discid></DVD_discid>
  <DVD_episodenumber></DVD_episodenumber>
  <DVD_season></DVD_season>
  <Director></Director>
  <EpImgFlag></EpImgFlag>
  <EpisodeName>The Berlin Set</EpisodeName>
  <EpisodeNumber>3</EpisodeNumber>
  <FirstAired></FirstAired>
  <GuestStars></GuestStars>
  <IMDB_ID></IMDB_ID>
  <Language>en</Language>
  <Overview></Overview>
  <ProductionCode></ProductionCode>
  <Rating></Rating>
  <RatingCount>0</RatingCount>
  <SeasonNumber>0</SeasonNumber>
  <Writer></Writer>
  <absolute_number></absolute_number>
  <airsafter_season></airsafter_season>
  <airsbefore_episode></airsbefore_episode>
  <airsbefore_season></airsbefore_season>
  <filename></filename>
  <lastupdated>1359522775</lastupdated>
  <seasonid>462191</seasonid>
  <seriesid>247361</seriesid>
</Episode>
<Episode>
  <id>4490302</id>
  <Combined_episodenumber>4</Combined_episodenumber>
  <Combined_season>0</Combined_season>
  <DVD_chapter></DVD_chapter>
  <DVD_discid></DVD_discid>
  <DVD_episodenumber></DVD_episodenumber>
  <DVD_season></DVD_season>
  <Director></Director>
  <EpImgFlag></EpImgFlag>
  <EpisodeName>The Life of a Stewardess</EpisodeName>
  <EpisodeNumber>4</EpisodeNumber>
  <FirstAired></FirstAired>
  <GuestStars></GuestStars>
  <IMDB_ID></IMDB_ID>
  <Language>en</Language>
  <Overview></Overview>
  <ProductionCode></ProductionCode>
  <Rating></Rating>
  <RatingCount>0</RatingCount>
  <SeasonNumber>0</SeasonNumber>
  <Writer></Writer>
  <absolute_number></absolute_number>
  <airsafter_season></airsafter_season>
  <airsbefore_episode></airsbefore_episode>
  <airsbefore_season></airsbefore_season>
  <filename></filename>
  <lastupdated>1359522892</lastupdated>
  <seasonid>462191</seasonid>
  <seriesid>247361</seriesid>
</Episode>
<Episode>
  <id>4490303</id>
  <Combined_episodenumber>5</Combined_episodenumber>
  <Combined_season>0</Combined_season>
  <DVD_chapter></DVD_chapter>
  <DVD_discid></DVD_discid>
  <DVD_episodenumber></DVD_episodenumber>
  <DVD_season></DVD_season>
  <Director></Director>
  <EpImgFlag></EpImgFlag>
  <EpisodeName>The Plane Set</EpisodeName>
  <EpisodeNumber>5</EpisodeNumber>
  <FirstAired></FirstAired>
  <GuestStars></GuestStars>
  <IMDB_ID></IMDB_ID>
  <Language>en</Language>
  <Overview></Overview>
  <ProductionCode></ProductionCode>
  <Rating></Rating>
  <RatingCount>0</RatingCount>
  <SeasonNumber>0</SeasonNumber>
  <Writer></Writer>
  <absolute_number></absolute_number>
  <airsafter_season></airsafter_season>
  <airsbefore_episode></airsbefore_episode>
  <airsbefore_season></airsbefore_season>
  <filename></filename>
  <lastupdated>1359522909</lastupdated>
  <seasonid>462191</seasonid>
  <seriesid>247361</seriesid>
</Episode>
<Episode>
  <id>4490304</id>
  <Combined_episodenumber>6</Combined_episodenumber>
  <Combined_season>0</Combined_season>
  <DVD_chapter></DVD_chapter>
  <DVD_discid></DVD_discid>
  <DVD_episodenumber></DVD_episodenumber>
  <DVD_season></DVD_season>
  <Director></Director>
  <EpImgFlag></EpImgFlag>
  <EpisodeName>Interview with Former Pan Am Stewardess &amp; Executive Producer Nancy Hult Ganis</EpisodeName>
  <EpisodeNumber>6</EpisodeNumber>
  <FirstAired></FirstAired>
  <GuestStars></GuestStars>
  <IMDB_ID></IMDB_ID>
  <Language>en</Language>
  <Overview></Overview>
  <ProductionCode></ProductionCode>
  <Rating></Rating>
  <RatingCount>0</RatingCount>
  <SeasonNumber>0</SeasonNumber>
  <Writer></Writer>
  <absolute_number></absolute_number>
  <airsafter_season></airsafter_season>
  <airsbefore_episode></airsbefore_episode>
  <airsbefore_season></airsbefore_season>
  <filename></filename>
  <lastupdated>1359523082</lastupdated>
  <seasonid>462191</seasonid>
  <seriesid>247361</seriesid>
</Episode>
<Episode>
  <id>4078353</id>
  <Combined_episodenumber>1.0</Combined_episodenumber>
  <Combined_season>1</Combined_season>
  <DVD_chapter></DVD_chapter>
  <DVD_discid></DVD_discid>
  <DVD_episodenumber>1.0</DVD_episodenumber>
  <DVD_season>1</DVD_season>
  <Director>Thomas Schlamme</Director>
  <EpImgFlag>2</EpImgFlag>
  <EpisodeName>Pilot</EpisodeName>
  <EpisodeNumber>1</EpisodeNumber>
  <FirstAired>2011-09-25</FirstAired>
  <GuestStars>|David Harbour|Jeremy Davidson|Annabelle Wallis|Will Chase|Veanne Cox|C.J. Wilson|Kate Jennings Grant|David Pittu|Hope Allen|</GuestStars>
  <IMDB_ID>tt1943419</IMDB_ID>
  <Language>en</Language>
  <Overview>Dean takes on his first assignment since his promotion, piloting the Clipper Majestic on its inaugural New York to London flight. Bridget is supposed to be his lead stewardess, until she's a no-show for the flight. Grounded purser Maggie is called in to fill in for her. On the same fateful flight, Kate adds another dimension to her work as she takes on her first assignment from U.S. intelligence. Her stress is compounded when she discovers that newly minted stewardess, Laura, her sister, is also working the same flight.</Overview>
  <ProductionCode>PA-101</ProductionCode>
  <Rating>7.4</Rating>
  <RatingCount>52</RatingCount>
  <SeasonNumber>1</SeasonNumber>
  <Writer>Jack Orman</Writer>
  <absolute_number></absolute_number>
  <filename>episodes/247361/4078353.jpg</filename>
  <lastupdated>1364082338</lastupdated>
  <seasonid>463777</seasonid>
  <seriesid>247361</seriesid>
</Episode>
<Episode>
  <id>4122440</id>
  <Combined_episodenumber>3.0</Combined_episodenumber>
  <Combined_season>1</Combined_season>
  <DVD_chapter></DVD_chapter>
  <DVD_discid></DVD_discid>
  <DVD_episodenumber>3.0</DVD_episodenumber>
  <DVD_season>1</DVD_season>
  <Director>Christopher Misiano</Director>
  <EpImgFlag>2</EpImgFlag>
  <EpisodeName>We'll Always Have Paris</EpisodeName>
  <EpisodeNumber>2</EpisodeNumber>
  <FirstAired>2011-10-02</FirstAired>
  <GuestStars>|Jeremy Davidson|Annabelle Wallis|Kate Jennings Grant|Remy Auberjonois|Veanne Cox|William Abadie|Mark Sullivan|</GuestStars>
  <IMDB_ID>tt2039990</IMDB_ID>
  <Language>en</Language>
  <Overview>On a trip to Paris, Kate and Laura have a surprise passenger—their mom—who has come to settle some unfinished business with Laura; Maggie faces the unwanted attentions of an aggressive passenger, and Dean and Colette share a momentary flirtation as he tries to track down some leads on Bridget</Overview>
  <ProductionCode>PA-103</ProductionCode>
  <Rating>7.7</Rating>
  <RatingCount>43</RatingCount>
  <SeasonNumber>1</SeasonNumber>
  <Writer>|Mike Daniels|Jack Orman|</Writer>
  <absolute_number></absolute_number>
  <filename>episodes/247361/4122440.jpg</filename>
  <lastupdated>1364082352</lastupdated>
  <seasonid>463777</seasonid>
  <seriesid>247361</seriesid>
</Episode>
<Episode>
  <id>4180386</id>
  <Combined_episodenumber>4.0</Combined_episodenumber>
  <Combined_season>1</Combined_season>
  <DVD_chapter></DVD_chapter>
  <DVD_discid></DVD_discid>
  <DVD_episodenumber>4.0</DVD_episodenumber>
  <DVD_season>1</DVD_season>
  <Director>Alex Graves</Director>
  <EpImgFlag>2</EpImgFlag>
  <EpisodeName>Ich Bin Ein Berliner</EpisodeName>
  <EpisodeNumber>3</EpisodeNumber>
  <FirstAired>2011-10-09</FirstAired>
  <GuestStars>|David Harbour|Jeremy Davidson|Victor Slezak|Auden Thornton|Colin Donnell|</GuestStars>
  <IMDB_ID>tt2039989</IMDB_ID>
  <Language>en</Language>
  <Overview>When the crew gets a flight taking journalists to Berlin to cover an important speech by President Kennedy, Maggie, who campaigned for him, is determined to meet JFK no matter what. Meanwhile, when her contact's safety is compromised, Kate tries to help the young woman escape East Germany; and painful memories of World War II force Colette to face her tragic past.</Overview>
  <ProductionCode>PA-104</ProductionCode>
  <Rating>7.4</Rating>
  <RatingCount>36</RatingCount>
  <SeasonNumber>1</SeasonNumber>
  <Writer>Yahlin Chang</Writer>
  <absolute_number></absolute_number>
  <filename>episodes/247361/4180386.jpg</filename>
  <lastupdated>1364082368</lastupdated>
  <seasonid>463777</seasonid>
  <seriesid>247361</seriesid>
</Episode>
<Episode>
  <id>4180565</id>
  <Combined_episodenumber>2.0</Combined_episodenumber>
  <Combined_season>1</Combined_season>
  <DVD_chapter></DVD_chapter>
  <DVD_discid></DVD_discid>
  <DVD_episodenumber>2.0</DVD_episodenumber>
  <DVD_season>1</DVD_season>
  <Director>Thomas Schlamme</Director>
  <EpImgFlag>2</EpImgFlag>
  <EpisodeName>Eastern Exposure</EpisodeName>
  <EpisodeNumber>4</EpisodeNumber>
  <FirstAired>2011-10-16</FirstAired>
  <GuestStars>|Jeremy Davidson|Jay O. Sanders|C.J. Wilson|</GuestStars>
  <IMDB_ID>tt2011729</IMDB_ID>
  <Language>en</Language>
  <Overview>After a last minute change sends the crew on a flight to Rangoon, a routine courier mission for Kate turns harrowing as she struggles to make a drop by the deadline. Meanwhile, Maggie takes naive Laura under her wing and shows her the wilder side of the city; and news of a space mission leads Ted to reflect on his own past and what his powerful family connections have cost him.</Overview>
  <ProductionCode>PA-102</ProductionCode>
  <Rating>7.4</Rating>
  <RatingCount>34</RatingCount>
  <SeasonNumber>1</SeasonNumber>
  <Writer>|Jack Orman|Moira Walley-Beckett|</Writer>
  <absolute_number></absolute_number>
  <filename>episodes/247361/4180565.jpg</filename>
  <lastupdated>1364082392</lastupdated>
  <seasonid>463777</seasonid>
  <seriesid>247361</seriesid>
</Episode>
<Episode>
  <id>4188705</id>
  <Combined_episodenumber>5.0</Combined_episodenumber>
  <Combined_season>1</Combined_season>
  <DVD_chapter></DVD_chapter>
  <DVD_discid></DVD_discid>
  <DVD_episodenumber>5.0</DVD_episodenumber>
  <DVD_season>1</DVD_season>
  <Director>Andrew Bernstein</Director>
  <EpImgFlag>2</EpImgFlag>
  <EpisodeName>One Coin in a Fountain</EpisodeName>
  <EpisodeNumber>5</EpisodeNumber>
  <FirstAired>2011-10-23</FirstAired>
  <GuestStars>|David Harbour|Jeremy Davidson|Erin Cummings|Barbara Schulz|Arthur French|Scott Cohen|Goran Visnjic|</GuestStars>
  <IMDB_ID>tt2073344</IMDB_ID>
  <Language>en</Language>
  <Overview>The Pan Am crew rolls the dice in more ways than one in glamorous Monte Carlo: Kate and Maggie square off for the attentions of a handsome passenger, but things get more complicated when Kate learns the sexy stranger is involved in her next covert mission; and Dean gambles with his career when an attractive, wealthy woman on the flight tempts him -- and he later discovers who her flying companion is.</Overview>
  <ProductionCode>PA-105</ProductionCode>
  <Rating>7.6</Rating>
  <RatingCount>31</RatingCount>
  <SeasonNumber>1</SeasonNumber>
  <Writer>Lydia Woodward</Writer>
  <absolute_number></absolute_number>
  <filename>episodes/247361/4188705.jpg</filename>
  <lastupdated>1364082407</lastupdated>
  <seasonid>463777</seasonid>
  <seriesid>247361</seriesid>
</Episode>
<Episode>
  <id>4188706</id>
  <Combined_episodenumber>6.0</Combined_episodenumber>
  <Combined_season>1</Combined_season>
  <DVD_chapter></DVD_chapter>
  <DVD_discid></DVD_discid>
  <DVD_episodenumber>6.0</DVD_episodenumber>
  <DVD_season>1</DVD_season>
  <Director>Matt Penn</Director>
  <EpImgFlag>2</EpImgFlag>
  <EpisodeName>The Genuine Article</EpisodeName>
  <EpisodeNumber>6</EpisodeNumber>
  <FirstAired>2011-10-30</FirstAired>
  <GuestStars>|Jeremy Davidson|Bill Heck|Erin Cummings|Richard Topol|David Pittu|Maureen Mueller|Geoffrey Cantor|Scott Cohen|Goran Visnjic|</GuestStars>
  <IMDB_ID>tt2071879</IMDB_ID>
  <Language>en</Language>
  <Overview>Maggie is perilously close to losing her job for insubordination, but still manages to maneuver her way onto the flight down to Rio de Janeiro. She reflects back on the rocky path she took to land her dream job, but it's her decision to do whatever it takes to keep it that surprises even her. Meanwhile, Kate has earned her stripes as a courier, but when she is given a difficult mission involving Niko, a Yugoslavian diplomat, she's unsure how to manage the task, as she tries to juggle their deepening personal relationship with her assignment. Finally, Ginny and Dean continue to play with fire in Rio, but Ginny's game playing with both Dean and her boss and lover, a Pan Am executive, is a source of contention with Dean.</Overview>
  <ProductionCode>PA-106</ProductionCode>
  <Rating>7.6</Rating>
  <RatingCount>28</RatingCount>
  <SeasonNumber>1</SeasonNumber>
  <Writer>|Todd Ellis Kessler|Nick Thiel|</Writer>
  <absolute_number></absolute_number>
  <filename>episodes/247361/4188706.jpg</filename>
  <lastupdated>1364082426</lastupdated>
  <seasonid>463777</seasonid>
  <seriesid>247361</seriesid>
</Episode>
<Episode>
  <id>4194099</id>
  <Combined_episodenumber>8.0</Combined_episodenumber>
  <Combined_season>1</Combined_season>
  <DVD_chapter></DVD_chapter>
  <DVD_discid></DVD_discid>
  <DVD_episodenumber>8.0</DVD_episodenumber>
  <DVD_season>1</DVD_season>
  <Director>Julie Anne Robinson</Director>
  <EpImgFlag>2</EpImgFlag>
  <EpisodeName>Truth or Dare</EpisodeName>
  <EpisodeNumber>7</EpisodeNumber>
  <FirstAired>2011-11-06</FirstAired>
  <GuestStars>|Jeremy Davidson|Colin Donnell|Kathryn Kates|Bruce MacVittie|Danny Deferrari|Goran Visnjic|</GuestStars>
  <IMDB_ID>tt2080923</IMDB_ID>
  <Language>en</Language>
  <Overview>Sparks fly between Laura and a sailor on a special – and unusually wild -- Pan Am flight bringing servicemen home, leading Laura to realize what she’s really looking for in a man, as well as opening her eyes to the malicious racial climate in the country. Meanwhile Kate’s complicated mission to turn Niko to work for the U.S. government culminates in dramatic fashion, threatening their personal relationship.</Overview>
  <ProductionCode>PA-108</ProductionCode>
  <Rating>7.9</Rating>
  <RatingCount>29</RatingCount>
  <SeasonNumber>1</SeasonNumber>
  <Writer>|Mike Daniels|Jack Orman|</Writer>
  <absolute_number></absolute_number>
  <filename>episodes/247361/4194099.jpg</filename>
  <lastupdated>1364082446</lastupdated>
  <seasonid>463777</seasonid>
  <seriesid>247361</seriesid>
</Episode>
<Episode>
  <id>4199285</id>
  <Combined_episodenumber>9.0</Combined_episodenumber>
  <Combined_season>1</Combined_season>
  <DVD_chapter></DVD_chapter>
  <DVD_discid></DVD_discid>
  <DVD_episodenumber>9.0</DVD_episodenumber>
  <DVD_season>1</DVD_season>
  <Director>Millicent Shelton</Director>
  <EpImgFlag>2</EpImgFlag>
  <EpisodeName>Unscheduled Departure</EpisodeName>
  <EpisodeNumber>8</EpisodeNumber>
  <FirstAired>2011-11-13</FirstAired>
  <GuestStars>|Aarón Díaz|Jeremy Davidson|Olga Merediz|Matthew Rauch|Harris Yulin|</GuestStars>
  <IMDB_ID>tt2100129</IMDB_ID>
  <Language>en</Language>
  <Overview>A wealthy passenger charms the stewardesses on a flight to Caracas; when a passenger has a heart attack, the only hope of saving him is to land in turmoil-stricken Haiti.</Overview>
  <ProductionCode>PA-109</ProductionCode>
  <Rating>7.8</Rating>
  <RatingCount>29</RatingCount>
  <SeasonNumber>1</SeasonNumber>
  <Writer>|Jill Abbinanti|Nick Thiel|</Writer>
  <absolute_number></absolute_number>
  <filename>episodes/247361/4199285.jpg</filename>
  <lastupdated>1364081639</lastupdated>
  <seasonid>463777</seasonid>
  <seriesid>247361</seriesid>
</Episode>
<Episode>
  <id>4192794</id>
  <Combined_episodenumber>10.0</Combined_episodenumber>
  <Combined_season>1</Combined_season>
  <DVD_chapter></DVD_chapter>
  <DVD_discid></DVD_discid>
  <DVD_episodenumber>10.0</DVD_episodenumber>
  <DVD_season>1</DVD_season>
  <Director>John Fortenberry</Director>
  <EpImgFlag>2</EpImgFlag>
  <EpisodeName>Kiss Kiss Bang Bang</EpisodeName>
  <EpisodeNumber>9</EpisodeNumber>
  <FirstAired>2011-12-04</FirstAired>
  <GuestStars>|David Harbour|Jeremy Davidson|Damian Young|John Bedford Lloyd|Chris Beetem|Danny Deferrari|Ashley Greene|</GuestStars>
  <IMDB_ID>tt2111827</IMDB_ID>
  <Language>en</Language>
  <Overview>Ted asks Laura to help him make a woman from his past jealous; a dangerous mission puts Kate and Anderson in jeopardy; Maggie clashes with a congressman; Colette meets Dean's parents.</Overview>
  <ProductionCode>PA-110</ProductionCode>
  <Rating>7.7</Rating>
  <RatingCount>31</RatingCount>
  <SeasonNumber>1</SeasonNumber>
  <Writer>|Moira Walley-Beckett|Lydia Woodward|</Writer>
  <absolute_number></absolute_number>
  <filename>episodes/247361/4192794.jpg</filename>
  <lastupdated>1364081662</lastupdated>
  <seasonid>463777</seasonid>
  <seriesid>247361</seriesid>
</Episode>
<Episode>
  <id>4219044</id>
  <Combined_episodenumber>11.0</Combined_episodenumber>
  <Combined_season>1</Combined_season>
  <DVD_chapter></DVD_chapter>
  <DVD_discid></DVD_discid>
  <DVD_episodenumber>11.0</DVD_episodenumber>
  <DVD_season>1</DVD_season>
  <Director>Allison Liddi-Brown</Director>
  <EpImgFlag>2</EpImgFlag>
  <EpisodeName>Secrets and Lies</EpisodeName>
  <EpisodeNumber>10</EpisodeNumber>
  <FirstAired>2012-01-08</FirstAired>
  <GuestStars>|David Harbour|Jeremy Davidson|Annabelle Wallis|Colin Donnell|Jay O. Sanders|Chris Beetem|Ashley Greene|</GuestStars>
  <IMDB_ID>tt2129553</IMDB_ID>
  <Language>en</Language>
  <Overview>Fate deals a blow to Dean and Colette's budding romance. Maggie writes a critical story for the Village Voice against her congressman's politics but doesn't count on falling for him after she submits it; though she wants to resist, the physical attraction between them is undeniable. Kate finds it hard to move beyond her last spy assignment and is haunted by the repercussions - she faces a fate similar to Bridget's if she cannot fake her way through a lie detector test. And Laura is in a tailspin as Ted thinks he's found the love of his life.</Overview>
  <ProductionCode>PA-111</ProductionCode>
  <Rating>7.8</Rating>
  <RatingCount>25</RatingCount>
  <SeasonNumber>1</SeasonNumber>
  <Writer>Mike Daniels</Writer>
  <absolute_number></absolute_number>
  <filename>episodes/247361/4219044.jpg</filename>
  <lastupdated>1364081710</lastupdated>
  <seasonid>463777</seasonid>
  <seriesid>247361</seriesid>
</Episode>
<Episode>
  <id>4241425</id>
  <Combined_episodenumber>12.0</Combined_episodenumber>
  <Combined_season>1</Combined_season>
  <DVD_chapter></DVD_chapter>
  <DVD_discid></DVD_discid>
  <DVD_episodenumber>12.0</DVD_episodenumber>
  <DVD_season>1</DVD_season>
  <Director>David Petrarca</Director>
  <EpImgFlag>2</EpImgFlag>
  <EpisodeName>Diplomatic Relations</EpisodeName>
  <EpisodeNumber>11</EpisodeNumber>
  <FirstAired>2012-01-15</FirstAired>
  <GuestStars>|Jeremy Davidson|Annabelle Wallis|Colin Donnell|Darren Pettie|Chris Beetem|Daniel Oreskes|Lisa Bostnar|Sofia Sokolov|Ashley Greene|</GuestStars>
  <IMDB_ID>tt2144985</IMDB_ID>
  <Language>en</Language>
  <Overview>Dean is tapped to fly the first-ever commercial flight to Moscow, but the day of departure, a blowhard veteran pilot, Broyles, takes the controls and makes Dean co-pilot. While in Russia, Kate tries to pull off an important mission, but when Laura and another Pan Am stewardess are mistaken for spies, Kate tries to expedite their release with the help of an unlikely ally. Back at home, Congressman Rawlings and his staff work to track down whoever anonymously wrote the negative new story about him, and Maggie agrees to be his date at a fund-raiser. Can she keep her temper dealing with so many conservative political supporters and retain her cover as the article's author? Ted's relationship with Amanda gets serious, but Maggie learns something about her that may hinder this whirlwind romance.</Overview>
  <ProductionCode>PA-112</ProductionCode>
  <Rating>7.5</Rating>
  <RatingCount>24</RatingCount>
  <SeasonNumber>1</SeasonNumber>
  <Writer>Jack Orman</Writer>
  <absolute_number></absolute_number>
  <filename>episodes/247361/4241425.jpg</filename>
  <lastupdated>1364081729</lastupdated>
  <seasonid>463777</seasonid>
  <seriesid>247361</seriesid>
</Episode>
<Episode>
  <id>4241426</id>
  <Combined_episodenumber>13.0</Combined_episodenumber>
  <Combined_season>1</Combined_season>
  <DVD_chapter></DVD_chapter>
  <DVD_discid></DVD_discid>
  <DVD_episodenumber>13.0</DVD_episodenumber>
  <DVD_season>1</DVD_season>
  <Director>John Fortenberry</Director>
  <EpImgFlag>2</EpImgFlag>
  <EpisodeName>New Frontiers</EpisodeName>
  <EpisodeNumber>12</EpisodeNumber>
  <FirstAired>2012-01-22</FirstAired>
  <GuestStars>|Jeremy Davidson|Piter Marek|Vincenzo Amato|Tom Lipinski|Darren Pettie|Ashley Greene|</GuestStars>
  <IMDB_ID>tt2151215</IMDB_ID>
  <Language>en</Language>
  <Overview>Maggie tells Ted why she has reservations about Amanda, and Dean pines for Colette, who reveals she's asked for a transfer to the Hong Kong hub. On a flight to Rome, Colette befriends a handsome, mysterious man, Omar, and agrees to show him the city. Meanwhile, Dean is accosted by the local customs officials, who are looking for a smuggler; Kate needs to learn a new talent as a pickpocket; and Laura is shocked to discover that the Life Magazine photographer, Graham, sold the nude photos he took of her to a gallery, where they are on display.</Overview>
  <ProductionCode>PA-113</ProductionCode>
  <Rating>7.8</Rating>
  <RatingCount>27</RatingCount>
  <SeasonNumber>1</SeasonNumber>
  <Writer>|Jessica Ramos|Scott Erik Sommer|</Writer>
  <absolute_number></absolute_number>
  <filename>episodes/247361/4241426.jpg</filename>
  <lastupdated>1364081750</lastupdated>
  <seasonid>463777</seasonid>
  <seriesid>247361</seriesid>
</Episode>
<Episode>
  <id>4248129</id>
  <Combined_episodenumber>7.0</Combined_episodenumber>
  <Combined_season>1</Combined_season>
  <DVD_chapter></DVD_chapter>
  <DVD_discid></DVD_discid>
  <DVD_episodenumber>7.0</DVD_episodenumber>
  <DVD_season>1</DVD_season>
  <Director>John David Coles</Director>
  <EpImgFlag>2</EpImgFlag>
  <EpisodeName>Romance Languages</EpisodeName>
  <EpisodeNumber>13</EpisodeNumber>
  <FirstAired>2012-02-12</FirstAired>
  <GuestStars>|Erin Cummings|Jeremy Davidson|Bill Heck|Lance Chantiles-Wertz|Scott Cohen|Goran Visnjic|</GuestStars>
  <IMDB_ID>tt2200515</IMDB_ID>
  <Language>en</Language>
  <Overview>In their individual quests for adventure, the crew juggle their lives, their loves, their hopes and dreams while flying around the world.</Overview>
  <ProductionCode>PA-107</ProductionCode>
  <Rating>7.7</Rating>
  <RatingCount>18</RatingCount>
  <SeasonNumber>1</SeasonNumber>
  <Writer>Moira Walley-Beckett</Writer>
  <absolute_number></absolute_number>
  <filename>episodes/247361/4248129.jpg</filename>
  <lastupdated>1364081778</lastupdated>
  <seasonid>463777</seasonid>
  <seriesid>247361</seriesid>
</Episode>
<Episode>
  <id>4253588</id>
  <Combined_episodenumber>14.0</Combined_episodenumber>
  <Combined_season>1</Combined_season>
  <DVD_chapter></DVD_chapter>
  <DVD_discid></DVD_discid>
  <DVD_episodenumber>14.0</DVD_episodenumber>
  <DVD_season>1</DVD_season>
  <Director>Andrew Bernstein</Director>
  <EpImgFlag>2</EpImgFlag>
  <EpisodeName>1964</EpisodeName>
  <EpisodeNumber>14</EpisodeNumber>
  <FirstAired>2012-02-19</FirstAired>
  <GuestStars>|David Harbour|Jeremy Davidson|Piter Marek|Darren Pettie|Mark Blum|Jay O. Sanders|David Pittu|Ashley Greene|</GuestStars>
  <IMDB_ID>tt2200513</IMDB_ID>
  <Language>en</Language>
  <Overview>Ted becomes increasingly nervous as wedding plans race forward; Kate wrestles with suspicions about those around her; Laura receives a startling offer from Amanda; Maggie is placed is a perilous position.</Overview>
  <ProductionCode>PA-114</ProductionCode>
  <Rating>7.8</Rating>
  <RatingCount>18</RatingCount>
  <SeasonNumber>1</SeasonNumber>
  <Writer>Nick Thiel</Writer>
  <absolute_number></absolute_number>
  <filename>episodes/247361/4253588.jpg</filename>
  <lastupdated>1364081799</lastupdated>
  <seasonid>463777</seasonid>
  <seriesid>247361</seriesid>
</Episode>
</Data>