<?xml version="1.0" encoding="UTF-8" ?>
<Actors>
<Actor>
  <id>31420</id>
  <Image></Image>
  <Name>Allan Wenger</Name>
  <Role></Role>
  <SortOrder>3</SortOrder>
</Actor>
<Actor>
  <id>31421</id>
  <Image></Image>
  <Name>Barbara Scaff</Name>
  <Role></Role>
  <SortOrder>3</SortOrder>
</Actor>
<Actor>
  <id>31423</id>
  <Image></Image>
  <Name>David Gasman</Name>
  <Role></Role>
  <SortOrder>3</SortOrder>
</Actor>
<Actor>
  <id>31422</id>
  <Image></Image>
  <Name>Jodi Forrest</Name>
  <Role></Role>
  <SortOrder>3</SortOrder>
</Actor>
<Actor>
  <id>31419</id>
  <Image></Image>
  <Name>Matthew Géczy</Name>
  <Role></Role>
  <SortOrder>3</SortOrder>
</Actor>
<Actor>
  <id>31425</id>
  <Image></Image>
  <Name>Mirabelle Kirkland</Name>
  <Role></Role>
  <SortOrder>3</SortOrder>
</Actor>
<Actor>
  <id>31424</id>
  <Image></Image>
  <Name>Sharon Mann</Name>
  <Role></Role>
  <SortOrder>3</SortOrder>
</Actor>
</Actors>