<?xml version="1.0" encoding="UTF-8" ?>
<Banners>
<Banner>
  <id>37318</id>
  <BannerPath>fanart/original/82661-1.jpg</BannerPath>
  <BannerType>fanart</BannerType>
  <BannerType2>1920x1080</BannerType2>
  <Colors></Colors>
  <Language>en</Language>
  <Rating>9.0000</Rating>
  <RatingCount>1</RatingCount>
  <SeriesName>false</SeriesName>
  <ThumbnailPath>_cache/fanart/original/82661-1.jpg</ThumbnailPath>
  <VignettePath>fanart/vignette/82661-1.jpg</VignettePath>
</Banner>
<Banner>
  <id>872258</id>
  <BannerPath>fanart/original/82661-3.jpg</BannerPath>
  <BannerType>fanart</BannerType>
  <BannerType2>1280x720</BannerType2>
  <Colors></Colors>
  <Language>en</Language>
  <Rating></Rating>
  <RatingCount>0</RatingCount>
  <SeriesName>false</SeriesName>
  <ThumbnailPath>_cache/fanart/original/82661-3.jpg</ThumbnailPath>
  <VignettePath>fanart/vignette/82661-3.jpg</VignettePath>
</Banner>
<Banner>
  <id>84361</id>
  <BannerPath>fanart/original/82661-2.jpg</BannerPath>
  <BannerType>fanart</BannerType>
  <BannerType2>1280x720</BannerType2>
  <Colors></Colors>
  <Language>en</Language>
  <Rating></Rating>
  <RatingCount>0</RatingCount>
  <SeriesName>false</SeriesName>
  <ThumbnailPath>_cache/fanart/original/82661-2.jpg</ThumbnailPath>
  <VignettePath>fanart/vignette/82661-2.jpg</VignettePath>
</Banner>
<Banner>
  <id>84351</id>
  <BannerPath>posters/82661-1.jpg</BannerPath>
  <BannerType>poster</BannerType>
  <BannerType2>680x1000</BannerType2>
  <Language>en</Language>
  <Rating></Rating>
  <RatingCount>0</RatingCount>
</Banner>
<Banner>
  <id>872259</id>
  <BannerPath>graphical/82661-g.jpg</BannerPath>
  <BannerType>series</BannerType>
  <BannerType2>graphical</BannerType2>
  <Language>en</Language>
  <Rating>8.0000</Rating>
  <RatingCount>1</RatingCount>
</Banner>
<Banner>
  <id>871651</id>
  <BannerPath>graphical/82661-g2.jpg</BannerPath>
  <BannerType>series</BannerType>
  <BannerType2>graphical</BannerType2>
  <Language>en</Language>
  <Rating>3.0000</Rating>
  <RatingCount>1</RatingCount>
</Banner>
<Banner>
  <id>31529</id>
  <BannerPath>text/82661.jpg</BannerPath>
  <BannerType>series</BannerType>
  <BannerType2>text</BannerType2>
  <Language>en</Language>
  <Rating></Rating>
  <RatingCount>0</RatingCount>
</Banner>
</Banners>