<?xml version="1.0" encoding="UTF-8" ?>
<Data><Series>
  <id>82661</id>
  <Actors>|Larry Murphy|</Actors>
  <Airs_DayOfWeek>Sunday</Airs_DayOfWeek>
  <Airs_Time>11:30 PM</Airs_Time>
  <ContentRating>TV-MA</ContentRating>
  <FirstAired>2006-11-26</FirstAired>
  <Genre>|Animation|Comedy|</Genre>
  <IMDB_ID></IMDB_ID>
  <Language>en</Language>
  <Network>Cartoon Network</Network>
  <NetworkID></NetworkID>
  <Overview>Crime fighter Assy McGee is out for justice, so all you criminals better look out! Cop Assy McGee is nothing more than a pair of legs with a naked rear end…well, naked unless you count his gun holster! His drinking problem and violent tendencies lead to many shooting sprees and crass language.</Overview>
  <Rating>6.3</Rating>
  <RatingCount>4</RatingCount>
  <Runtime>15</Runtime>
  <SeriesID>67523</SeriesID>
  <SeriesName>Assy McGee</SeriesName>
  <Status>Continuing</Status>
  <added></added>
  <addedBy></addedBy>
  <banner>graphical/82661-g.jpg</banner>
  <fanart>fanart/original/82661-1.jpg</fanart>
  <lastupdated>1364286243</lastupdated>
  <poster>posters/82661-1.jpg</poster>
  <zap2it_id></zap2it_id>
</Series>
<Episode>
  <id>2394581</id>
  <Combined_episodenumber>1</Combined_episodenumber>
  <Combined_season>0</Combined_season>
  <DVD_chapter></DVD_chapter>
  <DVD_discid></DVD_discid>
  <DVD_episodenumber></DVD_episodenumber>
  <DVD_season></DVD_season>
  <Director></Director>
  <EpImgFlag></EpImgFlag>
  <EpisodeName>Promo - Dammit Assy!</EpisodeName>
  <EpisodeNumber>1</EpisodeNumber>
  <FirstAired></FirstAired>
  <GuestStars></GuestStars>
  <IMDB_ID></IMDB_ID>
  <Language>en</Language>
  <Overview></Overview>
  <ProductionCode></ProductionCode>
  <Rating></Rating>
  <RatingCount>0</RatingCount>
  <SeasonNumber>0</SeasonNumber>
  <Writer></Writer>
  <absolute_number></absolute_number>
  <airsafter_season></airsafter_season>
  <airsbefore_episode></airsbefore_episode>
  <airsbefore_season></airsbefore_season>
  <filename></filename>
  <lastupdated>1277296143</lastupdated>
  <seasonid>34140</seasonid>
  <seriesid>82661</seriesid>
</Episode>
<Episode>
  <id>378993</id>
  <Combined_episodenumber>1</Combined_episodenumber>
  <Combined_season>1</Combined_season>
  <DVD_chapter></DVD_chapter>
  <DVD_discid></DVD_discid>
  <DVD_episodenumber></DVD_episodenumber>
  <DVD_season></DVD_season>
  <Director></Director>
  <EpImgFlag></EpImgFlag>
  <EpisodeName>Murder On The Docks</EpisodeName>
  <EpisodeNumber>1</EpisodeNumber>
  <FirstAired>2006-11-26</FirstAired>
  <GuestStars></GuestStars>
  <IMDB_ID></IMDB_ID>
  <Language>en</Language>
  <Overview>Despite being suspended from the force, Assy investigates the case of a dead prostitute. But, when it comes to arresting the suspect, will it end in a case of mistaken identity?</Overview>
  <ProductionCode></ProductionCode>
  <Rating>6.0</Rating>
  <RatingCount>1</RatingCount>
  <SeasonNumber>1</SeasonNumber>
  <Writer></Writer>
  <absolute_number></absolute_number>
  <filename></filename>
  <lastupdated>1218155059</lastupdated>
  <seasonid>34141</seasonid>
  <seriesid>82661</seriesid>
</Episode>
<Episode>
  <id>378994</id>
  <Combined_episodenumber>2</Combined_episodenumber>
  <Combined_season>1</Combined_season>
  <DVD_chapter></DVD_chapter>
  <DVD_discid></DVD_discid>
  <DVD_episodenumber></DVD_episodenumber>
  <DVD_season></DVD_season>
  <Director></Director>
  <EpImgFlag></EpImgFlag>
  <EpisodeName>The Flirty Black Man</EpisodeName>
  <EpisodeNumber>2</EpisodeNumber>
  <FirstAired>2006-12-03</FirstAired>
  <GuestStars></GuestStars>
  <IMDB_ID></IMDB_ID>
  <Language>en</Language>
  <Overview>When a priceless painting is stolen, Assy decides to take the case, even though he's been ordered not to. </Overview>
  <ProductionCode></ProductionCode>
  <Rating></Rating>
  <RatingCount>0</RatingCount>
  <SeasonNumber>1</SeasonNumber>
  <Writer></Writer>
  <absolute_number></absolute_number>
  <filename></filename>
  <lastupdated>1218155096</lastupdated>
  <seasonid>34141</seasonid>
  <seriesid>82661</seriesid>
</Episode>
<Episode>
  <id>378995</id>
  <Combined_episodenumber>3</Combined_episodenumber>
  <Combined_season>1</Combined_season>
  <DVD_chapter></DVD_chapter>
  <DVD_discid></DVD_discid>
  <DVD_episodenumber></DVD_episodenumber>
  <DVD_season></DVD_season>
  <Director></Director>
  <EpImgFlag></EpImgFlag>
  <EpisodeName>Game of Death</EpisodeName>
  <EpisodeNumber>3</EpisodeNumber>
  <FirstAired>2006-12-10</FirstAired>
  <GuestStars></GuestStars>
  <IMDB_ID></IMDB_ID>
  <Language>en</Language>
  <Overview>A Cuban dignitary is visiting the city for a soccer match and Assy is assigned to bodyguard him. Assy's singing talents are also revealed in this episode.A Cuban dignitary is visiting the city for a soccer match and Assy is assigned to bodyguard him. Assy's singing talents are also revealed in this episode.</Overview>
  <ProductionCode></ProductionCode>
  <Rating></Rating>
  <RatingCount>0</RatingCount>
  <SeasonNumber>1</SeasonNumber>
  <Writer></Writer>
  <absolute_number></absolute_number>
  <filename></filename>
  <lastupdated>1218155163</lastupdated>
  <seasonid>34141</seasonid>
  <seriesid>82661</seriesid>
</Episode>
<Episode>
  <id>378996</id>
  <Combined_episodenumber>4</Combined_episodenumber>
  <Combined_season>1</Combined_season>
  <DVD_chapter></DVD_chapter>
  <DVD_discid></DVD_discid>
  <DVD_episodenumber></DVD_episodenumber>
  <DVD_season></DVD_season>
  <Director></Director>
  <EpImgFlag></EpImgFlag>
  <EpisodeName>Busted</EpisodeName>
  <EpisodeNumber>4</EpisodeNumber>
  <FirstAired>2006-12-17</FirstAired>
  <GuestStars></GuestStars>
  <IMDB_ID></IMDB_ID>
  <Language>en</Language>
  <Overview>Two criminals are robbing people on a bus, but they get more than they bargained for when Assy shows up to take them down. </Overview>
  <ProductionCode></ProductionCode>
  <Rating></Rating>
  <RatingCount>0</RatingCount>
  <SeasonNumber>1</SeasonNumber>
  <Writer></Writer>
  <absolute_number></absolute_number>
  <filename></filename>
  <lastupdated>1218155253</lastupdated>
  <seasonid>34141</seasonid>
  <seriesid>82661</seriesid>
</Episode>
<Episode>
  <id>378997</id>
  <Combined_episodenumber>5</Combined_episodenumber>
  <Combined_season>1</Combined_season>
  <DVD_chapter></DVD_chapter>
  <DVD_discid></DVD_discid>
  <DVD_episodenumber></DVD_episodenumber>
  <DVD_season></DVD_season>
  <Director></Director>
  <EpImgFlag></EpImgFlag>
  <EpisodeName>Mexican Rain</EpisodeName>
  <EpisodeNumber>5</EpisodeNumber>
  <FirstAired>2006-12-24</FirstAired>
  <GuestStars></GuestStars>
  <IMDB_ID></IMDB_ID>
  <Language>en</Language>
  <Overview>Sanchez has a heart attack due to Mexicans falling out of his kid's pinata. </Overview>
  <ProductionCode></ProductionCode>
  <Rating></Rating>
  <RatingCount>0</RatingCount>
  <SeasonNumber>1</SeasonNumber>
  <Writer></Writer>
  <absolute_number></absolute_number>
  <filename></filename>
  <lastupdated>1218155300</lastupdated>
  <seasonid>34141</seasonid>
  <seriesid>82661</seriesid>
</Episode>
<Episode>
  <id>378998</id>
  <Combined_episodenumber>6</Combined_episodenumber>
  <Combined_season>1</Combined_season>
  <DVD_chapter></DVD_chapter>
  <DVD_discid></DVD_discid>
  <DVD_episodenumber></DVD_episodenumber>
  <DVD_season></DVD_season>
  <Director></Director>
  <EpImgFlag></EpImgFlag>
  <EpisodeName>Conviction</EpisodeName>
  <EpisodeNumber>6</EpisodeNumber>
  <FirstAired>2007-01-07</FirstAired>
  <GuestStars></GuestStars>
  <IMDB_ID></IMDB_ID>
  <Language>en</Language>
  <Overview>A local drug epidemic overtakes the city and puts Detective McGee's life at stake. </Overview>
  <ProductionCode></ProductionCode>
  <Rating></Rating>
  <RatingCount>0</RatingCount>
  <SeasonNumber>1</SeasonNumber>
  <Writer></Writer>
  <absolute_number></absolute_number>
  <filename></filename>
  <lastupdated>1218155344</lastupdated>
  <seasonid>34141</seasonid>
  <seriesid>82661</seriesid>
</Episode>
<Episode>
  <id>378999</id>
  <Combined_episodenumber>1</Combined_episodenumber>
  <Combined_season>2</Combined_season>
  <DVD_chapter></DVD_chapter>
  <DVD_discid></DVD_discid>
  <DVD_episodenumber></DVD_episodenumber>
  <DVD_season></DVD_season>
  <Director></Director>
  <EpImgFlag></EpImgFlag>
  <EpisodeName>Ring Of Fire</EpisodeName>
  <EpisodeNumber>1</EpisodeNumber>
  <FirstAired>2008-04-06</FirstAired>
  <GuestStars>H. Jon Benjamin,  Kurt Braunohler,  George Lowe</GuestStars>
  <IMDB_ID></IMDB_ID>
  <Language>en</Language>
  <Overview>Following a string of boxer deaths, Assy finds out they've been caused by Polonium poisoning coming from a neighborhood deli.</Overview>
  <ProductionCode></ProductionCode>
  <Rating>7.0</Rating>
  <RatingCount>1</RatingCount>
  <SeasonNumber>2</SeasonNumber>
  <Writer>Matt Harrigan</Writer>
  <absolute_number></absolute_number>
  <filename></filename>
  <lastupdated>1218157379</lastupdated>
  <seasonid>34142</seasonid>
  <seriesid>82661</seriesid>
</Episode>
<Episode>
  <id>379000</id>
  <Combined_episodenumber>2</Combined_episodenumber>
  <Combined_season>2</Combined_season>
  <DVD_chapter></DVD_chapter>
  <DVD_discid></DVD_discid>
  <DVD_episodenumber></DVD_episodenumber>
  <DVD_season></DVD_season>
  <Director></Director>
  <EpImgFlag></EpImgFlag>
  <EpisodeName>Pharmassy</EpisodeName>
  <EpisodeNumber>2</EpisodeNumber>
  <FirstAired>2008-04-13</FirstAired>
  <GuestStars>H. Jon Benjamin, Carl W. Adams,  Marty Johnson</GuestStars>
  <IMDB_ID></IMDB_ID>
  <Language>en</Language>
  <Overview>Assy gives up his vacation time to negotiate a hostage situation involving the Mayor at a local pharmacy.</Overview>
  <ProductionCode></ProductionCode>
  <Rating></Rating>
  <RatingCount>0</RatingCount>
  <SeasonNumber>2</SeasonNumber>
  <Writer>Will Hayes</Writer>
  <absolute_number></absolute_number>
  <filename></filename>
  <lastupdated>1218157312</lastupdated>
  <seasonid>34142</seasonid>
  <seriesid>82661</seriesid>
</Episode>
<Episode>
  <id>379001</id>
  <Combined_episodenumber>3</Combined_episodenumber>
  <Combined_season>2</Combined_season>
  <DVD_chapter></DVD_chapter>
  <DVD_discid></DVD_discid>
  <DVD_episodenumber></DVD_episodenumber>
  <DVD_season></DVD_season>
  <Director></Director>
  <EpImgFlag></EpImgFlag>
  <EpisodeName>Mile High Mayhem</EpisodeName>
  <EpisodeNumber>3</EpisodeNumber>
  <FirstAired>2008-04-20</FirstAired>
  <GuestStars>Carl W. Adams, H. Jon Benjamin,  Marty Johnson,  Kurt Braunohler</GuestStars>
  <IMDB_ID></IMDB_ID>
  <Language>en</Language>
  <Overview>Assy and Sanchez become Federal Air Marshals in order to combat terrorism, but end up causing more trouble in the air. Though they do catch a drug mule in the process.</Overview>
  <ProductionCode></ProductionCode>
  <Rating></Rating>
  <RatingCount>0</RatingCount>
  <SeasonNumber>2</SeasonNumber>
  <Writer></Writer>
  <absolute_number></absolute_number>
  <filename></filename>
  <lastupdated>1218157234</lastupdated>
  <seasonid>34142</seasonid>
  <seriesid>82661</seriesid>
</Episode>
<Episode>
  <id>379002</id>
  <Combined_episodenumber>4</Combined_episodenumber>
  <Combined_season>2</Combined_season>
  <DVD_chapter></DVD_chapter>
  <DVD_discid></DVD_discid>
  <DVD_episodenumber></DVD_episodenumber>
  <DVD_season></DVD_season>
  <Director></Director>
  <EpImgFlag></EpImgFlag>
  <EpisodeName>Murder On The Midway</EpisodeName>
  <EpisodeNumber>4</EpisodeNumber>
  <FirstAired>2008-04-27</FirstAired>
  <GuestStars>H. Jon Benjamin, Carl W. Adams</GuestStars>
  <IMDB_ID></IMDB_ID>
  <Language>en</Language>
  <Overview>Someone's sabotaging rides at the carnival that Assy and Sanchez are visiting and now they need to save Sanchez's daughter on the ferris wheel.</Overview>
  <ProductionCode></ProductionCode>
  <Rating></Rating>
  <RatingCount>0</RatingCount>
  <SeasonNumber>2</SeasonNumber>
  <Writer>Matt Harrigan</Writer>
  <absolute_number></absolute_number>
  <filename></filename>
  <lastupdated>1218157153</lastupdated>
  <seasonid>34142</seasonid>
  <seriesid>82661</seriesid>
</Episode>
<Episode>
  <id>379003</id>
  <Combined_episodenumber>5</Combined_episodenumber>
  <Combined_season>2</Combined_season>
  <DVD_chapter></DVD_chapter>
  <DVD_discid></DVD_discid>
  <DVD_episodenumber></DVD_episodenumber>
  <DVD_season></DVD_season>
  <Director></Director>
  <EpImgFlag></EpImgFlag>
  <EpisodeName>Pegfinger</EpisodeName>
  <EpisodeNumber>5</EpisodeNumber>
  <FirstAired>2008-05-04</FirstAired>
  <GuestStars>H. Jon Benjamin, Carl W. Adams,  Rachel Dratch</GuestStars>
  <IMDB_ID></IMDB_ID>
  <Language>en</Language>
  <Overview>Assy gets help from a criminal he put behind bars years ago in order to catch the person responsible for a series of violent assaults.</Overview>
  <ProductionCode></ProductionCode>
  <Rating></Rating>
  <RatingCount>0</RatingCount>
  <SeasonNumber>2</SeasonNumber>
  <Writer>Will Hayes</Writer>
  <absolute_number></absolute_number>
  <filename></filename>
  <lastupdated>1218157087</lastupdated>
  <seasonid>34142</seasonid>
  <seriesid>82661</seriesid>
</Episode>
<Episode>
  <id>379004</id>
  <Combined_episodenumber>6</Combined_episodenumber>
  <Combined_season>2</Combined_season>
  <DVD_chapter></DVD_chapter>
  <DVD_discid></DVD_discid>
  <DVD_episodenumber></DVD_episodenumber>
  <DVD_season></DVD_season>
  <Director></Director>
  <EpImgFlag></EpImgFlag>
  <EpisodeName>Irish Wake</EpisodeName>
  <EpisodeNumber>6</EpisodeNumber>
  <FirstAired>2008-05-11</FirstAired>
  <GuestStars>H. Jon Benjamin, Carl W. Adams,  Sam Seder,  Richard Shertenlieb,  Brian Joyce,  Ken Casey</GuestStars>
  <IMDB_ID></IMDB_ID>
  <Language>en</Language>
  <Overview>When Glen the bartender gets killed, the police force looks to avenge his death. So, Sanchez gets a new partner, while Assy is off grieving (and drinking).</Overview>
  <ProductionCode></ProductionCode>
  <Rating>7.0</Rating>
  <RatingCount>1</RatingCount>
  <SeasonNumber>2</SeasonNumber>
  <Writer>Will Hayes</Writer>
  <absolute_number></absolute_number>
  <filename></filename>
  <lastupdated>1218156974</lastupdated>
  <seasonid>34142</seasonid>
  <seriesid>82661</seriesid>
</Episode>
<Episode>
  <id>379005</id>
  <Combined_episodenumber>7</Combined_episodenumber>
  <Combined_season>2</Combined_season>
  <DVD_chapter></DVD_chapter>
  <DVD_discid></DVD_discid>
  <DVD_episodenumber></DVD_episodenumber>
  <DVD_season></DVD_season>
  <Director></Director>
  <EpImgFlag></EpImgFlag>
  <EpisodeName>Vowel Play</EpisodeName>
  <EpisodeNumber>7</EpisodeNumber>
  <FirstAired>2008-05-18</FirstAired>
  <GuestStars>H. Jon Benjamin,  Rachel Dratch,  Jennywren Sanders,  Sam Seder</GuestStars>
  <IMDB_ID></IMDB_ID>
  <Language>en</Language>
  <Overview>An extortion scheme by a crime syndicate disrupts the annual Exeter Spelling Bee.</Overview>
  <ProductionCode></ProductionCode>
  <Rating></Rating>
  <RatingCount>0</RatingCount>
  <SeasonNumber>2</SeasonNumber>
  <Writer>Will Hayes</Writer>
  <absolute_number></absolute_number>
  <filename></filename>
  <lastupdated>1218156853</lastupdated>
  <seasonid>34142</seasonid>
  <seriesid>82661</seriesid>
</Episode>
<Episode>
  <id>379006</id>
  <Combined_episodenumber>8</Combined_episodenumber>
  <Combined_season>2</Combined_season>
  <DVD_chapter></DVD_chapter>
  <DVD_discid></DVD_discid>
  <DVD_episodenumber></DVD_episodenumber>
  <DVD_season></DVD_season>
  <Director></Director>
  <EpImgFlag></EpImgFlag>
  <EpisodeName>Hands Up</EpisodeName>
  <EpisodeNumber>8</EpisodeNumber>
  <FirstAired>2008-05-25</FirstAired>
  <GuestStars>H. Jon Benjamin,  George Lowe,  Jason Potts,  Rachel Dratch</GuestStars>
  <IMDB_ID></IMDB_ID>
  <Language>en</Language>
  <Overview>McGee considers switching careers before a disaster.</Overview>
  <ProductionCode></ProductionCode>
  <Rating></Rating>
  <RatingCount>0</RatingCount>
  <SeasonNumber>2</SeasonNumber>
  <Writer>Will Hayes</Writer>
  <absolute_number></absolute_number>
  <filename></filename>
  <lastupdated>1218156741</lastupdated>
  <seasonid>34142</seasonid>
  <seriesid>82661</seriesid>
</Episode>
<Episode>
  <id>379007</id>
  <Combined_episodenumber>9</Combined_episodenumber>
  <Combined_season>2</Combined_season>
  <DVD_chapter></DVD_chapter>
  <DVD_discid></DVD_discid>
  <DVD_episodenumber></DVD_episodenumber>
  <DVD_season></DVD_season>
  <Director></Director>
  <EpImgFlag></EpImgFlag>
  <EpisodeName>Bikes For Bombs</EpisodeName>
  <EpisodeNumber>9</EpisodeNumber>
  <FirstAired>2008-06-01</FirstAired>
  <GuestStars>H. Jon Benjamin ,  MF Doom,  Andy Merrill,  Thomas GH Graham</GuestStars>
  <IMDB_ID></IMDB_ID>
  <Language>en</Language>
  <Overview>Assy's bike is stolen by a group of bike thieves with a bigger purpose.</Overview>
  <ProductionCode></ProductionCode>
  <Rating></Rating>
  <RatingCount>0</RatingCount>
  <SeasonNumber>2</SeasonNumber>
  <Writer></Writer>
  <absolute_number></absolute_number>
  <filename></filename>
  <lastupdated>1218156578</lastupdated>
  <seasonid>34142</seasonid>
  <seriesid>82661</seriesid>
</Episode>
<Episode>
  <id>379008</id>
  <Combined_episodenumber>10</Combined_episodenumber>
  <Combined_season>2</Combined_season>
  <DVD_chapter></DVD_chapter>
  <DVD_discid></DVD_discid>
  <DVD_episodenumber></DVD_episodenumber>
  <DVD_season></DVD_season>
  <Director></Director>
  <EpImgFlag></EpImgFlag>
  <EpisodeName>Showdown In The Magic City</EpisodeName>
  <EpisodeNumber>10</EpisodeNumber>
  <FirstAired>2008-06-08</FirstAired>
  <GuestStars></GuestStars>
  <IMDB_ID></IMDB_ID>
  <Language>en</Language>
  <Overview>Assy and Sanchez head to Miami to solve a case after a bunch of jai alai players end up dead in Exeter.</Overview>
  <ProductionCode></ProductionCode>
  <Rating></Rating>
  <RatingCount>0</RatingCount>
  <SeasonNumber>2</SeasonNumber>
  <Writer></Writer>
  <absolute_number></absolute_number>
  <filename></filename>
  <lastupdated>1218156450</lastupdated>
  <seasonid>34142</seasonid>
  <seriesid>82661</seriesid>
</Episode>
<Episode>
  <id>379009</id>
  <Combined_episodenumber>11</Combined_episodenumber>
  <Combined_season>2</Combined_season>
  <DVD_chapter></DVD_chapter>
  <DVD_discid></DVD_discid>
  <DVD_episodenumber></DVD_episodenumber>
  <DVD_season></DVD_season>
  <Director></Director>
  <EpImgFlag></EpImgFlag>
  <EpisodeName>The Ballad of Blind Anthony</EpisodeName>
  <EpisodeNumber>11</EpisodeNumber>
  <FirstAired>2008-06-15</FirstAired>
  <GuestStars></GuestStars>
  <IMDB_ID></IMDB_ID>
  <Language>en</Language>
  <Overview>A former high school classmate of Assy's kidnaps a popular blind gospel singer minutes before a sold-out concert which Assy had tickets to.</Overview>
  <ProductionCode></ProductionCode>
  <Rating></Rating>
  <RatingCount>0</RatingCount>
  <SeasonNumber>2</SeasonNumber>
  <Writer></Writer>
  <absolute_number></absolute_number>
  <filename></filename>
  <lastupdated>1218156394</lastupdated>
  <seasonid>34142</seasonid>
  <seriesid>82661</seriesid>
</Episode>
<Episode>
  <id>379010</id>
  <Combined_episodenumber>12</Combined_episodenumber>
  <Combined_season>2</Combined_season>
  <DVD_chapter></DVD_chapter>
  <DVD_discid></DVD_discid>
  <DVD_episodenumber></DVD_episodenumber>
  <DVD_season></DVD_season>
  <Director></Director>
  <EpImgFlag></EpImgFlag>
  <EpisodeName>Johnny Arson</EpisodeName>
  <EpisodeNumber>12</EpisodeNumber>
  <FirstAired>2008-06-22</FirstAired>
  <GuestStars></GuestStars>
  <IMDB_ID></IMDB_ID>
  <Language>en</Language>
  <Overview>When a serial arsonist targets Exeter, McGee's internet lover is the number one suspect.</Overview>
  <ProductionCode></ProductionCode>
  <Rating></Rating>
  <RatingCount>0</RatingCount>
  <SeasonNumber>2</SeasonNumber>
  <Writer></Writer>
  <absolute_number></absolute_number>
  <filename></filename>
  <lastupdated>1218156350</lastupdated>
  <seasonid>34142</seasonid>
  <seriesid>82661</seriesid>
</Episode>
<Episode>
  <id>379011</id>
  <Combined_episodenumber>13</Combined_episodenumber>
  <Combined_season>2</Combined_season>
  <DVD_chapter></DVD_chapter>
  <DVD_discid></DVD_discid>
  <DVD_episodenumber></DVD_episodenumber>
  <DVD_season></DVD_season>
  <Director></Director>
  <EpImgFlag></EpImgFlag>
  <EpisodeName>The Assy Diaries</EpisodeName>
  <EpisodeNumber>13</EpisodeNumber>
  <FirstAired>2008-06-29</FirstAired>
  <GuestStars></GuestStars>
  <IMDB_ID></IMDB_ID>
  <Language>en</Language>
  <Overview>On suspension, Assy must make difficult decisions in the face of corrupt Exter officers and nearly pays with his life.</Overview>
  <ProductionCode></ProductionCode>
  <Rating></Rating>
  <RatingCount>0</RatingCount>
  <SeasonNumber>2</SeasonNumber>
  <Writer></Writer>
  <absolute_number></absolute_number>
  <filename></filename>
  <lastupdated>1218156317</lastupdated>
  <seasonid>34142</seasonid>
  <seriesid>82661</seriesid>
</Episode>
<Episode>
  <id>379012</id>
  <Combined_episodenumber>14</Combined_episodenumber>
  <Combined_season>2</Combined_season>
  <DVD_chapter></DVD_chapter>
  <DVD_discid></DVD_discid>
  <DVD_episodenumber></DVD_episodenumber>
  <DVD_season></DVD_season>
  <Director></Director>
  <EpImgFlag></EpImgFlag>
  <EpisodeName>Squirrels</EpisodeName>
  <EpisodeNumber>14</EpisodeNumber>
  <FirstAired>2008-07-06</FirstAired>
  <GuestStars></GuestStars>
  <IMDB_ID></IMDB_ID>
  <Language>en</Language>
  <Overview>Assy and Sanchez attempt to break up an underground squirrel fighting ring, forcing Assy to deal with his fear of squirrels.</Overview>
  <ProductionCode></ProductionCode>
  <Rating></Rating>
  <RatingCount>0</RatingCount>
  <SeasonNumber>2</SeasonNumber>
  <Writer></Writer>
  <absolute_number></absolute_number>
  <filename></filename>
  <lastupdated>1218156283</lastupdated>
  <seasonid>34142</seasonid>
  <seriesid>82661</seriesid>
</Episode>
</Data>