<?xml version="1.0" encoding="UTF-8" ?>
<Actors>
<Actor>
  <id>18246</id>
  <Image>actors/18246.jpg</Image>
  <Name>Frank Welker</Name>
  <Role>Megatron/Soundwave/Rumble (Voice)</Role>
  <SortOrder>0</SortOrder>
</Actor>
<Actor>
  <id>301644</id>
  <Image>actors/301644.jpg</Image>
  <Name>Peter Cullen</Name>
  <Role>Optimus Prime (Voice)</Role>
  <SortOrder>1</SortOrder>
</Actor>
<Actor>
  <id>18248</id>
  <Image></Image>
  <Name>Corey Burton</Name>
  <Role>Spike Witwicky/Shockwave (Voice)</Role>
  <SortOrder>2</SortOrder>
</Actor>
<Actor>
  <id>18243</id>
  <Image></Image>
  <Name>Aron Kincaid</Name>
  <Role></Role>
  <SortOrder>3</SortOrder>
</Actor>
<Actor>
  <id>18241</id>
  <Image></Image>
  <Name>Brad Garrett</Name>
  <Role></Role>
  <SortOrder>3</SortOrder>
</Actor>
<Actor>
  <id>18255</id>
  <Image></Image>
  <Name>Bud Davis</Name>
  <Role></Role>
  <SortOrder>3</SortOrder>
</Actor>
<Actor>
  <id>18244</id>
  <Image></Image>
  <Name>Casey Kasem</Name>
  <Role></Role>
  <SortOrder>3</SortOrder>
</Actor>
<Actor>
  <id>18242</id>
  <Image></Image>
  <Name>Charlie Adler</Name>
  <Role></Role>
  <SortOrder>3</SortOrder>
</Actor>
<Actor>
  <id>18247</id>
  <Image></Image>
  <Name>David Mendenhall</Name>
  <Role></Role>
  <SortOrder>3</SortOrder>
</Actor>
<Actor>
  <id>18249</id>
  <Image></Image>
  <Name>Ed Gilbert</Name>
  <Role></Role>
  <SortOrder>3</SortOrder>
</Actor>
<Actor>
  <id>18254</id>
  <Image></Image>
  <Name>Hal Rayle</Name>
  <Role></Role>
  <SortOrder>3</SortOrder>
</Actor>
<Actor>
  <id>18251</id>
  <Image></Image>
  <Name>Jack Angel</Name>
  <Role></Role>
  <SortOrder>3</SortOrder>
</Actor>
<Actor>
  <id>18245</id>
  <Image></Image>
  <Name>Jim Cummings</Name>
  <Role></Role>
  <SortOrder>3</SortOrder>
</Actor>
<Actor>
  <id>18252</id>
  <Image></Image>
  <Name>Michael Chain</Name>
  <Role></Role>
  <SortOrder>3</SortOrder>
</Actor>
<Actor>
  <id>18258</id>
  <Image></Image>
  <Name>Morgan Lofting</Name>
  <Role></Role>
  <SortOrder>3</SortOrder>
</Actor>
<Actor>
  <id>18256</id>
  <Image></Image>
  <Name>Neil Ross</Name>
  <Role></Role>
  <SortOrder>3</SortOrder>
</Actor>
<Actor>
  <id>18259</id>
  <Image></Image>
  <Name>Peter Renaday</Name>
  <Role></Role>
  <SortOrder>3</SortOrder>
</Actor>
<Actor>
  <id>18250</id>
  <Image></Image>
  <Name>Regis Cordic</Name>
  <Role></Role>
  <SortOrder>3</SortOrder>
</Actor>
<Actor>
  <id>18257</id>
  <Image></Image>
  <Name>Townsend Coleman</Name>
  <Role></Role>
  <SortOrder>3</SortOrder>
</Actor>
<Actor>
  <id>18253</id>
  <Image></Image>
  <Name>Victor Caroli</Name>
  <Role></Role>
  <SortOrder>3</SortOrder>
</Actor>
</Actors>