<?xml version="1.0" encoding="UTF-8" ?>
<Actors>
<Actor>
  <id>306004</id>
  <Image>actors/306004.jpg</Image>
  <Name>Jim Jefferies</Name>
  <Role>Jim</Role>
  <SortOrder>0</SortOrder>
</Actor>
<Actor>
  <id>306006</id>
  <Image>actors/306006.jpg</Image>
  <Name>Dan Bakkedahl</Name>
  <Role>Steve</Role>
  <SortOrder>1</SortOrder>
</Actor>
<Actor>
  <id>306007</id>
  <Image>actors/306007.jpg</Image>
  <Name>DJ Qualls</Name>
  <Role>Billy</Role>
  <SortOrder>2</SortOrder>
</Actor>
<Actor>
  <id>306757</id>
  <Image>actors/306757.jpg</Image>
  <Name>Mindy Sterling</Name>
  <Role>Janice</Role>
  <SortOrder>3</SortOrder>
</Actor>
</Actors>