<?xml version="1.0" encoding="UTF-8" ?>
<Data><Series>
  <id>264450</id>
  <Actors>|Jim Jefferies|Dan Bakkedahl|DJ Qualls|Mindy Sterling|</Actors>
  <Airs_DayOfWeek>Thursday</Airs_DayOfWeek>
  <Airs_Time>10:30 PM</Airs_Time>
  <ContentRating>TV-MA</ContentRating>
  <FirstAired>2013-01-17</FirstAired>
  <Genre>|Comedy|</Genre>
  <IMDB_ID>tt2400391</IMDB_ID>
  <Language>en</Language>
  <Network>FX</Network>
  <NetworkID></NetworkID>
  <Overview>&quot;Legit&quot; stars Jim Jefferies as an edgy, foul-mouthed stand-up comedian from Australia, in his mid-30s and living in LA, endeavoring to make his life and career more “legit,” only to find it a difficult, uncomfortable uphill struggle every step of the way. Jim is encouraged in his quest by Steve, his neurotic best friend and roommate, a cyber-law library salesman who struggles to stay on his feet in the wake of a divorce, and Steve’s brother Billy, who suffers from advanced staged Muscular Dystrophy and is confined to a wheelchair.</Overview>
  <Rating>9.7</Rating>
  <RatingCount>3</RatingCount>
  <Runtime>30</Runtime>
  <SeriesID></SeriesID>
  <SeriesName>Legit (2013)</SeriesName>
  <Status>Continuing</Status>
  <added>2012-11-28 11:03:50</added>
  <addedBy>79791</addedBy>
  <banner>graphical/264450-g2.jpg</banner>
  <fanart>fanart/original/264450-2.jpg</fanart>
  <lastupdated>1365278721</lastupdated>
  <poster>posters/264450-1.jpg</poster>
  <zap2it_id></zap2it_id>
</Series>
<Episode>
  <id>4444930</id>
  <Combined_episodenumber>1</Combined_episodenumber>
  <Combined_season>1</Combined_season>
  <DVD_chapter></DVD_chapter>
  <DVD_discid></DVD_discid>
  <DVD_episodenumber></DVD_episodenumber>
  <DVD_season></DVD_season>
  <Director>|Peter O'Fallon|</Director>
  <EpImgFlag>2</EpImgFlag>
  <EpisodeName>Pilot</EpisodeName>
  <EpisodeNumber>1</EpisodeNumber>
  <FirstAired>2013-01-17</FirstAired>
  <GuestStars></GuestStars>
  <IMDB_ID></IMDB_ID>
  <Language>en</Language>
  <Overview>Jim Jefferies, taking his first baby steps toward legitimacy and trying to do a good deed, treats his close friend Billy — suffering from advanced stage Muscular Dystrophy and confined to a wheelchair — to a debauchery filled road trip to a whorehouse in Las Vegas.</Overview>
  <ProductionCode>YJN101</ProductionCode>
  <Rating>8.0</Rating>
  <RatingCount>7</RatingCount>
  <SeasonNumber>1</SeasonNumber>
  <Writer>|Jim Jeffries|</Writer>
  <absolute_number>1</absolute_number>
  <filename>episodes/264450/4444930.jpg</filename>
  <lastupdated>1356170376</lastupdated>
  <seasonid>506200</seasonid>
  <seriesid>264450</seriesid>
</Episode>
<Episode>
  <id>4453749</id>
  <Combined_episodenumber>2</Combined_episodenumber>
  <Combined_season>1</Combined_season>
  <DVD_chapter></DVD_chapter>
  <DVD_discid></DVD_discid>
  <DVD_episodenumber></DVD_episodenumber>
  <DVD_season></DVD_season>
  <Director>Peter O'Fallon</Director>
  <EpImgFlag>2</EpImgFlag>
  <EpisodeName>Dreams</EpisodeName>
  <EpisodeNumber>2</EpisodeNumber>
  <FirstAired>2013-01-24</FirstAired>
  <GuestStars></GuestStars>
  <IMDB_ID></IMDB_ID>
  <Language>en</Language>
  <Overview>Jim and Steve decide to break Billy out of his adult care facility to party for one more night but their plan goes awry when they are forced to take Billy’s mentally challenged roommate, Rodney, along for the ride.</Overview>
  <ProductionCode></ProductionCode>
  <Rating>8.4</Rating>
  <RatingCount>5</RatingCount>
  <SeasonNumber>1</SeasonNumber>
  <Writer>|Peter O'Fallon|Jim Jeffries|Rick Cleveland|</Writer>
  <absolute_number>2</absolute_number>
  <filename>episodes/264450/4453749.jpg</filename>
  <lastupdated>1360356208</lastupdated>
  <seasonid>506200</seasonid>
  <seriesid>264450</seriesid>
</Episode>
<Episode>
  <id>4453750</id>
  <Combined_episodenumber>3</Combined_episodenumber>
  <Combined_season>1</Combined_season>
  <DVD_chapter></DVD_chapter>
  <DVD_discid></DVD_discid>
  <DVD_episodenumber></DVD_episodenumber>
  <DVD_season></DVD_season>
  <Director>Peter O'Fallon</Director>
  <EpImgFlag>2</EpImgFlag>
  <EpisodeName>Love</EpisodeName>
  <EpisodeNumber>3</EpisodeNumber>
  <FirstAired>2013-01-31</FirstAired>
  <GuestStars></GuestStars>
  <IMDB_ID></IMDB_ID>
  <Language>en</Language>
  <Overview>Jim and Steve create a fake online dating profile to help Billy meet girls; Steve goes to a bar and tests out Jim's pick-up strategies on a co-worker.</Overview>
  <ProductionCode></ProductionCode>
  <Rating>8.4</Rating>
  <RatingCount>5</RatingCount>
  <SeasonNumber>1</SeasonNumber>
  <Writer>|Peter O'Fallon|Jim Jeffries|Rick Cleveland|</Writer>
  <absolute_number>3</absolute_number>
  <filename>episodes/264450/4453750.jpg</filename>
  <lastupdated>1359742001</lastupdated>
  <seasonid>506200</seasonid>
  <seriesid>264450</seriesid>
</Episode>
<Episode>
  <id>4453751</id>
  <Combined_episodenumber>4</Combined_episodenumber>
  <Combined_season>1</Combined_season>
  <DVD_chapter></DVD_chapter>
  <DVD_discid></DVD_discid>
  <DVD_episodenumber></DVD_episodenumber>
  <DVD_season></DVD_season>
  <Director></Director>
  <EpImgFlag>2</EpImgFlag>
  <EpisodeName>Anger</EpisodeName>
  <EpisodeNumber>4</EpisodeNumber>
  <FirstAired>2013-02-07</FirstAired>
  <GuestStars></GuestStars>
  <IMDB_ID></IMDB_ID>
  <Language>en</Language>
  <Overview>In an effort to do something nice for Steve, Jim invites him along to a gig in Omaha — but once they get on the plane Jim gets embroiled in a battle with another passenger about plane etiquette and a middle seat.</Overview>
  <ProductionCode></ProductionCode>
  <Rating>8.0</Rating>
  <RatingCount>3</RatingCount>
  <SeasonNumber>1</SeasonNumber>
  <Writer></Writer>
  <absolute_number></absolute_number>
  <filename>episodes/264450/4453751.jpg</filename>
  <lastupdated>1360951533</lastupdated>
  <seasonid>506200</seasonid>
  <seriesid>264450</seriesid>
</Episode>
<Episode>
  <id>4453752</id>
  <Combined_episodenumber>5</Combined_episodenumber>
  <Combined_season>1</Combined_season>
  <DVD_chapter></DVD_chapter>
  <DVD_discid></DVD_discid>
  <DVD_episodenumber></DVD_episodenumber>
  <DVD_season></DVD_season>
  <Director></Director>
  <EpImgFlag>2</EpImgFlag>
  <EpisodeName>Justice</EpisodeName>
  <EpisodeNumber>5</EpisodeNumber>
  <FirstAired>2013-02-14</FirstAired>
  <GuestStars></GuestStars>
  <IMDB_ID></IMDB_ID>
  <Language>en</Language>
  <Overview>Jim, Billy, and Steve are attacked in their home by two men who think they are drug dealers. The two men are put on trial as Steve, Jim, and Billy recall the events and testify against them.
</Overview>
  <ProductionCode></ProductionCode>
  <Rating>8.0</Rating>
  <RatingCount>2</RatingCount>
  <SeasonNumber>1</SeasonNumber>
  <Writer></Writer>
  <absolute_number></absolute_number>
  <filename>episodes/264450/4453752.jpg</filename>
  <lastupdated>1361057700</lastupdated>
  <seasonid>506200</seasonid>
  <seriesid>264450</seriesid>
</Episode>
<Episode>
  <id>4453753</id>
  <Combined_episodenumber>6</Combined_episodenumber>
  <Combined_season>1</Combined_season>
  <DVD_chapter></DVD_chapter>
  <DVD_discid></DVD_discid>
  <DVD_episodenumber></DVD_episodenumber>
  <DVD_season></DVD_season>
  <Director></Director>
  <EpImgFlag>2</EpImgFlag>
  <EpisodeName>Family</EpisodeName>
  <EpisodeNumber>6</EpisodeNumber>
  <FirstAired>2013-02-21</FirstAired>
  <GuestStars></GuestStars>
  <IMDB_ID></IMDB_ID>
  <Language>en</Language>
  <Overview>Jim is rejected from a youth-mentoring program. Later, Steve makes an unexpected discovery about his ex-wife. </Overview>
  <ProductionCode></ProductionCode>
  <Rating>8.0</Rating>
  <RatingCount>1</RatingCount>
  <SeasonNumber>1</SeasonNumber>
  <Writer></Writer>
  <absolute_number></absolute_number>
  <filename>episodes/264450/4453753.jpg</filename>
  <lastupdated>1362000506</lastupdated>
  <seasonid>506200</seasonid>
  <seriesid>264450</seriesid>
</Episode>
<Episode>
  <id>4453754</id>
  <Combined_episodenumber>7</Combined_episodenumber>
  <Combined_season>1</Combined_season>
  <DVD_chapter></DVD_chapter>
  <DVD_discid></DVD_discid>
  <DVD_episodenumber></DVD_episodenumber>
  <DVD_season></DVD_season>
  <Director></Director>
  <EpImgFlag>2</EpImgFlag>
  <EpisodeName>Health</EpisodeName>
  <EpisodeNumber>7</EpisodeNumber>
  <FirstAired>2013-02-28</FirstAired>
  <GuestStars></GuestStars>
  <IMDB_ID></IMDB_ID>
  <Language>en</Language>
  <Overview>After missing out on a role because of his weight, Jim turns to his good friend Andy Dick for some career advice, acting lessons and physical training. Jim ends up ruining the trainer.</Overview>
  <ProductionCode></ProductionCode>
  <Rating>8.0</Rating>
  <RatingCount>1</RatingCount>
  <SeasonNumber>1</SeasonNumber>
  <Writer></Writer>
  <absolute_number></absolute_number>
  <filename>episodes/264450/4453754.jpg</filename>
  <lastupdated>1362180721</lastupdated>
  <seasonid>506200</seasonid>
  <seriesid>264450</seriesid>
</Episode>
<Episode>
  <id>4453755</id>
  <Combined_episodenumber>8</Combined_episodenumber>
  <Combined_season>1</Combined_season>
  <DVD_chapter></DVD_chapter>
  <DVD_discid></DVD_discid>
  <DVD_episodenumber></DVD_episodenumber>
  <DVD_season></DVD_season>
  <Director></Director>
  <EpImgFlag>2</EpImgFlag>
  <EpisodeName>Hoarders</EpisodeName>
  <EpisodeNumber>8</EpisodeNumber>
  <FirstAired>2013-03-07</FirstAired>
  <GuestStars></GuestStars>
  <IMDB_ID></IMDB_ID>
  <Language>en</Language>
  <Overview>While running an errand with Steve and Billy, Jim discovers Janice has become a hoarder, forcing her husband Walter to live outside. In a misguided intervention, Jim uncovers more family secrets.</Overview>
  <ProductionCode></ProductionCode>
  <Rating>7.0</Rating>
  <RatingCount>2</RatingCount>
  <SeasonNumber>1</SeasonNumber>
  <Writer></Writer>
  <absolute_number></absolute_number>
  <filename>episodes/264450/4453755.jpg</filename>
  <lastupdated>1362942559</lastupdated>
  <seasonid>506200</seasonid>
  <seriesid>264450</seriesid>
</Episode>
<Episode>
  <id>4453756</id>
  <Combined_episodenumber>9</Combined_episodenumber>
  <Combined_season>1</Combined_season>
  <DVD_chapter></DVD_chapter>
  <DVD_discid></DVD_discid>
  <DVD_episodenumber></DVD_episodenumber>
  <DVD_season></DVD_season>
  <Director></Director>
  <EpImgFlag>2</EpImgFlag>
  <EpisodeName>Bag Lady</EpisodeName>
  <EpisodeNumber>9</EpisodeNumber>
  <FirstAired>2013-03-14</FirstAired>
  <GuestStars></GuestStars>
  <IMDB_ID></IMDB_ID>
  <Language>en</Language>
  <Overview>Jim’s house is swarmed by paparazzi after he beds a celebrity. To sneak her out of the house, he talks her into crawling into a suitcase and taking a ride in the trunk of his car.</Overview>
  <ProductionCode></ProductionCode>
  <Rating>8.0</Rating>
  <RatingCount>1</RatingCount>
  <SeasonNumber>1</SeasonNumber>
  <Writer></Writer>
  <absolute_number></absolute_number>
  <filename>episodes/264450/4453756.jpg</filename>
  <lastupdated>1363814142</lastupdated>
  <seasonid>506200</seasonid>
  <seriesid>264450</seriesid>
</Episode>
<Episode>
  <id>4453757</id>
  <Combined_episodenumber>10</Combined_episodenumber>
  <Combined_season>1</Combined_season>
  <DVD_chapter></DVD_chapter>
  <DVD_discid></DVD_discid>
  <DVD_episodenumber></DVD_episodenumber>
  <DVD_season></DVD_season>
  <Director></Director>
  <EpImgFlag>2</EpImgFlag>
  <EpisodeName>Cuckoo's Nest</EpisodeName>
  <EpisodeNumber>10</EpisodeNumber>
  <FirstAired>2013-03-21</FirstAired>
  <GuestStars></GuestStars>
  <IMDB_ID></IMDB_ID>
  <Language>en</Language>
  <Overview>Jim goes to volunteer at Billy’s adult care facility but his attempt goes wrong when Rodney escapes and Jim pisses off disabled patients by hitting on an attractive nurse that they all love.</Overview>
  <ProductionCode>YJN110</ProductionCode>
  <Rating>7.0</Rating>
  <RatingCount>2</RatingCount>
  <SeasonNumber>1</SeasonNumber>
  <Writer></Writer>
  <absolute_number>10</absolute_number>
  <filename>episodes/264450/4453757.jpg</filename>
  <lastupdated>1364019977</lastupdated>
  <seasonid>506200</seasonid>
  <seriesid>264450</seriesid>
</Episode>
<Episode>
  <id>4453758</id>
  <Combined_episodenumber>11</Combined_episodenumber>
  <Combined_season>1</Combined_season>
  <DVD_chapter></DVD_chapter>
  <DVD_discid></DVD_discid>
  <DVD_episodenumber></DVD_episodenumber>
  <DVD_season></DVD_season>
  <Director></Director>
  <EpImgFlag>2</EpImgFlag>
  <EpisodeName>Hat Hair</EpisodeName>
  <EpisodeNumber>11</EpisodeNumber>
  <FirstAired>2013-03-28</FirstAired>
  <GuestStars></GuestStars>
  <IMDB_ID></IMDB_ID>
  <Language>en</Language>
  <Overview>Jim, Steve, Billy and Rodney go to a minor league baseball game. When Jim refuses to remove his hat for a patriotic anthem, a political melee ensues.</Overview>
  <ProductionCode></ProductionCode>
  <Rating>8.0</Rating>
  <RatingCount>3</RatingCount>
  <SeasonNumber>1</SeasonNumber>
  <Writer></Writer>
  <absolute_number></absolute_number>
  <filename>episodes/264450/4453758.jpg</filename>
  <lastupdated>1364531108</lastupdated>
  <seasonid>506200</seasonid>
  <seriesid>264450</seriesid>
</Episode>
<Episode>
  <id>4453759</id>
  <Combined_episodenumber>12</Combined_episodenumber>
  <Combined_season>1</Combined_season>
  <DVD_chapter></DVD_chapter>
  <DVD_discid></DVD_discid>
  <DVD_episodenumber></DVD_episodenumber>
  <DVD_season></DVD_season>
  <Director></Director>
  <EpImgFlag>2</EpImgFlag>
  <EpisodeName>Misunderstood</EpisodeName>
  <EpisodeNumber>12</EpisodeNumber>
  <FirstAired>2013-04-04</FirstAired>
  <GuestStars></GuestStars>
  <IMDB_ID></IMDB_ID>
  <Language>en</Language>
  <Overview>An actress accuses Jim of attempted rape. Later, Steve's wife and daughter move to Cincinnati.</Overview>
  <ProductionCode></ProductionCode>
  <Rating>7.0</Rating>
  <RatingCount>2</RatingCount>
  <SeasonNumber>1</SeasonNumber>
  <Writer></Writer>
  <absolute_number></absolute_number>
  <filename>episodes/264450/4453759.jpg</filename>
  <lastupdated>1365138345</lastupdated>
  <seasonid>506200</seasonid>
  <seriesid>264450</seriesid>
</Episode>
<Episode>
  <id>4453760</id>
  <Combined_episodenumber>13</Combined_episodenumber>
  <Combined_season>1</Combined_season>
  <DVD_chapter></DVD_chapter>
  <DVD_discid></DVD_discid>
  <DVD_episodenumber></DVD_episodenumber>
  <DVD_season></DVD_season>
  <Director></Director>
  <EpImgFlag></EpImgFlag>
  <EpisodeName>Fatherhood</EpisodeName>
  <EpisodeNumber>13</EpisodeNumber>
  <FirstAired>2013-04-11</FirstAired>
  <GuestStars></GuestStars>
  <IMDB_ID></IMDB_ID>
  <Language>en</Language>
  <Overview></Overview>
  <ProductionCode></ProductionCode>
  <Rating></Rating>
  <RatingCount>0</RatingCount>
  <SeasonNumber>1</SeasonNumber>
  <Writer></Writer>
  <absolute_number></absolute_number>
  <filename></filename>
  <lastupdated>1358959333</lastupdated>
  <seasonid>506200</seasonid>
  <seriesid>264450</seriesid>
</Episode>
</Data>