<?xml version="1.0" encoding="UTF-8" ?>
<Actors>
<Actor>
  <id>80814</id>
  <Image>actors/80814.jpg</Image>
  <Name>Elaine Cassidy</Name>
  <Role>Abby Mills</Role>
  <SortOrder>0</SortOrder>
</Actor>
<Actor>
  <id>80816</id>
  <Image>actors/80816.jpg</Image>
  <Name>Katie Cassidy</Name>
  <Role>Trish Wellington</Role>
  <SortOrder>3</SortOrder>
</Actor>
<Actor>
  <id>80815</id>
  <Image>actors/80815.jpg</Image>
  <Name>Harry Hamlin</Name>
  <Role>Marty Dunn</Role>
  <SortOrder>3</SortOrder>
</Actor>
<Actor>
  <id>80813</id>
  <Image>actors/80813.jpg</Image>
  <Name>Christopher Gorham</Name>
  <Role>Henry Dunn</Role>
  <SortOrder>3</SortOrder>
</Actor>
<Actor>
  <id>80811</id>
  <Image>actors/80811.jpg</Image>
  <Name>Adam Campbell</Name>
  <Role>Cal Vendeuson</Role>
  <SortOrder>3</SortOrder>
</Actor>
<Actor>
  <id>120211</id>
  <Image>actors/120211.jpg</Image>
  <Name>Cameron Richardson</Name>
  <Role>Chloe Carter</Role>
  <SortOrder>3</SortOrder>
</Actor>
</Actors>