<?xml version="1.0" encoding="UTF-8" ?>
<Data><Series>
  <id>84084</id>
  <Actors>|Elaine Cassidy|Katie Cassidy|Harry Hamlin|Christopher Gorham|Adam Campbell|Cameron Richardson|</Actors>
  <Airs_DayOfWeek>Thursday</Airs_DayOfWeek>
  <Airs_Time>10:00 PM</Airs_Time>
  <ContentRating>TV-14</ContentRating>
  <FirstAired>2009-04-09</FirstAired>
  <Genre>|Drama|Mini-Series|</Genre>
  <IMDB_ID>tt1232320</IMDB_ID>
  <Language>en</Language>
  <Network>CBS</Network>
  <NetworkID></NetworkID>
  <Overview>Harper's Island is a murder mystery show where a group of people go to a secluded island for a wedding - and for death. It turns into a struggle for survival, where every episode someone is killed and every person is a suspect. At the end of the 13 episodes, all questions are answered and only a few survive.</Overview>
  <Rating>7.6</Rating>
  <RatingCount>39</RatingCount>
  <Runtime>60</Runtime>
  <SeriesID>75276</SeriesID>
  <SeriesName>Harper's Island</SeriesName>
  <Status>Ended</Status>
  <added>2008-12-13 06:36:24</added>
  <addedBy>4682</addedBy>
  <banner>graphical/84084-g2.jpg</banner>
  <fanart>fanart/original/84084-7.jpg</fanart>
  <lastupdated>1364740763</lastupdated>
  <poster>posters/84084-3.jpg</poster>
  <zap2it_id></zap2it_id>
</Series>
<Episode>
  <id>1174251</id>
  <Combined_episodenumber>1</Combined_episodenumber>
  <Combined_season>0</Combined_season>
  <DVD_chapter></DVD_chapter>
  <DVD_discid></DVD_discid>
  <DVD_episodenumber></DVD_episodenumber>
  <DVD_season></DVD_season>
  <Director></Director>
  <EpImgFlag>1</EpImgFlag>
  <EpisodeName>Harper's Island Unsolved</EpisodeName>
  <EpisodeNumber>1</EpisodeNumber>
  <FirstAired>2009-10-11</FirstAired>
  <GuestStars></GuestStars>
  <IMDB_ID></IMDB_ID>
  <Language>en</Language>
  <Overview>Special that gets up close and personal with US hit drama Harper's Island. Narrated by Fearne Cotton, it goes inside the terrifying world of Harper's Island with exclusive cast interviews, behind-the-scenes footage and an insight into how a top US drama is put together. The programme focuses on the key murders that have taken place during Henry and Trish's wedding week up until episode ten, plus a visit to the show;s real location - Bowen Island in Canada - with Adam Campbell, who plays Cal.</Overview>
  <ProductionCode></ProductionCode>
  <Rating></Rating>
  <RatingCount>0</RatingCount>
  <SeasonNumber>0</SeasonNumber>
  <Writer></Writer>
  <absolute_number></absolute_number>
  <airsafter_season></airsafter_season>
  <airsbefore_episode>11</airsbefore_episode>
  <airsbefore_season>1</airsbefore_season>
  <filename>episodes/84084/1174251.jpg</filename>
  <lastupdated>1255366140</lastupdated>
  <seasonid>38089</seasonid>
  <seriesid>84084</seriesid>
</Episode>
<Episode>
  <id>1200521</id>
  <Combined_episodenumber>2</Combined_episodenumber>
  <Combined_season>0</Combined_season>
  <DVD_chapter></DVD_chapter>
  <DVD_discid></DVD_discid>
  <DVD_episodenumber></DVD_episodenumber>
  <DVD_season></DVD_season>
  <Director></Director>
  <EpImgFlag>1</EpImgFlag>
  <EpisodeName>Harper's Island Solved</EpisodeName>
  <EpisodeNumber>2</EpisodeNumber>
  <FirstAired>2009-10-18</FirstAired>
  <GuestStars>Adam Campbell</GuestStars>
  <IMDB_ID></IMDB_ID>
  <Language>en</Language>
  <Overview>Special that gets up close and personal with US hit drama Haper's Island. Narrated by Fearne Cotton, it goes inside the terrifying world of Haper's Island with exclusive cast interviews, behind-the-scenes footage and an insight into how a top US drama is put together. Focusing on the killer who ran amok during Henry and Trish's wedding week, it unearths the key clues to his or her identity, as well as revisiting the show's real location in Canada with actor Adam Campbell.</Overview>
  <ProductionCode></ProductionCode>
  <Rating></Rating>
  <RatingCount>0</RatingCount>
  <SeasonNumber>0</SeasonNumber>
  <Writer></Writer>
  <absolute_number></absolute_number>
  <airsafter_season>1</airsafter_season>
  <airsbefore_episode></airsbefore_episode>
  <airsbefore_season></airsbefore_season>
  <filename>episodes/84084/1200521.jpg</filename>
  <lastupdated>1255975577</lastupdated>
  <seasonid>38089</seasonid>
  <seriesid>84084</seriesid>
</Episode>
<Episode>
  <id>4504752</id>
  <Combined_episodenumber>3</Combined_episodenumber>
  <Combined_season>0</Combined_season>
  <DVD_chapter></DVD_chapter>
  <DVD_discid></DVD_discid>
  <DVD_episodenumber></DVD_episodenumber>
  <DVD_season></DVD_season>
  <Director></Director>
  <EpImgFlag></EpImgFlag>
  <EpisodeName>Harper's Globe 1: Fresh Start on Harper's Island</EpisodeName>
  <EpisodeNumber>3</EpisodeNumber>
  <FirstAired></FirstAired>
  <GuestStars></GuestStars>
  <IMDB_ID></IMDB_ID>
  <Language>en</Language>
  <Overview></Overview>
  <ProductionCode></ProductionCode>
  <Rating></Rating>
  <RatingCount>0</RatingCount>
  <SeasonNumber>0</SeasonNumber>
  <Writer></Writer>
  <absolute_number></absolute_number>
  <airsafter_season></airsafter_season>
  <airsbefore_episode></airsbefore_episode>
  <airsbefore_season></airsbefore_season>
  <filename></filename>
  <lastupdated>1361204000</lastupdated>
  <seasonid>38089</seasonid>
  <seriesid>84084</seriesid>
</Episode>
<Episode>
  <id>4504754</id>
  <Combined_episodenumber>4</Combined_episodenumber>
  <Combined_season>0</Combined_season>
  <DVD_chapter></DVD_chapter>
  <DVD_discid></DVD_discid>
  <DVD_episodenumber></DVD_episodenumber>
  <DVD_season></DVD_season>
  <Director></Director>
  <EpImgFlag></EpImgFlag>
  <EpisodeName>Harper's Globe 2: Love and Death on Harper's Island</EpisodeName>
  <EpisodeNumber>4</EpisodeNumber>
  <FirstAired></FirstAired>
  <GuestStars></GuestStars>
  <IMDB_ID></IMDB_ID>
  <Language>en</Language>
  <Overview></Overview>
  <ProductionCode></ProductionCode>
  <Rating></Rating>
  <RatingCount>0</RatingCount>
  <SeasonNumber>0</SeasonNumber>
  <Writer></Writer>
  <absolute_number></absolute_number>
  <airsafter_season></airsafter_season>
  <airsbefore_episode></airsbefore_episode>
  <airsbefore_season></airsbefore_season>
  <filename></filename>
  <lastupdated>1361204020</lastupdated>
  <seasonid>38089</seasonid>
  <seriesid>84084</seriesid>
</Episode>
<Episode>
  <id>4504755</id>
  <Combined_episodenumber>5</Combined_episodenumber>
  <Combined_season>0</Combined_season>
  <DVD_chapter></DVD_chapter>
  <DVD_discid></DVD_discid>
  <DVD_episodenumber></DVD_episodenumber>
  <DVD_season></DVD_season>
  <Director></Director>
  <EpImgFlag></EpImgFlag>
  <EpisodeName>Harper's Globe 3: You're Not Alone on Harper's Island</EpisodeName>
  <EpisodeNumber>5</EpisodeNumber>
  <FirstAired></FirstAired>
  <GuestStars></GuestStars>
  <IMDB_ID></IMDB_ID>
  <Language>en</Language>
  <Overview></Overview>
  <ProductionCode></ProductionCode>
  <Rating></Rating>
  <RatingCount>0</RatingCount>
  <SeasonNumber>0</SeasonNumber>
  <Writer></Writer>
  <absolute_number></absolute_number>
  <airsafter_season></airsafter_season>
  <airsbefore_episode></airsbefore_episode>
  <airsbefore_season></airsbefore_season>
  <filename></filename>
  <lastupdated>1361204040</lastupdated>
  <seasonid>38089</seasonid>
  <seriesid>84084</seriesid>
</Episode>
<Episode>
  <id>4504756</id>
  <Combined_episodenumber>6</Combined_episodenumber>
  <Combined_season>0</Combined_season>
  <DVD_chapter></DVD_chapter>
  <DVD_discid></DVD_discid>
  <DVD_episodenumber></DVD_episodenumber>
  <DVD_season></DVD_season>
  <Director></Director>
  <EpImgFlag></EpImgFlag>
  <EpisodeName>Harper's Globe 4: Escape from Harper's Island</EpisodeName>
  <EpisodeNumber>6</EpisodeNumber>
  <FirstAired></FirstAired>
  <GuestStars></GuestStars>
  <IMDB_ID></IMDB_ID>
  <Language>en</Language>
  <Overview></Overview>
  <ProductionCode></ProductionCode>
  <Rating></Rating>
  <RatingCount>0</RatingCount>
  <SeasonNumber>0</SeasonNumber>
  <Writer></Writer>
  <absolute_number></absolute_number>
  <airsafter_season></airsafter_season>
  <airsbefore_episode></airsbefore_episode>
  <airsbefore_season></airsbefore_season>
  <filename></filename>
  <lastupdated>1361204059</lastupdated>
  <seasonid>38089</seasonid>
  <seriesid>84084</seriesid>
</Episode>
<Episode>
  <id>4504757</id>
  <Combined_episodenumber>7</Combined_episodenumber>
  <Combined_season>0</Combined_season>
  <DVD_chapter></DVD_chapter>
  <DVD_discid></DVD_discid>
  <DVD_episodenumber></DVD_episodenumber>
  <DVD_season></DVD_season>
  <Director></Director>
  <EpImgFlag></EpImgFlag>
  <EpisodeName>Harper's Globe 5: Attack on Harper's Island</EpisodeName>
  <EpisodeNumber>7</EpisodeNumber>
  <FirstAired></FirstAired>
  <GuestStars></GuestStars>
  <IMDB_ID></IMDB_ID>
  <Language>en</Language>
  <Overview></Overview>
  <ProductionCode></ProductionCode>
  <Rating></Rating>
  <RatingCount>0</RatingCount>
  <SeasonNumber>0</SeasonNumber>
  <Writer></Writer>
  <absolute_number></absolute_number>
  <airsafter_season></airsafter_season>
  <airsbefore_episode></airsbefore_episode>
  <airsbefore_season></airsbefore_season>
  <filename></filename>
  <lastupdated>1361204072</lastupdated>
  <seasonid>38089</seasonid>
  <seriesid>84084</seriesid>
</Episode>
<Episode>
  <id>4504758</id>
  <Combined_episodenumber>8</Combined_episodenumber>
  <Combined_season>0</Combined_season>
  <DVD_chapter></DVD_chapter>
  <DVD_discid></DVD_discid>
  <DVD_episodenumber></DVD_episodenumber>
  <DVD_season></DVD_season>
  <Director></Director>
  <EpImgFlag></EpImgFlag>
  <EpisodeName>Harper's Globe 6: The Key to Harper's Island</EpisodeName>
  <EpisodeNumber>8</EpisodeNumber>
  <FirstAired></FirstAired>
  <GuestStars></GuestStars>
  <IMDB_ID></IMDB_ID>
  <Language>en</Language>
  <Overview></Overview>
  <ProductionCode></ProductionCode>
  <Rating></Rating>
  <RatingCount>0</RatingCount>
  <SeasonNumber>0</SeasonNumber>
  <Writer></Writer>
  <absolute_number></absolute_number>
  <airsafter_season></airsafter_season>
  <airsbefore_episode></airsbefore_episode>
  <airsbefore_season></airsbefore_season>
  <filename></filename>
  <lastupdated>1361204089</lastupdated>
  <seasonid>38089</seasonid>
  <seriesid>84084</seriesid>
</Episode>
<Episode>
  <id>4504759</id>
  <Combined_episodenumber>9</Combined_episodenumber>
  <Combined_season>0</Combined_season>
  <DVD_chapter></DVD_chapter>
  <DVD_discid></DVD_discid>
  <DVD_episodenumber></DVD_episodenumber>
  <DVD_season></DVD_season>
  <Director></Director>
  <EpImgFlag></EpImgFlag>
  <EpisodeName>Harper's Globe 7: Breaking Into Harper's Island</EpisodeName>
  <EpisodeNumber>9</EpisodeNumber>
  <FirstAired></FirstAired>
  <GuestStars></GuestStars>
  <IMDB_ID></IMDB_ID>
  <Language>en</Language>
  <Overview></Overview>
  <ProductionCode></ProductionCode>
  <Rating></Rating>
  <RatingCount>0</RatingCount>
  <SeasonNumber>0</SeasonNumber>
  <Writer></Writer>
  <absolute_number></absolute_number>
  <airsafter_season></airsafter_season>
  <airsbefore_episode></airsbefore_episode>
  <airsbefore_season></airsbefore_season>
  <filename></filename>
  <lastupdated>1361204103</lastupdated>
  <seasonid>38089</seasonid>
  <seriesid>84084</seriesid>
</Episode>
<Episode>
  <id>4504760</id>
  <Combined_episodenumber>10</Combined_episodenumber>
  <Combined_season>0</Combined_season>
  <DVD_chapter></DVD_chapter>
  <DVD_discid></DVD_discid>
  <DVD_episodenumber></DVD_episodenumber>
  <DVD_season></DVD_season>
  <Director></Director>
  <EpImgFlag></EpImgFlag>
  <EpisodeName>Harper's Globe 8: Caught on Tape on Harper's Island</EpisodeName>
  <EpisodeNumber>10</EpisodeNumber>
  <FirstAired></FirstAired>
  <GuestStars></GuestStars>
  <IMDB_ID></IMDB_ID>
  <Language>en</Language>
  <Overview></Overview>
  <ProductionCode></ProductionCode>
  <Rating></Rating>
  <RatingCount>0</RatingCount>
  <SeasonNumber>0</SeasonNumber>
  <Writer></Writer>
  <absolute_number></absolute_number>
  <airsafter_season></airsafter_season>
  <airsbefore_episode></airsbefore_episode>
  <airsbefore_season></airsbefore_season>
  <filename></filename>
  <lastupdated>1361204118</lastupdated>
  <seasonid>38089</seasonid>
  <seriesid>84084</seriesid>
</Episode>
<Episode>
  <id>4504761</id>
  <Combined_episodenumber>11</Combined_episodenumber>
  <Combined_season>0</Combined_season>
  <DVD_chapter></DVD_chapter>
  <DVD_discid></DVD_discid>
  <DVD_episodenumber></DVD_episodenumber>
  <DVD_season></DVD_season>
  <Director></Director>
  <EpImgFlag></EpImgFlag>
  <EpisodeName>Harper's Globe 9: Who Can You Trust on Harper's Island</EpisodeName>
  <EpisodeNumber>11</EpisodeNumber>
  <FirstAired></FirstAired>
  <GuestStars></GuestStars>
  <IMDB_ID></IMDB_ID>
  <Language>en</Language>
  <Overview></Overview>
  <ProductionCode></ProductionCode>
  <Rating></Rating>
  <RatingCount>0</RatingCount>
  <SeasonNumber>0</SeasonNumber>
  <Writer></Writer>
  <absolute_number></absolute_number>
  <airsafter_season></airsafter_season>
  <airsbefore_episode></airsbefore_episode>
  <airsbefore_season></airsbefore_season>
  <filename></filename>
  <lastupdated>1361204135</lastupdated>
  <seasonid>38089</seasonid>
  <seriesid>84084</seriesid>
</Episode>
<Episode>
  <id>4504762</id>
  <Combined_episodenumber>12</Combined_episodenumber>
  <Combined_season>0</Combined_season>
  <DVD_chapter></DVD_chapter>
  <DVD_discid></DVD_discid>
  <DVD_episodenumber></DVD_episodenumber>
  <DVD_season></DVD_season>
  <Director></Director>
  <EpImgFlag></EpImgFlag>
  <EpisodeName>Harper's Globe 10: The Killer Lurks on Harper's Island</EpisodeName>
  <EpisodeNumber>12</EpisodeNumber>
  <FirstAired></FirstAired>
  <GuestStars></GuestStars>
  <IMDB_ID></IMDB_ID>
  <Language>en</Language>
  <Overview></Overview>
  <ProductionCode></ProductionCode>
  <Rating></Rating>
  <RatingCount>0</RatingCount>
  <SeasonNumber>0</SeasonNumber>
  <Writer></Writer>
  <absolute_number></absolute_number>
  <airsafter_season></airsafter_season>
  <airsbefore_episode></airsbefore_episode>
  <airsbefore_season></airsbefore_season>
  <filename></filename>
  <lastupdated>1361204153</lastupdated>
  <seasonid>38089</seasonid>
  <seriesid>84084</seriesid>
</Episode>
<Episode>
  <id>4504763</id>
  <Combined_episodenumber>13</Combined_episodenumber>
  <Combined_season>0</Combined_season>
  <DVD_chapter></DVD_chapter>
  <DVD_discid></DVD_discid>
  <DVD_episodenumber></DVD_episodenumber>
  <DVD_season></DVD_season>
  <Director></Director>
  <EpImgFlag></EpImgFlag>
  <EpisodeName>Harper's Globe 11: The Hunt is on Harper's Island</EpisodeName>
  <EpisodeNumber>13</EpisodeNumber>
  <FirstAired></FirstAired>
  <GuestStars></GuestStars>
  <IMDB_ID></IMDB_ID>
  <Language>en</Language>
  <Overview></Overview>
  <ProductionCode></ProductionCode>
  <Rating></Rating>
  <RatingCount>0</RatingCount>
  <SeasonNumber>0</SeasonNumber>
  <Writer></Writer>
  <absolute_number></absolute_number>
  <airsafter_season></airsafter_season>
  <airsbefore_episode></airsbefore_episode>
  <airsbefore_season></airsbefore_season>
  <filename></filename>
  <lastupdated>1361204174</lastupdated>
  <seasonid>38089</seasonid>
  <seriesid>84084</seriesid>
</Episode>
<Episode>
  <id>4504764</id>
  <Combined_episodenumber>14</Combined_episodenumber>
  <Combined_season>0</Combined_season>
  <DVD_chapter></DVD_chapter>
  <DVD_discid></DVD_discid>
  <DVD_episodenumber></DVD_episodenumber>
  <DVD_season></DVD_season>
  <Director></Director>
  <EpImgFlag></EpImgFlag>
  <EpisodeName>Harper's Globe 12: Lost and Found on Harper's Island</EpisodeName>
  <EpisodeNumber>14</EpisodeNumber>
  <FirstAired></FirstAired>
  <GuestStars></GuestStars>
  <IMDB_ID></IMDB_ID>
  <Language>en</Language>
  <Overview></Overview>
  <ProductionCode></ProductionCode>
  <Rating></Rating>
  <RatingCount>0</RatingCount>
  <SeasonNumber>0</SeasonNumber>
  <Writer></Writer>
  <absolute_number></absolute_number>
  <airsafter_season></airsafter_season>
  <airsbefore_episode></airsbefore_episode>
  <airsbefore_season></airsbefore_season>
  <filename></filename>
  <lastupdated>1361204193</lastupdated>
  <seasonid>38089</seasonid>
  <seriesid>84084</seriesid>
</Episode>
<Episode>
  <id>4504765</id>
  <Combined_episodenumber>15</Combined_episodenumber>
  <Combined_season>0</Combined_season>
  <DVD_chapter></DVD_chapter>
  <DVD_discid></DVD_discid>
  <DVD_episodenumber></DVD_episodenumber>
  <DVD_season></DVD_season>
  <Director></Director>
  <EpImgFlag></EpImgFlag>
  <EpisodeName>Harper's Globe 13: The Past Revealed on Harper's Island</EpisodeName>
  <EpisodeNumber>15</EpisodeNumber>
  <FirstAired></FirstAired>
  <GuestStars></GuestStars>
  <IMDB_ID></IMDB_ID>
  <Language>en</Language>
  <Overview></Overview>
  <ProductionCode></ProductionCode>
  <Rating></Rating>
  <RatingCount>0</RatingCount>
  <SeasonNumber>0</SeasonNumber>
  <Writer></Writer>
  <absolute_number></absolute_number>
  <airsafter_season></airsafter_season>
  <airsbefore_episode></airsbefore_episode>
  <airsbefore_season></airsbefore_season>
  <filename></filename>
  <lastupdated>1361204209</lastupdated>
  <seasonid>38089</seasonid>
  <seriesid>84084</seriesid>
</Episode>
<Episode>
  <id>4504766</id>
  <Combined_episodenumber>16</Combined_episodenumber>
  <Combined_season>0</Combined_season>
  <DVD_chapter></DVD_chapter>
  <DVD_discid></DVD_discid>
  <DVD_episodenumber></DVD_episodenumber>
  <DVD_season></DVD_season>
  <Director></Director>
  <EpImgFlag></EpImgFlag>
  <EpisodeName>Harper's Globe 14: You Can Never Leave Harper's Island</EpisodeName>
  <EpisodeNumber>16</EpisodeNumber>
  <FirstAired></FirstAired>
  <GuestStars></GuestStars>
  <IMDB_ID></IMDB_ID>
  <Language>en</Language>
  <Overview></Overview>
  <ProductionCode></ProductionCode>
  <Rating></Rating>
  <RatingCount>0</RatingCount>
  <SeasonNumber>0</SeasonNumber>
  <Writer></Writer>
  <absolute_number></absolute_number>
  <airsafter_season></airsafter_season>
  <airsbefore_episode></airsbefore_episode>
  <airsbefore_season></airsbefore_season>
  <filename></filename>
  <lastupdated>1361204229</lastupdated>
  <seasonid>38089</seasonid>
  <seriesid>84084</seriesid>
</Episode>
<Episode>
  <id>4504767</id>
  <Combined_episodenumber>17</Combined_episodenumber>
  <Combined_season>0</Combined_season>
  <DVD_chapter></DVD_chapter>
  <DVD_discid></DVD_discid>
  <DVD_episodenumber></DVD_episodenumber>
  <DVD_season></DVD_season>
  <Director></Director>
  <EpImgFlag></EpImgFlag>
  <EpisodeName>Harper's Globe 15: There is Only One Way Out on Harper's Island</EpisodeName>
  <EpisodeNumber>17</EpisodeNumber>
  <FirstAired></FirstAired>
  <GuestStars></GuestStars>
  <IMDB_ID></IMDB_ID>
  <Language>en</Language>
  <Overview></Overview>
  <ProductionCode></ProductionCode>
  <Rating></Rating>
  <RatingCount>0</RatingCount>
  <SeasonNumber>0</SeasonNumber>
  <Writer></Writer>
  <absolute_number></absolute_number>
  <airsafter_season></airsafter_season>
  <airsbefore_episode></airsbefore_episode>
  <airsbefore_season></airsbefore_season>
  <filename></filename>
  <lastupdated>1361204248</lastupdated>
  <seasonid>38089</seasonid>
  <seriesid>84084</seriesid>
</Episode>
<Episode>
  <id>4504768</id>
  <Combined_episodenumber>18</Combined_episodenumber>
  <Combined_season>0</Combined_season>
  <DVD_chapter></DVD_chapter>
  <DVD_discid></DVD_discid>
  <DVD_episodenumber></DVD_episodenumber>
  <DVD_season></DVD_season>
  <Director></Director>
  <EpImgFlag></EpImgFlag>
  <EpisodeName>Harper's Globe 16: Surviving Harper's Island</EpisodeName>
  <EpisodeNumber>18</EpisodeNumber>
  <FirstAired></FirstAired>
  <GuestStars></GuestStars>
  <IMDB_ID></IMDB_ID>
  <Language>en</Language>
  <Overview></Overview>
  <ProductionCode></ProductionCode>
  <Rating></Rating>
  <RatingCount>0</RatingCount>
  <SeasonNumber>0</SeasonNumber>
  <Writer></Writer>
  <absolute_number></absolute_number>
  <airsafter_season></airsafter_season>
  <airsbefore_episode></airsbefore_episode>
  <airsbefore_season></airsbefore_season>
  <filename></filename>
  <lastupdated>1361204264</lastupdated>
  <seasonid>38089</seasonid>
  <seriesid>84084</seriesid>
</Episode>
<Episode>
  <id>4506748</id>
  <Combined_episodenumber>19</Combined_episodenumber>
  <Combined_season>0</Combined_season>
  <DVD_chapter></DVD_chapter>
  <DVD_discid></DVD_discid>
  <DVD_episodenumber></DVD_episodenumber>
  <DVD_season></DVD_season>
  <Director></Director>
  <EpImgFlag></EpImgFlag>
  <EpisodeName>One by One: The Making of Harper's Island</EpisodeName>
  <EpisodeNumber>19</EpisodeNumber>
  <FirstAired></FirstAired>
  <GuestStars></GuestStars>
  <IMDB_ID></IMDB_ID>
  <Language>en</Language>
  <Overview></Overview>
  <ProductionCode></ProductionCode>
  <Rating></Rating>
  <RatingCount>0</RatingCount>
  <SeasonNumber>0</SeasonNumber>
  <Writer></Writer>
  <absolute_number></absolute_number>
  <airsafter_season></airsafter_season>
  <airsbefore_episode></airsbefore_episode>
  <airsbefore_season></airsbefore_season>
  <filename></filename>
  <lastupdated>1361520517</lastupdated>
  <seasonid>38089</seasonid>
  <seriesid>84084</seriesid>
</Episode>
<Episode>
  <id>415106</id>
  <Combined_episodenumber>1</Combined_episodenumber>
  <Combined_season>1</Combined_season>
  <DVD_chapter></DVD_chapter>
  <DVD_discid></DVD_discid>
  <DVD_episodenumber></DVD_episodenumber>
  <DVD_season></DVD_season>
  <Director>Jon Turteltaub</Director>
  <EpImgFlag>1</EpImgFlag>
  <EpisodeName>Whap</EpisodeName>
  <EpisodeNumber>1</EpisodeNumber>
  <FirstAired>2009-04-09</FirstAired>
  <GuestStars></GuestStars>
  <IMDB_ID></IMDB_ID>
  <Language>en</Language>
  <Overview>Abby Mills returns to Harper's Island for the wedding celebration of her best friend, Henry Dunn, and his fiance, Trish Wellington. Abby hasn't been home in seven years, since her mother and five others were murdered by John Wakefield. </Overview>
  <ProductionCode></ProductionCode>
  <Rating>7.2</Rating>
  <RatingCount>47</RatingCount>
  <SeasonNumber>1</SeasonNumber>
  <Writer>Ari Schlossberg</Writer>
  <absolute_number></absolute_number>
  <filename>episodes/84084/415106.jpg</filename>
  <lastupdated>1364740763</lastupdated>
  <seasonid>38090</seasonid>
  <seriesid>84084</seriesid>
</Episode>
<Episode>
  <id>513941</id>
  <Combined_episodenumber>2</Combined_episodenumber>
  <Combined_season>1</Combined_season>
  <DVD_chapter></DVD_chapter>
  <DVD_discid></DVD_discid>
  <DVD_episodenumber></DVD_episodenumber>
  <DVD_season></DVD_season>
  <Director>Stanford Bookstaver</Director>
  <EpImgFlag>2</EpImgFlag>
  <EpisodeName>Crackle</EpisodeName>
  <EpisodeNumber>2</EpisodeNumber>
  <FirstAired>2009-04-16</FirstAired>
  <GuestStars></GuestStars>
  <IMDB_ID></IMDB_ID>
  <Language>en</Language>
  <Overview>The wedding party heads out on a scavenger hunt. While out, Trish meets up with an old flame, Henry talks to the locals, and Abby runs into a friend who has been haunted by John Wakefield.

</Overview>
  <ProductionCode></ProductionCode>
  <Rating>7.0</Rating>
  <RatingCount>36</RatingCount>
  <SeasonNumber>1</SeasonNumber>
  <Writer>Jeffrey Bell</Writer>
  <absolute_number></absolute_number>
  <filename>episodes/84084/513941.jpg</filename>
  <lastupdated>1299693199</lastupdated>
  <seasonid>38090</seasonid>
  <seriesid>84084</seriesid>
</Episode>
<Episode>
  <id>513951</id>
  <Combined_episodenumber>3</Combined_episodenumber>
  <Combined_season>1</Combined_season>
  <DVD_chapter></DVD_chapter>
  <DVD_discid></DVD_discid>
  <DVD_episodenumber></DVD_episodenumber>
  <DVD_season></DVD_season>
  <Director>Stanford Bookstaver</Director>
  <EpImgFlag>2</EpImgFlag>
  <EpisodeName>Ka-Blam</EpisodeName>
  <EpisodeNumber>3</EpisodeNumber>
  <FirstAired>2009-04-23</FirstAired>
  <GuestStars></GuestStars>
  <IMDB_ID></IMDB_ID>
  <Language>en</Language>
  <Overview>When a local girl’s death is ruled a suicide, Abby challenges her father, the Sheriff, to investigate what really happened. As the wedding approaches, Trish must come to a decision about Hunter.</Overview>
  <ProductionCode></ProductionCode>
  <Rating>7.2</Rating>
  <RatingCount>35</RatingCount>
  <SeasonNumber>1</SeasonNumber>
  <Writer>Jeffrey Bell</Writer>
  <absolute_number></absolute_number>
  <filename>episodes/84084/513951.jpg</filename>
  <lastupdated>1336641392</lastupdated>
  <seasonid>38090</seasonid>
  <seriesid>84084</seriesid>
</Episode>
<Episode>
  <id>513961</id>
  <Combined_episodenumber>4</Combined_episodenumber>
  <Combined_season>1</Combined_season>
  <DVD_chapter></DVD_chapter>
  <DVD_discid></DVD_discid>
  <DVD_episodenumber></DVD_episodenumber>
  <DVD_season></DVD_season>
  <Director>Guy Bee</Director>
  <EpImgFlag>2</EpImgFlag>
  <EpisodeName>Bang</EpisodeName>
  <EpisodeNumber>4</EpisodeNumber>
  <FirstAired>2009-05-02</FirstAired>
  <GuestStars></GuestStars>
  <IMDB_ID></IMDB_ID>
  <Language>en</Language>
  <Overview>The groomsmen take Henry fishing for his bachelor party and make a gruesome discovery. The bridesmaids celebrate Trish's final days as a bachelorette with a psychic who has a very strong reaction to Abby.</Overview>
  <ProductionCode></ProductionCode>
  <Rating>7.3</Rating>
  <RatingCount>28</RatingCount>
  <SeasonNumber>1</SeasonNumber>
  <Writer>Lindsay Sturman</Writer>
  <absolute_number></absolute_number>
  <filename>episodes/84084/513961.jpg</filename>
  <lastupdated>1299693253</lastupdated>
  <seasonid>38090</seasonid>
  <seriesid>84084</seriesid>
</Episode>
<Episode>
  <id>513971</id>
  <Combined_episodenumber>5</Combined_episodenumber>
  <Combined_season>1</Combined_season>
  <DVD_chapter></DVD_chapter>
  <DVD_discid></DVD_discid>
  <DVD_episodenumber></DVD_episodenumber>
  <DVD_season></DVD_season>
  <Director>Steve Gomer</Director>
  <EpImgFlag>2</EpImgFlag>
  <EpisodeName>Thwack</EpisodeName>
  <EpisodeNumber>5</EpisodeNumber>
  <FirstAired>2009-05-09</FirstAired>
  <GuestStars></GuestStars>
  <IMDB_ID></IMDB_ID>
  <Language>en</Language>
  <Overview>A father/daughter bike ride in the woods leads to a startling revelation. Abby uncovers the Sheriff's secret obsession as Trish and Henry's wedding rehearsal takes an unexpected turn.</Overview>
  <ProductionCode></ProductionCode>
  <Rating>7.5</Rating>
  <RatingCount>29</RatingCount>
  <SeasonNumber>1</SeasonNumber>
  <Writer>Tyler Bensinger</Writer>
  <absolute_number></absolute_number>
  <filename>episodes/84084/513971.jpg</filename>
  <lastupdated>1299693275</lastupdated>
  <seasonid>38090</seasonid>
  <seriesid>84084</seriesid>
</Episode>
<Episode>
  <id>604491</id>
  <Combined_episodenumber>6</Combined_episodenumber>
  <Combined_season>1</Combined_season>
  <DVD_chapter></DVD_chapter>
  <DVD_discid></DVD_discid>
  <DVD_episodenumber></DVD_episodenumber>
  <DVD_season></DVD_season>
  <Director>James Whitmore Jr.</Director>
  <EpImgFlag>2</EpImgFlag>
  <EpisodeName>Sploosh</EpisodeName>
  <EpisodeNumber>6</EpisodeNumber>
  <FirstAired>2009-05-23</FirstAired>
  <GuestStars></GuestStars>
  <IMDB_ID></IMDB_ID>
  <Language>en</Language>
  <Overview>With the wedding party reeling after the deadly events at the rehearsal, Abby, Henry and J.D. take matters into their own hands as they try and solve the murder.</Overview>
  <ProductionCode></ProductionCode>
  <Rating>7.4</Rating>
  <RatingCount>29</RatingCount>
  <SeasonNumber>1</SeasonNumber>
  <Writer>Robert Levine</Writer>
  <absolute_number></absolute_number>
  <filename>episodes/84084/604491.jpg</filename>
  <lastupdated>1299693293</lastupdated>
  <seasonid>38090</seasonid>
  <seriesid>84084</seriesid>
</Episode>
<Episode>
  <id>695291</id>
  <Combined_episodenumber>7</Combined_episodenumber>
  <Combined_season>1</Combined_season>
  <DVD_chapter></DVD_chapter>
  <DVD_discid></DVD_discid>
  <DVD_episodenumber></DVD_episodenumber>
  <DVD_season></DVD_season>
  <Director>Scott Peters</Director>
  <EpImgFlag>2</EpImgFlag>
  <EpisodeName>Thrack, Splat, Sizzle</EpisodeName>
  <EpisodeNumber>7</EpisodeNumber>
  <FirstAired>2009-05-30</FirstAired>
  <GuestStars></GuestStars>
  <IMDB_ID></IMDB_ID>
  <Language>en</Language>
  <Overview>The wedding guests begin preparing to leave the island but the Sheriff suspects that one of them is the killer. Some new information reveals an eerie connection between Abby and Wakefield.</Overview>
  <ProductionCode></ProductionCode>
  <Rating>7.1</Rating>
  <RatingCount>30</RatingCount>
  <SeasonNumber>1</SeasonNumber>
  <Writer>Jeffrey Bell</Writer>
  <absolute_number></absolute_number>
  <filename>episodes/84084/695291.jpg</filename>
  <lastupdated>1339236354</lastupdated>
  <seasonid>38090</seasonid>
  <seriesid>84084</seriesid>
</Episode>
<Episode>
  <id>695301</id>
  <Combined_episodenumber>8</Combined_episodenumber>
  <Combined_season>1</Combined_season>
  <DVD_chapter></DVD_chapter>
  <DVD_discid></DVD_discid>
  <DVD_episodenumber></DVD_episodenumber>
  <DVD_season></DVD_season>
  <Director>Rick Bota</Director>
  <EpImgFlag>2</EpImgFlag>
  <EpisodeName>Gurgle</EpisodeName>
  <EpisodeNumber>8</EpisodeNumber>
  <FirstAired>2009-06-06</FirstAired>
  <GuestStars></GuestStars>
  <IMDB_ID></IMDB_ID>
  <Language>en</Language>
  <Overview>As the guests get ready to leave the island, one guest mysteriously disappears. Abby receives a phone call from someone threatening to kill the missing guest if anyone leaves the island.</Overview>
  <ProductionCode></ProductionCode>
  <Rating>7.3</Rating>
  <RatingCount>28</RatingCount>
  <SeasonNumber>1</SeasonNumber>
  <Writer>Tyler Bensinger</Writer>
  <absolute_number></absolute_number>
  <filename>episodes/84084/695301.jpg</filename>
  <lastupdated>1299693330</lastupdated>
  <seasonid>38090</seasonid>
  <seriesid>84084</seriesid>
</Episode>
<Episode>
  <id>695311</id>
  <Combined_episodenumber>9</Combined_episodenumber>
  <Combined_season>1</Combined_season>
  <DVD_chapter></DVD_chapter>
  <DVD_discid></DVD_discid>
  <DVD_episodenumber></DVD_episodenumber>
  <DVD_season></DVD_season>
  <Director>Craig Baxley Jr.</Director>
  <EpImgFlag>2</EpImgFlag>
  <EpisodeName>Seep</EpisodeName>
  <EpisodeNumber>9</EpisodeNumber>
  <FirstAired>2009-06-13</FirstAired>
  <GuestStars></GuestStars>
  <IMDB_ID></IMDB_ID>
  <Language>en</Language>
  <Overview>The group turn against each other. However they find a map and are forced to come together to find  Madison.</Overview>
  <ProductionCode></ProductionCode>
  <Rating>7.6</Rating>
  <RatingCount>28</RatingCount>
  <SeasonNumber>1</SeasonNumber>
  <Writer>Nichelle Tramble Spellman</Writer>
  <absolute_number></absolute_number>
  <filename>episodes/84084/695311.jpg</filename>
  <lastupdated>1299693342</lastupdated>
  <seasonid>38090</seasonid>
  <seriesid>84084</seriesid>
</Episode>
<Episode>
  <id>757351</id>
  <Combined_episodenumber>10</Combined_episodenumber>
  <Combined_season>1</Combined_season>
  <DVD_chapter></DVD_chapter>
  <DVD_discid></DVD_discid>
  <DVD_episodenumber></DVD_episodenumber>
  <DVD_season></DVD_season>
  <Director>Steve Boyum</Director>
  <EpImgFlag>1</EpImgFlag>
  <EpisodeName>Snap</EpisodeName>
  <EpisodeNumber>10</EpisodeNumber>
  <FirstAired>2009-06-20</FirstAired>
  <GuestStars>Matt Barr as Christopher</GuestStars>
  <IMDB_ID></IMDB_ID>
  <Language>en</Language>
  <Overview>An attempt to leave the island after Katherine has been killed turns into a disaster that will keep the remaining members of the wedding trapped for now. Meanwhile they find out a secret that will leave them reeling, and four more victims are claimed. </Overview>
  <ProductionCode></ProductionCode>
  <Rating>7.7</Rating>
  <RatingCount>27</RatingCount>
  <SeasonNumber>1</SeasonNumber>
  <Writer>Christine Roum</Writer>
  <absolute_number></absolute_number>
  <filename>episodes/84084/757351.jpg</filename>
  <lastupdated>1299693360</lastupdated>
  <seasonid>38090</seasonid>
  <seriesid>84084</seriesid>
</Episode>
<Episode>
  <id>784941</id>
  <Combined_episodenumber>11</Combined_episodenumber>
  <Combined_season>1</Combined_season>
  <DVD_chapter></DVD_chapter>
  <DVD_discid></DVD_discid>
  <DVD_episodenumber></DVD_episodenumber>
  <DVD_season></DVD_season>
  <Director>Rick Bota</Director>
  <EpImgFlag>1</EpImgFlag>
  <EpisodeName>Splash</EpisodeName>
  <EpisodeNumber>11</EpisodeNumber>
  <FirstAired>2009-06-27</FirstAired>
  <GuestStars>Callum Keith Rennie</GuestStars>
  <IMDB_ID></IMDB_ID>
  <Language>en</Language>
  <Overview>Abby confronts the killer, but the guests start thinking he may have an accomplice. Another guest dies and another goes missing.</Overview>
  <ProductionCode></ProductionCode>
  <Rating>7.3</Rating>
  <RatingCount>24</RatingCount>
  <SeasonNumber>1</SeasonNumber>
  <Writer>Dan Shotz</Writer>
  <absolute_number></absolute_number>
  <filename>episodes/84084/784941.jpg</filename>
  <lastupdated>1299693375</lastupdated>
  <seasonid>38090</seasonid>
  <seriesid>84084</seriesid>
</Episode>
<Episode>
  <id>816501</id>
  <Combined_episodenumber>12</Combined_episodenumber>
  <Combined_season>1</Combined_season>
  <DVD_chapter></DVD_chapter>
  <DVD_discid></DVD_discid>
  <DVD_episodenumber></DVD_episodenumber>
  <DVD_season></DVD_season>
  <Director>Seith Mann</Director>
  <EpImgFlag>2</EpImgFlag>
  <EpisodeName>Gasp</EpisodeName>
  <EpisodeNumber>12</EpisodeNumber>
  <FirstAired>2009-07-11</FirstAired>
  <GuestStars>Callum Keith Rennie</GuestStars>
  <IMDB_ID></IMDB_ID>
  <Language>en</Language>
  <Overview>Eight of the suspects battle for survival as the truth is revealed. </Overview>
  <ProductionCode></ProductionCode>
  <Rating>7.3</Rating>
  <RatingCount>23</RatingCount>
  <SeasonNumber>1</SeasonNumber>
  <Writer>Robert Levine,Christine Roum</Writer>
  <absolute_number></absolute_number>
  <filename>episodes/84084/816501.jpg</filename>
  <lastupdated>1299693401</lastupdated>
  <seasonid>38090</seasonid>
  <seriesid>84084</seriesid>
</Episode>
<Episode>
  <id>816511</id>
  <Combined_episodenumber>13</Combined_episodenumber>
  <Combined_season>1</Combined_season>
  <DVD_chapter></DVD_chapter>
  <DVD_discid></DVD_discid>
  <DVD_episodenumber></DVD_episodenumber>
  <DVD_season></DVD_season>
  <Director>Seith Mann</Director>
  <EpImgFlag>2</EpImgFlag>
  <EpisodeName>Sigh</EpisodeName>
  <EpisodeNumber>13</EpisodeNumber>
  <FirstAired>2009-07-11</FirstAired>
  <GuestStars>Callum Keith Rennie</GuestStars>
  <IMDB_ID></IMDB_ID>
  <Language>en</Language>
  <Overview>The answers are finally unveiled in the season finale.</Overview>
  <ProductionCode></ProductionCode>
  <Rating>6.7</Rating>
  <RatingCount>27</RatingCount>
  <SeasonNumber>1</SeasonNumber>
  <Writer>Christine Roum, Robert Levine</Writer>
  <absolute_number></absolute_number>
  <filename>episodes/84084/816511.jpg</filename>
  <lastupdated>1313914213</lastupdated>
  <seasonid>38090</seasonid>
  <seriesid>84084</seriesid>
</Episode>
</Data>