<?xml version="1.0" encoding="UTF-8" ?>
<Actors>
<Actor>
  <id>284670</id>
  <Image>actors/284670.jpg</Image>
  <Name>Peter Dinklage</Name>
  <Role>Tyrion Lannister</Role>
  <SortOrder>0</SortOrder>
</Actor>
<Actor>
  <id>284665</id>
  <Image>actors/284665.jpg</Image>
  <Name>Maisie Williams</Name>
  <Role>Arya Stark</Role>
  <SortOrder>0</SortOrder>
</Actor>
<Actor>
  <id>224041</id>
  <Image>actors/224041.jpg</Image>
  <Name>Emilia Clarke</Name>
  <Role>Daenerys Targaryen</Role>
  <SortOrder>0</SortOrder>
</Actor>
<Actor>
  <id>120821</id>
  <Image>actors/120821.jpg</Image>
  <Name>Michelle Fairley</Name>
  <Role>Catelyn Stark</Role>
  <SortOrder>1</SortOrder>
</Actor>
<Actor>
  <id>120801</id>
  <Image>actors/120801.jpg</Image>
  <Name>Lena Headey</Name>
  <Role>Cersei Lannister</Role>
  <SortOrder>1</SortOrder>
</Actor>
<Actor>
  <id>120791</id>
  <Image>actors/120791.jpg</Image>
  <Name>Nikolaj Coster-Waldau</Name>
  <Role>Jamie Lannister</Role>
  <SortOrder>1</SortOrder>
</Actor>
<Actor>
  <id>299787</id>
  <Image>actors/299787.jpg</Image>
  <Name>Oona Chaplin</Name>
  <Role>Talisa Maegyr</Role>
  <SortOrder>2</SortOrder>
</Actor>
<Actor>
  <id>299668</id>
  <Image>actors/299668.jpg</Image>
  <Name>Charles Dance</Name>
  <Role>Tywin Lannister</Role>
  <SortOrder>2</SortOrder>
</Actor>
<Actor>
  <id>299536</id>
  <Image>actors/299536.jpg</Image>
  <Name>Esmé Bianco</Name>
  <Role>Ros</Role>
  <SortOrder>2</SortOrder>
</Actor>
<Actor>
  <id>299534</id>
  <Image>actors/299534.jpg</Image>
  <Name>Natalie Dormer</Name>
  <Role>Margaery Tyrell</Role>
  <SortOrder>2</SortOrder>
</Actor>
<Actor>
  <id>297843</id>
  <Image>actors/297843.jpg</Image>
  <Name>Carice van Houten</Name>
  <Role>Melisandre of Asshai</Role>
  <SortOrder>2</SortOrder>
</Actor>
<Actor>
  <id>284669</id>
  <Image>actors/284669.jpg</Image>
  <Name>Sophie Turner</Name>
  <Role>Sansa Stark</Role>
  <SortOrder>2</SortOrder>
</Actor>
<Actor>
  <id>284355</id>
  <Image>actors/284355.jpg</Image>
  <Name>Isaac Hempstead-Wright</Name>
  <Role>Bran Stark</Role>
  <SortOrder>2</SortOrder>
</Actor>
<Actor>
  <id>309869</id>
  <Image>actors/309869.jpg</Image>
  <Name>Hannah Murray</Name>
  <Role>Gilly</Role>
  <SortOrder>3</SortOrder>
</Actor>
<Actor>
  <id>309866</id>
  <Image>actors/309866.jpg</Image>
  <Name>Amrita Acharia</Name>
  <Role>Irri</Role>
  <SortOrder>3</SortOrder>
</Actor>
<Actor>
  <id>308176</id>
  <Image>actors/308176.jpg</Image>
  <Name>Aimee Richardson</Name>
  <Role>Myrcella Baratheon</Role>
  <SortOrder>3</SortOrder>
</Actor>
<Actor>
  <id>308175</id>
  <Image>actors/308175.jpg</Image>
  <Name>Eugene Simon</Name>
  <Role>Lancel Lannister</Role>
  <SortOrder>3</SortOrder>
</Actor>
<Actor>
  <id>308174</id>
  <Image>actors/308174.jpg</Image>
  <Name>Joseph Mawle</Name>
  <Role>Benjen Stark</Role>
  <SortOrder>3</SortOrder>
</Actor>
<Actor>
  <id>308173</id>
  <Image>actors/308173.jpg</Image>
  <Name>Ron Donachie</Name>
  <Role>Rodrik Cassel</Role>
  <SortOrder>3</SortOrder>
</Actor>
<Actor>
  <id>308172</id>
  <Image>actors/308172.jpg</Image>
  <Name>Lino Facioli</Name>
  <Role>Robin Arryn</Role>
  <SortOrder>3</SortOrder>
</Actor>
<Actor>
  <id>299789</id>
  <Image>actors/299789.jpg</Image>
  <Name>Elyes Gabel</Name>
  <Role>Rakharo</Role>
  <SortOrder>3</SortOrder>
</Actor>
<Actor>
  <id>299788</id>
  <Image>actors/299788.jpg</Image>
  <Name>Nonso Anozie</Name>
  <Role>Xaro Xhoan Daxos</Role>
  <SortOrder>3</SortOrder>
</Actor>
<Actor>
  <id>299786</id>
  <Image>actors/299786.jpg</Image>
  <Name>Kate Dickie</Name>
  <Role>Lysa Arryn</Role>
  <SortOrder>3</SortOrder>
</Actor>
<Actor>
  <id>299785</id>
  <Image>actors/299785.jpg</Image>
  <Name>Peter Vaughan</Name>
  <Role>Maester Aemon</Role>
  <SortOrder>3</SortOrder>
</Actor>
<Actor>
  <id>299784</id>
  <Image>actors/299784.jpg</Image>
  <Name>Patrick Malahide</Name>
  <Role>Balon Greyjoy</Role>
  <SortOrder>3</SortOrder>
</Actor>
<Actor>
  <id>299669</id>
  <Image>actors/299669.jpg</Image>
  <Name>Rose Leslie</Name>
  <Role>Ygritte</Role>
  <SortOrder>3</SortOrder>
</Actor>
<Actor>
  <id>299632</id>
  <Image>actors/299632.jpg</Image>
  <Name>Natalia Tena</Name>
  <Role>Osha</Role>
  <SortOrder>3</SortOrder>
</Actor>
<Actor>
  <id>299631</id>
  <Image>actors/299631.jpg</Image>
  <Name>Julian Glover</Name>
  <Role>Grand Maester Pycelle</Role>
  <SortOrder>3</SortOrder>
</Actor>
<Actor>
  <id>299630</id>
  <Image>actors/299630.jpg</Image>
  <Name>Joe Dempsie</Name>
  <Role>Gendry</Role>
  <SortOrder>3</SortOrder>
</Actor>
<Actor>
  <id>299629</id>
  <Image>actors/299629.jpg</Image>
  <Name>Tom Wlaschiha</Name>
  <Role>Jaqen H'ghar</Role>
  <SortOrder>3</SortOrder>
</Actor>
<Actor>
  <id>299628</id>
  <Image>actors/299628.jpg</Image>
  <Name>Finn Jones</Name>
  <Role>Loras Tyrell</Role>
  <SortOrder>3</SortOrder>
</Actor>
<Actor>
  <id>299627</id>
  <Image>actors/299627.jpg</Image>
  <Name>Kristian Nairn</Name>
  <Role>Hodor</Role>
  <SortOrder>3</SortOrder>
</Actor>
<Actor>
  <id>299626</id>
  <Image>actors/299626.jpg</Image>
  <Name>Donald Sumpter</Name>
  <Role>Maester Luwin</Role>
  <SortOrder>3</SortOrder>
</Actor>
<Actor>
  <id>299625</id>
  <Image>actors/299625.jpg</Image>
  <Name>Sibel Kekilli</Name>
  <Role>Shae</Role>
  <SortOrder>3</SortOrder>
</Actor>
<Actor>
  <id>299624</id>
  <Image>actors/299624.jpg</Image>
  <Name>John Bradley</Name>
  <Role>Samwell Tarly</Role>
  <SortOrder>3</SortOrder>
</Actor>
<Actor>
  <id>299535</id>
  <Image>actors/299535.jpg</Image>
  <Name>Gethin Anthony</Name>
  <Role>Renly Baratheon</Role>
  <SortOrder>3</SortOrder>
</Actor>
<Actor>
  <id>299533</id>
  <Image>actors/299533.jpg</Image>
  <Name>Jerome Flynn</Name>
  <Role>Bronn</Role>
  <SortOrder>3</SortOrder>
</Actor>
<Actor>
  <id>299532</id>
  <Image>actors/299532.jpg</Image>
  <Name>Gwendoline Christie</Name>
  <Role>Brienne of Tarth</Role>
  <SortOrder>3</SortOrder>
</Actor>
<Actor>
  <id>297846</id>
  <Image>actors/297846.jpg</Image>
  <Name>Gemma Whelan</Name>
  <Role>Yara Greyjoy</Role>
  <SortOrder>3</SortOrder>
</Actor>
<Actor>
  <id>297844</id>
  <Image>actors/297844.jpg</Image>
  <Name>Liam Cunningham</Name>
  <Role>Davos Seaworth</Role>
  <SortOrder>3</SortOrder>
</Actor>
<Actor>
  <id>297842</id>
  <Image>actors/297842.jpg</Image>
  <Name>Stephen Dillane</Name>
  <Role>Stannis Baratheon</Role>
  <SortOrder>3</SortOrder>
</Actor>
<Actor>
  <id>287005</id>
  <Image>actors/287005.jpg</Image>
  <Name>Conleth Hill</Name>
  <Role>Lord Varys</Role>
  <SortOrder>3</SortOrder>
</Actor>
<Actor>
  <id>284668</id>
  <Image>actors/284668.jpg</Image>
  <Name>Rory McCann</Name>
  <Role>Sandor &quot;The Hound&quot; Clegane</Role>
  <SortOrder>3</SortOrder>
</Actor>
<Actor>
  <id>284667</id>
  <Image>actors/284667.jpg</Image>
  <Name>Richard Madden</Name>
  <Role>Robb Stark</Role>
  <SortOrder>3</SortOrder>
</Actor>
<Actor>
  <id>284666</id>
  <Image>actors/284666.jpg</Image>
  <Name>Mark Addy</Name>
  <Role>King Robert Baratheon</Role>
  <SortOrder>3</SortOrder>
</Actor>
<Actor>
  <id>284664</id>
  <Image>actors/284664.jpg</Image>
  <Name>Jack Gleeson</Name>
  <Role>Prince/King Joffrey Baratheon</Role>
  <SortOrder>3</SortOrder>
</Actor>
<Actor>
  <id>284663</id>
  <Image>actors/284663.jpg</Image>
  <Name>Iain Glen</Name>
  <Role>Ser Jorah Mormont</Role>
  <SortOrder>3</SortOrder>
</Actor>
<Actor>
  <id>284662</id>
  <Image>actors/284662.jpg</Image>
  <Name>Alfie Allen</Name>
  <Role>Theon Greyjoy</Role>
  <SortOrder>3</SortOrder>
</Actor>
<Actor>
  <id>284661</id>
  <Image>actors/284661.jpg</Image>
  <Name>Aidan Gillen</Name>
  <Role>Petyr &quot;Littlefinger&quot; Baelish</Role>
  <SortOrder>3</SortOrder>
</Actor>
<Actor>
  <id>284356</id>
  <Image>actors/284356.jpg</Image>
  <Name>Harry Lloyd</Name>
  <Role>Viserys Targaryen</Role>
  <SortOrder>3</SortOrder>
</Actor>
<Actor>
  <id>284354</id>
  <Image>actors/284354.jpg</Image>
  <Name>Kit Harington</Name>
  <Role>Jon Snow</Role>
  <SortOrder>3</SortOrder>
</Actor>
<Actor>
  <id>284353</id>
  <Image>actors/284353.jpg</Image>
  <Name>Jason Momoa</Name>
  <Role>Khal Drogo</Role>
  <SortOrder>3</SortOrder>
</Actor>
<Actor>
  <id>120781</id>
  <Image>actors/120781.jpg</Image>
  <Name>Sean Bean</Name>
  <Role>Eddard &quot;Ned&quot; Stark</Role>
  <SortOrder>3</SortOrder>
</Actor>
</Actors>