<?xml version="1.0" encoding="UTF-8" ?>
<Data><Series>
  <id>121361</id>
  <Actors>|Peter Dinklage|Maisie Williams|Emilia Clarke|Michelle Fairley|Lena Headey|Nikolaj Coster-Waldau|Oona Chaplin|Charles Dance|Esmé Bianco|Natalie Dormer|Carice van Houten|Sophie Turner|Isaac Hempstead-Wright|Hannah Murray|Amrita Acharia|Aimee Richardson|Eugene Simon|Joseph Mawle|Ron Donachie|Lino Facioli|Elyes Gabel|Nonso Anozie|Kate Dickie|Peter Vaughan|Patrick Malahide|Rose Leslie|Natalia Tena|Julian Glover|Joe Dempsie|Tom Wlaschiha|Finn Jones|Kristian Nairn|Donald Sumpter|Sibel Kekilli|John Bradley|Gethin Anthony|Jerome Flynn|Gwendoline Christie|Gemma Whelan|Liam Cunningham|Stephen Dillane|Conleth Hill|Rory McCann|Richard Madden|Mark Addy|Jack Gleeson|Iain Glen|Alfie Allen|Aidan Gillen|Harry Lloyd|Kit Harington|Jason Momoa|Sean Bean|</Actors>
  <Airs_DayOfWeek>Sunday</Airs_DayOfWeek>
  <Airs_Time>9:00 PM</Airs_Time>
  <ContentRating>TV-MA</ContentRating>
  <FirstAired>2011-04-17</FirstAired>
  <Genre>|Action|Adventure|Drama|Fantasy|</Genre>
  <IMDB_ID>tt0944947</IMDB_ID>
  <Language>en</Language>
  <Network>HBO</Network>
  <NetworkID></NetworkID>
  <Overview>Based on the fantasy novel series &quot;A Song of Ice and Fire,&quot; Game of Thrones explores the story of an epic battle among seven kingdoms and two ruling families in the only game that matters - the Game of Thrones. All seek control of the Iron Throne, the possession of which ensures survival through the 40-year winter to come.</Overview>
  <Rating>9.4</Rating>
  <RatingCount>477</RatingCount>
  <Runtime>60</Runtime>
  <SeriesID>77121</SeriesID>
  <SeriesName>Game of Thrones</SeriesName>
  <Status>Continuing</Status>
  <added>2009-10-26 16:51:46</added>
  <addedBy>10072</addedBy>
  <banner>graphical/121361-g19.jpg</banner>
  <fanart>fanart/original/121361-19.jpg</fanart>
  <lastupdated>1365593695</lastupdated>
  <poster>posters/121361-4.jpg</poster>
  <zap2it_id>SH01389809</zap2it_id>
</Series>
<Episode>
  <id>3226241</id>
  <Combined_episodenumber>1</Combined_episodenumber>
  <Combined_season>0</Combined_season>
  <DVD_chapter></DVD_chapter>
  <DVD_discid></DVD_discid>
  <DVD_episodenumber></DVD_episodenumber>
  <DVD_season></DVD_season>
  <Director></Director>
  <EpImgFlag>2</EpImgFlag>
  <EpisodeName>Inside Game of Thrones</EpisodeName>
  <EpisodeNumber>1</EpisodeNumber>
  <FirstAired>2010-12-05</FirstAired>
  <GuestStars></GuestStars>
  <IMDB_ID></IMDB_ID>
  <Language>en</Language>
  <Overview>A short look into the film-making process for the production Game of Thrones</Overview>
  <ProductionCode></ProductionCode>
  <Rating>7.5</Rating>
  <RatingCount>15</RatingCount>
  <SeasonNumber>0</SeasonNumber>
  <Writer></Writer>
  <absolute_number></absolute_number>
  <airsafter_season></airsafter_season>
  <airsbefore_episode></airsbefore_episode>
  <airsbefore_season></airsbefore_season>
  <filename>episodes/121361/3226241.jpg</filename>
  <lastupdated>1305321193</lastupdated>
  <seasonid>137481</seasonid>
  <seriesid>121361</seriesid>
</Episode>
<Episode>
  <id>4045941</id>
  <Combined_episodenumber>2</Combined_episodenumber>
  <Combined_season>0</Combined_season>
  <DVD_chapter></DVD_chapter>
  <DVD_discid></DVD_discid>
  <DVD_episodenumber></DVD_episodenumber>
  <DVD_season></DVD_season>
  <Director></Director>
  <EpImgFlag>2</EpImgFlag>
  <EpisodeName>15-Minute Preview</EpisodeName>
  <EpisodeNumber>2</EpisodeNumber>
  <FirstAired>2011-04-03</FirstAired>
  <GuestStars></GuestStars>
  <IMDB_ID></IMDB_ID>
  <Language>en</Language>
  <Overview>An approximately 15-minute preview of the first episode of Game of Thrones.</Overview>
  <ProductionCode></ProductionCode>
  <Rating>7.8</Rating>
  <RatingCount>6</RatingCount>
  <SeasonNumber>0</SeasonNumber>
  <Writer></Writer>
  <absolute_number></absolute_number>
  <airsafter_season></airsafter_season>
  <airsbefore_episode></airsbefore_episode>
  <airsbefore_season></airsbefore_season>
  <filename>episodes/121361/4045941.jpg</filename>
  <lastupdated>1310428162</lastupdated>
  <seasonid>137481</seasonid>
  <seriesid>121361</seriesid>
</Episode>
<Episode>
  <id>4073401</id>
  <Combined_episodenumber>3.0</Combined_episodenumber>
  <Combined_season>0</Combined_season>
  <DVD_chapter></DVD_chapter>
  <DVD_discid></DVD_discid>
  <DVD_episodenumber>3.0</DVD_episodenumber>
  <DVD_season></DVD_season>
  <Director></Director>
  <EpImgFlag>2</EpImgFlag>
  <EpisodeName>Making Game of Thrones</EpisodeName>
  <EpisodeNumber>3</EpisodeNumber>
  <FirstAired>2011-04-07</FirstAired>
  <GuestStars></GuestStars>
  <IMDB_ID></IMDB_ID>
  <Language>en</Language>
  <Overview>An exclusive 30-minute feature including never-before-seen footage from the set and interviews from the cast and crew</Overview>
  <ProductionCode></ProductionCode>
  <Rating>7.4</Rating>
  <RatingCount>7</RatingCount>
  <SeasonNumber>0</SeasonNumber>
  <Writer></Writer>
  <absolute_number></absolute_number>
  <airsafter_season></airsafter_season>
  <airsbefore_episode></airsbefore_episode>
  <airsbefore_season></airsbefore_season>
  <filename>episodes/121361/4073401.jpg</filename>
  <lastupdated>1332099043</lastupdated>
  <seasonid>137481</seasonid>
  <seriesid>121361</seriesid>
</Episode>
<Episode>
  <id>4082317</id>
  <Combined_episodenumber>4</Combined_episodenumber>
  <Combined_season>0</Combined_season>
  <DVD_chapter></DVD_chapter>
  <DVD_discid></DVD_discid>
  <DVD_episodenumber></DVD_episodenumber>
  <DVD_season></DVD_season>
  <Director></Director>
  <EpImgFlag>3</EpImgFlag>
  <EpisodeName>El Juego Comienza</EpisodeName>
  <EpisodeNumber>4</EpisodeNumber>
  <FirstAired>2011-04-10</FirstAired>
  <GuestStars></GuestStars>
  <IMDB_ID></IMDB_ID>
  <Language>en</Language>
  <Overview>A spanish &quot;Canal +`&quot; production with interviews to some famous spanish movie directors like Alex de La Iglesia and extracts from last special &quot;Making Game Of Thrones&quot;</Overview>
  <ProductionCode></ProductionCode>
  <Rating>7.0</Rating>
  <RatingCount>2</RatingCount>
  <SeasonNumber>0</SeasonNumber>
  <Writer></Writer>
  <absolute_number></absolute_number>
  <airsafter_season></airsafter_season>
  <airsbefore_episode></airsbefore_episode>
  <airsbefore_season></airsbefore_season>
  <filename>episodes/121361/4082317.jpg</filename>
  <lastupdated>1304928783</lastupdated>
  <seasonid>137481</seasonid>
  <seriesid>121361</seriesid>
</Episode>
<Episode>
  <id>4138149</id>
  <Combined_episodenumber>5</Combined_episodenumber>
  <Combined_season>0</Combined_season>
  <DVD_chapter></DVD_chapter>
  <DVD_discid></DVD_discid>
  <DVD_episodenumber></DVD_episodenumber>
  <DVD_season></DVD_season>
  <Director></Director>
  <EpImgFlag>2</EpImgFlag>
  <EpisodeName>2011 Comic Con Panel</EpisodeName>
  <EpisodeNumber>5</EpisodeNumber>
  <FirstAired>2011-07-21</FirstAired>
  <GuestStars></GuestStars>
  <IMDB_ID></IMDB_ID>
  <Language>en</Language>
  <Overview></Overview>
  <ProductionCode></ProductionCode>
  <Rating>8.7</Rating>
  <RatingCount>3</RatingCount>
  <SeasonNumber>0</SeasonNumber>
  <Writer></Writer>
  <absolute_number></absolute_number>
  <airsafter_season></airsafter_season>
  <airsbefore_episode></airsbefore_episode>
  <airsbefore_season></airsbefore_season>
  <filename>episodes/121361/4138149.jpg</filename>
  <lastupdated>1322167915</lastupdated>
  <seasonid>137481</seasonid>
  <seriesid>121361</seriesid>
</Episode>
<Episode>
  <id>4292422</id>
  <Combined_episodenumber>6</Combined_episodenumber>
  <Combined_season>0</Combined_season>
  <DVD_chapter></DVD_chapter>
  <DVD_discid></DVD_discid>
  <DVD_episodenumber></DVD_episodenumber>
  <DVD_season></DVD_season>
  <Director></Director>
  <EpImgFlag>2</EpImgFlag>
  <EpisodeName>You Win or You Die</EpisodeName>
  <EpisodeNumber>6</EpisodeNumber>
  <FirstAired>2012-03-24</FirstAired>
  <GuestStars></GuestStars>
  <IMDB_ID></IMDB_ID>
  <Language>en</Language>
  <Overview>A prequel to Game of Thrones Season 2 which recaps on the first season and gives insight into what's to come.</Overview>
  <ProductionCode></ProductionCode>
  <Rating>7.9</Rating>
  <RatingCount>12</RatingCount>
  <SeasonNumber>0</SeasonNumber>
  <Writer></Writer>
  <absolute_number></absolute_number>
  <airsafter_season></airsafter_season>
  <airsbefore_episode>1</airsbefore_episode>
  <airsbefore_season>2</airsbefore_season>
  <filename>episodes/121361/4292422.jpg</filename>
  <lastupdated>1332616218</lastupdated>
  <seasonid>137481</seasonid>
  <seriesid>121361</seriesid>
</Episode>
<Episode>
  <id>4517457</id>
  <Combined_episodenumber>7</Combined_episodenumber>
  <Combined_season>0</Combined_season>
  <DVD_chapter></DVD_chapter>
  <DVD_discid></DVD_discid>
  <DVD_episodenumber></DVD_episodenumber>
  <DVD_season></DVD_season>
  <Director></Director>
  <EpImgFlag>2</EpImgFlag>
  <EpisodeName>A Gathering Storm</EpisodeName>
  <EpisodeNumber>7</EpisodeNumber>
  <FirstAired>2013-03-08</FirstAired>
  <GuestStars></GuestStars>
  <IMDB_ID></IMDB_ID>
  <Language>en</Language>
  <Overview>A prequel to Game of Thrones Season 3 which recaps on the first and second season and gives insight into what's to come.</Overview>
  <ProductionCode></ProductionCode>
  <Rating>7.4</Rating>
  <RatingCount>7</RatingCount>
  <SeasonNumber>0</SeasonNumber>
  <Writer></Writer>
  <absolute_number></absolute_number>
  <airsafter_season></airsafter_season>
  <airsbefore_episode>1</airsbefore_episode>
  <airsbefore_season>3</airsbefore_season>
  <filename>episodes/121361/4517457.jpg</filename>
  <lastupdated>1362839346</lastupdated>
  <seasonid>137481</seasonid>
  <seriesid>121361</seriesid>
</Episode>
<Episode>
  <id>3254641</id>
  <Combined_episodenumber>1.0</Combined_episodenumber>
  <Combined_season>1</Combined_season>
  <DVD_chapter></DVD_chapter>
  <DVD_discid></DVD_discid>
  <DVD_episodenumber>1.0</DVD_episodenumber>
  <DVD_season>1</DVD_season>
  <Director>Tim Van Patten</Director>
  <EpImgFlag>2</EpImgFlag>
  <EpisodeName>Winter Is Coming</EpisodeName>
  <EpisodeNumber>1</EpisodeNumber>
  <FirstAired>2011-04-17</FirstAired>
  <GuestStars>Donald Sumpter|Jamie Sives|Ron Donachie|Joseph Mawle|Roger Allam|Dar Salim|Esmé Bianco|Susan Brown|Bronson Webb|John Standing|Rob Ostlere|Dermot Keaney|Art Parkinson|Callum Wharry|Aimee Richardson|Kristian Nairn|Rania Zouari|Ian Whyte|Spencer Wilding</GuestStars>
  <IMDB_ID>tt1480055</IMDB_ID>
  <Language>en</Language>
  <Overview>Ned Stark, Lord of Winterfell learns that his mentor, Jon Arryn, has died and that King Robert is on his way north to offer Ned Arryn’s position as the King’s Hand. Across the Narrow Sea in Pentos, Viserys Targaryen plans to wed his sister Daenerys to the nomadic Dothraki warrior leader, Khal Drogo to forge an alliance to take the throne.</Overview>
  <ProductionCode></ProductionCode>
  <Rating>7.9</Rating>
  <RatingCount>550</RatingCount>
  <SeasonNumber>1</SeasonNumber>
  <Writer>David Benioff|D. B. Weiss</Writer>
  <absolute_number>1</absolute_number>
  <filename>episodes/121361/3254641.jpg</filename>
  <lastupdated>1365291769</lastupdated>
  <seasonid>364731</seasonid>
  <seriesid>121361</seriesid>
</Episode>
<Episode>
  <id>3436411</id>
  <Combined_episodenumber>2.0</Combined_episodenumber>
  <Combined_season>1</Combined_season>
  <DVD_chapter></DVD_chapter>
  <DVD_discid></DVD_discid>
  <DVD_episodenumber>2.0</DVD_episodenumber>
  <DVD_season>1</DVD_season>
  <Director>Tim Van Patten</Director>
  <EpImgFlag>2</EpImgFlag>
  <EpisodeName>The Kingsroad</EpisodeName>
  <EpisodeNumber>2</EpisodeNumber>
  <FirstAired>2011-04-24</FirstAired>
  <GuestStars>Donald Sumpter|Jamie Sives|Ron Donachie|Joseph Mawle|Roxanne McKee|Dar Salim|Amrita Acharia|Sarita Piotrowski|Wilko Johnson|Rhodri Hosking|Luke Barnes|Lalor Roddy|Conor Delaney|Callum Wharry|Aimee Richardson</GuestStars>
  <IMDB_ID>tt1668746</IMDB_ID>
  <Language>en</Language>
  <Overview>Having agreed to become the King’s Hand, Ned leaves Winterfell with daughters Sansa and Arya, while Catelyn stays behind in Winterfell. Jon Snow heads north to join the brotherhood of the Night’s Watch. Tyrion decides to forego the trip south with his family, instead joining Jon in the entourage heading to the Wall. Viserys bides his time in hopes of winning back the throne, while Daenerys focuses her attention on learning how to please her new husband, Drogo.</Overview>
  <ProductionCode></ProductionCode>
  <Rating>8.0</Rating>
  <RatingCount>502</RatingCount>
  <SeasonNumber>1</SeasonNumber>
  <Writer>David Benioff|D. B. Weiss</Writer>
  <absolute_number>2</absolute_number>
  <filename>episodes/121361/3436411.jpg</filename>
  <lastupdated>1365291790</lastupdated>
  <seasonid>364731</seasonid>
  <seriesid>121361</seriesid>
</Episode>
<Episode>
  <id>3436421</id>
  <Combined_episodenumber>3.0</Combined_episodenumber>
  <Combined_season>1</Combined_season>
  <DVD_chapter></DVD_chapter>
  <DVD_discid></DVD_discid>
  <DVD_episodenumber>3.0</DVD_episodenumber>
  <DVD_season>1</DVD_season>
  <Director>Brian Kirk</Director>
  <EpImgFlag>2</EpImgFlag>
  <EpisodeName>Lord Snow</EpisodeName>
  <EpisodeNumber>3</EpisodeNumber>
  <FirstAired>2011-05-01</FirstAired>
  <GuestStars>Conleth Hill|James Cosmo|Owen Teale|Jamie Sives|Ian McElhinney|Ron Donachie|Joseph Mawle|Francis Magee|Julian Glover|Gethin Anthony|Peter Vaughan|Miltos Yerolemou|Margaret John|Susan Brown|Robert Sterne|Mark Stanley|Josef Altin|Luke Barnes|Amrita Acharia</GuestStars>
  <IMDB_ID>tt1829962</IMDB_ID>
  <Language>en</Language>
  <Overview>Arriving at King’s Landing, Ned is shocked to learn of the Crown’s profligacy from his new advisors. At Castle Black, Jon Snow impresses Tyrion at the expense of greener recruits. Suspecting the Lannisters had a hand in Bran’s fall, Catelyn covertly follows her husband to King’s Landing, where she is intercepted by Petyr Baelish, a.k.a. “Littlefinger,” a shrewd longtime ally and brothel owner. Cersei and Jaime ponder the implications of Bran’s recovery; Arya studies swordsmanship. On the road to Vaes Dothrak, Daenerys finds herself at odds with Viserys.</Overview>
  <ProductionCode></ProductionCode>
  <Rating>7.9</Rating>
  <RatingCount>471</RatingCount>
  <SeasonNumber>1</SeasonNumber>
  <Writer>David Benioff|D. B. Weiss</Writer>
  <absolute_number>3</absolute_number>
  <filename>episodes/121361/3436421.jpg</filename>
  <lastupdated>1365291835</lastupdated>
  <seasonid>364731</seasonid>
  <seriesid>121361</seriesid>
</Episode>
<Episode>
  <id>3436431</id>
  <Combined_episodenumber>4.0</Combined_episodenumber>
  <Combined_season>1</Combined_season>
  <DVD_chapter></DVD_chapter>
  <DVD_discid></DVD_discid>
  <DVD_episodenumber>4.0</DVD_episodenumber>
  <DVD_season>1</DVD_season>
  <Director>Brian Kirk</Director>
  <EpImgFlag>2</EpImgFlag>
  <EpisodeName>Cripples, Bastards, and Broken Things</EpisodeName>
  <EpisodeNumber>4</EpisodeNumber>
  <FirstAired>2011-05-08</FirstAired>
  <GuestStars>Donald Sumpter|Conleth Hill|Jerome Flynn|Owen Teale|Jamie Sives|Ron Donachie|Francis Magee|Ian McElhinney|Dominic Carter|Julian Glover|Gethin Anthony|Emun Elliott|Susan Brown|Margaret John|John Bradley|Mark Stanley|Josef Altin|Luke Barnes|Amrita Acharia</GuestStars>
  <IMDB_ID>tt1829963</IMDB_ID>
  <Language>en</Language>
  <Overview>Ned looks for clues to the death of his predecessor, and uncovers one of King Robert’s bastards. Robert and his guests witness a tournament honoring Ned. Jon takes measures to protect Sam from further abuse at Castle Black; a frustrated Viserys clashes with Daenerys in Vaes Dothrak; Sansa imagines her future as a queen, while Arya envisions a far different future. Catelyn rallies her husband’s allies to make a point, while Tyrion finds himself caught in the wrong place at the wrong time.</Overview>
  <ProductionCode></ProductionCode>
  <Rating>7.9</Rating>
  <RatingCount>440</RatingCount>
  <SeasonNumber>1</SeasonNumber>
  <Writer>Bryan Cogman</Writer>
  <absolute_number>4</absolute_number>
  <filename>episodes/121361/3436431.jpg</filename>
  <lastupdated>1365291855</lastupdated>
  <seasonid>364731</seasonid>
  <seriesid>121361</seriesid>
</Episode>
<Episode>
  <id>3436441</id>
  <Combined_episodenumber>5.0</Combined_episodenumber>
  <Combined_season>1</Combined_season>
  <DVD_chapter></DVD_chapter>
  <DVD_discid></DVD_discid>
  <DVD_episodenumber>5.0</DVD_episodenumber>
  <DVD_season>1</DVD_season>
  <Director>Brian Kirk</Director>
  <EpImgFlag>2</EpImgFlag>
  <EpisodeName>The Wolf and the Lion</EpisodeName>
  <EpisodeNumber>5</EpisodeNumber>
  <FirstAired>2011-05-15</FirstAired>
  <GuestStars>Donald Sumpter|Conleth Hill|Jamie Sives|Ron Donachie|Jerome Flynn|Francis Magee|Ian McElhinney|Kate Dickie|Julian Glover|Gethin Anthony|Roger Allam|Emun Elliott|Finn Jones|Conan Stevens|Ciaran Bermingham|Susan Brown|Esmé Bianco|Jefferson Hall|Lino Facioli</GuestStars>
  <IMDB_ID>tt1829964</IMDB_ID>
  <Language>en</Language>
  <Overview>Incensed over news of Daenerys’ alliance with the Dothrakis, Robert orders a preemptive strike on the Targaryens that drives a wedge in his relationship with Ned. A captive Tyrion helps Catelyn, but receives a cold reception at the Eyrie from her sister, Jon Arryn’s widow Lysa. Sansa is charmed by the dashing Ser Loras Tyrell, a.k.a. the Knight of Flowers. Arya overhears a plot against her father.</Overview>
  <ProductionCode></ProductionCode>
  <Rating>8.0</Rating>
  <RatingCount>446</RatingCount>
  <SeasonNumber>1</SeasonNumber>
  <Writer>David Benioff|D. B. Weiss</Writer>
  <absolute_number>5</absolute_number>
  <filename>episodes/121361/3436441.jpg</filename>
  <lastupdated>1365291871</lastupdated>
  <seasonid>364731</seasonid>
  <seriesid>121361</seriesid>
</Episode>
<Episode>
  <id>3436451</id>
  <Combined_episodenumber>6.0</Combined_episodenumber>
  <Combined_season>1</Combined_season>
  <DVD_chapter></DVD_chapter>
  <DVD_discid></DVD_discid>
  <DVD_episodenumber>6.0</DVD_episodenumber>
  <DVD_season>1</DVD_season>
  <Director>Daniel Minahan</Director>
  <EpImgFlag>2</EpImgFlag>
  <EpisodeName>A Golden Crown</EpisodeName>
  <EpisodeNumber>6</EpisodeNumber>
  <FirstAired>2011-05-22</FirstAired>
  <GuestStars>Jerome Flynn|Ron Donachie|Ian McElhinney|Finn Jones|Kate Dickie|Julian Glover|Gethin Anthony|Emun Elliott|Miltos Yerolemou|Ciaran Bermingham|Susan Brown|Natalia Tena|Lino Facioli|Esmé Bianco|Amrita Acharia|Roxanne McKee</GuestStars>
  <IMDB_ID>tt1837862</IMDB_ID>
  <Language>en</Language>
  <Overview>Reinstated as the Hand, Ned sits for the King while Robert is on a hunt. Ned issues a decree that could have long-term consequences throughout the Seven Kingdoms. At the Eyrie, Tyrion confesses to his &quot;crimes,&quot; and demands that Lysa give him a trial by combat. Joffrey apologizes to Sansa. Viserys receives his final payment for Daenerys from Drogo.</Overview>
  <ProductionCode></ProductionCode>
  <Rating>8.2</Rating>
  <RatingCount>433</RatingCount>
  <SeasonNumber>1</SeasonNumber>
  <Writer>Jane Espenson|David Benioff|D. B. Weiss</Writer>
  <absolute_number>6</absolute_number>
  <filename>episodes/121361/3436451.jpg</filename>
  <lastupdated>1365291924</lastupdated>
  <seasonid>364731</seasonid>
  <seriesid>121361</seriesid>
</Episode>
<Episode>
  <id>3436461</id>
  <Combined_episodenumber>7.0</Combined_episodenumber>
  <Combined_season>1</Combined_season>
  <DVD_chapter></DVD_chapter>
  <DVD_discid></DVD_discid>
  <DVD_episodenumber>7.0</DVD_episodenumber>
  <DVD_season>1</DVD_season>
  <Director>Daniel Minahan</Director>
  <EpImgFlag>2</EpImgFlag>
  <EpisodeName>You Win or You Die</EpisodeName>
  <EpisodeNumber>7</EpisodeNumber>
  <FirstAired>2011-05-29</FirstAired>
  <GuestStars>Donald Sumpter|Conleth Hill|James Cosmo|Owen Teale|Charles Dance|Ian McElhinney|John Bradley|Julian Glover|Dominic Carter|Natalia Tena|Mark Stanley|Josef Altin|Luke Barnes|Amrita Acharia|Roxanne McKee|Elyes Gabel|Dar Salim|Robert Sterne</GuestStars>
  <IMDB_ID>tt1837863</IMDB_ID>
  <Language>en</Language>
  <Overview>Explaining that the future of the Lannisters is at stake, Tywin presses Jaime to “be the man you were meant to be” as they prepare for battle. Ned confronts Cersei about the secrets that killed Jon Arryn. With the fate of the missing Benjen very much on his mind, Jon takes his Night’s Watch vows, though not with the assignment he coveted. After Ser Jorah saves Daenerys from treachery, an enraged Drogo vows to lead the Dothraki where they’ve never gone before. An injured Robert takes pains to ensure an orderly transition at King’s Landing.</Overview>
  <ProductionCode></ProductionCode>
  <Rating>8.1</Rating>
  <RatingCount>455</RatingCount>
  <SeasonNumber>1</SeasonNumber>
  <Writer>David Benioff|D. B. Weiss</Writer>
  <absolute_number>7</absolute_number>
  <filename>episodes/121361/3436461.jpg</filename>
  <lastupdated>1365291939</lastupdated>
  <seasonid>364731</seasonid>
  <seriesid>121361</seriesid>
</Episode>
<Episode>
  <id>3360391</id>
  <Combined_episodenumber>8.0</Combined_episodenumber>
  <Combined_season>1</Combined_season>
  <DVD_chapter></DVD_chapter>
  <DVD_discid></DVD_discid>
  <DVD_episodenumber>8.0</DVD_episodenumber>
  <DVD_season>1</DVD_season>
  <Director>Daniel Minahan</Director>
  <EpImgFlag>2</EpImgFlag>
  <EpisodeName>The Pointy End</EpisodeName>
  <EpisodeNumber>8</EpisodeNumber>
  <FirstAired>2011-06-05</FirstAired>
  <GuestStars>Donald Sumpter|Conleth Hill|Jerome Flynn|James Cosmo|Owen Teale|Ron Donachie|Charles Dance|Ian McElhinney|John Bradley|Julian Glover|Miltos Yerolemou|Kate Dickie|Dominic Carter|Natalia Tena|Susan Brown|Clive Mantle|Mark Stanley|Josef Altin|Amrita Acharia</GuestStars>
  <IMDB_ID>tt1837864</IMDB_ID>
  <Language>en</Language>
  <Overview>In the aftermath of Ned's capture, Syrio and Arya face off against Lannister guards, while Cersei manipulates Sansa to her own ends. Robb rallies his father's northern allies against Tywin Lannister and heads south to war. Tyrion forms an uneasy alliance with the hill tribes and reunites with his father. Jon lashes out at Ser Alliser Thorne and battles a mysterious attacker from beyond the Wall. Dany is forced to reconcile her desire to conquer Westeros with Drogo's savagery after the Dothraki raid a peaceful village.</Overview>
  <ProductionCode></ProductionCode>
  <Rating>8.1</Rating>
  <RatingCount>419</RatingCount>
  <SeasonNumber>1</SeasonNumber>
  <Writer>George R. R. Martin</Writer>
  <absolute_number>8</absolute_number>
  <filename>episodes/121361/3360391.jpg</filename>
  <lastupdated>1365291952</lastupdated>
  <seasonid>364731</seasonid>
  <seriesid>121361</seriesid>
</Episode>
<Episode>
  <id>4063481</id>
  <Combined_episodenumber>9.0</Combined_episodenumber>
  <Combined_season>1</Combined_season>
  <DVD_chapter></DVD_chapter>
  <DVD_discid></DVD_discid>
  <DVD_episodenumber>9.0</DVD_episodenumber>
  <DVD_season>1</DVD_season>
  <Director>Alan Taylor</Director>
  <EpImgFlag>2</EpImgFlag>
  <EpisodeName>Baelor</EpisodeName>
  <EpisodeNumber>9</EpisodeNumber>
  <FirstAired>2011-06-12</FirstAired>
  <GuestStars>Conleth Hill|Jerome Flynn|James Cosmo|Ron Donachie|Charles Dance|Francis Magee|John Bradley|Julian Glover|Peter Vaughan|Sibel Kekilli|David Bradley|Clive Mantle|Wilko Johnson|Mark Stanley|Josef Altin|Luke Barnes|Mark Lewis Jones|Amrita Acharia</GuestStars>
  <IMDB_ID>tt1851398</IMDB_ID>
  <Language>en</Language>
  <Overview>With Sansa's life in danger, Ned makes a fateful decision. Catelyn brokers an unsavory deal with the slippery Walder Frey. Tyrion acquires a mistress and is forced by his father to fight on the front lines. Robb wins his first major victory and captures a prized prisoner. Jon is rewarded for his valor and discovers a dark secret about Maester Aemon. As Drogo's wound festers, Dany defies her bloodrider Qotho and puts her trust in the enslaved witch Mirri Maz Duur.</Overview>
  <ProductionCode></ProductionCode>
  <Rating>8.3</Rating>
  <RatingCount>426</RatingCount>
  <SeasonNumber>1</SeasonNumber>
  <Writer>David Benioff|D. B. Weiss</Writer>
  <absolute_number>9</absolute_number>
  <filename>episodes/121361/4063481.jpg</filename>
  <lastupdated>1365291967</lastupdated>
  <seasonid>364731</seasonid>
  <seriesid>121361</seriesid>
</Episode>
<Episode>
  <id>4063491</id>
  <Combined_episodenumber>10.0</Combined_episodenumber>
  <Combined_season>1</Combined_season>
  <DVD_chapter></DVD_chapter>
  <DVD_discid></DVD_discid>
  <DVD_episodenumber>10.0</DVD_episodenumber>
  <DVD_season>1</DVD_season>
  <Director>Alan Taylor</Director>
  <EpImgFlag>2</EpImgFlag>
  <EpisodeName>Fire and Blood</EpisodeName>
  <EpisodeNumber>10</EpisodeNumber>
  <FirstAired>2011-06-19</FirstAired>
  <GuestStars>Donald Sumpter|Conleth Hill|Jerome Flynn|James Cosmo|Ron Donachie|Charles Dance|Francis Magee|John Bradley|Julian Glover|Emun Elliott|Sibel Kekilli|Natalia Tena|Esmé Bianco|Clive Mantle|Wilko Johnson|Mark Stanley|Josef Altin|Mia Soteriou|Amrita Acharia</GuestStars>
  <IMDB_ID>tt1851397</IMDB_ID>
  <Language>en</Language>
  <Overview>As tragic news spreads across the Seven Kingdoms, Bran and Rickon share a prophetic dream, Catelyn interrogates Jamie about her son's fall, and Robb's destiny is forever changed. After a surprising decision by his father, Tyrion heads south. Arya assumes a new identity in an attempt to escape King's Landing, and Sansa is terrorized by Joffrey. At the Wall, Jon is forced to choose between the Night's Watch and the family he left behind. Across the sea, Dany pays a terrible price for her love, but finds new hope.</Overview>
  <ProductionCode></ProductionCode>
  <Rating>8.6</Rating>
  <RatingCount>407</RatingCount>
  <SeasonNumber>1</SeasonNumber>
  <Writer>David Benioff|D. B. Weiss</Writer>
  <absolute_number>10</absolute_number>
  <filename>episodes/121361/4063491.jpg</filename>
  <lastupdated>1365291982</lastupdated>
  <seasonid>364731</seasonid>
  <seriesid>121361</seriesid>
</Episode>
<Episode>
  <id>4161693</id>
  <Combined_episodenumber>1.0</Combined_episodenumber>
  <Combined_season>2</Combined_season>
  <DVD_chapter></DVD_chapter>
  <DVD_discid></DVD_discid>
  <DVD_episodenumber>1.0</DVD_episodenumber>
  <DVD_season>2</DVD_season>
  <Director>Alan Taylor</Director>
  <EpImgFlag>2</EpImgFlag>
  <EpisodeName>The North Remembers</EpisodeName>
  <EpisodeNumber>1</EpisodeNumber>
  <FirstAired>2012-04-01</FirstAired>
  <GuestStars>Donald Sumpter|Ron Donachie|Julian Glover|Robert Pugh|Natalia Tena|Oliver Ford Davies|Mark Stanley|Ben Crompton|Joe Dempsie|Ben Hawkey|Eros Vlahos|Roxanne McKee|Amrita Acharia|Elyes Gabel|Steven Cole|Kristian Nairn|Esmé Bianco|Dominic Carter</GuestStars>
  <IMDB_ID>tt1971833</IMDB_ID>
  <Language>en</Language>
  <Overview>As Robb Stark and his northern army continue the war against the Lannisters, Tyrion arrives in King’s Landing to counsel Joffrey and temper the young king’s excesses.  On the island of Dragonstone, Stannis Baratheon plots an invasion to claim his late brother’s throne, allying himself with the fiery Melisandre, a strange priestess of a stranger god.  Across the sea, Daenerys, her three young dragons, and the khalasar trek through the Red Waste in search of allies, or water.  In the North, Bran presides over a threadbare Winterfell, while beyond the Wall, Jon Snow and the Night’s Watch must shelter with a devious wildling.</Overview>
  <ProductionCode></ProductionCode>
  <Rating>8.0</Rating>
  <RatingCount>349</RatingCount>
  <SeasonNumber>2</SeasonNumber>
  <Writer>David Benioff|D.B. Weiss</Writer>
  <absolute_number>11</absolute_number>
  <filename>episodes/121361/4161693.jpg</filename>
  <lastupdated>1364947819</lastupdated>
  <seasonid>473271</seasonid>
  <seriesid>121361</seriesid>
</Episode>
<Episode>
  <id>4245771</id>
  <Combined_episodenumber>2.0</Combined_episodenumber>
  <Combined_season>2</Combined_season>
  <DVD_chapter></DVD_chapter>
  <DVD_discid></DVD_discid>
  <DVD_episodenumber>2.0</DVD_episodenumber>
  <DVD_season>2</DVD_season>
  <Director>Alan Taylor</Director>
  <EpImgFlag>2</EpImgFlag>
  <EpisodeName>The Night Lands</EpisodeName>
  <EpisodeNumber>2</EpisodeNumber>
  <FirstAired>2012-04-08</FirstAired>
  <GuestStars>Julian Glover|Robert Pugh|Patrick Malahide|Francis Magee|Dominic Carter|Tom Wlaschiha|Joe Dempsie|Mark Stanley|Ben Crompton|Roxanne McKee|Amrita Acharia|Steven Cole|Ben Hawkey|Eros Vlahos|Esmé Bianco|Andy Beckwith|Gemma Whelan|Kerr Logan|Hannah Murray</GuestStars>
  <IMDB_ID>tt2069318</IMDB_ID>
  <Language>en</Language>
  <Overview>In the wake of a bloody purge in the capital, Tyrion chastens Cersei for alienating the king’s subjects.  On the road north, Arya shares a secret with Gendry, a Night’s Watch recruit.  With supplies dwindling, one of Dany’s scouts returns with news of their position.  After nine years as a Stark ward, Theon Greyjoy reunites with his father Balon, who wants to restore the ancient Kingdom of the Iron Islands.  Davos enlists Salladhor Saan, a pirate, to join forces with Stannis and Melisandre for a naval invasion of King’s Landing.</Overview>
  <ProductionCode></ProductionCode>
  <Rating>7.9</Rating>
  <RatingCount>345</RatingCount>
  <SeasonNumber>2</SeasonNumber>
  <Writer>David Benioff|D.B. Weiss</Writer>
  <absolute_number>12</absolute_number>
  <filename>episodes/121361/4245771.jpg</filename>
  <lastupdated>1364948055</lastupdated>
  <seasonid>473271</seasonid>
  <seriesid>121361</seriesid>
</Episode>
<Episode>
  <id>4245772</id>
  <Combined_episodenumber>3.0</Combined_episodenumber>
  <Combined_season>2</Combined_season>
  <DVD_chapter></DVD_chapter>
  <DVD_discid></DVD_discid>
  <DVD_episodenumber>3.0</DVD_episodenumber>
  <DVD_season>2</DVD_season>
  <Director>Alik Sakharov</Director>
  <EpImgFlag>2</EpImgFlag>
  <EpisodeName>What is Dead May Never Die</EpisodeName>
  <EpisodeNumber>3</EpisodeNumber>
  <FirstAired>2012-04-15</FirstAired>
  <GuestStars>Donald Sumpter|Ron Donachie|Julian Glover|Robert Pugh|Patrick Malahide|Francis Magee|Gethin Anthony|Joe Dempsie|Tom Wlaschiha|Gwendoline Christie|Finn Jones|Ben Hawkey|Eros Vlahos|Gemma Whelan|Kristian Nairn|Hannah Murray|Fintan McKeown|Andy Kellegher</GuestStars>
  <IMDB_ID>tt2070135</IMDB_ID>
  <Language>en</Language>
  <Overview>At the Red Keep, Tyrion plots three alliances through the promise of marriage.  Catelyn arrives in the Stormlands to forge an alliance of her own, but King Renly, his new wife Margaery, and her brother Loras Tyrell have other plans.  At Winterfell, Luwin tries to decipher Bran’s dreams.</Overview>
  <ProductionCode></ProductionCode>
  <Rating>7.9</Rating>
  <RatingCount>329</RatingCount>
  <SeasonNumber>2</SeasonNumber>
  <Writer>Bryan Cogman</Writer>
  <absolute_number>13</absolute_number>
  <filename>episodes/121361/4245772.jpg</filename>
  <lastupdated>1364948292</lastupdated>
  <seasonid>473271</seasonid>
  <seriesid>121361</seriesid>
</Episode>
<Episode>
  <id>4245773</id>
  <Combined_episodenumber>4.0</Combined_episodenumber>
  <Combined_season>2</Combined_season>
  <DVD_chapter></DVD_chapter>
  <DVD_discid></DVD_discid>
  <DVD_episodenumber>4.0</DVD_episodenumber>
  <DVD_season>2</DVD_season>
  <Director>David Petrarca</Director>
  <EpImgFlag>2</EpImgFlag>
  <EpisodeName>Garden of Bones</EpisodeName>
  <EpisodeNumber>4</EpisodeNumber>
  <FirstAired>2012-04-22</FirstAired>
  <GuestStars>Gethin Anthony|Nicholas Blane|Nonso Anozie|Michael McElhatton|Joe Dempsie|Eugene Simon|Oona Chaplin|Gwendoline Christie|Ian Hanmore|Roxanne McKee|Amrita Acharia|Steven Cole|Ben Hawkey|Finn Jones|Esmé Bianco|Ian Whyte|Ian Beattie|Tony Way|Anthony Morris</GuestStars>
  <IMDB_ID>tt2069319</IMDB_ID>
  <Language>en</Language>
  <Overview>Joffrey punishes Sansa for Robb’s victories, and Tyrion scrambles to temper the king’s cruelty. Catelyn entreats Stannis and Renly to unite against the Lannisters. Dany and her khalasar arrive at the prosperous city of Qarth. Tyrion coerces a relative into being his eyes and ears. Arya and Gendry are taken to Harrenhal, where their lives are in the hands of Ser Gregor Clegane. Stannis orders Davos to smuggle Melisandre into a secret cove.</Overview>
  <ProductionCode></ProductionCode>
  <Rating>7.9</Rating>
  <RatingCount>331</RatingCount>
  <SeasonNumber>2</SeasonNumber>
  <Writer>Vanessa Taylor</Writer>
  <absolute_number>14</absolute_number>
  <filename>episodes/121361/4245773.jpg</filename>
  <lastupdated>1364949355</lastupdated>
  <seasonid>473271</seasonid>
  <seriesid>121361</seriesid>
</Episode>
<Episode>
  <id>4245774</id>
  <Combined_episodenumber>5.0</Combined_episodenumber>
  <Combined_season>2</Combined_season>
  <DVD_chapter></DVD_chapter>
  <DVD_discid></DVD_discid>
  <DVD_episodenumber>5.0</DVD_episodenumber>
  <DVD_season>2</DVD_season>
  <Director>David Petrarca</Director>
  <EpImgFlag>2</EpImgFlag>
  <EpisodeName>The Ghost of Harrenhal</EpisodeName>
  <EpisodeNumber>5</EpisodeNumber>
  <FirstAired>2012-04-29</FirstAired>
  <GuestStars>Donald Sumpter|Roy Dotrice|Ron Donachie|Gwendoline Christie|Natalia Tena|Gethin Anthony|Ian Hanmore|Tom Wlaschiha|Joe Dempsie|Eugene Simon|Simon Armstrong|Mark Stanley|Finn Jones|Ben Crompton|Roxanne McKee|Amrita Acharia|Steven Cole|Gemma Whelan</GuestStars>
  <IMDB_ID>tt2074658</IMDB_ID>
  <Language>en</Language>
  <Overview>The Baratheon rivalry ends, driving Catelyn to flee and Littlefinger to act. At King’s Landing, Tyrion’s source alerts him to Joffrey’s defense plan - and a mysterious secret weapon. Theon sails to the Stony Shore to prove he’s worthy to be called Ironborn. At Harrenhal, Arya receives a promise from Jaqen H’ghar, one of the prisoners she saved from the Gold Cloaks. The Night’s Watch arrive at the Fist of the First Men, an ancient ringfort where they hope to stem the wildings' advance.</Overview>
  <ProductionCode></ProductionCode>
  <Rating>7.9</Rating>
  <RatingCount>330</RatingCount>
  <SeasonNumber>2</SeasonNumber>
  <Writer>David Benioff|D.B. Weiss</Writer>
  <absolute_number>15</absolute_number>
  <filename>episodes/121361/4245774.jpg</filename>
  <lastupdated>1364948669</lastupdated>
  <seasonid>473271</seasonid>
  <seriesid>121361</seriesid>
</Episode>
<Episode>
  <id>4245775</id>
  <Combined_episodenumber>6.0</Combined_episodenumber>
  <Combined_season>2</Combined_season>
  <DVD_chapter></DVD_chapter>
  <DVD_discid></DVD_discid>
  <DVD_episodenumber>6.0</DVD_episodenumber>
  <DVD_season>2</DVD_season>
  <Director>David Nutter</Director>
  <EpImgFlag>2</EpImgFlag>
  <EpisodeName>The Old Gods and the New</EpisodeName>
  <EpisodeNumber>6</EpisodeNumber>
  <FirstAired>2012-05-06</FirstAired>
  <GuestStars>Donald Sumpter|Ron Donachie|Natalia Tena|Michael McElhatton|Nonso Anozie|Nicholas Blane|Tom Wlaschiha|Rose Leslie|Gwendoline Christie|Oona Chaplin|Simon Armstrong|Ralph Ineson|Ian Beattie|Fintan McKeown|Forbes KB|Amrita Acharia|Kristian Nairn|Steven Cole</GuestStars>
  <IMDB_ID>tt2085238</IMDB_ID>
  <Language>en</Language>
  <Overview>Theon completes his master stroke. In King's Landing, the Lannisters send Myrcella off to be married. Arya comes face to face with a surprise visitor. Dany vows to take what is hers. Robb and Catelyn receive crucial news. Qhorin gives Jon a chance to prove himself.</Overview>
  <ProductionCode></ProductionCode>
  <Rating>8.0</Rating>
  <RatingCount>321</RatingCount>
  <SeasonNumber>2</SeasonNumber>
  <Writer>Vanessa Taylor</Writer>
  <absolute_number>16</absolute_number>
  <filename>episodes/121361/4245775.jpg</filename>
  <lastupdated>1364949384</lastupdated>
  <seasonid>473271</seasonid>
  <seriesid>121361</seriesid>
</Episode>
<Episode>
  <id>4245776</id>
  <Combined_episodenumber>7.0</Combined_episodenumber>
  <Combined_season>2</Combined_season>
  <DVD_chapter></DVD_chapter>
  <DVD_discid></DVD_discid>
  <DVD_episodenumber>7.0</DVD_episodenumber>
  <DVD_season>2</DVD_season>
  <Director>David Nutter</Director>
  <EpImgFlag>2</EpImgFlag>
  <EpisodeName>A Man Without Honor</EpisodeName>
  <EpisodeNumber>7</EpisodeNumber>
  <FirstAired>2012-05-13</FirstAired>
  <GuestStars>Donald Sumpter|Ian Hanmore|Nicholas Blane|Nonso Anozie|Natalia Tena|Michael McElhatton|Rose Leslie|Gwendoline Christie|Oona Chaplin|Ralph Ineson|Laura Pradelska|John Stahl|Karl Davies|Forbes KB|Kristian Nairn|Steven Cole|Ian Whyte|Art Parkinson</GuestStars>
  <IMDB_ID>tt2085239</IMDB_ID>
  <Language>en</Language>
  <Overview>Jamie meets a distant relative. Daenerys receives an invitation to the House of the Undying. Theon leads a search party. Jon loses his way in the wilderness. Cersei counsels Sansa.</Overview>
  <ProductionCode></ProductionCode>
  <Rating>7.9</Rating>
  <RatingCount>324</RatingCount>
  <SeasonNumber>2</SeasonNumber>
  <Writer>David Benioff|D.B. Weiss</Writer>
  <absolute_number>17</absolute_number>
  <filename>episodes/121361/4245776.jpg</filename>
  <lastupdated>1364950582</lastupdated>
  <seasonid>473271</seasonid>
  <seriesid>121361</seriesid>
</Episode>
<Episode>
  <id>4245777</id>
  <Combined_episodenumber>8.0</Combined_episodenumber>
  <Combined_season>2</Combined_season>
  <DVD_chapter></DVD_chapter>
  <DVD_discid></DVD_discid>
  <DVD_episodenumber>8.0</DVD_episodenumber>
  <DVD_season>2</DVD_season>
  <Director>Alan Taylor</Director>
  <EpImgFlag>2</EpImgFlag>
  <EpisodeName>The Prince of Winterfell</EpisodeName>
  <EpisodeNumber>8</EpisodeNumber>
  <FirstAired>2012-05-20</FirstAired>
  <GuestStars>Donald Sumpter|Natalia Tena|Oona Chaplin|Michael McElhatton|Tom Wlaschiha|Rose Leslie|Simon Armstrong|Gemma Whelan|Joe Dempsie|Gwendoline Christie|Ralph Ineson|Ian Gelder|John Stahl|Mark Stanley|Ben Crompton|Ben Hawkey|Esmé Bianco|Andy Beckwith</GuestStars>
  <IMDB_ID>tt2085240</IMDB_ID>
  <Language>en</Language>
  <Overview>Theon receives a visitor. Arya asks her third and last death from Jaqen. While Stannis' army is reaching its destination, Davos is offered a reward.  Betrayal befalls Robb.</Overview>
  <ProductionCode></ProductionCode>
  <Rating>8.0</Rating>
  <RatingCount>314</RatingCount>
  <SeasonNumber>2</SeasonNumber>
  <Writer>David Benioff|D.B. Weiss</Writer>
  <absolute_number>18</absolute_number>
  <filename>episodes/121361/4245777.jpg</filename>
  <lastupdated>1364949657</lastupdated>
  <seasonid>473271</seasonid>
  <seriesid>121361</seriesid>
</Episode>
<Episode>
  <id>4245778</id>
  <Combined_episodenumber>9.0</Combined_episodenumber>
  <Combined_season>2</Combined_season>
  <DVD_chapter></DVD_chapter>
  <DVD_discid></DVD_discid>
  <DVD_episodenumber>9.0</DVD_episodenumber>
  <DVD_season>2</DVD_season>
  <Director>Neil Marshall</Director>
  <EpImgFlag>2</EpImgFlag>
  <EpisodeName>Blackwater</EpisodeName>
  <EpisodeNumber>9</EpisodeNumber>
  <FirstAired>2012-05-27</FirstAired>
  <GuestStars>Roy Dotrice|Julian Glover|Eugene Simon|Kerr Logan|Finn Jones|Sahara Knite|Tony Way|Wilko Johnson|Stephen Swift|Callum Wharry|Daniel Portman|Gordon Mahon|James Doran|Kieran Cunningham|Michael Grennell</GuestStars>
  <IMDB_ID>tt2084342</IMDB_ID>
  <Language>en</Language>
  <Overview>Tyrion and the Lannisters fight for their lives as Stannis’ fleet assaults King’s Landing.</Overview>
  <ProductionCode></ProductionCode>
  <Rating>8.4</Rating>
  <RatingCount>328</RatingCount>
  <SeasonNumber>2</SeasonNumber>
  <Writer>George R. R. Martin</Writer>
  <absolute_number>19</absolute_number>
  <filename>episodes/121361/4245778.jpg</filename>
  <lastupdated>1364949723</lastupdated>
  <seasonid>473271</seasonid>
  <seriesid>121361</seriesid>
</Episode>
<Episode>
  <id>4245779</id>
  <Combined_episodenumber>10.0</Combined_episodenumber>
  <Combined_season>2</Combined_season>
  <DVD_chapter></DVD_chapter>
  <DVD_discid></DVD_discid>
  <DVD_episodenumber>10.0</DVD_episodenumber>
  <DVD_season>2</DVD_season>
  <Director>Alan Taylor</Director>
  <EpImgFlag>2</EpImgFlag>
  <EpisodeName>Valar Morghulis</EpisodeName>
  <EpisodeNumber>10</EpisodeNumber>
  <FirstAired>2012-06-03</FirstAired>
  <GuestStars>Donald Sumpter|Julian Glover|Ian Hanmore|Natalia Tena|Tom Wlaschiha|Simon Armstrong|Gwendoline Christie|Rose Leslie|Nonso Anozie|Joe Dempsie|Oona Chaplin|Esmé Bianco|Finn Jones|Mark Stanley|Ben Crompton|Ben Hawkey|Ralph Ineson|Roxanne McKee|Steven Cole</GuestStars>
  <IMDB_ID>tt2112510</IMDB_ID>
  <Language>en</Language>
  <Overview>Tyrion awakens to a changed situation. King Joffrey doles out rewards to his subjects. As Theon stirs his men to action, Luwin offers some final advice. Brienne silences Jaime. Arya receives a gift from Jaqen. Dany goes to a strange place. Jon proves himself to Qhorin.</Overview>
  <ProductionCode></ProductionCode>
  <Rating>8.4</Rating>
  <RatingCount>298</RatingCount>
  <SeasonNumber>2</SeasonNumber>
  <Writer>David Benioff|D.B. Weiss</Writer>
  <absolute_number>20</absolute_number>
  <filename>episodes/121361/4245779.jpg</filename>
  <lastupdated>1364949965</lastupdated>
  <seasonid>473271</seasonid>
  <seriesid>121361</seriesid>
</Episode>
<Episode>
  <id>4293685</id>
  <Combined_episodenumber>1</Combined_episodenumber>
  <Combined_season>3</Combined_season>
  <DVD_chapter></DVD_chapter>
  <DVD_discid></DVD_discid>
  <DVD_episodenumber></DVD_episodenumber>
  <DVD_season></DVD_season>
  <Director>Daniel Minahan</Director>
  <EpImgFlag>2</EpImgFlag>
  <EpisodeName>Valar Dohaeris</EpisodeName>
  <EpisodeNumber>1</EpisodeNumber>
  <FirstAired>2013-03-31</FirstAired>
  <GuestStars></GuestStars>
  <IMDB_ID>tt2178782</IMDB_ID>
  <Language>en</Language>
  <Overview>Jon meets the King-Beyond-the-Wall while his Night Watch Brothers flee south. In King's Landing, Tyrion wants a reward, Margaery shows her charitable nature, Cersei arranges a dinner party, and Littlefinger offers to help Sansa. Across the Narrow Sea, Daenerys starts her journey west.</Overview>
  <ProductionCode></ProductionCode>
  <Rating>8.1</Rating>
  <RatingCount>146</RatingCount>
  <SeasonNumber>3</SeasonNumber>
  <Writer>David Benioff|D. B. Weiss</Writer>
  <absolute_number></absolute_number>
  <filename>episodes/121361/4293685.jpg</filename>
  <lastupdated>1365547290</lastupdated>
  <seasonid>488434</seasonid>
  <seriesid>121361</seriesid>
</Episode>
<Episode>
  <id>4517458</id>
  <Combined_episodenumber>2</Combined_episodenumber>
  <Combined_season>3</Combined_season>
  <DVD_chapter></DVD_chapter>
  <DVD_discid></DVD_discid>
  <DVD_episodenumber></DVD_episodenumber>
  <DVD_season></DVD_season>
  <Director>Daniel Minahan</Director>
  <EpImgFlag>2</EpImgFlag>
  <EpisodeName>Dark Wings, Dark Words</EpisodeName>
  <EpisodeNumber>2</EpisodeNumber>
  <FirstAired>2013-04-07</FirstAired>
  <GuestStars></GuestStars>
  <IMDB_ID>tt2178772</IMDB_ID>
  <Language>en</Language>
  <Overview>Sansa says too much. Shae asks Tyrion for a favor. Jaime finds a way to pass the time, while Arya encounters the Brotherhood Without Banners.</Overview>
  <ProductionCode></ProductionCode>
  <Rating>7.9</Rating>
  <RatingCount>80</RatingCount>
  <SeasonNumber>3</SeasonNumber>
  <Writer>Vanessa Taylor</Writer>
  <absolute_number></absolute_number>
  <filename>episodes/121361/4517458.jpg</filename>
  <lastupdated>1365547130</lastupdated>
  <seasonid>488434</seasonid>
  <seriesid>121361</seriesid>
</Episode>
<Episode>
  <id>4517459</id>
  <Combined_episodenumber>3</Combined_episodenumber>
  <Combined_season>3</Combined_season>
  <DVD_chapter></DVD_chapter>
  <DVD_discid></DVD_discid>
  <DVD_episodenumber></DVD_episodenumber>
  <DVD_season></DVD_season>
  <Director></Director>
  <EpImgFlag></EpImgFlag>
  <EpisodeName>Walk of Punishment</EpisodeName>
  <EpisodeNumber>3</EpisodeNumber>
  <FirstAired>2013-04-14</FirstAired>
  <GuestStars></GuestStars>
  <IMDB_ID>tt2178802</IMDB_ID>
  <Language>en</Language>
  <Overview>Tyrion gains new responsibilities; Jon is taken to the Fist of the First Men; Daenerys meets with the slavers; Jaime strikes a deal with his captors. </Overview>
  <ProductionCode></ProductionCode>
  <Rating></Rating>
  <RatingCount>0</RatingCount>
  <SeasonNumber>3</SeasonNumber>
  <Writer>David Benioff|D.B. Weiss</Writer>
  <absolute_number></absolute_number>
  <filename></filename>
  <lastupdated>1365019553</lastupdated>
  <seasonid>488434</seasonid>
  <seriesid>121361</seriesid>
</Episode>
<Episode>
  <id>4517460</id>
  <Combined_episodenumber>4</Combined_episodenumber>
  <Combined_season>3</Combined_season>
  <DVD_chapter></DVD_chapter>
  <DVD_discid></DVD_discid>
  <DVD_episodenumber></DVD_episodenumber>
  <DVD_season></DVD_season>
  <Director>Alex Graves</Director>
  <EpImgFlag></EpImgFlag>
  <EpisodeName>And Now His Watch is Ended</EpisodeName>
  <EpisodeNumber>4</EpisodeNumber>
  <FirstAired>2013-04-21</FirstAired>
  <GuestStars></GuestStars>
  <IMDB_ID>tt2178798</IMDB_ID>
  <Language>en</Language>
  <Overview>The Night's Watch takes stock; Varys meets his better; Arya is taken to the commander of the Brotherhood; Daenerys makes an exchange.</Overview>
  <ProductionCode></ProductionCode>
  <Rating></Rating>
  <RatingCount>0</RatingCount>
  <SeasonNumber>3</SeasonNumber>
  <Writer>David Benioff|D.B. Weiss</Writer>
  <absolute_number></absolute_number>
  <filename></filename>
  <lastupdated>1365019570</lastupdated>
  <seasonid>488434</seasonid>
  <seriesid>121361</seriesid>
</Episode>
<Episode>
  <id>4517461</id>
  <Combined_episodenumber>5</Combined_episodenumber>
  <Combined_season>3</Combined_season>
  <DVD_chapter></DVD_chapter>
  <DVD_discid></DVD_discid>
  <DVD_episodenumber></DVD_episodenumber>
  <DVD_season></DVD_season>
  <Director>Alex Graves</Director>
  <EpImgFlag></EpImgFlag>
  <EpisodeName>Kissed by Fire</EpisodeName>
  <EpisodeNumber>5</EpisodeNumber>
  <FirstAired>2013-04-28</FirstAired>
  <GuestStars></GuestStars>
  <IMDB_ID>tt2178788</IMDB_ID>
  <Language>en</Language>
  <Overview>The Hound is judged by the gods; Jaime is judged; Jon proves himself; Robb is betrayed; Tyrion learns the cost of weddings.</Overview>
  <ProductionCode></ProductionCode>
  <Rating></Rating>
  <RatingCount>0</RatingCount>
  <SeasonNumber>3</SeasonNumber>
  <Writer>Bryan Cogman</Writer>
  <absolute_number></absolute_number>
  <filename></filename>
  <lastupdated>1365105762</lastupdated>
  <seasonid>488434</seasonid>
  <seriesid>121361</seriesid>
</Episode>
<Episode>
  <id>4517462</id>
  <Combined_episodenumber>6</Combined_episodenumber>
  <Combined_season>3</Combined_season>
  <DVD_chapter></DVD_chapter>
  <DVD_discid></DVD_discid>
  <DVD_episodenumber></DVD_episodenumber>
  <DVD_season></DVD_season>
  <Director>Alik Sakharov</Director>
  <EpImgFlag></EpImgFlag>
  <EpisodeName>The Climb</EpisodeName>
  <EpisodeNumber>6</EpisodeNumber>
  <FirstAired>2013-05-05</FirstAired>
  <GuestStars></GuestStars>
  <IMDB_ID>tt2178812</IMDB_ID>
  <Language>en</Language>
  <Overview></Overview>
  <ProductionCode></ProductionCode>
  <Rating></Rating>
  <RatingCount>0</RatingCount>
  <SeasonNumber>3</SeasonNumber>
  <Writer>David Benioff|D.B. Weiss</Writer>
  <absolute_number></absolute_number>
  <filename></filename>
  <lastupdated>1365019610</lastupdated>
  <seasonid>488434</seasonid>
  <seriesid>121361</seriesid>
</Episode>
<Episode>
  <id>4517463</id>
  <Combined_episodenumber>7</Combined_episodenumber>
  <Combined_season>3</Combined_season>
  <DVD_chapter></DVD_chapter>
  <DVD_discid></DVD_discid>
  <DVD_episodenumber></DVD_episodenumber>
  <DVD_season></DVD_season>
  <Director>Michelle MacLaren</Director>
  <EpImgFlag></EpImgFlag>
  <EpisodeName>The Bear and the Maiden Fair</EpisodeName>
  <EpisodeNumber>7</EpisodeNumber>
  <FirstAired>2013-05-12</FirstAired>
  <GuestStars></GuestStars>
  <IMDB_ID>tt2178814</IMDB_ID>
  <Language>en</Language>
  <Overview></Overview>
  <ProductionCode></ProductionCode>
  <Rating></Rating>
  <RatingCount>0</RatingCount>
  <SeasonNumber>3</SeasonNumber>
  <Writer>George R.R. Martin</Writer>
  <absolute_number></absolute_number>
  <filename></filename>
  <lastupdated>1365019628</lastupdated>
  <seasonid>488434</seasonid>
  <seriesid>121361</seriesid>
</Episode>
<Episode>
  <id>4517464</id>
  <Combined_episodenumber>8</Combined_episodenumber>
  <Combined_season>3</Combined_season>
  <DVD_chapter></DVD_chapter>
  <DVD_discid></DVD_discid>
  <DVD_episodenumber></DVD_episodenumber>
  <DVD_season></DVD_season>
  <Director>Michelle MacLaren</Director>
  <EpImgFlag></EpImgFlag>
  <EpisodeName>Second Sons</EpisodeName>
  <EpisodeNumber>8</EpisodeNumber>
  <FirstAired>2013-05-19</FirstAired>
  <GuestStars></GuestStars>
  <IMDB_ID>tt2178806</IMDB_ID>
  <Language>en</Language>
  <Overview></Overview>
  <ProductionCode></ProductionCode>
  <Rating></Rating>
  <RatingCount>0</RatingCount>
  <SeasonNumber>3</SeasonNumber>
  <Writer>David Benioff|D.B. Weiss</Writer>
  <absolute_number></absolute_number>
  <filename></filename>
  <lastupdated>1365019647</lastupdated>
  <seasonid>488434</seasonid>
  <seriesid>121361</seriesid>
</Episode>
<Episode>
  <id>4517465</id>
  <Combined_episodenumber>9</Combined_episodenumber>
  <Combined_season>3</Combined_season>
  <DVD_chapter></DVD_chapter>
  <DVD_discid></DVD_discid>
  <DVD_episodenumber></DVD_episodenumber>
  <DVD_season></DVD_season>
  <Director>David Nutter</Director>
  <EpImgFlag></EpImgFlag>
  <EpisodeName>The Rains of Castamere</EpisodeName>
  <EpisodeNumber>9</EpisodeNumber>
  <FirstAired>2013-05-26</FirstAired>
  <GuestStars></GuestStars>
  <IMDB_ID>tt2178784</IMDB_ID>
  <Language>en</Language>
  <Overview></Overview>
  <ProductionCode></ProductionCode>
  <Rating></Rating>
  <RatingCount>0</RatingCount>
  <SeasonNumber>3</SeasonNumber>
  <Writer>David Benioff|D.B. Weiss</Writer>
  <absolute_number></absolute_number>
  <filename></filename>
  <lastupdated>1365019668</lastupdated>
  <seasonid>488434</seasonid>
  <seriesid>121361</seriesid>
</Episode>
<Episode>
  <id>4517466</id>
  <Combined_episodenumber>10</Combined_episodenumber>
  <Combined_season>3</Combined_season>
  <DVD_chapter></DVD_chapter>
  <DVD_discid></DVD_discid>
  <DVD_episodenumber></DVD_episodenumber>
  <DVD_season></DVD_season>
  <Director>David Nutter</Director>
  <EpImgFlag></EpImgFlag>
  <EpisodeName>Mhysa</EpisodeName>
  <EpisodeNumber>10</EpisodeNumber>
  <FirstAired>2013-06-02</FirstAired>
  <GuestStars></GuestStars>
  <IMDB_ID>tt2178796</IMDB_ID>
  <Language>en</Language>
  <Overview></Overview>
  <ProductionCode></ProductionCode>
  <Rating></Rating>
  <RatingCount>0</RatingCount>
  <SeasonNumber>3</SeasonNumber>
  <Writer>David Benioff|D.B. Weiss</Writer>
  <absolute_number></absolute_number>
  <filename></filename>
  <lastupdated>1365019686</lastupdated>
  <seasonid>488434</seasonid>
  <seriesid>121361</seriesid>
</Episode>
</Data>