<?xml version="1.0" encoding="UTF-8" ?>
<Actors>
<Actor>
  <id>16334</id>
  <Image>actors/16334.jpg</Image>
  <Name>Jenny McCarthy</Name>
  <Role>Six (Season 3)</Role>
  <SortOrder>3</SortOrder>
</Actor>
<Actor>
  <id>16333</id>
  <Image>actors/16333.jpg</Image>
  <Name>Terrence Scammell</Name>
  <Role>Darph Bobo</Role>
  <SortOrder>3</SortOrder>
</Actor>
<Actor>
  <id>16332</id>
  <Image>actors/16332.jpg</Image>
  <Name>Gina Gershon</Name>
  <Role>Six (Season 1)</Role>
  <SortOrder>3</SortOrder>
</Actor>
<Actor>
  <id>16331</id>
  <Image>actors/16331.jpg</Image>
  <Name>Maurice LaMarche</Name>
  <Role>Gus</Role>
  <SortOrder>3</SortOrder>
</Actor>
<Actor>
  <id>16329</id>
  <Image>actors/16329.jpg</Image>
  <Name>John Melendez</Name>
  <Role>Spaceship Bob</Role>
  <SortOrder>3</SortOrder>
</Actor>
<Actor>
  <id>16328</id>
  <Image>actors/16328.jpg</Image>
  <Name>Gayle Garfinkle</Name>
  <Role>T'nuk</Role>
  <SortOrder>3</SortOrder>
</Actor>
<Actor>
  <id>16327</id>
  <Image>actors/16327.jpg</Image>
  <Name>Rick Jones</Name>
  <Role>Whip</Role>
  <SortOrder>3</SortOrder>
</Actor>
<Actor>
  <id>16326</id>
  <Image>actors/16326.jpg</Image>
  <Name>Carmen Electra</Name>
  <Role>Six (Season 2)</Role>
  <SortOrder>3</SortOrder>
</Actor>
<Actor>
  <id>16325</id>
  <Image>actors/16325.jpg</Image>
  <Name>Stephen Root</Name>
  <Role>Chode</Role>
  <SortOrder>3</SortOrder>
</Actor>
<Actor>
  <id>16330</id>
  <Image></Image>
  <Name>Billie Lou Watt</Name>
  <Role></Role>
  <SortOrder>3</SortOrder>
</Actor>
</Actors>