<?xml version="1.0" encoding="UTF-8" ?>
<Data><Series>
  <id>72285</id>
  <Actors>|Jenny McCarthy|Terrence Scammell|Gina Gershon|Maurice LaMarche|John Melendez|Gayle Garfinkle|Rick Jones|Carmen Electra|Stephen Root|Billie Lou Watt|</Actors>
  <Airs_DayOfWeek>Sunday</Airs_DayOfWeek>
  <Airs_Time>8:20 PM</Airs_Time>
  <ContentRating></ContentRating>
  <FirstAired>2005-12-03</FirstAired>
  <Genre>|Animation|Science-Fiction|</Genre>
  <IMDB_ID>tt0315081</IMDB_ID>
  <Language>en</Language>
  <Network>SciFi</Network>
  <NetworkID></NetworkID>
  <Overview>Tripping the Rift is SciFi Channel's new comedy. Using CGI-animation and grotesque adult humour, Tripping the Rift is something new and exciting for the whole family. Providing that family is old enough to at least buy beer. Characters: Chode: The purple, yet frighteningly Kirkish,… More captain of the Jupiter 42. Has serious sexual issues. Has a penchant for petty theft, cheating and pornography. A true blue professional captain. Also part owner and captain of said vessel. Darph Bobo: The manic, stupid and utterly hateful Vader-spoof. Has the same homicidal tendencies as his Sith alter-ego, albeit more random in his delivery of punishment. Chode's arch-nemesis. Gus: Gus functions s both the ship's engineer and Chode's personal whipping boy. He has somewhat queer manners, which the other characters seem to find offensive. Bigots, all of them.</Overview>
  <Rating>8.3</Rating>
  <RatingCount>14</RatingCount>
  <Runtime>30</Runtime>
  <SeriesID>17504</SeriesID>
  <SeriesName>Tripping the Rift</SeriesName>
  <Status>Ended</Status>
  <added></added>
  <addedBy></addedBy>
  <banner>graphical/72285-g.jpg</banner>
  <fanart>fanart/original/72285-2.jpg</fanart>
  <lastupdated>1361136665</lastupdated>
  <poster>posters/72285-2.jpg</poster>
  <zap2it_id>SH640125</zap2it_id>
</Series>
<Episode>
  <id>500011</id>
  <Combined_episodenumber>0</Combined_episodenumber>
  <Combined_season>0</Combined_season>
  <DVD_chapter></DVD_chapter>
  <DVD_discid></DVD_discid>
  <DVD_episodenumber></DVD_episodenumber>
  <DVD_season></DVD_season>
  <Director></Director>
  <EpImgFlag></EpImgFlag>
  <EpisodeName></EpisodeName>
  <EpisodeNumber>0</EpisodeNumber>
  <FirstAired></FirstAired>
  <GuestStars></GuestStars>
  <IMDB_ID></IMDB_ID>
  <Language>en</Language>
  <Overview></Overview>
  <ProductionCode></ProductionCode>
  <Rating></Rating>
  <RatingCount>0</RatingCount>
  <SeasonNumber>0</SeasonNumber>
  <Writer></Writer>
  <absolute_number></absolute_number>
  <airsafter_season></airsafter_season>
  <airsbefore_episode></airsbefore_episode>
  <airsbefore_season></airsbefore_season>
  <filename></filename>
  <lastupdated>1311801667</lastupdated>
  <seasonid>19752</seasonid>
  <seriesid>72285</seriesid>
</Episode>
<Episode>
  <id>81204</id>
  <Combined_episodenumber>1</Combined_episodenumber>
  <Combined_season>0</Combined_season>
  <DVD_chapter></DVD_chapter>
  <DVD_discid></DVD_discid>
  <DVD_episodenumber></DVD_episodenumber>
  <DVD_season></DVD_season>
  <Director>Chris Moeller</Director>
  <EpImgFlag>3</EpImgFlag>
  <EpisodeName>Love and Darph...</EpisodeName>
  <EpisodeNumber>1</EpisodeNumber>
  <FirstAired>1999-11-30</FirstAired>
  <GuestStars>|Chuck Austen| Chris Moeller| Patrica  Beckman| Terry Farrell| Chris Moeller|</GuestStars>
  <IMDB_ID></IMDB_ID>
  <Language>en</Language>
  <Overview>Presumably a test for the networks, this 5:56 pilot introduces some of the characters that will come to be featured in the regular series, including Chode, Gus, Six (of One), and Darph Bobo.  The pilot features different voices than are on the regular series.  There are currently two versions of this pilot known, with one of them featuring the voice of Terry Farrell doing the voice for Six.

This is the only &quot;episode&quot; known that features blatant nudity of Six.</Overview>
  <ProductionCode></ProductionCode>
  <Rating>7.0</Rating>
  <RatingCount>1</RatingCount>
  <SeasonNumber>0</SeasonNumber>
  <Writer>Chris Moeller, Chuck Austen</Writer>
  <absolute_number></absolute_number>
  <airsafter_season></airsafter_season>
  <airsbefore_episode>1</airsbefore_episode>
  <airsbefore_season>1</airsbefore_season>
  <filename>episodes/72285/81204.jpg</filename>
  <lastupdated>1296728425</lastupdated>
  <seasonid>19752</seasonid>
  <seriesid>72285</seriesid>
</Episode>
<Episode>
  <id>363275</id>
  <Combined_episodenumber>2</Combined_episodenumber>
  <Combined_season>0</Combined_season>
  <DVD_chapter></DVD_chapter>
  <DVD_discid>DV15168</DVD_discid>
  <DVD_episodenumber></DVD_episodenumber>
  <DVD_season></DVD_season>
  <Director>Bernie Denk</Director>
  <EpImgFlag>3</EpImgFlag>
  <EpisodeName>Tripping the Rift: The Movie</EpisodeName>
  <EpisodeNumber>2</EpisodeNumber>
  <FirstAired>2008-03-25</FirstAired>
  <GuestStars></GuestStars>
  <IMDB_ID></IMDB_ID>
  <Language>en</Language>
  <Overview>What begins for Chode and crew as a routine mission to protect a pissed-off princess will soon become a filth- splattered saga of dismembered royalty, indestructible clown assassins and desperately horny housewives. What vile act has Chode committed to bring down the ultimate wrath of Bobo? Can Gus, Six, T’nuk, Whip and Bob stop a time-traveling killing machine from ruining a booze-soaked birthday party? How much does a lap- dance cost at the Grope-A-Cabana on Omicron 9?</Overview>
  <ProductionCode></ProductionCode>
  <Rating>7.0</Rating>
  <RatingCount>1</RatingCount>
  <SeasonNumber>0</SeasonNumber>
  <Writer></Writer>
  <absolute_number></absolute_number>
  <airsafter_season>3</airsafter_season>
  <airsbefore_episode></airsbefore_episode>
  <airsbefore_season></airsbefore_season>
  <filename>episodes/72285/363275.jpg</filename>
  <lastupdated>1208885941</lastupdated>
  <seasonid>19752</seasonid>
  <seriesid>72285</seriesid>
</Episode>
<Episode>
  <id>2262961</id>
  <Combined_episodenumber>3</Combined_episodenumber>
  <Combined_season>0</Combined_season>
  <DVD_chapter></DVD_chapter>
  <DVD_discid></DVD_discid>
  <DVD_episodenumber></DVD_episodenumber>
  <DVD_season></DVD_season>
  <Director></Director>
  <EpImgFlag></EpImgFlag>
  <EpisodeName>Oh Brother</EpisodeName>
  <EpisodeNumber>3</EpisodeNumber>
  <FirstAired>2001-01-01</FirstAired>
  <GuestStars></GuestStars>
  <IMDB_ID></IMDB_ID>
  <Language>en</Language>
  <Overview></Overview>
  <ProductionCode></ProductionCode>
  <Rating></Rating>
  <RatingCount>0</RatingCount>
  <SeasonNumber>0</SeasonNumber>
  <Writer></Writer>
  <absolute_number></absolute_number>
  <airsafter_season></airsafter_season>
  <airsbefore_episode>1</airsbefore_episode>
  <airsbefore_season>1</airsbefore_season>
  <filename></filename>
  <lastupdated>1311802498</lastupdated>
  <seasonid>19752</seasonid>
  <seriesid>72285</seriesid>
</Episode>
<Episode>
  <id>2262971</id>
  <Combined_episodenumber>4</Combined_episodenumber>
  <Combined_season>0</Combined_season>
  <DVD_chapter></DVD_chapter>
  <DVD_discid></DVD_discid>
  <DVD_episodenumber></DVD_episodenumber>
  <DVD_season></DVD_season>
  <Director>Chris Moeller</Director>
  <EpImgFlag>3</EpImgFlag>
  <EpisodeName>Love and Darph...</EpisodeName>
  <EpisodeNumber>4</EpisodeNumber>
  <FirstAired>1999-11-30</FirstAired>
  <GuestStars>|Chuck Austen| Chris Moeller| Patrica  Beckman| Terry Farrell| Chris Moeller|</GuestStars>
  <IMDB_ID></IMDB_ID>
  <Language>en</Language>
  <Overview>Presumably a test for the networks, this 5:56 pilot introduces some of the characters the will come to be featured in the regular series, including Chode, Gus, Six (of One), and Darph Bobo.  The pilot features different voices than are on the regular series.  There are currently two versions of this pilot known, with one of them featuring the voice of Terry Farrell doing the voice for Six.

This is the only &quot;episode&quot; known that features blatant nudity of Six.</Overview>
  <ProductionCode></ProductionCode>
  <Rating></Rating>
  <RatingCount>0</RatingCount>
  <SeasonNumber>0</SeasonNumber>
  <Writer>Chris Moeller, Chuck Austen</Writer>
  <absolute_number></absolute_number>
  <airsafter_season></airsafter_season>
  <airsbefore_episode>1</airsbefore_episode>
  <airsbefore_season>1</airsbefore_season>
  <filename>episodes/72285/2262971.jpg</filename>
  <lastupdated>1279332704</lastupdated>
  <seasonid>19752</seasonid>
  <seriesid>72285</seriesid>
</Episode>
<Episode>
  <id>2347391</id>
  <Combined_episodenumber>5</Combined_episodenumber>
  <Combined_season>0</Combined_season>
  <DVD_chapter></DVD_chapter>
  <DVD_discid></DVD_discid>
  <DVD_episodenumber></DVD_episodenumber>
  <DVD_season></DVD_season>
  <Director></Director>
  <EpImgFlag></EpImgFlag>
  <EpisodeName>Where No Chode Has Gone Before</EpisodeName>
  <EpisodeNumber>5</EpisodeNumber>
  <FirstAired></FirstAired>
  <GuestStars></GuestStars>
  <IMDB_ID></IMDB_ID>
  <Language>en</Language>
  <Overview>Season 2 DVD extra talking to cast and behind the scenes.</Overview>
  <ProductionCode></ProductionCode>
  <Rating>6.0</Rating>
  <RatingCount>1</RatingCount>
  <SeasonNumber>0</SeasonNumber>
  <Writer></Writer>
  <absolute_number></absolute_number>
  <airsafter_season>2</airsafter_season>
  <airsbefore_episode></airsbefore_episode>
  <airsbefore_season></airsbefore_season>
  <filename></filename>
  <lastupdated>1276149546</lastupdated>
  <seasonid>19752</seasonid>
  <seriesid>72285</seriesid>
</Episode>
<Episode>
  <id>2347401</id>
  <Combined_episodenumber>6</Combined_episodenumber>
  <Combined_season>0</Combined_season>
  <DVD_chapter></DVD_chapter>
  <DVD_discid></DVD_discid>
  <DVD_episodenumber></DVD_episodenumber>
  <DVD_season></DVD_season>
  <Director></Director>
  <EpImgFlag></EpImgFlag>
  <EpisodeName>Season 2 Outtakes and Bloopers</EpisodeName>
  <EpisodeNumber>6</EpisodeNumber>
  <FirstAired></FirstAired>
  <GuestStars></GuestStars>
  <IMDB_ID></IMDB_ID>
  <Language>en</Language>
  <Overview>Outtakes and Bloopers included on the season two DVD's.</Overview>
  <ProductionCode></ProductionCode>
  <Rating></Rating>
  <RatingCount>0</RatingCount>
  <SeasonNumber>0</SeasonNumber>
  <Writer></Writer>
  <absolute_number></absolute_number>
  <airsafter_season>2</airsafter_season>
  <airsbefore_episode></airsbefore_episode>
  <airsbefore_season></airsbefore_season>
  <filename></filename>
  <lastupdated>1276149605</lastupdated>
  <seasonid>19752</seasonid>
  <seriesid>72285</seriesid>
</Episode>
<Episode>
  <id>4139890</id>
  <Combined_episodenumber>7</Combined_episodenumber>
  <Combined_season>0</Combined_season>
  <DVD_chapter></DVD_chapter>
  <DVD_discid></DVD_discid>
  <DVD_episodenumber></DVD_episodenumber>
  <DVD_season></DVD_season>
  <Director>Chris Moeller</Director>
  <EpImgFlag></EpImgFlag>
  <EpisodeName>Web Pilot</EpisodeName>
  <EpisodeNumber>7</EpisodeNumber>
  <FirstAired></FirstAired>
  <GuestStars>|Chuck Austen| Chris Moeller| Patrica  Beckman| Terry Farrell| Chris Moeller|</GuestStars>
  <IMDB_ID></IMDB_ID>
  <Language>en</Language>
  <Overview>The original short released on the internet.

This pilot introduces some of the characters that will come to be featured in the regular series, including Chode, Gus, Six (of One), and Darph Bobo.  

In this release, the voice of Six is played by Terry Farrell (of DS9 fame).</Overview>
  <ProductionCode></ProductionCode>
  <Rating></Rating>
  <RatingCount>0</RatingCount>
  <SeasonNumber>0</SeasonNumber>
  <Writer>Chris Moeller, Chuck Austen</Writer>
  <absolute_number></absolute_number>
  <airsafter_season></airsafter_season>
  <airsbefore_episode>1</airsbefore_episode>
  <airsbefore_season>1</airsbefore_season>
  <filename></filename>
  <lastupdated>1359508611</lastupdated>
  <seasonid>19752</seasonid>
  <seriesid>72285</seriesid>
</Episode>
<Episode>
  <id>81205</id>
  <Combined_episodenumber>1</Combined_episodenumber>
  <Combined_season>1</Combined_season>
  <DVD_chapter></DVD_chapter>
  <DVD_discid></DVD_discid>
  <DVD_episodenumber></DVD_episodenumber>
  <DVD_season></DVD_season>
  <Director>Bernie Denk</Director>
  <EpImgFlag>3</EpImgFlag>
  <EpisodeName>God is Our Pilot</EpisodeName>
  <EpisodeNumber>1</EpisodeNumber>
  <FirstAired>2004-03-04</FirstAired>
  <GuestStars></GuestStars>
  <IMDB_ID></IMDB_ID>
  <Language>en</Language>
  <Overview>Chode and Gus embark on a time travel adventure to find out how the begining of time happened. Was it God or the &quot;Big Bang&quot; that create the universe? During their adventure, Chode alters the universe forever, but was this cosmic change a good one? Will Chode and Gus meet God, or will they meet their end?
</Overview>
  <ProductionCode></ProductionCode>
  <Rating>7.5</Rating>
  <RatingCount>4</RatingCount>
  <SeasonNumber>1</SeasonNumber>
  <Writer>Andrew Borakove, William Rosenthal</Writer>
  <absolute_number></absolute_number>
  <filename>episodes/72285/81205.jpg</filename>
  <lastupdated>1290585092</lastupdated>
  <seasonid>3848</seasonid>
  <seriesid>72285</seriesid>
</Episode>
<Episode>
  <id>81206</id>
  <Combined_episodenumber>2</Combined_episodenumber>
  <Combined_season>1</Combined_season>
  <DVD_chapter></DVD_chapter>
  <DVD_discid></DVD_discid>
  <DVD_episodenumber></DVD_episodenumber>
  <DVD_season></DVD_season>
  <Director>Bernie Denk</Director>
  <EpImgFlag>3</EpImgFlag>
  <EpisodeName>Mutilation Ball</EpisodeName>
  <EpisodeNumber>2</EpisodeNumber>
  <FirstAired>2004-03-11</FirstAired>
  <GuestStars></GuestStars>
  <IMDB_ID></IMDB_ID>
  <Language>en</Language>
  <Overview>The Mutilation Ball Championship game is coming up.  The Confederation is set to take on The Dark Clowns.  They haven't beaten the Clowns since their star player Malek retired.  Chode and crew are assigned to find Malek and get him to make a one time comeback.  In exchange for Chode's service the Confederation would drop all charges against him.
</Overview>
  <ProductionCode></ProductionCode>
  <Rating>7.0</Rating>
  <RatingCount>2</RatingCount>
  <SeasonNumber>1</SeasonNumber>
  <Writer>Sy Rosen, Lanier Laney, Terry Sweeney</Writer>
  <absolute_number></absolute_number>
  <filename>episodes/72285/81206.jpg</filename>
  <lastupdated>1344550962</lastupdated>
  <seasonid>3848</seasonid>
  <seriesid>72285</seriesid>
</Episode>
<Episode>
  <id>81207</id>
  <Combined_episodenumber>3</Combined_episodenumber>
  <Combined_season>1</Combined_season>
  <DVD_chapter></DVD_chapter>
  <DVD_discid></DVD_discid>
  <DVD_episodenumber></DVD_episodenumber>
  <DVD_season></DVD_season>
  <Director></Director>
  <EpImgFlag>3</EpImgFlag>
  <EpisodeName>Miss Galaxy 5000</EpisodeName>
  <EpisodeNumber>3</EpisodeNumber>
  <FirstAired>2004-03-18</FirstAired>
  <GuestStars></GuestStars>
  <IMDB_ID></IMDB_ID>
  <Language>en</Language>
  <Overview>Chode enters Six in the Miss Galaxy 5000 pageant in order to make $1 million. Chode and Darph Bobo are judges (having stolen the real judges ID badges). However, Darph Bobo's daughter, Babette, is also in the contest --- and is killing off all of her competition.
</Overview>
  <ProductionCode></ProductionCode>
  <Rating>2.0</Rating>
  <RatingCount>1</RatingCount>
  <SeasonNumber>1</SeasonNumber>
  <Writer></Writer>
  <absolute_number></absolute_number>
  <filename>episodes/72285/81207.jpg</filename>
  <lastupdated>1340735343</lastupdated>
  <seasonid>3848</seasonid>
  <seriesid>72285</seriesid>
</Episode>
<Episode>
  <id>81208</id>
  <Combined_episodenumber>4</Combined_episodenumber>
  <Combined_season>1</Combined_season>
  <DVD_chapter></DVD_chapter>
  <DVD_discid></DVD_discid>
  <DVD_episodenumber></DVD_episodenumber>
  <DVD_season></DVD_season>
  <Director>Bernie Denk</Director>
  <EpImgFlag>3</EpImgFlag>
  <EpisodeName>Sidewalk Soiler</EpisodeName>
  <EpisodeNumber>4</EpisodeNumber>
  <FirstAired>2004-03-25</FirstAired>
  <GuestStars>|Maria Bamford| Jeff Bennett| Ian James Corlett| Hilary Hagg|</GuestStars>
  <IMDB_ID></IMDB_ID>
  <Language>en</Language>
  <Overview>The episode starts with hot Chode-on-android action, showcasing Chode's disinterest in Six's satisfaction. Their sexual games are discovered by Whip, who turns blind. Chode watches a commercial about shield devices available on a nearby planet, where he decides to go to make a bargain. On the planet Snozzle, polluting is punishable by the death penalty. After getting a free package of Clownzooka chew and spit gum, Chode is arrested and convicted of polluting after spitting his gum on the street.  Chode is sentenced to death by public electrocution. While Six wants to rescue Chode, the others are more interested in letting him fry.
</Overview>
  <ProductionCode></ProductionCode>
  <Rating></Rating>
  <RatingCount>0</RatingCount>
  <SeasonNumber>1</SeasonNumber>
  <Writer>Dode B. Levenson</Writer>
  <absolute_number></absolute_number>
  <filename>episodes/72285/81208.jpg</filename>
  <lastupdated>1340735363</lastupdated>
  <seasonid>3848</seasonid>
  <seriesid>72285</seriesid>
</Episode>
<Episode>
  <id>81209</id>
  <Combined_episodenumber>5</Combined_episodenumber>
  <Combined_season>1</Combined_season>
  <DVD_chapter></DVD_chapter>
  <DVD_discid></DVD_discid>
  <DVD_episodenumber></DVD_episodenumber>
  <DVD_season></DVD_season>
  <Director></Director>
  <EpImgFlag>3</EpImgFlag>
  <EpisodeName>The Devil and a Guy Named Webster</EpisodeName>
  <EpisodeNumber>5</EpisodeNumber>
  <FirstAired>2004-04-01</FirstAired>
  <GuestStars>|Emmanuel Lewis|</GuestStars>
  <IMDB_ID></IMDB_ID>
  <Language>en</Language>
  <Overview>When the crew and ship plunge into a black hole, Chode is forced to sign a deal with the Devil to escape (and get an 80' plasma screen TV in the process), but comes to regret the arrangement.
</Overview>
  <ProductionCode></ProductionCode>
  <Rating>7.0</Rating>
  <RatingCount>1</RatingCount>
  <SeasonNumber>1</SeasonNumber>
  <Writer>Mark Amato</Writer>
  <absolute_number></absolute_number>
  <filename>episodes/72285/81209.jpg</filename>
  <lastupdated>1340735397</lastupdated>
  <seasonid>3848</seasonid>
  <seriesid>72285</seriesid>
</Episode>
<Episode>
  <id>81210</id>
  <Combined_episodenumber>6</Combined_episodenumber>
  <Combined_season>1</Combined_season>
  <DVD_chapter></DVD_chapter>
  <DVD_discid></DVD_discid>
  <DVD_episodenumber></DVD_episodenumber>
  <DVD_season></DVD_season>
  <Director>Bernie Denk</Director>
  <EpImgFlag>3</EpImgFlag>
  <EpisodeName>Totally Recalled</EpisodeName>
  <EpisodeNumber>6</EpisodeNumber>
  <FirstAired>2004-04-08</FirstAired>
  <GuestStars></GuestStars>
  <IMDB_ID></IMDB_ID>
  <Language>en</Language>
  <Overview>Gus is recalled and replaced with a new model, while Chode's grandfather shows up for a visit.
</Overview>
  <ProductionCode></ProductionCode>
  <Rating>10.0</Rating>
  <RatingCount>1</RatingCount>
  <SeasonNumber>1</SeasonNumber>
  <Writer>Mark Amato</Writer>
  <absolute_number></absolute_number>
  <filename>episodes/72285/81210.jpg</filename>
  <lastupdated>1344551010</lastupdated>
  <seasonid>3848</seasonid>
  <seriesid>72285</seriesid>
</Episode>
<Episode>
  <id>81211</id>
  <Combined_episodenumber>7</Combined_episodenumber>
  <Combined_season>1</Combined_season>
  <DVD_chapter></DVD_chapter>
  <DVD_discid></DVD_discid>
  <DVD_episodenumber></DVD_episodenumber>
  <DVD_season></DVD_season>
  <Director>Bernie Denk</Director>
  <EpImgFlag>3</EpImgFlag>
  <EpisodeName>2001 Space Idiocies</EpisodeName>
  <EpisodeNumber>7</EpisodeNumber>
  <FirstAired>2004-04-15</FirstAired>
  <GuestStars></GuestStars>
  <IMDB_ID></IMDB_ID>
  <Language>en</Language>
  <Overview>Chode gets involved in a scheme by Dark Bobo to corrupt an innocent bunch of natives on a primitive planet.
</Overview>
  <ProductionCode></ProductionCode>
  <Rating></Rating>
  <RatingCount>0</RatingCount>
  <SeasonNumber>1</SeasonNumber>
  <Writer>Jeffrey Westbrook</Writer>
  <absolute_number></absolute_number>
  <filename>episodes/72285/81211.jpg</filename>
  <lastupdated>1340735434</lastupdated>
  <seasonid>3848</seasonid>
  <seriesid>72285</seriesid>
</Episode>
<Episode>
  <id>81212</id>
  <Combined_episodenumber>8</Combined_episodenumber>
  <Combined_season>1</Combined_season>
  <DVD_chapter></DVD_chapter>
  <DVD_discid></DVD_discid>
  <DVD_episodenumber></DVD_episodenumber>
  <DVD_season></DVD_season>
  <Director>Bernie Denk</Director>
  <EpImgFlag>3</EpImgFlag>
  <EpisodeName>Power to the Peephole</EpisodeName>
  <EpisodeNumber>8</EpisodeNumber>
  <FirstAired>2004-04-22</FirstAired>
  <GuestStars>|Quiton Flynn|</GuestStars>
  <IMDB_ID></IMDB_ID>
  <Language>en</Language>
  <Overview>The crew ended up on Floridia 7 and in the middle of an election between Dark Clown Confederation presidential candidates.
</Overview>
  <ProductionCode></ProductionCode>
  <Rating>7.0</Rating>
  <RatingCount>1</RatingCount>
  <SeasonNumber>1</SeasonNumber>
  <Writer>Terry Sweeney, Lanier Laney</Writer>
  <absolute_number></absolute_number>
  <filename>episodes/72285/81212.jpg</filename>
  <lastupdated>1340735449</lastupdated>
  <seasonid>3848</seasonid>
  <seriesid>72285</seriesid>
</Episode>
<Episode>
  <id>81213</id>
  <Combined_episodenumber>9</Combined_episodenumber>
  <Combined_season>1</Combined_season>
  <DVD_chapter></DVD_chapter>
  <DVD_discid></DVD_discid>
  <DVD_episodenumber></DVD_episodenumber>
  <DVD_season></DVD_season>
  <Director>Bernie Denk</Director>
  <EpImgFlag>3</EpImgFlag>
  <EpisodeName>Nature vs. Nurture</EpisodeName>
  <EpisodeNumber>9</EpisodeNumber>
  <FirstAired>2004-05-06</FirstAired>
  <GuestStars></GuestStars>
  <IMDB_ID></IMDB_ID>
  <Language>en</Language>
  <Overview>After a firefight with Darph Bobo the crew is forced to make an emergency landing on the planed Muldavia 5 (It's not the one with insatiable nymphos either to Chodes chagrin). On the planet Chode finds his long lost (and to him unknown), identical twin, HRH King Regis Philbrick ruler of all Muldavia. The twins decide to swap places, to try out each others life style. Chode soon finds the boring dreary side of being ruler with all the handshaking and baby kissing, and Regis sees the dangers of fighting dark clowns.
</Overview>
  <ProductionCode></ProductionCode>
  <Rating>8.0</Rating>
  <RatingCount>1</RatingCount>
  <SeasonNumber>1</SeasonNumber>
  <Writer>Adam I. Lapidus</Writer>
  <absolute_number></absolute_number>
  <filename>episodes/72285/81213.jpg</filename>
  <lastupdated>1340735467</lastupdated>
  <seasonid>3848</seasonid>
  <seriesid>72285</seriesid>
</Episode>
<Episode>
  <id>81214</id>
  <Combined_episodenumber>10</Combined_episodenumber>
  <Combined_season>1</Combined_season>
  <DVD_chapter></DVD_chapter>
  <DVD_discid></DVD_discid>
  <DVD_episodenumber></DVD_episodenumber>
  <DVD_season></DVD_season>
  <Director>Bernie Denk</Director>
  <EpImgFlag>3</EpImgFlag>
  <EpisodeName>Aliens, Guns &amp; a Monkey</EpisodeName>
  <EpisodeNumber>10</EpisodeNumber>
  <FirstAired>2004-05-13</FirstAired>
  <GuestStars>|Jess Harnell| Dwight Schultz| Janyse Jaud| Dan Green| Phil LaMarr|</GuestStars>
  <IMDB_ID></IMDB_ID>
  <Language>en</Language>
  <Overview>Chode and the crew land on a planet where everyone has guns, and a father and son need reuniting as only Chode can do.
</Overview>
  <ProductionCode></ProductionCode>
  <Rating>7.0</Rating>
  <RatingCount>1</RatingCount>
  <SeasonNumber>1</SeasonNumber>
  <Writer>Dode B. Levenson</Writer>
  <absolute_number></absolute_number>
  <filename>episodes/72285/81214.jpg</filename>
  <lastupdated>1340735482</lastupdated>
  <seasonid>3848</seasonid>
  <seriesid>72285</seriesid>
</Episode>
<Episode>
  <id>81215</id>
  <Combined_episodenumber>11</Combined_episodenumber>
  <Combined_season>1</Combined_season>
  <DVD_chapter></DVD_chapter>
  <DVD_discid></DVD_discid>
  <DVD_episodenumber></DVD_episodenumber>
  <DVD_season></DVD_season>
  <Director>Bernie Denk</Director>
  <EpImgFlag>3</EpImgFlag>
  <EpisodeName>Emasculating Chode</EpisodeName>
  <EpisodeNumber>11</EpisodeNumber>
  <FirstAired>2004-05-20</FirstAired>
  <GuestStars>|Cathy Weseluck| Matt Hill|</GuestStars>
  <IMDB_ID></IMDB_ID>
  <Language>en</Language>
  <Overview>Whip is abducted by Darth Bobo and Chode heads down to rescue him.  Chode ends up losing a tentacle in the process and must now questions his masculinity as a result.
</Overview>
  <ProductionCode></ProductionCode>
  <Rating>7.0</Rating>
  <RatingCount>1</RatingCount>
  <SeasonNumber>1</SeasonNumber>
  <Writer>Dode B. Levenson</Writer>
  <absolute_number></absolute_number>
  <filename>episodes/72285/81215.jpg</filename>
  <lastupdated>1340735495</lastupdated>
  <seasonid>3848</seasonid>
  <seriesid>72285</seriesid>
</Episode>
<Episode>
  <id>81216</id>
  <Combined_episodenumber>12</Combined_episodenumber>
  <Combined_season>1</Combined_season>
  <DVD_chapter></DVD_chapter>
  <DVD_discid></DVD_discid>
  <DVD_episodenumber></DVD_episodenumber>
  <DVD_season></DVD_season>
  <Director>Bernie Denk</Director>
  <EpImgFlag>3</EpImgFlag>
  <EpisodeName>Love Conquers All... Almost</EpisodeName>
  <EpisodeNumber>12</EpisodeNumber>
  <FirstAired>2004-05-27</FirstAired>
  <GuestStars></GuestStars>
  <IMDB_ID></IMDB_ID>
  <Language>en</Language>
  <Overview>After losing a load of cocoa butter that he was transporting, Chode needs to repay the cost of the cargo. There's a one million gold piece prize up for grabs, so Chode decides to try to play matchmaker and set up Commander Adam's son and Darph Bobo's daughter.
</Overview>
  <ProductionCode></ProductionCode>
  <Rating>7.0</Rating>
  <RatingCount>1</RatingCount>
  <SeasonNumber>1</SeasonNumber>
  <Writer>John Unholz</Writer>
  <absolute_number></absolute_number>
  <filename>episodes/72285/81216.jpg</filename>
  <lastupdated>1340735515</lastupdated>
  <seasonid>3848</seasonid>
  <seriesid>72285</seriesid>
</Episode>
<Episode>
  <id>312780</id>
  <Combined_episodenumber>13</Combined_episodenumber>
  <Combined_season>1</Combined_season>
  <DVD_chapter></DVD_chapter>
  <DVD_discid></DVD_discid>
  <DVD_episodenumber></DVD_episodenumber>
  <DVD_season></DVD_season>
  <Director>Bernie Denk</Director>
  <EpImgFlag>3</EpImgFlag>
  <EpisodeName>Android Love</EpisodeName>
  <EpisodeNumber>13</EpisodeNumber>
  <FirstAired>2004-06-03</FirstAired>
  <GuestStars></GuestStars>
  <IMDB_ID></IMDB_ID>
  <Language>en</Language>
  <Overview>After Six takes T'nuk to a male strip bar, she finds that one of her old friends is working there.
</Overview>
  <ProductionCode></ProductionCode>
  <Rating></Rating>
  <RatingCount>0</RatingCount>
  <SeasonNumber>1</SeasonNumber>
  <Writer>Lanier Laney, Terry Sweeney</Writer>
  <absolute_number></absolute_number>
  <filename>episodes/72285/312780.jpg</filename>
  <lastupdated>1340735528</lastupdated>
  <seasonid>3848</seasonid>
  <seriesid>72285</seriesid>
</Episode>
<Episode>
  <id>81217</id>
  <Combined_episodenumber>1</Combined_episodenumber>
  <Combined_season>2</Combined_season>
  <DVD_chapter></DVD_chapter>
  <DVD_discid></DVD_discid>
  <DVD_episodenumber></DVD_episodenumber>
  <DVD_season></DVD_season>
  <Director>Jon Minnis</Director>
  <EpImgFlag>1</EpImgFlag>
  <EpisodeName>Cool Whip</EpisodeName>
  <EpisodeNumber>1</EpisodeNumber>
  <FirstAired>2005-07-27</FirstAired>
  <GuestStars>|Brian Drummond| Jillian Michaels|</GuestStars>
  <IMDB_ID></IMDB_ID>
  <Language>en</Language>
  <Overview>Whip accidentally takes control of the ship and lands on the planet Kraven, where he becomes a star.
</Overview>
  <ProductionCode></ProductionCode>
  <Rating></Rating>
  <RatingCount>0</RatingCount>
  <SeasonNumber>2</SeasonNumber>
  <Writer>Ken Goin</Writer>
  <absolute_number></absolute_number>
  <filename>episodes/72285/81217.jpg</filename>
  <lastupdated>1340735548</lastupdated>
  <seasonid>3849</seasonid>
  <seriesid>72285</seriesid>
</Episode>
<Episode>
  <id>81218</id>
  <Combined_episodenumber>2</Combined_episodenumber>
  <Combined_season>2</Combined_season>
  <DVD_chapter></DVD_chapter>
  <DVD_discid></DVD_discid>
  <DVD_episodenumber></DVD_episodenumber>
  <DVD_season></DVD_season>
  <Director>Jon Minnis</Director>
  <EpImgFlag>1</EpImgFlag>
  <EpisodeName>You Want To Put That Where?</EpisodeName>
  <EpisodeNumber>2</EpisodeNumber>
  <FirstAired>2005-07-27</FirstAired>
  <GuestStars></GuestStars>
  <IMDB_ID></IMDB_ID>
  <Language>en</Language>
  <Overview>When Chode is stuck with a load of G-Y jelly, they must make for Fabulous Heaven. a world inhabited by homosexuals.
</Overview>
  <ProductionCode></ProductionCode>
  <Rating></Rating>
  <RatingCount>0</RatingCount>
  <SeasonNumber>2</SeasonNumber>
  <Writer>Dan Berendsen</Writer>
  <absolute_number></absolute_number>
  <filename>episodes/72285/81218.jpg</filename>
  <lastupdated>1340735590</lastupdated>
  <seasonid>3849</seasonid>
  <seriesid>72285</seriesid>
</Episode>
<Episode>
  <id>295313</id>
  <Combined_episodenumber>3</Combined_episodenumber>
  <Combined_season>2</Combined_season>
  <DVD_chapter></DVD_chapter>
  <DVD_discid></DVD_discid>
  <DVD_episodenumber></DVD_episodenumber>
  <DVD_season></DVD_season>
  <Director>Jon Minnis</Director>
  <EpImgFlag>1</EpImgFlag>
  <EpisodeName>Honey, I Shrunk the Crew</EpisodeName>
  <EpisodeNumber>3</EpisodeNumber>
  <FirstAired>2005-08-03</FirstAired>
  <GuestStars>|Brendon Small| Cathy Weseluck| Bill Farmer|</GuestStars>
  <IMDB_ID></IMDB_ID>
  <Language>en</Language>
  <Overview>Darph Bobo seeks revenge when Chode steals his identity and credit card. and reprograms the Jupiter to self-destruct.
</Overview>
  <ProductionCode></ProductionCode>
  <Rating></Rating>
  <RatingCount>0</RatingCount>
  <SeasonNumber>2</SeasonNumber>
  <Writer>Ken Goin</Writer>
  <absolute_number></absolute_number>
  <filename>episodes/72285/295313.jpg</filename>
  <lastupdated>1340735596</lastupdated>
  <seasonid>3849</seasonid>
  <seriesid>72285</seriesid>
</Episode>
<Episode>
  <id>295393</id>
  <Combined_episodenumber>4</Combined_episodenumber>
  <Combined_season>2</Combined_season>
  <DVD_chapter></DVD_chapter>
  <DVD_discid></DVD_discid>
  <DVD_episodenumber></DVD_episodenumber>
  <DVD_season></DVD_season>
  <Director>Jon Minnis</Director>
  <EpImgFlag>1</EpImgFlag>
  <EpisodeName>Ghost Ship</EpisodeName>
  <EpisodeNumber>4</EpisodeNumber>
  <FirstAired>2005-08-10</FirstAired>
  <GuestStars></GuestStars>
  <IMDB_ID></IMDB_ID>
  <Language>en</Language>
  <Overview>When they run out of fuel, Chode and crew must board a ghost ship to refuel and must confront their greatest fears.
</Overview>
  <ProductionCode></ProductionCode>
  <Rating></Rating>
  <RatingCount>0</RatingCount>
  <SeasonNumber>2</SeasonNumber>
  <Writer>Mark Amato</Writer>
  <absolute_number></absolute_number>
  <filename>episodes/72285/295393.jpg</filename>
  <lastupdated>1344550825</lastupdated>
  <seasonid>3849</seasonid>
  <seriesid>72285</seriesid>
</Episode>
<Episode>
  <id>295394</id>
  <Combined_episodenumber>5</Combined_episodenumber>
  <Combined_season>2</Combined_season>
  <DVD_chapter></DVD_chapter>
  <DVD_discid></DVD_discid>
  <DVD_episodenumber></DVD_episodenumber>
  <DVD_season></DVD_season>
  <Director>Jon Minnis</Director>
  <EpImgFlag>1</EpImgFlag>
  <EpisodeName>Benito's Revenge</EpisodeName>
  <EpisodeNumber>5</EpisodeNumber>
  <FirstAired>2005-08-17</FirstAired>
  <GuestStars>|Carrie Daniels| Matt Frewer| Andrea Libman| John Byner| Paul Rugg|</GuestStars>
  <IMDB_ID></IMDB_ID>
  <Language>en</Language>
  <Overview>Chode responds to a request for assistance (sorta) from his grandfather Benito and uncovers Darph Bobo's latest evil scheme.
</Overview>
  <ProductionCode></ProductionCode>
  <Rating></Rating>
  <RatingCount>0</RatingCount>
  <SeasonNumber>2</SeasonNumber>
  <Writer>Mark Amato</Writer>
  <absolute_number></absolute_number>
  <filename>episodes/72285/295394.jpg</filename>
  <lastupdated>1340735625</lastupdated>
  <seasonid>3849</seasonid>
  <seriesid>72285</seriesid>
</Episode>
<Episode>
  <id>295396</id>
  <Combined_episodenumber>6</Combined_episodenumber>
  <Combined_season>2</Combined_season>
  <DVD_chapter></DVD_chapter>
  <DVD_discid></DVD_discid>
  <DVD_episodenumber></DVD_episodenumber>
  <DVD_season></DVD_season>
  <Director>Jon Minnis</Director>
  <EpImgFlag>1</EpImgFlag>
  <EpisodeName>All For None</EpisodeName>
  <EpisodeNumber>6</EpisodeNumber>
  <FirstAired>2005-08-24</FirstAired>
  <GuestStars>|Dave Willis| Marty Grabstein| Janice Kawaye| Paul Dobson| Ted Cole| Samuel Vincent| Billy West|</GuestStars>
  <IMDB_ID></IMDB_ID>
  <Language>en</Language>
  <Overview>The Jupiter 42 crew is unwittingly sold into slavery after a mutiny against Chode.
</Overview>
  <ProductionCode></ProductionCode>
  <Rating></Rating>
  <RatingCount>0</RatingCount>
  <SeasonNumber>2</SeasonNumber>
  <Writer>Mark Amato</Writer>
  <absolute_number></absolute_number>
  <filename>episodes/72285/295396.jpg</filename>
  <lastupdated>1340735636</lastupdated>
  <seasonid>3849</seasonid>
  <seriesid>72285</seriesid>
</Episode>
<Episode>
  <id>295395</id>
  <Combined_episodenumber>7</Combined_episodenumber>
  <Combined_season>2</Combined_season>
  <DVD_chapter></DVD_chapter>
  <DVD_discid></DVD_discid>
  <DVD_episodenumber></DVD_episodenumber>
  <DVD_season></DVD_season>
  <Director>Jon Minnis</Director>
  <EpImgFlag>1</EpImgFlag>
  <EpisodeName>Extreme Chode</EpisodeName>
  <EpisodeNumber>7</EpisodeNumber>
  <FirstAired>2005-08-31</FirstAired>
  <GuestStars></GuestStars>
  <IMDB_ID></IMDB_ID>
  <Language>en</Language>
  <Overview>One of Chode's old rivals tries to one-up Chode in an x-treme space-boarding event.
</Overview>
  <ProductionCode></ProductionCode>
  <Rating>7.0</Rating>
  <RatingCount>1</RatingCount>
  <SeasonNumber>2</SeasonNumber>
  <Writer>Ken Goin</Writer>
  <absolute_number></absolute_number>
  <filename>episodes/72285/295395.jpg</filename>
  <lastupdated>1340735647</lastupdated>
  <seasonid>3849</seasonid>
  <seriesid>72285</seriesid>
</Episode>
<Episode>
  <id>296371</id>
  <Combined_episodenumber>8</Combined_episodenumber>
  <Combined_season>2</Combined_season>
  <DVD_chapter></DVD_chapter>
  <DVD_discid></DVD_discid>
  <DVD_episodenumber></DVD_episodenumber>
  <DVD_season></DVD_season>
  <Director>Jon Minnis</Director>
  <EpImgFlag>1</EpImgFlag>
  <EpisodeName>Roswell</EpisodeName>
  <EpisodeNumber>8</EpisodeNumber>
  <FirstAired>2005-09-14</FirstAired>
  <GuestStars></GuestStars>
  <IMDB_ID></IMDB_ID>
  <Language>en</Language>
  <Overview>Trying to avoid two aliens holding them up for an insurance scam, Chode inadvertently crashes the ship at Roswell, N.M. in the 20th century.
</Overview>
  <ProductionCode></ProductionCode>
  <Rating></Rating>
  <RatingCount>0</RatingCount>
  <SeasonNumber>2</SeasonNumber>
  <Writer>Terry Sweeney, Lanier Laney</Writer>
  <absolute_number></absolute_number>
  <filename>episodes/72285/296371.jpg</filename>
  <lastupdated>1242931028</lastupdated>
  <seasonid>3849</seasonid>
  <seriesid>72285</seriesid>
</Episode>
<Episode>
  <id>296372</id>
  <Combined_episodenumber>9</Combined_episodenumber>
  <Combined_season>2</Combined_season>
  <DVD_chapter></DVD_chapter>
  <DVD_discid></DVD_discid>
  <DVD_episodenumber></DVD_episodenumber>
  <DVD_season></DVD_season>
  <Director>Jon Minnis</Director>
  <EpImgFlag>1</EpImgFlag>
  <EpisodeName>Santa Clownza</EpisodeName>
  <EpisodeNumber>9</EpisodeNumber>
  <FirstAired>2005-09-21</FirstAired>
  <GuestStars>|Brenna O'Brien| Thom  Adcox| Corey Burton|</GuestStars>
  <IMDB_ID></IMDB_ID>
  <Language>en</Language>
  <Overview>Chode plans revenge when Darph Bobo sabotages his vacation.
</Overview>
  <ProductionCode></ProductionCode>
  <Rating>6.0</Rating>
  <RatingCount>1</RatingCount>
  <SeasonNumber>2</SeasonNumber>
  <Writer>Mark Amato</Writer>
  <absolute_number></absolute_number>
  <filename>episodes/72285/296372.jpg</filename>
  <lastupdated>1340735663</lastupdated>
  <seasonid>3849</seasonid>
  <seriesid>72285</seriesid>
</Episode>
<Episode>
  <id>300531</id>
  <Combined_episodenumber>10</Combined_episodenumber>
  <Combined_season>2</Combined_season>
  <DVD_chapter></DVD_chapter>
  <DVD_discid></DVD_discid>
  <DVD_episodenumber></DVD_episodenumber>
  <DVD_season></DVD_season>
  <Director>Jon Minnis</Director>
  <EpImgFlag>1</EpImgFlag>
  <EpisodeName>Chode &amp; Bobo's High School Reunion</EpisodeName>
  <EpisodeNumber>10</EpisodeNumber>
  <FirstAired>2005-09-28</FirstAired>
  <GuestStars></GuestStars>
  <IMDB_ID></IMDB_ID>
  <Language>en</Language>
  <Overview>Chode heads back to his high school reunion, but ends up having to make Bobo a &quot;cool&quot; kid.
</Overview>
  <ProductionCode></ProductionCode>
  <Rating></Rating>
  <RatingCount>0</RatingCount>
  <SeasonNumber>2</SeasonNumber>
  <Writer>Ken Goin</Writer>
  <absolute_number></absolute_number>
  <filename>episodes/72285/300531.jpg</filename>
  <lastupdated>1340735696</lastupdated>
  <seasonid>3849</seasonid>
  <seriesid>72285</seriesid>
</Episode>
<Episode>
  <id>296373</id>
  <Combined_episodenumber>11</Combined_episodenumber>
  <Combined_season>2</Combined_season>
  <DVD_chapter></DVD_chapter>
  <DVD_discid></DVD_discid>
  <DVD_episodenumber></DVD_episodenumber>
  <DVD_season></DVD_season>
  <Director>Jon Minnis</Director>
  <EpImgFlag>1</EpImgFlag>
  <EpisodeName>Creaturepalooza</EpisodeName>
  <EpisodeNumber>11</EpisodeNumber>
  <FirstAired>2005-10-05</FirstAired>
  <GuestStars></GuestStars>
  <IMDB_ID></IMDB_ID>
  <Language>en</Language>
  <Overview>When Captain Adam goes missing on the most dangerous planet in the universe, his wife Nancy blackmails Chode into going to rescue him.
</Overview>
  <ProductionCode></ProductionCode>
  <Rating>5.0</Rating>
  <RatingCount>1</RatingCount>
  <SeasonNumber>2</SeasonNumber>
  <Writer>Terry Sweeney, Lanier Laney</Writer>
  <absolute_number></absolute_number>
  <filename>episodes/72285/296373.jpg</filename>
  <lastupdated>1340735713</lastupdated>
  <seasonid>3849</seasonid>
  <seriesid>72285</seriesid>
</Episode>
<Episode>
  <id>300649</id>
  <Combined_episodenumber>12</Combined_episodenumber>
  <Combined_season>2</Combined_season>
  <DVD_chapter></DVD_chapter>
  <DVD_discid></DVD_discid>
  <DVD_episodenumber></DVD_episodenumber>
  <DVD_season></DVD_season>
  <Director>Jon Minnis</Director>
  <EpImgFlag>1</EpImgFlag>
  <EpisodeName>Chode's Near Death-Experience</EpisodeName>
  <EpisodeNumber>12</EpisodeNumber>
  <FirstAired>2005-10-12</FirstAired>
  <GuestStars>|Hilary Haag| Cathy Weseluck| Elson  Gold| Paul Reubens|</GuestStars>
  <IMDB_ID></IMDB_ID>
  <Language>en</Language>
  <Overview>After choking on a hamburger and having a near-death experience, Chode tries to make up for the things he has done wrong.
</Overview>
  <ProductionCode></ProductionCode>
  <Rating></Rating>
  <RatingCount>0</RatingCount>
  <SeasonNumber>2</SeasonNumber>
  <Writer>Terry Sweeney, Lanier Laney</Writer>
  <absolute_number></absolute_number>
  <filename>episodes/72285/300649.jpg</filename>
  <lastupdated>1340735731</lastupdated>
  <seasonid>3849</seasonid>
  <seriesid>72285</seriesid>
</Episode>
<Episode>
  <id>300650</id>
  <Combined_episodenumber>13</Combined_episodenumber>
  <Combined_season>2</Combined_season>
  <DVD_chapter></DVD_chapter>
  <DVD_discid></DVD_discid>
  <DVD_episodenumber></DVD_episodenumber>
  <DVD_season></DVD_season>
  <Director>Jon Minnis</Director>
  <EpImgFlag>1</EpImgFlag>
  <EpisodeName>Six, Lies and Videotape</EpisodeName>
  <EpisodeNumber>13</EpisodeNumber>
  <FirstAired>2005-10-19</FirstAired>
  <GuestStars>|Patricia Hearst|</GuestStars>
  <IMDB_ID></IMDB_ID>
  <Language>en</Language>
  <Overview>A surprise from Six's past revisits her while she is in jail for a crime she did not commit.
</Overview>
  <ProductionCode></ProductionCode>
  <Rating></Rating>
  <RatingCount>0</RatingCount>
  <SeasonNumber>2</SeasonNumber>
  <Writer>Terry Sweeney, Lanier Laney</Writer>
  <absolute_number></absolute_number>
  <filename>episodes/72285/300650.jpg</filename>
  <lastupdated>1344550900</lastupdated>
  <seasonid>3849</seasonid>
  <seriesid>72285</seriesid>
</Episode>
<Episode>
  <id>339511</id>
  <Combined_episodenumber>1</Combined_episodenumber>
  <Combined_season>3</Combined_season>
  <DVD_chapter></DVD_chapter>
  <DVD_discid></DVD_discid>
  <DVD_episodenumber></DVD_episodenumber>
  <DVD_season></DVD_season>
  <Director></Director>
  <EpImgFlag>1</EpImgFlag>
  <EpisodeName>Chode-Eraser</EpisodeName>
  <EpisodeNumber>1</EpisodeNumber>
  <FirstAired>2007-09-06</FirstAired>
  <GuestStars></GuestStars>
  <IMDB_ID></IMDB_ID>
  <Language>en</Language>
  <Overview>When Darph Bobo and Bernice are informed that their sweet little Babette is with child and Chode is the father, Bernice re-programmes a killer cyborg to travel back in time and dispense with the pathetic, purple pervert before he can do the dirty deed. But hey, don’t worry too much about Chode. In the words of the Terminator…`He’ll live`.</Overview>
  <ProductionCode></ProductionCode>
  <Rating></Rating>
  <RatingCount>0</RatingCount>
  <SeasonNumber>3</SeasonNumber>
  <Writer></Writer>
  <absolute_number></absolute_number>
  <filename>episodes/72285/339511.jpg</filename>
  <lastupdated>1230540697</lastupdated>
  <seasonid>29038</seasonid>
  <seriesid>72285</seriesid>
</Episode>
<Episode>
  <id>339510</id>
  <Combined_episodenumber>2</Combined_episodenumber>
  <Combined_season>3</Combined_season>
  <DVD_chapter></DVD_chapter>
  <DVD_discid></DVD_discid>
  <DVD_episodenumber></DVD_episodenumber>
  <DVD_season></DVD_season>
  <Director></Director>
  <EpImgFlag>1</EpImgFlag>
  <EpisodeName>Skankenstein</EpisodeName>
  <EpisodeNumber>2</EpisodeNumber>
  <FirstAired>2007-09-13</FirstAired>
  <GuestStars></GuestStars>
  <IMDB_ID></IMDB_ID>
  <Language>en</Language>
  <Overview>The evil and accent challenged Prime-Minister of Slovenia plans to kill the country’s Princess in order to take control. For his coup to work, he must first hire bodyguards for her to divert suspicion away from him, and secondly make sure the bodyguards are an incompetent bunch of numb nuts. No second-guessing who gets the job.</Overview>
  <ProductionCode></ProductionCode>
  <Rating></Rating>
  <RatingCount>0</RatingCount>
  <SeasonNumber>3</SeasonNumber>
  <Writer></Writer>
  <absolute_number></absolute_number>
  <filename>episodes/72285/339510.jpg</filename>
  <lastupdated>1230540706</lastupdated>
  <seasonid>29038</seasonid>
  <seriesid>72285</seriesid>
</Episode>
<Episode>
  <id>339512</id>
  <Combined_episodenumber>3</Combined_episodenumber>
  <Combined_season>3</Combined_season>
  <DVD_chapter></DVD_chapter>
  <DVD_discid></DVD_discid>
  <DVD_episodenumber></DVD_episodenumber>
  <DVD_season></DVD_season>
  <Director></Director>
  <EpImgFlag>1</EpImgFlag>
  <EpisodeName>To Ebay or not to Ebay</EpisodeName>
  <EpisodeNumber>3</EpisodeNumber>
  <FirstAired>2007-09-20</FirstAired>
  <GuestStars></GuestStars>
  <IMDB_ID></IMDB_ID>
  <Language>en</Language>
  <Overview>Strange things are going on aboard the Jupiter 42. Personal items along with parts of the ship are disappearing. Every one’s a suspect but the finger of guilt is eventually aimed squarely at Gus who has a gambling debt and might be selling the stuff on Ebay to get out of the hole. Question: can a robot with cement shoes drown?</Overview>
  <ProductionCode></ProductionCode>
  <Rating></Rating>
  <RatingCount>0</RatingCount>
  <SeasonNumber>3</SeasonNumber>
  <Writer></Writer>
  <absolute_number></absolute_number>
  <filename>episodes/72285/339512.jpg</filename>
  <lastupdated>1230540717</lastupdated>
  <seasonid>29038</seasonid>
  <seriesid>72285</seriesid>
</Episode>
<Episode>
  <id>339513</id>
  <Combined_episodenumber>4</Combined_episodenumber>
  <Combined_season>3</Combined_season>
  <DVD_chapter></DVD_chapter>
  <DVD_discid></DVD_discid>
  <DVD_episodenumber></DVD_episodenumber>
  <DVD_season></DVD_season>
  <Director></Director>
  <EpImgFlag>1</EpImgFlag>
  <EpisodeName>23 ½</EpisodeName>
  <EpisodeNumber>4</EpisodeNumber>
  <FirstAired>2007-10-11</FirstAired>
  <GuestStars></GuestStars>
  <IMDB_ID></IMDB_ID>
  <Language>en</Language>
  <Overview>Darth Bobo nous prouve encore une fois qu’il est le clown le plus exécrable en ville. Cette fois, il a kidnappé Sixe afin de forcer Ardillon à tuer le commandant Adam. Ardillon doit non seulement libérer Sixe, mais il doit affronter un avion plein d’horribles serpents venimeux qui pique tout droit dans le désert.</Overview>
  <ProductionCode></ProductionCode>
  <Rating></Rating>
  <RatingCount>0</RatingCount>
  <SeasonNumber>3</SeasonNumber>
  <Writer></Writer>
  <absolute_number></absolute_number>
  <filename>episodes/72285/339513.jpg</filename>
  <lastupdated>1230540731</lastupdated>
  <seasonid>29038</seasonid>
  <seriesid>72285</seriesid>
</Episode>
<Episode>
  <id>339514</id>
  <Combined_episodenumber>5</Combined_episodenumber>
  <Combined_season>3</Combined_season>
  <DVD_chapter></DVD_chapter>
  <DVD_discid></DVD_discid>
  <DVD_episodenumber></DVD_episodenumber>
  <DVD_season></DVD_season>
  <Director></Director>
  <EpImgFlag>1</EpImgFlag>
  <EpisodeName>Chuckles Bites the Dust</EpisodeName>
  <EpisodeNumber>5</EpisodeNumber>
  <FirstAired>2007-10-18</FirstAired>
  <GuestStars></GuestStars>
  <IMDB_ID></IMDB_ID>
  <Language>en</Language>
  <Overview>Darph Bobo’s grandfather has just passed on and his dying wish was for his old nemesis, Chode’s granddaddy Benito, to attend the funeral. Benito informs everyone that he’ll attend…over his dead body. But that may be closer to the truth than Benito realises, especially as Granddad Bobo isn’t quite as deceased as he lets on.</Overview>
  <ProductionCode></ProductionCode>
  <Rating></Rating>
  <RatingCount>0</RatingCount>
  <SeasonNumber>3</SeasonNumber>
  <Writer></Writer>
  <absolute_number></absolute_number>
  <filename>episodes/72285/339514.jpg</filename>
  <lastupdated>1230540752</lastupdated>
  <seasonid>29038</seasonid>
  <seriesid>72285</seriesid>
</Episode>
<Episode>
  <id>340081</id>
  <Combined_episodenumber>6</Combined_episodenumber>
  <Combined_season>3</Combined_season>
  <DVD_chapter></DVD_chapter>
  <DVD_discid></DVD_discid>
  <DVD_episodenumber></DVD_episodenumber>
  <DVD_season></DVD_season>
  <Director></Director>
  <EpImgFlag>1</EpImgFlag>
  <EpisodeName>The Need for Greed</EpisodeName>
  <EpisodeNumber>6</EpisodeNumber>
  <FirstAired>2007-10-25</FirstAired>
  <GuestStars></GuestStars>
  <IMDB_ID></IMDB_ID>
  <Language>en</Language>
  <Overview>The crew is broke, but Six gets an e-mail that she is receiving a huge inheritance. Rather than help the crew, she wants to give it away to charities. They suck up to her and make her captain hoping to trick her into giving them some of the money.</Overview>
  <ProductionCode></ProductionCode>
  <Rating>4.0</Rating>
  <RatingCount>1</RatingCount>
  <SeasonNumber>3</SeasonNumber>
  <Writer></Writer>
  <absolute_number></absolute_number>
  <filename>episodes/72285/340081.jpg</filename>
  <lastupdated>1230540801</lastupdated>
  <seasonid>29038</seasonid>
  <seriesid>72285</seriesid>
</Episode>
<Episode>
  <id>344513</id>
  <Combined_episodenumber>7</Combined_episodenumber>
  <Combined_season>3</Combined_season>
  <DVD_chapter></DVD_chapter>
  <DVD_discid></DVD_discid>
  <DVD_episodenumber></DVD_episodenumber>
  <DVD_season></DVD_season>
  <Director></Director>
  <EpImgFlag>1</EpImgFlag>
  <EpisodeName>Hollow Chode</EpisodeName>
  <EpisodeNumber>7</EpisodeNumber>
  <FirstAired>2007-11-01</FirstAired>
  <GuestStars></GuestStars>
  <IMDB_ID></IMDB_ID>
  <Language>en</Language>
  <Overview>After Chode refuses to pay a gypsy at a carnival (who just read him his &quot;fortune&quot;) she puts a hex on him to make him invisible. But it turns out he is more than just invisible, he is being erased from existence.</Overview>
  <ProductionCode>3,7</ProductionCode>
  <Rating>4.0</Rating>
  <RatingCount>1</RatingCount>
  <SeasonNumber>3</SeasonNumber>
  <Writer></Writer>
  <absolute_number></absolute_number>
  <filename>episodes/72285/344513.jpg</filename>
  <lastupdated>1230540813</lastupdated>
  <seasonid>29038</seasonid>
  <seriesid>72285</seriesid>
</Episode>
<Episode>
  <id>344514</id>
  <Combined_episodenumber>8</Combined_episodenumber>
  <Combined_season>3</Combined_season>
  <DVD_chapter></DVD_chapter>
  <DVD_discid></DVD_discid>
  <DVD_episodenumber></DVD_episodenumber>
  <DVD_season></DVD_season>
  <Director></Director>
  <EpImgFlag>1</EpImgFlag>
  <EpisodeName>Raiders of the Lost Crock of */@?#!</EpisodeName>
  <EpisodeNumber>8</EpisodeNumber>
  <FirstAired>2007-11-08</FirstAired>
  <GuestStars></GuestStars>
  <IMDB_ID></IMDB_ID>
  <Language>en</Language>
  <Overview>After Six cuts off Chode, he and Gus decide to hit a strip club. At the club, Chode is given a medallion that is supposedly a key to a treasure, but we soon find out its true purpose. Meanwhile, the rest of the crew are stuck in a tractor-beam, and the ship is running out of air...but they can't get away because Chode locked the controls when they left for the club.</Overview>
  <ProductionCode>3.9</ProductionCode>
  <Rating></Rating>
  <RatingCount>0</RatingCount>
  <SeasonNumber>3</SeasonNumber>
  <Writer></Writer>
  <absolute_number></absolute_number>
  <filename>episodes/72285/344514.jpg</filename>
  <lastupdated>1272359286</lastupdated>
  <seasonid>29038</seasonid>
  <seriesid>72285</seriesid>
</Episode>
<Episode>
  <id>353248</id>
  <Combined_episodenumber>9</Combined_episodenumber>
  <Combined_season>3</Combined_season>
  <DVD_chapter></DVD_chapter>
  <DVD_discid></DVD_discid>
  <DVD_episodenumber></DVD_episodenumber>
  <DVD_season></DVD_season>
  <Director></Director>
  <EpImgFlag>1</EpImgFlag>
  <EpisodeName>Witness Protection</EpisodeName>
  <EpisodeNumber>9</EpisodeNumber>
  <FirstAired>2007-12-13</FirstAired>
  <GuestStars></GuestStars>
  <IMDB_ID></IMDB_ID>
  <Language>en</Language>
  <Overview>Chode is picked up for shoplifting, but Commander Adam is only using him to get to Darth Bobo.  To keep Chode safe, Adam sends him off to a far away planet in the witness protection program.  On the planet, four housewives, desperate for sex, all try to compete to get Chode.</Overview>
  <ProductionCode></ProductionCode>
  <Rating>7.0</Rating>
  <RatingCount>1</RatingCount>
  <SeasonNumber>3</SeasonNumber>
  <Writer></Writer>
  <absolute_number></absolute_number>
  <filename>episodes/72285/353248.jpg</filename>
  <lastupdated>1242931307</lastupdated>
  <seasonid>29038</seasonid>
  <seriesid>72285</seriesid>
</Episode>
<Episode>
  <id>353249</id>
  <Combined_episodenumber>10</Combined_episodenumber>
  <Combined_season>3</Combined_season>
  <DVD_chapter></DVD_chapter>
  <DVD_discid></DVD_discid>
  <DVD_episodenumber></DVD_episodenumber>
  <DVD_season></DVD_season>
  <Director></Director>
  <EpImgFlag>1</EpImgFlag>
  <EpisodeName>The Son also Rises</EpisodeName>
  <EpisodeNumber>10</EpisodeNumber>
  <FirstAired>2007-12-20</FirstAired>
  <GuestStars></GuestStars>
  <IMDB_ID></IMDB_ID>
  <Language>en</Language>
  <Overview>Chode gets contacted from a long-past ex-girlfriend, and informs him he has a son. Now suddenly a father, he is forced into custody and takes him home to the ship. An unexpected twist takes him from showing he can try to be a good father, to his old self again.</Overview>
  <ProductionCode>3.10</ProductionCode>
  <Rating></Rating>
  <RatingCount>0</RatingCount>
  <SeasonNumber>3</SeasonNumber>
  <Writer></Writer>
  <absolute_number></absolute_number>
  <filename>episodes/72285/353249.jpg</filename>
  <lastupdated>1230540853</lastupdated>
  <seasonid>29038</seasonid>
  <seriesid>72285</seriesid>
</Episode>
<Episode>
  <id>353250</id>
  <Combined_episodenumber>11</Combined_episodenumber>
  <Combined_season>3</Combined_season>
  <DVD_chapter></DVD_chapter>
  <DVD_discid></DVD_discid>
  <DVD_episodenumber></DVD_episodenumber>
  <DVD_season></DVD_season>
  <Director></Director>
  <EpImgFlag>1</EpImgFlag>
  <EpisodeName>Extreme Take-Over</EpisodeName>
  <EpisodeNumber>11</EpisodeNumber>
  <FirstAired>2007-12-27</FirstAired>
  <GuestStars></GuestStars>
  <IMDB_ID></IMDB_ID>
  <Language>en</Language>
  <Overview>Chode enters Bob (and the crew) in a space race called &quot;The Fifty MKronig Flaming Colossus.&quot;  In an attempt to cheat himself into first place in the race, he gets Bob modified in a chop-shop.  But he soon finds out that he got more modifications done to Bob than he had wanted.</Overview>
  <ProductionCode>3.11</ProductionCode>
  <Rating></Rating>
  <RatingCount>0</RatingCount>
  <SeasonNumber>3</SeasonNumber>
  <Writer></Writer>
  <absolute_number></absolute_number>
  <filename>episodes/72285/353250.jpg</filename>
  <lastupdated>1242931284</lastupdated>
  <seasonid>29038</seasonid>
  <seriesid>72285</seriesid>
</Episode>
<Episode>
  <id>353251</id>
  <Combined_episodenumber>12</Combined_episodenumber>
  <Combined_season>3</Combined_season>
  <DVD_chapter></DVD_chapter>
  <DVD_discid></DVD_discid>
  <DVD_episodenumber></DVD_episodenumber>
  <DVD_season></DVD_season>
  <Director></Director>
  <EpImgFlag>1</EpImgFlag>
  <EpisodeName>Battle of the Bulge</EpisodeName>
  <EpisodeNumber>12</EpisodeNumber>
  <FirstAired>2008-01-03</FirstAired>
  <GuestStars></GuestStars>
  <IMDB_ID></IMDB_ID>
  <Language>en</Language>
  <Overview>Chode is suffering from dysfunction, and while single-mindedly trying to prove his manhood, he ends up putting the ship and the whole universe in danger.</Overview>
  <ProductionCode></ProductionCode>
  <Rating>7.0</Rating>
  <RatingCount>1</RatingCount>
  <SeasonNumber>3</SeasonNumber>
  <Writer></Writer>
  <absolute_number></absolute_number>
  <filename>episodes/72285/353251.jpg</filename>
  <lastupdated>1327754722</lastupdated>
  <seasonid>29038</seasonid>
  <seriesid>72285</seriesid>
</Episode>
<Episode>
  <id>353252</id>
  <Combined_episodenumber>13</Combined_episodenumber>
  <Combined_season>3</Combined_season>
  <DVD_chapter></DVD_chapter>
  <DVD_discid></DVD_discid>
  <DVD_episodenumber></DVD_episodenumber>
  <DVD_season></DVD_season>
  <Director></Director>
  <EpImgFlag>1</EpImgFlag>
  <EpisodeName>Tragically Whip</EpisodeName>
  <EpisodeNumber>13</EpisodeNumber>
  <FirstAired>2008-01-10</FirstAired>
  <GuestStars></GuestStars>
  <IMDB_ID></IMDB_ID>
  <Language>en</Language>
  <Overview>Chode takes the crew on a company vacation, since he finds an offer for a free family vacation, but it ends up costing Chode much more than he bargained for.</Overview>
  <ProductionCode></ProductionCode>
  <Rating></Rating>
  <RatingCount>0</RatingCount>
  <SeasonNumber>3</SeasonNumber>
  <Writer></Writer>
  <absolute_number></absolute_number>
  <filename>episodes/72285/353252.jpg</filename>
  <lastupdated>1327754740</lastupdated>
  <seasonid>29038</seasonid>
  <seriesid>72285</seriesid>
</Episode>
</Data>