<?xml version="1.0" encoding="UTF-8" ?>
<Actors>
<Actor>
  <id>206001</id>
  <Image>actors/206001.jpg</Image>
  <Name>Lucas Neff</Name>
  <Role>Jimmy Chance</Role>
  <SortOrder>0</SortOrder>
</Actor>
<Actor>
  <id>206021</id>
  <Image>actors/206021.jpg</Image>
  <Name>Martha Plimpton</Name>
  <Role>Virginia Chance</Role>
  <SortOrder>1</SortOrder>
</Actor>
<Actor>
  <id>206011</id>
  <Image>actors/206011.jpg</Image>
  <Name>Garret Dillahunt</Name>
  <Role>Burt Chance</Role>
  <SortOrder>2</SortOrder>
</Actor>
<Actor>
  <id>206051</id>
  <Image>actors/206051.jpg</Image>
  <Name>Shannon Marie Woodward</Name>
  <Role>Sabrina Collins</Role>
  <SortOrder>3</SortOrder>
</Actor>
<Actor>
  <id>206031</id>
  <Image>actors/206031.jpg</Image>
  <Name>Cloris Leachman</Name>
  <Role>Maw Maw</Role>
  <SortOrder>3</SortOrder>
</Actor>
<Actor>
  <id>304025</id>
  <Image></Image>
  <Name>Gregg Binkley</Name>
  <Role>Barney</Role>
  <SortOrder>3</SortOrder>
</Actor>
</Actors>