<?xml version="1.0" encoding="UTF-8" ?>
<Data><Series>
  <id>250626</id>
  <Actors>||</Actors>
  <Airs_DayOfWeek></Airs_DayOfWeek>
  <Airs_Time></Airs_Time>
  <ContentRating>TV-PG</ContentRating>
  <FirstAired>1971-04-27</FirstAired>
  <Genre>|Comedy|</Genre>
  <IMDB_ID>tt0066628</IMDB_ID>
  <Language>en</Language>
  <Network>ITV</Network>
  <NetworkID></NetworkID>
  <Overview>Newly widowed mother Sally Harrison is trying to hold down a job as an assistant to Mr Campbell, a vet. Her children are Simon and Peter, and her aunt Flo tries to help. She has an occasional love interest in the form of antique bookseller, widower David Redway, who has a daughter Jane.
</Overview>
  <Rating></Rating>
  <RatingCount>0</RatingCount>
  <Runtime>30</Runtime>
  <SeriesID></SeriesID>
  <SeriesName>And Mother Makes Three</SeriesName>
  <Status>Ended</Status>
  <added>2011-07-31 00:37:43</added>
  <addedBy>346723</addedBy>
  <banner>graphical/250626-g.jpg</banner>
  <fanart>fanart/original/250626-1.jpg</fanart>
  <lastupdated>1348671377</lastupdated>
  <poster>posters/250626-2.jpg</poster>
  <zap2it_id></zap2it_id>
</Series>
<Episode>
  <id>4142345</id>
  <Combined_episodenumber>1.0</Combined_episodenumber>
  <Combined_season>1</Combined_season>
  <DVD_chapter></DVD_chapter>
  <DVD_discid></DVD_discid>
  <DVD_episodenumber>1.0</DVD_episodenumber>
  <DVD_season>1</DVD_season>
  <Director>Peter Frazer-Jones</Director>
  <EpImgFlag></EpImgFlag>
  <EpisodeName>Simon's Holiday</EpisodeName>
  <EpisodeNumber>1</EpisodeNumber>
  <FirstAired>1971-04-27</FirstAired>
  <GuestStars>Wendy Craig, Robin Davies</GuestStars>
  <IMDB_ID></IMDB_ID>
  <Language>en</Language>
  <Overview>Simon is going camping and has given his mother a long list of essential requirements. In order to acquaint himself with the pitfalls ahead, he decides to spend the night under canvas in the back garden - while Sally worries about him from the comfort of the house.

</Overview>
  <ProductionCode></ProductionCode>
  <Rating></Rating>
  <RatingCount>0</RatingCount>
  <SeasonNumber>1</SeasonNumber>
  <Writer>Peter Robinson</Writer>
  <absolute_number></absolute_number>
  <filename></filename>
  <lastupdated>1312101233</lastupdated>
  <seasonid>470798</seasonid>
  <seriesid>250626</seriesid>
</Episode>
<Episode>
  <id>4142346</id>
  <Combined_episodenumber>2.0</Combined_episodenumber>
  <Combined_season>1</Combined_season>
  <DVD_chapter></DVD_chapter>
  <DVD_discid></DVD_discid>
  <DVD_episodenumber>2.0</DVD_episodenumber>
  <DVD_season>1</DVD_season>
  <Director>Peter Frazer-Jones</Director>
  <EpImgFlag></EpImgFlag>
  <EpisodeName>Birthday Bike</EpisodeName>
  <EpisodeNumber>2</EpisodeNumber>
  <FirstAired>1971-05-04</FirstAired>
  <GuestStars>Wendy Craig, Robin Davies</GuestStars>
  <IMDB_ID></IMDB_ID>
  <Language>en</Language>
  <Overview>Sally is determined to get Simon a new bicycle for his birthday and so offers to do extra hours at work. Once she has acquired the bike she then has the problem of keeping it a secret until the happy day...</Overview>
  <ProductionCode></ProductionCode>
  <Rating></Rating>
  <RatingCount>0</RatingCount>
  <SeasonNumber>1</SeasonNumber>
  <Writer>Peter Robinson</Writer>
  <absolute_number></absolute_number>
  <filename></filename>
  <lastupdated>1312101399</lastupdated>
  <seasonid>470798</seasonid>
  <seriesid>250626</seriesid>
</Episode>
<Episode>
  <id>4142347</id>
  <Combined_episodenumber>3.0</Combined_episodenumber>
  <Combined_season>1</Combined_season>
  <DVD_chapter></DVD_chapter>
  <DVD_discid></DVD_discid>
  <DVD_episodenumber>3.0</DVD_episodenumber>
  <DVD_season>1</DVD_season>
  <Director>Peter Frazer-Jones</Director>
  <EpImgFlag></EpImgFlag>
  <EpisodeName>A Bird In The Hand</EpisodeName>
  <EpisodeNumber>3</EpisodeNumber>
  <FirstAired>1971-05-11</FirstAired>
  <GuestStars>Wendy Craig, Robin Davies</GuestStars>
  <IMDB_ID></IMDB_ID>
  <Language>en</Language>
  <Overview>General Moresby has come to stay in the Harrison household and is receiving a lot of attention - as you would expect for a mynah bird. Inevitably, there is a mishap when the bird goes missing and Sally has to try and replace him.
</Overview>
  <ProductionCode></ProductionCode>
  <Rating></Rating>
  <RatingCount>0</RatingCount>
  <SeasonNumber>1</SeasonNumber>
  <Writer>Peter Robinson</Writer>
  <absolute_number></absolute_number>
  <filename></filename>
  <lastupdated>1312101562</lastupdated>
  <seasonid>470798</seasonid>
  <seriesid>250626</seriesid>
</Episode>
<Episode>
  <id>4142348</id>
  <Combined_episodenumber>4.0</Combined_episodenumber>
  <Combined_season>1</Combined_season>
  <DVD_chapter></DVD_chapter>
  <DVD_discid></DVD_discid>
  <DVD_episodenumber>4.0</DVD_episodenumber>
  <DVD_season>1</DVD_season>
  <Director>Peter Frazer-Jones</Director>
  <EpImgFlag></EpImgFlag>
  <EpisodeName>Get Mobile</EpisodeName>
  <EpisodeNumber>4</EpisodeNumber>
  <FirstAired>1971-05-18</FirstAired>
  <GuestStars>Wendy Craig, Robin Davies</GuestStars>
  <IMDB_ID></IMDB_ID>
  <Language>en</Language>
  <Overview>When there is a major feud between the boys, Sally needs to call on Auntie and Mr. Campbell in an effort to restore peace and harmony to the household.</Overview>
  <ProductionCode></ProductionCode>
  <Rating></Rating>
  <RatingCount>0</RatingCount>
  <SeasonNumber>1</SeasonNumber>
  <Writer>Peter Robinson</Writer>
  <absolute_number></absolute_number>
  <filename></filename>
  <lastupdated>1312101773</lastupdated>
  <seasonid>470798</seasonid>
  <seriesid>250626</seriesid>
</Episode>
<Episode>
  <id>4142349</id>
  <Combined_episodenumber>5.0</Combined_episodenumber>
  <Combined_season>1</Combined_season>
  <DVD_chapter></DVD_chapter>
  <DVD_discid></DVD_discid>
  <DVD_episodenumber>5.0</DVD_episodenumber>
  <DVD_season>1</DVD_season>
  <Director>Peter Frazer-Jones</Director>
  <EpImgFlag></EpImgFlag>
  <EpisodeName>School For Love</EpisodeName>
  <EpisodeNumber>5</EpisodeNumber>
  <FirstAired>1971-05-25</FirstAired>
  <GuestStars>Wendy Craig, Robin Davies</GuestStars>
  <IMDB_ID></IMDB_ID>
  <Language>en</Language>
  <Overview>Simon's bad school report, and his excuse that his teacher picks on him, leads Sally to head to the school ready for battle. But when she meets the teacher, Mr Montgomery, she forgets all about Simon's report as matters take an unexpected turn.

</Overview>
  <ProductionCode></ProductionCode>
  <Rating></Rating>
  <RatingCount>0</RatingCount>
  <SeasonNumber>1</SeasonNumber>
  <Writer>Peter Robinson</Writer>
  <absolute_number></absolute_number>
  <filename></filename>
  <lastupdated>1312102396</lastupdated>
  <seasonid>470798</seasonid>
  <seriesid>250626</seriesid>
</Episode>
<Episode>
  <id>4142350</id>
  <Combined_episodenumber>6.0</Combined_episodenumber>
  <Combined_season>1</Combined_season>
  <DVD_chapter></DVD_chapter>
  <DVD_discid></DVD_discid>
  <DVD_episodenumber>6.0</DVD_episodenumber>
  <DVD_season>1</DVD_season>
  <Director>Peter Frazer-Jones</Director>
  <EpImgFlag></EpImgFlag>
  <EpisodeName>Pound Of Flesh</EpisodeName>
  <EpisodeNumber>6</EpisodeNumber>
  <FirstAired>1971-06-01</FirstAired>
  <GuestStars>Wendy Craig, Robin Davies</GuestStars>
  <IMDB_ID></IMDB_ID>
  <Language>en</Language>
  <Overview>When the boys start kidding Sally about her weight she takes it personally and ends up in a competition with Auntie to see who can lose the most weight in a fortnight.</Overview>
  <ProductionCode></ProductionCode>
  <Rating></Rating>
  <RatingCount>0</RatingCount>
  <SeasonNumber>1</SeasonNumber>
  <Writer>Peter Robinson</Writer>
  <absolute_number></absolute_number>
  <filename></filename>
  <lastupdated>1312102514</lastupdated>
  <seasonid>470798</seasonid>
  <seriesid>250626</seriesid>
</Episode>
<Episode>
  <id>4142351</id>
  <Combined_episodenumber>7.0</Combined_episodenumber>
  <Combined_season>1</Combined_season>
  <DVD_chapter></DVD_chapter>
  <DVD_discid></DVD_discid>
  <DVD_episodenumber>7.0</DVD_episodenumber>
  <DVD_season>1</DVD_season>
  <Director>Peter Frazer-Jones</Director>
  <EpImgFlag></EpImgFlag>
  <EpisodeName>Mr Mum</EpisodeName>
  <EpisodeNumber>7</EpisodeNumber>
  <FirstAired>1971-06-08</FirstAired>
  <GuestStars>Wendy Craig, Robin Davies</GuestStars>
  <IMDB_ID></IMDB_ID>
  <Language>en</Language>
  <Overview>In an effort to keep the boys away from the television, Sally introduces them to some hobbies, but they are far from happy with her choice.</Overview>
  <ProductionCode></ProductionCode>
  <Rating></Rating>
  <RatingCount>0</RatingCount>
  <SeasonNumber>1</SeasonNumber>
  <Writer>Peter Robinson</Writer>
  <absolute_number></absolute_number>
  <filename></filename>
  <lastupdated>1312102702</lastupdated>
  <seasonid>470798</seasonid>
  <seriesid>250626</seriesid>
</Episode>
<Episode>
  <id>4142352</id>
  <Combined_episodenumber>1.0</Combined_episodenumber>
  <Combined_season>2</Combined_season>
  <DVD_chapter></DVD_chapter>
  <DVD_discid></DVD_discid>
  <DVD_episodenumber>1.0</DVD_episodenumber>
  <DVD_season>2</DVD_season>
  <Director>Peter Frazer-Jones</Director>
  <EpImgFlag></EpImgFlag>
  <EpisodeName>A Hard Day Out</EpisodeName>
  <EpisodeNumber>1</EpisodeNumber>
  <FirstAired>1971-12-02</FirstAired>
  <GuestStars>Wendy Craig, Robin Davies</GuestStars>
  <IMDB_ID></IMDB_ID>
  <Language>en</Language>
  <Overview>Sally feels the boys need an &quot;interesting&quot; day out during the school holidays, so she takes them on a visit to the House of Commons.</Overview>
  <ProductionCode></ProductionCode>
  <Rating></Rating>
  <RatingCount>0</RatingCount>
  <SeasonNumber>2</SeasonNumber>
  <Writer>David Cumming</Writer>
  <absolute_number></absolute_number>
  <filename></filename>
  <lastupdated>1312102947</lastupdated>
  <seasonid>470799</seasonid>
  <seriesid>250626</seriesid>
</Episode>
<Episode>
  <id>4142353</id>
  <Combined_episodenumber>2.0</Combined_episodenumber>
  <Combined_season>1</Combined_season>
  <DVD_chapter></DVD_chapter>
  <DVD_discid></DVD_discid>
  <DVD_episodenumber>2.0</DVD_episodenumber>
  <DVD_season>1</DVD_season>
  <Director>Peter Frazer-Jones</Director>
  <EpImgFlag></EpImgFlag>
  <EpisodeName>The Matchmakers</EpisodeName>
  <EpisodeNumber>2</EpisodeNumber>
  <FirstAired>1971-12-09</FirstAired>
  <GuestStars>Wendy Craig, Robin Davies</GuestStars>
  <IMDB_ID></IMDB_ID>
  <Language>en</Language>
  <Overview>When an old flame of Sally's turns up unexpectedly, Auntie and the boys are happy to have a man about the house again. But Sally sees any future suitor should have better qualifications than just the ability to mend toys.</Overview>
  <ProductionCode></ProductionCode>
  <Rating></Rating>
  <RatingCount>0</RatingCount>
  <SeasonNumber>2</SeasonNumber>
  <Writer>Carla Lane</Writer>
  <absolute_number></absolute_number>
  <filename></filename>
  <lastupdated>1312103580</lastupdated>
  <seasonid>470799</seasonid>
  <seriesid>250626</seriesid>
</Episode>
<Episode>
  <id>4142354</id>
  <Combined_episodenumber>3.0</Combined_episodenumber>
  <Combined_season>2</Combined_season>
  <DVD_chapter></DVD_chapter>
  <DVD_discid></DVD_discid>
  <DVD_episodenumber>3.0</DVD_episodenumber>
  <DVD_season>2</DVD_season>
  <Director>Peter Frazer-Jones</Director>
  <EpImgFlag></EpImgFlag>
  <EpisodeName>Growing Pains</EpisodeName>
  <EpisodeNumber>3</EpisodeNumber>
  <FirstAired>1971-12-16</FirstAired>
  <GuestStars>Wendy Craig, Robin Davies</GuestStars>
  <IMDB_ID></IMDB_ID>
  <Language>en</Language>
  <Overview>Simon sees himself as the potential breadwinner in the house and so announces his intention to leave school. Sally tries to head off his teenage rebellion by offering a military solution.</Overview>
  <ProductionCode></ProductionCode>
  <Rating></Rating>
  <RatingCount>0</RatingCount>
  <SeasonNumber>2</SeasonNumber>
  <Writer>Peter Robinson</Writer>
  <absolute_number></absolute_number>
  <filename></filename>
  <lastupdated>1312103856</lastupdated>
  <seasonid>470799</seasonid>
  <seriesid>250626</seriesid>
</Episode>
<Episode>
  <id>4142355</id>
  <Combined_episodenumber>4.0</Combined_episodenumber>
  <Combined_season>2</Combined_season>
  <DVD_chapter></DVD_chapter>
  <DVD_discid></DVD_discid>
  <DVD_episodenumber>4.0</DVD_episodenumber>
  <DVD_season>2</DVD_season>
  <Director>Peter Frazer-Jones</Director>
  <EpImgFlag></EpImgFlag>
  <EpisodeName>But How Can I Tell Them?</EpisodeName>
  <EpisodeNumber>4</EpisodeNumber>
  <FirstAired>1971-12-23</FirstAired>
  <GuestStars>Wendy Craig, Robin Davies</GuestStars>
  <IMDB_ID></IMDB_ID>
  <Language>en</Language>
  <Overview>Mr Campbell invites Sally and her family down to stay in his sister's country home. When Peter falls in the river at the start of their mini holiday and the household has a disturbed night, Miss Campbell starts doubting whether the invitation was a good idea after all.

</Overview>
  <ProductionCode></ProductionCode>
  <Rating></Rating>
  <RatingCount>0</RatingCount>
  <SeasonNumber>2</SeasonNumber>
  <Writer>Lawrie Wyman</Writer>
  <absolute_number></absolute_number>
  <filename></filename>
  <lastupdated>1312103834</lastupdated>
  <seasonid>470799</seasonid>
  <seriesid>250626</seriesid>
</Episode>
<Episode>
  <id>4142356</id>
  <Combined_episodenumber>5.0</Combined_episodenumber>
  <Combined_season>2</Combined_season>
  <DVD_chapter></DVD_chapter>
  <DVD_discid></DVD_discid>
  <DVD_episodenumber>5.0</DVD_episodenumber>
  <DVD_season>2</DVD_season>
  <Director>Peter Frazer-Jones</Director>
  <EpImgFlag></EpImgFlag>
  <EpisodeName>Once A Year Day</EpisodeName>
  <EpisodeNumber>5</EpisodeNumber>
  <FirstAired>1971-12-30</FirstAired>
  <GuestStars>Wendy Craig, Robin Davies</GuestStars>
  <IMDB_ID></IMDB_ID>
  <Language>en</Language>
  <Overview>Auntie starts a &quot;subtle&quot; campaign to enlighten the boys about their mum's impending birthday, in the hope that they might buy her something special.</Overview>
  <ProductionCode></ProductionCode>
  <Rating></Rating>
  <RatingCount>0</RatingCount>
  <SeasonNumber>2</SeasonNumber>
  <Writer>Richard Waring</Writer>
  <absolute_number></absolute_number>
  <filename></filename>
  <lastupdated>1312104056</lastupdated>
  <seasonid>470799</seasonid>
  <seriesid>250626</seriesid>
</Episode>
<Episode>
  <id>4142357</id>
  <Combined_episodenumber>6.0</Combined_episodenumber>
  <Combined_season>2</Combined_season>
  <DVD_chapter></DVD_chapter>
  <DVD_discid></DVD_discid>
  <DVD_episodenumber>6.0</DVD_episodenumber>
  <DVD_season>2</DVD_season>
  <Director>Peter Frazer-Jones</Director>
  <EpImgFlag></EpImgFlag>
  <EpisodeName>All Work and No Play</EpisodeName>
  <EpisodeNumber>6</EpisodeNumber>
  <FirstAired>1972-01-06</FirstAired>
  <GuestStars>Wendy Craig, Robin Davies</GuestStars>
  <IMDB_ID></IMDB_ID>
  <Language>en</Language>
  <Overview>Sally has joined the ranks of the unemployed and after assessing her qualifications she seriously doubts any employer would want her skills - shorthand that can't be read back, an essay on volcanoes and night classes in fruit bottling.</Overview>
  <ProductionCode></ProductionCode>
  <Rating></Rating>
  <RatingCount>0</RatingCount>
  <SeasonNumber>2</SeasonNumber>
  <Writer>Peter Robinson</Writer>
  <absolute_number></absolute_number>
  <filename></filename>
  <lastupdated>1312104138</lastupdated>
  <seasonid>470799</seasonid>
  <seriesid>250626</seriesid>
</Episode>
<Episode>
  <id>4142359</id>
  <Combined_episodenumber>1.0</Combined_episodenumber>
  <Combined_season>3</Combined_season>
  <DVD_chapter></DVD_chapter>
  <DVD_discid></DVD_discid>
  <DVD_episodenumber>1.0</DVD_episodenumber>
  <DVD_season>3</DVD_season>
  <Director>Peter Frazer-Jones</Director>
  <EpImgFlag></EpImgFlag>
  <EpisodeName>Gather Ye Mushrooms While Ye May</EpisodeName>
  <EpisodeNumber>1</EpisodeNumber>
  <FirstAired>1972-09-14</FirstAired>
  <GuestStars>Wendy Craig, Robin Davies</GuestStars>
  <IMDB_ID></IMDB_ID>
  <Language>en</Language>
  <Overview>In an attempt to gain an income, Sally sets up a mushroom-growing business in her back garden, but it doesn't go too well. It's lucky that David Redway has taken over Mr Campbell's veterinary practice as he comes to the rescue and offers her a job.</Overview>
  <ProductionCode></ProductionCode>
  <Rating></Rating>
  <RatingCount>0</RatingCount>
  <SeasonNumber>3</SeasonNumber>
  <Writer>Richard Waring</Writer>
  <absolute_number></absolute_number>
  <filename></filename>
  <lastupdated>1312104390</lastupdated>
  <seasonid>470800</seasonid>
  <seriesid>250626</seriesid>
</Episode>
<Episode>
  <id>4142360</id>
  <Combined_episodenumber>2.0</Combined_episodenumber>
  <Combined_season>3</Combined_season>
  <DVD_chapter></DVD_chapter>
  <DVD_discid></DVD_discid>
  <DVD_episodenumber>2.0</DVD_episodenumber>
  <DVD_season>3</DVD_season>
  <Director>Peter Frazer-Jones</Director>
  <EpImgFlag></EpImgFlag>
  <EpisodeName>Father Figure</EpisodeName>
  <EpisodeNumber>2</EpisodeNumber>
  <FirstAired>1972-09-21</FirstAired>
  <GuestStars>Wendy Craig, Robin Davies</GuestStars>
  <IMDB_ID></IMDB_ID>
  <Language>en</Language>
  <Overview>Sally starts work for her dishy new boss, David, but is unsure whether he is unattached. When he asks her out for dinner her hopes rise but her sons intervene and spoil her plans...</Overview>
  <ProductionCode></ProductionCode>
  <Rating></Rating>
  <RatingCount>0</RatingCount>
  <SeasonNumber>3</SeasonNumber>
  <Writer>Richard Waring</Writer>
  <absolute_number></absolute_number>
  <filename></filename>
  <lastupdated>1312104922</lastupdated>
  <seasonid>470800</seasonid>
  <seriesid>250626</seriesid>
</Episode>
<Episode>
  <id>4142361</id>
  <Combined_episodenumber>3.0</Combined_episodenumber>
  <Combined_season>3</Combined_season>
  <DVD_chapter></DVD_chapter>
  <DVD_discid></DVD_discid>
  <DVD_episodenumber>3.0</DVD_episodenumber>
  <DVD_season>3</DVD_season>
  <Director>Peter Frazer-Jones</Director>
  <EpImgFlag></EpImgFlag>
  <EpisodeName>Girl Talk</EpisodeName>
  <EpisodeNumber>3</EpisodeNumber>
  <FirstAired>1972-09-28</FirstAired>
  <GuestStars>Wendy Craig, Robin Davies</GuestStars>
  <IMDB_ID></IMDB_ID>
  <Language>en</Language>
  <Overview>After discovering what her boys are up to, Sally decides that they are sex mad. When David suggests they meet his daughter at the weekend, she decides to give them a talk on love and babies - but they draw the completely wrong conclusion!</Overview>
  <ProductionCode></ProductionCode>
  <Rating></Rating>
  <RatingCount>0</RatingCount>
  <SeasonNumber>3</SeasonNumber>
  <Writer>Richard Waring</Writer>
  <absolute_number></absolute_number>
  <filename></filename>
  <lastupdated>1312104966</lastupdated>
  <seasonid>470800</seasonid>
  <seriesid>250626</seriesid>
</Episode>
<Episode>
  <id>4142362</id>
  <Combined_episodenumber>4.0</Combined_episodenumber>
  <Combined_season>3</Combined_season>
  <DVD_chapter></DVD_chapter>
  <DVD_discid></DVD_discid>
  <DVD_episodenumber>4.0</DVD_episodenumber>
  <DVD_season>3</DVD_season>
  <Director>Peter Frazer-Jones</Director>
  <EpImgFlag></EpImgFlag>
  <EpisodeName>Thank Heaven For Little Girls</EpisodeName>
  <EpisodeNumber>4</EpisodeNumber>
  <FirstAired>1971-12-30</FirstAired>
  <GuestStars>Wendy Craig, Robin Davies</GuestStars>
  <IMDB_ID></IMDB_ID>
  <Language>en</Language>
  <Overview>When David suggests the boys meet his daughter Jane, Sally is worried they may make fun of her because she is quite plain. But she is wrong as the boys take to her and the problems only occur when Jane has to go back to school and David asks Sally to accompany them...</Overview>
  <ProductionCode></ProductionCode>
  <Rating></Rating>
  <RatingCount>0</RatingCount>
  <SeasonNumber>3</SeasonNumber>
  <Writer>Richard Waring</Writer>
  <absolute_number></absolute_number>
  <filename></filename>
  <lastupdated>1312104684</lastupdated>
  <seasonid>470800</seasonid>
  <seriesid>250626</seriesid>
</Episode>
<Episode>
  <id>4142363</id>
  <Combined_episodenumber>5.0</Combined_episodenumber>
  <Combined_season>3</Combined_season>
  <DVD_chapter></DVD_chapter>
  <DVD_discid></DVD_discid>
  <DVD_episodenumber>5.0</DVD_episodenumber>
  <DVD_season>3</DVD_season>
  <Director>Peter Frazer-Jones</Director>
  <EpImgFlag></EpImgFlag>
  <EpisodeName>A Family Affair</EpisodeName>
  <EpisodeNumber>5</EpisodeNumber>
  <FirstAired>1972-10-12</FirstAired>
  <GuestStars>Wendy Craig, Robin Davies</GuestStars>
  <IMDB_ID></IMDB_ID>
  <Language>en</Language>
  <Overview>The time has come for the happy couple to meet their respective parents. Sally is less than comfortable that David's mother is a Lady - especially when she observes her own parents' lack of social graces.</Overview>
  <ProductionCode></ProductionCode>
  <Rating></Rating>
  <RatingCount>0</RatingCount>
  <SeasonNumber>3</SeasonNumber>
  <Writer>Richard Waring</Writer>
  <absolute_number></absolute_number>
  <filename></filename>
  <lastupdated>1312104749</lastupdated>
  <seasonid>470800</seasonid>
  <seriesid>250626</seriesid>
</Episode>
<Episode>
  <id>4142364</id>
  <Combined_episodenumber>6.0</Combined_episodenumber>
  <Combined_season>3</Combined_season>
  <DVD_chapter></DVD_chapter>
  <DVD_discid></DVD_discid>
  <DVD_episodenumber>6.0</DVD_episodenumber>
  <DVD_season>3</DVD_season>
  <Director>Peter Frazer-Jones</Director>
  <EpImgFlag></EpImgFlag>
  <EpisodeName>Two Hearts That Beat As One</EpisodeName>
  <EpisodeNumber>6</EpisodeNumber>
  <FirstAired>1972-10-19</FirstAired>
  <GuestStars>Wendy Craig, Robin Davies</GuestStars>
  <IMDB_ID></IMDB_ID>
  <Language>en</Language>
  <Overview>The omens are not good for Sally and David when they go to buy the engagement ring and another young couple have a row in the jewellers and break off their engagement. At the restaurant a couple celebrating their wedding anniversary start rowing and, to top it all, David announces that he doesn't want a church wedding!</Overview>
  <ProductionCode></ProductionCode>
  <Rating></Rating>
  <RatingCount>0</RatingCount>
  <SeasonNumber>3</SeasonNumber>
  <Writer>Richard Waring</Writer>
  <absolute_number></absolute_number>
  <filename></filename>
  <lastupdated>1312104832</lastupdated>
  <seasonid>470800</seasonid>
  <seriesid>250626</seriesid>
</Episode>
<Episode>
  <id>4142365</id>
  <Combined_episodenumber>1.0</Combined_episodenumber>
  <Combined_season>4</Combined_season>
  <DVD_chapter></DVD_chapter>
  <DVD_discid></DVD_discid>
  <DVD_episodenumber>1.0</DVD_episodenumber>
  <DVD_season>4</DVD_season>
  <Director>Peter Frazer-Jones</Director>
  <EpImgFlag></EpImgFlag>
  <EpisodeName>Wedding Talk</EpisodeName>
  <EpisodeNumber>1</EpisodeNumber>
  <FirstAired>1982-12-30</FirstAired>
  <GuestStars>Wendy Craig, Robin Davies</GuestStars>
  <IMDB_ID></IMDB_ID>
  <Language>en</Language>
  <Overview>Sally is beginning to question David's commitment to marriage, because the engagement ring has not been followed by a wedding date. She tries dropping heavy hints but Auntie's tale of her own trip to the altar hardly helps matters.</Overview>
  <ProductionCode></ProductionCode>
  <Rating></Rating>
  <RatingCount>0</RatingCount>
  <SeasonNumber>4</SeasonNumber>
  <Writer>Richard Waring</Writer>
  <absolute_number></absolute_number>
  <filename></filename>
  <lastupdated>1312105143</lastupdated>
  <seasonid>470801</seasonid>
  <seriesid>250626</seriesid>
</Episode>
<Episode>
  <id>4142366</id>
  <Combined_episodenumber>2.0</Combined_episodenumber>
  <Combined_season>4</Combined_season>
  <DVD_chapter></DVD_chapter>
  <DVD_discid></DVD_discid>
  <DVD_episodenumber>2.0</DVD_episodenumber>
  <DVD_season>4</DVD_season>
  <Director>Peter Frazer-Jones</Director>
  <EpImgFlag></EpImgFlag>
  <EpisodeName>Homes Sweet Homes</EpisodeName>
  <EpisodeNumber>2</EpisodeNumber>
  <FirstAired>1973-05-23</FirstAired>
  <GuestStars>Wendy Craig, Robin Davies</GuestStars>
  <IMDB_ID></IMDB_ID>
  <Language>en</Language>
  <Overview>With the date for the wedding now set, Sally is happy to start making plans for the honeymoon in Paris and for David to move into her home. But David is making plans of his own for Sally and the boys to move in with him!</Overview>
  <ProductionCode></ProductionCode>
  <Rating></Rating>
  <RatingCount>0</RatingCount>
  <SeasonNumber>4</SeasonNumber>
  <Writer>Richard Waring</Writer>
  <absolute_number></absolute_number>
  <filename></filename>
  <lastupdated>1312105212</lastupdated>
  <seasonid>470801</seasonid>
  <seriesid>250626</seriesid>
</Episode>
<Episode>
  <id>4142367</id>
  <Combined_episodenumber>3.0</Combined_episodenumber>
  <Combined_season>4</Combined_season>
  <DVD_chapter></DVD_chapter>
  <DVD_discid></DVD_discid>
  <DVD_episodenumber>3.0</DVD_episodenumber>
  <DVD_season>4</DVD_season>
  <Director>Peter Frazer-Jones</Director>
  <EpImgFlag></EpImgFlag>
  <EpisodeName>A Home And A Job</EpisodeName>
  <EpisodeNumber>3</EpisodeNumber>
  <FirstAired>1973-05-30</FirstAired>
  <GuestStars>Wendy Craig, Robin Davies</GuestStars>
  <IMDB_ID></IMDB_ID>
  <Language>en</Language>
  <Overview>When Sally learns that David wants her to give up her job once they are married she is not best pleased, and the sight of him interviewing pretty girls at his bookshop does not help her mood. However, she needs to be nice to him as she has not yet told him that she wants Auntie to live with them after they are married!</Overview>
  <ProductionCode></ProductionCode>
  <Rating></Rating>
  <RatingCount>0</RatingCount>
  <SeasonNumber>4</SeasonNumber>
  <Writer>Richard Waring</Writer>
  <absolute_number></absolute_number>
  <filename></filename>
  <lastupdated>1312105873</lastupdated>
  <seasonid>470801</seasonid>
  <seriesid>250626</seriesid>
</Episode>
<Episode>
  <id>4142368</id>
  <Combined_episodenumber>4.0</Combined_episodenumber>
  <Combined_season>4</Combined_season>
  <DVD_chapter></DVD_chapter>
  <DVD_discid></DVD_discid>
  <DVD_episodenumber>4.0</DVD_episodenumber>
  <DVD_season>4</DVD_season>
  <Director>Peter Frazer-Jones</Director>
  <EpImgFlag></EpImgFlag>
  <EpisodeName>The Eve Of The Day</EpisodeName>
  <EpisodeNumber>4</EpisodeNumber>
  <FirstAired>1973-06-06</FirstAired>
  <GuestStars>Wendy Craig, Robin Davies</GuestStars>
  <IMDB_ID></IMDB_ID>
  <Language>en</Language>
  <Overview>With the Big Day only 24 hours away, Sally has completed all the preparations and Auntie has successfully moved in to her new flat about David's bookshop. The one big worry for her is David's stag night and her fears are not quashed when she hears that the notorious Nellie McQueen will be behind the bar.</Overview>
  <ProductionCode></ProductionCode>
  <Rating></Rating>
  <RatingCount>0</RatingCount>
  <SeasonNumber>4</SeasonNumber>
  <Writer>Richard Waring</Writer>
  <absolute_number></absolute_number>
  <filename></filename>
  <lastupdated>1312105535</lastupdated>
  <seasonid>470801</seasonid>
  <seriesid>250626</seriesid>
</Episode>
<Episode>
  <id>4142369</id>
  <Combined_episodenumber>5.0</Combined_episodenumber>
  <Combined_season>4</Combined_season>
  <DVD_chapter></DVD_chapter>
  <DVD_discid></DVD_discid>
  <DVD_episodenumber>5.0</DVD_episodenumber>
  <DVD_season>4</DVD_season>
  <Director>Peter Frazer-Jones</Director>
  <EpImgFlag></EpImgFlag>
  <EpisodeName>And Father Makes Five</EpisodeName>
  <EpisodeNumber>5</EpisodeNumber>
  <FirstAired>1973-06-13</FirstAired>
  <GuestStars>Wendy Craig, Robin Davies</GuestStars>
  <IMDB_ID></IMDB_ID>
  <Language>en</Language>
  <Overview>It's the day of the wedding and things would not be the same if something didn't go wrong. Sally is late for the church - very late! With David and the rest of the family getting worried, will Sally turn up for her big day?</Overview>
  <ProductionCode></ProductionCode>
  <Rating></Rating>
  <RatingCount>0</RatingCount>
  <SeasonNumber>4</SeasonNumber>
  <Writer>Richard Waring</Writer>
  <absolute_number></absolute_number>
  <filename></filename>
  <lastupdated>1312105651</lastupdated>
  <seasonid>470801</seasonid>
  <seriesid>250626</seriesid>
</Episode>
<Episode>
  <id>4142370</id>
  <Combined_episodenumber>6.0</Combined_episodenumber>
  <Combined_season>4</Combined_season>
  <DVD_chapter></DVD_chapter>
  <DVD_discid></DVD_discid>
  <DVD_episodenumber>6.0</DVD_episodenumber>
  <DVD_season>4</DVD_season>
  <Director>Peter Frazer-Jones</Director>
  <EpImgFlag></EpImgFlag>
  <EpisodeName>Starting Trouble</EpisodeName>
  <EpisodeNumber>6</EpisodeNumber>
  <FirstAired>1973-06-20</FirstAired>
  <GuestStars>Wendy Craig, Robin Davies</GuestStars>
  <IMDB_ID></IMDB_ID>
  <Language>en</Language>
  <Overview>The wedding reception is in full swing when Sally and David sneak away to go on their honeymoon to Paris. But when they reach the airport things don't go to plan and Sally ends up in Paris alone!</Overview>
  <ProductionCode></ProductionCode>
  <Rating></Rating>
  <RatingCount>0</RatingCount>
  <SeasonNumber>4</SeasonNumber>
  <Writer>Richard Waring</Writer>
  <absolute_number></absolute_number>
  <filename></filename>
  <lastupdated>1312105847</lastupdated>
  <seasonid>470801</seasonid>
  <seriesid>250626</seriesid>
</Episode>
<Episode>
  <id>4142371</id>
  <Combined_episodenumber>7.0</Combined_episodenumber>
  <Combined_season>4</Combined_season>
  <DVD_chapter></DVD_chapter>
  <DVD_discid></DVD_discid>
  <DVD_episodenumber>7.0</DVD_episodenumber>
  <DVD_season>4</DVD_season>
  <Director>Peter Frazer-Jones</Director>
  <EpImgFlag></EpImgFlag>
  <EpisodeName>The Honeymoon's Over</EpisodeName>
  <EpisodeNumber>7</EpisodeNumber>
  <FirstAired>1973-06-27</FirstAired>
  <GuestStars>Wendy Craig, Robin Davies</GuestStars>
  <IMDB_ID></IMDB_ID>
  <Language>en</Language>
  <Overview>Now that Sally and David have returned from honeymoon, they have to start getting used to the new living arrangements. The first breakfast for the combined families proves that there is a lot to get used to.</Overview>
  <ProductionCode></ProductionCode>
  <Rating></Rating>
  <RatingCount>0</RatingCount>
  <SeasonNumber>4</SeasonNumber>
  <Writer>Richard Waring</Writer>
  <absolute_number></absolute_number>
  <filename></filename>
  <lastupdated>1312105785</lastupdated>
  <seasonid>470801</seasonid>
  <seriesid>250626</seriesid>
</Episode>
</Data>