<?xml version="1.0" encoding="UTF-8" ?>
<Actors>
<Actor>
  <id>29163</id>
  <Image>actors/29163.jpg</Image>
  <Name>Rob Morrow</Name>
  <Role>Don Eppes</Role>
  <SortOrder>0</SortOrder>
</Actor>
<Actor>
  <id>29166</id>
  <Image>actors/29166.jpg</Image>
  <Name>David Krumholtz</Name>
  <Role>Charlie Eppes</Role>
  <SortOrder>1</SortOrder>
</Actor>
<Actor>
  <id>29169</id>
  <Image>actors/29169.jpg</Image>
  <Name>Navi Rawat</Name>
  <Role>Amita Ramanujan</Role>
  <SortOrder>2</SortOrder>
</Actor>
<Actor>
  <id>94971</id>
  <Image>actors/94971.jpg</Image>
  <Name>Aya Sumika</Name>
  <Role>Liz Warner</Role>
  <SortOrder>3</SortOrder>
</Actor>
<Actor>
  <id>94961</id>
  <Image>actors/94961.jpg</Image>
  <Name>Sophina Brown</Name>
  <Role>Nikki Betancourt</Role>
  <SortOrder>3</SortOrder>
</Actor>
<Actor>
  <id>29171</id>
  <Image>actors/29171.jpg</Image>
  <Name>Diane Farr</Name>
  <Role>Megan Reeves</Role>
  <SortOrder>3</SortOrder>
</Actor>
<Actor>
  <id>29170</id>
  <Image>actors/29170.jpg</Image>
  <Name>Dylan Bruno</Name>
  <Role>Colby Granger</Role>
  <SortOrder>3</SortOrder>
</Actor>
<Actor>
  <id>29168</id>
  <Image>actors/29168.jpg</Image>
  <Name>Judd Hirsch</Name>
  <Role>Alan Eppes</Role>
  <SortOrder>3</SortOrder>
</Actor>
<Actor>
  <id>29167</id>
  <Image>actors/29167.jpg</Image>
  <Name>Sabrina Lloyd</Name>
  <Role>Terry Lake</Role>
  <SortOrder>3</SortOrder>
</Actor>
<Actor>
  <id>29165</id>
  <Image>actors/29165.jpg</Image>
  <Name>Peter MacNicol</Name>
  <Role>Dr. Larry Fleinhardt</Role>
  <SortOrder>3</SortOrder>
</Actor>
<Actor>
  <id>29164</id>
  <Image>actors/29164.jpg</Image>
  <Name>Alimi Ballard</Name>
  <Role>David Sinclair</Role>
  <SortOrder>3</SortOrder>
</Actor>
</Actors>