<?xml version="1.0" encoding="UTF-8" ?>
<Actors>
<Actor>
  <id>68084</id>
  <Image></Image>
  <Name>Amanda Righetti</Name>
  <Role></Role>
  <SortOrder>3</SortOrder>
</Actor>
<Actor>
  <id>68083</id>
  <Image></Image>
  <Name>Brooke Burns</Name>
  <Role></Role>
  <SortOrder>3</SortOrder>
</Actor>
<Actor>
  <id>68080</id>
  <Image></Image>
  <Name>Corey Sevier</Name>
  <Role></Role>
  <SortOrder>3</SortOrder>
</Actor>
<Actor>
  <id>68085</id>
  <Image></Image>
  <Name>James Remar</Name>
  <Role></Role>
  <SortOrder>3</SortOrder>
</Actor>
<Actor>
  <id>68078</id>
  <Image></Image>
  <Name>Jason Momoa</Name>
  <Role></Role>
  <SortOrder>3</SortOrder>
</Actor>
<Actor>
  <id>68081</id>
  <Image></Image>
  <Name>Jay Kenneth Johnson</Name>
  <Role></Role>
  <SortOrder>3</SortOrder>
</Actor>
<Actor>
  <id>68079</id>
  <Image></Image>
  <Name>Kristoffer Polaha</Name>
  <Role></Role>
  <SortOrder>3</SortOrder>
</Actor>
<Actor>
  <id>68082</id>
  <Image></Image>
  <Name>Nikki DeLoach</Name>
  <Role></Role>
  <SortOrder>3</SortOrder>
</Actor>
</Actors>