<?xml version="1.0" encoding="UTF-8" ?>
<Data><Series>
  <id>78824</id>
  <Actors>|Amanda Righetti|Brooke Burns|Corey Sevier|James Remar|Jason Momoa|Jay Kenneth Johnson|Kristoffer Polaha|Nikki DeLoach|</Actors>
  <Airs_DayOfWeek></Airs_DayOfWeek>
  <Airs_Time></Airs_Time>
  <ContentRating></ContentRating>
  <FirstAired>2004-06-14</FirstAired>
  <Genre>|Drama|</Genre>
  <IMDB_ID>tt0409594</IMDB_ID>
  <Language>en</Language>
  <Network>FOX</Network>
  <NetworkID></NetworkID>
  <Overview>North Shore is a lush drama that captures the passion, intrigue and heart of Hawaii. This 20-something ensemble series is set at the Grand Waimea, a luxury hotel, where Jason Matthews is the popular general manager and his ex-girlfriend Nicole Booth is the newly hired head of guest relations, having left her father's hotel empire to make her own way in the business  and in life. Working side by side causes much tension between them, but their romantic relationship may be far from over. 
Just as interesting as the hotel's clientele is its staff, which is filled with friends, thrill-seekers, former con artists and dreamers in paradise. Waitress MJ Bevans, Jason's surrogate little sister and roommate, is just waiting for her t-shirt design business to blossom into a fashion empire</Overview>
  <Rating>8.0</Rating>
  <RatingCount>2</RatingCount>
  <Runtime>60</Runtime>
  <SeriesID>24885</SeriesID>
  <SeriesName>North Shore</SeriesName>
  <Status>Ended</Status>
  <added></added>
  <addedBy></addedBy>
  <banner>graphical/24885-g.jpg</banner>
  <fanart>fanart/original/78824-2.jpg</fanart>
  <lastupdated>1363300752</lastupdated>
  <poster>posters/78824-1.jpg</poster>
  <zap2it_id>SH659878</zap2it_id>
</Series>
<Episode>
  <id>295652</id>
  <Combined_episodenumber>1</Combined_episodenumber>
  <Combined_season>1</Combined_season>
  <DVD_chapter></DVD_chapter>
  <DVD_discid></DVD_discid>
  <DVD_episodenumber></DVD_episodenumber>
  <DVD_season></DVD_season>
  <Director>|Michael Dinner|</Director>
  <EpImgFlag>2</EpImgFlag>
  <EpisodeName>Pilot</EpisodeName>
  <EpisodeNumber>1</EpisodeNumber>
  <FirstAired>2004-06-14</FirstAired>
  <GuestStars>|Brittany Daniel|Leighton Meester|Shawna Erickson|Juliet Lighter|Abby Royce|Chris Talon|Michael Ontkean|Gabrielle Fitzpatrick|Brian George|Andrew Levitas|</GuestStars>
  <IMDB_ID></IMDB_ID>
  <Language>en</Language>
  <Overview>Jason Matthews ex-lover, Nicole Booth begins working at The Grand Waimea, which causes trouble for them both, when they must show the hotel owner Vincent Colville, that their past romance will not affect their work.
Meanwhile, Gabriel gets himself into trouble when he is wrongfully accused of taking advantage of a 15 year old girl.</Overview>
  <ProductionCode>1AJE01</ProductionCode>
  <Rating>8.0</Rating>
  <RatingCount>3</RatingCount>
  <SeasonNumber>1</SeasonNumber>
  <Writer>|Peter Elkoff|</Writer>
  <absolute_number></absolute_number>
  <filename>episodes/78824/295652.jpg</filename>
  <lastupdated>1256493351</lastupdated>
  <seasonid>15721</seasonid>
  <seriesid>78824</seriesid>
</Episode>
<Episode>
  <id>295653</id>
  <Combined_episodenumber>2</Combined_episodenumber>
  <Combined_season>1</Combined_season>
  <DVD_chapter></DVD_chapter>
  <DVD_discid></DVD_discid>
  <DVD_episodenumber></DVD_episodenumber>
  <DVD_season></DVD_season>
  <Director>|Patrick Norris|</Director>
  <EpImgFlag>2</EpImgFlag>
  <EpisodeName>Tessa</EpisodeName>
  <EpisodeNumber>2</EpisodeNumber>
  <FirstAired>2004-06-21</FirstAired>
  <GuestStars>|Aaron Himelstein|Josh Henderson|Paul Francis|Samantha Streets|Francois Chau|Janice Terukina|Melinda Benson|Juliet Lighter|</GuestStars>
  <IMDB_ID></IMDB_ID>
  <Language>en</Language>
  <Overview>The Grand Waimea gains a new employee when Tessa Lewis is abandoned by her boyfriend and given a second chance by Jason, who offers her a job as a hotel maid. But Tessa has her sights on the concierge position.
Meanwhile, Vincent struggles to impress one of his guests, when absurd requests are made. And MJ forces herself to think about her relationship with Chris.</Overview>
  <ProductionCode>1AJE02</ProductionCode>
  <Rating></Rating>
  <RatingCount>0</RatingCount>
  <SeasonNumber>1</SeasonNumber>
  <Writer>|Liz Heldens|</Writer>
  <absolute_number></absolute_number>
  <filename>episodes/78824/295653.jpg</filename>
  <lastupdated>1256493370</lastupdated>
  <seasonid>15721</seasonid>
  <seriesid>78824</seriesid>
</Episode>
<Episode>
  <id>295654</id>
  <Combined_episodenumber>3</Combined_episodenumber>
  <Combined_season>1</Combined_season>
  <DVD_chapter></DVD_chapter>
  <DVD_discid></DVD_discid>
  <DVD_episodenumber></DVD_episodenumber>
  <DVD_season></DVD_season>
  <Director>|James Marshall|</Director>
  <EpImgFlag>2</EpImgFlag>
  <EpisodeName>Surprise Party</EpisodeName>
  <EpisodeNumber>3</EpisodeNumber>
  <FirstAired>2004-06-28</FirstAired>
  <GuestStars>|Tom Parker|Jennifer Alden|Mia Korf|Stephen Quinn|Massimo Galluzzo|Spencer Garrett|David Grubka|</GuestStars>
  <IMDB_ID></IMDB_ID>
  <Language>en</Language>
  <Overview>Nicole is visited by her wealthy friends from Manhattan, and is thrown a surprise birthday party in her honor.</Overview>
  <ProductionCode>1AJE03</ProductionCode>
  <Rating>3.0</Rating>
  <RatingCount>1</RatingCount>
  <SeasonNumber>1</SeasonNumber>
  <Writer>|Matt McGuinness|Kevin Falls|</Writer>
  <absolute_number></absolute_number>
  <filename>episodes/78824/295654.jpg</filename>
  <lastupdated>1256493390</lastupdated>
  <seasonid>15721</seasonid>
  <seriesid>78824</seriesid>
</Episode>
<Episode>
  <id>295655</id>
  <Combined_episodenumber>4</Combined_episodenumber>
  <Combined_season>1</Combined_season>
  <DVD_chapter></DVD_chapter>
  <DVD_discid></DVD_discid>
  <DVD_episodenumber></DVD_episodenumber>
  <DVD_season></DVD_season>
  <Director>|Craig Zisk|</Director>
  <EpImgFlag>2</EpImgFlag>
  <EpisodeName>Meteor Shower</EpisodeName>
  <EpisodeNumber>4</EpisodeNumber>
  <FirstAired>2004-07-05</FirstAired>
  <GuestStars>|Josh Hopkins|Maximillian Alexander|Michael Raymond James|Mary Mara|Patrick Fabian|Beau Garrett|Mathew Stephen Liu|Kristin Alesna|Kala Alexander|Melvin Puu|</GuestStars>
  <IMDB_ID></IMDB_ID>
  <Language>en</Language>
  <Overview>Nicole's handsome, successful fiance arrives, and Jason is surprised to find that he likes the man; Tessa contends with astronomers who are in town to witness an event that only happens every 70 years; Gabriel risks his job.</Overview>
  <ProductionCode>1AJE04</ProductionCode>
  <Rating></Rating>
  <RatingCount>0</RatingCount>
  <SeasonNumber>1</SeasonNumber>
  <Writer>|Matt McGuinness|Kevin Falls|</Writer>
  <absolute_number></absolute_number>
  <filename>episodes/78824/295655.jpg</filename>
  <lastupdated>1256493456</lastupdated>
  <seasonid>15721</seasonid>
  <seriesid>78824</seriesid>
</Episode>
<Episode>
  <id>295656</id>
  <Combined_episodenumber>5</Combined_episodenumber>
  <Combined_season>1</Combined_season>
  <DVD_chapter></DVD_chapter>
  <DVD_discid></DVD_discid>
  <DVD_episodenumber></DVD_episodenumber>
  <DVD_season></DVD_season>
  <Director>|David Straiton|</Director>
  <EpImgFlag>2</EpImgFlag>
  <EpisodeName>My Boyfriend's Back</EpisodeName>
  <EpisodeNumber>5</EpisodeNumber>
  <FirstAired>2004-07-12</FirstAired>
  <GuestStars>|Jasmine Trias|Elena Lyons|Chyler Leigh|Brennan Elliott|Paul Francis|Josh Hopkins|Troy Ignacio|Melinda Benson|Ben Wong|Ely Aina Rapoza|Valerie Seagrave|</GuestStars>
  <IMDB_ID></IMDB_ID>
  <Language>en</Language>
  <Overview>Tessa's ex-boyfriend arrives at the hotel determined to get her to help him run his latest scam. Meanwhile, Jason and Vincent wonder if Nicole's fiance, Morgan, has motives other than love for staying at the hotel.</Overview>
  <ProductionCode>1AJE05</ProductionCode>
  <Rating></Rating>
  <RatingCount>0</RatingCount>
  <SeasonNumber>1</SeasonNumber>
  <Writer>|Dana Baratta|</Writer>
  <absolute_number></absolute_number>
  <filename>episodes/78824/295656.jpg</filename>
  <lastupdated>1256493480</lastupdated>
  <seasonid>15721</seasonid>
  <seriesid>78824</seriesid>
</Episode>
<Episode>
  <id>295657</id>
  <Combined_episodenumber>6</Combined_episodenumber>
  <Combined_season>1</Combined_season>
  <DVD_chapter></DVD_chapter>
  <DVD_discid></DVD_discid>
  <DVD_episodenumber></DVD_episodenumber>
  <DVD_season></DVD_season>
  <Director>|David Grossman|</Director>
  <EpImgFlag>2</EpImgFlag>
  <EpisodeName>Secret Service</EpisodeName>
  <EpisodeNumber>6</EpisodeNumber>
  <FirstAired>2004-07-19</FirstAired>
  <GuestStars>|Ryan McPartlin|Kaylee Defer|Josh Hopkins|Dylan Bruno|Rockmond Dunbar|Ana Ortiz|Melissa Joan Hart|Dennis Rodman|Michael Tierney|Stefanie Smart|Leilani Bush|R. Flash Hansen|Rob Farrow|Susan King|</GuestStars>
  <IMDB_ID></IMDB_ID>
  <Language>en</Language>
  <Overview>Celebrity guests like Dennis Rodman, Melissa Joan Hart and the vice president's daughter keep staffers jumping; Tessa helps the vice president's daughter ditch her Secret Service detail; Jason meets Nicole's fiance at a strip club.</Overview>
  <ProductionCode>1AJE06</ProductionCode>
  <Rating></Rating>
  <RatingCount>0</RatingCount>
  <SeasonNumber>1</SeasonNumber>
  <Writer>|Jeff Rake|</Writer>
  <absolute_number></absolute_number>
  <filename>episodes/78824/295657.jpg</filename>
  <lastupdated>1262537358</lastupdated>
  <seasonid>15721</seasonid>
  <seriesid>78824</seriesid>
</Episode>
<Episode>
  <id>295658</id>
  <Combined_episodenumber>7</Combined_episodenumber>
  <Combined_season>1</Combined_season>
  <DVD_chapter></DVD_chapter>
  <DVD_discid></DVD_discid>
  <DVD_episodenumber></DVD_episodenumber>
  <DVD_season></DVD_season>
  <Director>|Michael Fresco|</Director>
  <EpImgFlag>2</EpImgFlag>
  <EpisodeName>More</EpisodeName>
  <EpisodeNumber>7</EpisodeNumber>
  <FirstAired>2004-08-02</FirstAired>
  <GuestStars>|Laura Allen|Ryan Burke|Josh Hopkins|David Bolt|</GuestStars>
  <IMDB_ID></IMDB_ID>
  <Language>en</Language>
  <Overview>Nicole's father, Walter, pays a surprise visit to the hotel but gets a surprise himself; Jason tries to forget about Nicole by getting closer to Tess, who is working to help Walter take over the Grand Waimea.
Meanwhile, Frankie meets a girl on the beach, but realises that he is not the only man involved with her. And could be putting his job and health at risk.</Overview>
  <ProductionCode>1AJE07</ProductionCode>
  <Rating></Rating>
  <RatingCount>0</RatingCount>
  <SeasonNumber>1</SeasonNumber>
  <Writer>|Liz Heldens|</Writer>
  <absolute_number></absolute_number>
  <filename>episodes/78824/295658.jpg</filename>
  <lastupdated>1262537770</lastupdated>
  <seasonid>15721</seasonid>
  <seriesid>78824</seriesid>
</Episode>
<Episode>
  <id>295659</id>
  <Combined_episodenumber>8</Combined_episodenumber>
  <Combined_season>1</Combined_season>
  <DVD_chapter></DVD_chapter>
  <DVD_discid></DVD_discid>
  <DVD_episodenumber></DVD_episodenumber>
  <DVD_season></DVD_season>
  <Director>|Kevin Hooks|</Director>
  <EpImgFlag>2</EpImgFlag>
  <EpisodeName>Burned</EpisodeName>
  <EpisodeNumber>8</EpisodeNumber>
  <FirstAired>2004-08-09</FirstAired>
  <GuestStars>|Michael Ontkean|Dylan Bruno|Chris William Martin|Mark McGrath|Mathew Stephen Liu|Christian Bowman|Eric Lee|</GuestStars>
  <IMDB_ID></IMDB_ID>
  <Language>en</Language>
  <Overview>Nicole needs cheering up after leaving her fiance at the altar; Jason thinks Nicole left Morgan for him and tries to explain why he spent the night with Tessa.
Meanwhile, Gabriel's luck seems to be changing when he befriends pro-surfer Trey Chase, who has invited him to an all-expenses-paid surfing trip to Tahiti. However, Trey's friendship comes at a price when Gabriel realizes that Trey is MJ's cheating ex-boyfriend who isn't ready to give up on his failed romance with her.</Overview>
  <ProductionCode>1AJE08</ProductionCode>
  <Rating></Rating>
  <RatingCount>0</RatingCount>
  <SeasonNumber>1</SeasonNumber>
  <Writer>|Karyn Usher|</Writer>
  <absolute_number></absolute_number>
  <filename>episodes/78824/295659.jpg</filename>
  <lastupdated>1256493550</lastupdated>
  <seasonid>15721</seasonid>
  <seriesid>78824</seriesid>
</Episode>
<Episode>
  <id>295660</id>
  <Combined_episodenumber>9</Combined_episodenumber>
  <Combined_season>1</Combined_season>
  <DVD_chapter></DVD_chapter>
  <DVD_discid></DVD_discid>
  <DVD_episodenumber></DVD_episodenumber>
  <DVD_season></DVD_season>
  <Director></Director>
  <EpImgFlag>2</EpImgFlag>
  <EpisodeName>Ties That Bind</EpisodeName>
  <EpisodeNumber>9</EpisodeNumber>
  <FirstAired>2004-09-06</FirstAired>
  <GuestStars>|Krista Kalmus|Michael Ontkean|Amy Hill|Pomai Brown|Alex Garcia|Sloane Kini|Kehaulani Lee|Billy Ray Gallion|Taylor Wily|Dorothy Stamp|Juliet Lighter|Melissa Rivers|</GuestStars>
  <IMDB_ID></IMDB_ID>
  <Language>en</Language>
  <Overview>Jason resolves to ferret the truth about the fire at his father's surf shop; a past rivalry between Walter and Vincent leads to a startling revelation; MJ is on a mission to win Chris back, as Gabriel meets the girl of his dreams.</Overview>
  <ProductionCode>1AJE09</ProductionCode>
  <Rating></Rating>
  <RatingCount>0</RatingCount>
  <SeasonNumber>1</SeasonNumber>
  <Writer></Writer>
  <absolute_number></absolute_number>
  <filename>episodes/78824/295660.jpg</filename>
  <lastupdated>1256493581</lastupdated>
  <seasonid>15721</seasonid>
  <seriesid>78824</seriesid>
</Episode>
<Episode>
  <id>295661</id>
  <Combined_episodenumber>10</Combined_episodenumber>
  <Combined_season>1</Combined_season>
  <DVD_chapter></DVD_chapter>
  <DVD_discid></DVD_discid>
  <DVD_episodenumber></DVD_episodenumber>
  <DVD_season></DVD_season>
  <Director>|Kenneth Biller|</Director>
  <EpImgFlag>2</EpImgFlag>
  <EpisodeName>Vice</EpisodeName>
  <EpisodeNumber>10</EpisodeNumber>
  <FirstAired>2004-09-13</FirstAired>
  <GuestStars>|Krista Kalmus|Moon Bloodgood|Dann Seki|Jo Pruden|Mathew Stephen Liu|Tony Silva|Kainoa McGee|Chaunnel Salmon|</GuestStars>
  <IMDB_ID></IMDB_ID>
  <Language>en</Language>
  <Overview>Frankie's club at The Grand Waimea opens with great success. But finds himself caught in the middle of illegal activity. Meanwhile, the war continues between Jason and Walter, as Jason's life is put in jeopardy.</Overview>
  <ProductionCode>1AJE10</ProductionCode>
  <Rating></Rating>
  <RatingCount>0</RatingCount>
  <SeasonNumber>1</SeasonNumber>
  <Writer>|Kenneth Biller|</Writer>
  <absolute_number></absolute_number>
  <filename>episodes/78824/295661.jpg</filename>
  <lastupdated>1256493613</lastupdated>
  <seasonid>15721</seasonid>
  <seriesid>78824</seriesid>
</Episode>
<Episode>
  <id>295662</id>
  <Combined_episodenumber>11</Combined_episodenumber>
  <Combined_season>1</Combined_season>
  <DVD_chapter></DVD_chapter>
  <DVD_discid></DVD_discid>
  <DVD_episodenumber></DVD_episodenumber>
  <DVD_season></DVD_season>
  <Director>|Steve Miner|</Director>
  <EpImgFlag>2</EpImgFlag>
  <EpisodeName>Alexandra</EpisodeName>
  <EpisodeNumber>11</EpisodeNumber>
  <FirstAired>2004-09-20</FirstAired>
  <GuestStars>|David Hirokane|Dennis Miyahara|Juliet Lighter|Chanelle Kukona|Mary Pa'alani|Krista Kalmus|</GuestStars>
  <IMDB_ID></IMDB_ID>
  <Language>en</Language>
  <Overview>Alexandra Hudson arrives at the Grand Waimea, with a secret that will shock the island. Meanwhile, Walter confronts Tessa, in his attempt to take over the Hotel. And Gabriel struggles to date Charlie and Erika.</Overview>
  <ProductionCode>1AJE11</ProductionCode>
  <Rating></Rating>
  <RatingCount>0</RatingCount>
  <SeasonNumber>1</SeasonNumber>
  <Writer>|Chris Brancato|</Writer>
  <absolute_number></absolute_number>
  <filename>episodes/78824/295662.jpg</filename>
  <lastupdated>1256574938</lastupdated>
  <seasonid>15721</seasonid>
  <seriesid>78824</seriesid>
</Episode>
<Episode>
  <id>295663</id>
  <Combined_episodenumber>12</Combined_episodenumber>
  <Combined_season>1</Combined_season>
  <DVD_chapter></DVD_chapter>
  <DVD_discid></DVD_discid>
  <DVD_episodenumber></DVD_episodenumber>
  <DVD_season></DVD_season>
  <Director>|Patrick Norris|</Director>
  <EpImgFlag>2</EpImgFlag>
  <EpisodeName>Bellport</EpisodeName>
  <EpisodeNumber>12</EpisodeNumber>
  <FirstAired>2004-09-27</FirstAired>
  <GuestStars>|Krista Kalmus|Matthew Bomer|Emmanuelle Vaugier|Jo Pruden|Alex Garcia|Joah Buley|Lorenzo Callender|Brian Grant|Dann Seki|Denis Proulx|</GuestStars>
  <IMDB_ID></IMDB_ID>
  <Language>en</Language>
  <Overview>Alexandra tries to get to know her father while helping Nicole learn about the disappearance of her mother. MJ begins to worry about Chris after he disappears with a client. Gabriel and Erika start to get used to being just friends after Charlie breaks up with them both.</Overview>
  <ProductionCode>1AJE12</ProductionCode>
  <Rating></Rating>
  <RatingCount>0</RatingCount>
  <SeasonNumber>1</SeasonNumber>
  <Writer>|Peter Elkoff|</Writer>
  <absolute_number></absolute_number>
  <filename>episodes/78824/295663.jpg</filename>
  <lastupdated>1256493652</lastupdated>
  <seasonid>15721</seasonid>
  <seriesid>78824</seriesid>
</Episode>
<Episode>
  <id>295664</id>
  <Combined_episodenumber>13</Combined_episodenumber>
  <Combined_season>1</Combined_season>
  <DVD_chapter></DVD_chapter>
  <DVD_discid></DVD_discid>
  <DVD_episodenumber></DVD_episodenumber>
  <DVD_season></DVD_season>
  <Director>|Elodie Keene|</Director>
  <EpImgFlag>2</EpImgFlag>
  <EpisodeName>Leverage</EpisodeName>
  <EpisodeNumber>13</EpisodeNumber>
  <FirstAired>2004-11-04</FirstAired>
  <GuestStars>|Emmanuelle Vaugier|Andy Bumatai|Jason Gedrick|Rob Donahue|Jenna Hipp|Don Nahaku|Jason Patterson|</GuestStars>
  <IMDB_ID></IMDB_ID>
  <Language>en</Language>
  <Overview>Alexandra fires Vincent. Then hires Tessa to be Nicole's new boss. Jason shows Alexandra theres more then running then just major ownership and Gabe gets Erika a job at the surf hut.</Overview>
  <ProductionCode>1AJE13</ProductionCode>
  <Rating></Rating>
  <RatingCount>0</RatingCount>
  <SeasonNumber>1</SeasonNumber>
  <Writer>|Matt McGuinness|Kevin Falls|</Writer>
  <absolute_number></absolute_number>
  <filename>episodes/78824/295664.jpg</filename>
  <lastupdated>1256493680</lastupdated>
  <seasonid>15721</seasonid>
  <seriesid>78824</seriesid>
</Episode>
<Episode>
  <id>295665</id>
  <Combined_episodenumber>14</Combined_episodenumber>
  <Combined_season>1</Combined_season>
  <DVD_chapter></DVD_chapter>
  <DVD_discid></DVD_discid>
  <DVD_episodenumber></DVD_episodenumber>
  <DVD_season></DVD_season>
  <Director>|George Mendeluk|</Director>
  <EpImgFlag>2</EpImgFlag>
  <EpisodeName>Illusions</EpisodeName>
  <EpisodeNumber>14</EpisodeNumber>
  <FirstAired>2004-11-11</FirstAired>
  <GuestStars>|Jason Gedrick|Mel Harris|Gabrielle Reece|Robin Thomas|Tamlyn Tomita|Daniel Kim|Allan Tam|</GuestStars>
  <IMDB_ID></IMDB_ID>
  <Language>en</Language>
  <Overview>Clayton threatens to expose a secret about him and MJ. Alexandera resorts to blackmail. Hotel politics rise and Vincent almost loses everything at high-stakes poker.</Overview>
  <ProductionCode>1AJE14</ProductionCode>
  <Rating></Rating>
  <RatingCount>0</RatingCount>
  <SeasonNumber>1</SeasonNumber>
  <Writer>|Kimberly Costello|</Writer>
  <absolute_number></absolute_number>
  <filename>episodes/78824/295665.jpg</filename>
  <lastupdated>1256567132</lastupdated>
  <seasonid>15721</seasonid>
  <seriesid>78824</seriesid>
</Episode>
<Episode>
  <id>295666</id>
  <Combined_episodenumber>15</Combined_episodenumber>
  <Combined_season>1</Combined_season>
  <DVD_chapter></DVD_chapter>
  <DVD_discid></DVD_discid>
  <DVD_episodenumber></DVD_episodenumber>
  <DVD_season></DVD_season>
  <Director>|Patrick Norris|</Director>
  <EpImgFlag>2</EpImgFlag>
  <EpisodeName>The Big One</EpisodeName>
  <EpisodeNumber>15</EpisodeNumber>
  <FirstAired>2004-11-18</FirstAired>
  <GuestStars>|Nick Wechsler|Vincent Spano|Allan Okubo|Shawn Jenkins|Henry Lee|Loretta Ables|</GuestStars>
  <IMDB_ID></IMDB_ID>
  <Language>en</Language>
  <Overview>Alexandra sends Tessa and Jason to a chartiy event. Gabriel is approached with a sponsorship from a major surfwear company. MJ tries to makes amends with Chris.</Overview>
  <ProductionCode>1AJE15</ProductionCode>
  <Rating></Rating>
  <RatingCount>0</RatingCount>
  <SeasonNumber>1</SeasonNumber>
  <Writer>|Gretchen J. Berg|Aaron Harberts|</Writer>
  <absolute_number></absolute_number>
  <filename>episodes/78824/295666.jpg</filename>
  <lastupdated>1256567695</lastupdated>
  <seasonid>15721</seasonid>
  <seriesid>78824</seriesid>
</Episode>
<Episode>
  <id>295667</id>
  <Combined_episodenumber>16</Combined_episodenumber>
  <Combined_season>1</Combined_season>
  <DVD_chapter></DVD_chapter>
  <DVD_discid></DVD_discid>
  <DVD_episodenumber></DVD_episodenumber>
  <DVD_season></DVD_season>
  <Director>|Kenneth Biller|</Director>
  <EpImgFlag>2</EpImgFlag>
  <EpisodeName>The Cook, the Waitress, the GM and his Lover</EpisodeName>
  <EpisodeNumber>16</EpisodeNumber>
  <FirstAired>2004-12-02</FirstAired>
  <GuestStars>|Achilles Gacis|Sarina Smith|Vincent Spano|Michael Woods|</GuestStars>
  <IMDB_ID></IMDB_ID>
  <Language>en</Language>
  <Overview>Alexandra has a few tricks for Dan Ralston. MJ's dad is out of jail now. Nicole cooks dinner with Tommy Ravetto. Jason sees Vincent's new shop and asks Nicole a big question.</Overview>
  <ProductionCode>1AJE16</ProductionCode>
  <Rating></Rating>
  <RatingCount>0</RatingCount>
  <SeasonNumber>1</SeasonNumber>
  <Writer>|Dana Baratta|Kenneth Biller|</Writer>
  <absolute_number></absolute_number>
  <filename>episodes/78824/295667.jpg</filename>
  <lastupdated>1256493767</lastupdated>
  <seasonid>15721</seasonid>
  <seriesid>78824</seriesid>
</Episode>
<Episode>
  <id>295668</id>
  <Combined_episodenumber>17</Combined_episodenumber>
  <Combined_season>1</Combined_season>
  <DVD_chapter></DVD_chapter>
  <DVD_discid></DVD_discid>
  <DVD_episodenumber></DVD_episodenumber>
  <DVD_season></DVD_season>
  <Director>|Perry Lang|</Director>
  <EpImgFlag>2</EpImgFlag>
  <EpisodeName>Sucker Punch</EpisodeName>
  <EpisodeNumber>17</EpisodeNumber>
  <FirstAired>2004-12-09</FirstAired>
  <GuestStars>|Michael Woods|Greg Serano|Beatrice Rosen|Theo Coumbis|Chris Taloa|Natalie Mei Lau|Beau Hodge|Chaz Mann|Stephen Quinn|</GuestStars>
  <IMDB_ID></IMDB_ID>
  <Language>en</Language>
  <Overview>Nicole tells Frankie about Jason's slip of the tongue, as he confronts Jason his anger gets the best of him. Jason does everything to prevent his land being bought and finds out that Vincent's &quot;&quot;antique&quot;&quot; business isn't a legitimate enterprise. Gabriel hits a surf competition under the Grand Waimea logo and doesn't know that Alexandra made plans to make him win and Chris trains a boxer.</Overview>
  <ProductionCode>1AJE17</ProductionCode>
  <Rating></Rating>
  <RatingCount>0</RatingCount>
  <SeasonNumber>1</SeasonNumber>
  <Writer>|Liz Heldens|</Writer>
  <absolute_number></absolute_number>
  <filename>episodes/78824/295668.jpg</filename>
  <lastupdated>1256493795</lastupdated>
  <seasonid>15721</seasonid>
  <seriesid>78824</seriesid>
</Episode>
<Episode>
  <id>295669</id>
  <Combined_episodenumber>18</Combined_episodenumber>
  <Combined_season>1</Combined_season>
  <DVD_chapter></DVD_chapter>
  <DVD_discid></DVD_discid>
  <DVD_episodenumber></DVD_episodenumber>
  <DVD_season></DVD_season>
  <Director>|Michael Fresco|</Director>
  <EpImgFlag>2</EpImgFlag>
  <EpisodeName>Catwalk</EpisodeName>
  <EpisodeNumber>18</EpisodeNumber>
  <FirstAired>2004-12-16</FirstAired>
  <GuestStars>|Phillip Rhys|Juliette Marquis|Raena Cassidy|Christina Atherall|Rik Orton|Butch Helemano|Ace Yonamine|Todd Sherry|</GuestStars>
  <IMDB_ID></IMDB_ID>
  <Language>en</Language>
  <Overview>Fashion designer Adrian Webber comes to The Grand Waimea to lunch his lastest fashion. Tessa has to step in after one of the models breaks her ankle, While Tessa is turning more then a few heads. Jason tries to get his friendship working with Frankie and thinks Nicole s moving on when he see her having dinner with Tommy. MJ sees Chris and Alexandra together.</Overview>
  <ProductionCode>1AJE18</ProductionCode>
  <Rating></Rating>
  <RatingCount>0</RatingCount>
  <SeasonNumber>1</SeasonNumber>
  <Writer>|Colleen McGuiness|</Writer>
  <absolute_number></absolute_number>
  <filename>episodes/78824/295669.jpg</filename>
  <lastupdated>1256568354</lastupdated>
  <seasonid>15721</seasonid>
  <seriesid>78824</seriesid>
</Episode>
<Episode>
  <id>295670</id>
  <Combined_episodenumber>19</Combined_episodenumber>
  <Combined_season>1</Combined_season>
  <DVD_chapter></DVD_chapter>
  <DVD_discid></DVD_discid>
  <DVD_episodenumber></DVD_episodenumber>
  <DVD_season></DVD_season>
  <Director>|Alan Myerson|</Director>
  <EpImgFlag>2</EpImgFlag>
  <EpisodeName>Shark</EpisodeName>
  <EpisodeNumber>19</EpisodeNumber>
  <FirstAired>2005-01-06</FirstAired>
  <GuestStars>|Michael Ontkean|Christopher Wiehl|Bellamy Young|Kristen Dalton|Amy Hill|Scott William Winters|Matthew Grant|Andrew Meader|David Ely|Michael Adamshick|Kelsey Chock|Christine Doo|Paul Jeff Dee|Buffalo Keaulana|</GuestStars>
  <IMDB_ID></IMDB_ID>
  <Language>en</Language>
  <Overview>Frankie takes Tessa to meet his family. Tessa has even bigger problem when Frankie's cousin Marvin recognizes her. Tommy and Nicole get into a fight after Nicole asked Tommy to change the menu. Jason learns that Vincent's drug running isn't over. Chris accidentally leaves a driver in the water, and the man and his wife threaten to sue the hotel. Chris believes it's a scam.</Overview>
  <ProductionCode>1AJE19</ProductionCode>
  <Rating></Rating>
  <RatingCount>0</RatingCount>
  <SeasonNumber>1</SeasonNumber>
  <Writer>|Matt McGuinness|Kevin Falls|</Writer>
  <absolute_number></absolute_number>
  <filename>episodes/78824/295670.jpg</filename>
  <lastupdated>1256493851</lastupdated>
  <seasonid>15721</seasonid>
  <seriesid>78824</seriesid>
</Episode>
<Episode>
  <id>295671</id>
  <Combined_episodenumber>20</Combined_episodenumber>
  <Combined_season>1</Combined_season>
  <DVD_chapter></DVD_chapter>
  <DVD_discid></DVD_discid>
  <DVD_episodenumber></DVD_episodenumber>
  <DVD_season></DVD_season>
  <Director>|Andrew Colville|</Director>
  <EpImgFlag>2</EpImgFlag>
  <EpisodeName>The Ex-Games</EpisodeName>
  <EpisodeNumber>20</EpisodeNumber>
  <FirstAired>2005-01-13</FirstAired>
  <GuestStars>|Delta Goodrem|Adrianne Palicki|Tim Kelleher|Al Waterson|George Hanzawa|Coco Walker|</GuestStars>
  <IMDB_ID></IMDB_ID>
  <Language>en</Language>
  <Overview>After the gang comes up with Jason's bail money, the police ask him to help them implicate Vincent for his drug running operation. Jason refuses to cooperate, until he learns that Vincent lied to him about wanting out of it.</Overview>
  <ProductionCode>1AJE20</ProductionCode>
  <Rating></Rating>
  <RatingCount>0</RatingCount>
  <SeasonNumber>1</SeasonNumber>
  <Writer>|Amy E. Berg|</Writer>
  <absolute_number></absolute_number>
  <filename>episodes/78824/295671.jpg</filename>
  <lastupdated>1256493875</lastupdated>
  <seasonid>15721</seasonid>
  <seriesid>78824</seriesid>
</Episode>
<Episode>
  <id>295672</id>
  <Combined_episodenumber>21</Combined_episodenumber>
  <Combined_season>1</Combined_season>
  <DVD_chapter></DVD_chapter>
  <DVD_discid></DVD_discid>
  <DVD_episodenumber></DVD_episodenumber>
  <DVD_season></DVD_season>
  <Director></Director>
  <EpImgFlag></EpImgFlag>
  <EpisodeName>Episode 21</EpisodeName>
  <EpisodeNumber>21</EpisodeNumber>
  <FirstAired></FirstAired>
  <GuestStars></GuestStars>
  <IMDB_ID></IMDB_ID>
  <Language>en</Language>
  <Overview>coming soon.
[Has aired in a few countries (although not in the US).]</Overview>
  <ProductionCode></ProductionCode>
  <Rating></Rating>
  <RatingCount>0</RatingCount>
  <SeasonNumber>1</SeasonNumber>
  <Writer></Writer>
  <absolute_number></absolute_number>
  <filename></filename>
  <lastupdated>1163101692</lastupdated>
  <seasonid>15721</seasonid>
  <seriesid>78824</seriesid>
</Episode>
</Data>