<?xml version="1.0" encoding="UTF-8" ?>
<Banners>
<Banner>
  <id>85681</id>
  <BannerPath>fanart/original/81950-4.jpg</BannerPath>
  <BannerType>fanart</BannerType>
  <BannerType2>1920x1080</BannerType2>
  <Colors></Colors>
  <Language>en</Language>
  <Rating>9.5000</Rating>
  <RatingCount>4</RatingCount>
  <SeriesName>false</SeriesName>
  <ThumbnailPath>_cache/fanart/original/81950-4.jpg</ThumbnailPath>
  <VignettePath>fanart/vignette/81950-4.jpg</VignettePath>
</Banner>
<Banner>
  <id>864143</id>
  <BannerPath>fanart/original/81950-1.jpg</BannerPath>
  <BannerType>fanart</BannerType>
  <BannerType2>1920x1080</BannerType2>
  <Colors></Colors>
  <Language>en</Language>
  <Rating>2.5000</Rating>
  <RatingCount>2</RatingCount>
  <SeriesName>true</SeriesName>
  <ThumbnailPath>_cache/fanart/original/81950-1.jpg</ThumbnailPath>
  <VignettePath>fanart/vignette/81950-1.jpg</VignettePath>
</Banner>
<Banner>
  <id>42587</id>
  <BannerPath>fanart/original/81950-2.jpg</BannerPath>
  <BannerType>fanart</BannerType>
  <BannerType2>1280x720</BannerType2>
  <Colors></Colors>
  <Language>en</Language>
  <Rating>1.5000</Rating>
  <RatingCount>4</RatingCount>
  <SeriesName>false</SeriesName>
  <ThumbnailPath>_cache/fanart/original/81950-2.jpg</ThumbnailPath>
  <VignettePath>fanart/vignette/81950-2.jpg</VignettePath>
</Banner>
<Banner>
  <id>87481</id>
  <BannerPath>fanart/original/81950-6.jpg</BannerPath>
  <BannerType>fanart</BannerType>
  <BannerType2>1920x1080</BannerType2>
  <Colors></Colors>
  <Language>en</Language>
  <Rating>1.0000</Rating>
  <RatingCount>4</RatingCount>
  <SeriesName>false</SeriesName>
  <ThumbnailPath>_cache/fanart/original/81950-6.jpg</ThumbnailPath>
  <VignettePath>fanart/vignette/81950-6.jpg</VignettePath>
</Banner>
<Banner>
  <id>921275</id>
  <BannerPath>posters/81950-5.jpg</BannerPath>
  <BannerType>poster</BannerType>
  <BannerType2>680x1000</BannerType2>
  <Language>en</Language>
  <Rating>7.0000</Rating>
  <RatingCount>3</RatingCount>
</Banner>
<Banner>
  <id>887953</id>
  <BannerPath>posters/81950-4.jpg</BannerPath>
  <BannerType>poster</BannerType>
  <BannerType2>680x1000</BannerType2>
  <Language>en</Language>
  <Rating>6.0000</Rating>
  <RatingCount>4</RatingCount>
</Banner>
<Banner>
  <id>189001</id>
  <BannerPath>posters/81950-2.jpg</BannerPath>
  <BannerType>poster</BannerType>
  <BannerType2>680x1000</BannerType2>
  <Language>en</Language>
  <Rating>5.5000</Rating>
  <RatingCount>4</RatingCount>
</Banner>
<Banner>
  <id>911873</id>
  <BannerPath>posters/81950-3.jpg</BannerPath>
  <BannerType>poster</BannerType>
  <BannerType2>680x1000</BannerType2>
  <Language>en</Language>
  <Rating></Rating>
  <RatingCount>0</RatingCount>
</Banner>
<Banner>
  <id>57601</id>
  <BannerPath>posters/81950-1.jpg</BannerPath>
  <BannerType>poster</BannerType>
  <BannerType2>680x1000</BannerType2>
  <Language>en</Language>
  <Rating></Rating>
  <RatingCount>0</RatingCount>
</Banner>
<Banner>
  <id>811901</id>
  <BannerPath>seasons/81950-2-3.jpg</BannerPath>
  <BannerType>season</BannerType>
  <BannerType2>season</BannerType2>
  <Language>en</Language>
  <Rating>10.0000</Rating>
  <RatingCount>1</RatingCount>
  <Season>2</Season>
</Banner>
<Banner>
  <id>867475</id>
  <BannerPath>seasons/81950-1-3.jpg</BannerPath>
  <BannerType>season</BannerType>
  <BannerType2>season</BannerType2>
  <Language>en</Language>
  <Rating>10.0000</Rating>
  <RatingCount>2</RatingCount>
  <Season>1</Season>
</Banner>
<Banner>
  <id>925405</id>
  <BannerPath>seasons/81950-0.jpg</BannerPath>
  <BannerType>season</BannerType>
  <BannerType2>season</BannerType2>
  <Language>en</Language>
  <Rating>10.0000</Rating>
  <RatingCount>1</RatingCount>
  <Season>0</Season>
</Banner>
<Banner>
  <id>602921</id>
  <BannerPath>seasons/81950-3.jpg</BannerPath>
  <BannerType>season</BannerType>
  <BannerType2>season</BannerType2>
  <Language>en</Language>
  <Rating>9.5000</Rating>
  <RatingCount>4</RatingCount>
  <Season>3</Season>
</Banner>
<Banner>
  <id>328691</id>
  <BannerPath>seasons/81950-2-2.jpg</BannerPath>
  <BannerType>season</BannerType>
  <BannerType2>season</BannerType2>
  <Language>en</Language>
  <Rating>8.6667</Rating>
  <RatingCount>3</RatingCount>
  <Season>2</Season>
</Banner>
<Banner>
  <id>34393</id>
  <BannerPath>seasons/81950-1-2.jpg</BannerPath>
  <BannerType>season</BannerType>
  <BannerType2>season</BannerType2>
  <Language>en</Language>
  <Rating>7.7500</Rating>
  <RatingCount>4</RatingCount>
  <Season>1</Season>
</Banner>
<Banner>
  <id>22866</id>
  <BannerPath>seasons/81950-1.jpg</BannerPath>
  <BannerType>season</BannerType>
  <BannerType2>season</BannerType2>
  <Language>en</Language>
  <Rating>4.5000</Rating>
  <RatingCount>2</RatingCount>
  <Season>1</Season>
</Banner>
<Banner>
  <id>57141</id>
  <BannerPath>seasons/81950-2.jpg</BannerPath>
  <BannerType>season</BannerType>
  <BannerType2>season</BannerType2>
  <Language>en</Language>
  <Rating></Rating>
  <RatingCount>0</RatingCount>
  <Season>2</Season>
</Banner>
<Banner>
  <id>57851</id>
  <BannerPath>graphical/81950-g3.jpg</BannerPath>
  <BannerType>series</BannerType>
  <BannerType2>graphical</BannerType2>
  <Language>en</Language>
  <Rating>9.2500</Rating>
  <RatingCount>4</RatingCount>
</Banner>
<Banner>
  <id>22999</id>
  <BannerPath>graphical/81950-g2.jpg</BannerPath>
  <BannerType>series</BannerType>
  <BannerType2>graphical</BannerType2>
  <Language>en</Language>
  <Rating>7.3333</Rating>
  <RatingCount>3</RatingCount>
</Banner>
<Banner>
  <id>22867</id>
  <BannerPath>graphical/81950-g.jpg</BannerPath>
  <BannerType>series</BannerType>
  <BannerType2>graphical</BannerType2>
  <Language>en</Language>
  <Rating>5.3333</Rating>
  <RatingCount>3</RatingCount>
</Banner>
</Banners>