<?xml version="1.0" encoding="UTF-8" ?>
<Data><Series>
  <id>81950</id>
  <Actors>|James Buckley|Simon Bird|Joe Thomas|Blake Harrison|</Actors>
  <Airs_DayOfWeek>Monday</Airs_DayOfWeek>
  <Airs_Time>10:00 PM</Airs_Time>
  <ContentRating>TV-MA</ContentRating>
  <FirstAired>2008-05-04</FirstAired>
  <Genre>|Comedy|</Genre>
  <IMDB_ID>tt1220617</IMDB_ID>
  <Language>en</Language>
  <Network>E4</Network>
  <NetworkID></NetworkID>
  <Overview>A series about four hopelessly awkward or ignorant teenagers growing up in suburbia.  Basically, they just want to get laid.  Previously enrolled at a private school where he picked up some snobbish tendencies, Will (Simon Bird) now attends a public school and desperately latches on to a new set of friends, Simon (Joe Thomas), Jay (James Buckley) and Neil (Blake Harrison), none of whom are that cool.</Overview>
  <Rating>9.0</Rating>
  <RatingCount>60</RatingCount>
  <Runtime>20</Runtime>
  <SeriesID></SeriesID>
  <SeriesName>The Inbetweeners</SeriesName>
  <Status>Ended</Status>
  <added></added>
  <addedBy></addedBy>
  <banner>graphical/81950-g3.jpg</banner>
  <fanart>fanart/original/81950-4.jpg</fanart>
  <lastupdated>1364475630</lastupdated>
  <poster>posters/81950-5.jpg</poster>
  <zap2it_id></zap2it_id>
</Series>
<Episode>
  <id>625361</id>
  <Combined_episodenumber>1</Combined_episodenumber>
  <Combined_season>0</Combined_season>
  <DVD_chapter></DVD_chapter>
  <DVD_discid></DVD_discid>
  <DVD_episodenumber></DVD_episodenumber>
  <DVD_season></DVD_season>
  <Director></Director>
  <EpImgFlag></EpImgFlag>
  <EpisodeName>The Making of The Inbetweeners</EpisodeName>
  <EpisodeNumber>1</EpisodeNumber>
  <FirstAired></FirstAired>
  <GuestStars></GuestStars>
  <IMDB_ID></IMDB_ID>
  <Language>en</Language>
  <Overview>A behind the scenes look of the making of season one of the Inbetweeners.</Overview>
  <ProductionCode></ProductionCode>
  <Rating></Rating>
  <RatingCount>0</RatingCount>
  <SeasonNumber>0</SeasonNumber>
  <Writer></Writer>
  <absolute_number></absolute_number>
  <airsafter_season></airsafter_season>
  <airsbefore_episode></airsbefore_episode>
  <airsbefore_season></airsbefore_season>
  <filename></filename>
  <lastupdated>1359657333</lastupdated>
  <seasonid>32273</seasonid>
  <seriesid>81950</seriesid>
</Episode>
<Episode>
  <id>3671311</id>
  <Combined_episodenumber>2</Combined_episodenumber>
  <Combined_season>0</Combined_season>
  <DVD_chapter></DVD_chapter>
  <DVD_discid></DVD_discid>
  <DVD_episodenumber></DVD_episodenumber>
  <DVD_season></DVD_season>
  <Director>Simon Bird|Joe Thomas|James Buckley|Blake Harrison</Director>
  <EpImgFlag></EpImgFlag>
  <EpisodeName>Rude Road Trip (Comic Relief Special)</EpisodeName>
  <EpisodeNumber>2</EpisodeNumber>
  <FirstAired>2011-02-03</FirstAired>
  <GuestStars></GuestStars>
  <IMDB_ID></IMDB_ID>
  <Language>en</Language>
  <Overview>Comic Relief Special - As part of Red Nose Day 2011, Simon Bird, Joe Thomas, James Buckley and Blake Harrison jump in the yellow Fiat and hit the road in search of the rudest place names going.</Overview>
  <ProductionCode></ProductionCode>
  <Rating>7.0</Rating>
  <RatingCount>1</RatingCount>
  <SeasonNumber>0</SeasonNumber>
  <Writer>Simon Bird|Joe Thomas|James Buckley|Blake Harrison</Writer>
  <absolute_number></absolute_number>
  <airsafter_season>3</airsafter_season>
  <airsbefore_episode></airsbefore_episode>
  <airsbefore_season></airsbefore_season>
  <filename></filename>
  <lastupdated>1313468727</lastupdated>
  <seasonid>32273</seasonid>
  <seriesid>81950</seriesid>
</Episode>
<Episode>
  <id>3701601</id>
  <Combined_episodenumber>3</Combined_episodenumber>
  <Combined_season>0</Combined_season>
  <DVD_chapter></DVD_chapter>
  <DVD_discid></DVD_discid>
  <DVD_episodenumber></DVD_episodenumber>
  <DVD_season></DVD_season>
  <Director></Director>
  <EpImgFlag></EpImgFlag>
  <EpisodeName>A Day In The Life of Blake Harrison</EpisodeName>
  <EpisodeNumber>3</EpisodeNumber>
  <FirstAired></FirstAired>
  <GuestStars></GuestStars>
  <IMDB_ID></IMDB_ID>
  <Language>en</Language>
  <Overview></Overview>
  <ProductionCode></ProductionCode>
  <Rating></Rating>
  <RatingCount>0</RatingCount>
  <SeasonNumber>0</SeasonNumber>
  <Writer></Writer>
  <absolute_number></absolute_number>
  <airsafter_season></airsafter_season>
  <airsbefore_episode></airsbefore_episode>
  <airsbefore_season></airsbefore_season>
  <filename></filename>
  <lastupdated>1297722710</lastupdated>
  <seasonid>32273</seasonid>
  <seriesid>81950</seriesid>
</Episode>
<Episode>
  <id>3701611</id>
  <Combined_episodenumber>4</Combined_episodenumber>
  <Combined_season>0</Combined_season>
  <DVD_chapter></DVD_chapter>
  <DVD_discid></DVD_discid>
  <DVD_episodenumber></DVD_episodenumber>
  <DVD_season></DVD_season>
  <Director></Director>
  <EpImgFlag></EpImgFlag>
  <EpisodeName>A Day In The Life of James Buckley</EpisodeName>
  <EpisodeNumber>4</EpisodeNumber>
  <FirstAired></FirstAired>
  <GuestStars></GuestStars>
  <IMDB_ID></IMDB_ID>
  <Language>en</Language>
  <Overview></Overview>
  <ProductionCode></ProductionCode>
  <Rating></Rating>
  <RatingCount>0</RatingCount>
  <SeasonNumber>0</SeasonNumber>
  <Writer></Writer>
  <absolute_number></absolute_number>
  <airsafter_season></airsafter_season>
  <airsbefore_episode></airsbefore_episode>
  <airsbefore_season></airsbefore_season>
  <filename></filename>
  <lastupdated>1297722764</lastupdated>
  <seasonid>32273</seasonid>
  <seriesid>81950</seriesid>
</Episode>
<Episode>
  <id>3701621</id>
  <Combined_episodenumber>5</Combined_episodenumber>
  <Combined_season>0</Combined_season>
  <DVD_chapter></DVD_chapter>
  <DVD_discid></DVD_discid>
  <DVD_episodenumber></DVD_episodenumber>
  <DVD_season></DVD_season>
  <Director></Director>
  <EpImgFlag></EpImgFlag>
  <EpisodeName>A Day In The Life of Joe Thomas</EpisodeName>
  <EpisodeNumber>5</EpisodeNumber>
  <FirstAired></FirstAired>
  <GuestStars></GuestStars>
  <IMDB_ID></IMDB_ID>
  <Language>en</Language>
  <Overview></Overview>
  <ProductionCode></ProductionCode>
  <Rating></Rating>
  <RatingCount>0</RatingCount>
  <SeasonNumber>0</SeasonNumber>
  <Writer></Writer>
  <absolute_number></absolute_number>
  <airsafter_season></airsafter_season>
  <airsbefore_episode></airsbefore_episode>
  <airsbefore_season></airsbefore_season>
  <filename></filename>
  <lastupdated>1297722748</lastupdated>
  <seasonid>32273</seasonid>
  <seriesid>81950</seriesid>
</Episode>
<Episode>
  <id>3701631</id>
  <Combined_episodenumber>6</Combined_episodenumber>
  <Combined_season>0</Combined_season>
  <DVD_chapter></DVD_chapter>
  <DVD_discid></DVD_discid>
  <DVD_episodenumber></DVD_episodenumber>
  <DVD_season></DVD_season>
  <Director></Director>
  <EpImgFlag></EpImgFlag>
  <EpisodeName>A Day In The Life of Simon Bird</EpisodeName>
  <EpisodeNumber>6</EpisodeNumber>
  <FirstAired></FirstAired>
  <GuestStars></GuestStars>
  <IMDB_ID></IMDB_ID>
  <Language>en</Language>
  <Overview></Overview>
  <ProductionCode></ProductionCode>
  <Rating></Rating>
  <RatingCount>0</RatingCount>
  <SeasonNumber>0</SeasonNumber>
  <Writer></Writer>
  <absolute_number></absolute_number>
  <airsafter_season></airsafter_season>
  <airsbefore_episode></airsbefore_episode>
  <airsbefore_season></airsbefore_season>
  <filename></filename>
  <lastupdated>1297722784</lastupdated>
  <seasonid>32273</seasonid>
  <seriesid>81950</seriesid>
</Episode>
<Episode>
  <id>3701641</id>
  <Combined_episodenumber>7</Combined_episodenumber>
  <Combined_season>0</Combined_season>
  <DVD_chapter></DVD_chapter>
  <DVD_discid></DVD_discid>
  <DVD_episodenumber></DVD_episodenumber>
  <DVD_season></DVD_season>
  <Director></Director>
  <EpImgFlag></EpImgFlag>
  <EpisodeName>Behind The Scenes Featurette</EpisodeName>
  <EpisodeNumber>7</EpisodeNumber>
  <FirstAired></FirstAired>
  <GuestStars></GuestStars>
  <IMDB_ID></IMDB_ID>
  <Language>en</Language>
  <Overview></Overview>
  <ProductionCode></ProductionCode>
  <Rating></Rating>
  <RatingCount>0</RatingCount>
  <SeasonNumber>0</SeasonNumber>
  <Writer></Writer>
  <absolute_number></absolute_number>
  <airsafter_season></airsafter_season>
  <airsbefore_episode></airsbefore_episode>
  <airsbefore_season></airsbefore_season>
  <filename></filename>
  <lastupdated>1297722807</lastupdated>
  <seasonid>32273</seasonid>
  <seriesid>81950</seriesid>
</Episode>
<Episode>
  <id>3701671</id>
  <Combined_episodenumber>10</Combined_episodenumber>
  <Combined_season>0</Combined_season>
  <DVD_chapter></DVD_chapter>
  <DVD_discid></DVD_discid>
  <DVD_episodenumber></DVD_episodenumber>
  <DVD_season></DVD_season>
  <Director></Director>
  <EpImgFlag></EpImgFlag>
  <EpisodeName>Field Trip Featurette</EpisodeName>
  <EpisodeNumber>10</EpisodeNumber>
  <FirstAired></FirstAired>
  <GuestStars></GuestStars>
  <IMDB_ID></IMDB_ID>
  <Language>en</Language>
  <Overview></Overview>
  <ProductionCode></ProductionCode>
  <Rating></Rating>
  <RatingCount>0</RatingCount>
  <SeasonNumber>0</SeasonNumber>
  <Writer></Writer>
  <absolute_number></absolute_number>
  <airsafter_season></airsafter_season>
  <airsbefore_episode></airsbefore_episode>
  <airsbefore_season></airsbefore_season>
  <filename></filename>
  <lastupdated>1297722849</lastupdated>
  <seasonid>32273</seasonid>
  <seriesid>81950</seriesid>
</Episode>
<Episode>
  <id>3701681</id>
  <Combined_episodenumber>11</Combined_episodenumber>
  <Combined_season>0</Combined_season>
  <DVD_chapter></DVD_chapter>
  <DVD_discid></DVD_discid>
  <DVD_episodenumber></DVD_episodenumber>
  <DVD_season></DVD_season>
  <Director></Director>
  <EpImgFlag></EpImgFlag>
  <EpisodeName>Mr Gilbert Interview</EpisodeName>
  <EpisodeNumber>11</EpisodeNumber>
  <FirstAired></FirstAired>
  <GuestStars></GuestStars>
  <IMDB_ID></IMDB_ID>
  <Language>en</Language>
  <Overview></Overview>
  <ProductionCode></ProductionCode>
  <Rating></Rating>
  <RatingCount>0</RatingCount>
  <SeasonNumber>0</SeasonNumber>
  <Writer></Writer>
  <absolute_number></absolute_number>
  <airsafter_season></airsafter_season>
  <airsbefore_episode></airsbefore_episode>
  <airsbefore_season></airsbefore_season>
  <filename></filename>
  <lastupdated>1297722862</lastupdated>
  <seasonid>32273</seasonid>
  <seriesid>81950</seriesid>
</Episode>
<Episode>
  <id>3941231</id>
  <Combined_episodenumber>16</Combined_episodenumber>
  <Combined_season>0</Combined_season>
  <DVD_chapter></DVD_chapter>
  <DVD_discid></DVD_discid>
  <DVD_episodenumber></DVD_episodenumber>
  <DVD_season></DVD_season>
  <Director></Director>
  <EpImgFlag></EpImgFlag>
  <EpisodeName>The boys thoughts from a spa</EpisodeName>
  <EpisodeNumber>16</EpisodeNumber>
  <FirstAired></FirstAired>
  <GuestStars></GuestStars>
  <IMDB_ID></IMDB_ID>
  <Language>en</Language>
  <Overview></Overview>
  <ProductionCode></ProductionCode>
  <Rating></Rating>
  <RatingCount>0</RatingCount>
  <SeasonNumber>0</SeasonNumber>
  <Writer></Writer>
  <absolute_number></absolute_number>
  <airsafter_season></airsafter_season>
  <airsbefore_episode></airsbefore_episode>
  <airsbefore_season></airsbefore_season>
  <filename></filename>
  <lastupdated>1300642927</lastupdated>
  <seasonid>32273</seasonid>
  <seriesid>81950</seriesid>
</Episode>
<Episode>
  <id>3941251</id>
  <Combined_episodenumber>17</Combined_episodenumber>
  <Combined_season>0</Combined_season>
  <DVD_chapter></DVD_chapter>
  <DVD_discid></DVD_discid>
  <DVD_episodenumber></DVD_episodenumber>
  <DVD_season></DVD_season>
  <Director></Director>
  <EpImgFlag></EpImgFlag>
  <EpisodeName>The Squirrel</EpisodeName>
  <EpisodeNumber>17</EpisodeNumber>
  <FirstAired></FirstAired>
  <GuestStars></GuestStars>
  <IMDB_ID></IMDB_ID>
  <Language>en</Language>
  <Overview></Overview>
  <ProductionCode></ProductionCode>
  <Rating></Rating>
  <RatingCount>0</RatingCount>
  <SeasonNumber>0</SeasonNumber>
  <Writer></Writer>
  <absolute_number></absolute_number>
  <airsafter_season></airsafter_season>
  <airsbefore_episode></airsbefore_episode>
  <airsbefore_season></airsbefore_season>
  <filename></filename>
  <lastupdated>1300642936</lastupdated>
  <seasonid>32273</seasonid>
  <seriesid>81950</seriesid>
</Episode>
<Episode>
  <id>3941271</id>
  <Combined_episodenumber>18</Combined_episodenumber>
  <Combined_season>0</Combined_season>
  <DVD_chapter></DVD_chapter>
  <DVD_discid></DVD_discid>
  <DVD_episodenumber></DVD_episodenumber>
  <DVD_season></DVD_season>
  <Director></Director>
  <EpImgFlag></EpImgFlag>
  <EpisodeName>In the Car</EpisodeName>
  <EpisodeNumber>18</EpisodeNumber>
  <FirstAired></FirstAired>
  <GuestStars></GuestStars>
  <IMDB_ID></IMDB_ID>
  <Language>en</Language>
  <Overview></Overview>
  <ProductionCode></ProductionCode>
  <Rating></Rating>
  <RatingCount>0</RatingCount>
  <SeasonNumber>0</SeasonNumber>
  <Writer></Writer>
  <absolute_number></absolute_number>
  <airsafter_season></airsafter_season>
  <airsbefore_episode></airsbefore_episode>
  <airsbefore_season></airsbefore_season>
  <filename></filename>
  <lastupdated>1300642946</lastupdated>
  <seasonid>32273</seasonid>
  <seriesid>81950</seriesid>
</Episode>
<Episode>
  <id>3941281</id>
  <Combined_episodenumber>19</Combined_episodenumber>
  <Combined_season>0</Combined_season>
  <DVD_chapter></DVD_chapter>
  <DVD_discid></DVD_discid>
  <DVD_episodenumber></DVD_episodenumber>
  <DVD_season></DVD_season>
  <Director></Director>
  <EpImgFlag></EpImgFlag>
  <EpisodeName>A day in the life of Greg Davies</EpisodeName>
  <EpisodeNumber>19</EpisodeNumber>
  <FirstAired></FirstAired>
  <GuestStars></GuestStars>
  <IMDB_ID></IMDB_ID>
  <Language>en</Language>
  <Overview></Overview>
  <ProductionCode></ProductionCode>
  <Rating></Rating>
  <RatingCount>0</RatingCount>
  <SeasonNumber>0</SeasonNumber>
  <Writer></Writer>
  <absolute_number></absolute_number>
  <airsafter_season></airsafter_season>
  <airsbefore_episode></airsbefore_episode>
  <airsbefore_season></airsbefore_season>
  <filename></filename>
  <lastupdated>1300642961</lastupdated>
  <seasonid>32273</seasonid>
  <seriesid>81950</seriesid>
</Episode>
<Episode>
  <id>4152683</id>
  <Combined_episodenumber>23</Combined_episodenumber>
  <Combined_season>0</Combined_season>
  <DVD_chapter></DVD_chapter>
  <DVD_discid></DVD_discid>
  <DVD_episodenumber></DVD_episodenumber>
  <DVD_season></DVD_season>
  <Director>Annie Conlon</Director>
  <EpImgFlag>2</EpImgFlag>
  <EpisodeName>The Inbetweeners - Top Ten Moments</EpisodeName>
  <EpisodeNumber>23</EpisodeNumber>
  <FirstAired>2011-08-14</FirstAired>
  <GuestStars>Ricky Gervais|Amy Childs|Anthony Head|Damon Beesley|Gemma Merna|Harry Enfileld|Holly Hagan|Iain Morris|James Argent|Jimmy Carr|Jorgi Porter|Matt Dawson|Mark Lawson|Mark Wright|Rochelle Wiseman|Sharon Horgan|Sophie Kasaei|Una Healy|Vicki Pengilley</GuestStars>
  <IMDB_ID></IMDB_ID>
  <Language>en</Language>
  <Overview>This one-hour special counts down the top ten moments taken from all three series of The Inbetweeners. As well as revealing the top ten clips as voted for by the viewers, the programme meets the four actors who play Neil, Simon, Will and Jay, and hears from celebrity fans of the show, including Jimmy Carr, Harry Enfield, Matt Dawson, Ricky Gervais, The Saturdays and The Only Way Is Essex stars Mark Wright and James Argent.</Overview>
  <ProductionCode></ProductionCode>
  <Rating></Rating>
  <RatingCount>0</RatingCount>
  <SeasonNumber>0</SeasonNumber>
  <Writer>Damon BeesleyIainMorris</Writer>
  <absolute_number></absolute_number>
  <airsafter_season>3</airsafter_season>
  <airsbefore_episode></airsbefore_episode>
  <airsbefore_season></airsbefore_season>
  <filename>episodes/81950/4152683.jpg</filename>
  <lastupdated>1331795193</lastupdated>
  <seasonid>32273</seasonid>
  <seriesid>81950</seriesid>
</Episode>
<Episode>
  <id>4152684</id>
  <Combined_episodenumber>24</Combined_episodenumber>
  <Combined_season>0</Combined_season>
  <DVD_chapter></DVD_chapter>
  <DVD_discid></DVD_discid>
  <DVD_episodenumber></DVD_episodenumber>
  <DVD_season></DVD_season>
  <Director>Ben Palmer</Director>
  <EpImgFlag>3</EpImgFlag>
  <EpisodeName>The Inbetweeners Movie</EpisodeName>
  <EpisodeNumber>24</EpisodeNumber>
  <FirstAired>2011-08-17</FirstAired>
  <GuestStars></GuestStars>
  <IMDB_ID></IMDB_ID>
  <Language>en</Language>
  <Overview>Will, Neil, Simon and Jay, four socially troubled eighteen-year-olds from the south of England go on holiday to Crete.</Overview>
  <ProductionCode></ProductionCode>
  <Rating>8.5</Rating>
  <RatingCount>2</RatingCount>
  <SeasonNumber>0</SeasonNumber>
  <Writer>Damon Beesley &amp; Iain Morris</Writer>
  <absolute_number></absolute_number>
  <airsafter_season>3</airsafter_season>
  <airsbefore_episode></airsbefore_episode>
  <airsbefore_season></airsbefore_season>
  <filename>episodes/81950/4152684.jpg</filename>
  <lastupdated>1333123513</lastupdated>
  <seasonid>32273</seasonid>
  <seriesid>81950</seriesid>
</Episode>
<Episode>
  <id>4158768</id>
  <Combined_episodenumber>27</Combined_episodenumber>
  <Combined_season>0</Combined_season>
  <DVD_chapter></DVD_chapter>
  <DVD_discid></DVD_discid>
  <DVD_episodenumber></DVD_episodenumber>
  <DVD_season></DVD_season>
  <Director></Director>
  <EpImgFlag>2</EpImgFlag>
  <EpisodeName>Rude Road Trip</EpisodeName>
  <EpisodeNumber>27</EpisodeNumber>
  <FirstAired></FirstAired>
  <GuestStars></GuestStars>
  <IMDB_ID></IMDB_ID>
  <Language>en</Language>
  <Overview>The E4 comedy's four leading men James Buckley (Jay Cartwright), Joe Thomas (Simon Cooper), Blake Harrison (Neil Sutherland) and Simon Bird (Will McKenzie) have travelled to rude place names across the country including Old Sodom Lane and Adams Bottom to raise money for Comic Relief.

The vehicle for the job was the show's bright yellow Fiat Cinquecento Hawaii, which, as Inbetweeners fans will know, caused much embarrassment for Simon when his father bought it for him after he passed his driving test.

It also sported the odd red door, which replaced the passenger seat one after it was knocked off in the episode where the four lads go to Thorpe Park for the day.
They were given their mission by actor Greg Davies, who played their sarcastic and antagonistic sixth form head Mr Gilbert.


</Overview>
  <ProductionCode></ProductionCode>
  <Rating></Rating>
  <RatingCount>0</RatingCount>
  <SeasonNumber>0</SeasonNumber>
  <Writer></Writer>
  <absolute_number></absolute_number>
  <airsafter_season></airsafter_season>
  <airsbefore_episode></airsbefore_episode>
  <airsbefore_season></airsbefore_season>
  <filename>episodes/81950/4158768.jpg</filename>
  <lastupdated>1342576592</lastupdated>
  <seasonid>32273</seasonid>
  <seriesid>81950</seriesid>
</Episode>
<Episode>
  <id>4161802</id>
  <Combined_episodenumber>28</Combined_episodenumber>
  <Combined_season>0</Combined_season>
  <DVD_chapter></DVD_chapter>
  <DVD_discid></DVD_discid>
  <DVD_episodenumber></DVD_episodenumber>
  <DVD_season></DVD_season>
  <Director></Director>
  <EpImgFlag></EpImgFlag>
  <EpisodeName>The Inbetweeners - Revealed!</EpisodeName>
  <EpisodeNumber>28</EpisodeNumber>
  <FirstAired>2010-10-04</FirstAired>
  <GuestStars></GuestStars>
  <IMDB_ID></IMDB_ID>
  <Language>en</Language>
  <Overview></Overview>
  <ProductionCode></ProductionCode>
  <Rating></Rating>
  <RatingCount>0</RatingCount>
  <SeasonNumber>0</SeasonNumber>
  <Writer></Writer>
  <absolute_number></absolute_number>
  <airsafter_season></airsafter_season>
  <airsbefore_episode></airsbefore_episode>
  <airsbefore_season></airsbefore_season>
  <filename></filename>
  <lastupdated>1314918624</lastupdated>
  <seasonid>32273</seasonid>
  <seriesid>81950</seriesid>
</Episode>
<Episode>
  <id>4437341</id>
  <Combined_episodenumber>29</Combined_episodenumber>
  <Combined_season>0</Combined_season>
  <DVD_chapter></DVD_chapter>
  <DVD_discid></DVD_discid>
  <DVD_episodenumber></DVD_episodenumber>
  <DVD_season></DVD_season>
  <Director></Director>
  <EpImgFlag></EpImgFlag>
  <EpisodeName>Series 2: Outtakes</EpisodeName>
  <EpisodeNumber>29</EpisodeNumber>
  <FirstAired></FirstAired>
  <GuestStars></GuestStars>
  <IMDB_ID></IMDB_ID>
  <Language>en</Language>
  <Overview></Overview>
  <ProductionCode></ProductionCode>
  <Rating></Rating>
  <RatingCount>0</RatingCount>
  <SeasonNumber>0</SeasonNumber>
  <Writer></Writer>
  <absolute_number></absolute_number>
  <airsafter_season></airsafter_season>
  <airsbefore_episode></airsbefore_episode>
  <airsbefore_season></airsbefore_season>
  <filename></filename>
  <lastupdated>1352980353</lastupdated>
  <seasonid>32273</seasonid>
  <seriesid>81950</seriesid>
</Episode>
<Episode>
  <id>4437349</id>
  <Combined_episodenumber>30</Combined_episodenumber>
  <Combined_season>0</Combined_season>
  <DVD_chapter></DVD_chapter>
  <DVD_discid></DVD_discid>
  <DVD_episodenumber></DVD_episodenumber>
  <DVD_season></DVD_season>
  <Director></Director>
  <EpImgFlag></EpImgFlag>
  <EpisodeName>Series 2: Easter Egg 1</EpisodeName>
  <EpisodeNumber>30</EpisodeNumber>
  <FirstAired></FirstAired>
  <GuestStars></GuestStars>
  <IMDB_ID></IMDB_ID>
  <Language>en</Language>
  <Overview></Overview>
  <ProductionCode></ProductionCode>
  <Rating></Rating>
  <RatingCount>0</RatingCount>
  <SeasonNumber>0</SeasonNumber>
  <Writer></Writer>
  <absolute_number></absolute_number>
  <airsafter_season></airsafter_season>
  <airsbefore_episode></airsbefore_episode>
  <airsbefore_season></airsbefore_season>
  <filename></filename>
  <lastupdated>1352980241</lastupdated>
  <seasonid>32273</seasonid>
  <seriesid>81950</seriesid>
</Episode>
<Episode>
  <id>4437351</id>
  <Combined_episodenumber>31</Combined_episodenumber>
  <Combined_season>0</Combined_season>
  <DVD_chapter></DVD_chapter>
  <DVD_discid></DVD_discid>
  <DVD_episodenumber></DVD_episodenumber>
  <DVD_season></DVD_season>
  <Director></Director>
  <EpImgFlag></EpImgFlag>
  <EpisodeName>Series 2: Easter Egg 2</EpisodeName>
  <EpisodeNumber>31</EpisodeNumber>
  <FirstAired></FirstAired>
  <GuestStars></GuestStars>
  <IMDB_ID></IMDB_ID>
  <Language>en</Language>
  <Overview></Overview>
  <ProductionCode></ProductionCode>
  <Rating></Rating>
  <RatingCount>0</RatingCount>
  <SeasonNumber>0</SeasonNumber>
  <Writer></Writer>
  <absolute_number></absolute_number>
  <airsafter_season></airsafter_season>
  <airsbefore_episode></airsbefore_episode>
  <airsbefore_season></airsbefore_season>
  <filename></filename>
  <lastupdated>1352980367</lastupdated>
  <seasonid>32273</seasonid>
  <seriesid>81950</seriesid>
</Episode>
<Episode>
  <id>4437352</id>
  <Combined_episodenumber>32</Combined_episodenumber>
  <Combined_season>0</Combined_season>
  <DVD_chapter></DVD_chapter>
  <DVD_discid></DVD_discid>
  <DVD_episodenumber></DVD_episodenumber>
  <DVD_season></DVD_season>
  <Director></Director>
  <EpImgFlag></EpImgFlag>
  <EpisodeName>Series 2: Deleted Scenes</EpisodeName>
  <EpisodeNumber>32</EpisodeNumber>
  <FirstAired></FirstAired>
  <GuestStars></GuestStars>
  <IMDB_ID></IMDB_ID>
  <Language>en</Language>
  <Overview></Overview>
  <ProductionCode></ProductionCode>
  <Rating></Rating>
  <RatingCount>0</RatingCount>
  <SeasonNumber>0</SeasonNumber>
  <Writer></Writer>
  <absolute_number></absolute_number>
  <airsafter_season></airsafter_season>
  <airsbefore_episode></airsbefore_episode>
  <airsbefore_season></airsbefore_season>
  <filename></filename>
  <lastupdated>1352980460</lastupdated>
  <seasonid>32273</seasonid>
  <seriesid>81950</seriesid>
</Episode>
<Episode>
  <id>365463</id>
  <Combined_episodenumber>1.0</Combined_episodenumber>
  <Combined_season>1</Combined_season>
  <DVD_chapter></DVD_chapter>
  <DVD_discid></DVD_discid>
  <DVD_episodenumber>1.0</DVD_episodenumber>
  <DVD_season>1</DVD_season>
  <Director>Gordon Anderson</Director>
  <EpImgFlag>1</EpImgFlag>
  <EpisodeName>First Day</EpisodeName>
  <EpisodeNumber>1</EpisodeNumber>
  <FirstAired>2008-05-01</FirstAired>
  <GuestStars></GuestStars>
  <IMDB_ID></IMDB_ID>
  <Language>en</Language>
  <Overview>When his father walks out on his mother and himself, bespectacled, nerdy Will McKenzie is forced to leave his private school and enrol at the local comprehensive, where his accent and appearance make him an easy target for the school psycho. Seeking to make friends with 'normal' boys he pals up with Jay, Neil and Simon, but none of them are exactly winners, as is evidenced when they try to buy alcohol in a pub</Overview>
  <ProductionCode></ProductionCode>
  <Rating>7.5</Rating>
  <RatingCount>60</RatingCount>
  <SeasonNumber>1</SeasonNumber>
  <Writer>Damon Beesley &amp; Iain Morris</Writer>
  <absolute_number></absolute_number>
  <filename>episodes/81950/365463.jpg</filename>
  <lastupdated>1357762932</lastupdated>
  <seasonid>32274</seasonid>
  <seriesid>81950</seriesid>
</Episode>
<Episode>
  <id>365464</id>
  <Combined_episodenumber>2.0</Combined_episodenumber>
  <Combined_season>1</Combined_season>
  <DVD_chapter></DVD_chapter>
  <DVD_discid></DVD_discid>
  <DVD_episodenumber>2.0</DVD_episodenumber>
  <DVD_season>1</DVD_season>
  <Director>Gordon Anderson</Director>
  <EpImgFlag>1</EpImgFlag>
  <EpisodeName>Bunk Off</EpisodeName>
  <EpisodeNumber>2</EpisodeNumber>
  <FirstAired>2008-05-01</FirstAired>
  <GuestStars></GuestStars>
  <IMDB_ID></IMDB_ID>
  <Language>en</Language>
  <Overview>The four bunk off School and get drunk. Simon tells Carli D'amato he loves her by writing it on her drive way in big letters. It ends badly when Simon and Will's parents find out what they've been doing all day.</Overview>
  <ProductionCode></ProductionCode>
  <Rating>7.8</Rating>
  <RatingCount>45</RatingCount>
  <SeasonNumber>1</SeasonNumber>
  <Writer>Damon Beesley &amp; Iain Morris</Writer>
  <absolute_number></absolute_number>
  <filename>episodes/81950/365464.jpg</filename>
  <lastupdated>1357762947</lastupdated>
  <seasonid>32274</seasonid>
  <seriesid>81950</seriesid>
</Episode>
<Episode>
  <id>367673</id>
  <Combined_episodenumber>3.0</Combined_episodenumber>
  <Combined_season>1</Combined_season>
  <DVD_chapter></DVD_chapter>
  <DVD_discid></DVD_discid>
  <DVD_episodenumber>3.0</DVD_episodenumber>
  <DVD_season>1</DVD_season>
  <Director>Gordon Anderson</Director>
  <EpImgFlag>1</EpImgFlag>
  <EpisodeName>Thorpe Park</EpisodeName>
  <EpisodeNumber>3</EpisodeNumber>
  <FirstAired>2008-05-08</FirstAired>
  <GuestStars></GuestStars>
  <IMDB_ID></IMDB_ID>
  <Language>en</Language>
  <Overview>Simon passes his driving test at the first attempt, less on account of his skills than the fact that Tracey, the saucy examiner, finds him cute. As promised, he agrees to take his three friends to Thorpe Park, where he can get in free as he knows the man who clears up the sick. Once on the road, Will, Jay and Neil realize that Simon is a rubbish driver. (Until The Happy Foundation Shows Up)</Overview>
  <ProductionCode></ProductionCode>
  <Rating>7.6</Rating>
  <RatingCount>39</RatingCount>
  <SeasonNumber>1</SeasonNumber>
  <Writer>Damon Beesley &amp; Iain Morris</Writer>
  <absolute_number></absolute_number>
  <filename>episodes/81950/367673.jpg</filename>
  <lastupdated>1357762969</lastupdated>
  <seasonid>32274</seasonid>
  <seriesid>81950</seriesid>
</Episode>
<Episode>
  <id>367674</id>
  <Combined_episodenumber>4.0</Combined_episodenumber>
  <Combined_season>1</Combined_season>
  <DVD_chapter></DVD_chapter>
  <DVD_discid></DVD_discid>
  <DVD_episodenumber>4.0</DVD_episodenumber>
  <DVD_season>1</DVD_season>
  <Director>Gordon Anderson</Director>
  <EpImgFlag>1</EpImgFlag>
  <EpisodeName>Girlfriend</EpisodeName>
  <EpisodeNumber>4</EpisodeNumber>
  <FirstAired>2008-05-15</FirstAired>
  <GuestStars></GuestStars>
  <IMDB_ID></IMDB_ID>
  <Language>en</Language>
  <Overview>To the amazement - and annoyance - of the other three boys, Will wins a Blind Date competition which pairs him off with Charlotte Hinchcliffe, the most desired girl in the school, and he even ends up in bed with her though he keeps his socks on. </Overview>
  <ProductionCode>104</ProductionCode>
  <Rating>7.6</Rating>
  <RatingCount>46</RatingCount>
  <SeasonNumber>1</SeasonNumber>
  <Writer>Damon Beesley &amp; Iain Morris</Writer>
  <absolute_number></absolute_number>
  <filename>episodes/81950/367674.jpg</filename>
  <lastupdated>1357762984</lastupdated>
  <seasonid>32274</seasonid>
  <seriesid>81950</seriesid>
</Episode>
<Episode>
  <id>368536</id>
  <Combined_episodenumber>5.0</Combined_episodenumber>
  <Combined_season>1</Combined_season>
  <DVD_chapter></DVD_chapter>
  <DVD_discid></DVD_discid>
  <DVD_episodenumber>5.0</DVD_episodenumber>
  <DVD_season>1</DVD_season>
  <Director>Gordon Anderson</Director>
  <EpImgFlag>1</EpImgFlag>
  <EpisodeName>Caravan Club</EpisodeName>
  <EpisodeNumber>5</EpisodeNumber>
  <FirstAired>2008-05-22</FirstAired>
  <GuestStars></GuestStars>
  <IMDB_ID></IMDB_ID>
  <Language>en</Language>
  <Overview>The boys call Jay's bluff and agree to go to the Camber Sands meeting of the Caravan Club to see if it really is 'like a massive orgy'. Jay's dad is on hand to give advice on all matters sexual, whether they want it or not, Simon is falsely accused of rape, Will 'skids' and Neil leaves a surprise on Simon's car seat. </Overview>
  <ProductionCode></ProductionCode>
  <Rating>7.7</Rating>
  <RatingCount>46</RatingCount>
  <SeasonNumber>1</SeasonNumber>
  <Writer>Damon Beesley &amp; Iain Morris</Writer>
  <absolute_number></absolute_number>
  <filename>episodes/81950/368536.jpg</filename>
  <lastupdated>1357762998</lastupdated>
  <seasonid>32274</seasonid>
  <seriesid>81950</seriesid>
</Episode>
<Episode>
  <id>368537</id>
  <Combined_episodenumber>6.0</Combined_episodenumber>
  <Combined_season>1</Combined_season>
  <DVD_chapter></DVD_chapter>
  <DVD_discid></DVD_discid>
  <DVD_episodenumber>6.0</DVD_episodenumber>
  <DVD_season>1</DVD_season>
  <Director>Gordon Anderson</Director>
  <EpImgFlag>1</EpImgFlag>
  <EpisodeName>Xmas Party</EpisodeName>
  <EpisodeNumber>6</EpisodeNumber>
  <FirstAired>2008-05-29</FirstAired>
  <GuestStars></GuestStars>
  <IMDB_ID></IMDB_ID>
  <Language>en</Language>
  <Overview>As the only person to have volunteered for the job, Will is elected Chairman of the Organization Party for the end of term Christmas bash and ropes the other three boys into being his assistants. Simon, needless to say, is keen to use the opportunity to declare his public love for Carli D'Amato, which proves to be anything but a good idea. </Overview>
  <ProductionCode></ProductionCode>
  <Rating>7.3</Rating>
  <RatingCount>49</RatingCount>
  <SeasonNumber>1</SeasonNumber>
  <Writer>Damon Beesley &amp; Iain Morris</Writer>
  <absolute_number></absolute_number>
  <filename>episodes/81950/368537.jpg</filename>
  <lastupdated>1357763012</lastupdated>
  <seasonid>32274</seasonid>
  <seriesid>81950</seriesid>
</Episode>
<Episode>
  <id>493361</id>
  <Combined_episodenumber>1.0</Combined_episodenumber>
  <Combined_season>2</Combined_season>
  <DVD_chapter></DVD_chapter>
  <DVD_discid></DVD_discid>
  <DVD_episodenumber>1.0</DVD_episodenumber>
  <DVD_season>2</DVD_season>
  <Director>Ben Palmer</Director>
  <EpImgFlag>1</EpImgFlag>
  <EpisodeName>The Field Trip</EpisodeName>
  <EpisodeNumber>1</EpisodeNumber>
  <FirstAired>2009-04-02</FirstAired>
  <GuestStars></GuestStars>
  <IMDB_ID></IMDB_ID>
  <Language>en</Language>
  <Overview>It's a new term and the infamous sociology and geography field trip to Swanage is coming up; all the boys are on board. A new girl, Lauren, has joined the school, and Will has taken a particular shine to her. The only problem is that she has eyes for Simon. Jay is on the lookout for a legendary Swanage MILF, and Neil is desperately trying to deflect the advances of an over-friendly teacher, Mr Kennedy.</Overview>
  <ProductionCode></ProductionCode>
  <Rating>7.7</Rating>
  <RatingCount>39</RatingCount>
  <SeasonNumber>2</SeasonNumber>
  <Writer>Damon Beesley &amp; Iain Morris</Writer>
  <absolute_number></absolute_number>
  <filename>episodes/81950/493361.jpg</filename>
  <lastupdated>1357763104</lastupdated>
  <seasonid>47231</seasonid>
  <seriesid>81950</seriesid>
</Episode>
<Episode>
  <id>503011</id>
  <Combined_episodenumber>2.0</Combined_episodenumber>
  <Combined_season>2</Combined_season>
  <DVD_chapter></DVD_chapter>
  <DVD_discid></DVD_discid>
  <DVD_episodenumber>2.0</DVD_episodenumber>
  <DVD_season>2</DVD_season>
  <Director>Ben Palmer</Director>
  <EpImgFlag>2</EpImgFlag>
  <EpisodeName>Work Experience</EpisodeName>
  <EpisodeNumber>2</EpisodeNumber>
  <FirstAired>2009-04-09</FirstAired>
  <GuestStars></GuestStars>
  <IMDB_ID></IMDB_ID>
  <Language>en</Language>
  <Overview>Following a disappointing Valentines Day a mix-up in the work experience programme means that Neil gets to work in a newspaper office whilst Will is stuck in a garage, where he gets stripped and thrown in a pond as an initiation ceremony. Unwisely he inadvertently invites a work colleague to the school disco, where Simon gets a pleasant surprise from a female admirer.A run-in with a younger boy, however, means that ultimately the boys end up facing their customary public humiliation.  </Overview>
  <ProductionCode></ProductionCode>
  <Rating>7.7</Rating>
  <RatingCount>39</RatingCount>
  <SeasonNumber>2</SeasonNumber>
  <Writer>Damon Beesley &amp; Iain Morris</Writer>
  <absolute_number></absolute_number>
  <filename>episodes/81950/503011.jpg</filename>
  <lastupdated>1357763078</lastupdated>
  <seasonid>47231</seasonid>
  <seriesid>81950</seriesid>
</Episode>
<Episode>
  <id>514031</id>
  <Combined_episodenumber>3.0</Combined_episodenumber>
  <Combined_season>2</Combined_season>
  <DVD_chapter></DVD_chapter>
  <DVD_discid></DVD_discid>
  <DVD_episodenumber>3.0</DVD_episodenumber>
  <DVD_season>2</DVD_season>
  <Director>Ben Palmer</Director>
  <EpImgFlag>2</EpImgFlag>
  <EpisodeName>Will's Birthday</EpisodeName>
  <EpisodeNumber>3</EpisodeNumber>
  <FirstAired>2009-04-16</FirstAired>
  <GuestStars></GuestStars>
  <IMDB_ID></IMDB_ID>
  <Language>en</Language>
  <Overview>It's Will's seventeenth birthday and he is planning a dinner party but it clashes with a more popular bash so that his only guests are Neil, Jay, Simon and Simon's exchange student Patrice. Out of boredom they gate-crash the other party but only one of them is asked to stay and then bedded by the hostess as a sex object. The other four are sent packing. Needless to say none of those four are French.</Overview>
  <ProductionCode></ProductionCode>
  <Rating>7.6</Rating>
  <RatingCount>36</RatingCount>
  <SeasonNumber>2</SeasonNumber>
  <Writer>Damon Beesley &amp; Iain Morris</Writer>
  <absolute_number></absolute_number>
  <filename>episodes/81950/514031.jpg</filename>
  <lastupdated>1357763137</lastupdated>
  <seasonid>47231</seasonid>
  <seriesid>81950</seriesid>
</Episode>
<Episode>
  <id>514041</id>
  <Combined_episodenumber>4.0</Combined_episodenumber>
  <Combined_season>2</Combined_season>
  <DVD_chapter></DVD_chapter>
  <DVD_discid></DVD_discid>
  <DVD_episodenumber>4.0</DVD_episodenumber>
  <DVD_season>2</DVD_season>
  <Director>Ben Palmer</Director>
  <EpImgFlag>2</EpImgFlag>
  <EpisodeName>Night Out in London</EpisodeName>
  <EpisodeNumber>4</EpisodeNumber>
  <FirstAired>2009-04-23</FirstAired>
  <GuestStars></GuestStars>
  <IMDB_ID></IMDB_ID>
  <Language>en</Language>
  <Overview>Will decides the boys should reinvent themselves as trendy clubbers and they drive to London in Simon's car, though to gain entry to the best club in town Simon must swap his trainers for a tramp's filthy old shoes. Neil cuts his penis weeing into a can and when Jay inspects the damage they are ejected as perverts. Can things get any worse for the lads? The wheel-clamping of Simon's car might provide the answer.</Overview>
  <ProductionCode></ProductionCode>
  <Rating>7.8</Rating>
  <RatingCount>39</RatingCount>
  <SeasonNumber>2</SeasonNumber>
  <Writer>Damon Beesley &amp; Iain Morris</Writer>
  <absolute_number></absolute_number>
  <filename>episodes/81950/514041.jpg</filename>
  <lastupdated>1357763154</lastupdated>
  <seasonid>47231</seasonid>
  <seriesid>81950</seriesid>
</Episode>
<Episode>
  <id>549701</id>
  <Combined_episodenumber>5.0</Combined_episodenumber>
  <Combined_season>2</Combined_season>
  <DVD_chapter></DVD_chapter>
  <DVD_discid></DVD_discid>
  <DVD_episodenumber>5.0</DVD_episodenumber>
  <DVD_season>2</DVD_season>
  <Director></Director>
  <EpImgFlag>2</EpImgFlag>
  <EpisodeName>The Duke of Edinburgh Awards</EpisodeName>
  <EpisodeNumber>5</EpisodeNumber>
  <FirstAired>2009-04-30</FirstAired>
  <GuestStars></GuestStars>
  <IMDB_ID></IMDB_ID>
  <Language>en</Language>
  <Overview>Will is asked to co-ordinate the school's Duke of Edinburgh award scheme, and immediately turns the situation to his advantage, using it as an opportunity to volunteer at an old peoples home to try and snare his former babysitter. The other boys help out, except for Simon who has problems of his own.</Overview>
  <ProductionCode></ProductionCode>
  <Rating>7.6</Rating>
  <RatingCount>37</RatingCount>
  <SeasonNumber>2</SeasonNumber>
  <Writer></Writer>
  <absolute_number></absolute_number>
  <filename>episodes/81950/549701.jpg</filename>
  <lastupdated>1357763185</lastupdated>
  <seasonid>47231</seasonid>
  <seriesid>81950</seriesid>
</Episode>
<Episode>
  <id>602011</id>
  <Combined_episodenumber>6.0</Combined_episodenumber>
  <Combined_season>2</Combined_season>
  <DVD_chapter></DVD_chapter>
  <DVD_discid></DVD_discid>
  <DVD_episodenumber>6.0</DVD_episodenumber>
  <DVD_season>2</DVD_season>
  <Director></Director>
  <EpImgFlag>2</EpImgFlag>
  <EpisodeName>Exam Time</EpisodeName>
  <EpisodeNumber>6</EpisodeNumber>
  <FirstAired>2009-05-07</FirstAired>
  <GuestStars></GuestStars>
  <IMDB_ID></IMDB_ID>
  <Language>en</Language>
  <Overview>Will is stressed over his exams. Simon seems to be making some headway with Carli at last. Looking back on the year the boys realise that things have not been all that bad, but that if they ever had their time again Jay would be less sensitive, Simon would take Carli's word with a pinch of salt. Will would drink a lot fewer energy drinks and Neil would remember his kit for his PE exam</Overview>
  <ProductionCode></ProductionCode>
  <Rating>7.8</Rating>
  <RatingCount>35</RatingCount>
  <SeasonNumber>2</SeasonNumber>
  <Writer></Writer>
  <absolute_number></absolute_number>
  <filename>episodes/81950/602011.jpg</filename>
  <lastupdated>1357763198</lastupdated>
  <seasonid>47231</seasonid>
  <seriesid>81950</seriesid>
</Episode>
<Episode>
  <id>2731321</id>
  <Combined_episodenumber>1</Combined_episodenumber>
  <Combined_season>3</Combined_season>
  <DVD_chapter></DVD_chapter>
  <DVD_discid></DVD_discid>
  <DVD_episodenumber></DVD_episodenumber>
  <DVD_season></DVD_season>
  <Director></Director>
  <EpImgFlag>2</EpImgFlag>
  <EpisodeName>The Fashion Show</EpisodeName>
  <EpisodeNumber>1</EpisodeNumber>
  <FirstAired>2010-09-13</FirstAired>
  <GuestStars></GuestStars>
  <IMDB_ID></IMDB_ID>
  <Language>en</Language>
  <Overview>It's the start of term and Carli is organising a charity fashion show, and like every school fashion show it's only for the coolest and best looking kids. This means our four heroes aren't involved - or at least not until the last minute when Carli's desperate, but their help proves to be a bigger hindrance than anyone could have imagined.</Overview>
  <ProductionCode></ProductionCode>
  <Rating>7.7</Rating>
  <RatingCount>46</RatingCount>
  <SeasonNumber>3</SeasonNumber>
  <Writer></Writer>
  <absolute_number></absolute_number>
  <filename>episodes/81950/2731321.jpg</filename>
  <lastupdated>1359743080</lastupdated>
  <seasonid>306721</seasonid>
  <seriesid>81950</seriesid>
</Episode>
<Episode>
  <id>2838841</id>
  <Combined_episodenumber>2</Combined_episodenumber>
  <Combined_season>3</Combined_season>
  <DVD_chapter></DVD_chapter>
  <DVD_discid></DVD_discid>
  <DVD_episodenumber></DVD_episodenumber>
  <DVD_season></DVD_season>
  <Director></Director>
  <EpImgFlag>2</EpImgFlag>
  <EpisodeName>The Gig and the Girlfriend</EpisodeName>
  <EpisodeNumber>2</EpisodeNumber>
  <FirstAired>2010-09-20</FirstAired>
  <GuestStars></GuestStars>
  <IMDB_ID></IMDB_ID>
  <Language>en</Language>
  <Overview>Simon wants to date a girl in the year below and to try and impress her, he goes to his first gig since his mum took him to see Take That at Wembley Arena. Will, Jay and Neil end up going as well which spoils Simon's chances. </Overview>
  <ProductionCode></ProductionCode>
  <Rating>7.6</Rating>
  <RatingCount>38</RatingCount>
  <SeasonNumber>3</SeasonNumber>
  <Writer></Writer>
  <absolute_number></absolute_number>
  <filename>episodes/81950/2838841.jpg</filename>
  <lastupdated>1359743093</lastupdated>
  <seasonid>306721</seasonid>
  <seriesid>81950</seriesid>
</Episode>
<Episode>
  <id>2838851</id>
  <Combined_episodenumber>3</Combined_episodenumber>
  <Combined_season>3</Combined_season>
  <DVD_chapter></DVD_chapter>
  <DVD_discid></DVD_discid>
  <DVD_episodenumber></DVD_episodenumber>
  <DVD_season></DVD_season>
  <Director></Director>
  <EpImgFlag>2</EpImgFlag>
  <EpisodeName>Will's Dilemma</EpisodeName>
  <EpisodeNumber>3</EpisodeNumber>
  <FirstAired>2010-09-27</FirstAired>
  <GuestStars></GuestStars>
  <IMDB_ID></IMDB_ID>
  <Language>en</Language>
  <Overview>Simon and his new girlfriend Tara go on a double date with Will and her friend Kerry. Simon ends up having his principles put to the test. Will has to balance up spending some time with a boring girl for the prospect of getting some real action.</Overview>
  <ProductionCode></ProductionCode>
  <Rating>7.8</Rating>
  <RatingCount>35</RatingCount>
  <SeasonNumber>3</SeasonNumber>
  <Writer></Writer>
  <absolute_number></absolute_number>
  <filename>episodes/81950/2838851.jpg</filename>
  <lastupdated>1359743113</lastupdated>
  <seasonid>306721</seasonid>
  <seriesid>81950</seriesid>
</Episode>
<Episode>
  <id>2893871</id>
  <Combined_episodenumber>4</Combined_episodenumber>
  <Combined_season>3</Combined_season>
  <DVD_chapter></DVD_chapter>
  <DVD_discid></DVD_discid>
  <DVD_episodenumber></DVD_episodenumber>
  <DVD_season></DVD_season>
  <Director></Director>
  <EpImgFlag>2</EpImgFlag>
  <EpisodeName>The Trip to Warwick</EpisodeName>
  <EpisodeNumber>4</EpisodeNumber>
  <FirstAired>2010-10-04</FirstAired>
  <GuestStars></GuestStars>
  <IMDB_ID></IMDB_ID>
  <Language>en</Language>
  <Overview>Simon and Tara visit pay her sister a visit at university and his friends decide to tag along. Will wants to take a look at the university. Jay decides to offer sex advice to Simon.</Overview>
  <ProductionCode></ProductionCode>
  <Rating>7.9</Rating>
  <RatingCount>36</RatingCount>
  <SeasonNumber>3</SeasonNumber>
  <Writer></Writer>
  <absolute_number></absolute_number>
  <filename>episodes/81950/2893871.jpg</filename>
  <lastupdated>1360105582</lastupdated>
  <seasonid>306721</seasonid>
  <seriesid>81950</seriesid>
</Episode>
<Episode>
  <id>2920151</id>
  <Combined_episodenumber>5</Combined_episodenumber>
  <Combined_season>3</Combined_season>
  <DVD_chapter></DVD_chapter>
  <DVD_discid></DVD_discid>
  <DVD_episodenumber></DVD_episodenumber>
  <DVD_season></DVD_season>
  <Director></Director>
  <EpImgFlag>2</EpImgFlag>
  <EpisodeName>Will is Home Alone</EpisodeName>
  <EpisodeNumber>5</EpisodeNumber>
  <FirstAired>2010-10-11</FirstAired>
  <GuestStars></GuestStars>
  <IMDB_ID></IMDB_ID>
  <Language>en</Language>
  <Overview>Will is left home alone when his mother goes away for the weekend with an old schoolfriend, so he decides to take advantage of the situation. After a wild time with the boys ordering items off the internet and raiding the fridge, he wakes up to an unpleasant shock. Comedy, starring Simon Bird and Joe Thomas.</Overview>
  <ProductionCode></ProductionCode>
  <Rating>7.4</Rating>
  <RatingCount>32</RatingCount>
  <SeasonNumber>3</SeasonNumber>
  <Writer></Writer>
  <absolute_number></absolute_number>
  <filename>episodes/81950/2920151.jpg</filename>
  <lastupdated>1360105596</lastupdated>
  <seasonid>306721</seasonid>
  <seriesid>81950</seriesid>
</Episode>
<Episode>
  <id>2920161</id>
  <Combined_episodenumber>6</Combined_episodenumber>
  <Combined_season>3</Combined_season>
  <DVD_chapter></DVD_chapter>
  <DVD_discid></DVD_discid>
  <DVD_episodenumber></DVD_episodenumber>
  <DVD_season></DVD_season>
  <Director>Damon Beesley, Ian Morris</Director>
  <EpImgFlag>3</EpImgFlag>
  <EpisodeName>The Camping Trip</EpisodeName>
  <EpisodeNumber>6</EpisodeNumber>
  <FirstAired>2010-10-18</FirstAired>
  <GuestStars></GuestStars>
  <IMDB_ID></IMDB_ID>
  <Language>en</Language>
  <Overview>Will decides to organise one last adventure for his friends before they all go their separate ways, so the gang heads off for a camping trip in the countryside. While Will draws on all his scout training, Jay, Neil and Simon are less than prepared for the great outdoors.</Overview>
  <ProductionCode></ProductionCode>
  <Rating>7.9</Rating>
  <RatingCount>35</RatingCount>
  <SeasonNumber>3</SeasonNumber>
  <Writer>Damon Beesley, Iain Morris</Writer>
  <absolute_number></absolute_number>
  <filename>episodes/81950/2920161.jpg</filename>
  <lastupdated>1360105613</lastupdated>
  <seasonid>306721</seasonid>
  <seriesid>81950</seriesid>
</Episode>
</Data>