<?xml version="1.0" encoding="UTF-8" ?>
<Banners>
<Banner>
  <id>183951</id>
  <BannerPath>fanart/original/73265-13.jpg</BannerPath>
  <BannerType>fanart</BannerType>
  <BannerType2>1920x1080</BannerType2>
  <Colors>|15,23,25|21,48,67|239,234,228|</Colors>
  <Language>de</Language>
  <Rating>8.6667</Rating>
  <RatingCount>3</RatingCount>
  <SeriesName>false</SeriesName>
  <ThumbnailPath>_cache/fanart/original/73265-13.jpg</ThumbnailPath>
  <VignettePath>fanart/vignette/73265-13.jpg</VignettePath>
</Banner>
<Banner>
  <id>183941</id>
  <BannerPath>fanart/original/73265-12.jpg</BannerPath>
  <BannerType>fanart</BannerType>
  <BannerType2>1920x1080</BannerType2>
  <Colors></Colors>
  <Language>de</Language>
  <Rating>8.0000</Rating>
  <RatingCount>2</RatingCount>
  <SeriesName>false</SeriesName>
  <ThumbnailPath>_cache/fanart/original/73265-12.jpg</ThumbnailPath>
  <VignettePath>fanart/vignette/73265-12.jpg</VignettePath>
</Banner>
<Banner>
  <id>36282</id>
  <BannerPath>fanart/original/73265-5.jpg</BannerPath>
  <BannerType>fanart</BannerType>
  <BannerType2>1920x1080</BannerType2>
  <Colors></Colors>
  <Language>en</Language>
  <Rating>8.0000</Rating>
  <RatingCount>3</RatingCount>
  <SeriesName>false</SeriesName>
  <ThumbnailPath>_cache/fanart/original/73265-5.jpg</ThumbnailPath>
  <VignettePath>fanart/vignette/73265-5.jpg</VignettePath>
</Banner>
<Banner>
  <id>39562</id>
  <BannerPath>fanart/original/73265-9.jpg</BannerPath>
  <BannerType>fanart</BannerType>
  <BannerType2>1920x1080</BannerType2>
  <Colors></Colors>
  <Language>en</Language>
  <Rating>8.0000</Rating>
  <RatingCount>1</RatingCount>
  <SeriesName>false</SeriesName>
  <ThumbnailPath>_cache/fanart/original/73265-9.jpg</ThumbnailPath>
  <VignettePath>fanart/vignette/73265-9.jpg</VignettePath>
</Banner>
<Banner>
  <id>258191</id>
  <BannerPath>fanart/original/73265-18.jpg</BannerPath>
  <BannerType>fanart</BannerType>
  <BannerType2>1920x1080</BannerType2>
  <Colors></Colors>
  <Language>en</Language>
  <Rating>7.5000</Rating>
  <RatingCount>2</RatingCount>
  <SeriesName>false</SeriesName>
  <ThumbnailPath>_cache/fanart/original/73265-18.jpg</ThumbnailPath>
  <VignettePath>fanart/vignette/73265-18.jpg</VignettePath>
</Banner>
<Banner>
  <id>183961</id>
  <BannerPath>fanart/original/73265-14.jpg</BannerPath>
  <BannerType>fanart</BannerType>
  <BannerType2>1920x1080</BannerType2>
  <Colors></Colors>
  <Language>de</Language>
  <Rating>7.0000</Rating>
  <RatingCount>1</RatingCount>
  <SeriesName>false</SeriesName>
  <ThumbnailPath>_cache/fanart/original/73265-14.jpg</ThumbnailPath>
  <VignettePath>fanart/vignette/73265-14.jpg</VignettePath>
</Banner>
<Banner>
  <id>36444</id>
  <BannerPath>fanart/original/73265-7.jpg</BannerPath>
  <BannerType>fanart</BannerType>
  <BannerType2>1920x1080</BannerType2>
  <Colors></Colors>
  <Language>en</Language>
  <Rating>7.0000</Rating>
  <RatingCount>1</RatingCount>
  <SeriesName>false</SeriesName>
  <ThumbnailPath>_cache/fanart/original/73265-7.jpg</ThumbnailPath>
  <VignettePath>fanart/vignette/73265-7.jpg</VignettePath>
</Banner>
<Banner>
  <id>42350</id>
  <BannerPath>fanart/original/73265-10.jpg</BannerPath>
  <BannerType>fanart</BannerType>
  <BannerType2>1920x1080</BannerType2>
  <Colors></Colors>
  <Language>en</Language>
  <Rating>7.0000</Rating>
  <RatingCount>2</RatingCount>
  <SeriesName>false</SeriesName>
  <ThumbnailPath>_cache/fanart/original/73265-10.jpg</ThumbnailPath>
  <VignettePath>fanart/vignette/73265-10.jpg</VignettePath>
</Banner>
<Banner>
  <id>36445</id>
  <BannerPath>fanart/original/73265-8.jpg</BannerPath>
  <BannerType>fanart</BannerType>
  <BannerType2>1920x1080</BannerType2>
  <Colors></Colors>
  <Language>en</Language>
  <Rating>7.0000</Rating>
  <RatingCount>1</RatingCount>
  <SeriesName>false</SeriesName>
  <ThumbnailPath>_cache/fanart/original/73265-8.jpg</ThumbnailPath>
  <VignettePath>fanart/vignette/73265-8.jpg</VignettePath>
</Banner>
<Banner>
  <id>21598</id>
  <BannerPath>fanart/original/73265-1.jpg</BannerPath>
  <BannerType>fanart</BannerType>
  <BannerType2>1920x1080</BannerType2>
  <Colors>|254,254,254|50,48,51|174,173,178|</Colors>
  <Language>en</Language>
  <Rating>7.0000</Rating>
  <RatingCount>1</RatingCount>
  <SeriesName>false</SeriesName>
  <ThumbnailPath>_cache/fanart/original/73265-1.jpg</ThumbnailPath>
  <VignettePath>fanart/vignette/73265-1.jpg</VignettePath>
</Banner>
<Banner>
  <id>24391</id>
  <BannerPath>fanart/original/73265-2.jpg</BannerPath>
  <BannerType>fanart</BannerType>
  <BannerType2>1920x1080</BannerType2>
  <Colors></Colors>
  <Language>en</Language>
  <Rating>7.0000</Rating>
  <RatingCount>1</RatingCount>
  <SeriesName>false</SeriesName>
  <ThumbnailPath>_cache/fanart/original/73265-2.jpg</ThumbnailPath>
  <VignettePath>fanart/vignette/73265-2.jpg</VignettePath>
</Banner>
<Banner>
  <id>183981</id>
  <BannerPath>fanart/original/73265-16.jpg</BannerPath>
  <BannerType>fanart</BannerType>
  <BannerType2>1920x1080</BannerType2>
  <Colors></Colors>
  <Language>de</Language>
  <Rating>6.0000</Rating>
  <RatingCount>1</RatingCount>
  <SeriesName>false</SeriesName>
  <ThumbnailPath>_cache/fanart/original/73265-16.jpg</ThumbnailPath>
  <VignettePath>fanart/vignette/73265-16.jpg</VignettePath>
</Banner>
<Banner>
  <id>183991</id>
  <BannerPath>fanart/original/73265-17.jpg</BannerPath>
  <BannerType>fanart</BannerType>
  <BannerType2>1920x1080</BannerType2>
  <Colors></Colors>
  <Language>de</Language>
  <Rating>6.0000</Rating>
  <RatingCount>1</RatingCount>
  <SeriesName>false</SeriesName>
  <ThumbnailPath>_cache/fanart/original/73265-17.jpg</ThumbnailPath>
  <VignettePath>fanart/vignette/73265-17.jpg</VignettePath>
</Banner>
<Banner>
  <id>24393</id>
  <BannerPath>fanart/original/73265-4.jpg</BannerPath>
  <BannerType>fanart</BannerType>
  <BannerType2>1920x1080</BannerType2>
  <Colors></Colors>
  <Language>en</Language>
  <Rating>6.0000</Rating>
  <RatingCount>1</RatingCount>
  <SeriesName>false</SeriesName>
  <ThumbnailPath>_cache/fanart/original/73265-4.jpg</ThumbnailPath>
  <VignettePath>fanart/vignette/73265-4.jpg</VignettePath>
</Banner>
<Banner>
  <id>24392</id>
  <BannerPath>fanart/original/73265-3.jpg</BannerPath>
  <BannerType>fanart</BannerType>
  <BannerType2>1920x1080</BannerType2>
  <Colors></Colors>
  <Language>en</Language>
  <Rating>6.0000</Rating>
  <RatingCount>1</RatingCount>
  <SeriesName>false</SeriesName>
  <ThumbnailPath>_cache/fanart/original/73265-3.jpg</ThumbnailPath>
  <VignettePath>fanart/vignette/73265-3.jpg</VignettePath>
</Banner>
<Banner>
  <id>547451</id>
  <BannerPath>fanart/original/73265-19.jpg</BannerPath>
  <BannerType>fanart</BannerType>
  <BannerType2>1920x1080</BannerType2>
  <Colors>|57,57,57|108,108,108|5,5,5|</Colors>
  <Language>fr</Language>
  <Rating></Rating>
  <RatingCount>0</RatingCount>
  <SeriesName>false</SeriesName>
  <ThumbnailPath>_cache/fanart/original/73265-19.jpg</ThumbnailPath>
  <VignettePath>fanart/vignette/73265-19.jpg</VignettePath>
</Banner>
<Banner>
  <id>918688</id>
  <BannerPath>fanart/original/73265-23.jpg</BannerPath>
  <BannerType>fanart</BannerType>
  <BannerType2>1920x1080</BannerType2>
  <Colors></Colors>
  <Language>fr</Language>
  <Rating></Rating>
  <RatingCount>0</RatingCount>
  <SeriesName>false</SeriesName>
  <ThumbnailPath>_cache/fanart/original/73265-23.jpg</ThumbnailPath>
  <VignettePath>fanart/vignette/73265-23.jpg</VignettePath>
</Banner>
<Banner>
  <id>547441</id>
  <BannerPath>fanart/original/73265-15.jpg</BannerPath>
  <BannerType>fanart</BannerType>
  <BannerType2>1920x1080</BannerType2>
  <Colors></Colors>
  <Language>fr</Language>
  <Rating></Rating>
  <RatingCount>0</RatingCount>
  <SeriesName>false</SeriesName>
  <ThumbnailPath>_cache/fanart/original/73265-15.jpg</ThumbnailPath>
  <VignettePath>fanart/vignette/73265-15.jpg</VignettePath>
</Banner>
<Banner>
  <id>258181</id>
  <BannerPath>fanart/original/73265-11.jpg</BannerPath>
  <BannerType>fanart</BannerType>
  <BannerType2>1920x1080</BannerType2>
  <Colors></Colors>
  <Language>en</Language>
  <Rating></Rating>
  <RatingCount>0</RatingCount>
  <SeriesName>false</SeriesName>
  <ThumbnailPath>_cache/fanart/original/73265-11.jpg</ThumbnailPath>
  <VignettePath>fanart/vignette/73265-11.jpg</VignettePath>
</Banner>
<Banner>
  <id>938849</id>
  <BannerPath>fanart/original/73265-26.jpg</BannerPath>
  <BannerType>fanart</BannerType>
  <BannerType2>1920x1080</BannerType2>
  <Colors></Colors>
  <Language>en</Language>
  <Rating></Rating>
  <RatingCount>0</RatingCount>
  <SeriesName>false</SeriesName>
  <ThumbnailPath>_cache/fanart/original/73265-26.jpg</ThumbnailPath>
  <VignettePath>fanart/vignette/73265-26.jpg</VignettePath>
</Banner>
<Banner>
  <id>918690</id>
  <BannerPath>fanart/original/73265-24.jpg</BannerPath>
  <BannerType>fanart</BannerType>
  <BannerType2>1920x1080</BannerType2>
  <Colors></Colors>
  <Language>fr</Language>
  <Rating></Rating>
  <RatingCount>0</RatingCount>
  <SeriesName>false</SeriesName>
  <ThumbnailPath>_cache/fanart/original/73265-24.jpg</ThumbnailPath>
  <VignettePath>fanart/vignette/73265-24.jpg</VignettePath>
</Banner>
<Banner>
  <id>918686</id>
  <BannerPath>fanart/original/73265-21.jpg</BannerPath>
  <BannerType>fanart</BannerType>
  <BannerType2>1920x1080</BannerType2>
  <Colors></Colors>
  <Language>fr</Language>
  <Rating></Rating>
  <RatingCount>0</RatingCount>
  <SeriesName>false</SeriesName>
  <ThumbnailPath>_cache/fanart/original/73265-21.jpg</ThumbnailPath>
  <VignettePath>fanart/vignette/73265-21.jpg</VignettePath>
</Banner>
<Banner>
  <id>938848</id>
  <BannerPath>fanart/original/73265-25.jpg</BannerPath>
  <BannerType>fanart</BannerType>
  <BannerType2>1920x1080</BannerType2>
  <Colors></Colors>
  <Language>en</Language>
  <Rating></Rating>
  <RatingCount>0</RatingCount>
  <SeriesName>false</SeriesName>
  <ThumbnailPath>_cache/fanart/original/73265-25.jpg</ThumbnailPath>
  <VignettePath>fanart/vignette/73265-25.jpg</VignettePath>
</Banner>
<Banner>
  <id>773421</id>
  <BannerPath>fanart/original/73265-20.jpg</BannerPath>
  <BannerType>fanart</BannerType>
  <BannerType2>1920x1080</BannerType2>
  <Colors></Colors>
  <Language>en</Language>
  <Rating></Rating>
  <RatingCount>0</RatingCount>
  <SeriesName>false</SeriesName>
  <ThumbnailPath>_cache/fanart/original/73265-20.jpg</ThumbnailPath>
  <VignettePath>fanart/vignette/73265-20.jpg</VignettePath>
</Banner>
<Banner>
  <id>918687</id>
  <BannerPath>fanart/original/73265-22.jpg</BannerPath>
  <BannerType>fanart</BannerType>
  <BannerType2>1920x1080</BannerType2>
  <Colors></Colors>
  <Language>fr</Language>
  <Rating></Rating>
  <RatingCount>0</RatingCount>
  <SeriesName>false</SeriesName>
  <ThumbnailPath>_cache/fanart/original/73265-22.jpg</ThumbnailPath>
  <VignettePath>fanart/vignette/73265-22.jpg</VignettePath>
</Banner>
<Banner>
  <id>938851</id>
  <BannerPath>fanart/original/73265-27.jpg</BannerPath>
  <BannerType>fanart</BannerType>
  <BannerType2>1920x1080</BannerType2>
  <Colors></Colors>
  <Language>en</Language>
  <Rating></Rating>
  <RatingCount>0</RatingCount>
  <SeriesName>false</SeriesName>
  <ThumbnailPath>_cache/fanart/original/73265-27.jpg</ThumbnailPath>
  <VignettePath>fanart/vignette/73265-27.jpg</VignettePath>
</Banner>
<Banner>
  <id>28205</id>
  <BannerPath>posters/73265-1.jpg</BannerPath>
  <BannerType>poster</BannerType>
  <BannerType2>680x1000</BannerType2>
  <Language>en</Language>
  <Rating>8.0000</Rating>
  <RatingCount>1</RatingCount>
</Banner>
<Banner>
  <id>242961</id>
  <BannerPath>seasons/73265-6.jpg</BannerPath>
  <BannerType>season</BannerType>
  <BannerType2>season</BannerType2>
  <Language>en</Language>
  <Rating>10.0000</Rating>
  <RatingCount>1</RatingCount>
  <Season>6</Season>
</Banner>
<Banner>
  <id>619761</id>
  <BannerPath>seasons/73265-7.jpg</BannerPath>
  <BannerType>season</BannerType>
  <BannerType2>season</BannerType2>
  <Language>en</Language>
  <Rating>10.0000</Rating>
  <RatingCount>1</RatingCount>
  <Season>7</Season>
</Banner>
<Banner>
  <id>25220</id>
  <BannerPath>seasons/73265-4-4.jpg</BannerPath>
  <BannerType>season</BannerType>
  <BannerType2>season</BannerType2>
  <Language>en</Language>
  <Rating>9.0000</Rating>
  <RatingCount>2</RatingCount>
  <Season>4</Season>
</Banner>
<Banner>
  <id>23040</id>
  <BannerPath>seasons/73265-4-3.jpg</BannerPath>
  <BannerType>season</BannerType>
  <BannerType2>season</BannerType2>
  <Language>en</Language>
  <Rating>9.0000</Rating>
  <RatingCount>1</RatingCount>
  <Season>4</Season>
</Banner>
<Banner>
  <id>19081</id>
  <BannerPath>seasons/73265-3-5.jpg</BannerPath>
  <BannerType>season</BannerType>
  <BannerType2>season</BannerType2>
  <Language>en</Language>
  <Rating>8.0000</Rating>
  <RatingCount>1</RatingCount>
  <Season>3</Season>
</Banner>
<Banner>
  <id>11452</id>
  <BannerPath>seasons/73265-2.jpg</BannerPath>
  <BannerType>season</BannerType>
  <BannerType2>season</BannerType2>
  <Language>en</Language>
  <Rating>8.0000</Rating>
  <RatingCount>1</RatingCount>
  <Season>2</Season>
</Banner>
<Banner>
  <id>19080</id>
  <BannerPath>seasons/73265-2-4.jpg</BannerPath>
  <BannerType>season</BannerType>
  <BannerType2>season</BannerType2>
  <Language>en</Language>
  <Rating>8.0000</Rating>
  <RatingCount>1</RatingCount>
  <Season>2</Season>
</Banner>
<Banner>
  <id>19079</id>
  <BannerPath>seasons/73265-1-3.jpg</BannerPath>
  <BannerType>season</BannerType>
  <BannerType2>season</BannerType2>
  <Language>en</Language>
  <Rating>8.0000</Rating>
  <RatingCount>1</RatingCount>
  <Season>1</Season>
</Banner>
<Banner>
  <id>860265</id>
  <BannerPath>seasons/73265-7-2.jpg</BannerPath>
  <BannerType>season</BannerType>
  <BannerType2>season</BannerType2>
  <Language>en</Language>
  <Rating>7.7500</Rating>
  <RatingCount>4</RatingCount>
  <Season>7</Season>
</Banner>
<Banner>
  <id>7225</id>
  <BannerPath>seasons/22414-2.jpg</BannerPath>
  <BannerType>season</BannerType>
  <BannerType2>season</BannerType2>
  <Language>en</Language>
  <Rating>7.0000</Rating>
  <RatingCount>1</RatingCount>
  <Season>2</Season>
</Banner>
<Banner>
  <id>11453</id>
  <BannerPath>seasons/73265-3.jpg</BannerPath>
  <BannerType>season</BannerType>
  <BannerType2>season</BannerType2>
  <Language>en</Language>
  <Rating>7.0000</Rating>
  <RatingCount>1</RatingCount>
  <Season>3</Season>
</Banner>
<Banner>
  <id>6649</id>
  <BannerPath>seasons/22414-1.jpg</BannerPath>
  <BannerType>season</BannerType>
  <BannerType2>season</BannerType2>
  <Language>en</Language>
  <Rating>6.0000</Rating>
  <RatingCount>1</RatingCount>
  <Season>1</Season>
</Banner>
<Banner>
  <id>11451</id>
  <BannerPath>seasons/73265-1.jpg</BannerPath>
  <BannerType>season</BannerType>
  <BannerType2>season</BannerType2>
  <Language>en</Language>
  <Rating>5.0000</Rating>
  <RatingCount>1</RatingCount>
  <Season>1</Season>
</Banner>
<Banner>
  <id>85891</id>
  <BannerPath>seasons/73265-5.jpg</BannerPath>
  <BannerType>season</BannerType>
  <BannerType2>season</BannerType2>
  <Language>en</Language>
  <Rating>5.0000</Rating>
  <RatingCount>1</RatingCount>
  <Season>5</Season>
</Banner>
<Banner>
  <id>19003</id>
  <BannerPath>seasons/73265-4-2.jpg</BannerPath>
  <BannerType>season</BannerType>
  <BannerType2>season</BannerType2>
  <Language>en</Language>
  <Rating>5.0000</Rating>
  <RatingCount>1</RatingCount>
  <Season>4</Season>
</Banner>
<Banner>
  <id>18346</id>
  <BannerPath>seasons/73265-3-2.jpg</BannerPath>
  <BannerType>season</BannerType>
  <BannerType2>season</BannerType2>
  <Language>en</Language>
  <Rating>3.0000</Rating>
  <RatingCount>1</RatingCount>
  <Season>3</Season>
</Banner>
<Banner>
  <id>18350</id>
  <BannerPath>seasons/73265-2-3.jpg</BannerPath>
  <BannerType>season</BannerType>
  <BannerType2>season</BannerType2>
  <Language>en</Language>
  <Rating>3.0000</Rating>
  <RatingCount>1</RatingCount>
  <Season>2</Season>
</Banner>
<Banner>
  <id>18348</id>
  <BannerPath>seasons/73265-3-4.jpg</BannerPath>
  <BannerType>season</BannerType>
  <BannerType2>season</BannerType2>
  <Language>en</Language>
  <Rating>3.0000</Rating>
  <RatingCount>1</RatingCount>
  <Season>3</Season>
</Banner>
<Banner>
  <id>18347</id>
  <BannerPath>seasons/73265-3-3.jpg</BannerPath>
  <BannerType>season</BannerType>
  <BannerType2>season</BannerType2>
  <Language>en</Language>
  <Rating>3.0000</Rating>
  <RatingCount>1</RatingCount>
  <Season>3</Season>
</Banner>
<Banner>
  <id>18352</id>
  <BannerPath>seasons/73265-4.jpg</BannerPath>
  <BannerType>season</BannerType>
  <BannerType2>season</BannerType2>
  <Language>en</Language>
  <Rating>3.0000</Rating>
  <RatingCount>1</RatingCount>
  <Season>4</Season>
</Banner>
<Banner>
  <id>18349</id>
  <BannerPath>seasons/73265-2-2.jpg</BannerPath>
  <BannerType>season</BannerType>
  <BannerType2>season</BannerType2>
  <Language>en</Language>
  <Rating>2.0000</Rating>
  <RatingCount>1</RatingCount>
  <Season>2</Season>
</Banner>
<Banner>
  <id>711721</id>
  <BannerPath>seasons/73265-5-2.jpg</BannerPath>
  <BannerType>season</BannerType>
  <BannerType2>season</BannerType2>
  <Language>en</Language>
  <Rating></Rating>
  <RatingCount>0</RatingCount>
  <Season>5</Season>
</Banner>
<Banner>
  <id>873627</id>
  <BannerPath>seasons/73265-6-3.jpg</BannerPath>
  <BannerType>season</BannerType>
  <BannerType2>season</BannerType2>
  <Language>de</Language>
  <Rating></Rating>
  <RatingCount>0</RatingCount>
  <Season>6</Season>
</Banner>
<Banner>
  <id>24330</id>
  <BannerPath>seasons/73265-1-4.jpg</BannerPath>
  <BannerType>season</BannerType>
  <BannerType2>season</BannerType2>
  <Language>de</Language>
  <Rating></Rating>
  <RatingCount>0</RatingCount>
  <Season>1</Season>
</Banner>
<Banner>
  <id>711711</id>
  <BannerPath>seasons/73265-6-2.jpg</BannerPath>
  <BannerType>season</BannerType>
  <BannerType2>season</BannerType2>
  <Language>en</Language>
  <Rating></Rating>
  <RatingCount>0</RatingCount>
  <Season>6</Season>
</Banner>
<Banner>
  <id>27646</id>
  <BannerPath>seasonswide/73265-4.jpg</BannerPath>
  <BannerType>season</BannerType>
  <BannerType2>seasonwide</BannerType2>
  <Language>en</Language>
  <Rating></Rating>
  <RatingCount>0</RatingCount>
  <Season>4</Season>
</Banner>
<Banner>
  <id>123991</id>
  <BannerPath>graphical/73265-g10.jpg</BannerPath>
  <BannerType>series</BannerType>
  <BannerType2>graphical</BannerType2>
  <Language>en</Language>
  <Rating>8.0000</Rating>
  <RatingCount>4</RatingCount>
</Banner>
<Banner>
  <id>123981</id>
  <BannerPath>graphical/73265-g9.jpg</BannerPath>
  <BannerType>series</BannerType>
  <BannerType2>graphical</BannerType2>
  <Language>en</Language>
  <Rating>7.6667</Rating>
  <RatingCount>3</RatingCount>
</Banner>
<Banner>
  <id>25692</id>
  <BannerPath>graphical/73265-g6.jpg</BannerPath>
  <BannerType>series</BannerType>
  <BannerType2>graphical</BannerType2>
  <Language>en</Language>
  <Rating>7.6667</Rating>
  <RatingCount>6</RatingCount>
</Banner>
<Banner>
  <id>19596</id>
  <BannerPath>graphical/73265-g4.jpg</BannerPath>
  <BannerType>series</BannerType>
  <BannerType2>graphical</BannerType2>
  <Language>en</Language>
  <Rating>7.2000</Rating>
  <RatingCount>5</RatingCount>
</Banner>
<Banner>
  <id>47501</id>
  <BannerPath>graphical/73265-g8.jpg</BannerPath>
  <BannerType>series</BannerType>
  <BannerType2>graphical</BannerType2>
  <Language>en</Language>
  <Rating>7.0000</Rating>
  <RatingCount>2</RatingCount>
</Banner>
<Banner>
  <id>5642</id>
  <BannerPath>graphical/22414-g.jpg</BannerPath>
  <BannerType>series</BannerType>
  <BannerType2>graphical</BannerType2>
  <Language>en</Language>
  <Rating>6.0000</Rating>
  <RatingCount>3</RatingCount>
</Banner>
<Banner>
  <id>19595</id>
  <BannerPath>graphical/73265-g3.jpg</BannerPath>
  <BannerType>series</BannerType>
  <BannerType2>graphical</BannerType2>
  <Language>en</Language>
  <Rating>5.6667</Rating>
  <RatingCount>3</RatingCount>
</Banner>
<Banner>
  <id>24344</id>
  <BannerPath>graphical/73265-g2.jpg</BannerPath>
  <BannerType>series</BannerType>
  <BannerType2>graphical</BannerType2>
  <Language>de</Language>
  <Rating>5.6667</Rating>
  <RatingCount>3</RatingCount>
</Banner>
<Banner>
  <id>19597</id>
  <BannerPath>graphical/73265-g5.jpg</BannerPath>
  <BannerType>series</BannerType>
  <BannerType2>graphical</BannerType2>
  <Language>en</Language>
  <Rating>5.6667</Rating>
  <RatingCount>3</RatingCount>
</Banner>
<Banner>
  <id>13039</id>
  <BannerPath>blank/73265.jpg</BannerPath>
  <BannerType>series</BannerType>
  <BannerType2>blank</BannerType2>
  <Language>en</Language>
  <Rating>5.0000</Rating>
  <RatingCount>1</RatingCount>
</Banner>
<Banner>
  <id>27641</id>
  <BannerPath>graphical/73265-g7.jpg</BannerPath>
  <BannerType>series</BannerType>
  <BannerType2>graphical</BannerType2>
  <Language>en</Language>
  <Rating>4.0000</Rating>
  <RatingCount>3</RatingCount>
</Banner>
<Banner>
  <id>16556</id>
  <BannerPath>graphical/73265-g.jpg</BannerPath>
  <BannerType>series</BannerType>
  <BannerType2>graphical</BannerType2>
  <Language>en</Language>
  <Rating>3.0000</Rating>
  <RatingCount>2</RatingCount>
</Banner>
<Banner>
  <id>262961</id>
  <BannerPath>graphical/73265-g12.jpg</BannerPath>
  <BannerType>series</BannerType>
  <BannerType2>graphical</BannerType2>
  <Language>en</Language>
  <Rating>2.0000</Rating>
  <RatingCount>1</RatingCount>
</Banner>
<Banner>
  <id>262971</id>
  <BannerPath>graphical/73265-g13.jpg</BannerPath>
  <BannerType>series</BannerType>
  <BannerType2>graphical</BannerType2>
  <Language>en</Language>
  <Rating>1.0000</Rating>
  <RatingCount>1</RatingCount>
</Banner>
<Banner>
  <id>124031</id>
  <BannerPath>graphical/73265-g11.jpg</BannerPath>
  <BannerType>series</BannerType>
  <BannerType2>graphical</BannerType2>
  <Language>en</Language>
  <Rating>1.0000</Rating>
  <RatingCount>1</RatingCount>
</Banner>
<Banner>
  <id>9861</id>
  <BannerPath>text/73265.jpg</BannerPath>
  <BannerType>series</BannerType>
  <BannerType2>text</BannerType2>
  <Language>en</Language>
  <Rating>1.0000</Rating>
  <RatingCount>1</RatingCount>
</Banner>
</Banners>