<?xml version="1.0" encoding="UTF-8" ?>
<Data><Series>
  <id>74852</id>
  <Actors>|Zach Tyler Eisen|Mae Whitman|Jack DeSena|Jennie Kwan|Melendy Britt|Dee Bradley Baker|Mitchel Musso|Mako|Dante Basco|</Actors>
  <Airs_DayOfWeek>Saturday</Airs_DayOfWeek>
  <Airs_Time>11:00AM</Airs_Time>
  <ContentRating>TV-Y7</ContentRating>
  <FirstAired>2005-02-21</FirstAired>
  <Genre>|Action|Adventure|Animation|Children|Fantasy|</Genre>
  <IMDB_ID>tt0417299</IMDB_ID>
  <Language>en</Language>
  <Network>Nickelodeon</Network>
  <NetworkID></NetworkID>
  <Overview>In a world where the four elements can be controlled by people known as Benders, the Fire Nation is waging a ruthless, oppressive war to control the other great nations. The only hope for stopping the brutal war led by the Firebenders rests on the shoulders of a reluctant young boy named Aang . The last known survivor of the peaceful Air Nomads and the Airbenders, Aang is the Avatar. The Avatar is the physical re-incarnation of the world spirit, with the power to manipulate all four elements and draw upon the power, knowledge, and experiences of the Avatar's previous incarnations. The Avatar is responsible for maintaining balance between the four nations of the world and the spirit world, hence keeping the balance of the world. Aided by a protective teenage Waterbender named Katara and her bull-headed brother Sokka, Aang begins a perilous journey to restore balance to their war-torn world.</Overview>
  <Rating>9.2</Rating>
  <RatingCount>86</RatingCount>
  <Runtime>30</Runtime>
  <SeriesID>28841</SeriesID>
  <SeriesName>Avatar: The Last Airbender</SeriesName>
  <Status>Ended</Status>
  <added></added>
  <addedBy></addedBy>
  <banner>graphical/74852-g4.jpg</banner>
  <fanart>fanart/original/74852-1.jpg</fanart>
  <lastupdated>1364826079</lastupdated>
  <poster>posters/74852-7.jpg</poster>
  <zap2it_id>SH725353</zap2it_id>
</Series>
<Episode>
  <id>344740</id>
  <Combined_episodenumber>1</Combined_episodenumber>
  <Combined_season>0</Combined_season>
  <DVD_chapter></DVD_chapter>
  <DVD_discid></DVD_discid>
  <DVD_episodenumber></DVD_episodenumber>
  <DVD_season></DVD_season>
  <Director>Michael Dante DiMartino|Bryan Konietzko</Director>
  <EpImgFlag>1</EpImgFlag>
  <EpisodeName>Unaired Pilot</EpisodeName>
  <EpisodeNumber>1</EpisodeNumber>
  <FirstAired></FirstAired>
  <GuestStars>Bryan Konietzko|Mitchel Musso|Mae Whitman</GuestStars>
  <IMDB_ID></IMDB_ID>
  <Language>en</Language>
  <Overview>Sokka and his sister Kya must travel the world to find masters for Aang, who is the Avatar.  However, they must evade a critical foe, Prince Zuko of the Fire Nation, who wants to capture Aang.</Overview>
  <ProductionCode></ProductionCode>
  <Rating>7.0</Rating>
  <RatingCount>1</RatingCount>
  <SeasonNumber>0</SeasonNumber>
  <Writer>Michael Dante DiMartino|Bryan Konietzko</Writer>
  <absolute_number></absolute_number>
  <airsafter_season></airsafter_season>
  <airsbefore_episode>1</airsbefore_episode>
  <airsbefore_season>1</airsbefore_season>
  <filename>episodes/74852/344740.jpg</filename>
  <lastupdated>1339475667</lastupdated>
  <seasonid>22313</seasonid>
  <seriesid>74852</seriesid>
</Episode>
<Episode>
  <id>311598</id>
  <Combined_episodenumber>2</Combined_episodenumber>
  <Combined_season>0</Combined_season>
  <DVD_chapter></DVD_chapter>
  <DVD_discid></DVD_discid>
  <DVD_episodenumber></DVD_episodenumber>
  <DVD_season></DVD_season>
  <Director></Director>
  <EpImgFlag>1</EpImgFlag>
  <EpisodeName>Avatar: The Legend So Far</EpisodeName>
  <EpisodeNumber>2</EpisodeNumber>
  <FirstAired>2005-11-18</FirstAired>
  <GuestStars>James Garrett</GuestStars>
  <IMDB_ID></IMDB_ID>
  <Language>en</Language>
  <Overview>Narrator James Garrett, the voice of Avatar Roku, explains some of the events that have taken place over the course of Aang’s journey and provides some additional insight into some of the characters. This clip-filled special recaps the adventures of our travelers on their journey throughout the Avatar world, all en route to their ultimate destination, the Northern Water Tribe. It was then followed by a brand new episode, Chapter Eighteen: The Waterbending Master.</Overview>
  <ProductionCode></ProductionCode>
  <Rating>6.5</Rating>
  <RatingCount>2</RatingCount>
  <SeasonNumber>0</SeasonNumber>
  <Writer></Writer>
  <absolute_number></absolute_number>
  <airsafter_season></airsafter_season>
  <airsbefore_episode>18</airsbefore_episode>
  <airsbefore_season>1</airsbefore_season>
  <filename>episodes/74852/311598.jpg</filename>
  <lastupdated>1339698173</lastupdated>
  <seasonid>22313</seasonid>
  <seriesid>74852</seriesid>
</Episode>
<Episode>
  <id>356528</id>
  <Combined_episodenumber>3</Combined_episodenumber>
  <Combined_season>0</Combined_season>
  <DVD_chapter></DVD_chapter>
  <DVD_discid></DVD_discid>
  <DVD_episodenumber></DVD_episodenumber>
  <DVD_season></DVD_season>
  <Director></Director>
  <EpImgFlag>1</EpImgFlag>
  <EpisodeName>Chibi Short: Swamp Skiin' Throwdown</EpisodeName>
  <EpisodeNumber>3</EpisodeNumber>
  <FirstAired></FirstAired>
  <GuestStars></GuestStars>
  <IMDB_ID></IMDB_ID>
  <Language>en</Language>
  <Overview>Bonus from Book 3, DVD3</Overview>
  <ProductionCode></ProductionCode>
  <Rating>7.0</Rating>
  <RatingCount>2</RatingCount>
  <SeasonNumber>0</SeasonNumber>
  <Writer></Writer>
  <absolute_number></absolute_number>
  <airsafter_season></airsafter_season>
  <airsbefore_episode>5</airsbefore_episode>
  <airsbefore_season>2</airsbefore_season>
  <filename>episodes/74852/356528.jpg</filename>
  <lastupdated>1339698984</lastupdated>
  <seasonid>22313</seasonid>
  <seriesid>74852</seriesid>
</Episode>
<Episode>
  <id>356529</id>
  <Combined_episodenumber>4</Combined_episodenumber>
  <Combined_season>0</Combined_season>
  <DVD_chapter></DVD_chapter>
  <DVD_discid></DVD_discid>
  <DVD_episodenumber></DVD_episodenumber>
  <DVD_season></DVD_season>
  <Director></Director>
  <EpImgFlag>1</EpImgFlag>
  <EpisodeName>Chibi Short: Bending Battle</EpisodeName>
  <EpisodeNumber>4</EpisodeNumber>
  <FirstAired></FirstAired>
  <GuestStars></GuestStars>
  <IMDB_ID></IMDB_ID>
  <Language>en</Language>
  <Overview>Bonus from Book 3, DVD2</Overview>
  <ProductionCode></ProductionCode>
  <Rating>8.0</Rating>
  <RatingCount>2</RatingCount>
  <SeasonNumber>0</SeasonNumber>
  <Writer></Writer>
  <absolute_number></absolute_number>
  <airsafter_season></airsafter_season>
  <airsbefore_episode>10</airsbefore_episode>
  <airsbefore_season>2</airsbefore_season>
  <filename>episodes/74852/356529.jpg</filename>
  <lastupdated>1285807027</lastupdated>
  <seasonid>22313</seasonid>
  <seriesid>74852</seriesid>
</Episode>
<Episode>
  <id>356527</id>
  <Combined_episodenumber>5</Combined_episodenumber>
  <Combined_season>0</Combined_season>
  <DVD_chapter></DVD_chapter>
  <DVD_discid></DVD_discid>
  <DVD_episodenumber></DVD_episodenumber>
  <DVD_season></DVD_season>
  <Director></Director>
  <EpImgFlag>1</EpImgFlag>
  <EpisodeName>Chibi Short: School Time Shipping</EpisodeName>
  <EpisodeNumber>5</EpisodeNumber>
  <FirstAired></FirstAired>
  <GuestStars></GuestStars>
  <IMDB_ID></IMDB_ID>
  <Language>en</Language>
  <Overview>Bonus from Book 3, DVD4</Overview>
  <ProductionCode></ProductionCode>
  <Rating>7.0</Rating>
  <RatingCount>1</RatingCount>
  <SeasonNumber>0</SeasonNumber>
  <Writer></Writer>
  <absolute_number></absolute_number>
  <airsafter_season></airsafter_season>
  <airsbefore_episode>20</airsbefore_episode>
  <airsbefore_season>2</airsbefore_season>
  <filename>episodes/74852/356527.jpg</filename>
  <lastupdated>1339476098</lastupdated>
  <seasonid>22313</seasonid>
  <seriesid>74852</seriesid>
</Episode>
<Episode>
  <id>356533</id>
  <Combined_episodenumber>6</Combined_episodenumber>
  <Combined_season>0</Combined_season>
  <DVD_chapter></DVD_chapter>
  <DVD_discid></DVD_discid>
  <DVD_episodenumber></DVD_episodenumber>
  <DVD_season></DVD_season>
  <Director></Director>
  <EpImgFlag>1</EpImgFlag>
  <EpisodeName>Escape from the Spirit World</EpisodeName>
  <EpisodeNumber>6</EpisodeNumber>
  <FirstAired></FirstAired>
  <GuestStars></GuestStars>
  <IMDB_ID></IMDB_ID>
  <Language>en</Language>
  <Overview>After being shot by Azula's lethal lightning attack, Aang falls into a deep slumber. Escape from the Spirit World explains that while Aang's mind and body were immobile, his soul was trapped in the Spirit World. He encounters Princess Yue, the Moon Spirit, who informs him that if he does not reconnect with his past four lives, the Avatar Cycle will end.</Overview>
  <ProductionCode></ProductionCode>
  <Rating>6.0</Rating>
  <RatingCount>1</RatingCount>
  <SeasonNumber>0</SeasonNumber>
  <Writer></Writer>
  <absolute_number></absolute_number>
  <airsafter_season></airsafter_season>
  <airsbefore_episode>1</airsbefore_episode>
  <airsbefore_season>3</airsbefore_season>
  <filename>episodes/74852/356533.jpg</filename>
  <lastupdated>1339475646</lastupdated>
  <seasonid>22313</seasonid>
  <seriesid>74852</seriesid>
</Episode>
<Episode>
  <id>155935</id>
  <Combined_episodenumber>1.0</Combined_episodenumber>
  <Combined_season>1</Combined_season>
  <DVD_chapter>1</DVD_chapter>
  <DVD_discid>AVATAR_BK1_VOL1_EUR</DVD_discid>
  <DVD_episodenumber>1.0</DVD_episodenumber>
  <DVD_season>1</DVD_season>
  <Director>Dave Filoni</Director>
  <EpImgFlag></EpImgFlag>
  <EpisodeName>The Boy in the Iceberg</EpisodeName>
  <EpisodeNumber>1</EpisodeNumber>
  <FirstAired>2005-02-21</FirstAired>
  <GuestStars>Mitchel Musso</GuestStars>
  <IMDB_ID>tt0801470</IMDB_ID>
  <Language>en</Language>
  <Overview>Two teenage siblings (Sokka and Katara) living in the South Pole discover a very strange boy (Aang), along with his pet flying bison Appa, in an iceberg. But can they trust him when he accidentally draws the war to their village's doorstep?</Overview>
  <ProductionCode>101</ProductionCode>
  <Rating>7.7</Rating>
  <RatingCount>35</RatingCount>
  <SeasonNumber>1</SeasonNumber>
  <Writer>|Michael Dante DiMartino|Bryan Konietzko|</Writer>
  <absolute_number>1</absolute_number>
  <filename>episodes/74852/155935.jpg</filename>
  <lastupdated>1358467168</lastupdated>
  <seasonid>8113</seasonid>
  <seriesid>74852</seriesid>
</Episode>
<Episode>
  <id>155936</id>
  <Combined_episodenumber>2.0</Combined_episodenumber>
  <Combined_season>1</Combined_season>
  <DVD_chapter>2</DVD_chapter>
  <DVD_discid></DVD_discid>
  <DVD_episodenumber>2.0</DVD_episodenumber>
  <DVD_season>1</DVD_season>
  <Director>Dave Filoni</Director>
  <EpImgFlag>1</EpImgFlag>
  <EpisodeName>The Avatar Returns</EpisodeName>
  <EpisodeNumber>2</EpisodeNumber>
  <FirstAired>2005-02-21</FirstAired>
  <GuestStars>Mitchel Musso</GuestStars>
  <IMDB_ID>tt0772328</IMDB_ID>
  <Language>en</Language>
  <Overview>Katara and Sokka discover that Aang is the long-lost Avatar and must rescue him when a Firebending prince named Zuko kidnaps him.</Overview>
  <ProductionCode>102</ProductionCode>
  <Rating>7.8</Rating>
  <RatingCount>19</RatingCount>
  <SeasonNumber>1</SeasonNumber>
  <Writer>|Michael Dante DiMartino|Bryan Konietzko|</Writer>
  <absolute_number>2</absolute_number>
  <filename>episodes/74852/155936.jpg</filename>
  <lastupdated>1358467609</lastupdated>
  <seasonid>8113</seasonid>
  <seriesid>74852</seriesid>
</Episode>
<Episode>
  <id>155937</id>
  <Combined_episodenumber>3.0</Combined_episodenumber>
  <Combined_season>1</Combined_season>
  <DVD_chapter>3</DVD_chapter>
  <DVD_discid>AVATAR_BK1_VOL1_EUR</DVD_discid>
  <DVD_episodenumber>3.0</DVD_episodenumber>
  <DVD_season>1</DVD_season>
  <Director>Lauren MacMullan</Director>
  <EpImgFlag></EpImgFlag>
  <EpisodeName>The Southern Air Temple</EpisodeName>
  <EpisodeNumber>3</EpisodeNumber>
  <FirstAired>2005-02-25</FirstAired>
  <GuestStars>|Sab Shimono|Jason Isaacs|</GuestStars>
  <IMDB_ID>tt0805800</IMDB_ID>
  <Language>en</Language>
  <Overview>Aang is excited about going home (the Southern Airtemple) for the first time in one hundred years, but he is shocked to find out that the temple is deserted. Aang tells Sokka and Katara about his childhood as they explore the temple, but they soon discover something that Aang never expected. Meanwhile, Prince Zuko must make repairs to his ship and the only way he can do it is to dock his ship at his rival's naval base.</Overview>
  <ProductionCode>103</ProductionCode>
  <Rating>7.5</Rating>
  <RatingCount>23</RatingCount>
  <SeasonNumber>1</SeasonNumber>
  <Writer>Michael Dante DiMartino</Writer>
  <absolute_number>3</absolute_number>
  <filename>episodes/74852/155937.jpg</filename>
  <lastupdated>1358467639</lastupdated>
  <seasonid>8113</seasonid>
  <seriesid>74852</seriesid>
</Episode>
<Episode>
  <id>155938</id>
  <Combined_episodenumber>4.0</Combined_episodenumber>
  <Combined_season>1</Combined_season>
  <DVD_chapter>4</DVD_chapter>
  <DVD_discid>AVATAR_BK1_VOL1_EUR</DVD_discid>
  <DVD_episodenumber>4.0</DVD_episodenumber>
  <DVD_season>1</DVD_season>
  <Director>Giancarlo Volpe</Director>
  <EpImgFlag></EpImgFlag>
  <EpisodeName>The Warriors of Kyoshi</EpisodeName>
  <EpisodeNumber>4</EpisodeNumber>
  <FirstAired>2005-03-04</FirstAired>
  <GuestStars>|Jennie Kwan|Jillian Henry|</GuestStars>
  <IMDB_ID>tt0516776</IMDB_ID>
  <Language>en</Language>
  <Overview>The gang arrives at Kyoshi Island and are captured by some Kyoshi warriors. When Aang reveals that he is the avatar, news quickly spreads out and suddenly reaches to Prince Zuko who then goes to Kyoshi Island to capture him.</Overview>
  <ProductionCode>104</ProductionCode>
  <Rating>7.4</Rating>
  <RatingCount>21</RatingCount>
  <SeasonNumber>1</SeasonNumber>
  <Writer>Nick Malis</Writer>
  <absolute_number>4</absolute_number>
  <filename>episodes/74852/155938.jpg</filename>
  <lastupdated>1358467661</lastupdated>
  <seasonid>8113</seasonid>
  <seriesid>74852</seriesid>
</Episode>
<Episode>
  <id>155939</id>
  <Combined_episodenumber>5.0</Combined_episodenumber>
  <Combined_season>1</Combined_season>
  <DVD_chapter>5</DVD_chapter>
  <DVD_discid>AVATAR_BK1_VOL2_EUR</DVD_discid>
  <DVD_episodenumber>5.0</DVD_episodenumber>
  <DVD_season>1</DVD_season>
  <Director>Anthony Lioi</Director>
  <EpImgFlag></EpImgFlag>
  <EpisodeName>The King of Omashu</EpisodeName>
  <EpisodeNumber>5</EpisodeNumber>
  <FirstAired>2005-03-18</FirstAired>
  <GuestStars>André Sogliuzzo</GuestStars>
  <IMDB_ID></IMDB_ID>
  <Language>en</Language>
  <Overview>Aang's abilities as an airbender are challenged by a king.</Overview>
  <ProductionCode>105</ProductionCode>
  <Rating>7.7</Rating>
  <RatingCount>24</RatingCount>
  <SeasonNumber>1</SeasonNumber>
  <Writer>John O'Bryan</Writer>
  <absolute_number>5</absolute_number>
  <filename>episodes/74852/155939.jpg</filename>
  <lastupdated>1358467687</lastupdated>
  <seasonid>8113</seasonid>
  <seriesid>74852</seriesid>
</Episode>
<Episode>
  <id>155940</id>
  <Combined_episodenumber>6</Combined_episodenumber>
  <Combined_season>1</Combined_season>
  <DVD_chapter></DVD_chapter>
  <DVD_discid></DVD_discid>
  <DVD_episodenumber></DVD_episodenumber>
  <DVD_season></DVD_season>
  <Director>Dave Filoni</Director>
  <EpImgFlag></EpImgFlag>
  <EpisodeName>Imprisoned</EpisodeName>
  <EpisodeNumber>6</EpisodeNumber>
  <FirstAired>2005-03-25</FirstAired>
  <GuestStars>|George Takei|Michael Dow|Kevin Michael Richardson|</GuestStars>
  <IMDB_ID></IMDB_ID>
  <Language>en</Language>
  <Overview>In a nearby Earth Village, the gang meets a teenage earthbender named Haru. This village lives in fear of the Fire Nation, for soldiers there capture any earthbenders they can find.</Overview>
  <ProductionCode>106</ProductionCode>
  <Rating>7.4</Rating>
  <RatingCount>25</RatingCount>
  <SeasonNumber>1</SeasonNumber>
  <Writer>Matthew Hubbard</Writer>
  <absolute_number>6</absolute_number>
  <filename>episodes/74852/155940.jpg</filename>
  <lastupdated>1358467712</lastupdated>
  <seasonid>8113</seasonid>
  <seriesid>74852</seriesid>
</Episode>
<Episode>
  <id>155941</id>
  <Combined_episodenumber>7</Combined_episodenumber>
  <Combined_season>1</Combined_season>
  <DVD_chapter></DVD_chapter>
  <DVD_discid></DVD_discid>
  <DVD_episodenumber></DVD_episodenumber>
  <DVD_season></DVD_season>
  <Director>Lauren MacMullan</Director>
  <EpImgFlag></EpImgFlag>
  <EpisodeName>Winter Solstice: The Spirit World (1)</EpisodeName>
  <EpisodeNumber>7</EpisodeNumber>
  <FirstAired>2005-04-08</FirstAired>
  <GuestStars>|James Shigeta|Mike Hagiwara|</GuestStars>
  <IMDB_ID>tt0805801</IMDB_ID>
  <Language>en</Language>
  <Overview>Aang and friends visit a village being terrorized by an angry spirit. Iroh is captured by Earth Kingdom soldiers.</Overview>
  <ProductionCode>107</ProductionCode>
  <Rating>7.4</Rating>
  <RatingCount>24</RatingCount>
  <SeasonNumber>1</SeasonNumber>
  <Writer>Aaron Ehasz</Writer>
  <absolute_number>7</absolute_number>
  <filename>episodes/74852/155941.jpg</filename>
  <lastupdated>1358467756</lastupdated>
  <seasonid>8113</seasonid>
  <seriesid>74852</seriesid>
</Episode>
<Episode>
  <id>155942</id>
  <Combined_episodenumber>8</Combined_episodenumber>
  <Combined_season>1</Combined_season>
  <DVD_chapter></DVD_chapter>
  <DVD_discid></DVD_discid>
  <DVD_episodenumber></DVD_episodenumber>
  <DVD_season></DVD_season>
  <Director>Giancarlo Volpe</Director>
  <EpImgFlag></EpImgFlag>
  <EpisodeName>Winter Solstice: Avatar Roku (2)</EpisodeName>
  <EpisodeNumber>8</EpisodeNumber>
  <FirstAired>2005-04-15</FirstAired>
  <GuestStars>|Clement Von Fronckenstein|Michael Yama|</GuestStars>
  <IMDB_ID>tt0800734</IMDB_ID>
  <Language>en</Language>
  <Overview>To contact the spirit of the previous Avatar, Aang must reach a temple in the Fire Nation before the sun sets on the following day. There he will learn what he must do to restore balance to the world. Zuko must defy his banishment to follow Aang.</Overview>
  <ProductionCode>108</ProductionCode>
  <Rating>7.7</Rating>
  <RatingCount>20</RatingCount>
  <SeasonNumber>1</SeasonNumber>
  <Writer>Michael Dante DiMartino</Writer>
  <absolute_number>8</absolute_number>
  <filename>episodes/74852/155942.jpg</filename>
  <lastupdated>1358468319</lastupdated>
  <seasonid>8113</seasonid>
  <seriesid>74852</seriesid>
</Episode>
<Episode>
  <id>155943</id>
  <Combined_episodenumber>9</Combined_episodenumber>
  <Combined_season>1</Combined_season>
  <DVD_chapter></DVD_chapter>
  <DVD_discid></DVD_discid>
  <DVD_episodenumber></DVD_episodenumber>
  <DVD_season></DVD_season>
  <Director>Anthony Lioi</Director>
  <EpImgFlag></EpImgFlag>
  <EpisodeName>The Waterbending Scroll</EpisodeName>
  <EpisodeNumber>9</EpisodeNumber>
  <FirstAired>2005-04-29</FirstAired>
  <GuestStars>|Byron McKittrick|Jack Angel|</GuestStars>
  <IMDB_ID>tt0822879</IMDB_ID>
  <Language>en</Language>
  <Overview>After Katara attempts to teach Aang waterbending, but realizes that he is learning it much faster than she is, she is desperate to improve her abilities.  When Katara inadvertently stumbles across a waterbending scroll that can help improve her ability while Aang is looking at a pirate’s store, she decides to steal it after she realizes that she couldn’t hope to afford it; but will she be capable of stealing from the pirates without causing herself and her friends trouble?</Overview>
  <ProductionCode>109</ProductionCode>
  <Rating>7.6</Rating>
  <RatingCount>19</RatingCount>
  <SeasonNumber>1</SeasonNumber>
  <Writer>John O'Bryan</Writer>
  <absolute_number>9</absolute_number>
  <filename>episodes/74852/155943.jpg</filename>
  <lastupdated>1358468416</lastupdated>
  <seasonid>8113</seasonid>
  <seriesid>74852</seriesid>
</Episode>
<Episode>
  <id>155944</id>
  <Combined_episodenumber>10</Combined_episodenumber>
  <Combined_season>1</Combined_season>
  <DVD_chapter></DVD_chapter>
  <DVD_discid></DVD_discid>
  <DVD_episodenumber></DVD_episodenumber>
  <DVD_season></DVD_season>
  <Director>Dave Filoni</Director>
  <EpImgFlag></EpImgFlag>
  <EpisodeName>Jet</EpisodeName>
  <EpisodeNumber>10</EpisodeNumber>
  <FirstAired>2005-05-06</FirstAired>
  <GuestStars>|Mitch Holleman|Crawford Wilson|Sterling Young|Nika Futterman|</GuestStars>
  <IMDB_ID>tt0516775</IMDB_ID>
  <Language>en</Language>
  <Overview>It's all about instincts...While traveling towards the North Pole, the group almost gets captured by the Fire Nation.  However, when a charismatic young man and his band of rebels attack the Fire Nation camp and rescue them, they learn that they are trying to resist the Fire Nation’s motives to expand their territory.  Katara and Aang really enjoy their time with the band of rebels, but Sokka soon discovers that they aren’t as noble as meets the eye.</Overview>
  <ProductionCode>110</ProductionCode>
  <Rating>7.6</Rating>
  <RatingCount>22</RatingCount>
  <SeasonNumber>1</SeasonNumber>
  <Writer>James Eagan</Writer>
  <absolute_number>10</absolute_number>
  <filename>episodes/74852/155944.jpg</filename>
  <lastupdated>1358468453</lastupdated>
  <seasonid>8113</seasonid>
  <seriesid>74852</seriesid>
</Episode>
<Episode>
  <id>155945</id>
  <Combined_episodenumber>11.0</Combined_episodenumber>
  <Combined_season>1</Combined_season>
  <DVD_chapter></DVD_chapter>
  <DVD_discid></DVD_discid>
  <DVD_episodenumber>11.0</DVD_episodenumber>
  <DVD_season>1</DVD_season>
  <Director>Giancarlo Volpe</Director>
  <EpImgFlag></EpImgFlag>
  <EpisodeName>The Great Divide</EpisodeName>
  <EpisodeNumber>11</EpisodeNumber>
  <FirstAired>2005-05-20</FirstAired>
  <GuestStars>|Scott Menville|Rene Auberjonois|Roberta Farkas|</GuestStars>
  <IMDB_ID>tt0827262</IMDB_ID>
  <Language>en</Language>
  <Overview>While on their way to the North Pole, Aang and his friends arrive at a giant canyon where two groups of refugees are bickering over who should get to go across.  Aang decides to walk across with the two groups to ensure they don’t fight one another.  However, he soon learns that the two tribes have been feuding for one hundred years and they both believe their actions are justified.  But when the predators inside the canyon start to come out, Aang is stuck trying to defend both tribes from each other and the vicious wildlife.</Overview>
  <ProductionCode>111</ProductionCode>
  <Rating>7.6</Rating>
  <RatingCount>21</RatingCount>
  <SeasonNumber>1</SeasonNumber>
  <Writer>John O'Bryan</Writer>
  <absolute_number>11</absolute_number>
  <filename>episodes/74852/155945.jpg</filename>
  <lastupdated>1358468507</lastupdated>
  <seasonid>8113</seasonid>
  <seriesid>74852</seriesid>
</Episode>
<Episode>
  <id>155946</id>
  <Combined_episodenumber>12</Combined_episodenumber>
  <Combined_season>1</Combined_season>
  <DVD_chapter></DVD_chapter>
  <DVD_discid></DVD_discid>
  <DVD_episodenumber></DVD_episodenumber>
  <DVD_season></DVD_season>
  <Director>Lauren MacMullan</Director>
  <EpImgFlag></EpImgFlag>
  <EpisodeName>The Storm</EpisodeName>
  <EpisodeNumber>12</EpisodeNumber>
  <FirstAired>2005-06-03</FirstAired>
  <GuestStars>|Mark Hamill|James Hong|Robert Pine|Susan Silo|Clyde Kusatsu|</GuestStars>
  <IMDB_ID>tt0829522</IMDB_ID>
  <Language>en</Language>
  <Overview>Aang, Katara and Sokka have run out of money.  Katara suggests Sokka get a job, and coincidentally, they meet a fisherman who is looking for someone to help him out with his fishing.  But when the fisherman recognizes Aang as the Avatar, he blames Aang's absence for all of the troubles of the last 100 years, and Aang runs away on his glider.  Katara follows on Appa, and when she finds him, Aang begins to reveal life before he was frozen in the iceberg.Meanwhile, Prince Zuko and Lieutenant Jee get into a fight, but Iroh breaks it up.  Soon thereafter, the Lieutenant and the rest of the crew gain a newfound respect for their leader after learning of his past.</Overview>
  <ProductionCode>112</ProductionCode>
  <Rating>7.8</Rating>
  <RatingCount>23</RatingCount>
  <SeasonNumber>1</SeasonNumber>
  <Writer>Aaron Ehasz</Writer>
  <absolute_number>12</absolute_number>
  <filename>episodes/74852/155946.jpg</filename>
  <lastupdated>1358468522</lastupdated>
  <seasonid>8113</seasonid>
  <seriesid>74852</seriesid>
</Episode>
<Episode>
  <id>295482</id>
  <Combined_episodenumber>13</Combined_episodenumber>
  <Combined_season>1</Combined_season>
  <DVD_chapter></DVD_chapter>
  <DVD_discid></DVD_discid>
  <DVD_episodenumber></DVD_episodenumber>
  <DVD_season></DVD_season>
  <Director>Dave Filoni</Director>
  <EpImgFlag></EpImgFlag>
  <EpisodeName>The Blue Spirit</EpisodeName>
  <EpisodeNumber>13</EpisodeNumber>
  <FirstAired>2005-06-17</FirstAired>
  <GuestStars>Tress MacNeille</GuestStars>
  <IMDB_ID>tt0824795</IMDB_ID>
  <Language>en</Language>
  <Overview>While Aang, Katara and Sokka are traveling, Sokka gets a fever. Katara and Aang try to help Sokka, when only Katara catches the fever. It's up to Aang to go up on his own to save his two friends.But before he can get the medicine he is captured by the newly promoted Admiral Zhao and put in Zhao's fortress.Will Aang save Sokka and Katara in time?And who is this strange figure wearing a blue demonic looking mask?</Overview>
  <ProductionCode>113</ProductionCode>
  <Rating>7.9</Rating>
  <RatingCount>19</RatingCount>
  <SeasonNumber>1</SeasonNumber>
  <Writer>|Bryan Konietzko|Michael Dante DiMartino|</Writer>
  <absolute_number>13</absolute_number>
  <filename>episodes/74852/295482.jpg</filename>
  <lastupdated>1358468538</lastupdated>
  <seasonid>8113</seasonid>
  <seriesid>74852</seriesid>
</Episode>
<Episode>
  <id>155947</id>
  <Combined_episodenumber>14</Combined_episodenumber>
  <Combined_season>1</Combined_season>
  <DVD_chapter></DVD_chapter>
  <DVD_discid></DVD_discid>
  <DVD_episodenumber></DVD_episodenumber>
  <DVD_season></DVD_season>
  <Director>Dave Filoni</Director>
  <EpImgFlag></EpImgFlag>
  <EpisodeName>The Fortuneteller</EpisodeName>
  <EpisodeNumber>14</EpisodeNumber>
  <FirstAired>2005-09-23</FirstAired>
  <GuestStars>|Jessie Flower|Cameron Monaghan|Clyde Kusatsu|Tsai Chin|</GuestStars>
  <IMDB_ID>tt0516778</IMDB_ID>
  <Language>en</Language>
  <Overview>When the group tries to help a man who is being attacked by a platypus-bear, they discover that the local town has a fortuneteller named Aunt Wu in it, who has been forecasting the town's fate for years. But when Sokka and Aang discover one of the fortuneteller's most vital predictions is dead wrong, they have to develop a plan to convince the stubborn townspeople that their beloved Aunt Wu was wrong.</Overview>
  <ProductionCode>114</ProductionCode>
  <Rating>7.8</Rating>
  <RatingCount>21</RatingCount>
  <SeasonNumber>1</SeasonNumber>
  <Writer>|John O'Bryan|Aaron Ehasz|</Writer>
  <absolute_number>14</absolute_number>
  <filename>episodes/74852/155947.jpg</filename>
  <lastupdated>1358468554</lastupdated>
  <seasonid>8113</seasonid>
  <seriesid>74852</seriesid>
</Episode>
<Episode>
  <id>300635</id>
  <Combined_episodenumber>15</Combined_episodenumber>
  <Combined_season>1</Combined_season>
  <DVD_chapter></DVD_chapter>
  <DVD_discid></DVD_discid>
  <DVD_episodenumber></DVD_episodenumber>
  <DVD_season></DVD_season>
  <Director>Giancarlo Volpe</Director>
  <EpImgFlag></EpImgFlag>
  <EpisodeName>Bato of the Water Tribe</EpisodeName>
  <EpisodeNumber>15</EpisodeNumber>
  <FirstAired>2005-10-07</FirstAired>
  <GuestStars>|Tsai Chin|Jodi Carlisle|Amy Hill|Jennifer Hale|Richard McGonagle|</GuestStars>
  <IMDB_ID>tt0758992</IMDB_ID>
  <Language>en</Language>
  <Overview>Aang feels neglected as Katara and Sokka reunite with Bato, an old friend of their father’s from the South Pole. They begin to reminisce on their times in the past while they wait for a message to arrive from their father; in which Aang believes Katara and Sokka will abandon him and go out to find their father should the message arrive. However, when the messenger gives Aang the message to give to Bato, Aang betrays his friends in a way Katara or Sokka could never imagine. However, when Zuko recruits a bounty hunter named Jun to track Aang down, his friendship is put to the test as he must deal with the fact that he betrayed his friends while defending himself from yet another fight.</Overview>
  <ProductionCode>115</ProductionCode>
  <Rating>7.8</Rating>
  <RatingCount>21</RatingCount>
  <SeasonNumber>1</SeasonNumber>
  <Writer>Ian Wilcox</Writer>
  <absolute_number>15</absolute_number>
  <filename>episodes/74852/300635.jpg</filename>
  <lastupdated>1358498905</lastupdated>
  <seasonid>8113</seasonid>
  <seriesid>74852</seriesid>
</Episode>
<Episode>
  <id>301700</id>
  <Combined_episodenumber>16</Combined_episodenumber>
  <Combined_season>1</Combined_season>
  <DVD_chapter></DVD_chapter>
  <DVD_discid></DVD_discid>
  <DVD_episodenumber></DVD_episodenumber>
  <DVD_season></DVD_season>
  <Director>|Lauren MacMullan|Zach Tyler Eisen|Mae Whitman|Jack DeSena|Dee Bradley Baker|</Director>
  <EpImgFlag></EpImgFlag>
  <EpisodeName>The Deserter</EpisodeName>
  <EpisodeNumber>16</EpisodeNumber>
  <FirstAired>2005-10-21</FirstAired>
  <GuestStars>|Jason Isaacs|James Garrett|John Kassir|Keone Young|</GuestStars>
  <IMDB_ID>tt0516777</IMDB_ID>
  <Language>en</Language>
  <Overview>When Aang and his friends go to a Fire Nation town so that Aang can witness some firebending, their plan soon goes awry when it’s discovered that he is the Avatar. Fortunately, he’s rescued by an individual who serves a firebending master named Jeong Jeong who has abandoned the Fire Nation, so Aang attempts to use this time to attempt to learn how to firebend. However, when the firebending master refuses to even see Aang, will Aang be able to prove he’s ready to learn how to firebend despite the fact that he lacks discipline?</Overview>
  <ProductionCode>116</ProductionCode>
  <Rating>7.7</Rating>
  <RatingCount>23</RatingCount>
  <SeasonNumber>1</SeasonNumber>
  <Writer>Tim Hedrick</Writer>
  <absolute_number>16</absolute_number>
  <filename>episodes/74852/301700.jpg</filename>
  <lastupdated>1358498966</lastupdated>
  <seasonid>8113</seasonid>
  <seriesid>74852</seriesid>
</Episode>
<Episode>
  <id>295483</id>
  <Combined_episodenumber>17</Combined_episodenumber>
  <Combined_season>1</Combined_season>
  <DVD_chapter></DVD_chapter>
  <DVD_discid></DVD_discid>
  <DVD_episodenumber></DVD_episodenumber>
  <DVD_season></DVD_season>
  <Director>Dave Filoni</Director>
  <EpImgFlag></EpImgFlag>
  <EpisodeName>The Northern Air Temple</EpisodeName>
  <EpisodeNumber>17</EpisodeNumber>
  <FirstAired>2005-11-04</FirstAired>
  <GuestStars>|Daniel Samonas|Rene Auberjonois|Kristoffer Tabori|Clyde Kastatsu|</GuestStars>
  <IMDB_ID>tt0516779</IMDB_ID>
  <Language>en</Language>
  <Overview>When Aang and his friends hear rumors about surviving airbenders, they decide to stop by the Northern Air Temple on their way to the North Pole to see for themselves. What they find is a bunch of people who are not airbenders, but have mastered the art of gliding; though this upsets Aang because they have been defacing the temple. However, there was one part of the temple where nobody has been able to enter, and what Aang and his friends discover inside spells oncoming conflict.</Overview>
  <ProductionCode>117</ProductionCode>
  <Rating>8.0</Rating>
  <RatingCount>20</RatingCount>
  <SeasonNumber>1</SeasonNumber>
  <Writer>Elizabeth Welch Ehasz</Writer>
  <absolute_number>17</absolute_number>
  <filename>episodes/74852/295483.jpg</filename>
  <lastupdated>1358499014</lastupdated>
  <seasonid>8113</seasonid>
  <seriesid>74852</seriesid>
</Episode>
<Episode>
  <id>301701</id>
  <Combined_episodenumber>18</Combined_episodenumber>
  <Combined_season>1</Combined_season>
  <DVD_chapter></DVD_chapter>
  <DVD_discid></DVD_discid>
  <DVD_episodenumber></DVD_episodenumber>
  <DVD_season></DVD_season>
  <Director>|Giancarlo Volpe|Jack DeSena|Mae Whitman|Dante Basco|Mako|Zach Tyler Eisen|Dee Bradley Baker|</Director>
  <EpImgFlag></EpImgFlag>
  <EpisodeName>The Waterbending Master</EpisodeName>
  <EpisodeNumber>18</EpisodeNumber>
  <FirstAired>2005-11-18</FirstAired>
  <GuestStars>|Jason Isaacs|Victor Brandt|Jon Polito|Keone Young|Byron McKittrick|Lucille Bliss|Johanna Braddy|</GuestStars>
  <IMDB_ID>tt0516782</IMDB_ID>
  <Language>en</Language>
  <Overview>When Aang tries to find the north pole, he is found by the north pole instead.When they are taken there Aang and Katara are eager to find a water bending master only to find that girls are not allowed to learn waterbending.</Overview>
  <ProductionCode>118</ProductionCode>
  <Rating>7.6</Rating>
  <RatingCount>21</RatingCount>
  <SeasonNumber>1</SeasonNumber>
  <Writer>Michael Dante DiMartino</Writer>
  <absolute_number>18</absolute_number>
  <filename>episodes/74852/301701.jpg</filename>
  <lastupdated>1358499045</lastupdated>
  <seasonid>8113</seasonid>
  <seriesid>74852</seriesid>
</Episode>
<Episode>
  <id>301702</id>
  <Combined_episodenumber>19</Combined_episodenumber>
  <Combined_season>1</Combined_season>
  <DVD_chapter></DVD_chapter>
  <DVD_discid></DVD_discid>
  <DVD_episodenumber></DVD_episodenumber>
  <DVD_season></DVD_season>
  <Director>|Lauren MacMullan|Jack DeSena|Mae Whitman|Mako|Zach Tyler Eisen|Dante Basco|Dee Bradley Baker|</Director>
  <EpImgFlag></EpImgFlag>
  <EpisodeName>The Siege of the North (1)</EpisodeName>
  <EpisodeNumber>19</EpisodeNumber>
  <FirstAired>2005-12-02</FirstAired>
  <GuestStars>|Jason Isaacs|Johanna Braddy|Victor Brandt|Jon Polito|Mark Hamill|</GuestStars>
  <IMDB_ID>tt0516780</IMDB_ID>
  <Language>en</Language>
  <Overview>In the first half of the two-part season finale, Zhao begins to launch his attack against the Northern Water Tribe.  As the walls of the prestiged city begin to fall, the Avatar taps into the spirit world and seeks the help of one of the oldest spirits, in hopes of saving one of the most prominent areas of the world.</Overview>
  <ProductionCode>119</ProductionCode>
  <Rating>8.1</Rating>
  <RatingCount>19</RatingCount>
  <SeasonNumber>1</SeasonNumber>
  <Writer>John O'Bryan</Writer>
  <absolute_number>19</absolute_number>
  <filename>episodes/74852/301702.jpg</filename>
  <lastupdated>1358499084</lastupdated>
  <seasonid>8113</seasonid>
  <seriesid>74852</seriesid>
</Episode>
<Episode>
  <id>301703</id>
  <Combined_episodenumber>20</Combined_episodenumber>
  <Combined_season>1</Combined_season>
  <DVD_chapter></DVD_chapter>
  <DVD_discid></DVD_discid>
  <DVD_episodenumber></DVD_episodenumber>
  <DVD_season></DVD_season>
  <Director>|Dave Filoni|Dante Basco|Jack DeSena|Mae Whitman|Mako|Zach Tyler Eisen|Dee Bradley Baker|</Director>
  <EpImgFlag></EpImgFlag>
  <EpisodeName>The Siege of the North (2)</EpisodeName>
  <EpisodeNumber>20</EpisodeNumber>
  <FirstAired>2005-12-02</FirstAired>
  <GuestStars>|Jason Isaacs|Mark Hamill|James Garrett|Ben Oiskin|Johanna Braddy|Victor Brandt|Jon Polito|Erik Todd Dellums|</GuestStars>
  <IMDB_ID>tt0516781</IMDB_ID>
  <Language>en</Language>
  <Overview>Aang returns from the spirit world to a big surprise. Meanwhile, Zhao and his forces continue to press deeper into the Northern Water Tribe. What could possibly stop the fire nation from destroying this tranquil region?  If Zhao has his way, nothing.  Also, Iroh makes a powerful stand and Zuko struggles to keep his plan intact.</Overview>
  <ProductionCode>120</ProductionCode>
  <Rating>8.3</Rating>
  <RatingCount>16</RatingCount>
  <SeasonNumber>1</SeasonNumber>
  <Writer>Aaron Ehasz</Writer>
  <absolute_number>20</absolute_number>
  <filename>episodes/74852/301703.jpg</filename>
  <lastupdated>1358499105</lastupdated>
  <seasonid>8113</seasonid>
  <seriesid>74852</seriesid>
</Episode>
<Episode>
  <id>306981</id>
  <Combined_episodenumber>1.0</Combined_episodenumber>
  <Combined_season>2</Combined_season>
  <DVD_chapter></DVD_chapter>
  <DVD_discid>1</DVD_discid>
  <DVD_episodenumber>1.0</DVD_episodenumber>
  <DVD_season>2</DVD_season>
  <Director>Giancarlo Volpe</Director>
  <EpImgFlag></EpImgFlag>
  <EpisodeName>The Avatar State</EpisodeName>
  <EpisodeNumber>1</EpisodeNumber>
  <FirstAired>2006-03-17</FirstAired>
  <GuestStars>|Robin Atkin Downes|Victor Brandt|Daniel Dae Kim|</GuestStars>
  <IMDB_ID>tt0762600</IMDB_ID>
  <Language>en</Language>
  <Overview>Plagued with nightmares featuring the devastating power of his Avatar State, Aang and the gang meet an Earth Kingdom general who has big plans for defeating the Fire Nation.  Meanwhile, Prince Zuko and Uncle Iroh, having survived the failed attack on the North Water Tribe, have a surprise visit from the Prince's sister with seemingly good news.</Overview>
  <ProductionCode>201</ProductionCode>
  <Rating>7.7</Rating>
  <RatingCount>26</RatingCount>
  <SeasonNumber>2</SeasonNumber>
  <Writer>|Elizabeth Welch Ehasz|Tim Hedrick|Aaron Ehasz|John O'Bryan|</Writer>
  <absolute_number>21</absolute_number>
  <filename>episodes/74852/306981.jpg</filename>
  <lastupdated>1358526051</lastupdated>
  <seasonid>8114</seasonid>
  <seriesid>74852</seriesid>
</Episode>
<Episode>
  <id>306982</id>
  <Combined_episodenumber>2.0</Combined_episodenumber>
  <Combined_season>2</Combined_season>
  <DVD_chapter></DVD_chapter>
  <DVD_discid>1</DVD_discid>
  <DVD_episodenumber>2.0</DVD_episodenumber>
  <DVD_season>2</DVD_season>
  <Director>Lauren MacMullan</Director>
  <EpImgFlag></EpImgFlag>
  <EpisodeName>The Cave of Two Lovers</EpisodeName>
  <EpisodeNumber>2</EpisodeNumber>
  <FirstAired>2006-03-24</FirstAired>
  <GuestStars>|Barbara Goodson|Kim Mai Guest|Laraine Newman|Derek Basco|Dee Bradley Baker|</GuestStars>
  <IMDB_ID>tt0766472</IMDB_ID>
  <Language>en</Language>
  <Overview>On their way to Omashu, Aang, Katara, and Sokka meet a group of nomads who show them a shortcut through the &quot;Cave of Two Lovers.&quot; But when the group becomes trapped in the cave, it's up to Aang and Katara to save the group by trusting in love ... and possibly questioning their relationship. Meanwhile, Iroh gets a lethal rash so Zuko and Iroh head to a small Earth Kingdom town for help, hoping their real identities will not be discovered.</Overview>
  <ProductionCode>202</ProductionCode>
  <Rating>7.7</Rating>
  <RatingCount>23</RatingCount>
  <SeasonNumber>2</SeasonNumber>
  <Writer>Joshua Hamilton</Writer>
  <absolute_number>22</absolute_number>
  <filename>episodes/74852/306982.jpg</filename>
  <lastupdated>1358526125</lastupdated>
  <seasonid>8114</seasonid>
  <seriesid>74852</seriesid>
</Episode>
<Episode>
  <id>306983</id>
  <Combined_episodenumber>3.0</Combined_episodenumber>
  <Combined_season>2</Combined_season>
  <DVD_chapter></DVD_chapter>
  <DVD_discid>1</DVD_discid>
  <DVD_episodenumber>3.0</DVD_episodenumber>
  <DVD_season>2</DVD_season>
  <Director>Ethan Spaulding</Director>
  <EpImgFlag></EpImgFlag>
  <EpisodeName>Return to Omashu</EpisodeName>
  <EpisodeNumber>3</EpisodeNumber>
  <FirstAired>2006-04-07</FirstAired>
  <GuestStars>|Paul Eiding|Tara Strong|Fred Tatasciore|Dee Bradley Baker|</GuestStars>
  <IMDB_ID>tt0784201</IMDB_ID>
  <Language>en</Language>
  <Overview>Despite the shocking news the gang have just discovered, Aang insists on trying to find King Bumi within Omashu's borders, even with the dangers that will await him and his friends if his real identity is discovered.  Meanwhile Azula goes in search of old friends to help her with her mission.</Overview>
  <ProductionCode>203</ProductionCode>
  <Rating>7.5</Rating>
  <RatingCount>21</RatingCount>
  <SeasonNumber>2</SeasonNumber>
  <Writer>Elizabeth Welch Ehasz</Writer>
  <absolute_number>23</absolute_number>
  <filename>episodes/74852/306983.jpg</filename>
  <lastupdated>1358526149</lastupdated>
  <seasonid>8114</seasonid>
  <seriesid>74852</seriesid>
</Episode>
<Episode>
  <id>306984</id>
  <Combined_episodenumber>4.0</Combined_episodenumber>
  <Combined_season>2</Combined_season>
  <DVD_chapter></DVD_chapter>
  <DVD_discid></DVD_discid>
  <DVD_episodenumber>4.0</DVD_episodenumber>
  <DVD_season>2</DVD_season>
  <Director>Giancarlo Volpe</Director>
  <EpImgFlag></EpImgFlag>
  <EpisodeName>The Swamp</EpisodeName>
  <EpisodeNumber>4</EpisodeNumber>
  <FirstAired>2006-04-14</FirstAired>
  <GuestStars>|Johanna Braddy|William Bassett|Joe Alaskey|Carlos Alazraqui|</GuestStars>
  <IMDB_ID>tt0762601</IMDB_ID>
  <Language>en</Language>
  <Overview>A mysterious tornado pulls the kids into a supernatural swamp where Katara, Sokka and Aang have mysterious visions. Meanwhile, Momo and Appa are chased by rogue swamp dwellers and only Aang and the gang can save them.</Overview>
  <ProductionCode>204</ProductionCode>
  <Rating>7.5</Rating>
  <RatingCount>18</RatingCount>
  <SeasonNumber>2</SeasonNumber>
  <Writer>Tim Hedrick</Writer>
  <absolute_number>24</absolute_number>
  <filename>episodes/74852/306984.jpg</filename>
  <lastupdated>1358526170</lastupdated>
  <seasonid>8114</seasonid>
  <seriesid>74852</seriesid>
</Episode>
<Episode>
  <id>307195</id>
  <Combined_episodenumber>5.0</Combined_episodenumber>
  <Combined_season>2</Combined_season>
  <DVD_chapter></DVD_chapter>
  <DVD_discid></DVD_discid>
  <DVD_episodenumber>5.0</DVD_episodenumber>
  <DVD_season>2</DVD_season>
  <Director>Lauren MacMullan</Director>
  <EpImgFlag></EpImgFlag>
  <EpisodeName>Avatar Day</EpisodeName>
  <EpisodeNumber>5</EpisodeNumber>
  <FirstAired>2006-04-28</FirstAired>
  <GuestStars>|Jason Miller|Malachi Throne|Julianna Rose|Jillian Henry|Byron McKittrick|James Hong|Jennifer Hale|</GuestStars>
  <IMDB_ID>tt0516772</IMDB_ID>
  <Language>en</Language>
  <Overview>Aang and the gang discover an Earth town that celebrates something called &quot;Avatar Day.&quot; But when they get there and learn the festival is of &quot;anti-Avatar&quot; sentiment and Aang is put on trial for a crime a past incarnation allegedly committed. Looking to clear the Avatar's good name, Katara and Sokka venture back to a familiar  place to gather evidence and discover the truth.</Overview>
  <ProductionCode>205</ProductionCode>
  <Rating>7.3</Rating>
  <RatingCount>20</RatingCount>
  <SeasonNumber>2</SeasonNumber>
  <Writer>John O'Bryan</Writer>
  <absolute_number>25</absolute_number>
  <filename>episodes/74852/307195.jpg</filename>
  <lastupdated>1358526204</lastupdated>
  <seasonid>8114</seasonid>
  <seriesid>74852</seriesid>
</Episode>
<Episode>
  <id>307196</id>
  <Combined_episodenumber>6.0</Combined_episodenumber>
  <Combined_season>2</Combined_season>
  <DVD_chapter></DVD_chapter>
  <DVD_discid></DVD_discid>
  <DVD_episodenumber>6.0</DVD_episodenumber>
  <DVD_season>2</DVD_season>
  <Director>Ethan Spaulding</Director>
  <EpImgFlag></EpImgFlag>
  <EpisodeName>The Blind Bandit</EpisodeName>
  <EpisodeNumber>6</EpisodeNumber>
  <FirstAired>2006-05-05</FirstAired>
  <GuestStars>|Mick Foley|Cam Clarke|Marc Graue|</GuestStars>
  <IMDB_ID>tt0789294</IMDB_ID>
  <Language>en</Language>
  <Overview>In search for an Earthbending teacher for Aang, the kids go to an underground Earthbending tournament called Earth Rumble 6, where they encounter Toph (aka the Blind Bandit), a blind, but powerful Earthbending girl. After seeing her unique style of Earthbending, Aang wants Toph to become his teacher, but there are complications with Toph's family.</Overview>
  <ProductionCode>206</ProductionCode>
  <Rating>8.0</Rating>
  <RatingCount>20</RatingCount>
  <SeasonNumber>2</SeasonNumber>
  <Writer>Michael Dante DiMartino</Writer>
  <absolute_number>26</absolute_number>
  <filename>episodes/74852/307196.jpg</filename>
  <lastupdated>1358526227</lastupdated>
  <seasonid>8114</seasonid>
  <seriesid>74852</seriesid>
</Episode>
<Episode>
  <id>307197</id>
  <Combined_episodenumber>7.0</Combined_episodenumber>
  <Combined_season>2</Combined_season>
  <DVD_chapter></DVD_chapter>
  <DVD_discid></DVD_discid>
  <DVD_episodenumber>7.0</DVD_episodenumber>
  <DVD_season>2</DVD_season>
  <Director>Lauren MacMullan</Director>
  <EpImgFlag></EpImgFlag>
  <EpisodeName>Zuko Alone</EpisodeName>
  <EpisodeNumber>7</EpisodeNumber>
  <FirstAired>2006-05-12</FirstAired>
  <GuestStars>|Mark Hamill|Walker Edmiston|Susan Eisenberg|Brian M. O'Neill|Robby Bruce|Elijah Runcorn|Jen Cohn|Gary Sturgis|</GuestStars>
  <IMDB_ID>tt0516783</IMDB_ID>
  <Language>en</Language>
  <Overview>Zuko travels by himself to an Earth Kingdom town were he meets a local boy. The two almost become friends, meanwhile Zuko suffers from flashbacks of his past.</Overview>
  <ProductionCode>207</ProductionCode>
  <Rating>7.7</Rating>
  <RatingCount>22</RatingCount>
  <SeasonNumber>2</SeasonNumber>
  <Writer>Elizabeth Welch Ehasz</Writer>
  <absolute_number>27</absolute_number>
  <filename>episodes/74852/307197.jpg</filename>
  <lastupdated>1358526250</lastupdated>
  <seasonid>8114</seasonid>
  <seriesid>74852</seriesid>
</Episode>
<Episode>
  <id>307198</id>
  <Combined_episodenumber>8.0</Combined_episodenumber>
  <Combined_season>2</Combined_season>
  <DVD_chapter></DVD_chapter>
  <DVD_discid></DVD_discid>
  <DVD_episodenumber>8.0</DVD_episodenumber>
  <DVD_season>2</DVD_season>
  <Director>Giancarlo Volpe</Director>
  <EpImgFlag></EpImgFlag>
  <EpisodeName>The Chase</EpisodeName>
  <EpisodeNumber>8</EpisodeNumber>
  <FirstAired>2006-05-26</FirstAired>
  <GuestStars></GuestStars>
  <IMDB_ID>tt0805799</IMDB_ID>
  <Language>en</Language>
  <Overview>Tired from trying to escape a machine that shows up every time they try to sleep, Aang and the gang have to escape Azula and her team, but their exhaustion leads to a tight situation. Meanwhile, Zuko must deal with something personal.  And Iroh bonds with an unlikely individual.</Overview>
  <ProductionCode>208</ProductionCode>
  <Rating>7.8</Rating>
  <RatingCount>25</RatingCount>
  <SeasonNumber>2</SeasonNumber>
  <Writer>Joshua Hamilton</Writer>
  <absolute_number>28</absolute_number>
  <filename>episodes/74852/307198.jpg</filename>
  <lastupdated>1358526965</lastupdated>
  <seasonid>8114</seasonid>
  <seriesid>74852</seriesid>
</Episode>
<Episode>
  <id>307199</id>
  <Combined_episodenumber>9.0</Combined_episodenumber>
  <Combined_season>2</Combined_season>
  <DVD_chapter></DVD_chapter>
  <DVD_discid></DVD_discid>
  <DVD_episodenumber>9.0</DVD_episodenumber>
  <DVD_season>2</DVD_season>
  <Director>Ethan Spaulding</Director>
  <EpImgFlag></EpImgFlag>
  <EpisodeName>Bitter Work</EpisodeName>
  <EpisodeNumber>9</EpisodeNumber>
  <FirstAired>2006-06-02</FirstAired>
  <GuestStars>Mae Whitman</GuestStars>
  <IMDB_ID>tt0789293</IMDB_ID>
  <Language>en</Language>
  <Overview>Toph's instructing abilities come into question when Aang cannot seem to overcome a block that keeps him from earthbending. Sokka gets himself in a jam, while befriending what was, moments before, his next meal, and Iroh and Zuko begin training utilizing new philosophies and methods that originate from the other elements.</Overview>
  <ProductionCode>209</ProductionCode>
  <Rating>7.6</Rating>
  <RatingCount>24</RatingCount>
  <SeasonNumber>2</SeasonNumber>
  <Writer>Aaron Ehasz</Writer>
  <absolute_number>29</absolute_number>
  <filename>episodes/74852/307199.jpg</filename>
  <lastupdated>1358526985</lastupdated>
  <seasonid>8114</seasonid>
  <seriesid>74852</seriesid>
</Episode>
<Episode>
  <id>310035</id>
  <Combined_episodenumber>10.0</Combined_episodenumber>
  <Combined_season>2</Combined_season>
  <DVD_chapter></DVD_chapter>
  <DVD_discid></DVD_discid>
  <DVD_episodenumber>10.0</DVD_episodenumber>
  <DVD_season>2</DVD_season>
  <Director>Giancarlo Volpe</Director>
  <EpImgFlag></EpImgFlag>
  <EpisodeName>The Library</EpisodeName>
  <EpisodeNumber>10</EpisodeNumber>
  <FirstAired>2006-07-14</FirstAired>
  <GuestStars>|Hector Elizondo|Raphael Sbarge|</GuestStars>
  <IMDB_ID>tt0829521</IMDB_ID>
  <Language>en</Language>
  <Overview>When Aang and his friends find a professor who knows of a library that contains information about the world, Sokka decides to go there to hopefully find some information to use against the Fire Nation. The library is guarded by the knowledge spirit, Wan Shi Tong, who doesn't welcome humans into his library, because he believes they only seek information for evil purposes. When Wan Shi Tong discovers Sokka wasn't being truthful with him, he begins to sink the library, bringing the kids down with it. Will everyone be able to escape the library in time? And who are the strange benders who have kidnapped Appa?</Overview>
  <ProductionCode>210</ProductionCode>
  <Rating>7.2</Rating>
  <RatingCount>22</RatingCount>
  <SeasonNumber>2</SeasonNumber>
  <Writer>John O'Bryan</Writer>
  <absolute_number>30</absolute_number>
  <filename>episodes/74852/310035.jpg</filename>
  <lastupdated>1358527012</lastupdated>
  <seasonid>8114</seasonid>
  <seriesid>74852</seriesid>
</Episode>
<Episode>
  <id>310036</id>
  <Combined_episodenumber>11.0</Combined_episodenumber>
  <Combined_season>2</Combined_season>
  <DVD_chapter></DVD_chapter>
  <DVD_discid></DVD_discid>
  <DVD_episodenumber>11.0</DVD_episodenumber>
  <DVD_season>2</DVD_season>
  <Director>Lauren MacMullan</Director>
  <EpImgFlag></EpImgFlag>
  <EpisodeName>The Desert</EpisodeName>
  <EpisodeNumber>11</EpisodeNumber>
  <FirstAired>2006-07-14</FirstAired>
  <GuestStars>|Malachi Throne|Marc Graue|Bill Bolender|Peter Jessop|Paul McKinney|</GuestStars>
  <IMDB_ID>tt0829520</IMDB_ID>
  <Language>en</Language>
  <Overview>Aang searches for Appa, while Katara struggles to keep everyone together so they can survive in the vast desert while Sokaa supposedly gets &quot;high&quot; off Cactus juice in the desert.Meanwhile, Iroh and Zuko seek help from an ancient secret society.</Overview>
  <ProductionCode>211</ProductionCode>
  <Rating>7.6</Rating>
  <RatingCount>24</RatingCount>
  <SeasonNumber>2</SeasonNumber>
  <Writer>Tim Hedrick</Writer>
  <absolute_number>31</absolute_number>
  <filename>episodes/74852/310036.jpg</filename>
  <lastupdated>1358527035</lastupdated>
  <seasonid>8114</seasonid>
  <seriesid>74852</seriesid>
</Episode>
<Episode>
  <id>310037</id>
  <Combined_episodenumber>12.0</Combined_episodenumber>
  <Combined_season>2</Combined_season>
  <DVD_chapter></DVD_chapter>
  <DVD_discid></DVD_discid>
  <DVD_episodenumber>12.0</DVD_episodenumber>
  <DVD_season>2</DVD_season>
  <Director>Ethan Spaulding</Director>
  <EpImgFlag></EpImgFlag>
  <EpisodeName>The Serpent's Pass</EpisodeName>
  <EpisodeNumber>12</EpisodeNumber>
  <FirstAired>2006-09-15</FirstAired>
  <GuestStars>|Karen Maruyama|Kim Mai Guest|Brian Tochi|Nika Futterman|Jennie Kwan|Crawford Wilson|</GuestStars>
  <IMDB_ID>tt0827261</IMDB_ID>
  <Language>en</Language>
  <Overview>When Aang and the gang meet up with a group of refugees, they tell the gang where they can get on a ferry to Ba Sing Se. But after a series of events they have to take a deadly route called the serpent's pass with the help of an old friend, Suki. Meanwhile Zuko and Iroh meet up with a boy named Jet and his freedom fighters.</Overview>
  <ProductionCode>212</ProductionCode>
  <Rating>7.6</Rating>
  <RatingCount>19</RatingCount>
  <SeasonNumber>2</SeasonNumber>
  <Writer>|Joshua Hamilton|Michael Dante DiMartino|</Writer>
  <absolute_number>32</absolute_number>
  <filename>episodes/74852/310037.jpg</filename>
  <lastupdated>1339832509</lastupdated>
  <seasonid>8114</seasonid>
  <seriesid>74852</seriesid>
</Episode>
<Episode>
  <id>310038</id>
  <Combined_episodenumber>13.0</Combined_episodenumber>
  <Combined_season>2</Combined_season>
  <DVD_chapter></DVD_chapter>
  <DVD_discid></DVD_discid>
  <DVD_episodenumber>13.0</DVD_episodenumber>
  <DVD_season>2</DVD_season>
  <Director>Giancarlo Volpe</Director>
  <EpImgFlag></EpImgFlag>
  <EpisodeName>The Drill</EpisodeName>
  <EpisodeNumber>13</EpisodeNumber>
  <FirstAired>2006-09-15</FirstAired>
  <GuestStars>|Kristoffer Tabori|Barry Dennen|Karen Maruyama|Brian Tochi|Kim Mai Guest|Nika Futterman|Crawford Wilson|</GuestStars>
  <IMDB_ID>tt0831940</IMDB_ID>
  <Language>en</Language>
  <Overview>Having made it to the outer wall of Ba Sing Se, the kids confront a Fire Nation army that is driving a massive Fire Nation drill, which poses an imminent threat to the last Earth Kingdom stronghold. Meanwhile, Zuko and Iroh make crucial mistakes which begin to attract Jet's suspicions.</Overview>
  <ProductionCode>213</ProductionCode>
  <Rating>7.6</Rating>
  <RatingCount>22</RatingCount>
  <SeasonNumber>2</SeasonNumber>
  <Writer>|Michael Dante DiMartino|Bryan Konietzko|</Writer>
  <absolute_number>33</absolute_number>
  <filename>episodes/74852/310038.jpg</filename>
  <lastupdated>1358527091</lastupdated>
  <seasonid>8114</seasonid>
  <seriesid>74852</seriesid>
</Episode>
<Episode>
  <id>310039</id>
  <Combined_episodenumber>14.0</Combined_episodenumber>
  <Combined_season>2</Combined_season>
  <DVD_chapter></DVD_chapter>
  <DVD_discid></DVD_discid>
  <DVD_episodenumber>14.0</DVD_episodenumber>
  <DVD_season>2</DVD_season>
  <Director>Lauren MacMullan</Director>
  <EpImgFlag></EpImgFlag>
  <EpisodeName>City of Walls and Secrets</EpisodeName>
  <EpisodeNumber>14</EpisodeNumber>
  <FirstAired>2006-09-22</FirstAired>
  <GuestStars>|George Kee Cheung|Lauren Tom|Nika Futterman|Crawford Wilson|</GuestStars>
  <IMDB_ID>tt0516773</IMDB_ID>
  <Language>en</Language>
  <Overview>Having finally made it into Ba Sing Se, the kids are given a house in the upper ring. The kids are anxious to tell the Earth King their plan but there are complications. Meanwhile, still convinced that Iroh and Zuko may be Fire Nation, Jet decides to take matters into his own hands and do whatever it takes to get the refugees to reveal their true nature.</Overview>
  <ProductionCode>214</ProductionCode>
  <Rating>7.8</Rating>
  <RatingCount>24</RatingCount>
  <SeasonNumber>2</SeasonNumber>
  <Writer>Tim Hedrick</Writer>
  <absolute_number>34</absolute_number>
  <filename>episodes/74852/310039.jpg</filename>
  <lastupdated>1358527130</lastupdated>
  <seasonid>8114</seasonid>
  <seriesid>74852</seriesid>
</Episode>
<Episode>
  <id>310040</id>
  <Combined_episodenumber>15.0</Combined_episodenumber>
  <Combined_season>2</Combined_season>
  <DVD_chapter></DVD_chapter>
  <DVD_discid></DVD_discid>
  <DVD_episodenumber>15.0</DVD_episodenumber>
  <DVD_season>2</DVD_season>
  <Director>Ethan Spaulding</Director>
  <EpImgFlag></EpImgFlag>
  <EpisodeName>The Tales of Ba Sing Se</EpisodeName>
  <EpisodeNumber>15</EpisodeNumber>
  <FirstAired>2006-09-29</FirstAired>
  <GuestStars>|Melinda Clarke|Andy Morris|Marcella Lentz-Pope|Quinton Flynn|</GuestStars>
  <IMDB_ID>tt0775583</IMDB_ID>
  <Language>en</Language>
  <Overview>A series of short stories, highlighting different characters and their individual adventures in the city. Tales of Katara and Toph, Iroh, Sokka, Aang, Zuko, and Momo.</Overview>
  <ProductionCode>215</ProductionCode>
  <Rating>7.6</Rating>
  <RatingCount>23</RatingCount>
  <SeasonNumber>2</SeasonNumber>
  <Writer>|Gary Scheppke|Katie Mattila|Lisa Wahlander|Justin Ridge|Giancarlo Volpe|Lauren MacMullan|Andrew Huebner|Joann Estoesta|</Writer>
  <absolute_number>35</absolute_number>
  <filename>episodes/74852/310040.jpg</filename>
  <lastupdated>1358527917</lastupdated>
  <seasonid>8114</seasonid>
  <seriesid>74852</seriesid>
</Episode>
<Episode>
  <id>310041</id>
  <Combined_episodenumber>16.0</Combined_episodenumber>
  <Combined_season>2</Combined_season>
  <DVD_chapter></DVD_chapter>
  <DVD_discid></DVD_discid>
  <DVD_episodenumber>16.0</DVD_episodenumber>
  <DVD_season>2</DVD_season>
  <Director>Giancarlo Volpe</Director>
  <EpImgFlag></EpImgFlag>
  <EpisodeName>Appa's Lost Days</EpisodeName>
  <EpisodeNumber>16</EpisodeNumber>
  <FirstAired>2006-10-13</FirstAired>
  <GuestStars>|Paul McKinney|Dwight Schultz|Brian George|Jennie Kwan|</GuestStars>
  <IMDB_ID>tt0794679</IMDB_ID>
  <Language>en</Language>
  <Overview>In this special episode, we go back in time to the moment Appa was stolen, will find out where he has gone and who he has met along the way and more importantly where he is now!</Overview>
  <ProductionCode>216</ProductionCode>
  <Rating>7.9</Rating>
  <RatingCount>20</RatingCount>
  <SeasonNumber>2</SeasonNumber>
  <Writer>Elizabeth Welch Ehasz</Writer>
  <absolute_number>36</absolute_number>
  <filename>episodes/74852/310041.jpg</filename>
  <lastupdated>1358528011</lastupdated>
  <seasonid>8114</seasonid>
  <seriesid>74852</seriesid>
</Episode>
<Episode>
  <id>310042</id>
  <Combined_episodenumber>17.0</Combined_episodenumber>
  <Combined_season>2</Combined_season>
  <DVD_chapter></DVD_chapter>
  <DVD_discid></DVD_discid>
  <DVD_episodenumber>17.0</DVD_episodenumber>
  <DVD_season>2</DVD_season>
  <Director>Lauren MacMullan</Director>
  <EpImgFlag></EpImgFlag>
  <EpisodeName>Lake Laogai</EpisodeName>
  <EpisodeNumber>17</EpisodeNumber>
  <FirstAired>2006-11-03</FirstAired>
  <GuestStars>|Marc Donato|Nika Futterman|Lauren Tom|George Kee Cheung|Kurt Fuller|Crawford Wilson|</GuestStars>
  <IMDB_ID>tt0887307</IMDB_ID>
  <Language>en</Language>
  <Overview>Aang and his friends continue to search for Appa and, unbeknownst to them, they aren't the only ones looking for him. During their search, the kids meet up with Jet, whom they are understandably reluctant to trust. The kids soon realize that the Dai Li are doing their best to thwart the kids efforts to find Appa. Meanwhile, Uncle Iroh is offered his own tea shop in the upper ring, and Zuko discovers the avatar is in the city.</Overview>
  <ProductionCode>217</ProductionCode>
  <Rating>7.7</Rating>
  <RatingCount>22</RatingCount>
  <SeasonNumber>2</SeasonNumber>
  <Writer>Tim Hedrick</Writer>
  <absolute_number>37</absolute_number>
  <filename>episodes/74852/310042.jpg</filename>
  <lastupdated>1358528140</lastupdated>
  <seasonid>8114</seasonid>
  <seriesid>74852</seriesid>
</Episode>
<Episode>
  <id>314752</id>
  <Combined_episodenumber>18.0</Combined_episodenumber>
  <Combined_season>2</Combined_season>
  <DVD_chapter></DVD_chapter>
  <DVD_discid></DVD_discid>
  <DVD_episodenumber>18.0</DVD_episodenumber>
  <DVD_season>2</DVD_season>
  <Director>Ethan Spaulding</Director>
  <EpImgFlag></EpImgFlag>
  <EpisodeName>The Earth King</EpisodeName>
  <EpisodeNumber>18</EpisodeNumber>
  <FirstAired>2006-11-17</FirstAired>
  <GuestStars>|Phil LaMarr|Marc Graue|Jennifer Cohn|</GuestStars>
  <IMDB_ID>tt0876938</IMDB_ID>
  <Language>en</Language>
  <Overview>The kids battle Long Feng and the Dai Li when they attempt to show the Earth King the vast conspiracy taking place in his city. Zuko becomes seriously ill and has feverish dreams as he faces a spiritual crisis.</Overview>
  <ProductionCode>218</ProductionCode>
  <Rating>7.8</Rating>
  <RatingCount>22</RatingCount>
  <SeasonNumber>2</SeasonNumber>
  <Writer>John O'Bryan</Writer>
  <absolute_number>38</absolute_number>
  <filename>episodes/74852/314752.jpg</filename>
  <lastupdated>1358528169</lastupdated>
  <seasonid>8114</seasonid>
  <seriesid>74852</seriesid>
</Episode>
<Episode>
  <id>314753</id>
  <Combined_episodenumber>19.0</Combined_episodenumber>
  <Combined_season>2</Combined_season>
  <DVD_chapter></DVD_chapter>
  <DVD_discid></DVD_discid>
  <DVD_episodenumber>19.0</DVD_episodenumber>
  <DVD_season>2</DVD_season>
  <Director>Giancarlo Volpe</Director>
  <EpImgFlag></EpImgFlag>
  <EpisodeName>The Guru</EpisodeName>
  <EpisodeNumber>19</EpisodeNumber>
  <FirstAired>2006-12-01</FirstAired>
  <GuestStars>|Brian George|Richard McGonagle|Phil LaMarr|Brian George|Marc Graue|</GuestStars>
  <IMDB_ID>tt0831941</IMDB_ID>
  <Language>en</Language>
  <Overview>Aang receives guidance from Guru Pathik at the Eastern Air Temple; Sokka is reunited with his long-lost father; Princess Azula has something diabolical in store for her enemies; Uncle and Zuko run their own tea shop.</Overview>
  <ProductionCode>219</ProductionCode>
  <Rating>7.6</Rating>
  <RatingCount>20</RatingCount>
  <SeasonNumber>2</SeasonNumber>
  <Writer>|Bryan Konietzko|Michael Dante DiMartino|</Writer>
  <absolute_number>39</absolute_number>
  <filename>episodes/74852/314753.jpg</filename>
  <lastupdated>1358528187</lastupdated>
  <seasonid>8114</seasonid>
  <seriesid>74852</seriesid>
</Episode>
<Episode>
  <id>314754</id>
  <Combined_episodenumber>20.0</Combined_episodenumber>
  <Combined_season>2</Combined_season>
  <DVD_chapter></DVD_chapter>
  <DVD_discid></DVD_discid>
  <DVD_episodenumber>20.0</DVD_episodenumber>
  <DVD_season>2</DVD_season>
  <Director>Michael Dante DiMartino</Director>
  <EpImgFlag>1</EpImgFlag>
  <EpisodeName>The Crossroads of Destiny</EpisodeName>
  <EpisodeNumber>20</EpisodeNumber>
  <FirstAired>2006-12-01</FirstAired>
  <GuestStars>Phil LaMarr</GuestStars>
  <IMDB_ID>tt0822878</IMDB_ID>
  <Language>en</Language>
  <Overview>Everyone races against time to stop Azula's sinister plan. Zuko finds companionship in an unlikely source. Aang's destiny hangs in the balance - and so does Zuko's, as Iroh tells him &quot;it is time to choose.&quot;</Overview>
  <ProductionCode>220</ProductionCode>
  <Rating>8.1</Rating>
  <RatingCount>10</RatingCount>
  <SeasonNumber>2</SeasonNumber>
  <Writer>Aaron Ehasz</Writer>
  <absolute_number>40</absolute_number>
  <filename>episodes/74852/314754.jpg</filename>
  <lastupdated>1358528239</lastupdated>
  <seasonid>8114</seasonid>
  <seriesid>74852</seriesid>
</Episode>
<Episode>
  <id>312688</id>
  <Combined_episodenumber>1.0</Combined_episodenumber>
  <Combined_season>3</Combined_season>
  <DVD_chapter></DVD_chapter>
  <DVD_discid></DVD_discid>
  <DVD_episodenumber>1.0</DVD_episodenumber>
  <DVD_season>3</DVD_season>
  <Director>Giancarlo Volpe</Director>
  <EpImgFlag>1</EpImgFlag>
  <EpisodeName>The Awakening</EpisodeName>
  <EpisodeNumber>1</EpisodeNumber>
  <FirstAired>2007-09-21</FirstAired>
  <GuestStars>|Richard McGonagle|Takayo Fisher|Johanna Braddy|Sterling Young|André Sogliuzzo|Mark Hamill|</GuestStars>
  <IMDB_ID>tt0967584</IMDB_ID>
  <Language>en</Language>
  <Overview>Aang awakens to find himself aboard a captured Fire Nation ship with a full head of hair and sustaining serious injuries from the previous battle for Ba Sing Se. At his side are Katara, Sokka, and their father Hakoda who recount the events that led the four to the ship and contemplate their next move. Aang struggles to fight his own desire to face the Fire Lord before he is ready. Meanwhile, the once exiled Prince Zuko deals with his own issues as he makes his long-awaited journey home, with the fear of his father's rejection hanging over his head.</Overview>
  <ProductionCode>301</ProductionCode>
  <Rating>7.7</Rating>
  <RatingCount>20</RatingCount>
  <SeasonNumber>3</SeasonNumber>
  <Writer>Aaron Ehasz</Writer>
  <absolute_number>41</absolute_number>
  <filename>episodes/74852/312688.jpg</filename>
  <lastupdated>1358503254</lastupdated>
  <seasonid>16658</seasonid>
  <seriesid>74852</seriesid>
</Episode>
<Episode>
  <id>312689</id>
  <Combined_episodenumber>2.0</Combined_episodenumber>
  <Combined_season>3</Combined_season>
  <DVD_chapter></DVD_chapter>
  <DVD_discid></DVD_discid>
  <DVD_episodenumber>2.0</DVD_episodenumber>
  <DVD_season>3</DVD_season>
  <Director>Joaquim Dos Santos</Director>
  <EpImgFlag>1</EpImgFlag>
  <EpisodeName>The Headband</EpisodeName>
  <EpisodeNumber>2</EpisodeNumber>
  <FirstAired>2007-09-28</FirstAired>
  <GuestStars>|Matthew Underwood|Noah Luke|Jeanne Sakata|Tinashe Kachingwe|Phil Proctor|Jim Ward|</GuestStars>
  <IMDB_ID>tt0966647</IMDB_ID>
  <Language>en</Language>
  <Overview>To better blend in as Fire Nation citizens, Aang enrolls in a Fire Nation school, giving himself an opportunity to learn more about the Nation while at the same enjoy life as a normal kid for the first time since he discovered he was the Avatar. Meanwhile Zuko, growing more and more paranoid about the Avatar's false demise, brings himself to confronts his imprisoned uncle.</Overview>
  <ProductionCode>302</ProductionCode>
  <Rating>7.6</Rating>
  <RatingCount>23</RatingCount>
  <SeasonNumber>3</SeasonNumber>
  <Writer>John O'Bryan</Writer>
  <absolute_number>42</absolute_number>
  <filename>episodes/74852/312689.jpg</filename>
  <lastupdated>1358503322</lastupdated>
  <seasonid>16658</seasonid>
  <seriesid>74852</seriesid>
</Episode>
<Episode>
  <id>312690</id>
  <Combined_episodenumber>3.0</Combined_episodenumber>
  <Combined_season>3</Combined_season>
  <DVD_chapter></DVD_chapter>
  <DVD_discid></DVD_discid>
  <DVD_episodenumber>3.0</DVD_episodenumber>
  <DVD_season>3</DVD_season>
  <Director>Ethan Spaulding</Director>
  <EpImgFlag>1</EpImgFlag>
  <EpisodeName>The Painted Lady</EpisodeName>
  <EpisodeNumber>3</EpisodeNumber>
  <FirstAired>2007-10-05</FirstAired>
  <GuestStars>|Paul Eiding|Will Shadley|Daniel Riordan|</GuestStars>
  <IMDB_ID>tt0888742</IMDB_ID>
  <Language>en</Language>
  <Overview>When the gang arrives at a suffering fishing village, a mysterious spirit appears to help the villagers.</Overview>
  <ProductionCode>303</ProductionCode>
  <Rating>7.6</Rating>
  <RatingCount>19</RatingCount>
  <SeasonNumber>3</SeasonNumber>
  <Writer>Joshua Hamilton</Writer>
  <absolute_number>43</absolute_number>
  <filename>episodes/74852/312690.jpg</filename>
  <lastupdated>1358503341</lastupdated>
  <seasonid>16658</seasonid>
  <seriesid>74852</seriesid>
</Episode>
<Episode>
  <id>312691</id>
  <Combined_episodenumber>4.0</Combined_episodenumber>
  <Combined_season>3</Combined_season>
  <DVD_chapter></DVD_chapter>
  <DVD_discid></DVD_discid>
  <DVD_episodenumber>4.0</DVD_episodenumber>
  <DVD_season>3</DVD_season>
  <Director>Giancarlo Volpe</Director>
  <EpImgFlag>1</EpImgFlag>
  <EpisodeName>Sokka's Master</EpisodeName>
  <EpisodeNumber>4</EpisodeNumber>
  <FirstAired>2007-10-12</FirstAired>
  <GuestStars>|Chris Butler|Robert Patrick|Wayne Duvall|</GuestStars>
  <IMDB_ID>tt0888741</IMDB_ID>
  <Language>en</Language>
  <Overview>Feeling as though he isn't contributing enough to the group, Sokka seeks out an elusive swordsmaster from whom he can learn the ways of the blade.</Overview>
  <ProductionCode>304</ProductionCode>
  <Rating>7.6</Rating>
  <RatingCount>22</RatingCount>
  <SeasonNumber>3</SeasonNumber>
  <Writer>Tim Hedrick</Writer>
  <absolute_number>44</absolute_number>
  <filename>episodes/74852/312691.jpg</filename>
  <lastupdated>1358503368</lastupdated>
  <seasonid>16658</seasonid>
  <seriesid>74852</seriesid>
</Episode>
<Episode>
  <id>312692</id>
  <Combined_episodenumber>5.0</Combined_episodenumber>
  <Combined_season>3</Combined_season>
  <DVD_chapter></DVD_chapter>
  <DVD_discid></DVD_discid>
  <DVD_episodenumber>5.0</DVD_episodenumber>
  <DVD_season>3</DVD_season>
  <Director>|Joaquim Dos Santos|Sun-Ki Kang|Kawgn-Il Han|Jong-Won Kown|</Director>
  <EpImgFlag>1</EpImgFlag>
  <EpisodeName>The Beach</EpisodeName>
  <EpisodeNumber>5</EpisodeNumber>
  <FirstAired>2007-10-19</FirstAired>
  <GuestStars>|Erik Von Detten|Ross Thomas|</GuestStars>
  <IMDB_ID>tt0888739</IMDB_ID>
  <Language>en</Language>
  <Overview>Zuko, Azula, Mai and Ty Lee take a vacation to ember island.In the process, they come to learn more about themselves and each other as well as their desires for the future. Elsewhere, Aang and others face off against a new adversary.</Overview>
  <ProductionCode>305</ProductionCode>
  <Rating>7.5</Rating>
  <RatingCount>21</RatingCount>
  <SeasonNumber>3</SeasonNumber>
  <Writer>Katie Mattila</Writer>
  <absolute_number>45</absolute_number>
  <filename>episodes/74852/312692.jpg</filename>
  <lastupdated>1358503386</lastupdated>
  <seasonid>16658</seasonid>
  <seriesid>74852</seriesid>
</Episode>
<Episode>
  <id>312693</id>
  <Combined_episodenumber>6.0</Combined_episodenumber>
  <Combined_season>3</Combined_season>
  <DVD_chapter></DVD_chapter>
  <DVD_discid></DVD_discid>
  <DVD_episodenumber>6.0</DVD_episodenumber>
  <DVD_season>3</DVD_season>
  <Director>Ethan Spaulding</Director>
  <EpImgFlag>1</EpImgFlag>
  <EpisodeName>The Avatar and the Firelord</EpisodeName>
  <EpisodeNumber>6</EpisodeNumber>
  <FirstAired>2007-10-26</FirstAired>
  <GuestStars>|Sean Marquette|Ron Perlman|Andrew Caldwell|Grey DeLisle|</GuestStars>
  <IMDB_ID>tt1117701</IMDB_ID>
  <Language>en</Language>
  <Overview>The tale of Avatar Roku and Fire Lord Sozin is revealed to Aang and Zuko by different sources.  Both learn about themselves and are shown the origins of the war.</Overview>
  <ProductionCode>306</ProductionCode>
  <Rating>7.9</Rating>
  <RatingCount>23</RatingCount>
  <SeasonNumber>3</SeasonNumber>
  <Writer>Elizabeth Welch Ehasz</Writer>
  <absolute_number>46</absolute_number>
  <filename>episodes/74852/312693.jpg</filename>
  <lastupdated>1358503415</lastupdated>
  <seasonid>16658</seasonid>
  <seriesid>74852</seriesid>
</Episode>
<Episode>
  <id>312694</id>
  <Combined_episodenumber>7.0</Combined_episodenumber>
  <Combined_season>3</Combined_season>
  <DVD_chapter></DVD_chapter>
  <DVD_discid></DVD_discid>
  <DVD_episodenumber>7.0</DVD_episodenumber>
  <DVD_season>3</DVD_season>
  <Director>Giancarlo Volpe</Director>
  <EpImgFlag>1</EpImgFlag>
  <EpisodeName>The Runaway</EpisodeName>
  <EpisodeNumber>7</EpisodeNumber>
  <FirstAired>2007-11-02</FirstAired>
  <GuestStars>Joe Alaskey</GuestStars>
  <IMDB_ID>tt0888740</IMDB_ID>
  <Language>en</Language>
  <Overview>When Katara expresses her disapproval to Toph's new way to make quick cash, the group finds her too motherly and tension grows between Katara and Toph. When Katara finally decides to participate in this scam to disprove Toph's accusations, they are left vulnerable and are forced to face the dire consequences.</Overview>
  <ProductionCode>307</ProductionCode>
  <Rating>7.7</Rating>
  <RatingCount>20</RatingCount>
  <SeasonNumber>3</SeasonNumber>
  <Writer>Joshua Hamilton</Writer>
  <absolute_number>47</absolute_number>
  <filename>episodes/74852/312694.jpg</filename>
  <lastupdated>1358503613</lastupdated>
  <seasonid>16658</seasonid>
  <seriesid>74852</seriesid>
</Episode>
<Episode>
  <id>312695</id>
  <Combined_episodenumber>8.0</Combined_episodenumber>
  <Combined_season>3</Combined_season>
  <DVD_chapter></DVD_chapter>
  <DVD_discid></DVD_discid>
  <DVD_episodenumber>8.0</DVD_episodenumber>
  <DVD_season>3</DVD_season>
  <Director>Joaquim Dos Santos</Director>
  <EpImgFlag>1</EpImgFlag>
  <EpisodeName>The Puppetmaster</EpisodeName>
  <EpisodeNumber>8</EpisodeNumber>
  <FirstAired>2007-11-09</FirstAired>
  <GuestStars>|Tress MacNeille|Stu Levin|</GuestStars>
  <IMDB_ID>tt0900434</IMDB_ID>
  <Language>en</Language>
  <Overview>The gang investigates the bizarre disappearances taking place within an eerie town.</Overview>
  <ProductionCode>308</ProductionCode>
  <Rating>7.7</Rating>
  <RatingCount>21</RatingCount>
  <SeasonNumber>3</SeasonNumber>
  <Writer>Tim Hedrick</Writer>
  <absolute_number>48</absolute_number>
  <filename>episodes/74852/312695.jpg</filename>
  <lastupdated>1358503651</lastupdated>
  <seasonid>16658</seasonid>
  <seriesid>74852</seriesid>
</Episode>
<Episode>
  <id>312696</id>
  <Combined_episodenumber>9.0</Combined_episodenumber>
  <Combined_season>3</Combined_season>
  <DVD_chapter></DVD_chapter>
  <DVD_discid></DVD_discid>
  <DVD_episodenumber>9.0</DVD_episodenumber>
  <DVD_season>3</DVD_season>
  <Director>Ethan Spaulding</Director>
  <EpImgFlag>1</EpImgFlag>
  <EpisodeName>Nightmares and Daydreams</EpisodeName>
  <EpisodeNumber>9</EpisodeNumber>
  <FirstAired>2007-11-16</FirstAired>
  <GuestStars>|Brian George|Mark Hamill|</GuestStars>
  <IMDB_ID>tt1127369</IMDB_ID>
  <Language>en</Language>
  <Overview>Four days prior the invasion, Aang becomes nervous over his soon-to-come confrontation with the Fire Lord. His anxiety gets the better of him as he begins to suffer from outrageous nightmares and hallucinations. Meanwhile, Zuko becomes upset to learn that he was not informed about a war meeting.</Overview>
  <ProductionCode>309</ProductionCode>
  <Rating>7.3</Rating>
  <RatingCount>19</RatingCount>
  <SeasonNumber>3</SeasonNumber>
  <Writer>John O'Bryan</Writer>
  <absolute_number>49</absolute_number>
  <filename>episodes/74852/312696.jpg</filename>
  <lastupdated>1358503682</lastupdated>
  <seasonid>16658</seasonid>
  <seriesid>74852</seriesid>
</Episode>
<Episode>
  <id>312697</id>
  <Combined_episodenumber>10.0</Combined_episodenumber>
  <Combined_season>3</Combined_season>
  <DVD_chapter></DVD_chapter>
  <DVD_discid></DVD_discid>
  <DVD_episodenumber>10.0</DVD_episodenumber>
  <DVD_season>3</DVD_season>
  <Director>Giancarlo Volpe</Director>
  <EpImgFlag>1</EpImgFlag>
  <EpisodeName>The Day of Black Sun: The Invasion (1)</EpisodeName>
  <EpisodeNumber>10</EpisodeNumber>
  <FirstAired>2007-11-30</FirstAired>
  <GuestStars>|Carlos Alazraqui|William Bassett|André Sogliuzzo|Kevin Michael Richardson|Michael Dow|Daniel Samonas|Rene Auberjonois|Mick Foley|</GuestStars>
  <IMDB_ID>tt1133641</IMDB_ID>
  <Language>en</Language>
  <Overview>The day of the eclipse has arrived, and the invasion force gathers together to make last preparations. They infiltrate the island and the battle begins. Meanwhile, Aang searches for the Firelord.</Overview>
  <ProductionCode>310</ProductionCode>
  <Rating>8.0</Rating>
  <RatingCount>18</RatingCount>
  <SeasonNumber>3</SeasonNumber>
  <Writer>Michael Dante DiMartino</Writer>
  <absolute_number>50</absolute_number>
  <filename>episodes/74852/312697.jpg</filename>
  <lastupdated>1358503718</lastupdated>
  <seasonid>16658</seasonid>
  <seriesid>74852</seriesid>
</Episode>
<Episode>
  <id>312698</id>
  <Combined_episodenumber>11.0</Combined_episodenumber>
  <Combined_season>3</Combined_season>
  <DVD_chapter></DVD_chapter>
  <DVD_discid></DVD_discid>
  <DVD_episodenumber>11.0</DVD_episodenumber>
  <DVD_season>3</DVD_season>
  <Director>Joaquim dos Santos</Director>
  <EpImgFlag>1</EpImgFlag>
  <EpisodeName>The Day of Black Sun: The Eclipse (2)</EpisodeName>
  <EpisodeNumber>11</EpisodeNumber>
  <FirstAired>2007-11-30</FirstAired>
  <GuestStars>|Kristoffer Tabori|André Sogliuzzo|Mark Hamill|Kevin Michael Richardson|Rene Auberjonois|Michael Dow|Daniel Samonas|</GuestStars>
  <IMDB_ID>tt1132642</IMDB_ID>
  <Language>en</Language>
  <Overview>As the invasion force fights their way to the Fire Nation capital, the kids help Aang to find the Fire Lord in time for the eclipse. But there are a few surprises. Zuko confronts his father and tells him that he's going to join the Avatar.</Overview>
  <ProductionCode>311</ProductionCode>
  <Rating>7.5</Rating>
  <RatingCount>11</RatingCount>
  <SeasonNumber>3</SeasonNumber>
  <Writer>Aaron Ehasz</Writer>
  <absolute_number>51</absolute_number>
  <filename>episodes/74852/312698.jpg</filename>
  <lastupdated>1358503749</lastupdated>
  <seasonid>16658</seasonid>
  <seriesid>74852</seriesid>
</Episode>
<Episode>
  <id>312699</id>
  <Combined_episodenumber>12.0</Combined_episodenumber>
  <Combined_season>3</Combined_season>
  <DVD_chapter></DVD_chapter>
  <DVD_discid></DVD_discid>
  <DVD_episodenumber>12.0</DVD_episodenumber>
  <DVD_season>3</DVD_season>
  <Director>Ethan Spaulding</Director>
  <EpImgFlag></EpImgFlag>
  <EpisodeName>The Western Air Temple</EpisodeName>
  <EpisodeNumber>12</EpisodeNumber>
  <FirstAired>2007-12-14</FirstAired>
  <GuestStars></GuestStars>
  <IMDB_ID>tt1136036</IMDB_ID>
  <Language>en</Language>
  <Overview>Aang and the group arrive at the Western Air Temple, with Zuko in pursuit. Zuko only wishes to be accepted, and help the Avatar, but will the group allow him to teach Aang firebending?</Overview>
  <ProductionCode>312</ProductionCode>
  <Rating>8.0</Rating>
  <RatingCount>25</RatingCount>
  <SeasonNumber>3</SeasonNumber>
  <Writer>|Elizabeth Welch Ehasz|Tim Hedrick|</Writer>
  <absolute_number>52</absolute_number>
  <filename>episodes/74852/312699.jpg</filename>
  <lastupdated>1358503781</lastupdated>
  <seasonid>16658</seasonid>
  <seriesid>74852</seriesid>
</Episode>
<Episode>
  <id>312700</id>
  <Combined_episodenumber>13.0</Combined_episodenumber>
  <Combined_season>3</Combined_season>
  <DVD_chapter></DVD_chapter>
  <DVD_discid></DVD_discid>
  <DVD_episodenumber>13.0</DVD_episodenumber>
  <DVD_season>3</DVD_season>
  <Director>Giancarlo Volpe</Director>
  <EpImgFlag></EpImgFlag>
  <EpisodeName>The Firebending Masters</EpisodeName>
  <EpisodeNumber>13</EpisodeNumber>
  <FirstAired>2008-01-04</FirstAired>
  <GuestStars></GuestStars>
  <IMDB_ID>tt1166830</IMDB_ID>
  <Language>en</Language>
  <Overview>While teaching Aang firebending, Zuko finds that he has lost all his firebending skills. Now to regain his powers, Zuko and Aang must seek the original source of firebending within the ruins of a lost civilization.</Overview>
  <ProductionCode>313</ProductionCode>
  <Rating>7.4</Rating>
  <RatingCount>23</RatingCount>
  <SeasonNumber>3</SeasonNumber>
  <Writer>John O'Bryan</Writer>
  <absolute_number>53</absolute_number>
  <filename>episodes/74852/312700.jpg</filename>
  <lastupdated>1358503805</lastupdated>
  <seasonid>16658</seasonid>
  <seriesid>74852</seriesid>
</Episode>
<Episode>
  <id>312701</id>
  <Combined_episodenumber>14.0</Combined_episodenumber>
  <Combined_season>3</Combined_season>
  <DVD_chapter></DVD_chapter>
  <DVD_discid></DVD_discid>
  <DVD_episodenumber>14.0</DVD_episodenumber>
  <DVD_season>3</DVD_season>
  <Director>Joaquim dos Santos</Director>
  <EpImgFlag>1</EpImgFlag>
  <EpisodeName>The Boiling Rock (1)</EpisodeName>
  <EpisodeNumber>14</EpisodeNumber>
  <FirstAired>2008-06-14</FirstAired>
  <GuestStars></GuestStars>
  <IMDB_ID>tt1176477</IMDB_ID>
  <Language>en</Language>
  <Overview>Sokka wants to break his father out of jail and askes Zuko for information on Fire nation prisons. Sokka and Zuko go to the &quot;Boiling Rock&quot; Prison which is in the middle of a volcano to rescue Sokka's father. When Sokka doesn't find him, he feels like he has failed... again... then his hopes are raised when he finds Suki. Sokka, Zuko, Suki and some unexpected allies attempt to escape the prison, but some unexpected surprises come along the way.</Overview>
  <ProductionCode>314</ProductionCode>
  <Rating>7.3</Rating>
  <RatingCount>23</RatingCount>
  <SeasonNumber>3</SeasonNumber>
  <Writer>May Chan</Writer>
  <absolute_number>54</absolute_number>
  <filename>episodes/74852/312701.jpg</filename>
  <lastupdated>1358503854</lastupdated>
  <seasonid>16658</seasonid>
  <seriesid>74852</seriesid>
</Episode>
<Episode>
  <id>312702</id>
  <Combined_episodenumber>15.0</Combined_episodenumber>
  <Combined_season>3</Combined_season>
  <DVD_chapter></DVD_chapter>
  <DVD_discid></DVD_discid>
  <DVD_episodenumber>15.0</DVD_episodenumber>
  <DVD_season>3</DVD_season>
  <Director>Ethan Spaulding</Director>
  <EpImgFlag>1</EpImgFlag>
  <EpisodeName>The Boiling Rock (2)</EpisodeName>
  <EpisodeNumber>15</EpisodeNumber>
  <FirstAired>2008-06-14</FirstAired>
  <GuestStars></GuestStars>
  <IMDB_ID>tt1194313</IMDB_ID>
  <Language>en</Language>
  <Overview>Zuko and Sokka make new plans to break out of the prison with Suki, Sokka's father and some others while a shocking twist leaves Azula none to happy with her two closest friends.</Overview>
  <ProductionCode>315</ProductionCode>
  <Rating>7.9</Rating>
  <RatingCount>23</RatingCount>
  <SeasonNumber>3</SeasonNumber>
  <Writer>Joshua Hamilton</Writer>
  <absolute_number>55</absolute_number>
  <filename>episodes/74852/312702.jpg</filename>
  <lastupdated>1358523391</lastupdated>
  <seasonid>16658</seasonid>
  <seriesid>74852</seriesid>
</Episode>
<Episode>
  <id>312703</id>
  <Combined_episodenumber>16.0</Combined_episodenumber>
  <Combined_season>3</Combined_season>
  <DVD_chapter></DVD_chapter>
  <DVD_discid></DVD_discid>
  <DVD_episodenumber>16.0</DVD_episodenumber>
  <DVD_season>3</DVD_season>
  <Director>Joaquim dos Santos</Director>
  <EpImgFlag></EpImgFlag>
  <EpisodeName>The Southern Raiders</EpisodeName>
  <EpisodeNumber>16</EpisodeNumber>
  <FirstAired>2008-07-17</FirstAired>
  <GuestStars></GuestStars>
  <IMDB_ID>tt1193652</IMDB_ID>
  <Language>en</Language>
  <Overview>Katara decides to confront the Fire Nation soldier responsible for her mother's death. Aang tries to talk her out of it, and Katara later realizes he was right and learns a lesson about life and herself.</Overview>
  <ProductionCode>316</ProductionCode>
  <Rating>7.8</Rating>
  <RatingCount>28</RatingCount>
  <SeasonNumber>3</SeasonNumber>
  <Writer>Elizabeth Welch Ehasz</Writer>
  <absolute_number>56</absolute_number>
  <filename>episodes/74852/312703.jpg</filename>
  <lastupdated>1358523421</lastupdated>
  <seasonid>16658</seasonid>
  <seriesid>74852</seriesid>
</Episode>
<Episode>
  <id>312704</id>
  <Combined_episodenumber>17.0</Combined_episodenumber>
  <Combined_season>3</Combined_season>
  <DVD_chapter></DVD_chapter>
  <DVD_discid></DVD_discid>
  <DVD_episodenumber>17.0</DVD_episodenumber>
  <DVD_season>3</DVD_season>
  <Director>Giancarlo Volpe</Director>
  <EpImgFlag>1</EpImgFlag>
  <EpisodeName>The Ember Island Players</EpisodeName>
  <EpisodeNumber>17</EpisodeNumber>
  <FirstAired>2008-07-18</FirstAired>
  <GuestStars></GuestStars>
  <IMDB_ID>tt1204261</IMDB_ID>
  <Language>en</Language>
  <Overview>A play recounting the gang's adventures does not sit well with Aang and his friends, except for Toph who enjoys it very much. Meanwhile, Aang confesses his love to Katara, but the response is ambiguous.</Overview>
  <ProductionCode>317</ProductionCode>
  <Rating>8.0</Rating>
  <RatingCount>23</RatingCount>
  <SeasonNumber>3</SeasonNumber>
  <Writer>|Tim Hedrick|Josh Hamilton|John O'Bryan|</Writer>
  <absolute_number>57</absolute_number>
  <filename>episodes/74852/312704.jpg</filename>
  <lastupdated>1358523450</lastupdated>
  <seasonid>16658</seasonid>
  <seriesid>74852</seriesid>
</Episode>
<Episode>
  <id>312705</id>
  <Combined_episodenumber>18.0</Combined_episodenumber>
  <Combined_season>3</Combined_season>
  <DVD_chapter></DVD_chapter>
  <DVD_discid></DVD_discid>
  <DVD_episodenumber>18.0</DVD_episodenumber>
  <DVD_season>3</DVD_season>
  <Director>Ethan Spaulding</Director>
  <EpImgFlag>1</EpImgFlag>
  <EpisodeName>Sozin's Comet: The Phoenix King (1)</EpisodeName>
  <EpisodeNumber>18</EpisodeNumber>
  <FirstAired>2008-07-19</FirstAired>
  <GuestStars>Mark Hamill</GuestStars>
  <IMDB_ID>tt1204262</IMDB_ID>
  <Language>en</Language>
  <Overview>Aang struggles to decide whether or not he has to kill the Fire Lord and, during the night, is drawn toward an island which disappears before morning. Zuko leads the rest of the group to the Earth Kingdom to meet a tracker whom they hope can find Aang. The Fire Lord crowns himself Phoenix King and Aang awakens on the island not knowing where he is.</Overview>
  <ProductionCode></ProductionCode>
  <Rating>8.4</Rating>
  <RatingCount>26</RatingCount>
  <SeasonNumber>3</SeasonNumber>
  <Writer>Michael Dante DiMartino</Writer>
  <absolute_number>58</absolute_number>
  <filename>episodes/74852/312705.jpg</filename>
  <lastupdated>1358523528</lastupdated>
  <seasonid>16658</seasonid>
  <seriesid>74852</seriesid>
</Episode>
<Episode>
  <id>312706</id>
  <Combined_episodenumber>19.0</Combined_episodenumber>
  <Combined_season>3</Combined_season>
  <DVD_chapter></DVD_chapter>
  <DVD_discid></DVD_discid>
  <DVD_episodenumber>19.0</DVD_episodenumber>
  <DVD_season>3</DVD_season>
  <Director>Giancarlo Volpe</Director>
  <EpImgFlag>1</EpImgFlag>
  <EpisodeName>Sozin's Comet: The Old Masters (2)</EpisodeName>
  <EpisodeNumber>19</EpisodeNumber>
  <FirstAired>2008-07-19</FirstAired>
  <GuestStars></GuestStars>
  <IMDB_ID>tt1204263</IMDB_ID>
  <Language>en</Language>
  <Overview>While on the island, Aang seeks guidance from his past lives, but is not pleased with what he is told. The island, in fact, turns out to be a lion turtle from which Aang is given the guidance he had been seeking. After the tracker is unable to track Aang, the rest of the group decide they must find Iroh. Meanwhile, while tracking down Iroh, the group meets up with The Order of the White Lotus, a group that transcends the division of the four nations. After a discussion with Iroh the team decides to split up: Sokka, Suki, and Toph head to stop the Fire Nation's air fleet, the masters head to reclaim Ba Sing Se, and Katara, Zuko, and Appa head to defeat Azula. </Overview>
  <ProductionCode></ProductionCode>
  <Rating>7.6</Rating>
  <RatingCount>14</RatingCount>
  <SeasonNumber>3</SeasonNumber>
  <Writer>Aaron Ehasz</Writer>
  <absolute_number>59</absolute_number>
  <filename>episodes/74852/312706.jpg</filename>
  <lastupdated>1358523558</lastupdated>
  <seasonid>16658</seasonid>
  <seriesid>74852</seriesid>
</Episode>
<Episode>
  <id>312707</id>
  <Combined_episodenumber>20.0</Combined_episodenumber>
  <Combined_season>3</Combined_season>
  <DVD_chapter></DVD_chapter>
  <DVD_discid></DVD_discid>
  <DVD_episodenumber>20.0</DVD_episodenumber>
  <DVD_season>3</DVD_season>
  <Director>Joaquim dos Santos</Director>
  <EpImgFlag>1</EpImgFlag>
  <EpisodeName>Sozin's Comet: Into the Inferno (3)</EpisodeName>
  <EpisodeNumber>20</EpisodeNumber>
  <FirstAired>2008-07-19</FirstAired>
  <GuestStars>Mark Hamill</GuestStars>
  <IMDB_ID>tt1204264</IMDB_ID>
  <Language>en</Language>
  <Overview>Sokka, Suki, and Toph try to stop the Fire Nation's air fleet. Meanwhile, Zuko and Azula duel in an Agni Kai and Aang confronts the Fire Lord. On the verge of losing, Aang gets hit in the back of his scar which sends him into the Avatar State.</Overview>
  <ProductionCode></ProductionCode>
  <Rating>7.6</Rating>
  <RatingCount>17</RatingCount>
  <SeasonNumber>3</SeasonNumber>
  <Writer>|Michael Dante DiMartino|Bryan Konietzko|</Writer>
  <absolute_number>60</absolute_number>
  <filename>episodes/74852/312707.jpg</filename>
  <lastupdated>1358523588</lastupdated>
  <seasonid>16658</seasonid>
  <seriesid>74852</seriesid>
</Episode>
<Episode>
  <id>376043</id>
  <Combined_episodenumber>21.0</Combined_episodenumber>
  <Combined_season>3</Combined_season>
  <DVD_chapter></DVD_chapter>
  <DVD_discid></DVD_discid>
  <DVD_episodenumber>21.0</DVD_episodenumber>
  <DVD_season>3</DVD_season>
  <Director>Joaquim dos Santos</Director>
  <EpImgFlag>1</EpImgFlag>
  <EpisodeName>Sozin's Comet: Avatar Aang (4)</EpisodeName>
  <EpisodeNumber>21</EpisodeNumber>
  <FirstAired>2008-07-19</FirstAired>
  <GuestStars>Mark Hamill</GuestStars>
  <IMDB_ID>tt1204265</IMDB_ID>
  <Language>en</Language>
  <Overview>Aang defeats the Fire Lord by bending the elements within the Fire Lord and removing his fire bending abilities. After Zuko is taken down protecting Katara from Azula, Katara fights and manages to restrain Azula. Afterwards, Zuko is crowned Fire Lord and promises a better future for the world. Aang takes his place as the next Avatar, changing his attire in the process. Katara finally shows her love for Aang as they kiss in the last scene.</Overview>
  <ProductionCode></ProductionCode>
  <Rating>8.5</Rating>
  <RatingCount>20</RatingCount>
  <SeasonNumber>3</SeasonNumber>
  <Writer>|Michael Dante DiMartino|Bryan Konietzko|</Writer>
  <absolute_number>61</absolute_number>
  <filename>episodes/74852/376043.jpg</filename>
  <lastupdated>1358523628</lastupdated>
  <seasonid>16658</seasonid>
  <seriesid>74852</seriesid>
</Episode>
<Episode>
  <id>4536854</id>
  <Combined_episodenumber>22</Combined_episodenumber>
  <Combined_season>3</Combined_season>
  <DVD_chapter></DVD_chapter>
  <DVD_discid></DVD_discid>
  <DVD_episodenumber></DVD_episodenumber>
  <DVD_season></DVD_season>
  <Director></Director>
  <EpImgFlag></EpImgFlag>
  <EpisodeName></EpisodeName>
  <EpisodeNumber>22</EpisodeNumber>
  <FirstAired></FirstAired>
  <GuestStars></GuestStars>
  <IMDB_ID></IMDB_ID>
  <Language>en</Language>
  <Overview></Overview>
  <ProductionCode></ProductionCode>
  <Rating></Rating>
  <RatingCount>0</RatingCount>
  <SeasonNumber>3</SeasonNumber>
  <Writer></Writer>
  <absolute_number></absolute_number>
  <filename></filename>
  <lastupdated>1364765727</lastupdated>
  <seasonid>16658</seasonid>
  <seriesid>74852</seriesid>
</Episode>
<Episode>
  <id>4536856</id>
  <Combined_episodenumber>23</Combined_episodenumber>
  <Combined_season>3</Combined_season>
  <DVD_chapter></DVD_chapter>
  <DVD_discid></DVD_discid>
  <DVD_episodenumber></DVD_episodenumber>
  <DVD_season></DVD_season>
  <Director></Director>
  <EpImgFlag></EpImgFlag>
  <EpisodeName></EpisodeName>
  <EpisodeNumber>23</EpisodeNumber>
  <FirstAired></FirstAired>
  <GuestStars></GuestStars>
  <IMDB_ID></IMDB_ID>
  <Language>en</Language>
  <Overview></Overview>
  <ProductionCode></ProductionCode>
  <Rating></Rating>
  <RatingCount>0</RatingCount>
  <SeasonNumber>3</SeasonNumber>
  <Writer></Writer>
  <absolute_number></absolute_number>
  <filename></filename>
  <lastupdated>1364765772</lastupdated>
  <seasonid>16658</seasonid>
  <seriesid>74852</seriesid>
</Episode>
</Data>