<?xml version="1.0" encoding="UTF-8" ?>
<Actors>
<Actor>
  <id>58789</id>
  <Image>actors/58789.jpg</Image>
  <Name>Eddie Shin</Name>
  <Role>Roger Park</Role>
  <SortOrder>3</SortOrder>
</Actor>
<Actor>
  <id>58788</id>
  <Image>actors/58788.jpg</Image>
  <Name>Tinsley Grimes</Name>
  <Role>Katie Howard</Role>
  <SortOrder>3</SortOrder>
</Actor>
<Actor>
  <id>58787</id>
  <Image>actors/58787.jpg</Image>
  <Name>Glenn Howerton</Name>
  <Role>Corey Howard</Role>
  <SortOrder>3</SortOrder>
</Actor>
<Actor>
  <id>58786</id>
  <Image>actors/58786.jpg</Image>
  <Name>Margaret Smith</Name>
  <Role>Margaret</Role>
  <SortOrder>3</SortOrder>
</Actor>
<Actor>
  <id>58785</id>
  <Image>actors/58785.jpg</Image>
  <Name>Geoff Pierson</Name>
  <Role>RT Howard</Role>
  <SortOrder>3</SortOrder>
</Actor>
<Actor>
  <id>58784</id>
  <Image>actors/58784.jpg</Image>
  <Name>Chyler Leigh</Name>
  <Role>June Tuesday</Role>
  <SortOrder>3</SortOrder>
</Actor>
<Actor>
  <id>58783</id>
  <Image>actors/58783.jpg</Image>
  <Name>Brittany Daniel</Name>
  <Role>Sophia</Role>
  <SortOrder>3</SortOrder>
</Actor>
</Actors>