<?xml version="1.0" encoding="UTF-8" ?>
<Data><Series>
  <id>77784</id>
  <Actors>|Eddie Shin|Tinsley Grimes|Glenn Howerton|Margaret Smith|Geoff Pierson|Chyler Leigh|Brittany Daniel|</Actors>
  <Airs_DayOfWeek></Airs_DayOfWeek>
  <Airs_Time></Airs_Time>
  <ContentRating></ContentRating>
  <FirstAired>2002-01-23</FirstAired>
  <Genre>|Comedy|</Genre>
  <IMDB_ID>tt0305472</IMDB_ID>
  <Language>en</Language>
  <Network>FOX</Network>
  <NetworkID></NetworkID>
  <Overview>&quot;The date is 1984. The location is San Diego, just one hour outside of the big dream we call Los Angeles. Corey (Glenn Howerton) and Katie (Tinsley Grimes) live with their dad RT (Geoff Pierson) and Corey's friend Roger (Eddie Shin). Corey is a creative soul who is trying to make it in the music world in a decade that only appreciates financial success. Although his father is a successful professional who is about to strike gold with his Gut Whacker and ride the '80s fitness marketing craze wave, Corey finds it difficult to get in the game. On the other hand, Corey's friend Roger idolizes Ronald Reagan and listens to motivation tapes while trying to find his way into corporate America. The household is rounded out by Corey's younger sister Katie, a chip off the old block whose sweetness and naivety make her the perfect go between for her father and brother.  &quot;At Club [Berlin], a local gathering place, Sophia (Brittany Daniel) is in control. Sophia, Corey's ex, is a beautiful, &quot;gra</Overview>
  <Rating>5.0</Rating>
  <RatingCount>2</RatingCount>
  <Runtime>30</Runtime>
  <SeriesID>6941</SeriesID>
  <SeriesName>That '80s Show</SeriesName>
  <Status>Ended</Status>
  <added></added>
  <addedBy></addedBy>
  <banner>graphical/6941-g.jpg</banner>
  <fanart>fanart/original/77784-1.jpg</fanart>
  <lastupdated>1363905378</lastupdated>
  <poster>posters/77784-2.jpg</poster>
  <zap2it_id>SH481375</zap2it_id>
</Series>
<Episode>
  <id>259122</id>
  <Combined_episodenumber>1</Combined_episodenumber>
  <Combined_season>1</Combined_season>
  <DVD_chapter></DVD_chapter>
  <DVD_discid></DVD_discid>
  <DVD_episodenumber></DVD_episodenumber>
  <DVD_season></DVD_season>
  <Director>|David Trainer|</Director>
  <EpImgFlag>1</EpImgFlag>
  <EpisodeName>Eighties (a.k.a. That '80s Pilot)</EpisodeName>
  <EpisodeNumber>1</EpisodeNumber>
  <FirstAired>2002-01-23</FirstAired>
  <GuestStars>|Alana Austin|Brian Palermo|Joe Liss|Paul Connor|Ashley Yegan|Jill Matson|</GuestStars>
  <IMDB_ID></IMDB_ID>
  <Language>en</Language>
  <Overview>Corey mourns his breakup with Sophia while simultaneously coping with mixed feelings about his new co-worker, Tuesday. Meanwhile, Katie is the unwelcome recipient of bisexual Sophia's affections. And RT has an offer for Corey.</Overview>
  <ProductionCode>101</ProductionCode>
  <Rating>7.5</Rating>
  <RatingCount>2</RatingCount>
  <SeasonNumber>1</SeasonNumber>
  <Writer>|Mark Brazill|Terry Turner|Linda Wallem|</Writer>
  <absolute_number></absolute_number>
  <filename>episodes/77784/259122.jpg</filename>
  <lastupdated>1250666358</lastupdated>
  <seasonid>13604</seasonid>
  <seriesid>77784</seriesid>
</Episode>
<Episode>
  <id>259123</id>
  <Combined_episodenumber>2</Combined_episodenumber>
  <Combined_season>1</Combined_season>
  <DVD_chapter></DVD_chapter>
  <DVD_discid></DVD_discid>
  <DVD_episodenumber></DVD_episodenumber>
  <DVD_season></DVD_season>
  <Director>|Terry Hughes|</Director>
  <EpImgFlag>1</EpImgFlag>
  <EpisodeName>Valentine's Day</EpisodeName>
  <EpisodeNumber>2</EpisodeNumber>
  <FirstAired>2002-01-30</FirstAired>
  <GuestStars>|Delaina Mitchell|Julene Renee|</GuestStars>
  <IMDB_ID></IMDB_ID>
  <Language>en</Language>
  <Overview>Somebody mails a box of candy to Permanent Records for Valentine's Day, but the intended recipient is unclear. Meanwhile, when Katie's sailor boyfriend, Owen, pays her a surprise visit, RT and Sophia get in the way of his shore leave.</Overview>
  <ProductionCode>104</ProductionCode>
  <Rating>7.5</Rating>
  <RatingCount>2</RatingCount>
  <SeasonNumber>1</SeasonNumber>
  <Writer>|Cindy Caponera|</Writer>
  <absolute_number></absolute_number>
  <filename>episodes/77784/259123.jpg</filename>
  <lastupdated>1250666512</lastupdated>
  <seasonid>13604</seasonid>
  <seriesid>77784</seriesid>
</Episode>
<Episode>
  <id>259124</id>
  <Combined_episodenumber>3</Combined_episodenumber>
  <Combined_season>1</Combined_season>
  <DVD_chapter></DVD_chapter>
  <DVD_discid></DVD_discid>
  <DVD_episodenumber></DVD_episodenumber>
  <DVD_season></DVD_season>
  <Director>|Terry Hughes|</Director>
  <EpImgFlag>1</EpImgFlag>
  <EpisodeName>Tuesday Comes Over</EpisodeName>
  <EpisodeNumber>3</EpisodeNumber>
  <FirstAired>2002-02-06</FirstAired>
  <GuestStars>|Rance Howard|Marjorie Lovett|D.C. Douglas|T.J. Thyne|Joe Liss|</GuestStars>
  <IMDB_ID></IMDB_ID>
  <Language>en</Language>
  <Overview>Katie invites Tuesday to come stay at her place after discovering that Corey's mortal enemy lives in her car. Meanwhile, an overly-flirtatious Sophia convinces RT to buy a hot tub to soothe his aching muscles. And Roger needs to sell one more car by the end of the day, or risk losing his demo model.</Overview>
  <ProductionCode>103</ProductionCode>
  <Rating>7.0</Rating>
  <RatingCount>2</RatingCount>
  <SeasonNumber>1</SeasonNumber>
  <Writer>|Elaine Aronson|</Writer>
  <absolute_number></absolute_number>
  <filename>episodes/77784/259124.jpg</filename>
  <lastupdated>1250666569</lastupdated>
  <seasonid>13604</seasonid>
  <seriesid>77784</seriesid>
</Episode>
<Episode>
  <id>259125</id>
  <Combined_episodenumber>4</Combined_episodenumber>
  <Combined_season>1</Combined_season>
  <DVD_chapter></DVD_chapter>
  <DVD_discid></DVD_discid>
  <DVD_episodenumber></DVD_episodenumber>
  <DVD_season></DVD_season>
  <Director>|Terry Hughes|</Director>
  <EpImgFlag>1</EpImgFlag>
  <EpisodeName>Corey's Remix</EpisodeName>
  <EpisodeNumber>4</EpisodeNumber>
  <FirstAired>2002-02-13</FirstAired>
  <GuestStars>|Joe Liss|Brian Palermo|Jill Matson|Ashley Yegan|Ginny McMath|Jay Huguley|Corey Lovett|Jeremiah Birkett|Danny Breen|</GuestStars>
  <IMDB_ID></IMDB_ID>
  <Language>en</Language>
  <Overview>Corey's heartfelt, autobiographical breakup song becomes dance fodder in Katie's hands when she succeeds in proving Sophia wrong. Meanwhile, RT's business advice gets Roger fired.</Overview>
  <ProductionCode>102</ProductionCode>
  <Rating>7.5</Rating>
  <RatingCount>2</RatingCount>
  <SeasonNumber>1</SeasonNumber>
  <Writer>|Terry Turner|</Writer>
  <absolute_number></absolute_number>
  <filename>episodes/77784/259125.jpg</filename>
  <lastupdated>1250666592</lastupdated>
  <seasonid>13604</seasonid>
  <seriesid>77784</seriesid>
</Episode>
<Episode>
  <id>259126</id>
  <Combined_episodenumber>5</Combined_episodenumber>
  <Combined_season>1</Combined_season>
  <DVD_chapter></DVD_chapter>
  <DVD_discid></DVD_discid>
  <DVD_episodenumber></DVD_episodenumber>
  <DVD_season></DVD_season>
  <Director>|Terry Hughes|</Director>
  <EpImgFlag>1</EpImgFlag>
  <EpisodeName>My Dead Friend</EpisodeName>
  <EpisodeNumber>5</EpisodeNumber>
  <FirstAired>2002-02-20</FirstAired>
  <GuestStars>|Dan Bucatinsky|Jeremiah Birkett|Jay Huguley|Brian Palermo|Joe Liss|Jeff Doucette|Jim Jansen|Norm Thoeming|Jarod Scott|Tracy Silver|</GuestStars>
  <IMDB_ID></IMDB_ID>
  <Language>en</Language>
  <Overview>The death of Corey's &quot;&quot;friend&quot;&quot; comes back to haunt him. Meanwhile, Sophia concocts a diabolical scheme to steal Katie from Owen. And Margaret's in the money when she scores a rare Beatles album from a homeless man who doesn't know its value.</Overview>
  <ProductionCode>105</ProductionCode>
  <Rating>7.5</Rating>
  <RatingCount>2</RatingCount>
  <SeasonNumber>1</SeasonNumber>
  <Writer>|Christine Zander|</Writer>
  <absolute_number></absolute_number>
  <filename>episodes/77784/259126.jpg</filename>
  <lastupdated>1250666617</lastupdated>
  <seasonid>13604</seasonid>
  <seriesid>77784</seriesid>
</Episode>
<Episode>
  <id>259127</id>
  <Combined_episodenumber>6</Combined_episodenumber>
  <Combined_season>1</Combined_season>
  <DVD_chapter></DVD_chapter>
  <DVD_discid></DVD_discid>
  <DVD_episodenumber></DVD_episodenumber>
  <DVD_season></DVD_season>
  <Director>|Terry Hughes|</Director>
  <EpImgFlag>1</EpImgFlag>
  <EpisodeName>Spring Break '84</EpisodeName>
  <EpisodeNumber>6</EpisodeNumber>
  <FirstAired>2002-03-06</FirstAired>
  <GuestStars>|Nathan West|Willy Parsons|Rick Kunkler|Paul Connor|Amaury Nolasco|Arturo Salas|George Llanes|Dimas Arellano|Ginny McMath|</GuestStars>
  <IMDB_ID></IMDB_ID>
  <Language>en</Language>
  <Overview>When Katie's credit card gets cut up, she opts to have daddy cough up the money to turn it back on... and concocts an elaborate story for the occasion. Meanwhile, Corey is not a happy camper when a rocker and former classmate moves in on his turf.</Overview>
  <ProductionCode>106</ProductionCode>
  <Rating>7.0</Rating>
  <RatingCount>2</RatingCount>
  <SeasonNumber>1</SeasonNumber>
  <Writer>|Greg Schaffer|Steve Joe|</Writer>
  <absolute_number></absolute_number>
  <filename>episodes/77784/259127.jpg</filename>
  <lastupdated>1250666638</lastupdated>
  <seasonid>13604</seasonid>
  <seriesid>77784</seriesid>
</Episode>
<Episode>
  <id>259128</id>
  <Combined_episodenumber>7</Combined_episodenumber>
  <Combined_season>1</Combined_season>
  <DVD_chapter></DVD_chapter>
  <DVD_discid></DVD_discid>
  <DVD_episodenumber></DVD_episodenumber>
  <DVD_season></DVD_season>
  <Director></Director>
  <EpImgFlag>1</EpImgFlag>
  <EpisodeName>Katie's Birthday</EpisodeName>
  <EpisodeNumber>7</EpisodeNumber>
  <FirstAired>2002-03-27</FirstAired>
  <GuestStars></GuestStars>
  <IMDB_ID></IMDB_ID>
  <Language>en</Language>
  <Overview>At Katie's birthday party, Owen and RT give the gifts that keep on being given back. Meanwhile, Corey and Tuesday exchange a present of their own. And Sophia comes on to Katie, while RT comes on to Margaret.</Overview>
  <ProductionCode>107</ProductionCode>
  <Rating>7.5</Rating>
  <RatingCount>2</RatingCount>
  <SeasonNumber>1</SeasonNumber>
  <Writer>|Jenna Jolovitz|</Writer>
  <absolute_number></absolute_number>
  <filename>episodes/77784/259128.jpg</filename>
  <lastupdated>1250666660</lastupdated>
  <seasonid>13604</seasonid>
  <seriesid>77784</seriesid>
</Episode>
<Episode>
  <id>259129</id>
  <Combined_episodenumber>8</Combined_episodenumber>
  <Combined_season>1</Combined_season>
  <DVD_chapter></DVD_chapter>
  <DVD_discid></DVD_discid>
  <DVD_episodenumber></DVD_episodenumber>
  <DVD_season></DVD_season>
  <Director>|Terry Hughes|</Director>
  <EpImgFlag>1</EpImgFlag>
  <EpisodeName>After the Kiss</EpisodeName>
  <EpisodeNumber>8</EpisodeNumber>
  <FirstAired>2002-04-03</FirstAired>
  <GuestStars>|Simbi Khali|Tom Musgrave|Robert Clendenin|Catherine Williams|Derek Waters|April Winchell|</GuestStars>
  <IMDB_ID></IMDB_ID>
  <Language>en</Language>
  <Overview>Corey's and Tuesday's kissing fest leads to heartache. Meanwhile, Roger joins Katie in aerobics class to scope out babes. And RT creates a monster when he promotes Sophia.</Overview>
  <ProductionCode>108</ProductionCode>
  <Rating>7.0</Rating>
  <RatingCount>2</RatingCount>
  <SeasonNumber>1</SeasonNumber>
  <Writer>|Tony Barbieri|</Writer>
  <absolute_number></absolute_number>
  <filename>episodes/77784/259129.jpg</filename>
  <lastupdated>1250666681</lastupdated>
  <seasonid>13604</seasonid>
  <seriesid>77784</seriesid>
</Episode>
<Episode>
  <id>259130</id>
  <Combined_episodenumber>9</Combined_episodenumber>
  <Combined_season>1</Combined_season>
  <DVD_chapter></DVD_chapter>
  <DVD_discid></DVD_discid>
  <DVD_episodenumber></DVD_episodenumber>
  <DVD_season></DVD_season>
  <Director>|Terry Hughes|</Director>
  <EpImgFlag>1</EpImgFlag>
  <EpisodeName>Double Date</EpisodeName>
  <EpisodeNumber>9</EpisodeNumber>
  <FirstAired>2002-04-10</FirstAired>
  <GuestStars>|Tammy Lynn Michaels|Francesca P. Roberts|John Houy|Sam Wolfson|</GuestStars>
  <IMDB_ID></IMDB_ID>
  <Language>en</Language>
  <Overview>When Roger needs a date, Tuesday promises to fix him up. Meanwhile, Katie feels guilty about RT not knowing she's no longer in school. And Sophia produces an infomercial for RT.</Overview>
  <ProductionCode>109</ProductionCode>
  <Rating>7.5</Rating>
  <RatingCount>2</RatingCount>
  <SeasonNumber>1</SeasonNumber>
  <Writer>|Sarah McLaughlin|Lesley Wake|</Writer>
  <absolute_number></absolute_number>
  <filename>episodes/77784/259130.jpg</filename>
  <lastupdated>1250666700</lastupdated>
  <seasonid>13604</seasonid>
  <seriesid>77784</seriesid>
</Episode>
<Episode>
  <id>259131</id>
  <Combined_episodenumber>10</Combined_episodenumber>
  <Combined_season>1</Combined_season>
  <DVD_chapter></DVD_chapter>
  <DVD_discid></DVD_discid>
  <DVD_episodenumber></DVD_episodenumber>
  <DVD_season></DVD_season>
  <Director>|Terry Hughes|</Director>
  <EpImgFlag>1</EpImgFlag>
  <EpisodeName>Punk Club</EpisodeName>
  <EpisodeNumber>10</EpisodeNumber>
  <FirstAired>2002-04-17</FirstAired>
  <GuestStars>|Tiffany|Jeff Van Atta|Joseph Ackler|</GuestStars>
  <IMDB_ID></IMDB_ID>
  <Language>en</Language>
  <Overview>Corey's and Tuesday's culture clash is exacerbated when she goes to a punk club behind his back. Meanwhile, the Howard household falls apart with Katie back in college. And Roger has a tragedy with a portable crimping iron.</Overview>
  <ProductionCode>110</ProductionCode>
  <Rating>7.5</Rating>
  <RatingCount>2</RatingCount>
  <SeasonNumber>1</SeasonNumber>
  <Writer>|Tiffany Zehnal|</Writer>
  <absolute_number></absolute_number>
  <filename>episodes/77784/259131.jpg</filename>
  <lastupdated>1250666722</lastupdated>
  <seasonid>13604</seasonid>
  <seriesid>77784</seriesid>
</Episode>
<Episode>
  <id>259132</id>
  <Combined_episodenumber>11</Combined_episodenumber>
  <Combined_season>1</Combined_season>
  <DVD_chapter></DVD_chapter>
  <DVD_discid></DVD_discid>
  <DVD_episodenumber></DVD_episodenumber>
  <DVD_season></DVD_season>
  <Director>|Terry Hughes|</Director>
  <EpImgFlag>3</EpImgFlag>
  <EpisodeName>Road Trip (a.k.a. Star Search)</EpisodeName>
  <EpisodeNumber>11</EpisodeNumber>
  <FirstAired>2002-04-24</FirstAired>
  <GuestStars>|RenÃ©e Elise Goldsberry|Darby Stanchfield|John Caponera|Neil Giraldo|Pat Benatar|Ed McMahon|</GuestStars>
  <IMDB_ID></IMDB_ID>
  <Language>en</Language>
  <Overview>Katie forces Corey to join her on Star Search after their cousin suggests it. Meanwhile, RT agrees to let Sophia stay at his house in return for her pretending to be his girlfriend for his ex-wife's benefit. And Margaret shares a fiery past with Pat Benatar.</Overview>
  <ProductionCode>111</ProductionCode>
  <Rating>7.5</Rating>
  <RatingCount>2</RatingCount>
  <SeasonNumber>1</SeasonNumber>
  <Writer>|Neil Edwards|</Writer>
  <absolute_number></absolute_number>
  <filename>episodes/77784/259132.jpg</filename>
  <lastupdated>1250666737</lastupdated>
  <seasonid>13604</seasonid>
  <seriesid>77784</seriesid>
</Episode>
<Episode>
  <id>259133</id>
  <Combined_episodenumber>12</Combined_episodenumber>
  <Combined_season>1</Combined_season>
  <DVD_chapter></DVD_chapter>
  <DVD_discid></DVD_discid>
  <DVD_episodenumber></DVD_episodenumber>
  <DVD_season></DVD_season>
  <Director>|Terry Hughes|</Director>
  <EpImgFlag>3</EpImgFlag>
  <EpisodeName>Beach Party</EpisodeName>
  <EpisodeNumber>12</EpisodeNumber>
  <FirstAired>2002-05-07</FirstAired>
  <GuestStars>|Morgan Fairchild|Deborah Gibson|Tammy Lynn Michaels|Bradley Stryker|Josh Gilbert|</GuestStars>
  <IMDB_ID></IMDB_ID>
  <Language>en</Language>
  <Overview>Katie's beach party invitation to Corey, Tuesday, Roger, Owen and Patty is not what they've been led to believe. Meanwhile, Corey's decision to move in with Tuesday upsets Roger, while an obscenely joyful showtunes aficionado stands down Margaret. And Sophia smells trouble when another blonde wants to have more fun with RT's company.</Overview>
  <ProductionCode>113</ProductionCode>
  <Rating>7.0</Rating>
  <RatingCount>2</RatingCount>
  <SeasonNumber>1</SeasonNumber>
  <Writer>|Linda Wallem|</Writer>
  <absolute_number></absolute_number>
  <filename>episodes/77784/259133.jpg</filename>
  <lastupdated>1250666762</lastupdated>
  <seasonid>13604</seasonid>
  <seriesid>77784</seriesid>
</Episode>
<Episode>
  <id>259134</id>
  <Combined_episodenumber>13</Combined_episodenumber>
  <Combined_season>1</Combined_season>
  <DVD_chapter></DVD_chapter>
  <DVD_discid></DVD_discid>
  <DVD_episodenumber></DVD_episodenumber>
  <DVD_season></DVD_season>
  <Director>|Terry Hughes|</Director>
  <EpImgFlag>3</EpImgFlag>
  <EpisodeName>Sophia's Depressed</EpisodeName>
  <EpisodeNumber>13</EpisodeNumber>
  <FirstAired>2002-05-29</FirstAired>
  <GuestStars>|Tammy Lynn Michaels|Cynthia Daniel|John Taylor|Jay Huguley|Khali Macintyre|</GuestStars>
  <IMDB_ID></IMDB_ID>
  <Language>en</Language>
  <Overview>Sophia's depressed when she learns her sister, Bianca, is getting married. Meanwhile, Corey and Tuesday argue over whose house to stay at, while Katie and Owen argue over him telling his Navy buddies that they got married. And a fire at Permanent Record reunites Margaret and a former fling.</Overview>
  <ProductionCode>112</ProductionCode>
  <Rating>7.0</Rating>
  <RatingCount>2</RatingCount>
  <SeasonNumber>1</SeasonNumber>
  <Writer>|Elaine Aronson|</Writer>
  <absolute_number></absolute_number>
  <filename>episodes/77784/259134.jpg</filename>
  <lastupdated>1250666779</lastupdated>
  <seasonid>13604</seasonid>
  <seriesid>77784</seriesid>
</Episode>
</Data>