<?xml version="1.0" encoding="UTF-8" ?>
<Actors>
<Actor>
  <id>14872</id>
  <Image>actors/14872.jpg</Image>
  <Name>Calista Flockhart</Name>
  <Role>Ally McBeal</Role>
  <SortOrder>0</SortOrder>
</Actor>
<Actor>
  <id>14868</id>
  <Image>actors/14868.jpg</Image>
  <Name>Greg Germann</Name>
  <Role>Richard Fish</Role>
  <SortOrder>1</SortOrder>
</Actor>
<Actor>
  <id>14862</id>
  <Image>actors/14862.jpg</Image>
  <Name>Peter MacNicol</Name>
  <Role>John Cage</Role>
  <SortOrder>2</SortOrder>
</Actor>
<Actor>
  <id>154971</id>
  <Image>actors/154971.jpg</Image>
  <Name>Anne Heche</Name>
  <Role>Melanie West</Role>
  <SortOrder>3</SortOrder>
</Actor>
<Actor>
  <id>154961</id>
  <Image>actors/154961.jpg</Image>
  <Name>Josh Hopkins</Name>
  <Role>Raymond Millbury</Role>
  <SortOrder>3</SortOrder>
</Actor>
<Actor>
  <id>154921</id>
  <Image>actors/154921.jpg</Image>
  <Name>Jon Bon Jovi</Name>
  <Role>Victor Morrison</Role>
  <SortOrder>3</SortOrder>
</Actor>
<Actor>
  <id>14876</id>
  <Image>actors/14876.jpg</Image>
  <Name>James LeGros</Name>
  <Role>Mark Albert</Role>
  <SortOrder>3</SortOrder>
</Actor>
<Actor>
  <id>14875</id>
  <Image>actors/14875.jpg</Image>
  <Name>Regina Hall</Name>
  <Role>Corretta Lipp</Role>
  <SortOrder>3</SortOrder>
</Actor>
<Actor>
  <id>14874</id>
  <Image>actors/14874.jpg</Image>
  <Name>Jane Krakowski</Name>
  <Role>Elaine Vassal</Role>
  <SortOrder>3</SortOrder>
</Actor>
<Actor>
  <id>14873</id>
  <Image>actors/14873.jpg</Image>
  <Name>Lisa Nicole Carson</Name>
  <Role>Renee Raddick</Role>
  <SortOrder>3</SortOrder>
</Actor>
<Actor>
  <id>14871</id>
  <Image>actors/14871.jpg</Image>
  <Name>Lucy Liu</Name>
  <Role>Ling Woo</Role>
  <SortOrder>3</SortOrder>
</Actor>
<Actor>
  <id>14870</id>
  <Image>actors/14870.jpg</Image>
  <Name>Vonda Shepard</Name>
  <Role>Vonda Shepard</Role>
  <SortOrder>3</SortOrder>
</Actor>
<Actor>
  <id>14869</id>
  <Image>actors/14869.jpg</Image>
  <Name>Gil Bellows</Name>
  <Role>Billy Thomas</Role>
  <SortOrder>3</SortOrder>
</Actor>
<Actor>
  <id>14867</id>
  <Image>actors/14867.jpg</Image>
  <Name>James Marsden</Name>
  <Role>Glenn Foy</Role>
  <SortOrder>3</SortOrder>
</Actor>
<Actor>
  <id>14866</id>
  <Image>actors/14866.jpg</Image>
  <Name>Julianne Nicholson</Name>
  <Role>Jenny Shaw</Role>
  <SortOrder>3</SortOrder>
</Actor>
<Actor>
  <id>14864</id>
  <Image>actors/14864.jpg</Image>
  <Name>Robert Downey Jr.</Name>
  <Role>Larry Paul</Role>
  <SortOrder>3</SortOrder>
</Actor>
<Actor>
  <id>14863</id>
  <Image>actors/14863.jpg</Image>
  <Name>Courtney Thorne-Smith</Name>
  <Role>Georgia Thomas</Role>
  <SortOrder>3</SortOrder>
</Actor>
<Actor>
  <id>14861</id>
  <Image>actors/14861.jpg</Image>
  <Name>Portia de Rossi</Name>
  <Role>Nell Porter</Role>
  <SortOrder>3</SortOrder>
</Actor>
</Actors>