<?xml version="1.0" encoding="UTF-8" ?>
<Banners>
<Banner>
  <id>23585</id>
  <BannerPath>fanart/original/76156-11.jpg</BannerPath>
  <BannerType>fanart</BannerType>
  <BannerType2>1920x1080</BannerType2>
  <Colors>|226,226,226|43,55,77|136,139,158|</Colors>
  <Language>en</Language>
  <Rating>8.6250</Rating>
  <RatingCount>16</RatingCount>
  <SeriesName>false</SeriesName>
  <ThumbnailPath>_cache/fanart/original/76156-11.jpg</ThumbnailPath>
  <VignettePath>fanart/vignette/76156-11.jpg</VignettePath>
</Banner>
<Banner>
  <id>20258</id>
  <BannerPath>fanart/original/76156-2.jpg</BannerPath>
  <BannerType>fanart</BannerType>
  <BannerType2>1280x720</BannerType2>
  <Colors>|223,220,215|26,60,62|148,151,170|</Colors>
  <Language>en</Language>
  <Rating>8.5000</Rating>
  <RatingCount>4</RatingCount>
  <SeriesName>false</SeriesName>
  <ThumbnailPath>_cache/fanart/original/76156-2.jpg</ThumbnailPath>
  <VignettePath>fanart/vignette/76156-2.jpg</VignettePath>
</Banner>
<Banner>
  <id>20363</id>
  <BannerPath>fanart/original/76156-5.jpg</BannerPath>
  <BannerType>fanart</BannerType>
  <BannerType2>1280x720</BannerType2>
  <Colors>|192,66,52|9,85,108|114,215,227|</Colors>
  <Language>en</Language>
  <Rating>8.5000</Rating>
  <RatingCount>2</RatingCount>
  <SeriesName>false</SeriesName>
  <ThumbnailPath>_cache/fanart/original/76156-5.jpg</ThumbnailPath>
  <VignettePath>fanart/vignette/76156-5.jpg</VignettePath>
</Banner>
<Banner>
  <id>918678</id>
  <BannerPath>fanart/original/76156-43.jpg</BannerPath>
  <BannerType>fanart</BannerType>
  <BannerType2>1920x1080</BannerType2>
  <Colors></Colors>
  <Language>fr</Language>
  <Rating>8.0000</Rating>
  <RatingCount>1</RatingCount>
  <SeriesName>false</SeriesName>
  <ThumbnailPath>_cache/fanart/original/76156-43.jpg</ThumbnailPath>
  <VignettePath>fanart/vignette/76156-43.jpg</VignettePath>
</Banner>
<Banner>
  <id>37836</id>
  <BannerPath>fanart/original/76156-23.jpg</BannerPath>
  <BannerType>fanart</BannerType>
  <BannerType2>1280x720</BannerType2>
  <Colors></Colors>
  <Language>en</Language>
  <Rating>8.0000</Rating>
  <RatingCount>3</RatingCount>
  <SeriesName>false</SeriesName>
  <ThumbnailPath>_cache/fanart/original/76156-23.jpg</ThumbnailPath>
  <VignettePath>fanart/vignette/76156-23.jpg</VignettePath>
</Banner>
<Banner>
  <id>37838</id>
  <BannerPath>fanart/original/76156-25.jpg</BannerPath>
  <BannerType>fanart</BannerType>
  <BannerType2>1280x720</BannerType2>
  <Colors></Colors>
  <Language>en</Language>
  <Rating>8.0000</Rating>
  <RatingCount>3</RatingCount>
  <SeriesName>false</SeriesName>
  <ThumbnailPath>_cache/fanart/original/76156-25.jpg</ThumbnailPath>
  <VignettePath>fanart/vignette/76156-25.jpg</VignettePath>
</Banner>
<Banner>
  <id>20312</id>
  <BannerPath>fanart/original/76156-4.jpg</BannerPath>
  <BannerType>fanart</BannerType>
  <BannerType2>1280x720</BannerType2>
  <Colors>|108,125,179|66,37,55|128,126,129|</Colors>
  <Language>en</Language>
  <Rating>8.0000</Rating>
  <RatingCount>6</RatingCount>
  <SeriesName>false</SeriesName>
  <ThumbnailPath>_cache/fanart/original/76156-4.jpg</ThumbnailPath>
  <VignettePath>fanart/vignette/76156-4.jpg</VignettePath>
</Banner>
<Banner>
  <id>34187</id>
  <BannerPath>fanart/original/76156-17.jpg</BannerPath>
  <BannerType>fanart</BannerType>
  <BannerType2>1920x1080</BannerType2>
  <Colors>|225,226,220|186,21,1|130,162,175|</Colors>
  <Language>en</Language>
  <Rating>7.8889</Rating>
  <RatingCount>9</RatingCount>
  <SeriesName>false</SeriesName>
  <ThumbnailPath>_cache/fanart/original/76156-17.jpg</ThumbnailPath>
  <VignettePath>fanart/vignette/76156-17.jpg</VignettePath>
</Banner>
<Banner>
  <id>241401</id>
  <BannerPath>fanart/original/76156-28.jpg</BannerPath>
  <BannerType>fanart</BannerType>
  <BannerType2>1920x1080</BannerType2>
  <Colors>|214,214,214|64,67,74|150,151,153|</Colors>
  <Language>en</Language>
  <Rating>7.8571</Rating>
  <RatingCount>7</RatingCount>
  <SeriesName>false</SeriesName>
  <ThumbnailPath>_cache/fanart/original/76156-28.jpg</ThumbnailPath>
  <VignettePath>fanart/vignette/76156-28.jpg</VignettePath>
</Banner>
<Banner>
  <id>34255</id>
  <BannerPath>fanart/original/76156-19.jpg</BannerPath>
  <BannerType>fanart</BannerType>
  <BannerType2>1920x1080</BannerType2>
  <Colors>|246,246,246|2,1,7|147,161,196|</Colors>
  <Language>en</Language>
  <Rating>7.7500</Rating>
  <RatingCount>4</RatingCount>
  <SeriesName>false</SeriesName>
  <ThumbnailPath>_cache/fanart/original/76156-19.jpg</ThumbnailPath>
  <VignettePath>fanart/vignette/76156-19.jpg</VignettePath>
</Banner>
<Banner>
  <id>37834</id>
  <BannerPath>fanart/original/76156-21.jpg</BannerPath>
  <BannerType>fanart</BannerType>
  <BannerType2>1280x720</BannerType2>
  <Colors></Colors>
  <Language>en</Language>
  <Rating>7.6667</Rating>
  <RatingCount>3</RatingCount>
  <SeriesName>false</SeriesName>
  <ThumbnailPath>_cache/fanart/original/76156-21.jpg</ThumbnailPath>
  <VignettePath>fanart/vignette/76156-21.jpg</VignettePath>
</Banner>
<Banner>
  <id>90931</id>
  <BannerPath>fanart/original/76156-29.jpg</BannerPath>
  <BannerType>fanart</BannerType>
  <BannerType2>1920x1080</BannerType2>
  <Colors>|125,14,21|44,100,125|5,63,100|</Colors>
  <Language>en</Language>
  <Rating>7.5000</Rating>
  <RatingCount>2</RatingCount>
  <SeriesName>false</SeriesName>
  <ThumbnailPath>_cache/fanart/original/76156-29.jpg</ThumbnailPath>
  <VignettePath>fanart/vignette/76156-29.jpg</VignettePath>
</Banner>
<Banner>
  <id>24481</id>
  <BannerPath>fanart/original/76156-15.jpg</BannerPath>
  <BannerType>fanart</BannerType>
  <BannerType2>1280x720</BannerType2>
  <Colors></Colors>
  <Language>en</Language>
  <Rating>7.5000</Rating>
  <RatingCount>2</RatingCount>
  <SeriesName>false</SeriesName>
  <ThumbnailPath>_cache/fanart/original/76156-15.jpg</ThumbnailPath>
  <VignettePath>fanart/vignette/76156-15.jpg</VignettePath>
</Banner>
<Banner>
  <id>127181</id>
  <BannerPath>fanart/original/76156-26.jpg</BannerPath>
  <BannerType>fanart</BannerType>
  <BannerType2>1280x720</BannerType2>
  <Colors></Colors>
  <Language>en</Language>
  <Rating>7.5000</Rating>
  <RatingCount>2</RatingCount>
  <SeriesName>false</SeriesName>
  <ThumbnailPath>_cache/fanart/original/76156-26.jpg</ThumbnailPath>
  <VignettePath>fanart/vignette/76156-26.jpg</VignettePath>
</Banner>
<Banner>
  <id>23016</id>
  <BannerPath>fanart/original/76156-8.jpg</BannerPath>
  <BannerType>fanart</BannerType>
  <BannerType2>1920x1080</BannerType2>
  <Colors>|220,216,207|39,38,56|199,198,203|</Colors>
  <Language>en</Language>
  <Rating>7.3333</Rating>
  <RatingCount>6</RatingCount>
  <SeriesName>false</SeriesName>
  <ThumbnailPath>_cache/fanart/original/76156-8.jpg</ThumbnailPath>
  <VignettePath>fanart/vignette/76156-8.jpg</VignettePath>
</Banner>
<Banner>
  <id>375101</id>
  <BannerPath>fanart/original/76156-18.jpg</BannerPath>
  <BannerType>fanart</BannerType>
  <BannerType2>1280x720</BannerType2>
  <Colors></Colors>
  <Language>en</Language>
  <Rating>7.0000</Rating>
  <RatingCount>2</RatingCount>
  <SeriesName>false</SeriesName>
  <ThumbnailPath>_cache/fanart/original/76156-18.jpg</ThumbnailPath>
  <VignettePath>fanart/vignette/76156-18.jpg</VignettePath>
</Banner>
<Banner>
  <id>20311</id>
  <BannerPath>fanart/original/76156-3.jpg</BannerPath>
  <BannerType>fanart</BannerType>
  <BannerType2>1280x720</BannerType2>
  <Colors>|242,243,237|122,120,108|212,213,207|</Colors>
  <Language>en</Language>
  <Rating>7.0000</Rating>
  <RatingCount>3</RatingCount>
  <SeriesName>false</SeriesName>
  <ThumbnailPath>_cache/fanart/original/76156-3.jpg</ThumbnailPath>
  <VignettePath>fanart/vignette/76156-3.jpg</VignettePath>
</Banner>
<Banner>
  <id>347071</id>
  <BannerPath>fanart/original/76156-27.jpg</BannerPath>
  <BannerType>fanart</BannerType>
  <BannerType2>1280x720</BannerType2>
  <Colors></Colors>
  <Language>en</Language>
  <Rating>7.0000</Rating>
  <RatingCount>4</RatingCount>
  <SeriesName>true</SeriesName>
  <ThumbnailPath>_cache/fanart/original/76156-27.jpg</ThumbnailPath>
  <VignettePath>fanart/vignette/76156-27.jpg</VignettePath>
</Banner>
<Banner>
  <id>37837</id>
  <BannerPath>fanart/original/76156-24.jpg</BannerPath>
  <BannerType>fanart</BannerType>
  <BannerType2>1280x720</BannerType2>
  <Colors>|13,13,25|243,212,192|85,90,93|</Colors>
  <Language>en</Language>
  <Rating>7.0000</Rating>
  <RatingCount>3</RatingCount>
  <SeriesName>false</SeriesName>
  <ThumbnailPath>_cache/fanart/original/76156-24.jpg</ThumbnailPath>
  <VignettePath>fanart/vignette/76156-24.jpg</VignettePath>
</Banner>
<Banner>
  <id>34258</id>
  <BannerPath>fanart/original/76156-20.jpg</BannerPath>
  <BannerType>fanart</BannerType>
  <BannerType2>1920x1080</BannerType2>
  <Colors>|250,250,250|27,45,59|153,167,193|</Colors>
  <Language>en</Language>
  <Rating>6.8333</Rating>
  <RatingCount>6</RatingCount>
  <SeriesName>false</SeriesName>
  <ThumbnailPath>_cache/fanart/original/76156-20.jpg</ThumbnailPath>
  <VignettePath>fanart/vignette/76156-20.jpg</VignettePath>
</Banner>
<Banner>
  <id>25073</id>
  <BannerPath>fanart/original/76156-13.jpg</BannerPath>
  <BannerType>fanart</BannerType>
  <BannerType2>1920x1080</BannerType2>
  <Colors>|225,200,170|22,16,16|150,146,121|</Colors>
  <Language>en</Language>
  <Rating>6.8000</Rating>
  <RatingCount>5</RatingCount>
  <SeriesName>false</SeriesName>
  <ThumbnailPath>_cache/fanart/original/76156-13.jpg</ThumbnailPath>
  <VignettePath>fanart/vignette/76156-13.jpg</VignettePath>
</Banner>
<Banner>
  <id>20386</id>
  <BannerPath>fanart/original/76156-6.jpg</BannerPath>
  <BannerType>fanart</BannerType>
  <BannerType2>1920x1080</BannerType2>
  <Colors>|171,168,163|36,41,47|142,124,78|</Colors>
  <Language>en</Language>
  <Rating>6.7500</Rating>
  <RatingCount>4</RatingCount>
  <SeriesName>false</SeriesName>
  <ThumbnailPath>_cache/fanart/original/76156-6.jpg</ThumbnailPath>
  <VignettePath>fanart/vignette/76156-6.jpg</VignettePath>
</Banner>
<Banner>
  <id>21284</id>
  <BannerPath>fanart/original/76156-7.jpg</BannerPath>
  <BannerType>fanart</BannerType>
  <BannerType2>1920x1080</BannerType2>
  <Colors>|70,141,169|24,34,43|172,120,83|</Colors>
  <Language>en</Language>
  <Rating>6.6667</Rating>
  <RatingCount>3</RatingCount>
  <SeriesName>false</SeriesName>
  <ThumbnailPath>_cache/fanart/original/76156-7.jpg</ThumbnailPath>
  <VignettePath>fanart/vignette/76156-7.jpg</VignettePath>
</Banner>
<Banner>
  <id>23584</id>
  <BannerPath>fanart/original/76156-10.jpg</BannerPath>
  <BannerType>fanart</BannerType>
  <BannerType2>1920x1080</BannerType2>
  <Colors>|245,245,245|42,47,53|175,178,183|</Colors>
  <Language>en</Language>
  <Rating>6.6000</Rating>
  <RatingCount>5</RatingCount>
  <SeriesName>false</SeriesName>
  <ThumbnailPath>_cache/fanart/original/76156-10.jpg</ThumbnailPath>
  <VignettePath>fanart/vignette/76156-10.jpg</VignettePath>
</Banner>
<Banner>
  <id>23583</id>
  <BannerPath>fanart/original/76156-9.jpg</BannerPath>
  <BannerType>fanart</BannerType>
  <BannerType2>1920x1080</BannerType2>
  <Colors>|143,182,249|50,55,74|65,157,156|</Colors>
  <Language>en</Language>
  <Rating>6.2000</Rating>
  <RatingCount>5</RatingCount>
  <SeriesName>false</SeriesName>
  <ThumbnailPath>_cache/fanart/original/76156-9.jpg</ThumbnailPath>
  <VignettePath>fanart/vignette/76156-9.jpg</VignettePath>
</Banner>
<Banner>
  <id>28765</id>
  <BannerPath>fanart/original/76156-16.jpg</BannerPath>
  <BannerType>fanart</BannerType>
  <BannerType2>1280x720</BannerType2>
  <Colors>|255,253,232|59,90,84|126,159,152|</Colors>
  <Language>en</Language>
  <Rating>6.2000</Rating>
  <RatingCount>5</RatingCount>
  <SeriesName>false</SeriesName>
  <ThumbnailPath>_cache/fanart/original/76156-16.jpg</ThumbnailPath>
  <VignettePath>fanart/vignette/76156-16.jpg</VignettePath>
</Banner>
<Banner>
  <id>118011</id>
  <BannerPath>fanart/original/76156-40.jpg</BannerPath>
  <BannerType>fanart</BannerType>
  <BannerType2>1920x1080</BannerType2>
  <Colors>|245,245,247|1,0,0|113,113,113|</Colors>
  <Language>en</Language>
  <Rating>6.0000</Rating>
  <RatingCount>2</RatingCount>
  <SeriesName>false</SeriesName>
  <ThumbnailPath>_cache/fanart/original/76156-40.jpg</ThumbnailPath>
  <VignettePath>fanart/vignette/76156-40.jpg</VignettePath>
</Banner>
<Banner>
  <id>117961</id>
  <BannerPath>fanart/original/76156-35.jpg</BannerPath>
  <BannerType>fanart</BannerType>
  <BannerType2>1920x1080</BannerType2>
  <Colors>|254,254,252|39,24,27|183,188,184|</Colors>
  <Language>en</Language>
  <Rating>6.0000</Rating>
  <RatingCount>2</RatingCount>
  <SeriesName>false</SeriesName>
  <ThumbnailPath>_cache/fanart/original/76156-35.jpg</ThumbnailPath>
  <VignettePath>fanart/vignette/76156-35.jpg</VignettePath>
</Banner>
<Banner>
  <id>118021</id>
  <BannerPath>fanart/original/76156-41.jpg</BannerPath>
  <BannerType>fanart</BannerType>
  <BannerType2>1920x1080</BannerType2>
  <Colors>|248,237,209|187,190,99|238,234,187|</Colors>
  <Language>en</Language>
  <Rating>6.0000</Rating>
  <RatingCount>2</RatingCount>
  <SeriesName>false</SeriesName>
  <ThumbnailPath>_cache/fanart/original/76156-41.jpg</ThumbnailPath>
  <VignettePath>fanart/vignette/76156-41.jpg</VignettePath>
</Banner>
<Banner>
  <id>91461</id>
  <BannerPath>fanart/original/76156-30.jpg</BannerPath>
  <BannerType>fanart</BannerType>
  <BannerType2>1920x1080</BannerType2>
  <Colors></Colors>
  <Language>en</Language>
  <Rating>6.0000</Rating>
  <RatingCount>4</RatingCount>
  <SeriesName>true</SeriesName>
  <ThumbnailPath>_cache/fanart/original/76156-30.jpg</ThumbnailPath>
  <VignettePath>fanart/vignette/76156-30.jpg</VignettePath>
</Banner>
<Banner>
  <id>117971</id>
  <BannerPath>fanart/original/76156-36.jpg</BannerPath>
  <BannerType>fanart</BannerType>
  <BannerType2>1920x1080</BannerType2>
  <Colors>|251,251,253|13,12,18|122,150,189|</Colors>
  <Language>en</Language>
  <Rating>6.0000</Rating>
  <RatingCount>2</RatingCount>
  <SeriesName>false</SeriesName>
  <ThumbnailPath>_cache/fanart/original/76156-36.jpg</ThumbnailPath>
  <VignettePath>fanart/vignette/76156-36.jpg</VignettePath>
</Banner>
<Banner>
  <id>20179</id>
  <BannerPath>fanart/original/76156-1.jpg</BannerPath>
  <BannerType>fanart</BannerType>
  <BannerType2>1920x1080</BannerType2>
  <Colors>|249,247,248|62,71,100|201,184,174|</Colors>
  <Language>en</Language>
  <Rating>5.6667</Rating>
  <RatingCount>3</RatingCount>
  <SeriesName>false</SeriesName>
  <ThumbnailPath>_cache/fanart/original/76156-1.jpg</ThumbnailPath>
  <VignettePath>fanart/vignette/76156-1.jpg</VignettePath>
</Banner>
<Banner>
  <id>118001</id>
  <BannerPath>fanart/original/76156-39.jpg</BannerPath>
  <BannerType>fanart</BannerType>
  <BannerType2>1920x1080</BannerType2>
  <Colors>|255,255,255|0,0,2|71,101,111|</Colors>
  <Language>en</Language>
  <Rating>5.5000</Rating>
  <RatingCount>2</RatingCount>
  <SeriesName>false</SeriesName>
  <ThumbnailPath>_cache/fanart/original/76156-39.jpg</ThumbnailPath>
  <VignettePath>fanart/vignette/76156-39.jpg</VignettePath>
</Banner>
<Banner>
  <id>24480</id>
  <BannerPath>fanart/original/76156-14.jpg</BannerPath>
  <BannerType>fanart</BannerType>
  <BannerType2>1280x720</BannerType2>
  <Colors></Colors>
  <Language>en</Language>
  <Rating>5.3333</Rating>
  <RatingCount>3</RatingCount>
  <SeriesName>false</SeriesName>
  <ThumbnailPath>_cache/fanart/original/76156-14.jpg</ThumbnailPath>
  <VignettePath>fanart/vignette/76156-14.jpg</VignettePath>
</Banner>
<Banner>
  <id>117991</id>
  <BannerPath>fanart/original/76156-38.jpg</BannerPath>
  <BannerType>fanart</BannerType>
  <BannerType2>1920x1080</BannerType2>
  <Colors>|248,243,239|46,20,7|241,120,91|</Colors>
  <Language>en</Language>
  <Rating>5.0000</Rating>
  <RatingCount>1</RatingCount>
  <SeriesName>false</SeriesName>
  <ThumbnailPath>_cache/fanart/original/76156-38.jpg</ThumbnailPath>
  <VignettePath>fanart/vignette/76156-38.jpg</VignettePath>
</Banner>
<Banner>
  <id>117981</id>
  <BannerPath>fanart/original/76156-37.jpg</BannerPath>
  <BannerType>fanart</BannerType>
  <BannerType2>1920x1080</BannerType2>
  <Colors>|189,193,192|30,65,35|92,116,128|</Colors>
  <Language>en</Language>
  <Rating>5.0000</Rating>
  <RatingCount>1</RatingCount>
  <SeriesName>false</SeriesName>
  <ThumbnailPath>_cache/fanart/original/76156-37.jpg</ThumbnailPath>
  <VignettePath>fanart/vignette/76156-37.jpg</VignettePath>
</Banner>
<Banner>
  <id>23586</id>
  <BannerPath>fanart/original/76156-12.jpg</BannerPath>
  <BannerType>fanart</BannerType>
  <BannerType2>1920x1080</BannerType2>
  <Colors>|232,226,228|45,50,56|159,158,154|</Colors>
  <Language>en</Language>
  <Rating>4.0000</Rating>
  <RatingCount>2</RatingCount>
  <SeriesName>false</SeriesName>
  <ThumbnailPath>_cache/fanart/original/76156-12.jpg</ThumbnailPath>
  <VignettePath>fanart/vignette/76156-12.jpg</VignettePath>
</Banner>
<Banner>
  <id>479811</id>
  <BannerPath>fanart/original/76156-44.jpg</BannerPath>
  <BannerType>fanart</BannerType>
  <BannerType2>1920x1080</BannerType2>
  <Colors></Colors>
  <Language>fr</Language>
  <Rating></Rating>
  <RatingCount>0</RatingCount>
  <SeriesName>false</SeriesName>
  <ThumbnailPath>_cache/fanart/original/76156-44.jpg</ThumbnailPath>
  <VignettePath>fanart/vignette/76156-44.jpg</VignettePath>
</Banner>
<Banner>
  <id>479771</id>
  <BannerPath>fanart/original/76156-42.jpg</BannerPath>
  <BannerType>fanart</BannerType>
  <BannerType2>1920x1080</BannerType2>
  <Colors></Colors>
  <Language>fr</Language>
  <Rating></Rating>
  <RatingCount>0</RatingCount>
  <SeriesName>false</SeriesName>
  <ThumbnailPath>_cache/fanart/original/76156-42.jpg</ThumbnailPath>
  <VignettePath>fanart/vignette/76156-42.jpg</VignettePath>
</Banner>
<Banner>
  <id>918679</id>
  <BannerPath>fanart/original/76156-45.jpg</BannerPath>
  <BannerType>fanart</BannerType>
  <BannerType2>1920x1080</BannerType2>
  <Colors></Colors>
  <Language>fr</Language>
  <Rating></Rating>
  <RatingCount>0</RatingCount>
  <SeriesName>false</SeriesName>
  <ThumbnailPath>_cache/fanart/original/76156-45.jpg</ThumbnailPath>
  <VignettePath>fanart/vignette/76156-45.jpg</VignettePath>
</Banner>
<Banner>
  <id>479761</id>
  <BannerPath>fanart/original/76156-34.jpg</BannerPath>
  <BannerType>fanart</BannerType>
  <BannerType2>1920x1080</BannerType2>
  <Colors></Colors>
  <Language>fr</Language>
  <Rating></Rating>
  <RatingCount>0</RatingCount>
  <SeriesName>false</SeriesName>
  <ThumbnailPath>_cache/fanart/original/76156-34.jpg</ThumbnailPath>
  <VignettePath>fanart/vignette/76156-34.jpg</VignettePath>
</Banner>
<Banner>
  <id>479801</id>
  <BannerPath>posters/76156-6.jpg</BannerPath>
  <BannerType>poster</BannerType>
  <BannerType2>680x1000</BannerType2>
  <Language>en</Language>
  <Rating>7.8000</Rating>
  <RatingCount>5</RatingCount>
</Banner>
<Banner>
  <id>25663</id>
  <BannerPath>posters/76156-1.jpg</BannerPath>
  <BannerType>poster</BannerType>
  <BannerType2>680x1000</BannerType2>
  <Language>en</Language>
  <Rating>7.7500</Rating>
  <RatingCount>8</RatingCount>
</Banner>
<Banner>
  <id>35309</id>
  <BannerPath>posters/76156-3.jpg</BannerPath>
  <BannerType>poster</BannerType>
  <BannerType2>680x1000</BannerType2>
  <Language>en</Language>
  <Rating>7.2500</Rating>
  <RatingCount>12</RatingCount>
</Banner>
<Banner>
  <id>296401</id>
  <BannerPath>posters/76156-5.jpg</BannerPath>
  <BannerType>poster</BannerType>
  <BannerType2>680x1000</BannerType2>
  <Language>en</Language>
  <Rating>6.5000</Rating>
  <RatingCount>6</RatingCount>
</Banner>
<Banner>
  <id>759181</id>
  <BannerPath>posters/76156-7.jpg</BannerPath>
  <BannerType>poster</BannerType>
  <BannerType2>680x1000</BannerType2>
  <Language>en</Language>
  <Rating>6.3333</Rating>
  <RatingCount>3</RatingCount>
</Banner>
<Banner>
  <id>127131</id>
  <BannerPath>posters/76156-4.jpg</BannerPath>
  <BannerType>poster</BannerType>
  <BannerType2>680x1000</BannerType2>
  <Language>en</Language>
  <Rating>6.0000</Rating>
  <RatingCount>1</RatingCount>
</Banner>
<Banner>
  <id>35308</id>
  <BannerPath>posters/76156-2.jpg</BannerPath>
  <BannerType>poster</BannerType>
  <BannerType2>680x1000</BannerType2>
  <Language>en</Language>
  <Rating>5.6667</Rating>
  <RatingCount>3</RatingCount>
</Banner>
<Banner>
  <id>759201</id>
  <BannerPath>posters/76156-9.jpg</BannerPath>
  <BannerType>poster</BannerType>
  <BannerType2>680x1000</BannerType2>
  <Language>en</Language>
  <Rating>4.5000</Rating>
  <RatingCount>2</RatingCount>
</Banner>
<Banner>
  <id>912918</id>
  <BannerPath>posters/76156-11.jpg</BannerPath>
  <BannerType>poster</BannerType>
  <BannerType2>680x1000</BannerType2>
  <Language>en</Language>
  <Rating>3.5000</Rating>
  <RatingCount>2</RatingCount>
</Banner>
<Banner>
  <id>803321</id>
  <BannerPath>posters/76156-8.jpg</BannerPath>
  <BannerType>poster</BannerType>
  <BannerType2>680x1000</BannerType2>
  <Language>en</Language>
  <Rating>1.0000</Rating>
  <RatingCount>1</RatingCount>
</Banner>
<Banner>
  <id>803331</id>
  <BannerPath>posters/76156-10.jpg</BannerPath>
  <BannerType>poster</BannerType>
  <BannerType2>680x1000</BannerType2>
  <Language>en</Language>
  <Rating>1.0000</Rating>
  <RatingCount>1</RatingCount>
</Banner>
<Banner>
  <id>948523</id>
  <BannerPath>posters/76156-12.jpg</BannerPath>
  <BannerType>poster</BannerType>
  <BannerType2>680x1000</BannerType2>
  <Language>en</Language>
  <Rating></Rating>
  <RatingCount>0</RatingCount>
</Banner>
<Banner>
  <id>550111</id>
  <BannerPath>seasons/76156-8-4.jpg</BannerPath>
  <BannerType>season</BannerType>
  <BannerType2>season</BannerType2>
  <Language>en</Language>
  <Rating>10.0000</Rating>
  <RatingCount>1</RatingCount>
  <Season>8</Season>
</Banner>
<Banner>
  <id>947373</id>
  <BannerPath>seasons/76156-8-3.jpg</BannerPath>
  <BannerType>season</BannerType>
  <BannerType2>season</BannerType2>
  <Language>de</Language>
  <Rating>9.0000</Rating>
  <RatingCount>1</RatingCount>
  <Season>8</Season>
</Banner>
<Banner>
  <id>98841</id>
  <BannerPath>seasons/76156-8-2.jpg</BannerPath>
  <BannerType>season</BannerType>
  <BannerType2>season</BannerType2>
  <Language>en</Language>
  <Rating>9.0000</Rating>
  <RatingCount>4</RatingCount>
  <Season>8</Season>
</Banner>
<Banner>
  <id>651281</id>
  <BannerPath>seasons/76156-9-3.jpg</BannerPath>
  <BannerType>season</BannerType>
  <BannerType2>season</BannerType2>
  <Language>en</Language>
  <Rating>9.0000</Rating>
  <RatingCount>4</RatingCount>
  <Season>9</Season>
</Banner>
<Banner>
  <id>353131</id>
  <BannerPath>seasons/76156-9-2.jpg</BannerPath>
  <BannerType>season</BannerType>
  <BannerType2>season</BannerType2>
  <Language>en</Language>
  <Rating>8.6667</Rating>
  <RatingCount>6</RatingCount>
  <Season>9</Season>
</Banner>
<Banner>
  <id>16944</id>
  <BannerPath>seasons/76156-6-4.jpg</BannerPath>
  <BannerType>season</BannerType>
  <BannerType2>season</BannerType2>
  <Language>en</Language>
  <Rating>8.6000</Rating>
  <RatingCount>5</RatingCount>
  <Season>6</Season>
</Banner>
<Banner>
  <id>13846</id>
  <BannerPath>seasons/76156-4-2.jpg</BannerPath>
  <BannerType>season</BannerType>
  <BannerType2>season</BannerType2>
  <Language>en</Language>
  <Rating>8.3333</Rating>
  <RatingCount>6</RatingCount>
  <Season>4</Season>
</Banner>
<Banner>
  <id>27155</id>
  <BannerPath>seasons/76156-7-3.jpg</BannerPath>
  <BannerType>season</BannerType>
  <BannerType2>season</BannerType2>
  <Language>en</Language>
  <Rating>8.1667</Rating>
  <RatingCount>6</RatingCount>
  <Season>7</Season>
</Banner>
<Banner>
  <id>13842</id>
  <BannerPath>seasons/76156-3-2.jpg</BannerPath>
  <BannerType>season</BannerType>
  <BannerType2>season</BannerType2>
  <Language>en</Language>
  <Rating>8.1667</Rating>
  <RatingCount>6</RatingCount>
  <Season>3</Season>
</Banner>
<Banner>
  <id>13845</id>
  <BannerPath>seasons/76156-5-2.jpg</BannerPath>
  <BannerType>season</BannerType>
  <BannerType2>season</BannerType2>
  <Language>en</Language>
  <Rating>8.0000</Rating>
  <RatingCount>5</RatingCount>
  <Season>5</Season>
</Banner>
<Banner>
  <id>43058</id>
  <BannerPath>seasons/76156-0.jpg</BannerPath>
  <BannerType>season</BannerType>
  <BannerType2>season</BannerType2>
  <Language>en</Language>
  <Rating>8.0000</Rating>
  <RatingCount>1</RatingCount>
  <Season>0</Season>
</Banner>
<Banner>
  <id>13847</id>
  <BannerPath>seasons/76156-2-2.jpg</BannerPath>
  <BannerType>season</BannerType>
  <BannerType2>season</BannerType2>
  <Language>en</Language>
  <Rating>7.7500</Rating>
  <RatingCount>4</RatingCount>
  <Season>2</Season>
</Banner>
<Banner>
  <id>30972</id>
  <BannerPath>seasons/76156-1-5.jpg</BannerPath>
  <BannerType>season</BannerType>
  <BannerType2>season</BannerType2>
  <Language>en</Language>
  <Rating>7.6000</Rating>
  <RatingCount>5</RatingCount>
  <Season>1</Season>
</Banner>
<Banner>
  <id>16837</id>
  <BannerPath>seasons/76156-7.jpg</BannerPath>
  <BannerType>season</BannerType>
  <BannerType2>season</BannerType2>
  <Language>en</Language>
  <Rating>7.3333</Rating>
  <RatingCount>6</RatingCount>
  <Season>7</Season>
</Banner>
<Banner>
  <id>6510</id>
  <BannerPath>seasons/3613-5.jpg</BannerPath>
  <BannerType>season</BannerType>
  <BannerType2>season</BannerType2>
  <Language>en</Language>
  <Rating>7.2500</Rating>
  <RatingCount>4</RatingCount>
  <Season>5</Season>
</Banner>
<Banner>
  <id>6508</id>
  <BannerPath>seasons/3613-3.jpg</BannerPath>
  <BannerType>season</BannerType>
  <BannerType2>season</BannerType2>
  <Language>en</Language>
  <Rating>7.2000</Rating>
  <RatingCount>5</RatingCount>
  <Season>3</Season>
</Banner>
<Banner>
  <id>6509</id>
  <BannerPath>seasons/3613-4.jpg</BannerPath>
  <BannerType>season</BannerType>
  <BannerType2>season</BannerType2>
  <Language>en</Language>
  <Rating>7.2000</Rating>
  <RatingCount>5</RatingCount>
  <Season>4</Season>
</Banner>
<Banner>
  <id>27265</id>
  <BannerPath>seasons/76156-1-3.jpg</BannerPath>
  <BannerType>season</BannerType>
  <BannerType2>season</BannerType2>
  <Language>de</Language>
  <Rating>7.0000</Rating>
  <RatingCount>4</RatingCount>
  <Season>1</Season>
</Banner>
<Banner>
  <id>16318</id>
  <BannerPath>seasons/76156-6-3.jpg</BannerPath>
  <BannerType>season</BannerType>
  <BannerType2>season</BannerType2>
  <Language>en</Language>
  <Rating>7.0000</Rating>
  <RatingCount>4</RatingCount>
  <Season>6</Season>
</Banner>
<Banner>
  <id>27267</id>
  <BannerPath>seasons/76156-3-4.jpg</BannerPath>
  <BannerType>season</BannerType>
  <BannerType2>season</BannerType2>
  <Language>de</Language>
  <Rating>7.0000</Rating>
  <RatingCount>4</RatingCount>
  <Season>3</Season>
</Banner>
<Banner>
  <id>27268</id>
  <BannerPath>seasons/76156-4-4.jpg</BannerPath>
  <BannerType>season</BannerType>
  <BannerType2>season</BannerType2>
  <Language>de</Language>
  <Rating>7.0000</Rating>
  <RatingCount>4</RatingCount>
  <Season>4</Season>
</Banner>
<Banner>
  <id>6507</id>
  <BannerPath>seasons/3613-2.jpg</BannerPath>
  <BannerType>season</BannerType>
  <BannerType2>season</BannerType2>
  <Language>en</Language>
  <Rating>7.0000</Rating>
  <RatingCount>4</RatingCount>
  <Season>2</Season>
</Banner>
<Banner>
  <id>27266</id>
  <BannerPath>seasons/76156-2-4.jpg</BannerPath>
  <BannerType>season</BannerType>
  <BannerType2>season</BannerType2>
  <Language>de</Language>
  <Rating>7.0000</Rating>
  <RatingCount>4</RatingCount>
  <Season>2</Season>
</Banner>
<Banner>
  <id>6506</id>
  <BannerPath>seasons/3613-1.jpg</BannerPath>
  <BannerType>season</BannerType>
  <BannerType2>season</BannerType2>
  <Language>en</Language>
  <Rating>7.0000</Rating>
  <RatingCount>4</RatingCount>
  <Season>1</Season>
</Banner>
<Banner>
  <id>41483</id>
  <BannerPath>seasons/76156-2-5.jpg</BannerPath>
  <BannerType>season</BannerType>
  <BannerType2>season</BannerType2>
  <Language>en</Language>
  <Rating>6.6667</Rating>
  <RatingCount>3</RatingCount>
  <Season>2</Season>
</Banner>
<Banner>
  <id>41481</id>
  <BannerPath>seasons/76156-1-6.jpg</BannerPath>
  <BannerType>season</BannerType>
  <BannerType2>season</BannerType2>
  <Language>en</Language>
  <Rating>6.0000</Rating>
  <RatingCount>1</RatingCount>
  <Season>1</Season>
</Banner>
<Banner>
  <id>27269</id>
  <BannerPath>seasons/76156-5-4.jpg</BannerPath>
  <BannerType>season</BannerType>
  <BannerType2>season</BannerType2>
  <Language>de</Language>
  <Rating>5.8000</Rating>
  <RatingCount>5</RatingCount>
  <Season>5</Season>
</Banner>
<Banner>
  <id>27270</id>
  <BannerPath>seasons/76156-6-5.jpg</BannerPath>
  <BannerType>season</BannerType>
  <BannerType2>season</BannerType2>
  <Language>de</Language>
  <Rating>5.8000</Rating>
  <RatingCount>5</RatingCount>
  <Season>6</Season>
</Banner>
<Banner>
  <id>42700</id>
  <BannerPath>seasons/76156-7-5.jpg</BannerPath>
  <BannerType>season</BannerType>
  <BannerType2>season</BannerType2>
  <Language>de</Language>
  <Rating>5.5000</Rating>
  <RatingCount>4</RatingCount>
  <Season>7</Season>
</Banner>
<Banner>
  <id>787641</id>
  <BannerPath>seasons/76156-3-3.jpg</BannerPath>
  <BannerType>season</BannerType>
  <BannerType2>season</BannerType2>
  <Language>de</Language>
  <Rating>5.0000</Rating>
  <RatingCount>2</RatingCount>
  <Season>3</Season>
</Banner>
<Banner>
  <id>60691</id>
  <BannerPath>seasons/76156-7-6.jpg</BannerPath>
  <BannerType>season</BannerType>
  <BannerType2>season</BannerType2>
  <Language>de</Language>
  <Rating>4.6000</Rating>
  <RatingCount>5</RatingCount>
  <Season>7</Season>
</Banner>
<Banner>
  <id>9544</id>
  <BannerPath>seasons/76156-6.jpg</BannerPath>
  <BannerType>season</BannerType>
  <BannerType2>season</BannerType2>
  <Language>en</Language>
  <Rating></Rating>
  <RatingCount>0</RatingCount>
  <Season>6</Season>
</Banner>
<Banner>
  <id>914384</id>
  <BannerPath>seasons/76156-8.jpg</BannerPath>
  <BannerType>season</BannerType>
  <BannerType2>season</BannerType2>
  <Language>de</Language>
  <Rating></Rating>
  <RatingCount>0</RatingCount>
  <Season>8</Season>
</Banner>
<Banner>
  <id>914383</id>
  <BannerPath>seasons/76156-7-4.jpg</BannerPath>
  <BannerType>season</BannerType>
  <BannerType2>season</BannerType2>
  <Language>de</Language>
  <Rating></Rating>
  <RatingCount>0</RatingCount>
  <Season>7</Season>
</Banner>
<Banner>
  <id>914385</id>
  <BannerPath>seasons/76156-7-7.jpg</BannerPath>
  <BannerType>season</BannerType>
  <BannerType2>season</BannerType2>
  <Language>de</Language>
  <Rating></Rating>
  <RatingCount>0</RatingCount>
  <Season>7</Season>
</Banner>
<Banner>
  <id>914382</id>
  <BannerPath>seasons/76156-7-2.jpg</BannerPath>
  <BannerType>season</BannerType>
  <BannerType2>season</BannerType2>
  <Language>de</Language>
  <Rating></Rating>
  <RatingCount>0</RatingCount>
  <Season>7</Season>
</Banner>
<Banner>
  <id>19948</id>
  <BannerPath>seasons/76156-2-3.jpg</BannerPath>
  <BannerType>season</BannerType>
  <BannerType2>season</BannerType2>
  <Language>fr</Language>
  <Rating></Rating>
  <RatingCount>0</RatingCount>
  <Season>2</Season>
</Banner>
<Banner>
  <id>19947</id>
  <BannerPath>seasons/76156-1-2.jpg</BannerPath>
  <BannerType>season</BannerType>
  <BannerType2>season</BannerType2>
  <Language>fr</Language>
  <Rating></Rating>
  <RatingCount>0</RatingCount>
  <Season>1</Season>
</Banner>
<Banner>
  <id>11420</id>
  <BannerPath>seasons/76156-4.jpg</BannerPath>
  <BannerType>season</BannerType>
  <BannerType2>season</BannerType2>
  <Language>en</Language>
  <Rating></Rating>
  <RatingCount>0</RatingCount>
  <Season>4</Season>
</Banner>
<Banner>
  <id>914381</id>
  <BannerPath>seasons/76156-6-8.jpg</BannerPath>
  <BannerType>season</BannerType>
  <BannerType2>season</BannerType2>
  <Language>de</Language>
  <Rating></Rating>
  <RatingCount>0</RatingCount>
  <Season>6</Season>
</Banner>
<Banner>
  <id>914380</id>
  <BannerPath>seasons/76156-5-5.jpg</BannerPath>
  <BannerType>season</BannerType>
  <BannerType2>season</BannerType2>
  <Language>de</Language>
  <Rating></Rating>
  <RatingCount>0</RatingCount>
  <Season>5</Season>
</Banner>
<Banner>
  <id>914386</id>
  <BannerPath>seasons/76156-9.jpg</BannerPath>
  <BannerType>season</BannerType>
  <BannerType2>season</BannerType2>
  <Language>de</Language>
  <Rating></Rating>
  <RatingCount>0</RatingCount>
  <Season>9</Season>
</Banner>
<Banner>
  <id>28319</id>
  <BannerPath>seasons/76156-1-4.jpg</BannerPath>
  <BannerType>season</BannerType>
  <BannerType2>season</BannerType2>
  <Language>de</Language>
  <Rating></Rating>
  <RatingCount>0</RatingCount>
  <Season>1</Season>
</Banner>
<Banner>
  <id>11419</id>
  <BannerPath>seasons/76156-3.jpg</BannerPath>
  <BannerType>season</BannerType>
  <BannerType2>season</BannerType2>
  <Language>en</Language>
  <Rating></Rating>
  <RatingCount>0</RatingCount>
  <Season>3</Season>
</Banner>
<Banner>
  <id>37290</id>
  <BannerPath>seasons/76156-6-6.jpg</BannerPath>
  <BannerType>season</BannerType>
  <BannerType2>season</BannerType2>
  <Language>fr</Language>
  <Rating></Rating>
  <RatingCount>0</RatingCount>
  <Season>6</Season>
</Banner>
<Banner>
  <id>11417</id>
  <BannerPath>seasons/76156-1.jpg</BannerPath>
  <BannerType>season</BannerType>
  <BannerType2>season</BannerType2>
  <Language>en</Language>
  <Rating></Rating>
  <RatingCount>0</RatingCount>
  <Season>1</Season>
</Banner>
<Banner>
  <id>11422</id>
  <BannerPath>seasons/76156-6-2.jpg</BannerPath>
  <BannerType>season</BannerType>
  <BannerType2>season</BannerType2>
  <Language>en</Language>
  <Rating></Rating>
  <RatingCount>0</RatingCount>
  <Season>6</Season>
</Banner>
<Banner>
  <id>914379</id>
  <BannerPath>seasons/76156-4-5.jpg</BannerPath>
  <BannerType>season</BannerType>
  <BannerType2>season</BannerType2>
  <Language>de</Language>
  <Rating></Rating>
  <RatingCount>0</RatingCount>
  <Season>4</Season>
</Banner>
<Banner>
  <id>11421</id>
  <BannerPath>seasons/76156-5.jpg</BannerPath>
  <BannerType>season</BannerType>
  <BannerType2>season</BannerType2>
  <Language>en</Language>
  <Rating></Rating>
  <RatingCount>0</RatingCount>
  <Season>5</Season>
</Banner>
<Banner>
  <id>914377</id>
  <BannerPath>seasons/76156-2-7.jpg</BannerPath>
  <BannerType>season</BannerType>
  <BannerType2>season</BannerType2>
  <Language>de</Language>
  <Rating></Rating>
  <RatingCount>0</RatingCount>
  <Season>2</Season>
</Banner>
<Banner>
  <id>19950</id>
  <BannerPath>seasons/76156-4-3.jpg</BannerPath>
  <BannerType>season</BannerType>
  <BannerType2>season</BannerType2>
  <Language>fr</Language>
  <Rating></Rating>
  <RatingCount>0</RatingCount>
  <Season>4</Season>
</Banner>
<Banner>
  <id>486411</id>
  <BannerPath>seasons/76156-2-6.jpg</BannerPath>
  <BannerType>season</BannerType>
  <BannerType2>season</BannerType2>
  <Language>es</Language>
  <Rating></Rating>
  <RatingCount>0</RatingCount>
  <Season>2</Season>
</Banner>
<Banner>
  <id>883543</id>
  <BannerPath>seasons/76156-6-7.jpg</BannerPath>
  <BannerType>season</BannerType>
  <BannerType2>season</BannerType2>
  <Language>en</Language>
  <Rating></Rating>
  <RatingCount>0</RatingCount>
  <Season>6</Season>
</Banner>
<Banner>
  <id>914375</id>
  <BannerPath>seasons/76156-1-7.jpg</BannerPath>
  <BannerType>season</BannerType>
  <BannerType2>season</BannerType2>
  <Language>de</Language>
  <Rating></Rating>
  <RatingCount>0</RatingCount>
  <Season>1</Season>
</Banner>
<Banner>
  <id>11418</id>
  <BannerPath>seasons/76156-2.jpg</BannerPath>
  <BannerType>season</BannerType>
  <BannerType2>season</BannerType2>
  <Language>en</Language>
  <Rating></Rating>
  <RatingCount>0</RatingCount>
  <Season>2</Season>
</Banner>
<Banner>
  <id>19951</id>
  <BannerPath>seasons/76156-5-3.jpg</BannerPath>
  <BannerType>season</BannerType>
  <BannerType2>season</BannerType2>
  <Language>fr</Language>
  <Rating></Rating>
  <RatingCount>0</RatingCount>
  <Season>5</Season>
</Banner>
<Banner>
  <id>914378</id>
  <BannerPath>seasons/76156-3-5.jpg</BannerPath>
  <BannerType>season</BannerType>
  <BannerType2>season</BannerType2>
  <Language>de</Language>
  <Rating></Rating>
  <RatingCount>0</RatingCount>
  <Season>3</Season>
</Banner>
<Banner>
  <id>12736</id>
  <BannerPath>seasonswide/76156-5-2.jpg</BannerPath>
  <BannerType>season</BannerType>
  <BannerType2>seasonwide</BannerType2>
  <Language>en</Language>
  <Rating></Rating>
  <RatingCount>0</RatingCount>
  <Season>5</Season>
</Banner>
<Banner>
  <id>12734</id>
  <BannerPath>seasonswide/76156-3-2.jpg</BannerPath>
  <BannerType>season</BannerType>
  <BannerType2>seasonwide</BannerType2>
  <Language>en</Language>
  <Rating></Rating>
  <RatingCount>0</RatingCount>
  <Season>3</Season>
</Banner>
<Banner>
  <id>12596</id>
  <BannerPath>seasonswide/76156-4.jpg</BannerPath>
  <BannerType>season</BannerType>
  <BannerType2>seasonwide</BannerType2>
  <Language>en</Language>
  <Rating></Rating>
  <RatingCount>0</RatingCount>
  <Season>4</Season>
</Banner>
<Banner>
  <id>12598</id>
  <BannerPath>seasonswide/76156-6.jpg</BannerPath>
  <BannerType>season</BannerType>
  <BannerType2>seasonwide</BannerType2>
  <Language>en</Language>
  <Rating></Rating>
  <RatingCount>0</RatingCount>
  <Season>6</Season>
</Banner>
<Banner>
  <id>12593</id>
  <BannerPath>seasonswide/76156-1.jpg</BannerPath>
  <BannerType>season</BannerType>
  <BannerType2>seasonwide</BannerType2>
  <Language>en</Language>
  <Rating></Rating>
  <RatingCount>0</RatingCount>
  <Season>1</Season>
</Banner>
<Banner>
  <id>12597</id>
  <BannerPath>seasonswide/76156-5.jpg</BannerPath>
  <BannerType>season</BannerType>
  <BannerType2>seasonwide</BannerType2>
  <Language>en</Language>
  <Rating></Rating>
  <RatingCount>0</RatingCount>
  <Season>5</Season>
</Banner>
<Banner>
  <id>12594</id>
  <BannerPath>seasonswide/76156-2.jpg</BannerPath>
  <BannerType>season</BannerType>
  <BannerType2>seasonwide</BannerType2>
  <Language>en</Language>
  <Rating></Rating>
  <RatingCount>0</RatingCount>
  <Season>2</Season>
</Banner>
<Banner>
  <id>12735</id>
  <BannerPath>seasonswide/76156-4-2.jpg</BannerPath>
  <BannerType>season</BannerType>
  <BannerType2>seasonwide</BannerType2>
  <Language>en</Language>
  <Rating></Rating>
  <RatingCount>0</RatingCount>
  <Season>4</Season>
</Banner>
<Banner>
  <id>12733</id>
  <BannerPath>seasonswide/76156-2-2.jpg</BannerPath>
  <BannerType>season</BannerType>
  <BannerType2>seasonwide</BannerType2>
  <Language>en</Language>
  <Rating></Rating>
  <RatingCount>0</RatingCount>
  <Season>2</Season>
</Banner>
<Banner>
  <id>12737</id>
  <BannerPath>seasonswide/76156-6-2.jpg</BannerPath>
  <BannerType>season</BannerType>
  <BannerType2>seasonwide</BannerType2>
  <Language>en</Language>
  <Rating></Rating>
  <RatingCount>0</RatingCount>
  <Season>6</Season>
</Banner>
<Banner>
  <id>12732</id>
  <BannerPath>seasonswide/76156-1-2.jpg</BannerPath>
  <BannerType>season</BannerType>
  <BannerType2>seasonwide</BannerType2>
  <Language>en</Language>
  <Rating></Rating>
  <RatingCount>0</RatingCount>
  <Season>1</Season>
</Banner>
<Banner>
  <id>12595</id>
  <BannerPath>seasonswide/76156-3.jpg</BannerPath>
  <BannerType>season</BannerType>
  <BannerType2>seasonwide</BannerType2>
  <Language>en</Language>
  <Rating></Rating>
  <RatingCount>0</RatingCount>
  <Season>3</Season>
</Banner>
<Banner>
  <id>244801</id>
  <BannerPath>graphical/76156-g9.jpg</BannerPath>
  <BannerType>series</BannerType>
  <BannerType2>graphical</BannerType2>
  <Language>en</Language>
  <Rating>8.5556</Rating>
  <RatingCount>9</RatingCount>
</Banner>
<Banner>
  <id>556081</id>
  <BannerPath>graphical/76156-g10.jpg</BannerPath>
  <BannerType>series</BannerType>
  <BannerType2>graphical</BannerType2>
  <Language>en</Language>
  <Rating>8.3333</Rating>
  <RatingCount>3</RatingCount>
</Banner>
<Banner>
  <id>17488</id>
  <BannerPath>graphical/76156-g5.jpg</BannerPath>
  <BannerType>series</BannerType>
  <BannerType2>graphical</BannerType2>
  <Language>en</Language>
  <Rating>5.6667</Rating>
  <RatingCount>3</RatingCount>
</Banner>
<Banner>
  <id>17657</id>
  <BannerPath>graphical/76156-g6.jpg</BannerPath>
  <BannerType>series</BannerType>
  <BannerType2>graphical</BannerType2>
  <Language>en</Language>
  <Rating>5.6000</Rating>
  <RatingCount>10</RatingCount>
</Banner>
<Banner>
  <id>43397</id>
  <BannerPath>graphical/76156-g7.jpg</BannerPath>
  <BannerType>series</BannerType>
  <BannerType2>graphical</BannerType2>
  <Language>en</Language>
  <Rating>5.5000</Rating>
  <RatingCount>2</RatingCount>
</Banner>
<Banner>
  <id>5510</id>
  <BannerPath>graphical/3613-g.jpg</BannerPath>
  <BannerType>series</BannerType>
  <BannerType2>graphical</BannerType2>
  <Language>en</Language>
  <Rating>5.2857</Rating>
  <RatingCount>7</RatingCount>
</Banner>
<Banner>
  <id>16042</id>
  <BannerPath>graphical/76156-g4.jpg</BannerPath>
  <BannerType>series</BannerType>
  <BannerType2>graphical</BannerType2>
  <Language>en</Language>
  <Rating>5.0000</Rating>
  <RatingCount>1</RatingCount>
</Banner>
<Banner>
  <id>12211</id>
  <BannerPath>graphical/76156-g3.jpg</BannerPath>
  <BannerType>series</BannerType>
  <BannerType2>graphical</BannerType2>
  <Language>en</Language>
  <Rating>5.0000</Rating>
  <RatingCount>7</RatingCount>
</Banner>
<Banner>
  <id>12212</id>
  <BannerPath>graphical/76156-g2.jpg</BannerPath>
  <BannerType>series</BannerType>
  <BannerType2>graphical</BannerType2>
  <Language>en</Language>
  <Rating>4.8333</Rating>
  <RatingCount>6</RatingCount>
</Banner>
<Banner>
  <id>22873</id>
  <BannerPath>graphical/76156-g8.jpg</BannerPath>
  <BannerType>series</BannerType>
  <BannerType2>graphical</BannerType2>
  <Language>en</Language>
  <Rating>4.7500</Rating>
  <RatingCount>4</RatingCount>
</Banner>
<Banner>
  <id>912919</id>
  <BannerPath>graphical/76156-g11.jpg</BannerPath>
  <BannerType>series</BannerType>
  <BannerType2>graphical</BannerType2>
  <Language>ru</Language>
  <Rating>4.6667</Rating>
  <RatingCount>3</RatingCount>
</Banner>
<Banner>
  <id>9296</id>
  <BannerPath>text/3613.jpg</BannerPath>
  <BannerType>series</BannerType>
  <BannerType2>text</BannerType2>
  <Language>en</Language>
  <Rating>1.0000</Rating>
  <RatingCount>1</RatingCount>
</Banner>
<Banner>
  <id>12812</id>
  <BannerPath>blank/76156.jpg</BannerPath>
  <BannerType>series</BannerType>
  <BannerType2>blank</BannerType2>
  <Language>en</Language>
  <Rating>1.0000</Rating>
  <RatingCount>1</RatingCount>
</Banner>
</Banners>