<?xml version="1.0" encoding="UTF-8" ?>
<Actors>
<Actor>
  <id>28873</id>
  <Image>actors/28873.jpg</Image>
  <Name>Billy West</Name>
  <Role>Phillip J. Fry|Hubert J. Farnsworth|Zapp Brannigan|Zoidberg</Role>
  <SortOrder>0</SortOrder>
</Actor>
<Actor>
  <id>28868</id>
  <Image>actors/28868.jpg</Image>
  <Name>Katey Sagal</Name>
  <Role>Turanga Leela</Role>
  <SortOrder>0</SortOrder>
</Actor>
<Actor>
  <id>28874</id>
  <Image>actors/28874.jpg</Image>
  <Name>John Di Maggio</Name>
  <Role>Bender</Role>
  <SortOrder>2</SortOrder>
</Actor>
<Actor>
  <id>28875</id>
  <Image>actors/28875.jpg</Image>
  <Name>Phil LaMarr</Name>
  <Role>Hermes Conrad</Role>
  <SortOrder>3</SortOrder>
</Actor>
<Actor>
  <id>28872</id>
  <Image>actors/28872.jpg</Image>
  <Name>Lauren Tom</Name>
  <Role>Amy Wong</Role>
  <SortOrder>3</SortOrder>
</Actor>
</Actors>