<?xml version="1.0" encoding="UTF-8" ?>
<Actors>
<Actor>
  <id>304438</id>
  <Image>actors/304438.jpg</Image>
  <Name>Elisabeth Harnois</Name>
  <Role>Morgan Brody</Role>
  <SortOrder>0</SortOrder>
</Actor>
<Actor>
  <id>18546</id>
  <Image>actors/18546.jpg</Image>
  <Name>William Petersen</Name>
  <Role>Dr. Gilbert &quot;Gil&quot; Grissom</Role>
  <SortOrder>0</SortOrder>
</Actor>
<Actor>
  <id>18544</id>
  <Image>actors/18544.jpg</Image>
  <Name>Marg Helgenberger</Name>
  <Role>Catherine Willows</Role>
  <SortOrder>0</SortOrder>
</Actor>
<Actor>
  <id>18543</id>
  <Image>actors/18543.jpg</Image>
  <Name>George Eads</Name>
  <Role>Nick Stokes</Role>
  <SortOrder>1</SortOrder>
</Actor>
<Actor>
  <id>18542</id>
  <Image>actors/18542.jpg</Image>
  <Name>Paul Guilfoyle</Name>
  <Role>Captain James &quot;Jim&quot; Brass</Role>
  <SortOrder>1</SortOrder>
</Actor>
<Actor>
  <id>18540</id>
  <Image>actors/18540.jpg</Image>
  <Name>Eric Szmanda</Name>
  <Role>Greg Sanders</Role>
  <SortOrder>1</SortOrder>
</Actor>
<Actor>
  <id>18539</id>
  <Image>actors/18539.jpg</Image>
  <Name>Jorja Fox</Name>
  <Role>Sara Sidle</Role>
  <SortOrder>1</SortOrder>
</Actor>
<Actor>
  <id>290307</id>
  <Image>actors/290307.jpg</Image>
  <Name>Ted Danson</Name>
  <Role>D.B. Russell</Role>
  <SortOrder>2</SortOrder>
</Actor>
<Actor>
  <id>18541</id>
  <Image>actors/18541.jpg</Image>
  <Name>Robert David Hall</Name>
  <Role>Dr. Al Robbins</Role>
  <SortOrder>2</SortOrder>
</Actor>
<Actor>
  <id>175291</id>
  <Image>actors/175291.jpg</Image>
  <Name>Liz Vassey</Name>
  <Role>Wendy Simms</Role>
  <SortOrder>2</SortOrder>
</Actor>
<Actor>
  <id>91261</id>
  <Image>actors/91261.jpg</Image>
  <Name>Laurence Fishburne</Name>
  <Role>Dr. Raymond Langston</Role>
  <SortOrder>3</SortOrder>
</Actor>
<Actor>
  <id>77878</id>
  <Image>actors/77878.jpg</Image>
  <Name>Lauren Lee Smith</Name>
  <Role>Riley Adams</Role>
  <SortOrder>3</SortOrder>
</Actor>
<Actor>
  <id>77877</id>
  <Image>actors/77877.jpg</Image>
  <Name>Wallace Langham</Name>
  <Role>David Hodges</Role>
  <SortOrder>3</SortOrder>
</Actor>
<Actor>
  <id>77876</id>
  <Image>actors/77876.jpg</Image>
  <Name>Louise Lombard</Name>
  <Role>Sofia Curtis</Role>
  <SortOrder>3</SortOrder>
</Actor>
<Actor>
  <id>305080</id>
  <Image>actors/305080.jpg</Image>
  <Name>David Berman</Name>
  <Role>David Phillips</Role>
  <SortOrder>3</SortOrder>
</Actor>
<Actor>
  <id>304437</id>
  <Image>actors/304437.jpg</Image>
  <Name>Elisabeth Shue</Name>
  <Role>Julie Finlay</Role>
  <SortOrder>3</SortOrder>
</Actor>
<Actor>
  <id>18545</id>
  <Image>actors/18545.jpg</Image>
  <Name>Gary Dourdan</Name>
  <Role>Warrick Brown</Role>
  <SortOrder>3</SortOrder>
</Actor>
</Actors>