<?xml version="1.0" encoding="UTF-8" ?>
<Actors>
<Actor>
  <id>35202</id>
  <Image>actors/35202.jpg</Image>
  <Name>Kyra Sedgwick</Name>
  <Role>Brenda Leigh Johnson</Role>
  <SortOrder>0</SortOrder>
</Actor>
<Actor>
  <id>35199</id>
  <Image>actors/35199.jpg</Image>
  <Name>Tony Denison</Name>
  <Role>Andy Flynn</Role>
  <SortOrder>1</SortOrder>
</Actor>
<Actor>
  <id>35200</id>
  <Image>actors/35200.jpg</Image>
  <Name>Jon Tenney</Name>
  <Role>Fritz Howard</Role>
  <SortOrder>2</SortOrder>
</Actor>
<Actor>
  <id>78271</id>
  <Image>actors/78271.jpg</Image>
  <Name>Raymond Cruz</Name>
  <Role>Julio Sanchez</Role>
  <SortOrder>3</SortOrder>
</Actor>
<Actor>
  <id>78270</id>
  <Image>actors/78270.jpg</Image>
  <Name>Gina Ravera</Name>
  <Role>Irene Daniels</Role>
  <SortOrder>3</SortOrder>
</Actor>
<Actor>
  <id>78269</id>
  <Image>actors/78269.jpg</Image>
  <Name>Michael Paul Chan</Name>
  <Role>Michael Tao</Role>
  <SortOrder>3</SortOrder>
</Actor>
<Actor>
  <id>35205</id>
  <Image>actors/35205.jpg</Image>
  <Name>J.K. Simmons</Name>
  <Role>Will Pope</Role>
  <SortOrder>3</SortOrder>
</Actor>
<Actor>
  <id>35204</id>
  <Image>actors/35204.jpg</Image>
  <Name>Robert Gossett</Name>
  <Role>Russell Taylor</Role>
  <SortOrder>3</SortOrder>
</Actor>
<Actor>
  <id>35203</id>
  <Image>actors/35203.jpg</Image>
  <Name>G.W. Bailey</Name>
  <Role>George Provenza</Role>
  <SortOrder>3</SortOrder>
</Actor>
<Actor>
  <id>35201</id>
  <Image>actors/35201.jpg</Image>
  <Name>Corey Reynolds</Name>
  <Role>David Gabriel</Role>
  <SortOrder>3</SortOrder>
</Actor>
</Actors>