<?xml version="1.0" encoding="UTF-8" ?>
<Banners>
<Banner>
  <id>39429</id>
  <BannerPath>fanart/original/74875-3.jpg</BannerPath>
  <BannerType>fanart</BannerType>
  <BannerType2>1280x720</BannerType2>
  <Colors></Colors>
  <Language>en</Language>
  <Rating>6.6000</Rating>
  <RatingCount>5</RatingCount>
  <SeriesName>false</SeriesName>
  <ThumbnailPath>_cache/fanart/original/74875-3.jpg</ThumbnailPath>
  <VignettePath>fanart/vignette/74875-3.jpg</VignettePath>
</Banner>
<Banner>
  <id>44011</id>
  <BannerPath>fanart/original/74875-6.jpg</BannerPath>
  <BannerType>fanart</BannerType>
  <BannerType2>1280x720</BannerType2>
  <Colors>|5,5,7|255,255,251|255,215,189|</Colors>
  <Language>en</Language>
  <Rating>6.0000</Rating>
  <RatingCount>5</RatingCount>
  <SeriesName>false</SeriesName>
  <ThumbnailPath>_cache/fanart/original/74875-6.jpg</ThumbnailPath>
  <VignettePath>fanart/vignette/74875-6.jpg</VignettePath>
</Banner>
<Banner>
  <id>26042</id>
  <BannerPath>fanart/original/74875-1.jpg</BannerPath>
  <BannerType>fanart</BannerType>
  <BannerType2>1280x720</BannerType2>
  <Colors></Colors>
  <Language>en</Language>
  <Rating>6.0000</Rating>
  <RatingCount>5</RatingCount>
  <SeriesName>false</SeriesName>
  <ThumbnailPath>_cache/fanart/original/74875-1.jpg</ThumbnailPath>
  <VignettePath>fanart/vignette/74875-1.jpg</VignettePath>
</Banner>
<Banner>
  <id>271121</id>
  <BannerPath>fanart/original/74875-11.jpg</BannerPath>
  <BannerType>fanart</BannerType>
  <BannerType2>1920x1080</BannerType2>
  <Colors></Colors>
  <Language>en</Language>
  <Rating>6.0000</Rating>
  <RatingCount>6</RatingCount>
  <SeriesName>false</SeriesName>
  <ThumbnailPath>_cache/fanart/original/74875-11.jpg</ThumbnailPath>
  <VignettePath>fanart/vignette/74875-11.jpg</VignettePath>
</Banner>
<Banner>
  <id>867810</id>
  <BannerPath>fanart/original/74875-32.jpg</BannerPath>
  <BannerType>fanart</BannerType>
  <BannerType2>1920x1080</BannerType2>
  <Colors></Colors>
  <Language>en</Language>
  <Rating>5.5000</Rating>
  <RatingCount>2</RatingCount>
  <SeriesName>false</SeriesName>
  <ThumbnailPath>_cache/fanart/original/74875-32.jpg</ThumbnailPath>
  <VignettePath>fanart/vignette/74875-32.jpg</VignettePath>
</Banner>
<Banner>
  <id>867809</id>
  <BannerPath>fanart/original/74875-30.jpg</BannerPath>
  <BannerType>fanart</BannerType>
  <BannerType2>1920x1080</BannerType2>
  <Colors></Colors>
  <Language>en</Language>
  <Rating>5.5000</Rating>
  <RatingCount>2</RatingCount>
  <SeriesName>false</SeriesName>
  <ThumbnailPath>_cache/fanart/original/74875-30.jpg</ThumbnailPath>
  <VignettePath>fanart/vignette/74875-30.jpg</VignettePath>
</Banner>
<Banner>
  <id>537571</id>
  <BannerPath>fanart/original/74875-21.jpg</BannerPath>
  <BannerType>fanart</BannerType>
  <BannerType2>1920x1080</BannerType2>
  <Colors></Colors>
  <Language>fr</Language>
  <Rating>5.5000</Rating>
  <RatingCount>2</RatingCount>
  <SeriesName>false</SeriesName>
  <ThumbnailPath>_cache/fanart/original/74875-21.jpg</ThumbnailPath>
  <VignettePath>fanart/vignette/74875-21.jpg</VignettePath>
</Banner>
<Banner>
  <id>863827</id>
  <BannerPath>fanart/original/74875-31.jpg</BannerPath>
  <BannerType>fanart</BannerType>
  <BannerType2>1920x1080</BannerType2>
  <Colors>|247,247,249|95,60,32|146,149,158|</Colors>
  <Language>en</Language>
  <Rating>5.2500</Rating>
  <RatingCount>4</RatingCount>
  <SeriesName>false</SeriesName>
  <ThumbnailPath>_cache/fanart/original/74875-31.jpg</ThumbnailPath>
  <VignettePath>fanart/vignette/74875-31.jpg</VignettePath>
</Banner>
<Banner>
  <id>43991</id>
  <BannerPath>fanart/original/74875-4.jpg</BannerPath>
  <BannerType>fanart</BannerType>
  <BannerType2>1280x720</BannerType2>
  <Colors></Colors>
  <Language>en</Language>
  <Rating>4.5000</Rating>
  <RatingCount>4</RatingCount>
  <SeriesName>false</SeriesName>
  <ThumbnailPath>_cache/fanart/original/74875-4.jpg</ThumbnailPath>
  <VignettePath>fanart/vignette/74875-4.jpg</VignettePath>
</Banner>
<Banner>
  <id>44001</id>
  <BannerPath>fanart/original/74875-5.jpg</BannerPath>
  <BannerType>fanart</BannerType>
  <BannerType2>1280x720</BannerType2>
  <Colors></Colors>
  <Language>en</Language>
  <Rating>4.3333</Rating>
  <RatingCount>3</RatingCount>
  <SeriesName>false</SeriesName>
  <ThumbnailPath>_cache/fanart/original/74875-5.jpg</ThumbnailPath>
  <VignettePath>fanart/vignette/74875-5.jpg</VignettePath>
</Banner>
<Banner>
  <id>271141</id>
  <BannerPath>fanart/original/74875-13.jpg</BannerPath>
  <BannerType>fanart</BannerType>
  <BannerType2>1920x1080</BannerType2>
  <Colors></Colors>
  <Language>en</Language>
  <Rating>4.0000</Rating>
  <RatingCount>2</RatingCount>
  <SeriesName>false</SeriesName>
  <ThumbnailPath>_cache/fanart/original/74875-13.jpg</ThumbnailPath>
  <VignettePath>fanart/vignette/74875-13.jpg</VignettePath>
</Banner>
<Banner>
  <id>176821</id>
  <BannerPath>fanart/original/74875-7.jpg</BannerPath>
  <BannerType>fanart</BannerType>
  <BannerType2>1280x720</BannerType2>
  <Colors></Colors>
  <Language>en</Language>
  <Rating>4.0000</Rating>
  <RatingCount>2</RatingCount>
  <SeriesName>true</SeriesName>
  <ThumbnailPath>_cache/fanart/original/74875-7.jpg</ThumbnailPath>
  <VignettePath>fanart/vignette/74875-7.jpg</VignettePath>
</Banner>
<Banner>
  <id>537521</id>
  <BannerPath>fanart/original/74875-16.jpg</BannerPath>
  <BannerType>fanart</BannerType>
  <BannerType2>1920x1080</BannerType2>
  <Colors></Colors>
  <Language>fr</Language>
  <Rating>2.0000</Rating>
  <RatingCount>1</RatingCount>
  <SeriesName>false</SeriesName>
  <ThumbnailPath>_cache/fanart/original/74875-16.jpg</ThumbnailPath>
  <VignettePath>fanart/vignette/74875-16.jpg</VignettePath>
</Banner>
<Banner>
  <id>39357</id>
  <BannerPath>fanart/original/74875-2.jpg</BannerPath>
  <BannerType>fanart</BannerType>
  <BannerType2>1280x720</BannerType2>
  <Colors></Colors>
  <Language>en</Language>
  <Rating>1.0000</Rating>
  <RatingCount>3</RatingCount>
  <SeriesName>false</SeriesName>
  <ThumbnailPath>_cache/fanart/original/74875-2.jpg</ThumbnailPath>
  <VignettePath>fanart/vignette/74875-2.jpg</VignettePath>
</Banner>
<Banner>
  <id>271091</id>
  <BannerPath>fanart/original/74875-8.jpg</BannerPath>
  <BannerType>fanart</BannerType>
  <BannerType2>1920x1080</BannerType2>
  <Colors></Colors>
  <Language>en</Language>
  <Rating>1.0000</Rating>
  <RatingCount>1</RatingCount>
  <SeriesName>false</SeriesName>
  <ThumbnailPath>_cache/fanart/original/74875-8.jpg</ThumbnailPath>
  <VignettePath>fanart/vignette/74875-8.jpg</VignettePath>
</Banner>
<Banner>
  <id>271101</id>
  <BannerPath>fanart/original/74875-9.jpg</BannerPath>
  <BannerType>fanart</BannerType>
  <BannerType2>1920x1080</BannerType2>
  <Colors></Colors>
  <Language>en</Language>
  <Rating>1.0000</Rating>
  <RatingCount>1</RatingCount>
  <SeriesName>false</SeriesName>
  <ThumbnailPath>_cache/fanart/original/74875-9.jpg</ThumbnailPath>
  <VignettePath>fanart/vignette/74875-9.jpg</VignettePath>
</Banner>
<Banner>
  <id>537541</id>
  <BannerPath>fanart/original/74875-18.jpg</BannerPath>
  <BannerType>fanart</BannerType>
  <BannerType2>1920x1080</BannerType2>
  <Colors></Colors>
  <Language>fr</Language>
  <Rating>1.0000</Rating>
  <RatingCount>1</RatingCount>
  <SeriesName>false</SeriesName>
  <ThumbnailPath>_cache/fanart/original/74875-18.jpg</ThumbnailPath>
  <VignettePath>fanart/vignette/74875-18.jpg</VignettePath>
</Banner>
<Banner>
  <id>271131</id>
  <BannerPath>fanart/original/74875-12.jpg</BannerPath>
  <BannerType>fanart</BannerType>
  <BannerType2>1920x1080</BannerType2>
  <Colors></Colors>
  <Language>en</Language>
  <Rating>1.0000</Rating>
  <RatingCount>1</RatingCount>
  <SeriesName>false</SeriesName>
  <ThumbnailPath>_cache/fanart/original/74875-12.jpg</ThumbnailPath>
  <VignettePath>fanart/vignette/74875-12.jpg</VignettePath>
</Banner>
<Banner>
  <id>271111</id>
  <BannerPath>fanart/original/74875-10.jpg</BannerPath>
  <BannerType>fanart</BannerType>
  <BannerType2>1920x1080</BannerType2>
  <Colors></Colors>
  <Language>en</Language>
  <Rating>1.0000</Rating>
  <RatingCount>1</RatingCount>
  <SeriesName>false</SeriesName>
  <ThumbnailPath>_cache/fanart/original/74875-10.jpg</ThumbnailPath>
  <VignettePath>fanart/vignette/74875-10.jpg</VignettePath>
</Banner>
<Banner>
  <id>537551</id>
  <BannerPath>fanart/original/74875-19.jpg</BannerPath>
  <BannerType>fanart</BannerType>
  <BannerType2>1920x1080</BannerType2>
  <Colors></Colors>
  <Language>fr</Language>
  <Rating>1.0000</Rating>
  <RatingCount>1</RatingCount>
  <SeriesName>false</SeriesName>
  <ThumbnailPath>_cache/fanart/original/74875-19.jpg</ThumbnailPath>
  <VignettePath>fanart/vignette/74875-19.jpg</VignettePath>
</Banner>
<Banner>
  <id>761871</id>
  <BannerPath>fanart/original/74875-26.jpg</BannerPath>
  <BannerType>fanart</BannerType>
  <BannerType2>1920x1080</BannerType2>
  <Colors></Colors>
  <Language>en</Language>
  <Rating>1.0000</Rating>
  <RatingCount>1</RatingCount>
  <SeriesName>false</SeriesName>
  <ThumbnailPath>_cache/fanart/original/74875-26.jpg</ThumbnailPath>
  <VignettePath>fanart/vignette/74875-26.jpg</VignettePath>
</Banner>
<Banner>
  <id>537531</id>
  <BannerPath>fanart/original/74875-17.jpg</BannerPath>
  <BannerType>fanart</BannerType>
  <BannerType2>1920x1080</BannerType2>
  <Colors></Colors>
  <Language>fr</Language>
  <Rating>1.0000</Rating>
  <RatingCount>1</RatingCount>
  <SeriesName>false</SeriesName>
  <ThumbnailPath>_cache/fanart/original/74875-17.jpg</ThumbnailPath>
  <VignettePath>fanart/vignette/74875-17.jpg</VignettePath>
</Banner>
<Banner>
  <id>783131</id>
  <BannerPath>fanart/original/74875-28.jpg</BannerPath>
  <BannerType>fanart</BannerType>
  <BannerType2>1920x1080</BannerType2>
  <Colors></Colors>
  <Language>en</Language>
  <Rating>1.0000</Rating>
  <RatingCount>1</RatingCount>
  <SeriesName>false</SeriesName>
  <ThumbnailPath>_cache/fanart/original/74875-28.jpg</ThumbnailPath>
  <VignettePath>fanart/vignette/74875-28.jpg</VignettePath>
</Banner>
<Banner>
  <id>761881</id>
  <BannerPath>fanart/original/74875-27.jpg</BannerPath>
  <BannerType>fanart</BannerType>
  <BannerType2>1920x1080</BannerType2>
  <Colors></Colors>
  <Language>en</Language>
  <Rating>1.0000</Rating>
  <RatingCount>1</RatingCount>
  <SeriesName>false</SeriesName>
  <ThumbnailPath>_cache/fanart/original/74875-27.jpg</ThumbnailPath>
  <VignettePath>fanart/vignette/74875-27.jpg</VignettePath>
</Banner>
<Banner>
  <id>537601</id>
  <BannerPath>fanart/original/74875-24.jpg</BannerPath>
  <BannerType>fanart</BannerType>
  <BannerType2>1920x1080</BannerType2>
  <Colors></Colors>
  <Language>fr</Language>
  <Rating>1.0000</Rating>
  <RatingCount>1</RatingCount>
  <SeriesName>false</SeriesName>
  <ThumbnailPath>_cache/fanart/original/74875-24.jpg</ThumbnailPath>
  <VignettePath>fanart/vignette/74875-24.jpg</VignettePath>
</Banner>
<Banner>
  <id>537581</id>
  <BannerPath>fanart/original/74875-22.jpg</BannerPath>
  <BannerType>fanart</BannerType>
  <BannerType2>1920x1080</BannerType2>
  <Colors></Colors>
  <Language>fr</Language>
  <Rating>1.0000</Rating>
  <RatingCount>1</RatingCount>
  <SeriesName>false</SeriesName>
  <ThumbnailPath>_cache/fanart/original/74875-22.jpg</ThumbnailPath>
  <VignettePath>fanart/vignette/74875-22.jpg</VignettePath>
</Banner>
<Banner>
  <id>537501</id>
  <BannerPath>fanart/original/74875-14.jpg</BannerPath>
  <BannerType>fanart</BannerType>
  <BannerType2>1920x1080</BannerType2>
  <Colors></Colors>
  <Language>fr</Language>
  <Rating>1.0000</Rating>
  <RatingCount>1</RatingCount>
  <SeriesName>false</SeriesName>
  <ThumbnailPath>_cache/fanart/original/74875-14.jpg</ThumbnailPath>
  <VignettePath>fanart/vignette/74875-14.jpg</VignettePath>
</Banner>
<Banner>
  <id>537591</id>
  <BannerPath>fanart/original/74875-23.jpg</BannerPath>
  <BannerType>fanart</BannerType>
  <BannerType2>1920x1080</BannerType2>
  <Colors></Colors>
  <Language>fr</Language>
  <Rating>1.0000</Rating>
  <RatingCount>1</RatingCount>
  <SeriesName>false</SeriesName>
  <ThumbnailPath>_cache/fanart/original/74875-23.jpg</ThumbnailPath>
  <VignettePath>fanart/vignette/74875-23.jpg</VignettePath>
</Banner>
<Banner>
  <id>537561</id>
  <BannerPath>fanart/original/74875-20.jpg</BannerPath>
  <BannerType>fanart</BannerType>
  <BannerType2>1920x1080</BannerType2>
  <Colors></Colors>
  <Language>fr</Language>
  <Rating>1.0000</Rating>
  <RatingCount>1</RatingCount>
  <SeriesName>false</SeriesName>
  <ThumbnailPath>_cache/fanart/original/74875-20.jpg</ThumbnailPath>
  <VignettePath>fanart/vignette/74875-20.jpg</VignettePath>
</Banner>
<Banner>
  <id>873741</id>
  <BannerPath>fanart/original/74875-33.jpg</BannerPath>
  <BannerType>fanart</BannerType>
  <BannerType2>1920x1080</BannerType2>
  <Colors></Colors>
  <Language>en</Language>
  <Rating>1.0000</Rating>
  <RatingCount>1</RatingCount>
  <SeriesName>false</SeriesName>
  <ThumbnailPath>_cache/fanart/original/74875-33.jpg</ThumbnailPath>
  <VignettePath>fanart/vignette/74875-33.jpg</VignettePath>
</Banner>
<Banner>
  <id>783141</id>
  <BannerPath>fanart/original/74875-29.jpg</BannerPath>
  <BannerType>fanart</BannerType>
  <BannerType2>1920x1080</BannerType2>
  <Colors></Colors>
  <Language>en</Language>
  <Rating>1.0000</Rating>
  <RatingCount>1</RatingCount>
  <SeriesName>false</SeriesName>
  <ThumbnailPath>_cache/fanart/original/74875-29.jpg</ThumbnailPath>
  <VignettePath>fanart/vignette/74875-29.jpg</VignettePath>
</Banner>
<Banner>
  <id>537611</id>
  <BannerPath>fanart/original/74875-25.jpg</BannerPath>
  <BannerType>fanart</BannerType>
  <BannerType2>1920x1080</BannerType2>
  <Colors></Colors>
  <Language>fr</Language>
  <Rating>1.0000</Rating>
  <RatingCount>1</RatingCount>
  <SeriesName>false</SeriesName>
  <ThumbnailPath>_cache/fanart/original/74875-25.jpg</ThumbnailPath>
  <VignettePath>fanart/vignette/74875-25.jpg</VignettePath>
</Banner>
<Banner>
  <id>537511</id>
  <BannerPath>fanart/original/74875-15.jpg</BannerPath>
  <BannerType>fanart</BannerType>
  <BannerType2>1920x1080</BannerType2>
  <Colors></Colors>
  <Language>fr</Language>
  <Rating>1.0000</Rating>
  <RatingCount>1</RatingCount>
  <SeriesName>false</SeriesName>
  <ThumbnailPath>_cache/fanart/original/74875-15.jpg</ThumbnailPath>
  <VignettePath>fanart/vignette/74875-15.jpg</VignettePath>
</Banner>
<Banner>
  <id>877984</id>
  <BannerPath>posters/74875-8.jpg</BannerPath>
  <BannerType>poster</BannerType>
  <BannerType2>680x1000</BannerType2>
  <Language>en</Language>
  <Rating>10.0000</Rating>
  <RatingCount>1</RatingCount>
</Banner>
<Banner>
  <id>43981</id>
  <BannerPath>posters/74875-2.jpg</BannerPath>
  <BannerType>poster</BannerType>
  <BannerType2>680x1000</BannerType2>
  <Language>en</Language>
  <Rating>8.2500</Rating>
  <RatingCount>4</RatingCount>
</Banner>
<Banner>
  <id>25453</id>
  <BannerPath>posters/74875-1.jpg</BannerPath>
  <BannerType>poster</BannerType>
  <BannerType2>680x1000</BannerType2>
  <Language>en</Language>
  <Rating>7.0000</Rating>
  <RatingCount>3</RatingCount>
</Banner>
<Banner>
  <id>138991</id>
  <BannerPath>posters/74875-4.jpg</BannerPath>
  <BannerType>poster</BannerType>
  <BannerType2>680x1000</BannerType2>
  <Language>en</Language>
  <Rating></Rating>
  <RatingCount>0</RatingCount>
</Banner>
<Banner>
  <id>877985</id>
  <BannerPath>posters/74875-9.jpg</BannerPath>
  <BannerType>poster</BannerType>
  <BannerType2>680x1000</BannerType2>
  <Language>en</Language>
  <Rating></Rating>
  <RatingCount>0</RatingCount>
</Banner>
<Banner>
  <id>895659</id>
  <BannerPath>posters/74875-10.jpg</BannerPath>
  <BannerType>poster</BannerType>
  <BannerType2>680x1000</BannerType2>
  <Language>en</Language>
  <Rating></Rating>
  <RatingCount>0</RatingCount>
</Banner>
<Banner>
  <id>124351</id>
  <BannerPath>posters/74875-3.jpg</BannerPath>
  <BannerType>poster</BannerType>
  <BannerType2>680x1000</BannerType2>
  <Language>en</Language>
  <Rating></Rating>
  <RatingCount>0</RatingCount>
</Banner>
<Banner>
  <id>877983</id>
  <BannerPath>posters/74875-7.jpg</BannerPath>
  <BannerType>poster</BannerType>
  <BannerType2>680x1000</BannerType2>
  <Language>en</Language>
  <Rating></Rating>
  <RatingCount>0</RatingCount>
</Banner>
<Banner>
  <id>906757</id>
  <BannerPath>posters/74875-5.jpg</BannerPath>
  <BannerType>poster</BannerType>
  <BannerType2>680x1000</BannerType2>
  <Language>en</Language>
  <Rating></Rating>
  <RatingCount>0</RatingCount>
</Banner>
<Banner>
  <id>874718</id>
  <BannerPath>posters/74875-6.jpg</BannerPath>
  <BannerType>poster</BannerType>
  <BannerType2>680x1000</BannerType2>
  <Language>en</Language>
  <Rating></Rating>
  <RatingCount>0</RatingCount>
</Banner>
<Banner>
  <id>926076</id>
  <BannerPath>posters/74875-11.jpg</BannerPath>
  <BannerType>poster</BannerType>
  <BannerType2>680x1000</BannerType2>
  <Language>en</Language>
  <Rating></Rating>
  <RatingCount>0</RatingCount>
</Banner>
<Banner>
  <id>867820</id>
  <BannerPath>seasons/74875-7.jpg</BannerPath>
  <BannerType>season</BannerType>
  <BannerType2>season</BannerType2>
  <Language>en</Language>
  <Rating>10.0000</Rating>
  <RatingCount>2</RatingCount>
  <Season>7</Season>
</Banner>
<Banner>
  <id>920127</id>
  <BannerPath>seasons/74875-7-3.jpg</BannerPath>
  <BannerType>season</BannerType>
  <BannerType2>season</BannerType2>
  <Language>en</Language>
  <Rating>10.0000</Rating>
  <RatingCount>1</RatingCount>
  <Season>7</Season>
</Banner>
<Banner>
  <id>865238</id>
  <BannerPath>seasons/74875-6-4.jpg</BannerPath>
  <BannerType>season</BannerType>
  <BannerType2>season</BannerType2>
  <Language>en</Language>
  <Rating>10.0000</Rating>
  <RatingCount>1</RatingCount>
  <Season>6</Season>
</Banner>
<Banner>
  <id>868759</id>
  <BannerPath>seasons/74875-7-4.jpg</BannerPath>
  <BannerType>season</BannerType>
  <BannerType2>season</BannerType2>
  <Language>en</Language>
  <Rating>10.0000</Rating>
  <RatingCount>1</RatingCount>
  <Season>7</Season>
</Banner>
<Banner>
  <id>865237</id>
  <BannerPath>seasons/74875-5-3.jpg</BannerPath>
  <BannerType>season</BannerType>
  <BannerType2>season</BannerType2>
  <Language>en</Language>
  <Rating>9.5000</Rating>
  <RatingCount>2</RatingCount>
  <Season>5</Season>
</Banner>
<Banner>
  <id>870615</id>
  <BannerPath>seasons/74875-3-2.jpg</BannerPath>
  <BannerType>season</BannerType>
  <BannerType2>season</BannerType2>
  <Language>en</Language>
  <Rating>9.0000</Rating>
  <RatingCount>1</RatingCount>
  <Season>3</Season>
</Banner>
<Banner>
  <id>129381</id>
  <BannerPath>seasons/74875-5.jpg</BannerPath>
  <BannerType>season</BannerType>
  <BannerType2>season</BannerType2>
  <Language>en</Language>
  <Rating>9.0000</Rating>
  <RatingCount>3</RatingCount>
  <Season>5</Season>
</Banner>
<Banner>
  <id>14088</id>
  <BannerPath>seasons/74875-2-2.jpg</BannerPath>
  <BannerType>season</BannerType>
  <BannerType2>season</BannerType2>
  <Language>en</Language>
  <Rating>9.0000</Rating>
  <RatingCount>1</RatingCount>
  <Season>2</Season>
</Banner>
<Banner>
  <id>78241</id>
  <BannerPath>seasons/74875-4-3.jpg</BannerPath>
  <BannerType>season</BannerType>
  <BannerType2>season</BannerType2>
  <Language>en</Language>
  <Rating>9.0000</Rating>
  <RatingCount>1</RatingCount>
  <Season>4</Season>
</Banner>
<Banner>
  <id>870610</id>
  <BannerPath>seasons/74875-1.jpg</BannerPath>
  <BannerType>season</BannerType>
  <BannerType2>season</BannerType2>
  <Language>en</Language>
  <Rating>9.0000</Rating>
  <RatingCount>1</RatingCount>
  <Season>1</Season>
</Banner>
<Banner>
  <id>863778</id>
  <BannerPath>seasons/74875-6-2.jpg</BannerPath>
  <BannerType>season</BannerType>
  <BannerType2>season</BannerType2>
  <Language>en</Language>
  <Rating>8.6667</Rating>
  <RatingCount>3</RatingCount>
  <Season>6</Season>
</Banner>
<Banner>
  <id>863772</id>
  <BannerPath>seasons/74875-5-2.jpg</BannerPath>
  <BannerType>season</BannerType>
  <BannerType2>season</BannerType2>
  <Language>en</Language>
  <Rating>8.0000</Rating>
  <RatingCount>2</RatingCount>
  <Season>5</Season>
</Banner>
<Banner>
  <id>541591</id>
  <BannerPath>seasons/74875-6.jpg</BannerPath>
  <BannerType>season</BannerType>
  <BannerType2>season</BannerType2>
  <Language>en</Language>
  <Rating>8.0000</Rating>
  <RatingCount>1</RatingCount>
  <Season>6</Season>
</Banner>
<Banner>
  <id>867839</id>
  <BannerPath>seasons/74875-7-2.jpg</BannerPath>
  <BannerType>season</BannerType>
  <BannerType2>season</BannerType2>
  <Language>en</Language>
  <Rating></Rating>
  <RatingCount>0</RatingCount>
  <Season>7</Season>
</Banner>
<Banner>
  <id>47281</id>
  <BannerPath>seasons/74875-4-2.jpg</BannerPath>
  <BannerType>season</BannerType>
  <BannerType2>season</BannerType2>
  <Language>en</Language>
  <Rating></Rating>
  <RatingCount>0</RatingCount>
  <Season>4</Season>
</Banner>
<Banner>
  <id>47271</id>
  <BannerPath>seasons/74875-4.jpg</BannerPath>
  <BannerType>season</BannerType>
  <BannerType2>season</BannerType2>
  <Language>fr</Language>
  <Rating></Rating>
  <RatingCount>0</RatingCount>
  <Season>4</Season>
</Banner>
<Banner>
  <id>370731</id>
  <BannerPath>seasons/74875-0.jpg</BannerPath>
  <BannerType>season</BannerType>
  <BannerType2>season</BannerType2>
  <Language>en</Language>
  <Rating></Rating>
  <RatingCount>0</RatingCount>
  <Season>0</Season>
</Banner>
<Banner>
  <id>16768</id>
  <BannerPath>seasons/74875-3.jpg</BannerPath>
  <BannerType>season</BannerType>
  <BannerType2>season</BannerType2>
  <Language>en</Language>
  <Rating></Rating>
  <RatingCount>0</RatingCount>
  <Season>3</Season>
</Banner>
<Banner>
  <id>9584</id>
  <BannerPath>seasons/74875-2.jpg</BannerPath>
  <BannerType>season</BannerType>
  <BannerType2>season</BannerType2>
  <Language>en</Language>
  <Rating></Rating>
  <RatingCount>0</RatingCount>
  <Season>2</Season>
</Banner>
<Banner>
  <id>868762</id>
  <BannerPath>seasons/74875-7-6.jpg</BannerPath>
  <BannerType>season</BannerType>
  <BannerType2>season</BannerType2>
  <Language>fr</Language>
  <Rating></Rating>
  <RatingCount>0</RatingCount>
  <Season>7</Season>
</Banner>
<Banner>
  <id>7687</id>
  <BannerPath>seasons/28972-1.jpg</BannerPath>
  <BannerType>season</BannerType>
  <BannerType2>season</BannerType2>
  <Language>en</Language>
  <Rating></Rating>
  <RatingCount>0</RatingCount>
  <Season>1</Season>
</Banner>
<Banner>
  <id>863779</id>
  <BannerPath>seasons/74875-6-3.jpg</BannerPath>
  <BannerType>season</BannerType>
  <BannerType2>season</BannerType2>
  <Language>en</Language>
  <Rating></Rating>
  <RatingCount>0</RatingCount>
  <Season>6</Season>
</Banner>
<Banner>
  <id>6382</id>
  <BannerPath>graphical/28972-g.jpg</BannerPath>
  <BannerType>series</BannerType>
  <BannerType2>graphical</BannerType2>
  <Language>en</Language>
  <Rating>9.2500</Rating>
  <RatingCount>4</RatingCount>
</Banner>
<Banner>
  <id>530951</id>
  <BannerPath>graphical/74875-g2.jpg</BannerPath>
  <BannerType>series</BannerType>
  <BannerType2>graphical</BannerType2>
  <Language>en</Language>
  <Rating>8.6667</Rating>
  <RatingCount>3</RatingCount>
</Banner>
<Banner>
  <id>129451</id>
  <BannerPath>graphical/74875-g.jpg</BannerPath>
  <BannerType>series</BannerType>
  <BannerType2>graphical</BannerType2>
  <Language>en</Language>
  <Rating>7.0000</Rating>
  <RatingCount>2</RatingCount>
</Banner>
<Banner>
  <id>6383</id>
  <BannerPath>text/28972.jpg</BannerPath>
  <BannerType>series</BannerType>
  <BannerType2>text</BannerType2>
  <Language>en</Language>
  <Rating></Rating>
  <RatingCount>0</RatingCount>
</Banner>
<Banner>
  <id>13024</id>
  <BannerPath>blank/74875.jpg</BannerPath>
  <BannerType>series</BannerType>
  <BannerType2>blank</BannerType2>
  <Language>en</Language>
  <Rating></Rating>
  <RatingCount>0</RatingCount>
</Banner>
<Banner>
  <id>895660</id>
  <BannerPath>graphical/74875-g4.jpg</BannerPath>
  <BannerType>series</BannerType>
  <BannerType2>graphical</BannerType2>
  <Language>en</Language>
  <Rating></Rating>
  <RatingCount>0</RatingCount>
</Banner>
<Banner>
  <id>897528</id>
  <BannerPath>text/74875.jpg</BannerPath>
  <BannerType>series</BannerType>
  <BannerType2>text</BannerType2>
  <Language>pt</Language>
  <Rating></Rating>
  <RatingCount>0</RatingCount>
</Banner>
<Banner>
  <id>534491</id>
  <BannerPath>graphical/74875-g3.jpg</BannerPath>
  <BannerType>series</BannerType>
  <BannerType2>graphical</BannerType2>
  <Language>en</Language>
  <Rating></Rating>
  <RatingCount>0</RatingCount>
</Banner>
</Banners>