<?xml version="1.0" encoding="UTF-8" ?>
<Actors>
<Actor>
  <id>23839</id>
  <Image>actors/23839.jpg</Image>
  <Name>Hugh Laurie</Name>
  <Role>Dr. Gregory House</Role>
  <SortOrder>0</SortOrder>
</Actor>
<Actor>
  <id>23842</id>
  <Image>actors/23842.jpg</Image>
  <Name>Robert Sean Leonard</Name>
  <Role>Dr. James Wilson</Role>
  <SortOrder>1</SortOrder>
</Actor>
<Actor>
  <id>23841</id>
  <Image>actors/23841.jpg</Image>
  <Name>Omar Epps</Name>
  <Role>Dr. Eric Foreman</Role>
  <SortOrder>1</SortOrder>
</Actor>
<Actor>
  <id>23838</id>
  <Image>actors/23838.jpg</Image>
  <Name>Lisa Edelstein</Name>
  <Role>Dr. Lisa Cuddy</Role>
  <SortOrder>1</SortOrder>
</Actor>
<Actor>
  <id>23837</id>
  <Image>actors/23837.jpg</Image>
  <Name>Jesse Spencer</Name>
  <Role>Dr. Robert Chase</Role>
  <SortOrder>1</SortOrder>
</Actor>
<Actor>
  <id>80088</id>
  <Image>actors/80088.jpg</Image>
  <Name>Olivia Wilde</Name>
  <Role>Dr. Remy &quot;Thirteen&quot; Hadley</Role>
  <SortOrder>2</SortOrder>
</Actor>
<Actor>
  <id>306758</id>
  <Image>actors/306758.jpg</Image>
  <Name>Sela Ward</Name>
  <Role>Stacy Warner</Role>
  <SortOrder>2</SortOrder>
</Actor>
<Actor>
  <id>23840</id>
  <Image>actors/23840.jpg</Image>
  <Name>Jennifer Morrison</Name>
  <Role>Dr. Allison Cameron</Role>
  <SortOrder>2</SortOrder>
</Actor>
<Actor>
  <id>80089</id>
  <Image>actors/80089.jpg</Image>
  <Name>Anne Dudek</Name>
  <Role>Dr. Amber Volakis</Role>
  <SortOrder>3</SortOrder>
</Actor>
<Actor>
  <id>80087</id>
  <Image>actors/80087.jpg</Image>
  <Name>Kal Penn</Name>
  <Role>Dr. Lawrence Kutner</Role>
  <SortOrder>3</SortOrder>
</Actor>
<Actor>
  <id>80086</id>
  <Image>actors/80086.jpg</Image>
  <Name>Peter Jacobson</Name>
  <Role>Dr. Chris Taub</Role>
  <SortOrder>3</SortOrder>
</Actor>
<Actor>
  <id>289864</id>
  <Image>actors/289864.jpg</Image>
  <Name>Odette Annable</Name>
  <Role>Dr. Jessica Adams</Role>
  <SortOrder>3</SortOrder>
</Actor>
<Actor>
  <id>289863</id>
  <Image>actors/289863.jpg</Image>
  <Name>Charlyne Yi</Name>
  <Role>Dr. Chi Park</Role>
  <SortOrder>3</SortOrder>
</Actor>
<Actor>
  <id>283160</id>
  <Image>actors/283160.jpg</Image>
  <Name>Amber Tamblyn</Name>
  <Role>Martha Masters</Role>
  <SortOrder>3</SortOrder>
</Actor>
</Actors>