<?xml version="1.0" encoding="UTF-8" ?>
<Banners>
<Banner>
  <id>555401</id>
  <BannerPath>fanart/original/73255-59.jpg</BannerPath>
  <BannerType>fanart</BannerType>
  <BannerType2>1920x1080</BannerType2>
  <Colors>|98,246,248|26,93,102|252,206,173|</Colors>
  <Language>en</Language>
  <Rating>6.8276</Rating>
  <RatingCount>29</RatingCount>
  <SeriesName>false</SeriesName>
  <ThumbnailPath>_cache/fanart/original/73255-59.jpg</ThumbnailPath>
  <VignettePath>fanart/vignette/73255-59.jpg</VignettePath>
</Banner>
<Banner>
  <id>20101</id>
  <BannerPath>fanart/original/73255-1.jpg</BannerPath>
  <BannerType>fanart</BannerType>
  <BannerType2>1920x1080</BannerType2>
  <Colors>|250,250,250|62,58,59|235,176,58|</Colors>
  <Language>en</Language>
  <Rating>6.5000</Rating>
  <RatingCount>36</RatingCount>
  <SeriesName>false</SeriesName>
  <ThumbnailPath>_cache/fanart/original/73255-1.jpg</ThumbnailPath>
  <VignettePath>fanart/vignette/73255-1.jpg</VignettePath>
</Banner>
<Banner>
  <id>208221</id>
  <BannerPath>fanart/original/73255-46.jpg</BannerPath>
  <BannerType>fanart</BannerType>
  <BannerType2>1920x1080</BannerType2>
  <Colors>|228,227,223|26,28,49|120,120,120|</Colors>
  <Language>en</Language>
  <Rating>6.4167</Rating>
  <RatingCount>36</RatingCount>
  <SeriesName>false</SeriesName>
  <ThumbnailPath>_cache/fanart/original/73255-46.jpg</ThumbnailPath>
  <VignettePath>fanart/vignette/73255-46.jpg</VignettePath>
</Banner>
<Banner>
  <id>22439</id>
  <BannerPath>fanart/original/73255-11.jpg</BannerPath>
  <BannerType>fanart</BannerType>
  <BannerType2>1920x1080</BannerType2>
  <Colors>|79,104,145|46,49,56|98,118,129|</Colors>
  <Language>en</Language>
  <Rating>6.3913</Rating>
  <RatingCount>46</RatingCount>
  <SeriesName>false</SeriesName>
  <ThumbnailPath>_cache/fanart/original/73255-11.jpg</ThumbnailPath>
  <VignettePath>fanart/vignette/73255-11.jpg</VignettePath>
</Banner>
<Banner>
  <id>20466</id>
  <BannerPath>fanart/original/73255-7.jpg</BannerPath>
  <BannerType>fanart</BannerType>
  <BannerType2>1280x720</BannerType2>
  <Colors>|238,220,198|27,50,81|255,255,255|</Colors>
  <Language>en</Language>
  <Rating>6.3333</Rating>
  <RatingCount>6</RatingCount>
  <SeriesName>false</SeriesName>
  <ThumbnailPath>_cache/fanart/original/73255-7.jpg</ThumbnailPath>
  <VignettePath>fanart/vignette/73255-7.jpg</VignettePath>
</Banner>
<Banner>
  <id>241711</id>
  <BannerPath>fanart/original/73255-27.jpg</BannerPath>
  <BannerType>fanart</BannerType>
  <BannerType2>1920x1080</BannerType2>
  <Colors>|246,250,253|17,7,5|70,94,106|</Colors>
  <Language>en</Language>
  <Rating>6.3333</Rating>
  <RatingCount>12</RatingCount>
  <SeriesName>false</SeriesName>
  <ThumbnailPath>_cache/fanart/original/73255-27.jpg</ThumbnailPath>
  <VignettePath>fanart/vignette/73255-27.jpg</VignettePath>
</Banner>
<Banner>
  <id>877550</id>
  <BannerPath>fanart/original/73255-66.jpg</BannerPath>
  <BannerType>fanart</BannerType>
  <BannerType2>1920x1080</BannerType2>
  <Colors>|255,255,255|3,3,5|186,194,196|</Colors>
  <Language>en</Language>
  <Rating>6.2727</Rating>
  <RatingCount>11</RatingCount>
  <SeriesName>false</SeriesName>
  <ThumbnailPath>_cache/fanart/original/73255-66.jpg</ThumbnailPath>
  <VignettePath>fanart/vignette/73255-66.jpg</VignettePath>
</Banner>
<Banner>
  <id>74131</id>
  <BannerPath>fanart/original/73255-32.jpg</BannerPath>
  <BannerType>fanart</BannerType>
  <BannerType2>1280x720</BannerType2>
  <Colors></Colors>
  <Language>en</Language>
  <Rating>6.2222</Rating>
  <RatingCount>9</RatingCount>
  <SeriesName>false</SeriesName>
  <ThumbnailPath>_cache/fanart/original/73255-32.jpg</ThumbnailPath>
  <VignettePath>fanart/vignette/73255-32.jpg</VignettePath>
</Banner>
<Banner>
  <id>224021</id>
  <BannerPath>fanart/original/73255-47.jpg</BannerPath>
  <BannerType>fanart</BannerType>
  <BannerType2>1280x720</BannerType2>
  <Colors>|49,85,99|76,116,124|226,231,237|</Colors>
  <Language>en</Language>
  <Rating>6.2143</Rating>
  <RatingCount>14</RatingCount>
  <SeriesName>true</SeriesName>
  <ThumbnailPath>_cache/fanart/original/73255-47.jpg</ThumbnailPath>
  <VignettePath>fanart/vignette/73255-47.jpg</VignettePath>
</Banner>
<Banner>
  <id>28509</id>
  <BannerPath>fanart/original/73255-19.jpg</BannerPath>
  <BannerType>fanart</BannerType>
  <BannerType2>1920x1080</BannerType2>
  <Colors>|254,254,254|33,33,43|166,165,163|</Colors>
  <Language>en</Language>
  <Rating>6.2000</Rating>
  <RatingCount>20</RatingCount>
  <SeriesName>false</SeriesName>
  <ThumbnailPath>_cache/fanart/original/73255-19.jpg</ThumbnailPath>
  <VignettePath>fanart/vignette/73255-19.jpg</VignettePath>
</Banner>
<Banner>
  <id>23018</id>
  <BannerPath>fanart/original/73255-12.jpg</BannerPath>
  <BannerType>fanart</BannerType>
  <BannerType2>1280x720</BannerType2>
  <Colors>|88,101,120|4,4,6|126,116,106|</Colors>
  <Language>en</Language>
  <Rating>6.1905</Rating>
  <RatingCount>21</RatingCount>
  <SeriesName>false</SeriesName>
  <ThumbnailPath>_cache/fanart/original/73255-12.jpg</ThumbnailPath>
  <VignettePath>fanart/vignette/73255-12.jpg</VignettePath>
</Banner>
<Banner>
  <id>596021</id>
  <BannerPath>fanart/original/73255-57.jpg</BannerPath>
  <BannerType>fanart</BannerType>
  <BannerType2>1920x1080</BannerType2>
  <Colors>|236,236,236|236,236,236|8,8,8|</Colors>
  <Language>de</Language>
  <Rating>6.1818</Rating>
  <RatingCount>11</RatingCount>
  <SeriesName>false</SeriesName>
  <ThumbnailPath>_cache/fanart/original/73255-57.jpg</ThumbnailPath>
  <VignettePath>fanart/vignette/73255-57.jpg</VignettePath>
</Banner>
<Banner>
  <id>196661</id>
  <BannerPath>fanart/original/73255-44.jpg</BannerPath>
  <BannerType>fanart</BannerType>
  <BannerType2>1920x1080</BannerType2>
  <Colors>|189,185,174|5,4,9|36,42,66|</Colors>
  <Language>de</Language>
  <Rating>6.1818</Rating>
  <RatingCount>22</RatingCount>
  <SeriesName>false</SeriesName>
  <ThumbnailPath>_cache/fanart/original/73255-44.jpg</ThumbnailPath>
  <VignettePath>fanart/vignette/73255-44.jpg</VignettePath>
</Banner>
<Banner>
  <id>74141</id>
  <BannerPath>fanart/original/73255-33.jpg</BannerPath>
  <BannerType>fanart</BannerType>
  <BannerType2>1280x720</BannerType2>
  <Colors>|57,57,57|27,17,15|48,31,23|</Colors>
  <Language>en</Language>
  <Rating>6.1667</Rating>
  <RatingCount>18</RatingCount>
  <SeriesName>false</SeriesName>
  <ThumbnailPath>_cache/fanart/original/73255-33.jpg</ThumbnailPath>
  <VignettePath>fanart/vignette/73255-33.jpg</VignettePath>
</Banner>
<Banner>
  <id>111591</id>
  <BannerPath>fanart/original/73255-4.jpg</BannerPath>
  <BannerType>fanart</BannerType>
  <BannerType2>1280x720</BannerType2>
  <Colors></Colors>
  <Language>en</Language>
  <Rating>6.1667</Rating>
  <RatingCount>6</RatingCount>
  <SeriesName>false</SeriesName>
  <ThumbnailPath>_cache/fanart/original/73255-4.jpg</ThumbnailPath>
  <VignettePath>fanart/vignette/73255-4.jpg</VignettePath>
</Banner>
<Banner>
  <id>20487</id>
  <BannerPath>fanart/original/73255-9.jpg</BannerPath>
  <BannerType>fanart</BannerType>
  <BannerType2>1280x720</BannerType2>
  <Colors>|239,221,207|91,106,111|217,137,38|</Colors>
  <Language>en</Language>
  <Rating>6.0909</Rating>
  <RatingCount>22</RatingCount>
  <SeriesName>false</SeriesName>
  <ThumbnailPath>_cache/fanart/original/73255-9.jpg</ThumbnailPath>
  <VignettePath>fanart/vignette/73255-9.jpg</VignettePath>
</Banner>
<Banner>
  <id>20269</id>
  <BannerPath>fanart/original/73255-3.jpg</BannerPath>
  <BannerType>fanart</BannerType>
  <BannerType2>1280x720</BannerType2>
  <Colors>|238,242,251|18,19,23|72,109,161|</Colors>
  <Language>en</Language>
  <Rating>5.9444</Rating>
  <RatingCount>18</RatingCount>
  <SeriesName>false</SeriesName>
  <ThumbnailPath>_cache/fanart/original/73255-3.jpg</ThumbnailPath>
  <VignettePath>fanart/vignette/73255-3.jpg</VignettePath>
</Banner>
<Banner>
  <id>582781</id>
  <BannerPath>fanart/original/73255-13.jpg</BannerPath>
  <BannerType>fanart</BannerType>
  <BannerType2>1920x1080</BannerType2>
  <Colors>|171,141,131|34,33,38|211,213,212|</Colors>
  <Language>de</Language>
  <Rating>5.8889</Rating>
  <RatingCount>9</RatingCount>
  <SeriesName>false</SeriesName>
  <ThumbnailPath>_cache/fanart/original/73255-13.jpg</ThumbnailPath>
  <VignettePath>fanart/vignette/73255-13.jpg</VignettePath>
</Banner>
<Banner>
  <id>38930</id>
  <BannerPath>fanart/original/73255-29.jpg</BannerPath>
  <BannerType>fanart</BannerType>
  <BannerType2>1920x1080</BannerType2>
  <Colors>|255,255,255|255,255,255|25,24,30|</Colors>
  <Language>en</Language>
  <Rating>5.8750</Rating>
  <RatingCount>8</RatingCount>
  <SeriesName>false</SeriesName>
  <ThumbnailPath>_cache/fanart/original/73255-29.jpg</ThumbnailPath>
  <VignettePath>fanart/vignette/73255-29.jpg</VignettePath>
</Banner>
<Banner>
  <id>906336</id>
  <BannerPath>fanart/original/73255-70.jpg</BannerPath>
  <BannerType>fanart</BannerType>
  <BannerType2>1920x1080</BannerType2>
  <Colors>|228,199,193|54,3,20|45,64,71|</Colors>
  <Language>en</Language>
  <Rating>5.8571</Rating>
  <RatingCount>7</RatingCount>
  <SeriesName>false</SeriesName>
  <ThumbnailPath>_cache/fanart/original/73255-70.jpg</ThumbnailPath>
  <VignettePath>fanart/vignette/73255-70.jpg</VignettePath>
</Banner>
<Banner>
  <id>138271</id>
  <BannerPath>fanart/original/73255-42.jpg</BannerPath>
  <BannerType>fanart</BannerType>
  <BannerType2>1920x1080</BannerType2>
  <Colors></Colors>
  <Language>en</Language>
  <Rating>5.7143</Rating>
  <RatingCount>7</RatingCount>
  <SeriesName>false</SeriesName>
  <ThumbnailPath>_cache/fanart/original/73255-42.jpg</ThumbnailPath>
  <VignettePath>fanart/vignette/73255-42.jpg</VignettePath>
</Banner>
<Banner>
  <id>877772</id>
  <BannerPath>fanart/original/73255-67.jpg</BannerPath>
  <BannerType>fanart</BannerType>
  <BannerType2>1920x1080</BannerType2>
  <Colors></Colors>
  <Language>de</Language>
  <Rating>5.6667</Rating>
  <RatingCount>6</RatingCount>
  <SeriesName>false</SeriesName>
  <ThumbnailPath>_cache/fanart/original/73255-67.jpg</ThumbnailPath>
  <VignettePath>fanart/vignette/73255-67.jpg</VignettePath>
</Banner>
<Banner>
  <id>880824</id>
  <BannerPath>fanart/original/73255-69.jpg</BannerPath>
  <BannerType>fanart</BannerType>
  <BannerType2>1920x1080</BannerType2>
  <Colors></Colors>
  <Language>en</Language>
  <Rating>5.6667</Rating>
  <RatingCount>3</RatingCount>
  <SeriesName>true</SeriesName>
  <ThumbnailPath>_cache/fanart/original/73255-69.jpg</ThumbnailPath>
  <VignettePath>fanart/vignette/73255-69.jpg</VignettePath>
</Banner>
<Banner>
  <id>138281</id>
  <BannerPath>fanart/original/73255-43.jpg</BannerPath>
  <BannerType>fanart</BannerType>
  <BannerType2>1280x720</BannerType2>
  <Colors>|252,252,252|64,140,198|222,195,174|</Colors>
  <Language>en</Language>
  <Rating>5.6667</Rating>
  <RatingCount>15</RatingCount>
  <SeriesName>false</SeriesName>
  <ThumbnailPath>_cache/fanart/original/73255-43.jpg</ThumbnailPath>
  <VignettePath>fanart/vignette/73255-43.jpg</VignettePath>
</Banner>
<Banner>
  <id>230791</id>
  <BannerPath>fanart/original/73255-48.jpg</BannerPath>
  <BannerType>fanart</BannerType>
  <BannerType2>1920x1080</BannerType2>
  <Colors>|131,160,164|23,34,40|77,106,122|</Colors>
  <Language>de</Language>
  <Rating>5.5385</Rating>
  <RatingCount>13</RatingCount>
  <SeriesName>false</SeriesName>
  <ThumbnailPath>_cache/fanart/original/73255-48.jpg</ThumbnailPath>
  <VignettePath>fanart/vignette/73255-48.jpg</VignettePath>
</Banner>
<Banner>
  <id>575131</id>
  <BannerPath>fanart/original/73255-36.jpg</BannerPath>
  <BannerType>fanart</BannerType>
  <BannerType2>1920x1080</BannerType2>
  <Colors></Colors>
  <Language>fr</Language>
  <Rating>5.5000</Rating>
  <RatingCount>2</RatingCount>
  <SeriesName>false</SeriesName>
  <ThumbnailPath>_cache/fanart/original/73255-36.jpg</ThumbnailPath>
  <VignettePath>fanart/vignette/73255-36.jpg</VignettePath>
</Banner>
<Banner>
  <id>839691</id>
  <BannerPath>fanart/original/73255-62.jpg</BannerPath>
  <BannerType>fanart</BannerType>
  <BannerType2>1920x1080</BannerType2>
  <Colors>|240,239,245|12,9,4|135,155,192|</Colors>
  <Language>en</Language>
  <Rating>5.5000</Rating>
  <RatingCount>2</RatingCount>
  <SeriesName>false</SeriesName>
  <ThumbnailPath>_cache/fanart/original/73255-62.jpg</ThumbnailPath>
  <VignettePath>fanart/vignette/73255-62.jpg</VignettePath>
</Banner>
<Banner>
  <id>32729</id>
  <BannerPath>fanart/original/73255-24.jpg</BannerPath>
  <BannerType>fanart</BannerType>
  <BannerType2>1280x720</BannerType2>
  <Colors>|245,241,229|19,13,13|176,113,78|</Colors>
  <Language>en</Language>
  <Rating>5.4545</Rating>
  <RatingCount>11</RatingCount>
  <SeriesName>false</SeriesName>
  <ThumbnailPath>_cache/fanart/original/73255-24.jpg</ThumbnailPath>
  <VignettePath>fanart/vignette/73255-24.jpg</VignettePath>
</Banner>
<Banner>
  <id>131561</id>
  <BannerPath>fanart/original/73255-40.jpg</BannerPath>
  <BannerType>fanart</BannerType>
  <BannerType2>1920x1080</BannerType2>
  <Colors></Colors>
  <Language>en</Language>
  <Rating>5.4000</Rating>
  <RatingCount>5</RatingCount>
  <SeriesName>false</SeriesName>
  <ThumbnailPath>_cache/fanart/original/73255-40.jpg</ThumbnailPath>
  <VignettePath>fanart/vignette/73255-40.jpg</VignettePath>
</Banner>
<Banner>
  <id>28852</id>
  <BannerPath>fanart/original/73255-16.jpg</BannerPath>
  <BannerType>fanart</BannerType>
  <BannerType2>1920x1080</BannerType2>
  <Colors>|230,199,171|31,28,23|158,123,95|</Colors>
  <Language>en</Language>
  <Rating>5.4000</Rating>
  <RatingCount>10</RatingCount>
  <SeriesName>false</SeriesName>
  <ThumbnailPath>_cache/fanart/original/73255-16.jpg</ThumbnailPath>
  <VignettePath>fanart/vignette/73255-16.jpg</VignettePath>
</Banner>
<Banner>
  <id>42468</id>
  <BannerPath>fanart/original/73255-23.jpg</BannerPath>
  <BannerType>fanart</BannerType>
  <BannerType2>1920x1080</BannerType2>
  <Colors>|255,255,255|8,13,17|88,105,133|</Colors>
  <Language>en</Language>
  <Rating>5.3750</Rating>
  <RatingCount>16</RatingCount>
  <SeriesName>false</SeriesName>
  <ThumbnailPath>_cache/fanart/original/73255-23.jpg</ThumbnailPath>
  <VignettePath>fanart/vignette/73255-23.jpg</VignettePath>
</Banner>
<Banner>
  <id>72311</id>
  <BannerPath>fanart/original/73255-31.jpg</BannerPath>
  <BannerType>fanart</BannerType>
  <BannerType2>1920x1080</BannerType2>
  <Colors>|202,197,201|24,25,30|138,132,142|</Colors>
  <Language>en</Language>
  <Rating>5.3571</Rating>
  <RatingCount>14</RatingCount>
  <SeriesName>false</SeriesName>
  <ThumbnailPath>_cache/fanart/original/73255-31.jpg</ThumbnailPath>
  <VignettePath>fanart/vignette/73255-31.jpg</VignettePath>
</Banner>
<Banner>
  <id>131531</id>
  <BannerPath>fanart/original/73255-38.jpg</BannerPath>
  <BannerType>fanart</BannerType>
  <BannerType2>1920x1080</BannerType2>
  <Colors>|6,2,3|254,250,247|91,1,0|</Colors>
  <Language>en</Language>
  <Rating>5.2000</Rating>
  <RatingCount>5</RatingCount>
  <SeriesName>false</SeriesName>
  <ThumbnailPath>_cache/fanart/original/73255-38.jpg</ThumbnailPath>
  <VignettePath>fanart/vignette/73255-38.jpg</VignettePath>
</Banner>
<Banner>
  <id>30833</id>
  <BannerPath>fanart/original/73255-17.jpg</BannerPath>
  <BannerType>fanart</BannerType>
  <BannerType2>1920x1080</BannerType2>
  <Colors>|218,214,215|20,18,19|105,96,101|</Colors>
  <Language>en</Language>
  <Rating>5.0000</Rating>
  <RatingCount>4</RatingCount>
  <SeriesName>false</SeriesName>
  <ThumbnailPath>_cache/fanart/original/73255-17.jpg</ThumbnailPath>
  <VignettePath>fanart/vignette/73255-17.jpg</VignettePath>
</Banner>
<Banner>
  <id>20357</id>
  <BannerPath>fanart/original/73255-6.jpg</BannerPath>
  <BannerType>fanart</BannerType>
  <BannerType2>1280x720</BannerType2>
  <Colors>|201,216,235|197,89,89|62,81,95|</Colors>
  <Language>en</Language>
  <Rating>5.0000</Rating>
  <RatingCount>9</RatingCount>
  <SeriesName>false</SeriesName>
  <ThumbnailPath>_cache/fanart/original/73255-6.jpg</ThumbnailPath>
  <VignettePath>fanart/vignette/73255-6.jpg</VignettePath>
</Banner>
<Banner>
  <id>387761</id>
  <BannerPath>fanart/original/73255-56.jpg</BannerPath>
  <BannerType>fanart</BannerType>
  <BannerType2>1920x1080</BannerType2>
  <Colors>|23,40,70|220,139,24|106,54,100|</Colors>
  <Language>fr</Language>
  <Rating>5.0000</Rating>
  <RatingCount>5</RatingCount>
  <SeriesName>false</SeriesName>
  <ThumbnailPath>_cache/fanart/original/73255-56.jpg</ThumbnailPath>
  <VignettePath>fanart/vignette/73255-56.jpg</VignettePath>
</Banner>
<Banner>
  <id>32730</id>
  <BannerPath>fanart/original/73255-25.jpg</BannerPath>
  <BannerType>fanart</BannerType>
  <BannerType2>1280x720</BannerType2>
  <Colors>|242,245,250|0,0,0|151,167,183|</Colors>
  <Language>en</Language>
  <Rating>5.0000</Rating>
  <RatingCount>5</RatingCount>
  <SeriesName>false</SeriesName>
  <ThumbnailPath>_cache/fanart/original/73255-25.jpg</ThumbnailPath>
  <VignettePath>fanart/vignette/73255-25.jpg</VignettePath>
</Banner>
<Banner>
  <id>28512</id>
  <BannerPath>fanart/original/73255-21.jpg</BannerPath>
  <BannerType>fanart</BannerType>
  <BannerType2>1920x1080</BannerType2>
  <Colors>|233,252,255|42,48,62|121,122,126|</Colors>
  <Language>en</Language>
  <Rating>5.0000</Rating>
  <RatingCount>7</RatingCount>
  <SeriesName>false</SeriesName>
  <ThumbnailPath>_cache/fanart/original/73255-21.jpg</ThumbnailPath>
  <VignettePath>fanart/vignette/73255-21.jpg</VignettePath>
</Banner>
<Banner>
  <id>36432</id>
  <BannerPath>fanart/original/73255-26.jpg</BannerPath>
  <BannerType>fanart</BannerType>
  <BannerType2>1920x1080</BannerType2>
  <Colors>|228,226,229|22,19,26|109,133,143|</Colors>
  <Language>en</Language>
  <Rating>4.8750</Rating>
  <RatingCount>8</RatingCount>
  <SeriesName>false</SeriesName>
  <ThumbnailPath>_cache/fanart/original/73255-26.jpg</ThumbnailPath>
  <VignettePath>fanart/vignette/73255-26.jpg</VignettePath>
</Banner>
<Banner>
  <id>204121</id>
  <BannerPath>fanart/original/73255-45.jpg</BannerPath>
  <BannerType>fanart</BannerType>
  <BannerType2>1920x1080</BannerType2>
  <Colors>|255,255,255|254,255,255|23,27,30|</Colors>
  <Language>en</Language>
  <Rating>4.8000</Rating>
  <RatingCount>10</RatingCount>
  <SeriesName>true</SeriesName>
  <ThumbnailPath>_cache/fanart/original/73255-45.jpg</ThumbnailPath>
  <VignettePath>fanart/vignette/73255-45.jpg</VignettePath>
</Banner>
<Banner>
  <id>227791</id>
  <BannerPath>fanart/original/73255-53.jpg</BannerPath>
  <BannerType>fanart</BannerType>
  <BannerType2>1280x720</BannerType2>
  <Colors></Colors>
  <Language>en</Language>
  <Rating>4.8000</Rating>
  <RatingCount>5</RatingCount>
  <SeriesName>false</SeriesName>
  <ThumbnailPath>_cache/fanart/original/73255-53.jpg</ThumbnailPath>
  <VignettePath>fanart/vignette/73255-53.jpg</VignettePath>
</Banner>
<Banner>
  <id>75021</id>
  <BannerPath>fanart/original/73255-34.jpg</BannerPath>
  <BannerType>fanart</BannerType>
  <BannerType2>1280x720</BannerType2>
  <Colors></Colors>
  <Language>en</Language>
  <Rating>4.7778</Rating>
  <RatingCount>9</RatingCount>
  <SeriesName>false</SeriesName>
  <ThumbnailPath>_cache/fanart/original/73255-34.jpg</ThumbnailPath>
  <VignettePath>fanart/vignette/73255-34.jpg</VignettePath>
</Banner>
<Banner>
  <id>36434</id>
  <BannerPath>fanart/original/73255-28.jpg</BannerPath>
  <BannerType>fanart</BannerType>
  <BannerType2>1920x1080</BannerType2>
  <Colors>|177,178,180|0,0,0|115,116,120|</Colors>
  <Language>en</Language>
  <Rating>4.7500</Rating>
  <RatingCount>8</RatingCount>
  <SeriesName>false</SeriesName>
  <ThumbnailPath>_cache/fanart/original/73255-28.jpg</ThumbnailPath>
  <VignettePath>fanart/vignette/73255-28.jpg</VignettePath>
</Banner>
<Banner>
  <id>27519</id>
  <BannerPath>fanart/original/73255-18.jpg</BannerPath>
  <BannerType>fanart</BannerType>
  <BannerType2>1280x720</BannerType2>
  <Colors>|255,237,220|11,1,2|161,146,103|</Colors>
  <Language>en</Language>
  <Rating>4.6667</Rating>
  <RatingCount>6</RatingCount>
  <SeriesName>false</SeriesName>
  <ThumbnailPath>_cache/fanart/original/73255-18.jpg</ThumbnailPath>
  <VignettePath>fanart/vignette/73255-18.jpg</VignettePath>
</Banner>
<Banner>
  <id>30834</id>
  <BannerPath>fanart/original/73255-22.jpg</BannerPath>
  <BannerType>fanart</BannerType>
  <BannerType2>1920x1080</BannerType2>
  <Colors>|250,250,252|1,1,1|85,192,186|</Colors>
  <Language>en</Language>
  <Rating>4.6250</Rating>
  <RatingCount>8</RatingCount>
  <SeriesName>false</SeriesName>
  <ThumbnailPath>_cache/fanart/original/73255-22.jpg</ThumbnailPath>
  <VignettePath>fanart/vignette/73255-22.jpg</VignettePath>
</Banner>
<Banner>
  <id>23417</id>
  <BannerPath>fanart/original/73255-14.jpg</BannerPath>
  <BannerType>fanart</BannerType>
  <BannerType2>1920x1080</BannerType2>
  <Colors>|255,255,255|50,50,50|224,183,163|</Colors>
  <Language>en</Language>
  <Rating>4.5000</Rating>
  <RatingCount>6</RatingCount>
  <SeriesName>false</SeriesName>
  <ThumbnailPath>_cache/fanart/original/73255-14.jpg</ThumbnailPath>
  <VignettePath>fanart/vignette/73255-14.jpg</VignettePath>
</Banner>
<Banner>
  <id>310601</id>
  <BannerPath>fanart/original/73255-52.jpg</BannerPath>
  <BannerType>fanart</BannerType>
  <BannerType2>1280x720</BannerType2>
  <Colors></Colors>
  <Language>en</Language>
  <Rating>4.5000</Rating>
  <RatingCount>4</RatingCount>
  <SeriesName>false</SeriesName>
  <ThumbnailPath>_cache/fanart/original/73255-52.jpg</ThumbnailPath>
  <VignettePath>fanart/vignette/73255-52.jpg</VignettePath>
</Banner>
<Banner>
  <id>20268</id>
  <BannerPath>fanart/original/73255-2.jpg</BannerPath>
  <BannerType>fanart</BannerType>
  <BannerType2>1280x720</BannerType2>
  <Colors>|223,223,223|75,75,75|133,152,158|</Colors>
  <Language>en</Language>
  <Rating>4.5000</Rating>
  <RatingCount>6</RatingCount>
  <SeriesName>false</SeriesName>
  <ThumbnailPath>_cache/fanart/original/73255-2.jpg</ThumbnailPath>
  <VignettePath>fanart/vignette/73255-2.jpg</VignettePath>
</Banner>
<Banner>
  <id>876490</id>
  <BannerPath>fanart/original/73255-64.jpg</BannerPath>
  <BannerType>fanart</BannerType>
  <BannerType2>1920x1080</BannerType2>
  <Colors></Colors>
  <Language>en</Language>
  <Rating>4.5000</Rating>
  <RatingCount>2</RatingCount>
  <SeriesName>false</SeriesName>
  <ThumbnailPath>_cache/fanart/original/73255-64.jpg</ThumbnailPath>
  <VignettePath>fanart/vignette/73255-64.jpg</VignettePath>
</Banner>
<Banner>
  <id>20467</id>
  <BannerPath>fanart/original/73255-8.jpg</BannerPath>
  <BannerType>fanart</BannerType>
  <BannerType2>1280x720</BannerType2>
  <Colors>|254,226,215|28,49,76|237,241,244|</Colors>
  <Language>en</Language>
  <Rating>4.4000</Rating>
  <RatingCount>5</RatingCount>
  <SeriesName>false</SeriesName>
  <ThumbnailPath>_cache/fanart/original/73255-8.jpg</ThumbnailPath>
  <VignettePath>fanart/vignette/73255-8.jpg</VignettePath>
</Banner>
<Banner>
  <id>20356</id>
  <BannerPath>fanart/original/73255-5.jpg</BannerPath>
  <BannerType>fanart</BannerType>
  <BannerType2>1280x720</BannerType2>
  <Colors>|221,221,221|192,226,253|81,79,84|</Colors>
  <Language>en</Language>
  <Rating>4.2857</Rating>
  <RatingCount>7</RatingCount>
  <SeriesName>false</SeriesName>
  <ThumbnailPath>_cache/fanart/original/73255-5.jpg</ThumbnailPath>
  <VignettePath>fanart/vignette/73255-5.jpg</VignettePath>
</Banner>
<Banner>
  <id>877508</id>
  <BannerPath>fanart/original/73255-65.jpg</BannerPath>
  <BannerType>fanart</BannerType>
  <BannerType2>1920x1080</BannerType2>
  <Colors>|227,228,230|22,22,22|187,152,114|</Colors>
  <Language>en</Language>
  <Rating>4.2857</Rating>
  <RatingCount>7</RatingCount>
  <SeriesName>false</SeriesName>
  <ThumbnailPath>_cache/fanart/original/73255-65.jpg</ThumbnailPath>
  <VignettePath>fanart/vignette/73255-65.jpg</VignettePath>
</Banner>
<Banner>
  <id>227851</id>
  <BannerPath>fanart/original/73255-58.jpg</BannerPath>
  <BannerType>fanart</BannerType>
  <BannerType2>1280x720</BannerType2>
  <Colors></Colors>
  <Language>en</Language>
  <Rating>4.2500</Rating>
  <RatingCount>4</RatingCount>
  <SeriesName>false</SeriesName>
  <ThumbnailPath>_cache/fanart/original/73255-58.jpg</ThumbnailPath>
  <VignettePath>fanart/vignette/73255-58.jpg</VignettePath>
</Banner>
<Banner>
  <id>25891</id>
  <BannerPath>fanart/original/73255-15.jpg</BannerPath>
  <BannerType>fanart</BannerType>
  <BannerType2>1280x720</BannerType2>
  <Colors>|9,9,11|209,209,209|10,10,12|</Colors>
  <Language>en</Language>
  <Rating>4.2222</Rating>
  <RatingCount>9</RatingCount>
  <SeriesName>false</SeriesName>
  <ThumbnailPath>_cache/fanart/original/73255-15.jpg</ThumbnailPath>
  <VignettePath>fanart/vignette/73255-15.jpg</VignettePath>
</Banner>
<Banner>
  <id>763841</id>
  <BannerPath>fanart/original/73255-61.jpg</BannerPath>
  <BannerType>fanart</BannerType>
  <BannerType2>1920x1080</BannerType2>
  <Colors></Colors>
  <Language>en</Language>
  <Rating>4.2000</Rating>
  <RatingCount>5</RatingCount>
  <SeriesName>false</SeriesName>
  <ThumbnailPath>_cache/fanart/original/73255-61.jpg</ThumbnailPath>
  <VignettePath>fanart/vignette/73255-61.jpg</VignettePath>
</Banner>
<Banner>
  <id>28511</id>
  <BannerPath>fanart/original/73255-20.jpg</BannerPath>
  <BannerType>fanart</BannerType>
  <BannerType2>1920x1080</BannerType2>
  <Colors>|253,215,202|20,20,22|191,145,129|</Colors>
  <Language>en</Language>
  <Rating>4.1111</Rating>
  <RatingCount>9</RatingCount>
  <SeriesName>false</SeriesName>
  <ThumbnailPath>_cache/fanart/original/73255-20.jpg</ThumbnailPath>
  <VignettePath>fanart/vignette/73255-20.jpg</VignettePath>
</Banner>
<Banner>
  <id>878445</id>
  <BannerPath>fanart/original/73255-63.jpg</BannerPath>
  <BannerType>fanart</BannerType>
  <BannerType2>1920x1080</BannerType2>
  <Colors></Colors>
  <Language>en</Language>
  <Rating>4.0000</Rating>
  <RatingCount>2</RatingCount>
  <SeriesName>false</SeriesName>
  <ThumbnailPath>_cache/fanart/original/73255-63.jpg</ThumbnailPath>
  <VignettePath>fanart/vignette/73255-63.jpg</VignettePath>
</Banner>
<Banner>
  <id>910006</id>
  <BannerPath>fanart/original/73255-71.jpg</BannerPath>
  <BannerType>fanart</BannerType>
  <BannerType2>1920x1080</BannerType2>
  <Colors></Colors>
  <Language>en</Language>
  <Rating>4.0000</Rating>
  <RatingCount>2</RatingCount>
  <SeriesName>false</SeriesName>
  <ThumbnailPath>_cache/fanart/original/73255-71.jpg</ThumbnailPath>
  <VignettePath>fanart/vignette/73255-71.jpg</VignettePath>
</Banner>
<Banner>
  <id>79001</id>
  <BannerPath>fanart/original/73255-35.jpg</BannerPath>
  <BannerType>fanart</BannerType>
  <BannerType2>1920x1080</BannerType2>
  <Colors>|255,255,255|41,38,33|217,207,195|</Colors>
  <Language>en</Language>
  <Rating>4.0000</Rating>
  <RatingCount>7</RatingCount>
  <SeriesName>false</SeriesName>
  <ThumbnailPath>_cache/fanart/original/73255-35.jpg</ThumbnailPath>
  <VignettePath>fanart/vignette/73255-35.jpg</VignettePath>
</Banner>
<Banner>
  <id>42621</id>
  <BannerPath>fanart/original/73255-30.jpg</BannerPath>
  <BannerType>fanart</BannerType>
  <BannerType2>1280x720</BannerType2>
  <Colors></Colors>
  <Language>en</Language>
  <Rating>3.8000</Rating>
  <RatingCount>5</RatingCount>
  <SeriesName>false</SeriesName>
  <ThumbnailPath>_cache/fanart/original/73255-30.jpg</ThumbnailPath>
  <VignettePath>fanart/vignette/73255-30.jpg</VignettePath>
</Banner>
<Banner>
  <id>84601</id>
  <BannerPath>fanart/original/73255-39.jpg</BannerPath>
  <BannerType>fanart</BannerType>
  <BannerType2>1280x720</BannerType2>
  <Colors></Colors>
  <Language>en</Language>
  <Rating>3.7500</Rating>
  <RatingCount>4</RatingCount>
  <SeriesName>false</SeriesName>
  <ThumbnailPath>_cache/fanart/original/73255-39.jpg</ThumbnailPath>
  <VignettePath>fanart/vignette/73255-39.jpg</VignettePath>
</Banner>
<Banner>
  <id>227801</id>
  <BannerPath>fanart/original/73255-54.jpg</BannerPath>
  <BannerType>fanart</BannerType>
  <BannerType2>1280x720</BannerType2>
  <Colors></Colors>
  <Language>en</Language>
  <Rating>3.4000</Rating>
  <RatingCount>5</RatingCount>
  <SeriesName>false</SeriesName>
  <ThumbnailPath>_cache/fanart/original/73255-54.jpg</ThumbnailPath>
  <VignettePath>fanart/vignette/73255-54.jpg</VignettePath>
</Banner>
<Banner>
  <id>227821</id>
  <BannerPath>fanart/original/73255-55.jpg</BannerPath>
  <BannerType>fanart</BannerType>
  <BannerType2>1280x720</BannerType2>
  <Colors></Colors>
  <Language>en</Language>
  <Rating>3.2500</Rating>
  <RatingCount>4</RatingCount>
  <SeriesName>false</SeriesName>
  <ThumbnailPath>_cache/fanart/original/73255-55.jpg</ThumbnailPath>
  <VignettePath>fanart/vignette/73255-55.jpg</VignettePath>
</Banner>
<Banner>
  <id>21285</id>
  <BannerPath>fanart/original/73255-10.jpg</BannerPath>
  <BannerType>fanart</BannerType>
  <BannerType2>1920x1080</BannerType2>
  <Colors>|108,7,25|36,38,51|156,151,147|</Colors>
  <Language>en</Language>
  <Rating>3.2000</Rating>
  <RatingCount>5</RatingCount>
  <SeriesName>false</SeriesName>
  <ThumbnailPath>_cache/fanart/original/73255-10.jpg</ThumbnailPath>
  <VignettePath>fanart/vignette/73255-10.jpg</VignettePath>
</Banner>
<Banner>
  <id>618161</id>
  <BannerPath>fanart/original/73255-60.jpg</BannerPath>
  <BannerType>fanart</BannerType>
  <BannerType2>1920x1080</BannerType2>
  <Colors></Colors>
  <Language>de</Language>
  <Rating>3.2000</Rating>
  <RatingCount>5</RatingCount>
  <SeriesName>false</SeriesName>
  <ThumbnailPath>_cache/fanart/original/73255-60.jpg</ThumbnailPath>
  <VignettePath>fanart/vignette/73255-60.jpg</VignettePath>
</Banner>
<Banner>
  <id>84581</id>
  <BannerPath>fanart/original/73255-37.jpg</BannerPath>
  <BannerType>fanart</BannerType>
  <BannerType2>1280x720</BannerType2>
  <Colors></Colors>
  <Language>en</Language>
  <Rating>3.0000</Rating>
  <RatingCount>3</RatingCount>
  <SeriesName>false</SeriesName>
  <ThumbnailPath>_cache/fanart/original/73255-37.jpg</ThumbnailPath>
  <VignettePath>fanart/vignette/73255-37.jpg</VignettePath>
</Banner>
<Banner>
  <id>227771</id>
  <BannerPath>fanart/original/73255-51.jpg</BannerPath>
  <BannerType>fanart</BannerType>
  <BannerType2>1280x720</BannerType2>
  <Colors></Colors>
  <Language>en</Language>
  <Rating>3.0000</Rating>
  <RatingCount>6</RatingCount>
  <SeriesName>false</SeriesName>
  <ThumbnailPath>_cache/fanart/original/73255-51.jpg</ThumbnailPath>
  <VignettePath>fanart/vignette/73255-51.jpg</VignettePath>
</Banner>
<Banner>
  <id>227761</id>
  <BannerPath>fanart/original/73255-50.jpg</BannerPath>
  <BannerType>fanart</BannerType>
  <BannerType2>1280x720</BannerType2>
  <Colors></Colors>
  <Language>en</Language>
  <Rating>3.0000</Rating>
  <RatingCount>4</RatingCount>
  <SeriesName>false</SeriesName>
  <ThumbnailPath>_cache/fanart/original/73255-50.jpg</ThumbnailPath>
  <VignettePath>fanart/vignette/73255-50.jpg</VignettePath>
</Banner>
<Banner>
  <id>131581</id>
  <BannerPath>fanart/original/73255-41.jpg</BannerPath>
  <BannerType>fanart</BannerType>
  <BannerType2>1920x1080</BannerType2>
  <Colors></Colors>
  <Language>en</Language>
  <Rating>2.8000</Rating>
  <RatingCount>5</RatingCount>
  <SeriesName>false</SeriesName>
  <ThumbnailPath>_cache/fanart/original/73255-41.jpg</ThumbnailPath>
  <VignettePath>fanart/vignette/73255-41.jpg</VignettePath>
</Banner>
<Banner>
  <id>253641</id>
  <BannerPath>fanart/original/73255-49.jpg</BannerPath>
  <BannerType>fanart</BannerType>
  <BannerType2>1280x720</BannerType2>
  <Colors>|244,243,249|101,129,91|210,162,140|</Colors>
  <Language>en</Language>
  <Rating>2.0000</Rating>
  <RatingCount>4</RatingCount>
  <SeriesName>false</SeriesName>
  <ThumbnailPath>_cache/fanart/original/73255-49.jpg</ThumbnailPath>
  <VignettePath>fanart/vignette/73255-49.jpg</VignettePath>
</Banner>
<Banner>
  <id>880489</id>
  <BannerPath>fanart/original/73255-68.jpg</BannerPath>
  <BannerType>fanart</BannerType>
  <BannerType2>1920x1080</BannerType2>
  <Colors></Colors>
  <Language>en</Language>
  <Rating>1.0000</Rating>
  <RatingCount>2</RatingCount>
  <SeriesName>false</SeriesName>
  <ThumbnailPath>_cache/fanart/original/73255-68.jpg</ThumbnailPath>
  <VignettePath>fanart/vignette/73255-68.jpg</VignettePath>
</Banner>
<Banner>
  <id>920021</id>
  <BannerPath>fanart/original/73255-74.jpg</BannerPath>
  <BannerType>fanart</BannerType>
  <BannerType2>1920x1080</BannerType2>
  <Colors></Colors>
  <Language>fr</Language>
  <Rating></Rating>
  <RatingCount>0</RatingCount>
  <SeriesName>false</SeriesName>
  <ThumbnailPath>_cache/fanart/original/73255-74.jpg</ThumbnailPath>
  <VignettePath>fanart/vignette/73255-74.jpg</VignettePath>
</Banner>
<Banner>
  <id>920019</id>
  <BannerPath>fanart/original/73255-72.jpg</BannerPath>
  <BannerType>fanart</BannerType>
  <BannerType2>1920x1080</BannerType2>
  <Colors></Colors>
  <Language>fr</Language>
  <Rating></Rating>
  <RatingCount>0</RatingCount>
  <SeriesName>false</SeriesName>
  <ThumbnailPath>_cache/fanart/original/73255-72.jpg</ThumbnailPath>
  <VignettePath>fanart/vignette/73255-72.jpg</VignettePath>
</Banner>
<Banner>
  <id>920020</id>
  <BannerPath>fanart/original/73255-73.jpg</BannerPath>
  <BannerType>fanart</BannerType>
  <BannerType2>1920x1080</BannerType2>
  <Colors></Colors>
  <Language>fr</Language>
  <Rating></Rating>
  <RatingCount>0</RatingCount>
  <SeriesName>false</SeriesName>
  <ThumbnailPath>_cache/fanart/original/73255-73.jpg</ThumbnailPath>
  <VignettePath>fanart/vignette/73255-73.jpg</VignettePath>
</Banner>
<Banner>
  <id>230801</id>
  <BannerPath>posters/73255-24.jpg</BannerPath>
  <BannerType>poster</BannerType>
  <BannerType2>680x1000</BannerType2>
  <Language>en</Language>
  <Rating>7.0625</Rating>
  <RatingCount>32</RatingCount>
</Banner>
<Banner>
  <id>28578</id>
  <BannerPath>posters/73255-3.jpg</BannerPath>
  <BannerType>poster</BannerType>
  <BannerType2>680x1000</BannerType2>
  <Language>en</Language>
  <Rating>6.9429</Rating>
  <RatingCount>35</RatingCount>
</Banner>
<Banner>
  <id>29099</id>
  <BannerPath>posters/73255-7.jpg</BannerPath>
  <BannerType>poster</BannerType>
  <BannerType2>680x1000</BannerType2>
  <Language>en</Language>
  <Rating>6.6923</Rating>
  <RatingCount>13</RatingCount>
</Banner>
<Banner>
  <id>25664</id>
  <BannerPath>posters/73255-1.jpg</BannerPath>
  <BannerType>poster</BannerType>
  <BannerType2>680x1000</BannerType2>
  <Language>en</Language>
  <Rating>6.6190</Rating>
  <RatingCount>21</RatingCount>
</Banner>
<Banner>
  <id>876204</id>
  <BannerPath>posters/73255-37.jpg</BannerPath>
  <BannerType>poster</BannerType>
  <BannerType2>680x1000</BannerType2>
  <Language>en</Language>
  <Rating>6.6000</Rating>
  <RatingCount>5</RatingCount>
</Banner>
<Banner>
  <id>28579</id>
  <BannerPath>posters/73255-4.jpg</BannerPath>
  <BannerType>poster</BannerType>
  <BannerType2>680x1000</BannerType2>
  <Language>en</Language>
  <Rating>6.6000</Rating>
  <RatingCount>10</RatingCount>
</Banner>
<Banner>
  <id>196641</id>
  <BannerPath>posters/73255-13.jpg</BannerPath>
  <BannerType>poster</BannerType>
  <BannerType2>680x1000</BannerType2>
  <Language>en</Language>
  <Rating>6.5556</Rating>
  <RatingCount>9</RatingCount>
</Banner>
<Banner>
  <id>224011</id>
  <BannerPath>posters/73255-23.jpg</BannerPath>
  <BannerType>poster</BannerType>
  <BannerType2>680x1000</BannerType2>
  <Language>en</Language>
  <Rating>6.3846</Rating>
  <RatingCount>13</RatingCount>
</Banner>
<Banner>
  <id>198171</id>
  <BannerPath>posters/73255-17.jpg</BannerPath>
  <BannerType>poster</BannerType>
  <BannerType2>680x1000</BannerType2>
  <Language>en</Language>
  <Rating>6.3636</Rating>
  <RatingCount>11</RatingCount>
</Banner>
<Banner>
  <id>196751</id>
  <BannerPath>posters/73255-16.jpg</BannerPath>
  <BannerType>poster</BannerType>
  <BannerType2>680x1000</BannerType2>
  <Language>en</Language>
  <Rating>6.3333</Rating>
  <RatingCount>6</RatingCount>
</Banner>
<Banner>
  <id>210521</id>
  <BannerPath>posters/73255-18.jpg</BannerPath>
  <BannerType>poster</BannerType>
  <BannerType2>680x1000</BannerType2>
  <Language>en</Language>
  <Rating>6.2857</Rating>
  <RatingCount>14</RatingCount>
</Banner>
<Banner>
  <id>196691</id>
  <BannerPath>posters/73255-15.jpg</BannerPath>
  <BannerType>poster</BannerType>
  <BannerType2>680x1000</BannerType2>
  <Language>en</Language>
  <Rating>6.2500</Rating>
  <RatingCount>8</RatingCount>
</Banner>
<Banner>
  <id>25914</id>
  <BannerPath>posters/73255-2.jpg</BannerPath>
  <BannerType>poster</BannerType>
  <BannerType2>680x1000</BannerType2>
  <Language>en</Language>
  <Rating>6.2308</Rating>
  <RatingCount>13</RatingCount>
</Banner>
<Banner>
  <id>883255</id>
  <BannerPath>posters/73255-41.jpg</BannerPath>
  <BannerType>poster</BannerType>
  <BannerType2>680x1000</BannerType2>
  <Language>en</Language>
  <Rating>6.2000</Rating>
  <RatingCount>5</RatingCount>
</Banner>
<Banner>
  <id>29097</id>
  <BannerPath>posters/73255-5.jpg</BannerPath>
  <BannerType>poster</BannerType>
  <BannerType2>680x1000</BannerType2>
  <Language>en</Language>
  <Rating>6.2000</Rating>
  <RatingCount>15</RatingCount>
</Banner>
<Banner>
  <id>585981</id>
  <BannerPath>posters/73255-26.jpg</BannerPath>
  <BannerType>poster</BannerType>
  <BannerType2>680x1000</BannerType2>
  <Language>en</Language>
  <Rating>6.1111</Rating>
  <RatingCount>9</RatingCount>
</Banner>
<Banner>
  <id>876640</id>
  <BannerPath>posters/73255-39.jpg</BannerPath>
  <BannerType>poster</BannerType>
  <BannerType2>680x1000</BannerType2>
  <Language>en</Language>
  <Rating>6.0000</Rating>
  <RatingCount>3</RatingCount>
</Banner>
<Banner>
  <id>832171</id>
  <BannerPath>posters/73255-34.jpg</BannerPath>
  <BannerType>poster</BannerType>
  <BannerType2>680x1000</BannerType2>
  <Language>en</Language>
  <Rating>6.0000</Rating>
  <RatingCount>3</RatingCount>
</Banner>
<Banner>
  <id>586111</id>
  <BannerPath>posters/73255-28.jpg</BannerPath>
  <BannerType>poster</BannerType>
  <BannerType2>680x1000</BannerType2>
  <Language>en</Language>
  <Rating>6.0000</Rating>
  <RatingCount>4</RatingCount>
</Banner>
<Banner>
  <id>890767</id>
  <BannerPath>posters/73255-42.jpg</BannerPath>
  <BannerType>poster</BannerType>
  <BannerType2>680x1000</BannerType2>
  <Language>en</Language>
  <Rating>6.0000</Rating>
  <RatingCount>3</RatingCount>
</Banner>
<Banner>
  <id>763831</id>
  <BannerPath>posters/73255-30.jpg</BannerPath>
  <BannerType>poster</BannerType>
  <BannerType2>680x1000</BannerType2>
  <Language>en</Language>
  <Rating>6.0000</Rating>
  <RatingCount>1</RatingCount>
</Banner>
<Banner>
  <id>29100</id>
  <BannerPath>posters/73255-8.jpg</BannerPath>
  <BannerType>poster</BannerType>
  <BannerType2>680x1000</BannerType2>
  <Language>en</Language>
  <Rating>5.8000</Rating>
  <RatingCount>10</RatingCount>
</Banner>
<Banner>
  <id>210531</id>
  <BannerPath>posters/73255-20.jpg</BannerPath>
  <BannerType>poster</BannerType>
  <BannerType2>680x1000</BannerType2>
  <Language>en</Language>
  <Rating>5.7500</Rating>
  <RatingCount>4</RatingCount>
</Banner>
<Banner>
  <id>596031</id>
  <BannerPath>posters/73255-29.jpg</BannerPath>
  <BannerType>poster</BannerType>
  <BannerType2>680x1000</BannerType2>
  <Language>en</Language>
  <Rating>5.7500</Rating>
  <RatingCount>4</RatingCount>
</Banner>
<Banner>
  <id>586041</id>
  <BannerPath>posters/73255-27.jpg</BannerPath>
  <BannerType>poster</BannerType>
  <BannerType2>680x1000</BannerType2>
  <Language>en</Language>
  <Rating>5.6000</Rating>
  <RatingCount>5</RatingCount>
</Banner>
<Banner>
  <id>585961</id>
  <BannerPath>posters/73255-25.jpg</BannerPath>
  <BannerType>poster</BannerType>
  <BannerType2>680x1000</BannerType2>
  <Language>en</Language>
  <Rating>5.6000</Rating>
  <RatingCount>5</RatingCount>
</Banner>
<Banner>
  <id>387781</id>
  <BannerPath>posters/73255-22.jpg</BannerPath>
  <BannerType>poster</BannerType>
  <BannerType2>680x1000</BannerType2>
  <Language>en</Language>
  <Rating>5.3333</Rating>
  <RatingCount>6</RatingCount>
</Banner>
<Banner>
  <id>880273</id>
  <BannerPath>posters/73255-40.jpg</BannerPath>
  <BannerType>poster</BannerType>
  <BannerType2>680x1000</BannerType2>
  <Language>en</Language>
  <Rating>5.2000</Rating>
  <RatingCount>5</RatingCount>
</Banner>
<Banner>
  <id>210701</id>
  <BannerPath>posters/73255-21.jpg</BannerPath>
  <BannerType>poster</BannerType>
  <BannerType2>680x1000</BannerType2>
  <Language>en</Language>
  <Rating>5.0000</Rating>
  <RatingCount>5</RatingCount>
</Banner>
<Banner>
  <id>832131</id>
  <BannerPath>posters/73255-31.jpg</BannerPath>
  <BannerType>poster</BannerType>
  <BannerType2>680x1000</BannerType2>
  <Language>en</Language>
  <Rating>5.0000</Rating>
  <RatingCount>2</RatingCount>
</Banner>
<Banner>
  <id>33710</id>
  <BannerPath>posters/73255-10.jpg</BannerPath>
  <BannerType>poster</BannerType>
  <BannerType2>680x1000</BannerType2>
  <Language>en</Language>
  <Rating>4.8571</Rating>
  <RatingCount>7</RatingCount>
</Banner>
<Banner>
  <id>196631</id>
  <BannerPath>posters/73255-12.jpg</BannerPath>
  <BannerType>poster</BannerType>
  <BannerType2>680x1000</BannerType2>
  <Language>en</Language>
  <Rating>4.7500</Rating>
  <RatingCount>4</RatingCount>
</Banner>
<Banner>
  <id>876205</id>
  <BannerPath>posters/73255-38.jpg</BannerPath>
  <BannerType>poster</BannerType>
  <BannerType2>680x1000</BannerType2>
  <Language>en</Language>
  <Rating>4.7500</Rating>
  <RatingCount>4</RatingCount>
</Banner>
<Banner>
  <id>29301</id>
  <BannerPath>posters/73255-9.jpg</BannerPath>
  <BannerType>poster</BannerType>
  <BannerType2>680x1000</BannerType2>
  <Language>en</Language>
  <Rating>4.6000</Rating>
  <RatingCount>5</RatingCount>
</Banner>
<Banner>
  <id>196621</id>
  <BannerPath>posters/73255-11.jpg</BannerPath>
  <BannerType>poster</BannerType>
  <BannerType2>680x1000</BannerType2>
  <Language>en</Language>
  <Rating>4.0000</Rating>
  <RatingCount>5</RatingCount>
</Banner>
<Banner>
  <id>29098</id>
  <BannerPath>posters/73255-6.jpg</BannerPath>
  <BannerType>poster</BannerType>
  <BannerType2>680x1000</BannerType2>
  <Language>en</Language>
  <Rating>4.0000</Rating>
  <RatingCount>5</RatingCount>
</Banner>
<Banner>
  <id>210511</id>
  <BannerPath>posters/73255-19.jpg</BannerPath>
  <BannerType>poster</BannerType>
  <BannerType2>680x1000</BannerType2>
  <Language>en</Language>
  <Rating>4.0000</Rating>
  <RatingCount>4</RatingCount>
</Banner>
<Banner>
  <id>832181</id>
  <BannerPath>posters/73255-35.jpg</BannerPath>
  <BannerType>poster</BannerType>
  <BannerType2>680x1000</BannerType2>
  <Language>en</Language>
  <Rating>3.5000</Rating>
  <RatingCount>2</RatingCount>
</Banner>
<Banner>
  <id>196681</id>
  <BannerPath>posters/73255-14.jpg</BannerPath>
  <BannerType>poster</BannerType>
  <BannerType2>680x1000</BannerType2>
  <Language>en</Language>
  <Rating>3.2500</Rating>
  <RatingCount>4</RatingCount>
</Banner>
<Banner>
  <id>832151</id>
  <BannerPath>posters/73255-32.jpg</BannerPath>
  <BannerType>poster</BannerType>
  <BannerType2>680x1000</BannerType2>
  <Language>en</Language>
  <Rating>1.5000</Rating>
  <RatingCount>2</RatingCount>
</Banner>
<Banner>
  <id>886597</id>
  <BannerPath>seasons/73255-7-7.jpg</BannerPath>
  <BannerType>season</BannerType>
  <BannerType2>season</BannerType2>
  <Language>en</Language>
  <Rating>10.0000</Rating>
  <RatingCount>3</RatingCount>
  <Season>7</Season>
</Banner>
<Banner>
  <id>912316</id>
  <BannerPath>seasons/73255-8-3.jpg</BannerPath>
  <BannerType>season</BannerType>
  <BannerType2>season</BannerType2>
  <Language>en</Language>
  <Rating>10.0000</Rating>
  <RatingCount>3</RatingCount>
  <Season>8</Season>
</Banner>
<Banner>
  <id>865792</id>
  <BannerPath>seasons/73255-0-2.jpg</BannerPath>
  <BannerType>season</BannerType>
  <BannerType2>season</BannerType2>
  <Language>en</Language>
  <Rating>10.0000</Rating>
  <RatingCount>2</RatingCount>
  <Season>0</Season>
</Banner>
<Banner>
  <id>42615</id>
  <BannerPath>seasons/73255-1-12.jpg</BannerPath>
  <BannerType>season</BannerType>
  <BannerType2>season</BannerType2>
  <Language>en</Language>
  <Rating>9.2143</Rating>
  <RatingCount>14</RatingCount>
  <Season>1</Season>
</Banner>
<Banner>
  <id>50661</id>
  <BannerPath>seasons/73255-2-10.jpg</BannerPath>
  <BannerType>season</BannerType>
  <BannerType2>season</BannerType2>
  <Language>en</Language>
  <Rating>9.1000</Rating>
  <RatingCount>10</RatingCount>
  <Season>2</Season>
</Banner>
<Banner>
  <id>50681</id>
  <BannerPath>seasons/73255-4-15.jpg</BannerPath>
  <BannerType>season</BannerType>
  <BannerType2>season</BannerType2>
  <Language>en</Language>
  <Rating>9.0769</Rating>
  <RatingCount>13</RatingCount>
  <Season>4</Season>
</Banner>
<Banner>
  <id>223551</id>
  <BannerPath>seasons/73255-5-7.jpg</BannerPath>
  <BannerType>season</BannerType>
  <BannerType2>season</BannerType2>
  <Language>en</Language>
  <Rating>8.7692</Rating>
  <RatingCount>13</RatingCount>
  <Season>5</Season>
</Banner>
<Banner>
  <id>865770</id>
  <BannerPath>seasons/73255-2-14.jpg</BannerPath>
  <BannerType>season</BannerType>
  <BannerType2>season</BannerType2>
  <Language>en</Language>
  <Rating>8.6667</Rating>
  <RatingCount>6</RatingCount>
  <Season>2</Season>
</Banner>
<Banner>
  <id>42619</id>
  <BannerPath>seasons/73255-3-12.jpg</BannerPath>
  <BannerType>season</BannerType>
  <BannerType2>season</BannerType2>
  <Language>en</Language>
  <Rating>8.6154</Rating>
  <RatingCount>13</RatingCount>
  <Season>3</Season>
</Banner>
<Banner>
  <id>26903</id>
  <BannerPath>seasons/73255-4-8.jpg</BannerPath>
  <BannerType>season</BannerType>
  <BannerType2>season</BannerType2>
  <Language>en</Language>
  <Rating>8.5714</Rating>
  <RatingCount>7</RatingCount>
  <Season>4</Season>
</Banner>
<Banner>
  <id>27388</id>
  <BannerPath>seasons/73255-2-3.jpg</BannerPath>
  <BannerType>season</BannerType>
  <BannerType2>season</BannerType2>
  <Language>es</Language>
  <Rating>8.5000</Rating>
  <RatingCount>2</RatingCount>
  <Season>2</Season>
</Banner>
<Banner>
  <id>935705</id>
  <BannerPath>seasons/73255-1-13.jpg</BannerPath>
  <BannerType>season</BannerType>
  <BannerType2>season</BannerType2>
  <Language>en</Language>
  <Rating>8.5000</Rating>
  <RatingCount>2</RatingCount>
  <Season>1</Season>
</Banner>
<Banner>
  <id>10725</id>
  <BannerPath>seasons/73255-1.jpg</BannerPath>
  <BannerType>season</BannerType>
  <BannerType2>season</BannerType2>
  <Language>en</Language>
  <Rating>8.4286</Rating>
  <RatingCount>7</RatingCount>
  <Season>1</Season>
</Banner>
<Banner>
  <id>9082</id>
  <BannerPath>seasons/22374-2-2.jpg</BannerPath>
  <BannerType>season</BannerType>
  <BannerType2>season</BannerType2>
  <Language>en</Language>
  <Rating>8.4000</Rating>
  <RatingCount>5</RatingCount>
  <Season>2</Season>
</Banner>
<Banner>
  <id>886596</id>
  <BannerPath>seasons/73255-8-4.jpg</BannerPath>
  <BannerType>season</BannerType>
  <BannerType2>season</BannerType2>
  <Language>en</Language>
  <Rating>8.3333</Rating>
  <RatingCount>6</RatingCount>
  <Season>8</Season>
</Banner>
<Banner>
  <id>865771</id>
  <BannerPath>seasons/73255-3-13.jpg</BannerPath>
  <BannerType>season</BannerType>
  <BannerType2>season</BannerType2>
  <Language>en</Language>
  <Rating>8.3333</Rating>
  <RatingCount>6</RatingCount>
  <Season>3</Season>
</Banner>
<Banner>
  <id>30137</id>
  <BannerPath>seasons/73255-5-6.jpg</BannerPath>
  <BannerType>season</BannerType>
  <BannerType2>season</BannerType2>
  <Language>en</Language>
  <Rating>8.2500</Rating>
  <RatingCount>4</RatingCount>
  <Season>5</Season>
</Banner>
<Banner>
  <id>27389</id>
  <BannerPath>seasons/73255-1-6.jpg</BannerPath>
  <BannerType>season</BannerType>
  <BannerType2>season</BannerType2>
  <Language>es</Language>
  <Rating>8.0000</Rating>
  <RatingCount>2</RatingCount>
  <Season>1</Season>
</Banner>
<Banner>
  <id>16135</id>
  <BannerPath>seasons/73255-4-2.jpg</BannerPath>
  <BannerType>season</BannerType>
  <BannerType2>season</BannerType2>
  <Language>en</Language>
  <Rating>8.0000</Rating>
  <RatingCount>4</RatingCount>
  <Season>4</Season>
</Banner>
<Banner>
  <id>927634</id>
  <BannerPath>seasons/73255-6-5.jpg</BannerPath>
  <BannerType>season</BannerType>
  <BannerType2>season</BannerType2>
  <Language>it</Language>
  <Rating>8.0000</Rating>
  <RatingCount>2</RatingCount>
  <Season>6</Season>
</Banner>
<Banner>
  <id>865769</id>
  <BannerPath>seasons/73255-1-17.jpg</BannerPath>
  <BannerType>season</BannerType>
  <BannerType2>season</BannerType2>
  <Language>en</Language>
  <Rating>8.0000</Rating>
  <RatingCount>6</RatingCount>
  <Season>1</Season>
</Banner>
<Banner>
  <id>866451</id>
  <BannerPath>seasons/73255-7-6.jpg</BannerPath>
  <BannerType>season</BannerType>
  <BannerType2>season</BannerType2>
  <Language>en</Language>
  <Rating>8.0000</Rating>
  <RatingCount>9</RatingCount>
  <Season>7</Season>
</Banner>
<Banner>
  <id>29953</id>
  <BannerPath>seasons/73255-5-4.jpg</BannerPath>
  <BannerType>season</BannerType>
  <BannerType2>season</BannerType2>
  <Language>en</Language>
  <Rating>7.8750</Rating>
  <RatingCount>8</RatingCount>
  <Season>5</Season>
</Banner>
<Banner>
  <id>14798</id>
  <BannerPath>seasons/73255-2.jpg</BannerPath>
  <BannerType>season</BannerType>
  <BannerType2>season</BannerType2>
  <Language>en</Language>
  <Rating>7.8571</Rating>
  <RatingCount>7</RatingCount>
  <Season>2</Season>
</Banner>
<Banner>
  <id>865772</id>
  <BannerPath>seasons/73255-4-18.jpg</BannerPath>
  <BannerType>season</BannerType>
  <BannerType2>season</BannerType2>
  <Language>en</Language>
  <Rating>7.8333</Rating>
  <RatingCount>6</RatingCount>
  <Season>4</Season>
</Banner>
<Banner>
  <id>582611</id>
  <BannerPath>seasons/73255-7.jpg</BannerPath>
  <BannerType>season</BannerType>
  <BannerType2>season</BannerType2>
  <Language>en</Language>
  <Rating>7.7500</Rating>
  <RatingCount>4</RatingCount>
  <Season>7</Season>
</Banner>
<Banner>
  <id>14800</id>
  <BannerPath>seasons/73255-3-2.jpg</BannerPath>
  <BannerType>season</BannerType>
  <BannerType2>season</BannerType2>
  <Language>en</Language>
  <Rating>7.7143</Rating>
  <RatingCount>7</RatingCount>
  <Season>3</Season>
</Banner>
<Banner>
  <id>235661</id>
  <BannerPath>seasons/73255-6-3.jpg</BannerPath>
  <BannerType>season</BannerType>
  <BannerType2>season</BannerType2>
  <Language>en</Language>
  <Rating>7.6667</Rating>
  <RatingCount>6</RatingCount>
  <Season>6</Season>
</Banner>
<Banner>
  <id>876550</id>
  <BannerPath>seasons/73255-8.jpg</BannerPath>
  <BannerType>season</BannerType>
  <BannerType2>season</BannerType2>
  <Language>en</Language>
  <Rating>7.6000</Rating>
  <RatingCount>5</RatingCount>
  <Season>8</Season>
</Banner>
<Banner>
  <id>865775</id>
  <BannerPath>seasons/73255-7-5.jpg</BannerPath>
  <BannerType>season</BannerType>
  <BannerType2>season</BannerType2>
  <Language>en</Language>
  <Rating>7.6000</Rating>
  <RatingCount>5</RatingCount>
  <Season>7</Season>
</Banner>
<Banner>
  <id>862939</id>
  <BannerPath>seasons/73255-5-3.jpg</BannerPath>
  <BannerType>season</BannerType>
  <BannerType2>season</BannerType2>
  <Language>pt</Language>
  <Rating>7.5000</Rating>
  <RatingCount>2</RatingCount>
  <Season>5</Season>
</Banner>
<Banner>
  <id>10728</id>
  <BannerPath>seasons/73255-1-4.jpg</BannerPath>
  <BannerType>season</BannerType>
  <BannerType2>season</BannerType2>
  <Language>en</Language>
  <Rating>7.5000</Rating>
  <RatingCount>2</RatingCount>
  <Season>1</Season>
</Banner>
<Banner>
  <id>865773</id>
  <BannerPath>seasons/73255-5-10.jpg</BannerPath>
  <BannerType>season</BannerType>
  <BannerType2>season</BannerType2>
  <Language>en</Language>
  <Rating>7.4000</Rating>
  <RatingCount>5</RatingCount>
  <Season>5</Season>
</Banner>
<Banner>
  <id>865774</id>
  <BannerPath>seasons/73255-6-7.jpg</BannerPath>
  <BannerType>season</BannerType>
  <BannerType2>season</BannerType2>
  <Language>en</Language>
  <Rating>7.4000</Rating>
  <RatingCount>5</RatingCount>
  <Season>6</Season>
</Banner>
<Banner>
  <id>236061</id>
  <BannerPath>seasons/73255-6-4.jpg</BannerPath>
  <BannerType>season</BannerType>
  <BannerType2>season</BannerType2>
  <Language>en</Language>
  <Rating>7.3333</Rating>
  <RatingCount>6</RatingCount>
  <Season>6</Season>
</Banner>
<Banner>
  <id>8964</id>
  <BannerPath>seasons/22374-3.jpg</BannerPath>
  <BannerType>season</BannerType>
  <BannerType2>season</BannerType2>
  <Language>en</Language>
  <Rating>7.3333</Rating>
  <RatingCount>3</RatingCount>
  <Season>3</Season>
</Banner>
<Banner>
  <id>26902</id>
  <BannerPath>seasons/73255-4-7.jpg</BannerPath>
  <BannerType>season</BannerType>
  <BannerType2>season</BannerType2>
  <Language>en</Language>
  <Rating>7.3333</Rating>
  <RatingCount>3</RatingCount>
  <Season>4</Season>
</Banner>
<Banner>
  <id>42618</id>
  <BannerPath>seasons/73255-4-14.jpg</BannerPath>
  <BannerType>season</BannerType>
  <BannerType2>season</BannerType2>
  <Language>en</Language>
  <Rating>7.3333</Rating>
  <RatingCount>3</RatingCount>
  <Season>4</Season>
</Banner>
<Banner>
  <id>875950</id>
  <BannerPath>seasons/73255-8-2.jpg</BannerPath>
  <BannerType>season</BannerType>
  <BannerType2>season</BannerType2>
  <Language>en</Language>
  <Rating>7.0000</Rating>
  <RatingCount>3</RatingCount>
  <Season>8</Season>
</Banner>
<Banner>
  <id>325861</id>
  <BannerPath>seasons/73255-5-9.jpg</BannerPath>
  <BannerType>season</BannerType>
  <BannerType2>season</BannerType2>
  <Language>es</Language>
  <Rating>7.0000</Rating>
  <RatingCount>1</RatingCount>
  <Season>5</Season>
</Banner>
<Banner>
  <id>922364</id>
  <BannerPath>seasons/73255-6-10.jpg</BannerPath>
  <BannerType>season</BannerType>
  <BannerType2>season</BannerType2>
  <Language>en</Language>
  <Rating>7.0000</Rating>
  <RatingCount>3</RatingCount>
  <Season>6</Season>
</Banner>
<Banner>
  <id>892899</id>
  <BannerPath>seasons/73255-1-18.jpg</BannerPath>
  <BannerType>season</BannerType>
  <BannerType2>season</BannerType2>
  <Language>he</Language>
  <Rating>7.0000</Rating>
  <RatingCount>3</RatingCount>
  <Season>1</Season>
</Banner>
<Banner>
  <id>267321</id>
  <BannerPath>seasons/73255-3-14.jpg</BannerPath>
  <BannerType>season</BannerType>
  <BannerType2>season</BannerType2>
  <Language>en</Language>
  <Rating>7.0000</Rating>
  <RatingCount>2</RatingCount>
  <Season>3</Season>
</Banner>
<Banner>
  <id>267341</id>
  <BannerPath>seasons/73255-5-8.jpg</BannerPath>
  <BannerType>season</BannerType>
  <BannerType2>season</BannerType2>
  <Language>en</Language>
  <Rating>7.0000</Rating>
  <RatingCount>4</RatingCount>
  <Season>5</Season>
</Banner>
<Banner>
  <id>23043</id>
  <BannerPath>seasons/73255-4-5.jpg</BannerPath>
  <BannerType>season</BannerType>
  <BannerType2>season</BannerType2>
  <Language>en</Language>
  <Rating>7.0000</Rating>
  <RatingCount>2</RatingCount>
  <Season>4</Season>
</Banner>
<Banner>
  <id>267331</id>
  <BannerPath>seasons/73255-4-16.jpg</BannerPath>
  <BannerType>season</BannerType>
  <BannerType2>season</BannerType2>
  <Language>en</Language>
  <Rating>7.0000</Rating>
  <RatingCount>2</RatingCount>
  <Season>4</Season>
</Banner>
<Banner>
  <id>235251</id>
  <BannerPath>seasons/73255-6-2.jpg</BannerPath>
  <BannerType>season</BannerType>
  <BannerType2>season</BannerType2>
  <Language>en</Language>
  <Rating>7.0000</Rating>
  <RatingCount>6</RatingCount>
  <Season>6</Season>
</Banner>
<Banner>
  <id>10727</id>
  <BannerPath>seasons/73255-1-3.jpg</BannerPath>
  <BannerType>season</BannerType>
  <BannerType2>season</BannerType2>
  <Language>en</Language>
  <Rating>7.0000</Rating>
  <RatingCount>1</RatingCount>
  <Season>1</Season>
</Banner>
<Banner>
  <id>6790</id>
  <BannerPath>seasons/22374-2.jpg</BannerPath>
  <BannerType>season</BannerType>
  <BannerType2>season</BannerType2>
  <Language>en</Language>
  <Rating>7.0000</Rating>
  <RatingCount>1</RatingCount>
  <Season>2</Season>
</Banner>
<Banner>
  <id>616781</id>
  <BannerPath>seasons/73255-7-4.jpg</BannerPath>
  <BannerType>season</BannerType>
  <BannerType2>season</BannerType2>
  <Language>en</Language>
  <Rating>6.8182</Rating>
  <RatingCount>11</RatingCount>
  <Season>7</Season>
</Banner>
<Banner>
  <id>862942</id>
  <BannerPath>seasons/73255-6-6.jpg</BannerPath>
  <BannerType>season</BannerType>
  <BannerType2>season</BannerType2>
  <Language>pt</Language>
  <Rating>6.7500</Rating>
  <RatingCount>4</RatingCount>
  <Season>6</Season>
</Banner>
<Banner>
  <id>16134</id>
  <BannerPath>seasons/73255-4.jpg</BannerPath>
  <BannerType>season</BannerType>
  <BannerType2>season</BannerType2>
  <Language>en</Language>
  <Rating>6.6667</Rating>
  <RatingCount>3</RatingCount>
  <Season>4</Season>
</Banner>
<Banner>
  <id>27386</id>
  <BannerPath>seasons/73255-4-10.jpg</BannerPath>
  <BannerType>season</BannerType>
  <BannerType2>season</BannerType2>
  <Language>es</Language>
  <Rating>6.6667</Rating>
  <RatingCount>3</RatingCount>
  <Season>4</Season>
</Banner>
<Banner>
  <id>608361</id>
  <BannerPath>seasons/73255-4-6.jpg</BannerPath>
  <BannerType>season</BannerType>
  <BannerType2>season</BannerType2>
  <Language>fr</Language>
  <Rating>6.5000</Rating>
  <RatingCount>2</RatingCount>
  <Season>4</Season>
</Banner>
<Banner>
  <id>862936</id>
  <BannerPath>seasons/73255-2-13.jpg</BannerPath>
  <BannerType>season</BannerType>
  <BannerType2>season</BannerType2>
  <Language>pt</Language>
  <Rating>6.5000</Rating>
  <RatingCount>2</RatingCount>
  <Season>2</Season>
</Banner>
<Banner>
  <id>862938</id>
  <BannerPath>seasons/73255-4-17.jpg</BannerPath>
  <BannerType>season</BannerType>
  <BannerType2>season</BannerType2>
  <Language>pt</Language>
  <Rating>6.5000</Rating>
  <RatingCount>2</RatingCount>
  <Season>4</Season>
</Banner>
<Banner>
  <id>267301</id>
  <BannerPath>seasons/73255-1-14.jpg</BannerPath>
  <BannerType>season</BannerType>
  <BannerType2>season</BannerType2>
  <Language>en</Language>
  <Rating>6.5000</Rating>
  <RatingCount>2</RatingCount>
  <Season>1</Season>
</Banner>
<Banner>
  <id>10726</id>
  <BannerPath>seasons/73255-1-2.jpg</BannerPath>
  <BannerType>season</BannerType>
  <BannerType2>season</BannerType2>
  <Language>en</Language>
  <Rating>6.5000</Rating>
  <RatingCount>2</RatingCount>
  <Season>1</Season>
</Banner>
<Banner>
  <id>862937</id>
  <BannerPath>seasons/73255-3-10.jpg</BannerPath>
  <BannerType>season</BannerType>
  <BannerType2>season</BannerType2>
  <Language>pt</Language>
  <Rating>6.0000</Rating>
  <RatingCount>2</RatingCount>
  <Season>3</Season>
</Banner>
<Banner>
  <id>267311</id>
  <BannerPath>seasons/73255-2-11.jpg</BannerPath>
  <BannerType>season</BannerType>
  <BannerType2>season</BannerType2>
  <Language>en</Language>
  <Rating>6.0000</Rating>
  <RatingCount>2</RatingCount>
  <Season>2</Season>
</Banner>
<Banner>
  <id>862903</id>
  <BannerPath>seasons/73255-1-16.jpg</BannerPath>
  <BannerType>season</BannerType>
  <BannerType2>season</BannerType2>
  <Language>pt</Language>
  <Rating>6.0000</Rating>
  <RatingCount>2</RatingCount>
  <Season>1</Season>
</Banner>
<Banner>
  <id>608351</id>
  <BannerPath>seasons/73255-3.jpg</BannerPath>
  <BannerType>season</BannerType>
  <BannerType2>season</BannerType2>
  <Language>fr</Language>
  <Rating>6.0000</Rating>
  <RatingCount>2</RatingCount>
  <Season>3</Season>
</Banner>
<Banner>
  <id>6535</id>
  <BannerPath>seasons/22374-1.jpg</BannerPath>
  <BannerType>season</BannerType>
  <BannerType2>season</BannerType2>
  <Language>en</Language>
  <Rating>6.0000</Rating>
  <RatingCount>1</RatingCount>
  <Season>1</Season>
</Banner>
<Banner>
  <id>27387</id>
  <BannerPath>seasons/73255-3-6.jpg</BannerPath>
  <BannerType>season</BannerType>
  <BannerType2>season</BannerType2>
  <Language>es</Language>
  <Rating>5.6667</Rating>
  <RatingCount>3</RatingCount>
  <Season>3</Season>
</Banner>
<Banner>
  <id>892902</id>
  <BannerPath>seasons/73255-4-19.jpg</BannerPath>
  <BannerType>season</BannerType>
  <BannerType2>season</BannerType2>
  <Language>he</Language>
  <Rating>5.5000</Rating>
  <RatingCount>2</RatingCount>
  <Season>4</Season>
</Banner>
<Banner>
  <id>892904</id>
  <BannerPath>seasons/73255-6-9.jpg</BannerPath>
  <BannerType>season</BannerType>
  <BannerType2>season</BannerType2>
  <Language>he</Language>
  <Rating>5.5000</Rating>
  <RatingCount>2</RatingCount>
  <Season>6</Season>
</Banner>
<Banner>
  <id>892905</id>
  <BannerPath>seasons/73255-7-8.jpg</BannerPath>
  <BannerType>season</BannerType>
  <BannerType2>season</BannerType2>
  <Language>he</Language>
  <Rating>5.5000</Rating>
  <RatingCount>2</RatingCount>
  <Season>7</Season>
</Banner>
<Banner>
  <id>29959</id>
  <BannerPath>seasons/73255-0.jpg</BannerPath>
  <BannerType>season</BannerType>
  <BannerType2>season</BannerType2>
  <Language>en</Language>
  <Rating>5.5000</Rating>
  <RatingCount>2</RatingCount>
  <Season>0</Season>
</Banner>
<Banner>
  <id>892900</id>
  <BannerPath>seasons/73255-2-15.jpg</BannerPath>
  <BannerType>season</BannerType>
  <BannerType2>season</BannerType2>
  <Language>he</Language>
  <Rating>5.5000</Rating>
  <RatingCount>2</RatingCount>
  <Season>2</Season>
</Banner>
<Banner>
  <id>892906</id>
  <BannerPath>seasons/73255-8-6.jpg</BannerPath>
  <BannerType>season</BannerType>
  <BannerType2>season</BannerType2>
  <Language>he</Language>
  <Rating>5.5000</Rating>
  <RatingCount>2</RatingCount>
  <Season>8</Season>
</Banner>
<Banner>
  <id>235231</id>
  <BannerPath>seasons/73255-6.jpg</BannerPath>
  <BannerType>season</BannerType>
  <BannerType2>season</BannerType2>
  <Language>de</Language>
  <Rating>5.5000</Rating>
  <RatingCount>4</RatingCount>
  <Season>6</Season>
</Banner>
<Banner>
  <id>892901</id>
  <BannerPath>seasons/73255-3-15.jpg</BannerPath>
  <BannerType>season</BannerType>
  <BannerType2>season</BannerType2>
  <Language>he</Language>
  <Rating>5.5000</Rating>
  <RatingCount>2</RatingCount>
  <Season>3</Season>
</Banner>
<Banner>
  <id>857178</id>
  <BannerPath>seasons/73255-1-15.jpg</BannerPath>
  <BannerType>season</BannerType>
  <BannerType2>season</BannerType2>
  <Language>fr</Language>
  <Rating>5.5000</Rating>
  <RatingCount>2</RatingCount>
  <Season>1</Season>
</Banner>
<Banner>
  <id>892903</id>
  <BannerPath>seasons/73255-5-11.jpg</BannerPath>
  <BannerType>season</BannerType>
  <BannerType2>season</BannerType2>
  <Language>he</Language>
  <Rating>5.5000</Rating>
  <RatingCount>2</RatingCount>
  <Season>5</Season>
</Banner>
<Banner>
  <id>29958</id>
  <BannerPath>seasons/73255-5-5.jpg</BannerPath>
  <BannerType>season</BannerType>
  <BannerType2>season</BannerType2>
  <Language>en</Language>
  <Rating>5.2000</Rating>
  <RatingCount>5</RatingCount>
  <Season>5</Season>
</Banner>
<Banner>
  <id>29956</id>
  <BannerPath>seasons/73255-3-9.jpg</BannerPath>
  <BannerType>season</BannerType>
  <BannerType2>season</BannerType2>
  <Language>en</Language>
  <Rating>5.0000</Rating>
  <RatingCount>3</RatingCount>
  <Season>3</Season>
</Banner>
<Banner>
  <id>30135</id>
  <BannerPath>seasons/73255-5.jpg</BannerPath>
  <BannerType>season</BannerType>
  <BannerType2>season</BannerType2>
  <Language>en</Language>
  <Rating>5.0000</Rating>
  <RatingCount>3</RatingCount>
  <Season>5</Season>
</Banner>
<Banner>
  <id>849321</id>
  <BannerPath>seasons/73255-7-3.jpg</BannerPath>
  <BannerType>season</BannerType>
  <BannerType2>season</BannerType2>
  <Language>de</Language>
  <Rating>5.0000</Rating>
  <RatingCount>2</RatingCount>
  <Season>7</Season>
</Banner>
<Banner>
  <id>29954</id>
  <BannerPath>seasons/73255-1-9.jpg</BannerPath>
  <BannerType>season</BannerType>
  <BannerType2>season</BannerType2>
  <Language>en</Language>
  <Rating>4.3333</Rating>
  <RatingCount>3</RatingCount>
  <Season>1</Season>
</Banner>
<Banner>
  <id>29955</id>
  <BannerPath>seasons/73255-2-7.jpg</BannerPath>
  <BannerType>season</BannerType>
  <BannerType2>season</BannerType2>
  <Language>en</Language>
  <Rating>4.3333</Rating>
  <RatingCount>3</RatingCount>
  <Season>2</Season>
</Banner>
<Banner>
  <id>29957</id>
  <BannerPath>seasons/73255-4-11.jpg</BannerPath>
  <BannerType>season</BannerType>
  <BannerType2>season</BannerType2>
  <Language>en</Language>
  <Rating>4.2500</Rating>
  <RatingCount>4</RatingCount>
  <Season>4</Season>
</Banner>
<Banner>
  <id>16136</id>
  <BannerPath>seasons/73255-4-3.jpg</BannerPath>
  <BannerType>season</BannerType>
  <BannerType2>season</BannerType2>
  <Language>en</Language>
  <Rating>4.0000</Rating>
  <RatingCount>2</RatingCount>
  <Season>4</Season>
</Banner>
<Banner>
  <id>608371</id>
  <BannerPath>seasons/73255-5-2.jpg</BannerPath>
  <BannerType>season</BannerType>
  <BannerType2>season</BannerType2>
  <Language>fr</Language>
  <Rating></Rating>
  <RatingCount>0</RatingCount>
  <Season>5</Season>
</Banner>
<Banner>
  <id>914844</id>
  <BannerPath>seasons/73255-1-8.jpg</BannerPath>
  <BannerType>season</BannerType>
  <BannerType2>season</BannerType2>
  <Language>pt</Language>
  <Rating></Rating>
  <RatingCount>0</RatingCount>
  <Season>1</Season>
</Banner>
<Banner>
  <id>914303</id>
  <BannerPath>seasons/73255-8-5.jpg</BannerPath>
  <BannerType>season</BannerType>
  <BannerType2>season</BannerType2>
  <Language>de</Language>
  <Rating></Rating>
  <RatingCount>0</RatingCount>
  <Season>8</Season>
</Banner>
<Banner>
  <id>34565</id>
  <BannerPath>seasons/73255-2-8.jpg</BannerPath>
  <BannerType>season</BannerType>
  <BannerType2>season</BannerType2>
  <Language>hu</Language>
  <Rating></Rating>
  <RatingCount>0</RatingCount>
  <Season>2</Season>
</Banner>
<Banner>
  <id>914845</id>
  <BannerPath>seasons/73255-2-16.jpg</BannerPath>
  <BannerType>season</BannerType>
  <BannerType2>season</BannerType2>
  <Language>pt</Language>
  <Rating></Rating>
  <RatingCount>0</RatingCount>
  <Season>2</Season>
</Banner>
<Banner>
  <id>16631</id>
  <BannerPath>seasons/73255-3-3.jpg</BannerPath>
  <BannerType>season</BannerType>
  <BannerType2>season</BannerType2>
  <Language>fr</Language>
  <Rating></Rating>
  <RatingCount>0</RatingCount>
  <Season>3</Season>
</Banner>
<Banner>
  <id>924618</id>
  <BannerPath>seasons/73255-5-13.jpg</BannerPath>
  <BannerType>season</BannerType>
  <BannerType2>season</BannerType2>
  <Language>it</Language>
  <Rating></Rating>
  <RatingCount>0</RatingCount>
  <Season>5</Season>
</Banner>
<Banner>
  <id>27385</id>
  <BannerPath>seasons/73255-4-9.jpg</BannerPath>
  <BannerType>season</BannerType>
  <BannerType2>season</BannerType2>
  <Language>es</Language>
  <Rating></Rating>
  <RatingCount>0</RatingCount>
  <Season>4</Season>
</Banner>
<Banner>
  <id>27390</id>
  <BannerPath>seasons/73255-1-7.jpg</BannerPath>
  <BannerType>season</BannerType>
  <BannerType2>season</BannerType2>
  <Language>es</Language>
  <Rating></Rating>
  <RatingCount>0</RatingCount>
  <Season>1</Season>
</Banner>
<Banner>
  <id>27395</id>
  <BannerPath>seasons/73255-2-6.jpg</BannerPath>
  <BannerType>season</BannerType>
  <BannerType2>season</BannerType2>
  <Language>es</Language>
  <Rating></Rating>
  <RatingCount>0</RatingCount>
  <Season>2</Season>
</Banner>
<Banner>
  <id>27341</id>
  <BannerPath>seasons/73255-2-2.jpg</BannerPath>
  <BannerType>season</BannerType>
  <BannerType2>season</BannerType2>
  <Language>es</Language>
  <Rating></Rating>
  <RatingCount>0</RatingCount>
  <Season>2</Season>
</Banner>
<Banner>
  <id>27340</id>
  <BannerPath>seasons/73255-1-5.jpg</BannerPath>
  <BannerType>season</BannerType>
  <BannerType2>season</BannerType2>
  <Language>es</Language>
  <Rating></Rating>
  <RatingCount>0</RatingCount>
  <Season>1</Season>
</Banner>
<Banner>
  <id>34566</id>
  <BannerPath>seasons/73255-3-11.jpg</BannerPath>
  <BannerType>season</BannerType>
  <BannerType2>season</BannerType2>
  <Language>hu</Language>
  <Rating></Rating>
  <RatingCount>0</RatingCount>
  <Season>3</Season>
</Banner>
<Banner>
  <id>34564</id>
  <BannerPath>seasons/73255-1-11.jpg</BannerPath>
  <BannerType>season</BannerType>
  <BannerType2>season</BannerType2>
  <Language>hu</Language>
  <Rating></Rating>
  <RatingCount>0</RatingCount>
  <Season>1</Season>
</Banner>
<Banner>
  <id>33680</id>
  <BannerPath>seasons/73255-1-10.jpg</BannerPath>
  <BannerType>season</BannerType>
  <BannerType2>season</BannerType2>
  <Language>en</Language>
  <Rating></Rating>
  <RatingCount>0</RatingCount>
  <Season>1</Season>
</Banner>
<Banner>
  <id>27342</id>
  <BannerPath>seasons/73255-3-4.jpg</BannerPath>
  <BannerType>season</BannerType>
  <BannerType2>season</BannerType2>
  <Language>es</Language>
  <Rating></Rating>
  <RatingCount>0</RatingCount>
  <Season>3</Season>
</Banner>
<Banner>
  <id>914846</id>
  <BannerPath>seasons/73255-5-12.jpg</BannerPath>
  <BannerType>season</BannerType>
  <BannerType2>season</BannerType2>
  <Language>pt</Language>
  <Rating></Rating>
  <RatingCount>0</RatingCount>
  <Season>5</Season>
</Banner>
<Banner>
  <id>927710</id>
  <BannerPath>seasons/73255-8-7.jpg</BannerPath>
  <BannerType>season</BannerType>
  <BannerType2>season</BannerType2>
  <Language>en</Language>
  <Rating></Rating>
  <RatingCount>0</RatingCount>
  <Season>8</Season>
</Banner>
<Banner>
  <id>608341</id>
  <BannerPath>seasons/73255-2-9.jpg</BannerPath>
  <BannerType>season</BannerType>
  <BannerType2>season</BannerType2>
  <Language>fr</Language>
  <Rating></Rating>
  <RatingCount>0</RatingCount>
  <Season>2</Season>
</Banner>
<Banner>
  <id>27384</id>
  <BannerPath>seasons/73255-3-5.jpg</BannerPath>
  <BannerType>season</BannerType>
  <BannerType2>season</BannerType2>
  <Language>es</Language>
  <Rating></Rating>
  <RatingCount>0</RatingCount>
  <Season>3</Season>
</Banner>
<Banner>
  <id>27396</id>
  <BannerPath>seasons/73255-3-7.jpg</BannerPath>
  <BannerType>season</BannerType>
  <BannerType2>season</BannerType2>
  <Language>es</Language>
  <Rating></Rating>
  <RatingCount>0</RatingCount>
  <Season>3</Season>
</Banner>
<Banner>
  <id>832191</id>
  <BannerPath>seasons/73255-2-12.jpg</BannerPath>
  <BannerType>season</BannerType>
  <BannerType2>season</BannerType2>
  <Language>ru</Language>
  <Rating></Rating>
  <RatingCount>0</RatingCount>
  <Season>2</Season>
</Banner>
<Banner>
  <id>34567</id>
  <BannerPath>seasons/73255-4-13.jpg</BannerPath>
  <BannerType>season</BannerType>
  <BannerType2>season</BannerType2>
  <Language>hu</Language>
  <Rating></Rating>
  <RatingCount>0</RatingCount>
  <Season>4</Season>
</Banner>
<Banner>
  <id>16633</id>
  <BannerPath>seasons/73255-4-4.jpg</BannerPath>
  <BannerType>season</BannerType>
  <BannerType2>season</BannerType2>
  <Language>fr</Language>
  <Rating></Rating>
  <RatingCount>0</RatingCount>
  <Season>4</Season>
</Banner>
<Banner>
  <id>927695</id>
  <BannerPath>seasons/73255-0-3.jpg</BannerPath>
  <BannerType>season</BannerType>
  <BannerType2>season</BannerType2>
  <Language>en</Language>
  <Rating></Rating>
  <RatingCount>0</RatingCount>
  <Season>0</Season>
</Banner>
<Banner>
  <id>30988</id>
  <BannerPath>seasons/73255-4-12.jpg</BannerPath>
  <BannerType>season</BannerType>
  <BannerType2>season</BannerType2>
  <Language>de</Language>
  <Rating></Rating>
  <RatingCount>0</RatingCount>
  <Season>4</Season>
</Banner>
<Banner>
  <id>27394</id>
  <BannerPath>seasons/73255-2-5.jpg</BannerPath>
  <BannerType>season</BannerType>
  <BannerType2>season</BannerType2>
  <Language>es</Language>
  <Rating></Rating>
  <RatingCount>0</RatingCount>
  <Season>2</Season>
</Banner>
<Banner>
  <id>27393</id>
  <BannerPath>seasons/73255-2-4.jpg</BannerPath>
  <BannerType>season</BannerType>
  <BannerType2>season</BannerType2>
  <Language>es</Language>
  <Rating></Rating>
  <RatingCount>0</RatingCount>
  <Season>2</Season>
</Banner>
<Banner>
  <id>883363</id>
  <BannerPath>seasons/73255-6-8.jpg</BannerPath>
  <BannerType>season</BannerType>
  <BannerType2>season</BannerType2>
  <Language>fr</Language>
  <Rating></Rating>
  <RatingCount>0</RatingCount>
  <Season>6</Season>
</Banner>
<Banner>
  <id>27397</id>
  <BannerPath>seasons/73255-3-8.jpg</BannerPath>
  <BannerType>season</BannerType>
  <BannerType2>season</BannerType2>
  <Language>es</Language>
  <Rating></Rating>
  <RatingCount>0</RatingCount>
  <Season>3</Season>
</Banner>
<Banner>
  <id>894496</id>
  <BannerPath>seasonswide/73255-8-2.jpg</BannerPath>
  <BannerType>season</BannerType>
  <BannerType2>seasonwide</BannerType2>
  <Language>en</Language>
  <Rating>10.0000</Rating>
  <RatingCount>1</RatingCount>
  <Season>8</Season>
</Banner>
<Banner>
  <id>894502</id>
  <BannerPath>seasonswide/73255-2.jpg</BannerPath>
  <BannerType>season</BannerType>
  <BannerType2>seasonwide</BannerType2>
  <Language>en</Language>
  <Rating>1.0000</Rating>
  <RatingCount>1</RatingCount>
  <Season>2</Season>
</Banner>
<Banner>
  <id>13601</id>
  <BannerPath>seasonswide/73255-2-2.jpg</BannerPath>
  <BannerType>season</BannerType>
  <BannerType2>seasonwide</BannerType2>
  <Language>en</Language>
  <Rating>1.0000</Rating>
  <RatingCount>1</RatingCount>
  <Season>2</Season>
</Banner>
<Banner>
  <id>13600</id>
  <BannerPath>seasonswide/73255-1-2.jpg</BannerPath>
  <BannerType>season</BannerType>
  <BannerType2>seasonwide</BannerType2>
  <Language>en</Language>
  <Rating>1.0000</Rating>
  <RatingCount>1</RatingCount>
  <Season>1</Season>
</Banner>
<Banner>
  <id>69021</id>
  <BannerPath>seasonswide/73255-1.jpg</BannerPath>
  <BannerType>season</BannerType>
  <BannerType2>seasonwide</BannerType2>
  <Language>en</Language>
  <Rating></Rating>
  <RatingCount>0</RatingCount>
  <Season>1</Season>
</Banner>
<Banner>
  <id>894503</id>
  <BannerPath>seasonswide/73255-1.jpg</BannerPath>
  <BannerType>season</BannerType>
  <BannerType2>seasonwide</BannerType2>
  <Language>en</Language>
  <Rating></Rating>
  <RatingCount>0</RatingCount>
  <Season>1</Season>
</Banner>
<Banner>
  <id>894497</id>
  <BannerPath>seasonswide/73255-7-3.jpg</BannerPath>
  <BannerType>season</BannerType>
  <BannerType2>seasonwide</BannerType2>
  <Language>en</Language>
  <Rating></Rating>
  <RatingCount>0</RatingCount>
  <Season>7</Season>
</Banner>
<Banner>
  <id>894568</id>
  <BannerPath>seasonswide/73255-2-4.jpg</BannerPath>
  <BannerType>season</BannerType>
  <BannerType2>seasonwide</BannerType2>
  <Language>en</Language>
  <Rating></Rating>
  <RatingCount>0</RatingCount>
  <Season>2</Season>
</Banner>
<Banner>
  <id>924620</id>
  <BannerPath>seasonswide/73255-5.jpg</BannerPath>
  <BannerType>season</BannerType>
  <BannerType2>seasonwide</BannerType2>
  <Language>en</Language>
  <Rating></Rating>
  <RatingCount>0</RatingCount>
  <Season>5</Season>
</Banner>
<Banner>
  <id>894570</id>
  <BannerPath>seasonswide/73255-4-3.jpg</BannerPath>
  <BannerType>season</BannerType>
  <BannerType2>seasonwide</BannerType2>
  <Language>en</Language>
  <Rating></Rating>
  <RatingCount>0</RatingCount>
  <Season>4</Season>
</Banner>
<Banner>
  <id>894572</id>
  <BannerPath>seasonswide/73255-6-3.jpg</BannerPath>
  <BannerType>season</BannerType>
  <BannerType2>seasonwide</BannerType2>
  <Language>en</Language>
  <Rating></Rating>
  <RatingCount>0</RatingCount>
  <Season>6</Season>
</Banner>
<Banner>
  <id>894500</id>
  <BannerPath>seasonswide/73255-4.jpg</BannerPath>
  <BannerType>season</BannerType>
  <BannerType2>seasonwide</BannerType2>
  <Language>en</Language>
  <Rating></Rating>
  <RatingCount>0</RatingCount>
  <Season>4</Season>
</Banner>
<Banner>
  <id>894499</id>
  <BannerPath>seasonswide/73255-5-2.jpg</BannerPath>
  <BannerType>season</BannerType>
  <BannerType2>seasonwide</BannerType2>
  <Language>en</Language>
  <Rating></Rating>
  <RatingCount>0</RatingCount>
  <Season>5</Season>
</Banner>
<Banner>
  <id>894566</id>
  <BannerPath>seasonswide/73255-1-4.jpg</BannerPath>
  <BannerType>season</BannerType>
  <BannerType2>seasonwide</BannerType2>
  <Language>en</Language>
  <Rating></Rating>
  <RatingCount>0</RatingCount>
  <Season>1</Season>
</Banner>
<Banner>
  <id>12519</id>
  <BannerPath>seasonswide/73255-2.jpg</BannerPath>
  <BannerType>season</BannerType>
  <BannerType2>seasonwide</BannerType2>
  <Language>en</Language>
  <Rating></Rating>
  <RatingCount>0</RatingCount>
  <Season>2</Season>
</Banner>
<Banner>
  <id>894569</id>
  <BannerPath>seasonswide/73255-3-3.jpg</BannerPath>
  <BannerType>season</BannerType>
  <BannerType2>seasonwide</BannerType2>
  <Language>en</Language>
  <Rating></Rating>
  <RatingCount>0</RatingCount>
  <Season>3</Season>
</Banner>
<Banner>
  <id>894571</id>
  <BannerPath>seasonswide/73255-5-3.jpg</BannerPath>
  <BannerType>season</BannerType>
  <BannerType2>seasonwide</BannerType2>
  <Language>en</Language>
  <Rating></Rating>
  <RatingCount>0</RatingCount>
  <Season>5</Season>
</Banner>
<Banner>
  <id>894501</id>
  <BannerPath>seasonswide/73255-3.jpg</BannerPath>
  <BannerType>season</BannerType>
  <BannerType2>seasonwide</BannerType2>
  <Language>en</Language>
  <Rating></Rating>
  <RatingCount>0</RatingCount>
  <Season>3</Season>
</Banner>
<Banner>
  <id>894621</id>
  <BannerPath>seasonswide/73255-8.jpg</BannerPath>
  <BannerType>season</BannerType>
  <BannerType2>seasonwide</BannerType2>
  <Language>en</Language>
  <Rating></Rating>
  <RatingCount>0</RatingCount>
  <Season>8</Season>
</Banner>
<Banner>
  <id>12520</id>
  <BannerPath>seasonswide/73255-3.jpg</BannerPath>
  <BannerType>season</BannerType>
  <BannerType2>seasonwide</BannerType2>
  <Language>en</Language>
  <Rating></Rating>
  <RatingCount>0</RatingCount>
  <Season>3</Season>
</Banner>
<Banner>
  <id>894573</id>
  <BannerPath>seasonswide/73255-7.jpg</BannerPath>
  <BannerType>season</BannerType>
  <BannerType2>seasonwide</BannerType2>
  <Language>en</Language>
  <Rating></Rating>
  <RatingCount>0</RatingCount>
  <Season>7</Season>
</Banner>
<Banner>
  <id>894498</id>
  <BannerPath>seasonswide/73255-6-2.jpg</BannerPath>
  <BannerType>season</BannerType>
  <BannerType2>seasonwide</BannerType2>
  <Language>en</Language>
  <Rating></Rating>
  <RatingCount>0</RatingCount>
  <Season>6</Season>
</Banner>
<Banner>
  <id>12678</id>
  <BannerPath>graphical/73255-g.jpg</BannerPath>
  <BannerType>series</BannerType>
  <BannerType2>graphical</BannerType2>
  <Language>en</Language>
  <Rating>7.6250</Rating>
  <RatingCount>8</RatingCount>
</Banner>
<Banner>
  <id>18307</id>
  <BannerPath>graphical/73255-g7.jpg</BannerPath>
  <BannerType>series</BannerType>
  <BannerType2>graphical</BannerType2>
  <Language>en</Language>
  <Rating>7.4222</Rating>
  <RatingCount>45</RatingCount>
</Banner>
<Banner>
  <id>230811</id>
  <BannerPath>graphical/73255-g14.jpg</BannerPath>
  <BannerType>series</BannerType>
  <BannerType2>graphical</BannerType2>
  <Language>en</Language>
  <Rating>7.3636</Rating>
  <RatingCount>11</RatingCount>
</Banner>
<Banner>
  <id>875504</id>
  <BannerPath>graphical/73255-g23.jpg</BannerPath>
  <BannerType>series</BannerType>
  <BannerType2>graphical</BannerType2>
  <Language>en</Language>
  <Rating>7.2857</Rating>
  <RatingCount>7</RatingCount>
</Banner>
<Banner>
  <id>123311</id>
  <BannerPath>graphical/73255-g13.jpg</BannerPath>
  <BannerType>series</BannerType>
  <BannerType2>graphical</BannerType2>
  <Language>en</Language>
  <Rating>7.2727</Rating>
  <RatingCount>11</RatingCount>
</Banner>
<Banner>
  <id>862808</id>
  <BannerPath>graphical/73255-g22.jpg</BannerPath>
  <BannerType>series</BannerType>
  <BannerType2>graphical</BannerType2>
  <Language>en</Language>
  <Rating>7.2222</Rating>
  <RatingCount>9</RatingCount>
</Banner>
<Banner>
  <id>879926</id>
  <BannerPath>graphical/73255-g24.jpg</BannerPath>
  <BannerType>series</BannerType>
  <BannerType2>graphical</BannerType2>
  <Language>en</Language>
  <Rating>7.0000</Rating>
  <RatingCount>5</RatingCount>
</Banner>
<Banner>
  <id>681011</id>
  <BannerPath>graphical/73255-g20.jpg</BannerPath>
  <BannerType>series</BannerType>
  <BannerType2>graphical</BannerType2>
  <Language>de</Language>
  <Rating>7.0000</Rating>
  <RatingCount>4</RatingCount>
</Banner>
<Banner>
  <id>6557</id>
  <BannerPath>graphical/22374-g2.jpg</BannerPath>
  <BannerType>series</BannerType>
  <BannerType2>graphical</BannerType2>
  <Language>en</Language>
  <Rating>7.0000</Rating>
  <RatingCount>8</RatingCount>
</Banner>
<Banner>
  <id>18309</id>
  <BannerPath>graphical/73255-g9.jpg</BannerPath>
  <BannerType>series</BannerType>
  <BannerType2>graphical</BannerType2>
  <Language>en</Language>
  <Rating>7.0000</Rating>
  <RatingCount>7</RatingCount>
</Banner>
<Banner>
  <id>34568</id>
  <BannerPath>graphical/73255-g12.jpg</BannerPath>
  <BannerType>series</BannerType>
  <BannerType2>graphical</BannerType2>
  <Language>hu</Language>
  <Rating>7.0000</Rating>
  <RatingCount>2</RatingCount>
</Banner>
<Banner>
  <id>643211</id>
  <BannerPath>graphical/73255-g19.jpg</BannerPath>
  <BannerType>series</BannerType>
  <BannerType2>graphical</BannerType2>
  <Language>en</Language>
  <Rating>6.8889</Rating>
  <RatingCount>9</RatingCount>
</Banner>
<Banner>
  <id>18308</id>
  <BannerPath>graphical/73255-g8.jpg</BannerPath>
  <BannerType>series</BannerType>
  <BannerType2>graphical</BannerType2>
  <Language>en</Language>
  <Rating>6.8750</Rating>
  <RatingCount>8</RatingCount>
</Banner>
<Banner>
  <id>16248</id>
  <BannerPath>graphical/73255-g4.jpg</BannerPath>
  <BannerType>series</BannerType>
  <BannerType2>graphical</BannerType2>
  <Language>en</Language>
  <Rating>6.5455</Rating>
  <RatingCount>11</RatingCount>
</Banner>
<Banner>
  <id>463451</id>
  <BannerPath>graphical/73255-g17.jpg</BannerPath>
  <BannerType>series</BannerType>
  <BannerType2>graphical</BannerType2>
  <Language>en</Language>
  <Rating>6.5000</Rating>
  <RatingCount>4</RatingCount>
</Banner>
<Banner>
  <id>8965</id>
  <BannerPath>graphical/22374-g4.jpg</BannerPath>
  <BannerType>series</BannerType>
  <BannerType2>graphical</BannerType2>
  <Language>en</Language>
  <Rating>6.4545</Rating>
  <RatingCount>11</RatingCount>
</Banner>
<Banner>
  <id>21729</id>
  <BannerPath>graphical/73255-g11.jpg</BannerPath>
  <BannerType>series</BannerType>
  <BannerType2>graphical</BannerType2>
  <Language>en</Language>
  <Rating>6.4000</Rating>
  <RatingCount>10</RatingCount>
</Banner>
<Banner>
  <id>322071</id>
  <BannerPath>graphical/73255-g15.jpg</BannerPath>
  <BannerType>series</BannerType>
  <BannerType2>graphical</BannerType2>
  <Language>en</Language>
  <Rating>6.0000</Rating>
  <RatingCount>3</RatingCount>
</Banner>
<Banner>
  <id>5317</id>
  <BannerPath>graphical/22374-g.jpg</BannerPath>
  <BannerType>series</BannerType>
  <BannerType2>graphical</BannerType2>
  <Language>en</Language>
  <Rating>5.6667</Rating>
  <RatingCount>3</RatingCount>
</Banner>
<Banner>
  <id>16249</id>
  <BannerPath>graphical/73255-g6.jpg</BannerPath>
  <BannerType>series</BannerType>
  <BannerType2>graphical</BannerType2>
  <Language>en</Language>
  <Rating>5.2500</Rating>
  <RatingCount>4</RatingCount>
</Banner>
<Banner>
  <id>8375</id>
  <BannerPath>graphical/22374-g3.jpg</BannerPath>
  <BannerType>series</BannerType>
  <BannerType2>graphical</BannerType2>
  <Language>en</Language>
  <Rating>5.0000</Rating>
  <RatingCount>3</RatingCount>
</Banner>
<Banner>
  <id>19031</id>
  <BannerPath>graphical/73255-g10.jpg</BannerPath>
  <BannerType>series</BannerType>
  <BannerType2>graphical</BannerType2>
  <Language>fr</Language>
  <Rating>5.0000</Rating>
  <RatingCount>4</RatingCount>
</Banner>
<Banner>
  <id>12828</id>
  <BannerPath>blank/73255.jpg</BannerPath>
  <BannerType>series</BannerType>
  <BannerType2>blank</BannerType2>
  <Language>en</Language>
  <Rating>4.5000</Rating>
  <RatingCount>2</RatingCount>
</Banner>
<Banner>
  <id>890585</id>
  <BannerPath>graphical/73255-g26.jpg</BannerPath>
  <BannerType>series</BannerType>
  <BannerType2>graphical</BannerType2>
  <Language>he</Language>
  <Rating>4.0000</Rating>
  <RatingCount>3</RatingCount>
</Banner>
<Banner>
  <id>890584</id>
  <BannerPath>graphical/73255-g25.jpg</BannerPath>
  <BannerType>series</BannerType>
  <BannerType2>graphical</BannerType2>
  <Language>he</Language>
  <Rating>4.0000</Rating>
  <RatingCount>3</RatingCount>
</Banner>
<Banner>
  <id>15967</id>
  <BannerPath>graphical/73255-g3.jpg</BannerPath>
  <BannerType>series</BannerType>
  <BannerType2>graphical</BannerType2>
  <Language>it</Language>
  <Rating>3.5000</Rating>
  <RatingCount>2</RatingCount>
</Banner>
<Banner>
  <id>12679</id>
  <BannerPath>graphical/73255-g2.jpg</BannerPath>
  <BannerType>series</BannerType>
  <BannerType2>graphical</BannerType2>
  <Language>en</Language>
  <Rating>3.5000</Rating>
  <RatingCount>2</RatingCount>
</Banner>
<Banner>
  <id>13599</id>
  <BannerPath>graphical/73255-g5.jpg</BannerPath>
  <BannerType>series</BannerType>
  <BannerType2>graphical</BannerType2>
  <Language>en</Language>
  <Rating>2.6000</Rating>
  <RatingCount>5</RatingCount>
</Banner>
<Banner>
  <id>9060</id>
  <BannerPath>text/22374.jpg</BannerPath>
  <BannerType>series</BannerType>
  <BannerType2>text</BannerType2>
  <Language>en</Language>
  <Rating>1.6667</Rating>
  <RatingCount>3</RatingCount>
</Banner>
<Banner>
  <id>16486</id>
  <BannerPath>blank/73255-2.jpg</BannerPath>
  <BannerType>series</BannerType>
  <BannerType2>blank</BannerType2>
  <Language>en</Language>
  <Rating>1.0000</Rating>
  <RatingCount>1</RatingCount>
</Banner>
<Banner>
  <id>463441</id>
  <BannerPath>graphical/73255-g16.jpg</BannerPath>
  <BannerType>series</BannerType>
  <BannerType2>graphical</BannerType2>
  <Language>en</Language>
  <Rating></Rating>
  <RatingCount>0</RatingCount>
</Banner>
<Banner>
  <id>736341</id>
  <BannerPath>graphical/73255-g21.jpg</BannerPath>
  <BannerType>series</BannerType>
  <BannerType2>graphical</BannerType2>
  <Language>ru</Language>
  <Rating></Rating>
  <RatingCount>0</RatingCount>
</Banner>
<Banner>
  <id>53091</id>
  <BannerPath>blank/73255-3.jpg</BannerPath>
  <BannerType>series</BannerType>
  <BannerType2>blank</BannerType2>
  <Language></Language>
  <Rating></Rating>
  <RatingCount>0</RatingCount>
</Banner>
<Banner>
  <id>53101</id>
  <BannerPath>blank/73255-4.jpg</BannerPath>
  <BannerType>series</BannerType>
  <BannerType2>blank</BannerType2>
  <Language></Language>
  <Rating></Rating>
  <RatingCount>0</RatingCount>
</Banner>
<Banner>
  <id>909328</id>
  <BannerPath>graphical/73255-g27.jpg</BannerPath>
  <BannerType>series</BannerType>
  <BannerType2>graphical</BannerType2>
  <Language>en</Language>
  <Rating></Rating>
  <RatingCount>0</RatingCount>
</Banner>
<Banner>
  <id>596051</id>
  <BannerPath>graphical/73255-g18.jpg</BannerPath>
  <BannerType>series</BannerType>
  <BannerType2>graphical</BannerType2>
  <Language>en</Language>
  <Rating></Rating>
  <RatingCount>0</RatingCount>
</Banner>
<Banner>
  <id>53111</id>
  <BannerPath>blank/73255-5.jpg</BannerPath>
  <BannerType>series</BannerType>
  <BannerType2>blank</BannerType2>
  <Language></Language>
  <Rating></Rating>
  <RatingCount>0</RatingCount>
</Banner>
<Banner>
  <id>53121</id>
  <BannerPath>blank/73255-6.jpg</BannerPath>
  <BannerType>series</BannerType>
  <BannerType2>blank</BannerType2>
  <Language></Language>
  <Rating></Rating>
  <RatingCount>0</RatingCount>
</Banner>
<Banner>
  <id>338001</id>
  <BannerPath>text/73255.jpg</BannerPath>
  <BannerType>series</BannerType>
  <BannerType2>text</BannerType2>
  <Language>ru</Language>
  <Rating></Rating>
  <RatingCount>0</RatingCount>
</Banner>
</Banners>