<?xml version="1.0" encoding="UTF-8" ?>
<Actors>
<Actor>
  <id>26239</id>
  <Image></Image>
  <Name>William Shatner</Name>
  <Role></Role>
  <SortOrder>0</SortOrder>
</Actor>
<Actor>
  <id>26240</id>
  <Image></Image>
  <Name>Leonard Nimoy</Name>
  <Role></Role>
  <SortOrder>1</SortOrder>
</Actor>
<Actor>
  <id>26241</id>
  <Image></Image>
  <Name>DeForest Kelley</Name>
  <Role></Role>
  <SortOrder>2</SortOrder>
</Actor>
<Actor>
  <id>26237</id>
  <Image></Image>
  <Name>George Takei</Name>
  <Role></Role>
  <SortOrder>3</SortOrder>
</Actor>
<Actor>
  <id>26238</id>
  <Image></Image>
  <Name>James Doohan</Name>
  <Role></Role>
  <SortOrder>3</SortOrder>
</Actor>
<Actor>
  <id>26235</id>
  <Image></Image>
  <Name>Majel Barrett</Name>
  <Role></Role>
  <SortOrder>3</SortOrder>
</Actor>
<Actor>
  <id>26236</id>
  <Image></Image>
  <Name>Nichelle Nichols</Name>
  <Role></Role>
  <SortOrder>3</SortOrder>
</Actor>
</Actors>