<?xml version="1.0" encoding="UTF-8" ?>
<Data><Series>
  <id>73566</id>
  <Actors>|William Shatner|Leonard Nimoy|DeForest Kelley|George Takei|James Doohan|Majel Barrett|Nichelle Nichols|</Actors>
  <Airs_DayOfWeek></Airs_DayOfWeek>
  <Airs_Time></Airs_Time>
  <ContentRating>TV-Y</ContentRating>
  <FirstAired>1973-09-08</FirstAired>
  <Genre>|Action|Adventure|Animation|Drama|Science-Fiction|</Genre>
  <IMDB_ID>tt0069637</IMDB_ID>
  <Language>en</Language>
  <Network>NBC</Network>
  <NetworkID></NetworkID>
  <Overview>This is the further adventures of the Star Trek series in a half-hour animated form. This show basically continues the adventures of the original series (presumably in the fourth year of the five-year mission), but takes advantage of the unlimited special effects provided by animation to introduce more alien crewmen (the felinoid M'Ress and the tripedal Arex) as well as introduce more elaborate adventures like an underwater adventure, the miniaturization of the crew to 1 cm., and the appearance of a giant fire-breathing two-headed dragon. The show is currently not considered &quot;canon&quot; by Paramount and the folks associated with the various subsequent TV shows. However, elements of the animated series have been used in subsequent shows (Sarek refers to the events of &quot;Yesteryear&quot; in TNG's &quot;Reunification Pt. 1&quot;) and the Enterprise-D's holodeck seems to have been in part inspired by the holodeck we see in &quot;Practical Joker&quot;. Also, writers such as Peter David have used some elements from t</Overview>
  <Rating>7.4</Rating>
  <RatingCount>13</RatingCount>
  <Runtime>30</Runtime>
  <SeriesID>2363</SeriesID>
  <SeriesName>Star Trek: The Animated Series</SeriesName>
  <Status>Ended</Status>
  <added></added>
  <addedBy></addedBy>
  <banner>graphical/73566-g.jpg</banner>
  <fanart>fanart/original/73566-2.jpg</fanart>
  <lastupdated>1363692982</lastupdated>
  <poster>posters/73566-1.jpg</poster>
  <zap2it_id></zap2it_id>
</Series>
<Episode>
  <id>656951</id>
  <Combined_episodenumber>1.0</Combined_episodenumber>
  <Combined_season>0</Combined_season>
  <DVD_chapter></DVD_chapter>
  <DVD_discid></DVD_discid>
  <DVD_episodenumber>1.0</DVD_episodenumber>
  <DVD_season></DVD_season>
  <Director></Director>
  <EpImgFlag>1</EpImgFlag>
  <EpisodeName>Drawn to the Final Frontier: The Making of Star Trek: The Animated Series</EpisodeName>
  <EpisodeNumber>1</EpisodeNumber>
  <FirstAired></FirstAired>
  <GuestStars></GuestStars>
  <IMDB_ID></IMDB_ID>
  <Language>en</Language>
  <Overview>The Making of Star Trek: The Animated Series</Overview>
  <ProductionCode></ProductionCode>
  <Rating></Rating>
  <RatingCount>0</RatingCount>
  <SeasonNumber>0</SeasonNumber>
  <Writer></Writer>
  <absolute_number></absolute_number>
  <airsafter_season>2</airsafter_season>
  <airsbefore_episode></airsbefore_episode>
  <airsbefore_season></airsbefore_season>
  <filename>episodes/73566/656951.jpg</filename>
  <lastupdated>1258079685</lastupdated>
  <seasonid>21028</seasonid>
  <seriesid>73566</seriesid>
</Episode>
<Episode>
  <id>2020371</id>
  <Combined_episodenumber>2.0</Combined_episodenumber>
  <Combined_season>0</Combined_season>
  <DVD_chapter></DVD_chapter>
  <DVD_discid></DVD_discid>
  <DVD_episodenumber>2.0</DVD_episodenumber>
  <DVD_season></DVD_season>
  <Director></Director>
  <EpImgFlag></EpImgFlag>
  <EpisodeName>What´s the Star Trek Connection</EpisodeName>
  <EpisodeNumber>2</EpisodeNumber>
  <FirstAired></FirstAired>
  <GuestStars></GuestStars>
  <IMDB_ID></IMDB_ID>
  <Language>en</Language>
  <Overview></Overview>
  <ProductionCode></ProductionCode>
  <Rating></Rating>
  <RatingCount>0</RatingCount>
  <SeasonNumber>0</SeasonNumber>
  <Writer></Writer>
  <absolute_number></absolute_number>
  <airsafter_season>2</airsafter_season>
  <airsbefore_episode></airsbefore_episode>
  <airsbefore_season></airsbefore_season>
  <filename></filename>
  <lastupdated>1270552392</lastupdated>
  <seasonid>21028</seasonid>
  <seriesid>73566</seriesid>
</Episode>
<Episode>
  <id>118758</id>
  <Combined_episodenumber>1</Combined_episodenumber>
  <Combined_season>1</Combined_season>
  <DVD_chapter></DVD_chapter>
  <DVD_discid></DVD_discid>
  <DVD_episodenumber></DVD_episodenumber>
  <DVD_season></DVD_season>
  <Director>|Hal Sutherland|</Director>
  <EpImgFlag>1</EpImgFlag>
  <EpisodeName>Beyond the Farthest Star</EpisodeName>
  <EpisodeNumber>1</EpisodeNumber>
  <FirstAired>1973-09-08</FirstAired>
  <GuestStars>|James Doohan|James Doohan|</GuestStars>
  <IMDB_ID></IMDB_ID>
  <Language>en</Language>
  <Overview>In orbit around a dead star, the Enterprise comes across a huge starship inhabited by a parasitic life form that threatens the entire ship.</Overview>
  <ProductionCode>22004</ProductionCode>
  <Rating>6.9</Rating>
  <RatingCount>9</RatingCount>
  <SeasonNumber>1</SeasonNumber>
  <Writer>|Samuel A. Peeples|</Writer>
  <absolute_number></absolute_number>
  <filename>episodes/73566/118758.jpg</filename>
  <lastupdated>1362337174</lastupdated>
  <seasonid>5998</seasonid>
  <seriesid>73566</seriesid>
</Episode>
<Episode>
  <id>118759</id>
  <Combined_episodenumber>2</Combined_episodenumber>
  <Combined_season>1</Combined_season>
  <DVD_chapter></DVD_chapter>
  <DVD_discid></DVD_discid>
  <DVD_episodenumber></DVD_episodenumber>
  <DVD_season></DVD_season>
  <Director>|Hal Sutherland|</Director>
  <EpImgFlag>1</EpImgFlag>
  <EpisodeName>Yesteryear</EpisodeName>
  <EpisodeNumber>2</EpisodeNumber>
  <FirstAired>1973-09-15</FirstAired>
  <GuestStars>|Mark Lenard|Billy Simpson|Keith Sutherland|Majel Barrett|James Doohan|Majel Barrett|</GuestStars>
  <IMDB_ID></IMDB_ID>
  <Language>en</Language>
  <Overview>Upon returning from a mission to scan the Guardian of Forever, Spock discovers that there is no record of him serving in Starfleet and he has been replaced by an Andorian first officer, Thelin. Neither Spock nor anyone else who were on the planet have a memory of the Andorian, while no one on the Enterprise remembers Spock! Computer records indicate Spock died as a youngster during a Vulcan ritual, and that they were scanning the Guardian when it was &quot;&quot;running&quot;&quot; that period of time. Since Spock didn't go through to save himself, he altered the timeline. The Guardian sends Spock through where he pretends to be a distant cousin. He meets Amanda and Sarek and an embittered young Spock. Young Spock eventually tries to undertake the desert ritual on his own and is almost killed. His pet sehlat saves him at the cost of its own life before Old Spock can show up. The timeline restored, everything is put back to normal.</Overview>
  <ProductionCode>22003</ProductionCode>
  <Rating>7.3</Rating>
  <RatingCount>8</RatingCount>
  <SeasonNumber>1</SeasonNumber>
  <Writer>|D.C. Fontana|</Writer>
  <absolute_number></absolute_number>
  <filename>episodes/73566/118759.jpg</filename>
  <lastupdated>1362337184</lastupdated>
  <seasonid>5998</seasonid>
  <seriesid>73566</seriesid>
</Episode>
<Episode>
  <id>118760</id>
  <Combined_episodenumber>3</Combined_episodenumber>
  <Combined_season>1</Combined_season>
  <DVD_chapter></DVD_chapter>
  <DVD_discid></DVD_discid>
  <DVD_episodenumber></DVD_episodenumber>
  <DVD_season></DVD_season>
  <Director>|Hal Sutherland|</Director>
  <EpImgFlag>3</EpImgFlag>
  <EpisodeName>One of Our Planets is Missing</EpisodeName>
  <EpisodeNumber>3</EpisodeNumber>
  <FirstAired>1973-09-22</FirstAired>
  <GuestStars>|Majel Barrett|James Doohan|</GuestStars>
  <IMDB_ID></IMDB_ID>
  <Language>en</Language>
  <Overview>The crew of the Enterprise races to find a way to stop a cloud from destroying inhabited planets.</Overview>
  <ProductionCode>22007</ProductionCode>
  <Rating>7.4</Rating>
  <RatingCount>5</RatingCount>
  <SeasonNumber>1</SeasonNumber>
  <Writer>|Marc Daniels|</Writer>
  <absolute_number></absolute_number>
  <filename>episodes/73566/118760.jpg</filename>
  <lastupdated>1362337195</lastupdated>
  <seasonid>5998</seasonid>
  <seriesid>73566</seriesid>
</Episode>
<Episode>
  <id>118761</id>
  <Combined_episodenumber>4</Combined_episodenumber>
  <Combined_season>1</Combined_season>
  <DVD_chapter></DVD_chapter>
  <DVD_discid></DVD_discid>
  <DVD_episodenumber></DVD_episodenumber>
  <DVD_season></DVD_season>
  <Director>|Hal Sutherland|</Director>
  <EpImgFlag>3</EpImgFlag>
  <EpisodeName>The Lorelei Signal</EpisodeName>
  <EpisodeNumber>4</EpisodeNumber>
  <FirstAired>1973-09-29</FirstAired>
  <GuestStars>|Majel Barrett|Nichelle Nichols|Nichelle Nichols|</GuestStars>
  <IMDB_ID></IMDB_ID>
  <Language>en</Language>
  <Overview>Responding to a distress signal from a sector of space where ships disappear every 27.346 years, the male crewman are affected by a signal. Uhura and Chapel are forced to take command when the male crew onboard starting acting enraptured. On the planet's surface, Kirk, Spock, McCoy, and a redshirt are first greeted than captured by the women and given headsets that suck out their energies and cause their bodies to deteriorate as if they were aging. They escape but in their enfeebled condition are trapped in a giant urn filling with rainwater. Uhura leads a landing party that defeat the women readily and find the men. The women's physiology and life-energy requirements are keyed to the planet, and Enterprise agrees to take them to a normal planet. Using the transporter and the original patterns, they restore Kirk and the others.</Overview>
  <ProductionCode>22006</ProductionCode>
  <Rating>7.0</Rating>
  <RatingCount>8</RatingCount>
  <SeasonNumber>1</SeasonNumber>
  <Writer>|Margaret Armen|</Writer>
  <absolute_number></absolute_number>
  <filename>episodes/73566/118761.jpg</filename>
  <lastupdated>1362337208</lastupdated>
  <seasonid>5998</seasonid>
  <seriesid>73566</seriesid>
</Episode>
<Episode>
  <id>118762</id>
  <Combined_episodenumber>5</Combined_episodenumber>
  <Combined_season>1</Combined_season>
  <DVD_chapter></DVD_chapter>
  <DVD_discid></DVD_discid>
  <DVD_episodenumber></DVD_episodenumber>
  <DVD_season></DVD_season>
  <Director>|Hal Sutherland|</Director>
  <EpImgFlag>3</EpImgFlag>
  <EpisodeName>More Tribbles, More Troubles</EpisodeName>
  <EpisodeNumber>5</EpisodeNumber>
  <FirstAired>1973-10-06</FirstAired>
  <GuestStars>|Stanley Adams|David Gerrold|James Doohan|</GuestStars>
  <IMDB_ID></IMDB_ID>
  <Language>en</Language>
  <Overview>The Enterprise is escorting robot carriers loaded with five-lobed quinto-triticale to Sherman's Planet amidst rumors the Klingons haev a new weapon. The Klingons attack a small scout ship and the Enterprise rescue the single crewman: trader Cyrano Jones. And he has...tribbles. Neither Jones or the Klingons, led by Kirk's &quot;&quot;old friend&quot;&quot; Captain Koloth, will say why they want him dead. It turns out Jones escaped his sentence on Station K-7 (to clean up every tribble) by finding a tribble predator called a glommer. The Klingons attack the robot ships to stop the shipment and reveal their new weapon: an energy innervator that leaves both ships powerless. Meanwhile, McCoy checks out Jones' tribbles and finds out that the tribbles are safe...sort of. They don't reproduce. They just get bigger...and bigger. When Kirk beams the giant-sized tribbles aboard the Klingon ship, Koloth reveals a state secret: they created the glommer and want it back from Cyrano, who &quot;&quot;acquired&quot;&quot; it. Kirk obliges but at</Overview>
  <ProductionCode>22001</ProductionCode>
  <Rating>7.3</Rating>
  <RatingCount>6</RatingCount>
  <SeasonNumber>1</SeasonNumber>
  <Writer>|David Gerrold|</Writer>
  <absolute_number></absolute_number>
  <filename>episodes/73566/118762.jpg</filename>
  <lastupdated>1362337236</lastupdated>
  <seasonid>5998</seasonid>
  <seriesid>73566</seriesid>
</Episode>
<Episode>
  <id>118763</id>
  <Combined_episodenumber>6</Combined_episodenumber>
  <Combined_season>1</Combined_season>
  <DVD_chapter></DVD_chapter>
  <DVD_discid></DVD_discid>
  <DVD_episodenumber></DVD_episodenumber>
  <DVD_season></DVD_season>
  <Director>|Hal Sutherland|</Director>
  <EpImgFlag>3</EpImgFlag>
  <EpisodeName>The Survivor</EpisodeName>
  <EpisodeNumber>6</EpisodeNumber>
  <FirstAired>1973-10-13</FirstAired>
  <GuestStars>|Ted Knight|Nichelle Nichols|James Doohan|Majel Barrett|</GuestStars>
  <IMDB_ID></IMDB_ID>
  <Language>en</Language>
  <Overview>Near the Romulan border the Enterprise discover a one-man ship containing Carter Winston, a missing philanthropist. His fiancee Anne is aboard and the couple are happy to be reunited. But &quot;&quot;Winston&quot;&quot; transforms into an alien, knocks out Kirk, and takes his place long enough to order the ship into the neutral zone. The alien then takes McCoy's place to tell Anne to forget Winston and misdirect Kirk and Spock. They see through the ruse and realize &quot;&quot;Carter&quot;&quot; is a Vendorian, from a race of deceitful shapeshifters. It agreed to help the Romulans get hold of Enterprise. An outcast from its own race, it befriended the real Carter before he died and absorbed much of his feelings and emotions. It shapeshifts into a deflector shield to save Anne and the ship. At the end Anne suggests they try and make a go of it.</Overview>
  <ProductionCode>22005</ProductionCode>
  <Rating>6.2</Rating>
  <RatingCount>5</RatingCount>
  <SeasonNumber>1</SeasonNumber>
  <Writer>|James Schmerer|</Writer>
  <absolute_number></absolute_number>
  <filename>episodes/73566/118763.jpg</filename>
  <lastupdated>1362337255</lastupdated>
  <seasonid>5998</seasonid>
  <seriesid>73566</seriesid>
</Episode>
<Episode>
  <id>118764</id>
  <Combined_episodenumber>7</Combined_episodenumber>
  <Combined_season>1</Combined_season>
  <DVD_chapter></DVD_chapter>
  <DVD_discid></DVD_discid>
  <DVD_episodenumber></DVD_episodenumber>
  <DVD_season></DVD_season>
  <Director>|Hal Sutherland|</Director>
  <EpImgFlag>3</EpImgFlag>
  <EpisodeName>The Infinite Vulcan</EpisodeName>
  <EpisodeNumber>7</EpisodeNumber>
  <FirstAired>1973-10-20</FirstAired>
  <GuestStars>|James Doohan|Nichelle Nichols|James Doohan|</GuestStars>
  <IMDB_ID></IMDB_ID>
  <Language>en</Language>
  <Overview>The Enterprise investigate a seemingly-abandoned planet to discover it's inhabited by a race of plants, the Phylosians. They are then confronted by a giant humanoid, Dr. Keniclius 5, a refugee of the Eugenics Wars. He leads the Phylosians and they capture Spock and send Kirk packing. Keniclius plans to clone Spock as he cloned himself (being the &quot;&quot;fifth&quot;&quot; generation of the original) and bring peace to the galaxy via conquest. He's helping the Phylosians, a dying race, who are aiding him in return. McCoy whips up some weedkiller and the Enterprise landing party get past the Phylosians only to confront a giant Spock; Keniclius' first of many. But the original is to be sacrificed. Kirk goads the giant Spock into assisting the younger one by drawing on its reflexive actions. The clone-Spock revives the original with a mind meld and Keniclius gives up his dreams of conquest. He and the giant clone-Spock will stay behind to help the Phylosians.</Overview>
  <ProductionCode>22002</ProductionCode>
  <Rating>5.5</Rating>
  <RatingCount>4</RatingCount>
  <SeasonNumber>1</SeasonNumber>
  <Writer>|Walter Koenig|</Writer>
  <absolute_number></absolute_number>
  <filename>episodes/73566/118764.jpg</filename>
  <lastupdated>1362337263</lastupdated>
  <seasonid>5998</seasonid>
  <seriesid>73566</seriesid>
</Episode>
<Episode>
  <id>118765</id>
  <Combined_episodenumber>8</Combined_episodenumber>
  <Combined_season>1</Combined_season>
  <DVD_chapter></DVD_chapter>
  <DVD_discid></DVD_discid>
  <DVD_episodenumber></DVD_episodenumber>
  <DVD_season></DVD_season>
  <Director>|Hal Sutherland|</Director>
  <EpImgFlag>3</EpImgFlag>
  <EpisodeName>The Magicks of Megas-Tu</EpisodeName>
  <EpisodeNumber>8</EpisodeNumber>
  <FirstAired>1973-10-27</FirstAired>
  <GuestStars>|Ed Bishop|James Doohan|George Takei|</GuestStars>
  <IMDB_ID></IMDB_ID>
  <Language>en</Language>
  <Overview>While on a mission at the center of the galaxy, the Enterprise are swept through the center of everything and end up in an alien world where all laws of nature and physics fail to work. They are rescued from total system collapse and death by a satyrlike creature named Lucien. He claims to be happy to have them finally come visiting, but preaches caution. Spock deduces that magic actually works in this universe, but the Enterprise crew's experimental use of it attracts the attention of Lucien's people. They came to Earth and practiced magic, but were hated, feared, and driven out. They put the Enterprise crew on trial in a mock Salem but it is actually Lucien they consider at fault. They agree to let the Enterprise go but condemn Lucien to eternal imprisonment. Defending Lucien, Kirk challenges the court ruling and uses magic himself to fend off the Chief Prosecutor. Impressed by Kirk's willingness to die for Lucien, who may have been the inspiration for Lucifer, the Megans send the En</Overview>
  <ProductionCode>22009</ProductionCode>
  <Rating>6.5</Rating>
  <RatingCount>2</RatingCount>
  <SeasonNumber>1</SeasonNumber>
  <Writer>|Larry Brody|</Writer>
  <absolute_number></absolute_number>
  <filename>episodes/73566/118765.jpg</filename>
  <lastupdated>1362337273</lastupdated>
  <seasonid>5998</seasonid>
  <seriesid>73566</seriesid>
</Episode>
<Episode>
  <id>118766</id>
  <Combined_episodenumber>9</Combined_episodenumber>
  <Combined_season>1</Combined_season>
  <DVD_chapter></DVD_chapter>
  <DVD_discid></DVD_discid>
  <DVD_episodenumber></DVD_episodenumber>
  <DVD_season></DVD_season>
  <Director>|Hal Sutherland|</Director>
  <EpImgFlag>3</EpImgFlag>
  <EpisodeName>Once Upon a Planet</EpisodeName>
  <EpisodeNumber>9</EpisodeNumber>
  <FirstAired>1973-11-03</FirstAired>
  <GuestStars>|George Takei|James Doohan|Nichelle Nichols|Majel Barrett|</GuestStars>
  <IMDB_ID></IMDB_ID>
  <Language>en</Language>
  <Overview>Kirk returns to the &quot;&quot;shore leave&quot;&quot; planet, but it's not as peaceful as it was when they last saw it.</Overview>
  <ProductionCode>22014</ProductionCode>
  <Rating>6.2</Rating>
  <RatingCount>5</RatingCount>
  <SeasonNumber>1</SeasonNumber>
  <Writer>|Chuck Menville|Len Janson|</Writer>
  <absolute_number></absolute_number>
  <filename>episodes/73566/118766.jpg</filename>
  <lastupdated>1362337283</lastupdated>
  <seasonid>5998</seasonid>
  <seriesid>73566</seriesid>
</Episode>
<Episode>
  <id>118767</id>
  <Combined_episodenumber>10</Combined_episodenumber>
  <Combined_season>1</Combined_season>
  <DVD_chapter></DVD_chapter>
  <DVD_discid></DVD_discid>
  <DVD_episodenumber></DVD_episodenumber>
  <DVD_season></DVD_season>
  <Director>|Hal Sutherland|</Director>
  <EpImgFlag>3</EpImgFlag>
  <EpisodeName>Mudd's Passion</EpisodeName>
  <EpisodeNumber>10</EpisodeNumber>
  <FirstAired>1973-11-10</FirstAired>
  <GuestStars>|Roger C. Carmel|Nichelle Nichols|Majel Barrett|James Doohan|</GuestStars>
  <IMDB_ID></IMDB_ID>
  <Language>en</Language>
  <Overview>The Enterprise are sent to check out a conman who is their old friend Harry Mudd. He is trying to sell a fake love potion to miners. Kirk reveals the scheme and &quot;&quot;rescues&quot;&quot; Harry into protective custody. Mudd tricks Nurse Chapel into trying the love potion on Spock as a distraction to take her hostage and escape by shuttlecraft. Spock and Kirk pursue him to an abandoned planet but not before the potion is distributed into the air system. The potion has a delayed effect and Spock soon becomes enarmored of Christine. Complicating matters, a giant rock creature on the planet attacks and the Enterprise crew are too romantically distracted to rescue them. Kirk manages to use the love potion on the Godzilla-sized creature and it spares them long enough to be rescued. The potion's effects totally reverse and the love-smitten duos hate each other for an equal period of time. Realizing he had the real thing on his hands all along and didn't market it correctly, Harry confesses to his misdeeds.</Overview>
  <ProductionCode>22008</ProductionCode>
  <Rating>7.0</Rating>
  <RatingCount>3</RatingCount>
  <SeasonNumber>1</SeasonNumber>
  <Writer>|Stephen Kandel|</Writer>
  <absolute_number></absolute_number>
  <filename>episodes/73566/118767.jpg</filename>
  <lastupdated>1362337298</lastupdated>
  <seasonid>5998</seasonid>
  <seriesid>73566</seriesid>
</Episode>
<Episode>
  <id>118768</id>
  <Combined_episodenumber>11</Combined_episodenumber>
  <Combined_season>1</Combined_season>
  <DVD_chapter></DVD_chapter>
  <DVD_discid></DVD_discid>
  <DVD_episodenumber></DVD_episodenumber>
  <DVD_season></DVD_season>
  <Director>|Hal Sutherland|</Director>
  <EpImgFlag>3</EpImgFlag>
  <EpisodeName>The Terratin Incident</EpisodeName>
  <EpisodeNumber>11</EpisodeNumber>
  <FirstAired>1973-11-17</FirstAired>
  <GuestStars>|James Doohan|James Doohan|Nichelle Nichols|</GuestStars>
  <IMDB_ID></IMDB_ID>
  <Language>en</Language>
  <Overview>While exploring a burnt out supernova the Enterprise track a strange signal with the unrecognized word &quot;&quot;terratin&quot;&quot;. They track it to the single planet orbiting the supernova and are hit with a burst of light from the volcanic planet. The crew and all organic matter begin to shrink while the ship's circuits are fused and the dilithium burned out. Struggling against a ship that they will soon be unable to control, they beam Kirk down to the signal source. The transporter recreates him from the original pattern, restoring him to normal size. The planet is plagued with volcanic activity and has a radiation that when focused causes organic shrinkage. Kirk finds a miniature city just before being beamed back up on automatic. He finds the ship deserted: the city below beamed the Enterprise crew, now at their same size down. The &quot;&quot;shrink attack&quot;&quot; was the only way they had to contact Enterprise, and they are about to be destroyed by volcanic activity. They were a lost colony: Terra 10 (i.e., &quot;&quot;terr</Overview>
  <ProductionCode>22015</ProductionCode>
  <Rating>7.0</Rating>
  <RatingCount>4</RatingCount>
  <SeasonNumber>1</SeasonNumber>
  <Writer>|Paul Schneider|</Writer>
  <absolute_number></absolute_number>
  <filename>episodes/73566/118768.jpg</filename>
  <lastupdated>1362337307</lastupdated>
  <seasonid>5998</seasonid>
  <seriesid>73566</seriesid>
</Episode>
<Episode>
  <id>118769</id>
  <Combined_episodenumber>12</Combined_episodenumber>
  <Combined_season>1</Combined_season>
  <DVD_chapter></DVD_chapter>
  <DVD_discid></DVD_discid>
  <DVD_episodenumber></DVD_episodenumber>
  <DVD_season></DVD_season>
  <Director>|Hal Sutherland|</Director>
  <EpImgFlag>3</EpImgFlag>
  <EpisodeName>The Time Trap</EpisodeName>
  <EpisodeNumber>12</EpisodeNumber>
  <FirstAired>1973-11-24</FirstAired>
  <GuestStars>|George Takei|James Doohan|George Takei|Nichelle Nichols|James Doohan|</GuestStars>
  <IMDB_ID></IMDB_ID>
  <Language>en</Language>
  <Overview>The Enterprise is investigating a &quot;&quot;Bermuda Triangle of Space&quot;&quot; when pursuit by three Klingon ships forces them into the area. They and the lead ship commanded by Captain Kor disappear and reappear in a mysterious null area of space filled with abandoned ships. They find a concentrated population on one ship and both captains are whisked away to meet with a Council of various aliens who are trapped there. Unable to escape because of the eventual drain of all higher power systems, they have formed a peaceful coalition, the Elysians, and insist the newcomers obey their rules. The Klingons fail in one attempt to escape the area, but Spock determines that the two ships together might succeed if they operate in tandem. Reluctantly Kor agrees but prepares to sabotage efforts. He has his mate plant a bomb during a social party between the two crews. The two ships linked together manage to escape but Scotty and Spock find the bomb and jettison it just before the Klingon ship breaks away and acti</Overview>
  <ProductionCode>22010</ProductionCode>
  <Rating>7.5</Rating>
  <RatingCount>2</RatingCount>
  <SeasonNumber>1</SeasonNumber>
  <Writer>|Joyce Perry|</Writer>
  <absolute_number></absolute_number>
  <filename>episodes/73566/118769.jpg</filename>
  <lastupdated>1362337316</lastupdated>
  <seasonid>5998</seasonid>
  <seriesid>73566</seriesid>
</Episode>
<Episode>
  <id>118770</id>
  <Combined_episodenumber>13</Combined_episodenumber>
  <Combined_season>1</Combined_season>
  <DVD_chapter></DVD_chapter>
  <DVD_discid></DVD_discid>
  <DVD_episodenumber></DVD_episodenumber>
  <DVD_season></DVD_season>
  <Director>|Hal Sutherland|</Director>
  <EpImgFlag>3</EpImgFlag>
  <EpisodeName>The Ambergris Element</EpisodeName>
  <EpisodeNumber>13</EpisodeNumber>
  <FirstAired>1973-12-01</FirstAired>
  <GuestStars>|James Doohan|Majel Barrett|James Doohan|David Gerrold|Majel Barrett|</GuestStars>
  <IMDB_ID></IMDB_ID>
  <Language>en</Language>
  <Overview>While exploring the planet Argo, Kirk and Spock are turned into water breathers.</Overview>
  <ProductionCode>22013</ProductionCode>
  <Rating>7.0</Rating>
  <RatingCount>3</RatingCount>
  <SeasonNumber>1</SeasonNumber>
  <Writer>|Margaret Armen|</Writer>
  <absolute_number></absolute_number>
  <filename>episodes/73566/118770.jpg</filename>
  <lastupdated>1362337325</lastupdated>
  <seasonid>5998</seasonid>
  <seriesid>73566</seriesid>
</Episode>
<Episode>
  <id>118771</id>
  <Combined_episodenumber>14</Combined_episodenumber>
  <Combined_season>1</Combined_season>
  <DVD_chapter></DVD_chapter>
  <DVD_discid></DVD_discid>
  <DVD_episodenumber></DVD_episodenumber>
  <DVD_season></DVD_season>
  <Director>|Hal Sutherland|</Director>
  <EpImgFlag>3</EpImgFlag>
  <EpisodeName>The Slaver Weapon</EpisodeName>
  <EpisodeNumber>14</EpisodeNumber>
  <FirstAired>1973-12-15</FirstAired>
  <GuestStars>|James Doohan|James Doohan|Majel Barrett|</GuestStars>
  <IMDB_ID></IMDB_ID>
  <Language>en</Language>
  <Overview>While carrying an ancient Slaver stasis box to a star base, Spock, Uhura, and Sulu get an indication that there is another nearby. Upon investigating, they are taken prisoner by the Kzinti - a cat-like race who hate humans after losing several wars to them. The Kzinti have an empty Slaver box, which is the only way to find another stasis box. They manage to open the Enterprise crew's box and find old meat, a strange hologram statue, and...a mysterious gun-like device. The item can shift its form. Spock and Sulu manage to escape but are recaptured when they trigger a matter-destruct sequence. An energy-draining setting almost lets Uhura escape. The Kzinti eventually stumble upon a setting that activates a sentient computer. When they are unable to provide the proper passwords it nonetheless provides them with another setting when they request the matter conversion form. But it's a self-destruct setting: the computer believes the Kzinti to be Slaver enemies and gives them the means to th</Overview>
  <ProductionCode>22011</ProductionCode>
  <Rating>6.0</Rating>
  <RatingCount>2</RatingCount>
  <SeasonNumber>1</SeasonNumber>
  <Writer>|Larry Niven|</Writer>
  <absolute_number></absolute_number>
  <filename>episodes/73566/118771.jpg</filename>
  <lastupdated>1362337336</lastupdated>
  <seasonid>5998</seasonid>
  <seriesid>73566</seriesid>
</Episode>
<Episode>
  <id>118772</id>
  <Combined_episodenumber>15</Combined_episodenumber>
  <Combined_season>1</Combined_season>
  <DVD_chapter></DVD_chapter>
  <DVD_discid></DVD_discid>
  <DVD_episodenumber></DVD_episodenumber>
  <DVD_season></DVD_season>
  <Director>|Hal Sutherland|</Director>
  <EpImgFlag>3</EpImgFlag>
  <EpisodeName>The Eye of the Beholder</EpisodeName>
  <EpisodeNumber>15</EpisodeNumber>
  <FirstAired>1974-01-05</FirstAired>
  <GuestStars>|James Doohan|Majel Barrett|</GuestStars>
  <IMDB_ID></IMDB_ID>
  <Language>en</Language>
  <Overview>The Enterprise crew go looking for the missing Ariel, a science ship. They track it to a class M planet. Kirk, Spock, and McCoy beam down and after passing through a series of oddly divided ecological regions, are captured by strange slug-like creatures. They are taken to a high-tech zoo where they meet the remaining three survivors of the Ariel. They are exhibits in the zoo belonging to the Lactran slug-aliens, who are highly intelligent. The creatures are so intelligent they don't recognize the humans and Spock as intelligent. One of the Ariel crewman is dying of an illness, and uniting their mental force with Spock they manage to contact a Lactran child to give them the medical kit and a communicator. The child snatches the communicator just as Scotty beams it up. While the adults concentrate their mental powers on Kirk in an effort to recover their child, almost driving him mad, the Lactran child takes over the Enterprise. After scanning its computers it beams back with Scotty and</Overview>
  <ProductionCode>22016</ProductionCode>
  <Rating>7.0</Rating>
  <RatingCount>1</RatingCount>
  <SeasonNumber>1</SeasonNumber>
  <Writer>|David P. Harmon|</Writer>
  <absolute_number></absolute_number>
  <filename>episodes/73566/118772.jpg</filename>
  <lastupdated>1362337344</lastupdated>
  <seasonid>5998</seasonid>
  <seriesid>73566</seriesid>
</Episode>
<Episode>
  <id>118773</id>
  <Combined_episodenumber>16</Combined_episodenumber>
  <Combined_season>1</Combined_season>
  <DVD_chapter></DVD_chapter>
  <DVD_discid></DVD_discid>
  <DVD_episodenumber></DVD_episodenumber>
  <DVD_season></DVD_season>
  <Director>|Hal Sutherland|</Director>
  <EpImgFlag>3</EpImgFlag>
  <EpisodeName>The Jihad</EpisodeName>
  <EpisodeNumber>16</EpisodeNumber>
  <FirstAired>1974-01-12</FirstAired>
  <GuestStars>|David Gerrold|James Doohan|Majel Barrett|Majel Barrett|</GuestStars>
  <IMDB_ID></IMDB_ID>
  <Language>en</Language>
  <Overview>Kirk leads a party to retrieve a religious relic that was stolen; however, he is faced with sabotage from within the group by someone who doesn't want to relic to be found, which will trigger an intergalactic jihad.</Overview>
  <ProductionCode>22012</ProductionCode>
  <Rating>4.0</Rating>
  <RatingCount>1</RatingCount>
  <SeasonNumber>1</SeasonNumber>
  <Writer>|Stephen Kandel|</Writer>
  <absolute_number></absolute_number>
  <filename>episodes/73566/118773.jpg</filename>
  <lastupdated>1362337356</lastupdated>
  <seasonid>5998</seasonid>
  <seriesid>73566</seriesid>
</Episode>
<Episode>
  <id>118774</id>
  <Combined_episodenumber>1</Combined_episodenumber>
  <Combined_season>2</Combined_season>
  <DVD_chapter></DVD_chapter>
  <DVD_discid></DVD_discid>
  <DVD_episodenumber></DVD_episodenumber>
  <DVD_season></DVD_season>
  <Director>|Hal Sutherland|</Director>
  <EpImgFlag>3</EpImgFlag>
  <EpisodeName>The Pirates of Orion</EpisodeName>
  <EpisodeNumber>1</EpisodeNumber>
  <FirstAired>1974-09-07</FirstAired>
  <GuestStars>|George Takei|James Doohan|George Takei|Majel Barrett|James Doohan|</GuestStars>
  <IMDB_ID></IMDB_ID>
  <Language>en</Language>
  <Overview>When Spock is stricken down by a disease fatal to Vulcans, the Enterprise is to meet a freighter with a load of drugs that provides the only cure, but Orion pirates attack the ship and Kirk must track down the Orions and the drug before it is too late.</Overview>
  <ProductionCode>22020</ProductionCode>
  <Rating>6.7</Rating>
  <RatingCount>3</RatingCount>
  <SeasonNumber>2</SeasonNumber>
  <Writer>|Howard Weinstein|</Writer>
  <absolute_number></absolute_number>
  <filename>episodes/73566/118774.jpg</filename>
  <lastupdated>1362337030</lastupdated>
  <seasonid>5999</seasonid>
  <seriesid>73566</seriesid>
</Episode>
<Episode>
  <id>118775</id>
  <Combined_episodenumber>2</Combined_episodenumber>
  <Combined_season>2</Combined_season>
  <DVD_chapter></DVD_chapter>
  <DVD_discid></DVD_discid>
  <DVD_episodenumber></DVD_episodenumber>
  <DVD_season></DVD_season>
  <Director>|Hal Sutherland|</Director>
  <EpImgFlag>1</EpImgFlag>
  <EpisodeName>Bem</EpisodeName>
  <EpisodeNumber>2</EpisodeNumber>
  <FirstAired>1974-09-14</FirstAired>
  <GuestStars>|James Doohan|Majel Barrett|</GuestStars>
  <IMDB_ID></IMDB_ID>
  <Language>en</Language>
  <Overview>The Enterprise has as an observer on their current exploration/contact missions: Commander Ari bn Bem of the planet Pandro. He is rude and obnoxious and dangerously independent, but Kirk is under orders to treat him well to further relations with Pandro. After six months in his cabin Bem insists on going on a landing party. Trying to rescue Bem (who claims he is observing the primitive locals), Kirk and Spock are captured. Bem has replaced their communicators and phasers with dummies to observe them under stress as well. He reveals he is a colony creature who can split his body into separate, individually independent parts. Meanwhile, a sensory anomaly is sweeping over the planet, and appears to be a &quot;&quot;god&quot;&quot; of some sort that claims responsibility over its &quot;&quot;children&quot;&quot; and insists they leave. Bem escapes and Kirk rescues him again by telling the &quot;&quot;god&quot;&quot; that he has the same responsibility to Bem it does to her children. A chastened Bem acquiesces and the planet's natives are left to develop</Overview>
  <ProductionCode>22018</ProductionCode>
  <Rating>6.3</Rating>
  <RatingCount>3</RatingCount>
  <SeasonNumber>2</SeasonNumber>
  <Writer>|David Gerrold|</Writer>
  <absolute_number></absolute_number>
  <filename>episodes/73566/118775.jpg</filename>
  <lastupdated>1362337044</lastupdated>
  <seasonid>5999</seasonid>
  <seriesid>73566</seriesid>
</Episode>
<Episode>
  <id>118776</id>
  <Combined_episodenumber>3</Combined_episodenumber>
  <Combined_season>2</Combined_season>
  <DVD_chapter></DVD_chapter>
  <DVD_discid></DVD_discid>
  <DVD_episodenumber></DVD_episodenumber>
  <DVD_season></DVD_season>
  <Director>|Hal Sutherland|</Director>
  <EpImgFlag>3</EpImgFlag>
  <EpisodeName>The Practical Joker</EpisodeName>
  <EpisodeNumber>3</EpisodeNumber>
  <FirstAired>1974-09-21</FirstAired>
  <GuestStars>|James Doohan|Majel Barrett|James Doohan|Norm Prescott|</GuestStars>
  <IMDB_ID></IMDB_ID>
  <Language>en</Language>
  <Overview>The Enterprise explores a mysterious cloud in space. After passing through it the ship's computer begins acting in a bizarre fashion. It replicates Kirk's shirts with &quot;&quot;Kirk is a Jerk&quot;&quot; on the back, manufacturers devices that leave a black eye ring on Spock, and shoot cream pies out of the food devices. Things take a turn for the worse when McCoy, Sulu, and Uhura are trapped in thea holodeck where they are beset by dangerous weather phenomena. They are rescued by Scotty when he bypasses the controls, but the Enterprise crew are further endangered when the Romulans attack and the ship's computer overrides manual controls. By feigning fear of the cloud, Kirk tricks the ship's computer into entering the cloud, which reverses the process. As they depart, they pick up transmissions from the pursuing Romulan ship that they are experiencing strange phenomena from their computer...</Overview>
  <ProductionCode>22017</ProductionCode>
  <Rating>6.7</Rating>
  <RatingCount>3</RatingCount>
  <SeasonNumber>2</SeasonNumber>
  <Writer>|Chuck Menville|</Writer>
  <absolute_number></absolute_number>
  <filename>episodes/73566/118776.jpg</filename>
  <lastupdated>1362337062</lastupdated>
  <seasonid>5999</seasonid>
  <seriesid>73566</seriesid>
</Episode>
<Episode>
  <id>118777</id>
  <Combined_episodenumber>4</Combined_episodenumber>
  <Combined_season>2</Combined_season>
  <DVD_chapter></DVD_chapter>
  <DVD_discid></DVD_discid>
  <DVD_episodenumber></DVD_episodenumber>
  <DVD_season></DVD_season>
  <Director>|Hal Sutherland|</Director>
  <EpImgFlag>3</EpImgFlag>
  <EpisodeName>Albatross</EpisodeName>
  <EpisodeNumber>4</EpisodeNumber>
  <FirstAired>1974-09-28</FirstAired>
  <GuestStars>|James Doohan|Lou Scheimer|James Doohan|</GuestStars>
  <IMDB_ID></IMDB_ID>
  <Language>en</Language>
  <Overview>Dr. McCoy is arrested and held responsible for causing a plague that ravaged the planet Dramia Two, where he performed a mass-innoculation 19 years earlier.</Overview>
  <ProductionCode>22019</ProductionCode>
  <Rating>6.7</Rating>
  <RatingCount>3</RatingCount>
  <SeasonNumber>2</SeasonNumber>
  <Writer>|Dario Finelli|</Writer>
  <absolute_number></absolute_number>
  <filename>episodes/73566/118777.jpg</filename>
  <lastupdated>1362337070</lastupdated>
  <seasonid>5999</seasonid>
  <seriesid>73566</seriesid>
</Episode>
<Episode>
  <id>118778</id>
  <Combined_episodenumber>5</Combined_episodenumber>
  <Combined_season>2</Combined_season>
  <DVD_chapter></DVD_chapter>
  <DVD_discid></DVD_discid>
  <DVD_episodenumber></DVD_episodenumber>
  <DVD_season></DVD_season>
  <Director>|Bill Reed|</Director>
  <EpImgFlag>3</EpImgFlag>
  <EpisodeName>How Sharper Than a Serpent's Tooth?</EpisodeName>
  <EpisodeNumber>5</EpisodeNumber>
  <FirstAired>1974-10-05</FirstAired>
  <GuestStars>|James Doohan|James Doohan|Majel Barrett|</GuestStars>
  <IMDB_ID></IMDB_ID>
  <Language>en</Language>
  <Overview>The Enterprise is tracing the course of a probe that scanned Earth and sent a signal back along its course. They are attacked by a serpent-shaped energy field belonging to a feathered serpent who claims to be Kulkukan of Mayan-Aztec legend. It beams Kirk, McCoy, Scott, and Ensign Walking Bear aboard its ship to solve its puzzle before he will reveal himself. Aligning the mirrors in a strange city, they solve the puzzle and Kulkukan appears before them. It takes them to its &quot;&quot;zoo&quot;&quot; of violent creatures that now live in tranquility. Spock figures a way to break Kulkukan's force field and Kirk uses the diversion to free the animals. Kulkukan realizes that is not a god, but just a delusional old alien that once helped the younger races along. It leaves in sadness, leaving McCoy to remember the Shakespearean quote, &quot;&quot;How sharper than a serpent's tooth is an ungrateful child...&quot;&quot;</Overview>
  <ProductionCode>22022</ProductionCode>
  <Rating>5.0</Rating>
  <RatingCount>2</RatingCount>
  <SeasonNumber>2</SeasonNumber>
  <Writer>|Russell Bates|David Wise|</Writer>
  <absolute_number></absolute_number>
  <filename>episodes/73566/118778.jpg</filename>
  <lastupdated>1362337081</lastupdated>
  <seasonid>5999</seasonid>
  <seriesid>73566</seriesid>
</Episode>
<Episode>
  <id>118779</id>
  <Combined_episodenumber>6</Combined_episodenumber>
  <Combined_season>2</Combined_season>
  <DVD_chapter></DVD_chapter>
  <DVD_discid></DVD_discid>
  <DVD_episodenumber></DVD_episodenumber>
  <DVD_season></DVD_season>
  <Director>|Bill Reed|</Director>
  <EpImgFlag>1</EpImgFlag>
  <EpisodeName>The Counter-Clock Incident</EpisodeName>
  <EpisodeNumber>6</EpisodeNumber>
  <FirstAired>1974-10-12</FirstAired>
  <GuestStars>|James Doohan|Nichelle Nichols|James Doohan|</GuestStars>
  <IMDB_ID></IMDB_ID>
  <Language>en</Language>
  <Overview>With Commodore Robert April (the first commander of the Enterprise) on board, Kirk pursues a ship plunging into a supernova, and enters a universe where time runs backwards.</Overview>
  <ProductionCode>22023</ProductionCode>
  <Rating>7.0</Rating>
  <RatingCount>2</RatingCount>
  <SeasonNumber>2</SeasonNumber>
  <Writer>|Fred Bronson|</Writer>
  <absolute_number></absolute_number>
  <filename>episodes/73566/118779.jpg</filename>
  <lastupdated>1362337091</lastupdated>
  <seasonid>5999</seasonid>
  <seriesid>73566</seriesid>
</Episode>
</Data>