<?xml version="1.0" encoding="UTF-8" ?>
<Actors>
<Actor>
  <id>98851</id>
  <Image></Image>
  <Name>Ed Harris</Name>
  <Role>Miles Roby</Role>
  <SortOrder>0</SortOrder>
</Actor>
<Actor>
  <id>98861</id>
  <Image></Image>
  <Name>Philip Seymour Hoffman</Name>
  <Role>Charlie Mayne</Role>
  <SortOrder>1</SortOrder>
</Actor>
<Actor>
  <id>98871</id>
  <Image></Image>
  <Name>Helen Hunt</Name>
  <Role>Janine Roby</Role>
  <SortOrder>2</SortOrder>
</Actor>
<Actor>
  <id>98891</id>
  <Image></Image>
  <Name>Aidan Quinn</Name>
  <Role>David Roby</Role>
  <SortOrder>3</SortOrder>
</Actor>
<Actor>
  <id>98881</id>
  <Image></Image>
  <Name>Paul Newman</Name>
  <Role>Max Roby</Role>
  <SortOrder>3</SortOrder>
</Actor>
<Actor>
  <id>98901</id>
  <Image></Image>
  <Name>Robin Wright Penn</Name>
  <Role>Grace Roby</Role>
  <SortOrder>3</SortOrder>
</Actor>
</Actors>