<?xml version="1.0" encoding="UTF-8" ?>
<Actors>
<Actor>
  <id>70173</id>
  <Image></Image>
  <Name>Adam Ferrara</Name>
  <Role></Role>
  <SortOrder>3</SortOrder>
</Actor>
<Actor>
  <id>70176</id>
  <Image></Image>
  <Name>Bill Nunn</Name>
  <Role></Role>
  <SortOrder>3</SortOrder>
</Actor>
<Actor>
  <id>70169</id>
  <Image></Image>
  <Name>Denis Leary</Name>
  <Role></Role>
  <SortOrder>3</SortOrder>
</Actor>
<Actor>
  <id>70175</id>
  <Image></Image>
  <Name>Diane Farr</Name>
  <Role></Role>
  <SortOrder>3</SortOrder>
</Actor>
<Actor>
  <id>70172</id>
  <Image></Image>
  <Name>John Ortiz</Name>
  <Role></Role>
  <SortOrder>3</SortOrder>
</Actor>
<Actor>
  <id>70171</id>
  <Image></Image>
  <Name>Julian Acosta</Name>
  <Role></Role>
  <SortOrder>3</SortOrder>
</Actor>
<Actor>
  <id>70170</id>
  <Image></Image>
  <Name>Keith David</Name>
  <Role></Role>
  <SortOrder>3</SortOrder>
</Actor>
<Actor>
  <id>70174</id>
  <Image></Image>
  <Name>Lenny Clarke</Name>
  <Role></Role>
  <SortOrder>3</SortOrder>
</Actor>
</Actors>