<?xml version="1.0" encoding="UTF-8" ?>
<Data><Series>
  <id>79180</id>
  <Actors>|Adam Ferrara|Bill Nunn|Denis Leary|Diane Farr|John Ortiz|Julian Acosta|Keith David|Lenny Clarke|</Actors>
  <Airs_DayOfWeek></Airs_DayOfWeek>
  <Airs_Time></Airs_Time>
  <ContentRating></ContentRating>
  <FirstAired>2001-03-14</FirstAired>
  <Genre>|Comedy|</Genre>
  <IMDB_ID>tt0272980</IMDB_ID>
  <Language>en</Language>
  <Network>ABC</Network>
  <NetworkID></NetworkID>
  <Overview>Mike McNeil is a self-medicating, hard-drinking, decorated New York City detective with a wife, a mistress, and a crush on a co-worker. Surrounded by a partner and fellow squad members who are just as colorful, McNeil pursues his uniquely unconventional, yet effective, approach to crime solving while he attempts to manage the chaos of his personal life.</Overview>
  <Rating>9.0</Rating>
  <RatingCount>3</RatingCount>
  <Runtime>30</Runtime>
  <SeriesID>908</SeriesID>
  <SeriesName>The Job</SeriesName>
  <Status>Ended</Status>
  <added></added>
  <addedBy></addedBy>
  <banner>graphical/79180-g2.jpg</banner>
  <fanart>fanart/original/79180-1.jpg</fanart>
  <lastupdated>1315237513</lastupdated>
  <poster>posters/79180-1.jpg</poster>
  <zap2it_id>SH425949</zap2it_id>
</Series>
<Episode>
  <id>3162161</id>
  <Combined_episodenumber>1</Combined_episodenumber>
  <Combined_season>0</Combined_season>
  <DVD_chapter></DVD_chapter>
  <DVD_discid></DVD_discid>
  <DVD_episodenumber></DVD_episodenumber>
  <DVD_season></DVD_season>
  <Director></Director>
  <EpImgFlag></EpImgFlag>
  <EpisodeName>Promos</EpisodeName>
  <EpisodeNumber>1</EpisodeNumber>
  <FirstAired></FirstAired>
  <GuestStars></GuestStars>
  <IMDB_ID></IMDB_ID>
  <Language>en</Language>
  <Overview></Overview>
  <ProductionCode></ProductionCode>
  <Rating></Rating>
  <RatingCount>0</RatingCount>
  <SeasonNumber>0</SeasonNumber>
  <Writer></Writer>
  <absolute_number></absolute_number>
  <airsafter_season></airsafter_season>
  <airsbefore_episode></airsbefore_episode>
  <airsbefore_season></airsbefore_season>
  <filename></filename>
  <lastupdated>1290111289</lastupdated>
  <seasonid>26624</seasonid>
  <seriesid>79180</seriesid>
</Episode>
<Episode>
  <id>3162171</id>
  <Combined_episodenumber>2</Combined_episodenumber>
  <Combined_season>0</Combined_season>
  <DVD_chapter></DVD_chapter>
  <DVD_discid></DVD_discid>
  <DVD_episodenumber></DVD_episodenumber>
  <DVD_season></DVD_season>
  <Director></Director>
  <EpImgFlag></EpImgFlag>
  <EpisodeName>Gag Reel</EpisodeName>
  <EpisodeNumber>2</EpisodeNumber>
  <FirstAired></FirstAired>
  <GuestStars></GuestStars>
  <IMDB_ID></IMDB_ID>
  <Language>en</Language>
  <Overview></Overview>
  <ProductionCode></ProductionCode>
  <Rating></Rating>
  <RatingCount>0</RatingCount>
  <SeasonNumber>0</SeasonNumber>
  <Writer></Writer>
  <absolute_number></absolute_number>
  <airsafter_season></airsafter_season>
  <airsbefore_episode></airsbefore_episode>
  <airsbefore_season></airsbefore_season>
  <filename></filename>
  <lastupdated>1290111305</lastupdated>
  <seasonid>26624</seasonid>
  <seriesid>79180</seriesid>
</Episode>
<Episode>
  <id>3162181</id>
  <Combined_episodenumber>3</Combined_episodenumber>
  <Combined_season>0</Combined_season>
  <DVD_chapter></DVD_chapter>
  <DVD_discid></DVD_discid>
  <DVD_episodenumber></DVD_episodenumber>
  <DVD_season></DVD_season>
  <Director></Director>
  <EpImgFlag></EpImgFlag>
  <EpisodeName>Behind The Scenes</EpisodeName>
  <EpisodeNumber>3</EpisodeNumber>
  <FirstAired></FirstAired>
  <GuestStars></GuestStars>
  <IMDB_ID></IMDB_ID>
  <Language>en</Language>
  <Overview></Overview>
  <ProductionCode></ProductionCode>
  <Rating></Rating>
  <RatingCount>0</RatingCount>
  <SeasonNumber>0</SeasonNumber>
  <Writer></Writer>
  <absolute_number></absolute_number>
  <airsafter_season></airsafter_season>
  <airsbefore_episode></airsbefore_episode>
  <airsbefore_season></airsbefore_season>
  <filename></filename>
  <lastupdated>1290111318</lastupdated>
  <seasonid>26624</seasonid>
  <seriesid>79180</seriesid>
</Episode>
<Episode>
  <id>3162191</id>
  <Combined_episodenumber>4</Combined_episodenumber>
  <Combined_season>0</Combined_season>
  <DVD_chapter></DVD_chapter>
  <DVD_discid></DVD_discid>
  <DVD_episodenumber></DVD_episodenumber>
  <DVD_season></DVD_season>
  <Director></Director>
  <EpImgFlag></EpImgFlag>
  <EpisodeName>Cast Interviews</EpisodeName>
  <EpisodeNumber>4</EpisodeNumber>
  <FirstAired></FirstAired>
  <GuestStars></GuestStars>
  <IMDB_ID></IMDB_ID>
  <Language>en</Language>
  <Overview></Overview>
  <ProductionCode></ProductionCode>
  <Rating></Rating>
  <RatingCount>0</RatingCount>
  <SeasonNumber>0</SeasonNumber>
  <Writer></Writer>
  <absolute_number></absolute_number>
  <airsafter_season></airsafter_season>
  <airsbefore_episode></airsbefore_episode>
  <airsbefore_season></airsbefore_season>
  <filename></filename>
  <lastupdated>1290111337</lastupdated>
  <seasonid>26624</seasonid>
  <seriesid>79180</seriesid>
</Episode>
<Episode>
  <id>3162201</id>
  <Combined_episodenumber>5</Combined_episodenumber>
  <Combined_season>0</Combined_season>
  <DVD_chapter></DVD_chapter>
  <DVD_discid></DVD_discid>
  <DVD_episodenumber></DVD_episodenumber>
  <DVD_season></DVD_season>
  <Director></Director>
  <EpImgFlag></EpImgFlag>
  <EpisodeName>Interview with Peter Tolan</EpisodeName>
  <EpisodeNumber>5</EpisodeNumber>
  <FirstAired></FirstAired>
  <GuestStars></GuestStars>
  <IMDB_ID></IMDB_ID>
  <Language>en</Language>
  <Overview></Overview>
  <ProductionCode></ProductionCode>
  <Rating></Rating>
  <RatingCount>0</RatingCount>
  <SeasonNumber>0</SeasonNumber>
  <Writer></Writer>
  <absolute_number></absolute_number>
  <airsafter_season></airsafter_season>
  <airsbefore_episode></airsbefore_episode>
  <airsbefore_season></airsbefore_season>
  <filename></filename>
  <lastupdated>1290111352</lastupdated>
  <seasonid>26624</seasonid>
  <seriesid>79180</seriesid>
</Episode>
<Episode>
  <id>3162211</id>
  <Combined_episodenumber>6</Combined_episodenumber>
  <Combined_season>0</Combined_season>
  <DVD_chapter></DVD_chapter>
  <DVD_discid></DVD_discid>
  <DVD_episodenumber></DVD_episodenumber>
  <DVD_season></DVD_season>
  <Director></Director>
  <EpImgFlag></EpImgFlag>
  <EpisodeName>An Interview with Denis Leary and Peter Tolan</EpisodeName>
  <EpisodeNumber>6</EpisodeNumber>
  <FirstAired></FirstAired>
  <GuestStars></GuestStars>
  <IMDB_ID></IMDB_ID>
  <Language>en</Language>
  <Overview></Overview>
  <ProductionCode></ProductionCode>
  <Rating></Rating>
  <RatingCount>0</RatingCount>
  <SeasonNumber>0</SeasonNumber>
  <Writer></Writer>
  <absolute_number></absolute_number>
  <airsafter_season></airsafter_season>
  <airsbefore_episode></airsbefore_episode>
  <airsbefore_season></airsbefore_season>
  <filename></filename>
  <lastupdated>1290111366</lastupdated>
  <seasonid>26624</seasonid>
  <seriesid>79180</seriesid>
</Episode>
<Episode>
  <id>3162221</id>
  <Combined_episodenumber>7</Combined_episodenumber>
  <Combined_season>0</Combined_season>
  <DVD_chapter></DVD_chapter>
  <DVD_discid></DVD_discid>
  <DVD_episodenumber></DVD_episodenumber>
  <DVD_season></DVD_season>
  <Director></Director>
  <EpImgFlag></EpImgFlag>
  <EpisodeName>Message From Denis Leary</EpisodeName>
  <EpisodeNumber>7</EpisodeNumber>
  <FirstAired></FirstAired>
  <GuestStars></GuestStars>
  <IMDB_ID></IMDB_ID>
  <Language>en</Language>
  <Overview></Overview>
  <ProductionCode></ProductionCode>
  <Rating></Rating>
  <RatingCount>0</RatingCount>
  <SeasonNumber>0</SeasonNumber>
  <Writer></Writer>
  <absolute_number></absolute_number>
  <airsafter_season></airsafter_season>
  <airsbefore_episode></airsbefore_episode>
  <airsbefore_season></airsbefore_season>
  <filename></filename>
  <lastupdated>1290111380</lastupdated>
  <seasonid>26624</seasonid>
  <seriesid>79180</seriesid>
</Episode>
<Episode>
  <id>304773</id>
  <Combined_episodenumber>1.0</Combined_episodenumber>
  <Combined_season>1</Combined_season>
  <DVD_chapter></DVD_chapter>
  <DVD_discid></DVD_discid>
  <DVD_episodenumber>1.0</DVD_episodenumber>
  <DVD_season>1</DVD_season>
  <Director>|Dean Parisot|</Director>
  <EpImgFlag></EpImgFlag>
  <EpisodeName>Pilot</EpisodeName>
  <EpisodeNumber>1</EpisodeNumber>
  <FirstAired>2001-03-14</FirstAired>
  <GuestStars>|Karyn Parsons|Wendy Makkena|Teagle F. Bougere|Gammy Singer|Dyron Holmes|Jimmy Burke|Shiro Oishi|</GuestStars>
  <IMDB_ID></IMDB_ID>
  <Language>en</Language>
  <Overview>Mike and Pip craftily use a suspect's grandmother to get him to confess.</Overview>
  <ProductionCode>32-00-10</ProductionCode>
  <Rating></Rating>
  <RatingCount>0</RatingCount>
  <SeasonNumber>1</SeasonNumber>
  <Writer>|Denis Leary|Peter Tolan|</Writer>
  <absolute_number></absolute_number>
  <filename></filename>
  <lastupdated>1276769252</lastupdated>
  <seasonid>16168</seasonid>
  <seriesid>79180</seriesid>
</Episode>
<Episode>
  <id>304774</id>
  <Combined_episodenumber>2.0</Combined_episodenumber>
  <Combined_season>1</Combined_season>
  <DVD_chapter></DVD_chapter>
  <DVD_discid></DVD_discid>
  <DVD_episodenumber>2.0</DVD_episodenumber>
  <DVD_season>1</DVD_season>
  <Director>|Tucker Gates|</Director>
  <EpImgFlag></EpImgFlag>
  <EpisodeName>Elizabeth</EpisodeName>
  <EpisodeNumber>2</EpisodeNumber>
  <FirstAired>2001-03-21</FirstAired>
  <GuestStars>|Karyn Parsons|Janet Hubert-Whitten|Wendy Makkena|Elizabeth Hurley|Rory Culkin|Robert Merrill|Joshua Biton|Donald Trump|</GuestStars>
  <IMDB_ID></IMDB_ID>
  <Language>en</Language>
  <Overview>Mike's all over the case when Elizabeth Hurley files a harassment complaint; fearing that Mike is a bad influence on her husband, Adina wants Pip to get another partner; after Elizabeth asks Mike out on a date, they become the talk of the town.</Overview>
  <ProductionCode>32-00-10</ProductionCode>
  <Rating></Rating>
  <RatingCount>0</RatingCount>
  <SeasonNumber>1</SeasonNumber>
  <Writer>|Peter Tolan|Denis Leary|</Writer>
  <absolute_number></absolute_number>
  <filename></filename>
  <lastupdated>1276769262</lastupdated>
  <seasonid>16168</seasonid>
  <seriesid>79180</seriesid>
</Episode>
<Episode>
  <id>304775</id>
  <Combined_episodenumber>3.0</Combined_episodenumber>
  <Combined_season>1</Combined_season>
  <DVD_chapter></DVD_chapter>
  <DVD_discid></DVD_discid>
  <DVD_episodenumber>3.0</DVD_episodenumber>
  <DVD_season>1</DVD_season>
  <Director>|Tucker Gates|</Director>
  <EpImgFlag></EpImgFlag>
  <EpisodeName>Bathroom</EpisodeName>
  <EpisodeNumber>3</EpisodeNumber>
  <FirstAired>2001-03-28</FirstAired>
  <GuestStars>|Karyn Parsons|Wendy Makkena|Raymond Serra|Jesse J. Perez|Michael Escamilla|Carmine Cangialosi|Cyrus Farmer|Bryant Richards|</GuestStars>
  <IMDB_ID></IMDB_ID>
  <Language>en</Language>
  <Overview>All hell breaks lose when Frank loses a perp inside the precinct; Mike stumbles on the perp (who doesn't speak any English) and is taken hostage at gunpoint; Ruben and Al are sent on a mysterious mission.</Overview>
  <ProductionCode>32-00-10</ProductionCode>
  <Rating></Rating>
  <RatingCount>0</RatingCount>
  <SeasonNumber>1</SeasonNumber>
  <Writer>|Peter Tolan|Denis Leary|</Writer>
  <absolute_number></absolute_number>
  <filename></filename>
  <lastupdated>1276769271</lastupdated>
  <seasonid>16168</seasonid>
  <seriesid>79180</seriesid>
</Episode>
<Episode>
  <id>304776</id>
  <Combined_episodenumber>4.0</Combined_episodenumber>
  <Combined_season>1</Combined_season>
  <DVD_chapter></DVD_chapter>
  <DVD_discid></DVD_discid>
  <DVD_episodenumber>4.0</DVD_episodenumber>
  <DVD_season>1</DVD_season>
  <Director>|Tucker Gates|</Director>
  <EpImgFlag></EpImgFlag>
  <EpisodeName>Foot</EpisodeName>
  <EpisodeNumber>4</EpisodeNumber>
  <FirstAired>2001-04-04</FirstAired>
  <GuestStars>|Karyn Parsons|James McCaffrey|Frank Santorelli|Larry Block|</GuestStars>
  <IMDB_ID></IMDB_ID>
  <Language>en</Language>
  <Overview>A bag with a severed foot is found, prompting a visit to some mob contacts and a few practical jokes; Mike secretly does a background check on Jan's new boyfriend; Toni is groped on the subway.</Overview>
  <ProductionCode>32-00-10</ProductionCode>
  <Rating></Rating>
  <RatingCount>0</RatingCount>
  <SeasonNumber>1</SeasonNumber>
  <Writer>|Daphne Pollan|Peter Tolan|Denis Leary|Daphne Pollon|</Writer>
  <absolute_number></absolute_number>
  <filename></filename>
  <lastupdated>1276769277</lastupdated>
  <seasonid>16168</seasonid>
  <seriesid>79180</seriesid>
</Episode>
<Episode>
  <id>304777</id>
  <Combined_episodenumber>5.0</Combined_episodenumber>
  <Combined_season>1</Combined_season>
  <DVD_chapter></DVD_chapter>
  <DVD_discid></DVD_discid>
  <DVD_episodenumber>5.0</DVD_episodenumber>
  <DVD_season>1</DVD_season>
  <Director>|Tucker Gates|</Director>
  <EpImgFlag></EpImgFlag>
  <EpisodeName>Massage</EpisodeName>
  <EpisodeNumber>5</EpisodeNumber>
  <FirstAired>2001-04-11</FirstAired>
  <GuestStars>|Janet Hubert-Whitten|Mary Beth Peil|Michael Charles|Ilana Levine|James Lally|Jack Howard|</GuestStars>
  <IMDB_ID></IMDB_ID>
  <Language>en</Language>
  <Overview>The squad rushes out to sample the services at a massage parlor to make sure it's legit; Jan's collar, a homeless man, turns out to be a high school classmate; a grateful senior citizen has designs on Ruben.</Overview>
  <ProductionCode>32-00-10</ProductionCode>
  <Rating></Rating>
  <RatingCount>0</RatingCount>
  <SeasonNumber>1</SeasonNumber>
  <Writer>|Peter Tolan|Denis Leary|</Writer>
  <absolute_number></absolute_number>
  <filename></filename>
  <lastupdated>1276769283</lastupdated>
  <seasonid>16168</seasonid>
  <seriesid>79180</seriesid>
</Episode>
<Episode>
  <id>304778</id>
  <Combined_episodenumber>6.0</Combined_episodenumber>
  <Combined_season>1</Combined_season>
  <DVD_chapter></DVD_chapter>
  <DVD_discid></DVD_discid>
  <DVD_episodenumber>6.0</DVD_episodenumber>
  <DVD_season>1</DVD_season>
  <Director>|Tucker Gates|</Director>
  <EpImgFlag></EpImgFlag>
  <EpisodeName>Anger</EpisodeName>
  <EpisodeNumber>6</EpisodeNumber>
  <FirstAired>2001-04-18</FirstAired>
  <GuestStars>|Karyn Parsons|Zeljko Ivanek|Ellen Pompeo|Josh Pais|Ray Bokhour|Olga Merediz|Mike Jefferson|Slava Schoot|Woker Strongreen|Adrian Martinez|Marina Durell|</GuestStars>
  <IMDB_ID></IMDB_ID>
  <Language>en</Language>
  <Overview>After Mike's ugly altercation with a cab driver is captured on video and broadcast on TV, he's forced to attend anger management classes    the week he decides to quit smoking and drinking; Ruben's mother wants him to apologize to the perp he's forced to shoot.</Overview>
  <ProductionCode>32-00-10</ProductionCode>
  <Rating></Rating>
  <RatingCount>0</RatingCount>
  <SeasonNumber>1</SeasonNumber>
  <Writer>|Mike Martineau|</Writer>
  <absolute_number></absolute_number>
  <filename></filename>
  <lastupdated>1276769290</lastupdated>
  <seasonid>16168</seasonid>
  <seriesid>79180</seriesid>
</Episode>
<Episode>
  <id>304779</id>
  <Combined_episodenumber>1.0</Combined_episodenumber>
  <Combined_season>2</Combined_season>
  <DVD_chapter></DVD_chapter>
  <DVD_discid></DVD_discid>
  <DVD_episodenumber>1.0</DVD_episodenumber>
  <DVD_season>2</DVD_season>
  <Director></Director>
  <EpImgFlag></EpImgFlag>
  <EpisodeName>Sacrilege</EpisodeName>
  <EpisodeNumber>1</EpisodeNumber>
  <FirstAired>2002-01-16</FirstAired>
  <GuestStars>|Tamara Gorski|Peter Gerety|Zena Grey|Peter Tolan|Page Johnson|</GuestStars>
  <IMDB_ID></IMDB_ID>
  <Language>en</Language>
  <Overview>Mike and Pip are less than thrilled when they're assigned to take the District Attorney's twelve-year-old daughter on a ride-along for her school paper, especially when they lose her in the city; Frank disguises himself as a priest to draw out a confession; members of the squad encounter an unusual &quot;&quot;nun&quot;&quot;.</Overview>
  <ProductionCode>32-01-20</ProductionCode>
  <Rating></Rating>
  <RatingCount>0</RatingCount>
  <SeasonNumber>2</SeasonNumber>
  <Writer></Writer>
  <absolute_number></absolute_number>
  <filename></filename>
  <lastupdated>1276769300</lastupdated>
  <seasonid>16169</seasonid>
  <seriesid>79180</seriesid>
</Episode>
<Episode>
  <id>304780</id>
  <Combined_episodenumber>2.0</Combined_episodenumber>
  <Combined_season>2</Combined_season>
  <DVD_chapter></DVD_chapter>
  <DVD_discid></DVD_discid>
  <DVD_episodenumber>2.0</DVD_episodenumber>
  <DVD_season>2</DVD_season>
  <Director>|Tucker Gates|</Director>
  <EpImgFlag></EpImgFlag>
  <EpisodeName>Soup</EpisodeName>
  <EpisodeNumber>2</EpisodeNumber>
  <FirstAired>2002-01-23</FirstAired>
  <GuestStars>|Gary Farmer|Harry Carnahan|Page Johnson|Maureen Balsbaugh.|Curtiss I'Cook|</GuestStars>
  <IMDB_ID></IMDB_ID>
  <Language>en</Language>
  <Overview>When Mike, Pip and Jan are assigned to find a missing ballerina, they discover that her whereabouts may be linked to Frank's favorite new soup; Ruben is touched by a self-proclaimed mystic who's disrupting Central Park.</Overview>
  <ProductionCode>32-01-20</ProductionCode>
  <Rating></Rating>
  <RatingCount>0</RatingCount>
  <SeasonNumber>2</SeasonNumber>
  <Writer>|Peter Tolan|Denis Leary|</Writer>
  <absolute_number></absolute_number>
  <filename></filename>
  <lastupdated>1276769306</lastupdated>
  <seasonid>16169</seasonid>
  <seriesid>79180</seriesid>
</Episode>
<Episode>
  <id>304781</id>
  <Combined_episodenumber>3.0</Combined_episodenumber>
  <Combined_season>2</Combined_season>
  <DVD_chapter></DVD_chapter>
  <DVD_discid></DVD_discid>
  <DVD_episodenumber>3.0</DVD_episodenumber>
  <DVD_season>2</DVD_season>
  <Director>|Tucker Gates|</Director>
  <EpImgFlag></EpImgFlag>
  <EpisodeName>Telescope</EpisodeName>
  <EpisodeNumber>3</EpisodeNumber>
  <FirstAired>2002-01-30</FirstAired>
  <GuestStars>|Elizabeth Hobgood|Cameron Mathison|T.J. Kenneally|Michael Buscemi|Vinny Argiro|Sam Guncler|Johnny Irion|Jimmy Smagula|</GuestStars>
  <IMDB_ID></IMDB_ID>
  <Language>en</Language>
  <Overview>Tommy lifts a telescope from a crime scene, which prompts hours of fun for the squad when they spy a topless yoga practitioner; Jan meets a good prospect when she tries &quot;&quot;speed dating&quot;&quot;; Frank repeatedly tries to return a dead body to its rightful precinct.</Overview>
  <ProductionCode>32-01-21</ProductionCode>
  <Rating></Rating>
  <RatingCount>0</RatingCount>
  <SeasonNumber>2</SeasonNumber>
  <Writer>|Rick Dresser|</Writer>
  <absolute_number></absolute_number>
  <filename></filename>
  <lastupdated>1276769312</lastupdated>
  <seasonid>16169</seasonid>
  <seriesid>79180</seriesid>
</Episode>
<Episode>
  <id>304782</id>
  <Combined_episodenumber>4.0</Combined_episodenumber>
  <Combined_season>2</Combined_season>
  <DVD_chapter></DVD_chapter>
  <DVD_discid></DVD_discid>
  <DVD_episodenumber>4.0</DVD_episodenumber>
  <DVD_season>2</DVD_season>
  <Director>|Adam Bernstein|</Director>
  <EpImgFlag></EpImgFlag>
  <EpisodeName>Gina</EpisodeName>
  <EpisodeNumber>4</EpisodeNumber>
  <FirstAired>2002-02-06</FirstAired>
  <GuestStars>|Joelle Carter|Michael Charles|Lea DeLaria|Gina Gershon|Helen Hanft|Janet Hubert-Whitten|Catherine McCord|Kelly Overton|Scott Wolf|</GuestStars>
  <IMDB_ID></IMDB_ID>
  <Language>en</Language>
  <Overview>Mike scams his way into taking over Ruben's moonlighting as a security guard for Gina Gershon; Frank and the rest of the squad follow suit and jump on the personal security business bandwagon; Adina suspects Pip is cheating on her; Jan discovers Al has a surprising sideline.</Overview>
  <ProductionCode>32-01-20</ProductionCode>
  <Rating></Rating>
  <RatingCount>0</RatingCount>
  <SeasonNumber>2</SeasonNumber>
  <Writer>|Denis Leary|</Writer>
  <absolute_number></absolute_number>
  <filename></filename>
  <lastupdated>1276769325</lastupdated>
  <seasonid>16169</seasonid>
  <seriesid>79180</seriesid>
</Episode>
<Episode>
  <id>304783</id>
  <Combined_episodenumber>9.0</Combined_episodenumber>
  <Combined_season>2</Combined_season>
  <DVD_chapter></DVD_chapter>
  <DVD_discid></DVD_discid>
  <DVD_episodenumber>9.0</DVD_episodenumber>
  <DVD_season>2</DVD_season>
  <Director>|Adam Bernstein|</Director>
  <EpImgFlag></EpImgFlag>
  <EpisodeName>Boss</EpisodeName>
  <EpisodeNumber>5</EpisodeNumber>
  <FirstAired>2002-02-13</FirstAired>
  <GuestStars>|Lenny Venito|Robert Turano|Henry Strozier|George Palermo|John Joseph Gallagher|Mike Benitez|Eunice Wong|</GuestStars>
  <IMDB_ID></IMDB_ID>
  <Language>en</Language>
  <Overview>Mike suspects that Toni is cheating on him with her boss; Frank heads to the track with Tommy to place bets using police department money; Jan and Ruben both vie for a gorgeous apartment left vacant by a murder.</Overview>
  <ProductionCode>32-01-20</ProductionCode>
  <Rating></Rating>
  <RatingCount>0</RatingCount>
  <SeasonNumber>2</SeasonNumber>
  <Writer>|Michael Martineau|</Writer>
  <absolute_number></absolute_number>
  <filename></filename>
  <lastupdated>1276769332</lastupdated>
  <seasonid>16169</seasonid>
  <seriesid>79180</seriesid>
</Episode>
<Episode>
  <id>304784</id>
  <Combined_episodenumber>5.0</Combined_episodenumber>
  <Combined_season>2</Combined_season>
  <DVD_chapter></DVD_chapter>
  <DVD_discid></DVD_discid>
  <DVD_episodenumber>5.0</DVD_episodenumber>
  <DVD_season>2</DVD_season>
  <Director>|Tucker Gates|</Director>
  <EpImgFlag></EpImgFlag>
  <EpisodeName>Quitter</EpisodeName>
  <EpisodeNumber>6</EpisodeNumber>
  <FirstAired>2002-02-27</FirstAired>
  <GuestStars>|Jonny Spanish|Michael Charles|James Leo Ryan|</GuestStars>
  <IMDB_ID></IMDB_ID>
  <Language>en</Language>
  <Overview>Mike promises Karen that he'll quit drinking, just to prove he really doesn't have a problem; the squad has second thoughts about busting a pot party; Mike discovers the joys of abusing cold medicine.</Overview>
  <ProductionCode>32-01-20</ProductionCode>
  <Rating></Rating>
  <RatingCount>0</RatingCount>
  <SeasonNumber>2</SeasonNumber>
  <Writer>|Denis Leary|Peter Tolan|</Writer>
  <absolute_number></absolute_number>
  <filename></filename>
  <lastupdated>1276769339</lastupdated>
  <seasonid>16169</seasonid>
  <seriesid>79180</seriesid>
</Episode>
<Episode>
  <id>304785</id>
  <Combined_episodenumber>11.0</Combined_episodenumber>
  <Combined_season>2</Combined_season>
  <DVD_chapter></DVD_chapter>
  <DVD_discid></DVD_discid>
  <DVD_episodenumber>11.0</DVD_episodenumber>
  <DVD_season>2</DVD_season>
  <Director>|Adam Bernstein|</Director>
  <EpImgFlag></EpImgFlag>
  <EpisodeName>Parents</EpisodeName>
  <EpisodeNumber>7</EpisodeNumber>
  <FirstAired>2002-03-06</FirstAired>
  <GuestStars>|Phyllis Bash|Helmar Augustus Cooper|Stephen Peabody|</GuestStars>
  <IMDB_ID></IMDB_ID>
  <Language>en</Language>
  <Overview>Toni blackmails Mike into meeting her parents; Jan dates a cop with a secret; Tommy courts a rageaholic.</Overview>
  <ProductionCode>32-01-20</ProductionCode>
  <Rating></Rating>
  <RatingCount>0</RatingCount>
  <SeasonNumber>2</SeasonNumber>
  <Writer>|Michael Martineau|</Writer>
  <absolute_number></absolute_number>
  <filename></filename>
  <lastupdated>1276769352</lastupdated>
  <seasonid>16169</seasonid>
  <seriesid>79180</seriesid>
</Episode>
<Episode>
  <id>304786</id>
  <Combined_episodenumber>12.0</Combined_episodenumber>
  <Combined_season>2</Combined_season>
  <DVD_chapter></DVD_chapter>
  <DVD_discid></DVD_discid>
  <DVD_episodenumber>12.0</DVD_episodenumber>
  <DVD_season>2</DVD_season>
  <Director>|Tucker Gates|</Director>
  <EpImgFlag></EpImgFlag>
  <EpisodeName>Barbecue</EpisodeName>
  <EpisodeNumber>8</EpisodeNumber>
  <FirstAired>2002-03-13</FirstAired>
  <GuestStars>|Herb Downer|Janet Hubert-Whitten|Kellie Overbey Shane|Harry O'Reilly|Mike Lisenco|</GuestStars>
  <IMDB_ID></IMDB_ID>
  <Language>en</Language>
  <Overview>Pip and Adina celebrate their 25th anniversary with a no-smoking, no-drinking barbecue attended by church friends, the squad, Mike, Karen and Toni; an impromptu bar and a brawl break out soon after in the backyard.</Overview>
  <ProductionCode>32-01-21</ProductionCode>
  <Rating></Rating>
  <RatingCount>0</RatingCount>
  <SeasonNumber>2</SeasonNumber>
  <Writer>|Mike Martineau|</Writer>
  <absolute_number></absolute_number>
  <filename></filename>
  <lastupdated>1276769361</lastupdated>
  <seasonid>16169</seasonid>
  <seriesid>79180</seriesid>
</Episode>
<Episode>
  <id>304787</id>
  <Combined_episodenumber>13.0</Combined_episodenumber>
  <Combined_season>2</Combined_season>
  <DVD_chapter></DVD_chapter>
  <DVD_discid></DVD_discid>
  <DVD_episodenumber>13.0</DVD_episodenumber>
  <DVD_season>2</DVD_season>
  <Director>|Tucker Gates|</Director>
  <EpImgFlag></EpImgFlag>
  <EpisodeName>Betrayal</EpisodeName>
  <EpisodeNumber>9</EpisodeNumber>
  <FirstAired>2002-03-20</FirstAired>
  <GuestStars>|Eli Wallach|Chevi Colton|Glenn Fleshler|John Kassir|Harry O'Reilly|Eliza Pryor Nagel|</GuestStars>
  <IMDB_ID></IMDB_ID>
  <Language>en</Language>
  <Overview>Toni threatens to tell Karen about her affair with Mike; Frank is hospitalized with chest pains; the squad investigates an elderly man who may have killed his wife.</Overview>
  <ProductionCode>32-01-21</ProductionCode>
  <Rating>4.0</Rating>
  <RatingCount>1</RatingCount>
  <SeasonNumber>2</SeasonNumber>
  <Writer>|Peter Tolan|Denis Leary|</Writer>
  <absolute_number></absolute_number>
  <filename></filename>
  <lastupdated>1276769367</lastupdated>
  <seasonid>16169</seasonid>
  <seriesid>79180</seriesid>
</Episode>
<Episode>
  <id>304788</id>
  <Combined_episodenumber>8.0</Combined_episodenumber>
  <Combined_season>2</Combined_season>
  <DVD_chapter></DVD_chapter>
  <DVD_discid></DVD_discid>
  <DVD_episodenumber>8.0</DVD_episodenumber>
  <DVD_season>2</DVD_season>
  <Director>|Tucker Gates|</Director>
  <EpImgFlag></EpImgFlag>
  <EpisodeName>Neighbor</EpisodeName>
  <EpisodeNumber>10</EpisodeNumber>
  <FirstAired>2002-04-10</FirstAired>
  <GuestStars>|Harry O'Reilly|Rory Culkin|Douglas I. McInnis|Valorie Hubbard|Tessa Ghylin|Crystal Bock|Chance Kelly|Adrienne Carter|</GuestStars>
  <IMDB_ID></IMDB_ID>
  <Language>en</Language>
  <Overview>Mike has Reuben and Al spy on Karen and his neighbor at the park.</Overview>
  <ProductionCode>32-01-20</ProductionCode>
  <Rating></Rating>
  <RatingCount>0</RatingCount>
  <SeasonNumber>2</SeasonNumber>
  <Writer>|David Walpert|</Writer>
  <absolute_number></absolute_number>
  <filename></filename>
  <lastupdated>1276769374</lastupdated>
  <seasonid>16169</seasonid>
  <seriesid>79180</seriesid>
</Episode>
<Episode>
  <id>304789</id>
  <Combined_episodenumber>6.0</Combined_episodenumber>
  <Combined_season>2</Combined_season>
  <DVD_chapter></DVD_chapter>
  <DVD_discid></DVD_discid>
  <DVD_episodenumber>6.0</DVD_episodenumber>
  <DVD_season>2</DVD_season>
  <Director>|Tucker Gates|</Director>
  <EpImgFlag></EpImgFlag>
  <EpisodeName>Gay</EpisodeName>
  <EpisodeNumber>11</EpisodeNumber>
  <FirstAired>2002-04-17</FirstAired>
  <GuestStars>|Glenn Howerton|Charlotte Colavin|Ramsey Faragallah|Tirlok Malik|</GuestStars>
  <IMDB_ID></IMDB_ID>
  <Language>en</Language>
  <Overview>Mike suspects that Frank is gay, and soon the whole squad is trying to get Frank and each other out of the closet; Jan's and Pip's shopping trip to an electronics store turns into an unexpected bust.</Overview>
  <ProductionCode>32-01-20</ProductionCode>
  <Rating></Rating>
  <RatingCount>0</RatingCount>
  <SeasonNumber>2</SeasonNumber>
  <Writer>|Peter Tolan|Denis Leary|</Writer>
  <absolute_number></absolute_number>
  <filename></filename>
  <lastupdated>1276769382</lastupdated>
  <seasonid>16169</seasonid>
  <seriesid>79180</seriesid>
</Episode>
<Episode>
  <id>304790</id>
  <Combined_episodenumber>7.0</Combined_episodenumber>
  <Combined_season>2</Combined_season>
  <DVD_chapter></DVD_chapter>
  <DVD_discid></DVD_discid>
  <DVD_episodenumber>7.0</DVD_episodenumber>
  <DVD_season>2</DVD_season>
  <Director>|Peter Tolan|</Director>
  <EpImgFlag></EpImgFlag>
  <EpisodeName>Vacation</EpisodeName>
  <EpisodeNumber>12</EpisodeNumber>
  <FirstAired>2002-04-17</FirstAired>
  <GuestStars>|Samara Harris|Gina Merchan|Mark Ledbetter|Patrick Stogner|Robert Kelly|Mike Lombardi|</GuestStars>
  <IMDB_ID></IMDB_ID>
  <Language>en</Language>
  <Overview>After getting into trouble for posing as a firefighter in an unorthodox drug bust, Mike is forced to take a vacation in Miami, but he can't relax when he suspects one of his most wanted fugitives is staying at his hotel.</Overview>
  <ProductionCode>32-01-20</ProductionCode>
  <Rating></Rating>
  <RatingCount>0</RatingCount>
  <SeasonNumber>2</SeasonNumber>
  <Writer>|Peter Tolan|Denis Leary|</Writer>
  <absolute_number></absolute_number>
  <filename></filename>
  <lastupdated>1276769390</lastupdated>
  <seasonid>16169</seasonid>
  <seriesid>79180</seriesid>
</Episode>
<Episode>
  <id>304791</id>
  <Combined_episodenumber>10.0</Combined_episodenumber>
  <Combined_season>2</Combined_season>
  <DVD_chapter></DVD_chapter>
  <DVD_discid></DVD_discid>
  <DVD_episodenumber>10.0</DVD_episodenumber>
  <DVD_season>2</DVD_season>
  <Director></Director>
  <EpImgFlag></EpImgFlag>
  <EpisodeName>Dad</EpisodeName>
  <EpisodeNumber>13</EpisodeNumber>
  <FirstAired>2002-04-24</FirstAired>
  <GuestStars></GuestStars>
  <IMDB_ID></IMDB_ID>
  <Language>en</Language>
  <Overview>Frank's reunited with the son he never knew; Jan's medical secret isn't safe with O'Neill; Pip's patrol car is stolen while he's shopping.</Overview>
  <ProductionCode>32-01-21</ProductionCode>
  <Rating></Rating>
  <RatingCount>0</RatingCount>
  <SeasonNumber>2</SeasonNumber>
  <Writer>|Rick Dresser|Ann Lembeck|</Writer>
  <absolute_number></absolute_number>
  <filename></filename>
  <lastupdated>1276769396</lastupdated>
  <seasonid>16169</seasonid>
  <seriesid>79180</seriesid>
</Episode>
</Data>