<?xml version="1.0" encoding="UTF-8" ?>
<Data><Series>
  <id>141501</id>
  <Actors>||</Actors>
  <Airs_DayOfWeek></Airs_DayOfWeek>
  <Airs_Time></Airs_Time>
  <ContentRating>TV-G</ContentRating>
  <FirstAired>1983-10-01</FirstAired>
  <Genre>|Children|Special Interest|</Genre>
  <IMDB_ID></IMDB_ID>
  <Language>en</Language>
  <Network>Nickelodeon</Network>
  <NetworkID></NetworkID>
  <Overview>With the help of his young assistants, Mr. Wizard starts each episode with a demonstration that at first glance should be impossible, but is actually based firmly on basic scientific principles. Mr. Wizard's explanations are aimed at kids, but are in-depth enough to be educational and interesting for anyone. His experiments are usually kept simple enough for parents and kids to re-create at home.</Overview>
  <Rating>10.0</Rating>
  <RatingCount>1</RatingCount>
  <Runtime>25</Runtime>
  <SeriesID></SeriesID>
  <SeriesName>Mr. Wizard's World</SeriesName>
  <Status>Ended</Status>
  <added>2010-02-12 23:29:34</added>
  <addedBy>136891</addedBy>
  <banner></banner>
  <fanart></fanart>
  <lastupdated>1343735949</lastupdated>
  <poster></poster>
  <zap2it_id></zap2it_id>
</Series>
<Episode>
  <id>1712491</id>
  <Combined_episodenumber>1</Combined_episodenumber>
  <Combined_season>1</Combined_season>
  <DVD_chapter></DVD_chapter>
  <DVD_discid></DVD_discid>
  <DVD_episodenumber></DVD_episodenumber>
  <DVD_season></DVD_season>
  <Director></Director>
  <EpImgFlag></EpImgFlag>
  <EpisodeName>Episode 1</EpisodeName>
  <EpisodeNumber>1</EpisodeNumber>
  <FirstAired></FirstAired>
  <GuestStars></GuestStars>
  <IMDB_ID></IMDB_ID>
  <Language>en</Language>
  <Overview>A Homemade Volcano
Medicine Dropper Diver
Heat Spiral
Body Heat
Folding paper
Computer Airplane
Walking Through Paper
</Overview>
  <ProductionCode></ProductionCode>
  <Rating></Rating>
  <RatingCount>0</RatingCount>
  <SeasonNumber>1</SeasonNumber>
  <Writer></Writer>
  <absolute_number></absolute_number>
  <filename></filename>
  <lastupdated>1266046580</lastupdated>
  <seasonid>191361</seasonid>
  <seriesid>141501</seriesid>
</Episode>
<Episode>
  <id>1712501</id>
  <Combined_episodenumber>2</Combined_episodenumber>
  <Combined_season>1</Combined_season>
  <DVD_chapter></DVD_chapter>
  <DVD_discid></DVD_discid>
  <DVD_episodenumber></DVD_episodenumber>
  <DVD_season></DVD_season>
  <Director></Director>
  <EpImgFlag></EpImgFlag>
  <EpisodeName>Episode 2</EpisodeName>
  <EpisodeNumber>2</EpisodeNumber>
  <FirstAired></FirstAired>
  <GuestStars></GuestStars>
  <IMDB_ID></IMDB_ID>
  <Language>en</Language>
  <Overview>Fire Writing
Paper Towel Tube
Fish Bombing Run
How A Bird Flies
Impossible Holes
Bleach Art
Wooly Aphids
Tricky With Gravity
Computer Explosion
Fire Extinguisher
</Overview>
  <ProductionCode></ProductionCode>
  <Rating></Rating>
  <RatingCount>0</RatingCount>
  <SeasonNumber>1</SeasonNumber>
  <Writer></Writer>
  <absolute_number></absolute_number>
  <filename></filename>
  <lastupdated>1266046753</lastupdated>
  <seasonid>191361</seasonid>
  <seriesid>141501</seriesid>
</Episode>
<Episode>
  <id>1712511</id>
  <Combined_episodenumber>3</Combined_episodenumber>
  <Combined_season>1</Combined_season>
  <DVD_chapter></DVD_chapter>
  <DVD_discid></DVD_discid>
  <DVD_episodenumber></DVD_episodenumber>
  <DVD_season></DVD_season>
  <Director></Director>
  <EpImgFlag></EpImgFlag>
  <EpisodeName>Episode 3</EpisodeName>
  <EpisodeNumber>3</EpisodeNumber>
  <FirstAired></FirstAired>
  <GuestStars></GuestStars>
  <IMDB_ID></IMDB_ID>
  <Language>en</Language>
  <Overview>Flour Explosion
Pendulum
Hidden Leaf Color
How A Siren Works
Mapping A Guitar
Blow Through Bottle
Card Illusion
Aurora Borealis
Come - Back Can
Crushing A Gallon Can</Overview>
  <ProductionCode></ProductionCode>
  <Rating></Rating>
  <RatingCount>0</RatingCount>
  <SeasonNumber>1</SeasonNumber>
  <Writer></Writer>
  <absolute_number></absolute_number>
  <filename></filename>
  <lastupdated>1266046764</lastupdated>
  <seasonid>191361</seasonid>
  <seriesid>141501</seriesid>
</Episode>
<Episode>
  <id>1712521</id>
  <Combined_episodenumber>4</Combined_episodenumber>
  <Combined_season>1</Combined_season>
  <DVD_chapter></DVD_chapter>
  <DVD_discid></DVD_discid>
  <DVD_episodenumber></DVD_episodenumber>
  <DVD_season></DVD_season>
  <Director></Director>
  <EpImgFlag></EpImgFlag>
  <EpisodeName>Episode 4</EpisodeName>
  <EpisodeNumber>4</EpisodeNumber>
  <FirstAired></FirstAired>
  <GuestStars></GuestStars>
  <IMDB_ID></IMDB_ID>
  <Language>en</Language>
  <Overview>Speed Of Sound
Refraction
How Many Stars?
Glass Duet
Computer Spell Checker
After A Forest Fire
Oscillating Window Illusion
Close-Up: Asparagus
Finding A Tree's Height</Overview>
  <ProductionCode></ProductionCode>
  <Rating></Rating>
  <RatingCount>0</RatingCount>
  <SeasonNumber>1</SeasonNumber>
  <Writer></Writer>
  <absolute_number></absolute_number>
  <filename></filename>
  <lastupdated>1266046773</lastupdated>
  <seasonid>191361</seasonid>
  <seriesid>141501</seriesid>
</Episode>
<Episode>
  <id>1712531</id>
  <Combined_episodenumber>5</Combined_episodenumber>
  <Combined_season>1</Combined_season>
  <DVD_chapter></DVD_chapter>
  <DVD_discid></DVD_discid>
  <DVD_episodenumber></DVD_episodenumber>
  <DVD_season></DVD_season>
  <Director></Director>
  <EpImgFlag></EpImgFlag>
  <EpisodeName>Episode 5</EpisodeName>
  <EpisodeNumber>5</EpisodeNumber>
  <FirstAired></FirstAired>
  <GuestStars></GuestStars>
  <IMDB_ID></IMDB_ID>
  <Language>en</Language>
  <Overview>Electrocuted Hot Dog
Household Levers
Fly's Foot
Magic Number
Oil Lamp
Chocolate Journey
Quartz Watch
Mass vs. Weight</Overview>
  <ProductionCode></ProductionCode>
  <Rating></Rating>
  <RatingCount>0</RatingCount>
  <SeasonNumber>1</SeasonNumber>
  <Writer></Writer>
  <absolute_number></absolute_number>
  <filename></filename>
  <lastupdated>1266046779</lastupdated>
  <seasonid>191361</seasonid>
  <seriesid>141501</seriesid>
</Episode>
<Episode>
  <id>1712541</id>
  <Combined_episodenumber>6</Combined_episodenumber>
  <Combined_season>1</Combined_season>
  <DVD_chapter></DVD_chapter>
  <DVD_discid></DVD_discid>
  <DVD_episodenumber></DVD_episodenumber>
  <DVD_season></DVD_season>
  <Director></Director>
  <EpImgFlag></EpImgFlag>
  <EpisodeName>Episode 6</EpisodeName>
  <EpisodeNumber>6</EpisodeNumber>
  <FirstAired></FirstAired>
  <GuestStars></GuestStars>
  <IMDB_ID></IMDB_ID>
  <Language>en</Language>
  <Overview>He2,H2 &amp; Air Balloons
Mystery Close-Up
Static Electricity
Strobe Effect
Blast Engineering
Strength of Bone
How Many Oceans
Straw Sip, How Long?</Overview>
  <ProductionCode></ProductionCode>
  <Rating></Rating>
  <RatingCount>0</RatingCount>
  <SeasonNumber>1</SeasonNumber>
  <Writer></Writer>
  <absolute_number></absolute_number>
  <filename></filename>
  <lastupdated>1266046786</lastupdated>
  <seasonid>191361</seasonid>
  <seriesid>141501</seriesid>
</Episode>
<Episode>
  <id>1712551</id>
  <Combined_episodenumber>7</Combined_episodenumber>
  <Combined_season>1</Combined_season>
  <DVD_chapter></DVD_chapter>
  <DVD_discid></DVD_discid>
  <DVD_episodenumber></DVD_episodenumber>
  <DVD_season></DVD_season>
  <Director></Director>
  <EpImgFlag></EpImgFlag>
  <EpisodeName>Episode 7</EpisodeName>
  <EpisodeNumber>7</EpisodeNumber>
  <FirstAired></FirstAired>
  <GuestStars></GuestStars>
  <IMDB_ID></IMDB_ID>
  <Language>en</Language>
  <Overview>Delicate balance
Potato Gun
Zebra
Density Float
Missing Piece of Cake
Opposite Threads
Fireworks</Overview>
  <ProductionCode></ProductionCode>
  <Rating></Rating>
  <RatingCount>0</RatingCount>
  <SeasonNumber>1</SeasonNumber>
  <Writer></Writer>
  <absolute_number></absolute_number>
  <filename></filename>
  <lastupdated>1266046794</lastupdated>
  <seasonid>191361</seasonid>
  <seriesid>141501</seriesid>
</Episode>
<Episode>
  <id>1712561</id>
  <Combined_episodenumber>8</Combined_episodenumber>
  <Combined_season>1</Combined_season>
  <DVD_chapter></DVD_chapter>
  <DVD_discid></DVD_discid>
  <DVD_episodenumber></DVD_episodenumber>
  <DVD_season></DVD_season>
  <Director></Director>
  <EpImgFlag></EpImgFlag>
  <EpisodeName>Episode 8</EpisodeName>
  <EpisodeNumber>8</EpisodeNumber>
  <FirstAired></FirstAired>
  <GuestStars></GuestStars>
  <IMDB_ID></IMDB_ID>
  <Language>en</Language>
  <Overview>Iron Clad Magnet
Mystery Close-Up
Catenary Arch
Scienctific Noise
Rubber Band Code
Mono Lake
Torsion Balance
Stream Engine Run</Overview>
  <ProductionCode></ProductionCode>
  <Rating></Rating>
  <RatingCount>0</RatingCount>
  <SeasonNumber>1</SeasonNumber>
  <Writer></Writer>
  <absolute_number></absolute_number>
  <filename></filename>
  <lastupdated>1266046799</lastupdated>
  <seasonid>191361</seasonid>
  <seriesid>141501</seriesid>
</Episode>
<Episode>
  <id>1712571</id>
  <Combined_episodenumber>9</Combined_episodenumber>
  <Combined_season>1</Combined_season>
  <DVD_chapter></DVD_chapter>
  <DVD_discid></DVD_discid>
  <DVD_episodenumber></DVD_episodenumber>
  <DVD_season></DVD_season>
  <Director></Director>
  <EpImgFlag></EpImgFlag>
  <EpisodeName>Episode 9</EpisodeName>
  <EpisodeNumber>9</EpisodeNumber>
  <FirstAired></FirstAired>
  <GuestStars></GuestStars>
  <IMDB_ID></IMDB_ID>
  <Language>en</Language>
  <Overview>Talking Head Illusion
Mosquito on Skin
Upside Down Water
Oscilloscope
Cube Quiz
Mystery Close-Up
Inertia
Black Bears
Metal Detector</Overview>
  <ProductionCode></ProductionCode>
  <Rating></Rating>
  <RatingCount>0</RatingCount>
  <SeasonNumber>1</SeasonNumber>
  <Writer></Writer>
  <absolute_number></absolute_number>
  <filename></filename>
  <lastupdated>1266046805</lastupdated>
  <seasonid>191361</seasonid>
  <seriesid>141501</seriesid>
</Episode>
<Episode>
  <id>1712581</id>
  <Combined_episodenumber>10</Combined_episodenumber>
  <Combined_season>1</Combined_season>
  <DVD_chapter></DVD_chapter>
  <DVD_discid></DVD_discid>
  <DVD_episodenumber></DVD_episodenumber>
  <DVD_season></DVD_season>
  <Director></Director>
  <EpImgFlag></EpImgFlag>
  <EpisodeName>Episode 10</EpisodeName>
  <EpisodeNumber>10</EpisodeNumber>
  <FirstAired></FirstAired>
  <GuestStars></GuestStars>
  <IMDB_ID></IMDB_ID>
  <Language>en</Language>
  <Overview>The Clock Reaction
Impossible Triangle
Mystery Close-Up
Blow Into Bottle
Mirror Fun
Archaeological Dig
Ice Test
Laser Challenge</Overview>
  <ProductionCode></ProductionCode>
  <Rating></Rating>
  <RatingCount>0</RatingCount>
  <SeasonNumber>1</SeasonNumber>
  <Writer></Writer>
  <absolute_number></absolute_number>
  <filename></filename>
  <lastupdated>1266046810</lastupdated>
  <seasonid>191361</seasonid>
  <seriesid>141501</seriesid>
</Episode>
<Episode>
  <id>1712591</id>
  <Combined_episodenumber>11</Combined_episodenumber>
  <Combined_season>1</Combined_season>
  <DVD_chapter></DVD_chapter>
  <DVD_discid></DVD_discid>
  <DVD_episodenumber></DVD_episodenumber>
  <DVD_season></DVD_season>
  <Director></Director>
  <EpImgFlag></EpImgFlag>
  <EpisodeName>Episode 11</EpisodeName>
  <EpisodeNumber>11</EpisodeNumber>
  <FirstAired></FirstAired>
  <GuestStars></GuestStars>
  <IMDB_ID></IMDB_ID>
  <Language>en</Language>
  <Overview>Black Bag Balloon
Mystery Close-Up
Pick-Up Game
Analyzing Moon Rocks
Sound Travel
Doubling Magic
Manatee
Thermoscope
Why Stars Twinkle
Zig Zag Code</Overview>
  <ProductionCode></ProductionCode>
  <Rating></Rating>
  <RatingCount>0</RatingCount>
  <SeasonNumber>1</SeasonNumber>
  <Writer></Writer>
  <absolute_number></absolute_number>
  <filename></filename>
  <lastupdated>1266046818</lastupdated>
  <seasonid>191361</seasonid>
  <seriesid>141501</seriesid>
</Episode>
<Episode>
  <id>1712601</id>
  <Combined_episodenumber>12</Combined_episodenumber>
  <Combined_season>1</Combined_season>
  <DVD_chapter></DVD_chapter>
  <DVD_discid></DVD_discid>
  <DVD_episodenumber></DVD_episodenumber>
  <DVD_season></DVD_season>
  <Director></Director>
  <EpImgFlag></EpImgFlag>
  <EpisodeName>Episode 12</EpisodeName>
  <EpisodeNumber>12</EpisodeNumber>
  <FirstAired></FirstAired>
  <GuestStars></GuestStars>
  <IMDB_ID></IMDB_ID>
  <Language>en</Language>
  <Overview>Moon Phases
Water Pressure
Blue Grouse
String Puzzle
Antacid Tablet Test
Garden Hose Mystery
Hovercraft
Washer &amp; String Magic
Buoyancy
Estimation Techniques</Overview>
  <ProductionCode></ProductionCode>
  <Rating></Rating>
  <RatingCount>0</RatingCount>
  <SeasonNumber>1</SeasonNumber>
  <Writer></Writer>
  <absolute_number></absolute_number>
  <filename></filename>
  <lastupdated>1266046825</lastupdated>
  <seasonid>191361</seasonid>
  <seriesid>141501</seriesid>
</Episode>
<Episode>
  <id>1712611</id>
  <Combined_episodenumber>13</Combined_episodenumber>
  <Combined_season>1</Combined_season>
  <DVD_chapter></DVD_chapter>
  <DVD_discid></DVD_discid>
  <DVD_episodenumber></DVD_episodenumber>
  <DVD_season></DVD_season>
  <Director></Director>
  <EpImgFlag></EpImgFlag>
  <EpisodeName>Episode 13</EpisodeName>
  <EpisodeNumber>13</EpisodeNumber>
  <FirstAired></FirstAired>
  <GuestStars></GuestStars>
  <IMDB_ID></IMDB_ID>
  <Language>en</Language>
  <Overview>Flashpaper
Broom Trick
Panama Canal
Hero's Voice
Nipple Expansion
Exercise For Cows
Reaction Time
Solar Mirrors
Tablecloth Pull
</Overview>
  <ProductionCode></ProductionCode>
  <Rating></Rating>
  <RatingCount>0</RatingCount>
  <SeasonNumber>1</SeasonNumber>
  <Writer></Writer>
  <absolute_number></absolute_number>
  <filename></filename>
  <lastupdated>1266046830</lastupdated>
  <seasonid>191361</seasonid>
  <seriesid>141501</seriesid>
</Episode>
<Episode>
  <id>1712621</id>
  <Combined_episodenumber>14</Combined_episodenumber>
  <Combined_season>1</Combined_season>
  <DVD_chapter></DVD_chapter>
  <DVD_discid></DVD_discid>
  <DVD_episodenumber></DVD_episodenumber>
  <DVD_season></DVD_season>
  <Director></Director>
  <EpImgFlag></EpImgFlag>
  <EpisodeName>Episode 14</EpisodeName>
  <EpisodeNumber>14</EpisodeNumber>
  <FirstAired></FirstAired>
  <GuestStars></GuestStars>
  <IMDB_ID></IMDB_ID>
  <Language>en</Language>
  <Overview>Hot Air Balloon
NYC To Tokyo
Whispering Tube
Hero's Hand
Robots In The Factory
Optical Illusions
I-Beam</Overview>
  <ProductionCode></ProductionCode>
  <Rating></Rating>
  <RatingCount>0</RatingCount>
  <SeasonNumber>1</SeasonNumber>
  <Writer></Writer>
  <absolute_number></absolute_number>
  <filename></filename>
  <lastupdated>1266046834</lastupdated>
  <seasonid>191361</seasonid>
  <seriesid>141501</seriesid>
</Episode>
<Episode>
  <id>1712631</id>
  <Combined_episodenumber>15</Combined_episodenumber>
  <Combined_season>1</Combined_season>
  <DVD_chapter></DVD_chapter>
  <DVD_discid></DVD_discid>
  <DVD_episodenumber></DVD_episodenumber>
  <DVD_season></DVD_season>
  <Director></Director>
  <EpImgFlag></EpImgFlag>
  <EpisodeName>Episode 15</EpisodeName>
  <EpisodeNumber>15</EpisodeNumber>
  <FirstAired></FirstAired>
  <GuestStars></GuestStars>
  <IMDB_ID></IMDB_ID>
  <Language>en</Language>
  <Overview>Dancing Spaghetti
Centipede
Dribble Glass
Joining Paper Clips
Hibernation
Hero Counts
What Do You Hear?
Pitcher Plant
Drop Balls &amp; Card</Overview>
  <ProductionCode></ProductionCode>
  <Rating></Rating>
  <RatingCount>0</RatingCount>
  <SeasonNumber>1</SeasonNumber>
  <Writer></Writer>
  <absolute_number></absolute_number>
  <filename></filename>
  <lastupdated>1266046839</lastupdated>
  <seasonid>191361</seasonid>
  <seriesid>141501</seriesid>
</Episode>
<Episode>
  <id>1712641</id>
  <Combined_episodenumber>16</Combined_episodenumber>
  <Combined_season>1</Combined_season>
  <DVD_chapter></DVD_chapter>
  <DVD_discid></DVD_discid>
  <DVD_episodenumber></DVD_episodenumber>
  <DVD_season></DVD_season>
  <Director></Director>
  <EpImgFlag></EpImgFlag>
  <EpisodeName>Episode 16</EpisodeName>
  <EpisodeNumber>16</EpisodeNumber>
  <FirstAired></FirstAired>
  <GuestStars></GuestStars>
  <IMDB_ID></IMDB_ID>
  <Language>en</Language>
  <Overview>Polarized Light
Jet Propelled Boat
Fat Mice
Underwater Safari
Bee Stinger
Rock Tumbler
Spider's Trap
Atari Hardware
Mounds Mystery
Boiling Water With Ice</Overview>
  <ProductionCode></ProductionCode>
  <Rating></Rating>
  <RatingCount>0</RatingCount>
  <SeasonNumber>1</SeasonNumber>
  <Writer></Writer>
  <absolute_number></absolute_number>
  <filename></filename>
  <lastupdated>1266046845</lastupdated>
  <seasonid>191361</seasonid>
  <seriesid>141501</seriesid>
</Episode>
<Episode>
  <id>1712651</id>
  <Combined_episodenumber>17</Combined_episodenumber>
  <Combined_season>1</Combined_season>
  <DVD_chapter></DVD_chapter>
  <DVD_discid></DVD_discid>
  <DVD_episodenumber></DVD_episodenumber>
  <DVD_season></DVD_season>
  <Director></Director>
  <EpImgFlag></EpImgFlag>
  <EpisodeName>Episode 17</EpisodeName>
  <EpisodeNumber>17</EpisodeNumber>
  <FirstAired></FirstAired>
  <GuestStars></GuestStars>
  <IMDB_ID></IMDB_ID>
  <Language>en</Language>
  <Overview>Straw &amp; Acid
Straw Oboe
Ant Farmers
Rolling Pin Code
Equal Solids
Hawaiian Volcano
Swallow Upside Down
Crush Egg</Overview>
  <ProductionCode></ProductionCode>
  <Rating></Rating>
  <RatingCount>0</RatingCount>
  <SeasonNumber>1</SeasonNumber>
  <Writer></Writer>
  <absolute_number></absolute_number>
  <filename></filename>
  <lastupdated>1266046849</lastupdated>
  <seasonid>191361</seasonid>
  <seriesid>141501</seriesid>
</Episode>
<Episode>
  <id>1712661</id>
  <Combined_episodenumber>18</Combined_episodenumber>
  <Combined_season>1</Combined_season>
  <DVD_chapter></DVD_chapter>
  <DVD_discid></DVD_discid>
  <DVD_episodenumber></DVD_episodenumber>
  <DVD_season></DVD_season>
  <Director></Director>
  <EpImgFlag></EpImgFlag>
  <EpisodeName>Episode 18</EpisodeName>
  <EpisodeNumber>18</EpisodeNumber>
  <FirstAired></FirstAired>
  <GuestStars></GuestStars>
  <IMDB_ID></IMDB_ID>
  <Language>en</Language>
  <Overview>Dry Ice Fog
Napkin Suction
Crawling Cell
Computer Graph
Starch Test
Lizard Autopsy
Find Your Pulse
What Makes Rain</Overview>
  <ProductionCode></ProductionCode>
  <Rating></Rating>
  <RatingCount>0</RatingCount>
  <SeasonNumber>1</SeasonNumber>
  <Writer></Writer>
  <absolute_number></absolute_number>
  <filename></filename>
  <lastupdated>1266046856</lastupdated>
  <seasonid>191361</seasonid>
  <seriesid>141501</seriesid>
</Episode>
<Episode>
  <id>1712671</id>
  <Combined_episodenumber>19</Combined_episodenumber>
  <Combined_season>1</Combined_season>
  <DVD_chapter></DVD_chapter>
  <DVD_discid></DVD_discid>
  <DVD_episodenumber></DVD_episodenumber>
  <DVD_season></DVD_season>
  <Director></Director>
  <EpImgFlag></EpImgFlag>
  <EpisodeName>Episode 19</EpisodeName>
  <EpisodeNumber>19</EpisodeNumber>
  <FirstAired></FirstAired>
  <GuestStars></GuestStars>
  <IMDB_ID></IMDB_ID>
  <Language>en</Language>
  <Overview>Make A Rainbow
Hard vs. Fresh Egg
Plastic Zipper
Mothball Frost
Random Numbers
Wildlife Center
Surprise Reaction
Weightless Clothespins
Glass Drinking Fountain
Rotten Apple
Bicycle's 3 Wheels</Overview>
  <ProductionCode></ProductionCode>
  <Rating></Rating>
  <RatingCount>0</RatingCount>
  <SeasonNumber>1</SeasonNumber>
  <Writer></Writer>
  <absolute_number></absolute_number>
  <filename></filename>
  <lastupdated>1266046860</lastupdated>
  <seasonid>191361</seasonid>
  <seriesid>141501</seriesid>
</Episode>
<Episode>
  <id>1712681</id>
  <Combined_episodenumber>20</Combined_episodenumber>
  <Combined_season>1</Combined_season>
  <DVD_chapter></DVD_chapter>
  <DVD_discid></DVD_discid>
  <DVD_episodenumber></DVD_episodenumber>
  <DVD_season></DVD_season>
  <Director></Director>
  <EpImgFlag></EpImgFlag>
  <EpisodeName>Episode 20</EpisodeName>
  <EpisodeNumber>20</EpisodeNumber>
  <FirstAired></FirstAired>
  <GuestStars></GuestStars>
  <IMDB_ID></IMDB_ID>
  <Language>en</Language>
  <Overview>G-Forces Ocean Motion
Washer Thru Hole
Fat Mice
Plants That Eat Animals
Cork Floats
Avalanche
Computer Echo
Star Trails
CO2 Puts Out Candle</Overview>
  <ProductionCode></ProductionCode>
  <Rating></Rating>
  <RatingCount>0</RatingCount>
  <SeasonNumber>1</SeasonNumber>
  <Writer></Writer>
  <absolute_number></absolute_number>
  <filename></filename>
  <lastupdated>1266046864</lastupdated>
  <seasonid>191361</seasonid>
  <seriesid>141501</seriesid>
</Episode>
<Episode>
  <id>1712691</id>
  <Combined_episodenumber>21</Combined_episodenumber>
  <Combined_season>1</Combined_season>
  <DVD_chapter></DVD_chapter>
  <DVD_discid></DVD_discid>
  <DVD_episodenumber></DVD_episodenumber>
  <DVD_season></DVD_season>
  <Director></Director>
  <EpImgFlag></EpImgFlag>
  <EpisodeName>Episode 21</EpisodeName>
  <EpisodeNumber>21</EpisodeNumber>
  <FirstAired></FirstAired>
  <GuestStars></GuestStars>
  <IMDB_ID></IMDB_ID>
  <Language>en</Language>
  <Overview>Fireproof Handkerchief
Flashed Sign
Fishing Bears
Balancing Glass On Card
Lye &amp; Aluminum
Water Hyacinth
Taste &amp; Smell
Flight Simulator
Breaking Slat
</Overview>
  <ProductionCode></ProductionCode>
  <Rating></Rating>
  <RatingCount>0</RatingCount>
  <SeasonNumber>1</SeasonNumber>
  <Writer></Writer>
  <absolute_number></absolute_number>
  <filename></filename>
  <lastupdated>1266046869</lastupdated>
  <seasonid>191361</seasonid>
  <seriesid>141501</seriesid>
</Episode>
<Episode>
  <id>1712701</id>
  <Combined_episodenumber>22</Combined_episodenumber>
  <Combined_season>1</Combined_season>
  <DVD_chapter></DVD_chapter>
  <DVD_discid></DVD_discid>
  <DVD_episodenumber></DVD_episodenumber>
  <DVD_season></DVD_season>
  <Director></Director>
  <EpImgFlag></EpImgFlag>
  <EpisodeName>Episode 22</EpisodeName>
  <EpisodeNumber>22</EpisodeNumber>
  <FirstAired></FirstAired>
  <GuestStars></GuestStars>
  <IMDB_ID></IMDB_ID>
  <Language>en</Language>
  <Overview>What Is A Fuse?
Unusual Water
Electron Microscope
Computer Logos
Grasshopper Eyes
Plastic Tracks
Pouring Air
Otter Replanting
Blow Weight</Overview>
  <ProductionCode></ProductionCode>
  <Rating></Rating>
  <RatingCount>0</RatingCount>
  <SeasonNumber>1</SeasonNumber>
  <Writer></Writer>
  <absolute_number></absolute_number>
  <filename></filename>
  <lastupdated>1266046878</lastupdated>
  <seasonid>191361</seasonid>
  <seriesid>141501</seriesid>
</Episode>
<Episode>
  <id>1712711</id>
  <Combined_episodenumber>23</Combined_episodenumber>
  <Combined_season>1</Combined_season>
  <DVD_chapter></DVD_chapter>
  <DVD_discid></DVD_discid>
  <DVD_episodenumber></DVD_episodenumber>
  <DVD_season></DVD_season>
  <Director></Director>
  <EpImgFlag></EpImgFlag>
  <EpisodeName>Episode 23</EpisodeName>
  <EpisodeNumber>23</EpisodeNumber>
  <FirstAired></FirstAired>
  <GuestStars></GuestStars>
  <IMDB_ID></IMDB_ID>
  <Language>en</Language>
  <Overview>Model Rocket
Glass Bending
Glass Phone
Giant Model Train
Rope Knotting
Gelatin &amp; Balloon
Computer Printer
Marble On Plate</Overview>
  <ProductionCode></ProductionCode>
  <Rating></Rating>
  <RatingCount>0</RatingCount>
  <SeasonNumber>1</SeasonNumber>
  <Writer></Writer>
  <absolute_number></absolute_number>
  <filename></filename>
  <lastupdated>1266046882</lastupdated>
  <seasonid>191361</seasonid>
  <seriesid>141501</seriesid>
</Episode>
<Episode>
  <id>1712721</id>
  <Combined_episodenumber>24</Combined_episodenumber>
  <Combined_season>1</Combined_season>
  <DVD_chapter></DVD_chapter>
  <DVD_discid></DVD_discid>
  <DVD_episodenumber></DVD_episodenumber>
  <DVD_season></DVD_season>
  <Director></Director>
  <EpImgFlag></EpImgFlag>
  <EpisodeName>Episode 24</EpisodeName>
  <EpisodeNumber>24</EpisodeNumber>
  <FirstAired></FirstAired>
  <GuestStars></GuestStars>
  <IMDB_ID></IMDB_ID>
  <Language>en</Language>
  <Overview>Pepper's Ghost
Free Fall Water Streams
Creek Transplant
Hidden Order Of Cards
Oscilloscope Burglar Alarm
Vapor Trail
Balloon Sizing
</Overview>
  <ProductionCode></ProductionCode>
  <Rating></Rating>
  <RatingCount>0</RatingCount>
  <SeasonNumber>1</SeasonNumber>
  <Writer></Writer>
  <absolute_number></absolute_number>
  <filename></filename>
  <lastupdated>1266046887</lastupdated>
  <seasonid>191361</seasonid>
  <seriesid>141501</seriesid>
</Episode>
<Episode>
  <id>1712731</id>
  <Combined_episodenumber>25</Combined_episodenumber>
  <Combined_season>1</Combined_season>
  <DVD_chapter></DVD_chapter>
  <DVD_discid></DVD_discid>
  <DVD_episodenumber></DVD_episodenumber>
  <DVD_season></DVD_season>
  <Director></Director>
  <EpImgFlag></EpImgFlag>
  <EpisodeName>Episode 25</EpisodeName>
  <EpisodeNumber>25</EpisodeNumber>
  <FirstAired></FirstAired>
  <GuestStars></GuestStars>
  <IMDB_ID></IMDB_ID>
  <Language>en</Language>
  <Overview>Radio Control Plane
Square On Balloon
Armadillo Patient
Folded Paper Flips
Vectrex Drawing
Oldest Living Thing
Touch
Secret Inks
Fireproof Money
</Overview>
  <ProductionCode></ProductionCode>
  <Rating></Rating>
  <RatingCount>0</RatingCount>
  <SeasonNumber>1</SeasonNumber>
  <Writer></Writer>
  <absolute_number></absolute_number>
  <filename></filename>
  <lastupdated>1266046892</lastupdated>
  <seasonid>191361</seasonid>
  <seriesid>141501</seriesid>
</Episode>
<Episode>
  <id>1712741</id>
  <Combined_episodenumber>26</Combined_episodenumber>
  <Combined_season>1</Combined_season>
  <DVD_chapter></DVD_chapter>
  <DVD_discid></DVD_discid>
  <DVD_episodenumber></DVD_episodenumber>
  <DVD_season></DVD_season>
  <Director></Director>
  <EpImgFlag></EpImgFlag>
  <EpisodeName>Episode 26</EpisodeName>
  <EpisodeNumber>26</EpisodeNumber>
  <FirstAired></FirstAired>
  <GuestStars></GuestStars>
  <IMDB_ID></IMDB_ID>
  <Language>en</Language>
  <Overview>Plastic Hot Air Balloon
Glue Powered Bugs
Apple Flower
Binary Number System
Lung's Capacity
Unbreakable Container
Spoon Into Glass
Suspended Book</Overview>
  <ProductionCode></ProductionCode>
  <Rating></Rating>
  <RatingCount>0</RatingCount>
  <SeasonNumber>1</SeasonNumber>
  <Writer></Writer>
  <absolute_number></absolute_number>
  <filename></filename>
  <lastupdated>1266046901</lastupdated>
  <seasonid>191361</seasonid>
  <seriesid>141501</seriesid>
</Episode>
<Episode>
  <id>1712751</id>
  <Combined_episodenumber>27</Combined_episodenumber>
  <Combined_season>1</Combined_season>
  <DVD_chapter></DVD_chapter>
  <DVD_discid></DVD_discid>
  <DVD_episodenumber></DVD_episodenumber>
  <DVD_season></DVD_season>
  <Director></Director>
  <EpImgFlag></EpImgFlag>
  <EpisodeName>Episode 27</EpisodeName>
  <EpisodeNumber>27</EpisodeNumber>
  <FirstAired></FirstAired>
  <GuestStars></GuestStars>
  <IMDB_ID></IMDB_ID>
  <Language>en</Language>
  <Overview>Light Sculpture
Paper Plate Illusion
Bacteria Sticker
Flash Fill
Ice Cubes Sticking
Childhood of Chimps
Word Processing
Pouring Along String</Overview>
  <ProductionCode></ProductionCode>
  <Rating></Rating>
  <RatingCount>0</RatingCount>
  <SeasonNumber>1</SeasonNumber>
  <Writer></Writer>
  <absolute_number></absolute_number>
  <filename></filename>
  <lastupdated>1266046905</lastupdated>
  <seasonid>191361</seasonid>
  <seriesid>141501</seriesid>
</Episode>
<Episode>
  <id>1712761</id>
  <Combined_episodenumber>28</Combined_episodenumber>
  <Combined_season>1</Combined_season>
  <DVD_chapter></DVD_chapter>
  <DVD_discid></DVD_discid>
  <DVD_episodenumber></DVD_episodenumber>
  <DVD_season></DVD_season>
  <Director></Director>
  <EpImgFlag></EpImgFlag>
  <EpisodeName>Episode 28</EpisodeName>
  <EpisodeNumber>28</EpisodeNumber>
  <FirstAired></FirstAired>
  <GuestStars></GuestStars>
  <IMDB_ID></IMDB_ID>
  <Language>en</Language>
  <Overview>Giant Bubbles
Water Strider Sex I.D.
Banana Surprise
Hero The Robot
Snake Tracker
Uphill Funnel
Muscle Pairs
Wing Bee
Bottle Pickup</Overview>
  <ProductionCode></ProductionCode>
  <Rating></Rating>
  <RatingCount>0</RatingCount>
  <SeasonNumber>1</SeasonNumber>
  <Writer></Writer>
  <absolute_number></absolute_number>
  <filename></filename>
  <lastupdated>1266046912</lastupdated>
  <seasonid>191361</seasonid>
  <seriesid>141501</seriesid>
</Episode>
<Episode>
  <id>1712771</id>
  <Combined_episodenumber>29</Combined_episodenumber>
  <Combined_season>1</Combined_season>
  <DVD_chapter></DVD_chapter>
  <DVD_discid></DVD_discid>
  <DVD_episodenumber></DVD_episodenumber>
  <DVD_season></DVD_season>
  <Director></Director>
  <EpImgFlag></EpImgFlag>
  <EpisodeName>Episode 29</EpisodeName>
  <EpisodeNumber>29</EpisodeNumber>
  <FirstAired></FirstAired>
  <GuestStars></GuestStars>
  <IMDB_ID></IMDB_ID>
  <Language>en</Language>
  <Overview>Steel Wool Fireworks
Blow Card Off Spool
Firefly Trickery
Chewing String Together
Fingerprints
Mount St. Helens
Computer Logo Squares
Hydraulic Syringes</Overview>
  <ProductionCode></ProductionCode>
  <Rating></Rating>
  <RatingCount>0</RatingCount>
  <SeasonNumber>1</SeasonNumber>
  <Writer></Writer>
  <absolute_number></absolute_number>
  <filename></filename>
  <lastupdated>1266046917</lastupdated>
  <seasonid>191361</seasonid>
  <seriesid>141501</seriesid>
</Episode>
<Episode>
  <id>1712781</id>
  <Combined_episodenumber>30</Combined_episodenumber>
  <Combined_season>1</Combined_season>
  <DVD_chapter></DVD_chapter>
  <DVD_discid></DVD_discid>
  <DVD_episodenumber></DVD_episodenumber>
  <DVD_season></DVD_season>
  <Director></Director>
  <EpImgFlag></EpImgFlag>
  <EpisodeName>Episode 30</EpisodeName>
  <EpisodeNumber>30</EpisodeNumber>
  <FirstAired></FirstAired>
  <GuestStars></GuestStars>
  <IMDB_ID></IMDB_ID>
  <Language>en</Language>
  <Overview>Pictures On A String
Pin Piano
Moldy Orange
Word Processing
Tree Mower
Mobius Strips
Meteor Portrait
What Causes Wind
Drawing Ellipses</Overview>
  <ProductionCode></ProductionCode>
  <Rating></Rating>
  <RatingCount>0</RatingCount>
  <SeasonNumber>1</SeasonNumber>
  <Writer></Writer>
  <absolute_number></absolute_number>
  <filename></filename>
  <lastupdated>1266046921</lastupdated>
  <seasonid>191361</seasonid>
  <seriesid>141501</seriesid>
</Episode>
<Episode>
  <id>1712791</id>
  <Combined_episodenumber>31</Combined_episodenumber>
  <Combined_season>1</Combined_season>
  <DVD_chapter></DVD_chapter>
  <DVD_discid></DVD_discid>
  <DVD_episodenumber></DVD_episodenumber>
  <DVD_season></DVD_season>
  <Director></Director>
  <EpImgFlag></EpImgFlag>
  <EpisodeName>Episode 31</EpisodeName>
  <EpisodeNumber>31</EpisodeNumber>
  <FirstAired></FirstAired>
  <GuestStars></GuestStars>
  <IMDB_ID></IMDB_ID>
  <Language>en</Language>
  <Overview>Fiber Optics
Unflippable Card
Egg &amp; Sperm
Lycopodium Powder
Earth - Summer - Winter
Chromatography
Coleus Leaf
Steam Engine Balloon
Solar Propeller
Card &amp; Bottle</Overview>
  <ProductionCode></ProductionCode>
  <Rating></Rating>
  <RatingCount>0</RatingCount>
  <SeasonNumber>1</SeasonNumber>
  <Writer></Writer>
  <absolute_number></absolute_number>
  <filename></filename>
  <lastupdated>1266046926</lastupdated>
  <seasonid>191361</seasonid>
  <seriesid>141501</seriesid>
</Episode>
<Episode>
  <id>1712801</id>
  <Combined_episodenumber>32</Combined_episodenumber>
  <Combined_season>1</Combined_season>
  <DVD_chapter></DVD_chapter>
  <DVD_discid></DVD_discid>
  <DVD_episodenumber></DVD_episodenumber>
  <DVD_season></DVD_season>
  <Director></Director>
  <EpImgFlag></EpImgFlag>
  <EpisodeName>Episode 32</EpisodeName>
  <EpisodeNumber>32</EpisodeNumber>
  <FirstAired></FirstAired>
  <GuestStars></GuestStars>
  <IMDB_ID></IMDB_ID>
  <Language>en</Language>
  <Overview>Liquid Nitrogen
Sweater Reversing
Whisk Broom
Robots
Fire Fighter's School
Singing Glasses
Potato Float</Overview>
  <ProductionCode></ProductionCode>
  <Rating></Rating>
  <RatingCount>0</RatingCount>
  <SeasonNumber>1</SeasonNumber>
  <Writer></Writer>
  <absolute_number></absolute_number>
  <filename></filename>
  <lastupdated>1266046933</lastupdated>
  <seasonid>191361</seasonid>
  <seriesid>141501</seriesid>
</Episode>
</Data>