<?xml version="1.0" encoding="UTF-8" ?>
<Actors>
<Actor>
  <id>287441</id>
  <Image></Image>
  <Name>Dave Foley </Name>
  <Role>Jerry</Role>
  <SortOrder>3</SortOrder>
</Actor>
<Actor>
  <id>287439</id>
  <Image></Image>
  <Name>David Hornsby</Name>
  <Role>Andrew Carlson</Role>
  <SortOrder>3</SortOrder>
</Actor>
<Actor>
  <id>287440</id>
  <Image></Image>
  <Name>Kevin Dillon</Name>
  <Role>Bert Lansing</Role>
  <SortOrder>3</SortOrder>
</Actor>
<Actor>
  <id>287442</id>
  <Image></Image>
  <Name>Mary Lynn Rajskub</Name>
  <Role>Janet</Role>
  <SortOrder>3</SortOrder>
</Actor>
<Actor>
  <id>287444</id>
  <Image></Image>
  <Name>Nancy Lenehan</Name>
  <Role>Diane</Role>
  <SortOrder>3</SortOrder>
</Actor>
<Actor>
  <id>287443</id>
  <Image></Image>
  <Name>Rhys Darby</Name>
  <Role>Mike</Role>
  <SortOrder>3</SortOrder>
</Actor>
</Actors>