<?xml version="1.0" encoding="UTF-8" ?>
<Data><Series>
  <id>248930</id>
  <Actors>|Dave Foley |David Hornsby|Kevin Dillon|Mary Lynn Rajskub|Nancy Lenehan|Rhys Darby|</Actors>
  <Airs_DayOfWeek>Saturday</Airs_DayOfWeek>
  <Airs_Time>8:00 PM</Airs_Time>
  <ContentRating>TV-PG</ContentRating>
  <FirstAired>2011-09-29</FirstAired>
  <Genre>|Comedy|</Genre>
  <IMDB_ID>tt1839497</IMDB_ID>
  <Language>en</Language>
  <Network>CBS</Network>
  <NetworkID></NetworkID>
  <Overview>inspired by the book of the same name, is a comedy about the unlikely friendship between a traditional, refined writer and an unrefined personal trainer. Andrew Carlson (David Hornsby) is an etiquette columnist whose devotion to ideals from a more civilized time has lead to a life detached from modern society. Infectiously optimistic, Bert Lansing (Kevin Dillon) is a reformed &quot;bad boy&quot; from Andrew's past who inherited a fitness center, but can still be rude, loud and sloppy. When Andrew's editor, Jerry (Dave Foley), tells him to put a modern, sexy twist on his column or be fired, he hires Bert as a life coach in the hopes of learning to be less &quot;gentle man&quot; and more &quot;real man.&quot; Andrew's mom, Diane (Nancy Lenehan), and his bossy sister, Janet (Mary Lynn Rajskub), support the plan, as would Janet's husband, Mike (Rhys Darby), if he was allowed to have an opinion. Though Andrew and Bert's views may be centuries apart, they may find they're each other's missing link.</Overview>
  <Rating>4.2</Rating>
  <RatingCount>5</RatingCount>
  <Runtime>30</Runtime>
  <SeriesID></SeriesID>
  <SeriesName>How To Be A Gentleman</SeriesName>
  <Status>Ended</Status>
  <added>2011-05-21 10:38:00</added>
  <addedBy>189361</addedBy>
  <banner>graphical/248930-g2.jpg</banner>
  <fanart>fanart/original/248930-1.jpg</fanart>
  <lastupdated>1341023024</lastupdated>
  <poster>posters/248930-1.jpg</poster>
  <zap2it_id></zap2it_id>
</Series>
<Episode>
  <id>4103860</id>
  <Combined_episodenumber>1</Combined_episodenumber>
  <Combined_season>1</Combined_season>
  <DVD_chapter></DVD_chapter>
  <DVD_discid></DVD_discid>
  <DVD_episodenumber></DVD_episodenumber>
  <DVD_season></DVD_season>
  <Director></Director>
  <EpImgFlag>2</EpImgFlag>
  <EpisodeName>Pilot</EpisodeName>
  <EpisodeNumber>1</EpisodeNumber>
  <FirstAired>2011-09-29</FirstAired>
  <GuestStars></GuestStars>
  <IMDB_ID></IMDB_ID>
  <Language>en</Language>
  <Overview>When an etiquette columnist is told to adapt to the modern and sexy style of his magazine, he turns to his former high-school bully for balance.</Overview>
  <ProductionCode></ProductionCode>
  <Rating>7.1</Rating>
  <RatingCount>18</RatingCount>
  <SeasonNumber>1</SeasonNumber>
  <Writer></Writer>
  <absolute_number></absolute_number>
  <filename>episodes/248930/4103860.jpg</filename>
  <lastupdated>1317470952</lastupdated>
  <seasonid>466461</seasonid>
  <seriesid>248930</seriesid>
</Episode>
<Episode>
  <id>4161297</id>
  <Combined_episodenumber>2</Combined_episodenumber>
  <Combined_season>1</Combined_season>
  <DVD_chapter></DVD_chapter>
  <DVD_discid></DVD_discid>
  <DVD_episodenumber></DVD_episodenumber>
  <DVD_season></DVD_season>
  <Director></Director>
  <EpImgFlag>2</EpImgFlag>
  <EpisodeName>How to Have a One-Night Stand </EpisodeName>
  <EpisodeNumber>2</EpisodeNumber>
  <FirstAired>2011-10-06</FirstAired>
  <GuestStars></GuestStars>
  <IMDB_ID></IMDB_ID>
  <Language>en</Language>
  <Overview>Bert instructs Andrew on how to enjoy a one-night fling without getting too attached emotionally, while Diane agrees to prep Mike for his green-card interview.</Overview>
  <ProductionCode></ProductionCode>
  <Rating>7.7</Rating>
  <RatingCount>14</RatingCount>
  <SeasonNumber>1</SeasonNumber>
  <Writer></Writer>
  <absolute_number></absolute_number>
  <filename>episodes/248930/4161297.jpg</filename>
  <lastupdated>1317982195</lastupdated>
  <seasonid>466461</seasonid>
  <seriesid>248930</seriesid>
</Episode>
<Episode>
  <id>4161298</id>
  <Combined_episodenumber>3</Combined_episodenumber>
  <Combined_season>1</Combined_season>
  <DVD_chapter></DVD_chapter>
  <DVD_discid></DVD_discid>
  <DVD_episodenumber></DVD_episodenumber>
  <DVD_season></DVD_season>
  <Director></Director>
  <EpImgFlag>2</EpImgFlag>
  <EpisodeName>How to Attend Your Ex-Fiance's Wedding</EpisodeName>
  <EpisodeNumber>3</EpisodeNumber>
  <FirstAired>2011-10-15</FirstAired>
  <GuestStars></GuestStars>
  <IMDB_ID></IMDB_ID>
  <Language>en</Language>
  <Overview>Andrew attends his ex-fiancée's wedding and learns that she cheated on him with the groom while they were still together.</Overview>
  <ProductionCode></ProductionCode>
  <Rating>8.4</Rating>
  <RatingCount>9</RatingCount>
  <SeasonNumber>1</SeasonNumber>
  <Writer></Writer>
  <absolute_number></absolute_number>
  <filename>episodes/248930/4161298.jpg</filename>
  <lastupdated>1318715654</lastupdated>
  <seasonid>466461</seasonid>
  <seriesid>248930</seriesid>
</Episode>
<Episode>
  <id>4184758</id>
  <Combined_episodenumber>4</Combined_episodenumber>
  <Combined_season>1</Combined_season>
  <DVD_chapter></DVD_chapter>
  <DVD_discid></DVD_discid>
  <DVD_episodenumber></DVD_episodenumber>
  <DVD_season></DVD_season>
  <Director></Director>
  <EpImgFlag></EpImgFlag>
  <EpisodeName>How to Share a Relationship</EpisodeName>
  <EpisodeNumber>4</EpisodeNumber>
  <FirstAired>2012-05-26</FirstAired>
  <GuestStars></GuestStars>
  <IMDB_ID></IMDB_ID>
  <Language>en</Language>
  <Overview>Andrew and Bert each have their own unique relationship with the same woman, but Andrew starts to feel short-changed when she spends every night in Bert's room. </Overview>
  <ProductionCode></ProductionCode>
  <Rating>8.2</Rating>
  <RatingCount>6</RatingCount>
  <SeasonNumber>1</SeasonNumber>
  <Writer></Writer>
  <absolute_number></absolute_number>
  <filename></filename>
  <lastupdated>1338078581</lastupdated>
  <seasonid>466461</seasonid>
  <seriesid>248930</seriesid>
</Episode>
<Episode>
  <id>4333219</id>
  <Combined_episodenumber>5</Combined_episodenumber>
  <Combined_season>1</Combined_season>
  <DVD_chapter></DVD_chapter>
  <DVD_discid></DVD_discid>
  <DVD_episodenumber></DVD_episodenumber>
  <DVD_season></DVD_season>
  <Director></Director>
  <EpImgFlag></EpImgFlag>
  <EpisodeName>How to Be Draft Andrew</EpisodeName>
  <EpisodeNumber>5</EpisodeNumber>
  <FirstAired>2012-05-26</FirstAired>
  <GuestStars></GuestStars>
  <IMDB_ID></IMDB_ID>
  <Language>en</Language>
  <Overview>When Bert sends out angry emails that Andrew drafted but never sent, Andrew scrambles to make things right with the recipients. Meanwhile, Andrew turns the tables on Bert and forces him to stop filing away his emotions when his judgmental father shows up. </Overview>
  <ProductionCode></ProductionCode>
  <Rating>7.6</Rating>
  <RatingCount>5</RatingCount>
  <SeasonNumber>1</SeasonNumber>
  <Writer></Writer>
  <absolute_number></absolute_number>
  <filename></filename>
  <lastupdated>1338078615</lastupdated>
  <seasonid>466461</seasonid>
  <seriesid>248930</seriesid>
</Episode>
<Episode>
  <id>4333239</id>
  <Combined_episodenumber>6</Combined_episodenumber>
  <Combined_season>1</Combined_season>
  <DVD_chapter></DVD_chapter>
  <DVD_discid></DVD_discid>
  <DVD_episodenumber></DVD_episodenumber>
  <DVD_season></DVD_season>
  <Director></Director>
  <EpImgFlag></EpImgFlag>
  <EpisodeName>How to Dip Your Pen in the Company Ink</EpisodeName>
  <EpisodeNumber>6</EpisodeNumber>
  <FirstAired>2012-06-02</FirstAired>
  <GuestStars></GuestStars>
  <IMDB_ID></IMDB_ID>
  <Language>en</Language>
  <Overview></Overview>
  <ProductionCode></ProductionCode>
  <Rating>8.3</Rating>
  <RatingCount>4</RatingCount>
  <SeasonNumber>1</SeasonNumber>
  <Writer></Writer>
  <absolute_number></absolute_number>
  <filename></filename>
  <lastupdated>1338099935</lastupdated>
  <seasonid>466461</seasonid>
  <seriesid>248930</seriesid>
</Episode>
<Episode>
  <id>4333240</id>
  <Combined_episodenumber>7</Combined_episodenumber>
  <Combined_season>1</Combined_season>
  <DVD_chapter></DVD_chapter>
  <DVD_discid></DVD_discid>
  <DVD_episodenumber></DVD_episodenumber>
  <DVD_season></DVD_season>
  <Director></Director>
  <EpImgFlag></EpImgFlag>
  <EpisodeName>How to Get Along With Your Boss' New Girlfriend</EpisodeName>
  <EpisodeNumber>7</EpisodeNumber>
  <FirstAired>2012-06-09</FirstAired>
  <GuestStars></GuestStars>
  <IMDB_ID></IMDB_ID>
  <Language>en</Language>
  <Overview>When Andrew is left picking up Jerry's slack at work, he asks Bert to come on board to serve as his new life coach, but quickly realizes he might have made a serious mistake.</Overview>
  <ProductionCode></ProductionCode>
  <Rating>8.8</Rating>
  <RatingCount>4</RatingCount>
  <SeasonNumber>1</SeasonNumber>
  <Writer></Writer>
  <absolute_number></absolute_number>
  <filename></filename>
  <lastupdated>1339433439</lastupdated>
  <seasonid>466461</seasonid>
  <seriesid>248930</seriesid>
</Episode>
<Episode>
  <id>4333818</id>
  <Combined_episodenumber>8</Combined_episodenumber>
  <Combined_season>1</Combined_season>
  <DVD_chapter></DVD_chapter>
  <DVD_discid></DVD_discid>
  <DVD_episodenumber></DVD_episodenumber>
  <DVD_season></DVD_season>
  <Director></Director>
  <EpImgFlag></EpImgFlag>
  <EpisodeName>How to Upstage Thanksgiving</EpisodeName>
  <EpisodeNumber>8</EpisodeNumber>
  <FirstAired>2012-06-16</FirstAired>
  <GuestStars></GuestStars>
  <IMDB_ID></IMDB_ID>
  <Language>en</Language>
  <Overview></Overview>
  <ProductionCode></ProductionCode>
  <Rating>8.3</Rating>
  <RatingCount>3</RatingCount>
  <SeasonNumber>1</SeasonNumber>
  <Writer></Writer>
  <absolute_number></absolute_number>
  <filename></filename>
  <lastupdated>1338162251</lastupdated>
  <seasonid>466461</seasonid>
  <seriesid>248930</seriesid>
</Episode>
<Episode>
  <id>4333819</id>
  <Combined_episodenumber>9</Combined_episodenumber>
  <Combined_season>1</Combined_season>
  <DVD_chapter></DVD_chapter>
  <DVD_discid></DVD_discid>
  <DVD_episodenumber></DVD_episodenumber>
  <DVD_season></DVD_season>
  <Director></Director>
  <EpImgFlag></EpImgFlag>
  <EpisodeName>How to Be Shallow</EpisodeName>
  <EpisodeNumber>9</EpisodeNumber>
  <FirstAired>2012-06-23</FirstAired>
  <GuestStars></GuestStars>
  <IMDB_ID></IMDB_ID>
  <Language>en</Language>
  <Overview></Overview>
  <ProductionCode></ProductionCode>
  <Rating>8.0</Rating>
  <RatingCount>3</RatingCount>
  <SeasonNumber>1</SeasonNumber>
  <Writer></Writer>
  <absolute_number></absolute_number>
  <filename></filename>
  <lastupdated>1338162275</lastupdated>
  <seasonid>466461</seasonid>
  <seriesid>248930</seriesid>
</Episode>
</Data>