<?xml version="1.0" encoding="UTF-8" ?>
<Actors>
<Actor>
  <id>23359</id>
  <Image>actors/23359.jpg</Image>
  <Name>Kirk &quot;Sticky Fingaz&quot; Jones</Name>
  <Role>Blade</Role>
  <SortOrder>0</SortOrder>
</Actor>
<Actor>
  <id>23360</id>
  <Image>actors/23360.jpg</Image>
  <Name>Jill Wagner</Name>
  <Role>Krista Starr</Role>
  <SortOrder>1</SortOrder>
</Actor>
<Actor>
  <id>78170</id>
  <Image>actors/78170.jpg</Image>
  <Name>Neil Jackson</Name>
  <Role>Marcus Van Sciver</Role>
  <SortOrder>2</SortOrder>
</Actor>
<Actor>
  <id>78171</id>
  <Image>actors/78171.jpg</Image>
  <Name>Nelson Lee</Name>
  <Role>Shen</Role>
  <SortOrder>3</SortOrder>
</Actor>
<Actor>
  <id>23361</id>
  <Image>actors/23361.jpg</Image>
  <Name>Jessica Gower</Name>
  <Role>Chase</Role>
  <SortOrder>3</SortOrder>
</Actor>
</Actors>