<?xml version="1.0" encoding="UTF-8" ?>
<Actors>
<Actor>
  <id>226641</id>
  <Image>actors/226641.jpg</Image>
  <Name>Jason Biggs</Name>
  <Role></Role>
  <SortOrder>0</SortOrder>
</Actor>
<Actor>
  <id>226661</id>
  <Image>actors/226661.jpg</Image>
  <Name>Sarah Chalke</Name>
  <Role></Role>
  <SortOrder>1</SortOrder>
</Actor>
<Actor>
  <id>226671</id>
  <Image>actors/226671.jpg</Image>
  <Name>Tyler Labine</Name>
  <Role></Role>
  <SortOrder>2</SortOrder>
</Actor>
<Actor>
  <id>226651</id>
  <Image>actors/226651.jpg</Image>
  <Name>Judy Greer</Name>
  <Role></Role>
  <SortOrder>2</SortOrder>
</Actor>
<Actor>
  <id>226681</id>
  <Image>actors/226681.jpg</Image>
  <Name>Sarah Wright</Name>
  <Role></Role>
  <SortOrder>3</SortOrder>
</Actor>
</Actors>