<?xml version="1.0" encoding="UTF-8" ?>
<Banners>
<Banner>
  <id>702191</id>
  <BannerPath>fanart/original/186551-1.jpg</BannerPath>
  <BannerType>fanart</BannerType>
  <BannerType2>1920x1080</BannerType2>
  <Colors></Colors>
  <Language>en</Language>
  <Rating>8.6000</Rating>
  <RatingCount>5</RatingCount>
  <SeriesName>false</SeriesName>
  <ThumbnailPath>_cache/fanart/original/186551-1.jpg</ThumbnailPath>
  <VignettePath>fanart/vignette/186551-1.jpg</VignettePath>
</Banner>
<Banner>
  <id>789841</id>
  <BannerPath>fanart/original/186551-4.jpg</BannerPath>
  <BannerType>fanart</BannerType>
  <BannerType2>1920x1080</BannerType2>
  <Colors></Colors>
  <Language>en</Language>
  <Rating>8.5000</Rating>
  <RatingCount>2</RatingCount>
  <SeriesName>false</SeriesName>
  <ThumbnailPath>_cache/fanart/original/186551-4.jpg</ThumbnailPath>
  <VignettePath>fanart/vignette/186551-4.jpg</VignettePath>
</Banner>
<Banner>
  <id>702211</id>
  <BannerPath>fanart/original/186551-2.jpg</BannerPath>
  <BannerType>fanart</BannerType>
  <BannerType2>1920x1080</BannerType2>
  <Colors></Colors>
  <Language>de</Language>
  <Rating>5.6667</Rating>
  <RatingCount>3</RatingCount>
  <SeriesName>false</SeriesName>
  <ThumbnailPath>_cache/fanart/original/186551-2.jpg</ThumbnailPath>
  <VignettePath>fanart/vignette/186551-2.jpg</VignettePath>
</Banner>
<Banner>
  <id>786311</id>
  <BannerPath>fanart/original/186551-3.jpg</BannerPath>
  <BannerType>fanart</BannerType>
  <BannerType2>1280x720</BannerType2>
  <Colors></Colors>
  <Language>en</Language>
  <Rating>3.0000</Rating>
  <RatingCount>1</RatingCount>
  <SeriesName>true</SeriesName>
  <ThumbnailPath>_cache/fanart/original/186551-3.jpg</ThumbnailPath>
  <VignettePath>fanart/vignette/186551-3.jpg</VignettePath>
</Banner>
<Banner>
  <id>786301</id>
  <BannerPath>posters/186551-1.jpg</BannerPath>
  <BannerType>poster</BannerType>
  <BannerType2>680x1000</BannerType2>
  <Language>en</Language>
  <Rating>8.5000</Rating>
  <RatingCount>2</RatingCount>
</Banner>
<Banner>
  <id>796361</id>
  <BannerPath>seasons/186551-1-2.jpg</BannerPath>
  <BannerType>season</BannerType>
  <BannerType2>season</BannerType2>
  <Language>en</Language>
  <Rating>6.0000</Rating>
  <RatingCount>1</RatingCount>
  <Season>1</Season>
</Banner>
<Banner>
  <id>788991</id>
  <BannerPath>graphical/186551-g2.jpg</BannerPath>
  <BannerType>series</BannerType>
  <BannerType2>graphical</BannerType2>
  <Language>en</Language>
  <Rating>9.0000</Rating>
  <RatingCount>1</RatingCount>
</Banner>
<Banner>
  <id>795341</id>
  <BannerPath>graphical/186551-g3.jpg</BannerPath>
  <BannerType>series</BannerType>
  <BannerType2>graphical</BannerType2>
  <Language>en</Language>
  <Rating>8.0000</Rating>
  <RatingCount>3</RatingCount>
</Banner>
<Banner>
  <id>788861</id>
  <BannerPath>graphical/186551-g.jpg</BannerPath>
  <BannerType>series</BannerType>
  <BannerType2>graphical</BannerType2>
  <Language>en</Language>
  <Rating>7.0000</Rating>
  <RatingCount>2</RatingCount>
</Banner>
</Banners>