<?xml version="1.0" encoding="UTF-8" ?>
<Data><Series>
  <id>76321</id>
  <Actors>|John Francis Daley|Linda Cardellini|Busy Philipps|James Franco|Samm Levine|Martin Starr|Seth Rogen|Jason Segel|Jerry Messing|Ben Foster|Shaun Weiss|Joanna Garcia|Chauncey Leopardi|Steve Bannos|Kayla Ewell|Natasha Melnick|Dave Allen|Thomas F. Wilson|Becky Ann Baker|Joe Flaherty|</Actors>
  <Airs_DayOfWeek></Airs_DayOfWeek>
  <Airs_Time>8:00 PM</Airs_Time>
  <ContentRating>TV-PG</ContentRating>
  <FirstAired>1999-09-25</FirstAired>
  <Genre>|Comedy|</Genre>
  <IMDB_ID>tt0193676</IMDB_ID>
  <Language>en</Language>
  <Network>NBC</Network>
  <NetworkID></NetworkID>
  <Overview>The universal experience of teenagehood as lived by the regular old freaks and geeks in a Michigan high school, circa 1980, is the subject of this wistful comedy-drama. Revolving around the lives of freak and geek siblings Lindsay and Sam Weir, the show studies the everyday fears, humiliations and little triumphs of adolescents past, present and, no doubt, future,too.</Overview>
  <Rating>9.1</Rating>
  <RatingCount>17</RatingCount>
  <Runtime>60</Runtime>
  <SeriesID>392</SeriesID>
  <SeriesName>Freaks and Geeks</SeriesName>
  <Status>Ended</Status>
  <added></added>
  <addedBy></addedBy>
  <banner>graphical/76321-g3.jpg</banner>
  <fanart>fanart/original/76321-7.jpg</fanart>
  <lastupdated>1365530767</lastupdated>
  <poster>posters/76321-4.jpg</poster>
  <zap2it_id>SH317005</zap2it_id>
</Series>
<Episode>
  <id>190249</id>
  <Combined_episodenumber>1.0</Combined_episodenumber>
  <Combined_season>1</Combined_season>
  <DVD_chapter></DVD_chapter>
  <DVD_discid></DVD_discid>
  <DVD_episodenumber>1.0</DVD_episodenumber>
  <DVD_season>1</DVD_season>
  <Director>|Jake Kasdan|</Director>
  <EpImgFlag>1</EpImgFlag>
  <EpisodeName>Pilot</EpisodeName>
  <EpisodeNumber>1</EpisodeNumber>
  <FirstAired>1999-09-25</FirstAired>
  <GuestStars>|Ben Foster|Alan Simpson|Stacy Hogue|Ron Lester|Brianna Lynn Brown|Lizzy Caplan|Gabriel Carpenter|David Michael Gangler Jr.|Marco Gould|Anna Coman-Hidy|Jason Lansing|Jarrett Lennon|Ashley Power|Kristy Wu|David Gangler|</GuestStars>
  <IMDB_ID></IMDB_ID>
  <Language>en</Language>
  <Overview>Lindsay's family and friends fear the worst when she quits the academic decathlon team and begins hanging around with a new crowd. A new friend tries to help her find her way. Meanwhile, Sam ponders asking cheerleader Cindy Sanders to the homecoming dance, while trying to cope with persistent teasing and torture at the hands of a savage bully.</Overview>
  <ProductionCode>100</ProductionCode>
  <Rating>7.9</Rating>
  <RatingCount>16</RatingCount>
  <SeasonNumber>1</SeasonNumber>
  <Writer>|Paul Feig|</Writer>
  <absolute_number></absolute_number>
  <filename>episodes/76321/190249.jpg</filename>
  <lastupdated>1287822842</lastupdated>
  <seasonid>10138</seasonid>
  <seriesid>76321</seriesid>
</Episode>
<Episode>
  <id>190250</id>
  <Combined_episodenumber>2.0</Combined_episodenumber>
  <Combined_season>1</Combined_season>
  <DVD_chapter></DVD_chapter>
  <DVD_discid></DVD_discid>
  <DVD_episodenumber>2.0</DVD_episodenumber>
  <DVD_season>1</DVD_season>
  <Director>|Jake Kasdan|</Director>
  <EpImgFlag>1</EpImgFlag>
  <EpisodeName>Beers and Weirs</EpisodeName>
  <EpisodeNumber>2</EpisodeNumber>
  <FirstAired>1999-10-02</FirstAired>
  <GuestStars>|Kenny Blank|Lizzy Caplan|Clement E. Blake|Douglas Bennett|Laura Botrell|Marco Gould|Allen Covert|</GuestStars>
  <IMDB_ID></IMDB_ID>
  <Language>en</Language>
  <Overview>Lindsay's friends learn that her parents are going away for the weekend and suggest having a kegger.  Sam and Neal become worried after a school assembly focusing on alcohol-related deaths and they decide to switch the real beer with non-alcoholic beer. Daniel and Kim get back together and despite the lack of alcohol, the party quickly gets out of hand. </Overview>
  <ProductionCode>101</ProductionCode>
  <Rating>8.5</Rating>
  <RatingCount>14</RatingCount>
  <SeasonNumber>1</SeasonNumber>
  <Writer>|J. Elvis Weinstein|Judd Apatow|</Writer>
  <absolute_number></absolute_number>
  <filename>episodes/76321/190250.jpg</filename>
  <lastupdated>1233602685</lastupdated>
  <seasonid>10138</seasonid>
  <seriesid>76321</seriesid>
</Episode>
<Episode>
  <id>190251</id>
  <Combined_episodenumber>3.0</Combined_episodenumber>
  <Combined_season>1</Combined_season>
  <DVD_chapter></DVD_chapter>
  <DVD_discid></DVD_discid>
  <DVD_episodenumber>3.0</DVD_episodenumber>
  <DVD_season>1</DVD_season>
  <Director>|Bryan Gordon|</Director>
  <EpImgFlag>1</EpImgFlag>
  <EpisodeName>Tricks and Treats</EpisodeName>
  <EpisodeNumber>3</EpisodeNumber>
  <FirstAired>1999-10-30</FirstAired>
  <GuestStars>|Hariet S. Miller|Pamela Gordon|Denalda Williams|Jon Kasdan|Maura Soden|Anna Coman-Hidy|Ashley Power|Amanda Lipin|</GuestStars>
  <IMDB_ID></IMDB_ID>
  <Language>en</Language>
  <Overview>Lindsay agrees to stay home and hand out candy with her mom on Halloween night. However, when she gets an invite to go cruise around town with Nick, Daniel, and Kim she ditches her mom. Sam, Bill, Neal, and Harris go trick or treating. Lindsay and the gang go on a vandalism spree that starts with smashing pumpkins and ends abruptly after Lindsay accidentally pelts Sam with an egg.</Overview>
  <ProductionCode>102</ProductionCode>
  <Rating>7.4</Rating>
  <RatingCount>12</RatingCount>
  <SeasonNumber>1</SeasonNumber>
  <Writer>|Paul Feig|</Writer>
  <absolute_number></absolute_number>
  <filename>episodes/76321/190251.jpg</filename>
  <lastupdated>1233602708</lastupdated>
  <seasonid>10138</seasonid>
  <seriesid>76321</seriesid>
</Episode>
<Episode>
  <id>190264</id>
  <Combined_episodenumber>4.0</Combined_episodenumber>
  <Combined_season>1</Combined_season>
  <DVD_chapter></DVD_chapter>
  <DVD_discid></DVD_discid>
  <DVD_episodenumber>4.0</DVD_episodenumber>
  <DVD_season>1</DVD_season>
  <Director>|Lesli Linka Glatter|</Director>
  <EpImgFlag>1</EpImgFlag>
  <EpisodeName>Kim Kelly Is My Friend</EpisodeName>
  <EpisodeNumber>4</EpisodeNumber>
  <FirstAired>2000-09-05</FirstAired>
  <GuestStars>|Rashida Jones|Ann Dowd|Jack Conley|Mike White|Shane Johnson|Brianna Lynn Brown|Tom Virtue|</GuestStars>
  <IMDB_ID></IMDB_ID>
  <Language>en</Language>
  <Overview>Kim invites Lindsay to dinner, explaining that she needs to introduce a nice friend to her parents so they will stop hassling her to sell her car. After Lindsay realizes what an abusive home Kim is living in, the two flee the scene in Kim's car. Sam struggles with a bully who is friends with Kim.</Overview>
  <ProductionCode>103</ProductionCode>
  <Rating>7.7</Rating>
  <RatingCount>12</RatingCount>
  <SeasonNumber>1</SeasonNumber>
  <Writer>|Mike White|</Writer>
  <absolute_number></absolute_number>
  <filename>episodes/76321/190264.jpg</filename>
  <lastupdated>1255059821</lastupdated>
  <seasonid>10138</seasonid>
  <seriesid>76321</seriesid>
</Episode>
<Episode>
  <id>190252</id>
  <Combined_episodenumber>5.0</Combined_episodenumber>
  <Combined_season>1</Combined_season>
  <DVD_chapter></DVD_chapter>
  <DVD_discid></DVD_discid>
  <DVD_episodenumber>5.0</DVD_episodenumber>
  <DVD_season>1</DVD_season>
  <Director>|Ken Kwapis|</Director>
  <EpImgFlag>1</EpImgFlag>
  <EpisodeName>Tests and Breasts</EpisodeName>
  <EpisodeNumber>5</EpisodeNumber>
  <FirstAired>1999-11-06</FirstAired>
  <GuestStars>|Alan Simpson|Lizzy Caplan|Mary-Margaret Lewis|Omri Katz|Judith Drake|Marco Gould|Renee Cohen|</GuestStars>
  <IMDB_ID></IMDB_ID>
  <Language>en</Language>
  <Overview>Lindsay tries to tutor Daniel in algebra, but the situation seems hopeless. He steals a test from the teacher's office and asks Lindsay to help him fill in the answers. Mr. Kowchevski, suspicious of Daniel's surprisingly high grade, accuses the duo of cheating. Sam, Neal and Bill begin sex education class. They feel overwhelmed by the subject, so Daniel loans Sam a porno flick in a misguided attempt to help them.</Overview>
  <ProductionCode>104</ProductionCode>
  <Rating>7.7</Rating>
  <RatingCount>11</RatingCount>
  <SeasonNumber>1</SeasonNumber>
  <Writer>|Bob Nickman|</Writer>
  <absolute_number></absolute_number>
  <filename>episodes/76321/190252.jpg</filename>
  <lastupdated>1233602799</lastupdated>
  <seasonid>10138</seasonid>
  <seriesid>76321</seriesid>
</Episode>
<Episode>
  <id>190253</id>
  <Combined_episodenumber>6.0</Combined_episodenumber>
  <Combined_season>1</Combined_season>
  <DVD_chapter></DVD_chapter>
  <DVD_discid></DVD_discid>
  <DVD_episodenumber>6.0</DVD_episodenumber>
  <DVD_season>1</DVD_season>
  <Director>|Judd Apatow|</Director>
  <EpImgFlag>1</EpImgFlag>
  <EpisodeName>I'm With the Band</EpisodeName>
  <EpisodeNumber>6</EpisodeNumber>
  <FirstAired>1999-11-13</FirstAired>
  <GuestStars>|Kevin Tighe|Jarrett Lennon|Mike Andrews|Denise Askew|Jason Lansing|Paul Feig|Gabe Sachs|Jeff Judah|</GuestStars>
  <IMDB_ID></IMDB_ID>
  <Language>en</Language>
  <Overview>Lindsay encourages Nick to pursue a career in music. Nick continues to practice with his current band, but quickly decides he's better than them. Lindsay encourages Nick to audition for a bigger local band. When things don't go well in the audition, Lindsay is there to comfort Nick. After learning they have to shower in gym class, Sam, Bill, and Neal refuse to do it.</Overview>
  <ProductionCode>105</ProductionCode>
  <Rating>7.9</Rating>
  <RatingCount>10</RatingCount>
  <SeasonNumber>1</SeasonNumber>
  <Writer>|Gabe Sachs|Jeff Judah|</Writer>
  <absolute_number></absolute_number>
  <filename>episodes/76321/190253.jpg</filename>
  <lastupdated>1269386262</lastupdated>
  <seasonid>10138</seasonid>
  <seriesid>76321</seriesid>
</Episode>
<Episode>
  <id>190254</id>
  <Combined_episodenumber>7.0</Combined_episodenumber>
  <Combined_season>1</Combined_season>
  <DVD_chapter></DVD_chapter>
  <DVD_discid></DVD_discid>
  <DVD_episodenumber>7.0</DVD_episodenumber>
  <DVD_season>1</DVD_season>
  <Director>|Judd Apatow|</Director>
  <EpImgFlag>1</EpImgFlag>
  <EpisodeName>Carded and Discarded</EpisodeName>
  <EpisodeNumber>7</EpisodeNumber>
  <FirstAired>2000-01-10</FirstAired>
  <GuestStars>|Dave Allen|Kevin Corrigan|Ben Foster|Jason Schwartzman|Kayla Ewell|Sarah Hagan|Natasha Melnick|Stephen Lea Sheppard|Trace Beaulieu|Joanna Garcia|Jerry Messing|</GuestStars>
  <IMDB_ID></IMDB_ID>
  <Language>en</Language>
  <Overview>Sam, Neal, and Bill befriend a pretty new transfer student, but soon fear of losing her to the popular crowd and try to win her over with a series of fun things they plan for her. Lindsay, Nick, Daniel, and Ken decide to get fake IDs so they can see a hot local band perform at a bar. However, after they go through the trouble of getting their IDs and getting into the bar, the group is stunned to find out who the hot local bands lead singer is.</Overview>
  <ProductionCode>110</ProductionCode>
  <Rating>8.4</Rating>
  <RatingCount>10</RatingCount>
  <SeasonNumber>1</SeasonNumber>
  <Writer>|Judd Apatow|Paul Feig|</Writer>
  <absolute_number></absolute_number>
  <filename>episodes/76321/190254.jpg</filename>
  <lastupdated>1269386319</lastupdated>
  <seasonid>10138</seasonid>
  <seriesid>76321</seriesid>
</Episode>
<Episode>
  <id>190255</id>
  <Combined_episodenumber>8.0</Combined_episodenumber>
  <Combined_season>1</Combined_season>
  <DVD_chapter></DVD_chapter>
  <DVD_discid></DVD_discid>
  <DVD_episodenumber>8.0</DVD_episodenumber>
  <DVD_season>1</DVD_season>
  <Director>|Lesli Linka Glatter|</Director>
  <EpImgFlag>1</EpImgFlag>
  <EpisodeName>Girlfriends and Boyfriends</EpisodeName>
  <EpisodeNumber>8</EpisodeNumber>
  <FirstAired>2000-01-17</FirstAired>
  <GuestStars>|Dave Allen|Steve Bannos|Natasha Melnick|Sarah Hagan|Jerry Messing|Trace Beaulieu|Stephanie Erb|R.F. Daley|Riley Smith|Tom Virtue|Mark Allen Staubach|</GuestStars>
  <IMDB_ID></IMDB_ID>
  <Language>en</Language>
  <Overview>Lindsay reluctantly agrees to come over to Nick's house while his parents are out of town. Sam hopes to become lab partners with Cindy, but becomes jealous when Bill is named Cindy's lab partner.</Overview>
  <ProductionCode>106</ProductionCode>
  <Rating>8.4</Rating>
  <RatingCount>8</RatingCount>
  <SeasonNumber>1</SeasonNumber>
  <Writer>|Patty Lin|Paul Feig|</Writer>
  <absolute_number></absolute_number>
  <filename>episodes/76321/190255.jpg</filename>
  <lastupdated>1269386543</lastupdated>
  <seasonid>10138</seasonid>
  <seriesid>76321</seriesid>
</Episode>
<Episode>
  <id>190256</id>
  <Combined_episodenumber>9.0</Combined_episodenumber>
  <Combined_season>1</Combined_season>
  <DVD_chapter></DVD_chapter>
  <DVD_discid></DVD_discid>
  <DVD_episodenumber>9.0</DVD_episodenumber>
  <DVD_season>1</DVD_season>
  <Director>|Danny Leiner|</Director>
  <EpImgFlag>1</EpImgFlag>
  <EpisodeName>We've Got Spirit</EpisodeName>
  <EpisodeNumber>9</EpisodeNumber>
  <FirstAired>2000-01-24</FirstAired>
  <GuestStars>|Tom Wilson|Natasha Melnick|Jerrett Lennon|Riley Smith|Joanna Garcia|Shia LaBeouf|Samantha Shelton|David Doty|Amy Wheaton|Matt Czuchry|Daniel Chacón|</GuestStars>
  <IMDB_ID></IMDB_ID>
  <Language>en</Language>
  <Overview>Sam tries out to be the school mascot hoping to impress Cindy. Meanwhile, Daniel, Ken, and Kim suddenly become the basketball team's most rabid fans following a series of run-ins with jocks from the rival school, Lincoln High. Lindsay tries to figure out the best way to break up with Nick.</Overview>
  <ProductionCode>107</ProductionCode>
  <Rating>8.4</Rating>
  <RatingCount>10</RatingCount>
  <SeasonNumber>1</SeasonNumber>
  <Writer>|Mike White|</Writer>
  <absolute_number></absolute_number>
  <filename>episodes/76321/190256.jpg</filename>
  <lastupdated>1269386679</lastupdated>
  <seasonid>10138</seasonid>
  <seriesid>76321</seriesid>
</Episode>
<Episode>
  <id>190257</id>
  <Combined_episodenumber>10.0</Combined_episodenumber>
  <Combined_season>1</Combined_season>
  <DVD_chapter></DVD_chapter>
  <DVD_discid></DVD_discid>
  <DVD_episodenumber>10.0</DVD_episodenumber>
  <DVD_season>1</DVD_season>
  <Director>|Ken Olin|Judd Apatow|Rebecca Rand Kirshner|</Director>
  <EpImgFlag>1</EpImgFlag>
  <EpisodeName>The Diary</EpisodeName>
  <EpisodeNumber>10</EpisodeNumber>
  <FirstAired>2000-01-31</FirstAired>
  <GuestStars>|Ann Dowd|Sam McMurray|Bruce Bohne|Denise Askew|Bill Chott|Ron Marasco|Landry Barb II|Matthew McKane|Blake Shields|</GuestStars>
  <IMDB_ID></IMDB_ID>
  <Language>en</Language>
  <Overview>Lindsay's parents forbid her from hanging out with Kim, as they see her as a bad influence. Bill grows tired of being picked last for teams for baseball in P.E. class, and not being allowed to really participate.</Overview>
  <ProductionCode>108</ProductionCode>
  <Rating>8.5</Rating>
  <RatingCount>11</RatingCount>
  <SeasonNumber>1</SeasonNumber>
  <Writer>|Rebecca Rand Kirshner|</Writer>
  <absolute_number></absolute_number>
  <filename>episodes/76321/190257.jpg</filename>
  <lastupdated>1233602960</lastupdated>
  <seasonid>10138</seasonid>
  <seriesid>76321</seriesid>
</Episode>
<Episode>
  <id>190258</id>
  <Combined_episodenumber>11.0</Combined_episodenumber>
  <Combined_season>1</Combined_season>
  <DVD_chapter></DVD_chapter>
  <DVD_discid></DVD_discid>
  <DVD_episodenumber>11.0</DVD_episodenumber>
  <DVD_season>1</DVD_season>
  <Director>|Ken Kwapis|</Director>
  <EpImgFlag>1</EpImgFlag>
  <EpisodeName>Looks and Books</EpisodeName>
  <EpisodeNumber>11</EpisodeNumber>
  <FirstAired>2000-02-07</FirstAired>
  <GuestStars>|Olivia Hack|Joel Hodgson|Susan Krebs|Alex Breckenridge|Molly Maguire|Riley Smith|Jason Lansing|Brandy Warren|Percy Daggs III|Stephanie Erb|Judith Drake|Ben Ziff|Ron Lester|Scott McAfee|Michael Clayton McCarthy|</GuestStars>
  <IMDB_ID></IMDB_ID>
  <Language>en</Language>
  <Overview>A car accident results in Lindsay deciding to stop hanging out with her &quot;freak&quot; friends. She decides to rejoin the mathletes and start hanging out with Millie again. Sam adopts a new modern hair style in the hopes of impressing Cindy. When this fails, he seeks out a new wardrobe.</Overview>
  <ProductionCode>109</ProductionCode>
  <Rating>8.0</Rating>
  <RatingCount>10</RatingCount>
  <SeasonNumber>1</SeasonNumber>
  <Writer>|Paul Feig|</Writer>
  <absolute_number></absolute_number>
  <filename>episodes/76321/190258.jpg</filename>
  <lastupdated>1269386744</lastupdated>
  <seasonid>10138</seasonid>
  <seriesid>76321</seriesid>
</Episode>
<Episode>
  <id>190259</id>
  <Combined_episodenumber>12.0</Combined_episodenumber>
  <Combined_season>1</Combined_season>
  <DVD_chapter></DVD_chapter>
  <DVD_discid></DVD_discid>
  <DVD_episodenumber>12.0</DVD_episodenumber>
  <DVD_season>1</DVD_season>
  <Director>|Bryan Gordon|</Director>
  <EpImgFlag>1</EpImgFlag>
  <EpisodeName>The Garage Door (a.k.a. Tries and Lies)</EpisodeName>
  <EpisodeNumber>12</EpisodeNumber>
  <FirstAired>2000-03-13</FirstAired>
  <GuestStars>|Jane Morris|Sam McMurray|Jessica Campbell|Amy Aquino|David Bowe|Jody Jones|Ben Hecht|Tava Smiley|</GuestStars>
  <IMDB_ID></IMDB_ID>
  <Language>en</Language>
  <Overview>Neal learns his father is cheating on his mother. Ken develops a crush on the tuba player in the school's marching band and Lindsay helps set them up.</Overview>
  <ProductionCode>111</ProductionCode>
  <Rating>8.9</Rating>
  <RatingCount>9</RatingCount>
  <SeasonNumber>1</SeasonNumber>
  <Writer>|Gabe Sachs|Jeff Judah|Patty Lin|</Writer>
  <absolute_number></absolute_number>
  <filename>episodes/76321/190259.jpg</filename>
  <lastupdated>1233603047</lastupdated>
  <seasonid>10138</seasonid>
  <seriesid>76321</seriesid>
</Episode>
<Episode>
  <id>190260</id>
  <Combined_episodenumber>13.0</Combined_episodenumber>
  <Combined_season>1</Combined_season>
  <DVD_chapter></DVD_chapter>
  <DVD_discid></DVD_discid>
  <DVD_episodenumber>13.0</DVD_episodenumber>
  <DVD_season>1</DVD_season>
  <Director>|Miguel Arteta|</Director>
  <EpImgFlag>1</EpImgFlag>
  <EpisodeName>Chokin' and Tokin'</EpisodeName>
  <EpisodeNumber>13</EpisodeNumber>
  <FirstAired>2000-03-20</FirstAired>
  <GuestStars>|Claudia Christian|Leslie Mann|Doug Spinuzza|Kayla Ewell|Peggy Miley|Charlie Hartsock|Ruth Rudnick|Alexander Gould|Ben Livingston|Brian Hartt|Jason Lansing|</GuestStars>
  <IMDB_ID></IMDB_ID>
  <Language>en</Language>
  <Overview>When Bill talks about being allergic to peanuts in class, Alan tries to prove he's lying but Bill ends up in the hospital after an allergic reaction. Lindsay smokes weed for the first time.</Overview>
  <ProductionCode>112</ProductionCode>
  <Rating>9.3</Rating>
  <RatingCount>8</RatingCount>
  <SeasonNumber>1</SeasonNumber>
  <Writer>|Judd Apatow|</Writer>
  <absolute_number></absolute_number>
  <filename>episodes/76321/190260.jpg</filename>
  <lastupdated>1269387724</lastupdated>
  <seasonid>10138</seasonid>
  <seriesid>76321</seriesid>
</Episode>
<Episode>
  <id>190265</id>
  <Combined_episodenumber>14.0</Combined_episodenumber>
  <Combined_season>1</Combined_season>
  <DVD_chapter></DVD_chapter>
  <DVD_discid></DVD_discid>
  <DVD_episodenumber>14.0</DVD_episodenumber>
  <DVD_season>1</DVD_season>
  <Director>|Judd Apatow|</Director>
  <EpImgFlag>1</EpImgFlag>
  <EpisodeName>Dead Dogs and Gym Teachers</EpisodeName>
  <EpisodeNumber>14</EpisodeNumber>
  <FirstAired>2000-10-01</FirstAired>
  <GuestStars>|Claudia Christian|Meagen Fay|Jason Lansing|Matthew McKane|</GuestStars>
  <IMDB_ID></IMDB_ID>
  <Language>en</Language>
  <Overview>Lindsay tries to convince Harold to let her join her friends at a Who concert. Kim and Lindsay accidentally run over Millie's dog. Kim starts hanging out with Millie. Lindsay wants to tell Millie the truth about her dog, but Kim doesn't. Meanwhile, Nick teaches himself to play guitar and writes a love ballad for Lindsay and decides to play it for her despite Kens' objections. Ms. Haverchuck stuns Bill with the news that she has been dating Coach Fredricks.</Overview>
  <ProductionCode>114</ProductionCode>
  <Rating>8.1</Rating>
  <RatingCount>11</RatingCount>
  <SeasonNumber>1</SeasonNumber>
  <Writer>|Judd Apatow|Bob Nickman|</Writer>
  <absolute_number></absolute_number>
  <filename>episodes/76321/190265.jpg</filename>
  <lastupdated>1233603221</lastupdated>
  <seasonid>10138</seasonid>
  <seriesid>76321</seriesid>
</Episode>
<Episode>
  <id>190266</id>
  <Combined_episodenumber>15.0</Combined_episodenumber>
  <Combined_season>1</Combined_season>
  <DVD_chapter></DVD_chapter>
  <DVD_discid></DVD_discid>
  <DVD_episodenumber>15.0</DVD_episodenumber>
  <DVD_season>1</DVD_season>
  <Director>|Jake Kasdan|</Director>
  <EpImgFlag>1</EpImgFlag>
  <EpisodeName>Noshing and Moshing</EpisodeName>
  <EpisodeNumber>15</EpisodeNumber>
  <FirstAired>2000-10-17</FirstAired>
  <GuestStars>|David Krumholtz|Bianca Kajlich|Sam McMurray|Amy Aquino|Ron Lester|Shawnee Free Jones|Alison Martin|Joel Madison|Joanna Canton|Rowan Shifrin|John Apicella|Sid Garza-Hillman|Brandon Peterson|Andy Mackenzie|</GuestStars>
  <IMDB_ID></IMDB_ID>
  <Language>en</Language>
  <Overview>Neal wrestles with the dilemma of whether to tell his mother about his father's affair. Lindsay is given detention after coming to the aid of a girl being attacked by a boy. Daniel deals with pressures at home and with Kim. He escapes from his problems through punk music.</Overview>
  <ProductionCode>115</ProductionCode>
  <Rating>8.1</Rating>
  <RatingCount>9</RatingCount>
  <SeasonNumber>1</SeasonNumber>
  <Writer>|J. Elvis Weinstein|</Writer>
  <absolute_number></absolute_number>
  <filename>episodes/76321/190266.jpg</filename>
  <lastupdated>1233603247</lastupdated>
  <seasonid>10138</seasonid>
  <seriesid>76321</seriesid>
</Episode>
<Episode>
  <id>190261</id>
  <Combined_episodenumber>16.0</Combined_episodenumber>
  <Combined_season>1</Combined_season>
  <DVD_chapter></DVD_chapter>
  <DVD_discid></DVD_discid>
  <DVD_episodenumber>16.0</DVD_episodenumber>
  <DVD_season>1</DVD_season>
  <Director>|Jake Kasdan|</Director>
  <EpImgFlag>1</EpImgFlag>
  <EpisodeName>Smooching and Mooching</EpisodeName>
  <EpisodeNumber>16</EpisodeNumber>
  <FirstAired>2000-07-08</FirstAired>
  <GuestStars>|Natasha Melnick|Kevin Tighe|Shaun Weiss|Joanna Garcia|Kayla Ewell|Stephen Lea Sheppard|Jerry Messing|Trace Beaulieu|Samaire Armstrong|Jessica Smith|</GuestStars>
  <IMDB_ID></IMDB_ID>
  <Language>en</Language>
  <Overview>After fighting with his father, Nick moves out and to Lindsay's surprise begins staying with the Weir's. Cindy tells Bill that she has a crush on Sam. She asks Bill to convince Sam to invite her to a party.</Overview>
  <ProductionCode>116</ProductionCode>
  <Rating>9.0</Rating>
  <RatingCount>7</RatingCount>
  <SeasonNumber>1</SeasonNumber>
  <Writer>|Steve Bannos|</Writer>
  <absolute_number></absolute_number>
  <filename>episodes/76321/190261.jpg</filename>
  <lastupdated>1269386921</lastupdated>
  <seasonid>10138</seasonid>
  <seriesid>76321</seriesid>
</Episode>
<Episode>
  <id>190262</id>
  <Combined_episodenumber>17.0</Combined_episodenumber>
  <Combined_season>1</Combined_season>
  <DVD_chapter></DVD_chapter>
  <DVD_discid></DVD_discid>
  <DVD_episodenumber>17.0</DVD_episodenumber>
  <DVD_season>1</DVD_season>
  <Director>|Jake Kasdan|</Director>
  <EpImgFlag>1</EpImgFlag>
  <EpisodeName>The Little Things</EpisodeName>
  <EpisodeNumber>17</EpisodeNumber>
  <FirstAired>2000-07-08</FirstAired>
  <GuestStars>|Ben Stiller|Natasha Melnick|Jessica Campbell|Dave (Gruber) Allen|Joanna Garcia|Stephen Lea Sheppard|Jerry Messing|Riley Smith|Trace Beaulieu|Matthew McKane|Steve Bannos|</GuestStars>
  <IMDB_ID></IMDB_ID>
  <Language>en</Language>
  <Overview>Sam discovers that life as Cindy's boyfriend is not nearly as exciting as he had imagined. Ken's girlfriend ,Amy, confesses a shocking secret, putting Ken in an awkward situation. Lindsay struggles with asking Vice President George Bush a question during an assembly.</Overview>
  <ProductionCode>117</ProductionCode>
  <Rating>8.7</Rating>
  <RatingCount>9</RatingCount>
  <SeasonNumber>1</SeasonNumber>
  <Writer>Jon Kasdan|Judd Apatow|Mike White|</Writer>
  <absolute_number></absolute_number>
  <filename>episodes/76321/190262.jpg</filename>
  <lastupdated>1233603279</lastupdated>
  <seasonid>10138</seasonid>
  <seriesid>76321</seriesid>
</Episode>
<Episode>
  <id>190263</id>
  <Combined_episodenumber>18.0</Combined_episodenumber>
  <Combined_season>1</Combined_season>
  <DVD_chapter></DVD_chapter>
  <DVD_discid></DVD_discid>
  <DVD_episodenumber>18.0</DVD_episodenumber>
  <DVD_season>1</DVD_season>
  <Director>|Paul Feig|</Director>
  <EpImgFlag>1</EpImgFlag>
  <EpisodeName>Discos and Dragons</EpisodeName>
  <EpisodeNumber>18</EpisodeNumber>
  <FirstAired>2000-07-08</FirstAired>
  <GuestStars>|Dave (Gruber) Allen|Steve Higgins|Joel Hodgson|Lizzy Caplan|Stephen Lea Sheppard|Jerry Messing|Steve Bannos|Ron Marasco|Trace Beaulieu|Samaire Armstrong|Russell Harper|Flynn Warner|Teddy Lane, Jr.|Joe Monti|Ben Ziff|Scott McAfee|</GuestStars>
  <IMDB_ID></IMDB_ID>
  <Language>en</Language>
  <Overview>Daniel is sentenced to audio/visual class as punishment for attempting to pull the fire alarm to get out of taking a test. Lindsay is accepted to a two-week academic summit. Nick has a new girlfriend and takes up disco dancing.</Overview>
  <ProductionCode>113</ProductionCode>
  <Rating>9.2</Rating>
  <RatingCount>9</RatingCount>
  <SeasonNumber>1</SeasonNumber>
  <Writer>|Paul Feig|</Writer>
  <absolute_number></absolute_number>
  <filename>episodes/76321/190263.jpg</filename>
  <lastupdated>1233603302</lastupdated>
  <seasonid>10138</seasonid>
  <seriesid>76321</seriesid>
</Episode>
</Data>