<?xml version="1.0" encoding="UTF-8" ?>
<Actors>
<Actor>
  <id>295381</id>
  <Image>actors/295381.jpg</Image>
  <Name>Terry O'Quinn</Name>
  <Role>Gavin Doran</Role>
  <SortOrder>0</SortOrder>
</Actor>
<Actor>
  <id>298920</id>
  <Image>actors/298920.jpg</Image>
  <Name>Rachael Taylor</Name>
  <Role>Jane Van Veen</Role>
  <SortOrder>1</SortOrder>
</Actor>
<Actor>
  <id>298919</id>
  <Image>actors/298919.jpg</Image>
  <Name>Dave Annable</Name>
  <Role>Henry Martin</Role>
  <SortOrder>1</SortOrder>
</Actor>
<Actor>
  <id>298924</id>
  <Image>actors/298924.jpg</Image>
  <Name>Robert Buckley</Name>
  <Role>Brian</Role>
  <SortOrder>3</SortOrder>
</Actor>
<Actor>
  <id>298923</id>
  <Image>actors/298923.jpg</Image>
  <Name>Helena Mattsson</Name>
  <Role>Alexis Blume</Role>
  <SortOrder>3</SortOrder>
</Actor>
<Actor>
  <id>298922</id>
  <Image>actors/298922.jpg</Image>
  <Name>Samantha Logan</Name>
  <Role>Nona Clark</Role>
  <SortOrder>3</SortOrder>
</Actor>
<Actor>
  <id>298921</id>
  <Image>actors/298921.jpg</Image>
  <Name>Mercedes Masöhn</Name>
  <Role>Louise</Role>
  <SortOrder>3</SortOrder>
</Actor>
<Actor>
  <id>298918</id>
  <Image>actors/298918.jpg</Image>
  <Name>Vanessa Williams</Name>
  <Role>Olivia Doran</Role>
  <SortOrder>3</SortOrder>
</Actor>
</Actors>