<?xml version="1.0" encoding="UTF-8" ?>
<Data><Series>
  <id>256204</id>
  <Actors>|Terry O'Quinn|Rachael Taylor|Dave Annable|Robert Buckley|Helena Mattsson|Samantha Logan|Mercedes Masöhn|Vanessa Williams|</Actors>
  <Airs_DayOfWeek>Sunday</Airs_DayOfWeek>
  <Airs_Time>10:00 pm</Airs_Time>
  <ContentRating>TV-14</ContentRating>
  <FirstAired>2012-09-30</FirstAired>
  <Genre>|Drama|Fantasy|</Genre>
  <IMDB_ID>tt2197797</IMDB_ID>
  <Language>en</Language>
  <Network>ABC</Network>
  <NetworkID></NetworkID>
  <Overview>666 Park Avenue tells the story of a young couple who accept an offer to manage one of the most historic apartment buildings in New York City, but soon begin to witness supernatural events.</Overview>
  <Rating>8.6</Rating>
  <RatingCount>18</RatingCount>
  <Runtime>60</Runtime>
  <SeriesID>158563</SeriesID>
  <SeriesName>666 Park Avenue</SeriesName>
  <Status>Ended</Status>
  <added>2012-02-16 11:42:25</added>
  <addedBy>352008</addedBy>
  <banner>graphical/256204-g.jpg</banner>
  <fanart>fanart/original/256204-1.jpg</fanart>
  <lastupdated>1364939581</lastupdated>
  <poster>posters/256204-1.jpg</poster>
  <zap2it_id>EP01568253</zap2it_id>
</Series>
<Episode>
  <id>4325880</id>
  <Combined_episodenumber>1</Combined_episodenumber>
  <Combined_season>1</Combined_season>
  <DVD_chapter></DVD_chapter>
  <DVD_discid></DVD_discid>
  <DVD_episodenumber></DVD_episodenumber>
  <DVD_season></DVD_season>
  <Director>Alex Graves</Director>
  <EpImgFlag>3</EpImgFlag>
  <EpisodeName>Pilot</EpisodeName>
  <EpisodeNumber>1</EpisodeNumber>
  <FirstAired>2012-09-30</FirstAired>
  <GuestStars></GuestStars>
  <IMDB_ID>tt2157840</IMDB_ID>
  <Language>en</Language>
  <Overview>Jane and Henry are offered a chance to manage a premier apartment building in New York; while the couple is seduced by the intoxicating lifestyle of the Upper East Side, supernatural forces in the building make Henry and Jane question their decision.</Overview>
  <ProductionCode>296822</ProductionCode>
  <Rating>7.4</Rating>
  <RatingCount>53</RatingCount>
  <SeasonNumber>1</SeasonNumber>
  <Writer>David Wilcox</Writer>
  <absolute_number>1</absolute_number>
  <filename>episodes/256204/4325880.jpg</filename>
  <lastupdated>1360269455</lastupdated>
  <seasonid>492234</seasonid>
  <seriesid>256204</seriesid>
</Episode>
<Episode>
  <id>4369892</id>
  <Combined_episodenumber>2</Combined_episodenumber>
  <Combined_season>1</Combined_season>
  <DVD_chapter></DVD_chapter>
  <DVD_discid></DVD_discid>
  <DVD_episodenumber></DVD_episodenumber>
  <DVD_season></DVD_season>
  <Director>Robert Duncan McNeill</Director>
  <EpImgFlag>2</EpImgFlag>
  <EpisodeName>Murmurations</EpisodeName>
  <EpisodeNumber>2</EpisodeNumber>
  <FirstAired>2012-10-07</FirstAired>
  <GuestStars></GuestStars>
  <IMDB_ID>tt2382712</IMDB_ID>
  <Language>en</Language>
  <Overview>Jane makes a terrifying discovery behind the walls of the Drake as she renovates Mr. Barlow's apartment; Henry decides whether to give Gavin inside information he has on one of his projects; lonely Danielle has a romantic tryst.</Overview>
  <ProductionCode></ProductionCode>
  <Rating>7.7</Rating>
  <RatingCount>41</RatingCount>
  <SeasonNumber>1</SeasonNumber>
  <Writer>David Wilcox</Writer>
  <absolute_number>2</absolute_number>
  <filename>episodes/256204/4369892.jpg</filename>
  <lastupdated>1360269473</lastupdated>
  <seasonid>492234</seasonid>
  <seriesid>256204</seriesid>
</Episode>
<Episode>
  <id>4369893</id>
  <Combined_episodenumber>3</Combined_episodenumber>
  <Combined_season>1</Combined_season>
  <DVD_chapter></DVD_chapter>
  <DVD_discid></DVD_discid>
  <DVD_episodenumber></DVD_episodenumber>
  <DVD_season></DVD_season>
  <Director>Alex Zakrzewski</Director>
  <EpImgFlag>2</EpImgFlag>
  <EpisodeName>The Dead Don't Stay Dead</EpisodeName>
  <EpisodeNumber>3</EpisodeNumber>
  <FirstAired>2012-10-14</FirstAired>
  <GuestStars></GuestStars>
  <IMDB_ID>tt2382714</IMDB_ID>
  <Language>en</Language>
  <Overview>Jane repeatedly sees glimpses of a what may be an apparition; Gavin grooms Henry for a career change; a young journalist residing at the Drake realizes that anything she writes becomes the truth.
</Overview>
  <ProductionCode></ProductionCode>
  <Rating>7.8</Rating>
  <RatingCount>41</RatingCount>
  <SeasonNumber>1</SeasonNumber>
  <Writer>Matthew Miller</Writer>
  <absolute_number>3</absolute_number>
  <filename>episodes/256204/4369893.jpg</filename>
  <lastupdated>1360269491</lastupdated>
  <seasonid>492234</seasonid>
  <seriesid>256204</seriesid>
</Episode>
<Episode>
  <id>4369894</id>
  <Combined_episodenumber>4</Combined_episodenumber>
  <Combined_season>1</Combined_season>
  <DVD_chapter></DVD_chapter>
  <DVD_discid></DVD_discid>
  <DVD_episodenumber></DVD_episodenumber>
  <DVD_season></DVD_season>
  <Director>John Behring</Director>
  <EpImgFlag>2</EpImgFlag>
  <EpisodeName>Hero Complex</EpisodeName>
  <EpisodeNumber>4</EpisodeNumber>
  <FirstAired>2012-10-21</FirstAired>
  <GuestStars></GuestStars>
  <IMDB_ID>tt2382718</IMDB_ID>
  <Language>en</Language>
  <Overview>Henry must choose between work and friendship when he learns Gavin is under investigation; Jane discovers the thief's identity; the apparition of the little girl issues a warning; Nona has troubling visions of Henry's future.</Overview>
  <ProductionCode></ProductionCode>
  <Rating>7.6</Rating>
  <RatingCount>35</RatingCount>
  <SeasonNumber>1</SeasonNumber>
  <Writer>Elizabeth Craft|Sarah Fain</Writer>
  <absolute_number>4</absolute_number>
  <filename>episodes/256204/4369894.jpg</filename>
  <lastupdated>1360269509</lastupdated>
  <seasonid>492234</seasonid>
  <seriesid>256204</seriesid>
</Episode>
<Episode>
  <id>4378738</id>
  <Combined_episodenumber>5</Combined_episodenumber>
  <Combined_season>1</Combined_season>
  <DVD_chapter></DVD_chapter>
  <DVD_discid></DVD_discid>
  <DVD_episodenumber></DVD_episodenumber>
  <DVD_season></DVD_season>
  <Director>Robert Duncan McNeill</Director>
  <EpImgFlag>2</EpImgFlag>
  <EpisodeName>A Crowd of Demons</EpisodeName>
  <EpisodeNumber>5</EpisodeNumber>
  <FirstAired>2012-10-28</FirstAired>
  <GuestStars></GuestStars>
  <IMDB_ID>tt2370536</IMDB_ID>
  <Language>en</Language>
  <Overview>Olivia's lobby decorations bring to mind the bloody Halloween of 1929; the spirit from the suitcase targets Jane; Gavin receives text messages threatening Olivia; Brian questions Louise about Dr. Evans; something of Gavin's goes missing.</Overview>
  <ProductionCode></ProductionCode>
  <Rating>7.8</Rating>
  <RatingCount>29</RatingCount>
  <SeasonNumber>1</SeasonNumber>
  <Writer>Sonny Postiglione</Writer>
  <absolute_number>5</absolute_number>
  <filename>episodes/256204/4378738.jpg</filename>
  <lastupdated>1360269528</lastupdated>
  <seasonid>492234</seasonid>
  <seriesid>256204</seriesid>
</Episode>
<Episode>
  <id>4401584</id>
  <Combined_episodenumber>6</Combined_episodenumber>
  <Combined_season>1</Combined_season>
  <DVD_chapter></DVD_chapter>
  <DVD_discid></DVD_discid>
  <DVD_episodenumber></DVD_episodenumber>
  <DVD_season></DVD_season>
  <Director>Allison Liddi</Director>
  <EpImgFlag>2</EpImgFlag>
  <EpisodeName>Diabolic</EpisodeName>
  <EpisodeNumber>6</EpisodeNumber>
  <FirstAired>2012-11-04</FirstAired>
  <GuestStars></GuestStars>
  <IMDB_ID></IMDB_ID>
  <Language>en</Language>
  <Overview>Jane is devastated when she doesn't receive much support from Henry or the detectives investigating the terror she experienced; Dr. Evans' gambling addiction leads to him becoming indebted to Gavin.</Overview>
  <ProductionCode></ProductionCode>
  <Rating>7.9</Rating>
  <RatingCount>30</RatingCount>
  <SeasonNumber>1</SeasonNumber>
  <Writer>Christopher Hollier</Writer>
  <absolute_number>6</absolute_number>
  <filename>episodes/256204/4401584.jpg</filename>
  <lastupdated>1360269548</lastupdated>
  <seasonid>492234</seasonid>
  <seriesid>256204</seriesid>
</Episode>
<Episode>
  <id>4401585</id>
  <Combined_episodenumber>7</Combined_episodenumber>
  <Combined_season>1</Combined_season>
  <DVD_chapter></DVD_chapter>
  <DVD_discid></DVD_discid>
  <DVD_episodenumber></DVD_episodenumber>
  <DVD_season></DVD_season>
  <Director>J. Miller Tobin</Director>
  <EpImgFlag>2</EpImgFlag>
  <EpisodeName>Downward Spiral</EpisodeName>
  <EpisodeNumber>7</EpisodeNumber>
  <FirstAired>2012-11-11</FirstAired>
  <GuestStars></GuestStars>
  <IMDB_ID></IMDB_ID>
  <Language>en</Language>
  <Overview>Henry's excitement about his rising political career is tempered by Jane's concerns about staying at The Drake; Brian learns that Alexis has been deceitful; Jane and Nona uncover a secret as they search for Lottie.</Overview>
  <ProductionCode></ProductionCode>
  <Rating>8.0</Rating>
  <RatingCount>28</RatingCount>
  <SeasonNumber>1</SeasonNumber>
  <Writer>Leigh Dana Jackson|Mimi Won Techentin</Writer>
  <absolute_number>7</absolute_number>
  <filename>episodes/256204/4401585.jpg</filename>
  <lastupdated>1360269564</lastupdated>
  <seasonid>492234</seasonid>
  <seriesid>256204</seriesid>
</Episode>
<Episode>
  <id>4401586</id>
  <Combined_episodenumber>8</Combined_episodenumber>
  <Combined_season>1</Combined_season>
  <DVD_chapter></DVD_chapter>
  <DVD_discid></DVD_discid>
  <DVD_episodenumber></DVD_episodenumber>
  <DVD_season></DVD_season>
  <Director>Dean White</Director>
  <EpImgFlag>2</EpImgFlag>
  <EpisodeName>What Ever Happened to Baby Jane?</EpisodeName>
  <EpisodeNumber>8</EpisodeNumber>
  <FirstAired>2012-11-25</FirstAired>
  <GuestStars></GuestStars>
  <IMDB_ID></IMDB_ID>
  <Language>en</Language>
  <Overview>When Jane disappears, a despondent Henry worries for her sanity and safety; Kandinsky tortures Shaw, who reveals shocking information.</Overview>
  <ProductionCode></ProductionCode>
  <Rating>7.6</Rating>
  <RatingCount>20</RatingCount>
  <SeasonNumber>1</SeasonNumber>
  <Writer>Josh Pate</Writer>
  <absolute_number>8</absolute_number>
  <filename>episodes/256204/4401586.jpg</filename>
  <lastupdated>1360269584</lastupdated>
  <seasonid>492234</seasonid>
  <seriesid>256204</seriesid>
</Episode>
<Episode>
  <id>4414409</id>
  <Combined_episodenumber>9</Combined_episodenumber>
  <Combined_season>1</Combined_season>
  <DVD_chapter></DVD_chapter>
  <DVD_discid></DVD_discid>
  <DVD_episodenumber></DVD_episodenumber>
  <DVD_season></DVD_season>
  <Director>Stephen Cragg</Director>
  <EpImgFlag>2</EpImgFlag>
  <EpisodeName>Hypnos</EpisodeName>
  <EpisodeNumber>9</EpisodeNumber>
  <FirstAired>2012-12-02</FirstAired>
  <GuestStars>Whoopi Goldberg</GuestStars>
  <IMDB_ID></IMDB_ID>
  <Language>en</Language>
  <Overview>Jane is sent back in time when she is hypnotized by Maris Elder (Whoopi Goldberg), Henry considers running for city council; Sasha's identity is revealed.</Overview>
  <ProductionCode></ProductionCode>
  <Rating>7.9</Rating>
  <RatingCount>20</RatingCount>
  <SeasonNumber>1</SeasonNumber>
  <Writer>Ellen Fairey|Matthew Tabak</Writer>
  <absolute_number>9</absolute_number>
  <filename>episodes/256204/4414409.jpg</filename>
  <lastupdated>1360269600</lastupdated>
  <seasonid>492234</seasonid>
  <seriesid>256204</seriesid>
</Episode>
<Episode>
  <id>4414408</id>
  <Combined_episodenumber>10</Combined_episodenumber>
  <Combined_season>1</Combined_season>
  <DVD_chapter></DVD_chapter>
  <DVD_discid></DVD_discid>
  <DVD_episodenumber></DVD_episodenumber>
  <DVD_season></DVD_season>
  <Director>John Terlesky</Director>
  <EpImgFlag>2</EpImgFlag>
  <EpisodeName>The Comfort of Death</EpisodeName>
  <EpisodeNumber>10</EpisodeNumber>
  <FirstAired>2013-01-29</FirstAired>
  <GuestStars></GuestStars>
  <IMDB_ID></IMDB_ID>
  <Language>en</Language>
  <Overview>Jane's disturbing dreams keep fusing with reality, but many Drake residents have reason to celebrate. Gavin and Olivia are thrilled and grateful that Sasha (a.k.a., Laurel Harris) has returned; Olivia connects Louise with a great opportunity to work for a top magazine, and Brian is close to making a deal with a producer for his play. Meanwhile, Alexis' overwhelming guilt over her indiscretion with Brian drives her to find an escape clause in her deal with Gavin. Finally, the Dorans plan a big kick-off fund raiser to introduce Henry into the political world, and Jane, propelled by her dreams, visits an ancient Harlan Moore to learn more about Peter Kramer's journal and The Drake's history.</Overview>
  <ProductionCode></ProductionCode>
  <Rating>7.4</Rating>
  <RatingCount>13</RatingCount>
  <SeasonNumber>1</SeasonNumber>
  <Writer>Vincent Angell</Writer>
  <absolute_number>10</absolute_number>
  <filename>episodes/256204/4414408.jpg</filename>
  <lastupdated>1362595408</lastupdated>
  <seasonid>492234</seasonid>
  <seriesid>256204</seriesid>
</Episode>
<Episode>
  <id>4437748</id>
  <Combined_episodenumber>11</Combined_episodenumber>
  <Combined_season>1</Combined_season>
  <DVD_chapter></DVD_chapter>
  <DVD_discid></DVD_discid>
  <DVD_episodenumber></DVD_episodenumber>
  <DVD_season></DVD_season>
  <Director>Omar Madha</Director>
  <EpImgFlag>2</EpImgFlag>
  <EpisodeName>Sins of Our Father</EpisodeName>
  <EpisodeNumber>11</EpisodeNumber>
  <FirstAired>2013-02-05</FirstAired>
  <GuestStars></GuestStars>
  <IMDB_ID></IMDB_ID>
  <Language>en</Language>
  <Overview>Sasha lays out her plan to get Henry elected, which includes his speaking at the Dorans’ local church. She secretly offers Father Douglas a disturbing arrangement to rid himself of the demons who have tormented him since being tempted to open Gavin’s red box. Meanwhile an enigmatic new tenant who may have ulterior motives moves into the Drake. Brian is still upset with Louise for her relapse into substance abuse while, simultaneously, Alexis plots her revenge on Louise after she discovers they’ve crossed paths in the past.</Overview>
  <ProductionCode></ProductionCode>
  <Rating>7.6</Rating>
  <RatingCount>14</RatingCount>
  <SeasonNumber>1</SeasonNumber>
  <Writer>David Wilcox &amp; Adria Lang</Writer>
  <absolute_number>11</absolute_number>
  <filename>episodes/256204/4437748.jpg</filename>
  <lastupdated>1362595426</lastupdated>
  <seasonid>492234</seasonid>
  <seriesid>256204</seriesid>
</Episode>
<Episode>
  <id>4437749</id>
  <Combined_episodenumber>12.0</Combined_episodenumber>
  <Combined_season>1</Combined_season>
  <DVD_chapter></DVD_chapter>
  <DVD_discid></DVD_discid>
  <DVD_episodenumber>12.0</DVD_episodenumber>
  <DVD_season>1</DVD_season>
  <Director></Director>
  <EpImgFlag>1</EpImgFlag>
  <EpisodeName>The Elysian Fields</EpisodeName>
  <EpisodeNumber>12</EpisodeNumber>
  <FirstAired>2013-02-12</FirstAired>
  <GuestStars></GuestStars>
  <IMDB_ID>tt2543606</IMDB_ID>
  <Language>en</Language>
  <Overview>Jane tries to figure out who or what the Conspiratii is; Henry seaches for Jane's estranged father; Louise learns the truth about Alexis' hatred for her.</Overview>
  <ProductionCode></ProductionCode>
  <Rating>7.5</Rating>
  <RatingCount>6</RatingCount>
  <SeasonNumber>1</SeasonNumber>
  <Writer></Writer>
  <absolute_number>12</absolute_number>
  <filename>episodes/256204/4437749.jpg</filename>
  <lastupdated>1362862181</lastupdated>
  <seasonid>492234</seasonid>
  <seriesid>256204</seriesid>
</Episode>
<Episode>
  <id>4444668</id>
  <Combined_episodenumber>13.0</Combined_episodenumber>
  <Combined_season>1</Combined_season>
  <DVD_chapter></DVD_chapter>
  <DVD_discid></DVD_discid>
  <DVD_episodenumber>13.0</DVD_episodenumber>
  <DVD_season>1</DVD_season>
  <Director></Director>
  <EpImgFlag>1</EpImgFlag>
  <EpisodeName>Lazarus</EpisodeName>
  <EpisodeNumber>13</EpisodeNumber>
  <FirstAired>2013-02-19</FirstAired>
  <GuestStars></GuestStars>
  <IMDB_ID>tt2567420</IMDB_ID>
  <Language>en</Language>
  <Overview>Brian and Louise are discussing what to do with Alexis's body. Henry refuses to get into dirty politics. Jane's father returns to the Drake and tries to take her away at gunpoint.</Overview>
  <ProductionCode></ProductionCode>
  <Rating>7.8</Rating>
  <RatingCount>6</RatingCount>
  <SeasonNumber>1</SeasonNumber>
  <Writer></Writer>
  <absolute_number>13</absolute_number>
  <filename>episodes/256204/4444668.jpg</filename>
  <lastupdated>1362862154</lastupdated>
  <seasonid>492234</seasonid>
  <seriesid>256204</seriesid>
</Episode>
</Data>