<?xml version="1.0" encoding="UTF-8" ?>
<Actors>
<Actor>
  <id>55258</id>
  <Image>actors/55258.jpg</Image>
  <Name>David Duchovny</Name>
  <Role>Fox Mulder</Role>
  <SortOrder>0</SortOrder>
</Actor>
<Actor>
  <id>55257</id>
  <Image>actors/55257.jpg</Image>
  <Name>Gillian Anderson</Name>
  <Role>Dana Scully</Role>
  <SortOrder>1</SortOrder>
</Actor>
<Actor>
  <id>55259</id>
  <Image>actors/55259.jpg</Image>
  <Name>Robert Patrick</Name>
  <Role>John Doggett</Role>
  <SortOrder>2</SortOrder>
</Actor>
<Actor>
  <id>55256</id>
  <Image>actors/55256.jpg</Image>
  <Name>Mitch Pileggi</Name>
  <Role>Walter Skinner</Role>
  <SortOrder>2</SortOrder>
</Actor>
<Actor>
  <id>55255</id>
  <Image>actors/55255.jpg</Image>
  <Name>Annabeth Gish</Name>
  <Role>Monica Reyes</Role>
  <SortOrder>3</SortOrder>
</Actor>
<Actor>
  <id>296271</id>
  <Image>actors/296271.jpg</Image>
  <Name>Cary Elwes</Name>
  <Role>FBI Assistant Director Brad Follmer</Role>
  <SortOrder>3</SortOrder>
</Actor>
<Actor>
  <id>294621</id>
  <Image>actors/294621.jpg</Image>
  <Name>James Pickens Jr.</Name>
  <Role>Alvin Kursh</Role>
  <SortOrder>3</SortOrder>
</Actor>
<Actor>
  <id>219751</id>
  <Image>actors/219751.jpg</Image>
  <Name>Nicholas Lea</Name>
  <Role>Alex Krycek</Role>
  <SortOrder>3</SortOrder>
</Actor>
<Actor>
  <id>216111</id>
  <Image>actors/216111.jpg</Image>
  <Name>William B. Davis</Name>
  <Role>Cigarette Smoking Man</Role>
  <SortOrder>3</SortOrder>
</Actor>
<Actor>
  <id>216101</id>
  <Image>actors/216101.jpg</Image>
  <Name>Tom Braidwood</Name>
  <Role>Melvin Frohike</Role>
  <SortOrder>3</SortOrder>
</Actor>
<Actor>
  <id>216091</id>
  <Image>actors/216091.jpg</Image>
  <Name>Bruce Harwood</Name>
  <Role>John Byers</Role>
  <SortOrder>3</SortOrder>
</Actor>
<Actor>
  <id>216081</id>
  <Image>actors/216081.jpg</Image>
  <Name>Dean Haglund</Name>
  <Role>Richard &quot;Ringo&quot; Langly</Role>
  <SortOrder>3</SortOrder>
</Actor>
</Actors>