<?xml version="1.0" encoding="UTF-8" ?>
<Actors>
<Actor>
  <id>78003</id>
  <Image>actors/78003.jpg</Image>
  <Name>Eliza Dushku</Name>
  <Role>Echo</Role>
  <SortOrder>0</SortOrder>
</Actor>
<Actor>
  <id>78486</id>
  <Image>actors/78486.jpg</Image>
  <Name>Olivia Williams</Name>
  <Role>Adelle DeWitt</Role>
  <SortOrder>3</SortOrder>
</Actor>
<Actor>
  <id>78485</id>
  <Image>actors/78485.jpg</Image>
  <Name>Tahmoh Penikett</Name>
  <Role>Paul Ballard</Role>
  <SortOrder>3</SortOrder>
</Actor>
<Actor>
  <id>78484</id>
  <Image>actors/78484.jpg</Image>
  <Name>Harry J. Lennix</Name>
  <Role>Boyd Langton</Role>
  <SortOrder>3</SortOrder>
</Actor>
<Actor>
  <id>78483</id>
  <Image>actors/78483.jpg</Image>
  <Name>Dichen Lachman</Name>
  <Role>Sierra</Role>
  <SortOrder>3</SortOrder>
</Actor>
<Actor>
  <id>78482</id>
  <Image>actors/78482.jpg</Image>
  <Name>Fran Kranz</Name>
  <Role>Topher Brink</Role>
  <SortOrder>3</SortOrder>
</Actor>
<Actor>
  <id>78481</id>
  <Image>actors/78481.jpg</Image>
  <Name>Enver Gjokaj</Name>
  <Role>Victor</Role>
  <SortOrder>3</SortOrder>
</Actor>
<Actor>
  <id>150001</id>
  <Image>actors/150001.jpg</Image>
  <Name>Keith Carradine</Name>
  <Role>Matthew Harding</Role>
  <SortOrder>3</SortOrder>
</Actor>
<Actor>
  <id>149991</id>
  <Image>actors/149991.jpg</Image>
  <Name>Alan Tudyk</Name>
  <Role>Alpha</Role>
  <SortOrder>3</SortOrder>
</Actor>
<Actor>
  <id>149981</id>
  <Image>actors/149981.jpg</Image>
  <Name>Summer Glau</Name>
  <Role>Bennett Halverson</Role>
  <SortOrder>3</SortOrder>
</Actor>
<Actor>
  <id>149971</id>
  <Image>actors/149971.jpg</Image>
  <Name>Alexis Denisof</Name>
  <Role>Senator Daniel Perrin</Role>
  <SortOrder>3</SortOrder>
</Actor>
<Actor>
  <id>140371</id>
  <Image>actors/140371.jpg</Image>
  <Name>Reed Diamond</Name>
  <Role>Laurence Dominic</Role>
  <SortOrder>3</SortOrder>
</Actor>
<Actor>
  <id>138861</id>
  <Image>actors/138861.jpg</Image>
  <Name>Miracle Laurie</Name>
  <Role>Mellie</Role>
  <SortOrder>3</SortOrder>
</Actor>
<Actor>
  <id>138851</id>
  <Image>actors/138851.jpg</Image>
  <Name>Amy Acker</Name>
  <Role>Dr. Claire Saunders</Role>
  <SortOrder>3</SortOrder>
</Actor>
</Actors>