<?xml version="1.0" encoding="UTF-8" ?>
<Banners>
<Banner>
  <id>23403</id>
  <BannerPath>fanart/original/82046-1.jpg</BannerPath>
  <BannerType>fanart</BannerType>
  <BannerType2>1920x1080</BannerType2>
  <Colors>|250,246,221|36,30,32|161,120,100|</Colors>
  <Language>en</Language>
  <Rating>7.0455</Rating>
  <RatingCount>22</RatingCount>
  <SeriesName>false</SeriesName>
  <ThumbnailPath>_cache/fanart/original/82046-1.jpg</ThumbnailPath>
  <VignettePath>fanart/vignette/82046-1.jpg</VignettePath>
</Banner>
<Banner>
  <id>886193</id>
  <BannerPath>fanart/original/82046-41.jpg</BannerPath>
  <BannerType>fanart</BannerType>
  <BannerType2>1920x1080</BannerType2>
  <Colors></Colors>
  <Language>fr</Language>
  <Rating>7.0000</Rating>
  <RatingCount>1</RatingCount>
  <SeriesName>true</SeriesName>
  <ThumbnailPath>_cache/fanart/original/82046-41.jpg</ThumbnailPath>
  <VignettePath>fanart/vignette/82046-41.jpg</VignettePath>
</Banner>
<Banner>
  <id>36641</id>
  <BannerPath>fanart/original/82046-6.jpg</BannerPath>
  <BannerType>fanart</BannerType>
  <BannerType2>1920x1080</BannerType2>
  <Colors>|255,255,255|42,37,44|184,180,168|</Colors>
  <Language>en</Language>
  <Rating>7.0000</Rating>
  <RatingCount>19</RatingCount>
  <SeriesName>false</SeriesName>
  <ThumbnailPath>_cache/fanart/original/82046-6.jpg</ThumbnailPath>
  <VignettePath>fanart/vignette/82046-6.jpg</VignettePath>
</Banner>
<Banner>
  <id>33351</id>
  <BannerPath>fanart/original/82046-3.jpg</BannerPath>
  <BannerType>fanart</BannerType>
  <BannerType2>1920x1080</BannerType2>
  <Colors>|225,190,108|0,0,0|133,113,114|</Colors>
  <Language>en</Language>
  <Rating>6.8889</Rating>
  <RatingCount>18</RatingCount>
  <SeriesName>false</SeriesName>
  <ThumbnailPath>_cache/fanart/original/82046-3.jpg</ThumbnailPath>
  <VignettePath>fanart/vignette/82046-3.jpg</VignettePath>
</Banner>
<Banner>
  <id>210401</id>
  <BannerPath>fanart/original/82046-16.jpg</BannerPath>
  <BannerType>fanart</BannerType>
  <BannerType2>1920x1080</BannerType2>
  <Colors>|255,255,255|255,255,255|255,255,255|</Colors>
  <Language>en</Language>
  <Rating>6.8333</Rating>
  <RatingCount>6</RatingCount>
  <SeriesName>false</SeriesName>
  <ThumbnailPath>_cache/fanart/original/82046-16.jpg</ThumbnailPath>
  <VignettePath>fanart/vignette/82046-16.jpg</VignettePath>
</Banner>
<Banner>
  <id>203611</id>
  <BannerPath>fanart/original/82046-24.jpg</BannerPath>
  <BannerType>fanart</BannerType>
  <BannerType2>1920x1080</BannerType2>
  <Colors>|103,96,80|16,16,26|154,139,118|</Colors>
  <Language>de</Language>
  <Rating>6.6667</Rating>
  <RatingCount>12</RatingCount>
  <SeriesName>false</SeriesName>
  <ThumbnailPath>_cache/fanart/original/82046-24.jpg</ThumbnailPath>
  <VignettePath>fanart/vignette/82046-24.jpg</VignettePath>
</Banner>
<Banner>
  <id>139421</id>
  <BannerPath>fanart/original/82046-20.jpg</BannerPath>
  <BannerType>fanart</BannerType>
  <BannerType2>1920x1080</BannerType2>
  <Colors></Colors>
  <Language>en</Language>
  <Rating>6.5000</Rating>
  <RatingCount>10</RatingCount>
  <SeriesName>false</SeriesName>
  <ThumbnailPath>_cache/fanart/original/82046-20.jpg</ThumbnailPath>
  <VignettePath>fanart/vignette/82046-20.jpg</VignettePath>
</Banner>
<Banner>
  <id>217641</id>
  <BannerPath>fanart/original/82046-28.jpg</BannerPath>
  <BannerType>fanart</BannerType>
  <BannerType2>1920x1080</BannerType2>
  <Colors></Colors>
  <Language>de</Language>
  <Rating>6.4000</Rating>
  <RatingCount>5</RatingCount>
  <SeriesName>true</SeriesName>
  <ThumbnailPath>_cache/fanart/original/82046-28.jpg</ThumbnailPath>
  <VignettePath>fanart/vignette/82046-28.jpg</VignettePath>
</Banner>
<Banner>
  <id>912224</id>
  <BannerPath>fanart/original/82046-7.jpg</BannerPath>
  <BannerType>fanart</BannerType>
  <BannerType2>1920x1080</BannerType2>
  <Colors></Colors>
  <Language>en</Language>
  <Rating>6.4000</Rating>
  <RatingCount>5</RatingCount>
  <SeriesName>false</SeriesName>
  <ThumbnailPath>_cache/fanart/original/82046-7.jpg</ThumbnailPath>
  <VignettePath>fanart/vignette/82046-7.jpg</VignettePath>
</Banner>
<Banner>
  <id>229771</id>
  <BannerPath>fanart/original/82046-37.jpg</BannerPath>
  <BannerType>fanart</BannerType>
  <BannerType2>1920x1080</BannerType2>
  <Colors></Colors>
  <Language>en</Language>
  <Rating>6.2500</Rating>
  <RatingCount>4</RatingCount>
  <SeriesName>false</SeriesName>
  <ThumbnailPath>_cache/fanart/original/82046-37.jpg</ThumbnailPath>
  <VignettePath>fanart/vignette/82046-37.jpg</VignettePath>
</Banner>
<Banner>
  <id>85131</id>
  <BannerPath>fanart/original/82046-13.jpg</BannerPath>
  <BannerType>fanart</BannerType>
  <BannerType2>1920x1080</BannerType2>
  <Colors></Colors>
  <Language>en</Language>
  <Rating>6.2000</Rating>
  <RatingCount>5</RatingCount>
  <SeriesName>false</SeriesName>
  <ThumbnailPath>_cache/fanart/original/82046-13.jpg</ThumbnailPath>
  <VignettePath>fanart/vignette/82046-13.jpg</VignettePath>
</Banner>
<Banner>
  <id>886196</id>
  <BannerPath>fanart/original/82046-47.jpg</BannerPath>
  <BannerType>fanart</BannerType>
  <BannerType2>1920x1080</BannerType2>
  <Colors></Colors>
  <Language>fr</Language>
  <Rating>6.0000</Rating>
  <RatingCount>4</RatingCount>
  <SeriesName>true</SeriesName>
  <ThumbnailPath>_cache/fanart/original/82046-47.jpg</ThumbnailPath>
  <VignettePath>fanart/vignette/82046-47.jpg</VignettePath>
</Banner>
<Banner>
  <id>886197</id>
  <BannerPath>fanart/original/82046-48.jpg</BannerPath>
  <BannerType>fanart</BannerType>
  <BannerType2>1920x1080</BannerType2>
  <Colors></Colors>
  <Language>fr</Language>
  <Rating>6.0000</Rating>
  <RatingCount>1</RatingCount>
  <SeriesName>true</SeriesName>
  <ThumbnailPath>_cache/fanart/original/82046-48.jpg</ThumbnailPath>
  <VignettePath>fanart/vignette/82046-48.jpg</VignettePath>
</Banner>
<Banner>
  <id>214161</id>
  <BannerPath>fanart/original/82046-27.jpg</BannerPath>
  <BannerType>fanart</BannerType>
  <BannerType2>1920x1080</BannerType2>
  <Colors></Colors>
  <Language>de</Language>
  <Rating>6.0000</Rating>
  <RatingCount>4</RatingCount>
  <SeriesName>false</SeriesName>
  <ThumbnailPath>_cache/fanart/original/82046-27.jpg</ThumbnailPath>
  <VignettePath>fanart/vignette/82046-27.jpg</VignettePath>
</Banner>
<Banner>
  <id>258121</id>
  <BannerPath>fanart/original/82046-9.jpg</BannerPath>
  <BannerType>fanart</BannerType>
  <BannerType2>1920x1080</BannerType2>
  <Colors></Colors>
  <Language>en</Language>
  <Rating>5.8571</Rating>
  <RatingCount>7</RatingCount>
  <SeriesName>false</SeriesName>
  <ThumbnailPath>_cache/fanart/original/82046-9.jpg</ThumbnailPath>
  <VignettePath>fanart/vignette/82046-9.jpg</VignettePath>
</Banner>
<Banner>
  <id>82391</id>
  <BannerPath>fanart/original/82046-12.jpg</BannerPath>
  <BannerType>fanart</BannerType>
  <BannerType2>1920x1080</BannerType2>
  <Colors></Colors>
  <Language>en</Language>
  <Rating>5.6667</Rating>
  <RatingCount>6</RatingCount>
  <SeriesName>false</SeriesName>
  <ThumbnailPath>_cache/fanart/original/82046-12.jpg</ThumbnailPath>
  <VignettePath>fanart/vignette/82046-12.jpg</VignettePath>
</Banner>
<Banner>
  <id>34484</id>
  <BannerPath>fanart/original/82046-4.jpg</BannerPath>
  <BannerType>fanart</BannerType>
  <BannerType2>1280x720</BannerType2>
  <Colors>|255,255,255|0,0,0|155,89,65|</Colors>
  <Language>en</Language>
  <Rating>5.6000</Rating>
  <RatingCount>5</RatingCount>
  <SeriesName>false</SeriesName>
  <ThumbnailPath>_cache/fanart/original/82046-4.jpg</ThumbnailPath>
  <VignettePath>fanart/vignette/82046-4.jpg</VignettePath>
</Banner>
<Banner>
  <id>203621</id>
  <BannerPath>fanart/original/82046-25.jpg</BannerPath>
  <BannerType>fanart</BannerType>
  <BannerType2>1920x1080</BannerType2>
  <Colors></Colors>
  <Language>de</Language>
  <Rating>5.5000</Rating>
  <RatingCount>4</RatingCount>
  <SeriesName>false</SeriesName>
  <ThumbnailPath>_cache/fanart/original/82046-25.jpg</ThumbnailPath>
  <VignettePath>fanart/vignette/82046-25.jpg</VignettePath>
</Banner>
<Banner>
  <id>218281</id>
  <BannerPath>fanart/original/82046-29.jpg</BannerPath>
  <BannerType>fanart</BannerType>
  <BannerType2>1920x1080</BannerType2>
  <Colors></Colors>
  <Language>en</Language>
  <Rating>5.5000</Rating>
  <RatingCount>4</RatingCount>
  <SeriesName>false</SeriesName>
  <ThumbnailPath>_cache/fanart/original/82046-29.jpg</ThumbnailPath>
  <VignettePath>fanart/vignette/82046-29.jpg</VignettePath>
</Banner>
<Banner>
  <id>36741</id>
  <BannerPath>fanart/original/82046-8.jpg</BannerPath>
  <BannerType>fanart</BannerType>
  <BannerType2>1920x1080</BannerType2>
  <Colors>|251,251,251|154,108,85|152,113,84|</Colors>
  <Language>en</Language>
  <Rating>5.4286</Rating>
  <RatingCount>7</RatingCount>
  <SeriesName>false</SeriesName>
  <ThumbnailPath>_cache/fanart/original/82046-8.jpg</ThumbnailPath>
  <VignettePath>fanart/vignette/82046-8.jpg</VignettePath>
</Banner>
<Banner>
  <id>229111</id>
  <BannerPath>fanart/original/82046-33.jpg</BannerPath>
  <BannerType>fanart</BannerType>
  <BannerType2>1920x1080</BannerType2>
  <Colors>|0,7,9|3,9,9|254,206,204|</Colors>
  <Language>de</Language>
  <Rating>5.3333</Rating>
  <RatingCount>3</RatingCount>
  <SeriesName>false</SeriesName>
  <ThumbnailPath>_cache/fanart/original/82046-33.jpg</ThumbnailPath>
  <VignettePath>fanart/vignette/82046-33.jpg</VignettePath>
</Banner>
<Banner>
  <id>111951</id>
  <BannerPath>fanart/original/82046-15.jpg</BannerPath>
  <BannerType>fanart</BannerType>
  <BannerType2>1920x1080</BannerType2>
  <Colors>|208,230,254|7,7,77|87,108,235|</Colors>
  <Language>en</Language>
  <Rating>5.2000</Rating>
  <RatingCount>5</RatingCount>
  <SeriesName>false</SeriesName>
  <ThumbnailPath>_cache/fanart/original/82046-15.jpg</ThumbnailPath>
  <VignettePath>fanart/vignette/82046-15.jpg</VignettePath>
</Banner>
<Banner>
  <id>229121</id>
  <BannerPath>fanart/original/82046-34.jpg</BannerPath>
  <BannerType>fanart</BannerType>
  <BannerType2>1920x1080</BannerType2>
  <Colors></Colors>
  <Language>de</Language>
  <Rating>5.0000</Rating>
  <RatingCount>5</RatingCount>
  <SeriesName>false</SeriesName>
  <ThumbnailPath>_cache/fanart/original/82046-34.jpg</ThumbnailPath>
  <VignettePath>fanart/vignette/82046-34.jpg</VignettePath>
</Banner>
<Banner>
  <id>111941</id>
  <BannerPath>fanart/original/82046-14.jpg</BannerPath>
  <BannerType>fanart</BannerType>
  <BannerType2>1920x1080</BannerType2>
  <Colors>|255,255,255|0,0,0|105,106,111|</Colors>
  <Language>en</Language>
  <Rating>4.8333</Rating>
  <RatingCount>6</RatingCount>
  <SeriesName>false</SeriesName>
  <ThumbnailPath>_cache/fanart/original/82046-14.jpg</ThumbnailPath>
  <VignettePath>fanart/vignette/82046-14.jpg</VignettePath>
</Banner>
<Banner>
  <id>235641</id>
  <BannerPath>fanart/original/82046-26.jpg</BannerPath>
  <BannerType>fanart</BannerType>
  <BannerType2>1280x720</BannerType2>
  <Colors></Colors>
  <Language>en</Language>
  <Rating>4.5000</Rating>
  <RatingCount>4</RatingCount>
  <SeriesName>true</SeriesName>
  <ThumbnailPath>_cache/fanart/original/82046-26.jpg</ThumbnailPath>
  <VignettePath>fanart/vignette/82046-26.jpg</VignettePath>
</Banner>
<Banner>
  <id>229131</id>
  <BannerPath>fanart/original/82046-35.jpg</BannerPath>
  <BannerType>fanart</BannerType>
  <BannerType2>1920x1080</BannerType2>
  <Colors></Colors>
  <Language>en</Language>
  <Rating>4.2500</Rating>
  <RatingCount>4</RatingCount>
  <SeriesName>true</SeriesName>
  <ThumbnailPath>_cache/fanart/original/82046-35.jpg</ThumbnailPath>
  <VignettePath>fanart/vignette/82046-35.jpg</VignettePath>
</Banner>
<Banner>
  <id>134061</id>
  <BannerPath>fanart/original/82046-18.jpg</BannerPath>
  <BannerType>fanart</BannerType>
  <BannerType2>1920x1080</BannerType2>
  <Colors></Colors>
  <Language>en</Language>
  <Rating>4.0000</Rating>
  <RatingCount>4</RatingCount>
  <SeriesName>false</SeriesName>
  <ThumbnailPath>_cache/fanart/original/82046-18.jpg</ThumbnailPath>
  <VignettePath>fanart/vignette/82046-18.jpg</VignettePath>
</Banner>
<Banner>
  <id>195311</id>
  <BannerPath>fanart/original/82046-23.jpg</BannerPath>
  <BannerType>fanart</BannerType>
  <BannerType2>1920x1080</BannerType2>
  <Colors></Colors>
  <Language>en</Language>
  <Rating>4.0000</Rating>
  <RatingCount>4</RatingCount>
  <SeriesName>false</SeriesName>
  <ThumbnailPath>_cache/fanart/original/82046-23.jpg</ThumbnailPath>
  <VignettePath>fanart/vignette/82046-23.jpg</VignettePath>
</Banner>
<Banner>
  <id>384411</id>
  <BannerPath>fanart/original/82046-43.jpg</BannerPath>
  <BannerType>fanart</BannerType>
  <BannerType2>1280x720</BannerType2>
  <Colors></Colors>
  <Language>en</Language>
  <Rating>4.0000</Rating>
  <RatingCount>2</RatingCount>
  <SeriesName>false</SeriesName>
  <ThumbnailPath>_cache/fanart/original/82046-43.jpg</ThumbnailPath>
  <VignettePath>fanart/vignette/82046-43.jpg</VignettePath>
</Banner>
<Banner>
  <id>43195</id>
  <BannerPath>fanart/original/82046-10.jpg</BannerPath>
  <BannerType>fanart</BannerType>
  <BannerType2>1280x720</BannerType2>
  <Colors></Colors>
  <Language>en</Language>
  <Rating>4.0000</Rating>
  <RatingCount>7</RatingCount>
  <SeriesName>false</SeriesName>
  <ThumbnailPath>_cache/fanart/original/82046-10.jpg</ThumbnailPath>
  <VignettePath>fanart/vignette/82046-10.jpg</VignettePath>
</Banner>
<Banner>
  <id>384431</id>
  <BannerPath>fanart/original/82046-44.jpg</BannerPath>
  <BannerType>fanart</BannerType>
  <BannerType2>1920x1080</BannerType2>
  <Colors></Colors>
  <Language>en</Language>
  <Rating>4.0000</Rating>
  <RatingCount>2</RatingCount>
  <SeriesName>false</SeriesName>
  <ThumbnailPath>_cache/fanart/original/82046-44.jpg</ThumbnailPath>
  <VignettePath>fanart/vignette/82046-44.jpg</VignettePath>
</Banner>
<Banner>
  <id>183931</id>
  <BannerPath>fanart/original/82046-2.jpg</BannerPath>
  <BannerType>fanart</BannerType>
  <BannerType2>1280x720</BannerType2>
  <Colors></Colors>
  <Language>de</Language>
  <Rating>4.0000</Rating>
  <RatingCount>3</RatingCount>
  <SeriesName>false</SeriesName>
  <ThumbnailPath>_cache/fanart/original/82046-2.jpg</ThumbnailPath>
  <VignettePath>fanart/vignette/82046-2.jpg</VignettePath>
</Banner>
<Banner>
  <id>244711</id>
  <BannerPath>fanart/original/82046-36.jpg</BannerPath>
  <BannerType>fanart</BannerType>
  <BannerType2>1280x720</BannerType2>
  <Colors></Colors>
  <Language>en</Language>
  <Rating>3.7500</Rating>
  <RatingCount>4</RatingCount>
  <SeriesName>false</SeriesName>
  <ThumbnailPath>_cache/fanart/original/82046-36.jpg</ThumbnailPath>
  <VignettePath>fanart/vignette/82046-36.jpg</VignettePath>
</Banner>
<Banner>
  <id>384441</id>
  <BannerPath>fanart/original/82046-45.jpg</BannerPath>
  <BannerType>fanart</BannerType>
  <BannerType2>1920x1080</BannerType2>
  <Colors></Colors>
  <Language>en</Language>
  <Rating>3.6667</Rating>
  <RatingCount>3</RatingCount>
  <SeriesName>false</SeriesName>
  <ThumbnailPath>_cache/fanart/original/82046-45.jpg</ThumbnailPath>
  <VignettePath>fanart/vignette/82046-45.jpg</VignettePath>
</Banner>
<Banner>
  <id>190851</id>
  <BannerPath>fanart/original/82046-22.jpg</BannerPath>
  <BannerType>fanart</BannerType>
  <BannerType2>1280x720</BannerType2>
  <Colors></Colors>
  <Language>en</Language>
  <Rating>3.6667</Rating>
  <RatingCount>3</RatingCount>
  <SeriesName>true</SeriesName>
  <ThumbnailPath>_cache/fanart/original/82046-22.jpg</ThumbnailPath>
  <VignettePath>fanart/vignette/82046-22.jpg</VignettePath>
</Banner>
<Banner>
  <id>226031</id>
  <BannerPath>fanart/original/82046-31.jpg</BannerPath>
  <BannerType>fanart</BannerType>
  <BannerType2>1280x720</BannerType2>
  <Colors></Colors>
  <Language>de</Language>
  <Rating>3.5000</Rating>
  <RatingCount>4</RatingCount>
  <SeriesName>false</SeriesName>
  <ThumbnailPath>_cache/fanart/original/82046-31.jpg</ThumbnailPath>
  <VignettePath>fanart/vignette/82046-31.jpg</VignettePath>
</Banner>
<Banner>
  <id>262441</id>
  <BannerPath>fanart/original/82046-38.jpg</BannerPath>
  <BannerType>fanart</BannerType>
  <BannerType2>1280x720</BannerType2>
  <Colors></Colors>
  <Language>en</Language>
  <Rating>3.5000</Rating>
  <RatingCount>2</RatingCount>
  <SeriesName>true</SeriesName>
  <ThumbnailPath>_cache/fanart/original/82046-38.jpg</ThumbnailPath>
  <VignettePath>fanart/vignette/82046-38.jpg</VignettePath>
</Banner>
<Banner>
  <id>134071</id>
  <BannerPath>fanart/original/82046-19.jpg</BannerPath>
  <BannerType>fanart</BannerType>
  <BannerType2>1920x1080</BannerType2>
  <Colors></Colors>
  <Language>en</Language>
  <Rating>3.5000</Rating>
  <RatingCount>4</RatingCount>
  <SeriesName>false</SeriesName>
  <ThumbnailPath>_cache/fanart/original/82046-19.jpg</ThumbnailPath>
  <VignettePath>fanart/vignette/82046-19.jpg</VignettePath>
</Banner>
<Banner>
  <id>43410</id>
  <BannerPath>fanart/original/82046-11.jpg</BannerPath>
  <BannerType>fanart</BannerType>
  <BannerType2>1280x720</BannerType2>
  <Colors></Colors>
  <Language>en</Language>
  <Rating>3.4444</Rating>
  <RatingCount>9</RatingCount>
  <SeriesName>false</SeriesName>
  <ThumbnailPath>_cache/fanart/original/82046-11.jpg</ThumbnailPath>
  <VignettePath>fanart/vignette/82046-11.jpg</VignettePath>
</Banner>
<Banner>
  <id>134051</id>
  <BannerPath>fanart/original/82046-17.jpg</BannerPath>
  <BannerType>fanart</BannerType>
  <BannerType2>1920x1080</BannerType2>
  <Colors></Colors>
  <Language>en</Language>
  <Rating>3.4000</Rating>
  <RatingCount>5</RatingCount>
  <SeriesName>false</SeriesName>
  <ThumbnailPath>_cache/fanart/original/82046-17.jpg</ThumbnailPath>
  <VignettePath>fanart/vignette/82046-17.jpg</VignettePath>
</Banner>
<Banner>
  <id>226021</id>
  <BannerPath>fanart/original/82046-30.jpg</BannerPath>
  <BannerType>fanart</BannerType>
  <BannerType2>1280x720</BannerType2>
  <Colors>|121,109,83|252,252,252|212,173,142|</Colors>
  <Language>en</Language>
  <Rating>3.3333</Rating>
  <RatingCount>3</RatingCount>
  <SeriesName>true</SeriesName>
  <ThumbnailPath>_cache/fanart/original/82046-30.jpg</ThumbnailPath>
  <VignettePath>fanart/vignette/82046-30.jpg</VignettePath>
</Banner>
<Banner>
  <id>226041</id>
  <BannerPath>fanart/original/82046-32.jpg</BannerPath>
  <BannerType>fanart</BannerType>
  <BannerType2>1280x720</BannerType2>
  <Colors></Colors>
  <Language>en</Language>
  <Rating>3.3333</Rating>
  <RatingCount>3</RatingCount>
  <SeriesName>true</SeriesName>
  <ThumbnailPath>_cache/fanart/original/82046-32.jpg</ThumbnailPath>
  <VignettePath>fanart/vignette/82046-32.jpg</VignettePath>
</Banner>
<Banner>
  <id>262451</id>
  <BannerPath>fanart/original/82046-39.jpg</BannerPath>
  <BannerType>fanart</BannerType>
  <BannerType2>1280x720</BannerType2>
  <Colors></Colors>
  <Language>en</Language>
  <Rating>3.3333</Rating>
  <RatingCount>3</RatingCount>
  <SeriesName>true</SeriesName>
  <ThumbnailPath>_cache/fanart/original/82046-39.jpg</ThumbnailPath>
  <VignettePath>fanart/vignette/82046-39.jpg</VignettePath>
</Banner>
<Banner>
  <id>244691</id>
  <BannerPath>fanart/original/82046-5.jpg</BannerPath>
  <BannerType>fanart</BannerType>
  <BannerType2>1280x720</BannerType2>
  <Colors></Colors>
  <Language>en</Language>
  <Rating>3.0000</Rating>
  <RatingCount>3</RatingCount>
  <SeriesName>false</SeriesName>
  <ThumbnailPath>_cache/fanart/original/82046-5.jpg</ThumbnailPath>
  <VignettePath>fanart/vignette/82046-5.jpg</VignettePath>
</Banner>
<Banner>
  <id>384401</id>
  <BannerPath>fanart/original/82046-42.jpg</BannerPath>
  <BannerType>fanart</BannerType>
  <BannerType2>1280x720</BannerType2>
  <Colors></Colors>
  <Language>en</Language>
  <Rating>3.0000</Rating>
  <RatingCount>2</RatingCount>
  <SeriesName>false</SeriesName>
  <ThumbnailPath>_cache/fanart/original/82046-42.jpg</ThumbnailPath>
  <VignettePath>fanart/vignette/82046-42.jpg</VignettePath>
</Banner>
<Banner>
  <id>190841</id>
  <BannerPath>fanart/original/82046-21.jpg</BannerPath>
  <BannerType>fanart</BannerType>
  <BannerType2>1920x1080</BannerType2>
  <Colors></Colors>
  <Language>en</Language>
  <Rating>2.3333</Rating>
  <RatingCount>3</RatingCount>
  <SeriesName>false</SeriesName>
  <ThumbnailPath>_cache/fanart/original/82046-21.jpg</ThumbnailPath>
  <VignettePath>fanart/vignette/82046-21.jpg</VignettePath>
</Banner>
<Banner>
  <id>547461</id>
  <BannerPath>fanart/original/82046-40.jpg</BannerPath>
  <BannerType>fanart</BannerType>
  <BannerType2>1920x1080</BannerType2>
  <Colors></Colors>
  <Language>fr</Language>
  <Rating>1.0000</Rating>
  <RatingCount>1</RatingCount>
  <SeriesName>false</SeriesName>
  <ThumbnailPath>_cache/fanart/original/82046-40.jpg</ThumbnailPath>
  <VignettePath>fanart/vignette/82046-40.jpg</VignettePath>
</Banner>
<Banner>
  <id>912128</id>
  <BannerPath>posters/82046-21.jpg</BannerPath>
  <BannerType>poster</BannerType>
  <BannerType2>680x1000</BannerType2>
  <Language>en</Language>
  <Rating>8.0000</Rating>
  <RatingCount>3</RatingCount>
</Banner>
<Banner>
  <id>40421</id>
  <BannerPath>posters/82046-6.jpg</BannerPath>
  <BannerType>poster</BannerType>
  <BannerType2>680x1000</BannerType2>
  <Language>en</Language>
  <Rating>7.5455</Rating>
  <RatingCount>11</RatingCount>
</Banner>
<Banner>
  <id>214221</id>
  <BannerPath>posters/82046-10.jpg</BannerPath>
  <BannerType>poster</BannerType>
  <BannerType2>680x1000</BannerType2>
  <Language>en</Language>
  <Rating>7.5000</Rating>
  <RatingCount>6</RatingCount>
</Banner>
<Banner>
  <id>37771</id>
  <BannerPath>posters/82046-4.jpg</BannerPath>
  <BannerType>poster</BannerType>
  <BannerType2>680x1000</BannerType2>
  <Language>en</Language>
  <Rating>7.3333</Rating>
  <RatingCount>15</RatingCount>
</Banner>
<Banner>
  <id>228991</id>
  <BannerPath>posters/82046-9.jpg</BannerPath>
  <BannerType>poster</BannerType>
  <BannerType2>680x1000</BannerType2>
  <Language>en</Language>
  <Rating>7.3333</Rating>
  <RatingCount>3</RatingCount>
</Banner>
<Banner>
  <id>936634</id>
  <BannerPath>posters/82046-22.jpg</BannerPath>
  <BannerType>poster</BannerType>
  <BannerType2>680x1000</BannerType2>
  <Language>en</Language>
  <Rating>7.0000</Rating>
  <RatingCount>1</RatingCount>
</Banner>
<Banner>
  <id>204111</id>
  <BannerPath>posters/82046-7.jpg</BannerPath>
  <BannerType>poster</BannerType>
  <BannerType2>680x1000</BannerType2>
  <Language>en</Language>
  <Rating>7.0000</Rating>
  <RatingCount>10</RatingCount>
</Banner>
<Banner>
  <id>214251</id>
  <BannerPath>posters/82046-13.jpg</BannerPath>
  <BannerType>poster</BannerType>
  <BannerType2>680x1000</BannerType2>
  <Language>en</Language>
  <Rating>7.0000</Rating>
  <RatingCount>2</RatingCount>
</Banner>
<Banner>
  <id>496131</id>
  <BannerPath>posters/82046-17.jpg</BannerPath>
  <BannerType>poster</BannerType>
  <BannerType2>680x1000</BannerType2>
  <Language>en</Language>
  <Rating>7.0000</Rating>
  <RatingCount>2</RatingCount>
</Banner>
<Banner>
  <id>228971</id>
  <BannerPath>posters/82046-12.jpg</BannerPath>
  <BannerType>poster</BannerType>
  <BannerType2>680x1000</BannerType2>
  <Language>en</Language>
  <Rating>7.0000</Rating>
  <RatingCount>2</RatingCount>
</Banner>
<Banner>
  <id>35638</id>
  <BannerPath>posters/82046-2.jpg</BannerPath>
  <BannerType>poster</BannerType>
  <BannerType2>680x1000</BannerType2>
  <Language>en</Language>
  <Rating>6.8000</Rating>
  <RatingCount>5</RatingCount>
</Banner>
<Banner>
  <id>40419</id>
  <BannerPath>posters/82046-3.jpg</BannerPath>
  <BannerType>poster</BannerType>
  <BannerType2>680x1000</BannerType2>
  <Language>en</Language>
  <Rating>6.6667</Rating>
  <RatingCount>6</RatingCount>
</Banner>
<Banner>
  <id>214231</id>
  <BannerPath>posters/82046-11.jpg</BannerPath>
  <BannerType>poster</BannerType>
  <BannerType2>680x1000</BannerType2>
  <Language>en</Language>
  <Rating>6.0000</Rating>
  <RatingCount>3</RatingCount>
</Banner>
<Banner>
  <id>40420</id>
  <BannerPath>posters/82046-5.jpg</BannerPath>
  <BannerType>poster</BannerType>
  <BannerType2>680x1000</BannerType2>
  <Language>en</Language>
  <Rating>6.0000</Rating>
  <RatingCount>4</RatingCount>
</Banner>
<Banner>
  <id>228981</id>
  <BannerPath>posters/82046-15.jpg</BannerPath>
  <BannerType>poster</BannerType>
  <BannerType2>680x1000</BannerType2>
  <Language>en</Language>
  <Rating>6.0000</Rating>
  <RatingCount>2</RatingCount>
</Banner>
<Banner>
  <id>909940</id>
  <BannerPath>posters/82046-20.jpg</BannerPath>
  <BannerType>poster</BannerType>
  <BannerType2>680x1000</BannerType2>
  <Language>en</Language>
  <Rating>5.5000</Rating>
  <RatingCount>2</RatingCount>
</Banner>
<Banner>
  <id>207211</id>
  <BannerPath>posters/82046-8.jpg</BannerPath>
  <BannerType>poster</BannerType>
  <BannerType2>680x1000</BannerType2>
  <Language>en</Language>
  <Rating>3.0000</Rating>
  <RatingCount>2</RatingCount>
</Banner>
<Banner>
  <id>35583</id>
  <BannerPath>posters/82046-1.jpg</BannerPath>
  <BannerType>poster</BannerType>
  <BannerType2>680x1000</BannerType2>
  <Language>en</Language>
  <Rating>2.0000</Rating>
  <RatingCount>3</RatingCount>
</Banner>
<Banner>
  <id>340861</id>
  <BannerPath>posters/82046-16.jpg</BannerPath>
  <BannerType>poster</BannerType>
  <BannerType2>680x1000</BannerType2>
  <Language>en</Language>
  <Rating></Rating>
  <RatingCount>0</RatingCount>
</Banner>
<Banner>
  <id>228961</id>
  <BannerPath>posters/82046-14.jpg</BannerPath>
  <BannerType>poster</BannerType>
  <BannerType2>680x1000</BannerType2>
  <Language>en</Language>
  <Rating></Rating>
  <RatingCount>0</RatingCount>
</Banner>
<Banner>
  <id>908552</id>
  <BannerPath>posters/82046-18.jpg</BannerPath>
  <BannerType>poster</BannerType>
  <BannerType2>680x1000</BannerType2>
  <Language>en</Language>
  <Rating></Rating>
  <RatingCount>0</RatingCount>
</Banner>
<Banner>
  <id>886066</id>
  <BannerPath>posters/82046-19.jpg</BannerPath>
  <BannerType>poster</BannerType>
  <BannerType2>680x1000</BannerType2>
  <Language>en</Language>
  <Rating></Rating>
  <RatingCount>0</RatingCount>
</Banner>
<Banner>
  <id>496141</id>
  <BannerPath>seasons/82046-0-5.jpg</BannerPath>
  <BannerType>season</BannerType>
  <BannerType2>season</BannerType2>
  <Language>en</Language>
  <Rating>10.0000</Rating>
  <RatingCount>1</RatingCount>
  <Season>0</Season>
</Banner>
<Banner>
  <id>210391</id>
  <BannerPath>seasons/82046-2.jpg</BannerPath>
  <BannerType>season</BannerType>
  <BannerType2>season</BannerType2>
  <Language>en</Language>
  <Rating>6.8750</Rating>
  <RatingCount>8</RatingCount>
  <Season>2</Season>
</Banner>
<Banner>
  <id>97811</id>
  <BannerPath>seasons/82046-1.jpg</BannerPath>
  <BannerType>season</BannerType>
  <BannerType2>season</BannerType2>
  <Language>en</Language>
  <Rating>6.2000</Rating>
  <RatingCount>10</RatingCount>
  <Season>1</Season>
</Banner>
<Banner>
  <id>496151</id>
  <BannerPath>seasons/82046-1-3.jpg</BannerPath>
  <BannerType>season</BannerType>
  <BannerType2>season</BannerType2>
  <Language>en</Language>
  <Rating>6.0000</Rating>
  <RatingCount>7</RatingCount>
  <Season>1</Season>
</Banner>
<Banner>
  <id>909944</id>
  <BannerPath>seasons/82046-1-5.jpg</BannerPath>
  <BannerType>season</BannerType>
  <BannerType2>season</BannerType2>
  <Language>en</Language>
  <Rating>5.5000</Rating>
  <RatingCount>2</RatingCount>
  <Season>1</Season>
</Banner>
<Banner>
  <id>41217</id>
  <BannerPath>seasons/82046-1-2.jpg</BannerPath>
  <BannerType>season</BannerType>
  <BannerType2>season</BannerType2>
  <Language>en</Language>
  <Rating>5.5000</Rating>
  <RatingCount>6</RatingCount>
  <Season>1</Season>
</Banner>
<Banner>
  <id>496161</id>
  <BannerPath>seasons/82046-2-2.jpg</BannerPath>
  <BannerType>season</BannerType>
  <BannerType2>season</BannerType2>
  <Language>en</Language>
  <Rating>5.5000</Rating>
  <RatingCount>6</RatingCount>
  <Season>2</Season>
</Banner>
<Banner>
  <id>909945</id>
  <BannerPath>seasons/82046-2-4.jpg</BannerPath>
  <BannerType>season</BannerType>
  <BannerType2>season</BannerType2>
  <Language>en</Language>
  <Rating>5.5000</Rating>
  <RatingCount>2</RatingCount>
  <Season>2</Season>
</Banner>
<Banner>
  <id>886064</id>
  <BannerPath>seasons/82046-2-3.jpg</BannerPath>
  <BannerType>season</BannerType>
  <BannerType2>season</BannerType2>
  <Language>fr</Language>
  <Rating>4.5000</Rating>
  <RatingCount>2</RatingCount>
  <Season>2</Season>
</Banner>
<Banner>
  <id>886063</id>
  <BannerPath>seasons/82046-1-4.jpg</BannerPath>
  <BannerType>season</BannerType>
  <BannerType2>season</BannerType2>
  <Language>fr</Language>
  <Rating></Rating>
  <RatingCount>0</RatingCount>
  <Season>1</Season>
</Banner>
<Banner>
  <id>40360</id>
  <BannerPath>graphical/82046-g3.jpg</BannerPath>
  <BannerType>series</BannerType>
  <BannerType2>graphical</BannerType2>
  <Language>en</Language>
  <Rating>8.0667</Rating>
  <RatingCount>15</RatingCount>
</Banner>
<Banner>
  <id>32026</id>
  <BannerPath>graphical/82046-g2.jpg</BannerPath>
  <BannerType>series</BannerType>
  <BannerType2>graphical</BannerType2>
  <Language>en</Language>
  <Rating>7.3333</Rating>
  <RatingCount>9</RatingCount>
</Banner>
<Banner>
  <id>224831</id>
  <BannerPath>graphical/82046-g8.jpg</BannerPath>
  <BannerType>series</BannerType>
  <BannerType2>graphical</BannerType2>
  <Language>en</Language>
  <Rating>7.3333</Rating>
  <RatingCount>3</RatingCount>
</Banner>
<Banner>
  <id>936635</id>
  <BannerPath>graphical/82046-g13.jpg</BannerPath>
  <BannerType>series</BannerType>
  <BannerType2>graphical</BannerType2>
  <Language>ru</Language>
  <Rating>7.0000</Rating>
  <RatingCount>1</RatingCount>
</Banner>
<Banner>
  <id>881648</id>
  <BannerPath>graphical/82046-g12.jpg</BannerPath>
  <BannerType>series</BannerType>
  <BannerType2>graphical</BannerType2>
  <Language>en</Language>
  <Rating>7.0000</Rating>
  <RatingCount>2</RatingCount>
</Banner>
<Banner>
  <id>224821</id>
  <BannerPath>graphical/82046-g7.jpg</BannerPath>
  <BannerType>series</BannerType>
  <BannerType2>graphical</BannerType2>
  <Language>en</Language>
  <Rating>6.6667</Rating>
  <RatingCount>3</RatingCount>
</Banner>
<Banner>
  <id>32025</id>
  <BannerPath>graphical/82046-g.jpg</BannerPath>
  <BannerType>series</BannerType>
  <BannerType2>graphical</BannerType2>
  <Language>en</Language>
  <Rating>5.7778</Rating>
  <RatingCount>9</RatingCount>
</Banner>
<Banner>
  <id>70241</id>
  <BannerPath>graphical/82046-g6.jpg</BannerPath>
  <BannerType>series</BannerType>
  <BannerType2>graphical</BannerType2>
  <Language>en</Language>
  <Rating>5.6667</Rating>
  <RatingCount>3</RatingCount>
</Banner>
<Banner>
  <id>41640</id>
  <BannerPath>graphical/82046-g5.jpg</BannerPath>
  <BannerType>series</BannerType>
  <BannerType2>graphical</BannerType2>
  <Language>en</Language>
  <Rating>4.3333</Rating>
  <RatingCount>3</RatingCount>
</Banner>
<Banner>
  <id>167481</id>
  <BannerPath>blank/82046-2.jpg</BannerPath>
  <BannerType>series</BannerType>
  <BannerType2>blank</BannerType2>
  <Language></Language>
  <Rating>4.0000</Rating>
  <RatingCount>3</RatingCount>
</Banner>
<Banner>
  <id>70231</id>
  <BannerPath>blank/82046.jpg</BannerPath>
  <BannerType>series</BannerType>
  <BannerType2>blank</BannerType2>
  <Language></Language>
  <Rating>2.5000</Rating>
  <RatingCount>2</RatingCount>
</Banner>
<Banner>
  <id>40912</id>
  <BannerPath>graphical/82046-g4.jpg</BannerPath>
  <BannerType>series</BannerType>
  <BannerType2>graphical</BannerType2>
  <Language>en</Language>
  <Rating>2.5000</Rating>
  <RatingCount>4</RatingCount>
</Banner>
<Banner>
  <id>750481</id>
  <BannerPath>graphical/82046-g10.jpg</BannerPath>
  <BannerType>series</BannerType>
  <BannerType2>graphical</BannerType2>
  <Language>ru</Language>
  <Rating>2.0000</Rating>
  <RatingCount>1</RatingCount>
</Banner>
<Banner>
  <id>750471</id>
  <BannerPath>graphical/82046-g9.jpg</BannerPath>
  <BannerType>series</BannerType>
  <BannerType2>graphical</BannerType2>
  <Language>ru</Language>
  <Rating>2.0000</Rating>
  <RatingCount>1</RatingCount>
</Banner>
<Banner>
  <id>29566</id>
  <BannerPath>text/82046.jpg</BannerPath>
  <BannerType>series</BannerType>
  <BannerType2>text</BannerType2>
  <Language>en</Language>
  <Rating>2.0000</Rating>
  <RatingCount>4</RatingCount>
</Banner>
<Banner>
  <id>877760</id>
  <BannerPath>graphical/82046-g11.jpg</BannerPath>
  <BannerType>series</BannerType>
  <BannerType2>graphical</BannerType2>
  <Language>en</Language>
  <Rating></Rating>
  <RatingCount>0</RatingCount>
</Banner>
</Banners>