<?xml version="1.0" encoding="UTF-8" ?>
<Data><Series>
  <id>82046</id>
  <Actors>|Eliza Dushku|Olivia Williams|Tahmoh Penikett|Harry J. Lennix|Dichen Lachman|Fran Kranz|Enver Gjokaj|Keith Carradine|Alan Tudyk|Summer Glau|Alexis Denisof|Reed Diamond|Miracle Laurie|Amy Acker|</Actors>
  <Airs_DayOfWeek>Friday</Airs_DayOfWeek>
  <Airs_Time>9:00 PM</Airs_Time>
  <ContentRating>TV-14</ContentRating>
  <FirstAired>2009-02-13</FirstAired>
  <Genre>|Action|Adventure|Drama|Science-Fiction|</Genre>
  <IMDB_ID>tt1135300</IMDB_ID>
  <Language>en</Language>
  <Network>FOX</Network>
  <NetworkID></NetworkID>
  <Overview>The show revolves around a corporation running numerous underground establishments across the globe which program individuals referred to as Actives with temporary personalities and skills. Wealthy clients hire Actives at great expense for various purposes. The series follows the Active known as Echo, on her journey towards self-awareness.</Overview>
  <Rating>8.0</Rating>
  <RatingCount>196</RatingCount>
  <Runtime>60</Runtime>
  <SeriesID>75224</SeriesID>
  <SeriesName>Dollhouse</SeriesName>
  <Status>Ended</Status>
  <added></added>
  <addedBy></addedBy>
  <banner>graphical/82046-g3.jpg</banner>
  <fanart>fanart/original/82046-1.jpg</fanart>
  <lastupdated>1364720667</lastupdated>
  <poster>posters/82046-21.jpg</poster>
  <zap2it_id>SH1059106</zap2it_id>
</Series>
<Episode>
  <id>403882</id>
  <Combined_episodenumber>14.0</Combined_episodenumber>
  <Combined_season>0</Combined_season>
  <DVD_chapter></DVD_chapter>
  <DVD_discid></DVD_discid>
  <DVD_episodenumber>14.0</DVD_episodenumber>
  <DVD_season></DVD_season>
  <Director>David Solomon</Director>
  <EpImgFlag>2</EpImgFlag>
  <EpisodeName>Echo (Unaired Pilot)</EpisodeName>
  <EpisodeNumber>1</EpisodeNumber>
  <FirstAired>2009-07-28</FirstAired>
  <GuestStars></GuestStars>
  <IMDB_ID>tt1415018</IMDB_ID>
  <Language>en</Language>
  <Overview>Agent Ballard's investigation into the Dollhouse gains momentum when he gets a photo of Echo. Meanwhile Echo and some of the other Actives start to show signs of self-awareness, making Adelle and the handlers nervous.</Overview>
  <ProductionCode></ProductionCode>
  <Rating>7.2</Rating>
  <RatingCount>14</RatingCount>
  <SeasonNumber>0</SeasonNumber>
  <Writer>Joss Whedon</Writer>
  <absolute_number></absolute_number>
  <airsafter_season></airsafter_season>
  <airsbefore_episode>1</airsbefore_episode>
  <airsbefore_season>1</airsbefore_season>
  <filename>episodes/82046/403882.jpg</filename>
  <lastupdated>1264767212</lastupdated>
  <seasonid>32557</seasonid>
  <seriesid>82046</seriesid>
</Episode>
<Episode>
  <id>367560</id>
  <Combined_episodenumber>1.0</Combined_episodenumber>
  <Combined_season>1</Combined_season>
  <DVD_chapter></DVD_chapter>
  <DVD_discid></DVD_discid>
  <DVD_episodenumber>1.0</DVD_episodenumber>
  <DVD_season>1</DVD_season>
  <Director>Joss Whedon</Director>
  <EpImgFlag>2</EpImgFlag>
  <EpisodeName>Ghost</EpisodeName>
  <EpisodeNumber>1</EpisodeNumber>
  <FirstAired>2009-02-13</FirstAired>
  <GuestStars></GuestStars>
  <IMDB_ID>tt1216522</IMDB_ID>
  <Language>en</Language>
  <Overview>Echo is one of the &quot;Actives&quot; in the elite and illegal Dollhouse. Through different personality downloads, she plays the role of a lovestruck girl on a romantic weekend, and then a ruthlessly efficient kidnapping negotiator. FBI Agent Paul Ballard is struggling with his assignment to uncover information on the Dollhouse.</Overview>
  <ProductionCode>1APK01</ProductionCode>
  <Rating>7.4</Rating>
  <RatingCount>71</RatingCount>
  <SeasonNumber>1</SeasonNumber>
  <Writer>Joss Whedon</Writer>
  <absolute_number>1</absolute_number>
  <filename>episodes/82046/367560.jpg</filename>
  <lastupdated>1306789363</lastupdated>
  <seasonid>32558</seasonid>
  <seriesid>82046</seriesid>
</Episode>
<Episode>
  <id>397417</id>
  <Combined_episodenumber>2.0</Combined_episodenumber>
  <Combined_season>1</Combined_season>
  <DVD_chapter></DVD_chapter>
  <DVD_discid></DVD_discid>
  <DVD_episodenumber>2.0</DVD_episodenumber>
  <DVD_season>1</DVD_season>
  <Director>Steven S. DeKnight</Director>
  <EpImgFlag>2</EpImgFlag>
  <EpisodeName>The Target</EpisodeName>
  <EpisodeNumber>2</EpisodeNumber>
  <FirstAired>2009-02-20</FirstAired>
  <GuestStars></GuestStars>
  <IMDB_ID>tt1216523</IMDB_ID>
  <Language>en</Language>
  <Overview>Echo becomes the female counterpart to an outdoorsman; Agent Ballard is encouraged when he receives a clue to Echo's true identity.</Overview>
  <ProductionCode>1APK03</ProductionCode>
  <Rating>7.8</Rating>
  <RatingCount>63</RatingCount>
  <SeasonNumber>1</SeasonNumber>
  <Writer>Steven S. DeKnight</Writer>
  <absolute_number>2</absolute_number>
  <filename>episodes/82046/397417.jpg</filename>
  <lastupdated>1306789457</lastupdated>
  <seasonid>32558</seasonid>
  <seriesid>82046</seriesid>
</Episode>
<Episode>
  <id>397419</id>
  <Combined_episodenumber>3.0</Combined_episodenumber>
  <Combined_season>1</Combined_season>
  <DVD_chapter></DVD_chapter>
  <DVD_discid></DVD_discid>
  <DVD_episodenumber>3.0</DVD_episodenumber>
  <DVD_season>1</DVD_season>
  <Director>David Solomon</Director>
  <EpImgFlag>2</EpImgFlag>
  <EpisodeName>Stage Fright</EpisodeName>
  <EpisodeNumber>3</EpisodeNumber>
  <FirstAired>2009-02-27</FirstAired>
  <GuestStars></GuestStars>
  <IMDB_ID>tt1216524</IMDB_ID>
  <Language>en</Language>
  <Overview>Echo becomes a backup singer to watch out for a female singing sensation with a very overzealous fan. Agent Ballard's investigation takes a turn for the worse.</Overview>
  <ProductionCode>1APK04</ProductionCode>
  <Rating>7.3</Rating>
  <RatingCount>54</RatingCount>
  <SeasonNumber>1</SeasonNumber>
  <Writer>Maurissa Tancharoen , Jed Whedon</Writer>
  <absolute_number>3</absolute_number>
  <filename>episodes/82046/397419.jpg</filename>
  <lastupdated>1306789631</lastupdated>
  <seasonid>32558</seasonid>
  <seriesid>82046</seriesid>
</Episode>
<Episode>
  <id>397418</id>
  <Combined_episodenumber>4.0</Combined_episodenumber>
  <Combined_season>1</Combined_season>
  <DVD_chapter></DVD_chapter>
  <DVD_discid></DVD_discid>
  <DVD_episodenumber>4.0</DVD_episodenumber>
  <DVD_season>1</DVD_season>
  <Director>Allan Kroeker , Rod Hardy</Director>
  <EpImgFlag>2</EpImgFlag>
  <EpisodeName>Gray Hour</EpisodeName>
  <EpisodeNumber>4</EpisodeNumber>
  <FirstAired>2009-03-06</FirstAired>
  <GuestStars></GuestStars>
  <IMDB_ID>tt1208132</IMDB_ID>
  <Language>en</Language>
  <Overview>Echo becomes an expert safe-cracker, and an invaluable piece of art is stolen from her on the engagement, forcing Sierra to take on a familiar persona. Agent Ballard gives Lubov an ultimatum, and Adelle confides shocking information to Topher.</Overview>
  <ProductionCode>1APK02</ProductionCode>
  <Rating>7.6</Rating>
  <RatingCount>47</RatingCount>
  <SeasonNumber>1</SeasonNumber>
  <Writer>Tim Minear , Elizabeth Craft , Sarah Fain</Writer>
  <absolute_number>4</absolute_number>
  <filename>episodes/82046/397418.jpg</filename>
  <lastupdated>1306789804</lastupdated>
  <seasonid>32558</seasonid>
  <seriesid>82046</seriesid>
</Episode>
<Episode>
  <id>400266</id>
  <Combined_episodenumber>5.0</Combined_episodenumber>
  <Combined_season>1</Combined_season>
  <DVD_chapter></DVD_chapter>
  <DVD_discid></DVD_discid>
  <DVD_episodenumber>5.0</DVD_episodenumber>
  <DVD_season>1</DVD_season>
  <Director>Allan Kroeker</Director>
  <EpImgFlag>2</EpImgFlag>
  <EpisodeName>True Believer</EpisodeName>
  <EpisodeNumber>5</EpisodeNumber>
  <FirstAired>2009-03-13</FirstAired>
  <GuestStars>Amy Acker|David Alpay|Brian Bloom|Reed Diamond|Rebecca Field|Sam Hennings|Miracle Laurie|Mark Totty|Aisha Hinds|Brad Hunt</GuestStars>
  <IMDB_ID>tt1216526</IMDB_ID>
  <Language>en</Language>
  <Overview>Imprinted as a visually impaired woman, Echo must infiltrate a heavily guarded cult in order to rescue a woman held against her will.</Overview>
  <ProductionCode>1APK06</ProductionCode>
  <Rating>7.2</Rating>
  <RatingCount>47</RatingCount>
  <SeasonNumber>1</SeasonNumber>
  <Writer>Tim Minear</Writer>
  <absolute_number>5</absolute_number>
  <filename>episodes/82046/400266.jpg</filename>
  <lastupdated>1306789952</lastupdated>
  <seasonid>32558</seasonid>
  <seriesid>82046</seriesid>
</Episode>
<Episode>
  <id>397420</id>
  <Combined_episodenumber>6.0</Combined_episodenumber>
  <Combined_season>1</Combined_season>
  <DVD_chapter></DVD_chapter>
  <DVD_discid></DVD_discid>
  <DVD_episodenumber>6.0</DVD_episodenumber>
  <DVD_season>1</DVD_season>
  <Director>David Solomon</Director>
  <EpImgFlag>2</EpImgFlag>
  <EpisodeName>Man on the Street</EpisodeName>
  <EpisodeNumber>6</EpisodeNumber>
  <FirstAired>2009-03-20</FirstAired>
  <GuestStars></GuestStars>
  <IMDB_ID>tt1216525</IMDB_ID>
  <Language>en</Language>
  <Overview>Echo becomes the perfect wife for a lonely internet mogul and Sierra’s attacker is revealed. Mellie’s life is in danger and Agent Ballard’s investigation takes a surprising turn when he comes face-to-face and goes fist-to-fist with Echo for the first time.</Overview>
  <ProductionCode>1APK05</ProductionCode>
  <Rating>8.0</Rating>
  <RatingCount>51</RatingCount>
  <SeasonNumber>1</SeasonNumber>
  <Writer>Joss Whedon</Writer>
  <absolute_number>6</absolute_number>
  <filename>episodes/82046/397420.jpg</filename>
  <lastupdated>1335918890</lastupdated>
  <seasonid>32558</seasonid>
  <seriesid>82046</seriesid>
</Episode>
<Episode>
  <id>406113</id>
  <Combined_episodenumber>7.0</Combined_episodenumber>
  <Combined_season>1</Combined_season>
  <DVD_chapter></DVD_chapter>
  <DVD_discid></DVD_discid>
  <DVD_episodenumber>7.0</DVD_episodenumber>
  <DVD_season>1</DVD_season>
  <Director>James A. Contner</Director>
  <EpImgFlag>2</EpImgFlag>
  <EpisodeName>Echoes</EpisodeName>
  <EpisodeNumber>7</EpisodeNumber>
  <FirstAired>2009-03-27</FirstAired>
  <GuestStars></GuestStars>
  <IMDB_ID>tt1216527</IMDB_ID>
  <Language>en</Language>
  <Overview>A deadly virus outbreak on a college campus sends Echo back to school where pieces of her past come into focus.</Overview>
  <ProductionCode>1APK07</ProductionCode>
  <Rating>7.5</Rating>
  <RatingCount>49</RatingCount>
  <SeasonNumber>1</SeasonNumber>
  <Writer>Elizabeth Craft , Sarah Fain</Writer>
  <absolute_number>7</absolute_number>
  <filename>episodes/82046/406113.jpg</filename>
  <lastupdated>1306790248</lastupdated>
  <seasonid>32558</seasonid>
  <seriesid>82046</seriesid>
</Episode>
<Episode>
  <id>406114</id>
  <Combined_episodenumber>8.0</Combined_episodenumber>
  <Combined_season>1</Combined_season>
  <DVD_chapter></DVD_chapter>
  <DVD_discid></DVD_discid>
  <DVD_episodenumber>8.0</DVD_episodenumber>
  <DVD_season>1</DVD_season>
  <Director>Felix Enriquez Alcala</Director>
  <EpImgFlag>2</EpImgFlag>
  <EpisodeName>Needs</EpisodeName>
  <EpisodeNumber>8</EpisodeNumber>
  <FirstAired>2009-04-03</FirstAired>
  <GuestStars></GuestStars>
  <IMDB_ID>tt1356321</IMDB_ID>
  <Language>en</Language>
  <Overview>When Echo, Sierra and Victor awaken in the Dollhouse with most of their original personalities and memories intact, Echo leads the charge to free the Actives from their apparent captivity and escape the Dollhouse forever. Meanwhile, Ballard discovers the Dollhouse is closer than he thinks.</Overview>
  <ProductionCode>1APK08</ProductionCode>
  <Rating>7.9</Rating>
  <RatingCount>48</RatingCount>
  <SeasonNumber>1</SeasonNumber>
  <Writer>Tracy A. Bellomo , Maurissa Tancharoen</Writer>
  <absolute_number>8</absolute_number>
  <filename>episodes/82046/406114.jpg</filename>
  <lastupdated>1306790379</lastupdated>
  <seasonid>32558</seasonid>
  <seriesid>82046</seriesid>
</Episode>
<Episode>
  <id>412365</id>
  <Combined_episodenumber>9.0</Combined_episodenumber>
  <Combined_season>1</Combined_season>
  <DVD_chapter></DVD_chapter>
  <DVD_discid></DVD_discid>
  <DVD_episodenumber>9.0</DVD_episodenumber>
  <DVD_season>1</DVD_season>
  <Director>David Solomon</Director>
  <EpImgFlag>2</EpImgFlag>
  <EpisodeName>Spy in the House of Love</EpisodeName>
  <EpisodeNumber>9</EpisodeNumber>
  <FirstAired>2009-04-10</FirstAired>
  <GuestStars></GuestStars>
  <IMDB_ID>tt1356320</IMDB_ID>
  <Language>en</Language>
  <Overview>When a traitor is discovered inside the Dollhouse, Echo and Sierra are programmed as spy hunters to uncover the culprit. Meanwhile, Ballard receives surprising news from Mellie, and Adelle harbors a secret.</Overview>
  <ProductionCode>1APK10</ProductionCode>
  <Rating>8.0</Rating>
  <RatingCount>49</RatingCount>
  <SeasonNumber>1</SeasonNumber>
  <Writer>Jed Whedon , Andrew Chambliss</Writer>
  <absolute_number>9</absolute_number>
  <filename>episodes/82046/412365.jpg</filename>
  <lastupdated>1306790491</lastupdated>
  <seasonid>32558</seasonid>
  <seriesid>82046</seriesid>
</Episode>
<Episode>
  <id>412364</id>
  <Combined_episodenumber>10.0</Combined_episodenumber>
  <Combined_season>1</Combined_season>
  <DVD_chapter></DVD_chapter>
  <DVD_discid></DVD_discid>
  <DVD_episodenumber>10.0</DVD_episodenumber>
  <DVD_season>1</DVD_season>
  <Director>Elodie Keene</Director>
  <EpImgFlag>2</EpImgFlag>
  <EpisodeName>Haunted</EpisodeName>
  <EpisodeNumber>10</EpisodeNumber>
  <FirstAired>2009-04-24</FirstAired>
  <GuestStars></GuestStars>
  <IMDB_ID>tt1356319</IMDB_ID>
  <Language>en</Language>
  <Overview>When Adelle’s wealthy friend is murdered, Adelle imprints Echo with the woman’s memories and personality to solve the case. Ballard looks into Mellie’s past, and Topher secretly programs Sierra for an engagement.</Overview>
  <ProductionCode>1APK09</ProductionCode>
  <Rating>7.7</Rating>
  <RatingCount>54</RatingCount>
  <SeasonNumber>1</SeasonNumber>
  <Writer>Jane Espenson , Jed Whedon , Maurissa Tancharoen</Writer>
  <absolute_number>10</absolute_number>
  <filename>episodes/82046/412364.jpg</filename>
  <lastupdated>1306790629</lastupdated>
  <seasonid>32558</seasonid>
  <seriesid>82046</seriesid>
</Episode>
<Episode>
  <id>418622</id>
  <Combined_episodenumber>11.0</Combined_episodenumber>
  <Combined_season>1</Combined_season>
  <DVD_chapter></DVD_chapter>
  <DVD_discid></DVD_discid>
  <DVD_episodenumber>11.0</DVD_episodenumber>
  <DVD_season>1</DVD_season>
  <Director>Dwight H. Little</Director>
  <EpImgFlag>2</EpImgFlag>
  <EpisodeName>Briar Rose</EpisodeName>
  <EpisodeNumber>11</EpisodeNumber>
  <FirstAired>2009-05-01</FirstAired>
  <GuestStars>Alan Tudyk</GuestStars>
  <IMDB_ID>tt1356318</IMDB_ID>
  <Language>en</Language>
  <Overview>Ballard’s investigation leads him to the agoraphobic designer of the Dollhouse (guest star Alan Tudyk), and the story of “Sleeping Beauty” foreshadows Echo’s future, while allowing her to help a young girl deal with her traumatic past. Adelle goes to the attic in search of answers, while Alpha reveals himself and sets his game in motion.</Overview>
  <ProductionCode>1APK11</ProductionCode>
  <Rating>8.1</Rating>
  <RatingCount>51</RatingCount>
  <SeasonNumber>1</SeasonNumber>
  <Writer>Jane Espenson</Writer>
  <absolute_number>11</absolute_number>
  <filename>episodes/82046/418622.jpg</filename>
  <lastupdated>1306790821</lastupdated>
  <seasonid>32558</seasonid>
  <seriesid>82046</seriesid>
</Episode>
<Episode>
  <id>419436</id>
  <Combined_episodenumber>12.0</Combined_episodenumber>
  <Combined_season>1</Combined_season>
  <DVD_chapter></DVD_chapter>
  <DVD_discid></DVD_discid>
  <DVD_episodenumber>12.0</DVD_episodenumber>
  <DVD_season>1</DVD_season>
  <Director>Tim Minear</Director>
  <EpImgFlag>2</EpImgFlag>
  <EpisodeName>Omega</EpisodeName>
  <EpisodeNumber>12</EpisodeNumber>
  <FirstAired>2009-05-08</FirstAired>
  <GuestStars></GuestStars>
  <IMDB_ID>tt1385113</IMDB_ID>
  <Language>en</Language>
  <Overview>Alpha’s reign of terror continues as his obsession with Echo endangers Caroline’s survival. Ballard’s search for the Dollhouse comes to an end, forcing him to make a life-changing decision. Meanwhile, one Doll is permanently deactivated while another’s shocking past is revealed.</Overview>
  <ProductionCode>1APK12</ProductionCode>
  <Rating>7.9</Rating>
  <RatingCount>54</RatingCount>
  <SeasonNumber>1</SeasonNumber>
  <Writer>Tim Minear</Writer>
  <absolute_number>12</absolute_number>
  <filename>episodes/82046/419436.jpg</filename>
  <lastupdated>1306791007</lastupdated>
  <seasonid>32558</seasonid>
  <seriesid>82046</seriesid>
</Episode>
<Episode>
  <id>419437</id>
  <Combined_episodenumber>13.0</Combined_episodenumber>
  <Combined_season>1</Combined_season>
  <DVD_chapter></DVD_chapter>
  <DVD_discid></DVD_discid>
  <DVD_episodenumber>13.0</DVD_episodenumber>
  <DVD_season>1</DVD_season>
  <Director>David Solomon</Director>
  <EpImgFlag>2</EpImgFlag>
  <EpisodeName>Epitaph One</EpisodeName>
  <EpisodeNumber>13</EpisodeNumber>
  <FirstAired>2009-07-28</FirstAired>
  <GuestStars></GuestStars>
  <IMDB_ID>tt1417754</IMDB_ID>
  <Language>en</Language>
  <Overview>It’s 2019 and the Dollhouse technology has been abused, causing the world to fall into a post-apocalyptic state.</Overview>
  <ProductionCode>1APK13</ProductionCode>
  <Rating>8.0</Rating>
  <RatingCount>42</RatingCount>
  <SeasonNumber>1</SeasonNumber>
  <Writer>Joss Whedon,Maurissa Tancharoen,Jed Whedon</Writer>
  <absolute_number>13</absolute_number>
  <filename>episodes/82046/419437.jpg</filename>
  <lastupdated>1306791076</lastupdated>
  <seasonid>32558</seasonid>
  <seriesid>82046</seriesid>
</Episode>
<Episode>
  <id>761311</id>
  <Combined_episodenumber>1.0</Combined_episodenumber>
  <Combined_season>2</Combined_season>
  <DVD_chapter></DVD_chapter>
  <DVD_discid></DVD_discid>
  <DVD_episodenumber>1.0</DVD_episodenumber>
  <DVD_season>2</DVD_season>
  <Director>Joss Whedon</Director>
  <EpImgFlag>2</EpImgFlag>
  <EpisodeName>Vows</EpisodeName>
  <EpisodeNumber>1</EpisodeNumber>
  <FirstAired>2009-09-25</FirstAired>
  <GuestStars>Alexis Denisof,Jamie Bamber,Liza Lapira,Zoran Radanovich</GuestStars>
  <IMDB_ID>tt1472477</IMDB_ID>
  <Language>en</Language>
  <Overview>It has been several months since Alpha's reign of terror and Echo, who is now randomly picking up flashes of past engagements, weds a British businessman who has ties to one of Ballard's open FBI cases. Topher becomes the target of Dr. Saunder's aggression after she finds out that she is actually a doll named Whiskey. Boyd takes on a risky venture and mixes business with pleasure, while DeWitt makes Ballard an irresistable offer.</Overview>
  <ProductionCode></ProductionCode>
  <Rating>7.6</Rating>
  <RatingCount>57</RatingCount>
  <SeasonNumber>2</SeasonNumber>
  <Writer>Joss Whedon</Writer>
  <absolute_number>14</absolute_number>
  <filename>episodes/82046/761311.jpg</filename>
  <lastupdated>1328460333</lastupdated>
  <seasonid>79111</seasonid>
  <seriesid>82046</seriesid>
</Episode>
<Episode>
  <id>1076911</id>
  <Combined_episodenumber>2.0</Combined_episodenumber>
  <Combined_season>2</Combined_season>
  <DVD_chapter></DVD_chapter>
  <DVD_discid></DVD_discid>
  <DVD_episodenumber>2.0</DVD_episodenumber>
  <DVD_season>2</DVD_season>
  <Director>Marita Grabiak</Director>
  <EpImgFlag>2</EpImgFlag>
  <EpisodeName>Instinct</EpisodeName>
  <EpisodeNumber>2</EpisodeNumber>
  <FirstAired>2009-10-02</FirstAired>
  <GuestStars></GuestStars>
  <IMDB_ID>tt1498132</IMDB_ID>
  <Language>en</Language>
  <Overview>Echo is imprinted with the personality of a mother with a newborn baby. Complications arise when, thanks to Topher's programming, Echo takes too strongly to motherhood. Perrin ramps up his investigation into Rossum and DeWitt pays November a visit. </Overview>
  <ProductionCode></ProductionCode>
  <Rating>7.2</Rating>
  <RatingCount>47</RatingCount>
  <SeasonNumber>2</SeasonNumber>
  <Writer>Joss Whedon, Michele Fazekas, Tara Butters</Writer>
  <absolute_number>15</absolute_number>
  <filename>episodes/82046/1076911.jpg</filename>
  <lastupdated>1313114810</lastupdated>
  <seasonid>79111</seasonid>
  <seriesid>82046</seriesid>
</Episode>
<Episode>
  <id>1063801</id>
  <Combined_episodenumber>3.0</Combined_episodenumber>
  <Combined_season>2</Combined_season>
  <DVD_chapter></DVD_chapter>
  <DVD_discid></DVD_discid>
  <DVD_episodenumber>3.0</DVD_episodenumber>
  <DVD_season>2</DVD_season>
  <Director>David Solomon</Director>
  <EpImgFlag>2</EpImgFlag>
  <EpisodeName>Belle Chose</EpisodeName>
  <EpisodeNumber>3</EpisodeNumber>
  <FirstAired>2009-10-09</FirstAired>
  <GuestStars></GuestStars>
  <IMDB_ID>tt1484583</IMDB_ID>
  <Language>en</Language>
  <Overview>Echo and Victor’s imprints collide when Echo is sent on an assignment as a fun-loving, seductive college student and Victor is imprinted as the psychotic nephew of a Dollhouse shareholder.</Overview>
  <ProductionCode></ProductionCode>
  <Rating>7.5</Rating>
  <RatingCount>51</RatingCount>
  <SeasonNumber>2</SeasonNumber>
  <Writer>Joss Whedon, Tim Minear</Writer>
  <absolute_number>16</absolute_number>
  <filename>episodes/82046/1063801.jpg</filename>
  <lastupdated>1313114832</lastupdated>
  <seasonid>79111</seasonid>
  <seriesid>82046</seriesid>
</Episode>
<Episode>
  <id>1076921</id>
  <Combined_episodenumber>4.0</Combined_episodenumber>
  <Combined_season>2</Combined_season>
  <DVD_chapter></DVD_chapter>
  <DVD_discid></DVD_discid>
  <DVD_episodenumber>4.0</DVD_episodenumber>
  <DVD_season>2</DVD_season>
  <Director>Jonathan Frakes</Director>
  <EpImgFlag>2</EpImgFlag>
  <EpisodeName>Belonging</EpisodeName>
  <EpisodeNumber>4</EpisodeNumber>
  <FirstAired>2009-10-23</FirstAired>
  <GuestStars></GuestStars>
  <IMDB_ID>tt1494936</IMDB_ID>
  <Language>en</Language>
  <Overview>Sierra is forced to face her past as her connection to the Rossum Corporation leads to obsession and murder.</Overview>
  <ProductionCode></ProductionCode>
  <Rating>7.7</Rating>
  <RatingCount>50</RatingCount>
  <SeasonNumber>2</SeasonNumber>
  <Writer>Joss Whedon, Maurissa Tancharoen, Jed Whedon</Writer>
  <absolute_number>17</absolute_number>
  <filename>episodes/82046/1076921.jpg</filename>
  <lastupdated>1313114847</lastupdated>
  <seasonid>79111</seasonid>
  <seriesid>82046</seriesid>
</Episode>
<Episode>
  <id>1076931</id>
  <Combined_episodenumber>5.0</Combined_episodenumber>
  <Combined_season>2</Combined_season>
  <DVD_chapter></DVD_chapter>
  <DVD_discid></DVD_discid>
  <DVD_episodenumber>5.0</DVD_episodenumber>
  <DVD_season>2</DVD_season>
  <Director>David Solomon</Director>
  <EpImgFlag>2</EpImgFlag>
  <EpisodeName>The Public Eye</EpisodeName>
  <EpisodeNumber>5</EpisodeNumber>
  <FirstAired>2009-12-04</FirstAired>
  <GuestStars></GuestStars>
  <IMDB_ID>tt1518945</IMDB_ID>
  <Language>en</Language>
  <Overview>When Senator Perrin makes his stand against the Rossum Corporation, Echo attempts to stop his expose. Adelle, and Topher begin to see what they are up against in the rival of Washington DC.</Overview>
  <ProductionCode></ProductionCode>
  <Rating>7.7</Rating>
  <RatingCount>51</RatingCount>
  <SeasonNumber>2</SeasonNumber>
  <Writer>Joss Whedon, Andrew Chambliss</Writer>
  <absolute_number>18</absolute_number>
  <filename>episodes/82046/1076931.jpg</filename>
  <lastupdated>1313114863</lastupdated>
  <seasonid>79111</seasonid>
  <seriesid>82046</seriesid>
</Episode>
<Episode>
  <id>1076941</id>
  <Combined_episodenumber>6.0</Combined_episodenumber>
  <Combined_season>2</Combined_season>
  <DVD_chapter></DVD_chapter>
  <DVD_discid></DVD_discid>
  <DVD_episodenumber>6.0</DVD_episodenumber>
  <DVD_season>2</DVD_season>
  <Director>Wendey Stanzler</Director>
  <EpImgFlag>2</EpImgFlag>
  <EpisodeName>The Left Hand</EpisodeName>
  <EpisodeNumber>6</EpisodeNumber>
  <FirstAired>2009-12-04</FirstAired>
  <GuestStars></GuestStars>
  <IMDB_ID>tt1518944</IMDB_ID>
  <Language>en</Language>
  <Overview>Echo and Bennett have a shocking meeting as Adelle goes head-to-head with the ruthless head of the DC Dollhouse. Topher sees double when he must involve Victor in his espionage. Perrin finds a surprising witness to testify against the Rossum Corporation, but find he may be living in a house of cards.</Overview>
  <ProductionCode></ProductionCode>
  <Rating>7.7</Rating>
  <RatingCount>54</RatingCount>
  <SeasonNumber>2</SeasonNumber>
  <Writer>Joss Whedon, Tracy Bellomo</Writer>
  <absolute_number>19</absolute_number>
  <filename>episodes/82046/1076941.jpg</filename>
  <lastupdated>1313114883</lastupdated>
  <seasonid>79111</seasonid>
  <seriesid>82046</seriesid>
</Episode>
<Episode>
  <id>1116391</id>
  <Combined_episodenumber>7.0</Combined_episodenumber>
  <Combined_season>2</Combined_season>
  <DVD_chapter></DVD_chapter>
  <DVD_discid></DVD_discid>
  <DVD_episodenumber>7.0</DVD_episodenumber>
  <DVD_season>2</DVD_season>
  <Director>Dwight H. Little</Director>
  <EpImgFlag>2</EpImgFlag>
  <EpisodeName>Meet Jane Doe</EpisodeName>
  <EpisodeNumber>7</EpisodeNumber>
  <FirstAired>2009-12-11</FirstAired>
  <GuestStars></GuestStars>
  <IMDB_ID>tt1535688</IMDB_ID>
  <Language>en</Language>
  <Overview>After her entanglements with Senator Perrin and the DC Dollhouse, Echo finds herself out in the world-at-large as she struggles to control her multiple memory downloads. Topher discovers the dangers of science that will have devastating effects on the future, while Adelle engages in a power struggle with Harding.</Overview>
  <ProductionCode></ProductionCode>
  <Rating>7.5</Rating>
  <RatingCount>43</RatingCount>
  <SeasonNumber>2</SeasonNumber>
  <Writer>Joss Whedon, Maurissa Tancharoen, Jed Whedon, Andrew Chambliss</Writer>
  <absolute_number>20</absolute_number>
  <filename>episodes/82046/1116391.jpg</filename>
  <lastupdated>1356294316</lastupdated>
  <seasonid>79111</seasonid>
  <seriesid>82046</seriesid>
</Episode>
<Episode>
  <id>1162401</id>
  <Combined_episodenumber>8.0</Combined_episodenumber>
  <Combined_season>2</Combined_season>
  <DVD_chapter></DVD_chapter>
  <DVD_discid></DVD_discid>
  <DVD_episodenumber>8.0</DVD_episodenumber>
  <DVD_season>2</DVD_season>
  <Director>David Straiton</Director>
  <EpImgFlag>2</EpImgFlag>
  <EpisodeName>A Love Supreme</EpisodeName>
  <EpisodeNumber>8</EpisodeNumber>
  <FirstAired>2009-12-11</FirstAired>
  <GuestStars>Keith Carradine, Brett Claywell, Patton Oswalt, Alan Tudyk, David Lee Smith</GuestStars>
  <IMDB_ID>tt1535687</IMDB_ID>
  <Language>en</Language>
  <Overview>When Echo's past romantic engagements are found murdered, the Dollhouse fears that Alpha has returned to seek his revenge. Adelle grows suspicious of Ballard who hopes to find allies in Boyd and Topher. The Actives turn against their handlers, leaving one member of the house permanently mind-wiped.</Overview>
  <ProductionCode></ProductionCode>
  <Rating>7.6</Rating>
  <RatingCount>48</RatingCount>
  <SeasonNumber>2</SeasonNumber>
  <Writer>Joss Whedon, Jenny DeArmitt</Writer>
  <absolute_number>21</absolute_number>
  <filename>episodes/82046/1162401.jpg</filename>
  <lastupdated>1356294331</lastupdated>
  <seasonid>79111</seasonid>
  <seriesid>82046</seriesid>
</Episode>
<Episode>
  <id>1181161</id>
  <Combined_episodenumber>9.0</Combined_episodenumber>
  <Combined_season>2</Combined_season>
  <DVD_chapter></DVD_chapter>
  <DVD_discid></DVD_discid>
  <DVD_episodenumber>9.0</DVD_episodenumber>
  <DVD_season>2</DVD_season>
  <Director>Félix Enríquez Alcalá</Director>
  <EpImgFlag>2</EpImgFlag>
  <EpisodeName>Stop-Loss</EpisodeName>
  <EpisodeNumber>9</EpisodeNumber>
  <FirstAired>2009-12-18</FirstAired>
  <GuestStars>Liza Lapira, Kate Comer, Michael King, Katrina Nelson</GuestStars>
  <IMDB_ID>tt1535689</IMDB_ID>
  <Language>en</Language>
  <Overview>As his contract with the Dollhouse expires, Victor is released back into the world, where his military past threatens his future with Sierra. Meanwhile, Echo is deemed too dangerous and is sent into her worst nightmare.</Overview>
  <ProductionCode></ProductionCode>
  <Rating>7.6</Rating>
  <RatingCount>46</RatingCount>
  <SeasonNumber>2</SeasonNumber>
  <Writer>Joss Whedon, Andrew Chambliss</Writer>
  <absolute_number>22</absolute_number>
  <filename>episodes/82046/1181161.jpg</filename>
  <lastupdated>1356294342</lastupdated>
  <seasonid>79111</seasonid>
  <seriesid>82046</seriesid>
</Episode>
<Episode>
  <id>1213711</id>
  <Combined_episodenumber>10.0</Combined_episodenumber>
  <Combined_season>2</Combined_season>
  <DVD_chapter></DVD_chapter>
  <DVD_discid></DVD_discid>
  <DVD_episodenumber>10.0</DVD_episodenumber>
  <DVD_season>2</DVD_season>
  <Director>John Cassaday</Director>
  <EpImgFlag>2</EpImgFlag>
  <EpisodeName>The Attic</EpisodeName>
  <EpisodeNumber>10</EpisodeNumber>
  <FirstAired>2009-12-18</FirstAired>
  <GuestStars>Liza Lapira, Vincent Ventresca, Reed Diamond, Adam Godley, Tzi Ma</GuestStars>
  <IMDB_ID>tt1535690</IMDB_ID>
  <Language>en</Language>
  <Overview>When Adelle, Boyd, and the rest of the Dollhouse fear that Echo's uncontrollable mind imprints are making her a danger to their goals, they send her to &quot;the Attic&quot; where Echo is forced to face her worst nightmare in order to survive.</Overview>
  <ProductionCode></ProductionCode>
  <Rating>8.0</Rating>
  <RatingCount>47</RatingCount>
  <SeasonNumber>2</SeasonNumber>
  <Writer>Joss Whedon, Maurissa Tancharoen, Jed Whedon</Writer>
  <absolute_number>23</absolute_number>
  <filename>episodes/82046/1213711.jpg</filename>
  <lastupdated>1356294366</lastupdated>
  <seasonid>79111</seasonid>
  <seriesid>82046</seriesid>
</Episode>
<Episode>
  <id>1301741</id>
  <Combined_episodenumber>11.0</Combined_episodenumber>
  <Combined_season>2</Combined_season>
  <DVD_chapter></DVD_chapter>
  <DVD_discid></DVD_discid>
  <DVD_episodenumber>11.0</DVD_episodenumber>
  <DVD_season>2</DVD_season>
  <Director>Tim Minear</Director>
  <EpImgFlag>2</EpImgFlag>
  <EpisodeName>Getting Closer</EpisodeName>
  <EpisodeNumber>11</EpisodeNumber>
  <FirstAired>2010-01-08</FirstAired>
  <GuestStars>Summer Glau, Philip Casnoff, Reed Diamond, Miracle Laurie, Jay Malone</GuestStars>
  <IMDB_ID>tt1537128</IMDB_ID>
  <Language>en</Language>
  <Overview>Topher races to reconstruct Echo's original personality and memories when Adelle realizes they are the key to averting a devastating future. Meanwhile, Echo and Bennett's shared past and the identity of The Rossum Corporation's mysterious leader are revealed.</Overview>
  <ProductionCode></ProductionCode>
  <Rating>7.9</Rating>
  <RatingCount>50</RatingCount>
  <SeasonNumber>2</SeasonNumber>
  <Writer>Joss Whedon, Tim Minear</Writer>
  <absolute_number>24</absolute_number>
  <filename>episodes/82046/1301741.jpg</filename>
  <lastupdated>1356294385</lastupdated>
  <seasonid>79111</seasonid>
  <seriesid>82046</seriesid>
</Episode>
<Episode>
  <id>1301751</id>
  <Combined_episodenumber>12.0</Combined_episodenumber>
  <Combined_season>2</Combined_season>
  <DVD_chapter></DVD_chapter>
  <DVD_discid></DVD_discid>
  <DVD_episodenumber>12.0</DVD_episodenumber>
  <DVD_season>2</DVD_season>
  <Director>Terrence O'Hara</Director>
  <EpImgFlag>2</EpImgFlag>
  <EpisodeName>The Hollow Men</EpisodeName>
  <EpisodeNumber>12</EpisodeNumber>
  <FirstAired>2010-01-15</FirstAired>
  <GuestStars>Summer Glau, Miracle Laurie, Reed Diamond</GuestStars>
  <IMDB_ID>tt1537129</IMDB_ID>
  <Language>en</Language>
  <Overview>Sacrifices are made when Echo leads her crew to Arizona to dismantle the Rossum Corporation's mainframe.</Overview>
  <ProductionCode></ProductionCode>
  <Rating>8.0</Rating>
  <RatingCount>45</RatingCount>
  <SeasonNumber>2</SeasonNumber>
  <Writer>Joss Whedon, Michele Fazekas, Tara Butters, Tracy Bellomo</Writer>
  <absolute_number>25</absolute_number>
  <filename>episodes/82046/1301751.jpg</filename>
  <lastupdated>1356294404</lastupdated>
  <seasonid>79111</seasonid>
  <seriesid>82046</seriesid>
</Episode>
<Episode>
  <id>1301761</id>
  <Combined_episodenumber>13.0</Combined_episodenumber>
  <Combined_season>2</Combined_season>
  <DVD_chapter></DVD_chapter>
  <DVD_discid></DVD_discid>
  <DVD_episodenumber>13.0</DVD_episodenumber>
  <DVD_season>2</DVD_season>
  <Director>David Solomon</Director>
  <EpImgFlag>2</EpImgFlag>
  <EpisodeName>Epitaph Two: Return</EpisodeName>
  <EpisodeNumber>13</EpisodeNumber>
  <FirstAired>2010-01-29</FirstAired>
  <GuestStars>Alan Tudyk, Felicia Day, Summer Glau, Adair Tishler, Zack Ward, Nate Dushku, Noah Harpster</GuestStars>
  <IMDB_ID>tt1537130</IMDB_ID>
  <Language>en</Language>
  <Overview>In the year 2020, Echo and her surviving Dollhouse crew attempt to restore order to a devastating future world before mankind is eliminated.</Overview>
  <ProductionCode></ProductionCode>
  <Rating>8.2</Rating>
  <RatingCount>41</RatingCount>
  <SeasonNumber>2</SeasonNumber>
  <Writer>Joss Whedon, Maurissa Tancharoen, Jed Whedon, Andrew Chambliss</Writer>
  <absolute_number>26</absolute_number>
  <filename>episodes/82046/1301761.jpg</filename>
  <lastupdated>1359289087</lastupdated>
  <seasonid>79111</seasonid>
  <seriesid>82046</seriesid>
</Episode>
</Data>