<?xml version="1.0" encoding="UTF-8" ?>
<Banners>
<Banner>
  <id>446331</id>
  <BannerPath>fanart/original/99151-1.jpg</BannerPath>
  <BannerType>fanart</BannerType>
  <BannerType2>1920x1080</BannerType2>
  <Colors></Colors>
  <Language>en</Language>
  <Rating>9.0000</Rating>
  <RatingCount>1</RatingCount>
  <SeriesName>false</SeriesName>
  <ThumbnailPath>_cache/fanart/original/99151-1.jpg</ThumbnailPath>
  <VignettePath>fanart/vignette/99151-1.jpg</VignettePath>
</Banner>
<Banner>
  <id>872094</id>
  <BannerPath>fanart/original/99151-11.jpg</BannerPath>
  <BannerType>fanart</BannerType>
  <BannerType2>1280x720</BannerType2>
  <Colors></Colors>
  <Language>en</Language>
  <Rating>9.0000</Rating>
  <RatingCount>2</RatingCount>
  <SeriesName>false</SeriesName>
  <ThumbnailPath>_cache/fanart/original/99151-11.jpg</ThumbnailPath>
  <VignettePath>fanart/vignette/99151-11.jpg</VignettePath>
</Banner>
<Banner>
  <id>501181</id>
  <BannerPath>fanart/original/99151-3.jpg</BannerPath>
  <BannerType>fanart</BannerType>
  <BannerType2>1280x720</BannerType2>
  <Colors></Colors>
  <Language>en</Language>
  <Rating>8.0000</Rating>
  <RatingCount>2</RatingCount>
  <SeriesName>false</SeriesName>
  <ThumbnailPath>_cache/fanart/original/99151-3.jpg</ThumbnailPath>
  <VignettePath>fanart/vignette/99151-3.jpg</VignettePath>
</Banner>
<Banner>
  <id>501211</id>
  <BannerPath>fanart/original/99151-6.jpg</BannerPath>
  <BannerType>fanart</BannerType>
  <BannerType2>1280x720</BannerType2>
  <Colors></Colors>
  <Language>en</Language>
  <Rating>8.0000</Rating>
  <RatingCount>3</RatingCount>
  <SeriesName>false</SeriesName>
  <ThumbnailPath>_cache/fanart/original/99151-6.jpg</ThumbnailPath>
  <VignettePath>fanart/vignette/99151-6.jpg</VignettePath>
</Banner>
<Banner>
  <id>501191</id>
  <BannerPath>fanart/original/99151-4.jpg</BannerPath>
  <BannerType>fanart</BannerType>
  <BannerType2>1280x720</BannerType2>
  <Colors>|252,239,230|17,18,13|169,178,185|</Colors>
  <Language>en</Language>
  <Rating></Rating>
  <RatingCount>0</RatingCount>
  <SeriesName>false</SeriesName>
  <ThumbnailPath>_cache/fanart/original/99151-4.jpg</ThumbnailPath>
  <VignettePath>fanart/vignette/99151-4.jpg</VignettePath>
</Banner>
<Banner>
  <id>501241</id>
  <BannerPath>fanart/original/99151-9.jpg</BannerPath>
  <BannerType>fanart</BannerType>
  <BannerType2>1280x720</BannerType2>
  <Colors></Colors>
  <Language>en</Language>
  <Rating></Rating>
  <RatingCount>0</RatingCount>
  <SeriesName>false</SeriesName>
  <ThumbnailPath>_cache/fanart/original/99151-9.jpg</ThumbnailPath>
  <VignettePath>fanart/vignette/99151-9.jpg</VignettePath>
</Banner>
<Banner>
  <id>501171</id>
  <BannerPath>fanart/original/99151-2.jpg</BannerPath>
  <BannerType>fanart</BannerType>
  <BannerType2>1280x720</BannerType2>
  <Colors></Colors>
  <Language>en</Language>
  <Rating></Rating>
  <RatingCount>0</RatingCount>
  <SeriesName>false</SeriesName>
  <ThumbnailPath>_cache/fanart/original/99151-2.jpg</ThumbnailPath>
  <VignettePath>fanart/vignette/99151-2.jpg</VignettePath>
</Banner>
<Banner>
  <id>501201</id>
  <BannerPath>fanart/original/99151-5.jpg</BannerPath>
  <BannerType>fanart</BannerType>
  <BannerType2>1280x720</BannerType2>
  <Colors></Colors>
  <Language>en</Language>
  <Rating></Rating>
  <RatingCount>0</RatingCount>
  <SeriesName>false</SeriesName>
  <ThumbnailPath>_cache/fanart/original/99151-5.jpg</ThumbnailPath>
  <VignettePath>fanart/vignette/99151-5.jpg</VignettePath>
</Banner>
<Banner>
  <id>501221</id>
  <BannerPath>fanart/original/99151-7.jpg</BannerPath>
  <BannerType>fanart</BannerType>
  <BannerType2>1280x720</BannerType2>
  <Colors></Colors>
  <Language>en</Language>
  <Rating></Rating>
  <RatingCount>0</RatingCount>
  <SeriesName>false</SeriesName>
  <ThumbnailPath>_cache/fanart/original/99151-7.jpg</ThumbnailPath>
  <VignettePath>fanart/vignette/99151-7.jpg</VignettePath>
</Banner>
<Banner>
  <id>501251</id>
  <BannerPath>fanart/original/99151-10.jpg</BannerPath>
  <BannerType>fanart</BannerType>
  <BannerType2>1280x720</BannerType2>
  <Colors></Colors>
  <Language>en</Language>
  <Rating></Rating>
  <RatingCount>0</RatingCount>
  <SeriesName>false</SeriesName>
  <ThumbnailPath>_cache/fanart/original/99151-10.jpg</ThumbnailPath>
  <VignettePath>fanart/vignette/99151-10.jpg</VignettePath>
</Banner>
<Banner>
  <id>501231</id>
  <BannerPath>fanart/original/99151-8.jpg</BannerPath>
  <BannerType>fanart</BannerType>
  <BannerType2>1280x720</BannerType2>
  <Colors></Colors>
  <Language>en</Language>
  <Rating></Rating>
  <RatingCount>0</RatingCount>
  <SeriesName>false</SeriesName>
  <ThumbnailPath>_cache/fanart/original/99151-8.jpg</ThumbnailPath>
  <VignettePath>fanart/vignette/99151-8.jpg</VignettePath>
</Banner>
<Banner>
  <id>857596</id>
  <BannerPath>posters/99151-3.jpg</BannerPath>
  <BannerType>poster</BannerType>
  <BannerType2>680x1000</BannerType2>
  <Language>en</Language>
  <Rating>7.6667</Rating>
  <RatingCount>3</RatingCount>
</Banner>
<Banner>
  <id>446351</id>
  <BannerPath>posters/99151-2.jpg</BannerPath>
  <BannerType>poster</BannerType>
  <BannerType2>680x1000</BannerType2>
  <Language>en</Language>
  <Rating>4.5000</Rating>
  <RatingCount>2</RatingCount>
</Banner>
<Banner>
  <id>446341</id>
  <BannerPath>posters/99151-1.jpg</BannerPath>
  <BannerType>poster</BannerType>
  <BannerType2>680x1000</BannerType2>
  <Language>en</Language>
  <Rating>4.5000</Rating>
  <RatingCount>2</RatingCount>
</Banner>
<Banner>
  <id>942166</id>
  <BannerPath>seasons/99151-1.jpg</BannerPath>
  <BannerType>season</BannerType>
  <BannerType2>season</BannerType2>
  <Language>en</Language>
  <Rating>10.0000</Rating>
  <RatingCount>1</RatingCount>
  <Season>1</Season>
</Banner>
<Banner>
  <id>942167</id>
  <BannerPath>seasons/99151-2.jpg</BannerPath>
  <BannerType>season</BannerType>
  <BannerType2>season</BannerType2>
  <Language>en</Language>
  <Rating>10.0000</Rating>
  <RatingCount>1</RatingCount>
  <Season>2</Season>
</Banner>
<Banner>
  <id>942169</id>
  <BannerPath>seasons/99151-3.jpg</BannerPath>
  <BannerType>season</BannerType>
  <BannerType2>season</BannerType2>
  <Language>en</Language>
  <Rating></Rating>
  <RatingCount>0</RatingCount>
  <Season>3</Season>
</Banner>
<Banner>
  <id>942170</id>
  <BannerPath>seasons/99151-4.jpg</BannerPath>
  <BannerType>season</BannerType>
  <BannerType2>season</BannerType2>
  <Language>en</Language>
  <Rating></Rating>
  <RatingCount>0</RatingCount>
  <Season>4</Season>
</Banner>
<Banner>
  <id>446391</id>
  <BannerPath>graphical/99151-g2.jpg</BannerPath>
  <BannerType>series</BannerType>
  <BannerType2>graphical</BannerType2>
  <Language>en</Language>
  <Rating>8.0000</Rating>
  <RatingCount>1</RatingCount>
</Banner>
<Banner>
  <id>297061</id>
  <BannerPath>graphical/99151-g.jpg</BannerPath>
  <BannerType>series</BannerType>
  <BannerType2>graphical</BannerType2>
  <Language>en</Language>
  <Rating>5.0000</Rating>
  <RatingCount>2</RatingCount>
</Banner>
<Banner>
  <id>933483</id>
  <BannerPath>graphical/99151-g3.jpg</BannerPath>
  <BannerType>series</BannerType>
  <BannerType2>graphical</BannerType2>
  <Language>en</Language>
  <Rating></Rating>
  <RatingCount>0</RatingCount>
</Banner>
</Banners>