<?xml version="1.0" encoding="UTF-8" ?>
<Data><Series>
  <id>99151</id>
  <Actors>|Jeremy Wade|</Actors>
  <Airs_DayOfWeek>Sunday</Airs_DayOfWeek>
  <Airs_Time>10:00 PM</Airs_Time>
  <ContentRating>TV-G</ContentRating>
  <FirstAired>2009-04-05</FirstAired>
  <Genre>|Documentary|</Genre>
  <IMDB_ID>tt1476750</IMDB_ID>
  <Language>en</Language>
  <Network>Animal Planet</Network>
  <NetworkID></NetworkID>
  <Overview>Extreme angler, Jeremy Wade, is on the hunt for freshwater fish with a taste for human flesh. This rip-roaring ride through the dark side of nature mixes action and adventure with mysteries, edge of the seat chase and a battle of wills between man and almost supernatural beasts who lurk in the serpentine waterways of the planet, mooching murderously underwater, growing to truly awesome sizes. Watch as Jeremy Wade deconstructs exactly how these river monsters are constructed to kill. </Overview>
  <Rating>9.4</Rating>
  <RatingCount>14</RatingCount>
  <Runtime>60</Runtime>
  <SeriesID>76983</SeriesID>
  <SeriesName>River Monsters</SeriesName>
  <Status>Continuing</Status>
  <added>2009-06-13 16:07:17</added>
  <addedBy>41901</addedBy>
  <banner>graphical/99151-g2.jpg</banner>
  <fanart>fanart/original/99151-11.jpg</fanart>
  <lastupdated>1364822262</lastupdated>
  <poster>posters/99151-3.jpg</poster>
  <zap2it_id>SH1136444</zap2it_id>
</Series>
<Episode>
  <id>3607841</id>
  <Combined_episodenumber>1</Combined_episodenumber>
  <Combined_season>0</Combined_season>
  <DVD_chapter></DVD_chapter>
  <DVD_discid></DVD_discid>
  <DVD_episodenumber></DVD_episodenumber>
  <DVD_season></DVD_season>
  <Director></Director>
  <EpImgFlag></EpImgFlag>
  <EpisodeName>Killer Catfish - Two Hour Special Cut</EpisodeName>
  <EpisodeNumber>1</EpisodeNumber>
  <FirstAired>2009-05-31</FirstAired>
  <GuestStars></GuestStars>
  <IMDB_ID></IMDB_ID>
  <Language>en</Language>
  <Overview>Two years ago, on the treacherous Kali River, high in the mountains of Northern India, Jeremy Wade unearthed the mother of all fisherman's tales and the ultimate freshwater horror: a super-sized freshwater fish turned man-eater. Jeremy takes on the biggest, toughest challenge he's ever faced as he heads back to the Himalayas to separate fact from fiction and track down the monstrous beast.</Overview>
  <ProductionCode></ProductionCode>
  <Rating></Rating>
  <RatingCount>0</RatingCount>
  <SeasonNumber>0</SeasonNumber>
  <Writer></Writer>
  <absolute_number></absolute_number>
  <airsafter_season></airsafter_season>
  <airsbefore_episode></airsbefore_episode>
  <airsbefore_season></airsbefore_season>
  <filename></filename>
  <lastupdated>1296686519</lastupdated>
  <seasonid>78321</seasonid>
  <seriesid>99151</seriesid>
</Episode>
<Episode>
  <id>3848421</id>
  <Combined_episodenumber>2</Combined_episodenumber>
  <Combined_season>0</Combined_season>
  <DVD_chapter></DVD_chapter>
  <DVD_discid></DVD_discid>
  <DVD_episodenumber></DVD_episodenumber>
  <DVD_season></DVD_season>
  <Director></Director>
  <EpImgFlag>2</EpImgFlag>
  <EpisodeName>The Giants</EpisodeName>
  <EpisodeNumber>2</EpisodeNumber>
  <FirstAired>2011-03-06</FirstAired>
  <GuestStars></GuestStars>
  <IMDB_ID></IMDB_ID>
  <Language>en</Language>
  <Overview>Biologist and extreme fisherman Jeremy Wade offers a retrospective of his harrowing attempts to reel in some of the largest freshwater fish in the world, including a man-eating catfish and a massive stingray in Thailand.</Overview>
  <ProductionCode></ProductionCode>
  <Rating></Rating>
  <RatingCount>0</RatingCount>
  <SeasonNumber>0</SeasonNumber>
  <Writer></Writer>
  <absolute_number></absolute_number>
  <airsafter_season></airsafter_season>
  <airsbefore_episode>1</airsbefore_episode>
  <airsbefore_season>3</airsbefore_season>
  <filename>episodes/99151/3848421.jpg</filename>
  <lastupdated>1310630250</lastupdated>
  <seasonid>78321</seasonid>
  <seriesid>99151</seriesid>
</Episode>
<Episode>
  <id>4052841</id>
  <Combined_episodenumber>3</Combined_episodenumber>
  <Combined_season>0</Combined_season>
  <DVD_chapter></DVD_chapter>
  <DVD_discid></DVD_discid>
  <DVD_episodenumber></DVD_episodenumber>
  <DVD_season></DVD_season>
  <Director></Director>
  <EpImgFlag>2</EpImgFlag>
  <EpisodeName>The Deadliest</EpisodeName>
  <EpisodeNumber>3</EpisodeNumber>
  <FirstAired>2011-04-03</FirstAired>
  <GuestStars></GuestStars>
  <IMDB_ID></IMDB_ID>
  <Language>en</Language>
  <Overview>Jeremy re-lives his most heart-stopping encounters with the world's deadliest fish.</Overview>
  <ProductionCode></ProductionCode>
  <Rating></Rating>
  <RatingCount>0</RatingCount>
  <SeasonNumber>0</SeasonNumber>
  <Writer></Writer>
  <absolute_number></absolute_number>
  <airsafter_season></airsafter_season>
  <airsbefore_episode>1</airsbefore_episode>
  <airsbefore_season>3</airsbefore_season>
  <filename>episodes/99151/4052841.jpg</filename>
  <lastupdated>1310630256</lastupdated>
  <seasonid>78321</seasonid>
  <seriesid>99151</seriesid>
</Episode>
<Episode>
  <id>4097967</id>
  <Combined_episodenumber>4</Combined_episodenumber>
  <Combined_season>0</Combined_season>
  <DVD_chapter></DVD_chapter>
  <DVD_discid></DVD_discid>
  <DVD_episodenumber></DVD_episodenumber>
  <DVD_season></DVD_season>
  <Director></Director>
  <EpImgFlag>2</EpImgFlag>
  <EpisodeName>The Most Bizarre</EpisodeName>
  <EpisodeNumber>4</EpisodeNumber>
  <FirstAired>2011-05-08</FirstAired>
  <GuestStars></GuestStars>
  <IMDB_ID></IMDB_ID>
  <Language>en</Language>
  <Overview>Angler Jeremy Wade re-lives his encounters with some of the world's most bizarre, and gruesome, freshwater monsters - beasts that can swallow you whole, swim up your private parts, or even eat you alive from within!</Overview>
  <ProductionCode></ProductionCode>
  <Rating></Rating>
  <RatingCount>0</RatingCount>
  <SeasonNumber>0</SeasonNumber>
  <Writer></Writer>
  <absolute_number></absolute_number>
  <airsafter_season></airsafter_season>
  <airsbefore_episode>5</airsbefore_episode>
  <airsbefore_season>3</airsbefore_season>
  <filename>episodes/99151/4097967.jpg</filename>
  <lastupdated>1310630222</lastupdated>
  <seasonid>78321</seasonid>
  <seriesid>99151</seriesid>
</Episode>
<Episode>
  <id>4101759</id>
  <Combined_episodenumber>5</Combined_episodenumber>
  <Combined_season>0</Combined_season>
  <DVD_chapter></DVD_chapter>
  <DVD_discid></DVD_discid>
  <DVD_episodenumber></DVD_episodenumber>
  <DVD_season></DVD_season>
  <Director></Director>
  <EpImgFlag>2</EpImgFlag>
  <EpisodeName>The Lost Reels Amazonian Giant</EpisodeName>
  <EpisodeNumber>5</EpisodeNumber>
  <FirstAired>2011-05-27</FirstAired>
  <GuestStars></GuestStars>
  <IMDB_ID></IMDB_ID>
  <Language>en</Language>
  <Overview>This two-part special — featuring long-lost footage never before seen by U.S. audiences — captures some of the biggest moments in Jeremy Wade's life. Journey back to 2002 in part one, &quot;Amazon,&quot; as Jeremy searches for one of the world's largest freshwater fish: the arapaima. And in part two, &quot;India,&quot; Jeremy travels to India in 2005 in search of a man-eating catfish called the goonch.</Overview>
  <ProductionCode></ProductionCode>
  <Rating>7.0</Rating>
  <RatingCount>1</RatingCount>
  <SeasonNumber>0</SeasonNumber>
  <Writer></Writer>
  <absolute_number></absolute_number>
  <airsafter_season></airsafter_season>
  <airsbefore_episode>7</airsbefore_episode>
  <airsbefore_season>3</airsbefore_season>
  <filename>episodes/99151/4101759.jpg</filename>
  <lastupdated>1310630264</lastupdated>
  <seasonid>78321</seasonid>
  <seriesid>99151</seriesid>
</Episode>
<Episode>
  <id>4106744</id>
  <Combined_episodenumber>6</Combined_episodenumber>
  <Combined_season>0</Combined_season>
  <DVD_chapter></DVD_chapter>
  <DVD_discid></DVD_discid>
  <DVD_episodenumber></DVD_episodenumber>
  <DVD_season></DVD_season>
  <Director></Director>
  <EpImgFlag>2</EpImgFlag>
  <EpisodeName>The Lost Reels Himalayan Giant</EpisodeName>
  <EpisodeNumber>6</EpisodeNumber>
  <FirstAired>2011-05-27</FirstAired>
  <GuestStars></GuestStars>
  <IMDB_ID></IMDB_ID>
  <Language>en</Language>
  <Overview>This two-part special — featuring long-lost footage never before seen by U.S. audiences — captures some of the biggest moments in Jeremy Wade's life. Journey back to 2002 in part one, &quot;Amazon,&quot; as Jeremy searches for one of the world's largest freshwater fish: the arapaima. And in part two, &quot;India,&quot; Jeremy travels to India in 2005 in search of a man-eating catfish called the goonch.</Overview>
  <ProductionCode></ProductionCode>
  <Rating>7.0</Rating>
  <RatingCount>1</RatingCount>
  <SeasonNumber>0</SeasonNumber>
  <Writer></Writer>
  <absolute_number></absolute_number>
  <airsafter_season></airsafter_season>
  <airsbefore_episode>7</airsbefore_episode>
  <airsbefore_season>3</airsbefore_season>
  <filename>episodes/99151/4106744.jpg</filename>
  <lastupdated>1310630271</lastupdated>
  <seasonid>78321</seasonid>
  <seriesid>99151</seriesid>
</Episode>
<Episode>
  <id>4101758</id>
  <Combined_episodenumber>7</Combined_episodenumber>
  <Combined_season>0</Combined_season>
  <DVD_chapter></DVD_chapter>
  <DVD_discid></DVD_discid>
  <DVD_episodenumber></DVD_episodenumber>
  <DVD_season></DVD_season>
  <Director></Director>
  <EpImgFlag>2</EpImgFlag>
  <EpisodeName>River Monsters Goes Tribal</EpisodeName>
  <EpisodeNumber>7</EpisodeNumber>
  <FirstAired>2011-05-29</FirstAired>
  <GuestStars></GuestStars>
  <IMDB_ID></IMDB_ID>
  <Language>en</Language>
  <Overview>Jeremy Wade attempts to survive alongside some of the world's best tribal fishermen using spears, bows and arrows, and even spiders webs to catch his prey. These master fishermen live in a tropical island paradise, where they fish and swim in some of the most shark-infested waters on the planet. As Jeremy throws himself into South Pacific tribal life, he comes closer than ever to one of the world's ultimate predator. </Overview>
  <ProductionCode></ProductionCode>
  <Rating>7.0</Rating>
  <RatingCount>1</RatingCount>
  <SeasonNumber>0</SeasonNumber>
  <Writer></Writer>
  <absolute_number></absolute_number>
  <airsafter_season></airsafter_season>
  <airsbefore_episode>7</airsbefore_episode>
  <airsbefore_season>3</airsbefore_season>
  <filename>episodes/99151/4101758.jpg</filename>
  <lastupdated>1310630277</lastupdated>
  <seasonid>78321</seasonid>
  <seriesid>99151</seriesid>
</Episode>
<Episode>
  <id>4216622</id>
  <Combined_episodenumber>8</Combined_episodenumber>
  <Combined_season>0</Combined_season>
  <DVD_chapter></DVD_chapter>
  <DVD_discid></DVD_discid>
  <DVD_episodenumber></DVD_episodenumber>
  <DVD_season></DVD_season>
  <Director></Director>
  <EpImgFlag>2</EpImgFlag>
  <EpisodeName>Killer Sharks And Rays</EpisodeName>
  <EpisodeNumber>8</EpisodeNumber>
  <FirstAired>2012-04-29</FirstAired>
  <GuestStars></GuestStars>
  <IMDB_ID></IMDB_ID>
  <Language>en</Language>
  <Overview>An elite handful of fish are capable of living and thriving in both fresh and saltwater. Among these specialists are aggressive man-eaters, venomous giants and a wickedly armed beast that hails from a bygone age. In this special edition of River Monsters, biologist and extreme angler Jeremy Wade relives his thrilling encounters with some of these fearsome intruders that swim in from beyond the surf. Jeremy reveals how our understanding of these predators has shifted dramatically in recent years and answers pertinent questions about what draws these ocean-dwelling hunters into freshwater in the first place and how they are capable of crossing what is normally an impenetrable barrier.</Overview>
  <ProductionCode></ProductionCode>
  <Rating>7.0</Rating>
  <RatingCount>1</RatingCount>
  <SeasonNumber>0</SeasonNumber>
  <Writer></Writer>
  <absolute_number></absolute_number>
  <airsafter_season></airsafter_season>
  <airsbefore_episode>5</airsbefore_episode>
  <airsbefore_season>4</airsbefore_season>
  <filename>episodes/99151/4216622.jpg</filename>
  <lastupdated>1338102282</lastupdated>
  <seasonid>78321</seasonid>
  <seriesid>99151</seriesid>
</Episode>
<Episode>
  <id>4298549</id>
  <Combined_episodenumber>9</Combined_episodenumber>
  <Combined_season>0</Combined_season>
  <DVD_chapter></DVD_chapter>
  <DVD_discid></DVD_discid>
  <DVD_episodenumber></DVD_episodenumber>
  <DVD_season></DVD_season>
  <Director></Director>
  <EpImgFlag>2</EpImgFlag>
  <EpisodeName>Killer Weapons</EpisodeName>
  <EpisodeNumber>9</EpisodeNumber>
  <FirstAired>2012-05-22</FirstAired>
  <GuestStars></GuestStars>
  <IMDB_ID></IMDB_ID>
  <Language>en</Language>
  <Overview>A look at the ways marine animals attack and the physical attributes that make them so dangerous.</Overview>
  <ProductionCode></ProductionCode>
  <Rating>7.0</Rating>
  <RatingCount>1</RatingCount>
  <SeasonNumber>0</SeasonNumber>
  <Writer></Writer>
  <absolute_number></absolute_number>
  <airsafter_season>4</airsafter_season>
  <airsbefore_episode></airsbefore_episode>
  <airsbefore_season></airsbefore_season>
  <filename>episodes/99151/4298549.jpg</filename>
  <lastupdated>1338102383</lastupdated>
  <seasonid>78321</seasonid>
  <seriesid>99151</seriesid>
</Episode>
<Episode>
  <id>4332709</id>
  <Combined_episodenumber>10</Combined_episodenumber>
  <Combined_season>0</Combined_season>
  <DVD_chapter></DVD_chapter>
  <DVD_discid></DVD_discid>
  <DVD_episodenumber></DVD_episodenumber>
  <DVD_season></DVD_season>
  <Director></Director>
  <EpImgFlag>2</EpImgFlag>
  <EpisodeName>Lethal Legends</EpisodeName>
  <EpisodeNumber>10</EpisodeNumber>
  <FirstAired>2012-05-23</FirstAired>
  <GuestStars></GuestStars>
  <IMDB_ID></IMDB_ID>
  <Language>en</Language>
  <Overview>Is there a snakelike fish in New Zealand that could devour you? Or a fishlike being in Japan that stalks children? In this River Monsters Special, Jeremy Wade untangles fact from fiction as he re-lives the beasts that lie behind lethal legends.</Overview>
  <ProductionCode></ProductionCode>
  <Rating>7.0</Rating>
  <RatingCount>1</RatingCount>
  <SeasonNumber>0</SeasonNumber>
  <Writer></Writer>
  <absolute_number></absolute_number>
  <airsafter_season>4</airsafter_season>
  <airsbefore_episode></airsbefore_episode>
  <airsbefore_season></airsbefore_season>
  <filename>episodes/99151/4332709.jpg</filename>
  <lastupdated>1338009634</lastupdated>
  <seasonid>78321</seasonid>
  <seriesid>99151</seriesid>
</Episode>
<Episode>
  <id>4332711</id>
  <Combined_episodenumber>11</Combined_episodenumber>
  <Combined_season>0</Combined_season>
  <DVD_chapter></DVD_chapter>
  <DVD_discid></DVD_discid>
  <DVD_episodenumber></DVD_episodenumber>
  <DVD_season></DVD_season>
  <Director></Director>
  <EpImgFlag>2</EpImgFlag>
  <EpisodeName>The Deadliest Encounters</EpisodeName>
  <EpisodeNumber>11</EpisodeNumber>
  <FirstAired>2012-05-24</FirstAired>
  <GuestStars></GuestStars>
  <IMDB_ID></IMDB_ID>
  <Language>en</Language>
  <Overview>Jeremy recalls close encounters with dangerous marine animals, including wolffish and whaler sharks. </Overview>
  <ProductionCode></ProductionCode>
  <Rating>7.0</Rating>
  <RatingCount>1</RatingCount>
  <SeasonNumber>0</SeasonNumber>
  <Writer></Writer>
  <absolute_number></absolute_number>
  <airsafter_season>4</airsafter_season>
  <airsbefore_episode></airsbefore_episode>
  <airsbefore_season></airsbefore_season>
  <filename>episodes/99151/4332711.jpg</filename>
  <lastupdated>1338009648</lastupdated>
  <seasonid>78321</seasonid>
  <seriesid>99151</seriesid>
</Episode>
<Episode>
  <id>4332712</id>
  <Combined_episodenumber>12</Combined_episodenumber>
  <Combined_season>0</Combined_season>
  <DVD_chapter></DVD_chapter>
  <DVD_discid></DVD_discid>
  <DVD_episodenumber></DVD_episodenumber>
  <DVD_season></DVD_season>
  <Director></Director>
  <EpImgFlag>2</EpImgFlag>
  <EpisodeName>Untold Stories</EpisodeName>
  <EpisodeNumber>12</EpisodeNumber>
  <FirstAired>2012-05-25</FirstAired>
  <GuestStars></GuestStars>
  <IMDB_ID></IMDB_ID>
  <Language>en</Language>
  <Overview>Jeremy Wade is renowned for tracking down freshwater beasts, yet it's the untold stories of what happened along the way that are often the best. In this special 'Behind-the-Scenes' edition, Wade reveals how reeling in the big fish is often the easy part!</Overview>
  <ProductionCode></ProductionCode>
  <Rating>7.0</Rating>
  <RatingCount>1</RatingCount>
  <SeasonNumber>0</SeasonNumber>
  <Writer></Writer>
  <absolute_number></absolute_number>
  <airsafter_season>4</airsafter_season>
  <airsbefore_episode></airsbefore_episode>
  <airsbefore_season></airsbefore_season>
  <filename>episodes/99151/4332712.jpg</filename>
  <lastupdated>1338102302</lastupdated>
  <seasonid>78321</seasonid>
  <seriesid>99151</seriesid>
</Episode>
<Episode>
  <id>4332713</id>
  <Combined_episodenumber>13</Combined_episodenumber>
  <Combined_season>0</Combined_season>
  <DVD_chapter></DVD_chapter>
  <DVD_discid></DVD_discid>
  <DVD_episodenumber></DVD_episodenumber>
  <DVD_season></DVD_season>
  <Director></Director>
  <EpImgFlag>2</EpImgFlag>
  <EpisodeName>The Deadliest Catfish</EpisodeName>
  <EpisodeNumber>13</EpisodeNumber>
  <FirstAired>2012-05-27</FirstAired>
  <GuestStars></GuestStars>
  <IMDB_ID></IMDB_ID>
  <Language>en</Language>
  <Overview>No other group of fish has such a diversity of horrors, or has spread so successfully around the world. Jeremy Wade re-lives his most intense encounters as he asks: Why are Catfish so often at the top of the suspect list?</Overview>
  <ProductionCode></ProductionCode>
  <Rating>7.0</Rating>
  <RatingCount>1</RatingCount>
  <SeasonNumber>0</SeasonNumber>
  <Writer></Writer>
  <absolute_number></absolute_number>
  <airsafter_season>4</airsafter_season>
  <airsbefore_episode></airsbefore_episode>
  <airsbefore_season></airsbefore_season>
  <filename>episodes/99151/4332713.jpg</filename>
  <lastupdated>1358977523</lastupdated>
  <seasonid>78321</seasonid>
  <seriesid>99151</seriesid>
</Episode>
<Episode>
  <id>4332714</id>
  <Combined_episodenumber>14</Combined_episodenumber>
  <Combined_season>0</Combined_season>
  <DVD_chapter></DVD_chapter>
  <DVD_discid></DVD_discid>
  <DVD_episodenumber></DVD_episodenumber>
  <DVD_season></DVD_season>
  <Director></Director>
  <EpImgFlag>2</EpImgFlag>
  <EpisodeName>Lair of Giants</EpisodeName>
  <EpisodeNumber>14</EpisodeNumber>
  <FirstAired>2012-05-28</FirstAired>
  <GuestStars></GuestStars>
  <IMDB_ID></IMDB_ID>
  <Language>en</Language>
  <Overview>The season four finale episode is a two-hour look into one of the most challenging expeditions of Jeremy Wade's life. He'll travel to the isolated and untouched jungles of Guyana, South America, where early explorers wrote about a river system filled with mysterious giants. Armed with only old journals and his rod, Wade embarks on an epic journey where he'll tackle the Essequibo — South America's third largest and least known river. He immerses himself in the culture of the Macushi Indians and must earn the trust of these native people in order to gather their knowledge and hear their stories. Once again he'll set out to separate fact from fiction. Are there terrifying ancient monsters still alive in this region's hostile waters?</Overview>
  <ProductionCode></ProductionCode>
  <Rating>8.0</Rating>
  <RatingCount>1</RatingCount>
  <SeasonNumber>0</SeasonNumber>
  <Writer></Writer>
  <absolute_number></absolute_number>
  <airsafter_season>4</airsafter_season>
  <airsbefore_episode></airsbefore_episode>
  <airsbefore_season></airsbefore_season>
  <filename>episodes/99151/4332714.jpg</filename>
  <lastupdated>1358977710</lastupdated>
  <seasonid>78321</seasonid>
  <seriesid>99151</seriesid>
</Episode>
<Episode>
  <id>754751</id>
  <Combined_episodenumber>1</Combined_episodenumber>
  <Combined_season>1</Combined_season>
  <DVD_chapter></DVD_chapter>
  <DVD_discid></DVD_discid>
  <DVD_episodenumber></DVD_episodenumber>
  <DVD_season></DVD_season>
  <Director></Director>
  <EpImgFlag>1</EpImgFlag>
  <EpisodeName>Piranha</EpisodeName>
  <EpisodeNumber>1</EpisodeNumber>
  <FirstAired>2009-04-05</FirstAired>
  <GuestStars></GuestStars>
  <IMDB_ID></IMDB_ID>
  <Language>en</Language>
  <Overview>In 1976 a packed coach crashed into the Amazon killing 39 people. By the time the bodies were pulled out by rescuers some had been so viciously mutilated by piranha they could only be identified by their clothes. Tracking down survivors and eyewitnesses of piranha attacks, Jeremy Wade reveals why the piranha fills our nightmares.</Overview>
  <ProductionCode></ProductionCode>
  <Rating>7.0</Rating>
  <RatingCount>4</RatingCount>
  <SeasonNumber>1</SeasonNumber>
  <Writer></Writer>
  <absolute_number></absolute_number>
  <filename>episodes/99151/754751.jpg</filename>
  <lastupdated>1244959605</lastupdated>
  <seasonid>78331</seasonid>
  <seriesid>99151</seriesid>
</Episode>
<Episode>
  <id>754761</id>
  <Combined_episodenumber>2</Combined_episodenumber>
  <Combined_season>1</Combined_season>
  <DVD_chapter></DVD_chapter>
  <DVD_discid></DVD_discid>
  <DVD_episodenumber></DVD_episodenumber>
  <DVD_season></DVD_season>
  <Director></Director>
  <EpImgFlag>1</EpImgFlag>
  <EpisodeName>Killer Catfish</EpisodeName>
  <EpisodeNumber>2</EpisodeNumber>
  <FirstAired>2009-04-12</FirstAired>
  <GuestStars></GuestStars>
  <IMDB_ID></IMDB_ID>
  <Language>en</Language>
  <Overview>Two years ago, on the treacherous Kali River, high in the mountains of Northern India, Jeremy Wade unearthed the mother of all fisherman's tales and the ultimate freshwater horror: a super-sized freshwater fish turned man-eater. Jeremy takes on the biggest, toughest challenge he's ever faced as he heads back to the Himalayas to separate fact from fiction and track down the monstrous beast.</Overview>
  <ProductionCode></ProductionCode>
  <Rating>7.0</Rating>
  <RatingCount>2</RatingCount>
  <SeasonNumber>1</SeasonNumber>
  <Writer></Writer>
  <absolute_number></absolute_number>
  <filename>episodes/99151/754761.jpg</filename>
  <lastupdated>1256860580</lastupdated>
  <seasonid>78331</seasonid>
  <seriesid>99151</seriesid>
</Episode>
<Episode>
  <id>754771</id>
  <Combined_episodenumber>3</Combined_episodenumber>
  <Combined_season>1</Combined_season>
  <DVD_chapter></DVD_chapter>
  <DVD_discid></DVD_discid>
  <DVD_episodenumber></DVD_episodenumber>
  <DVD_season></DVD_season>
  <Director></Director>
  <EpImgFlag>1</EpImgFlag>
  <EpisodeName>Alligator Gar</EpisodeName>
  <EpisodeNumber>3</EpisodeNumber>
  <FirstAired>2009-04-19</FirstAired>
  <GuestStars></GuestStars>
  <IMDB_ID></IMDB_ID>
  <Language>en</Language>
  <Overview>In the Deep South is a river monster with the reputation of a devil. Blamed for a series of violent attacks on humans, this creature is said to be as vicious as a shark and as big as an alligator. The authorities said it should be annihilated, but not all are so quick to condemn it. Extreme angler Jeremy Wade heads to Texas on its trail in an attempt to uncover the facts behind this animal's notoriety. Helped by local expertise and with his own wits honed sharp, he finds new ways to reveal the truth about the monster alligator gar.</Overview>
  <ProductionCode></ProductionCode>
  <Rating>7.0</Rating>
  <RatingCount>5</RatingCount>
  <SeasonNumber>1</SeasonNumber>
  <Writer></Writer>
  <absolute_number></absolute_number>
  <filename>episodes/99151/754771.jpg</filename>
  <lastupdated>1244960315</lastupdated>
  <seasonid>78331</seasonid>
  <seriesid>99151</seriesid>
</Episode>
<Episode>
  <id>754781</id>
  <Combined_episodenumber>4</Combined_episodenumber>
  <Combined_season>1</Combined_season>
  <DVD_chapter></DVD_chapter>
  <DVD_discid></DVD_discid>
  <DVD_episodenumber></DVD_episodenumber>
  <DVD_season></DVD_season>
  <Director></Director>
  <EpImgFlag>1</EpImgFlag>
  <EpisodeName>European Maneater</EpisodeName>
  <EpisodeNumber>4</EpisodeNumber>
  <FirstAired>2009-04-26</FirstAired>
  <GuestStars></GuestStars>
  <IMDB_ID></IMDB_ID>
  <Language>en</Language>
  <Overview>Reports of an attack on a swimmer in a lake close to Berlin is the starting point for an intense and shocking investigation. Wade travels to Germany where he meets modern-day victims of a beast that has been raising its snout above the surface of fresh waters in Europe regularly over the past 700 years. Investigations travel to Spain where Wade discovers firsthand that the wels catfish is a living, breathing aggressive predator growing to man-eating proportions capable of everything depicted in medieval records and more.</Overview>
  <ProductionCode></ProductionCode>
  <Rating>7.0</Rating>
  <RatingCount>1</RatingCount>
  <SeasonNumber>1</SeasonNumber>
  <Writer></Writer>
  <absolute_number></absolute_number>
  <filename>episodes/99151/754781.jpg</filename>
  <lastupdated>1271407805</lastupdated>
  <seasonid>78331</seasonid>
  <seriesid>99151</seriesid>
</Episode>
<Episode>
  <id>754791</id>
  <Combined_episodenumber>5</Combined_episodenumber>
  <Combined_season>1</Combined_season>
  <DVD_chapter></DVD_chapter>
  <DVD_discid></DVD_discid>
  <DVD_episodenumber></DVD_episodenumber>
  <DVD_season></DVD_season>
  <Director></Director>
  <EpImgFlag>1</EpImgFlag>
  <EpisodeName>Amazon Assassins</EpisodeName>
  <EpisodeNumber>5</EpisodeNumber>
  <FirstAired>2009-05-03</FirstAired>
  <GuestStars></GuestStars>
  <IMDB_ID></IMDB_ID>
  <Language>en</Language>
  <Overview>In the darkest depths of the Amazon lurks a dinosaur. Legends tell of an evil spirit inhabiting an enormous fish. Taller than a man, it is covered in scales and crushes its prey with a tongue made of bone. Jeremy Wade has encountered this creature once before, and he came out second best. He's taking no chances in the rematch.</Overview>
  <ProductionCode></ProductionCode>
  <Rating>7.0</Rating>
  <RatingCount>3</RatingCount>
  <SeasonNumber>1</SeasonNumber>
  <Writer></Writer>
  <absolute_number></absolute_number>
  <filename>episodes/99151/754791.jpg</filename>
  <lastupdated>1244960844</lastupdated>
  <seasonid>78331</seasonid>
  <seriesid>99151</seriesid>
</Episode>
<Episode>
  <id>754801</id>
  <Combined_episodenumber>6</Combined_episodenumber>
  <Combined_season>1</Combined_season>
  <DVD_chapter></DVD_chapter>
  <DVD_discid></DVD_discid>
  <DVD_episodenumber></DVD_episodenumber>
  <DVD_season></DVD_season>
  <Director></Director>
  <EpImgFlag>1</EpImgFlag>
  <EpisodeName>Amazon Flesh Eaters</EpisodeName>
  <EpisodeNumber>6</EpisodeNumber>
  <FirstAired>2009-05-10</FirstAired>
  <GuestStars></GuestStars>
  <IMDB_ID></IMDB_ID>
  <Language>en</Language>
  <Overview>A man swallowed whole by a fish. A body eaten alive from within. Another penetrated in a most unnatural fashion, and yet more with multiple stab wounds. Jeremy Wade is in pursuit of these notorious killers to discover the facts — to determine if their crimes are real and their methods as gruesome as reported.</Overview>
  <ProductionCode></ProductionCode>
  <Rating>7.0</Rating>
  <RatingCount>2</RatingCount>
  <SeasonNumber>1</SeasonNumber>
  <Writer></Writer>
  <absolute_number></absolute_number>
  <filename>episodes/99151/754801.jpg</filename>
  <lastupdated>1272867368</lastupdated>
  <seasonid>78331</seasonid>
  <seriesid>99151</seriesid>
</Episode>
<Episode>
  <id>754811</id>
  <Combined_episodenumber>7</Combined_episodenumber>
  <Combined_season>1</Combined_season>
  <DVD_chapter></DVD_chapter>
  <DVD_discid></DVD_discid>
  <DVD_episodenumber></DVD_episodenumber>
  <DVD_season></DVD_season>
  <Director></Director>
  <EpImgFlag>1</EpImgFlag>
  <EpisodeName>Freshwater Shark</EpisodeName>
  <EpisodeNumber>7</EpisodeNumber>
  <FirstAired>2009-05-17</FirstAired>
  <GuestStars></GuestStars>
  <IMDB_ID></IMDB_ID>
  <Language>en</Language>
  <Overview>No fish inspires the same terror as the shark, a creature with an insatiable hunger for brutal violence. But at least these killers are confined to the oceans. Or are they? Expert angler Jeremy Wade investigates whether it's possible for sharks to live in freshwater, and if so just how far inland these vicious predators will bring their reign of terror.</Overview>
  <ProductionCode></ProductionCode>
  <Rating>7.3</Rating>
  <RatingCount>4</RatingCount>
  <SeasonNumber>1</SeasonNumber>
  <Writer></Writer>
  <absolute_number></absolute_number>
  <filename>episodes/99151/754811.jpg</filename>
  <lastupdated>1244961338</lastupdated>
  <seasonid>78331</seasonid>
  <seriesid>99151</seriesid>
</Episode>
<Episode>
  <id>1964601</id>
  <Combined_episodenumber>1</Combined_episodenumber>
  <Combined_season>2</Combined_season>
  <DVD_chapter></DVD_chapter>
  <DVD_discid></DVD_discid>
  <DVD_episodenumber></DVD_episodenumber>
  <DVD_season></DVD_season>
  <Director></Director>
  <EpImgFlag>1</EpImgFlag>
  <EpisodeName>Demon Fish</EpisodeName>
  <EpisodeNumber>1</EpisodeNumber>
  <FirstAired>2010-03-28</FirstAired>
  <GuestStars></GuestStars>
  <IMDB_ID></IMDB_ID>
  <Language>en</Language>
  <Overview>Jeremy Wade journeys to the infamous Congo River in Africa in search of the world's most ferocious fish. This supernatural monster predator pushes Jeremy to his physical and mental limit. It requires all of his skills and the help of a witch doctor.</Overview>
  <ProductionCode></ProductionCode>
  <Rating>7.5</Rating>
  <RatingCount>4</RatingCount>
  <SeasonNumber>2</SeasonNumber>
  <Writer></Writer>
  <absolute_number></absolute_number>
  <filename>episodes/99151/1964601.jpg</filename>
  <lastupdated>1271410701</lastupdated>
  <seasonid>221221</seasonid>
  <seriesid>99151</seriesid>
</Episode>
<Episode>
  <id>2115331</id>
  <Combined_episodenumber>2</Combined_episodenumber>
  <Combined_season>2</Combined_season>
  <DVD_chapter></DVD_chapter>
  <DVD_discid></DVD_discid>
  <DVD_episodenumber></DVD_episodenumber>
  <DVD_season></DVD_season>
  <Director></Director>
  <EpImgFlag>3</EpImgFlag>
  <EpisodeName>Death Ray</EpisodeName>
  <EpisodeNumber>2</EpisodeNumber>
  <FirstAired>2010-04-25</FirstAired>
  <GuestStars></GuestStars>
  <IMDB_ID></IMDB_ID>
  <Language>en</Language>
  <Overview>Jeremy Wade heads to The Mekong River in Thailand in search of one of the world's largest, most terrifying river fish, the Giant Freshwater Stingray. Armed with a venomous 10 inch barbed tail, this 700-pound monster tests Jeremy to his physical limit.</Overview>
  <ProductionCode></ProductionCode>
  <Rating>7.0</Rating>
  <RatingCount>4</RatingCount>
  <SeasonNumber>2</SeasonNumber>
  <Writer></Writer>
  <absolute_number></absolute_number>
  <filename>episodes/99151/2115331.jpg</filename>
  <lastupdated>1272866835</lastupdated>
  <seasonid>221221</seasonid>
  <seriesid>99151</seriesid>
</Episode>
<Episode>
  <id>2115341</id>
  <Combined_episodenumber>3</Combined_episodenumber>
  <Combined_season>2</Combined_season>
  <DVD_chapter></DVD_chapter>
  <DVD_discid></DVD_discid>
  <DVD_episodenumber></DVD_episodenumber>
  <DVD_season></DVD_season>
  <Director></Director>
  <EpImgFlag>3</EpImgFlag>
  <EpisodeName>Killer Snakehead</EpisodeName>
  <EpisodeNumber>3</EpisodeNumber>
  <FirstAired>2010-05-02</FirstAired>
  <GuestStars></GuestStars>
  <IMDB_ID></IMDB_ID>
  <Language>en</Language>
  <Overview>Angler Jeremy Wade sets his sights on an aggressive Far Eastern predator that's now invading America's backyards. Accused of homicide, and said to breathe air and crawl on land, the Snakehead is a monster that sounds more like a gangster than a fish.</Overview>
  <ProductionCode></ProductionCode>
  <Rating>7.0</Rating>
  <RatingCount>2</RatingCount>
  <SeasonNumber>2</SeasonNumber>
  <Writer></Writer>
  <absolute_number></absolute_number>
  <filename>episodes/99151/2115341.jpg</filename>
  <lastupdated>1272866859</lastupdated>
  <seasonid>221221</seasonid>
  <seriesid>99151</seriesid>
</Episode>
<Episode>
  <id>2115351</id>
  <Combined_episodenumber>4</Combined_episodenumber>
  <Combined_season>2</Combined_season>
  <DVD_chapter></DVD_chapter>
  <DVD_discid></DVD_discid>
  <DVD_episodenumber></DVD_episodenumber>
  <DVD_season></DVD_season>
  <Director></Director>
  <EpImgFlag>3</EpImgFlag>
  <EpisodeName>Congo Killer</EpisodeName>
  <EpisodeNumber>4</EpisodeNumber>
  <FirstAired>2010-05-09</FirstAired>
  <GuestStars></GuestStars>
  <IMDB_ID></IMDB_ID>
  <Language>en</Language>
  <Overview>Jeremy Wade travels to one of the few rivers left on earth that will still test a fisherman. The Congo, a river steeped in legends... and soaked in violence. One spirit in particular is said to lure fishermen from their boats to their death.</Overview>
  <ProductionCode></ProductionCode>
  <Rating>7.0</Rating>
  <RatingCount>1</RatingCount>
  <SeasonNumber>2</SeasonNumber>
  <Writer></Writer>
  <absolute_number></absolute_number>
  <filename>episodes/99151/2115351.jpg</filename>
  <lastupdated>1272867122</lastupdated>
  <seasonid>221221</seasonid>
  <seriesid>99151</seriesid>
</Episode>
<Episode>
  <id>2115361</id>
  <Combined_episodenumber>5</Combined_episodenumber>
  <Combined_season>2</Combined_season>
  <DVD_chapter></DVD_chapter>
  <DVD_discid></DVD_discid>
  <DVD_episodenumber></DVD_episodenumber>
  <DVD_season></DVD_season>
  <Director></Director>
  <EpImgFlag>3</EpImgFlag>
  <EpisodeName>Alaskan Horror</EpisodeName>
  <EpisodeNumber>5</EpisodeNumber>
  <FirstAired>2010-05-16</FirstAired>
  <GuestStars></GuestStars>
  <IMDB_ID></IMDB_ID>
  <Language>en</Language>
  <Overview>Extreme angler Jeremy Wade searches for the lethal lake monster of native legend that's been dragging people down to an icy grave for centuries. He ends up landing the largest fish he's ever caught, but is this the monster?</Overview>
  <ProductionCode></ProductionCode>
  <Rating>7.3</Rating>
  <RatingCount>3</RatingCount>
  <SeasonNumber>2</SeasonNumber>
  <Writer></Writer>
  <absolute_number></absolute_number>
  <filename>episodes/99151/2115361.jpg</filename>
  <lastupdated>1272867164</lastupdated>
  <seasonid>221221</seasonid>
  <seriesid>99151</seriesid>
</Episode>
<Episode>
  <id>2115371</id>
  <Combined_episodenumber>6</Combined_episodenumber>
  <Combined_season>2</Combined_season>
  <DVD_chapter></DVD_chapter>
  <DVD_discid></DVD_discid>
  <DVD_episodenumber></DVD_episodenumber>
  <DVD_season></DVD_season>
  <Director></Director>
  <EpImgFlag>3</EpImgFlag>
  <EpisodeName>Rift Valley Killer</EpisodeName>
  <EpisodeNumber>6</EpisodeNumber>
  <FirstAired>2010-05-23</FirstAired>
  <GuestStars></GuestStars>
  <IMDB_ID></IMDB_ID>
  <Language>en</Language>
  <Overview>Jeremy Wade is on a quest to Africa's Rift Valley to explore the roots of fishing and the monsters these first fishermen faced. It's a dangerous place, filled with killer crocs, hippos and warring gangs, but at its heart is a worthy prize: the Mputa, aka Nile perch, Africa's largest freshwater fish.</Overview>
  <ProductionCode></ProductionCode>
  <Rating>7.0</Rating>
  <RatingCount>2</RatingCount>
  <SeasonNumber>2</SeasonNumber>
  <Writer></Writer>
  <absolute_number></absolute_number>
  <filename>episodes/99151/2115371.jpg</filename>
  <lastupdated>1272867285</lastupdated>
  <seasonid>221221</seasonid>
  <seriesid>99151</seriesid>
</Episode>
<Episode>
  <id>2115381</id>
  <Combined_episodenumber>7</Combined_episodenumber>
  <Combined_season>2</Combined_season>
  <DVD_chapter></DVD_chapter>
  <DVD_discid></DVD_discid>
  <DVD_episodenumber></DVD_episodenumber>
  <DVD_season></DVD_season>
  <Director></Director>
  <EpImgFlag>3</EpImgFlag>
  <EpisodeName>Hidden Predator</EpisodeName>
  <EpisodeNumber>7</EpisodeNumber>
  <FirstAired>2010-05-30</FirstAired>
  <GuestStars></GuestStars>
  <IMDB_ID></IMDB_ID>
  <Language>en</Language>
  <Overview>The biggest bull shark ever recorded was caught in South Africa, in a river. Was this monstrous freshwater catch a horrifying fluke, or are there more shark giants prowling this river? Jeremy Wade heads to South Africa to see if he can land a monster!</Overview>
  <ProductionCode></ProductionCode>
  <Rating>7.0</Rating>
  <RatingCount>2</RatingCount>
  <SeasonNumber>2</SeasonNumber>
  <Writer></Writer>
  <absolute_number></absolute_number>
  <filename>episodes/99151/2115381.jpg</filename>
  <lastupdated>1278507152</lastupdated>
  <seasonid>221221</seasonid>
  <seriesid>99151</seriesid>
</Episode>
<Episode>
  <id>3851821</id>
  <Combined_episodenumber>1</Combined_episodenumber>
  <Combined_season>3</Combined_season>
  <DVD_chapter></DVD_chapter>
  <DVD_discid></DVD_discid>
  <DVD_episodenumber></DVD_episodenumber>
  <DVD_season></DVD_season>
  <Director></Director>
  <EpImgFlag>2</EpImgFlag>
  <EpisodeName>The Mutilator</EpisodeName>
  <EpisodeNumber>1</EpisodeNumber>
  <FirstAired>2011-04-10</FirstAired>
  <GuestStars></GuestStars>
  <IMDB_ID></IMDB_ID>
  <Language>en</Language>
  <Overview>Jeremy Wade travels to Papua New Guinea to investigate a spate of bizarre deaths on one of the world's last great unexplored rivers, the Sepik. A creature there is tearing chunks from unsuspecting fishermen and devouring certain male body parts. Jeremy has never fished in this part of the world and knows little of what might be there. Nothing could prepare him for what he discovers. </Overview>
  <ProductionCode></ProductionCode>
  <Rating>8.0</Rating>
  <RatingCount>6</RatingCount>
  <SeasonNumber>3</SeasonNumber>
  <Writer></Writer>
  <absolute_number></absolute_number>
  <filename>episodes/99151/3851821.jpg</filename>
  <lastupdated>1302585895</lastupdated>
  <seasonid>438331</seasonid>
  <seriesid>99151</seriesid>
</Episode>
<Episode>
  <id>4054331</id>
  <Combined_episodenumber>2</Combined_episodenumber>
  <Combined_season>3</Combined_season>
  <DVD_chapter></DVD_chapter>
  <DVD_discid></DVD_discid>
  <DVD_episodenumber></DVD_episodenumber>
  <DVD_season></DVD_season>
  <Director></Director>
  <EpImgFlag>2</EpImgFlag>
  <EpisodeName>Flesh Ripper</EpisodeName>
  <EpisodeNumber>2</EpisodeNumber>
  <FirstAired>2011-04-17</FirstAired>
  <GuestStars></GuestStars>
  <IMDB_ID></IMDB_ID>
  <Language>en</Language>
  <Overview>Jeremy Wade is on the trail of a mysterious man-eater. New Zealand's fresh waters have been a safe place for swimmers, yet as Jeremy finds out, its remote rivers and deep lakes provide refuge for an ancient and slippery predator that can stay hidden for more than a century. To flush one out, he must put himself on the menu. </Overview>
  <ProductionCode></ProductionCode>
  <Rating>7.8</Rating>
  <RatingCount>5</RatingCount>
  <SeasonNumber>3</SeasonNumber>
  <Writer></Writer>
  <absolute_number></absolute_number>
  <filename>episodes/99151/4054331.jpg</filename>
  <lastupdated>1303276607</lastupdated>
  <seasonid>438331</seasonid>
  <seriesid>99151</seriesid>
</Episode>
<Episode>
  <id>4054341</id>
  <Combined_episodenumber>3</Combined_episodenumber>
  <Combined_season>3</Combined_season>
  <DVD_chapter></DVD_chapter>
  <DVD_discid></DVD_discid>
  <DVD_episodenumber></DVD_episodenumber>
  <DVD_season></DVD_season>
  <Director></Director>
  <EpImgFlag>2</EpImgFlag>
  <EpisodeName>Silent Assassin</EpisodeName>
  <EpisodeNumber>3</EpisodeNumber>
  <FirstAired>2011-04-24</FirstAired>
  <GuestStars></GuestStars>
  <IMDB_ID></IMDB_ID>
  <Language>en</Language>
  <Overview>Jeremy Wade travels to the Paraná River in the remote northeast corner of Argentina to investigate the death of a young girl. Once there, he discovers a second death. The people who live along this river bank fear the creature they call &quot;River Dog.&quot; This is a new species to Jeremy, a river monster that somehow got under his radar. His discovery is not only the most alien of all river monsters, it is also the largest totally freshwater river monster Jeremy ever has caught! </Overview>
  <ProductionCode></ProductionCode>
  <Rating>7.8</Rating>
  <RatingCount>6</RatingCount>
  <SeasonNumber>3</SeasonNumber>
  <Writer></Writer>
  <absolute_number></absolute_number>
  <filename>episodes/99151/4054341.jpg</filename>
  <lastupdated>1303761579</lastupdated>
  <seasonid>438331</seasonid>
  <seriesid>99151</seriesid>
</Episode>
<Episode>
  <id>4054351</id>
  <Combined_episodenumber>4</Combined_episodenumber>
  <Combined_season>3</Combined_season>
  <DVD_chapter></DVD_chapter>
  <DVD_discid></DVD_discid>
  <DVD_episodenumber></DVD_episodenumber>
  <DVD_season></DVD_season>
  <Director></Director>
  <EpImgFlag>2</EpImgFlag>
  <EpisodeName>Chainsaw Predator</EpisodeName>
  <EpisodeNumber>4</EpisodeNumber>
  <FirstAired>2011-05-01</FirstAired>
  <GuestStars></GuestStars>
  <IMDB_ID></IMDB_ID>
  <Language>en</Language>
  <Overview>Jeremy Wade heads to a remote river in the Australian Outback to try and catch the rare but fearsome freshwater sawfish. This shadowy predator is reputed to reach 18 feet long and attacks boats — but does the fact that it could slash Jeremy to shreds make it a killer? And why is this bizarre-looking sea monster swimming hundreds of miles inland? </Overview>
  <ProductionCode></ProductionCode>
  <Rating>8.0</Rating>
  <RatingCount>4</RatingCount>
  <SeasonNumber>3</SeasonNumber>
  <Writer></Writer>
  <absolute_number></absolute_number>
  <filename>episodes/99151/4054351.jpg</filename>
  <lastupdated>1304437781</lastupdated>
  <seasonid>438331</seasonid>
  <seriesid>99151</seriesid>
</Episode>
<Episode>
  <id>4054401</id>
  <Combined_episodenumber>5</Combined_episodenumber>
  <Combined_season>3</Combined_season>
  <DVD_chapter></DVD_chapter>
  <DVD_discid></DVD_discid>
  <DVD_episodenumber></DVD_episodenumber>
  <DVD_season></DVD_season>
  <Director></Director>
  <EpImgFlag>2</EpImgFlag>
  <EpisodeName>Electric Executioner</EpisodeName>
  <EpisodeNumber>5</EpisodeNumber>
  <FirstAired>2011-05-15</FirstAired>
  <GuestStars></GuestStars>
  <IMDB_ID></IMDB_ID>
  <Language>en</Language>
  <Overview>Jeremy Wade travels to Brazil's &quot;wild west&quot; in search of a river monster that has killed three cowboys. The search for the culprit sends him deep into prospecting cattle country, where he discovers the shocking truth about a fish he's never caught before. He has to combat all his fears to catch this monster, and after a long chase, Jeremy finally corners his elusive prey in the most unexpected place. All he has to do then is catch it without getting killed. </Overview>
  <ProductionCode></ProductionCode>
  <Rating>7.6</Rating>
  <RatingCount>5</RatingCount>
  <SeasonNumber>3</SeasonNumber>
  <Writer></Writer>
  <absolute_number></absolute_number>
  <filename>episodes/99151/4054401.jpg</filename>
  <lastupdated>1310281996</lastupdated>
  <seasonid>438331</seasonid>
  <seriesid>99151</seriesid>
</Episode>
<Episode>
  <id>4054411</id>
  <Combined_episodenumber>6</Combined_episodenumber>
  <Combined_season>3</Combined_season>
  <DVD_chapter></DVD_chapter>
  <DVD_discid></DVD_discid>
  <DVD_episodenumber></DVD_episodenumber>
  <DVD_season></DVD_season>
  <Director></Director>
  <EpImgFlag>2</EpImgFlag>
  <EpisodeName>Cold-Blooded Horror</EpisodeName>
  <EpisodeNumber>6</EpisodeNumber>
  <FirstAired>2011-05-22</FirstAired>
  <GuestStars></GuestStars>
  <IMDB_ID></IMDB_ID>
  <Language>en</Language>
  <Overview>Having never been to Japan, Jeremy Wade is entering new territory in more ways than one. The river monsters there are like no others he ever has encountered, from the devastating &quot;Namazu,&quot; which legend says causes earthquakes, to a child-snatching killer called the &quot;Kappa.&quot; Can our extreme fisherman uncover the truth behind these legends? Can he catch a monster in the rivers of Japan that reveals the reality behind these horrific tales? He is about to find out. </Overview>
  <ProductionCode></ProductionCode>
  <Rating>8.0</Rating>
  <RatingCount>6</RatingCount>
  <SeasonNumber>3</SeasonNumber>
  <Writer></Writer>
  <absolute_number></absolute_number>
  <filename>episodes/99151/4054411.jpg</filename>
  <lastupdated>1310282026</lastupdated>
  <seasonid>438331</seasonid>
  <seriesid>99151</seriesid>
</Episode>
<Episode>
  <id>4054421</id>
  <Combined_episodenumber>7</Combined_episodenumber>
  <Combined_season>3</Combined_season>
  <DVD_chapter></DVD_chapter>
  <DVD_discid></DVD_discid>
  <DVD_episodenumber></DVD_episodenumber>
  <DVD_season></DVD_season>
  <Director></Director>
  <EpImgFlag>2</EpImgFlag>
  <EpisodeName>Jungle Killer</EpisodeName>
  <EpisodeNumber>7</EpisodeNumber>
  <FirstAired>2011-05-30</FirstAired>
  <GuestStars></GuestStars>
  <IMDB_ID></IMDB_ID>
  <Language>en</Language>
  <Overview>Jeremy Wade sets out to discover the true river monster of South America. Piranhas get all the press, but is there a more fearsome predator lurking in its rivers? Tipped off by an account of an attack on a diver, Jeremy soon discovers that there is a real monster to find. Tipped off by the the local Amerindian tribe, Jeremy heads deeper and deeper into the remote jungles of Suriname to come face to face with a jungle killer like no other. </Overview>
  <ProductionCode></ProductionCode>
  <Rating>7.0</Rating>
  <RatingCount>4</RatingCount>
  <SeasonNumber>3</SeasonNumber>
  <Writer></Writer>
  <absolute_number></absolute_number>
  <filename>episodes/99151/4054421.jpg</filename>
  <lastupdated>1310282042</lastupdated>
  <seasonid>438331</seasonid>
  <seriesid>99151</seriesid>
</Episode>
<Episode>
  <id>4296579</id>
  <Combined_episodenumber>1</Combined_episodenumber>
  <Combined_season>4</Combined_season>
  <DVD_chapter></DVD_chapter>
  <DVD_discid></DVD_discid>
  <DVD_episodenumber></DVD_episodenumber>
  <DVD_season></DVD_season>
  <Director></Director>
  <EpImgFlag>2</EpImgFlag>
  <EpisodeName>American Killers</EpisodeName>
  <EpisodeNumber>1</EpisodeNumber>
  <FirstAired>2012-04-01</FirstAired>
  <GuestStars></GuestStars>
  <IMDB_ID></IMDB_ID>
  <Language>en</Language>
  <Overview>In the suspense-filled two-hour premiere, Jeremy Wade treks across the United States in search of deadly river monsters living in the nation's waterways. Wade ventures from the popular Indian River Lagoon in Florida where unsuspecting water enthusiasts are faced with what could become a modern day Jaws, to the Lake of the Ozarks in Missouri, where underwater hunters have reached man-eating proportions.
</Overview>
  <ProductionCode></ProductionCode>
  <Rating>8.5</Rating>
  <RatingCount>2</RatingCount>
  <SeasonNumber>4</SeasonNumber>
  <Writer></Writer>
  <absolute_number></absolute_number>
  <filename>episodes/99151/4296579.jpg</filename>
  <lastupdated>1336567500</lastupdated>
  <seasonid>489003</seasonid>
  <seriesid>99151</seriesid>
</Episode>
<Episode>
  <id>4296580</id>
  <Combined_episodenumber>2</Combined_episodenumber>
  <Combined_season>4</Combined_season>
  <DVD_chapter></DVD_chapter>
  <DVD_discid></DVD_discid>
  <DVD_episodenumber></DVD_episodenumber>
  <DVD_season></DVD_season>
  <Director></Director>
  <EpImgFlag>2</EpImgFlag>
  <EpisodeName>Pack of Teeth</EpisodeName>
  <EpisodeNumber>2</EpisodeNumber>
  <FirstAired>2012-04-08</FirstAired>
  <GuestStars></GuestStars>
  <IMDB_ID></IMDB_ID>
  <Language>en</Language>
  <Overview>In Southern Africa there are rumors of a terrifying river monster lurking in the eerie waters of the Okavango Delta. Witnesses say the fish have shark-like teeth and hunt in frenzied packs on schools of fish — and maybe even on human bodies. It sounds mysteriously like the work of giant piranhas, but there's nothing like that here. Or is there? Jeremy Wade sets out to uncover the truth. </Overview>
  <ProductionCode></ProductionCode>
  <Rating>8.0</Rating>
  <RatingCount>3</RatingCount>
  <SeasonNumber>4</SeasonNumber>
  <Writer></Writer>
  <absolute_number></absolute_number>
  <filename>episodes/99151/4296580.jpg</filename>
  <lastupdated>1359053588</lastupdated>
  <seasonid>489003</seasonid>
  <seriesid>99151</seriesid>
</Episode>
<Episode>
  <id>4298544</id>
  <Combined_episodenumber>3</Combined_episodenumber>
  <Combined_season>4</Combined_season>
  <DVD_chapter></DVD_chapter>
  <DVD_discid></DVD_discid>
  <DVD_episodenumber></DVD_episodenumber>
  <DVD_season></DVD_season>
  <Director></Director>
  <EpImgFlag>2</EpImgFlag>
  <EpisodeName>Invisible Executioner</EpisodeName>
  <EpisodeNumber>3</EpisodeNumber>
  <FirstAired>2012-04-15</FirstAired>
  <GuestStars></GuestStars>
  <IMDB_ID></IMDB_ID>
  <Language>en</Language>
  <Overview>It's common knowledge that crocodiles and hippos are deadly predators in Zambian waterways, but it seems there's another monstrous beast stalking the treacherous Zambezi River. The locals call this river monster &quot;the Mazunda&quot; but Jeremy Wade is unfamiliar with any fish by that name. Will he uncover what the sinister creature — said to be able to swallow a child — really is? </Overview>
  <ProductionCode></ProductionCode>
  <Rating>8.7</Rating>
  <RatingCount>3</RatingCount>
  <SeasonNumber>4</SeasonNumber>
  <Writer></Writer>
  <absolute_number></absolute_number>
  <filename>episodes/99151/4298544.jpg</filename>
  <lastupdated>1358976936</lastupdated>
  <seasonid>489003</seasonid>
  <seriesid>99151</seriesid>
</Episode>
<Episode>
  <id>4298545</id>
  <Combined_episodenumber>4</Combined_episodenumber>
  <Combined_season>4</Combined_season>
  <DVD_chapter></DVD_chapter>
  <DVD_discid></DVD_discid>
  <DVD_episodenumber></DVD_episodenumber>
  <DVD_season></DVD_season>
  <Director></Director>
  <EpImgFlag>2</EpImgFlag>
  <EpisodeName>Asian Slayer</EpisodeName>
  <EpisodeNumber>4</EpisodeNumber>
  <FirstAired>2012-04-22</FirstAired>
  <GuestStars></GuestStars>
  <IMDB_ID></IMDB_ID>
  <Language>en</Language>
  <Overview>When Jeremy Wade travels to India's Himalayas to investigate grisly river attacks, he is surprised to learn that the suspected culprit is a sacred animal. Does he heed warnings from the local people that he'll be cursed for life if he touches the creature, or will he pursue his need to solve the mystery? </Overview>
  <ProductionCode></ProductionCode>
  <Rating>8.0</Rating>
  <RatingCount>2</RatingCount>
  <SeasonNumber>4</SeasonNumber>
  <Writer></Writer>
  <absolute_number></absolute_number>
  <filename>episodes/99151/4298545.jpg</filename>
  <lastupdated>1358977084</lastupdated>
  <seasonid>489003</seasonid>
  <seriesid>99151</seriesid>
</Episode>
<Episode>
  <id>4298546</id>
  <Combined_episodenumber>5</Combined_episodenumber>
  <Combined_season>4</Combined_season>
  <DVD_chapter></DVD_chapter>
  <DVD_discid></DVD_discid>
  <DVD_episodenumber></DVD_episodenumber>
  <DVD_season></DVD_season>
  <Director></Director>
  <EpImgFlag>2</EpImgFlag>
  <EpisodeName>Russian Killer</EpisodeName>
  <EpisodeNumber>5</EpisodeNumber>
  <FirstAired>2012-05-06</FirstAired>
  <GuestStars></GuestStars>
  <IMDB_ID></IMDB_ID>
  <Language>en</Language>
  <Overview>The eerie disappearance of three men in far eastern Russia proves to be a baffling case for Jeremy Wade. His first visit to Russia takes him on a three-day trip to the Amur River where he seeks to uncover what happened to the fisherman and others who have met their demise on these waters. The prime suspect is a predator that can top a ton and exceed 18 feet in length — yet for some reason, not a soul will help him find it. Stonewalled at every turn, Wade begins to believe there is there a dark secret he's not meant to discover.
</Overview>
  <ProductionCode></ProductionCode>
  <Rating>7.8</Rating>
  <RatingCount>5</RatingCount>
  <SeasonNumber>4</SeasonNumber>
  <Writer></Writer>
  <absolute_number></absolute_number>
  <filename>episodes/99151/4298546.jpg</filename>
  <lastupdated>1358977176</lastupdated>
  <seasonid>489003</seasonid>
  <seriesid>99151</seriesid>
</Episode>
<Episode>
  <id>4298547</id>
  <Combined_episodenumber>6</Combined_episodenumber>
  <Combined_season>4</Combined_season>
  <DVD_chapter></DVD_chapter>
  <DVD_discid></DVD_discid>
  <DVD_episodenumber></DVD_episodenumber>
  <DVD_season></DVD_season>
  <Director></Director>
  <EpImgFlag>2</EpImgFlag>
  <EpisodeName>Mongolian Mauler</EpisodeName>
  <EpisodeNumber>6</EpisodeNumber>
  <FirstAired>2012-05-13</FirstAired>
  <GuestStars></GuestStars>
  <IMDB_ID></IMDB_ID>
  <Language>en</Language>
  <Overview>In Mongolia, Jeremy Wade hopes to reel in a rare river monster thatâ€™s become legendary. Pound for pound, this man-sized monster is said to be one of the world's strongest fighters. Could the rivers here still be home to a beast that many have heard about but few have seen? While Wade is on the hunt, he may be hunted himself as armed outlaws lurk in the wilderness surrounding the remote river. </Overview>
  <ProductionCode></ProductionCode>
  <Rating>7.5</Rating>
  <RatingCount>2</RatingCount>
  <SeasonNumber>4</SeasonNumber>
  <Writer></Writer>
  <absolute_number></absolute_number>
  <filename>episodes/99151/4298547.jpg</filename>
  <lastupdated>1358977323</lastupdated>
  <seasonid>489003</seasonid>
  <seriesid>99151</seriesid>
</Episode>
<Episode>
  <id>4298548</id>
  <Combined_episodenumber>7</Combined_episodenumber>
  <Combined_season>4</Combined_season>
  <DVD_chapter></DVD_chapter>
  <DVD_discid></DVD_discid>
  <DVD_episodenumber></DVD_episodenumber>
  <DVD_season></DVD_season>
  <Director></Director>
  <EpImgFlag>2</EpImgFlag>
  <EpisodeName>Phantom Assassin</EpisodeName>
  <EpisodeNumber>7</EpisodeNumber>
  <FirstAired>2012-05-20</FirstAired>
  <GuestStars></GuestStars>
  <IMDB_ID></IMDB_ID>
  <Language>en</Language>
  <Overview>Jeremy Wade returns to Australia's croc-infested Fitzroy River for one of his toughest quests yet — to catch one of the world's rarest fish. This shark is so elusive it was only discovered ten years ago, and so rare only a handful of people have ever seen it. Almost nothing is known about this endangered beast. Could it be a man-eater? The expedition turns Wade's knowledge of freshwater killers upside down as these animals seem to break all the rules. </Overview>
  <ProductionCode></ProductionCode>
  <Rating>8.0</Rating>
  <RatingCount>3</RatingCount>
  <SeasonNumber>4</SeasonNumber>
  <Writer></Writer>
  <absolute_number></absolute_number>
  <filename>episodes/99151/4298548.jpg</filename>
  <lastupdated>1358977386</lastupdated>
  <seasonid>489003</seasonid>
  <seriesid>99151</seriesid>
</Episode>
<Episode>
  <id>4523152</id>
  <Combined_episodenumber>1</Combined_episodenumber>
  <Combined_season>5</Combined_season>
  <DVD_chapter></DVD_chapter>
  <DVD_discid></DVD_discid>
  <DVD_episodenumber></DVD_episodenumber>
  <DVD_season></DVD_season>
  <Director></Director>
  <EpImgFlag></EpImgFlag>
  <EpisodeName>Face Ripper</EpisodeName>
  <EpisodeNumber>1</EpisodeNumber>
  <FirstAired>2013-04-07</FirstAired>
  <GuestStars></GuestStars>
  <IMDB_ID></IMDB_ID>
  <Language>en</Language>
  <Overview></Overview>
  <ProductionCode></ProductionCode>
  <Rating></Rating>
  <RatingCount>0</RatingCount>
  <SeasonNumber>5</SeasonNumber>
  <Writer></Writer>
  <absolute_number></absolute_number>
  <filename></filename>
  <lastupdated>1364590572</lastupdated>
  <seasonid>514890</seasonid>
  <seriesid>99151</seriesid>
</Episode>
</Data>