<?xml version="1.0" encoding="UTF-8" ?>
<Actors>
<Actor>
  <id>284600</id>
  <Image>actors/284600.jpg</Image>
  <Name>Whitney Cummings</Name>
  <Role>Whitney</Role>
  <SortOrder>0</SortOrder>
</Actor>
<Actor>
  <id>284604</id>
  <Image>actors/284604.jpg</Image>
  <Name>Chris D'Elia</Name>
  <Role>Alex</Role>
  <SortOrder>1</SortOrder>
</Actor>
<Actor>
  <id>284602</id>
  <Image>actors/284602.jpg</Image>
  <Name>Zoe Lister Jones</Name>
  <Role>Lily </Role>
  <SortOrder>2</SortOrder>
</Actor>
<Actor>
  <id>305907</id>
  <Image>actors/305907.jpg</Image>
  <Name>Tone Bell</Name>
  <Role>R.J.</Role>
  <SortOrder>3</SortOrder>
</Actor>
<Actor>
  <id>290053</id>
  <Image>actors/290053.jpg</Image>
  <Name>Dan O'Brien</Name>
  <Role>Mark</Role>
  <SortOrder>3</SortOrder>
</Actor>
<Actor>
  <id>290052</id>
  <Image>actors/290052.jpg</Image>
  <Name>Rhea Seehorn</Name>
  <Role>Roxanne</Role>
  <SortOrder>3</SortOrder>
</Actor>
<Actor>
  <id>284603</id>
  <Image>actors/284603.jpg</Image>
  <Name>Maulik Pancholy</Name>
  <Role>Neal </Role>
  <SortOrder>3</SortOrder>
</Actor>
</Actors>