<?xml version="1.0" encoding="UTF-8" ?>
<Data><Series>
  <id>248951</id>
  <Actors>|Whitney Cummings|Chris D'Elia|Zoe Lister Jones|Tone Bell|Dan O'Brien|Rhea Seehorn|Maulik Pancholy|</Actors>
  <Airs_DayOfWeek>Wednesday</Airs_DayOfWeek>
  <Airs_Time>8:00 PM</Airs_Time>
  <ContentRating>TV-14</ContentRating>
  <FirstAired>2011-09-22</FirstAired>
  <Genre>|Comedy|</Genre>
  <IMDB_ID>tt1850458</IMDB_ID>
  <Language>en</Language>
  <Network>NBC</Network>
  <NetworkID></NetworkID>
  <Overview>NBC's new multi-camera comedy &quot;Whitney&quot; is a hilarious look at modern day love, which centers around Whitney (Whitney Cummings, &quot;Chelsea Lately&quot;) and Alex (Chris D'Elia, &quot;Glory Daze&quot;), a happily unmarried couple. Together for three years, the duo is in no rush to get hitched, which seems to get a mixed response from their friends.</Overview>
  <Rating>8.1</Rating>
  <RatingCount>12</RatingCount>
  <Runtime>30</Runtime>
  <SeriesID>81476</SeriesID>
  <SeriesName>Whitney</SeriesName>
  <Status>Continuing</Status>
  <added>2011-05-22 06:37:02</added>
  <addedBy>235881</addedBy>
  <banner>graphical/248951-g2.jpg</banner>
  <fanart>fanart/original/248951-1.jpg</fanart>
  <lastupdated>1365540310</lastupdated>
  <poster>posters/248951-4.jpg</poster>
  <zap2it_id>EP01419048</zap2it_id>
</Series>
<Episode>
  <id>4139575</id>
  <Combined_episodenumber>1</Combined_episodenumber>
  <Combined_season>0</Combined_season>
  <DVD_chapter></DVD_chapter>
  <DVD_discid></DVD_discid>
  <DVD_episodenumber></DVD_episodenumber>
  <DVD_season></DVD_season>
  <Director></Director>
  <EpImgFlag></EpImgFlag>
  <EpisodeName>Preview</EpisodeName>
  <EpisodeNumber>1</EpisodeNumber>
  <FirstAired>2011-08-29</FirstAired>
  <GuestStars></GuestStars>
  <IMDB_ID></IMDB_ID>
  <Language>en</Language>
  <Overview>Whitney Cummings will have you rolling with laughter in her hilarious new sitcom. Get a first look at the shenanigans with this special sneak peek.</Overview>
  <ProductionCode></ProductionCode>
  <Rating></Rating>
  <RatingCount>0</RatingCount>
  <SeasonNumber>0</SeasonNumber>
  <Writer></Writer>
  <absolute_number></absolute_number>
  <airsafter_season></airsafter_season>
  <airsbefore_episode>1</airsbefore_episode>
  <airsbefore_season>1</airsbefore_season>
  <filename></filename>
  <lastupdated>1316789798</lastupdated>
  <seasonid>466469</seasonid>
  <seriesid>248951</seriesid>
</Episode>
<Episode>
  <id>4176445</id>
  <Combined_episodenumber>2</Combined_episodenumber>
  <Combined_season>0</Combined_season>
  <DVD_chapter></DVD_chapter>
  <DVD_discid></DVD_discid>
  <DVD_episodenumber></DVD_episodenumber>
  <DVD_season></DVD_season>
  <Director></Director>
  <EpImgFlag></EpImgFlag>
  <EpisodeName>Whitney's Wedding Etiquette</EpisodeName>
  <EpisodeNumber>2</EpisodeNumber>
  <FirstAired>2011-08-29</FirstAired>
  <GuestStars></GuestStars>
  <IMDB_ID></IMDB_ID>
  <Language>en</Language>
  <Overview>What should you wear to a wedding? How should you act during the ceremony? What's an appropriate toast to give the bride and groom? You might think you know the answers, but the stars of Whitney are here to explain how going to a wedding is full of potential social ...</Overview>
  <ProductionCode></ProductionCode>
  <Rating></Rating>
  <RatingCount>0</RatingCount>
  <SeasonNumber>0</SeasonNumber>
  <Writer></Writer>
  <absolute_number></absolute_number>
  <airsafter_season></airsafter_season>
  <airsbefore_episode>1</airsbefore_episode>
  <airsbefore_season>1</airsbefore_season>
  <filename></filename>
  <lastupdated>1316789745</lastupdated>
  <seasonid>466469</seasonid>
  <seriesid>248951</seriesid>
</Episode>
<Episode>
  <id>4103871</id>
  <Combined_episodenumber>1</Combined_episodenumber>
  <Combined_season>1</Combined_season>
  <DVD_chapter></DVD_chapter>
  <DVD_discid></DVD_discid>
  <DVD_episodenumber></DVD_episodenumber>
  <DVD_season></DVD_season>
  <Director>Andy Ackerman</Director>
  <EpImgFlag>2</EpImgFlag>
  <EpisodeName>Pilot</EpisodeName>
  <EpisodeNumber>1</EpisodeNumber>
  <FirstAired>2011-09-22</FirstAired>
  <GuestStars>|Jane Kaczmarek|</GuestStars>
  <IMDB_ID></IMDB_ID>
  <Language>en</Language>
  <Overview>When Whitney and Alex, a happily unmarried couple, attend one of their friends' weddings, Whitney realizes that she and Alex are dangerously close to relationship boredom after three years together. Determined not to let that happen, Whitney consults her close circle of opinionated girlfriends Lily and Roxanne. Snapping into action she tries to seduce Alex in a sexy costume, but someone winds up in the emergency room.</Overview>
  <ProductionCode></ProductionCode>
  <Rating>7.4</Rating>
  <RatingCount>17</RatingCount>
  <SeasonNumber>1</SeasonNumber>
  <Writer>Whitney Cummings</Writer>
  <absolute_number></absolute_number>
  <filename>episodes/248951/4103871.jpg</filename>
  <lastupdated>1337048945</lastupdated>
  <seasonid>466470</seasonid>
  <seriesid>248951</seriesid>
</Episode>
<Episode>
  <id>4171791</id>
  <Combined_episodenumber>2</Combined_episodenumber>
  <Combined_season>1</Combined_season>
  <DVD_chapter></DVD_chapter>
  <DVD_discid></DVD_discid>
  <DVD_episodenumber></DVD_episodenumber>
  <DVD_season></DVD_season>
  <Director>Andy Ackerman</Director>
  <EpImgFlag>2</EpImgFlag>
  <EpisodeName>First Date</EpisodeName>
  <EpisodeNumber>2</EpisodeNumber>
  <FirstAired>2011-09-29</FirstAired>
  <GuestStars></GuestStars>
  <IMDB_ID></IMDB_ID>
  <Language>en</Language>
  <Overview>Whitney re-creates the first date she and Alex never had.</Overview>
  <ProductionCode></ProductionCode>
  <Rating>7.5</Rating>
  <RatingCount>15</RatingCount>
  <SeasonNumber>1</SeasonNumber>
  <Writer>Whitney Cummings</Writer>
  <absolute_number></absolute_number>
  <filename>episodes/248951/4171791.jpg</filename>
  <lastupdated>1332293633</lastupdated>
  <seasonid>466470</seasonid>
  <seriesid>248951</seriesid>
</Episode>
<Episode>
  <id>4173061</id>
  <Combined_episodenumber>3</Combined_episodenumber>
  <Combined_season>1</Combined_season>
  <DVD_chapter></DVD_chapter>
  <DVD_discid></DVD_discid>
  <DVD_episodenumber></DVD_episodenumber>
  <DVD_season></DVD_season>
  <Director>Andy Ackerman</Director>
  <EpImgFlag>2</EpImgFlag>
  <EpisodeName>Silent Treatment</EpisodeName>
  <EpisodeNumber>3</EpisodeNumber>
  <FirstAired>2011-10-06</FirstAired>
  <GuestStars></GuestStars>
  <IMDB_ID></IMDB_ID>
  <Language>en</Language>
  <Overview>Whitney catches Alex checking out an attractive woman but he refuses to admit to it; Roxanne tries to make her ex-husband jealous.</Overview>
  <ProductionCode></ProductionCode>
  <Rating>7.5</Rating>
  <RatingCount>12</RatingCount>
  <SeasonNumber>1</SeasonNumber>
  <Writer>Danielle Sanchez-Witzel</Writer>
  <absolute_number></absolute_number>
  <filename>episodes/248951/4173061.jpg</filename>
  <lastupdated>1332293800</lastupdated>
  <seasonid>466470</seasonid>
  <seriesid>248951</seriesid>
</Episode>
<Episode>
  <id>4180638</id>
  <Combined_episodenumber>4</Combined_episodenumber>
  <Combined_season>1</Combined_season>
  <DVD_chapter></DVD_chapter>
  <DVD_discid></DVD_discid>
  <DVD_episodenumber></DVD_episodenumber>
  <DVD_season></DVD_season>
  <Director>Andy Ackerman</Director>
  <EpImgFlag>2</EpImgFlag>
  <EpisodeName>A Decent Proposal</EpisodeName>
  <EpisodeNumber>4</EpisodeNumber>
  <FirstAired>2011-10-13</FirstAired>
  <GuestStars></GuestStars>
  <IMDB_ID></IMDB_ID>
  <Language>en</Language>
  <Overview>Whitney and Alex have a movie night at home, but the evening soon becomes a competition over who is most romantic. Meanwhile, an edgy Lily anticipates Neal's imminent proposal, sparking Mark's mission to prove that women are more eager to marry than men.</Overview>
  <ProductionCode></ProductionCode>
  <Rating>7.6</Rating>
  <RatingCount>12</RatingCount>
  <SeasonNumber>1</SeasonNumber>
  <Writer>John Quiantance</Writer>
  <absolute_number></absolute_number>
  <filename>episodes/248951/4180638.jpg</filename>
  <lastupdated>1332293832</lastupdated>
  <seasonid>466470</seasonid>
  <seriesid>248951</seriesid>
</Episode>
<Episode>
  <id>4194273</id>
  <Combined_episodenumber>5</Combined_episodenumber>
  <Combined_season>1</Combined_season>
  <DVD_chapter></DVD_chapter>
  <DVD_discid></DVD_discid>
  <DVD_episodenumber></DVD_episodenumber>
  <DVD_season></DVD_season>
  <Director>John Fortenberry</Director>
  <EpImgFlag>2</EpImgFlag>
  <EpisodeName>The Wire</EpisodeName>
  <EpisodeNumber>5</EpisodeNumber>
  <FirstAired>2011-10-27</FirstAired>
  <GuestStars>Ken Marino</GuestStars>
  <IMDB_ID></IMDB_ID>
  <Language>en</Language>
  <Overview>After an argument over whether or not Alex uses a condescending &quot;tone,&quot; Whitney decides she is going to catch her boyfriend in the act and enlists Mark's help. The two scheme to set up a hidden camera in the couple's apartment. Lily, Roxanne and Neal gather around the television to watch the drama unfold. Later, Alex's brother Brian crashes on the couch, and old sibling rivalries come to the surface causing the two brothers to brawl.</Overview>
  <ProductionCode></ProductionCode>
  <Rating>7.6</Rating>
  <RatingCount>12</RatingCount>
  <SeasonNumber>1</SeasonNumber>
  <Writer>Ethan Sandler</Writer>
  <absolute_number></absolute_number>
  <filename>episodes/248951/4194273.jpg</filename>
  <lastupdated>1337049088</lastupdated>
  <seasonid>466470</seasonid>
  <seriesid>248951</seriesid>
</Episode>
<Episode>
  <id>4196821</id>
  <Combined_episodenumber>6</Combined_episodenumber>
  <Combined_season>1</Combined_season>
  <DVD_chapter></DVD_chapter>
  <DVD_discid></DVD_discid>
  <DVD_episodenumber></DVD_episodenumber>
  <DVD_season></DVD_season>
  <Director>Andy Ackerman</Director>
  <EpImgFlag>2</EpImgFlag>
  <EpisodeName>Two Broke-Up Guys</EpisodeName>
  <EpisodeNumber>6</EpisodeNumber>
  <FirstAired>2011-11-03</FirstAired>
  <GuestStars></GuestStars>
  <IMDB_ID></IMDB_ID>
  <Language>en</Language>
  <Overview>When Alex (Chris D'Elia) encourages Mark (Dan O'Brien) to recycle his beer can, Mark takes an unusually firm stance against it, causing the two to &quot;break-up.&quot; Trying to cheer Alex up, Whitney (Whitney Cummings) steps in for guy's night out, only to run into Mark and his new best friend, Neal (Maulik Pancholy). In an effort to reunite the bro-mance, Whitney, following advice from Lily (Zoe Lister-Jones) and Roxanne (Rhea Seehorn), arms herself with some Rocky Road and red wine and sets out to discover the real root of Mark's heartbreak.</Overview>
  <ProductionCode></ProductionCode>
  <Rating>7.4</Rating>
  <RatingCount>12</RatingCount>
  <SeasonNumber>1</SeasonNumber>
  <Writer>Mathew Harawitz</Writer>
  <absolute_number></absolute_number>
  <filename>episodes/248951/4196821.jpg</filename>
  <lastupdated>1350290374</lastupdated>
  <seasonid>466470</seasonid>
  <seriesid>248951</seriesid>
</Episode>
<Episode>
  <id>4196822</id>
  <Combined_episodenumber>7</Combined_episodenumber>
  <Combined_season>1</Combined_season>
  <DVD_chapter></DVD_chapter>
  <DVD_discid></DVD_discid>
  <DVD_episodenumber></DVD_episodenumber>
  <DVD_season></DVD_season>
  <Director>Henry Chan</Director>
  <EpImgFlag>2</EpImgFlag>
  <EpisodeName>Getting To Know You</EpisodeName>
  <EpisodeNumber>7</EpisodeNumber>
  <FirstAired>2011-11-10</FirstAired>
  <GuestStars></GuestStars>
  <IMDB_ID></IMDB_ID>
  <Language>en</Language>
  <Overview>When Whitney (Whitney Cummings) and Alex (Chris D'Elia) go on a double date with Roxanne (Rhea Seehorn), Whitney is surprised to learn that Alex had a full life before he met her. In an effort to do more things together, they decide to play a friendly game of basketball, but things go awry and a sore loser emerges shocking the gang. Meanwhile, Lily (Zoe Lister-Jones) thinks that she will win Neal's (Maulik Pancholy) mother over by embracing his Indian heritage, but she takes it to a whole other level.</Overview>
  <ProductionCode></ProductionCode>
  <Rating>7.2</Rating>
  <RatingCount>13</RatingCount>
  <SeasonNumber>1</SeasonNumber>
  <Writer>Adrian Wenner</Writer>
  <absolute_number></absolute_number>
  <filename>episodes/248951/4196822.jpg</filename>
  <lastupdated>1332294032</lastupdated>
  <seasonid>466470</seasonid>
  <seriesid>248951</seriesid>
</Episode>
<Episode>
  <id>4196824</id>
  <Combined_episodenumber>8</Combined_episodenumber>
  <Combined_season>1</Combined_season>
  <DVD_chapter></DVD_chapter>
  <DVD_discid></DVD_discid>
  <DVD_episodenumber></DVD_episodenumber>
  <DVD_season></DVD_season>
  <Director>Mark Cendrowski</Director>
  <EpImgFlag>2</EpImgFlag>
  <EpisodeName>Clarence!</EpisodeName>
  <EpisodeNumber>8</EpisodeNumber>
  <FirstAired>2011-11-17</FirstAired>
  <GuestStars>Lisa Lampanelli</GuestStars>
  <IMDB_ID></IMDB_ID>
  <Language>en</Language>
  <Overview>When Alex's childhood dog passes away, Whitney suggests they adopt a dog together. However, the adoption process isn't as easy as they'd hoped especially when dealing with pound owner Mrs. Janks. Meanwhile, Roxanne is interested in some financial advice and Lily, in an effort to bring them closer, suggests working with Neal, but things become increasingly awkward after a sexual mishap during their first meeting.</Overview>
  <ProductionCode></ProductionCode>
  <Rating>7.1</Rating>
  <RatingCount>14</RatingCount>
  <SeasonNumber>1</SeasonNumber>
  <Writer>Sam Sklaver</Writer>
  <absolute_number></absolute_number>
  <filename>episodes/248951/4196824.jpg</filename>
  <lastupdated>1332294124</lastupdated>
  <seasonid>466470</seasonid>
  <seriesid>248951</seriesid>
</Episode>
<Episode>
  <id>4213753</id>
  <Combined_episodenumber>9</Combined_episodenumber>
  <Combined_season>1</Combined_season>
  <DVD_chapter></DVD_chapter>
  <DVD_discid></DVD_discid>
  <DVD_episodenumber></DVD_episodenumber>
  <DVD_season></DVD_season>
  <Director>Andy Ackerman</Director>
  <EpImgFlag>2</EpImgFlag>
  <EpisodeName>Up All Night</EpisodeName>
  <EpisodeNumber>9</EpisodeNumber>
  <FirstAired>2011-12-01</FirstAired>
  <GuestStars>Chelsea Handler</GuestStars>
  <IMDB_ID></IMDB_ID>
  <Language>en</Language>
  <Overview>When Lily asks Whitney to be her maid of honor and plan her engagement party, the stress drives Whitney to see a therapist; Roxanne decides to take control of her future.</Overview>
  <ProductionCode></ProductionCode>
  <Rating>7.4</Rating>
  <RatingCount>17</RatingCount>
  <SeasonNumber>1</SeasonNumber>
  <Writer>|Whitney Cummings|John Quaintance|</Writer>
  <absolute_number></absolute_number>
  <filename>episodes/248951/4213753.jpg</filename>
  <lastupdated>1332294258</lastupdated>
  <seasonid>466470</seasonid>
  <seriesid>248951</seriesid>
</Episode>
<Episode>
  <id>4214250</id>
  <Combined_episodenumber>10</Combined_episodenumber>
  <Combined_season>1</Combined_season>
  <DVD_chapter></DVD_chapter>
  <DVD_discid></DVD_discid>
  <DVD_episodenumber></DVD_episodenumber>
  <DVD_season></DVD_season>
  <Director>Andy Ackerman</Director>
  <EpImgFlag>2</EpImgFlag>
  <EpisodeName>Christmas is Cummings</EpisodeName>
  <EpisodeNumber>10</EpisodeNumber>
  <FirstAired>2011-12-08</FirstAired>
  <GuestStars>|Jane Kaczmarek|Peter Gallagher|</GuestStars>
  <IMDB_ID></IMDB_ID>
  <Language>en</Language>
  <Overview>Whitney and Alex scheme a way to skip out on their family gatherings to start new holiday traditions with their friends Lily, Neal, Mark and Roxanne. However, Whitney's little white lie to her mother Candi and an unexpected visit from her father, Vince, cause her perfect plan of merriment to unravel. </Overview>
  <ProductionCode></ProductionCode>
  <Rating>7.4</Rating>
  <RatingCount>15</RatingCount>
  <SeasonNumber>1</SeasonNumber>
  <Writer>John Quiantance</Writer>
  <absolute_number></absolute_number>
  <filename>episodes/248951/4214250.jpg</filename>
  <lastupdated>1332294361</lastupdated>
  <seasonid>466470</seasonid>
  <seriesid>248951</seriesid>
</Episode>
<Episode>
  <id>4221543</id>
  <Combined_episodenumber>11</Combined_episodenumber>
  <Combined_season>1</Combined_season>
  <DVD_chapter></DVD_chapter>
  <DVD_discid></DVD_discid>
  <DVD_episodenumber></DVD_episodenumber>
  <DVD_season></DVD_season>
  <Director>Andy Ackerman</Director>
  <EpImgFlag>2</EpImgFlag>
  <EpisodeName>Private Parts</EpisodeName>
  <EpisodeNumber>11</EpisodeNumber>
  <FirstAired>2012-01-11</FirstAired>
  <GuestStars>Allan Murray</GuestStars>
  <IMDB_ID>tt2160045</IMDB_ID>
  <Language>en</Language>
  <Overview>Whitney is upset when Alex won't give her the password to his phone; Whitney finds Alex in an awkward position; Lily has jitters about her new living arrangement.</Overview>
  <ProductionCode></ProductionCode>
  <Rating>7.6</Rating>
  <RatingCount>14</RatingCount>
  <SeasonNumber>1</SeasonNumber>
  <Writer>Mathew Harawitz</Writer>
  <absolute_number>11</absolute_number>
  <filename>episodes/248951/4221543.jpg</filename>
  <lastupdated>1332294470</lastupdated>
  <seasonid>466470</seasonid>
  <seriesid>248951</seriesid>
</Episode>
<Episode>
  <id>4238891</id>
  <Combined_episodenumber>12</Combined_episodenumber>
  <Combined_season>1</Combined_season>
  <DVD_chapter></DVD_chapter>
  <DVD_discid></DVD_discid>
  <DVD_episodenumber></DVD_episodenumber>
  <DVD_season></DVD_season>
  <Director>Fred Savage</Director>
  <EpImgFlag>2</EpImgFlag>
  <EpisodeName>Faking It</EpisodeName>
  <EpisodeNumber>12</EpisodeNumber>
  <FirstAired>2012-01-18</FirstAired>
  <GuestStars></GuestStars>
  <IMDB_ID>tt2171717</IMDB_ID>
  <Language>en</Language>
  <Overview>Whitney and Lily have a disagreement over the wedding plans; Alex asks Neal to help him pitch his website idea; Roxanne and Mark donate blood.</Overview>
  <ProductionCode></ProductionCode>
  <Rating>7.4</Rating>
  <RatingCount>12</RatingCount>
  <SeasonNumber>1</SeasonNumber>
  <Writer>Theresa Mulligan</Writer>
  <absolute_number></absolute_number>
  <filename>episodes/248951/4238891.jpg</filename>
  <lastupdated>1332294656</lastupdated>
  <seasonid>466470</seasonid>
  <seriesid>248951</seriesid>
</Episode>
<Episode>
  <id>4243970</id>
  <Combined_episodenumber>13</Combined_episodenumber>
  <Combined_season>1</Combined_season>
  <DVD_chapter></DVD_chapter>
  <DVD_discid></DVD_discid>
  <DVD_episodenumber></DVD_episodenumber>
  <DVD_season></DVD_season>
  <Director>Andy Ackerman</Director>
  <EpImgFlag>1</EpImgFlag>
  <EpisodeName>Codependence Day</EpisodeName>
  <EpisodeNumber>13</EpisodeNumber>
  <FirstAired>2012-01-25</FirstAired>
  <GuestStars>|Kathy Griffin|Kevin Christy|Megan Stevenson|Eddie Pepitone|</GuestStars>
  <IMDB_ID></IMDB_ID>
  <Language>en</Language>
  <Overview>In an effort to help Whitney earn some money, Roxanne hires her to be her assistant and office spy. Willing to do anything to help Roxanne, Whitney befriends Lindsay (Kathy Griffin), the assistant to Roxanne's nemesis, and goes out of her way to appeal to her. Meanwhile, alone at home Alex takes it upon himself to do a little reorganizing. Elsewhere, Mark, who is dealing with a girl problem, enlists the help of Neal and Lily.</Overview>
  <ProductionCode></ProductionCode>
  <Rating>7.9</Rating>
  <RatingCount>10</RatingCount>
  <SeasonNumber>1</SeasonNumber>
  <Writer>|Ethan Sandler|Dan Levy|</Writer>
  <absolute_number></absolute_number>
  <filename>episodes/248951/4243970.jpg</filename>
  <lastupdated>1332294790</lastupdated>
  <seasonid>466470</seasonid>
  <seriesid>248951</seriesid>
</Episode>
<Episode>
  <id>4243972</id>
  <Combined_episodenumber>14</Combined_episodenumber>
  <Combined_season>1</Combined_season>
  <DVD_chapter></DVD_chapter>
  <DVD_discid></DVD_discid>
  <DVD_episodenumber></DVD_episodenumber>
  <DVD_season></DVD_season>
  <Director>Linda Mendoza</Director>
  <EpImgFlag>2</EpImgFlag>
  <EpisodeName>Mind Games</EpisodeName>
  <EpisodeNumber>14</EpisodeNumber>
  <FirstAired>2012-02-01</FirstAired>
  <GuestStars>|John Cleese|Kevin Christy|Joy Lofton|</GuestStars>
  <IMDB_ID>tt2192941</IMDB_ID>
  <Language>en</Language>
  <Overview>When Alex becomes jealous of one of Whitney's co-workers, the two decide to try couples therapy; Mark and Roxanne realize they make good partners while at Lily and Neal's game night.</Overview>
  <ProductionCode></ProductionCode>
  <Rating>7.4</Rating>
  <RatingCount>10</RatingCount>
  <SeasonNumber>1</SeasonNumber>
  <Writer>|Betsy Thomas|Adrian Wenner|</Writer>
  <absolute_number></absolute_number>
  <filename>episodes/248951/4243972.jpg</filename>
  <lastupdated>1332294897</lastupdated>
  <seasonid>466470</seasonid>
  <seriesid>248951</seriesid>
</Episode>
<Episode>
  <id>4256263</id>
  <Combined_episodenumber>15</Combined_episodenumber>
  <Combined_season>1</Combined_season>
  <DVD_chapter></DVD_chapter>
  <DVD_discid></DVD_discid>
  <DVD_episodenumber></DVD_episodenumber>
  <DVD_season></DVD_season>
  <Director>Andy Ackerman</Director>
  <EpImgFlag>2</EpImgFlag>
  <EpisodeName>Lance!</EpisodeName>
  <EpisodeNumber>15</EpisodeNumber>
  <FirstAired>2012-02-08</FirstAired>
  <GuestStars>|Hayes MacArthur|Johnny Sneed|Brayden Pierce|Vincent Ward|</GuestStars>
  <IMDB_ID>tt2190117</IMDB_ID>
  <Language>en</Language>
  <Overview>Whitney is stunned when she discovers Roxanne's ex-husband is back in town; Neal is unsure of what to do when faced with racisim; Lily loses her engagement ring.</Overview>
  <ProductionCode></ProductionCode>
  <Rating>7.2</Rating>
  <RatingCount>10</RatingCount>
  <SeasonNumber>1</SeasonNumber>
  <Writer>Sam Sklaver</Writer>
  <absolute_number></absolute_number>
  <filename>episodes/248951/4256263.jpg</filename>
  <lastupdated>1332294972</lastupdated>
  <seasonid>466470</seasonid>
  <seriesid>248951</seriesid>
</Episode>
<Episode>
  <id>4256264</id>
  <Combined_episodenumber>16</Combined_episodenumber>
  <Combined_season>1</Combined_season>
  <DVD_chapter></DVD_chapter>
  <DVD_discid></DVD_discid>
  <DVD_episodenumber></DVD_episodenumber>
  <DVD_season></DVD_season>
  <Director>David Trainer</Director>
  <EpImgFlag>2</EpImgFlag>
  <EpisodeName>48 Hours</EpisodeName>
  <EpisodeNumber>16</EpisodeNumber>
  <FirstAired>2012-02-15</FirstAired>
  <GuestStars>|Hayes MacArthur|Carrie Wiita|Jeff Lorch|Jackie Seiden|</GuestStars>
  <IMDB_ID>tt2214629</IMDB_ID>
  <Language>en</Language>
  <Overview>When Whitney disagrees with Mark's theory that couples know if they want to be together within 48 hours of meeting, Alex tries to prove her wrong by recalling the night they met.</Overview>
  <ProductionCode></ProductionCode>
  <Rating>7.7</Rating>
  <RatingCount>10</RatingCount>
  <SeasonNumber>1</SeasonNumber>
  <Writer>John Quiantance</Writer>
  <absolute_number></absolute_number>
  <filename>episodes/248951/4256264.jpg</filename>
  <lastupdated>1332295041</lastupdated>
  <seasonid>466470</seasonid>
  <seriesid>248951</seriesid>
</Episode>
<Episode>
  <id>4266191</id>
  <Combined_episodenumber>17</Combined_episodenumber>
  <Combined_season>1</Combined_season>
  <DVD_chapter></DVD_chapter>
  <DVD_discid></DVD_discid>
  <DVD_episodenumber></DVD_episodenumber>
  <DVD_season></DVD_season>
  <Director>Betsy Thomas</Director>
  <EpImgFlag>2</EpImgFlag>
  <EpisodeName>Mad Women</EpisodeName>
  <EpisodeNumber>17</EpisodeNumber>
  <FirstAired>2012-02-22</FirstAired>
  <GuestStars>|Kellee Stewart|John Quaintance|</GuestStars>
  <IMDB_ID>tt2233873</IMDB_ID>
  <Language>en</Language>
  <Overview>Trying out a new shapelier bra Whitney gets more than she bargains for when she entices Alex with her enhanced look. After Roxanne calls it quits with Lance, she asks Mark to help pack up his stuff, but things become complicated when Mark decides to take advantage of the situation. Meanwhile, Lily and Neal begin discussing a pre-nup, but the conversation leaves them wondering if they should even get married.</Overview>
  <ProductionCode></ProductionCode>
  <Rating>7.6</Rating>
  <RatingCount>8</RatingCount>
  <SeasonNumber>1</SeasonNumber>
  <Writer>Whitney Cummings</Writer>
  <absolute_number></absolute_number>
  <filename>episodes/248951/4266191.jpg</filename>
  <lastupdated>1332295135</lastupdated>
  <seasonid>466470</seasonid>
  <seriesid>248951</seriesid>
</Episode>
<Episode>
  <id>4270955</id>
  <Combined_episodenumber>18</Combined_episodenumber>
  <Combined_season>1</Combined_season>
  <DVD_chapter></DVD_chapter>
  <DVD_discid></DVD_discid>
  <DVD_episodenumber></DVD_episodenumber>
  <DVD_season></DVD_season>
  <Director>Andy Ackerman</Director>
  <EpImgFlag>2</EpImgFlag>
  <EpisodeName>Homeland Security</EpisodeName>
  <EpisodeNumber>18</EpisodeNumber>
  <FirstAired>2012-02-29</FirstAired>
  <GuestStars>Patrick Hume</GuestStars>
  <IMDB_ID>tt2251165</IMDB_ID>
  <Language>en</Language>
  <Overview>Whitney has an unexpected reaction when confronted with a mugger; Lily tries to keep herself busy after her and Neal's wedding is called off; Mark encourages Neal to talk about his feelings.</Overview>
  <ProductionCode></ProductionCode>
  <Rating>7.3</Rating>
  <RatingCount>9</RatingCount>
  <SeasonNumber>1</SeasonNumber>
  <Writer>Adrian Wenner</Writer>
  <absolute_number></absolute_number>
  <filename>episodes/248951/4270955.jpg</filename>
  <lastupdated>1332295171</lastupdated>
  <seasonid>466470</seasonid>
  <seriesid>248951</seriesid>
</Episode>
<Episode>
  <id>4270956</id>
  <Combined_episodenumber>19</Combined_episodenumber>
  <Combined_season>1</Combined_season>
  <DVD_chapter></DVD_chapter>
  <DVD_discid></DVD_discid>
  <DVD_episodenumber></DVD_episodenumber>
  <DVD_season></DVD_season>
  <Director>Andy Ackerman</Director>
  <EpImgFlag>2</EpImgFlag>
  <EpisodeName>The Ex Box</EpisodeName>
  <EpisodeNumber>19</EpisodeNumber>
  <FirstAired>2012-03-07</FirstAired>
  <GuestStars>June Diane Raphael</GuestStars>
  <IMDB_ID>tt2265085</IMDB_ID>
  <Language>en</Language>
  <Overview>Whitney confronts Alex after finding a box of his ex-girlfriend's stuff in the basement; Lily tries to be a perfect roommate.</Overview>
  <ProductionCode></ProductionCode>
  <Rating>7.7</Rating>
  <RatingCount>9</RatingCount>
  <SeasonNumber>1</SeasonNumber>
  <Writer>Zachary Rosenblatt</Writer>
  <absolute_number></absolute_number>
  <filename>episodes/248951/4270956.jpg</filename>
  <lastupdated>1332295247</lastupdated>
  <seasonid>466470</seasonid>
  <seriesid>248951</seriesid>
</Episode>
<Episode>
  <id>4277267</id>
  <Combined_episodenumber>20</Combined_episodenumber>
  <Combined_season>1</Combined_season>
  <DVD_chapter></DVD_chapter>
  <DVD_discid></DVD_discid>
  <DVD_episodenumber></DVD_episodenumber>
  <DVD_season></DVD_season>
  <Director>Andy Ackerman</Director>
  <EpImgFlag>2</EpImgFlag>
  <EpisodeName>G-Word</EpisodeName>
  <EpisodeNumber>20</EpisodeNumber>
  <FirstAired>2012-03-14</FirstAired>
  <GuestStars>Anderson Davis</GuestStars>
  <IMDB_ID>tt2281035</IMDB_ID>
  <Language>en</Language>
  <Overview>Whitney and Alex make a surprise visit to Neal's apartment and discover that he appears to be on a date. Whitney invites the gang to dinner so Neal can share his news with Lily.</Overview>
  <ProductionCode></ProductionCode>
  <Rating>8.0</Rating>
  <RatingCount>9</RatingCount>
  <SeasonNumber>1</SeasonNumber>
  <Writer>Mathew Harawitz</Writer>
  <absolute_number></absolute_number>
  <filename>episodes/248951/4277267.jpg</filename>
  <lastupdated>1332295300</lastupdated>
  <seasonid>466470</seasonid>
  <seriesid>248951</seriesid>
</Episode>
<Episode>
  <id>4277268</id>
  <Combined_episodenumber>21</Combined_episodenumber>
  <Combined_season>1</Combined_season>
  <DVD_chapter></DVD_chapter>
  <DVD_discid></DVD_discid>
  <DVD_episodenumber></DVD_episodenumber>
  <DVD_season></DVD_season>
  <Director>Andy Ackerman</Director>
  <EpImgFlag>2</EpImgFlag>
  <EpisodeName>Something Old, Something New</EpisodeName>
  <EpisodeNumber>21</EpisodeNumber>
  <FirstAired>2012-03-21</FirstAired>
  <GuestStars>Eve Jihan Jeffers</GuestStars>
  <IMDB_ID></IMDB_ID>
  <Language>en</Language>
  <Overview>Alex drunkenly proposes to Whitney after a bachelor party. Mark realizes he has feelings for Roxanne.</Overview>
  <ProductionCode></ProductionCode>
  <Rating>7.4</Rating>
  <RatingCount>9</RatingCount>
  <SeasonNumber>1</SeasonNumber>
  <Writer>Kirk J. Rudell</Writer>
  <absolute_number></absolute_number>
  <filename>episodes/248951/4277268.jpg</filename>
  <lastupdated>1332297189</lastupdated>
  <seasonid>466470</seasonid>
  <seriesid>248951</seriesid>
</Episode>
<Episode>
  <id>4290538</id>
  <Combined_episodenumber>22</Combined_episodenumber>
  <Combined_season>1</Combined_season>
  <DVD_chapter></DVD_chapter>
  <DVD_discid></DVD_discid>
  <DVD_episodenumber></DVD_episodenumber>
  <DVD_season></DVD_season>
  <Director>Betsy Thomas</Director>
  <EpImgFlag>2</EpImgFlag>
  <EpisodeName>Something Black, Something Blue</EpisodeName>
  <EpisodeNumber>22</EpisodeNumber>
  <FirstAired>2012-03-28</FirstAired>
  <GuestStars>Peter Gallagher</GuestStars>
  <IMDB_ID></IMDB_ID>
  <Language>en</Language>
  <Overview>Whitney and Alex head to City Hall to get married, but Whitney's driver's license is expired and sparks an unusual chain of events that interferes with their wedding plan. Whitney's father tries to come to the rescue. Mark confesses his feelings for Roxanne to Neal and Lily.</Overview>
  <ProductionCode></ProductionCode>
  <Rating>7.6</Rating>
  <RatingCount>9</RatingCount>
  <SeasonNumber>1</SeasonNumber>
  <Writer>Whitney Cummings</Writer>
  <absolute_number></absolute_number>
  <filename>episodes/248951/4290538.jpg</filename>
  <lastupdated>1335067294</lastupdated>
  <seasonid>466470</seasonid>
  <seriesid>248951</seriesid>
</Episode>
<Episode>
  <id>4343854</id>
  <Combined_episodenumber>1</Combined_episodenumber>
  <Combined_season>2</Combined_season>
  <DVD_chapter></DVD_chapter>
  <DVD_discid></DVD_discid>
  <DVD_episodenumber></DVD_episodenumber>
  <DVD_season></DVD_season>
  <Director></Director>
  <EpImgFlag>3</EpImgFlag>
  <EpisodeName>Bawl and Chain</EpisodeName>
  <EpisodeNumber>1</EpisodeNumber>
  <FirstAired>2012-11-14</FirstAired>
  <GuestStars></GuestStars>
  <IMDB_ID></IMDB_ID>
  <Language>en</Language>
  <Overview>Whitney's mother interrupts the celebratory mood of Whitney and Alex's unofficial wedding day; Lily and Roxanne have trouble choosing a gift for Whitney.</Overview>
  <ProductionCode></ProductionCode>
  <Rating>7.3</Rating>
  <RatingCount>11</RatingCount>
  <SeasonNumber>2</SeasonNumber>
  <Writer></Writer>
  <absolute_number></absolute_number>
  <filename>episodes/248951/4343854.jpg</filename>
  <lastupdated>1354736134</lastupdated>
  <seasonid>494645</seasonid>
  <seriesid>248951</seriesid>
</Episode>
<Episode>
  <id>4436342</id>
  <Combined_episodenumber>2</Combined_episodenumber>
  <Combined_season>2</Combined_season>
  <DVD_chapter></DVD_chapter>
  <DVD_discid></DVD_discid>
  <DVD_episodenumber></DVD_episodenumber>
  <DVD_season></DVD_season>
  <Director></Director>
  <EpImgFlag>3</EpImgFlag>
  <EpisodeName>Poor Whitney</EpisodeName>
  <EpisodeNumber>2</EpisodeNumber>
  <FirstAired>2012-11-21</FirstAired>
  <GuestStars></GuestStars>
  <IMDB_ID></IMDB_ID>
  <Language>en</Language>
  <Overview>When Whitney is hard up for cash, she and Alex decide to share a joint checking account; Mark buys a bar.</Overview>
  <ProductionCode></ProductionCode>
  <Rating>7.7</Rating>
  <RatingCount>6</RatingCount>
  <SeasonNumber>2</SeasonNumber>
  <Writer></Writer>
  <absolute_number></absolute_number>
  <filename>episodes/248951/4436342.jpg</filename>
  <lastupdated>1354736151</lastupdated>
  <seasonid>494645</seasonid>
  <seriesid>248951</seriesid>
</Episode>
<Episode>
  <id>4441254</id>
  <Combined_episodenumber>3</Combined_episodenumber>
  <Combined_season>2</Combined_season>
  <DVD_chapter></DVD_chapter>
  <DVD_discid></DVD_discid>
  <DVD_episodenumber></DVD_episodenumber>
  <DVD_season></DVD_season>
  <Director></Director>
  <EpImgFlag>2</EpImgFlag>
  <EpisodeName>Sex, Lies, and Alibis</EpisodeName>
  <EpisodeNumber>3</EpisodeNumber>
  <FirstAired>2012-12-05</FirstAired>
  <GuestStars></GuestStars>
  <IMDB_ID></IMDB_ID>
  <Language>en</Language>
  <Overview>After a revelation from Chris, Whitney decides it's time to come clean about past falsehoods; Mark hires a new bartender.</Overview>
  <ProductionCode></ProductionCode>
  <Rating>7.4</Rating>
  <RatingCount>7</RatingCount>
  <SeasonNumber>2</SeasonNumber>
  <Writer></Writer>
  <absolute_number></absolute_number>
  <filename>episodes/248951/4441254.jpg</filename>
  <lastupdated>1355479478</lastupdated>
  <seasonid>494645</seasonid>
  <seriesid>248951</seriesid>
</Episode>
<Episode>
  <id>4441256</id>
  <Combined_episodenumber>4</Combined_episodenumber>
  <Combined_season>2</Combined_season>
  <DVD_chapter></DVD_chapter>
  <DVD_discid></DVD_discid>
  <DVD_episodenumber></DVD_episodenumber>
  <DVD_season></DVD_season>
  <Director></Director>
  <EpImgFlag>2</EpImgFlag>
  <EpisodeName>Hello Giggles</EpisodeName>
  <EpisodeNumber>4</EpisodeNumber>
  <FirstAired>2012-12-12</FirstAired>
  <GuestStars></GuestStars>
  <IMDB_ID></IMDB_ID>
  <Language>en</Language>
  <Overview>Whitney's reaction is less than heartwarming when Alex falls off a stage while speaking at his alma mater; R.J. tries to teach Mark about chivalry.</Overview>
  <ProductionCode></ProductionCode>
  <Rating>8.3</Rating>
  <RatingCount>7</RatingCount>
  <SeasonNumber>2</SeasonNumber>
  <Writer></Writer>
  <absolute_number></absolute_number>
  <filename>episodes/248951/4441256.jpg</filename>
  <lastupdated>1355479467</lastupdated>
  <seasonid>494645</seasonid>
  <seriesid>248951</seriesid>
</Episode>
<Episode>
  <id>4464074</id>
  <Combined_episodenumber>5</Combined_episodenumber>
  <Combined_season>2</Combined_season>
  <DVD_chapter></DVD_chapter>
  <DVD_discid></DVD_discid>
  <DVD_episodenumber></DVD_episodenumber>
  <DVD_season></DVD_season>
  <Director></Director>
  <EpImgFlag>2</EpImgFlag>
  <EpisodeName>Three's Company</EpisodeName>
  <EpisodeNumber>5</EpisodeNumber>
  <FirstAired>2013-01-02</FirstAired>
  <GuestStars></GuestStars>
  <IMDB_ID></IMDB_ID>
  <Language>en</Language>
  <Overview>Alex lets his ex-fiancee crash on the couch without consulting Whitney first; Lily has a date at Roxanne's apartment. </Overview>
  <ProductionCode></ProductionCode>
  <Rating>8.0</Rating>
  <RatingCount>6</RatingCount>
  <SeasonNumber>2</SeasonNumber>
  <Writer></Writer>
  <absolute_number></absolute_number>
  <filename>episodes/248951/4464074.jpg</filename>
  <lastupdated>1357836778</lastupdated>
  <seasonid>494645</seasonid>
  <seriesid>248951</seriesid>
</Episode>
<Episode>
  <id>4454272</id>
  <Combined_episodenumber>6</Combined_episodenumber>
  <Combined_season>2</Combined_season>
  <DVD_chapter></DVD_chapter>
  <DVD_discid></DVD_discid>
  <DVD_episodenumber></DVD_episodenumber>
  <DVD_season></DVD_season>
  <Director></Director>
  <EpImgFlag>2</EpImgFlag>
  <EpisodeName>2 Broke Hearts</EpisodeName>
  <EpisodeNumber>6</EpisodeNumber>
  <FirstAired>2013-01-09</FirstAired>
  <GuestStars></GuestStars>
  <IMDB_ID></IMDB_ID>
  <Language>en</Language>
  <Overview>While trying to figure out what is making Alex's allergies act up, Whitney reveals she has a heart condition; Lily introduces her new boyfriend to her friends.</Overview>
  <ProductionCode></ProductionCode>
  <Rating>7.6</Rating>
  <RatingCount>5</RatingCount>
  <SeasonNumber>2</SeasonNumber>
  <Writer></Writer>
  <absolute_number></absolute_number>
  <filename>episodes/248951/4454272.jpg</filename>
  <lastupdated>1357836664</lastupdated>
  <seasonid>494645</seasonid>
  <seriesid>248951</seriesid>
</Episode>
<Episode>
  <id>4483358</id>
  <Combined_episodenumber>7</Combined_episodenumber>
  <Combined_season>2</Combined_season>
  <DVD_chapter></DVD_chapter>
  <DVD_discid></DVD_discid>
  <DVD_episodenumber></DVD_episodenumber>
  <DVD_season></DVD_season>
  <Director></Director>
  <EpImgFlag>3</EpImgFlag>
  <EpisodeName>Sorry!</EpisodeName>
  <EpisodeNumber>7</EpisodeNumber>
  <FirstAired>2013-01-30</FirstAired>
  <GuestStars></GuestStars>
  <IMDB_ID></IMDB_ID>
  <Language>en</Language>
  <Overview>A terrible ex-boyfriend contacts Whitney in hope of making amends; R.J. presents a theory to Roxanne.</Overview>
  <ProductionCode></ProductionCode>
  <Rating>8.3</Rating>
  <RatingCount>4</RatingCount>
  <SeasonNumber>2</SeasonNumber>
  <Writer></Writer>
  <absolute_number></absolute_number>
  <filename>episodes/248951/4483358.jpg</filename>
  <lastupdated>1360709738</lastupdated>
  <seasonid>494645</seasonid>
  <seriesid>248951</seriesid>
</Episode>
<Episode>
  <id>4487102</id>
  <Combined_episodenumber>8</Combined_episodenumber>
  <Combined_season>2</Combined_season>
  <DVD_chapter></DVD_chapter>
  <DVD_discid></DVD_discid>
  <DVD_episodenumber></DVD_episodenumber>
  <DVD_season></DVD_season>
  <Director></Director>
  <EpImgFlag>2</EpImgFlag>
  <EpisodeName>Space Invaders</EpisodeName>
  <EpisodeNumber>8</EpisodeNumber>
  <FirstAired>2013-02-06</FirstAired>
  <GuestStars></GuestStars>
  <IMDB_ID></IMDB_ID>
  <Language>en</Language>
  <Overview>Alex lies to Whitney about going away for a tech seminar in order to have some time by himself; R.J.'s niece becomes friendly with Roxanne.</Overview>
  <ProductionCode></ProductionCode>
  <Rating>7.8</Rating>
  <RatingCount>4</RatingCount>
  <SeasonNumber>2</SeasonNumber>
  <Writer></Writer>
  <absolute_number></absolute_number>
  <filename>episodes/248951/4487102.jpg</filename>
  <lastupdated>1360255189</lastupdated>
  <seasonid>494645</seasonid>
  <seriesid>248951</seriesid>
</Episode>
<Episode>
  <id>4492746</id>
  <Combined_episodenumber>9</Combined_episodenumber>
  <Combined_season>2</Combined_season>
  <DVD_chapter></DVD_chapter>
  <DVD_discid></DVD_discid>
  <DVD_episodenumber></DVD_episodenumber>
  <DVD_season></DVD_season>
  <Director></Director>
  <EpImgFlag>2</EpImgFlag>
  <EpisodeName>Snapped</EpisodeName>
  <EpisodeNumber>9</EpisodeNumber>
  <FirstAired>2013-02-13</FirstAired>
  <GuestStars></GuestStars>
  <IMDB_ID></IMDB_ID>
  <Language>en</Language>
  <Overview>Whitney blurts out her true feelings to Alex's abrasive brother; Lily plans a secret date for Mark and Roxanne.</Overview>
  <ProductionCode></ProductionCode>
  <Rating>7.5</Rating>
  <RatingCount>4</RatingCount>
  <SeasonNumber>2</SeasonNumber>
  <Writer></Writer>
  <absolute_number></absolute_number>
  <filename>episodes/248951/4492746.jpg</filename>
  <lastupdated>1360945751</lastupdated>
  <seasonid>494645</seasonid>
  <seriesid>248951</seriesid>
</Episode>
<Episode>
  <id>4495970</id>
  <Combined_episodenumber>10</Combined_episodenumber>
  <Combined_season>2</Combined_season>
  <DVD_chapter></DVD_chapter>
  <DVD_discid></DVD_discid>
  <DVD_episodenumber></DVD_episodenumber>
  <DVD_season></DVD_season>
  <Director></Director>
  <EpImgFlag>2</EpImgFlag>
  <EpisodeName>Breaking Dad</EpisodeName>
  <EpisodeNumber>10</EpisodeNumber>
  <FirstAired>2013-02-20</FirstAired>
  <GuestStars></GuestStars>
  <IMDB_ID></IMDB_ID>
  <Language>en</Language>
  <Overview>Whitney thinks her father has changed for the better when he visits and gives her $5,000; while Alex thinks Whitney should rent an art gallery and display her photos, Whitney gives the money to Lily, who is very short on cash.</Overview>
  <ProductionCode></ProductionCode>
  <Rating>8.0</Rating>
  <RatingCount>4</RatingCount>
  <SeasonNumber>2</SeasonNumber>
  <Writer></Writer>
  <absolute_number></absolute_number>
  <filename>episodes/248951/4495970.jpg</filename>
  <lastupdated>1361463815</lastupdated>
  <seasonid>494645</seasonid>
  <seriesid>248951</seriesid>
</Episode>
<Episode>
  <id>4500778</id>
  <Combined_episodenumber>11</Combined_episodenumber>
  <Combined_season>2</Combined_season>
  <DVD_chapter></DVD_chapter>
  <DVD_discid></DVD_discid>
  <DVD_episodenumber></DVD_episodenumber>
  <DVD_season></DVD_season>
  <Director></Director>
  <EpImgFlag>3</EpImgFlag>
  <EpisodeName>Slow Ride</EpisodeName>
  <EpisodeNumber>11</EpisodeNumber>
  <FirstAired>2013-02-27</FirstAired>
  <GuestStars></GuestStars>
  <IMDB_ID></IMDB_ID>
  <Language>en</Language>
  <Overview>Whitney is not enthused when Alex tries to bring his former motorcycle days back to life; Lily orders new beer for the bar without Mark's approval.</Overview>
  <ProductionCode></ProductionCode>
  <Rating>8.3</Rating>
  <RatingCount>3</RatingCount>
  <SeasonNumber>2</SeasonNumber>
  <Writer></Writer>
  <absolute_number></absolute_number>
  <filename>episodes/248951/4500778.jpg</filename>
  <lastupdated>1362211801</lastupdated>
  <seasonid>494645</seasonid>
  <seriesid>248951</seriesid>
</Episode>
<Episode>
  <id>4504429</id>
  <Combined_episodenumber>12</Combined_episodenumber>
  <Combined_season>2</Combined_season>
  <DVD_chapter></DVD_chapter>
  <DVD_discid></DVD_discid>
  <DVD_episodenumber></DVD_episodenumber>
  <DVD_season></DVD_season>
  <Director></Director>
  <EpImgFlag>2</EpImgFlag>
  <EpisodeName>Lost in Transition</EpisodeName>
  <EpisodeNumber>12</EpisodeNumber>
  <FirstAired>2013-03-06</FirstAired>
  <GuestStars></GuestStars>
  <IMDB_ID></IMDB_ID>
  <Language>en</Language>
  <Overview>Whitney's half-sister visits to discuss a life-altering decision; Alex and Mark try to cheer a depressed R.J.</Overview>
  <ProductionCode></ProductionCode>
  <Rating>8.5</Rating>
  <RatingCount>4</RatingCount>
  <SeasonNumber>2</SeasonNumber>
  <Writer></Writer>
  <absolute_number></absolute_number>
  <filename>episodes/248951/4504429.jpg</filename>
  <lastupdated>1363102967</lastupdated>
  <seasonid>494645</seasonid>
  <seriesid>248951</seriesid>
</Episode>
<Episode>
  <id>4515265</id>
  <Combined_episodenumber>13</Combined_episodenumber>
  <Combined_season>2</Combined_season>
  <DVD_chapter></DVD_chapter>
  <DVD_discid></DVD_discid>
  <DVD_episodenumber></DVD_episodenumber>
  <DVD_season></DVD_season>
  <Director></Director>
  <EpImgFlag>2</EpImgFlag>
  <EpisodeName>Nesting</EpisodeName>
  <EpisodeNumber>13</EpisodeNumber>
  <FirstAired>2013-03-13</FirstAired>
  <GuestStars></GuestStars>
  <IMDB_ID></IMDB_ID>
  <Language>en</Language>
  <Overview>When Alex and Whitney decide to take their honeymoon at his family's lake house, they find his father there; Mark, Lily and Roxanne hang out at Whitney and Alex's apartment.</Overview>
  <ProductionCode></ProductionCode>
  <Rating>7.7</Rating>
  <RatingCount>3</RatingCount>
  <SeasonNumber>2</SeasonNumber>
  <Writer></Writer>
  <absolute_number></absolute_number>
  <filename>episodes/248951/4515265.jpg</filename>
  <lastupdated>1364017667</lastupdated>
  <seasonid>494645</seasonid>
  <seriesid>248951</seriesid>
</Episode>
<Episode>
  <id>4518679</id>
  <Combined_episodenumber>14</Combined_episodenumber>
  <Combined_season>2</Combined_season>
  <DVD_chapter></DVD_chapter>
  <DVD_discid></DVD_discid>
  <DVD_episodenumber></DVD_episodenumber>
  <DVD_season></DVD_season>
  <Director></Director>
  <EpImgFlag>2</EpImgFlag>
  <EpisodeName>Crazy, Stupid, Words</EpisodeName>
  <EpisodeNumber>14</EpisodeNumber>
  <FirstAired>2013-03-20</FirstAired>
  <GuestStars></GuestStars>
  <IMDB_ID></IMDB_ID>
  <Language>en</Language>
  <Overview>Alex becomes angry when Whitney takes a friendly competition at Low Bar too far; Mark learns that R.J. has a fear of spiders.</Overview>
  <ProductionCode></ProductionCode>
  <Rating>6.0</Rating>
  <RatingCount>2</RatingCount>
  <SeasonNumber>2</SeasonNumber>
  <Writer></Writer>
  <absolute_number></absolute_number>
  <filename>episodes/248951/4518679.jpg</filename>
  <lastupdated>1364017675</lastupdated>
  <seasonid>494645</seasonid>
  <seriesid>248951</seriesid>
</Episode>
<Episode>
  <id>4522312</id>
  <Combined_episodenumber>15</Combined_episodenumber>
  <Combined_season>2</Combined_season>
  <DVD_chapter></DVD_chapter>
  <DVD_discid></DVD_discid>
  <DVD_episodenumber></DVD_episodenumber>
  <DVD_season></DVD_season>
  <Director></Director>
  <EpImgFlag>2</EpImgFlag>
  <EpisodeName>Alex, Meet Lily</EpisodeName>
  <EpisodeNumber>15</EpisodeNumber>
  <FirstAired>2013-03-27</FirstAired>
  <GuestStars></GuestStars>
  <IMDB_ID></IMDB_ID>
  <Language>en</Language>
  <Overview>Whitney asks Alex to spend time with Lily; Mark and R.J. start a competitive game of darts to bring some excitement to Low Bar.</Overview>
  <ProductionCode></ProductionCode>
  <Rating>7.5</Rating>
  <RatingCount>2</RatingCount>
  <SeasonNumber>2</SeasonNumber>
  <Writer></Writer>
  <absolute_number></absolute_number>
  <filename>episodes/248951/4522312.jpg</filename>
  <lastupdated>1364441428</lastupdated>
  <seasonid>494645</seasonid>
  <seriesid>248951</seriesid>
</Episode>
<Episode>
  <id>4522313</id>
  <Combined_episodenumber>16</Combined_episodenumber>
  <Combined_season>2</Combined_season>
  <DVD_chapter></DVD_chapter>
  <DVD_discid></DVD_discid>
  <DVD_episodenumber></DVD_episodenumber>
  <DVD_season></DVD_season>
  <Director></Director>
  <EpImgFlag>2</EpImgFlag>
  <EpisodeName>Cake, Cake, Cake</EpisodeName>
  <EpisodeNumber>16</EpisodeNumber>
  <FirstAired>2013-03-27</FirstAired>
  <GuestStars></GuestStars>
  <IMDB_ID></IMDB_ID>
  <Language>en</Language>
  <Overview>Whitney decides to investigate when she sees her psychiatrist eating a birthday cake by herself; Roxanne admits her feelings for Mark.</Overview>
  <ProductionCode></ProductionCode>
  <Rating>6.5</Rating>
  <RatingCount>2</RatingCount>
  <SeasonNumber>2</SeasonNumber>
  <Writer></Writer>
  <absolute_number></absolute_number>
  <filename>episodes/248951/4522313.jpg</filename>
  <lastupdated>1364441438</lastupdated>
  <seasonid>494645</seasonid>
  <seriesid>248951</seriesid>
</Episode>
</Data>