<?xml version="1.0" encoding="UTF-8" ?>
<Actors>
<Actor>
  <id>284347</id>
  <Image>actors/284347.jpg</Image>
  <Name>Krysten Ritter</Name>
  <Role>Chloe</Role>
  <SortOrder>0</SortOrder>
</Actor>
<Actor>
  <id>291455</id>
  <Image>actors/291455.jpg</Image>
  <Name>Dreama Walker</Name>
  <Role>June Colburn</Role>
  <SortOrder>1</SortOrder>
</Actor>
<Actor>
  <id>284348</id>
  <Image>actors/284348.jpg</Image>
  <Name>James Van Der Beek</Name>
  <Role>James Van Der Beek</Role>
  <SortOrder>2</SortOrder>
</Actor>
<Actor>
  <id>305666</id>
  <Image>actors/305666.jpg</Image>
  <Name>Ray Ford</Name>
  <Role>Luther Wilson</Role>
  <SortOrder>3</SortOrder>
</Actor>
<Actor>
  <id>305665</id>
  <Image>actors/305665.jpg</Image>
  <Name>Liza Lapira</Name>
  <Role>Robin</Role>
  <SortOrder>3</SortOrder>
</Actor>
<Actor>
  <id>291457</id>
  <Image>actors/291457.jpg</Image>
  <Name>Eric André</Name>
  <Role>Mark Reynolds</Role>
  <SortOrder>3</SortOrder>
</Actor>
<Actor>
  <id>291456</id>
  <Image>actors/291456.jpg</Image>
  <Name>Michael Blaiklock</Name>
  <Role>Eli Webber</Role>
  <SortOrder>3</SortOrder>
</Actor>
</Actors>