<?xml version="1.0" encoding="UTF-8" ?>
<Banners>
<Banner>
  <id>863373</id>
  <BannerPath>fanart/original/248812-1.jpg</BannerPath>
  <BannerType>fanart</BannerType>
  <BannerType2>1920x1080</BannerType2>
  <Colors></Colors>
  <Language>en</Language>
  <Rating>7.2000</Rating>
  <RatingCount>5</RatingCount>
  <SeriesName>false</SeriesName>
  <ThumbnailPath>_cache/fanart/original/248812-1.jpg</ThumbnailPath>
  <VignettePath>fanart/vignette/248812-1.jpg</VignettePath>
</Banner>
<Banner>
  <id>904139</id>
  <BannerPath>fanart/original/248812-4.jpg</BannerPath>
  <BannerType>fanart</BannerType>
  <BannerType2>1920x1080</BannerType2>
  <Colors></Colors>
  <Language>en</Language>
  <Rating>6.5000</Rating>
  <RatingCount>2</RatingCount>
  <SeriesName>false</SeriesName>
  <ThumbnailPath>_cache/fanart/original/248812-4.jpg</ThumbnailPath>
  <VignettePath>fanart/vignette/248812-4.jpg</VignettePath>
</Banner>
<Banner>
  <id>913627</id>
  <BannerPath>fanart/original/248812-7.jpg</BannerPath>
  <BannerType>fanart</BannerType>
  <BannerType2>1920x1080</BannerType2>
  <Colors></Colors>
  <Language>en</Language>
  <Rating>6.0000</Rating>
  <RatingCount>2</RatingCount>
  <SeriesName>false</SeriesName>
  <ThumbnailPath>_cache/fanart/original/248812-7.jpg</ThumbnailPath>
  <VignettePath>fanart/vignette/248812-7.jpg</VignettePath>
</Banner>
<Banner>
  <id>888183</id>
  <BannerPath>fanart/original/248812-2.jpg</BannerPath>
  <BannerType>fanart</BannerType>
  <BannerType2>1920x1080</BannerType2>
  <Colors></Colors>
  <Language>en</Language>
  <Rating>6.0000</Rating>
  <RatingCount>3</RatingCount>
  <SeriesName>false</SeriesName>
  <ThumbnailPath>_cache/fanart/original/248812-2.jpg</ThumbnailPath>
  <VignettePath>fanart/vignette/248812-2.jpg</VignettePath>
</Banner>
<Banner>
  <id>888191</id>
  <BannerPath>fanart/original/248812-3.jpg</BannerPath>
  <BannerType>fanart</BannerType>
  <BannerType2>1920x1080</BannerType2>
  <Colors></Colors>
  <Language>en</Language>
  <Rating>3.0000</Rating>
  <RatingCount>1</RatingCount>
  <SeriesName>false</SeriesName>
  <ThumbnailPath>_cache/fanart/original/248812-3.jpg</ThumbnailPath>
  <VignettePath>fanart/vignette/248812-3.jpg</VignettePath>
</Banner>
<Banner>
  <id>928806</id>
  <BannerPath>fanart/original/248812-9.jpg</BannerPath>
  <BannerType>fanart</BannerType>
  <BannerType2>1920x1080</BannerType2>
  <Colors></Colors>
  <Language>en</Language>
  <Rating></Rating>
  <RatingCount>0</RatingCount>
  <SeriesName>false</SeriesName>
  <ThumbnailPath>_cache/fanart/original/248812-9.jpg</ThumbnailPath>
  <VignettePath>fanart/vignette/248812-9.jpg</VignettePath>
</Banner>
<Banner>
  <id>950831</id>
  <BannerPath>fanart/original/248812-13.jpg</BannerPath>
  <BannerType>fanart</BannerType>
  <BannerType2>1920x1080</BannerType2>
  <Colors></Colors>
  <Language>en</Language>
  <Rating></Rating>
  <RatingCount>0</RatingCount>
  <SeriesName>false</SeriesName>
  <ThumbnailPath>_cache/fanart/original/248812-13.jpg</ThumbnailPath>
  <VignettePath>fanart/vignette/248812-13.jpg</VignettePath>
</Banner>
<Banner>
  <id>907377</id>
  <BannerPath>fanart/original/248812-5.jpg</BannerPath>
  <BannerType>fanart</BannerType>
  <BannerType2>1920x1080</BannerType2>
  <Colors></Colors>
  <Language>en</Language>
  <Rating></Rating>
  <RatingCount>0</RatingCount>
  <SeriesName>false</SeriesName>
  <ThumbnailPath>_cache/fanart/original/248812-5.jpg</ThumbnailPath>
  <VignettePath>fanart/vignette/248812-5.jpg</VignettePath>
</Banner>
<Banner>
  <id>908052</id>
  <BannerPath>fanart/original/248812-6.jpg</BannerPath>
  <BannerType>fanart</BannerType>
  <BannerType2>1280x720</BannerType2>
  <Colors></Colors>
  <Language>en</Language>
  <Rating></Rating>
  <RatingCount>0</RatingCount>
  <SeriesName>true</SeriesName>
  <ThumbnailPath>_cache/fanart/original/248812-6.jpg</ThumbnailPath>
  <VignettePath>fanart/vignette/248812-6.jpg</VignettePath>
</Banner>
<Banner>
  <id>936943</id>
  <BannerPath>fanart/original/248812-11.jpg</BannerPath>
  <BannerType>fanart</BannerType>
  <BannerType2>1920x1080</BannerType2>
  <Colors></Colors>
  <Language>en</Language>
  <Rating></Rating>
  <RatingCount>0</RatingCount>
  <SeriesName>false</SeriesName>
  <ThumbnailPath>_cache/fanart/original/248812-11.jpg</ThumbnailPath>
  <VignettePath>fanart/vignette/248812-11.jpg</VignettePath>
</Banner>
<Banner>
  <id>950830</id>
  <BannerPath>fanart/original/248812-12.jpg</BannerPath>
  <BannerType>fanart</BannerType>
  <BannerType2>1920x1080</BannerType2>
  <Colors></Colors>
  <Language>en</Language>
  <Rating></Rating>
  <RatingCount>0</RatingCount>
  <SeriesName>false</SeriesName>
  <ThumbnailPath>_cache/fanart/original/248812-12.jpg</ThumbnailPath>
  <VignettePath>fanart/vignette/248812-12.jpg</VignettePath>
</Banner>
<Banner>
  <id>932241</id>
  <BannerPath>fanart/original/248812-10.jpg</BannerPath>
  <BannerType>fanart</BannerType>
  <BannerType2>1920x1080</BannerType2>
  <Colors></Colors>
  <Language>en</Language>
  <Rating></Rating>
  <RatingCount>0</RatingCount>
  <SeriesName>false</SeriesName>
  <ThumbnailPath>_cache/fanart/original/248812-10.jpg</ThumbnailPath>
  <VignettePath>fanart/vignette/248812-10.jpg</VignettePath>
</Banner>
<Banner>
  <id>913752</id>
  <BannerPath>fanart/original/248812-8.jpg</BannerPath>
  <BannerType>fanart</BannerType>
  <BannerType2>1920x1080</BannerType2>
  <Colors></Colors>
  <Language>en</Language>
  <Rating></Rating>
  <RatingCount>0</RatingCount>
  <SeriesName>false</SeriesName>
  <ThumbnailPath>_cache/fanart/original/248812-8.jpg</ThumbnailPath>
  <VignettePath>fanart/vignette/248812-8.jpg</VignettePath>
</Banner>
<Banner>
  <id>935507</id>
  <BannerPath>posters/248812-4.jpg</BannerPath>
  <BannerType>poster</BannerType>
  <BannerType2>680x1000</BannerType2>
  <Language>en</Language>
  <Rating>8.0000</Rating>
  <RatingCount>2</RatingCount>
</Banner>
<Banner>
  <id>928705</id>
  <BannerPath>posters/248812-3.jpg</BannerPath>
  <BannerType>poster</BannerType>
  <BannerType2>680x1000</BannerType2>
  <Language>en</Language>
  <Rating>7.5000</Rating>
  <RatingCount>4</RatingCount>
</Banner>
<Banner>
  <id>869804</id>
  <BannerPath>posters/248812-1.jpg</BannerPath>
  <BannerType>poster</BannerType>
  <BannerType2>680x1000</BannerType2>
  <Language>en</Language>
  <Rating>3.6250</Rating>
  <RatingCount>8</RatingCount>
</Banner>
<Banner>
  <id>930381</id>
  <BannerPath>seasons/248812-2-2.jpg</BannerPath>
  <BannerType>season</BannerType>
  <BannerType2>season</BannerType2>
  <Language>en</Language>
  <Rating>10.0000</Rating>
  <RatingCount>2</RatingCount>
  <Season>2</Season>
</Banner>
<Banner>
  <id>930382</id>
  <BannerPath>seasons/248812-1-2.jpg</BannerPath>
  <BannerType>season</BannerType>
  <BannerType2>season</BannerType2>
  <Language>en</Language>
  <Rating>9.6667</Rating>
  <RatingCount>3</RatingCount>
  <Season>1</Season>
</Banner>
<Banner>
  <id>906545</id>
  <BannerPath>seasons/248812-1.jpg</BannerPath>
  <BannerType>season</BannerType>
  <BannerType2>season</BannerType2>
  <Language>en</Language>
  <Rating>9.0000</Rating>
  <RatingCount>3</RatingCount>
  <Season>1</Season>
</Banner>
<Banner>
  <id>929587</id>
  <BannerPath>seasons/248812-2.jpg</BannerPath>
  <BannerType>season</BannerType>
  <BannerType2>season</BannerType2>
  <Language>en</Language>
  <Rating>1.0000</Rating>
  <RatingCount>1</RatingCount>
  <Season>2</Season>
</Banner>
<Banner>
  <id>904398</id>
  <BannerPath>graphical/248812-g.jpg</BannerPath>
  <BannerType>series</BannerType>
  <BannerType2>graphical</BannerType2>
  <Language>en</Language>
  <Rating>8.6667</Rating>
  <RatingCount>3</RatingCount>
</Banner>
<Banner>
  <id>904381</id>
  <BannerPath>graphical/248812-g2.jpg</BannerPath>
  <BannerType>series</BannerType>
  <BannerType2>graphical</BannerType2>
  <Language>en</Language>
  <Rating>8.0000</Rating>
  <RatingCount>1</RatingCount>
</Banner>
<Banner>
  <id>904391</id>
  <BannerPath>graphical/248812-g3.jpg</BannerPath>
  <BannerType>series</BannerType>
  <BannerType2>graphical</BannerType2>
  <Language>en</Language>
  <Rating>5.0000</Rating>
  <RatingCount>2</RatingCount>
</Banner>
</Banners>