<?xml version="1.0" encoding="UTF-8" ?>
<Data><Series>
  <id>248812</id>
  <Actors>|Krysten Ritter|Dreama Walker|James Van Der Beek|Ray Ford|Liza Lapira|Eric André|Michael Blaiklock|</Actors>
  <Airs_DayOfWeek>Tuesday</Airs_DayOfWeek>
  <Airs_Time>9:30 pm</Airs_Time>
  <ContentRating>TV-14</ContentRating>
  <FirstAired>2012-04-11</FirstAired>
  <Genre>|Comedy|</Genre>
  <IMDB_ID>tt1819509</IMDB_ID>
  <Language>en</Language>
  <Network>ABC</Network>
  <NetworkID></NetworkID>
  <Overview>The series revolves around the lives of two different women who are roommates in a New York City apartment, who become involved in the ultimate art of turning the tables on each other and everybody else.

The unlikely situation begins when June, a recently hired cafe barista -- and whose dream job and previous apartment were shattered by her CEO's involvement in the Bernie Madoff scandal that left her in debt -- befriends a patron named Chloe, who offers a place to stay, not knowing that she's a con artist and successfully rips June off after she moves in. Unfortunately, Chloe is stunned to learn that the supposedely naive June can also play that game as well. This prompts the two to use those talents to good use in order to survive in the city, with help from actor James Van Der Beek, who also assists in their plotting.</Overview>
  <Rating>8.2</Rating>
  <RatingCount>19</RatingCount>
  <Runtime>30</Runtime>
  <SeriesID>80799</SeriesID>
  <SeriesName>Don't Trust the B---- in Apartment 23</SeriesName>
  <Status>Ended</Status>
  <added>2011-05-17 00:06:57</added>
  <addedBy>4196</addedBy>
  <banner>graphical/248812-g.jpg</banner>
  <fanart>fanart/original/248812-1.jpg</fanart>
  <lastupdated>1364838188</lastupdated>
  <poster>posters/248812-4.jpg</poster>
  <zap2it_id></zap2it_id>
</Series>
<Episode>
  <id>4101892</id>
  <Combined_episodenumber>1.0</Combined_episodenumber>
  <Combined_season>1</Combined_season>
  <DVD_chapter></DVD_chapter>
  <DVD_discid></DVD_discid>
  <DVD_episodenumber>1.0</DVD_episodenumber>
  <DVD_season>1</DVD_season>
  <Director>Jason Winer</Director>
  <EpImgFlag>2</EpImgFlag>
  <EpisodeName>Pilot</EpisodeName>
  <EpisodeNumber>1</EpisodeNumber>
  <FirstAired>2012-04-11</FirstAired>
  <GuestStars>Tate Ellington|Eve Gordon|Peter Mackenzie|Adrian Kali Turner|Rob Yang|Nick Puga|Rebecca Grant|Daniel Berson|Helmar Augustus Cooper|Gameela Wright|Rob Yang|Thushari Jayasekera|Anoush NeVart|Zitto Kazann|Armaan Juneja|Katherine Tokarz|Clement von Franckenst</GuestStars>
  <IMDB_ID>tt2039446</IMDB_ID>
  <Language>en</Language>
  <Overview>When naive June is scammed by her new roommate Chloe, she decides to turn the tables on her and by doing so earns Chloe's respect.</Overview>
  <ProductionCode></ProductionCode>
  <Rating>7.5</Rating>
  <RatingCount>44</RatingCount>
  <SeasonNumber>1</SeasonNumber>
  <Writer>Nahnatchka Khan</Writer>
  <absolute_number></absolute_number>
  <filename>episodes/248812/4101892.jpg</filename>
  <lastupdated>1361188620</lastupdated>
  <seasonid>466232</seasonid>
  <seriesid>248812</seriesid>
</Episode>
<Episode>
  <id>4298286</id>
  <Combined_episodenumber>2.0</Combined_episodenumber>
  <Combined_season>1</Combined_season>
  <DVD_chapter></DVD_chapter>
  <DVD_discid></DVD_discid>
  <DVD_episodenumber>2.0</DVD_episodenumber>
  <DVD_season>1</DVD_season>
  <Director>Michael Spiller</Director>
  <EpImgFlag>2</EpImgFlag>
  <EpisodeName>Daddy's Girl ...</EpisodeName>
  <EpisodeNumber>2</EpisodeNumber>
  <FirstAired>2012-04-18</FirstAired>
  <GuestStars>Peter MacKenzie|Eve Gordon|Michael Landes|Marin Hinkle|Elizabeth Mercer|Dante Swain|Foster Wilson|Maisie Pacia|Brian Konowal|Amra Silajdzic</GuestStars>
  <IMDB_ID>tt2039450</IMDB_ID>
  <Language>en</Language>
  <Overview>June begrudgingly lets Chloe set her up on a date; James teaches an acting class in which he can't escape his Dawson persona.</Overview>
  <ProductionCode></ProductionCode>
  <Rating>7.4</Rating>
  <RatingCount>35</RatingCount>
  <SeasonNumber>1</SeasonNumber>
  <Writer>Nahnatchka Khan</Writer>
  <absolute_number></absolute_number>
  <filename>episodes/248812/4298286.jpg</filename>
  <lastupdated>1363734139</lastupdated>
  <seasonid>466232</seasonid>
  <seriesid>248812</seriesid>
</Episode>
<Episode>
  <id>4305699</id>
  <Combined_episodenumber>9.0</Combined_episodenumber>
  <Combined_season>1</Combined_season>
  <DVD_chapter></DVD_chapter>
  <DVD_discid></DVD_discid>
  <DVD_episodenumber>9.0</DVD_episodenumber>
  <DVD_season>1</DVD_season>
  <Director>Chris Koch</Director>
  <EpImgFlag>2</EpImgFlag>
  <EpisodeName>Parent Trap ...</EpisodeName>
  <EpisodeNumber>3</EpisodeNumber>
  <FirstAired>2012-04-25</FirstAired>
  <GuestStars>Kiernan Shipka|Nora Dunn|Kerris Dorsey|Jennie Pierson|Misha Gonz-Cirkl|Bill Doyle|Tom Lommel|Sandy Fury|Casey Robinson</GuestStars>
  <IMDB_ID>tt2039451</IMDB_ID>
  <Language>en</Language>
  <Overview>On top of a demanding internship and two jobs, June also must figure out how to clean up a mess created by one of Chloe's ill-conceived ideas; James is excited when he lands a role in a movie with Kiernan Shipka.</Overview>
  <ProductionCode></ProductionCode>
  <Rating>7.1</Rating>
  <RatingCount>31</RatingCount>
  <SeasonNumber>1</SeasonNumber>
  <Writer>Sally Bradford McKenna</Writer>
  <absolute_number></absolute_number>
  <filename>episodes/248812/4305699.jpg</filename>
  <lastupdated>1363734151</lastupdated>
  <seasonid>466232</seasonid>
  <seriesid>248812</seriesid>
</Episode>
<Episode>
  <id>4305700</id>
  <Combined_episodenumber>5.0</Combined_episodenumber>
  <Combined_season>1</Combined_season>
  <DVD_chapter></DVD_chapter>
  <DVD_discid></DVD_discid>
  <DVD_episodenumber>5.0</DVD_episodenumber>
  <DVD_season>1</DVD_season>
  <Director>Chris Koch</Director>
  <EpImgFlag>2</EpImgFlag>
  <EpisodeName>The Wedding ...</EpisodeName>
  <EpisodeNumber>4</EpisodeNumber>
  <FirstAired>2012-05-02</FirstAired>
  <GuestStars>Kevin Sorbo|Tate Ellington|Americus Abesamis|Nora Kirkpatrick|Katherine Tokarz|Michael Croner|Valerie-Jean Hume|Kim Mahair|Julianna Piechoczek|Vincent Rivera|Mark Sinacori</GuestStars>
  <IMDB_ID>tt2039452</IMDB_ID>
  <Language>en</Language>
  <Overview>When a wedding invitation leaves single June down in the dumps, Chloe tries to give her more confidence --but does too good of a job.</Overview>
  <ProductionCode></ProductionCode>
  <Rating>7.5</Rating>
  <RatingCount>31</RatingCount>
  <SeasonNumber>1</SeasonNumber>
  <Writer>Casey Johnson|David Windsor</Writer>
  <absolute_number></absolute_number>
  <filename>episodes/248812/4305700.jpg</filename>
  <lastupdated>1363734163</lastupdated>
  <seasonid>466232</seasonid>
  <seriesid>248812</seriesid>
</Episode>
<Episode>
  <id>4305701</id>
  <Combined_episodenumber>4.0</Combined_episodenumber>
  <Combined_season>1</Combined_season>
  <DVD_chapter></DVD_chapter>
  <DVD_discid></DVD_discid>
  <DVD_episodenumber>4.0</DVD_episodenumber>
  <DVD_season>1</DVD_season>
  <Director>Michael Spiller</Director>
  <EpImgFlag>2</EpImgFlag>
  <EpisodeName>Making Rent ...</EpisodeName>
  <EpisodeNumber>5</EpisodeNumber>
  <FirstAired>2012-05-09</FirstAired>
  <GuestStars>Rosalind Chao|Peter MacKenzie|Eve Gordon|Andrea Helene|Megan Heyn|Nick Endres|Derrick Eppich</GuestStars>
  <IMDB_ID>tt2039453</IMDB_ID>
  <Language>en</Language>
  <Overview>After struggling to make ends meet, June comes up with a creative way to make extra money; James launches a line of super-skinny jeans.</Overview>
  <ProductionCode></ProductionCode>
  <Rating>7.0</Rating>
  <RatingCount>24</RatingCount>
  <SeasonNumber>1</SeasonNumber>
  <Writer>Corey Nickerson</Writer>
  <absolute_number></absolute_number>
  <filename>episodes/248812/4305701.jpg</filename>
  <lastupdated>1363734178</lastupdated>
  <seasonid>466232</seasonid>
  <seriesid>248812</seriesid>
</Episode>
<Episode>
  <id>4320938</id>
  <Combined_episodenumber>8.0</Combined_episodenumber>
  <Combined_season>1</Combined_season>
  <DVD_chapter></DVD_chapter>
  <DVD_discid></DVD_discid>
  <DVD_episodenumber>8.0</DVD_episodenumber>
  <DVD_season>1</DVD_season>
  <Director>Nanette Burstein</Director>
  <EpImgFlag>2</EpImgFlag>
  <EpisodeName>It's Just Sex ...</EpisodeName>
  <EpisodeNumber>6</EpisodeNumber>
  <FirstAired>2012-05-16</FirstAired>
  <GuestStars>Rosalind Chao|Hartley Sawyer|Shanti Lowry|Eve Gordon|Julianna Piechoczek|Daniel Hank</GuestStars>
  <IMDB_ID>tt2039447</IMDB_ID>
  <Language>en</Language>
  <Overview>Chloe encourages June to try casual sex; an embarrassing video of James and Chloe leaks, causing James to worry about its effect on his likeability.</Overview>
  <ProductionCode></ProductionCode>
  <Rating>7.1</Rating>
  <RatingCount>24</RatingCount>
  <SeasonNumber>1</SeasonNumber>
  <Writer>Billy Finnegan</Writer>
  <absolute_number></absolute_number>
  <filename>episodes/248812/4320938.jpg</filename>
  <lastupdated>1363734197</lastupdated>
  <seasonid>466232</seasonid>
  <seriesid>248812</seriesid>
</Episode>
<Episode>
  <id>4325223</id>
  <Combined_episodenumber>10.0</Combined_episodenumber>
  <Combined_season>1</Combined_season>
  <DVD_chapter></DVD_chapter>
  <DVD_discid></DVD_discid>
  <DVD_episodenumber>10.0</DVD_episodenumber>
  <DVD_season>1</DVD_season>
  <Director>Wendey Stanzler</Director>
  <EpImgFlag>2</EpImgFlag>
  <EpisodeName>Shitagi Nashi ...</EpisodeName>
  <EpisodeNumber>7</EpisodeNumber>
  <FirstAired>2012-05-23</FirstAired>
  <GuestStars>David Krumholtz|Dean Cain|Rosalind Chao|Ray Ford|Jae Jung|Jennie Pierson|Christopher Naoki Lee</GuestStars>
  <IMDB_ID>tt2039455</IMDB_ID>
  <Language>en</Language>
  <Overview>June tries to keep up with Chloe and her party lifestyle; James loses it when he finds out that Dean Cain has a bigger dressing room than he has.</Overview>
  <ProductionCode></ProductionCode>
  <Rating>7.5</Rating>
  <RatingCount>18</RatingCount>
  <SeasonNumber>1</SeasonNumber>
  <Writer>Casey Johnson|David Windsor</Writer>
  <absolute_number></absolute_number>
  <filename>episodes/248812/4325223.jpg</filename>
  <lastupdated>1363773701</lastupdated>
  <seasonid>466232</seasonid>
  <seriesid>248812</seriesid>
</Episode>
<Episode>
  <id>4366657</id>
  <Combined_episodenumber>1.0</Combined_episodenumber>
  <Combined_season>2</Combined_season>
  <DVD_chapter></DVD_chapter>
  <DVD_discid></DVD_discid>
  <DVD_episodenumber>1.0</DVD_episodenumber>
  <DVD_season>2</DVD_season>
  <Director>Wendey Stanzler</Director>
  <EpImgFlag>2</EpImgFlag>
  <EpisodeName>A Reunion ...</EpisodeName>
  <EpisodeNumber>1</EpisodeNumber>
  <FirstAired>2012-10-23</FirstAired>
  <GuestStars>Busy Philipps|Frankie Muniz|Mark-Paul Gosselaar|Joel Spence|Jennifer Marsala|Sally Digirolamo|Julia Cho|Nick Endres</GuestStars>
  <IMDB_ID>tt2301148</IMDB_ID>
  <Language>en</Language>
  <Overview>Against Chloe's advice, James tries to facilitate a &quot;Dawson's Creek&quot; reunion.</Overview>
  <ProductionCode>2ATF01</ProductionCode>
  <Rating>7.1</Rating>
  <RatingCount>20</RatingCount>
  <SeasonNumber>2</SeasonNumber>
  <Writer>Nahnatchka Khan</Writer>
  <absolute_number>8</absolute_number>
  <filename>episodes/248812/4366657.jpg</filename>
  <lastupdated>1364498938</lastupdated>
  <seasonid>497179</seasonid>
  <seriesid>248812</seriesid>
</Episode>
<Episode>
  <id>4421463</id>
  <Combined_episodenumber>2.0</Combined_episodenumber>
  <Combined_season>2</Combined_season>
  <DVD_chapter></DVD_chapter>
  <DVD_discid></DVD_discid>
  <DVD_episodenumber>2.0</DVD_episodenumber>
  <DVD_season>2</DVD_season>
  <Director>Victor Nelli, Jr.</Director>
  <EpImgFlag>2</EpImgFlag>
  <EpisodeName>Love And Monsters ...</EpisodeName>
  <EpisodeNumber>2</EpisodeNumber>
  <FirstAired>2012-10-30</FirstAired>
  <GuestStars>|Ben Lawson|John Gemberling|Wes Armstrong|Priyom Haider|Jocelyn Ayanna|Irene Choi|Celia Finkelstein|Peter Pasco|Yolanda Pecoraro|Jennie Pierson|John Ruby|Yimmy Yim|Chelsea O'Toole</GuestStars>
  <IMDB_ID>tt2452420</IMDB_ID>
  <Language>en</Language>
  <Overview>June tries to stop Chloe from ruining her favorite holiday with her elaborate tricks; James throws a Halloween party.</Overview>
  <ProductionCode>2ATF03</ProductionCode>
  <Rating>7.5</Rating>
  <RatingCount>13</RatingCount>
  <SeasonNumber>2</SeasonNumber>
  <Writer>Sally Bradford McKenna</Writer>
  <absolute_number>9</absolute_number>
  <filename>episodes/248812/4421463.jpg</filename>
  <lastupdated>1364498047</lastupdated>
  <seasonid>497179</seasonid>
  <seriesid>248812</seriesid>
</Episode>
<Episode>
  <id>4427712</id>
  <Combined_episodenumber>3.0</Combined_episodenumber>
  <Combined_season>2</Combined_season>
  <DVD_chapter></DVD_chapter>
  <DVD_discid></DVD_discid>
  <DVD_episodenumber>3.0</DVD_episodenumber>
  <DVD_season>2</DVD_season>
  <Director>Lev L. Spiro</Director>
  <EpImgFlag>2</EpImgFlag>
  <EpisodeName>Sexy People ...</EpisodeName>
  <EpisodeNumber>3</EpisodeNumber>
  <FirstAired>2012-11-13</FirstAired>
  <GuestStars>Lee Meriwether|Eve Gordon|Peter Mackenzie|Keith Allan|Mando Alvarado|Tom Christensen|Amie Farrell|Kim Gatewood|Danielle Parker|Tommy Snider|Nefetari Spencer|Ashley Drayton</GuestStars>
  <IMDB_ID>tt2428850</IMDB_ID>
  <Language>en</Language>
  <Overview>Chloe tries to get a magazine to declare James the sexiest man alive; June becomes enamoured with James.</Overview>
  <ProductionCode>2ATF04</ProductionCode>
  <Rating>7.6</Rating>
  <RatingCount>15</RatingCount>
  <SeasonNumber>2</SeasonNumber>
  <Writer>Corey Nickerson</Writer>
  <absolute_number>10</absolute_number>
  <filename>episodes/248812/4427712.jpg</filename>
  <lastupdated>1364498108</lastupdated>
  <seasonid>497179</seasonid>
  <seriesid>248812</seriesid>
</Episode>
<Episode>
  <id>4427713</id>
  <Combined_episodenumber>4.0</Combined_episodenumber>
  <Combined_season>2</Combined_season>
  <DVD_chapter></DVD_chapter>
  <DVD_discid></DVD_discid>
  <DVD_episodenumber>4.0</DVD_episodenumber>
  <DVD_season>2</DVD_season>
  <Director>Rebecca Asher</Director>
  <EpImgFlag>2</EpImgFlag>
  <EpisodeName>It's A Miracle ...</EpisodeName>
  <EpisodeNumber>4</EpisodeNumber>
  <FirstAired>2012-11-20</FirstAired>
  <GuestStars>Michael Landes|Marin Hinkle|Rico E. Anderson|Jill Basey|Ronnie Clark|Patrick Cox|Barry Ford|Luke Ganalon|Mary Kathleen Gordon|Roy Milton Davis|Jim Holdridge|John O'Brien</GuestStars>
  <IMDB_ID>tt2477796</IMDB_ID>
  <Language>en</Language>
  <Overview>When June can't afford to fly home for Thanksgiving, Chloe invites her to her parents' house; James tries to get a photo-op at a soup kitchen.</Overview>
  <ProductionCode>2ATF02</ProductionCode>
  <Rating>7.3</Rating>
  <RatingCount>14</RatingCount>
  <SeasonNumber>2</SeasonNumber>
  <Writer>Casey Johnson|David Windsor</Writer>
  <absolute_number>11</absolute_number>
  <filename>episodes/248812/4427713.jpg</filename>
  <lastupdated>1364819219</lastupdated>
  <seasonid>497179</seasonid>
  <seriesid>248812</seriesid>
</Episode>
<Episode>
  <id>4440713</id>
  <Combined_episodenumber>7.0</Combined_episodenumber>
  <Combined_season>1</Combined_season>
  <DVD_chapter></DVD_chapter>
  <DVD_discid></DVD_discid>
  <DVD_episodenumber>7.0</DVD_episodenumber>
  <DVD_season>1</DVD_season>
  <Director>Henry Chan</Director>
  <EpImgFlag>2</EpImgFlag>
  <EpisodeName>Whatever It Takes ...</EpisodeName>
  <EpisodeNumber>5</EpisodeNumber>
  <FirstAired>2012-12-04</FirstAired>
  <GuestStars>Liza Lapira|Dean Cain|Bruce Davison|Missi Pyle|Thomas Lennon|Jason Olive|Eve Gordon|Peter Mackenzie|Jack Knight|Gayla Johnson|Troy Biship|Joel Gelman|Tessa Munro|Kelli Dawn Hancock|Shane Roney</GuestStars>
  <IMDB_ID>tt2299506</IMDB_ID>
  <Language>en</Language>
  <Overview>Chloe takes June drinking in the financial district, where she finds a hot broker and a job offer; James is paired with the worst dancer on &quot;Dancing With the Stars.&quot;</Overview>
  <ProductionCode>1ATF06</ProductionCode>
  <Rating>7.5</Rating>
  <RatingCount>15</RatingCount>
  <SeasonNumber>2</SeasonNumber>
  <Writer>David Hemingson</Writer>
  <absolute_number>12</absolute_number>
  <filename>episodes/248812/4440713.jpg</filename>
  <lastupdated>1364498167</lastupdated>
  <seasonid>497179</seasonid>
  <seriesid>248812</seriesid>
</Episode>
<Episode>
  <id>4440714</id>
  <Combined_episodenumber>11.0</Combined_episodenumber>
  <Combined_season>2</Combined_season>
  <DVD_chapter></DVD_chapter>
  <DVD_discid></DVD_discid>
  <DVD_episodenumber>11.0</DVD_episodenumber>
  <DVD_season>2</DVD_season>
  <Director>Aundre Johnson</Director>
  <EpImgFlag>3</EpImgFlag>
  <EpisodeName>Bar Lies ...</EpisodeName>
  <EpisodeNumber>6</EpisodeNumber>
  <FirstAired>2012-12-11</FirstAired>
  <GuestStars></GuestStars>
  <IMDB_ID>tt2299512</IMDB_ID>
  <Language>en</Language>
  <Overview>While James is in Los Angeles, Chloe uses his penthouse for one of her scams; June tries to teach Chloe about honesty; James causes a stir.</Overview>
  <ProductionCode>1ATF11</ProductionCode>
  <Rating>7.4</Rating>
  <RatingCount>13</RatingCount>
  <SeasonNumber>2</SeasonNumber>
  <Writer>Laura McCreary</Writer>
  <absolute_number>11</absolute_number>
  <filename>episodes/248812/4440714.jpg</filename>
  <lastupdated>1364498359</lastupdated>
  <seasonid>497179</seasonid>
  <seriesid>248812</seriesid>
</Episode>
<Episode>
  <id>4440715</id>
  <Combined_episodenumber>7.0</Combined_episodenumber>
  <Combined_season>2</Combined_season>
  <DVD_chapter></DVD_chapter>
  <DVD_discid></DVD_discid>
  <DVD_episodenumber>7.0</DVD_episodenumber>
  <DVD_season>2</DVD_season>
  <Director>David Hemingson</Director>
  <EpImgFlag>2</EpImgFlag>
  <EpisodeName>A Weekend in the Hamptons ...</EpisodeName>
  <EpisodeNumber>7</EpisodeNumber>
  <FirstAired>2012-12-18</FirstAired>
  <GuestStars></GuestStars>
  <IMDB_ID>tt2299510</IMDB_ID>
  <Language>en</Language>
  <Overview>Chloe tries to cheer her friends up by dragging them to the Hamptons, where she tries to crash the party of the year and hook up with its host.</Overview>
  <ProductionCode>1ATF12</ProductionCode>
  <Rating>7.1</Rating>
  <RatingCount>12</RatingCount>
  <SeasonNumber>2</SeasonNumber>
  <Writer>Billy Finnegan</Writer>
  <absolute_number>14</absolute_number>
  <filename>episodes/248812/4440715.jpg</filename>
  <lastupdated>1364385616</lastupdated>
  <seasonid>497179</seasonid>
  <seriesid>248812</seriesid>
</Episode>
<Episode>
  <id>4459175</id>
  <Combined_episodenumber>8.0</Combined_episodenumber>
  <Combined_season>2</Combined_season>
  <DVD_chapter></DVD_chapter>
  <DVD_discid></DVD_discid>
  <DVD_episodenumber>8.0</DVD_episodenumber>
  <DVD_season>2</DVD_season>
  <Director>Jeffrey Walker</Director>
  <EpImgFlag>2</EpImgFlag>
  <EpisodeName>Paris ...</EpisodeName>
  <EpisodeNumber>8</EpisodeNumber>
  <FirstAired>2013-01-06</FirstAired>
  <GuestStars>|Angelique Cabral|Tom Amandes|Jennie Pierson|Ben Zelevansky|Maurice Webster|</GuestStars>
  <IMDB_ID>tt2429272</IMDB_ID>
  <Language>en</Language>
  <Overview>June is excited to meet a nice co-worker at her new job, but Chloe warns that the new person probably isn't being as friendly as she seems; Mark goes to James for help expressing his feelings to June.</Overview>
  <ProductionCode>2ATF05</ProductionCode>
  <Rating>7.0</Rating>
  <RatingCount>13</RatingCount>
  <SeasonNumber>2</SeasonNumber>
  <Writer>Laura McCreary</Writer>
  <absolute_number>15</absolute_number>
  <filename>episodes/248812/4459175.jpg</filename>
  <lastupdated>1364498238</lastupdated>
  <seasonid>497179</seasonid>
  <seriesid>248812</seriesid>
</Episode>
<Episode>
  <id>4459209</id>
  <Combined_episodenumber>9.0</Combined_episodenumber>
  <Combined_season>2</Combined_season>
  <DVD_chapter></DVD_chapter>
  <DVD_discid></DVD_discid>
  <DVD_episodenumber>9.0</DVD_episodenumber>
  <DVD_season>2</DVD_season>
  <Director>Wendey Stanzler</Director>
  <EpImgFlag>3</EpImgFlag>
  <EpisodeName>The Scarlet Neighbor ...</EpisodeName>
  <EpisodeNumber>9</EpisodeNumber>
  <FirstAired>2013-01-08</FirstAired>
  <GuestStars>|Davi Santos|Wendy Schenker|</GuestStars>
  <IMDB_ID>tt2299500</IMDB_ID>
  <Language>en</Language>
  <Overview>When June and Chloe attend a tenants' meeting, June realizes she needs to clean up Chloe's act; Chloe decides to go after Mark; James tries to sabotage June's efforts.</Overview>
  <ProductionCode>1ATF05</ProductionCode>
  <Rating>7.3</Rating>
  <RatingCount>12</RatingCount>
  <SeasonNumber>2</SeasonNumber>
  <Writer>Laura McCreary</Writer>
  <absolute_number>16</absolute_number>
  <filename>episodes/248812/4459209.jpg</filename>
  <lastupdated>1364498249</lastupdated>
  <seasonid>497179</seasonid>
  <seriesid>248812</seriesid>
</Episode>
<Episode>
  <id>4459208</id>
  <Combined_episodenumber>10.0</Combined_episodenumber>
  <Combined_season>2</Combined_season>
  <DVD_chapter></DVD_chapter>
  <DVD_discid></DVD_discid>
  <DVD_episodenumber>10.0</DVD_episodenumber>
  <DVD_season>2</DVD_season>
  <Director>|Chris Koch|</Director>
  <EpImgFlag>2</EpImgFlag>
  <EpisodeName>Mean Girls ...</EpisodeName>
  <EpisodeNumber>10</EpisodeNumber>
  <FirstAired>2013-01-13</FirstAired>
  <GuestStars>|Fiona Gubelmann|Eve Gordon|Peter Mackenzie|</GuestStars>
  <IMDB_ID>tt2299496</IMDB_ID>
  <Language>en</Language>
  <Overview>June makes a real effort with Chloe to be BFFs, but Chloe is wary.</Overview>
  <ProductionCode>1ATF02</ProductionCode>
  <Rating>7.0</Rating>
  <RatingCount>10</RatingCount>
  <SeasonNumber>2</SeasonNumber>
  <Writer>|Sally Bradford McKenna|</Writer>
  <absolute_number>17</absolute_number>
  <filename>episodes/248812/4459208.jpg</filename>
  <lastupdated>1364498371</lastupdated>
  <seasonid>497179</seasonid>
  <seriesid>248812</seriesid>
</Episode>
<Episode>
  <id>4459206</id>
  <Combined_episodenumber>11.0</Combined_episodenumber>
  <Combined_season>2</Combined_season>
  <DVD_chapter></DVD_chapter>
  <DVD_discid></DVD_discid>
  <DVD_episodenumber>11.0</DVD_episodenumber>
  <DVD_season>2</DVD_season>
  <Director>Gail Mancuso</Director>
  <EpImgFlag>2</EpImgFlag>
  <EpisodeName>Dating Games ...</EpisodeName>
  <EpisodeNumber>11</EpisodeNumber>
  <FirstAired>2013-01-15</FirstAired>
  <GuestStars>Liza Lapira|Kyle Howard|Matt Hobby|Mary Grill</GuestStars>
  <IMDB_ID>tt2542854</IMDB_ID>
  <Language>en</Language>
  <Overview>June and Mark are obsessed with a reality dating show, and Chloe convinces June to get out and actually date; the plan goes awry when they ask out the same guy, and James orchestrates various dating challenges to win the guy's affection.</Overview>
  <ProductionCode>2ATF08</ProductionCode>
  <Rating>7.0</Rating>
  <RatingCount>9</RatingCount>
  <SeasonNumber>2</SeasonNumber>
  <Writer>Erik Durbin</Writer>
  <absolute_number>18</absolute_number>
  <filename>episodes/248812/4459206.jpg</filename>
  <lastupdated>1364498407</lastupdated>
  <seasonid>497179</seasonid>
  <seriesid>248812</seriesid>
</Episode>
<Episode>
  <id>4534847</id>
  <Combined_episodenumber>12</Combined_episodenumber>
  <Combined_season>2</Combined_season>
  <DVD_chapter></DVD_chapter>
  <DVD_discid></DVD_discid>
  <DVD_episodenumber></DVD_episodenumber>
  <DVD_season></DVD_season>
  <Director></Director>
  <EpImgFlag></EpImgFlag>
  <EpisodeName>Teddy Trouble...</EpisodeName>
  <EpisodeNumber>12</EpisodeNumber>
  <FirstAired></FirstAired>
  <GuestStars></GuestStars>
  <IMDB_ID>tt2456996</IMDB_ID>
  <Language>en</Language>
  <Overview></Overview>
  <ProductionCode></ProductionCode>
  <Rating></Rating>
  <RatingCount>0</RatingCount>
  <SeasonNumber>2</SeasonNumber>
  <Writer></Writer>
  <absolute_number></absolute_number>
  <filename></filename>
  <lastupdated>1364498468</lastupdated>
  <seasonid>497179</seasonid>
  <seriesid>248812</seriesid>
</Episode>
<Episode>
  <id>4534848</id>
  <Combined_episodenumber>13</Combined_episodenumber>
  <Combined_season>2</Combined_season>
  <DVD_chapter></DVD_chapter>
  <DVD_discid></DVD_discid>
  <DVD_episodenumber></DVD_episodenumber>
  <DVD_season></DVD_season>
  <Director></Director>
  <EpImgFlag></EpImgFlag>
  <EpisodeName>The Original B----</EpisodeName>
  <EpisodeNumber>13</EpisodeNumber>
  <FirstAired></FirstAired>
  <GuestStars></GuestStars>
  <IMDB_ID>tt2647338</IMDB_ID>
  <Language>en</Language>
  <Overview></Overview>
  <ProductionCode></ProductionCode>
  <Rating></Rating>
  <RatingCount>0</RatingCount>
  <SeasonNumber>2</SeasonNumber>
  <Writer></Writer>
  <absolute_number></absolute_number>
  <filename></filename>
  <lastupdated>1364498515</lastupdated>
  <seasonid>497179</seasonid>
  <seriesid>248812</seriesid>
</Episode>
<Episode>
  <id>4534849</id>
  <Combined_episodenumber>14</Combined_episodenumber>
  <Combined_season>2</Combined_season>
  <DVD_chapter></DVD_chapter>
  <DVD_discid></DVD_discid>
  <DVD_episodenumber></DVD_episodenumber>
  <DVD_season></DVD_season>
  <Director></Director>
  <EpImgFlag></EpImgFlag>
  <EpisodeName>Monday June</EpisodeName>
  <EpisodeNumber>14</EpisodeNumber>
  <FirstAired></FirstAired>
  <GuestStars></GuestStars>
  <IMDB_ID>tt2732444</IMDB_ID>
  <Language>en</Language>
  <Overview></Overview>
  <ProductionCode></ProductionCode>
  <Rating></Rating>
  <RatingCount>0</RatingCount>
  <SeasonNumber>2</SeasonNumber>
  <Writer></Writer>
  <absolute_number></absolute_number>
  <filename></filename>
  <lastupdated>1364498639</lastupdated>
  <seasonid>497179</seasonid>
  <seriesid>248812</seriesid>
</Episode>
</Data>