<?xml version="1.0" encoding="UTF-8" ?>
<Banners>
<Banner>
  <id>34516</id>
  <BannerPath>fanart/original/73787-10.jpg</BannerPath>
  <BannerType>fanart</BannerType>
  <BannerType2>1280x720</BannerType2>
  <Colors>|208,216,218|18,28,30|188,147,225|</Colors>
  <Language>en</Language>
  <Rating>8.4286</Rating>
  <RatingCount>7</RatingCount>
  <SeriesName>false</SeriesName>
  <ThumbnailPath>_cache/fanart/original/73787-10.jpg</ThumbnailPath>
  <VignettePath>fanart/vignette/73787-10.jpg</VignettePath>
</Banner>
<Banner>
  <id>29812</id>
  <BannerPath>fanart/original/73787-3.jpg</BannerPath>
  <BannerType>fanart</BannerType>
  <BannerType2>1280x720</BannerType2>
  <Colors></Colors>
  <Language>en</Language>
  <Rating>8.0000</Rating>
  <RatingCount>10</RatingCount>
  <SeriesName>false</SeriesName>
  <ThumbnailPath>_cache/fanart/original/73787-3.jpg</ThumbnailPath>
  <VignettePath>fanart/vignette/73787-3.jpg</VignettePath>
</Banner>
<Banner>
  <id>471551</id>
  <BannerPath>fanart/original/73787-47.jpg</BannerPath>
  <BannerType>fanart</BannerType>
  <BannerType2>1280x720</BannerType2>
  <Colors></Colors>
  <Language>en</Language>
  <Rating>7.5000</Rating>
  <RatingCount>2</RatingCount>
  <SeriesName>false</SeriesName>
  <ThumbnailPath>_cache/fanart/original/73787-47.jpg</ThumbnailPath>
  <VignettePath>fanart/vignette/73787-47.jpg</VignettePath>
</Banner>
<Banner>
  <id>30619</id>
  <BannerPath>fanart/original/73787-6.jpg</BannerPath>
  <BannerType>fanart</BannerType>
  <BannerType2>1920x1080</BannerType2>
  <Colors></Colors>
  <Language>en</Language>
  <Rating>7.3000</Rating>
  <RatingCount>10</RatingCount>
  <SeriesName>false</SeriesName>
  <ThumbnailPath>_cache/fanart/original/73787-6.jpg</ThumbnailPath>
  <VignettePath>fanart/vignette/73787-6.jpg</VignettePath>
</Banner>
<Banner>
  <id>172471</id>
  <BannerPath>fanart/original/73787-30.jpg</BannerPath>
  <BannerType>fanart</BannerType>
  <BannerType2>1280x720</BannerType2>
  <Colors></Colors>
  <Language>de</Language>
  <Rating>7.2000</Rating>
  <RatingCount>5</RatingCount>
  <SeriesName>false</SeriesName>
  <ThumbnailPath>_cache/fanart/original/73787-30.jpg</ThumbnailPath>
  <VignettePath>fanart/vignette/73787-30.jpg</VignettePath>
</Banner>
<Banner>
  <id>20667</id>
  <BannerPath>fanart/original/73787-1.jpg</BannerPath>
  <BannerType>fanart</BannerType>
  <BannerType2>1920x1080</BannerType2>
  <Colors>|251,240,236|204,30,31|135,145,194|</Colors>
  <Language>en</Language>
  <Rating>7.1667</Rating>
  <RatingCount>6</RatingCount>
  <SeriesName>false</SeriesName>
  <ThumbnailPath>_cache/fanart/original/73787-1.jpg</ThumbnailPath>
  <VignettePath>fanart/vignette/73787-1.jpg</VignettePath>
</Banner>
<Banner>
  <id>248381</id>
  <BannerPath>fanart/original/73787-32.jpg</BannerPath>
  <BannerType>fanart</BannerType>
  <BannerType2>1280x720</BannerType2>
  <Colors></Colors>
  <Language>en</Language>
  <Rating>7.0000</Rating>
  <RatingCount>3</RatingCount>
  <SeriesName>false</SeriesName>
  <ThumbnailPath>_cache/fanart/original/73787-32.jpg</ThumbnailPath>
  <VignettePath>fanart/vignette/73787-32.jpg</VignettePath>
</Banner>
<Banner>
  <id>25305</id>
  <BannerPath>fanart/original/73787-2.jpg</BannerPath>
  <BannerType>fanart</BannerType>
  <BannerType2>1280x720</BannerType2>
  <Colors>|203,177,162|202,36,50|47,95,57|</Colors>
  <Language>en</Language>
  <Rating>6.6667</Rating>
  <RatingCount>6</RatingCount>
  <SeriesName>false</SeriesName>
  <ThumbnailPath>_cache/fanart/original/73787-2.jpg</ThumbnailPath>
  <VignettePath>fanart/vignette/73787-2.jpg</VignettePath>
</Banner>
<Banner>
  <id>118781</id>
  <BannerPath>fanart/original/73787-23.jpg</BannerPath>
  <BannerType>fanart</BannerType>
  <BannerType2>1920x1080</BannerType2>
  <Colors></Colors>
  <Language>de</Language>
  <Rating>6.2500</Rating>
  <RatingCount>4</RatingCount>
  <SeriesName>false</SeriesName>
  <ThumbnailPath>_cache/fanart/original/73787-23.jpg</ThumbnailPath>
  <VignettePath>fanart/vignette/73787-23.jpg</VignettePath>
</Banner>
<Banner>
  <id>34515</id>
  <BannerPath>fanart/original/73787-9.jpg</BannerPath>
  <BannerType>fanart</BannerType>
  <BannerType2>1280x720</BannerType2>
  <Colors></Colors>
  <Language>en</Language>
  <Rating>6.0000</Rating>
  <RatingCount>4</RatingCount>
  <SeriesName>false</SeriesName>
  <ThumbnailPath>_cache/fanart/original/73787-9.jpg</ThumbnailPath>
  <VignettePath>fanart/vignette/73787-9.jpg</VignettePath>
</Banner>
<Banner>
  <id>29813</id>
  <BannerPath>fanart/original/73787-4.jpg</BannerPath>
  <BannerType>fanart</BannerType>
  <BannerType2>1280x720</BannerType2>
  <Colors></Colors>
  <Language>en</Language>
  <Rating>6.0000</Rating>
  <RatingCount>3</RatingCount>
  <SeriesName>false</SeriesName>
  <ThumbnailPath>_cache/fanart/original/73787-4.jpg</ThumbnailPath>
  <VignettePath>fanart/vignette/73787-4.jpg</VignettePath>
</Banner>
<Banner>
  <id>30620</id>
  <BannerPath>fanart/original/73787-7.jpg</BannerPath>
  <BannerType>fanart</BannerType>
  <BannerType2>1920x1080</BannerType2>
  <Colors></Colors>
  <Language>en</Language>
  <Rating>5.5000</Rating>
  <RatingCount>2</RatingCount>
  <SeriesName>false</SeriesName>
  <ThumbnailPath>_cache/fanart/original/73787-7.jpg</ThumbnailPath>
  <VignettePath>fanart/vignette/73787-7.jpg</VignettePath>
</Banner>
<Banner>
  <id>118651</id>
  <BannerPath>fanart/original/73787-11.jpg</BannerPath>
  <BannerType>fanart</BannerType>
  <BannerType2>1280x720</BannerType2>
  <Colors></Colors>
  <Language>de</Language>
  <Rating>5.0000</Rating>
  <RatingCount>3</RatingCount>
  <SeriesName>false</SeriesName>
  <ThumbnailPath>_cache/fanart/original/73787-11.jpg</ThumbnailPath>
  <VignettePath>fanart/vignette/73787-11.jpg</VignettePath>
</Banner>
<Banner>
  <id>118791</id>
  <BannerPath>fanart/original/73787-24.jpg</BannerPath>
  <BannerType>fanart</BannerType>
  <BannerType2>1920x1080</BannerType2>
  <Colors></Colors>
  <Language>de</Language>
  <Rating>5.0000</Rating>
  <RatingCount>1</RatingCount>
  <SeriesName>false</SeriesName>
  <ThumbnailPath>_cache/fanart/original/73787-24.jpg</ThumbnailPath>
  <VignettePath>fanart/vignette/73787-24.jpg</VignettePath>
</Banner>
<Banner>
  <id>118711</id>
  <BannerPath>fanart/original/73787-17.jpg</BannerPath>
  <BannerType>fanart</BannerType>
  <BannerType2>1920x1080</BannerType2>
  <Colors></Colors>
  <Language>de</Language>
  <Rating>4.5000</Rating>
  <RatingCount>2</RatingCount>
  <SeriesName>false</SeriesName>
  <ThumbnailPath>_cache/fanart/original/73787-17.jpg</ThumbnailPath>
  <VignettePath>fanart/vignette/73787-17.jpg</VignettePath>
</Banner>
<Banner>
  <id>29996</id>
  <BannerPath>fanart/original/73787-5.jpg</BannerPath>
  <BannerType>fanart</BannerType>
  <BannerType2>1280x720</BannerType2>
  <Colors></Colors>
  <Language>en</Language>
  <Rating>4.2500</Rating>
  <RatingCount>4</RatingCount>
  <SeriesName>false</SeriesName>
  <ThumbnailPath>_cache/fanart/original/73787-5.jpg</ThumbnailPath>
  <VignettePath>fanart/vignette/73787-5.jpg</VignettePath>
</Banner>
<Banner>
  <id>118751</id>
  <BannerPath>fanart/original/73787-21.jpg</BannerPath>
  <BannerType>fanart</BannerType>
  <BannerType2>1280x720</BannerType2>
  <Colors></Colors>
  <Language>de</Language>
  <Rating>4.0000</Rating>
  <RatingCount>2</RatingCount>
  <SeriesName>false</SeriesName>
  <ThumbnailPath>_cache/fanart/original/73787-21.jpg</ThumbnailPath>
  <VignettePath>fanart/vignette/73787-21.jpg</VignettePath>
</Banner>
<Banner>
  <id>118761</id>
  <BannerPath>fanart/original/73787-22.jpg</BannerPath>
  <BannerType>fanart</BannerType>
  <BannerType2>1920x1080</BannerType2>
  <Colors></Colors>
  <Language>de</Language>
  <Rating>4.0000</Rating>
  <RatingCount>2</RatingCount>
  <SeriesName>false</SeriesName>
  <ThumbnailPath>_cache/fanart/original/73787-22.jpg</ThumbnailPath>
  <VignettePath>fanart/vignette/73787-22.jpg</VignettePath>
</Banner>
<Banner>
  <id>118841</id>
  <BannerPath>fanart/original/73787-26.jpg</BannerPath>
  <BannerType>fanart</BannerType>
  <BannerType2>1920x1080</BannerType2>
  <Colors></Colors>
  <Language>de</Language>
  <Rating>4.0000</Rating>
  <RatingCount>2</RatingCount>
  <SeriesName>false</SeriesName>
  <ThumbnailPath>_cache/fanart/original/73787-26.jpg</ThumbnailPath>
  <VignettePath>fanart/vignette/73787-26.jpg</VignettePath>
</Banner>
<Banner>
  <id>118661</id>
  <BannerPath>fanart/original/73787-12.jpg</BannerPath>
  <BannerType>fanart</BannerType>
  <BannerType2>1280x720</BannerType2>
  <Colors></Colors>
  <Language>de</Language>
  <Rating>4.0000</Rating>
  <RatingCount>2</RatingCount>
  <SeriesName>false</SeriesName>
  <ThumbnailPath>_cache/fanart/original/73787-12.jpg</ThumbnailPath>
  <VignettePath>fanart/vignette/73787-12.jpg</VignettePath>
</Banner>
<Banner>
  <id>118731</id>
  <BannerPath>fanart/original/73787-19.jpg</BannerPath>
  <BannerType>fanart</BannerType>
  <BannerType2>1920x1080</BannerType2>
  <Colors></Colors>
  <Language>de</Language>
  <Rating>4.0000</Rating>
  <RatingCount>2</RatingCount>
  <SeriesName>false</SeriesName>
  <ThumbnailPath>_cache/fanart/original/73787-19.jpg</ThumbnailPath>
  <VignettePath>fanart/vignette/73787-19.jpg</VignettePath>
</Banner>
<Banner>
  <id>118691</id>
  <BannerPath>fanart/original/73787-15.jpg</BannerPath>
  <BannerType>fanart</BannerType>
  <BannerType2>1280x720</BannerType2>
  <Colors></Colors>
  <Language>de</Language>
  <Rating>3.5000</Rating>
  <RatingCount>2</RatingCount>
  <SeriesName>false</SeriesName>
  <ThumbnailPath>_cache/fanart/original/73787-15.jpg</ThumbnailPath>
  <VignettePath>fanart/vignette/73787-15.jpg</VignettePath>
</Banner>
<Banner>
  <id>118701</id>
  <BannerPath>fanart/original/73787-16.jpg</BannerPath>
  <BannerType>fanart</BannerType>
  <BannerType2>1920x1080</BannerType2>
  <Colors></Colors>
  <Language>de</Language>
  <Rating>3.5000</Rating>
  <RatingCount>2</RatingCount>
  <SeriesName>false</SeriesName>
  <ThumbnailPath>_cache/fanart/original/73787-16.jpg</ThumbnailPath>
  <VignettePath>fanart/vignette/73787-16.jpg</VignettePath>
</Banner>
<Banner>
  <id>118681</id>
  <BannerPath>fanart/original/73787-14.jpg</BannerPath>
  <BannerType>fanart</BannerType>
  <BannerType2>1280x720</BannerType2>
  <Colors></Colors>
  <Language>de</Language>
  <Rating>3.5000</Rating>
  <RatingCount>2</RatingCount>
  <SeriesName>false</SeriesName>
  <ThumbnailPath>_cache/fanart/original/73787-14.jpg</ThumbnailPath>
  <VignettePath>fanart/vignette/73787-14.jpg</VignettePath>
</Banner>
<Banner>
  <id>118721</id>
  <BannerPath>fanart/original/73787-18.jpg</BannerPath>
  <BannerType>fanart</BannerType>
  <BannerType2>1920x1080</BannerType2>
  <Colors></Colors>
  <Language>de</Language>
  <Rating>3.5000</Rating>
  <RatingCount>2</RatingCount>
  <SeriesName>false</SeriesName>
  <ThumbnailPath>_cache/fanart/original/73787-18.jpg</ThumbnailPath>
  <VignettePath>fanart/vignette/73787-18.jpg</VignettePath>
</Banner>
<Banner>
  <id>118741</id>
  <BannerPath>fanart/original/73787-20.jpg</BannerPath>
  <BannerType>fanart</BannerType>
  <BannerType2>1280x720</BannerType2>
  <Colors></Colors>
  <Language>de</Language>
  <Rating>3.5000</Rating>
  <RatingCount>2</RatingCount>
  <SeriesName>false</SeriesName>
  <ThumbnailPath>_cache/fanart/original/73787-20.jpg</ThumbnailPath>
  <VignettePath>fanart/vignette/73787-20.jpg</VignettePath>
</Banner>
<Banner>
  <id>118671</id>
  <BannerPath>fanart/original/73787-13.jpg</BannerPath>
  <BannerType>fanart</BannerType>
  <BannerType2>1280x720</BannerType2>
  <Colors></Colors>
  <Language>de</Language>
  <Rating>3.0000</Rating>
  <RatingCount>2</RatingCount>
  <SeriesName>false</SeriesName>
  <ThumbnailPath>_cache/fanart/original/73787-13.jpg</ThumbnailPath>
  <VignettePath>fanart/vignette/73787-13.jpg</VignettePath>
</Banner>
<Banner>
  <id>118811</id>
  <BannerPath>fanart/original/73787-25.jpg</BannerPath>
  <BannerType>fanart</BannerType>
  <BannerType2>1920x1080</BannerType2>
  <Colors></Colors>
  <Language>de</Language>
  <Rating>3.0000</Rating>
  <RatingCount>2</RatingCount>
  <SeriesName>false</SeriesName>
  <ThumbnailPath>_cache/fanart/original/73787-25.jpg</ThumbnailPath>
  <VignettePath>fanart/vignette/73787-25.jpg</VignettePath>
</Banner>
<Banner>
  <id>252071</id>
  <BannerPath>fanart/original/73787-41.jpg</BannerPath>
  <BannerType>fanart</BannerType>
  <BannerType2>1280x720</BannerType2>
  <Colors></Colors>
  <Language>en</Language>
  <Rating></Rating>
  <RatingCount>0</RatingCount>
  <SeriesName>false</SeriesName>
  <ThumbnailPath>_cache/fanart/original/73787-41.jpg</ThumbnailPath>
  <VignettePath>fanart/vignette/73787-41.jpg</VignettePath>
</Banner>
<Banner>
  <id>172451</id>
  <BannerPath>fanart/original/73787-29.jpg</BannerPath>
  <BannerType>fanart</BannerType>
  <BannerType2>1280x720</BannerType2>
  <Colors></Colors>
  <Language>de</Language>
  <Rating></Rating>
  <RatingCount>0</RatingCount>
  <SeriesName>false</SeriesName>
  <ThumbnailPath>_cache/fanart/original/73787-29.jpg</ThumbnailPath>
  <VignettePath>fanart/vignette/73787-29.jpg</VignettePath>
</Banner>
<Banner>
  <id>248401</id>
  <BannerPath>fanart/original/73787-34.jpg</BannerPath>
  <BannerType>fanart</BannerType>
  <BannerType2>1280x720</BannerType2>
  <Colors></Colors>
  <Language>en</Language>
  <Rating></Rating>
  <RatingCount>0</RatingCount>
  <SeriesName>false</SeriesName>
  <ThumbnailPath>_cache/fanart/original/73787-34.jpg</ThumbnailPath>
  <VignettePath>fanart/vignette/73787-34.jpg</VignettePath>
</Banner>
<Banner>
  <id>881571</id>
  <BannerPath>fanart/original/73787-52.jpg</BannerPath>
  <BannerType>fanart</BannerType>
  <BannerType2>1920x1080</BannerType2>
  <Colors></Colors>
  <Language>de</Language>
  <Rating></Rating>
  <RatingCount>0</RatingCount>
  <SeriesName>false</SeriesName>
  <ThumbnailPath>_cache/fanart/original/73787-52.jpg</ThumbnailPath>
  <VignettePath>fanart/vignette/73787-52.jpg</VignettePath>
</Banner>
<Banner>
  <id>476551</id>
  <BannerPath>fanart/original/73787-48.jpg</BannerPath>
  <BannerType>fanart</BannerType>
  <BannerType2>1280x720</BannerType2>
  <Colors></Colors>
  <Language>en</Language>
  <Rating></Rating>
  <RatingCount>0</RatingCount>
  <SeriesName>false</SeriesName>
  <ThumbnailPath>_cache/fanart/original/73787-48.jpg</ThumbnailPath>
  <VignettePath>fanart/vignette/73787-48.jpg</VignettePath>
</Banner>
<Banner>
  <id>172421</id>
  <BannerPath>fanart/original/73787-27.jpg</BannerPath>
  <BannerType>fanart</BannerType>
  <BannerType2>1280x720</BannerType2>
  <Colors></Colors>
  <Language>de</Language>
  <Rating></Rating>
  <RatingCount>0</RatingCount>
  <SeriesName>false</SeriesName>
  <ThumbnailPath>_cache/fanart/original/73787-27.jpg</ThumbnailPath>
  <VignettePath>fanart/vignette/73787-27.jpg</VignettePath>
</Banner>
<Banner>
  <id>476571</id>
  <BannerPath>fanart/original/73787-50.jpg</BannerPath>
  <BannerType>fanart</BannerType>
  <BannerType2>1280x720</BannerType2>
  <Colors></Colors>
  <Language>en</Language>
  <Rating></Rating>
  <RatingCount>0</RatingCount>
  <SeriesName>false</SeriesName>
  <ThumbnailPath>_cache/fanart/original/73787-50.jpg</ThumbnailPath>
  <VignettePath>fanart/vignette/73787-50.jpg</VignettePath>
</Banner>
<Banner>
  <id>248461</id>
  <BannerPath>fanart/original/73787-37.jpg</BannerPath>
  <BannerType>fanart</BannerType>
  <BannerType2>1280x720</BannerType2>
  <Colors>|148,130,178|246,198,54|148,130,178|</Colors>
  <Language>en</Language>
  <Rating></Rating>
  <RatingCount>0</RatingCount>
  <SeriesName>false</SeriesName>
  <ThumbnailPath>_cache/fanart/original/73787-37.jpg</ThumbnailPath>
  <VignettePath>fanart/vignette/73787-37.jpg</VignettePath>
</Banner>
<Banner>
  <id>252081</id>
  <BannerPath>fanart/original/73787-42.jpg</BannerPath>
  <BannerType>fanart</BannerType>
  <BannerType2>1280x720</BannerType2>
  <Colors></Colors>
  <Language>en</Language>
  <Rating></Rating>
  <RatingCount>0</RatingCount>
  <SeriesName>false</SeriesName>
  <ThumbnailPath>_cache/fanart/original/73787-42.jpg</ThumbnailPath>
  <VignettePath>fanart/vignette/73787-42.jpg</VignettePath>
</Banner>
<Banner>
  <id>369491</id>
  <BannerPath>fanart/original/73787-46.jpg</BannerPath>
  <BannerType>fanart</BannerType>
  <BannerType2>1280x720</BannerType2>
  <Colors></Colors>
  <Language>en</Language>
  <Rating></Rating>
  <RatingCount>0</RatingCount>
  <SeriesName>false</SeriesName>
  <ThumbnailPath>_cache/fanart/original/73787-46.jpg</ThumbnailPath>
  <VignettePath>fanart/vignette/73787-46.jpg</VignettePath>
</Banner>
<Banner>
  <id>252051</id>
  <BannerPath>fanart/original/73787-39.jpg</BannerPath>
  <BannerType>fanart</BannerType>
  <BannerType2>1280x720</BannerType2>
  <Colors></Colors>
  <Language>en</Language>
  <Rating></Rating>
  <RatingCount>0</RatingCount>
  <SeriesName>false</SeriesName>
  <ThumbnailPath>_cache/fanart/original/73787-39.jpg</ThumbnailPath>
  <VignettePath>fanart/vignette/73787-39.jpg</VignettePath>
</Banner>
<Banner>
  <id>248471</id>
  <BannerPath>fanart/original/73787-38.jpg</BannerPath>
  <BannerType>fanart</BannerType>
  <BannerType2>1280x720</BannerType2>
  <Colors></Colors>
  <Language>en</Language>
  <Rating></Rating>
  <RatingCount>0</RatingCount>
  <SeriesName>false</SeriesName>
  <ThumbnailPath>_cache/fanart/original/73787-38.jpg</ThumbnailPath>
  <VignettePath>fanart/vignette/73787-38.jpg</VignettePath>
</Banner>
<Banner>
  <id>172441</id>
  <BannerPath>fanart/original/73787-28.jpg</BannerPath>
  <BannerType>fanart</BannerType>
  <BannerType2>1280x720</BannerType2>
  <Colors></Colors>
  <Language>de</Language>
  <Rating></Rating>
  <RatingCount>0</RatingCount>
  <SeriesName>false</SeriesName>
  <ThumbnailPath>_cache/fanart/original/73787-28.jpg</ThumbnailPath>
  <VignettePath>fanart/vignette/73787-28.jpg</VignettePath>
</Banner>
<Banner>
  <id>491161</id>
  <BannerPath>fanart/original/73787-51.jpg</BannerPath>
  <BannerType>fanart</BannerType>
  <BannerType2>1280x720</BannerType2>
  <Colors></Colors>
  <Language>en</Language>
  <Rating></Rating>
  <RatingCount>0</RatingCount>
  <SeriesName>false</SeriesName>
  <ThumbnailPath>_cache/fanart/original/73787-51.jpg</ThumbnailPath>
  <VignettePath>fanart/vignette/73787-51.jpg</VignettePath>
</Banner>
<Banner>
  <id>248451</id>
  <BannerPath>fanart/original/73787-36.jpg</BannerPath>
  <BannerType>fanart</BannerType>
  <BannerType2>1280x720</BannerType2>
  <Colors></Colors>
  <Language>en</Language>
  <Rating></Rating>
  <RatingCount>0</RatingCount>
  <SeriesName>false</SeriesName>
  <ThumbnailPath>_cache/fanart/original/73787-36.jpg</ThumbnailPath>
  <VignettePath>fanart/vignette/73787-36.jpg</VignettePath>
</Banner>
<Banner>
  <id>259461</id>
  <BannerPath>fanart/original/73787-44.jpg</BannerPath>
  <BannerType>fanart</BannerType>
  <BannerType2>1280x720</BannerType2>
  <Colors></Colors>
  <Language>en</Language>
  <Rating></Rating>
  <RatingCount>0</RatingCount>
  <SeriesName>false</SeriesName>
  <ThumbnailPath>_cache/fanart/original/73787-44.jpg</ThumbnailPath>
  <VignettePath>fanart/vignette/73787-44.jpg</VignettePath>
</Banner>
<Banner>
  <id>259471</id>
  <BannerPath>fanart/original/73787-45.jpg</BannerPath>
  <BannerType>fanart</BannerType>
  <BannerType2>1280x720</BannerType2>
  <Colors></Colors>
  <Language>en</Language>
  <Rating></Rating>
  <RatingCount>0</RatingCount>
  <SeriesName>false</SeriesName>
  <ThumbnailPath>_cache/fanart/original/73787-45.jpg</ThumbnailPath>
  <VignettePath>fanart/vignette/73787-45.jpg</VignettePath>
</Banner>
<Banner>
  <id>248431</id>
  <BannerPath>fanart/original/73787-35.jpg</BannerPath>
  <BannerType>fanart</BannerType>
  <BannerType2>1280x720</BannerType2>
  <Colors></Colors>
  <Language>en</Language>
  <Rating></Rating>
  <RatingCount>0</RatingCount>
  <SeriesName>false</SeriesName>
  <ThumbnailPath>_cache/fanart/original/73787-35.jpg</ThumbnailPath>
  <VignettePath>fanart/vignette/73787-35.jpg</VignettePath>
</Banner>
<Banner>
  <id>248391</id>
  <BannerPath>fanart/original/73787-33.jpg</BannerPath>
  <BannerType>fanart</BannerType>
  <BannerType2>1280x720</BannerType2>
  <Colors></Colors>
  <Language>en</Language>
  <Rating></Rating>
  <RatingCount>0</RatingCount>
  <SeriesName>false</SeriesName>
  <ThumbnailPath>_cache/fanart/original/73787-33.jpg</ThumbnailPath>
  <VignettePath>fanart/vignette/73787-33.jpg</VignettePath>
</Banner>
<Banner>
  <id>898110</id>
  <BannerPath>fanart/original/73787-53.jpg</BannerPath>
  <BannerType>fanart</BannerType>
  <BannerType2>1280x720</BannerType2>
  <Colors></Colors>
  <Language>de</Language>
  <Rating></Rating>
  <RatingCount>0</RatingCount>
  <SeriesName>false</SeriesName>
  <ThumbnailPath>_cache/fanart/original/73787-53.jpg</ThumbnailPath>
  <VignettePath>fanart/vignette/73787-53.jpg</VignettePath>
</Banner>
<Banner>
  <id>252061</id>
  <BannerPath>fanart/original/73787-40.jpg</BannerPath>
  <BannerType>fanart</BannerType>
  <BannerType2>1280x720</BannerType2>
  <Colors></Colors>
  <Language>en</Language>
  <Rating></Rating>
  <RatingCount>0</RatingCount>
  <SeriesName>false</SeriesName>
  <ThumbnailPath>_cache/fanart/original/73787-40.jpg</ThumbnailPath>
  <VignettePath>fanart/vignette/73787-40.jpg</VignettePath>
</Banner>
<Banner>
  <id>229241</id>
  <BannerPath>fanart/original/73787-31.jpg</BannerPath>
  <BannerType>fanart</BannerType>
  <BannerType2>1280x720</BannerType2>
  <Colors></Colors>
  <Language>de</Language>
  <Rating></Rating>
  <RatingCount>0</RatingCount>
  <SeriesName>false</SeriesName>
  <ThumbnailPath>_cache/fanart/original/73787-31.jpg</ThumbnailPath>
  <VignettePath>fanart/vignette/73787-31.jpg</VignettePath>
</Banner>
<Banner>
  <id>476561</id>
  <BannerPath>fanart/original/73787-49.jpg</BannerPath>
  <BannerType>fanart</BannerType>
  <BannerType2>1280x720</BannerType2>
  <Colors></Colors>
  <Language>en</Language>
  <Rating></Rating>
  <RatingCount>0</RatingCount>
  <SeriesName>false</SeriesName>
  <ThumbnailPath>_cache/fanart/original/73787-49.jpg</ThumbnailPath>
  <VignettePath>fanart/vignette/73787-49.jpg</VignettePath>
</Banner>
<Banner>
  <id>881568</id>
  <BannerPath>fanart/original/73787-8.jpg</BannerPath>
  <BannerType>fanart</BannerType>
  <BannerType2>1920x1080</BannerType2>
  <Colors></Colors>
  <Language>de</Language>
  <Rating></Rating>
  <RatingCount>0</RatingCount>
  <SeriesName>false</SeriesName>
  <ThumbnailPath>_cache/fanart/original/73787-8.jpg</ThumbnailPath>
  <VignettePath>fanart/vignette/73787-8.jpg</VignettePath>
</Banner>
<Banner>
  <id>253661</id>
  <BannerPath>fanart/original/73787-43.jpg</BannerPath>
  <BannerType>fanart</BannerType>
  <BannerType2>1280x720</BannerType2>
  <Colors></Colors>
  <Language>en</Language>
  <Rating></Rating>
  <RatingCount>0</RatingCount>
  <SeriesName>false</SeriesName>
  <ThumbnailPath>_cache/fanart/original/73787-43.jpg</ThumbnailPath>
  <VignettePath>fanart/vignette/73787-43.jpg</VignettePath>
</Banner>
<Banner>
  <id>881569</id>
  <BannerPath>posters/73787-10.jpg</BannerPath>
  <BannerType>poster</BannerType>
  <BannerType2>680x1000</BannerType2>
  <Language>en</Language>
  <Rating>10.0000</Rating>
  <RatingCount>3</RatingCount>
</Banner>
<Banner>
  <id>37824</id>
  <BannerPath>posters/73787-4.jpg</BannerPath>
  <BannerType>poster</BannerType>
  <BannerType2>680x1000</BannerType2>
  <Language>en</Language>
  <Rating>8.2000</Rating>
  <RatingCount>5</RatingCount>
</Banner>
<Banner>
  <id>898109</id>
  <BannerPath>posters/73787-11.jpg</BannerPath>
  <BannerType>poster</BannerType>
  <BannerType2>680x1000</BannerType2>
  <Language>en</Language>
  <Rating>8.0000</Rating>
  <RatingCount>1</RatingCount>
</Banner>
<Banner>
  <id>37823</id>
  <BannerPath>posters/73787-3.jpg</BannerPath>
  <BannerType>poster</BannerType>
  <BannerType2>680x1000</BannerType2>
  <Language>en</Language>
  <Rating>7.0000</Rating>
  <RatingCount>4</RatingCount>
</Banner>
<Banner>
  <id>331301</id>
  <BannerPath>posters/73787-6.jpg</BannerPath>
  <BannerType>poster</BannerType>
  <BannerType2>680x1000</BannerType2>
  <Language>en</Language>
  <Rating>6.6667</Rating>
  <RatingCount>3</RatingCount>
</Banner>
<Banner>
  <id>37830</id>
  <BannerPath>posters/73787-9.jpg</BannerPath>
  <BannerType>poster</BannerType>
  <BannerType2>680x1000</BannerType2>
  <Language>en</Language>
  <Rating>5.5000</Rating>
  <RatingCount>2</RatingCount>
</Banner>
<Banner>
  <id>37828</id>
  <BannerPath>posters/73787-7.jpg</BannerPath>
  <BannerType>poster</BannerType>
  <BannerType2>680x1000</BannerType2>
  <Language>en</Language>
  <Rating>5.5000</Rating>
  <RatingCount>2</RatingCount>
</Banner>
<Banner>
  <id>37829</id>
  <BannerPath>posters/73787-8.jpg</BannerPath>
  <BannerType>poster</BannerType>
  <BannerType2>680x1000</BannerType2>
  <Language>en</Language>
  <Rating>5.5000</Rating>
  <RatingCount>2</RatingCount>
</Banner>
<Banner>
  <id>898232</id>
  <BannerPath>posters/73787-12.jpg</BannerPath>
  <BannerType>poster</BannerType>
  <BannerType2>680x1000</BannerType2>
  <Language>en</Language>
  <Rating>4.0000</Rating>
  <RatingCount>3</RatingCount>
</Banner>
<Banner>
  <id>331291</id>
  <BannerPath>posters/73787-5.jpg</BannerPath>
  <BannerType>poster</BannerType>
  <BannerType2>680x1000</BannerType2>
  <Language>en</Language>
  <Rating></Rating>
  <RatingCount>0</RatingCount>
</Banner>
<Banner>
  <id>30621</id>
  <BannerPath>posters/73787-2.jpg</BannerPath>
  <BannerType>poster</BannerType>
  <BannerType2>680x1000</BannerType2>
  <Language>en</Language>
  <Rating></Rating>
  <RatingCount>0</RatingCount>
</Banner>
<Banner>
  <id>27514</id>
  <BannerPath>posters/73787-1.jpg</BannerPath>
  <BannerType>poster</BannerType>
  <BannerType2>680x1000</BannerType2>
  <Language>en</Language>
  <Rating></Rating>
  <RatingCount>0</RatingCount>
</Banner>
<Banner>
  <id>19182</id>
  <BannerPath>seasons/73787-7.jpg</BannerPath>
  <BannerType>season</BannerType>
  <BannerType2>season</BannerType2>
  <Language>en</Language>
  <Rating>10.0000</Rating>
  <RatingCount>2</RatingCount>
  <Season>7</Season>
</Banner>
<Banner>
  <id>822441</id>
  <BannerPath>seasons/73787-0-2.jpg</BannerPath>
  <BannerType>season</BannerType>
  <BannerType2>season</BannerType2>
  <Language>en</Language>
  <Rating>10.0000</Rating>
  <RatingCount>1</RatingCount>
  <Season>0</Season>
</Banner>
<Banner>
  <id>20766</id>
  <BannerPath>seasons/73787-8.jpg</BannerPath>
  <BannerType>season</BannerType>
  <BannerType2>season</BannerType2>
  <Language>en</Language>
  <Rating>10.0000</Rating>
  <RatingCount>4</RatingCount>
  <Season>8</Season>
</Banner>
<Banner>
  <id>6940</id>
  <BannerPath>seasons/246-2.jpg</BannerPath>
  <BannerType>season</BannerType>
  <BannerType2>season</BannerType2>
  <Language>en</Language>
  <Rating>10.0000</Rating>
  <RatingCount>2</RatingCount>
  <Season>2</Season>
</Banner>
<Banner>
  <id>6911</id>
  <BannerPath>seasons/246-1.jpg</BannerPath>
  <BannerType>season</BannerType>
  <BannerType2>season</BannerType2>
  <Language>en</Language>
  <Rating>10.0000</Rating>
  <RatingCount>3</RatingCount>
  <Season>1</Season>
</Banner>
<Banner>
  <id>243861</id>
  <BannerPath>seasons/73787-5-2.jpg</BannerPath>
  <BannerType>season</BannerType>
  <BannerType2>season</BannerType2>
  <Language>en</Language>
  <Rating>10.0000</Rating>
  <RatingCount>2</RatingCount>
  <Season>5</Season>
</Banner>
<Banner>
  <id>243851</id>
  <BannerPath>seasons/73787-4-2.jpg</BannerPath>
  <BannerType>season</BannerType>
  <BannerType2>season</BannerType2>
  <Language>en</Language>
  <Rating>10.0000</Rating>
  <RatingCount>2</RatingCount>
  <Season>4</Season>
</Banner>
<Banner>
  <id>6941</id>
  <BannerPath>seasons/246-3.jpg</BannerPath>
  <BannerType>season</BannerType>
  <BannerType2>season</BannerType2>
  <Language>en</Language>
  <Rating>10.0000</Rating>
  <RatingCount>3</RatingCount>
  <Season>3</Season>
</Banner>
<Banner>
  <id>19181</id>
  <BannerPath>seasons/73787-6.jpg</BannerPath>
  <BannerType>season</BannerType>
  <BannerType2>season</BannerType2>
  <Language>en</Language>
  <Rating>9.6667</Rating>
  <RatingCount>3</RatingCount>
  <Season>6</Season>
</Banner>
<Banner>
  <id>40973</id>
  <BannerPath>seasons/73787-4.jpg</BannerPath>
  <BannerType>season</BannerType>
  <BannerType2>season</BannerType2>
  <Language>en</Language>
  <Rating>8.0000</Rating>
  <RatingCount>2</RatingCount>
  <Season>4</Season>
</Banner>
<Banner>
  <id>40976</id>
  <BannerPath>seasons/73787-7-2.jpg</BannerPath>
  <BannerType>season</BannerType>
  <BannerType2>season</BannerType2>
  <Language>en</Language>
  <Rating>8.0000</Rating>
  <RatingCount>2</RatingCount>
  <Season>7</Season>
</Banner>
<Banner>
  <id>40978</id>
  <BannerPath>seasons/73787-8-2.jpg</BannerPath>
  <BannerType>season</BannerType>
  <BannerType2>season</BannerType2>
  <Language>en</Language>
  <Rating>8.0000</Rating>
  <RatingCount>2</RatingCount>
  <Season>8</Season>
</Banner>
<Banner>
  <id>40975</id>
  <BannerPath>seasons/73787-6-2.jpg</BannerPath>
  <BannerType>season</BannerType>
  <BannerType2>season</BannerType2>
  <Language>en</Language>
  <Rating>7.5000</Rating>
  <RatingCount>2</RatingCount>
  <Season>6</Season>
</Banner>
<Banner>
  <id>40974</id>
  <BannerPath>seasons/73787-5.jpg</BannerPath>
  <BannerType>season</BannerType>
  <BannerType2>season</BannerType2>
  <Language>en</Language>
  <Rating>7.5000</Rating>
  <RatingCount>2</RatingCount>
  <Season>5</Season>
</Banner>
<Banner>
  <id>6980</id>
  <BannerPath>seasons/246-8.jpg</BannerPath>
  <BannerType>season</BannerType>
  <BannerType2>season</BannerType2>
  <Language>en</Language>
  <Rating>6.0000</Rating>
  <RatingCount>1</RatingCount>
  <Season>8</Season>
</Banner>
<Banner>
  <id>866581</id>
  <BannerPath>seasons/73787-1-2.jpg</BannerPath>
  <BannerType>season</BannerType>
  <BannerType2>season</BannerType2>
  <Language>en</Language>
  <Rating>5.5000</Rating>
  <RatingCount>2</RatingCount>
  <Season>1</Season>
</Banner>
<Banner>
  <id>898170</id>
  <BannerPath>seasons/73787-3-4.jpg</BannerPath>
  <BannerType>season</BannerType>
  <BannerType2>season</BannerType2>
  <Language>he</Language>
  <Rating>4.0000</Rating>
  <RatingCount>3</RatingCount>
  <Season>3</Season>
</Banner>
<Banner>
  <id>898167</id>
  <BannerPath>seasons/73787-0-4.jpg</BannerPath>
  <BannerType>season</BannerType>
  <BannerType2>season</BannerType2>
  <Language>he</Language>
  <Rating>4.0000</Rating>
  <RatingCount>3</RatingCount>
  <Season>0</Season>
</Banner>
<Banner>
  <id>898169</id>
  <BannerPath>seasons/73787-2-4.jpg</BannerPath>
  <BannerType>season</BannerType>
  <BannerType2>season</BannerType2>
  <Language>he</Language>
  <Rating>4.0000</Rating>
  <RatingCount>3</RatingCount>
  <Season>2</Season>
</Banner>
<Banner>
  <id>898161</id>
  <BannerPath>seasons/73787-5-4.jpg</BannerPath>
  <BannerType>season</BannerType>
  <BannerType2>season</BannerType2>
  <Language>he</Language>
  <Rating>4.0000</Rating>
  <RatingCount>3</RatingCount>
  <Season>5</Season>
</Banner>
<Banner>
  <id>898164</id>
  <BannerPath>seasons/73787-8-4.jpg</BannerPath>
  <BannerType>season</BannerType>
  <BannerType2>season</BannerType2>
  <Language>he</Language>
  <Rating>4.0000</Rating>
  <RatingCount>3</RatingCount>
  <Season>8</Season>
</Banner>
<Banner>
  <id>898163</id>
  <BannerPath>seasons/73787-7-4.jpg</BannerPath>
  <BannerType>season</BannerType>
  <BannerType2>season</BannerType2>
  <Language>he</Language>
  <Rating>4.0000</Rating>
  <RatingCount>3</RatingCount>
  <Season>7</Season>
</Banner>
<Banner>
  <id>898162</id>
  <BannerPath>seasons/73787-6-4.jpg</BannerPath>
  <BannerType>season</BannerType>
  <BannerType2>season</BannerType2>
  <Language>he</Language>
  <Rating>4.0000</Rating>
  <RatingCount>3</RatingCount>
  <Season>6</Season>
</Banner>
<Banner>
  <id>898168</id>
  <BannerPath>seasons/73787-1-4.jpg</BannerPath>
  <BannerType>season</BannerType>
  <BannerType2>season</BannerType2>
  <Language>he</Language>
  <Rating>4.0000</Rating>
  <RatingCount>3</RatingCount>
  <Season>1</Season>
</Banner>
<Banner>
  <id>898160</id>
  <BannerPath>seasons/73787-4-5.jpg</BannerPath>
  <BannerType>season</BannerType>
  <BannerType2>season</BannerType2>
  <Language>he</Language>
  <Rating>4.0000</Rating>
  <RatingCount>3</RatingCount>
  <Season>4</Season>
</Banner>
<Banner>
  <id>40971</id>
  <BannerPath>seasons/73787-2.jpg</BannerPath>
  <BannerType>season</BannerType>
  <BannerType2>season</BannerType2>
  <Language>en</Language>
  <Rating></Rating>
  <RatingCount>0</RatingCount>
  <Season>2</Season>
</Banner>
<Banner>
  <id>6971</id>
  <BannerPath>seasons/246-4.jpg</BannerPath>
  <BannerType>season</BannerType>
  <BannerType2>season</BannerType2>
  <Language>en</Language>
  <Rating></Rating>
  <RatingCount>0</RatingCount>
  <Season>4</Season>
</Banner>
<Banner>
  <id>898117</id>
  <BannerPath>seasons/73787-2-3.jpg</BannerPath>
  <BannerType>season</BannerType>
  <BannerType2>season</BannerType2>
  <Language>en</Language>
  <Rating></Rating>
  <RatingCount>0</RatingCount>
  <Season>2</Season>
</Banner>
<Banner>
  <id>945027</id>
  <BannerPath>seasons/73787-7-5.jpg</BannerPath>
  <BannerType>season</BannerType>
  <BannerType2>season</BannerType2>
  <Language>en</Language>
  <Rating></Rating>
  <RatingCount>0</RatingCount>
  <Season>7</Season>
</Banner>
<Banner>
  <id>898113</id>
  <BannerPath>seasons/73787-1-3.jpg</BannerPath>
  <BannerType>season</BannerType>
  <BannerType2>season</BannerType2>
  <Language>en</Language>
  <Rating></Rating>
  <RatingCount>0</RatingCount>
  <Season>1</Season>
</Banner>
<Banner>
  <id>945028</id>
  <BannerPath>seasons/73787-8-5.jpg</BannerPath>
  <BannerType>season</BannerType>
  <BannerType2>season</BannerType2>
  <Language>en</Language>
  <Rating></Rating>
  <RatingCount>0</RatingCount>
  <Season>8</Season>
</Banner>
<Banner>
  <id>898112</id>
  <BannerPath>seasons/73787-5-3.jpg</BannerPath>
  <BannerType>season</BannerType>
  <BannerType2>season</BannerType2>
  <Language>en</Language>
  <Rating></Rating>
  <RatingCount>0</RatingCount>
  <Season>5</Season>
</Banner>
<Banner>
  <id>898122</id>
  <BannerPath>seasons/73787-6-3.jpg</BannerPath>
  <BannerType>season</BannerType>
  <BannerType2>season</BannerType2>
  <Language>en</Language>
  <Rating></Rating>
  <RatingCount>0</RatingCount>
  <Season>6</Season>
</Banner>
<Banner>
  <id>919105</id>
  <BannerPath>seasons/73787-5-5.jpg</BannerPath>
  <BannerType>season</BannerType>
  <BannerType2>season</BannerType2>
  <Language>en</Language>
  <Rating></Rating>
  <RatingCount>0</RatingCount>
  <Season>5</Season>
</Banner>
<Banner>
  <id>898116</id>
  <BannerPath>seasons/73787-8-3.jpg</BannerPath>
  <BannerType>season</BannerType>
  <BannerType2>season</BannerType2>
  <Language>en</Language>
  <Rating></Rating>
  <RatingCount>0</RatingCount>
  <Season>8</Season>
</Banner>
<Banner>
  <id>6979</id>
  <BannerPath>seasons/246-7.jpg</BannerPath>
  <BannerType>season</BannerType>
  <BannerType2>season</BannerType2>
  <Language>en</Language>
  <Rating></Rating>
  <RatingCount>0</RatingCount>
  <Season>7</Season>
</Banner>
<Banner>
  <id>866582</id>
  <BannerPath>seasons/73787-2-2.jpg</BannerPath>
  <BannerType>season</BannerType>
  <BannerType2>season</BannerType2>
  <Language>en</Language>
  <Rating></Rating>
  <RatingCount>0</RatingCount>
  <Season>2</Season>
</Banner>
<Banner>
  <id>339041</id>
  <BannerPath>seasons/73787-0.jpg</BannerPath>
  <BannerType>season</BannerType>
  <BannerType2>season</BannerType2>
  <Language>en</Language>
  <Rating></Rating>
  <RatingCount>0</RatingCount>
  <Season>0</Season>
</Banner>
<Banner>
  <id>898119</id>
  <BannerPath>seasons/73787-3-3.jpg</BannerPath>
  <BannerType>season</BannerType>
  <BannerType2>season</BannerType2>
  <Language>en</Language>
  <Rating></Rating>
  <RatingCount>0</RatingCount>
  <Season>3</Season>
</Banner>
<Banner>
  <id>898106</id>
  <BannerPath>seasons/73787-3-2.jpg</BannerPath>
  <BannerType>season</BannerType>
  <BannerType2>season</BannerType2>
  <Language>en</Language>
  <Rating></Rating>
  <RatingCount>0</RatingCount>
  <Season>3</Season>
</Banner>
<Banner>
  <id>898121</id>
  <BannerPath>seasons/73787-4-4.jpg</BannerPath>
  <BannerType>season</BannerType>
  <BannerType2>season</BannerType2>
  <Language>en</Language>
  <Rating></Rating>
  <RatingCount>0</RatingCount>
  <Season>4</Season>
</Banner>
<Banner>
  <id>898108</id>
  <BannerPath>seasons/73787-4-3.jpg</BannerPath>
  <BannerType>season</BannerType>
  <BannerType2>season</BannerType2>
  <Language>en</Language>
  <Rating></Rating>
  <RatingCount>0</RatingCount>
  <Season>4</Season>
</Banner>
<Banner>
  <id>898111</id>
  <BannerPath>seasons/73787-0-3.jpg</BannerPath>
  <BannerType>season</BannerType>
  <BannerType2>season</BannerType2>
  <Language>en</Language>
  <Rating></Rating>
  <RatingCount>0</RatingCount>
  <Season>0</Season>
</Banner>
<Banner>
  <id>6978</id>
  <BannerPath>seasons/246-6.jpg</BannerPath>
  <BannerType>season</BannerType>
  <BannerType2>season</BannerType2>
  <Language>en</Language>
  <Rating></Rating>
  <RatingCount>0</RatingCount>
  <Season>6</Season>
</Banner>
<Banner>
  <id>898123</id>
  <BannerPath>seasons/73787-7-3.jpg</BannerPath>
  <BannerType>season</BannerType>
  <BannerType2>season</BannerType2>
  <Language>en</Language>
  <Rating></Rating>
  <RatingCount>0</RatingCount>
  <Season>7</Season>
</Banner>
<Banner>
  <id>40970</id>
  <BannerPath>seasons/73787-1.jpg</BannerPath>
  <BannerType>season</BannerType>
  <BannerType2>season</BannerType2>
  <Language>en</Language>
  <Rating></Rating>
  <RatingCount>0</RatingCount>
  <Season>1</Season>
</Banner>
<Banner>
  <id>6977</id>
  <BannerPath>seasons/246-5.jpg</BannerPath>
  <BannerType>season</BannerType>
  <BannerType2>season</BannerType2>
  <Language>en</Language>
  <Rating></Rating>
  <RatingCount>0</RatingCount>
  <Season>5</Season>
</Banner>
<Banner>
  <id>945026</id>
  <BannerPath>seasons/73787-6-5.jpg</BannerPath>
  <BannerType>season</BannerType>
  <BannerType2>season</BannerType2>
  <Language>en</Language>
  <Rating></Rating>
  <RatingCount>0</RatingCount>
  <Season>6</Season>
</Banner>
<Banner>
  <id>40972</id>
  <BannerPath>seasons/73787-3.jpg</BannerPath>
  <BannerType>season</BannerType>
  <BannerType2>season</BannerType2>
  <Language>en</Language>
  <Rating></Rating>
  <RatingCount>0</RatingCount>
  <Season>3</Season>
</Banner>
<Banner>
  <id>14429</id>
  <BannerPath>seasonswide/73787-6.jpg</BannerPath>
  <BannerType>season</BannerType>
  <BannerType2>seasonwide</BannerType2>
  <Language>en</Language>
  <Rating></Rating>
  <RatingCount>0</RatingCount>
  <Season>6</Season>
</Banner>
<Banner>
  <id>14398</id>
  <BannerPath>seasonswide/73787-2.jpg</BannerPath>
  <BannerType>season</BannerType>
  <BannerType2>seasonwide</BannerType2>
  <Language>en</Language>
  <Rating></Rating>
  <RatingCount>0</RatingCount>
  <Season>2</Season>
</Banner>
<Banner>
  <id>14428</id>
  <BannerPath>seasonswide/73787-5.jpg</BannerPath>
  <BannerType>season</BannerType>
  <BannerType2>seasonwide</BannerType2>
  <Language>en</Language>
  <Rating></Rating>
  <RatingCount>0</RatingCount>
  <Season>5</Season>
</Banner>
<Banner>
  <id>14400</id>
  <BannerPath>seasonswide/73787-4.jpg</BannerPath>
  <BannerType>season</BannerType>
  <BannerType2>seasonwide</BannerType2>
  <Language>en</Language>
  <Rating></Rating>
  <RatingCount>0</RatingCount>
  <Season>4</Season>
</Banner>
<Banner>
  <id>14399</id>
  <BannerPath>seasonswide/73787-3.jpg</BannerPath>
  <BannerType>season</BannerType>
  <BannerType2>seasonwide</BannerType2>
  <Language>en</Language>
  <Rating></Rating>
  <RatingCount>0</RatingCount>
  <Season>3</Season>
</Banner>
<Banner>
  <id>14397</id>
  <BannerPath>seasonswide/73787-1.jpg</BannerPath>
  <BannerType>season</BannerType>
  <BannerType2>seasonwide</BannerType2>
  <Language>en</Language>
  <Rating></Rating>
  <RatingCount>0</RatingCount>
  <Season>1</Season>
</Banner>
<Banner>
  <id>331321</id>
  <BannerPath>graphical/73787-g3.jpg</BannerPath>
  <BannerType>series</BannerType>
  <BannerType2>graphical</BannerType2>
  <Language>en</Language>
  <Rating>8.0000</Rating>
  <RatingCount>5</RatingCount>
</Banner>
<Banner>
  <id>331331</id>
  <BannerPath>graphical/73787-g4.jpg</BannerPath>
  <BannerType>series</BannerType>
  <BannerType2>graphical</BannerType2>
  <Language>en</Language>
  <Rating>7.7500</Rating>
  <RatingCount>4</RatingCount>
</Banner>
<Banner>
  <id>14396</id>
  <BannerPath>graphical/73787-g.jpg</BannerPath>
  <BannerType>series</BannerType>
  <BannerType2>graphical</BannerType2>
  <Language>en</Language>
  <Rating>7.2857</Rating>
  <RatingCount>7</RatingCount>
</Banner>
<Banner>
  <id>331311</id>
  <BannerPath>graphical/73787-g2.jpg</BannerPath>
  <BannerType>series</BannerType>
  <BannerType2>graphical</BannerType2>
  <Language>en</Language>
  <Rating>7.2500</Rating>
  <RatingCount>4</RatingCount>
</Banner>
<Banner>
  <id>900654</id>
  <BannerPath>graphical/73787-g9.jpg</BannerPath>
  <BannerType>series</BannerType>
  <BannerType2>graphical</BannerType2>
  <Language>en</Language>
  <Rating>7.0000</Rating>
  <RatingCount>1</RatingCount>
</Banner>
<Banner>
  <id>900655</id>
  <BannerPath>graphical/73787-g10.jpg</BannerPath>
  <BannerType>series</BannerType>
  <BannerType2>graphical</BannerType2>
  <Language>en</Language>
  <Rating>7.0000</Rating>
  <RatingCount>1</RatingCount>
</Banner>
<Banner>
  <id>5891</id>
  <BannerPath>graphical/246-g.jpg</BannerPath>
  <BannerType>series</BannerType>
  <BannerType2>graphical</BannerType2>
  <Language>en</Language>
  <Rating>6.1250</Rating>
  <RatingCount>8</RatingCount>
</Banner>
<Banner>
  <id>505351</id>
  <BannerPath>graphical/73787-g7.jpg</BannerPath>
  <BannerType>series</BannerType>
  <BannerType2>graphical</BannerType2>
  <Language>de</Language>
  <Rating>5.0000</Rating>
  <RatingCount>4</RatingCount>
</Banner>
<Banner>
  <id>357491</id>
  <BannerPath>graphical/73787-g6.jpg</BannerPath>
  <BannerType>series</BannerType>
  <BannerType2>graphical</BannerType2>
  <Language>en</Language>
  <Rating>4.3333</Rating>
  <RatingCount>3</RatingCount>
</Banner>
<Banner>
  <id>898165</id>
  <BannerPath>graphical/73787-g8.jpg</BannerPath>
  <BannerType>series</BannerType>
  <BannerType2>graphical</BannerType2>
  <Language>he</Language>
  <Rating>4.0000</Rating>
  <RatingCount>3</RatingCount>
</Banner>
<Banner>
  <id>337781</id>
  <BannerPath>graphical/73787-g5.jpg</BannerPath>
  <BannerType>series</BannerType>
  <BannerType2>graphical</BannerType2>
  <Language>en</Language>
  <Rating>3.2500</Rating>
  <RatingCount>4</RatingCount>
</Banner>
<Banner>
  <id>9302</id>
  <BannerPath>text/246.jpg</BannerPath>
  <BannerType>series</BannerType>
  <BannerType2>text</BannerType2>
  <Language>en</Language>
  <Rating>2.5000</Rating>
  <RatingCount>2</RatingCount>
</Banner>
<Banner>
  <id>12909</id>
  <BannerPath>blank/73787.jpg</BannerPath>
  <BannerType>series</BannerType>
  <BannerType2>blank</BannerType2>
  <Language>en</Language>
  <Rating>2.5000</Rating>
  <RatingCount>2</RatingCount>
</Banner>
<Banner>
  <id>900658</id>
  <BannerPath>graphical/73787-g11.jpg</BannerPath>
  <BannerType>series</BannerType>
  <BannerType2>graphical</BannerType2>
  <Language>en</Language>
  <Rating>1.0000</Rating>
  <RatingCount>1</RatingCount>
</Banner>
</Banners>