<?xml version="1.0" encoding="UTF-8" ?>
<Actors>
<Actor>
  <id>155751</id>
  <Image>actors/155751.jpg</Image>
  <Name>David Cross</Name>
  <Role>Todd Margaret</Role>
  <SortOrder>0</SortOrder>
</Actor>
<Actor>
  <id>155781</id>
  <Image>actors/155781.jpg</Image>
  <Name>Will Arnett</Name>
  <Role>Brent Wilts</Role>
  <SortOrder>3</SortOrder>
</Actor>
<Actor>
  <id>155771</id>
  <Image>actors/155771.jpg</Image>
  <Name>Blake Harrison</Name>
  <Role>Dave</Role>
  <SortOrder>3</SortOrder>
</Actor>
<Actor>
  <id>155761</id>
  <Image>actors/155761.jpg</Image>
  <Name>Sharon Horgan</Name>
  <Role>Alice</Role>
  <SortOrder>3</SortOrder>
</Actor>
</Actors>