<?xml version="1.0" encoding="UTF-8" ?>
<Banners>
<Banner>
  <id>630051</id>
  <BannerPath>fanart/original/140681-4.jpg</BannerPath>
  <BannerType>fanart</BannerType>
  <BannerType2>1920x1080</BannerType2>
  <Colors>|253,252,250|26,16,15|144,113,92|</Colors>
  <Language>en</Language>
  <Rating>9.5000</Rating>
  <RatingCount>4</RatingCount>
  <SeriesName>false</SeriesName>
  <ThumbnailPath>_cache/fanart/original/140681-4.jpg</ThumbnailPath>
  <VignettePath>fanart/vignette/140681-4.jpg</VignettePath>
</Banner>
<Banner>
  <id>630601</id>
  <BannerPath>fanart/original/140681-1.jpg</BannerPath>
  <BannerType>fanart</BannerType>
  <BannerType2>1280x720</BannerType2>
  <Colors></Colors>
  <Language>en</Language>
  <Rating>7.6667</Rating>
  <RatingCount>3</RatingCount>
  <SeriesName>true</SeriesName>
  <ThumbnailPath>_cache/fanart/original/140681-1.jpg</ThumbnailPath>
  <VignettePath>fanart/vignette/140681-1.jpg</VignettePath>
</Banner>
<Banner>
  <id>888913</id>
  <BannerPath>fanart/original/140681-5.jpg</BannerPath>
  <BannerType>fanart</BannerType>
  <BannerType2>1920x1080</BannerType2>
  <Colors></Colors>
  <Language>en</Language>
  <Rating>7.0000</Rating>
  <RatingCount>1</RatingCount>
  <SeriesName>false</SeriesName>
  <ThumbnailPath>_cache/fanart/original/140681-5.jpg</ThumbnailPath>
  <VignettePath>fanart/vignette/140681-5.jpg</VignettePath>
</Banner>
<Banner>
  <id>630031</id>
  <BannerPath>fanart/original/140681-2.jpg</BannerPath>
  <BannerType>fanart</BannerType>
  <BannerType2>1920x1080</BannerType2>
  <Colors></Colors>
  <Language>en</Language>
  <Rating>6.5000</Rating>
  <RatingCount>4</RatingCount>
  <SeriesName>false</SeriesName>
  <ThumbnailPath>_cache/fanart/original/140681-2.jpg</ThumbnailPath>
  <VignettePath>fanart/vignette/140681-2.jpg</VignettePath>
</Banner>
<Banner>
  <id>630041</id>
  <BannerPath>fanart/original/140681-3.jpg</BannerPath>
  <BannerType>fanart</BannerType>
  <BannerType2>1920x1080</BannerType2>
  <Colors></Colors>
  <Language>en</Language>
  <Rating>6.0000</Rating>
  <RatingCount>1</RatingCount>
  <SeriesName>false</SeriesName>
  <ThumbnailPath>_cache/fanart/original/140681-3.jpg</ThumbnailPath>
  <VignettePath>fanart/vignette/140681-3.jpg</VignettePath>
</Banner>
<Banner>
  <id>624151</id>
  <BannerPath>posters/140681-1.jpg</BannerPath>
  <BannerType>poster</BannerType>
  <BannerType2>680x1000</BannerType2>
  <Language>en</Language>
  <Rating>8.6667</Rating>
  <RatingCount>3</RatingCount>
</Banner>
<Banner>
  <id>613811</id>
  <BannerPath>posters/140681-3.jpg</BannerPath>
  <BannerType>poster</BannerType>
  <BannerType2>680x1000</BannerType2>
  <Language>en</Language>
  <Rating>8.3333</Rating>
  <RatingCount>3</RatingCount>
</Banner>
<Banner>
  <id>893232</id>
  <BannerPath>posters/140681-4.jpg</BannerPath>
  <BannerType>poster</BannerType>
  <BannerType2>680x1000</BannerType2>
  <Language>en</Language>
  <Rating>8.0000</Rating>
  <RatingCount>2</RatingCount>
</Banner>
<Banner>
  <id>610641</id>
  <BannerPath>posters/140681-2.jpg</BannerPath>
  <BannerType>poster</BannerType>
  <BannerType2>680x1000</BannerType2>
  <Language>en</Language>
  <Rating>1.0000</Rating>
  <RatingCount>2</RatingCount>
</Banner>
<Banner>
  <id>893239</id>
  <BannerPath>seasons/140681-1-2.jpg</BannerPath>
  <BannerType>season</BannerType>
  <BannerType2>season</BannerType2>
  <Language>en</Language>
  <Rating>8.5000</Rating>
  <RatingCount>2</RatingCount>
  <Season>1</Season>
</Banner>
<Banner>
  <id>890832</id>
  <BannerPath>seasons/140681-2.jpg</BannerPath>
  <BannerType>season</BannerType>
  <BannerType2>season</BannerType2>
  <Language>en</Language>
  <Rating>8.0000</Rating>
  <RatingCount>1</RatingCount>
  <Season>2</Season>
</Banner>
<Banner>
  <id>629501</id>
  <BannerPath>seasons/140681-1.jpg</BannerPath>
  <BannerType>season</BannerType>
  <BannerType2>season</BannerType2>
  <Language>en</Language>
  <Rating>7.5000</Rating>
  <RatingCount>2</RatingCount>
  <Season>1</Season>
</Banner>
<Banner>
  <id>630581</id>
  <BannerPath>graphical/140681-g4.jpg</BannerPath>
  <BannerType>series</BannerType>
  <BannerType2>graphical</BannerType2>
  <Language>en</Language>
  <Rating>8.0000</Rating>
  <RatingCount>3</RatingCount>
</Banner>
<Banner>
  <id>891939</id>
  <BannerPath>graphical/140681-g5.jpg</BannerPath>
  <BannerType>series</BannerType>
  <BannerType2>graphical</BannerType2>
  <Language>en</Language>
  <Rating>8.0000</Rating>
  <RatingCount>2</RatingCount>
</Banner>
<Banner>
  <id>624161</id>
  <BannerPath>graphical/140681-g3.jpg</BannerPath>
  <BannerType>series</BannerType>
  <BannerType2>graphical</BannerType2>
  <Language>en</Language>
  <Rating>7.8000</Rating>
  <RatingCount>5</RatingCount>
</Banner>
<Banner>
  <id>364341</id>
  <BannerPath>graphical/140681-g.jpg</BannerPath>
  <BannerType>series</BannerType>
  <BannerType2>graphical</BannerType2>
  <Language>en</Language>
  <Rating>4.2500</Rating>
  <RatingCount>4</RatingCount>
</Banner>
<Banner>
  <id>610021</id>
  <BannerPath>graphical/140681-g2.jpg</BannerPath>
  <BannerType>series</BannerType>
  <BannerType2>graphical</BannerType2>
  <Language>en</Language>
  <Rating>1.0000</Rating>
  <RatingCount>2</RatingCount>
</Banner>
</Banners>