<?xml version="1.0" encoding="UTF-8" ?>
<Data><Series>
  <id>140681</id>
  <Actors>|David Cross|Will Arnett|Blake Harrison|Sharon Horgan|</Actors>
  <Airs_DayOfWeek>Friday</Airs_DayOfWeek>
  <Airs_Time>10:00 PM</Airs_Time>
  <ContentRating>TV-MA</ContentRating>
  <FirstAired>2010-10-01</FirstAired>
  <Genre>|Comedy|</Genre>
  <IMDB_ID>tt1695989</IMDB_ID>
  <Language>en</Language>
  <Network>IFC</Network>
  <NetworkID></NetworkID>
  <Overview>Comedy about an inept American placed in charge of sales at his company's London branch. He has no experience with British culture, knows nothing about sales, and has only one employee, Dave.

Each episode begins with a scene of Margaret appearing in dire circumstances — in season one, he is a defendant in a British court, with a long list of charges against him being read; in season two, he is in what appears to be a North Korean nuclear missile base, being forced to press a launch button — then flashes back to portray the events leading to his sad fate.</Overview>
  <Rating>7.3</Rating>
  <RatingCount>20</RatingCount>
  <Runtime>25</Runtime>
  <SeriesID></SeriesID>
  <SeriesName>The Increasingly Poor Decisions of Todd Margaret</SeriesName>
  <Status>Ended</Status>
  <added>2010-02-10 00:40:54</added>
  <addedBy>61471</addedBy>
  <banner>graphical/140681-g5.jpg</banner>
  <fanart>fanart/original/140681-4.jpg</fanart>
  <lastupdated>1363641844</lastupdated>
  <poster>posters/140681-1.jpg</poster>
  <zap2it_id>sh01322885</zap2it_id>
</Series>
<Episode>
  <id>1695801</id>
  <Combined_episodenumber>1</Combined_episodenumber>
  <Combined_season>0</Combined_season>
  <DVD_chapter></DVD_chapter>
  <DVD_discid></DVD_discid>
  <DVD_episodenumber></DVD_episodenumber>
  <DVD_season></DVD_season>
  <Director></Director>
  <EpImgFlag></EpImgFlag>
  <EpisodeName>Original Pilot</EpisodeName>
  <EpisodeNumber>1</EpisodeNumber>
  <FirstAired>2009-11-27</FirstAired>
  <GuestStars></GuestStars>
  <IMDB_ID></IMDB_ID>
  <Language>en</Language>
  <Overview>American Todd Margaret bluffs his way into an apparently great job opportunity, heading up the sales team in his employer's London office. All he has to do is sell a dozen container loads of dodgy Korean energy drink before his psychotic boss visits him in a week. Simple. Apart from the fact that he knows nothing about British culture and nothing about sales. He also only has one employee to assist him, Dave, who is perhaps the most willfully unhelpful employee ever.

Todd's life is further complicated when he lies continuously to cover his ignorance and spectacularly fails to impress beautiful cafe owner Alice. Dave soon takes full advantage of Todd's situation and chaos ensues.</Overview>
  <ProductionCode></ProductionCode>
  <Rating>8.0</Rating>
  <RatingCount>1</RatingCount>
  <SeasonNumber>0</SeasonNumber>
  <Writer></Writer>
  <absolute_number></absolute_number>
  <airsafter_season></airsafter_season>
  <airsbefore_episode>1</airsbefore_episode>
  <airsbefore_season>1</airsbefore_season>
  <filename></filename>
  <lastupdated>1287302424</lastupdated>
  <seasonid>189231</seasonid>
  <seriesid>140681</seriesid>
</Episode>
<Episode>
  <id>2844791</id>
  <Combined_episodenumber>1</Combined_episodenumber>
  <Combined_season>1</Combined_season>
  <DVD_chapter></DVD_chapter>
  <DVD_discid></DVD_discid>
  <DVD_episodenumber></DVD_episodenumber>
  <DVD_season></DVD_season>
  <Director>Alex Hardcastle</Director>
  <EpImgFlag>2</EpImgFlag>
  <EpisodeName>In Which Claims are Made and a Journey Ensues</EpisodeName>
  <EpisodeNumber>1</EpisodeNumber>
  <FirstAired>2010-10-01</FirstAired>
  <GuestStars>Spike Jonze | Amber Tamblyn</GuestStars>
  <IMDB_ID>tt1701114</IMDB_ID>
  <Language>en</Language>
  <Overview>Part-time office temp Todd Margaret is unexpectedly chosen to lead the U.K. launch of Thunder Muscle, a new North Korean energy drink of suspicious contents. Despite the help of his new acquaintances, Dave and Alice, Todd struggles to make inroads.</Overview>
  <ProductionCode>101</ProductionCode>
  <Rating>6.5</Rating>
  <RatingCount>12</RatingCount>
  <SeasonNumber>1</SeasonNumber>
  <Writer></Writer>
  <absolute_number></absolute_number>
  <filename>episodes/140681/2844791.jpg</filename>
  <lastupdated>1288508010</lastupdated>
  <seasonid>319841</seasonid>
  <seriesid>140681</seriesid>
</Episode>
<Episode>
  <id>2844801</id>
  <Combined_episodenumber>2</Combined_episodenumber>
  <Combined_season>1</Combined_season>
  <DVD_chapter></DVD_chapter>
  <DVD_discid></DVD_discid>
  <DVD_episodenumber></DVD_episodenumber>
  <DVD_season></DVD_season>
  <Director></Director>
  <EpImgFlag>2</EpImgFlag>
  <EpisodeName>A Plan is Hatched and a Date is not a Date</EpisodeName>
  <EpisodeNumber>2</EpisodeNumber>
  <FirstAired>2010-10-08</FirstAired>
  <GuestStars>Amber Tamblyn</GuestStars>
  <IMDB_ID></IMDB_ID>
  <Language>en</Language>
  <Overview>Todd's new boss, Brent Wilts, turns up the heat to sell Thunder Muscle, so Todd hatches a plan to crack the British retail market. However, he leaves the practical execution to Dave because Todd has scored what he thinks is a first date with Alice.</Overview>
  <ProductionCode>102</ProductionCode>
  <Rating>6.7</Rating>
  <RatingCount>7</RatingCount>
  <SeasonNumber>1</SeasonNumber>
  <Writer></Writer>
  <absolute_number></absolute_number>
  <filename>episodes/140681/2844801.jpg</filename>
  <lastupdated>1288508032</lastupdated>
  <seasonid>319841</seasonid>
  <seriesid>140681</seriesid>
</Episode>
<Episode>
  <id>2844811</id>
  <Combined_episodenumber>3</Combined_episodenumber>
  <Combined_season>1</Combined_season>
  <DVD_chapter></DVD_chapter>
  <DVD_discid></DVD_discid>
  <DVD_episodenumber></DVD_episodenumber>
  <DVD_season></DVD_season>
  <Director></Director>
  <EpImgFlag>2</EpImgFlag>
  <EpisodeName>The Snooker Player, The Black Canadian, The Turkish Terrorist, and The Peanut</EpisodeName>
  <EpisodeNumber>3</EpisodeNumber>
  <FirstAired>2010-10-15</FirstAired>
  <GuestStars>Colin Salmon</GuestStars>
  <IMDB_ID></IMDB_ID>
  <Language>en</Language>
  <Overview>Todd decides to launch Thunder Muscle with an advertisement featuring a celebrity endorsement - Dave sets up the meeting. Meanwhile Todd's &quot;relationship&quot; with Alice goes to the next level: dinner at her flat.</Overview>
  <ProductionCode>103</ProductionCode>
  <Rating>7.3</Rating>
  <RatingCount>12</RatingCount>
  <SeasonNumber>1</SeasonNumber>
  <Writer></Writer>
  <absolute_number></absolute_number>
  <filename>episodes/140681/2844811.jpg</filename>
  <lastupdated>1288508042</lastupdated>
  <seasonid>319841</seasonid>
  <seriesid>140681</seriesid>
</Episode>
<Episode>
  <id>2844821</id>
  <Combined_episodenumber>4</Combined_episodenumber>
  <Combined_season>1</Combined_season>
  <DVD_chapter></DVD_chapter>
  <DVD_discid></DVD_discid>
  <DVD_episodenumber></DVD_episodenumber>
  <DVD_season></DVD_season>
  <Director></Director>
  <EpImgFlag>2</EpImgFlag>
  <EpisodeName>In Which Brent Wilts Arrives and Things Take a Turn for the Worse</EpisodeName>
  <EpisodeNumber>4</EpisodeNumber>
  <FirstAired>2010-10-22</FirstAired>
  <GuestStars>Spike Jonze | Colin Salmon</GuestStars>
  <IMDB_ID></IMDB_ID>
  <Language>en</Language>
  <Overview>Wilts arrives in London demanding all of the money from Thunder Muscle sales. Todd oversees the filming of his commercial and it seems he finally makes a breakthrough but...no.</Overview>
  <ProductionCode>104</ProductionCode>
  <Rating>6.8</Rating>
  <RatingCount>10</RatingCount>
  <SeasonNumber>1</SeasonNumber>
  <Writer></Writer>
  <absolute_number></absolute_number>
  <filename>episodes/140681/2844821.jpg</filename>
  <lastupdated>1288508057</lastupdated>
  <seasonid>319841</seasonid>
  <seriesid>140681</seriesid>
</Episode>
<Episode>
  <id>2844831</id>
  <Combined_episodenumber>5</Combined_episodenumber>
  <Combined_season>1</Combined_season>
  <DVD_chapter></DVD_chapter>
  <DVD_discid></DVD_discid>
  <DVD_episodenumber></DVD_episodenumber>
  <DVD_season></DVD_season>
  <Director></Director>
  <EpImgFlag>2</EpImgFlag>
  <EpisodeName>Where Todd and Brent Misjudge the Mood of a Solemn Day</EpisodeName>
  <EpisodeNumber>5</EpisodeNumber>
  <FirstAired>2010-10-29</FirstAired>
  <GuestStars>Spike Jonze|Colin Salmon|Janeane Garofalo</GuestStars>
  <IMDB_ID></IMDB_ID>
  <Language>en</Language>
  <Overview>With Wilts now maniacally demanding results, Todd finally takes initiative with a publicity stunt guaranteed to get Britain buzzing about Thunder Muscle. Meanwhile, Todd's former boss, Doug, is embarking on an investigation into Wilts' past.</Overview>
  <ProductionCode>105</ProductionCode>
  <Rating>6.4</Rating>
  <RatingCount>8</RatingCount>
  <SeasonNumber>1</SeasonNumber>
  <Writer></Writer>
  <absolute_number></absolute_number>
  <filename>episodes/140681/2844831.jpg</filename>
  <lastupdated>1290363360</lastupdated>
  <seasonid>319841</seasonid>
  <seriesid>140681</seriesid>
</Episode>
<Episode>
  <id>2844841</id>
  <Combined_episodenumber>6</Combined_episodenumber>
  <Combined_season>1</Combined_season>
  <DVD_chapter></DVD_chapter>
  <DVD_discid></DVD_discid>
  <DVD_episodenumber></DVD_episodenumber>
  <DVD_season></DVD_season>
  <Director></Director>
  <EpImgFlag>2</EpImgFlag>
  <EpisodeName>What Can Only Be Considered a Dreadful Day for Todd</EpisodeName>
  <EpisodeNumber>6</EpisodeNumber>
  <FirstAired>2010-11-05</FirstAired>
  <GuestStars>Spike Jonze</GuestStars>
  <IMDB_ID></IMDB_ID>
  <Language>en</Language>
  <Overview>Todd's world is falling apart, so he makes a final desperate bid for Alice's affections with even more spectacular lies. The various calamities Todd has embroiled himself in are starting to come to a head.</Overview>
  <ProductionCode>106</ProductionCode>
  <Rating>6.6</Rating>
  <RatingCount>7</RatingCount>
  <SeasonNumber>1</SeasonNumber>
  <Writer></Writer>
  <absolute_number></absolute_number>
  <filename>episodes/140681/2844841.jpg</filename>
  <lastupdated>1290363375</lastupdated>
  <seasonid>319841</seasonid>
  <seriesid>140681</seriesid>
</Episode>
<Episode>
  <id>4222394</id>
  <Combined_episodenumber>1</Combined_episodenumber>
  <Combined_season>2</Combined_season>
  <DVD_chapter></DVD_chapter>
  <DVD_discid></DVD_discid>
  <DVD_episodenumber></DVD_episodenumber>
  <DVD_season></DVD_season>
  <Director></Director>
  <EpImgFlag>2</EpImgFlag>
  <EpisodeName>Todd's Terrible Day Ends and His Next Terrible Day Begins</EpisodeName>
  <EpisodeNumber>1</EpisodeNumber>
  <FirstAired>2012-01-06</FirstAired>
  <GuestStars></GuestStars>
  <IMDB_ID></IMDB_ID>
  <Language>en</Language>
  <Overview>Picking up directly where season one left off, Todd has a lot of explaining to do. What was he doing in the House of Parliament? Why is there a blood-stained cardboard box on his floor that says ALICE RAPE KIT? And what is his father doing outside the door if he supposedly died in a skydiving accident? Trying to talk his way out of trouble, Todd only makes matters worse. As if things weren't bad enough, a giant supermarket chain wants to sue Todd for ten million pounds and the police want to question a man fitting Todd's description in connection with the sudden death of a member for Parliament. </Overview>
  <ProductionCode></ProductionCode>
  <Rating>7.0</Rating>
  <RatingCount>7</RatingCount>
  <SeasonNumber>2</SeasonNumber>
  <Writer></Writer>
  <absolute_number></absolute_number>
  <filename>episodes/140681/4222394.jpg</filename>
  <lastupdated>1325917051</lastupdated>
  <seasonid>472864</seasonid>
  <seriesid>140681</seriesid>
</Episode>
<Episode>
  <id>4222395</id>
  <Combined_episodenumber>2</Combined_episodenumber>
  <Combined_season>2</Combined_season>
  <DVD_chapter></DVD_chapter>
  <DVD_discid></DVD_discid>
  <DVD_episodenumber></DVD_episodenumber>
  <DVD_season></DVD_season>
  <Director></Director>
  <EpImgFlag>2</EpImgFlag>
  <EpisodeName>Todd and his Valet Arrive in Leeds and What They Saw There</EpisodeName>
  <EpisodeNumber>2</EpisodeNumber>
  <FirstAired>2012-01-13</FirstAired>
  <GuestStars></GuestStars>
  <IMDB_ID></IMDB_ID>
  <Language>en</Language>
  <Overview>Todd and Dave decide to take a trip to sell some Thunder Muscle. On the way, they stop at La Molecule, Alice's favorite restaurant, in an attempt to convince the chef to hire Alice so Todd can regain her favor. Todd complicates things by spinning a ridiculous lie. Todd arrives just in time for his big meeting with the Chairman of the toughest rugby team in England. Having mere minutes to seal the deal of his career, and knowing less than nothing about rugby, Todd makes yet another poor decision. </Overview>
  <ProductionCode></ProductionCode>
  <Rating>7.8</Rating>
  <RatingCount>5</RatingCount>
  <SeasonNumber>2</SeasonNumber>
  <Writer></Writer>
  <absolute_number></absolute_number>
  <filename>episodes/140681/4222395.jpg</filename>
  <lastupdated>1326501552</lastupdated>
  <seasonid>472864</seasonid>
  <seriesid>140681</seriesid>
</Episode>
<Episode>
  <id>4222396</id>
  <Combined_episodenumber>3</Combined_episodenumber>
  <Combined_season>2</Combined_season>
  <DVD_chapter></DVD_chapter>
  <DVD_discid></DVD_discid>
  <DVD_episodenumber></DVD_episodenumber>
  <DVD_season></DVD_season>
  <Director></Director>
  <EpImgFlag>2</EpImgFlag>
  <EpisodeName>How The Liver and The Salad Conspired to Ruin Todd's Good Deed</EpisodeName>
  <EpisodeNumber>3</EpisodeNumber>
  <FirstAired>2012-01-20</FirstAired>
  <GuestStars></GuestStars>
  <IMDB_ID></IMDB_ID>
  <Language>en</Language>
  <Overview>High on morphine, Todd mistakes a small teddy bear for Hudson, Alice's former boyfriend, whom he rightly suspects of trying to win her back. Desperate to make it to La Molecule before Hudson, Todd steals a test tube of toxic spores on the way. Meanwhile, Brent Wilts and Doug Whitney, Todd's former boss back in Portland, Oregon team up to track down the malevolent force that is &quot;Mountford.&quot; </Overview>
  <ProductionCode></ProductionCode>
  <Rating>7.2</Rating>
  <RatingCount>6</RatingCount>
  <SeasonNumber>2</SeasonNumber>
  <Writer></Writer>
  <absolute_number></absolute_number>
  <filename>episodes/140681/4222396.jpg</filename>
  <lastupdated>1327133391</lastupdated>
  <seasonid>472864</seasonid>
  <seriesid>140681</seriesid>
</Episode>
<Episode>
  <id>4222397</id>
  <Combined_episodenumber>4</Combined_episodenumber>
  <Combined_season>2</Combined_season>
  <DVD_chapter></DVD_chapter>
  <DVD_discid></DVD_discid>
  <DVD_episodenumber></DVD_episodenumber>
  <DVD_season></DVD_season>
  <Director></Director>
  <EpImgFlag>2</EpImgFlag>
  <EpisodeName>In Which Todd Accidentally Learns a Secret and Brent and Doug Get Closer to Further From the Truth</EpisodeName>
  <EpisodeNumber>4</EpisodeNumber>
  <FirstAired>2012-01-27</FirstAired>
  <GuestStars></GuestStars>
  <IMDB_ID></IMDB_ID>
  <Language>en</Language>
  <Overview>Alice pays Todd a visit and wonders if she had the wrong idea about him, but he soon proves her wrong. After Todd's father leaves the country, Todd seeks solace in a pub, but instead finds himself enmeshed in a night of unimaginable debauchery in a bachelorette party from hell. </Overview>
  <ProductionCode></ProductionCode>
  <Rating>7.6</Rating>
  <RatingCount>5</RatingCount>
  <SeasonNumber>2</SeasonNumber>
  <Writer></Writer>
  <absolute_number></absolute_number>
  <filename>episodes/140681/4222397.jpg</filename>
  <lastupdated>1327708841</lastupdated>
  <seasonid>472864</seasonid>
  <seriesid>140681</seriesid>
</Episode>
<Episode>
  <id>4222398</id>
  <Combined_episodenumber>5</Combined_episodenumber>
  <Combined_season>2</Combined_season>
  <DVD_chapter></DVD_chapter>
  <DVD_discid></DVD_discid>
  <DVD_episodenumber></DVD_episodenumber>
  <DVD_season></DVD_season>
  <Director></Director>
  <EpImgFlag>2</EpImgFlag>
  <EpisodeName>The Crime Scene, The Storyteller and the Sanctimonious Tower of Morality</EpisodeName>
  <EpisodeNumber>5</EpisodeNumber>
  <FirstAired>2012-02-03</FirstAired>
  <GuestStars></GuestStars>
  <IMDB_ID></IMDB_ID>
  <Language>en</Language>
  <Overview>After a disastrous night, Todd finds himself in an even more disastrous situation.

Alice is forced to run from the law when the police see the unauthorized liquor license Todd gave her. Trying to clear her name, Alice goes looking for Todd to have it out with him only to find him on television and in police custody. </Overview>
  <ProductionCode></ProductionCode>
  <Rating>6.9</Rating>
  <RatingCount>8</RatingCount>
  <SeasonNumber>2</SeasonNumber>
  <Writer></Writer>
  <absolute_number></absolute_number>
  <filename>episodes/140681/4222398.jpg</filename>
  <lastupdated>1327708899</lastupdated>
  <seasonid>472864</seasonid>
  <seriesid>140681</seriesid>
</Episode>
<Episode>
  <id>4222399</id>
  <Combined_episodenumber>6</Combined_episodenumber>
  <Combined_season>2</Combined_season>
  <DVD_chapter></DVD_chapter>
  <DVD_discid></DVD_discid>
  <DVD_episodenumber></DVD_episodenumber>
  <DVD_season></DVD_season>
  <Director></Director>
  <EpImgFlag>2</EpImgFlag>
  <EpisodeName>Conclusion</EpisodeName>
  <EpisodeNumber>6</EpisodeNumber>
  <FirstAired>2012-02-10</FirstAired>
  <GuestStars></GuestStars>
  <IMDB_ID></IMDB_ID>
  <Language>en</Language>
  <Overview>Todd is on trial for his life. The public wants him to hang and that seems the most likely outcome. A number of &quot;friendly&quot; witnesses are called to the stand but each one backfires.

Meanwhile, Alice finds the evidence needed to clear both their names and is in a race against time to make it to the courthouse. </Overview>
  <ProductionCode></ProductionCode>
  <Rating>8.0</Rating>
  <RatingCount>7</RatingCount>
  <SeasonNumber>2</SeasonNumber>
  <Writer></Writer>
  <absolute_number></absolute_number>
  <filename>episodes/140681/4222399.jpg</filename>
  <lastupdated>1327708944</lastupdated>
  <seasonid>472864</seasonid>
  <seriesid>140681</seriesid>
</Episode>
</Data>