<?xml version="1.0" encoding="UTF-8" ?>
<Actors>
<Actor>
  <id>155791</id>
  <Image>actors/155791.jpg</Image>
  <Name>James Badge Dale</Name>
  <Role>Pfc. Robert Leckie</Role>
  <SortOrder>0</SortOrder>
</Actor>
<Actor>
  <id>82406</id>
  <Image>actors/82406.jpg</Image>
  <Name>Jon Seda</Name>
  <Role>John 'Manila' Basilone</Role>
  <SortOrder>1</SortOrder>
</Actor>
<Actor>
  <id>82405</id>
  <Image>actors/82405.jpg</Image>
  <Name>Joseph Mazzello</Name>
  <Role>Eugene B. Sledge</Role>
  <SortOrder>2</SortOrder>
</Actor>
<Actor>
  <id>197301</id>
  <Image>actors/197301.jpg</Image>
  <Name>Gary Sweet</Name>
  <Role>Sgt. Elmo &quot;Gunny&quot; Haney</Role>
  <SortOrder>3</SortOrder>
</Actor>
<Actor>
  <id>177401</id>
  <Image>actors/177401.jpg</Image>
  <Name>Joshua Helman</Name>
  <Role>Lou &quot;Chuckler&quot;</Role>
  <SortOrder>3</SortOrder>
</Actor>
<Actor>
  <id>155801</id>
  <Image>actors/155801.jpg</Image>
  <Name>Ashton Holmes</Name>
  <Role>Pfc. Sidney Phillips</Role>
  <SortOrder>3</SortOrder>
</Actor>
<Actor>
  <id>197291</id>
  <Image></Image>
  <Name>Josh Bitton</Name>
  <Role>Sgt. J.P. Morgan</Role>
  <SortOrder>3</SortOrder>
</Actor>
<Actor>
  <id>82404</id>
  <Image></Image>
  <Name>William Sadler</Name>
  <Role>Lieutenant General Lewis 'Chesty' Burwell Puller</Role>
  <SortOrder>3</SortOrder>
</Actor>
</Actors>