<?xml version="1.0" encoding="UTF-8" ?>
<Banners>
<Banner>
  <id>411891</id>
  <BannerPath>fanart/original/85539-5.jpg</BannerPath>
  <BannerType>fanart</BannerType>
  <BannerType2>1920x1080</BannerType2>
  <Colors>|227,216,186|17,21,4|78,69,36|</Colors>
  <Language>en</Language>
  <Rating>8.8000</Rating>
  <RatingCount>15</RatingCount>
  <SeriesName>false</SeriesName>
  <ThumbnailPath>_cache/fanart/original/85539-5.jpg</ThumbnailPath>
  <VignettePath>fanart/vignette/85539-5.jpg</VignettePath>
</Banner>
<Banner>
  <id>338501</id>
  <BannerPath>fanart/original/85539-3.jpg</BannerPath>
  <BannerType>fanart</BannerType>
  <BannerType2>1920x1080</BannerType2>
  <Colors>|188,183,187|175,147,123|36,37,42|</Colors>
  <Language>fr</Language>
  <Rating>8.7273</Rating>
  <RatingCount>11</RatingCount>
  <SeriesName>false</SeriesName>
  <ThumbnailPath>_cache/fanart/original/85539-3.jpg</ThumbnailPath>
  <VignettePath>fanart/vignette/85539-3.jpg</VignettePath>
</Banner>
<Banner>
  <id>483221</id>
  <BannerPath>fanart/original/85539-11.jpg</BannerPath>
  <BannerType>fanart</BannerType>
  <BannerType2>1280x720</BannerType2>
  <Colors></Colors>
  <Language>ru</Language>
  <Rating>8.5000</Rating>
  <RatingCount>4</RatingCount>
  <SeriesName>false</SeriesName>
  <ThumbnailPath>_cache/fanart/original/85539-11.jpg</ThumbnailPath>
  <VignettePath>fanart/vignette/85539-11.jpg</VignettePath>
</Banner>
<Banner>
  <id>483171</id>
  <BannerPath>fanart/original/85539-6.jpg</BannerPath>
  <BannerType>fanart</BannerType>
  <BannerType2>1280x720</BannerType2>
  <Colors></Colors>
  <Language>ru</Language>
  <Rating>8.5000</Rating>
  <RatingCount>6</RatingCount>
  <SeriesName>false</SeriesName>
  <ThumbnailPath>_cache/fanart/original/85539-6.jpg</ThumbnailPath>
  <VignettePath>fanart/vignette/85539-6.jpg</VignettePath>
</Banner>
<Banner>
  <id>399961</id>
  <BannerPath>fanart/original/85539-4.jpg</BannerPath>
  <BannerType>fanart</BannerType>
  <BannerType2>1920x1080</BannerType2>
  <Colors>|238,238,238|10,14,17|191,189,164|</Colors>
  <Language>en</Language>
  <Rating>8.0000</Rating>
  <RatingCount>10</RatingCount>
  <SeriesName>true</SeriesName>
  <ThumbnailPath>_cache/fanart/original/85539-4.jpg</ThumbnailPath>
  <VignettePath>fanart/vignette/85539-4.jpg</VignettePath>
</Banner>
<Banner>
  <id>580271</id>
  <BannerPath>fanart/original/85539-9.jpg</BannerPath>
  <BannerType>fanart</BannerType>
  <BannerType2>1920x1080</BannerType2>
  <Colors></Colors>
  <Language>fr</Language>
  <Rating>8.0000</Rating>
  <RatingCount>1</RatingCount>
  <SeriesName>false</SeriesName>
  <ThumbnailPath>_cache/fanart/original/85539-9.jpg</ThumbnailPath>
  <VignettePath>fanart/vignette/85539-9.jpg</VignettePath>
</Banner>
<Banner>
  <id>580261</id>
  <BannerPath>fanart/original/85539-8.jpg</BannerPath>
  <BannerType>fanart</BannerType>
  <BannerType2>1920x1080</BannerType2>
  <Colors></Colors>
  <Language>fr</Language>
  <Rating>7.0000</Rating>
  <RatingCount>1</RatingCount>
  <SeriesName>false</SeriesName>
  <ThumbnailPath>_cache/fanart/original/85539-8.jpg</ThumbnailPath>
  <VignettePath>fanart/vignette/85539-8.jpg</VignettePath>
</Banner>
<Banner>
  <id>483211</id>
  <BannerPath>fanart/original/85539-10.jpg</BannerPath>
  <BannerType>fanart</BannerType>
  <BannerType2>1280x720</BannerType2>
  <Colors></Colors>
  <Language>ru</Language>
  <Rating>6.6667</Rating>
  <RatingCount>3</RatingCount>
  <SeriesName>false</SeriesName>
  <ThumbnailPath>_cache/fanart/original/85539-10.jpg</ThumbnailPath>
  <VignettePath>fanart/vignette/85539-10.jpg</VignettePath>
</Banner>
<Banner>
  <id>338491</id>
  <BannerPath>fanart/original/85539-2.jpg</BannerPath>
  <BannerType>fanart</BannerType>
  <BannerType2>1920x1080</BannerType2>
  <Colors>|189,189,187|5,0,0|187,160,141|</Colors>
  <Language>fr</Language>
  <Rating>6.1667</Rating>
  <RatingCount>6</RatingCount>
  <SeriesName>false</SeriesName>
  <ThumbnailPath>_cache/fanart/original/85539-2.jpg</ThumbnailPath>
  <VignettePath>fanart/vignette/85539-2.jpg</VignettePath>
</Banner>
<Banner>
  <id>194951</id>
  <BannerPath>fanart/original/85539-1.jpg</BannerPath>
  <BannerType>fanart</BannerType>
  <BannerType2>1920x1080</BannerType2>
  <Colors>|255,254,233|12,13,8|63,80,72|</Colors>
  <Language>en</Language>
  <Rating>5.1429</Rating>
  <RatingCount>7</RatingCount>
  <SeriesName>false</SeriesName>
  <ThumbnailPath>_cache/fanart/original/85539-1.jpg</ThumbnailPath>
  <VignettePath>fanart/vignette/85539-1.jpg</VignettePath>
</Banner>
<Banner>
  <id>483181</id>
  <BannerPath>fanart/original/85539-7.jpg</BannerPath>
  <BannerType>fanart</BannerType>
  <BannerType2>1280x720</BannerType2>
  <Colors></Colors>
  <Language>ru</Language>
  <Rating>4.6667</Rating>
  <RatingCount>3</RatingCount>
  <SeriesName>false</SeriesName>
  <ThumbnailPath>_cache/fanart/original/85539-7.jpg</ThumbnailPath>
  <VignettePath>fanart/vignette/85539-7.jpg</VignettePath>
</Banner>
<Banner>
  <id>718531</id>
  <BannerPath>fanart/original/85539-13.jpg</BannerPath>
  <BannerType>fanart</BannerType>
  <BannerType2>1920x1080</BannerType2>
  <Colors></Colors>
  <Language>en</Language>
  <Rating></Rating>
  <RatingCount>0</RatingCount>
  <SeriesName>false</SeriesName>
  <ThumbnailPath>_cache/fanart/original/85539-13.jpg</ThumbnailPath>
  <VignettePath>fanart/vignette/85539-13.jpg</VignettePath>
</Banner>
<Banner>
  <id>718521</id>
  <BannerPath>fanart/original/85539-12.jpg</BannerPath>
  <BannerType>fanart</BannerType>
  <BannerType2>1920x1080</BannerType2>
  <Colors></Colors>
  <Language>en</Language>
  <Rating></Rating>
  <RatingCount>0</RatingCount>
  <SeriesName>false</SeriesName>
  <ThumbnailPath>_cache/fanart/original/85539-12.jpg</ThumbnailPath>
  <VignettePath>fanart/vignette/85539-12.jpg</VignettePath>
</Banner>
<Banner>
  <id>399951</id>
  <BannerPath>posters/85539-4.jpg</BannerPath>
  <BannerType>poster</BannerType>
  <BannerType2>680x1000</BannerType2>
  <Language>en</Language>
  <Rating>8.3500</Rating>
  <RatingCount>20</RatingCount>
</Banner>
<Banner>
  <id>412411</id>
  <BannerPath>posters/85539-5.jpg</BannerPath>
  <BannerType>poster</BannerType>
  <BannerType2>680x1000</BannerType2>
  <Language>en</Language>
  <Rating>8.3333</Rating>
  <RatingCount>6</RatingCount>
</Banner>
<Banner>
  <id>436231</id>
  <BannerPath>posters/85539-7.jpg</BannerPath>
  <BannerType>poster</BannerType>
  <BannerType2>680x1000</BannerType2>
  <Language>en</Language>
  <Rating>8.0000</Rating>
  <RatingCount>8</RatingCount>
</Banner>
<Banner>
  <id>397471</id>
  <BannerPath>posters/85539-1.jpg</BannerPath>
  <BannerType>poster</BannerType>
  <BannerType2>680x1000</BannerType2>
  <Language>en</Language>
  <Rating>7.3333</Rating>
  <RatingCount>3</RatingCount>
</Banner>
<Banner>
  <id>397481</id>
  <BannerPath>posters/85539-2.jpg</BannerPath>
  <BannerType>poster</BannerType>
  <BannerType2>680x1000</BannerType2>
  <Language>en</Language>
  <Rating>6.8571</Rating>
  <RatingCount>7</RatingCount>
</Banner>
<Banner>
  <id>397491</id>
  <BannerPath>posters/85539-3.jpg</BannerPath>
  <BannerType>poster</BannerType>
  <BannerType2>680x1000</BannerType2>
  <Language>en</Language>
  <Rating>6.6667</Rating>
  <RatingCount>3</RatingCount>
</Banner>
<Banner>
  <id>436221</id>
  <BannerPath>posters/85539-6.jpg</BannerPath>
  <BannerType>poster</BannerType>
  <BannerType2>680x1000</BannerType2>
  <Language>en</Language>
  <Rating>6.0000</Rating>
  <RatingCount>3</RatingCount>
</Banner>
<Banner>
  <id>436241</id>
  <BannerPath>posters/85539-8.jpg</BannerPath>
  <BannerType>poster</BannerType>
  <BannerType2>680x1000</BannerType2>
  <Language>en</Language>
  <Rating>5.3333</Rating>
  <RatingCount>3</RatingCount>
</Banner>
<Banner>
  <id>921422</id>
  <BannerPath>posters/85539-9.jpg</BannerPath>
  <BannerType>poster</BannerType>
  <BannerType2>680x1000</BannerType2>
  <Language>en</Language>
  <Rating></Rating>
  <RatingCount>0</RatingCount>
</Banner>
<Banner>
  <id>440021</id>
  <BannerPath>seasons/85539-1-3.jpg</BannerPath>
  <BannerType>season</BannerType>
  <BannerType2>season</BannerType2>
  <Language>en</Language>
  <Rating>9.3333</Rating>
  <RatingCount>6</RatingCount>
  <Season>1</Season>
</Banner>
<Banner>
  <id>862271</id>
  <BannerPath>seasons/85539-0.jpg</BannerPath>
  <BannerType>season</BannerType>
  <BannerType2>season</BannerType2>
  <Language>en</Language>
  <Rating>9.0000</Rating>
  <RatingCount>1</RatingCount>
  <Season>0</Season>
</Banner>
<Banner>
  <id>365991</id>
  <BannerPath>seasons/85539-1-2.jpg</BannerPath>
  <BannerType>season</BannerType>
  <BannerType2>season</BannerType2>
  <Language>en</Language>
  <Rating>7.8333</Rating>
  <RatingCount>6</RatingCount>
  <Season>1</Season>
</Banner>
<Banner>
  <id>365971</id>
  <BannerPath>seasons/85539-1.jpg</BannerPath>
  <BannerType>season</BannerType>
  <BannerType2>season</BannerType2>
  <Language>en</Language>
  <Rating>7.3333</Rating>
  <RatingCount>6</RatingCount>
  <Season>1</Season>
</Banner>
<Banner>
  <id>759261</id>
  <BannerPath>seasons/85539-1-4.jpg</BannerPath>
  <BannerType>season</BannerType>
  <BannerType2>season</BannerType2>
  <Language>en</Language>
  <Rating></Rating>
  <RatingCount>0</RatingCount>
  <Season>1</Season>
</Banner>
<Banner>
  <id>410991</id>
  <BannerPath>graphical/85539-g3.jpg</BannerPath>
  <BannerType>series</BannerType>
  <BannerType2>graphical</BannerType2>
  <Language>en</Language>
  <Rating>8.7273</Rating>
  <RatingCount>11</RatingCount>
</Banner>
<Banner>
  <id>338601</id>
  <BannerPath>graphical/85539-g2.jpg</BannerPath>
  <BannerType>series</BannerType>
  <BannerType2>graphical</BannerType2>
  <Language>en</Language>
  <Rating>8.5000</Rating>
  <RatingCount>12</RatingCount>
</Banner>
<Banner>
  <id>436251</id>
  <BannerPath>graphical/85539-g8.jpg</BannerPath>
  <BannerType>series</BannerType>
  <BannerType2>graphical</BannerType2>
  <Language>en</Language>
  <Rating>8.0000</Rating>
  <RatingCount>3</RatingCount>
</Banner>
<Banner>
  <id>331501</id>
  <BannerPath>graphical/85539-g.jpg</BannerPath>
  <BannerType>series</BannerType>
  <BannerType2>graphical</BannerType2>
  <Language>en</Language>
  <Rating>6.0000</Rating>
  <RatingCount>5</RatingCount>
</Banner>
<Banner>
  <id>417271</id>
  <BannerPath>graphical/85539-g7.jpg</BannerPath>
  <BannerType>series</BannerType>
  <BannerType2>graphical</BannerType2>
  <Language>ru</Language>
  <Rating>5.0000</Rating>
  <RatingCount>1</RatingCount>
</Banner>
<Banner>
  <id>411241</id>
  <BannerPath>graphical/85539-g5.jpg</BannerPath>
  <BannerType>series</BannerType>
  <BannerType2>graphical</BannerType2>
  <Language>hu</Language>
  <Rating>5.0000</Rating>
  <RatingCount>1</RatingCount>
</Banner>
<Banner>
  <id>411231</id>
  <BannerPath>graphical/85539-g4.jpg</BannerPath>
  <BannerType>series</BannerType>
  <BannerType2>graphical</BannerType2>
  <Language>hu</Language>
  <Rating>3.0000</Rating>
  <RatingCount>2</RatingCount>
</Banner>
<Banner>
  <id>411251</id>
  <BannerPath>graphical/85539-g6.jpg</BannerPath>
  <BannerType>series</BannerType>
  <BannerType2>graphical</BannerType2>
  <Language>hu</Language>
  <Rating>3.0000</Rating>
  <RatingCount>2</RatingCount>
</Banner>
<Banner>
  <id>392101</id>
  <BannerPath>blank/85539.jpg</BannerPath>
  <BannerType>series</BannerType>
  <BannerType2>blank</BannerType2>
  <Language></Language>
  <Rating>3.0000</Rating>
  <RatingCount>2</RatingCount>
</Banner>
<Banner>
  <id>934857</id>
  <BannerPath>graphical/85539-g9.jpg</BannerPath>
  <BannerType>series</BannerType>
  <BannerType2>graphical</BannerType2>
  <Language>hu</Language>
  <Rating></Rating>
  <RatingCount>0</RatingCount>
</Banner>
</Banners>