<?xml version="1.0" encoding="UTF-8" ?>
<Data><Series>
  <id>85539</id>
  <Actors>|James Badge Dale|Jon Seda|Joseph Mazzello|Gary Sweet|Joshua Helman|Ashton Holmes|Josh Bitton|William Sadler|</Actors>
  <Airs_DayOfWeek>Sunday</Airs_DayOfWeek>
  <Airs_Time>9:00 PM</Airs_Time>
  <ContentRating>TV-MA</ContentRating>
  <FirstAired>2010-03-14</FirstAired>
  <Genre>|Drama|Mini-Series|</Genre>
  <IMDB_ID>tt0374463</IMDB_ID>
  <Language>en</Language>
  <Network>HBO</Network>
  <NetworkID></NetworkID>
  <Overview>The Pacific is a sister to the 2001 miniseries Band of Brothers. It focuses on the United States Marine Corps' actions in the Pacific Theater of Operations within the wider Pacific War. Whereas Band of Brothers followed one Army infantry company through the European Theater, The Pacific follows three Marines (Eugene Sledge, Robert Leckie and John Basilone) in separate combat actions.</Overview>
  <Rating>8.6</Rating>
  <RatingCount>115</RatingCount>
  <Runtime>60</Runtime>
  <SeriesID>76289</SeriesID>
  <SeriesName>The Pacific</SeriesName>
  <Status>Ended</Status>
  <added>2009-03-16 19:08:24</added>
  <addedBy>8664</addedBy>
  <banner>graphical/85539-g3.jpg</banner>
  <fanart>fanart/original/85539-5.jpg</fanart>
  <lastupdated>1365448681</lastupdated>
  <poster>posters/85539-4.jpg</poster>
  <zap2it_id>SH01232261</zap2it_id>
</Series>
<Episode>
  <id>1888151</id>
  <Combined_episodenumber>1</Combined_episodenumber>
  <Combined_season>0</Combined_season>
  <DVD_chapter></DVD_chapter>
  <DVD_discid></DVD_discid>
  <DVD_episodenumber></DVD_episodenumber>
  <DVD_season></DVD_season>
  <Director></Director>
  <EpImgFlag>2</EpImgFlag>
  <EpisodeName>Making The Pacific</EpisodeName>
  <EpisodeNumber>1</EpisodeNumber>
  <FirstAired>2010-02-25</FirstAired>
  <GuestStars></GuestStars>
  <IMDB_ID></IMDB_ID>
  <Language>en</Language>
  <Overview>Behind the scenes of HBO's highly anticipated new World War II miniseries &quot;The Pacific.&quot; 

This introductory 20-minute feature offers a behind the scenes look into the exciting upcoming mini-series, featuring interviews with the cast and crew and various pieces of footage from the series. </Overview>
  <ProductionCode></ProductionCode>
  <Rating>8.1</Rating>
  <RatingCount>7</RatingCount>
  <SeasonNumber>0</SeasonNumber>
  <Writer></Writer>
  <absolute_number>11</absolute_number>
  <airsafter_season>1</airsafter_season>
  <airsbefore_episode></airsbefore_episode>
  <airsbefore_season></airsbefore_season>
  <filename>episodes/85539/1888151.jpg</filename>
  <lastupdated>1301348868</lastupdated>
  <seasonid>41921</seasonid>
  <seriesid>85539</seriesid>
</Episode>
<Episode>
  <id>446088</id>
  <Combined_episodenumber>1.0</Combined_episodenumber>
  <Combined_season>1</Combined_season>
  <DVD_chapter></DVD_chapter>
  <DVD_discid></DVD_discid>
  <DVD_episodenumber>1.0</DVD_episodenumber>
  <DVD_season>1</DVD_season>
  <Director>Tim Van Patten</Director>
  <EpImgFlag>2</EpImgFlag>
  <EpisodeName>Part One</EpisodeName>
  <EpisodeNumber>1</EpisodeNumber>
  <FirstAired>2010-03-14</FirstAired>
  <GuestStars></GuestStars>
  <IMDB_ID>tt157660</IMDB_ID>
  <Language>en</Language>
  <Overview>In the immediate aftermath of the Japanese attack on Pearl Harbor, Marine Sgt. John Basilone prepares to ship out and confront the enemy somewhere in the Pacific, while budding journalist Robert Leckie enlists in the Marine Corps.  Eugene Sledge, unable to enlist because of a heart murmur, says farewell to his best friend, Sidney Phillips, who is about to leave for boot camp.  Exactly eight months after Pearl Harbor, the 1st Marine Division, including Leckie and Phillips, lands on Guadalcanal in order to secure its strategically vital airfield and prepare for the inevitable counterattack.</Overview>
  <ProductionCode></ProductionCode>
  <Rating>7.9</Rating>
  <RatingCount>175</RatingCount>
  <SeasonNumber>1</SeasonNumber>
  <Writer>Bruce C. McKenna</Writer>
  <absolute_number></absolute_number>
  <filename>episodes/85539/446088.jpg</filename>
  <lastupdated>1315268498</lastupdated>
  <seasonid>41922</seasonid>
  <seriesid>85539</seriesid>
</Episode>
<Episode>
  <id>446089</id>
  <Combined_episodenumber>2.0</Combined_episodenumber>
  <Combined_season>1</Combined_season>
  <DVD_chapter></DVD_chapter>
  <DVD_discid></DVD_discid>
  <DVD_episodenumber>2.0</DVD_episodenumber>
  <DVD_season>1</DVD_season>
  <Director>David Nutter</Director>
  <EpImgFlag>2</EpImgFlag>
  <EpisodeName>Part Two</EpisodeName>
  <EpisodeNumber>2</EpisodeNumber>
  <FirstAired>2010-03-21</FirstAired>
  <GuestStars></GuestStars>
  <IMDB_ID>tt1576598</IMDB_ID>
  <Language>en</Language>
  <Overview>Basilone and the 7th Marines arrive on Guadalcanal to reinforce Leckie and the rest of the 1st Marine Division as they continue to defend the crucial airstrip.  Basilone plays a key role in repelling a nighttime Japanese attack, but suffers a frightful personal loss.  After four months of continuous action, the exhausted and disease-ridden members of the 1st Marine Division are evacuated off the island.</Overview>
  <ProductionCode></ProductionCode>
  <Rating>8.0</Rating>
  <RatingCount>134</RatingCount>
  <SeasonNumber>1</SeasonNumber>
  <Writer>Bruce C. McKenna</Writer>
  <absolute_number></absolute_number>
  <filename>episodes/85539/446089.jpg</filename>
  <lastupdated>1315268508</lastupdated>
  <seasonid>41922</seasonid>
  <seriesid>85539</seriesid>
</Episode>
<Episode>
  <id>446090</id>
  <Combined_episodenumber>3.0</Combined_episodenumber>
  <Combined_season>1</Combined_season>
  <DVD_chapter></DVD_chapter>
  <DVD_discid></DVD_discid>
  <DVD_episodenumber>3.0</DVD_episodenumber>
  <DVD_season>1</DVD_season>
  <Director>Jeremy Podeswa</Director>
  <EpImgFlag>2</EpImgFlag>
  <EpisodeName>Part Three</EpisodeName>
  <EpisodeNumber>3</EpisodeNumber>
  <FirstAired>2010-03-28</FirstAired>
  <GuestStars></GuestStars>
  <IMDB_ID>tt1576603</IMDB_ID>
  <Language>en</Language>
  <Overview>Physically and mentally debilitated after the four-month ordeal on Guadalcanal, Leckie, Basilone and thousands of their comrades land in Melbourne, where they are greeted by adoring crowds and viewed as the saviors of Australia. While his buddies carouse, Leckie becomes deeply attached to an Australian woman and her first-generation Greek family. Meanwhile, Basilone is awarded the Medal of Honor and is asked to return home to help sell U.S. war bonds.</Overview>
  <ProductionCode></ProductionCode>
  <Rating>7.3</Rating>
  <RatingCount>161</RatingCount>
  <SeasonNumber>1</SeasonNumber>
  <Writer>|George Pelecanos|Michelle Ashford|</Writer>
  <absolute_number></absolute_number>
  <filename>episodes/85539/446090.jpg</filename>
  <lastupdated>1315268516</lastupdated>
  <seasonid>41922</seasonid>
  <seriesid>85539</seriesid>
</Episode>
<Episode>
  <id>446091</id>
  <Combined_episodenumber>4.0</Combined_episodenumber>
  <Combined_season>1</Combined_season>
  <DVD_chapter></DVD_chapter>
  <DVD_discid></DVD_discid>
  <DVD_episodenumber>4.0</DVD_episodenumber>
  <DVD_season>1</DVD_season>
  <Director>Graham Yost</Director>
  <EpImgFlag>2</EpImgFlag>
  <EpisodeName>Part Four</EpisodeName>
  <EpisodeNumber>4</EpisodeNumber>
  <FirstAired>2010-04-04</FirstAired>
  <GuestStars></GuestStars>
  <IMDB_ID>tt1576599</IMDB_ID>
  <Language>en</Language>
  <Overview>Finally enlisted as a Marine, Sledge trains for combat at Camp Elliott. The 1st Marine Division lands at Cape Gloucester on the Japanese-held island of New Britain. As Leckie and the other Marines battle the Japanese, they quickly realize that the more ominous enemy is the smothering jungle itself. Having survived Gloucester and stationed on the godforsaken island of Pavuvu, Leckie begins displaying the physical and mental effects of combat and is sent to a naval hospital on nearby Banika for psychiatric observation.
</Overview>
  <ProductionCode></ProductionCode>
  <Rating>7.4</Rating>
  <RatingCount>144</RatingCount>
  <SeasonNumber>1</SeasonNumber>
  <Writer>|Robert Schenkkan|Graham Yost|</Writer>
  <absolute_number></absolute_number>
  <filename>episodes/85539/446091.jpg</filename>
  <lastupdated>1315268525</lastupdated>
  <seasonid>41922</seasonid>
  <seriesid>85539</seriesid>
</Episode>
<Episode>
  <id>446092</id>
  <Combined_episodenumber>5.0</Combined_episodenumber>
  <Combined_season>1</Combined_season>
  <DVD_chapter></DVD_chapter>
  <DVD_discid></DVD_discid>
  <DVD_episodenumber>5.0</DVD_episodenumber>
  <DVD_season>1</DVD_season>
  <Director>Carl Franklin</Director>
  <EpImgFlag>2</EpImgFlag>
  <EpisodeName>Part Five</EpisodeName>
  <EpisodeNumber>5</EpisodeNumber>
  <FirstAired>2010-04-11</FirstAired>
  <GuestStars></GuestStars>
  <IMDB_ID>tt1576607</IMDB_ID>
  <Language>en</Language>
  <Overview>Basilone’s celebrity grows as he travels across the country on the war bonds tour. On Pavuvu, Sledge, assigned to the 5th Marines, 1st Marine Division, is briefly reunited with Phillips and Leckie rejoins his company. Sledge then gets his first taste of combat as he, Leckie, and the rest of the 1st Marine Division meet fierce Japanese resistance while landing on the intricately and heavily defended coral island of Peleliu.</Overview>
  <ProductionCode></ProductionCode>
  <Rating>7.6</Rating>
  <RatingCount>152</RatingCount>
  <SeasonNumber>1</SeasonNumber>
  <Writer>|Laurence Andries|Bruce C. McKenna|</Writer>
  <absolute_number></absolute_number>
  <filename>episodes/85539/446092.jpg</filename>
  <lastupdated>1315268535</lastupdated>
  <seasonid>41922</seasonid>
  <seriesid>85539</seriesid>
</Episode>
<Episode>
  <id>446093</id>
  <Combined_episodenumber>6.0</Combined_episodenumber>
  <Combined_season>1</Combined_season>
  <DVD_chapter></DVD_chapter>
  <DVD_discid></DVD_discid>
  <DVD_episodenumber>6.0</DVD_episodenumber>
  <DVD_season>1</DVD_season>
  <Director>Tony To</Director>
  <EpImgFlag>2</EpImgFlag>
  <EpisodeName>Part Six</EpisodeName>
  <EpisodeNumber>6</EpisodeNumber>
  <FirstAired>2010-04-18</FirstAired>
  <GuestStars></GuestStars>
  <IMDB_ID>tt1576605</IMDB_ID>
  <Language>en</Language>
  <Overview>Despite the suffocating 115-degree heat and a lack of clean drinking water, Sledge, Leckie and the other Marines confront the highly-fortified enemy as they attempt to capture the Peleliu airfield. After seeing his comrades badly injured, Leckie himself is wounded and evacuated from the island. Sledge witnesses the shocking truth about what is sometimes required to survive and fight another day.</Overview>
  <ProductionCode></ProductionCode>
  <Rating>8.0</Rating>
  <RatingCount>111</RatingCount>
  <SeasonNumber>1</SeasonNumber>
  <Writer>|Bruce C. McKenna|Laurence Andries|Robert Schenkkan|</Writer>
  <absolute_number></absolute_number>
  <filename>episodes/85539/446093.jpg</filename>
  <lastupdated>1315268544</lastupdated>
  <seasonid>41922</seasonid>
  <seriesid>85539</seriesid>
</Episode>
<Episode>
  <id>446094</id>
  <Combined_episodenumber>7.0</Combined_episodenumber>
  <Combined_season>1</Combined_season>
  <DVD_chapter></DVD_chapter>
  <DVD_discid></DVD_discid>
  <DVD_episodenumber>7.0</DVD_episodenumber>
  <DVD_season>1</DVD_season>
  <Director>Tim Van Patten</Director>
  <EpImgFlag>2</EpImgFlag>
  <EpisodeName>Part Seven</EpisodeName>
  <EpisodeNumber>7</EpisodeNumber>
  <FirstAired>2010-04-25</FirstAired>
  <GuestStars></GuestStars>
  <IMDB_ID>tt1576606</IMDB_ID>
  <Language>en</Language>
  <Overview>The Marines, including the newly christened “Sledgehammer,” continue the battle of Peleliu against an enemy determined to fight to the last man. Devastated by the loss of a revered leader, and witnessing unimaginable barbarity on both sides, Sledge veers to the very edge of moral collapse. Their objective finally secured, the Marines return to Pavuvu fundamentally changed by their experience on Peleliu.</Overview>
  <ProductionCode></ProductionCode>
  <Rating>7.7</Rating>
  <RatingCount>107</RatingCount>
  <SeasonNumber>1</SeasonNumber>
  <Writer>Bruce C. McKenna</Writer>
  <absolute_number></absolute_number>
  <filename>episodes/85539/446094.jpg</filename>
  <lastupdated>1315268554</lastupdated>
  <seasonid>41922</seasonid>
  <seriesid>85539</seriesid>
</Episode>
<Episode>
  <id>446095</id>
  <Combined_episodenumber>8.0</Combined_episodenumber>
  <Combined_season>1</Combined_season>
  <DVD_chapter></DVD_chapter>
  <DVD_discid></DVD_discid>
  <DVD_episodenumber>8.0</DVD_episodenumber>
  <DVD_season>1</DVD_season>
  <Director>|David Nutter|Jeremy Podeswa|</Director>
  <EpImgFlag>2</EpImgFlag>
  <EpisodeName>Part Eight</EpisodeName>
  <EpisodeNumber>8</EpisodeNumber>
  <FirstAired>2010-05-02</FirstAired>
  <GuestStars></GuestStars>
  <IMDB_ID>tt1576602</IMDB_ID>
  <Language>en</Language>
  <Overview>Increasingly frustrated by his role campaigning for war bonds, Basilone convinces the Marines to allow him to train troops headed for combat. Transferred to Camp Pendleton, he enjoys a whirlwind romance with an initially reluctant female Marine, Lena Riggi. But the couple know they are living on borrowed time, as Basilone is soon to take part in the Marine landing on Iwo Jima.</Overview>
  <ProductionCode></ProductionCode>
  <Rating>7.6</Rating>
  <RatingCount>98</RatingCount>
  <SeasonNumber>1</SeasonNumber>
  <Writer>|Robert Schenkkan|Michelle Ashford|</Writer>
  <absolute_number></absolute_number>
  <filename>episodes/85539/446095.jpg</filename>
  <lastupdated>1315268562</lastupdated>
  <seasonid>41922</seasonid>
  <seriesid>85539</seriesid>
</Episode>
<Episode>
  <id>446096</id>
  <Combined_episodenumber>9.0</Combined_episodenumber>
  <Combined_season>1</Combined_season>
  <DVD_chapter></DVD_chapter>
  <DVD_discid></DVD_discid>
  <DVD_episodenumber>9.0</DVD_episodenumber>
  <DVD_season>1</DVD_season>
  <Director>Tim Van Patten</Director>
  <EpImgFlag>2</EpImgFlag>
  <EpisodeName>Part Nine</EpisodeName>
  <EpisodeNumber>9</EpisodeNumber>
  <FirstAired>2010-05-09</FirstAired>
  <GuestStars></GuestStars>
  <IMDB_ID>tt1576604</IMDB_ID>
  <Language>en</Language>
  <Overview>After battling across the island of Okinawa for more than a month, Sledge and the rest of the 1st Marine Division are ordered to relieve an Army division that has been in combat against the most strongly defended Japanese position on the island. The primordial conditions and the moral dilemma posed by the presence of civilians put tremendous strain on the physical and psychological endurance of Sledge and the other Marines.</Overview>
  <ProductionCode></ProductionCode>
  <Rating>7.9</Rating>
  <RatingCount>96</RatingCount>
  <SeasonNumber>1</SeasonNumber>
  <Writer>Bruce C. McKenna</Writer>
  <absolute_number></absolute_number>
  <filename>episodes/85539/446096.jpg</filename>
  <lastupdated>1315268571</lastupdated>
  <seasonid>41922</seasonid>
  <seriesid>85539</seriesid>
</Episode>
<Episode>
  <id>446097</id>
  <Combined_episodenumber>10.0</Combined_episodenumber>
  <Combined_season>1</Combined_season>
  <DVD_chapter></DVD_chapter>
  <DVD_discid></DVD_discid>
  <DVD_episodenumber>10.0</DVD_episodenumber>
  <DVD_season>1</DVD_season>
  <Director>Jeremy Podeswa</Director>
  <EpImgFlag>2</EpImgFlag>
  <EpisodeName>Part Ten</EpisodeName>
  <EpisodeNumber>10</EpisodeNumber>
  <FirstAired>2010-05-16</FirstAired>
  <GuestStars></GuestStars>
  <IMDB_ID>tt1576601</IMDB_ID>
  <Language>en</Language>
  <Overview>After the Japanese surrender, Leckie, healed from his wounds, leaves the hospital and returns home, while Sledge heads back to Alabama to be reunited with his family and Sid Phillips. Lena visits Basilone’s home and has an emotional meeting with his family. Leckie adjusts to post-war life by resuming his old job and starting a new relationship, but for Sledge, unsure why he survived the war seemingly unscathed, adjustment will require more time.</Overview>
  <ProductionCode></ProductionCode>
  <Rating>8.2</Rating>
  <RatingCount>84</RatingCount>
  <SeasonNumber>1</SeasonNumber>
  <Writer>|Bruce C. McKenna|Robert Schenkkan|</Writer>
  <absolute_number></absolute_number>
  <filename>episodes/85539/446097.jpg</filename>
  <lastupdated>1315268579</lastupdated>
  <seasonid>41922</seasonid>
  <seriesid>85539</seriesid>
</Episode>
</Data>