<?xml version="1.0" encoding="UTF-8" ?>
<Actors>
<Actor>
  <id>79198</id>
  <Image>actors/79198.jpg</Image>
  <Name>Damian Lewis</Name>
  <Role>Major Richard Winters</Role>
  <SortOrder>0</SortOrder>
</Actor>
<Actor>
  <id>30995</id>
  <Image>actors/30995.jpg</Image>
  <Name>Ron Livingston</Name>
  <Role>Capt. Lewis Nixon</Role>
  <SortOrder>1</SortOrder>
</Actor>
<Actor>
  <id>30985</id>
  <Image>actors/30985.jpg</Image>
  <Name>Matthew Settle</Name>
  <Role>Capt. Ronald Speirs</Role>
  <SortOrder>2</SortOrder>
</Actor>
<Actor>
  <id>31002</id>
  <Image>actors/31002.jpg</Image>
  <Name>Robin Laing</Name>
  <Role>Pvt. Edward 'Babe' Heffron</Role>
  <SortOrder>3</SortOrder>
</Actor>
<Actor>
  <id>31001</id>
  <Image>actors/31001.jpg</Image>
  <Name>Peter Youngblood Hills</Name>
  <Role>SSgt. Darrel 'Shifty' Powers</Role>
  <SortOrder>3</SortOrder>
</Actor>
<Actor>
  <id>31000</id>
  <Image>actors/31000.jpg</Image>
  <Name>James Madio</Name>
  <Role>Sgt. Frank Perconte</Role>
  <SortOrder>3</SortOrder>
</Actor>
<Actor>
  <id>30998</id>
  <Image>actors/30998.jpg</Image>
  <Name>Ross McCall</Name>
  <Role>Cpl. Joseph Liebgott</Role>
  <SortOrder>3</SortOrder>
</Actor>
<Actor>
  <id>30997</id>
  <Image>actors/30997.jpg</Image>
  <Name>Neal McDonough</Name>
  <Role>1st Lt. Lynn 'Buck' Compton</Role>
  <SortOrder>3</SortOrder>
</Actor>
<Actor>
  <id>30996</id>
  <Image>actors/30996.jpg</Image>
  <Name>Donnie Wahlberg</Name>
  <Role>2nd Lt. C. Carwood Lipton</Role>
  <SortOrder>3</SortOrder>
</Actor>
<Actor>
  <id>30994</id>
  <Image>actors/30994.jpg</Image>
  <Name>Scott Grimes</Name>
  <Role>TSgt. Donald Malarkey</Role>
  <SortOrder>3</SortOrder>
</Actor>
<Actor>
  <id>30993</id>
  <Image>actors/30993.jpg</Image>
  <Name>Dexter Fletcher</Name>
  <Role>SSgt. John Martin</Role>
  <SortOrder>3</SortOrder>
</Actor>
<Actor>
  <id>30992</id>
  <Image>actors/30992.jpg</Image>
  <Name>Kirk Acevedo</Name>
  <Role>SSgt. Joseph Toye</Role>
  <SortOrder>3</SortOrder>
</Actor>
<Actor>
  <id>30991</id>
  <Image>actors/30991.jpg</Image>
  <Name>Matthew Leitch</Name>
  <Role>SSgt. Floyd 'Tab' Talbert</Role>
  <SortOrder>3</SortOrder>
</Actor>
<Actor>
  <id>30986</id>
  <Image>actors/30986.jpg</Image>
  <Name>Dale Dye</Name>
  <Role>Col. Robert Sink</Role>
  <SortOrder>3</SortOrder>
</Actor>
<Actor>
  <id>165001</id>
  <Image>actors/165001.jpg</Image>
  <Name>Eion Bailey</Name>
  <Role>Pvt. David Kenyon Webster</Role>
  <SortOrder>3</SortOrder>
</Actor>
<Actor>
  <id>164991</id>
  <Image>actors/164991.jpg</Image>
  <Name>Peter McCabe</Name>
  <Role>Cpl. Donald Hoobler</Role>
  <SortOrder>3</SortOrder>
</Actor>
<Actor>
  <id>161021</id>
  <Image>actors/161021.jpg</Image>
  <Name>Shane Taylor</Name>
  <Role>Cpl. Eugene Roe</Role>
  <SortOrder>3</SortOrder>
</Actor>
<Actor>
  <id>161011</id>
  <Image>actors/161011.jpg</Image>
  <Name>Rick Gomez</Name>
  <Role>Sgt. George Luz</Role>
  <SortOrder>3</SortOrder>
</Actor>
<Actor>
  <id>161001</id>
  <Image>actors/161001.jpg</Image>
  <Name>Michael Cudlitz</Name>
  <Role>Sgt. Denver 'Bull' Randleman</Role>
  <SortOrder>3</SortOrder>
</Actor>
<Actor>
  <id>160991</id>
  <Image>actors/160991.jpg</Image>
  <Name>Frank John Hughes</Name>
  <Role>SSgt. William 'Wild Bill' Guarnere</Role>
  <SortOrder>3</SortOrder>
</Actor>
<Actor>
  <id>160971</id>
  <Image>actors/160971.jpg</Image>
  <Name>David Schwimmer</Name>
  <Role>Capt. Herbert Sobel</Role>
  <SortOrder>3</SortOrder>
</Actor>
<Actor>
  <id>30989</id>
  <Image></Image>
  <Name>James McAvoy</Name>
  <Role></Role>
  <SortOrder>3</SortOrder>
</Actor>
<Actor>
  <id>30999</id>
  <Image></Image>
  <Name>Nicholas Aaron</Name>
  <Role>Pvt. Robert 'Popeye' Wynn</Role>
  <SortOrder>3</SortOrder>
</Actor>
<Actor>
  <id>30990</id>
  <Image></Image>
  <Name>Nolan Hemmings</Name>
  <Role>Sgt. Charles 'Chuck' Grant</Role>
  <SortOrder>3</SortOrder>
</Actor>
<Actor>
  <id>30987</id>
  <Image></Image>
  <Name>Richard Speight Jr.</Name>
  <Role>Sgt. Warren 'Skip' Muck</Role>
  <SortOrder>3</SortOrder>
</Actor>
</Actors>