<?xml version="1.0" encoding="UTF-8" ?>
<Data><Series>
  <id>74205</id>
  <Actors>|Damian Lewis|Ron Livingston|Matthew Settle|Robin Laing|Peter Youngblood Hills|James Madio|Ross McCall|Neal McDonough|Donnie Wahlberg|Scott Grimes|Dexter Fletcher|Kirk Acevedo|Matthew Leitch|Dale Dye|Eion Bailey|Peter McCabe|Shane Taylor|Rick Gomez|Michael Cudlitz|Frank John Hughes|David Schwimmer|James McAvoy|Nicholas Aaron|Nolan Hemmings|Richard Speight Jr.|</Actors>
  <Airs_DayOfWeek>Sunday</Airs_DayOfWeek>
  <Airs_Time>8:00 PM</Airs_Time>
  <ContentRating>TV-MA</ContentRating>
  <FirstAired>2001-09-09</FirstAired>
  <Genre>|Action|Adventure|Drama|Mini-Series|</Genre>
  <IMDB_ID>tt0185906</IMDB_ID>
  <Language>en</Language>
  <Network>HBO</Network>
  <NetworkID></NetworkID>
  <Overview>Executive produced by Steven Spielberg and Tom Hanks for HBO, Band of Brothers is a ten-part miniseries based on the book Band of Brothers: E Company, 506th Regiment, 101st Airborne From Normandy to Hitler's Eagle's Nest by Steven E. Ambrose. The Series dramatically re-creates the path of Easy Company, an elite paratrooper unit, from their basic training at Camp Toccoa in Georgia in 1942, to D-Day, to their critical involvement in the Battle of the Bulge, through their triumph at the close of the war.</Overview>
  <Rating>9.6</Rating>
  <RatingCount>219</RatingCount>
  <Runtime>60</Runtime>
  <SeriesID>2604</SeriesID>
  <SeriesName>Band of Brothers</SeriesName>
  <Status>Ended</Status>
  <added></added>
  <addedBy></addedBy>
  <banner>graphical/74205-g10.jpg</banner>
  <fanart>fanart/original/74205-2.jpg</fanart>
  <lastupdated>1365410437</lastupdated>
  <poster>posters/74205-11.jpg</poster>
  <zap2it_id>SH456346</zap2it_id>
</Series>
<Episode>
  <id>333159</id>
  <Combined_episodenumber>12.0</Combined_episodenumber>
  <Combined_season>0</Combined_season>
  <DVD_chapter></DVD_chapter>
  <DVD_discid></DVD_discid>
  <DVD_episodenumber>12.0</DVD_episodenumber>
  <DVD_season></DVD_season>
  <Director>Mark Cowen</Director>
  <EpImgFlag></EpImgFlag>
  <EpisodeName>We Stand Alone Together</EpisodeName>
  <EpisodeNumber>1</EpisodeNumber>
  <FirstAired></FirstAired>
  <GuestStars></GuestStars>
  <IMDB_ID></IMDB_ID>
  <Language>en</Language>
  <Overview>We Stand Along Together tells the remarkable story of the men of Easy Company in their own words. Featuring recent interviews with the real-life company members whose deeds are dramatized in the miniseries, combined with rare and archival photographs and film footage.</Overview>
  <ProductionCode></ProductionCode>
  <Rating>10.0</Rating>
  <RatingCount>6</RatingCount>
  <SeasonNumber>0</SeasonNumber>
  <Writer>William Richter</Writer>
  <absolute_number>12</absolute_number>
  <airsafter_season>1</airsafter_season>
  <airsbefore_episode></airsbefore_episode>
  <airsbefore_season></airsbefore_season>
  <filename>episodes/74205/333159.jpg</filename>
  <lastupdated>1282397534</lastupdated>
  <seasonid>21667</seasonid>
  <seriesid>74205</seriesid>
</Episode>
<Episode>
  <id>312666</id>
  <Combined_episodenumber>11.0</Combined_episodenumber>
  <Combined_season>0</Combined_season>
  <DVD_chapter></DVD_chapter>
  <DVD_discid></DVD_discid>
  <DVD_episodenumber>11.0</DVD_episodenumber>
  <DVD_season></DVD_season>
  <Director></Director>
  <EpImgFlag></EpImgFlag>
  <EpisodeName>The Making Of Band Of Brothers</EpisodeName>
  <EpisodeNumber>2</EpisodeNumber>
  <FirstAired></FirstAired>
  <GuestStars></GuestStars>
  <IMDB_ID></IMDB_ID>
  <Language>en</Language>
  <Overview>Executive produced by Steven Spielberg and Tom Hanks for HBO, Band of Brothers is a ten-part miniseries based on the book Band of Brothers: E Company, 506th Regiment, 101st Airborne From Normandy to Hitler's Eagle's Nest by Stephen E. Ambrose.</Overview>
  <ProductionCode></ProductionCode>
  <Rating>8.7</Rating>
  <RatingCount>3</RatingCount>
  <SeasonNumber>0</SeasonNumber>
  <Writer></Writer>
  <absolute_number>11</absolute_number>
  <airsafter_season>1</airsafter_season>
  <airsbefore_episode></airsbefore_episode>
  <airsbefore_season></airsbefore_season>
  <filename>episodes/74205/312666.jpg</filename>
  <lastupdated>1273638332</lastupdated>
  <seasonid>21667</seasonid>
  <seriesid>74205</seriesid>
</Episode>
<Episode>
  <id>3705061</id>
  <Combined_episodenumber>3</Combined_episodenumber>
  <Combined_season>0</Combined_season>
  <DVD_chapter></DVD_chapter>
  <DVD_discid></DVD_discid>
  <DVD_episodenumber></DVD_episodenumber>
  <DVD_season></DVD_season>
  <Director></Director>
  <EpImgFlag>3</EpImgFlag>
  <EpisodeName>Video Diary</EpisodeName>
  <EpisodeNumber>3</EpisodeNumber>
  <FirstAired></FirstAired>
  <GuestStars></GuestStars>
  <IMDB_ID></IMDB_ID>
  <Language>en</Language>
  <Overview>Ron Livingston (Lewis Nixon) shot a 12 part video diary during the making of &quot;Band of Brothers&quot;.

</Overview>
  <ProductionCode></ProductionCode>
  <Rating>7.5</Rating>
  <RatingCount>2</RatingCount>
  <SeasonNumber>0</SeasonNumber>
  <Writer></Writer>
  <absolute_number></absolute_number>
  <airsafter_season>1</airsafter_season>
  <airsbefore_episode></airsbefore_episode>
  <airsbefore_season></airsbefore_season>
  <filename>episodes/74205/3705061.jpg</filename>
  <lastupdated>1328620401</lastupdated>
  <seasonid>21667</seasonid>
  <seriesid>74205</seriesid>
</Episode>
<Episode>
  <id>3705121</id>
  <Combined_episodenumber>4</Combined_episodenumber>
  <Combined_season>0</Combined_season>
  <DVD_chapter></DVD_chapter>
  <DVD_discid></DVD_discid>
  <DVD_episodenumber></DVD_episodenumber>
  <DVD_season></DVD_season>
  <Director></Director>
  <EpImgFlag></EpImgFlag>
  <EpisodeName>Premiere in Normandy</EpisodeName>
  <EpisodeNumber>4</EpisodeNumber>
  <FirstAired></FirstAired>
  <GuestStars></GuestStars>
  <IMDB_ID></IMDB_ID>
  <Language>en</Language>
  <Overview>An HBO Entertainment News piece about the premiere of the mini-series in Normandy for Easy Company vets, their families, friends and stars of the series.

</Overview>
  <ProductionCode></ProductionCode>
  <Rating>7.0</Rating>
  <RatingCount>1</RatingCount>
  <SeasonNumber>0</SeasonNumber>
  <Writer></Writer>
  <absolute_number></absolute_number>
  <airsafter_season>1</airsafter_season>
  <airsbefore_episode></airsbefore_episode>
  <airsbefore_season></airsbefore_season>
  <filename></filename>
  <lastupdated>1300335788</lastupdated>
  <seasonid>21667</seasonid>
  <seriesid>74205</seriesid>
</Episode>
<Episode>
  <id>141245</id>
  <Combined_episodenumber>1.0</Combined_episodenumber>
  <Combined_season>1</Combined_season>
  <DVD_chapter></DVD_chapter>
  <DVD_discid></DVD_discid>
  <DVD_episodenumber>1.0</DVD_episodenumber>
  <DVD_season>1</DVD_season>
  <Director>|Phil Alden Robinson|</Director>
  <EpImgFlag>2</EpImgFlag>
  <EpisodeName>Currahee</EpisodeName>
  <EpisodeNumber>1</EpisodeNumber>
  <FirstAired>2001-09-09</FirstAired>
  <GuestStars>|Michael Fassbender|David Schwimmer|Jamie Bamber|Rocky Marshall|Alex Sabga|Simon Schatzberger|Joseph May|David Crow|Jordan Frieda|Luke Griffin|Jason O'Mara|Simon Pegg|Marcos D'Cruze|</GuestStars>
  <IMDB_ID>tt1245384</IMDB_ID>
  <Language>en</Language>
  <Overview>Easy Company is introduced to Captain Sobel, who has the group undergo hard and unfair training. As a result, Sobel comes into conflict with his men, including Richard Winters, his executive officer. The company is shipped to England to prepare for D-Day. After displaying a lack of leadership ability in the field, Sobel is reassigned. </Overview>
  <ProductionCode></ProductionCode>
  <Rating>8.5</Rating>
  <RatingCount>141</RatingCount>
  <SeasonNumber>1</SeasonNumber>
  <Writer>|Erik Jendreson|Tom Hanks|</Writer>
  <absolute_number>1</absolute_number>
  <filename>episodes/74205/141245.jpg</filename>
  <lastupdated>1294072742</lastupdated>
  <seasonid>7109</seasonid>
  <seriesid>74205</seriesid>
</Episode>
<Episode>
  <id>141246</id>
  <Combined_episodenumber>2.0</Combined_episodenumber>
  <Combined_season>1</Combined_season>
  <DVD_chapter></DVD_chapter>
  <DVD_discid></DVD_discid>
  <DVD_episodenumber>2.0</DVD_episodenumber>
  <DVD_season>1</DVD_season>
  <Director>|Richard Loncraine|</Director>
  <EpImgFlag>2</EpImgFlag>
  <EpisodeName>Day of Days</EpisodeName>
  <EpisodeNumber>2</EpisodeNumber>
  <FirstAired>2001-09-09</FirstAired>
  <GuestStars>|Jeff Tweedy|Andrew Scott|Jason O'Mara|Jonathan Young|Marc Warren|Adam James|Simon Fenton|Andrew Howard|Stephen Graham|Ezra Godden|Alexis Conran|Iain Robertson|Jonie Broom|Paul Williams|Benjamin Montague|Ben Peyton|Nick Lopez|Steve Chaplin|David Blair|Mar</GuestStars>
  <IMDB_ID>tt1247465</IMDB_ID>
  <Language>en</Language>
  <Overview>Easy Company lands in Normandy, scattered all across and away from their drop zone. 1st Lt. Meehan, commander of Easy, is killed when his plane suffers a direct hit and 1st Lt. Winters must take command. With a small group of men, Winters takes out a set of guns at Brécourt and thereby wins the respect of his fellow soldiers as a leader. 1st Lt. Speirs is introduced, around whom rumours start to circulate after he is believed to have massacred a group of German prisoners of war.</Overview>
  <ProductionCode></ProductionCode>
  <Rating>8.9</Rating>
  <RatingCount>101</RatingCount>
  <SeasonNumber>1</SeasonNumber>
  <Writer>|Erik Jendreson|Tom Hanks|</Writer>
  <absolute_number>2</absolute_number>
  <filename>episodes/74205/141246.jpg</filename>
  <lastupdated>1294072757</lastupdated>
  <seasonid>7109</seasonid>
  <seriesid>74205</seriesid>
</Episode>
<Episode>
  <id>141247</id>
  <Combined_episodenumber>3.0</Combined_episodenumber>
  <Combined_season>1</Combined_season>
  <DVD_chapter></DVD_chapter>
  <DVD_discid></DVD_discid>
  <DVD_episodenumber>3.0</DVD_episodenumber>
  <DVD_season>1</DVD_season>
  <Director>|Mikael Solomon|</Director>
  <EpImgFlag>2</EpImgFlag>
  <EpisodeName>Carentan</EpisodeName>
  <EpisodeNumber>3</EpisodeNumber>
  <FirstAired>2001-09-16</FirstAired>
  <GuestStars>|Marc Warren|Ezra Godden|Adam James|Bart Ruspoli|Iain Robertson|Nigel Hoyle|Stephen Walters|Doug Cockle|Diana Kent|Scott Rognlein|Paul Murphy|Richard Lynson|Freddie Joe Farnsworth|</GuestStars>
  <IMDB_ID>tt1247463</IMDB_ID>
  <Language>en</Language>
  <Overview>Easy Company are sent to liberate the French village of Carentan, where they lose several men in heavy fighting. The episode focuses on Private Albert Blithe, who struggles with crippling anxiety following the battle. After he is finally spurred into action by Winters during a German counterattack, Blithe overcomes his fears but days later gets shot in the neck by a German sniper after volunteering to be lead scout in a patrol. </Overview>
  <ProductionCode></ProductionCode>
  <Rating>8.7</Rating>
  <RatingCount>94</RatingCount>
  <SeasonNumber>1</SeasonNumber>
  <Writer>|E. Max Frye|</Writer>
  <absolute_number>3</absolute_number>
  <filename>episodes/74205/141247.jpg</filename>
  <lastupdated>1294072793</lastupdated>
  <seasonid>7109</seasonid>
  <seriesid>74205</seriesid>
</Episode>
<Episode>
  <id>141248</id>
  <Combined_episodenumber>4.0</Combined_episodenumber>
  <Combined_season>1</Combined_season>
  <DVD_chapter></DVD_chapter>
  <DVD_discid></DVD_discid>
  <DVD_episodenumber>4.0</DVD_episodenumber>
  <DVD_season>1</DVD_season>
  <Director>|David Nutter|</Director>
  <EpImgFlag>2</EpImgFlag>
  <EpisodeName>Replacements</EpisodeName>
  <EpisodeNumber>4</EpisodeNumber>
  <FirstAired>2001-09-23</FirstAired>
  <GuestStars>|Jonjo O'Neill|David Schwimmer|Eion Bailey|Alex Sabga|James McAvoy|Hugo Metsers|William Tapley|Jack Wouterse|Josefine Hendriks|Peter Stark|Freerk Bos|Billy Hill|</GuestStars>
  <IMDB_ID>tt1247467</IMDB_ID>
  <Language>en</Language>
  <Overview>New characters are introduced when replacements join Easy Company, who struggle to be accepted by the veterans who fought at Normandy. The Company is sent to parachute into and fight in the Netherlands as part of Operation Market Garden, where they liberate Eindhoven. During combat in Nuenen, the replacements integrate themselves with the Company, but the Company is forced to retreat. The episode follows Sergeant Denver &quot;Bull&quot; Randleman, the replacements' immediate superior, as he evades German soldiers in Nuenen after being cut off and forced to stay there and must wait until the enemy leaves in the morning. </Overview>
  <ProductionCode></ProductionCode>
  <Rating>8.6</Rating>
  <RatingCount>80</RatingCount>
  <SeasonNumber>1</SeasonNumber>
  <Writer>|Graham Yost|</Writer>
  <absolute_number>4</absolute_number>
  <filename>episodes/74205/141248.jpg</filename>
  <lastupdated>1294072826</lastupdated>
  <seasonid>7109</seasonid>
  <seriesid>74205</seriesid>
</Episode>
<Episode>
  <id>141249</id>
  <Combined_episodenumber>5.0</Combined_episodenumber>
  <Combined_season>1</Combined_season>
  <DVD_chapter></DVD_chapter>
  <DVD_discid></DVD_discid>
  <DVD_episodenumber>5.0</DVD_episodenumber>
  <DVD_season>1</DVD_season>
  <Director>|Tom Hanks|</Director>
  <EpImgFlag>2</EpImgFlag>
  <EpisodeName>Crossroads</EpisodeName>
  <EpisodeNumber>5</EpisodeNumber>
  <FirstAired>2001-09-30</FirstAired>
  <GuestStars>|Luke Roberts|Jimmy Fallon|</GuestStars>
  <IMDB_ID>tt1247464</IMDB_ID>
  <Language>en</Language>
  <Overview>Winters writes a report on the challenge of an unexpected resistance to a German attack, and is haunted by his conscience after shooting a teenage German soldier; this flashback occurs several times in later episodes. Operation Pegasus is depicted. Easy Company is called to Bastogne to repel the sudden German counterattack. </Overview>
  <ProductionCode></ProductionCode>
  <Rating>8.4</Rating>
  <RatingCount>78</RatingCount>
  <SeasonNumber>1</SeasonNumber>
  <Writer>|Erik Jendreson|</Writer>
  <absolute_number>5</absolute_number>
  <filename>episodes/74205/141249.jpg</filename>
  <lastupdated>1294072855</lastupdated>
  <seasonid>7109</seasonid>
  <seriesid>74205</seriesid>
</Episode>
<Episode>
  <id>141250</id>
  <Combined_episodenumber>6.0</Combined_episodenumber>
  <Combined_season>1</Combined_season>
  <DVD_chapter></DVD_chapter>
  <DVD_discid></DVD_discid>
  <DVD_episodenumber>6.0</DVD_episodenumber>
  <DVD_season>1</DVD_season>
  <Director>|Not Available|</Director>
  <EpImgFlag>2</EpImgFlag>
  <EpisodeName>Bastogne</EpisodeName>
  <EpisodeNumber>6</EpisodeNumber>
  <FirstAired>2001-10-07</FirstAired>
  <GuestStars>|Laird MacIntosh|Lucie Jeanne|William Armstrong|</GuestStars>
  <IMDB_ID>tt1247462</IMDB_ID>
  <Language>en</Language>
  <Overview>Easy Company experiences the Battle of the Bulge and have to hold ground near Bastogne while running low on ammunition and other supplies. The episode focuses on medic Eugene &quot;Doc&quot; Roe as he helps out his fellow soldiers where he can, while also scrounging for medical supplies, of which the Company is dangerously low. He also befriends a Belgian nurse in Bastogne, who is later killed during a German bombing raid. </Overview>
  <ProductionCode></ProductionCode>
  <Rating>8.6</Rating>
  <RatingCount>87</RatingCount>
  <SeasonNumber>1</SeasonNumber>
  <Writer>|Bruce McKenna|</Writer>
  <absolute_number>6</absolute_number>
  <filename>episodes/74205/141250.jpg</filename>
  <lastupdated>1294072917</lastupdated>
  <seasonid>7109</seasonid>
  <seriesid>74205</seriesid>
</Episode>
<Episode>
  <id>141251</id>
  <Combined_episodenumber>7.0</Combined_episodenumber>
  <Combined_season>1</Combined_season>
  <DVD_chapter></DVD_chapter>
  <DVD_discid></DVD_discid>
  <DVD_episodenumber>7.0</DVD_episodenumber>
  <DVD_season>1</DVD_season>
  <Director>|David Frankel|</Director>
  <EpImgFlag>2</EpImgFlag>
  <EpisodeName>The Breaking Point</EpisodeName>
  <EpisodeNumber>7</EpisodeNumber>
  <FirstAired>2001-10-14</FirstAired>
  <GuestStars>|Alex Sabga|</GuestStars>
  <IMDB_ID>tt1247468</IMDB_ID>
  <Language>en</Language>
  <Overview>Easy Company battles near Foy, Belgium, losing numerous men. In the episode, the actions of 1st Lt. Norman Dike, the Company's commander, are examined and questioned. He is eventually relieved by 1st Lt. Ronald Speirs, who becomes the Company's new leader. Serving as narrator is 1st Sgt. Carwood Lipton, who attempts to keep the morale of the men up as they endure their trials in the forest near Foy, earning him a pending field promotion to 2nd. Lt. for his leadership ability. </Overview>
  <ProductionCode></ProductionCode>
  <Rating>8.6</Rating>
  <RatingCount>86</RatingCount>
  <SeasonNumber>1</SeasonNumber>
  <Writer>|Graham Yost|</Writer>
  <absolute_number>7</absolute_number>
  <filename>episodes/74205/141251.jpg</filename>
  <lastupdated>1294072941</lastupdated>
  <seasonid>7109</seasonid>
  <seriesid>74205</seriesid>
</Episode>
<Episode>
  <id>141252</id>
  <Combined_episodenumber>8.0</Combined_episodenumber>
  <Combined_season>1</Combined_season>
  <DVD_chapter></DVD_chapter>
  <DVD_discid></DVD_discid>
  <DVD_episodenumber>8.0</DVD_episodenumber>
  <DVD_season>1</DVD_season>
  <Director>|Phil Alden Robinson|</Director>
  <EpImgFlag>2</EpImgFlag>
  <EpisodeName>The Last Patrol</EpisodeName>
  <EpisodeNumber>8</EpisodeNumber>
  <FirstAired>2001-10-21</FirstAired>
  <GuestStars>|Colin Hanks|Eion Bailey|Jamie Bamber|Andrew Lee Potts|Kieran O'Brien|Christoph Dostal|Martin Arno|Colin Ridgewell|Brian Ethan Tyler|</GuestStars>
  <IMDB_ID>tt1247469</IMDB_ID>
  <Language>en</Language>
  <Overview>Easy Company carries out a dangerous mission in Haguenau as David Webster (who narrates this episode) returns from a hospital. Together with new replacement 2nd Lt. Jones, he eventually (re)integrates with the other soldiers, whose experiences at Bastogne have made them weary and closed off from Webster due to the fact he didn't try and leave hospital early unlike other soldiers in the company. At the end of the episode, Captain Winters is promoted to Major, and Lipton is promoted to 2nd Lt. </Overview>
  <ProductionCode></ProductionCode>
  <Rating>8.5</Rating>
  <RatingCount>69</RatingCount>
  <SeasonNumber>1</SeasonNumber>
  <Writer>|Erik Jendresen|</Writer>
  <absolute_number>8</absolute_number>
  <filename>episodes/74205/141252.jpg</filename>
  <lastupdated>1294072975</lastupdated>
  <seasonid>7109</seasonid>
  <seriesid>74205</seriesid>
</Episode>
<Episode>
  <id>141253</id>
  <Combined_episodenumber>9.0</Combined_episodenumber>
  <Combined_season>1</Combined_season>
  <DVD_chapter></DVD_chapter>
  <DVD_discid></DVD_discid>
  <DVD_episodenumber>9.0</DVD_episodenumber>
  <DVD_season>1</DVD_season>
  <Director>|Phil Alden Robinson|</Director>
  <EpImgFlag>2</EpImgFlag>
  <EpisodeName>Why We Fight</EpisodeName>
  <EpisodeNumber>9</EpisodeNumber>
  <FirstAired>2001-10-28</FirstAired>
  <GuestStars>|Christian Malcolm|</GuestStars>
  <IMDB_ID>tt1247470</IMDB_ID>
  <Language>en</Language>
  <Overview>As Nixon battles alcoholism, Easy Company enters Germany. A concentration camp near Landsberg is discovered by a patrol. This site leaves many soldiers both shocked and disgusted at what they're witnessing at the hands of the Nazi Germans. The episode was based on the liberation of Kaufering IV in the area of Hurlach. </Overview>
  <ProductionCode></ProductionCode>
  <Rating>8.7</Rating>
  <RatingCount>63</RatingCount>
  <SeasonNumber>1</SeasonNumber>
  <Writer>|Erik Jendresen|</Writer>
  <absolute_number>9</absolute_number>
  <filename>episodes/74205/141253.jpg</filename>
  <lastupdated>1294073009</lastupdated>
  <seasonid>7109</seasonid>
  <seriesid>74205</seriesid>
</Episode>
<Episode>
  <id>141254</id>
  <Combined_episodenumber>10.0</Combined_episodenumber>
  <Combined_season>1</Combined_season>
  <DVD_chapter></DVD_chapter>
  <DVD_discid></DVD_discid>
  <DVD_episodenumber>10.0</DVD_episodenumber>
  <DVD_season>1</DVD_season>
  <Director>|Mikael Salomon|</Director>
  <EpImgFlag>2</EpImgFlag>
  <EpisodeName>Points</EpisodeName>
  <EpisodeNumber>10</EpisodeNumber>
  <FirstAired>2001-11-04</FirstAired>
  <GuestStars>|Christian Malcolm|Johnson|Matt Hickey|Tom Hardy|Wolf Kahler|Dan van Husen|Jason Dore|Jonjo O'Neill|Joe Villa|Paul Herzberg|Philip Rham|Dirk Galuba|Milo Twomey|Rupert Wickham|David Schwimmer|</GuestStars>
  <IMDB_ID>tt1247466</IMDB_ID>
  <Language>en</Language>
  <Overview>Easy Company enters the Bavarian town of Berchtesgaden, once home to Hitler's top officers. They find the town deserted and rush on to capture Hitler's famed &quot;Eagle's Nest&quot; before the French can get there. Here they learn of the German army's surrender.

Amid the celebrations, Winters brings his friend Cpt. Nixon to Herman Goring's house, where he presents a &quot;gift&quot; of Goring's impressive liquor collection. The company moves on to Austria, where they learn that those without enough &quot;points&quot;, awarded for combat experience, will be sent to fight in the Pacific. Despite all that they've been through, few of the men are eligible to go home.

Winters and Nixon request an immediate transfer to a unit that is going to the Pacific, but they are denied. Winters continues to work to keep the men of his company out of harm's way. Meanwhile, the troops are restless. Liebgott takes Webster to the home of a man he believes was a labor camp Commandant. Despite Webster's concern about Liebgott's lack of proof, when the man tries to escape, he is killed. As the occupation of Zell Am See, Austria continues, one member of the company is killed in a car accident and another is shot in the head by a drunken soldier from another Company. As Winters explains in his narration, &quot;They didn't have the points. What they did have were weapons, alcohol, and too much time on their hands&quot;. Thus, even after the official fighting was over, tragedies still occurred and some brave souls only made it home in a pine box. That said, the series ends with the happy news that the Japanese have surrendered, and the surviving men of Easy Company can return home.</Overview>
  <ProductionCode></ProductionCode>
  <Rating>9.1</Rating>
  <RatingCount>72</RatingCount>
  <SeasonNumber>1</SeasonNumber>
  <Writer>|Not Available|</Writer>
  <absolute_number>10</absolute_number>
  <filename>episodes/74205/141254.jpg</filename>
  <lastupdated>1294073042</lastupdated>
  <seasonid>7109</seasonid>
  <seriesid>74205</seriesid>
</Episode>
</Data>