<?xml version="1.0" encoding="UTF-8" ?>
<Data><Series>
  <id>73302</id>
  <Actors>|Becky Thyre|Billy West|Jason Sklar|Jean Smart|Jeannie Elias|Lea DeLaria|Pamela Segall|Randy Sklar|Will Ferrell|</Actors>
  <Airs_DayOfWeek></Airs_DayOfWeek>
  <Airs_Time></Airs_Time>
  <ContentRating>TV-PG</ContentRating>
  <FirstAired>2001-04-01</FirstAired>
  <Genre>|Animation|Comedy|</Genre>
  <IMDB_ID>tt0219446</IMDB_ID>
  <Language>en</Language>
  <Network>The WB</Network>
  <NetworkID></NetworkID>
  <Overview>The tight-knit Oblong clan lives in Hill Valley, a toxic valley downstream from your typical industrial waste site, which has caused a variety of bizarre physical and emotional abnormalities. At the head of the dinner table is the loving, limbless, tirelessly upbeat patriarch Bob Oblong and his adoring, alcohol-and-tobacco-addicted, bald-but-beautifully-wigged wife Pickles, who frequents the Rusty Bucket bar, owned by transexual Anita Bidet (who was originally to be named Sofonda Cox!). The family includes their conjoined twin sons Biff and Chip, who share three legs and three buttocks, but can't seem to agree on anything; sweet, tattling, 4-year-old daughter Beth, sporting a cucumber-like growth sprouting from her head; and youngest son Milo, a one-haired optimist who has every childhood emotional disorder and behavioral problem ever diagnosed. Other members of the family include Bob's mother, Grammy, who's a vegetable; Milo's narcoleptic scottie dog, Scottie; and the chain-smoki</Overview>
  <Rating>8.6</Rating>
  <RatingCount>8</RatingCount>
  <Runtime>30</Runtime>
  <SeriesID>2255</SeriesID>
  <SeriesName>The Oblongs</SeriesName>
  <Status>Ended</Status>
  <added></added>
  <addedBy></addedBy>
  <banner>graphical/2255-g.jpg</banner>
  <fanart>fanart/original/73302-2.jpg</fanart>
  <lastupdated>1364417380</lastupdated>
  <poster>posters/73302-2.jpg</poster>
  <zap2it_id>SH431018</zap2it_id>
</Series>
<Episode>
  <id>2287351</id>
  <Combined_episodenumber>1.0</Combined_episodenumber>
  <Combined_season>0</Combined_season>
  <DVD_chapter></DVD_chapter>
  <DVD_discid></DVD_discid>
  <DVD_episodenumber>1.0</DVD_episodenumber>
  <DVD_season>0</DVD_season>
  <Director></Director>
  <EpImgFlag></EpImgFlag>
  <EpisodeName>It's an Oblong World</EpisodeName>
  <EpisodeNumber>1</EpisodeNumber>
  <FirstAired></FirstAired>
  <GuestStars></GuestStars>
  <IMDB_ID></IMDB_ID>
  <Language>en</Language>
  <Overview></Overview>
  <ProductionCode></ProductionCode>
  <Rating></Rating>
  <RatingCount>0</RatingCount>
  <SeasonNumber>0</SeasonNumber>
  <Writer></Writer>
  <absolute_number></absolute_number>
  <airsafter_season></airsafter_season>
  <airsbefore_episode></airsbefore_episode>
  <airsbefore_season></airsbefore_season>
  <filename></filename>
  <lastupdated>1363131890</lastupdated>
  <seasonid>20766</seasonid>
  <seriesid>73302</seriesid>
</Episode>
<Episode>
  <id>2287361</id>
  <Combined_episodenumber>2.0</Combined_episodenumber>
  <Combined_season>0</Combined_season>
  <DVD_chapter></DVD_chapter>
  <DVD_discid></DVD_discid>
  <DVD_episodenumber>2.0</DVD_episodenumber>
  <DVD_season>0</DVD_season>
  <Director></Director>
  <EpImgFlag></EpImgFlag>
  <EpisodeName>The Art of the Oblongs</EpisodeName>
  <EpisodeNumber>2</EpisodeNumber>
  <FirstAired></FirstAired>
  <GuestStars></GuestStars>
  <IMDB_ID></IMDB_ID>
  <Language>en</Language>
  <Overview></Overview>
  <ProductionCode></ProductionCode>
  <Rating></Rating>
  <RatingCount>0</RatingCount>
  <SeasonNumber>0</SeasonNumber>
  <Writer></Writer>
  <absolute_number></absolute_number>
  <airsafter_season></airsafter_season>
  <airsbefore_episode></airsbefore_episode>
  <airsbefore_season></airsbefore_season>
  <filename></filename>
  <lastupdated>1363131850</lastupdated>
  <seasonid>20766</seasonid>
  <seriesid>73302</seriesid>
</Episode>
<Episode>
  <id>2287371</id>
  <Combined_episodenumber>3.0</Combined_episodenumber>
  <Combined_season>0</Combined_season>
  <DVD_chapter></DVD_chapter>
  <DVD_discid></DVD_discid>
  <DVD_episodenumber>3.0</DVD_episodenumber>
  <DVD_season>0</DVD_season>
  <Director></Director>
  <EpImgFlag></EpImgFlag>
  <EpisodeName>An Oblong Picture Book</EpisodeName>
  <EpisodeNumber>3</EpisodeNumber>
  <FirstAired></FirstAired>
  <GuestStars></GuestStars>
  <IMDB_ID></IMDB_ID>
  <Language>en</Language>
  <Overview></Overview>
  <ProductionCode></ProductionCode>
  <Rating></Rating>
  <RatingCount>0</RatingCount>
  <SeasonNumber>0</SeasonNumber>
  <Writer></Writer>
  <absolute_number></absolute_number>
  <airsafter_season></airsafter_season>
  <airsbefore_episode></airsbefore_episode>
  <airsbefore_season></airsbefore_season>
  <filename></filename>
  <lastupdated>1363131858</lastupdated>
  <seasonid>20766</seasonid>
  <seriesid>73302</seriesid>
</Episode>
<Episode>
  <id>2332181</id>
  <Combined_episodenumber>4.0</Combined_episodenumber>
  <Combined_season>0</Combined_season>
  <DVD_chapter></DVD_chapter>
  <DVD_discid></DVD_discid>
  <DVD_episodenumber>4.0</DVD_episodenumber>
  <DVD_season>0</DVD_season>
  <Director></Director>
  <EpImgFlag></EpImgFlag>
  <EpisodeName>Story of the Creator and Actors</EpisodeName>
  <EpisodeNumber>4</EpisodeNumber>
  <FirstAired></FirstAired>
  <GuestStars></GuestStars>
  <IMDB_ID></IMDB_ID>
  <Language>en</Language>
  <Overview></Overview>
  <ProductionCode></ProductionCode>
  <Rating></Rating>
  <RatingCount>0</RatingCount>
  <SeasonNumber>0</SeasonNumber>
  <Writer></Writer>
  <absolute_number></absolute_number>
  <airsafter_season></airsafter_season>
  <airsbefore_episode></airsbefore_episode>
  <airsbefore_season></airsbefore_season>
  <filename></filename>
  <lastupdated>1363131867</lastupdated>
  <seasonid>20766</seasonid>
  <seriesid>73302</seriesid>
</Episode>
<Episode>
  <id>2332191</id>
  <Combined_episodenumber>5.0</Combined_episodenumber>
  <Combined_season>0</Combined_season>
  <DVD_chapter></DVD_chapter>
  <DVD_discid></DVD_discid>
  <DVD_episodenumber>5.0</DVD_episodenumber>
  <DVD_season>0</DVD_season>
  <Director></Director>
  <EpImgFlag></EpImgFlag>
  <EpisodeName>'This Is Helga' Short</EpisodeName>
  <EpisodeNumber>5</EpisodeNumber>
  <FirstAired></FirstAired>
  <GuestStars></GuestStars>
  <IMDB_ID></IMDB_ID>
  <Language>en</Language>
  <Overview></Overview>
  <ProductionCode></ProductionCode>
  <Rating></Rating>
  <RatingCount>0</RatingCount>
  <SeasonNumber>0</SeasonNumber>
  <Writer></Writer>
  <absolute_number></absolute_number>
  <airsafter_season></airsafter_season>
  <airsbefore_episode></airsbefore_episode>
  <airsbefore_season></airsbefore_season>
  <filename></filename>
  <lastupdated>1363131877</lastupdated>
  <seasonid>20766</seasonid>
  <seriesid>73302</seriesid>
</Episode>
<Episode>
  <id>111878</id>
  <Combined_episodenumber>1.0</Combined_episodenumber>
  <Combined_season>1</Combined_season>
  <DVD_chapter></DVD_chapter>
  <DVD_discid></DVD_discid>
  <DVD_episodenumber>1.0</DVD_episodenumber>
  <DVD_season>1</DVD_season>
  <Director>|Vincent Waller|</Director>
  <EpImgFlag>1</EpImgFlag>
  <EpisodeName>Misfit Love</EpisodeName>
  <EpisodeNumber>1</EpisodeNumber>
  <FirstAired>2001-04-01</FirstAired>
  <GuestStars>|Laraine Newman|</GuestStars>
  <IMDB_ID></IMDB_ID>
  <Language>en</Language>
  <Overview>Bob learns that the family may lose their medical coverage, so he urges the family to be extra careful.  Milo brainstorms and realizes that if he gets hurt, he'll get to transfer out of the school for freaks, and go to &quot;normal school&quot; with his friends.  So Helga sets out to injure him -- but there's really no need once Pickles inadvertently sends Biff and Chip to the emergency room.  As a result, Milo gets to transfer to regular school, where he falls in love with Yvette, a girl who's literally out of this world.</Overview>
  <ProductionCode>236-001</ProductionCode>
  <Rating>7.0</Rating>
  <RatingCount>1</RatingCount>
  <SeasonNumber>1</SeasonNumber>
  <Writer>|Jace Richdale|</Writer>
  <absolute_number></absolute_number>
  <filename>episodes/73302/111878.jpg</filename>
  <lastupdated>1298642880</lastupdated>
  <seasonid>5605</seasonid>
  <seriesid>73302</seriesid>
</Episode>
<Episode>
  <id>111879</id>
  <Combined_episodenumber>2.0</Combined_episodenumber>
  <Combined_season>1</Combined_season>
  <DVD_chapter></DVD_chapter>
  <DVD_discid></DVD_discid>
  <DVD_episodenumber>2.0</DVD_episodenumber>
  <DVD_season>1</DVD_season>
  <Director>|Bob Jaques|</Director>
  <EpImgFlag>1</EpImgFlag>
  <EpisodeName>Narcoleptic Scottie</EpisodeName>
  <EpisodeNumber>2</EpisodeNumber>
  <FirstAired>2001-04-08</FirstAired>
  <GuestStars>|Laraine Newman|</GuestStars>
  <IMDB_ID></IMDB_ID>
  <Language>en</Language>
  <Overview>Milo soon grows attached to a stray Scottie dog the Oblongs take in, but the pet brings out the animal in the hyperactive boy, and the family gives the pooch away to Bob's boss, George, thinking he'll have a good home.  But when his new owners soon tire of him, Scottie finds himself in an animal testing lab, sniffing perfume with narcoleptic side effects.  So the Oblongs set out to rescue Scottie before it's too late.</Overview>
  <ProductionCode>236-003</ProductionCode>
  <Rating>6.0</Rating>
  <RatingCount>1</RatingCount>
  <SeasonNumber>1</SeasonNumber>
  <Writer>|Scott Buck|</Writer>
  <absolute_number></absolute_number>
  <filename>episodes/73302/111879.jpg</filename>
  <lastupdated>1298642887</lastupdated>
  <seasonid>5605</seasonid>
  <seriesid>73302</seriesid>
</Episode>
<Episode>
  <id>111880</id>
  <Combined_episodenumber>3.0</Combined_episodenumber>
  <Combined_season>1</Combined_season>
  <DVD_chapter></DVD_chapter>
  <DVD_discid></DVD_discid>
  <DVD_episodenumber>3.0</DVD_episodenumber>
  <DVD_season>1</DVD_season>
  <Director>|Kelly Armstrong|</Director>
  <EpImgFlag>1</EpImgFlag>
  <EpisodeName>Milo Interrupted</EpisodeName>
  <EpisodeNumber>3</EpisodeNumber>
  <FirstAired>2001-04-15</FirstAired>
  <GuestStars>|Mark Hamill|Susan Krebs|Laraine Newman|</GuestStars>
  <IMDB_ID></IMDB_ID>
  <Language>en</Language>
  <Overview>After a disturbance in the Hills is blamed on Valley kids, the Valley's mayor appoints a child-services czar to improve parenting skills. Elsewhere, Milo learns that his freaky friend Helga has been abandoned by her parents and he is forced to spend every evening with his lonely pal.  But Bob and Pickles suspect their son's late-night antics may be because he is on drugs... more than his numerous prescribed pharmaceuticals, that is.  And Chip and Biff walk in on their parents at the wrong time. . .and end up having to scrub their corneas.</Overview>
  <ProductionCode>236-009</ProductionCode>
  <Rating>7.0</Rating>
  <RatingCount>1</RatingCount>
  <SeasonNumber>1</SeasonNumber>
  <Writer>|Ben Kull|</Writer>
  <absolute_number></absolute_number>
  <filename>episodes/73302/111880.jpg</filename>
  <lastupdated>1298642897</lastupdated>
  <seasonid>5605</seasonid>
  <seriesid>73302</seriesid>
</Episode>
<Episode>
  <id>111881</id>
  <Combined_episodenumber>4.0</Combined_episodenumber>
  <Combined_season>1</Combined_season>
  <DVD_chapter></DVD_chapter>
  <DVD_discid></DVD_discid>
  <DVD_episodenumber>4.0</DVD_episodenumber>
  <DVD_season>1</DVD_season>
  <Director>|Joe Horne|</Director>
  <EpImgFlag>1</EpImgFlag>
  <EpisodeName>Bucketheads</EpisodeName>
  <EpisodeNumber>4</EpisodeNumber>
  <FirstAired>2001-04-22</FirstAired>
  <GuestStars>|Maurice LaMarche|Laraine Newman|</GuestStars>
  <IMDB_ID></IMDB_ID>
  <Language>en</Language>
  <Overview>To keep dry in the rain, Pickles puts a bucket on Milo's head and sends him off to school.  Funzie, the cool guy, thinks Milo's bucket is hip, so the next day, everyone's wearing a bucket on their heads.  Milo finds himself running with the in-crowd, so he sets out to launch a strange new line of apparel -- with disastrous results.</Overview>
  <ProductionCode>236-011</ProductionCode>
  <Rating>7.0</Rating>
  <RatingCount>1</RatingCount>
  <SeasonNumber>1</SeasonNumber>
  <Writer>|Scott Buck|</Writer>
  <absolute_number></absolute_number>
  <filename>episodes/73302/111881.jpg</filename>
  <lastupdated>1298642905</lastupdated>
  <seasonid>5605</seasonid>
  <seriesid>73302</seriesid>
</Episode>
<Episode>
  <id>111882</id>
  <Combined_episodenumber>5.0</Combined_episodenumber>
  <Combined_season>1</Combined_season>
  <DVD_chapter></DVD_chapter>
  <DVD_discid></DVD_discid>
  <DVD_episodenumber>5.0</DVD_episodenumber>
  <DVD_season>1</DVD_season>
  <Director>|Monte Young|</Director>
  <EpImgFlag>1</EpImgFlag>
  <EpisodeName>Heroine Addict</EpisodeName>
  <EpisodeNumber>5</EpisodeNumber>
  <FirstAired>2001-04-29</FirstAired>
  <GuestStars>|Maurice LaMarche|Jim Ward|Debra Wilson|</GuestStars>
  <IMDB_ID></IMDB_ID>
  <Language>en</Language>
  <Overview>Pickles decides to quit smoking, but she replaces one addiction with another when she channels her nervous energy into becoming a reckless thrill-seeker. Her decision comes much to the dismay of Bob, who worries about her safety, and Milo, who resents her unseating him as the crazy one in the family.</Overview>
  <ProductionCode>236-013</ProductionCode>
  <Rating>6.0</Rating>
  <RatingCount>1</RatingCount>
  <SeasonNumber>1</SeasonNumber>
  <Writer>|Jill Soloway|Scott Buck|</Writer>
  <absolute_number></absolute_number>
  <filename>episodes/73302/111882.jpg</filename>
  <lastupdated>1298642911</lastupdated>
  <seasonid>5605</seasonid>
  <seriesid>73302</seriesid>
</Episode>
<Episode>
  <id>111883</id>
  <Combined_episodenumber>6.0</Combined_episodenumber>
  <Combined_season>1</Combined_season>
  <DVD_chapter></DVD_chapter>
  <DVD_discid></DVD_discid>
  <DVD_episodenumber>6.0</DVD_episodenumber>
  <DVD_season>1</DVD_season>
  <Director>|Linda Miller|</Director>
  <EpImgFlag>1</EpImgFlag>
  <EpisodeName>The Golden Child</EpisodeName>
  <EpisodeNumber>6</EpisodeNumber>
  <FirstAired>2001-05-06</FirstAired>
  <GuestStars>|Maurice LaMarche|</GuestStars>
  <IMDB_ID></IMDB_ID>
  <Language>en</Language>
  <Overview>Bob fears his career is going nowhere.  That is, until marketing genius Milo's sales take off for his new energy drink, &quot;Manic,&quot; which improves Bob's co-workers' productivity.  But the real secret of his success is found out when Bob's company anoints Milo as their new CEO.</Overview>
  <ProductionCode>236-008</ProductionCode>
  <Rating></Rating>
  <RatingCount>0</RatingCount>
  <SeasonNumber>1</SeasonNumber>
  <Writer>|Leonard Dick|</Writer>
  <absolute_number></absolute_number>
  <filename>episodes/73302/111883.jpg</filename>
  <lastupdated>1298642916</lastupdated>
  <seasonid>5605</seasonid>
  <seriesid>73302</seriesid>
</Episode>
<Episode>
  <id>111884</id>
  <Combined_episodenumber>7.0</Combined_episodenumber>
  <Combined_season>1</Combined_season>
  <DVD_chapter></DVD_chapter>
  <DVD_discid></DVD_discid>
  <DVD_episodenumber>7.0</DVD_episodenumber>
  <DVD_season>1</DVD_season>
  <Director>|Monte Young|</Director>
  <EpImgFlag>1</EpImgFlag>
  <EpisodeName>Flush, Flush, Sweet Helga</EpisodeName>
  <EpisodeNumber>7</EpisodeNumber>
  <FirstAired>2001-05-13</FirstAired>
  <GuestStars>|Carrie Aizley|Jim Cummings|Phil LaMarr|Laraine Newman|</GuestStars>
  <IMDB_ID></IMDB_ID>
  <Language>en</Language>
  <Overview>Milo and his friends crash a party thrown for the Mayor's daughter, Debbie Bledsoe, and they cause the Debbie's new locket to be tossed into the sewer. The zaftig Helga goes after the gift and gets lodged in the pipe, plugging it up like a human cork. The hill people and rescuers work feverishly to rescue... the locket, and leave Helga blocking the main water line -- just one flush away from the great beyond.  Helga causes a disruption in the water supply to valley, but the hill people pay no attention -- until their water is cut off too.</Overview>
  <ProductionCode>236-005</ProductionCode>
  <Rating>7.0</Rating>
  <RatingCount>1</RatingCount>
  <SeasonNumber>1</SeasonNumber>
  <Writer>|Jace Richdale|</Writer>
  <absolute_number></absolute_number>
  <filename>episodes/73302/111884.jpg</filename>
  <lastupdated>1298642921</lastupdated>
  <seasonid>5605</seasonid>
  <seriesid>73302</seriesid>
</Episode>
<Episode>
  <id>111885</id>
  <Combined_episodenumber>8.0</Combined_episodenumber>
  <Combined_season>1</Combined_season>
  <DVD_chapter></DVD_chapter>
  <DVD_discid></DVD_discid>
  <DVD_episodenumber>8.0</DVD_episodenumber>
  <DVD_season>1</DVD_season>
  <Director>|Joe Horne|</Director>
  <EpImgFlag>3</EpImgFlag>
  <EpisodeName>Disfigured Debbie</EpisodeName>
  <EpisodeNumber>8</EpisodeNumber>
  <FirstAired>2001-05-20</FirstAired>
  <GuestStars>|Carrie Aizley|Laraine Newman|Debra Wilson|</GuestStars>
  <IMDB_ID></IMDB_ID>
  <Language>en</Language>
  <Overview>Milo runs for school president against Debbie Klimer, leader of the snobby Debbies, and he loses -- but then his opponent suffers a freak accident.  The Klimer family fakes young Debbie's death while she goes under the plastic surgeon's knife, but the operation is less than successful and Debbie returns looking like The Phantom of the Opera.  Shunned by her upscale family and friends, The Oblong clan and the valley kids take in the reject Debbie as one of their own.  But when Debbie's cheerfulness starts getting on everyone's nerves, the valley kids turn to the freakish school nurse to get Debbie back with the in-crowd.</Overview>
  <ProductionCode>236-002</ProductionCode>
  <Rating></Rating>
  <RatingCount>0</RatingCount>
  <SeasonNumber>1</SeasonNumber>
  <Writer>|Jill Soloway|</Writer>
  <absolute_number></absolute_number>
  <filename>episodes/73302/111885.jpg</filename>
  <lastupdated>1298642927</lastupdated>
  <seasonid>5605</seasonid>
  <seriesid>73302</seriesid>
</Episode>
<Episode>
  <id>111886</id>
  <Combined_episodenumber>9.0</Combined_episodenumber>
  <Combined_season>1</Combined_season>
  <DVD_chapter></DVD_chapter>
  <DVD_discid></DVD_discid>
  <DVD_episodenumber>9.0</DVD_episodenumber>
  <DVD_season>1</DVD_season>
  <Director>|Skip Jones|</Director>
  <EpImgFlag>1</EpImgFlag>
  <EpisodeName>Pickles' Little Amazons</EpisodeName>
  <EpisodeNumber>1</EpisodeNumber>
  <FirstAired>2002-08-25</FirstAired>
  <GuestStars>|Jim Cummings|Laraine Newman|</GuestStars>
  <IMDB_ID></IMDB_ID>
  <Language>en</Language>
  <Overview>When Pickles is convicted of being an unfit mother, her punishment is having to do community service -- as the leader of a Girl-Scout-like group called The Little Amazons.  When it's brought to her attention that her group is short one girl, Pickles comes up with a solution -- putting Milo in drag.</Overview>
  <ProductionCode>236-004</ProductionCode>
  <Rating></Rating>
  <RatingCount>0</RatingCount>
  <SeasonNumber>2</SeasonNumber>
  <Writer>|Ben Kull|</Writer>
  <absolute_number></absolute_number>
  <filename>episodes/73302/111886.jpg</filename>
  <lastupdated>1298642946</lastupdated>
  <seasonid>5606</seasonid>
  <seriesid>73302</seriesid>
</Episode>
<Episode>
  <id>111887</id>
  <Combined_episodenumber>10.0</Combined_episodenumber>
  <Combined_season>1</Combined_season>
  <DVD_chapter></DVD_chapter>
  <DVD_discid></DVD_discid>
  <DVD_episodenumber>10.0</DVD_episodenumber>
  <DVD_season>1</DVD_season>
  <Director>|Jack Dyer|</Director>
  <EpImgFlag>3</EpImgFlag>
  <EpisodeName>Get Off My Back</EpisodeName>
  <EpisodeNumber>2</EpisodeNumber>
  <FirstAired>2002-09-08</FirstAired>
  <GuestStars>|Jim Cummings|</GuestStars>
  <IMDB_ID></IMDB_ID>
  <Language>en</Language>
  <Overview>Everyone is excited about Dump Day -- the day when the Valley people get to loot the stuff the Hill people have thrown away.</Overview>
  <ProductionCode>236-006</ProductionCode>
  <Rating></Rating>
  <RatingCount>0</RatingCount>
  <SeasonNumber>2</SeasonNumber>
  <Writer>|Eric Friedman|</Writer>
  <absolute_number></absolute_number>
  <filename>episodes/73302/111887.jpg</filename>
  <lastupdated>1298642959</lastupdated>
  <seasonid>5606</seasonid>
  <seriesid>73302</seriesid>
</Episode>
<Episode>
  <id>111888</id>
  <Combined_episodenumber>11.0</Combined_episodenumber>
  <Combined_season>1</Combined_season>
  <DVD_chapter></DVD_chapter>
  <DVD_discid></DVD_discid>
  <DVD_episodenumber>11.0</DVD_episodenumber>
  <DVD_season>1</DVD_season>
  <Director></Director>
  <EpImgFlag>3</EpImgFlag>
  <EpisodeName>Please Be Genital</EpisodeName>
  <EpisodeNumber>3</EpisodeNumber>
  <FirstAired>2002-09-15</FirstAired>
  <GuestStars></GuestStars>
  <IMDB_ID></IMDB_ID>
  <Language>en</Language>
  <Overview>When Bob's coworker, James, orders a mail-order-bride on eBay, he throws a bachelor party at a strip club -- which Bob mistakes for a &quot;colonial themed steakhouse.&quot; Bob accidentally ends up on stage and a stripper steps on his &quot;family jewels.&quot; He goes to the doctor, who says he can't have sex for two weeks.</Overview>
  <ProductionCode>236-007</ProductionCode>
  <Rating></Rating>
  <RatingCount>0</RatingCount>
  <SeasonNumber>2</SeasonNumber>
  <Writer>|Leonard Dick|</Writer>
  <absolute_number></absolute_number>
  <filename>episodes/73302/111888.jpg</filename>
  <lastupdated>1298642965</lastupdated>
  <seasonid>5606</seasonid>
  <seriesid>73302</seriesid>
</Episode>
<Episode>
  <id>111889</id>
  <Combined_episodenumber>12.0</Combined_episodenumber>
  <Combined_season>1</Combined_season>
  <DVD_chapter></DVD_chapter>
  <DVD_discid></DVD_discid>
  <DVD_episodenumber>12.0</DVD_episodenumber>
  <DVD_season>1</DVD_season>
  <Director>|Vincent Waller|</Director>
  <EpImgFlag>3</EpImgFlag>
  <EpisodeName>My Name is Robbie</EpisodeName>
  <EpisodeNumber>4</EpisodeNumber>
  <FirstAired>2002-10-06</FirstAired>
  <GuestStars>|Charlie Adler|Tom Kenny|</GuestStars>
  <IMDB_ID></IMDB_ID>
  <Language>en</Language>
  <Overview>A freak accident at a Globicide-owned amusement park leaves Bob unable to use his mouth.  Out of compassion (and at the advice of their lawyers), the people at Globicide build him a robotic suit with limbs that he can use to perform his duties.</Overview>
  <ProductionCode>236-010</ProductionCode>
  <Rating>7.0</Rating>
  <RatingCount>1</RatingCount>
  <SeasonNumber>2</SeasonNumber>
  <Writer>|Jill Soloway|</Writer>
  <absolute_number></absolute_number>
  <filename>episodes/73302/111889.jpg</filename>
  <lastupdated>1298642970</lastupdated>
  <seasonid>5606</seasonid>
  <seriesid>73302</seriesid>
</Episode>
<Episode>
  <id>111890</id>
  <Combined_episodenumber>13.0</Combined_episodenumber>
  <Combined_season>1</Combined_season>
  <DVD_chapter></DVD_chapter>
  <DVD_discid></DVD_discid>
  <DVD_episodenumber>13.0</DVD_episodenumber>
  <DVD_season>1</DVD_season>
  <Director>|Michael Kim|Bob Jacques|</Director>
  <EpImgFlag>3</EpImgFlag>
  <EpisodeName>Father of the Bribe</EpisodeName>
  <EpisodeNumber>5</EpisodeNumber>
  <FirstAired>2002-10-20</FirstAired>
  <GuestStars>|Maurice LaMarche|Laraine Newman|</GuestStars>
  <IMDB_ID></IMDB_ID>
  <Language>en</Language>
  <Overview>Biff and Chip finally get their driver's license -- and end up smashing Bob's car.  To make it up to their Dad, the male siblings chip in to buy a new car at an auction.</Overview>
  <ProductionCode>236-012</ProductionCode>
  <Rating></Rating>
  <RatingCount>0</RatingCount>
  <SeasonNumber>2</SeasonNumber>
  <Writer>|Eric Friedman|</Writer>
  <absolute_number></absolute_number>
  <filename>episodes/73302/111890.jpg</filename>
  <lastupdated>1298642975</lastupdated>
  <seasonid>5606</seasonid>
  <seriesid>73302</seriesid>
</Episode>
</Data>