<?xml version="1.0" encoding="UTF-8" ?>
<Actors>
<Actor>
  <id>102561</id>
  <Image>actors/102561.jpg</Image>
  <Name>Jason Schwartzman</Name>
  <Role>Jonathan</Role>
  <SortOrder>0</SortOrder>
</Actor>
<Actor>
  <id>102571</id>
  <Image>actors/102571.jpg</Image>
  <Name>Ted Danson</Name>
  <Role>George</Role>
  <SortOrder>1</SortOrder>
</Actor>
<Actor>
  <id>102581</id>
  <Image>actors/102581.jpg</Image>
  <Name>Zach Galifianakis</Name>
  <Role>Ray</Role>
  <SortOrder>2</SortOrder>
</Actor>
<Actor>
  <id>146801</id>
  <Image>actors/146801.jpg</Image>
  <Name></Name>
  <Role></Role>
  <SortOrder>3</SortOrder>
</Actor>
<Actor>
  <id>146791</id>
  <Image>actors/146791.jpg</Image>
  <Name>Heather Burns</Name>
  <Role>Leah</Role>
  <SortOrder>3</SortOrder>
</Actor>
</Actors>