<?xml version="1.0" encoding="UTF-8" ?>
<Data><Series>
  <id>104641</id>
  <Actors>|Jason Schwartzman|Ted Danson|Zach Galifianakis||Heather Burns|</Actors>
  <Airs_DayOfWeek>Monday</Airs_DayOfWeek>
  <Airs_Time>9:00 PM</Airs_Time>
  <ContentRating>TV-MA</ContentRating>
  <FirstAired>2009-09-20</FirstAired>
  <Genre>|Comedy|Crime|</Genre>
  <IMDB_ID>tt1255913</IMDB_ID>
  <Language>en</Language>
  <Network>HBO</Network>
  <NetworkID></NetworkID>
  <Overview>Jonathan Ames, a young Brooklyn writer, is feeling lost. He's just gone through a painful break-up, thanks in part to his drinking, can't write his second novel, and carouses too much with his magazine editor. Rather than face reality, Jonathan turns instead to his fantasies moonlighting as a private detective because he wants to be a hero and a man of action.</Overview>
  <Rating>8.4</Rating>
  <RatingCount>47</RatingCount>
  <Runtime>30</Runtime>
  <SeriesID>75786</SeriesID>
  <SeriesName>Bored to Death</SeriesName>
  <Status>Ended</Status>
  <added>2009-07-16 15:19:32</added>
  <addedBy>758</addedBy>
  <banner>graphical/104641-g2.jpg</banner>
  <fanart>fanart/original/104641-5.jpg</fanart>
  <lastupdated>1364611126</lastupdated>
  <poster>posters/104641-6.jpg</poster>
  <zap2it_id>SH01173055</zap2it_id>
</Series>
<Episode>
  <id>1078951</id>
  <Combined_episodenumber>1</Combined_episodenumber>
  <Combined_season>0</Combined_season>
  <DVD_chapter></DVD_chapter>
  <DVD_discid></DVD_discid>
  <DVD_episodenumber></DVD_episodenumber>
  <DVD_season></DVD_season>
  <Director></Director>
  <EpImgFlag></EpImgFlag>
  <EpisodeName>Making Bored to Death</EpisodeName>
  <EpisodeNumber>1</EpisodeNumber>
  <FirstAired>2009-09-01</FirstAired>
  <GuestStars></GuestStars>
  <IMDB_ID></IMDB_ID>
  <Language>en</Language>
  <Overview>Prior to the airing of the series, HBO serves a 13-minute behind-the-scenes look at the making of its new quirky comedy about a struggling thirty-something Brooklyn writer who pretends to be a private detective.</Overview>
  <ProductionCode></ProductionCode>
  <Rating></Rating>
  <RatingCount>0</RatingCount>
  <SeasonNumber>0</SeasonNumber>
  <Writer></Writer>
  <absolute_number></absolute_number>
  <airsafter_season></airsafter_season>
  <airsbefore_episode>1</airsbefore_episode>
  <airsbefore_season>1</airsbefore_season>
  <filename></filename>
  <lastupdated>1331737075</lastupdated>
  <seasonid>93611</seasonid>
  <seriesid>104641</seriesid>
</Episode>
<Episode>
  <id>1078931</id>
  <Combined_episodenumber>2</Combined_episodenumber>
  <Combined_season>0</Combined_season>
  <DVD_chapter></DVD_chapter>
  <DVD_discid></DVD_discid>
  <DVD_episodenumber></DVD_episodenumber>
  <DVD_season></DVD_season>
  <Director></Director>
  <EpImgFlag></EpImgFlag>
  <EpisodeName>Tour of Brooklyn with Jason Schwartzman and Jonathan Ames</EpisodeName>
  <EpisodeNumber>2</EpisodeNumber>
  <FirstAired>2009-09-18</FirstAired>
  <GuestStars></GuestStars>
  <IMDB_ID></IMDB_ID>
  <Language>en</Language>
  <Overview>In this 15-minute special, series lead actor Jason Schwartzman (Jonathan Ames) and show creator/writer Jonathan Ames take the audience to a guided tour of the famous New York City borough of Brooklyn, where the series is filmed.</Overview>
  <ProductionCode></ProductionCode>
  <Rating></Rating>
  <RatingCount>0</RatingCount>
  <SeasonNumber>0</SeasonNumber>
  <Writer></Writer>
  <absolute_number></absolute_number>
  <airsafter_season></airsafter_season>
  <airsbefore_episode>1</airsbefore_episode>
  <airsbefore_season>1</airsbefore_season>
  <filename></filename>
  <lastupdated>1331737079</lastupdated>
  <seasonid>93611</seasonid>
  <seriesid>104641</seriesid>
</Episode>
<Episode>
  <id>2968121</id>
  <Combined_episodenumber>3</Combined_episodenumber>
  <Combined_season>0</Combined_season>
  <DVD_chapter></DVD_chapter>
  <DVD_discid></DVD_discid>
  <DVD_episodenumber></DVD_episodenumber>
  <DVD_season></DVD_season>
  <Director></Director>
  <EpImgFlag></EpImgFlag>
  <EpisodeName>Deleted Scene: Season 1 Episode 3</EpisodeName>
  <EpisodeNumber>3</EpisodeNumber>
  <FirstAired></FirstAired>
  <GuestStars></GuestStars>
  <IMDB_ID></IMDB_ID>
  <Language>en</Language>
  <Overview>A deleted scene from Episode 3.</Overview>
  <ProductionCode></ProductionCode>
  <Rating></Rating>
  <RatingCount>0</RatingCount>
  <SeasonNumber>0</SeasonNumber>
  <Writer></Writer>
  <absolute_number></absolute_number>
  <airsafter_season></airsafter_season>
  <airsbefore_episode></airsbefore_episode>
  <airsbefore_season></airsbefore_season>
  <filename></filename>
  <lastupdated>1287026161</lastupdated>
  <seasonid>93611</seasonid>
  <seriesid>104641</seriesid>
</Episode>
<Episode>
  <id>2968131</id>
  <Combined_episodenumber>4</Combined_episodenumber>
  <Combined_season>0</Combined_season>
  <DVD_chapter></DVD_chapter>
  <DVD_discid></DVD_discid>
  <DVD_episodenumber></DVD_episodenumber>
  <DVD_season></DVD_season>
  <Director></Director>
  <EpImgFlag></EpImgFlag>
  <EpisodeName>Deleted Scene: Season 1 Episode 4</EpisodeName>
  <EpisodeNumber>4</EpisodeNumber>
  <FirstAired></FirstAired>
  <GuestStars></GuestStars>
  <IMDB_ID></IMDB_ID>
  <Language>en</Language>
  <Overview>A deleted scene from Episode 4.</Overview>
  <ProductionCode></ProductionCode>
  <Rating></Rating>
  <RatingCount>0</RatingCount>
  <SeasonNumber>0</SeasonNumber>
  <Writer></Writer>
  <absolute_number></absolute_number>
  <airsafter_season></airsafter_season>
  <airsbefore_episode></airsbefore_episode>
  <airsbefore_season></airsbefore_season>
  <filename></filename>
  <lastupdated>1287026189</lastupdated>
  <seasonid>93611</seasonid>
  <seriesid>104641</seriesid>
</Episode>
<Episode>
  <id>2968141</id>
  <Combined_episodenumber>5</Combined_episodenumber>
  <Combined_season>0</Combined_season>
  <DVD_chapter></DVD_chapter>
  <DVD_discid></DVD_discid>
  <DVD_episodenumber></DVD_episodenumber>
  <DVD_season></DVD_season>
  <Director></Director>
  <EpImgFlag></EpImgFlag>
  <EpisodeName>Deleted Scene: Season 1 Episode 8 - A</EpisodeName>
  <EpisodeNumber>5</EpisodeNumber>
  <FirstAired></FirstAired>
  <GuestStars></GuestStars>
  <IMDB_ID></IMDB_ID>
  <Language>en</Language>
  <Overview>A deleted scene from Episode 8.</Overview>
  <ProductionCode></ProductionCode>
  <Rating></Rating>
  <RatingCount>0</RatingCount>
  <SeasonNumber>0</SeasonNumber>
  <Writer></Writer>
  <absolute_number></absolute_number>
  <airsafter_season></airsafter_season>
  <airsbefore_episode></airsbefore_episode>
  <airsbefore_season></airsbefore_season>
  <filename></filename>
  <lastupdated>1287026213</lastupdated>
  <seasonid>93611</seasonid>
  <seriesid>104641</seriesid>
</Episode>
<Episode>
  <id>2968151</id>
  <Combined_episodenumber>6</Combined_episodenumber>
  <Combined_season>0</Combined_season>
  <DVD_chapter></DVD_chapter>
  <DVD_discid></DVD_discid>
  <DVD_episodenumber></DVD_episodenumber>
  <DVD_season></DVD_season>
  <Director></Director>
  <EpImgFlag></EpImgFlag>
  <EpisodeName>Deleted Scene: Season 1 Episode 8 - B</EpisodeName>
  <EpisodeNumber>6</EpisodeNumber>
  <FirstAired></FirstAired>
  <GuestStars></GuestStars>
  <IMDB_ID></IMDB_ID>
  <Language>en</Language>
  <Overview>A second deleted scene from Episode 8.</Overview>
  <ProductionCode></ProductionCode>
  <Rating></Rating>
  <RatingCount>0</RatingCount>
  <SeasonNumber>0</SeasonNumber>
  <Writer></Writer>
  <absolute_number></absolute_number>
  <airsafter_season></airsafter_season>
  <airsbefore_episode></airsbefore_episode>
  <airsbefore_season></airsbefore_season>
  <filename></filename>
  <lastupdated>1287026240</lastupdated>
  <seasonid>93611</seasonid>
  <seriesid>104641</seriesid>
</Episode>
<Episode>
  <id>1078961</id>
  <Combined_episodenumber>1.0</Combined_episodenumber>
  <Combined_season>1</Combined_season>
  <DVD_chapter></DVD_chapter>
  <DVD_discid></DVD_discid>
  <DVD_episodenumber>1.0</DVD_episodenumber>
  <DVD_season>1</DVD_season>
  <Director>Alan Taylor</Director>
  <EpImgFlag>2</EpImgFlag>
  <EpisodeName>Stockholm Syndrome</EpisodeName>
  <EpisodeNumber>1</EpisodeNumber>
  <FirstAired>2009-09-20</FirstAired>
  <GuestStars>Olivia Thirlby|Richard Short|Fiona Dourif|</GuestStars>
  <IMDB_ID>tt1442735</IMDB_ID>
  <Language>en</Language>
  <Overview>Broken up after his breakup with his girlfriend Suzanne, Jonathan Ames reads through Farewell My Lovely, his favorite book by Raymond Chandler. Enlivened by the novel, Ames places an online advertisement as an unlicensed private investigator. His first unwitting client who seeks his services is a 19-year-old girl looking for her missing sister.</Overview>
  <ProductionCode>101</ProductionCode>
  <Rating>7.3</Rating>
  <RatingCount>49</RatingCount>
  <SeasonNumber>1</SeasonNumber>
  <Writer>Jonathan Ames</Writer>
  <absolute_number>1</absolute_number>
  <filename>episodes/104641/1078961.jpg</filename>
  <lastupdated>1360971774</lastupdated>
  <seasonid>118781</seasonid>
  <seriesid>104641</seriesid>
</Episode>
<Episode>
  <id>1078971</id>
  <Combined_episodenumber>2.0</Combined_episodenumber>
  <Combined_season>1</Combined_season>
  <DVD_chapter></DVD_chapter>
  <DVD_discid></DVD_discid>
  <DVD_episodenumber>2.0</DVD_episodenumber>
  <DVD_season>1</DVD_season>
  <Director>Alan Taylor</Director>
  <EpImgFlag>2</EpImgFlag>
  <EpisodeName>The Alanon Case</EpisodeName>
  <EpisodeNumber>2</EpisodeNumber>
  <FirstAired>2009-09-27</FirstAired>
  <GuestStars>Olivia Thirlby|Kristen Wiig|Peter Hermann|Michael Potts|</GuestStars>
  <IMDB_ID>tt1442734</IMDB_ID>
  <Language>en</Language>
  <Overview>As Jonathan tries to mend his relationship with Suzanne, another case falls onto his lap. This time, he is tasked by a woman named Jennifer to gather proof of her boyfriend Gary's infidelity. Jonathan, who learns his new client loves to drink as much as he does, tracks down Gary and stumbles upon an unsatisfying outcome.</Overview>
  <ProductionCode>102</ProductionCode>
  <Rating>7.2</Rating>
  <RatingCount>42</RatingCount>
  <SeasonNumber>1</SeasonNumber>
  <Writer>Jonathan Ames</Writer>
  <absolute_number>2</absolute_number>
  <filename>episodes/104641/1078971.jpg</filename>
  <lastupdated>1360971763</lastupdated>
  <seasonid>118781</seasonid>
  <seriesid>104641</seriesid>
</Episode>
<Episode>
  <id>1078981</id>
  <Combined_episodenumber>3.0</Combined_episodenumber>
  <Combined_season>1</Combined_season>
  <DVD_chapter></DVD_chapter>
  <DVD_discid></DVD_discid>
  <DVD_episodenumber>3.0</DVD_episodenumber>
  <DVD_season>1</DVD_season>
  <Director>Michael Lehmann</Director>
  <EpImgFlag>2</EpImgFlag>
  <EpisodeName>The Case of the Missing Screenplay</EpisodeName>
  <EpisodeNumber>3</EpisodeNumber>
  <FirstAired>2009-10-04</FirstAired>
  <GuestStars>Oliver Platt|Jim Jarmusch|Denis O'Hare|Laila Robins|Vanessa Ray|Jessica Blank|</GuestStars>
  <IMDB_ID>tt1443842</IMDB_ID>
  <Language>en</Language>
  <Overview>While attending a New York film society function, George introduces Jonathan to a filmmaker, who asks him to rewrite a screenplay. Later, he goes out with a party girl and leaves the script at her home, which happens to be a shrink's office. Jonathan asks Ray to pose as a patient to recover the script. Meanwhile, George encounters his ex-wife and her smug new husband.</Overview>
  <ProductionCode>103</ProductionCode>
  <Rating>7.4</Rating>
  <RatingCount>31</RatingCount>
  <SeasonNumber>1</SeasonNumber>
  <Writer>Jonathan Ames</Writer>
  <absolute_number>3</absolute_number>
  <filename>episodes/104641/1078981.jpg</filename>
  <lastupdated>1360971819</lastupdated>
  <seasonid>118781</seasonid>
  <seriesid>104641</seriesid>
</Episode>
<Episode>
  <id>1078991</id>
  <Combined_episodenumber>4.0</Combined_episodenumber>
  <Combined_season>1</Combined_season>
  <DVD_chapter></DVD_chapter>
  <DVD_discid></DVD_discid>
  <DVD_episodenumber>4.0</DVD_episodenumber>
  <DVD_season>1</DVD_season>
  <Director>Tucker Gates</Director>
  <EpImgFlag>2</EpImgFlag>
  <EpisodeName>The Case of the Stolen Skateboard</EpisodeName>
  <EpisodeNumber>4</EpisodeNumber>
  <FirstAired>2009-10-11</FirstAired>
  <GuestStars>Bebe Neuwirth|E.J. Bonilla|Zoe Lister Jones|Parker Posey|</GuestStars>
  <IMDB_ID>tt1434650</IMDB_ID>
  <Language>en</Language>
  <Overview>Jonathan is hired to reclaim a kid's stolen skateboard from the neighborhood bully while Ray helps out a lesbian couple who wants to start a new family. George tries to woo a young publicist at the opening of a new restaurant in Brooklyn.</Overview>
  <ProductionCode>104</ProductionCode>
  <Rating>7.4</Rating>
  <RatingCount>26</RatingCount>
  <SeasonNumber>1</SeasonNumber>
  <Writer>Jonathan Ames</Writer>
  <absolute_number>4</absolute_number>
  <filename>episodes/104641/1078991.jpg</filename>
  <lastupdated>1360971841</lastupdated>
  <seasonid>118781</seasonid>
  <seriesid>104641</seriesid>
</Episode>
<Episode>
  <id>1079001</id>
  <Combined_episodenumber>5.0</Combined_episodenumber>
  <Combined_season>1</Combined_season>
  <DVD_chapter></DVD_chapter>
  <DVD_discid></DVD_discid>
  <DVD_episodenumber>5.0</DVD_episodenumber>
  <DVD_season>1</DVD_season>
  <Director>Paul Feig</Director>
  <EpImgFlag>2</EpImgFlag>
  <EpisodeName>The Case of the Lonely White Dove</EpisodeName>
  <EpisodeNumber>5</EpisodeNumber>
  <FirstAired>2009-10-18</FirstAired>
  <GuestStars>Olivia Thirlby|Romany Malco|Lev Gorn|Branka Katic|</GuestStars>
  <IMDB_ID>tt1477259</IMDB_ID>
  <Language>en</Language>
  <Overview>A recently-paroled Russian enlists the services of Jonathan to search for the object of his infatuation, a songstress known only as &quot;The Lonely White Dove.&quot; He checks out the bar where she sings and convinces Suzanne, Ray, and Leah to have dinner there the following night without revealing his primary intention. George gets in touch with his feminine side to boost his magazines' dipping sales.</Overview>
  <ProductionCode>105</ProductionCode>
  <Rating>7.7</Rating>
  <RatingCount>27</RatingCount>
  <SeasonNumber>1</SeasonNumber>
  <Writer>Jonathan Ames | Donick Cary</Writer>
  <absolute_number>5</absolute_number>
  <filename>episodes/104641/1079001.jpg</filename>
  <lastupdated>1352342682</lastupdated>
  <seasonid>118781</seasonid>
  <seriesid>104641</seriesid>
</Episode>
<Episode>
  <id>1079011</id>
  <Combined_episodenumber>6.0</Combined_episodenumber>
  <Combined_season>1</Combined_season>
  <DVD_chapter></DVD_chapter>
  <DVD_discid></DVD_discid>
  <DVD_episodenumber>6.0</DVD_episodenumber>
  <DVD_season>1</DVD_season>
  <Director>Adam Bernstein</Director>
  <EpImgFlag>2</EpImgFlag>
  <EpisodeName>The Case of the Beautiful Blackmailer</EpisodeName>
  <EpisodeNumber>6</EpisodeNumber>
  <FirstAired>2009-10-25</FirstAired>
  <GuestStars>Geoffrey Cantor|Peter Conboy|Patton Oswalt|Trieste Kelly Dunn|Anthony DeSando|</GuestStars>
  <IMDB_ID>tt1477260</IMDB_ID>
  <Language>en</Language>
  <Overview>Jonathan is enlisted to retrieve a sex tape that a female escort is using to extort money from a married New Jersey man. With Ray and George in tow, Jonathan ends up in a motel room with the escort, who attempts to blackmail him as well. Can the very stoned Ray and George save Jonathan's neck before the woman's enraged brother breaks it?</Overview>
  <ProductionCode>106</ProductionCode>
  <Rating>7.7</Rating>
  <RatingCount>22</RatingCount>
  <SeasonNumber>1</SeasonNumber>
  <Writer>Jonathan Ames | Martin Gero</Writer>
  <absolute_number>6</absolute_number>
  <filename>episodes/104641/1079011.jpg</filename>
  <lastupdated>1352342747</lastupdated>
  <seasonid>118781</seasonid>
  <seriesid>104641</seriesid>
</Episode>
<Episode>
  <id>1079021</id>
  <Combined_episodenumber>7.0</Combined_episodenumber>
  <Combined_season>1</Combined_season>
  <DVD_chapter></DVD_chapter>
  <DVD_discid></DVD_discid>
  <DVD_episodenumber>7.0</DVD_episodenumber>
  <DVD_season>1</DVD_season>
  <Director>Nicole Holofcener</Director>
  <EpImgFlag>2</EpImgFlag>
  <EpisodeName>The Case of the Stolen Sperm</EpisodeName>
  <EpisodeNumber>7</EpisodeNumber>
  <FirstAired>2009-11-01</FirstAired>
  <GuestStars>Olivia Thirlby|Bebe Neuwirth|Oliver Platt|John Hodgman|Samantha Bee|Miriam Shor|Jenny Slate|</GuestStars>
  <IMDB_ID>tt1477261</IMDB_ID>
  <Language>en</Language>
  <Overview>Concerned over the sudden disappearance of the two lesbians who have been buying his sperm, Ray enlists Jonathan to help him track the couple down. After breaking into their apartment, Jonathan learns the pair has flown the coop--but not without leaving behind a clue that both shocks and intrigues Ray. Meanwhile, George ignores Jonathan's warnings by publishing a disparaging editorial about Richard Antrem (Oliver Platt), sending his publishing rival into a fit of rage at the local watering hole.</Overview>
  <ProductionCode>107</ProductionCode>
  <Rating>7.6</Rating>
  <RatingCount>22</RatingCount>
  <SeasonNumber>1</SeasonNumber>
  <Writer>Jonathan Ames | Donick Cary</Writer>
  <absolute_number>7</absolute_number>
  <filename>episodes/104641/1079021.jpg</filename>
  <lastupdated>1352342840</lastupdated>
  <seasonid>118781</seasonid>
  <seriesid>104641</seriesid>
</Episode>
<Episode>
  <id>1079031</id>
  <Combined_episodenumber>8.0</Combined_episodenumber>
  <Combined_season>1</Combined_season>
  <DVD_chapter></DVD_chapter>
  <DVD_discid></DVD_discid>
  <DVD_episodenumber>8.0</DVD_episodenumber>
  <DVD_season>1</DVD_season>
  <Director>Paul Feig</Director>
  <EpImgFlag>2</EpImgFlag>
  <EpisodeName>Take a Dive</EpisodeName>
  <EpisodeNumber>8</EpisodeNumber>
  <FirstAired>2009-11-08</FirstAired>
  <GuestStars>Oliver Platt|Laila Robins|John Hodgman|Jenny Slate|Sarah Vowell|Michael Chernus|Jack O'Connell|</GuestStars>
  <IMDB_ID>tt1477262</IMDB_ID>
  <Language>en</Language>
  <Overview>Having picked up the gauntlet thrown down by Richard – and having thwarted a blackmail bid aimed at getting Jonathan to take a dive – the Edition team gear up for a tripleheader boxing challenge against their GQ rivals. But with the bouts only hours away, the women in their lives offer some compelling reasons why winning isn’t everything.</Overview>
  <ProductionCode>108</ProductionCode>
  <Rating>7.5</Rating>
  <RatingCount>20</RatingCount>
  <SeasonNumber>1</SeasonNumber>
  <Writer>Jonathan Ames | Martin Gero</Writer>
  <absolute_number>8</absolute_number>
  <filename>episodes/104641/1079031.jpg</filename>
  <lastupdated>1352342957</lastupdated>
  <seasonid>118781</seasonid>
  <seriesid>104641</seriesid>
</Episode>
<Episode>
  <id>1705751</id>
  <Combined_episodenumber>1</Combined_episodenumber>
  <Combined_season>2</Combined_season>
  <DVD_chapter></DVD_chapter>
  <DVD_discid></DVD_discid>
  <DVD_episodenumber></DVD_episodenumber>
  <DVD_season></DVD_season>
  <Director>Alan Taylor</Director>
  <EpImgFlag>2</EpImgFlag>
  <EpisodeName>Escape From the Dungeon</EpisodeName>
  <EpisodeNumber>1</EpisodeNumber>
  <FirstAired>2010-09-26</FirstAired>
  <GuestStars>Mary Kay Place|Zoe Kazan|Kristen Johnston|Jenny Slate|Lenny Venito|Finnerty Steeves|</GuestStars>
  <IMDB_ID></IMDB_ID>
  <Language>en</Language>
  <Overview>Jonathan is hired by a police officer to erase the hard drive of an S&amp;M club computer to prevent potentially embarrassing information from coming out as the officer has received word that the club is about to be raided. Leah breaks it off with Ray. George is asked to cut back on expensive meals to prevent the Magazine from going under.</Overview>
  <ProductionCode></ProductionCode>
  <Rating>7.8</Rating>
  <RatingCount>28</RatingCount>
  <SeasonNumber>2</SeasonNumber>
  <Writer>Jonathan Ames</Writer>
  <absolute_number>9</absolute_number>
  <filename>episodes/104641/1705751.jpg</filename>
  <lastupdated>1352449050</lastupdated>
  <seasonid>190431</seasonid>
  <seriesid>104641</seriesid>
</Episode>
<Episode>
  <id>1724081</id>
  <Combined_episodenumber>2</Combined_episodenumber>
  <Combined_season>2</Combined_season>
  <DVD_chapter></DVD_chapter>
  <DVD_discid></DVD_discid>
  <DVD_episodenumber></DVD_episodenumber>
  <DVD_season></DVD_season>
  <Director>Alan Taylor</Director>
  <EpImgFlag>2</EpImgFlag>
  <EpisodeName>Make it Quick, Fitzgerald!</EpisodeName>
  <EpisodeNumber>2</EpisodeNumber>
  <FirstAired>2010-10-03</FirstAired>
  <GuestStars>Oliver Platt | Jenny Slate | Laila Robins | Jessica Hecht | John Hodgman |</GuestStars>
  <IMDB_ID></IMDB_ID>
  <Language>en</Language>
  <Overview>Jonathan is hired by Richard Antrem, George's nemesis and boxing foe, to investigate Richard's suspicions that his wife Priscilla, George's ex, is having an affair. Jonathan's insecurities resurface when Stella announces she's not over her first love. George has a new female urologist; Ray plots to win back Leah by penning a comic book.</Overview>
  <ProductionCode></ProductionCode>
  <Rating>7.7</Rating>
  <RatingCount>32</RatingCount>
  <SeasonNumber>2</SeasonNumber>
  <Writer>Jonathan Ames</Writer>
  <absolute_number>10</absolute_number>
  <filename>episodes/104641/1724081.jpg</filename>
  <lastupdated>1353104081</lastupdated>
  <seasonid>190431</seasonid>
  <seriesid>104641</seriesid>
</Episode>
<Episode>
  <id>2721581</id>
  <Combined_episodenumber>3</Combined_episodenumber>
  <Combined_season>2</Combined_season>
  <DVD_chapter></DVD_chapter>
  <DVD_discid></DVD_discid>
  <DVD_episodenumber></DVD_episodenumber>
  <DVD_season></DVD_season>
  <Director>Michael Lehmann</Director>
  <EpImgFlag>2</EpImgFlag>
  <EpisodeName>The Gowanus Canal has Gonorrhea!</EpisodeName>
  <EpisodeNumber>3</EpisodeNumber>
  <FirstAired>2010-10-10</FirstAired>
  <GuestStars>Jessica Hecht | Jenny Slate | Patton Oswalt | Domenick Lombardozzi | Allyce Beasley | Jim Norton |</GuestStars>
  <IMDB_ID>tt1650079</IMDB_ID>
  <Language>en</Language>
  <Overview>George worries about remaining “intact” after getting some sobering news from his new urologist, Dr. Kenwood. A bad day for Jonathan gets worse when a pair of S&amp;M henchmen kidnap him. They demand a ransom which calls “GI” George &amp; Ray to action.</Overview>
  <ProductionCode></ProductionCode>
  <Rating>7.8</Rating>
  <RatingCount>34</RatingCount>
  <SeasonNumber>2</SeasonNumber>
  <Writer>Martin Gero | Jonathan Ames</Writer>
  <absolute_number>11</absolute_number>
  <filename>episodes/104641/2721581.jpg</filename>
  <lastupdated>1353664897</lastupdated>
  <seasonid>190431</seasonid>
  <seriesid>104641</seriesid>
</Episode>
<Episode>
  <id>2765231</id>
  <Combined_episodenumber>4</Combined_episodenumber>
  <Combined_season>2</Combined_season>
  <DVD_chapter></DVD_chapter>
  <DVD_discid></DVD_discid>
  <DVD_episodenumber></DVD_episodenumber>
  <DVD_season></DVD_season>
  <Director>Michael Lehmann</Director>
  <EpImgFlag>2</EpImgFlag>
  <EpisodeName>I've Been Living Like a Demented God!</EpisodeName>
  <EpisodeNumber>4</EpisodeNumber>
  <FirstAired>2010-10-17</FirstAired>
  <GuestStars>F. Murray Abraham | Mary Kay Place | Kristen Wiig | John Hodgman | Kate Micucci | Joe DeRosa |</GuestStars>
  <IMDB_ID>tt1714937</IMDB_ID>
  <Language>en</Language>
  <Overview>A professor hires Jonathan to track down a valuable item. George finds an alibi to explain the results of his drug test. Flushed with cash from his “Super Ray” comic book, Ray heads to the bar – and meets a familiar barfly.</Overview>
  <ProductionCode></ProductionCode>
  <Rating>7.8</Rating>
  <RatingCount>25</RatingCount>
  <SeasonNumber>2</SeasonNumber>
  <Writer>Donick Cary | Jonathan Ames</Writer>
  <absolute_number>12</absolute_number>
  <filename>episodes/104641/2765231.jpg</filename>
  <lastupdated>1354270609</lastupdated>
  <seasonid>190431</seasonid>
  <seriesid>104641</seriesid>
</Episode>
<Episode>
  <id>2802901</id>
  <Combined_episodenumber>5</Combined_episodenumber>
  <Combined_season>2</Combined_season>
  <DVD_chapter></DVD_chapter>
  <DVD_discid></DVD_discid>
  <DVD_episodenumber></DVD_episodenumber>
  <DVD_season></DVD_season>
  <Director>Troy Miller</Director>
  <EpImgFlag>2</EpImgFlag>
  <EpisodeName>Forty-Two Down!</EpisodeName>
  <EpisodeNumber>5</EpisodeNumber>
  <FirstAired>2010-10-24</FirstAired>
  <GuestStars>Kevin Bacon | Zoe Kazan | Mary Kay Place | Kristen Wiig | Ajay Naidu | Sarita Choudhury | Finnerty Steeves |</GuestStars>
  <IMDB_ID>tt1698818</IMDB_ID>
  <Language>en</Language>
  <Overview>Jonathan attempts to repair the relationship between a poet/limousine driver and his wife. Ray has a meeting with Kevin Bacon.</Overview>
  <ProductionCode></ProductionCode>
  <Rating>7.6</Rating>
  <RatingCount>25</RatingCount>
  <SeasonNumber>2</SeasonNumber>
  <Writer>Tami Sagher | Jonathan Ames</Writer>
  <absolute_number>13</absolute_number>
  <filename>episodes/104641/2802901.jpg</filename>
  <lastupdated>1354884838</lastupdated>
  <seasonid>190431</seasonid>
  <seriesid>104641</seriesid>
</Episode>
<Episode>
  <id>2802911</id>
  <Combined_episodenumber>6</Combined_episodenumber>
  <Combined_season>2</Combined_season>
  <DVD_chapter></DVD_chapter>
  <DVD_discid></DVD_discid>
  <DVD_episodenumber></DVD_episodenumber>
  <DVD_season></DVD_season>
  <Director>Tristram Shapeero</Director>
  <EpImgFlag>2</EpImgFlag>
  <EpisodeName>The Case of the Grievous Clerical Error!</EpisodeName>
  <EpisodeNumber>6</EpisodeNumber>
  <FirstAired>2010-10-31</FirstAired>
  <GuestStars>Olympia Dukakis | Laila Robins | Jessica Hecht | Kate Micucci |</GuestStars>
  <IMDB_ID>tt1714938</IMDB_ID>
  <Language>en</Language>
  <Overview>Leah hires Jonathan to help find her new dog, “Little Ray.” Ray joins Jonathan in the search for the dog, getting some inside help. A reflective George heads to the hospital for surgery.</Overview>
  <ProductionCode></ProductionCode>
  <Rating>7.8</Rating>
  <RatingCount>26</RatingCount>
  <SeasonNumber>2</SeasonNumber>
  <Writer>Sam Sklaver | Jonathan Ames</Writer>
  <absolute_number>14</absolute_number>
  <filename>episodes/104641/2802911.jpg</filename>
  <lastupdated>1355477659</lastupdated>
  <seasonid>190431</seasonid>
  <seriesid>104641</seriesid>
</Episode>
<Episode>
  <id>2958901</id>
  <Combined_episodenumber>7</Combined_episodenumber>
  <Combined_season>2</Combined_season>
  <DVD_chapter></DVD_chapter>
  <DVD_discid></DVD_discid>
  <DVD_episodenumber></DVD_episodenumber>
  <DVD_season></DVD_season>
  <Director>Adam Bernstein</Director>
  <EpImgFlag>2</EpImgFlag>
  <EpisodeName>Escape From the Castle!</EpisodeName>
  <EpisodeNumber>7</EpisodeNumber>
  <FirstAired>2010-11-07</FirstAired>
  <GuestStars>Zoe Kazan | Ajay Naidu | Frank Wood | Jake Manabat | Joel Garland | Finnerty Steeves | Rob Yang |</GuestStars>
  <IMDB_ID>tt1714939</IMDB_ID>
  <Language>en</Language>
  <Overview> A dermatologist enlists Jonathan to deliver a letter to his intended at an Asian health spa. Jonathan takes Ray to the spa for his birthday, with George and his new chauffeur Vikram in tow.</Overview>
  <ProductionCode></ProductionCode>
  <Rating>7.8</Rating>
  <RatingCount>24</RatingCount>
  <SeasonNumber>2</SeasonNumber>
  <Writer>Donick Cary|Jonathan Ames</Writer>
  <absolute_number>15</absolute_number>
  <filename>episodes/104641/2958901.jpg</filename>
  <lastupdated>1356078556</lastupdated>
  <seasonid>190431</seasonid>
  <seriesid>104641</seriesid>
</Episode>
<Episode>
  <id>2958921</id>
  <Combined_episodenumber>8</Combined_episodenumber>
  <Combined_season>2</Combined_season>
  <DVD_chapter></DVD_chapter>
  <DVD_discid></DVD_discid>
  <DVD_episodenumber></DVD_episodenumber>
  <DVD_season></DVD_season>
  <Director>Adam Bernstein</Director>
  <EpImgFlag>2</EpImgFlag>
  <EpisodeName>Super Ray is Mortal!</EpisodeName>
  <EpisodeNumber>8</EpisodeNumber>
  <FirstAired>2010-11-14</FirstAired>
  <GuestStars>John Hodgman | Mary Kay Place | Jim Gaffigan | Zoe Kazan | Lenny Venito | John Rothman | Jonathan Ames | Alex Wyse |</GuestStars>
  <IMDB_ID>tt1714940</IMDB_ID>
  <Language>en</Language>
  <Overview>A mad stalker imperils Ray on the eve of the Brooklyn Comic Con. With the help of Officer Drake, he and Jonathan piece together leads to track down the perp. George decides to make a stand at work. Jonathan has another battle with his nemesis, Louis Greene.</Overview>
  <ProductionCode></ProductionCode>
  <Rating>7.8</Rating>
  <RatingCount>24</RatingCount>
  <SeasonNumber>2</SeasonNumber>
  <Writer>Martin Gero|Jonathan Ames</Writer>
  <absolute_number>16</absolute_number>
  <filename>episodes/104641/2958921.jpg</filename>
  <lastupdated>1359547595</lastupdated>
  <seasonid>190431</seasonid>
  <seriesid>104641</seriesid>
</Episode>
<Episode>
  <id>4140529</id>
  <Combined_episodenumber>1</Combined_episodenumber>
  <Combined_season>3</Combined_season>
  <DVD_chapter></DVD_chapter>
  <DVD_discid></DVD_discid>
  <DVD_episodenumber></DVD_episodenumber>
  <DVD_season></DVD_season>
  <Director>Michael Lehmann</Director>
  <EpImgFlag>2</EpImgFlag>
  <EpisodeName>The Blonde in the Woods</EpisodeName>
  <EpisodeNumber>1</EpisodeNumber>
  <FirstAired>2011-10-10</FirstAired>
  <GuestStars>David Rasche | Halley Feiffer | Richard Masur | Samantha Bee | Allyce Beasley | Amy Spanger | Alex Wyse | David Adamovich | Eric Deskin |</GuestStars>
  <IMDB_ID>tt1795737</IMDB_ID>
  <Language>en</Language>
  <Overview>After celebrating the release of his new book, Jonathan learns some distressing familial news. George reunites with his daughter Emily and Ray spends time with his biological son Spencer. Meanwhile, Jonathan's latest case leaves him in a precarious position. </Overview>
  <ProductionCode></ProductionCode>
  <Rating>7.8</Rating>
  <RatingCount>28</RatingCount>
  <SeasonNumber>3</SeasonNumber>
  <Writer>Jonathan Ames</Writer>
  <absolute_number>17</absolute_number>
  <filename>episodes/104641/4140529.jpg</filename>
  <lastupdated>1352343951</lastupdated>
  <seasonid>470596</seasonid>
  <seriesid>104641</seriesid>
</Episode>
<Episode>
  <id>4186600</id>
  <Combined_episodenumber>2</Combined_episodenumber>
  <Combined_season>3</Combined_season>
  <DVD_chapter></DVD_chapter>
  <DVD_discid></DVD_discid>
  <DVD_episodenumber></DVD_episodenumber>
  <DVD_season></DVD_season>
  <Director>Michael Lehmann</Director>
  <EpImgFlag>2</EpImgFlag>
  <EpisodeName>Gumball!</EpisodeName>
  <EpisodeNumber>2</EpisodeNumber>
  <FirstAired>2011-10-17</FirstAired>
  <GuestStars>Patton Oswalt | David Rasche | Richard Masur | Lenny Venito | Allyce Beasley | Amy Spanger | Danny Rutigliano | Cindy Cheung |</GuestStars>
  <IMDB_ID>tt1795738</IMDB_ID>
  <Language>en</Language>
  <Overview>On the run from the police, Jonathan and Ray turn to Howard (Patton Oswalt) for help with trying to find out who framed Jonathan for murder, while George runs interference for them in his own inimitable, marijuana-induced way.</Overview>
  <ProductionCode></ProductionCode>
  <Rating>8.1</Rating>
  <RatingCount>19</RatingCount>
  <SeasonNumber>3</SeasonNumber>
  <Writer>|Martin Gero|Jonathan Ames|</Writer>
  <absolute_number>18</absolute_number>
  <filename>episodes/104641/4186600.jpg</filename>
  <lastupdated>1352344054</lastupdated>
  <seasonid>470596</seasonid>
  <seriesid>104641</seriesid>
</Episode>
<Episode>
  <id>4190457</id>
  <Combined_episodenumber>3</Combined_episodenumber>
  <Combined_season>3</Combined_season>
  <DVD_chapter></DVD_chapter>
  <DVD_discid></DVD_discid>
  <DVD_episodenumber></DVD_episodenumber>
  <DVD_season></DVD_season>
  <Director>Michael Lehmann</Director>
  <EpImgFlag>2</EpImgFlag>
  <EpisodeName>The Black Clock of Time</EpisodeName>
  <EpisodeNumber>3</EpisodeNumber>
  <FirstAired>2011-10-24</FirstAired>
  <GuestStars>John Hodgman | Dick Cavett | Bebe Neuwirth | David Rasche | Halley Feiffer | Ashlie Atkinson | Tricia Paoluccio |</GuestStars>
  <IMDB_ID>tt1795739</IMDB_ID>
  <Language>en</Language>
  <Overview>Already nervous about his appearance on &quot;The New Dick Cavett Show,&quot; Jonathan is thrown for a loop when another scheduled guest happens to be his nemesis, Louis Greene (John Hodgman). Meanwhile, Ray's attentiveness as a father is tested; and George is floored by Emily and Bernard's latest news.</Overview>
  <ProductionCode></ProductionCode>
  <Rating>8.0</Rating>
  <RatingCount>18</RatingCount>
  <SeasonNumber>3</SeasonNumber>
  <Writer>Jonathan Ames</Writer>
  <absolute_number>19</absolute_number>
  <filename>episodes/104641/4190457.jpg</filename>
  <lastupdated>1352344145</lastupdated>
  <seasonid>470596</seasonid>
  <seriesid>104641</seriesid>
</Episode>
<Episode>
  <id>4190591</id>
  <Combined_episodenumber>4</Combined_episodenumber>
  <Combined_season>3</Combined_season>
  <DVD_chapter></DVD_chapter>
  <DVD_discid></DVD_discid>
  <DVD_episodenumber></DVD_episodenumber>
  <DVD_season></DVD_season>
  <Director>Micheal Lehmann</Director>
  <EpImgFlag>2</EpImgFlag>
  <EpisodeName>We Could Sing a Duet</EpisodeName>
  <EpisodeNumber>4</EpisodeNumber>
  <FirstAired>2011-10-31</FirstAired>
  <GuestStars>|Brett Gelman|Oliver Platt|Olympia Dukakis|John Hodgman| David Rasche|Halley Feiffer|</GuestStars>
  <IMDB_ID>tt1795740</IMDB_ID>
  <Language>en</Language>
  <Overview>George urges Jonathan to show Emily what it's like to be out with a younger man, but they wind up on a stakeout with a wannabe gumshoe (Brett Gelman) impersonating Jonathan. Meanwhile, George goes out on the town with Bernard, but is shocked to learn that Richard Antrem (Oliver Platt) is a competing restaurateur; and Ray is drawn to an older woman (Olympia Dukakis) after a fight with Leah. </Overview>
  <ProductionCode></ProductionCode>
  <Rating>7.3</Rating>
  <RatingCount>21</RatingCount>
  <SeasonNumber>3</SeasonNumber>
  <Writer>|Luke Del Tredici|Jonathan Ames|</Writer>
  <absolute_number>20</absolute_number>
  <filename>episodes/104641/4190591.jpg</filename>
  <lastupdated>1352344222</lastupdated>
  <seasonid>470596</seasonid>
  <seriesid>104641</seriesid>
</Episode>
<Episode>
  <id>4195053</id>
  <Combined_episodenumber>5</Combined_episodenumber>
  <Combined_season>3</Combined_season>
  <DVD_chapter></DVD_chapter>
  <DVD_discid></DVD_discid>
  <DVD_episodenumber></DVD_episodenumber>
  <DVD_season></DVD_season>
  <Director>Tristram Shapeero</Director>
  <EpImgFlag>2</EpImgFlag>
  <EpisodeName>I Keep Taking Baths Like Lady MacBeth</EpisodeName>
  <EpisodeNumber>5</EpisodeNumber>
  <FirstAired>2011-11-07</FirstAired>
  <GuestStars>|Sarah Silverman|Mary Steenburgen|John Hodgman|Olympia Dukakis|Oliver Platt|Patton Oswalt|</GuestStars>
  <IMDB_ID>tt1795741</IMDB_ID>
  <Language>en</Language>
  <Overview>Jonathan and George see a &quot;friendship&quot; counselor (Sarah Silverman). George begins taking singing lessons from Josephine (Mary Steenburgen), a delightful pothead. Jonathan attempts to win back George's affection. Ray becomes irresistible to women. </Overview>
  <ProductionCode></ProductionCode>
  <Rating>7.9</Rating>
  <RatingCount>19</RatingCount>
  <SeasonNumber>3</SeasonNumber>
  <Writer>|Sam Sklaver|Jonathan Ames|</Writer>
  <absolute_number>21</absolute_number>
  <filename>episodes/104641/4195053.jpg</filename>
  <lastupdated>1352344292</lastupdated>
  <seasonid>470596</seasonid>
  <seriesid>104641</seriesid>
</Episode>
<Episode>
  <id>4195054</id>
  <Combined_episodenumber>6</Combined_episodenumber>
  <Combined_season>3</Combined_season>
  <DVD_chapter></DVD_chapter>
  <DVD_discid></DVD_discid>
  <DVD_episodenumber></DVD_episodenumber>
  <DVD_season></DVD_season>
  <Director>Tristram Shapeero</Director>
  <EpImgFlag>2</EpImgFlag>
  <EpisodeName>Two Large Pearls and a Bar of Gold</EpisodeName>
  <EpisodeNumber>6</EpisodeNumber>
  <FirstAired>2011-11-14</FirstAired>
  <GuestStars>Mary Steenburgen|Casey Wilson|Rene Auberjonois|Olympia Dukakis|</GuestStars>
  <IMDB_ID>tt1795742</IMDB_ID>
  <Language>en</Language>
  <Overview>Jonathan's college sweetheart hires him to guard her wedding jewels and remind her of their prenuptial pact.</Overview>
  <ProductionCode></ProductionCode>
  <Rating>7.8</Rating>
  <RatingCount>17</RatingCount>
  <SeasonNumber>3</SeasonNumber>
  <Writer>|Mike Schwartz|Jonathan Ames|</Writer>
  <absolute_number>22</absolute_number>
  <filename>episodes/104641/4195054.jpg</filename>
  <lastupdated>1352344352</lastupdated>
  <seasonid>470596</seasonid>
  <seriesid>104641</seriesid>
</Episode>
<Episode>
  <id>4195055</id>
  <Combined_episodenumber>7</Combined_episodenumber>
  <Combined_season>3</Combined_season>
  <DVD_chapter></DVD_chapter>
  <DVD_discid></DVD_discid>
  <DVD_episodenumber></DVD_episodenumber>
  <DVD_season></DVD_season>
  <Director>Adam Bernstein</Director>
  <EpImgFlag>2</EpImgFlag>
  <EpisodeName>Forget the Herring</EpisodeName>
  <EpisodeNumber>7</EpisodeNumber>
  <FirstAired>2011-11-21</FirstAired>
  <GuestStars>Isla Fisher|Mary Steenburgen|David Rasche|Halley Feiffer|Stacy Keach|Chris Elliott|</GuestStars>
  <IMDB_ID>tt1795743</IMDB_ID>
  <Language>en</Language>
  <Overview>Rose Hiney connects with Jonathan on new leads. George and Ray attempt to right their unrightable wrongs.</Overview>
  <ProductionCode></ProductionCode>
  <Rating>8.0</Rating>
  <RatingCount>19</RatingCount>
  <SeasonNumber>3</SeasonNumber>
  <Writer>|Rachel Axler|Jonathan Ames|</Writer>
  <absolute_number>23</absolute_number>
  <filename>episodes/104641/4195055.jpg</filename>
  <lastupdated>1352344429</lastupdated>
  <seasonid>470596</seasonid>
  <seriesid>104641</seriesid>
</Episode>
<Episode>
  <id>4195056</id>
  <Combined_episodenumber>8</Combined_episodenumber>
  <Combined_season>3</Combined_season>
  <DVD_chapter></DVD_chapter>
  <DVD_discid></DVD_discid>
  <DVD_episodenumber></DVD_episodenumber>
  <DVD_season></DVD_season>
  <Director>Adam Bernstein</Director>
  <EpImgFlag>2</EpImgFlag>
  <EpisodeName>Nothing I Can't Handle by Running Away</EpisodeName>
  <EpisodeNumber>8</EpisodeNumber>
  <FirstAired>2011-11-28</FirstAired>
  <GuestStars>Isla Fisher|Mary Steenburgen|David Rasche|Halley Feiffer|Stacy Keach|Samantha Bee|David Patrick Kelly|Zach Woods|Danny Hoch|Wass Stevens|Lynn Cohen|</GuestStars>
  <IMDB_ID>tt1795744</IMDB_ID>
  <Language>en</Language>
  <Overview>In the series finale, George celebrates Emily and Bernard’s wedding; and Ray is comforted by his son, Spencer. Meanwhile, Jonathan considers breaking up with his new girlfriend, but when he’s kidnapped, an army of Super Ray fans spring into action.</Overview>
  <ProductionCode></ProductionCode>
  <Rating>7.9</Rating>
  <RatingCount>17</RatingCount>
  <SeasonNumber>3</SeasonNumber>
  <Writer>Jonathan Ames</Writer>
  <absolute_number>24</absolute_number>
  <filename>episodes/104641/4195056.jpg</filename>
  <lastupdated>1352344561</lastupdated>
  <seasonid>470596</seasonid>
  <seriesid>104641</seriesid>
</Episode>
</Data>