<?xml version="1.0" encoding="UTF-8" ?>
<Banners>
<Banner>
  <id>943526</id>
  <BannerPath>fanart/original/258773-4.jpg</BannerPath>
  <BannerType>fanart</BannerType>
  <BannerType2>1280x720</BannerType2>
  <Colors></Colors>
  <Language>en</Language>
  <Rating>10.0000</Rating>
  <RatingCount>1</RatingCount>
  <SeriesName>true</SeriesName>
  <ThumbnailPath>_cache/fanart/original/258773-4.jpg</ThumbnailPath>
  <VignettePath>fanart/vignette/258773-4.jpg</VignettePath>
</Banner>
<Banner>
  <id>938373</id>
  <BannerPath>fanart/original/258773-3.jpg</BannerPath>
  <BannerType>fanart</BannerType>
  <BannerType2>1920x1080</BannerType2>
  <Colors></Colors>
  <Language>en</Language>
  <Rating>8.0000</Rating>
  <RatingCount>2</RatingCount>
  <SeriesName>false</SeriesName>
  <ThumbnailPath>_cache/fanart/original/258773-3.jpg</ThumbnailPath>
  <VignettePath>fanart/vignette/258773-3.jpg</VignettePath>
</Banner>
<Banner>
  <id>908783</id>
  <BannerPath>fanart/original/258773-1.jpg</BannerPath>
  <BannerType>fanart</BannerType>
  <BannerType2>1920x1080</BannerType2>
  <Colors>|191,181,179|27,23,20|183,155,133|</Colors>
  <Language>en</Language>
  <Rating>7.7500</Rating>
  <RatingCount>4</RatingCount>
  <SeriesName>false</SeriesName>
  <ThumbnailPath>_cache/fanart/original/258773-1.jpg</ThumbnailPath>
  <VignettePath>fanart/vignette/258773-1.jpg</VignettePath>
</Banner>
<Banner>
  <id>938372</id>
  <BannerPath>fanart/original/258773-2.jpg</BannerPath>
  <BannerType>fanart</BannerType>
  <BannerType2>1920x1080</BannerType2>
  <Colors></Colors>
  <Language>en</Language>
  <Rating>5.0000</Rating>
  <RatingCount>2</RatingCount>
  <SeriesName>false</SeriesName>
  <ThumbnailPath>_cache/fanart/original/258773-2.jpg</ThumbnailPath>
  <VignettePath>fanart/vignette/258773-2.jpg</VignettePath>
</Banner>
<Banner>
  <id>950208</id>
  <BannerPath>fanart/original/258773-5.jpg</BannerPath>
  <BannerType>fanart</BannerType>
  <BannerType2>1920x1080</BannerType2>
  <Colors></Colors>
  <Language>en</Language>
  <Rating></Rating>
  <RatingCount>0</RatingCount>
  <SeriesName>false</SeriesName>
  <ThumbnailPath>_cache/fanart/original/258773-5.jpg</ThumbnailPath>
  <VignettePath>fanart/vignette/258773-5.jpg</VignettePath>
</Banner>
<Banner>
  <id>950906</id>
  <BannerPath>fanart/original/258773-6.jpg</BannerPath>
  <BannerType>fanart</BannerType>
  <BannerType2>1920x1080</BannerType2>
  <Colors></Colors>
  <Language>en</Language>
  <Rating></Rating>
  <RatingCount>0</RatingCount>
  <SeriesName>false</SeriesName>
  <ThumbnailPath>_cache/fanart/original/258773-6.jpg</ThumbnailPath>
  <VignettePath>fanart/vignette/258773-6.jpg</VignettePath>
</Banner>
<Banner>
  <id>940544</id>
  <BannerPath>posters/258773-2.jpg</BannerPath>
  <BannerType>poster</BannerType>
  <BannerType2>680x1000</BannerType2>
  <Language>en</Language>
  <Rating>9.5000</Rating>
  <RatingCount>4</RatingCount>
</Banner>
<Banner>
  <id>942637</id>
  <BannerPath>posters/258773-3.jpg</BannerPath>
  <BannerType>poster</BannerType>
  <BannerType2>680x1000</BannerType2>
  <Language>en</Language>
  <Rating>8.0000</Rating>
  <RatingCount>1</RatingCount>
</Banner>
<Banner>
  <id>920981</id>
  <BannerPath>posters/258773-1.jpg</BannerPath>
  <BannerType>poster</BannerType>
  <BannerType2>680x1000</BannerType2>
  <Language>en</Language>
  <Rating>5.5000</Rating>
  <RatingCount>2</RatingCount>
</Banner>
<Banner>
  <id>950899</id>
  <BannerPath>posters/258773-4.jpg</BannerPath>
  <BannerType>poster</BannerType>
  <BannerType2>680x1000</BannerType2>
  <Language>en</Language>
  <Rating></Rating>
  <RatingCount>0</RatingCount>
</Banner>
<Banner>
  <id>943254</id>
  <BannerPath>seasons/258773-1.jpg</BannerPath>
  <BannerType>season</BannerType>
  <BannerType2>season</BannerType2>
  <Language>en</Language>
  <Rating>8.0000</Rating>
  <RatingCount>1</RatingCount>
  <Season>1</Season>
</Banner>
<Banner>
  <id>909386</id>
  <BannerPath>graphical/258773-g.jpg</BannerPath>
  <BannerType>series</BannerType>
  <BannerType2>graphical</BannerType2>
  <Language>en</Language>
  <Rating>9.7500</Rating>
  <RatingCount>4</RatingCount>
</Banner>
<Banner>
  <id>909583</id>
  <BannerPath>graphical/258773-g2.jpg</BannerPath>
  <BannerType>series</BannerType>
  <BannerType2>graphical</BannerType2>
  <Language>en</Language>
  <Rating>9.0000</Rating>
  <RatingCount>1</RatingCount>
</Banner>
<Banner>
  <id>945207</id>
  <BannerPath>graphical/258773-g3.jpg</BannerPath>
  <BannerType>series</BannerType>
  <BannerType2>graphical</BannerType2>
  <Language>en</Language>
  <Rating>8.0000</Rating>
  <RatingCount>1</RatingCount>
</Banner>
</Banners>