<?xml version="1.0" encoding="UTF-8" ?>
<Data><Series>
  <id>258773</id>
  <Actors>|Anthony Edwards|Carmen Ejogo|Scott Michael Foster|Jacinda Barrett|Michael Nyqvist|Addison Timlin|</Actors>
  <Airs_DayOfWeek>Thursday</Airs_DayOfWeek>
  <Airs_Time>8:00 PM</Airs_Time>
  <ContentRating>TV-14</ContentRating>
  <FirstAired>2013-02-14</FirstAired>
  <Genre>|Drama|Fantasy|Science-Fiction|</Genre>
  <IMDB_ID>tt2215797</IMDB_ID>
  <Language>en</Language>
  <Network>ABC</Network>
  <NetworkID></NetworkID>
  <Overview>Hank Foley (Anthony Edwards) is no stranger to adventure. But this one is a little more than he bargained for. As the publisher of Modern Skeptic magazine, Hank has spent his career following clues, debunking myths and solving conspiracies. A confessed paranormal junkie, his motto is &quot;logic is the compass.&quot; But when his beautiful young wife (Jacinda Barrett) is abducted from her store, an antique clock shop, Hank gets pulled into one of the most compelling mysteries of human history, stretching around the world and back centuries. Contained in one of his wife's clocks is a treasure map, and what it leads to could be cataclysmic. Now it's up to Hank to decipher the symbols and unlock the secrets of the map, while ensuring the answers don't fall into the wrong hands. With his two young associates Rachel (Addison Timlin) and Arron (Scott Michael Foster) in tow, along with Deck a sexy FBI agent (Carmen Ejogo), Hank will lead them on a breathless race against the clock, to find his wife and save humanity.</Overview>
  <Rating>9.3</Rating>
  <RatingCount>4</RatingCount>
  <Runtime>60</Runtime>
  <SeriesID></SeriesID>
  <SeriesName>Zero Hour (2013)</SeriesName>
  <Status>Ended</Status>
  <added>2012-05-06 13:06:20</added>
  <addedBy>344138</addedBy>
  <banner>graphical/258773-g.jpg</banner>
  <fanart>fanart/original/258773-4.jpg</fanart>
  <lastupdated>1364943420</lastupdated>
  <poster>posters/258773-2.jpg</poster>
  <zap2it_id>SH01568376</zap2it_id>
</Series>
<Episode>
  <id>4325914</id>
  <Combined_episodenumber>1</Combined_episodenumber>
  <Combined_season>1</Combined_season>
  <DVD_chapter></DVD_chapter>
  <DVD_discid></DVD_discid>
  <DVD_episodenumber></DVD_episodenumber>
  <DVD_season></DVD_season>
  <Director></Director>
  <EpImgFlag>2</EpImgFlag>
  <EpisodeName>Strike</EpisodeName>
  <EpisodeNumber>1</EpisodeNumber>
  <FirstAired>2013-02-14</FirstAired>
  <GuestStars></GuestStars>
  <IMDB_ID></IMDB_ID>
  <Language>en</Language>
  <Overview>It's a race against time for Hank Galliston after his wife, Laila, is abducted by the international terrorist &quot;White Vincent&quot;. As the publisher of a paranormal enthusiast magazine, Modern Skeptic, Hank has spent his career debunking myths and investigating conspiracies. Now, seemingly out of nowhere, he is thrust into the middle of one of the biggest conspiracies in human history, sparked by his wife's discovery of an antique clock at a Brooklyn flea market -- a clock that possesses much more than the power to tell time. With help from FBI Agent Rebecca &quot;Beck&quot; Riley and his two young magazine staffers, Rachel and Arron, they set out on a journey to find Laila, but soon find their mission is much bigger than just saving one woman. </Overview>
  <ProductionCode></ProductionCode>
  <Rating>7.6</Rating>
  <RatingCount>11</RatingCount>
  <SeasonNumber>1</SeasonNumber>
  <Writer></Writer>
  <absolute_number></absolute_number>
  <filename>episodes/258773/4325914.jpg</filename>
  <lastupdated>1361220791</lastupdated>
  <seasonid>492244</seasonid>
  <seriesid>258773</seriesid>
</Episode>
<Episode>
  <id>4489220</id>
  <Combined_episodenumber>2</Combined_episodenumber>
  <Combined_season>1</Combined_season>
  <DVD_chapter></DVD_chapter>
  <DVD_discid></DVD_discid>
  <DVD_episodenumber></DVD_episodenumber>
  <DVD_season></DVD_season>
  <Director>Pierre Morel</Director>
  <EpImgFlag>2</EpImgFlag>
  <EpisodeName>Face</EpisodeName>
  <EpisodeNumber>2</EpisodeNumber>
  <FirstAired>2013-02-21</FirstAired>
  <GuestStars></GuestStars>
  <IMDB_ID></IMDB_ID>
  <Language>en</Language>
  <Overview>An explosive start to Hank's search for his wife, Laila, brings him and &quot;Beck&quot; to a near-death confrontation with White Vincent, who slips away in the Canadian Tundra. Now faced with more questions than answers - not just about his wife, but about his own existence - the search is on for the next clock. Determined to unlock the next clue in the hope that it will bring him closer to understanding his past and the woman he loves, Hank and Beck set course for India, where Hank is confronted with a bombshell discovery. Meanwhile, Rachel and Arron chase another path, which reveals the final journey of the mysterious Rose Commandant.</Overview>
  <ProductionCode></ProductionCode>
  <Rating>7.0</Rating>
  <RatingCount>7</RatingCount>
  <SeasonNumber>1</SeasonNumber>
  <Writer>Paul Scheuring</Writer>
  <absolute_number></absolute_number>
  <filename>episodes/258773/4489220.jpg</filename>
  <lastupdated>1361154905</lastupdated>
  <seasonid>492244</seasonid>
  <seriesid>258773</seriesid>
</Episode>
<Episode>
  <id>4494660</id>
  <Combined_episodenumber>3</Combined_episodenumber>
  <Combined_season>1</Combined_season>
  <DVD_chapter></DVD_chapter>
  <DVD_discid></DVD_discid>
  <DVD_episodenumber></DVD_episodenumber>
  <DVD_season></DVD_season>
  <Director>Stephen Williams</Director>
  <EpImgFlag>2</EpImgFlag>
  <EpisodeName>Pendulum</EpisodeName>
  <EpisodeNumber>3</EpisodeNumber>
  <FirstAired>2013-02-28</FirstAired>
  <GuestStars>Charles Dutton|Dylan Baker|Grace Gummer|Ken Leung</GuestStars>
  <IMDB_ID></IMDB_ID>
  <Language>en</Language>
  <Overview>With a renewed determination to find Laila, Hank returns from India, searching for new clues while Laila, who is being held hostage by White Vincent, is tasked with repairing the next clock for him. Knowing she needs to help Hank find her, she starts leaving a trail of clues for him to follow. In another face-to-face showdown with White Vincent, Hank begins to realize there is more to this connection than meets the eye -- or in this case White Vincent's eyes. Meanwhile, Hank's parents seem to be hiding a secret, and with help from the FBI, Hank, Arron and Rachel discover that a famous historical figure holds the key to unlocking the next clock</Overview>
  <ProductionCode></ProductionCode>
  <Rating>7.6</Rating>
  <RatingCount>5</RatingCount>
  <SeasonNumber>1</SeasonNumber>
  <Writer>Zack Estrin</Writer>
  <absolute_number></absolute_number>
  <filename>episodes/258773/4494660.jpg</filename>
  <lastupdated>1362029523</lastupdated>
  <seasonid>492244</seasonid>
  <seriesid>258773</seriesid>
</Episode>
<Episode>
  <id>4502074</id>
  <Combined_episodenumber>4</Combined_episodenumber>
  <Combined_season>1</Combined_season>
  <DVD_chapter></DVD_chapter>
  <DVD_discid></DVD_discid>
  <DVD_episodenumber></DVD_episodenumber>
  <DVD_season></DVD_season>
  <Director>Steven DePaul</Director>
  <EpImgFlag></EpImgFlag>
  <EpisodeName>Chain</EpisodeName>
  <EpisodeNumber>4</EpisodeNumber>
  <FirstAired></FirstAired>
  <GuestStars></GuestStars>
  <IMDB_ID>2215797</IMDB_ID>
  <Language>en</Language>
  <Overview>White Vincent, wounded and in trouble, is still in hiding and holding Laila captive. Sensing his weakness and vulnerability, Laila convinces White Vincent to let her help him with his wounds, all the while looking for an opportunity to escape. Realizing he needs help to get the next clock, White Vincent enlists Hank, bartering Laila's release for his service. As Hank risks his life and dodges ominous warnings from the Shepherds, he comes to realize that people aren't always who they seem to be when shocking new information regarding his wife - and the death of Beck's husband -- comes to light</Overview>
  <ProductionCode></ProductionCode>
  <Rating></Rating>
  <RatingCount>0</RatingCount>
  <SeasonNumber>1</SeasonNumber>
  <Writer>M. Scott Veach|Paul T. Scheuring|Tom Spezialy</Writer>
  <absolute_number></absolute_number>
  <filename></filename>
  <lastupdated>1363082025</lastupdated>
  <seasonid>492244</seasonid>
  <seriesid>258773</seriesid>
</Episode>
<Episode>
  <id>4502075</id>
  <Combined_episodenumber>5</Combined_episodenumber>
  <Combined_season>1</Combined_season>
  <DVD_chapter></DVD_chapter>
  <DVD_discid></DVD_discid>
  <DVD_episodenumber></DVD_episodenumber>
  <DVD_season></DVD_season>
  <Director></Director>
  <EpImgFlag></EpImgFlag>
  <EpisodeName>Suspension</EpisodeName>
  <EpisodeNumber>5</EpisodeNumber>
  <FirstAired></FirstAired>
  <GuestStars></GuestStars>
  <IMDB_ID></IMDB_ID>
  <Language>en</Language>
  <Overview>Hank is frustrated and confused about his relationship with Laila, as more questions come to light about who she really is. With the next clue sending Hank and Beck to Asuncion, Paraguay, the duo find themselves one step behind White Vincent, who shares a startling piece of information with Hank about his past and their connection. Meanwhile Arron and Rachel meet Melanie Lynch, a.k.a. “Mother,” head of the 41 Trust, who seems to be hiding her own agenda and interest regarding the relic at the center of it all</Overview>
  <ProductionCode>Mario Van Peebles</ProductionCode>
  <Rating></Rating>
  <RatingCount>0</RatingCount>
  <SeasonNumber>1</SeasonNumber>
  <Writer>Jerome Schwartz</Writer>
  <absolute_number></absolute_number>
  <filename></filename>
  <lastupdated>1362233476</lastupdated>
  <seasonid>492244</seasonid>
  <seriesid>258773</seriesid>
</Episode>
<Episode>
  <id>4502076</id>
  <Combined_episodenumber>6</Combined_episodenumber>
  <Combined_season>1</Combined_season>
  <DVD_chapter></DVD_chapter>
  <DVD_discid></DVD_discid>
  <DVD_episodenumber></DVD_episodenumber>
  <DVD_season></DVD_season>
  <Director></Director>
  <EpImgFlag></EpImgFlag>
  <EpisodeName>Weight</EpisodeName>
  <EpisodeNumber>6</EpisodeNumber>
  <FirstAired></FirstAired>
  <GuestStars></GuestStars>
  <IMDB_ID></IMDB_ID>
  <Language>en</Language>
  <Overview></Overview>
  <ProductionCode></ProductionCode>
  <Rating></Rating>
  <RatingCount>0</RatingCount>
  <SeasonNumber>1</SeasonNumber>
  <Writer></Writer>
  <absolute_number></absolute_number>
  <filename></filename>
  <lastupdated>1362172942</lastupdated>
  <seasonid>492244</seasonid>
  <seriesid>258773</seriesid>
</Episode>
<Episode>
  <id>4518975</id>
  <Combined_episodenumber>7</Combined_episodenumber>
  <Combined_season>1</Combined_season>
  <DVD_chapter></DVD_chapter>
  <DVD_discid></DVD_discid>
  <DVD_episodenumber></DVD_episodenumber>
  <DVD_season></DVD_season>
  <Director></Director>
  <EpImgFlag></EpImgFlag>
  <EpisodeName>TBA</EpisodeName>
  <EpisodeNumber>7</EpisodeNumber>
  <FirstAired></FirstAired>
  <GuestStars></GuestStars>
  <IMDB_ID></IMDB_ID>
  <Language>en</Language>
  <Overview></Overview>
  <ProductionCode></ProductionCode>
  <Rating></Rating>
  <RatingCount>0</RatingCount>
  <SeasonNumber>1</SeasonNumber>
  <Writer></Writer>
  <absolute_number></absolute_number>
  <filename></filename>
  <lastupdated>1362842445</lastupdated>
  <seasonid>492244</seasonid>
  <seriesid>258773</seriesid>
</Episode>
<Episode>
  <id>4518976</id>
  <Combined_episodenumber>8</Combined_episodenumber>
  <Combined_season>1</Combined_season>
  <DVD_chapter></DVD_chapter>
  <DVD_discid></DVD_discid>
  <DVD_episodenumber></DVD_episodenumber>
  <DVD_season></DVD_season>
  <Director></Director>
  <EpImgFlag></EpImgFlag>
  <EpisodeName>TBA</EpisodeName>
  <EpisodeNumber>8</EpisodeNumber>
  <FirstAired></FirstAired>
  <GuestStars></GuestStars>
  <IMDB_ID></IMDB_ID>
  <Language>en</Language>
  <Overview></Overview>
  <ProductionCode></ProductionCode>
  <Rating></Rating>
  <RatingCount>0</RatingCount>
  <SeasonNumber>1</SeasonNumber>
  <Writer></Writer>
  <absolute_number></absolute_number>
  <filename></filename>
  <lastupdated>1362842455</lastupdated>
  <seasonid>492244</seasonid>
  <seriesid>258773</seriesid>
</Episode>
<Episode>
  <id>4518977</id>
  <Combined_episodenumber>9</Combined_episodenumber>
  <Combined_season>1</Combined_season>
  <DVD_chapter></DVD_chapter>
  <DVD_discid></DVD_discid>
  <DVD_episodenumber></DVD_episodenumber>
  <DVD_season></DVD_season>
  <Director></Director>
  <EpImgFlag></EpImgFlag>
  <EpisodeName>TBA</EpisodeName>
  <EpisodeNumber>9</EpisodeNumber>
  <FirstAired></FirstAired>
  <GuestStars></GuestStars>
  <IMDB_ID></IMDB_ID>
  <Language>en</Language>
  <Overview></Overview>
  <ProductionCode></ProductionCode>
  <Rating></Rating>
  <RatingCount>0</RatingCount>
  <SeasonNumber>1</SeasonNumber>
  <Writer></Writer>
  <absolute_number></absolute_number>
  <filename></filename>
  <lastupdated>1362842464</lastupdated>
  <seasonid>492244</seasonid>
  <seriesid>258773</seriesid>
</Episode>
<Episode>
  <id>4502080</id>
  <Combined_episodenumber>10</Combined_episodenumber>
  <Combined_season>1</Combined_season>
  <DVD_chapter></DVD_chapter>
  <DVD_discid></DVD_discid>
  <DVD_episodenumber></DVD_episodenumber>
  <DVD_season></DVD_season>
  <Director></Director>
  <EpImgFlag></EpImgFlag>
  <EpisodeName>TBA</EpisodeName>
  <EpisodeNumber>10</EpisodeNumber>
  <FirstAired></FirstAired>
  <GuestStars></GuestStars>
  <IMDB_ID></IMDB_ID>
  <Language>en</Language>
  <Overview></Overview>
  <ProductionCode></ProductionCode>
  <Rating></Rating>
  <RatingCount>0</RatingCount>
  <SeasonNumber>1</SeasonNumber>
  <Writer></Writer>
  <absolute_number></absolute_number>
  <filename></filename>
  <lastupdated>1360918600</lastupdated>
  <seasonid>492244</seasonid>
  <seriesid>258773</seriesid>
</Episode>
<Episode>
  <id>4518973</id>
  <Combined_episodenumber>12</Combined_episodenumber>
  <Combined_season>1</Combined_season>
  <DVD_chapter></DVD_chapter>
  <DVD_discid></DVD_discid>
  <DVD_episodenumber></DVD_episodenumber>
  <DVD_season></DVD_season>
  <Director></Director>
  <EpImgFlag></EpImgFlag>
  <EpisodeName>Ratchet</EpisodeName>
  <EpisodeNumber>12</EpisodeNumber>
  <FirstAired></FirstAired>
  <GuestStars></GuestStars>
  <IMDB_ID></IMDB_ID>
  <Language>en</Language>
  <Overview></Overview>
  <ProductionCode></ProductionCode>
  <Rating></Rating>
  <RatingCount>0</RatingCount>
  <SeasonNumber>1</SeasonNumber>
  <Writer></Writer>
  <absolute_number></absolute_number>
  <filename></filename>
  <lastupdated>1362842428</lastupdated>
  <seasonid>492244</seasonid>
  <seriesid>258773</seriesid>
</Episode>
<Episode>
  <id>4518974</id>
  <Combined_episodenumber>13</Combined_episodenumber>
  <Combined_season>1</Combined_season>
  <DVD_chapter></DVD_chapter>
  <DVD_discid></DVD_discid>
  <DVD_episodenumber></DVD_episodenumber>
  <DVD_season></DVD_season>
  <Director></Director>
  <EpImgFlag></EpImgFlag>
  <EpisodeName>Spring</EpisodeName>
  <EpisodeNumber>13</EpisodeNumber>
  <FirstAired></FirstAired>
  <GuestStars></GuestStars>
  <IMDB_ID></IMDB_ID>
  <Language>en</Language>
  <Overview></Overview>
  <ProductionCode></ProductionCode>
  <Rating></Rating>
  <RatingCount>0</RatingCount>
  <SeasonNumber>1</SeasonNumber>
  <Writer></Writer>
  <absolute_number></absolute_number>
  <filename></filename>
  <lastupdated>1362842435</lastupdated>
  <seasonid>492244</seasonid>
  <seriesid>258773</seriesid>
</Episode>
</Data>