<?xml version="1.0" encoding="UTF-8" ?>
<Actors>
<Actor>
  <id>94541</id>
  <Image>actors/94541.jpg</Image>
  <Name>Julie Gonzalo</Name>
  <Role>Parker Lee</Role>
  <SortOrder>0</SortOrder>
</Actor>
<Actor>
  <id>27643</id>
  <Image>actors/27643.jpg</Image>
  <Name>Kristen Bell</Name>
  <Role>Veronica Mars</Role>
  <SortOrder>0</SortOrder>
</Actor>
<Actor>
  <id>27641</id>
  <Image>actors/27641.jpg</Image>
  <Name>Enrico Colantoni</Name>
  <Role>Keith Mars</Role>
  <SortOrder>0</SortOrder>
</Actor>
<Actor>
  <id>94611</id>
  <Image>actors/94611.jpg</Image>
  <Name>Alona Tal</Name>
  <Role>Meg Manning</Role>
  <SortOrder>1</SortOrder>
</Actor>
<Actor>
  <id>94591</id>
  <Image>actors/94591.jpg</Image>
  <Name>Amanda Seyfried</Name>
  <Role>Lily Kane</Role>
  <SortOrder>1</SortOrder>
</Actor>
<Actor>
  <id>77976</id>
  <Image>actors/77976.jpg</Image>
  <Name>Tina Majorino</Name>
  <Role>Cindy &quot;Mac&quot; Mackenzie</Role>
  <SortOrder>1</SortOrder>
</Actor>
<Actor>
  <id>94581</id>
  <Image>actors/94581.jpg</Image>
  <Name>Erica Gimpel</Name>
  <Role>Alicia Fennel</Role>
  <SortOrder>2</SortOrder>
</Actor>
<Actor>
  <id>94561</id>
  <Image>actors/94561.jpg</Image>
  <Name>Lisa Thornhill</Name>
  <Role>Celeste Kane</Role>
  <SortOrder>2</SortOrder>
</Actor>
<Actor>
  <id>94551</id>
  <Image>actors/94551.jpg</Image>
  <Name>Sydney Tamiia Poitier</Name>
  <Role>Mallory Dent</Role>
  <SortOrder>2</SortOrder>
</Actor>
<Actor>
  <id>27646</id>
  <Image>actors/27646.jpg</Image>
  <Name>Tessa Thompson</Name>
  <Role>Jackie Cook</Role>
  <SortOrder>2</SortOrder>
</Actor>
<Actor>
  <id>176421</id>
  <Image>actors/176421.jpg</Image>
  <Name>Jaime Ray Newman</Name>
  <Role>Mindy O'Dell</Role>
  <SortOrder>2</SortOrder>
</Actor>
<Actor>
  <id>176401</id>
  <Image>actors/176401.jpg</Image>
  <Name>Alyson Hannigan</Name>
  <Role>Trina Echolls</Role>
  <SortOrder>2</SortOrder>
</Actor>
<Actor>
  <id>176381</id>
  <Image>actors/176381.jpg</Image>
  <Name>Charisma Carpenter</Name>
  <Role>Kendall Casablancas</Role>
  <SortOrder>2</SortOrder>
</Actor>
<Actor>
  <id>176371</id>
  <Image>actors/176371.jpg</Image>
  <Name>Krysten Ritter</Name>
  <Role>Gia Goodman </Role>
  <SortOrder>2</SortOrder>
</Actor>
<Actor>
  <id>176351</id>
  <Image>actors/176351.jpg</Image>
  <Name>Lisa Rinna</Name>
  <Role>Lynn Echolls</Role>
  <SortOrder>2</SortOrder>
</Actor>
<Actor>
  <id>94601</id>
  <Image>actors/94601.jpg</Image>
  <Name>Harry Hamlin</Name>
  <Role>Aaron Echolls</Role>
  <SortOrder>3</SortOrder>
</Actor>
<Actor>
  <id>94571</id>
  <Image>actors/94571.jpg</Image>
  <Name>Kyle Secor</Name>
  <Role>Jake Kane</Role>
  <SortOrder>3</SortOrder>
</Actor>
<Actor>
  <id>77977</id>
  <Image>actors/77977.jpg</Image>
  <Name>Kyle Gallner</Name>
  <Role>Cassidy &quot;Beaver&quot; Casablancas</Role>
  <SortOrder>3</SortOrder>
</Actor>
<Actor>
  <id>77900</id>
  <Image>actors/77900.jpg</Image>
  <Name>Michael Muhney</Name>
  <Role>Sheriff Don Lamb</Role>
  <SortOrder>3</SortOrder>
</Actor>
<Actor>
  <id>77899</id>
  <Image>actors/77899.jpg</Image>
  <Name>Ryan Hansen</Name>
  <Role>Richard &quot;Dick&quot; Casablancas</Role>
  <SortOrder>3</SortOrder>
</Actor>
<Actor>
  <id>77898</id>
  <Image>actors/77898.jpg</Image>
  <Name>Chris Lowell</Name>
  <Role>Stosh &quot;Piz&quot; Piznarski</Role>
  <SortOrder>3</SortOrder>
</Actor>
<Actor>
  <id>27645</id>
  <Image>actors/27645.jpg</Image>
  <Name>Francis Capra</Name>
  <Role>Eli &quot;Weevil&quot; Navarro</Role>
  <SortOrder>3</SortOrder>
</Actor>
<Actor>
  <id>27644</id>
  <Image>actors/27644.jpg</Image>
  <Name>Teddy Dunn</Name>
  <Role>Duncan Kane</Role>
  <SortOrder>3</SortOrder>
</Actor>
<Actor>
  <id>27642</id>
  <Image>actors/27642.jpg</Image>
  <Name>Jason Dohring</Name>
  <Role>Logan Echolls</Role>
  <SortOrder>3</SortOrder>
</Actor>
<Actor>
  <id>27640</id>
  <Image>actors/27640.jpg</Image>
  <Name>Percy Daggs III</Name>
  <Role>Wallace Fennel</Role>
  <SortOrder>3</SortOrder>
</Actor>
<Actor>
  <id>176441</id>
  <Image>actors/176441.jpg</Image>
  <Name>Daran Norris</Name>
  <Role>Cliff McCormack</Role>
  <SortOrder>3</SortOrder>
</Actor>
<Actor>
  <id>176431</id>
  <Image>actors/176431.jpg</Image>
  <Name>Ed Begley Jr.</Name>
  <Role>Cyrus O'Dell</Role>
  <SortOrder>3</SortOrder>
</Actor>
<Actor>
  <id>176411</id>
  <Image>actors/176411.jpg</Image>
  <Name>Ryan Devlin</Name>
  <Role>Mercer Hayes</Role>
  <SortOrder>3</SortOrder>
</Actor>
<Actor>
  <id>176391</id>
  <Image>actors/176391.jpg</Image>
  <Name>Steve Guttenberg</Name>
  <Role>Woody Goodman</Role>
  <SortOrder>3</SortOrder>
</Actor>
<Actor>
  <id>176341</id>
  <Image>actors/176341.jpg</Image>
  <Name>Duane Daniels</Name>
  <Role>Van Clemmons</Role>
  <SortOrder>3</SortOrder>
</Actor>
</Actors>