<?xml version="1.0" encoding="UTF-8" ?>
<Actors>
<Actor>
  <id>78688</id>
  <Image>actors/78688.jpg</Image>
  <Name>Charlie Day</Name>
  <Role>Charlie Kelly</Role>
  <SortOrder>0</SortOrder>
</Actor>
<Actor>
  <id>78690</id>
  <Image>actors/78690.jpg</Image>
  <Name>Rob McElhenney</Name>
  <Role>Mac</Role>
  <SortOrder>1</SortOrder>
</Actor>
<Actor>
  <id>78692</id>
  <Image>actors/78692.jpg</Image>
  <Name>Danny DeVito</Name>
  <Role>Frank Reynolds</Role>
  <SortOrder>3</SortOrder>
</Actor>
<Actor>
  <id>78691</id>
  <Image>actors/78691.jpg</Image>
  <Name>Kaitlin Olson</Name>
  <Role>Deandra &quot;Sweet Dee&quot; Reynolds</Role>
  <SortOrder>3</SortOrder>
</Actor>
<Actor>
  <id>78689</id>
  <Image>actors/78689.jpg</Image>
  <Name>Glenn Howerton</Name>
  <Role>Dennis Reynolds</Role>
  <SortOrder>3</SortOrder>
</Actor>
</Actors>