<?xml version="1.0" encoding="UTF-8" ?>
<Actors>
<Actor>
  <id>204841</id>
  <Image>actors/204841.jpg</Image>
  <Name>Gugu Mbatha-Raw</Name>
  <Role>Samantha Bloom</Role>
  <SortOrder>0</SortOrder>
</Actor>
<Actor>
  <id>204851</id>
  <Image>actors/204851.jpg</Image>
  <Name>Boris Kodjoe</Name>
  <Role>Steven Bloom</Role>
  <SortOrder>1</SortOrder>
</Actor>
<Actor>
  <id>208721</id>
  <Image>actors/208721.jpg</Image>
  <Name>Mekia Cox</Name>
  <Role>Lizzy Gilliam</Role>
  <SortOrder>3</SortOrder>
</Actor>
<Actor>
  <id>208711</id>
  <Image>actors/208711.jpg</Image>
  <Name>Carter MacIntyre</Name>
  <Role>Leo Nash</Role>
  <SortOrder>3</SortOrder>
</Actor>
<Actor>
  <id>208701</id>
  <Image>actors/208701.jpg</Image>
  <Name>Ben Schwartz</Name>
  <Role>Bill Hoyt</Role>
  <SortOrder>3</SortOrder>
</Actor>
<Actor>
  <id>208691</id>
  <Image></Image>
  <Name>Gerald McRaney</Name>
  <Role>Carlton Shaw</Role>
  <SortOrder>3</SortOrder>
</Actor>
</Actors>