<?xml version="1.0" encoding="UTF-8" ?>
<Data><Series>
  <id>160851</id>
  <Actors>|Gugu Mbatha-Raw|Boris Kodjoe|Mekia Cox|Carter MacIntyre|Ben Schwartz|Gerald McRaney|</Actors>
  <Airs_DayOfWeek>Thursday</Airs_DayOfWeek>
  <Airs_Time>9:00 PM</Airs_Time>
  <ContentRating>TV-14</ContentRating>
  <FirstAired>2010-09-22</FirstAired>
  <Genre>|Action|Adventure|Drama|</Genre>
  <IMDB_ID>tt1568769</IMDB_ID>
  <Language>en</Language>
  <Network>NBC</Network>
  <NetworkID></NetworkID>
  <Overview>Years into their retirement, a husband and wife team are re-activated as CIA agents. </Overview>
  <Rating>7.6</Rating>
  <RatingCount>11</RatingCount>
  <Runtime>60</Runtime>
  <SeriesID>78079</SeriesID>
  <SeriesName>Undercovers</SeriesName>
  <Status>Ended</Status>
  <added>2010-05-03 12:48:57</added>
  <addedBy>101751</addedBy>
  <banner>graphical/160851-g2.jpg</banner>
  <fanart>fanart/original/160851-4.jpg</fanart>
  <lastupdated>1363794724</lastupdated>
  <poster>posters/160851-2.jpg</poster>
  <zap2it_id>EP01264338</zap2it_id>
</Series>
<Episode>
  <id>3178491</id>
  <Combined_episodenumber>1</Combined_episodenumber>
  <Combined_season>0</Combined_season>
  <DVD_chapter></DVD_chapter>
  <DVD_discid></DVD_discid>
  <DVD_episodenumber></DVD_episodenumber>
  <DVD_season></DVD_season>
  <Director></Director>
  <EpImgFlag></EpImgFlag>
  <EpisodeName>Leo's Lost Night</EpisodeName>
  <EpisodeNumber>1</EpisodeNumber>
  <FirstAired>2010-11-17</FirstAired>
  <GuestStars></GuestStars>
  <IMDB_ID></IMDB_ID>
  <Language>en</Language>
  <Overview></Overview>
  <ProductionCode></ProductionCode>
  <Rating></Rating>
  <RatingCount>0</RatingCount>
  <SeasonNumber>0</SeasonNumber>
  <Writer></Writer>
  <absolute_number></absolute_number>
  <airsafter_season></airsafter_season>
  <airsbefore_episode></airsbefore_episode>
  <airsbefore_season></airsbefore_season>
  <filename></filename>
  <lastupdated>1290351516</lastupdated>
  <seasonid>241171</seasonid>
  <seriesid>160851</seriesid>
</Episode>
<Episode>
  <id>2174791</id>
  <Combined_episodenumber>1</Combined_episodenumber>
  <Combined_season>1</Combined_season>
  <DVD_chapter></DVD_chapter>
  <DVD_discid></DVD_discid>
  <DVD_episodenumber></DVD_episodenumber>
  <DVD_season></DVD_season>
  <Director>J. J. Abrams</Director>
  <EpImgFlag>2</EpImgFlag>
  <EpisodeName>Pilot</EpisodeName>
  <EpisodeNumber>1</EpisodeNumber>
  <FirstAired>2010-09-22</FirstAired>
  <GuestStars></GuestStars>
  <IMDB_ID>tt1586228</IMDB_ID>
  <Language>en</Language>
  <Overview>Steven and Samantha Bloom, formerly two of the CIA's best spies, are reinstated when a good friend goes missing.</Overview>
  <ProductionCode></ProductionCode>
  <Rating>7.1</Rating>
  <RatingCount>33</RatingCount>
  <SeasonNumber>1</SeasonNumber>
  <Writer>|J. J. Abrams|Josh Reims|</Writer>
  <absolute_number></absolute_number>
  <filename>episodes/160851/2174791.jpg</filename>
  <lastupdated>1297655643</lastupdated>
  <seasonid>241371</seasonid>
  <seriesid>160851</seriesid>
</Episode>
<Episode>
  <id>2784581</id>
  <Combined_episodenumber>2</Combined_episodenumber>
  <Combined_season>1</Combined_season>
  <DVD_chapter></DVD_chapter>
  <DVD_discid></DVD_discid>
  <DVD_episodenumber></DVD_episodenumber>
  <DVD_season></DVD_season>
  <Director>Stephen Williams</Director>
  <EpImgFlag>2</EpImgFlag>
  <EpisodeName>Instructions</EpisodeName>
  <EpisodeNumber>2</EpisodeNumber>
  <FirstAired>2010-09-29</FirstAired>
  <GuestStars></GuestStars>
  <IMDB_ID>tt1649701</IMDB_ID>
  <Language>en</Language>
  <Overview>Steven and Samantha must rescue a scientist who is kidnapped by the security detail that was hired to protect her.</Overview>
  <ProductionCode></ProductionCode>
  <Rating>6.8</Rating>
  <RatingCount>24</RatingCount>
  <SeasonNumber>1</SeasonNumber>
  <Writer>|J. J. Abrams|Josh Reims|</Writer>
  <absolute_number></absolute_number>
  <filename>episodes/160851/2784581.jpg</filename>
  <lastupdated>1297655672</lastupdated>
  <seasonid>241371</seasonid>
  <seriesid>160851</seriesid>
</Episode>
<Episode>
  <id>2850151</id>
  <Combined_episodenumber>3</Combined_episodenumber>
  <Combined_season>1</Combined_season>
  <DVD_chapter></DVD_chapter>
  <DVD_discid></DVD_discid>
  <DVD_episodenumber></DVD_episodenumber>
  <DVD_season></DVD_season>
  <Director>Tucker Gates</Director>
  <EpImgFlag>2</EpImgFlag>
  <EpisodeName>Devices</EpisodeName>
  <EpisodeNumber>3</EpisodeNumber>
  <FirstAired>2010-10-06</FirstAired>
  <GuestStars></GuestStars>
  <IMDB_ID>tt1649702</IMDB_ID>
  <Language>en</Language>
  <Overview>An informant claims to have information about a device that would compromise the identities of all CIA agents; Steven and Samantha struggle to find the balance between being partners and a married couple while in the field.</Overview>
  <ProductionCode></ProductionCode>
  <Rating>6.7</Rating>
  <RatingCount>14</RatingCount>
  <SeasonNumber>1</SeasonNumber>
  <Writer>|J. J. Abrams|Josh Reims|</Writer>
  <absolute_number></absolute_number>
  <filename>episodes/160851/2850151.jpg</filename>
  <lastupdated>1297655682</lastupdated>
  <seasonid>241371</seasonid>
  <seriesid>160851</seriesid>
</Episode>
<Episode>
  <id>2900051</id>
  <Combined_episodenumber>4</Combined_episodenumber>
  <Combined_season>1</Combined_season>
  <DVD_chapter></DVD_chapter>
  <DVD_discid></DVD_discid>
  <DVD_episodenumber></DVD_episodenumber>
  <DVD_season></DVD_season>
  <Director>Anthony Hemingway</Director>
  <EpImgFlag>2</EpImgFlag>
  <EpisodeName>Jailbreak</EpisodeName>
  <EpisodeNumber>4</EpisodeNumber>
  <FirstAired>2010-10-13</FirstAired>
  <GuestStars></GuestStars>
  <IMDB_ID></IMDB_ID>
  <Language>en</Language>
  <Overview>When an important CIA hard drive goes missing, Steven and Samantha must go to Ireland to search for a prisoner who holds the key to its location; Lizzy invests time and money in the catering business.</Overview>
  <ProductionCode></ProductionCode>
  <Rating>7.2</Rating>
  <RatingCount>19</RatingCount>
  <SeasonNumber>1</SeasonNumber>
  <Writer>Phil Klemmer</Writer>
  <absolute_number></absolute_number>
  <filename>episodes/160851/2900051.jpg</filename>
  <lastupdated>1350109572</lastupdated>
  <seasonid>241371</seasonid>
  <seriesid>160851</seriesid>
</Episode>
<Episode>
  <id>2936971</id>
  <Combined_episodenumber>5</Combined_episodenumber>
  <Combined_season>1</Combined_season>
  <DVD_chapter></DVD_chapter>
  <DVD_discid></DVD_discid>
  <DVD_episodenumber></DVD_episodenumber>
  <DVD_season></DVD_season>
  <Director>Dan Attias</Director>
  <EpImgFlag>2</EpImgFlag>
  <EpisodeName>Not Without My Daughter</EpisodeName>
  <EpisodeNumber>5</EpisodeNumber>
  <FirstAired>2010-10-20</FirstAired>
  <GuestStars></GuestStars>
  <IMDB_ID></IMDB_ID>
  <Language>en</Language>
  <Overview>Samantha and Steven's mission becomes complicated when the North Korean physicist they must locate refuses to come to the U.S. without his daughter; Samantha misses Lizzy's celebration.</Overview>
  <ProductionCode></ProductionCode>
  <Rating>7.4</Rating>
  <RatingCount>17</RatingCount>
  <SeasonNumber>1</SeasonNumber>
  <Writer>Elwood Reid</Writer>
  <absolute_number></absolute_number>
  <filename>episodes/160851/2936971.jpg</filename>
  <lastupdated>1350109519</lastupdated>
  <seasonid>241371</seasonid>
  <seriesid>160851</seriesid>
</Episode>
<Episode>
  <id>2967751</id>
  <Combined_episodenumber>6</Combined_episodenumber>
  <Combined_season>1</Combined_season>
  <DVD_chapter></DVD_chapter>
  <DVD_discid></DVD_discid>
  <DVD_episodenumber></DVD_episodenumber>
  <DVD_season></DVD_season>
  <Director>Stephen Williams</Director>
  <EpImgFlag>2</EpImgFlag>
  <EpisodeName>Xerxes</EpisodeName>
  <EpisodeNumber>6</EpisodeNumber>
  <FirstAired>2010-10-27</FirstAired>
  <GuestStars></GuestStars>
  <IMDB_ID></IMDB_ID>
  <Language>en</Language>
  <Overview>Samantha and Steven are sent to Tuscany to retrieve a weapons dealer and the formula to a lethal biological weapon; Samantha must assume a former cover that involves partnering with Steven's rival.</Overview>
  <ProductionCode></ProductionCode>
  <Rating>7.3</Rating>
  <RatingCount>17</RatingCount>
  <SeasonNumber>1</SeasonNumber>
  <Writer>Michael Foley</Writer>
  <absolute_number></absolute_number>
  <filename>episodes/160851/2967751.jpg</filename>
  <lastupdated>1350109468</lastupdated>
  <seasonid>241371</seasonid>
  <seriesid>160851</seriesid>
</Episode>
<Episode>
  <id>2978941</id>
  <Combined_episodenumber>7</Combined_episodenumber>
  <Combined_season>1</Combined_season>
  <DVD_chapter></DVD_chapter>
  <DVD_discid></DVD_discid>
  <DVD_episodenumber></DVD_episodenumber>
  <DVD_season></DVD_season>
  <Director>Brad Anderson</Director>
  <EpImgFlag>2</EpImgFlag>
  <EpisodeName>Assassin</EpisodeName>
  <EpisodeNumber>7</EpisodeNumber>
  <FirstAired>2010-11-03</FirstAired>
  <GuestStars>|David Anders|Alex Fernandez|</GuestStars>
  <IMDB_ID></IMDB_ID>
  <Language>en</Language>
  <Overview>Samantha puts her own life in danger when she becomes too emotionally invested in a mission in Peru; Lizzy caters a party for one of Samantha's friends.</Overview>
  <ProductionCode></ProductionCode>
  <Rating>7.6</Rating>
  <RatingCount>13</RatingCount>
  <SeasonNumber>1</SeasonNumber>
  <Writer>Karin Gist</Writer>
  <absolute_number></absolute_number>
  <filename>episodes/160851/2978941.jpg</filename>
  <lastupdated>1350109400</lastupdated>
  <seasonid>241371</seasonid>
  <seriesid>160851</seriesid>
</Episode>
<Episode>
  <id>3046781</id>
  <Combined_episodenumber>8</Combined_episodenumber>
  <Combined_season>1</Combined_season>
  <DVD_chapter></DVD_chapter>
  <DVD_discid></DVD_discid>
  <DVD_episodenumber></DVD_episodenumber>
  <DVD_season></DVD_season>
  <Director>Rosemary Rodriguez</Director>
  <EpImgFlag>2</EpImgFlag>
  <EpisodeName>Crashed</EpisodeName>
  <EpisodeNumber>8</EpisodeNumber>
  <FirstAired>2010-11-10</FirstAired>
  <GuestStars></GuestStars>
  <IMDB_ID></IMDB_ID>
  <Language>en</Language>
  <Overview>Samantha and Steven must find a man with a bomb but face unexpected challenges; Shaw wonders how much time he has left before the Blooms become suspicious.</Overview>
  <ProductionCode></ProductionCode>
  <Rating>7.7</Rating>
  <RatingCount>12</RatingCount>
  <SeasonNumber>1</SeasonNumber>
  <Writer>Anthony Sparks</Writer>
  <absolute_number></absolute_number>
  <filename>episodes/160851/3046781.jpg</filename>
  <lastupdated>1350109352</lastupdated>
  <seasonid>241371</seasonid>
  <seriesid>160851</seriesid>
</Episode>
<Episode>
  <id>3070301</id>
  <Combined_episodenumber>9</Combined_episodenumber>
  <Combined_season>1</Combined_season>
  <DVD_chapter></DVD_chapter>
  <DVD_discid></DVD_discid>
  <DVD_episodenumber></DVD_episodenumber>
  <DVD_season></DVD_season>
  <Director>Frederick E. O. Toye</Director>
  <EpImgFlag>2</EpImgFlag>
  <EpisodeName>A Night to Forget</EpisodeName>
  <EpisodeNumber>9</EpisodeNumber>
  <FirstAired>2010-12-01</FirstAired>
  <GuestStars></GuestStars>
  <IMDB_ID></IMDB_ID>
  <Language>en</Language>
  <Overview>When Leo wakes up in a hotel in Mexico with a dead woman next to him and no memory of what transpired, Steven, Samantha and Hoyt travel south of the border in hopes of putting the pieces together to prove Leo's innocence. The stakes get even higher when Shaw unexpectedly arrives with news of a dangerous terrorist on the loose.</Overview>
  <ProductionCode></ProductionCode>
  <Rating>7.5</Rating>
  <RatingCount>12</RatingCount>
  <SeasonNumber>1</SeasonNumber>
  <Writer>Alex Katsnelson</Writer>
  <absolute_number></absolute_number>
  <filename>episodes/160851/3070301.jpg</filename>
  <lastupdated>1315261461</lastupdated>
  <seasonid>241371</seasonid>
  <seriesid>160851</seriesid>
</Episode>
<Episode>
  <id>3286091</id>
  <Combined_episodenumber>10</Combined_episodenumber>
  <Combined_season>1</Combined_season>
  <DVD_chapter></DVD_chapter>
  <DVD_discid></DVD_discid>
  <DVD_episodenumber></DVD_episodenumber>
  <DVD_season></DVD_season>
  <Director>Jonas Pate</Director>
  <EpImgFlag>2</EpImgFlag>
  <EpisodeName>Funny Money</EpisodeName>
  <EpisodeNumber>10</EpisodeNumber>
  <FirstAired>2010-12-22</FirstAired>
  <GuestStars>Gene Farber|Enver Gjokaj|Harry J. Lennix|Henri Lubatti</GuestStars>
  <IMDB_ID></IMDB_ID>
  <Language>en</Language>
  <Overview>Steven and Samantha must recover stolen American currency plates before they are used to make counterfeit money; Leo helps Lizzy make a decision about her future.</Overview>
  <ProductionCode></ProductionCode>
  <Rating>7.5</Rating>
  <RatingCount>10</RatingCount>
  <SeasonNumber>1</SeasonNumber>
  <Writer>Tracy Bellomo</Writer>
  <absolute_number></absolute_number>
  <filename>episodes/160851/3286091.jpg</filename>
  <lastupdated>1315261485</lastupdated>
  <seasonid>241371</seasonid>
  <seriesid>160851</seriesid>
</Episode>
<Episode>
  <id>3286101</id>
  <Combined_episodenumber>11</Combined_episodenumber>
  <Combined_season>1</Combined_season>
  <DVD_chapter></DVD_chapter>
  <DVD_discid></DVD_discid>
  <DVD_episodenumber></DVD_episodenumber>
  <DVD_season></DVD_season>
  <Director></Director>
  <EpImgFlag>2</EpImgFlag>
  <EpisodeName>The Key to It All</EpisodeName>
  <EpisodeNumber>11</EpisodeNumber>
  <FirstAired>2010-12-29</FirstAired>
  <GuestStars>Alan Dale</GuestStars>
  <IMDB_ID></IMDB_ID>
  <Language>en</Language>
  <Overview>Steven and Samantha are pulled away from their romantic Greek vacation to help with a hostage situation in Tel Aviv.</Overview>
  <ProductionCode></ProductionCode>
  <Rating>7.9</Rating>
  <RatingCount>8</RatingCount>
  <SeasonNumber>1</SeasonNumber>
  <Writer></Writer>
  <absolute_number></absolute_number>
  <filename>episodes/160851/3286101.jpg</filename>
  <lastupdated>1315261508</lastupdated>
  <seasonid>241371</seasonid>
  <seriesid>160851</seriesid>
</Episode>
<Episode>
  <id>3530561</id>
  <Combined_episodenumber>12</Combined_episodenumber>
  <Combined_season>1</Combined_season>
  <DVD_chapter></DVD_chapter>
  <DVD_discid></DVD_discid>
  <DVD_episodenumber></DVD_episodenumber>
  <DVD_season></DVD_season>
  <Director></Director>
  <EpImgFlag></EpImgFlag>
  <EpisodeName>Dark Cover</EpisodeName>
  <EpisodeNumber>12</EpisodeNumber>
  <FirstAired></FirstAired>
  <GuestStars></GuestStars>
  <IMDB_ID></IMDB_ID>
  <Language>en</Language>
  <Overview>After a chance meeting with a former criminal accomplice, Steven resumes his former bad guy cover in an attempt to foil a plot to release a deadly smallpox virus.</Overview>
  <ProductionCode></ProductionCode>
  <Rating>7.0</Rating>
  <RatingCount>1</RatingCount>
  <SeasonNumber>1</SeasonNumber>
  <Writer></Writer>
  <absolute_number></absolute_number>
  <filename></filename>
  <lastupdated>1362238717</lastupdated>
  <seasonid>241371</seasonid>
  <seriesid>160851</seriesid>
</Episode>
<Episode>
  <id>3530571</id>
  <Combined_episodenumber>13</Combined_episodenumber>
  <Combined_season>1</Combined_season>
  <DVD_chapter></DVD_chapter>
  <DVD_discid></DVD_discid>
  <DVD_episodenumber></DVD_episodenumber>
  <DVD_season></DVD_season>
  <Director></Director>
  <EpImgFlag></EpImgFlag>
  <EpisodeName>The Reason</EpisodeName>
  <EpisodeNumber>13</EpisodeNumber>
  <FirstAired></FirstAired>
  <GuestStars></GuestStars>
  <IMDB_ID></IMDB_ID>
  <Language>en</Language>
  <Overview>Steven and Samantha uncover the startling real reason they were brought back into the CIA when they find themselves fighting for their lives on a mission to Dubai.</Overview>
  <ProductionCode></ProductionCode>
  <Rating>7.0</Rating>
  <RatingCount>1</RatingCount>
  <SeasonNumber>1</SeasonNumber>
  <Writer></Writer>
  <absolute_number></absolute_number>
  <filename></filename>
  <lastupdated>1362238727</lastupdated>
  <seasonid>241371</seasonid>
  <seriesid>160851</seriesid>
</Episode>
</Data>