<?xml version="1.0" encoding="UTF-8" ?>
<Actors>
<Actor>
  <id>80165</id>
  <Image>actors/80165.jpg</Image>
  <Name>Christopher Egan</Name>
  <Role>David</Role>
  <SortOrder>0</SortOrder>
</Actor>
<Actor>
  <id>114411</id>
  <Image>actors/114411.jpg</Image>
  <Name>Allison Miller</Name>
  <Role>Michelle Benjamin</Role>
  <SortOrder>1</SortOrder>
</Actor>
<Actor>
  <id>80166</id>
  <Image>actors/80166.jpg</Image>
  <Name>Ian McShane</Name>
  <Role>King Silas</Role>
  <SortOrder>2</SortOrder>
</Actor>
<Actor>
  <id>117581</id>
  <Image>actors/117581.jpg</Image>
  <Name>Wes Studi</Name>
  <Role>Gen. Linus Abner</Role>
  <SortOrder>3</SortOrder>
</Actor>
<Actor>
  <id>117571</id>
  <Image>actors/117571.jpg</Image>
  <Name>Eamonn Walker</Name>
  <Role>Rev. Ephram Samuels</Role>
  <SortOrder>3</SortOrder>
</Actor>
<Actor>
  <id>117561</id>
  <Image>actors/117561.jpg</Image>
  <Name>Dylan Baker</Name>
  <Role>William Cross</Role>
  <SortOrder>3</SortOrder>
</Actor>
<Actor>
  <id>117551</id>
  <Image>actors/117551.jpg</Image>
  <Name>Marlyne Afflack</Name>
  <Role>Thomasina</Role>
  <SortOrder>3</SortOrder>
</Actor>
<Actor>
  <id>117541</id>
  <Image>actors/117541.jpg</Image>
  <Name>Susanna Thompson</Name>
  <Role>Queen Rose Benjamin </Role>
  <SortOrder>3</SortOrder>
</Actor>
<Actor>
  <id>114401</id>
  <Image>actors/114401.jpg</Image>
  <Name>Sebastian Stan</Name>
  <Role>Jack Benjamin</Role>
  <SortOrder>3</SortOrder>
</Actor>
</Actors>