<?xml version="1.0" encoding="UTF-8" ?>
<Banners>
<Banner>
  <id>63321</id>
  <BannerPath>fanart/original/84068-4.jpg</BannerPath>
  <BannerType>fanart</BannerType>
  <BannerType2>1280x720</BannerType2>
  <Colors></Colors>
  <Language>en</Language>
  <Rating>10.0000</Rating>
  <RatingCount>1</RatingCount>
  <SeriesName>false</SeriesName>
  <ThumbnailPath>_cache/fanart/original/84068-4.jpg</ThumbnailPath>
  <VignettePath>fanart/vignette/84068-4.jpg</VignettePath>
</Banner>
<Banner>
  <id>495601</id>
  <BannerPath>fanart/original/84068-9.jpg</BannerPath>
  <BannerType>fanart</BannerType>
  <BannerType2>1280x720</BannerType2>
  <Colors></Colors>
  <Language>en</Language>
  <Rating>9.0000</Rating>
  <RatingCount>1</RatingCount>
  <SeriesName>false</SeriesName>
  <ThumbnailPath>_cache/fanart/original/84068-9.jpg</ThumbnailPath>
  <VignettePath>fanart/vignette/84068-9.jpg</VignettePath>
</Banner>
<Banner>
  <id>495591</id>
  <BannerPath>fanart/original/84068-8.jpg</BannerPath>
  <BannerType>fanart</BannerType>
  <BannerType2>1280x720</BannerType2>
  <Colors></Colors>
  <Language>en</Language>
  <Rating>9.0000</Rating>
  <RatingCount>1</RatingCount>
  <SeriesName>false</SeriesName>
  <ThumbnailPath>_cache/fanart/original/84068-8.jpg</ThumbnailPath>
  <VignettePath>fanart/vignette/84068-8.jpg</VignettePath>
</Banner>
<Banner>
  <id>495561</id>
  <BannerPath>fanart/original/84068-7.jpg</BannerPath>
  <BannerType>fanart</BannerType>
  <BannerType2>1280x720</BannerType2>
  <Colors></Colors>
  <Language>en</Language>
  <Rating>8.0000</Rating>
  <RatingCount>1</RatingCount>
  <SeriesName>false</SeriesName>
  <ThumbnailPath>_cache/fanart/original/84068-7.jpg</ThumbnailPath>
  <VignettePath>fanart/vignette/84068-7.jpg</VignettePath>
</Banner>
<Banner>
  <id>51131</id>
  <BannerPath>fanart/original/84068-3.jpg</BannerPath>
  <BannerType>fanart</BannerType>
  <BannerType2>1280x720</BannerType2>
  <Colors></Colors>
  <Language>en</Language>
  <Rating>8.0000</Rating>
  <RatingCount>7</RatingCount>
  <SeriesName>false</SeriesName>
  <ThumbnailPath>_cache/fanart/original/84068-3.jpg</ThumbnailPath>
  <VignettePath>fanart/vignette/84068-3.jpg</VignettePath>
</Banner>
<Banner>
  <id>43141</id>
  <BannerPath>fanart/original/84068-1.jpg</BannerPath>
  <BannerType>fanart</BannerType>
  <BannerType2>1280x720</BannerType2>
  <Colors>|120,62,40|198,203,209|0,0,0|</Colors>
  <Language>en</Language>
  <Rating>5.7143</Rating>
  <RatingCount>7</RatingCount>
  <SeriesName>false</SeriesName>
  <ThumbnailPath>_cache/fanart/original/84068-1.jpg</ThumbnailPath>
  <VignettePath>fanart/vignette/84068-1.jpg</VignettePath>
</Banner>
<Banner>
  <id>198031</id>
  <BannerPath>fanart/original/84068-6.jpg</BannerPath>
  <BannerType>fanart</BannerType>
  <BannerType2>1280x720</BannerType2>
  <Colors></Colors>
  <Language>en</Language>
  <Rating>5.5000</Rating>
  <RatingCount>2</RatingCount>
  <SeriesName>true</SeriesName>
  <ThumbnailPath>_cache/fanart/original/84068-6.jpg</ThumbnailPath>
  <VignettePath>fanart/vignette/84068-6.jpg</VignettePath>
</Banner>
<Banner>
  <id>919085</id>
  <BannerPath>fanart/original/84068-11.jpg</BannerPath>
  <BannerType>fanart</BannerType>
  <BannerType2>1920x1080</BannerType2>
  <Colors></Colors>
  <Language>fr</Language>
  <Rating></Rating>
  <RatingCount>0</RatingCount>
  <SeriesName>false</SeriesName>
  <ThumbnailPath>_cache/fanart/original/84068-11.jpg</ThumbnailPath>
  <VignettePath>fanart/vignette/84068-11.jpg</VignettePath>
</Banner>
<Banner>
  <id>151321</id>
  <BannerPath>fanart/original/84068-5.jpg</BannerPath>
  <BannerType>fanart</BannerType>
  <BannerType2>1920x1080</BannerType2>
  <Colors></Colors>
  <Language>en</Language>
  <Rating></Rating>
  <RatingCount>0</RatingCount>
  <SeriesName>false</SeriesName>
  <ThumbnailPath>_cache/fanart/original/84068-5.jpg</ThumbnailPath>
  <VignettePath>fanart/vignette/84068-5.jpg</VignettePath>
</Banner>
<Banner>
  <id>919083</id>
  <BannerPath>fanart/original/84068-2.jpg</BannerPath>
  <BannerType>fanart</BannerType>
  <BannerType2>1920x1080</BannerType2>
  <Colors></Colors>
  <Language>fr</Language>
  <Rating></Rating>
  <RatingCount>0</RatingCount>
  <SeriesName>false</SeriesName>
  <ThumbnailPath>_cache/fanart/original/84068-2.jpg</ThumbnailPath>
  <VignettePath>fanart/vignette/84068-2.jpg</VignettePath>
</Banner>
<Banner>
  <id>919084</id>
  <BannerPath>fanart/original/84068-10.jpg</BannerPath>
  <BannerType>fanart</BannerType>
  <BannerType2>1920x1080</BannerType2>
  <Colors></Colors>
  <Language>fr</Language>
  <Rating></Rating>
  <RatingCount>0</RatingCount>
  <SeriesName>false</SeriesName>
  <ThumbnailPath>_cache/fanart/original/84068-10.jpg</ThumbnailPath>
  <VignettePath>fanart/vignette/84068-10.jpg</VignettePath>
</Banner>
<Banner>
  <id>43139</id>
  <BannerPath>posters/84068-1.jpg</BannerPath>
  <BannerType>poster</BannerType>
  <BannerType2>680x1000</BannerType2>
  <Language>en</Language>
  <Rating>8.0000</Rating>
  <RatingCount>2</RatingCount>
</Banner>
<Banner>
  <id>505651</id>
  <BannerPath>posters/84068-3.jpg</BannerPath>
  <BannerType>poster</BannerType>
  <BannerType2>680x1000</BannerType2>
  <Language>en</Language>
  <Rating>8.0000</Rating>
  <RatingCount>1</RatingCount>
</Banner>
<Banner>
  <id>217421</id>
  <BannerPath>posters/84068-2.jpg</BannerPath>
  <BannerType>poster</BannerType>
  <BannerType2>680x1000</BannerType2>
  <Language>en</Language>
  <Rating></Rating>
  <RatingCount>0</RatingCount>
</Banner>
<Banner>
  <id>43142</id>
  <BannerPath>seasons/84068-1.jpg</BannerPath>
  <BannerType>season</BannerType>
  <BannerType2>season</BannerType2>
  <Language>en</Language>
  <Rating>9.0000</Rating>
  <RatingCount>1</RatingCount>
  <Season>1</Season>
</Banner>
<Banner>
  <id>43384</id>
  <BannerPath>graphical/84068-g4.jpg</BannerPath>
  <BannerType>series</BannerType>
  <BannerType2>graphical</BannerType2>
  <Language>en</Language>
  <Rating>8.2000</Rating>
  <RatingCount>5</RatingCount>
</Banner>
<Banner>
  <id>244581</id>
  <BannerPath>graphical/84068-g8.jpg</BannerPath>
  <BannerType>series</BannerType>
  <BannerType2>graphical</BannerType2>
  <Language>en</Language>
  <Rating>8.0000</Rating>
  <RatingCount>2</RatingCount>
</Banner>
<Banner>
  <id>46861</id>
  <BannerPath>graphical/84068-g6.jpg</BannerPath>
  <BannerType>series</BannerType>
  <BannerType2>graphical</BannerType2>
  <Language>en</Language>
  <Rating>7.2500</Rating>
  <RatingCount>4</RatingCount>
</Banner>
<Banner>
  <id>123751</id>
  <BannerPath>graphical/84068-g7.jpg</BannerPath>
  <BannerType>series</BannerType>
  <BannerType2>graphical</BannerType2>
  <Language>en</Language>
  <Rating>7.0000</Rating>
  <RatingCount>1</RatingCount>
</Banner>
<Banner>
  <id>43143</id>
  <BannerPath>graphical/84068-g3.jpg</BannerPath>
  <BannerType>series</BannerType>
  <BannerType2>graphical</BannerType2>
  <Language>en</Language>
  <Rating>6.2500</Rating>
  <RatingCount>4</RatingCount>
</Banner>
<Banner>
  <id>39255</id>
  <BannerPath>graphical/84068-g2.jpg</BannerPath>
  <BannerType>series</BannerType>
  <BannerType2>graphical</BannerType2>
  <Language>en</Language>
  <Rating>6.2000</Rating>
  <RatingCount>5</RatingCount>
</Banner>
<Banner>
  <id>44721</id>
  <BannerPath>graphical/84068-g5.jpg</BannerPath>
  <BannerType>series</BannerType>
  <BannerType2>graphical</BannerType2>
  <Language>en</Language>
  <Rating>4.0000</Rating>
  <RatingCount>1</RatingCount>
</Banner>
<Banner>
  <id>39253</id>
  <BannerPath>graphical/84068-g.jpg</BannerPath>
  <BannerType>series</BannerType>
  <BannerType2>graphical</BannerType2>
  <Language>en</Language>
  <Rating>3.8000</Rating>
  <RatingCount>5</RatingCount>
</Banner>
</Banners>