<?xml version="1.0" encoding="UTF-8" ?>
<Data><Series>
  <id>84068</id>
  <Actors>|Christopher Egan|Allison Miller|Ian McShane|Wes Studi|Eamonn Walker|Dylan Baker|Marlyne Afflack|Susanna Thompson|Sebastian Stan|</Actors>
  <Airs_DayOfWeek>Saturday</Airs_DayOfWeek>
  <Airs_Time>8:00 pm</Airs_Time>
  <ContentRating>TV-14</ContentRating>
  <FirstAired>2009-03-15</FirstAired>
  <Genre>|Drama|</Genre>
  <IMDB_ID>tt1137462</IMDB_ID>
  <Language>en</Language>
  <Network>NBC</Network>
  <NetworkID></NetworkID>
  <Overview>From executive producer Michael Green (NBC’s &quot;Heroes&quot;) comes a riveting new drama about a modern day monarchy. &quot;Kings&quot; is a contemporary re-telling of the timeless tale of David and Goliath. This series is an epic story of greed and power, war and romance, forbidden loves and secret alliances -- and a young hero who rises to power in a modern-day kingdom.

King Silas Benjamin (Ian McShane, &quot;Deadwood&quot;) is the well-entrenched king of Gilboa, whose flag bears a divine butterfly symbol. Gilboa has its capital in Shiloh, a clean new city that is unspoiled by time or litter. Silas must deal with the tensions rising between Gilboa and neighboring nation Gath. When several prisoners of war are taken, a young soldier, David Shepherd (Chris Egan, &quot;Eragon&quot;), defies orders and crosses enemy lines to save them. Unknown to David, the soldier he saves is Jack Benjamin (Sebastian Stan, &quot;The Covenant&quot;), the son of the king. From that day forth, David’s life will never be the same.

Susanna Thompson (&quot;Once &amp; Again&quot;) plays Queen Rose Benjamin, a distant, yet supportive wife. Allison Miller (&quot;Lucy’s Piano&quot;) stars as King Silas’ beautiful, intelligent and outspoken daughter, Michelle. General Linus Abner (Wes Studi, &quot;Comanche Moon,&quot; &quot;Bury My Heart at Wounded Knee&quot;), Reverend Ephram Samuels (Eamonn Walker, &quot;Oz&quot;) and William Cross, Silas’ brother-in-law (Dylan Baker, &quot;Spiderman 2&quot;), try to influence King Silas.

From Universal Media Studios, &quot;Kings&quot; is executive-produced by Green, Erwin Stoff (&quot;I Am Legend&quot;) and Francis Lawrence (&quot;I Am Legend&quot;), who also directed the pilot. </Overview>
  <Rating>8.5</Rating>
  <RatingCount>30</RatingCount>
  <Runtime>60</Runtime>
  <SeriesID>75338</SeriesID>
  <SeriesName>Kings</SeriesName>
  <Status>Ended</Status>
  <added>2008-12-11 04:20:57</added>
  <addedBy>3071</addedBy>
  <banner>graphical/84068-g4.jpg</banner>
  <fanart>fanart/original/84068-4.jpg</fanart>
  <lastupdated>1362120132</lastupdated>
  <poster>posters/84068-3.jpg</poster>
  <zap2it_id></zap2it_id>
</Series>
<Episode>
  <id>2122751</id>
  <Combined_episodenumber>0</Combined_episodenumber>
  <Combined_season>1</Combined_season>
  <DVD_chapter></DVD_chapter>
  <DVD_discid></DVD_discid>
  <DVD_episodenumber></DVD_episodenumber>
  <DVD_season></DVD_season>
  <Director></Director>
  <EpImgFlag></EpImgFlag>
  <EpisodeName></EpisodeName>
  <EpisodeNumber>0</EpisodeNumber>
  <FirstAired></FirstAired>
  <GuestStars></GuestStars>
  <IMDB_ID></IMDB_ID>
  <Language>en</Language>
  <Overview></Overview>
  <ProductionCode></ProductionCode>
  <Rating></Rating>
  <RatingCount>0</RatingCount>
  <SeasonNumber>1</SeasonNumber>
  <Writer></Writer>
  <absolute_number></absolute_number>
  <filename></filename>
  <lastupdated>1311700215</lastupdated>
  <seasonid>38048</seasonid>
  <seriesid>84068</seriesid>
</Episode>
<Episode>
  <id>414704</id>
  <Combined_episodenumber>1.0</Combined_episodenumber>
  <Combined_season>1</Combined_season>
  <DVD_chapter></DVD_chapter>
  <DVD_discid></DVD_discid>
  <DVD_episodenumber>1.0</DVD_episodenumber>
  <DVD_season>1</DVD_season>
  <Director>Francis Lawrence</Director>
  <EpImgFlag>2</EpImgFlag>
  <EpisodeName>Goliath (Part 1)</EpisodeName>
  <EpisodeNumber>1</EpisodeNumber>
  <FirstAired>2009-03-15</FirstAired>
  <GuestStars></GuestStars>
  <IMDB_ID>tt1333381</IMDB_ID>
  <Language>en</Language>
  <Overview>Parts 1 and 2 of the special two hour premiere episode, in which battles between the neighboring nations of Gilboa and Gath rage. One soldier named David Shepherd, takes action when he sees prisoners of war taken. After crossing enemy lines to rescue them, he is told he just saved the king of Gilboa's son. His life forever changes in that moment.</Overview>
  <ProductionCode></ProductionCode>
  <Rating>7.5</Rating>
  <RatingCount>12</RatingCount>
  <SeasonNumber>1</SeasonNumber>
  <Writer>Michael Green</Writer>
  <absolute_number></absolute_number>
  <filename>episodes/84068/414704.jpg</filename>
  <lastupdated>1272145854</lastupdated>
  <seasonid>38048</seasonid>
  <seriesid>84068</seriesid>
</Episode>
<Episode>
  <id>2122761</id>
  <Combined_episodenumber>1.1</Combined_episodenumber>
  <Combined_season>1</Combined_season>
  <DVD_chapter></DVD_chapter>
  <DVD_discid></DVD_discid>
  <DVD_episodenumber>1.1</DVD_episodenumber>
  <DVD_season>1</DVD_season>
  <Director>Francis Lawrence</Director>
  <EpImgFlag>2</EpImgFlag>
  <EpisodeName>Goliath (Part 2)</EpisodeName>
  <EpisodeNumber>2</EpisodeNumber>
  <FirstAired>2009-03-15</FirstAired>
  <GuestStars></GuestStars>
  <IMDB_ID></IMDB_ID>
  <Language>en</Language>
  <Overview>Parts 1 and 2 of the special two hour premiere episode, in which battles between the neighboring nations of Gilboa and Gath rage. One soldier named David Shepherd, takes action when he sees prisoners of war taken. After crossing enemy lines to rescue them, he is told he just saved the king of Gilboa's son. His life forever changes in that moment.</Overview>
  <ProductionCode></ProductionCode>
  <Rating>7.0</Rating>
  <RatingCount>1</RatingCount>
  <SeasonNumber>1</SeasonNumber>
  <Writer>Michael Green</Writer>
  <absolute_number></absolute_number>
  <filename>episodes/84068/2122761.jpg</filename>
  <lastupdated>1272146069</lastupdated>
  <seasonid>38048</seasonid>
  <seriesid>84068</seriesid>
</Episode>
<Episode>
  <id>503191</id>
  <Combined_episodenumber>2.0</Combined_episodenumber>
  <Combined_season>1</Combined_season>
  <DVD_chapter></DVD_chapter>
  <DVD_discid></DVD_discid>
  <DVD_episodenumber>2.0</DVD_episodenumber>
  <DVD_season>1</DVD_season>
  <Director>Adam Davidson</Director>
  <EpImgFlag>2</EpImgFlag>
  <EpisodeName>Prosperity</EpisodeName>
  <EpisodeNumber>3</EpisodeNumber>
  <FirstAired>2009-03-22</FirstAired>
  <GuestStars></GuestStars>
  <IMDB_ID>tt1333382</IMDB_ID>
  <Language>en</Language>
  <Overview>As Queen Rose gets the mansion ready for the Gath military, King Silas and General Abner begin to plot against David Shepherd. However, when David is not at the peace treaty signing, the Gath leaders begin to question the ceremony. Meanwhile, William works to weaken the King's power; and Jack, angry about his parents' treatment, goes on a shopping spree.</Overview>
  <ProductionCode></ProductionCode>
  <Rating>7.0</Rating>
  <RatingCount>5</RatingCount>
  <SeasonNumber>1</SeasonNumber>
  <Writer>Erik Oleson</Writer>
  <absolute_number>2</absolute_number>
  <filename>episodes/84068/503191.jpg</filename>
  <lastupdated>1272145805</lastupdated>
  <seasonid>38048</seasonid>
  <seriesid>84068</seriesid>
</Episode>
<Episode>
  <id>503461</id>
  <Combined_episodenumber>3.0</Combined_episodenumber>
  <Combined_season>1</Combined_season>
  <DVD_chapter></DVD_chapter>
  <DVD_discid></DVD_discid>
  <DVD_episodenumber>3.0</DVD_episodenumber>
  <DVD_season>1</DVD_season>
  <Director>Francis Lawrence</Director>
  <EpImgFlag>2</EpImgFlag>
  <EpisodeName>First Night</EpisodeName>
  <EpisodeNumber>4</EpisodeNumber>
  <FirstAired>2009-03-29</FirstAired>
  <GuestStars></GuestStars>
  <IMDB_ID>tt1331718</IMDB_ID>
  <Language>en</Language>
  <Overview>Queen Rose prepares for First Night. She expects Silas to be here for the entire event but Seth, his illegitimate son, has become very ill. Helen begs him to come to his side. Jack invites David to a night on the town with his friends from the army. Michelle on learning that David followed Jack instead of being at the Ballet decides to chat up with a very old friend, Paul Ash.</Overview>
  <ProductionCode>103</ProductionCode>
  <Rating>7.8</Rating>
  <RatingCount>6</RatingCount>
  <SeasonNumber>1</SeasonNumber>
  <Writer>Michael Green</Writer>
  <absolute_number>3</absolute_number>
  <filename>episodes/84068/503461.jpg</filename>
  <lastupdated>1272145796</lastupdated>
  <seasonid>38048</seasonid>
  <seriesid>84068</seriesid>
</Episode>
<Episode>
  <id>526521</id>
  <Combined_episodenumber>4.0</Combined_episodenumber>
  <Combined_season>1</Combined_season>
  <DVD_chapter></DVD_chapter>
  <DVD_discid></DVD_discid>
  <DVD_episodenumber>4.0</DVD_episodenumber>
  <DVD_season>1</DVD_season>
  <Director>Adam Davidson</Director>
  <EpImgFlag>2</EpImgFlag>
  <EpisodeName>Insurrection</EpisodeName>
  <EpisodeNumber>5</EpisodeNumber>
  <FirstAired>2009-04-05</FirstAired>
  <GuestStars></GuestStars>
  <IMDB_ID>tt1331719</IMDB_ID>
  <Language>en</Language>
  <Overview>Silas leverages Port Prosperity during negotiations with Gath, testing David's loyalties. Elsewhere, Gilboa's citizens rebel against Silas' decision, causing Michelle to take action, and William tries to convince Jack to disobey his father.</Overview>
  <ProductionCode>104</ProductionCode>
  <Rating>8.5</Rating>
  <RatingCount>2</RatingCount>
  <SeasonNumber>1</SeasonNumber>
  <Writer>Erik Oleson</Writer>
  <absolute_number>4</absolute_number>
  <filename>episodes/84068/526521.jpg</filename>
  <lastupdated>1272145786</lastupdated>
  <seasonid>38048</seasonid>
  <seriesid>84068</seriesid>
</Episode>
<Episode>
  <id>533691</id>
  <Combined_episodenumber>5.0</Combined_episodenumber>
  <Combined_season>1</Combined_season>
  <DVD_chapter></DVD_chapter>
  <DVD_discid></DVD_discid>
  <DVD_episodenumber>5.0</DVD_episodenumber>
  <DVD_season>1</DVD_season>
  <Director>Clark Johnson</Director>
  <EpImgFlag>2</EpImgFlag>
  <EpisodeName>Judgment Day</EpisodeName>
  <EpisodeNumber>6</EpisodeNumber>
  <FirstAired>2009-04-18</FirstAired>
  <GuestStars></GuestStars>
  <IMDB_ID>tt1331720</IMDB_ID>
  <Language>en</Language>
  <Overview>Today is Judgment Day, an annual tradition in which Silas will preside over 10 cases by it's end. David and Michelle are divided when both want the 10th case spot. Elsewhere, the king's nephew is released from exile, and Jack and Katrina find themselves growing closer during their quest for power.</Overview>
  <ProductionCode>105</ProductionCode>
  <Rating>7.0</Rating>
  <RatingCount>4</RatingCount>
  <SeasonNumber>1</SeasonNumber>
  <Writer>Julie Martin</Writer>
  <absolute_number>5</absolute_number>
  <filename>episodes/84068/533691.jpg</filename>
  <lastupdated>1272145777</lastupdated>
  <seasonid>38048</seasonid>
  <seriesid>84068</seriesid>
</Episode>
<Episode>
  <id>749531</id>
  <Combined_episodenumber>6.0</Combined_episodenumber>
  <Combined_season>1</Combined_season>
  <DVD_chapter></DVD_chapter>
  <DVD_discid></DVD_discid>
  <DVD_episodenumber>6.0</DVD_episodenumber>
  <DVD_season>1</DVD_season>
  <Director>Tucker Gates</Director>
  <EpImgFlag>2</EpImgFlag>
  <EpisodeName>Brotherhood</EpisodeName>
  <EpisodeNumber>7</EpisodeNumber>
  <FirstAired>2009-06-13</FirstAired>
  <GuestStars></GuestStars>
  <IMDB_ID>tt1331721</IMDB_ID>
  <Language>en</Language>
  <Overview>When Gath's dangerous request threatens the peace treaty, Jack and David head to Gath to shore it up. Elsewhere, Michelle's health-care bill has caused her problems, and Silas takes steps to keep the city from being ravaged by a plague.</Overview>
  <ProductionCode>106</ProductionCode>
  <Rating>7.0</Rating>
  <RatingCount>4</RatingCount>
  <SeasonNumber>1</SeasonNumber>
  <Writer>Kamran Pasha</Writer>
  <absolute_number>6</absolute_number>
  <filename>episodes/84068/749531.jpg</filename>
  <lastupdated>1272145770</lastupdated>
  <seasonid>38048</seasonid>
  <seriesid>84068</seriesid>
</Episode>
<Episode>
  <id>749541</id>
  <Combined_episodenumber>7.0</Combined_episodenumber>
  <Combined_season>1</Combined_season>
  <DVD_chapter></DVD_chapter>
  <DVD_discid></DVD_discid>
  <DVD_episodenumber>7.0</DVD_episodenumber>
  <DVD_season>1</DVD_season>
  <Director>Akiva Goldsman</Director>
  <EpImgFlag>2</EpImgFlag>
  <EpisodeName>The Sabbath Queen</EpisodeName>
  <EpisodeNumber>8</EpisodeNumber>
  <FirstAired>2009-06-20</FirstAired>
  <GuestStars></GuestStars>
  <IMDB_ID>tt1331722</IMDB_ID>
  <Language>en</Language>
  <Overview>A blackout interrupts the birthday celebration being held for King Silas, and may put the whole royal family in danger. Michelle and David get a chance to be alone due to this blackout, and gives Jack an opportunity to engage in his secret double life without being noticed. Meanwhile, Silas' future may be threatened by a decision from past.</Overview>
  <ProductionCode>107</ProductionCode>
  <Rating>6.8</Rating>
  <RatingCount>4</RatingCount>
  <SeasonNumber>1</SeasonNumber>
  <Writer>Michael Green</Writer>
  <absolute_number>7</absolute_number>
  <filename>episodes/84068/749541.jpg</filename>
  <lastupdated>1272145762</lastupdated>
  <seasonid>38048</seasonid>
  <seriesid>84068</seriesid>
</Episode>
<Episode>
  <id>749551</id>
  <Combined_episodenumber>8.0</Combined_episodenumber>
  <Combined_season>1</Combined_season>
  <DVD_chapter></DVD_chapter>
  <DVD_discid></DVD_discid>
  <DVD_episodenumber>8.0</DVD_episodenumber>
  <DVD_season>1</DVD_season>
  <Director>Akiva Goldsman</Director>
  <EpImgFlag>2</EpImgFlag>
  <EpisodeName>Pilgrimage</EpisodeName>
  <EpisodeNumber>9</EpisodeNumber>
  <FirstAired>2009-06-27</FirstAired>
  <GuestStars></GuestStars>
  <IMDB_ID>tt1331723</IMDB_ID>
  <Language>en</Language>
  <Overview>Silas reveals part of his life outside of the palace, after he and David go to the country. Meanwhile, Rose tries to keep Michelle and Jack's secrets under wraps.</Overview>
  <ProductionCode>108</ProductionCode>
  <Rating>6.8</Rating>
  <RatingCount>4</RatingCount>
  <SeasonNumber>1</SeasonNumber>
  <Writer>Michael Green|David Schulner</Writer>
  <absolute_number>8</absolute_number>
  <filename>episodes/84068/749551.jpg</filename>
  <lastupdated>1272145750</lastupdated>
  <seasonid>38048</seasonid>
  <seriesid>84068</seriesid>
</Episode>
<Episode>
  <id>749561</id>
  <Combined_episodenumber>9.0</Combined_episodenumber>
  <Combined_season>1</Combined_season>
  <DVD_chapter></DVD_chapter>
  <DVD_discid></DVD_discid>
  <DVD_episodenumber>9.0</DVD_episodenumber>
  <DVD_season>1</DVD_season>
  <Director>Adam Kane</Director>
  <EpImgFlag>2</EpImgFlag>
  <EpisodeName>Chapter One</EpisodeName>
  <EpisodeNumber>10</EpisodeNumber>
  <FirstAired>2009-07-04</FirstAired>
  <GuestStars>|Leslie Bibb|Titus Welliver|Marlyne Afflack|John Nielsen|Jason Antoon|</GuestStars>
  <IMDB_ID>tt1341975</IMDB_ID>
  <Language>en</Language>
  <Overview>David is sent to recover the Charter of Gilboa, and learns some news of his father's death. Jack and Katrina announce their engagement, causing issues within the royal family.</Overview>
  <ProductionCode>109</ProductionCode>
  <Rating>6.7</Rating>
  <RatingCount>3</RatingCount>
  <SeasonNumber>1</SeasonNumber>
  <Writer>Bradford Winters|David Schulner</Writer>
  <absolute_number>9</absolute_number>
  <filename>episodes/84068/749561.jpg</filename>
  <lastupdated>1272145742</lastupdated>
  <seasonid>38048</seasonid>
  <seriesid>84068</seriesid>
</Episode>
<Episode>
  <id>749571</id>
  <Combined_episodenumber>10.0</Combined_episodenumber>
  <Combined_season>1</Combined_season>
  <DVD_chapter></DVD_chapter>
  <DVD_discid></DVD_discid>
  <DVD_episodenumber>10.0</DVD_episodenumber>
  <DVD_season>1</DVD_season>
  <Director>Clark Johnson</Director>
  <EpImgFlag>2</EpImgFlag>
  <EpisodeName>Javelin</EpisodeName>
  <EpisodeNumber>11</EpisodeNumber>
  <FirstAired>2009-07-11</FirstAired>
  <GuestStars></GuestStars>
  <IMDB_ID>tt1341973</IMDB_ID>
  <Language>en</Language>
  <Overview>When David is arrested for treason, Silas hands the trial to Jack to deal with.</Overview>
  <ProductionCode>110</ProductionCode>
  <Rating>8.0</Rating>
  <RatingCount>5</RatingCount>
  <SeasonNumber>1</SeasonNumber>
  <Writer>Seamus Kevin Fahey</Writer>
  <absolute_number>10</absolute_number>
  <filename>episodes/84068/749571.jpg</filename>
  <lastupdated>1272145733</lastupdated>
  <seasonid>38048</seasonid>
  <seriesid>84068</seriesid>
</Episode>
<Episode>
  <id>783961</id>
  <Combined_episodenumber>11.0</Combined_episodenumber>
  <Combined_season>1</Combined_season>
  <DVD_chapter></DVD_chapter>
  <DVD_discid></DVD_discid>
  <DVD_episodenumber>11.0</DVD_episodenumber>
  <DVD_season>1</DVD_season>
  <Director>Ed Bianchi</Director>
  <EpImgFlag>2</EpImgFlag>
  <EpisodeName>The New King (Part 1)</EpisodeName>
  <EpisodeNumber>12</EpisodeNumber>
  <FirstAired>2009-07-18</FirstAired>
  <GuestStars></GuestStars>
  <IMDB_ID>tt1341974</IMDB_ID>
  <Language>en</Language>
  <Overview>After imprisoning Jack and David for treason, Silas continues with his plan to hand over Port Prosperity to long-time enemy Gath. Meanwhile, Michelle seeks a way to keep David alive.</Overview>
  <ProductionCode>111</ProductionCode>
  <Rating>8.0</Rating>
  <RatingCount>8</RatingCount>
  <SeasonNumber>1</SeasonNumber>
  <Writer>Kara Corthron</Writer>
  <absolute_number>11</absolute_number>
  <filename>episodes/84068/783961.jpg</filename>
  <lastupdated>1272145723</lastupdated>
  <seasonid>38048</seasonid>
  <seriesid>84068</seriesid>
</Episode>
<Episode>
  <id>815591</id>
  <Combined_episodenumber>12.0</Combined_episodenumber>
  <Combined_season>1</Combined_season>
  <DVD_chapter></DVD_chapter>
  <DVD_discid></DVD_discid>
  <DVD_episodenumber>12.0</DVD_episodenumber>
  <DVD_season>1</DVD_season>
  <Director>Tucker Gates</Director>
  <EpImgFlag>2</EpImgFlag>
  <EpisodeName>The New King (Part 2)</EpisodeName>
  <EpisodeNumber>13</EpisodeNumber>
  <FirstAired>2009-07-25</FirstAired>
  <GuestStars></GuestStars>
  <IMDB_ID>tt1372544</IMDB_ID>
  <Language>en</Language>
  <Overview>Jack and William make plans for Jack to take his father's place as King of Gilboa. To everyone's surprise, Silas is alive and David escapes Shiloh to warn Silas about the chaos to come.</Overview>
  <ProductionCode>112</ProductionCode>
  <Rating>8.0</Rating>
  <RatingCount>6</RatingCount>
  <SeasonNumber>1</SeasonNumber>
  <Writer>Michael Green|David Schulner|Julie Martin|Erik Oleson</Writer>
  <absolute_number>12</absolute_number>
  <filename>episodes/84068/815591.jpg</filename>
  <lastupdated>1272145713</lastupdated>
  <seasonid>38048</seasonid>
  <seriesid>84068</seriesid>
</Episode>
</Data>