<?xml version="1.0" encoding="UTF-8" ?>
<Actors>
<Actor>
  <id>90841</id>
  <Image>actors/90841.jpg</Image>
  <Name>Mark Feuerstein</Name>
  <Role>Hank Lawson</Role>
  <SortOrder>0</SortOrder>
</Actor>
<Actor>
  <id>90851</id>
  <Image>actors/90851.jpg</Image>
  <Name>Paulo Costanzo</Name>
  <Role>Evan Lawson</Role>
  <SortOrder>1</SortOrder>
</Actor>
<Actor>
  <id>90861</id>
  <Image>actors/90861.jpg</Image>
  <Name>Reshma Shetty</Name>
  <Role>Divya</Role>
  <SortOrder>2</SortOrder>
</Actor>
<Actor>
  <id>295122</id>
  <Image>actors/295122.jpg</Image>
  <Name>Brooke D'Orsay</Name>
  <Role>Paige Collins</Role>
  <SortOrder>2</SortOrder>
</Actor>
<Actor>
  <id>103861</id>
  <Image>actors/103861.jpg</Image>
  <Name>Campbell Scott</Name>
  <Role>Boris</Role>
  <SortOrder>2</SortOrder>
</Actor>
<Actor>
  <id>301437</id>
  <Image>actors/301437.jpg</Image>
  <Name>Ben Shenkman</Name>
  <Role>Jeremiah Sacani</Role>
  <SortOrder>3</SortOrder>
</Actor>
<Actor>
  <id>295121</id>
  <Image>actors/295121.jpg</Image>
  <Name>Kyle Howard</Name>
  <Role>Paul Van Dyke</Role>
  <SortOrder>3</SortOrder>
</Actor>
<Actor>
  <id>295120</id>
  <Image>actors/295120.jpg</Image>
  <Name>Tom Cavanagh</Name>
  <Role>Jack O'Malley</Role>
  <SortOrder>3</SortOrder>
</Actor>
<Actor>
  <id>103851</id>
  <Image>actors/103851.jpg</Image>
  <Name>Jill Flint</Name>
  <Role>Jill Casey</Role>
  <SortOrder>3</SortOrder>
</Actor>
</Actors>