<?xml version="1.0" encoding="UTF-8" ?>
<Data><Series>
  <id>92411</id>
  <Actors>|Mark Feuerstein|Paulo Costanzo|Reshma Shetty|Brooke D'Orsay|Campbell Scott|Ben Shenkman|Kyle Howard|Tom Cavanagh|Jill Flint|</Actors>
  <Airs_DayOfWeek>Wednesday</Airs_DayOfWeek>
  <Airs_Time>9:00 pm</Airs_Time>
  <ContentRating>TV-PG</ContentRating>
  <FirstAired>2009-06-04</FirstAired>
  <Genre>|Drama|</Genre>
  <IMDB_ID>tt1319735</IMDB_ID>
  <Language>en</Language>
  <Network>USA Network</Network>
  <NetworkID></NetworkID>
  <Overview>ROYAL PAINS centers on a young E.R. doctor who, after being wrongly blamed for a patient's death, moves to the Hamptons and becomes the reluctant &quot;doctor for hire&quot; to the rich and famous. When the attractive administrator of the local hospital asks him to treat the town's less fortunate, he finds himself walking the line between doing well for himself and doing good for others.</Overview>
  <Rating>8.4</Rating>
  <RatingCount>54</RatingCount>
  <Runtime>60</Runtime>
  <SeriesID>75383</SeriesID>
  <SeriesName>Royal Pains</SeriesName>
  <Status>Continuing</Status>
  <added>2009-05-01 04:56:39</added>
  <addedBy>235</addedBy>
  <banner>graphical/92411-g4.jpg</banner>
  <fanart>fanart/original/92411-2.jpg</fanart>
  <lastupdated>1365462169</lastupdated>
  <poster>posters/92411-3.jpg</poster>
  <zap2it_id>SH01150465</zap2it_id>
</Series>
<Episode>
  <id>3542011</id>
  <Combined_episodenumber>1</Combined_episodenumber>
  <Combined_season>0</Combined_season>
  <DVD_chapter></DVD_chapter>
  <DVD_discid></DVD_discid>
  <DVD_episodenumber></DVD_episodenumber>
  <DVD_season></DVD_season>
  <Director></Director>
  <EpImgFlag></EpImgFlag>
  <EpisodeName>Gag Reel</EpisodeName>
  <EpisodeNumber>1</EpisodeNumber>
  <FirstAired></FirstAired>
  <GuestStars></GuestStars>
  <IMDB_ID></IMDB_ID>
  <Language>en</Language>
  <Overview></Overview>
  <ProductionCode></ProductionCode>
  <Rating></Rating>
  <RatingCount>0</RatingCount>
  <SeasonNumber>0</SeasonNumber>
  <Writer></Writer>
  <absolute_number></absolute_number>
  <airsafter_season></airsafter_season>
  <airsbefore_episode></airsbefore_episode>
  <airsbefore_season></airsbefore_season>
  <filename></filename>
  <lastupdated>1295968987</lastupdated>
  <seasonid>60121</seasonid>
  <seriesid>92411</seriesid>
</Episode>
<Episode>
  <id>3542031</id>
  <Combined_episodenumber>2</Combined_episodenumber>
  <Combined_season>0</Combined_season>
  <DVD_chapter></DVD_chapter>
  <DVD_discid></DVD_discid>
  <DVD_episodenumber></DVD_episodenumber>
  <DVD_season></DVD_season>
  <Director></Director>
  <EpImgFlag></EpImgFlag>
  <EpisodeName>TB or Not TB - Deleted Scenes</EpisodeName>
  <EpisodeNumber>2</EpisodeNumber>
  <FirstAired></FirstAired>
  <GuestStars></GuestStars>
  <IMDB_ID></IMDB_ID>
  <Language>en</Language>
  <Overview></Overview>
  <ProductionCode></ProductionCode>
  <Rating></Rating>
  <RatingCount>0</RatingCount>
  <SeasonNumber>0</SeasonNumber>
  <Writer></Writer>
  <absolute_number></absolute_number>
  <airsafter_season></airsafter_season>
  <airsbefore_episode></airsbefore_episode>
  <airsbefore_season></airsbefore_season>
  <filename></filename>
  <lastupdated>1295969006</lastupdated>
  <seasonid>60121</seasonid>
  <seriesid>92411</seriesid>
</Episode>
<Episode>
  <id>3542051</id>
  <Combined_episodenumber>3</Combined_episodenumber>
  <Combined_season>0</Combined_season>
  <DVD_chapter></DVD_chapter>
  <DVD_discid></DVD_discid>
  <DVD_episodenumber></DVD_episodenumber>
  <DVD_season></DVD_season>
  <Director></Director>
  <EpImgFlag></EpImgFlag>
  <EpisodeName>The Honeymoon's Over - Deleted Scenes</EpisodeName>
  <EpisodeNumber>3</EpisodeNumber>
  <FirstAired></FirstAired>
  <GuestStars></GuestStars>
  <IMDB_ID></IMDB_ID>
  <Language>en</Language>
  <Overview></Overview>
  <ProductionCode></ProductionCode>
  <Rating></Rating>
  <RatingCount>0</RatingCount>
  <SeasonNumber>0</SeasonNumber>
  <Writer></Writer>
  <absolute_number></absolute_number>
  <airsafter_season></airsafter_season>
  <airsbefore_episode></airsbefore_episode>
  <airsbefore_season></airsbefore_season>
  <filename></filename>
  <lastupdated>1295969037</lastupdated>
  <seasonid>60121</seasonid>
  <seriesid>92411</seriesid>
</Episode>
<Episode>
  <id>3542061</id>
  <Combined_episodenumber>4</Combined_episodenumber>
  <Combined_season>0</Combined_season>
  <DVD_chapter></DVD_chapter>
  <DVD_discid></DVD_discid>
  <DVD_episodenumber></DVD_episodenumber>
  <DVD_season></DVD_season>
  <Director></Director>
  <EpImgFlag></EpImgFlag>
  <EpisodeName>Am I Blue - Deleted Scenes</EpisodeName>
  <EpisodeNumber>4</EpisodeNumber>
  <FirstAired></FirstAired>
  <GuestStars></GuestStars>
  <IMDB_ID></IMDB_ID>
  <Language>en</Language>
  <Overview></Overview>
  <ProductionCode></ProductionCode>
  <Rating></Rating>
  <RatingCount>0</RatingCount>
  <SeasonNumber>0</SeasonNumber>
  <Writer></Writer>
  <absolute_number></absolute_number>
  <airsafter_season></airsafter_season>
  <airsbefore_episode></airsbefore_episode>
  <airsbefore_season></airsbefore_season>
  <filename></filename>
  <lastupdated>1295969055</lastupdated>
  <seasonid>60121</seasonid>
  <seriesid>92411</seriesid>
</Episode>
<Episode>
  <id>3542071</id>
  <Combined_episodenumber>5</Combined_episodenumber>
  <Combined_season>0</Combined_season>
  <DVD_chapter></DVD_chapter>
  <DVD_discid></DVD_discid>
  <DVD_episodenumber></DVD_episodenumber>
  <DVD_season></DVD_season>
  <Director></Director>
  <EpImgFlag></EpImgFlag>
  <EpisodeName>Nobody's Perfect - Deleted Scenes</EpisodeName>
  <EpisodeNumber>5</EpisodeNumber>
  <FirstAired></FirstAired>
  <GuestStars></GuestStars>
  <IMDB_ID></IMDB_ID>
  <Language>en</Language>
  <Overview></Overview>
  <ProductionCode></ProductionCode>
  <Rating></Rating>
  <RatingCount>0</RatingCount>
  <SeasonNumber>0</SeasonNumber>
  <Writer></Writer>
  <absolute_number></absolute_number>
  <airsafter_season></airsafter_season>
  <airsbefore_episode></airsbefore_episode>
  <airsbefore_season></airsbefore_season>
  <filename></filename>
  <lastupdated>1295969071</lastupdated>
  <seasonid>60121</seasonid>
  <seriesid>92411</seriesid>
</Episode>
<Episode>
  <id>3542081</id>
  <Combined_episodenumber>6</Combined_episodenumber>
  <Combined_season>0</Combined_season>
  <DVD_chapter></DVD_chapter>
  <DVD_discid></DVD_discid>
  <DVD_episodenumber></DVD_episodenumber>
  <DVD_season></DVD_season>
  <Director></Director>
  <EpImgFlag></EpImgFlag>
  <EpisodeName>Wonderland - Deleted Scenes</EpisodeName>
  <EpisodeNumber>6</EpisodeNumber>
  <FirstAired></FirstAired>
  <GuestStars></GuestStars>
  <IMDB_ID></IMDB_ID>
  <Language>en</Language>
  <Overview></Overview>
  <ProductionCode></ProductionCode>
  <Rating></Rating>
  <RatingCount>0</RatingCount>
  <SeasonNumber>0</SeasonNumber>
  <Writer></Writer>
  <absolute_number></absolute_number>
  <airsafter_season></airsafter_season>
  <airsbefore_episode></airsbefore_episode>
  <airsbefore_season></airsbefore_season>
  <filename></filename>
  <lastupdated>1295969088</lastupdated>
  <seasonid>60121</seasonid>
  <seriesid>92411</seriesid>
</Episode>
<Episode>
  <id>4386884</id>
  <Combined_episodenumber>7</Combined_episodenumber>
  <Combined_season>0</Combined_season>
  <DVD_chapter></DVD_chapter>
  <DVD_discid></DVD_discid>
  <DVD_episodenumber></DVD_episodenumber>
  <DVD_season></DVD_season>
  <Director></Director>
  <EpImgFlag></EpImgFlag>
  <EpisodeName>Royal Pains Paulo's Video Blog</EpisodeName>
  <EpisodeNumber>7</EpisodeNumber>
  <FirstAired></FirstAired>
  <GuestStars></GuestStars>
  <IMDB_ID></IMDB_ID>
  <Language>en</Language>
  <Overview></Overview>
  <ProductionCode></ProductionCode>
  <Rating></Rating>
  <RatingCount>0</RatingCount>
  <SeasonNumber>0</SeasonNumber>
  <Writer></Writer>
  <absolute_number></absolute_number>
  <airsafter_season>1</airsafter_season>
  <airsbefore_episode></airsbefore_episode>
  <airsbefore_season></airsbefore_season>
  <filename></filename>
  <lastupdated>1346149787</lastupdated>
  <seasonid>60121</seasonid>
  <seriesid>92411</seriesid>
</Episode>
<Episode>
  <id>694421</id>
  <Combined_episodenumber>1</Combined_episodenumber>
  <Combined_season>1</Combined_season>
  <DVD_chapter></DVD_chapter>
  <DVD_discid></DVD_discid>
  <DVD_episodenumber></DVD_episodenumber>
  <DVD_season></DVD_season>
  <Director>Jace Alexander</Director>
  <EpImgFlag>2</EpImgFlag>
  <EpisodeName>Pilot</EpisodeName>
  <EpisodeNumber>1</EpisodeNumber>
  <FirstAired>2009-06-04</FirstAired>
  <GuestStars></GuestStars>
  <IMDB_ID>tt1449673</IMDB_ID>
  <Language>en</Language>
  <Overview>Young Dr. Hank Lawson has been recently fired when he stumbles into a new career as a concierge physician for the rich and privileged denizens within the Hamptons. Along with an assist from his ambitious brother, who provides his encouragement and advice with money along the way. </Overview>
  <ProductionCode></ProductionCode>
  <Rating>7.8</Rating>
  <RatingCount>38</RatingCount>
  <SeasonNumber>1</SeasonNumber>
  <Writer>Andrew Lenchewski</Writer>
  <absolute_number></absolute_number>
  <filename>episodes/92411/694421.jpg</filename>
  <lastupdated>1325519398</lastupdated>
  <seasonid>71361</seasonid>
  <seriesid>92411</seriesid>
</Episode>
<Episode>
  <id>721881</id>
  <Combined_episodenumber>2</Combined_episodenumber>
  <Combined_season>1</Combined_season>
  <DVD_chapter></DVD_chapter>
  <DVD_discid></DVD_discid>
  <DVD_episodenumber></DVD_episodenumber>
  <DVD_season></DVD_season>
  <Director>Don Scardino</Director>
  <EpImgFlag>2</EpImgFlag>
  <EpisodeName>There Will Be Food</EpisodeName>
  <EpisodeNumber>2</EpisodeNumber>
  <FirstAired>2009-06-11</FirstAired>
  <GuestStars></GuestStars>
  <IMDB_ID>tt1449676</IMDB_ID>
  <Language>en</Language>
  <Overview>A ballerina Evan is dating loses consciousness after he feeds her junk foods she had to give up to keep her dancer's physique.</Overview>
  <ProductionCode></ProductionCode>
  <Rating>7.5</Rating>
  <RatingCount>29</RatingCount>
  <SeasonNumber>1</SeasonNumber>
  <Writer>Michael Rauch</Writer>
  <absolute_number></absolute_number>
  <filename>episodes/92411/721881.jpg</filename>
  <lastupdated>1325519673</lastupdated>
  <seasonid>71361</seasonid>
  <seriesid>92411</seriesid>
</Episode>
<Episode>
  <id>721891</id>
  <Combined_episodenumber>3</Combined_episodenumber>
  <Combined_season>1</Combined_season>
  <DVD_chapter></DVD_chapter>
  <DVD_discid></DVD_discid>
  <DVD_episodenumber></DVD_episodenumber>
  <DVD_season></DVD_season>
  <Director>Don Scardino</Director>
  <EpImgFlag>2</EpImgFlag>
  <EpisodeName>Strategic Planning</EpisodeName>
  <EpisodeNumber>3</EpisodeNumber>
  <FirstAired>2009-06-18</FirstAired>
  <GuestStars></GuestStars>
  <IMDB_ID>tt1449674</IMDB_ID>
  <Language>en</Language>
  <Overview>Hank and Divya are called to the home of a wealthy U.S. senator, whose pushy wife Lilly Everett asks them to perform a discreet &quot;executive physical&quot; on their teenage son Kendrick, who will be Notre Dame's starting quarterback in the fall.</Overview>
  <ProductionCode></ProductionCode>
  <Rating>7.4</Rating>
  <RatingCount>36</RatingCount>
  <SeasonNumber>1</SeasonNumber>
  <Writer>Michael Rauch</Writer>
  <absolute_number></absolute_number>
  <filename>episodes/92411/721891.jpg</filename>
  <lastupdated>1325519687</lastupdated>
  <seasonid>71361</seasonid>
  <seriesid>92411</seriesid>
</Episode>
<Episode>
  <id>721901</id>
  <Combined_episodenumber>4</Combined_episodenumber>
  <Combined_season>1</Combined_season>
  <DVD_chapter></DVD_chapter>
  <DVD_discid></DVD_discid>
  <DVD_episodenumber></DVD_episodenumber>
  <DVD_season></DVD_season>
  <Director>Constantine Makris</Director>
  <EpImgFlag>2</EpImgFlag>
  <EpisodeName>TB or not TB</EpisodeName>
  <EpisodeNumber>4</EpisodeNumber>
  <FirstAired>2009-06-25</FirstAired>
  <GuestStars></GuestStars>
  <IMDB_ID>tt1449675</IMDB_ID>
  <Language>en</Language>
  <Overview>When Allison Moore, the owner/head chef of a trendy Hamptons restaurant suffers a stroke, Hank attempts to save her from potential long-term damage, but she goes missing before treatment is administered.  And on the day that Hank had previously planned to get married he spends time with Jill.</Overview>
  <ProductionCode></ProductionCode>
  <Rating>7.4</Rating>
  <RatingCount>33</RatingCount>
  <SeasonNumber>1</SeasonNumber>
  <Writer>Constance M. Burge</Writer>
  <absolute_number></absolute_number>
  <filename>episodes/92411/721901.jpg</filename>
  <lastupdated>1325519950</lastupdated>
  <seasonid>71361</seasonid>
  <seriesid>92411</seriesid>
</Episode>
<Episode>
  <id>721911</id>
  <Combined_episodenumber>5</Combined_episodenumber>
  <Combined_season>1</Combined_season>
  <DVD_chapter></DVD_chapter>
  <DVD_discid></DVD_discid>
  <DVD_episodenumber></DVD_episodenumber>
  <DVD_season></DVD_season>
  <Director>Don Scardino</Director>
  <EpImgFlag>2</EpImgFlag>
  <EpisodeName>No Man Is an Island</EpisodeName>
  <EpisodeNumber>5</EpisodeNumber>
  <FirstAired>2009-07-09</FirstAired>
  <GuestStars></GuestStars>
  <IMDB_ID>tt1457393</IMDB_ID>
  <Language>en</Language>
  <Overview>Hank and Evan take on a job looking after a wealthy family who live on a private island which is technology-free. Despite Hank's better judgment, a woman plans on having her baby right there on the island. Meanwhile, Evan finds himself clashing with a teenage family member. Back at home, Jill struggles with hospital politics. </Overview>
  <ProductionCode></ProductionCode>
  <Rating>7.4</Rating>
  <RatingCount>32</RatingCount>
  <SeasonNumber>1</SeasonNumber>
  <Writer>Carol Flint</Writer>
  <absolute_number></absolute_number>
  <filename>episodes/92411/721911.jpg</filename>
  <lastupdated>1313933679</lastupdated>
  <seasonid>71361</seasonid>
  <seriesid>92411</seriesid>
</Episode>
<Episode>
  <id>721921</id>
  <Combined_episodenumber>6</Combined_episodenumber>
  <Combined_season>1</Combined_season>
  <DVD_chapter></DVD_chapter>
  <DVD_discid></DVD_discid>
  <DVD_episodenumber></DVD_episodenumber>
  <DVD_season></DVD_season>
  <Director></Director>
  <EpImgFlag>2</EpImgFlag>
  <EpisodeName>If I Were a Sick Man</EpisodeName>
  <EpisodeNumber>6</EpisodeNumber>
  <FirstAired>2009-07-16</FirstAired>
  <GuestStars></GuestStars>
  <IMDB_ID>tt1455966</IMDB_ID>
  <Language>en</Language>
  <Overview>Hank finds himself needing to quarantine the guests from a party and considers making a call to the County Health to announce a possible outbreak. Elsewhere, Evan makes some interesting facts concerning Divya's personal life, and Jill wants to keep her relationship with Hank under wraps.</Overview>
  <ProductionCode></ProductionCode>
  <Rating>7.3</Rating>
  <RatingCount>33</RatingCount>
  <SeasonNumber>1</SeasonNumber>
  <Writer></Writer>
  <absolute_number></absolute_number>
  <filename>episodes/92411/721921.jpg</filename>
  <lastupdated>1325520048</lastupdated>
  <seasonid>71361</seasonid>
  <seriesid>92411</seriesid>
</Episode>
<Episode>
  <id>721931</id>
  <Combined_episodenumber>7</Combined_episodenumber>
  <Combined_season>1</Combined_season>
  <DVD_chapter></DVD_chapter>
  <DVD_discid></DVD_discid>
  <DVD_episodenumber></DVD_episodenumber>
  <DVD_season></DVD_season>
  <Director></Director>
  <EpImgFlag>2</EpImgFlag>
  <EpisodeName>Crazy Love</EpisodeName>
  <EpisodeNumber>7</EpisodeNumber>
  <FirstAired>2009-07-23</FirstAired>
  <GuestStars></GuestStars>
  <IMDB_ID>tt1467729</IMDB_ID>
  <Language>en</Language>
  <Overview>Hank and Divya treat a Spanish spitfire involved in an accident whose injuries are more serious then they appear. A dream job offer from Boris brings Jill's childhood friend Katie back to the Hamptons, but tempers flare when Hank learns Boris has been keeping a dark secret. And the arrival of Divya's fiancee causes to her to rethink their relationship.</Overview>
  <ProductionCode></ProductionCode>
  <Rating>7.0</Rating>
  <RatingCount>35</RatingCount>
  <SeasonNumber>1</SeasonNumber>
  <Writer></Writer>
  <absolute_number></absolute_number>
  <filename>episodes/92411/721931.jpg</filename>
  <lastupdated>1325519868</lastupdated>
  <seasonid>71361</seasonid>
  <seriesid>92411</seriesid>
</Episode>
<Episode>
  <id>855801</id>
  <Combined_episodenumber>8</Combined_episodenumber>
  <Combined_season>1</Combined_season>
  <DVD_chapter></DVD_chapter>
  <DVD_discid></DVD_discid>
  <DVD_episodenumber></DVD_episodenumber>
  <DVD_season></DVD_season>
  <Director></Director>
  <EpImgFlag>2</EpImgFlag>
  <EpisodeName>The Honeymoon's Over</EpisodeName>
  <EpisodeNumber>8</EpisodeNumber>
  <FirstAired>2009-07-30</FirstAired>
  <GuestStars></GuestStars>
  <IMDB_ID>tt1466379</IMDB_ID>
  <Language>en</Language>
  <Overview>Hank treats a childrens book illustrator that has a heart condition. Divya is treating a software guru who just married a swimsuit supermodel. Hank and Jill deal with the fact that Hank seems to be going down the same road as her former boyfriend.</Overview>
  <ProductionCode></ProductionCode>
  <Rating>7.2</Rating>
  <RatingCount>32</RatingCount>
  <SeasonNumber>1</SeasonNumber>
  <Writer></Writer>
  <absolute_number></absolute_number>
  <filename>episodes/92411/855801.jpg</filename>
  <lastupdated>1325519893</lastupdated>
  <seasonid>71361</seasonid>
  <seriesid>92411</seriesid>
</Episode>
<Episode>
  <id>947211</id>
  <Combined_episodenumber>9</Combined_episodenumber>
  <Combined_season>1</Combined_season>
  <DVD_chapter></DVD_chapter>
  <DVD_discid></DVD_discid>
  <DVD_episodenumber></DVD_episodenumber>
  <DVD_season></DVD_season>
  <Director></Director>
  <EpImgFlag>2</EpImgFlag>
  <EpisodeName>It's Like Jamais Vu All Over Again</EpisodeName>
  <EpisodeNumber>9</EpisodeNumber>
  <FirstAired>2009-08-06</FirstAired>
  <GuestStars></GuestStars>
  <IMDB_ID>tt1480140</IMDB_ID>
  <Language>en</Language>
  <Overview>During an equestrian show, a young girl falls from her horse and is complaining of strange symptoms which makes Hank believe her father is hiding something. Elsewhere, Divya weighs over telling her dad the truth about her job, and Hank meets Jill's ex-husband.</Overview>
  <ProductionCode></ProductionCode>
  <Rating>7.2</Rating>
  <RatingCount>29</RatingCount>
  <SeasonNumber>1</SeasonNumber>
  <Writer></Writer>
  <absolute_number></absolute_number>
  <filename>episodes/92411/947211.jpg</filename>
  <lastupdated>1313933779</lastupdated>
  <seasonid>71361</seasonid>
  <seriesid>92411</seriesid>
</Episode>
<Episode>
  <id>952621</id>
  <Combined_episodenumber>10</Combined_episodenumber>
  <Combined_season>1</Combined_season>
  <DVD_chapter></DVD_chapter>
  <DVD_discid></DVD_discid>
  <DVD_episodenumber></DVD_episodenumber>
  <DVD_season></DVD_season>
  <Director></Director>
  <EpImgFlag>2</EpImgFlag>
  <EpisodeName>Am I Blue?</EpisodeName>
  <EpisodeNumber>10</EpisodeNumber>
  <FirstAired>2009-08-13</FirstAired>
  <GuestStars></GuestStars>
  <IMDB_ID>tt1480139</IMDB_ID>
  <Language>en</Language>
  <Overview>To kick his drug habit, Tucker's dad decides to undergo a rapid detox, but Hank objects be cause of it's dangers. Elsewhere, Even accidentally makes a night club owner mad; Hank and Jill try to contact Boris, who has fled to New York. </Overview>
  <ProductionCode></ProductionCode>
  <Rating>7.4</Rating>
  <RatingCount>29</RatingCount>
  <SeasonNumber>1</SeasonNumber>
  <Writer></Writer>
  <absolute_number></absolute_number>
  <filename>episodes/92411/952621.jpg</filename>
  <lastupdated>1313933798</lastupdated>
  <seasonid>71361</seasonid>
  <seriesid>92411</seriesid>
</Episode>
<Episode>
  <id>952631</id>
  <Combined_episodenumber>11</Combined_episodenumber>
  <Combined_season>1</Combined_season>
  <DVD_chapter></DVD_chapter>
  <DVD_discid></DVD_discid>
  <DVD_episodenumber></DVD_episodenumber>
  <DVD_season></DVD_season>
  <Director></Director>
  <EpImgFlag>2</EpImgFlag>
  <EpisodeName>Nobody's Perfect</EpisodeName>
  <EpisodeNumber>11</EpisodeNumber>
  <FirstAired>2009-08-20</FirstAired>
  <GuestStars></GuestStars>
  <IMDB_ID>tt1496190</IMDB_ID>
  <Language>en</Language>
  <Overview>While in New York to examine Boris' strange illness, Hank discovers the Gardner family wants to go after his medical license. Elsewhere, while on a reclusive millionaire's yacht, Evan and Divya face a medical crisis. Also, Jill and her ex-husband clash over the divorce papers. </Overview>
  <ProductionCode></ProductionCode>
  <Rating>7.4</Rating>
  <RatingCount>29</RatingCount>
  <SeasonNumber>1</SeasonNumber>
  <Writer></Writer>
  <absolute_number></absolute_number>
  <filename>episodes/92411/952631.jpg</filename>
  <lastupdated>1325519921</lastupdated>
  <seasonid>71361</seasonid>
  <seriesid>92411</seriesid>
</Episode>
<Episode>
  <id>952641</id>
  <Combined_episodenumber>12</Combined_episodenumber>
  <Combined_season>1</Combined_season>
  <DVD_chapter></DVD_chapter>
  <DVD_discid></DVD_discid>
  <DVD_episodenumber></DVD_episodenumber>
  <DVD_season></DVD_season>
  <Director></Director>
  <EpImgFlag>7</EpImgFlag>
  <EpisodeName>Wonderland</EpisodeName>
  <EpisodeNumber>12</EpisodeNumber>
  <FirstAired>2009-08-27</FirstAired>
  <GuestStars></GuestStars>
  <IMDB_ID>tt1496191</IMDB_ID>
  <Language>en</Language>
  <Overview>Hank treats a hallucinating woman. Meanwhile, Charlie and Jill move in together, while Divya and Raj anguish over their engagement party. </Overview>
  <ProductionCode></ProductionCode>
  <Rating>7.6</Rating>
  <RatingCount>25</RatingCount>
  <SeasonNumber>1</SeasonNumber>
  <Writer></Writer>
  <absolute_number></absolute_number>
  <filename>episodes/92411/952641.jpg</filename>
  <lastupdated>1325519931</lastupdated>
  <seasonid>71361</seasonid>
  <seriesid>92411</seriesid>
</Episode>
<Episode>
  <id>1961811</id>
  <Combined_episodenumber>1</Combined_episodenumber>
  <Combined_season>2</Combined_season>
  <DVD_chapter></DVD_chapter>
  <DVD_discid></DVD_discid>
  <DVD_episodenumber></DVD_episodenumber>
  <DVD_season></DVD_season>
  <Director>Constantine Makris</Director>
  <EpImgFlag>7</EpImgFlag>
  <EpisodeName>Spasticity</EpisodeName>
  <EpisodeNumber>1</EpisodeNumber>
  <FirstAired>2010-06-03</FirstAired>
  <GuestStars></GuestStars>
  <IMDB_ID>tt1632176</IMDB_ID>
  <Language>en</Language>
  <Overview>Hank and Divya treat the heir of a famous inventor whose desire to distance himself from his father puts him in harm's way. Meanwhile, Jill's job at Hamptons Heritage is threatened when her mentor starts proceedings to have her fired.</Overview>
  <ProductionCode></ProductionCode>
  <Rating>7.5</Rating>
  <RatingCount>41</RatingCount>
  <SeasonNumber>2</SeasonNumber>
  <Writer>Andrew Lenchewski</Writer>
  <absolute_number></absolute_number>
  <filename>episodes/92411/1961811.jpg</filename>
  <lastupdated>1345325135</lastupdated>
  <seasonid>138121</seasonid>
  <seriesid>92411</seriesid>
</Episode>
<Episode>
  <id>2243501</id>
  <Combined_episodenumber>2</Combined_episodenumber>
  <Combined_season>2</Combined_season>
  <DVD_chapter></DVD_chapter>
  <DVD_discid></DVD_discid>
  <DVD_episodenumber></DVD_episodenumber>
  <DVD_season></DVD_season>
  <Director>Allison Liddi-Brown</Director>
  <EpImgFlag>7</EpImgFlag>
  <EpisodeName>Lovesick</EpisodeName>
  <EpisodeNumber>2</EpisodeNumber>
  <FirstAired>2010-06-10</FirstAired>
  <GuestStars>Mary Lynn Rajskub</GuestStars>
  <IMDB_ID>tt1647241</IMDB_ID>
  <Language>en</Language>
  <Overview>After having her heart broken, Newberg's stepdaughter lands in the hospital with a condition directly related to her relationship woes. Divya attempts to bring romance into her relationship with Raj.</Overview>
  <ProductionCode></ProductionCode>
  <Rating>7.3</Rating>
  <RatingCount>34</RatingCount>
  <SeasonNumber>2</SeasonNumber>
  <Writer>Michael Rauch</Writer>
  <absolute_number></absolute_number>
  <filename>episodes/92411/2243501.jpg</filename>
  <lastupdated>1345325177</lastupdated>
  <seasonid>138121</seasonid>
  <seriesid>92411</seriesid>
</Episode>
<Episode>
  <id>2243511</id>
  <Combined_episodenumber>3</Combined_episodenumber>
  <Combined_season>2</Combined_season>
  <DVD_chapter></DVD_chapter>
  <DVD_discid></DVD_discid>
  <DVD_episodenumber></DVD_episodenumber>
  <DVD_season></DVD_season>
  <Director>Dennis Smith</Director>
  <EpImgFlag>7</EpImgFlag>
  <EpisodeName>Keeping the Faith</EpisodeName>
  <EpisodeNumber>3</EpisodeNumber>
  <FirstAired>2010-06-17</FirstAired>
  <GuestStars>Big Show | Erinn Hayes</GuestStars>
  <IMDB_ID>tt1647242</IMDB_ID>
  <Language>en</Language>
  <Overview>A actor from a popular film francises collapeses on the ground and Hank is there to save the day again. But this time he uncovers the secret past involved and the condition that he is suffering from is what caused the collapse. Eddie R. wants to make it up to his boys and lets it slip that he is going to be staying in the Hamptons for a longer time then anticipated. </Overview>
  <ProductionCode></ProductionCode>
  <Rating>7.6</Rating>
  <RatingCount>36</RatingCount>
  <SeasonNumber>2</SeasonNumber>
  <Writer>Jack Bernstein | Michael Rauch</Writer>
  <absolute_number></absolute_number>
  <filename>episodes/92411/2243511.jpg</filename>
  <lastupdated>1345325284</lastupdated>
  <seasonid>138121</seasonid>
  <seriesid>92411</seriesid>
</Episode>
<Episode>
  <id>2243521</id>
  <Combined_episodenumber>4</Combined_episodenumber>
  <Combined_season>2</Combined_season>
  <DVD_chapter></DVD_chapter>
  <DVD_discid></DVD_discid>
  <DVD_episodenumber></DVD_episodenumber>
  <DVD_season></DVD_season>
  <Director>Matthew Penn</Director>
  <EpImgFlag>7</EpImgFlag>
  <EpisodeName>Medusa</EpisodeName>
  <EpisodeNumber>4</EpisodeNumber>
  <FirstAired>2010-06-24</FirstAired>
  <GuestStars></GuestStars>
  <IMDB_ID>tt1647243</IMDB_ID>
  <Language>en</Language>
  <Overview>Boris flies Hank to another country, where he and another doctor research potentially life saving gene therapies. Back in the Hamptons, Hank's temporary replacement, Dr. Emily Peck, rubs Divya the wrong way. </Overview>
  <ProductionCode></ProductionCode>
  <Rating>7.5</Rating>
  <RatingCount>37</RatingCount>
  <SeasonNumber>2</SeasonNumber>
  <Writer>Andrew Lenchewski|Constance M. Burge</Writer>
  <absolute_number></absolute_number>
  <filename>episodes/92411/2243521.jpg</filename>
  <lastupdated>1345325326</lastupdated>
  <seasonid>138121</seasonid>
  <seriesid>92411</seriesid>
</Episode>
<Episode>
  <id>2374691</id>
  <Combined_episodenumber>5</Combined_episodenumber>
  <Combined_season>2</Combined_season>
  <DVD_chapter></DVD_chapter>
  <DVD_discid></DVD_discid>
  <DVD_episodenumber></DVD_episodenumber>
  <DVD_season></DVD_season>
  <Director>Matthew Penn</Director>
  <EpImgFlag>7</EpImgFlag>
  <EpisodeName>Mano A Mano</EpisodeName>
  <EpisodeNumber>5</EpisodeNumber>
  <FirstAired>2010-07-01</FirstAired>
  <GuestStars></GuestStars>
  <IMDB_ID>tt1647244</IMDB_ID>
  <Language>en</Language>
  <Overview>Hank saves a hand; Boris' health quickly fails after Marisa's treatment; Divya clashes with Dr. Peck.</Overview>
  <ProductionCode></ProductionCode>
  <Rating>7.5</Rating>
  <RatingCount>35</RatingCount>
  <SeasonNumber>2</SeasonNumber>
  <Writer>Carol Flint|Jon Sherman</Writer>
  <absolute_number></absolute_number>
  <filename>episodes/92411/2374691.jpg</filename>
  <lastupdated>1347275962</lastupdated>
  <seasonid>138121</seasonid>
  <seriesid>92411</seriesid>
</Episode>
<Episode>
  <id>2374701</id>
  <Combined_episodenumber>6</Combined_episodenumber>
  <Combined_season>2</Combined_season>
  <DVD_chapter></DVD_chapter>
  <DVD_discid></DVD_discid>
  <DVD_episodenumber></DVD_episodenumber>
  <DVD_season></DVD_season>
  <Director></Director>
  <EpImgFlag>2</EpImgFlag>
  <EpisodeName>In Vino Veritas</EpisodeName>
  <EpisodeNumber>6</EpisodeNumber>
  <FirstAired>2010-07-15</FirstAired>
  <GuestStars></GuestStars>
  <IMDB_ID>tt1647245</IMDB_ID>
  <Language>en</Language>
  <Overview>The behavior of Tucker's best friend causes him to suspect the worst, but Hank realizes a medical condition is to blame. Meanwhile, Divya treats a woman who fears her job as a winemaker is on the line when her symptoms hinder her palate. </Overview>
  <ProductionCode></ProductionCode>
  <Rating>7.7</Rating>
  <RatingCount>35</RatingCount>
  <SeasonNumber>2</SeasonNumber>
  <Writer></Writer>
  <absolute_number></absolute_number>
  <filename>episodes/92411/2374701.jpg</filename>
  <lastupdated>1347275996</lastupdated>
  <seasonid>138121</seasonid>
  <seriesid>92411</seriesid>
</Episode>
<Episode>
  <id>2374711</id>
  <Combined_episodenumber>7</Combined_episodenumber>
  <Combined_season>2</Combined_season>
  <DVD_chapter></DVD_chapter>
  <DVD_discid></DVD_discid>
  <DVD_episodenumber></DVD_episodenumber>
  <DVD_season></DVD_season>
  <Director></Director>
  <EpImgFlag>2</EpImgFlag>
  <EpisodeName>Comfort's Overrated</EpisodeName>
  <EpisodeNumber>7</EpisodeNumber>
  <FirstAired>2010-07-22</FirstAired>
  <GuestStars></GuestStars>
  <IMDB_ID>tt1647246</IMDB_ID>
  <Language>en</Language>
  <Overview>When the purveyor of a popular Hamptons food truck seems quickly corrupted by his success, Hank puts together his odd behavior, and pinpoints the cause of his symptoms.</Overview>
  <ProductionCode></ProductionCode>
  <Rating>7.6</Rating>
  <RatingCount>32</RatingCount>
  <SeasonNumber>2</SeasonNumber>
  <Writer></Writer>
  <absolute_number></absolute_number>
  <filename>episodes/92411/2374711.jpg</filename>
  <lastupdated>1347276035</lastupdated>
  <seasonid>138121</seasonid>
  <seriesid>92411</seriesid>
</Episode>
<Episode>
  <id>2374721</id>
  <Combined_episodenumber>8</Combined_episodenumber>
  <Combined_season>2</Combined_season>
  <DVD_chapter></DVD_chapter>
  <DVD_discid></DVD_discid>
  <DVD_episodenumber></DVD_episodenumber>
  <DVD_season></DVD_season>
  <Director></Director>
  <EpImgFlag>2</EpImgFlag>
  <EpisodeName>The Hankover</EpisodeName>
  <EpisodeNumber>8</EpisodeNumber>
  <FirstAired>2010-07-29</FirstAired>
  <GuestStars></GuestStars>
  <IMDB_ID>tt1647247</IMDB_ID>
  <Language>en</Language>
  <Overview>Hank must try to remain professional and put aside his feelings in order to treat a childhood foe. Raj's bachelor party is Evan's latest project while a bridal event draws Divya and Jill to the city.</Overview>
  <ProductionCode></ProductionCode>
  <Rating>7.6</Rating>
  <RatingCount>33</RatingCount>
  <SeasonNumber>2</SeasonNumber>
  <Writer></Writer>
  <absolute_number></absolute_number>
  <filename>episodes/92411/2374721.jpg</filename>
  <lastupdated>1348307459</lastupdated>
  <seasonid>138121</seasonid>
  <seriesid>92411</seriesid>
</Episode>
<Episode>
  <id>2430521</id>
  <Combined_episodenumber>9</Combined_episodenumber>
  <Combined_season>2</Combined_season>
  <DVD_chapter></DVD_chapter>
  <DVD_discid></DVD_discid>
  <DVD_episodenumber></DVD_episodenumber>
  <DVD_season></DVD_season>
  <Director></Director>
  <EpImgFlag>2</EpImgFlag>
  <EpisodeName>Frenemies</EpisodeName>
  <EpisodeNumber>9</EpisodeNumber>
  <FirstAired>2010-08-05</FirstAired>
  <GuestStars></GuestStars>
  <IMDB_ID>tt1647248</IMDB_ID>
  <Language>en</Language>
  <Overview>Hank treats Dr. Blair's seven year-old son, Jake, whose symptoms appear to be directly related to his parents' divorce. </Overview>
  <ProductionCode></ProductionCode>
  <Rating>7.8</Rating>
  <RatingCount>32</RatingCount>
  <SeasonNumber>2</SeasonNumber>
  <Writer></Writer>
  <absolute_number></absolute_number>
  <filename>episodes/92411/2430521.jpg</filename>
  <lastupdated>1348307485</lastupdated>
  <seasonid>138121</seasonid>
  <seriesid>92411</seriesid>
</Episode>
<Episode>
  <id>2430531</id>
  <Combined_episodenumber>10</Combined_episodenumber>
  <Combined_season>2</Combined_season>
  <DVD_chapter></DVD_chapter>
  <DVD_discid></DVD_discid>
  <DVD_episodenumber></DVD_episodenumber>
  <DVD_season></DVD_season>
  <Director>Tawnia McKiernan</Director>
  <EpImgFlag>1</EpImgFlag>
  <EpisodeName>Whole Lotto Love</EpisodeName>
  <EpisodeNumber>10</EpisodeNumber>
  <FirstAired>2010-08-12</FirstAired>
  <GuestStars></GuestStars>
  <IMDB_ID>tt1647611</IMDB_ID>
  <Language>en</Language>
  <Overview>When two lottery winners arrive in the Hamptons, Hank treats them both for conditions that appear to be related to their newly lavish lifestyle.</Overview>
  <ProductionCode></ProductionCode>
  <Rating>7.9</Rating>
  <RatingCount>30</RatingCount>
  <SeasonNumber>2</SeasonNumber>
  <Writer>Michael Rauch|Jessica Ball</Writer>
  <absolute_number></absolute_number>
  <filename>episodes/92411/2430531.jpg</filename>
  <lastupdated>1351464423</lastupdated>
  <seasonid>138121</seasonid>
  <seriesid>92411</seriesid>
</Episode>
<Episode>
  <id>2430541</id>
  <Combined_episodenumber>11</Combined_episodenumber>
  <Combined_season>2</Combined_season>
  <DVD_chapter></DVD_chapter>
  <DVD_discid></DVD_discid>
  <DVD_episodenumber></DVD_episodenumber>
  <DVD_season></DVD_season>
  <Director>Michael Watkins</Director>
  <EpImgFlag>2</EpImgFlag>
  <EpisodeName>Big Whoop</EpisodeName>
  <EpisodeNumber>11</EpisodeNumber>
  <FirstAired>2010-08-19</FirstAired>
  <GuestStars></GuestStars>
  <IMDB_ID>tt1647233</IMDB_ID>
  <Language>en</Language>
  <Overview>Hank and Emily care for a patient together but disagree on the course of treatment. Meanwhile, Evan concocts a cyber retaliation plan against Emily.</Overview>
  <ProductionCode></ProductionCode>
  <Rating>7.5</Rating>
  <RatingCount>31</RatingCount>
  <SeasonNumber>2</SeasonNumber>
  <Writer>Michael Rauch | Contance M. Burge</Writer>
  <absolute_number></absolute_number>
  <filename>episodes/92411/2430541.jpg</filename>
  <lastupdated>1351464458</lastupdated>
  <seasonid>138121</seasonid>
  <seriesid>92411</seriesid>
</Episode>
<Episode>
  <id>2430551</id>
  <Combined_episodenumber>12</Combined_episodenumber>
  <Combined_season>2</Combined_season>
  <DVD_chapter></DVD_chapter>
  <DVD_discid></DVD_discid>
  <DVD_episodenumber></DVD_episodenumber>
  <DVD_season></DVD_season>
  <Director>Ken Whittingham</Director>
  <EpImgFlag>2</EpImgFlag>
  <EpisodeName>Open Up Your Yenta Mouth and Say Ah</EpisodeName>
  <EpisodeNumber>12</EpisodeNumber>
  <FirstAired>2010-08-26</FirstAired>
  <GuestStars></GuestStars>
  <IMDB_ID>tt1647234</IMDB_ID>
  <Language>en</Language>
  <Overview>Hank treats a chatty socialite who disappears before he can diagnose her.</Overview>
  <ProductionCode></ProductionCode>
  <Rating>7.9</Rating>
  <RatingCount>31</RatingCount>
  <SeasonNumber>2</SeasonNumber>
  <Writer>Andrew Lenchewski</Writer>
  <absolute_number></absolute_number>
  <filename>episodes/92411/2430551.jpg</filename>
  <lastupdated>1351464494</lastupdated>
  <seasonid>138121</seasonid>
  <seriesid>92411</seriesid>
</Episode>
<Episode>
  <id>2944841</id>
  <Combined_episodenumber>13</Combined_episodenumber>
  <Combined_season>2</Combined_season>
  <DVD_chapter></DVD_chapter>
  <DVD_discid></DVD_discid>
  <DVD_episodenumber></DVD_episodenumber>
  <DVD_season></DVD_season>
  <Director>Michael Rauch</Director>
  <EpImgFlag>2</EpImgFlag>
  <EpisodeName>Mulligan</EpisodeName>
  <EpisodeNumber>13</EpisodeNumber>
  <FirstAired>2011-01-20</FirstAired>
  <GuestStars></GuestStars>
  <IMDB_ID>tt1647235</IMDB_ID>
  <Language>en</Language>
  <Overview>Following Eddie's heart attack, Hank and Evan discover things they didn't know about their father. Hank treats Jill after she collapses at a golf tournament and Divya still hasn't decided what to do about her feelings for Adam.</Overview>
  <ProductionCode></ProductionCode>
  <Rating>7.5</Rating>
  <RatingCount>36</RatingCount>
  <SeasonNumber>2</SeasonNumber>
  <Writer>Michael Rauch|Jon Sherman</Writer>
  <absolute_number></absolute_number>
  <filename>episodes/92411/2944841.jpg</filename>
  <lastupdated>1353910803</lastupdated>
  <seasonid>138121</seasonid>
  <seriesid>92411</seriesid>
</Episode>
<Episode>
  <id>3413931</id>
  <Combined_episodenumber>14</Combined_episodenumber>
  <Combined_season>2</Combined_season>
  <DVD_chapter></DVD_chapter>
  <DVD_discid></DVD_discid>
  <DVD_episodenumber></DVD_episodenumber>
  <DVD_season></DVD_season>
  <Director></Director>
  <EpImgFlag>2</EpImgFlag>
  <EpisodeName>Pit Stop</EpisodeName>
  <EpisodeNumber>14</EpisodeNumber>
  <FirstAired>2011-01-27</FirstAired>
  <GuestStars></GuestStars>
  <IMDB_ID>tt1647236</IMDB_ID>
  <Language>en</Language>
  <Overview>Hank and Divya must find what is making a reality-show's cast ill. Evan's latest plan is to franchise HankMed and he has an unexpected ally.</Overview>
  <ProductionCode></ProductionCode>
  <Rating>7.6</Rating>
  <RatingCount>33</RatingCount>
  <SeasonNumber>2</SeasonNumber>
  <Writer></Writer>
  <absolute_number></absolute_number>
  <filename>episodes/92411/3413931.jpg</filename>
  <lastupdated>1353910834</lastupdated>
  <seasonid>138121</seasonid>
  <seriesid>92411</seriesid>
</Episode>
<Episode>
  <id>3510951</id>
  <Combined_episodenumber>15</Combined_episodenumber>
  <Combined_season>2</Combined_season>
  <DVD_chapter></DVD_chapter>
  <DVD_discid></DVD_discid>
  <DVD_episodenumber></DVD_episodenumber>
  <DVD_season></DVD_season>
  <Director></Director>
  <EpImgFlag>2</EpImgFlag>
  <EpisodeName>A History of Violins</EpisodeName>
  <EpisodeNumber>15</EpisodeNumber>
  <FirstAired>2011-02-03</FirstAired>
  <GuestStars></GuestStars>
  <IMDB_ID>tt1647237</IMDB_ID>
  <Language>en</Language>
  <Overview>Hank makes a house call to help a teen singing prodigy. Hank and Emily have their biggest fight yet and Eddie just has to insert himself into it. Evan finds himself in a sticky situation with the Paige's father.</Overview>
  <ProductionCode></ProductionCode>
  <Rating>7.2</Rating>
  <RatingCount>32</RatingCount>
  <SeasonNumber>2</SeasonNumber>
  <Writer></Writer>
  <absolute_number></absolute_number>
  <filename>episodes/92411/3510951.jpg</filename>
  <lastupdated>1353910863</lastupdated>
  <seasonid>138121</seasonid>
  <seriesid>92411</seriesid>
</Episode>
<Episode>
  <id>3510961</id>
  <Combined_episodenumber>16</Combined_episodenumber>
  <Combined_season>2</Combined_season>
  <DVD_chapter></DVD_chapter>
  <DVD_discid></DVD_discid>
  <DVD_episodenumber></DVD_episodenumber>
  <DVD_season></DVD_season>
  <Director></Director>
  <EpImgFlag>2</EpImgFlag>
  <EpisodeName>Astraphobia</EpisodeName>
  <EpisodeNumber>16</EpisodeNumber>
  <FirstAired>2011-02-10</FirstAired>
  <GuestStars></GuestStars>
  <IMDB_ID>tt1647238</IMDB_ID>
  <Language>en</Language>
  <Overview>When a park ranger is hit by lightning, Hank is able to save his life. Now the ranger wants to recapture the experience.</Overview>
  <ProductionCode></ProductionCode>
  <Rating>7.4</Rating>
  <RatingCount>30</RatingCount>
  <SeasonNumber>2</SeasonNumber>
  <Writer></Writer>
  <absolute_number></absolute_number>
  <filename>episodes/92411/3510961.jpg</filename>
  <lastupdated>1356189734</lastupdated>
  <seasonid>138121</seasonid>
  <seriesid>92411</seriesid>
</Episode>
<Episode>
  <id>3510971</id>
  <Combined_episodenumber>17</Combined_episodenumber>
  <Combined_season>2</Combined_season>
  <DVD_chapter></DVD_chapter>
  <DVD_discid></DVD_discid>
  <DVD_episodenumber></DVD_episodenumber>
  <DVD_season></DVD_season>
  <Director></Director>
  <EpImgFlag>2</EpImgFlag>
  <EpisodeName>Fight or Flight</EpisodeName>
  <EpisodeNumber>17</EpisodeNumber>
  <FirstAired>2011-02-17</FirstAired>
  <GuestStars></GuestStars>
  <IMDB_ID>tt1647239</IMDB_ID>
  <Language>en</Language>
  <Overview>A woman who left a high stress lifestyle and moved to the Hamptons can't seem to relax but Hank has a medical explanation for her.</Overview>
  <ProductionCode></ProductionCode>
  <Rating>7.5</Rating>
  <RatingCount>24</RatingCount>
  <SeasonNumber>2</SeasonNumber>
  <Writer></Writer>
  <absolute_number></absolute_number>
  <filename>episodes/92411/3510971.jpg</filename>
  <lastupdated>1356189765</lastupdated>
  <seasonid>138121</seasonid>
  <seriesid>92411</seriesid>
</Episode>
<Episode>
  <id>3510981</id>
  <Combined_episodenumber>18</Combined_episodenumber>
  <Combined_season>2</Combined_season>
  <DVD_chapter></DVD_chapter>
  <DVD_discid></DVD_discid>
  <DVD_episodenumber></DVD_episodenumber>
  <DVD_season></DVD_season>
  <Director></Director>
  <EpImgFlag>2</EpImgFlag>
  <EpisodeName>Listen to the Music</EpisodeName>
  <EpisodeNumber>18</EpisodeNumber>
  <FirstAired>2011-02-24</FirstAired>
  <GuestStars>John Legend</GuestStars>
  <IMDB_ID>tt1647240</IMDB_ID>
  <Language>en</Language>
  <Overview>Hank is worried that a new patient had previously been misdiagnosed, and wants to get to the bottom of the case. Meanwhile, Divya and Raj take dance lessons in preparation for their wedding, but they end up as patients themselves.</Overview>
  <ProductionCode></ProductionCode>
  <Rating>7.8</Rating>
  <RatingCount>25</RatingCount>
  <SeasonNumber>2</SeasonNumber>
  <Writer></Writer>
  <absolute_number></absolute_number>
  <filename>episodes/92411/3510981.jpg</filename>
  <lastupdated>1356189791</lastupdated>
  <seasonid>138121</seasonid>
  <seriesid>92411</seriesid>
</Episode>
<Episode>
  <id>4074801</id>
  <Combined_episodenumber>1</Combined_episodenumber>
  <Combined_season>3</Combined_season>
  <DVD_chapter></DVD_chapter>
  <DVD_discid></DVD_discid>
  <DVD_episodenumber></DVD_episodenumber>
  <DVD_season></DVD_season>
  <Director></Director>
  <EpImgFlag>2</EpImgFlag>
  <EpisodeName>Traffic</EpisodeName>
  <EpisodeNumber>1</EpisodeNumber>
  <FirstAired>2011-06-29</FirstAired>
  <GuestStars></GuestStars>
  <IMDB_ID></IMDB_ID>
  <Language>en</Language>
  <Overview>HankMed saves the passengers of a toppled Jitney; Divya deals with the fallout from her broken engagement; Jill returns with news.</Overview>
  <ProductionCode></ProductionCode>
  <Rating>7.7</Rating>
  <RatingCount>18</RatingCount>
  <SeasonNumber>3</SeasonNumber>
  <Writer></Writer>
  <absolute_number></absolute_number>
  <filename>episodes/92411/4074801.jpg</filename>
  <lastupdated>1365461850</lastupdated>
  <seasonid>463351</seasonid>
  <seriesid>92411</seriesid>
</Episode>
<Episode>
  <id>4123495</id>
  <Combined_episodenumber>2</Combined_episodenumber>
  <Combined_season>3</Combined_season>
  <DVD_chapter></DVD_chapter>
  <DVD_discid></DVD_discid>
  <DVD_episodenumber></DVD_episodenumber>
  <DVD_season></DVD_season>
  <Director>Michael Watkins</Director>
  <EpImgFlag>2</EpImgFlag>
  <EpisodeName>But There's a Catch</EpisodeName>
  <EpisodeNumber>2</EpisodeNumber>
  <FirstAired>2011-07-06</FirstAired>
  <GuestStars></GuestStars>
  <IMDB_ID></IMDB_ID>
  <Language>en</Language>
  <Overview>Ken &quot;Killer&quot; Keller hosts a charity football tournament on his estate and invites Hank to play along. The contest gets fierce as Keller gets injured and Hank must put his competitive nature aside to treat him.</Overview>
  <ProductionCode></ProductionCode>
  <Rating>7.4</Rating>
  <RatingCount>17</RatingCount>
  <SeasonNumber>3</SeasonNumber>
  <Writer>Michael Rauch</Writer>
  <absolute_number></absolute_number>
  <filename>episodes/92411/4123495.jpg</filename>
  <lastupdated>1365461899</lastupdated>
  <seasonid>463351</seasonid>
  <seriesid>92411</seriesid>
</Episode>
<Episode>
  <id>4128448</id>
  <Combined_episodenumber>3</Combined_episodenumber>
  <Combined_season>3</Combined_season>
  <DVD_chapter></DVD_chapter>
  <DVD_discid></DVD_discid>
  <DVD_episodenumber></DVD_episodenumber>
  <DVD_season></DVD_season>
  <Director>Michael Rauch</Director>
  <EpImgFlag>2</EpImgFlag>
  <EpisodeName>Rash Talk</EpisodeName>
  <EpisodeNumber>3</EpisodeNumber>
  <FirstAired>2011-07-13</FirstAired>
  <GuestStars></GuestStars>
  <IMDB_ID></IMDB_ID>
  <Language>en</Language>
  <Overview>Best friends worry about their line of house-cleaning products.</Overview>
  <ProductionCode></ProductionCode>
  <Rating>7.5</Rating>
  <RatingCount>20</RatingCount>
  <SeasonNumber>3</SeasonNumber>
  <Writer>Constance M. Burge</Writer>
  <absolute_number></absolute_number>
  <filename>episodes/92411/4128448.jpg</filename>
  <lastupdated>1365461957</lastupdated>
  <seasonid>463351</seasonid>
  <seriesid>92411</seriesid>
</Episode>
<Episode>
  <id>4128682</id>
  <Combined_episodenumber>4</Combined_episodenumber>
  <Combined_season>3</Combined_season>
  <DVD_chapter></DVD_chapter>
  <DVD_discid></DVD_discid>
  <DVD_episodenumber></DVD_episodenumber>
  <DVD_season></DVD_season>
  <Director>Matthew Penn</Director>
  <EpImgFlag>2</EpImgFlag>
  <EpisodeName>The Shaw/Hank Redemption</EpisodeName>
  <EpisodeNumber>4</EpisodeNumber>
  <FirstAired>2011-07-20</FirstAired>
  <GuestStars></GuestStars>
  <IMDB_ID></IMDB_ID>
  <Language>en</Language>
  <Overview>On a trip to Florida to attend Eddie's parole hearing, Hank and Evan find him in the company of an ex-con seeking spiritual salvation whose erratic behavior has Hank worried.</Overview>
  <ProductionCode></ProductionCode>
  <Rating>7.8</Rating>
  <RatingCount>19</RatingCount>
  <SeasonNumber>3</SeasonNumber>
  <Writer>Jon Sherman|Carol Flint</Writer>
  <absolute_number></absolute_number>
  <filename>episodes/92411/4128682.jpg</filename>
  <lastupdated>1358695507</lastupdated>
  <seasonid>463351</seasonid>
  <seriesid>92411</seriesid>
</Episode>
<Episode>
  <id>4128683</id>
  <Combined_episodenumber>5</Combined_episodenumber>
  <Combined_season>3</Combined_season>
  <DVD_chapter></DVD_chapter>
  <DVD_discid></DVD_discid>
  <DVD_episodenumber></DVD_episodenumber>
  <DVD_season></DVD_season>
  <Director>Matthew Penn</Director>
  <EpImgFlag>3</EpImgFlag>
  <EpisodeName>A Man Called Grandpa</EpisodeName>
  <EpisodeNumber>5</EpisodeNumber>
  <FirstAired>2011-07-27</FirstAired>
  <GuestStars></GuestStars>
  <IMDB_ID></IMDB_ID>
  <Language>en</Language>
  <Overview>In order to save Eddie's chance at parole, Evan attempts to curry favor with his newfound grandfather at the horse races, but his luck runs out when he and Hank discover the real reason they've never met Ted.</Overview>
  <ProductionCode></ProductionCode>
  <Rating>8.2</Rating>
  <RatingCount>17</RatingCount>
  <SeasonNumber>3</SeasonNumber>
  <Writer>Andrew Lenchewski &amp; Jessica Ball</Writer>
  <absolute_number></absolute_number>
  <filename>episodes/92411/4128683.jpg</filename>
  <lastupdated>1365462026</lastupdated>
  <seasonid>463351</seasonid>
  <seriesid>92411</seriesid>
</Episode>
<Episode>
  <id>4139087</id>
  <Combined_episodenumber>6</Combined_episodenumber>
  <Combined_season>3</Combined_season>
  <DVD_chapter></DVD_chapter>
  <DVD_discid></DVD_discid>
  <DVD_episodenumber></DVD_episodenumber>
  <DVD_season></DVD_season>
  <Director>Don Scardino</Director>
  <EpImgFlag>3</EpImgFlag>
  <EpisodeName>An Apple a Day</EpisodeName>
  <EpisodeNumber>6</EpisodeNumber>
  <FirstAired>2011-08-03</FirstAired>
  <GuestStars>Julie Benz</GuestStars>
  <IMDB_ID></IMDB_ID>
  <Language>en</Language>
  <Overview>Hank treats a wound that will not heal; Paige shares the condition for agreeing to marry Evan.</Overview>
  <ProductionCode></ProductionCode>
  <Rating>7.8</Rating>
  <RatingCount>15</RatingCount>
  <SeasonNumber>3</SeasonNumber>
  <Writer>Jack Bernstein</Writer>
  <absolute_number></absolute_number>
  <filename>episodes/92411/4139087.jpg</filename>
  <lastupdated>1365462068</lastupdated>
  <seasonid>463351</seasonid>
  <seriesid>92411</seriesid>
</Episode>
<Episode>
  <id>4139088</id>
  <Combined_episodenumber>7</Combined_episodenumber>
  <Combined_season>3</Combined_season>
  <DVD_chapter></DVD_chapter>
  <DVD_discid></DVD_discid>
  <DVD_episodenumber></DVD_episodenumber>
  <DVD_season></DVD_season>
  <Director></Director>
  <EpImgFlag>3</EpImgFlag>
  <EpisodeName>Ta Da For</EpisodeName>
  <EpisodeNumber>7</EpisodeNumber>
  <FirstAired>2011-08-10</FirstAired>
  <GuestStars></GuestStars>
  <IMDB_ID></IMDB_ID>
  <Language>en</Language>
  <Overview>Hank searches for the cause of a magician's anxiety; Evan books a segment on &quot;The Today Show&quot;.</Overview>
  <ProductionCode></ProductionCode>
  <Rating>7.9</Rating>
  <RatingCount>19</RatingCount>
  <SeasonNumber>3</SeasonNumber>
  <Writer></Writer>
  <absolute_number></absolute_number>
  <filename>episodes/92411/4139088.jpg</filename>
  <lastupdated>1365462111</lastupdated>
  <seasonid>463351</seasonid>
  <seriesid>92411</seriesid>
</Episode>
<Episode>
  <id>4139089</id>
  <Combined_episodenumber>8</Combined_episodenumber>
  <Combined_season>3</Combined_season>
  <DVD_chapter></DVD_chapter>
  <DVD_discid></DVD_discid>
  <DVD_episodenumber></DVD_episodenumber>
  <DVD_season></DVD_season>
  <Director>Emile Levisetti</Director>
  <EpImgFlag>2</EpImgFlag>
  <EpisodeName>Run, Hank, Run</EpisodeName>
  <EpisodeNumber>8</EpisodeNumber>
  <FirstAired>2011-08-17</FirstAired>
  <GuestStars></GuestStars>
  <IMDB_ID></IMDB_ID>
  <Language>en</Language>
  <Overview>A runner struggles to regulate body temperature while training; Boris' decline may not be related to the disease.</Overview>
  <ProductionCode></ProductionCode>
  <Rating>8.0</Rating>
  <RatingCount>17</RatingCount>
  <SeasonNumber>3</SeasonNumber>
  <Writer>Carol Flint</Writer>
  <absolute_number></absolute_number>
  <filename>episodes/92411/4139089.jpg</filename>
  <lastupdated>1365462170</lastupdated>
  <seasonid>463351</seasonid>
  <seriesid>92411</seriesid>
</Episode>
<Episode>
  <id>4139090</id>
  <Combined_episodenumber>9</Combined_episodenumber>
  <Combined_season>3</Combined_season>
  <DVD_chapter></DVD_chapter>
  <DVD_discid></DVD_discid>
  <DVD_episodenumber></DVD_episodenumber>
  <DVD_season></DVD_season>
  <Director></Director>
  <EpImgFlag>3</EpImgFlag>
  <EpisodeName>Me First</EpisodeName>
  <EpisodeNumber>9</EpisodeNumber>
  <FirstAired>2011-08-24</FirstAired>
  <GuestStars></GuestStars>
  <IMDB_ID></IMDB_ID>
  <Language>en</Language>
  <Overview>Hank treats a fearful asthmatic boy; Paige's secret is exposed; Divya's date has a surprising result.</Overview>
  <ProductionCode></ProductionCode>
  <Rating>7.8</Rating>
  <RatingCount>17</RatingCount>
  <SeasonNumber>3</SeasonNumber>
  <Writer></Writer>
  <absolute_number></absolute_number>
  <filename>episodes/92411/4139090.jpg</filename>
  <lastupdated>1360449580</lastupdated>
  <seasonid>463351</seasonid>
  <seriesid>92411</seriesid>
</Episode>
<Episode>
  <id>4139091</id>
  <Combined_episodenumber>10</Combined_episodenumber>
  <Combined_season>3</Combined_season>
  <DVD_chapter></DVD_chapter>
  <DVD_discid></DVD_discid>
  <DVD_episodenumber></DVD_episodenumber>
  <DVD_season></DVD_season>
  <Director></Director>
  <EpImgFlag>2</EpImgFlag>
  <EpisodeName>A Little Art, A Little Science</EpisodeName>
  <EpisodeNumber>10</EpisodeNumber>
  <FirstAired>2011-08-31</FirstAired>
  <GuestStars></GuestStars>
  <IMDB_ID></IMDB_ID>
  <Language>en</Language>
  <Overview>An art collector cannot stay conscious; Hank recommends treatment for Paige's mother; Divya struggles to maintain balance.</Overview>
  <ProductionCode></ProductionCode>
  <Rating>7.7</Rating>
  <RatingCount>19</RatingCount>
  <SeasonNumber>3</SeasonNumber>
  <Writer></Writer>
  <absolute_number></absolute_number>
  <filename>episodes/92411/4139091.jpg</filename>
  <lastupdated>1363426056</lastupdated>
  <seasonid>463351</seasonid>
  <seriesid>92411</seriesid>
</Episode>
<Episode>
  <id>4225158</id>
  <Combined_episodenumber>11</Combined_episodenumber>
  <Combined_season>3</Combined_season>
  <DVD_chapter></DVD_chapter>
  <DVD_discid></DVD_discid>
  <DVD_episodenumber></DVD_episodenumber>
  <DVD_season></DVD_season>
  <Director>Michael Rauch</Director>
  <EpImgFlag>2</EpImgFlag>
  <EpisodeName>A Farewell to Barnes</EpisodeName>
  <EpisodeNumber>11</EpisodeNumber>
  <FirstAired>2012-01-18</FirstAired>
  <GuestStars></GuestStars>
  <IMDB_ID></IMDB_ID>
  <Language>en</Language>
  <Overview>Hank blames Dr. Van Dyke for a prescription error; the HankMed team attends a divorce party.</Overview>
  <ProductionCode></ProductionCode>
  <Rating>8.1</Rating>
  <RatingCount>16</RatingCount>
  <SeasonNumber>3</SeasonNumber>
  <Writer>Jon Sherman|Michael Rauch</Writer>
  <absolute_number></absolute_number>
  <filename>episodes/92411/4225158.jpg</filename>
  <lastupdated>1363426093</lastupdated>
  <seasonid>463351</seasonid>
  <seriesid>92411</seriesid>
</Episode>
<Episode>
  <id>4225159</id>
  <Combined_episodenumber>12</Combined_episodenumber>
  <Combined_season>3</Combined_season>
  <DVD_chapter></DVD_chapter>
  <DVD_discid></DVD_discid>
  <DVD_episodenumber></DVD_episodenumber>
  <DVD_season></DVD_season>
  <Director></Director>
  <EpImgFlag>2</EpImgFlag>
  <EpisodeName>Some Pig</EpisodeName>
  <EpisodeNumber>12</EpisodeNumber>
  <FirstAired>2012-01-25</FirstAired>
  <GuestStars></GuestStars>
  <IMDB_ID></IMDB_ID>
  <Language>en</Language>
  <Overview>When a mysterious illness overcomes the members of an up and coming rock band, Hank and Divya have to work together to find the cause; but Hank struggles with trusting Divya after her near fatal prescription error.</Overview>
  <ProductionCode></ProductionCode>
  <Rating>7.8</Rating>
  <RatingCount>16</RatingCount>
  <SeasonNumber>3</SeasonNumber>
  <Writer></Writer>
  <absolute_number></absolute_number>
  <filename>episodes/92411/4225159.jpg</filename>
  <lastupdated>1363426128</lastupdated>
  <seasonid>463351</seasonid>
  <seriesid>92411</seriesid>
</Episode>
<Episode>
  <id>4225160</id>
  <Combined_episodenumber>13</Combined_episodenumber>
  <Combined_season>3</Combined_season>
  <DVD_chapter></DVD_chapter>
  <DVD_discid></DVD_discid>
  <DVD_episodenumber></DVD_episodenumber>
  <DVD_season></DVD_season>
  <Director>Mark Feuerstein</Director>
  <EpImgFlag>2</EpImgFlag>
  <EpisodeName>My Back to the Future</EpisodeName>
  <EpisodeNumber>13</EpisodeNumber>
  <FirstAired>2012-02-01</FirstAired>
  <GuestStars></GuestStars>
  <IMDB_ID></IMDB_ID>
  <Language>en</Language>
  <Overview>When a back problem limits Hank's ability to treat patients, Evan hires Dr. Van Dyke as a temporary replacement.</Overview>
  <ProductionCode></ProductionCode>
  <Rating>7.7</Rating>
  <RatingCount>15</RatingCount>
  <SeasonNumber>3</SeasonNumber>
  <Writer>Constance M. Burge, Jack Bernstein</Writer>
  <absolute_number></absolute_number>
  <filename>episodes/92411/4225160.jpg</filename>
  <lastupdated>1363426165</lastupdated>
  <seasonid>463351</seasonid>
  <seriesid>92411</seriesid>
</Episode>
<Episode>
  <id>4225161</id>
  <Combined_episodenumber>14</Combined_episodenumber>
  <Combined_season>3</Combined_season>
  <DVD_chapter></DVD_chapter>
  <DVD_discid></DVD_discid>
  <DVD_episodenumber></DVD_episodenumber>
  <DVD_season></DVD_season>
  <Director></Director>
  <EpImgFlag>2</EpImgFlag>
  <EpisodeName>Bottoms Up</EpisodeName>
  <EpisodeNumber>14</EpisodeNumber>
  <FirstAired>2012-02-08</FirstAired>
  <GuestStars></GuestStars>
  <IMDB_ID></IMDB_ID>
  <Language>en</Language>
  <Overview>A Hollywood star wants to revive his career by doing Shakespeare in the Hamptons; Divya learns that Raj is moving on; Jack delays treatment.</Overview>
  <ProductionCode></ProductionCode>
  <Rating>8.1</Rating>
  <RatingCount>14</RatingCount>
  <SeasonNumber>3</SeasonNumber>
  <Writer></Writer>
  <absolute_number></absolute_number>
  <filename>episodes/92411/4225161.jpg</filename>
  <lastupdated>1363426212</lastupdated>
  <seasonid>463351</seasonid>
  <seriesid>92411</seriesid>
</Episode>
<Episode>
  <id>4225162</id>
  <Combined_episodenumber>15</Combined_episodenumber>
  <Combined_season>3</Combined_season>
  <DVD_chapter></DVD_chapter>
  <DVD_discid></DVD_discid>
  <DVD_episodenumber></DVD_episodenumber>
  <DVD_season></DVD_season>
  <Director>Jay Chandrasekhar</Director>
  <EpImgFlag>2</EpImgFlag>
  <EpisodeName>Hank and the Deep Blue Sea</EpisodeName>
  <EpisodeNumber>15</EpisodeNumber>
  <FirstAired>2012-02-15</FirstAired>
  <GuestStars></GuestStars>
  <IMDB_ID></IMDB_ID>
  <Language>en</Language>
  <Overview>Evan offers to assist Divya with breaking free from her financial burden. Also, Jill's teenage nephew, Luke, calls on HankMed when his boss fails to take care of some troubling symptoms.</Overview>
  <ProductionCode></ProductionCode>
  <Rating>7.8</Rating>
  <RatingCount>13</RatingCount>
  <SeasonNumber>3</SeasonNumber>
  <Writer></Writer>
  <absolute_number></absolute_number>
  <filename>episodes/92411/4225162.jpg</filename>
  <lastupdated>1350181467</lastupdated>
  <seasonid>463351</seasonid>
  <seriesid>92411</seriesid>
</Episode>
<Episode>
  <id>4225163</id>
  <Combined_episodenumber>16</Combined_episodenumber>
  <Combined_season>3</Combined_season>
  <DVD_chapter></DVD_chapter>
  <DVD_discid></DVD_discid>
  <DVD_episodenumber></DVD_episodenumber>
  <DVD_season></DVD_season>
  <Director></Director>
  <EpImgFlag>2</EpImgFlag>
  <EpisodeName>This One's for Jack</EpisodeName>
  <EpisodeNumber>16</EpisodeNumber>
  <FirstAired>2012-02-22</FirstAired>
  <GuestStars></GuestStars>
  <IMDB_ID></IMDB_ID>
  <Language>en</Language>
  <Overview>Hank struggles to cope with Jack's illness; young brothers keep Hank busy; Evan teams up with Boris' cousin.</Overview>
  <ProductionCode></ProductionCode>
  <Rating>7.8</Rating>
  <RatingCount>11</RatingCount>
  <SeasonNumber>3</SeasonNumber>
  <Writer></Writer>
  <absolute_number></absolute_number>
  <filename>episodes/92411/4225163.jpg</filename>
  <lastupdated>1344085102</lastupdated>
  <seasonid>463351</seasonid>
  <seriesid>92411</seriesid>
</Episode>
<Episode>
  <id>4292777</id>
  <Combined_episodenumber>1</Combined_episodenumber>
  <Combined_season>4</Combined_season>
  <DVD_chapter></DVD_chapter>
  <DVD_discid></DVD_discid>
  <DVD_episodenumber></DVD_episodenumber>
  <DVD_season></DVD_season>
  <Director>Emile Levisetti</Director>
  <EpImgFlag>2</EpImgFlag>
  <EpisodeName>After the Fireworks</EpisodeName>
  <EpisodeNumber>1</EpisodeNumber>
  <FirstAired>2012-06-06</FirstAired>
  <GuestStars></GuestStars>
  <IMDB_ID></IMDB_ID>
  <Language>en</Language>
  <Overview>Hank embarks on a fresh start with his medical practice and separates from his brother Evan, who also starts his own venture. As Divya attempts to reconcile the brothers, HankMed teams up once more in the face of a Hampton's emergency.</Overview>
  <ProductionCode></ProductionCode>
  <Rating>7.7</Rating>
  <RatingCount>14</RatingCount>
  <SeasonNumber>4</SeasonNumber>
  <Writer>Andrew Lenchewski</Writer>
  <absolute_number></absolute_number>
  <filename>episodes/92411/4292777.jpg</filename>
  <lastupdated>1350980497</lastupdated>
  <seasonid>488443</seasonid>
  <seriesid>92411</seriesid>
</Episode>
<Episode>
  <id>4316410</id>
  <Combined_episodenumber>2</Combined_episodenumber>
  <Combined_season>4</Combined_season>
  <DVD_chapter></DVD_chapter>
  <DVD_discid></DVD_discid>
  <DVD_episodenumber></DVD_episodenumber>
  <DVD_season></DVD_season>
  <Director>Emile Levisetti</Director>
  <EpImgFlag>2</EpImgFlag>
  <EpisodeName>Imperfect Storm</EpisodeName>
  <EpisodeNumber>2</EpisodeNumber>
  <FirstAired>2012-06-13</FirstAired>
  <GuestStars>|Alexa Vega|Donal Logue|Kyle Howard|Anna George|Ben Shenkman|</GuestStars>
  <IMDB_ID></IMDB_ID>
  <Language>en</Language>
  <Overview>When Jill’s chess-obsessed nephew gets kicked out of camp for fighting, Hank realizes Luke may be suffering from more than just teenage hormones. Evan courts a young, lonely heiress for his new client roster, and Divya – caught between the brothers -- faces an impossible choice.</Overview>
  <ProductionCode></ProductionCode>
  <Rating>7.6</Rating>
  <RatingCount>12</RatingCount>
  <SeasonNumber>4</SeasonNumber>
  <Writer>Michael Rauch</Writer>
  <absolute_number></absolute_number>
  <filename>episodes/92411/4316410.jpg</filename>
  <lastupdated>1352207348</lastupdated>
  <seasonid>488443</seasonid>
  <seriesid>92411</seriesid>
</Episode>
<Episode>
  <id>4316411</id>
  <Combined_episodenumber>3</Combined_episodenumber>
  <Combined_season>4</Combined_season>
  <DVD_chapter></DVD_chapter>
  <DVD_discid></DVD_discid>
  <DVD_episodenumber></DVD_episodenumber>
  <DVD_season></DVD_season>
  <Director>Jay Chandrasekhar</Director>
  <EpImgFlag>2</EpImgFlag>
  <EpisodeName>A Guesthouse Divided</EpisodeName>
  <EpisodeNumber>3</EpisodeNumber>
  <FirstAired>2012-06-20</FirstAired>
  <GuestStars></GuestStars>
  <IMDB_ID></IMDB_ID>
  <Language>en</Language>
  <Overview>Hank and Evan heatedly compete for a new business opportunity. Meanwhile, Divya attempts to covertly reconcile the brothers' differences.</Overview>
  <ProductionCode></ProductionCode>
  <Rating>7.7</Rating>
  <RatingCount>11</RatingCount>
  <SeasonNumber>4</SeasonNumber>
  <Writer>Constance M. Burge|Jack Bernstein</Writer>
  <absolute_number></absolute_number>
  <filename>episodes/92411/4316411.jpg</filename>
  <lastupdated>1352207387</lastupdated>
  <seasonid>488443</seasonid>
  <seriesid>92411</seriesid>
</Episode>
<Episode>
  <id>4316412</id>
  <Combined_episodenumber>4</Combined_episodenumber>
  <Combined_season>4</Combined_season>
  <DVD_chapter></DVD_chapter>
  <DVD_discid></DVD_discid>
  <DVD_episodenumber></DVD_episodenumber>
  <DVD_season></DVD_season>
  <Director>Michael Watkins</Director>
  <EpImgFlag>2</EpImgFlag>
  <EpisodeName>Dawn of the Med</EpisodeName>
  <EpisodeNumber>4</EpisodeNumber>
  <FirstAired>2012-06-27</FirstAired>
  <GuestStars></GuestStars>
  <IMDB_ID></IMDB_ID>
  <Language>en</Language>
  <Overview>Hank &amp; Evan's father Eddie makes his return to the Hamptons and schemes to bring his boys back together. Hank has a new patient who is participating in a zombie race for charity. Evan also has a new patient, a retired biochemist with a possibly sinister past.</Overview>
  <ProductionCode></ProductionCode>
  <Rating>7.5</Rating>
  <RatingCount>6</RatingCount>
  <SeasonNumber>4</SeasonNumber>
  <Writer>Carol Flint|Jon Sherman</Writer>
  <absolute_number></absolute_number>
  <filename>episodes/92411/4316412.jpg</filename>
  <lastupdated>1353707212</lastupdated>
  <seasonid>488443</seasonid>
  <seriesid>92411</seriesid>
</Episode>
<Episode>
  <id>4316413</id>
  <Combined_episodenumber>5</Combined_episodenumber>
  <Combined_season>4</Combined_season>
  <DVD_chapter></DVD_chapter>
  <DVD_discid></DVD_discid>
  <DVD_episodenumber></DVD_episodenumber>
  <DVD_season></DVD_season>
  <Director>Michael Rauch</Director>
  <EpImgFlag>2</EpImgFlag>
  <EpisodeName>You Give Love a Bad Name</EpisodeName>
  <EpisodeNumber>5</EpisodeNumber>
  <FirstAired>2012-07-11</FirstAired>
  <GuestStars></GuestStars>
  <IMDB_ID></IMDB_ID>
  <Language>en</Language>
  <Overview>Hank and Divya treat a matchmaker who's intent on setting each of them up. Also, while Evan tries to rein in HankMed 3.0, Paige plans a small kick-off party that turns out to be anything but small.</Overview>
  <ProductionCode></ProductionCode>
  <Rating>7.8</Rating>
  <RatingCount>9</RatingCount>
  <SeasonNumber>4</SeasonNumber>
  <Writer>Michael Rauch|Jessica Ball</Writer>
  <absolute_number></absolute_number>
  <filename>episodes/92411/4316413.jpg</filename>
  <lastupdated>1355742887</lastupdated>
  <seasonid>488443</seasonid>
  <seriesid>92411</seriesid>
</Episode>
<Episode>
  <id>4316414</id>
  <Combined_episodenumber>6</Combined_episodenumber>
  <Combined_season>4</Combined_season>
  <DVD_chapter></DVD_chapter>
  <DVD_discid></DVD_discid>
  <DVD_episodenumber></DVD_episodenumber>
  <DVD_season></DVD_season>
  <Director>Matthew Penn</Director>
  <EpImgFlag>2</EpImgFlag>
  <EpisodeName>About Face</EpisodeName>
  <EpisodeNumber>6</EpisodeNumber>
  <FirstAired>2012-07-18</FirstAired>
  <GuestStars></GuestStars>
  <IMDB_ID></IMDB_ID>
  <Language>en</Language>
  <Overview>HankMed treats an absentminded country club manager while Evan, with Paige's help, lands the business opportunity he's always dreamed of.</Overview>
  <ProductionCode></ProductionCode>
  <Rating>8.0</Rating>
  <RatingCount>8</RatingCount>
  <SeasonNumber>4</SeasonNumber>
  <Writer>Constance M. Burge</Writer>
  <absolute_number></absolute_number>
  <filename>episodes/92411/4316414.jpg</filename>
  <lastupdated>1355742856</lastupdated>
  <seasonid>488443</seasonid>
  <seriesid>92411</seriesid>
</Episode>
<Episode>
  <id>4316415</id>
  <Combined_episodenumber>7</Combined_episodenumber>
  <Combined_season>4</Combined_season>
  <DVD_chapter></DVD_chapter>
  <DVD_discid></DVD_discid>
  <DVD_episodenumber></DVD_episodenumber>
  <DVD_season></DVD_season>
  <Director>Allison Liddi-Brown</Director>
  <EpImgFlag>2</EpImgFlag>
  <EpisodeName>Fools Russian</EpisodeName>
  <EpisodeNumber>7</EpisodeNumber>
  <FirstAired>2012-07-25</FirstAired>
  <GuestStars></GuestStars>
  <IMDB_ID></IMDB_ID>
  <Language>en</Language>
  <Overview>Hank is whisked away to a secret meeting in Manhattan by Boris to help care for a stubborn Russian oligarch, and befriends their female interpreter in the process. Meanwhile, Evan and Jeremiah treat an Internet entrepreneur and Divya reconciles with her father.</Overview>
  <ProductionCode></ProductionCode>
  <Rating>7.7</Rating>
  <RatingCount>9</RatingCount>
  <SeasonNumber>4</SeasonNumber>
  <Writer>Carol Flint</Writer>
  <absolute_number></absolute_number>
  <filename>episodes/92411/4316415.jpg</filename>
  <lastupdated>1355742835</lastupdated>
  <seasonid>488443</seasonid>
  <seriesid>92411</seriesid>
</Episode>
<Episode>
  <id>4316416</id>
  <Combined_episodenumber>8</Combined_episodenumber>
  <Combined_season>4</Combined_season>
  <DVD_chapter></DVD_chapter>
  <DVD_discid></DVD_discid>
  <DVD_episodenumber></DVD_episodenumber>
  <DVD_season></DVD_season>
  <Director>Mark Feuerstein</Director>
  <EpImgFlag>2</EpImgFlag>
  <EpisodeName>Manimal</EpisodeName>
  <EpisodeNumber>8</EpisodeNumber>
  <FirstAired>2012-08-01</FirstAired>
  <GuestStars></GuestStars>
  <IMDB_ID></IMDB_ID>
  <Language>en</Language>
  <Overview>Hank and Divya treat a Large Animal Veterinarian going through a bitter divorce while Evan and Paige help a close friend reeling from an unexpected loss.</Overview>
  <ProductionCode></ProductionCode>
  <Rating>7.9</Rating>
  <RatingCount>7</RatingCount>
  <SeasonNumber>4</SeasonNumber>
  <Writer>Jon Sherman</Writer>
  <absolute_number></absolute_number>
  <filename>episodes/92411/4316416.jpg</filename>
  <lastupdated>1355742792</lastupdated>
  <seasonid>488443</seasonid>
  <seriesid>92411</seriesid>
</Episode>
<Episode>
  <id>4355817</id>
  <Combined_episodenumber>9</Combined_episodenumber>
  <Combined_season>4</Combined_season>
  <DVD_chapter></DVD_chapter>
  <DVD_discid></DVD_discid>
  <DVD_episodenumber></DVD_episodenumber>
  <DVD_season></DVD_season>
  <Director>Constantine Makris</Director>
  <EpImgFlag>2</EpImgFlag>
  <EpisodeName>Business and Pleasure</EpisodeName>
  <EpisodeNumber>9</EpisodeNumber>
  <FirstAired>2012-08-15</FirstAired>
  <GuestStars></GuestStars>
  <IMDB_ID></IMDB_ID>
  <Language>en</Language>
  <Overview>While HankMed treats an undercover DEA Agent, Divya and Jeremiah tend to a MMA fighter who may have gone a bit soft. Meanwhile, Hank becomes more involved with Boris' interpreter, much to Boris' chagrin.</Overview>
  <ProductionCode></ProductionCode>
  <Rating>7.4</Rating>
  <RatingCount>9</RatingCount>
  <SeasonNumber>4</SeasonNumber>
  <Writer>Andrew Lenchewski|Jeff Drayer</Writer>
  <absolute_number></absolute_number>
  <filename>episodes/92411/4355817.jpg</filename>
  <lastupdated>1356293279</lastupdated>
  <seasonid>488443</seasonid>
  <seriesid>92411</seriesid>
</Episode>
<Episode>
  <id>4355818</id>
  <Combined_episodenumber>10</Combined_episodenumber>
  <Combined_season>4</Combined_season>
  <DVD_chapter></DVD_chapter>
  <DVD_discid></DVD_discid>
  <DVD_episodenumber></DVD_episodenumber>
  <DVD_season></DVD_season>
  <Director>Michael Watkins</Director>
  <EpImgFlag>2</EpImgFlag>
  <EpisodeName>Who's Your Daddy?</EpisodeName>
  <EpisodeNumber>10</EpisodeNumber>
  <FirstAired>2012-08-22</FirstAired>
  <GuestStars></GuestStars>
  <IMDB_ID></IMDB_ID>
  <Language>en</Language>
  <Overview>With a Polo tournament in full swing in the Hamptons, HankMed's on hand to treat a Polo Team Owner who won't quit playing despite his condition. Also, Divya deals with the realities of dating and Evan frets about an impending meeting of the in-laws.</Overview>
  <ProductionCode></ProductionCode>
  <Rating>7.2</Rating>
  <RatingCount>10</RatingCount>
  <SeasonNumber>4</SeasonNumber>
  <Writer>Michael Rauch|Jon Sherman</Writer>
  <absolute_number></absolute_number>
  <filename>episodes/92411/4355818.jpg</filename>
  <lastupdated>1356293288</lastupdated>
  <seasonid>488443</seasonid>
  <seriesid>92411</seriesid>
</Episode>
<Episode>
  <id>4355819</id>
  <Combined_episodenumber>11</Combined_episodenumber>
  <Combined_season>4</Combined_season>
  <DVD_chapter></DVD_chapter>
  <DVD_discid></DVD_discid>
  <DVD_episodenumber></DVD_episodenumber>
  <DVD_season></DVD_season>
  <Director>Paulo Costanzo</Director>
  <EpImgFlag>2</EpImgFlag>
  <EpisodeName>Dancing with the Devil</EpisodeName>
  <EpisodeNumber>11</EpisodeNumber>
  <FirstAired>2012-08-29</FirstAired>
  <GuestStars></GuestStars>
  <IMDB_ID></IMDB_ID>
  <Language>en</Language>
  <Overview>When a famous pop star comes to the Hamptons to prepare for her new world tour, HankMed must stay on hand to treat her for more than just exhaustion. Meanwhile, Divya becomes distracted when she falls head over heels for a globe-trotting polo player.</Overview>
  <ProductionCode></ProductionCode>
  <Rating>7.8</Rating>
  <RatingCount>8</RatingCount>
  <SeasonNumber>4</SeasonNumber>
  <Writer>Jack Bernstein|Simrain Baidwan</Writer>
  <absolute_number></absolute_number>
  <filename>episodes/92411/4355819.jpg</filename>
  <lastupdated>1357433130</lastupdated>
  <seasonid>488443</seasonid>
  <seriesid>92411</seriesid>
</Episode>
<Episode>
  <id>4355820</id>
  <Combined_episodenumber>12</Combined_episodenumber>
  <Combined_season>4</Combined_season>
  <DVD_chapter></DVD_chapter>
  <DVD_discid></DVD_discid>
  <DVD_episodenumber></DVD_episodenumber>
  <DVD_season></DVD_season>
  <Director>Tawnia McKiernan</Director>
  <EpImgFlag>2</EpImgFlag>
  <EpisodeName>Hurts Like a Mother</EpisodeName>
  <EpisodeNumber>12</EpisodeNumber>
  <FirstAired>2012-09-05</FirstAired>
  <GuestStars></GuestStars>
  <IMDB_ID></IMDB_ID>
  <Language>en</Language>
  <Overview>While HankMed treats a high-strung student for a bad case of nerves, her easy-going romance novelist mother falls ill as well and Hank must race to diagnose the two seemingly unconnected conditions.</Overview>
  <ProductionCode></ProductionCode>
  <Rating>7.8</Rating>
  <RatingCount>8</RatingCount>
  <SeasonNumber>4</SeasonNumber>
  <Writer>Jessica Ball|Aubrey Karr</Writer>
  <absolute_number></absolute_number>
  <filename>episodes/92411/4355820.jpg</filename>
  <lastupdated>1357461774</lastupdated>
  <seasonid>488443</seasonid>
  <seriesid>92411</seriesid>
</Episode>
<Episode>
  <id>4374927</id>
  <Combined_episodenumber>13</Combined_episodenumber>
  <Combined_season>4</Combined_season>
  <DVD_chapter></DVD_chapter>
  <DVD_discid></DVD_discid>
  <DVD_episodenumber></DVD_episodenumber>
  <DVD_season></DVD_season>
  <Director></Director>
  <EpImgFlag>2</EpImgFlag>
  <EpisodeName>Something Fishy This Way Comes</EpisodeName>
  <EpisodeNumber>13</EpisodeNumber>
  <FirstAired>2012-09-12</FirstAired>
  <GuestStars></GuestStars>
  <IMDB_ID></IMDB_ID>
  <Language>en</Language>
  <Overview>Hank must travel across the globe to help an injured Dmitry. Meanwhile, Evan and Paige meet a woman claiming to be Paige's biological mother.</Overview>
  <ProductionCode></ProductionCode>
  <Rating>7.6</Rating>
  <RatingCount>8</RatingCount>
  <SeasonNumber>4</SeasonNumber>
  <Writer></Writer>
  <absolute_number></absolute_number>
  <filename>episodes/92411/4374927.jpg</filename>
  <lastupdated>1358545530</lastupdated>
  <seasonid>488443</seasonid>
  <seriesid>92411</seriesid>
</Episode>
<Episode>
  <id>4374928</id>
  <Combined_episodenumber>14</Combined_episodenumber>
  <Combined_season>4</Combined_season>
  <DVD_chapter></DVD_chapter>
  <DVD_discid></DVD_discid>
  <DVD_episodenumber></DVD_episodenumber>
  <DVD_season></DVD_season>
  <Director>Emile Levisetti</Director>
  <EpImgFlag>2</EpImgFlag>
  <EpisodeName>Sand Legs</EpisodeName>
  <EpisodeNumber>14</EpisodeNumber>
  <FirstAired>2012-09-19</FirstAired>
  <GuestStars></GuestStars>
  <IMDB_ID>tt2380034</IMDB_ID>
  <Language>en</Language>
  <Overview>Hank cancels his weekend plans after treating an amateur beach volleyball player who he believes may be suffering from more than just a summer bug. Meanwhile, Divya confronts her new boyfriend after a startling discovery.</Overview>
  <ProductionCode>414</ProductionCode>
  <Rating>8.1</Rating>
  <RatingCount>8</RatingCount>
  <SeasonNumber>4</SeasonNumber>
  <Writer>Andrew Lenchewski|Antonia Ellis</Writer>
  <absolute_number>60</absolute_number>
  <filename>episodes/92411/4374928.jpg</filename>
  <lastupdated>1358545538</lastupdated>
  <seasonid>488443</seasonid>
  <seriesid>92411</seriesid>
</Episode>
<Episode>
  <id>4408210</id>
  <Combined_episodenumber>15</Combined_episodenumber>
  <Combined_season>4</Combined_season>
  <DVD_chapter></DVD_chapter>
  <DVD_discid></DVD_discid>
  <DVD_episodenumber></DVD_episodenumber>
  <DVD_season></DVD_season>
  <Director>Michael Rauch</Director>
  <EpImgFlag>2</EpImgFlag>
  <EpisodeName>Off-Season Greetings (1)</EpisodeName>
  <EpisodeNumber>15</EpisodeNumber>
  <FirstAired>2012-12-16</FirstAired>
  <GuestStars>Jill Flint|Emma Caulfield</GuestStars>
  <IMDB_ID>tt2443102</IMDB_ID>
  <Language>en</Language>
  <Overview>Several months after the events of the explosive summer finale. With the Hamptons decked out for the holidays, Dr. Hank Lawson continues to treat his patients in very unexpected ways, but Hank's biggest challenge will be facing his own medical issues. As the wedding approaches, Evan and Hank head to Las Vegas for some bachelor party fun, while Paige and Divya travel out of town for her bachelorette party. And with a snowstorm descending on the Hamptons, Paige rapidly finds her dream wedding turning into a nightmare.</Overview>
  <ProductionCode>415</ProductionCode>
  <Rating>8.1</Rating>
  <RatingCount>7</RatingCount>
  <SeasonNumber>4</SeasonNumber>
  <Writer>Carol Flint|Jon Sherman</Writer>
  <absolute_number>61</absolute_number>
  <filename>episodes/92411/4408210.jpg</filename>
  <lastupdated>1359365868</lastupdated>
  <seasonid>488443</seasonid>
  <seriesid>92411</seriesid>
</Episode>
<Episode>
  <id>4417776</id>
  <Combined_episodenumber>16</Combined_episodenumber>
  <Combined_season>4</Combined_season>
  <DVD_chapter></DVD_chapter>
  <DVD_discid></DVD_discid>
  <DVD_episodenumber></DVD_episodenumber>
  <DVD_season></DVD_season>
  <Director>Michael Rauch</Director>
  <EpImgFlag>2</EpImgFlag>
  <EpisodeName>Off-Season Greetings (2)</EpisodeName>
  <EpisodeNumber>16</EpisodeNumber>
  <FirstAired>2012-12-16</FirstAired>
  <GuestStars></GuestStars>
  <IMDB_ID>tt2525584</IMDB_ID>
  <Language>en</Language>
  <Overview>Several months after the events of the explosive summer finale. With the Hamptons decked out for the holidays, Dr. Hank Lawson continues to treat his patients in very unexpected ways, but Hank's biggest challenge will be facing his own medical issues. As the wedding approaches, Evan and Hank head to Las Vegas for some bachelor party fun, while Paige and Divya travel out of town for her bachelorette party. And with a snowstorm descending on the Hamptons, Paige rapidly finds her dream wedding turning into a nightmare.</Overview>
  <ProductionCode></ProductionCode>
  <Rating>9.0</Rating>
  <RatingCount>2</RatingCount>
  <SeasonNumber>4</SeasonNumber>
  <Writer>Constance M. Burge|Michael Rauch</Writer>
  <absolute_number>62</absolute_number>
  <filename>episodes/92411/4417776.jpg</filename>
  <lastupdated>1359365896</lastupdated>
  <seasonid>488443</seasonid>
  <seriesid>92411</seriesid>
</Episode>
<Episode>
  <id>4506200</id>
  <Combined_episodenumber>1</Combined_episodenumber>
  <Combined_season>5</Combined_season>
  <DVD_chapter></DVD_chapter>
  <DVD_discid></DVD_discid>
  <DVD_episodenumber></DVD_episodenumber>
  <DVD_season></DVD_season>
  <Director></Director>
  <EpImgFlag></EpImgFlag>
  <EpisodeName>Hank Watch</EpisodeName>
  <EpisodeNumber>1</EpisodeNumber>
  <FirstAired>2013-06-12</FirstAired>
  <GuestStars></GuestStars>
  <IMDB_ID></IMDB_ID>
  <Language>en</Language>
  <Overview></Overview>
  <ProductionCode></ProductionCode>
  <Rating></Rating>
  <RatingCount>0</RatingCount>
  <SeasonNumber>5</SeasonNumber>
  <Writer></Writer>
  <absolute_number></absolute_number>
  <filename></filename>
  <lastupdated>1365020890</lastupdated>
  <seasonid>513261</seasonid>
  <seriesid>92411</seriesid>
</Episode>
</Data>