<?xml version="1.0" encoding="UTF-8" ?>
<Actors>
<Actor>
  <id>77950</id>
  <Image>actors/77950.jpg</Image>
  <Name>Adam de la Peña</Name>
  <Role>Dave</Role>
  <SortOrder>0</SortOrder>
</Actor>
<Actor>
  <id>77951</id>
  <Image></Image>
  <Name>Matt Mariska</Name>
  <Role>Jerry</Role>
  <SortOrder>1</SortOrder>
</Actor>
<Actor>
  <id>77953</id>
  <Image>actors/77953.jpg</Image>
  <Name>Dana Snyder</Name>
  <Role>Todd and Benny</Role>
  <SortOrder>3</SortOrder>
</Actor>
<Actor>
  <id>77954</id>
  <Image></Image>
  <Name>Andy Sipes</Name>
  <Role>Dean Larrity and Mr. Larrity</Role>
  <SortOrder>3</SortOrder>
</Actor>
<Actor>
  <id>77955</id>
  <Image></Image>
  <Name>Gretchen McNeil</Name>
  <Role>Mary</Role>
  <SortOrder>3</SortOrder>
</Actor>
<Actor>
  <id>77959</id>
  <Image></Image>
  <Name>Lionel Tubbins</Name>
  <Role>Clarence</Role>
  <SortOrder>3</SortOrder>
</Actor>
<Actor>
  <id>77956</id>
  <Image></Image>
  <Name>Suzanne Keilly</Name>
  <Role>Clare</Role>
  <SortOrder>3</SortOrder>
</Actor>
</Actors>