<?xml version="1.0" encoding="UTF-8" ?>
<Data><Series>
  <id>80287</id>
  <Actors>|Adam de la Peña|Matt Mariska|Dana Snyder|Andy Sipes|Gretchen McNeil|Lionel Tubbins|Suzanne Keilly|</Actors>
  <Airs_DayOfWeek>Wednesday</Airs_DayOfWeek>
  <Airs_Time>9:00 PM</Airs_Time>
  <ContentRating>TV-14</ContentRating>
  <FirstAired>2007-07-11</FirstAired>
  <Genre>|Animation|Comedy|</Genre>
  <IMDB_ID>tt1068683</IMDB_ID>
  <Language>en</Language>
  <Network>G4</Network>
  <NetworkID></NetworkID>
  <Overview>Code Monkeys is a show from G4 and Adam de la Peña about a video game company called GAMEAVISION set during the 1980's. The show follows two old-school game coders Dave and Jerry on their bizarre and surreal adventures, along with a colorful cast of co-workers.</Overview>
  <Rating>8.0</Rating>
  <RatingCount>8</RatingCount>
  <Runtime>30</Runtime>
  <SeriesID>74222</SeriesID>
  <SeriesName>Code Monkeys</SeriesName>
  <Status>Ended</Status>
  <added></added>
  <addedBy></addedBy>
  <banner>graphical/80287-g.jpg</banner>
  <fanart>fanart/original/80287-4.jpg</fanart>
  <lastupdated>1354973693</lastupdated>
  <poster>posters/80287-2.jpg</poster>
  <zap2it_id>SH942373</zap2it_id>
</Series>
<Episode>
  <id>369862</id>
  <Combined_episodenumber>1</Combined_episodenumber>
  <Combined_season>0</Combined_season>
  <DVD_chapter></DVD_chapter>
  <DVD_discid></DVD_discid>
  <DVD_episodenumber></DVD_episodenumber>
  <DVD_season></DVD_season>
  <Director></Director>
  <EpImgFlag>1</EpImgFlag>
  <EpisodeName>The Story of 420</EpisodeName>
  <EpisodeNumber>1</EpisodeNumber>
  <FirstAired>2008-04-20</FirstAired>
  <GuestStars>|Tommy Chong|</GuestStars>
  <IMDB_ID></IMDB_ID>
  <Language>en</Language>
  <Overview>Dave and Jerry travel across the country to find out the true meaning of 420. But when they come across a map that would lead them to Jester Hopperpot's hidden stash of weed, they enlist the help of their Gamavision co-workers to find it.</Overview>
  <ProductionCode></ProductionCode>
  <Rating>8.3</Rating>
  <RatingCount>3</RatingCount>
  <SeasonNumber>0</SeasonNumber>
  <Writer></Writer>
  <absolute_number></absolute_number>
  <airsafter_season></airsafter_season>
  <airsbefore_episode>1</airsbefore_episode>
  <airsbefore_season>2</airsbefore_season>
  <filename>episodes/80287/369862.jpg</filename>
  <lastupdated>1295153501</lastupdated>
  <seasonid>27832</seasonid>
  <seriesid>80287</seriesid>
</Episode>
<Episode>
  <id>332144</id>
  <Combined_episodenumber>1</Combined_episodenumber>
  <Combined_season>1</Combined_season>
  <DVD_chapter></DVD_chapter>
  <DVD_discid></DVD_discid>
  <DVD_episodenumber></DVD_episodenumber>
  <DVD_season></DVD_season>
  <Director>Adam De La Pena</Director>
  <EpImgFlag></EpImgFlag>
  <EpisodeName>Wizard of Woz</EpisodeName>
  <EpisodeNumber>1</EpisodeNumber>
  <FirstAired>2007-07-11</FirstAired>
  <GuestStars>|Stephan Gary Wozniak|</GuestStars>
  <IMDB_ID></IMDB_ID>
  <Language>en</Language>
  <Overview>The Gameavision staff's lives are turned around when CEO Steve Wozniak (providing his own voice) sells out to a crazy oil tycoon.</Overview>
  <ProductionCode>101</ProductionCode>
  <Rating>7.0</Rating>
  <RatingCount>3</RatingCount>
  <SeasonNumber>1</SeasonNumber>
  <Writer>Adam De La Pena</Writer>
  <absolute_number></absolute_number>
  <filename>episodes/80287/332144.jpg</filename>
  <lastupdated>1235440279</lastupdated>
  <seasonid>27983</seasonid>
  <seriesid>80287</seriesid>
</Episode>
<Episode>
  <id>332146</id>
  <Combined_episodenumber>2</Combined_episodenumber>
  <Combined_season>1</Combined_season>
  <DVD_chapter></DVD_chapter>
  <DVD_discid></DVD_discid>
  <DVD_episodenumber></DVD_episodenumber>
  <DVD_season></DVD_season>
  <Director>Adam De La Pena</Director>
  <EpImgFlag></EpImgFlag>
  <EpisodeName>ET</EpisodeName>
  <EpisodeNumber>2</EpisodeNumber>
  <FirstAired>2007-07-11</FirstAired>
  <GuestStars></GuestStars>
  <IMDB_ID></IMDB_ID>
  <Language>en</Language>
  <Overview>Larrity buys the rights to the movie E.T. from Steven Spielberg, and Jerry has two days to make it into a game.</Overview>
  <ProductionCode>102</ProductionCode>
  <Rating>7.0</Rating>
  <RatingCount>2</RatingCount>
  <SeasonNumber>1</SeasonNumber>
  <Writer>Adam De La Pena</Writer>
  <absolute_number></absolute_number>
  <filename>episodes/80287/332146.jpg</filename>
  <lastupdated>1186127299</lastupdated>
  <seasonid>27983</seasonid>
  <seriesid>80287</seriesid>
</Episode>
<Episode>
  <id>332148</id>
  <Combined_episodenumber>3</Combined_episodenumber>
  <Combined_season>1</Combined_season>
  <DVD_chapter></DVD_chapter>
  <DVD_discid></DVD_discid>
  <DVD_episodenumber></DVD_episodenumber>
  <DVD_season></DVD_season>
  <Director></Director>
  <EpImgFlag></EpImgFlag>
  <EpisodeName>Stonervision</EpisodeName>
  <EpisodeNumber>3</EpisodeNumber>
  <FirstAired>2007-07-18</FirstAired>
  <GuestStars>|Nolan Bushnell|</GuestStars>
  <IMDB_ID></IMDB_ID>
  <Language>en</Language>
  <Overview>Dave and Jerry quit their GameAvison jobs to start their own company with funding from a drug lord. Nolan Bushnell, Atari founder guest stars.</Overview>
  <ProductionCode>103</ProductionCode>
  <Rating>7.0</Rating>
  <RatingCount>2</RatingCount>
  <SeasonNumber>1</SeasonNumber>
  <Writer></Writer>
  <absolute_number></absolute_number>
  <filename>episodes/80287/332148.jpg</filename>
  <lastupdated>1186127537</lastupdated>
  <seasonid>27983</seasonid>
  <seriesid>80287</seriesid>
</Episode>
<Episode>
  <id>332149</id>
  <Combined_episodenumber>4</Combined_episodenumber>
  <Combined_season>1</Combined_season>
  <DVD_chapter></DVD_chapter>
  <DVD_discid></DVD_discid>
  <DVD_episodenumber></DVD_episodenumber>
  <DVD_season></DVD_season>
  <Director></Director>
  <EpImgFlag></EpImgFlag>
  <EpisodeName>Super Prison Breakout</EpisodeName>
  <EpisodeNumber>4</EpisodeNumber>
  <FirstAired>2007-07-25</FirstAired>
  <GuestStars></GuestStars>
  <IMDB_ID></IMDB_ID>
  <Language>en</Language>
  <Overview>The GameAVision staff is sent to prison for the weekend to be scared straight after someone is caught stealing from the company.</Overview>
  <ProductionCode>104</ProductionCode>
  <Rating>7.0</Rating>
  <RatingCount>2</RatingCount>
  <SeasonNumber>1</SeasonNumber>
  <Writer></Writer>
  <absolute_number></absolute_number>
  <filename>episodes/80287/332149.jpg</filename>
  <lastupdated>1186894147</lastupdated>
  <seasonid>27983</seasonid>
  <seriesid>80287</seriesid>
</Episode>
<Episode>
  <id>332934</id>
  <Combined_episodenumber>5</Combined_episodenumber>
  <Combined_season>1</Combined_season>
  <DVD_chapter></DVD_chapter>
  <DVD_discid></DVD_discid>
  <DVD_episodenumber></DVD_episodenumber>
  <DVD_season></DVD_season>
  <Director></Director>
  <EpImgFlag></EpImgFlag>
  <EpisodeName>Just One Of The Gamers</EpisodeName>
  <EpisodeNumber>5</EpisodeNumber>
  <FirstAired>2007-08-01</FirstAired>
  <GuestStars></GuestStars>
  <IMDB_ID></IMDB_ID>
  <Language>en</Language>
  <Overview>Mary gets an idea on how to move ahead after having another game idea shot down; guest star David Jaffe as himself.</Overview>
  <ProductionCode>105</ProductionCode>
  <Rating>8.0</Rating>
  <RatingCount>2</RatingCount>
  <SeasonNumber>1</SeasonNumber>
  <Writer></Writer>
  <absolute_number></absolute_number>
  <filename>episodes/80287/332934.jpg</filename>
  <lastupdated>1186198390</lastupdated>
  <seasonid>27983</seasonid>
  <seriesid>80287</seriesid>
</Episode>
<Episode>
  <id>333257</id>
  <Combined_episodenumber>6</Combined_episodenumber>
  <Combined_season>1</Combined_season>
  <DVD_chapter></DVD_chapter>
  <DVD_discid></DVD_discid>
  <DVD_episodenumber></DVD_episodenumber>
  <DVD_season></DVD_season>
  <Director></Director>
  <EpImgFlag></EpImgFlag>
  <EpisodeName>The Take Over</EpisodeName>
  <EpisodeNumber>6</EpisodeNumber>
  <FirstAired>2007-08-08</FirstAired>
  <GuestStars></GuestStars>
  <IMDB_ID></IMDB_ID>
  <Language>en</Language>
  <Overview>The staff scrambles to save their jobs when GameAVision is sold to a Japanese videogame company. Dave is drawn into the shady world of underground Japanese eating competitions.</Overview>
  <ProductionCode></ProductionCode>
  <Rating>7.0</Rating>
  <RatingCount>2</RatingCount>
  <SeasonNumber>1</SeasonNumber>
  <Writer></Writer>
  <absolute_number></absolute_number>
  <filename>episodes/80287/333257.jpg</filename>
  <lastupdated>1187558604</lastupdated>
  <seasonid>27983</seasonid>
  <seriesid>80287</seriesid>
</Episode>
<Episode>
  <id>333258</id>
  <Combined_episodenumber>7</Combined_episodenumber>
  <Combined_season>1</Combined_season>
  <DVD_chapter></DVD_chapter>
  <DVD_discid></DVD_discid>
  <DVD_episodenumber></DVD_episodenumber>
  <DVD_season></DVD_season>
  <Director></Director>
  <EpImgFlag></EpImgFlag>
  <EpisodeName>Larrity's Got Back</EpisodeName>
  <EpisodeNumber>7</EpisodeNumber>
  <FirstAired>2007-08-15</FirstAired>
  <GuestStars></GuestStars>
  <IMDB_ID></IMDB_ID>
  <Language>en</Language>
  <Overview>Larrity hopes that he can get a transplant after he learns he may have cancer.</Overview>
  <ProductionCode></ProductionCode>
  <Rating>7.0</Rating>
  <RatingCount>2</RatingCount>
  <SeasonNumber>1</SeasonNumber>
  <Writer></Writer>
  <absolute_number></absolute_number>
  <filename>episodes/80287/333258.jpg</filename>
  <lastupdated>1187559043</lastupdated>
  <seasonid>27983</seasonid>
  <seriesid>80287</seriesid>
</Episode>
<Episode>
  <id>333963</id>
  <Combined_episodenumber>8</Combined_episodenumber>
  <Combined_season>1</Combined_season>
  <DVD_chapter></DVD_chapter>
  <DVD_discid></DVD_discid>
  <DVD_episodenumber></DVD_episodenumber>
  <DVD_season></DVD_season>
  <Director></Director>
  <EpImgFlag></EpImgFlag>
  <EpisodeName>IPO</EpisodeName>
  <EpisodeNumber>8</EpisodeNumber>
  <FirstAired>2007-08-29</FirstAired>
  <GuestStars></GuestStars>
  <IMDB_ID></IMDB_ID>
  <Language>en</Language>
  <Overview>The staff pursue their wildest dreams when GameAVision\'s IPO makes them instant millionaires.</Overview>
  <ProductionCode></ProductionCode>
  <Rating>7.0</Rating>
  <RatingCount>2</RatingCount>
  <SeasonNumber>1</SeasonNumber>
  <Writer></Writer>
  <absolute_number></absolute_number>
  <filename>episodes/80287/333963.jpg</filename>
  <lastupdated>1189661992</lastupdated>
  <seasonid>27983</seasonid>
  <seriesid>80287</seriesid>
</Episode>
<Episode>
  <id>335032</id>
  <Combined_episodenumber>9</Combined_episodenumber>
  <Combined_season>1</Combined_season>
  <DVD_chapter></DVD_chapter>
  <DVD_discid></DVD_discid>
  <DVD_episodenumber></DVD_episodenumber>
  <DVD_season></DVD_season>
  <Director></Director>
  <EpImgFlag></EpImgFlag>
  <EpisodeName>Todd Loses His Mind</EpisodeName>
  <EpisodeNumber>9</EpisodeNumber>
  <FirstAired>2007-09-05</FirstAired>
  <GuestStars></GuestStars>
  <IMDB_ID></IMDB_ID>
  <Language>en</Language>
  <Overview>Todd's Dungeons and Dragons inspired alter ego, Pardue, exacts his revenge on Larrity. Gary Gygax, creator of Dungeons &amp; Dragons, guest stars. </Overview>
  <ProductionCode></ProductionCode>
  <Rating>7.0</Rating>
  <RatingCount>2</RatingCount>
  <SeasonNumber>1</SeasonNumber>
  <Writer></Writer>
  <absolute_number></absolute_number>
  <filename>episodes/80287/335032.jpg</filename>
  <lastupdated>1190365346</lastupdated>
  <seasonid>27983</seasonid>
  <seriesid>80287</seriesid>
</Episode>
<Episode>
  <id>334834</id>
  <Combined_episodenumber>10</Combined_episodenumber>
  <Combined_season>1</Combined_season>
  <DVD_chapter></DVD_chapter>
  <DVD_discid></DVD_discid>
  <DVD_episodenumber></DVD_episodenumber>
  <DVD_season></DVD_season>
  <Director></Director>
  <EpImgFlag></EpImgFlag>
  <EpisodeName>Third Reich's the Charm</EpisodeName>
  <EpisodeNumber>10</EpisodeNumber>
  <FirstAired>2007-09-12</FirstAired>
  <GuestStars></GuestStars>
  <IMDB_ID></IMDB_ID>
  <Language>en</Language>
  <Overview>The company becomes involved with an infamous German family after Dave pitches a terrible game idea. </Overview>
  <ProductionCode></ProductionCode>
  <Rating>7.5</Rating>
  <RatingCount>2</RatingCount>
  <SeasonNumber>1</SeasonNumber>
  <Writer></Writer>
  <absolute_number></absolute_number>
  <filename>episodes/80287/334834.jpg</filename>
  <lastupdated>1190366188</lastupdated>
  <seasonid>27983</seasonid>
  <seriesid>80287</seriesid>
</Episode>
<Episode>
  <id>335709</id>
  <Combined_episodenumber>11</Combined_episodenumber>
  <Combined_season>1</Combined_season>
  <DVD_chapter></DVD_chapter>
  <DVD_discid></DVD_discid>
  <DVD_episodenumber></DVD_episodenumber>
  <DVD_season></DVD_season>
  <Director></Director>
  <EpImgFlag></EpImgFlag>
  <EpisodeName>Wrassle Mania</EpisodeName>
  <EpisodeNumber>11</EpisodeNumber>
  <FirstAired>2007-09-19</FirstAired>
  <GuestStars></GuestStars>
  <IMDB_ID></IMDB_ID>
  <Language>en</Language>
  <Overview>The GameAvision staff teams up with professional wrestlers to beat arch rivals, Bellecovision.</Overview>
  <ProductionCode></ProductionCode>
  <Rating>7.0</Rating>
  <RatingCount>1</RatingCount>
  <SeasonNumber>1</SeasonNumber>
  <Writer></Writer>
  <absolute_number></absolute_number>
  <filename>episodes/80287/335709.jpg</filename>
  <lastupdated>1190274234</lastupdated>
  <seasonid>27983</seasonid>
  <seriesid>80287</seriesid>
</Episode>
<Episode>
  <id>335962</id>
  <Combined_episodenumber>12</Combined_episodenumber>
  <Combined_season>1</Combined_season>
  <DVD_chapter></DVD_chapter>
  <DVD_discid></DVD_discid>
  <DVD_episodenumber></DVD_episodenumber>
  <DVD_season></DVD_season>
  <Director></Director>
  <EpImgFlag></EpImgFlag>
  <EpisodeName>Vegas, Baby!</EpisodeName>
  <EpisodeNumber>12</EpisodeNumber>
  <FirstAired>2007-09-26</FirstAired>
  <GuestStars></GuestStars>
  <IMDB_ID></IMDB_ID>
  <Language>en</Language>
  <Overview>The GameAvision staff spends a wild weekend in Las Vegas at the annual Video Game Convention.</Overview>
  <ProductionCode></ProductionCode>
  <Rating>7.5</Rating>
  <RatingCount>2</RatingCount>
  <SeasonNumber>1</SeasonNumber>
  <Writer></Writer>
  <absolute_number></absolute_number>
  <filename>episodes/80287/335962.jpg</filename>
  <lastupdated>1190941291</lastupdated>
  <seasonid>27983</seasonid>
  <seriesid>80287</seriesid>
</Episode>
<Episode>
  <id>337133</id>
  <Combined_episodenumber>13</Combined_episodenumber>
  <Combined_season>1</Combined_season>
  <DVD_chapter></DVD_chapter>
  <DVD_discid></DVD_discid>
  <DVD_episodenumber></DVD_episodenumber>
  <DVD_season></DVD_season>
  <Director></Director>
  <EpImgFlag></EpImgFlag>
  <EpisodeName>The Revenge of Matsui</EpisodeName>
  <EpisodeNumber>13</EpisodeNumber>
  <FirstAired>2007-10-03</FirstAired>
  <GuestStars></GuestStars>
  <IMDB_ID></IMDB_ID>
  <Language>en</Language>
  <Overview>Benny is kidnapped by Protendo's ninjas.</Overview>
  <ProductionCode></ProductionCode>
  <Rating>8.0</Rating>
  <RatingCount>1</RatingCount>
  <SeasonNumber>1</SeasonNumber>
  <Writer></Writer>
  <absolute_number></absolute_number>
  <filename>episodes/80287/337133.jpg</filename>
  <lastupdated>1191640262</lastupdated>
  <seasonid>27983</seasonid>
  <seriesid>80287</seriesid>
</Episode>
<Episode>
  <id>363245</id>
  <Combined_episodenumber>1</Combined_episodenumber>
  <Combined_season>2</Combined_season>
  <DVD_chapter></DVD_chapter>
  <DVD_discid></DVD_discid>
  <DVD_episodenumber></DVD_episodenumber>
  <DVD_season></DVD_season>
  <Director></Director>
  <EpImgFlag>1</EpImgFlag>
  <EpisodeName>Psychological Problems</EpisodeName>
  <EpisodeNumber>1</EpisodeNumber>
  <FirstAired>2008-06-01</FirstAired>
  <GuestStars></GuestStars>
  <IMDB_ID>tt1238961</IMDB_ID>
  <Language>en</Language>
  <Overview>The Gameavision staff has to pass psychological evaluations in order to keep their insurance.</Overview>
  <ProductionCode>201</ProductionCode>
  <Rating>8.0</Rating>
  <RatingCount>2</RatingCount>
  <SeasonNumber>2</SeasonNumber>
  <Writer></Writer>
  <absolute_number></absolute_number>
  <filename>episodes/80287/363245.jpg</filename>
  <lastupdated>1295128665</lastupdated>
  <seasonid>32022</seasonid>
  <seriesid>80287</seriesid>
</Episode>
<Episode>
  <id>370707</id>
  <Combined_episodenumber>2</Combined_episodenumber>
  <Combined_season>2</Combined_season>
  <DVD_chapter></DVD_chapter>
  <DVD_discid></DVD_discid>
  <DVD_episodenumber></DVD_episodenumber>
  <DVD_season></DVD_season>
  <Director></Director>
  <EpImgFlag>1</EpImgFlag>
  <EpisodeName>My Pal Jodie</EpisodeName>
  <EpisodeNumber>2</EpisodeNumber>
  <FirstAired>2008-06-08</FirstAired>
  <GuestStars></GuestStars>
  <IMDB_ID>tt1238960</IMDB_ID>
  <Language>en</Language>
  <Overview>Dave creates a game that makes someone attempt to assassinate Ronald Reagan.</Overview>
  <ProductionCode></ProductionCode>
  <Rating>7.5</Rating>
  <RatingCount>2</RatingCount>
  <SeasonNumber>2</SeasonNumber>
  <Writer></Writer>
  <absolute_number></absolute_number>
  <filename>episodes/80287/370707.jpg</filename>
  <lastupdated>1295128673</lastupdated>
  <seasonid>32022</seasonid>
  <seriesid>80287</seriesid>
</Episode>
<Episode>
  <id>371135</id>
  <Combined_episodenumber>3</Combined_episodenumber>
  <Combined_season>2</Combined_season>
  <DVD_chapter></DVD_chapter>
  <DVD_discid></DVD_discid>
  <DVD_episodenumber></DVD_episodenumber>
  <DVD_season></DVD_season>
  <Director></Director>
  <EpImgFlag>1</EpImgFlag>
  <EpisodeName>Dave Gets Boobs</EpisodeName>
  <EpisodeNumber>3</EpisodeNumber>
  <FirstAired>2008-06-15</FirstAired>
  <GuestStars></GuestStars>
  <IMDB_ID>tt1246631</IMDB_ID>
  <Language>en</Language>
  <Overview>Dave gets his own breasts.</Overview>
  <ProductionCode></ProductionCode>
  <Rating>8.0</Rating>
  <RatingCount>2</RatingCount>
  <SeasonNumber>2</SeasonNumber>
  <Writer></Writer>
  <absolute_number></absolute_number>
  <filename>episodes/80287/371135.jpg</filename>
  <lastupdated>1295128678</lastupdated>
  <seasonid>32022</seasonid>
  <seriesid>80287</seriesid>
</Episode>
<Episode>
  <id>372516</id>
  <Combined_episodenumber>4</Combined_episodenumber>
  <Combined_season>2</Combined_season>
  <DVD_chapter></DVD_chapter>
  <DVD_discid></DVD_discid>
  <DVD_episodenumber></DVD_episodenumber>
  <DVD_season></DVD_season>
  <Director></Director>
  <EpImgFlag>1</EpImgFlag>
  <EpisodeName>Valley of the Silicon Dolls</EpisodeName>
  <EpisodeNumber>4</EpisodeNumber>
  <FirstAired>2008-06-22</FirstAired>
  <GuestStars></GuestStars>
  <IMDB_ID>tt1250371</IMDB_ID>
  <Language>en</Language>
  <Overview>When Gameavison attempts to compete with Lettuce Patch Dolls, they accidentally create a monster.</Overview>
  <ProductionCode></ProductionCode>
  <Rating>7.0</Rating>
  <RatingCount>2</RatingCount>
  <SeasonNumber>2</SeasonNumber>
  <Writer></Writer>
  <absolute_number></absolute_number>
  <filename>episodes/80287/372516.jpg</filename>
  <lastupdated>1295128684</lastupdated>
  <seasonid>32022</seasonid>
  <seriesid>80287</seriesid>
</Episode>
<Episode>
  <id>373861</id>
  <Combined_episodenumber>5</Combined_episodenumber>
  <Combined_season>2</Combined_season>
  <DVD_chapter></DVD_chapter>
  <DVD_discid></DVD_discid>
  <DVD_episodenumber></DVD_episodenumber>
  <DVD_season></DVD_season>
  <Director></Director>
  <EpImgFlag>1</EpImgFlag>
  <EpisodeName>The Kid is Mine</EpisodeName>
  <EpisodeNumber>5</EpisodeNumber>
  <FirstAired>2008-06-29</FirstAired>
  <GuestStars></GuestStars>
  <IMDB_ID>tt1260969</IMDB_ID>
  <Language>en</Language>
  <Overview>Dave partners with Michael Jackson to create a special video game to accompany the release of Michael's forthcoming album, 'Thriller'.</Overview>
  <ProductionCode></ProductionCode>
  <Rating>7.0</Rating>
  <RatingCount>2</RatingCount>
  <SeasonNumber>2</SeasonNumber>
  <Writer></Writer>
  <absolute_number></absolute_number>
  <filename>episodes/80287/373861.jpg</filename>
  <lastupdated>1295128691</lastupdated>
  <seasonid>32022</seasonid>
  <seriesid>80287</seriesid>
</Episode>
<Episode>
  <id>374495</id>
  <Combined_episodenumber>6</Combined_episodenumber>
  <Combined_season>2</Combined_season>
  <DVD_chapter></DVD_chapter>
  <DVD_discid></DVD_discid>
  <DVD_episodenumber></DVD_episodenumber>
  <DVD_season></DVD_season>
  <Director></Director>
  <EpImgFlag>1</EpImgFlag>
  <EpisodeName>Dean in Charge</EpisodeName>
  <EpisodeNumber>6</EpisodeNumber>
  <FirstAired>2008-07-06</FirstAired>
  <GuestStars></GuestStars>
  <IMDB_ID>tt1260968</IMDB_ID>
  <Language>en</Language>
  <Overview>The Gameavision staff suffer when Dean is put in charge of running the company.</Overview>
  <ProductionCode></ProductionCode>
  <Rating>7.0</Rating>
  <RatingCount>2</RatingCount>
  <SeasonNumber>2</SeasonNumber>
  <Writer></Writer>
  <absolute_number></absolute_number>
  <filename>episodes/80287/374495.jpg</filename>
  <lastupdated>1295128699</lastupdated>
  <seasonid>32022</seasonid>
  <seriesid>80287</seriesid>
</Episode>
<Episode>
  <id>376285</id>
  <Combined_episodenumber>7</Combined_episodenumber>
  <Combined_season>2</Combined_season>
  <DVD_chapter></DVD_chapter>
  <DVD_discid></DVD_discid>
  <DVD_episodenumber></DVD_episodenumber>
  <DVD_season></DVD_season>
  <Director></Director>
  <EpImgFlag>1</EpImgFlag>
  <EpisodeName>Drunken Office Party</EpisodeName>
  <EpisodeNumber>7</EpisodeNumber>
  <FirstAired>2008-07-13</FirstAired>
  <GuestStars></GuestStars>
  <IMDB_ID>tt1284708</IMDB_ID>
  <Language>en</Language>
  <Overview>Jerry must make amends with the staff after getting drunk at the office party.</Overview>
  <ProductionCode>207</ProductionCode>
  <Rating>7.0</Rating>
  <RatingCount>1</RatingCount>
  <SeasonNumber>2</SeasonNumber>
  <Writer></Writer>
  <absolute_number></absolute_number>
  <filename>episodes/80287/376285.jpg</filename>
  <lastupdated>1295128705</lastupdated>
  <seasonid>32022</seasonid>
  <seriesid>80287</seriesid>
</Episode>
<Episode>
  <id>376475</id>
  <Combined_episodenumber>8</Combined_episodenumber>
  <Combined_season>2</Combined_season>
  <DVD_chapter></DVD_chapter>
  <DVD_discid></DVD_discid>
  <DVD_episodenumber></DVD_episodenumber>
  <DVD_season></DVD_season>
  <Director></Director>
  <EpImgFlag>1</EpImgFlag>
  <EpisodeName>Trouble in the Middle East</EpisodeName>
  <EpisodeNumber>8</EpisodeNumber>
  <FirstAired>2008-07-20</FirstAired>
  <GuestStars></GuestStars>
  <IMDB_ID>tt1276215</IMDB_ID>
  <Language>en</Language>
  <Overview>The dictator of Khakistan kidnaps Dave and Todd to help him with his world domination scheme.</Overview>
  <ProductionCode>208</ProductionCode>
  <Rating>7.0</Rating>
  <RatingCount>2</RatingCount>
  <SeasonNumber>2</SeasonNumber>
  <Writer></Writer>
  <absolute_number></absolute_number>
  <filename>episodes/80287/376475.jpg</filename>
  <lastupdated>1295128711</lastupdated>
  <seasonid>32022</seasonid>
  <seriesid>80287</seriesid>
</Episode>
<Episode>
  <id>377314</id>
  <Combined_episodenumber>9</Combined_episodenumber>
  <Combined_season>2</Combined_season>
  <DVD_chapter></DVD_chapter>
  <DVD_discid></DVD_discid>
  <DVD_episodenumber></DVD_episodenumber>
  <DVD_season></DVD_season>
  <Director></Director>
  <EpImgFlag>1</EpImgFlag>
  <EpisodeName>Benny's Birthday</EpisodeName>
  <EpisodeNumber>9</EpisodeNumber>
  <FirstAired>2008-07-27</FirstAired>
  <GuestStars></GuestStars>
  <IMDB_ID>tt1276216</IMDB_ID>
  <Language>en</Language>
  <Overview>Mr. Larrity kicks Benny out on his 7th birthday. Todd's brother, Chris, visits the GameaVison offices.</Overview>
  <ProductionCode></ProductionCode>
  <Rating>7.0</Rating>
  <RatingCount>2</RatingCount>
  <SeasonNumber>2</SeasonNumber>
  <Writer></Writer>
  <absolute_number></absolute_number>
  <filename>episodes/80287/377314.jpg</filename>
  <lastupdated>1295128717</lastupdated>
  <seasonid>32022</seasonid>
  <seriesid>80287</seriesid>
</Episode>
<Episode>
  <id>379512</id>
  <Combined_episodenumber>10</Combined_episodenumber>
  <Combined_season>2</Combined_season>
  <DVD_chapter></DVD_chapter>
  <DVD_discid></DVD_discid>
  <DVD_episodenumber></DVD_episodenumber>
  <DVD_season></DVD_season>
  <Director></Director>
  <EpImgFlag>1</EpImgFlag>
  <EpisodeName>The Great Recession</EpisodeName>
  <EpisodeNumber>10</EpisodeNumber>
  <FirstAired>2008-08-03</FirstAired>
  <GuestStars></GuestStars>
  <IMDB_ID>tt1276214</IMDB_ID>
  <Language>en</Language>
  <Overview>A downturn in the video game industry sends the GameaVision staff looking for new jobs.</Overview>
  <ProductionCode>210</ProductionCode>
  <Rating>7.0</Rating>
  <RatingCount>1</RatingCount>
  <SeasonNumber>2</SeasonNumber>
  <Writer></Writer>
  <absolute_number></absolute_number>
  <filename>episodes/80287/379512.jpg</filename>
  <lastupdated>1295128723</lastupdated>
  <seasonid>32022</seasonid>
  <seriesid>80287</seriesid>
</Episode>
<Episode>
  <id>381332</id>
  <Combined_episodenumber>11</Combined_episodenumber>
  <Combined_season>2</Combined_season>
  <DVD_chapter></DVD_chapter>
  <DVD_discid></DVD_discid>
  <DVD_episodenumber></DVD_episodenumber>
  <DVD_season></DVD_season>
  <Director></Director>
  <EpImgFlag>1</EpImgFlag>
  <EpisodeName>Dave's Day Off</EpisodeName>
  <EpisodeNumber>11</EpisodeNumber>
  <FirstAired>2008-08-10</FirstAired>
  <GuestStars></GuestStars>
  <IMDB_ID>tt1275986</IMDB_ID>
  <Language>en</Language>
  <Overview>A day at GameaVision provides the real inspiration behind John Hughes' films.</Overview>
  <ProductionCode>211</ProductionCode>
  <Rating>7.0</Rating>
  <RatingCount>1</RatingCount>
  <SeasonNumber>2</SeasonNumber>
  <Writer></Writer>
  <absolute_number></absolute_number>
  <filename>episodes/80287/381332.jpg</filename>
  <lastupdated>1295128732</lastupdated>
  <seasonid>32022</seasonid>
  <seriesid>80287</seriesid>
</Episode>
<Episode>
  <id>381333</id>
  <Combined_episodenumber>12</Combined_episodenumber>
  <Combined_season>2</Combined_season>
  <DVD_chapter></DVD_chapter>
  <DVD_discid></DVD_discid>
  <DVD_episodenumber></DVD_episodenumber>
  <DVD_season></DVD_season>
  <Director></Director>
  <EpImgFlag>1</EpImgFlag>
  <EpisodeName>Car Robber Sunnyvale</EpisodeName>
  <EpisodeNumber>12</EpisodeNumber>
  <FirstAired>2008-08-17</FirstAired>
  <GuestStars></GuestStars>
  <IMDB_ID>tt1279566</IMDB_ID>
  <Language>en</Language>
  <Overview>Jerry and Dave are threatened by a disgruntled actor. Also, Mr. Larrity's father comes to GameaVision to take over.</Overview>
  <ProductionCode>212</ProductionCode>
  <Rating>7.5</Rating>
  <RatingCount>2</RatingCount>
  <SeasonNumber>2</SeasonNumber>
  <Writer></Writer>
  <absolute_number></absolute_number>
  <filename>episodes/80287/381333.jpg</filename>
  <lastupdated>1295128738</lastupdated>
  <seasonid>32022</seasonid>
  <seriesid>80287</seriesid>
</Episode>
</Data>