<?xml version="1.0" encoding="UTF-8" ?>
<Actors>
<Actor>
  <id>122821</id>
  <Image>actors/122821.jpg</Image>
  <Name>Patricia Heaton</Name>
  <Role>Frances &quot;Frankie&quot; Heck</Role>
  <SortOrder>0</SortOrder>
</Actor>
<Actor>
  <id>122831</id>
  <Image>actors/122831.jpg</Image>
  <Name>Neil Flynn</Name>
  <Role>Mike </Role>
  <SortOrder>1</SortOrder>
</Actor>
<Actor>
  <id>122851</id>
  <Image>actors/122851.jpg</Image>
  <Name>Eden Sher</Name>
  <Role>Sue</Role>
  <SortOrder>2</SortOrder>
</Actor>
<Actor>
  <id>122841</id>
  <Image>actors/122841.jpg</Image>
  <Name>Charlie McDermott</Name>
  <Role>Axl</Role>
  <SortOrder>2</SortOrder>
</Actor>
<Actor>
  <id>197941</id>
  <Image>actors/197941.jpg</Image>
  <Name>Atticus Shaffer</Name>
  <Role>Brick</Role>
  <SortOrder>3</SortOrder>
</Actor>
<Actor>
  <id>122871</id>
  <Image>actors/122871.jpg</Image>
  <Name>Chris Kattan</Name>
  <Role>Bob</Role>
  <SortOrder>3</SortOrder>
</Actor>
</Actors>