<?xml version="1.0" encoding="UTF-8" ?>
<Actors>
<Actor>
  <id>70822</id>
  <Image>actors/70822.jpg</Image>
  <Name>Skeet Ulrich</Name>
  <Role>Jake Green</Role>
  <SortOrder>0</SortOrder>
</Actor>
<Actor>
  <id>70825</id>
  <Image>actors/70825.jpg</Image>
  <Name>Lennie James</Name>
  <Role>Robert Hawkins</Role>
  <SortOrder>1</SortOrder>
</Actor>
<Actor>
  <id>70827</id>
  <Image>actors/70827.jpg</Image>
  <Name>Kenneth Mitchell</Name>
  <Role>Eric Green</Role>
  <SortOrder>2</SortOrder>
</Actor>
<Actor>
  <id>78202</id>
  <Image>actors/78202.jpg</Image>
  <Name>April D. Parker</Name>
  <Role>Darcy Hawkins</Role>
  <SortOrder>3</SortOrder>
</Actor>
<Actor>
  <id>78201</id>
  <Image>actors/78201.jpg</Image>
  <Name>Clare Carey</Name>
  <Role>Mary Bailey</Role>
  <SortOrder>3</SortOrder>
</Actor>
<Actor>
  <id>78200</id>
  <Image>actors/78200.jpg</Image>
  <Name>Darby Stanchfield</Name>
  <Role>April Green</Role>
  <SortOrder>3</SortOrder>
</Actor>
<Actor>
  <id>78199</id>
  <Image>actors/78199.jpg</Image>
  <Name>Alicia Coppola</Name>
  <Role>Mimi Clark</Role>
  <SortOrder>3</SortOrder>
</Actor>
<Actor>
  <id>70832</id>
  <Image>actors/70832.jpg</Image>
  <Name>Erik Knudsen</Name>
  <Role>Dale Turner</Role>
  <SortOrder>3</SortOrder>
</Actor>
<Actor>
  <id>70831</id>
  <Image>actors/70831.jpg</Image>
  <Name>Shoshannah Stern</Name>
  <Role>Bonnie Richmond</Role>
  <SortOrder>3</SortOrder>
</Actor>
<Actor>
  <id>70830</id>
  <Image>actors/70830.jpg</Image>
  <Name>Michael Gaston</Name>
  <Role>Gray Anderson</Role>
  <SortOrder>3</SortOrder>
</Actor>
<Actor>
  <id>70829</id>
  <Image>actors/70829.jpg</Image>
  <Name>Brad Beyer</Name>
  <Role>Stanley Richmond</Role>
  <SortOrder>3</SortOrder>
</Actor>
<Actor>
  <id>70828</id>
  <Image>actors/70828.jpg</Image>
  <Name>Gerald McRaney</Name>
  <Role>Mayor Johnston Green</Role>
  <SortOrder>3</SortOrder>
</Actor>
<Actor>
  <id>70826</id>
  <Image>actors/70826.jpg</Image>
  <Name>Pamela Reed</Name>
  <Role>Gail Green</Role>
  <SortOrder>3</SortOrder>
</Actor>
<Actor>
  <id>70824</id>
  <Image>actors/70824.jpg</Image>
  <Name>Ashley Scott</Name>
  <Role>Emily Sullivan</Role>
  <SortOrder>3</SortOrder>
</Actor>
<Actor>
  <id>70823</id>
  <Image>actors/70823.jpg</Image>
  <Name>Sprague Grayden</Name>
  <Role>Heather Lisinki</Role>
  <SortOrder>3</SortOrder>
</Actor>
<Actor>
  <id>247241</id>
  <Image>actors/247241.jpg</Image>
  <Name>Bob Stephenson</Name>
  <Role>Jimmy Taylor</Role>
  <SortOrder>3</SortOrder>
</Actor>
<Actor>
  <id>247231</id>
  <Image>actors/247231.jpg</Image>
  <Name>Richard Speight Jr.</Name>
  <Role>Bill</Role>
  <SortOrder>3</SortOrder>
</Actor>
<Actor>
  <id>199141</id>
  <Image>actors/199141.jpg</Image>
  <Name>Esai Morales</Name>
  <Role>Mjr. Edward Beck</Role>
  <SortOrder>3</SortOrder>
</Actor>
</Actors>