<?xml version="1.0" encoding="UTF-8" ?>
<Banners>
<Banner>
  <id>23549</id>
  <BannerPath>fanart/original/79330-8.jpg</BannerPath>
  <BannerType>fanart</BannerType>
  <BannerType2>1280x720</BannerType2>
  <Colors>|255,255,253|167,127,127|198,178,189|</Colors>
  <Language>en</Language>
  <Rating>8.1667</Rating>
  <RatingCount>6</RatingCount>
  <SeriesName>false</SeriesName>
  <ThumbnailPath>_cache/fanart/original/79330-8.jpg</ThumbnailPath>
  <VignettePath>fanart/vignette/79330-8.jpg</VignettePath>
</Banner>
<Banner>
  <id>152971</id>
  <BannerPath>fanart/original/79330-12.jpg</BannerPath>
  <BannerType>fanart</BannerType>
  <BannerType2>1920x1080</BannerType2>
  <Colors>|250,164,25|39,30,15|159,120,17|</Colors>
  <Language>de</Language>
  <Rating>7.8571</Rating>
  <RatingCount>7</RatingCount>
  <SeriesName>false</SeriesName>
  <ThumbnailPath>_cache/fanart/original/79330-12.jpg</ThumbnailPath>
  <VignettePath>fanart/vignette/79330-12.jpg</VignettePath>
</Banner>
<Banner>
  <id>24302</id>
  <BannerPath>fanart/original/79330-9.jpg</BannerPath>
  <BannerType>fanart</BannerType>
  <BannerType2>1920x1080</BannerType2>
  <Colors>|233,232,204|16,19,28|194,182,156|</Colors>
  <Language>en</Language>
  <Rating>6.5000</Rating>
  <RatingCount>6</RatingCount>
  <SeriesName>false</SeriesName>
  <ThumbnailPath>_cache/fanart/original/79330-9.jpg</ThumbnailPath>
  <VignettePath>fanart/vignette/79330-9.jpg</VignettePath>
</Banner>
<Banner>
  <id>21464</id>
  <BannerPath>fanart/original/79330-4.jpg</BannerPath>
  <BannerType>fanart</BannerType>
  <BannerType2>1280x720</BannerType2>
  <Colors>|118,87,66|99,68,47|190,114,38|</Colors>
  <Language>en</Language>
  <Rating>6.2500</Rating>
  <RatingCount>4</RatingCount>
  <SeriesName>false</SeriesName>
  <ThumbnailPath>_cache/fanart/original/79330-4.jpg</ThumbnailPath>
  <VignettePath>fanart/vignette/79330-4.jpg</VignettePath>
</Banner>
<Banner>
  <id>919262</id>
  <BannerPath>fanart/original/79330-11.jpg</BannerPath>
  <BannerType>fanart</BannerType>
  <BannerType2>1920x1080</BannerType2>
  <Colors></Colors>
  <Language>fr</Language>
  <Rating>6.0000</Rating>
  <RatingCount>1</RatingCount>
  <SeriesName>false</SeriesName>
  <ThumbnailPath>_cache/fanart/original/79330-11.jpg</ThumbnailPath>
  <VignettePath>fanart/vignette/79330-11.jpg</VignettePath>
</Banner>
<Banner>
  <id>20737</id>
  <BannerPath>fanart/original/79330-3.jpg</BannerPath>
  <BannerType>fanart</BannerType>
  <BannerType2>1280x720</BannerType2>
  <Colors>|243,246,227|28,28,20|120,92,53|</Colors>
  <Language>en</Language>
  <Rating>5.6667</Rating>
  <RatingCount>3</RatingCount>
  <SeriesName>false</SeriesName>
  <ThumbnailPath>_cache/fanart/original/79330-3.jpg</ThumbnailPath>
  <VignettePath>fanart/vignette/79330-3.jpg</VignettePath>
</Banner>
<Banner>
  <id>178671</id>
  <BannerPath>fanart/original/79330-6.jpg</BannerPath>
  <BannerType>fanart</BannerType>
  <BannerType2>1920x1080</BannerType2>
  <Colors></Colors>
  <Language>en</Language>
  <Rating>5.5000</Rating>
  <RatingCount>2</RatingCount>
  <SeriesName>true</SeriesName>
  <ThumbnailPath>_cache/fanart/original/79330-6.jpg</ThumbnailPath>
  <VignettePath>fanart/vignette/79330-6.jpg</VignettePath>
</Banner>
<Banner>
  <id>20233</id>
  <BannerPath>fanart/original/79330-1.jpg</BannerPath>
  <BannerType>fanart</BannerType>
  <BannerType2>1280x720</BannerType2>
  <Colors>|236,231,225|29,52,36|146,128,82|</Colors>
  <Language>en</Language>
  <Rating>5.0000</Rating>
  <RatingCount>2</RatingCount>
  <SeriesName>false</SeriesName>
  <ThumbnailPath>_cache/fanart/original/79330-1.jpg</ThumbnailPath>
  <VignettePath>fanart/vignette/79330-1.jpg</VignettePath>
</Banner>
<Banner>
  <id>22834</id>
  <BannerPath>fanart/original/79330-7.jpg</BannerPath>
  <BannerType>fanart</BannerType>
  <BannerType2>1280x720</BannerType2>
  <Colors>|250,251,245|46,45,40|157,145,93|</Colors>
  <Language>en</Language>
  <Rating>2.5000</Rating>
  <RatingCount>2</RatingCount>
  <SeriesName>false</SeriesName>
  <ThumbnailPath>_cache/fanart/original/79330-7.jpg</ThumbnailPath>
  <VignettePath>fanart/vignette/79330-7.jpg</VignettePath>
</Banner>
<Banner>
  <id>919261</id>
  <BannerPath>fanart/original/79330-10.jpg</BannerPath>
  <BannerType>fanart</BannerType>
  <BannerType2>1920x1080</BannerType2>
  <Colors></Colors>
  <Language>fr</Language>
  <Rating></Rating>
  <RatingCount>0</RatingCount>
  <SeriesName>false</SeriesName>
  <ThumbnailPath>_cache/fanart/original/79330-10.jpg</ThumbnailPath>
  <VignettePath>fanart/vignette/79330-10.jpg</VignettePath>
</Banner>
<Banner>
  <id>919264</id>
  <BannerPath>fanart/original/79330-14.jpg</BannerPath>
  <BannerType>fanart</BannerType>
  <BannerType2>1920x1080</BannerType2>
  <Colors></Colors>
  <Language>fr</Language>
  <Rating></Rating>
  <RatingCount>0</RatingCount>
  <SeriesName>false</SeriesName>
  <ThumbnailPath>_cache/fanart/original/79330-14.jpg</ThumbnailPath>
  <VignettePath>fanart/vignette/79330-14.jpg</VignettePath>
</Banner>
<Banner>
  <id>919265</id>
  <BannerPath>fanart/original/79330-15.jpg</BannerPath>
  <BannerType>fanart</BannerType>
  <BannerType2>1920x1080</BannerType2>
  <Colors></Colors>
  <Language>fr</Language>
  <Rating></Rating>
  <RatingCount>0</RatingCount>
  <SeriesName>false</SeriesName>
  <ThumbnailPath>_cache/fanart/original/79330-15.jpg</ThumbnailPath>
  <VignettePath>fanart/vignette/79330-15.jpg</VignettePath>
</Banner>
<Banner>
  <id>919263</id>
  <BannerPath>fanart/original/79330-13.jpg</BannerPath>
  <BannerType>fanart</BannerType>
  <BannerType2>1920x1080</BannerType2>
  <Colors></Colors>
  <Language>fr</Language>
  <Rating></Rating>
  <RatingCount>0</RatingCount>
  <SeriesName>false</SeriesName>
  <ThumbnailPath>_cache/fanart/original/79330-13.jpg</ThumbnailPath>
  <VignettePath>fanart/vignette/79330-13.jpg</VignettePath>
</Banner>
<Banner>
  <id>27696</id>
  <BannerPath>posters/79330-1.jpg</BannerPath>
  <BannerType>poster</BannerType>
  <BannerType2>680x1000</BannerType2>
  <Language>en</Language>
  <Rating>9.3333</Rating>
  <RatingCount>6</RatingCount>
</Banner>
<Banner>
  <id>110771</id>
  <BannerPath>posters/79330-2.jpg</BannerPath>
  <BannerType>poster</BannerType>
  <BannerType2>680x1000</BannerType2>
  <Language>en</Language>
  <Rating></Rating>
  <RatingCount>0</RatingCount>
</Banner>
<Banner>
  <id>904640</id>
  <BannerPath>posters/79330-4.jpg</BannerPath>
  <BannerType>poster</BannerType>
  <BannerType2>680x1000</BannerType2>
  <Language>en</Language>
  <Rating></Rating>
  <RatingCount>0</RatingCount>
</Banner>
<Banner>
  <id>865251</id>
  <BannerPath>posters/79330-3.jpg</BannerPath>
  <BannerType>poster</BannerType>
  <BannerType2>680x1000</BannerType2>
  <Language>en</Language>
  <Rating></Rating>
  <RatingCount>0</RatingCount>
</Banner>
<Banner>
  <id>726141</id>
  <BannerPath>seasons/79330-0-2.jpg</BannerPath>
  <BannerType>season</BannerType>
  <BannerType2>season</BannerType2>
  <Language>en</Language>
  <Rating>10.0000</Rating>
  <RatingCount>1</RatingCount>
  <Season>0</Season>
</Banner>
<Banner>
  <id>21158</id>
  <BannerPath>seasons/79330-2-2.jpg</BannerPath>
  <BannerType>season</BannerType>
  <BannerType2>season</BannerType2>
  <Language>en</Language>
  <Rating>9.5000</Rating>
  <RatingCount>4</RatingCount>
  <Season>2</Season>
</Banner>
<Banner>
  <id>21159</id>
  <BannerPath>seasons/79330-1-2.jpg</BannerPath>
  <BannerType>season</BannerType>
  <BannerType2>season</BannerType2>
  <Language>en</Language>
  <Rating>9.3333</Rating>
  <RatingCount>3</RatingCount>
  <Season>1</Season>
</Banner>
<Banner>
  <id>16747</id>
  <BannerPath>seasons/79330-2.jpg</BannerPath>
  <BannerType>season</BannerType>
  <BannerType2>season</BannerType2>
  <Language>en</Language>
  <Rating>8.0000</Rating>
  <RatingCount>1</RatingCount>
  <Season>2</Season>
</Banner>
<Banner>
  <id>18864</id>
  <BannerPath>seasons/79330-1.jpg</BannerPath>
  <BannerType>season</BannerType>
  <BannerType2>season</BannerType2>
  <Language>en</Language>
  <Rating>6.0000</Rating>
  <RatingCount>1</RatingCount>
  <Season>1</Season>
</Banner>
<Banner>
  <id>8918</id>
  <BannerPath>seasons/58068-1.jpg</BannerPath>
  <BannerType>season</BannerType>
  <BannerType2>season</BannerType2>
  <Language>en</Language>
  <Rating>3.5000</Rating>
  <RatingCount>2</RatingCount>
  <Season>1</Season>
</Banner>
<Banner>
  <id>110761</id>
  <BannerPath>seasons/79330-1-3.jpg</BannerPath>
  <BannerType>season</BannerType>
  <BannerType2>season</BannerType2>
  <Language>de</Language>
  <Rating></Rating>
  <RatingCount>0</RatingCount>
  <Season>1</Season>
</Banner>
<Banner>
  <id>389841</id>
  <BannerPath>seasons/79330-0.jpg</BannerPath>
  <BannerType>season</BannerType>
  <BannerType2>season</BannerType2>
  <Language>en</Language>
  <Rating></Rating>
  <RatingCount>0</RatingCount>
  <Season>0</Season>
</Banner>
<Banner>
  <id>177741</id>
  <BannerPath>seasons/79330-1-4.jpg</BannerPath>
  <BannerType>season</BannerType>
  <BannerType2>season</BannerType2>
  <Language>fr</Language>
  <Rating></Rating>
  <RatingCount>0</RatingCount>
  <Season>1</Season>
</Banner>
<Banner>
  <id>177751</id>
  <BannerPath>seasons/79330-2-3.jpg</BannerPath>
  <BannerType>season</BannerType>
  <BannerType2>season</BannerType2>
  <Language>fr</Language>
  <Rating></Rating>
  <RatingCount>0</RatingCount>
  <Season>2</Season>
</Banner>
<Banner>
  <id>910393</id>
  <BannerPath>seasonswide/79330-1-2.jpg</BannerPath>
  <BannerType>season</BannerType>
  <BannerType2>seasonwide</BannerType2>
  <Language>en</Language>
  <Rating></Rating>
  <RatingCount>0</RatingCount>
  <Season>1</Season>
</Banner>
<Banner>
  <id>403551</id>
  <BannerPath>graphical/79330-g5.jpg</BannerPath>
  <BannerType>series</BannerType>
  <BannerType2>graphical</BannerType2>
  <Language>en</Language>
  <Rating>10.0000</Rating>
  <RatingCount>2</RatingCount>
</Banner>
<Banner>
  <id>12000</id>
  <BannerPath>graphical/79330-g.jpg</BannerPath>
  <BannerType>series</BannerType>
  <BannerType2>graphical</BannerType2>
  <Language>en</Language>
  <Rating>8.7143</Rating>
  <RatingCount>7</RatingCount>
</Banner>
<Banner>
  <id>14139</id>
  <BannerPath>graphical/79330-g2.jpg</BannerPath>
  <BannerType>series</BannerType>
  <BannerType2>graphical</BannerType2>
  <Language>en</Language>
  <Rating>8.6667</Rating>
  <RatingCount>6</RatingCount>
</Banner>
<Banner>
  <id>556031</id>
  <BannerPath>graphical/79330-g7.jpg</BannerPath>
  <BannerType>series</BannerType>
  <BannerType2>graphical</BannerType2>
  <Language>en</Language>
  <Rating>7.5000</Rating>
  <RatingCount>2</RatingCount>
</Banner>
<Banner>
  <id>20991</id>
  <BannerPath>graphical/79330-g4.jpg</BannerPath>
  <BannerType>series</BannerType>
  <BannerType2>graphical</BannerType2>
  <Language>en</Language>
  <Rating>7.0000</Rating>
  <RatingCount>6</RatingCount>
</Banner>
<Banner>
  <id>15893</id>
  <BannerPath>graphical/79330-g3.jpg</BannerPath>
  <BannerType>series</BannerType>
  <BannerType2>graphical</BannerType2>
  <Language>en</Language>
  <Rating>6.5000</Rating>
  <RatingCount>2</RatingCount>
</Banner>
<Banner>
  <id>8917</id>
  <BannerPath>graphical/58068-g.jpg</BannerPath>
  <BannerType>series</BannerType>
  <BannerType2>graphical</BannerType2>
  <Language>en</Language>
  <Rating>6.2500</Rating>
  <RatingCount>4</RatingCount>
</Banner>
<Banner>
  <id>9048</id>
  <BannerPath>text/58068.jpg</BannerPath>
  <BannerType>series</BannerType>
  <BannerType2>text</BannerType2>
  <Language>en</Language>
  <Rating>1.0000</Rating>
  <RatingCount>1</RatingCount>
</Banner>
<Banner>
  <id>18648</id>
  <BannerPath>text/79330.jpg</BannerPath>
  <BannerType>series</BannerType>
  <BannerType2>text</BannerType2>
  <Language>en</Language>
  <Rating>1.0000</Rating>
  <RatingCount>1</RatingCount>
</Banner>
<Banner>
  <id>18649</id>
  <BannerPath>blank/79330-2.jpg</BannerPath>
  <BannerType>series</BannerType>
  <BannerType2>blank</BannerType2>
  <Language>en</Language>
  <Rating></Rating>
  <RatingCount>0</RatingCount>
</Banner>
<Banner>
  <id>403561</id>
  <BannerPath>graphical/79330-g6.jpg</BannerPath>
  <BannerType>series</BannerType>
  <BannerType2>graphical</BannerType2>
  <Language>en</Language>
  <Rating></Rating>
  <RatingCount>0</RatingCount>
</Banner>
<Banner>
  <id>12870</id>
  <BannerPath>blank/79330.jpg</BannerPath>
  <BannerType>series</BannerType>
  <BannerType2>blank</BannerType2>
  <Language>en</Language>
  <Rating></Rating>
  <RatingCount>0</RatingCount>
</Banner>
</Banners>