<?xml version="1.0" encoding="UTF-8" ?>
<Data><Series>
  <id>79330</id>
  <Actors>|Skeet Ulrich|Lennie James|Kenneth Mitchell|April D. Parker|Clare Carey|Darby Stanchfield|Alicia Coppola|Erik Knudsen|Shoshannah Stern|Michael Gaston|Brad Beyer|Gerald McRaney|Pamela Reed|Ashley Scott|Sprague Grayden|Bob Stephenson|Richard Speight Jr.|Esai Morales|</Actors>
  <Airs_DayOfWeek>Tuesday</Airs_DayOfWeek>
  <Airs_Time>10:00 PM</Airs_Time>
  <ContentRating>TV-PG</ContentRating>
  <FirstAired>2006-09-20</FirstAired>
  <Genre>|Action|Adventure|Drama|</Genre>
  <IMDB_ID>tt0805663</IMDB_ID>
  <Language>en</Language>
  <Network>CBS</Network>
  <NetworkID></NetworkID>
  <Overview>When Jake Green returns to his Kansas small-town home Jericho, where his dad Johnston is mayor, everyone is preoccupied with petty private business and family matters, but that changes drastically after a completely unexpected explosion. It soon becomes clear there has been a nuclear attack, but neither by whom nor on which scale. Suddenly life in Jericho, and as the inhabitants gradually discover all over the disintegrating USA, becomes a more primordial struggle for survival, where unexperienced dangers, primitive as well as technological, have to be weighed against pressing primal needs, such as food, fuel and self-defense against plunderers, invaders and even each-other. Jake, whose private story like that of other main characters slowly becomes disclosed to us, proves extremely resourceful and a smart hero, while his father's mayoral authority and even that of the only available medical professionals is soon challenged and undermined, criminal potentials are tapped into by circumstances and good people must rise to the daunting occasion assertively or perish. Even when contact is made with neighboring surviving towns, desperate rivalry soon cancels out solidarity.</Overview>
  <Rating>8.5</Rating>
  <RatingCount>92</RatingCount>
  <Runtime>60</Runtime>
  <SeriesID>58068</SeriesID>
  <SeriesName>Jericho (2006)</SeriesName>
  <Status>Ended</Status>
  <added></added>
  <addedBy></addedBy>
  <banner>graphical/79330-g5.jpg</banner>
  <fanart>fanart/original/79330-8.jpg</fanart>
  <lastupdated>1364606168</lastupdated>
  <poster>posters/79330-1.jpg</poster>
  <zap2it_id></zap2it_id>
</Series>
<Episode>
  <id>312459</id>
  <Combined_episodenumber>1</Combined_episodenumber>
  <Combined_season>0</Combined_season>
  <DVD_chapter></DVD_chapter>
  <DVD_discid></DVD_discid>
  <DVD_episodenumber></DVD_episodenumber>
  <DVD_season></DVD_season>
  <Director>Rob Klug</Director>
  <EpImgFlag>2</EpImgFlag>
  <EpisodeName>Return To Jericho</EpisodeName>
  <EpisodeNumber>1</EpisodeNumber>
  <FirstAired>2007-02-14</FirstAired>
  <GuestStars></GuestStars>
  <IMDB_ID></IMDB_ID>
  <Language>en</Language>
  <Overview>During this special presentation you will see all the mysteries that occurred during the first 11 episodes.  This episode will take you from the day the bombs went off to finding out that someone is coming to visit Hawkins and that Emily’s fiancé is still alive.</Overview>
  <ProductionCode>111.5</ProductionCode>
  <Rating></Rating>
  <RatingCount>0</RatingCount>
  <SeasonNumber>0</SeasonNumber>
  <Writer></Writer>
  <absolute_number></absolute_number>
  <airsafter_season></airsafter_season>
  <airsbefore_episode>12</airsbefore_episode>
  <airsbefore_season>1</airsbefore_season>
  <filename>episodes/79330/312459.jpg</filename>
  <lastupdated>1331233366</lastupdated>
  <seasonid>26770</seasonid>
  <seriesid>79330</seriesid>
</Episode>
<Episode>
  <id>2193981</id>
  <Combined_episodenumber>2</Combined_episodenumber>
  <Combined_season>0</Combined_season>
  <DVD_chapter></DVD_chapter>
  <DVD_discid></DVD_discid>
  <DVD_episodenumber></DVD_episodenumber>
  <DVD_season></DVD_season>
  <Director>Seith Mann</Director>
  <EpImgFlag>2</EpImgFlag>
  <EpisodeName>Patriots And Tyrants (Alternate Ending)</EpisodeName>
  <EpisodeNumber>2</EpisodeNumber>
  <FirstAired></FirstAired>
  <GuestStars>David Meunier|Timothy Omundson|Daniel Benzali|Chris Kramer|Xander Berkeley|Brian Tee|Geno Monteiro|John M. Jackson|Roxana Brusso|Rick Federman|Dennis Staroselsky|Dominic Hoffman|Laura Leyva|Holt Boggs|Joel Lambert|</GuestStars>
  <IMDB_ID></IMDB_ID>
  <Language>en</Language>
  <Overview>Alternative ending to the series finale episode that was officially aired. This version was produced to be the cliffhanger season finale that would have led into season 3 had it not been canceled.</Overview>
  <ProductionCode></ProductionCode>
  <Rating>8.5</Rating>
  <RatingCount>2</RatingCount>
  <SeasonNumber>0</SeasonNumber>
  <Writer>Jonathan E. Steinberg|Dan Shotz</Writer>
  <absolute_number></absolute_number>
  <airsafter_season>2</airsafter_season>
  <airsbefore_episode></airsbefore_episode>
  <airsbefore_season></airsbefore_season>
  <filename>episodes/79330/2193981.jpg</filename>
  <lastupdated>1343917855</lastupdated>
  <seasonid>26770</seasonid>
  <seriesid>79330</seriesid>
</Episode>
<Episode>
  <id>4119024</id>
  <Combined_episodenumber>3</Combined_episodenumber>
  <Combined_season>0</Combined_season>
  <DVD_chapter></DVD_chapter>
  <DVD_discid></DVD_discid>
  <DVD_episodenumber></DVD_episodenumber>
  <DVD_season></DVD_season>
  <Director></Director>
  <EpImgFlag></EpImgFlag>
  <EpisodeName>Nut Job</EpisodeName>
  <EpisodeNumber>3</EpisodeNumber>
  <FirstAired></FirstAired>
  <GuestStars></GuestStars>
  <IMDB_ID></IMDB_ID>
  <Language>en</Language>
  <Overview>&quot;Nut Job&quot; is the extra that all Jericho fans have wanted to see. It tells the story of how this little show changed television history. Want know how many nuts were sent to CBS? It gets answered. Want to know what happened to the nuts? Answered!</Overview>
  <ProductionCode></ProductionCode>
  <Rating></Rating>
  <RatingCount>0</RatingCount>
  <SeasonNumber>0</SeasonNumber>
  <Writer></Writer>
  <absolute_number></absolute_number>
  <airsafter_season>2</airsafter_season>
  <airsbefore_episode></airsbefore_episode>
  <airsbefore_season></airsbefore_season>
  <filename></filename>
  <lastupdated>1331233378</lastupdated>
  <seasonid>26770</seasonid>
  <seriesid>79330</seriesid>
</Episode>
<Episode>
  <id>307436</id>
  <Combined_episodenumber>1.0</Combined_episodenumber>
  <Combined_season>1</Combined_season>
  <DVD_chapter></DVD_chapter>
  <DVD_discid></DVD_discid>
  <DVD_episodenumber>1.0</DVD_episodenumber>
  <DVD_season>1</DVD_season>
  <Director>Jon Turteltaub</Director>
  <EpImgFlag>2</EpImgFlag>
  <EpisodeName>Pilot: The First Seventeen Hours</EpisodeName>
  <EpisodeNumber>1</EpisodeNumber>
  <FirstAired>2006-09-20</FirstAired>
  <GuestStars>|Taylor Nichols|Leon Russom|Joey King|Joseph Castanon|Germaine De Leon|Beau Dremann|Steve Hibbert|Helena Barrett|Madison Pettis|Mackenzie Hannigan|Al Vincente|Marlene Forte|Thom Williams|Robert C. Koch|Bruce Bohne|Princess Lucaj|Stevie Walsh Jr.|</GuestStars>
  <IMDB_ID>tt0494730</IMDB_ID>
  <Language>en</Language>
  <Overview>After a nuclear disaster caused by several terrorist attacks wipes out most of North America, residents of a small Kansas town have to come to terms with a very different reality.
</Overview>
  <ProductionCode>101</ProductionCode>
  <Rating>7.4</Rating>
  <RatingCount>27</RatingCount>
  <SeasonNumber>1</SeasonNumber>
  <Writer>Stephen Chbosky</Writer>
  <absolute_number></absolute_number>
  <filename>episodes/79330/307436.jpg</filename>
  <lastupdated>1359993561</lastupdated>
  <seasonid>16271</seasonid>
  <seriesid>79330</seriesid>
</Episode>
<Episode>
  <id>307471</id>
  <Combined_episodenumber>2.0</Combined_episodenumber>
  <Combined_season>1</Combined_season>
  <DVD_chapter></DVD_chapter>
  <DVD_discid></DVD_discid>
  <DVD_episodenumber>2.0</DVD_episodenumber>
  <DVD_season>1</DVD_season>
  <Director>Jon Turteltaub</Director>
  <EpImgFlag>2</EpImgFlag>
  <EpisodeName>Fallout</EpisodeName>
  <EpisodeNumber>2</EpisodeNumber>
  <FirstAired>2006-09-20</FirstAired>
  <GuestStars>|Musashi Alexander|Julia M. Flint|Chris Foreman|Geffri Maya Hightower|Todd Giebenhain|Jeff De Serrano|Aaron Hendry|Jonno Roberts|</GuestStars>
  <IMDB_ID>tt0833360</IMDB_ID>
  <Language>en</Language>
  <Overview>The fallout from the nuclear blast in Denver will hit Jericho in an hour and Jake has to get the residents inside.  The official shelter is not adequate and Jake must find another shelter to protect them. Emily faces troubles of her own while being picked up by who she thinks are two officers.
</Overview>
  <ProductionCode>102</ProductionCode>
  <Rating>7.7</Rating>
  <RatingCount>23</RatingCount>
  <SeasonNumber>1</SeasonNumber>
  <Writer>Stephen Chbosky</Writer>
  <absolute_number></absolute_number>
  <filename>episodes/79330/307471.jpg</filename>
  <lastupdated>1342887369</lastupdated>
  <seasonid>16271</seasonid>
  <seriesid>79330</seriesid>
</Episode>
<Episode>
  <id>307472</id>
  <Combined_episodenumber>3.0</Combined_episodenumber>
  <Combined_season>1</Combined_season>
  <DVD_chapter></DVD_chapter>
  <DVD_discid></DVD_discid>
  <DVD_episodenumber>3.0</DVD_episodenumber>
  <DVD_season>1</DVD_season>
  <Director>James Whitmore Jr.</Director>
  <EpImgFlag>2</EpImgFlag>
  <EpisodeName>Four Horsemen</EpisodeName>
  <EpisodeNumber>3</EpisodeNumber>
  <FirstAired>2006-10-04</FirstAired>
  <GuestStars>|Mackenzie Hannigan|Xiaobin Jiang|James Eckhouse|Bobby Stephenson|</GuestStars>
  <IMDB_ID>tt0851759</IMDB_ID>
  <Language>en</Language>
  <Overview>After seeing a broadcast via satellite from Asia, Jake gathers a group of people together for information gathering.  After finding out that there is information out there, Jake suggests having four search parties to go out to get a better understanding what is going on outside of Jericho.  The search parties set off in four different directions.
</Overview>
  <ProductionCode>103</ProductionCode>
  <Rating>7.2</Rating>
  <RatingCount>21</RatingCount>
  <SeasonNumber>1</SeasonNumber>
  <Writer>|Dan O'Shannon|Dan Shotz|</Writer>
  <absolute_number></absolute_number>
  <filename>episodes/79330/307472.jpg</filename>
  <lastupdated>1342887571</lastupdated>
  <seasonid>16271</seasonid>
  <seriesid>79330</seriesid>
</Episode>
<Episode>
  <id>307793</id>
  <Combined_episodenumber>4.0</Combined_episodenumber>
  <Combined_season>1</Combined_season>
  <DVD_chapter></DVD_chapter>
  <DVD_discid></DVD_discid>
  <DVD_episodenumber>4.0</DVD_episodenumber>
  <DVD_season>1</DVD_season>
  <Director>Martha Mitchell</Director>
  <EpImgFlag>2</EpImgFlag>
  <EpisodeName>Walls Of Jericho</EpisodeName>
  <EpisodeNumber>4</EpisodeNumber>
  <FirstAired>2006-10-11</FirstAired>
  <GuestStars>|Thomas Bankowski|April D Parker|Bobby Stephenson|Darby Stachfield|Adam Donshik|Yvans Jourdain|</GuestStars>
  <IMDB_ID>tt0858022</IMDB_ID>
  <Language>en</Language>
  <Overview>Jake finds a stranger who is sick with radiation poisoning and he must make a decision whether or not to help him.  The hospital’s generator is running out of gas and the residents find that their supplies are also running low.
</Overview>
  <ProductionCode>104</ProductionCode>
  <Rating>7.1</Rating>
  <RatingCount>23</RatingCount>
  <SeasonNumber>1</SeasonNumber>
  <Writer>Ellie Herman</Writer>
  <absolute_number></absolute_number>
  <filename>episodes/79330/307793.jpg</filename>
  <lastupdated>1342887378</lastupdated>
  <seasonid>16271</seasonid>
  <seriesid>79330</seriesid>
</Episode>
<Episode>
  <id>310807</id>
  <Combined_episodenumber>5.0</Combined_episodenumber>
  <Combined_season>1</Combined_season>
  <DVD_chapter></DVD_chapter>
  <DVD_discid></DVD_discid>
  <DVD_episodenumber>5.0</DVD_episodenumber>
  <DVD_season>1</DVD_season>
  <Director>Duane Clark</Director>
  <EpImgFlag>2</EpImgFlag>
  <EpisodeName>Federal Response</EpisodeName>
  <EpisodeNumber>5</EpisodeNumber>
  <FirstAired>2006-10-18</FirstAired>
  <GuestStars>|George Hammett|Mackenzie Hannigan|Stevie Walsh Jr.|Hailey McCann|Bobby Stephenson|</GuestStars>
  <IMDB_ID>tt0853785</IMDB_ID>
  <Language>en</Language>
  <Overview>The children of Jericho start to return back to school. A power line that has fallen causes an accident on the playground when the power returns. Jake has an argument with his mother regarding a secret that Jake hasn't disclosed to his dad.</Overview>
  <ProductionCode>105</ProductionCode>
  <Rating>7.5</Rating>
  <RatingCount>25</RatingCount>
  <SeasonNumber>1</SeasonNumber>
  <Writer>Mike Ostrowski</Writer>
  <absolute_number></absolute_number>
  <filename>episodes/79330/310807.jpg</filename>
  <lastupdated>1341435356</lastupdated>
  <seasonid>16271</seasonid>
  <seriesid>79330</seriesid>
</Episode>
<Episode>
  <id>310808</id>
  <Combined_episodenumber>6.0</Combined_episodenumber>
  <Combined_season>1</Combined_season>
  <DVD_chapter></DVD_chapter>
  <DVD_discid></DVD_discid>
  <DVD_episodenumber>6.0</DVD_episodenumber>
  <DVD_season>1</DVD_season>
  <Director>J. Miller Tobin</Director>
  <EpImgFlag>2</EpImgFlag>
  <EpisodeName>9:02</EpisodeName>
  <EpisodeNumber>6</EpisodeNumber>
  <FirstAired>2006-10-25</FirstAired>
  <GuestStars>|Musashi Alexander|Reid Godshaw|Cari Zoch|Clayne Crawford|</GuestStars>
  <IMDB_ID>tt0873051</IMDB_ID>
  <Language>en</Language>
  <Overview>Hawkins must step in when an argument between Jake and an adversary becomes heated.  After an electromagnetic pulse leaves Jericho in the dark crime runs rampant. Later, Jake is held at gunpoint and is rescued.
</Overview>
  <ProductionCode>106</ProductionCode>
  <Rating>7.3</Rating>
  <RatingCount>25</RatingCount>
  <SeasonNumber>1</SeasonNumber>
  <Writer>Nancy Won</Writer>
  <absolute_number></absolute_number>
  <filename>episodes/79330/310808.jpg</filename>
  <lastupdated>1302194890</lastupdated>
  <seasonid>16271</seasonid>
  <seriesid>79330</seriesid>
</Episode>
<Episode>
  <id>310809</id>
  <Combined_episodenumber>7.0</Combined_episodenumber>
  <Combined_season>1</Combined_season>
  <DVD_chapter></DVD_chapter>
  <DVD_discid></DVD_discid>
  <DVD_episodenumber>7.0</DVD_episodenumber>
  <DVD_season>1</DVD_season>
  <Director>Sanford Bookstaver</Director>
  <EpImgFlag>2</EpImgFlag>
  <EpisodeName>Long Live The Mayor</EpisodeName>
  <EpisodeNumber>7</EpisodeNumber>
  <FirstAired>2006-11-01</FirstAired>
  <GuestStars>|Clayne Crawford|Doug Spinuzza|Beth Grant|</GuestStars>
  <IMDB_ID>tt0873052</IMDB_ID>
  <Language>en</Language>
  <Overview>The slick gang leader Jonah bails Mitchell out of jail and agrees to give back the food that his bandits stole and agrees to keep out of Jericho. This plan strays off-course as Jonah negotiates new terms involving Jake and Emily.  

</Overview>
  <ProductionCode>107</ProductionCode>
  <Rating>7.3</Rating>
  <RatingCount>28</RatingCount>
  <SeasonNumber>1</SeasonNumber>
  <Writer>|Josh Schaer|Jonathan E. Steinberg|</Writer>
  <absolute_number></absolute_number>
  <filename>episodes/79330/310809.jpg</filename>
  <lastupdated>1341435414</lastupdated>
  <seasonid>16271</seasonid>
  <seriesid>79330</seriesid>
</Episode>
<Episode>
  <id>310810</id>
  <Combined_episodenumber>8.0</Combined_episodenumber>
  <Combined_season>1</Combined_season>
  <DVD_chapter></DVD_chapter>
  <DVD_discid></DVD_discid>
  <DVD_episodenumber>8.0</DVD_episodenumber>
  <DVD_season>1</DVD_season>
  <Director>Guy Bee</Director>
  <EpImgFlag>2</EpImgFlag>
  <EpisodeName>Rogue River</EpisodeName>
  <EpisodeNumber>8</EpisodeNumber>
  <FirstAired>2006-11-08</FirstAired>
  <GuestStars>|Theo Rossi|D.B. Sweeney|Aasif Mandvi|</GuestStars>
  <IMDB_ID>tt0873053</IMDB_ID>
  <Language>en</Language>
  <Overview>Jake and Eric head out of Jericho to the nearby town of Rogue River to try and acquire some medicine for their father.  While the brothers are at the hospital they encounter a combative group of individuals who call themselves Ravenwood. The brothers find that they’re trapped and must find a way back to Jericho.
</Overview>
  <ProductionCode>108</ProductionCode>
  <Rating>7.3</Rating>
  <RatingCount>25</RatingCount>
  <SeasonNumber>1</SeasonNumber>
  <Writer>|Stephen Scaia|Matthew Federman|</Writer>
  <absolute_number></absolute_number>
  <filename>episodes/79330/310810.jpg</filename>
  <lastupdated>1342887595</lastupdated>
  <seasonid>16271</seasonid>
  <seriesid>79330</seriesid>
</Episode>
<Episode>
  <id>310811</id>
  <Combined_episodenumber>9.0</Combined_episodenumber>
  <Combined_season>1</Combined_season>
  <DVD_chapter></DVD_chapter>
  <DVD_discid></DVD_discid>
  <DVD_episodenumber>9.0</DVD_episodenumber>
  <DVD_season>1</DVD_season>
  <Director>Paul McCrane</Director>
  <EpImgFlag>2</EpImgFlag>
  <EpisodeName>Crossroads</EpisodeName>
  <EpisodeNumber>9</EpisodeNumber>
  <FirstAired>2006-11-15</FirstAired>
  <GuestStars>|D.B. Sweeney|Aasif Mandvi|James Remar</GuestStars>
  <IMDB_ID>tt0901201</IMDB_ID>
  <Language>en</Language>
  <Overview>The residents of Jericho receive a visit from a group of questionable outsiders and they realize that they need to form a plan to keep the outsiders out. Emily has a dream about her wedding morning to Roger. She wakes up and realizes that he is probably dead.
</Overview>
  <ProductionCode>109</ProductionCode>
  <Rating>7.6</Rating>
  <RatingCount>22</RatingCount>
  <SeasonNumber>1</SeasonNumber>
  <Writer>Robert Levine</Writer>
  <absolute_number></absolute_number>
  <filename>episodes/79330/310811.jpg</filename>
  <lastupdated>1341435468</lastupdated>
  <seasonid>16271</seasonid>
  <seriesid>79330</seriesid>
</Episode>
<Episode>
  <id>312458</id>
  <Combined_episodenumber>10.0</Combined_episodenumber>
  <Combined_season>1</Combined_season>
  <DVD_chapter></DVD_chapter>
  <DVD_discid></DVD_discid>
  <DVD_episodenumber>10.0</DVD_episodenumber>
  <DVD_season>1</DVD_season>
  <Director>Martha Mitchell</Director>
  <EpImgFlag>2</EpImgFlag>
  <EpisodeName>Red Flag</EpisodeName>
  <EpisodeNumber>10</EpisodeNumber>
  <FirstAired>2006-11-22</FirstAired>
  <GuestStars>|Patrick Rowe|Beth Grant|Clayne Crawford|James Remar</GuestStars>
  <IMDB_ID>tt0886924</IMDB_ID>
  <Language>en</Language>
  <Overview>Supplies are dropped by air into Jericho and the Green's and Hawkins think that they know where they came from. Jonah Prowse returns to Jericho causing even more trouble.
</Overview>
  <ProductionCode>110</ProductionCode>
  <Rating>7.6</Rating>
  <RatingCount>22</RatingCount>
  <SeasonNumber>1</SeasonNumber>
  <Writer>Mike Ostrowski</Writer>
  <absolute_number></absolute_number>
  <filename>episodes/79330/312458.jpg</filename>
  <lastupdated>1341435498</lastupdated>
  <seasonid>16271</seasonid>
  <seriesid>79330</seriesid>
</Episode>
<Episode>
  <id>320465</id>
  <Combined_episodenumber>11.0</Combined_episodenumber>
  <Combined_season>1</Combined_season>
  <DVD_chapter></DVD_chapter>
  <DVD_discid></DVD_discid>
  <DVD_episodenumber>11.0</DVD_episodenumber>
  <DVD_season>1</DVD_season>
  <Director>James Whitmore Jr.</Director>
  <EpImgFlag>2</EpImgFlag>
  <EpisodeName>Vox Populi</EpisodeName>
  <EpisodeNumber>11</EpisodeNumber>
  <FirstAired>2006-11-29</FirstAired>
  <GuestStars>|Clayne Crawford|Aasif Mandvi|Beth Grant|James Remar</GuestStars>
  <IMDB_ID>tt0906716</IMDB_ID>
  <Language>en</Language>
  <Overview>Some of the residents of Jericho are concerned that Gray's actions may actually make Gray the new mayor. In other news, Mitchell claims that Jonah is the killer under much speculation.</Overview>
  <ProductionCode>111</ProductionCode>
  <Rating>7.3</Rating>
  <RatingCount>22</RatingCount>
  <SeasonNumber>1</SeasonNumber>
  <Writer>Carol Barbee</Writer>
  <absolute_number></absolute_number>
  <filename>episodes/79330/320465.jpg</filename>
  <lastupdated>1342887617</lastupdated>
  <seasonid>16271</seasonid>
  <seriesid>79330</seriesid>
</Episode>
<Episode>
  <id>320466</id>
  <Combined_episodenumber>12.0</Combined_episodenumber>
  <Combined_season>1</Combined_season>
  <DVD_chapter></DVD_chapter>
  <DVD_discid></DVD_discid>
  <DVD_episodenumber>12.0</DVD_episodenumber>
  <DVD_season>1</DVD_season>
  <Director>Rob Klug</Director>
  <EpImgFlag>2</EpImgFlag>
  <EpisodeName>The Day Before</EpisodeName>
  <EpisodeNumber>12</EpisodeNumber>
  <FirstAired>2007-02-21</FirstAired>
  <GuestStars>|Erica Munoz| Andrew Borba| Rob Swanson| Milby Barron| James Parks| Maurice Godin| Mark Adair-Rios| Darby Stanchfield| April D Parker|</GuestStars>
  <IMDB_ID>tt0906715</IMDB_ID>
  <Language>en</Language>
  <Overview>The lives of Jake and Hawkins are explored during this flashback episode. This episode begins 36 hours before the bombs went off. Sarah is introduced and is associated to Hawkins. Jake had been living in San Diego.</Overview>
  <ProductionCode>111.5</ProductionCode>
  <Rating>7.5</Rating>
  <RatingCount>23</RatingCount>
  <SeasonNumber>1</SeasonNumber>
  <Writer>Mike Kelley</Writer>
  <absolute_number></absolute_number>
  <filename>episodes/79330/320466.jpg</filename>
  <lastupdated>1302200023</lastupdated>
  <seasonid>16271</seasonid>
  <seriesid>79330</seriesid>
</Episode>
<Episode>
  <id>323657</id>
  <Combined_episodenumber>13.0</Combined_episodenumber>
  <Combined_season>1</Combined_season>
  <DVD_chapter></DVD_chapter>
  <DVD_discid></DVD_discid>
  <DVD_episodenumber>13.0</DVD_episodenumber>
  <DVD_season>1</DVD_season>
  <Director>Helen Shaver</Director>
  <EpImgFlag>2</EpImgFlag>
  <EpisodeName>Black Jack</EpisodeName>
  <EpisodeNumber>13</EpisodeNumber>
  <FirstAired>2007-02-28</FirstAired>
  <GuestStars>|Dustin Seavey|Dan Sachoff|Christopher Weihl|Michael Rubenstone|David Meunier|Dennis W. Hall|John Diehl|Christopher Darga|Tim Sitarz|</GuestStars>
  <IMDB_ID>tt0925446</IMDB_ID>
  <Language>en</Language>
  <Overview>Jake, his dad, Heather and Dale visit Black Jack to try and find the parts needed to fix the windmill. Sarah goes home with Hawkins against the rest of his family's wishes.
</Overview>
  <ProductionCode>113</ProductionCode>
  <Rating>7.4</Rating>
  <RatingCount>23</RatingCount>
  <SeasonNumber>1</SeasonNumber>
  <Writer>Jonathan E. Steinberg, Dan Shotz</Writer>
  <absolute_number></absolute_number>
  <filename>episodes/79330/323657.jpg</filename>
  <lastupdated>1302195143</lastupdated>
  <seasonid>16271</seasonid>
  <seriesid>79330</seriesid>
</Episode>
<Episode>
  <id>323658</id>
  <Combined_episodenumber>14.0</Combined_episodenumber>
  <Combined_season>1</Combined_season>
  <DVD_chapter></DVD_chapter>
  <DVD_discid></DVD_discid>
  <DVD_episodenumber>14.0</DVD_episodenumber>
  <DVD_season>1</DVD_season>
  <Director>Steve Gomer</Director>
  <EpImgFlag>2</EpImgFlag>
  <EpisodeName>Heart Of Winter</EpisodeName>
  <EpisodeNumber>14</EpisodeNumber>
  <FirstAired>2007-03-07</FirstAired>
  <GuestStars>|April D. Parker|Siena Goines|Darby Stanchfield|Christopher Dinh|Cari Zoch|Chris Foreman|Ron Bottitta|Christopher Weihl|</GuestStars>
  <IMDB_ID>tt0944432</IMDB_ID>
  <Language>en</Language>
  <Overview>While on a hunting trip outside of Jericho, Jake, Stanley and Mimi find themselves in a dangerous situation when they run into some strangers.  Meanwhile, Hawkins realizes that his family is in danger because of him. Emily and Roger work on their relationship.
</Overview>
  <ProductionCode>114</ProductionCode>
  <Rating>7.5</Rating>
  <RatingCount>22</RatingCount>
  <SeasonNumber>1</SeasonNumber>
  <Writer>Nancy Won</Writer>
  <absolute_number></absolute_number>
  <filename>episodes/79330/323658.jpg</filename>
  <lastupdated>1302195167</lastupdated>
  <seasonid>16271</seasonid>
  <seriesid>79330</seriesid>
</Episode>
<Episode>
  <id>324343</id>
  <Combined_episodenumber>15.0</Combined_episodenumber>
  <Combined_season>1</Combined_season>
  <DVD_chapter></DVD_chapter>
  <DVD_discid></DVD_discid>
  <DVD_episodenumber>15.0</DVD_episodenumber>
  <DVD_season>1</DVD_season>
  <Director>James Whitmore Jr.</Director>
  <EpImgFlag>2</EpImgFlag>
  <EpisodeName>Semper Fidelis</EpisodeName>
  <EpisodeNumber>15</EpisodeNumber>
  <FirstAired>2007-03-14</FirstAired>
  <GuestStars>|Clare Carey| James McDonald| Erin Daniels| Tim Barraco| Jason Collins| Darby Stanchfield|</GuestStars>
  <IMDB_ID>tt0954422</IMDB_ID>
  <Language>en</Language>
  <Overview>After a company of Marines show up, the town of Jericho has hopes that life will finally start to return to normal. However, their behavior raises Jake's and Johnston's suspicions.</Overview>
  <ProductionCode>115</ProductionCode>
  <Rating>7.9</Rating>
  <RatingCount>23</RatingCount>
  <SeasonNumber>1</SeasonNumber>
  <Writer>Stephen Scaia, Matthew Federman</Writer>
  <absolute_number></absolute_number>
  <filename>episodes/79330/324343.jpg</filename>
  <lastupdated>1342887986</lastupdated>
  <seasonid>16271</seasonid>
  <seriesid>79330</seriesid>
</Episode>
<Episode>
  <id>324881</id>
  <Combined_episodenumber>16.0</Combined_episodenumber>
  <Combined_season>1</Combined_season>
  <DVD_chapter></DVD_chapter>
  <DVD_discid></DVD_discid>
  <DVD_episodenumber>16.0</DVD_episodenumber>
  <DVD_season>1</DVD_season>
  <Director>Kevin Dowling</Director>
  <EpImgFlag>2</EpImgFlag>
  <EpisodeName>Winter's End</EpisodeName>
  <EpisodeNumber>16</EpisodeNumber>
  <FirstAired>2007-03-28</FirstAired>
  <GuestStars>|Timothy Omundson|Erica Tazel|David Meunier|Janet Hoskins|Jerry Giles|Clare Carey|Darby Stanchfield|Aasif Mandvi|Ron Bottitta|Beau Dremann|</GuestStars>
  <IMDB_ID>tt0944433</IMDB_ID>
  <Language>en</Language>
  <Overview>After April collapses and goes into early labor, Jake makes Kenchy face his problems so that they can save April. The wind turbine arrives from New Bern but Heather does not return. Jericho makes a deal with New Bern to send ten of their people to New Bern to make more wind turbines as long as New Bern receives a percentage of their spring crop.</Overview>
  <ProductionCode>116</ProductionCode>
  <Rating>7.6</Rating>
  <RatingCount>23</RatingCount>
  <SeasonNumber>1</SeasonNumber>
  <Writer>Frank Military</Writer>
  <absolute_number></absolute_number>
  <filename>episodes/79330/324881.jpg</filename>
  <lastupdated>1342887827</lastupdated>
  <seasonid>16271</seasonid>
  <seriesid>79330</seriesid>
</Episode>
<Episode>
  <id>324882</id>
  <Combined_episodenumber>17.0</Combined_episodenumber>
  <Combined_season>1</Combined_season>
  <DVD_chapter></DVD_chapter>
  <DVD_discid></DVD_discid>
  <DVD_episodenumber>17.0</DVD_episodenumber>
  <DVD_season>1</DVD_season>
  <Director>Christine Moore</Director>
  <EpImgFlag>2</EpImgFlag>
  <EpisodeName>One Man's Terrorist</EpisodeName>
  <EpisodeNumber>17</EpisodeNumber>
  <FirstAired>2007-04-04</FirstAired>
  <GuestStars>|Josh Wheeler| Daniel Benzali| Ned Schmidtke| Jeff Parise| Warren Sweeney| Bob Stephenson| Ron Bottitta| Adam Donshik| Mia Ford| Ryan Tutton| Erica Tazel| Candace Bailey| Dan Sachoff|</GuestStars>
  <IMDB_ID>tt0960463</IMDB_ID>
  <Language>en</Language>
  <Overview>Roger gets desperate after Gray kicks the refugees out of Jericho. Dale and Skylar collect on some debts. Hawkins continues his quest to find Sarah's contacts.
Meanwhile, Hawkins begins the process of finding who's coming after him.</Overview>
  <ProductionCode>117</ProductionCode>
  <Rating>7.5</Rating>
  <RatingCount>23</RatingCount>
  <SeasonNumber>1</SeasonNumber>
  <Writer>Mike Ostrowski, Stephen Chbosky</Writer>
  <absolute_number></absolute_number>
  <filename>episodes/79330/324882.jpg</filename>
  <lastupdated>1342887160</lastupdated>
  <seasonid>16271</seasonid>
  <seriesid>79330</seriesid>
</Episode>
<Episode>
  <id>326654</id>
  <Combined_episodenumber>18.0</Combined_episodenumber>
  <Combined_season>1</Combined_season>
  <DVD_chapter></DVD_chapter>
  <DVD_discid></DVD_discid>
  <DVD_episodenumber>18.0</DVD_episodenumber>
  <DVD_season>1</DVD_season>
  <Director>Sanford Bookstaver</Director>
  <EpImgFlag>2</EpImgFlag>
  <EpisodeName>A.K.A.</EpisodeName>
  <EpisodeNumber>18</EpisodeNumber>
  <FirstAired>2007-04-11</FirstAired>
  <GuestStars>|Bob Stephenson| Jazz Raycole| Clare Carey| Siena Goines| Daniel Benzali|</GuestStars>
  <IMDB_ID>tt0993309</IMDB_ID>
  <Language>en</Language>
  <Overview>Jake finds that Hawkins has not been honest with the residents of Jericho about his past and holds him at gunpoint for answers.
</Overview>
  <ProductionCode>118</ProductionCode>
  <Rating>7.8</Rating>
  <RatingCount>23</RatingCount>
  <SeasonNumber>1</SeasonNumber>
  <Writer>Robbie Thompson</Writer>
  <absolute_number></absolute_number>
  <filename>episodes/79330/326654.jpg</filename>
  <lastupdated>1342887892</lastupdated>
  <seasonid>16271</seasonid>
  <seriesid>79330</seriesid>
</Episode>
<Episode>
  <id>326655</id>
  <Combined_episodenumber>19.0</Combined_episodenumber>
  <Combined_season>1</Combined_season>
  <DVD_chapter></DVD_chapter>
  <DVD_discid></DVD_discid>
  <DVD_episodenumber>19.0</DVD_episodenumber>
  <DVD_season>1</DVD_season>
  <Director>Steven DePaul</Director>
  <EpImgFlag></EpImgFlag>
  <EpisodeName>Casus Belli</EpisodeName>
  <EpisodeNumber>19</EpisodeNumber>
  <FirstAired>2007-04-18</FirstAired>
  <GuestStars>|Clare Carey| Candace Bailey| Bob Stephenson| Jeff Parise| Chad Christopher Tucker| Chet Grissom| Ronnie Steadman| Ned Bellamy| Timothy Omundson| Dustin Seavey| David Meunier|</GuestStars>
  <IMDB_ID>tt0993310</IMDB_ID>
  <Language>en</Language>
  <Overview>Jake believes something more is wrong after Eric doesn’t return from New Bern. Jake and Hawkins go to New Bern and discover that Jericho is in danger.
</Overview>
  <ProductionCode>119</ProductionCode>
  <Rating>8.0</Rating>
  <RatingCount>22</RatingCount>
  <SeasonNumber>1</SeasonNumber>
  <Writer>Karen Hall</Writer>
  <absolute_number></absolute_number>
  <filename>episodes/79330/326655.jpg</filename>
  <lastupdated>1342887706</lastupdated>
  <seasonid>16271</seasonid>
  <seriesid>79330</seriesid>
</Episode>
<Episode>
  <id>328207</id>
  <Combined_episodenumber>20.0</Combined_episodenumber>
  <Combined_season>1</Combined_season>
  <DVD_chapter></DVD_chapter>
  <DVD_discid></DVD_discid>
  <DVD_episodenumber>20.0</DVD_episodenumber>
  <DVD_season>1</DVD_season>
  <Director>Seith Mann</Director>
  <EpImgFlag></EpImgFlag>
  <EpisodeName>One If By Land</EpisodeName>
  <EpisodeNumber>20</EpisodeNumber>
  <FirstAired>2007-04-25</FirstAired>
  <GuestStars>|Ryan Coughlin|David Meunier|Dustin Seavey|Chet Grissom|Dan Sachoff|Joseph Bucaro|</GuestStars>
  <IMDB_ID>tt1018483</IMDB_ID>
  <Language>en</Language>
  <Overview>The hostility mounts between the citizens of Jericho and New Bern. A handful of residents of New Bern are shot and injured after getting caught trying to steal from the Jericho salt mine.</Overview>
  <ProductionCode>120</ProductionCode>
  <Rating>8.0</Rating>
  <RatingCount>23</RatingCount>
  <SeasonNumber>1</SeasonNumber>
  <Writer>Joy Gregory</Writer>
  <absolute_number></absolute_number>
  <filename>episodes/79330/328207.jpg</filename>
  <lastupdated>1342890737</lastupdated>
  <seasonid>16271</seasonid>
  <seriesid>79330</seriesid>
</Episode>
<Episode>
  <id>328208</id>
  <Combined_episodenumber>21.0</Combined_episodenumber>
  <Combined_season>1</Combined_season>
  <DVD_chapter></DVD_chapter>
  <DVD_discid></DVD_discid>
  <DVD_episodenumber>21.0</DVD_episodenumber>
  <DVD_season>1</DVD_season>
  <Director>Guy Norman Bee</Director>
  <EpImgFlag></EpImgFlag>
  <EpisodeName>Coalition of the Willing</EpisodeName>
  <EpisodeNumber>21</EpisodeNumber>
  <FirstAired>2007-05-02</FirstAired>
  <GuestStars>|Robert Reinis|Brian Silverman|Robert Dolan|Richard Speight Jr.|Clare Carey|James Remar|</GuestStars>
  <IMDB_ID>tt1018482</IMDB_ID>
  <Language>en</Language>
  <Overview>The residents of Jericho and New Bern fight over precious resources and Gray  must make a tough decision after the streets of Jericho are bombed.</Overview>
  <ProductionCode>121</ProductionCode>
  <Rating>7.9</Rating>
  <RatingCount>27</RatingCount>
  <SeasonNumber>1</SeasonNumber>
  <Writer>|Frank Military|Josh Schaer|</Writer>
  <absolute_number></absolute_number>
  <filename>episodes/79330/328208.jpg</filename>
  <lastupdated>1345475831</lastupdated>
  <seasonid>16271</seasonid>
  <seriesid>79330</seriesid>
</Episode>
<Episode>
  <id>328209</id>
  <Combined_episodenumber>22.0</Combined_episodenumber>
  <Combined_season>1</Combined_season>
  <DVD_chapter></DVD_chapter>
  <DVD_discid></DVD_discid>
  <DVD_episodenumber>22.0</DVD_episodenumber>
  <DVD_season>1</DVD_season>
  <Director>Sanford Bookstaver</Director>
  <EpImgFlag></EpImgFlag>
  <EpisodeName>Why We Fight</EpisodeName>
  <EpisodeNumber>22</EpisodeNumber>
  <FirstAired>2007-05-09</FirstAired>
  <GuestStars>|Kassim Osgood|Patrick E. Wymore|Emily Swallow|David Huddleston|Titus Welliver|Tripp Pickell|Daniel Benzali|</GuestStars>
  <IMDB_ID>tt1018484</IMDB_ID>
  <Language>en</Language>
  <Overview>The battle with New Bern ensues, with Jericho residents out-manned and out-gunned, but not outsmarted. Jericho gains the upper hand but suffers a significant casualty. A friend of Jake's sends help from an unexpected source.</Overview>
  <ProductionCode>122</ProductionCode>
  <Rating>7.9</Rating>
  <RatingCount>25</RatingCount>
  <SeasonNumber>1</SeasonNumber>
  <Writer>|Carol Barbee|Jonathan E. Steinberg|</Writer>
  <absolute_number></absolute_number>
  <filename>episodes/79330/328209.jpg</filename>
  <lastupdated>1342887331</lastupdated>
  <seasonid>16271</seasonid>
  <seriesid>79330</seriesid>
</Episode>
<Episode>
  <id>341987</id>
  <Combined_episodenumber>1.0</Combined_episodenumber>
  <Combined_season>2</Combined_season>
  <DVD_chapter></DVD_chapter>
  <DVD_discid></DVD_discid>
  <DVD_episodenumber>1.0</DVD_episodenumber>
  <DVD_season>2</DVD_season>
  <Director>Steve Boyum</Director>
  <EpImgFlag>2</EpImgFlag>
  <EpisodeName>Reconstruction</EpisodeName>
  <EpisodeNumber>1</EpisodeNumber>
  <FirstAired>2008-02-12</FirstAired>
  <GuestStars>Chris Kramer|Matt Taylor</GuestStars>
  <IMDB_ID>tt1047032</IMDB_ID>
  <Language>en</Language>
  <Overview>Following the battle of New Bern, Jericho begins the rebuilding process, while the Cheyenne government shows a particular interest in the town. While the dispute between Jericho and New Bern is being sorted out by the Cheyenne government, Heather returns. Meanwhile, an old friend of Rob comes to Jericho.</Overview>
  <ProductionCode>201</ProductionCode>
  <Rating>7.5</Rating>
  <RatingCount>25</RatingCount>
  <SeasonNumber>2</SeasonNumber>
  <Writer>Carol Barbee|Jonathan E. Steinberg</Writer>
  <absolute_number></absolute_number>
  <filename>episodes/79330/341987.jpg</filename>
  <lastupdated>1301413047</lastupdated>
  <seasonid>28901</seasonid>
  <seriesid>79330</seriesid>
</Episode>
<Episode>
  <id>341988</id>
  <Combined_episodenumber>2.0</Combined_episodenumber>
  <Combined_season>2</Combined_season>
  <DVD_chapter></DVD_chapter>
  <DVD_discid></DVD_discid>
  <DVD_episodenumber>2.0</DVD_episodenumber>
  <DVD_season>2</DVD_season>
  <Director>Chris Leitch</Director>
  <EpImgFlag>2</EpImgFlag>
  <EpisodeName>Condor</EpisodeName>
  <EpisodeNumber>2</EpisodeNumber>
  <FirstAired>2008-02-19</FirstAired>
  <GuestStars>Chris Kramer|Kyle Bornheimer|Elizabeth Pan Pan|J. Carlos Ragas|George Newbern|Jim Devoti|Lance Guest|Mac Brandt|Daniel Benzali|Abigail Marlowe</GuestStars>
  <IMDB_ID>tt1047033</IMDB_ID>
  <Language>en</Language>
  <Overview>Jericho gets ready for a very important visitor from the new Cheyenne government.  Meanwhile, Hawkins and Chavez work to find the new leaderships secrets.</Overview>
  <ProductionCode>202</ProductionCode>
  <Rating>7.6</Rating>
  <RatingCount>25</RatingCount>
  <SeasonNumber>2</SeasonNumber>
  <Writer>Stephen Scaia|Matthew Federman</Writer>
  <absolute_number></absolute_number>
  <filename>episodes/79330/341988.jpg</filename>
  <lastupdated>1301413058</lastupdated>
  <seasonid>28901</seasonid>
  <seriesid>79330</seriesid>
</Episode>
<Episode>
  <id>341989</id>
  <Combined_episodenumber>3.0</Combined_episodenumber>
  <Combined_season>2</Combined_season>
  <DVD_chapter></DVD_chapter>
  <DVD_discid></DVD_discid>
  <DVD_episodenumber>3.0</DVD_episodenumber>
  <DVD_season>2</DVD_season>
  <Director>John Peters</Director>
  <EpImgFlag>2</EpImgFlag>
  <EpisodeName>Jennings &amp; Rall</EpisodeName>
  <EpisodeNumber>3</EpisodeNumber>
  <FirstAired>2008-02-26</FirstAired>
  <GuestStars>Aasif Mandvi|Kevin Fry-Bowers|Daniel Benzali|Michael Broderick</GuestStars>
  <IMDB_ID>tt1047034</IMDB_ID>
  <Language>en</Language>
  <Overview>The deadly Hudson River virus hits the area and a vaccine is being withheld from the citizens by a government official. Jake and the Rangers find a way to protect Jericho.</Overview>
  <ProductionCode>203</ProductionCode>
  <Rating>7.2</Rating>
  <RatingCount>24</RatingCount>
  <SeasonNumber>2</SeasonNumber>
  <Writer>Joy Gregory</Writer>
  <absolute_number></absolute_number>
  <filename>episodes/79330/341989.jpg</filename>
  <lastupdated>1301413069</lastupdated>
  <seasonid>28901</seasonid>
  <seriesid>79330</seriesid>
</Episode>
<Episode>
  <id>341990</id>
  <Combined_episodenumber>4.0</Combined_episodenumber>
  <Combined_season>2</Combined_season>
  <DVD_chapter></DVD_chapter>
  <DVD_discid></DVD_discid>
  <DVD_episodenumber>4.0</DVD_episodenumber>
  <DVD_season>2</DVD_season>
  <Director>Steve Gomer</Director>
  <EpImgFlag>2</EpImgFlag>
  <EpisodeName>Oversight</EpisodeName>
  <EpisodeNumber>4</EpisodeNumber>
  <FirstAired>2008-03-04</FirstAired>
  <GuestStars>Candace Bailey|Geno Monterio|Patrick Rowe|Dylan Kenin|Brad Fleischer|Russ Hunt|D.B. Sweeney|Debbie Jaffe</GuestStars>
  <IMDB_ID>tt1047035</IMDB_ID>
  <Language>en</Language>
  <Overview>Hawkins receives a call on from someone who knows who he is, where he is and lets Hawkins know exactly when he'll be caught.
Meanwhile, tragedy strikes.</Overview>
  <ProductionCode>204</ProductionCode>
  <Rating>8.0</Rating>
  <RatingCount>23</RatingCount>
  <SeasonNumber>2</SeasonNumber>
  <Writer>Robert Levine</Writer>
  <absolute_number></absolute_number>
  <filename>episodes/79330/341990.jpg</filename>
  <lastupdated>1301413079</lastupdated>
  <seasonid>28901</seasonid>
  <seriesid>79330</seriesid>
</Episode>
<Episode>
  <id>341991</id>
  <Combined_episodenumber>5.0</Combined_episodenumber>
  <Combined_season>2</Combined_season>
  <DVD_chapter></DVD_chapter>
  <DVD_discid></DVD_discid>
  <DVD_episodenumber>5.0</DVD_episodenumber>
  <DVD_season>2</DVD_season>
  <Director>Guy Norman Bee</Director>
  <EpImgFlag>2</EpImgFlag>
  <EpisodeName>Termination For Cause</EpisodeName>
  <EpisodeNumber>5</EpisodeNumber>
  <FirstAired>2008-03-11</FirstAired>
  <GuestStars>Michael Rubenstone|Brad Raider|Aasif Mandvi|Link Baker|Nick Hoffa|David Meunier|Geno Monterio|Bill Tangradi|Patrick Rowe|Terrel Clayton</GuestStars>
  <IMDB_ID>tt1047036</IMDB_ID>
  <Language>en</Language>
  <Overview>Jake and the Rangers take on Goetz and Ravenwood while a Jericho Ranger makes a choice that will alter his life. Meanwhile, an old friend comes to warn Heather that her loyalties to Major Beck have placed her in serious danger.</Overview>
  <ProductionCode>205</ProductionCode>
  <Rating>7.7</Rating>
  <RatingCount>24</RatingCount>
  <SeasonNumber>2</SeasonNumber>
  <Writer>Rob Fresco</Writer>
  <absolute_number></absolute_number>
  <filename>episodes/79330/341991.jpg</filename>
  <lastupdated>1314636898</lastupdated>
  <seasonid>28901</seasonid>
  <seriesid>79330</seriesid>
</Episode>
<Episode>
  <id>341992</id>
  <Combined_episodenumber>6.0</Combined_episodenumber>
  <Combined_season>2</Combined_season>
  <DVD_chapter></DVD_chapter>
  <DVD_discid></DVD_discid>
  <DVD_episodenumber>6.0</DVD_episodenumber>
  <DVD_season>2</DVD_season>
  <Director>Scott Peters</Director>
  <EpImgFlag>2</EpImgFlag>
  <EpisodeName>Sedition</EpisodeName>
  <EpisodeNumber>6</EpisodeNumber>
  <FirstAired>2008-03-18</FirstAired>
  <GuestStars>Pamela Reed|David Huddleston|Geno Monterio|Jazz Raycole|Chris Kramer|David Michie|David Meunier|Glenn Davies|Michael Harrity|Mark Engelhardt|Sterling D. Ardrey</GuestStars>
  <IMDB_ID>tt1047037</IMDB_ID>
  <Language>en</Language>
  <Overview>Following the Rangers' decision to take justice into their own hands, Major Beck goes to extreme measures to prove he's in complete control of the town, while Hawkins receives a call from Chavez telling him that it's time to transport the bomb. </Overview>
  <ProductionCode>206</ProductionCode>
  <Rating>8.0</Rating>
  <RatingCount>24</RatingCount>
  <SeasonNumber>2</SeasonNumber>
  <Writer>Carol Barbee|Stephen Scaia|Matthew Federman</Writer>
  <absolute_number></absolute_number>
  <filename>episodes/79330/341992.jpg</filename>
  <lastupdated>1314636909</lastupdated>
  <seasonid>28901</seasonid>
  <seriesid>79330</seriesid>
</Episode>
<Episode>
  <id>341993</id>
  <Combined_episodenumber>7.0</Combined_episodenumber>
  <Combined_season>2</Combined_season>
  <DVD_chapter></DVD_chapter>
  <DVD_discid></DVD_discid>
  <DVD_episodenumber>7.0</DVD_episodenumber>
  <DVD_season>2</DVD_season>
  <Director>Seith Mann</Director>
  <EpImgFlag>2</EpImgFlag>
  <EpisodeName>Patriots And Tyrants</EpisodeName>
  <EpisodeNumber>7</EpisodeNumber>
  <FirstAired>2008-03-25</FirstAired>
  <GuestStars>David Meunier|Timothy Omundson|Daniel Benzali|Chris Kramer|Xander Berkeley|Brian Tee|Geno Monteiro|John M. Jackson|Roxana Brusso|Rick Federman|Dennis Staroselsky|Dominic Hoffman|Laura Leyva|Holt Boggs|Joel Lambert|Jamie Hector|Jim Klock|John A. Dalton</GuestStars>
  <IMDB_ID>tt1047038</IMDB_ID>
  <Language>en</Language>
  <Overview>Jake and Hawkins have one chance to expose the conspiracy behind the Cheyenne government to the independent Texas administration. However, getting there proves to be the most difficult part of their plan.</Overview>
  <ProductionCode>207</ProductionCode>
  <Rating>8.5</Rating>
  <RatingCount>23</RatingCount>
  <SeasonNumber>2</SeasonNumber>
  <Writer>Jonathan E. Steinberg|Dan Shotz</Writer>
  <absolute_number></absolute_number>
  <filename>episodes/79330/341993.jpg</filename>
  <lastupdated>1339072218</lastupdated>
  <seasonid>28901</seasonid>
  <seriesid>79330</seriesid>
</Episode>
</Data>