<?xml version="1.0" encoding="UTF-8" ?>
<Actors>
<Actor>
  <id>72502</id>
  <Image>actors/72502.jpg</Image>
  <Name>Nathan Fillion</Name>
  <Role>Alex Tully</Role>
  <SortOrder>0</SortOrder>
</Actor>
<Actor>
  <id>72510</id>
  <Image>actors/72510.jpg</Image>
  <Name>Charles Martin Smith</Name>
  <Role>Mr. Bright</Role>
  <SortOrder>3</SortOrder>
</Actor>
<Actor>
  <id>72509</id>
  <Image>actors/72509.jpg</Image>
  <Name>Michael Hyatt</Name>
  <Role>Susan Chamblee</Role>
  <SortOrder>3</SortOrder>
</Actor>
<Actor>
  <id>72508</id>
  <Image>actors/72508.jpg</Image>
  <Name>Rochelle Aytes</Name>
  <Role>Leigh Barnthouse</Role>
  <SortOrder>3</SortOrder>
</Actor>
<Actor>
  <id>72507</id>
  <Image>actors/72507.jpg</Image>
  <Name>J.D. Pardo</Name>
  <Role>Sean Salazar</Role>
  <SortOrder>3</SortOrder>
</Actor>
<Actor>
  <id>72506</id>
  <Image>actors/72506.jpg</Image>
  <Name>Riley Smith</Name>
  <Role>Rob Laird</Role>
  <SortOrder>3</SortOrder>
</Actor>
<Actor>
  <id>72505</id>
  <Image>actors/72505.jpg</Image>
  <Name>Emma Stone</Name>
  <Role>Violet Trimble</Role>
  <SortOrder>3</SortOrder>
</Actor>
<Actor>
  <id>72504</id>
  <Image>actors/72504.jpg</Image>
  <Name>Taryn Manning</Name>
  <Role>Ivy Chitty</Role>
  <SortOrder>3</SortOrder>
</Actor>
<Actor>
  <id>72503</id>
  <Image>actors/72503.jpg</Image>
  <Name>Melanie Lynskey</Name>
  <Role>Wendy Patrakas</Role>
  <SortOrder>3</SortOrder>
</Actor>
<Actor>
  <id>72501</id>
  <Image>actors/72501.jpg</Image>
  <Name>Kristin Lehman</Name>
  <Role>Corinna Wiles</Role>
  <SortOrder>3</SortOrder>
</Actor>
<Actor>
  <id>72500</id>
  <Image>actors/72500.jpg</Image>
  <Name>Kevin Alejandro</Name>
  <Role>Winston Salazar</Role>
  <SortOrder>3</SortOrder>
</Actor>
<Actor>
  <id>72499</id>
  <Image>actors/72499.jpg</Image>
  <Name>Dylan Baker</Name>
  <Role>John Trimble</Role>
  <SortOrder>3</SortOrder>
</Actor>
<Actor>
  <id>117141</id>
  <Image>actors/117141.jpg</Image>
  <Name>Mircea Monroe</Name>
  <Role>Ellie Laird</Role>
  <SortOrder>3</SortOrder>
</Actor>
</Actors>