<?xml version="1.0" encoding="UTF-8" ?>
<Banners>
<Banner>
  <id>24635</id>
  <BannerPath>fanart/original/79871-2.jpg</BannerPath>
  <BannerType>fanart</BannerType>
  <BannerType2>1920x1080</BannerType2>
  <Colors></Colors>
  <Language>en</Language>
  <Rating>9.5000</Rating>
  <RatingCount>2</RatingCount>
  <SeriesName>false</SeriesName>
  <ThumbnailPath>_cache/fanart/original/79871-2.jpg</ThumbnailPath>
  <VignettePath>fanart/vignette/79871-2.jpg</VignettePath>
</Banner>
<Banner>
  <id>43028</id>
  <BannerPath>fanart/original/79871-3.jpg</BannerPath>
  <BannerType>fanart</BannerType>
  <BannerType2>1280x720</BannerType2>
  <Colors></Colors>
  <Language>en</Language>
  <Rating>9.2500</Rating>
  <RatingCount>4</RatingCount>
  <SeriesName>false</SeriesName>
  <ThumbnailPath>_cache/fanart/original/79871-3.jpg</ThumbnailPath>
  <VignettePath>fanart/vignette/79871-3.jpg</VignettePath>
</Banner>
<Banner>
  <id>151281</id>
  <BannerPath>fanart/original/79871-6.jpg</BannerPath>
  <BannerType>fanart</BannerType>
  <BannerType2>1920x1080</BannerType2>
  <Colors></Colors>
  <Language>en</Language>
  <Rating>7.5000</Rating>
  <RatingCount>2</RatingCount>
  <SeriesName>false</SeriesName>
  <ThumbnailPath>_cache/fanart/original/79871-6.jpg</ThumbnailPath>
  <VignettePath>fanart/vignette/79871-6.jpg</VignettePath>
</Banner>
<Banner>
  <id>377761</id>
  <BannerPath>fanart/original/79871-8.jpg</BannerPath>
  <BannerType>fanart</BannerType>
  <BannerType2>1920x1080</BannerType2>
  <Colors></Colors>
  <Language>en</Language>
  <Rating>7.5000</Rating>
  <RatingCount>2</RatingCount>
  <SeriesName>false</SeriesName>
  <ThumbnailPath>_cache/fanart/original/79871-8.jpg</ThumbnailPath>
  <VignettePath>fanart/vignette/79871-8.jpg</VignettePath>
</Banner>
<Banner>
  <id>377851</id>
  <BannerPath>fanart/original/79871-14.jpg</BannerPath>
  <BannerType>fanart</BannerType>
  <BannerType2>1920x1080</BannerType2>
  <Colors></Colors>
  <Language>en</Language>
  <Rating>5.5000</Rating>
  <RatingCount>2</RatingCount>
  <SeriesName>false</SeriesName>
  <ThumbnailPath>_cache/fanart/original/79871-14.jpg</ThumbnailPath>
  <VignettePath>fanart/vignette/79871-14.jpg</VignettePath>
</Banner>
<Banner>
  <id>377781</id>
  <BannerPath>fanart/original/79871-10.jpg</BannerPath>
  <BannerType>fanart</BannerType>
  <BannerType2>1280x720</BannerType2>
  <Colors></Colors>
  <Language>en</Language>
  <Rating>5.0000</Rating>
  <RatingCount>1</RatingCount>
  <SeriesName>false</SeriesName>
  <ThumbnailPath>_cache/fanart/original/79871-10.jpg</ThumbnailPath>
  <VignettePath>fanart/vignette/79871-10.jpg</VignettePath>
</Banner>
<Banner>
  <id>20435</id>
  <BannerPath>fanart/original/79871-1.jpg</BannerPath>
  <BannerType>fanart</BannerType>
  <BannerType2>1280x720</BannerType2>
  <Colors>|185,193,195|51,58,66|115,148,155|</Colors>
  <Language>en</Language>
  <Rating>5.0000</Rating>
  <RatingCount>1</RatingCount>
  <SeriesName>false</SeriesName>
  <ThumbnailPath>_cache/fanart/original/79871-1.jpg</ThumbnailPath>
  <VignettePath>fanart/vignette/79871-1.jpg</VignettePath>
</Banner>
<Banner>
  <id>227651</id>
  <BannerPath>fanart/original/79871-7.jpg</BannerPath>
  <BannerType>fanart</BannerType>
  <BannerType2>1280x720</BannerType2>
  <Colors></Colors>
  <Language>en</Language>
  <Rating>5.0000</Rating>
  <RatingCount>1</RatingCount>
  <SeriesName>true</SeriesName>
  <ThumbnailPath>_cache/fanart/original/79871-7.jpg</ThumbnailPath>
  <VignettePath>fanart/vignette/79871-7.jpg</VignettePath>
</Banner>
<Banner>
  <id>377791</id>
  <BannerPath>fanart/original/79871-11.jpg</BannerPath>
  <BannerType>fanart</BannerType>
  <BannerType2>1280x720</BannerType2>
  <Colors></Colors>
  <Language>en</Language>
  <Rating>5.0000</Rating>
  <RatingCount>2</RatingCount>
  <SeriesName>false</SeriesName>
  <ThumbnailPath>_cache/fanart/original/79871-11.jpg</ThumbnailPath>
  <VignettePath>fanart/vignette/79871-11.jpg</VignettePath>
</Banner>
<Banner>
  <id>377831</id>
  <BannerPath>fanart/original/79871-13.jpg</BannerPath>
  <BannerType>fanart</BannerType>
  <BannerType2>1280x720</BannerType2>
  <Colors></Colors>
  <Language>en</Language>
  <Rating>4.5000</Rating>
  <RatingCount>2</RatingCount>
  <SeriesName>false</SeriesName>
  <ThumbnailPath>_cache/fanart/original/79871-13.jpg</ThumbnailPath>
  <VignettePath>fanart/vignette/79871-13.jpg</VignettePath>
</Banner>
<Banner>
  <id>377871</id>
  <BannerPath>fanart/original/79871-15.jpg</BannerPath>
  <BannerType>fanart</BannerType>
  <BannerType2>1920x1080</BannerType2>
  <Colors></Colors>
  <Language>en</Language>
  <Rating>4.5000</Rating>
  <RatingCount>2</RatingCount>
  <SeriesName>false</SeriesName>
  <ThumbnailPath>_cache/fanart/original/79871-15.jpg</ThumbnailPath>
  <VignettePath>fanart/vignette/79871-15.jpg</VignettePath>
</Banner>
<Banner>
  <id>377801</id>
  <BannerPath>fanart/original/79871-12.jpg</BannerPath>
  <BannerType>fanart</BannerType>
  <BannerType2>1280x720</BannerType2>
  <Colors></Colors>
  <Language>en</Language>
  <Rating>4.5000</Rating>
  <RatingCount>2</RatingCount>
  <SeriesName>false</SeriesName>
  <ThumbnailPath>_cache/fanart/original/79871-12.jpg</ThumbnailPath>
  <VignettePath>fanart/vignette/79871-12.jpg</VignettePath>
</Banner>
<Banner>
  <id>82461</id>
  <BannerPath>fanart/original/79871-4.jpg</BannerPath>
  <BannerType>fanart</BannerType>
  <BannerType2>1280x720</BannerType2>
  <Colors></Colors>
  <Language>en</Language>
  <Rating>4.3333</Rating>
  <RatingCount>3</RatingCount>
  <SeriesName>false</SeriesName>
  <ThumbnailPath>_cache/fanart/original/79871-4.jpg</ThumbnailPath>
  <VignettePath>fanart/vignette/79871-4.jpg</VignettePath>
</Banner>
<Banner>
  <id>377771</id>
  <BannerPath>fanart/original/79871-9.jpg</BannerPath>
  <BannerType>fanart</BannerType>
  <BannerType2>1280x720</BannerType2>
  <Colors></Colors>
  <Language>en</Language>
  <Rating>4.0000</Rating>
  <RatingCount>2</RatingCount>
  <SeriesName>false</SeriesName>
  <ThumbnailPath>_cache/fanart/original/79871-9.jpg</ThumbnailPath>
  <VignettePath>fanart/vignette/79871-9.jpg</VignettePath>
</Banner>
<Banner>
  <id>87291</id>
  <BannerPath>fanart/original/79871-5.jpg</BannerPath>
  <BannerType>fanart</BannerType>
  <BannerType2>1280x720</BannerType2>
  <Colors></Colors>
  <Language>en</Language>
  <Rating>3.0000</Rating>
  <RatingCount>2</RatingCount>
  <SeriesName>false</SeriesName>
  <ThumbnailPath>_cache/fanart/original/79871-5.jpg</ThumbnailPath>
  <VignettePath>fanart/vignette/79871-5.jpg</VignettePath>
</Banner>
<Banner>
  <id>717381</id>
  <BannerPath>posters/79871-1.jpg</BannerPath>
  <BannerType>poster</BannerType>
  <BannerType2>680x1000</BannerType2>
  <Language>en</Language>
  <Rating>10.0000</Rating>
  <RatingCount>1</RatingCount>
</Banner>
<Banner>
  <id>49591</id>
  <BannerPath>posters/79871-3.jpg</BannerPath>
  <BannerType>poster</BannerType>
  <BannerType2>680x1000</BannerType2>
  <Language>en</Language>
  <Rating></Rating>
  <RatingCount>0</RatingCount>
</Banner>
<Banner>
  <id>49411</id>
  <BannerPath>posters/79871-2.jpg</BannerPath>
  <BannerType>poster</BannerType>
  <BannerType2>680x1000</BannerType2>
  <Language>en</Language>
  <Rating></Rating>
  <RatingCount>0</RatingCount>
</Banner>
<Banner>
  <id>12639</id>
  <BannerPath>seasons/79871-1.jpg</BannerPath>
  <BannerType>season</BannerType>
  <BannerType2>season</BannerType2>
  <Language>en</Language>
  <Rating></Rating>
  <RatingCount>0</RatingCount>
  <Season>1</Season>
</Banner>
<Banner>
  <id>11981</id>
  <BannerPath>graphical/79871-g.jpg</BannerPath>
  <BannerType>series</BannerType>
  <BannerType2>graphical</BannerType2>
  <Language>en</Language>
  <Rating>10.0000</Rating>
  <RatingCount>1</RatingCount>
</Banner>
<Banner>
  <id>12811</id>
  <BannerPath>blank/79871.jpg</BannerPath>
  <BannerType>series</BannerType>
  <BannerType2>blank</BannerType2>
  <Language>en</Language>
  <Rating></Rating>
  <RatingCount>0</RatingCount>
</Banner>
<Banner>
  <id>12708</id>
  <BannerPath>graphical/79871-g3.jpg</BannerPath>
  <BannerType>series</BannerType>
  <BannerType2>graphical</BannerType2>
  <Language>en</Language>
  <Rating></Rating>
  <RatingCount>0</RatingCount>
</Banner>
<Banner>
  <id>12077</id>
  <BannerPath>text/79871.jpg</BannerPath>
  <BannerType>series</BannerType>
  <BannerType2>text</BannerType2>
  <Language>en</Language>
  <Rating></Rating>
  <RatingCount>0</RatingCount>
</Banner>
<Banner>
  <id>12713</id>
  <BannerPath>graphical/79871-g4.jpg</BannerPath>
  <BannerType>series</BannerType>
  <BannerType2>graphical</BannerType2>
  <Language>en</Language>
  <Rating></Rating>
  <RatingCount>0</RatingCount>
</Banner>
<Banner>
  <id>12717</id>
  <BannerPath>graphical/79871-g5.jpg</BannerPath>
  <BannerType>series</BannerType>
  <BannerType2>graphical</BannerType2>
  <Language>en</Language>
  <Rating></Rating>
  <RatingCount>0</RatingCount>
</Banner>
<Banner>
  <id>227661</id>
  <BannerPath>graphical/79871-g2.jpg</BannerPath>
  <BannerType>series</BannerType>
  <BannerType2>graphical</BannerType2>
  <Language>en</Language>
  <Rating></Rating>
  <RatingCount>0</RatingCount>
</Banner>
</Banners>