<?xml version="1.0" encoding="UTF-8" ?>
<Data><Series>
  <id>79871</id>
  <Actors>|Nathan Fillion|Charles Martin Smith|Michael Hyatt|Rochelle Aytes|J.D. Pardo|Riley Smith|Emma Stone|Taryn Manning|Melanie Lynskey|Kristin Lehman|Kevin Alejandro|Dylan Baker|Mircea Monroe|</Actors>
  <Airs_DayOfWeek>Monday</Airs_DayOfWeek>
  <Airs_Time>8:00 PM</Airs_Time>
  <ContentRating>TV-14</ContentRating>
  <FirstAired>2007-04-15</FirstAired>
  <Genre>|Action and Adventure|</Genre>
  <IMDB_ID>tt0770521</IMDB_ID>
  <Language>en</Language>
  <Network>FOX</Network>
  <NetworkID></NetworkID>
  <Overview>Drive follows the lives of a group of Americans racing each other in a sinister and possibly mortal cross-country race. Each has a special reason to compete - and each must win. Among the racers are two brothers in a stolen, pimped-out Cadillac that carries secrets of its own, a man trying to find his missing wife, a scientist and his teenage daughter, and others. No one knows who they're racing or where the finish line is, so anything is possible.</Overview>
  <Rating>8.3</Rating>
  <RatingCount>9</RatingCount>
  <Runtime>60</Runtime>
  <SeriesID>58334</SeriesID>
  <SeriesName>Drive</SeriesName>
  <Status>Ended</Status>
  <added></added>
  <addedBy></addedBy>
  <banner>graphical/79871-g.jpg</banner>
  <fanart>fanart/original/79871-2.jpg</fanart>
  <lastupdated>1337985482</lastupdated>
  <poster>posters/79871-1.jpg</poster>
  <zap2it_id>SH615743</zap2it_id>
</Series>
<Episode>
  <id>324242</id>
  <Combined_episodenumber>1</Combined_episodenumber>
  <Combined_season>0</Combined_season>
  <DVD_chapter></DVD_chapter>
  <DVD_discid></DVD_discid>
  <DVD_episodenumber></DVD_episodenumber>
  <DVD_season></DVD_season>
  <Director>Greg Yaitanes</Director>
  <EpImgFlag></EpImgFlag>
  <EpisodeName>Original Pilot</EpisodeName>
  <EpisodeNumber>1</EpisodeNumber>
  <FirstAired>1999-11-30</FirstAired>
  <GuestStars>|Ivan Sergei| Alan Ruck| Emily Stone| Brian Bloom| April Grace| Frances Callier| Rochelle Aytes| Shawn Hatosy| Taryn Manning| Shahine Ezell| Andres  Saenz-Hudson| Nicholas Lea|</GuestStars>
  <IMDB_ID></IMDB_ID>
  <Language>en</Language>
  <Overview>The action packed drama follows the lives of a group of people who joined the cross-country road race for different reasons.  Some have opted to join the race and some have been forced to join, but they are all after the $32 million prize.This episode was reshot after several cast changes were made.
</Overview>
  <ProductionCode></ProductionCode>
  <Rating></Rating>
  <RatingCount>0</RatingCount>
  <SeasonNumber>0</SeasonNumber>
  <Writer>Tim Minear, Ben Queen</Writer>
  <absolute_number></absolute_number>
  <airsafter_season></airsafter_season>
  <airsbefore_episode></airsbefore_episode>
  <airsbefore_season></airsbefore_season>
  <filename></filename>
  <lastupdated>1226085688</lastupdated>
  <seasonid>27266</seasonid>
  <seriesid>79871</seriesid>
</Episode>
<Episode>
  <id>324243</id>
  <Combined_episodenumber>1</Combined_episodenumber>
  <Combined_season>1</Combined_season>
  <DVD_chapter></DVD_chapter>
  <DVD_discid></DVD_discid>
  <DVD_episodenumber></DVD_episodenumber>
  <DVD_season></DVD_season>
  <Director>Greg Yaitanes</Director>
  <EpImgFlag></EpImgFlag>
  <EpisodeName>The Starting Line</EpisodeName>
  <EpisodeNumber>1</EpisodeNumber>
  <FirstAired>2007-04-15</FirstAired>
  <GuestStars>Mircea Monroe|Ivan Sergei|Alan Ruck|Emily Stone|April Grace|Frances Callier|Rochelle Aytes|Shawn Hatosy|Taryn Manning|Shahine Ezell|Andres Saenz-Hudson|Nicholas Lea</GuestStars>
  <IMDB_ID></IMDB_ID>
  <Language>en</Language>
  <Overview>An action packed drama which follows the lives of a group of people, who have joined a cross-country road race for different reasons.  Some have opted to join the race and some have been forced to join, but they are all after the $32 million prize.This episode was reshot after several cast changes were made.</Overview>
  <ProductionCode></ProductionCode>
  <Rating>7.0</Rating>
  <RatingCount>2</RatingCount>
  <SeasonNumber>1</SeasonNumber>
  <Writer>Tim Minear|Ben Queen</Writer>
  <absolute_number></absolute_number>
  <filename>episodes/79871/324243.jpg</filename>
  <lastupdated>1263591653</lastupdated>
  <seasonid>17390</seasonid>
  <seriesid>79871</seriesid>
</Episode>
<Episode>
  <id>324244</id>
  <Combined_episodenumber>2</Combined_episodenumber>
  <Combined_season>1</Combined_season>
  <DVD_chapter></DVD_chapter>
  <DVD_discid></DVD_discid>
  <DVD_episodenumber></DVD_episodenumber>
  <DVD_season></DVD_season>
  <Director>Greg Yaitanes</Director>
  <EpImgFlag></EpImgFlag>
  <EpisodeName>Partners</EpisodeName>
  <EpisodeNumber>2</EpisodeNumber>
  <FirstAired>2007-04-15</FirstAired>
  <GuestStars>|Michael Hyatt| Paul Ben-Victor| Beth Grant| Amy Acker| Brian Bloom| Cindy Williams|</GuestStars>
  <IMDB_ID></IMDB_ID>
  <Language>en</Language>
  <Overview>Drivers from distinct backgrounds compete in an illegal road race. Tully, a landscaper, joins the competition to search for his kidnapped wife. Wendy, a new mother, must make a difficult decision, while trying to escape her controlling husband. Rob and Ellie Laird are hoping for some fun after his tour in Iraq, but other motives may be at play. The Salazar brothers look like they'll be a threat to other racers, but when faced with a dilemma, they might surprise someone.</Overview>
  <ProductionCode></ProductionCode>
  <Rating>7.0</Rating>
  <RatingCount>2</RatingCount>
  <SeasonNumber>1</SeasonNumber>
  <Writer>Tim Minear, Tom Szentgyorgyi</Writer>
  <absolute_number></absolute_number>
  <filename>episodes/79871/324244.jpg</filename>
  <lastupdated>1263592142</lastupdated>
  <seasonid>17390</seasonid>
  <seriesid>79871</seriesid>
</Episode>
<Episode>
  <id>324245</id>
  <Combined_episodenumber>3</Combined_episodenumber>
  <Combined_season>1</Combined_season>
  <DVD_chapter></DVD_chapter>
  <DVD_discid></DVD_discid>
  <DVD_episodenumber></DVD_episodenumber>
  <DVD_season></DVD_season>
  <Director></Director>
  <EpImgFlag></EpImgFlag>
  <EpisodeName>Let the Games Begin</EpisodeName>
  <EpisodeNumber>3</EpisodeNumber>
  <FirstAired>2007-04-16</FirstAired>
  <GuestStars>|Dariush Kashani| Scott Donovan| Yancy Arias| Sasha Barrese| Richard Brooks| Katie Finneran|</GuestStars>
  <IMDB_ID></IMDB_ID>
  <Language>en</Language>
  <Overview>The race continues on the next stage. Alex meets an old acquaintance after getting in trouble with the police while Wendy gets a new co-driver.</Overview>
  <ProductionCode></ProductionCode>
  <Rating>7.0</Rating>
  <RatingCount>2</RatingCount>
  <SeasonNumber>1</SeasonNumber>
  <Writer></Writer>
  <absolute_number></absolute_number>
  <filename>episodes/79871/324245.jpg</filename>
  <lastupdated>1263592382</lastupdated>
  <seasonid>17390</seasonid>
  <seriesid>79871</seriesid>
</Episode>
<Episode>
  <id>327563</id>
  <Combined_episodenumber>4</Combined_episodenumber>
  <Combined_season>1</Combined_season>
  <DVD_chapter></DVD_chapter>
  <DVD_discid></DVD_discid>
  <DVD_episodenumber></DVD_episodenumber>
  <DVD_season></DVD_season>
  <Director></Director>
  <EpImgFlag></EpImgFlag>
  <EpisodeName>No Turning Back</EpisodeName>
  <EpisodeNumber>4</EpisodeNumber>
  <FirstAired>2007-04-23</FirstAired>
  <GuestStars>|Amy Acker| Brian Bloom| Jason Matthew Smith| Kevin Symons| Franklin Dennis Jones| Rick Overton| Cindy Williams|</GuestStars>
  <IMDB_ID></IMDB_ID>
  <Language>en</Language>
  <Overview>Corinna and Alex have the chance to get ahead of all the other racers, but it might have fatal consequences. At the same time, Wendy's baby may be in danger and Susan and Leigh continue the race even after Ivy's betrayal. One driver, however, will not finish this stage.</Overview>
  <ProductionCode></ProductionCode>
  <Rating>7.0</Rating>
  <RatingCount>2</RatingCount>
  <SeasonNumber>1</SeasonNumber>
  <Writer></Writer>
  <absolute_number></absolute_number>
  <filename>episodes/79871/327563.jpg</filename>
  <lastupdated>1263592513</lastupdated>
  <seasonid>17390</seasonid>
  <seriesid>79871</seriesid>
</Episode>
<Episode>
  <id>327564</id>
  <Combined_episodenumber>5</Combined_episodenumber>
  <Combined_season>1</Combined_season>
  <DVD_chapter></DVD_chapter>
  <DVD_discid></DVD_discid>
  <DVD_episodenumber></DVD_episodenumber>
  <DVD_season></DVD_season>
  <Director></Director>
  <EpImgFlag>2</EpImgFlag>
  <EpisodeName>The Extra Mile</EpisodeName>
  <EpisodeNumber>5</EpisodeNumber>
  <FirstAired>2007-04-30</FirstAired>
  <GuestStars></GuestStars>
  <IMDB_ID></IMDB_ID>
  <Language>en</Language>
  <Overview>All drivers hit the road for the fastest way to the next pit stop. Four participants have to face the consequences for their 'jump start'. Even without Ivy and Susan, Leigh will not stop racing and looks for a new co-pilot, while Wendy's baby gets in danger when his mother is pushed by Ivy to continue the race.</Overview>
  <ProductionCode></ProductionCode>
  <Rating>7.0</Rating>
  <RatingCount>2</RatingCount>
  <SeasonNumber>1</SeasonNumber>
  <Writer></Writer>
  <absolute_number></absolute_number>
  <filename>episodes/79871/327564.jpg</filename>
  <lastupdated>1263593125</lastupdated>
  <seasonid>17390</seasonid>
  <seriesid>79871</seriesid>
</Episode>
<Episode>
  <id>332289</id>
  <Combined_episodenumber>6</Combined_episodenumber>
  <Combined_season>1</Combined_season>
  <DVD_chapter></DVD_chapter>
  <DVD_discid></DVD_discid>
  <DVD_episodenumber></DVD_episodenumber>
  <DVD_season></DVD_season>
  <Director></Director>
  <EpImgFlag>2</EpImgFlag>
  <EpisodeName>Rearview</EpisodeName>
  <EpisodeNumber>6</EpisodeNumber>
  <FirstAired>2007-07-13</FirstAired>
  <GuestStars></GuestStars>
  <IMDB_ID></IMDB_ID>
  <Language>en</Language>
  <Overview>With Winston and Sean in possession of the flash drive, Corinna and Alex take a huge risk in order to get background information on the race - including Kathryn's location.
Wendy is in a different race, a race against her husband to be the first to get to baby Sam.</Overview>
  <ProductionCode></ProductionCode>
  <Rating>7.0</Rating>
  <RatingCount>2</RatingCount>
  <SeasonNumber>1</SeasonNumber>
  <Writer></Writer>
  <absolute_number></absolute_number>
  <filename>episodes/79871/332289.jpg</filename>
  <lastupdated>1270685631</lastupdated>
  <seasonid>17390</seasonid>
  <seriesid>79871</seriesid>
</Episode>
</Data>