<?xml version="1.0" encoding="UTF-8" ?>
<Actors>
<Actor>
  <id>110131</id>
  <Image>actors/110131.jpg</Image>
  <Name>Jenna Elfman</Name>
  <Role>Billie</Role>
  <SortOrder>0</SortOrder>
</Actor>
<Actor>
  <id>110121</id>
  <Image>actors/110121.jpg</Image>
  <Name>Jon Foster</Name>
  <Role>Zack</Role>
  <SortOrder>1</SortOrder>
</Actor>
<Actor>
  <id>110111</id>
  <Image>actors/110111.jpg</Image>
  <Name>Ashley Jensen</Name>
  <Role>Olivia</Role>
  <SortOrder>2</SortOrder>
</Actor>
<Actor>
  <id>110101</id>
  <Image>actors/110101.jpg</Image>
  <Name>Nicholas Wright</Name>
  <Role>Davis</Role>
  <SortOrder>3</SortOrder>
</Actor>
<Actor>
  <id>110091</id>
  <Image>actors/110091.jpg</Image>
  <Name>Grant Show</Name>
  <Role>Daniel</Role>
  <SortOrder>3</SortOrder>
</Actor>
<Actor>
  <id>110081</id>
  <Image>actors/110081.jpg</Image>
  <Name>Lennon Parham</Name>
  <Role>Abby</Role>
  <SortOrder>3</SortOrder>
</Actor>
</Actors>