<?xml version="1.0" encoding="UTF-8" ?>
<Data><Series>
  <id>95471</id>
  <Actors>|Jenna Elfman|Jon Foster|Ashley Jensen|Nicholas Wright|Grant Show|Lennon Parham|</Actors>
  <Airs_DayOfWeek>Monday</Airs_DayOfWeek>
  <Airs_Time>8:30 PM</Airs_Time>
  <ContentRating>TV-PG</ContentRating>
  <FirstAired>2009-09-21</FirstAired>
  <Genre>|Comedy|</Genre>
  <IMDB_ID>tt1441096</IMDB_ID>
  <Language>en</Language>
  <Network>CBS</Network>
  <NetworkID></NetworkID>
  <Overview>Accidentally on Purpose follows Billie (Jenna Elfman), a San Francisco movie critic in her 30s. Billie meets Zack (Jon Foster), an aspiring chef in his 20s, at a local bar and they have a one-night stand. She soon finds out that she is pregnant, and decides to keep the baby. She must simultaneously deal with her boss and ex-boyfriend, James (Grant Show), who finds himself jealous of Zack. Before the story began, she had hoped that James would ask her to marry him, but he told her that he was not ready because he was married once before.
Thanks to this unexpected arrival, Billie and Zack have agreed to live together platonically, since the only place that Zack has called home was his van. While Billie receives encouragement and advice from her alcoholic girl best friend Olivia (Ashley Jensen) and her conventional, younger, married sister Abby (Lennon Parham), she also has to deal with Zack's freeloading friend Davis (Nicolas Wright), among others, when they start turning her place into a frat house, leaving Billie to question whether she is living with a boyfriend, a roommate, or a second child to raise</Overview>
  <Rating>7.9</Rating>
  <RatingCount>17</RatingCount>
  <Runtime>30</Runtime>
  <SeriesID>76755</SeriesID>
  <SeriesName>Accidentally On Purpose</SeriesName>
  <Status>Ended</Status>
  <added>2009-05-22 03:06:30</added>
  <addedBy>5664</addedBy>
  <banner>graphical/95471-g.jpg</banner>
  <fanart>fanart/original/95471-2.jpg</fanart>
  <lastupdated>1361739509</lastupdated>
  <poster>posters/95471-1.jpg</poster>
  <zap2it_id></zap2it_id>
</Series>
<Episode>
  <id>669781</id>
  <Combined_episodenumber>1</Combined_episodenumber>
  <Combined_season>1</Combined_season>
  <DVD_chapter></DVD_chapter>
  <DVD_discid></DVD_discid>
  <DVD_episodenumber></DVD_episodenumber>
  <DVD_season></DVD_season>
  <Director></Director>
  <EpImgFlag>7</EpImgFlag>
  <EpisodeName>Pilot</EpisodeName>
  <EpisodeNumber>1</EpisodeNumber>
  <FirstAired>2009-09-21</FirstAired>
  <GuestStars></GuestStars>
  <IMDB_ID></IMDB_ID>
  <Language>en</Language>
  <Overview>Billie Chase is a successful 30-something movie critic living in San Francisco who has just broken up with her boyfriend, James, a very wealthy media mogul who is also her boss. She ends up rebounding with a much younger man, Zack, who at 22 years of age is just starting out on his career as a chef. Billie and Zack’s fling takes a serious turn when Billie discovers she is pregnant. Not knowing what the future has in store for her, Billie decides to keep the baby and raise it by herself if necessary. However, Zack decides to step up and help Billie with the baby and after Zack loses his rented room, Billie invites him to move in with her. None of this sits too well with James, who tries to win Billie back only to discover that she’s now very involved with Zack. </Overview>
  <ProductionCode></ProductionCode>
  <Rating>7.3</Rating>
  <RatingCount>22</RatingCount>
  <SeasonNumber>1</SeasonNumber>
  <Writer></Writer>
  <absolute_number></absolute_number>
  <filename>episodes/95471/669781.jpg</filename>
  <lastupdated>1341619593</lastupdated>
  <seasonid>68441</seasonid>
  <seriesid>95471</seriesid>
</Episode>
<Episode>
  <id>1112371</id>
  <Combined_episodenumber>2</Combined_episodenumber>
  <Combined_season>1</Combined_season>
  <DVD_chapter></DVD_chapter>
  <DVD_discid></DVD_discid>
  <DVD_episodenumber></DVD_episodenumber>
  <DVD_season></DVD_season>
  <Director></Director>
  <EpImgFlag>7</EpImgFlag>
  <EpisodeName>Memento</EpisodeName>
  <EpisodeNumber>2</EpisodeNumber>
  <FirstAired>2009-09-28</FirstAired>
  <GuestStars></GuestStars>
  <IMDB_ID></IMDB_ID>
  <Language>en</Language>
  <Overview>As Billie looks through Zack's things, she finds an unfinished note intended for her. She attempts to discover what Zack is keeping from her.</Overview>
  <ProductionCode></ProductionCode>
  <Rating>7.0</Rating>
  <RatingCount>14</RatingCount>
  <SeasonNumber>1</SeasonNumber>
  <Writer></Writer>
  <absolute_number></absolute_number>
  <filename>episodes/95471/1112371.jpg</filename>
  <lastupdated>1341619598</lastupdated>
  <seasonid>68441</seasonid>
  <seriesid>95471</seriesid>
</Episode>
<Episode>
  <id>1112381</id>
  <Combined_episodenumber>3</Combined_episodenumber>
  <Combined_season>1</Combined_season>
  <DVD_chapter></DVD_chapter>
  <DVD_discid></DVD_discid>
  <DVD_episodenumber></DVD_episodenumber>
  <DVD_season></DVD_season>
  <Director></Director>
  <EpImgFlag>2</EpImgFlag>
  <EpisodeName>One Night Stand</EpisodeName>
  <EpisodeNumber>3</EpisodeNumber>
  <FirstAired>2009-10-05</FirstAired>
  <GuestStars></GuestStars>
  <IMDB_ID></IMDB_ID>
  <Language>en</Language>
  <Overview>Billie's pregnancy causes her breasts to increase in size which causes other guys to flirt with her. Meanwhile, Zach refuses to have sex with Billie after she trys to have sex with him. </Overview>
  <ProductionCode></ProductionCode>
  <Rating>7.8</Rating>
  <RatingCount>19</RatingCount>
  <SeasonNumber>1</SeasonNumber>
  <Writer></Writer>
  <absolute_number></absolute_number>
  <filename>episodes/95471/1112381.jpg</filename>
  <lastupdated>1326114841</lastupdated>
  <seasonid>68441</seasonid>
  <seriesid>95471</seriesid>
</Episode>
<Episode>
  <id>1112391</id>
  <Combined_episodenumber>4</Combined_episodenumber>
  <Combined_season>1</Combined_season>
  <DVD_chapter></DVD_chapter>
  <DVD_discid></DVD_discid>
  <DVD_episodenumber></DVD_episodenumber>
  <DVD_season></DVD_season>
  <Director></Director>
  <EpImgFlag>2</EpImgFlag>
  <EpisodeName>The Date</EpisodeName>
  <EpisodeNumber>4</EpisodeNumber>
  <FirstAired>2009-10-12</FirstAired>
  <GuestStars></GuestStars>
  <IMDB_ID></IMDB_ID>
  <Language>en</Language>
  <Overview>Billie and Zack discuss their feelings on dating and agree to see other people, however, Billie's pregnancy gets in the way of any potential love connections. </Overview>
  <ProductionCode></ProductionCode>
  <Rating>7.9</Rating>
  <RatingCount>14</RatingCount>
  <SeasonNumber>1</SeasonNumber>
  <Writer></Writer>
  <absolute_number></absolute_number>
  <filename>episodes/95471/1112391.jpg</filename>
  <lastupdated>1326121743</lastupdated>
  <seasonid>68441</seasonid>
  <seriesid>95471</seriesid>
</Episode>
<Episode>
  <id>1174311</id>
  <Combined_episodenumber>5</Combined_episodenumber>
  <Combined_season>1</Combined_season>
  <DVD_chapter></DVD_chapter>
  <DVD_discid></DVD_discid>
  <DVD_episodenumber></DVD_episodenumber>
  <DVD_season></DVD_season>
  <Director>Andrew D. Weyman</Director>
  <EpImgFlag>2</EpImgFlag>
  <EpisodeName>The Love Guru</EpisodeName>
  <EpisodeNumber>5</EpisodeNumber>
  <FirstAired>2009-10-19</FirstAired>
  <GuestStars></GuestStars>
  <IMDB_ID></IMDB_ID>
  <Language>en</Language>
  <Overview>Billie gives Zack and Davis dating advice. Their plans don't go smoothly as the women they are pursuing bare their real interest. </Overview>
  <ProductionCode></ProductionCode>
  <Rating>7.5</Rating>
  <RatingCount>15</RatingCount>
  <SeasonNumber>1</SeasonNumber>
  <Writer>Bill Kunstler (1)|Alison McDonald</Writer>
  <absolute_number></absolute_number>
  <filename>episodes/95471/1174311.jpg</filename>
  <lastupdated>1326121869</lastupdated>
  <seasonid>68441</seasonid>
  <seriesid>95471</seriesid>
</Episode>
<Episode>
  <id>1232581</id>
  <Combined_episodenumber>6</Combined_episodenumber>
  <Combined_season>1</Combined_season>
  <DVD_chapter></DVD_chapter>
  <DVD_discid></DVD_discid>
  <DVD_episodenumber></DVD_episodenumber>
  <DVD_season></DVD_season>
  <Director>Andrew D. Weyman</Director>
  <EpImgFlag>2</EpImgFlag>
  <EpisodeName>Fight Club</EpisodeName>
  <EpisodeNumber>6</EpisodeNumber>
  <FirstAired>2009-11-02</FirstAired>
  <GuestStars></GuestStars>
  <IMDB_ID></IMDB_ID>
  <Language>en</Language>
  <Overview>Zack attempts to surprise Billie by installing a low-flow toilet, but instead they have their first argument as a couple.</Overview>
  <ProductionCode></ProductionCode>
  <Rating>7.7</Rating>
  <RatingCount>14</RatingCount>
  <SeasonNumber>1</SeasonNumber>
  <Writer>Bill Kunstler (1)</Writer>
  <absolute_number></absolute_number>
  <filename>episodes/95471/1232581.jpg</filename>
  <lastupdated>1329554854</lastupdated>
  <seasonid>68441</seasonid>
  <seriesid>95471</seriesid>
</Episode>
<Episode>
  <id>1232591</id>
  <Combined_episodenumber>7</Combined_episodenumber>
  <Combined_season>1</Combined_season>
  <DVD_chapter></DVD_chapter>
  <DVD_discid></DVD_discid>
  <DVD_episodenumber></DVD_episodenumber>
  <DVD_season></DVD_season>
  <Director></Director>
  <EpImgFlag>2</EpImgFlag>
  <EpisodeName>The Godfather</EpisodeName>
  <EpisodeNumber>7</EpisodeNumber>
  <FirstAired>2009-11-09</FirstAired>
  <GuestStars></GuestStars>
  <IMDB_ID></IMDB_ID>
  <Language>en</Language>
  <Overview>Billie requests Abby and Nick to be Godparents, but unintentionally, it causes them to break up. However, Billie has to stop Abby before she does something she will regret when a night with Davis on the town goes too far.</Overview>
  <ProductionCode></ProductionCode>
  <Rating>8.1</Rating>
  <RatingCount>10</RatingCount>
  <SeasonNumber>1</SeasonNumber>
  <Writer></Writer>
  <absolute_number></absolute_number>
  <filename>episodes/95471/1232591.jpg</filename>
  <lastupdated>1329461811</lastupdated>
  <seasonid>68441</seasonid>
  <seriesid>95471</seriesid>
</Episode>
<Episode>
  <id>1301291</id>
  <Combined_episodenumber>8</Combined_episodenumber>
  <Combined_season>1</Combined_season>
  <DVD_chapter></DVD_chapter>
  <DVD_discid></DVD_discid>
  <DVD_episodenumber></DVD_episodenumber>
  <DVD_season></DVD_season>
  <Director></Director>
  <EpImgFlag>2</EpImgFlag>
  <EpisodeName>The Third Man</EpisodeName>
  <EpisodeNumber>8</EpisodeNumber>
  <FirstAired>2009-11-16</FirstAired>
  <GuestStars></GuestStars>
  <IMDB_ID></IMDB_ID>
  <Language>en</Language>
  <Overview>When Billie begins seeing another man, Zack starts to show his jealous tendencies. </Overview>
  <ProductionCode></ProductionCode>
  <Rating>7.8</Rating>
  <RatingCount>12</RatingCount>
  <SeasonNumber>1</SeasonNumber>
  <Writer></Writer>
  <absolute_number></absolute_number>
  <filename>episodes/95471/1301291.jpg</filename>
  <lastupdated>1329554904</lastupdated>
  <seasonid>68441</seasonid>
  <seriesid>95471</seriesid>
</Episode>
<Episode>
  <id>1301581</id>
  <Combined_episodenumber>9</Combined_episodenumber>
  <Combined_season>1</Combined_season>
  <DVD_chapter></DVD_chapter>
  <DVD_discid></DVD_discid>
  <DVD_episodenumber></DVD_episodenumber>
  <DVD_season></DVD_season>
  <Director>Ted Wass</Director>
  <EpImgFlag>2</EpImgFlag>
  <EpisodeName>Working Girl</EpisodeName>
  <EpisodeNumber>9</EpisodeNumber>
  <FirstAired>2009-11-23</FirstAired>
  <GuestStars></GuestStars>
  <IMDB_ID></IMDB_ID>
  <Language>en</Language>
  <Overview>After James hires a new film critic to the paper, Billie feels that she has been threatened, and decides to show James how useful she really is.</Overview>
  <ProductionCode></ProductionCode>
  <Rating>7.9</Rating>
  <RatingCount>11</RatingCount>
  <SeasonNumber>1</SeasonNumber>
  <Writer>Andrea Abbate|David Holden (1)</Writer>
  <absolute_number></absolute_number>
  <filename>episodes/95471/1301581.jpg</filename>
  <lastupdated>1329554933</lastupdated>
  <seasonid>68441</seasonid>
  <seriesid>95471</seriesid>
</Episode>
<Episode>
  <id>1374701</id>
  <Combined_episodenumber>10</Combined_episodenumber>
  <Combined_season>1</Combined_season>
  <DVD_chapter></DVD_chapter>
  <DVD_discid></DVD_discid>
  <DVD_episodenumber></DVD_episodenumber>
  <DVD_season></DVD_season>
  <Director></Director>
  <EpImgFlag>2</EpImgFlag>
  <EpisodeName>Class</EpisodeName>
  <EpisodeNumber>10</EpisodeNumber>
  <FirstAired>2009-12-07</FirstAired>
  <GuestStars></GuestStars>
  <IMDB_ID></IMDB_ID>
  <Language>en</Language>
  <Overview>Billie and Zack begin taking instructional parenting classes, but separately due to their busy schedules. However, Billie decides to go with Olivia and Abby, but when Abby starts to outshine Billie at all the tasks, the course turns into a competition.</Overview>
  <ProductionCode></ProductionCode>
  <Rating>8.1</Rating>
  <RatingCount>13</RatingCount>
  <SeasonNumber>1</SeasonNumber>
  <Writer></Writer>
  <absolute_number></absolute_number>
  <filename>episodes/95471/1374701.jpg</filename>
  <lastupdated>1329554961</lastupdated>
  <seasonid>68441</seasonid>
  <seriesid>95471</seriesid>
</Episode>
<Episode>
  <id>1405201</id>
  <Combined_episodenumber>11</Combined_episodenumber>
  <Combined_season>1</Combined_season>
  <DVD_chapter></DVD_chapter>
  <DVD_discid></DVD_discid>
  <DVD_episodenumber></DVD_episodenumber>
  <DVD_season></DVD_season>
  <Director></Director>
  <EpImgFlag>2</EpImgFlag>
  <EpisodeName>It Happened One Christmas</EpisodeName>
  <EpisodeNumber>11</EpisodeNumber>
  <FirstAired>2009-12-14</FirstAired>
  <GuestStars></GuestStars>
  <IMDB_ID></IMDB_ID>
  <Language>en</Language>
  <Overview>Billie tries to cover up the fact that Zack is living with her from her parents, while also worrying that she'll ruin Christmas, just like she has in the previous years. Meanwhile, Nick (Abby's husband) attempts to impress their father.</Overview>
  <ProductionCode></ProductionCode>
  <Rating>8.2</Rating>
  <RatingCount>12</RatingCount>
  <SeasonNumber>1</SeasonNumber>
  <Writer></Writer>
  <absolute_number></absolute_number>
  <filename>episodes/95471/1405201.jpg</filename>
  <lastupdated>1329554992</lastupdated>
  <seasonid>68441</seasonid>
  <seriesid>95471</seriesid>
</Episode>
<Episode>
  <id>1521011</id>
  <Combined_episodenumber>12</Combined_episodenumber>
  <Combined_season>1</Combined_season>
  <DVD_chapter></DVD_chapter>
  <DVD_discid></DVD_discid>
  <DVD_episodenumber></DVD_episodenumber>
  <DVD_season></DVD_season>
  <Director></Director>
  <EpImgFlag>2</EpImgFlag>
  <EpisodeName>The Odd Couples</EpisodeName>
  <EpisodeNumber>12</EpisodeNumber>
  <FirstAired>2010-01-11</FirstAired>
  <GuestStars></GuestStars>
  <IMDB_ID></IMDB_ID>
  <Language>en</Language>
  <Overview>As they prepare for a surprise shower, Nick and Abby set up their significant others to keep Billie and Zack occupied. The plan turns into a disaster when the arranged couples don't get along.</Overview>
  <ProductionCode></ProductionCode>
  <Rating>8.2</Rating>
  <RatingCount>12</RatingCount>
  <SeasonNumber>1</SeasonNumber>
  <Writer></Writer>
  <absolute_number></absolute_number>
  <filename>episodes/95471/1521011.jpg</filename>
  <lastupdated>1329555021</lastupdated>
  <seasonid>68441</seasonid>
  <seriesid>95471</seriesid>
</Episode>
<Episode>
  <id>1552511</id>
  <Combined_episodenumber>13</Combined_episodenumber>
  <Combined_season>1</Combined_season>
  <DVD_chapter></DVD_chapter>
  <DVD_discid></DVD_discid>
  <DVD_episodenumber></DVD_episodenumber>
  <DVD_season></DVD_season>
  <Director></Director>
  <EpImgFlag>2</EpImgFlag>
  <EpisodeName>The Rock</EpisodeName>
  <EpisodeNumber>13</EpisodeNumber>
  <FirstAired>2010-01-18</FirstAired>
  <GuestStars></GuestStars>
  <IMDB_ID></IMDB_ID>
  <Language>en</Language>
  <Overview>Billie and Sully work on a story together which leads to a surprising discovery about the paper. Zack begins a new work adventure with Davis as his partner.</Overview>
  <ProductionCode></ProductionCode>
  <Rating>7.2</Rating>
  <RatingCount>14</RatingCount>
  <SeasonNumber>1</SeasonNumber>
  <Writer></Writer>
  <absolute_number></absolute_number>
  <filename>episodes/95471/1552511.jpg</filename>
  <lastupdated>1338033556</lastupdated>
  <seasonid>68441</seasonid>
  <seriesid>95471</seriesid>
</Episode>
<Episode>
  <id>1583421</id>
  <Combined_episodenumber>14</Combined_episodenumber>
  <Combined_season>1</Combined_season>
  <DVD_chapter></DVD_chapter>
  <DVD_discid></DVD_discid>
  <DVD_episodenumber></DVD_episodenumber>
  <DVD_season></DVD_season>
  <Director></Director>
  <EpImgFlag>2</EpImgFlag>
  <EpisodeName>Attack of the 50 Foot Woman</EpisodeName>
  <EpisodeNumber>14</EpisodeNumber>
  <FirstAired>2010-02-01</FirstAired>
  <GuestStars></GuestStars>
  <IMDB_ID></IMDB_ID>
  <Language>en</Language>
  <Overview>Billie tries to manipulate Zack so he does more chores around the apartement, but her plan backfires when Zack ends up decorating the nursery instead. Menawhile, Davis gets a job at a gay bar to earn extra cash.</Overview>
  <ProductionCode></ProductionCode>
  <Rating>7.9</Rating>
  <RatingCount>13</RatingCount>
  <SeasonNumber>1</SeasonNumber>
  <Writer></Writer>
  <absolute_number></absolute_number>
  <filename>episodes/95471/1583421.jpg</filename>
  <lastupdated>1338033578</lastupdated>
  <seasonid>68441</seasonid>
  <seriesid>95471</seriesid>
</Episode>
<Episode>
  <id>1599031</id>
  <Combined_episodenumber>15</Combined_episodenumber>
  <Combined_season>1</Combined_season>
  <DVD_chapter></DVD_chapter>
  <DVD_discid></DVD_discid>
  <DVD_episodenumber></DVD_episodenumber>
  <DVD_season></DVD_season>
  <Director></Director>
  <EpImgFlag>2</EpImgFlag>
  <EpisodeName>Back to School</EpisodeName>
  <EpisodeNumber>15</EpisodeNumber>
  <FirstAired>2010-02-08</FirstAired>
  <GuestStars></GuestStars>
  <IMDB_ID></IMDB_ID>
  <Language>en</Language>
  <Overview>Billie invites herself to Zack's high school reunion, but with regrets when she becomes unsure if she can't compete with Zack's hot ex-girlfriend in her pregnant state. Meanwhile, Abby makes a miracle youth juice that she tries to sell at a party that she and Olivia host.</Overview>
  <ProductionCode></ProductionCode>
  <Rating>7.8</Rating>
  <RatingCount>18</RatingCount>
  <SeasonNumber>1</SeasonNumber>
  <Writer></Writer>
  <absolute_number></absolute_number>
  <filename>episodes/95471/1599031.jpg</filename>
  <lastupdated>1338033597</lastupdated>
  <seasonid>68441</seasonid>
  <seriesid>95471</seriesid>
</Episode>
<Episode>
  <id>1599041</id>
  <Combined_episodenumber>16</Combined_episodenumber>
  <Combined_season>1</Combined_season>
  <DVD_chapter></DVD_chapter>
  <DVD_discid></DVD_discid>
  <DVD_episodenumber></DVD_episodenumber>
  <DVD_season></DVD_season>
  <Director></Director>
  <EpImgFlag>2</EpImgFlag>
  <EpisodeName>Face Off</EpisodeName>
  <EpisodeNumber>16</EpisodeNumber>
  <FirstAired>2010-04-07</FirstAired>
  <GuestStars></GuestStars>
  <IMDB_ID></IMDB_ID>
  <Language>en</Language>
  <Overview>Zack is upset when Billie hires a baby nurse without consulting him. Meanwhile, Davis and Ryan are faced with a difficult choice when they learn surprising news about the nurse.</Overview>
  <ProductionCode></ProductionCode>
  <Rating>8.0</Rating>
  <RatingCount>19</RatingCount>
  <SeasonNumber>1</SeasonNumber>
  <Writer></Writer>
  <absolute_number></absolute_number>
  <filename>episodes/95471/1599041.jpg</filename>
  <lastupdated>1338033615</lastupdated>
  <seasonid>68441</seasonid>
  <seriesid>95471</seriesid>
</Episode>
<Episode>
  <id>1700171</id>
  <Combined_episodenumber>17</Combined_episodenumber>
  <Combined_season>1</Combined_season>
  <DVD_chapter></DVD_chapter>
  <DVD_discid></DVD_discid>
  <DVD_episodenumber></DVD_episodenumber>
  <DVD_season></DVD_season>
  <Director></Director>
  <EpImgFlag>2</EpImgFlag>
  <EpisodeName>Speed</EpisodeName>
  <EpisodeNumber>17</EpisodeNumber>
  <FirstAired>2010-04-14</FirstAired>
  <GuestStars></GuestStars>
  <IMDB_ID></IMDB_ID>
  <Language>en</Language>
  <Overview>In the first part of a two-parter, Billie acts as if she gets into labor in order to save Zack from a traffic ticket of speeding. Meanwhile, Olivia and Davis spend the day shopping for a baby gift.</Overview>
  <ProductionCode></ProductionCode>
  <Rating>7.9</Rating>
  <RatingCount>19</RatingCount>
  <SeasonNumber>1</SeasonNumber>
  <Writer></Writer>
  <absolute_number></absolute_number>
  <filename>episodes/95471/1700171.jpg</filename>
  <lastupdated>1338033635</lastupdated>
  <seasonid>68441</seasonid>
  <seriesid>95471</seriesid>
</Episode>
<Episode>
  <id>1700181</id>
  <Combined_episodenumber>18</Combined_episodenumber>
  <Combined_season>1</Combined_season>
  <DVD_chapter></DVD_chapter>
  <DVD_discid></DVD_discid>
  <DVD_episodenumber></DVD_episodenumber>
  <DVD_season></DVD_season>
  <Director></Director>
  <EpImgFlag>2</EpImgFlag>
  <EpisodeName>Speed 2</EpisodeName>
  <EpisodeNumber>18</EpisodeNumber>
  <FirstAired>2010-04-21</FirstAired>
  <GuestStars></GuestStars>
  <IMDB_ID></IMDB_ID>
  <Language>en</Language>
  <Overview>After faking labor pains to get Zack out of a speeding ticket, Billie goes into labor - for real. Unfortunately, things take a turn when Zack gets busted by the officer they had initially lied to and is hauled off to the police station.</Overview>
  <ProductionCode></ProductionCode>
  <Rating>7.9</Rating>
  <RatingCount>19</RatingCount>
  <SeasonNumber>1</SeasonNumber>
  <Writer></Writer>
  <absolute_number></absolute_number>
  <filename>episodes/95471/1700181.jpg</filename>
  <lastupdated>1338033663</lastupdated>
  <seasonid>68441</seasonid>
  <seriesid>95471</seriesid>
</Episode>
</Data>