<?xml version="1.0" encoding="UTF-8" ?>
<Actors>
<Actor>
  <id>21292</id>
  <Image>actors/21292.jpg</Image>
  <Name>Matt LeBlanc</Name>
  <Role>Joey Tribbiani</Role>
  <SortOrder>0</SortOrder>
</Actor>
<Actor>
  <id>21291</id>
  <Image>actors/21291.jpg</Image>
  <Name>Paulo Costanzo</Name>
  <Role>Michael Tribbiani</Role>
  <SortOrder>1</SortOrder>
</Actor>
<Actor>
  <id>21288</id>
  <Image>actors/21288.jpg</Image>
  <Name>Drea de Matteo</Name>
  <Role>Gina Tribbiani</Role>
  <SortOrder>2</SortOrder>
</Actor>
<Actor>
  <id>21290</id>
  <Image>actors/21290.jpg</Image>
  <Name>Andrea Anders</Name>
  <Role>Alex Garrett</Role>
  <SortOrder>3</SortOrder>
</Actor>
<Actor>
  <id>21289</id>
  <Image>actors/21289.jpg</Image>
  <Name>Jennifer Coolidge</Name>
  <Role>Bobbie</Role>
  <SortOrder>3</SortOrder>
</Actor>
<Actor>
  <id>146901</id>
  <Image>actors/146901.jpg</Image>
  <Name>Miguel A. Núñez, Jr.</Name>
  <Role>Zach Miller</Role>
  <SortOrder>3</SortOrder>
</Actor>
<Actor>
  <id>210951</id>
  <Image></Image>
  <Name>Kelly Preston</Name>
  <Role>Donna Di Gregorio </Role>
  <SortOrder>3</SortOrder>
</Actor>
</Actors>