<?xml version="1.0" encoding="UTF-8" ?>
<Data><Series>
  <id>72920</id>
  <Actors>|Matt LeBlanc|Paulo Costanzo|Drea de Matteo|Andrea Anders|Jennifer Coolidge|Miguel A. Núñez, Jr.|Kelly Preston|</Actors>
  <Airs_DayOfWeek>Thursday</Airs_DayOfWeek>
  <Airs_Time>8:00 PM</Airs_Time>
  <ContentRating>TV-14</ContentRating>
  <FirstAired>2004-09-09</FirstAired>
  <Genre>|Comedy|</Genre>
  <IMDB_ID>tt0375355</IMDB_ID>
  <Language>en</Language>
  <Network>NBC</Network>
  <NetworkID></NetworkID>
  <Overview>From three of the executive producers behind the mega-successful hit series &quot;Friends&quot; comes the highly anticipated new comedy &quot;Joey.&quot; Multiple Emmy, Golden Globe and SAG Award nominee Matt LeBlanc reprises his &quot;Friends&quot; role as charming and still-single Joey, who has struck out on his own and moved to Hollywood, hoping to truly make it as an actor.Joey says goodbye to a time when his friends were his family and welcomes the chance to turn his family into his friends. After reuniting with his high-strung sister Gina (Emmy winner Drea de Matteo, &quot;The Sopranos&quot;), a strong and sexy hairdresser, Joey moves in with her genius 20-year-old son, graduate student Michael (Paulo Costanzo, &quot;Road Trip&quot;), who literally is a rocket scientist. What Joey lacks in book smarts, however, he more than makes up for with his people skills, making him the best new friend his nephew could ask for.</Overview>
  <Rating>7.1</Rating>
  <RatingCount>21</RatingCount>
  <Runtime>30</Runtime>
  <SeriesID>20952</SeriesID>
  <SeriesName>Joey</SeriesName>
  <Status>Ended</Status>
  <added></added>
  <addedBy></addedBy>
  <banner>graphical/20952-g.jpg</banner>
  <fanart>fanart/original/72920-4.jpg</fanart>
  <lastupdated>1364084290</lastupdated>
  <poster>posters/72920-1.jpg</poster>
  <zap2it_id>SH677997</zap2it_id>
</Series>
<Episode>
  <id>396711</id>
  <Combined_episodenumber>1</Combined_episodenumber>
  <Combined_season>0</Combined_season>
  <DVD_chapter></DVD_chapter>
  <DVD_discid></DVD_discid>
  <DVD_episodenumber></DVD_episodenumber>
  <DVD_season></DVD_season>
  <Director></Director>
  <EpImgFlag></EpImgFlag>
  <EpisodeName>Unaired Pilot</EpisodeName>
  <EpisodeNumber>1</EpisodeNumber>
  <FirstAired></FirstAired>
  <GuestStars></GuestStars>
  <IMDB_ID></IMDB_ID>
  <Language>en</Language>
  <Overview></Overview>
  <ProductionCode></ProductionCode>
  <Rating></Rating>
  <RatingCount>0</RatingCount>
  <SeasonNumber>0</SeasonNumber>
  <Writer></Writer>
  <absolute_number></absolute_number>
  <airsafter_season></airsafter_season>
  <airsbefore_episode></airsbefore_episode>
  <airsbefore_season></airsbefore_season>
  <filename></filename>
  <lastupdated>1223837005</lastupdated>
  <seasonid>20385</seasonid>
  <seriesid>72920</seriesid>
</Episode>
<Episode>
  <id>103293</id>
  <Combined_episodenumber>1</Combined_episodenumber>
  <Combined_season>1</Combined_season>
  <DVD_chapter></DVD_chapter>
  <DVD_discid></DVD_discid>
  <DVD_episodenumber></DVD_episodenumber>
  <DVD_season></DVD_season>
  <Director>Kevin S. Bright</Director>
  <EpImgFlag>2</EpImgFlag>
  <EpisodeName>Pilot</EpisodeName>
  <EpisodeNumber>1</EpisodeNumber>
  <FirstAired>2004-09-09</FirstAired>
  <GuestStars>|Wyatt Smith| Wayne Wilderson| Jason Huber| Matthew Mullany| Lawrence Mandley| Nancy O'Dell| Ethan Erickson| Tommy Perna|</GuestStars>
  <IMDB_ID></IMDB_ID>
  <Language>en</Language>
  <Overview>Joey arrives in L.A. after his new agent offers him his choice of parts on two TV shows, and befriends his neighbor, Alex . His nephew, Michael, wants to move in with him at his new apartment, but Joey fears that this will upset his sister, Gina.</Overview>
  <ProductionCode>475246</ProductionCode>
  <Rating>6.6</Rating>
  <RatingCount>7</RatingCount>
  <SeasonNumber>1</SeasonNumber>
  <Writer>Shana Goldberg-Meehan, Scott Silveri</Writer>
  <absolute_number></absolute_number>
  <filename>episodes/72920/103293.jpg</filename>
  <lastupdated>1339850743</lastupdated>
  <seasonid>4997</seasonid>
  <seriesid>72920</seriesid>
</Episode>
<Episode>
  <id>103294</id>
  <Combined_episodenumber>2</Combined_episodenumber>
  <Combined_season>1</Combined_season>
  <DVD_chapter></DVD_chapter>
  <DVD_discid></DVD_discid>
  <DVD_episodenumber></DVD_episodenumber>
  <DVD_season></DVD_season>
  <Director>Kevin S. Bright</Director>
  <EpImgFlag>2</EpImgFlag>
  <EpisodeName>Joey and the Student</EpisodeName>
  <EpisodeNumber>2</EpisodeNumber>
  <FirstAired>2004-09-16</FirstAired>
  <GuestStars>|Bobby Neely|</GuestStars>
  <IMDB_ID></IMDB_ID>
  <Language>en</Language>
  <Overview>Gina is having trouble letting Michael live his own life, Joey and Gina try to teach him how to pick up women.  Joey is irritated by the notes his super leaves him.
</Overview>
  <ProductionCode>275451</ProductionCode>
  <Rating>7.4</Rating>
  <RatingCount>10</RatingCount>
  <SeasonNumber>1</SeasonNumber>
  <Writer>Shana Goldberg-Meehan, Scott Silveri</Writer>
  <absolute_number></absolute_number>
  <filename>episodes/72920/103294.jpg</filename>
  <lastupdated>1354143089</lastupdated>
  <seasonid>4997</seasonid>
  <seriesid>72920</seriesid>
</Episode>
<Episode>
  <id>103295</id>
  <Combined_episodenumber>3</Combined_episodenumber>
  <Combined_season>1</Combined_season>
  <DVD_chapter></DVD_chapter>
  <DVD_discid></DVD_discid>
  <DVD_episodenumber></DVD_episodenumber>
  <DVD_season></DVD_season>
  <Director>Gail Mancuso</Director>
  <EpImgFlag>2</EpImgFlag>
  <EpisodeName>Joey and the Party</EpisodeName>
  <EpisodeNumber>3</EpisodeNumber>
  <FirstAired>2004-09-23</FirstAired>
  <GuestStars>|Simon Helberg| Geoff Stults| Jayma Mays|</GuestStars>
  <IMDB_ID></IMDB_ID>
  <Language>en</Language>
  <Overview>Having trouble meeting people in L.A., Joey throws a party to get to know some of his neighbors.  The one he'd like to get to know, Jake, is more interested in Gina.  Alex pretends to be Michael's girlfriend so that he can one-up his friend.
</Overview>
  <ProductionCode>275453</ProductionCode>
  <Rating>6.7</Rating>
  <RatingCount>7</RatingCount>
  <SeasonNumber>1</SeasonNumber>
  <Writer>Robert Carlock</Writer>
  <absolute_number></absolute_number>
  <filename>episodes/72920/103295.jpg</filename>
  <lastupdated>1335891145</lastupdated>
  <seasonid>4997</seasonid>
  <seriesid>72920</seriesid>
</Episode>
<Episode>
  <id>103296</id>
  <Combined_episodenumber>4</Combined_episodenumber>
  <Combined_season>1</Combined_season>
  <DVD_chapter></DVD_chapter>
  <DVD_discid></DVD_discid>
  <DVD_episodenumber></DVD_episodenumber>
  <DVD_season></DVD_season>
  <Director>Andrew D. Weyman</Director>
  <EpImgFlag>2</EpImgFlag>
  <EpisodeName>Joey and the Book Club</EpisodeName>
  <EpisodeNumber>4</EpisodeNumber>
  <FirstAired>2004-09-30</FirstAired>
  <GuestStars>|Reagan Dale Neis| Susan Dalian| Charlene Amoia| Marshall Manesh|</GuestStars>
  <IMDB_ID></IMDB_ID>
  <Language>en</Language>
  <Overview>Joey joins Michael's book club to meet pretty women.  Michael is crazy about a girl in the book club, who's only interested in Joey.  Looking to get her work noticed, Gina bargains with Alex.
</Overview>
  <ProductionCode>275455</ProductionCode>
  <Rating>6.7</Rating>
  <RatingCount>6</RatingCount>
  <SeasonNumber>1</SeasonNumber>
  <Writer>John Quaintance</Writer>
  <absolute_number></absolute_number>
  <filename>episodes/72920/103296.jpg</filename>
  <lastupdated>1335891222</lastupdated>
  <seasonid>4997</seasonid>
  <seriesid>72920</seriesid>
</Episode>
<Episode>
  <id>103297</id>
  <Combined_episodenumber>5</Combined_episodenumber>
  <Combined_season>1</Combined_season>
  <DVD_chapter></DVD_chapter>
  <DVD_discid></DVD_discid>
  <DVD_episodenumber></DVD_episodenumber>
  <DVD_season></DVD_season>
  <Director>David Schwimmer</Director>
  <EpImgFlag>2</EpImgFlag>
  <EpisodeName>Joey and the Perfect Storm</EpisodeName>
  <EpisodeNumber>5</EpisodeNumber>
  <FirstAired>2004-10-07</FirstAired>
  <GuestStars>|Mitch Silpa| Candace Smith| Samuel Luis Givens|</GuestStars>
  <IMDB_ID></IMDB_ID>
  <Language>en</Language>
  <Overview>There's a vacant apartment in the complex, and Joey and Michael try to hide it from Gina, fearing that she'll want to move in to be closer to them.  Also, Joey is understudying in three plays at once.
</Overview>
  <ProductionCode>275456</ProductionCode>
  <Rating>7.3</Rating>
  <RatingCount>6</RatingCount>
  <SeasonNumber>1</SeasonNumber>
  <Writer>Vanessa McCarthy</Writer>
  <absolute_number></absolute_number>
  <filename>episodes/72920/103297.jpg</filename>
  <lastupdated>1335891234</lastupdated>
  <seasonid>4997</seasonid>
  <seriesid>72920</seriesid>
</Episode>
<Episode>
  <id>103298</id>
  <Combined_episodenumber>6</Combined_episodenumber>
  <Combined_season>1</Combined_season>
  <DVD_chapter></DVD_chapter>
  <DVD_discid></DVD_discid>
  <DVD_episodenumber></DVD_episodenumber>
  <DVD_season></DVD_season>
  <Director>Kevin S. Bright</Director>
  <EpImgFlag>2</EpImgFlag>
  <EpisodeName>Joey and the Nemesis</EpisodeName>
  <EpisodeNumber>6</EpisodeNumber>
  <FirstAired>2004-10-14</FirstAired>
  <GuestStars>|Bob Odenkirk| Josh Randall| Susan Leslie| Tom R. Hughes| Lisa Calderon|</GuestStars>
  <IMDB_ID></IMDB_ID>
  <Language>en</Language>
  <Overview>Michael is sick and Gina is delighted.  Staying at Gina's, Joey meets her secret boyfriend.  Meanwhile, an actor named Brian Michael David Scott repeatedly tricks Joey into missing auditions.
</Overview>
  <ProductionCode>275452</ProductionCode>
  <Rating>7.3</Rating>
  <RatingCount>7</RatingCount>
  <SeasonNumber>1</SeasonNumber>
  <Writer>Sherry Bilsing, Ellen Plummer</Writer>
  <absolute_number></absolute_number>
  <filename>episodes/72920/103298.jpg</filename>
  <lastupdated>1335891245</lastupdated>
  <seasonid>4997</seasonid>
  <seriesid>72920</seriesid>
</Episode>
<Episode>
  <id>103299</id>
  <Combined_episodenumber>7</Combined_episodenumber>
  <Combined_season>1</Combined_season>
  <DVD_chapter></DVD_chapter>
  <DVD_discid></DVD_discid>
  <DVD_episodenumber></DVD_episodenumber>
  <DVD_season></DVD_season>
  <Director>Gail Mancuso</Director>
  <EpImgFlag>2</EpImgFlag>
  <EpisodeName>Joey and the Husband</EpisodeName>
  <EpisodeNumber>7</EpisodeNumber>
  <FirstAired>2004-10-21</FirstAired>
  <GuestStars>|Peter Stormare| Irene Olga Lopez|</GuestStars>
  <IMDB_ID></IMDB_ID>
  <Language>en</Language>
  <Overview>Joey donates his savings to Gina's plan to open her own salon, but she has second thoughts.  Alex's husband returns to town, and Joey is mystified that Eric isn't threatened by him.
</Overview>
  <ProductionCode>275454</ProductionCode>
  <Rating>7.3</Rating>
  <RatingCount>7</RatingCount>
  <SeasonNumber>1</SeasonNumber>
  <Writer>Brian Kelley</Writer>
  <absolute_number></absolute_number>
  <filename>episodes/72920/103299.jpg</filename>
  <lastupdated>1335891256</lastupdated>
  <seasonid>4997</seasonid>
  <seriesid>72920</seriesid>
</Episode>
<Episode>
  <id>103300</id>
  <Combined_episodenumber>8</Combined_episodenumber>
  <Combined_season>1</Combined_season>
  <DVD_chapter></DVD_chapter>
  <DVD_discid></DVD_discid>
  <DVD_episodenumber></DVD_episodenumber>
  <DVD_season></DVD_season>
  <Director>Gary Halvorson</Director>
  <EpImgFlag>2</EpImgFlag>
  <EpisodeName>Joey and the Dream Girl (1)</EpisodeName>
  <EpisodeNumber>8</EpisodeNumber>
  <FirstAired>2004-11-04</FirstAired>
  <GuestStars>|Kelly Preston|</GuestStars>
  <IMDB_ID></IMDB_ID>
  <Language>en</Language>
  <Overview>Gina's high school friend Donna comes to town, separated from her husband.  Joey had a huge crush on Donna for years, and is happier than ever when they start going out.  However, Donna confides in Gina that her husband wants to reconcile, and begs her not to tell Joey.  Meanwhile, Michael is startled to discover that he was a great baseball player when he was younger.
</Overview>
  <ProductionCode>275457</ProductionCode>
  <Rating>7.7</Rating>
  <RatingCount>7</RatingCount>
  <SeasonNumber>1</SeasonNumber>
  <Writer>Brian Buckner</Writer>
  <absolute_number></absolute_number>
  <filename>episodes/72920/103300.jpg</filename>
  <lastupdated>1335891269</lastupdated>
  <seasonid>4997</seasonid>
  <seriesid>72920</seriesid>
</Episode>
<Episode>
  <id>103301</id>
  <Combined_episodenumber>9</Combined_episodenumber>
  <Combined_season>1</Combined_season>
  <DVD_chapter></DVD_chapter>
  <DVD_discid></DVD_discid>
  <DVD_episodenumber></DVD_episodenumber>
  <DVD_season></DVD_season>
  <Director>Gary Halvorson</Director>
  <EpImgFlag>2</EpImgFlag>
  <EpisodeName>Joey and the Dream Girl (2)</EpisodeName>
  <EpisodeNumber>9</EpisodeNumber>
  <FirstAired>2004-11-11</FirstAired>
  <GuestStars>|Danny Nucci| Kelly Preston|</GuestStars>
  <IMDB_ID></IMDB_ID>
  <Language>en</Language>
  <Overview>Well, Donna begged her not to, but of course Gina tells Joey about Donna's husband begging to reconcile.  Joey takes Donna to a romantic bed-and-breakfast, but when Ron shows up in town, Donna ultimately ends up heading back to New York with him.  Meanwhile, Alex discovers that she's hot and that hot girls get free stuff.
</Overview>
  <ProductionCode>275458</ProductionCode>
  <Rating>7.2</Rating>
  <RatingCount>5</RatingCount>
  <SeasonNumber>1</SeasonNumber>
  <Writer>Robert Carlock</Writer>
  <absolute_number></absolute_number>
  <filename>episodes/72920/103301.jpg</filename>
  <lastupdated>1335891282</lastupdated>
  <seasonid>4997</seasonid>
  <seriesid>72920</seriesid>
</Episode>
<Episode>
  <id>103302</id>
  <Combined_episodenumber>10</Combined_episodenumber>
  <Combined_season>1</Combined_season>
  <DVD_chapter></DVD_chapter>
  <DVD_discid></DVD_discid>
  <DVD_episodenumber></DVD_episodenumber>
  <DVD_season></DVD_season>
  <Director>Sheldon Epps</Director>
  <EpImgFlag>2</EpImgFlag>
  <EpisodeName>Joey and the Big Audition</EpisodeName>
  <EpisodeNumber>10</EpisodeNumber>
  <FirstAired>2004-11-18</FirstAired>
  <GuestStars>|Mindy Sterling| Danneel Harris| John Ducey| Tom Lenk| Lawrence H. Toffler| Christopher T. Wood| Trev Broudy| Sarah Kruger|</GuestStars>
  <IMDB_ID></IMDB_ID>
  <Language>en</Language>
  <Overview>A discouraged Joey is just looking for an audition for a good show.  At Alex's Northwestern alumni party, he's mistaken for a fellow alumni, and introduced to the Northwestern Mafia.  They help him get an audition for a show called Deep Powder, described as &quot;Baywatch on skis.&quot;  Joey's a little depressed that he's auditioning for the father of 2 teenage characters.
</Overview>
  <ProductionCode>275459</ProductionCode>
  <Rating>7.0</Rating>
  <RatingCount>3</RatingCount>
  <SeasonNumber>1</SeasonNumber>
  <Writer>John Quaintance</Writer>
  <absolute_number></absolute_number>
  <filename>episodes/72920/103302.jpg</filename>
  <lastupdated>1335891293</lastupdated>
  <seasonid>4997</seasonid>
  <seriesid>72920</seriesid>
</Episode>
<Episode>
  <id>103303</id>
  <Combined_episodenumber>11</Combined_episodenumber>
  <Combined_season>1</Combined_season>
  <DVD_chapter></DVD_chapter>
  <DVD_discid></DVD_discid>
  <DVD_episodenumber></DVD_episodenumber>
  <DVD_season></DVD_season>
  <Director>Kevin S. Bright</Director>
  <EpImgFlag>2</EpImgFlag>
  <EpisodeName>Joey and the Road Trip</EpisodeName>
  <EpisodeNumber>11</EpisodeNumber>
  <FirstAired>2004-12-02</FirstAired>
  <GuestStars>|Bob Saget| Steve Schirripa| Terry Rhoads| Camille Guaty| Jacqueline Lord| Kevin Farley| Lanisha Cole| Amanda Swisten| Tommy Perna| Cindy Lu| Chris Caron| Rich Levier|</GuestStars>
  <IMDB_ID></IMDB_ID>
  <Language>en</Language>
  <Overview>Bobbie gets Joey a job as a celebrity judge for the Miss Southwestern U.S.A. pageant, taking place in Las Vegas.  With Gina, Michael and Alex in tow, he heads for Vegas.  While there, Alex reveals her Celine Dion obsession, Michael teaches Gina how to count cards, and Joey accidentally sleeps with a pageant contestant.
</Overview>
  <ProductionCode>275460</ProductionCode>
  <Rating>7.0</Rating>
  <RatingCount>5</RatingCount>
  <SeasonNumber>1</SeasonNumber>
  <Writer>Vanessa McCarthy</Writer>
  <absolute_number></absolute_number>
  <filename>episodes/72920/103303.jpg</filename>
  <lastupdated>1335891305</lastupdated>
  <seasonid>4997</seasonid>
  <seriesid>72920</seriesid>
</Episode>
<Episode>
  <id>103304</id>
  <Combined_episodenumber>12</Combined_episodenumber>
  <Combined_season>1</Combined_season>
  <DVD_chapter></DVD_chapter>
  <DVD_discid></DVD_discid>
  <DVD_episodenumber></DVD_episodenumber>
  <DVD_season></DVD_season>
  <Director>Kevin S. Bright</Director>
  <EpImgFlag>2</EpImgFlag>
  <EpisodeName>Joey and the Plot Twist</EpisodeName>
  <EpisodeNumber>12</EpisodeNumber>
  <FirstAired>2004-12-09</FirstAired>
  <GuestStars>|Lucy Liu| Danneel Harris| Portia Dawson| Nat Faxon| Colby Donaldson| Lyndon Smith| Carlos Sanchez| Kim Harris| Nathan Anderson| Dayna Devon| Donna Cooper|</GuestStars>
  <IMDB_ID></IMDB_ID>
  <Language>en</Language>
  <Overview>Joey meets Deep Powder's executive producer, Lauren Beck.  Joey worries that he may be fired after giving away a plot twist at a press conference.  Alex, Gina and Michael decorate the apartment for Joey for Christmas.
</Overview>
  <ProductionCode>275461</ProductionCode>
  <Rating>6.8</Rating>
  <RatingCount>4</RatingCount>
  <SeasonNumber>1</SeasonNumber>
  <Writer>Craig DiGregorio</Writer>
  <absolute_number></absolute_number>
  <filename>episodes/72920/103304.jpg</filename>
  <lastupdated>1335891318</lastupdated>
  <seasonid>4997</seasonid>
  <seriesid>72920</seriesid>
</Episode>
<Episode>
  <id>103305</id>
  <Combined_episodenumber>13</Combined_episodenumber>
  <Combined_season>1</Combined_season>
  <DVD_chapter></DVD_chapter>
  <DVD_discid></DVD_discid>
  <DVD_episodenumber></DVD_episodenumber>
  <DVD_season></DVD_season>
  <Director>David Schwimmer</Director>
  <EpImgFlag>2</EpImgFlag>
  <EpisodeName>Joey and the Taste Test</EpisodeName>
  <EpisodeNumber>13</EpisodeNumber>
  <FirstAired>2005-01-06</FirstAired>
  <GuestStars>|Lucy Liu| Danneel Harris| Andrea C. Robinson|</GuestStars>
  <IMDB_ID></IMDB_ID>
  <Language>en</Language>
  <Overview>Joey's relationship with costar Katie has consequences that could get him fired from the show, unless he manages to talk her out of her dressing room.  Joey and Lauren acknowledge their feelings for one another.  After Gina teaches Alex how to make lasagna, Joey is forced to judge a taste test.
</Overview>
  <ProductionCode>275462</ProductionCode>
  <Rating>6.4</Rating>
  <RatingCount>5</RatingCount>
  <SeasonNumber>1</SeasonNumber>
  <Writer>Shana Goldberg-Meehan, Scott Silveri</Writer>
  <absolute_number></absolute_number>
  <filename>episodes/72920/103305.jpg</filename>
  <lastupdated>1335891330</lastupdated>
  <seasonid>4997</seasonid>
  <seriesid>72920</seriesid>
</Episode>
<Episode>
  <id>103306</id>
  <Combined_episodenumber>14</Combined_episodenumber>
  <Combined_season>1</Combined_season>
  <DVD_chapter></DVD_chapter>
  <DVD_discid></DVD_discid>
  <DVD_episodenumber></DVD_episodenumber>
  <DVD_season></DVD_season>
  <Director>Kevin S. Bright</Director>
  <EpImgFlag>2</EpImgFlag>
  <EpisodeName>Joey and the Premiere</EpisodeName>
  <EpisodeNumber>14</EpisodeNumber>
  <FirstAired>2005-01-13</FirstAired>
  <GuestStars>|Lucy Liu| Jeff Bryan Davis| Fiona Gubelman| Beth Littleford| Nat Faxon| Colby Donaldson| Brent Spiner|</GuestStars>
  <IMDB_ID></IMDB_ID>
  <Language>en</Language>
  <Overview>Unable to decide who to take to the premiere of Deep Powder, Joey struggles to find tickets for Gina, Michael and Alex.  Michael meets a girl and Brent Spiner and must choose who to leave with.  Gina's date is Lauren's ex-boyfriend.  Alex's date is a lesbian.  Joey and Lauren kiss.
</Overview>
  <ProductionCode>275463</ProductionCode>
  <Rating>6.8</Rating>
  <RatingCount>5</RatingCount>
  <SeasonNumber>1</SeasonNumber>
  <Writer>Matt Hubbard</Writer>
  <absolute_number></absolute_number>
  <filename>episodes/72920/103306.jpg</filename>
  <lastupdated>1335898686</lastupdated>
  <seasonid>4997</seasonid>
  <seriesid>72920</seriesid>
</Episode>
<Episode>
  <id>103307</id>
  <Combined_episodenumber>15</Combined_episodenumber>
  <Combined_season>1</Combined_season>
  <DVD_chapter></DVD_chapter>
  <DVD_discid></DVD_discid>
  <DVD_episodenumber></DVD_episodenumber>
  <DVD_season></DVD_season>
  <Director>Andrew D. Weyman</Director>
  <EpImgFlag>2</EpImgFlag>
  <EpisodeName>Joey and the Assistant</EpisodeName>
  <EpisodeNumber>15</EpisodeNumber>
  <FirstAired>2005-01-20</FirstAired>
  <GuestStars>|Richard Ruccolo| Simon Helberg| Davis Mikaels| Paul Walia| Dwain A. Perry|</GuestStars>
  <IMDB_ID></IMDB_ID>
  <Language>en</Language>
  <Overview>Following Bobbie's advice to get an assistant, Joey winds up with Glen, who couldn't be better.  But when Glen starts dating Gina, his worlds colliding means problems for Joey.  Eventually, Gina and Joey create some guidelines so that Glen can continue working for both of them.  Meanwhile, Alex mediates Michael's dispute over a patent with his friend Seth.
</Overview>
  <ProductionCode>275464</ProductionCode>
  <Rating>6.4</Rating>
  <RatingCount>5</RatingCount>
  <SeasonNumber>1</SeasonNumber>
  <Writer>John Quaintance, Brian Kelley</Writer>
  <absolute_number></absolute_number>
  <filename>episodes/72920/103307.jpg</filename>
  <lastupdated>1335898697</lastupdated>
  <seasonid>4997</seasonid>
  <seriesid>72920</seriesid>
</Episode>
<Episode>
  <id>103308</id>
  <Combined_episodenumber>16</Combined_episodenumber>
  <Combined_season>1</Combined_season>
  <DVD_chapter></DVD_chapter>
  <DVD_discid></DVD_discid>
  <DVD_episodenumber></DVD_episodenumber>
  <DVD_season></DVD_season>
  <Director>Andrew D. Weyman</Director>
  <EpImgFlag>2</EpImgFlag>
  <EpisodeName>Joey and the Tonight Show</EpisodeName>
  <EpisodeNumber>16</EpisodeNumber>
  <FirstAired>2005-02-03</FirstAired>
  <GuestStars>|Jay Leno| Antonio Sabàto Jr.| Thomas Fowler| Wayne Lopez| Gerald Downey| Melanie Abramoff| Max Daniels| Harley Zumbrum|</GuestStars>
  <IMDB_ID></IMDB_ID>
  <Language>en</Language>
  <Overview>Bobbie has booked Joey on The Tonight Show with Jay Leno.  En route to the show, he's stuck in a major traffic jam.  After giving the finger to a guy who cut him off, Michael is terrified after they are stuck next to the guy's car.  Gina meets two guys, one in an El Camino and one in a Mercedes.  Alex saves the day when she shows up with a motorcycle that gets Joey onstage and hugging Jay Leno just in time.
</Overview>
  <ProductionCode>275465</ProductionCode>
  <Rating>6.6</Rating>
  <RatingCount>5</RatingCount>
  <SeasonNumber>1</SeasonNumber>
  <Writer>Doty Abrams</Writer>
  <absolute_number></absolute_number>
  <filename>episodes/72920/103308.jpg</filename>
  <lastupdated>1335898707</lastupdated>
  <seasonid>4997</seasonid>
  <seriesid>72920</seriesid>
</Episode>
<Episode>
  <id>103309</id>
  <Combined_episodenumber>17</Combined_episodenumber>
  <Combined_season>1</Combined_season>
  <DVD_chapter></DVD_chapter>
  <DVD_discid></DVD_discid>
  <DVD_episodenumber></DVD_episodenumber>
  <DVD_season></DVD_season>
  <Director>Andrew D. Weyman</Director>
  <EpImgFlag>2</EpImgFlag>
  <EpisodeName>Joey and the Valentine's Date</EpisodeName>
  <EpisodeNumber>17</EpisodeNumber>
  <FirstAired>2005-02-10</FirstAired>
  <GuestStars>|Dina Waters| Holly Joy| John Ciccolini| Amy Landers| Don Perry|</GuestStars>
  <IMDB_ID></IMDB_ID>
  <Language>en</Language>
  <Overview>Joey accidentally makes a date with a reporter from &quot;People&quot; for Valentine's Day.  He has the gang &quot;accidentally&quot; bump into him and his date at the restaurant to ruin the mood, but his plans backfire when she thinks he's taking their relationship to the next level.  A drunken Alex shares some sexual secrets with Gina.  After Joey sends Michael over to hit on a table of girls, Michael actually becomes &quot;one of the girls.&quot;
</Overview>
  <ProductionCode>275466</ProductionCode>
  <Rating>6.6</Rating>
  <RatingCount>5</RatingCount>
  <SeasonNumber>1</SeasonNumber>
  <Writer>Robert Carlock</Writer>
  <absolute_number></absolute_number>
  <filename>episodes/72920/103309.jpg</filename>
  <lastupdated>1335898719</lastupdated>
  <seasonid>4997</seasonid>
  <seriesid>72920</seriesid>
</Episode>
<Episode>
  <id>103310</id>
  <Combined_episodenumber>18</Combined_episodenumber>
  <Combined_season>1</Combined_season>
  <DVD_chapter></DVD_chapter>
  <DVD_discid></DVD_discid>
  <DVD_episodenumber></DVD_episodenumber>
  <DVD_season></DVD_season>
  <Director>Kevin S. Bright</Director>
  <EpImgFlag>2</EpImgFlag>
  <EpisodeName>Joey and the Wrong Name</EpisodeName>
  <EpisodeNumber>18</EpisodeNumber>
  <FirstAired>2005-02-17</FirstAired>
  <GuestStars>|Julia Duffy| Shanna Moakler| Patrick Kerr| Michael Trucco| Annie Wood| Richard Whiten| Rigo Alexander| Burnadean Jones|</GuestStars>
  <IMDB_ID></IMDB_ID>
  <Language>en</Language>
  <Overview>Joey is nominated for a Daytime Soap Award for his death scene on Days of Our Lives.  (For the record, he was stabbed.)  He is also presenting the award for Best Supporting Actress, and a problem arises when his inability to correctly pronounce one of the nominees' names leads to his saying the wrong name entirely.  Meanwhile, Gina struggles with the fact that she is dressed unlike herself for the event.
</Overview>
  <ProductionCode>275467</ProductionCode>
  <Rating>6.6</Rating>
  <RatingCount>5</RatingCount>
  <SeasonNumber>1</SeasonNumber>
  <Writer>Matt Hubbard</Writer>
  <absolute_number></absolute_number>
  <filename>episodes/72920/103310.jpg</filename>
  <lastupdated>1335898732</lastupdated>
  <seasonid>4997</seasonid>
  <seriesid>72920</seriesid>
</Episode>
<Episode>
  <id>103311</id>
  <Combined_episodenumber>19</Combined_episodenumber>
  <Combined_season>1</Combined_season>
  <DVD_chapter></DVD_chapter>
  <DVD_discid></DVD_discid>
  <DVD_episodenumber></DVD_episodenumber>
  <DVD_season></DVD_season>
  <Director>Gary Halvorson</Director>
  <EpImgFlag>2</EpImgFlag>
  <EpisodeName>Joey and the Fancy Sister</EpisodeName>
  <EpisodeNumber>19</EpisodeNumber>
  <FirstAired>2005-02-24</FirstAired>
  <GuestStars>|Christina Ricci| Richard Ruccolo| Rachel Blanchard| Rick Fitts|</GuestStars>
  <IMDB_ID></IMDB_ID>
  <Language>en</Language>
  <Overview>Joey and Gina's sister Mary Theresa is coming for a visit, and Gina can't stand her because she thinks the world revolves around her.  When Mary Theresa discovers that her engagement ring is fake, she decides to call off the wedding and stay in California, leaving Joey and Gina to try to find a way to get her to return to New York.  Meanwhile, Michael is oblivious of a girl's interest in him.
</Overview>
  <ProductionCode>2T5468</ProductionCode>
  <Rating>7.3</Rating>
  <RatingCount>4</RatingCount>
  <SeasonNumber>1</SeasonNumber>
  <Writer>Robert Carlock, Brian Buckner</Writer>
  <absolute_number></absolute_number>
  <filename>episodes/72920/103311.jpg</filename>
  <lastupdated>1335898745</lastupdated>
  <seasonid>4997</seasonid>
  <seriesid>72920</seriesid>
</Episode>
<Episode>
  <id>103312</id>
  <Combined_episodenumber>20</Combined_episodenumber>
  <Combined_season>1</Combined_season>
  <DVD_chapter></DVD_chapter>
  <DVD_discid></DVD_discid>
  <DVD_episodenumber></DVD_episodenumber>
  <DVD_season></DVD_season>
  <Director>Gary Halvorson</Director>
  <EpImgFlag>2</EpImgFlag>
  <EpisodeName>Joey and the Neighbor</EpisodeName>
  <EpisodeNumber>20</EpisodeNumber>
  <FirstAired>2005-03-24</FirstAired>
  <GuestStars>|Lisa Arturo| Randall Rapstine| Lizbeth Santos| Carolyn Neff| Rob Boltin|</GuestStars>
  <IMDB_ID></IMDB_ID>
  <Language>en</Language>
  <Overview>When he investigates the hot women coming out of the apartment across the courtyard, Joey discovers beautiful new neighbor Sara, a photographer.  She is surprisingly straightforward and asks Joey out.  After his date with Sara goes well, Joey forgets to cancel his backup and she shows up at the complex.  Sara lets Joey know that she'll be okay with him dating other women, but that she'll be seeing other men as well.  Meanwhile, Eric is home for the first time in two months, and he and Alex are not getting along.  They have a long talk and decide to separate.
</Overview>
  <ProductionCode>2T5469</ProductionCode>
  <Rating>6.5</Rating>
  <RatingCount>4</RatingCount>
  <SeasonNumber>1</SeasonNumber>
  <Writer>Vanessa McCarthy</Writer>
  <absolute_number></absolute_number>
  <filename>episodes/72920/103312.jpg</filename>
  <lastupdated>1335898758</lastupdated>
  <seasonid>4997</seasonid>
  <seriesid>72920</seriesid>
</Episode>
<Episode>
  <id>103313</id>
  <Combined_episodenumber>21</Combined_episodenumber>
  <Combined_season>1</Combined_season>
  <DVD_chapter></DVD_chapter>
  <DVD_discid></DVD_discid>
  <DVD_episodenumber></DVD_episodenumber>
  <DVD_season></DVD_season>
  <Director>Kevin S. Bright</Director>
  <EpImgFlag>2</EpImgFlag>
  <EpisodeName>Joey and the Spying</EpisodeName>
  <EpisodeNumber>21</EpisodeNumber>
  <FirstAired>2005-04-21</FirstAired>
  <GuestStars>|Richard Ruccolo| Jenna Gering| Rob Boltin|</GuestStars>
  <IMDB_ID></IMDB_ID>
  <Language>en</Language>
  <Overview>As Eric moves out of their apartment and into one across the courtyard, Alex plants herself up in Joey's room with a pair of binoculars as Eric invites another woman over.  After Alex goes to bed, Joey sees Eric kissing the other woman.  Meanwhile, Joey's got problems of his own: even though he and Sara are allowed to see other people, he's not because he's too crazy about Sara.  Trying to make her jealous, Joey discovers that she likes him as much as he likes her, and they decide not to see other people.
</Overview>
  <ProductionCode>2T5470</ProductionCode>
  <Rating>6.4</Rating>
  <RatingCount>5</RatingCount>
  <SeasonNumber>1</SeasonNumber>
  <Writer>Brian Buckner</Writer>
  <absolute_number></absolute_number>
  <filename>episodes/72920/103313.jpg</filename>
  <lastupdated>1335898770</lastupdated>
  <seasonid>4997</seasonid>
  <seriesid>72920</seriesid>
</Episode>
<Episode>
  <id>103314</id>
  <Combined_episodenumber>22</Combined_episodenumber>
  <Combined_season>1</Combined_season>
  <DVD_chapter></DVD_chapter>
  <DVD_discid></DVD_discid>
  <DVD_episodenumber></DVD_episodenumber>
  <DVD_season></DVD_season>
  <Director>Sheldon Epps</Director>
  <EpImgFlag>2</EpImgFlag>
  <EpisodeName>Joey and the Temptation</EpisodeName>
  <EpisodeNumber>22</EpisodeNumber>
  <FirstAired>2005-05-05</FirstAired>
  <GuestStars>|Carmen Electra| Brianna Lynn Brown|</GuestStars>
  <IMDB_ID></IMDB_ID>
  <Language>en</Language>
  <Overview>Just as Joey and Sara become exclusive, Joey has to do a love scene with Carmen Electra for Deep Powder.  Meanwhile, Alex struggles with the knowledge that Eric kissed another woman.
</Overview>
  <ProductionCode>2T5471</ProductionCode>
  <Rating>6.8</Rating>
  <RatingCount>5</RatingCount>
  <SeasonNumber>1</SeasonNumber>
  <Writer>Sherry Bilsing, Ellen Plummer</Writer>
  <absolute_number></absolute_number>
  <filename>episodes/72920/103314.jpg</filename>
  <lastupdated>1335898782</lastupdated>
  <seasonid>4997</seasonid>
  <seriesid>72920</seriesid>
</Episode>
<Episode>
  <id>103315</id>
  <Combined_episodenumber>23</Combined_episodenumber>
  <Combined_season>1</Combined_season>
  <DVD_chapter></DVD_chapter>
  <DVD_discid></DVD_discid>
  <DVD_episodenumber></DVD_episodenumber>
  <DVD_season></DVD_season>
  <Director>Andrew D. Weyman</Director>
  <EpImgFlag>2</EpImgFlag>
  <EpisodeName>Joey and the Breakup</EpisodeName>
  <EpisodeNumber>23</EpisodeNumber>
  <FirstAired>2005-05-12</FirstAired>
  <GuestStars>|Jenna Dewan| Paul Kent| Deborah Theaker|</GuestStars>
  <IMDB_ID></IMDB_ID>
  <Language>en</Language>
  <Overview>Joey asks Bobbie to help Sara find work.  Sara gets a job working for Newsweek in Washington DC.  Trying to get her to stay, Joey tells Sara he loves her and asks her to move in.  Meanwhile, Michael's new girlfriend, a 45-year-old woman, cheats on him with a 60-something professor.  Alex is struggling to keep herself together.
</Overview>
  <ProductionCode>2T5472</ProductionCode>
  <Rating>7.2</Rating>
  <RatingCount>5</RatingCount>
  <SeasonNumber>1</SeasonNumber>
  <Writer>Nicholas Darrow</Writer>
  <absolute_number></absolute_number>
  <filename>episodes/72920/103315.jpg</filename>
  <lastupdated>1335898793</lastupdated>
  <seasonid>4997</seasonid>
  <seriesid>72920</seriesid>
</Episode>
<Episode>
  <id>103316</id>
  <Combined_episodenumber>24</Combined_episodenumber>
  <Combined_season>1</Combined_season>
  <DVD_chapter></DVD_chapter>
  <DVD_discid></DVD_discid>
  <DVD_episodenumber></DVD_episodenumber>
  <DVD_season></DVD_season>
  <Director>Kevin S. Bright</Director>
  <EpImgFlag>2</EpImgFlag>
  <EpisodeName>Joey and the Moving In</EpisodeName>
  <EpisodeNumber>24</EpisodeNumber>
  <FirstAired>2005-05-12</FirstAired>
  <GuestStars>|Michelle Bonilla| Colby Donaldson| Nat Faxon| Gloria Garayua| Reggie Jordan| Matthew Mullany|</GuestStars>
  <IMDB_ID></IMDB_ID>
  <Language>en</Language>
  <Overview>After asking Sara to move in with him, Joey freaks out.  Sara freaks out too, and leaves without saying goodbye.  Joey is heartbroken.  On her first date in a long time, Alex accidentally offers sex to the guy, and Joey gets rid of him.  While doing shots in Joey's bedroom and commiserating about the sad state of their love lives, Alex and Joey kiss! Meanwhile, Bobbie sets herself up with Michael at a Star Wars preview.  When Gina confronts Bobbie about being attracted to Michael, Bobbie offers her a job.
</Overview>
  <ProductionCode>2T5473</ProductionCode>
  <Rating>7.0</Rating>
  <RatingCount>5</RatingCount>
  <SeasonNumber>1</SeasonNumber>
  <Writer>Shana Goldberg-Meehan, Scott Silveri</Writer>
  <absolute_number></absolute_number>
  <filename>episodes/72920/103316.jpg</filename>
  <lastupdated>1335898804</lastupdated>
  <seasonid>4997</seasonid>
  <seriesid>72920</seriesid>
</Episode>
<Episode>
  <id>299331</id>
  <Combined_episodenumber>1</Combined_episodenumber>
  <Combined_season>2</Combined_season>
  <DVD_chapter></DVD_chapter>
  <DVD_discid></DVD_discid>
  <DVD_episodenumber></DVD_episodenumber>
  <DVD_season></DVD_season>
  <Director>Kevin S. Bright</Director>
  <EpImgFlag></EpImgFlag>
  <EpisodeName>Joey and the Big Break (1)</EpisodeName>
  <EpisodeNumber>1</EpisodeNumber>
  <FirstAired>2005-09-22</FirstAired>
  <GuestStars>|Kevin Smith| Melanie Deanne Moore| Michelle Anne Johnson| Kristen Miller| Davis Mikaels| Loren Lester| Tommy Perna|</GuestStars>
  <IMDB_ID></IMDB_ID>
  <Language>en</Language>
  <Overview>Joey is on the set of &quot;Deep Powder&quot; but the fate of his character is still unknown. One extra, named Zach, tries to cheer him up in the hope Joey will help him (Zach) get a line to say. Zach will give Joey some tips about how to live as an actor in Hollywood. Jenna, a young actress-wannabe, moves in the building. She wants to meet Joey, the big star, but she first meets Michael who pretends to be Joey in order to land a date with her. Joey has an audition. 

</Overview>
  <ProductionCode>2T6451</ProductionCode>
  <Rating>6.5</Rating>
  <RatingCount>6</RatingCount>
  <SeasonNumber>2</SeasonNumber>
  <Writer>Scott Silveri</Writer>
  <absolute_number></absolute_number>
  <filename>episodes/72920/299331.jpg</filename>
  <lastupdated>1335898825</lastupdated>
  <seasonid>4998</seasonid>
  <seriesid>72920</seriesid>
</Episode>
<Episode>
  <id>299332</id>
  <Combined_episodenumber>2</Combined_episodenumber>
  <Combined_season>2</Combined_season>
  <DVD_chapter></DVD_chapter>
  <DVD_discid></DVD_discid>
  <DVD_episodenumber></DVD_episodenumber>
  <DVD_season></DVD_season>
  <Director>Kevin S. Bright</Director>
  <EpImgFlag></EpImgFlag>
  <EpisodeName>Joey and the Big Break (2)</EpisodeName>
  <EpisodeNumber>2</EpisodeNumber>
  <FirstAired>2005-09-22</FirstAired>
  <GuestStars>|Kristen Miller| Melanie Deanne Moore| Kevin Smith|</GuestStars>
  <IMDB_ID></IMDB_ID>
  <Language>en</Language>
  <Overview>Joey bursts back in an audition room asking producers for one more chance (he entered a different audition room than the one he was in before!). He is determined to have a second chance and doesn't let the producers talk so they explain that he is in the wrong room. Not knowing what to do, producers start an audition with Joey. This leads to a funny audition with Joey saying lines for an action movie, when the producers read lines said by kids.(second part to a one-hour season premiere)
</Overview>
  <ProductionCode>2T6452</ProductionCode>
  <Rating>7.0</Rating>
  <RatingCount>3</RatingCount>
  <SeasonNumber>2</SeasonNumber>
  <Writer>Robert Carlock</Writer>
  <absolute_number></absolute_number>
  <filename>episodes/72920/299332.jpg</filename>
  <lastupdated>1335898842</lastupdated>
  <seasonid>4998</seasonid>
  <seriesid>72920</seriesid>
</Episode>
<Episode>
  <id>299333</id>
  <Combined_episodenumber>3</Combined_episodenumber>
  <Combined_season>2</Combined_season>
  <DVD_chapter></DVD_chapter>
  <DVD_discid></DVD_discid>
  <DVD_episodenumber></DVD_episodenumber>
  <DVD_season></DVD_season>
  <Director>Kevin S. Bright</Director>
  <EpImgFlag></EpImgFlag>
  <EpisodeName>Joey and the Spanking</EpisodeName>
  <EpisodeNumber>3</EpisodeNumber>
  <FirstAired>2005-09-29</FirstAired>
  <GuestStars>|John Larroquette| Abigail Kintanar| David Sullivan| Brad Schmidt| Brian Gross| Andrew Caple-Shaw| Rachel Quaintance| Josh D. Green| Bobbe' J. Thompson| Carlos Gomez| Paula Cale|</GuestStars>
  <IMDB_ID></IMDB_ID>
  <Language>en</Language>
  <Overview>Joey faces an unruly child actor on his new movie. When push comes to shove, Joey takes matters into his own hands with interesting results. Meanwhile, Gina helps Alex get over her lagging love life.
</Overview>
  <ProductionCode>2T6454</ProductionCode>
  <Rating>6.7</Rating>
  <RatingCount>6</RatingCount>
  <SeasonNumber>2</SeasonNumber>
  <Writer>Michael Borkow</Writer>
  <absolute_number></absolute_number>
  <filename>episodes/72920/299333.jpg</filename>
  <lastupdated>1335898853</lastupdated>
  <seasonid>4998</seasonid>
  <seriesid>72920</seriesid>
</Episode>
<Episode>
  <id>299334</id>
  <Combined_episodenumber>4</Combined_episodenumber>
  <Combined_season>2</Combined_season>
  <DVD_chapter></DVD_chapter>
  <DVD_discid></DVD_discid>
  <DVD_episodenumber></DVD_episodenumber>
  <DVD_season></DVD_season>
  <Director>Kevin S. Bright</Director>
  <EpImgFlag></EpImgFlag>
  <EpisodeName>Joey and the Stuntman</EpisodeName>
  <EpisodeNumber>4</EpisodeNumber>
  <FirstAired>2005-10-06</FirstAired>
  <GuestStars>|Paula Cale| Dan Cortese| Boni Yanagisawa| Gary Kraus| Carlos Gomez| David Mattey|</GuestStars>
  <IMDB_ID></IMDB_ID>
  <Language>en</Language>
  <Overview>Joey is preparing to shoot a big fight scene on the set. The director offers to use a stuntman instead but Joey wants to do his own stunts. Eventually, Chuck, Joey's stuntman comes in. Abby, the script reviser, has a chat with Joey because he doesn't follow script at all. Michael visits the set and he and Abby hit it off. Zach works Craft and Services on the set. Meanwhile, Alex is confused about her true feelings for Joey.
</Overview>
  <ProductionCode>2T6453</ProductionCode>
  <Rating>6.8</Rating>
  <RatingCount>4</RatingCount>
  <SeasonNumber>2</SeasonNumber>
  <Writer>John Quaintance</Writer>
  <absolute_number></absolute_number>
  <filename>episodes/72920/299334.jpg</filename>
  <lastupdated>1335899131</lastupdated>
  <seasonid>4998</seasonid>
  <seriesid>72920</seriesid>
</Episode>
<Episode>
  <id>300554</id>
  <Combined_episodenumber>5</Combined_episodenumber>
  <Combined_season>2</Combined_season>
  <DVD_chapter></DVD_chapter>
  <DVD_discid></DVD_discid>
  <DVD_episodenumber></DVD_episodenumber>
  <DVD_season></DVD_season>
  <Director>Ben Weiss</Director>
  <EpImgFlag></EpImgFlag>
  <EpisodeName>Joey and the House</EpisodeName>
  <EpisodeNumber>5</EpisodeNumber>
  <FirstAired>2005-10-13</FirstAired>
  <GuestStars>|Cathy Shambley| Gina St. John| Tim Bagley| Betty White|</GuestStars>
  <IMDB_ID></IMDB_ID>
  <Language>en</Language>
  <Overview>Joey decides to buy a house now that he is bringing big bucks from the movie but can he convince the owner of the house that he should get it? Gina isn't very supportive of the idea. Alex helps Bobbie with a harassment case.
</Overview>
  <ProductionCode>2T6455</ProductionCode>
  <Rating>7.8</Rating>
  <RatingCount>6</RatingCount>
  <SeasonNumber>2</SeasonNumber>
  <Writer>Brett Baer, Dave Finkel</Writer>
  <absolute_number></absolute_number>
  <filename>episodes/72920/300554.jpg</filename>
  <lastupdated>1335899144</lastupdated>
  <seasonid>4998</seasonid>
  <seriesid>72920</seriesid>
</Episode>
<Episode>
  <id>299335</id>
  <Combined_episodenumber>6</Combined_episodenumber>
  <Combined_season>2</Combined_season>
  <DVD_chapter></DVD_chapter>
  <DVD_discid></DVD_discid>
  <DVD_episodenumber></DVD_episodenumber>
  <DVD_season></DVD_season>
  <Director>Peter Bonerz</Director>
  <EpImgFlag></EpImgFlag>
  <EpisodeName>Joey and the ESL</EpisodeName>
  <EpisodeNumber>6</EpisodeNumber>
  <FirstAired>2005-10-20</FirstAired>
  <GuestStars>|Joyce Giraud| Sharmila Devar| Mo Collins| Rachel Quaintance| John Larroquette| Carissa Koutantzis| Manny Hernandez| Tommy Perna| Alex Reznik| Caroline  Choi|</GuestStars>
  <IMDB_ID></IMDB_ID>
  <Language>en</Language>
  <Overview>Joey decides to enroll in an English as a second language class just to attract the attention of a beautiful woman. Elsewhere, Gina decides to help Bobbie try and find a new client.
</Overview>
  <ProductionCode>2T6456</ProductionCode>
  <Rating>7.0</Rating>
  <RatingCount>4</RatingCount>
  <SeasonNumber>2</SeasonNumber>
  <Writer>Vanessa McCarthy</Writer>
  <absolute_number></absolute_number>
  <filename>episodes/72920/299335.jpg</filename>
  <lastupdated>1343833847</lastupdated>
  <seasonid>4998</seasonid>
  <seriesid>72920</seriesid>
</Episode>
<Episode>
  <id>301174</id>
  <Combined_episodenumber>7</Combined_episodenumber>
  <Combined_season>2</Combined_season>
  <DVD_chapter></DVD_chapter>
  <DVD_discid></DVD_discid>
  <DVD_episodenumber></DVD_episodenumber>
  <DVD_season></DVD_season>
  <Director>Kevin S. Bright</Director>
  <EpImgFlag></EpImgFlag>
  <EpisodeName>Joey and the Poker</EpisodeName>
  <EpisodeNumber>7</EpisodeNumber>
  <FirstAired>2005-11-03</FirstAired>
  <GuestStars>|Eric Edelstein| Louie Anderson| Coolio| Dave Foley| Phil Gordon| Cindy Margolis| Alan Thicke| Paula Cale| George Thabet| Mario Quinonez Jr.| Kurt Doss| Valerie Azlynn|</GuestStars>
  <IMDB_ID></IMDB_ID>
  <Language>en</Language>
  <Overview>Alex teaches Texas hold 'em to Joe. The problem is that she makes up rules so he wins all the time. Thinking that he can play the game he accepts an invitation to play celebrity poker. Michael and Abby's relationship reaches new heights.
</Overview>
  <ProductionCode>2T6457</ProductionCode>
  <Rating>6.7</Rating>
  <RatingCount>3</RatingCount>
  <SeasonNumber>2</SeasonNumber>
  <Writer>Matt Hubbard</Writer>
  <absolute_number></absolute_number>
  <filename>episodes/72920/301174.jpg</filename>
  <lastupdated>1343833877</lastupdated>
  <seasonid>4998</seasonid>
  <seriesid>72920</seriesid>
</Episode>
<Episode>
  <id>301175</id>
  <Combined_episodenumber>8</Combined_episodenumber>
  <Combined_season>2</Combined_season>
  <DVD_chapter></DVD_chapter>
  <DVD_discid></DVD_discid>
  <DVD_episodenumber></DVD_episodenumber>
  <DVD_season></DVD_season>
  <Director>Kevin S. Bright</Director>
  <EpImgFlag></EpImgFlag>
  <EpisodeName>Joey and the Sex Tape</EpisodeName>
  <EpisodeNumber>8</EpisodeNumber>
  <FirstAired>2005-11-10</FirstAired>
  <GuestStars>|Ellen DeGeneres| Lisa Lo Cicero| Lou George| Matthew Mullany|</GuestStars>
  <IMDB_ID></IMDB_ID>
  <Language>en</Language>
  <Overview>An old girlfriend of Joey's threatens to release an embarrassing tape. To prevent this from happening he must apologize to her on &quot;The Ellen DeGeneres Show.&quot; Bobbie celebrates her 40th birthday.
</Overview>
  <ProductionCode>2T6458</ProductionCode>
  <Rating>7.3</Rating>
  <RatingCount>6</RatingCount>
  <SeasonNumber>2</SeasonNumber>
  <Writer>Linda Videtti Figueiredo</Writer>
  <absolute_number></absolute_number>
  <filename>episodes/72920/301175.jpg</filename>
  <lastupdated>1343833907</lastupdated>
  <seasonid>4998</seasonid>
  <seriesid>72920</seriesid>
</Episode>
<Episode>
  <id>301204</id>
  <Combined_episodenumber>9</Combined_episodenumber>
  <Combined_season>2</Combined_season>
  <DVD_chapter></DVD_chapter>
  <DVD_discid></DVD_discid>
  <DVD_episodenumber></DVD_episodenumber>
  <DVD_season></DVD_season>
  <Director>Gary Halvorson</Director>
  <EpImgFlag></EpImgFlag>
  <EpisodeName>Joey and the Musical</EpisodeName>
  <EpisodeNumber>9</EpisodeNumber>
  <FirstAired>2005-11-17</FirstAired>
  <GuestStars>|Valerie Azlynn|</GuestStars>
  <IMDB_ID></IMDB_ID>
  <Language>en</Language>
  <Overview>Gloria, Candance's grandmother, is starring in a musical at the Senior Citizen Home she's in. When the director of the musical quits, Joey offers to direct it. Zach helps Joey out in this venture. Bobbie's mother, who's living in that citizen home, wants a part in the musical.
</Overview>
  <ProductionCode>2T6460</ProductionCode>
  <Rating>6.8</Rating>
  <RatingCount>4</RatingCount>
  <SeasonNumber>2</SeasonNumber>
  <Writer>Vanessa McCarthy</Writer>
  <absolute_number></absolute_number>
  <filename>episodes/72920/301204.jpg</filename>
  <lastupdated>1343833967</lastupdated>
  <seasonid>4998</seasonid>
  <seriesid>72920</seriesid>
</Episode>
<Episode>
  <id>301996</id>
  <Combined_episodenumber>10</Combined_episodenumber>
  <Combined_season>2</Combined_season>
  <DVD_chapter></DVD_chapter>
  <DVD_discid></DVD_discid>
  <DVD_episodenumber></DVD_episodenumber>
  <DVD_season></DVD_season>
  <Director>Kevin S. Bright</Director>
  <EpImgFlag></EpImgFlag>
  <EpisodeName>Joey and the Bachelor Thanksgiving</EpisodeName>
  <EpisodeNumber>10</EpisodeNumber>
  <FirstAired>2005-11-24</FirstAired>
  <GuestStars>|John Bliss| Molly Bryant| Connor Chavarria| Branscombe Richmond| Gwen Van Dam| George Hamilton| Gregory Harrison|</GuestStars>
  <IMDB_ID></IMDB_ID>
  <Language>en</Language>
  <Overview>Gina is planning a family Thanksgiving. Joey and Zach discover some ancient Native American artifacts on Joey's property and mistakenly give them away.
</Overview>
  <ProductionCode>2T6459</ProductionCode>
  <Rating>6.8</Rating>
  <RatingCount>5</RatingCount>
  <SeasonNumber>2</SeasonNumber>
  <Writer>John Quaintance</Writer>
  <absolute_number></absolute_number>
  <filename>episodes/72920/301996.jpg</filename>
  <lastupdated>1343834050</lastupdated>
  <seasonid>4998</seasonid>
  <seriesid>72920</seriesid>
</Episode>
<Episode>
  <id>301997</id>
  <Combined_episodenumber>11</Combined_episodenumber>
  <Combined_season>2</Combined_season>
  <DVD_chapter></DVD_chapter>
  <DVD_discid></DVD_discid>
  <DVD_episodenumber></DVD_episodenumber>
  <DVD_season></DVD_season>
  <Director>Sheldon Epps</Director>
  <EpImgFlag></EpImgFlag>
  <EpisodeName>Joey and the High School Friend</EpisodeName>
  <EpisodeNumber>11</EpisodeNumber>
  <FirstAired>2005-12-08</FirstAired>
  <GuestStars>|Bryan  Hersh| Rachel Quaintance| Lombardo Boyer| Lance Barber|</GuestStars>
  <IMDB_ID></IMDB_ID>
  <Language>en</Language>
  <Overview>Joey's best friend from high school is visiting. Gina has a big surprise for Michael.
</Overview>
  <ProductionCode>2T6461</ProductionCode>
  <Rating>7.0</Rating>
  <RatingCount>5</RatingCount>
  <SeasonNumber>2</SeasonNumber>
  <Writer>Michael Borkow</Writer>
  <absolute_number></absolute_number>
  <filename>episodes/72920/301997.jpg</filename>
  <lastupdated>1343834503</lastupdated>
  <seasonid>4998</seasonid>
  <seriesid>72920</seriesid>
</Episode>
<Episode>
  <id>301998</id>
  <Combined_episodenumber>12</Combined_episodenumber>
  <Combined_season>2</Combined_season>
  <DVD_chapter></DVD_chapter>
  <DVD_discid></DVD_discid>
  <DVD_episodenumber></DVD_episodenumber>
  <DVD_season></DVD_season>
  <Director>Gary Halvorson</Director>
  <EpImgFlag></EpImgFlag>
  <EpisodeName>Joey and the Tijuana Trip</EpisodeName>
  <EpisodeNumber>12</EpisodeNumber>
  <FirstAired>2005-12-15</FirstAired>
  <GuestStars>|Gregory Harrison| Arloa Reston| Dylan Bruce| Brandon Stacy| Archie L. Harris Jr.|</GuestStars>
  <IMDB_ID></IMDB_ID>
  <Language>en</Language>
  <Overview>After Michael and Abby break up, Joey takes him to Tijuana to help him get over it. Alex and Gina want to have some fun and go to a night club.
</Overview>
  <ProductionCode>2T6462</ProductionCode>
  <Rating>6.8</Rating>
  <RatingCount>5</RatingCount>
  <SeasonNumber>2</SeasonNumber>
  <Writer>Robert Carlock</Writer>
  <absolute_number></absolute_number>
  <filename>episodes/72920/301998.jpg</filename>
  <lastupdated>1343834639</lastupdated>
  <seasonid>4998</seasonid>
  <seriesid>72920</seriesid>
</Episode>
<Episode>
  <id>301999</id>
  <Combined_episodenumber>13</Combined_episodenumber>
  <Combined_season>2</Combined_season>
  <DVD_chapter></DVD_chapter>
  <DVD_discid></DVD_discid>
  <DVD_episodenumber></DVD_episodenumber>
  <DVD_season></DVD_season>
  <Director>Gary Halvorson</Director>
  <EpImgFlag></EpImgFlag>
  <EpisodeName>Joey and the Christmas Party</EpisodeName>
  <EpisodeNumber>13</EpisodeNumber>
  <FirstAired>2005-12-15</FirstAired>
  <GuestStars>|Brande Roderick| Chris Kerner| John Michael Higgins| Mieko Hillman| Sarah Edwards| Joaquin Garrido| Shaughn Buchholz| Kevin Farley|</GuestStars>
  <IMDB_ID></IMDB_ID>
  <Language>en</Language>
  <Overview>Joey is having a holiday party at his old apartment. Bobbie is there with her boyfriend.
</Overview>
  <ProductionCode>2T6463</ProductionCode>
  <Rating>6.7</Rating>
  <RatingCount>3</RatingCount>
  <SeasonNumber>2</SeasonNumber>
  <Writer>Matt Hubbard, Linda Videtti Figueiredo</Writer>
  <absolute_number></absolute_number>
  <filename>episodes/72920/301999.jpg</filename>
  <lastupdated>1343834828</lastupdated>
  <seasonid>4998</seasonid>
  <seriesid>72920</seriesid>
</Episode>
<Episode>
  <id>305981</id>
  <Combined_episodenumber>14</Combined_episodenumber>
  <Combined_season>2</Combined_season>
  <DVD_chapter></DVD_chapter>
  <DVD_discid></DVD_discid>
  <DVD_episodenumber></DVD_episodenumber>
  <DVD_season></DVD_season>
  <Director>Gary Halvorson</Director>
  <EpImgFlag></EpImgFlag>
  <EpisodeName>Joey and the Snowball Fight</EpisodeName>
  <EpisodeNumber>14</EpisodeNumber>
  <FirstAired>2006-03-07</FirstAired>
  <GuestStars>|Jennifer Ann Burton| Suzanne Sole| Devin Brochu| Gregory Harrison|</GuestStars>
  <IMDB_ID></IMDB_ID>
  <Language>en</Language>
  <Overview>Joey is starting to act weird around Alex, because she is still going out with Dean. His action figure also arrives, it has a few flaws though. Gina thinks that she's pregnant.
</Overview>
  <ProductionCode>2T6464</ProductionCode>
  <Rating>6.8</Rating>
  <RatingCount>5</RatingCount>
  <SeasonNumber>2</SeasonNumber>
  <Writer>Tracy Reilly, Matt Hubbard</Writer>
  <absolute_number></absolute_number>
  <filename>episodes/72920/305981.jpg</filename>
  <lastupdated>1343835026</lastupdated>
  <seasonid>4998</seasonid>
  <seriesid>72920</seriesid>
</Episode>
<Episode>
  <id>305982</id>
  <Combined_episodenumber>15</Combined_episodenumber>
  <Combined_season>2</Combined_season>
  <DVD_chapter></DVD_chapter>
  <DVD_discid></DVD_discid>
  <DVD_episodenumber></DVD_episodenumber>
  <DVD_season></DVD_season>
  <Director>Kevin S. Bright</Director>
  <EpImgFlag></EpImgFlag>
  <EpisodeName>Joey and the Dad</EpisodeName>
  <EpisodeNumber>15</EpisodeNumber>
  <FirstAired>2006-04-07</FirstAired>
  <GuestStars>|Matthew Mullany| Carmen Electra| Robert Costanzo|</GuestStars>
  <IMDB_ID></IMDB_ID>
  <Language>en</Language>
  <Overview>Joe's dad comes to town for Joey's movie premiere. His sly remarks of disrespect for Joey's line of work are lost on his son. At least until Alex points them out to him. Elsewhere Joey runs into Carmen Electra while admiring his movies billboard. The two hit it off, until Joey finds out that the billboard for her new perfume (right next to his) is getting a lot more attention than his own.
</Overview>
  <ProductionCode>2T6465</ProductionCode>
  <Rating>7.0</Rating>
  <RatingCount>3</RatingCount>
  <SeasonNumber>2</SeasonNumber>
  <Writer>Robert Carlock, John Quaintance</Writer>
  <absolute_number></absolute_number>
  <filename>episodes/72920/305982.jpg</filename>
  <lastupdated>1343835410</lastupdated>
  <seasonid>4998</seasonid>
  <seriesid>72920</seriesid>
</Episode>
<Episode>
  <id>305983</id>
  <Combined_episodenumber>16</Combined_episodenumber>
  <Combined_season>2</Combined_season>
  <DVD_chapter></DVD_chapter>
  <DVD_discid></DVD_discid>
  <DVD_episodenumber></DVD_episodenumber>
  <DVD_season></DVD_season>
  <Director>Gil Cates Jr.</Director>
  <EpImgFlag></EpImgFlag>
  <EpisodeName>Joey and the Party for Alex</EpisodeName>
  <EpisodeNumber>16</EpisodeNumber>
  <FirstAired>2006-05-09</FirstAired>
  <GuestStars>|Sabin Rich| Bobby Baker| Grady Chapman| Bobby Johnson| Melanie Deanne Moore| Gregory Harrison|</GuestStars>
  <IMDB_ID></IMDB_ID>
  <Language>en</Language>
  <Overview>Joey's feelings for Alex are driving him crazy. Dean throws Alex a birthday party and is going to propose to her. Gina and Jimmy are getting tattoos to show their love for each other.
</Overview>
  <ProductionCode>2T6466</ProductionCode>
  <Rating>7.0</Rating>
  <RatingCount>4</RatingCount>
  <SeasonNumber>2</SeasonNumber>
  <Writer>Vanessa McCarthy</Writer>
  <absolute_number></absolute_number>
  <filename>episodes/72920/305983.jpg</filename>
  <lastupdated>1344781806</lastupdated>
  <seasonid>4998</seasonid>
  <seriesid>72920</seriesid>
</Episode>
<Episode>
  <id>305984</id>
  <Combined_episodenumber>17</Combined_episodenumber>
  <Combined_season>2</Combined_season>
  <DVD_chapter></DVD_chapter>
  <DVD_discid></DVD_discid>
  <DVD_episodenumber></DVD_episodenumber>
  <DVD_season></DVD_season>
  <Director>Gary Halvorson</Director>
  <EpImgFlag></EpImgFlag>
  <EpisodeName>Joey and the Big Move</EpisodeName>
  <EpisodeNumber>17</EpisodeNumber>
  <FirstAired>2006-05-23</FirstAired>
  <GuestStars>|Aalok Mehta| Simon Helberg| Paul Webster| Daniel Spanton| Masi Oka|</GuestStars>
  <IMDB_ID></IMDB_ID>
  <Language>en</Language>
  <Overview>While Joey is moving out to his new house, he finds out that his house is on fire and the whole house burns out. Meanwhile Jimmy finally learns that Michael is his son and he tries to start a relationship with him, father to son.


</Overview>
  <ProductionCode>2T6467</ProductionCode>
  <Rating>6.8</Rating>
  <RatingCount>4</RatingCount>
  <SeasonNumber>2</SeasonNumber>
  <Writer>Jean Yu</Writer>
  <absolute_number></absolute_number>
  <filename>episodes/72920/305984.jpg</filename>
  <lastupdated>1343835658</lastupdated>
  <seasonid>4998</seasonid>
  <seriesid>72920</seriesid>
</Episode>
<Episode>
  <id>305985</id>
  <Combined_episodenumber>18</Combined_episodenumber>
  <Combined_season>2</Combined_season>
  <DVD_chapter></DVD_chapter>
  <DVD_discid></DVD_discid>
  <DVD_episodenumber></DVD_episodenumber>
  <DVD_season></DVD_season>
  <Director>Peter Bonerz</Director>
  <EpImgFlag></EpImgFlag>
  <EpisodeName>Joey and the Beard</EpisodeName>
  <EpisodeNumber>18</EpisodeNumber>
  <FirstAired>2006-07-01</FirstAired>
  <GuestStars>|Kristin Richardson|</GuestStars>
  <IMDB_ID></IMDB_ID>
  <Language>en</Language>
  <Overview>Bobbie sets up a date for Joey with Edie, a famous actress. What he doesn't know in the beginning is that she only needs him as a &quot;beard&quot;.
</Overview>
  <ProductionCode>2T6468</ProductionCode>
  <Rating>7.0</Rating>
  <RatingCount>5</RatingCount>
  <SeasonNumber>2</SeasonNumber>
  <Writer>Dan Holden, Linda Videtti Figueiredo</Writer>
  <absolute_number></absolute_number>
  <filename>episodes/72920/305985.jpg</filename>
  <lastupdated>1343836229</lastupdated>
  <seasonid>4998</seasonid>
  <seriesid>72920</seriesid>
</Episode>
<Episode>
  <id>305986</id>
  <Combined_episodenumber>19</Combined_episodenumber>
  <Combined_season>2</Combined_season>
  <DVD_chapter></DVD_chapter>
  <DVD_discid></DVD_discid>
  <DVD_episodenumber></DVD_episodenumber>
  <DVD_season></DVD_season>
  <Director>Ben Weiss</Director>
  <EpImgFlag></EpImgFlag>
  <EpisodeName>Joey and the Critic</EpisodeName>
  <EpisodeNumber>19</EpisodeNumber>
  <FirstAired>2006-07-08</FirstAired>
  <GuestStars>|Sidney Ybarra| Jennifer Hawtrey| Andy Milder| Alex Ball| Adam Goldberg| Alyson Stoner|</GuestStars>
  <IMDB_ID></IMDB_ID>
  <Language>en</Language>
  <Overview>Joey discovers a Critic on the internet and goes to visit her, only to discover that it is an 11 year old.
</Overview>
  <ProductionCode>2T6469</ProductionCode>
  <Rating>6.8</Rating>
  <RatingCount>5</RatingCount>
  <SeasonNumber>2</SeasonNumber>
  <Writer>Michael Borkow</Writer>
  <absolute_number></absolute_number>
  <filename>episodes/72920/305986.jpg</filename>
  <lastupdated>1343836283</lastupdated>
  <seasonid>4998</seasonid>
  <seriesid>72920</seriesid>
</Episode>
<Episode>
  <id>305987</id>
  <Combined_episodenumber>20</Combined_episodenumber>
  <Combined_season>2</Combined_season>
  <DVD_chapter></DVD_chapter>
  <DVD_discid></DVD_discid>
  <DVD_episodenumber></DVD_episodenumber>
  <DVD_season></DVD_season>
  <Director>Kevin S. Bright</Director>
  <EpImgFlag></EpImgFlag>
  <EpisodeName>Joey and the Actor's Studio</EpisodeName>
  <EpisodeNumber>20</EpisodeNumber>
  <FirstAired>2006-07-15</FirstAired>
  <GuestStars>|James Lipton| John Antonini| Megan Linder| Joey  Honsa| Stephanie Weir| Adam Goldberg|</GuestStars>
  <IMDB_ID></IMDB_ID>
  <Language>en</Language>
  <Overview>Joey wants to go out with Alex but she's not sure if she wants to go out with him.
</Overview>
  <ProductionCode>2T6470</ProductionCode>
  <Rating>7.0</Rating>
  <RatingCount>5</RatingCount>
  <SeasonNumber>2</SeasonNumber>
  <Writer>John Quaintance</Writer>
  <absolute_number></absolute_number>
  <filename>episodes/72920/305987.jpg</filename>
  <lastupdated>1343836461</lastupdated>
  <seasonid>4998</seasonid>
  <seriesid>72920</seriesid>
</Episode>
<Episode>
  <id>305988</id>
  <Combined_episodenumber>21</Combined_episodenumber>
  <Combined_season>2</Combined_season>
  <DVD_chapter></DVD_chapter>
  <DVD_discid></DVD_discid>
  <DVD_episodenumber></DVD_episodenumber>
  <DVD_season></DVD_season>
  <Director>Peter Bonerz</Director>
  <EpImgFlag></EpImgFlag>
  <EpisodeName>Joey and the Holding Hands</EpisodeName>
  <EpisodeNumber>21</EpisodeNumber>
  <FirstAired>2006-06-17</FirstAired>
  <GuestStars>|Catherine McCord| Julia Sweeney| Neil Flynn| Tisha Terrasini Banker| Adam Goldberg|</GuestStars>
  <IMDB_ID></IMDB_ID>
  <Language>en</Language>
  <Overview>Joey wants to take his relationship with Alex to the next level, but Alex only wants sex. Gina finds out that Jimmy is married to a woman that is in prison, and Michael meets a man on internet and Michael thinks that he is a woman.
</Overview>
  <ProductionCode>2T6471</ProductionCode>
  <Rating>6.8</Rating>
  <RatingCount>6</RatingCount>
  <SeasonNumber>2</SeasonNumber>
  <Writer>Vanessa McCarthy, Robert Carlock</Writer>
  <absolute_number></absolute_number>
  <filename>episodes/72920/305988.jpg</filename>
  <lastupdated>1343836571</lastupdated>
  <seasonid>4998</seasonid>
  <seriesid>72920</seriesid>
</Episode>
<Episode>
  <id>320428</id>
  <Combined_episodenumber>22</Combined_episodenumber>
  <Combined_season>2</Combined_season>
  <DVD_chapter></DVD_chapter>
  <DVD_discid></DVD_discid>
  <DVD_episodenumber></DVD_episodenumber>
  <DVD_season></DVD_season>
  <Director>Kevin S. Bright</Director>
  <EpImgFlag></EpImgFlag>
  <EpisodeName>Joey and the Wedding</EpisodeName>
  <EpisodeNumber>22</EpisodeNumber>
  <FirstAired>2006-07-29</FirstAired>
  <GuestStars>|Jim Bentley| Alex Ball| Nancy Daly| Aalok Mehta| Simon Helberg| Neil Flynn|</GuestStars>
  <IMDB_ID></IMDB_ID>
  <Language>en</Language>
  <Overview>Jimmy and Gina get married.
</Overview>
  <ProductionCode>2T6472</ProductionCode>
  <Rating>6.8</Rating>
  <RatingCount>4</RatingCount>
  <SeasonNumber>2</SeasonNumber>
  <Writer>Alison Flierl, John Quaintance</Writer>
  <absolute_number></absolute_number>
  <filename>episodes/72920/320428.jpg</filename>
  <lastupdated>1343836581</lastupdated>
  <seasonid>4998</seasonid>
  <seriesid>72920</seriesid>
</Episode>
</Data>