<?xml version="1.0" encoding="UTF-8" ?>
<Banners>
<Banner>
  <id>890764</id>
  <BannerPath>fanart/original/254561-1.jpg</BannerPath>
  <BannerType>fanart</BannerType>
  <BannerType2>1280x720</BannerType2>
  <Colors>|127,121,109|17,16,12|228,218,193|</Colors>
  <Language>en</Language>
  <Rating>8.0000</Rating>
  <RatingCount>1</RatingCount>
  <SeriesName>false</SeriesName>
  <ThumbnailPath>_cache/fanart/original/254561-1.jpg</ThumbnailPath>
  <VignettePath>fanart/vignette/254561-1.jpg</VignettePath>
</Banner>
<Banner>
  <id>891966</id>
  <BannerPath>fanart/original/254561-5.jpg</BannerPath>
  <BannerType>fanart</BannerType>
  <BannerType2>1920x1080</BannerType2>
  <Colors></Colors>
  <Language>en</Language>
  <Rating></Rating>
  <RatingCount>0</RatingCount>
  <SeriesName>false</SeriesName>
  <ThumbnailPath>_cache/fanart/original/254561-5.jpg</ThumbnailPath>
  <VignettePath>fanart/vignette/254561-5.jpg</VignettePath>
</Banner>
<Banner>
  <id>891965</id>
  <BannerPath>fanart/original/254561-4.jpg</BannerPath>
  <BannerType>fanart</BannerType>
  <BannerType2>1920x1080</BannerType2>
  <Colors></Colors>
  <Language>en</Language>
  <Rating></Rating>
  <RatingCount>0</RatingCount>
  <SeriesName>true</SeriesName>
  <ThumbnailPath>_cache/fanart/original/254561-4.jpg</ThumbnailPath>
  <VignettePath>fanart/vignette/254561-4.jpg</VignettePath>
</Banner>
<Banner>
  <id>891964</id>
  <BannerPath>fanart/original/254561-3.jpg</BannerPath>
  <BannerType>fanart</BannerType>
  <BannerType2>1920x1080</BannerType2>
  <Colors></Colors>
  <Language>en</Language>
  <Rating></Rating>
  <RatingCount>0</RatingCount>
  <SeriesName>false</SeriesName>
  <ThumbnailPath>_cache/fanart/original/254561-3.jpg</ThumbnailPath>
  <VignettePath>fanart/vignette/254561-3.jpg</VignettePath>
</Banner>
<Banner>
  <id>891963</id>
  <BannerPath>fanart/original/254561-2.jpg</BannerPath>
  <BannerType>fanart</BannerType>
  <BannerType2>1920x1080</BannerType2>
  <Colors></Colors>
  <Language>en</Language>
  <Rating></Rating>
  <RatingCount>0</RatingCount>
  <SeriesName>true</SeriesName>
  <ThumbnailPath>_cache/fanart/original/254561-2.jpg</ThumbnailPath>
  <VignettePath>fanart/vignette/254561-2.jpg</VignettePath>
</Banner>
<Banner>
  <id>897236</id>
  <BannerPath>posters/254561-2.jpg</BannerPath>
  <BannerType>poster</BannerType>
  <BannerType2>680x1000</BannerType2>
  <Language>en</Language>
  <Rating>10.0000</Rating>
  <RatingCount>1</RatingCount>
</Banner>
<Banner>
  <id>888975</id>
  <BannerPath>posters/254561-1.jpg</BannerPath>
  <BannerType>poster</BannerType>
  <BannerType2>680x1000</BannerType2>
  <Language>en</Language>
  <Rating>6.0000</Rating>
  <RatingCount>2</RatingCount>
</Banner>
<Banner>
  <id>901278</id>
  <BannerPath>seasons/254561-1.jpg</BannerPath>
  <BannerType>season</BannerType>
  <BannerType2>season</BannerType2>
  <Language>en</Language>
  <Rating></Rating>
  <RatingCount>0</RatingCount>
  <Season>1</Season>
</Banner>
<Banner>
  <id>892369</id>
  <BannerPath>text/254561.jpg</BannerPath>
  <BannerType>series</BannerType>
  <BannerType2>text</BannerType2>
  <Language>en</Language>
  <Rating>7.0000</Rating>
  <RatingCount>1</RatingCount>
</Banner>
<Banner>
  <id>893156</id>
  <BannerPath>graphical/254561-g.jpg</BannerPath>
  <BannerType>series</BannerType>
  <BannerType2>graphical</BannerType2>
  <Language>en</Language>
  <Rating></Rating>
  <RatingCount>0</RatingCount>
</Banner>
</Banners>