<?xml version="1.0" encoding="UTF-8" ?>
<Data><Series>
  <id>254561</id>
  <Actors>|David Hornsby|Justin Long|Kristen Bell|</Actors>
  <Airs_DayOfWeek>Thursday</Airs_DayOfWeek>
  <Airs_Time>10:30 PM</Airs_Time>
  <ContentRating>TV-MA</ContentRating>
  <FirstAired>2012-01-19</FirstAired>
  <Genre>|Animation|Comedy|</Genre>
  <IMDB_ID>tt2122954</IMDB_ID>
  <Language>en</Language>
  <Network>FX</Network>
  <NetworkID></NetworkID>
  <Overview>&quot;Unsupervised&quot; is a comedy about optimistic best friends Gary and Joel navigating the harsh landscape of teenage life and trying to do what's right without any parental guidance whatsoever.
It features an outstanding voice cast including Rob Rosell, David Hornsby, Justin Long, Kristen Bell, Romany Malco, Fred Armisen, Kaitlin Olson and Alexa Vega.</Overview>
  <Rating>8.8</Rating>
  <RatingCount>4</RatingCount>
  <Runtime>30</Runtime>
  <SeriesID>unsupervised</SeriesID>
  <SeriesName>Unsupervised</SeriesName>
  <Status>Continuing</Status>
  <added>2011-12-24 02:56:42</added>
  <addedBy>79791</addedBy>
  <banner>text/254561.jpg</banner>
  <fanart>fanart/original/254561-1.jpg</fanart>
  <lastupdated>1358536484</lastupdated>
  <poster>posters/254561-2.jpg</poster>
  <zap2it_id></zap2it_id>
</Series>
<Episode>
  <id>4234261</id>
  <Combined_episodenumber>1</Combined_episodenumber>
  <Combined_season>1</Combined_season>
  <DVD_chapter></DVD_chapter>
  <DVD_discid></DVD_discid>
  <DVD_episodenumber></DVD_episodenumber>
  <DVD_season></DVD_season>
  <Director></Director>
  <EpImgFlag>2</EpImgFlag>
  <EpisodeName>Pilot</EpisodeName>
  <EpisodeNumber>1</EpisodeNumber>
  <FirstAired>2012-01-19</FirstAired>
  <GuestStars></GuestStars>
  <IMDB_ID></IMDB_ID>
  <Language>en</Language>
  <Overview>Gary and Joel realize they're looked at as kids, so they try to change their image to hook up with girls.</Overview>
  <ProductionCode></ProductionCode>
  <Rating>7.3</Rating>
  <RatingCount>3</RatingCount>
  <SeasonNumber>1</SeasonNumber>
  <Writer></Writer>
  <absolute_number></absolute_number>
  <filename>episodes/254561/4234261.jpg</filename>
  <lastupdated>1327951174</lastupdated>
  <seasonid>481884</seasonid>
  <seriesid>254561</seriesid>
</Episode>
<Episode>
  <id>4234262</id>
  <Combined_episodenumber>2</Combined_episodenumber>
  <Combined_season>1</Combined_season>
  <DVD_chapter></DVD_chapter>
  <DVD_discid></DVD_discid>
  <DVD_episodenumber></DVD_episodenumber>
  <DVD_season></DVD_season>
  <Director></Director>
  <EpImgFlag>2</EpImgFlag>
  <EpisodeName>Rich Girl</EpisodeName>
  <EpisodeNumber>2</EpisodeNumber>
  <FirstAired>2012-01-26</FirstAired>
  <GuestStars></GuestStars>
  <IMDB_ID></IMDB_ID>
  <Language>en</Language>
  <Overview>Gary and Joel realize that they're poor, so they try to set up Gary's stepmother with a rich guy who's the father of a new student at their school.</Overview>
  <ProductionCode></ProductionCode>
  <Rating>7.0</Rating>
  <RatingCount>4</RatingCount>
  <SeasonNumber>1</SeasonNumber>
  <Writer></Writer>
  <absolute_number></absolute_number>
  <filename>episodes/254561/4234262.jpg</filename>
  <lastupdated>1327954526</lastupdated>
  <seasonid>481884</seasonid>
  <seriesid>254561</seriesid>
</Episode>
<Episode>
  <id>4245917</id>
  <Combined_episodenumber>3</Combined_episodenumber>
  <Combined_season>1</Combined_season>
  <DVD_chapter></DVD_chapter>
  <DVD_discid></DVD_discid>
  <DVD_episodenumber></DVD_episodenumber>
  <DVD_season></DVD_season>
  <Director></Director>
  <EpImgFlag>2</EpImgFlag>
  <EpisodeName>Field of Dreams ... and Dogs</EpisodeName>
  <EpisodeNumber>3</EpisodeNumber>
  <FirstAired>2012-02-02</FirstAired>
  <GuestStars></GuestStars>
  <IMDB_ID></IMDB_ID>
  <Language>en</Language>
  <Overview>In an attempt to surround themselves with good influences, Gary and Joel decide to manage the high school baseball team.</Overview>
  <ProductionCode></ProductionCode>
  <Rating>7.7</Rating>
  <RatingCount>3</RatingCount>
  <SeasonNumber>1</SeasonNumber>
  <Writer></Writer>
  <absolute_number></absolute_number>
  <filename>episodes/254561/4245917.jpg</filename>
  <lastupdated>1328723541</lastupdated>
  <seasonid>481884</seasonid>
  <seriesid>254561</seriesid>
</Episode>
<Episode>
  <id>4254003</id>
  <Combined_episodenumber>4</Combined_episodenumber>
  <Combined_season>1</Combined_season>
  <DVD_chapter></DVD_chapter>
  <DVD_discid></DVD_discid>
  <DVD_episodenumber></DVD_episodenumber>
  <DVD_season></DVD_season>
  <Director></Director>
  <EpImgFlag>2</EpImgFlag>
  <EpisodeName>Fires &amp; Liars</EpisodeName>
  <EpisodeNumber>4</EpisodeNumber>
  <FirstAired>2012-02-09</FirstAired>
  <GuestStars></GuestStars>
  <IMDB_ID></IMDB_ID>
  <Language>en</Language>
  <Overview>Gary and Joel “defend” the local fire department by becoming arsonists.</Overview>
  <ProductionCode></ProductionCode>
  <Rating>7.0</Rating>
  <RatingCount>2</RatingCount>
  <SeasonNumber>1</SeasonNumber>
  <Writer></Writer>
  <absolute_number></absolute_number>
  <filename>episodes/254561/4254003.jpg</filename>
  <lastupdated>1330168472</lastupdated>
  <seasonid>481884</seasonid>
  <seriesid>254561</seriesid>
</Episode>
<Episode>
  <id>4261655</id>
  <Combined_episodenumber>5</Combined_episodenumber>
  <Combined_season>1</Combined_season>
  <DVD_chapter></DVD_chapter>
  <DVD_discid></DVD_discid>
  <DVD_episodenumber></DVD_episodenumber>
  <DVD_season></DVD_season>
  <Director></Director>
  <EpImgFlag>2</EpImgFlag>
  <EpisodeName>Stupid Idiots</EpisodeName>
  <EpisodeNumber>5</EpisodeNumber>
  <FirstAired>2012-02-16</FirstAired>
  <GuestStars></GuestStars>
  <IMDB_ID></IMDB_ID>
  <Language>en</Language>
  <Overview>Gary and Joel discover that they’re in the slow track at school and stage a student uprising to abolish academic segregation.</Overview>
  <ProductionCode></ProductionCode>
  <Rating>7.0</Rating>
  <RatingCount>2</RatingCount>
  <SeasonNumber>1</SeasonNumber>
  <Writer></Writer>
  <absolute_number></absolute_number>
  <filename>episodes/254561/4261655.jpg</filename>
  <lastupdated>1330168497</lastupdated>
  <seasonid>481884</seasonid>
  <seriesid>254561</seriesid>
</Episode>
<Episode>
  <id>4261656</id>
  <Combined_episodenumber>6</Combined_episodenumber>
  <Combined_season>1</Combined_season>
  <DVD_chapter></DVD_chapter>
  <DVD_discid></DVD_discid>
  <DVD_episodenumber></DVD_episodenumber>
  <DVD_season></DVD_season>
  <Director></Director>
  <EpImgFlag>2</EpImgFlag>
  <EpisodeName>Nits</EpisodeName>
  <EpisodeNumber>6</EpisodeNumber>
  <FirstAired>2012-02-23</FirstAired>
  <GuestStars></GuestStars>
  <IMDB_ID></IMDB_ID>
  <Language>en</Language>
  <Overview>An outbreak of head lice threatens Gary and Joel’s plans to hook up with girls at a school dance.</Overview>
  <ProductionCode></ProductionCode>
  <Rating>7.0</Rating>
  <RatingCount>2</RatingCount>
  <SeasonNumber>1</SeasonNumber>
  <Writer></Writer>
  <absolute_number></absolute_number>
  <filename>episodes/254561/4261656.jpg</filename>
  <lastupdated>1330168528</lastupdated>
  <seasonid>481884</seasonid>
  <seriesid>254561</seriesid>
</Episode>
<Episode>
  <id>4277070</id>
  <Combined_episodenumber>7</Combined_episodenumber>
  <Combined_season>1</Combined_season>
  <DVD_chapter></DVD_chapter>
  <DVD_discid></DVD_discid>
  <DVD_episodenumber></DVD_episodenumber>
  <DVD_season></DVD_season>
  <Director></Director>
  <EpImgFlag>2</EpImgFlag>
  <EpisodeName>The Magic of Science</EpisodeName>
  <EpisodeNumber>7</EpisodeNumber>
  <FirstAired>2012-03-01</FirstAired>
  <GuestStars></GuestStars>
  <IMDB_ID></IMDB_ID>
  <Language>en</Language>
  <Overview>Gary and Joel enlist a psychic to help them win the science fair.</Overview>
  <ProductionCode></ProductionCode>
  <Rating>7.0</Rating>
  <RatingCount>2</RatingCount>
  <SeasonNumber>1</SeasonNumber>
  <Writer></Writer>
  <absolute_number></absolute_number>
  <filename>episodes/254561/4277070.jpg</filename>
  <lastupdated>1330778511</lastupdated>
  <seasonid>481884</seasonid>
  <seriesid>254561</seriesid>
</Episode>
<Episode>
  <id>4277085</id>
  <Combined_episodenumber>8</Combined_episodenumber>
  <Combined_season>1</Combined_season>
  <DVD_chapter></DVD_chapter>
  <DVD_discid></DVD_discid>
  <DVD_episodenumber></DVD_episodenumber>
  <DVD_season></DVD_season>
  <Director></Director>
  <EpImgFlag>2</EpImgFlag>
  <EpisodeName>My Brother Brian</EpisodeName>
  <EpisodeNumber>8</EpisodeNumber>
  <FirstAired>2012-03-08</FirstAired>
  <GuestStars></GuestStars>
  <IMDB_ID></IMDB_ID>
  <Language>en</Language>
  <Overview>Joel's 40-year-old brother, Brian, moves back into Joel's bedroom and Joel strives to be more tolerant of him despite Brian's contemptible behavior. </Overview>
  <ProductionCode></ProductionCode>
  <Rating>6.7</Rating>
  <RatingCount>3</RatingCount>
  <SeasonNumber>1</SeasonNumber>
  <Writer></Writer>
  <absolute_number></absolute_number>
  <filename>episodes/254561/4277085.jpg</filename>
  <lastupdated>1331383294</lastupdated>
  <seasonid>481884</seasonid>
  <seriesid>254561</seriesid>
</Episode>
<Episode>
  <id>4277086</id>
  <Combined_episodenumber>9</Combined_episodenumber>
  <Combined_season>1</Combined_season>
  <DVD_chapter></DVD_chapter>
  <DVD_discid></DVD_discid>
  <DVD_episodenumber></DVD_episodenumber>
  <DVD_season></DVD_season>
  <Director></Director>
  <EpImgFlag>2</EpImgFlag>
  <EpisodeName>Jesse Judge Lawncare Incorporated</EpisodeName>
  <EpisodeNumber>9</EpisodeNumber>
  <FirstAired>2012-03-15</FirstAired>
  <GuestStars></GuestStars>
  <IMDB_ID></IMDB_ID>
  <Language>en</Language>
  <Overview>Gary and Joel try and acquire sweet tans and mad paper by hooking up with a young lawncare entrepreneur. </Overview>
  <ProductionCode></ProductionCode>
  <Rating>7.3</Rating>
  <RatingCount>3</RatingCount>
  <SeasonNumber>1</SeasonNumber>
  <Writer></Writer>
  <absolute_number></absolute_number>
  <filename>episodes/254561/4277086.jpg</filename>
  <lastupdated>1331927534</lastupdated>
  <seasonid>481884</seasonid>
  <seriesid>254561</seriesid>
</Episode>
<Episode>
  <id>4287612</id>
  <Combined_episodenumber>10</Combined_episodenumber>
  <Combined_season>1</Combined_season>
  <DVD_chapter></DVD_chapter>
  <DVD_discid></DVD_discid>
  <DVD_episodenumber></DVD_episodenumber>
  <DVD_season></DVD_season>
  <Director></Director>
  <EpImgFlag>2</EpImgFlag>
  <EpisodeName>Youngbloods</EpisodeName>
  <EpisodeNumber>10</EpisodeNumber>
  <FirstAired>2012-03-22</FirstAired>
  <GuestStars></GuestStars>
  <IMDB_ID></IMDB_ID>
  <Language>en</Language>
  <Overview>Gary and Joel get fake ID's so they can give blood.</Overview>
  <ProductionCode></ProductionCode>
  <Rating>7.0</Rating>
  <RatingCount>4</RatingCount>
  <SeasonNumber>1</SeasonNumber>
  <Writer></Writer>
  <absolute_number></absolute_number>
  <filename>episodes/254561/4287612.jpg</filename>
  <lastupdated>1332655805</lastupdated>
  <seasonid>481884</seasonid>
  <seriesid>254561</seriesid>
</Episode>
<Episode>
  <id>4439890</id>
  <Combined_episodenumber>11</Combined_episodenumber>
  <Combined_season>1</Combined_season>
  <DVD_chapter></DVD_chapter>
  <DVD_discid></DVD_discid>
  <DVD_episodenumber></DVD_episodenumber>
  <DVD_season></DVD_season>
  <Director></Director>
  <EpImgFlag>2</EpImgFlag>
  <EpisodeName>The Great Traveler's Road</EpisodeName>
  <EpisodeNumber>11</EpisodeNumber>
  <FirstAired>2012-12-06</FirstAired>
  <GuestStars></GuestStars>
  <IMDB_ID></IMDB_ID>
  <Language>en</Language>
  <Overview>Gary and Joel learn the meaning of school pride when a turf war erupts with prep school kids over their prized food mart.</Overview>
  <ProductionCode></ProductionCode>
  <Rating>7.0</Rating>
  <RatingCount>1</RatingCount>
  <SeasonNumber>1</SeasonNumber>
  <Writer></Writer>
  <absolute_number></absolute_number>
  <filename>episodes/254561/4439890.jpg</filename>
  <lastupdated>1354969484</lastupdated>
  <seasonid>481884</seasonid>
  <seriesid>254561</seriesid>
</Episode>
<Episode>
  <id>4448577</id>
  <Combined_episodenumber>12</Combined_episodenumber>
  <Combined_season>1</Combined_season>
  <DVD_chapter></DVD_chapter>
  <DVD_discid></DVD_discid>
  <DVD_episodenumber></DVD_episodenumber>
  <DVD_season></DVD_season>
  <Director></Director>
  <EpImgFlag>2</EpImgFlag>
  <EpisodeName>Black Squirrels</EpisodeName>
  <EpisodeNumber>12</EpisodeNumber>
  <FirstAired>2012-12-13</FirstAired>
  <GuestStars></GuestStars>
  <IMDB_ID></IMDB_ID>
  <Language>en</Language>
  <Overview>When Joel's brother Brian gets out of prison, the boys get him a job as their High School head of security only to find out some people can never be reformed.</Overview>
  <ProductionCode></ProductionCode>
  <Rating>7.0</Rating>
  <RatingCount>1</RatingCount>
  <SeasonNumber>1</SeasonNumber>
  <Writer></Writer>
  <absolute_number></absolute_number>
  <filename>episodes/254561/4448577.jpg</filename>
  <lastupdated>1355493731</lastupdated>
  <seasonid>481884</seasonid>
  <seriesid>254561</seriesid>
</Episode>
<Episode>
  <id>4448578</id>
  <Combined_episodenumber>13</Combined_episodenumber>
  <Combined_season>1</Combined_season>
  <DVD_chapter></DVD_chapter>
  <DVD_discid></DVD_discid>
  <DVD_episodenumber></DVD_episodenumber>
  <DVD_season></DVD_season>
  <Director></Director>
  <EpImgFlag>2</EpImgFlag>
  <EpisodeName>Reggie Dog Bites</EpisodeName>
  <EpisodeNumber>13</EpisodeNumber>
  <FirstAired>2012-12-20</FirstAired>
  <GuestStars></GuestStars>
  <IMDB_ID></IMDB_ID>
  <Language>en</Language>
  <Overview>The boys discover the true ugliness of death after they save Carol's ex, Reggie, from being buried in an unmarked grave and get stuck disposing of his body themselves.</Overview>
  <ProductionCode></ProductionCode>
  <Rating>7.0</Rating>
  <RatingCount>1</RatingCount>
  <SeasonNumber>1</SeasonNumber>
  <Writer></Writer>
  <absolute_number></absolute_number>
  <filename>episodes/254561/4448578.jpg</filename>
  <lastupdated>1356166748</lastupdated>
  <seasonid>481884</seasonid>
  <seriesid>254561</seriesid>
</Episode>
</Data>