<?xml version="1.0" encoding="UTF-8" ?>
<Actors>
<Actor>
  <id>168541</id>
  <Image>actors/168541.jpg</Image>
  <Name>Emily Rose</Name>
  <Role>Audrey Parker</Role>
  <SortOrder>0</SortOrder>
</Actor>
<Actor>
  <id>168551</id>
  <Image>actors/168551.jpg</Image>
  <Name>Lucas Bryant</Name>
  <Role>Nathan Wuornos</Role>
  <SortOrder>1</SortOrder>
</Actor>
<Actor>
  <id>168561</id>
  <Image>actors/168561.jpg</Image>
  <Name>Eric Balfour</Name>
  <Role>Duke Crocker</Role>
  <SortOrder>2</SortOrder>
</Actor>
</Actors>