<?xml version="1.0" encoding="UTF-8" ?>
<Banners>
<Banner>
  <id>527271</id>
  <BannerPath>fanart/original/158661-7.jpg</BannerPath>
  <BannerType>fanart</BannerType>
  <BannerType2>1920x1080</BannerType2>
  <Colors>|236,236,236|102,101,106|149,159,160|</Colors>
  <Language>en</Language>
  <Rating>8.8182</Rating>
  <RatingCount>11</RatingCount>
  <SeriesName>true</SeriesName>
  <ThumbnailPath>_cache/fanart/original/158661-7.jpg</ThumbnailPath>
  <VignettePath>fanart/vignette/158661-7.jpg</VignettePath>
</Banner>
<Banner>
  <id>866436</id>
  <BannerPath>fanart/original/158661-17.jpg</BannerPath>
  <BannerType>fanart</BannerType>
  <BannerType2>1920x1080</BannerType2>
  <Colors></Colors>
  <Language>en</Language>
  <Rating>8.0000</Rating>
  <RatingCount>1</RatingCount>
  <SeriesName>false</SeriesName>
  <ThumbnailPath>_cache/fanart/original/158661-17.jpg</ThumbnailPath>
  <VignettePath>fanart/vignette/158661-17.jpg</VignettePath>
</Banner>
<Banner>
  <id>775871</id>
  <BannerPath>fanart/original/158661-9.jpg</BannerPath>
  <BannerType>fanart</BannerType>
  <BannerType2>1920x1080</BannerType2>
  <Colors></Colors>
  <Language>en</Language>
  <Rating>7.6667</Rating>
  <RatingCount>3</RatingCount>
  <SeriesName>false</SeriesName>
  <ThumbnailPath>_cache/fanart/original/158661-9.jpg</ThumbnailPath>
  <VignettePath>fanart/vignette/158661-9.jpg</VignettePath>
</Banner>
<Banner>
  <id>527221</id>
  <BannerPath>fanart/original/158661-3.jpg</BannerPath>
  <BannerType>fanart</BannerType>
  <BannerType2>1920x1080</BannerType2>
  <Colors>|157,163,159|86,88,85|167,172,168|</Colors>
  <Language>en</Language>
  <Rating>7.5714</Rating>
  <RatingCount>7</RatingCount>
  <SeriesName>true</SeriesName>
  <ThumbnailPath>_cache/fanart/original/158661-3.jpg</ThumbnailPath>
  <VignettePath>fanart/vignette/158661-3.jpg</VignettePath>
</Banner>
<Banner>
  <id>530841</id>
  <BannerPath>fanart/original/158661-8.jpg</BannerPath>
  <BannerType>fanart</BannerType>
  <BannerType2>1920x1080</BannerType2>
  <Colors></Colors>
  <Language>en</Language>
  <Rating>7.0000</Rating>
  <RatingCount>2</RatingCount>
  <SeriesName>false</SeriesName>
  <ThumbnailPath>_cache/fanart/original/158661-8.jpg</ThumbnailPath>
  <VignettePath>fanart/vignette/158661-8.jpg</VignettePath>
</Banner>
<Banner>
  <id>866433</id>
  <BannerPath>fanart/original/158661-14.jpg</BannerPath>
  <BannerType>fanart</BannerType>
  <BannerType2>1920x1080</BannerType2>
  <Colors></Colors>
  <Language>en</Language>
  <Rating>6.0000</Rating>
  <RatingCount>1</RatingCount>
  <SeriesName>false</SeriesName>
  <ThumbnailPath>_cache/fanart/original/158661-14.jpg</ThumbnailPath>
  <VignettePath>fanart/vignette/158661-14.jpg</VignettePath>
</Banner>
<Banner>
  <id>866676</id>
  <BannerPath>fanart/original/158661-18.jpg</BannerPath>
  <BannerType>fanart</BannerType>
  <BannerType2>1920x1080</BannerType2>
  <Colors></Colors>
  <Language>de</Language>
  <Rating>6.0000</Rating>
  <RatingCount>1</RatingCount>
  <SeriesName>false</SeriesName>
  <ThumbnailPath>_cache/fanart/original/158661-18.jpg</ThumbnailPath>
  <VignettePath>fanart/vignette/158661-18.jpg</VignettePath>
</Banner>
<Banner>
  <id>866435</id>
  <BannerPath>fanart/original/158661-16.jpg</BannerPath>
  <BannerType>fanart</BannerType>
  <BannerType2>1920x1080</BannerType2>
  <Colors></Colors>
  <Language>en</Language>
  <Rating>6.0000</Rating>
  <RatingCount>1</RatingCount>
  <SeriesName>false</SeriesName>
  <ThumbnailPath>_cache/fanart/original/158661-16.jpg</ThumbnailPath>
  <VignettePath>fanart/vignette/158661-16.jpg</VignettePath>
</Banner>
<Banner>
  <id>927260</id>
  <BannerPath>fanart/original/158661-22.jpg</BannerPath>
  <BannerType>fanart</BannerType>
  <BannerType2>1920x1080</BannerType2>
  <Colors>|3,3,3|3,3,3|3,3,3|</Colors>
  <Language>en</Language>
  <Rating>6.0000</Rating>
  <RatingCount>2</RatingCount>
  <SeriesName>false</SeriesName>
  <ThumbnailPath>_cache/fanart/original/158661-22.jpg</ThumbnailPath>
  <VignettePath>fanart/vignette/158661-22.jpg</VignettePath>
</Banner>
<Banner>
  <id>775891</id>
  <BannerPath>fanart/original/158661-11.jpg</BannerPath>
  <BannerType>fanart</BannerType>
  <BannerType2>1920x1080</BannerType2>
  <Colors></Colors>
  <Language>en</Language>
  <Rating>6.0000</Rating>
  <RatingCount>1</RatingCount>
  <SeriesName>false</SeriesName>
  <ThumbnailPath>_cache/fanart/original/158661-11.jpg</ThumbnailPath>
  <VignettePath>fanart/vignette/158661-11.jpg</VignettePath>
</Banner>
<Banner>
  <id>527071</id>
  <BannerPath>fanart/original/158661-1.jpg</BannerPath>
  <BannerType>fanart</BannerType>
  <BannerType2>1920x1080</BannerType2>
  <Colors></Colors>
  <Language>en</Language>
  <Rating>5.3333</Rating>
  <RatingCount>3</RatingCount>
  <SeriesName>false</SeriesName>
  <ThumbnailPath>_cache/fanart/original/158661-1.jpg</ThumbnailPath>
  <VignettePath>fanart/vignette/158661-1.jpg</VignettePath>
</Banner>
<Banner>
  <id>866432</id>
  <BannerPath>fanart/original/158661-13.jpg</BannerPath>
  <BannerType>fanart</BannerType>
  <BannerType2>1920x1080</BannerType2>
  <Colors></Colors>
  <Language>en</Language>
  <Rating>5.0000</Rating>
  <RatingCount>2</RatingCount>
  <SeriesName>false</SeriesName>
  <ThumbnailPath>_cache/fanart/original/158661-13.jpg</ThumbnailPath>
  <VignettePath>fanart/vignette/158661-13.jpg</VignettePath>
</Banner>
<Banner>
  <id>924253</id>
  <BannerPath>fanart/original/158661-20.jpg</BannerPath>
  <BannerType>fanart</BannerType>
  <BannerType2>1920x1080</BannerType2>
  <Colors></Colors>
  <Language>en</Language>
  <Rating></Rating>
  <RatingCount>0</RatingCount>
  <SeriesName>false</SeriesName>
  <ThumbnailPath>_cache/fanart/original/158661-20.jpg</ThumbnailPath>
  <VignettePath>fanart/vignette/158661-20.jpg</VignettePath>
</Banner>
<Banner>
  <id>527241</id>
  <BannerPath>fanart/original/158661-4.jpg</BannerPath>
  <BannerType>fanart</BannerType>
  <BannerType2>1920x1080</BannerType2>
  <Colors></Colors>
  <Language>en</Language>
  <Rating></Rating>
  <RatingCount>0</RatingCount>
  <SeriesName>true</SeriesName>
  <ThumbnailPath>_cache/fanart/original/158661-4.jpg</ThumbnailPath>
  <VignettePath>fanart/vignette/158661-4.jpg</VignettePath>
</Banner>
<Banner>
  <id>527281</id>
  <BannerPath>fanart/original/158661-6.jpg</BannerPath>
  <BannerType>fanart</BannerType>
  <BannerType2>1920x1080</BannerType2>
  <Colors></Colors>
  <Language>en</Language>
  <Rating></Rating>
  <RatingCount>0</RatingCount>
  <SeriesName>true</SeriesName>
  <ThumbnailPath>_cache/fanart/original/158661-6.jpg</ThumbnailPath>
  <VignettePath>fanart/vignette/158661-6.jpg</VignettePath>
</Banner>
<Banner>
  <id>866434</id>
  <BannerPath>fanart/original/158661-15.jpg</BannerPath>
  <BannerType>fanart</BannerType>
  <BannerType2>1920x1080</BannerType2>
  <Colors></Colors>
  <Language>en</Language>
  <Rating></Rating>
  <RatingCount>0</RatingCount>
  <SeriesName>false</SeriesName>
  <ThumbnailPath>_cache/fanart/original/158661-15.jpg</ThumbnailPath>
  <VignettePath>fanart/vignette/158661-15.jpg</VignettePath>
</Banner>
<Banner>
  <id>527251</id>
  <BannerPath>fanart/original/158661-5.jpg</BannerPath>
  <BannerType>fanart</BannerType>
  <BannerType2>1920x1080</BannerType2>
  <Colors></Colors>
  <Language>en</Language>
  <Rating></Rating>
  <RatingCount>0</RatingCount>
  <SeriesName>true</SeriesName>
  <ThumbnailPath>_cache/fanart/original/158661-5.jpg</ThumbnailPath>
  <VignettePath>fanart/vignette/158661-5.jpg</VignettePath>
</Banner>
<Banner>
  <id>527081</id>
  <BannerPath>fanart/original/158661-2.jpg</BannerPath>
  <BannerType>fanart</BannerType>
  <BannerType2>1920x1080</BannerType2>
  <Colors></Colors>
  <Language>en</Language>
  <Rating></Rating>
  <RatingCount>0</RatingCount>
  <SeriesName>false</SeriesName>
  <ThumbnailPath>_cache/fanart/original/158661-2.jpg</ThumbnailPath>
  <VignettePath>fanart/vignette/158661-2.jpg</VignettePath>
</Banner>
<Banner>
  <id>927261</id>
  <BannerPath>fanart/original/158661-23.jpg</BannerPath>
  <BannerType>fanart</BannerType>
  <BannerType2>1920x1080</BannerType2>
  <Colors></Colors>
  <Language>en</Language>
  <Rating></Rating>
  <RatingCount>0</RatingCount>
  <SeriesName>false</SeriesName>
  <ThumbnailPath>_cache/fanart/original/158661-23.jpg</ThumbnailPath>
  <VignettePath>fanart/vignette/158661-23.jpg</VignettePath>
</Banner>
<Banner>
  <id>878314</id>
  <BannerPath>fanart/original/158661-19.jpg</BannerPath>
  <BannerType>fanart</BannerType>
  <BannerType2>1920x1080</BannerType2>
  <Colors></Colors>
  <Language>en</Language>
  <Rating></Rating>
  <RatingCount>0</RatingCount>
  <SeriesName>false</SeriesName>
  <ThumbnailPath>_cache/fanart/original/158661-19.jpg</ThumbnailPath>
  <VignettePath>fanart/vignette/158661-19.jpg</VignettePath>
</Banner>
<Banner>
  <id>866431</id>
  <BannerPath>fanart/original/158661-12.jpg</BannerPath>
  <BannerType>fanart</BannerType>
  <BannerType2>1920x1080</BannerType2>
  <Colors></Colors>
  <Language>en</Language>
  <Rating></Rating>
  <RatingCount>0</RatingCount>
  <SeriesName>false</SeriesName>
  <ThumbnailPath>_cache/fanart/original/158661-12.jpg</ThumbnailPath>
  <VignettePath>fanart/vignette/158661-12.jpg</VignettePath>
</Banner>
<Banner>
  <id>775881</id>
  <BannerPath>fanart/original/158661-10.jpg</BannerPath>
  <BannerType>fanart</BannerType>
  <BannerType2>1920x1080</BannerType2>
  <Colors></Colors>
  <Language>en</Language>
  <Rating></Rating>
  <RatingCount>0</RatingCount>
  <SeriesName>false</SeriesName>
  <ThumbnailPath>_cache/fanart/original/158661-10.jpg</ThumbnailPath>
  <VignettePath>fanart/vignette/158661-10.jpg</VignettePath>
</Banner>
<Banner>
  <id>877305</id>
  <BannerPath>posters/158661-2.jpg</BannerPath>
  <BannerType>poster</BannerType>
  <BannerType2>680x1000</BannerType2>
  <Language>en</Language>
  <Rating>10.0000</Rating>
  <RatingCount>2</RatingCount>
</Banner>
<Banner>
  <id>518791</id>
  <BannerPath>posters/158661-1.jpg</BannerPath>
  <BannerType>poster</BannerType>
  <BannerType2>680x1000</BannerType2>
  <Language>en</Language>
  <Rating>8.6000</Rating>
  <RatingCount>5</RatingCount>
</Banner>
<Banner>
  <id>892098</id>
  <BannerPath>posters/158661-3.jpg</BannerPath>
  <BannerType>poster</BannerType>
  <BannerType2>680x1000</BannerType2>
  <Language>en</Language>
  <Rating>1.0000</Rating>
  <RatingCount>1</RatingCount>
</Banner>
<Banner>
  <id>917315</id>
  <BannerPath>seasons/158661-2-5.jpg</BannerPath>
  <BannerType>season</BannerType>
  <BannerType2>season</BannerType2>
  <Language>en</Language>
  <Rating>10.0000</Rating>
  <RatingCount>4</RatingCount>
  <Season>2</Season>
</Banner>
<Banner>
  <id>925555</id>
  <BannerPath>seasons/158661-3-2.jpg</BannerPath>
  <BannerType>season</BannerType>
  <BannerType2>season</BannerType2>
  <Language>en</Language>
  <Rating>10.0000</Rating>
  <RatingCount>3</RatingCount>
  <Season>3</Season>
</Banner>
<Banner>
  <id>872153</id>
  <BannerPath>seasons/158661-2-4.jpg</BannerPath>
  <BannerType>season</BannerType>
  <BannerType2>season</BannerType2>
  <Language>en</Language>
  <Rating>9.6667</Rating>
  <RatingCount>3</RatingCount>
  <Season>2</Season>
</Banner>
<Banner>
  <id>860453</id>
  <BannerPath>seasons/158661-1-2.jpg</BannerPath>
  <BannerType>season</BannerType>
  <BannerType2>season</BannerType2>
  <Language>en</Language>
  <Rating>8.7500</Rating>
  <RatingCount>8</RatingCount>
  <Season>1</Season>
</Banner>
<Banner>
  <id>527091</id>
  <BannerPath>seasons/158661-1.jpg</BannerPath>
  <BannerType>season</BannerType>
  <BannerType2>season</BannerType2>
  <Language>en</Language>
  <Rating>7.5000</Rating>
  <RatingCount>2</RatingCount>
  <Season>1</Season>
</Banner>
<Banner>
  <id>868677</id>
  <BannerPath>seasons/158661-1-3.jpg</BannerPath>
  <BannerType>season</BannerType>
  <BannerType2>season</BannerType2>
  <Language>en</Language>
  <Rating>6.6667</Rating>
  <RatingCount>3</RatingCount>
  <Season>1</Season>
</Banner>
<Banner>
  <id>868678</id>
  <BannerPath>seasons/158661-2-3.jpg</BannerPath>
  <BannerType>season</BannerType>
  <BannerType2>season</BannerType2>
  <Language>en</Language>
  <Rating>5.5000</Rating>
  <RatingCount>2</RatingCount>
  <Season>2</Season>
</Banner>
<Banner>
  <id>868443</id>
  <BannerPath>seasons/158661-2-2.jpg</BannerPath>
  <BannerType>season</BannerType>
  <BannerType2>season</BannerType2>
  <Language>en</Language>
  <Rating>5.5000</Rating>
  <RatingCount>2</RatingCount>
  <Season>2</Season>
</Banner>
<Banner>
  <id>871925</id>
  <BannerPath>seasons/158661-0-2.jpg</BannerPath>
  <BannerType>season</BannerType>
  <BannerType2>season</BannerType2>
  <Language>en</Language>
  <Rating></Rating>
  <RatingCount>0</RatingCount>
  <Season>0</Season>
</Banner>
<Banner>
  <id>868337</id>
  <BannerPath>seasons/158661-2.jpg</BannerPath>
  <BannerType>season</BannerType>
  <BannerType2>season</BannerType2>
  <Language>en</Language>
  <Rating></Rating>
  <RatingCount>0</RatingCount>
  <Season>2</Season>
</Banner>
<Banner>
  <id>528271</id>
  <BannerPath>graphical/158661-g2.jpg</BannerPath>
  <BannerType>series</BannerType>
  <BannerType2>graphical</BannerType2>
  <Language>en</Language>
  <Rating>9.1429</Rating>
  <RatingCount>7</RatingCount>
</Banner>
<Banner>
  <id>934939</id>
  <BannerPath>graphical/158661-g4.jpg</BannerPath>
  <BannerType>series</BannerType>
  <BannerType2>graphical</BannerType2>
  <Language>en</Language>
  <Rating>7.0000</Rating>
  <RatingCount>1</RatingCount>
</Banner>
<Banner>
  <id>508851</id>
  <BannerPath>graphical/158661-g.jpg</BannerPath>
  <BannerType>series</BannerType>
  <BannerType2>graphical</BannerType2>
  <Language>en</Language>
  <Rating>6.3333</Rating>
  <RatingCount>6</RatingCount>
</Banner>
<Banner>
  <id>928899</id>
  <BannerPath>graphical/158661-g3.jpg</BannerPath>
  <BannerType>series</BannerType>
  <BannerType2>graphical</BannerType2>
  <Language>en</Language>
  <Rating>5.0000</Rating>
  <RatingCount>2</RatingCount>
</Banner>
</Banners>