<?xml version="1.0" encoding="UTF-8" ?>
<Data><Series>
  <id>158661</id>
  <Actors>|Emily Rose|Lucas Bryant|Eric Balfour|</Actors>
  <Airs_DayOfWeek>Friday</Airs_DayOfWeek>
  <Airs_Time>10:00 PM</Airs_Time>
  <ContentRating>TV-PG</ContentRating>
  <FirstAired>2010-07-09</FirstAired>
  <Genre>|Drama|Science-Fiction|</Genre>
  <IMDB_ID>tt1519931</IMDB_ID>
  <Language>en</Language>
  <Network>Syfy</Network>
  <NetworkID></NetworkID>
  <Overview>When shrewd and confident FBI Special Agent Audrey Parker arrives in the small town of Haven she soon finds herself caught up with the return of The Troubles, a plague of supernatural afflictions that occurred in the town at least once before. If that was not enough to draw her in, she also finds a link that may lead her to the mother she has never known.
</Overview>
  <Rating>7.9</Rating>
  <RatingCount>93</RatingCount>
  <Runtime>60</Runtime>
  <SeriesID>78043</SeriesID>
  <SeriesName>Haven</SeriesName>
  <Status>Continuing</Status>
  <added>2010-04-23 01:19:23</added>
  <addedBy>76261</addedBy>
  <banner>graphical/158661-g2.jpg</banner>
  <fanart>fanart/original/158661-7.jpg</fanart>
  <lastupdated>1364856623</lastupdated>
  <poster>posters/158661-2.jpg</poster>
  <zap2it_id>SH01281487</zap2it_id>
</Series>
<Episode>
  <id>4149636</id>
  <Combined_episodenumber>1</Combined_episodenumber>
  <Combined_season>0</Combined_season>
  <DVD_chapter></DVD_chapter>
  <DVD_discid></DVD_discid>
  <DVD_episodenumber></DVD_episodenumber>
  <DVD_season></DVD_season>
  <Director></Director>
  <EpImgFlag>2</EpImgFlag>
  <EpisodeName>Making of Haven</EpisodeName>
  <EpisodeNumber>1</EpisodeNumber>
  <FirstAired></FirstAired>
  <GuestStars></GuestStars>
  <IMDB_ID></IMDB_ID>
  <Language>en</Language>
  <Overview>Behind the scenes, interviews, on location, and the making of Haven</Overview>
  <ProductionCode></ProductionCode>
  <Rating></Rating>
  <RatingCount>0</RatingCount>
  <SeasonNumber>0</SeasonNumber>
  <Writer></Writer>
  <absolute_number></absolute_number>
  <airsafter_season></airsafter_season>
  <airsbefore_episode></airsbefore_episode>
  <airsbefore_season></airsbefore_season>
  <filename>episodes/158661/4149636.jpg</filename>
  <lastupdated>1313023392</lastupdated>
  <seasonid>235101</seasonid>
  <seriesid>158661</seriesid>
</Episode>
<Episode>
  <id>4445778</id>
  <Combined_episodenumber>0</Combined_episodenumber>
  <Combined_season>1</Combined_season>
  <DVD_chapter></DVD_chapter>
  <DVD_discid></DVD_discid>
  <DVD_episodenumber></DVD_episodenumber>
  <DVD_season></DVD_season>
  <Director></Director>
  <EpImgFlag></EpImgFlag>
  <EpisodeName></EpisodeName>
  <EpisodeNumber>0</EpisodeNumber>
  <FirstAired></FirstAired>
  <GuestStars></GuestStars>
  <IMDB_ID></IMDB_ID>
  <Language>en</Language>
  <Overview></Overview>
  <ProductionCode></ProductionCode>
  <Rating></Rating>
  <RatingCount>0</RatingCount>
  <SeasonNumber>1</SeasonNumber>
  <Writer></Writer>
  <absolute_number></absolute_number>
  <filename></filename>
  <lastupdated>1355144049</lastupdated>
  <seasonid>235111</seasonid>
  <seriesid>158661</seriesid>
</Episode>
<Episode>
  <id>2111911</id>
  <Combined_episodenumber>1</Combined_episodenumber>
  <Combined_season>1</Combined_season>
  <DVD_chapter></DVD_chapter>
  <DVD_discid></DVD_discid>
  <DVD_episodenumber></DVD_episodenumber>
  <DVD_season></DVD_season>
  <Director>Adam Kane</Director>
  <EpImgFlag>2</EpImgFlag>
  <EpisodeName>Welcome to Haven</EpisodeName>
  <EpisodeNumber>1</EpisodeNumber>
  <FirstAired>2010-07-09</FirstAired>
  <GuestStars></GuestStars>
  <IMDB_ID>tt1595706</IMDB_ID>
  <Language>en</Language>
  <Overview>Audrey finds her assignment has been killed in unexplainable fashion in Haven, Maine.</Overview>
  <ProductionCode></ProductionCode>
  <Rating>7.2</Rating>
  <RatingCount>157</RatingCount>
  <SeasonNumber>1</SeasonNumber>
  <Writer>Sam Ernst|Jim Dunn</Writer>
  <absolute_number>1</absolute_number>
  <filename>episodes/158661/2111911.jpg</filename>
  <lastupdated>1357499019</lastupdated>
  <seasonid>235111</seasonid>
  <seriesid>158661</seriesid>
</Episode>
<Episode>
  <id>2416111</id>
  <Combined_episodenumber>2</Combined_episodenumber>
  <Combined_season>1</Combined_season>
  <DVD_chapter></DVD_chapter>
  <DVD_discid></DVD_discid>
  <DVD_episodenumber></DVD_episodenumber>
  <DVD_season></DVD_season>
  <Director>Tim Southam</Director>
  <EpImgFlag>2</EpImgFlag>
  <EpisodeName>Butterfly</EpisodeName>
  <EpisodeNumber>2</EpisodeNumber>
  <FirstAired>2010-07-16</FirstAired>
  <GuestStars></GuestStars>
  <IMDB_ID>tt1673089</IMDB_ID>
  <Language>en</Language>
  <Overview>Audrey tries to settle in as Haven's new police officer; Nathan and Audrey investigate the destruction of a local bar.</Overview>
  <ProductionCode></ProductionCode>
  <Rating>7.2</Rating>
  <RatingCount>128</RatingCount>
  <SeasonNumber>1</SeasonNumber>
  <Writer>Ann Lewis Hamilton</Writer>
  <absolute_number></absolute_number>
  <filename>episodes/158661/2416111.jpg</filename>
  <lastupdated>1357499046</lastupdated>
  <seasonid>235111</seasonid>
  <seriesid>158661</seriesid>
</Episode>
<Episode>
  <id>2416101</id>
  <Combined_episodenumber>3</Combined_episodenumber>
  <Combined_season>1</Combined_season>
  <DVD_chapter></DVD_chapter>
  <DVD_discid></DVD_discid>
  <DVD_episodenumber></DVD_episodenumber>
  <DVD_season></DVD_season>
  <Director>Rachel Talalay</Director>
  <EpImgFlag>2</EpImgFlag>
  <EpisodeName>Harmony</EpisodeName>
  <EpisodeNumber>3</EpisodeNumber>
  <FirstAired>2010-07-23</FirstAired>
  <GuestStars></GuestStars>
  <IMDB_ID>tt1672659</IMDB_ID>
  <Language>en</Language>
  <Overview>A plague of insanity strikes at a local hospital, causing the doctors to go insane... and the patients to become normal. Audrey and Nathan seek to discover the cause before it spreads further.</Overview>
  <ProductionCode></ProductionCode>
  <Rating>7.3</Rating>
  <RatingCount>114</RatingCount>
  <SeasonNumber>1</SeasonNumber>
  <Writer>Matt McGuinness</Writer>
  <absolute_number>2</absolute_number>
  <filename>episodes/158661/2416101.jpg</filename>
  <lastupdated>1334502189</lastupdated>
  <seasonid>235111</seasonid>
  <seriesid>158661</seriesid>
</Episode>
<Episode>
  <id>2416121</id>
  <Combined_episodenumber>4</Combined_episodenumber>
  <Combined_season>1</Combined_season>
  <DVD_chapter></DVD_chapter>
  <DVD_discid></DVD_discid>
  <DVD_episodenumber></DVD_episodenumber>
  <DVD_season></DVD_season>
  <Director>Rachel Talalay</Director>
  <EpImgFlag>2</EpImgFlag>
  <EpisodeName>Consumed</EpisodeName>
  <EpisodeNumber>4</EpisodeNumber>
  <FirstAired>2010-07-30</FirstAired>
  <GuestStars></GuestStars>
  <IMDB_ID>tt1672658</IMDB_ID>
  <Language>en</Language>
  <Overview>Audrey follows up on clues to the infamous Colorado Kid crime scene.</Overview>
  <ProductionCode></ProductionCode>
  <Rating>7.3</Rating>
  <RatingCount>102</RatingCount>
  <SeasonNumber>1</SeasonNumber>
  <Writer>Ann Lewis Hamilton</Writer>
  <absolute_number></absolute_number>
  <filename>episodes/158661/2416121.jpg</filename>
  <lastupdated>1357499082</lastupdated>
  <seasonid>235111</seasonid>
  <seriesid>158661</seriesid>
</Episode>
<Episode>
  <id>2483881</id>
  <Combined_episodenumber>5</Combined_episodenumber>
  <Combined_season>1</Combined_season>
  <DVD_chapter></DVD_chapter>
  <DVD_discid></DVD_discid>
  <DVD_episodenumber></DVD_episodenumber>
  <DVD_season></DVD_season>
  <Director>Tim Southam</Director>
  <EpImgFlag>2</EpImgFlag>
  <EpisodeName>Ball and Chain</EpisodeName>
  <EpisodeNumber>5</EpisodeNumber>
  <FirstAired>2010-08-06</FirstAired>
  <GuestStars></GuestStars>
  <IMDB_ID>tt1677255</IMDB_ID>
  <Language>en</Language>
  <Overview>Audrey and Nathan investigate an upheaval at the local psychiatric hospital.</Overview>
  <ProductionCode></ProductionCode>
  <Rating>7.2</Rating>
  <RatingCount>97</RatingCount>
  <SeasonNumber>1</SeasonNumber>
  <Writer>Nikki Toscano</Writer>
  <absolute_number></absolute_number>
  <filename>episodes/158661/2483881.jpg</filename>
  <lastupdated>1357499124</lastupdated>
  <seasonid>235111</seasonid>
  <seriesid>158661</seriesid>
</Episode>
<Episode>
  <id>2483891</id>
  <Combined_episodenumber>6</Combined_episodenumber>
  <Combined_season>1</Combined_season>
  <DVD_chapter></DVD_chapter>
  <DVD_discid></DVD_discid>
  <DVD_episodenumber></DVD_episodenumber>
  <DVD_season></DVD_season>
  <Director>Keith Samples</Director>
  <EpImgFlag>2</EpImgFlag>
  <EpisodeName>Fur</EpisodeName>
  <EpisodeNumber>6</EpisodeNumber>
  <FirstAired>2010-08-13</FirstAired>
  <GuestStars></GuestStars>
  <IMDB_ID>tt1676463</IMDB_ID>
  <Language>en</Language>
  <Overview>Local hunters begin to die from animal attacks; Audrey and Nathan suspect the animals have become the hunters.</Overview>
  <ProductionCode></ProductionCode>
  <Rating>7.3</Rating>
  <RatingCount>82</RatingCount>
  <SeasonNumber>1</SeasonNumber>
  <Writer>Jim Dunn</Writer>
  <absolute_number></absolute_number>
  <filename>episodes/158661/2483891.jpg</filename>
  <lastupdated>1357499158</lastupdated>
  <seasonid>235111</seasonid>
  <seriesid>158661</seriesid>
</Episode>
<Episode>
  <id>2483901</id>
  <Combined_episodenumber>7</Combined_episodenumber>
  <Combined_season>1</Combined_season>
  <DVD_chapter></DVD_chapter>
  <DVD_discid></DVD_discid>
  <DVD_episodenumber></DVD_episodenumber>
  <DVD_season></DVD_season>
  <Director>T. W. Peacocke</Director>
  <EpImgFlag>2</EpImgFlag>
  <EpisodeName>Sketchy</EpisodeName>
  <EpisodeNumber>7</EpisodeNumber>
  <FirstAired>2010-08-20</FirstAired>
  <GuestStars></GuestStars>
  <IMDB_ID>tt1702126</IMDB_ID>
  <Language>en</Language>
  <Overview>Audrey and Nathan are called to investigate a mysteriously bent, broken and crumpled man.</Overview>
  <ProductionCode></ProductionCode>
  <Rating>7.4</Rating>
  <RatingCount>86</RatingCount>
  <SeasonNumber>1</SeasonNumber>
  <Writer>Matt McGuinness</Writer>
  <absolute_number></absolute_number>
  <filename>episodes/158661/2483901.jpg</filename>
  <lastupdated>1357499188</lastupdated>
  <seasonid>235111</seasonid>
  <seriesid>158661</seriesid>
</Episode>
<Episode>
  <id>2483911</id>
  <Combined_episodenumber>8</Combined_episodenumber>
  <Combined_season>1</Combined_season>
  <DVD_chapter></DVD_chapter>
  <DVD_discid></DVD_discid>
  <DVD_episodenumber></DVD_episodenumber>
  <DVD_season></DVD_season>
  <Director>Ken Girotti</Director>
  <EpImgFlag>2</EpImgFlag>
  <EpisodeName>Ain't No Sunshine</EpisodeName>
  <EpisodeNumber>8</EpisodeNumber>
  <FirstAired>2010-08-29</FirstAired>
  <GuestStars></GuestStars>
  <IMDB_ID>tt1702125</IMDB_ID>
  <Language>en</Language>
  <Overview>Audrey and Nathan learn of a ghost story that wanders the Haven clinic and takes the lives of sick people before their time.</Overview>
  <ProductionCode></ProductionCode>
  <Rating>7.6</Rating>
  <RatingCount>85</RatingCount>
  <SeasonNumber>1</SeasonNumber>
  <Writer>Sam Ernst</Writer>
  <absolute_number></absolute_number>
  <filename>episodes/158661/2483911.jpg</filename>
  <lastupdated>1357499223</lastupdated>
  <seasonid>235111</seasonid>
  <seriesid>158661</seriesid>
</Episode>
<Episode>
  <id>2685591</id>
  <Combined_episodenumber>9</Combined_episodenumber>
  <Combined_season>1</Combined_season>
  <DVD_chapter></DVD_chapter>
  <DVD_discid></DVD_discid>
  <DVD_episodenumber></DVD_episodenumber>
  <DVD_season></DVD_season>
  <Director>Robert Lieberman</Director>
  <EpImgFlag>2</EpImgFlag>
  <EpisodeName>As You Were</EpisodeName>
  <EpisodeNumber>9</EpisodeNumber>
  <FirstAired>2010-09-10</FirstAired>
  <GuestStars></GuestStars>
  <IMDB_ID>tt1707724</IMDB_ID>
  <Language>en</Language>
  <Overview>Audrey's friends throw her a surprise party at a nearby island hotel.</Overview>
  <ProductionCode></ProductionCode>
  <Rating>7.6</Rating>
  <RatingCount>83</RatingCount>
  <SeasonNumber>1</SeasonNumber>
  <Writer>Jose Molina</Writer>
  <absolute_number></absolute_number>
  <filename>episodes/158661/2685591.jpg</filename>
  <lastupdated>1357376824</lastupdated>
  <seasonid>235111</seasonid>
  <seriesid>158661</seriesid>
</Episode>
<Episode>
  <id>2685601</id>
  <Combined_episodenumber>10</Combined_episodenumber>
  <Combined_season>1</Combined_season>
  <DVD_chapter></DVD_chapter>
  <DVD_discid></DVD_discid>
  <DVD_episodenumber></DVD_episodenumber>
  <DVD_season></DVD_season>
  <Director>Rick Rosenthal</Director>
  <EpImgFlag>2</EpImgFlag>
  <EpisodeName>The Hand You're Dealt</EpisodeName>
  <EpisodeNumber>10</EpisodeNumber>
  <FirstAired>2010-09-17</FirstAired>
  <GuestStars></GuestStars>
  <IMDB_ID>tt1707725</IMDB_ID>
  <Language>en</Language>
  <Overview>Duke helps Audrey look into the mystery behind the Colorado kid.</Overview>
  <ProductionCode></ProductionCode>
  <Rating>7.5</Rating>
  <RatingCount>81</RatingCount>
  <SeasonNumber>1</SeasonNumber>
  <Writer>Jim Dunn</Writer>
  <absolute_number></absolute_number>
  <filename>episodes/158661/2685601.jpg</filename>
  <lastupdated>1357499308</lastupdated>
  <seasonid>235111</seasonid>
  <seriesid>158661</seriesid>
</Episode>
<Episode>
  <id>2685611</id>
  <Combined_episodenumber>11</Combined_episodenumber>
  <Combined_season>1</Combined_season>
  <DVD_chapter></DVD_chapter>
  <DVD_discid></DVD_discid>
  <DVD_episodenumber></DVD_episodenumber>
  <DVD_season></DVD_season>
  <Director>Lee Rose</Director>
  <EpImgFlag>2</EpImgFlag>
  <EpisodeName>The Trial Of Audrey Parker</EpisodeName>
  <EpisodeNumber>11</EpisodeNumber>
  <FirstAired>2010-09-24</FirstAired>
  <GuestStars></GuestStars>
  <IMDB_ID>tt1707726</IMDB_ID>
  <Language>en</Language>
  <Overview>Audrey's FBI boss, comes to Haven to question Audrey about her strange actions.</Overview>
  <ProductionCode></ProductionCode>
  <Rating>7.6</Rating>
  <RatingCount>76</RatingCount>
  <SeasonNumber>1</SeasonNumber>
  <Writer>Jose Molina|Sam Ernst|Charles Ardai</Writer>
  <absolute_number></absolute_number>
  <filename>episodes/158661/2685611.jpg</filename>
  <lastupdated>1348581097</lastupdated>
  <seasonid>235111</seasonid>
  <seriesid>158661</seriesid>
</Episode>
<Episode>
  <id>2818231</id>
  <Combined_episodenumber>12</Combined_episodenumber>
  <Combined_season>1</Combined_season>
  <DVD_chapter></DVD_chapter>
  <DVD_discid></DVD_discid>
  <DVD_episodenumber></DVD_episodenumber>
  <DVD_season></DVD_season>
  <Director>Michael Rohl</Director>
  <EpImgFlag>2</EpImgFlag>
  <EpisodeName>Resurfacing</EpisodeName>
  <EpisodeNumber>12</EpisodeNumber>
  <FirstAired>2010-10-01</FirstAired>
  <GuestStars></GuestStars>
  <IMDB_ID>tt1707722</IMDB_ID>
  <Language>en</Language>
  <Overview>Audrey and Nathan investigate when a gust of wind seemingly throws a woman into a wall following an argument, and the FBI agent suspects some children may have telekinetic powers.</Overview>
  <ProductionCode></ProductionCode>
  <Rating>7.7</Rating>
  <RatingCount>66</RatingCount>
  <SeasonNumber>1</SeasonNumber>
  <Writer>Charles Ardai</Writer>
  <absolute_number></absolute_number>
  <filename>episodes/158661/2818231.jpg</filename>
  <lastupdated>1357499416</lastupdated>
  <seasonid>235111</seasonid>
  <seriesid>158661</seriesid>
</Episode>
<Episode>
  <id>2818241</id>
  <Combined_episodenumber>13</Combined_episodenumber>
  <Combined_season>1</Combined_season>
  <DVD_chapter></DVD_chapter>
  <DVD_discid></DVD_discid>
  <DVD_episodenumber></DVD_episodenumber>
  <DVD_season></DVD_season>
  <Director>Fred Gerber</Director>
  <EpImgFlag>2</EpImgFlag>
  <EpisodeName>Spiral</EpisodeName>
  <EpisodeNumber>13</EpisodeNumber>
  <FirstAired>2010-10-08</FirstAired>
  <GuestStars>Stephen McHattie|Michelle Monteith|John Bourgeois</GuestStars>
  <IMDB_ID>tt1707723</IMDB_ID>
  <Language>en</Language>
  <Overview>A mysterious criminal returns; Audrey discovers the secrets of her past.</Overview>
  <ProductionCode></ProductionCode>
  <Rating>7.9</Rating>
  <RatingCount>73</RatingCount>
  <SeasonNumber>1</SeasonNumber>
  <Writer>Jim Dunn|Sam Ernst</Writer>
  <absolute_number></absolute_number>
  <filename>episodes/158661/2818241.jpg</filename>
  <lastupdated>1357499455</lastupdated>
  <seasonid>235111</seasonid>
  <seriesid>158661</seriesid>
</Episode>
<Episode>
  <id>4078793</id>
  <Combined_episodenumber>1</Combined_episodenumber>
  <Combined_season>2</Combined_season>
  <DVD_chapter></DVD_chapter>
  <DVD_discid></DVD_discid>
  <DVD_episodenumber></DVD_episodenumber>
  <DVD_season></DVD_season>
  <Director>T.W. Peacocke</Director>
  <EpImgFlag>2</EpImgFlag>
  <EpisodeName>A Tale of Two Audreys</EpisodeName>
  <EpisodeNumber>1</EpisodeNumber>
  <FirstAired>2011-06-11</FirstAired>
  <GuestStars></GuestStars>
  <IMDB_ID>tt1940526</IMDB_ID>
  <Language>en</Language>
  <Overview>Audrey meets a woman who claims to be her, and Nathan takes the lead at the department.</Overview>
  <ProductionCode></ProductionCode>
  <Rating>7.7</Rating>
  <RatingCount>67</RatingCount>
  <SeasonNumber>2</SeasonNumber>
  <Writer>Sam Ernst|Jim Dunn</Writer>
  <absolute_number></absolute_number>
  <filename>episodes/158661/4078793.jpg</filename>
  <lastupdated>1357499500</lastupdated>
  <seasonid>463844</seasonid>
  <seriesid>158661</seriesid>
</Episode>
<Episode>
  <id>4108010</id>
  <Combined_episodenumber>2</Combined_episodenumber>
  <Combined_season>2</Combined_season>
  <DVD_chapter></DVD_chapter>
  <DVD_discid></DVD_discid>
  <DVD_episodenumber></DVD_episodenumber>
  <DVD_season></DVD_season>
  <Director>Robert Lieberman</Director>
  <EpImgFlag>2</EpImgFlag>
  <EpisodeName>Fear &amp; Loathing</EpisodeName>
  <EpisodeNumber>2</EpisodeNumber>
  <FirstAired>2011-07-22</FirstAired>
  <GuestStars></GuestStars>
  <IMDB_ID>tt1989046</IMDB_ID>
  <Language>en</Language>
  <Overview>An epidemic spreads across town and Nathan feels again.</Overview>
  <ProductionCode></ProductionCode>
  <Rating>7.8</Rating>
  <RatingCount>69</RatingCount>
  <SeasonNumber>2</SeasonNumber>
  <Writer>Gabrielle Stanton</Writer>
  <absolute_number></absolute_number>
  <filename>episodes/158661/4108010.jpg</filename>
  <lastupdated>1357499534</lastupdated>
  <seasonid>463844</seasonid>
  <seriesid>158661</seriesid>
</Episode>
<Episode>
  <id>4108011</id>
  <Combined_episodenumber>3</Combined_episodenumber>
  <Combined_season>2</Combined_season>
  <DVD_chapter></DVD_chapter>
  <DVD_discid></DVD_discid>
  <DVD_episodenumber></DVD_episodenumber>
  <DVD_season></DVD_season>
  <Director>T.W. Peacocke</Director>
  <EpImgFlag>2</EpImgFlag>
  <EpisodeName>Love Machine</EpisodeName>
  <EpisodeNumber>3</EpisodeNumber>
  <FirstAired>2011-07-29</FirstAired>
  <GuestStars></GuestStars>
  <IMDB_ID>tt1962774</IMDB_ID>
  <Language>en</Language>
  <Overview>Docks begin attacking the people of Haven, while the other Audrey investigates the mystery of Audrey's identity.</Overview>
  <ProductionCode></ProductionCode>
  <Rating>7.9</Rating>
  <RatingCount>74</RatingCount>
  <SeasonNumber>2</SeasonNumber>
  <Writer>Nora Zuckerman|Matt McGuinness|Lilla Zuckerman</Writer>
  <absolute_number></absolute_number>
  <filename>episodes/158661/4108011.jpg</filename>
  <lastupdated>1357499564</lastupdated>
  <seasonid>463844</seasonid>
  <seriesid>158661</seriesid>
</Episode>
<Episode>
  <id>4137391</id>
  <Combined_episodenumber>4</Combined_episodenumber>
  <Combined_season>2</Combined_season>
  <DVD_chapter></DVD_chapter>
  <DVD_discid></DVD_discid>
  <DVD_episodenumber></DVD_episodenumber>
  <DVD_season></DVD_season>
  <Director>Lynne Stopkewich</Director>
  <EpImgFlag>2</EpImgFlag>
  <EpisodeName>Sparks and Recreation</EpisodeName>
  <EpisodeNumber>4</EpisodeNumber>
  <FirstAired>2011-08-05</FirstAired>
  <GuestStars>Jason Priestley</GuestStars>
  <IMDB_ID>tt1997767</IMDB_ID>
  <Language>en</Language>
  <Overview>Audrey and Nathan investigate a chain of electrocutions to see who is held responsible.</Overview>
  <ProductionCode></ProductionCode>
  <Rating>7.5</Rating>
  <RatingCount>68</RatingCount>
  <SeasonNumber>2</SeasonNumber>
  <Writer>Jonathan Abrahams</Writer>
  <absolute_number></absolute_number>
  <filename>episodes/158661/4137391.jpg</filename>
  <lastupdated>1357499595</lastupdated>
  <seasonid>463844</seasonid>
  <seriesid>158661</seriesid>
</Episode>
<Episode>
  <id>4137392</id>
  <Combined_episodenumber>5</Combined_episodenumber>
  <Combined_season>2</Combined_season>
  <DVD_chapter></DVD_chapter>
  <DVD_discid></DVD_discid>
  <DVD_episodenumber></DVD_episodenumber>
  <DVD_season></DVD_season>
  <Director>Tim Southam</Director>
  <EpImgFlag>2</EpImgFlag>
  <EpisodeName>Roots</EpisodeName>
  <EpisodeNumber>5</EpisodeNumber>
  <FirstAired>2011-08-12</FirstAired>
  <GuestStars></GuestStars>
  <IMDB_ID>tt1962775</IMDB_ID>
  <Language>en</Language>
  <Overview>A wedding becomes lethal.</Overview>
  <ProductionCode></ProductionCode>
  <Rating>7.6</Rating>
  <RatingCount>63</RatingCount>
  <SeasonNumber>2</SeasonNumber>
  <Writer>Jim Dunn</Writer>
  <absolute_number></absolute_number>
  <filename>episodes/158661/4137392.jpg</filename>
  <lastupdated>1357499667</lastupdated>
  <seasonid>463844</seasonid>
  <seriesid>158661</seriesid>
</Episode>
<Episode>
  <id>4137393</id>
  <Combined_episodenumber>6</Combined_episodenumber>
  <Combined_season>2</Combined_season>
  <DVD_chapter></DVD_chapter>
  <DVD_discid></DVD_discid>
  <DVD_episodenumber></DVD_episodenumber>
  <DVD_season></DVD_season>
  <Director>Fred Gerber</Director>
  <EpImgFlag>2</EpImgFlag>
  <EpisodeName>Audrey Parker's Day Off</EpisodeName>
  <EpisodeNumber>6</EpisodeNumber>
  <FirstAired>2011-08-19</FirstAired>
  <GuestStars></GuestStars>
  <IMDB_ID>tt1997768</IMDB_ID>
  <Language>en</Language>
  <Overview>Audrey re-experiences the same horrible day but cannot stop the catastrophe that comes to her and her friends.</Overview>
  <ProductionCode></ProductionCode>
  <Rating>7.6</Rating>
  <RatingCount>66</RatingCount>
  <SeasonNumber>2</SeasonNumber>
  <Writer>Nora Zuckerman|Lilla Zuckerman</Writer>
  <absolute_number></absolute_number>
  <filename>episodes/158661/4137393.jpg</filename>
  <lastupdated>1357499696</lastupdated>
  <seasonid>463844</seasonid>
  <seriesid>158661</seriesid>
</Episode>
<Episode>
  <id>4143994</id>
  <Combined_episodenumber>7</Combined_episodenumber>
  <Combined_season>2</Combined_season>
  <DVD_chapter></DVD_chapter>
  <DVD_discid></DVD_discid>
  <DVD_episodenumber></DVD_episodenumber>
  <DVD_season></DVD_season>
  <Director>Paolo Barzman</Director>
  <EpImgFlag>2</EpImgFlag>
  <EpisodeName>The Tides That Bind</EpisodeName>
  <EpisodeNumber>7</EpisodeNumber>
  <FirstAired>2011-08-26</FirstAired>
  <GuestStars></GuestStars>
  <IMDB_ID>tt1996663</IMDB_ID>
  <Language>en</Language>
  <Overview>Audrey and Nathan investigate a mysterious drowning in a town where children seem to keep disappearing.</Overview>
  <ProductionCode></ProductionCode>
  <Rating>7.6</Rating>
  <RatingCount>61</RatingCount>
  <SeasonNumber>2</SeasonNumber>
  <Writer>Gabrielle Stanton</Writer>
  <absolute_number></absolute_number>
  <filename>episodes/158661/4143994.jpg</filename>
  <lastupdated>1357499724</lastupdated>
  <seasonid>463844</seasonid>
  <seriesid>158661</seriesid>
</Episode>
<Episode>
  <id>4143995</id>
  <Combined_episodenumber>8</Combined_episodenumber>
  <Combined_season>2</Combined_season>
  <DVD_chapter></DVD_chapter>
  <DVD_discid></DVD_discid>
  <DVD_episodenumber></DVD_episodenumber>
  <DVD_season></DVD_season>
  <Director>Stephen Reynolds</Director>
  <EpImgFlag>2</EpImgFlag>
  <EpisodeName>Friend or Faux</EpisodeName>
  <EpisodeNumber>8</EpisodeNumber>
  <FirstAired>2011-09-02</FirstAired>
  <GuestStars>Cristian de la Fuente</GuestStars>
  <IMDB_ID>tt1997769</IMDB_ID>
  <Language>en</Language>
  <Overview>A weird trail of violence traces back to a man who spawned a clone of himself.</Overview>
  <ProductionCode></ProductionCode>
  <Rating>7.5</Rating>
  <RatingCount>59</RatingCount>
  <SeasonNumber>2</SeasonNumber>
  <Writer>Sam Ernst</Writer>
  <absolute_number></absolute_number>
  <filename>episodes/158661/4143995.jpg</filename>
  <lastupdated>1357499869</lastupdated>
  <seasonid>463844</seasonid>
  <seriesid>158661</seriesid>
</Episode>
<Episode>
  <id>4143996</id>
  <Combined_episodenumber>9</Combined_episodenumber>
  <Combined_season>2</Combined_season>
  <DVD_chapter></DVD_chapter>
  <DVD_discid></DVD_discid>
  <DVD_episodenumber></DVD_episodenumber>
  <DVD_season></DVD_season>
  <Director>Jason Priestley</Director>
  <EpImgFlag>2</EpImgFlag>
  <EpisodeName>Lockdown</EpisodeName>
  <EpisodeNumber>9</EpisodeNumber>
  <FirstAired>2011-09-09</FirstAired>
  <GuestStars></GuestStars>
  <IMDB_ID>tt1977387</IMDB_ID>
  <Language>en</Language>
  <Overview>A Haven police officer dies from an infection at the police station.</Overview>
  <ProductionCode></ProductionCode>
  <Rating>7.7</Rating>
  <RatingCount>50</RatingCount>
  <SeasonNumber>2</SeasonNumber>
  <Writer>Nora Zuckerman|Lilla Zuckerman</Writer>
  <absolute_number></absolute_number>
  <filename>episodes/158661/4143996.jpg</filename>
  <lastupdated>1357499939</lastupdated>
  <seasonid>463844</seasonid>
  <seriesid>158661</seriesid>
</Episode>
<Episode>
  <id>4143997</id>
  <Combined_episodenumber>10</Combined_episodenumber>
  <Combined_season>2</Combined_season>
  <DVD_chapter></DVD_chapter>
  <DVD_discid></DVD_discid>
  <DVD_episodenumber></DVD_episodenumber>
  <DVD_season></DVD_season>
  <Director>Lee Rose</Director>
  <EpImgFlag>2</EpImgFlag>
  <EpisodeName>Who, What, Where, Wendigo?</EpisodeName>
  <EpisodeNumber>10</EpisodeNumber>
  <FirstAired>2011-09-16</FirstAired>
  <GuestStars></GuestStars>
  <IMDB_ID>tt2005639</IMDB_ID>
  <Language>en</Language>
  <Overview>Audrey and Nathan lead a search party into the woods when a local teen goes missing.</Overview>
  <ProductionCode></ProductionCode>
  <Rating>7.8</Rating>
  <RatingCount>56</RatingCount>
  <SeasonNumber>2</SeasonNumber>
  <Writer>Jonathan Abrahams</Writer>
  <absolute_number></absolute_number>
  <filename>episodes/158661/4143997.jpg</filename>
  <lastupdated>1357588679</lastupdated>
  <seasonid>463844</seasonid>
  <seriesid>158661</seriesid>
</Episode>
<Episode>
  <id>4143998</id>
  <Combined_episodenumber>11</Combined_episodenumber>
  <Combined_season>2</Combined_season>
  <DVD_chapter></DVD_chapter>
  <DVD_discid></DVD_discid>
  <DVD_episodenumber></DVD_episodenumber>
  <DVD_season></DVD_season>
  <Director>Shawn Piller</Director>
  <EpImgFlag>2</EpImgFlag>
  <EpisodeName>Business as Usual</EpisodeName>
  <EpisodeNumber>11</EpisodeNumber>
  <FirstAired>2011-09-23</FirstAired>
  <GuestStars></GuestStars>
  <IMDB_ID>tt2004579</IMDB_ID>
  <Language>en</Language>
  <Overview>Secrets from their pasts and an unexpected kiss put Audrey, Nathan and Duke on a collision course with their destinies.</Overview>
  <ProductionCode></ProductionCode>
  <Rating>8.1</Rating>
  <RatingCount>58</RatingCount>
  <SeasonNumber>2</SeasonNumber>
  <Writer>Matt McGuinness|Gabrielle Stanton</Writer>
  <absolute_number></absolute_number>
  <filename>episodes/158661/4143998.jpg</filename>
  <lastupdated>1357588607</lastupdated>
  <seasonid>463844</seasonid>
  <seriesid>158661</seriesid>
</Episode>
<Episode>
  <id>4158102</id>
  <Combined_episodenumber>12</Combined_episodenumber>
  <Combined_season>2</Combined_season>
  <DVD_chapter></DVD_chapter>
  <DVD_discid></DVD_discid>
  <DVD_episodenumber></DVD_episodenumber>
  <DVD_season></DVD_season>
  <Director>Lee Rose</Director>
  <EpImgFlag>2</EpImgFlag>
  <EpisodeName>Sins of the Fathers</EpisodeName>
  <EpisodeNumber>12</EpisodeNumber>
  <FirstAired>2011-09-30</FirstAired>
  <GuestStars></GuestStars>
  <IMDB_ID>tt2005637</IMDB_ID>
  <Language>en</Language>
  <Overview>Fates are revealed when the dead come back to seek their revenge.</Overview>
  <ProductionCode></ProductionCode>
  <Rating>8.0</Rating>
  <RatingCount>51</RatingCount>
  <SeasonNumber>2</SeasonNumber>
  <Writer>Sam Ernst|Jim Dunn</Writer>
  <absolute_number></absolute_number>
  <filename>episodes/158661/4158102.jpg</filename>
  <lastupdated>1357588562</lastupdated>
  <seasonid>463844</seasonid>
  <seriesid>158661</seriesid>
</Episode>
<Episode>
  <id>4158103</id>
  <Combined_episodenumber>13</Combined_episodenumber>
  <Combined_season>2</Combined_season>
  <DVD_chapter></DVD_chapter>
  <DVD_discid></DVD_discid>
  <DVD_episodenumber></DVD_episodenumber>
  <DVD_season></DVD_season>
  <Director></Director>
  <EpImgFlag>2</EpImgFlag>
  <EpisodeName>Silent Night</EpisodeName>
  <EpisodeNumber>13</EpisodeNumber>
  <FirstAired>2011-12-06</FirstAired>
  <GuestStars></GuestStars>
  <IMDB_ID>tt2098189</IMDB_ID>
  <Language>en</Language>
  <Overview>Audrey Parker begins seeing Christmas decorations popping up all over Haven in the middle of July.</Overview>
  <ProductionCode></ProductionCode>
  <Rating>7.9</Rating>
  <RatingCount>26</RatingCount>
  <SeasonNumber>2</SeasonNumber>
  <Writer></Writer>
  <absolute_number></absolute_number>
  <filename>episodes/158661/4158103.jpg</filename>
  <lastupdated>1355595491</lastupdated>
  <seasonid>463844</seasonid>
  <seriesid>158661</seriesid>
</Episode>
<Episode>
  <id>4322755</id>
  <Combined_episodenumber>1</Combined_episodenumber>
  <Combined_season>3</Combined_season>
  <DVD_chapter></DVD_chapter>
  <DVD_discid></DVD_discid>
  <DVD_episodenumber></DVD_episodenumber>
  <DVD_season></DVD_season>
  <Director>Lee Rose</Director>
  <EpImgFlag>2</EpImgFlag>
  <EpisodeName>301</EpisodeName>
  <EpisodeNumber>1</EpisodeNumber>
  <FirstAired>2012-09-21</FirstAired>
  <GuestStars></GuestStars>
  <IMDB_ID></IMDB_ID>
  <Language>en</Language>
  <Overview>While Nathan and Duke set aside their differences and try to find Audrey, a Troubled individual is plagued by alien abductors.</Overview>
  <ProductionCode></ProductionCode>
  <Rating>7.6</Rating>
  <RatingCount>44</RatingCount>
  <SeasonNumber>3</SeasonNumber>
  <Writer></Writer>
  <absolute_number></absolute_number>
  <filename>episodes/158661/4322755.jpg</filename>
  <lastupdated>1360930683</lastupdated>
  <seasonid>491933</seasonid>
  <seriesid>158661</seriesid>
</Episode>
<Episode>
  <id>4354921</id>
  <Combined_episodenumber>2</Combined_episodenumber>
  <Combined_season>3</Combined_season>
  <DVD_chapter></DVD_chapter>
  <DVD_discid></DVD_discid>
  <DVD_episodenumber></DVD_episodenumber>
  <DVD_season></DVD_season>
  <Director></Director>
  <EpImgFlag>2</EpImgFlag>
  <EpisodeName>Stay</EpisodeName>
  <EpisodeNumber>2</EpisodeNumber>
  <FirstAired>2012-09-28</FirstAired>
  <GuestStars></GuestStars>
  <IMDB_ID></IMDB_ID>
  <Language>en</Language>
  <Overview>Naked savages wander the streets of Haven. While Nathan and Audrey try to determine who they are and where they've come from, Duke convinces the Teagues to let him see the old newspapers and determine who the mysterious &quot;Hunter&quot; is and how he's connected to Audrey.</Overview>
  <ProductionCode></ProductionCode>
  <Rating>7.5</Rating>
  <RatingCount>39</RatingCount>
  <SeasonNumber>3</SeasonNumber>
  <Writer></Writer>
  <absolute_number></absolute_number>
  <filename>episodes/158661/4354921.jpg</filename>
  <lastupdated>1360930721</lastupdated>
  <seasonid>491933</seasonid>
  <seriesid>158661</seriesid>
</Episode>
<Episode>
  <id>4354922</id>
  <Combined_episodenumber>3</Combined_episodenumber>
  <Combined_season>3</Combined_season>
  <DVD_chapter></DVD_chapter>
  <DVD_discid></DVD_discid>
  <DVD_episodenumber></DVD_episodenumber>
  <DVD_season></DVD_season>
  <Director>T.W. Peacocke</Director>
  <EpImgFlag>2</EpImgFlag>
  <EpisodeName>The Farmer</EpisodeName>
  <EpisodeNumber>3</EpisodeNumber>
  <FirstAired>2012-10-05</FirstAired>
  <GuestStars></GuestStars>
  <IMDB_ID>tt2391435</IMDB_ID>
  <Language>en</Language>
  <Overview>Audrey and Nathan encounter a bizarre series of deaths suggesting a serial killer, with a unique “trouble”, is at work in Haven. Meanwhile, a Boston cop tries linking the town's latest body to similar cases.</Overview>
  <ProductionCode></ProductionCode>
  <Rating>7.7</Rating>
  <RatingCount>33</RatingCount>
  <SeasonNumber>3</SeasonNumber>
  <Writer>|Sam Ernst|Jim Dunn|</Writer>
  <absolute_number></absolute_number>
  <filename>episodes/158661/4354922.jpg</filename>
  <lastupdated>1360930748</lastupdated>
  <seasonid>491933</seasonid>
  <seriesid>158661</seriesid>
</Episode>
<Episode>
  <id>4354923</id>
  <Combined_episodenumber>4</Combined_episodenumber>
  <Combined_season>3</Combined_season>
  <DVD_chapter></DVD_chapter>
  <DVD_discid></DVD_discid>
  <DVD_episodenumber></DVD_episodenumber>
  <DVD_season></DVD_season>
  <Director>Robert Lieberman</Director>
  <EpImgFlag>2</EpImgFlag>
  <EpisodeName>Over My Head</EpisodeName>
  <EpisodeNumber>4</EpisodeNumber>
  <FirstAired>2012-10-12</FirstAired>
  <GuestStars></GuestStars>
  <IMDB_ID>tt2391437</IMDB_ID>
  <Language>en</Language>
  <Overview>Audrey and Nathan investigate a series of strange incidents where the only common factor is a missing woman. Meanwhile, Duke insists on tailing along on the officers' investigation, while the Teagues do some digging on Tommy's background.</Overview>
  <ProductionCode></ProductionCode>
  <Rating>7.6</Rating>
  <RatingCount>40</RatingCount>
  <SeasonNumber>3</SeasonNumber>
  <Writer>Gabrielle G. Stanton</Writer>
  <absolute_number></absolute_number>
  <filename>episodes/158661/4354923.jpg</filename>
  <lastupdated>1360930768</lastupdated>
  <seasonid>491933</seasonid>
  <seriesid>158661</seriesid>
</Episode>
<Episode>
  <id>4361564</id>
  <Combined_episodenumber>5</Combined_episodenumber>
  <Combined_season>3</Combined_season>
  <DVD_chapter></DVD_chapter>
  <DVD_discid></DVD_discid>
  <DVD_episodenumber></DVD_episodenumber>
  <DVD_season></DVD_season>
  <Director>Nisha Ganatra</Director>
  <EpImgFlag>2</EpImgFlag>
  <EpisodeName>Double Jeopardy</EpisodeName>
  <EpisodeNumber>5</EpisodeNumber>
  <FirstAired>2012-10-19</FirstAired>
  <GuestStars></GuestStars>
  <IMDB_ID>tt2391439</IMDB_ID>
  <Language>en</Language>
  <Overview>A female vigilante stalks Haven's criminals, rendering poetic justice. Meanwhile, Nathan grows closer to Jordan as he attempts to infiltrate the Guard, and Audrey learns more about the bolt-gun killer that is stalking her.</Overview>
  <ProductionCode></ProductionCode>
  <Rating>7.8</Rating>
  <RatingCount>34</RatingCount>
  <SeasonNumber>3</SeasonNumber>
  <Writer>|Nora Zuckerman|Lilla Zuckerman|</Writer>
  <absolute_number>31</absolute_number>
  <filename>episodes/158661/4361564.jpg</filename>
  <lastupdated>1360930796</lastupdated>
  <seasonid>491933</seasonid>
  <seriesid>158661</seriesid>
</Episode>
<Episode>
  <id>4361565</id>
  <Combined_episodenumber>6</Combined_episodenumber>
  <Combined_season>3</Combined_season>
  <DVD_chapter></DVD_chapter>
  <DVD_discid></DVD_discid>
  <DVD_episodenumber></DVD_episodenumber>
  <DVD_season></DVD_season>
  <Director>Jason Priestley</Director>
  <EpImgFlag>2</EpImgFlag>
  <EpisodeName>Real Estate</EpisodeName>
  <EpisodeNumber>6</EpisodeNumber>
  <FirstAired>2012-10-26</FirstAired>
  <GuestStars></GuestStars>
  <IMDB_ID>tt2391441</IMDB_ID>
  <Language>en</Language>
  <Overview>On Halloween night, Audrey, Nathan and Duke become trapped inside a haunted house.</Overview>
  <ProductionCode></ProductionCode>
  <Rating>7.7</Rating>
  <RatingCount>33</RatingCount>
  <SeasonNumber>3</SeasonNumber>
  <Writer>Brian Millikin</Writer>
  <absolute_number>32</absolute_number>
  <filename>episodes/158661/4361565.jpg</filename>
  <lastupdated>1360010576</lastupdated>
  <seasonid>491933</seasonid>
  <seriesid>158661</seriesid>
</Episode>
<Episode>
  <id>4361567</id>
  <Combined_episodenumber>7</Combined_episodenumber>
  <Combined_season>3</Combined_season>
  <DVD_chapter></DVD_chapter>
  <DVD_discid></DVD_discid>
  <DVD_episodenumber></DVD_episodenumber>
  <DVD_season></DVD_season>
  <Director></Director>
  <EpImgFlag>2</EpImgFlag>
  <EpisodeName>Magic Hour (1)</EpisodeName>
  <EpisodeNumber>7</EpisodeNumber>
  <FirstAired>2012-11-02</FirstAired>
  <GuestStars></GuestStars>
  <IMDB_ID></IMDB_ID>
  <Language>en</Language>
  <Overview>While Audrey and Duke track down the Colorado Kid's parents, Nathan and Tommy investigate Troubled incidents involving the resurrection of dead for payment.</Overview>
  <ProductionCode></ProductionCode>
  <Rating>7.9</Rating>
  <RatingCount>34</RatingCount>
  <SeasonNumber>3</SeasonNumber>
  <Writer>Shernold Edwards</Writer>
  <absolute_number></absolute_number>
  <filename>episodes/158661/4361567.jpg</filename>
  <lastupdated>1360930837</lastupdated>
  <seasonid>491933</seasonid>
  <seriesid>158661</seriesid>
</Episode>
<Episode>
  <id>4396317</id>
  <Combined_episodenumber>8</Combined_episodenumber>
  <Combined_season>3</Combined_season>
  <DVD_chapter></DVD_chapter>
  <DVD_discid></DVD_discid>
  <DVD_episodenumber></DVD_episodenumber>
  <DVD_season></DVD_season>
  <Director></Director>
  <EpImgFlag>2</EpImgFlag>
  <EpisodeName>Magic Hour (2)</EpisodeName>
  <EpisodeNumber>8</EpisodeNumber>
  <FirstAired>2012-11-09</FirstAired>
  <GuestStars></GuestStars>
  <IMDB_ID></IMDB_ID>
  <Language>en</Language>
  <Overview>Audrey and Duke return from Colorado; Audrey, Duke and Tommy try to find the woman with the resurrection touch.</Overview>
  <ProductionCode></ProductionCode>
  <Rating>8.1</Rating>
  <RatingCount>31</RatingCount>
  <SeasonNumber>3</SeasonNumber>
  <Writer></Writer>
  <absolute_number></absolute_number>
  <filename>episodes/158661/4396317.jpg</filename>
  <lastupdated>1360011191</lastupdated>
  <seasonid>491933</seasonid>
  <seriesid>158661</seriesid>
</Episode>
<Episode>
  <id>4396318</id>
  <Combined_episodenumber>9</Combined_episodenumber>
  <Combined_season>3</Combined_season>
  <DVD_chapter></DVD_chapter>
  <DVD_discid></DVD_discid>
  <DVD_episodenumber></DVD_episodenumber>
  <DVD_season></DVD_season>
  <Director></Director>
  <EpImgFlag>2</EpImgFlag>
  <EpisodeName>Sarah</EpisodeName>
  <EpisodeNumber>9</EpisodeNumber>
  <FirstAired>2012-11-16</FirstAired>
  <GuestStars></GuestStars>
  <IMDB_ID></IMDB_ID>
  <Language>en</Language>
  <Overview>A Troubled war veteran sends Duke and Nathan back to 1955. Meanwhile, in the present Audrey tries to deal with an altered timeline where Driscoll's men have taken over the town.</Overview>
  <ProductionCode></ProductionCode>
  <Rating>7.9</Rating>
  <RatingCount>31</RatingCount>
  <SeasonNumber>3</SeasonNumber>
  <Writer>|Nora Zuckerman|Lilla Zuckerman|</Writer>
  <absolute_number></absolute_number>
  <filename>episodes/158661/4396318.jpg</filename>
  <lastupdated>1360930915</lastupdated>
  <seasonid>491933</seasonid>
  <seriesid>158661</seriesid>
</Episode>
<Episode>
  <id>4396319</id>
  <Combined_episodenumber>10</Combined_episodenumber>
  <Combined_season>3</Combined_season>
  <DVD_chapter></DVD_chapter>
  <DVD_discid></DVD_discid>
  <DVD_episodenumber></DVD_episodenumber>
  <DVD_season></DVD_season>
  <Director></Director>
  <EpImgFlag>2</EpImgFlag>
  <EpisodeName>Burned</EpisodeName>
  <EpisodeNumber>10</EpisodeNumber>
  <FirstAired>2012-11-30</FirstAired>
  <GuestStars></GuestStars>
  <IMDB_ID></IMDB_ID>
  <Language>en</Language>
  <Overview>Facing the looming prophecy of her disappearance in just a few days, Audrey tries to do anything that will alter her fate, but a series of events bring her face-to-face with the Bolt Gun Killer.</Overview>
  <ProductionCode></ProductionCode>
  <Rating>8.0</Rating>
  <RatingCount>29</RatingCount>
  <SeasonNumber>3</SeasonNumber>
  <Writer></Writer>
  <absolute_number></absolute_number>
  <filename>episodes/158661/4396319.jpg</filename>
  <lastupdated>1360011253</lastupdated>
  <seasonid>491933</seasonid>
  <seriesid>158661</seriesid>
</Episode>
<Episode>
  <id>4396320</id>
  <Combined_episodenumber>11</Combined_episodenumber>
  <Combined_season>3</Combined_season>
  <DVD_chapter></DVD_chapter>
  <DVD_discid></DVD_discid>
  <DVD_episodenumber></DVD_episodenumber>
  <DVD_season></DVD_season>
  <Director></Director>
  <EpImgFlag>2</EpImgFlag>
  <EpisodeName>Last Goodbyes</EpisodeName>
  <EpisodeNumber>11</EpisodeNumber>
  <FirstAired>2012-12-07</FirstAired>
  <GuestStars></GuestStars>
  <IMDB_ID></IMDB_ID>
  <Language>en</Language>
  <Overview>Haven falls into a deep sleep; Audrey must work with the only other person awake in town; more questions arise about the Bolt Gun Killer.</Overview>
  <ProductionCode></ProductionCode>
  <Rating>7.7</Rating>
  <RatingCount>27</RatingCount>
  <SeasonNumber>3</SeasonNumber>
  <Writer></Writer>
  <absolute_number></absolute_number>
  <filename>episodes/158661/4396320.jpg</filename>
  <lastupdated>1360011278</lastupdated>
  <seasonid>491933</seasonid>
  <seriesid>158661</seriesid>
</Episode>
<Episode>
  <id>4396321</id>
  <Combined_episodenumber>12</Combined_episodenumber>
  <Combined_season>3</Combined_season>
  <DVD_chapter></DVD_chapter>
  <DVD_discid></DVD_discid>
  <DVD_episodenumber></DVD_episodenumber>
  <DVD_season></DVD_season>
  <Director>Lee Rose</Director>
  <EpImgFlag>2</EpImgFlag>
  <EpisodeName>Reunion</EpisodeName>
  <EpisodeNumber>12</EpisodeNumber>
  <FirstAired>2013-01-17</FirstAired>
  <GuestStars>Laura Vandervoort</GuestStars>
  <IMDB_ID></IMDB_ID>
  <Language>en</Language>
  <Overview>Nathan and Duke try to help Audrey search for a troubled killer after a string of murders take place at the Haven High school.</Overview>
  <ProductionCode></ProductionCode>
  <Rating>7.5</Rating>
  <RatingCount>28</RatingCount>
  <SeasonNumber>3</SeasonNumber>
  <Writer>Gabrielle Stanton</Writer>
  <absolute_number></absolute_number>
  <filename>episodes/158661/4396321.jpg</filename>
  <lastupdated>1360011315</lastupdated>
  <seasonid>491933</seasonid>
  <seriesid>158661</seriesid>
</Episode>
<Episode>
  <id>4396322</id>
  <Combined_episodenumber>13</Combined_episodenumber>
  <Combined_season>3</Combined_season>
  <DVD_chapter></DVD_chapter>
  <DVD_discid></DVD_discid>
  <DVD_episodenumber></DVD_episodenumber>
  <DVD_season></DVD_season>
  <Director>Shawn Piller</Director>
  <EpImgFlag>2</EpImgFlag>
  <EpisodeName>Thanks for the Memories</EpisodeName>
  <EpisodeNumber>13</EpisodeNumber>
  <FirstAired>2013-01-17</FirstAired>
  <GuestStars>Laura Vandervoort</GuestStars>
  <IMDB_ID></IMDB_ID>
  <Language>en</Language>
  <Overview>As Audrey grapples with her fate; at the same time she, Nathan and Duke prepare for a showdown with the Bolt Gun Killer. </Overview>
  <ProductionCode></ProductionCode>
  <Rating>7.9</Rating>
  <RatingCount>26</RatingCount>
  <SeasonNumber>3</SeasonNumber>
  <Writer>Sam Ernst|Jim Dunn</Writer>
  <absolute_number></absolute_number>
  <filename>episodes/158661/4396322.jpg</filename>
  <lastupdated>1360011369</lastupdated>
  <seasonid>491933</seasonid>
  <seriesid>158661</seriesid>
</Episode>
</Data>