<?xml version="1.0" encoding="UTF-8" ?>
<Banners>
<Banner>
  <id>26642</id>
  <BannerPath>fanart/original/82120-1.jpg</BannerPath>
  <BannerType>fanart</BannerType>
  <BannerType2>1280x720</BannerType2>
  <Colors>|104,2,0|255,230,209|7,14,6|</Colors>
  <Language>en</Language>
  <Rating>7.0000</Rating>
  <RatingCount>3</RatingCount>
  <SeriesName>false</SeriesName>
  <ThumbnailPath>_cache/fanart/original/82120-1.jpg</ThumbnailPath>
  <VignettePath>fanart/vignette/82120-1.jpg</VignettePath>
</Banner>
<Banner>
  <id>420341</id>
  <BannerPath>fanart/original/82120-3.jpg</BannerPath>
  <BannerType>fanart</BannerType>
  <BannerType2>1280x720</BannerType2>
  <Colors></Colors>
  <Language>en</Language>
  <Rating>6.0000</Rating>
  <RatingCount>1</RatingCount>
  <SeriesName>true</SeriesName>
  <ThumbnailPath>_cache/fanart/original/82120-3.jpg</ThumbnailPath>
  <VignettePath>fanart/vignette/82120-3.jpg</VignettePath>
</Banner>
<Banner>
  <id>30328</id>
  <BannerPath>fanart/original/82120-2.jpg</BannerPath>
  <BannerType>fanart</BannerType>
  <BannerType2>1280x720</BannerType2>
  <Colors></Colors>
  <Language>en</Language>
  <Rating>2.5000</Rating>
  <RatingCount>2</RatingCount>
  <SeriesName>false</SeriesName>
  <ThumbnailPath>_cache/fanart/original/82120-2.jpg</ThumbnailPath>
  <VignettePath>fanart/vignette/82120-2.jpg</VignettePath>
</Banner>
<Banner>
  <id>30123</id>
  <BannerPath>posters/82120-1.jpg</BannerPath>
  <BannerType>poster</BannerType>
  <BannerType2>680x1000</BannerType2>
  <Language>en</Language>
  <Rating></Rating>
  <RatingCount>0</RatingCount>
</Banner>
<Banner>
  <id>26685</id>
  <BannerPath>seasons/82120-1.jpg</BannerPath>
  <BannerType>season</BannerType>
  <BannerType2>season</BannerType2>
  <Language>en</Language>
  <Rating></Rating>
  <RatingCount>0</RatingCount>
  <Season>1</Season>
</Banner>
<Banner>
  <id>24989</id>
  <BannerPath>graphical/82120-g2.jpg</BannerPath>
  <BannerType>series</BannerType>
  <BannerType2>graphical</BannerType2>
  <Language>en</Language>
  <Rating>8.0000</Rating>
  <RatingCount>2</RatingCount>
</Banner>
<Banner>
  <id>24239</id>
  <BannerPath>graphical/82120-g.jpg</BannerPath>
  <BannerType>series</BannerType>
  <BannerType2>graphical</BannerType2>
  <Language>en</Language>
  <Rating>7.0000</Rating>
  <RatingCount>2</RatingCount>
</Banner>
</Banners>