<?xml version="1.0" encoding="UTF-8" ?>
<Data><Series>
  <id>82120</id>
  <Actors>||</Actors>
  <Airs_DayOfWeek>Thursday</Airs_DayOfWeek>
  <Airs_Time>10:00 PM</Airs_Time>
  <ContentRating></ContentRating>
  <FirstAired>2008-06-05</FirstAired>
  <Genre>|Drama|Science-Fiction|</Genre>
  <IMDB_ID></IMDB_ID>
  <Language>en</Language>
  <Network>NBC</Network>
  <NetworkID></NetworkID>
  <Overview>A television series broken down into 13 separate 60-minute films from premiere horror writers and directors. </Overview>
  <Rating>6.4</Rating>
  <RatingCount>5</RatingCount>
  <Runtime>60</Runtime>
  <SeriesID></SeriesID>
  <SeriesName>Fear Itself</SeriesName>
  <Status>Ended</Status>
  <added></added>
  <addedBy></addedBy>
  <banner>graphical/82120-g2.jpg</banner>
  <fanart>fanart/original/82120-1.jpg</fanart>
  <lastupdated>1361318659</lastupdated>
  <poster>posters/82120-1.jpg</poster>
  <zap2it_id></zap2it_id>
</Series>
<Episode>
  <id>368900</id>
  <Combined_episodenumber>1</Combined_episodenumber>
  <Combined_season>1</Combined_season>
  <DVD_chapter></DVD_chapter>
  <DVD_discid></DVD_discid>
  <DVD_episodenumber></DVD_episodenumber>
  <DVD_season></DVD_season>
  <Director>Breck Eisner</Director>
  <EpImgFlag>2</EpImgFlag>
  <EpisodeName>The Sacrifice</EpisodeName>
  <EpisodeNumber>1</EpisodeNumber>
  <FirstAired>2008-06-05</FirstAired>
  <GuestStars>Jesse Plemons (Lemmon)|Mircea Monroe (Virginia)|Stephen Martines (Diego)|Rachel Miner (Chelsea)|Jeffrey Pierce (Point)|Michelle Molineux (Tara)</GuestStars>
  <IMDB_ID></IMDB_ID>
  <Language>en</Language>
  <Overview>On the lam from the authorities, four criminals find themselves held up at a decrepit fort inhabited by three alluring women.</Overview>
  <ProductionCode></ProductionCode>
  <Rating>7.2</Rating>
  <RatingCount>12</RatingCount>
  <SeasonNumber>1</SeasonNumber>
  <Writer>Mick Garris|Del Howison</Writer>
  <absolute_number></absolute_number>
  <filename>episodes/82120/368900.jpg</filename>
  <lastupdated>1326292678</lastupdated>
  <seasonid>32735</seasonid>
  <seriesid>82120</seriesid>
</Episode>
<Episode>
  <id>368901</id>
  <Combined_episodenumber>2</Combined_episodenumber>
  <Combined_season>1</Combined_season>
  <DVD_chapter></DVD_chapter>
  <DVD_discid></DVD_discid>
  <DVD_episodenumber></DVD_episodenumber>
  <DVD_season></DVD_season>
  <Director>Brad Anderson</Director>
  <EpImgFlag>2</EpImgFlag>
  <EpisodeName>Spooked</EpisodeName>
  <EpisodeNumber>2</EpisodeNumber>
  <FirstAired>2008-06-12</FirstAired>
  <GuestStars>Eric Roberts|Jack Noseworthy|Cynthia Watros|Larry Gilliard Jr.|Tom Edwards</GuestStars>
  <IMDB_ID></IMDB_ID>
  <Language>en</Language>
  <Overview>A private eye is forced to confront the demons from his past while staking out a haunted house.</Overview>
  <ProductionCode></ProductionCode>
  <Rating>6.2</Rating>
  <RatingCount>6</RatingCount>
  <SeasonNumber>1</SeasonNumber>
  <Writer>Matt Venne</Writer>
  <absolute_number></absolute_number>
  <filename>episodes/82120/368901.jpg</filename>
  <lastupdated>1326292711</lastupdated>
  <seasonid>32735</seasonid>
  <seriesid>82120</seriesid>
</Episode>
<Episode>
  <id>368902</id>
  <Combined_episodenumber>3</Combined_episodenumber>
  <Combined_season>1</Combined_season>
  <DVD_chapter></DVD_chapter>
  <DVD_discid></DVD_discid>
  <DVD_episodenumber></DVD_episodenumber>
  <DVD_season></DVD_season>
  <Director>Ronny Yu</Director>
  <EpImgFlag>2</EpImgFlag>
  <EpisodeName>Family Man</EpisodeName>
  <EpisodeNumber>3</EpisodeNumber>
  <FirstAired>2008-06-19</FirstAired>
  <GuestStars>Colin Ferguson|Michael St. John Smith|Nicole Leduc|Clifton Collins Jr.|Josie Davis|Gig Morton</GuestStars>
  <IMDB_ID></IMDB_ID>
  <Language>en</Language>
  <Overview>A near-death experience causes a likeable family man to switch bodies with an incarcerated serial killer.</Overview>
  <ProductionCode></ProductionCode>
  <Rating>6.3</Rating>
  <RatingCount>4</RatingCount>
  <SeasonNumber>1</SeasonNumber>
  <Writer>Daniel Knauf</Writer>
  <absolute_number></absolute_number>
  <filename>episodes/82120/368902.jpg</filename>
  <lastupdated>1326292737</lastupdated>
  <seasonid>32735</seasonid>
  <seriesid>82120</seriesid>
</Episode>
<Episode>
  <id>368903</id>
  <Combined_episodenumber>4</Combined_episodenumber>
  <Combined_season>1</Combined_season>
  <DVD_chapter></DVD_chapter>
  <DVD_discid></DVD_discid>
  <DVD_episodenumber></DVD_episodenumber>
  <DVD_season></DVD_season>
  <Director>John Landis</Director>
  <EpImgFlag>2</EpImgFlag>
  <EpisodeName>In Sickness and in Health</EpisodeName>
  <EpisodeNumber>4</EpisodeNumber>
  <FirstAired>2008-06-26</FirstAired>
  <GuestStars>Christie Laing|Marshall Bell|Sonja Bennett|Maggie Lawson|James Roday</GuestStars>
  <IMDB_ID></IMDB_ID>
  <Language>en</Language>
  <Overview>A bride learns from a mysterious note that her soon-to-be-husband is possibly a serial killer.</Overview>
  <ProductionCode></ProductionCode>
  <Rating>6.7</Rating>
  <RatingCount>6</RatingCount>
  <SeasonNumber>1</SeasonNumber>
  <Writer>Victor Salva</Writer>
  <absolute_number></absolute_number>
  <filename>episodes/82120/368903.jpg</filename>
  <lastupdated>1326292761</lastupdated>
  <seasonid>32735</seasonid>
  <seriesid>82120</seriesid>
</Episode>
<Episode>
  <id>368905</id>
  <Combined_episodenumber>5</Combined_episodenumber>
  <Combined_season>1</Combined_season>
  <DVD_chapter></DVD_chapter>
  <DVD_discid></DVD_discid>
  <DVD_episodenumber></DVD_episodenumber>
  <DVD_season></DVD_season>
  <Director>Stuart Gordon</Director>
  <EpImgFlag>2</EpImgFlag>
  <EpisodeName>Eater</EpisodeName>
  <EpisodeNumber>5</EpisodeNumber>
  <FirstAired>2008-07-03</FirstAired>
  <GuestStars>Russell Hornsby|Stephen Lee|Pablo Schreiber|Elisabeth Moss|Stephen Hart</GuestStars>
  <IMDB_ID></IMDB_ID>
  <Language>en</Language>
  <Overview>A new cop is left to guard a serial killer dubbed &quot;The Eater&quot;. Things take a turn for the worst when her fellow cops begin to act strangely.</Overview>
  <ProductionCode></ProductionCode>
  <Rating>6.8</Rating>
  <RatingCount>5</RatingCount>
  <SeasonNumber>1</SeasonNumber>
  <Writer>Richard Chizmar|Johnathon Schaech</Writer>
  <absolute_number></absolute_number>
  <filename>episodes/82120/368905.jpg</filename>
  <lastupdated>1326292784</lastupdated>
  <seasonid>32735</seasonid>
  <seriesid>82120</seriesid>
</Episode>
<Episode>
  <id>368907</id>
  <Combined_episodenumber>6</Combined_episodenumber>
  <Combined_season>1</Combined_season>
  <DVD_chapter></DVD_chapter>
  <DVD_discid></DVD_discid>
  <DVD_episodenumber></DVD_episodenumber>
  <DVD_season></DVD_season>
  <Director>Darren Lynn Bousman</Director>
  <EpImgFlag>2</EpImgFlag>
  <EpisodeName>New Year's Day</EpisodeName>
  <EpisodeNumber>6</EpisodeNumber>
  <FirstAired>2008-07-17</FirstAired>
  <GuestStars>Briana Evigan</GuestStars>
  <IMDB_ID></IMDB_ID>
  <Language>en</Language>
  <Overview>In a post-apocalyptic world, a woman discovers that the planet has been taken over by zombies.</Overview>
  <ProductionCode></ProductionCode>
  <Rating>4.6</Rating>
  <RatingCount>5</RatingCount>
  <SeasonNumber>1</SeasonNumber>
  <Writer>Paul Kane|Steve Niles</Writer>
  <absolute_number></absolute_number>
  <filename>episodes/82120/368907.jpg</filename>
  <lastupdated>1326292807</lastupdated>
  <seasonid>32735</seasonid>
  <seriesid>82120</seriesid>
</Episode>
<Episode>
  <id>368904</id>
  <Combined_episodenumber>7</Combined_episodenumber>
  <Combined_season>1</Combined_season>
  <DVD_chapter></DVD_chapter>
  <DVD_discid></DVD_discid>
  <DVD_episodenumber></DVD_episodenumber>
  <DVD_season></DVD_season>
  <Director>Mary Harron</Director>
  <EpImgFlag>2</EpImgFlag>
  <EpisodeName>Community</EpisodeName>
  <EpisodeNumber>7</EpisodeNumber>
  <FirstAired>2008-07-24</FirstAired>
  <GuestStars>Brandon Routh|John Billingsley|Bonita Friedericy|Shiri Appleby</GuestStars>
  <IMDB_ID></IMDB_ID>
  <Language>en</Language>
  <Overview>A married couple moves to a Stepford-like neighborhood. They learn that their new neighbours will go to any length to keep their neighbourhood &quot;perfect&quot;.</Overview>
  <ProductionCode></ProductionCode>
  <Rating>6.5</Rating>
  <RatingCount>4</RatingCount>
  <SeasonNumber>1</SeasonNumber>
  <Writer>Kelly Kennemer</Writer>
  <absolute_number></absolute_number>
  <filename>episodes/82120/368904.jpg</filename>
  <lastupdated>1326292827</lastupdated>
  <seasonid>32735</seasonid>
  <seriesid>82120</seriesid>
</Episode>
<Episode>
  <id>368908</id>
  <Combined_episodenumber>8</Combined_episodenumber>
  <Combined_season>1</Combined_season>
  <DVD_chapter></DVD_chapter>
  <DVD_discid></DVD_discid>
  <DVD_episodenumber></DVD_episodenumber>
  <DVD_season></DVD_season>
  <Director>Larry Fessenden</Director>
  <EpImgFlag>2</EpImgFlag>
  <EpisodeName>Skin &amp; Bones</EpisodeName>
  <EpisodeNumber>8</EpisodeNumber>
  <FirstAired>2008-07-31</FirstAired>
  <GuestStars>Doug Jones</GuestStars>
  <IMDB_ID></IMDB_ID>
  <Language>en</Language>
  <Overview>After being missing for days in the forest, a herder returns home and must battle an inner demon that is possessing him.</Overview>
  <ProductionCode></ProductionCode>
  <Rating>6.4</Rating>
  <RatingCount>5</RatingCount>
  <SeasonNumber>1</SeasonNumber>
  <Writer>Drew McWeeny|Scott Swan</Writer>
  <absolute_number></absolute_number>
  <filename>episodes/82120/368908.jpg</filename>
  <lastupdated>1326292849</lastupdated>
  <seasonid>32735</seasonid>
  <seriesid>82120</seriesid>
</Episode>
<Episode>
  <id>368906</id>
  <Combined_episodenumber>9</Combined_episodenumber>
  <Combined_season>1</Combined_season>
  <DVD_chapter></DVD_chapter>
  <DVD_discid></DVD_discid>
  <DVD_episodenumber></DVD_episodenumber>
  <DVD_season></DVD_season>
  <Director>Ernest Dickerson</Director>
  <EpImgFlag>2</EpImgFlag>
  <EpisodeName>Something With Bite</EpisodeName>
  <EpisodeNumber>9</EpisodeNumber>
  <FirstAired>2009-01-03</FirstAired>
  <GuestStars>Paula Jai Parker|Wendell Pierce</GuestStars>
  <IMDB_ID></IMDB_ID>
  <Language>en</Language>
  <Overview>Wilbur Orwell finds himself turning into a werewolf in this modern re-imagining of the classic tales.</Overview>
  <ProductionCode></ProductionCode>
  <Rating>5.0</Rating>
  <RatingCount>2</RatingCount>
  <SeasonNumber>1</SeasonNumber>
  <Writer>Max Landis</Writer>
  <absolute_number></absolute_number>
  <filename>episodes/82120/368906.jpg</filename>
  <lastupdated>1326292871</lastupdated>
  <seasonid>32735</seasonid>
  <seriesid>82120</seriesid>
</Episode>
<Episode>
  <id>368909</id>
  <Combined_episodenumber>10</Combined_episodenumber>
  <Combined_season>1</Combined_season>
  <DVD_chapter></DVD_chapter>
  <DVD_discid></DVD_discid>
  <DVD_episodenumber></DVD_episodenumber>
  <DVD_season></DVD_season>
  <Director>John Dahl</Director>
  <EpImgFlag>3</EpImgFlag>
  <EpisodeName>Chance    </EpisodeName>
  <EpisodeNumber>10</EpisodeNumber>
  <FirstAired>2009-01-10</FirstAired>
  <GuestStars></GuestStars>
  <IMDB_ID></IMDB_ID>
  <Language>en</Language>
  <Overview>Chance Miller confronts his evil doppelgänger.</Overview>
  <ProductionCode></ProductionCode>
  <Rating>3.7</Rating>
  <RatingCount>3</RatingCount>
  <SeasonNumber>1</SeasonNumber>
  <Writer>Lem Dobbs</Writer>
  <absolute_number></absolute_number>
  <filename>episodes/82120/368909.jpg</filename>
  <lastupdated>1326292896</lastupdated>
  <seasonid>32735</seasonid>
  <seriesid>82120</seriesid>
</Episode>
<Episode>
  <id>368910</id>
  <Combined_episodenumber>11</Combined_episodenumber>
  <Combined_season>1</Combined_season>
  <DVD_chapter></DVD_chapter>
  <DVD_discid></DVD_discid>
  <DVD_episodenumber></DVD_episodenumber>
  <DVD_season></DVD_season>
  <Director>Rupert Wainwright</Director>
  <EpImgFlag>3</EpImgFlag>
  <EpisodeName>The Spirit Box</EpisodeName>
  <EpisodeNumber>11</EpisodeNumber>
  <FirstAired>2009-01-17</FirstAired>
  <GuestStars></GuestStars>
  <IMDB_ID></IMDB_ID>
  <Language>en</Language>
  <Overview>A dead schoolgirl—thought to have committed suicide—speaks to her classmates, Becca and Shelby, from beyond the grave. The dead girl reveals that she was in fact murdered, and that she wants her classmates' help in seeking revenge.</Overview>
  <ProductionCode></ProductionCode>
  <Rating>6.0</Rating>
  <RatingCount>1</RatingCount>
  <SeasonNumber>1</SeasonNumber>
  <Writer>Joe Gangemi</Writer>
  <absolute_number></absolute_number>
  <filename>episodes/82120/368910.jpg</filename>
  <lastupdated>1326292915</lastupdated>
  <seasonid>32735</seasonid>
  <seriesid>82120</seriesid>
</Episode>
<Episode>
  <id>368911</id>
  <Combined_episodenumber>12</Combined_episodenumber>
  <Combined_season>1</Combined_season>
  <DVD_chapter></DVD_chapter>
  <DVD_discid></DVD_discid>
  <DVD_episodenumber></DVD_episodenumber>
  <DVD_season></DVD_season>
  <Director>Rob Bowman</Director>
  <EpImgFlag>3</EpImgFlag>
  <EpisodeName>Echoes</EpisodeName>
  <EpisodeNumber>12</EpisodeNumber>
  <FirstAired>2009-01-24</FirstAired>
  <GuestStars></GuestStars>
  <IMDB_ID></IMDB_ID>
  <Language>en</Language>
  <Overview>Sam believes that he was a sadistic murderer in a previous life. Fearful, Sam attempts to stop his previous life from bleeding into the present.</Overview>
  <ProductionCode></ProductionCode>
  <Rating>6.0</Rating>
  <RatingCount>1</RatingCount>
  <SeasonNumber>1</SeasonNumber>
  <Writer>Sean Hood</Writer>
  <absolute_number></absolute_number>
  <filename>episodes/82120/368911.jpg</filename>
  <lastupdated>1326292932</lastupdated>
  <seasonid>32735</seasonid>
  <seriesid>82120</seriesid>
</Episode>
<Episode>
  <id>368912</id>
  <Combined_episodenumber>13</Combined_episodenumber>
  <Combined_season>1</Combined_season>
  <DVD_chapter></DVD_chapter>
  <DVD_discid></DVD_discid>
  <DVD_episodenumber></DVD_episodenumber>
  <DVD_season></DVD_season>
  <Director></Director>
  <EpImgFlag>3</EpImgFlag>
  <EpisodeName>The Circle</EpisodeName>
  <EpisodeNumber>13</EpisodeNumber>
  <FirstAired>2009-01-31</FirstAired>
  <GuestStars></GuestStars>
  <IMDB_ID></IMDB_ID>
  <Language>en</Language>
  <Overview>Each Halloween a group of friends get together to tell each other horror stories; however, the group finds that they're living one of their stories.</Overview>
  <ProductionCode></ProductionCode>
  <Rating>7.0</Rating>
  <RatingCount>1</RatingCount>
  <SeasonNumber>1</SeasonNumber>
  <Writer>Lewis Shiner|Richard Chizmar|Johnathon Schaech</Writer>
  <absolute_number></absolute_number>
  <filename>episodes/82120/368912.jpg</filename>
  <lastupdated>1326292950</lastupdated>
  <seasonid>32735</seasonid>
  <seriesid>82120</seriesid>
</Episode>
</Data>