<?xml version="1.0" encoding="UTF-8" ?>
<Data><Series>
  <id>79216</id>
  <Actors>|Chris O'Dowd|Katherine Parkinson|Richard Ayoade|Matt Berry|Chris Morris|Noel Fielding|</Actors>
  <Airs_DayOfWeek>Friday</Airs_DayOfWeek>
  <Airs_Time>9:30 PM</Airs_Time>
  <ContentRating>TV-14</ContentRating>
  <FirstAired>2006-02-03</FirstAired>
  <Genre>|Comedy|Drama|</Genre>
  <IMDB_ID>tt0487831</IMDB_ID>
  <Language>en</Language>
  <Network>Channel 4</Network>
  <NetworkID></NetworkID>
  <Overview>At the UK company Reynholm Industries, their corporate high-rise towers are full of beautiful happy people with one success story after another. Well, except for the employees that work in the basement - the IT department. While their colleagues work in fantastic surroundings, Jen, Roy and Moss must work below ground in the dark and horrible basement, struggling to make it into normal society.

The IT Crowd is a playful and somewhat surreal look at what it's really like to be the underclass of every company - the IT Department.</Overview>
  <Rating>8.8</Rating>
  <RatingCount>201</RatingCount>
  <Runtime>30</Runtime>
  <SeriesID>54188</SeriesID>
  <SeriesName>The IT Crowd</SeriesName>
  <Status>Ended</Status>
  <added></added>
  <addedBy></addedBy>
  <banner>graphical/79216-g8.jpg</banner>
  <fanart>fanart/original/79216-17.jpg</fanart>
  <lastupdated>1364858451</lastupdated>
  <poster>posters/79216-1.jpg</poster>
  <zap2it_id>SH930794</zap2it_id>
</Series>
<Episode>
  <id>2454891</id>
  <Combined_episodenumber>18.0</Combined_episodenumber>
  <Combined_season>0</Combined_season>
  <DVD_chapter></DVD_chapter>
  <DVD_discid></DVD_discid>
  <DVD_episodenumber>18.0</DVD_episodenumber>
  <DVD_season></DVD_season>
  <Director></Director>
  <EpImgFlag></EpImgFlag>
  <EpisodeName>Season 4 Promo #1</EpisodeName>
  <EpisodeNumber>1</EpisodeNumber>
  <FirstAired></FirstAired>
  <GuestStars></GuestStars>
  <IMDB_ID></IMDB_ID>
  <Language>en</Language>
  <Overview></Overview>
  <ProductionCode></ProductionCode>
  <Rating></Rating>
  <RatingCount>0</RatingCount>
  <SeasonNumber>0</SeasonNumber>
  <Writer></Writer>
  <absolute_number></absolute_number>
  <airsafter_season></airsafter_season>
  <airsbefore_episode></airsbefore_episode>
  <airsbefore_season></airsbefore_season>
  <filename></filename>
  <lastupdated>1294328007</lastupdated>
  <seasonid>26660</seasonid>
  <seriesid>79216</seriesid>
</Episode>
<Episode>
  <id>2454901</id>
  <Combined_episodenumber>19.0</Combined_episodenumber>
  <Combined_season>0</Combined_season>
  <DVD_chapter></DVD_chapter>
  <DVD_discid></DVD_discid>
  <DVD_episodenumber>19.0</DVD_episodenumber>
  <DVD_season></DVD_season>
  <Director></Director>
  <EpImgFlag></EpImgFlag>
  <EpisodeName>Season 4 Promo #2</EpisodeName>
  <EpisodeNumber>2</EpisodeNumber>
  <FirstAired></FirstAired>
  <GuestStars></GuestStars>
  <IMDB_ID></IMDB_ID>
  <Language>en</Language>
  <Overview></Overview>
  <ProductionCode></ProductionCode>
  <Rating></Rating>
  <RatingCount>0</RatingCount>
  <SeasonNumber>0</SeasonNumber>
  <Writer></Writer>
  <absolute_number></absolute_number>
  <airsafter_season></airsafter_season>
  <airsbefore_episode></airsbefore_episode>
  <airsbefore_season></airsbefore_season>
  <filename></filename>
  <lastupdated>1294327993</lastupdated>
  <seasonid>26660</seasonid>
  <seriesid>79216</seriesid>
</Episode>
<Episode>
  <id>2454911</id>
  <Combined_episodenumber>20.0</Combined_episodenumber>
  <Combined_season>0</Combined_season>
  <DVD_chapter></DVD_chapter>
  <DVD_discid></DVD_discid>
  <DVD_episodenumber>20.0</DVD_episodenumber>
  <DVD_season></DVD_season>
  <Director></Director>
  <EpImgFlag></EpImgFlag>
  <EpisodeName>Season 4 Promo #3</EpisodeName>
  <EpisodeNumber>3</EpisodeNumber>
  <FirstAired></FirstAired>
  <GuestStars></GuestStars>
  <IMDB_ID></IMDB_ID>
  <Language>en</Language>
  <Overview></Overview>
  <ProductionCode></ProductionCode>
  <Rating></Rating>
  <RatingCount>0</RatingCount>
  <SeasonNumber>0</SeasonNumber>
  <Writer></Writer>
  <absolute_number></absolute_number>
  <airsafter_season></airsafter_season>
  <airsbefore_episode></airsbefore_episode>
  <airsbefore_season></airsbefore_season>
  <filename></filename>
  <lastupdated>1294327976</lastupdated>
  <seasonid>26660</seasonid>
  <seriesid>79216</seriesid>
</Episode>
<Episode>
  <id>305884</id>
  <Combined_episodenumber>1.0</Combined_episodenumber>
  <Combined_season>1</Combined_season>
  <DVD_chapter></DVD_chapter>
  <DVD_discid></DVD_discid>
  <DVD_episodenumber>1.0</DVD_episodenumber>
  <DVD_season>1</DVD_season>
  <Director>Graham Linehan</Director>
  <EpImgFlag></EpImgFlag>
  <EpisodeName>Yesterday's Jam</EpisodeName>
  <EpisodeNumber>1</EpisodeNumber>
  <FirstAired>2006-02-03</FirstAired>
  <GuestStars>|John Willie Hopkins|Pete Deagle|Nancy Lodder|Laura Pyper|</GuestStars>
  <IMDB_ID>tt0609853</IMDB_ID>
  <Language>en</Language>
  <Overview>Jen is hired as the manager Reynholm Industries although she doesn't know the first thing about computers.</Overview>
  <ProductionCode></ProductionCode>
  <Rating>7.6</Rating>
  <RatingCount>142</RatingCount>
  <SeasonNumber>1</SeasonNumber>
  <Writer>Graham Linehan</Writer>
  <absolute_number>1</absolute_number>
  <filename>episodes/79216/305884.jpg</filename>
  <lastupdated>1342746638</lastupdated>
  <seasonid>16204</seasonid>
  <seriesid>79216</seriesid>
</Episode>
<Episode>
  <id>305885</id>
  <Combined_episodenumber>2.0</Combined_episodenumber>
  <Combined_season>1</Combined_season>
  <DVD_chapter></DVD_chapter>
  <DVD_discid></DVD_discid>
  <DVD_episodenumber>2.0</DVD_episodenumber>
  <DVD_season>1</DVD_season>
  <Director>Graham Linehan</Director>
  <EpImgFlag></EpImgFlag>
  <EpisodeName>Calamity Jen</EpisodeName>
  <EpisodeNumber>2</EpisodeNumber>
  <FirstAired>2006-02-03</FirstAired>
  <GuestStars>|Rachel Bavidge|Togo Igawa|Toby Longworth|Pamela Lyne|Katie Males|Takatsuna Mukai|Sarah Paul|Richard Pettyfer|Danny Wallace|Wendy Wason|</GuestStars>
  <IMDB_ID>tt0609850</IMDB_ID>
  <Language>en</Language>
  <Overview>Denholm declares war on stress and threatens to fire anyone who is under stress by the end of the day. Will the team hold it together by the end of the day so no one gets fired?</Overview>
  <ProductionCode></ProductionCode>
  <Rating>7.5</Rating>
  <RatingCount>115</RatingCount>
  <SeasonNumber>1</SeasonNumber>
  <Writer>Graham Linehan</Writer>
  <absolute_number>2</absolute_number>
  <filename>episodes/79216/305885.jpg</filename>
  <lastupdated>1342956397</lastupdated>
  <seasonid>16204</seasonid>
  <seriesid>79216</seriesid>
</Episode>
<Episode>
  <id>305886</id>
  <Combined_episodenumber>3.0</Combined_episodenumber>
  <Combined_season>1</Combined_season>
  <DVD_chapter></DVD_chapter>
  <DVD_discid></DVD_discid>
  <DVD_episodenumber>3.0</DVD_episodenumber>
  <DVD_season>1</DVD_season>
  <Director>Graham Linehan</Director>
  <EpImgFlag></EpImgFlag>
  <EpisodeName>Fifty-Fifty</EpisodeName>
  <EpisodeNumber>3</EpisodeNumber>
  <FirstAired>2006-02-10</FirstAired>
  <GuestStars>|Bennet Thorpe|Oliver Chris|Carsten Hayes|Alice Lowe|Chris Tarrant|Hannah Bourne|</GuestStars>
  <IMDB_ID>tt0609849</IMDB_ID>
  <Language>en</Language>
  <Overview>Love is in the air with the IT Crowd! Roy has a wonderful date, only to learn that he had something nasty on his forehead the whole time. Jen fancies the security guard and tries to impress him by guessing the answers to questions on classical music. Roy's decides that women only like bastards. Jen disagrees, so to settle the argument, Roy puts a fake profile up on an online dating site. Roy and Moss create a horrible online profile, only it works a little too well.</Overview>
  <ProductionCode></ProductionCode>
  <Rating>7.3</Rating>
  <RatingCount>93</RatingCount>
  <SeasonNumber>1</SeasonNumber>
  <Writer>Graham Linehan</Writer>
  <absolute_number>3</absolute_number>
  <filename>episodes/79216/305886.jpg</filename>
  <lastupdated>1342956382</lastupdated>
  <seasonid>16204</seasonid>
  <seriesid>79216</seriesid>
</Episode>
<Episode>
  <id>305887</id>
  <Combined_episodenumber>4.0</Combined_episodenumber>
  <Combined_season>1</Combined_season>
  <DVD_chapter></DVD_chapter>
  <DVD_discid></DVD_discid>
  <DVD_episodenumber>4.0</DVD_episodenumber>
  <DVD_season>1</DVD_season>
  <Director>Graham Linehan</Director>
  <EpImgFlag></EpImgFlag>
  <EpisodeName>The Red Door</EpisodeName>
  <EpisodeNumber>4</EpisodeNumber>
  <FirstAired>2006-02-17</FirstAired>
  <GuestStars>|Noel Fielding|Cordella Bugeja|Susannah Wise|</GuestStars>
  <IMDB_ID>tt0609852</IMDB_ID>
  <Language>en</Language>
  <Overview>Moss learns that his new mug with his name on it has gone missing. Roy refuses to allow Jen to see what's behind the &quot;red door&quot; for fear that Jen will upset the delicate eco-balance of the office. But Roy and Moss go on an IT call, leaving the Red Door unguarded.</Overview>
  <ProductionCode></ProductionCode>
  <Rating>7.4</Rating>
  <RatingCount>87</RatingCount>
  <SeasonNumber>1</SeasonNumber>
  <Writer>Graham Linehan</Writer>
  <absolute_number>4</absolute_number>
  <filename>episodes/79216/305887.jpg</filename>
  <lastupdated>1342053042</lastupdated>
  <seasonid>16204</seasonid>
  <seriesid>79216</seriesid>
</Episode>
<Episode>
  <id>305888</id>
  <Combined_episodenumber>5.0</Combined_episodenumber>
  <Combined_season>1</Combined_season>
  <DVD_chapter></DVD_chapter>
  <DVD_discid></DVD_discid>
  <DVD_episodenumber>5.0</DVD_episodenumber>
  <DVD_season>1</DVD_season>
  <Director>Graham Linehan</Director>
  <EpImgFlag></EpImgFlag>
  <EpisodeName>The Haunting of Bill Crouse</EpisodeName>
  <EpisodeNumber>5</EpisodeNumber>
  <FirstAired>2006-02-24</FirstAired>
  <GuestStars>|Charlotte Weston|Bennet Thorpe|Nancy Lodder|Nathan Harmer|Lucy Liemann|Jack Whitam|David Garfield|Adam Buxton|Pete Deagle|Cheryl Fergison|Jim Alexander|</GuestStars>
  <IMDB_ID>tt0609851</IMDB_ID>
  <Language>en</Language>
  <Overview>Jen has a date with Bill Crouse, and finds him really offensive. To help Jen avoid contact with Bill, Moss resorts to extreme lying which leads everyone to believe that Jen is dead! Meanwhile, Roy finds himself trying to escape the attentions of one of the &quot;beautiful people&quot; on the 5th floor.</Overview>
  <ProductionCode></ProductionCode>
  <Rating>7.4</Rating>
  <RatingCount>83</RatingCount>
  <SeasonNumber>1</SeasonNumber>
  <Writer>Graham Linehan</Writer>
  <absolute_number>5</absolute_number>
  <filename>episodes/79216/305888.jpg</filename>
  <lastupdated>1342956367</lastupdated>
  <seasonid>16204</seasonid>
  <seriesid>79216</seriesid>
</Episode>
<Episode>
  <id>305889</id>
  <Combined_episodenumber>6.0</Combined_episodenumber>
  <Combined_season>1</Combined_season>
  <DVD_chapter></DVD_chapter>
  <DVD_discid></DVD_discid>
  <DVD_episodenumber>6.0</DVD_episodenumber>
  <DVD_season>1</DVD_season>
  <Director>Graham Linehan</Director>
  <EpImgFlag></EpImgFlag>
  <EpisodeName>Aunt Irma Visits</EpisodeName>
  <EpisodeNumber>6</EpisodeNumber>
  <FirstAired>2006-03-03</FirstAired>
  <GuestStars>|Noel Fielding|Frances Barber|Peter Serafinowicz|</GuestStars>
  <IMDB_ID>tt0609848</IMDB_ID>
  <Language>en</Language>
  <Overview>Jen explains to Roy and Moss that her &quot;Aunt Irma&quot; is visiting. When they don't understand, she explains that she has very powerful mood swings around a certain time every month, which leads to Roy and Moss displaying the same symptoms. Project Iccarus is finished and all of the teams assemble before Denholm as he thanks everyone even remotely associated with the project - except for the IT Crowd. To retaliate in being left out of the the &quot;thank you's,&quot; the IT Crowd decide to sabotage the celebration party only to find themselves enjoying in the festivities and to the bizarre conclusion the morning after. Will everyone be able to work together again?</Overview>
  <ProductionCode></ProductionCode>
  <Rating>7.8</Rating>
  <RatingCount>72</RatingCount>
  <SeasonNumber>1</SeasonNumber>
  <Writer>Graham Linehan</Writer>
  <absolute_number>6</absolute_number>
  <filename>episodes/79216/305889.jpg</filename>
  <lastupdated>1342956355</lastupdated>
  <seasonid>16204</seasonid>
  <seriesid>79216</seriesid>
</Episode>
<Episode>
  <id>334140</id>
  <Combined_episodenumber>1.0</Combined_episodenumber>
  <Combined_season>2</Combined_season>
  <DVD_chapter></DVD_chapter>
  <DVD_discid></DVD_discid>
  <DVD_episodenumber>1.0</DVD_episodenumber>
  <DVD_season>2</DVD_season>
  <Director>Graham Linehan</Director>
  <EpImgFlag>2</EpImgFlag>
  <EpisodeName>The Work Outing</EpisodeName>
  <EpisodeNumber>1</EpisodeNumber>
  <FirstAired>2007-08-24</FirstAired>
  <GuestStars>|Jamie Michie|Ash Atalla|Nicholas Burns|Brett Allen|</GuestStars>
  <IMDB_ID>tt0849997</IMDB_ID>
  <Language>en</Language>
  <Overview>Dashing Philip drops in from the sixth floor to ask Jen to the theatre, but a possible date turns into a work outing when Moss and Roy also get invites. The evening predictably spirals towards disaster, leaving Jen to wonder whether Philip is who he claims to be.</Overview>
  <ProductionCode></ProductionCode>
  <Rating>8.0</Rating>
  <RatingCount>83</RatingCount>
  <SeasonNumber>2</SeasonNumber>
  <Writer>Graham Linehan</Writer>
  <absolute_number>7</absolute_number>
  <filename>episodes/79216/334140.jpg</filename>
  <lastupdated>1333921016</lastupdated>
  <seasonid>28282</seasonid>
  <seriesid>79216</seriesid>
</Episode>
<Episode>
  <id>334669</id>
  <Combined_episodenumber>2.0</Combined_episodenumber>
  <Combined_season>2</Combined_season>
  <DVD_chapter></DVD_chapter>
  <DVD_discid></DVD_discid>
  <DVD_episodenumber>2.0</DVD_episodenumber>
  <DVD_season>2</DVD_season>
  <Director>Graham Linehan</Director>
  <EpImgFlag>2</EpImgFlag>
  <EpisodeName>Return of the Golden Child</EpisodeName>
  <EpisodeNumber>2</EpisodeNumber>
  <FirstAired>2007-08-31</FirstAired>
  <GuestStars>|Noel Fielding|Chris Morris|Matt Berry|Belinda Stewart-Wilson|Charlotte Weston|Silas Carson|</GuestStars>
  <IMDB_ID>tt1094436</IMDB_ID>
  <Language>en</Language>
  <Overview>Denholm is informed of a police presence at the office, causing him to commit suicide. Roy asks Moss to &quot;pimp&quot; the vibrate setting on his mobile phone because it is so weak, and then is mortified to find an internet site that predicts his date of death to be 3pm on the date of Denholm's funeral. Despite reassurances from Moss and Jen, he cannot help but worry. Denholm's successor then reveals he despises the IT department and would love to see them fired. At the funeral, Roy causes a scene as his mobile phone vibrates heavily, believing he is dying. Denolm's successor threatens to fire Moss, Roy and Jen, but Denholm's estranged son and natural successor to Reynholm Industries, Douglas (Played by Matt Berry), bursts into the funeral and takes over the company. It turns out that he loves the IT department, and their jobs are saved. Jen takes up smoking again after watching Denholm advertise them on his funeral video.</Overview>
  <ProductionCode></ProductionCode>
  <Rating>7.4</Rating>
  <RatingCount>70</RatingCount>
  <SeasonNumber>2</SeasonNumber>
  <Writer>Graham Linehan</Writer>
  <absolute_number>8</absolute_number>
  <filename>episodes/79216/334669.jpg</filename>
  <lastupdated>1342956491</lastupdated>
  <seasonid>28282</seasonid>
  <seriesid>79216</seriesid>
</Episode>
<Episode>
  <id>335079</id>
  <Combined_episodenumber>3.0</Combined_episodenumber>
  <Combined_season>2</Combined_season>
  <DVD_chapter></DVD_chapter>
  <DVD_discid></DVD_discid>
  <DVD_episodenumber>3.0</DVD_episodenumber>
  <DVD_season>2</DVD_season>
  <Director>Graham Linehan</Director>
  <EpImgFlag>2</EpImgFlag>
  <EpisodeName>Moss and the German</EpisodeName>
  <EpisodeNumber>3</EpisodeNumber>
  <FirstAired>2007-09-07</FirstAired>
  <GuestStars>|Andrew Brooke|Philip Rham|Richard Cambridge|Gerald Lepkowski|James Bachman|</GuestStars>
  <IMDB_ID>tt1095845</IMDB_ID>
  <Language>en</Language>
  <Overview>Worried that his life is stagnating, Moss enrols on a German cookery course. Jen discovers that the only place in the building where she can now enjoy a cigarette is a smoking area not unlike Soviet Russia.</Overview>
  <ProductionCode></ProductionCode>
  <Rating>7.6</Rating>
  <RatingCount>70</RatingCount>
  <SeasonNumber>2</SeasonNumber>
  <Writer>Graham Linehan</Writer>
  <absolute_number>9</absolute_number>
  <filename>episodes/79216/335079.jpg</filename>
  <lastupdated>1342956545</lastupdated>
  <seasonid>28282</seasonid>
  <seriesid>79216</seriesid>
</Episode>
<Episode>
  <id>335542</id>
  <Combined_episodenumber>4.0</Combined_episodenumber>
  <Combined_season>2</Combined_season>
  <DVD_chapter></DVD_chapter>
  <DVD_discid></DVD_discid>
  <DVD_episodenumber>4.0</DVD_episodenumber>
  <DVD_season>2</DVD_season>
  <Director>Graham Linehan</Director>
  <EpImgFlag></EpImgFlag>
  <EpisodeName>The Dinner Party</EpisodeName>
  <EpisodeNumber>4</EpisodeNumber>
  <FirstAired>2007-09-14</FirstAired>
  <GuestStars>|Sarah Hadland|Orla Hannon|Orlando Seale|Catherine Shepherd|Dolly Wells|</GuestStars>
  <IMDB_ID>tt1106046</IMDB_ID>
  <Language>en</Language>
  <Overview>Jen has found love, and is giving a dinner party with her new boyfriend to six of their single friends. But when the three male invitees drop out at the last moment, Jen is forced to call upon Moss, Roy and Richmond.</Overview>
  <ProductionCode></ProductionCode>
  <Rating>7.8</Rating>
  <RatingCount>69</RatingCount>
  <SeasonNumber>2</SeasonNumber>
  <Writer>Graham Linehan</Writer>
  <absolute_number>10</absolute_number>
  <filename>episodes/79216/335542.jpg</filename>
  <lastupdated>1333921085</lastupdated>
  <seasonid>28282</seasonid>
  <seriesid>79216</seriesid>
</Episode>
<Episode>
  <id>335695</id>
  <Combined_episodenumber>5.0</Combined_episodenumber>
  <Combined_season>2</Combined_season>
  <DVD_chapter></DVD_chapter>
  <DVD_discid></DVD_discid>
  <DVD_episodenumber>5.0</DVD_episodenumber>
  <DVD_season>2</DVD_season>
  <Director>Graham Linehan</Director>
  <EpImgFlag></EpImgFlag>
  <EpisodeName>Smoke and Mirrors</EpisodeName>
  <EpisodeNumber>5</EpisodeNumber>
  <FirstAired>2007-09-21</FirstAired>
  <GuestStars>|Richard Attlee|Cordelia Bugeja|Amelia Bullmore|Gemma Cousins|Adam Farr|</GuestStars>
  <IMDB_ID>tt1111175</IMDB_ID>
  <Language>en</Language>
  <Overview>When Jen loses concentration during a board meeting due to a faulty bra, Moss overcomes his fear of ladies' underwear and plots a way out of Reynholm Industries by inventing a flawless bra.</Overview>
  <ProductionCode></ProductionCode>
  <Rating>7.6</Rating>
  <RatingCount>65</RatingCount>
  <SeasonNumber>2</SeasonNumber>
  <Writer>Graham Linehan</Writer>
  <absolute_number>11</absolute_number>
  <filename>episodes/79216/335695.jpg</filename>
  <lastupdated>1333921117</lastupdated>
  <seasonid>28282</seasonid>
  <seriesid>79216</seriesid>
</Episode>
<Episode>
  <id>336041</id>
  <Combined_episodenumber>6.0</Combined_episodenumber>
  <Combined_season>2</Combined_season>
  <DVD_chapter></DVD_chapter>
  <DVD_discid></DVD_discid>
  <DVD_episodenumber>6.0</DVD_episodenumber>
  <DVD_season>2</DVD_season>
  <Director>Graham Linehan</Director>
  <EpImgFlag></EpImgFlag>
  <EpisodeName>Men Without Women</EpisodeName>
  <EpisodeNumber>6</EpisodeNumber>
  <FirstAired>2007-09-28</FirstAired>
  <GuestStars>Graham Linehan</GuestStars>
  <IMDB_ID>tt1111176</IMDB_ID>
  <Language>en</Language>
  <Overview>Douglas hires Jen as his new PA, which gives Moss and Roy free reign in the office.</Overview>
  <ProductionCode></ProductionCode>
  <Rating>7.7</Rating>
  <RatingCount>64</RatingCount>
  <SeasonNumber>2</SeasonNumber>
  <Writer>Graham Linehan</Writer>
  <absolute_number>12</absolute_number>
  <filename>episodes/79216/336041.jpg</filename>
  <lastupdated>1333921139</lastupdated>
  <seasonid>28282</seasonid>
  <seriesid>79216</seriesid>
</Episode>
<Episode>
  <id>406959</id>
  <Combined_episodenumber>1.0</Combined_episodenumber>
  <Combined_season>3</Combined_season>
  <DVD_chapter></DVD_chapter>
  <DVD_discid></DVD_discid>
  <DVD_episodenumber>1.0</DVD_episodenumber>
  <DVD_season>3</DVD_season>
  <Director>Graham Linehan</Director>
  <EpImgFlag>2</EpImgFlag>
  <EpisodeName>From Hell</EpisodeName>
  <EpisodeNumber>1</EpisodeNumber>
  <FirstAired>2008-11-21</FirstAired>
  <GuestStars>Jonathan Ryland</GuestStars>
  <IMDB_ID>tt1321272</IMDB_ID>
  <Language>en</Language>
  <Overview>Jen has to handle a difficult builder and Roy loses £20, while Moss learns how to stand up for himself against a bunch of ruffians.</Overview>
  <ProductionCode></ProductionCode>
  <Rating>7.3</Rating>
  <RatingCount>68</RatingCount>
  <SeasonNumber>3</SeasonNumber>
  <Writer>Graham Linehan</Writer>
  <absolute_number>13</absolute_number>
  <filename>episodes/79216/406959.jpg</filename>
  <lastupdated>1360496720</lastupdated>
  <seasonid>37253</seasonid>
  <seriesid>79216</seriesid>
</Episode>
<Episode>
  <id>407746</id>
  <Combined_episodenumber>2.0</Combined_episodenumber>
  <Combined_season>3</Combined_season>
  <DVD_chapter></DVD_chapter>
  <DVD_discid></DVD_discid>
  <DVD_episodenumber>2.0</DVD_episodenumber>
  <DVD_season>3</DVD_season>
  <Director>Graham Linehan</Director>
  <EpImgFlag>2</EpImgFlag>
  <EpisodeName>Are We Not Men?</EpisodeName>
  <EpisodeNumber>2</EpisodeNumber>
  <FirstAired>2008-11-28</FirstAired>
  <GuestStars></GuestStars>
  <IMDB_ID>tt1320784</IMDB_ID>
  <Language>en</Language>
  <Overview>Roy and Moss become involved on a new football website. Jen dates a man who resembles a magician.</Overview>
  <ProductionCode></ProductionCode>
  <Rating>7.8</Rating>
  <RatingCount>65</RatingCount>
  <SeasonNumber>3</SeasonNumber>
  <Writer>Graham Linehan</Writer>
  <absolute_number>14</absolute_number>
  <filename>episodes/79216/407746.jpg</filename>
  <lastupdated>1360496994</lastupdated>
  <seasonid>37253</seasonid>
  <seriesid>79216</seriesid>
</Episode>
<Episode>
  <id>410469</id>
  <Combined_episodenumber>3.0</Combined_episodenumber>
  <Combined_season>3</Combined_season>
  <DVD_chapter></DVD_chapter>
  <DVD_discid></DVD_discid>
  <DVD_episodenumber>3.0</DVD_episodenumber>
  <DVD_season>3</DVD_season>
  <Director>Graham Linehan</Director>
  <EpImgFlag>2</EpImgFlag>
  <EpisodeName>Tramps Like Us</EpisodeName>
  <EpisodeNumber>3</EpisodeNumber>
  <FirstAired>2008-12-05</FirstAired>
  <GuestStars></GuestStars>
  <IMDB_ID>tt1320785</IMDB_ID>
  <Language>en</Language>
  <Overview>When a sexual harrassment case ends wrongly - Roy turns to the streets, Moss gets a bump on the head, and Jen is looking for something new to do.</Overview>
  <ProductionCode></ProductionCode>
  <Rating>7.6</Rating>
  <RatingCount>68</RatingCount>
  <SeasonNumber>3</SeasonNumber>
  <Writer>Graham Linehan</Writer>
  <absolute_number>15</absolute_number>
  <filename>episodes/79216/410469.jpg</filename>
  <lastupdated>1360497297</lastupdated>
  <seasonid>37253</seasonid>
  <seriesid>79216</seriesid>
</Episode>
<Episode>
  <id>410470</id>
  <Combined_episodenumber>4.0</Combined_episodenumber>
  <Combined_season>3</Combined_season>
  <DVD_chapter></DVD_chapter>
  <DVD_discid></DVD_discid>
  <DVD_episodenumber>4.0</DVD_episodenumber>
  <DVD_season>3</DVD_season>
  <Director>Graham Linehan</Director>
  <EpImgFlag>2</EpImgFlag>
  <EpisodeName>The Speech</EpisodeName>
  <EpisodeNumber>4</EpisodeNumber>
  <FirstAired>2008-12-12</FirstAired>
  <GuestStars>Lucy Montgomery</GuestStars>
  <IMDB_ID>tt1320786</IMDB_ID>
  <Language>en</Language>
  <Overview>Jen makes enemies of Roy and Moss after trying to assert herself more after being named as Employee of the Month. Douglas discovers that the woman who he loves is not quite as she seems.</Overview>
  <ProductionCode></ProductionCode>
  <Rating>8.2</Rating>
  <RatingCount>65</RatingCount>
  <SeasonNumber>3</SeasonNumber>
  <Writer>Graham Linehan</Writer>
  <absolute_number>16</absolute_number>
  <filename>episodes/79216/410470.jpg</filename>
  <lastupdated>1360497832</lastupdated>
  <seasonid>37253</seasonid>
  <seriesid>79216</seriesid>
</Episode>
<Episode>
  <id>416381</id>
  <Combined_episodenumber>5.0</Combined_episodenumber>
  <Combined_season>3</Combined_season>
  <DVD_chapter></DVD_chapter>
  <DVD_discid></DVD_discid>
  <DVD_episodenumber>5.0</DVD_episodenumber>
  <DVD_season>3</DVD_season>
  <Director>Graham Linehan</Director>
  <EpImgFlag>2</EpImgFlag>
  <EpisodeName>Friendface</EpisodeName>
  <EpisodeNumber>5</EpisodeNumber>
  <FirstAired>2008-12-19</FirstAired>
  <GuestStars></GuestStars>
  <IMDB_ID>tt1320787</IMDB_ID>
  <Language>en</Language>
  <Overview>The boys are introduced to a social networking website by Jen.</Overview>
  <ProductionCode></ProductionCode>
  <Rating>7.7</Rating>
  <RatingCount>69</RatingCount>
  <SeasonNumber>3</SeasonNumber>
  <Writer>Graham Linehan</Writer>
  <absolute_number>17</absolute_number>
  <filename>episodes/79216/416381.jpg</filename>
  <lastupdated>1360498170</lastupdated>
  <seasonid>37253</seasonid>
  <seriesid>79216</seriesid>
</Episode>
<Episode>
  <id>416679</id>
  <Combined_episodenumber>6.0</Combined_episodenumber>
  <Combined_season>3</Combined_season>
  <DVD_chapter></DVD_chapter>
  <DVD_discid></DVD_discid>
  <DVD_episodenumber>6.0</DVD_episodenumber>
  <DVD_season>3</DVD_season>
  <Director>Graham Linehan</Director>
  <EpImgFlag>2</EpImgFlag>
  <EpisodeName>Calendar Geeks</EpisodeName>
  <EpisodeNumber>6</EpisodeNumber>
  <FirstAired>2008-12-26</FirstAired>
  <GuestStars></GuestStars>
  <IMDB_ID>tt1320788</IMDB_ID>
  <Language>en</Language>
  <Overview>The company announces that it is going to have its first raunchy nude calendar.</Overview>
  <ProductionCode></ProductionCode>
  <Rating>7.6</Rating>
  <RatingCount>67</RatingCount>
  <SeasonNumber>3</SeasonNumber>
  <Writer>Graham Linehan</Writer>
  <absolute_number>18</absolute_number>
  <filename>episodes/79216/416679.jpg</filename>
  <lastupdated>1360498292</lastupdated>
  <seasonid>37253</seasonid>
  <seriesid>79216</seriesid>
</Episode>
<Episode>
  <id>1096201</id>
  <Combined_episodenumber>1.0</Combined_episodenumber>
  <Combined_season>4</Combined_season>
  <DVD_chapter></DVD_chapter>
  <DVD_discid></DVD_discid>
  <DVD_episodenumber>1.0</DVD_episodenumber>
  <DVD_season>4</DVD_season>
  <Director>Graham Linehan</Director>
  <EpImgFlag>2</EpImgFlag>
  <EpisodeName>Jen the Fredo</EpisodeName>
  <EpisodeNumber>1</EpisodeNumber>
  <FirstAired>2010-06-25</FirstAired>
  <GuestStars></GuestStars>
  <IMDB_ID>tt1650327</IMDB_ID>
  <Language>en</Language>
  <Overview>Jen decides she wants to stretch herself more at work and applies for the post of Entertainment Manager. After she discovers that her boss's business connections have a dark side, she turns to Moss and Roy for help.</Overview>
  <ProductionCode></ProductionCode>
  <Rating>7.7</Rating>
  <RatingCount>104</RatingCount>
  <SeasonNumber>4</SeasonNumber>
  <Writer>Graham Linehan</Writer>
  <absolute_number>19</absolute_number>
  <filename>episodes/79216/1096201.jpg</filename>
  <lastupdated>1360498783</lastupdated>
  <seasonid>120491</seasonid>
  <seriesid>79216</seriesid>
</Episode>
<Episode>
  <id>2349181</id>
  <Combined_episodenumber>2.0</Combined_episodenumber>
  <Combined_season>4</Combined_season>
  <DVD_chapter></DVD_chapter>
  <DVD_discid></DVD_discid>
  <DVD_episodenumber>2.0</DVD_episodenumber>
  <DVD_season>4</DVD_season>
  <Director>Graham Linehan</Director>
  <EpImgFlag>2</EpImgFlag>
  <EpisodeName>The Final Countdown</EpisodeName>
  <EpisodeNumber>2</EpisodeNumber>
  <FirstAired>2010-07-02</FirstAired>
  <GuestStars></GuestStars>
  <IMDB_ID>tt1676563</IMDB_ID>
  <Language>en</Language>
  <Overview>Moss becomes a celebrity after he beats all the records on a popular puzzle show. Roy is mistaken for a window cleaner. Jen finds herself pre-occupied with Douglas' secret meetings.</Overview>
  <ProductionCode></ProductionCode>
  <Rating>7.9</Rating>
  <RatingCount>99</RatingCount>
  <SeasonNumber>4</SeasonNumber>
  <Writer>Graham Linehan</Writer>
  <absolute_number>20</absolute_number>
  <filename>episodes/79216/2349181.jpg</filename>
  <lastupdated>1360501195</lastupdated>
  <seasonid>120491</seasonid>
  <seriesid>79216</seriesid>
</Episode>
<Episode>
  <id>2421291</id>
  <Combined_episodenumber>3.0</Combined_episodenumber>
  <Combined_season>4</Combined_season>
  <DVD_chapter></DVD_chapter>
  <DVD_discid></DVD_discid>
  <DVD_episodenumber>3.0</DVD_episodenumber>
  <DVD_season>4</DVD_season>
  <Director>Graham Linehan</Director>
  <EpImgFlag>2</EpImgFlag>
  <EpisodeName>Something Happened</EpisodeName>
  <EpisodeNumber>3</EpisodeNumber>
  <FirstAired>2010-07-09</FirstAired>
  <GuestStars></GuestStars>
  <IMDB_ID>tt1676559</IMDB_ID>
  <Language>en</Language>
  <Overview>Douglas finds himself becoming a Spaceologist. Some bad luck changes Roy's life. Jen ends up getting involved with a rock band.</Overview>
  <ProductionCode></ProductionCode>
  <Rating>7.5</Rating>
  <RatingCount>104</RatingCount>
  <SeasonNumber>4</SeasonNumber>
  <Writer>Graham Linehan</Writer>
  <absolute_number>21</absolute_number>
  <filename>episodes/79216/2421291.jpg</filename>
  <lastupdated>1360501383</lastupdated>
  <seasonid>120491</seasonid>
  <seriesid>79216</seriesid>
</Episode>
<Episode>
  <id>2452061</id>
  <Combined_episodenumber>4.0</Combined_episodenumber>
  <Combined_season>4</Combined_season>
  <DVD_chapter></DVD_chapter>
  <DVD_discid></DVD_discid>
  <DVD_episodenumber>4.0</DVD_episodenumber>
  <DVD_season>4</DVD_season>
  <Director>Graham Linehan</Director>
  <EpImgFlag>2</EpImgFlag>
  <EpisodeName>Italian for Beginners</EpisodeName>
  <EpisodeNumber>4</EpisodeNumber>
  <FirstAired>2010-07-16</FirstAired>
  <GuestStars></GuestStars>
  <IMDB_ID>tt1676560</IMDB_ID>
  <Language>en</Language>
  <Overview>Roy gets obsessed by his latest girlfriend's sad family history, while Jen tells an absolute whopper to get some attention.</Overview>
  <ProductionCode></ProductionCode>
  <Rating>7.9</Rating>
  <RatingCount>102</RatingCount>
  <SeasonNumber>4</SeasonNumber>
  <Writer>Graham Linehan</Writer>
  <absolute_number>22</absolute_number>
  <filename>episodes/79216/2452061.jpg</filename>
  <lastupdated>1360501603</lastupdated>
  <seasonid>120491</seasonid>
  <seriesid>79216</seriesid>
</Episode>
<Episode>
  <id>2484611</id>
  <Combined_episodenumber>5.0</Combined_episodenumber>
  <Combined_season>4</Combined_season>
  <DVD_chapter></DVD_chapter>
  <DVD_discid></DVD_discid>
  <DVD_episodenumber>5.0</DVD_episodenumber>
  <DVD_season>4</DVD_season>
  <Director>Graham Linehan</Director>
  <EpImgFlag>2</EpImgFlag>
  <EpisodeName>Bad Boys</EpisodeName>
  <EpisodeNumber>5</EpisodeNumber>
  <FirstAired>2010-07-23</FirstAired>
  <GuestStars></GuestStars>
  <IMDB_ID>tt1676561</IMDB_ID>
  <Language>en</Language>
  <Overview>Roy and Moss opt to try a new lifestyle which they soon realize was probably a bad idea when they dodge work.</Overview>
  <ProductionCode></ProductionCode>
  <Rating>7.7</Rating>
  <RatingCount>102</RatingCount>
  <SeasonNumber>4</SeasonNumber>
  <Writer>Graham Linehan</Writer>
  <absolute_number>23</absolute_number>
  <filename>episodes/79216/2484611.jpg</filename>
  <lastupdated>1360501719</lastupdated>
  <seasonid>120491</seasonid>
  <seriesid>79216</seriesid>
</Episode>
<Episode>
  <id>2503961</id>
  <Combined_episodenumber>6.0</Combined_episodenumber>
  <Combined_season>4</Combined_season>
  <DVD_chapter></DVD_chapter>
  <DVD_discid></DVD_discid>
  <DVD_episodenumber>6.0</DVD_episodenumber>
  <DVD_season>4</DVD_season>
  <Director>Graham Linehan</Director>
  <EpImgFlag>2</EpImgFlag>
  <EpisodeName>Reynholm vs. Reynholm</EpisodeName>
  <EpisodeNumber>6</EpisodeNumber>
  <FirstAired>2010-07-30</FirstAired>
  <GuestStars></GuestStars>
  <IMDB_ID>tt1676562</IMDB_ID>
  <Language>en</Language>
  <Overview>Douglas discovers that marriage agrees with him for all of a fortnight. He then finds himself in court defending himself with Jen, Roy and Moss' help.</Overview>
  <ProductionCode></ProductionCode>
  <Rating>7.3</Rating>
  <RatingCount>86</RatingCount>
  <SeasonNumber>4</SeasonNumber>
  <Writer>Graham Linehan</Writer>
  <absolute_number>24</absolute_number>
  <filename>episodes/79216/2503961.jpg</filename>
  <lastupdated>1360501975</lastupdated>
  <seasonid>120491</seasonid>
  <seriesid>79216</seriesid>
</Episode>
</Data>